{
  "type": "FeatureCollection",
  "features": [
    {
      "type": "Feature",
      "geometry": {
        "type": "Point",
        "coordinates": [
          126.4648934,
          37.439413
        ]
      },
      "properties": {
        "name": "주변전소B",
        "power": "substation"
      }
    },
    {
      "type": "Feature",
      "geometry": {
        "type": "Point",
        "coordinates": [
          126.4654306,
          37.4608955
        ]
      },
      "properties": {
        "name": "화물배전변전소",
        "power": "substation"
      }
    },
    {
      "type": "Feature",
      "geometry": {
        "type": "Point",
        "coordinates": [
          127.0643924,
          37.5471772
        ]
      },
      "properties": {
        "name": "성수변전소",
        "name:en": "Seongsu Substation",
        "name:ko": "성수변전소",
        "operator": "서울교통공사",
        "power": "substation",
        "substation": "industrial"
      }
    },
    {
      "type": "Feature",
      "geometry": {
        "type": "Point",
        "coordinates": [
          127.0844515,
          37.5667664
        ]
      },
      "properties": {
        "building": "yes",
        "frequency": "60",
        "name": "화양변전소",
        "name:en": "Hwayang Substation",
        "name:ko": "화양변전소",
        "operator": "한국전력공사",
        "operator:en": "Korea Electric Power Corporation",
        "operator:ko": "한국전력공사",
        "operator:short": "KEPCO",
        "operator:wikidata": "Q486737",
        "power": "substation",
        "substation": "distribution",
        "voltage": "154000"
      }
    },
    {
      "type": "Feature",
      "geometry": {
        "type": "Point",
        "coordinates": [
          127.0956959,
          37.5358559
        ]
      },
      "properties": {
        "building": "yes",
        "building:levels:underground": "4",
        "frequency": "60",
        "name": "구의변전소",
        "name:en": "Guui Substation",
        "name:ko": "구의변전소",
        "operator": "한국전력공사",
        "operator:en": "Korea Electric Power Corporation",
        "operator:ko": "한국전력공사",
        "operator:short": "KEPCO",
        "operator:wikidata": "Q486737",
        "power": "substation",
        "substation": "distribution",
        "voltage": "154000"
      }
    },
    {
      "type": "Feature",
      "geometry": {
        "type": "Point",
        "coordinates": [
          127.0341401,
          37.5196202
        ]
      },
      "properties": {
        "building": "commercial",
        "gas_insulated": "yes",
        "location": "indoor",
        "name": "논현변전소",
        "name:en": "Nonhyeon Substation",
        "name:ko": "논현변전소",
        "operator": "한국전력공사",
        "operator:en": "Korea Electric Power Corporation",
        "operator:ko": "한국전력공사",
        "operator:short": "KEPCO",
        "operator:wikidata": "Q486737",
        "power": "substation",
        "substation": "distribution",
        "voltage": "154000"
      }
    },
    {
      "type": "Feature",
      "geometry": {
        "type": "Point",
        "coordinates": [
          127.0225828,
          37.5116784
        ]
      },
      "properties": {
        "building": "commercial",
        "gas_insulated": "yes",
        "location": "indoor",
        "name": "논일변전소",
        "name:en": "Nonil Substation",
        "name:ko": "논일변전소",
        "operator": "한국전력공사",
        "operator:en": "Korea Electric Power Corporation",
        "operator:ko": "한국전력공사",
        "operator:short": "KEPCO",
        "operator:wikidata": "Q486737",
        "power": "substation",
        "substation": "distribution",
        "voltage": "154000"
      }
    },
    {
      "type": "Feature",
      "geometry": {
        "type": "Point",
        "coordinates": [
          127.0362684,
          37.5001495
        ]
      },
      "properties": {
        "building": "commercial",
        "gas_insulated": "yes",
        "location": "indoor",
        "name": "역삼변전소",
        "name:en": "Yeoksam Substation",
        "name:ko": "역삼변전소",
        "operator": "한국전력공사",
        "operator:en": "Korea Electric Power Corporation",
        "operator:ko": "한국전력공사",
        "operator:short": "KEPCO",
        "operator:wikidata": "Q486737",
        "power": "substation",
        "substation": "distribution",
        "voltage": "154000"
      }
    },
    {
      "type": "Feature",
      "geometry": {
        "type": "Point",
        "coordinates": [
          127.0581983,
          37.5114431
        ]
      },
      "properties": {
        "building": "commercial",
        "gas_insulated": "yes",
        "location": "indoor",
        "name": "선릉변전소",
        "name:en": "Seolleung Substation",
        "name:ko": "선릉변전소",
        "operator": "한국전력공사",
        "operator:en": "Korea Electric Power Corporation",
        "operator:ko": "한국전력공사",
        "operator:short": "KEPCO",
        "operator:wikidata": "Q486737",
        "power": "substation",
        "substation": "distribution",
        "voltage": "154000"
      }
    },
    {
      "type": "Feature",
      "geometry": {
        "type": "Point",
        "coordinates": [
          127.0273459,
          37.4853239
        ]
      },
      "properties": {
        "building": "commercial",
        "gas_insulated": "yes",
        "location": "indoor",
        "name": "양지변전소",
        "name:en": "Yangji Substation",
        "name:ko": "양지변전소",
        "operator": "한국전력공사",
        "operator:en": "Korea Electric Power Corporation",
        "operator:ko": "한국전력공사",
        "operator:short": "KEPCO",
        "operator:wikidata": "Q486737",
        "power": "substation",
        "substation": "distribution",
        "voltage": "154000"
      }
    },
    {
      "type": "Feature",
      "geometry": {
        "type": "Point",
        "coordinates": [
          127.0124603,
          37.4941631
        ]
      },
      "properties": {
        "building": "commercial",
        "gas_insulated": "yes",
        "location": "indoor",
        "name": "서초변전소",
        "name:en": "Seocho Substation",
        "name:ko": "서초변전소",
        "operator": "한국전력공사",
        "operator:en": "Korea Electric Power Corporation",
        "operator:ko": "한국전력공사",
        "operator:short": "KEPCO",
        "operator:wikidata": "Q486737",
        "power": "substation",
        "substation": "distribution",
        "voltage": "154000"
      }
    },
    {
      "type": "Feature",
      "geometry": {
        "type": "Point",
        "coordinates": [
          127.0541016,
          37.4883083
        ]
      },
      "properties": {
        "building": "apartments",
        "gas_insulated": "yes",
        "location": "indoor",
        "name": "도곡변전소",
        "name:en": "Dogok Substation",
        "name:ko": "도곡변전소",
        "operator": "한국전력공사",
        "operator:en": "Korea Electric Power Corporation",
        "operator:ko": "한국전력공사",
        "operator:short": "KEPCO",
        "operator:wikidata": "Q486737",
        "power": "substation",
        "substation": "distribution",
        "voltage": "154000"
      }
    },
    {
      "type": "Feature",
      "geometry": {
        "type": "Point",
        "coordinates": [
          127.0123696,
          37.4858239
        ]
      },
      "properties": {
        "building": "commercial",
        "gas_insulated": "yes",
        "location": "indoor",
        "name": "교대변전소",
        "name:en": "Gyodae Substation",
        "name:ko": "교대변전소",
        "operator": "한국전력공사",
        "operator:en": "Korea Electric Power Corporation",
        "operator:ko": "한국전력공사",
        "operator:short": "KEPCO",
        "operator:wikidata": "Q486737",
        "power": "substation",
        "substation": "distribution",
        "voltage": "154000"
      }
    },
    {
      "type": "Feature",
      "geometry": {
        "type": "Point",
        "coordinates": [
          127.0563712,
          37.5060546
        ]
      },
      "properties": {
        "building": "commercial",
        "gas_insulated": "yes",
        "location": "indoor",
        "name": "대치변전소",
        "name:en": "Daechi Substation",
        "name:ko": "대치변전소",
        "operator": "한국전력공사",
        "operator:en": "Korea Electric Power Corporation",
        "operator:ko": "한국전력공사",
        "operator:short": "KEPCO",
        "operator:wikidata": "Q486737",
        "power": "substation",
        "substation": "distribution",
        "voltage": "154000"
      }
    },
    {
      "type": "Feature",
      "geometry": {
        "type": "Point",
        "coordinates": [
          127.1184572,
          37.4947762
        ]
      },
      "properties": {
        "building": "apartments",
        "building:levels:underground": "2",
        "gas_insulated": "yes",
        "location": "indoor",
        "name": "가락변전소",
        "name:en": "Garak Substation",
        "name:ko": "가락변전소",
        "operator": "한국전력공사",
        "operator:en": "Korea Electric Power Corporation",
        "operator:ko": "한국전력공사",
        "operator:short": "KEPCO",
        "operator:wikidata": "Q486737",
        "power": "substation",
        "substation": "distribution",
        "voltage": "154000"
      }
    },
    {
      "type": "Feature",
      "geometry": {
        "type": "Point",
        "coordinates": [
          127.1338112,
          37.5467942
        ]
      },
      "properties": {
        "building": "apartments",
        "gas_insulated": "yes",
        "location": "indoor",
        "name": "천호변전소",
        "name:en": "Cheonho Substation",
        "name:ko": "천호변전소",
        "operator": "한국전력공사",
        "operator:en": "Korea Electric Power Corporation",
        "operator:ko": "한국전력공사",
        "operator:short": "KEPCO",
        "operator:wikidata": "Q486737",
        "power": "substation",
        "substation": "distribution",
        "voltage": "154000"
      }
    },
    {
      "type": "Feature",
      "geometry": {
        "type": "Point",
        "coordinates": [
          127.1124893,
          37.526741
        ]
      },
      "properties": {
        "gas_insulated": "yes",
        "location": "underground",
        "name": "풍납변전소",
        "name:en": "Pungnap Substation",
        "name:ko": "풍납변전소",
        "operator": "한국전력공사",
        "operator:en": "Korea Electric Power Corporation",
        "operator:ko": "한국전력공사",
        "operator:short": "KEPCO",
        "operator:wikidata": "Q486737",
        "power": "substation",
        "substation": "distribution",
        "voltage": "154000"
      }
    },
    {
      "type": "Feature",
      "geometry": {
        "type": "Point",
        "coordinates": [
          126.8979988,
          37.4725687
        ]
      },
      "properties": {
        "building": "yes",
        "gas_insulated": "yes",
        "location": "indoor",
        "name": "독산변전소",
        "name:en": "Doksan Substation",
        "name:ko": "독산변전소",
        "operator": "한국전력공사",
        "operator:en": "Korea Electric Power Corporation",
        "operator:ko": "한국전력공사",
        "operator:short": "KEPCO",
        "operator:wikidata": "Q486737",
        "power": "substation",
        "substation": "distribution",
        "voltage": "154000"
      }
    },
    {
      "type": "Feature",
      "geometry": {
        "type": "Point",
        "coordinates": [
          126.9515358,
          37.4819792
        ]
      },
      "properties": {
        "building": "residential",
        "gas_insulated": "yes",
        "location": "indoor",
        "name": "봉천변전소",
        "name:en": "Bongcheon Substation",
        "name:ko": "봉천변전소",
        "operator": "한국전력공사",
        "operator:en": "Korea Electric Power Corporation",
        "operator:ko": "한국전력공사",
        "operator:short": "KEPCO",
        "operator:wikidata": "Q486737",
        "power": "substation",
        "substation": "distribution",
        "voltage": "154000"
      }
    },
    {
      "type": "Feature",
      "geometry": {
        "type": "Point",
        "coordinates": [
          126.9090554,
          37.5006803
        ]
      },
      "properties": {
        "location": "underground",
        "name": "대림변전소",
        "name:en": "Daelim Substation",
        "name:ko": "대림변전소",
        "operator": "한국전력공사",
        "operator:en": "Korea Electric Power Corporation",
        "operator:ko": "한국전력공사",
        "operator:short": "KEPCO",
        "operator:wikidata": "Q486737",
        "power": "substation",
        "substation": "distribution",
        "voltage": "154000"
      }
    },
    {
      "type": "Feature",
      "geometry": {
        "type": "Point",
        "coordinates": [
          126.821286,
          37.5563331
        ]
      },
      "properties": {
        "building": "yes",
        "gas_insulated": "yes",
        "location": "underground",
        "name": "마곡변전소",
        "name:en": "Magok Substation",
        "name:ko": "마곡변전소",
        "operator": "한국전력공사",
        "operator:en": "Korea Electric Power Corporation",
        "operator:ko": "한국전력공사",
        "operator:short": "KEPCO",
        "operator:wikidata": "Q486737",
        "power": "substation",
        "substation": "distribution",
        "voltage": "154000"
      }
    },
    {
      "type": "Feature",
      "geometry": {
        "type": "Point",
        "coordinates": [
          126.8650558,
          37.551426
        ]
      },
      "properties": {
        "building": "commercial",
        "gas_insulated": "yes",
        "location": "indoor",
        "name": "등촌변전소",
        "name:en": "Deungchon Substation",
        "name:ko": "등촌변전소",
        "operator": "한국전력공사",
        "operator:en": "Korea Electric Power Corporation",
        "operator:ko": "한국전력공사",
        "operator:short": "KEPCO",
        "operator:wikidata": "Q486737",
        "power": "substation",
        "substation": "distribution",
        "voltage": "154000"
      }
    },
    {
      "type": "Feature",
      "geometry": {
        "type": "Point",
        "coordinates": [
          126.9713022,
          37.5608054
        ]
      },
      "properties": {
        "building": "commercial",
        "gas_insulated": "yes",
        "location": "indoor",
        "name": "순화변전소",
        "name:en": "Sunhwa Substation",
        "name:ko": "순화변전소",
        "operator": "한국전력공사",
        "operator:en": "Korea Electric Power Corporation",
        "operator:ko": "한국전력공사",
        "operator:short": "KEPCO",
        "operator:wikidata": "Q486737",
        "power": "substation",
        "substation": "distribution",
        "voltage": "154000"
      }
    },
    {
      "type": "Feature",
      "geometry": {
        "type": "Point",
        "coordinates": [
          126.9230994,
          37.6038632
        ]
      },
      "properties": {
        "building": "residential",
        "gas_insulated": "yes",
        "location": "indoor",
        "name": "녹번변전소",
        "name:en": "Nokbeon Substation",
        "name:ko": "녹번변전소",
        "operator": "한국전력공사",
        "operator:en": "Korea Electric Power Corporation",
        "operator:ko": "한국전력공사",
        "operator:short": "KEPCO",
        "operator:wikidata": "Q486737",
        "power": "substation",
        "substation": "distribution",
        "voltage": "154000"
      }
    },
    {
      "type": "Feature",
      "geometry": {
        "type": "Point",
        "coordinates": [
          127.0275647,
          37.4852226
        ]
      },
      "properties": {
        "building": "commercial",
        "gas_insulated": "yes",
        "location": "indoor",
        "name": "신양재변전소",
        "name:en": "Shin-Yangjae Substation",
        "name:ko": "신양재변전소",
        "operator": "한국전력공사",
        "operator:en": "Korea Electric Power Corporation",
        "operator:ko": "한국전력공사",
        "operator:short": "KEPCO",
        "operator:wikidata": "Q486737",
        "power": "substation",
        "substation": "transmission",
        "voltage": "345000"
      }
    },
    {
      "type": "Feature",
      "geometry": {
        "type": "Point",
        "coordinates": [
          126.9214323,
          37.5156285
        ]
      },
      "properties": {
        "building": "commercial",
        "gas_insulated": "yes",
        "location": "indoor",
        "name": "노들변전소",
        "name:en": "Nodeul Substation",
        "name:ko": "노들변전소",
        "operator": "한국전력공사",
        "operator:en": "Korea Electric Power Corporation",
        "operator:ko": "한국전력공사",
        "operator:short": "KEPCO",
        "operator:wikidata": "Q486737",
        "power": "substation",
        "substation": "distribution",
        "voltage": "154000"
      }
    },
    {
      "type": "Feature",
      "geometry": {
        "type": "Point",
        "coordinates": [
          126.9060309,
          37.5219607
        ]
      },
      "properties": {
        "building": "commercial",
        "gas_insulated": "yes",
        "location": "indoor",
        "name": "영오변전소",
        "name:en": "Yeongoh Substation",
        "name:ko": "영오변전소",
        "operator": "한국전력공사",
        "operator:en": "Korea Electric Power Corporation",
        "operator:ko": "한국전력공사",
        "operator:short": "KEPCO",
        "operator:wikidata": "Q486737",
        "power": "substation",
        "substation": "distribution",
        "voltage": "154000"
      }
    },
    {
      "type": "Feature",
      "geometry": {
        "type": "Point",
        "coordinates": [
          126.9302604,
          37.5277577
        ]
      },
      "properties": {
        "building": "office",
        "gas_insulated": "yes",
        "location": "indoor",
        "name": "여의변전소",
        "name:en": "Yeoui Substation",
        "name:ko": "여의변전소",
        "operator": "한국전력공사",
        "operator:en": "Korea Electric Power Corporation",
        "operator:ko": "한국전력공사",
        "operator:short": "KEPCO",
        "operator:wikidata": "Q486737",
        "power": "substation",
        "substation": "distribution",
        "voltage": "154000"
      }
    },
    {
      "type": "Feature",
      "geometry": {
        "type": "Point",
        "coordinates": [
          126.9465674,
          37.5420315
        ]
      },
      "properties": {
        "building": "office",
        "gas_insulated": "yes",
        "location": "indoor",
        "name": "마포변전소",
        "name:en": "Mapo Substation",
        "name:ko": "마포변전소",
        "operator": "한국전력공사",
        "operator:en": "Korea Electric Power Corporation",
        "operator:ko": "한국전력공사",
        "operator:short": "KEPCO",
        "operator:wikidata": "Q486737",
        "power": "substation",
        "substation": "distribution",
        "voltage": "154000"
      }
    },
    {
      "type": "Feature",
      "geometry": {
        "type": "Point",
        "coordinates": [
          127.080461,
          37.5928015
        ]
      },
      "properties": {
        "building": "commercial",
        "gas_insulated": "yes",
        "location": "indoor",
        "name": "상봉변전소",
        "name:en": "Sangbong Substation",
        "name:ko": "상봉변전소",
        "operator": "한국전력공사",
        "operator:en": "Korea Electric Power Corporation",
        "operator:ko": "한국전력공사",
        "operator:short": "KEPCO",
        "operator:wikidata": "Q486737",
        "power": "substation",
        "substation": "distribution",
        "voltage": "154000"
      }
    },
    {
      "type": "Feature",
      "geometry": {
        "type": "Point",
        "coordinates": [
          127.0823098,
          37.6467312
        ]
      },
      "properties": {
        "building": "residential",
        "gas_insulated": "yes",
        "location": "indoor",
        "name": "중계변전소",
        "name:en": "Junggye Substation",
        "name:ko": "중계변전소",
        "operator": "한국전력공사",
        "operator:en": "Korea Electric Power Corporation",
        "operator:ko": "한국전력공사",
        "operator:short": "KEPCO",
        "operator:wikidata": "Q486737",
        "power": "substation",
        "substation": "distribution",
        "voltage": "154000"
      }
    },
    {
      "type": "Feature",
      "geometry": {
        "type": "Point",
        "coordinates": [
          127.1045611,
          37.5137514
        ]
      },
      "properties": {
        "building": "yes",
        "frequency": "60",
        "name": "석촌변전소",
        "name:en": "Seokchon Substation",
        "name:ko": "석촌변전소",
        "operator": "한국전력공사",
        "operator:en": "Korea Electric Power Corporation",
        "operator:ko": "한국전력공사",
        "operator:short": "KEPCO",
        "operator:wikidata": "Q486737",
        "power": "substation",
        "substation": "distribution",
        "voltage": "154000"
      }
    },
    {
      "type": "Feature",
      "geometry": {
        "type": "Point",
        "coordinates": [
          127.0163451,
          37.5668305
        ]
      },
      "properties": {
        "building": "residential",
        "frequency": "60",
        "location": "indoor",
        "name": "신당변전소",
        "name:en": "Sindang Substation",
        "name:ko": "신당변전소",
        "operator": "한국전력공사",
        "operator:en": "Korea Electric Power Corporation",
        "operator:ko": "한국전력공사",
        "operator:short": "KEPCO",
        "operator:wikidata": "Q486737",
        "power": "substation",
        "substation": "distribution",
        "voltage": "154000"
      }
    },
    {
      "type": "Feature",
      "geometry": {
        "type": "Point",
        "coordinates": [
          126.9990474,
          37.5657436
        ]
      },
      "properties": {
        "building": "commercial",
        "frequency": "60",
        "location": "indoor",
        "name": "방산변전소",
        "name:en": "Bangsan Substation",
        "name:ko": "방산변전소",
        "operator": "한국전력공사",
        "operator:en": "Korea Electric Power Corporation",
        "operator:ko": "한국전력공사",
        "operator:short": "KEPCO",
        "operator:wikidata": "Q486737",
        "power": "substation",
        "substation": "distribution",
        "voltage": "154000"
      }
    },
    {
      "type": "Feature",
      "geometry": {
        "type": "Point",
        "coordinates": [
          126.9682969,
          37.564261
        ]
      },
      "properties": {
        "building": "commercial",
        "frequency": "60",
        "location": "indoor",
        "name": "서대문변전소",
        "name:en": "Seodaemun Substation",
        "name:ko": "서대문변전소",
        "operator": "한국전력공사",
        "operator:en": "Korea Electric Power Corporation",
        "operator:ko": "한국전력공사",
        "operator:short": "KEPCO",
        "operator:wikidata": "Q486737",
        "power": "substation",
        "substation": "distribution",
        "voltage": "154000"
      }
    },
    {
      "type": "Feature",
      "geometry": {
        "type": "Point",
        "coordinates": [
          127.0391962,
          37.5756993
        ]
      },
      "properties": {
        "building": "commercial",
        "frequency": "60",
        "location": "indoor",
        "name": "용두변전소",
        "name:en": "Yongdu Substation",
        "name:ko": "용두변전소",
        "operator": "한국전력공사",
        "operator:en": "Korea Electric Power Corporation",
        "operator:ko": "한국전력공사",
        "operator:short": "KEPCO",
        "operator:wikidata": "Q486737",
        "power": "substation",
        "substation": "distribution",
        "voltage": "154000"
      }
    },
    {
      "type": "Feature",
      "geometry": {
        "type": "Point",
        "coordinates": [
          127.0107834,
          37.590883
        ]
      },
      "properties": {
        "building": "commercial",
        "frequency": "60",
        "location": "indoor",
        "name": "돈암변전소",
        "name:en": "Donam Substation",
        "name:ko": "돈암변전소",
        "operator": "한국전력공사",
        "operator:en": "Korea Electric Power Corporation",
        "operator:ko": "한국전력공사",
        "operator:short": "KEPCO",
        "operator:wikidata": "Q486737",
        "power": "substation",
        "substation": "distribution",
        "voltage": "154000"
      }
    },
    {
      "type": "Feature",
      "geometry": {
        "type": "Point",
        "coordinates": [
          126.9910839,
          37.4990688
        ]
      },
      "properties": {
        "building": "commercial",
        "frequency": "60",
        "location": "indoor",
        "name": "이수변전소",
        "name:en": "Isu Substation",
        "name:ko": "이수변전소",
        "operator": "한국전력공사",
        "operator:en": "Korea Electric Power Corporation",
        "operator:ko": "한국전력공사",
        "operator:short": "KEPCO",
        "operator:wikidata": "Q486737",
        "power": "substation",
        "substation": "distribution",
        "voltage": "154000"
      }
    },
    {
      "type": "Feature",
      "geometry": {
        "type": "Point",
        "coordinates": [
          126.9828267,
          37.5653562
        ]
      },
      "properties": {
        "building": "office",
        "gas_insulated": "yes",
        "location": "indoor",
        "name": "중앙변전소",
        "name:en": "Jungang Substation",
        "name:ko": "중앙변전소",
        "operator": "한국전력공사",
        "operator:en": "Korea Electric Power Corporation",
        "operator:ko": "한국전력공사",
        "operator:short": "KEPCO",
        "operator:wikidata": "Q486737",
        "power": "substation",
        "substation": "distribution",
        "voltage": "154000"
      }
    },
    {
      "type": "Feature",
      "geometry": {
        "type": "Point",
        "coordinates": [
          126.9890131,
          37.5775814
        ]
      },
      "properties": {
        "gas_insulated": "yes",
        "location": "underground",
        "name": "운니변전소",
        "name:en": "Unni Substation",
        "name:ko": "운니변전소",
        "operator": "한국전력공사",
        "operator:en": "Korea Electric Power Corporation",
        "operator:ko": "한국전력공사",
        "operator:short": "KEPCO",
        "operator:wikidata": "Q486737",
        "power": "substation",
        "substation": "distribution",
        "voltage": "154000"
      }
    },
    {
      "type": "Feature",
      "geometry": {
        "type": "Point",
        "coordinates": [
          126.9974609,
          37.5800159
        ]
      },
      "properties": {
        "building": "hospital",
        "gas_insulated": "yes",
        "location": "indoor",
        "name": "원남변전소",
        "name:en": "Wonnam Substation",
        "name:ko": "원남변전소",
        "operator": "한국전력공사",
        "operator:en": "Korea Electric Power Corporation",
        "operator:ko": "한국전력공사",
        "operator:short": "KEPCO",
        "operator:wikidata": "Q486737",
        "power": "substation",
        "substation": "distribution",
        "voltage": "154000"
      }
    },
    {
      "type": "Feature",
      "geometry": {
        "type": "Point",
        "coordinates": [
          127.0464713,
          37.6827952
        ]
      },
      "properties": {
        "building": "commercial",
        "gas_insulated": "yes",
        "location": "indoor",
        "name": "방학변전소",
        "name:en": "Banghak Substation",
        "name:ko": "방학변전소",
        "operator": "한국전력공사",
        "operator:en": "Korea Electric Power Corporation",
        "operator:ko": "한국전력공사",
        "operator:short": "KEPCO",
        "operator:wikidata": "Q486737",
        "power": "substation",
        "substation": "distribution",
        "voltage": "154000"
      }
    },
    {
      "type": "Feature",
      "geometry": {
        "type": "Point",
        "coordinates": [
          126.9324912,
          37.5624918
        ]
      },
      "properties": {
        "building": "university",
        "gas_insulated": "yes",
        "location": "indoor",
        "name": "연대변전소",
        "name:en": "Yeondae Substation",
        "name:ko": "연대변전소",
        "operator": "한국전력공사",
        "operator:en": "Korea Electric Power Corporation",
        "operator:ko": "한국전력공사",
        "operator:short": "KEPCO",
        "operator:wikidata": "Q486737",
        "power": "substation",
        "substation": "distribution",
        "voltage": "154000"
      }
    },
    {
      "type": "Feature",
      "geometry": {
        "type": "Point",
        "coordinates": [
          127.0649991,
          37.5117201
        ]
      },
      "properties": {
        "gas_insulated": "yes",
        "location": "underground",
        "name": "강남변전소",
        "name:en": "Gangnam Substation",
        "name:ko": "강남변전소",
        "operator": "한국전력공사",
        "operator:en": "Korea Electric Power Corporation",
        "operator:ko": "한국전력공사",
        "operator:short": "KEPCO",
        "operator:wikidata": "Q486737",
        "power": "substation",
        "substation": "distribution",
        "voltage": "154000"
      }
    },
    {
      "type": "Feature",
      "geometry": {
        "type": "Point",
        "coordinates": [
          126.7635855,
          37.5233853
        ]
      },
      "properties": {
        "name": "중동변전소",
        "name:en": "Jungdong Substation",
        "name:ko": "중동변전소",
        "power": "substation",
        "substation": "generation",
        "voltage": "154000"
      }
    },
    {
      "type": "Feature",
      "geometry": {
        "type": "Point",
        "coordinates": [
          129.0360814,
          35.0880753
        ]
      },
      "properties": {
        "name": "영도변전소",
        "name:ko": "영도변전소",
        "power": "substation"
      }
    },
    {
      "type": "Feature",
      "geometry": {
        "type": "Point",
        "coordinates": [
          129.0614846,
          35.1527119
        ]
      },
      "properties": {
        "location": "underground",
        "name": "범천변전소",
        "name:ko": "범천변전소",
        "power": "substation"
      }
    },
    {
      "type": "Feature",
      "geometry": {
        "type": "Point",
        "coordinates": [
          129.0601489,
          35.1526878
        ]
      },
      "properties": {
        "location": "underground",
        "name": "서면변전소",
        "name:ko": "서면변전소",
        "power": "substation"
      }
    },
    {
      "type": "Feature",
      "geometry": {
        "type": "Point",
        "coordinates": [
          129.1448303,
          35.1601449
        ]
      },
      "properties": {
        "location": "underground",
        "name": "우동변전소",
        "name:ko": "우동변전소",
        "power": "substation"
      }
    },
    {
      "type": "Feature",
      "geometry": {
        "type": "Point",
        "coordinates": [
          128.6121757,
          35.8863783
        ]
      },
      "properties": {
        "location": "indoor",
        "name": "공평변전소",
        "name:ko": "공평변전소",
        "power": "substation",
        "voltage": "154000"
      }
    },
    {
      "type": "Feature",
      "geometry": {
        "type": "Point",
        "coordinates": [
          127.0709234,
          35.8655978
        ]
      },
      "properties": {
        "location": "underground",
        "name": "전주변전소",
        "name:ko": "전주변전소",
        "power": "substation",
        "voltage": "154000"
      }
    },
    {
      "type": "Feature",
      "geometry": {
        "type": "Point",
        "coordinates": [
          127.4391924,
          36.3235269
        ]
      },
      "properties": {
        "location": "underground",
        "name": "동대전변전소",
        "name:ko": "동대전변전소",
        "power": "substation",
        "voltage": "154000"
      }
    },
    {
      "type": "Feature",
      "geometry": {
        "type": "LineString",
        "coordinates": [
          [
            127.9133047,
            35.6657376
          ],
          [
            127.913232,
            35.6657076
          ],
          [
            127.9134541,
            35.6653518
          ],
          [
            127.913652,
            35.6654333
          ],
          [
            127.91339,
            35.665853
          ],
          [
            127.9132648,
            35.6658015
          ],
          [
            127.9133047,
            35.6657376
          ]
        ]
      },
      "properties": {
        "addr:housenumber": "2090",
        "addr:street": "수남로",
        "building": "yes",
        "frequency": "60",
        "location": "indoor",
        "name": "거창변전소",
        "name:en": "Geochang Substation",
        "name:ko": "거창변전소",
        "operator": "KEPCO",
        "power": "substation",
        "substation": "distribution",
        "voltage": "154000"
      }
    },
    {
      "type": "Feature",
      "geometry": {
        "type": "LineString",
        "coordinates": [
          [
            128.5691933,
            35.8695151
          ],
          [
            128.5688232,
            35.8694498
          ],
          [
            128.5687407,
            35.8694697
          ],
          [
            128.5683707,
            35.8696944
          ],
          [
            128.5683393,
            35.8696539
          ],
          [
            128.5680599,
            35.8696538
          ],
          [
            128.5679354,
            35.8695945
          ],
          [
            128.5678148,
            35.869537
          ],
          [
            128.5677906,
            35.8695102
          ],
          [
            128.5678169,
            35.8691299
          ],
          [
            128.5679036,
            35.8690379
          ],
          [
            128.5679885,
            35.8690536
          ],
          [
            128.5680981,
            35.868945
          ],
          [
            128.5682759,
            35.8689343
          ],
          [
            128.568331,
            35.8688549
          ],
          [
            128.5687495,
            35.868881
          ],
          [
            128.5689587,
            35.8689636
          ],
          [
            128.5693074,
            35.8689244
          ],
          [
            128.5692427,
            35.8691853
          ],
          [
            128.5692618,
            35.8694005
          ],
          [
            128.5691933,
            35.8695151
          ]
        ]
      },
      "properties": {
        "barrier": "fence",
        "designation": "electric fence of seodaedu secondary sub-station for 154 kv to 22.9kv",
        "frequency": "60",
        "location": "indoor",
        "name": "내당변전소",
        "name:ko": "내당변전소",
        "power": "substation",
        "source": "KEPCO",
        "substation": "distribution",
        "voltage": "154000"
      }
    },
    {
      "type": "Feature",
      "geometry": {
        "type": "LineString",
        "coordinates": [
          [
            129.0218335,
            35.2363541
          ],
          [
            129.0234129,
            35.2355913
          ],
          [
            129.0233846,
            35.2355341
          ],
          [
            129.0233518,
            35.2354791
          ],
          [
            129.0223458,
            35.2357228
          ],
          [
            129.0221956,
            35.2352879
          ],
          [
            129.022598,
            35.235231
          ],
          [
            129.0226191,
            35.2353767
          ],
          [
            129.0231542,
            35.2352202
          ],
          [
            129.024306,
            35.234376
          ],
          [
            129.0249342,
            35.2344698
          ],
          [
            129.0251403,
            35.2342436
          ],
          [
            129.0258327,
            35.2337801
          ],
          [
            129.0259307,
            35.233998
          ],
          [
            129.0259509,
            35.2340781
          ],
          [
            129.026686,
            35.2353377
          ],
          [
            129.026686,
            35.2354411
          ],
          [
            129.0268866,
            35.2355489
          ],
          [
            129.0269868,
            35.2358118
          ],
          [
            129.0272507,
            35.2362171
          ],
          [
            129.0272349,
            35.2363291
          ],
          [
            129.0275779,
            35.2368249
          ],
          [
            129.0269921,
            35.2369585
          ],
          [
            129.0264538,
            35.237187
          ],
          [
            129.0262427,
            35.2372128
          ],
          [
            129.0252874,
            35.2375491
          ],
          [
            129.0252249,
            35.2375009
          ],
          [
            129.0233199,
            35.2384169
          ],
          [
            129.0218335,
            35.2363541
          ]
        ]
      },
      "properties": {
        "barrier": "wall",
        "frequency": "60",
        "location": "outdoor",
        "name": "북부산변전소",
        "name:en": "North-Busan Substation",
        "name:ko": "북부산변전소",
        "power": "substation",
        "substation": "transmission",
        "voltage": "345000"
      }
    },
    {
      "type": "Feature",
      "geometry": {
        "type": "LineString",
        "coordinates": [
          [
            126.7874338,
            36.4656167
          ],
          [
            126.7888476,
            36.4654664
          ],
          [
            126.7892539,
            36.4662441
          ],
          [
            126.7893827,
            36.4666194
          ],
          [
            126.7894042,
            36.4667424
          ],
          [
            126.7893559,
            36.4668826
          ],
          [
            126.7890716,
            36.4671112
          ],
          [
            126.7892803,
            36.4676827
          ],
          [
            126.7874207,
            36.4679172
          ],
          [
            126.7871726,
            36.4666247
          ],
          [
            126.7876052,
            36.4665417
          ],
          [
            126.7874338,
            36.4656167
          ]
        ]
      },
      "properties": {
        "frequency": "60",
        "location": "outdoor",
        "name": "청양변전소",
        "name:en": "Cheongyang Substation",
        "name:ko": "청양변전소",
        "power": "substation",
        "substation": "transmission",
        "voltage": "345000"
      }
    },
    {
      "type": "Feature",
      "geometry": {
        "type": "LineString",
        "coordinates": [
          [
            127.0598317,
            36.8269598
          ],
          [
            127.0606543,
            36.8269792
          ],
          [
            127.0606382,
            36.8274157
          ],
          [
            127.0602782,
            36.8274072
          ],
          [
            127.0598156,
            36.8273963
          ],
          [
            127.0598317,
            36.8269598
          ]
        ]
      },
      "properties": {
        "frequency": "60",
        "location": "indoor",
        "name": "탕정변전소",
        "name:en": "Tangjeong Substation",
        "name:ko": "탕정변전소",
        "power": "substation",
        "substation": "distribution",
        "voltage": "154000"
      }
    },
    {
      "type": "Feature",
      "geometry": {
        "type": "LineString",
        "coordinates": [
          [
            126.9995491,
            37.5350957
          ],
          [
            126.9996954,
            37.535311
          ],
          [
            126.9998137,
            37.5354851
          ],
          [
            127.0000797,
            37.5353715
          ],
          [
            126.9998152,
            37.534982
          ],
          [
            126.9995491,
            37.5350957
          ]
        ]
      },
      "properties": {
        "building": "yes",
        "location": "indoor",
        "name": "한남변전소",
        "name:en": "Hannam Substation",
        "name:ko": "한남변전소",
        "operator": "한국전력공사",
        "operator:en": "Korea Electric Power Corporation",
        "operator:ko": "한국전력공사",
        "operator:short": "KEPCO",
        "operator:wikidata": "Q486737",
        "power": "substation",
        "substation": "distribution",
        "voltage": "154000"
      }
    },
    {
      "type": "Feature",
      "geometry": {
        "type": "LineString",
        "coordinates": [
          [
            127.1161548,
            36.8590024
          ],
          [
            127.1162272,
            36.8589444
          ],
          [
            127.1173993,
            36.8589895
          ],
          [
            127.1174127,
            36.8601698
          ],
          [
            127.1173966,
            36.8602042
          ],
          [
            127.1173698,
            36.8602042
          ],
          [
            127.1166161,
            36.859732
          ],
          [
            127.1163908,
            36.8595625
          ],
          [
            127.1162889,
            36.8594638
          ],
          [
            127.1162487,
            36.8593801
          ],
          [
            127.1161923,
            36.8592706
          ],
          [
            127.1161736,
            36.8591569
          ],
          [
            127.1161548,
            36.8590024
          ]
        ]
      },
      "properties": {
        "frequency": "60",
        "location": "outdoor",
        "name": "서천안변전소",
        "name:ko": "서천안변전소",
        "power": "substation",
        "substation": "distribution",
        "voltage": "154000"
      }
    },
    {
      "type": "Feature",
      "geometry": {
        "type": "LineString",
        "coordinates": [
          [
            127.1656001,
            36.7915895
          ],
          [
            127.1657055,
            36.7914344
          ],
          [
            127.1657725,
            36.7914001
          ],
          [
            127.1658128,
            36.7914044
          ],
          [
            127.1659567,
            36.7914538
          ],
          [
            127.1660023,
            36.7913829
          ],
          [
            127.1662661,
            36.7914559
          ],
          [
            127.1664082,
            36.7915504
          ],
          [
            127.1664887,
            36.7915719
          ],
          [
            127.1666577,
            36.7912605
          ],
          [
            127.1672441,
            36.7914602
          ],
          [
            127.1673068,
            36.7912819
          ],
          [
            127.1674436,
            36.7913313
          ],
          [
            127.1673926,
            36.7914624
          ],
          [
            127.1673702,
            36.7917889
          ],
          [
            127.1673041,
            36.7920294
          ],
          [
            127.1673085,
            36.7922378
          ],
          [
            127.167229,
            36.7924397
          ],
          [
            127.1670386,
            36.7926738
          ],
          [
            127.166081,
            36.7924247
          ],
          [
            127.1661695,
            36.7922614
          ],
          [
            127.1661105,
            36.7922034
          ],
          [
            127.1659201,
            36.7921669
          ],
          [
            127.1657001,
            36.7921733
          ],
          [
            127.1655285,
            36.7920745
          ],
          [
            127.1654936,
            36.7919865
          ],
          [
            127.1654212,
            36.7919371
          ],
          [
            127.1652737,
            36.7918705
          ],
          [
            127.1652012,
            36.7917631
          ],
          [
            127.1651601,
            36.7916707
          ],
          [
            127.16527,
            36.7914989
          ],
          [
            127.1656001,
            36.7915895
          ]
        ]
      },
      "properties": {
        "frequency": "60",
        "location": "indoor",
        "name": "천안변전소",
        "name:ko": "천안변전소",
        "power": "substation",
        "substation": "distribution",
        "voltage": "154000"
      }
    },
    {
      "type": "Feature",
      "geometry": {
        "type": "LineString",
        "coordinates": [
          [
            127.2086147,
            36.8839523
          ],
          [
            127.208785,
            36.8841763
          ],
          [
            127.2087543,
            36.8841975
          ],
          [
            127.2084296,
            36.8843513
          ],
          [
            127.2087783,
            36.8847439
          ],
          [
            127.2089299,
            36.8848285
          ],
          [
            127.2092557,
            36.8848812
          ],
          [
            127.2094703,
            36.8848597
          ],
          [
            127.2097835,
            36.8847407
          ],
          [
            127.2100482,
            36.8846231
          ],
          [
            127.2102566,
            36.8845217
          ],
          [
            127.2105,
            36.8843898
          ],
          [
            127.2105564,
            36.8843077
          ],
          [
            127.2105683,
            36.8841884
          ],
          [
            127.2105267,
            36.8841037
          ],
          [
            127.2100416,
            36.8835554
          ],
          [
            127.2097359,
            36.8834438
          ],
          [
            127.2086147,
            36.8839523
          ]
        ]
      },
      "properties": {
        "frequency": "60",
        "location": "outdoor",
        "name": "성거변전소",
        "name:en": "Seonggeo Substation",
        "name:ko": "성거변전소",
        "power": "substation",
        "substation": "distribution",
        "voltage": "154000"
      }
    },
    {
      "type": "Feature",
      "geometry": {
        "type": "LineString",
        "coordinates": [
          [
            126.8384188,
            36.9917711
          ],
          [
            126.8391501,
            36.9920169
          ],
          [
            126.8395259,
            36.9914631
          ],
          [
            126.8388694,
            36.991137
          ],
          [
            126.8384188,
            36.9917711
          ]
        ]
      },
      "properties": {
        "frequency": "60",
        "location": "indoor",
        "name": "원정변전소",
        "name:en": "Wonjeong Substation",
        "name:ko": "원정변전소",
        "power": "substation",
        "substation": "distribution",
        "voltage": "154000"
      }
    },
    {
      "type": "Feature",
      "geometry": {
        "type": "LineString",
        "coordinates": [
          [
            129.4099129,
            35.9392104
          ],
          [
            129.4078348,
            35.9373564
          ],
          [
            129.4047583,
            35.9396177
          ],
          [
            129.4051047,
            35.9399166
          ],
          [
            129.4053899,
            35.9396789
          ],
          [
            129.4070877,
            35.9412952
          ],
          [
            129.4099129,
            35.9392104
          ]
        ]
      },
      "properties": {
        "frequency": "60",
        "location": "outdoor",
        "name": "신포항 변전소",
        "name:en": "New Pohang Substation",
        "name:ko": "신포항 변전소",
        "name:ko-Latn": "Sin-Pohang",
        "power": "substation",
        "ref": "신포항",
        "substation": "transmission",
        "voltage": "345000"
      }
    },
    {
      "type": "Feature",
      "geometry": {
        "type": "LineString",
        "coordinates": [
          [
            129.2126624,
            35.6791618
          ],
          [
            129.2137824,
            35.6786226
          ],
          [
            129.2121231,
            35.6763088
          ],
          [
            129.2109801,
            35.676885
          ],
          [
            129.2126624,
            35.6791618
          ]
        ]
      },
      "properties": {
        "location": "outdoor",
        "name": "울주변전소",
        "name:en": "Ulju Substation",
        "name:ko": "울주변전소",
        "power": "substation",
        "substation": "transmission",
        "voltage": "345000"
      }
    },
    {
      "type": "Feature",
      "geometry": {
        "type": "LineString",
        "coordinates": [
          [
            129.3420118,
            35.5153582
          ],
          [
            129.341545,
            35.5150064
          ],
          [
            129.3412915,
            35.5146147
          ],
          [
            129.340294,
            35.5151129
          ],
          [
            129.3410514,
            35.5162056
          ],
          [
            129.3414403,
            35.5164202
          ],
          [
            129.3420118,
            35.5153582
          ]
        ]
      },
      "properties": {
        "frequency": "60",
        "location": "indoor",
        "name": "울산변전소",
        "name:ko": "울산변전소",
        "power": "substation",
        "substation": "distribution",
        "voltage": "154000"
      }
    },
    {
      "type": "Feature",
      "geometry": {
        "type": "LineString",
        "coordinates": [
          [
            129.2961781,
            35.4953644
          ],
          [
            129.2983378,
            35.4930845
          ],
          [
            129.2991699,
            35.4925283
          ],
          [
            129.3003074,
            35.4932601
          ],
          [
            129.3002238,
            35.4933354
          ],
          [
            129.3008127,
            35.4936971
          ],
          [
            129.2982559,
            35.4963629
          ],
          [
            129.2977566,
            35.4964093
          ],
          [
            129.2961781,
            35.4953644
          ]
        ]
      },
      "properties": {
        "frequency": "60",
        "location": "outdoor",
        "name": "신울산변전소",
        "name:en": "Shin-Ulsan Substation",
        "name:ko": "신울산변전소",
        "power": "substation",
        "substation": "transmission",
        "voltage": "345000"
      }
    },
    {
      "type": "Feature",
      "geometry": {
        "type": "LineString",
        "coordinates": [
          [
            129.3296045,
            35.437012
          ],
          [
            129.3299402,
            35.4370256
          ],
          [
            129.3299311,
            35.4346895
          ],
          [
            129.3286451,
            35.4347371
          ],
          [
            129.328779,
            35.4364245
          ],
          [
            129.3296045,
            35.437012
          ]
        ]
      },
      "properties": {
        "frequency": "60",
        "location": "outdoor",
        "name": "신온산변전소",
        "name:en": "Shin-Onsan Substation",
        "name:ko": "신온산변전소",
        "power": "substation",
        "substation": "transmission",
        "voltage": "345000"
      }
    },
    {
      "type": "Feature",
      "geometry": {
        "type": "LineString",
        "coordinates": [
          [
            127.3155131,
            36.3799858
          ],
          [
            127.3159622,
            36.3797488
          ],
          [
            127.3156282,
            36.3792614
          ],
          [
            127.3151498,
            36.3794758
          ],
          [
            127.3155131,
            36.3799858
          ]
        ]
      },
      "properties": {
        "frequency": "60",
        "location": "indoor",
        "name": "유성변전소",
        "name:en": "Yuseong Substation",
        "name:ko": "유성변전소",
        "power": "substation",
        "substation": "distribution",
        "voltage": "154000"
      }
    },
    {
      "type": "Feature",
      "geometry": {
        "type": "LineString",
        "coordinates": [
          [
            127.5303243,
            36.2932922
          ],
          [
            127.5315625,
            36.2963833
          ],
          [
            127.5324809,
            36.2961443
          ],
          [
            127.5322454,
            36.2955563
          ],
          [
            127.5335852,
            36.2952077
          ],
          [
            127.5335094,
            36.2950186
          ],
          [
            127.535057,
            36.2946158
          ],
          [
            127.53413,
            36.2923019
          ],
          [
            127.5303243,
            36.2932922
          ]
        ]
      },
      "properties": {
        "frequency": "60",
        "location": "outdoor",
        "name": "신옥천변전소",
        "name:en": "New Okcheon Substation",
        "name:ko": "신옥천변전소",
        "name:ko-Latn": "Sin-Okcheon",
        "power": "substation",
        "ref": "신옥천",
        "review": "no",
        "source": "Bing (adjusted)",
        "substation": "transmission",
        "voltage": "345000"
      }
    },
    {
      "type": "Feature",
      "geometry": {
        "type": "LineString",
        "coordinates": [
          [
            128.6500213,
            38.0506326
          ],
          [
            128.6503396,
            38.0500237
          ],
          [
            128.6509179,
            38.0501946
          ],
          [
            128.6505864,
            38.0507989
          ],
          [
            128.6500213,
            38.0506326
          ]
        ]
      },
      "properties": {
        "frequency": "60",
        "location": "indoor",
        "name": "양양변전소",
        "name:en": "Yangyang Substation",
        "name:ko": "양양변전소",
        "power": "substation",
        "substation": "distribution",
        "voltage": "154000"
      }
    },
    {
      "type": "Feature",
      "geometry": {
        "type": "LineString",
        "coordinates": [
          [
            127.0865101,
            37.2746458
          ],
          [
            127.0870545,
            37.2746472
          ],
          [
            127.0870552,
            37.2744627
          ],
          [
            127.0864291,
            37.2744611
          ],
          [
            127.0864286,
            37.2745884
          ],
          [
            127.0865103,
            37.2745886
          ],
          [
            127.0865101,
            37.2746458
          ]
        ]
      },
      "properties": {
        "building": "yes",
        "frequency": "60",
        "location": "indoor",
        "name": "흥덕변전소",
        "name:ko": "흥덕변전소",
        "power": "substation",
        "substation": "distribution",
        "voltage": "154000"
      }
    },
    {
      "type": "Feature",
      "geometry": {
        "type": "LineString",
        "coordinates": [
          [
            127.0845496,
            37.2695637
          ],
          [
            127.0846461,
            37.2694769
          ],
          [
            127.0847958,
            37.2693423
          ],
          [
            127.084924,
            37.2692269
          ],
          [
            127.0847906,
            37.2691331
          ],
          [
            127.0847235,
            37.2691935
          ],
          [
            127.0846777,
            37.2691613
          ],
          [
            127.0843705,
            37.2694376
          ],
          [
            127.0845496,
            37.2695637
          ]
        ]
      },
      "properties": {
        "building": "yes",
        "frequency": "60",
        "location": "indoor",
        "name": "신갈변전소",
        "name:en": "Shin-Galbyeon Substation",
        "name:ko": "신갈변전소",
        "power": "substation",
        "substation": "distribution",
        "voltage": "154000"
      }
    },
    {
      "type": "Feature",
      "geometry": {
        "type": "LineString",
        "coordinates": [
          [
            126.8790507,
            36.8464731
          ],
          [
            126.8790602,
            36.8468818
          ],
          [
            126.8789638,
            36.8468832
          ],
          [
            126.8789654,
            36.8469541
          ],
          [
            126.8788037,
            36.8469565
          ],
          [
            126.8788011,
            36.8468449
          ],
          [
            126.8787925,
            36.8464769
          ],
          [
            126.8790507,
            36.8464731
          ]
        ]
      },
      "properties": {
        "frequency": "60",
        "location": "indoor",
        "name": "인주변전소",
        "name:en": "Inju Substation",
        "name:ko": "인주변전소",
        "power": "substation",
        "substation": "distribution",
        "voltage": "154000"
      }
    },
    {
      "type": "Feature",
      "geometry": {
        "type": "LineString",
        "coordinates": [
          [
            128.5600671,
            38.1853495
          ],
          [
            128.5613626,
            38.1857122
          ],
          [
            128.5615986,
            38.1854086
          ],
          [
            128.5616489,
            38.1851228
          ],
          [
            128.5618528,
            38.1848951
          ],
          [
            128.5617488,
            38.1848183
          ],
          [
            128.5608583,
            38.1845716
          ],
          [
            128.5604748,
            38.184502
          ],
          [
            128.5601073,
            38.1844873
          ],
          [
            128.5600322,
            38.1845126
          ],
          [
            128.5599732,
            38.1845674
          ],
          [
            128.5599625,
            38.1846496
          ],
          [
            128.5600107,
            38.1848857
          ],
          [
            128.5600537,
            38.1852167
          ],
          [
            128.5600671,
            38.1853495
          ]
        ]
      },
      "properties": {
        "frequency": "60",
        "location": "outdoor",
        "name": "속초변전소",
        "name:en": "Sokcho Substation",
        "name:ko": "속초변전소",
        "power": "substation",
        "substation": "distribution",
        "voltage": "154000"
      }
    },
    {
      "type": "Feature",
      "geometry": {
        "type": "LineString",
        "coordinates": [
          [
            127.1450611,
            37.2433826
          ],
          [
            127.1462798,
            37.2413009
          ],
          [
            127.1475135,
            37.2417587
          ],
          [
            127.1462948,
            37.2438403
          ],
          [
            127.1461055,
            37.2437701
          ],
          [
            127.1450611,
            37.2433826
          ]
        ]
      },
      "properties": {
        "location": "outdoor",
        "name": "신용인변전소",
        "name:en": "Shin-Yongin Substation",
        "name:ko": "신용인변전소",
        "power": "substation",
        "substation": "transmission",
        "voltage": "345000"
      }
    },
    {
      "type": "Feature",
      "geometry": {
        "type": "LineString",
        "coordinates": [
          [
            127.2819608,
            37.0957421
          ],
          [
            127.2840456,
            37.0971357
          ],
          [
            127.2809343,
            37.099916
          ],
          [
            127.2807687,
            37.0999253
          ],
          [
            127.2800943,
            37.0994874
          ],
          [
            127.2798806,
            37.0997165
          ],
          [
            127.2794917,
            37.0996733
          ],
          [
            127.2791952,
            37.0995461
          ],
          [
            127.279079,
            37.0994722
          ],
          [
            127.2789957,
            37.0993273
          ],
          [
            127.2789576,
            37.0989926
          ],
          [
            127.2785174,
            37.0986881
          ],
          [
            127.2819608,
            37.0957421
          ]
        ]
      },
      "properties": {
        "frequency": "60",
        "location": "outdoor",
        "name": "신안성변전소",
        "name:en": "Shin-Anseong Substation",
        "name:ko": "신안성변전소",
        "power": "substation",
        "substation": "transmission",
        "voltage": "765000"
      }
    },
    {
      "type": "Feature",
      "geometry": {
        "type": "LineString",
        "coordinates": [
          [
            127.4136395,
            36.7166987
          ],
          [
            127.4140043,
            36.7164149
          ],
          [
            127.4145617,
            36.7168062
          ],
          [
            127.4141974,
            36.7171201
          ],
          [
            127.4136395,
            36.7166987
          ]
        ]
      },
      "properties": {
        "frequency": "60",
        "location": "indoor",
        "name": "오창변전소",
        "name:en": "Ochang Substation",
        "name:ko": "오창변전소",
        "power": "substation",
        "substation": "distribution",
        "voltage": "154000"
      }
    },
    {
      "type": "Feature",
      "geometry": {
        "type": "LineString",
        "coordinates": [
          [
            126.6965243,
            37.5830657
          ],
          [
            126.6966457,
            37.5831051
          ],
          [
            126.6967241,
            37.5831305
          ],
          [
            126.6969062,
            37.5827775
          ],
          [
            126.6968463,
            37.5827581
          ],
          [
            126.6968827,
            37.5826874
          ],
          [
            126.6967429,
            37.5826421
          ],
          [
            126.6965243,
            37.5830657
          ]
        ]
      },
      "properties": {
        "building": "yes",
        "frequency": "60",
        "gas_insulated": "yes",
        "location": "indoor",
        "name": "계양변전소",
        "name:en": "Gyeyang Substation",
        "name:ko": "계양변전소",
        "operator": "한국전력공사",
        "operator:en": "Korea Electric Power Corporation",
        "operator:ko": "한국전력공사",
        "operator:short": "KEPCO",
        "operator:wikidata": "Q486737",
        "power": "substation",
        "substation": "distribution",
        "voltage": "154000"
      }
    },
    {
      "type": "Feature",
      "geometry": {
        "type": "LineString",
        "coordinates": [
          [
            126.745011,
            37.5452261
          ],
          [
            126.7450874,
            37.5458166
          ],
          [
            126.7448728,
            37.5458341
          ],
          [
            126.744884,
            37.5459408
          ],
          [
            126.7445385,
            37.5459815
          ],
          [
            126.7444433,
            37.5452723
          ],
          [
            126.745011,
            37.5452261
          ]
        ]
      },
      "properties": {
        "location": "indoor",
        "name": "임학변전소",
        "operator": "한국전력공사",
        "operator:en": "Korea Electric Power Corporation",
        "operator:ko": "한국전력공사",
        "operator:short": "KEPCO",
        "operator:wikidata": "Q486737",
        "power": "substation",
        "voltage": "154000"
      }
    },
    {
      "type": "Feature",
      "geometry": {
        "type": "LineString",
        "coordinates": [
          [
            127.329719,
            36.7692969
          ],
          [
            127.3299014,
            36.7692496
          ],
          [
            127.3299421,
            36.7693397
          ],
          [
            127.3299813,
            36.7694263
          ],
          [
            127.3300161,
            36.7695034
          ],
          [
            127.3300591,
            36.7695983
          ],
          [
            127.3300811,
            36.7696471
          ],
          [
            127.3298995,
            36.7696884
          ],
          [
            127.329719,
            36.7692969
          ]
        ]
      },
      "properties": {
        "frequency": "60",
        "location": "indoor",
        "name": "동천안변전소",
        "name:ko": "동천안변전소",
        "power": "substation",
        "substation": "distribution",
        "voltage": "154000"
      }
    },
    {
      "type": "Feature",
      "geometry": {
        "type": "LineString",
        "coordinates": [
          [
            128.5949669,
            35.8369182
          ],
          [
            128.5950499,
            35.8368965
          ],
          [
            128.5948934,
            35.8365036
          ],
          [
            128.594704,
            35.8365532
          ],
          [
            128.5948882,
            35.8370156
          ],
          [
            128.5949946,
            35.8369877
          ],
          [
            128.5949669,
            35.8369182
          ]
        ]
      },
      "properties": {
        "building": "yes",
        "frequency": "60",
        "location": "indoor",
        "name": "봉덕변전소",
        "name:en": "Bongdeok Substation",
        "name:ko": "봉덕변전소",
        "power": "substation",
        "source": "bing",
        "substation": "distribution",
        "voltage": "154000"
      }
    },
    {
      "type": "Feature",
      "geometry": {
        "type": "LineString",
        "coordinates": [
          [
            129.1028823,
            35.2837358
          ],
          [
            129.1033946,
            35.2836899
          ],
          [
            129.1033824,
            35.2836163
          ],
          [
            129.1034654,
            35.2836083
          ],
          [
            129.1034483,
            35.2834748
          ],
          [
            129.1028701,
            35.2835286
          ],
          [
            129.1028945,
            35.2836421
          ],
          [
            129.1028627,
            35.2836441
          ],
          [
            129.1028823,
            35.2837358
          ]
        ]
      },
      "properties": {
        "building": "yes",
        "frequency": "60",
        "location": "indoor",
        "name": "노포변전소",
        "name:en": "Nopo Substation",
        "name:ko": "노포변전소",
        "power": "substation",
        "source": "image,2013-09;Bing",
        "substation": "distribution",
        "voltage": "154000"
      }
    },
    {
      "type": "Feature",
      "geometry": {
        "type": "LineString",
        "coordinates": [
          [
            126.5311965,
            33.5160837
          ],
          [
            126.5311875,
            33.5159408
          ],
          [
            126.5312819,
            33.5159367
          ],
          [
            126.5312764,
            33.5158491
          ],
          [
            126.5315075,
            33.5158389
          ],
          [
            126.5315304,
            33.5162015
          ],
          [
            126.5312964,
            33.5162117
          ],
          [
            126.531288,
            33.5160797
          ],
          [
            126.5311965,
            33.5160837
          ]
        ]
      },
      "properties": {
        "building": "yes",
        "frequency": "60",
        "location": "indoor",
        "name": "산지변전소",
        "name:ko": "산지변전소",
        "power": "substation",
        "substation": "distribution",
        "voltage": "154000"
      }
    },
    {
      "type": "Feature",
      "geometry": {
        "type": "LineString",
        "coordinates": [
          [
            126.6394066,
            33.2758643
          ],
          [
            126.6393658,
            33.276252
          ],
          [
            126.6390336,
            33.276298
          ],
          [
            126.6386818,
            33.2767421
          ],
          [
            126.6381364,
            33.2765297
          ],
          [
            126.6381009,
            33.2764451
          ],
          [
            126.6386125,
            33.2754752
          ],
          [
            126.6394066,
            33.2758643
          ]
        ]
      },
      "properties": {
        "frequency": "60",
        "location": "outdoor",
        "name": "한라변전소",
        "name:ko": "한라변전소",
        "power": "substation",
        "source:power": "bing",
        "substation": "distribution",
        "voltage": "154000"
      }
    },
    {
      "type": "Feature",
      "geometry": {
        "type": "LineString",
        "coordinates": [
          [
            126.9457478,
            37.5138436
          ],
          [
            126.9458156,
            37.5138276
          ],
          [
            126.9461829,
            37.5137411
          ],
          [
            126.9462439,
            37.513904
          ],
          [
            126.9458089,
            37.5140066
          ],
          [
            126.9457478,
            37.5138436
          ]
        ]
      },
      "properties": {
        "building": "yes",
        "location": "indoor",
        "name": "노량진변전소",
        "name:en": "Noryangjin Substation",
        "name:ko": "노량진변전소",
        "operator": "한국전력공사",
        "operator:en": "Korea Electric Power Corporation",
        "operator:ko": "한국전력공사",
        "operator:short": "KEPCO",
        "operator:wikidata": "Q486737",
        "power": "substation",
        "substation": "distribution",
        "voltage": "154000"
      }
    },
    {
      "type": "Feature",
      "geometry": {
        "type": "LineString",
        "coordinates": [
          [
            126.6758767,
            33.5321992
          ],
          [
            126.6757998,
            33.5326687
          ],
          [
            126.6759452,
            33.5326853
          ],
          [
            126.675959,
            33.5326011
          ],
          [
            126.6760386,
            33.5326102
          ],
          [
            126.6761017,
            33.5322248
          ],
          [
            126.6758767,
            33.5321992
          ]
        ]
      },
      "properties": {
        "building": "yes",
        "frequency": "60",
        "location": "indoor",
        "name": "조천변전소",
        "name:ko": "조천변전소",
        "power": "substation",
        "source:building": "bing",
        "substation": "distribution",
        "voltage": "154000"
      }
    },
    {
      "type": "Feature",
      "geometry": {
        "type": "LineString",
        "coordinates": [
          [
            126.4874222,
            33.4744503
          ],
          [
            126.487903,
            33.4745503
          ],
          [
            126.488471,
            33.4742144
          ],
          [
            126.4878498,
            33.4735
          ],
          [
            126.4875353,
            33.4734377
          ],
          [
            126.4869085,
            33.4737331
          ],
          [
            126.4874222,
            33.4744503
          ]
        ]
      },
      "properties": {
        "frequency": "60",
        "location": "outdoor",
        "name": "신제주변전소",
        "name:ko": "신제주변전소",
        "power": "substation",
        "substation": "distribution",
        "voltage": "154000"
      }
    },
    {
      "type": "Feature",
      "geometry": {
        "type": "LineString",
        "coordinates": [
          [
            128.64951,
            35.819756
          ],
          [
            128.6501311,
            35.8200794
          ],
          [
            128.6502194,
            35.8201879
          ],
          [
            128.6498731,
            35.8205791
          ],
          [
            128.6491685,
            35.8201898
          ],
          [
            128.64951,
            35.819756
          ]
        ]
      },
      "properties": {
        "frequency": "60",
        "location": "indoor",
        "name": "범물 변전소",
        "name:ko": "범물 변전소",
        "power": "substation",
        "substation": "distribution",
        "voltage": "154000"
      }
    },
    {
      "type": "Feature",
      "geometry": {
        "type": "LineString",
        "coordinates": [
          [
            126.9963155,
            37.5238207
          ],
          [
            126.9962675,
            37.5237299
          ],
          [
            126.9959942,
            37.5236215
          ],
          [
            126.9958626,
            37.5235693
          ],
          [
            126.9958014,
            37.5236158
          ],
          [
            126.9956469,
            37.5235904
          ],
          [
            126.995503,
            37.5234806
          ],
          [
            126.9953086,
            37.5235588
          ],
          [
            126.9950289,
            37.5240067
          ],
          [
            126.9950981,
            37.5240468
          ],
          [
            126.995178,
            37.5241567
          ],
          [
            126.9953192,
            37.5242221
          ],
          [
            126.995487,
            37.5243637
          ],
          [
            126.9957241,
            37.5244736
          ],
          [
            126.9958329,
            37.5245343
          ],
          [
            126.9959397,
            37.5243201
          ],
          [
            126.995951,
            37.5242649
          ],
          [
            126.9961483,
            37.52427
          ],
          [
            126.9962069,
            37.5242213
          ],
          [
            126.9962534,
            37.5241764
          ],
          [
            126.9963036,
            37.5239571
          ],
          [
            126.9963155,
            37.5238207
          ]
        ]
      },
      "properties": {
        "access": "no",
        "barrier": "fence",
        "frequency": "60",
        "location": "outdoor",
        "name": "보광변전소",
        "name:en": "Bogwang Substation",
        "name:ko": "보광변전소",
        "operator": "한국전력공사",
        "operator:en": "Korea Electric Power Corporation",
        "operator:ko": "한국전력공사",
        "operator:short": "KEPCO",
        "operator:wikidata": "Q486737",
        "power": "substation",
        "substation": "distribution",
        "voltage": "154000"
      }
    },
    {
      "type": "Feature",
      "geometry": {
        "type": "LineString",
        "coordinates": [
          [
            127.0022774,
            37.4257692
          ],
          [
            127.0025228,
            37.4256
          ],
          [
            127.0026786,
            37.4257749
          ],
          [
            127.0028684,
            37.4258176
          ],
          [
            127.0032158,
            37.4262144
          ],
          [
            127.0029597,
            37.4264263
          ],
          [
            127.0029669,
            37.4264703
          ],
          [
            127.0028809,
            37.4265286
          ],
          [
            127.0027932,
            37.4264917
          ],
          [
            127.0025658,
            37.4264974
          ],
          [
            127.0022022,
            37.4261034
          ],
          [
            127.0023079,
            37.4259697
          ],
          [
            127.0024135,
            37.4259029
          ],
          [
            127.0022774,
            37.4257692
          ]
        ]
      },
      "properties": {
        "frequency": "60",
        "location": "outdoor",
        "name": "과천변전소",
        "name:en": "Gwacheon Substation",
        "name:ko": "과천변전소",
        "power": "substation",
        "substation": "distribution",
        "voltage": "154000"
      }
    },
    {
      "type": "Feature",
      "geometry": {
        "type": "LineString",
        "coordinates": [
          [
            127.0510719,
            37.3825258
          ],
          [
            127.0517499,
            37.3815823
          ],
          [
            127.0544691,
            37.3828162
          ],
          [
            127.0537911,
            37.3837596
          ],
          [
            127.0535404,
            37.3836458
          ],
          [
            127.0510719,
            37.3825258
          ]
        ]
      },
      "properties": {
        "frequency": "60",
        "location": "outdoor",
        "name": "신성남 변전소",
        "name:en": "Shin-Seongnam Substation",
        "name:ko": "신성남 변전소",
        "operator": "한국전력공사 성남전력지사",
        "power": "substation",
        "substation": "transmission",
        "voltage": "345000"
      }
    },
    {
      "type": "Feature",
      "geometry": {
        "type": "LineString",
        "coordinates": [
          [
            127.2744484,
            36.2467939
          ],
          [
            127.2746313,
            36.2458048
          ],
          [
            127.2774063,
            36.2461385
          ],
          [
            127.2772234,
            36.2471276
          ],
          [
            127.2744484,
            36.2467939
          ]
        ]
      },
      "properties": {
        "frequency": "60",
        "location": "outdoor",
        "name": "신계룡변전소",
        "name:ko": "신계룡변전소",
        "power": "substation",
        "substation": "transmission",
        "voltage": "345000"
      }
    },
    {
      "type": "Feature",
      "geometry": {
        "type": "LineString",
        "coordinates": [
          [
            126.8509738,
            37.4594878
          ],
          [
            126.850943,
            37.4574211
          ],
          [
            126.8461461,
            37.4574917
          ],
          [
            126.8461712,
            37.4583631
          ],
          [
            126.8463379,
            37.4584302
          ],
          [
            126.8463403,
            37.4585319
          ],
          [
            126.8464345,
            37.4586162
          ],
          [
            126.8464611,
            37.4595425
          ],
          [
            126.8509738,
            37.4594878
          ]
        ]
      },
      "properties": {
        "frequency": "60",
        "location": "outdoor",
        "name": "신광명변전소",
        "name:en": "Shin-Gwangmyeong Substation",
        "name:ko": "신광명변전소",
        "power": "substation",
        "substation": "transmission",
        "voltage": "345000"
      }
    },
    {
      "type": "Feature",
      "geometry": {
        "type": "LineString",
        "coordinates": [
          [
            127.0764914,
            37.2215472
          ],
          [
            127.0772264,
            37.220906
          ],
          [
            127.0786249,
            37.2219224
          ],
          [
            127.0781833,
            37.2223076
          ],
          [
            127.0780211,
            37.2221897
          ],
          [
            127.0779118,
            37.222285
          ],
          [
            127.0777111,
            37.2222974
          ],
          [
            127.0775446,
            37.2223127
          ],
          [
            127.0764914,
            37.2215472
          ]
        ]
      },
      "properties": {
        "frequency": "60",
        "name": "신수원변전소",
        "name:en": "Shin-Suwon Substation",
        "name:ko": "신수원변전소",
        "operator": "한국전력공사",
        "power": "substation",
        "substation": "transmission",
        "voltage": "345000"
      }
    },
    {
      "type": "Feature",
      "geometry": {
        "type": "LineString",
        "coordinates": [
          [
            126.9761308,
            36.0617003
          ],
          [
            126.9765499,
            36.0615576
          ],
          [
            126.9768673,
            36.0614496
          ],
          [
            126.9764786,
            36.0607031
          ],
          [
            126.975742,
            36.0609537
          ],
          [
            126.9761308,
            36.0617003
          ]
        ]
      },
      "properties": {
        "frequency": "60",
        "location": "outdoor",
        "name": "함열변전소",
        "name:ko": "함열변전소",
        "power": "substation",
        "substation": "distribution",
        "voltage": "154000"
      }
    },
    {
      "type": "Feature",
      "geometry": {
        "type": "LineString",
        "coordinates": [
          [
            126.5821513,
            36.3820561
          ],
          [
            126.5820155,
            36.3815095
          ],
          [
            126.5815272,
            36.3815881
          ],
          [
            126.581663,
            36.3821347
          ],
          [
            126.5821513,
            36.3820561
          ]
        ]
      },
      "properties": {
        "frequency": "60",
        "location": "indoor",
        "name": "관창변전소",
        "name:en": "Gwanchang Substation",
        "name:ko": "관창변전소",
        "power": "substation",
        "substation": "distribution",
        "voltage": "154000"
      }
    },
    {
      "type": "Feature",
      "geometry": {
        "type": "LineString",
        "coordinates": [
          [
            126.9334986,
            35.9426566
          ],
          [
            126.933434,
            35.9428239
          ],
          [
            126.9333707,
            35.9429876
          ],
          [
            126.934121,
            35.9431776
          ],
          [
            126.9342489,
            35.9428466
          ],
          [
            126.9338333,
            35.9427414
          ],
          [
            126.9334986,
            35.9426566
          ]
        ]
      },
      "properties": {
        "frequency": "60",
        "location": "outdoor",
        "name": "이리변전소",
        "name:en": "Iri Substation",
        "name:ko": "이리변전소",
        "power": "substation",
        "substation": "transmission",
        "voltage": "154000"
      }
    },
    {
      "type": "Feature",
      "geometry": {
        "type": "LineString",
        "coordinates": [
          [
            126.8557004,
            35.9688011
          ],
          [
            126.8561041,
            35.9690615
          ],
          [
            126.8562808,
            35.9690135
          ],
          [
            126.8568819,
            35.9688503
          ],
          [
            126.8588234,
            35.9683233
          ],
          [
            126.8584219,
            35.9672653
          ],
          [
            126.8554018,
            35.9679519
          ],
          [
            126.8557004,
            35.9688011
          ]
        ]
      },
      "properties": {
        "frequency": "60",
        "location": "outdoor",
        "name": "군산변전소",
        "name:en": "Gunsan Substation",
        "name:ko": "군산변전소",
        "power": "substation",
        "substation": "transmission",
        "voltage": "345000"
      }
    },
    {
      "type": "Feature",
      "geometry": {
        "type": "LineString",
        "coordinates": [
          [
            128.690734,
            35.7338011
          ],
          [
            128.6910796,
            35.7330349
          ],
          [
            128.6909596,
            35.7329992
          ],
          [
            128.6908045,
            35.7329531
          ],
          [
            128.6907572,
            35.733058
          ],
          [
            128.6893426,
            35.7326376
          ],
          [
            128.6890443,
            35.7332989
          ],
          [
            128.690734,
            35.7338011
          ]
        ]
      },
      "properties": {
        "frequency": "60",
        "location": "outdoor",
        "name": "대구변전소",
        "name:en": "Daegu Substation",
        "name:ko": "대구변전소",
        "power": "substation",
        "substation": "transmission",
        "voltage": "345000"
      }
    },
    {
      "type": "Feature",
      "geometry": {
        "type": "LineString",
        "coordinates": [
          [
            128.8339251,
            35.8709308
          ],
          [
            128.8349261,
            35.8711864
          ],
          [
            128.8351437,
            35.8713834
          ],
          [
            128.8354411,
            35.8718212
          ],
          [
            128.8356537,
            35.8721693
          ],
          [
            128.8356439,
            35.8731518
          ],
          [
            128.8339251,
            35.8731584
          ],
          [
            128.8339251,
            35.8709308
          ]
        ]
      },
      "properties": {
        "frequency": "60",
        "location": "outdoor",
        "name": "신경산변전소",
        "name:en": "Shin-Gyeongsan Substation",
        "name:ko": "신경산변전소",
        "power": "substation",
        "substation": "transmission",
        "voltage": "345000"
      }
    },
    {
      "type": "Feature",
      "geometry": {
        "type": "LineString",
        "coordinates": [
          [
            128.4035133,
            35.7343208
          ],
          [
            128.4034709,
            35.7331091
          ],
          [
            128.4068342,
            35.7330316
          ],
          [
            128.4068766,
            35.7342432
          ],
          [
            128.4035133,
            35.7343208
          ]
        ]
      },
      "properties": {
        "frequency": "60",
        "location": "outdoor",
        "name": "고령변전소",
        "name:en": "Goryeong Substation",
        "name:ko": "고령변전소",
        "name:ko-Latn": "Goryeong",
        "power": "substation",
        "ref": "고령",
        "substation": "transmission",
        "voltage": "345000"
      }
    },
    {
      "type": "Feature",
      "geometry": {
        "type": "LineString",
        "coordinates": [
          [
            128.4079735,
            35.9705876
          ],
          [
            128.4077759,
            35.9684719
          ],
          [
            128.4043259,
            35.9686933
          ],
          [
            128.4043958,
            35.9695568
          ],
          [
            128.4045599,
            35.96982
          ],
          [
            128.4048426,
            35.9731681
          ],
          [
            128.4070104,
            35.9730055
          ],
          [
            128.4069952,
            35.9728554
          ],
          [
            128.4076913,
            35.9727964
          ],
          [
            128.4076822,
            35.9726291
          ],
          [
            128.4078433,
            35.9726143
          ],
          [
            128.4077764,
            35.9716968
          ],
          [
            128.4076275,
            35.9712982
          ],
          [
            128.4076822,
            35.9708727
          ],
          [
            128.4077855,
            35.9708062
          ],
          [
            128.4079193,
            35.9707915
          ],
          [
            128.4080165,
            35.9706882
          ],
          [
            128.4079735,
            35.9705876
          ]
        ]
      },
      "properties": {
        "frequency": "60",
        "location": "outdoor",
        "name": "서대구 변전소",
        "name:en": "West Daegu Substation",
        "name:ja": "西大邱変電所",
        "name:ko": "서대구 변전소",
        "name:zh": "西大邱変電所",
        "power": "substation",
        "ref": "서대구",
        "substation": "transmission",
        "voltage": "345000"
      }
    },
    {
      "type": "Feature",
      "geometry": {
        "type": "LineString",
        "coordinates": [
          [
            127.2450936,
            37.0211568
          ],
          [
            127.2451799,
            37.0211399
          ],
          [
            127.2453708,
            37.0212098
          ],
          [
            127.2454732,
            37.021228
          ],
          [
            127.2456304,
            37.0207524
          ],
          [
            127.244688,
            37.0202503
          ],
          [
            127.2441587,
            37.0203757
          ],
          [
            127.2442898,
            37.0206944
          ],
          [
            127.2450936,
            37.0211568
          ]
        ]
      },
      "properties": {
        "frequency": "60",
        "location": "outdoor",
        "name": "안성변전소",
        "name:en": "Anseong Substation",
        "name:ko": "안성변전소",
        "power": "substation",
        "substation": "transmission",
        "voltage": "345000"
      }
    },
    {
      "type": "Feature",
      "geometry": {
        "type": "LineString",
        "coordinates": [
          [
            128.9638118,
            35.9875507
          ],
          [
            128.9641435,
            35.9872954
          ],
          [
            128.9641505,
            35.9872354
          ],
          [
            128.9634244,
            35.9864245
          ],
          [
            128.9633409,
            35.9864245
          ],
          [
            128.962543,
            35.9869257
          ],
          [
            128.9624294,
            35.9871152
          ],
          [
            128.9623946,
            35.9873236
          ],
          [
            128.9624665,
            35.9873855
          ],
          [
            128.9623505,
            35.9874887
          ],
          [
            128.9622368,
            35.9879974
          ],
          [
            128.9627657,
            35.9884403
          ],
          [
            128.9637933,
            35.9876633
          ],
          [
            128.9638118,
            35.9875507
          ]
        ]
      },
      "properties": {
        "frequency": "60",
        "location": "outdoor",
        "name": "영천변전소",
        "name:en": "Yeongcheon Substation",
        "name:ko": "영천변전소",
        "power": "substation",
        "substation": "transmission",
        "voltage": "154000"
      }
    },
    {
      "type": "Feature",
      "geometry": {
        "type": "LineString",
        "coordinates": [
          [
            127.4453381,
            36.8808472
          ],
          [
            127.4465538,
            36.8807535
          ],
          [
            127.4464693,
            36.8800517
          ],
          [
            127.4452535,
            36.8801454
          ],
          [
            127.4453381,
            36.8808472
          ]
        ]
      },
      "properties": {
        "frequency": "60",
        "location": "outdoor",
        "name": "진천변전소",
        "name:en": "Jincheon Substation",
        "name:ko": "진천변전소",
        "power": "substation",
        "source": "Bing",
        "substation": "distribution",
        "voltage": "154000"
      }
    },
    {
      "type": "Feature",
      "geometry": {
        "type": "LineString",
        "coordinates": [
          [
            127.4596133,
            36.5524742
          ],
          [
            127.4609437,
            36.5521298
          ],
          [
            127.4619755,
            36.5545689
          ],
          [
            127.4611595,
            36.5547708
          ],
          [
            127.461056,
            36.5549845
          ],
          [
            127.4608372,
            36.5550249
          ],
          [
            127.4606539,
            36.5549869
          ],
          [
            127.4600153,
            36.5533434
          ],
          [
            127.4596133,
            36.5524742
          ]
        ]
      },
      "properties": {
        "frequency": "60",
        "location": "outdoor",
        "name": "청원변전소",
        "name:en": "Cheongwon Substation",
        "name:ko": "청원변전소",
        "power": "substation",
        "substation": "transmission",
        "voltage": "345000"
      }
    },
    {
      "type": "Feature",
      "geometry": {
        "type": "LineString",
        "coordinates": [
          [
            126.9331589,
            35.2097735
          ],
          [
            126.9338444,
            35.2094902
          ],
          [
            126.9350812,
            35.2089792
          ],
          [
            126.935789,
            35.2086867
          ],
          [
            126.9349627,
            35.2073518
          ],
          [
            126.9323327,
            35.2084386
          ],
          [
            126.9331589,
            35.2097735
          ]
        ]
      },
      "properties": {
        "frequency": "60",
        "location": "outdoor",
        "name": "신광주변전소",
        "name:en": "Sin-Gwangju Substation",
        "name:ko": "신광주변전소",
        "power": "substation",
        "ref": "신광주변전소",
        "substation": "transmission",
        "voltage": "345000"
      }
    },
    {
      "type": "Feature",
      "geometry": {
        "type": "LineString",
        "coordinates": [
          [
            127.4647344,
            35.4534085
          ],
          [
            127.4686214,
            35.4514621
          ],
          [
            127.4673671,
            35.4498
          ],
          [
            127.4628387,
            35.4520676
          ],
          [
            127.4638158,
            35.4533623
          ],
          [
            127.4644572,
            35.4530411
          ],
          [
            127.4647344,
            35.4534085
          ]
        ]
      },
      "properties": {
        "frequency": "60",
        "location": "outdoor",
        "name": "신남원변전소",
        "name:en": "New Namwon Substation",
        "name:ko": "신남원변전소",
        "name:ko-Latn": "Sin-Namwon",
        "power": "substation",
        "substation": "transmission",
        "voltage": "345000"
      }
    },
    {
      "type": "Feature",
      "geometry": {
        "type": "LineString",
        "coordinates": [
          [
            127.0044303,
            35.7572043
          ],
          [
            127.0076396,
            35.7571414
          ],
          [
            127.0075919,
            35.7581133
          ],
          [
            127.0072978,
            35.7581168
          ],
          [
            127.0068653,
            35.7583414
          ],
          [
            127.0044303,
            35.7583484
          ],
          [
            127.0044303,
            35.7572043
          ]
        ]
      },
      "properties": {
        "frequency": "60",
        "location": "outdoor",
        "name": "신김제변전소",
        "name:en": "Shin-Gimje Substation",
        "name:ko": "신김제변전소",
        "power": "substation",
        "substation": "transmission",
        "voltage": "345000"
      }
    },
    {
      "type": "Feature",
      "geometry": {
        "type": "LineString",
        "coordinates": [
          [
            128.1277286,
            35.3421135
          ],
          [
            128.128839,
            35.3427469
          ],
          [
            128.1307342,
            35.3405359
          ],
          [
            128.1296238,
            35.3399025
          ],
          [
            128.1277286,
            35.3421135
          ]
        ]
      },
      "properties": {
        "frequency": "60",
        "location": "outdoor",
        "name": "의령변전소",
        "name:en": "Uiryeong Substation",
        "name:ko": "의령변전소",
        "power": "substation",
        "substation": "transmission",
        "voltage": "345000"
      }
    },
    {
      "type": "Feature",
      "geometry": {
        "type": "LineString",
        "coordinates": [
          [
            128.5229231,
            35.2887879
          ],
          [
            128.5275185,
            35.2889227
          ],
          [
            128.5276274,
            35.2864488
          ],
          [
            128.523032,
            35.286314
          ],
          [
            128.5229231,
            35.2887879
          ]
        ]
      },
      "properties": {
        "frequency": "60",
        "location": "outdoor",
        "name": "신마산변전소",
        "name:en": "Shin-Masan Substation",
        "name:ko": "신마산변전소",
        "power": "substation",
        "substation": "transmission",
        "voltage": "345000"
      }
    },
    {
      "type": "Feature",
      "geometry": {
        "type": "LineString",
        "coordinates": [
          [
            129.1791114,
            35.2392767
          ],
          [
            129.1795063,
            35.2396497
          ],
          [
            129.1793557,
            35.2397561
          ],
          [
            129.1807668,
            35.2410892
          ],
          [
            129.1798299,
            35.2417507
          ],
          [
            129.1795628,
            35.2414984
          ],
          [
            129.1791477,
            35.2417915
          ],
          [
            129.1789871,
            35.2416397
          ],
          [
            129.1789213,
            35.2416862
          ],
          [
            129.1776258,
            35.2403877
          ],
          [
            129.1791114,
            35.2392767
          ]
        ]
      },
      "properties": {
        "addr:city": "부산광역시",
        "addr:district": "기장군",
        "addr:housenumber": "1136",
        "addr:street": "반송로",
        "addr:town": "철마면",
        "frequency": "60",
        "location": "outdoor",
        "name": "신양산변전소",
        "name:en": "Shin-Yangsan Substation",
        "name:ko": "신양산변전소",
        "power": "substation",
        "substation": "transmission",
        "voltage": "345000"
      }
    },
    {
      "type": "Feature",
      "geometry": {
        "type": "LineString",
        "coordinates": [
          [
            128.7763852,
            35.2185723
          ],
          [
            128.776298,
            35.219055
          ],
          [
            128.7764013,
            35.2197304
          ],
          [
            128.7793004,
            35.2195242
          ],
          [
            128.7791748,
            35.2189484
          ],
          [
            128.7792595,
            35.2189428
          ],
          [
            128.7792028,
            35.2185919
          ],
          [
            128.7791099,
            35.2185983
          ],
          [
            128.7790832,
            35.218363
          ],
          [
            128.7763852,
            35.2185723
          ]
        ]
      },
      "properties": {
        "addr:city": "김해시",
        "addr:housenumber": "996-105",
        "addr:postcode": "50876",
        "addr:province": "경상남도",
        "addr:street": "서부로",
        "addr:subdistrict": "산본리",
        "addr:town": "진례면",
        "frequency": "60",
        "location": "outdoor",
        "name": "신김해변전소",
        "name:en": "New Gimhae Substation",
        "name:ja": "新金海変電所",
        "name:ko": "신김해변전소",
        "name:ko-Latn": "Sin-Gimhae",
        "power": "substation",
        "ref": "신김해",
        "substation": "transmission",
        "voltage": "345000"
      }
    },
    {
      "type": "Feature",
      "geometry": {
        "type": "LineString",
        "coordinates": [
          [
            127.6211295,
            34.969551
          ],
          [
            127.6230541,
            34.9715294
          ],
          [
            127.623531,
            34.9712468
          ],
          [
            127.6235438,
            34.9710444
          ],
          [
            127.6243613,
            34.970528
          ],
          [
            127.6237311,
            34.9698511
          ],
          [
            127.6237482,
            34.969708
          ],
          [
            127.6238248,
            34.9696173
          ],
          [
            127.6234544,
            34.9690451
          ],
          [
            127.6232329,
            34.9689683
          ],
          [
            127.623267,
            34.9688846
          ],
          [
            127.6229093,
            34.9686892
          ],
          [
            127.6225048,
            34.9686717
          ],
          [
            127.6211295,
            34.969551
          ]
        ]
      },
      "properties": {
        "frequency": "60",
        "location": "outdoor",
        "name": "광양변전소",
        "name:en": "Gwangyang Substation",
        "name:ko": "광양변전소",
        "power": "substation",
        "substation": "transmission",
        "voltage": "345000"
      }
    },
    {
      "type": "Feature",
      "geometry": {
        "type": "LineString",
        "coordinates": [
          [
            127.5128426,
            34.9496933
          ],
          [
            127.5140168,
            34.9496865
          ],
          [
            127.5140443,
            34.9509588
          ],
          [
            127.5135012,
            34.9509478
          ],
          [
            127.5134803,
            34.9508448
          ],
          [
            127.5132683,
            34.9506668
          ],
          [
            127.5128571,
            34.9506744
          ],
          [
            127.5128426,
            34.9496933
          ]
        ]
      },
      "properties": {
        "frequency": "60",
        "location": "outdoor",
        "name": "순천변전소",
        "name:en": "Suncheon Substation",
        "power": "substation",
        "substation": "transmission",
        "voltage": "154000"
      }
    },
    {
      "type": "Feature",
      "geometry": {
        "type": "LineString",
        "coordinates": [
          [
            127.1602995,
            36.4818612
          ],
          [
            127.1607123,
            36.4819122
          ],
          [
            127.1607195,
            36.4818744
          ],
          [
            127.1609998,
            36.481909
          ],
          [
            127.1611452,
            36.4811483
          ],
          [
            127.1607762,
            36.4811027
          ],
          [
            127.1607677,
            36.4811473
          ],
          [
            127.1604435,
            36.4811072
          ],
          [
            127.1602995,
            36.4818612
          ]
        ]
      },
      "properties": {
        "frequency": "60",
        "location": "outdoor",
        "name": "공주변전소",
        "name:ko": "공주변전소",
        "power": "substation",
        "substation": "distribution",
        "voltage": "154000"
      }
    },
    {
      "type": "Feature",
      "geometry": {
        "type": "LineString",
        "coordinates": [
          [
            128.7825465,
            35.119232
          ],
          [
            128.7828144,
            35.1192374
          ],
          [
            128.7828285,
            35.1187708
          ],
          [
            128.7825606,
            35.1187653
          ],
          [
            128.7825465,
            35.119232
          ]
        ]
      },
      "properties": {
        "building": "yes",
        "frequency": "60",
        "location": "indoor",
        "name": "마천변전소",
        "name:en": "Macheon Substation",
        "name:ko": "마천변전소",
        "power": "substation",
        "source": "Bing",
        "substation": "distribution",
        "voltage": "154000"
      }
    },
    {
      "type": "Feature",
      "geometry": {
        "type": "LineString",
        "coordinates": [
          [
            128.7971767,
            35.2065288
          ],
          [
            128.7973582,
            35.2066623
          ],
          [
            128.7976597,
            35.2063885
          ],
          [
            128.7976171,
            35.2063572
          ],
          [
            128.7976726,
            35.2063067
          ],
          [
            128.7975337,
            35.2062046
          ],
          [
            128.7971767,
            35.2065288
          ]
        ]
      },
      "properties": {
        "building": "yes",
        "frequency": "60",
        "location": "indoor",
        "name": "장유변전소",
        "name:en": "Jangyu Substation",
        "name:ko": "장유변전소",
        "power": "substation",
        "source": "Bing",
        "substation": "distribution",
        "voltage": "154000"
      }
    },
    {
      "type": "Feature",
      "geometry": {
        "type": "LineString",
        "coordinates": [
          [
            127.2075727,
            37.2244801
          ],
          [
            127.2076742,
            37.2256218
          ],
          [
            127.2077947,
            37.2256168
          ],
          [
            127.2078137,
            37.2257456
          ],
          [
            127.2079057,
            37.2257835
          ],
          [
            127.2083467,
            37.2257532
          ],
          [
            127.2085148,
            37.2256218
          ],
          [
            127.2087654,
            37.2255915
          ],
          [
            127.2089431,
            37.2254071
          ],
          [
            127.2090604,
            37.2251697
          ],
          [
            127.2090192,
            37.2247706
          ],
          [
            127.2085307,
            37.2246872
          ],
          [
            127.2084355,
            37.2245988
          ],
          [
            127.2079216,
            37.2246443
          ],
          [
            127.2077408,
            37.2245154
          ],
          [
            127.2075727,
            37.2244801
          ]
        ]
      },
      "properties": {
        "frequency": "60",
        "location": "outdoor",
        "name": "용인변전소",
        "name:en": "Yongin Substation",
        "name:ko": "용인변전소",
        "power": "substation",
        "substation": "distribution",
        "voltage": "154000"
      }
    },
    {
      "type": "Feature",
      "geometry": {
        "type": "LineString",
        "coordinates": [
          [
            126.9187818,
            37.3097499
          ],
          [
            126.9180672,
            37.3087662
          ],
          [
            126.9154807,
            37.308025
          ],
          [
            126.9151673,
            37.3082676
          ],
          [
            126.9151004,
            37.3084006
          ],
          [
            126.9150795,
            37.308703
          ],
          [
            126.9148748,
            37.3100457
          ],
          [
            126.9143316,
            37.311209
          ],
          [
            126.9145029,
            37.3117939
          ],
          [
            126.9154305,
            37.3120332
          ],
          [
            126.9173861,
            37.3123855
          ],
          [
            126.9179377,
            37.3112987
          ],
          [
            126.9181174,
            37.311189
          ],
          [
            126.9183723,
            37.3111292
          ],
          [
            126.9185102,
            37.3108467
          ],
          [
            126.9184433,
            37.3106872
          ],
          [
            126.9185478,
            37.3104711
          ],
          [
            126.9185102,
            37.3103349
          ],
          [
            126.9187818,
            37.3097499
          ]
        ]
      },
      "properties": {
        "frequency": "60",
        "location": "outdoor",
        "name": "서서울변전소",
        "name:en": "West Seoul Substation",
        "name:ko": "서서울변전소",
        "power": "substation",
        "substation": "transmission",
        "voltage": "345000"
      }
    },
    {
      "type": "Feature",
      "geometry": {
        "type": "LineString",
        "coordinates": [
          [
            126.8870795,
            37.1405192
          ],
          [
            126.888476,
            37.1407582
          ],
          [
            126.8885088,
            37.1406365
          ],
          [
            126.8892362,
            37.1379355
          ],
          [
            126.8878397,
            37.1376965
          ],
          [
            126.8870795,
            37.1405192
          ]
        ]
      },
      "properties": {
        "frequency": "60",
        "location": "outdoor",
        "name": "화성변전소",
        "name:en": "Hwaseong Substation",
        "name:ko": "화성변전소",
        "power": "substation",
        "substation": "transmission",
        "voltage": "345000"
      }
    },
    {
      "type": "Feature",
      "geometry": {
        "type": "LineString",
        "coordinates": [
          [
            127.0063379,
            36.8799492
          ],
          [
            127.0069894,
            36.8801508
          ],
          [
            127.0076717,
            36.8800426
          ],
          [
            127.0085199,
            36.8783267
          ],
          [
            127.0072783,
            36.8779531
          ],
          [
            127.0063379,
            36.8799492
          ]
        ]
      },
      "properties": {
        "frequency": "60",
        "location": "outdoor",
        "name": "신온양변전소",
        "name:en": "Shin-Onyang Substation",
        "name:ko": "신온양변전소",
        "power": "substation",
        "substation": "transmission",
        "voltage": "345000"
      }
    },
    {
      "type": "Feature",
      "geometry": {
        "type": "LineString",
        "coordinates": [
          [
            126.7610684,
            37.3634475
          ],
          [
            126.7624982,
            37.3634875
          ],
          [
            126.7626289,
            37.3605364
          ],
          [
            126.7611991,
            37.3604964
          ],
          [
            126.7610684,
            37.3634475
          ]
        ]
      },
      "properties": {
        "frequency": "60",
        "location": "outdoor",
        "name": "신시흥변전소",
        "name:en": "New Siheung Substation",
        "name:ko": "신시흥변전소",
        "power": "substation",
        "substation": "transmission",
        "voltage": "345000"
      }
    },
    {
      "type": "Feature",
      "geometry": {
        "type": "LineString",
        "coordinates": [
          [
            127.3870555,
            36.8224743
          ],
          [
            127.3882028,
            36.8229405
          ],
          [
            127.3896047,
            36.8207295
          ],
          [
            127.3894882,
            36.8206822
          ],
          [
            127.3884574,
            36.8202633
          ],
          [
            127.3870555,
            36.8224743
          ]
        ]
      },
      "properties": {
        "frequency": "60",
        "location": "outdoor",
        "name": "신진천변전소",
        "name:en": "New Jincheon Substation",
        "name:ko": "신진천변전소",
        "name:ko-Latn": "Sin-Jincheon",
        "power": "substation",
        "ref": "신진천",
        "source": "Bing",
        "substation": "transmission",
        "voltage": "345000"
      }
    },
    {
      "type": "Feature",
      "geometry": {
        "type": "LineString",
        "coordinates": [
          [
            129.1757871,
            35.4064844
          ],
          [
            129.1759816,
            35.4068238
          ],
          [
            129.1762456,
            35.4067233
          ],
          [
            129.1760512,
            35.4063839
          ],
          [
            129.1757871,
            35.4064844
          ]
        ]
      },
      "properties": {
        "frequency": "60",
        "location": "outdoor",
        "name": "서창변전소",
        "name:ko": "서창변전소",
        "power": "substation",
        "substation": "transition",
        "voltage": "345000"
      }
    },
    {
      "type": "Feature",
      "geometry": {
        "type": "LineString",
        "coordinates": [
          [
            126.9225943,
            36.7908664
          ],
          [
            126.9252647,
            36.7922338
          ],
          [
            126.926015,
            36.7912941
          ],
          [
            126.9233446,
            36.7899267
          ],
          [
            126.9225943,
            36.7908664
          ]
        ]
      },
      "properties": {
        "frequency": "60",
        "location": "outdoor",
        "name": "아산변전소",
        "name:en": "Asan Substation",
        "name:ko": "아산변전소",
        "power": "substation",
        "substation": "transmission",
        "voltage": "345000"
      }
    },
    {
      "type": "Feature",
      "geometry": {
        "type": "LineString",
        "coordinates": [
          [
            127.0403008,
            36.7650731
          ],
          [
            127.0409275,
            36.7654409
          ],
          [
            127.0409428,
            36.7655462
          ],
          [
            127.0407016,
            36.7658099
          ],
          [
            127.0406292,
            36.7658095
          ],
          [
            127.0405475,
            36.7657615
          ],
          [
            127.0405201,
            36.7657914
          ],
          [
            127.0400457,
            36.765513
          ],
          [
            127.0401895,
            36.7653556
          ],
          [
            127.0400938,
            36.7652994
          ],
          [
            127.0403008,
            36.7650731
          ]
        ]
      },
      "properties": {
        "frequency": "60",
        "location": "outdoor",
        "name": "온양변전소",
        "name:en": "Onyang Substaton",
        "name:ko": "온양변전소",
        "power": "substation",
        "substation": "distribution",
        "voltage": "154000"
      }
    },
    {
      "type": "Feature",
      "geometry": {
        "type": "LineString",
        "coordinates": [
          [
            126.6367317,
            36.7699189
          ],
          [
            126.6382429,
            36.7730109
          ],
          [
            126.6377994,
            36.773149
          ],
          [
            126.6379308,
            36.773445
          ],
          [
            126.6381033,
            36.7733924
          ],
          [
            126.6381936,
            36.7735503
          ],
          [
            126.6399182,
            36.7729845
          ],
          [
            126.6407641,
            36.7721951
          ],
          [
            126.6391955,
            36.7691295
          ],
          [
            126.6367317,
            36.7699189
          ]
        ]
      },
      "properties": {
        "frequency": "60",
        "gas_insulated": "yes",
        "location": "outdoor",
        "name": "신서산변전소",
        "name:en": "Shin-Seosan Substation",
        "name:ko": "신서산변전소",
        "power": "substation",
        "substation": "transmission",
        "voltage": "765000"
      }
    },
    {
      "type": "Feature",
      "geometry": {
        "type": "LineString",
        "coordinates": [
          [
            127.1623886,
            37.4269128
          ],
          [
            127.1620465,
            37.4262377
          ],
          [
            127.163377,
            37.4258125
          ],
          [
            127.1634977,
            37.4260507
          ],
          [
            127.1635299,
            37.4261141
          ],
          [
            127.1632654,
            37.4261986
          ],
          [
            127.1634547,
            37.4265721
          ],
          [
            127.1623886,
            37.4269128
          ]
        ]
      },
      "properties": {
        "frequency": "60",
        "location": "indoor",
        "name": "성현변전소",
        "name:en": "Seonghyun Substation",
        "name:ko": "성현변전소",
        "power": "substation",
        "substation": "distribution",
        "voltage": "154000"
      }
    },
    {
      "type": "Feature",
      "geometry": {
        "type": "LineString",
        "coordinates": [
          [
            127.1667081,
            37.5084649
          ],
          [
            127.1700488,
            37.5115087
          ],
          [
            127.1668259,
            37.5137848
          ],
          [
            127.166565,
            37.5135512
          ],
          [
            127.1661022,
            37.5136513
          ],
          [
            127.165976,
            37.513084
          ],
          [
            127.1660097,
            37.5128904
          ],
          [
            127.1672025,
            37.5120508
          ],
          [
            127.167027,
            37.5119305
          ],
          [
            127.1671252,
            37.511855
          ],
          [
            127.166911,
            37.5116732
          ],
          [
            127.166908,
            37.5115812
          ],
          [
            127.167021,
            37.5114066
          ],
          [
            127.1671757,
            37.5113193
          ],
          [
            127.1652179,
            37.509495
          ],
          [
            127.1667081,
            37.5084649
          ]
        ]
      },
      "properties": {
        "frequency": "60",
        "location": "outdoor",
        "name": "동서울 변전소",
        "name:en": "East Seoul Substation",
        "name:ko": "동서울 변전소",
        "power": "substation",
        "ref": "동서울",
        "substation": "transmission",
        "voltage": "345000"
      }
    },
    {
      "type": "Feature",
      "geometry": {
        "type": "LineString",
        "coordinates": [
          [
            127.184559,
            37.5948624
          ],
          [
            127.1846422,
            37.5975417
          ],
          [
            127.1835133,
            37.5975788
          ],
          [
            127.1825092,
            37.596573
          ],
          [
            127.1818953,
            37.5958393
          ],
          [
            127.1813907,
            37.5950149
          ],
          [
            127.1835705,
            37.594883
          ],
          [
            127.184559,
            37.5948624
          ]
        ]
      },
      "properties": {
        "frequency": "60",
        "location": "outdoor",
        "name": "미금변전소",
        "name:en": "Migeum Substation",
        "power": "substation",
        "substation": "transmission",
        "voltage": "345000"
      }
    },
    {
      "type": "Feature",
      "geometry": {
        "type": "LineString",
        "coordinates": [
          [
            126.9184997,
            37.6843225
          ],
          [
            126.9194038,
            37.6850073
          ],
          [
            126.9196091,
            37.6850248
          ],
          [
            126.9202136,
            37.6855208
          ],
          [
            126.9209652,
            37.6850336
          ],
          [
            126.9211871,
            37.6852114
          ],
          [
            126.9219109,
            37.684689
          ],
          [
            126.9197061,
            37.6828981
          ],
          [
            126.9189795,
            37.68355
          ],
          [
            126.9189629,
            37.6836487
          ],
          [
            126.91901,
            37.6837541
          ],
          [
            126.9190932,
            37.6838309
          ],
          [
            126.9190932,
            37.6838858
          ],
          [
            126.9184997,
            37.6843225
          ]
        ]
      },
      "properties": {
        "frequency": "60",
        "location": "outdoor",
        "name": "양주변전소",
        "name:en": "Yangju Substation",
        "name:ko": "양주변전소",
        "power": "substation",
        "ref": "양주",
        "substation": "transmission",
        "voltage": "345000"
      }
    },
    {
      "type": "Feature",
      "geometry": {
        "type": "LineString",
        "coordinates": [
          [
            128.5634676,
            36.7764652
          ],
          [
            128.5666669,
            36.7771236
          ],
          [
            128.5676005,
            36.7742131
          ],
          [
            128.5664,
            36.7739661
          ],
          [
            128.5644012,
            36.7735547
          ],
          [
            128.5634676,
            36.7764652
          ]
        ]
      },
      "properties": {
        "frequency": "60",
        "location": "outdoor",
        "name": "신영주변전소",
        "name:en": "New Yeongju Substation",
        "name:ko": "신영주변전소",
        "name:ko-Latn": "Sin-Yeongju",
        "power": "substation",
        "ref": "신영주",
        "substation": "transmission",
        "voltage": "345000"
      }
    },
    {
      "type": "Feature",
      "geometry": {
        "type": "LineString",
        "coordinates": [
          [
            128.9603256,
            37.2575665
          ],
          [
            128.9627024,
            37.2575777
          ],
          [
            128.9627232,
            37.254771
          ],
          [
            128.9624,
            37.2547695
          ],
          [
            128.9623991,
            37.254886
          ],
          [
            128.961767,
            37.2548831
          ],
          [
            128.9617615,
            37.255629
          ],
          [
            128.9603401,
            37.2556223
          ],
          [
            128.9603256,
            37.2575665
          ]
        ]
      },
      "properties": {
        "frequency": "60",
        "location": "outdoor",
        "name": "신태백변전소",
        "name:en": "New Taebaek Substation",
        "name:ko": "신태백변전소",
        "power": "substation",
        "ref": "신태백",
        "substation": "transmission",
        "voltage": "765000"
      }
    },
    {
      "type": "Feature",
      "geometry": {
        "type": "LineString",
        "coordinates": [
          [
            127.2307064,
            36.2988409
          ],
          [
            127.2315665,
            36.2988591
          ],
          [
            127.2315804,
            36.2984301
          ],
          [
            127.2307204,
            36.2984119
          ],
          [
            127.2307064,
            36.2988409
          ]
        ]
      },
      "properties": {
        "frequency": "60",
        "location": "indoor",
        "name": "두마변전소",
        "name:ko": "두마변전소",
        "power": "substation",
        "substation": "distribution",
        "voltage": "154000"
      }
    },
    {
      "type": "Feature",
      "geometry": {
        "type": "LineString",
        "coordinates": [
          [
            127.1095012,
            36.1778507
          ],
          [
            127.1095717,
            36.1780576
          ],
          [
            127.109672,
            36.1780935
          ],
          [
            127.1096794,
            36.1782344
          ],
          [
            127.110021,
            36.1785851
          ],
          [
            127.1110125,
            36.177566
          ],
          [
            127.1105483,
            36.1768077
          ],
          [
            127.1095012,
            36.1778507
          ]
        ]
      },
      "properties": {
        "frequency": "60",
        "location": "outdoor",
        "name": "은진변전소",
        "name:en": "Eunjin Substation",
        "name:ko": "은진변전소",
        "power": "substation",
        "substation": "transmission",
        "voltage": "154000"
      }
    },
    {
      "type": "Feature",
      "geometry": {
        "type": "LineString",
        "coordinates": [
          [
            127.3974121,
            36.6814052
          ],
          [
            127.3977632,
            36.6814496
          ],
          [
            127.3978165,
            36.6814282
          ],
          [
            127.3978432,
            36.6813904
          ],
          [
            127.3979787,
            36.6808652
          ],
          [
            127.3975825,
            36.6808076
          ],
          [
            127.3974953,
            36.6811136
          ],
          [
            127.3974524,
            36.6812641
          ],
          [
            127.3974121,
            36.6814052
          ]
        ]
      },
      "properties": {
        "frequency": "60",
        "location": "indoor",
        "name": "국사변전소",
        "name:en": "Guksa Substation",
        "name:ko": "국사변전소",
        "power": "substation",
        "substation": "distribution",
        "voltage": "154000"
      }
    },
    {
      "type": "Feature",
      "geometry": {
        "type": "LineString",
        "coordinates": [
          [
            127.0570683,
            37.8834593
          ],
          [
            127.0577818,
            37.8834204
          ],
          [
            127.0579031,
            37.8832728
          ],
          [
            127.0578531,
            37.8827012
          ],
          [
            127.0571251,
            37.8827409
          ],
          [
            127.0570154,
            37.8828533
          ],
          [
            127.0570683,
            37.8834593
          ]
        ]
      },
      "properties": {
        "frequency": "60",
        "location": "outdoor",
        "name": "동두천변전소",
        "name:ko": "동두천변전소",
        "power": "substation",
        "substation": "distribution",
        "voltage": "154000"
      }
    },
    {
      "type": "Feature",
      "geometry": {
        "type": "LineString",
        "coordinates": [
          [
            127.0513104,
            37.829066
          ],
          [
            127.0513116,
            37.8288797
          ],
          [
            127.0513125,
            37.8287162
          ],
          [
            127.051313,
            37.8286343
          ],
          [
            127.0515401,
            37.8286351
          ],
          [
            127.0515379,
            37.8289978
          ],
          [
            127.0514676,
            37.8289975
          ],
          [
            127.0514672,
            37.8290666
          ],
          [
            127.0513104,
            37.829066
          ]
        ]
      },
      "properties": {
        "building": "yes",
        "frequency": "60",
        "location": "indoor",
        "name": "덕계변전소",
        "name:en": "Deokgye Substation",
        "name:ko": "덕계변전소",
        "power": "substation",
        "substation": "distribution",
        "voltage": "154000"
      }
    },
    {
      "type": "Feature",
      "geometry": {
        "type": "LineString",
        "coordinates": [
          [
            127.0179337,
            37.7561964
          ],
          [
            127.0179505,
            37.7564393
          ],
          [
            127.017964,
            37.756634
          ],
          [
            127.0182009,
            37.7566237
          ],
          [
            127.0181757,
            37.7562601
          ],
          [
            127.0181104,
            37.7562629
          ],
          [
            127.0181053,
            37.756189
          ],
          [
            127.0179337,
            37.7561964
          ]
        ]
      },
      "properties": {
        "building": "yes",
        "frequency": "60",
        "location": "indoor",
        "name": "녹양변전소",
        "name:en": "Nogyang Substation",
        "name:ko": "녹양변전소",
        "operator": "한국전력공사",
        "operator:en": "Korea Electric Power Corporation",
        "operator:ko": "한국전력공사",
        "operator:short": "KEPCO",
        "operator:wikidata": "Q486737",
        "power": "substation",
        "substation": "distribution",
        "voltage": "154000"
      }
    },
    {
      "type": "Feature",
      "geometry": {
        "type": "LineString",
        "coordinates": [
          [
            127.5009556,
            37.6183479
          ],
          [
            127.5057554,
            37.6168465
          ],
          [
            127.5047337,
            37.6147241
          ],
          [
            127.5006986,
            37.615966
          ],
          [
            127.500448,
            37.6164444
          ],
          [
            127.5008592,
            37.6173555
          ],
          [
            127.5007564,
            37.6173809
          ],
          [
            127.5008978,
            37.6176812
          ],
          [
            127.5006793,
            37.6177372
          ],
          [
            127.5009556,
            37.6183479
          ]
        ]
      },
      "properties": {
        "frequency": "60",
        "location": "outdoor",
        "name": "신가평변전소",
        "name:en": "Shin-Gapyeong Substation",
        "name:ko": "신가평변전소",
        "power": "substation",
        "substation": "transmission",
        "voltage": "765000"
      }
    },
    {
      "type": "Feature",
      "geometry": {
        "type": "LineString",
        "coordinates": [
          [
            129.3665197,
            35.9577637
          ],
          [
            129.3669143,
            35.9583399
          ],
          [
            129.3668367,
            35.9583726
          ],
          [
            129.366884,
            35.9584327
          ],
          [
            129.366803,
            35.9584682
          ],
          [
            129.3669244,
            35.9586238
          ],
          [
            129.3659294,
            35.9590743
          ],
          [
            129.3658147,
            35.9589187
          ],
          [
            129.3656561,
            35.9590006
          ],
          [
            129.3658113,
            35.9582661
          ],
          [
            129.3659327,
            35.9582197
          ],
          [
            129.3658147,
            35.9580259
          ],
          [
            129.3663206,
            35.9577392
          ],
          [
            129.3663814,
            35.9578265
          ],
          [
            129.3665197,
            35.9577637
          ]
        ]
      },
      "properties": {
        "frequency": "60",
        "location": "outdoor",
        "name": "영일변전소",
        "name:en": "Yeongil Substation",
        "name:ko": "영일변전소",
        "power": "substation",
        "substation": "distribution",
        "voltage": "154000"
      }
    },
    {
      "type": "Feature",
      "geometry": {
        "type": "LineString",
        "coordinates": [
          [
            126.9292915,
            34.9637864
          ],
          [
            126.9311693,
            34.9660869
          ],
          [
            126.9323173,
            34.9654576
          ],
          [
            126.9304395,
            34.9631571
          ],
          [
            126.9292915,
            34.9637864
          ]
        ]
      },
      "properties": {
        "frequency": "60",
        "location": "outdoor",
        "name": "신화순변전소",
        "name:en": "Shin-Hwasun Substation",
        "name:ko": "신화순변전소",
        "power": "substation",
        "substation": "transmission",
        "voltage": "345000"
      }
    },
    {
      "type": "Feature",
      "geometry": {
        "type": "LineString",
        "coordinates": [
          [
            127.2738643,
            38.0558105
          ],
          [
            127.2738727,
            38.0557448
          ],
          [
            127.2737714,
            38.0557367
          ],
          [
            127.2738232,
            38.0553316
          ],
          [
            127.2741027,
            38.0553537
          ],
          [
            127.2740426,
            38.0558246
          ],
          [
            127.2738643,
            38.0558105
          ]
        ]
      },
      "properties": {
        "building": "yes",
        "frequency": "60",
        "location": "indoor",
        "name": "운천변전소",
        "name:en": "Uncheon Substation",
        "name:ko": "운천변전소",
        "operator": "한국전력공사",
        "operator:en": "Korea Electric Power Corporation",
        "operator:ko": "한국전력공사",
        "operator:short": "KEPCO",
        "operator:wikidata": "Q486737",
        "power": "substation",
        "substation": "distribution",
        "voltage": "154000"
      }
    },
    {
      "type": "Feature",
      "geometry": {
        "type": "LineString",
        "coordinates": [
          [
            128.7923432,
            35.9181624
          ],
          [
            128.7930719,
            35.9184331
          ],
          [
            128.7933592,
            35.9179259
          ],
          [
            128.7926305,
            35.9176552
          ],
          [
            128.7923432,
            35.9181624
          ]
        ]
      },
      "properties": {
        "frequency": "60",
        "location": "indoor",
        "name": "하양변전소",
        "name:en": "Hayang Substation",
        "name:ko": "하양변전소",
        "power": "substation",
        "substation": "distribution",
        "voltage": "154000"
      }
    },
    {
      "type": "Feature",
      "geometry": {
        "type": "LineString",
        "coordinates": [
          [
            126.6991665,
            34.7302896
          ],
          [
            126.7006487,
            34.7322739
          ],
          [
            126.7038358,
            34.7306659
          ],
          [
            126.7023536,
            34.7286817
          ],
          [
            126.6991665,
            34.7302896
          ]
        ]
      },
      "properties": {
        "frequency": "60",
        "location": "outdoor",
        "name": "신강진변전소",
        "name:en": "Shin-Gangjin Substation",
        "name:ko": "신강진변전소",
        "power": "substation",
        "substation": "transmission",
        "voltage": "345000"
      }
    },
    {
      "type": "Feature",
      "geometry": {
        "type": "LineString",
        "coordinates": [
          [
            129.3760718,
            35.9480731
          ],
          [
            129.3752499,
            35.9484314
          ],
          [
            129.3756346,
            35.9490097
          ],
          [
            129.3765252,
            35.9486214
          ],
          [
            129.3761779,
            35.9480995
          ],
          [
            129.3760718,
            35.9480731
          ]
        ]
      },
      "properties": {
        "frequency": "60",
        "location": "outdoor",
        "name": "대송변전소",
        "name:ko": "대송변전소",
        "power": "substation",
        "substation": "distribution",
        "voltage": "154000"
      }
    },
    {
      "type": "Feature",
      "geometry": {
        "type": "LineString",
        "coordinates": [
          [
            129.2437008,
            35.9145664
          ],
          [
            129.2443389,
            35.9148722
          ],
          [
            129.2445937,
            35.9145236
          ],
          [
            129.2442706,
            35.9143687
          ],
          [
            129.2443321,
            35.9142846
          ],
          [
            129.2440481,
            35.9141484
          ],
          [
            129.2438371,
            35.9144439
          ],
          [
            129.2437884,
            35.9144483
          ],
          [
            129.2437008,
            35.9145664
          ]
        ]
      },
      "properties": {
        "frequency": "60",
        "location": "indoor",
        "name": "천북변전소",
        "name:en": "Cheonbuk Substation",
        "name:ko": "천북변전소",
        "power": "substation",
        "substation": "distribution",
        "voltage": "154000"
      }
    },
    {
      "type": "Feature",
      "geometry": {
        "type": "LineString",
        "coordinates": [
          [
            127.3306916,
            38.1802171
          ],
          [
            127.3314309,
            38.1803967
          ],
          [
            127.3314697,
            38.1802982
          ],
          [
            127.3327647,
            38.1806128
          ],
          [
            127.3331095,
            38.1797359
          ],
          [
            127.3314476,
            38.1793322
          ],
          [
            127.3312026,
            38.1799553
          ],
          [
            127.3309849,
            38.1799024
          ],
          [
            127.3307516,
            38.1800645
          ],
          [
            127.3306916,
            38.1802171
          ]
        ]
      },
      "properties": {
        "frequency": "60",
        "location": "outdoor",
        "name": "철원변전소",
        "name:en": "Cheorwon Substation",
        "name:ko": "철원변전소",
        "operator": "한국전력공사",
        "operator:en": "Korea Electric Power Corporation",
        "operator:ko": "한국전력공사",
        "operator:short": "KEPCO",
        "operator:wikidata": "Q486737",
        "power": "substation",
        "substation": "distribution",
        "voltage": "154000"
      }
    },
    {
      "type": "Feature",
      "geometry": {
        "type": "LineString",
        "coordinates": [
          [
            128.5505284,
            38.0156579
          ],
          [
            128.5510942,
            38.0162209
          ],
          [
            128.5525294,
            38.0153259
          ],
          [
            128.5519636,
            38.0147628
          ],
          [
            128.5505284,
            38.0156579
          ]
        ]
      },
      "properties": {
        "frequency": "60",
        "location": "outdoor",
        "name": "신양양변전소",
        "name:en": "Shin-Yangyang Substation",
        "name:ko": "신양양변전소",
        "power": "substation",
        "substation": "transmission",
        "voltage": "345000"
      }
    },
    {
      "type": "Feature",
      "geometry": {
        "type": "LineString",
        "coordinates": [
          [
            129.0978059,
            37.5107711
          ],
          [
            129.1006333,
            37.5113724
          ],
          [
            129.1008816,
            37.5106379
          ],
          [
            129.101089,
            37.510682
          ],
          [
            129.1013366,
            37.5099496
          ],
          [
            129.0983017,
            37.5093041
          ],
          [
            129.0978059,
            37.5107711
          ]
        ]
      },
      "properties": {
        "frequency": "60",
        "location": "outdoor",
        "name": "동해변전소",
        "name:en": "Donghae Substation",
        "name:ko": "동해변전소",
        "power": "substation",
        "ref": "동해",
        "source": "http://wikimapia.org/19083914/ko/한국전력공사-동해변전소",
        "substation": "transmission",
        "voltage": "345000"
      }
    },
    {
      "type": "Feature",
      "geometry": {
        "type": "LineString",
        "coordinates": [
          [
            128.2300249,
            37.177898
          ],
          [
            128.2337699,
            37.1795977
          ],
          [
            128.2347331,
            37.1782505
          ],
          [
            128.2344551,
            37.1781243
          ],
          [
            128.2350542,
            37.1772864
          ],
          [
            128.2312516,
            37.1755605
          ],
          [
            128.2307426,
            37.1762725
          ],
          [
            128.2310781,
            37.1764248
          ],
          [
            128.2300249,
            37.177898
          ]
        ]
      },
      "properties": {
        "frequency": "60",
        "location": "outdoor",
        "name": "신제천변전소",
        "name:en": "New Jecheon Substation",
        "name:ko": "신제천변전소",
        "power": "substation",
        "ref": "신제천",
        "substation": "transmission",
        "voltage": "345000"
      }
    },
    {
      "type": "Feature",
      "geometry": {
        "type": "LineString",
        "coordinates": [
          [
            127.1506209,
            37.5368167
          ],
          [
            127.1507211,
            37.5368596
          ],
          [
            127.1507088,
            37.5368776
          ],
          [
            127.1511263,
            37.5370564
          ],
          [
            127.1512473,
            37.5368786
          ],
          [
            127.1509063,
            37.5367326
          ],
          [
            127.1508197,
            37.5366955
          ],
          [
            127.1508087,
            37.5367116
          ],
          [
            127.1507187,
            37.5366731
          ],
          [
            127.1506209,
            37.5368167
          ]
        ]
      },
      "properties": {
        "building": "yes",
        "frequency": "60",
        "location": "indoor",
        "name": "강동변전소",
        "name:en": "Gangdong Substation",
        "name:ko": "강동변전소",
        "power": "substation",
        "substation": "distribution",
        "voltage": "154000"
      }
    },
    {
      "type": "Feature",
      "geometry": {
        "type": "LineString",
        "coordinates": [
          [
            127.3356713,
            37.371894
          ],
          [
            127.3378276,
            37.3716483
          ],
          [
            127.3377007,
            37.370945
          ],
          [
            127.3355444,
            37.3711907
          ],
          [
            127.3355941,
            37.3714661
          ],
          [
            127.3356046,
            37.3715241
          ],
          [
            127.3356713,
            37.371894
          ]
        ]
      },
      "properties": {
        "frequency": "60",
        "gas_insulated": "yes",
        "location": "outdoor",
        "name": "곤지암변전소",
        "name:en": "Gonjiam Substation",
        "name:ko": "곤지암변전소",
        "power": "substation",
        "ref": "곤지암",
        "substation": "transmission",
        "voltage": "345000"
      }
    },
    {
      "type": "Feature",
      "geometry": {
        "type": "LineString",
        "coordinates": [
          [
            127.0544789,
            37.6977639
          ],
          [
            127.0546516,
            37.6978058
          ],
          [
            127.0546332,
            37.6978532
          ],
          [
            127.0553286,
            37.6980208
          ],
          [
            127.0556602,
            37.6971134
          ],
          [
            127.0555225,
            37.6969575
          ],
          [
            127.0552065,
            37.6965996
          ],
          [
            127.0551329,
            37.6963317
          ],
          [
            127.0546055,
            37.6963736
          ],
          [
            127.0544559,
            37.6976618
          ],
          [
            127.0544996,
            37.6976691
          ],
          [
            127.0544789,
            37.6977639
          ]
        ]
      },
      "properties": {
        "frequency": "60",
        "location": "outdoor",
        "name": "도봉변전소",
        "name:en": "Dobong Substation",
        "name:ko": "도봉변전소",
        "operator": "한국전력공사",
        "operator:en": "Korea Electric Power Corporation",
        "operator:ko": "한국전력공사",
        "operator:short": "KEPCO",
        "operator:wikidata": "Q486737",
        "power": "substation",
        "substation": "distribution",
        "voltage": "154000"
      }
    },
    {
      "type": "Feature",
      "geometry": {
        "type": "LineString",
        "coordinates": [
          [
            126.7701727,
            37.7410291
          ],
          [
            126.7712469,
            37.7410894
          ],
          [
            126.7715711,
            37.7405667
          ],
          [
            126.7718953,
            37.7398529
          ],
          [
            126.7721877,
            37.7387672
          ],
          [
            126.7704333,
            37.7386516
          ],
          [
            126.7701727,
            37.7410291
          ]
        ]
      },
      "properties": {
        "frequency": "60",
        "location": "indoor",
        "name": "신파주변전소",
        "name:en": "Shin-Paju Substation",
        "name:ko": "신파주변전소",
        "operator": "한국전력공사",
        "operator:en": "Korea Electric Power Corporation",
        "operator:ko": "한국전력공사",
        "operator:short": "KEPCO",
        "operator:wikidata": "Q486737",
        "power": "substation",
        "ref": "신파주",
        "substation": "transmission",
        "voltage": "345000"
      }
    },
    {
      "type": "Feature",
      "geometry": {
        "type": "LineString",
        "coordinates": [
          [
            126.7673762,
            37.8058298
          ],
          [
            126.7680122,
            37.8057131
          ],
          [
            126.7679943,
            37.805652
          ],
          [
            126.7679424,
            37.8054753
          ],
          [
            126.7679027,
            37.8053401
          ],
          [
            126.7678629,
            37.8052048
          ],
          [
            126.7677648,
            37.8048707
          ],
          [
            126.7671288,
            37.8049874
          ],
          [
            126.7673762,
            37.8058298
          ]
        ]
      },
      "properties": {
        "building": "yes",
        "frequency": "60",
        "gas_insulated": "yes",
        "location": "indoor",
        "name": "신덕은변전소",
        "name:en": "Shin-Deokeun Substation",
        "name:ko": "신덕은변전소",
        "operator": "한국전력공사",
        "operator:en": "Korea Electric Power Corporation",
        "operator:ko": "한국전력공사",
        "operator:short": "KEPCO",
        "operator:wikidata": "Q486737",
        "power": "substation",
        "substation": "transmission",
        "voltage": "345000"
      }
    },
    {
      "type": "Feature",
      "geometry": {
        "type": "LineString",
        "coordinates": [
          [
            126.9970246,
            37.8099167
          ],
          [
            126.9971333,
            37.809946
          ],
          [
            126.9971546,
            37.809897
          ],
          [
            126.997274,
            37.8099293
          ],
          [
            126.9973068,
            37.8098534
          ],
          [
            126.9973906,
            37.8096599
          ],
          [
            126.9974536,
            37.8095143
          ],
          [
            126.9972992,
            37.8094726
          ],
          [
            126.9972646,
            37.8095526
          ],
          [
            126.9971909,
            37.8095327
          ],
          [
            126.9970246,
            37.8099167
          ]
        ]
      },
      "properties": {
        "building": "yes",
        "frequency": "60",
        "location": "indoor",
        "name": "백석변전소",
        "name:en": "Baekseok Substation",
        "name:ko": "백석변전소",
        "operator": "한국전력공사",
        "operator:en": "Korea Electric Power Corporation",
        "operator:ko": "한국전력공사",
        "operator:short": "KEPCO",
        "operator:wikidata": "Q486737",
        "power": "substation",
        "substation": "distribution",
        "voltage": "154000"
      }
    },
    {
      "type": "Feature",
      "geometry": {
        "type": "LineString",
        "coordinates": [
          [
            126.8140466,
            37.7666061
          ],
          [
            126.8143216,
            37.766555
          ],
          [
            126.8143099,
            37.7665155
          ],
          [
            126.8142839,
            37.766428
          ],
          [
            126.8142562,
            37.766335
          ],
          [
            126.8142298,
            37.7662463
          ],
          [
            126.814202,
            37.7661528
          ],
          [
            126.813927,
            37.7662039
          ],
          [
            126.8139931,
            37.7664263
          ],
          [
            126.8140466,
            37.7666061
          ]
        ]
      },
      "properties": {
        "building": "yes",
        "frequency": "60",
        "gas_insulated": "yes",
        "location": "indoor",
        "name": "금촌변전소",
        "name:en": "Geumchon Substation",
        "name:ko": "금촌변전소",
        "operator": "한국전력공사",
        "operator:en": "Korea Electric Power Corporation",
        "operator:ko": "한국전력공사",
        "operator:short": "KEPCO",
        "operator:wikidata": "Q486737",
        "power": "substation",
        "substation": "distribution",
        "voltage": "154000"
      }
    },
    {
      "type": "Feature",
      "geometry": {
        "type": "LineString",
        "coordinates": [
          [
            126.9621487,
            37.2912245
          ],
          [
            126.9626359,
            37.2912947
          ],
          [
            126.9627162,
            37.2913544
          ],
          [
            126.9631713,
            37.2915013
          ],
          [
            126.9635889,
            37.2916078
          ],
          [
            126.9640949,
            37.2917995
          ],
          [
            126.9639798,
            37.2919912
          ],
          [
            126.9641752,
            37.29207
          ],
          [
            126.9642073,
            37.2921978
          ],
          [
            126.9637201,
            37.2928154
          ],
          [
            126.963613,
            37.2928431
          ],
          [
            126.9626252,
            37.2922191
          ],
          [
            126.9623896,
            37.2921509
          ],
          [
            126.9621273,
            37.2917761
          ],
          [
            126.9619506,
            37.2916994
          ],
          [
            126.9619318,
            37.2915397
          ],
          [
            126.9621487,
            37.2912245
          ]
        ]
      },
      "properties": {
        "frequency": "60",
        "location": "outdoor",
        "name": "서수원변전소",
        "name:en": "Seosu Substation",
        "name:ko": "서수원변전소",
        "power": "substation",
        "substation": "distribution",
        "voltage": "154000"
      }
    },
    {
      "type": "Feature",
      "geometry": {
        "type": "LineString",
        "coordinates": [
          [
            127.3797768,
            36.4218051
          ],
          [
            127.3803381,
            36.4220304
          ],
          [
            127.3809054,
            36.4211157
          ],
          [
            127.3804165,
            36.4209193
          ],
          [
            127.3804532,
            36.4208602
          ],
          [
            127.3802996,
            36.4207985
          ],
          [
            127.3801075,
            36.4211083
          ],
          [
            127.3801887,
            36.4211409
          ],
          [
            127.3797768,
            36.4218051
          ]
        ]
      },
      "properties": {
        "frequency": "60",
        "location": "outdoor",
        "name": "덕진변전소",
        "name:en": "Deokjin Substation",
        "name:ko": "덕진변전소",
        "power": "substation",
        "substation": "distribution",
        "voltage": "154000"
      }
    },
    {
      "type": "Feature",
      "geometry": {
        "type": "LineString",
        "coordinates": [
          [
            127.4585585,
            36.3428876
          ],
          [
            127.4587882,
            36.3428869
          ],
          [
            127.4587857,
            36.3423887
          ],
          [
            127.4584741,
            36.3423897
          ],
          [
            127.4584763,
            36.3428349
          ],
          [
            127.4585583,
            36.3428346
          ],
          [
            127.4585585,
            36.3428876
          ]
        ]
      },
      "properties": {
        "building": "yes",
        "frequency": "60",
        "location": "indoor",
        "name": "용운변전소",
        "name:en": "Yongun Substation",
        "name:ko": "용운변전소",
        "power": "substation",
        "substation": "distribution",
        "voltage": "154000"
      }
    },
    {
      "type": "Feature",
      "geometry": {
        "type": "LineString",
        "coordinates": [
          [
            127.377757,
            36.3800044
          ],
          [
            127.3782599,
            36.3800056
          ],
          [
            127.3782607,
            36.3798066
          ],
          [
            127.3776821,
            36.3798052
          ],
          [
            127.3776815,
            36.3799548
          ],
          [
            127.3777571,
            36.379955
          ],
          [
            127.377757,
            36.3800044
          ]
        ]
      },
      "properties": {
        "building": "yes",
        "frequency": "60",
        "location": "indoor",
        "name": "대덕변전소",
        "name:en": "Daedeok Substation",
        "name:ko": "대덕변전소",
        "power": "substation",
        "substation": "distribution",
        "voltage": "154000"
      }
    },
    {
      "type": "Feature",
      "geometry": {
        "type": "LineString",
        "coordinates": [
          [
            127.442985,
            36.6068154
          ],
          [
            127.4431831,
            36.6068874
          ],
          [
            127.4433426,
            36.6066046
          ],
          [
            127.4434293,
            36.6064511
          ],
          [
            127.4431875,
            36.6063631
          ],
          [
            127.4429757,
            36.6067384
          ],
          [
            127.4430195,
            36.6067543
          ],
          [
            127.442985,
            36.6068154
          ]
        ]
      },
      "properties": {
        "building": "yes",
        "circuits": "Juknim Substation",
        "frequency": "60",
        "location": "indoor",
        "name": "죽림변전소",
        "name:ko": "죽림변전소",
        "power": "substation",
        "substation": "distribution",
        "voltage": "154000"
      }
    },
    {
      "type": "Feature",
      "geometry": {
        "type": "LineString",
        "coordinates": [
          [
            128.5306373,
            35.4452221
          ],
          [
            128.5311063,
            35.4453668
          ],
          [
            128.5321935,
            35.4455699
          ],
          [
            128.5325397,
            35.4444636
          ],
          [
            128.5325271,
            35.4441947
          ],
          [
            128.5322706,
            35.4440807
          ],
          [
            128.5319513,
            35.4440397
          ],
          [
            128.5315154,
            35.4440207
          ],
          [
            128.5314095,
            35.4443262
          ],
          [
            128.530961,
            35.4442239
          ],
          [
            128.5308265,
            35.4443759
          ],
          [
            128.5306345,
            35.4448713
          ],
          [
            128.5306373,
            35.4452221
          ]
        ]
      },
      "properties": {
        "frequency": "60",
        "location": "outdoor",
        "name": "창녕변전소",
        "name:en": "Changnyeong Substation",
        "name:ko": "창녕변전소",
        "power": "substation",
        "substation": "distribution",
        "voltage": "154000"
      }
    },
    {
      "type": "Feature",
      "geometry": {
        "type": "LineString",
        "coordinates": [
          [
            128.4729547,
            35.8445363
          ],
          [
            128.4738748,
            35.8445385
          ],
          [
            128.4738577,
            35.845258
          ],
          [
            128.4730189,
            35.8452509
          ],
          [
            128.4729547,
            35.8445363
          ]
        ]
      },
      "properties": {
        "frequency": "60",
        "location": "outdoor",
        "name": "강창변전소",
        "name:en": "Gangchang Substation",
        "name:ko": "강창변전소",
        "power": "substation",
        "substation": "distribution",
        "voltage": "154000"
      }
    },
    {
      "type": "Feature",
      "geometry": {
        "type": "LineString",
        "coordinates": [
          [
            128.4881065,
            35.3581605
          ],
          [
            128.4890649,
            35.3583321
          ],
          [
            128.4892034,
            35.3578178
          ],
          [
            128.4882449,
            35.3576462
          ],
          [
            128.4881065,
            35.3581605
          ]
        ]
      },
      "properties": {
        "frequency": "60",
        "location": "outdoor",
        "name": "칠서변전소",
        "name:en": "Chilseo Substation",
        "name:ko": "칠서변전소",
        "power": "substation",
        "substation": "distribution",
        "voltage": "154000"
      }
    },
    {
      "type": "Feature",
      "geometry": {
        "type": "LineString",
        "coordinates": [
          [
            128.3905133,
            35.7863617
          ],
          [
            128.3913368,
            35.7860683
          ],
          [
            128.3908288,
            35.7851301
          ],
          [
            128.3900054,
            35.7854235
          ],
          [
            128.3905133,
            35.7863617
          ]
        ]
      },
      "properties": {
        "frequency": "60",
        "location": "outdoor",
        "name": "다산변전소",
        "name:en": "Dasan Substation",
        "name:ko": "다산변전소",
        "power": "substation",
        "substation": "distribution",
        "voltage": "154000"
      }
    },
    {
      "type": "Feature",
      "geometry": {
        "type": "LineString",
        "coordinates": [
          [
            128.4546472,
            35.6575407
          ],
          [
            128.4553425,
            35.6578896
          ],
          [
            128.4557257,
            35.6573855
          ],
          [
            128.4550303,
            35.6570366
          ],
          [
            128.4546472,
            35.6575407
          ]
        ]
      },
      "properties": {
        "frequency": "60",
        "location": "indoor",
        "name": "유가변전소",
        "name:en": "Yuga Substation",
        "name:ko": "유가변전소",
        "power": "substation",
        "substation": "distribution",
        "voltage": "154000"
      }
    },
    {
      "type": "Feature",
      "geometry": {
        "type": "LineString",
        "coordinates": [
          [
            128.462,
            35.7294856
          ],
          [
            128.4641379,
            35.7300742
          ],
          [
            128.4643875,
            35.7298557
          ],
          [
            128.4645682,
            35.7297552
          ],
          [
            128.4648433,
            35.7296786
          ],
          [
            128.4650477,
            35.7292432
          ],
          [
            128.4625365,
            35.7283547
          ],
          [
            128.462,
            35.7294856
          ]
        ]
      },
      "properties": {
        "frequency": "60",
        "location": "outdoor",
        "name": "논공변전소",
        "name:en": "Nongong Substation",
        "name:ko": "논공변전소",
        "power": "substation",
        "substation": "distribution",
        "voltage": "154000"
      }
    },
    {
      "type": "Feature",
      "geometry": {
        "type": "LineString",
        "coordinates": [
          [
            128.5090398,
            35.8102561
          ],
          [
            128.5104358,
            35.8112458
          ],
          [
            128.5119901,
            35.8098498
          ],
          [
            128.5114525,
            35.8094619
          ],
          [
            128.5112983,
            35.8095922
          ],
          [
            128.5108508,
            35.8092953
          ],
          [
            128.5102985,
            35.8090591
          ],
          [
            128.509729,
            35.8096877
          ],
          [
            128.5090398,
            35.8102561
          ]
        ]
      },
      "properties": {
        "frequency": "60",
        "location": "outdoor",
        "name": "달성변전소",
        "name:ko": "달성변전소",
        "power": "substation",
        "substation": "distribution",
        "voltage": "154000"
      }
    },
    {
      "type": "Feature",
      "geometry": {
        "type": "LineString",
        "coordinates": [
          [
            127.1609222,
            37.9512101
          ],
          [
            127.1627053,
            37.9515926
          ],
          [
            127.1628952,
            37.9510421
          ],
          [
            127.1627336,
            37.9510075
          ],
          [
            127.1628503,
            37.9506691
          ],
          [
            127.1609968,
            37.9502715
          ],
          [
            127.1607978,
            37.9508483
          ],
          [
            127.1610298,
            37.950898
          ],
          [
            127.1609222,
            37.9512101
          ]
        ]
      },
      "properties": {
        "frequency": "60",
        "location": "outdoor",
        "name": "신포천변전소",
        "name:en": "Shin-Pocheon Substation",
        "name:ko": "신포천변전소",
        "power": "substation",
        "substation": "transmission",
        "voltage": "345000"
      }
    },
    {
      "type": "Feature",
      "geometry": {
        "type": "LineString",
        "coordinates": [
          [
            127.3462693,
            37.6569601
          ],
          [
            127.3462869,
            37.656815
          ],
          [
            127.3468386,
            37.6568571
          ],
          [
            127.3468155,
            37.6570473
          ],
          [
            127.3463787,
            37.6570141
          ],
          [
            127.3463842,
            37.6569688
          ],
          [
            127.3462693,
            37.6569601
          ]
        ]
      },
      "properties": {
        "building": "yes",
        "frequency": "60",
        "gas_insulated": "yes",
        "location": "indoor",
        "name": "마석변전소",
        "name:en": "Maseok Substation",
        "name:ko": "마석변전소",
        "operator": "한국전력공사",
        "operator:en": "Korea Electric Power Corporation",
        "operator:ko": "한국전력공사",
        "operator:short": "KEPCO",
        "operator:wikidata": "Q486737",
        "power": "substation",
        "substation": "distribution",
        "voltage": "154000"
      }
    },
    {
      "type": "Feature",
      "geometry": {
        "type": "LineString",
        "coordinates": [
          [
            126.6495134,
            37.5204486
          ],
          [
            126.6502535,
            37.5204401
          ],
          [
            126.6504278,
            37.5196355
          ],
          [
            126.6497053,
            37.5194344
          ],
          [
            126.6495046,
            37.5193785
          ],
          [
            126.6495134,
            37.5204486
          ]
        ]
      },
      "properties": {
        "frequency": "60",
        "location": "indoor",
        "name": "원창변전소",
        "name:ko": "원창변전소",
        "power": "substation",
        "substation": "distribution",
        "voltage": "154000"
      }
    },
    {
      "type": "Feature",
      "geometry": {
        "type": "LineString",
        "coordinates": [
          [
            129.0623189,
            35.3670452
          ],
          [
            129.0622469,
            35.366383
          ],
          [
            129.0616786,
            35.3664241
          ],
          [
            129.0617493,
            35.3670743
          ],
          [
            129.062229,
            35.3671023
          ],
          [
            129.0622785,
            35.3670987
          ],
          [
            129.0623189,
            35.3670452
          ]
        ]
      },
      "properties": {
        "location": "indoor",
        "name": "양산변전소",
        "name:ko": "양산변전소",
        "power": "substation"
      }
    },
    {
      "type": "Feature",
      "geometry": {
        "type": "LineString",
        "coordinates": [
          [
            129.0538279,
            35.195513
          ],
          [
            129.0541675,
            35.1946781
          ],
          [
            129.0540921,
            35.1942742
          ],
          [
            129.0537968,
            35.1941852
          ],
          [
            129.0537717,
            35.1942519
          ],
          [
            129.05369,
            35.194257
          ],
          [
            129.0531901,
            35.1941145
          ],
          [
            129.0527953,
            35.1954138
          ],
          [
            129.0532121,
            35.1955541
          ],
          [
            129.0538279,
            35.195513
          ]
        ]
      },
      "properties": {
        "frequency": "60",
        "location": "indoor",
        "name": "미남변전소",
        "name:en": "Minam Substation",
        "name:ko": "미남변전소",
        "power": "substation",
        "substation": "distribution",
        "voltage": "154000"
      }
    },
    {
      "type": "Feature",
      "geometry": {
        "type": "LineString",
        "coordinates": [
          [
            129.2079647,
            35.2492356
          ],
          [
            129.2086661,
            35.2492295
          ],
          [
            129.2085845,
            35.2488108
          ],
          [
            129.2084747,
            35.2485873
          ],
          [
            129.2079563,
            35.2485915
          ],
          [
            129.2079647,
            35.2492356
          ]
        ]
      },
      "properties": {
        "frequency": "60",
        "location": "indoor",
        "name": "기장변전소",
        "name:en": "Gijang Substation",
        "name:ko": "기장변전소",
        "name:ko-Latn": "Gijangbyeonjeonso",
        "power": "substation",
        "substation": "distribution",
        "voltage": "154000"
      }
    },
    {
      "type": "Feature",
      "geometry": {
        "type": "LineString",
        "coordinates": [
          [
            126.8999084,
            35.1158709
          ],
          [
            126.9010691,
            35.1160423
          ],
          [
            126.9011666,
            35.1160156
          ],
          [
            126.9012746,
            35.1157832
          ],
          [
            126.9014112,
            35.1144422
          ],
          [
            126.8999817,
            35.1144518
          ],
          [
            126.8999084,
            35.1158709
          ]
        ]
      },
      "properties": {
        "frequency": "60",
        "location": "outdoor",
        "name": "남광주변전소",
        "name:en": "Namgwangju Substation",
        "name:ko": "남광주변전소",
        "power": "substation",
        "substation": "distribution",
        "voltage": "154000"
      }
    },
    {
      "type": "Feature",
      "geometry": {
        "type": "LineString",
        "coordinates": [
          [
            128.4214933,
            35.9710485
          ],
          [
            128.4224108,
            35.9714846
          ],
          [
            128.4228054,
            35.9709658
          ],
          [
            128.4225871,
            35.9707793
          ],
          [
            128.4223867,
            35.9706512
          ],
          [
            128.4219059,
            35.970408
          ],
          [
            128.4215494,
            35.9709155
          ],
          [
            128.4214933,
            35.9710485
          ]
        ]
      },
      "properties": {
        "frequency": "60",
        "location": "outdoor",
        "name": "칠곡변전소",
        "name:ko": "칠곡변전소",
        "power": "substation",
        "substation": "distribution",
        "voltage": "154000"
      }
    },
    {
      "type": "Feature",
      "geometry": {
        "type": "LineString",
        "coordinates": [
          [
            126.4802608,
            35.2823437
          ],
          [
            126.4813504,
            35.2826077
          ],
          [
            126.4818034,
            35.2813618
          ],
          [
            126.4814659,
            35.28128
          ],
          [
            126.4807138,
            35.2810978
          ],
          [
            126.4802608,
            35.2823437
          ]
        ]
      },
      "properties": {
        "frequency": "60",
        "location": "outdoor",
        "name": "영광변전소",
        "name:en": "Yeonggwang Substation",
        "name:ko": "영광변전소",
        "power": "substation",
        "substation": "distribution",
        "voltage": "154000"
      }
    },
    {
      "type": "Feature",
      "geometry": {
        "type": "LineString",
        "coordinates": [
          [
            129.3592975,
            35.4818714
          ],
          [
            129.3593581,
            35.4828248
          ],
          [
            129.3602133,
            35.4828131
          ],
          [
            129.3601814,
            35.4818594
          ],
          [
            129.3592975,
            35.4818714
          ]
        ]
      },
      "properties": {
        "frequency": "60",
        "location": "indoor",
        "name": "용연변전소",
        "name:en": "Yongyeon Substation",
        "name:ko": "용연변전소",
        "power": "substation",
        "substation": "distribution",
        "voltage": "154000"
      }
    },
    {
      "type": "Feature",
      "geometry": {
        "type": "LineString",
        "coordinates": [
          [
            129.3175809,
            35.5807415
          ],
          [
            129.3183773,
            35.580895
          ],
          [
            129.3184227,
            35.5804422
          ],
          [
            129.3177038,
            35.5802954
          ],
          [
            129.3175809,
            35.5807415
          ]
        ]
      },
      "properties": {
        "frequency": "60",
        "location": "indoor",
        "name": "북울산변전소",
        "name:ko": "북울산변전소",
        "power": "substation",
        "substation": "distribution",
        "voltage": "154000"
      }
    },
    {
      "type": "Feature",
      "geometry": {
        "type": "LineString",
        "coordinates": [
          [
            129.3456583,
            35.5279756
          ],
          [
            129.3457854,
            35.5280043
          ],
          [
            129.3462234,
            35.5280024
          ],
          [
            129.346652,
            35.5276478
          ],
          [
            129.3462117,
            35.5271936
          ],
          [
            129.3459408,
            35.5274773
          ],
          [
            129.3457736,
            35.5277187
          ],
          [
            129.3456583,
            35.5279756
          ]
        ]
      },
      "properties": {
        "frequency": "60",
        "location": "indoor",
        "name": "매암변전소",
        "name:ko": "매암변전소",
        "power": "substation",
        "substation": "distribution",
        "voltage": "154000"
      }
    },
    {
      "type": "Feature",
      "geometry": {
        "type": "LineString",
        "coordinates": [
          [
            129.425246,
            35.5389047
          ],
          [
            129.4258535,
            35.5389285
          ],
          [
            129.4258666,
            35.5387067
          ],
          [
            129.425423,
            35.5386894
          ],
          [
            129.4252591,
            35.538683
          ],
          [
            129.425246,
            35.5389047
          ]
        ]
      },
      "properties": {
        "building": "yes",
        "frequency": "60",
        "location": "indoor",
        "name": "방어진변전소",
        "name:en": "Bangeojin Substation",
        "name:ko": "방어진변전소",
        "power": "substation",
        "substation": "distribution",
        "voltage": "154000"
      }
    },
    {
      "type": "Feature",
      "geometry": {
        "type": "LineString",
        "coordinates": [
          [
            129.3740466,
            35.5689863
          ],
          [
            129.3742938,
            35.5689863
          ],
          [
            129.3742938,
            35.568738
          ],
          [
            129.3742938,
            35.5685551
          ],
          [
            129.3740466,
            35.5685551
          ],
          [
            129.3740466,
            35.5689863
          ]
        ]
      },
      "properties": {
        "building": "yes",
        "frequency": "60",
        "location": "indoor",
        "name": "효문변전소",
        "name:ko": "효문변전소",
        "power": "substation",
        "substation": "distribution",
        "voltage": "154000"
      }
    },
    {
      "type": "Feature",
      "geometry": {
        "type": "LineString",
        "coordinates": [
          [
            128.8733419,
            37.7452394
          ],
          [
            128.8734387,
            37.7453099
          ],
          [
            128.8739175,
            37.7454606
          ],
          [
            128.8744463,
            37.745453
          ],
          [
            128.8745083,
            37.7453193
          ],
          [
            128.8749061,
            37.7451423
          ],
          [
            128.8749084,
            37.7450763
          ],
          [
            128.874968,
            37.7450104
          ],
          [
            128.8749728,
            37.7449577
          ],
          [
            128.8747655,
            37.7448955
          ],
          [
            128.8747131,
            37.7448654
          ],
          [
            128.874644,
            37.7447806
          ],
          [
            128.8747155,
            37.7447429
          ],
          [
            128.8730032,
            37.7440776
          ],
          [
            128.8725654,
            37.7448226
          ],
          [
            128.8734172,
            37.7451083
          ],
          [
            128.8733419,
            37.7452394
          ]
        ]
      },
      "properties": {
        "frequency": "60",
        "location": "outdoor",
        "name": "강릉변전소",
        "name:en": "Gangneung Substation",
        "name:ko": "강릉변전소",
        "power": "substation",
        "substation": "distribution",
        "voltage": "154000"
      }
    },
    {
      "type": "Feature",
      "geometry": {
        "type": "LineString",
        "coordinates": [
          [
            127.0467098,
            37.1458864
          ],
          [
            127.0471349,
            37.1459384
          ],
          [
            127.0473648,
            37.1459665
          ],
          [
            127.0475831,
            37.1461874
          ],
          [
            127.0479608,
            37.1459002
          ],
          [
            127.0480959,
            37.1448616
          ],
          [
            127.0477633,
            37.1448312
          ],
          [
            127.0477702,
            37.1447511
          ],
          [
            127.0471395,
            37.1446876
          ],
          [
            127.0469247,
            37.1447953
          ],
          [
            127.0468588,
            37.1453367
          ],
          [
            127.0467618,
            37.1453312
          ],
          [
            127.0467098,
            37.1458864
          ]
        ]
      },
      "properties": {
        "frequency": "60",
        "location": "underground",
        "name": "오산변전소",
        "name:en": "Osan Substation",
        "name:ko": "오산변전소",
        "power": "substation",
        "substation": "distribution",
        "voltage": "154000"
      }
    },
    {
      "type": "Feature",
      "geometry": {
        "type": "LineString",
        "coordinates": [
          [
            127.0199345,
            37.0303146
          ],
          [
            127.0215118,
            37.0311281
          ],
          [
            127.022243,
            37.0303425
          ],
          [
            127.0214668,
            37.0299128
          ],
          [
            127.0210587,
            37.0297749
          ],
          [
            127.0208934,
            37.0296829
          ],
          [
            127.0207857,
            37.029555
          ],
          [
            127.0206255,
            37.029595
          ],
          [
            127.0205604,
            37.029635
          ],
          [
            127.0204527,
            37.029595
          ],
          [
            127.0202349,
            37.0298188
          ],
          [
            127.0200772,
            37.0298968
          ],
          [
            127.0199996,
            37.0299768
          ],
          [
            127.0201423,
            37.0300267
          ],
          [
            127.0199345,
            37.0303146
          ]
        ]
      },
      "properties": {
        "frequency": "60",
        "location": "outdoor",
        "name": "평택변전소",
        "name:en": "Pyeongtaek Substation",
        "name:ko": "평택변전소",
        "power": "substation",
        "substation": "transmission",
        "voltage": "154000"
      }
    },
    {
      "type": "Feature",
      "geometry": {
        "type": "LineString",
        "coordinates": [
          [
            127.0765107,
            36.9609838
          ],
          [
            127.0773302,
            36.9615032
          ],
          [
            127.0778714,
            36.9609252
          ],
          [
            127.0770545,
            36.9604038
          ],
          [
            127.0765107,
            36.9609838
          ]
        ]
      },
      "properties": {
        "frequency": "60",
        "location": "indoor",
        "name": "추팔변전소",
        "name:en": "Chupal Substation",
        "name:ko": "추팔변전소",
        "power": "substation",
        "substation": "distribution",
        "voltage": "154000"
      }
    },
    {
      "type": "Feature",
      "geometry": {
        "type": "LineString",
        "coordinates": [
          [
            127.0887748,
            37.0307071
          ],
          [
            127.0891251,
            37.0310286
          ],
          [
            127.0899729,
            37.0304399
          ],
          [
            127.0896225,
            37.0301184
          ],
          [
            127.0887748,
            37.0307071
          ]
        ]
      },
      "properties": {
        "frequency": "60",
        "location": "indoor",
        "name": "송탄변전소",
        "name:en": "Songtan Substation",
        "name:ko": "송탄변전소",
        "power": "substation",
        "substation": "distribution",
        "voltage": "154000"
      }
    },
    {
      "type": "Feature",
      "geometry": {
        "type": "LineString",
        "coordinates": [
          [
            126.7472782,
            37.3246565
          ],
          [
            126.7473945,
            37.3245911
          ],
          [
            126.7475033,
            37.3239208
          ],
          [
            126.746849,
            37.3238536
          ],
          [
            126.7467442,
            37.3244996
          ],
          [
            126.7468455,
            37.3246121
          ],
          [
            126.7472782,
            37.3246565
          ]
        ]
      },
      "properties": {
        "frequency": "60",
        "location": "indoor",
        "name": "시화변전소",
        "name:en": "Shihwa Substation",
        "name:ko": "시화변전소",
        "power": "substation",
        "substation": "distribution",
        "voltage": "154000"
      }
    },
    {
      "type": "Feature",
      "geometry": {
        "type": "LineString",
        "coordinates": [
          [
            127.0854362,
            37.1207648
          ],
          [
            127.0855318,
            37.120798
          ],
          [
            127.0858338,
            37.120807
          ],
          [
            127.0860524,
            37.1208144
          ],
          [
            127.0863354,
            37.1208214
          ],
          [
            127.0864237,
            37.1204033
          ],
          [
            127.085495,
            37.1203701
          ],
          [
            127.0854362,
            37.1207648
          ]
        ]
      },
      "properties": {
        "frequency": "60",
        "location": "indoor",
        "name": "진위변전소",
        "name:en": "Jinui Substation",
        "name:ko": "진위변전소",
        "power": "substation",
        "substation": "distribution",
        "voltage": "154000"
      }
    },
    {
      "type": "Feature",
      "geometry": {
        "type": "LineString",
        "coordinates": [
          [
            126.7808495,
            37.3254485
          ],
          [
            126.78127,
            37.3263781
          ],
          [
            126.7814751,
            37.326514
          ],
          [
            126.7830065,
            37.3265983
          ],
          [
            126.783044,
            37.3257181
          ],
          [
            126.7830544,
            37.325473
          ],
          [
            126.7808495,
            37.3254485
          ]
        ]
      },
      "properties": {
        "frequency": "60",
        "location": "outdoor",
        "name": "반월변전소",
        "name:en": "Banwol Substation",
        "name:ko": "반월변전소",
        "power": "substation",
        "substation": "distribution",
        "voltage": "154000"
      }
    },
    {
      "type": "Feature",
      "geometry": {
        "type": "LineString",
        "coordinates": [
          [
            127.1117916,
            36.8636615
          ],
          [
            127.112765,
            36.8636553
          ],
          [
            127.1129115,
            36.8637666
          ],
          [
            127.1130067,
            36.8648566
          ],
          [
            127.1118055,
            36.8648625
          ],
          [
            127.1117916,
            36.8636615
          ]
        ]
      },
      "properties": {
        "frequency": "60",
        "location": "outdoor",
        "name": "한샘변전소",
        "name:en": "Hansaem Substation",
        "name:ko": "한샘변전소",
        "power": "substation",
        "substation": "distribution",
        "voltage": "154000"
      }
    },
    {
      "type": "Feature",
      "geometry": {
        "type": "LineString",
        "coordinates": [
          [
            127.2707685,
            36.9740592
          ],
          [
            127.2710212,
            36.974036
          ],
          [
            127.2711165,
            36.973945
          ],
          [
            127.271044,
            36.9734055
          ],
          [
            127.2706649,
            36.9734419
          ],
          [
            127.2707685,
            36.9740592
          ]
        ]
      },
      "properties": {
        "frequency": "60",
        "location": "indoor",
        "name": "서운변전소",
        "name:ko": "서운변전소",
        "power": "substation",
        "substation": "distribution",
        "voltage": "154000"
      }
    },
    {
      "type": "Feature",
      "geometry": {
        "type": "LineString",
        "coordinates": [
          [
            128.4502557,
            38.386839
          ],
          [
            128.4503671,
            38.3869174
          ],
          [
            128.4509698,
            38.3869584
          ],
          [
            128.4511244,
            38.3868907
          ],
          [
            128.4513314,
            38.3862097
          ],
          [
            128.4505195,
            38.38606
          ],
          [
            128.4502557,
            38.386839
          ]
        ]
      },
      "properties": {
        "frequency": "60",
        "location": "outdoor",
        "name": "간성변전소",
        "name:ko": "간성변전소",
        "power": "substation",
        "substation": "distribution",
        "voltage": "154000"
      }
    },
    {
      "type": "Feature",
      "geometry": {
        "type": "LineString",
        "coordinates": [
          [
            128.6972061,
            35.8367426
          ],
          [
            128.6978371,
            35.836631
          ],
          [
            128.6976419,
            35.8358178
          ],
          [
            128.6975617,
            35.8358061
          ],
          [
            128.6973315,
            35.8359644
          ],
          [
            128.6970396,
            35.8361194
          ],
          [
            128.6972061,
            35.8367426
          ]
        ]
      },
      "properties": {
        "frequency": "60",
        "location": "indoor",
        "name": "노변 변전소",
        "name:ko": "노변 변전소",
        "power": "substation",
        "substation": "distribution",
        "voltage": "154000"
      }
    },
    {
      "type": "Feature",
      "geometry": {
        "type": "LineString",
        "coordinates": [
          [
            129.169477,
            35.1816871
          ],
          [
            129.169544,
            35.1817992
          ],
          [
            129.1698145,
            35.1818234
          ],
          [
            129.1704269,
            35.1819673
          ],
          [
            129.1706478,
            35.1817283
          ],
          [
            129.1701373,
            35.1813479
          ],
          [
            129.1698324,
            35.1812149
          ],
          [
            129.169477,
            35.1816871
          ]
        ]
      },
      "properties": {
        "frequency": "60",
        "location": "indoor",
        "name": "좌동변전소",
        "name:ko": "좌동변전소",
        "power": "substation",
        "substation": "distribution",
        "voltage": "154000"
      }
    },
    {
      "type": "Feature",
      "geometry": {
        "type": "LineString",
        "coordinates": [
          [
            128.7895328,
            35.4508816
          ],
          [
            128.7900708,
            35.4511418
          ],
          [
            128.7905977,
            35.4504188
          ],
          [
            128.7900597,
            35.4501586
          ],
          [
            128.7895328,
            35.4508816
          ]
        ]
      },
      "properties": {
        "frequency": "60",
        "name": "밀양변전소",
        "name:en": "Miryang Substation",
        "name:ko": "밀양변전소",
        "power": "substation",
        "substation": "traction",
        "voltage": "154000;55000;27500"
      }
    },
    {
      "type": "Feature",
      "geometry": {
        "type": "LineString",
        "coordinates": [
          [
            128.6982439,
            35.6516611
          ],
          [
            128.6981578,
            35.6517702
          ],
          [
            128.6981053,
            35.6520405
          ],
          [
            128.6981622,
            35.6522575
          ],
          [
            128.6983548,
            35.6523927
          ],
          [
            128.6985357,
            35.6524294
          ],
          [
            128.6988275,
            35.6517335
          ],
          [
            128.6984044,
            35.6516078
          ],
          [
            128.6982439,
            35.6516611
          ]
        ]
      },
      "properties": {
        "frequency": "60",
        "location": "indoor",
        "name": "청도변전소",
        "name:ko": "청도변전소",
        "power": "substation",
        "substation": "distribution",
        "voltage": "154000"
      }
    },
    {
      "type": "Feature",
      "geometry": {
        "type": "LineString",
        "coordinates": [
          [
            129.4837487,
            35.9779192
          ],
          [
            129.4840087,
            35.9785133
          ],
          [
            129.4845013,
            35.9783721
          ],
          [
            129.4842413,
            35.977778
          ],
          [
            129.4837487,
            35.9779192
          ]
        ]
      },
      "properties": {
        "frequency": "60",
        "location": "indoor",
        "name": "상정변전소",
        "name:en": "Sangjeong Substation",
        "name:ko": "상정변전소",
        "power": "substation",
        "substation": "distribution",
        "voltage": "154000"
      }
    },
    {
      "type": "Feature",
      "geometry": {
        "type": "LineString",
        "coordinates": [
          [
            129.3239122,
            35.6684094
          ],
          [
            129.3242964,
            35.6684303
          ],
          [
            129.3243223,
            35.6681163
          ],
          [
            129.3244804,
            35.6681249
          ],
          [
            129.3245329,
            35.6674882
          ],
          [
            129.3239906,
            35.6674587
          ],
          [
            129.3239122,
            35.6684094
          ]
        ]
      },
      "properties": {
        "frequency": "60",
        "location": "indoor",
        "name": "외동변전소",
        "name:ko": "외동변전소",
        "power": "substation",
        "substation": "distribution",
        "voltage": "154000"
      }
    },
    {
      "type": "Feature",
      "geometry": {
        "type": "LineString",
        "coordinates": [
          [
            127.7772306,
            35.076346
          ],
          [
            127.7771481,
            35.0764388
          ],
          [
            127.7771154,
            35.0766626
          ],
          [
            127.7771687,
            35.0768919
          ],
          [
            127.7772667,
            35.0769777
          ],
          [
            127.7780525,
            35.077072
          ],
          [
            127.7781247,
            35.0768019
          ],
          [
            127.7780989,
            35.0767062
          ],
          [
            127.7779321,
            35.0766851
          ],
          [
            127.7779906,
            35.0764543
          ],
          [
            127.7772306,
            35.076346
          ]
        ]
      },
      "properties": {
        "frequency": "60",
        "location": "outdoor",
        "name": "하동변전소",
        "name:en": "Hadong Substation",
        "name:ko": "하동변전소",
        "power": "substation",
        "substation": "distribution",
        "voltage": "154000"
      }
    },
    {
      "type": "Feature",
      "geometry": {
        "type": "LineString",
        "coordinates": [
          [
            127.8939311,
            34.8527968
          ],
          [
            127.8943248,
            34.8529275
          ],
          [
            127.8944243,
            34.8529874
          ],
          [
            127.8946498,
            34.8529874
          ],
          [
            127.8948688,
            34.8529311
          ],
          [
            127.8949572,
            34.8528767
          ],
          [
            127.8952514,
            34.8528621
          ],
          [
            127.895342,
            34.8528313
          ],
          [
            127.8952403,
            34.8526099
          ],
          [
            127.8951717,
            34.8525681
          ],
          [
            127.8952248,
            34.8525173
          ],
          [
            127.8953354,
            34.852472
          ],
          [
            127.8953199,
            34.8523921
          ],
          [
            127.8952624,
            34.8522397
          ],
          [
            127.8954371,
            34.8519747
          ],
          [
            127.8947472,
            34.8520201
          ],
          [
            127.8947449,
            34.8519203
          ],
          [
            127.8946498,
            34.8518441
          ],
          [
            127.8943756,
            34.8518622
          ],
          [
            127.8943801,
            34.8519312
          ],
          [
            127.8940041,
            34.8519511
          ],
          [
            127.8939002,
            34.8520183
          ],
          [
            127.8939311,
            34.8527968
          ]
        ]
      },
      "properties": {
        "frequency": "60",
        "location": "outdoor",
        "name": "남해변전소",
        "name:en": "Namhae Substation",
        "name:ko": "남해변전소",
        "power": "substation",
        "substation": "distribution",
        "voltage": "154000"
      }
    },
    {
      "type": "Feature",
      "geometry": {
        "type": "LineString",
        "coordinates": [
          [
            127.7737458,
            35.5306158
          ],
          [
            127.7740551,
            35.5307145
          ],
          [
            127.7751636,
            35.530932
          ],
          [
            127.7758939,
            35.5295577
          ],
          [
            127.7746354,
            35.5291226
          ],
          [
            127.7742898,
            35.529303
          ],
          [
            127.7740584,
            35.5301387
          ],
          [
            127.7737458,
            35.5306158
          ]
        ]
      },
      "properties": {
        "frequency": "60",
        "location": "outdoor",
        "name": "함양변전소",
        "name:en": "Hamyang Substation",
        "name:ko": "함양변전소",
        "power": "substation",
        "substation": "distribution",
        "voltage": "154000"
      }
    },
    {
      "type": "Feature",
      "geometry": {
        "type": "LineString",
        "coordinates": [
          [
            128.3337765,
            34.9680018
          ],
          [
            128.3337114,
            34.968176
          ],
          [
            128.3341691,
            34.9682908
          ],
          [
            128.3341912,
            34.9682317
          ],
          [
            128.3342711,
            34.9682517
          ],
          [
            128.3343141,
            34.9681367
          ],
          [
            128.3339922,
            34.968056
          ],
          [
            128.3337765,
            34.9680018
          ]
        ]
      },
      "properties": {
        "building": "yes",
        "frequency": "60",
        "location": "indoor",
        "name": "고성변전소",
        "name:ko": "고성변전소",
        "power": "substation",
        "substation": "distribution",
        "voltage": "154000"
      }
    },
    {
      "type": "Feature",
      "geometry": {
        "type": "LineString",
        "coordinates": [
          [
            126.6162076,
            34.4111689
          ],
          [
            126.6159864,
            34.4113274
          ],
          [
            126.6159051,
            34.4113495
          ],
          [
            126.6157826,
            34.4113994
          ],
          [
            126.6157477,
            34.4118773
          ],
          [
            126.6163648,
            34.411947
          ],
          [
            126.6170227,
            34.4119734
          ],
          [
            126.6170693,
            34.4115723
          ],
          [
            126.6172206,
            34.4111905
          ],
          [
            126.6171295,
            34.411159
          ],
          [
            126.6170605,
            34.4111352
          ],
          [
            126.6170955,
            34.4110416
          ],
          [
            126.6168626,
            34.4110344
          ],
          [
            126.6167607,
            34.4111593
          ],
          [
            126.6162076,
            34.4111689
          ]
        ]
      },
      "properties": {
        "frequency": "60",
        "location": "outdoor",
        "name": "남창변전소",
        "name:ko": "남창변전소",
        "power": "substation",
        "substation": "distribution",
        "voltage": "154000"
      }
    },
    {
      "type": "Feature",
      "geometry": {
        "type": "LineString",
        "coordinates": [
          [
            128.1709389,
            36.6039049
          ],
          [
            128.1718949,
            36.6037124
          ],
          [
            128.1717731,
            36.6033224
          ],
          [
            128.1719302,
            36.6032907
          ],
          [
            128.1718595,
            36.6030646
          ],
          [
            128.1707464,
            36.6032886
          ],
          [
            128.1709389,
            36.6039049
          ]
        ]
      },
      "properties": {
        "frequency": "60",
        "location": "outdoor",
        "name": "점촌변전소",
        "name:en": "Jeomchon Substation",
        "name:ko": "점촌변전소",
        "power": "substation",
        "substation": "distribution",
        "voltage": "154000"
      }
    },
    {
      "type": "Feature",
      "geometry": {
        "type": "LineString",
        "coordinates": [
          [
            128.1482556,
            36.4196829
          ],
          [
            128.1482855,
            36.4190908
          ],
          [
            128.147563,
            36.4190512
          ],
          [
            128.1473552,
            36.4193996
          ],
          [
            128.1479929,
            36.4195702
          ],
          [
            128.1480132,
            36.4196782
          ],
          [
            128.1482556,
            36.4196829
          ]
        ]
      },
      "properties": {
        "frequency": "60",
        "location": "indoor",
        "name": "상주변전소",
        "name:en": "Sangju Substation",
        "name:ko": "상주변전소",
        "power": "substation",
        "source": "Bing",
        "substation": "distribution",
        "voltage": "154000"
      }
    },
    {
      "type": "Feature",
      "geometry": {
        "type": "LineString",
        "coordinates": [
          [
            126.5782531,
            34.5669749
          ],
          [
            126.5784041,
            34.5669088
          ],
          [
            126.5785191,
            34.5668584
          ],
          [
            126.5785722,
            34.5669405
          ],
          [
            126.5788852,
            34.5668034
          ],
          [
            126.5784593,
            34.5661442
          ],
          [
            126.5781609,
            34.5662749
          ],
          [
            126.5781059,
            34.5661897
          ],
          [
            126.5778253,
            34.5663126
          ],
          [
            126.5779638,
            34.566527
          ],
          [
            126.5781877,
            34.5668736
          ],
          [
            126.5782531,
            34.5669749
          ]
        ]
      },
      "properties": {
        "frequency": "60",
        "location": "outdoor",
        "name": "해남변전소",
        "name:ko": "해남변전소",
        "power": "substation",
        "substation": "distribution",
        "voltage": "154000"
      }
    },
    {
      "type": "Feature",
      "geometry": {
        "type": "LineString",
        "coordinates": [
          [
            129.1134083,
            37.4923748
          ],
          [
            129.1128067,
            37.4923678
          ],
          [
            129.1130899,
            37.4913952
          ],
          [
            129.1135005,
            37.4914244
          ],
          [
            129.1134083,
            37.4923748
          ]
        ]
      },
      "properties": {
        "frequency": "60",
        "location": "indoor",
        "name": "북평변전소",
        "name:ko": "북평변전소",
        "power": "substation",
        "substation": "distribution",
        "voltage": "154000"
      }
    },
    {
      "type": "Feature",
      "geometry": {
        "type": "LineString",
        "coordinates": [
          [
            126.9556744,
            37.5546019
          ],
          [
            126.9561731,
            37.5545925
          ],
          [
            126.9561678,
            37.5544163
          ],
          [
            126.9556691,
            37.5544258
          ],
          [
            126.9556732,
            37.554562
          ],
          [
            126.9556744,
            37.5546019
          ]
        ]
      },
      "properties": {
        "building": "yes",
        "gas_insulated": "yes",
        "location": "indoor",
        "name": "아현변전소",
        "name:en": "Ahyeon Substation",
        "name:ja": "阿峴変電所",
        "name:ko": "아현변전소",
        "operator": "한국전력공사",
        "operator:en": "Korea Electric Power Corporation",
        "operator:ko": "한국전력공사",
        "operator:short": "KEPCO",
        "operator:wikidata": "Q486737",
        "power": "substation",
        "substation": "distribution",
        "voltage": "154000"
      }
    },
    {
      "type": "Feature",
      "geometry": {
        "type": "LineString",
        "coordinates": [
          [
            126.9413343,
            37.556055
          ],
          [
            126.9413176,
            37.5562195
          ],
          [
            126.9415729,
            37.5562358
          ],
          [
            126.9416206,
            37.5562389
          ],
          [
            126.9416373,
            37.5560743
          ],
          [
            126.9413343,
            37.556055
          ]
        ]
      },
      "properties": {
        "building": "yes",
        "gas_insulated": "yes",
        "location": "indoor",
        "name": "신촌변전소",
        "name:en": "Sinchon Substation",
        "name:ko": "신촌변전소",
        "operator": "한국전력공사",
        "operator:en": "Korea Electric Power Corporation",
        "operator:ko": "한국전력공사",
        "operator:short": "KEPCO",
        "operator:wikidata": "Q486737",
        "power": "substation",
        "substation": "distribution",
        "voltage": "154000"
      }
    },
    {
      "type": "Feature",
      "geometry": {
        "type": "LineString",
        "coordinates": [
          [
            126.7966615,
            35.2066283
          ],
          [
            126.7966586,
            35.2068319
          ],
          [
            126.7966783,
            35.2068321
          ],
          [
            126.7966739,
            35.2071377
          ],
          [
            126.79647,
            35.2071358
          ],
          [
            126.7964682,
            35.2072685
          ],
          [
            126.7963568,
            35.2072674
          ],
          [
            126.7963659,
            35.2066255
          ],
          [
            126.7966615,
            35.2066283
          ]
        ]
      },
      "properties": {
        "frequency": "60",
        "location": "indoor",
        "name": "하남변전소",
        "name:en": "Hanam Substation",
        "name:ko": "하남변전소",
        "power": "substation",
        "substation": "distribution",
        "voltage": "154000"
      }
    },
    {
      "type": "Feature",
      "geometry": {
        "type": "LineString",
        "coordinates": [
          [
            126.9726236,
            37.3826389
          ],
          [
            126.9743055,
            37.3818674
          ],
          [
            126.9736493,
            37.380878
          ],
          [
            126.9729449,
            37.3811953
          ],
          [
            126.972865,
            37.3811011
          ],
          [
            126.9723978,
            37.381305
          ],
          [
            126.9725479,
            37.3817358
          ],
          [
            126.9725891,
            37.3819724
          ],
          [
            126.9726236,
            37.3826389
          ]
        ]
      },
      "properties": {
        "frequency": "60",
        "location": "outdoor",
        "name": "동안양변전소",
        "name:en": "East-Anyang Substation",
        "name:ko": "동안양변전소",
        "operator": "한국전력공사",
        "power": "substation",
        "substation": "distribution",
        "voltage": "154000"
      }
    },
    {
      "type": "Feature",
      "geometry": {
        "type": "LineString",
        "coordinates": [
          [
            126.8558133,
            33.4440772
          ],
          [
            126.8559714,
            33.4440562
          ],
          [
            126.8560316,
            33.4440835
          ],
          [
            126.8562474,
            33.4440667
          ],
          [
            126.8559288,
            33.4429968
          ],
          [
            126.8556929,
            33.4428273
          ],
          [
            126.855437,
            33.4432104
          ],
          [
            126.8555047,
            33.443537
          ],
          [
            126.8556277,
            33.4435224
          ],
          [
            126.8558133,
            33.4440772
          ]
        ]
      },
      "properties": {
        "frequency": "60",
        "location": "indoor",
        "name": "성산변전소",
        "name:ko": "성산변전소",
        "power": "substation",
        "substation": "distribution",
        "voltage": "154000"
      }
    },
    {
      "type": "Feature",
      "geometry": {
        "type": "LineString",
        "coordinates": [
          [
            126.8940703,
            37.5194513
          ],
          [
            126.8941492,
            37.51976
          ],
          [
            126.8942157,
            37.5200204
          ],
          [
            126.8944131,
            37.5199886
          ],
          [
            126.8944797,
            37.5199779
          ],
          [
            126.8947319,
            37.5199374
          ],
          [
            126.8947181,
            37.5198834
          ],
          [
            126.894765,
            37.5198759
          ],
          [
            126.894745,
            37.5197975
          ],
          [
            126.8948243,
            37.5197848
          ],
          [
            126.8947252,
            37.519397
          ],
          [
            126.8946459,
            37.5194097
          ],
          [
            126.8946379,
            37.5193784
          ],
          [
            126.8945909,
            37.519386
          ],
          [
            126.8945864,
            37.5193683
          ],
          [
            126.8943532,
            37.5194058
          ],
          [
            126.8940703,
            37.5194513
          ]
        ]
      },
      "properties": {
        "building": "commercial",
        "frequency": "60",
        "gas_insulated": "yes",
        "location": "indoor",
        "name": "영등포변전소",
        "name:en": "Yeongdeungpo Substation",
        "name:ko": "영등포변전소",
        "operator": "한국전력공사",
        "operator:en": "Korea Electric Power Corporation",
        "operator:ko": "한국전력공사",
        "operator:short": "KEPCO",
        "operator:wikidata": "Q486737",
        "power": "substation",
        "substation": "transmission",
        "voltage": "345000"
      }
    },
    {
      "type": "Feature",
      "geometry": {
        "type": "LineString",
        "coordinates": [
          [
            127.0835132,
            37.3180882
          ],
          [
            127.0836795,
            37.3180242
          ],
          [
            127.0837171,
            37.3180839
          ],
          [
            127.0837707,
            37.3180668
          ],
          [
            127.0839638,
            37.3183783
          ],
          [
            127.0837492,
            37.3184636
          ],
          [
            127.0835132,
            37.3180882
          ]
        ]
      },
      "properties": {
        "addr:city": "용인시",
        "addr:district": "수지구",
        "addr:housenumber": "196",
        "addr:postcode": "16846",
        "addr:province": "경기도",
        "addr:street": "수지로",
        "addr:subdistrict": "풍덕천동",
        "building": "yes",
        "frequency": "60",
        "location": "indoor",
        "name": "수지변전소",
        "name:ko": "수지변전소",
        "power": "substation",
        "substation": "distribution",
        "voltage": "154000"
      }
    },
    {
      "type": "Feature",
      "geometry": {
        "type": "LineString",
        "coordinates": [
          [
            126.8936848,
            36.9884138
          ],
          [
            126.8945146,
            36.9888129
          ],
          [
            126.8951392,
            36.9880543
          ],
          [
            126.8947632,
            36.9878507
          ],
          [
            126.8949416,
            36.9876267
          ],
          [
            126.8947664,
            36.9875274
          ],
          [
            126.8943935,
            36.9874943
          ],
          [
            126.8939579,
            36.9880339
          ],
          [
            126.8938146,
            36.9880899
          ],
          [
            126.8937187,
            36.9883293
          ],
          [
            126.8936848,
            36.9884138
          ]
        ]
      },
      "properties": {
        "frequency": "60",
        "location": "indoor",
        "name": "포승변전소",
        "name:en": "Poseung Substation",
        "name:ko": "포승변전소",
        "power": "substation",
        "substation": "distribution",
        "voltage": "154000"
      }
    },
    {
      "type": "Feature",
      "geometry": {
        "type": "LineString",
        "coordinates": [
          [
            127.8051235,
            37.0200883
          ],
          [
            127.8059229,
            37.0201033
          ],
          [
            127.8059634,
            37.0202403
          ],
          [
            127.8060969,
            37.0202613
          ],
          [
            127.8063578,
            37.0199704
          ],
          [
            127.8063008,
            37.0190411
          ],
          [
            127.8064417,
            37.0190356
          ],
          [
            127.8063681,
            37.0178353
          ],
          [
            127.8053484,
            37.0178752
          ],
          [
            127.8053393,
            37.0177275
          ],
          [
            127.8049796,
            37.0177416
          ],
          [
            127.8050154,
            37.0183254
          ],
          [
            127.8051235,
            37.0200883
          ]
        ]
      },
      "properties": {
        "frequency": "60",
        "location": "outdoor",
        "name": "신충주변전소",
        "name:en": "Shin-Chungju Substation",
        "name:ko": "신충주변전소",
        "power": "substation",
        "substation": "distribution",
        "voltage": "345000"
      }
    },
    {
      "type": "Feature",
      "geometry": {
        "type": "LineString",
        "coordinates": [
          [
            126.7547882,
            35.1343881
          ],
          [
            126.755296,
            35.1336646
          ],
          [
            126.75428,
            35.1331836
          ],
          [
            126.7537992,
            35.133863
          ],
          [
            126.7544346,
            35.1341637
          ],
          [
            126.7547882,
            35.1343881
          ]
        ]
      },
      "properties": {
        "frequency": "60",
        "location": "outdoor",
        "name": "평동변전소",
        "name:en": "Pyeongdong Substation",
        "name:ko": "평동변전소",
        "operator": "한국전력공사",
        "operator:en": "Korea Electric Power Corporation",
        "operator:ko": "한국전력공사",
        "operator:short": "KEPCO",
        "operator:wikidata": "Q486737",
        "power": "substation",
        "substation": "distribution",
        "voltage": "154000"
      }
    },
    {
      "type": "Feature",
      "geometry": {
        "type": "LineString",
        "coordinates": [
          [
            127.8965394,
            36.9330606
          ],
          [
            127.8974154,
            36.9330059
          ],
          [
            127.8973676,
            36.9325166
          ],
          [
            127.8964915,
            36.9325713
          ],
          [
            127.8965394,
            36.9330606
          ]
        ]
      },
      "properties": {
        "frequency": "60",
        "location": "indoor",
        "name": "풍동변전소",
        "name:en": "Pungdong Substation",
        "name:ko": "풍동변전소",
        "power": "substation",
        "substation": "distribution",
        "voltage": "154000"
      }
    },
    {
      "type": "Feature",
      "geometry": {
        "type": "LineString",
        "coordinates": [
          [
            127.7028358,
            36.9468724
          ],
          [
            127.7036729,
            36.9468623
          ],
          [
            127.7036881,
            36.9467179
          ],
          [
            127.7035584,
            36.9459228
          ],
          [
            127.7032836,
            36.9459594
          ],
          [
            127.7030393,
            36.946057
          ],
          [
            127.7026449,
            36.9461078
          ],
          [
            127.7026678,
            36.9462177
          ],
          [
            127.7027569,
            36.9462116
          ],
          [
            127.7028358,
            36.9468724
          ]
        ]
      },
      "properties": {
        "frequency": "60",
        "location": "outdoor",
        "name": "음성변전소",
        "name:en": "Eumseong Substation",
        "name:ko": "음성변전소",
        "power": "substation",
        "substation": "distribution",
        "voltage": "154000"
      }
    },
    {
      "type": "Feature",
      "geometry": {
        "type": "LineString",
        "coordinates": [
          [
            126.765046,
            35.2796984
          ],
          [
            126.7660544,
            35.2792352
          ],
          [
            126.7650563,
            35.2784773
          ],
          [
            126.7644993,
            35.2789468
          ],
          [
            126.765046,
            35.2796984
          ]
        ]
      },
      "properties": {
        "frequency": "60",
        "location": "indoor",
        "name": "장성변전소",
        "name:en": "Jangseong Substation",
        "name:ko": "장성변전소",
        "power": "substation",
        "substation": "distribution",
        "voltage": "154000"
      }
    },
    {
      "type": "Feature",
      "geometry": {
        "type": "LineString",
        "coordinates": [
          [
            126.4573622,
            34.7632332
          ],
          [
            126.4584426,
            34.7636734
          ],
          [
            126.4588946,
            34.7629247
          ],
          [
            126.4578141,
            34.7624845
          ],
          [
            126.4573622,
            34.7632332
          ]
        ]
      },
      "properties": {
        "frequency": "60",
        "location": "outdoor",
        "name": "대불변전소",
        "name:ko": "대불변전소",
        "power": "substation",
        "substation": "distribution",
        "voltage": "154000"
      }
    },
    {
      "type": "Feature",
      "geometry": {
        "type": "LineString",
        "coordinates": [
          [
            126.3803979,
            34.8217955
          ],
          [
            126.3804168,
            34.8215783
          ],
          [
            126.380104,
            34.8213328
          ],
          [
            126.3796424,
            34.821749
          ],
          [
            126.3800679,
            34.8220706
          ],
          [
            126.3803979,
            34.8217955
          ]
        ]
      },
      "properties": {
        "frequency": "60",
        "location": "indoor",
        "name": "북항변전소",
        "name:ko": "북항변전소",
        "power": "substation",
        "substation": "distribution",
        "voltage": "154000"
      }
    },
    {
      "type": "Feature",
      "geometry": {
        "type": "LineString",
        "coordinates": [
          [
            126.7259451,
            34.9923362
          ],
          [
            126.7262947,
            34.9908462
          ],
          [
            126.72585,
            34.990674
          ],
          [
            126.7251154,
            34.9905943
          ],
          [
            126.7245335,
            34.9906777
          ],
          [
            126.7245689,
            34.9911888
          ],
          [
            126.7244981,
            34.9921948
          ],
          [
            126.7250667,
            34.9923579
          ],
          [
            126.7258411,
            34.9923743
          ],
          [
            126.7259451,
            34.9923362
          ]
        ]
      },
      "properties": {
        "frequency": "60",
        "location": "outdoor",
        "name": "나주변전소",
        "name:en": "Naju Substation",
        "name:ko": "나주변전소",
        "power": "substation",
        "substation": "distribution",
        "voltage": "154000"
      }
    },
    {
      "type": "Feature",
      "geometry": {
        "type": "LineString",
        "coordinates": [
          [
            126.6387586,
            37.3705104
          ],
          [
            126.6389153,
            37.370676
          ],
          [
            126.6393346,
            37.3704254
          ],
          [
            126.6391778,
            37.3702598
          ],
          [
            126.6387586,
            37.3705104
          ]
        ]
      },
      "properties": {
        "building": "industrial",
        "building:levels": "4",
        "frequency": "60",
        "location": "indoor",
        "name": "송도변전소",
        "name:ko": "송도변전소",
        "power": "substation",
        "substation": "distribution",
        "voltage": "154000"
      }
    },
    {
      "type": "Feature",
      "geometry": {
        "type": "LineString",
        "coordinates": [
          [
            127.0113249,
            37.5690535
          ],
          [
            127.0116725,
            37.5690698
          ],
          [
            127.0116542,
            37.5693147
          ],
          [
            127.0113734,
            37.5693015
          ],
          [
            127.0113751,
            37.5692792
          ],
          [
            127.0113083,
            37.5692761
          ],
          [
            127.0113249,
            37.5690535
          ]
        ]
      },
      "properties": {
        "addr:city": "서울특별시",
        "addr:housenumber": "29",
        "addr:street": "마장로1길",
        "building": "yes",
        "location": "indoor",
        "name": "흥인변전소",
        "name:en": "Heungin Substation",
        "name:ko": "흥인변전소",
        "operator": "한국전력공사",
        "operator:en": "Korea Electric Power Corporation",
        "operator:ko": "한국전력공사",
        "operator:short": "KEPCO",
        "operator:wikidata": "Q486737",
        "power": "substation",
        "substation": "distribution",
        "voltage": "154000"
      }
    },
    {
      "type": "Feature",
      "geometry": {
        "type": "LineString",
        "coordinates": [
          [
            126.667285,
            37.4255598
          ],
          [
            126.6676911,
            37.4253971
          ],
          [
            126.6676575,
            37.4253441
          ],
          [
            126.6677328,
            37.425314
          ],
          [
            126.6676705,
            37.425216
          ],
          [
            126.6671892,
            37.4254089
          ],
          [
            126.667285,
            37.4255598
          ]
        ]
      },
      "properties": {
        "building": "yes",
        "frequency": "60",
        "location": "indoor",
        "name": "연수변전소",
        "name:ko": "연수변전소",
        "power": "substation",
        "substation": "distribution",
        "voltage": "154000"
      }
    },
    {
      "type": "Feature",
      "geometry": {
        "type": "LineString",
        "coordinates": [
          [
            127.0523424,
            36.2187982
          ],
          [
            127.0522025,
            36.2183868
          ],
          [
            127.0523469,
            36.2183517
          ],
          [
            127.0523756,
            36.2184078
          ],
          [
            127.0524836,
            36.2183801
          ],
          [
            127.052503,
            36.2184219
          ],
          [
            127.0525588,
            36.2184076
          ],
          [
            127.0526406,
            36.2186368
          ],
          [
            127.0525114,
            36.2186763
          ],
          [
            127.0525281,
            36.2187518
          ],
          [
            127.0523424,
            36.2187982
          ]
        ]
      },
      "properties": {
        "location": "indoor",
        "name": "논산변전소",
        "name:en": "Nonsan Substation",
        "name:ko": "논산변전소",
        "operator": "한국철도시설공단",
        "power": "substation",
        "substation": "traction",
        "voltage": "154000;55000;27500"
      }
    },
    {
      "type": "Feature",
      "geometry": {
        "type": "LineString",
        "coordinates": [
          [
            128.8269676,
            35.2233335
          ],
          [
            128.8271308,
            35.2230194
          ],
          [
            128.8277911,
            35.2232483
          ],
          [
            128.8276279,
            35.2235624
          ],
          [
            128.8269676,
            35.2233335
          ]
        ]
      },
      "properties": {
        "frequency": "60",
        "location": "indoor",
        "name": "주촌변전소",
        "name:en": "Juchon Substation",
        "name:ko": "주촌변전소",
        "power": "substation",
        "substation": "distribution",
        "voltage": "154000"
      }
    },
    {
      "type": "Feature",
      "geometry": {
        "type": "LineString",
        "coordinates": [
          [
            128.8647757,
            35.0982193
          ],
          [
            128.8647502,
            35.0985811
          ],
          [
            128.8654295,
            35.098613
          ],
          [
            128.865455,
            35.0982513
          ],
          [
            128.8647757,
            35.0982193
          ]
        ]
      },
      "properties": {
        "frequency": "60",
        "location": "indoor",
        "name": "신녹산변전소",
        "name:en": "Shin-Noksan Substation",
        "name:ko": "신녹산변전소",
        "power": "substation",
        "substation": "transmission",
        "voltage": "345000"
      }
    },
    {
      "type": "Feature",
      "geometry": {
        "type": "LineString",
        "coordinates": [
          [
            128.8603069,
            35.1320477
          ],
          [
            128.8599488,
            35.1316639
          ],
          [
            128.8596028,
            35.1318799
          ],
          [
            128.8599609,
            35.1322636
          ],
          [
            128.8603069,
            35.1320477
          ]
        ]
      },
      "properties": {
        "frequency": "60",
        "name": "미음변전소",
        "name:ko": "미음변전소",
        "power": "substation",
        "voltage": "154000"
      }
    },
    {
      "type": "Feature",
      "geometry": {
        "type": "LineString",
        "coordinates": [
          [
            128.720095,
            35.1892906
          ],
          [
            128.7189462,
            35.188077
          ],
          [
            128.7209636,
            35.1877564
          ],
          [
            128.7211037,
            35.1886418
          ],
          [
            128.720095,
            35.1892906
          ]
        ]
      },
      "properties": {
        "frequency": "60",
        "location": "outdoor",
        "name": "삼정변전소",
        "name:en": "Samjeong Substation",
        "name:ko": "삼정변전소",
        "power": "substation",
        "substation": "distribution",
        "voltage": "154000"
      }
    },
    {
      "type": "Feature",
      "geometry": {
        "type": "LineString",
        "coordinates": [
          [
            127.156409,
            37.4089582
          ],
          [
            127.1563914,
            37.4085897
          ],
          [
            127.1566609,
            37.4085686
          ],
          [
            127.1566874,
            37.4090248
          ],
          [
            127.1565548,
            37.4090319
          ],
          [
            127.156546,
            37.4089512
          ],
          [
            127.156409,
            37.4089582
          ]
        ]
      },
      "properties": {
        "building": "yes",
        "frequency": "60",
        "location": "indoor",
        "name": "야탑변전소",
        "name:en": "Yatap Substation",
        "name:ko": "야탑변전소",
        "power": "substation",
        "substation": "distribution",
        "voltage": "154000"
      }
    },
    {
      "type": "Feature",
      "geometry": {
        "type": "LineString",
        "coordinates": [
          [
            126.9549847,
            37.4663951
          ],
          [
            126.9551404,
            37.466558
          ],
          [
            126.954652,
            37.4668572
          ],
          [
            126.9545708,
            37.4667712
          ],
          [
            126.9544981,
            37.4666943
          ],
          [
            126.9549847,
            37.4663951
          ]
        ]
      },
      "properties": {
        "addr:city": "서울특별시",
        "addr:district": "관악구",
        "addr:housenumber": "1",
        "addr:postcode": "08826",
        "addr:street": "관악로",
        "addr:subdistrict": "신림동",
        "building": "industrial",
        "gas_insulated": "yes",
        "location": "indoor",
        "name": "신림변전소",
        "name:en": "Sillim Substation",
        "name:ko": "신림변전소",
        "power": "substation",
        "substation": "distribution",
        "voltage": "154000"
      }
    },
    {
      "type": "Feature",
      "geometry": {
        "type": "LineString",
        "coordinates": [
          [
            127.6399402,
            37.2800858
          ],
          [
            127.640287,
            37.2799844
          ],
          [
            127.6402092,
            37.2797929
          ],
          [
            127.640556,
            37.2797028
          ],
          [
            127.6409453,
            37.2806377
          ],
          [
            127.6407285,
            37.2807627
          ],
          [
            127.6402587,
            37.2808687
          ],
          [
            127.6399402,
            37.2800858
          ]
        ]
      },
      "properties": {
        "frequency": "60",
        "location": "outdoor",
        "name": "여주변전소",
        "name:en": "Yeoju Substation",
        "name:ko": "여주변전소",
        "operator": "한국전력공사",
        "power": "substation",
        "substation": "distribution",
        "voltage": "154000"
      }
    },
    {
      "type": "Feature",
      "geometry": {
        "type": "LineString",
        "coordinates": [
          [
            127.0284835,
            37.5837895
          ],
          [
            127.0287202,
            37.5837957
          ],
          [
            127.0287178,
            37.5838523
          ],
          [
            127.0287051,
            37.5841552
          ],
          [
            127.0286327,
            37.5841533
          ],
          [
            127.0286295,
            37.5842305
          ],
          [
            127.0284653,
            37.5842263
          ],
          [
            127.0284835,
            37.5837895
          ]
        ]
      },
      "properties": {
        "building": "yes",
        "gas_insulated": "yes",
        "location": "indoor",
        "name": "안암변전소",
        "name:en": "Anam Substation",
        "name:ko": "안암변전소",
        "operator": "한국전력공사",
        "operator:en": "Korea Electric Power Corporation",
        "operator:ko": "한국전력공사",
        "operator:short": "KEPCO",
        "operator:wikidata": "Q486737",
        "power": "substation",
        "substation": "distribution",
        "voltage": "154000"
      }
    },
    {
      "type": "Feature",
      "geometry": {
        "type": "LineString",
        "coordinates": [
          [
            126.426237,
            37.4733732
          ],
          [
            126.4266829,
            37.4736288
          ],
          [
            126.4265272,
            37.4738058
          ],
          [
            126.4260742,
            37.473553
          ],
          [
            126.426237,
            37.4733732
          ]
        ]
      },
      "properties": {
        "building": "industrial",
        "name": "제4등화변전소",
        "office": "government",
        "power": "substation",
        "substation": "converter"
      }
    },
    {
      "type": "Feature",
      "geometry": {
        "type": "LineString",
        "coordinates": [
          [
            127.5920863,
            37.2459351
          ],
          [
            127.5921674,
            37.2457619
          ],
          [
            127.5919093,
            37.2456853
          ],
          [
            127.5919337,
            37.2456333
          ],
          [
            127.5919649,
            37.2455667
          ],
          [
            127.5922147,
            37.2456409
          ],
          [
            127.5923873,
            37.2456922
          ],
          [
            127.5923569,
            37.2457568
          ],
          [
            127.5925329,
            37.2458091
          ],
          [
            127.5925525,
            37.2457673
          ],
          [
            127.5926152,
            37.245786
          ],
          [
            127.5925402,
            37.245946
          ],
          [
            127.5922938,
            37.2458728
          ],
          [
            127.5922428,
            37.2459816
          ],
          [
            127.5920863,
            37.2459351
          ]
        ]
      },
      "properties": {
        "building": "yes",
        "frequency": "60",
        "location": "outdoor",
        "name": "가남변전소",
        "name:en": "Ganam Substation",
        "name:ko": "가남변전소",
        "power": "substation",
        "substation": "distribution",
        "voltage": "154000"
      }
    },
    {
      "type": "Feature",
      "geometry": {
        "type": "LineString",
        "coordinates": [
          [
            128.6304858,
            34.8708344
          ],
          [
            128.6312592,
            34.8714098
          ],
          [
            128.6298699,
            34.872666
          ],
          [
            128.6290981,
            34.8721086
          ],
          [
            128.6304858,
            34.8708344
          ]
        ]
      },
      "properties": {
        "frequency": "60",
        "location": "indoor",
        "name": "거제변전소",
        "name:en": "Geoje Substation",
        "name:ko": "거제변전소",
        "power": "substation",
        "substation": "distribution",
        "voltage": "154000"
      }
    },
    {
      "type": "Feature",
      "geometry": {
        "type": "LineString",
        "coordinates": [
          [
            126.9367986,
            37.6101551
          ],
          [
            126.9372483,
            37.6102612
          ],
          [
            126.9372566,
            37.610239
          ],
          [
            126.9373615,
            37.6102638
          ],
          [
            126.937418,
            37.6101136
          ],
          [
            126.937264,
            37.6100773
          ],
          [
            126.9370289,
            37.6100218
          ],
          [
            126.9369222,
            37.6099966
          ],
          [
            126.9368634,
            37.6099827
          ],
          [
            126.9367986,
            37.6101551
          ]
        ]
      },
      "properties": {
        "building": "industrial",
        "frequency": "60",
        "location": "outdoor",
        "name": "은평변전소",
        "name:en": "Eunpyeong Substation",
        "name:ko": "은평변전소",
        "operator": "한국전력공사",
        "operator:en": "Korea Electric Power Corporation",
        "operator:ko": "한국전력공사",
        "operator:short": "KEPCO",
        "operator:wikidata": "Q486737",
        "power": "substation",
        "substation": "distribution",
        "voltage": "154000"
      }
    },
    {
      "type": "Feature",
      "geometry": {
        "type": "LineString",
        "coordinates": [
          [
            126.8244736,
            37.548978
          ],
          [
            126.8244465,
            37.5489046
          ],
          [
            126.8244458,
            37.5488422
          ],
          [
            126.8245312,
            37.5485456
          ],
          [
            126.8246166,
            37.5482845
          ],
          [
            126.824706,
            37.5481782
          ],
          [
            126.8248523,
            37.5480138
          ],
          [
            126.8250195,
            37.5479619
          ],
          [
            126.8251803,
            37.5480006
          ],
          [
            126.8257862,
            37.5481806
          ],
          [
            126.8257814,
            37.548375
          ],
          [
            126.8258458,
            37.5483917
          ],
          [
            126.825702,
            37.5487408
          ],
          [
            126.8256561,
            37.5488522
          ],
          [
            126.8254807,
            37.5491572
          ],
          [
            126.8251558,
            37.5490724
          ],
          [
            126.8249366,
            37.5490162
          ],
          [
            126.8248047,
            37.549032
          ],
          [
            126.8244736,
            37.548978
          ]
        ]
      },
      "properties": {
        "barrier": "fence",
        "name": "화곡변전소",
        "name:en": "Hwagok Substation",
        "name:ko": "화곡변전소",
        "operator": "한국전력공사",
        "operator:en": "Korea Electric Power Corporation",
        "operator:ko": "한국전력공사",
        "operator:short": "KEPCO",
        "operator:wikidata": "Q486737",
        "power": "substation",
        "substation": "distribution",
        "voltage": "154000"
      }
    },
    {
      "type": "Feature",
      "geometry": {
        "type": "LineString",
        "coordinates": [
          [
            127.3025161,
            37.6624668
          ],
          [
            127.3025285,
            37.6624362
          ],
          [
            127.3025613,
            37.6624492
          ],
          [
            127.3025531,
            37.6624798
          ],
          [
            127.3025161,
            37.6624668
          ]
        ]
      },
      "properties": {
        "name": "변전소 1",
        "power": "substation"
      }
    },
    {
      "type": "Feature",
      "geometry": {
        "type": "LineString",
        "coordinates": [
          [
            126.8708967,
            37.6369392
          ],
          [
            126.8711948,
            37.6372399
          ],
          [
            126.8710274,
            37.6373439
          ],
          [
            126.8708744,
            37.6371895
          ],
          [
            126.8707294,
            37.6370433
          ],
          [
            126.8708967,
            37.6369392
          ]
        ]
      },
      "properties": {
        "building": "yes",
        "gas_insulated": "yes",
        "location": "indoor",
        "name": "원흥변전소",
        "name:en": "Wonheung Substation",
        "name:ko": "원흥변전소",
        "operator": "한국전력공사",
        "operator:en": "Korea Electric Power Corporation",
        "operator:ko": "한국전력공사",
        "operator:short": "KEPCO",
        "operator:wikidata": "Q486737",
        "power": "substation",
        "substation": "distribution",
        "voltage": "154000"
      }
    },
    {
      "type": "Feature",
      "geometry": {
        "type": "LineString",
        "coordinates": [
          [
            126.8988531,
            37.5834836
          ],
          [
            126.8987433,
            37.5834417
          ],
          [
            126.8986782,
            37.5833064
          ],
          [
            126.8986295,
            37.583258
          ],
          [
            126.8979221,
            37.5830841
          ],
          [
            126.8978651,
            37.5830518
          ],
          [
            126.8971903,
            37.5825331
          ],
          [
            126.8970968,
            37.5824365
          ],
          [
            126.896922,
            37.5820144
          ],
          [
            126.897544,
            37.5814055
          ],
          [
            126.8986102,
            37.5806539
          ],
          [
            126.8988811,
            37.5809475
          ],
          [
            126.8989466,
            37.5812219
          ],
          [
            126.8992881,
            37.5815601
          ],
          [
            126.8999264,
            37.5820808
          ],
          [
            126.9000849,
            37.5822883
          ],
          [
            126.9004183,
            37.5825943
          ],
          [
            126.9003654,
            37.5826652
          ],
          [
            126.9000808,
            37.5826427
          ],
          [
            126.8999751,
            37.5825718
          ],
          [
            126.8997027,
            37.582546
          ],
          [
            126.8992433,
            37.5829487
          ],
          [
            126.8993084,
            37.5829906
          ],
          [
            126.8990319,
            37.5833192
          ],
          [
            126.8988531,
            37.5834836
          ]
        ]
      },
      "properties": {
        "frequency": "60",
        "name": "수색변전소",
        "name:en": "Susaek Substation",
        "name:ja": "水色変電所",
        "power": "substation",
        "substation": "distribution",
        "voltage": "154000"
      }
    },
    {
      "type": "Feature",
      "geometry": {
        "type": "LineString",
        "coordinates": [
          [
            127.1541575,
            37.4618691
          ],
          [
            127.1539057,
            37.4616477
          ],
          [
            127.1538893,
            37.4610595
          ],
          [
            127.1548244,
            37.461043
          ],
          [
            127.1552366,
            37.4614731
          ],
          [
            127.155247,
            37.46185
          ],
          [
            127.1541575,
            37.4618691
          ]
        ]
      },
      "properties": {
        "frequency": "60",
        "location": "outdoor",
        "name": "산성변전소",
        "name:en": "Sansung Substation",
        "name:ko": "산성변전소",
        "operator": "한국전력공사",
        "operator:en": "Korea Electric Power Corporation",
        "operator:ko": "한국전력공사",
        "operator:short": "KEPCO",
        "operator:wikidata": "Q486737",
        "power": "substation",
        "substation": "distribution",
        "voltage": "154000"
      }
    },
    {
      "type": "Feature",
      "geometry": {
        "type": "LineString",
        "coordinates": [
          [
            127.0554767,
            37.6543701
          ],
          [
            127.0555346,
            37.6541992
          ],
          [
            127.0556273,
            37.6539258
          ],
          [
            127.0558545,
            37.6539741
          ],
          [
            127.0557038,
            37.6544184
          ],
          [
            127.0554767,
            37.6543701
          ]
        ]
      },
      "properties": {
        "building": "yes",
        "location": "indoor",
        "name": "상계변전소",
        "name:en": "Sanggye Substation",
        "name:ko": "상계변전소",
        "operator": "한국전력공사",
        "operator:en": "Korea Electric Power Corporation",
        "operator:ko": "한국전력공사",
        "operator:short": "KEPCO",
        "operator:wikidata": "Q486737",
        "power": "substation",
        "substation": "distribution",
        "voltage": "154000"
      }
    },
    {
      "type": "Feature",
      "geometry": {
        "type": "LineString",
        "coordinates": [
          [
            128.8563391,
            36.9132007
          ],
          [
            128.8559729,
            36.9126427
          ],
          [
            128.8563737,
            36.9124161
          ],
          [
            128.8568125,
            36.9128913
          ],
          [
            128.8563391,
            36.9132007
          ]
        ]
      },
      "properties": {
        "landuse": "industrial",
        "name": "봉화변전소",
        "name:en": "Ponghwa Subtation",
        "name:ko": "봉화변전소",
        "power": "substation",
        "voltage": "154000"
      }
    },
    {
      "type": "Feature",
      "geometry": {
        "type": "LineString",
        "coordinates": [
          [
            127.0866284,
            36.9197728
          ],
          [
            127.0868345,
            36.9198467
          ],
          [
            127.0870098,
            36.9195171
          ],
          [
            127.0867966,
            36.9194452
          ],
          [
            127.0866284,
            36.9197728
          ]
        ]
      },
      "properties": {
        "frequency": "60",
        "location": "indoor",
        "name": "둔포변전소",
        "name:en": "Dunpo Substation",
        "name:ko": "둔포변전소",
        "power": "substation",
        "substation": "distribution",
        "voltage": "154000"
      }
    },
    {
      "type": "Feature",
      "geometry": {
        "type": "LineString",
        "coordinates": [
          [
            129.035019,
            35.2033614
          ],
          [
            129.0350039,
            35.2033083
          ],
          [
            129.0350806,
            35.2032938
          ],
          [
            129.0350957,
            35.2033468
          ],
          [
            129.035019,
            35.2033614
          ]
        ]
      },
      "properties": {
        "name": "만덕3주공 변전소",
        "power": "substation"
      }
    },
    {
      "type": "Feature",
      "geometry": {
        "type": "LineString",
        "coordinates": [
          [
            128.7413009,
            35.8685555
          ],
          [
            128.7400904,
            35.8685511
          ],
          [
            128.7400618,
            35.8699226
          ],
          [
            128.74132,
            35.8699149
          ],
          [
            128.7413009,
            35.8685555
          ]
        ]
      },
      "properties": {
        "frequency": "60",
        "name": "반야월변전소",
        "name:en": "Banyangwol Substation",
        "name:ko": "반야월변전소",
        "power": "substation",
        "substation": "distribution",
        "voltage": "154000"
      }
    },
    {
      "type": "Feature",
      "geometry": {
        "type": "LineString",
        "coordinates": [
          [
            126.9241244,
            37.3574328
          ],
          [
            126.9241725,
            37.3574442
          ],
          [
            126.9242322,
            37.3573616
          ],
          [
            126.9244935,
            37.357058
          ],
          [
            126.9238738,
            37.3566394
          ],
          [
            126.9235993,
            37.3569493
          ],
          [
            126.9237101,
            37.3570196
          ],
          [
            126.9235508,
            37.3571842
          ],
          [
            126.9235896,
            37.3572095
          ],
          [
            126.9236243,
            37.3572321
          ],
          [
            126.9237162,
            37.3571468
          ],
          [
            126.9241244,
            37.3574328
          ]
        ]
      },
      "properties": {
        "addr:city": "군포시",
        "addr:housenumber": "7",
        "addr:postcode": "15868",
        "addr:province": "경기도",
        "addr:street": "수리산로",
        "frequency": "60",
        "location": "indoor",
        "name": "산본변전소",
        "name:en": "Sanbon Substation",
        "name:ko": "산본변전소",
        "operator": "한국전력",
        "power": "substation",
        "substation": "distribution",
        "voltage": "154000"
      }
    },
    {
      "type": "Feature",
      "geometry": {
        "type": "LineString",
        "coordinates": [
          [
            126.7325791,
            37.3686035
          ],
          [
            126.7322722,
            37.3682763
          ],
          [
            126.7324934,
            37.3681484
          ],
          [
            126.7328002,
            37.3684756
          ],
          [
            126.7325791,
            37.3686035
          ]
        ]
      },
      "properties": {
        "building": "yes",
        "frequency": "60",
        "location": "indoor",
        "name": "정왕변전소",
        "name:ko": "정왕변전소",
        "power": "substation",
        "substation": "distribution",
        "voltage": "154000"
      }
    },
    {
      "type": "Feature",
      "geometry": {
        "type": "LineString",
        "coordinates": [
          [
            126.8831182,
            37.498073
          ],
          [
            126.8836982,
            37.4980452
          ],
          [
            126.883685,
            37.4978706
          ],
          [
            126.8831049,
            37.4978984
          ],
          [
            126.8831182,
            37.498073
          ]
        ]
      },
      "properties": {
        "building": "yes",
        "gas_insulated": "yes",
        "location": "indoor",
        "name": "구로변전소",
        "name:en": "Guro Substation",
        "name:ko": "구로변전소",
        "operator": "한국전력공사",
        "operator:en": "Korea Electric Power Corporation",
        "operator:ko": "한국전력공사",
        "operator:short": "KEPCO",
        "operator:wikidata": "Q486737",
        "power": "substation",
        "substation": "distribution",
        "voltage": "154000"
      }
    },
    {
      "type": "Feature",
      "geometry": {
        "type": "LineString",
        "coordinates": [
          [
            127.330619,
            34.8538034
          ],
          [
            127.3306983,
            34.8537151
          ],
          [
            127.3306204,
            34.8536699
          ],
          [
            127.3306809,
            34.8536092
          ],
          [
            127.3303098,
            34.8533941
          ],
          [
            127.3301619,
            34.8535496
          ],
          [
            127.330619,
            34.8538034
          ]
        ]
      },
      "properties": {
        "frequency": "60",
        "location": "indoor",
        "name": "벌교변전소",
        "name:en": "Beolgyo Substation",
        "operator": "한국전력공사",
        "power": "substation",
        "substation": "distribution",
        "voltage": "154000"
      }
    },
    {
      "type": "Feature",
      "geometry": {
        "type": "LineString",
        "coordinates": [
          [
            127.0864542,
            34.7819465
          ],
          [
            127.0870015,
            34.7817566
          ],
          [
            127.0870828,
            34.7819147
          ],
          [
            127.0869998,
            34.781942
          ],
          [
            127.0870459,
            34.7820131
          ],
          [
            127.0865759,
            34.7821736
          ],
          [
            127.0864542,
            34.7819465
          ]
        ]
      },
      "properties": {
        "building": "industrial",
        "frequency": "60",
        "location": "indoor",
        "name": "보성변전소",
        "name:ko": "보성변전소",
        "operator": "한국전력공사",
        "power": "substation",
        "substation": "distribution",
        "voltage": "154000"
      }
    },
    {
      "type": "Feature",
      "geometry": {
        "type": "LineString",
        "coordinates": [
          [
            126.8425549,
            37.6189664
          ],
          [
            126.8425513,
            37.6182431
          ],
          [
            126.8432205,
            37.618374
          ],
          [
            126.8432205,
            37.6187244
          ],
          [
            126.8425549,
            37.6189664
          ]
        ]
      },
      "properties": {
        "frequency": "60",
        "gas_insulated": "yes",
        "location": "indoor",
        "name": "능곡변전소",
        "name:en": "Neunggok Substation",
        "name:ko": "능곡변전소",
        "operator": "한국전력공사",
        "operator:en": "Korea Electric Power Corporation",
        "operator:ko": "한국전력공사",
        "operator:short": "KEPCO",
        "operator:wikidata": "Q486737",
        "power": "substation",
        "substation": "distribution",
        "voltage": "154000"
      }
    },
    {
      "type": "Feature",
      "geometry": {
        "type": "LineString",
        "coordinates": [
          [
            127.7499855,
            34.9405979
          ],
          [
            127.7503529,
            34.94079
          ],
          [
            127.7503447,
            34.9408043
          ],
          [
            127.750439,
            34.9408486
          ],
          [
            127.7503355,
            34.9409965
          ],
          [
            127.7501571,
            34.9409038
          ],
          [
            127.7498645,
            34.9407517
          ],
          [
            127.7499855,
            34.9405979
          ]
        ]
      },
      "properties": {
        "frequency": "60",
        "landuse": "industrial",
        "location": "indoor",
        "name": "태금변전소",
        "name:en": "Taegeum Substation",
        "name:ko": "태금변전소",
        "power": "substation",
        "substation": "distribution",
        "voltage": "154000"
      }
    },
    {
      "type": "Feature",
      "geometry": {
        "type": "LineString",
        "coordinates": [
          [
            126.7863091,
            37.5065642
          ],
          [
            126.7874686,
            37.506829
          ],
          [
            126.787639,
            37.5063594
          ],
          [
            126.7864796,
            37.5060946
          ],
          [
            126.7863091,
            37.5065642
          ]
        ]
      },
      "properties": {
        "frequency": "60",
        "location": "indoor",
        "name": "부천변전소",
        "name:ko": "부천변전소",
        "power": "substation",
        "substation": "distribution",
        "voltage": "154000"
      }
    },
    {
      "type": "Feature",
      "geometry": {
        "type": "LineString",
        "coordinates": [
          [
            127.4795811,
            34.9091956
          ],
          [
            127.4796659,
            34.9092183
          ],
          [
            127.4798244,
            34.9088706
          ],
          [
            127.4795811,
            34.9088056
          ],
          [
            127.4794023,
            34.9092274
          ],
          [
            127.4795498,
            34.9092712
          ],
          [
            127.4795811,
            34.9091956
          ]
        ]
      },
      "properties": {
        "building": "yes",
        "frequency": "60",
        "location": "indoor",
        "name": "서순천변전소",
        "name:en": "Seo-Suncheon Substation",
        "name:ko": "서순천변전소",
        "power": "substation",
        "substation": "distribution",
        "voltage": "154000"
      }
    },
    {
      "type": "Feature",
      "geometry": {
        "type": "LineString",
        "coordinates": [
          [
            127.2546381,
            34.5780706
          ],
          [
            127.2544633,
            34.5779333
          ],
          [
            127.2540627,
            34.5782455
          ],
          [
            127.2542428,
            34.5783828
          ],
          [
            127.2546381,
            34.5780706
          ]
        ]
      },
      "properties": {
        "frequency": "60",
        "name": "고흥변전소",
        "power": "substation",
        "substation": "distribution",
        "voltage": "154000"
      }
    },
    {
      "type": "Feature",
      "geometry": {
        "type": "LineString",
        "coordinates": [
          [
            126.9236615,
            34.6985232
          ],
          [
            126.9237697,
            34.6981877
          ],
          [
            126.9235059,
            34.6981301
          ],
          [
            126.9235614,
            34.6979583
          ],
          [
            126.9228675,
            34.6978069
          ],
          [
            126.9227976,
            34.6980235
          ],
          [
            126.9225586,
            34.6979714
          ],
          [
            126.9224648,
            34.6982621
          ],
          [
            126.9236615,
            34.6985232
          ]
        ]
      },
      "properties": {
        "frequency": "60",
        "location": "outdoor",
        "name": "장흥변전소",
        "name:ko": "장흥변전소",
        "power": "substation",
        "substation": "distribution",
        "voltage": "154000"
      }
    },
    {
      "type": "Feature",
      "geometry": {
        "type": "LineString",
        "coordinates": [
          [
            126.8509924,
            35.2130241
          ],
          [
            126.851543,
            35.2130247
          ],
          [
            126.8515426,
            35.2132542
          ],
          [
            126.851055,
            35.2132537
          ],
          [
            126.8510551,
            35.2131791
          ],
          [
            126.8509922,
            35.213179
          ],
          [
            126.8509924,
            35.2130241
          ]
        ]
      },
      "properties": {
        "building": "yes",
        "frequency": "60",
        "location": "indoor",
        "name": "비아변전소",
        "name:ko": "비아변전소",
        "power": "substation",
        "substation": "distribution",
        "voltage": "154000"
      }
    },
    {
      "type": "Feature",
      "geometry": {
        "type": "LineString",
        "coordinates": [
          [
            126.4189069,
            34.8199458
          ],
          [
            126.4181747,
            34.8200539
          ],
          [
            126.4178771,
            34.8189744
          ],
          [
            126.4186787,
            34.8188637
          ],
          [
            126.4189069,
            34.8199458
          ]
        ]
      },
      "properties": {
        "landuse": "industrial",
        "location": "indoor",
        "name": "목포변전소",
        "name:ko": "목포변전소",
        "operator": "한국전력공사",
        "operator:en": "Korea Electric Power Corporation",
        "operator:ko": "한국전력공사",
        "operator:short": "KEPCO",
        "operator:wikidata": "Q486737",
        "power": "substation",
        "substation": "distribution",
        "voltage": "154000"
      }
    },
    {
      "type": "Feature",
      "geometry": {
        "type": "LineString",
        "coordinates": [
          [
            126.8830099,
            35.152586
          ],
          [
            126.8830842,
            35.1522539
          ],
          [
            126.8832159,
            35.1522736
          ],
          [
            126.8831416,
            35.1526057
          ],
          [
            126.8830099,
            35.152586
          ]
        ]
      },
      "properties": {
        "building": "yes",
        "frequency": "60",
        "location": "indoor",
        "name": "화정변전소",
        "name:ko": "화정변전소",
        "power": "substation",
        "substation": "distribution",
        "voltage": "154000"
      }
    },
    {
      "type": "Feature",
      "geometry": {
        "type": "LineString",
        "coordinates": [
          [
            126.897188,
            37.4501494
          ],
          [
            126.896973,
            37.4500921
          ],
          [
            126.8970227,
            37.4499746
          ],
          [
            126.8971623,
            37.4496445
          ],
          [
            126.8973774,
            37.4497018
          ],
          [
            126.897188,
            37.4501494
          ]
        ]
      },
      "properties": {
        "addr:city": "서울특별시",
        "addr:district": "금천구",
        "addr:housenumber": "93-24",
        "addr:postcode": "08634",
        "addr:street": "시흥대로51길",
        "addr:subdistrict": "시흥동",
        "building": "yes",
        "gas_insulated": "yes",
        "location": "indoor",
        "name": "시흥변전소",
        "name:en": "Siheung Substation",
        "name:ko": "시흥변전소",
        "operator": "한국전력공사",
        "operator:en": "Korea Electric Power Corporation",
        "operator:ko": "한국전력공사",
        "operator:short": "KEPCO",
        "operator:wikidata": "Q486737",
        "power": "substation",
        "substation": "distribution",
        "voltage": "154000"
      }
    },
    {
      "type": "Feature",
      "geometry": {
        "type": "LineString",
        "coordinates": [
          [
            127.8338379,
            36.2544537
          ],
          [
            127.8339562,
            36.2541735
          ],
          [
            127.8341425,
            36.2541041
          ],
          [
            127.8338092,
            36.2534627
          ],
          [
            127.833304,
            36.2536331
          ],
          [
            127.8337627,
            36.2544769
          ],
          [
            127.8338379,
            36.2544537
          ]
        ]
      },
      "properties": {
        "frequency": "60",
        "location": "outdoor",
        "name": "영동변전소",
        "name:en": "Yeongdong Substation",
        "name:ko": "영동변전소",
        "power": "substation",
        "substation": "distribution",
        "voltage": "154000"
      }
    },
    {
      "type": "Feature",
      "geometry": {
        "type": "LineString",
        "coordinates": [
          [
            126.8243787,
            37.4911083
          ],
          [
            126.8240852,
            37.4912421
          ],
          [
            126.8241162,
            37.4912895
          ],
          [
            126.8244404,
            37.491285
          ],
          [
            126.8244806,
            37.4915382
          ],
          [
            126.8238744,
            37.4916084
          ],
          [
            126.8237537,
            37.4913488
          ],
          [
            126.8238342,
            37.491302
          ],
          [
            126.8236169,
            37.4909657
          ],
          [
            126.8234345,
            37.491036
          ],
          [
            126.8233058,
            37.4908721
          ],
          [
            126.8231341,
            37.4909466
          ],
          [
            126.8230617,
            37.4908423
          ],
          [
            126.8232227,
            37.4907699
          ],
          [
            126.8232119,
            37.4907465
          ],
          [
            126.8239656,
            37.4904571
          ],
          [
            126.8243787,
            37.4911083
          ]
        ]
      },
      "properties": {
        "frequency": "60",
        "location": "underground",
        "name": "온수변전소",
        "name:en": "Onsu Substation",
        "name:ko": "온수변전소",
        "power": "substation",
        "substation": "distribution",
        "voltage": "154000"
      }
    },
    {
      "type": "Feature",
      "geometry": {
        "type": "LineString",
        "coordinates": [
          [
            126.6823811,
            34.8345934
          ],
          [
            126.6824564,
            34.8337896
          ],
          [
            126.6827595,
            34.8338072
          ],
          [
            126.6828239,
            34.8335826
          ],
          [
            126.683245,
            34.8336377
          ],
          [
            126.6830438,
            34.8347495
          ],
          [
            126.6827032,
            34.8347913
          ],
          [
            126.6823706,
            34.8346966
          ],
          [
            126.6823811,
            34.8345934
          ]
        ]
      },
      "properties": {
        "frequency": "60",
        "location": "outdoor",
        "name": "영암변전소",
        "name:ko": "영암변전소",
        "operator": "한국전력공사",
        "power": "substation",
        "substation": "distribution",
        "voltage": "154000"
      }
    },
    {
      "type": "Feature",
      "geometry": {
        "type": "LineString",
        "coordinates": [
          [
            126.754258,
            34.646198
          ],
          [
            126.7543327,
            34.6458023
          ],
          [
            126.7545195,
            34.6451761
          ],
          [
            126.7545102,
            34.6446536
          ],
          [
            126.7556922,
            34.6446843
          ],
          [
            126.7556798,
            34.6451131
          ],
          [
            126.7557104,
            34.6463786
          ],
          [
            126.7545242,
            34.6464477
          ],
          [
            126.754258,
            34.646198
          ]
        ]
      },
      "properties": {
        "frequency": "60",
        "location": "outdoor",
        "name": "강진변전소",
        "operator": "한국전력공사",
        "power": "substation",
        "voltage": "154000"
      }
    },
    {
      "type": "Feature",
      "geometry": {
        "type": "LineString",
        "coordinates": [
          [
            126.7568186,
            35.1080221
          ],
          [
            126.7563924,
            35.1071715
          ],
          [
            126.7568493,
            35.1070183
          ],
          [
            126.7572755,
            35.1078689
          ],
          [
            126.757201,
            35.1078939
          ],
          [
            126.7568186,
            35.1080221
          ]
        ]
      },
      "properties": {
        "landuse": "railway",
        "location": "indoor",
        "name": "노안변전소",
        "name:en": "Noan Substation",
        "name:ko": "노안변전소",
        "operator": "한국철도시설공단",
        "power": "substation",
        "substation": "traction",
        "voltage": "154000;55000;27500"
      }
    },
    {
      "type": "Feature",
      "geometry": {
        "type": "LineString",
        "coordinates": [
          [
            128.6417198,
            35.8750102
          ],
          [
            128.6415312,
            35.8749002
          ],
          [
            128.6412602,
            35.8752052
          ],
          [
            128.6413438,
            35.875254
          ],
          [
            128.6412981,
            35.8753055
          ],
          [
            128.6414031,
            35.8753668
          ],
          [
            128.6417198,
            35.8750102
          ]
        ]
      },
      "properties": {
        "building": "yes",
        "frequency": "60",
        "location": "indoor",
        "name": "효목변전소",
        "name:ko": "효목변전소",
        "power": "substation",
        "substation": "distribution",
        "voltage": "154000"
      }
    },
    {
      "type": "Feature",
      "geometry": {
        "type": "LineString",
        "coordinates": [
          [
            129.3917279,
            35.6517244
          ],
          [
            129.3933177,
            35.6500523
          ],
          [
            129.3939716,
            35.6505888
          ],
          [
            129.3924789,
            35.6521731
          ],
          [
            129.3923177,
            35.6523442
          ],
          [
            129.3917151,
            35.651891
          ],
          [
            129.3917279,
            35.6517244
          ]
        ]
      },
      "properties": {
        "frequency": "60",
        "location": "outdoor",
        "name": "동울산변전소",
        "name:en": "East-Ulsan Substation",
        "name:ko": "동울산변전소",
        "power": "substation",
        "substation": "transmission",
        "voltage": "345000"
      }
    },
    {
      "type": "Feature",
      "geometry": {
        "type": "LineString",
        "coordinates": [
          [
            127.2191774,
            37.6489171
          ],
          [
            127.2191632,
            37.6488018
          ],
          [
            127.2195865,
            37.6487691
          ],
          [
            127.2195942,
            37.6488317
          ],
          [
            127.2193358,
            37.6488516
          ],
          [
            127.2193423,
            37.6489043
          ],
          [
            127.2191774,
            37.6489171
          ]
        ]
      },
      "properties": {
        "name": "평내차량사업소 변전소",
        "operator": "한국철도시설공단",
        "power": "substation",
        "substation": "yes"
      }
    },
    {
      "type": "Feature",
      "geometry": {
        "type": "LineString",
        "coordinates": [
          [
            126.8384779,
            37.6489422
          ],
          [
            126.8385583,
            37.6486699
          ],
          [
            126.8385467,
            37.6481397
          ],
          [
            126.8383714,
            37.6481469
          ],
          [
            126.8375611,
            37.6481801
          ],
          [
            126.8375196,
            37.6487129
          ],
          [
            126.8384779,
            37.6489422
          ]
        ]
      },
      "properties": {
        "frequency": "60",
        "gas_insulated": "yes",
        "location": "indoor",
        "name": "지도변전소",
        "name:en": "Jido Substation",
        "name:ko": "지도변전소",
        "operator": "한국전력공사",
        "operator:en": "Korea Electric Power Corporation",
        "operator:ko": "한국전력공사",
        "operator:short": "KEPCO",
        "operator:wikidata": "Q486737",
        "power": "substation",
        "substation": "distribution",
        "voltage": "154000"
      }
    },
    {
      "type": "Feature",
      "geometry": {
        "type": "LineString",
        "coordinates": [
          [
            126.9270983,
            37.387126
          ],
          [
            126.927736,
            37.3870036
          ],
          [
            126.9278531,
            37.3868396
          ],
          [
            126.9278285,
            37.3863524
          ],
          [
            126.9279856,
            37.3862055
          ],
          [
            126.9279117,
            37.3861345
          ],
          [
            126.9274248,
            37.3855372
          ],
          [
            126.9272123,
            37.3860562
          ],
          [
            126.9271938,
            37.3861223
          ],
          [
            126.9270983,
            37.387126
          ]
        ]
      },
      "properties": {
        "frequency": "60",
        "location": "indoor",
        "name": "안양변전소",
        "name:en": "Anyang Substation",
        "name:ko": "안양변전소",
        "operator": "한국전력공사",
        "operator:en": "Korea Electric Power Corporation",
        "operator:ko": "한국전력공사",
        "operator:short": "KEPCO",
        "operator:wikidata": "Q486737",
        "power": "substation",
        "substation": "distribution",
        "voltage": "154000"
      }
    },
    {
      "type": "Feature",
      "geometry": {
        "type": "LineString",
        "coordinates": [
          [
            127.3359642,
            36.2983488
          ],
          [
            127.335895,
            36.2983498
          ],
          [
            127.3359023,
            36.2987149
          ],
          [
            127.3361302,
            36.2987119
          ],
          [
            127.3361216,
            36.2982828
          ],
          [
            127.335963,
            36.2982849
          ],
          [
            127.3359642,
            36.2983488
          ]
        ]
      },
      "properties": {
        "building": "yes",
        "frequency": "60",
        "location": "indoor",
        "name": "가수원변전소",
        "name:ko": "가수원변전소",
        "power": "substation",
        "substation": "distribution",
        "voltage": "154000"
      }
    },
    {
      "type": "Feature",
      "geometry": {
        "type": "LineString",
        "coordinates": [
          [
            129.3551391,
            35.4878951
          ],
          [
            129.3555289,
            35.4874844
          ],
          [
            129.3545929,
            35.4868954
          ],
          [
            129.3542031,
            35.4873062
          ],
          [
            129.3551391,
            35.4878951
          ]
        ]
      },
      "properties": {
        "frequency": "60",
        "location": "outdoor",
        "name": "성암변전소",
        "name:en": "Seongam Substation",
        "name:ko": "성암변전소",
        "power": "substation",
        "substation": "transmission",
        "voltage": "154000"
      }
    },
    {
      "type": "Feature",
      "geometry": {
        "type": "LineString",
        "coordinates": [
          [
            127.3608192,
            36.4937526
          ],
          [
            127.3614961,
            36.4937283
          ],
          [
            127.3614811,
            36.4934581
          ],
          [
            127.3609344,
            36.4934777
          ],
          [
            127.3608032,
            36.4936921
          ],
          [
            127.3608192,
            36.4937526
          ]
        ]
      },
      "properties": {
        "frequency": "60",
        "location": "outdoor",
        "name": "월산변전소",
        "name:en": "Wolsan Substation",
        "name:ko": "월산변전소",
        "power": "substation",
        "substation": "distribution",
        "voltage": "154000"
      }
    },
    {
      "type": "Feature",
      "geometry": {
        "type": "LineString",
        "coordinates": [
          [
            129.3777093,
            35.4747159
          ],
          [
            129.3786965,
            35.4742178
          ],
          [
            129.3798229,
            35.4756981
          ],
          [
            129.3788357,
            35.4761963
          ],
          [
            129.3777093,
            35.4747159
          ]
        ]
      },
      "properties": {
        "frequency": "60",
        "location": "indoor",
        "name": "울산화력변전소",
        "name:en": "Ulsan Thermal Power Substation",
        "name:ko": "울산화력변전소",
        "power": "substation",
        "substation": "distribution",
        "voltage": "154000"
      }
    },
    {
      "type": "Feature",
      "geometry": {
        "type": "LineString",
        "coordinates": [
          [
            126.4645731,
            36.7973884
          ],
          [
            126.4650578,
            36.7972506
          ],
          [
            126.4648799,
            36.7968493
          ],
          [
            126.4651448,
            36.796774
          ],
          [
            126.4647943,
            36.7959833
          ],
          [
            126.4640448,
            36.7961963
          ],
          [
            126.4641677,
            36.7964737
          ],
          [
            126.4642875,
            36.7967439
          ],
          [
            126.4644589,
            36.7971307
          ],
          [
            126.4645731,
            36.7973884
          ]
        ]
      },
      "properties": {
        "frequency": "60",
        "name": "서산변전소",
        "name:en": "Seosan Substation",
        "name:ko": "서산변전소",
        "operator": "한국전력공사",
        "operator:en": "Korea Electric Power Corporation",
        "operator:ko": "한국전력공사",
        "operator:short": "KEPCO",
        "operator:wikidata": "Q486737",
        "power": "substation",
        "substation": "distribution",
        "voltage": "154000"
      }
    },
    {
      "type": "Feature",
      "geometry": {
        "type": "LineString",
        "coordinates": [
          [
            127.6686161,
            34.8125785
          ],
          [
            127.669099,
            34.8125547
          ],
          [
            127.669622,
            34.8129511
          ],
          [
            127.6696316,
            34.8132169
          ],
          [
            127.6694649,
            34.8133656
          ],
          [
            127.6692697,
            34.813218
          ],
          [
            127.668922,
            34.813528
          ],
          [
            127.6682708,
            34.8130355
          ],
          [
            127.6681802,
            34.8129671
          ],
          [
            127.6686161,
            34.8125785
          ]
        ]
      },
      "properties": {
        "frequency": "60",
        "location": "indoor",
        "name": "여천변전소",
        "name:en": "Yeocheon Substation",
        "name:ko": "여천변전소",
        "power": "substation",
        "substation": "distribution",
        "voltage": "154000"
      }
    },
    {
      "type": "Feature",
      "geometry": {
        "type": "LineString",
        "coordinates": [
          [
            128.8983506,
            35.0916381
          ],
          [
            128.8988848,
            35.0916388
          ],
          [
            128.8988849,
            35.091573
          ],
          [
            128.8989762,
            35.0915732
          ],
          [
            128.8989765,
            35.091442
          ],
          [
            128.898351,
            35.0914412
          ],
          [
            128.8983506,
            35.0916381
          ]
        ]
      },
      "properties": {
        "frequency": "60",
        "location": "indoor",
        "name": "명지변전소",
        "name:en": "Myeongji Substation",
        "name:ko": "명지변전소",
        "operator": "KEPCO",
        "power": "substation",
        "substation": "yes"
      }
    },
    {
      "type": "Feature",
      "geometry": {
        "type": "LineString",
        "coordinates": [
          [
            126.7613789,
            37.6856416
          ],
          [
            126.7612632,
            37.6854817
          ],
          [
            126.7613103,
            37.6854604
          ],
          [
            126.7617565,
            37.685258
          ],
          [
            126.7618723,
            37.6854179
          ],
          [
            126.7613789,
            37.6856416
          ]
        ]
      },
      "properties": {
        "building": "industrial",
        "frequency": "60",
        "gas_insulated": "yes",
        "location": "indoor",
        "name": "송포변전소",
        "name:en": "Songpo Substation",
        "name:ko": "송포변전소",
        "operator": "한국전력공사",
        "operator:en": "Korea Electric Power Corporation",
        "operator:ko": "한국전력공사",
        "operator:short": "KEPCO",
        "operator:wikidata": "Q486737",
        "power": "substation",
        "substation": "distribution",
        "voltage": "154000"
      }
    },
    {
      "type": "Feature",
      "geometry": {
        "type": "LineString",
        "coordinates": [
          [
            126.6857655,
            37.6407936
          ],
          [
            126.685356,
            37.6402819
          ],
          [
            126.6855817,
            37.6401182
          ],
          [
            126.6861387,
            37.6406013
          ],
          [
            126.6857655,
            37.6407936
          ]
        ]
      },
      "properties": {
        "name": "장기변전소",
        "name:en": "Janggi Substation",
        "name:ko": "장기변전소",
        "operator": "한국전력공사",
        "operator:en": "Korea Electric Power Corporation",
        "operator:ko": "한국전력공사",
        "operator:short": "KEPCO",
        "operator:wikidata": "Q486737",
        "power": "substation",
        "substation": "distribution",
        "voltage": "154000"
      }
    },
    {
      "type": "Feature",
      "geometry": {
        "type": "LineString",
        "coordinates": [
          [
            128.517636,
            35.8301167
          ],
          [
            128.5171794,
            35.8296748
          ],
          [
            128.5175935,
            35.8293821
          ],
          [
            128.5180323,
            35.829847
          ],
          [
            128.517636,
            35.8301167
          ]
        ]
      },
      "properties": {
        "building": "industrial",
        "frequency": "60",
        "location": "indoor",
        "name": "월배변전소",
        "name:ko": "월배변전소",
        "power": "substation",
        "substation": "distribution",
        "voltage": "154000"
      }
    },
    {
      "type": "Feature",
      "geometry": {
        "type": "LineString",
        "coordinates": [
          [
            126.3289248,
            34.6855409
          ],
          [
            126.3291111,
            34.6855275
          ],
          [
            126.3291031,
            34.6854613
          ],
          [
            126.3292023,
            34.6854458
          ],
          [
            126.3291352,
            34.6849981
          ],
          [
            126.328867,
            34.6850246
          ],
          [
            126.3289248,
            34.6855409
          ]
        ]
      },
      "properties": {
        "frequency": "60",
        "location": "indoor",
        "name": "화원변전소",
        "name:en": "Hwawon Substation",
        "name:ko": "화원변전소",
        "power": "substation",
        "substation": "distribution",
        "voltage": "154000"
      }
    },
    {
      "type": "Feature",
      "geometry": {
        "type": "LineString",
        "coordinates": [
          [
            126.2715187,
            34.5199021
          ],
          [
            126.2714645,
            34.5198085
          ],
          [
            126.2713664,
            34.5198471
          ],
          [
            126.2711592,
            34.5194891
          ],
          [
            126.271426,
            34.5193843
          ],
          [
            126.2716875,
            34.5198358
          ],
          [
            126.2715187,
            34.5199021
          ]
        ]
      },
      "properties": {
        "frequency": "60",
        "location": "indoor",
        "name": "진도변전소",
        "name:en": "Jindo Substation",
        "name:ko": "진도변전소",
        "power": "substation",
        "substation": "distribution",
        "voltage": "154000"
      }
    },
    {
      "type": "Feature",
      "geometry": {
        "type": "LineString",
        "coordinates": [
          [
            126.1304217,
            34.7423546
          ],
          [
            126.1306649,
            34.742052
          ],
          [
            126.130766,
            34.7421069
          ],
          [
            126.1307872,
            34.7420805
          ],
          [
            126.1308616,
            34.7421208
          ],
          [
            126.1307003,
            34.7423215
          ],
          [
            126.1305514,
            34.7425067
          ],
          [
            126.1304546,
            34.7424541
          ],
          [
            126.1305003,
            34.7423973
          ],
          [
            126.1304217,
            34.7423546
          ]
        ]
      },
      "properties": {
        "frequency": "60",
        "location": "indoor",
        "name": "안좌변전소",
        "name:en": "Anjwa Substation",
        "name:ko": "안좌변전소",
        "power": "substation",
        "substation": "distribution",
        "voltage": "154000"
      }
    },
    {
      "type": "Feature",
      "geometry": {
        "type": "LineString",
        "coordinates": [
          [
            127.22277,
            37.0965156
          ],
          [
            127.2232166,
            37.0971107
          ],
          [
            127.220664,
            37.0983296
          ],
          [
            127.2202174,
            37.0977346
          ],
          [
            127.22277,
            37.0965156
          ]
        ]
      },
      "properties": {
        "barrier": "fence",
        "frequency": "60",
        "location": "outdoor",
        "name": "서안성변전소",
        "name:en": "West-Anseong Substation",
        "name:ko": "서안성변전소",
        "power": "substation",
        "substation": "transmission",
        "voltage": "345000;154000"
      }
    },
    {
      "type": "Feature",
      "geometry": {
        "type": "LineString",
        "coordinates": [
          [
            128.9851343,
            37.1578437
          ],
          [
            128.9856793,
            37.1569693
          ],
          [
            128.9834779,
            37.1559764
          ],
          [
            128.9830249,
            37.1561287
          ],
          [
            128.9829117,
            37.1563995
          ],
          [
            128.9827843,
            37.1566308
          ],
          [
            128.9828338,
            37.1568565
          ],
          [
            128.9838467,
            37.1573077
          ],
          [
            128.9851343,
            37.1578437
          ]
        ]
      },
      "properties": {
        "frequency": "60",
        "location": "outdoor",
        "name": "태백변전소",
        "name:en": "Taebaek Substation",
        "name:ko": "태백변전소",
        "power": "substation",
        "substation": "distribution",
        "voltage": "154000"
      }
    },
    {
      "type": "Feature",
      "geometry": {
        "type": "LineString",
        "coordinates": [
          [
            126.9737821,
            37.5232208
          ],
          [
            126.9741567,
            37.5228932
          ],
          [
            126.9743338,
            37.5230206
          ],
          [
            126.9740197,
            37.5232954
          ],
          [
            126.9739601,
            37.5232525
          ],
          [
            126.9738996,
            37.5233053
          ],
          [
            126.9737821,
            37.5232208
          ]
        ]
      },
      "properties": {
        "building": "yes",
        "gas_insulated": "yes",
        "location": "indoor",
        "name": "동빙고변전소",
        "name:en": "Dongbinggo Substation",
        "name:ko": "동빙고변전소",
        "operator": "한국전력공사",
        "operator:en": "Korea Electric Power Corporation",
        "operator:ko": "한국전력공사",
        "operator:short": "KEPCO",
        "operator:wikidata": "Q486737",
        "power": "substation",
        "substation": "distribution",
        "voltage": "154000"
      }
    },
    {
      "type": "Feature",
      "geometry": {
        "type": "LineString",
        "coordinates": [
          [
            126.9465746,
            37.3670796
          ],
          [
            126.9462389,
            37.366973
          ],
          [
            126.9459233,
            37.3676011
          ],
          [
            126.9462589,
            37.3677077
          ],
          [
            126.9465746,
            37.3670796
          ]
        ]
      },
      "properties": {
        "building": "yes",
        "name": "금정변전소",
        "name:ko": "금정변전소",
        "power": "substation",
        "substation": "yes"
      }
    },
    {
      "type": "Feature",
      "geometry": {
        "type": "LineString",
        "coordinates": [
          [
            127.5571135,
            36.9189243
          ],
          [
            127.5575153,
            36.9191927
          ],
          [
            127.5575927,
            36.9191166
          ],
          [
            127.5575665,
            36.9190985
          ],
          [
            127.5576377,
            36.9190306
          ],
          [
            127.5572681,
            36.9187822
          ],
          [
            127.5571135,
            36.9189243
          ]
        ]
      },
      "properties": {
        "building": "public",
        "building:levels": "2",
        "frequency": "60",
        "height": "8",
        "location": "indoor",
        "name": "남음성변전소",
        "name:en": "South-Eumseong Substation",
        "name:ko": "남음성변전소",
        "power": "substation",
        "substation": "distribution",
        "voltage": "154000"
      }
    },
    {
      "type": "Feature",
      "geometry": {
        "type": "LineString",
        "coordinates": [
          [
            128.8357922,
            35.8712151
          ],
          [
            128.8375111,
            35.8712331
          ],
          [
            128.8375026,
            35.8717684
          ],
          [
            128.8366946,
            35.8717599
          ],
          [
            128.8366963,
            35.8716561
          ],
          [
            128.8357853,
            35.8716466
          ],
          [
            128.8357922,
            35.8712151
          ]
        ]
      },
      "properties": {
        "frequency": "60",
        "location": "outdoor",
        "name": "경산변전소",
        "name:en": "Gyeongsan Substation",
        "name:ko": "경산변전소",
        "power": "substation",
        "substation": "distribution",
        "voltage": "154000"
      }
    },
    {
      "type": "Feature",
      "geometry": {
        "type": "LineString",
        "coordinates": [
          [
            128.9453731,
            35.9071513
          ],
          [
            128.9453678,
            35.9068504
          ],
          [
            128.945573,
            35.9066951
          ],
          [
            128.9461926,
            35.9066755
          ],
          [
            128.9462127,
            35.9071372
          ],
          [
            128.9453731,
            35.9071513
          ]
        ]
      },
      "properties": {
        "frequency": "60",
        "location": "outdoor",
        "name": "금호변전소",
        "name:en": "Geumho Substation",
        "name:ko": "금호변전소",
        "power": "substation",
        "substation": "distribution",
        "voltage": "154000"
      }
    },
    {
      "type": "Feature",
      "geometry": {
        "type": "LineString",
        "coordinates": [
          [
            127.117606,
            37.2174895
          ],
          [
            127.1179279,
            37.2175194
          ],
          [
            127.1181961,
            37.2174917
          ],
          [
            127.1184858,
            37.2168744
          ],
          [
            127.1178957,
            37.2167569
          ],
          [
            127.117606,
            37.2174895
          ]
        ]
      },
      "properties": {
        "frequency": "60",
        "location": "indoor",
        "name": "동탄변전소",
        "name:en": "Dongtan Substation",
        "name:ko": "동탄변전소",
        "power": "substation",
        "substation": "distribution",
        "voltage": "154000"
      }
    },
    {
      "type": "Feature",
      "geometry": {
        "type": "LineString",
        "coordinates": [
          [
            127.0823993,
            37.18623
          ],
          [
            127.0829222,
            37.1862104
          ],
          [
            127.0829192,
            37.1861599
          ],
          [
            127.0830122,
            37.1861564
          ],
          [
            127.0830043,
            37.1860228
          ],
          [
            127.0829612,
            37.1860007
          ],
          [
            127.082387,
            37.1860223
          ],
          [
            127.0823993,
            37.18623
          ]
        ]
      },
      "properties": {
        "building": "yes",
        "frequency": "60",
        "location": "indoor",
        "name": "삼미변전소",
        "name:ko": "삼미변전소",
        "power": "substation",
        "substation": "distribution",
        "voltage": "154000"
      }
    },
    {
      "type": "Feature",
      "geometry": {
        "type": "LineString",
        "coordinates": [
          [
            126.877905,
            37.5807426
          ],
          [
            126.8780317,
            37.5805978
          ],
          [
            126.8780309,
            37.5805906
          ],
          [
            126.8775805,
            37.5803486
          ],
          [
            126.8774901,
            37.5804561
          ],
          [
            126.877506,
            37.5804653
          ],
          [
            126.8775261,
            37.5804769
          ],
          [
            126.877562,
            37.5804975
          ],
          [
            126.8775269,
            37.580541
          ],
          [
            126.877905,
            37.5807426
          ]
        ]
      },
      "properties": {
        "building": "yes",
        "building:levels": "3",
        "frequency": "60",
        "location": "indoor",
        "name": "상암변전소",
        "name:en": "Sangam Substation",
        "name:ko": "상암변전소",
        "operator": "한국전력공사",
        "operator:en": "Korea Electric Power Corporation",
        "operator:ko": "한국전력공사",
        "operator:short": "KEPCO",
        "operator:wikidata": "Q486737",
        "power": "substation",
        "substation": "distribution",
        "voltage": "154000"
      }
    },
    {
      "type": "Feature",
      "geometry": {
        "type": "LineString",
        "coordinates": [
          [
            126.6933761,
            37.4901013
          ],
          [
            126.6913803,
            37.4894478
          ],
          [
            126.6916907,
            37.4888509
          ],
          [
            126.691702,
            37.4886548
          ],
          [
            126.6919139,
            37.4882908
          ],
          [
            126.6938344,
            37.4889442
          ],
          [
            126.6941857,
            37.4892379
          ],
          [
            126.6938719,
            37.4899423
          ],
          [
            126.6933761,
            37.4901013
          ]
        ]
      },
      "properties": {
        "frequency": "60",
        "location": "outdoor",
        "name": "신인천변전소",
        "name:en": "Shin-Incheon Substation",
        "name:ko": "신인천변전소",
        "power": "substation",
        "substation": "transmission",
        "voltage": "345000"
      }
    },
    {
      "type": "Feature",
      "geometry": {
        "type": "LineString",
        "coordinates": [
          [
            127.4313801,
            36.9855656
          ],
          [
            127.4324231,
            36.9858306
          ],
          [
            127.4326532,
            36.985253
          ],
          [
            127.4316101,
            36.9849879
          ],
          [
            127.4313801,
            36.9855656
          ]
        ]
      },
      "properties": {
        "frequency": "60",
        "landuse": "industrial",
        "location": "indoor",
        "name": "만승변전소",
        "name:en": "Manseung Substation",
        "name:ko": "만승변전소",
        "power": "substation",
        "source": "Esri World Imagery",
        "substation": "distribution",
        "voltage": "154000"
      }
    },
    {
      "type": "Feature",
      "geometry": {
        "type": "LineString",
        "coordinates": [
          [
            127.1512346,
            37.4813673
          ],
          [
            127.151262,
            37.4817773
          ],
          [
            127.151021,
            37.4817874
          ],
          [
            127.1510108,
            37.4816344
          ],
          [
            127.1510041,
            37.4815344
          ],
          [
            127.1509937,
            37.4813774
          ],
          [
            127.1512346,
            37.4813673
          ]
        ]
      },
      "properties": {
        "building": "yes",
        "frequency": "60",
        "gas_insulated": "yes",
        "location": "indoor",
        "name": "위례변전소",
        "name:en": "Wirye Substation",
        "name:ko": "위례변전소",
        "operator": "한국전력공사",
        "operator:en": "Korea Electric Power Corporation",
        "operator:ko": "한국전력공사",
        "operator:short": "KEPCO",
        "operator:wikidata": "Q486737",
        "power": "substation",
        "substation": "distribution",
        "voltage": "154000"
      }
    },
    {
      "type": "Feature",
      "geometry": {
        "type": "LineString",
        "coordinates": [
          [
            126.7352196,
            34.3336587
          ],
          [
            126.7353525,
            34.3337282
          ],
          [
            126.7356942,
            34.333907
          ],
          [
            126.7355967,
            34.3340341
          ],
          [
            126.7355221,
            34.333995
          ],
          [
            126.7354762,
            34.3340548
          ],
          [
            126.7350762,
            34.3338456
          ],
          [
            126.7352196,
            34.3336587
          ]
        ]
      },
      "properties": {
        "frequency": "60",
        "location": "indoor",
        "name": "완도변전소",
        "name:ko": "완도변전소",
        "power": "substation",
        "substation": "distribution",
        "voltage": "154000"
      }
    },
    {
      "type": "Feature",
      "geometry": {
        "type": "LineString",
        "coordinates": [
          [
            127.0546404,
            37.0270333
          ],
          [
            127.0546537,
            37.0253546
          ],
          [
            127.0592673,
            37.0253664
          ],
          [
            127.0604247,
            37.0254097
          ],
          [
            127.0604247,
            37.0257332
          ],
          [
            127.0607637,
            37.0257382
          ],
          [
            127.0607637,
            37.0270199
          ],
          [
            127.0583967,
            37.0270295
          ],
          [
            127.0581736,
            37.0270243
          ],
          [
            127.0546404,
            37.0270333
          ]
        ]
      },
      "properties": {
        "name": "고덕변전소",
        "name:ko": "고덕변전소",
        "power": "substation"
      }
    },
    {
      "type": "Feature",
      "geometry": {
        "type": "LineString",
        "coordinates": [
          [
            127.453428,
            35.7807047
          ],
          [
            127.4545526,
            35.7804812
          ],
          [
            127.4544517,
            35.7801474
          ],
          [
            127.4541944,
            35.7801986
          ],
          [
            127.4541129,
            35.7799288
          ],
          [
            127.4532458,
            35.7801011
          ],
          [
            127.453428,
            35.7807047
          ]
        ]
      },
      "properties": {
        "frequency": "60",
        "location": "outdoor",
        "name": "진안변전소",
        "name:en": "Jian Substation",
        "name:ko": "진안변전소",
        "power": "substation",
        "substation": "distribution",
        "voltage": "154000"
      }
    },
    {
      "type": "Feature",
      "geometry": {
        "type": "LineString",
        "coordinates": [
          [
            126.8439064,
            37.3151047
          ],
          [
            126.8438871,
            37.3148844
          ],
          [
            126.8444412,
            37.3148536
          ],
          [
            126.8444606,
            37.3150739
          ],
          [
            126.8439064,
            37.3151047
          ]
        ]
      },
      "properties": {
        "building": "industrial",
        "frequency": "60",
        "location": "indoor",
        "name": "성포변전소",
        "name:ko": "성포변전소",
        "power": "substation",
        "substation": "distribution",
        "voltage": "154000"
      }
    },
    {
      "type": "Feature",
      "geometry": {
        "type": "LineString",
        "coordinates": [
          [
            127.0890538,
            37.756878
          ],
          [
            127.0909068,
            37.7571875
          ],
          [
            127.0917063,
            37.7573211
          ],
          [
            127.0920239,
            37.7562651
          ],
          [
            127.0893573,
            37.7558184
          ],
          [
            127.0890538,
            37.756878
          ]
        ]
      },
      "properties": {
        "frequency": "60",
        "location": "outdoor",
        "name": "신의정부변전소",
        "name:en": "Shin-Uijeongbu Substation",
        "name:ko": "신의정부변전소",
        "operator": "한국전력공사",
        "operator:en": "Korea Electric Power Corporation",
        "operator:ko": "한국전력공사",
        "operator:short": "KEPCO",
        "operator:wikidata": "Q486737",
        "power": "substation",
        "substation": "transmission",
        "voltage": "345000"
      }
    },
    {
      "type": "Feature",
      "geometry": {
        "type": "LineString",
        "coordinates": [
          [
            128.0293742,
            37.4923093
          ],
          [
            128.0296639,
            37.4926073
          ],
          [
            128.0287949,
            37.493118
          ],
          [
            128.0284945,
            37.4928286
          ],
          [
            128.0293742,
            37.4923093
          ]
        ]
      },
      "properties": {
        "frequency": "60",
        "location": "indoor",
        "name": "횡성변전소",
        "name:en": "Hoengsong Substation",
        "name:ko": "횡성변전소",
        "power": "substation",
        "substation": "distribution",
        "voltage": "154000"
      }
    },
    {
      "type": "Feature",
      "geometry": {
        "type": "LineString",
        "coordinates": [
          [
            127.0375736,
            37.293337
          ],
          [
            127.037835,
            37.2936687
          ],
          [
            127.0379277,
            37.2936225
          ],
          [
            127.0379748,
            37.2936823
          ],
          [
            127.0381547,
            37.2935925
          ],
          [
            127.0378586,
            37.2932169
          ],
          [
            127.0377917,
            37.2932502
          ],
          [
            127.0377792,
            37.2932344
          ],
          [
            127.0375736,
            37.293337
          ]
        ]
      },
      "properties": {
        "building": "yes",
        "frequency": "60",
        "location": "indoor",
        "name": "우만변전소",
        "name:ko": "우만변전소",
        "power": "substation",
        "substation": "distribution",
        "voltage": "154000"
      }
    },
    {
      "type": "Feature",
      "geometry": {
        "type": "LineString",
        "coordinates": [
          [
            126.7220222,
            37.7278521
          ],
          [
            126.7220267,
            37.7277808
          ],
          [
            126.7219575,
            37.727778
          ],
          [
            126.7219806,
            37.7274152
          ],
          [
            126.7222061,
            37.7274242
          ],
          [
            126.7221933,
            37.7276259
          ],
          [
            126.7221924,
            37.7276399
          ],
          [
            126.7221916,
            37.7276516
          ],
          [
            126.7221785,
            37.7278583
          ],
          [
            126.7220222,
            37.7278521
          ]
        ]
      },
      "properties": {
        "building": "industrial",
        "frequency": "60",
        "gas_insulated": "yes",
        "location": "indoor",
        "name": "문발변전소",
        "name:en": "Munbal Substation",
        "name:ko": "문발변전소",
        "operator": "한국전력공사",
        "operator:en": "Korea Electric Power Corporation",
        "operator:ko": "한국전력공사",
        "operator:short": "KEPCO",
        "operator:wikidata": "Q486737",
        "power": "substation",
        "substation": "distribution",
        "voltage": "154000"
      }
    },
    {
      "type": "Feature",
      "geometry": {
        "type": "LineString",
        "coordinates": [
          [
            126.8772105,
            37.3015588
          ],
          [
            126.8772085,
            37.3011781
          ],
          [
            126.877439,
            37.3011773
          ],
          [
            126.8774414,
            37.3016362
          ],
          [
            126.8772789,
            37.3016368
          ],
          [
            126.8772785,
            37.3015585
          ],
          [
            126.8772105,
            37.3015588
          ]
        ]
      },
      "properties": {
        "building": "industrial",
        "frequency": "60",
        "location": "indoor",
        "name": "일동변전소",
        "name:ko": "일동변전소",
        "power": "substation",
        "substation": "distribution",
        "voltage": "154000"
      }
    },
    {
      "type": "Feature",
      "geometry": {
        "type": "LineString",
        "coordinates": [
          [
            126.8783636,
            37.3004846
          ],
          [
            126.8787561,
            37.300375
          ],
          [
            126.8789635,
            37.3008448
          ],
          [
            126.8785709,
            37.3009544
          ],
          [
            126.8783636,
            37.3004846
          ]
        ]
      },
      "properties": {
        "building": "yes",
        "frequency": "60",
        "location": "indoor",
        "name": "신안산변전소",
        "name:en": "Shin-Ansan Substation",
        "name:ko": "신안산변전소",
        "power": "substation",
        "substation": "transmission",
        "voltage": "345000"
      }
    },
    {
      "type": "Feature",
      "geometry": {
        "type": "LineString",
        "coordinates": [
          [
            126.8113955,
            37.3159923
          ],
          [
            126.8112164,
            37.3158522
          ],
          [
            126.811631,
            37.3155167
          ],
          [
            126.8118102,
            37.3156567
          ],
          [
            126.8113955,
            37.3159923
          ]
        ]
      },
      "properties": {
        "building": "yes",
        "frequency": "60",
        "location": "indoor",
        "name": "안산변전소",
        "name:en": "Ansan Substation",
        "name:ko": "안산변전소",
        "power": "substation",
        "substation": "distribution",
        "voltage": "154000"
      }
    },
    {
      "type": "Feature",
      "geometry": {
        "type": "LineString",
        "coordinates": [
          [
            127.3910036,
            36.3176792
          ],
          [
            127.3910171,
            36.3173267
          ],
          [
            127.391124,
            36.3173294
          ],
          [
            127.3911207,
            36.3174159
          ],
          [
            127.3912389,
            36.3174189
          ],
          [
            127.3912288,
            36.3176848
          ],
          [
            127.3910036,
            36.3176792
          ]
        ]
      },
      "properties": {
        "building": "yes",
        "frequency": "60",
        "location": "indoor",
        "name": "유천변전소",
        "name:ko": "유천변전소",
        "power": "substation",
        "substation": "distribution",
        "voltage": "154000"
      }
    },
    {
      "type": "Feature",
      "geometry": {
        "type": "LineString",
        "coordinates": [
          [
            127.0587619,
            37.2979591
          ],
          [
            127.0592341,
            37.2980334
          ],
          [
            127.0592704,
            37.2978873
          ],
          [
            127.0592999,
            37.2977689
          ],
          [
            127.0588277,
            37.2976945
          ],
          [
            127.0587989,
            37.2978104
          ],
          [
            127.0587619,
            37.2979591
          ]
        ]
      },
      "properties": {
        "building": "yes",
        "frequency": "60",
        "location": "indoor",
        "name": "이의변전소",
        "name:ko": "이의변전소",
        "power": "substation",
        "substation": "distribution",
        "voltage": "154000"
      }
    },
    {
      "type": "Feature",
      "geometry": {
        "type": "LineString",
        "coordinates": [
          [
            126.506006,
            33.2635743
          ],
          [
            126.5055124,
            33.2636517
          ],
          [
            126.5055071,
            33.2630125
          ],
          [
            126.5065049,
            33.2629935
          ],
          [
            126.5065625,
            33.2630764
          ],
          [
            126.506006,
            33.2635743
          ]
        ]
      },
      "properties": {
        "frequency": "60",
        "location": "indoor",
        "name": "신서귀변전소",
        "name:ko": "신서귀변전소",
        "power": "substation",
        "substation": "distribution",
        "voltage": "154000"
      }
    },
    {
      "type": "Feature",
      "geometry": {
        "type": "LineString",
        "coordinates": [
          [
            127.6091811,
            36.7259692
          ],
          [
            127.6099536,
            36.7262057
          ],
          [
            127.6101333,
            36.7257327
          ],
          [
            127.6100796,
            36.7256209
          ],
          [
            127.6093431,
            36.725477
          ],
          [
            127.6091811,
            36.7259692
          ]
        ]
      },
      "properties": {
        "frequency": "60",
        "location": "indoor",
        "name": "초정변전소",
        "name:en": "Chojeong Substation",
        "name:ko": "초정변전소",
        "power": "substation",
        "substation": "distribution",
        "voltage": "154000"
      }
    },
    {
      "type": "Feature",
      "geometry": {
        "type": "LineString",
        "coordinates": [
          [
            127.5109443,
            36.5974591
          ],
          [
            127.5108701,
            36.5980657
          ],
          [
            127.510744,
            36.5980614
          ],
          [
            127.5105001,
            36.5987154
          ],
          [
            127.5104568,
            36.5990678
          ],
          [
            127.5110181,
            36.5991122
          ],
          [
            127.5110335,
            36.5989869
          ],
          [
            127.5119258,
            36.5990576
          ],
          [
            127.5121109,
            36.5975515
          ],
          [
            127.5109443,
            36.5974591
          ]
        ]
      },
      "properties": {
        "circuits": "Cheongju Substation",
        "frequency": "60",
        "location": "outdoor",
        "name": "청주변전소",
        "name:en": "Cheongju Substation",
        "name:ko": "청주변전소",
        "power": "substation",
        "substation": "distribution",
        "voltage": "154000"
      }
    },
    {
      "type": "Feature",
      "geometry": {
        "type": "LineString",
        "coordinates": [
          [
            127.6489119,
            36.8098328
          ],
          [
            127.648822,
            36.8102597
          ],
          [
            127.6484316,
            36.8104994
          ],
          [
            127.6487505,
            36.8108322
          ],
          [
            127.6507755,
            36.8095888
          ],
          [
            127.6500093,
            36.808789
          ],
          [
            127.6486888,
            36.8095998
          ],
          [
            127.6489119,
            36.8098328
          ]
        ]
      },
      "properties": {
        "frequency": "60",
        "location": "platform",
        "name": "증평변전소",
        "name:en": "Jeungpyeong Substation",
        "name:ko": "증평변전소",
        "power": "substation",
        "substation": "distribution",
        "voltage": "154000"
      }
    },
    {
      "type": "Feature",
      "geometry": {
        "type": "LineString",
        "coordinates": [
          [
            127.2277217,
            37.5359004
          ],
          [
            127.2276177,
            37.5357394
          ],
          [
            127.2281321,
            37.5355302
          ],
          [
            127.2282363,
            37.5356912
          ],
          [
            127.2277217,
            37.5359004
          ]
        ]
      },
      "properties": {
        "building": "yes",
        "frequency": "60",
        "height": "22.4",
        "location": "indoor",
        "name": "신장변전소",
        "name:ko": "신장변전소",
        "power": "substation",
        "substation": "distribution",
        "voltage": "154000"
      }
    },
    {
      "type": "Feature",
      "geometry": {
        "type": "LineString",
        "coordinates": [
          [
            127.0284817,
            37.6139659
          ],
          [
            127.0287054,
            37.6139674
          ],
          [
            127.0287078,
            37.6137452
          ],
          [
            127.0287081,
            37.6137202
          ],
          [
            127.0287104,
            37.6135128
          ],
          [
            127.0284867,
            37.6135112
          ],
          [
            127.0284817,
            37.6139659
          ]
        ]
      },
      "properties": {
        "building": "yes",
        "location": "indoor",
        "name": "미아변전소",
        "name:en": "Mia Substation",
        "name:ko": "미아변전소",
        "operator": "한국전력공사",
        "operator:en": "Korea Electric Power Corporation",
        "operator:ko": "한국전력공사",
        "operator:short": "KEPCO",
        "operator:wikidata": "Q486737",
        "power": "substation",
        "substation": "distribution",
        "voltage": "154000"
      }
    },
    {
      "type": "Feature",
      "geometry": {
        "type": "LineString",
        "coordinates": [
          [
            126.5625201,
            35.9383595
          ],
          [
            126.5625466,
            35.9379305
          ],
          [
            126.5628794,
            35.937944
          ],
          [
            126.5628529,
            35.938373
          ],
          [
            126.5625201,
            35.9383595
          ]
        ]
      },
      "properties": {
        "building": "yes",
        "frequency": "60",
        "location": "indoor",
        "name": "비응변전소",
        "name:en": "Bieung Substation",
        "name:ko": "비응변전소",
        "power": "substation",
        "substation": "distribution",
        "voltage": "154000"
      }
    },
    {
      "type": "Feature",
      "geometry": {
        "type": "LineString",
        "coordinates": [
          [
            127.0815498,
            37.5034399
          ],
          [
            127.0816356,
            37.5036344
          ],
          [
            127.0817434,
            37.5038787
          ],
          [
            127.0819762,
            37.503814
          ],
          [
            127.0819413,
            37.5037347
          ],
          [
            127.0818196,
            37.5034588
          ],
          [
            127.0817954,
            37.5034656
          ],
          [
            127.0817585,
            37.503382
          ],
          [
            127.0815498,
            37.5034399
          ]
        ]
      },
      "properties": {
        "building": "yes",
        "gas_insulated": "yes",
        "location": "indoor",
        "name": "잠실변전소",
        "name:en": "Jamsil Substation",
        "name:ko": "잠실변전소",
        "operator": "한국전력공사",
        "operator:en": "Korea Electric Power Corporation",
        "operator:ko": "한국전력공사",
        "operator:short": "KEPCO",
        "operator:wikidata": "Q486737",
        "power": "substation",
        "substation": "distribution",
        "voltage": "154000"
      }
    },
    {
      "type": "Feature",
      "geometry": {
        "type": "LineString",
        "coordinates": [
          [
            127.1083311,
            36.7908639
          ],
          [
            127.1085732,
            36.7899721
          ],
          [
            127.1086952,
            36.789989
          ],
          [
            127.1088937,
            36.7900471
          ],
          [
            127.1090091,
            36.7901306
          ],
          [
            127.1090428,
            36.790247
          ],
          [
            127.1088248,
            36.7909408
          ],
          [
            127.1083311,
            36.7908639
          ]
        ]
      },
      "properties": {
        "frequency": "60",
        "location": "indoor",
        "name": "장재변전소",
        "name:en": "Jangjae Substation",
        "name:ko": "장재변전소",
        "power": "substation",
        "substation": "distribution",
        "voltage": "154000"
      }
    },
    {
      "type": "Feature",
      "geometry": {
        "type": "LineString",
        "coordinates": [
          [
            127.1156184,
            36.8159063
          ],
          [
            127.1160142,
            36.815834
          ],
          [
            127.1160618,
            36.8157787
          ],
          [
            127.1159482,
            36.8153822
          ],
          [
            127.1159245,
            36.8151966
          ],
          [
            127.1154195,
            36.8152996
          ],
          [
            127.1156184,
            36.8159063
          ]
        ]
      },
      "properties": {
        "frequency": "60",
        "location": "indoor",
        "name": "불당변전소",
        "name:ko": "불당변전소",
        "power": "substation",
        "substation": "distribution",
        "voltage": "154000"
      }
    },
    {
      "type": "Feature",
      "geometry": {
        "type": "LineString",
        "coordinates": [
          [
            128.1128329,
            34.911722
          ],
          [
            128.111996,
            34.9113173
          ],
          [
            128.1097484,
            34.9140754
          ],
          [
            128.1105477,
            34.9144977
          ],
          [
            128.1128329,
            34.911722
          ]
        ]
      },
      "properties": {
        "frequency": "60",
        "location": "indoor",
        "name": "신고성변전소",
        "name:en": "Shin-Goseong Substation",
        "name:ko": "신고성변전소",
        "power": "substation",
        "substation": "transmission",
        "voltage": "345000"
      }
    },
    {
      "type": "Feature",
      "geometry": {
        "type": "LineString",
        "coordinates": [
          [
            129.3352549,
            37.1859213
          ],
          [
            129.3364968,
            37.1859455
          ],
          [
            129.3364362,
            37.1879253
          ],
          [
            129.3351939,
            37.1879011
          ],
          [
            129.3352022,
            37.1876329
          ],
          [
            129.3352138,
            37.1872545
          ],
          [
            129.3352431,
            37.1863059
          ],
          [
            129.3352549,
            37.1859213
          ]
        ]
      },
      "properties": {
        "frequency": "60",
        "location": "outdoor",
        "name": "삼척그린파워변전소",
        "name:ko": "삼척그린파워변전소",
        "power": "substation",
        "substation": "distribution",
        "voltage": "154000"
      }
    },
    {
      "type": "Feature",
      "geometry": {
        "type": "LineString",
        "coordinates": [
          [
            126.9276671,
            37.3297901
          ],
          [
            126.9277681,
            37.3297585
          ],
          [
            126.9278158,
            37.3298476
          ],
          [
            126.9279343,
            37.3298084
          ],
          [
            126.9281325,
            37.330163
          ],
          [
            126.9279104,
            37.3302355
          ],
          [
            126.9276671,
            37.3297901
          ]
        ]
      },
      "properties": {
        "building": "yes",
        "building:levels": "3",
        "frequency": "60",
        "location": "outdoor",
        "name": "남군포변전소",
        "name:ko": "남군포변전소",
        "power": "substation",
        "substation": "distribution",
        "voltage": "154000"
      }
    },
    {
      "type": "Feature",
      "geometry": {
        "type": "LineString",
        "coordinates": [
          [
            126.8688545,
            37.519908
          ],
          [
            126.8688038,
            37.5199155
          ],
          [
            126.8687957,
            37.5198809
          ],
          [
            126.8686242,
            37.5199063
          ],
          [
            126.8686416,
            37.5199805
          ],
          [
            126.8687274,
            37.520345
          ],
          [
            126.8689497,
            37.5203121
          ],
          [
            126.8688545,
            37.519908
          ]
        ]
      },
      "properties": {
        "building": "yes",
        "gas_insulated": "yes",
        "location": "indoor",
        "name": "목동변전소",
        "name:en": "Mokdong Substation",
        "name:ko": "목동변전소",
        "operator": "한국전력공사",
        "operator:en": "Korea Electric Power Corporation",
        "operator:ko": "한국전력공사",
        "operator:short": "KEPCO",
        "operator:wikidata": "Q486737",
        "power": "substation",
        "substation": "transmission",
        "voltage": "154000"
      }
    },
    {
      "type": "Feature",
      "geometry": {
        "type": "LineString",
        "coordinates": [
          [
            128.6201471,
            35.8616897
          ],
          [
            128.620246,
            35.8616497
          ],
          [
            128.6202832,
            35.8617102
          ],
          [
            128.6204051,
            35.8616609
          ],
          [
            128.6206184,
            35.8620073
          ],
          [
            128.6203976,
            35.8620966
          ],
          [
            128.6201471,
            35.8616897
          ]
        ]
      },
      "properties": {
        "building": "public",
        "frequency": "60",
        "location": "underground",
        "name": "남대구변전소",
        "name:ko": "남대구변전소",
        "power": "substation",
        "substation": "distribution",
        "voltage": "154000"
      }
    },
    {
      "type": "Feature",
      "geometry": {
        "type": "LineString",
        "coordinates": [
          [
            126.7162821,
            35.7093749
          ],
          [
            126.7162608,
            35.7093496
          ],
          [
            126.7160186,
            35.7090628
          ],
          [
            126.7165229,
            35.7085488
          ],
          [
            126.7166637,
            35.7086103
          ],
          [
            126.7168262,
            35.7086812
          ],
          [
            126.7170769,
            35.7087906
          ],
          [
            126.7170363,
            35.7089276
          ],
          [
            126.7171521,
            35.70902
          ],
          [
            126.7168486,
            35.709309
          ],
          [
            126.7167442,
            35.7093808
          ],
          [
            126.7165496,
            35.7095059
          ],
          [
            126.7162821,
            35.7093749
          ]
        ]
      },
      "properties": {
        "frequency": "60",
        "location": "indoor",
        "name": "부안변전소",
        "name:en": "Buan Substation",
        "name:ko": "부안변전소",
        "power": "substation",
        "substation": "distribution",
        "voltage": "154000"
      }
    },
    {
      "type": "Feature",
      "geometry": {
        "type": "LineString",
        "coordinates": [
          [
            128.5352157,
            35.8791218
          ],
          [
            128.5351626,
            35.8786457
          ],
          [
            128.5354705,
            35.8786314
          ],
          [
            128.5355307,
            35.8791017
          ],
          [
            128.5352157,
            35.8791218
          ]
        ]
      },
      "properties": {
        "frequency": "60",
        "location": "indoor",
        "name": "팔달변전소",
        "name:ko": "팔달변전소",
        "power": "substation",
        "substation": "distribution",
        "voltage": "154000"
      }
    },
    {
      "type": "Feature",
      "geometry": {
        "type": "LineString",
        "coordinates": [
          [
            128.495488,
            35.8608528
          ],
          [
            128.4954828,
            35.8606565
          ],
          [
            128.495982,
            35.8606478
          ],
          [
            128.4959872,
            35.8608441
          ],
          [
            128.495488,
            35.8608528
          ]
        ]
      },
      "properties": {
        "frequency": "60",
        "location": "indoor",
        "name": "달서변전소",
        "name:ko": "달서변전소",
        "power": "substation",
        "substation": "distribution",
        "voltage": "154000"
      }
    },
    {
      "type": "Feature",
      "geometry": {
        "type": "LineString",
        "coordinates": [
          [
            127.1036915,
            36.7353118
          ],
          [
            127.1040025,
            36.7349974
          ],
          [
            127.1042729,
            36.7351701
          ],
          [
            127.1039639,
            36.7354812
          ],
          [
            127.1036915,
            36.7353118
          ]
        ]
      },
      "properties": {
        "building": "industrial",
        "frequency": "60",
        "location": "indoor",
        "name": "풍세변전소",
        "name:en": "Pungse Substation",
        "name:ko": "풍세변전소",
        "power": "substation",
        "substation": "distribution",
        "voltage": "154000"
      }
    },
    {
      "type": "Feature",
      "geometry": {
        "type": "LineString",
        "coordinates": [
          [
            126.6873404,
            35.9645711
          ],
          [
            126.6874972,
            35.9646647
          ],
          [
            126.6876886,
            35.964729
          ],
          [
            126.6885149,
            35.9652179
          ],
          [
            126.68878,
            35.9648324
          ],
          [
            126.6893594,
            35.9643345
          ],
          [
            126.6886961,
            35.9638417
          ],
          [
            126.6885859,
            35.9637703
          ],
          [
            126.6884485,
            35.96371
          ],
          [
            126.6883636,
            35.9637186
          ],
          [
            126.6877935,
            35.9641634
          ],
          [
            126.6874787,
            35.9643858
          ],
          [
            126.6873404,
            35.9645711
          ]
        ]
      },
      "properties": {
        "cables": "Seo-Gunsan Substation",
        "frequency": "60",
        "name": "서군산변전소",
        "operator": "한국전력",
        "power": "substation",
        "substation": "distribution",
        "voltage": "154000"
      }
    },
    {
      "type": "Feature",
      "geometry": {
        "type": "LineString",
        "coordinates": [
          [
            128.4297198,
            36.1793759
          ],
          [
            128.4316027,
            36.1791204
          ],
          [
            128.4309268,
            36.1761326
          ],
          [
            128.4305727,
            36.1759854
          ],
          [
            128.4290332,
            36.1762279
          ],
          [
            128.4297198,
            36.1793759
          ]
        ]
      },
      "properties": {
        "frequency": "60",
        "location": "outdoor",
        "name": "선산변전소",
        "name:en": "Shin-Sanbyeon Substation",
        "name:ko": "선산변전소",
        "power": "substation",
        "substation": "transmission",
        "voltage": "345000"
      }
    },
    {
      "type": "Feature",
      "geometry": {
        "type": "LineString",
        "coordinates": [
          [
            128.4962949,
            37.1624938
          ],
          [
            128.4964652,
            37.1623445
          ],
          [
            128.4966099,
            37.1621477
          ],
          [
            128.4966695,
            37.1616726
          ],
          [
            128.495704,
            37.1617577
          ],
          [
            128.4957987,
            37.1623258
          ],
          [
            128.4962949,
            37.1624938
          ]
        ]
      },
      "properties": {
        "landuse": "industrial",
        "location": "indoor",
        "name": "영월변전소",
        "name:en": "Yeongwol Substation",
        "name:ko": "영월변전소",
        "power": "substation",
        "substation": "transmission",
        "voltage": "154000"
      }
    },
    {
      "type": "Feature",
      "geometry": {
        "type": "LineString",
        "coordinates": [
          [
            127.3589869,
            36.7507907
          ],
          [
            127.3612395,
            36.7499085
          ],
          [
            127.3594539,
            36.7469812
          ],
          [
            127.3581676,
            36.747485
          ],
          [
            127.3580646,
            36.7473256
          ],
          [
            127.3579659,
            36.7473624
          ],
          [
            127.3577176,
            36.747455
          ],
          [
            127.3578178,
            36.747622
          ],
          [
            127.3572012,
            36.7478635
          ],
          [
            127.3589869,
            36.7507907
          ]
        ]
      },
      "properties": {
        "frequency": "60",
        "location": "outdoor",
        "name": "신중부변전소",
        "name:en": "Shin-Jungbu Substation",
        "name:ko": "신중부변전소",
        "power": "substation",
        "substation": "transmission",
        "voltage": "765000"
      }
    },
    {
      "type": "Feature",
      "geometry": {
        "type": "LineString",
        "coordinates": [
          [
            128.552081,
            35.6143809
          ],
          [
            128.5518435,
            35.6145828
          ],
          [
            128.5519749,
            35.6146874
          ],
          [
            128.5522217,
            35.6146307
          ],
          [
            128.5528493,
            35.6147572
          ],
          [
            128.5528867,
            35.6146487
          ],
          [
            128.5559571,
            35.6152984
          ],
          [
            128.5565695,
            35.6133857
          ],
          [
            128.5526642,
            35.6125592
          ],
          [
            128.552081,
            35.6143809
          ]
        ]
      },
      "properties": {
        "frequency": "60",
        "location": "outdoor",
        "name": "북경남변전소",
        "name:en": "North-Gyeongnam Substation",
        "name:ko": "북경남변전소",
        "power": "substation",
        "substation": "transmission",
        "voltage": "765000;345000"
      }
    },
    {
      "type": "Feature",
      "geometry": {
        "type": "LineString",
        "coordinates": [
          [
            126.6219458,
            35.9571552
          ],
          [
            126.6231903,
            35.9570206
          ],
          [
            126.6230943,
            35.9564391
          ],
          [
            126.6229907,
            35.955811
          ],
          [
            126.6217461,
            35.9559456
          ],
          [
            126.6219458,
            35.9571552
          ]
        ]
      },
      "properties": {
        "frequency": "60",
        "location": "indoor",
        "name": "새만금변전소",
        "name:en": "Saemangeum Substation",
        "name:ko": "새만금변전소",
        "power": "substation",
        "substation": "transmission",
        "voltage": "345000"
      }
    },
    {
      "type": "Feature",
      "geometry": {
        "type": "LineString",
        "coordinates": [
          [
            127.3348877,
            36.4961394
          ],
          [
            127.3357755,
            36.4957082
          ],
          [
            127.3350187,
            36.4947012
          ],
          [
            127.3341309,
            36.4951325
          ],
          [
            127.3348877,
            36.4961394
          ]
        ]
      },
      "properties": {
        "frequency": "60",
        "location": "indoor",
        "name": "세종변전소",
        "name:en": "Sejong Substation",
        "name:ko": "세종변전소",
        "power": "substation",
        "substation": "transmission",
        "voltage": "345000"
      }
    },
    {
      "type": "Feature",
      "geometry": {
        "type": "LineString",
        "coordinates": [
          [
            126.7050962,
            36.9006377
          ],
          [
            126.70431,
            36.9005668
          ],
          [
            126.7042352,
            36.900571
          ],
          [
            126.7041906,
            36.9005844
          ],
          [
            126.7041603,
            36.900612
          ],
          [
            126.7041308,
            36.9006657
          ],
          [
            126.7038536,
            36.9019313
          ],
          [
            126.7040728,
            36.9019607
          ],
          [
            126.7041503,
            36.9019712
          ],
          [
            126.7044399,
            36.9019983
          ],
          [
            126.7046421,
            36.9020102
          ],
          [
            126.7046537,
            36.9019773
          ],
          [
            126.7049105,
            36.9019937
          ],
          [
            126.7049676,
            36.90195
          ],
          [
            126.7050962,
            36.9006377
          ]
        ]
      },
      "properties": {
        "frequency": "60",
        "location": "outdoor",
        "name": "당진변전소",
        "name:en": "Dangjin Substation",
        "name:ko": "당진변전소",
        "power": "substation",
        "substation": "distribution",
        "voltage": "154000"
      }
    },
    {
      "type": "Feature",
      "geometry": {
        "type": "LineString",
        "coordinates": [
          [
            126.5829277,
            36.8541107
          ],
          [
            126.5815437,
            36.8513742
          ],
          [
            126.580256,
            36.8517912
          ],
          [
            126.58164,
            36.8545277
          ],
          [
            126.5829277,
            36.8541107
          ]
        ]
      },
      "properties": {
        "frequency": "60",
        "location": "outdoor",
        "name": "신당진변전소",
        "name:en": "Shin-Dangjin Substation",
        "name:ko": "신당진변전소",
        "power": "substation",
        "substation": "transmission",
        "voltage": "345000"
      }
    },
    {
      "type": "Feature",
      "geometry": {
        "type": "LineString",
        "coordinates": [
          [
            126.7682844,
            36.9636551
          ],
          [
            126.7689013,
            36.9629426
          ],
          [
            126.7683005,
            36.9626082
          ],
          [
            126.767697,
            36.9632672
          ],
          [
            126.7677346,
            36.9633722
          ],
          [
            126.7682844,
            36.9636551
          ]
        ]
      },
      "properties": {
        "frequency": "60",
        "location": "indoor",
        "name": "송악변전소",
        "name:en": "Songak Substation",
        "name:ko": "송악변전소",
        "power": "substation",
        "substation": "distribution",
        "voltage": "154000"
      }
    },
    {
      "type": "Feature",
      "geometry": {
        "type": "LineString",
        "coordinates": [
          [
            127.0594141,
            36.8250047
          ],
          [
            127.0613882,
            36.8250111
          ],
          [
            127.0613919,
            36.8242919
          ],
          [
            127.0594177,
            36.8242855
          ],
          [
            127.0594141,
            36.8250047
          ]
        ]
      },
      "properties": {
        "frequency": "60",
        "location": "indoor",
        "name": "신탕정변전소",
        "name:en": "Shin-Tangjeong Substation",
        "name:ko": "신탕정변전소",
        "power": "substation",
        "substation": "transmission",
        "voltage": "345000"
      }
    },
    {
      "type": "Feature",
      "geometry": {
        "type": "LineString",
        "coordinates": [
          [
            129.3924681,
            35.998268
          ],
          [
            129.3933691,
            35.9975635
          ],
          [
            129.3926399,
            35.996953
          ],
          [
            129.3917388,
            35.9976575
          ],
          [
            129.3924681,
            35.998268
          ]
        ]
      },
      "properties": {
        "frequency": "60",
        "location": "outdoor",
        "name": "포스코변전소",
        "name:en": "POSCO Substation",
        "name:ko": "포스코변전소",
        "power": "substation",
        "source": "Bing aerial imagery",
        "substation": "transmission",
        "voltage": "345000"
      }
    },
    {
      "type": "Feature",
      "geometry": {
        "type": "LineString",
        "coordinates": [
          [
            129.2365982,
            36.0815313
          ],
          [
            129.2366017,
            36.0825803
          ],
          [
            129.2392321,
            36.0825746
          ],
          [
            129.2392286,
            36.0815255
          ],
          [
            129.2365982,
            36.0815313
          ]
        ]
      },
      "properties": {
        "frequency": "60",
        "location": "outdoor",
        "name": "신영일변전소",
        "name:en": "Shin-Yeongil Substation",
        "name:ko": "신영일변전소",
        "power": "substation",
        "substation": "transmission",
        "voltage": "345000"
      }
    },
    {
      "type": "Feature",
      "geometry": {
        "type": "LineString",
        "coordinates": [
          [
            126.6260928,
            37.6358483
          ],
          [
            126.6258565,
            37.6358044
          ],
          [
            126.6257438,
            37.6361846
          ],
          [
            126.6263273,
            37.636293
          ],
          [
            126.6269155,
            37.6364023
          ],
          [
            126.6270281,
            37.6360221
          ],
          [
            126.6268653,
            37.6359919
          ],
          [
            126.6268837,
            37.6359297
          ],
          [
            126.6264287,
            37.6358452
          ],
          [
            126.6261112,
            37.6357862
          ],
          [
            126.6260928,
            37.6358483
          ]
        ]
      },
      "properties": {
        "building": "yes",
        "frequency": "60",
        "location": "indoor",
        "name": "신김포변전소",
        "name:en": "Shin-Gimpo Substation",
        "name:ko": "신김포변전소",
        "power": "substation",
        "substation": "transmission",
        "voltage": "345000"
      }
    },
    {
      "type": "Feature",
      "geometry": {
        "type": "LineString",
        "coordinates": [
          [
            127.0397172,
            37.5677353
          ],
          [
            127.0392625,
            37.5679292
          ],
          [
            127.0394102,
            37.5681469
          ],
          [
            127.0395538,
            37.5683583
          ],
          [
            127.0396083,
            37.5684386
          ],
          [
            127.040063,
            37.5682448
          ],
          [
            127.0399544,
            37.5680829
          ],
          [
            127.0398081,
            37.5678692
          ],
          [
            127.0397172,
            37.5677353
          ]
        ]
      },
      "properties": {
        "building": "yes",
        "frequency": "60",
        "location": "indoor",
        "name": "성동변전소",
        "name:en": "Seongdong Substation",
        "name:ko": "성동변전소",
        "operator": "한국전력공사",
        "operator:en": "Korea Electric Power Corporation",
        "operator:ko": "한국전력공사",
        "operator:short": "KEPCO",
        "operator:wikidata": "Q486737",
        "power": "substation",
        "substation": "transmission",
        "voltage": "345000"
      }
    },
    {
      "type": "Feature",
      "geometry": {
        "type": "LineString",
        "coordinates": [
          [
            128.6707029,
            36.3426632
          ],
          [
            128.6695871,
            36.3426071
          ],
          [
            128.6695361,
            36.3425487
          ],
          [
            128.6695763,
            36.3410666
          ],
          [
            128.6707324,
            36.341112
          ],
          [
            128.6707029,
            36.3426632
          ]
        ]
      },
      "properties": {
        "frequency": "60",
        "location": "outdoor",
        "name": "의성변전소",
        "name:en": "Uiseong Substation",
        "name:ko": "의성변전소",
        "power": "substation",
        "substation": "transmission",
        "voltage": "154000"
      }
    },
    {
      "type": "Feature",
      "geometry": {
        "type": "LineString",
        "coordinates": [
          [
            128.4178805,
            36.1162795
          ],
          [
            128.4162712,
            36.1171051
          ],
          [
            128.4160754,
            36.1170791
          ],
          [
            128.4155148,
            36.1162687
          ],
          [
            128.4155443,
            36.116221
          ],
          [
            128.4171322,
            36.1153283
          ],
          [
            128.4178805,
            36.1162795
          ]
        ]
      },
      "properties": {
        "frequency": "60",
        "location": "outdoor",
        "name": "인동변전소",
        "name:en": "Indong Substation",
        "name:ko": "인동변전소",
        "power": "substation",
        "substation": "distribution",
        "voltage": "154000"
      }
    },
    {
      "type": "Feature",
      "geometry": {
        "type": "LineString",
        "coordinates": [
          [
            126.7893037,
            35.1482583
          ],
          [
            126.7894676,
            35.1477608
          ],
          [
            126.7897185,
            35.1478161
          ],
          [
            126.78958,
            35.1482366
          ],
          [
            126.7895181,
            35.148223
          ],
          [
            126.7894928,
            35.1482999
          ],
          [
            126.7893037,
            35.1482583
          ]
        ]
      },
      "properties": {
        "frequency": "60",
        "location": "indoor",
        "name": "송정변전소",
        "name:ko": "송정변전소",
        "power": "substation",
        "substation": "distribution",
        "voltage": "154000"
      }
    },
    {
      "type": "Feature",
      "geometry": {
        "type": "LineString",
        "coordinates": [
          [
            126.6209159,
            37.6580891
          ],
          [
            126.6210305,
            37.6581687
          ],
          [
            126.6213097,
            37.6583627
          ],
          [
            126.621447,
            37.6582389
          ],
          [
            126.6213734,
            37.6581877
          ],
          [
            126.6213949,
            37.6581682
          ],
          [
            126.6213553,
            37.6581407
          ],
          [
            126.621116,
            37.6579744
          ],
          [
            126.6210314,
            37.6580507
          ],
          [
            126.6209901,
            37.6580221
          ],
          [
            126.6209159,
            37.6580891
          ]
        ]
      },
      "properties": {
        "building": "yes",
        "frequency": "60",
        "location": "outdoor",
        "name": "양곡변전소",
        "name:en": "Yanggok Substation",
        "name:ko": "양곡변전소",
        "operator": "한국전력공사",
        "operator:en": "Korea Electric Power Corporation",
        "operator:ko": "한국전력공사",
        "operator:short": "KEPCO",
        "operator:wikidata": "Q486737",
        "power": "substation",
        "substation": "transmission",
        "voltage": "154000"
      }
    },
    {
      "type": "Feature",
      "geometry": {
        "type": "LineString",
        "coordinates": [
          [
            129.015862,
            36.4062282
          ],
          [
            129.0163073,
            36.4062426
          ],
          [
            129.016336,
            36.4056707
          ],
          [
            129.0158906,
            36.4056562
          ],
          [
            129.015862,
            36.4062282
          ]
        ]
      },
      "properties": {
        "frequency": "60",
        "location": "outdoor",
        "name": "청송양수변전소",
        "name:en": "Cheongsong Pumped Water Substation",
        "name:ko": "청송양수변전소",
        "power": "substation",
        "substation": "transmission",
        "voltage": "345000"
      }
    },
    {
      "type": "Feature",
      "geometry": {
        "type": "LineString",
        "coordinates": [
          [
            127.7763216,
            35.2565502
          ],
          [
            127.7766846,
            35.256282
          ],
          [
            127.7763024,
            35.255937
          ],
          [
            127.7759394,
            35.2562052
          ],
          [
            127.7763216,
            35.2565502
          ]
        ]
      },
      "properties": {
        "frequency": "60",
        "location": "outdoor",
        "name": "산청양수변전소",
        "name:en": "Sancheong Yangsu Substation",
        "name:ko": "산청양수변전소",
        "power": "substation",
        "substation": "transmission",
        "voltage": "345000"
      }
    },
    {
      "type": "Feature",
      "geometry": {
        "type": "LineString",
        "coordinates": [
          [
            128.7758911,
            35.2975408
          ],
          [
            128.7762746,
            35.2972081
          ],
          [
            128.7764141,
            35.2969355
          ],
          [
            128.7761526,
            35.2967451
          ],
          [
            128.7756215,
            35.2972092
          ],
          [
            128.7756148,
            35.2973405
          ],
          [
            128.7758911,
            35.2975408
          ]
        ]
      },
      "properties": {
        "frequency": "60",
        "location": "indoor",
        "name": "진영변전소",
        "name:en": "Jinyeong Substation",
        "name:ko": "진영변전소",
        "power": "substation",
        "substation": "distribution",
        "voltage": "154000"
      }
    },
    {
      "type": "Feature",
      "geometry": {
        "type": "LineString",
        "coordinates": [
          [
            128.6355954,
            35.204291
          ],
          [
            128.636397,
            35.20467
          ],
          [
            128.6373438,
            35.203333
          ],
          [
            128.6365423,
            35.202954
          ],
          [
            128.6355954,
            35.204291
          ]
        ]
      },
      "properties": {
        "frequency": "60",
        "location": "outdoor",
        "name": "창원변전소",
        "name:en": "Jangwon Substation",
        "name:ko": "창원변전소",
        "power": "substation",
        "substation": "transmission",
        "voltage": "345000"
      }
    },
    {
      "type": "Feature",
      "geometry": {
        "type": "LineString",
        "coordinates": [
          [
            128.9954688,
            35.1477314
          ],
          [
            128.9954391,
            35.1479868
          ],
          [
            128.9960171,
            35.1480317
          ],
          [
            128.9960468,
            35.1477764
          ],
          [
            128.9954688,
            35.1477314
          ]
        ]
      },
      "properties": {
        "frequency": "60",
        "location": "indoor",
        "name": "서부산변전소",
        "name:ko": "서부산변전소",
        "power": "substation",
        "substation": "transmission",
        "voltage": "345000"
      }
    },
    {
      "type": "Feature",
      "geometry": {
        "type": "LineString",
        "coordinates": [
          [
            129.0930063,
            35.1484905
          ],
          [
            129.0934463,
            35.1483876
          ],
          [
            129.0940021,
            35.1481278
          ],
          [
            129.0944141,
            35.1478015
          ],
          [
            129.0934812,
            35.1470182
          ],
          [
            129.0929352,
            35.1473574
          ],
          [
            129.0924208,
            35.1478317
          ],
          [
            129.0923528,
            35.1480285
          ],
          [
            129.09243,
            35.1482985
          ],
          [
            129.0926299,
            35.1484367
          ],
          [
            129.0930063,
            35.1484905
          ]
        ]
      },
      "properties": {
        "addr:city": "부산광역시",
        "addr:district": "남구",
        "addr:housenumber": "234",
        "addr:subdistrict": "대연동",
        "frequency": "60",
        "location": "indoor",
        "name": "동부산변전소",
        "name:en": "East-Busan Substation",
        "name:ko": "동부산변전소",
        "power": "substation",
        "substation": "transmission",
        "voltage": "345000"
      }
    },
    {
      "type": "Feature",
      "geometry": {
        "type": "LineString",
        "coordinates": [
          [
            128.2781455,
            35.3146087
          ],
          [
            128.2791728,
            35.3146437
          ],
          [
            128.2792935,
            35.3148341
          ],
          [
            128.2794571,
            35.3150749
          ],
          [
            128.279449,
            35.3151515
          ],
          [
            128.2781267,
            35.3150508
          ],
          [
            128.2781455,
            35.3146087
          ]
        ]
      },
      "properties": {
        "frequency": "60",
        "location": "outdoor",
        "name": "구룡변전소",
        "name:en": "Guryong Substation",
        "name:ko": "구룡변전소",
        "power": "substation",
        "substation": "distribution",
        "voltage": "154000"
      }
    },
    {
      "type": "Feature",
      "geometry": {
        "type": "LineString",
        "coordinates": [
          [
            128.143216,
            35.1837191
          ],
          [
            128.1432608,
            35.1837192
          ],
          [
            128.1432614,
            35.1835219
          ],
          [
            128.142733,
            35.1835208
          ],
          [
            128.1427322,
            35.1837762
          ],
          [
            128.1432158,
            35.1837772
          ],
          [
            128.143216,
            35.1837191
          ]
        ]
      },
      "properties": {
        "frequency": "60",
        "location": "indoor",
        "name": "동진주변전소",
        "name:ko": "동진주변전소",
        "power": "substation",
        "substation": "distribution",
        "voltage": "154000"
      }
    },
    {
      "type": "Feature",
      "geometry": {
        "type": "LineString",
        "coordinates": [
          [
            128.0562271,
            35.1951759
          ],
          [
            128.056245,
            35.1952149
          ],
          [
            128.0566188,
            35.1951001
          ],
          [
            128.0566661,
            35.1950856
          ],
          [
            128.0565845,
            35.1949082
          ],
          [
            128.0562009,
            35.195026
          ],
          [
            128.0561634,
            35.1950375
          ],
          [
            128.0561009,
            35.1950567
          ],
          [
            128.0561645,
            35.1951951
          ],
          [
            128.0562271,
            35.1951759
          ]
        ]
      },
      "properties": {
        "frequency": "60",
        "location": "indoor",
        "name": "이현변전소",
        "name:en": "Ihyeon Substation",
        "name:ko": "이현변전소",
        "power": "substation",
        "substation": "distribution",
        "voltage": "154000"
      }
    },
    {
      "type": "Feature",
      "geometry": {
        "type": "LineString",
        "coordinates": [
          [
            128.1659058,
            35.5821117
          ],
          [
            128.166288,
            35.5820288
          ],
          [
            128.1665267,
            35.5820342
          ],
          [
            128.1662934,
            35.5813526
          ],
          [
            128.1662102,
            35.5812751
          ],
          [
            128.1660318,
            35.5812435
          ],
          [
            128.165608,
            35.5812969
          ],
          [
            128.1659058,
            35.5821117
          ]
        ]
      },
      "properties": {
        "frequency": "60",
        "location": "outdoor",
        "name": "합천변전소",
        "name:en": "Hapcheon Substation",
        "name:ko": "합천변전소",
        "power": "substation",
        "substation": "distribution",
        "voltage": "154000"
      }
    },
    {
      "type": "Feature",
      "geometry": {
        "type": "LineString",
        "coordinates": [
          [
            127.9109672,
            35.398886
          ],
          [
            127.9117973,
            35.3989395
          ],
          [
            127.9118394,
            35.3985065
          ],
          [
            127.9110092,
            35.398453
          ],
          [
            127.9109672,
            35.398886
          ]
        ]
      },
      "properties": {
        "frequency": "60",
        "location": "indoor",
        "name": "산청변전소",
        "name:en": "Sancheong Substation",
        "name:ko": "산청변전소",
        "power": "substation",
        "substation": "distribution",
        "voltage": "154000"
      }
    },
    {
      "type": "Feature",
      "geometry": {
        "type": "LineString",
        "coordinates": [
          [
            128.2739961,
            35.1917823
          ],
          [
            128.2745407,
            35.1914798
          ],
          [
            128.2740337,
            35.1908704
          ],
          [
            128.2734892,
            35.1911729
          ],
          [
            128.2739961,
            35.1917823
          ]
        ]
      },
      "properties": {
        "frequency": "60",
        "location": "outdoor",
        "name": "사봉변전소",
        "name:en": "Sabong Substation",
        "name:ko": "사봉변전소",
        "power": "substation",
        "substation": "distribution",
        "voltage": "154000"
      }
    },
    {
      "type": "Feature",
      "geometry": {
        "type": "LineString",
        "coordinates": [
          [
            128.0524027,
            35.0642234
          ],
          [
            128.0521613,
            35.0646735
          ],
          [
            128.0524062,
            35.0647615
          ],
          [
            128.0526476,
            35.0643114
          ],
          [
            128.0524027,
            35.0642234
          ]
        ]
      },
      "properties": {
        "frequency": "60",
        "location": "indoor",
        "name": "사남변전소",
        "name:ko": "사남변전소",
        "power": "substation",
        "substation": "distribution",
        "voltage": "154000"
      }
    },
    {
      "type": "Feature",
      "geometry": {
        "type": "LineString",
        "coordinates": [
          [
            128.1141713,
            35.1616524
          ],
          [
            128.1142595,
            35.161433
          ],
          [
            128.1136802,
            35.1612773
          ],
          [
            128.113592,
            35.1614967
          ],
          [
            128.1141713,
            35.1616524
          ]
        ]
      },
      "properties": {
        "frequency": "60",
        "location": "indoor",
        "name": "개양변전소",
        "name:en": "Gaeyang Substation",
        "name:ko": "개양변전소",
        "power": "substation",
        "substation": "distribution",
        "voltage": "154000"
      }
    },
    {
      "type": "Feature",
      "geometry": {
        "type": "LineString",
        "coordinates": [
          [
            128.072581,
            35.0684034
          ],
          [
            128.0727976,
            35.0683476
          ],
          [
            128.072634,
            35.0679217
          ],
          [
            128.0724174,
            35.0679775
          ],
          [
            128.072581,
            35.0684034
          ]
        ]
      },
      "properties": {
        "frequency": "60",
        "location": "indoor",
        "name": "사천변전소",
        "name:en": "Sacheon Substation",
        "name:ko": "사천변전소",
        "power": "substation",
        "substation": "distribution",
        "voltage": "154000"
      }
    },
    {
      "type": "Feature",
      "geometry": {
        "type": "LineString",
        "coordinates": [
          [
            126.957389,
            37.9106658
          ],
          [
            126.9575453,
            37.9106125
          ],
          [
            126.9575078,
            37.9105441
          ],
          [
            126.9575676,
            37.9105237
          ],
          [
            126.957391,
            37.9102016
          ],
          [
            126.957175,
            37.9102753
          ],
          [
            126.957389,
            37.9106658
          ]
        ]
      },
      "properties": {
        "building": "yes",
        "frequency": "60",
        "gas_insulated": "yes",
        "location": "indoor",
        "name": "남면변전소",
        "name:en": "Nammyeon Substation",
        "name:ko": "남면변전소",
        "operator": "한국전력공사",
        "operator:en": "Korea Electric Power Corporation",
        "operator:ko": "한국전력공사",
        "operator:short": "KEPCO",
        "operator:wikidata": "Q486737",
        "power": "substation",
        "substation": "distribution",
        "voltage": "154000"
      }
    },
    {
      "type": "Feature",
      "geometry": {
        "type": "LineString",
        "coordinates": [
          [
            126.7834659,
            37.8631008
          ],
          [
            126.7831513,
            37.8633669
          ],
          [
            126.7832036,
            37.8634055
          ],
          [
            126.783147,
            37.8634534
          ],
          [
            126.78321,
            37.8634998
          ],
          [
            126.7832328,
            37.8635165
          ],
          [
            126.7832573,
            37.8635347
          ],
          [
            126.7836287,
            37.8632207
          ],
          [
            126.7834659,
            37.8631008
          ]
        ]
      },
      "properties": {
        "building": "industrial",
        "frequency": "60",
        "gas_insulated": "yes",
        "location": "indoor",
        "name": "문산변전소",
        "name:en": "Munsan Substation",
        "name:ko": "문산변전소",
        "operator": "한국전력공사",
        "operator:en": "Korea Electric Power Corporation",
        "operator:ko": "한국전력공사",
        "operator:short": "KEPCO",
        "operator:wikidata": "Q486737",
        "power": "substation",
        "substation": "distribution",
        "voltage": "154000"
      }
    },
    {
      "type": "Feature",
      "geometry": {
        "type": "LineString",
        "coordinates": [
          [
            127.1892545,
            37.1405178
          ],
          [
            127.1886376,
            37.1404921
          ],
          [
            127.1886232,
            37.1407112
          ],
          [
            127.1892401,
            37.1407369
          ],
          [
            127.1892545,
            37.1405178
          ]
        ]
      },
      "properties": {
        "building": "yes",
        "frequency": "60",
        "location": "indoor",
        "name": "남사변전소",
        "name:en": "Namsa Substation",
        "name:ko": "남사변전소",
        "power": "substation",
        "substation": "distribution",
        "voltage": "154000"
      }
    },
    {
      "type": "Feature",
      "geometry": {
        "type": "LineString",
        "coordinates": [
          [
            127.4984374,
            37.8140788
          ],
          [
            127.4977683,
            37.8132355
          ],
          [
            127.4983502,
            37.8129473
          ],
          [
            127.4989659,
            37.8137233
          ],
          [
            127.4988189,
            37.813796
          ],
          [
            127.4988724,
            37.8138634
          ],
          [
            127.4984374,
            37.8140788
          ]
        ]
      },
      "properties": {
        "frequency": "60",
        "location": "outdoor",
        "name": "가평변전소",
        "name:en": "Gapyeong Substation",
        "name:ko": "가평변전소",
        "power": "substation",
        "substation": "distribution",
        "voltage": "154000"
      }
    },
    {
      "type": "Feature",
      "geometry": {
        "type": "LineString",
        "coordinates": [
          [
            126.8182768,
            37.6634195
          ],
          [
            126.8183873,
            37.6634723
          ],
          [
            126.818484,
            37.6635184
          ],
          [
            126.818775,
            37.6631362
          ],
          [
            126.8185678,
            37.6630373
          ],
          [
            126.8182768,
            37.6634195
          ]
        ]
      },
      "properties": {
        "building": "yes",
        "frequency": "60",
        "gas_insulated": "yes",
        "location": "indoor",
        "name": "고양변전소",
        "name:en": "Goyang Substation",
        "name:ko": "고양변전소",
        "operator": "한국전력공사",
        "operator:en": "Korea Electric Power Corporation",
        "operator:ko": "한국전력공사",
        "operator:short": "KEPCO",
        "operator:wikidata": "Q486737",
        "power": "substation",
        "substation": "distribution",
        "voltage": "154000"
      }
    },
    {
      "type": "Feature",
      "geometry": {
        "type": "LineString",
        "coordinates": [
          [
            126.9184425,
            37.6475729
          ],
          [
            126.9181928,
            37.6476415
          ],
          [
            126.9183752,
            37.6480578
          ],
          [
            126.9186249,
            37.6479892
          ],
          [
            126.9184425,
            37.6475729
          ]
        ]
      },
      "properties": {
        "building": "yes",
        "frequency": "60",
        "location": "indoor",
        "name": "불광변전소",
        "name:ko": "불광변전소",
        "power": "substation",
        "substation": "distribution",
        "voltage": "154000"
      }
    },
    {
      "type": "Feature",
      "geometry": {
        "type": "LineString",
        "coordinates": [
          [
            126.7343116,
            37.6640406
          ],
          [
            126.7349526,
            37.6639663
          ],
          [
            126.7349099,
            37.6637351
          ],
          [
            126.7348609,
            37.6637408
          ],
          [
            126.7342688,
            37.6638094
          ],
          [
            126.7343116,
            37.6640406
          ]
        ]
      },
      "properties": {
        "building": "yes",
        "frequency": "60",
        "gas_insulated": "yes",
        "location": "indoor",
        "name": "호수변전소",
        "name:en": "Hosu Substation",
        "name:ko": "호수변전소",
        "operator": "한국전력공사",
        "operator:en": "Korea Electric Power Corporation",
        "operator:ko": "한국전력공사",
        "operator:short": "KEPCO",
        "operator:wikidata": "Q486737",
        "power": "substation",
        "substation": "distribution",
        "voltage": "154000"
      }
    },
    {
      "type": "Feature",
      "geometry": {
        "type": "LineString",
        "coordinates": [
          [
            126.9283586,
            38.0164636
          ],
          [
            126.9278433,
            38.0157871
          ],
          [
            126.9274401,
            38.0159777
          ],
          [
            126.9279552,
            38.0166543
          ],
          [
            126.9283586,
            38.0164636
          ]
        ]
      },
      "properties": {
        "frequency": "60",
        "gas_insulated": "yes",
        "location": "indoor",
        "name": "백학변전소",
        "name:en": "Baekhak Substation",
        "name:ko": "백학변전소",
        "operator": "한국전력공사",
        "operator:en": "Korea Electric Power Corporation",
        "operator:ko": "한국전력공사",
        "operator:short": "KEPCO",
        "operator:wikidata": "Q486737",
        "power": "substation",
        "substation": "distribution",
        "voltage": "154000"
      }
    },
    {
      "type": "Feature",
      "geometry": {
        "type": "LineString",
        "coordinates": [
          [
            126.7757536,
            37.8301645
          ],
          [
            126.7756561,
            37.8301592
          ],
          [
            126.7755989,
            37.8301561
          ],
          [
            126.7751426,
            37.8301315
          ],
          [
            126.7751313,
            37.8302615
          ],
          [
            126.7752204,
            37.8302663
          ],
          [
            126.7752138,
            37.8303435
          ],
          [
            126.7757357,
            37.8303716
          ],
          [
            126.7757536,
            37.8301645
          ]
        ]
      },
      "properties": {
        "building": "industrial",
        "frequency": "60",
        "gas_insulated": "yes",
        "location": "indoor",
        "name": "월롱변전소",
        "name:en": "Wollong Substation",
        "name:ko": "월롱변전소",
        "operator": "한국전력공사",
        "operator:en": "Korea Electric Power Corporation",
        "operator:ko": "한국전력공사",
        "operator:short": "KEPCO",
        "operator:wikidata": "Q486737",
        "power": "substation",
        "substation": "distribution",
        "voltage": "154000"
      }
    },
    {
      "type": "Feature",
      "geometry": {
        "type": "LineString",
        "coordinates": [
          [
            126.8011362,
            37.8543443
          ],
          [
            126.801298,
            37.8542675
          ],
          [
            126.8012279,
            37.8541755
          ],
          [
            126.8011873,
            37.8541947
          ],
          [
            126.8011509,
            37.8541469
          ],
          [
            126.8008393,
            37.8542949
          ],
          [
            126.8005931,
            37.8544118
          ],
          [
            126.8007917,
            37.8546726
          ],
          [
            126.8012283,
            37.8544653
          ],
          [
            126.8011362,
            37.8543443
          ]
        ]
      },
      "properties": {
        "building": "yes",
        "frequency": "60",
        "gas_insulated": "yes",
        "location": "indoor",
        "name": "선유변전소",
        "name:en": "Seonyu Substation",
        "name:ko": "선유변전소",
        "operator": "한국전력공사",
        "operator:en": "Korea Electric Power Corporation",
        "operator:ko": "한국전력공사",
        "operator:short": "KEPCO",
        "operator:wikidata": "Q486737",
        "power": "substation",
        "substation": "distribution",
        "voltage": "154000"
      }
    },
    {
      "type": "Feature",
      "geometry": {
        "type": "LineString",
        "coordinates": [
          [
            127.0610148,
            37.325942
          ],
          [
            127.060759,
            37.3259463
          ],
          [
            127.0607731,
            37.3264787
          ],
          [
            127.0609466,
            37.3264758
          ],
          [
            127.060945,
            37.3264172
          ],
          [
            127.0610273,
            37.3264158
          ],
          [
            127.0610148,
            37.325942
          ]
        ]
      },
      "properties": {
        "building": "yes",
        "frequency": "60",
        "location": "indoor",
        "name": "신봉변전소",
        "name:ko": "신봉변전소",
        "power": "substation",
        "source": "Bing aerial imagery",
        "substation": "distribution",
        "voltage": "154000"
      }
    },
    {
      "type": "Feature",
      "geometry": {
        "type": "LineString",
        "coordinates": [
          [
            126.7295104,
            37.5172276
          ],
          [
            126.7292744,
            37.5150108
          ],
          [
            126.7312941,
            37.5149023
          ],
          [
            126.7314202,
            37.5171893
          ],
          [
            126.7295104,
            37.5172276
          ]
        ]
      },
      "properties": {
        "frequency": "60",
        "location": "underground",
        "name": "신부평변전소",
        "name:en": "Shin-Bupyeong Substation",
        "name:ko": "신부평변전소",
        "power": "substation",
        "source": "Bing aerial imagery",
        "substation": "transmission",
        "voltage": "345000"
      }
    },
    {
      "type": "Feature",
      "geometry": {
        "type": "LineString",
        "coordinates": [
          [
            127.2171615,
            36.702062
          ],
          [
            127.2169389,
            36.7017425
          ],
          [
            127.2168598,
            36.7017779
          ],
          [
            127.2168143,
            36.7017125
          ],
          [
            127.21668,
            36.7017726
          ],
          [
            127.2169483,
            36.7021575
          ],
          [
            127.2171615,
            36.702062
          ]
        ]
      },
      "properties": {
        "building": "yes",
        "frequency": "60",
        "location": "indoor",
        "name": "전의변전소",
        "name:ko": "전의변전소",
        "power": "substation",
        "substation": "distribution",
        "voltage": "154000"
      }
    },
    {
      "type": "Feature",
      "geometry": {
        "type": "LineString",
        "coordinates": [
          [
            128.62521,
            37.1864431
          ],
          [
            128.6248881,
            37.1864483
          ],
          [
            128.6249095,
            37.1873051
          ],
          [
            128.6254244,
            37.1872969
          ],
          [
            128.6254097,
            37.186709
          ],
          [
            128.62521,
            37.1864431
          ]
        ]
      },
      "properties": {
        "frequency": "60",
        "location": "indoor",
        "name": "동영월변전소",
        "name:en": "East-Yeongwol Substation",
        "name:ko": "동영월변전소",
        "power": "substation",
        "substation": "distribution",
        "voltage": "154000"
      }
    },
    {
      "type": "Feature",
      "geometry": {
        "type": "LineString",
        "coordinates": [
          [
            126.5916073,
            36.5211561
          ],
          [
            126.5922403,
            36.5210645
          ],
          [
            126.5923758,
            36.5212133
          ],
          [
            126.5924147,
            36.5213986
          ],
          [
            126.5916999,
            36.5215139
          ],
          [
            126.5916073,
            36.5211561
          ]
        ]
      },
      "properties": {
        "frequency": "60",
        "location": "indoor",
        "name": "은하변전소",
        "name:ko": "은하변전소",
        "power": "substation",
        "substation": "distribution",
        "voltage": "154000"
      }
    },
    {
      "type": "Feature",
      "geometry": {
        "type": "LineString",
        "coordinates": [
          [
            126.5544681,
            36.7271236
          ],
          [
            126.5547484,
            36.7271129
          ],
          [
            126.555132,
            36.7269602
          ],
          [
            126.5550126,
            36.7262519
          ],
          [
            126.5543461,
            36.7263024
          ],
          [
            126.554397,
            36.7270247
          ],
          [
            126.5544681,
            36.7271236
          ]
        ]
      },
      "properties": {
        "frequency": "60",
        "location": "indoor",
        "name": "해미변전소",
        "name:en": "Haemi Substation",
        "name:ko": "해미변전소",
        "power": "substation",
        "substation": "distribution",
        "voltage": "154000"
      }
    },
    {
      "type": "Feature",
      "geometry": {
        "type": "LineString",
        "coordinates": [
          [
            126.5999866,
            36.3087795
          ],
          [
            126.6005149,
            36.3085179
          ],
          [
            126.6010272,
            36.3084293
          ],
          [
            126.6015825,
            36.3096138
          ],
          [
            126.5999678,
            36.3100958
          ],
          [
            126.5996459,
            36.30951
          ],
          [
            126.5996969,
            36.3091901
          ],
          [
            126.5999866,
            36.3087795
          ]
        ]
      },
      "properties": {
        "frequency": "60",
        "location": "outdoor",
        "name": "대천변전소",
        "name:en": "Daecheon Substation",
        "name:ko": "대천변전소",
        "power": "substation",
        "substation": "distribution",
        "voltage": "154000"
      }
    },
    {
      "type": "Feature",
      "geometry": {
        "type": "LineString",
        "coordinates": [
          [
            126.9363919,
            36.4883809
          ],
          [
            126.9370705,
            36.487679
          ],
          [
            126.9366203,
            36.4873977
          ],
          [
            126.9359417,
            36.4880996
          ],
          [
            126.9363919,
            36.4883809
          ]
        ]
      },
      "properties": {
        "frequency": "60",
        "location": "outdoor",
        "name": "신풍변전소",
        "name:ko": "신풍변전소",
        "power": "substation",
        "substation": "distribution",
        "voltage": "154000"
      }
    },
    {
      "type": "Feature",
      "geometry": {
        "type": "LineString",
        "coordinates": [
          [
            126.6690293,
            36.6189507
          ],
          [
            126.6701102,
            36.6180831
          ],
          [
            126.6709927,
            36.6187741
          ],
          [
            126.6700593,
            36.6194759
          ],
          [
            126.6697991,
            36.6195384
          ],
          [
            126.6687772,
            36.6192671
          ],
          [
            126.6690293,
            36.6189507
          ]
        ]
      },
      "properties": {
        "frequency": "60",
        "location": "indoor",
        "name": "홍성변전소",
        "name:en": "Heungseong Substation",
        "name:ko": "홍성변전소",
        "power": "substation",
        "substation": "distribution",
        "voltage": "154000"
      }
    },
    {
      "type": "Feature",
      "geometry": {
        "type": "LineString",
        "coordinates": [
          [
            126.8257749,
            36.7334845
          ],
          [
            126.8272126,
            36.7324312
          ],
          [
            126.8262899,
            36.7314252
          ],
          [
            126.8258339,
            36.7316832
          ],
          [
            126.8251258,
            36.7327881
          ],
          [
            126.825394,
            36.7332524
          ],
          [
            126.8257749,
            36.7334845
          ]
        ]
      },
      "properties": {
        "frequency": "60",
        "location": "outdoor",
        "name": "예산변전소",
        "name:en": "Yesan Substation",
        "name:ko": "예산변전소",
        "power": "substation",
        "substation": "distribution",
        "voltage": "154000"
      }
    },
    {
      "type": "Feature",
      "geometry": {
        "type": "LineString",
        "coordinates": [
          [
            129.289969,
            35.5618466
          ],
          [
            129.2905025,
            35.5618516
          ],
          [
            129.2904997,
            35.5620435
          ],
          [
            129.2899663,
            35.5620383
          ],
          [
            129.289969,
            35.5618466
          ]
        ]
      },
      "properties": {
        "frequency": "60",
        "location": "indoor",
        "name": "태화변전소",
        "name:ko": "태화변전소",
        "power": "substation",
        "substation": "distribution",
        "voltage": "154000"
      }
    },
    {
      "type": "Feature",
      "geometry": {
        "type": "LineString",
        "coordinates": [
          [
            128.8009294,
            37.8782584
          ],
          [
            128.8009808,
            37.8783774
          ],
          [
            128.8019832,
            37.8785263
          ],
          [
            128.8020903,
            37.8780767
          ],
          [
            128.8010109,
            37.8779164
          ],
          [
            128.8009294,
            37.8782584
          ]
        ]
      },
      "properties": {
        "frequency": "60",
        "location": "indoor",
        "name": "주문진변전소",
        "name:en": "Jumunjin Substation",
        "name:ko": "주문진변전소",
        "power": "substation",
        "substation": "distribution",
        "voltage": "154000"
      }
    },
    {
      "type": "Feature",
      "geometry": {
        "type": "LineString",
        "coordinates": [
          [
            128.1779113,
            38.1141843
          ],
          [
            128.1776565,
            38.1134921
          ],
          [
            128.1771869,
            38.1135992
          ],
          [
            128.1774417,
            38.1142914
          ],
          [
            128.1779113,
            38.1141843
          ]
        ]
      },
      "properties": {
        "frequency": "60",
        "location": "indoor",
        "name": "인제변전소",
        "name:en": "Inje Substation",
        "name:ko": "인제변전소",
        "power": "substation",
        "substation": "distribution",
        "voltage": "154000"
      }
    },
    {
      "type": "Feature",
      "geometry": {
        "type": "LineString",
        "coordinates": [
          [
            127.8710908,
            37.6749278
          ],
          [
            127.8710237,
            37.674792
          ],
          [
            127.8705624,
            37.6745224
          ],
          [
            127.8714475,
            37.6736286
          ],
          [
            127.8718096,
            37.6735267
          ],
          [
            127.8727081,
            37.6740596
          ],
          [
            127.8718391,
            37.6749406
          ],
          [
            127.8714421,
            37.6749682
          ],
          [
            127.8712329,
            37.6748918
          ],
          [
            127.8710908,
            37.6749278
          ]
        ]
      },
      "properties": {
        "frequency": "60",
        "location": "outdoor",
        "name": "홍천변전소",
        "name:en": "Heungcheon Substation",
        "name:ko": "홍천변전소",
        "power": "substation",
        "substation": "distribution",
        "voltage": "154000"
      }
    },
    {
      "type": "Feature",
      "geometry": {
        "type": "LineString",
        "coordinates": [
          [
            128.236177,
            37.8421267
          ],
          [
            128.237057,
            37.8419892
          ],
          [
            128.2368559,
            37.8411864
          ],
          [
            128.2359758,
            37.841324
          ],
          [
            128.236177,
            37.8421267
          ]
        ]
      },
      "properties": {
        "building": "yes",
        "frequency": "60",
        "location": "outdoor",
        "name": "상남변전소",
        "name:en": "Seongnam Substation",
        "name:ko": "상남변전소",
        "power": "substation",
        "substation": "distribution",
        "voltage": "154000"
      }
    },
    {
      "type": "Feature",
      "geometry": {
        "type": "LineString",
        "coordinates": [
          [
            128.0103296,
            38.0608298
          ],
          [
            128.0104594,
            38.0610377
          ],
          [
            128.0109314,
            38.060855
          ],
          [
            128.0108017,
            38.0606472
          ],
          [
            128.0103296,
            38.0608298
          ]
        ]
      },
      "properties": {
        "building": "yes",
        "frequency": "60",
        "location": "indoor",
        "name": "양구변전소",
        "name:en": "Yanggu Substation",
        "name:ko": "양구변전소",
        "power": "substation",
        "substation": "distribution",
        "voltage": "154000"
      }
    },
    {
      "type": "Feature",
      "geometry": {
        "type": "LineString",
        "coordinates": [
          [
            127.7891681,
            37.289647
          ],
          [
            127.7892217,
            37.2888254
          ],
          [
            127.7885029,
            37.2887891
          ],
          [
            127.7884841,
            37.2897985
          ],
          [
            127.7887282,
            37.2898134
          ],
          [
            127.7887443,
            37.2896811
          ],
          [
            127.7888381,
            37.2896875
          ],
          [
            127.7889776,
            37.2896384
          ],
          [
            127.7891681,
            37.289647
          ]
        ]
      },
      "properties": {
        "frequency": "60",
        "location": "outdoor",
        "name": "문막변전소",
        "name:en": "Munak Substation",
        "name:ko": "문막변전소",
        "power": "substation",
        "substation": "distribution",
        "voltage": "154000"
      }
    },
    {
      "type": "Feature",
      "geometry": {
        "type": "LineString",
        "coordinates": [
          [
            127.0714127,
            37.3914781
          ],
          [
            127.0717978,
            37.3914801
          ],
          [
            127.0717996,
            37.3912612
          ],
          [
            127.0714145,
            37.3912592
          ],
          [
            127.0714127,
            37.3914781
          ]
        ]
      },
      "properties": {
        "frequency": "60",
        "location": "underground",
        "name": "서판교변전소",
        "name:ko": "서판교변전소",
        "power": "substation",
        "substation": "distribution",
        "voltage": "154000"
      }
    },
    {
      "type": "Feature",
      "geometry": {
        "type": "LineString",
        "coordinates": [
          [
            127.1035514,
            37.376184
          ],
          [
            127.1054621,
            37.3761759
          ],
          [
            127.1050719,
            37.3758783
          ],
          [
            127.1048002,
            37.3756651
          ],
          [
            127.1045503,
            37.3753962
          ],
          [
            127.1035382,
            37.3754177
          ],
          [
            127.1035514,
            37.376184
          ]
        ]
      },
      "properties": {
        "frequency": "60",
        "location": "underground",
        "name": "정자변전소",
        "name:ko": "정자변전소",
        "power": "substation",
        "substation": "distribution",
        "voltage": "154000"
      }
    },
    {
      "type": "Feature",
      "geometry": {
        "type": "LineString",
        "coordinates": [
          [
            127.1056017,
            37.3938423
          ],
          [
            127.105774,
            37.3936891
          ],
          [
            127.10531,
            37.3933598
          ],
          [
            127.1051377,
            37.3935131
          ],
          [
            127.1056017,
            37.3938423
          ]
        ]
      },
      "properties": {
        "building": "yes",
        "frequency": "60",
        "location": "indoor",
        "name": "동판교변전소",
        "name:ko": "동판교변전소",
        "power": "substation",
        "substation": "distribution",
        "voltage": "154000"
      }
    },
    {
      "type": "Feature",
      "geometry": {
        "type": "LineString",
        "coordinates": [
          [
            126.6234164,
            37.6093481
          ],
          [
            126.6235766,
            37.6088929
          ],
          [
            126.6243027,
            37.6090532
          ],
          [
            126.6241425,
            37.6095085
          ],
          [
            126.6234164,
            37.6093481
          ]
        ]
      },
      "properties": {
        "name": "양촌변전소",
        "operator": "한국전력공사",
        "operator:en": "Korea Electric Power Corporation",
        "operator:ko": "한국전력공사",
        "operator:short": "KEPCO",
        "operator:wikidata": "Q486737",
        "power": "substation"
      }
    },
    {
      "type": "Feature",
      "geometry": {
        "type": "LineString",
        "coordinates": [
          [
            126.6963463,
            37.6194909
          ],
          [
            126.6967608,
            37.6196128
          ],
          [
            126.6968232,
            37.6196311
          ],
          [
            126.6970995,
            37.6190415
          ],
          [
            126.6966225,
            37.6189013
          ],
          [
            126.6963463,
            37.6194909
          ]
        ]
      },
      "properties": {
        "frequency": "60",
        "location": "underground",
        "name": "김포변전소",
        "name:en": "Gimpo Substation",
        "name:ko": "김포변전소",
        "operator": "한국전력공사",
        "operator:en": "Korea Electric Power Corporation",
        "operator:ko": "한국전력공사",
        "operator:short": "KEPCO",
        "operator:wikidata": "Q486737",
        "power": "substation",
        "substation": "distribution",
        "voltage": "154000"
      }
    },
    {
      "type": "Feature",
      "geometry": {
        "type": "LineString",
        "coordinates": [
          [
            126.5907515,
            37.6886157
          ],
          [
            126.5907051,
            37.6885393
          ],
          [
            126.5907329,
            37.6885279
          ],
          [
            126.5907409,
            37.6885159
          ],
          [
            126.590738,
            37.6884963
          ],
          [
            126.5905984,
            37.6882442
          ],
          [
            126.5906418,
            37.6880441
          ],
          [
            126.590963,
            37.6879321
          ],
          [
            126.591241,
            37.6884377
          ],
          [
            126.5907515,
            37.6886157
          ]
        ]
      },
      "properties": {
        "name": "통진변전소",
        "operator": "한국전력공사",
        "operator:en": "Korea Electric Power Corporation",
        "operator:ko": "한국전력공사",
        "operator:short": "KEPCO",
        "operator:wikidata": "Q486737",
        "power": "substation"
      }
    },
    {
      "type": "Feature",
      "geometry": {
        "type": "LineString",
        "coordinates": [
          [
            128.5837172,
            35.8869078
          ],
          [
            128.5836138,
            35.886556
          ],
          [
            128.5836815,
            35.886543
          ],
          [
            128.5836598,
            35.8864692
          ],
          [
            128.5838421,
            35.886434
          ],
          [
            128.5839672,
            35.8868595
          ],
          [
            128.5837172,
            35.8869078
          ]
        ]
      },
      "properties": {
        "building": "yes",
        "frequency": "60",
        "location": "indoor",
        "name": "서침산변전소",
        "name:ko": "서침산변전소",
        "power": "substation",
        "substation": "distribution",
        "voltage": "154000"
      }
    },
    {
      "type": "Feature",
      "geometry": {
        "type": "LineString",
        "coordinates": [
          [
            127.1369299,
            37.8208193
          ],
          [
            127.1376541,
            37.8208807
          ],
          [
            127.1377033,
            37.8205192
          ],
          [
            127.1369791,
            37.8204578
          ],
          [
            127.1369299,
            37.8208193
          ]
        ]
      },
      "properties": {
        "frequency": "60",
        "location": "indoor",
        "name": "송우변전소",
        "name:ko": "송우변전소",
        "power": "substation",
        "substation": "distribution",
        "voltage": "154000"
      }
    },
    {
      "type": "Feature",
      "geometry": {
        "type": "LineString",
        "coordinates": [
          [
            127.2041085,
            37.8846099
          ],
          [
            127.2044955,
            37.8847584
          ],
          [
            127.2048495,
            37.8841836
          ],
          [
            127.2044626,
            37.8840352
          ],
          [
            127.2041085,
            37.8846099
          ]
        ]
      },
      "properties": {
        "frequency": "60",
        "location": "indoor",
        "name": "용정변전소",
        "name:ko": "용정변전소",
        "power": "substation",
        "substation": "distribution",
        "voltage": "154000"
      }
    },
    {
      "type": "Feature",
      "geometry": {
        "type": "LineString",
        "coordinates": [
          [
            128.8489,
            37.8009581
          ],
          [
            128.8487077,
            37.8009977
          ],
          [
            128.8489383,
            37.8016971
          ],
          [
            128.8494528,
            37.8015912
          ],
          [
            128.8492222,
            37.8008918
          ],
          [
            128.849275,
            37.8007688
          ],
          [
            128.8491851,
            37.8007116
          ],
          [
            128.8489,
            37.8009581
          ]
        ]
      },
      "properties": {
        "frequency": "60",
        "location": "indoor",
        "name": "북강릉변전소",
        "name:en": "North-Gangneung Subtation",
        "name:ko": "북강릉변전소",
        "power": "substation",
        "substation": "distribution",
        "voltage": "154000"
      }
    },
    {
      "type": "Feature",
      "geometry": {
        "type": "LineString",
        "coordinates": [
          [
            127.645403,
            38.1265729
          ],
          [
            127.6452903,
            38.1259273
          ],
          [
            127.6447044,
            38.1259906
          ],
          [
            127.644817,
            38.1266362
          ],
          [
            127.645403,
            38.1265729
          ]
        ]
      },
      "properties": {
        "frequency": "60",
        "location": "indoor",
        "name": "화천변전소",
        "name:en": "Hwacheon Substation",
        "name:ko": "화천변전소",
        "power": "substation",
        "substation": "distribution",
        "voltage": "154000"
      }
    },
    {
      "type": "Feature",
      "geometry": {
        "type": "LineString",
        "coordinates": [
          [
            127.7518741,
            37.8843663
          ],
          [
            127.7517831,
            37.884607
          ],
          [
            127.7525331,
            37.8847835
          ],
          [
            127.7525986,
            37.88461
          ],
          [
            127.7520053,
            37.8844705
          ],
          [
            127.7520307,
            37.8844031
          ],
          [
            127.7518741,
            37.8843663
          ]
        ]
      },
      "properties": {
        "frequency": "60",
        "location": "indoor",
        "name": "춘천변전소",
        "name:en": "Chuncheon Substation",
        "name:ko": "춘천변전소",
        "power": "substation",
        "substation": "distribution",
        "voltage": "154000"
      }
    },
    {
      "type": "Feature",
      "geometry": {
        "type": "LineString",
        "coordinates": [
          [
            127.7313155,
            37.9370202
          ],
          [
            127.7322516,
            37.9370096
          ],
          [
            127.7322428,
            37.9365247
          ],
          [
            127.7313067,
            37.9365353
          ],
          [
            127.7313155,
            37.9370202
          ]
        ]
      },
      "properties": {
        "frequency": "60",
        "location": "indoor",
        "name": "북춘천변전소",
        "name:en": "North-Chuncheon Substation",
        "name:ko": "북춘천변전소",
        "power": "substation",
        "substation": "distribution",
        "voltage": "154000"
      }
    },
    {
      "type": "Feature",
      "geometry": {
        "type": "LineString",
        "coordinates": [
          [
            127.579316,
            37.6812869
          ],
          [
            127.5799893,
            37.6810311
          ],
          [
            127.5799866,
            37.6806904
          ],
          [
            127.5798163,
            37.6806171
          ],
          [
            127.5794931,
            37.6808103
          ],
          [
            127.5790881,
            37.6809812
          ],
          [
            127.579316,
            37.6812869
          ]
        ]
      },
      "properties": {
        "frequency": "60",
        "location": "indoor",
        "name": "서홍천변전소",
        "name:en": "West-Hongcheon Substation",
        "name:ko": "서홍천변전소",
        "power": "substation",
        "substation": "distribution",
        "voltage": "154000"
      }
    },
    {
      "type": "Feature",
      "geometry": {
        "type": "LineString",
        "coordinates": [
          [
            127.7443752,
            37.844408
          ],
          [
            127.7435437,
            37.8437916
          ],
          [
            127.7431371,
            37.8441337
          ],
          [
            127.7439685,
            37.84475
          ],
          [
            127.7443752,
            37.844408
          ]
        ]
      },
      "properties": {
        "frequency": "60",
        "name": "남춘천변전소",
        "name:en": "South-Chuncheon Substation",
        "name:ko": "남춘천변전소",
        "power": "substation",
        "substation": "distribution",
        "voltage": "154000"
      }
    },
    {
      "type": "Feature",
      "geometry": {
        "type": "LineString",
        "coordinates": [
          [
            127.0966129,
            38.03129
          ],
          [
            127.0960529,
            38.0314414
          ],
          [
            127.0959564,
            38.0312198
          ],
          [
            127.0963766,
            38.0311062
          ],
          [
            127.0965163,
            38.0310684
          ],
          [
            127.0966129,
            38.03129
          ]
        ]
      },
      "properties": {
        "building": "yes",
        "frequency": "60",
        "location": "indoor",
        "name": "전곡변전소",
        "name:en": "Jeongok Substation",
        "name:ko": "전곡변전소",
        "operator": "한국전력공사",
        "operator:en": "Korea Electric Power Corporation",
        "operator:ko": "한국전력공사",
        "operator:short": "KEPCO",
        "operator:wikidata": "Q486737",
        "power": "substation",
        "substation": "distribution",
        "voltage": "154000"
      }
    },
    {
      "type": "Feature",
      "geometry": {
        "type": "LineString",
        "coordinates": [
          [
            127.2748325,
            37.8424408
          ],
          [
            127.2747393,
            37.8424807
          ],
          [
            127.2746999,
            37.8424233
          ],
          [
            127.2745248,
            37.8424983
          ],
          [
            127.2748324,
            37.8429462
          ],
          [
            127.2751006,
            37.8428313
          ],
          [
            127.2748325,
            37.8424408
          ]
        ]
      },
      "properties": {
        "building": "yes",
        "frequency": "60",
        "gas_insulated": "yes",
        "location": "indoor",
        "name": "내촌변전소",
        "name:en": "Naechon Substation",
        "name:ko": "내촌변전소",
        "operator": "한국전력공사",
        "operator:en": "Korea Electric Power Corporation",
        "operator:ko": "한국전력공사",
        "operator:short": "KEPCO",
        "operator:wikidata": "Q486737",
        "power": "substation",
        "substation": "distribution",
        "voltage": "154000"
      }
    },
    {
      "type": "Feature",
      "geometry": {
        "type": "LineString",
        "coordinates": [
          [
            127.2200891,
            37.9186709
          ],
          [
            127.2195393,
            37.9179239
          ],
          [
            127.2195876,
            37.9174605
          ],
          [
            127.2209984,
            37.9167707
          ],
          [
            127.2217977,
            37.9179514
          ],
          [
            127.2205558,
            37.9185693
          ],
          [
            127.2200891,
            37.9186709
          ]
        ]
      },
      "properties": {
        "frequency": "60",
        "location": "outdoor",
        "name": "포천변전소",
        "name:ko": "포천변전소",
        "power": "substation",
        "substation": "distribution",
        "voltage": "154000"
      }
    },
    {
      "type": "Feature",
      "geometry": {
        "type": "LineString",
        "coordinates": [
          [
            126.9792219,
            37.1429178
          ],
          [
            126.9790179,
            37.1426362
          ],
          [
            126.9784963,
            37.1428763
          ],
          [
            126.9788222,
            37.1433261
          ],
          [
            126.9791238,
            37.1431872
          ],
          [
            126.9792219,
            37.1429178
          ]
        ]
      },
      "properties": {
        "frequency": "60",
        "location": "indoor",
        "name": "향남변전소",
        "name:en": "Hyangnam Substation",
        "name:ko": "향남변전소",
        "power": "substation",
        "substation": "distribution",
        "voltage": "154000"
      }
    },
    {
      "type": "Feature",
      "geometry": {
        "type": "LineString",
        "coordinates": [
          [
            126.9287167,
            37.1131628
          ],
          [
            126.9286406,
            37.1127766
          ],
          [
            126.9278896,
            37.1128707
          ],
          [
            126.9279657,
            37.1132569
          ],
          [
            126.9287167,
            37.1131628
          ]
        ]
      },
      "properties": {
        "frequency": "60",
        "location": "indoor",
        "name": "발안변전소",
        "name:en": "Balan Substation",
        "name:ko": "발안변전소",
        "power": "substation",
        "substation": "distribution",
        "voltage": "154000"
      }
    },
    {
      "type": "Feature",
      "geometry": {
        "type": "LineString",
        "coordinates": [
          [
            127.0055768,
            37.1963861
          ],
          [
            127.0054319,
            37.1963903
          ],
          [
            127.0048285,
            37.1960015
          ],
          [
            127.0053783,
            37.195587
          ],
          [
            127.0056599,
            37.1956041
          ],
          [
            127.0061722,
            37.1960015
          ],
          [
            127.0055768,
            37.1963861
          ]
        ]
      },
      "properties": {
        "frequency": "60",
        "location": "indoor",
        "name": "남수원변전소",
        "name:en": "South-Suwon Substation",
        "name:ko": "남수원변전소",
        "power": "substation",
        "substation": "distribution",
        "voltage": "154000"
      }
    },
    {
      "type": "Feature",
      "geometry": {
        "type": "LineString",
        "coordinates": [
          [
            126.8320915,
            37.0790897
          ],
          [
            126.8326843,
            37.0790127
          ],
          [
            126.8325485,
            37.0783479
          ],
          [
            126.8319558,
            37.0784249
          ],
          [
            126.8320915,
            37.0790897
          ]
        ]
      },
      "properties": {
        "frequency": "60",
        "location": "indoor",
        "name": "조암변전소",
        "name:en": "Joam Substation",
        "name:ko": "조암변전소",
        "power": "substation",
        "substation": "distribution",
        "voltage": "154000"
      }
    },
    {
      "type": "Feature",
      "geometry": {
        "type": "LineString",
        "coordinates": [
          [
            126.8477315,
            37.1610775
          ],
          [
            126.8472487,
            37.1606928
          ],
          [
            126.8476966,
            37.1602994
          ],
          [
            126.8484262,
            37.1606671
          ],
          [
            126.8477315,
            37.1610775
          ]
        ]
      },
      "properties": {
        "frequency": "60",
        "location": "indoor",
        "name": "장덕변전소",
        "name:ko": "장덕변전소",
        "power": "substation",
        "substation": "distribution",
        "voltage": "154000"
      }
    },
    {
      "type": "Feature",
      "geometry": {
        "type": "LineString",
        "coordinates": [
          [
            126.7157748,
            37.2172617
          ],
          [
            126.7166358,
            37.217095
          ],
          [
            126.7164956,
            37.2166356
          ],
          [
            126.7156346,
            37.2168022
          ],
          [
            126.7157748,
            37.2172617
          ]
        ]
      },
      "properties": {
        "frequency": "60",
        "location": "indoor",
        "name": "사강변전소",
        "name:en": "Sagang Substation",
        "name:ko": "사강변전소",
        "power": "substation",
        "substation": "distribution",
        "voltage": "154000"
      }
    },
    {
      "type": "Feature",
      "geometry": {
        "type": "LineString",
        "coordinates": [
          [
            127.0896359,
            37.2161734
          ],
          [
            127.0902654,
            37.2161015
          ],
          [
            127.0901594,
            37.215513
          ],
          [
            127.0895299,
            37.2155849
          ],
          [
            127.0896359,
            37.2161734
          ]
        ]
      },
      "properties": {
        "frequency": "60",
        "location": "indoor",
        "name": "북동탄변전소",
        "name:ko": "북동탄변전소",
        "power": "substation",
        "substation": "distribution",
        "voltage": "154000"
      }
    },
    {
      "type": "Feature",
      "geometry": {
        "type": "LineString",
        "coordinates": [
          [
            126.8930967,
            37.0831818
          ],
          [
            126.8927955,
            37.0828202
          ],
          [
            126.8934299,
            37.0824838
          ],
          [
            126.8937311,
            37.0828454
          ],
          [
            126.8930967,
            37.0831818
          ]
        ]
      },
      "properties": {
        "frequency": "60",
        "name": "구문천변전소",
        "name:en": "Gumuncheon Substation",
        "name:ko": "구문천변전소",
        "power": "substation",
        "substation": "distribution",
        "voltage": "154000"
      }
    },
    {
      "type": "Feature",
      "geometry": {
        "type": "LineString",
        "coordinates": [
          [
            126.717926,
            37.326783
          ],
          [
            126.7174727,
            37.3270698
          ],
          [
            126.7176159,
            37.3272129
          ],
          [
            126.7180692,
            37.326926
          ],
          [
            126.717926,
            37.326783
          ]
        ]
      },
      "properties": {
        "frequency": "60",
        "location": "indoor",
        "name": "남시화변전소",
        "name:ko": "남시화변전소",
        "power": "substation",
        "substation": "distribution",
        "voltage": "154000"
      }
    },
    {
      "type": "Feature",
      "geometry": {
        "type": "LineString",
        "coordinates": [
          [
            126.7450511,
            37.4968918
          ],
          [
            126.7450545,
            37.4969858
          ],
          [
            126.7455142,
            37.4969838
          ],
          [
            126.7455175,
            37.4969362
          ],
          [
            126.7456091,
            37.4969346
          ],
          [
            126.7456096,
            37.4968027
          ],
          [
            126.7450229,
            37.4968025
          ],
          [
            126.7450204,
            37.4968924
          ],
          [
            126.7450511,
            37.4968918
          ]
        ]
      },
      "properties": {
        "frequency": "60",
        "location": "indoor",
        "name": "원미변전소",
        "name:ko": "원미변전소",
        "power": "substation",
        "substation": "distribution",
        "voltage": "154000"
      }
    },
    {
      "type": "Feature",
      "geometry": {
        "type": "LineString",
        "coordinates": [
          [
            126.7871712,
            37.507312
          ],
          [
            126.7873187,
            37.5068768
          ],
          [
            126.7870855,
            37.5068271
          ],
          [
            126.786938,
            37.5072622
          ],
          [
            126.7871712,
            37.507312
          ]
        ]
      },
      "properties": {
        "addr:city": "부천시",
        "addr:district": "원미구",
        "addr:province": "경기도",
        "addr:subdistrict": "도당동",
        "building": "yes",
        "frequency": "60",
        "location": "indoor",
        "name": "도당변전소",
        "name:ko": "도당변전소",
        "power": "substation",
        "substation": "distribution",
        "voltage": "154000"
      }
    },
    {
      "type": "Feature",
      "geometry": {
        "type": "LineString",
        "coordinates": [
          [
            126.817394,
            37.5394276
          ],
          [
            126.817708,
            37.5392107
          ],
          [
            126.8177272,
            37.5391974
          ],
          [
            126.8177443,
            37.5391856
          ],
          [
            126.8175885,
            37.5390438
          ],
          [
            126.817164,
            37.539337
          ],
          [
            126.8172839,
            37.5394462
          ],
          [
            126.8173582,
            37.5393949
          ],
          [
            126.817394,
            37.5394276
          ]
        ]
      },
      "properties": {
        "addr:city": "부천시",
        "addr:district": "오정구",
        "addr:province": "경기도",
        "addr:subdistrict": "고강동",
        "building": "industrial",
        "frequency": "60",
        "gas_insulated": "yes",
        "location": "indoor",
        "name": "고강변전소",
        "name:en": "Gogang Substation",
        "name:ko": "고강변전소",
        "operator": "한국전력공사",
        "operator:en": "Korea Electric Power Corporation",
        "operator:ko": "한국전력공사",
        "operator:short": "KEPCO",
        "operator:wikidata": "Q486737",
        "power": "substation",
        "substation": "distribution",
        "voltage": "154000"
      }
    },
    {
      "type": "Feature",
      "geometry": {
        "type": "LineString",
        "coordinates": [
          [
            126.3321894,
            36.5790232
          ],
          [
            126.3329565,
            36.5789521
          ],
          [
            126.3328945,
            36.5785205
          ],
          [
            126.3321274,
            36.5785916
          ],
          [
            126.3321894,
            36.5790232
          ]
        ]
      },
      "properties": {
        "frequency": "60",
        "location": "indoor",
        "name": "안면변전소",
        "name:ko": "안면변전소",
        "power": "substation",
        "substation": "distribution",
        "voltage": "154000"
      }
    },
    {
      "type": "Feature",
      "geometry": {
        "type": "LineString",
        "coordinates": [
          [
            126.8352204,
            37.2172502
          ],
          [
            126.8352954,
            37.217034
          ],
          [
            126.8357521,
            37.2171345
          ],
          [
            126.83573,
            37.2171981
          ],
          [
            126.8358492,
            37.2172244
          ],
          [
            126.8357961,
            37.217377
          ],
          [
            126.8352204,
            37.2172502
          ]
        ]
      },
      "properties": {
        "frequency": "60",
        "location": "indoor",
        "name": "남양변전소",
        "name:ko": "남양변전소",
        "power": "substation",
        "substation": "distribution",
        "voltage": "154000"
      }
    },
    {
      "type": "Feature",
      "geometry": {
        "type": "LineString",
        "coordinates": [
          [
            126.2873134,
            36.742637
          ],
          [
            126.2873885,
            36.7418417
          ],
          [
            126.2881744,
            36.7418782
          ],
          [
            126.2880993,
            36.7427143
          ],
          [
            126.2877774,
            36.7428068
          ],
          [
            126.2873134,
            36.742637
          ]
        ]
      },
      "properties": {
        "frequency": "60",
        "location": "outdoor",
        "name": "태안변전소",
        "name:en": "Taean Substation",
        "name:ko": "태안변전소",
        "power": "substation",
        "substation": "distribution",
        "voltage": "154000"
      }
    },
    {
      "type": "Feature",
      "geometry": {
        "type": "LineString",
        "coordinates": [
          [
            126.7897679,
            37.3397549
          ],
          [
            126.7898293,
            37.3397123
          ],
          [
            126.7897176,
            37.3396105
          ],
          [
            126.7892378,
            37.3399431
          ],
          [
            126.7894068,
            37.3400973
          ],
          [
            126.7898253,
            37.3398072
          ],
          [
            126.7897679,
            37.3397549
          ]
        ]
      },
      "properties": {
        "building": "yes",
        "frequency": "60",
        "location": "indoor",
        "name": "원곡변전소",
        "name:en": "Wongok Substation",
        "name:ko": "원곡변전소",
        "power": "substation",
        "substation": "distribution",
        "voltage": "154000"
      }
    },
    {
      "type": "Feature",
      "geometry": {
        "type": "LineString",
        "coordinates": [
          [
            126.7716045,
            37.3037226
          ],
          [
            126.7716278,
            37.3037733
          ],
          [
            126.772059,
            37.3036477
          ],
          [
            126.7720357,
            37.3035969
          ],
          [
            126.7719778,
            37.3034714
          ],
          [
            126.7714615,
            37.3036218
          ],
          [
            126.7715193,
            37.3037474
          ],
          [
            126.7716045,
            37.3037226
          ]
        ]
      },
      "properties": {
        "building": "yes",
        "frequency": "60",
        "location": "indoor",
        "name": "목내변전소",
        "name:ko": "목내변전소",
        "power": "substation",
        "substation": "distribution",
        "voltage": "154000"
      }
    },
    {
      "type": "Feature",
      "geometry": {
        "type": "LineString",
        "coordinates": [
          [
            126.7433041,
            37.3072078
          ],
          [
            126.7433181,
            37.3072037
          ],
          [
            126.7431267,
            37.3067879
          ],
          [
            126.7428843,
            37.3068585
          ],
          [
            126.7430757,
            37.3072743
          ],
          [
            126.7431547,
            37.3072513
          ],
          [
            126.743183,
            37.3073127
          ],
          [
            126.7433324,
            37.3072692
          ],
          [
            126.7433041,
            37.3072078
          ]
        ]
      },
      "properties": {
        "building": "yes",
        "frequency": "60",
        "location": "indoor",
        "name": "중시화변전소",
        "name:ko": "중시화변전소",
        "power": "substation",
        "substation": "distribution",
        "voltage": "154000"
      }
    },
    {
      "type": "Feature",
      "geometry": {
        "type": "LineString",
        "coordinates": [
          [
            126.7493105,
            37.3025646
          ],
          [
            126.7487055,
            37.3027408
          ],
          [
            126.7490944,
            37.3035857
          ],
          [
            126.7496994,
            37.3034095
          ],
          [
            126.7493105,
            37.3025646
          ]
        ]
      },
      "properties": {
        "building": "construction",
        "frequency": "60",
        "location": "indoor",
        "name": "신시화변전소",
        "name:ko": "신시화변전소",
        "power": "substation",
        "source": "Maxar Premium Imagery (Beta)",
        "substation": "transmission",
        "voltage": "345000"
      }
    },
    {
      "type": "Feature",
      "geometry": {
        "type": "LineString",
        "coordinates": [
          [
            126.7117114,
            37.3210381
          ],
          [
            126.7121501,
            37.3207771
          ],
          [
            126.7119824,
            37.3205988
          ],
          [
            126.7115437,
            37.3208598
          ],
          [
            126.7117114,
            37.3210381
          ]
        ]
      },
      "properties": {
        "building": "yes",
        "frequency": "60",
        "location": "indoor",
        "name": "남정왕변전소",
        "name:ko": "남정왕변전소",
        "power": "substation",
        "substation": "distribution",
        "voltage": "154000"
      }
    },
    {
      "type": "Feature",
      "geometry": {
        "type": "LineString",
        "coordinates": [
          [
            126.7233124,
            37.3323271
          ],
          [
            126.7238204,
            37.3328548
          ],
          [
            126.7242939,
            37.3325666
          ],
          [
            126.723786,
            37.3320389
          ],
          [
            126.7233124,
            37.3323271
          ]
        ]
      },
      "properties": {
        "frequency": "60",
        "location": "indoor",
        "name": "동시화변전소",
        "name:ko": "동시화변전소",
        "power": "substation",
        "substation": "distribution",
        "voltage": "154000"
      }
    },
    {
      "type": "Feature",
      "geometry": {
        "type": "LineString",
        "coordinates": [
          [
            126.7569682,
            37.3086023
          ],
          [
            126.7567778,
            37.3081661
          ],
          [
            126.7565029,
            37.308242
          ],
          [
            126.7566933,
            37.3086782
          ],
          [
            126.7569682,
            37.3086023
          ]
        ]
      },
      "properties": {
        "building": "yes",
        "frequency": "60",
        "location": "indoor",
        "name": "성곡변전소",
        "name:ko": "성곡변전소",
        "power": "substation",
        "substation": "distribution",
        "voltage": "154000"
      }
    },
    {
      "type": "Feature",
      "geometry": {
        "type": "LineString",
        "coordinates": [
          [
            126.8193921,
            37.2983447
          ],
          [
            126.8189366,
            37.2984083
          ],
          [
            126.8189476,
            37.2984579
          ],
          [
            126.8188612,
            37.2984699
          ],
          [
            126.8188924,
            37.298611
          ],
          [
            126.8194342,
            37.2985353
          ],
          [
            126.8193921,
            37.2983447
          ]
        ]
      },
      "properties": {
        "building": "yes",
        "frequency": "60",
        "location": "indoor",
        "name": "남안산변전소",
        "name:ko": "남안산변전소",
        "power": "substation",
        "substation": "distribution",
        "voltage": "154000"
      }
    },
    {
      "type": "Feature",
      "geometry": {
        "type": "LineString",
        "coordinates": [
          [
            126.7897126,
            37.4616529
          ],
          [
            126.7898467,
            37.462117
          ],
          [
            126.7900861,
            37.4620734
          ],
          [
            126.789952,
            37.4616093
          ],
          [
            126.7897126,
            37.4616529
          ]
        ]
      },
      "properties": {
        "building": "yes",
        "frequency": "60",
        "location": "indoor",
        "name": "소래변전소",
        "name:en": "Sorae Substation",
        "name:ko": "소래변전소",
        "power": "substation",
        "substation": "distribution",
        "voltage": "154000"
      }
    },
    {
      "type": "Feature",
      "geometry": {
        "type": "LineString",
        "coordinates": [
          [
            126.7064714,
            37.3490451
          ],
          [
            126.7068337,
            37.3488208
          ],
          [
            126.7067954,
            37.3487817
          ],
          [
            126.7068703,
            37.3487353
          ],
          [
            126.706778,
            37.3486411
          ],
          [
            126.7063408,
            37.3489119
          ],
          [
            126.7064714,
            37.3490451
          ]
        ]
      },
      "properties": {
        "building": "yes",
        "frequency": "60",
        "location": "indoor",
        "name": "서시화변전소",
        "name:ko": "서시화변전소",
        "power": "substation",
        "substation": "distribution",
        "voltage": "154000"
      }
    },
    {
      "type": "Feature",
      "geometry": {
        "type": "LineString",
        "coordinates": [
          [
            126.4812034,
            37.6817975
          ],
          [
            126.4813118,
            37.6818847
          ],
          [
            126.4813773,
            37.6818337
          ],
          [
            126.4814339,
            37.6818792
          ],
          [
            126.4817701,
            37.6816174
          ],
          [
            126.4816051,
            37.6814847
          ],
          [
            126.4814705,
            37.6815895
          ],
          [
            126.4813412,
            37.6816902
          ],
          [
            126.4812034,
            37.6817975
          ]
        ]
      },
      "properties": {
        "building": "yes",
        "frequency": "60",
        "gas_insulated": "yes",
        "location": "indoor",
        "name": "강화변전소",
        "name:en": "Ganghwa Substation",
        "name:ko": "강화변전소",
        "operator": "한국전력공사",
        "operator:en": "Korea Electric Power Corporation",
        "operator:ko": "한국전력공사",
        "operator:short": "KEPCO",
        "operator:wikidata": "Q486737",
        "power": "substation",
        "substation": "distribution",
        "voltage": "154000"
      }
    },
    {
      "type": "Feature",
      "geometry": {
        "type": "LineString",
        "coordinates": [
          [
            128.744477,
            36.5873971
          ],
          [
            128.7434632,
            36.5878106
          ],
          [
            128.7433425,
            36.5877934
          ],
          [
            128.7430447,
            36.5875048
          ],
          [
            128.7431198,
            36.5873562
          ],
          [
            128.7427711,
            36.5868049
          ],
          [
            128.7439875,
            36.5863311
          ],
          [
            128.7441149,
            36.5867973
          ],
          [
            128.744477,
            36.5873971
          ]
        ]
      },
      "properties": {
        "frequency": "60",
        "location": "indoor",
        "name": "안동변전소",
        "name:en": "Andong Substation",
        "name:ko": "안동변전소",
        "power": "substation",
        "substation": "distribution",
        "voltage": "154000"
      }
    },
    {
      "type": "Feature",
      "geometry": {
        "type": "LineString",
        "coordinates": [
          [
            127.1223186,
            37.0099648
          ],
          [
            127.1221106,
            37.0099019
          ],
          [
            127.1219067,
            37.0103313
          ],
          [
            127.1221147,
            37.0103943
          ],
          [
            127.1223186,
            37.0099648
          ]
        ]
      },
      "properties": {
        "building": "yes",
        "frequency": "60",
        "location": "indoor",
        "name": "소사벌변전소",
        "name:ko": "소사벌변전소",
        "power": "substation",
        "substation": "distribution",
        "voltage": "154000"
      }
    },
    {
      "type": "Feature",
      "geometry": {
        "type": "LineString",
        "coordinates": [
          [
            127.0674009,
            36.9693725
          ],
          [
            127.0678523,
            36.9697232
          ],
          [
            127.0684934,
            36.9692024
          ],
          [
            127.0676794,
            36.9685628
          ],
          [
            127.0674009,
            36.9693725
          ]
        ]
      },
      "properties": {
        "frequency": "60",
        "location": "indoor",
        "name": "팽성변전소",
        "name:en": "Pyeonseong Substation",
        "name:ko": "팽성변전소",
        "power": "substation",
        "substation": "distribution;traction",
        "voltage": "154000;55000;27500"
      }
    },
    {
      "type": "Feature",
      "geometry": {
        "type": "LineString",
        "coordinates": [
          [
            126.8453617,
            36.9718908
          ],
          [
            126.8458459,
            36.972105
          ],
          [
            126.8459702,
            36.9719258
          ],
          [
            126.845486,
            36.9717115
          ],
          [
            126.8453617,
            36.9718908
          ]
        ]
      },
      "properties": {
        "building": "yes",
        "frequency": "60",
        "location": "indoor",
        "name": "만호변전소",
        "name:ko": "만호변전소",
        "power": "substation",
        "substation": "distribution",
        "voltage": "154000"
      }
    },
    {
      "type": "Feature",
      "geometry": {
        "type": "LineString",
        "coordinates": [
          [
            126.9740248,
            37.0497018
          ],
          [
            126.9737604,
            37.0500803
          ],
          [
            126.9738308,
            37.0501116
          ],
          [
            126.9737894,
            37.0501709
          ],
          [
            126.9739442,
            37.0502398
          ],
          [
            126.9742499,
            37.049802
          ],
          [
            126.9740248,
            37.0497018
          ]
        ]
      },
      "properties": {
        "building": "yes",
        "frequency": "60",
        "location": "indoor",
        "name": "청북변전소",
        "name:en": "Cheongbuk Substation",
        "name:ko": "청북변전소",
        "power": "substation",
        "substation": "distribution",
        "voltage": "154000"
      }
    },
    {
      "type": "Feature",
      "geometry": {
        "type": "LineString",
        "coordinates": [
          [
            127.3958719,
            36.4263621
          ],
          [
            127.396398,
            36.4261438
          ],
          [
            127.3964721,
            36.4262594
          ],
          [
            127.3963797,
            36.4262978
          ],
          [
            127.3964174,
            36.4263566
          ],
          [
            127.3959836,
            36.4265365
          ],
          [
            127.3958719,
            36.4263621
          ]
        ]
      },
      "properties": {
        "addr:city": "대전광역시",
        "addr:district": "유성구",
        "addr:housenumber": "40-1",
        "addr:postcode": "34014",
        "addr:street": "테크노6로",
        "building": "industrial",
        "frequency": "60",
        "location": "indoor",
        "name": "송강변전소",
        "name:ko": "송강변전소",
        "power": "substation",
        "substation": "distribution",
        "voltage": "154000"
      }
    },
    {
      "type": "Feature",
      "geometry": {
        "type": "LineString",
        "coordinates": [
          [
            127.0424679,
            37.1894312
          ],
          [
            127.0430231,
            37.1896
          ],
          [
            127.0431234,
            37.1893906
          ],
          [
            127.0425682,
            37.1892218
          ],
          [
            127.0424679,
            37.1894312
          ]
        ]
      },
      "properties": {
        "building": "yes",
        "frequency": "60",
        "location": "indoor",
        "name": "세교변전소",
        "name:ko": "세교변전소",
        "power": "substation",
        "substation": "distribution",
        "voltage": "154000"
      }
    },
    {
      "type": "Feature",
      "geometry": {
        "type": "LineString",
        "coordinates": [
          [
            127.0508203,
            37.2621208
          ],
          [
            127.0520346,
            37.261535
          ],
          [
            127.0515625,
            37.2608882
          ],
          [
            127.0503482,
            37.261474
          ],
          [
            127.0508203,
            37.2621208
          ]
        ]
      },
      "properties": {
        "frequency": "60",
        "location": "outdoor",
        "name": "동수원변전소",
        "name:ko": "동수원변전소",
        "power": "substation",
        "substation": "distribution",
        "voltage": "154000"
      }
    },
    {
      "type": "Feature",
      "geometry": {
        "type": "LineString",
        "coordinates": [
          [
            126.7979979,
            37.6502711
          ],
          [
            126.798032,
            37.6502137
          ],
          [
            126.7983869,
            37.649617
          ],
          [
            126.7975992,
            37.6493237
          ],
          [
            126.7972103,
            37.6499778
          ],
          [
            126.7979979,
            37.6502711
          ]
        ]
      },
      "properties": {
        "frequency": "60",
        "location": "outdoor",
        "name": "일산변전소",
        "name:en": "Ilsan Substation",
        "name:ko": "일산변전소",
        "operator": "한국전력공사",
        "operator:en": "Korea Electric Power Corporation",
        "operator:ko": "한국전력공사",
        "operator:short": "KEPCO",
        "operator:wikidata": "Q486737",
        "power": "substation",
        "substation": "distribution",
        "voltage": "154000"
      }
    },
    {
      "type": "Feature",
      "geometry": {
        "type": "LineString",
        "coordinates": [
          [
            126.7321484,
            37.6874002
          ],
          [
            126.7323482,
            37.6870245
          ],
          [
            126.7320129,
            37.6869128
          ],
          [
            126.731813,
            37.6872885
          ],
          [
            126.7321484,
            37.6874002
          ]
        ]
      },
      "properties": {
        "building": "yes",
        "frequency": "60",
        "gas_insulated": "yes",
        "location": "indoor",
        "name": "덕이변전소",
        "name:en": "Deogi Substation",
        "name:ko": "덕이변전소",
        "operator": "한국전력공사",
        "operator:en": "Korea Electric Power Corporation",
        "operator:ko": "한국전력공사",
        "operator:short": "KEPCO",
        "operator:wikidata": "Q486737",
        "power": "substation",
        "substation": "distribution",
        "voltage": "154000"
      }
    },
    {
      "type": "Feature",
      "geometry": {
        "type": "LineString",
        "coordinates": [
          [
            127.3568268,
            37.6225183
          ],
          [
            127.3571889,
            37.6222039
          ],
          [
            127.3570825,
            37.622127
          ],
          [
            127.357049,
            37.6221561
          ],
          [
            127.3569623,
            37.6220934
          ],
          [
            127.3566337,
            37.6223787
          ],
          [
            127.3568268,
            37.6225183
          ]
        ]
      },
      "properties": {
        "building": "yes",
        "frequency": "60",
        "location": "indoor",
        "name": "서종변전소",
        "name:ko": "서종변전소",
        "power": "substation",
        "substation": "distribution",
        "voltage": "154000"
      }
    },
    {
      "type": "Feature",
      "geometry": {
        "type": "LineString",
        "coordinates": [
          [
            127.16271,
            37.6272408
          ],
          [
            127.1629571,
            37.6272413
          ],
          [
            127.1629586,
            37.6268065
          ],
          [
            127.1627115,
            37.626806
          ],
          [
            127.16271,
            37.6272408
          ]
        ]
      },
      "properties": {
        "building": "yes",
        "frequency": "60",
        "location": "indoor",
        "name": "진건변전소",
        "name:ko": "진건변전소",
        "power": "substation",
        "substation": "distribution",
        "voltage": "154000"
      }
    },
    {
      "type": "Feature",
      "geometry": {
        "type": "LineString",
        "coordinates": [
          [
            127.1796106,
            37.7022419
          ],
          [
            127.1794794,
            37.702327
          ],
          [
            127.1795244,
            37.7023704
          ],
          [
            127.1794738,
            37.7024032
          ],
          [
            127.1797829,
            37.7027015
          ],
          [
            127.1799646,
            37.7025836
          ],
          [
            127.1796106,
            37.7022419
          ]
        ]
      },
      "properties": {
        "building": "yes",
        "frequency": "60",
        "location": "indoor",
        "name": "진접변전소",
        "name:ko": "진접변전소",
        "power": "substation",
        "substation": "distribution",
        "voltage": "154000"
      }
    },
    {
      "type": "Feature",
      "geometry": {
        "type": "LineString",
        "coordinates": [
          [
            127.6167929,
            37.428117
          ],
          [
            127.6168925,
            37.4281067
          ],
          [
            127.6168258,
            37.4276996
          ],
          [
            127.6165545,
            37.4277276
          ],
          [
            127.6166336,
            37.4282111
          ],
          [
            127.6168054,
            37.4281934
          ],
          [
            127.6167929,
            37.428117
          ]
        ]
      },
      "properties": {
        "building": "yes",
        "frequency": "60",
        "gas_insulated": "yes",
        "location": "indoor",
        "name": "지제변전소",
        "name:en": "Jije Substation",
        "name:ko": "지제변전소",
        "operator": "한국전력공사",
        "operator:en": "Korea Electric Power Corporation",
        "operator:ko": "한국전력공사",
        "operator:short": "KEPCO",
        "operator:wikidata": "Q486737",
        "power": "substation",
        "substation": "distribution",
        "voltage": "154000"
      }
    },
    {
      "type": "Feature",
      "geometry": {
        "type": "LineString",
        "coordinates": [
          [
            127.5152254,
            37.4978521
          ],
          [
            127.5149966,
            37.4975386
          ],
          [
            127.5148854,
            37.4975897
          ],
          [
            127.5148282,
            37.4975114
          ],
          [
            127.5147271,
            37.4975578
          ],
          [
            127.515013,
            37.4979497
          ],
          [
            127.5152254,
            37.4978521
          ]
        ]
      },
      "properties": {
        "building": "yes",
        "frequency": "60",
        "location": "indoor",
        "name": "용문변전소",
        "name:en": "Yongmun Substation",
        "name:ko": "용문변전소",
        "power": "substation",
        "substation": "distribution",
        "voltage": "154000"
      }
    },
    {
      "type": "Feature",
      "geometry": {
        "type": "LineString",
        "coordinates": [
          [
            127.145252,
            37.6031892
          ],
          [
            127.1452204,
            37.6031757
          ],
          [
            127.1451496,
            37.60328
          ],
          [
            127.1456605,
            37.6034978
          ],
          [
            127.1457314,
            37.6033935
          ],
          [
            127.1456573,
            37.603362
          ],
          [
            127.1456914,
            37.6033119
          ],
          [
            127.145286,
            37.6031391
          ],
          [
            127.145252,
            37.6031892
          ]
        ]
      },
      "properties": {
        "building": "yes",
        "frequency": "60",
        "location": "indoor",
        "name": "구리변전소",
        "name:ko": "구리변전소",
        "power": "substation",
        "substation": "distribution",
        "voltage": "154000"
      }
    },
    {
      "type": "Feature",
      "geometry": {
        "type": "LineString",
        "coordinates": [
          [
            129.3741202,
            36.4223098
          ],
          [
            129.3742946,
            36.4222321
          ],
          [
            129.3745467,
            36.4222839
          ],
          [
            129.3749088,
            36.4223508
          ],
          [
            129.3749665,
            36.4223035
          ],
          [
            129.3749786,
            36.4222645
          ],
          [
            129.3747891,
            36.4219502
          ],
          [
            129.3746134,
            36.4218218
          ],
          [
            129.3743519,
            36.4214172
          ],
          [
            129.3737447,
            36.4216364
          ],
          [
            129.3741202,
            36.4223098
          ]
        ]
      },
      "properties": {
        "frequency": "60",
        "location": "outdoor",
        "name": "영덕변전소",
        "name:en": "Yeongdeok Substation",
        "name:ko": "영덕변전소",
        "power": "substation",
        "substation": "distribution",
        "voltage": "154000"
      }
    },
    {
      "type": "Feature",
      "geometry": {
        "type": "LineString",
        "coordinates": [
          [
            127.2204981,
            37.5930813
          ],
          [
            127.2205394,
            37.5931201
          ],
          [
            127.2206672,
            37.5930347
          ],
          [
            127.2202474,
            37.5926405
          ],
          [
            127.2200527,
            37.5927707
          ],
          [
            127.2204311,
            37.5931261
          ],
          [
            127.2204981,
            37.5930813
          ]
        ]
      },
      "properties": {
        "building": "yes",
        "frequency": "60",
        "location": "indoor",
        "name": "덕소변전소",
        "name:ko": "덕소변전소",
        "power": "substation",
        "substation": "distribution",
        "voltage": "154000"
      }
    },
    {
      "type": "Feature",
      "geometry": {
        "type": "LineString",
        "coordinates": [
          [
            127.1016519,
            37.8321889
          ],
          [
            127.1016321,
            37.8325775
          ],
          [
            127.1017453,
            37.8325811
          ],
          [
            127.1017437,
            37.8326119
          ],
          [
            127.10186,
            37.8326156
          ],
          [
            127.1018815,
            37.8321962
          ],
          [
            127.1016519,
            37.8321889
          ]
        ]
      },
      "properties": {
        "building": "yes",
        "frequency": "60",
        "location": "indoor",
        "name": "옥정변전소",
        "name:ko": "옥정변전소",
        "power": "substation",
        "substation": "distribution",
        "voltage": "154000"
      }
    },
    {
      "type": "Feature",
      "geometry": {
        "type": "LineString",
        "coordinates": [
          [
            127.0818148,
            37.7367252
          ],
          [
            127.0818968,
            37.7364468
          ],
          [
            127.0824429,
            37.7365473
          ],
          [
            127.0824162,
            37.7366381
          ],
          [
            127.082469,
            37.7366478
          ],
          [
            127.0824174,
            37.736823
          ],
          [
            127.0818148,
            37.7367252
          ]
        ]
      },
      "properties": {
        "building": "yes",
        "frequency": "60",
        "location": "indoor",
        "name": "용현변전소",
        "name:ko": "용현변전소",
        "power": "substation",
        "substation": "distribution",
        "voltage": "154000"
      }
    },
    {
      "type": "Feature",
      "geometry": {
        "type": "LineString",
        "coordinates": [
          [
            127.0849902,
            37.747628
          ],
          [
            127.0853695,
            37.7473864
          ],
          [
            127.0853065,
            37.7473245
          ],
          [
            127.0854114,
            37.7472577
          ],
          [
            127.0852604,
            37.7471095
          ],
          [
            127.0847762,
            37.7474179
          ],
          [
            127.0849902,
            37.747628
          ]
        ]
      },
      "properties": {
        "building": "yes",
        "frequency": "60",
        "location": "indoor",
        "name": "금오변전소",
        "name:ko": "금오변전소",
        "power": "substation",
        "substation": "distribution",
        "voltage": "154000"
      }
    },
    {
      "type": "Feature",
      "geometry": {
        "type": "LineString",
        "coordinates": [
          [
            129.0770637,
            36.5362986
          ],
          [
            129.0771486,
            36.5363237
          ],
          [
            129.0771961,
            36.5362199
          ],
          [
            129.0766856,
            36.5360691
          ],
          [
            129.0766132,
            36.5362275
          ],
          [
            129.0770388,
            36.5363532
          ],
          [
            129.0770637,
            36.5362986
          ]
        ]
      },
      "properties": {
        "building": "yes",
        "frequency": "60",
        "location": "indoor",
        "name": "진보변전소",
        "name:en": "Jinbo Substation",
        "name:ko": "진보변전소",
        "power": "substation",
        "substation": "distribution",
        "voltage": "154000"
      }
    },
    {
      "type": "Feature",
      "geometry": {
        "type": "LineString",
        "coordinates": [
          [
            128.7777632,
            36.5286635
          ],
          [
            128.7772885,
            36.5288564
          ],
          [
            128.7773664,
            36.5289802
          ],
          [
            128.7774457,
            36.528948
          ],
          [
            128.7774776,
            36.5289986
          ],
          [
            128.777873,
            36.5288379
          ],
          [
            128.7777632,
            36.5286635
          ]
        ]
      },
      "properties": {
        "building": "yes",
        "frequency": "60",
        "location": "indoor",
        "name": "동안동변전소",
        "name:en": "East-Andong Substation",
        "name:ko": "동안동변전소",
        "power": "substation",
        "substation": "distribution",
        "voltage": "154000"
      }
    },
    {
      "type": "Feature",
      "geometry": {
        "type": "LineString",
        "coordinates": [
          [
            127.073553,
            37.2306309
          ],
          [
            127.0736311,
            37.2305977
          ],
          [
            127.0737072,
            37.2307113
          ],
          [
            127.0731784,
            37.230936
          ],
          [
            127.0730568,
            37.2307546
          ],
          [
            127.0735075,
            37.2305631
          ],
          [
            127.073553,
            37.2306309
          ]
        ]
      },
      "properties": {
        "building": "yes",
        "frequency": "60",
        "location": "indoor",
        "name": "농서변전소",
        "name:ko": "농서변전소",
        "power": "substation",
        "substation": "distribution",
        "voltage": "154000"
      }
    },
    {
      "type": "Feature",
      "geometry": {
        "type": "LineString",
        "coordinates": [
          [
            127.1052279,
            37.3245205
          ],
          [
            127.1053076,
            37.3245511
          ],
          [
            127.1053781,
            37.3244354
          ],
          [
            127.1048385,
            37.3242277
          ],
          [
            127.1047261,
            37.3244126
          ],
          [
            127.1051859,
            37.3245895
          ],
          [
            127.1052279,
            37.3245205
          ]
        ]
      },
      "properties": {
        "building": "yes",
        "frequency": "60",
        "location": "indoor",
        "name": "죽전변전소",
        "name:ko": "죽전변전소",
        "power": "substation",
        "substation": "distribution",
        "voltage": "154000"
      }
    },
    {
      "type": "Feature",
      "geometry": {
        "type": "LineString",
        "coordinates": [
          [
            127.2430349,
            37.3083567
          ],
          [
            127.2431185,
            37.3083513
          ],
          [
            127.2431051,
            37.308219
          ],
          [
            127.2425335,
            37.3082556
          ],
          [
            127.2425521,
            37.3084387
          ],
          [
            127.24304,
            37.3084074
          ],
          [
            127.2430349,
            37.3083567
          ]
        ]
      },
      "properties": {
        "building": "yes",
        "frequency": "60",
        "location": "indoor",
        "name": "모현변전소",
        "name:en": "Mohyeon Substation",
        "name:ko": "모현변전소",
        "power": "substation",
        "substation": "distribution",
        "voltage": "154000"
      }
    },
    {
      "type": "Feature",
      "geometry": {
        "type": "LineString",
        "coordinates": [
          [
            127.1622424,
            37.2578057
          ],
          [
            127.162186,
            37.2578551
          ],
          [
            127.1623096,
            37.2579444
          ],
          [
            127.162695,
            37.2576064
          ],
          [
            127.1625239,
            37.2574829
          ],
          [
            127.162195,
            37.2577714
          ],
          [
            127.1622424,
            37.2578057
          ]
        ]
      },
      "properties": {
        "building": "yes",
        "frequency": "60",
        "location": "indoor",
        "name": "동백변전소",
        "name:en": "East-Baekbyeon Substation",
        "name:ko": "동백변전소",
        "power": "substation",
        "substation": "distribution",
        "voltage": "154000"
      }
    },
    {
      "type": "Feature",
      "geometry": {
        "type": "LineString",
        "coordinates": [
          [
            127.1051109,
            37.246886
          ],
          [
            127.1054837,
            37.2464398
          ],
          [
            127.1054596,
            37.246222
          ],
          [
            127.1058002,
            37.2462156
          ],
          [
            127.1058083,
            37.2463672
          ],
          [
            127.1059746,
            37.2463586
          ],
          [
            127.1058136,
            37.2467515
          ],
          [
            127.1055588,
            37.2471081
          ],
          [
            127.1051109,
            37.246886
          ]
        ]
      },
      "properties": {
        "frequency": "60",
        "location": "indoor",
        "name": "기흥변전소",
        "name:ko": "기흥변전소",
        "power": "substation",
        "substation": "distribution",
        "voltage": "154000"
      }
    },
    {
      "type": "Feature",
      "geometry": {
        "type": "LineString",
        "coordinates": [
          [
            126.9646572,
            37.2573782
          ],
          [
            126.9646558,
            37.2573337
          ],
          [
            126.9641876,
            37.2573432
          ],
          [
            126.964189,
            37.2573876
          ],
          [
            126.9640765,
            37.2573899
          ],
          [
            126.9640803,
            37.2575086
          ],
          [
            126.964661,
            37.2574969
          ],
          [
            126.9646572,
            37.2573782
          ]
        ]
      },
      "properties": {
        "building": "yes",
        "frequency": "60",
        "location": "indoor",
        "name": "호매실변전소",
        "name:ko": "호매실변전소",
        "power": "substation",
        "substation": "distribution",
        "voltage": "154000"
      }
    },
    {
      "type": "Feature",
      "geometry": {
        "type": "LineString",
        "coordinates": [
          [
            126.9634876,
            37.3508869
          ],
          [
            126.9635063,
            37.350454
          ],
          [
            126.9633558,
            37.3504499
          ],
          [
            126.9633527,
            37.3505212
          ],
          [
            126.9632757,
            37.3505191
          ],
          [
            126.96326,
            37.3508806
          ],
          [
            126.9634876,
            37.3508869
          ]
        ]
      },
      "properties": {
        "building": "yes",
        "frequency": "60",
        "location": "indoor",
        "name": "의왕변전소",
        "name:en": "Uiwang Substation",
        "name:ko": "의왕변전소",
        "power": "substation",
        "substation": "distribution",
        "voltage": "154000"
      }
    },
    {
      "type": "Feature",
      "geometry": {
        "type": "LineString",
        "coordinates": [
          [
            126.9833481,
            37.3024385
          ],
          [
            126.9834206,
            37.3024723
          ],
          [
            126.9835049,
            37.3023577
          ],
          [
            126.98301,
            37.3021272
          ],
          [
            126.9828934,
            37.3022858
          ],
          [
            126.9833158,
            37.3024825
          ],
          [
            126.9833481,
            37.3024385
          ]
        ]
      },
      "properties": {
        "building": "yes",
        "frequency": "60",
        "location": "indoor",
        "name": "율전변전소",
        "name:ko": "율전변전소",
        "power": "substation",
        "substation": "distribution",
        "voltage": "154000"
      }
    },
    {
      "type": "Feature",
      "geometry": {
        "type": "LineString",
        "coordinates": [
          [
            127.1068275,
            37.294462
          ],
          [
            127.1071933,
            37.2944636
          ],
          [
            127.107196,
            37.2940646
          ],
          [
            127.1068302,
            37.294063
          ],
          [
            127.1068275,
            37.294462
          ]
        ]
      },
      "properties": {
        "building": "yes",
        "frequency": "60",
        "location": "indoor",
        "name": "마북변전소",
        "name:ko": "마북변전소",
        "power": "substation",
        "source": "Mapbox Satellite",
        "substation": "distribution",
        "voltage": "154000"
      }
    },
    {
      "type": "Feature",
      "geometry": {
        "type": "LineString",
        "coordinates": [
          [
            126.9544671,
            37.4004304
          ],
          [
            126.954757,
            37.3998672
          ],
          [
            126.9543197,
            37.3997252
          ],
          [
            126.9540298,
            37.4002884
          ],
          [
            126.9544671,
            37.4004304
          ]
        ]
      },
      "properties": {
        "frequency": "60",
        "location": "indoor",
        "name": "평촌변전소",
        "name:ko": "평촌변전소",
        "power": "substation",
        "substation": "distribution",
        "voltage": "154000"
      }
    },
    {
      "type": "Feature",
      "geometry": {
        "type": "LineString",
        "coordinates": [
          [
            127.2506261,
            37.0089207
          ],
          [
            127.2508643,
            37.0089227
          ],
          [
            127.2508697,
            37.0085222
          ],
          [
            127.2506315,
            37.0085201
          ],
          [
            127.2506261,
            37.0089207
          ]
        ]
      },
      "properties": {
        "building": "yes",
        "frequency": "60",
        "location": "indoor",
        "name": "남안성변전소",
        "name:ko": "남안성변전소",
        "power": "substation",
        "substation": "distribution",
        "voltage": "154000"
      }
    },
    {
      "type": "Feature",
      "geometry": {
        "type": "LineString",
        "coordinates": [
          [
            127.3536194,
            37.2550688
          ],
          [
            127.3537064,
            37.2550559
          ],
          [
            127.3537362,
            37.2551824
          ],
          [
            127.353147,
            37.2552701
          ],
          [
            127.3530996,
            37.2550681
          ],
          [
            127.3536017,
            37.2549934
          ],
          [
            127.3536194,
            37.2550688
          ]
        ]
      },
      "properties": {
        "building": "yes",
        "frequency": "60",
        "location": "indoor",
        "name": "오천변전소",
        "name:ko": "오천변전소",
        "power": "substation",
        "substation": "distribution",
        "voltage": "154000"
      }
    },
    {
      "type": "Feature",
      "geometry": {
        "type": "LineString",
        "coordinates": [
          [
            127.1992029,
            37.3515262
          ],
          [
            127.199189,
            37.3515956
          ],
          [
            127.1993486,
            37.351616
          ],
          [
            127.1994432,
            37.3511454
          ],
          [
            127.1991882,
            37.3511131
          ],
          [
            127.1991077,
            37.3515141
          ],
          [
            127.1992029,
            37.3515262
          ]
        ]
      },
      "properties": {
        "building": "yes",
        "frequency": "60",
        "location": "indoor",
        "name": "오포변전소",
        "name:en": "Opo Substation",
        "name:ko": "오포변전소",
        "power": "substation",
        "substation": "distribution",
        "voltage": "154000"
      }
    },
    {
      "type": "Feature",
      "geometry": {
        "type": "LineString",
        "coordinates": [
          [
            127.1183476,
            37.4216249
          ],
          [
            127.1184549,
            37.4217101
          ],
          [
            127.1199945,
            37.4216227
          ],
          [
            127.1194902,
            37.4206748
          ],
          [
            127.1190155,
            37.4199207
          ],
          [
            127.1188652,
            37.4198483
          ],
          [
            127.1187365,
            37.4200826
          ],
          [
            127.1183476,
            37.4216249
          ]
        ]
      },
      "properties": {
        "frequency": "60",
        "location": "indoor",
        "name": "중원변전소",
        "name:en": "Jungwon Substation",
        "name:ko": "중원변전소",
        "power": "substation",
        "substation": "distribution;traction",
        "voltage": "154000;55000;27500"
      }
    },
    {
      "type": "Feature",
      "geometry": {
        "type": "LineString",
        "coordinates": [
          [
            127.4835598,
            37.2817276
          ],
          [
            127.4836457,
            37.2810745
          ],
          [
            127.4838871,
            37.2805581
          ],
          [
            127.4840674,
            37.2805802
          ],
          [
            127.4843091,
            37.280662
          ],
          [
            127.4843713,
            37.2806845
          ],
          [
            127.4852979,
            37.281019
          ],
          [
            127.4851853,
            37.2816849
          ],
          [
            127.4849492,
            37.2821288
          ],
          [
            127.4835598,
            37.2817276
          ]
        ]
      },
      "properties": {
        "frequency": "60",
        "location": "outdoor",
        "name": "이천변전소",
        "name:en": "Icheon Substation",
        "name:ko": "이천변전소",
        "power": "substation",
        "substation": "distribution",
        "voltage": "154000"
      }
    },
    {
      "type": "Feature",
      "geometry": {
        "type": "LineString",
        "coordinates": [
          [
            127.4439888,
            37.2605726
          ],
          [
            127.4439076,
            37.2606008
          ],
          [
            127.4438428,
            37.2604829
          ],
          [
            127.4440281,
            37.2604184
          ],
          [
            127.44418,
            37.2603654
          ],
          [
            127.444392,
            37.2602916
          ],
          [
            127.4444954,
            37.26048
          ],
          [
            127.4440274,
            37.2606429
          ],
          [
            127.4439888,
            37.2605726
          ]
        ]
      },
      "properties": {
        "building": "yes",
        "frequency": "60",
        "location": "indoor",
        "name": "율현변전소",
        "name:en": "Yulhyeon Substation",
        "name:ko": "율현변전소",
        "power": "substation",
        "substation": "distribution",
        "voltage": "154000"
      }
    },
    {
      "type": "Feature",
      "geometry": {
        "type": "LineString",
        "coordinates": [
          [
            126.7523468,
            36.7866427
          ],
          [
            126.7525498,
            36.7867997
          ],
          [
            126.75292,
            36.7864925
          ],
          [
            126.7527169,
            36.7863356
          ],
          [
            126.7523468,
            36.7866427
          ]
        ]
      },
      "properties": {
        "building": "yes",
        "frequency": "60",
        "location": "indoor",
        "name": "합덕변전소",
        "name:en": "Habdeok Substation",
        "name:ko": "합덕변전소",
        "power": "substation",
        "substation": "distribution",
        "voltage": "154000"
      }
    },
    {
      "type": "Feature",
      "geometry": {
        "type": "LineString",
        "coordinates": [
          [
            126.7783975,
            36.1890599
          ],
          [
            126.7783393,
            36.1886257
          ],
          [
            126.7781949,
            36.1886384
          ],
          [
            126.7782038,
            36.1887052
          ],
          [
            126.7781169,
            36.1887127
          ],
          [
            126.7781662,
            36.1890802
          ],
          [
            126.7783975,
            36.1890599
          ]
        ]
      },
      "properties": {
        "building": "yes",
        "frequency": "60",
        "location": "indoor",
        "name": "옥산변전소",
        "name:en": "Oksan Substation",
        "name:ko": "옥산변전소",
        "power": "substation",
        "substation": "distribution",
        "voltage": "154000"
      }
    },
    {
      "type": "Feature",
      "geometry": {
        "type": "LineString",
        "coordinates": [
          [
            126.9442078,
            36.2985207
          ],
          [
            126.9442964,
            36.2986201
          ],
          [
            126.9453478,
            36.2986244
          ],
          [
            126.9454819,
            36.2985488
          ],
          [
            126.9456267,
            36.2983175
          ],
          [
            126.9455865,
            36.2980818
          ],
          [
            126.9454685,
            36.2976127
          ],
          [
            126.9454658,
            36.2974614
          ],
          [
            126.945101,
            36.2969772
          ],
          [
            126.9441918,
            36.297001
          ],
          [
            126.9440415,
            36.2973577
          ],
          [
            126.9440764,
            36.2978008
          ],
          [
            126.9442078,
            36.2985207
          ]
        ]
      },
      "properties": {
        "frequency": "60",
        "location": "outdoor",
        "name": "부여변전소",
        "name:en": "Buyeo Substation",
        "name:ko": "부여변전소",
        "power": "substation",
        "substation": "distribution",
        "voltage": "154000"
      }
    },
    {
      "type": "Feature",
      "geometry": {
        "type": "LineString",
        "coordinates": [
          [
            127.4945435,
            36.1094583
          ],
          [
            127.4952784,
            36.109194
          ],
          [
            127.4953294,
            36.1090553
          ],
          [
            127.4950826,
            36.1086175
          ],
          [
            127.4943745,
            36.1088646
          ],
          [
            127.4943209,
            36.1094562
          ],
          [
            127.4945435,
            36.1094583
          ]
        ]
      },
      "properties": {
        "frequency": "60",
        "location": "outdoor",
        "name": "금산변전소",
        "name:en": "Geumsan Substation",
        "name:ko": "금산변전소",
        "power": "substation",
        "substation": "distribution",
        "voltage": "154000"
      }
    },
    {
      "type": "Feature",
      "geometry": {
        "type": "LineString",
        "coordinates": [
          [
            127.4949676,
            36.222582
          ],
          [
            127.4952655,
            36.2223212
          ],
          [
            127.4947944,
            36.2219709
          ],
          [
            127.4944965,
            36.2222318
          ],
          [
            127.4949676,
            36.222582
          ]
        ]
      },
      "properties": {
        "frequency": "60",
        "location": "indoor",
        "name": "추부변전소",
        "name:en": "Chubu Substation",
        "name:ko": "추부변전소",
        "power": "substation",
        "substation": "distribution",
        "voltage": "154000"
      }
    },
    {
      "type": "Feature",
      "geometry": {
        "type": "LineString",
        "coordinates": [
          [
            126.5576237,
            37.0080811
          ],
          [
            126.557668,
            37.0076698
          ],
          [
            126.5574215,
            37.0076529
          ],
          [
            126.5573773,
            37.0080642
          ],
          [
            126.5576237,
            37.0080811
          ]
        ]
      },
      "properties": {
        "building": "yes",
        "frequency": "60",
        "location": "indoor",
        "name": "석문변전소",
        "name:en": "Seokmun Substation",
        "name:ko": "석문변전소",
        "power": "substation",
        "substation": "distribution",
        "voltage": "154000"
      }
    },
    {
      "type": "Feature",
      "geometry": {
        "type": "LineString",
        "coordinates": [
          [
            126.4153621,
            36.9782731
          ],
          [
            126.4161234,
            36.9780415
          ],
          [
            126.4156648,
            36.9770794
          ],
          [
            126.4149034,
            36.977311
          ],
          [
            126.4153621,
            36.9782731
          ]
        ]
      },
      "properties": {
        "frequency": "60",
        "location": "outdoor",
        "name": "대산변전소",
        "name:en": "Daesan Substation",
        "name:ko": "대산변전소",
        "power": "substation",
        "substation": "distribution",
        "voltage": "154000"
      }
    },
    {
      "type": "Feature",
      "geometry": {
        "type": "LineString",
        "coordinates": [
          [
            128.6544157,
            35.2229218
          ],
          [
            128.6558368,
            35.2246071
          ],
          [
            128.6570738,
            35.2239111
          ],
          [
            128.6567537,
            35.2235315
          ],
          [
            128.6556526,
            35.2222257
          ],
          [
            128.6544157,
            35.2229218
          ]
        ]
      },
      "properties": {
        "frequency": "60",
        "location": "outdoor",
        "name": "창공변전소",
        "name:en": "Changgong Substation",
        "name:ko": "창공변전소",
        "power": "substation",
        "substation": "distribution",
        "voltage": "154000"
      }
    },
    {
      "type": "Feature",
      "geometry": {
        "type": "LineString",
        "coordinates": [
          [
            128.6286955,
            35.2459794
          ],
          [
            128.629126,
            35.2457199
          ],
          [
            128.6290317,
            35.2456156
          ],
          [
            128.6289688,
            35.2456535
          ],
          [
            128.6289288,
            35.2456092
          ],
          [
            128.6285612,
            35.2458309
          ],
          [
            128.6286955,
            35.2459794
          ]
        ]
      },
      "properties": {
        "building": "yes",
        "frequency": "60",
        "location": "indoor",
        "name": "차룡변전소",
        "name:en": "Charyong Substation",
        "name:ko": "차룡변전소",
        "power": "substation",
        "substation": "distribution",
        "voltage": "154000"
      }
    },
    {
      "type": "Feature",
      "geometry": {
        "type": "LineString",
        "coordinates": [
          [
            128.712099,
            35.155134
          ],
          [
            128.7108448,
            35.1546527
          ],
          [
            128.7110326,
            35.1542975
          ],
          [
            128.711113,
            35.1538852
          ],
          [
            128.7113839,
            35.1538326
          ],
          [
            128.7115851,
            35.1536001
          ],
          [
            128.7121537,
            35.1536154
          ],
          [
            128.7127492,
            35.1537624
          ],
          [
            128.712894,
            35.1544312
          ],
          [
            128.7126258,
            35.1545124
          ],
          [
            128.7126043,
            35.1546878
          ],
          [
            128.7123924,
            35.1548698
          ],
          [
            128.7122235,
            35.1551198
          ],
          [
            128.712099,
            35.155134
          ]
        ]
      },
      "properties": {
        "frequency": "60",
        "location": "outdoor",
        "name": "진해변전소",
        "name:ko": "진해변전소",
        "power": "substation",
        "substation": "distribution",
        "voltage": "154000"
      }
    },
    {
      "type": "Feature",
      "geometry": {
        "type": "LineString",
        "coordinates": [
          [
            128.6317072,
            35.2051614
          ],
          [
            128.6318501,
            35.2048781
          ],
          [
            128.6329964,
            35.205264
          ],
          [
            128.6327389,
            35.2057747
          ],
          [
            128.6318974,
            35.2054914
          ],
          [
            128.632012,
            35.205264
          ],
          [
            128.6317072,
            35.2051614
          ]
        ]
      },
      "properties": {
        "frequency": "60",
        "location": "outdoor",
        "name": "월림변전소",
        "name:en": "Wollim Substation",
        "name:ko": "월림변전소",
        "power": "substation",
        "substation": "distribution",
        "voltage": "154000"
      }
    },
    {
      "type": "Feature",
      "geometry": {
        "type": "LineString",
        "coordinates": [
          [
            128.6542261,
            35.2066141
          ],
          [
            128.6547652,
            35.2062897
          ],
          [
            128.654315,
            35.2057902
          ],
          [
            128.6537759,
            35.2061145
          ],
          [
            128.6542261,
            35.2066141
          ]
        ]
      },
      "properties": {
        "frequency": "60",
        "location": "outdoor",
        "name": "완암변전소",
        "name:en": "Wanam Substation",
        "name:ko": "완암변전소",
        "power": "substation",
        "substation": "distribution",
        "voltage": "154000"
      }
    },
    {
      "type": "Feature",
      "geometry": {
        "type": "LineString",
        "coordinates": [
          [
            128.6794201,
            35.2025661
          ],
          [
            128.6790804,
            35.2021711
          ],
          [
            128.6784581,
            35.2025283
          ],
          [
            128.6787978,
            35.2029234
          ],
          [
            128.6794201,
            35.2025661
          ]
        ]
      },
      "properties": {
        "frequency": "60",
        "location": "outdoor",
        "name": "안민변전소",
        "name:en": "Anmin Substation",
        "name:ko": "안민변전소",
        "power": "substation",
        "substation": "distribution",
        "voltage": "154000"
      }
    },
    {
      "type": "Feature",
      "geometry": {
        "type": "LineString",
        "coordinates": [
          [
            128.6763529,
            35.2891747
          ],
          [
            128.6765837,
            35.2888086
          ],
          [
            128.6758434,
            35.2884978
          ],
          [
            128.6756127,
            35.2888638
          ],
          [
            128.6763529,
            35.2891747
          ]
        ]
      },
      "properties": {
        "frequency": "60",
        "location": "indoor",
        "name": "동읍변전소",
        "name:en": "East-Eupbyeon Substation",
        "name:ko": "동읍변전소",
        "power": "substation",
        "substation": "distribution",
        "voltage": "154000"
      }
    },
    {
      "type": "Feature",
      "geometry": {
        "type": "LineString",
        "coordinates": [
          [
            127.3727891,
            36.3278629
          ],
          [
            127.3724104,
            36.3276529
          ],
          [
            127.3723793,
            36.3276893
          ],
          [
            127.372306,
            36.3276487
          ],
          [
            127.3722146,
            36.3277555
          ],
          [
            127.3726666,
            36.3280062
          ],
          [
            127.3727891,
            36.3278629
          ]
        ]
      },
      "properties": {
        "building": "yes",
        "frequency": "60",
        "location": "indoor",
        "name": "서대전변전소",
        "name:en": "East-Daejeon Substation",
        "name:ko": "서대전변전소",
        "power": "substation",
        "substation": "distribution",
        "voltage": "154000"
      }
    },
    {
      "type": "Feature",
      "geometry": {
        "type": "LineString",
        "coordinates": [
          [
            127.454751,
            36.3040764
          ],
          [
            127.4548119,
            36.3041052
          ],
          [
            127.4550418,
            36.3037904
          ],
          [
            127.4548446,
            36.3036969
          ],
          [
            127.4545724,
            36.3040698
          ],
          [
            127.4547087,
            36.3041344
          ],
          [
            127.454751,
            36.3040764
          ]
        ]
      },
      "properties": {
        "building": "yes",
        "frequency": "60",
        "location": "indoor",
        "name": "남대전변전소",
        "name:en": "South-Daejeon Substation",
        "name:ko": "남대전변전소",
        "power": "substation",
        "substation": "distribution",
        "voltage": "154000"
      }
    },
    {
      "type": "Feature",
      "geometry": {
        "type": "LineString",
        "coordinates": [
          [
            128.7038979,
            35.227531
          ],
          [
            128.7041164,
            35.2276087
          ],
          [
            128.7042693,
            35.2273217
          ],
          [
            128.7040508,
            35.227244
          ],
          [
            128.7038979,
            35.227531
          ]
        ]
      },
      "properties": {
        "frequency": "60",
        "location": "outdoor",
        "name": "신월변전소",
        "name:en": "Shin-Wolbyeon Substation",
        "name:ko": "신월변전소",
        "power": "substation",
        "substation": "distribution",
        "voltage": "154000"
      }
    },
    {
      "type": "Feature",
      "geometry": {
        "type": "LineString",
        "coordinates": [
          [
            126.7465451,
            36.6700368
          ],
          [
            126.7465371,
            36.6704477
          ],
          [
            126.7466654,
            36.6704493
          ],
          [
            126.7466661,
            36.6704119
          ],
          [
            126.7467704,
            36.6704133
          ],
          [
            126.7467778,
            36.6700397
          ],
          [
            126.7465451,
            36.6700368
          ]
        ]
      },
      "properties": {
        "building": "yes",
        "frequency": "60",
        "location": "indoor",
        "name": "응봉변전소",
        "name:ko": "응봉변전소",
        "power": "substation",
        "substation": "distribution",
        "voltage": "154000"
      }
    },
    {
      "type": "Feature",
      "geometry": {
        "type": "LineString",
        "coordinates": [
          [
            126.712347,
            36.0358108
          ],
          [
            126.7120197,
            36.0360971
          ],
          [
            126.7112634,
            36.0356785
          ],
          [
            126.7115852,
            36.0353293
          ],
          [
            126.7118481,
            36.0354096
          ],
          [
            126.712347,
            36.0358108
          ]
        ]
      },
      "properties": {
        "frequency": "60",
        "location": "outdoor",
        "name": "장항변전소",
        "name:en": "Janghang Substation",
        "name:ko": "장항변전소",
        "power": "substation",
        "substation": "distribution",
        "voltage": "154000"
      }
    },
    {
      "type": "Feature",
      "geometry": {
        "type": "LineString",
        "coordinates": [
          [
            129.0197984,
            35.1504686
          ],
          [
            129.0198925,
            35.150487
          ],
          [
            129.0199466,
            35.1503018
          ],
          [
            129.0195201,
            35.1502184
          ],
          [
            129.019466,
            35.1504036
          ],
          [
            129.0194439,
            35.1504791
          ],
          [
            129.0197763,
            35.1505441
          ],
          [
            129.0197984,
            35.1504686
          ]
        ]
      },
      "properties": {
        "building": "yes",
        "frequency": "60",
        "location": "indoor",
        "name": "개금변전소",
        "name:ko": "개금변전소",
        "power": "substation",
        "substation": "distribution",
        "voltage": "154000"
      }
    },
    {
      "type": "Feature",
      "geometry": {
        "type": "LineString",
        "coordinates": [
          [
            128.4328495,
            34.8478232
          ],
          [
            128.432567,
            34.848146
          ],
          [
            128.4326414,
            34.8481982
          ],
          [
            128.4326074,
            34.8482309
          ],
          [
            128.4327547,
            34.8483342
          ],
          [
            128.4330713,
            34.8479787
          ],
          [
            128.4328495,
            34.8478232
          ]
        ]
      },
      "properties": {
        "building": "yes",
        "frequency": "60",
        "location": "indoor",
        "name": "통영변전소",
        "name:en": "Tongyeong Substation",
        "name:ko": "통영변전소",
        "power": "substation",
        "substation": "distribution",
        "voltage": "154000"
      }
    },
    {
      "type": "Feature",
      "geometry": {
        "type": "LineString",
        "coordinates": [
          [
            128.4689203,
            35.1225061
          ],
          [
            128.4692663,
            35.1226005
          ],
          [
            128.4693655,
            35.1225829
          ],
          [
            128.4696391,
            35.1226553
          ],
          [
            128.4700522,
            35.1217119
          ],
          [
            128.4693226,
            35.1215233
          ],
          [
            128.4689203,
            35.1225061
          ]
        ]
      },
      "properties": {
        "frequency": "60",
        "location": "indoor",
        "name": "진동변전소",
        "name:en": "Jindong Substation",
        "name:ko": "진동변전소",
        "power": "substation",
        "substation": "distribution",
        "voltage": "154000"
      }
    },
    {
      "type": "Feature",
      "geometry": {
        "type": "LineString",
        "coordinates": [
          [
            128.1048681,
            34.9304917
          ],
          [
            128.1049542,
            34.9304958
          ],
          [
            128.1049612,
            34.9303955
          ],
          [
            128.1044152,
            34.9303699
          ],
          [
            128.1044029,
            34.9305461
          ],
          [
            128.1048628,
            34.9305677
          ],
          [
            128.1048681,
            34.9304917
          ]
        ]
      },
      "properties": {
        "building": "yes",
        "frequency": "60",
        "location": "indoor",
        "name": "삼천포변전소",
        "name:en": "Samcheonpo Substation",
        "name:ko": "삼천포변전소",
        "power": "substation",
        "substation": "distribution",
        "voltage": "154000"
      }
    },
    {
      "type": "Feature",
      "geometry": {
        "type": "LineString",
        "coordinates": [
          [
            128.4128791,
            34.9523591
          ],
          [
            128.412956,
            34.9523599
          ],
          [
            128.4129616,
            34.9520029
          ],
          [
            128.4127253,
            34.9520004
          ],
          [
            128.4127186,
            34.9524291
          ],
          [
            128.4128779,
            34.9524308
          ],
          [
            128.4128791,
            34.9523591
          ]
        ]
      },
      "properties": {
        "building": "yes",
        "frequency": "60",
        "location": "indoor",
        "name": "안정변전소",
        "name:en": "Anjeong Substation",
        "name:ko": "안정변전소",
        "power": "substation",
        "substation": "distribution",
        "voltage": "154000"
      }
    },
    {
      "type": "Feature",
      "geometry": {
        "type": "LineString",
        "coordinates": [
          [
            128.6975729,
            34.866721
          ],
          [
            128.6976309,
            34.8666836
          ],
          [
            128.6973516,
            34.8663922
          ],
          [
            128.6971747,
            34.8665064
          ],
          [
            128.6975035,
            34.8668495
          ],
          [
            128.6976225,
            34.8667727
          ],
          [
            128.6975729,
            34.866721
          ]
        ]
      },
      "properties": {
        "building": "yes",
        "frequency": "60",
        "location": "indoor",
        "name": "아주변전소",
        "name:en": "Aju Substation",
        "name:ko": "아주변전소",
        "power": "substation",
        "substation": "distribution",
        "voltage": "154000"
      }
    },
    {
      "type": "Feature",
      "geometry": {
        "type": "LineString",
        "coordinates": [
          [
            128.1199488,
            35.1839127
          ],
          [
            128.1222904,
            35.1840048
          ],
          [
            128.1223528,
            35.1829439
          ],
          [
            128.1200112,
            35.1828518
          ],
          [
            128.1199488,
            35.1839127
          ]
        ]
      },
      "properties": {
        "frequency": "60",
        "location": "outdoor",
        "name": "진주변전소",
        "name:en": "Jinju Substation",
        "name:ko": "진주변전소",
        "power": "substation",
        "substation": "distribution",
        "voltage": "154000"
      }
    },
    {
      "type": "Feature",
      "geometry": {
        "type": "LineString",
        "coordinates": [
          [
            128.8038558,
            35.2922375
          ],
          [
            128.8039094,
            35.2916136
          ],
          [
            128.8037699,
            35.2914953
          ],
          [
            128.8033971,
            35.2915019
          ],
          [
            128.8034159,
            35.2921718
          ],
          [
            128.8034776,
            35.2922506
          ],
          [
            128.8038558,
            35.2922375
          ]
        ]
      },
      "properties": {
        "frequency": "60",
        "location": "indoor",
        "name": "한림정변전소",
        "name:en": "Hanlim Substation",
        "name:ko": "한림정변전소",
        "power": "substation",
        "substation": "distribution",
        "voltage": "154000"
      }
    },
    {
      "type": "Feature",
      "geometry": {
        "type": "LineString",
        "coordinates": [
          [
            128.6896688,
            35.4137028
          ],
          [
            128.6895052,
            35.4140044
          ],
          [
            128.6897895,
            35.4142165
          ],
          [
            128.6904627,
            35.414047
          ],
          [
            128.6907095,
            35.4139574
          ],
          [
            128.6907309,
            35.4137421
          ],
          [
            128.6904801,
            35.4136853
          ],
          [
            128.6900845,
            35.4135552
          ],
          [
            128.6899169,
            35.4135432
          ],
          [
            128.6897881,
            35.4135858
          ],
          [
            128.6896688,
            35.4137028
          ]
        ]
      },
      "properties": {
        "frequency": "60",
        "location": "indoor",
        "name": "초동변전소",
        "name:en": "Chodong Substation",
        "name:ko": "초동변전소",
        "power": "substation",
        "substation": "distribution",
        "voltage": "154000"
      }
    },
    {
      "type": "Feature",
      "geometry": {
        "type": "LineString",
        "coordinates": [
          [
            128.4932546,
            35.2326797
          ],
          [
            128.4937857,
            35.2324869
          ],
          [
            128.4936575,
            35.2322514
          ],
          [
            128.4932318,
            35.2324059
          ],
          [
            128.493272,
            35.2324797
          ],
          [
            128.4931666,
            35.2325179
          ],
          [
            128.4932546,
            35.2326797
          ]
        ]
      },
      "properties": {
        "building": "yes",
        "frequency": "60",
        "location": "indoor",
        "name": "중리변전소",
        "name:en": "Jungni Substation",
        "name:ko": "중리변전소",
        "power": "substation",
        "substation": "distribution",
        "voltage": "154000"
      }
    },
    {
      "type": "Feature",
      "geometry": {
        "type": "LineString",
        "coordinates": [
          [
            128.5585383,
            35.1791906
          ],
          [
            128.5593376,
            35.1791841
          ],
          [
            128.5593724,
            35.1785242
          ],
          [
            128.5593268,
            35.1785088
          ],
          [
            128.5587743,
            35.1787456
          ],
          [
            128.5585383,
            35.1789363
          ],
          [
            128.5585383,
            35.1791906
          ]
        ]
      },
      "properties": {
        "frequency": "60",
        "location": "outdoor",
        "name": "서마산변전소",
        "name:en": "Seo-Masan Substation",
        "name:ko": "서마산변전소",
        "power": "substation",
        "substation": "distribution",
        "voltage": "154000"
      }
    },
    {
      "type": "Feature",
      "geometry": {
        "type": "LineString",
        "coordinates": [
          [
            128.576733,
            35.225237
          ],
          [
            128.5768464,
            35.2250712
          ],
          [
            128.5766063,
            35.2249617
          ],
          [
            128.576493,
            35.2251275
          ],
          [
            128.576733,
            35.225237
          ]
        ]
      },
      "properties": {
        "frequency": "60",
        "location": "outdoor",
        "name": "마산변전소",
        "name:en": "Masan Substation",
        "name:ko": "마산변전소",
        "power": "substation",
        "substation": "distribution",
        "voltage": "154000"
      }
    },
    {
      "type": "Feature",
      "geometry": {
        "type": "LineString",
        "coordinates": [
          [
            128.7180304,
            35.3851358
          ],
          [
            128.7185795,
            35.3851278
          ],
          [
            128.7185674,
            35.3842903
          ],
          [
            128.7180117,
            35.3842928
          ],
          [
            128.7180304,
            35.3851358
          ]
        ]
      },
      "properties": {
        "frequency": "60",
        "location": "indoor",
        "name": "수산변전소",
        "name:en": "Susan Substation",
        "name:ko": "수산변전소",
        "power": "substation",
        "substation": "distribution",
        "voltage": "154000"
      }
    },
    {
      "type": "Feature",
      "geometry": {
        "type": "LineString",
        "coordinates": [
          [
            128.7083879,
            35.18695
          ],
          [
            128.7087259,
            35.1866189
          ],
          [
            128.7085185,
            35.1864775
          ],
          [
            128.7081805,
            35.1868085
          ],
          [
            128.7083879,
            35.18695
          ]
        ]
      },
      "properties": {
        "building": "yes",
        "frequency": "60",
        "location": "indoor",
        "name": "천선변전소",
        "name:en": "Cheonseon Substation",
        "name:ko": "천선변전소",
        "power": "substation",
        "substation": "distribution",
        "voltage": "154000"
      }
    },
    {
      "type": "Feature",
      "geometry": {
        "type": "LineString",
        "coordinates": [
          [
            128.8623416,
            35.950265
          ],
          [
            128.8628535,
            35.9503168
          ],
          [
            128.8629483,
            35.9497029
          ],
          [
            128.8624364,
            35.9496511
          ],
          [
            128.8623416,
            35.950265
          ]
        ]
      },
      "properties": {
        "frequency": "60",
        "location": "indoor",
        "name": "청통변전소",
        "name:ko": "청통변전소",
        "power": "substation",
        "substation": "distribution",
        "voltage": "154000"
      }
    },
    {
      "type": "Feature",
      "geometry": {
        "type": "LineString",
        "coordinates": [
          [
            129.4459753,
            35.7694992
          ],
          [
            129.4455166,
            35.7692958
          ],
          [
            129.4459753,
            35.768632
          ],
          [
            129.446611,
            35.7689378
          ],
          [
            129.4459753,
            35.7694992
          ]
        ]
      },
      "properties": {
        "frequency": "60",
        "location": "indoor",
        "name": "양북변전소",
        "name:en": "Yangbuk Substation",
        "name:ko": "양북변전소",
        "power": "substation",
        "substation": "distribution",
        "voltage": "154000"
      }
    },
    {
      "type": "Feature",
      "geometry": {
        "type": "LineString",
        "coordinates": [
          [
            129.0332897,
            35.90312
          ],
          [
            129.0331431,
            35.903459
          ],
          [
            129.0332205,
            35.903481
          ],
          [
            129.0331928,
            35.903545
          ],
          [
            129.0333684,
            35.9035948
          ],
          [
            129.0335427,
            35.9031918
          ],
          [
            129.0332897,
            35.90312
          ]
        ]
      },
      "properties": {
        "building": "yes",
        "frequency": "60",
        "location": "indoor",
        "name": "아화변전소",
        "name:en": "Ahwa Substation",
        "name:ko": "아화변전소",
        "power": "substation",
        "substation": "distribution",
        "voltage": "154000"
      }
    },
    {
      "type": "Feature",
      "geometry": {
        "type": "LineString",
        "coordinates": [
          [
            129.3572813,
            36.0519831
          ],
          [
            129.3574548,
            36.0513495
          ],
          [
            129.3569519,
            36.0512595
          ],
          [
            129.3567784,
            36.0518932
          ],
          [
            129.3572813,
            36.0519831
          ]
        ]
      },
      "properties": {
        "frequency": "60",
        "location": "indoor",
        "name": "북포항변전소",
        "name:en": "North-Pohang Substation",
        "name:ko": "북포항변전소",
        "power": "substation",
        "substation": "distribution",
        "voltage": "154000"
      }
    },
    {
      "type": "Feature",
      "geometry": {
        "type": "LineString",
        "coordinates": [
          [
            129.347109,
            36.0106197
          ],
          [
            129.3465247,
            36.0107193
          ],
          [
            129.3465632,
            36.010867
          ],
          [
            129.3466787,
            36.0108473
          ],
          [
            129.3466807,
            36.010847
          ],
          [
            129.346704,
            36.0109364
          ],
          [
            129.3471708,
            36.0108569
          ],
          [
            129.347109,
            36.0106197
          ]
        ]
      },
      "properties": {
        "building": "yes",
        "frequency": "60",
        "location": "indoor",
        "name": "남포항변전소",
        "name:ko": "남포항변전소",
        "power": "substation",
        "substation": "distribution",
        "voltage": "154000"
      }
    },
    {
      "type": "Feature",
      "geometry": {
        "type": "LineString",
        "coordinates": [
          [
            129.2429403,
            35.847874
          ],
          [
            129.242729,
            35.8479079
          ],
          [
            129.2422786,
            35.848118
          ],
          [
            129.2418226,
            35.8474687
          ],
          [
            129.241785,
            35.8473806
          ],
          [
            129.2417166,
            35.8470569
          ],
          [
            129.2434269,
            35.8464456
          ],
          [
            129.2435959,
            35.8467022
          ],
          [
            129.2436344,
            35.8468319
          ],
          [
            129.243516,
            35.8469241
          ],
          [
            129.2435885,
            35.8473545
          ],
          [
            129.2435237,
            35.8474537
          ],
          [
            129.2433363,
            35.8476431
          ],
          [
            129.2429403,
            35.847874
          ]
        ]
      },
      "properties": {
        "fixme": "location to indoor after 2021-05",
        "frequency": "60",
        "location": "outdoor",
        "name": "경주변전소",
        "name:ko": "경주변전소",
        "power": "substation",
        "substation": "distribution",
        "voltage": "154000"
      }
    },
    {
      "type": "Feature",
      "geometry": {
        "type": "LineString",
        "coordinates": [
          [
            129.1262184,
            35.8275509
          ],
          [
            129.1259167,
            35.827178
          ],
          [
            129.1257913,
            35.8272446
          ],
          [
            129.1258316,
            35.8272944
          ],
          [
            129.1257235,
            35.8273519
          ],
          [
            129.125985,
            35.8276751
          ],
          [
            129.1262184,
            35.8275509
          ]
        ]
      },
      "properties": {
        "building": "yes",
        "frequency": "60",
        "location": "indoor",
        "name": "건천변전소",
        "name:en": "Geoncheon Substation",
        "name:ko": "건천변전소",
        "power": "substation",
        "substation": "traction",
        "voltage": "154000;25000"
      }
    },
    {
      "type": "Feature",
      "geometry": {
        "type": "LineString",
        "coordinates": [
          [
            128.3799474,
            35.2699894
          ],
          [
            128.3808447,
            35.2701902
          ],
          [
            128.3810633,
            35.2696526
          ],
          [
            128.3801553,
            35.2694288
          ],
          [
            128.3799474,
            35.2699894
          ]
        ]
      },
      "properties": {
        "frequency": "60",
        "location": "outdoor",
        "name": "가야변전소",
        "name:en": "Gaya Substation",
        "name:ko": "가야변전소",
        "power": "substation",
        "substation": "distribution",
        "voltage": "154000"
      }
    },
    {
      "type": "Feature",
      "geometry": {
        "type": "LineString",
        "coordinates": [
          [
            129.3460643,
            36.154862
          ],
          [
            129.3459678,
            36.1554034
          ],
          [
            129.3462645,
            36.1554379
          ],
          [
            129.3463406,
            36.1550114
          ],
          [
            129.3461846,
            36.1549933
          ],
          [
            129.3462051,
            36.1548784
          ],
          [
            129.3460643,
            36.154862
          ]
        ]
      },
      "properties": {
        "building": "yes",
        "frequency": "60",
        "location": "indoor",
        "name": "청하변전소",
        "name:en": "Cheongha Substation",
        "name:ko": "청하변전소",
        "power": "substation",
        "substation": "distribution",
        "voltage": "154000"
      }
    },
    {
      "type": "Feature",
      "geometry": {
        "type": "LineString",
        "coordinates": [
          [
            128.1254621,
            36.1603129
          ],
          [
            128.1261796,
            36.1603148
          ],
          [
            128.1261822,
            36.1596695
          ],
          [
            128.1254648,
            36.1596675
          ],
          [
            128.1254621,
            36.1603129
          ]
        ]
      },
      "properties": {
        "frequency": "60",
        "location": "outdoor",
        "name": "어모변전소",
        "name:ko": "어모변전소",
        "power": "substation",
        "substation": "distribution",
        "voltage": "154000"
      }
    },
    {
      "type": "Feature",
      "geometry": {
        "type": "LineString",
        "coordinates": [
          [
            128.1824389,
            36.1314713
          ],
          [
            128.183147,
            36.1314735
          ],
          [
            128.1831604,
            36.1310229
          ],
          [
            128.1823665,
            36.1310077
          ],
          [
            128.1823209,
            36.131233
          ],
          [
            128.1824389,
            36.1314713
          ]
        ]
      },
      "properties": {
        "frequency": "60",
        "location": "indoor",
        "name": "농소변전소",
        "name:ko": "농소변전소",
        "power": "substation",
        "substation": "distribution",
        "voltage": "154000"
      }
    },
    {
      "type": "Feature",
      "geometry": {
        "type": "LineString",
        "coordinates": [
          [
            128.3570678,
            36.0818186
          ],
          [
            128.3580206,
            36.0818065
          ],
          [
            128.3580013,
            36.080817
          ],
          [
            128.3572553,
            36.0808265
          ],
          [
            128.3572648,
            36.0813121
          ],
          [
            128.357058,
            36.0813147
          ],
          [
            128.3570678,
            36.0818186
          ]
        ]
      },
      "properties": {
        "frequency": "60",
        "location": "indoor",
        "name": "남구미변전소",
        "name:en": "South-Gumi Substation",
        "name:ko": "남구미변전소",
        "power": "substation",
        "substation": "distribution",
        "voltage": "154000"
      }
    },
    {
      "type": "Feature",
      "geometry": {
        "type": "LineString",
        "coordinates": [
          [
            128.0979024,
            36.0812191
          ],
          [
            128.09761,
            36.0807
          ],
          [
            128.0971634,
            36.0808831
          ],
          [
            128.0971353,
            36.0809796
          ],
          [
            128.0973619,
            36.0813958
          ],
          [
            128.0975738,
            36.0814001
          ],
          [
            128.0979024,
            36.0812191
          ]
        ]
      },
      "properties": {
        "frequency": "60",
        "location": "indoor",
        "name": "금릉변전소",
        "name:en": "Geumneung Substation",
        "name:ko": "금릉변전소",
        "power": "substation",
        "substation": "distribution",
        "voltage": "154000"
      }
    },
    {
      "type": "Feature",
      "geometry": {
        "type": "LineString",
        "coordinates": [
          [
            128.1357872,
            36.133382
          ],
          [
            128.1360581,
            36.1328318
          ],
          [
            128.1352696,
            36.1325133
          ],
          [
            128.134937,
            36.1324245
          ],
          [
            128.1347921,
            36.1325111
          ],
          [
            128.1343308,
            36.13247
          ],
          [
            128.134025,
            36.1331394
          ],
          [
            128.135055,
            36.1334296
          ],
          [
            128.1353849,
            36.133317
          ],
          [
            128.1357872,
            36.133382
          ]
        ]
      },
      "properties": {
        "frequency": "60",
        "location": "outdoor",
        "name": "김천변전소",
        "name:en": "Gimcheon Substation",
        "name:ko": "김천변전소",
        "power": "substation",
        "substation": "distribution",
        "voltage": "154000"
      }
    },
    {
      "type": "Feature",
      "geometry": {
        "type": "LineString",
        "coordinates": [
          [
            128.3709875,
            36.0993316
          ],
          [
            128.3723798,
            36.0993393
          ],
          [
            128.3723849,
            36.0987269
          ],
          [
            128.3709926,
            36.0987192
          ],
          [
            128.3709875,
            36.0993316
          ]
        ]
      },
      "properties": {
        "frequency": "60",
        "location": "outdoor",
        "name": "광평변전소",
        "name:ko": "광평변전소",
        "power": "substation",
        "substation": "distribution",
        "voltage": "154000"
      }
    },
    {
      "type": "Feature",
      "geometry": {
        "type": "LineString",
        "coordinates": [
          [
            128.4764117,
            35.6912149
          ],
          [
            128.4768538,
            35.6915869
          ],
          [
            128.4769853,
            35.6915717
          ],
          [
            128.4772776,
            35.6913429
          ],
          [
            128.4767818,
            35.6909252
          ],
          [
            128.4764117,
            35.6912149
          ]
        ]
      },
      "properties": {
        "frequency": "60",
        "location": "indoor",
        "name": "현풍변전소",
        "name:en": "Hyeonpung Substation",
        "name:ko": "현풍변전소",
        "power": "substation",
        "substation": "distribution",
        "voltage": "154000"
      }
    },
    {
      "type": "Feature",
      "geometry": {
        "type": "LineString",
        "coordinates": [
          [
            128.5912331,
            35.8926826
          ],
          [
            128.5915518,
            35.892781
          ],
          [
            128.591632,
            35.8926105
          ],
          [
            128.5913133,
            35.8925121
          ],
          [
            128.5912331,
            35.8926826
          ]
        ]
      },
      "properties": {
        "building": "yes",
        "frequency": "60",
        "location": "indoor",
        "name": "침산변전소",
        "name:ko": "침산변전소",
        "power": "substation",
        "substation": "distribution",
        "voltage": "154000"
      }
    },
    {
      "type": "Feature",
      "geometry": {
        "type": "LineString",
        "coordinates": [
          [
            128.2513824,
            35.665841
          ],
          [
            128.2508942,
            35.6655468
          ],
          [
            128.2512483,
            35.6651132
          ],
          [
            128.2515728,
            35.6649432
          ],
          [
            128.2519484,
            35.6652156
          ],
          [
            128.2513824,
            35.665841
          ]
        ]
      },
      "properties": {
        "frequency": "60",
        "location": "indoor",
        "name": "쌍림변전소",
        "name:en": "Ssangnim Substation",
        "name:ko": "쌍림변전소",
        "power": "substation",
        "substation": "distribution",
        "voltage": "154000"
      }
    },
    {
      "type": "Feature",
      "geometry": {
        "type": "LineString",
        "coordinates": [
          [
            128.4936234,
            35.8316403
          ],
          [
            128.4936277,
            35.8305014
          ],
          [
            128.4925896,
            35.8304989
          ],
          [
            128.4925853,
            35.8316378
          ],
          [
            128.4936234,
            35.8316403
          ]
        ]
      },
      "properties": {
        "frequency": "60",
        "location": "outdoor",
        "name": "성서변전소",
        "name:en": "Seongseo Substation",
        "name:ko": "성서변전소",
        "power": "substation",
        "substation": "distribution",
        "voltage": "154000"
      }
    },
    {
      "type": "Feature",
      "geometry": {
        "type": "LineString",
        "coordinates": [
          [
            128.424814,
            35.869432
          ],
          [
            128.4252445,
            35.8689896
          ],
          [
            128.4250367,
            35.8686919
          ],
          [
            128.42489,
            35.868763
          ],
          [
            128.4245091,
            35.8691673
          ],
          [
            128.4245389,
            35.8692561
          ],
          [
            128.424814,
            35.869432
          ]
        ]
      },
      "properties": {
        "frequency": "60",
        "location": "indoor",
        "name": "다사변전소",
        "name:ko": "다사변전소",
        "power": "substation",
        "substation": "distribution",
        "voltage": "154000"
      }
    },
    {
      "type": "Feature",
      "geometry": {
        "type": "LineString",
        "coordinates": [
          [
            128.4303823,
            35.6356328
          ],
          [
            128.4313211,
            35.6356328
          ],
          [
            128.4313211,
            35.6349527
          ],
          [
            128.4303823,
            35.6349527
          ],
          [
            128.4303823,
            35.6356328
          ]
        ]
      },
      "properties": {
        "frequency": "60",
        "location": "outdoor",
        "name": "구지변전소",
        "name:en": "Guji Substation",
        "name:ko": "구지변전소",
        "power": "substation",
        "substation": "distribution",
        "voltage": "154000"
      }
    },
    {
      "type": "Feature",
      "geometry": {
        "type": "LineString",
        "coordinates": [
          [
            129.4116404,
            36.093047
          ],
          [
            129.4113198,
            36.0925301
          ],
          [
            129.4105578,
            36.0928386
          ],
          [
            129.4108783,
            36.0933555
          ],
          [
            129.4116404,
            36.093047
          ]
        ]
      },
      "properties": {
        "frequency": "60",
        "location": "indoor",
        "name": "흥해변전소",
        "name:en": "Heunghae Substation",
        "name:ko": "흥해변전소",
        "power": "substation",
        "substation": "distribution",
        "voltage": "154000"
      }
    },
    {
      "type": "Feature",
      "geometry": {
        "type": "LineString",
        "coordinates": [
          [
            129.3698555,
            35.9832631
          ],
          [
            129.3704647,
            35.9829363
          ],
          [
            129.3703252,
            35.9825933
          ],
          [
            129.3696168,
            35.9829658
          ],
          [
            129.3698555,
            35.9832631
          ]
        ]
      },
      "properties": {
        "frequency": "60",
        "location": "indoor",
        "name": "포항변전소",
        "name:en": "Pohang Substation",
        "name:ko": "포항변전소",
        "power": "substation",
        "substation": "distribution",
        "voltage": "154000"
      }
    },
    {
      "type": "Feature",
      "geometry": {
        "type": "LineString",
        "coordinates": [
          [
            129.2846672,
            35.7099689
          ],
          [
            129.2853405,
            35.7100462
          ],
          [
            129.2853908,
            35.7097569
          ],
          [
            129.2847176,
            35.7096796
          ],
          [
            129.2846672,
            35.7099689
          ]
        ]
      },
      "properties": {
        "frequency": "60",
        "location": "indoor",
        "name": "입실변전소",
        "name:en": "Ibsil Substation",
        "name:ko": "입실변전소",
        "power": "substation",
        "substation": "distribution",
        "voltage": "154000"
      }
    },
    {
      "type": "Feature",
      "geometry": {
        "type": "LineString",
        "coordinates": [
          [
            129.3048361,
            35.9598496
          ],
          [
            129.3054121,
            35.9601278
          ],
          [
            129.3058251,
            35.9595677
          ],
          [
            129.3052492,
            35.9592894
          ],
          [
            129.3048361,
            35.9598496
          ]
        ]
      },
      "properties": {
        "frequency": "60",
        "location": "indoor",
        "name": "왕신변전소",
        "name:en": "Wangshin Substation",
        "name:ko": "왕신변전소",
        "power": "substation",
        "substation": "distribution",
        "voltage": "154000"
      }
    },
    {
      "type": "Feature",
      "geometry": {
        "type": "LineString",
        "coordinates": [
          [
            128.7975955,
            35.8676301
          ],
          [
            128.7974104,
            35.8665846
          ],
          [
            128.7977967,
            35.8665781
          ],
          [
            128.7979254,
            35.866289
          ],
          [
            128.7984592,
            35.866289
          ],
          [
            128.7983492,
            35.8675931
          ],
          [
            128.7982312,
            35.8676431
          ],
          [
            128.7975955,
            35.8676301
          ]
        ]
      },
      "properties": {
        "frequency": "60",
        "location": "outdoor",
        "name": "진량변전소",
        "name:en": "Jinyang Substation",
        "name:ko": "진량변전소",
        "power": "substation",
        "substation": "distribution",
        "voltage": "154000"
      }
    },
    {
      "type": "Feature",
      "geometry": {
        "type": "LineString",
        "coordinates": [
          [
            128.7613133,
            35.801384
          ],
          [
            128.7616895,
            35.8011337
          ],
          [
            128.7612496,
            35.8006986
          ],
          [
            128.7611595,
            35.8006966
          ],
          [
            128.7608358,
            35.800912
          ],
          [
            128.7613133,
            35.801384
          ]
        ]
      },
      "properties": {
        "frequency": "60",
        "location": "indoor",
        "name": "자인변전소",
        "name:en": "Jain Substation",
        "name:ko": "자인변전소",
        "power": "substation",
        "substation": "distribution",
        "voltage": "154000"
      }
    },
    {
      "type": "Feature",
      "geometry": {
        "type": "LineString",
        "coordinates": [
          [
            128.8248345,
            35.9419583
          ],
          [
            128.8256477,
            35.9418889
          ],
          [
            128.8255858,
            35.9414123
          ],
          [
            128.8247725,
            35.9414816
          ],
          [
            128.8248345,
            35.9419583
          ]
        ]
      },
      "properties": {
        "frequency": "60",
        "location": "indoor",
        "name": "와촌변전소",
        "name:ko": "와촌변전소",
        "power": "substation",
        "substation": "distribution",
        "voltage": "154000"
      }
    },
    {
      "type": "Feature",
      "geometry": {
        "type": "LineString",
        "coordinates": [
          [
            128.4201309,
            35.9325329
          ],
          [
            128.4206727,
            35.9330802
          ],
          [
            128.4201577,
            35.9333604
          ],
          [
            128.4195569,
            35.9329173
          ],
          [
            128.4201309,
            35.9325329
          ]
        ]
      },
      "properties": {
        "frequency": "60",
        "location": "outdoor",
        "name": "왜관변전소",
        "name:en": "Waegwan Substation",
        "name:ko": "왜관변전소",
        "power": "substation",
        "substation": "distribution",
        "voltage": "154000"
      }
    },
    {
      "type": "Feature",
      "geometry": {
        "type": "LineString",
        "coordinates": [
          [
            128.5470074,
            36.596427
          ],
          [
            128.5481286,
            36.5966552
          ],
          [
            128.5483281,
            36.5960235
          ],
          [
            128.547207,
            36.5957952
          ],
          [
            128.5470074,
            36.596427
          ]
        ]
      },
      "properties": {
        "frequency": "60",
        "location": "outdoor",
        "name": "풍산변전소",
        "name:en": "Pungsan Substation",
        "name:ko": "풍산변전소",
        "power": "substation",
        "substation": "distribution",
        "voltage": "154000"
      }
    },
    {
      "type": "Feature",
      "geometry": {
        "type": "LineString",
        "coordinates": [
          [
            129.4408241,
            36.7082377
          ],
          [
            129.43977,
            36.7074486
          ],
          [
            129.4397271,
            36.7072142
          ],
          [
            129.4400087,
            36.7069497
          ],
          [
            129.4400811,
            36.7067712
          ],
          [
            129.440242,
            36.7066873
          ],
          [
            129.4406149,
            36.7066873
          ],
          [
            129.4406645,
            36.7067272
          ],
          [
            129.4413975,
            36.7073564
          ],
          [
            129.4411867,
            36.707553
          ],
          [
            129.4408241,
            36.7082377
          ]
        ]
      },
      "properties": {
        "frequency": "60",
        "location": "indoor",
        "name": "평해변전소",
        "name:ko": "평해변전소",
        "power": "substation",
        "substation": "distribution",
        "voltage": "154000"
      }
    },
    {
      "type": "Feature",
      "geometry": {
        "type": "LineString",
        "coordinates": [
          [
            129.3727152,
            37.0928177
          ],
          [
            129.3735833,
            37.0932017
          ],
          [
            129.3737595,
            37.0929484
          ],
          [
            129.3736742,
            37.0929106
          ],
          [
            129.37386,
            37.0926433
          ],
          [
            129.3730771,
            37.092297
          ],
          [
            129.3728748,
            37.0925881
          ],
          [
            129.3727152,
            37.0928177
          ]
        ]
      },
      "properties": {
        "frequency": "60",
        "location": "outdoor",
        "name": "울진변전소",
        "name:en": "Uljin Substation",
        "name:ko": "울진변전소",
        "power": "substation",
        "substation": "distribution",
        "voltage": "154000"
      }
    },
    {
      "type": "Feature",
      "geometry": {
        "type": "LineString",
        "coordinates": [
          [
            128.4329827,
            36.6473806
          ],
          [
            128.4339684,
            36.6476195
          ],
          [
            128.4341739,
            36.6470737
          ],
          [
            128.4331882,
            36.6468348
          ],
          [
            128.4329827,
            36.6473806
          ]
        ]
      },
      "properties": {
        "frequency": "60",
        "location": "outdoor",
        "name": "예천변전소",
        "name:en": "Yecheon Substation",
        "name:ko": "예천변전소",
        "power": "substation",
        "substation": "distribution",
        "voltage": "154000"
      }
    },
    {
      "type": "Feature",
      "geometry": {
        "type": "LineString",
        "coordinates": [
          [
            128.6399353,
            36.8136976
          ],
          [
            128.6393532,
            36.8125015
          ],
          [
            128.6382675,
            36.8128402
          ],
          [
            128.6388495,
            36.8140363
          ],
          [
            128.6399353,
            36.8136976
          ]
        ]
      },
      "properties": {
        "frequency": "60",
        "location": "outdoor",
        "name": "영주변전소",
        "name:en": "Yeongju Substation",
        "name:ko": "영주변전소",
        "power": "substation",
        "substation": "distribution",
        "voltage": "154000"
      }
    },
    {
      "type": "Feature",
      "geometry": {
        "type": "LineString",
        "coordinates": [
          [
            128.1452608,
            36.6899516
          ],
          [
            128.1458157,
            36.6903635
          ],
          [
            128.1462502,
            36.6899871
          ],
          [
            128.1456953,
            36.6895752
          ],
          [
            128.1452608,
            36.6899516
          ]
        ]
      },
      "properties": {
        "frequency": "60",
        "location": "outdoor",
        "name": "문경변전소",
        "name:en": "Mungyeon Substation",
        "name:ko": "문경변전소",
        "power": "substation",
        "substation": "distribution",
        "voltage": "154000"
      }
    },
    {
      "type": "Feature",
      "geometry": {
        "type": "LineString",
        "coordinates": [
          [
            128.1190489,
            36.3125381
          ],
          [
            128.1197994,
            36.312673
          ],
          [
            128.1199603,
            36.3120916
          ],
          [
            128.1192099,
            36.3119567
          ],
          [
            128.1190489,
            36.3125381
          ]
        ]
      },
      "properties": {
        "frequency": "60",
        "location": "indoor",
        "name": "청리변전소",
        "name:en": "Cheongni Substation",
        "name:ko": "청리변전소",
        "power": "substation",
        "substation": "distribution",
        "voltage": "154000"
      }
    },
    {
      "type": "Feature",
      "geometry": {
        "type": "LineString",
        "coordinates": [
          [
            128.4144755,
            36.0847362
          ],
          [
            128.4144851,
            36.0842971
          ],
          [
            128.4137246,
            36.0842862
          ],
          [
            128.4137151,
            36.0847253
          ],
          [
            128.4144755,
            36.0847362
          ]
        ]
      },
      "properties": {
        "frequency": "60",
        "location": "indoor",
        "name": "남인동변전소",
        "name:en": "South-Indong Substation",
        "name:ko": "남인동변전소",
        "power": "substation",
        "substation": "distribution",
        "voltage": "154000"
      }
    },
    {
      "type": "Feature",
      "geometry": {
        "type": "LineString",
        "coordinates": [
          [
            128.4848231,
            36.3711591
          ],
          [
            128.4844957,
            36.3715095
          ],
          [
            128.4851676,
            36.3719166
          ],
          [
            128.485495,
            36.3715662
          ],
          [
            128.4848231,
            36.3711591
          ]
        ]
      },
      "properties": {
        "frequency": "60",
        "location": "indoor",
        "name": "안계변전소",
        "name:en": "Angye Substation",
        "name:ko": "안계변전소",
        "power": "substation",
        "substation": "distribution",
        "voltage": "154000"
      }
    },
    {
      "type": "Feature",
      "geometry": {
        "type": "LineString",
        "coordinates": [
          [
            128.4434525,
            36.131989
          ],
          [
            128.443383,
            36.1319347
          ],
          [
            128.4425399,
            36.1319407
          ],
          [
            128.4425461,
            36.1325079
          ],
          [
            128.4434581,
            36.1325014
          ],
          [
            128.4434525,
            36.131989
          ]
        ]
      },
      "properties": {
        "frequency": "60",
        "location": "outdoor",
        "name": "금전변전소",
        "name:en": "Geumjeon Substation",
        "name:ko": "금전변전소",
        "power": "substation",
        "substation": "distribution",
        "voltage": "154000"
      }
    },
    {
      "type": "Feature",
      "geometry": {
        "type": "LineString",
        "coordinates": [
          [
            128.4529263,
            36.1528566
          ],
          [
            128.4529337,
            36.1521852
          ],
          [
            128.4520325,
            36.1521787
          ],
          [
            128.4520251,
            36.1528501
          ],
          [
            128.4529263,
            36.1528566
          ]
        ]
      },
      "properties": {
        "frequency": "60",
        "location": "indoor",
        "name": "산동변전소",
        "name:en": "Sandong Substation",
        "name:ko": "산동변전소",
        "power": "substation",
        "substation": "distribution",
        "voltage": "154000"
      }
    },
    {
      "type": "Feature",
      "geometry": {
        "type": "LineString",
        "coordinates": [
          [
            128.5798539,
            36.1832451
          ],
          [
            128.5803949,
            36.1828332
          ],
          [
            128.5800526,
            36.1825404
          ],
          [
            128.5795116,
            36.1829523
          ],
          [
            128.5798539,
            36.1832451
          ]
        ]
      },
      "properties": {
        "frequency": "60",
        "location": "indoor",
        "name": "군위변전소",
        "name:ko": "군위변전소",
        "power": "substation",
        "substation": "distribution",
        "voltage": "154000"
      }
    },
    {
      "type": "Feature",
      "geometry": {
        "type": "LineString",
        "coordinates": [
          [
            128.3760398,
            36.117873
          ],
          [
            128.3773314,
            36.1178669
          ],
          [
            128.3773359,
            36.1184908
          ],
          [
            128.3760443,
            36.1184969
          ],
          [
            128.3760398,
            36.117873
          ]
        ]
      },
      "properties": {
        "frequency": "60",
        "location": "indoor",
        "name": "구미변전소",
        "name:ko": "구미변전소",
        "power": "substation",
        "substation": "distribution",
        "voltage": "154000"
      }
    },
    {
      "type": "Feature",
      "geometry": {
        "type": "LineString",
        "coordinates": [
          [
            128.3523233,
            36.1713985
          ],
          [
            128.3524387,
            36.1709546
          ],
          [
            128.3533412,
            36.1711409
          ],
          [
            128.3530824,
            36.1715403
          ],
          [
            128.3523233,
            36.1713985
          ]
        ]
      },
      "properties": {
        "frequency": "60",
        "location": "indoor",
        "name": "고아변전소",
        "name:ko": "고아변전소",
        "power": "substation",
        "substation": "distribution",
        "voltage": "154000"
      }
    },
    {
      "type": "Feature",
      "geometry": {
        "type": "LineString",
        "coordinates": [
          [
            128.5272409,
            35.8616101
          ],
          [
            128.5265207,
            35.8616112
          ],
          [
            128.5264564,
            35.8616742
          ],
          [
            128.5266173,
            35.8621394
          ],
          [
            128.5270625,
            35.8621394
          ],
          [
            128.5271832,
            35.861959
          ],
          [
            128.5273334,
            35.8616655
          ],
          [
            128.5272409,
            35.8616101
          ]
        ]
      },
      "properties": {
        "frequency": "60",
        "location": "indoor",
        "name": "와룡변전소",
        "name:ko": "와룡변전소",
        "power": "substation",
        "substation": "distribution",
        "voltage": "154000"
      }
    },
    {
      "type": "Feature",
      "geometry": {
        "type": "LineString",
        "coordinates": [
          [
            128.395016,
            35.6557119
          ],
          [
            128.3952387,
            35.6557162
          ],
          [
            128.395244,
            35.6563722
          ],
          [
            128.3951797,
            35.6564103
          ],
          [
            128.3948269,
            35.656406
          ],
          [
            128.3947854,
            35.6563744
          ],
          [
            128.3947894,
            35.6559058
          ],
          [
            128.395016,
            35.6557119
          ]
        ]
      },
      "properties": {
        "frequency": "60",
        "location": "indoor",
        "name": "서구지변전소",
        "name:en": "West-Guji Substation",
        "name:ko": "서구지변전소",
        "power": "substation",
        "substation": "distribution",
        "voltage": "154000"
      }
    },
    {
      "type": "Feature",
      "geometry": {
        "type": "LineString",
        "coordinates": [
          [
            128.5461438,
            35.805987
          ],
          [
            128.5464066,
            35.8056067
          ],
          [
            128.5462912,
            35.8055542
          ],
          [
            128.5462522,
            35.8056107
          ],
          [
            128.5461733,
            35.8055748
          ],
          [
            128.5459495,
            35.8058987
          ],
          [
            128.5461438,
            35.805987
          ]
        ]
      },
      "properties": {
        "building": "yes",
        "frequency": "60",
        "location": "indoor",
        "name": "상인변전소",
        "name:en": "Sangin Substation",
        "name:ko": "상인변전소",
        "power": "substation",
        "substation": "distribution",
        "voltage": "154000"
      }
    },
    {
      "type": "Feature",
      "geometry": {
        "type": "LineString",
        "coordinates": [
          [
            128.5583666,
            35.8537929
          ],
          [
            128.5586026,
            35.853932
          ],
          [
            128.5586824,
            35.8538431
          ],
          [
            128.5584464,
            35.853704
          ],
          [
            128.5583666,
            35.8537929
          ]
        ]
      },
      "properties": {
        "frequency": "60",
        "location": "underground",
        "name": "두류변전소",
        "name:ko": "두류변전소",
        "power": "substation",
        "substation": "distribution",
        "voltage": "154000"
      }
    },
    {
      "type": "Feature",
      "geometry": {
        "type": "LineString",
        "coordinates": [
          [
            128.6085813,
            35.9034317
          ],
          [
            128.6086586,
            35.9034644
          ],
          [
            128.6087224,
            35.9033656
          ],
          [
            128.6082476,
            35.9031646
          ],
          [
            128.6081452,
            35.9033234
          ],
          [
            128.6085427,
            35.9034916
          ],
          [
            128.6085813,
            35.9034317
          ]
        ]
      },
      "properties": {
        "building": "yes",
        "frequency": "60",
        "location": "indoor",
        "name": "산격변전소",
        "name:ko": "산격변전소",
        "power": "substation",
        "substation": "distribution",
        "voltage": "154000"
      }
    },
    {
      "type": "Feature",
      "geometry": {
        "type": "LineString",
        "coordinates": [
          [
            128.6012551,
            35.8727487
          ],
          [
            128.601758,
            35.8726531
          ],
          [
            128.601724,
            35.8725357
          ],
          [
            128.6012211,
            35.8726313
          ],
          [
            128.6012551,
            35.8727487
          ]
        ]
      },
      "properties": {
        "building": "yes",
        "frequency": "60",
        "location": "underground",
        "name": "동인변전소",
        "name:ko": "동인변전소",
        "power": "substation",
        "substation": "distribution",
        "voltage": "154000"
      }
    },
    {
      "type": "Feature",
      "geometry": {
        "type": "LineString",
        "coordinates": [
          [
            128.6108199,
            35.9135567
          ],
          [
            128.6104698,
            35.9132199
          ],
          [
            128.6103516,
            35.9133006
          ],
          [
            128.6104089,
            35.9133557
          ],
          [
            128.6103371,
            35.9134046
          ],
          [
            128.6106299,
            35.9136862
          ],
          [
            128.6108199,
            35.9135567
          ]
        ]
      },
      "properties": {
        "building": "yes",
        "frequency": "60",
        "location": "indoor",
        "name": "검단변전소",
        "name:ko": "검단변전소",
        "power": "substation",
        "substation": "distribution",
        "voltage": "154000"
      }
    },
    {
      "type": "Feature",
      "geometry": {
        "type": "LineString",
        "coordinates": [
          [
            126.6479579,
            37.4374184
          ],
          [
            126.6477969,
            37.4369243
          ],
          [
            126.6468582,
            37.4367454
          ],
          [
            126.6466597,
            37.4374695
          ],
          [
            126.647408,
            37.437657
          ],
          [
            126.6479579,
            37.4374184
          ]
        ]
      },
      "properties": {
        "frequency": "60",
        "location": "indoor",
        "name": "학익변전소",
        "name:ko": "학익변전소",
        "power": "substation",
        "substation": "distribution",
        "voltage": "154000"
      }
    },
    {
      "type": "Feature",
      "geometry": {
        "type": "LineString",
        "coordinates": [
          [
            126.6993007,
            37.472848
          ],
          [
            126.6995089,
            37.472644
          ],
          [
            126.6998009,
            37.472375
          ],
          [
            126.6987229,
            37.4714526
          ],
          [
            126.6983669,
            37.4716098
          ],
          [
            126.6979906,
            37.4723197
          ],
          [
            126.6983018,
            37.4725178
          ],
          [
            126.6985193,
            37.4726487
          ],
          [
            126.6987025,
            37.472822
          ],
          [
            126.6988098,
            37.4727863
          ],
          [
            126.698859,
            37.472818
          ],
          [
            126.6993007,
            37.472848
          ]
        ]
      },
      "properties": {
        "building": "yes",
        "frequency": "60",
        "location": "indoor",
        "name": "주안변전소",
        "name:ko": "주안변전소",
        "power": "substation",
        "substation": "distribution",
        "voltage": "154000"
      }
    },
    {
      "type": "Feature",
      "geometry": {
        "type": "LineString",
        "coordinates": [
          [
            126.655824,
            37.4618001
          ],
          [
            126.655842,
            37.4617418
          ],
          [
            126.655401,
            37.4616561
          ],
          [
            126.6553438,
            37.4618412
          ],
          [
            126.655881,
            37.4619456
          ],
          [
            126.6559202,
            37.4618188
          ],
          [
            126.655824,
            37.4618001
          ]
        ]
      },
      "properties": {
        "building": "yes",
        "frequency": "60",
        "location": "indoor",
        "name": "인천변전소",
        "name:ko": "인천변전소",
        "power": "substation",
        "substation": "distribution",
        "voltage": "154000"
      }
    },
    {
      "type": "Feature",
      "geometry": {
        "type": "LineString",
        "coordinates": [
          [
            126.6609628,
            37.4828846
          ],
          [
            126.6615687,
            37.4825803
          ],
          [
            126.6610101,
            37.4818799
          ],
          [
            126.6604042,
            37.4821842
          ],
          [
            126.6609628,
            37.4828846
          ]
        ]
      },
      "properties": {
        "frequency": "60",
        "location": "indoor",
        "name": "신현변전소",
        "name:ko": "신현변전소",
        "power": "substation",
        "substation": "distribution",
        "voltage": "154000"
      }
    },
    {
      "type": "Feature",
      "geometry": {
        "type": "LineString",
        "coordinates": [
          [
            126.636918,
            37.4815289
          ],
          [
            126.6377748,
            37.4810171
          ],
          [
            126.6381017,
            37.4812823
          ],
          [
            126.6382293,
            37.4811801
          ],
          [
            126.6384414,
            37.4814651
          ],
          [
            126.6375702,
            37.4819025
          ],
          [
            126.6373582,
            37.481871
          ],
          [
            126.6372619,
            37.4817937
          ],
          [
            126.6371888,
            37.4817407
          ],
          [
            126.636918,
            37.4815289
          ]
        ]
      },
      "properties": {
        "frequency": "60",
        "location": "indoor",
        "name": "송현변전소",
        "name:ko": "송현변전소",
        "power": "substation",
        "substation": "distribution",
        "voltage": "154000"
      }
    },
    {
      "type": "Feature",
      "geometry": {
        "type": "LineString",
        "coordinates": [
          [
            126.6752154,
            37.528604
          ],
          [
            126.6752896,
            37.5280964
          ],
          [
            126.6756867,
            37.528133
          ],
          [
            126.6756076,
            37.5286735
          ],
          [
            126.6755015,
            37.5288319
          ],
          [
            126.6753513,
            37.5288277
          ],
          [
            126.6752154,
            37.528604
          ]
        ]
      },
      "properties": {
        "frequency": "60",
        "location": "indoor",
        "name": "북인천변전소",
        "name:ko": "북인천변전소",
        "power": "substation",
        "substation": "distribution",
        "voltage": "154000"
      }
    },
    {
      "type": "Feature",
      "geometry": {
        "type": "LineString",
        "coordinates": [
          [
            126.7318307,
            37.4416349
          ],
          [
            126.7318472,
            37.4410952
          ],
          [
            126.731388,
            37.4410864
          ],
          [
            126.7313714,
            37.4416261
          ],
          [
            126.7318307,
            37.4416349
          ]
        ]
      },
      "properties": {
        "frequency": "60",
        "location": "indoor",
        "name": "만수변전소",
        "name:ko": "만수변전소",
        "power": "substation",
        "substation": "distribution",
        "voltage": "154000"
      }
    },
    {
      "type": "Feature",
      "geometry": {
        "type": "LineString",
        "coordinates": [
          [
            126.4757037,
            37.495865
          ],
          [
            126.4752397,
            37.4956053
          ],
          [
            126.4751395,
            37.495718
          ],
          [
            126.4752176,
            37.4957617
          ],
          [
            126.4751807,
            37.4958033
          ],
          [
            126.4755666,
            37.4960192
          ],
          [
            126.4757037,
            37.495865
          ]
        ]
      },
      "properties": {
        "building": "yes",
        "frequency": "60",
        "location": "indoor",
        "name": "영종변전소",
        "name:ko": "영종변전소",
        "power": "substation",
        "substation": "distribution",
        "voltage": "154000"
      }
    },
    {
      "type": "Feature",
      "geometry": {
        "type": "LineString",
        "coordinates": [
          [
            126.6190517,
            37.4824868
          ],
          [
            126.618872,
            37.4824144
          ],
          [
            126.6187996,
            37.4822612
          ],
          [
            126.6186212,
            37.4821058
          ],
          [
            126.6190758,
            37.4814832
          ],
          [
            126.6193092,
            37.4815588
          ],
          [
            126.619615,
            37.4816524
          ],
          [
            126.6190517,
            37.4824868
          ]
        ]
      },
      "properties": {
        "frequency": "60",
        "location": "indoor",
        "name": "송월변전소",
        "name:ko": "송월변전소",
        "power": "substation",
        "substation": "distribution",
        "voltage": "154000"
      }
    },
    {
      "type": "Feature",
      "geometry": {
        "type": "LineString",
        "coordinates": [
          [
            126.6343349,
            37.4616699
          ],
          [
            126.6335491,
            37.4619679
          ],
          [
            126.6338656,
            37.4624938
          ],
          [
            126.6346514,
            37.4621958
          ],
          [
            126.6343349,
            37.4616699
          ]
        ]
      },
      "properties": {
        "frequency": "60",
        "location": "indoor",
        "name": "남인천변전소",
        "name:ko": "남인천변전소",
        "power": "substation",
        "substation": "distribution",
        "voltage": "154000"
      }
    },
    {
      "type": "Feature",
      "geometry": {
        "type": "LineString",
        "coordinates": [
          [
            126.7025407,
            37.4390978
          ],
          [
            126.7025466,
            37.4393424
          ],
          [
            126.7032972,
            37.4393309
          ],
          [
            126.7032897,
            37.4390202
          ],
          [
            126.70259,
            37.4390309
          ],
          [
            126.7025407,
            37.4390978
          ]
        ]
      },
      "properties": {
        "frequency": "60",
        "location": "indoor",
        "name": "관교변전소",
        "name:ko": "관교변전소",
        "power": "substation",
        "substation": "distribution",
        "voltage": "154000"
      }
    },
    {
      "type": "Feature",
      "geometry": {
        "type": "LineString",
        "coordinates": [
          [
            126.6214987,
            37.5877195
          ],
          [
            126.6215946,
            37.5877766
          ],
          [
            126.6225419,
            37.5877819
          ],
          [
            126.6225468,
            37.5872333
          ],
          [
            126.6215031,
            37.5872275
          ],
          [
            126.6214987,
            37.5877195
          ]
        ]
      },
      "properties": {
        "frequency": "60",
        "location": "outdoor",
        "name": "왕길변전소",
        "name:en": "Wanggil Substation",
        "name:ko": "왕길변전소",
        "operator": "한국전력공사",
        "operator:en": "Korea Electric Power Corporation",
        "operator:ko": "한국전력공사",
        "operator:short": "KEPCO",
        "operator:wikidata": "Q486737",
        "power": "substation",
        "substation": "distribution",
        "voltage": "154000"
      }
    },
    {
      "type": "Feature",
      "geometry": {
        "type": "LineString",
        "coordinates": [
          [
            126.6476494,
            37.5501298
          ],
          [
            126.647244,
            37.5496461
          ],
          [
            126.6467777,
            37.5498917
          ],
          [
            126.6471831,
            37.5503755
          ],
          [
            126.6476494,
            37.5501298
          ]
        ]
      },
      "properties": {
        "building": "yes",
        "frequency": "60",
        "location": "indoor",
        "name": "경서변전소",
        "name:ko": "경서변전소",
        "power": "substation",
        "substation": "distribution",
        "voltage": "154000"
      }
    },
    {
      "type": "Feature",
      "geometry": {
        "type": "LineString",
        "coordinates": [
          [
            126.6494626,
            37.5411873
          ],
          [
            126.6487867,
            37.5411831
          ],
          [
            126.6486874,
            37.541115
          ],
          [
            126.6486794,
            37.5406046
          ],
          [
            126.6487974,
            37.5405727
          ],
          [
            126.6495028,
            37.5405238
          ],
          [
            126.6495913,
            37.5405918
          ],
          [
            126.6496128,
            37.5411597
          ],
          [
            126.6494626,
            37.5411873
          ]
        ]
      },
      "properties": {
        "frequency": "60",
        "location": "indoor",
        "name": "청라변전소",
        "name:ko": "청라변전소",
        "power": "substation",
        "substation": "distribution",
        "voltage": "154000"
      }
    },
    {
      "type": "Feature",
      "geometry": {
        "type": "LineString",
        "coordinates": [
          [
            126.731557,
            37.4856922
          ],
          [
            126.7309923,
            37.4857592
          ],
          [
            126.731029,
            37.4859538
          ],
          [
            126.7315936,
            37.4858867
          ],
          [
            126.731557,
            37.4856922
          ]
        ]
      },
      "properties": {
        "building": "yes",
        "frequency": "60",
        "location": "indoor",
        "name": "부개변전소",
        "name:ko": "부개변전소",
        "power": "substation",
        "substation": "distribution",
        "voltage": "154000"
      }
    },
    {
      "type": "Feature",
      "geometry": {
        "type": "LineString",
        "coordinates": [
          [
            128.6865594,
            35.8738167
          ],
          [
            128.6873892,
            35.8735404
          ],
          [
            128.6872286,
            35.8732238
          ],
          [
            128.6863989,
            35.8735002
          ],
          [
            128.6865594,
            35.8738167
          ]
        ]
      },
      "properties": {
        "frequency": "60",
        "location": "indoor",
        "name": "안심변전소",
        "name:ko": "안심변전소",
        "power": "substation",
        "substation": "distribution",
        "voltage": "154000"
      }
    },
    {
      "type": "Feature",
      "geometry": {
        "type": "LineString",
        "coordinates": [
          [
            128.5745436,
            35.9452334
          ],
          [
            128.5751523,
            35.9456359
          ],
          [
            128.5755643,
            35.9452275
          ],
          [
            128.5749556,
            35.9448251
          ],
          [
            128.5745436,
            35.9452334
          ]
        ]
      },
      "properties": {
        "frequency": "60",
        "location": "indoor",
        "name": "구암변전소",
        "name:en": "Guam Substation",
        "name:ko": "구암변전소",
        "power": "substation",
        "substation": "distribution",
        "voltage": "154000"
      }
    },
    {
      "type": "Feature",
      "geometry": {
        "type": "LineString",
        "coordinates": [
          [
            128.5426167,
            35.9441274
          ],
          [
            128.542453,
            35.9434607
          ],
          [
            128.5420695,
            35.9434803
          ],
          [
            128.5420185,
            35.9436952
          ],
          [
            128.5417879,
            35.9439146
          ],
          [
            128.5418415,
            35.9441252
          ],
          [
            128.5420561,
            35.944477
          ],
          [
            128.5426167,
            35.9441274
          ]
        ]
      },
      "properties": {
        "frequency": "60",
        "location": "indoor",
        "name": "관음변전소",
        "name:en": "Gwaneum Substation",
        "name:ko": "관음변전소",
        "power": "substation",
        "substation": "distribution",
        "voltage": "154000"
      }
    },
    {
      "type": "Feature",
      "geometry": {
        "type": "LineString",
        "coordinates": [
          [
            127.6353599,
            34.7763766
          ],
          [
            127.6357865,
            34.7765166
          ],
          [
            127.6358097,
            34.776469
          ],
          [
            127.6358835,
            34.7764932
          ],
          [
            127.6359589,
            34.7763382
          ],
          [
            127.6354584,
            34.776174
          ],
          [
            127.6353599,
            34.7763766
          ]
        ]
      },
      "properties": {
        "building": "yesㅡ",
        "frequency": "60",
        "location": "indoor",
        "name": "소라변전소",
        "name:en": "Sora Substation",
        "name:ko": "소라변전소",
        "power": "substation",
        "substation": "distribution",
        "voltage": "154000"
      }
    },
    {
      "type": "Feature",
      "geometry": {
        "type": "LineString",
        "coordinates": [
          [
            127.5750966,
            34.8994979
          ],
          [
            127.5742727,
            34.9003761
          ],
          [
            127.5748848,
            34.9007624
          ],
          [
            127.5757087,
            34.8998842
          ],
          [
            127.5750966,
            34.8994979
          ]
        ]
      },
      "properties": {
        "frequency": "60",
        "location": "outdoor",
        "name": "율촌변전소",
        "name:en": "Yulchon Substation",
        "name:ko": "율촌변전소",
        "power": "substation",
        "substation": "distribution",
        "voltage": "154000"
      }
    },
    {
      "type": "Feature",
      "geometry": {
        "type": "LineString",
        "coordinates": [
          [
            127.6960945,
            34.7697571
          ],
          [
            127.6960484,
            34.7698573
          ],
          [
            127.6960959,
            34.7702548
          ],
          [
            127.6961427,
            34.7702873
          ],
          [
            127.696972,
            34.7702176
          ],
          [
            127.6968992,
            34.7696266
          ],
          [
            127.6968436,
            34.7696066
          ],
          [
            127.6967744,
            34.7696465
          ],
          [
            127.6966888,
            34.7696768
          ],
          [
            127.6965409,
            34.7697087
          ],
          [
            127.6960945,
            34.7697571
          ]
        ]
      },
      "properties": {
        "frequency": "60",
        "location": "indoor",
        "name": "여수변전소",
        "name:en": "Yeosu Substation",
        "name:ko": "여수변전소",
        "power": "substation",
        "substation": "distribution",
        "voltage": "154000"
      }
    },
    {
      "type": "Feature",
      "geometry": {
        "type": "LineString",
        "coordinates": [
          [
            127.6772662,
            34.9593528
          ],
          [
            127.6772638,
            34.9597121
          ],
          [
            127.6780873,
            34.9597158
          ],
          [
            127.6780897,
            34.9593565
          ],
          [
            127.6772662,
            34.9593528
          ]
        ]
      },
      "properties": {
        "frequency": "60",
        "location": "indoor",
        "name": "백운변전소",
        "name:en": "Baekun Substation",
        "name:ko": "백운변전소",
        "power": "substation",
        "substation": "distribution",
        "voltage": "154000"
      }
    },
    {
      "type": "Feature",
      "geometry": {
        "type": "LineString",
        "coordinates": [
          [
            127.2646849,
            35.0438529
          ],
          [
            127.26538,
            35.0437936
          ],
          [
            127.2655848,
            35.0437761
          ],
          [
            127.2655355,
            35.0433895
          ],
          [
            127.2646356,
            35.0434663
          ],
          [
            127.2646849,
            35.0438529
          ]
        ]
      },
      "properties": {
        "frequency": "60",
        "location": "indoor",
        "name": "승주변전소",
        "name:en": "Seungju Substation",
        "name:ko": "승주변전소",
        "power": "substation",
        "substation": "distribution",
        "voltage": "154000"
      }
    },
    {
      "type": "Feature",
      "geometry": {
        "type": "LineString",
        "coordinates": [
          [
            126.9082077,
            35.1513486
          ],
          [
            126.9086729,
            35.1517214
          ],
          [
            126.9090475,
            35.151409
          ],
          [
            126.9085364,
            35.1509994
          ],
          [
            126.9082143,
            35.1512681
          ],
          [
            126.9082077,
            35.1513486
          ]
        ]
      },
      "properties": {
        "frequency": "60",
        "location": "indoor",
        "name": "충장변전소",
        "name:ko": "충장변전소",
        "power": "substation",
        "substation": "distribution",
        "voltage": "154000"
      }
    },
    {
      "type": "Feature",
      "geometry": {
        "type": "LineString",
        "coordinates": [
          [
            126.8889101,
            35.2004796
          ],
          [
            126.8896879,
            35.2004862
          ],
          [
            126.8896865,
            35.2000601
          ],
          [
            126.8889094,
            35.1997574
          ],
          [
            126.8889101,
            35.2004796
          ]
        ]
      },
      "properties": {
        "frequency": "60",
        "location": "indoor",
        "name": "일곡변전소",
        "name:en": "Ilgok Subtation",
        "name:ko": "일곡변전소",
        "power": "substation",
        "substation": "distribution",
        "voltage": "154000"
      }
    },
    {
      "type": "Feature",
      "geometry": {
        "type": "LineString",
        "coordinates": [
          [
            126.8904688,
            35.1777247
          ],
          [
            126.8905337,
            35.1782871
          ],
          [
            126.8910359,
            35.1782484
          ],
          [
            126.8909582,
            35.1775736
          ],
          [
            126.8905861,
            35.1776022
          ],
          [
            126.8904688,
            35.1777247
          ]
        ]
      },
      "properties": {
        "frequency": "60",
        "location": "indoor",
        "name": "북광주변전소",
        "name:ko": "북광주변전소",
        "power": "substation",
        "substation": "distribution",
        "voltage": "154000"
      }
    },
    {
      "type": "Feature",
      "geometry": {
        "type": "LineString",
        "coordinates": [
          [
            126.9368831,
            35.1844683
          ],
          [
            126.9365949,
            35.1841986
          ],
          [
            126.9364229,
            35.184101
          ],
          [
            126.9363964,
            35.1836324
          ],
          [
            126.9372307,
            35.1835873
          ],
          [
            126.9378443,
            35.1834956
          ],
          [
            126.9379071,
            35.183809
          ],
          [
            126.9377485,
            35.183915
          ],
          [
            126.9375188,
            35.1840686
          ],
          [
            126.9373941,
            35.1841221
          ],
          [
            126.937017,
            35.1842839
          ],
          [
            126.9368831,
            35.1844683
          ]
        ]
      },
      "properties": {
        "frequency": "60",
        "location": "outdoor",
        "name": "계림변전소",
        "name:en": "Gyelim Substation",
        "name:ko": "계림변전소",
        "power": "substation",
        "substation": "distribution",
        "voltage": "154000"
      }
    },
    {
      "type": "Feature",
      "geometry": {
        "type": "LineString",
        "coordinates": [
          [
            126.8653472,
            35.1159035
          ],
          [
            126.8657394,
            35.1156535
          ],
          [
            126.8657487,
            35.1155745
          ],
          [
            126.8653854,
            35.1151965
          ],
          [
            126.864937,
            35.1154759
          ],
          [
            126.8653472,
            35.1159035
          ]
        ]
      },
      "properties": {
        "frequency": "60",
        "location": "indoor",
        "name": "매월변전소",
        "name:en": "Maewol Substation",
        "name:ko": "매월변전소",
        "power": "substation",
        "substation": "distribution",
        "voltage": "154000"
      }
    },
    {
      "type": "Feature",
      "geometry": {
        "type": "LineString",
        "coordinates": [
          [
            126.8655414,
            35.160623
          ],
          [
            126.8650039,
            35.1606396
          ],
          [
            126.8650095,
            35.160761
          ],
          [
            126.8651009,
            35.1607582
          ],
          [
            126.8651034,
            35.1608123
          ],
          [
            126.8655495,
            35.1607985
          ],
          [
            126.8655414,
            35.160623
          ]
        ]
      },
      "properties": {
        "building": "yes",
        "frequency": "60",
        "location": "indoor",
        "name": "농성변전소",
        "name:ko": "농성변전소",
        "power": "substation",
        "substation": "distribution",
        "voltage": "154000"
      }
    },
    {
      "type": "Feature",
      "geometry": {
        "type": "LineString",
        "coordinates": [
          [
            127.2297746,
            35.326711
          ],
          [
            127.2299369,
            35.3273249
          ],
          [
            127.2301447,
            35.3274201
          ],
          [
            127.2305283,
            35.3273697
          ],
          [
            127.2311613,
            35.3263828
          ],
          [
            127.2310057,
            35.3261311
          ],
          [
            127.2304934,
            35.3259911
          ],
          [
            127.2302547,
            35.3262887
          ],
          [
            127.2299784,
            35.3263937
          ],
          [
            127.2297746,
            35.326711
          ]
        ]
      },
      "properties": {
        "frequency": "60",
        "location": "outdoor",
        "name": "곡성변전소",
        "name:en": "Gokseong Substation",
        "name:ko": "곡성변전소",
        "power": "substation",
        "substation": "distribution",
        "voltage": "154000"
      }
    },
    {
      "type": "Feature",
      "geometry": {
        "type": "LineString",
        "coordinates": [
          [
            127.4596184,
            35.1954757
          ],
          [
            127.4587575,
            35.1957957
          ],
          [
            127.4585187,
            35.1954384
          ],
          [
            127.4583819,
            35.1953113
          ],
          [
            127.4583927,
            35.1950571
          ],
          [
            127.4590793,
            35.195011
          ],
          [
            127.4595299,
            35.1950461
          ],
          [
            127.4595541,
            35.1952916
          ],
          [
            127.4596184,
            35.1954757
          ]
        ]
      },
      "properties": {
        "frequency": "60",
        "location": "indoor",
        "name": "구례변전소",
        "name:en": "Gurye Substation",
        "name:ko": "구례변전소",
        "power": "substation",
        "substation": "distribution",
        "voltage": "154000"
      }
    },
    {
      "type": "Feature",
      "geometry": {
        "type": "LineString",
        "coordinates": [
          [
            126.8007217,
            35.0095811
          ],
          [
            126.8002175,
            35.0093472
          ],
          [
            126.800529,
            35.0088968
          ],
          [
            126.800829,
            35.0088496
          ],
          [
            126.8011241,
            35.0090011
          ],
          [
            126.8007217,
            35.0095811
          ]
        ]
      },
      "properties": {
        "frequency": "60",
        "location": "indoor",
        "name": "금천변전소",
        "name:ko": "금천변전소",
        "power": "substation",
        "substation": "distribution",
        "voltage": "154000"
      }
    },
    {
      "type": "Feature",
      "geometry": {
        "type": "LineString",
        "coordinates": [
          [
            126.6954839,
            37.3964591
          ],
          [
            126.695921,
            37.3962563
          ],
          [
            126.6955763,
            37.3957875
          ],
          [
            126.6951393,
            37.3959903
          ],
          [
            126.6954839,
            37.3964591
          ]
        ]
      },
      "properties": {
        "frequency": "60",
        "location": "indoor",
        "name": "고잔변전소",
        "name:ko": "고잔변전소",
        "power": "substation",
        "substation": "distribution",
        "voltage": "154000"
      }
    },
    {
      "type": "Feature",
      "geometry": {
        "type": "LineString",
        "coordinates": [
          [
            126.7542887,
            37.4233311
          ],
          [
            126.7548493,
            37.4236166
          ],
          [
            126.7551419,
            37.4232541
          ],
          [
            126.7545813,
            37.4229687
          ],
          [
            126.7542887,
            37.4233311
          ]
        ]
      },
      "properties": {
        "frequency": "60",
        "location": "indoor",
        "name": "도림변전소",
        "name:ko": "도림변전소",
        "power": "substation",
        "substation": "distribution",
        "voltage": "154000"
      }
    },
    {
      "type": "Feature",
      "geometry": {
        "type": "LineString",
        "coordinates": [
          [
            126.6296734,
            37.4067109
          ],
          [
            126.6300403,
            37.4068521
          ],
          [
            126.6303785,
            37.4062977
          ],
          [
            126.6302666,
            37.4062546
          ],
          [
            126.6302754,
            37.4062402
          ],
          [
            126.6300736,
            37.4061625
          ],
          [
            126.6300021,
            37.4062796
          ],
          [
            126.629949,
            37.4062591
          ],
          [
            126.6296734,
            37.4067109
          ]
        ]
      },
      "properties": {
        "building": "yes",
        "frequency": "60",
        "location": "indoor",
        "name": "북송도변전소",
        "name:ko": "북송도변전소",
        "power": "substation",
        "substation": "distribution",
        "voltage": "154000"
      }
    },
    {
      "type": "Feature",
      "geometry": {
        "type": "LineString",
        "coordinates": [
          [
            126.6648505,
            37.3671514
          ],
          [
            126.6651348,
            37.3674567
          ],
          [
            126.6651238,
            37.3675183
          ],
          [
            126.6645157,
            37.3678761
          ],
          [
            126.6641982,
            37.3675352
          ],
          [
            126.6648505,
            37.3671514
          ]
        ]
      },
      "properties": {
        "frequency": "60",
        "location": "indoor",
        "name": "동송도변전소",
        "name:ko": "동송도변전소",
        "power": "substation",
        "substation": "distribution",
        "voltage": "154000"
      }
    },
    {
      "type": "Feature",
      "geometry": {
        "type": "LineString",
        "coordinates": [
          [
            126.7173504,
            37.3993663
          ],
          [
            126.7175094,
            37.3987817
          ],
          [
            126.7182502,
            37.3995134
          ],
          [
            126.7179845,
            37.3996478
          ],
          [
            126.7174706,
            37.3995206
          ],
          [
            126.7173504,
            37.3993663
          ]
        ]
      },
      "properties": {
        "frequency": "60",
        "location": "indoor",
        "name": "오봉변전소",
        "name:ko": "오봉변전소",
        "power": "substation",
        "substation": "distribution",
        "voltage": "154000"
      }
    },
    {
      "type": "Feature",
      "geometry": {
        "type": "LineString",
        "coordinates": [
          [
            126.6742765,
            37.3959214
          ],
          [
            126.6740378,
            37.395602
          ],
          [
            126.6739968,
            37.3956203
          ],
          [
            126.6739542,
            37.3955611
          ],
          [
            126.6737745,
            37.3956351
          ],
          [
            126.6740807,
            37.3960153
          ],
          [
            126.6742765,
            37.3959214
          ]
        ]
      },
      "properties": {
        "building": "yes",
        "frequency": "60",
        "location": "indoor",
        "name": "동춘변전소",
        "name:ko": "동춘변전소",
        "power": "substation",
        "substation": "distribution",
        "voltage": "154000"
      }
    },
    {
      "type": "Feature",
      "geometry": {
        "type": "LineString",
        "coordinates": [
          [
            126.6905699,
            37.4118967
          ],
          [
            126.6903782,
            37.411734
          ],
          [
            126.6902733,
            37.411645
          ],
          [
            126.6901739,
            37.4115607
          ],
          [
            126.6903906,
            37.4113996
          ],
          [
            126.6907865,
            37.4117356
          ],
          [
            126.6905699,
            37.4118967
          ]
        ]
      },
      "properties": {
        "building": "yes",
        "frequency": "60",
        "gas_insulated": "yes",
        "location": "indoor",
        "name": "남동변전소",
        "name:en": "Namdong Substation",
        "name:ko": "남동변전소",
        "operator": "한국전력공사",
        "operator:en": "Korea Electric Power Corporation",
        "operator:ko": "한국전력공사",
        "operator:short": "KEPCO",
        "operator:wikidata": "Q486737",
        "power": "substation",
        "substation": "distribution",
        "voltage": "154000"
      }
    },
    {
      "type": "Feature",
      "geometry": {
        "type": "LineString",
        "coordinates": [
          [
            126.532867,
            37.4847919
          ],
          [
            126.5328106,
            37.4848429
          ],
          [
            126.5322232,
            37.4848366
          ],
          [
            126.5322232,
            37.4844577
          ],
          [
            126.5323815,
            37.4844024
          ],
          [
            126.532883,
            37.4844066
          ],
          [
            126.532867,
            37.4847919
          ]
        ]
      },
      "properties": {
        "frequency": "60",
        "location": "indoor",
        "name": "중산변전소",
        "name:ko": "중산변전소",
        "power": "substation",
        "substation": "distribution",
        "voltage": "154000"
      }
    },
    {
      "type": "Feature",
      "geometry": {
        "type": "LineString",
        "coordinates": [
          [
            127.6437142,
            34.8203703
          ],
          [
            127.6436543,
            34.8198226
          ],
          [
            127.6448583,
            34.8197338
          ],
          [
            127.6449754,
            34.8197957
          ],
          [
            127.6449982,
            34.8200044
          ],
          [
            127.6446841,
            34.8200275
          ],
          [
            127.6447135,
            34.8202967
          ],
          [
            127.6437142,
            34.8203703
          ]
        ]
      },
      "properties": {
        "frequency": "60",
        "location": "outdoor",
        "name": "화치변전소",
        "name:en": "Hwachi Substation",
        "name:ko": "화치변전소",
        "power": "substation",
        "substation": "distribution",
        "voltage": "154000"
      }
    },
    {
      "type": "Feature",
      "geometry": {
        "type": "LineString",
        "coordinates": [
          [
            127.0247009,
            35.3508097
          ],
          [
            127.02443,
            35.3506762
          ],
          [
            127.0243335,
            35.3503175
          ],
          [
            127.0241511,
            35.3501709
          ],
          [
            127.0240813,
            35.3498143
          ],
          [
            127.0249557,
            35.3496393
          ],
          [
            127.0253447,
            35.3502343
          ],
          [
            127.0250577,
            35.3505209
          ],
          [
            127.0250469,
            35.3507244
          ],
          [
            127.0247009,
            35.3508097
          ]
        ]
      },
      "properties": {
        "frequency": "60",
        "location": "outdoor",
        "name": "담양변전소",
        "name:en": "Damyang Substation",
        "name:ko": "담양변전소",
        "power": "substation",
        "substation": "distribution",
        "voltage": "154000"
      }
    },
    {
      "type": "Feature",
      "geometry": {
        "type": "LineString",
        "coordinates": [
          [
            126.3937287,
            34.7414825
          ],
          [
            126.3938896,
            34.7411463
          ],
          [
            126.3947292,
            34.7414891
          ],
          [
            126.3943711,
            34.7417381
          ],
          [
            126.3937287,
            34.7414825
          ]
        ]
      },
      "properties": {
        "frequency": "60",
        "location": "indoor",
        "name": "삼호변전소",
        "name:ko": "삼호변전소",
        "power": "substation",
        "substation": "distribution",
        "voltage": "154000"
      }
    },
    {
      "type": "Feature",
      "geometry": {
        "type": "LineString",
        "coordinates": [
          [
            126.5110713,
            35.0061144
          ],
          [
            126.5112832,
            35.0055607
          ],
          [
            126.5116855,
            35.005664
          ],
          [
            126.5117794,
            35.0058925
          ],
          [
            126.5116587,
            35.0061583
          ],
          [
            126.5114818,
            35.006236
          ],
          [
            126.5110713,
            35.0061144
          ]
        ]
      },
      "properties": {
        "frequency": "60",
        "location": "indoor",
        "name": "엄다변전소",
        "name:en": "Eomda Substation",
        "name:ko": "엄다변전소",
        "power": "substation",
        "substation": "distribution",
        "voltage": "154000"
      }
    },
    {
      "type": "Feature",
      "geometry": {
        "type": "LineString",
        "coordinates": [
          [
            126.3956451,
            35.0271038
          ],
          [
            126.3961038,
            35.0271147
          ],
          [
            126.3961274,
            35.0264535
          ],
          [
            126.3956687,
            35.0264426
          ],
          [
            126.3956451,
            35.0271038
          ]
        ]
      },
      "properties": {
        "frequency": "60",
        "location": "indoor",
        "name": "운남변전소",
        "name:en": "Unnam Substation",
        "name:ko": "운남변전소",
        "power": "substation",
        "substation": "distribution",
        "voltage": "154000"
      }
    },
    {
      "type": "Feature",
      "geometry": {
        "type": "LineString",
        "coordinates": [
          [
            127.0458003,
            35.0314892
          ],
          [
            127.0448669,
            35.031878
          ],
          [
            127.0445638,
            35.0317176
          ],
          [
            127.0444297,
            35.0314475
          ],
          [
            127.0451324,
            35.0310807
          ],
          [
            127.0455186,
            35.0311598
          ],
          [
            127.0456662,
            35.0312981
          ],
          [
            127.0458003,
            35.0314892
          ]
        ]
      },
      "properties": {
        "frequency": "60",
        "location": "outdoor",
        "name": "화순변전소",
        "name:en": "Hwasun Substation",
        "name:ko": "화순변전소",
        "power": "substation",
        "substation": "distribution",
        "voltage": "154000"
      }
    },
    {
      "type": "Feature",
      "geometry": {
        "type": "LineString",
        "coordinates": [
          [
            128.7049681,
            37.6621636
          ],
          [
            128.7048208,
            37.6617473
          ],
          [
            128.7040644,
            37.6619151
          ],
          [
            128.7042117,
            37.6623313
          ],
          [
            128.7049681,
            37.6621636
          ]
        ]
      },
      "properties": {
        "frequency": "60",
        "location": "indoor",
        "name": "횡계변전소",
        "name:en": "Hoenggye Substation",
        "name:ko": "횡계변전소",
        "power": "substation",
        "substation": "distribution",
        "voltage": "154000"
      }
    },
    {
      "type": "Feature",
      "geometry": {
        "type": "LineString",
        "coordinates": [
          [
            128.6709952,
            37.6763608
          ],
          [
            128.6716148,
            37.6763757
          ],
          [
            128.6716443,
            37.6758641
          ],
          [
            128.6709657,
            37.6758534
          ],
          [
            128.6709952,
            37.6763608
          ]
        ]
      },
      "properties": {
        "frequency": "60",
        "location": "outdoor",
        "name": "올림픽변전소",
        "name:en": "Olympic Substation",
        "name:ko": "올림픽변전소",
        "power": "substation",
        "substation": "distribution",
        "voltage": "154000"
      }
    },
    {
      "type": "Feature",
      "geometry": {
        "type": "LineString",
        "coordinates": [
          [
            128.4190074,
            37.4169364
          ],
          [
            128.4186855,
            37.4162689
          ],
          [
            128.4182239,
            37.4165921
          ],
          [
            128.4184911,
            37.4170889
          ],
          [
            128.4190074,
            37.4169364
          ]
        ]
      },
      "properties": {
        "frequency": "60",
        "location": "indoor",
        "name": "주진변전소",
        "name:en": "Jujin Substation",
        "name:ko": "주진변전소",
        "power": "substation",
        "substation": "distribution",
        "voltage": "154000"
      }
    },
    {
      "type": "Feature",
      "geometry": {
        "type": "LineString",
        "coordinates": [
          [
            128.4360605,
            37.5603981
          ],
          [
            128.435846,
            37.5591691
          ],
          [
            128.434753,
            37.559289
          ],
          [
            128.4349676,
            37.560518
          ],
          [
            128.4360605,
            37.5603981
          ]
        ]
      },
      "properties": {
        "frequency": "60",
        "location": "outdoor",
        "name": "평창변전소",
        "name:en": "Pyeongchang Substation",
        "name:ko": "평창변전소",
        "power": "substation",
        "substation": "distribution",
        "voltage": "154000"
      }
    },
    {
      "type": "Feature",
      "geometry": {
        "type": "LineString",
        "coordinates": [
          [
            129.1831228,
            37.4272568
          ],
          [
            129.1835555,
            37.4270693
          ],
          [
            129.1832042,
            37.4265581
          ],
          [
            129.1827714,
            37.4267456
          ],
          [
            129.1831228,
            37.4272568
          ]
        ]
      },
      "properties": {
        "frequency": "60",
        "location": "indoor",
        "name": "삼척변전소",
        "name:en": "Samcheok Substation",
        "name:ko": "삼척변전소",
        "power": "substation",
        "substation": "distribution",
        "voltage": "154000"
      }
    },
    {
      "type": "Feature",
      "geometry": {
        "type": "LineString",
        "coordinates": [
          [
            127.8738083,
            37.3691141
          ],
          [
            127.8735864,
            37.3691558
          ],
          [
            127.8734644,
            37.3687465
          ],
          [
            127.8736864,
            37.3687047
          ],
          [
            127.8737432,
            37.3688954
          ],
          [
            127.8738083,
            37.3691141
          ]
        ]
      },
      "properties": {
        "building": "yes",
        "frequency": "60",
        "location": "indoor",
        "name": "서원주변전소",
        "name:en": "West-Wonju Substation",
        "name:ko": "서원주변전소",
        "power": "substation",
        "substation": "distribution",
        "voltage": "154000"
      }
    },
    {
      "type": "Feature",
      "geometry": {
        "type": "LineString",
        "coordinates": [
          [
            127.9755884,
            37.3292479
          ],
          [
            127.9758055,
            37.3295375
          ],
          [
            127.9763901,
            37.3292603
          ],
          [
            127.976173,
            37.3289707
          ],
          [
            127.9755884,
            37.3292479
          ]
        ]
      },
      "properties": {
        "frequency": "60",
        "location": "indoor",
        "name": "동원주변전소",
        "name:ko": "동원주변전소",
        "power": "substation",
        "substation": "distribution",
        "voltage": "154000"
      }
    },
    {
      "type": "Feature",
      "geometry": {
        "type": "LineString",
        "coordinates": [
          [
            127.9399189,
            37.3853308
          ],
          [
            127.9392378,
            37.3852822
          ],
          [
            127.9391654,
            37.3859237
          ],
          [
            127.9398465,
            37.3859722
          ],
          [
            127.9399189,
            37.3853308
          ]
        ]
      },
      "properties": {
        "frequency": "60",
        "location": "indoor",
        "name": "북원주변전소",
        "name:en": "North-Wonju Substation",
        "name:ko": "북원주변전소",
        "power": "substation",
        "substation": "distribution",
        "voltage": "154000"
      }
    },
    {
      "type": "Feature",
      "geometry": {
        "type": "LineString",
        "coordinates": [
          [
            127.9513108,
            37.3189553
          ],
          [
            127.9520211,
            37.3187395
          ],
          [
            127.9517689,
            37.3182147
          ],
          [
            127.9510085,
            37.3184458
          ],
          [
            127.9512489,
            37.318946
          ],
          [
            127.9513108,
            37.3189553
          ]
        ]
      },
      "properties": {
        "frequency": "60",
        "location": "indoor",
        "name": "남원주변전소",
        "name:en": "South-Wonju Substation",
        "name:ko": "남원주변전소",
        "power": "substation",
        "substation": "distribution",
        "voltage": "154000"
      }
    },
    {
      "type": "Feature",
      "geometry": {
        "type": "LineString",
        "coordinates": [
          [
            128.1800464,
            37.4912555
          ],
          [
            128.1796226,
            37.4907
          ],
          [
            128.1808001,
            37.4904872
          ],
          [
            128.1808215,
            37.4908979
          ],
          [
            128.1800464,
            37.4912555
          ]
        ]
      },
      "properties": {
        "frequency": "60",
        "location": "indoor",
        "name": "둔내변전소",
        "name:en": "Dunnae Substation",
        "name:ko": "둔내변전소",
        "power": "substation",
        "substation": "distribution",
        "voltage": "154000"
      }
    },
    {
      "type": "Feature",
      "geometry": {
        "type": "LineString",
        "coordinates": [
          [
            127.6390046,
            36.007121
          ],
          [
            127.6397838,
            36.0070733
          ],
          [
            127.6399004,
            36.006993
          ],
          [
            127.6398267,
            36.0066133
          ],
          [
            127.6389402,
            36.0066805
          ],
          [
            127.6390046,
            36.007121
          ]
        ]
      },
      "properties": {
        "frequency": "60",
        "location": "indoor",
        "name": "무주변전소",
        "name:en": "Muju Substation",
        "name:ko": "무주변전소",
        "operator": "한국전력",
        "power": "substation",
        "substation": "distribution",
        "voltage": "154000"
      }
    },
    {
      "type": "Feature",
      "geometry": {
        "type": "LineString",
        "coordinates": [
          [
            126.7360336,
            35.9834432
          ],
          [
            126.7356098,
            35.9823562
          ],
          [
            126.7356017,
            35.9822278
          ],
          [
            126.7365435,
            35.9822198
          ],
          [
            126.7371386,
            35.9822148
          ],
          [
            126.7371601,
            35.9823971
          ],
          [
            126.7372486,
            35.9824557
          ],
          [
            126.7360336,
            35.9834432
          ]
        ]
      },
      "properties": {
        "cables": "Dong-Gunsan Substation",
        "frequency": "60",
        "location": "outdoor",
        "name": "동군산변전소",
        "name:ko": "동군산변전소",
        "power": "substation",
        "substation": "distribution",
        "voltage": "154000"
      }
    },
    {
      "type": "Feature",
      "geometry": {
        "type": "LineString",
        "coordinates": [
          [
            126.5881902,
            35.9553467
          ],
          [
            126.5882036,
            35.9547127
          ],
          [
            126.5873533,
            35.9546975
          ],
          [
            126.5872997,
            35.955275
          ],
          [
            126.5873802,
            35.9553358
          ],
          [
            126.5881902,
            35.9553467
          ]
        ]
      },
      "properties": {
        "frequency": "60",
        "location": "indoor",
        "name": "내초변전소",
        "name:en": "Naecho Substation",
        "name:ko": "내초변전소",
        "power": "substation",
        "substation": "distribution",
        "voltage": "154000"
      }
    },
    {
      "type": "Feature",
      "geometry": {
        "type": "LineString",
        "coordinates": [
          [
            127.0835513,
            35.7962064
          ],
          [
            127.084018,
            35.7959301
          ],
          [
            127.0843627,
            35.7952589
          ],
          [
            127.0837739,
            35.7950599
          ],
          [
            127.0831409,
            35.794975
          ],
          [
            127.0830336,
            35.7953775
          ],
          [
            127.0829532,
            35.7958104
          ],
          [
            127.0835513,
            35.7962064
          ]
        ]
      },
      "properties": {
        "frequency": "60",
        "location": "outdoor",
        "name": "남전주변전소",
        "name:en": "South-Jeonju Substation",
        "name:ko": "남전주변전소",
        "power": "substation",
        "substation": "distribution",
        "voltage": "154000"
      }
    },
    {
      "type": "Feature",
      "geometry": {
        "type": "LineString",
        "coordinates": [
          [
            127.179848,
            35.842295
          ],
          [
            127.1799874,
            35.8424016
          ],
          [
            127.1798775,
            35.8425277
          ],
          [
            127.179746,
            35.8424603
          ],
          [
            127.1793491,
            35.8428169
          ],
          [
            127.1788931,
            35.8424668
          ],
          [
            127.1794832,
            35.841858
          ],
          [
            127.1798721,
            35.8420646
          ],
          [
            127.179848,
            35.842295
          ]
        ]
      },
      "properties": {
        "frequency": "60",
        "location": "outdoor",
        "name": "동전주변전소",
        "name:en": "East-Jeonju Substation",
        "name:ko": "동전주변전소",
        "power": "substation",
        "substation": "distribution",
        "voltage": "154000"
      }
    },
    {
      "type": "Feature",
      "geometry": {
        "type": "LineString",
        "coordinates": [
          [
            127.3026824,
            35.6266575
          ],
          [
            127.3017463,
            35.6266335
          ],
          [
            127.3021352,
            35.6258683
          ],
          [
            127.3023444,
            35.6257615
          ],
          [
            127.3030794,
            35.6257658
          ],
          [
            127.3032537,
            35.6262978
          ],
          [
            127.303074,
            35.6262847
          ],
          [
            127.3030499,
            35.6267186
          ],
          [
            127.3027441,
            35.6267098
          ],
          [
            127.3026824,
            35.6266575
          ]
        ]
      },
      "properties": {
        "frequency": "60",
        "location": "outdoor",
        "name": "임실변전소",
        "name:en": "Imsil Substation",
        "name:ko": "임실변전소",
        "power": "substation",
        "substation": "distribution",
        "voltage": "154000"
      }
    },
    {
      "type": "Feature",
      "geometry": {
        "type": "LineString",
        "coordinates": [
          [
            127.3821455,
            35.4384857
          ],
          [
            127.3832211,
            35.4394494
          ],
          [
            127.3831809,
            35.4395914
          ],
          [
            127.3818746,
            35.4403978
          ],
          [
            127.381483,
            35.4400678
          ],
          [
            127.3808259,
            35.4393751
          ],
          [
            127.3811451,
            35.4391653
          ],
          [
            127.381255,
            35.4392505
          ],
          [
            127.3821455,
            35.4384857
          ]
        ]
      },
      "properties": {
        "frequency": "60",
        "location": "outdoor",
        "name": "남원변전소",
        "name:en": "Namwon Substation",
        "name:ko": "남원변전소",
        "power": "substation",
        "substation": "distribution",
        "voltage": "154000"
      }
    },
    {
      "type": "Feature",
      "geometry": {
        "type": "LineString",
        "coordinates": [
          [
            126.9010379,
            35.8027597
          ],
          [
            126.9008829,
            35.8030627
          ],
          [
            126.9013798,
            35.8032298
          ],
          [
            126.9015347,
            35.8029268
          ],
          [
            126.9010379,
            35.8027597
          ]
        ]
      },
      "properties": {
        "building": "yes",
        "frequency": "60",
        "location": "indoor",
        "name": "김제변전소",
        "name:ko": "김제변전소",
        "power": "substation",
        "substation": "distribution",
        "voltage": "154000"
      }
    },
    {
      "type": "Feature",
      "geometry": {
        "type": "LineString",
        "coordinates": [
          [
            126.541155,
            35.9586555
          ],
          [
            126.541613,
            35.9586769
          ],
          [
            126.5419359,
            35.9586991
          ],
          [
            126.5419711,
            35.9584491
          ],
          [
            126.5419744,
            35.9582971
          ],
          [
            126.5411831,
            35.9582602
          ],
          [
            126.541155,
            35.9586555
          ]
        ]
      },
      "properties": {
        "frequency": "60",
        "location": "indoor",
        "name": "군장변전소",
        "name:en": "Gunjang Substation",
        "name:ko": "군장변전소",
        "power": "substation",
        "substation": "distribution",
        "voltage": "154000"
      }
    },
    {
      "type": "Feature",
      "geometry": {
        "type": "LineString",
        "coordinates": [
          [
            126.636934,
            35.9693712
          ],
          [
            126.6366148,
            35.9703155
          ],
          [
            126.6350564,
            35.9702157
          ],
          [
            126.6344208,
            35.9700485
          ],
          [
            126.6344718,
            35.9697348
          ],
          [
            126.6347051,
            35.9688871
          ],
          [
            126.636934,
            35.9693712
          ]
        ]
      },
      "properties": {
        "frequency": "60",
        "location": "outdoor",
        "name": "소룡변전소",
        "name:en": "Soryong Substation",
        "name:ko": "소룡변전소",
        "power": "substation",
        "substation": "distribution",
        "voltage": "154000"
      }
    },
    {
      "type": "Feature",
      "geometry": {
        "type": "LineString",
        "coordinates": [
          [
            126.6921848,
            35.4480807
          ],
          [
            126.6931504,
            35.4481048
          ],
          [
            126.6931021,
            35.4487909
          ],
          [
            126.6922224,
            35.4487319
          ],
          [
            126.6921419,
            35.4485046
          ],
          [
            126.6921848,
            35.4480807
          ]
        ]
      },
      "properties": {
        "frequency": "60",
        "location": "outdoor",
        "name": "고창변전소",
        "name:en": "Gojang Substation",
        "name:ko": "고창변전소",
        "power": "substation",
        "substation": "distribution",
        "voltage": "154000"
      }
    },
    {
      "type": "Feature",
      "geometry": {
        "type": "LineString",
        "coordinates": [
          [
            126.8543994,
            35.5890231
          ],
          [
            126.8559873,
            35.5889097
          ],
          [
            126.8560785,
            35.5881855
          ],
          [
            126.8559229,
            35.5877624
          ],
          [
            126.8556306,
            35.5878278
          ],
          [
            126.8553838,
            35.5875334
          ],
          [
            126.8544316,
            35.5878191
          ],
          [
            126.8539488,
            35.588408
          ],
          [
            126.8539971,
            35.5886196
          ],
          [
            126.8543994,
            35.5890231
          ]
        ]
      },
      "properties": {
        "frequency": "60",
        "location": "outdoor",
        "name": "정주변전소",
        "name:en": "Jeongju Substation",
        "name:ko": "정주변전소",
        "power": "substation",
        "substation": "distribution",
        "voltage": "154000"
      }
    },
    {
      "type": "Feature",
      "geometry": {
        "type": "LineString",
        "coordinates": [
          [
            127.9000962,
            37.3522706
          ],
          [
            127.9002732,
            37.3524668
          ],
          [
            127.9006796,
            37.3526683
          ],
          [
            127.9009598,
            37.3527525
          ],
          [
            127.901507,
            37.3526757
          ],
          [
            127.9017457,
            37.3525937
          ],
          [
            127.9018275,
            37.3525585
          ],
          [
            127.902136,
            37.3521395
          ],
          [
            127.9015915,
            37.3518538
          ],
          [
            127.9015191,
            37.351777
          ],
          [
            127.901224,
            37.3516118
          ],
          [
            127.9010725,
            37.3514796
          ],
          [
            127.9007453,
            37.3515521
          ],
          [
            127.9005253,
            37.351808
          ],
          [
            127.9003081,
            37.3519935
          ],
          [
            127.9000398,
            37.3521065
          ],
          [
            127.9000962,
            37.3522706
          ]
        ]
      },
      "properties": {
        "frequency": "60",
        "location": "outdoor",
        "name": "원주변전소",
        "name:en": "Wonju Substation",
        "name:ko": "원주변전소",
        "power": "substation",
        "substation": "distribution",
        "voltage": "154000"
      }
    },
    {
      "type": "Feature",
      "geometry": {
        "type": "LineString",
        "coordinates": [
          [
            129.0916083,
            37.4647279
          ],
          [
            129.0917887,
            37.4643627
          ],
          [
            129.0909898,
            37.464114
          ],
          [
            129.0908093,
            37.4644791
          ],
          [
            129.0916083,
            37.4647279
          ]
        ]
      },
      "properties": {
        "building": "yes",
        "frequency": "60",
        "location": "indoor",
        "name": "이원변전소",
        "name:en": "Iwon Substation",
        "name:ko": "이원변전소",
        "power": "substation",
        "substation": "distribution",
        "voltage": "154000"
      }
    },
    {
      "type": "Feature",
      "geometry": {
        "type": "LineString",
        "coordinates": [
          [
            128.7387881,
            37.3487312
          ],
          [
            128.7388984,
            37.3482231
          ],
          [
            128.7381258,
            37.3481206
          ],
          [
            128.7380236,
            37.3486353
          ],
          [
            128.7387881,
            37.3487312
          ]
        ]
      },
      "properties": {
        "frequency": "60",
        "location": "indoor",
        "name": "정선변전소",
        "name:en": "Jeongseon Substation",
        "name:ko": "정선변전소",
        "power": "substation",
        "substation": "distribution",
        "voltage": "154000"
      }
    },
    {
      "type": "Feature",
      "geometry": {
        "type": "LineString",
        "coordinates": [
          [
            128.8392039,
            37.2193336
          ],
          [
            128.8393316,
            37.2194074
          ],
          [
            128.8406918,
            37.2193032
          ],
          [
            128.8406423,
            37.2188935
          ],
          [
            128.8391644,
            37.2190067
          ],
          [
            128.8392039,
            37.2193336
          ]
        ]
      },
      "properties": {
        "frequency": "60",
        "location": "indoor",
        "name": "고한변전소",
        "name:en": "Gohan Substation",
        "name:ko": "고한변전소",
        "power": "substation",
        "substation": "distribution",
        "voltage": "154000"
      }
    },
    {
      "type": "Feature",
      "geometry": {
        "type": "LineString",
        "coordinates": [
          [
            129.0338239,
            37.2192624
          ],
          [
            129.0338943,
            37.2191576
          ],
          [
            129.0336765,
            37.2188167
          ],
          [
            129.0329174,
            37.2191243
          ],
          [
            129.0331739,
            37.2195257
          ],
          [
            129.0338239,
            37.2192624
          ]
        ]
      },
      "properties": {
        "frequency": "60",
        "location": "indoor",
        "name": "도계변전소",
        "name:en": "Dogye Substation",
        "name:ko": "도계변전소",
        "power": "substation",
        "substation": "distribution",
        "voltage": "154000"
      }
    },
    {
      "type": "Feature",
      "geometry": {
        "type": "LineString",
        "coordinates": [
          [
            127.7864993,
            36.8272053
          ],
          [
            127.7861062,
            36.8274732
          ],
          [
            127.7864305,
            36.8277781
          ],
          [
            127.7868237,
            36.8275102
          ],
          [
            127.7864993,
            36.8272053
          ]
        ]
      },
      "properties": {
        "frequency": "60",
        "location": "indoor",
        "name": "괴산변전소",
        "name:en": "Goesan Substation",
        "name:ko": "괴산변전소",
        "power": "substation",
        "substation": "distribution",
        "voltage": "154000"
      }
    },
    {
      "type": "Feature",
      "geometry": {
        "type": "LineString",
        "coordinates": [
          [
            127.6840358,
            37.1180992
          ],
          [
            127.683488,
            37.1180547
          ],
          [
            127.6835026,
            37.1179403
          ],
          [
            127.6835802,
            37.1179466
          ],
          [
            127.6835879,
            37.1178863
          ],
          [
            127.6840582,
            37.1179245
          ],
          [
            127.6840358,
            37.1180992
          ]
        ]
      },
      "properties": {
        "building": "yes",
        "frequency": "60",
        "gas_insulated": "yes",
        "location": "indoor",
        "name": "감곡변전소",
        "name:en": "Gamgok Substation",
        "name:ko": "감곡변전소",
        "operator": "한국전력공사",
        "operator:en": "Korea Electric Power Corporation",
        "operator:ko": "한국전력공사",
        "operator:short": "KEPCO",
        "operator:wikidata": "Q486737",
        "power": "substation",
        "substation": "distribution",
        "voltage": "154000"
      }
    },
    {
      "type": "Feature",
      "geometry": {
        "type": "LineString",
        "coordinates": [
          [
            127.1338428,
            35.8244221
          ],
          [
            127.1339141,
            35.8244604
          ],
          [
            127.134001,
            35.8243541
          ],
          [
            127.1336402,
            35.8241605
          ],
          [
            127.1335131,
            35.8243162
          ],
          [
            127.1338025,
            35.8244715
          ],
          [
            127.1338428,
            35.8244221
          ]
        ]
      },
      "properties": {
        "building": "yes",
        "frequency": "60",
        "location": "indoor",
        "name": "태평변전소",
        "name:en": "Taepyeong Substation",
        "name:ko": "태평변전소",
        "power": "substation",
        "substation": "distribution",
        "voltage": "154000"
      }
    },
    {
      "type": "Feature",
      "geometry": {
        "type": "LineString",
        "coordinates": [
          [
            126.9167366,
            35.6169521
          ],
          [
            126.9161063,
            35.6169486
          ],
          [
            126.9160956,
            35.6182089
          ],
          [
            126.9166401,
            35.6182119
          ],
          [
            126.9168366,
            35.618126
          ],
          [
            126.9168086,
            35.6170206
          ],
          [
            126.9167366,
            35.6169521
          ]
        ]
      },
      "properties": {
        "frequency": "60",
        "location": "outdoor",
        "name": "정공변전소",
        "name:en": "Jeonggong Substation",
        "name:ko": "정공변전소",
        "power": "substation",
        "substation": "distribution",
        "voltage": "154000"
      }
    },
    {
      "type": "Feature",
      "geometry": {
        "type": "LineString",
        "coordinates": [
          [
            127.5185734,
            35.6748751
          ],
          [
            127.5182004,
            35.6746726
          ],
          [
            127.5177685,
            35.6751978
          ],
          [
            127.5181416,
            35.6754002
          ],
          [
            127.5185734,
            35.6748751
          ]
        ]
      },
      "properties": {
        "frequency": "60",
        "location": "indoor",
        "name": "장수변전소",
        "name:en": "Jangsu Substation",
        "name:ko": "장수변전소",
        "power": "substation",
        "substation": "distribution",
        "voltage": "154000"
      }
    },
    {
      "type": "Feature",
      "geometry": {
        "type": "LineString",
        "coordinates": [
          [
            126.9808082,
            35.9654078
          ],
          [
            126.9814225,
            35.9654794
          ],
          [
            126.9814959,
            35.9650664
          ],
          [
            126.9808066,
            35.9649861
          ],
          [
            126.9807413,
            35.965353
          ],
          [
            126.9808082,
            35.9654078
          ]
        ]
      },
      "properties": {
        "frequency": "60",
        "location": "indoor",
        "name": "영등변전소",
        "name:en": "Yeongdeung Substation",
        "name:ko": "영등변전소",
        "power": "substation",
        "substation": "distribution",
        "voltage": "154000"
      }
    },
    {
      "type": "Feature",
      "geometry": {
        "type": "LineString",
        "coordinates": [
          [
            126.9995818,
            35.9567993
          ],
          [
            127.0001212,
            35.9572377
          ],
          [
            127.0007622,
            35.956721
          ],
          [
            127.0001597,
            35.9562312
          ],
          [
            126.9995832,
            35.9566959
          ],
          [
            126.9995818,
            35.9567993
          ]
        ]
      },
      "properties": {
        "frequency": "60",
        "location": "indoor",
        "name": "팔봉변전소",
        "name:en": "Palbong Substation",
        "name:ko": "팔봉변전소",
        "power": "substation",
        "substation": "distribution",
        "voltage": "154000"
      }
    },
    {
      "type": "Feature",
      "geometry": {
        "type": "LineString",
        "coordinates": [
          [
            127.1419054,
            35.9424358
          ],
          [
            127.1419403,
            35.9411545
          ],
          [
            127.1409908,
            35.9410981
          ],
          [
            127.140972,
            35.9424292
          ],
          [
            127.1419054,
            35.9424358
          ]
        ]
      },
      "properties": {
        "frequency": "60",
        "location": "outdoor",
        "name": "북전주변전소",
        "name:en": "North-Jeonju Substation",
        "name:ko": "북전주변전소",
        "power": "substation",
        "substation": "distribution",
        "voltage": "154000"
      }
    },
    {
      "type": "Feature",
      "geometry": {
        "type": "LineString",
        "coordinates": [
          [
            127.1219819,
            35.9555551
          ],
          [
            127.1218934,
            35.9554528
          ],
          [
            127.1212459,
            35.9554457
          ],
          [
            127.1212321,
            35.9562512
          ],
          [
            127.1219698,
            35.9562593
          ],
          [
            127.1219819,
            35.9555551
          ]
        ]
      },
      "properties": {
        "frequency": "60",
        "location": "indoor",
        "name": "봉동변전소",
        "name:ko": "봉동변전소",
        "power": "substation",
        "substation": "distribution",
        "voltage": "154000"
      }
    },
    {
      "type": "Feature",
      "geometry": {
        "type": "LineString",
        "coordinates": [
          [
            128.3324361,
            36.9949438
          ],
          [
            128.3310494,
            36.9946032
          ],
          [
            128.3311567,
            36.9942261
          ],
          [
            128.3318058,
            36.9941019
          ],
          [
            128.3322725,
            36.9935663
          ],
          [
            128.3331549,
            36.9940269
          ],
          [
            128.3324361,
            36.9949438
          ]
        ]
      },
      "properties": {
        "frequency": "60",
        "location": "outdoor",
        "name": "단양변전소",
        "name:en": "Danyang Substation",
        "name:ko": "단양변전소",
        "power": "substation",
        "substation": "distribution",
        "voltage": "154000"
      }
    },
    {
      "type": "Feature",
      "geometry": {
        "type": "LineString",
        "coordinates": [
          [
            127.5792235,
            36.981275
          ],
          [
            127.5790299,
            36.9817076
          ],
          [
            127.5799901,
            36.9819819
          ],
          [
            127.5801837,
            36.9815493
          ],
          [
            127.5792235,
            36.981275
          ]
        ]
      },
      "properties": {
        "frequency": "60",
        "location": "indoor",
        "name": "금왕변전소",
        "name:en": "Geumwang Substation",
        "name:ko": "금왕변전소",
        "power": "substation",
        "substation": "distribution",
        "voltage": "154000"
      }
    },
    {
      "type": "Feature",
      "geometry": {
        "type": "LineString",
        "coordinates": [
          [
            127.336468,
            36.6350187
          ],
          [
            127.3368252,
            36.6346774
          ],
          [
            127.3362296,
            36.6342761
          ],
          [
            127.335867,
            36.6346125
          ],
          [
            127.336468,
            36.6350187
          ]
        ]
      },
      "properties": {
        "frequency": "60",
        "location": "indoor",
        "name": "오송변전소",
        "name:ko": "오송변전소",
        "power": "substation",
        "substation": "distribution",
        "voltage": "154000"
      }
    },
    {
      "type": "Feature",
      "geometry": {
        "type": "LineString",
        "coordinates": [
          [
            127.4308321,
            36.6319455
          ],
          [
            127.4301811,
            36.632308
          ],
          [
            127.4303649,
            36.632695
          ],
          [
            127.4307429,
            36.6330859
          ],
          [
            127.4312219,
            36.6331739
          ],
          [
            127.4312568,
            36.6327209
          ],
          [
            127.4313764,
            36.6325749
          ],
          [
            127.4308321,
            36.6319455
          ]
        ]
      },
      "properties": {
        "frequency": "60",
        "location": "outdoor",
        "name": "서청주변전소",
        "name:ko": "서청주변전소",
        "power": "substation",
        "substation": "distribution",
        "voltage": "154000"
      }
    },
    {
      "type": "Feature",
      "geometry": {
        "type": "LineString",
        "coordinates": [
          [
            127.5102988,
            36.6631134
          ],
          [
            127.5105502,
            36.6627674
          ],
          [
            127.5099842,
            36.6625028
          ],
          [
            127.5097328,
            36.6628487
          ],
          [
            127.5102988,
            36.6631134
          ]
        ]
      },
      "properties": {
        "frequency": "60",
        "location": "indoor",
        "name": "상당변전소",
        "name:ko": "상당변전소",
        "power": "substation",
        "substation": "distribution",
        "voltage": "154000"
      }
    },
    {
      "type": "Feature",
      "geometry": {
        "type": "LineString",
        "coordinates": [
          [
            127.475544,
            36.6425907
          ],
          [
            127.4757263,
            36.6419786
          ],
          [
            127.475263,
            36.6418898
          ],
          [
            127.4750808,
            36.6425019
          ],
          [
            127.475544,
            36.6425907
          ]
        ]
      },
      "properties": {
        "frequency": "60",
        "location": "indoor",
        "name": "사직변전소",
        "name:ko": "사직변전소",
        "power": "substation",
        "substation": "distribution",
        "voltage": "154000"
      }
    },
    {
      "type": "Feature",
      "geometry": {
        "type": "LineString",
        "coordinates": [
          [
            127.9193035,
            37.0003956
          ],
          [
            127.9208626,
            37.000464
          ],
          [
            127.9209495,
            36.9992013
          ],
          [
            127.9193903,
            36.9991329
          ],
          [
            127.9193035,
            37.0003956
          ]
        ]
      },
      "properties": {
        "frequency": "60",
        "location": "outdoor",
        "name": "충주변전소",
        "name:en": "Chungju Substation",
        "name:ko": "충주변전소",
        "power": "substation",
        "substation": "distribution",
        "voltage": "154000"
      }
    },
    {
      "type": "Feature",
      "geometry": {
        "type": "LineString",
        "coordinates": [
          [
            127.9707804,
            37.0941509
          ],
          [
            127.9717406,
            37.0939946
          ],
          [
            127.9715917,
            37.0934126
          ],
          [
            127.9706315,
            37.0935689
          ],
          [
            127.9707804,
            37.0941509
          ]
        ]
      },
      "properties": {
        "frequency": "60",
        "location": "indoor",
        "name": "북충주변전소",
        "name:en": "North-Chunju Substation",
        "name:ko": "북충주변전소",
        "power": "substation",
        "substation": "distribution",
        "voltage": "154000"
      }
    },
    {
      "type": "Feature",
      "geometry": {
        "type": "LineString",
        "coordinates": [
          [
            127.4543577,
            36.657814
          ],
          [
            127.4543899,
            36.6574196
          ],
          [
            127.4547489,
            36.65737
          ],
          [
            127.455083,
            36.6573817
          ],
          [
            127.4550907,
            36.6572437
          ],
          [
            127.4553127,
            36.6571918
          ],
          [
            127.4552652,
            36.6578214
          ],
          [
            127.4543577,
            36.657814
          ]
        ]
      },
      "properties": {
        "frequency": "60",
        "location": "indoor",
        "name": "북청주변전소",
        "name:ko": "북청주변전소",
        "power": "substation",
        "substation": "distribution",
        "voltage": "154000"
      }
    },
    {
      "type": "Feature",
      "geometry": {
        "type": "LineString",
        "coordinates": [
          [
            127.4552652,
            36.6578214
          ],
          [
            127.4543577,
            36.657814
          ],
          [
            127.4543357,
            36.6582096
          ],
          [
            127.4552639,
            36.6582447
          ],
          [
            127.4552652,
            36.6578214
          ]
        ]
      },
      "properties": {
        "circuits": "Bongmyeong Substation",
        "frequency": "60",
        "location": "indoor",
        "name": "봉명변전소",
        "name:ko": "봉명변전소",
        "power": "substation",
        "substation": "distribution",
        "voltage": "154000"
      }
    },
    {
      "type": "Feature",
      "geometry": {
        "type": "LineString",
        "coordinates": [
          [
            127.7279419,
            36.4287999
          ],
          [
            127.7291806,
            36.4287022
          ],
          [
            127.7290369,
            36.4275227
          ],
          [
            127.7277982,
            36.4276204
          ],
          [
            127.7279419,
            36.4287999
          ]
        ]
      },
      "properties": {
        "frequency": "60",
        "location": "outdoor",
        "name": "보은변전소",
        "name:en": "Boeun Substation",
        "name:ko": "보은변전소",
        "power": "substation",
        "substation": "distribution",
        "voltage": "154000"
      }
    },
    {
      "type": "Feature",
      "geometry": {
        "type": "LineString",
        "coordinates": [
          [
            127.386193,
            37.0753534
          ],
          [
            127.3865882,
            37.0750396
          ],
          [
            127.3860437,
            37.0746031
          ],
          [
            127.3856485,
            37.0749168
          ],
          [
            127.386193,
            37.0753534
          ]
        ]
      },
      "properties": {
        "frequency": "60",
        "location": "indoor",
        "name": "삼죽변전소",
        "name:en": "Samjuk Substation",
        "name:ko": "삼죽변전소",
        "power": "substation",
        "substation": "distribution",
        "voltage": "154000"
      }
    },
    {
      "type": "Feature",
      "geometry": {
        "type": "LineString",
        "coordinates": [
          [
            127.494683,
            36.9146742
          ],
          [
            127.4948439,
            36.9140609
          ],
          [
            127.4948077,
            36.914003
          ],
          [
            127.4943142,
            36.9138904
          ],
          [
            127.4938863,
            36.9145037
          ],
          [
            127.4940138,
            36.9145595
          ],
          [
            127.494683,
            36.9146742
          ]
        ]
      },
      "properties": {
        "frequency": "60",
        "location": "indoor",
        "name": "덕산변전소",
        "name:en": "Deoksan Substation",
        "name:ko": "덕산변전소",
        "power": "substation",
        "source": "Esri World Imagery",
        "substation": "distribution",
        "voltage": "154000"
      }
    },
    {
      "type": "Feature",
      "geometry": {
        "type": "LineString",
        "coordinates": [
          [
            128.2131275,
            37.153955
          ],
          [
            128.2123988,
            37.1538316
          ],
          [
            128.2115784,
            37.1536513
          ],
          [
            128.2115677,
            37.1538693
          ],
          [
            128.2114416,
            37.1540254
          ],
          [
            128.2113558,
            37.1545513
          ],
          [
            128.2118627,
            37.154718
          ],
          [
            128.2121734,
            37.1547912
          ],
          [
            128.2123911,
            37.1548356
          ],
          [
            128.2126084,
            37.1547522
          ],
          [
            128.2127774,
            37.1547137
          ],
          [
            128.2128954,
            37.1547522
          ],
          [
            128.2131275,
            37.153955
          ]
        ]
      },
      "properties": {
        "frequency": "60",
        "location": "outdoor",
        "name": "제천변전소",
        "name:en": "Jecheon Substation",
        "name:ko": "제천변전소",
        "power": "substation",
        "substation": "distribution",
        "voltage": "154000"
      }
    },
    {
      "type": "Feature",
      "geometry": {
        "type": "LineString",
        "coordinates": [
          [
            127.9677957,
            36.8490828
          ],
          [
            127.9678993,
            36.8484808
          ],
          [
            127.9673629,
            36.8484218
          ],
          [
            127.9672594,
            36.8490237
          ],
          [
            127.9677957,
            36.8490828
          ]
        ]
      },
      "properties": {
        "frequency": "60",
        "location": "indoor",
        "name": "장연변전소",
        "name:en": "Jangyeon Substation",
        "name:ko": "장연변전소",
        "power": "substation",
        "substation": "distribution",
        "voltage": "154000"
      }
    },
    {
      "type": "Feature",
      "geometry": {
        "type": "LineString",
        "coordinates": [
          [
            128.1637178,
            37.1518545
          ],
          [
            128.1638213,
            37.1518679
          ],
          [
            128.1642374,
            37.1516396
          ],
          [
            128.1635803,
            37.1508785
          ],
          [
            128.1631018,
            37.151141
          ],
          [
            128.1637178,
            37.1518545
          ]
        ]
      },
      "properties": {
        "frequency": "60",
        "location": "indoor",
        "name": "왕암변전소",
        "name:en": "Wangam Substation",
        "name:ko": "왕암변전소",
        "power": "substation",
        "source": "Mapbox Satellite",
        "substation": "distribution",
        "voltage": "154000"
      }
    },
    {
      "type": "Feature",
      "geometry": {
        "type": "LineString",
        "coordinates": [
          [
            127.585151,
            36.3008661
          ],
          [
            127.5852573,
            36.3009171
          ],
          [
            127.5857306,
            36.3009081
          ],
          [
            127.5857132,
            36.3003104
          ],
          [
            127.5851351,
            36.3003213
          ],
          [
            127.585151,
            36.3008661
          ]
        ]
      },
      "properties": {
        "frequency": "60",
        "location": "indoor",
        "name": "옥천변전소",
        "name:en": "Okcheon Substation",
        "name:ko": "옥천변전소",
        "power": "substation",
        "source": "Maxar Premium Imagery (Beta)",
        "substation": "distribution",
        "voltage": "154000"
      }
    },
    {
      "type": "Feature",
      "geometry": {
        "type": "LineString",
        "coordinates": [
          [
            127.4017024,
            36.440375
          ],
          [
            127.4017731,
            36.4403737
          ],
          [
            127.4020324,
            36.440161
          ],
          [
            127.401462,
            36.4397142
          ],
          [
            127.4011619,
            36.4399707
          ],
          [
            127.4017024,
            36.440375
          ]
        ]
      },
      "properties": {
        "frequency": "60",
        "location": "indoor",
        "name": "신일변전소",
        "name:ko": "신일변전소",
        "power": "substation",
        "substation": "distribution",
        "voltage": "154000"
      }
    },
    {
      "type": "Feature",
      "geometry": {
        "type": "LineString",
        "coordinates": [
          [
            127.3774463,
            36.3565172
          ],
          [
            127.3767395,
            36.3565129
          ],
          [
            127.3767367,
            36.3568174
          ],
          [
            127.3774434,
            36.3568217
          ],
          [
            127.3774463,
            36.3565172
          ]
        ]
      },
      "properties": {
        "frequency": "60",
        "location": "indoor",
        "name": "둔산변전소",
        "name:ko": "둔산변전소",
        "power": "substation",
        "substation": "distribution",
        "voltage": "154000"
      }
    },
    {
      "type": "Feature",
      "geometry": {
        "type": "LineString",
        "coordinates": [
          [
            127.4144876,
            36.3750379
          ],
          [
            127.4147102,
            36.3745023
          ],
          [
            127.4153593,
            36.3746988
          ],
          [
            127.4149892,
            36.3750119
          ],
          [
            127.4148819,
            36.3751696
          ],
          [
            127.4144876,
            36.3750379
          ]
        ]
      },
      "properties": {
        "frequency": "60",
        "location": "indoor",
        "name": "대화변전소",
        "name:en": "Daehwa Substation",
        "name:ko": "대화변전소",
        "power": "substation",
        "substation": "distribution",
        "voltage": "154000"
      }
    },
    {
      "type": "Feature",
      "geometry": {
        "type": "LineString",
        "coordinates": [
          [
            129.210417,
            35.4652642
          ],
          [
            129.2103633,
            35.465155
          ],
          [
            129.210798,
            35.4650134
          ],
          [
            129.2103553,
            35.4642855
          ],
          [
            129.2112806,
            35.463936
          ],
          [
            129.2114121,
            35.4640802
          ],
          [
            129.2109668,
            35.4650523
          ],
          [
            129.210417,
            35.4652642
          ]
        ]
      },
      "properties": {
        "frequency": "60",
        "location": "outdoor",
        "name": "웅촌변전소",
        "name:ko": "웅촌변전소",
        "power": "substation",
        "source": "Bing aerial imagery",
        "substation": "distribution",
        "voltage": "154000"
      }
    },
    {
      "type": "Feature",
      "geometry": {
        "type": "LineString",
        "coordinates": [
          [
            129.2809242,
            35.5391671
          ],
          [
            129.2809832,
            35.5385822
          ],
          [
            129.2805008,
            35.5385499
          ],
          [
            129.2804418,
            35.5391349
          ],
          [
            129.2809242,
            35.5391671
          ]
        ]
      },
      "properties": {
        "frequency": "60",
        "location": "indoor",
        "name": "옥동변전소",
        "name:ko": "옥동변전소",
        "power": "substation",
        "source": "Bing aerial imagery",
        "substation": "distribution",
        "voltage": "154000"
      }
    },
    {
      "type": "Feature",
      "geometry": {
        "type": "LineString",
        "coordinates": [
          [
            129.1514298,
            35.5556874
          ],
          [
            129.151869,
            35.5554138
          ],
          [
            129.1512468,
            35.5547526
          ],
          [
            129.1508076,
            35.5550262
          ],
          [
            129.1514298,
            35.5556874
          ]
        ]
      },
      "properties": {
        "frequency": "60",
        "location": "indoor",
        "name": "반천변전소",
        "name:ko": "반천변전소",
        "power": "substation",
        "source": "Mapbox Satellite",
        "substation": "distribution",
        "voltage": "154000"
      }
    },
    {
      "type": "Feature",
      "geometry": {
        "type": "LineString",
        "coordinates": [
          [
            129.0965921,
            35.513103
          ],
          [
            129.0977293,
            35.5134131
          ],
          [
            129.0976381,
            35.5138541
          ],
          [
            129.0974504,
            35.5141881
          ],
          [
            129.0966243,
            35.5141947
          ],
          [
            129.0965518,
            35.5136685
          ],
          [
            129.0965921,
            35.513103
          ]
        ]
      },
      "properties": {
        "frequency": "60",
        "location": "outdoor",
        "name": "언양변전소",
        "name:en": "Eonyang Substation",
        "name:ko": "언양변전소",
        "power": "substation",
        "source": "Bing aerial imagery",
        "substation": "distribution",
        "voltage": "154000"
      }
    },
    {
      "type": "Feature",
      "geometry": {
        "type": "LineString",
        "coordinates": [
          [
            129.3366337,
            35.412977
          ],
          [
            129.3369098,
            35.4126155
          ],
          [
            129.3362419,
            35.4122766
          ],
          [
            129.3359658,
            35.4126382
          ],
          [
            129.3366337,
            35.412977
          ]
        ]
      },
      "properties": {
        "frequency": "60",
        "location": "indoor",
        "name": "당월변전소",
        "name:ko": "당월변전소",
        "power": "substation",
        "substation": "distribution",
        "voltage": "154000"
      }
    },
    {
      "type": "Feature",
      "geometry": {
        "type": "LineString",
        "coordinates": [
          [
            129.3375295,
            35.4624417
          ],
          [
            129.3380016,
            35.4624483
          ],
          [
            129.3380146,
            35.4618253
          ],
          [
            129.3375426,
            35.4618188
          ],
          [
            129.3375295,
            35.4624417
          ]
        ]
      },
      "properties": {
        "frequency": "60",
        "location": "indoor",
        "name": "처용변전소",
        "name:en": "Cheoyong Substation",
        "name:ko": "처용변전소",
        "power": "substation",
        "substation": "distribution",
        "voltage": "154000"
      }
    },
    {
      "type": "Feature",
      "geometry": {
        "type": "LineString",
        "coordinates": [
          [
            129.132598,
            35.5806643
          ],
          [
            129.1330969,
            35.580649
          ],
          [
            129.1330138,
            35.5800491
          ],
          [
            129.1324827,
            35.5799117
          ],
          [
            129.132598,
            35.5806643
          ]
        ]
      },
      "properties": {
        "frequency": "60",
        "location": "indoor",
        "name": "직동변전소",
        "name:en": "Jikdong Substation",
        "name:ko": "직동변전소",
        "power": "substation",
        "substation": "distribution",
        "voltage": "154000"
      }
    },
    {
      "type": "Feature",
      "geometry": {
        "type": "LineString",
        "coordinates": [
          [
            126.553524,
            33.5014825
          ],
          [
            126.554157,
            33.5018202
          ],
          [
            126.5535267,
            33.5021456
          ],
          [
            126.5529647,
            33.5022843
          ],
          [
            126.5528963,
            33.5022575
          ],
          [
            126.553524,
            33.5014825
          ]
        ]
      },
      "properties": {
        "frequency": "60",
        "location": "indoor",
        "name": "동제주변전소",
        "name:ko": "동제주변전소",
        "power": "substation",
        "substation": "distribution",
        "voltage": "154000"
      }
    },
    {
      "type": "Feature",
      "geometry": {
        "type": "LineString",
        "coordinates": [
          [
            127.4405607,
            36.3233549
          ],
          [
            127.4411119,
            36.3230924
          ],
          [
            127.440926,
            36.3228389
          ],
          [
            127.4403641,
            36.3229594
          ],
          [
            127.4403352,
            36.3230476
          ],
          [
            127.4405607,
            36.3233549
          ]
        ]
      },
      "properties": {
        "frequency": "60",
        "location": "indoor",
        "name": "신흥변전소",
        "name:ko": "신흥변전소",
        "power": "substation",
        "substation": "distribution",
        "voltage": "154000"
      }
    },
    {
      "type": "Feature",
      "geometry": {
        "type": "LineString",
        "coordinates": [
          [
            127.4354705,
            36.4453956
          ],
          [
            127.4341038,
            36.4452144
          ],
          [
            127.4341153,
            36.4446801
          ],
          [
            127.4342099,
            36.444344
          ],
          [
            127.4343301,
            36.4442917
          ],
          [
            127.4346066,
            36.4443641
          ],
          [
            127.4346594,
            36.4444259
          ],
          [
            127.435036,
            36.4444172
          ],
          [
            127.4355225,
            36.4443083
          ],
          [
            127.435574,
            36.4447774
          ],
          [
            127.4354705,
            36.4453956
          ]
        ]
      },
      "properties": {
        "frequency": "60",
        "location": "outdoor",
        "name": "신탄진변전소",
        "name:en": "Shin-Tanjin Substation",
        "name:ko": "신탄진변전소",
        "power": "substation",
        "substation": "distribution",
        "voltage": "154000"
      }
    },
    {
      "type": "Feature",
      "geometry": {
        "type": "LineString",
        "coordinates": [
          [
            127.6837125,
            34.8397446
          ],
          [
            127.6830975,
            34.8403085
          ],
          [
            127.6834069,
            34.8405358
          ],
          [
            127.6831336,
            34.8407864
          ],
          [
            127.6835584,
            34.8410985
          ],
          [
            127.6844468,
            34.8402841
          ],
          [
            127.6837125,
            34.8397446
          ]
        ]
      },
      "properties": {
        "frequency": "60",
        "location": "outdoor",
        "name": "용성변전소",
        "name:ko": "용성변전소",
        "power": "substation",
        "substation": "distribution",
        "voltage": "154000"
      }
    },
    {
      "type": "Feature",
      "geometry": {
        "type": "LineString",
        "coordinates": [
          [
            127.0910679,
            35.8464631
          ],
          [
            127.0905383,
            35.8458878
          ],
          [
            127.090075,
            35.846168
          ],
          [
            127.0900535,
            35.8462322
          ],
          [
            127.0905529,
            35.8467747
          ],
          [
            127.0910679,
            35.8464631
          ]
        ]
      },
      "properties": {
        "frequency": "60",
        "location": "indoor",
        "name": "팔복변전소",
        "name:en": "Palbok Substation",
        "name:ko": "팔복변전소",
        "power": "substation",
        "substation": "distribution",
        "voltage": "154000"
      }
    },
    {
      "type": "Feature",
      "geometry": {
        "type": "LineString",
        "coordinates": [
          [
            126.8838501,
            35.8411845
          ],
          [
            126.8845421,
            35.8411731
          ],
          [
            126.8845349,
            35.8407752
          ],
          [
            126.884547,
            35.8405458
          ],
          [
            126.8839735,
            35.8405407
          ],
          [
            126.8838188,
            35.8405447
          ],
          [
            126.8838501,
            35.8411845
          ]
        ]
      },
      "properties": {
        "frequency": "60",
        "location": "indoor",
        "name": "백산변전소",
        "name:en": "Baeksan Substation",
        "name:ko": "백산변전소",
        "power": "substation",
        "substation": "distribution",
        "voltage": "154000"
      }
    },
    {
      "type": "Feature",
      "geometry": {
        "type": "LineString",
        "coordinates": [
          [
            127.242904,
            36.466943
          ],
          [
            127.2434056,
            36.4665159
          ],
          [
            127.2430423,
            36.46624
          ],
          [
            127.2425407,
            36.466667
          ],
          [
            127.242904,
            36.466943
          ]
        ]
      },
      "properties": {
        "frequency": "60",
        "location": "indoor",
        "name": "서세종변전소",
        "name:ko": "서세종변전소",
        "power": "substation",
        "substation": "distribution",
        "voltage": "154000"
      }
    },
    {
      "type": "Feature",
      "geometry": {
        "type": "LineString",
        "coordinates": [
          [
            127.2743636,
            36.591937
          ],
          [
            127.2740123,
            36.5919305
          ],
          [
            127.2738755,
            36.5921114
          ],
          [
            127.2736528,
            36.5922815
          ],
          [
            127.2733068,
            36.5920748
          ],
          [
            127.2733471,
            36.5910798
          ],
          [
            127.2744441,
            36.5911272
          ],
          [
            127.2743636,
            36.591937
          ]
        ]
      },
      "properties": {
        "frequency": "60",
        "location": "indoor",
        "name": "조치원변전소",
        "name:en": "Jochiwon Substation",
        "name:ko": "조치원변전소",
        "power": "substation",
        "substation": "distribution",
        "voltage": "154000"
      }
    },
    {
      "type": "Feature",
      "geometry": {
        "type": "LineString",
        "coordinates": [
          [
            126.7798233,
            33.3694462
          ],
          [
            126.7803877,
            33.3695071
          ],
          [
            126.7804869,
            33.3688665
          ],
          [
            126.7799225,
            33.3688055
          ],
          [
            126.7798233,
            33.3694462
          ]
        ]
      },
      "properties": {
        "frequency": "60",
        "location": "indoor",
        "name": "표선변전소",
        "name:ko": "표선변전소",
        "power": "substation",
        "substation": "distribution",
        "voltage": "154000"
      }
    },
    {
      "type": "Feature",
      "geometry": {
        "type": "LineString",
        "coordinates": [
          [
            126.3511312,
            33.2823127
          ],
          [
            126.3511463,
            33.2828445
          ],
          [
            126.3521655,
            33.2828243
          ],
          [
            126.3521504,
            33.2822925
          ],
          [
            126.3511312,
            33.2823127
          ]
        ]
      },
      "properties": {
        "frequency": "60",
        "location": "indoor",
        "name": "안덕변전소",
        "name:ko": "안덕변전소",
        "power": "substation",
        "source": "Mapbox Satellite",
        "substation": "distribution",
        "voltage": "154000"
      }
    },
    {
      "type": "Feature",
      "geometry": {
        "type": "LineString",
        "coordinates": [
          [
            126.2714803,
            33.4012352
          ],
          [
            126.2724352,
            33.4014614
          ],
          [
            126.2727919,
            33.4016943
          ],
          [
            126.273036,
            33.4015375
          ],
          [
            126.2727785,
            33.40128
          ],
          [
            126.2733632,
            33.4009486
          ],
          [
            126.2731218,
            33.4006374
          ],
          [
            126.2729073,
            33.4005411
          ],
          [
            126.2727088,
            33.4005971
          ],
          [
            126.2725398,
            33.4007426
          ],
          [
            126.2722152,
            33.4007829
          ],
          [
            126.2717378,
            33.4006262
          ],
          [
            126.2714803,
            33.4012352
          ]
        ]
      },
      "properties": {
        "frequency": "60",
        "location": "indoor",
        "name": "한림변전소",
        "name:ko": "한림변전소",
        "power": "substation",
        "substation": "distribution",
        "voltage": "154000"
      }
    },
    {
      "type": "Feature",
      "geometry": {
        "type": "LineString",
        "coordinates": [
          [
            128.5991882,
            35.2133435
          ],
          [
            128.6002411,
            35.2133499
          ],
          [
            128.6002436,
            35.2130794
          ],
          [
            128.6001755,
            35.2130199
          ],
          [
            128.5991912,
            35.2130139
          ],
          [
            128.5991882,
            35.2133435
          ]
        ]
      },
      "properties": {
        "location": "surface",
        "name": "수출변전소",
        "name:ko": "수출변전소",
        "power": "substation"
      }
    },
    {
      "type": "Feature",
      "geometry": {
        "type": "LineString",
        "coordinates": [
          [
            127.131884,
            37.4760873
          ],
          [
            127.1318829,
            37.47599
          ],
          [
            127.131882,
            37.4759039
          ],
          [
            127.1324033,
            37.4759003
          ],
          [
            127.1324037,
            37.4759356
          ],
          [
            127.1325035,
            37.4759349
          ],
          [
            127.132505,
            37.4760832
          ],
          [
            127.131884,
            37.4760873
          ]
        ]
      },
      "properties": {
        "building": "yes",
        "building:levels": "3",
        "gas_insulated": "yes",
        "location": "indoor",
        "name": "동남변전소",
        "name:en": "Dongnam Substation",
        "name:ko": "동남변전소",
        "operator": "한국전력공사",
        "operator:en": "Korea Electric Power Corporation",
        "operator:ko": "한국전력공사",
        "operator:short": "KEPCO",
        "operator:wikidata": "Q486737",
        "power": "substation",
        "substation": "distribution",
        "voltage": "154000"
      }
    },
    {
      "type": "Feature",
      "geometry": {
        "type": "LineString",
        "coordinates": [
          [
            127.0088562,
            37.5163332
          ],
          [
            127.0087442,
            37.5162258
          ],
          [
            127.0085649,
            37.5160539
          ],
          [
            127.0087435,
            37.5159368
          ],
          [
            127.0090347,
            37.5162161
          ],
          [
            127.0088562,
            37.5163332
          ]
        ]
      },
      "properties": {
        "building": "yes",
        "frequency": "60",
        "name": "반포변전소",
        "name:en": "Banpo Substation",
        "name:ko": "반포변전소",
        "power": "substation",
        "substation": "distribution",
        "voltage": "154000"
      }
    },
    {
      "type": "Feature",
      "geometry": {
        "type": "LineString",
        "coordinates": [
          [
            126.7263215,
            37.7080812
          ],
          [
            126.7260987,
            37.7079714
          ],
          [
            126.7264057,
            37.7075813
          ],
          [
            126.7266284,
            37.707691
          ],
          [
            126.7263481,
            37.7080474
          ],
          [
            126.7263215,
            37.7080812
          ]
        ]
      },
      "properties": {
        "building": "industrial",
        "gas_insulated": "yes",
        "location": "indoor",
        "name": "운정변전소",
        "name:en": "Unjeong Substation",
        "name:ko": "운정변전소",
        "operator": "한국전력공사",
        "operator:en": "Korea Electric Power Corporation",
        "operator:ko": "한국전력공사",
        "operator:short": "KEPCO",
        "operator:wikidata": "Q486737",
        "power": "substation",
        "substation": "distribution",
        "voltage": "154000"
      }
    },
    {
      "type": "Feature",
      "geometry": {
        "type": "LineString",
        "coordinates": [
          [
            129.0789585,
            35.1755253
          ],
          [
            129.0791845,
            35.1748744
          ],
          [
            129.079639,
            35.1750019
          ],
          [
            129.0797569,
            35.1754605
          ],
          [
            129.079143,
            35.1755469
          ],
          [
            129.0789585,
            35.1755253
          ]
        ]
      },
      "properties": {
        "addr:city": "부산광역시",
        "addr:district": "연제구",
        "addr:housenumber": "858-1",
        "addr:street": "연수로82번길",
        "addr:subdistrict": "연산동",
        "industrial": "substation",
        "name": "양정변전소",
        "operator": "한국전력공사",
        "operator:en": "Korea Electric Power Corporation",
        "operator:ko": "한국전력공사",
        "operator:short": "KEPCO",
        "operator:wikidata": "Q486737",
        "power": "substation",
        "substation": "yes",
        "voltage": "154000"
      }
    },
    {
      "type": "Feature",
      "geometry": {
        "type": "LineString",
        "coordinates": [
          [
            126.7816456,
            36.9546126
          ],
          [
            126.7829472,
            36.9532319
          ],
          [
            126.7862027,
            36.9550641
          ],
          [
            126.7859268,
            36.9555185
          ],
          [
            126.7860516,
            36.9555724
          ],
          [
            126.785989,
            36.9556757
          ],
          [
            126.7858644,
            36.9556069
          ],
          [
            126.7852007,
            36.9566604
          ],
          [
            126.7816456,
            36.9546126
          ]
        ]
      },
      "properties": {
        "frequency": "60",
        "name": "북당진변전소",
        "name:en": "North-Dangjin Substation",
        "power": "substation",
        "substation": "transmission",
        "voltage": "345000"
      }
    },
    {
      "type": "Feature",
      "geometry": {
        "type": "LineString",
        "coordinates": [
          [
            126.7777151,
            37.1712709
          ],
          [
            126.77775,
            37.1719334
          ],
          [
            126.7775702,
            37.1720339
          ],
          [
            126.777302,
            37.1720488
          ],
          [
            126.777243,
            37.1713115
          ],
          [
            126.7777151,
            37.1712709
          ]
        ]
      },
      "properties": {
        "frequency": "60",
        "location": "indoor",
        "name": "마도변전소",
        "name:ko": "마도변전소",
        "power": "substation",
        "substation": "distribution",
        "voltage": "154000"
      }
    },
    {
      "type": "Feature",
      "geometry": {
        "type": "LineString",
        "coordinates": [
          [
            127.1410801,
            36.8895449
          ],
          [
            127.1408793,
            36.8894552
          ],
          [
            127.1411735,
            36.8890444
          ],
          [
            127.1413696,
            36.8891377
          ],
          [
            127.1412996,
            36.8892386
          ],
          [
            127.1410801,
            36.8895449
          ]
        ]
      },
      "properties": {
        "frequency": "60",
        "location": "indoor",
        "name": "직산 변전소",
        "name:en": "Jiksan Substation",
        "power": "substation",
        "substation": "distribution",
        "voltage": "154000"
      }
    },
    {
      "type": "Feature",
      "geometry": {
        "type": "LineString",
        "coordinates": [
          [
            127.0646335,
            36.9078879
          ],
          [
            127.0646338,
            36.90769
          ],
          [
            127.0652373,
            36.9076906
          ],
          [
            127.0652371,
            36.9078161
          ],
          [
            127.0651594,
            36.907816
          ],
          [
            127.0651593,
            36.9078884
          ],
          [
            127.0646335,
            36.9078879
          ]
        ]
      },
      "properties": {
        "building": "service",
        "frequency": "60",
        "location": "indoor",
        "name": "석곡변전소",
        "name:en": "Seokgok Substation",
        "name:ko": "석곡변전소",
        "power": "substation",
        "substation": "distribution",
        "utility": "power",
        "voltage": "154000"
      }
    },
    {
      "type": "Feature",
      "geometry": {
        "type": "LineString",
        "coordinates": [
          [
            127.2988084,
            36.638407
          ],
          [
            127.2988802,
            36.6379687
          ],
          [
            127.2981787,
            36.6378948
          ],
          [
            127.297878,
            36.6382855
          ],
          [
            127.2988084,
            36.638407
          ]
        ]
      },
      "properties": {
        "frequency": "60",
        "landuse": "industrial",
        "location": "indoor",
        "name": "북오송변전소",
        "name:ko": "북오송변전소",
        "power": "substation",
        "voltage": "154000"
      }
    },
    {
      "type": "Feature",
      "geometry": {
        "type": "LineString",
        "coordinates": [
          [
            127.1077233,
            37.4861362
          ],
          [
            127.1077832,
            37.4860076
          ],
          [
            127.1078674,
            37.4858271
          ],
          [
            127.1079119,
            37.4857316
          ],
          [
            127.1077467,
            37.4856831
          ],
          [
            127.1077163,
            37.4857484
          ],
          [
            127.1076713,
            37.4857352
          ],
          [
            127.1075132,
            37.4860745
          ],
          [
            127.1075598,
            37.4860882
          ],
          [
            127.1077233,
            37.4861362
          ]
        ]
      },
      "properties": {
        "building": "yes",
        "gas_insulated": "yes",
        "location": "indoor",
        "name": "수서변전소",
        "name:en": "Suseo Substation",
        "name:ko": "수서변전소",
        "operator": "한국전력공사",
        "operator:en": "Korea Electric Power Corporation",
        "operator:ko": "한국전력공사",
        "operator:short": "KEPCO",
        "operator:wikidata": "Q486737",
        "power": "substation",
        "substation": "distribution",
        "voltage": "154000"
      }
    },
    {
      "type": "Feature",
      "geometry": {
        "type": "LineString",
        "coordinates": [
          [
            126.3967939,
            37.7091197
          ],
          [
            126.3968778,
            37.7089739
          ],
          [
            126.396986,
            37.708786
          ],
          [
            126.396761,
            37.708705
          ],
          [
            126.3965783,
            37.7090224
          ],
          [
            126.3966665,
            37.7090542
          ],
          [
            126.3966571,
            37.7090704
          ],
          [
            126.3967939,
            37.7091197
          ]
        ]
      },
      "properties": {
        "building": "yes",
        "gas_insulated": "yes",
        "location": "indoor",
        "name": "서강화변전소",
        "name:en": "Seoganghwa Substation",
        "name:ko": "서강화변전소",
        "operator": "한국전력공사",
        "operator:en": "Korea Electric Power Corporation",
        "operator:ko": "한국전력공사",
        "operator:short": "KEPCO",
        "operator:wikidata": "Q486737",
        "power": "substation",
        "substation": "distribution",
        "voltage": "154000"
      }
    },
    {
      "type": "Feature",
      "geometry": {
        "type": "LineString",
        "coordinates": [
          [
            127.0683476,
            37.5926396
          ],
          [
            127.0682923,
            37.5921746
          ],
          [
            127.0684561,
            37.5921623
          ],
          [
            127.0685221,
            37.5921574
          ],
          [
            127.0685775,
            37.5926224
          ],
          [
            127.0683476,
            37.5926396
          ]
        ]
      },
      "properties": {
        "addr:city": "서울특별시",
        "addr:district": "동대문구",
        "building": "yes",
        "frequency": "60",
        "location": "indoor",
        "name": "휘경변전소",
        "name:en": "Hwigyeong Substation",
        "name:ko": "휘경변전소",
        "operator": "한국전력공사",
        "operator:en": "Korea Electric Power Corporation",
        "operator:ko": "한국전력공사",
        "operator:short": "KEPCO",
        "operator:wikidata": "Q486737",
        "power": "substation",
        "substation": "distribution",
        "voltage": "154000"
      }
    },
    {
      "type": "Feature",
      "geometry": {
        "type": "LineString",
        "coordinates": [
          [
            126.8026838,
            35.1865641
          ],
          [
            126.8024581,
            35.1865648
          ],
          [
            126.8024601,
            35.1870499
          ],
          [
            126.8026036,
            35.1870495
          ],
          [
            126.8026034,
            35.1870038
          ],
          [
            126.8026856,
            35.1870035
          ],
          [
            126.8026838,
            35.1865641
          ]
        ]
      },
      "properties": {
        "building": "industrial",
        "frequency": "60",
        "location": "indoor",
        "name": "흑석변전소",
        "name:ko": "흑석변전소",
        "power": "substation",
        "substation": "distribution",
        "voltage": "154000"
      }
    },
    {
      "type": "Feature",
      "geometry": {
        "type": "LineString",
        "coordinates": [
          [
            126.984411,
            37.4758208
          ],
          [
            126.9843695,
            37.4756455
          ],
          [
            126.9840483,
            37.4756934
          ],
          [
            126.9837809,
            37.4757333
          ],
          [
            126.9838224,
            37.4759086
          ],
          [
            126.9840172,
            37.4758795
          ],
          [
            126.984411,
            37.4758208
          ]
        ]
      },
      "properties": {
        "building": "industrial",
        "frequency": "60",
        "location": "indoor",
        "name": "사당변전소",
        "name:en": "Sadang Substation",
        "name:ko": "사당변전소",
        "operator": "한국전력공사",
        "operator:en": "Korea Electric Power Corporation",
        "operator:ko": "한국전력공사",
        "operator:short": "KEPCO",
        "operator:wikidata": "Q486737",
        "power": "substation",
        "substation": "distribution",
        "voltage": "154000"
      }
    },
    {
      "type": "Feature",
      "geometry": {
        "type": "LineString",
        "coordinates": [
          [
            126.4424846,
            36.8448278
          ],
          [
            126.442565,
            36.8440035
          ],
          [
            126.4431632,
            36.8440658
          ],
          [
            126.4439115,
            36.8443642
          ],
          [
            126.4437801,
            36.8449094
          ],
          [
            126.4424846,
            36.8448278
          ]
        ]
      },
      "properties": {
        "frequency": "60",
        "location": "indoor",
        "name": "성연변전소",
        "name:en": "Seongyeon Substation",
        "name:ko": "성연변전소",
        "power": "substation",
        "substation": "distribution",
        "voltage": "154000"
      }
    },
    {
      "type": "Feature",
      "geometry": {
        "type": "LineString",
        "coordinates": [
          [
            129.0997904,
            35.2484276
          ],
          [
            129.099734,
            35.2481487
          ],
          [
            129.1007322,
            35.2480141
          ],
          [
            129.1007886,
            35.248293
          ],
          [
            129.0997904,
            35.2484276
          ]
        ]
      },
      "properties": {
        "frequency": "60",
        "location": "outdoor",
        "name": "구서변전소",
        "name:ko": "구서변전소",
        "power": "substation",
        "substation": "distribution",
        "voltage": "154000"
      }
    },
    {
      "type": "Feature",
      "geometry": {
        "type": "LineString",
        "coordinates": [
          [
            129.1348276,
            35.1730802
          ],
          [
            129.1347603,
            35.172734
          ],
          [
            129.1353922,
            35.172652
          ],
          [
            129.1354595,
            35.1729982
          ],
          [
            129.1348276,
            35.1730802
          ]
        ]
      },
      "properties": {
        "addr:city": "부산광역시",
        "addr:district": "해운대구",
        "addr:housenumber": "1216-11",
        "addr:subdistrict": "우동",
        "frequency": "60",
        "industrial": "substation",
        "landuse": "industrial",
        "name": "수영변전소",
        "name:ko": "수영변전소",
        "power": "substation",
        "substation": "distribution",
        "voltage": "154000"
      }
    },
    {
      "type": "Feature",
      "geometry": {
        "type": "LineString",
        "coordinates": [
          [
            126.8452182,
            37.4794927
          ],
          [
            126.8450574,
            37.4795042
          ],
          [
            126.8450656,
            37.4795763
          ],
          [
            126.8449982,
            37.4795811
          ],
          [
            126.8450396,
            37.4799464
          ],
          [
            126.8452679,
            37.4799301
          ],
          [
            126.8452182,
            37.4794927
          ]
        ]
      },
      "properties": {
        "building": "industrial",
        "gas_insulated": "yes",
        "location": "indoor",
        "name": "천왕변전소",
        "name:en": "Cheonwang Substation",
        "name:ko": "천왕변전소",
        "operator": "한국전력공사",
        "operator:en": "Korea Electric Power Corporation",
        "operator:ko": "한국전력공사",
        "operator:short": "KEPCO",
        "operator:wikidata": "Q486737",
        "power": "substation",
        "substation": "distribution",
        "voltage": "154000"
      }
    },
    {
      "type": "Feature",
      "geometry": {
        "type": "LineString",
        "coordinates": [
          [
            126.836565,
            37.5705511
          ],
          [
            126.8364347,
            37.5705475
          ],
          [
            126.8364336,
            37.570574
          ],
          [
            126.8363484,
            37.5705716
          ],
          [
            126.8360067,
            37.5705622
          ],
          [
            126.836,
            37.5707148
          ],
          [
            126.836218,
            37.5707208
          ],
          [
            126.8362751,
            37.5707224
          ],
          [
            126.8363395,
            37.5707242
          ],
          [
            126.8364286,
            37.5707266
          ],
          [
            126.8364296,
            37.570705
          ],
          [
            126.8365035,
            37.570707
          ],
          [
            126.8365596,
            37.5706726
          ],
          [
            126.836565,
            37.5705511
          ]
        ]
      },
      "properties": {
        "building": "yes",
        "gas_insulated": "yes",
        "location": "indoor",
        "name": "가양변전소",
        "name:en": "Gayang Substation",
        "name:ko": "가양변전소",
        "operator": "한국전력공사",
        "operator:en": "Korea Electric Power Corporation",
        "operator:ko": "한국전력공사",
        "operator:short": "KEPCO",
        "operator:wikidata": "Q486737",
        "power": "substation",
        "substation": "distribution",
        "voltage": "154000"
      }
    },
    {
      "type": "Feature",
      "geometry": {
        "type": "LineString",
        "coordinates": [
          [
            127.0564971,
            37.5598423
          ],
          [
            127.0569917,
            37.5596617
          ],
          [
            127.0568976,
            37.5594998
          ],
          [
            127.0564881,
            37.5596494
          ],
          [
            127.0565268,
            37.5597161
          ],
          [
            127.0564418,
            37.5597471
          ],
          [
            127.0564971,
            37.5598423
          ]
        ]
      },
      "properties": {
        "building": "yes",
        "frequency": "60",
        "name": "군자변전소",
        "name:en": "Gunja Substation",
        "name:ko": "군자변전소",
        "power": "substation",
        "substation": "distribution",
        "voltage": "154000"
      }
    },
    {
      "type": "Feature",
      "geometry": {
        "type": "LineString",
        "coordinates": [
          [
            127.0332427,
            37.5680788
          ],
          [
            127.0333372,
            37.5681272
          ],
          [
            127.0334345,
            37.568177
          ],
          [
            127.0337322,
            37.5678117
          ],
          [
            127.0335547,
            37.5677207
          ],
          [
            127.0335405,
            37.5677135
          ],
          [
            127.0332427,
            37.5680788
          ]
        ]
      },
      "properties": {
        "building": "yes",
        "frequency": "60",
        "name": "마장변전소",
        "name:en": "Majang Substation",
        "name:ko": "마장변전소",
        "operator": "한국전력공사",
        "operator:en": "Korea Electric Power Corporation",
        "operator:ko": "한국전력공사",
        "operator:short": "KEPCO",
        "operator:wikidata": "Q486737",
        "power": "substation",
        "substation": "distribution",
        "voltage": "154000"
      }
    },
    {
      "type": "Feature",
      "geometry": {
        "type": "LineString",
        "coordinates": [
          [
            127.0391305,
            37.5684612
          ],
          [
            127.0393578,
            37.568364
          ],
          [
            127.0392542,
            37.5682117
          ],
          [
            127.0391006,
            37.5679859
          ],
          [
            127.0390526,
            37.5680064
          ],
          [
            127.0390232,
            37.5679633
          ],
          [
            127.0389914,
            37.5679769
          ],
          [
            127.0389828,
            37.5679642
          ],
          [
            127.0388353,
            37.5680273
          ],
          [
            127.0391305,
            37.5684612
          ]
        ]
      },
      "properties": {
        "building": "yes",
        "frequency": "60",
        "name": "왕십리변전소",
        "name:en": "Wangsimni Substation",
        "name:ko": "왕십리변전소",
        "operator": "한국전력공사",
        "operator:en": "Korea Electric Power Corporation",
        "operator:ko": "한국전력공사",
        "operator:short": "KEPCO",
        "operator:wikidata": "Q486737",
        "power": "substation",
        "substation": "distribution",
        "voltage": "154000"
      }
    },
    {
      "type": "Feature",
      "geometry": {
        "type": "LineString",
        "coordinates": [
          [
            127.0695432,
            37.5364118
          ],
          [
            127.0697714,
            37.5363454
          ],
          [
            127.069604,
            37.5359837
          ],
          [
            127.0695831,
            37.5359898
          ],
          [
            127.0695504,
            37.5359191
          ],
          [
            127.0693432,
            37.5359794
          ],
          [
            127.0695432,
            37.5364118
          ]
        ]
      },
      "properties": {
        "building": "yes",
        "frequency": "60",
        "name": "뚝도변전소",
        "name:en": "Ttukdo Substation",
        "name:ko": "뚝도변전소",
        "operator": "한국전력공사",
        "operator:en": "Korea Electric Power Corporation",
        "operator:ko": "한국전력공사",
        "operator:short": "KEPCO",
        "operator:wikidata": "Q486737",
        "power": "substation",
        "substation": "distribution",
        "voltage": "154000"
      }
    },
    {
      "type": "Feature",
      "geometry": {
        "type": "LineString",
        "coordinates": [
          [
            127.0983749,
            37.5459113
          ],
          [
            127.0987861,
            37.5453298
          ],
          [
            127.0999347,
            37.5458403
          ],
          [
            127.0995905,
            37.5463272
          ],
          [
            127.0994627,
            37.5462704
          ],
          [
            127.0993957,
            37.5463652
          ],
          [
            127.0993146,
            37.5463292
          ],
          [
            127.0983749,
            37.5459113
          ]
        ]
      },
      "properties": {
        "frequency": "60",
        "name": "광장변전소",
        "name:en": "Gwangjang Substation",
        "name:ko": "광장변전소",
        "operator": "한국전력공사",
        "operator:en": "Korea Electric Power Corporation",
        "operator:ko": "한국전력공사",
        "operator:short": "KEPCO",
        "operator:wikidata": "Q486737",
        "power": "substation",
        "substation": "distribution",
        "voltage": "154000"
      }
    },
    {
      "type": "Feature",
      "geometry": {
        "type": "LineString",
        "coordinates": [
          [
            127.0334909,
            37.525079
          ],
          [
            127.0341559,
            37.525029
          ],
          [
            127.0340972,
            37.5247477
          ],
          [
            127.033457,
            37.5247957
          ],
          [
            127.0334622,
            37.524839
          ],
          [
            127.0334818,
            37.5250032
          ],
          [
            127.0334909,
            37.525079
          ]
        ]
      },
      "properties": {
        "frequency": "60",
        "gas_insulated": "yes",
        "location": "underground",
        "name": "신사변전소",
        "name:en": "Sinsa Substation",
        "name:ko": "신사변전소",
        "operator": "한국전력공사",
        "operator:en": "Korea Electric Power Corporation",
        "operator:ko": "한국전력공사",
        "operator:short": "KEPCO",
        "operator:wikidata": "Q486737",
        "power": "substation",
        "substation": "distribution",
        "voltage": "154000"
      }
    },
    {
      "type": "Feature",
      "geometry": {
        "type": "LineString",
        "coordinates": [
          [
            127.0460489,
            37.465832
          ],
          [
            127.046225,
            37.4659505
          ],
          [
            127.0463921,
            37.4659697
          ],
          [
            127.046517,
            37.4659576
          ],
          [
            127.0465694,
            37.4659525
          ],
          [
            127.0468208,
            37.4658269
          ],
          [
            127.0466766,
            37.4655606
          ],
          [
            127.0460489,
            37.465832
          ]
        ]
      },
      "properties": {
        "location": "underground",
        "name": "염곡변전소",
        "name:en": "Yeomgok Substation",
        "name:ko": "염곡변전소",
        "operator": "한국전력공사",
        "operator:en": "Korea Electric Power Corporation",
        "operator:ko": "한국전력공사",
        "operator:short": "KEPCO",
        "operator:wikidata": "Q486737",
        "power": "substation",
        "substation": "distribution",
        "voltage": "154000"
      }
    },
    {
      "type": "Feature",
      "geometry": {
        "type": "LineString",
        "coordinates": [
          [
            127.073679,
            37.4837996
          ],
          [
            127.0738302,
            37.4836635
          ],
          [
            127.0739543,
            37.4837504
          ],
          [
            127.0742377,
            37.4839486
          ],
          [
            127.0741153,
            37.4840587
          ],
          [
            127.0740468,
            37.4840108
          ],
          [
            127.074018,
            37.4840367
          ],
          [
            127.0738085,
            37.4838902
          ],
          [
            127.073679,
            37.4837996
          ]
        ]
      },
      "properties": {
        "building": "yes",
        "gas_insulated": "yes",
        "location": "indoor",
        "name": "개포변전소",
        "name:en": "Gaepo Substation",
        "name:ko": "개포변전소",
        "operator": "한국전력공사",
        "operator:en": "Korea Electric Power Corporation",
        "operator:ko": "한국전력공사",
        "operator:short": "KEPCO",
        "operator:wikidata": "Q486737",
        "power": "substation",
        "substation": "distribution",
        "voltage": "154000"
      }
    },
    {
      "type": "Feature",
      "geometry": {
        "type": "LineString",
        "coordinates": [
          [
            127.1192487,
            37.5088506
          ],
          [
            127.1197561,
            37.508651
          ],
          [
            127.119688,
            37.5085422
          ],
          [
            127.1196508,
            37.5084826
          ],
          [
            127.1191435,
            37.5086824
          ],
          [
            127.1192487,
            37.5088506
          ]
        ]
      },
      "properties": {
        "building": "yes",
        "gas_insulated": "yes",
        "location": "indoor",
        "name": "송파변전소",
        "name:en": "Songpa Substation",
        "name:ko": "송파변전소",
        "operator": "한국전력공사",
        "operator:en": "Korea Electric Power Corporation",
        "operator:ko": "한국전력공사",
        "operator:short": "KEPCO",
        "operator:wikidata": "Q486737",
        "power": "substation",
        "substation": "distribution",
        "voltage": "154000"
      }
    },
    {
      "type": "Feature",
      "geometry": {
        "type": "LineString",
        "coordinates": [
          [
            127.1769908,
            37.5477957
          ],
          [
            127.1769871,
            37.5476205
          ],
          [
            127.1774662,
            37.5476142
          ],
          [
            127.1774673,
            37.547666
          ],
          [
            127.1775419,
            37.547665
          ],
          [
            127.1775444,
            37.5477884
          ],
          [
            127.1772856,
            37.5477918
          ],
          [
            127.1769908,
            37.5477957
          ]
        ]
      },
      "properties": {
        "building": "yes",
        "gas_insulated": "yes",
        "height": "16.45",
        "location": "indoor",
        "name": "상일변전소",
        "name:en": "Sangil Substation",
        "name:ko": "상일변전소",
        "operator": "한국전력공사",
        "operator:en": "Korea Electric Power Corporation",
        "operator:ko": "한국전력공사",
        "operator:short": "KEPCO",
        "operator:wikidata": "Q486737",
        "power": "substation",
        "substation": "distribution",
        "voltage": "154000"
      }
    },
    {
      "type": "Feature",
      "geometry": {
        "type": "LineString",
        "coordinates": [
          [
            126.8774847,
            37.4772951
          ],
          [
            126.8781842,
            37.4775829
          ],
          [
            126.8783473,
            37.4775744
          ],
          [
            126.8787759,
            37.4768321
          ],
          [
            126.8779313,
            37.4766073
          ],
          [
            126.877825,
            37.476771
          ],
          [
            126.8774847,
            37.4772951
          ]
        ]
      },
      "properties": {
        "location": "outdoor",
        "name": "구공변전소",
        "name:en": "Gugong Substation",
        "name:ko": "구공변전소",
        "operator": "한국전력공사",
        "operator:en": "Korea Electric Power Corporation",
        "operator:ko": "한국전력공사",
        "operator:short": "KEPCO",
        "operator:wikidata": "Q486737",
        "power": "substation",
        "substation": "distribution",
        "voltage": "154000"
      }
    },
    {
      "type": "Feature",
      "geometry": {
        "type": "LineString",
        "coordinates": [
          [
            126.9170509,
            37.4720557
          ],
          [
            126.9174781,
            37.472127
          ],
          [
            126.9175264,
            37.4719444
          ],
          [
            126.9170993,
            37.471873
          ],
          [
            126.9170509,
            37.4720557
          ]
        ]
      },
      "properties": {
        "building": "yes",
        "location": "indoor",
        "name": "대방변전소",
        "name:en": "Daebang Substation",
        "name:ko": "대방변전소",
        "operator": "한국전력공사",
        "operator:en": "Korea Electric Power Corporation",
        "operator:ko": "한국전력공사",
        "operator:short": "KEPCO",
        "operator:wikidata": "Q486737",
        "power": "substation",
        "substation": "distribution",
        "voltage": "154000"
      }
    },
    {
      "type": "Feature",
      "geometry": {
        "type": "LineString",
        "coordinates": [
          [
            126.8759522,
            37.5322686
          ],
          [
            126.8763599,
            37.5322088
          ],
          [
            126.876298,
            37.5319435
          ],
          [
            126.8758903,
            37.5320033
          ],
          [
            126.8759522,
            37.5322686
          ]
        ]
      },
      "properties": {
        "location": "underground",
        "name": "양천변전소",
        "name:en": "Yangcheon Substation",
        "name:ko": "양천변전소",
        "operator": "한국전력공사",
        "operator:en": "Korea Electric Power Corporation",
        "operator:ko": "한국전력공사",
        "operator:short": "KEPCO",
        "operator:wikidata": "Q486737",
        "power": "substation",
        "substation": "distribution",
        "voltage": "154000"
      }
    },
    {
      "type": "Feature",
      "geometry": {
        "type": "LineString",
        "coordinates": [
          [
            126.8462887,
            37.5102184
          ],
          [
            126.8465317,
            37.5097699
          ],
          [
            126.8469303,
            37.5099059
          ],
          [
            126.8466873,
            37.5103543
          ],
          [
            126.8465985,
            37.510324
          ],
          [
            126.8462887,
            37.5102184
          ]
        ]
      },
      "properties": {
        "location": "underground",
        "name": "신정변전소",
        "name:en": "Sinjeong Substation",
        "name:ko": "신정변전소",
        "operator": "한국전력공사",
        "operator:en": "Korea Electric Power Corporation",
        "operator:ko": "한국전력공사",
        "operator:short": "KEPCO",
        "operator:wikidata": "Q486737",
        "power": "substation",
        "substation": "distribution",
        "voltage": "154000"
      }
    },
    {
      "type": "Feature",
      "geometry": {
        "type": "LineString",
        "coordinates": [
          [
            126.8622944,
            37.5022115
          ],
          [
            126.8625093,
            37.5022839
          ],
          [
            126.8627195,
            37.5018918
          ],
          [
            126.8625763,
            37.5018435
          ],
          [
            126.8625458,
            37.5019003
          ],
          [
            126.8624741,
            37.5018761
          ],
          [
            126.8622944,
            37.5022115
          ]
        ]
      },
      "properties": {
        "building": "industrial",
        "gas_insulated": "yes",
        "location": "indoor",
        "name": "오류변전소",
        "name:en": "Oryu Substation",
        "name:ko": "오류변전소",
        "operator": "한국전력공사",
        "operator:en": "Korea Electric Power Corporation",
        "operator:ko": "한국전력공사",
        "operator:short": "KEPCO",
        "operator:wikidata": "Q486737",
        "power": "substation",
        "substation": "distribution",
        "voltage": "154000"
      }
    },
    {
      "type": "Feature",
      "geometry": {
        "type": "LineString",
        "coordinates": [
          [
            126.9222271,
            37.4910233
          ],
          [
            126.9227171,
            37.4909448
          ],
          [
            126.9226219,
            37.4905703
          ],
          [
            126.9226121,
            37.4905318
          ],
          [
            126.922122,
            37.4906102
          ],
          [
            126.9222271,
            37.4910233
          ]
        ]
      },
      "properties": {
        "level": "-3",
        "location": "underground",
        "name": "신길변전소",
        "name:en": "Singil Substation",
        "name:ko": "신길변전소",
        "operator": "한국전력공사",
        "operator:en": "Korea Electric Power Corporation",
        "operator:ko": "한국전력공사",
        "operator:short": "KEPCO",
        "operator:wikidata": "Q486737",
        "power": "substation",
        "substation": "distribution",
        "voltage": "154000"
      }
    },
    {
      "type": "Feature",
      "geometry": {
        "type": "LineString",
        "coordinates": [
          [
            126.9687753,
            37.5825166
          ],
          [
            126.9690075,
            37.5825173
          ],
          [
            126.9690077,
            37.5824653
          ],
          [
            126.9690097,
            37.5820496
          ],
          [
            126.9687775,
            37.5820489
          ],
          [
            126.9687753,
            37.5825166
          ]
        ]
      },
      "properties": {
        "building": "industrial",
        "gas_insulated": "yes",
        "location": "indoor",
        "name": "옥인변전소",
        "name:en": "Ogin Substation",
        "name:ko": "옥인변전소",
        "operator": "한국전력공사",
        "operator:en": "Korea Electric Power Corporation",
        "operator:ko": "한국전력공사",
        "operator:short": "KEPCO",
        "operator:wikidata": "Q486737",
        "power": "substation",
        "substation": "distribution",
        "voltage": "154000"
      }
    },
    {
      "type": "Feature",
      "geometry": {
        "type": "LineString",
        "coordinates": [
          [
            126.9548956,
            37.5768813
          ],
          [
            126.9549566,
            37.576799
          ],
          [
            126.9550745,
            37.5766399
          ],
          [
            126.9551696,
            37.5765117
          ],
          [
            126.9547693,
            37.5763252
          ],
          [
            126.9546105,
            37.5765394
          ],
          [
            126.9548713,
            37.5766608
          ],
          [
            126.9547759,
            37.5767895
          ],
          [
            126.9548019,
            37.5768016
          ],
          [
            126.9547821,
            37.5768284
          ],
          [
            126.9548956,
            37.5768813
          ]
        ]
      },
      "properties": {
        "building": "yes",
        "gas_insulated": "yes",
        "location": "indoor",
        "name": "현저변전소",
        "name:en": "Hyeonjeo Substation",
        "name:ko": "현저변전소",
        "operator": "한국전력공사",
        "operator:en": "Korea Electric Power Corporation",
        "operator:ko": "한국전력공사",
        "operator:short": "KEPCO",
        "operator:wikidata": "Q486737",
        "power": "substation",
        "substation": "distribution",
        "voltage": "154000"
      }
    },
    {
      "type": "Feature",
      "geometry": {
        "type": "LineString",
        "coordinates": [
          [
            127.0953571,
            37.6107947
          ],
          [
            127.0959081,
            37.6107294
          ],
          [
            127.095895,
            37.6106598
          ],
          [
            127.0958856,
            37.6106098
          ],
          [
            127.0958742,
            37.6105495
          ],
          [
            127.0954139,
            37.610604
          ],
          [
            127.0954194,
            37.6106336
          ],
          [
            127.0953288,
            37.6106443
          ],
          [
            127.0953571,
            37.6107947
          ]
        ]
      },
      "properties": {
        "building": "yes",
        "location": "indoor",
        "name": "신내변전소",
        "name:en": "Sinnae Substation",
        "name:ko": "신내변전소",
        "operator": "한국전력공사",
        "operator:en": "Korea Electric Power Corporation",
        "operator:ko": "한국전력공사",
        "operator:short": "KEPCO",
        "operator:wikidata": "Q486737",
        "power": "substation",
        "substation": "distribution",
        "voltage": "154000"
      }
    },
    {
      "type": "Feature",
      "geometry": {
        "type": "LineString",
        "coordinates": [
          [
            127.0586435,
            37.6282767
          ],
          [
            127.0584943,
            37.6279986
          ],
          [
            127.0587332,
            37.6279036
          ],
          [
            127.0589444,
            37.6278193
          ],
          [
            127.0593631,
            37.6280014
          ],
          [
            127.0592324,
            37.6281171
          ],
          [
            127.0586435,
            37.6282767
          ]
        ]
      },
      "properties": {
        "building": "yes",
        "location": "indoor",
        "name": "노원변전소",
        "name:en": "Nowon Substation",
        "name:ko": "노원변전소",
        "operator": "한국전력공사",
        "operator:en": "Korea Electric Power Corporation",
        "operator:ko": "한국전력공사",
        "operator:short": "KEPCO",
        "operator:wikidata": "Q486737",
        "power": "substation",
        "substation": "distribution",
        "voltage": "154000"
      }
    },
    {
      "type": "Feature",
      "geometry": {
        "type": "LineString",
        "coordinates": [
          [
            127.0272382,
            37.6471314
          ],
          [
            127.0274337,
            37.6473695
          ],
          [
            127.0273303,
            37.6474227
          ],
          [
            127.0273793,
            37.6474824
          ],
          [
            127.0272819,
            37.6475326
          ],
          [
            127.0272288,
            37.6475599
          ],
          [
            127.0271825,
            37.6475837
          ],
          [
            127.0271307,
            37.6475206
          ],
          [
            127.0270359,
            37.6475693
          ],
          [
            127.0268433,
            37.6473347
          ],
          [
            127.0272382,
            37.6471314
          ]
        ]
      },
      "properties": {
        "building": "yes",
        "name": "쌍문변전소",
        "name:en": "Ssangmun Substation",
        "name:ko": "쌍문변전소",
        "operator": "한국전력공사",
        "operator:en": "Korea Electric Power Corporation",
        "operator:ko": "한국전력공사",
        "operator:short": "KEPCO",
        "operator:wikidata": "Q486737",
        "power": "substation",
        "substation": "distribution",
        "voltage": "154000"
      }
    },
    {
      "type": "Feature",
      "geometry": {
        "type": "LineString",
        "coordinates": [
          [
            126.9569331,
            37.5313791
          ],
          [
            126.9570496,
            37.5312243
          ],
          [
            126.9574445,
            37.5314112
          ],
          [
            126.9574121,
            37.5314542
          ],
          [
            126.9574858,
            37.5314891
          ],
          [
            126.9574018,
            37.5316009
          ],
          [
            126.9569331,
            37.5313791
          ]
        ]
      },
      "properties": {
        "building": "yes",
        "name": "용산변전소",
        "name:en": "Yongsan Substation",
        "name:ko": "용산변전소",
        "operator": "한국전력공사",
        "operator:en": "Korea Electric Power Corporation",
        "operator:ko": "한국전력공사",
        "operator:short": "KEPCO",
        "operator:wikidata": "Q486737",
        "power": "substation",
        "substation": "distribution",
        "voltage": "154000"
      }
    },
    {
      "type": "Feature",
      "geometry": {
        "type": "LineString",
        "coordinates": [
          [
            127.280637,
            37.3951094
          ],
          [
            127.2809457,
            37.3947444
          ],
          [
            127.2807456,
            37.3946376
          ],
          [
            127.28049,
            37.3949397
          ],
          [
            127.2805584,
            37.3949762
          ],
          [
            127.2805052,
            37.3950391
          ],
          [
            127.280637,
            37.3951094
          ]
        ]
      },
      "properties": {
        "building": "yes",
        "gas_insulated": "yes",
        "location": "indoor",
        "name": "초월변전소",
        "name:en": "Chowol Substation",
        "name:ko": "초월변전소",
        "operator": "한국전력공사",
        "operator:en": "Korea Electric Power Corporation",
        "operator:ko": "한국전력공사",
        "operator:short": "KEPCO",
        "operator:wikidata": "Q486737",
        "power": "substation",
        "substation": "distribution",
        "voltage": "154000"
      }
    },
    {
      "type": "Feature",
      "geometry": {
        "type": "LineString",
        "coordinates": [
          [
            126.8939354,
            37.5200301
          ],
          [
            126.8941706,
            37.5199927
          ],
          [
            126.8941132,
            37.5197654
          ],
          [
            126.8940518,
            37.5195225
          ],
          [
            126.8938165,
            37.5195599
          ],
          [
            126.8939354,
            37.5200301
          ]
        ]
      },
      "properties": {
        "building": "yes",
        "building:levels": "2",
        "gas_insulated": "yes",
        "location": "indoor",
        "name": "문래변전소",
        "name:en": "Mullae Substation",
        "name:ko": "문래변전소",
        "operator": "한국전력공사",
        "operator:en": "Korea Electric Power Corporation",
        "operator:ko": "한국전력공사",
        "operator:short": "KEPCO",
        "operator:wikidata": "Q486737",
        "power": "substation",
        "substation": "distribution",
        "voltage": "154000"
      }
    },
    {
      "type": "Feature",
      "geometry": {
        "type": "LineString",
        "coordinates": [
          [
            126.8932434,
            37.5304914
          ],
          [
            126.8930648,
            37.5302739
          ],
          [
            126.8929476,
            37.5301312
          ],
          [
            126.8927723,
            37.5302218
          ],
          [
            126.8930217,
            37.5305254
          ],
          [
            126.8930764,
            37.5304972
          ],
          [
            126.8931227,
            37.5305537
          ],
          [
            126.8932434,
            37.5304914
          ]
        ]
      },
      "properties": {
        "building": "yes",
        "location": "indoor",
        "name": "양평변전소",
        "name:en": "Yangpyeong Substation",
        "name:ko": "양평변전소",
        "operator": "한국전력공사",
        "operator:en": "Korea Electric Power Corporation",
        "operator:ko": "한국전력공사",
        "operator:short": "KEPCO",
        "operator:wikidata": "Q486737",
        "power": "substation",
        "substation": "distribution",
        "voltage": "154000"
      }
    },
    {
      "type": "Feature",
      "geometry": {
        "type": "LineString",
        "coordinates": [
          [
            126.9920048,
            37.5688175
          ],
          [
            126.9921762,
            37.5688398
          ],
          [
            126.9922118,
            37.5686677
          ],
          [
            126.9918918,
            37.5686261
          ],
          [
            126.991867,
            37.5687455
          ],
          [
            126.9920157,
            37.5687649
          ],
          [
            126.9920048,
            37.5688175
          ]
        ]
      },
      "properties": {
        "building": "yes",
        "gas_insulated": "yes",
        "location": "indoor",
        "name": "종로변전소",
        "name:en": "Jongno Substation",
        "name:ko": "종로변전소",
        "operator": "한국전력공사",
        "operator:en": "Korea Electric Power Corporation",
        "operator:ko": "한국전력공사",
        "operator:short": "KEPCO",
        "operator:wikidata": "Q486737",
        "power": "substation",
        "substation": "distribution",
        "voltage": "154000"
      }
    },
    {
      "type": "Feature",
      "geometry": {
        "type": "LineString",
        "coordinates": [
          [
            126.974871,
            37.5732242
          ],
          [
            126.9748767,
            37.5731168
          ],
          [
            126.9748778,
            37.5730952
          ],
          [
            126.9748834,
            37.5729896
          ],
          [
            126.9754443,
            37.5730081
          ],
          [
            126.975432,
            37.5732427
          ],
          [
            126.974871,
            37.5732242
          ]
        ]
      },
      "properties": {
        "gas_insulated": "yes",
        "location": "underground",
        "name": "세종로변전소",
        "name:en": "Sejongro Substation",
        "name:ja": "世宗路変電所",
        "name:ko": "세종로변전소",
        "operator": "한국전력공사",
        "operator:en": "Korea Electric Power Corporation",
        "operator:ko": "한국전력공사",
        "operator:short": "KEPCO",
        "operator:wikidata": "Q486737",
        "power": "substation",
        "substation": "distribution",
        "voltage": "154000"
      }
    },
    {
      "type": "Feature",
      "geometry": {
        "type": "LineString",
        "coordinates": [
          [
            127.0412329,
            37.5942241
          ],
          [
            127.0412784,
            37.5940149
          ],
          [
            127.0412896,
            37.593995
          ],
          [
            127.041412,
            37.5937769
          ],
          [
            127.040629,
            37.5937817
          ],
          [
            127.040802,
            37.5941604
          ],
          [
            127.0412329,
            37.5942241
          ]
        ]
      },
      "properties": {
        "location": "outdoor",
        "name": "종암변전소",
        "name:en": "Jongam Substation",
        "name:ko": "종암변전소",
        "operator": "한국전력공사",
        "operator:en": "Korea Electric Power Corporation",
        "operator:ko": "한국전력공사",
        "operator:short": "KEPCO",
        "operator:wikidata": "Q486737",
        "power": "substation",
        "substation": "distribution",
        "voltage": "154000"
      }
    },
    {
      "type": "Feature",
      "geometry": {
        "type": "LineString",
        "coordinates": [
          [
            126.6693204,
            35.1803656
          ],
          [
            126.6690263,
            35.1800467
          ],
          [
            126.6690077,
            35.1800581
          ],
          [
            126.6689817,
            35.18003
          ],
          [
            126.6688328,
            35.1801217
          ],
          [
            126.6688702,
            35.1801622
          ],
          [
            126.6689506,
            35.1802495
          ],
          [
            126.6690372,
            35.1803434
          ],
          [
            126.6691137,
            35.1804264
          ],
          [
            126.6691528,
            35.1804688
          ],
          [
            126.6693204,
            35.1803656
          ]
        ]
      },
      "properties": {
        "building": "industrial",
        "frequency": "60",
        "gas_insulated": "yes",
        "location": "indoor",
        "name": "덕림변전소",
        "name:en": "Deoklim Substation",
        "name:ko": "덕림변전소",
        "operator": "한국전력공사",
        "operator:en": "Korea Electric Power Corporation",
        "operator:ko": "한국전력공사",
        "operator:short": "KEPCO",
        "operator:wikidata": "Q486737",
        "power": "substation",
        "substation": "distribution",
        "voltage": "154000"
      }
    },
    {
      "type": "Feature",
      "geometry": {
        "type": "LineString",
        "coordinates": [
          [
            126.9416921,
            35.9308326
          ],
          [
            126.9414641,
            35.9299865
          ],
          [
            126.9418595,
            35.9298977
          ],
          [
            126.9421135,
            35.9307929
          ],
          [
            126.9416921,
            35.9308326
          ]
        ]
      },
      "properties": {
        "location": "indoor",
        "name": "익산변전소",
        "name:en": "Iksan Substation",
        "name:ko": "익산변전소",
        "operator": "한국철도시설공단",
        "operator:en": "Korea National Railway",
        "operator:ko": "한국철도시설공단",
        "operator:wikidata": "Q624022",
        "power": "substation",
        "substation": "traction",
        "voltage": "154000;55000;27500"
      }
    },
    {
      "type": "Feature",
      "geometry": {
        "type": "LineString",
        "coordinates": [
          [
            126.7927377,
            35.4814127
          ],
          [
            126.7925099,
            35.4805239
          ],
          [
            126.7928311,
            35.480433
          ],
          [
            126.7929747,
            35.4808338
          ],
          [
            126.7929428,
            35.4813886
          ],
          [
            126.7927377,
            35.4814127
          ]
        ]
      },
      "properties": {
        "location": "indoor",
        "name": "노령변전소",
        "name:en": "Noryeong Substation",
        "name:ko": "노령변전소",
        "operator": "한국철도시설공단",
        "power": "substation",
        "substation": "traction",
        "voltage": "154000;55000;27500"
      }
    },
    {
      "type": "Feature",
      "geometry": {
        "type": "LineString",
        "coordinates": [
          [
            128.6376257,
            35.2664386
          ],
          [
            128.6382514,
            35.2664258
          ],
          [
            128.6382415,
            35.2661035
          ],
          [
            128.6376158,
            35.2661162
          ],
          [
            128.6376257,
            35.2664386
          ]
        ]
      },
      "properties": {
        "frequency": "60",
        "location": "indoor",
        "name": "의창변전소",
        "name:ko": "의창변전소",
        "power": "substation",
        "voltage": "154000"
      }
    },
    {
      "type": "Feature",
      "geometry": {
        "type": "LineString",
        "coordinates": [
          [
            127.3400108,
            36.4953256
          ],
          [
            127.3395703,
            36.4947997
          ],
          [
            127.3400414,
            36.4945447
          ],
          [
            127.3404819,
            36.4950705
          ],
          [
            127.3400108,
            36.4953256
          ]
        ]
      },
      "properties": {
        "name": "부용 변전소",
        "name:en": "Buyong Substation",
        "name:ko": "부용 변전소",
        "power": "substation",
        "substation": "traction",
        "voltage": "154000;55000;27500"
      }
    },
    {
      "type": "Feature",
      "geometry": {
        "type": "LineString",
        "coordinates": [
          [
            127.0972733,
            37.1537338
          ],
          [
            127.0981235,
            37.1534459
          ],
          [
            127.0979241,
            37.1530718
          ],
          [
            127.0970739,
            37.1533596
          ],
          [
            127.0972733,
            37.1537338
          ]
        ]
      },
      "properties": {
        "name": "오산 변전소",
        "name:en": "Osan Substation",
        "name:ko": "오산 변전소",
        "power": "substation",
        "substation": "traction",
        "voltage": "154000;55000;27500"
      }
    },
    {
      "type": "Feature",
      "geometry": {
        "type": "LineString",
        "coordinates": [
          [
            126.9544671,
            37.4004304
          ],
          [
            126.9548013,
            37.400539
          ],
          [
            126.9550912,
            37.3999758
          ],
          [
            126.954757,
            37.3998672
          ],
          [
            126.9544671,
            37.4004304
          ]
        ]
      },
      "properties": {
        "frequency": "60",
        "location": "indoor",
        "name": "관양변전소",
        "name:ko": "관양변전소",
        "power": "substation",
        "substation": "distribution",
        "voltage": "154000"
      }
    },
    {
      "type": "Feature",
      "geometry": {
        "type": "LineString",
        "coordinates": [
          [
            126.7464948,
            37.3498191
          ],
          [
            126.7458605,
            37.3498095
          ],
          [
            126.7458345,
            37.3506324
          ],
          [
            126.7460262,
            37.3506336
          ],
          [
            126.7460771,
            37.3506275
          ],
          [
            126.7465371,
            37.3504755
          ],
          [
            126.7465363,
            37.3504524
          ],
          [
            126.7464964,
            37.3504101
          ],
          [
            126.7464906,
            37.3503155
          ],
          [
            126.7464948,
            37.3498191
          ]
        ]
      },
      "properties": {
        "frequency": "60",
        "location": "indoor",
        "name": "북시화변전소",
        "name:en": "North-Shihwa Substation",
        "name:ko": "북시화변전소",
        "power": "substation",
        "substation": "distribution",
        "voltage": "154000"
      }
    },
    {
      "type": "Feature",
      "geometry": {
        "type": "LineString",
        "coordinates": [
          [
            126.8416294,
            37.3475457
          ],
          [
            126.8414119,
            37.3478697
          ],
          [
            126.8420034,
            37.3481206
          ],
          [
            126.8422209,
            37.3477966
          ],
          [
            126.8416294,
            37.3475457
          ]
        ]
      },
      "properties": {
        "frequency": "60",
        "location": "indoor",
        "name": "북안산변전소",
        "name:ko": "북안산변전소",
        "power": "substation",
        "voltage": "154000"
      }
    },
    {
      "type": "Feature",
      "geometry": {
        "type": "LineString",
        "coordinates": [
          [
            129.355203,
            35.4880075
          ],
          [
            129.3568168,
            35.4890672
          ],
          [
            129.3571674,
            35.4887132
          ],
          [
            129.3567597,
            35.4884455
          ],
          [
            129.3570982,
            35.4881037
          ],
          [
            129.3558303,
            35.4872662
          ],
          [
            129.355203,
            35.4880075
          ]
        ]
      },
      "properties": {
        "frequency": "60",
        "location": "outdoor",
        "name": "남울산변전소",
        "name:ko": "남울산변전소",
        "power": "substation",
        "substation": "transmission",
        "voltage": "345000"
      }
    },
    {
      "type": "Feature",
      "geometry": {
        "type": "LineString",
        "coordinates": [
          [
            127.3709305,
            36.5197815
          ],
          [
            127.3712186,
            36.5199569
          ],
          [
            127.3715963,
            36.5200675
          ],
          [
            127.3718575,
            36.5198455
          ],
          [
            127.3717894,
            36.5196577
          ],
          [
            127.3714681,
            36.5194856
          ],
          [
            127.3711664,
            36.5193956
          ],
          [
            127.370923,
            36.5195482
          ],
          [
            127.3709305,
            36.5197815
          ]
        ]
      },
      "properties": {
        "frequency": "60",
        "location": "indoor",
        "name": "부강변전소",
        "name:ko": "부강변전소",
        "power": "substation",
        "voltage": "154000"
      }
    },
    {
      "type": "Feature",
      "geometry": {
        "type": "LineString",
        "coordinates": [
          [
            128.8305733,
            35.1523347
          ],
          [
            128.8305711,
            35.151941
          ],
          [
            128.8296573,
            35.1519444
          ],
          [
            128.829668,
            35.1522996
          ],
          [
            128.8302715,
            35.152338
          ],
          [
            128.8305733,
            35.1523347
          ]
        ]
      },
      "properties": {
        "frequency": "60",
        "location": "indoor",
        "name": "지사변전소",
        "name:ko": "지사변전소",
        "power": "substation",
        "source": "Bing",
        "substation": "distribution",
        "voltage": "154000"
      }
    },
    {
      "type": "Feature",
      "geometry": {
        "type": "LineString",
        "coordinates": [
          [
            129.0164141,
            35.1022095
          ],
          [
            129.0164182,
            35.1027943
          ],
          [
            129.0163538,
            35.1027888
          ],
          [
            129.0161888,
            35.1025441
          ],
          [
            129.0160426,
            35.1024947
          ],
          [
            129.0160494,
            35.1021985
          ],
          [
            129.0164141,
            35.1022095
          ]
        ]
      },
      "properties": {
        "landuse": "industrial",
        "name": "부민변전소",
        "name:ko": "부민변전소",
        "power": "substation"
      }
    },
    {
      "type": "Feature",
      "geometry": {
        "type": "LineString",
        "coordinates": [
          [
            129.0449743,
            35.1233365
          ],
          [
            129.045207,
            35.1232601
          ],
          [
            129.0450346,
            35.1229087
          ],
          [
            129.0448019,
            35.1229851
          ],
          [
            129.0449743,
            35.1233365
          ]
        ]
      },
      "properties": {
        "building": "industrial",
        "location": "indoor",
        "name": "수정변전소",
        "name:ko": "수정변전소",
        "power": "substation"
      }
    },
    {
      "type": "Feature",
      "geometry": {
        "type": "LineString",
        "coordinates": [
          [
            129.0651814,
            35.1363371
          ],
          [
            129.0652234,
            35.1359509
          ],
          [
            129.0650533,
            35.1357451
          ],
          [
            129.0647341,
            35.1357219
          ],
          [
            129.0646671,
            35.1364205
          ],
          [
            129.0651814,
            35.1363371
          ]
        ]
      },
      "properties": {
        "landuse": "industrial",
        "name": "범일변전소",
        "name:ko": "범일변전소",
        "power": "substation"
      }
    },
    {
      "type": "Feature",
      "geometry": {
        "type": "LineString",
        "coordinates": [
          [
            129.1044348,
            35.118612
          ],
          [
            129.1048922,
            35.1186174
          ],
          [
            129.1049109,
            35.1180481
          ],
          [
            129.1044254,
            35.1180518
          ],
          [
            129.1044348,
            35.118612
          ]
        ]
      },
      "properties": {
        "landuse": "industrial",
        "name": "용호변전소",
        "name:ko": "용호변전소",
        "power": "substation"
      }
    },
    {
      "type": "Feature",
      "geometry": {
        "type": "LineString",
        "coordinates": [
          [
            128.9891736,
            35.168657
          ],
          [
            128.9900856,
            35.1685002
          ],
          [
            128.9901794,
            35.1689157
          ],
          [
            128.9901593,
            35.1690483
          ],
          [
            128.9898938,
            35.1690977
          ],
          [
            128.989871,
            35.1689727
          ],
          [
            128.9896055,
            35.1689771
          ],
          [
            128.9892501,
            35.1688401
          ],
          [
            128.9891937,
            35.1687776
          ],
          [
            128.9891736,
            35.168657
          ]
        ]
      },
      "properties": {
        "name": "덕포변전소",
        "power": "substation"
      }
    },
    {
      "type": "Feature",
      "geometry": {
        "type": "LineString",
        "coordinates": [
          [
            128.9916437,
            35.1711795
          ],
          [
            128.9914135,
            35.1713688
          ],
          [
            128.99169,
            35.1715935
          ],
          [
            128.9919202,
            35.1714043
          ],
          [
            128.9916437,
            35.1711795
          ]
        ]
      },
      "properties": {
        "location": "outdoor",
        "name": "엄궁변전소",
        "name:ko": "엄궁변전소",
        "power": "substation"
      }
    },
    {
      "type": "Feature",
      "geometry": {
        "type": "LineString",
        "coordinates": [
          [
            128.9868058,
            35.1821462
          ],
          [
            128.986564,
            35.1811849
          ],
          [
            128.9860642,
            35.1812689
          ],
          [
            128.9859476,
            35.1813994
          ],
          [
            128.986137,
            35.1821524
          ],
          [
            128.9864816,
            35.1820945
          ],
          [
            128.9865073,
            35.1821964
          ],
          [
            128.9868058,
            35.1821462
          ]
        ]
      },
      "properties": {
        "name": "모라변전소",
        "name:ko": "모라변전소",
        "power": "substation"
      }
    },
    {
      "type": "Feature",
      "geometry": {
        "type": "LineString",
        "coordinates": [
          [
            129.0942096,
            35.1920582
          ],
          [
            129.0949472,
            35.1917346
          ],
          [
            129.0952697,
            35.1922536
          ],
          [
            129.0952604,
            35.1922898
          ],
          [
            129.0944472,
            35.1924683
          ],
          [
            129.0942096,
            35.1920582
          ]
        ]
      },
      "properties": {
        "landuse": "industrial",
        "name": "연산변전소",
        "name:ko": "연산변전소",
        "power": "substation"
      }
    },
    {
      "type": "Feature",
      "geometry": {
        "type": "LineString",
        "coordinates": [
          [
            129.2087418,
            35.1943184
          ],
          [
            129.2083059,
            35.1938578
          ],
          [
            129.2079083,
            35.194109
          ],
          [
            129.2083517,
            35.1945595
          ],
          [
            129.2087418,
            35.1943184
          ]
        ]
      },
      "properties": {
        "location": "indoor",
        "name": "시랑변전소",
        "name:ko": "시랑변전소",
        "power": "substation"
      }
    },
    {
      "type": "Feature",
      "geometry": {
        "type": "LineString",
        "coordinates": [
          [
            129.1065467,
            35.3052709
          ],
          [
            129.1059493,
            35.3045831
          ],
          [
            129.1054595,
            35.3048664
          ],
          [
            129.1060569,
            35.3055543
          ],
          [
            129.1065467,
            35.3052709
          ]
        ]
      },
      "properties": {
        "location": "indoor",
        "name": "부산변전소",
        "name:ko": "부산변전소",
        "power": "substation"
      }
    },
    {
      "type": "Feature",
      "geometry": {
        "type": "LineString",
        "coordinates": [
          [
            128.6366809,
            35.9278718
          ],
          [
            128.6365334,
            35.9279348
          ],
          [
            128.636361,
            35.9280932
          ],
          [
            128.6362055,
            35.9282452
          ],
          [
            128.6356249,
            35.9276299
          ],
          [
            128.6358556,
            35.9275159
          ],
          [
            128.6363867,
            35.92734
          ],
          [
            128.6367072,
            35.9272813
          ],
          [
            128.6367112,
            35.9278352
          ],
          [
            128.6366809,
            35.9278718
          ]
        ]
      },
      "properties": {
        "name": "봉무변전소",
        "name:ko": "봉무변전소",
        "power": "substation",
        "voltage": "154000"
      }
    }
  ]
}