{
  "type": "FeatureCollection",
  "features": [
    {
      "type": "Feature",
      "geometry": {
        "type": "Point",
        "coordinates": [
          128.9912749,
          35.421797
        ]
      },
      "properties": {
        "osm_type": "node",
        "osm_id": 2991171486,
        "sido": "경상남도",
        "power_type": "generator",
        "name": "",
        "name_en": "",
        "plant_source": "wind",
        "plant_output": "1.5 MW",
        "plant_method": "wind_turbine",
        "operator": "대명GEC"
      }
    },
    {
      "type": "Feature",
      "geometry": {
        "type": "Point",
        "coordinates": [
          128.9941683,
          35.4222661
        ]
      },
      "properties": {
        "osm_type": "node",
        "osm_id": 2991171497,
        "sido": "경상남도",
        "power_type": "generator",
        "name": "",
        "name_en": "",
        "plant_source": "wind",
        "plant_output": "1.5 MW",
        "plant_method": "wind_turbine",
        "operator": "대명GEC"
      }
    },
    {
      "type": "Feature",
      "geometry": {
        "type": "Point",
        "coordinates": [
          127.9163005,
          35.5880171
        ]
      },
      "properties": {
        "osm_type": "node",
        "osm_id": 3782796044,
        "sido": "경상남도",
        "power_type": "generator",
        "name": "",
        "name_en": "",
        "plant_source": "wind",
        "plant_output": "2 MW",
        "plant_method": "wind_turbine",
        "operator": "대명GEC"
      }
    },
    {
      "type": "Feature",
      "geometry": {
        "type": "Point",
        "coordinates": [
          127.9135716,
          35.5866906
        ]
      },
      "properties": {
        "osm_type": "node",
        "osm_id": 3794252178,
        "sido": "경상남도",
        "power_type": "generator",
        "name": "",
        "name_en": "",
        "plant_source": "wind",
        "plant_output": "2 MW",
        "plant_method": "wind_turbine",
        "operator": "대명GEC"
      }
    },
    {
      "type": "Feature",
      "geometry": {
        "type": "Point",
        "coordinates": [
          127.9049949,
          35.5844453
        ]
      },
      "properties": {
        "osm_type": "node",
        "osm_id": 3803009156,
        "sido": "경상남도",
        "power_type": "generator",
        "name": "",
        "name_en": "",
        "plant_source": "wind",
        "plant_output": "2 MW",
        "plant_method": "wind_turbine",
        "operator": "대명GEC"
      }
    },
    {
      "type": "Feature",
      "geometry": {
        "type": "Point",
        "coordinates": [
          127.902165,
          35.5843568
        ]
      },
      "properties": {
        "osm_type": "node",
        "osm_id": 3803009157,
        "sido": "경상남도",
        "power_type": "generator",
        "name": "",
        "name_en": "",
        "plant_source": "wind",
        "plant_output": "2 MW",
        "plant_method": "wind_turbine",
        "operator": "대명GEC"
      }
    },
    {
      "type": "Feature",
      "geometry": {
        "type": "Point",
        "coordinates": [
          127.9083142,
          35.5851319
        ]
      },
      "properties": {
        "osm_type": "node",
        "osm_id": 3803009159,
        "sido": "경상남도",
        "power_type": "generator",
        "name": "",
        "name_en": "",
        "plant_source": "wind",
        "plant_output": "2 MW",
        "plant_method": "wind_turbine",
        "operator": "대명GEC"
      }
    },
    {
      "type": "Feature",
      "geometry": {
        "type": "Point",
        "coordinates": [
          127.9112409,
          35.5853276
        ]
      },
      "properties": {
        "osm_type": "node",
        "osm_id": 3803009161,
        "sido": "경상남도",
        "power_type": "generator",
        "name": "",
        "name_en": "",
        "plant_source": "wind",
        "plant_output": "2 MW",
        "plant_method": "wind_turbine",
        "operator": "대명GEC"
      }
    },
    {
      "type": "Feature",
      "geometry": {
        "type": "Point",
        "coordinates": [
          127.9165979,
          35.5910091
        ]
      },
      "properties": {
        "osm_type": "node",
        "osm_id": 3874203567,
        "sido": "경상남도",
        "power_type": "generator",
        "name": "",
        "name_en": "",
        "plant_source": "wind",
        "plant_output": "2 MW",
        "plant_method": "wind_turbine",
        "operator": "대명GEC"
      }
    },
    {
      "type": "Feature",
      "geometry": {
        "type": "Point",
        "coordinates": [
          127.704751,
          35.7911736
        ]
      },
      "properties": {
        "osm_type": "node",
        "osm_id": 4483840546,
        "sido": "경상남도",
        "power_type": "generator",
        "name": "",
        "name_en": "",
        "plant_source": "wind",
        "plant_output": "",
        "plant_method": "wind_turbine",
        "operator": ""
      }
    },
    {
      "type": "Feature",
      "geometry": {
        "type": "Point",
        "coordinates": [
          128.8807869,
          35.4124524
        ]
      },
      "properties": {
        "osm_type": "node",
        "osm_id": 7606685373,
        "sido": "경상남도",
        "power_type": "plant",
        "name": "Samrangjin pumped-storage power station",
        "name_en": "Samrangjin pumped-storage power station",
        "plant_source": "hydro",
        "plant_output": "600 MW",
        "plant_method": "water-pumped-storage",
        "operator": "한국수력원자력"
      }
    },
    {
      "type": "Feature",
      "geometry": {
        "type": "Point",
        "coordinates": [
          127.7702684,
          35.2531576
        ]
      },
      "properties": {
        "osm_type": "node",
        "osm_id": 7606685374,
        "sido": "경상남도",
        "power_type": "plant",
        "name": "Sancheong pumped-storage power station",
        "name_en": "Sancheong pumped-storage power station",
        "plant_source": "hydro",
        "plant_output": "700 MW",
        "plant_method": "water-pumped-storage",
        "operator": "한국수력원자력"
      }
    },
    {
      "type": "Feature",
      "geometry": {
        "type": "Point",
        "coordinates": [
          128.1086969,
          34.9130153
        ]
      },
      "properties": {
        "osm_type": "node",
        "osm_id": 7607270791,
        "sido": "경상남도",
        "power_type": "generator",
        "name": "",
        "name_en": "",
        "plant_source": "coal",
        "plant_output": "560 MW",
        "plant_method": "combustion",
        "operator": ""
      }
    },
    {
      "type": "Feature",
      "geometry": {
        "type": "Point",
        "coordinates": [
          128.1091905,
          34.9123906
        ]
      },
      "properties": {
        "osm_type": "node",
        "osm_id": 7607270792,
        "sido": "경상남도",
        "power_type": "generator",
        "name": "",
        "name_en": "",
        "plant_source": "coal",
        "plant_output": "560 MW",
        "plant_method": "combustion",
        "operator": ""
      }
    },
    {
      "type": "Feature",
      "geometry": {
        "type": "Point",
        "coordinates": [
          128.1096411,
          34.9117924
        ]
      },
      "properties": {
        "osm_type": "node",
        "osm_id": 7607270793,
        "sido": "경상남도",
        "power_type": "generator",
        "name": "",
        "name_en": "",
        "plant_source": "coal",
        "plant_output": "560 MW",
        "plant_method": "combustion",
        "operator": ""
      }
    },
    {
      "type": "Feature",
      "geometry": {
        "type": "Point",
        "coordinates": [
          128.1102097,
          34.9111061
        ]
      },
      "properties": {
        "osm_type": "node",
        "osm_id": 7607270794,
        "sido": "경상남도",
        "power_type": "generator",
        "name": "",
        "name_en": "",
        "plant_source": "coal",
        "plant_output": "560 MW",
        "plant_method": "combustion",
        "operator": ""
      }
    },
    {
      "type": "Feature",
      "geometry": {
        "type": "Point",
        "coordinates": [
          128.1107032,
          34.9104991
        ]
      },
      "properties": {
        "osm_type": "node",
        "osm_id": 7607270795,
        "sido": "경상남도",
        "power_type": "generator",
        "name": "",
        "name_en": "",
        "plant_source": "coal",
        "plant_output": "500 MW",
        "plant_method": "combustion",
        "operator": ""
      }
    },
    {
      "type": "Feature",
      "geometry": {
        "type": "Point",
        "coordinates": [
          128.1112075,
          34.9098568
        ]
      },
      "properties": {
        "osm_type": "node",
        "osm_id": 7607270796,
        "sido": "경상남도",
        "power_type": "generator",
        "name": "",
        "name_en": "",
        "plant_source": "coal",
        "plant_output": "500 MW",
        "plant_method": "combustion",
        "operator": ""
      }
    },
    {
      "type": "Feature",
      "geometry": {
        "type": "Point",
        "coordinates": [
          127.8201127,
          34.955331
        ]
      },
      "properties": {
        "osm_type": "node",
        "osm_id": 7608909948,
        "sido": "경상남도",
        "power_type": "generator",
        "name": "",
        "name_en": "",
        "plant_source": "coal",
        "plant_output": "500 MW",
        "plant_method": "combustion",
        "operator": ""
      }
    },
    {
      "type": "Feature",
      "geometry": {
        "type": "Point",
        "coordinates": [
          127.8204298,
          34.954668
        ]
      },
      "properties": {
        "osm_type": "node",
        "osm_id": 7608909949,
        "sido": "경상남도",
        "power_type": "generator",
        "name": "",
        "name_en": "",
        "plant_source": "coal",
        "plant_output": "500 MW",
        "plant_method": "combustion",
        "operator": ""
      }
    },
    {
      "type": "Feature",
      "geometry": {
        "type": "Point",
        "coordinates": [
          127.820807,
          34.9538794
        ]
      },
      "properties": {
        "osm_type": "node",
        "osm_id": 7608909950,
        "sido": "경상남도",
        "power_type": "generator",
        "name": "",
        "name_en": "",
        "plant_source": "coal",
        "plant_output": "500 MW",
        "plant_method": "combustion",
        "operator": ""
      }
    },
    {
      "type": "Feature",
      "geometry": {
        "type": "Point",
        "coordinates": [
          127.8211226,
          34.9532195
        ]
      },
      "properties": {
        "osm_type": "node",
        "osm_id": 7608909951,
        "sido": "경상남도",
        "power_type": "generator",
        "name": "",
        "name_en": "",
        "plant_source": "coal",
        "plant_output": "500 MW",
        "plant_method": "combustion",
        "operator": ""
      }
    },
    {
      "type": "Feature",
      "geometry": {
        "type": "Point",
        "coordinates": [
          127.8217479,
          34.9519121
        ]
      },
      "properties": {
        "osm_type": "node",
        "osm_id": 7608909952,
        "sido": "경상남도",
        "power_type": "generator",
        "name": "",
        "name_en": "",
        "plant_source": "coal",
        "plant_output": "500 MW",
        "plant_method": "combustion",
        "operator": ""
      }
    },
    {
      "type": "Feature",
      "geometry": {
        "type": "Point",
        "coordinates": [
          127.8214679,
          34.9524975
        ]
      },
      "properties": {
        "osm_type": "node",
        "osm_id": 7608909953,
        "sido": "경상남도",
        "power_type": "generator",
        "name": "",
        "name_en": "",
        "plant_source": "coal",
        "plant_output": "500 MW",
        "plant_method": "combustion",
        "operator": ""
      }
    },
    {
      "type": "Feature",
      "geometry": {
        "type": "Point",
        "coordinates": [
          127.822092,
          34.9511928
        ]
      },
      "properties": {
        "osm_type": "node",
        "osm_id": 7608909954,
        "sido": "경상남도",
        "power_type": "generator",
        "name": "",
        "name_en": "",
        "plant_source": "coal",
        "plant_output": "500 MW",
        "plant_method": "combustion",
        "operator": ""
      }
    },
    {
      "type": "Feature",
      "geometry": {
        "type": "Point",
        "coordinates": [
          127.8224301,
          34.9504857
        ]
      },
      "properties": {
        "osm_type": "node",
        "osm_id": 7608909955,
        "sido": "경상남도",
        "power_type": "generator",
        "name": "",
        "name_en": "",
        "plant_source": "coal",
        "plant_output": "500 MW",
        "plant_method": "combustion",
        "operator": ""
      }
    },
    {
      "type": "Feature",
      "geometry": {
        "type": "Point",
        "coordinates": [
          128.2071566,
          35.4121617
        ]
      },
      "properties": {
        "osm_type": "node",
        "osm_id": 10253339496,
        "sido": "경상남도",
        "power_type": "generator",
        "name": "",
        "name_en": "",
        "plant_source": "wind",
        "plant_output": "0.75 MW",
        "plant_method": "wind_turbine",
        "operator": "유니슨"
      }
    },
    {
      "type": "Feature",
      "geometry": {
        "type": "Point",
        "coordinates": [
          128.2078647,
          35.410297
        ]
      },
      "properties": {
        "osm_type": "node",
        "osm_id": 10253339497,
        "sido": "경상남도",
        "power_type": "generator",
        "name": "",
        "name_en": "",
        "plant_source": "wind",
        "plant_output": "0.75 MW",
        "plant_method": "wind_turbine",
        "operator": "유니슨"
      }
    },
    {
      "type": "Feature",
      "geometry": {
        "type": "Point",
        "coordinates": [
          128.2087015,
          35.4083513
        ]
      },
      "properties": {
        "osm_type": "node",
        "osm_id": 10253339498,
        "sido": "경상남도",
        "power_type": "generator",
        "name": "",
        "name_en": "",
        "plant_source": "wind",
        "plant_output": "0.75 MW",
        "plant_method": "wind_turbine",
        "operator": "유니슨"
      }
    },
    {
      "type": "Feature",
      "geometry": {
        "type": "Point",
        "coordinates": [
          128.2082402,
          35.4066222
        ]
      },
      "properties": {
        "osm_type": "node",
        "osm_id": 10253339499,
        "sido": "경상남도",
        "power_type": "generator",
        "name": "",
        "name_en": "",
        "plant_source": "wind",
        "plant_output": "0.75 MW",
        "plant_method": "wind_turbine",
        "operator": "유니슨"
      }
    },
    {
      "type": "Feature",
      "geometry": {
        "type": "Point",
        "coordinates": [
          128.2074006,
          35.4047879
        ]
      },
      "properties": {
        "osm_type": "node",
        "osm_id": 10253339500,
        "sido": "경상남도",
        "power_type": "generator",
        "name": "",
        "name_en": "",
        "plant_source": "wind",
        "plant_output": "0.75 MW",
        "plant_method": "wind_turbine",
        "operator": "유니슨"
      }
    },
    {
      "type": "Feature",
      "geometry": {
        "type": "Point",
        "coordinates": [
          128.2067221,
          35.4028159
        ]
      },
      "properties": {
        "osm_type": "node",
        "osm_id": 10253339501,
        "sido": "경상남도",
        "power_type": "generator",
        "name": "",
        "name_en": "",
        "plant_source": "wind",
        "plant_output": "0.75 MW",
        "plant_method": "wind_turbine",
        "operator": "유니슨"
      }
    },
    {
      "type": "Feature",
      "geometry": {
        "type": "Point",
        "coordinates": [
          128.2077869,
          35.4016594
        ]
      },
      "properties": {
        "osm_type": "node",
        "osm_id": 10253339502,
        "sido": "경상남도",
        "power_type": "generator",
        "name": "",
        "name_en": "",
        "plant_source": "wind",
        "plant_output": "0.75 MW",
        "plant_method": "wind_turbine",
        "operator": "유니슨"
      }
    },
    {
      "type": "Feature",
      "geometry": {
        "type": "Point",
        "coordinates": [
          128.2075481,
          35.4000655
        ]
      },
      "properties": {
        "osm_type": "node",
        "osm_id": 10253339503,
        "sido": "경상남도",
        "power_type": "generator",
        "name": "",
        "name_en": "",
        "plant_source": "wind",
        "plant_output": "0.75 MW",
        "plant_method": "wind_turbine",
        "operator": "유니슨"
      }
    },
    {
      "type": "Feature",
      "geometry": {
        "type": "Point",
        "coordinates": [
          128.2079424,
          35.3991779
        ]
      },
      "properties": {
        "osm_type": "node",
        "osm_id": 10253339504,
        "sido": "경상남도",
        "power_type": "generator",
        "name": "",
        "name_en": "",
        "plant_source": "wind",
        "plant_output": "0.75 MW",
        "plant_method": "wind_turbine",
        "operator": "유니슨"
      }
    },
    {
      "type": "Feature",
      "geometry": {
        "type": "Point",
        "coordinates": [
          128.2076125,
          35.3978595
        ]
      },
      "properties": {
        "osm_type": "node",
        "osm_id": 10253339505,
        "sido": "경상남도",
        "power_type": "generator",
        "name": "",
        "name_en": "",
        "plant_source": "wind",
        "plant_output": "0.75 MW",
        "plant_method": "wind_turbine",
        "operator": "유니슨"
      }
    },
    {
      "type": "Feature",
      "geometry": {
        "type": "Point",
        "coordinates": [
          128.2109492,
          35.3988849
        ]
      },
      "properties": {
        "osm_type": "node",
        "osm_id": 10253339506,
        "sido": "경상남도",
        "power_type": "generator",
        "name": "",
        "name_en": "",
        "plant_source": "wind",
        "plant_output": "0.75 MW",
        "plant_method": "wind_turbine",
        "operator": "유니슨"
      }
    },
    {
      "type": "Feature",
      "geometry": {
        "type": "Point",
        "coordinates": [
          128.2127392,
          35.3990552
        ]
      },
      "properties": {
        "osm_type": "node",
        "osm_id": 10253339507,
        "sido": "경상남도",
        "power_type": "generator",
        "name": "",
        "name_en": "",
        "plant_source": "wind",
        "plant_output": "0.75 MW",
        "plant_method": "wind_turbine",
        "operator": "유니슨"
      }
    },
    {
      "type": "Feature",
      "geometry": {
        "type": "Point",
        "coordinates": [
          128.2146798,
          35.3993244
        ]
      },
      "properties": {
        "osm_type": "node",
        "osm_id": 10253339508,
        "sido": "경상남도",
        "power_type": "generator",
        "name": "",
        "name_en": "",
        "plant_source": "wind",
        "plant_output": "0.75 MW",
        "plant_method": "wind_turbine",
        "operator": "유니슨"
      }
    },
    {
      "type": "Feature",
      "geometry": {
        "type": "Point",
        "coordinates": [
          128.2167888,
          35.3994811
        ]
      },
      "properties": {
        "osm_type": "node",
        "osm_id": 10253352009,
        "sido": "경상남도",
        "power_type": "generator",
        "name": "",
        "name_en": "",
        "plant_source": "wind",
        "plant_output": "0.75 MW",
        "plant_method": "wind_turbine",
        "operator": "유니슨"
      }
    },
    {
      "type": "Feature",
      "geometry": {
        "type": "Point",
        "coordinates": [
          128.2185556,
          35.4000335
        ]
      },
      "properties": {
        "osm_type": "node",
        "osm_id": 10253352010,
        "sido": "경상남도",
        "power_type": "generator",
        "name": "",
        "name_en": "",
        "plant_source": "wind",
        "plant_output": "0.75 MW",
        "plant_method": "wind_turbine",
        "operator": "유니슨"
      }
    },
    {
      "type": "Feature",
      "geometry": {
        "type": "Point",
        "coordinates": [
          128.2208103,
          35.4006015
        ]
      },
      "properties": {
        "osm_type": "node",
        "osm_id": 10253352011,
        "sido": "경상남도",
        "power_type": "generator",
        "name": "",
        "name_en": "",
        "plant_source": "wind",
        "plant_output": "0.75 MW",
        "plant_method": "wind_turbine",
        "operator": "유니슨"
      }
    },
    {
      "type": "Feature",
      "geometry": {
        "type": "Point",
        "coordinates": [
          128.2235448,
          35.4009329
        ]
      },
      "properties": {
        "osm_type": "node",
        "osm_id": 10253352012,
        "sido": "경상남도",
        "power_type": "generator",
        "name": "",
        "name_en": "",
        "plant_source": "wind",
        "plant_output": "0.75 MW",
        "plant_method": "wind_turbine",
        "operator": "유니슨"
      }
    },
    {
      "type": "Feature",
      "geometry": {
        "type": "Point",
        "coordinates": [
          128.2245859,
          35.4019447
        ]
      },
      "properties": {
        "osm_type": "node",
        "osm_id": 10253352013,
        "sido": "경상남도",
        "power_type": "generator",
        "name": "",
        "name_en": "",
        "plant_source": "wind",
        "plant_output": "0.75 MW",
        "plant_method": "wind_turbine",
        "operator": "유니슨"
      }
    },
    {
      "type": "Feature",
      "geometry": {
        "type": "Point",
        "coordinates": [
          128.2259519,
          35.402824
        ]
      },
      "properties": {
        "osm_type": "node",
        "osm_id": 10253352014,
        "sido": "경상남도",
        "power_type": "generator",
        "name": "",
        "name_en": "",
        "plant_source": "wind",
        "plant_output": "0.75 MW",
        "plant_method": "wind_turbine",
        "operator": "유니슨"
      }
    },
    {
      "type": "Feature",
      "geometry": {
        "type": "Point",
        "coordinates": [
          128.2275724,
          35.4037738
        ]
      },
      "properties": {
        "osm_type": "node",
        "osm_id": 10253352015,
        "sido": "경상남도",
        "power_type": "generator",
        "name": "",
        "name_en": "",
        "plant_source": "wind",
        "plant_output": "0.75 MW",
        "plant_method": "wind_turbine",
        "operator": "유니슨"
      }
    },
    {
      "type": "Feature",
      "geometry": {
        "type": "Point",
        "coordinates": [
          128.2292449,
          35.403555
        ]
      },
      "properties": {
        "osm_type": "node",
        "osm_id": 10253352016,
        "sido": "경상남도",
        "power_type": "generator",
        "name": "",
        "name_en": "",
        "plant_source": "wind",
        "plant_output": "0.75 MW",
        "plant_method": "wind_turbine",
        "operator": "유니슨"
      }
    },
    {
      "type": "Feature",
      "geometry": {
        "type": "Point",
        "coordinates": [
          128.2307359,
          35.4027993
        ]
      },
      "properties": {
        "osm_type": "node",
        "osm_id": 10253352017,
        "sido": "경상남도",
        "power_type": "generator",
        "name": "",
        "name_en": "",
        "plant_source": "wind",
        "plant_output": "0.75 MW",
        "plant_method": "wind_turbine",
        "operator": "유니슨"
      }
    },
    {
      "type": "Feature",
      "geometry": {
        "type": "Point",
        "coordinates": [
          128.2321878,
          35.4019512
        ]
      },
      "properties": {
        "osm_type": "node",
        "osm_id": 10253352018,
        "sido": "경상남도",
        "power_type": "generator",
        "name": "",
        "name_en": "",
        "plant_source": "wind",
        "plant_output": "0.75 MW",
        "plant_method": "wind_turbine",
        "operator": "유니슨"
      }
    },
    {
      "type": "Feature",
      "geometry": {
        "type": "Point",
        "coordinates": [
          128.2337418,
          35.4011579
        ]
      },
      "properties": {
        "osm_type": "node",
        "osm_id": 10253352019,
        "sido": "경상남도",
        "power_type": "generator",
        "name": "",
        "name_en": "",
        "plant_source": "wind",
        "plant_output": "0.75 MW",
        "plant_method": "wind_turbine",
        "operator": "유니슨"
      }
    },
    {
      "type": "Feature",
      "geometry": {
        "type": "Point",
        "coordinates": [
          128.235644,
          35.4016132
        ]
      },
      "properties": {
        "osm_type": "node",
        "osm_id": 10253352020,
        "sido": "경상남도",
        "power_type": "generator",
        "name": "",
        "name_en": "",
        "plant_source": "wind",
        "plant_output": "0.75 MW",
        "plant_method": "wind_turbine",
        "operator": "유니슨"
      }
    },
    {
      "type": "Feature",
      "geometry": {
        "type": "Point",
        "coordinates": [
          128.9877603,
          35.4261563
        ]
      },
      "properties": {
        "osm_type": "node",
        "osm_id": 11875891589,
        "sido": "경상남도",
        "power_type": "generator",
        "name": "",
        "name_en": "",
        "plant_source": "wind",
        "plant_output": "2.08 MW",
        "plant_method": "wind_turbine",
        "operator": "한진에너지"
      }
    },
    {
      "type": "Feature",
      "geometry": {
        "type": "Point",
        "coordinates": [
          128.1119994,
          34.9026882
        ]
      },
      "properties": {
        "osm_type": "node",
        "osm_id": 11875891590,
        "sido": "경상남도",
        "power_type": "generator",
        "name": "",
        "name_en": "",
        "plant_source": "wind",
        "plant_output": "0.75 MW",
        "plant_method": "wind_turbine",
        "operator": "한국남동발전"
      }
    },
    {
      "type": "Feature",
      "geometry": {
        "type": "Point",
        "coordinates": [
          128.9882052,
          35.420829
        ]
      },
      "properties": {
        "osm_type": "node",
        "osm_id": 11876045879,
        "sido": "경상남도",
        "power_type": "generator",
        "name": "",
        "name_en": "",
        "plant_source": "wind",
        "plant_output": "3 MW",
        "plant_method": "wind_turbine",
        "operator": "윈드밀파워"
      }
    },
    {
      "type": "Feature",
      "geometry": {
        "type": "Point",
        "coordinates": [
          128.9827883,
          35.4192269
        ]
      },
      "properties": {
        "osm_type": "node",
        "osm_id": 11876045880,
        "sido": "경상남도",
        "power_type": "generator",
        "name": "",
        "name_en": "",
        "plant_source": "wind",
        "plant_output": "3 MW",
        "plant_method": "wind_turbine",
        "operator": "윈드밀파워"
      }
    },
    {
      "type": "Feature",
      "geometry": {
        "type": "Point",
        "coordinates": [
          128.9803186,
          35.4253156
        ]
      },
      "properties": {
        "osm_type": "node",
        "osm_id": 11876045881,
        "sido": "경상남도",
        "power_type": "generator",
        "name": "",
        "name_en": "",
        "plant_source": "wind",
        "plant_output": "4 MW",
        "plant_method": "wind_turbine",
        "operator": "윈드밀파워"
      }
    },
    {
      "type": "Feature",
      "geometry": {
        "type": "Point",
        "coordinates": [
          128.7283301,
          35.0882278
        ]
      },
      "properties": {
        "osm_type": "node",
        "osm_id": 11980783769,
        "sido": "경상남도",
        "power_type": "generator",
        "name": "",
        "name_en": "",
        "plant_source": "wind",
        "plant_output": "",
        "plant_method": "wind_turbine",
        "operator": ""
      }
    },
    {
      "type": "Feature",
      "geometry": {
        "type": "Point",
        "coordinates": [
          128.1246036,
          34.9051338
        ]
      },
      "properties": {
        "osm_type": "node",
        "osm_id": 13285788223,
        "sido": "경상남도",
        "power_type": "generator",
        "name": "",
        "name_en": "",
        "plant_source": "",
        "plant_output": "1040 MW",
        "plant_method": "",
        "operator": ""
      }
    },
    {
      "type": "Feature",
      "geometry": {
        "type": "Point",
        "coordinates": [
          128.1253807,
          34.9042439
        ]
      },
      "properties": {
        "osm_type": "node",
        "osm_id": 13285788224,
        "sido": "경상남도",
        "power_type": "generator",
        "name": "",
        "name_en": "",
        "plant_source": "",
        "plant_output": "1040 MW",
        "plant_method": "",
        "operator": ""
      }
    },
    {
      "type": "Feature",
      "geometry": {
        "type": "Point",
        "coordinates": [
          128.0990985,
          35.1506801
        ]
      },
      "properties": {
        "osm_type": "way",
        "osm_id": 115611476,
        "sido": "경상남도",
        "power_type": "generator",
        "name": "파워플랜트",
        "name_en": "Power Plant",
        "plant_source": "",
        "plant_output": "",
        "plant_method": "",
        "operator": ""
      }
    },
    {
      "type": "Feature",
      "geometry": {
        "type": "Point",
        "coordinates": [
          128.7969605,
          35.2086111
        ]
      },
      "properties": {
        "osm_type": "way",
        "osm_id": 415824100,
        "sido": "경상남도",
        "power_type": "plant",
        "name": "김해시 자원순환시설",
        "name_en": "",
        "plant_source": "waste",
        "plant_output": "yes",
        "plant_method": "combustion",
        "operator": ""
      }
    },
    {
      "type": "Feature",
      "geometry": {
        "type": "Point",
        "coordinates": [
          128.7979211,
          35.2076616
        ]
      },
      "properties": {
        "osm_type": "way",
        "osm_id": 415824101,
        "sido": "경상남도",
        "power_type": "generator",
        "name": "",
        "name_en": "",
        "plant_source": "",
        "plant_output": "",
        "plant_method": "",
        "operator": ""
      }
    },
    {
      "type": "Feature",
      "geometry": {
        "type": "Point",
        "coordinates": [
          127.8216341,
          34.9509809
        ]
      },
      "properties": {
        "osm_type": "way",
        "osm_id": 469105209,
        "sido": "경상남도",
        "power_type": "plant",
        "name": "하동화력발전소",
        "name_en": "Hadong Power Plant",
        "plant_source": "coal",
        "plant_output": "4000 MW",
        "plant_method": "combustion",
        "operator": "한국남부발전"
      }
    },
    {
      "type": "Feature",
      "geometry": {
        "type": "Point",
        "coordinates": [
          128.7213349,
          34.8683099
        ]
      },
      "properties": {
        "osm_type": "way",
        "osm_id": 471736975,
        "sido": "경상남도",
        "power_type": "generator",
        "name": "",
        "name_en": "",
        "plant_source": "solar",
        "plant_output": "",
        "plant_method": "photovoltaic",
        "operator": ""
      }
    },
    {
      "type": "Feature",
      "geometry": {
        "type": "Point",
        "coordinates": [
          128.7981276,
          35.2071512
        ]
      },
      "properties": {
        "osm_type": "way",
        "osm_id": 472347155,
        "sido": "경상남도",
        "power_type": "plant",
        "name": "한국지역난방공사 김해지사",
        "name_en": "",
        "plant_source": "",
        "plant_output": "",
        "plant_method": "combustion",
        "operator": "한국지역난방공사"
      }
    },
    {
      "type": "Feature",
      "geometry": {
        "type": "Point",
        "coordinates": [
          127.8702086,
          35.0546518
        ]
      },
      "properties": {
        "osm_type": "way",
        "osm_id": 475540807,
        "sido": "경상남도",
        "power_type": "plant",
        "name": "",
        "name_en": "",
        "plant_source": "solar",
        "plant_output": "yes",
        "plant_method": "photovoltaic",
        "operator": ""
      }
    },
    {
      "type": "Feature",
      "geometry": {
        "type": "Point",
        "coordinates": [
          128.6960739,
          35.0036336
        ]
      },
      "properties": {
        "osm_type": "way",
        "osm_id": 479487312,
        "sido": "경상남도",
        "power_type": "generator",
        "name": "",
        "name_en": "",
        "plant_source": "",
        "plant_output": "",
        "plant_method": "",
        "operator": ""
      }
    },
    {
      "type": "Feature",
      "geometry": {
        "type": "Point",
        "coordinates": [
          128.6132441,
          34.9174962
        ]
      },
      "properties": {
        "osm_type": "way",
        "osm_id": 482191320,
        "sido": "경상남도",
        "power_type": "generator",
        "name": "",
        "name_en": "",
        "plant_source": "solar",
        "plant_output": "yes",
        "plant_method": "photovoltaic",
        "operator": ""
      }
    },
    {
      "type": "Feature",
      "geometry": {
        "type": "Point",
        "coordinates": [
          127.83013,
          35.7729591
        ]
      },
      "properties": {
        "osm_type": "way",
        "osm_id": 517478468,
        "sido": "경상남도",
        "power_type": "generator",
        "name": "",
        "name_en": "",
        "plant_source": "solar",
        "plant_output": "yes",
        "plant_method": "photovoltaic",
        "operator": ""
      }
    },
    {
      "type": "Feature",
      "geometry": {
        "type": "Point",
        "coordinates": [
          128.5482905,
          34.6209326
        ]
      },
      "properties": {
        "osm_type": "way",
        "osm_id": 538163331,
        "sido": "경상남도",
        "power_type": "generator",
        "name": "",
        "name_en": "",
        "plant_source": "solar",
        "plant_output": "yes",
        "plant_method": "photovoltaic",
        "operator": ""
      }
    },
    {
      "type": "Feature",
      "geometry": {
        "type": "Point",
        "coordinates": [
          127.95488,
          34.9882091
        ]
      },
      "properties": {
        "osm_type": "way",
        "osm_id": 570358910,
        "sido": "경상남도",
        "power_type": "plant",
        "name": "",
        "name_en": "",
        "plant_source": "solar",
        "plant_output": "",
        "plant_method": "photovoltaic",
        "operator": ""
      }
    },
    {
      "type": "Feature",
      "geometry": {
        "type": "Point",
        "coordinates": [
          127.9550641,
          34.9865276
        ]
      },
      "properties": {
        "osm_type": "way",
        "osm_id": 570358911,
        "sido": "경상남도",
        "power_type": "plant",
        "name": "",
        "name_en": "",
        "plant_source": "solar",
        "plant_output": "",
        "plant_method": "photovoltaic",
        "operator": ""
      }
    },
    {
      "type": "Feature",
      "geometry": {
        "type": "Point",
        "coordinates": [
          127.9567594,
          34.9892404
        ]
      },
      "properties": {
        "osm_type": "way",
        "osm_id": 570358912,
        "sido": "경상남도",
        "power_type": "plant",
        "name": "",
        "name_en": "",
        "plant_source": "solar",
        "plant_output": "",
        "plant_method": "photovoltaic",
        "operator": ""
      }
    },
    {
      "type": "Feature",
      "geometry": {
        "type": "Point",
        "coordinates": [
          127.9579222,
          34.9906407
        ]
      },
      "properties": {
        "osm_type": "way",
        "osm_id": 570358913,
        "sido": "경상남도",
        "power_type": "plant",
        "name": "",
        "name_en": "",
        "plant_source": "solar",
        "plant_output": "",
        "plant_method": "photovoltaic",
        "operator": ""
      }
    },
    {
      "type": "Feature",
      "geometry": {
        "type": "Point",
        "coordinates": [
          127.9564908,
          34.9901166
        ]
      },
      "properties": {
        "osm_type": "way",
        "osm_id": 570358914,
        "sido": "경상남도",
        "power_type": "plant",
        "name": "",
        "name_en": "",
        "plant_source": "solar",
        "plant_output": "",
        "plant_method": "photovoltaic",
        "operator": ""
      }
    },
    {
      "type": "Feature",
      "geometry": {
        "type": "Point",
        "coordinates": [
          127.9558207,
          34.9918555
        ]
      },
      "properties": {
        "osm_type": "way",
        "osm_id": 570358915,
        "sido": "경상남도",
        "power_type": "plant",
        "name": "",
        "name_en": "",
        "plant_source": "solar",
        "plant_output": "",
        "plant_method": "photovoltaic",
        "operator": ""
      }
    },
    {
      "type": "Feature",
      "geometry": {
        "type": "Point",
        "coordinates": [
          127.9596769,
          34.9904705
        ]
      },
      "properties": {
        "osm_type": "way",
        "osm_id": 570358916,
        "sido": "경상남도",
        "power_type": "plant",
        "name": "",
        "name_en": "",
        "plant_source": "solar",
        "plant_output": "",
        "plant_method": "photovoltaic",
        "operator": ""
      }
    },
    {
      "type": "Feature",
      "geometry": {
        "type": "Point",
        "coordinates": [
          127.9574734,
          34.9929801
        ]
      },
      "properties": {
        "osm_type": "way",
        "osm_id": 570358917,
        "sido": "경상남도",
        "power_type": "plant",
        "name": "",
        "name_en": "",
        "plant_source": "solar",
        "plant_output": "",
        "plant_method": "photovoltaic",
        "operator": ""
      }
    },
    {
      "type": "Feature",
      "geometry": {
        "type": "Point",
        "coordinates": [
          128.5520615,
          35.3796886
        ]
      },
      "properties": {
        "osm_type": "way",
        "osm_id": 625597726,
        "sido": "경상남도",
        "power_type": "plant",
        "name": "창녕함안보",
        "name_en": "",
        "plant_source": "hydro",
        "plant_output": "",
        "plant_method": "",
        "operator": ""
      }
    },
    {
      "type": "Feature",
      "geometry": {
        "type": "Point",
        "coordinates": [
          128.3560852,
          35.5909141
        ]
      },
      "properties": {
        "osm_type": "way",
        "osm_id": 625612184,
        "sido": "경상남도",
        "power_type": "plant",
        "name": "합천창녕보",
        "name_en": "Hapcheon Changnyeong",
        "plant_source": "hydro",
        "plant_output": "",
        "plant_method": "",
        "operator": ""
      }
    },
    {
      "type": "Feature",
      "geometry": {
        "type": "Point",
        "coordinates": [
          128.108205,
          34.9083059
        ]
      },
      "properties": {
        "osm_type": "way",
        "osm_id": 814396957,
        "sido": "경상남도",
        "power_type": "plant",
        "name": "삼천포화력발전소",
        "name_en": "Samcheonpo Power Plant",
        "plant_source": "coal",
        "plant_output": "3240 MW",
        "plant_method": "combustion",
        "operator": "한국남동발전"
      }
    },
    {
      "type": "Feature",
      "geometry": {
        "type": "Point",
        "coordinates": [
          128.1185487,
          34.9184192
        ]
      },
      "properties": {
        "osm_type": "way",
        "osm_id": 814396958,
        "sido": "경상남도",
        "power_type": "plant",
        "name": "",
        "name_en": "",
        "plant_source": "solar",
        "plant_output": "yes",
        "plant_method": "photovoltaic",
        "operator": ""
      }
    },
    {
      "type": "Feature",
      "geometry": {
        "type": "Point",
        "coordinates": [
          128.0674599,
          35.5455007
        ]
      },
      "properties": {
        "osm_type": "way",
        "osm_id": 814808442,
        "sido": "경상남도",
        "power_type": "plant",
        "name": "합천수력발전소",
        "name_en": "Hapcheon Power Plant",
        "plant_source": "hydro",
        "plant_output": "100 MW",
        "plant_method": "",
        "operator": ""
      }
    },
    {
      "type": "Feature",
      "geometry": {
        "type": "Point",
        "coordinates": [
          127.7772538,
          35.2562846
        ]
      },
      "properties": {
        "osm_type": "way",
        "osm_id": 884641933,
        "sido": "경상남도",
        "power_type": "plant",
        "name": "산청양수발전소",
        "name_en": "",
        "plant_source": "hydro",
        "plant_output": "700 MW",
        "plant_method": "water-pumped-storage",
        "operator": "한국수력원자력"
      }
    },
    {
      "type": "Feature",
      "geometry": {
        "type": "Point",
        "coordinates": [
          128.8784506,
          35.413406
        ]
      },
      "properties": {
        "osm_type": "way",
        "osm_id": 884641935,
        "sido": "경상남도",
        "power_type": "plant",
        "name": "삼랑진양수발전소",
        "name_en": "",
        "plant_source": "hydro",
        "plant_output": "600 MW",
        "plant_method": "water-pumped-storage",
        "operator": "한국수력원자력"
      }
    },
    {
      "type": "Feature",
      "geometry": {
        "type": "Point",
        "coordinates": [
          128.997911,
          35.3088486
        ]
      },
      "properties": {
        "osm_type": "way",
        "osm_id": 891153133,
        "sido": "경상남도",
        "power_type": "generator",
        "name": "",
        "name_en": "",
        "plant_source": "solar",
        "plant_output": "yes",
        "plant_method": "photovoltaic",
        "operator": ""
      }
    },
    {
      "type": "Feature",
      "geometry": {
        "type": "Point",
        "coordinates": [
          128.9979679,
          35.3087208
        ]
      },
      "properties": {
        "osm_type": "way",
        "osm_id": 891153134,
        "sido": "경상남도",
        "power_type": "generator",
        "name": "",
        "name_en": "",
        "plant_source": "solar",
        "plant_output": "yes",
        "plant_method": "photovoltaic",
        "operator": ""
      }
    },
    {
      "type": "Feature",
      "geometry": {
        "type": "Point",
        "coordinates": [
          128.998035,
          35.3085765
        ]
      },
      "properties": {
        "osm_type": "way",
        "osm_id": 891153135,
        "sido": "경상남도",
        "power_type": "generator",
        "name": "",
        "name_en": "",
        "plant_source": "solar",
        "plant_output": "yes",
        "plant_method": "photovoltaic",
        "operator": ""
      }
    },
    {
      "type": "Feature",
      "geometry": {
        "type": "Point",
        "coordinates": [
          128.9980428,
          35.3087431
        ]
      },
      "properties": {
        "osm_type": "way",
        "osm_id": 891153136,
        "sido": "경상남도",
        "power_type": "plant",
        "name": "",
        "name_en": "",
        "plant_source": "solar",
        "plant_output": "yes",
        "plant_method": "photovoltaic",
        "operator": ""
      }
    },
    {
      "type": "Feature",
      "geometry": {
        "type": "Point",
        "coordinates": [
          128.4901667,
          35.5436222
        ]
      },
      "properties": {
        "osm_type": "way",
        "osm_id": 900476541,
        "sido": "경상남도",
        "power_type": "generator",
        "name": "",
        "name_en": "",
        "plant_source": "solar",
        "plant_output": "yes",
        "plant_method": "photovoltaic",
        "operator": ""
      }
    },
    {
      "type": "Feature",
      "geometry": {
        "type": "Point",
        "coordinates": [
          128.7326933,
          34.5378767
        ]
      },
      "properties": {
        "osm_type": "way",
        "osm_id": 946800875,
        "sido": "경상남도",
        "power_type": "generator",
        "name": "",
        "name_en": "",
        "plant_source": "solar",
        "plant_output": "yes",
        "plant_method": "photovoltaic",
        "operator": ""
      }
    },
    {
      "type": "Feature",
      "geometry": {
        "type": "Point",
        "coordinates": [
          128.1471427,
          35.1856611
        ]
      },
      "properties": {
        "osm_type": "way",
        "osm_id": 951379475,
        "sido": "경상남도",
        "power_type": "generator",
        "name": "",
        "name_en": "",
        "plant_source": "solar",
        "plant_output": "yes",
        "plant_method": "photovoltaic",
        "operator": ""
      }
    },
    {
      "type": "Feature",
      "geometry": {
        "type": "Point",
        "coordinates": [
          128.1470497,
          35.1855676
        ]
      },
      "properties": {
        "osm_type": "way",
        "osm_id": 951379476,
        "sido": "경상남도",
        "power_type": "generator",
        "name": "",
        "name_en": "",
        "plant_source": "solar",
        "plant_output": "yes",
        "plant_method": "photovoltaic",
        "operator": ""
      }
    },
    {
      "type": "Feature",
      "geometry": {
        "type": "Point",
        "coordinates": [
          128.1469816,
          35.1854924
        ]
      },
      "properties": {
        "osm_type": "way",
        "osm_id": 951379477,
        "sido": "경상남도",
        "power_type": "generator",
        "name": "",
        "name_en": "",
        "plant_source": "solar",
        "plant_output": "yes",
        "plant_method": "photovoltaic",
        "operator": ""
      }
    },
    {
      "type": "Feature",
      "geometry": {
        "type": "Point",
        "coordinates": [
          128.14685,
          35.1854687
        ]
      },
      "properties": {
        "osm_type": "way",
        "osm_id": 951379478,
        "sido": "경상남도",
        "power_type": "generator",
        "name": "",
        "name_en": "",
        "plant_source": "solar",
        "plant_output": "yes",
        "plant_method": "photovoltaic",
        "operator": ""
      }
    },
    {
      "type": "Feature",
      "geometry": {
        "type": "Point",
        "coordinates": [
          128.1438717,
          35.1869729
        ]
      },
      "properties": {
        "osm_type": "way",
        "osm_id": 951379533,
        "sido": "경상남도",
        "power_type": "generator",
        "name": "",
        "name_en": "",
        "plant_source": "solar",
        "plant_output": "yes",
        "plant_method": "photovoltaic",
        "operator": ""
      }
    },
    {
      "type": "Feature",
      "geometry": {
        "type": "Point",
        "coordinates": [
          128.2219452,
          35.183745
        ]
      },
      "properties": {
        "osm_type": "way",
        "osm_id": 995882191,
        "sido": "경상남도",
        "power_type": "plant",
        "name": "",
        "name_en": "",
        "plant_source": "solar",
        "plant_output": "yes",
        "plant_method": "photovoltaic",
        "operator": ""
      }
    },
    {
      "type": "Feature",
      "geometry": {
        "type": "Point",
        "coordinates": [
          128.220128,
          35.1821086
        ]
      },
      "properties": {
        "osm_type": "way",
        "osm_id": 995882192,
        "sido": "경상남도",
        "power_type": "plant",
        "name": "",
        "name_en": "",
        "plant_source": "solar",
        "plant_output": "yes",
        "plant_method": "photovoltaic",
        "operator": ""
      }
    },
    {
      "type": "Feature",
      "geometry": {
        "type": "Point",
        "coordinates": [
          128.2192871,
          35.1826742
        ]
      },
      "properties": {
        "osm_type": "way",
        "osm_id": 995882193,
        "sido": "경상남도",
        "power_type": "plant",
        "name": "",
        "name_en": "",
        "plant_source": "solar",
        "plant_output": "yes",
        "plant_method": "photovoltaic",
        "operator": ""
      }
    },
    {
      "type": "Feature",
      "geometry": {
        "type": "Point",
        "coordinates": [
          128.1035632,
          35.1227966
        ]
      },
      "properties": {
        "osm_type": "way",
        "osm_id": 1007290485,
        "sido": "경상남도",
        "power_type": "generator",
        "name": "",
        "name_en": "",
        "plant_source": "solar",
        "plant_output": "yes",
        "plant_method": "photovoltaic",
        "operator": ""
      }
    },
    {
      "type": "Feature",
      "geometry": {
        "type": "Point",
        "coordinates": [
          128.1082245,
          35.1179969
        ]
      },
      "properties": {
        "osm_type": "way",
        "osm_id": 1007290684,
        "sido": "경상남도",
        "power_type": "generator",
        "name": "",
        "name_en": "",
        "plant_source": "solar",
        "plant_output": "yes",
        "plant_method": "photovoltaic",
        "operator": ""
      }
    },
    {
      "type": "Feature",
      "geometry": {
        "type": "Point",
        "coordinates": [
          128.1033982,
          35.1225796
        ]
      },
      "properties": {
        "osm_type": "way",
        "osm_id": 1007290763,
        "sido": "경상남도",
        "power_type": "generator",
        "name": "",
        "name_en": "",
        "plant_source": "solar",
        "plant_output": "yes",
        "plant_method": "photovoltaic",
        "operator": ""
      }
    },
    {
      "type": "Feature",
      "geometry": {
        "type": "Point",
        "coordinates": [
          128.0025198,
          34.9110161
        ]
      },
      "properties": {
        "osm_type": "way",
        "osm_id": 1020542178,
        "sido": "경상남도",
        "power_type": "generator",
        "name": "",
        "name_en": "",
        "plant_source": "solar",
        "plant_output": "yes",
        "plant_method": "photovoltaic",
        "operator": ""
      }
    },
    {
      "type": "Feature",
      "geometry": {
        "type": "Point",
        "coordinates": [
          128.0025045,
          34.9109485
        ]
      },
      "properties": {
        "osm_type": "way",
        "osm_id": 1020542179,
        "sido": "경상남도",
        "power_type": "generator",
        "name": "",
        "name_en": "",
        "plant_source": "solar",
        "plant_output": "yes",
        "plant_method": "photovoltaic",
        "operator": ""
      }
    },
    {
      "type": "Feature",
      "geometry": {
        "type": "Point",
        "coordinates": [
          128.0024671,
          34.9108832
        ]
      },
      "properties": {
        "osm_type": "way",
        "osm_id": 1020542180,
        "sido": "경상남도",
        "power_type": "generator",
        "name": "",
        "name_en": "",
        "plant_source": "solar",
        "plant_output": "yes",
        "plant_method": "photovoltaic",
        "operator": ""
      }
    },
    {
      "type": "Feature",
      "geometry": {
        "type": "Point",
        "coordinates": [
          128.0024404,
          34.9108171
        ]
      },
      "properties": {
        "osm_type": "way",
        "osm_id": 1020542181,
        "sido": "경상남도",
        "power_type": "generator",
        "name": "",
        "name_en": "",
        "plant_source": "solar",
        "plant_output": "yes",
        "plant_method": "photovoltaic",
        "operator": ""
      }
    },
    {
      "type": "Feature",
      "geometry": {
        "type": "Point",
        "coordinates": [
          128.6988714,
          35.2161957
        ]
      },
      "properties": {
        "osm_type": "way",
        "osm_id": 1023089659,
        "sido": "경상남도",
        "power_type": "generator",
        "name": "",
        "name_en": "",
        "plant_source": "solar",
        "plant_output": "yes",
        "plant_method": "photovoltaic",
        "operator": ""
      }
    },
    {
      "type": "Feature",
      "geometry": {
        "type": "Point",
        "coordinates": [
          128.6996365,
          35.2162587
        ]
      },
      "properties": {
        "osm_type": "way",
        "osm_id": 1023089660,
        "sido": "경상남도",
        "power_type": "generator",
        "name": "",
        "name_en": "",
        "plant_source": "solar",
        "plant_output": "yes",
        "plant_method": "photovoltaic",
        "operator": ""
      }
    },
    {
      "type": "Feature",
      "geometry": {
        "type": "Point",
        "coordinates": [
          128.6994835,
          35.2163716
        ]
      },
      "properties": {
        "osm_type": "way",
        "osm_id": 1023089661,
        "sido": "경상남도",
        "power_type": "generator",
        "name": "",
        "name_en": "",
        "plant_source": "solar",
        "plant_output": "yes",
        "plant_method": "photovoltaic",
        "operator": ""
      }
    },
    {
      "type": "Feature",
      "geometry": {
        "type": "Point",
        "coordinates": [
          128.6990019,
          35.2163286
        ]
      },
      "properties": {
        "osm_type": "way",
        "osm_id": 1023089662,
        "sido": "경상남도",
        "power_type": "generator",
        "name": "",
        "name_en": "",
        "plant_source": "solar",
        "plant_output": "yes",
        "plant_method": "photovoltaic",
        "operator": ""
      }
    },
    {
      "type": "Feature",
      "geometry": {
        "type": "Point",
        "coordinates": [
          128.2713183,
          35.2294988
        ]
      },
      "properties": {
        "osm_type": "way",
        "osm_id": 1030873576,
        "sido": "경상남도",
        "power_type": "plant",
        "name": "",
        "name_en": "",
        "plant_source": "solar",
        "plant_output": "yes",
        "plant_method": "photovoltaic",
        "operator": ""
      }
    },
    {
      "type": "Feature",
      "geometry": {
        "type": "Point",
        "coordinates": [
          128.271169,
          35.2315998
        ]
      },
      "properties": {
        "osm_type": "way",
        "osm_id": 1030873577,
        "sido": "경상남도",
        "power_type": "plant",
        "name": "",
        "name_en": "",
        "plant_source": "solar",
        "plant_output": "yes",
        "plant_method": "photovoltaic",
        "operator": ""
      }
    },
    {
      "type": "Feature",
      "geometry": {
        "type": "Point",
        "coordinates": [
          128.2717141,
          35.2337688
        ]
      },
      "properties": {
        "osm_type": "way",
        "osm_id": 1030873578,
        "sido": "경상남도",
        "power_type": "plant",
        "name": "",
        "name_en": "",
        "plant_source": "solar",
        "plant_output": "yes",
        "plant_method": "photovoltaic",
        "operator": ""
      }
    },
    {
      "type": "Feature",
      "geometry": {
        "type": "Point",
        "coordinates": [
          128.1259308,
          34.9044776
        ]
      },
      "properties": {
        "osm_type": "way",
        "osm_id": 1085668265,
        "sido": "경상남도",
        "power_type": "plant",
        "name": "",
        "name_en": "Goseong Green (Goseong High) power station",
        "plant_source": "coal",
        "plant_output": "yes",
        "plant_method": "combustion",
        "operator": ""
      }
    },
    {
      "type": "Feature",
      "geometry": {
        "type": "Point",
        "coordinates": [
          128.0425765,
          35.6907783
        ]
      },
      "properties": {
        "osm_type": "way",
        "osm_id": 1186154125,
        "sido": "경상남도",
        "power_type": "plant",
        "name": "",
        "name_en": "",
        "plant_source": "solar",
        "plant_output": "yes",
        "plant_method": "photovoltaic",
        "operator": ""
      }
    },
    {
      "type": "Feature",
      "geometry": {
        "type": "Point",
        "coordinates": [
          127.8606851,
          35.8984507
        ]
      },
      "properties": {
        "osm_type": "way",
        "osm_id": 1198398865,
        "sido": "경상남도",
        "power_type": "plant",
        "name": "",
        "name_en": "",
        "plant_source": "solar",
        "plant_output": "yes",
        "plant_method": "photovoltaic",
        "operator": ""
      }
    },
    {
      "type": "Feature",
      "geometry": {
        "type": "Point",
        "coordinates": [
          128.9339154,
          35.5055371
        ]
      },
      "properties": {
        "osm_type": "way",
        "osm_id": 1202866020,
        "sido": "경상남도",
        "power_type": "plant",
        "name": "",
        "name_en": "",
        "plant_source": "solar",
        "plant_output": "yes",
        "plant_method": "photovoltaic",
        "operator": ""
      }
    },
    {
      "type": "Feature",
      "geometry": {
        "type": "Point",
        "coordinates": [
          128.933261,
          35.5054295
        ]
      },
      "properties": {
        "osm_type": "way",
        "osm_id": 1202866021,
        "sido": "경상남도",
        "power_type": "plant",
        "name": "",
        "name_en": "",
        "plant_source": "solar",
        "plant_output": "yes",
        "plant_method": "photovoltaic",
        "operator": ""
      }
    },
    {
      "type": "Feature",
      "geometry": {
        "type": "Point",
        "coordinates": [
          127.9029487,
          35.7132966
        ]
      },
      "properties": {
        "osm_type": "way",
        "osm_id": 1204076679,
        "sido": "경상남도",
        "power_type": "plant",
        "name": "",
        "name_en": "",
        "plant_source": "solar",
        "plant_output": "yes",
        "plant_method": "photovoltaic",
        "operator": ""
      }
    },
    {
      "type": "Feature",
      "geometry": {
        "type": "Point",
        "coordinates": [
          127.8894948,
          35.7080261
        ]
      },
      "properties": {
        "osm_type": "way",
        "osm_id": 1204076815,
        "sido": "경상남도",
        "power_type": "plant",
        "name": "",
        "name_en": "",
        "plant_source": "solar",
        "plant_output": "yes",
        "plant_method": "photovoltaic",
        "operator": ""
      }
    },
    {
      "type": "Feature",
      "geometry": {
        "type": "Point",
        "coordinates": [
          127.8918598,
          35.6678784
        ]
      },
      "properties": {
        "osm_type": "way",
        "osm_id": 1204091560,
        "sido": "경상남도",
        "power_type": "plant",
        "name": "",
        "name_en": "",
        "plant_source": "solar",
        "plant_output": "yes",
        "plant_method": "photovoltaic",
        "operator": ""
      }
    },
    {
      "type": "Feature",
      "geometry": {
        "type": "Point",
        "coordinates": [
          127.9517367,
          35.6775931
        ]
      },
      "properties": {
        "osm_type": "way",
        "osm_id": 1204100374,
        "sido": "경상남도",
        "power_type": "plant",
        "name": "",
        "name_en": "",
        "plant_source": "solar",
        "plant_output": "yes",
        "plant_method": "photovoltaic",
        "operator": ""
      }
    },
    {
      "type": "Feature",
      "geometry": {
        "type": "Point",
        "coordinates": [
          128.4279429,
          35.3915405
        ]
      },
      "properties": {
        "osm_type": "way",
        "osm_id": 1212428966,
        "sido": "경상남도",
        "power_type": "generator",
        "name": "태양광발전소",
        "name_en": "",
        "plant_source": "solar",
        "plant_output": "yes",
        "plant_method": "photovoltaic",
        "operator": ""
      }
    },
    {
      "type": "Feature",
      "geometry": {
        "type": "Point",
        "coordinates": [
          127.9681559,
          35.3340733
        ]
      },
      "properties": {
        "osm_type": "way",
        "osm_id": 1221662246,
        "sido": "경상남도",
        "power_type": "generator",
        "name": "",
        "name_en": "",
        "plant_source": "solar",
        "plant_output": "yes",
        "plant_method": "photovoltaic",
        "operator": ""
      }
    },
    {
      "type": "Feature",
      "geometry": {
        "type": "Point",
        "coordinates": [
          127.9533313,
          35.8101118
        ]
      },
      "properties": {
        "osm_type": "way",
        "osm_id": 1227478144,
        "sido": "경상남도",
        "power_type": "plant",
        "name": "",
        "name_en": "",
        "plant_source": "solar",
        "plant_output": "yes",
        "plant_method": "photovoltaic",
        "operator": ""
      }
    },
    {
      "type": "Feature",
      "geometry": {
        "type": "Point",
        "coordinates": [
          127.9439744,
          35.8147529
        ]
      },
      "properties": {
        "osm_type": "way",
        "osm_id": 1227478146,
        "sido": "경상남도",
        "power_type": "plant",
        "name": "",
        "name_en": "",
        "plant_source": "solar",
        "plant_output": "yes",
        "plant_method": "photovoltaic",
        "operator": ""
      }
    },
    {
      "type": "Feature",
      "geometry": {
        "type": "Point",
        "coordinates": [
          128.5057255,
          35.4997599
        ]
      },
      "properties": {
        "osm_type": "way",
        "osm_id": 1266355702,
        "sido": "경상남도",
        "power_type": "generator",
        "name": "",
        "name_en": "",
        "plant_source": "solar",
        "plant_output": "yes",
        "plant_method": "photovoltaic",
        "operator": ""
      }
    },
    {
      "type": "Feature",
      "geometry": {
        "type": "Point",
        "coordinates": [
          127.8629636,
          34.7767347
        ]
      },
      "properties": {
        "osm_type": "way",
        "osm_id": 1266620197,
        "sido": "경상남도",
        "power_type": "plant",
        "name": "",
        "name_en": "",
        "plant_source": "solar",
        "plant_output": "yes",
        "plant_method": "photovoltaic",
        "operator": ""
      }
    },
    {
      "type": "Feature",
      "geometry": {
        "type": "Point",
        "coordinates": [
          127.8649128,
          34.7766894
        ]
      },
      "properties": {
        "osm_type": "way",
        "osm_id": 1266620198,
        "sido": "경상남도",
        "power_type": "plant",
        "name": "",
        "name_en": "",
        "plant_source": "solar",
        "plant_output": "yes",
        "plant_method": "photovoltaic",
        "operator": ""
      }
    },
    {
      "type": "Feature",
      "geometry": {
        "type": "Point",
        "coordinates": [
          127.8631481,
          34.7757978
        ]
      },
      "properties": {
        "osm_type": "way",
        "osm_id": 1266620199,
        "sido": "경상남도",
        "power_type": "plant",
        "name": "",
        "name_en": "",
        "plant_source": "solar",
        "plant_output": "yes",
        "plant_method": "photovoltaic",
        "operator": ""
      }
    },
    {
      "type": "Feature",
      "geometry": {
        "type": "Point",
        "coordinates": [
          127.8604866,
          34.7755501
        ]
      },
      "properties": {
        "osm_type": "way",
        "osm_id": 1266620201,
        "sido": "경상남도",
        "power_type": "plant",
        "name": "",
        "name_en": "",
        "plant_source": "solar",
        "plant_output": "yes",
        "plant_method": "photovoltaic",
        "operator": ""
      }
    },
    {
      "type": "Feature",
      "geometry": {
        "type": "Point",
        "coordinates": [
          127.8603499,
          34.7763279
        ]
      },
      "properties": {
        "osm_type": "way",
        "osm_id": 1266620202,
        "sido": "경상남도",
        "power_type": "plant",
        "name": "",
        "name_en": "",
        "plant_source": "solar",
        "plant_output": "yes",
        "plant_method": "photovoltaic",
        "operator": ""
      }
    },
    {
      "type": "Feature",
      "geometry": {
        "type": "Point",
        "coordinates": [
          127.9097522,
          34.8423093
        ]
      },
      "properties": {
        "osm_type": "way",
        "osm_id": 1266620203,
        "sido": "경상남도",
        "power_type": "plant",
        "name": "",
        "name_en": "",
        "plant_source": "solar",
        "plant_output": "yes",
        "plant_method": "photovoltaic",
        "operator": ""
      }
    },
    {
      "type": "Feature",
      "geometry": {
        "type": "Point",
        "coordinates": [
          127.9156905,
          34.8379009
        ]
      },
      "properties": {
        "osm_type": "way",
        "osm_id": 1266620204,
        "sido": "경상남도",
        "power_type": "plant",
        "name": "",
        "name_en": "",
        "plant_source": "solar",
        "plant_output": "yes",
        "plant_method": "photovoltaic",
        "operator": ""
      }
    },
    {
      "type": "Feature",
      "geometry": {
        "type": "Point",
        "coordinates": [
          127.9140872,
          34.8372119
        ]
      },
      "properties": {
        "osm_type": "way",
        "osm_id": 1266620205,
        "sido": "경상남도",
        "power_type": "plant",
        "name": "",
        "name_en": "",
        "plant_source": "solar",
        "plant_output": "yes",
        "plant_method": "photovoltaic",
        "operator": ""
      }
    },
    {
      "type": "Feature",
      "geometry": {
        "type": "Point",
        "coordinates": [
          127.7782127,
          35.2577111
        ]
      },
      "properties": {
        "osm_type": "way",
        "osm_id": 1278448949,
        "sido": "경상남도",
        "power_type": "plant",
        "name": "산청양수 소수력",
        "name_en": "",
        "plant_source": "hydro",
        "plant_output": "0.995 MW",
        "plant_method": "run-of-the-river",
        "operator": "한국수력원자력"
      }
    },
    {
      "type": "Feature",
      "geometry": {
        "type": "Point",
        "coordinates": [
          128.1071662,
          34.9155653
        ]
      },
      "properties": {
        "osm_type": "way",
        "osm_id": 1278448950,
        "sido": "경상남도",
        "power_type": "plant",
        "name": "삼천포해양 소수력",
        "name_en": "",
        "plant_source": "hydro",
        "plant_output": "5 MW",
        "plant_method": "run-of-the-river",
        "operator": "한국남동발전"
      }
    },
    {
      "type": "Feature",
      "geometry": {
        "type": "Point",
        "coordinates": [
          128.000533,
          35.7796907
        ]
      },
      "properties": {
        "osm_type": "way",
        "osm_id": 1278448951,
        "sido": "경상남도",
        "power_type": "plant",
        "name": "가북 소수력",
        "name_en": "",
        "plant_source": "hydro",
        "plant_output": "0.65 MW",
        "plant_method": "run-of-the-river",
        "operator": "한국농어촌공사"
      }
    },
    {
      "type": "Feature",
      "geometry": {
        "type": "Point",
        "coordinates": [
          127.9759263,
          35.4167208
        ]
      },
      "properties": {
        "osm_type": "way",
        "osm_id": 1278448952,
        "sido": "경상남도",
        "power_type": "plant",
        "name": "율현 소수력",
        "name_en": "",
        "plant_source": "hydro",
        "plant_output": "0.56 MW",
        "plant_method": "run-of-the-river",
        "operator": "한국농어촌공사"
      }
    },
    {
      "type": "Feature",
      "geometry": {
        "type": "Point",
        "coordinates": [
          128.0839703,
          35.7424582
        ]
      },
      "properties": {
        "osm_type": "way",
        "osm_id": 1278448953,
        "sido": "경상남도",
        "power_type": "plant",
        "name": "죽전 소수력",
        "name_en": "",
        "plant_source": "hydro",
        "plant_output": "0.19 MW",
        "plant_method": "run-of-the-river",
        "operator": "한국농어촌공사"
      }
    },
    {
      "type": "Feature",
      "geometry": {
        "type": "Point",
        "coordinates": [
          127.7891587,
          35.4525946
        ]
      },
      "properties": {
        "osm_type": "way",
        "osm_id": 1278448954,
        "sido": "경상남도",
        "power_type": "plant",
        "name": "개취보 소수력",
        "name_en": "",
        "plant_source": "hydro",
        "plant_output": "0.42 MW",
        "plant_method": "run-of-the-river",
        "operator": "산청군"
      }
    },
    {
      "type": "Feature",
      "geometry": {
        "type": "Point",
        "coordinates": [
          127.7563696,
          35.4395097
        ]
      },
      "properties": {
        "osm_type": "way",
        "osm_id": 1278448955,
        "sido": "경상남도",
        "power_type": "plant",
        "name": "운서보 소수력",
        "name_en": "",
        "plant_source": "hydro",
        "plant_output": "0.4 MW",
        "plant_method": "run-of-the-river",
        "operator": "함양군"
      }
    },
    {
      "type": "Feature",
      "geometry": {
        "type": "Point",
        "coordinates": [
          127.9837558,
          35.4334071
        ]
      },
      "properties": {
        "osm_type": "way",
        "osm_id": 1278448956,
        "sido": "경상남도",
        "power_type": "plant",
        "name": "신손항 소수력",
        "name_en": "",
        "plant_source": "hydro",
        "plant_output": "0.15 MW",
        "plant_method": "run-of-the-river",
        "operator": "한국농어촌공사"
      }
    },
    {
      "type": "Feature",
      "geometry": {
        "type": "Point",
        "coordinates": [
          127.6116168,
          35.2738684
        ]
      },
      "properties": {
        "osm_type": "way",
        "osm_id": 1278448957,
        "sido": "경상남도",
        "power_type": "plant",
        "name": "목통탄소제로마을 소수력",
        "name_en": "",
        "plant_source": "hydro",
        "plant_output": "0.099 MW",
        "plant_method": "run-of-the-river",
        "operator": "목통탄소제로마을"
      }
    },
    {
      "type": "Feature",
      "geometry": {
        "type": "Point",
        "coordinates": [
          127.6493966,
          35.2893792
        ]
      },
      "properties": {
        "osm_type": "way",
        "osm_id": 1278448958,
        "sido": "경상남도",
        "power_type": "plant",
        "name": "의신탄소제로마을 소수력",
        "name_en": "",
        "plant_source": "hydro",
        "plant_output": "0.08 MW",
        "plant_method": "run-of-the-river",
        "operator": "의신탄소제로마을"
      }
    },
    {
      "type": "Feature",
      "geometry": {
        "type": "Point",
        "coordinates": [
          128.1274021,
          35.1789514
        ]
      },
      "properties": {
        "osm_type": "way",
        "osm_id": 1278459096,
        "sido": "경상남도",
        "power_type": "plant",
        "name": "무림 열병합",
        "name_en": "",
        "plant_source": "oil",
        "plant_output": "26.3 MW",
        "plant_method": "combustion",
        "operator": "무림파워텍"
      }
    },
    {
      "type": "Feature",
      "geometry": {
        "type": "Point",
        "coordinates": [
          128.7782545,
          35.2992486
        ]
      },
      "properties": {
        "osm_type": "way",
        "osm_id": 1278664368,
        "sido": "경상남도",
        "power_type": "plant",
        "name": "김해 음폐수처리장 바이오",
        "name_en": "",
        "plant_source": "biogas",
        "plant_output": "1.485 MW",
        "plant_method": "anaerobic_digestion",
        "operator": "GnC에너지"
      }
    },
    {
      "type": "Feature",
      "geometry": {
        "type": "Point",
        "coordinates": [
          129.0182643,
          35.3666956
        ]
      },
      "properties": {
        "osm_type": "way",
        "osm_id": 1278664370,
        "sido": "경상남도",
        "power_type": "plant",
        "name": "양산 바이오가스화시설",
        "name_en": "",
        "plant_source": "biogas",
        "plant_output": "0.6 MW",
        "plant_method": "anaerobic_digestion",
        "operator": "양산시"
      }
    },
    {
      "type": "Feature",
      "geometry": {
        "type": "Point",
        "coordinates": [
          128.9649187,
          35.3360372
        ]
      },
      "properties": {
        "osm_type": "way",
        "osm_id": 1278664371,
        "sido": "경상남도",
        "power_type": "plant",
        "name": "흙마음 바이오",
        "name_en": "",
        "plant_source": "biogas",
        "plant_output": "0.82 MW",
        "plant_method": "gasification",
        "operator": "흙마음영농조합법인"
      }
    },
    {
      "type": "Feature",
      "geometry": {
        "type": "Point",
        "coordinates": [
          128.4698513,
          35.3643694
        ]
      },
      "properties": {
        "osm_type": "way",
        "osm_id": 1278668797,
        "sido": "경상남도",
        "power_type": "plant",
        "name": "엠함안 바이오",
        "name_en": "",
        "plant_source": "biomass",
        "plant_output": "9.9 MW",
        "plant_method": "combustion",
        "operator": "엠함안"
      }
    },
    {
      "type": "Feature",
      "geometry": {
        "type": "Point",
        "coordinates": [
          128.0114333,
          35.1176977
        ]
      },
      "properties": {
        "osm_type": "way",
        "osm_id": 1278668798,
        "sido": "경상남도",
        "power_type": "plant",
        "name": "진주 광역매립장 LFG",
        "name_en": "",
        "plant_source": "biogas",
        "plant_output": "0.925 MW",
        "plant_method": "anaerobic_digestion",
        "operator": "누리에코넷"
      }
    },
    {
      "type": "Feature",
      "geometry": {
        "type": "Point",
        "coordinates": [
          128.4395676,
          35.5302915
        ]
      },
      "properties": {
        "osm_type": "way",
        "osm_id": 1278668799,
        "sido": "경상남도",
        "power_type": "plant",
        "name": "창녕 바이오",
        "name_en": "",
        "plant_source": "biomass",
        "plant_output": "0.541 MW",
        "plant_method": "combustion",
        "operator": "우포월드"
      }
    },
    {
      "type": "Feature",
      "geometry": {
        "type": "Point",
        "coordinates": [
          128.5878742,
          35.1369721
        ]
      },
      "properties": {
        "osm_type": "way",
        "osm_id": 1278668800,
        "sido": "경상남도",
        "power_type": "plant",
        "name": "창원덕동 생활폐기물매립장",
        "name_en": "",
        "plant_source": "biomass",
        "plant_output": "0.7 MW",
        "plant_method": "combustion",
        "operator": "LF에너지"
      }
    },
    {
      "type": "Feature",
      "geometry": {
        "type": "Point",
        "coordinates": [
          128.6968167,
          35.1724508
        ]
      },
      "properties": {
        "osm_type": "way",
        "osm_id": 1278668801,
        "sido": "경상남도",
        "power_type": "plant",
        "name": "창원마산 생활폐기물매립장",
        "name_en": "",
        "plant_source": "biomass",
        "plant_output": "0.9 MW",
        "plant_method": "combustion",
        "operator": "에코에너지"
      }
    },
    {
      "type": "Feature",
      "geometry": {
        "type": "Point",
        "coordinates": [
          128.4960832,
          35.4190673
        ]
      },
      "properties": {
        "osm_type": "way",
        "osm_id": 1278668802,
        "sido": "경상남도",
        "power_type": "plant",
        "name": "도방에너지 바이오",
        "name_en": "",
        "plant_source": "biogas",
        "plant_output": "0.19 MW",
        "plant_method": "gasification",
        "operator": "도방에너지"
      }
    },
    {
      "type": "Feature",
      "geometry": {
        "type": "Point",
        "coordinates": [
          127.9140381,
          35.693457
        ]
      },
      "properties": {
        "osm_type": "way",
        "osm_id": 1278712518,
        "sido": "경상남도",
        "power_type": "plant",
        "name": "그린파크 연료전지",
        "name_en": "",
        "plant_source": "gas",
        "plant_output": "0.105 MW",
        "plant_method": "fuel_cell",
        "operator": "그린파크연료전지발전소"
      }
    },
    {
      "type": "Feature",
      "geometry": {
        "type": "Point",
        "coordinates": [
          127.9221035,
          35.6838493
        ]
      },
      "properties": {
        "osm_type": "way",
        "osm_id": 1278712519,
        "sido": "경상남도",
        "power_type": "plant",
        "name": "S-Fuelcell(거창) 연료전지",
        "name_en": "",
        "plant_source": "gas",
        "plant_output": "0.21 MW",
        "plant_method": "fuel_cell",
        "operator": "S-Fuelcell"
      }
    },
    {
      "type": "Feature",
      "geometry": {
        "type": "Point",
        "coordinates": [
          127.9325099,
          35.6908376
        ]
      },
      "properties": {
        "osm_type": "way",
        "osm_id": 1281474107,
        "sido": "경상남도",
        "power_type": "plant",
        "name": "거창 생활폐기물소각시설 GT",
        "name_en": "",
        "plant_source": "waste",
        "plant_output": "0.133 MW",
        "plant_method": "combustion",
        "operator": "거창군"
      }
    },
    {
      "type": "Feature",
      "geometry": {
        "type": "Point",
        "coordinates": [
          128.6897607,
          35.1414119
        ]
      },
      "properties": {
        "osm_type": "way",
        "osm_id": 1281474108,
        "sido": "경상남도",
        "power_type": "plant",
        "name": "창원진해 생활폐기물소각",
        "name_en": "",
        "plant_source": "waste",
        "plant_output": "0.4 MW",
        "plant_method": "combustion",
        "operator": "창원시"
      }
    },
    {
      "type": "Feature",
      "geometry": {
        "type": "Point",
        "coordinates": [
          127.7499183,
          35.50612
        ]
      },
      "properties": {
        "osm_type": "way",
        "osm_id": 1281474109,
        "sido": "경상남도",
        "power_type": "plant",
        "name": "함양군 폐기물소각",
        "name_en": "",
        "plant_source": "waste",
        "plant_output": "0.14 MW",
        "plant_method": "combustion",
        "operator": "함양군"
      }
    },
    {
      "type": "Feature",
      "geometry": {
        "type": "Point",
        "coordinates": [
          128.1430383,
          35.1860728
        ]
      },
      "properties": {
        "osm_type": "way",
        "osm_id": 1291780260,
        "sido": "경상남도",
        "power_type": "generator",
        "name": "",
        "name_en": "",
        "plant_source": "solar",
        "plant_output": "yes",
        "plant_method": "photovoltaic",
        "operator": ""
      }
    },
    {
      "type": "Feature",
      "geometry": {
        "type": "Point",
        "coordinates": [
          128.1427395,
          35.1862381
        ]
      },
      "properties": {
        "osm_type": "way",
        "osm_id": 1291780261,
        "sido": "경상남도",
        "power_type": "generator",
        "name": "",
        "name_en": "",
        "plant_source": "solar",
        "plant_output": "yes",
        "plant_method": "photovoltaic",
        "operator": ""
      }
    },
    {
      "type": "Feature",
      "geometry": {
        "type": "Point",
        "coordinates": [
          128.1435469,
          35.1870695
        ]
      },
      "properties": {
        "osm_type": "way",
        "osm_id": 1291780283,
        "sido": "경상남도",
        "power_type": "generator",
        "name": "",
        "name_en": "",
        "plant_source": "solar",
        "plant_output": "yes",
        "plant_method": "photovoltaic",
        "operator": ""
      }
    },
    {
      "type": "Feature",
      "geometry": {
        "type": "Point",
        "coordinates": [
          128.1448699,
          35.1858473
        ]
      },
      "properties": {
        "osm_type": "way",
        "osm_id": 1291783550,
        "sido": "경상남도",
        "power_type": "generator",
        "name": "",
        "name_en": "",
        "plant_source": "solar",
        "plant_output": "yes",
        "plant_method": "photovoltaic",
        "operator": ""
      }
    },
    {
      "type": "Feature",
      "geometry": {
        "type": "Point",
        "coordinates": [
          128.7197091,
          35.0902148
        ]
      },
      "properties": {
        "osm_type": "way",
        "osm_id": 1292361507,
        "sido": "경상남도",
        "power_type": "generator",
        "name": "",
        "name_en": "",
        "plant_source": "solar",
        "plant_output": "yes",
        "plant_method": "photovoltaic",
        "operator": ""
      }
    },
    {
      "type": "Feature",
      "geometry": {
        "type": "Point",
        "coordinates": [
          128.7195129,
          35.0900858
        ]
      },
      "properties": {
        "osm_type": "way",
        "osm_id": 1292361508,
        "sido": "경상남도",
        "power_type": "generator",
        "name": "",
        "name_en": "",
        "plant_source": "solar",
        "plant_output": "yes",
        "plant_method": "photovoltaic",
        "operator": ""
      }
    },
    {
      "type": "Feature",
      "geometry": {
        "type": "Point",
        "coordinates": [
          128.7198452,
          35.0901456
        ]
      },
      "properties": {
        "osm_type": "way",
        "osm_id": 1292361509,
        "sido": "경상남도",
        "power_type": "generator",
        "name": "",
        "name_en": "",
        "plant_source": "solar",
        "plant_output": "yes",
        "plant_method": "photovoltaic",
        "operator": ""
      }
    },
    {
      "type": "Feature",
      "geometry": {
        "type": "Point",
        "coordinates": [
          128.7201695,
          35.0902595
        ]
      },
      "properties": {
        "osm_type": "way",
        "osm_id": 1292361510,
        "sido": "경상남도",
        "power_type": "generator",
        "name": "",
        "name_en": "",
        "plant_source": "solar",
        "plant_output": "yes",
        "plant_method": "photovoltaic",
        "operator": ""
      }
    },
    {
      "type": "Feature",
      "geometry": {
        "type": "Point",
        "coordinates": [
          128.838859,
          35.2326502
        ]
      },
      "properties": {
        "osm_type": "way",
        "osm_id": 1292371493,
        "sido": "경상남도",
        "power_type": "generator",
        "name": "",
        "name_en": "",
        "plant_source": "solar",
        "plant_output": "yes",
        "plant_method": "photovoltaic",
        "operator": ""
      }
    },
    {
      "type": "Feature",
      "geometry": {
        "type": "Point",
        "coordinates": [
          128.8381763,
          35.2327589
        ]
      },
      "properties": {
        "osm_type": "way",
        "osm_id": 1292371494,
        "sido": "경상남도",
        "power_type": "generator",
        "name": "",
        "name_en": "",
        "plant_source": "solar",
        "plant_output": "yes",
        "plant_method": "photovoltaic",
        "operator": ""
      }
    },
    {
      "type": "Feature",
      "geometry": {
        "type": "Point",
        "coordinates": [
          128.8382712,
          35.2330818
        ]
      },
      "properties": {
        "osm_type": "way",
        "osm_id": 1292371495,
        "sido": "경상남도",
        "power_type": "generator",
        "name": "",
        "name_en": "",
        "plant_source": "solar",
        "plant_output": "yes",
        "plant_method": "photovoltaic",
        "operator": ""
      }
    },
    {
      "type": "Feature",
      "geometry": {
        "type": "Point",
        "coordinates": [
          128.8387976,
          35.2331151
        ]
      },
      "properties": {
        "osm_type": "way",
        "osm_id": 1292371496,
        "sido": "경상남도",
        "power_type": "generator",
        "name": "",
        "name_en": "",
        "plant_source": "solar",
        "plant_output": "yes",
        "plant_method": "photovoltaic",
        "operator": ""
      }
    },
    {
      "type": "Feature",
      "geometry": {
        "type": "Point",
        "coordinates": [
          128.0665849,
          35.5235307
        ]
      },
      "properties": {
        "osm_type": "way",
        "osm_id": 1318023597,
        "sido": "경상남도",
        "power_type": "plant",
        "name": "",
        "name_en": "",
        "plant_source": "solar",
        "plant_output": "yes",
        "plant_method": "photovoltaic",
        "operator": ""
      }
    },
    {
      "type": "Feature",
      "geometry": {
        "type": "Point",
        "coordinates": [
          128.0406995,
          35.4851427
        ]
      },
      "properties": {
        "osm_type": "way",
        "osm_id": 1318023816,
        "sido": "경상남도",
        "power_type": "generator",
        "name": "",
        "name_en": "",
        "plant_source": "solar",
        "plant_output": "yes",
        "plant_method": "photovoltaic",
        "operator": ""
      }
    },
    {
      "type": "Feature",
      "geometry": {
        "type": "Point",
        "coordinates": [
          128.1603281,
          35.584268
        ]
      },
      "properties": {
        "osm_type": "way",
        "osm_id": 1319805456,
        "sido": "경상남도",
        "power_type": "generator",
        "name": "",
        "name_en": "",
        "plant_source": "solar",
        "plant_output": "yes",
        "plant_method": "photovoltaic",
        "operator": ""
      }
    },
    {
      "type": "Feature",
      "geometry": {
        "type": "Point",
        "coordinates": [
          128.1470908,
          35.5938304
        ]
      },
      "properties": {
        "osm_type": "way",
        "osm_id": 1319805538,
        "sido": "경상남도",
        "power_type": "generator",
        "name": "",
        "name_en": "",
        "plant_source": "solar",
        "plant_output": "yes",
        "plant_method": "photovoltaic",
        "operator": ""
      }
    },
    {
      "type": "Feature",
      "geometry": {
        "type": "Point",
        "coordinates": [
          127.8415931,
          35.0387405
        ]
      },
      "properties": {
        "osm_type": "way",
        "osm_id": 1345776258,
        "sido": "경상남도",
        "power_type": "plant",
        "name": "",
        "name_en": "",
        "plant_source": "solar",
        "plant_output": "yes",
        "plant_method": "photovoltaic",
        "operator": ""
      }
    },
    {
      "type": "Feature",
      "geometry": {
        "type": "Point",
        "coordinates": [
          127.8526641,
          35.023532
        ]
      },
      "properties": {
        "osm_type": "way",
        "osm_id": 1345776259,
        "sido": "경상남도",
        "power_type": "plant",
        "name": "",
        "name_en": "",
        "plant_source": "solar",
        "plant_output": "yes",
        "plant_method": "photovoltaic",
        "operator": ""
      }
    },
    {
      "type": "Feature",
      "geometry": {
        "type": "Point",
        "coordinates": [
          127.8748498,
          35.0531275
        ]
      },
      "properties": {
        "osm_type": "way",
        "osm_id": 1345776260,
        "sido": "경상남도",
        "power_type": "plant",
        "name": "",
        "name_en": "",
        "plant_source": "solar",
        "plant_output": "yes",
        "plant_method": "photovoltaic",
        "operator": ""
      }
    },
    {
      "type": "Feature",
      "geometry": {
        "type": "Point",
        "coordinates": [
          127.8725874,
          35.0524112
        ]
      },
      "properties": {
        "osm_type": "way",
        "osm_id": 1345776261,
        "sido": "경상남도",
        "power_type": "plant",
        "name": "",
        "name_en": "",
        "plant_source": "solar",
        "plant_output": "yes",
        "plant_method": "photovoltaic",
        "operator": ""
      }
    },
    {
      "type": "Feature",
      "geometry": {
        "type": "Point",
        "coordinates": [
          127.8642941,
          35.0314383
        ]
      },
      "properties": {
        "osm_type": "way",
        "osm_id": 1345776262,
        "sido": "경상남도",
        "power_type": "plant",
        "name": "",
        "name_en": "",
        "plant_source": "solar",
        "plant_output": "yes",
        "plant_method": "photovoltaic",
        "operator": ""
      }
    },
    {
      "type": "Feature",
      "geometry": {
        "type": "Point",
        "coordinates": [
          127.8827141,
          35.0411376
        ]
      },
      "properties": {
        "osm_type": "way",
        "osm_id": 1345776263,
        "sido": "경상남도",
        "power_type": "plant",
        "name": "",
        "name_en": "",
        "plant_source": "solar",
        "plant_output": "yes",
        "plant_method": "photovoltaic",
        "operator": ""
      }
    },
    {
      "type": "Feature",
      "geometry": {
        "type": "Point",
        "coordinates": [
          127.886439,
          35.0416892
        ]
      },
      "properties": {
        "osm_type": "way",
        "osm_id": 1345776264,
        "sido": "경상남도",
        "power_type": "plant",
        "name": "",
        "name_en": "",
        "plant_source": "solar",
        "plant_output": "yes",
        "plant_method": "photovoltaic",
        "operator": ""
      }
    },
    {
      "type": "Feature",
      "geometry": {
        "type": "Point",
        "coordinates": [
          127.8762993,
          35.0392296
        ]
      },
      "properties": {
        "osm_type": "way",
        "osm_id": 1345776265,
        "sido": "경상남도",
        "power_type": "plant",
        "name": "",
        "name_en": "",
        "plant_source": "solar",
        "plant_output": "yes",
        "plant_method": "photovoltaic",
        "operator": ""
      }
    },
    {
      "type": "Feature",
      "geometry": {
        "type": "Point",
        "coordinates": [
          127.8767404,
          35.0365116
        ]
      },
      "properties": {
        "osm_type": "way",
        "osm_id": 1345776267,
        "sido": "경상남도",
        "power_type": "plant",
        "name": "",
        "name_en": "",
        "plant_source": "solar",
        "plant_output": "yes",
        "plant_method": "photovoltaic",
        "operator": ""
      }
    },
    {
      "type": "Feature",
      "geometry": {
        "type": "Point",
        "coordinates": [
          127.8734942,
          35.038164
        ]
      },
      "properties": {
        "osm_type": "way",
        "osm_id": 1345776268,
        "sido": "경상남도",
        "power_type": "plant",
        "name": "",
        "name_en": "",
        "plant_source": "solar",
        "plant_output": "yes",
        "plant_method": "photovoltaic",
        "operator": ""
      }
    },
    {
      "type": "Feature",
      "geometry": {
        "type": "Point",
        "coordinates": [
          127.8746004,
          35.0379928
        ]
      },
      "properties": {
        "osm_type": "way",
        "osm_id": 1345776269,
        "sido": "경상남도",
        "power_type": "plant",
        "name": "",
        "name_en": "",
        "plant_source": "solar",
        "plant_output": "yes",
        "plant_method": "photovoltaic",
        "operator": ""
      }
    },
    {
      "type": "Feature",
      "geometry": {
        "type": "Point",
        "coordinates": [
          127.872846,
          35.036965
        ]
      },
      "properties": {
        "osm_type": "way",
        "osm_id": 1345776270,
        "sido": "경상남도",
        "power_type": "plant",
        "name": "",
        "name_en": "",
        "plant_source": "solar",
        "plant_output": "yes",
        "plant_method": "photovoltaic",
        "operator": ""
      }
    },
    {
      "type": "Feature",
      "geometry": {
        "type": "Point",
        "coordinates": [
          127.8708936,
          35.0360414
        ]
      },
      "properties": {
        "osm_type": "way",
        "osm_id": 1345776271,
        "sido": "경상남도",
        "power_type": "plant",
        "name": "",
        "name_en": "",
        "plant_source": "solar",
        "plant_output": "yes",
        "plant_method": "photovoltaic",
        "operator": ""
      }
    },
    {
      "type": "Feature",
      "geometry": {
        "type": "Point",
        "coordinates": [
          127.8646548,
          35.0364083
        ]
      },
      "properties": {
        "osm_type": "way",
        "osm_id": 1345776274,
        "sido": "경상남도",
        "power_type": "plant",
        "name": "",
        "name_en": "",
        "plant_source": "solar",
        "plant_output": "yes",
        "plant_method": "photovoltaic",
        "operator": ""
      }
    },
    {
      "type": "Feature",
      "geometry": {
        "type": "Point",
        "coordinates": [
          127.8956112,
          35.0505749
        ]
      },
      "properties": {
        "osm_type": "way",
        "osm_id": 1345776275,
        "sido": "경상남도",
        "power_type": "plant",
        "name": "",
        "name_en": "",
        "plant_source": "solar",
        "plant_output": "yes",
        "plant_method": "photovoltaic",
        "operator": ""
      }
    },
    {
      "type": "Feature",
      "geometry": {
        "type": "Point",
        "coordinates": [
          128.435512,
          35.5875366
        ]
      },
      "properties": {
        "osm_type": "way",
        "osm_id": 1349913263,
        "sido": "경상남도",
        "power_type": "generator",
        "name": "",
        "name_en": "",
        "plant_source": "solar",
        "plant_output": "yes",
        "plant_method": "photovoltaic",
        "operator": ""
      }
    },
    {
      "type": "Feature",
      "geometry": {
        "type": "Point",
        "coordinates": [
          128.7123818,
          35.5615232
        ]
      },
      "properties": {
        "osm_type": "way",
        "osm_id": 1351116311,
        "sido": "경상남도",
        "power_type": "generator",
        "name": "",
        "name_en": "",
        "plant_source": "solar",
        "plant_output": "yes",
        "plant_method": "photovoltaic",
        "operator": ""
      }
    },
    {
      "type": "Feature",
      "geometry": {
        "type": "Point",
        "coordinates": [
          127.9012482,
          35.1860161
        ]
      },
      "properties": {
        "osm_type": "way",
        "osm_id": 1355574257,
        "sido": "경상남도",
        "power_type": "generator",
        "name": "",
        "name_en": "",
        "plant_source": "solar",
        "plant_output": "yes",
        "plant_method": "photovoltaic",
        "operator": ""
      }
    },
    {
      "type": "Feature",
      "geometry": {
        "type": "Point",
        "coordinates": [
          127.8625909,
          35.1480494
        ]
      },
      "properties": {
        "osm_type": "way",
        "osm_id": 1355585440,
        "sido": "경상남도",
        "power_type": "plant",
        "name": "",
        "name_en": "",
        "plant_source": "solar",
        "plant_output": "yes",
        "plant_method": "photovoltaic",
        "operator": ""
      }
    },
    {
      "type": "Feature",
      "geometry": {
        "type": "Point",
        "coordinates": [
          127.9090467,
          35.2273075
        ]
      },
      "properties": {
        "osm_type": "way",
        "osm_id": 1355592132,
        "sido": "경상남도",
        "power_type": "plant",
        "name": "",
        "name_en": "",
        "plant_source": "solar",
        "plant_output": "yes",
        "plant_method": "photovoltaic",
        "operator": ""
      }
    },
    {
      "type": "Feature",
      "geometry": {
        "type": "Point",
        "coordinates": [
          127.8442982,
          35.1327156
        ]
      },
      "properties": {
        "osm_type": "way",
        "osm_id": 1355592154,
        "sido": "경상남도",
        "power_type": "plant",
        "name": "",
        "name_en": "",
        "plant_source": "solar",
        "plant_output": "yes",
        "plant_method": "photovoltaic",
        "operator": ""
      }
    },
    {
      "type": "Feature",
      "geometry": {
        "type": "Point",
        "coordinates": [
          127.815675,
          35.0451541
        ]
      },
      "properties": {
        "osm_type": "way",
        "osm_id": 1360811806,
        "sido": "경상남도",
        "power_type": "generator",
        "name": "",
        "name_en": "",
        "plant_source": "solar",
        "plant_output": "yes",
        "plant_method": "photovoltaic",
        "operator": ""
      }
    },
    {
      "type": "Feature",
      "geometry": {
        "type": "Point",
        "coordinates": [
          127.8107102,
          35.0335599
        ]
      },
      "properties": {
        "osm_type": "way",
        "osm_id": 1360811807,
        "sido": "경상남도",
        "power_type": "generator",
        "name": "",
        "name_en": "",
        "plant_source": "solar",
        "plant_output": "yes",
        "plant_method": "photovoltaic",
        "operator": ""
      }
    },
    {
      "type": "Feature",
      "geometry": {
        "type": "Point",
        "coordinates": [
          127.782999,
          35.080864
        ]
      },
      "properties": {
        "osm_type": "way",
        "osm_id": 1360811832,
        "sido": "경상남도",
        "power_type": "generator",
        "name": "",
        "name_en": "",
        "plant_source": "solar",
        "plant_output": "yes",
        "plant_method": "photovoltaic",
        "operator": ""
      }
    },
    {
      "type": "Feature",
      "geometry": {
        "type": "Point",
        "coordinates": [
          127.7834845,
          35.0821151
        ]
      },
      "properties": {
        "osm_type": "way",
        "osm_id": 1360811833,
        "sido": "경상남도",
        "power_type": "generator",
        "name": "",
        "name_en": "",
        "plant_source": "solar",
        "plant_output": "yes",
        "plant_method": "photovoltaic",
        "operator": ""
      }
    },
    {
      "type": "Feature",
      "geometry": {
        "type": "Point",
        "coordinates": [
          127.7833382,
          35.0848489
        ]
      },
      "properties": {
        "osm_type": "way",
        "osm_id": 1360811834,
        "sido": "경상남도",
        "power_type": "generator",
        "name": "",
        "name_en": "",
        "plant_source": "solar",
        "plant_output": "yes",
        "plant_method": "photovoltaic",
        "operator": ""
      }
    },
    {
      "type": "Feature",
      "geometry": {
        "type": "Point",
        "coordinates": [
          127.8778473,
          34.8794781
        ]
      },
      "properties": {
        "osm_type": "way",
        "osm_id": 1363298956,
        "sido": "경상남도",
        "power_type": "generator",
        "name": "",
        "name_en": "",
        "plant_source": "solar",
        "plant_output": "yes",
        "plant_method": "photovoltaic",
        "operator": ""
      }
    },
    {
      "type": "Feature",
      "geometry": {
        "type": "Point",
        "coordinates": [
          127.7404994,
          35.4640037
        ]
      },
      "properties": {
        "osm_type": "way",
        "osm_id": 1365847990,
        "sido": "경상남도",
        "power_type": "plant",
        "name": "",
        "name_en": "",
        "plant_source": "solar",
        "plant_output": "yes",
        "plant_method": "photovoltaic",
        "operator": ""
      }
    },
    {
      "type": "Feature",
      "geometry": {
        "type": "Point",
        "coordinates": [
          127.8054867,
          35.4636585
        ]
      },
      "properties": {
        "osm_type": "way",
        "osm_id": 1365848012,
        "sido": "경상남도",
        "power_type": "generator",
        "name": "",
        "name_en": "",
        "plant_source": "solar",
        "plant_output": "yes",
        "plant_method": "photovoltaic",
        "operator": ""
      }
    },
    {
      "type": "Feature",
      "geometry": {
        "type": "Point",
        "coordinates": [
          127.8024678,
          35.4618792
        ]
      },
      "properties": {
        "osm_type": "way",
        "osm_id": 1365848013,
        "sido": "경상남도",
        "power_type": "generator",
        "name": "",
        "name_en": "",
        "plant_source": "solar",
        "plant_output": "yes",
        "plant_method": "photovoltaic",
        "operator": ""
      }
    },
    {
      "type": "Feature",
      "geometry": {
        "type": "Point",
        "coordinates": [
          128.2823518,
          35.0427544
        ]
      },
      "properties": {
        "osm_type": "way",
        "osm_id": 1390840363,
        "sido": "경상남도",
        "power_type": "generator",
        "name": "",
        "name_en": "",
        "plant_source": "solar",
        "plant_output": "yes",
        "plant_method": "photovoltaic",
        "operator": ""
      }
    },
    {
      "type": "Feature",
      "geometry": {
        "type": "Point",
        "coordinates": [
          128.0724728,
          35.0368034
        ]
      },
      "properties": {
        "osm_type": "way",
        "osm_id": 1411205063,
        "sido": "경상남도",
        "power_type": "generator",
        "name": "",
        "name_en": "",
        "plant_source": "solar",
        "plant_output": "yes",
        "plant_method": "photovoltaic",
        "operator": ""
      }
    },
    {
      "type": "Feature",
      "geometry": {
        "type": "Point",
        "coordinates": [
          128.0714509,
          35.0365311
        ]
      },
      "properties": {
        "osm_type": "way",
        "osm_id": 1411205108,
        "sido": "경상남도",
        "power_type": "generator",
        "name": "",
        "name_en": "",
        "plant_source": "solar",
        "plant_output": "yes",
        "plant_method": "photovoltaic",
        "operator": ""
      }
    },
    {
      "type": "Feature",
      "geometry": {
        "type": "Point",
        "coordinates": [
          128.1370589,
          35.4493518
        ]
      },
      "properties": {
        "osm_type": "way",
        "osm_id": 1435798131,
        "sido": "경상남도",
        "power_type": "plant",
        "name": "",
        "name_en": "",
        "plant_source": "solar",
        "plant_output": "yes",
        "plant_method": "photovoltaic",
        "operator": ""
      }
    },
    {
      "type": "Feature",
      "geometry": {
        "type": "Point",
        "coordinates": [
          128.1330662,
          35.4474766
        ]
      },
      "properties": {
        "osm_type": "way",
        "osm_id": 1435798132,
        "sido": "경상남도",
        "power_type": "plant",
        "name": "",
        "name_en": "",
        "plant_source": "solar",
        "plant_output": "yes",
        "plant_method": "photovoltaic",
        "operator": ""
      }
    },
    {
      "type": "Feature",
      "geometry": {
        "type": "Point",
        "coordinates": [
          128.1312348,
          35.4462844
        ]
      },
      "properties": {
        "osm_type": "way",
        "osm_id": 1435798133,
        "sido": "경상남도",
        "power_type": "plant",
        "name": "",
        "name_en": "",
        "plant_source": "solar",
        "plant_output": "yes",
        "plant_method": "photovoltaic",
        "operator": ""
      }
    },
    {
      "type": "Feature",
      "geometry": {
        "type": "Point",
        "coordinates": [
          128.3557788,
          35.42646
        ]
      },
      "properties": {
        "osm_type": "way",
        "osm_id": 1442585677,
        "sido": "경상남도",
        "power_type": "plant",
        "name": "",
        "name_en": "",
        "plant_source": "solar",
        "plant_output": "",
        "plant_method": "",
        "operator": ""
      }
    },
    {
      "type": "Feature",
      "geometry": {
        "type": "Point",
        "coordinates": [
          128.3527137,
          35.4228165
        ]
      },
      "properties": {
        "osm_type": "way",
        "osm_id": 1442585678,
        "sido": "경상남도",
        "power_type": "plant",
        "name": "",
        "name_en": "",
        "plant_source": "solar",
        "plant_output": "",
        "plant_method": "",
        "operator": ""
      }
    },
    {
      "type": "Feature",
      "geometry": {
        "type": "Point",
        "coordinates": [
          128.3502172,
          35.4192977
        ]
      },
      "properties": {
        "osm_type": "way",
        "osm_id": 1442585679,
        "sido": "경상남도",
        "power_type": "plant",
        "name": "",
        "name_en": "",
        "plant_source": "solar",
        "plant_output": "",
        "plant_method": "",
        "operator": ""
      }
    },
    {
      "type": "Feature",
      "geometry": {
        "type": "Point",
        "coordinates": [
          128.0788802,
          35.6253015
        ]
      },
      "properties": {
        "osm_type": "way",
        "osm_id": 1444414944,
        "sido": "경상남도",
        "power_type": "plant",
        "name": "",
        "name_en": "",
        "plant_source": "solar",
        "plant_output": "",
        "plant_method": "",
        "operator": ""
      }
    },
    {
      "type": "Feature",
      "geometry": {
        "type": "Point",
        "coordinates": [
          128.0779495,
          35.6261016
        ]
      },
      "properties": {
        "osm_type": "way",
        "osm_id": 1444414945,
        "sido": "경상남도",
        "power_type": "plant",
        "name": "",
        "name_en": "",
        "plant_source": "solar",
        "plant_output": "",
        "plant_method": "",
        "operator": ""
      }
    },
    {
      "type": "Feature",
      "geometry": {
        "type": "Point",
        "coordinates": [
          128.0565266,
          35.5968707
        ]
      },
      "properties": {
        "osm_type": "way",
        "osm_id": 1444414994,
        "sido": "경상남도",
        "power_type": "plant",
        "name": "",
        "name_en": "",
        "plant_source": "solar",
        "plant_output": "",
        "plant_method": "",
        "operator": ""
      }
    },
    {
      "type": "Feature",
      "geometry": {
        "type": "Point",
        "coordinates": [
          129.0231926,
          35.3250192
        ]
      },
      "properties": {
        "osm_type": "way",
        "osm_id": 1448089984,
        "sido": "경상남도",
        "power_type": "plant",
        "name": "",
        "name_en": "Yangsan Korea District Heating Co power station",
        "plant_source": "",
        "plant_output": "",
        "plant_method": "",
        "operator": ""
      }
    },
    {
      "type": "Feature",
      "geometry": {
        "type": "Point",
        "coordinates": [
          127.980305,
          35.6811238
        ]
      },
      "properties": {
        "osm_type": "way",
        "osm_id": 1452206767,
        "sido": "경상남도",
        "power_type": "plant",
        "name": "",
        "name_en": "",
        "plant_source": "solar",
        "plant_output": "",
        "plant_method": "",
        "operator": ""
      }
    },
    {
      "type": "Feature",
      "geometry": {
        "type": "Point",
        "coordinates": [
          127.9813081,
          35.6832077
        ]
      },
      "properties": {
        "osm_type": "way",
        "osm_id": 1452206768,
        "sido": "경상남도",
        "power_type": "plant",
        "name": "",
        "name_en": "",
        "plant_source": "solar",
        "plant_output": "",
        "plant_method": "",
        "operator": ""
      }
    },
    {
      "type": "Feature",
      "geometry": {
        "type": "Point",
        "coordinates": [
          127.9922984,
          34.8751548
        ]
      },
      "properties": {
        "osm_type": "way",
        "osm_id": 1460374751,
        "sido": "경상남도",
        "power_type": "plant",
        "name": "",
        "name_en": "",
        "plant_source": "solar",
        "plant_output": "",
        "plant_method": "",
        "operator": ""
      }
    },
    {
      "type": "Feature",
      "geometry": {
        "type": "Point",
        "coordinates": [
          128.0310523,
          34.8557927
        ]
      },
      "properties": {
        "osm_type": "way",
        "osm_id": 1460374761,
        "sido": "경상남도",
        "power_type": "plant",
        "name": "",
        "name_en": "",
        "plant_source": "solar",
        "plant_output": "",
        "plant_method": "",
        "operator": ""
      }
    },
    {
      "type": "Feature",
      "geometry": {
        "type": "Point",
        "coordinates": [
          128.0564891,
          34.8504423
        ]
      },
      "properties": {
        "osm_type": "way",
        "osm_id": 1460644498,
        "sido": "경상남도",
        "power_type": "plant",
        "name": "",
        "name_en": "",
        "plant_source": "solar",
        "plant_output": "",
        "plant_method": "",
        "operator": ""
      }
    },
    {
      "type": "Feature",
      "geometry": {
        "type": "Point",
        "coordinates": [
          128.2486305,
          35.576153
        ]
      },
      "properties": {
        "osm_type": "way",
        "osm_id": 1460660623,
        "sido": "경상남도",
        "power_type": "plant",
        "name": "",
        "name_en": "",
        "plant_source": "solar",
        "plant_output": "",
        "plant_method": "",
        "operator": ""
      }
    },
    {
      "type": "Feature",
      "geometry": {
        "type": "Point",
        "coordinates": [
          127.890769,
          35.0139203
        ]
      },
      "properties": {
        "osm_type": "way",
        "osm_id": 1472863815,
        "sido": "경상남도",
        "power_type": "plant",
        "name": "",
        "name_en": "",
        "plant_source": "solar",
        "plant_output": "yes",
        "plant_method": "photovoltaic",
        "operator": ""
      }
    },
    {
      "type": "Feature",
      "geometry": {
        "type": "Point",
        "coordinates": [
          127.8683616,
          35.0373032
        ]
      },
      "properties": {
        "osm_type": "relation",
        "osm_id": 18459733,
        "sido": "경상남도",
        "power_type": "plant",
        "name": "",
        "name_en": "",
        "plant_source": "solar",
        "plant_output": "yes",
        "plant_method": "photovoltaic",
        "operator": ""
      }
    }
  ]
}