{
  "type": "FeatureCollection",
  "features": [
    {
      "type": "Feature",
      "geometry": {
        "type": "LineString",
        "coordinates": [
          [
            129.2975282,
            35.4928243
          ],
          [
            129.2940226,
            35.4906231
          ],
          [
            129.2894613,
            35.4873181
          ],
          [
            129.2844663,
            35.4855419
          ],
          [
            129.28256,
            35.4847943
          ],
          [
            129.2801585,
            35.4839398
          ],
          [
            129.2752651,
            35.4822115
          ],
          [
            129.2739917,
            35.4816706
          ],
          [
            129.2702931,
            35.480176
          ],
          [
            129.2666509,
            35.4786629
          ],
          [
            129.2629379,
            35.4771963
          ],
          [
            129.260103,
            35.4759922
          ],
          [
            129.2572404,
            35.4748108
          ],
          [
            129.2544707,
            35.4723704
          ],
          [
            129.2532488,
            35.471231
          ],
          [
            129.2489925,
            35.4674739
          ],
          [
            129.2473649,
            35.465979
          ],
          [
            129.2431805,
            35.4622149
          ],
          [
            129.2391081,
            35.4584563
          ],
          [
            129.232365,
            35.4538214
          ],
          [
            129.2283751,
            35.4510589
          ],
          [
            129.2260448,
            35.4494355
          ],
          [
            129.2234383,
            35.4472266
          ],
          [
            129.2129642,
            35.4383657
          ],
          [
            129.2075029,
            35.4337356
          ],
          [
            129.204701,
            35.4313647
          ],
          [
            129.2033559,
            35.4302132
          ],
          [
            129.2007764,
            35.4280765
          ],
          [
            129.1987758,
            35.4263925
          ],
          [
            129.1932754,
            35.4233067
          ],
          [
            129.1915013,
            35.422308
          ],
          [
            129.1870127,
            35.4197824
          ],
          [
            129.1857017,
            35.4184034
          ],
          [
            129.1840187,
            35.4159317
          ],
          [
            129.1821943,
            35.4132597
          ],
          [
            129.1798351,
            35.4097515
          ],
          [
            129.1782856,
            35.4074465
          ],
          [
            129.1772321,
            35.4059418
          ],
          [
            129.1756375,
            35.4035812
          ],
          [
            129.1745738,
            35.4019861
          ],
          [
            129.1706666,
            35.3992155
          ],
          [
            129.1673332,
            35.3973819
          ],
          [
            129.1655806,
            35.3964178
          ],
          [
            129.1637727,
            35.395433
          ],
          [
            129.1583625,
            35.3931506
          ],
          [
            129.1537426,
            35.3899042
          ],
          [
            129.1519379,
            35.3885742
          ],
          [
            129.1487021,
            35.3863526
          ],
          [
            129.1426713,
            35.3808419
          ],
          [
            129.1399217,
            35.3783269
          ],
          [
            129.1368071,
            35.3758711
          ],
          [
            129.1344952,
            35.3740816
          ],
          [
            129.129943,
            35.3700803
          ],
          [
            129.1281385,
            35.3670658
          ],
          [
            129.1268347,
            35.3648122
          ],
          [
            129.1236564,
            35.359318
          ],
          [
            129.1194022,
            35.3523929
          ],
          [
            129.1182183,
            35.3504046
          ],
          [
            129.1169096,
            35.3481958
          ],
          [
            129.1149482,
            35.3449501
          ],
          [
            129.1132941,
            35.3421046
          ],
          [
            129.1113282,
            35.3395396
          ],
          [
            129.1098347,
            35.3375515
          ],
          [
            129.1076319,
            35.3346787
          ],
          [
            129.1056568,
            35.3320221
          ],
          [
            129.1040709,
            35.3298963
          ],
          [
            129.1029956,
            35.3271531
          ],
          [
            129.1016977,
            35.3240555
          ],
          [
            129.0993888,
            35.3212171
          ],
          [
            129.0958467,
            35.3175889
          ],
          [
            129.0947398,
            35.3164973
          ],
          [
            129.0906326,
            35.312343
          ],
          [
            129.0891952,
            35.3108311
          ],
          [
            129.0861944,
            35.3078351
          ],
          [
            129.0844933,
            35.3062757
          ],
          [
            129.0836888,
            35.305512
          ],
          [
            129.0846465,
            35.3038754
          ],
          [
            129.0819736,
            35.3005972
          ],
          [
            129.0800841,
            35.3024577
          ]
        ]
      },
      "properties": {
        "osm_type": "way",
        "osm_id": 143756947,
        "sido": "경상남도",
        "power_type": "line",
        "name": "",
        "description": "",
        "voltage": "345000",
        "cables": "6",
        "circuits": "2",
        "frequency": "60",
        "operator": "",
        "wires": ""
      }
    },
    {
      "type": "Feature",
      "geometry": {
        "type": "LineString",
        "coordinates": [
          [
            129.0264416,
            35.2387026
          ],
          [
            129.0275454,
            35.240995
          ],
          [
            129.0287083,
            35.2433775
          ],
          [
            129.0304665,
            35.2471572
          ],
          [
            129.031322,
            35.2497809
          ],
          [
            129.0324612,
            35.2530935
          ],
          [
            129.0329303,
            35.2550926
          ],
          [
            129.0326859,
            35.2574425
          ],
          [
            129.0325092,
            35.2590276
          ],
          [
            129.0322175,
            35.2615383
          ],
          [
            129.0319494,
            35.2638752
          ],
          [
            129.0314448,
            35.2680337
          ],
          [
            129.0312004,
            35.2700356
          ],
          [
            129.0306958,
            35.2740136
          ],
          [
            129.0304199,
            35.2762149
          ],
          [
            129.0300566,
            35.2791953
          ],
          [
            129.0307496,
            35.2850121
          ],
          [
            129.0310001,
            35.2871938
          ],
          [
            129.0312867,
            35.2898544
          ],
          [
            129.0315657,
            35.2922801
          ],
          [
            129.0320747,
            35.296099
          ],
          [
            129.0324883,
            35.3001173
          ],
          [
            129.0334432,
            35.3073846
          ],
          [
            129.0337865,
            35.3102914
          ],
          [
            129.0340059,
            35.3128399
          ],
          [
            129.0345638,
            35.3174623
          ],
          [
            129.0349715,
            35.3205175
          ],
          [
            129.0353958,
            35.3235717
          ],
          [
            129.0366726,
            35.325375
          ],
          [
            129.0385526,
            35.32682
          ],
          [
            129.0419882,
            35.3281244
          ],
          [
            129.0487044,
            35.3288071
          ],
          [
            129.0533988,
            35.3292877
          ],
          [
            129.0562956,
            35.3294978
          ],
          [
            129.0593533,
            35.3291914
          ],
          [
            129.0624754,
            35.32878
          ],
          [
            129.0693419,
            35.3279485
          ],
          [
            129.0728824,
            35.3264429
          ],
          [
            129.0753286,
            35.3243596
          ],
          [
            129.0770881,
            35.3221974
          ],
          [
            129.0787296,
            35.3202628
          ],
          [
            129.0807466,
            35.3183544
          ],
          [
            129.0840822,
            35.3159631
          ],
          [
            129.0865509,
            35.3141698
          ],
          [
            129.0883148,
            35.3135578
          ],
          [
            129.092263,
            35.3135228
          ],
          [
            129.0941909,
            35.314531
          ],
          [
            129.0955846,
            35.3152116
          ],
          [
            129.0976446,
            35.316621
          ],
          [
            129.1006701,
            35.3188972
          ],
          [
            129.1023223,
            35.3205429
          ],
          [
            129.1030304,
            35.3212257
          ],
          [
            129.105144,
            35.3232741
          ],
          [
            129.1062705,
            35.3244384
          ],
          [
            129.1084914,
            35.3267055
          ],
          [
            129.1109161,
            35.3289988
          ],
          [
            129.1132765,
            35.3314584
          ],
          [
            129.1159694,
            35.3341017
          ],
          [
            129.1180079,
            35.3361585
          ],
          [
            129.1213314,
            35.3434125
          ],
          [
            129.1237199,
            35.3492693
          ],
          [
            129.1264987,
            35.3528876
          ],
          [
            129.1288841,
            35.3560628
          ],
          [
            129.1319124,
            35.3601287
          ],
          [
            129.1338602,
            35.3627072
          ],
          [
            129.1361372,
            35.3658193
          ],
          [
            129.1384492,
            35.3687546
          ],
          [
            129.1411743,
            35.3723073
          ],
          [
            129.1433029,
            35.3737061
          ],
          [
            129.1506422,
            35.3786338
          ],
          [
            129.1537343,
            35.3806381
          ],
          [
            129.1602466,
            35.3834866
          ],
          [
            129.1646257,
            35.3854566
          ],
          [
            129.1657629,
            35.3859681
          ],
          [
            129.1674553,
            35.3867293
          ],
          [
            129.1691384,
            35.3888307
          ],
          [
            129.1710736,
            35.3929668
          ],
          [
            129.1719842,
            35.3950415
          ],
          [
            129.1735538,
            35.3984134
          ],
          [
            129.1748137,
            35.4011598
          ],
          [
            129.1765125,
            35.402908
          ],
          [
            129.1792573,
            35.4058601
          ],
          [
            129.1816108,
            35.4083755
          ],
          [
            129.1848367,
            35.4116369
          ],
          [
            129.1870708,
            35.4141117
          ],
          [
            129.1896241,
            35.4158239
          ],
          [
            129.192226,
            35.4175932
          ],
          [
            129.1941693,
            35.418872
          ],
          [
            129.1971208,
            35.4208798
          ],
          [
            129.2004266,
            35.4239571
          ],
          [
            129.2015194,
            35.4249237
          ],
          [
            129.2043027,
            35.4274962
          ],
          [
            129.2077211,
            35.4300229
          ],
          [
            129.2095798,
            35.4313927
          ],
          [
            129.2131103,
            35.4339041
          ],
          [
            129.2154756,
            35.4357032
          ],
          [
            129.2186963,
            35.4381138
          ],
          [
            129.2208481,
            35.4396882
          ],
          [
            129.2232265,
            35.4409973
          ],
          [
            129.2268152,
            35.4429926
          ],
          [
            129.2291511,
            35.444244
          ],
          [
            129.2344811,
            35.446441
          ],
          [
            129.2376593,
            35.4477904
          ],
          [
            129.2391104,
            35.4500046
          ],
          [
            129.2409154,
            35.4526109
          ],
          [
            129.2431026,
            35.4559206
          ],
          [
            129.2458636,
            35.4601019
          ],
          [
            129.2466256,
            35.4612557
          ],
          [
            129.2499645,
            35.462882
          ],
          [
            129.2535912,
            35.4631645
          ],
          [
            129.2562798,
            35.4633604
          ],
          [
            129.2593152,
            35.463598
          ],
          [
            129.2624255,
            35.4642787
          ],
          [
            129.2671206,
            35.4653318
          ],
          [
            129.2707434,
            35.4660702
          ],
          [
            129.2765197,
            35.4690896
          ],
          [
            129.280462,
            35.4706867
          ],
          [
            129.2844254,
            35.4713008
          ],
          [
            129.2868151,
            35.4709882
          ],
          [
            129.2911134,
            35.4704853
          ],
          [
            129.2954722,
            35.4695954
          ],
          [
            129.2984318,
            35.4689872
          ],
          [
            129.3023031,
            35.4681583
          ],
          [
            129.306703,
            35.4671314
          ]
        ]
      },
      "properties": {
        "osm_type": "way",
        "osm_id": 191384581,
        "sido": "경상남도",
        "power_type": "line",
        "name": "",
        "description": "",
        "voltage": "345000",
        "cables": "6",
        "circuits": "2",
        "frequency": "60",
        "operator": "",
        "wires": ""
      }
    },
    {
      "type": "Feature",
      "geometry": {
        "type": "LineString",
        "coordinates": [
          [
            129.0366618,
            35.3182493
          ],
          [
            129.0364741,
            35.3188767
          ],
          [
            129.0360243,
            35.320326
          ],
          [
            129.0355958,
            35.3215946
          ],
          [
            129.0348943,
            35.3222025
          ],
          [
            129.0343632,
            35.3223824
          ]
        ]
      },
      "properties": {
        "osm_type": "way",
        "osm_id": 191384583,
        "sido": "경상남도",
        "power_type": "line",
        "name": "",
        "description": "",
        "voltage": "154000",
        "cables": "",
        "circuits": "",
        "frequency": "60",
        "operator": "",
        "wires": ""
      }
    },
    {
      "type": "Feature",
      "geometry": {
        "type": "LineString",
        "coordinates": [
          [
            129.0252507,
            35.2348826
          ],
          [
            129.0253091,
            35.2340439
          ],
          [
            129.0273394,
            35.2340888
          ],
          [
            129.0285205,
            35.2359422
          ],
          [
            129.0286832,
            35.2371415
          ],
          [
            129.0296783,
            35.2386618
          ],
          [
            129.031491,
            35.2412294
          ],
          [
            129.0325643,
            35.2428497
          ],
          [
            129.0329108,
            35.2437953
          ],
          [
            129.0329488,
            35.2451636
          ],
          [
            129.0330883,
            35.24589
          ],
          [
            129.0335171,
            35.2485075
          ],
          [
            129.0334943,
            35.2522133
          ],
          [
            129.0334236,
            35.255133
          ],
          [
            129.0332854,
            35.2575836
          ],
          [
            129.0331318,
            35.2594974
          ],
          [
            129.0330458,
            35.2613835
          ],
          [
            129.0328431,
            35.2643756
          ],
          [
            129.032625,
            35.2677915
          ],
          [
            129.0324407,
            35.2705928
          ],
          [
            129.0321612,
            35.2750065
          ],
          [
            129.0319769,
            35.2775994
          ],
          [
            129.0318632,
            35.2793898
          ],
          [
            129.031656,
            35.2827718
          ],
          [
            129.0317803,
            35.2860797
          ],
          [
            129.0319158,
            35.2872468
          ],
          [
            129.0322687,
            35.2892665
          ],
          [
            129.0327065,
            35.2922671
          ],
          [
            129.0333161,
            35.2957826
          ],
          [
            129.0339765,
            35.300052
          ],
          [
            129.0349291,
            35.3065038
          ],
          [
            129.0351813,
            35.3082426
          ],
          [
            129.035428,
            35.3098011
          ],
          [
            129.0359001,
            35.3124713
          ],
          [
            129.0364365,
            35.3161483
          ],
          [
            129.0366618,
            35.3182493
          ]
        ]
      },
      "properties": {
        "osm_type": "way",
        "osm_id": 191384584,
        "sido": "경상남도",
        "power_type": "line",
        "name": "",
        "description": "",
        "voltage": "154000",
        "cables": "6",
        "circuits": "2",
        "frequency": "60",
        "operator": "",
        "wires": ""
      }
    },
    {
      "type": "Feature",
      "geometry": {
        "type": "LineString",
        "coordinates": [
          [
            128.697132,
            34.8669125
          ],
          [
            128.695903,
            34.8648902
          ],
          [
            128.6940841,
            34.863297
          ],
          [
            128.6919948,
            34.8621171
          ],
          [
            128.6891927,
            34.861265
          ],
          [
            128.6843651,
            34.8630861
          ],
          [
            128.6823227,
            34.8638566
          ],
          [
            128.6809216,
            34.8641944
          ],
          [
            128.6772285,
            34.8645121
          ],
          [
            128.6735661,
            34.8649608
          ],
          [
            128.6710832,
            34.8653103
          ],
          [
            128.6673312,
            34.8633253
          ],
          [
            128.6630187,
            34.8616667
          ],
          [
            128.6611416,
            34.8621872
          ],
          [
            128.6574052,
            34.8631569
          ],
          [
            128.6564527,
            34.8633536
          ],
          [
            128.6542279,
            34.863955
          ],
          [
            128.6525181,
            34.8644023
          ],
          [
            128.6511137,
            34.8647698
          ],
          [
            128.6474329,
            34.8657933
          ],
          [
            128.6457922,
            34.8662824
          ],
          [
            128.644342,
            34.8665042
          ],
          [
            128.6420806,
            34.8672554
          ],
          [
            128.6396902,
            34.8679361
          ],
          [
            128.6370141,
            34.8686941
          ],
          [
            128.6342458,
            34.8693982
          ],
          [
            128.6313085,
            34.8702099
          ],
          [
            128.6304107,
            34.8703741
          ],
          [
            128.6293067,
            34.8713563
          ]
        ]
      },
      "properties": {
        "osm_type": "way",
        "osm_id": 242078090,
        "sido": "경상남도",
        "power_type": "line",
        "name": "",
        "description": "",
        "voltage": "154000",
        "cables": "",
        "circuits": "",
        "frequency": "60",
        "operator": "",
        "wires": ""
      }
    },
    {
      "type": "Feature",
      "geometry": {
        "type": "LineString",
        "coordinates": [
          [
            129.1081507,
            35.2746747
          ],
          [
            129.1095192,
            35.2784075
          ],
          [
            129.1099971,
            35.2797136
          ],
          [
            129.1117439,
            35.284566
          ],
          [
            129.11268,
            35.2870707
          ],
          [
            129.1142195,
            35.2914275
          ],
          [
            129.1154373,
            35.294615
          ],
          [
            129.1163143,
            35.2970034
          ],
          [
            129.1170815,
            35.2990699
          ],
          [
            129.1174543,
            35.3001776
          ],
          [
            129.1189134,
            35.3040017
          ],
          [
            129.1204476,
            35.3079396
          ],
          [
            129.1218317,
            35.3117108
          ],
          [
            129.1229501,
            35.3148232
          ],
          [
            129.1236582,
            35.3166003
          ],
          [
            129.1238386,
            35.3179824
          ],
          [
            129.1257021,
            35.3220826
          ],
          [
            129.1258576,
            35.32254
          ],
          [
            129.1265094,
            35.3246474
          ],
          [
            129.1278532,
            35.3292473
          ],
          [
            129.1290763,
            35.3331992
          ],
          [
            129.1293204,
            35.3340197
          ],
          [
            129.1320348,
            35.3364638
          ],
          [
            129.134835,
            35.3389866
          ],
          [
            129.1379812,
            35.3417785
          ],
          [
            129.1403952,
            35.3444061
          ],
          [
            129.1414708,
            35.3469309
          ],
          [
            129.1428468,
            35.3503743
          ],
          [
            129.1451615,
            35.3552352
          ],
          [
            129.1459742,
            35.3577115
          ],
          [
            129.1475835,
            35.3599121
          ],
          [
            129.1498286,
            35.3635082
          ],
          [
            129.1506734,
            35.3648184
          ],
          [
            129.1526905,
            35.3679396
          ],
          [
            129.1540021,
            35.3699627
          ],
          [
            129.1558501,
            35.3729875
          ],
          [
            129.1568419,
            35.3748242
          ],
          [
            129.1576797,
            35.3749132
          ],
          [
            129.157902,
            35.3766486
          ],
          [
            129.1602114,
            35.3802548
          ],
          [
            129.1604823,
            35.3833055
          ],
          [
            129.1614103,
            35.3855185
          ],
          [
            129.1637063,
            35.3860608
          ],
          [
            129.1646397,
            35.3873575
          ],
          [
            129.1666514,
            35.3892271
          ],
          [
            129.167625,
            35.3921768
          ],
          [
            129.1687435,
            35.3936768
          ],
          [
            129.169752,
            35.3955768
          ],
          [
            129.1711467,
            35.3981568
          ],
          [
            129.1717593,
            35.3990811
          ],
          [
            129.1738799,
            35.4022802
          ],
          [
            129.1745076,
            35.4033165
          ],
          [
            129.1752279,
            35.404423
          ],
          [
            129.1764356,
            35.4063895
          ]
        ]
      },
      "properties": {
        "osm_type": "way",
        "osm_id": 244516984,
        "sido": "경상남도",
        "power_type": "line",
        "name": "",
        "description": "",
        "voltage": "154000",
        "cables": "6",
        "circuits": "2",
        "frequency": "60",
        "operator": "",
        "wires": ""
      }
    },
    {
      "type": "Feature",
      "geometry": {
        "type": "LineString",
        "coordinates": [
          [
            129.1781534,
            35.241339
          ],
          [
            129.1773512,
            35.2432635
          ],
          [
            129.1760841,
            35.2457898
          ],
          [
            129.1729059,
            35.2486339
          ],
          [
            129.1682342,
            35.2528536
          ],
          [
            129.1655869,
            35.2552293
          ],
          [
            129.1627838,
            35.257732
          ],
          [
            129.1604267,
            35.2598417
          ],
          [
            129.1576662,
            35.2623385
          ],
          [
            129.1543606,
            35.2652976
          ],
          [
            129.1517982,
            35.2675574
          ],
          [
            129.1492287,
            35.2698922
          ],
          [
            129.1432404,
            35.2736427
          ],
          [
            129.1398215,
            35.2758386
          ],
          [
            129.1384271,
            35.2767285
          ],
          [
            129.1344066,
            35.2792422
          ],
          [
            129.128489,
            35.2800685
          ],
          [
            129.124242,
            35.2806752
          ],
          [
            129.1191809,
            35.2813917
          ],
          [
            129.1135465,
            35.2822296
          ],
          [
            129.1106869,
            35.2829461
          ],
          [
            129.1067301,
            35.2839977
          ],
          [
            129.1027636,
            35.2861343
          ],
          [
            129.0990405,
            35.2882627
          ],
          [
            129.0964165,
            35.2888244
          ],
          [
            129.0960421,
            35.2888787
          ],
          [
            129.0926555,
            35.2903126
          ],
          [
            129.0873248,
            35.2921921
          ],
          [
            129.0848335,
            35.2930277
          ],
          [
            129.0819588,
            35.294028
          ],
          [
            129.0768701,
            35.2936987
          ],
          [
            129.0750495,
            35.2935587
          ],
          [
            129.0728002,
            35.2934517
          ],
          [
            129.0696582,
            35.2933694
          ],
          [
            129.0649277,
            35.2940115
          ],
          [
            129.0632684,
            35.2937604
          ],
          [
            129.0607165,
            35.2933652
          ],
          [
            129.0585349,
            35.2929312
          ],
          [
            129.0569096,
            35.2908856
          ],
          [
            129.0553027,
            35.2887918
          ],
          [
            129.0542774,
            35.2873192
          ],
          [
            129.0521945,
            35.2847439
          ],
          [
            129.0502097,
            35.2821605
          ],
          [
            129.048467,
            35.2804929
          ],
          [
            129.0461582,
            35.2780875
          ],
          [
            129.0457216,
            35.2765813
          ],
          [
            129.044852,
            35.2734769
          ],
          [
            129.0437368,
            35.2696374
          ],
          [
            129.0433344,
            35.2675296
          ],
          [
            129.042949,
            35.2657169
          ],
          [
            129.0421612,
            35.2626679
          ],
          [
            129.0412984,
            35.2594488
          ],
          [
            129.0403572,
            35.2559818
          ],
          [
            129.0394924,
            35.2526882
          ],
          [
            129.0366474,
            35.2478602
          ],
          [
            129.0355429,
            35.2459381
          ],
          [
            129.0338019,
            35.2429682
          ],
          [
            129.0329868,
            35.241495
          ],
          [
            129.0311396,
            35.2383161
          ],
          [
            129.0294612,
            35.237095
          ],
          [
            129.0283423,
            35.2362362
          ],
          [
            129.0271655,
            35.2357477
          ]
        ]
      },
      "properties": {
        "osm_type": "way",
        "osm_id": 244523745,
        "sido": "경상남도",
        "power_type": "line",
        "name": "",
        "description": "",
        "voltage": "345000",
        "cables": "6",
        "circuits": "2",
        "frequency": "60",
        "operator": "",
        "wires": ""
      }
    },
    {
      "type": "Feature",
      "geometry": {
        "type": "LineString",
        "coordinates": [
          [
            128.3933345,
            35.7340773
          ],
          [
            128.3881755,
            35.732442
          ],
          [
            128.3845661,
            35.7321565
          ],
          [
            128.3798223,
            35.7321777
          ],
          [
            128.374939,
            35.7328804
          ],
          [
            128.3706533,
            35.7330389
          ],
          [
            128.3665092,
            35.7323301
          ],
          [
            128.3627248,
            35.7313376
          ],
          [
            128.3586563,
            35.7305628
          ],
          [
            128.3555976,
            35.7299765
          ],
          [
            128.3511816,
            35.7269575
          ],
          [
            128.3478504,
            35.7248019
          ],
          [
            128.3425946,
            35.7212261
          ],
          [
            128.3397821,
            35.7192856
          ],
          [
            128.3374202,
            35.7185186
          ],
          [
            128.3347415,
            35.7177301
          ],
          [
            128.3316528,
            35.7146377
          ],
          [
            128.332411,
            35.7096492
          ],
          [
            128.3311261,
            35.7066149
          ],
          [
            128.3329479,
            35.7034439
          ],
          [
            128.3363364,
            35.6981731
          ],
          [
            128.3380751,
            35.6958368
          ],
          [
            128.3415931,
            35.6909077
          ],
          [
            128.3431082,
            35.688497
          ],
          [
            128.3450215,
            35.6853731
          ],
          [
            128.3469576,
            35.6821761
          ],
          [
            128.3492535,
            35.6787817
          ],
          [
            128.3508078,
            35.6763054
          ],
          [
            128.3497593,
            35.6714775
          ],
          [
            128.350238,
            35.6676137
          ],
          [
            128.3488425,
            35.6657177
          ],
          [
            128.3449808,
            35.6646818
          ],
          [
            128.3411088,
            35.6636839
          ],
          [
            128.3371672,
            35.6603495
          ],
          [
            128.3341982,
            35.65646
          ],
          [
            128.3336777,
            35.6537534
          ],
          [
            128.3331525,
            35.6512601
          ],
          [
            128.3323301,
            35.646979
          ],
          [
            128.3326133,
            35.642662
          ],
          [
            128.3326919,
            35.6406793
          ],
          [
            128.3329976,
            35.6364523
          ],
          [
            128.3327308,
            35.6336934
          ],
          [
            128.3320626,
            35.6268632
          ],
          [
            128.3318389,
            35.623968
          ],
          [
            128.3338416,
            35.6202345
          ],
          [
            128.33587,
            35.6177713
          ],
          [
            128.3372319,
            35.6160393
          ],
          [
            128.3394013,
            35.6126656
          ],
          [
            128.3419966,
            35.6087856
          ],
          [
            128.3445052,
            35.6047814
          ],
          [
            128.345798,
            35.6020572
          ],
          [
            128.3476526,
            35.5981797
          ],
          [
            128.3475824,
            35.5945444
          ],
          [
            128.3473814,
            35.5895313
          ],
          [
            128.3472582,
            35.5861533
          ],
          [
            128.3470821,
            35.5815196
          ],
          [
            128.3471641,
            35.5778415
          ],
          [
            128.3472129,
            35.5745776
          ],
          [
            128.3479975,
            35.5702558
          ],
          [
            128.3442834,
            35.5657362
          ],
          [
            128.3423844,
            35.5633892
          ],
          [
            128.338508,
            35.5598891
          ],
          [
            128.3353825,
            35.5571882
          ],
          [
            128.332781,
            35.5547676
          ],
          [
            128.3307303,
            35.5514574
          ],
          [
            128.3293393,
            35.548541
          ],
          [
            128.3278495,
            35.5466987
          ],
          [
            128.3244959,
            35.5427308
          ],
          [
            128.3214889,
            35.5389404
          ],
          [
            128.3188066,
            35.535852
          ],
          [
            128.3152068,
            35.5313775
          ],
          [
            128.3126651,
            35.529658
          ],
          [
            128.3101911,
            35.5278064
          ],
          [
            128.3068009,
            35.5253987
          ],
          [
            128.3007635,
            35.5211868
          ],
          [
            128.296607,
            35.5182601
          ],
          [
            128.2932873,
            35.5181541
          ],
          [
            128.2876806,
            35.5170678
          ],
          [
            128.2841426,
            35.5156678
          ],
          [
            128.2769865,
            35.5141135
          ],
          [
            128.2712505,
            35.5135986
          ],
          [
            128.2657483,
            35.5108941
          ],
          [
            128.261664,
            35.5089183
          ],
          [
            128.2593999,
            35.5060388
          ],
          [
            128.2575855,
            35.5037894
          ],
          [
            128.2544531,
            35.4998838
          ],
          [
            128.2510869,
            35.4988092
          ],
          [
            128.2488764,
            35.498019
          ],
          [
            128.2453206,
            35.4974097
          ],
          [
            128.2409514,
            35.4967048
          ],
          [
            128.2363705,
            35.4959506
          ],
          [
            128.2334246,
            35.495471
          ],
          [
            128.2233292,
            35.492831
          ],
          [
            128.2179724,
            35.4893437
          ],
          [
            128.213843,
            35.4875435
          ],
          [
            128.2106886,
            35.4862122
          ],
          [
            128.2097803,
            35.4840104
          ],
          [
            128.207986,
            35.4793571
          ],
          [
            128.2080304,
            35.4770141
          ],
          [
            128.2080437,
            35.4718949
          ],
          [
            128.208311,
            35.4680128
          ],
          [
            128.2086072,
            35.4660117
          ],
          [
            128.2078797,
            35.4618803
          ],
          [
            128.2080787,
            35.4598892
          ],
          [
            128.2084504,
            35.4557894
          ],
          [
            128.2086666,
            35.4533831
          ],
          [
            128.2070156,
            35.4512656
          ],
          [
            128.2044947,
            35.4481987
          ],
          [
            128.2020996,
            35.4453389
          ],
          [
            128.1986472,
            35.441005
          ],
          [
            128.196886,
            35.4387879
          ],
          [
            128.1935996,
            35.4339904
          ],
          [
            128.1912398,
            35.4295069
          ],
          [
            128.1887978,
            35.4246831
          ],
          [
            128.1872506,
            35.4215296
          ],
          [
            128.1857399,
            35.418437
          ],
          [
            128.1842149,
            35.4153836
          ],
          [
            128.184329,
            35.4117858
          ],
          [
            128.1844566,
            35.4069368
          ],
          [
            128.1813237,
            35.4038148
          ],
          [
            128.1784511,
            35.401046
          ],
          [
            128.1748259,
            35.3993691
          ],
          [
            128.1711054,
            35.3975103
          ],
          [
            128.1665734,
            35.3953596
          ],
          [
            128.162155,
            35.3933694
          ],
          [
            128.1583727,
            35.3915141
          ],
          [
            128.1562659,
            35.3905485
          ],
          [
            128.1531103,
            35.3889012
          ],
          [
            128.1499326,
            35.3880717
          ],
          [
            128.1436345,
            35.3865848
          ],
          [
            128.140719,
            35.3872794
          ],
          [
            128.1377023,
            35.3860901
          ],
          [
            128.1341186,
            35.3847031
          ],
          [
            128.1306573,
            35.3833326
          ],
          [
            128.1278754,
            35.3799682
          ],
          [
            128.1279219,
            35.3777885
          ],
          [
            128.1277759,
            35.3755039
          ],
          [
            128.1275328,
            35.3723432
          ],
          [
            128.1274369,
            35.3699516
          ],
          [
            128.12603,
            35.3678315
          ],
          [
            128.1246147,
            35.3636072
          ],
          [
            128.1274145,
            35.3572955
          ],
          [
            128.1291879,
            35.3537075
          ],
          [
            128.1352497,
            35.3497516
          ],
          [
            128.1355707,
            35.3475385
          ]
        ]
      },
      "properties": {
        "osm_type": "way",
        "osm_id": 308770039,
        "sido": "경상남도",
        "power_type": "line",
        "name": "",
        "description": "",
        "voltage": "345000",
        "cables": "6",
        "circuits": "2",
        "frequency": "60",
        "operator": "",
        "wires": ""
      }
    },
    {
      "type": "Feature",
      "geometry": {
        "type": "LineString",
        "coordinates": [
          [
            128.3810931,
            35.7249424
          ],
          [
            128.3759281,
            35.7237712
          ],
          [
            128.3710384,
            35.7226933
          ],
          [
            128.3693325,
            35.722358
          ],
          [
            128.3660173,
            35.721561
          ],
          [
            128.3629221,
            35.7204156
          ],
          [
            128.3591723,
            35.7190742
          ],
          [
            128.3560663,
            35.7179069
          ],
          [
            128.3528048,
            35.7168137
          ],
          [
            128.3493876,
            35.7168442
          ],
          [
            128.3486795,
            35.715102
          ],
          [
            128.3461583,
            35.7136473
          ],
          [
            128.3431086,
            35.7119943
          ],
          [
            128.3412981,
            35.710925
          ],
          [
            128.3390853,
            35.7097369
          ],
          [
            128.3353758,
            35.7077778
          ],
          [
            128.3310065,
            35.7062467
          ],
          [
            128.3267122,
            35.7045827
          ],
          [
            128.3245692,
            35.7037921
          ],
          [
            128.3224046,
            35.7028533
          ],
          [
            128.318266,
            35.700538
          ],
          [
            128.3141327,
            35.6984796
          ],
          [
            128.3120191,
            35.6974515
          ],
          [
            128.3090043,
            35.6959354
          ],
          [
            128.3041227,
            35.6934739
          ],
          [
            128.3008343,
            35.6917965
          ],
          [
            128.2974923,
            35.6890822
          ],
          [
            128.2960117,
            35.6879886
          ],
          [
            128.293587,
            35.6861063
          ],
          [
            128.2902342,
            35.6822589
          ],
          [
            128.2879804,
            35.6798811
          ],
          [
            128.286285,
            35.677601
          ],
          [
            128.2840789,
            35.6757642
          ],
          [
            128.2827183,
            35.6746717
          ],
          [
            128.2807166,
            35.6729499
          ],
          [
            128.2798004,
            35.6719143
          ],
          [
            128.2785223,
            35.6702472
          ],
          [
            128.277446,
            35.6689575
          ],
          [
            128.2711395,
            35.6645064
          ],
          [
            128.269612,
            35.6637625
          ],
          [
            128.2676575,
            35.662312
          ],
          [
            128.2650071,
            35.6607496
          ],
          [
            128.2634599,
            35.6599301
          ],
          [
            128.2606122,
            35.6596893
          ],
          [
            128.2580465,
            35.6593799
          ],
          [
            128.2557219,
            35.6590456
          ],
          [
            128.2517678,
            35.6587722
          ],
          [
            128.2481981,
            35.6584604
          ],
          [
            128.2450455,
            35.6585715
          ],
          [
            128.239676,
            35.658618
          ],
          [
            128.2361428,
            35.6587039
          ],
          [
            128.2337911,
            35.6587943
          ],
          [
            128.2310278,
            35.6588802
          ],
          [
            128.2283643,
            35.6589846
          ],
          [
            128.2239853,
            35.659154
          ],
          [
            128.2227171,
            35.6592434
          ],
          [
            128.2180706,
            35.6593646
          ],
          [
            128.214547,
            35.6586783
          ],
          [
            128.2124926,
            35.6582406
          ],
          [
            128.2091691,
            35.657571
          ],
          [
            128.2077389,
            35.65731
          ],
          [
            128.2039711,
            35.6565899
          ],
          [
            128.2021993,
            35.6562779
          ],
          [
            128.1980637,
            35.6545922
          ],
          [
            128.1952708,
            35.6534455
          ],
          [
            128.1931729,
            35.6525864
          ],
          [
            128.1906874,
            35.6513267
          ],
          [
            128.1885685,
            35.6504538
          ],
          [
            128.1861883,
            35.6491222
          ],
          [
            128.1824391,
            35.6461405
          ],
          [
            128.1813101,
            35.6453629
          ],
          [
            128.17732,
            35.6417893
          ],
          [
            128.1750228,
            35.6402427
          ],
          [
            128.1724079,
            35.6387351
          ],
          [
            128.1701777,
            35.6363462
          ],
          [
            128.1684303,
            35.6346789
          ],
          [
            128.1658607,
            35.6319788
          ],
          [
            128.1646708,
            35.6308106
          ],
          [
            128.1630539,
            35.6284438
          ],
          [
            128.1602436,
            35.6260107
          ],
          [
            128.1595283,
            35.624881
          ],
          [
            128.158952,
            35.6238284
          ],
          [
            128.1574401,
            35.6206925
          ],
          [
            128.1562265,
            35.618262
          ],
          [
            128.1553316,
            35.6163633
          ],
          [
            128.1541248,
            35.6137976
          ],
          [
            128.1530434,
            35.6104161
          ],
          [
            128.1531214,
            35.6059457
          ],
          [
            128.1532773,
            35.6042148
          ],
          [
            128.1535816,
            35.601072
          ],
          [
            128.1535621,
            35.5996648
          ],
          [
            128.1533202,
            35.5965023
          ],
          [
            128.153273,
            35.5948567
          ],
          [
            128.1532797,
            35.5933208
          ],
          [
            128.1539262,
            35.5902997
          ],
          [
            128.1557387,
            35.588437
          ],
          [
            128.1581647,
            35.5857555
          ],
          [
            128.1605291,
            35.5837519
          ]
        ]
      },
      "properties": {
        "osm_type": "way",
        "osm_id": 310200386,
        "sido": "경상남도",
        "power_type": "line",
        "name": "",
        "description": "",
        "voltage": "154000",
        "cables": "6",
        "circuits": "2",
        "frequency": "60",
        "operator": "",
        "wires": ""
      }
    },
    {
      "type": "Feature",
      "geometry": {
        "type": "LineString",
        "coordinates": [
          [
            128.1355707,
            35.3475385
          ],
          [
            128.1325176,
            35.3485338
          ],
          [
            128.1270457,
            35.3507132
          ],
          [
            128.1211267,
            35.3531967
          ],
          [
            128.1155716,
            35.3553133
          ],
          [
            128.1135195,
            35.356122
          ],
          [
            128.1111671,
            35.3569317
          ],
          [
            128.1066652,
            35.3585135
          ],
          [
            128.1026749,
            35.359935
          ],
          [
            128.0981451,
            35.3617692
          ],
          [
            128.0947977,
            35.3631123
          ],
          [
            128.0914771,
            35.3644859
          ],
          [
            128.0878143,
            35.365914
          ],
          [
            128.0857077,
            35.3667585
          ],
          [
            128.0821799,
            35.368196
          ],
          [
            128.0745159,
            35.3713025
          ],
          [
            128.0717629,
            35.3723773
          ],
          [
            128.0694549,
            35.3732913
          ],
          [
            128.0665224,
            35.3745116
          ],
          [
            128.0628878,
            35.3759711
          ],
          [
            128.0594359,
            35.3774438
          ],
          [
            128.0557734,
            35.378836
          ],
          [
            128.052282,
            35.380257
          ],
          [
            128.0477903,
            35.3820402
          ],
          [
            128.0421494,
            35.3843309
          ],
          [
            128.0378293,
            35.3860919
          ],
          [
            128.0345168,
            35.3875627
          ],
          [
            128.0311259,
            35.3888023
          ],
          [
            128.025418,
            35.3907895
          ],
          [
            128.0203355,
            35.3923354
          ],
          [
            128.0157132,
            35.3939905
          ],
          [
            128.0104518,
            35.3953579
          ],
          [
            128.0071755,
            35.3962973
          ],
          [
            128.0024451,
            35.3976155
          ],
          [
            127.995055,
            35.3996377
          ],
          [
            127.9931474,
            35.4000721
          ],
          [
            127.990586,
            35.4007156
          ],
          [
            127.9868034,
            35.4007506
          ],
          [
            127.9828816,
            35.4008761
          ],
          [
            127.9785614,
            35.4010261
          ],
          [
            127.9763411,
            35.4010384
          ],
          [
            127.9729954,
            35.401149
          ],
          [
            127.9692093,
            35.4012179
          ],
          [
            127.9668833,
            35.4012646
          ],
          [
            127.9641319,
            35.4013507
          ],
          [
            127.9599445,
            35.4014121
          ],
          [
            127.9560257,
            35.401508
          ],
          [
            127.9508759,
            35.4016507
          ],
          [
            127.9448302,
            35.4017834
          ],
          [
            127.9417228,
            35.4018597
          ],
          [
            127.9370618,
            35.4019285
          ],
          [
            127.9328956,
            35.4023761
          ],
          [
            127.9271757,
            35.4028851
          ],
          [
            127.9227409,
            35.4032933
          ],
          [
            127.920602,
            35.4041982
          ],
          [
            127.9175399,
            35.4054474
          ],
          [
            127.9155065,
            35.4070334
          ],
          [
            127.9121609,
            35.4096004
          ],
          [
            127.9088635,
            35.4120813
          ],
          [
            127.9046067,
            35.4153587
          ],
          [
            127.9020273,
            35.4173404
          ],
          [
            127.8989109,
            35.4197178
          ],
          [
            127.8950554,
            35.4216256
          ],
          [
            127.8915257,
            35.4234055
          ],
          [
            127.8888437,
            35.4247871
          ],
          [
            127.8865177,
            35.4259032
          ],
          [
            127.8814374,
            35.4284991
          ],
          [
            127.8784296,
            35.4300109
          ],
          [
            127.8743056,
            35.4320856
          ],
          [
            127.8698889,
            35.4342684
          ],
          [
            127.8658494,
            35.4363307
          ],
          [
            127.8635385,
            35.4374589
          ],
          [
            127.8608384,
            35.4380021
          ],
          [
            127.8567566,
            35.4387321
          ],
          [
            127.8530942,
            35.4394351
          ],
          [
            127.8505902,
            35.4399119
          ],
          [
            127.8464994,
            35.4406394
          ],
          [
            127.841956,
            35.4415439
          ],
          [
            127.8384595,
            35.44221
          ],
          [
            127.8354065,
            35.4427876
          ],
          [
            127.8335783,
            35.4438764
          ],
          [
            127.8302055,
            35.445877
          ],
          [
            127.8282204,
            35.4470616
          ],
          [
            127.8241446,
            35.4494381
          ],
          [
            127.8204762,
            35.4515958
          ],
          [
            127.8159354,
            35.4526523
          ],
          [
            127.8121672,
            35.453529
          ],
          [
            127.8086893,
            35.4543382
          ],
          [
            127.8060048,
            35.4549628
          ],
          [
            127.8020602,
            35.4544105
          ],
          [
            127.7980478,
            35.4538488
          ],
          [
            127.7908542,
            35.4528416
          ],
          [
            127.7831249,
            35.4517594
          ],
          [
            127.7787178,
            35.4511424
          ],
          [
            127.7756623,
            35.4520597
          ],
          [
            127.7695732,
            35.4538877
          ],
          [
            127.766822,
            35.4548223
          ],
          [
            127.7587861,
            35.4579109
          ],
          [
            127.755041,
            35.4594179
          ],
          [
            127.7499331,
            35.4618672
          ],
          [
            127.7464889,
            35.4635113
          ],
          [
            127.7428461,
            35.4652525
          ],
          [
            127.7378858,
            35.4660309
          ],
          [
            127.7341873,
            35.4666112
          ],
          [
            127.7317909,
            35.4669872
          ],
          [
            127.7280642,
            35.467572
          ],
          [
            127.7226887,
            35.4684155
          ],
          [
            127.7201999,
            35.468806
          ],
          [
            127.7163456,
            35.4694107
          ],
          [
            127.7142146,
            35.4697451
          ],
          [
            127.7105477,
            35.4711468
          ],
          [
            127.7049096,
            35.473302
          ],
          [
            127.7021405,
            35.4743604
          ],
          [
            127.6977201,
            35.4760629
          ],
          [
            127.6954224,
            35.4769457
          ],
          [
            127.6915166,
            35.4772171
          ],
          [
            127.6883937,
            35.4774369
          ],
          [
            127.6860375,
            35.4769293
          ],
          [
            127.680859,
            35.4757901
          ],
          [
            127.6765365,
            35.4748507
          ],
          [
            127.6722181,
            35.473907
          ],
          [
            127.6682477,
            35.473036
          ],
          [
            127.6639789,
            35.471631
          ],
          [
            127.6597415,
            35.4702214
          ],
          [
            127.6554065,
            35.4687792
          ],
          [
            127.6526044,
            35.4678312
          ],
          [
            127.6477424,
            35.4661885
          ],
          [
            127.6444731,
            35.4661592
          ],
          [
            127.6401369,
            35.4659833
          ],
          [
            127.6322526,
            35.4663057
          ],
          [
            127.6270276,
            35.4664991
          ],
          [
            127.6213517,
            35.4667286
          ],
          [
            127.6169293,
            35.4668965
          ],
          [
            127.6122729,
            35.4670747
          ],
          [
            127.6077121,
            35.4669711
          ],
          [
            127.6040121,
            35.4668985
          ],
          [
            127.6002432,
            35.4668155
          ],
          [
            127.5955356,
            35.4667242
          ],
          [
            127.5921016,
            35.466623
          ],
          [
            127.5888017,
            35.4666044
          ],
          [
            127.5853899,
            35.4665131
          ],
          [
            127.5809943,
            35.4664047
          ],
          [
            127.5783187,
            35.4663383
          ],
          [
            127.5760624,
            35.4663131
          ],
          [
            127.5723102,
            35.4662781
          ],
          [
            127.5668038,
            35.4649972
          ],
          [
            127.5634973,
            35.4641956
          ],
          [
            127.5584833,
            35.463044
          ],
          [
            127.5546677,
            35.4620859
          ],
          [
            127.5509187,
            35.4611948
          ],
          [
            127.5473294,
            35.4603503
          ],
          [
            127.5425851,
            35.4591979
          ],
          [
            127.5396516,
            35.4591221
          ],
          [
            127.5362631,
            35.4590257
          ],
          [
            127.5318922,
            35.4589142
          ],
          [
            127.5276264,
            35.4588098
          ],
          [
            127.523411,
            35.458696
          ],
          [
            127.5192575,
            35.4585729
          ],
          [
            127.515289,
            35.4584795
          ],
          [
            127.5118532,
            35.4583802
          ],
          [
            127.5085129,
            35.458295
          ],
          [
            127.5047232,
            35.4581725
          ],
          [
            127.5004372,
            35.4574213
          ],
          [
            127.4966557,
            35.4567175
          ],
          [
            127.4917203,
            35.4558221
          ],
          [
            127.4871643,
            35.4549188
          ],
          [
            127.4833959,
            35.4541507
          ],
          [
            127.4788745,
            35.453261
          ],
          [
            127.4768393,
            35.4528383
          ],
          [
            127.4728063,
            35.4520315
          ],
          [
            127.4697129,
            35.4508627
          ],
          [
            127.4686004,
            35.4506941
          ]
        ]
      },
      "properties": {
        "osm_type": "way",
        "osm_id": 310239693,
        "sido": "경상남도",
        "power_type": "line",
        "name": "",
        "description": "",
        "voltage": "345000",
        "cables": "6",
        "circuits": "2",
        "frequency": "60",
        "operator": "",
        "wires": ""
      }
    },
    {
      "type": "Feature",
      "geometry": {
        "type": "LineString",
        "coordinates": [
          [
            128.1284679,
            35.3424193
          ],
          [
            128.1285111,
            35.3423697
          ],
          [
            128.1286403,
            35.3422214
          ],
          [
            128.1287689,
            35.3420738
          ],
          [
            128.1288955,
            35.3419286
          ],
          [
            128.1290201,
            35.3417855
          ],
          [
            128.1291551,
            35.3416305
          ],
          [
            128.1293007,
            35.3414634
          ],
          [
            128.1294311,
            35.3413137
          ],
          [
            128.1295628,
            35.3411625
          ],
          [
            128.1296924,
            35.3410137
          ],
          [
            128.1297424,
            35.3409564
          ]
        ]
      },
      "properties": {
        "osm_type": "way",
        "osm_id": 310266380,
        "sido": "경상남도",
        "power_type": "line",
        "name": "",
        "description": "",
        "voltage": "345000",
        "cables": "3",
        "circuits": "1",
        "frequency": "60",
        "operator": "",
        "wires": ""
      }
    },
    {
      "type": "Feature",
      "geometry": {
        "type": "LineString",
        "coordinates": [
          [
            128.1309977,
            35.3417
          ],
          [
            128.1348201,
            35.3429764
          ],
          [
            128.1397029,
            35.3446289
          ],
          [
            128.145629,
            35.3428774
          ],
          [
            128.1520146,
            35.3408122
          ],
          [
            128.1551558,
            35.3399059
          ],
          [
            128.1585455,
            35.3389306
          ],
          [
            128.1629901,
            35.3376035
          ],
          [
            128.1674065,
            35.3363337
          ],
          [
            128.1723433,
            35.3349492
          ],
          [
            128.1781522,
            35.3332357
          ],
          [
            128.1810731,
            35.3323981
          ],
          [
            128.1844487,
            35.3315566
          ],
          [
            128.1880963,
            35.330631
          ],
          [
            128.1905108,
            35.3300267
          ],
          [
            128.1938962,
            35.3291748
          ],
          [
            128.2019879,
            35.3271388
          ],
          [
            128.2070466,
            35.3258918
          ],
          [
            128.2103801,
            35.3250771
          ],
          [
            128.2172719,
            35.3225562
          ],
          [
            128.2223401,
            35.3207813
          ],
          [
            128.2299634,
            35.3177286
          ],
          [
            128.2368037,
            35.3151004
          ],
          [
            128.2383977,
            35.3137997
          ],
          [
            128.2408029,
            35.3122196
          ],
          [
            128.2471241,
            35.3080188
          ],
          [
            128.2493042,
            35.3062971
          ],
          [
            128.251625,
            35.3044874
          ],
          [
            128.2548084,
            35.3033166
          ],
          [
            128.2586857,
            35.3020501
          ],
          [
            128.2610439,
            35.3019659
          ],
          [
            128.265346,
            35.3017937
          ],
          [
            128.2714485,
            35.301486
          ],
          [
            128.2753528,
            35.3013652
          ],
          [
            128.279291,
            35.3011854
          ],
          [
            128.2832996,
            35.301017
          ],
          [
            128.2865499,
            35.3017055
          ],
          [
            128.2918585,
            35.3028064
          ],
          [
            128.2957091,
            35.3036561
          ],
          [
            128.2996592,
            35.3045057
          ],
          [
            128.3031577,
            35.3057177
          ],
          [
            128.3048235,
            35.3070359
          ],
          [
            128.3080724,
            35.3096065
          ],
          [
            128.3106207,
            35.3116321
          ],
          [
            128.3131027,
            35.3135917
          ],
          [
            128.3150721,
            35.3161129
          ],
          [
            128.3169025,
            35.3185323
          ],
          [
            128.3213044,
            35.324195
          ],
          [
            128.323112,
            35.3265779
          ],
          [
            128.3272519,
            35.3313203
          ],
          [
            128.3292935,
            35.3336278
          ],
          [
            128.330683,
            35.3351719
          ],
          [
            128.3330648,
            35.3377568
          ],
          [
            128.3354183,
            35.3404458
          ],
          [
            128.3370771,
            35.3424523
          ],
          [
            128.3411302,
            35.3469332
          ],
          [
            128.3435759,
            35.3493327
          ],
          [
            128.3479497,
            35.3536864
          ],
          [
            128.3505442,
            35.3562476
          ],
          [
            128.3525433,
            35.358196
          ],
          [
            128.3578174,
            35.361312
          ],
          [
            128.3621005,
            35.3625249
          ],
          [
            128.365057,
            35.3633291
          ],
          [
            128.373852,
            35.3657215
          ],
          [
            128.3764087,
            35.3664529
          ],
          [
            128.3812867,
            35.3665935
          ],
          [
            128.3861612,
            35.3666631
          ],
          [
            128.3927899,
            35.3667976
          ],
          [
            128.3980613,
            35.3669173
          ],
          [
            128.4009091,
            35.3662465
          ],
          [
            128.4058929,
            35.3649145
          ],
          [
            128.4086499,
            35.3641676
          ],
          [
            128.4126584,
            35.3618551
          ],
          [
            128.4158148,
            35.3599528
          ],
          [
            128.4214018,
            35.356533
          ],
          [
            128.4244002,
            35.3534262
          ],
          [
            128.4262011,
            35.3511599
          ],
          [
            128.4282883,
            35.3484619
          ],
          [
            128.43023,
            35.3460032
          ],
          [
            128.4327315,
            35.3429269
          ],
          [
            128.4349779,
            35.3403266
          ],
          [
            128.4376649,
            35.3377423
          ],
          [
            128.441741,
            35.3337526
          ],
          [
            128.4453104,
            35.3300626
          ],
          [
            128.4486865,
            35.3266694
          ],
          [
            128.4513471,
            35.3239356
          ],
          [
            128.4526915,
            35.3214501
          ],
          [
            128.4550941,
            35.3189508
          ],
          [
            128.4569899,
            35.3170467
          ],
          [
            128.458901,
            35.3148319
          ],
          [
            128.461299,
            35.3139608
          ],
          [
            128.4636147,
            35.3130824
          ],
          [
            128.4683877,
            35.3113263
          ],
          [
            128.4721169,
            35.3106952
          ],
          [
            128.4761095,
            35.3100432
          ],
          [
            128.4825223,
            35.3089712
          ],
          [
            128.4882261,
            35.3078446
          ],
          [
            128.4930694,
            35.3074328
          ],
          [
            128.4959137,
            35.3070424
          ],
          [
            128.5013861,
            35.3058229
          ],
          [
            128.5047024,
            35.3040633
          ],
          [
            128.5081276,
            35.3022594
          ],
          [
            128.5118591,
            35.3003941
          ],
          [
            128.5150836,
            35.2988643
          ],
          [
            128.5183867,
            35.2956442
          ],
          [
            128.5211524,
            35.2927182
          ],
          [
            128.5236131,
            35.2899506
          ]
        ]
      },
      "properties": {
        "osm_type": "way",
        "osm_id": 310266381,
        "sido": "경상남도",
        "power_type": "line",
        "name": "",
        "description": "",
        "voltage": "345000",
        "cables": "6",
        "circuits": "2",
        "frequency": "60",
        "operator": "",
        "wires": ""
      }
    },
    {
      "type": "Feature",
      "geometry": {
        "type": "LineString",
        "coordinates": [
          [
            128.1332779,
            35.3435095
          ],
          [
            128.1306841,
            35.3423061
          ]
        ]
      },
      "properties": {
        "osm_type": "way",
        "osm_id": 310266382,
        "sido": "경상남도",
        "power_type": "line",
        "name": "",
        "description": "",
        "voltage": "345000",
        "cables": "6",
        "circuits": "2",
        "frequency": "60",
        "operator": "",
        "wires": ""
      }
    },
    {
      "type": "Feature",
      "geometry": {
        "type": "LineString",
        "coordinates": [
          [
            128.1332779,
            35.3435095
          ],
          [
            128.130181,
            35.3426589
          ]
        ]
      },
      "properties": {
        "osm_type": "way",
        "osm_id": 310266383,
        "sido": "경상남도",
        "power_type": "line",
        "name": "",
        "description": "",
        "voltage": "345000",
        "cables": "6",
        "circuits": "2",
        "frequency": "60",
        "operator": "",
        "wires": ""
      }
    },
    {
      "type": "Feature",
      "geometry": {
        "type": "LineString",
        "coordinates": [
          [
            128.1297856,
            35.3428011
          ],
          [
            128.129159,
            35.3430006
          ]
        ]
      },
      "properties": {
        "osm_type": "way",
        "osm_id": 310266384,
        "sido": "경상남도",
        "power_type": "line",
        "name": "",
        "description": "",
        "voltage": "345000",
        "cables": "6",
        "circuits": "2",
        "frequency": "60",
        "operator": "",
        "wires": ""
      }
    },
    {
      "type": "Feature",
      "geometry": {
        "type": "LineString",
        "coordinates": [
          [
            128.7855538,
            35.2833592
          ],
          [
            128.7838293,
            35.2804258
          ],
          [
            128.7833552,
            35.2773503
          ],
          [
            128.783315,
            35.2725374
          ],
          [
            128.7831478,
            35.2695371
          ],
          [
            128.7826007,
            35.2661039
          ],
          [
            128.7822652,
            35.2617895
          ],
          [
            128.7818174,
            35.258853
          ],
          [
            128.7839701,
            35.2559683
          ],
          [
            128.7856578,
            35.2532401
          ],
          [
            128.7873167,
            35.2510135
          ],
          [
            128.7880687,
            35.2480273
          ],
          [
            128.7879993,
            35.2446981
          ],
          [
            128.7880805,
            35.2415755
          ],
          [
            128.7880771,
            35.2397588
          ],
          [
            128.7879445,
            35.2360866
          ],
          [
            128.7879569,
            35.2328049
          ],
          [
            128.7856729,
            35.2306307
          ],
          [
            128.7829287,
            35.2285196
          ],
          [
            128.7803978,
            35.2259491
          ]
        ]
      },
      "properties": {
        "osm_type": "way",
        "osm_id": 310266385,
        "sido": "경상남도",
        "power_type": "line",
        "name": "",
        "description": "",
        "voltage": "345000",
        "cables": "",
        "circuits": "",
        "frequency": "60",
        "operator": "",
        "wires": ""
      }
    },
    {
      "type": "Feature",
      "geometry": {
        "type": "LineString",
        "coordinates": [
          [
            128.78707,
            35.2817487
          ],
          [
            128.7852632,
            35.2777707
          ],
          [
            128.7851852,
            35.2749534
          ],
          [
            128.784718,
            35.2719445
          ],
          [
            128.7842128,
            35.269484
          ],
          [
            128.7833096,
            35.2609513
          ],
          [
            128.7828874,
            35.2587991
          ],
          [
            128.7847229,
            35.2562182
          ],
          [
            128.7857948,
            35.2542038
          ],
          [
            128.7876964,
            35.2513649
          ],
          [
            128.7891952,
            35.2485762
          ],
          [
            128.7889823,
            35.2447223
          ],
          [
            128.7889408,
            35.2414066
          ],
          [
            128.7889823,
            35.23977
          ],
          [
            128.7887369,
            35.2358576
          ],
          [
            128.7887478,
            35.2329147
          ],
          [
            128.785909,
            35.2296942
          ],
          [
            128.7836548,
            35.2269019
          ],
          [
            128.7810396,
            35.2246191
          ],
          [
            128.779309,
            35.2216588
          ],
          [
            128.7785843,
            35.2199316
          ]
        ]
      },
      "properties": {
        "osm_type": "way",
        "osm_id": 310266386,
        "sido": "경상남도",
        "power_type": "line",
        "name": "",
        "description": "",
        "voltage": "345000",
        "cables": "6",
        "circuits": "2",
        "frequency": "60",
        "operator": "",
        "wires": ""
      }
    },
    {
      "type": "Feature",
      "geometry": {
        "type": "LineString",
        "coordinates": [
          [
            128.6905338,
            35.4138738
          ],
          [
            128.6927744,
            35.41158
          ],
          [
            128.6942657,
            35.4089689
          ],
          [
            128.6954682,
            35.4067986
          ],
          [
            128.6969961,
            35.4042008
          ],
          [
            128.6985203,
            35.4013376
          ],
          [
            128.699657,
            35.3993116
          ],
          [
            128.7012105,
            35.3965139
          ],
          [
            128.7007243,
            35.3946666
          ],
          [
            128.7002345,
            35.392703
          ],
          [
            128.6994743,
            35.3900391
          ],
          [
            128.6984435,
            35.3861683
          ],
          [
            128.6979318,
            35.3838439
          ],
          [
            128.6973835,
            35.3815671
          ],
          [
            128.6953659,
            35.3782115
          ],
          [
            128.6908042,
            35.3705162
          ],
          [
            128.6888524,
            35.367166
          ],
          [
            128.6890715,
            35.3649286
          ],
          [
            128.6893063,
            35.3623659
          ],
          [
            128.6895406,
            35.3597
          ],
          [
            128.6897782,
            35.3575124
          ],
          [
            128.6899815,
            35.3552211
          ],
          [
            128.6901584,
            35.3531411
          ],
          [
            128.6902388,
            35.3524832
          ],
          [
            128.6904767,
            35.3498338
          ],
          [
            128.6904609,
            35.3489866
          ],
          [
            128.6907055,
            35.3474482
          ],
          [
            128.690915,
            35.3453898
          ],
          [
            128.6911012,
            35.3433426
          ],
          [
            128.6913061,
            35.3411435
          ],
          [
            128.6915622,
            35.3386709
          ],
          [
            128.6917731,
            35.3364381
          ],
          [
            128.6919157,
            35.3346463
          ],
          [
            128.6921406,
            35.332335
          ],
          [
            128.6940052,
            35.3307303
          ],
          [
            128.6959309,
            35.3290498
          ],
          [
            128.6979162,
            35.3273239
          ],
          [
            128.6999579,
            35.325549
          ],
          [
            128.7021621,
            35.3236241
          ],
          [
            128.7045471,
            35.3215634
          ],
          [
            128.7066958,
            35.3196872
          ],
          [
            128.7087194,
            35.317937
          ],
          [
            128.7107156,
            35.3162484
          ],
          [
            128.7127577,
            35.3144779
          ],
          [
            128.7154182,
            35.3120899
          ],
          [
            128.7152681,
            35.3091457
          ],
          [
            128.7143441,
            35.3078174
          ],
          [
            128.7123259,
            35.3060935
          ],
          [
            128.7134431,
            35.3030058
          ],
          [
            128.7131149,
            35.3015689
          ],
          [
            128.7137744,
            35.2990018
          ],
          [
            128.7140864,
            35.2977878
          ],
          [
            128.7151619,
            35.2953472
          ],
          [
            128.716568,
            35.2924342
          ],
          [
            128.7188302,
            35.2914498
          ],
          [
            128.7211989,
            35.2905376
          ],
          [
            128.7240735,
            35.2908714
          ],
          [
            128.7273057,
            35.2911344
          ],
          [
            128.7309254,
            35.291309
          ],
          [
            128.7340605,
            35.2911524
          ],
          [
            128.7364058,
            35.2922067
          ],
          [
            128.7408747,
            35.2920286
          ],
          [
            128.7444013,
            35.2917317
          ],
          [
            128.7475002,
            35.2936424
          ],
          [
            128.7509716,
            35.2957147
          ],
          [
            128.7537837,
            35.2962625
          ],
          [
            128.7559518,
            35.2950522
          ],
          [
            128.7597509,
            35.295031
          ],
          [
            128.7649491,
            35.2938613
          ],
          [
            128.7692616,
            35.2954176
          ],
          [
            128.7710982,
            35.2953341
          ],
          [
            128.7739522,
            35.2961318
          ],
          [
            128.7752596,
            35.2966848
          ]
        ]
      },
      "properties": {
        "osm_type": "way",
        "osm_id": 310266387,
        "sido": "경상남도",
        "power_type": "line",
        "name": "",
        "description": "",
        "voltage": "154000",
        "cables": "6",
        "circuits": "2",
        "frequency": "60",
        "operator": "",
        "wires": ""
      }
    },
    {
      "type": "Feature",
      "geometry": {
        "type": "LineString",
        "coordinates": [
          [
            128.130181,
            35.3426589
          ],
          [
            128.1293772,
            35.3417519
          ],
          [
            128.1291551,
            35.3416305
          ]
        ]
      },
      "properties": {
        "osm_type": "way",
        "osm_id": 310266388,
        "sido": "경상남도",
        "power_type": "line",
        "name": "",
        "description": "",
        "voltage": "345000",
        "cables": "3",
        "circuits": "1",
        "frequency": "60",
        "operator": "",
        "wires": ""
      }
    },
    {
      "type": "Feature",
      "geometry": {
        "type": "LineString",
        "coordinates": [
          [
            128.1355707,
            35.3475385
          ],
          [
            128.1355487,
            35.3461168
          ],
          [
            128.1332779,
            35.3435095
          ]
        ]
      },
      "properties": {
        "osm_type": "way",
        "osm_id": 310266389,
        "sido": "경상남도",
        "power_type": "line",
        "name": "",
        "description": "",
        "voltage": "345000",
        "cables": "12",
        "circuits": "4",
        "frequency": "60",
        "operator": "",
        "wires": ""
      }
    },
    {
      "type": "Feature",
      "geometry": {
        "type": "LineString",
        "coordinates": [
          [
            128.1309977,
            35.3417
          ],
          [
            128.1297828,
            35.341283
          ],
          [
            128.1295628,
            35.3411625
          ]
        ]
      },
      "properties": {
        "osm_type": "way",
        "osm_id": 310266390,
        "sido": "경상남도",
        "power_type": "line",
        "name": "",
        "description": "",
        "voltage": "345000",
        "cables": "3",
        "circuits": "1",
        "frequency": "60",
        "operator": "",
        "wires": ""
      }
    },
    {
      "type": "Feature",
      "geometry": {
        "type": "LineString",
        "coordinates": [
          [
            128.1297856,
            35.3428011
          ],
          [
            128.1291223,
            35.3420449
          ],
          [
            128.1288955,
            35.3419286
          ]
        ]
      },
      "properties": {
        "osm_type": "way",
        "osm_id": 310266391,
        "sido": "경상남도",
        "power_type": "line",
        "name": "",
        "description": "",
        "voltage": "345000",
        "cables": "3",
        "circuits": "1",
        "frequency": "60",
        "operator": "",
        "wires": ""
      }
    },
    {
      "type": "Feature",
      "geometry": {
        "type": "LineString",
        "coordinates": [
          [
            128.1297856,
            35.3428011
          ],
          [
            128.1289803,
            35.3421945
          ],
          [
            128.1287689,
            35.3420738
          ]
        ]
      },
      "properties": {
        "osm_type": "way",
        "osm_id": 310266392,
        "sido": "경상남도",
        "power_type": "line",
        "name": "",
        "description": "",
        "voltage": "345000",
        "cables": "3",
        "circuits": "1",
        "frequency": "60",
        "operator": "",
        "wires": ""
      }
    },
    {
      "type": "Feature",
      "geometry": {
        "type": "LineString",
        "coordinates": [
          [
            128.130181,
            35.3426589
          ],
          [
            128.1292335,
            35.3419031
          ],
          [
            128.1290201,
            35.3417855
          ]
        ]
      },
      "properties": {
        "osm_type": "way",
        "osm_id": 310266393,
        "sido": "경상남도",
        "power_type": "line",
        "name": "",
        "description": "",
        "voltage": "345000",
        "cables": "3",
        "circuits": "1",
        "frequency": "60",
        "operator": "",
        "wires": ""
      }
    },
    {
      "type": "Feature",
      "geometry": {
        "type": "LineString",
        "coordinates": [
          [
            128.1306841,
            35.3423061
          ],
          [
            128.1295208,
            35.3415856
          ],
          [
            128.1293007,
            35.3414634
          ]
        ]
      },
      "properties": {
        "osm_type": "way",
        "osm_id": 310266394,
        "sido": "경상남도",
        "power_type": "line",
        "name": "",
        "description": "",
        "voltage": "345000",
        "cables": "3",
        "circuits": "1",
        "frequency": "60",
        "operator": "",
        "wires": ""
      }
    },
    {
      "type": "Feature",
      "geometry": {
        "type": "LineString",
        "coordinates": [
          [
            128.1309977,
            35.3417
          ],
          [
            128.1299139,
            35.3411359
          ],
          [
            128.1296924,
            35.3410137
          ]
        ]
      },
      "properties": {
        "osm_type": "way",
        "osm_id": 310266395,
        "sido": "경상남도",
        "power_type": "line",
        "name": "",
        "description": "",
        "voltage": "345000",
        "cables": "",
        "circuits": "",
        "frequency": "60",
        "operator": "",
        "wires": ""
      }
    },
    {
      "type": "Feature",
      "geometry": {
        "type": "LineString",
        "coordinates": [
          [
            128.1294311,
            35.3413137
          ],
          [
            128.1296506,
            35.3414362
          ],
          [
            128.1306841,
            35.3423061
          ]
        ]
      },
      "properties": {
        "osm_type": "way",
        "osm_id": 310266396,
        "sido": "경상남도",
        "power_type": "line",
        "name": "",
        "description": "",
        "voltage": "345000",
        "cables": "3",
        "circuits": "1",
        "frequency": "60",
        "operator": "",
        "wires": ""
      }
    },
    {
      "type": "Feature",
      "geometry": {
        "type": "LineString",
        "coordinates": [
          [
            128.1120819,
            34.9122213
          ],
          [
            128.1131655,
            34.9125974
          ],
          [
            128.1143296,
            34.913552
          ],
          [
            128.1155097,
            34.9150124
          ],
          [
            128.1194794,
            34.9164684
          ],
          [
            128.1216735,
            34.9167983
          ],
          [
            128.1244361,
            34.919741
          ],
          [
            128.1265283,
            34.9219095
          ],
          [
            128.1290388,
            34.9244825
          ],
          [
            128.1310397,
            34.9271149
          ],
          [
            128.1325203,
            34.929226
          ],
          [
            128.1341431,
            34.9314536
          ],
          [
            128.1349477,
            34.9331666
          ],
          [
            128.1362995,
            34.9360207
          ],
          [
            128.1370398,
            34.9376808
          ],
          [
            128.1381637,
            34.9400115
          ],
          [
            128.1374288,
            34.9440637
          ],
          [
            128.1348538,
            34.9482564
          ],
          [
            128.1329173,
            34.9514222
          ],
          [
            128.1317747,
            34.9553705
          ],
          [
            128.1306106,
            34.9593143
          ],
          [
            128.1304121,
            34.9632842
          ],
          [
            128.1310451,
            34.9684584
          ],
          [
            128.1313455,
            34.9710871
          ],
          [
            128.131662,
            34.9734367
          ],
          [
            128.132126,
            34.9770389
          ],
          [
            128.1345239,
            34.9805706
          ],
          [
            128.13627,
            34.9829308
          ],
          [
            128.1379169,
            34.9852361
          ],
          [
            128.1397516,
            34.9877896
          ],
          [
            128.1418973,
            34.9907121
          ],
          [
            128.1443998,
            34.9934369
          ],
          [
            128.1475246,
            34.996891
          ],
          [
            128.1515747,
            35.0013402
          ],
          [
            128.1526798,
            35.0036625
          ],
          [
            128.1541926,
            35.0067998
          ],
          [
            128.1560647,
            35.0107257
          ],
          [
            128.1577948,
            35.0143394
          ],
          [
            128.1601605,
            35.0191655
          ],
          [
            128.1615043,
            35.0255597
          ],
          [
            128.1627274,
            35.0283447
          ],
          [
            128.1637251,
            35.0306641
          ],
          [
            128.1669331,
            35.0343582
          ],
          [
            128.1680569,
            35.0356627
          ],
          [
            128.1700578,
            35.0379577
          ],
          [
            128.1721204,
            35.0403251
          ],
          [
            128.1736413,
            35.0420687
          ],
          [
            128.1753311,
            35.0440034
          ],
          [
            128.1800061,
            35.0464782
          ],
          [
            128.1822807,
            35.0476288
          ],
          [
            128.185442,
            35.0492912
          ],
          [
            128.1876209,
            35.0503714
          ],
          [
            128.1916416,
            35.0515593
          ],
          [
            128.1963569,
            35.0527911
          ],
          [
            128.1982291,
            35.054765
          ],
          [
            128.2014745,
            35.0582824
          ],
          [
            128.2038966,
            35.059861
          ],
          [
            128.2067987,
            35.0617513
          ],
          [
            128.210376,
            35.0640339
          ],
          [
            128.2140951,
            35.0664922
          ],
          [
            128.2166632,
            35.0697307
          ],
          [
            128.2191404,
            35.0739011
          ],
          [
            128.2207578,
            35.0766472
          ],
          [
            128.222552,
            35.0799716
          ],
          [
            128.2261125,
            35.0865459
          ],
          [
            128.2291755,
            35.090691
          ],
          [
            128.2318093,
            35.0939586
          ],
          [
            128.2342284,
            35.09711
          ],
          [
            128.2379707,
            35.1014685
          ],
          [
            128.2408595,
            35.1081577
          ],
          [
            128.2422382,
            35.1113747
          ],
          [
            128.2442811,
            35.1141777
          ],
          [
            128.2463922,
            35.1170261
          ],
          [
            128.2485663,
            35.1199755
          ],
          [
            128.2508592,
            35.1229502
          ],
          [
            128.2530271,
            35.1257455
          ],
          [
            128.2578893,
            35.1319953
          ],
          [
            128.260441,
            35.134172
          ],
          [
            128.2640245,
            35.1371278
          ],
          [
            128.2666015,
            35.1392691
          ],
          [
            128.2699473,
            35.1420809
          ],
          [
            128.2732749,
            35.1449533
          ],
          [
            128.2782912,
            35.1491489
          ],
          [
            128.2800739,
            35.1506539
          ],
          [
            128.2827014,
            35.1528356
          ],
          [
            128.2852354,
            35.1549278
          ],
          [
            128.2872537,
            35.1573342
          ],
          [
            128.2896513,
            35.1601549
          ],
          [
            128.2922889,
            35.1627874
          ],
          [
            128.2937532,
            35.1642559
          ],
          [
            128.2949605,
            35.1654666
          ],
          [
            128.2971284,
            35.1678554
          ],
          [
            128.2987735,
            35.1696836
          ],
          [
            128.3015449,
            35.1727378
          ],
          [
            128.3047718,
            35.1762573
          ],
          [
            128.3070356,
            35.1788289
          ],
          [
            128.3098707,
            35.1819617
          ],
          [
            128.3131993,
            35.1856139
          ],
          [
            128.3157447,
            35.1873544
          ],
          [
            128.3190706,
            35.1896889
          ],
          [
            128.3215436,
            35.1913176
          ],
          [
            128.3234212,
            35.1938515
          ],
          [
            128.3249125,
            35.1959031
          ],
          [
            128.3276349,
            35.199616
          ],
          [
            128.3290002,
            35.2015996
          ],
          [
            128.3309931,
            35.2043611
          ],
          [
            128.3331683,
            35.2073526
          ],
          [
            128.3349171,
            35.2097764
          ],
          [
            128.3365506,
            35.2120227
          ],
          [
            128.3383718,
            35.2145362
          ],
          [
            128.3420518,
            35.2168415
          ],
          [
            128.3449754,
            35.2186537
          ],
          [
            128.3487037,
            35.2209632
          ],
          [
            128.3510721,
            35.2223656
          ],
          [
            128.3555487,
            35.2259875
          ],
          [
            128.3583999,
            35.22838
          ],
          [
            128.361125,
            35.2307178
          ],
          [
            128.3636597,
            35.2329175
          ],
          [
            128.3659932,
            35.2350601
          ],
          [
            128.3695981,
            35.2370274
          ],
          [
            128.3721623,
            35.2384404
          ],
          [
            128.3740774,
            35.2394854
          ],
          [
            128.3781866,
            35.2417199
          ],
          [
            128.3817723,
            35.24367
          ],
          [
            128.3857607,
            35.2449127
          ],
          [
            128.3878956,
            35.2455481
          ],
          [
            128.3922438,
            35.2477513
          ],
          [
            128.3953533,
            35.2494294
          ],
          [
            128.3983206,
            35.2509507
          ],
          [
            128.4010959,
            35.2534396
          ],
          [
            128.4053905,
            35.2574154
          ],
          [
            128.4089807,
            35.2585107
          ],
          [
            128.4115612,
            35.2593394
          ],
          [
            128.4146619,
            35.2603074
          ],
          [
            128.4193706,
            35.2617118
          ],
          [
            128.4228849,
            35.2627932
          ],
          [
            128.4267414,
            35.26539
          ],
          [
            128.4303798,
            35.2678597
          ],
          [
            128.4341688,
            35.269097
          ],
          [
            128.4372499,
            35.2700892
          ],
          [
            128.4396596,
            35.2708764
          ],
          [
            128.4438543,
            35.2735881
          ],
          [
            128.4457089,
            35.2747445
          ],
          [
            128.449928,
            35.2775169
          ],
          [
            128.4537619,
            35.2801002
          ],
          [
            128.4563653,
            35.2817266
          ],
          [
            128.4587123,
            35.2832835
          ],
          [
            128.4624122,
            35.2849273
          ],
          [
            128.4664827,
            35.2868718
          ],
          [
            128.4685051,
            35.2878707
          ],
          [
            128.4720824,
            35.2897234
          ],
          [
            128.4744387,
            35.2908815
          ],
          [
            128.4778604,
            35.292148
          ],
          [
            128.4818608,
            35.2921732
          ],
          [
            128.4840878,
            35.2922891
          ],
          [
            128.4876033,
            35.2922643
          ],
          [
            128.4905567,
            35.2923371
          ],
          [
            128.4928911,
            35.2924097
          ],
          [
            128.4961823,
            35.2924189
          ],
          [
            128.4989824,
            35.2924364
          ],
          [
            128.5026898,
            35.2925371
          ],
          [
            128.5064766,
            35.2925438
          ],
          [
            128.5097266,
            35.2926023
          ],
          [
            128.5123053,
            35.2926777
          ],
          [
            128.5152698,
            35.2921964
          ],
          [
            128.519415,
            35.2907587
          ],
          [
            128.5209111,
            35.2894925
          ],
          [
            128.5225254,
            35.2882366
          ]
        ]
      },
      "properties": {
        "osm_type": "way",
        "osm_id": 310266397,
        "sido": "경상남도",
        "power_type": "line",
        "name": "",
        "description": "",
        "voltage": "345000",
        "cables": "6",
        "circuits": "2",
        "frequency": "60",
        "operator": "",
        "wires": ""
      }
    },
    {
      "type": "Feature",
      "geometry": {
        "type": "LineString",
        "coordinates": [
          [
            128.5225254,
            35.2882366
          ],
          [
            128.5231876,
            35.2876463
          ],
          [
            128.5236379,
            35.2876558
          ],
          [
            128.5238963,
            35.2876875
          ]
        ]
      },
      "properties": {
        "osm_type": "way",
        "osm_id": 310266399,
        "sido": "경상남도",
        "power_type": "line",
        "name": "",
        "description": "",
        "voltage": "345000",
        "cables": "3",
        "circuits": "1",
        "frequency": "60",
        "operator": "",
        "wires": ""
      }
    },
    {
      "type": "Feature",
      "geometry": {
        "type": "LineString",
        "coordinates": [
          [
            128.5236131,
            35.2899506
          ],
          [
            128.5241469,
            35.2886916
          ],
          [
            128.5241846,
            35.2876928
          ],
          [
            128.5247041,
            35.2877133
          ]
        ]
      },
      "properties": {
        "osm_type": "way",
        "osm_id": 310266401,
        "sido": "경상남도",
        "power_type": "line",
        "name": "",
        "description": "",
        "voltage": "345000",
        "cables": "3",
        "circuits": "1",
        "frequency": "60",
        "operator": "",
        "wires": ""
      }
    },
    {
      "type": "Feature",
      "geometry": {
        "type": "LineString",
        "coordinates": [
          [
            128.5255198,
            35.2888994
          ],
          [
            128.5249486,
            35.288725
          ],
          [
            128.5250001,
            35.287721
          ],
          [
            128.5255153,
            35.2877315
          ]
        ]
      },
      "properties": {
        "osm_type": "way",
        "osm_id": 310266402,
        "sido": "경상남도",
        "power_type": "line",
        "name": "",
        "description": "",
        "voltage": "345000",
        "cables": "3",
        "circuits": "1",
        "frequency": "60",
        "operator": "",
        "wires": ""
      }
    },
    {
      "type": "Feature",
      "geometry": {
        "type": "LineString",
        "coordinates": [
          [
            128.5255198,
            35.2888994
          ],
          [
            128.5246459,
            35.2887066
          ],
          [
            128.5247041,
            35.2877133
          ],
          [
            128.5247264,
            35.287332
          ]
        ]
      },
      "properties": {
        "osm_type": "way",
        "osm_id": 310266403,
        "sido": "경상남도",
        "power_type": "line",
        "name": "",
        "description": "",
        "voltage": "345000",
        "cables": "3",
        "circuits": "1",
        "frequency": "60",
        "operator": "",
        "wires": ""
      }
    },
    {
      "type": "Feature",
      "geometry": {
        "type": "LineString",
        "coordinates": [
          [
            128.5225254,
            35.2882366
          ],
          [
            128.5231323,
            35.2885118
          ],
          [
            128.5235873,
            35.2885268
          ],
          [
            128.5238516,
            35.2885354
          ]
        ]
      },
      "properties": {
        "osm_type": "way",
        "osm_id": 310266404,
        "sido": "경상남도",
        "power_type": "line",
        "name": "",
        "description": "",
        "voltage": "345000",
        "cables": "3",
        "circuits": "1",
        "frequency": "60",
        "operator": "",
        "wires": ""
      }
    },
    {
      "type": "Feature",
      "geometry": {
        "type": "LineString",
        "coordinates": [
          [
            128.1123179,
            34.9119551
          ],
          [
            128.1135464,
            34.9122411
          ],
          [
            128.1145817,
            34.9130549
          ],
          [
            128.115778,
            34.9145087
          ],
          [
            128.1192997,
            34.9159757
          ],
          [
            128.1213006,
            34.9156106
          ],
          [
            128.1229314,
            34.9166817
          ],
          [
            128.1270701,
            34.9194089
          ],
          [
            128.1298515,
            34.9212981
          ],
          [
            128.1354868,
            34.9249136
          ],
          [
            128.1376728,
            34.9263166
          ],
          [
            128.1408057,
            34.9269785
          ],
          [
            128.1453091,
            34.9276075
          ],
          [
            128.1491232,
            34.9284981
          ],
          [
            128.1518805,
            34.9289291
          ],
          [
            128.1559333,
            34.9296306
          ],
          [
            128.1599539,
            34.931414
          ],
          [
            128.1627676,
            34.9326828
          ],
          [
            128.16549,
            34.93577
          ],
          [
            128.1691647,
            34.9399566
          ],
          [
            128.1700149,
            34.941333
          ],
          [
            128.172614,
            34.9448706
          ],
          [
            128.1734133,
            34.9461964
          ],
          [
            128.175559,
            34.9494722
          ],
          [
            128.1773239,
            34.9521785
          ],
          [
            128.1795797,
            34.9569951
          ],
          [
            128.1819239,
            34.9620708
          ],
          [
            128.1812668,
            34.9645459
          ],
          [
            128.1797701,
            34.9693552
          ],
          [
            128.1786972,
            34.9735048
          ],
          [
            128.179813,
            34.9761488
          ],
          [
            128.1808001,
            34.9783267
          ],
          [
            128.1819239,
            34.9811354
          ],
          [
            128.1784049,
            34.9859261
          ],
          [
            128.1762591,
            34.9886576
          ],
          [
            128.173998,
            34.9916043
          ],
          [
            128.1717128,
            34.9946498
          ],
          [
            128.1716135,
            34.9976918
          ],
          [
            128.1715357,
            35.0010469
          ],
          [
            128.1715116,
            35.0035669
          ],
          [
            128.17458,
            35.005396
          ],
          [
            128.1773427,
            35.0070349
          ],
          [
            128.1821358,
            35.0101216
          ],
          [
            128.1853867,
            35.0115649
          ],
          [
            128.1879777,
            35.0129467
          ],
          [
            128.1924221,
            35.0141988
          ],
          [
            128.1981915,
            35.0157783
          ],
          [
            128.2017991,
            35.0174961
          ],
          [
            128.2062677,
            35.0196027
          ],
          [
            128.2089901,
            35.0202441
          ],
          [
            128.2162026,
            35.0219552
          ],
          [
            128.2196546,
            35.0227745
          ],
          [
            128.2259417,
            35.0242681
          ],
          [
            128.2317138,
            35.0256519
          ],
          [
            128.2347876,
            35.0261703
          ],
          [
            128.2384676,
            35.0267809
          ],
          [
            128.2421583,
            35.0265744
          ],
          [
            128.2455593,
            35.0263548
          ],
          [
            128.2497328,
            35.0260912
          ],
          [
            128.2547486,
            35.0265305
          ],
          [
            128.2573155,
            35.0267479
          ],
          [
            128.2605985,
            35.0281405
          ],
          [
            128.2642436,
            35.0295
          ],
          [
            128.2672369,
            35.0326056
          ],
          [
            128.2722983,
            35.0350544
          ],
          [
            128.2757074,
            35.0366576
          ],
          [
            128.2792371,
            35.0383464
          ],
          [
            128.2805246,
            35.0401362
          ],
          [
            128.2828957,
            35.0435378
          ],
          [
            128.2836279,
            35.0456789
          ],
          [
            128.2844299,
            35.0480153
          ],
          [
            128.2853284,
            35.0506085
          ],
          [
            128.2862082,
            35.0533796
          ],
          [
            128.2868734,
            35.0554852
          ],
          [
            128.2871389,
            35.0602255
          ],
          [
            128.2876459,
            35.0625263
          ],
          [
            128.2888502,
            35.0680631
          ],
          [
            128.2895569,
            35.0712649
          ],
          [
            128.2902376,
            35.0738612
          ],
          [
            128.2907344,
            35.075754
          ],
          [
            128.2916035,
            35.0790795
          ],
          [
            128.2917255,
            35.08324
          ],
          [
            128.2917309,
            35.0855271
          ],
          [
            128.2915109,
            35.0894031
          ],
          [
            128.291409,
            35.091611
          ],
          [
            128.2941556,
            35.0960529
          ],
          [
            128.2951266,
            35.0975978
          ],
          [
            128.2966447,
            35.1000688
          ],
          [
            128.2998097,
            35.1025309
          ],
          [
            128.303257,
            35.1034828
          ],
          [
            128.3095465,
            35.1054394
          ],
          [
            128.3150523,
            35.1072877
          ],
          [
            128.3208641,
            35.1079086
          ],
          [
            128.3244637,
            35.1096056
          ],
          [
            128.3283615,
            35.1114182
          ],
          [
            128.3327885,
            35.1134364
          ],
          [
            128.3373478,
            35.1192523
          ],
          [
            128.3425748,
            35.1216417
          ],
          [
            128.3440564,
            35.127174
          ],
          [
            128.3474208,
            35.1309234
          ],
          [
            128.3514744,
            35.1353654
          ],
          [
            128.3550512,
            35.1391943
          ],
          [
            128.3567208,
            35.1409543
          ],
          [
            128.3582774,
            35.1426223
          ],
          [
            128.3612188,
            35.1431643
          ],
          [
            128.3641445,
            35.1436603
          ],
          [
            128.368839,
            35.1444591
          ],
          [
            128.3732593,
            35.1450338
          ],
          [
            128.3761798,
            35.1453883
          ],
          [
            128.3797195,
            35.1457123
          ],
          [
            128.3811074,
            35.1458935
          ],
          [
            128.3855853,
            35.1465175
          ],
          [
            128.3889019,
            35.1468555
          ],
          [
            128.3929787,
            35.1465469
          ],
          [
            128.3973885,
            35.1462927
          ],
          [
            128.4010136,
            35.1460063
          ],
          [
            128.406508,
            35.1446521
          ],
          [
            128.4099735,
            35.143737
          ],
          [
            128.4141952,
            35.1447311
          ],
          [
            128.4169216,
            35.1461402
          ],
          [
            128.4207785,
            35.1481522
          ],
          [
            128.4246368,
            35.150318
          ],
          [
            128.4264768,
            35.1546042
          ],
          [
            128.4281632,
            35.1561013
          ],
          [
            128.4312693,
            35.1587525
          ],
          [
            128.4349253,
            35.1620213
          ],
          [
            128.4378605,
            35.1645901
          ],
          [
            128.4407989,
            35.1672467
          ],
          [
            128.4443076,
            35.1697099
          ],
          [
            128.4470777,
            35.1716169
          ],
          [
            128.449494,
            35.1732767
          ],
          [
            128.4510442,
            35.1759948
          ],
          [
            128.4527878,
            35.1790307
          ],
          [
            128.4559122,
            35.181438
          ],
          [
            128.4595778,
            35.1827523
          ],
          [
            128.4641217,
            35.1843852
          ],
          [
            128.4671135,
            35.1843713
          ],
          [
            128.4723062,
            35.1819968
          ],
          [
            128.475834,
            35.1805609
          ],
          [
            128.4818991,
            35.1776955
          ],
          [
            128.4843887,
            35.1767664
          ],
          [
            128.4905777,
            35.1757385
          ],
          [
            128.4950982,
            35.1750878
          ],
          [
            128.499003,
            35.1735867
          ],
          [
            128.5058411,
            35.1712096
          ],
          [
            128.5096027,
            35.1698583
          ],
          [
            128.5126016,
            35.1693515
          ],
          [
            128.514828,
            35.1693336
          ],
          [
            128.5214271,
            35.1708459
          ],
          [
            128.5243285,
            35.1716889
          ],
          [
            128.5281499,
            35.1725949
          ],
          [
            128.5311957,
            35.1721859
          ],
          [
            128.5333682,
            35.1705315
          ],
          [
            128.5368326,
            35.1677992
          ],
          [
            128.5395565,
            35.1663474
          ],
          [
            128.5441112,
            35.1639364
          ],
          [
            128.5478952,
            35.1620596
          ],
          [
            128.5553623,
            35.1611953
          ],
          [
            128.5591959,
            35.1611428
          ],
          [
            128.5623404,
            35.1597147
          ],
          [
            128.5647197,
            35.1586469
          ],
          [
            128.567593,
            35.1572426
          ],
          [
            128.5711562,
            35.1555305
          ],
          [
            128.5739483,
            35.1543039
          ],
          [
            128.5781008,
            35.1535169
          ],
          [
            128.5796178,
            35.1535041
          ],
          [
            128.5883516,
            35.1582766
          ],
          [
            128.6028478,
            35.1661274
          ],
          [
            128.6056876,
            35.1676407
          ],
          [
            128.6095958,
            35.1712639
          ],
          [
            128.6153137,
            35.172657
          ],
          [
            128.6208375,
            35.1740618
          ],
          [
            128.6242461,
            35.1725892
          ],
          [
            128.627498,
            35.1724039
          ],
          [
            128.6304751,
            35.1739394
          ],
          [
            128.6327493,
            35.1767664
          ],
          [
            128.6322974,
            35.1813822
          ],
          [
            128.6321084,
            35.1835403
          ],
          [
            128.6318426,
            35.1858021
          ],
          [
            128.6331185,
            35.1883125
          ],
          [
            128.6366822,
            35.1913942
          ],
          [
            128.6382583,
            35.1927647
          ],
          [
            128.6406755,
            35.1940597
          ]
        ]
      },
      "properties": {
        "osm_type": "way",
        "osm_id": 310266405,
        "sido": "경상남도",
        "power_type": "line",
        "name": "",
        "description": "",
        "voltage": "345000",
        "cables": "",
        "circuits": "",
        "frequency": "60",
        "operator": "",
        "wires": ""
      }
    },
    {
      "type": "Feature",
      "geometry": {
        "type": "LineString",
        "coordinates": [
          [
            128.5236131,
            35.2899506
          ],
          [
            128.5238438,
            35.2886832
          ],
          [
            128.5238516,
            35.2885354
          ],
          [
            128.5238963,
            35.2876875
          ],
          [
            128.5239159,
            35.2873169
          ]
        ]
      },
      "properties": {
        "osm_type": "way",
        "osm_id": 310266406,
        "sido": "경상남도",
        "power_type": "line",
        "name": "",
        "description": "",
        "voltage": "345000",
        "cables": "3",
        "circuits": "1",
        "frequency": "60",
        "operator": "",
        "wires": ""
      }
    },
    {
      "type": "Feature",
      "geometry": {
        "type": "LineString",
        "coordinates": [
          [
            128.5544479,
            35.1702463
          ],
          [
            128.5520092,
            35.1707693
          ],
          [
            128.5512298,
            35.1720324
          ],
          [
            128.5502641,
            35.1735428
          ],
          [
            128.5477802,
            35.1750909
          ],
          [
            128.5461268,
            35.1776149
          ],
          [
            128.5459273,
            35.1795843
          ],
          [
            128.5457077,
            35.1816277
          ],
          [
            128.544265,
            35.1846024
          ],
          [
            128.5409781,
            35.1853849
          ],
          [
            128.5384098,
            35.1861657
          ],
          [
            128.5362295,
            35.1875551
          ],
          [
            128.5353027,
            35.1885153
          ],
          [
            128.5342431,
            35.1896233
          ],
          [
            128.5321345,
            35.1918861
          ],
          [
            128.5307193,
            35.193702
          ],
          [
            128.5283647,
            35.1966372
          ],
          [
            128.5264741,
            35.1993077
          ],
          [
            128.5250975,
            35.2015001
          ],
          [
            128.5235987,
            35.2038202
          ],
          [
            128.5221301,
            35.2061796
          ],
          [
            128.5204537,
            35.2086358
          ],
          [
            128.5180387,
            35.2110689
          ],
          [
            128.5165356,
            35.2118739
          ],
          [
            128.513422,
            35.2135169
          ],
          [
            128.5108226,
            35.2149169
          ],
          [
            128.5071471,
            35.2167814
          ],
          [
            128.5057831,
            35.2185472
          ],
          [
            128.5057789,
            35.2208403
          ],
          [
            128.5072854,
            35.2237114
          ],
          [
            128.5086114,
            35.2253136
          ],
          [
            128.5114485,
            35.2286519
          ],
          [
            128.5127056,
            35.2339064
          ],
          [
            128.5141774,
            35.2397354
          ],
          [
            128.5122803,
            35.2419942
          ],
          [
            128.508206,
            35.244076
          ],
          [
            128.5056687,
            35.2455412
          ],
          [
            128.5041423,
            35.2494773
          ],
          [
            128.5027108,
            35.2526236
          ],
          [
            128.5020624,
            35.2539819
          ],
          [
            128.5007725,
            35.2566228
          ],
          [
            128.5001717,
            35.2579777
          ],
          [
            128.5000627,
            35.2596361
          ],
          [
            128.5009091,
            35.2620738
          ],
          [
            128.5021871,
            35.2657904
          ],
          [
            128.5027481,
            35.2671714
          ],
          [
            128.5039635,
            35.2708909
          ],
          [
            128.505981,
            35.273058
          ],
          [
            128.5071638,
            35.2743499
          ],
          [
            128.5084674,
            35.2758889
          ],
          [
            128.5103466,
            35.2779699
          ],
          [
            128.5115125,
            35.2808884
          ],
          [
            128.5131411,
            35.2828188
          ],
          [
            128.5154529,
            35.2844562
          ],
          [
            128.5181441,
            35.2851681
          ],
          [
            128.5216411,
            35.2856519
          ],
          [
            128.5236022,
            35.285791
          ],
          [
            128.5249363,
            35.2865032
          ]
        ]
      },
      "properties": {
        "osm_type": "way",
        "osm_id": 310266407,
        "sido": "경상남도",
        "power_type": "line",
        "name": "",
        "description": "",
        "voltage": "154000",
        "cables": "",
        "circuits": "",
        "frequency": "60",
        "operator": "",
        "wires": ""
      }
    },
    {
      "type": "Feature",
      "geometry": {
        "type": "LineString",
        "coordinates": [
          [
            128.5255198,
            35.2888994
          ],
          [
            128.526274,
            35.2896366
          ],
          [
            128.5275009,
            35.2908942
          ],
          [
            128.5289418,
            35.2921345
          ],
          [
            128.5321803,
            35.2945215
          ],
          [
            128.5361649,
            35.2953957
          ],
          [
            128.5385245,
            35.2958972
          ],
          [
            128.5409113,
            35.2949686
          ],
          [
            128.5448038,
            35.2939331
          ],
          [
            128.5477346,
            35.2931001
          ],
          [
            128.5513156,
            35.2920485
          ],
          [
            128.554849,
            35.2908498
          ],
          [
            128.5595386,
            35.2902662
          ],
          [
            128.5631675,
            35.289775
          ],
          [
            128.5687043,
            35.2888358
          ],
          [
            128.5733532,
            35.2880472
          ],
          [
            128.5767873,
            35.287464
          ],
          [
            128.5790952,
            35.2876966
          ],
          [
            128.5812334,
            35.2878892
          ],
          [
            128.5852275,
            35.2882582
          ],
          [
            128.588563,
            35.2885822
          ],
          [
            128.5920057,
            35.2884744
          ],
          [
            128.5958588,
            35.2883332
          ],
          [
            128.6000414,
            35.288208
          ],
          [
            128.6043883,
            35.2889634
          ],
          [
            128.607853,
            35.289667
          ],
          [
            128.6126342,
            35.290804
          ],
          [
            128.6178905,
            35.2916875
          ],
          [
            128.6224948,
            35.292644
          ],
          [
            128.6259739,
            35.2933379
          ],
          [
            128.6296883,
            35.2940921
          ],
          [
            128.634843,
            35.2951426
          ],
          [
            128.6393328,
            35.2960087
          ],
          [
            128.6428453,
            35.2967168
          ],
          [
            128.6461864,
            35.2973792
          ],
          [
            128.6491351,
            35.2973007
          ],
          [
            128.6519726,
            35.2974317
          ],
          [
            128.653995,
            35.297014
          ],
          [
            128.6563473,
            35.2962924
          ],
          [
            128.6601114,
            35.2957034
          ],
          [
            128.6652042,
            35.2945871
          ],
          [
            128.6693483,
            35.2936995
          ],
          [
            128.673007,
            35.292921
          ],
          [
            128.6776382,
            35.2919296
          ],
          [
            128.6814498,
            35.2911898
          ],
          [
            128.6860006,
            35.2901707
          ],
          [
            128.6903448,
            35.2890317
          ],
          [
            128.6951612,
            35.2880047
          ],
          [
            128.6988146,
            35.2872036
          ],
          [
            128.702148,
            35.287193
          ],
          [
            128.7059606,
            35.2879248
          ],
          [
            128.7090975,
            35.2883151
          ],
          [
            128.7133656,
            35.2887015
          ],
          [
            128.7160274,
            35.2889166
          ],
          [
            128.7211037,
            35.2893923
          ],
          [
            128.7239555,
            35.2896248
          ],
          [
            128.72621,
            35.2898528
          ],
          [
            128.73065,
            35.2902751
          ],
          [
            128.7347048,
            35.290639
          ],
          [
            128.7378707,
            35.2909523
          ],
          [
            128.7410055,
            35.2908954
          ],
          [
            128.7442959,
            35.2910123
          ],
          [
            128.7484182,
            35.2910876
          ],
          [
            128.7515124,
            35.2911565
          ],
          [
            128.7558359,
            35.2912875
          ],
          [
            128.7593411,
            35.2913935
          ],
          [
            128.7632387,
            35.292509
          ],
          [
            128.7667531,
            35.2935508
          ],
          [
            128.7700493,
            35.294552
          ],
          [
            128.7749023,
            35.2958418
          ],
          [
            128.7777191,
            35.2955946
          ],
          [
            128.7795054,
            35.2939938
          ]
        ]
      },
      "properties": {
        "osm_type": "way",
        "osm_id": 310266408,
        "sido": "경상남도",
        "power_type": "line",
        "name": "",
        "description": "",
        "voltage": "345000",
        "cables": "",
        "circuits": "",
        "frequency": "60",
        "operator": "",
        "wires": ""
      }
    },
    {
      "type": "Feature",
      "geometry": {
        "type": "LineString",
        "coordinates": [
          [
            129.0251921,
            35.2384278
          ],
          [
            129.0254146,
            35.2401808
          ],
          [
            129.0257828,
            35.2446415
          ],
          [
            129.0238578,
            35.2460807
          ],
          [
            129.0228734,
            35.2475506
          ],
          [
            129.0220787,
            35.2500787
          ],
          [
            129.0212108,
            35.2526044
          ],
          [
            129.0202364,
            35.2559675
          ],
          [
            129.0195145,
            35.2584124
          ],
          [
            129.0211793,
            35.2614596
          ],
          [
            129.0248163,
            35.2650939
          ],
          [
            129.0258751,
            35.2684267
          ],
          [
            129.0253781,
            35.2710999
          ],
          [
            129.0247784,
            35.2747811
          ],
          [
            129.0247942,
            35.2777246
          ],
          [
            129.0251818,
            35.2796721
          ],
          [
            129.0257818,
            35.282527
          ],
          [
            129.0263202,
            35.2853255
          ],
          [
            129.0269422,
            35.2883447
          ],
          [
            129.0276062,
            35.291564
          ],
          [
            129.0281822,
            35.2937792
          ],
          [
            129.029985,
            35.3005792
          ],
          [
            129.0305432,
            35.3025426
          ],
          [
            129.0310463,
            35.3059826
          ],
          [
            129.0318425,
            35.310666
          ],
          [
            129.0318225,
            35.3109891
          ],
          [
            129.032302,
            35.3136509
          ],
          [
            129.0327311,
            35.3169292
          ],
          [
            129.0332589,
            35.3204984
          ],
          [
            129.0326658,
            35.324273
          ],
          [
            129.0321802,
            35.3265325
          ],
          [
            129.0302351,
            35.3276257
          ],
          [
            129.0262027,
            35.3288204
          ],
          [
            129.0225742,
            35.3290872
          ],
          [
            129.0228901,
            35.3315095
          ],
          [
            129.0232363,
            35.3338623
          ],
          [
            129.0240805,
            35.3360769
          ],
          [
            129.0260605,
            35.3388216
          ],
          [
            129.0237963,
            35.3422565
          ],
          [
            129.0205219,
            35.3442993
          ],
          [
            129.0170698,
            35.3464816
          ],
          [
            129.0147662,
            35.3479177
          ],
          [
            129.0116136,
            35.3484572
          ],
          [
            129.007885,
            35.3491148
          ],
          [
            129.004219,
            35.3488034
          ],
          [
            129.0009785,
            35.3484728
          ],
          [
            128.9983697,
            35.3481191
          ],
          [
            128.9910341,
            35.3475509
          ],
          [
            128.988169,
            35.3472514
          ],
          [
            128.9857377,
            35.3470209
          ],
          [
            128.9821399,
            35.3469271
          ],
          [
            128.9778192,
            35.3467905
          ],
          [
            128.9738304,
            35.3466511
          ],
          [
            128.969605,
            35.3465385
          ],
          [
            128.9670849,
            35.3465332
          ],
          [
            128.9640594,
            35.3463548
          ],
          [
            128.9620912,
            35.3459019
          ],
          [
            128.9593822,
            35.3452386
          ],
          [
            128.9555325,
            35.3443896
          ],
          [
            128.9520637,
            35.3435141
          ],
          [
            128.9492572,
            35.3427996
          ],
          [
            128.9455236,
            35.3420453
          ],
          [
            128.9372595,
            35.3402279
          ],
          [
            128.9328196,
            35.3392802
          ],
          [
            128.9273854,
            35.3397484
          ],
          [
            128.9250226,
            35.3399246
          ],
          [
            128.9222183,
            35.3401331
          ],
          [
            128.916712,
            35.3406277
          ],
          [
            128.9140123,
            35.3405368
          ],
          [
            128.9073537,
            35.3403624
          ],
          [
            128.9055615,
            35.3398997
          ],
          [
            128.9030983,
            35.3390107
          ],
          [
            128.9014425,
            35.3384227
          ],
          [
            128.8964561,
            35.3365423
          ],
          [
            128.892887,
            35.335222
          ],
          [
            128.8899737,
            35.3338833
          ],
          [
            128.8863254,
            35.3321913
          ],
          [
            128.8831174,
            35.3307683
          ],
          [
            128.8772742,
            35.3284441
          ],
          [
            128.8743151,
            35.3269747
          ],
          [
            128.870444,
            35.324765
          ],
          [
            128.865367,
            35.3221665
          ],
          [
            128.8617669,
            35.3208477
          ],
          [
            128.8574673,
            35.320005
          ],
          [
            128.853774,
            35.3193819
          ],
          [
            128.8511432,
            35.3186843
          ],
          [
            128.8482912,
            35.3171422
          ],
          [
            128.8458711,
            35.315851
          ],
          [
            128.8417926,
            35.3134753
          ],
          [
            128.8386201,
            35.3116021
          ],
          [
            128.8354619,
            35.3096338
          ],
          [
            128.8304653,
            35.306661
          ],
          [
            128.8274743,
            35.3048456
          ],
          [
            128.8221213,
            35.3037731
          ],
          [
            128.8124555,
            35.3015287
          ],
          [
            128.8054109,
            35.2997789
          ],
          [
            128.8022093,
            35.2989816
          ],
          [
            128.7981953,
            35.297973
          ],
          [
            128.794854,
            35.2971442
          ],
          [
            128.7906798,
            35.2961214
          ],
          [
            128.7882198,
            35.2958556
          ],
          [
            128.7833306,
            35.2952994
          ],
          [
            128.7807868,
            35.295252
          ],
          [
            128.7795054,
            35.2939938
          ]
        ]
      },
      "properties": {
        "osm_type": "way",
        "osm_id": 310281737,
        "sido": "경상남도",
        "power_type": "line",
        "name": "",
        "description": "",
        "voltage": "345000",
        "cables": "6",
        "circuits": "2",
        "frequency": "60",
        "operator": "",
        "wires": ""
      }
    },
    {
      "type": "Feature",
      "geometry": {
        "type": "LineString",
        "coordinates": [
          [
            128.8916391,
            35.2297713
          ],
          [
            128.8907111,
            35.2316993
          ],
          [
            128.8910061,
            35.2336623
          ],
          [
            128.8930446,
            35.2367163
          ],
          [
            128.8954157,
            35.2380965
          ],
          [
            128.8951743,
            35.240423
          ],
          [
            128.896451,
            35.2437002
          ],
          [
            128.8966441,
            35.2470079
          ],
          [
            128.896907,
            35.2498555
          ],
          [
            128.8969821,
            35.2511171
          ],
          [
            128.8957053,
            35.255029
          ],
          [
            128.8956302,
            35.25679
          ],
          [
            128.8955122,
            35.2601147
          ],
          [
            128.8929427,
            35.2624406
          ],
          [
            128.8917679,
            35.2634524
          ],
          [
            128.8893753,
            35.2656949
          ],
          [
            128.8877499,
            35.2679506
          ],
          [
            128.8869023,
            35.2713493
          ],
          [
            128.8862479,
            35.2741434
          ],
          [
            128.885293,
            35.2759609
          ],
          [
            128.8840324,
            35.278282
          ],
          [
            128.8824445,
            35.2813999
          ],
          [
            128.8818544,
            35.2841237
          ],
          [
            128.8811892,
            35.2874341
          ],
          [
            128.8807869,
            35.2893827
          ],
          [
            128.8788664,
            35.2922901
          ],
          [
            128.8760233,
            35.2941115
          ],
          [
            128.8761306,
            35.2958453
          ],
          [
            128.8758945,
            35.2968655
          ],
          [
            128.882073,
            35.2990042
          ],
          [
            128.8845956,
            35.2999543
          ],
          [
            128.8904697,
            35.302093
          ],
          [
            128.8936025,
            35.3032663
          ],
          [
            128.8970161,
            35.3045101
          ],
          [
            128.9006264,
            35.3059617
          ],
          [
            128.9044063,
            35.3073595
          ],
          [
            128.9157998,
            35.3117952
          ],
          [
            128.9236675,
            35.314382
          ],
          [
            128.9298085,
            35.3166337
          ],
          [
            128.9332065,
            35.3177681
          ],
          [
            128.9385636,
            35.3196162
          ],
          [
            128.9477563,
            35.3210394
          ],
          [
            128.9557401,
            35.3218088
          ],
          [
            128.9641491,
            35.3212947
          ],
          [
            128.9753486,
            35.3207029
          ],
          [
            128.9827126,
            35.3203548
          ],
          [
            128.983725,
            35.3204357
          ],
          [
            128.9881034,
            35.3215076
          ]
        ]
      },
      "properties": {
        "osm_type": "way",
        "osm_id": 310281738,
        "sido": "경상남도",
        "power_type": "line",
        "name": "",
        "description": "",
        "voltage": "154000",
        "cables": "",
        "circuits": "",
        "frequency": "60",
        "operator": "",
        "wires": ""
      }
    },
    {
      "type": "Feature",
      "geometry": {
        "type": "LineString",
        "coordinates": [
          [
            128.0714266,
            35.3438144
          ],
          [
            128.0679583,
            35.3411541
          ],
          [
            128.0641092,
            35.3383497
          ],
          [
            128.0592351,
            35.3368536
          ],
          [
            128.0569239,
            35.3357154
          ],
          [
            128.0549274,
            35.334642
          ],
          [
            128.0498994,
            35.3326732
          ],
          [
            128.0461305,
            35.3309773
          ],
          [
            128.0434847,
            35.3299501
          ],
          [
            128.0394322,
            35.3278979
          ],
          [
            128.0353769,
            35.3259058
          ],
          [
            128.0334825,
            35.3215165
          ],
          [
            128.0317271,
            35.3173492
          ],
          [
            128.0300596,
            35.3131608
          ],
          [
            128.0284365,
            35.3092441
          ],
          [
            128.025771,
            35.3055997
          ],
          [
            128.0230282,
            35.3020473
          ],
          [
            128.0222782,
            35.2984392
          ],
          [
            128.0214188,
            35.2943262
          ],
          [
            128.0206894,
            35.2907717
          ],
          [
            128.0201033,
            35.2878276
          ],
          [
            128.0194309,
            35.284906
          ],
          [
            128.0186412,
            35.280886
          ],
          [
            128.0177954,
            35.2770268
          ],
          [
            128.0168803,
            35.2741697
          ],
          [
            128.0151472,
            35.2686751
          ],
          [
            128.0140175,
            35.2651636
          ],
          [
            128.0127406,
            35.2612055
          ],
          [
            128.0117915,
            35.2582342
          ],
          [
            128.0103848,
            35.2536699
          ],
          [
            128.009411,
            35.2506327
          ],
          [
            128.008703,
            35.2484715
          ],
          [
            128.0077848,
            35.2455301
          ],
          [
            128.0076797,
            35.2428915
          ],
          [
            128.0075189,
            35.2392303
          ],
          [
            128.0073551,
            35.2349476
          ],
          [
            128.0071912,
            35.2311698
          ],
          [
            128.0081001,
            35.2279626
          ],
          [
            128.0089132,
            35.2249699
          ],
          [
            128.0097387,
            35.222058
          ],
          [
            128.009782,
            35.2182518
          ],
          [
            128.009816,
            35.2140792
          ],
          [
            128.0084217,
            35.211278
          ],
          [
            128.007049,
            35.2085095
          ],
          [
            128.0040223,
            35.2067741
          ],
          [
            128.0016078,
            35.2051827
          ],
          [
            127.9988037,
            35.203864
          ],
          [
            127.9961171,
            35.2025504
          ],
          [
            127.9930718,
            35.2011534
          ],
          [
            127.9899988,
            35.200489
          ],
          [
            127.9846781,
            35.1997513
          ],
          [
            127.9713286,
            35.19771
          ],
          [
            127.9679927,
            35.1972527
          ],
          [
            127.9617013,
            35.1950699
          ],
          [
            127.9600102,
            35.1937183
          ],
          [
            127.9578955,
            35.1920053
          ],
          [
            127.9547575,
            35.1886298
          ],
          [
            127.9524976,
            35.1851556
          ],
          [
            127.9509042,
            35.1826551
          ],
          [
            127.9482319,
            35.1798077
          ],
          [
            127.9460065,
            35.1774848
          ],
          [
            127.942712,
            35.1740129
          ],
          [
            127.9403029,
            35.1711127
          ],
          [
            127.9361291,
            35.1637277
          ],
          [
            127.9354646,
            35.1612221
          ],
          [
            127.934459,
            35.157274
          ],
          [
            127.9321598,
            35.154543
          ],
          [
            127.9292104,
            35.1508647
          ],
          [
            127.9267499,
            35.147878
          ],
          [
            127.9251736,
            35.1458954
          ],
          [
            127.9231966,
            35.1434721
          ],
          [
            127.9225621,
            35.1407576
          ],
          [
            127.9215214,
            35.1360404
          ],
          [
            127.9199224,
            35.1335785
          ],
          [
            127.9182522,
            35.1308609
          ],
          [
            127.9168594,
            35.1268962
          ],
          [
            127.9161011,
            35.1246464
          ],
          [
            127.9143947,
            35.1197382
          ],
          [
            127.9130138,
            35.115618
          ],
          [
            127.9126578,
            35.1124121
          ],
          [
            127.9124373,
            35.1101745
          ],
          [
            127.9120465,
            35.1064936
          ],
          [
            127.9101237,
            35.1023346
          ],
          [
            127.9075006,
            35.0993846
          ],
          [
            127.904846,
            35.0964646
          ],
          [
            127.9016507,
            35.092928
          ],
          [
            127.8992269,
            35.0901836
          ],
          [
            127.896152,
            35.0867273
          ],
          [
            127.8949045,
            35.0827381
          ],
          [
            127.896338,
            35.0792211
          ],
          [
            127.8980871,
            35.0748799
          ],
          [
            127.8987415,
            35.0722947
          ],
          [
            127.8993257,
            35.0700877
          ],
          [
            127.8976126,
            35.066509
          ],
          [
            127.8957865,
            35.0628132
          ],
          [
            127.8941561,
            35.060902
          ],
          [
            127.8923682,
            35.0588006
          ],
          [
            127.8903076,
            35.0562385
          ],
          [
            127.887552,
            35.0526931
          ],
          [
            127.8843515,
            35.0483867
          ],
          [
            127.8815853,
            35.0462092
          ],
          [
            127.8766897,
            35.0442617
          ],
          [
            127.8734117,
            35.042972
          ],
          [
            127.8689122,
            35.0399177
          ],
          [
            127.8658645,
            35.036668
          ],
          [
            127.8624823,
            35.0331325
          ],
          [
            127.8586545,
            35.029131
          ],
          [
            127.8552067,
            35.0254191
          ],
          [
            127.8570843,
            35.0167558
          ],
          [
            127.8554204,
            35.0138579
          ],
          [
            127.8522232,
            35.0115526
          ],
          [
            127.849443,
            35.0095543
          ],
          [
            127.8455058,
            35.0037617
          ],
          [
            127.8435539,
            35.0010464
          ],
          [
            127.8443399,
            34.9968605
          ],
          [
            127.845238,
            34.9918787
          ],
          [
            127.8457452,
            34.9891015
          ],
          [
            127.8475241,
            34.9862409
          ],
          [
            127.848905,
            34.984048
          ],
          [
            127.8470617,
            34.9806278
          ],
          [
            127.8441317,
            34.9779322
          ],
          [
            127.841775,
            34.9758187
          ],
          [
            127.8380388,
            34.9733849
          ],
          [
            127.8355815,
            34.9718495
          ],
          [
            127.8338136,
            34.9707093
          ],
          [
            127.8306711,
            34.9677841
          ],
          [
            127.8283745,
            34.965604
          ],
          [
            127.8269853,
            34.9629956
          ],
          [
            127.8255944,
            34.9598129
          ],
          [
            127.8256273,
            34.957947
          ],
          [
            127.8258473,
            34.9544253
          ],
          [
            127.8240877,
            34.9530667
          ]
        ]
      },
      "properties": {
        "osm_type": "way",
        "osm_id": 310281739,
        "sido": "경상남도",
        "power_type": "line",
        "name": "",
        "description": "",
        "voltage": "345000",
        "cables": "6",
        "circuits": "2",
        "frequency": "60",
        "operator": "",
        "wires": ""
      }
    },
    {
      "type": "Feature",
      "geometry": {
        "type": "LineString",
        "coordinates": [
          [
            129.0260605,
            35.3388216
          ],
          [
            129.0265935,
            35.3395063
          ],
          [
            129.0245114,
            35.3425313
          ],
          [
            129.0219785,
            35.3451581
          ],
          [
            129.0201131,
            35.346962
          ],
          [
            129.0169277,
            35.3492169
          ],
          [
            129.0162827,
            35.3514011
          ],
          [
            129.0124515,
            35.3532897
          ],
          [
            129.0095152,
            35.3552621
          ],
          [
            129.00761,
            35.3558958
          ],
          [
            129.0028655,
            35.3574598
          ],
          [
            128.9986342,
            35.3588712
          ],
          [
            128.994402,
            35.3602783
          ],
          [
            128.9917821,
            35.361183
          ],
          [
            128.9887098,
            35.362837
          ],
          [
            128.9868829,
            35.3637162
          ],
          [
            128.9856527,
            35.3644144
          ],
          [
            128.9796608,
            35.3669656
          ],
          [
            128.9779024,
            35.3677497
          ],
          [
            128.9766113,
            35.3688868
          ],
          [
            128.9747916,
            35.3705668
          ],
          [
            128.9735488,
            35.3716913
          ],
          [
            128.9718021,
            35.3738997
          ],
          [
            128.9703021,
            35.3757088
          ],
          [
            128.9665537,
            35.3804171
          ],
          [
            128.9653219,
            35.3819701
          ],
          [
            128.9642827,
            35.3826876
          ],
          [
            128.9598311,
            35.3859217
          ],
          [
            128.9570655,
            35.3878642
          ],
          [
            128.9546289,
            35.389598
          ],
          [
            128.9532064,
            35.3905888
          ],
          [
            128.9518084,
            35.3918876
          ],
          [
            128.9483292,
            35.394062
          ],
          [
            128.9451649,
            35.3974323
          ],
          [
            128.9439318,
            35.3989812
          ],
          [
            128.9412543,
            35.4023622
          ],
          [
            128.9370199,
            35.4075005
          ],
          [
            128.9363573,
            35.4083604
          ],
          [
            128.9337995,
            35.4099214
          ],
          [
            128.9304393,
            35.4108972
          ],
          [
            128.9266924,
            35.4120392
          ],
          [
            128.9233681,
            35.4130324
          ],
          [
            128.9185842,
            35.4142823
          ],
          [
            128.9163114,
            35.4149105
          ],
          [
            128.9133792,
            35.4152343
          ],
          [
            128.9113732,
            35.4154517
          ],
          [
            128.9076181,
            35.415515
          ],
          [
            128.9023622,
            35.4155129
          ],
          [
            128.898051,
            35.4155268
          ],
          [
            128.8959209,
            35.4154363
          ],
          [
            128.893728,
            35.4162183
          ],
          [
            128.8906358,
            35.4167102
          ],
          [
            128.8880259,
            35.4171024
          ],
          [
            128.8849637,
            35.4175495
          ],
          [
            128.8827657,
            35.4174722
          ],
          [
            128.8807081,
            35.4162182
          ],
          [
            128.8792167,
            35.4152231
          ],
          [
            128.8773943,
            35.4139881
          ]
        ]
      },
      "properties": {
        "osm_type": "way",
        "osm_id": 310281742,
        "sido": "경상남도",
        "power_type": "line",
        "name": "",
        "description": "",
        "voltage": "154000",
        "cables": "",
        "circuits": "",
        "frequency": "60",
        "operator": "",
        "wires": ""
      }
    },
    {
      "type": "Feature",
      "geometry": {
        "type": "LineString",
        "coordinates": [
          [
            129.0368003,
            35.3606608
          ],
          [
            129.0367295,
            35.3605398
          ],
          [
            129.0358498,
            35.3608105
          ],
          [
            129.0337865,
            35.3614455
          ],
          [
            129.0319638,
            35.3611699
          ],
          [
            129.0271444,
            35.3622026
          ],
          [
            129.0232189,
            35.3618122
          ],
          [
            129.0205503,
            35.3641446
          ],
          [
            129.0149477,
            35.3667944
          ],
          [
            129.0092712,
            35.3677898
          ],
          [
            129.0071533,
            35.3672034
          ],
          [
            129.0036647,
            35.3672409
          ],
          [
            129.0008845,
            35.3668783
          ],
          [
            128.9982907,
            35.3664962
          ],
          [
            128.9959211,
            35.3659472
          ],
          [
            128.9927689,
            35.3653025
          ],
          [
            128.9894489,
            35.3644991
          ],
          [
            128.9870864,
            35.3639563
          ],
          [
            128.9868829,
            35.3637162
          ],
          [
            128.986703,
            35.3643314
          ],
          [
            128.9849573,
            35.3658943
          ],
          [
            128.9829528,
            35.367672
          ],
          [
            128.9815157,
            35.3690457
          ],
          [
            128.9798872,
            35.3703756
          ],
          [
            128.9782686,
            35.3717685
          ],
          [
            128.9744488,
            35.3750765
          ],
          [
            128.9722528,
            35.3770481
          ],
          [
            128.9701875,
            35.378943
          ],
          [
            128.9677022,
            35.3811101
          ],
          [
            128.9657035,
            35.3828677
          ],
          [
            128.9648281,
            35.3835319
          ],
          [
            128.9602852,
            35.3870389
          ],
          [
            128.9580278,
            35.3887693
          ],
          [
            128.9563679,
            35.3899872
          ],
          [
            128.9554256,
            35.3906914
          ],
          [
            128.9508289,
            35.394183
          ],
          [
            128.9490473,
            35.3955543
          ],
          [
            128.9456452,
            35.3998695
          ],
          [
            128.9438631,
            35.4020101
          ],
          [
            128.9430685,
            35.4029969
          ],
          [
            128.9406758,
            35.4060742
          ],
          [
            128.9387257,
            35.4084573
          ],
          [
            128.936755,
            35.4108908
          ],
          [
            128.9301253,
            35.4130998
          ],
          [
            128.9279167,
            35.4138048
          ],
          [
            128.9238136,
            35.4151657
          ],
          [
            128.9186434,
            35.415435
          ],
          [
            128.9135955,
            35.4156908
          ],
          [
            128.9102407,
            35.41587
          ],
          [
            128.9072671,
            35.4159795
          ],
          [
            128.903076,
            35.4161991
          ],
          [
            128.8986853,
            35.4161335
          ],
          [
            128.8969349,
            35.4161263
          ],
          [
            128.8942289,
            35.4165028
          ],
          [
            128.8908905,
            35.4169863
          ],
          [
            128.8876517,
            35.4174503
          ],
          [
            128.8851506,
            35.4178053
          ],
          [
            128.8828102,
            35.4178715
          ],
          [
            128.88065,
            35.4167097
          ],
          [
            128.8792396,
            35.415656
          ],
          [
            128.8768863,
            35.4139551
          ]
        ]
      },
      "properties": {
        "osm_type": "way",
        "osm_id": 310281751,
        "sido": "경상남도",
        "power_type": "line",
        "name": "",
        "description": "",
        "voltage": "154000",
        "cables": "",
        "circuits": "",
        "frequency": "60",
        "operator": "",
        "wires": ""
      }
    },
    {
      "type": "Feature",
      "geometry": {
        "type": "LineString",
        "coordinates": [
          [
            128.129159,
            35.3430006
          ],
          [
            128.1288618,
            35.3423425
          ],
          [
            128.1286403,
            35.3422214
          ]
        ]
      },
      "properties": {
        "osm_type": "way",
        "osm_id": 310281752,
        "sido": "경상남도",
        "power_type": "line",
        "name": "",
        "description": "",
        "voltage": "345000",
        "cables": "3",
        "circuits": "1",
        "frequency": "60",
        "operator": "",
        "wires": ""
      }
    },
    {
      "type": "Feature",
      "geometry": {
        "type": "LineString",
        "coordinates": [
          [
            128.7774151,
            35.2202653
          ],
          [
            128.7777231,
            35.2194904
          ],
          [
            128.7776814,
            35.2191777
          ]
        ]
      },
      "properties": {
        "osm_type": "way",
        "osm_id": 310281756,
        "sido": "경상남도",
        "power_type": "line",
        "name": "",
        "description": "",
        "voltage": "345000",
        "cables": "3",
        "circuits": "1",
        "frequency": "60",
        "operator": "",
        "wires": ""
      }
    },
    {
      "type": "Feature",
      "geometry": {
        "type": "LineString",
        "coordinates": [
          [
            128.7770208,
            35.2203584
          ],
          [
            128.7772995,
            35.2195106
          ],
          [
            128.7772645,
            35.2192079
          ]
        ]
      },
      "properties": {
        "osm_type": "way",
        "osm_id": 310281757,
        "sido": "경상남도",
        "power_type": "line",
        "name": "",
        "description": "",
        "voltage": "345000",
        "cables": "3",
        "circuits": "1",
        "frequency": "60",
        "operator": "",
        "wires": ""
      }
    },
    {
      "type": "Feature",
      "geometry": {
        "type": "LineString",
        "coordinates": [
          [
            128.7770208,
            35.2203584
          ],
          [
            128.7775079,
            35.2195086
          ],
          [
            128.7774566,
            35.219194
          ]
        ]
      },
      "properties": {
        "osm_type": "way",
        "osm_id": 310281759,
        "sido": "경상남도",
        "power_type": "line",
        "name": "",
        "description": "",
        "voltage": "345000",
        "cables": "3",
        "circuits": "1",
        "frequency": "60",
        "operator": "",
        "wires": ""
      }
    },
    {
      "type": "Feature",
      "geometry": {
        "type": "LineString",
        "coordinates": [
          [
            128.7774151,
            35.2202653
          ],
          [
            128.7779438,
            35.2194775
          ],
          [
            128.7778903,
            35.2191626
          ]
        ]
      },
      "properties": {
        "osm_type": "way",
        "osm_id": 310281760,
        "sido": "경상남도",
        "power_type": "line",
        "name": "",
        "description": "",
        "voltage": "345000",
        "cables": "3",
        "circuits": "1",
        "frequency": "60",
        "operator": "",
        "wires": ""
      }
    },
    {
      "type": "Feature",
      "geometry": {
        "type": "LineString",
        "coordinates": [
          [
            128.7785843,
            35.2199316
          ],
          [
            128.7785743,
            35.2194009
          ],
          [
            128.7785268,
            35.2191166
          ]
        ]
      },
      "properties": {
        "osm_type": "way",
        "osm_id": 310281761,
        "sido": "경상남도",
        "power_type": "line",
        "name": "",
        "description": "",
        "voltage": "345000",
        "cables": "3",
        "circuits": "1",
        "frequency": "60",
        "operator": "",
        "wires": ""
      }
    },
    {
      "type": "Feature",
      "geometry": {
        "type": "LineString",
        "coordinates": [
          [
            128.129159,
            35.3430006
          ],
          [
            128.1287347,
            35.3424913
          ],
          [
            128.1285111,
            35.3423697
          ]
        ]
      },
      "properties": {
        "osm_type": "way",
        "osm_id": 310281764,
        "sido": "경상남도",
        "power_type": "line",
        "name": "",
        "description": "",
        "voltage": "345000",
        "cables": "3",
        "circuits": "1",
        "frequency": "60",
        "operator": "",
        "wires": ""
      }
    },
    {
      "type": "Feature",
      "geometry": {
        "type": "LineString",
        "coordinates": [
          [
            128.9538932,
            35.3320679
          ],
          [
            128.9578972,
            35.3288872
          ],
          [
            128.9612867,
            35.3263144
          ],
          [
            128.9640366,
            35.3222156
          ],
          [
            128.9641491,
            35.3212947
          ]
        ]
      },
      "properties": {
        "osm_type": "way",
        "osm_id": 310281765,
        "sido": "경상남도",
        "power_type": "line",
        "name": "",
        "description": "",
        "voltage": "154000",
        "cables": "",
        "circuits": "",
        "frequency": "60",
        "operator": "",
        "wires": ""
      }
    },
    {
      "type": "Feature",
      "geometry": {
        "type": "LineString",
        "coordinates": [
          [
            128.7803978,
            35.2259491
          ],
          [
            128.7788248,
            35.2228171
          ],
          [
            128.7774151,
            35.2202653
          ]
        ]
      },
      "properties": {
        "osm_type": "way",
        "osm_id": 310281766,
        "sido": "경상남도",
        "power_type": "line",
        "name": "",
        "description": "",
        "voltage": "345000",
        "cables": "6",
        "circuits": "2",
        "frequency": "60",
        "operator": "",
        "wires": ""
      }
    },
    {
      "type": "Feature",
      "geometry": {
        "type": "LineString",
        "coordinates": [
          [
            128.7803978,
            35.2259491
          ],
          [
            128.7776751,
            35.2218886
          ],
          [
            128.7770208,
            35.2203584
          ]
        ]
      },
      "properties": {
        "osm_type": "way",
        "osm_id": 310281768,
        "sido": "경상남도",
        "power_type": "line",
        "name": "",
        "description": "",
        "voltage": "345000",
        "cables": "6",
        "circuits": "2",
        "frequency": "60",
        "operator": "",
        "wires": ""
      }
    },
    {
      "type": "Feature",
      "geometry": {
        "type": "LineString",
        "coordinates": [
          [
            128.7785843,
            35.2199316
          ],
          [
            128.778788,
            35.2193727
          ],
          [
            128.7787406,
            35.2191011
          ]
        ]
      },
      "properties": {
        "osm_type": "way",
        "osm_id": 310281769,
        "sido": "경상남도",
        "power_type": "line",
        "name": "",
        "description": "",
        "voltage": "345000",
        "cables": "3",
        "circuits": "1",
        "frequency": "60",
        "operator": "",
        "wires": ""
      }
    },
    {
      "type": "Feature",
      "geometry": {
        "type": "LineString",
        "coordinates": [
          [
            128.7795054,
            35.2939938
          ],
          [
            128.779256,
            35.2920719
          ],
          [
            128.7802185,
            35.2886853
          ],
          [
            128.7824224,
            35.2866217
          ],
          [
            128.7842249,
            35.2850808
          ],
          [
            128.7855538,
            35.2833592
          ],
          [
            128.78707,
            35.2817487
          ]
        ]
      },
      "properties": {
        "osm_type": "way",
        "osm_id": 310281773,
        "sido": "경상남도",
        "power_type": "line",
        "name": "",
        "description": "",
        "voltage": "345000",
        "cables": "",
        "circuits": "",
        "frequency": "60",
        "operator": "",
        "wires": ""
      }
    },
    {
      "type": "Feature",
      "geometry": {
        "type": "LineString",
        "coordinates": [
          [
            128.7771999,
            35.2192126
          ],
          [
            128.7772645,
            35.2192079
          ],
          [
            128.7774566,
            35.219194
          ],
          [
            128.7776814,
            35.2191777
          ],
          [
            128.7778903,
            35.2191626
          ],
          [
            128.7785268,
            35.2191166
          ],
          [
            128.7787406,
            35.2191011
          ],
          [
            128.7788228,
            35.2190951
          ]
        ]
      },
      "properties": {
        "osm_type": "way",
        "osm_id": 310281775,
        "sido": "경상남도",
        "power_type": "line",
        "name": "",
        "description": "",
        "voltage": "345000",
        "cables": "3",
        "circuits": "1",
        "frequency": "60",
        "operator": "",
        "wires": ""
      }
    },
    {
      "type": "Feature",
      "geometry": {
        "type": "LineString",
        "coordinates": [
          [
            127.8239474,
            34.9533646
          ],
          [
            127.8250147,
            34.9551515
          ],
          [
            127.82508,
            34.9575918
          ],
          [
            127.8236918,
            34.9608594
          ],
          [
            127.8228539,
            34.9627632
          ],
          [
            127.8223366,
            34.9639862
          ],
          [
            127.8212099,
            34.9664108
          ],
          [
            127.8205327,
            34.9679971
          ],
          [
            127.8193681,
            34.9703052
          ],
          [
            127.8188939,
            34.974962
          ],
          [
            127.8179212,
            34.9778179
          ],
          [
            127.8171101,
            34.9812559
          ],
          [
            127.8164143,
            34.9846068
          ],
          [
            127.8157911,
            34.9887743
          ],
          [
            127.815032,
            34.9913279
          ],
          [
            127.8146255,
            34.993276
          ],
          [
            127.813892,
            34.9968162
          ],
          [
            127.8129763,
            35.0002913
          ],
          [
            127.8099956,
            35.0040532
          ],
          [
            127.8082203,
            35.0069921
          ],
          [
            127.8059871,
            35.0108188
          ],
          [
            127.8044687,
            35.0133787
          ],
          [
            127.8001798,
            35.0155941
          ],
          [
            127.7955406,
            35.01727
          ],
          [
            127.7923029,
            35.0186551
          ],
          [
            127.7894063,
            35.0183376
          ],
          [
            127.7798335,
            35.0172012
          ],
          [
            127.7768387,
            35.0168568
          ],
          [
            127.7731245,
            35.0185901
          ],
          [
            127.7704054,
            35.0193591
          ],
          [
            127.7654198,
            35.0208919
          ],
          [
            127.7646309,
            35.0211345
          ],
          [
            127.7622589,
            35.0211957
          ],
          [
            127.7597494,
            35.020079
          ],
          [
            127.7519442,
            35.0168172
          ],
          [
            127.7462756,
            35.0144529
          ],
          [
            127.7421677,
            35.0122809
          ],
          [
            127.7377006,
            35.0103059
          ],
          [
            127.7348412,
            35.0090351
          ],
          [
            127.7328087,
            35.0081339
          ],
          [
            127.7296688,
            35.0074849
          ],
          [
            127.7252113,
            35.0083361
          ],
          [
            127.7195136,
            35.0094275
          ],
          [
            127.7149853,
            35.0102708
          ],
          [
            127.7125348,
            35.0107477
          ],
          [
            127.7101308,
            35.011198
          ],
          [
            127.7066926,
            35.0118696
          ],
          [
            127.7038694,
            35.012419
          ],
          [
            127.6989078,
            35.0135027
          ],
          [
            127.6959029,
            35.0141475
          ],
          [
            127.6928653,
            35.0147961
          ],
          [
            127.6856302,
            35.0163376
          ],
          [
            127.6817914,
            35.0156928
          ],
          [
            127.6775845,
            35.0149411
          ],
          [
            127.6749104,
            35.0144871
          ],
          [
            127.6693897,
            35.0135179
          ],
          [
            127.6667668,
            35.0130639
          ],
          [
            127.6615676,
            35.0121481
          ],
          [
            127.6581201,
            35.0099159
          ],
          [
            127.6531492,
            35.0067487
          ],
          [
            127.6503446,
            35.00552
          ],
          [
            127.6471673,
            35.0030281
          ],
          [
            127.6442742,
            35.0012078
          ],
          [
            127.6413345,
            34.9994065
          ],
          [
            127.6398157,
            34.9960405
          ],
          [
            127.6374304,
            34.9935674
          ],
          [
            127.6345932,
            34.9904339
          ],
          [
            127.634309,
            34.9868767
          ],
          [
            127.6303304,
            34.9834643
          ],
          [
            127.6256949,
            34.97938
          ]
        ]
      },
      "properties": {
        "osm_type": "way",
        "osm_id": 310293688,
        "sido": "경상남도",
        "power_type": "line",
        "name": "",
        "description": "",
        "voltage": "345000",
        "cables": "6",
        "circuits": "2",
        "frequency": "60",
        "operator": "",
        "wires": ""
      }
    },
    {
      "type": "Feature",
      "geometry": {
        "type": "LineString",
        "coordinates": [
          [
            128.7844506,
            35.1869414
          ],
          [
            128.783623,
            35.1893005
          ],
          [
            128.7821242,
            35.1934814
          ],
          [
            128.7816023,
            35.1963587
          ],
          [
            128.7810136,
            35.2005756
          ],
          [
            128.780228,
            35.2058287
          ],
          [
            128.7798569,
            35.208576
          ],
          [
            128.780229,
            35.2105257
          ],
          [
            128.7802828,
            35.2108078
          ],
          [
            128.7787661,
            35.2140262
          ],
          [
            128.7793255,
            35.2149675
          ],
          [
            128.7799247,
            35.2159448
          ],
          [
            128.7797034,
            35.2191144
          ],
          [
            128.7785843,
            35.2199316
          ]
        ]
      },
      "properties": {
        "osm_type": "way",
        "osm_id": 310395482,
        "sido": "경상남도",
        "power_type": "line",
        "name": "",
        "description": "",
        "voltage": "345000",
        "cables": "6",
        "circuits": "2",
        "frequency": "60",
        "operator": "",
        "wires": ""
      }
    },
    {
      "type": "Feature",
      "geometry": {
        "type": "LineString",
        "coordinates": [
          [
            128.1279106,
            35.3415128
          ],
          [
            128.1254287,
            35.3405895
          ],
          [
            128.1216678,
            35.3390265
          ],
          [
            128.1176,
            35.3369551
          ],
          [
            128.1124201,
            35.335762
          ],
          [
            128.1064555,
            35.3341031
          ],
          [
            128.1039925,
            35.3334444
          ],
          [
            128.1013742,
            35.3350716
          ],
          [
            128.0991408,
            35.336738
          ],
          [
            128.0965812,
            35.3383525
          ],
          [
            128.0936456,
            35.3402082
          ],
          [
            128.0905387,
            35.3423886
          ],
          [
            128.0884407,
            35.3438204
          ],
          [
            128.0861243,
            35.3452611
          ],
          [
            128.0849141,
            35.3468703
          ],
          [
            128.0836359,
            35.3485186
          ],
          [
            128.0806417,
            35.3515742
          ],
          [
            128.0764257,
            35.3569273
          ],
          [
            128.0746399,
            35.3588795
          ],
          [
            128.0729261,
            35.3605505
          ],
          [
            128.0708113,
            35.3629497
          ],
          [
            128.0691508,
            35.3651061
          ],
          [
            128.06813,
            35.3680131
          ],
          [
            128.0669879,
            35.3708406
          ],
          [
            128.065727,
            35.3734909
          ],
          [
            128.0648256,
            35.3754804
          ],
          [
            128.0629638,
            35.376709
          ],
          [
            128.0606331,
            35.3776889
          ],
          [
            128.0587212,
            35.3785314
          ],
          [
            128.0564906,
            35.3794927
          ],
          [
            128.0547972,
            35.3802499
          ],
          [
            128.0515925,
            35.3815674
          ],
          [
            128.0474818,
            35.3833935
          ],
          [
            128.0453878,
            35.3842359
          ],
          [
            128.0412226,
            35.3860619
          ],
          [
            128.0384048,
            35.3873014
          ],
          [
            128.0359148,
            35.3884556
          ],
          [
            128.0332426,
            35.3896988
          ],
          [
            128.0306745,
            35.3906525
          ],
          [
            128.0263989,
            35.3924909
          ],
          [
            128.0231007,
            35.3938454
          ],
          [
            128.0203454,
            35.3950471
          ],
          [
            128.0155525,
            35.397246
          ],
          [
            128.0139539,
            35.397911
          ],
          [
            128.0102336,
            35.3994705
          ],
          [
            128.007429,
            35.4005749
          ],
          [
            128.0052178,
            35.4015304
          ],
          [
            128.0010275,
            35.4033565
          ],
          [
            127.9979067,
            35.4047288
          ],
          [
            127.9933329,
            35.4067125
          ],
          [
            127.9908692,
            35.4077826
          ],
          [
            127.9885509,
            35.408788
          ],
          [
            127.9857068,
            35.4100252
          ],
          [
            127.9835043,
            35.4108715
          ],
          [
            127.9804982,
            35.4120385
          ],
          [
            127.9781237,
            35.4129819
          ],
          [
            127.9752551,
            35.4151482
          ],
          [
            127.9730592,
            35.4167811
          ],
          [
            127.9714158,
            35.417995
          ],
          [
            127.9694122,
            35.4196945
          ],
          [
            127.9670529,
            35.4215975
          ],
          [
            127.9657988,
            35.4226156
          ],
          [
            127.9615271,
            35.4257245
          ],
          [
            127.9594281,
            35.4277795
          ],
          [
            127.9574217,
            35.4297043
          ],
          [
            127.9559111,
            35.4310277
          ],
          [
            127.9530577,
            35.4339198
          ],
          [
            127.9498488,
            35.4371094
          ],
          [
            127.947968,
            35.4389998
          ],
          [
            127.94614,
            35.4408121
          ],
          [
            127.9435895,
            35.4434033
          ],
          [
            127.9404829,
            35.4464789
          ],
          [
            127.9376777,
            35.4493108
          ],
          [
            127.9364116,
            35.4505614
          ],
          [
            127.9339172,
            35.4530813
          ],
          [
            127.9319725,
            35.4550513
          ],
          [
            127.9269451,
            35.4589463
          ],
          [
            127.923471,
            35.4607323
          ],
          [
            127.9198529,
            35.4625468
          ],
          [
            127.9157596,
            35.4645928
          ],
          [
            127.9127062,
            35.4664453
          ],
          [
            127.9091971,
            35.4686276
          ],
          [
            127.9060658,
            35.4706069
          ],
          [
            127.9015087,
            35.4734735
          ],
          [
            127.8982707,
            35.4753747
          ],
          [
            127.8958152,
            35.4768871
          ],
          [
            127.8930814,
            35.4785289
          ],
          [
            127.8893718,
            35.4794695
          ],
          [
            127.8875376,
            35.4797254
          ],
          [
            127.8851862,
            35.4809709
          ],
          [
            127.8830188,
            35.4822035
          ],
          [
            127.8799978,
            35.4849037
          ],
          [
            127.8771101,
            35.4874411
          ],
          [
            127.8735972,
            35.4893532
          ],
          [
            127.8716392,
            35.4904022
          ],
          [
            127.868961,
            35.4918672
          ],
          [
            127.865978,
            35.4943062
          ],
          [
            127.863579,
            35.4962697
          ],
          [
            127.8616782,
            35.4978121
          ],
          [
            127.8591649,
            35.499835
          ],
          [
            127.8571149,
            35.5014909
          ],
          [
            127.8539609,
            35.5040387
          ],
          [
            127.851209,
            35.5062
          ],
          [
            127.8488419,
            35.5072215
          ],
          [
            127.8457297,
            35.5085568
          ],
          [
            127.8439256,
            35.5092819
          ],
          [
            127.841031,
            35.5100692
          ],
          [
            127.8379681,
            35.5109258
          ],
          [
            127.8350847,
            35.5118336
          ],
          [
            127.8338932,
            35.5122099
          ],
          [
            127.8291323,
            35.5137686
          ],
          [
            127.8259496,
            35.5147694
          ],
          [
            127.823212,
            35.5156899
          ],
          [
            127.819577,
            35.5168533
          ],
          [
            127.817351,
            35.5175656
          ],
          [
            127.8143016,
            35.5185482
          ],
          [
            127.8110726,
            35.5196112
          ],
          [
            127.8080905,
            35.5205681
          ],
          [
            127.8058511,
            35.5213352
          ],
          [
            127.8023462,
            35.5224967
          ],
          [
            127.7997276,
            35.5238828
          ],
          [
            127.7965188,
            35.5255776
          ],
          [
            127.7933998,
            35.5271974
          ],
          [
            127.7899619,
            35.5289812
          ],
          [
            127.7877656,
            35.5301216
          ],
          [
            127.785419,
            35.5313411
          ],
          [
            127.7804706,
            35.5324643
          ],
          [
            127.77714,
            35.531923
          ],
          [
            127.7757892,
            35.5302905
          ]
        ]
      },
      "properties": {
        "osm_type": "way",
        "osm_id": 310395484,
        "sido": "경상남도",
        "power_type": "line",
        "name": "",
        "description": "",
        "voltage": "154000",
        "cables": "6",
        "circuits": "2",
        "frequency": "60",
        "operator": "",
        "wires": ""
      }
    },
    {
      "type": "Feature",
      "geometry": {
        "type": "LineString",
        "coordinates": [
          [
            128.7777463,
            35.2180653
          ],
          [
            128.7775185,
            35.2185675
          ]
        ]
      },
      "properties": {
        "osm_type": "way",
        "osm_id": 310395487,
        "sido": "경상남도",
        "power_type": "line",
        "name": "",
        "description": "",
        "voltage": "154000",
        "cables": "3",
        "circuits": "1",
        "frequency": "60",
        "operator": "",
        "wires": ""
      }
    },
    {
      "type": "Feature",
      "geometry": {
        "type": "LineString",
        "coordinates": [
          [
            128.7777463,
            35.2180653
          ],
          [
            128.777384,
            35.2185826
          ]
        ]
      },
      "properties": {
        "osm_type": "way",
        "osm_id": 310395488,
        "sido": "경상남도",
        "power_type": "line",
        "name": "",
        "description": "",
        "voltage": "154000",
        "cables": "3",
        "circuits": "1",
        "frequency": "60",
        "operator": "",
        "wires": ""
      }
    },
    {
      "type": "Feature",
      "geometry": {
        "type": "LineString",
        "coordinates": [
          [
            128.7776522,
            35.2185607
          ],
          [
            128.7779795,
            35.2181065
          ]
        ]
      },
      "properties": {
        "osm_type": "way",
        "osm_id": 310395490,
        "sido": "경상남도",
        "power_type": "line",
        "name": "",
        "description": "",
        "voltage": "154000",
        "cables": "3",
        "circuits": "1",
        "frequency": "60",
        "operator": "",
        "wires": ""
      }
    },
    {
      "type": "Feature",
      "geometry": {
        "type": "LineString",
        "coordinates": [
          [
            128.7787653,
            35.2180889
          ],
          [
            128.7781905,
            35.2185254
          ]
        ]
      },
      "properties": {
        "osm_type": "way",
        "osm_id": 310395491,
        "sido": "경상남도",
        "power_type": "line",
        "name": "",
        "description": "",
        "voltage": "154000",
        "cables": "3",
        "circuits": "1",
        "frequency": "60",
        "operator": "",
        "wires": ""
      }
    },
    {
      "type": "Feature",
      "geometry": {
        "type": "LineString",
        "coordinates": [
          [
            128.1273685,
            35.340203
          ],
          [
            128.1283059,
            35.3411284
          ]
        ]
      },
      "properties": {
        "osm_type": "way",
        "osm_id": 310395492,
        "sido": "경상남도",
        "power_type": "line",
        "name": "",
        "description": "",
        "voltage": "154000",
        "cables": "",
        "circuits": "",
        "frequency": "60",
        "operator": "",
        "wires": ""
      }
    },
    {
      "type": "Feature",
      "geometry": {
        "type": "LineString",
        "coordinates": [
          [
            128.5544479,
            35.1702463
          ],
          [
            128.5552772,
            35.170564
          ]
        ]
      },
      "properties": {
        "osm_type": "way",
        "osm_id": 310395493,
        "sido": "경상남도",
        "power_type": "line",
        "name": "",
        "description": "",
        "voltage": "154000",
        "cables": "",
        "circuits": "",
        "frequency": "60",
        "operator": "",
        "wires": ""
      }
    },
    {
      "type": "Feature",
      "geometry": {
        "type": "LineString",
        "coordinates": [
          [
            128.7785356,
            35.2175011
          ],
          [
            128.7779795,
            35.2181065
          ]
        ]
      },
      "properties": {
        "osm_type": "way",
        "osm_id": 310395494,
        "sido": "경상남도",
        "power_type": "line",
        "name": "",
        "description": "",
        "voltage": "154000",
        "cables": "",
        "circuits": "",
        "frequency": "",
        "operator": "",
        "wires": ""
      }
    },
    {
      "type": "Feature",
      "geometry": {
        "type": "LineString",
        "coordinates": [
          [
            128.7781964,
            35.2180922
          ],
          [
            128.7779228,
            35.2185407
          ]
        ]
      },
      "properties": {
        "osm_type": "way",
        "osm_id": 310395495,
        "sido": "경상남도",
        "power_type": "line",
        "name": "",
        "description": "",
        "voltage": "154000",
        "cables": "3",
        "circuits": "1",
        "frequency": "60",
        "operator": "",
        "wires": ""
      }
    },
    {
      "type": "Feature",
      "geometry": {
        "type": "LineString",
        "coordinates": [
          [
            128.7779795,
            35.2181065
          ],
          [
            128.7777819,
            35.2185518
          ]
        ]
      },
      "properties": {
        "osm_type": "way",
        "osm_id": 310395496,
        "sido": "경상남도",
        "power_type": "line",
        "name": "",
        "description": "",
        "voltage": "154000",
        "cables": "3",
        "circuits": "1",
        "frequency": "60",
        "operator": "",
        "wires": ""
      }
    },
    {
      "type": "Feature",
      "geometry": {
        "type": "LineString",
        "coordinates": [
          [
            128.7787653,
            35.2180889
          ],
          [
            128.778321,
            35.2185078
          ]
        ]
      },
      "properties": {
        "osm_type": "way",
        "osm_id": 310395498,
        "sido": "경상남도",
        "power_type": "line",
        "name": "",
        "description": "",
        "voltage": "154000",
        "cables": "3",
        "circuits": "1",
        "frequency": "60",
        "operator": "",
        "wires": ""
      }
    },
    {
      "type": "Feature",
      "geometry": {
        "type": "LineString",
        "coordinates": [
          [
            128.7781964,
            35.2180922
          ],
          [
            128.7780573,
            35.2185376
          ]
        ]
      },
      "properties": {
        "osm_type": "way",
        "osm_id": 310395499,
        "sido": "경상남도",
        "power_type": "line",
        "name": "",
        "description": "",
        "voltage": "154000",
        "cables": "3",
        "circuits": "1",
        "frequency": "60",
        "operator": "",
        "wires": ""
      }
    },
    {
      "type": "Feature",
      "geometry": {
        "type": "LineString",
        "coordinates": [
          [
            128.7840818,
            35.2036315
          ],
          [
            128.7842355,
            35.2008368
          ],
          [
            128.786099,
            35.1974872
          ],
          [
            128.7870857,
            35.1943739
          ],
          [
            128.787352,
            35.1932198
          ],
          [
            128.7873401,
            35.1908064
          ],
          [
            128.7873222,
            35.1889325
          ],
          [
            128.785701,
            35.1861943
          ],
          [
            128.7846381,
            35.1830193
          ],
          [
            128.7838366,
            35.181433
          ],
          [
            128.7831503,
            35.1773673
          ],
          [
            128.7833154,
            35.1760521
          ],
          [
            128.7841528,
            35.1714806
          ],
          [
            128.7844507,
            35.1697964
          ],
          [
            128.7892312,
            35.1690892
          ],
          [
            128.7914854,
            35.1681599
          ],
          [
            128.7953157,
            35.1660614
          ],
          [
            128.7990818,
            35.1638972
          ],
          [
            128.8005896,
            35.1622965
          ],
          [
            128.8017704,
            35.1584902
          ],
          [
            128.8024592,
            35.1561982
          ]
        ]
      },
      "properties": {
        "osm_type": "way",
        "osm_id": 310395500,
        "sido": "경상남도",
        "power_type": "line",
        "name": "",
        "description": "",
        "voltage": "154000",
        "cables": "6",
        "circuits": "2",
        "frequency": "60",
        "operator": "",
        "wires": ""
      }
    },
    {
      "type": "Feature",
      "geometry": {
        "type": "LineString",
        "coordinates": [
          [
            127.6244482,
            34.969781
          ],
          [
            127.6262801,
            34.9688349
          ],
          [
            127.629795,
            34.9685507
          ],
          [
            127.6326486,
            34.9683153
          ],
          [
            127.6345104,
            34.9700785
          ],
          [
            127.636822,
            34.9722792
          ],
          [
            127.6365131,
            34.975246
          ],
          [
            127.6350686,
            34.9783547
          ],
          [
            127.6337489,
            34.9811858
          ],
          [
            127.6347461,
            34.9815766
          ],
          [
            127.6365402,
            34.9817497
          ],
          [
            127.6376865,
            34.9818474
          ],
          [
            127.6383206,
            34.9819074
          ],
          [
            127.6447188,
            34.9824777
          ],
          [
            127.6493191,
            34.9828382
          ],
          [
            127.6546284,
            34.9850888
          ],
          [
            127.6602964,
            34.9874763
          ],
          [
            127.6618742,
            34.9886976
          ],
          [
            127.6670186,
            34.9926257
          ],
          [
            127.6700113,
            34.9949182
          ],
          [
            127.6709363,
            34.9956267
          ],
          [
            127.6720768,
            34.9965067
          ],
          [
            127.6731286,
            34.9973182
          ],
          [
            127.6784397,
            35.0012342
          ],
          [
            127.6795438,
            35.0020637
          ],
          [
            127.68123,
            35.0033013
          ],
          [
            127.6821685,
            35.00403
          ],
          [
            127.6831833,
            35.0051731
          ],
          [
            127.6867789,
            35.0074348
          ],
          [
            127.6904213,
            35.0101799
          ],
          [
            127.6933446,
            35.0124174
          ],
          [
            127.6959029,
            35.0141475
          ],
          [
            127.7003871,
            35.0177774
          ],
          [
            127.7031859,
            35.0199016
          ],
          [
            127.7061407,
            35.022189
          ],
          [
            127.7089822,
            35.0245142
          ],
          [
            127.7115289,
            35.025022
          ],
          [
            127.7159166,
            35.0255229
          ],
          [
            127.7176563,
            35.0260458
          ],
          [
            127.7196379,
            35.0263402
          ],
          [
            127.7224682,
            35.0271626
          ],
          [
            127.7242959,
            35.0276892
          ],
          [
            127.7266985,
            35.0287518
          ],
          [
            127.7296701,
            35.0322495
          ],
          [
            127.7312881,
            35.0341956
          ],
          [
            127.7336534,
            35.0348956
          ],
          [
            127.7395881,
            35.0366694
          ],
          [
            127.743246,
            35.0377665
          ],
          [
            127.7489716,
            35.0394752
          ],
          [
            127.7508544,
            35.0400395
          ],
          [
            127.7536267,
            35.0408624
          ],
          [
            127.7573886,
            35.0419815
          ],
          [
            127.7638612,
            35.0439127
          ],
          [
            127.7714368,
            35.0461593
          ],
          [
            127.7748991,
            35.0472023
          ],
          [
            127.7774711,
            35.0479737
          ],
          [
            127.7789772,
            35.0484259
          ],
          [
            127.7825983,
            35.049507
          ],
          [
            127.7854408,
            35.0503539
          ],
          [
            127.7883105,
            35.0512054
          ],
          [
            127.7923716,
            35.0524223
          ],
          [
            127.7933419,
            35.0527091
          ],
          [
            127.7991269,
            35.0544397
          ],
          [
            127.8049462,
            35.0543761
          ],
          [
            127.8078203,
            35.0542982
          ],
          [
            127.8111214,
            35.0542192
          ],
          [
            127.8157608,
            35.0541123
          ],
          [
            127.8195862,
            35.0540253
          ],
          [
            127.8257072,
            35.0538784
          ],
          [
            127.8264084,
            35.0538104
          ],
          [
            127.8267144,
            35.0541986
          ]
        ]
      },
      "properties": {
        "osm_type": "way",
        "osm_id": 310395539,
        "sido": "경상남도",
        "power_type": "line",
        "name": "",
        "description": "",
        "voltage": "154000",
        "cables": "6",
        "circuits": "2",
        "frequency": "60",
        "operator": "",
        "wires": ""
      }
    },
    {
      "type": "Feature",
      "geometry": {
        "type": "LineString",
        "coordinates": [
          [
            128.8024592,
            35.1561982
          ],
          [
            128.8012033,
            35.1546751
          ],
          [
            128.7975443,
            35.1514471
          ],
          [
            128.7947199,
            35.1489357
          ],
          [
            128.791475,
            35.1470154
          ],
          [
            128.7900131,
            35.1463428
          ],
          [
            128.7865659,
            35.1479329
          ],
          [
            128.7825386,
            35.1498255
          ],
          [
            128.7786715,
            35.1515872
          ],
          [
            128.7764894,
            35.152355
          ],
          [
            128.773462,
            35.1522015
          ],
          [
            128.7710644,
            35.1521608
          ],
          [
            128.7677111,
            35.1513613
          ],
          [
            128.7646616,
            35.1513071
          ],
          [
            128.7607835,
            35.1491886
          ],
          [
            128.7582312,
            35.1478154
          ],
          [
            128.756027,
            35.1466229
          ],
          [
            128.7516627,
            35.144283
          ],
          [
            128.750718,
            35.1429548
          ],
          [
            128.750276,
            35.1400456
          ],
          [
            128.7496407,
            35.1361784
          ],
          [
            128.7490707,
            35.1326233
          ],
          [
            128.749243,
            35.1302328
          ],
          [
            128.7492981,
            35.1275959
          ],
          [
            128.7494169,
            35.1242581
          ],
          [
            128.749467,
            35.1238006
          ],
          [
            128.7529327,
            35.1229685
          ],
          [
            128.7571923,
            35.1221221
          ],
          [
            128.7606532,
            35.1215485
          ],
          [
            128.7633363,
            35.1217495
          ],
          [
            128.7673356,
            35.1221785
          ],
          [
            128.770906,
            35.1222392
          ],
          [
            128.7733475,
            35.1221944
          ],
          [
            128.7771171,
            35.1223734
          ],
          [
            128.7790625,
            35.1224245
          ],
          [
            128.7812891,
            35.120715
          ],
          [
            128.7822998,
            35.1191177
          ],
          [
            128.7823087,
            35.1189543
          ],
          [
            128.7826672,
            35.1189544
          ]
        ]
      },
      "properties": {
        "osm_type": "way",
        "osm_id": 310395543,
        "sido": "경상남도",
        "power_type": "line",
        "name": "",
        "description": "",
        "voltage": "154000",
        "cables": "6",
        "circuits": "2",
        "frequency": "60",
        "operator": "",
        "wires": ""
      }
    },
    {
      "type": "Feature",
      "geometry": {
        "type": "LineString",
        "coordinates": [
          [
            128.5544479,
            35.1702463
          ],
          [
            128.5537436,
            35.1699414
          ],
          [
            128.5515495,
            35.170264
          ],
          [
            128.5497937,
            35.172011
          ],
          [
            128.5482302,
            35.1737128
          ],
          [
            128.5454173,
            35.1750311
          ],
          [
            128.5429918,
            35.1741112
          ],
          [
            128.5368096,
            35.1719546
          ],
          [
            128.5333134,
            35.1708377
          ],
          [
            128.5296749,
            35.1705531
          ],
          [
            128.5266058,
            35.1703308
          ],
          [
            128.5247311,
            35.1701895
          ],
          [
            128.5221393,
            35.1699832
          ],
          [
            128.5154607,
            35.1686801
          ],
          [
            128.5126417,
            35.168162
          ],
          [
            128.5066372,
            35.1669775
          ],
          [
            128.5015646,
            35.1659281
          ],
          [
            128.4974591,
            35.1636542
          ],
          [
            128.4963291,
            35.1615824
          ],
          [
            128.4953595,
            35.1572365
          ],
          [
            128.4920965,
            35.1562197
          ],
          [
            128.4898632,
            35.1546616
          ],
          [
            128.4880846,
            35.1545249
          ],
          [
            128.4858379,
            35.1536448
          ],
          [
            128.4828223,
            35.1526498
          ],
          [
            128.4805355,
            35.151868
          ],
          [
            128.4732205,
            35.1491508
          ],
          [
            128.4725719,
            35.1471224
          ],
          [
            128.4715956,
            35.1436833
          ],
          [
            128.4708534,
            35.1411627
          ],
          [
            128.4703185,
            35.139156
          ],
          [
            128.4680317,
            35.1364493
          ],
          [
            128.4633244,
            35.1318396
          ],
          [
            128.4610207,
            35.1310209
          ],
          [
            128.4584223,
            35.1304053
          ],
          [
            128.458271,
            35.1290044
          ]
        ]
      },
      "properties": {
        "osm_type": "way",
        "osm_id": 310395555,
        "sido": "경상남도",
        "power_type": "line",
        "name": "",
        "description": "",
        "voltage": "154000",
        "cables": "",
        "circuits": "",
        "frequency": "60",
        "operator": "",
        "wires": ""
      }
    },
    {
      "type": "Feature",
      "geometry": {
        "type": "LineString",
        "coordinates": [
          [
            128.2789472,
            35.3143512
          ],
          [
            128.279659,
            35.3134894
          ],
          [
            128.2787121,
            35.3114891
          ],
          [
            128.2776952,
            35.3089116
          ],
          [
            128.2768634,
            35.3066925
          ],
          [
            128.2726451,
            35.3042911
          ],
          [
            128.2700403,
            35.302641
          ],
          [
            128.2675133,
            35.3009961
          ],
          [
            128.2646975,
            35.2999568
          ],
          [
            128.2617662,
            35.2980765
          ],
          [
            128.2593585,
            35.2984192
          ],
          [
            128.2542001,
            35.2992818
          ],
          [
            128.251355,
            35.2993703
          ],
          [
            128.2488878,
            35.2993275
          ],
          [
            128.246998,
            35.2992732
          ],
          [
            128.2445308,
            35.2980079
          ],
          [
            128.2411748,
            35.2967826
          ],
          [
            128.2386166,
            35.2956801
          ],
          [
            128.2344157,
            35.2938463
          ],
          [
            128.231014,
            35.2938667
          ],
          [
            128.2266893,
            35.2956997
          ],
          [
            128.2220323,
            35.2978249
          ],
          [
            128.2199739,
            35.3004517
          ],
          [
            128.2184704,
            35.3019003
          ],
          [
            128.2147889,
            35.3056497
          ],
          [
            128.2103136,
            35.3100005
          ],
          [
            128.2084467,
            35.3117796
          ],
          [
            128.2045496,
            35.3135804
          ],
          [
            128.2001008,
            35.3153486
          ],
          [
            128.1899012,
            35.3190111
          ],
          [
            128.1849626,
            35.3201681
          ],
          [
            128.1812041,
            35.3220357
          ],
          [
            128.1771084,
            35.3241027
          ],
          [
            128.1739118,
            35.325691
          ],
          [
            128.17126,
            35.3271792
          ],
          [
            128.1685104,
            35.3286015
          ],
          [
            128.1641896,
            35.3299986
          ],
          [
            128.1612206,
            35.3301473
          ],
          [
            128.1560303,
            35.3322651
          ],
          [
            128.1525426,
            35.3341286
          ],
          [
            128.1503436,
            35.333881
          ],
          [
            128.144974,
            35.3347099
          ],
          [
            128.1401158,
            35.3357834
          ],
          [
            128.1369622,
            35.3364732
          ],
          [
            128.132854,
            35.3382531
          ],
          [
            128.1295129,
            35.3391931
          ],
          [
            128.1273685,
            35.340203
          ]
        ]
      },
      "properties": {
        "osm_type": "way",
        "osm_id": 310395565,
        "sido": "경상남도",
        "power_type": "line",
        "name": "",
        "description": "",
        "voltage": "154000",
        "cables": "",
        "circuits": "",
        "frequency": "60",
        "operator": "",
        "wires": ""
      }
    },
    {
      "type": "Feature",
      "geometry": {
        "type": "LineString",
        "coordinates": [
          [
            128.7972474,
            35.2062472
          ],
          [
            128.795046,
            35.205722
          ],
          [
            128.7906415,
            35.2049577
          ],
          [
            128.7858848,
            35.2041465
          ],
          [
            128.7840818,
            35.2036315
          ]
        ]
      },
      "properties": {
        "osm_type": "way",
        "osm_id": 310395573,
        "sido": "경상남도",
        "power_type": "line",
        "name": "",
        "description": "",
        "voltage": "154000",
        "cables": "6",
        "circuits": "2",
        "frequency": "60",
        "operator": "",
        "wires": ""
      }
    },
    {
      "type": "Feature",
      "geometry": {
        "type": "LineString",
        "coordinates": [
          [
            128.0566128,
            35.1950944
          ],
          [
            128.0574519,
            35.1959771
          ],
          [
            128.057311,
            35.1961418
          ],
          [
            128.0573813,
            35.1973917
          ],
          [
            128.0578071,
            35.1995468
          ],
          [
            128.0585305,
            35.2016444
          ],
          [
            128.0593283,
            35.2051674
          ],
          [
            128.0590802,
            35.2076263
          ],
          [
            128.0590306,
            35.2107268
          ],
          [
            128.0542355,
            35.2150397
          ],
          [
            128.0532269,
            35.2160258
          ],
          [
            128.0523257,
            35.2191598
          ],
          [
            128.0523588,
            35.2220066
          ],
          [
            128.0531029,
            35.2247486
          ],
          [
            128.0535741,
            35.228561
          ],
          [
            128.0539048,
            35.2301278
          ],
          [
            128.0561942,
            35.233035
          ],
          [
            128.0572865,
            35.2348753
          ],
          [
            128.0583708,
            35.2367315
          ],
          [
            128.0593615,
            35.2384274
          ],
          [
            128.0606917,
            35.2407072
          ],
          [
            128.0625621,
            35.2434095
          ],
          [
            128.0639776,
            35.2460791
          ],
          [
            128.0671669,
            35.247393
          ],
          [
            128.0698331,
            35.2487812
          ],
          [
            128.0733066,
            35.251952
          ],
          [
            128.0743754,
            35.2527737
          ],
          [
            128.077559,
            35.2550345
          ],
          [
            128.0804867,
            35.2572025
          ],
          [
            128.0841819,
            35.260113
          ],
          [
            128.0870642,
            35.2638265
          ],
          [
            128.0891164,
            35.2654929
          ],
          [
            128.0899237,
            35.2695218
          ],
          [
            128.0902307,
            35.2710627
          ],
          [
            128.0906173,
            35.2740006
          ],
          [
            128.0904751,
            35.2751377
          ],
          [
            128.0907992,
            35.2788505
          ],
          [
            128.0901852,
            35.2826931
          ],
          [
            128.0898043,
            35.2858162
          ],
          [
            128.0887185,
            35.2902803
          ],
          [
            128.0866378,
            35.2930783
          ],
          [
            128.0859215,
            35.2963959
          ],
          [
            128.0872404,
            35.2977925
          ],
          [
            128.0870952,
            35.301224
          ],
          [
            128.0892292,
            35.3041
          ],
          [
            128.092376,
            35.3072245
          ],
          [
            128.0929937,
            35.3099711
          ],
          [
            128.0941547,
            35.3116714
          ],
          [
            128.0959737,
            35.3131348
          ],
          [
            128.0988733,
            35.31544
          ],
          [
            128.0999596,
            35.3178037
          ],
          [
            128.1014771,
            35.320862
          ],
          [
            128.1026022,
            35.3220371
          ],
          [
            128.1058114,
            35.3230519
          ],
          [
            128.1117515,
            35.3278736
          ],
          [
            128.1145047,
            35.3308098
          ],
          [
            128.1170412,
            35.332383
          ],
          [
            128.11954,
            35.334214
          ],
          [
            128.1220941,
            35.3357339
          ],
          [
            128.1251994,
            35.3383541
          ],
          [
            128.1273685,
            35.340203
          ]
        ]
      },
      "properties": {
        "osm_type": "way",
        "osm_id": 310395578,
        "sido": "경상남도",
        "power_type": "line",
        "name": "",
        "description": "",
        "voltage": "154000",
        "cables": "",
        "circuits": "",
        "frequency": "60",
        "operator": "",
        "wires": ""
      }
    },
    {
      "type": "Feature",
      "geometry": {
        "type": "LineString",
        "coordinates": [
          [
            128.7840818,
            35.2036315
          ],
          [
            128.7837598,
            35.2054622
          ],
          [
            128.7830084,
            35.2082044
          ],
          [
            128.7819206,
            35.2103935
          ],
          [
            128.7810977,
            35.2120318
          ],
          [
            128.7801178,
            35.2142389
          ],
          [
            128.7791875,
            35.2160407
          ],
          [
            128.7785356,
            35.2175011
          ],
          [
            128.7781964,
            35.2180922
          ]
        ]
      },
      "properties": {
        "osm_type": "way",
        "osm_id": 310395594,
        "sido": "경상남도",
        "power_type": "line",
        "name": "",
        "description": "",
        "voltage": "154000",
        "cables": "6",
        "circuits": "2",
        "frequency": "60",
        "operator": "",
        "wires": ""
      }
    },
    {
      "type": "Feature",
      "geometry": {
        "type": "LineString",
        "coordinates": [
          [
            129.1764356,
            35.4063895
          ],
          [
            129.1761235,
            35.4066102
          ]
        ]
      },
      "properties": {
        "osm_type": "way",
        "osm_id": 310574447,
        "sido": "경상남도",
        "power_type": "line",
        "name": "",
        "description": "",
        "voltage": "345000",
        "cables": "3",
        "circuits": "1",
        "frequency": "60",
        "operator": "",
        "wires": ""
      }
    },
    {
      "type": "Feature",
      "geometry": {
        "type": "LineString",
        "coordinates": [
          [
            129.1764356,
            35.4063895
          ],
          [
            129.1760649,
            35.4065087
          ]
        ]
      },
      "properties": {
        "osm_type": "way",
        "osm_id": 310574453,
        "sido": "경상남도",
        "power_type": "line",
        "name": "",
        "description": "",
        "voltage": "345000",
        "cables": "3",
        "circuits": "1",
        "frequency": "60",
        "operator": "",
        "wires": ""
      }
    },
    {
      "type": "Feature",
      "geometry": {
        "type": "LineString",
        "coordinates": [
          [
            128.5393577,
            35.573244
          ],
          [
            128.5375189,
            35.5714039
          ],
          [
            128.5359409,
            35.5673073
          ],
          [
            128.5347863,
            35.5640808
          ],
          [
            128.5322495,
            35.564075
          ],
          [
            128.5292344,
            35.5642331
          ],
          [
            128.5256984,
            35.5641131
          ],
          [
            128.5232549,
            35.5641004
          ],
          [
            128.5185561,
            35.5644677
          ],
          [
            128.5140541,
            35.5632859
          ],
          [
            128.5098564,
            35.563165
          ],
          [
            128.5061015,
            35.5631044
          ],
          [
            128.5045666,
            35.5631312
          ],
          [
            128.5026109,
            35.5650932
          ],
          [
            128.5010712,
            35.5656884
          ]
        ]
      },
      "properties": {
        "osm_type": "way",
        "osm_id": 312375474,
        "sido": "경상남도",
        "power_type": "line",
        "name": "",
        "description": "",
        "voltage": "154000",
        "cables": "12",
        "circuits": "4",
        "frequency": "60",
        "operator": "",
        "wires": ""
      }
    },
    {
      "type": "Feature",
      "geometry": {
        "type": "LineString",
        "coordinates": [
          [
            128.542577,
            35.3576235
          ],
          [
            128.5398128,
            35.3575686
          ],
          [
            128.5307326,
            35.357279
          ],
          [
            128.527555,
            35.3575595
          ],
          [
            128.523488,
            35.3570967
          ],
          [
            128.520296,
            35.357953
          ],
          [
            128.5173956,
            35.358753
          ],
          [
            128.5141081,
            35.3595616
          ],
          [
            128.5115947,
            35.3602189
          ],
          [
            128.5088959,
            35.3598441
          ],
          [
            128.5055704,
            35.3589421
          ],
          [
            128.5028187,
            35.3584126
          ],
          [
            128.4993138,
            35.3574612
          ],
          [
            128.4969542,
            35.3569596
          ],
          [
            128.4938099,
            35.3562936
          ],
          [
            128.4901874,
            35.356348
          ],
          [
            128.4890485,
            35.3574583
          ]
        ]
      },
      "properties": {
        "osm_type": "way",
        "osm_id": 312375475,
        "sido": "경상남도",
        "power_type": "line",
        "name": "",
        "description": "",
        "voltage": "154000",
        "cables": "12",
        "circuits": "4",
        "frequency": "60",
        "operator": "",
        "wires": ""
      }
    },
    {
      "type": "Feature",
      "geometry": {
        "type": "LineString",
        "coordinates": [
          [
            128.5325134,
            35.4450979
          ],
          [
            128.5321449,
            35.4449553
          ]
        ]
      },
      "properties": {
        "osm_type": "way",
        "osm_id": 312375481,
        "sido": "경상남도",
        "power_type": "line",
        "name": "",
        "description": "",
        "voltage": "154000",
        "cables": "3",
        "circuits": "1",
        "frequency": "60",
        "operator": "",
        "wires": ""
      }
    },
    {
      "type": "Feature",
      "geometry": {
        "type": "LineString",
        "coordinates": [
          [
            128.5327066,
            35.4448128
          ],
          [
            128.5321833,
            35.4448275
          ]
        ]
      },
      "properties": {
        "osm_type": "way",
        "osm_id": 312375482,
        "sido": "경상남도",
        "power_type": "line",
        "name": "",
        "description": "",
        "voltage": "154000",
        "cables": "3",
        "circuits": "1",
        "frequency": "60",
        "operator": "",
        "wires": ""
      }
    },
    {
      "type": "Feature",
      "geometry": {
        "type": "LineString",
        "coordinates": [
          [
            128.5325134,
            35.4450979
          ],
          [
            128.5321143,
            35.4450573
          ]
        ]
      },
      "properties": {
        "osm_type": "way",
        "osm_id": 312375484,
        "sido": "경상남도",
        "power_type": "line",
        "name": "",
        "description": "",
        "voltage": "154000",
        "cables": "3",
        "circuits": "1",
        "frequency": "60",
        "operator": "",
        "wires": ""
      }
    },
    {
      "type": "Feature",
      "geometry": {
        "type": "LineString",
        "coordinates": [
          [
            128.5327066,
            35.4448128
          ],
          [
            128.5322141,
            35.4447251
          ]
        ]
      },
      "properties": {
        "osm_type": "way",
        "osm_id": 312375492,
        "sido": "경상남도",
        "power_type": "line",
        "name": "",
        "description": "",
        "voltage": "154000",
        "cables": "3",
        "circuits": "1",
        "frequency": "60",
        "operator": "",
        "wires": ""
      }
    },
    {
      "type": "Feature",
      "geometry": {
        "type": "LineString",
        "coordinates": [
          [
            128.5242272,
            35.2864743
          ],
          [
            128.5235488,
            35.2862193
          ],
          [
            128.5222725,
            35.2864187
          ],
          [
            128.5208527,
            35.2896108
          ],
          [
            128.5202799,
            35.2908473
          ],
          [
            128.5195812,
            35.2924204
          ],
          [
            128.5193234,
            35.2936966
          ],
          [
            128.5199048,
            35.2964008
          ],
          [
            128.5205004,
            35.2983898
          ],
          [
            128.5230978,
            35.3004302
          ],
          [
            128.5264369,
            35.3026177
          ],
          [
            128.5278429,
            35.3036624
          ],
          [
            128.5303343,
            35.3056162
          ],
          [
            128.5317089,
            35.3083271
          ],
          [
            128.5324191,
            35.309395
          ],
          [
            128.5337908,
            35.311351
          ],
          [
            128.5355233,
            35.3136177
          ],
          [
            128.537107,
            35.3159451
          ],
          [
            128.5382152,
            35.3184547
          ],
          [
            128.539481,
            35.3214151
          ],
          [
            128.5405606,
            35.3237633
          ],
          [
            128.5420583,
            35.3273077
          ],
          [
            128.5431923,
            35.3300552
          ],
          [
            128.5428684,
            35.3318949
          ],
          [
            128.5425034,
            35.3339605
          ],
          [
            128.5420765,
            35.3361748
          ],
          [
            128.5415907,
            35.3389823
          ],
          [
            128.5409842,
            35.342342
          ],
          [
            128.5403248,
            35.3458265
          ],
          [
            128.5399185,
            35.3482854
          ],
          [
            128.5405103,
            35.3501896
          ],
          [
            128.5411314,
            35.3526965
          ],
          [
            128.5416761,
            35.3553833
          ],
          [
            128.542577,
            35.3576235
          ]
        ]
      },
      "properties": {
        "osm_type": "way",
        "osm_id": 312375496,
        "sido": "경상남도",
        "power_type": "line",
        "name": "",
        "description": "",
        "voltage": "154000",
        "cables": "6",
        "circuits": "2",
        "frequency": "60",
        "operator": "",
        "wires": ""
      }
    },
    {
      "type": "Feature",
      "geometry": {
        "type": "LineString",
        "coordinates": [
          [
            128.542577,
            35.3576235
          ],
          [
            128.5431916,
            35.3595451
          ],
          [
            128.5448431,
            35.3628101
          ],
          [
            128.5462419,
            35.363881
          ],
          [
            128.5497031,
            35.3645865
          ],
          [
            128.5528008,
            35.3653094
          ],
          [
            128.5550502,
            35.3659419
          ],
          [
            128.5564702,
            35.3676669
          ],
          [
            128.5561802,
            35.3701959
          ],
          [
            128.555966,
            35.3737508
          ],
          [
            128.5563576,
            35.3762126
          ],
          [
            128.5544913,
            35.3838831
          ],
          [
            128.5540697,
            35.3866267
          ],
          [
            128.5532948,
            35.3884655
          ],
          [
            128.5521685,
            35.3910886
          ],
          [
            128.5510755,
            35.3938052
          ],
          [
            128.5503665,
            35.3954648
          ],
          [
            128.55074,
            35.3967889
          ],
          [
            128.5515332,
            35.3995985
          ],
          [
            128.5523372,
            35.4025379
          ],
          [
            128.5519117,
            35.4067952
          ],
          [
            128.5516682,
            35.4088491
          ],
          [
            128.5514773,
            35.4101436
          ],
          [
            128.551112,
            35.4135977
          ],
          [
            128.5508882,
            35.4157541
          ],
          [
            128.550525,
            35.4188277
          ],
          [
            128.5501271,
            35.4221155
          ],
          [
            128.5499177,
            35.4242911
          ],
          [
            128.5496001,
            35.4270098
          ],
          [
            128.5492876,
            35.430097
          ],
          [
            128.5473849,
            35.4326809
          ],
          [
            128.5456452,
            35.4350234
          ],
          [
            128.5438856,
            35.4375045
          ],
          [
            128.5427184,
            35.4391029
          ],
          [
            128.5416745,
            35.4404942
          ],
          [
            128.5393819,
            35.4434356
          ],
          [
            128.536697,
            35.4446942
          ],
          [
            128.5327066,
            35.4448128
          ]
        ]
      },
      "properties": {
        "osm_type": "way",
        "osm_id": 312375498,
        "sido": "경상남도",
        "power_type": "line",
        "name": "",
        "description": "",
        "voltage": "154000",
        "cables": "6",
        "circuits": "2",
        "frequency": "60",
        "operator": "",
        "wires": ""
      }
    },
    {
      "type": "Feature",
      "geometry": {
        "type": "LineString",
        "coordinates": [
          [
            128.5393577,
            35.573244
          ],
          [
            128.5374877,
            35.5754993
          ],
          [
            128.5355428,
            35.5776495
          ],
          [
            128.5336694,
            35.5798694
          ],
          [
            128.5326174,
            35.5811908
          ],
          [
            128.5306612,
            35.5834613
          ],
          [
            128.530302,
            35.5858881
          ],
          [
            128.5299785,
            35.5881917
          ],
          [
            128.5295783,
            35.5915774
          ],
          [
            128.5293889,
            35.5929293
          ],
          [
            128.5291239,
            35.5953707
          ],
          [
            128.5288964,
            35.5971404
          ],
          [
            128.5285872,
            35.5998804
          ],
          [
            128.5263531,
            35.6037737
          ],
          [
            128.5248617,
            35.6061989
          ],
          [
            128.5232963,
            35.60841
          ],
          [
            128.521281,
            35.6116
          ],
          [
            128.5191889,
            35.6150988
          ],
          [
            128.5160849,
            35.6198504
          ],
          [
            128.514819,
            35.62159
          ],
          [
            128.5128357,
            35.623538
          ],
          [
            128.5108627,
            35.6252141
          ],
          [
            128.5082089,
            35.6278154
          ],
          [
            128.5071402,
            35.6288362
          ],
          [
            128.5044049,
            35.6312459
          ],
          [
            128.5024387,
            35.6329154
          ],
          [
            128.4996976,
            35.6352959
          ],
          [
            128.4983185,
            35.6363196
          ],
          [
            128.4963588,
            35.6377006
          ],
          [
            128.4937116,
            35.6399596
          ],
          [
            128.4905932,
            35.6428678
          ],
          [
            128.4892648,
            35.6440626
          ],
          [
            128.4877341,
            35.6462192
          ],
          [
            128.4857868,
            35.6494772
          ],
          [
            128.484549,
            35.6513245
          ],
          [
            128.4829036,
            35.6536796
          ],
          [
            128.4814756,
            35.6564075
          ],
          [
            128.480754,
            35.657661
          ],
          [
            128.4807336,
            35.6626311
          ],
          [
            128.4798174,
            35.6626741
          ],
          [
            128.4762454,
            35.6604618
          ]
        ]
      },
      "properties": {
        "osm_type": "way",
        "osm_id": 312375506,
        "sido": "경상남도",
        "power_type": "line",
        "name": "",
        "description": "",
        "voltage": "154000",
        "cables": "6",
        "circuits": "2",
        "frequency": "60",
        "operator": "",
        "wires": ""
      }
    },
    {
      "type": "Feature",
      "geometry": {
        "type": "LineString",
        "coordinates": [
          [
            128.5261113,
            35.2865275
          ],
          [
            128.5280525,
            35.2855102
          ],
          [
            128.5306819,
            35.2853258
          ],
          [
            128.5327807,
            35.2853146
          ],
          [
            128.5361975,
            35.2854571
          ],
          [
            128.5385564,
            35.2862564
          ],
          [
            128.5422609,
            35.2878018
          ],
          [
            128.5441337,
            35.2882238
          ],
          [
            128.5479271,
            35.2885927
          ],
          [
            128.5498923,
            35.288875
          ],
          [
            128.5521143,
            35.2888275
          ],
          [
            128.5560481,
            35.2892634
          ],
          [
            128.5588624,
            35.2887772
          ],
          [
            128.5602011,
            35.2883943
          ],
          [
            128.5641931,
            35.287282
          ],
          [
            128.5668842,
            35.2864045
          ],
          [
            128.5700169,
            35.2855326
          ],
          [
            128.5735227,
            35.2846355
          ],
          [
            128.5759878,
            35.2857002
          ],
          [
            128.5793972,
            35.2866401
          ],
          [
            128.5811604,
            35.2874813
          ],
          [
            128.5833966,
            35.2870527
          ],
          [
            128.5849509,
            35.2866021
          ],
          [
            128.5879431,
            35.2864678
          ],
          [
            128.5917149,
            35.2863294
          ],
          [
            128.5952834,
            35.2864678
          ],
          [
            128.5990552,
            35.2865389
          ],
          [
            128.6008612,
            35.2867602
          ],
          [
            128.6043182,
            35.2858552
          ],
          [
            128.6082256,
            35.2851516
          ],
          [
            128.6121233,
            35.2848275
          ],
          [
            128.6151398,
            35.2839541
          ],
          [
            128.6187663,
            35.2829027
          ],
          [
            128.6217876,
            35.2814205
          ],
          [
            128.6254239,
            35.2798474
          ],
          [
            128.6271766,
            35.279049
          ],
          [
            128.62845,
            35.278468
          ],
          [
            128.6320185,
            35.2766181
          ],
          [
            128.635397,
            35.2749683
          ],
          [
            128.6358247,
            35.2736772
          ],
          [
            128.6347377,
            35.2713829
          ],
          [
            128.6338053,
            35.2694089
          ],
          [
            128.6330708,
            35.2677854
          ],
          [
            128.6325665,
            35.2667589
          ],
          [
            128.6317142,
            35.2642867
          ],
          [
            128.6315011,
            35.2635184
          ]
        ]
      },
      "properties": {
        "osm_type": "way",
        "osm_id": 312375507,
        "sido": "경상남도",
        "power_type": "line",
        "name": "",
        "description": "",
        "voltage": "154000",
        "cables": "",
        "circuits": "",
        "frequency": "60",
        "operator": "",
        "wires": ""
      }
    },
    {
      "type": "Feature",
      "geometry": {
        "type": "LineString",
        "coordinates": [
          [
            128.5493111,
            35.4486604
          ],
          [
            128.5550597,
            35.450395
          ],
          [
            128.5615748,
            35.4535094
          ],
          [
            128.5659718,
            35.4556533
          ],
          [
            128.5678235,
            35.4568642
          ],
          [
            128.570936,
            35.4588786
          ],
          [
            128.5730785,
            35.4597393
          ],
          [
            128.5740517,
            35.4605515
          ],
          [
            128.5776727,
            35.4637146
          ],
          [
            128.5785537,
            35.4673797
          ],
          [
            128.5791718,
            35.4707883
          ],
          [
            128.5801473,
            35.4738597
          ],
          [
            128.5811853,
            35.4778613
          ],
          [
            128.582792,
            35.482313
          ],
          [
            128.5836527,
            35.484475
          ],
          [
            128.5851289,
            35.4885652
          ],
          [
            128.5860365,
            35.4909564
          ],
          [
            128.5888586,
            35.4943456
          ],
          [
            128.5912372,
            35.497259
          ],
          [
            128.5917588,
            35.4992974
          ],
          [
            128.5925726,
            35.5025079
          ],
          [
            128.5941427,
            35.5065887
          ],
          [
            128.5936054,
            35.5100409
          ],
          [
            128.5929821,
            35.5145283
          ],
          [
            128.5925112,
            35.5178545
          ],
          [
            128.592149,
            35.5198077
          ],
          [
            128.5918816,
            35.5216022
          ],
          [
            128.5913833,
            35.5232751
          ],
          [
            128.5902388,
            35.5272246
          ],
          [
            128.5889222,
            35.5291953
          ],
          [
            128.5879937,
            35.5306654
          ],
          [
            128.5860939,
            35.5335782
          ],
          [
            128.5842004,
            35.5355011
          ],
          [
            128.580309,
            35.5392577
          ],
          [
            128.5758803,
            35.543447
          ],
          [
            128.5739451,
            35.5449411
          ],
          [
            128.5701841,
            35.5480139
          ],
          [
            128.5671117,
            35.5503694
          ],
          [
            128.5651086,
            35.5515619
          ],
          [
            128.5617337,
            35.5561241
          ],
          [
            128.5588751,
            35.5585387
          ],
          [
            128.5550202,
            35.5622305
          ],
          [
            128.552506,
            35.5643777
          ],
          [
            128.5501065,
            35.5665332
          ],
          [
            128.5485676,
            35.5673904
          ],
          [
            128.5461055,
            35.5687906
          ],
          [
            128.5432887,
            35.5703944
          ],
          [
            128.5404928,
            35.5719558
          ],
          [
            128.5393577,
            35.573244
          ]
        ]
      },
      "properties": {
        "osm_type": "way",
        "osm_id": 312375510,
        "sido": "경상남도",
        "power_type": "line",
        "name": "",
        "description": "",
        "voltage": "154000",
        "cables": "6",
        "circuits": "2",
        "frequency": "60",
        "operator": "",
        "wires": ""
      }
    },
    {
      "type": "Feature",
      "geometry": {
        "type": "LineString",
        "coordinates": [
          [
            129.0371472,
            35.3612378
          ],
          [
            129.0393542,
            35.3599189
          ],
          [
            129.0406402,
            35.3592366
          ],
          [
            129.0426726,
            35.3581582
          ],
          [
            129.0462687,
            35.3560286
          ],
          [
            129.0478017,
            35.3540721
          ],
          [
            129.0495906,
            35.3512293
          ],
          [
            129.0515121,
            35.3496136
          ],
          [
            129.0527728,
            35.3480969
          ],
          [
            129.0540883,
            35.3457348
          ],
          [
            129.0544211,
            35.345929
          ],
          [
            129.0567539,
            35.3474296
          ],
          [
            129.0590858,
            35.3488763
          ],
          [
            129.063502,
            35.3516711
          ],
          [
            129.0663811,
            35.3545378
          ],
          [
            129.0677161,
            35.3557225
          ],
          [
            129.0677361,
            35.3567779
          ],
          [
            129.0740527,
            35.3573932
          ],
          [
            129.0761953,
            35.3588404
          ],
          [
            129.0769095,
            35.3605914
          ],
          [
            129.0766948,
            35.362889
          ],
          [
            129.0765646,
            35.3643879
          ],
          [
            129.0763849,
            35.3667173
          ],
          [
            129.0788016,
            35.3691478
          ],
          [
            129.0801691,
            35.3721385
          ],
          [
            129.0813105,
            35.3746117
          ],
          [
            129.0825747,
            35.3771889
          ],
          [
            129.0837454,
            35.3799695
          ],
          [
            129.082978,
            35.3827339
          ],
          [
            129.0825031,
            35.384572
          ],
          [
            129.0812758,
            35.3892935
          ],
          [
            129.0805092,
            35.3921377
          ],
          [
            129.0802751,
            35.3940628
          ],
          [
            129.0813688,
            35.3963805
          ],
          [
            129.0825183,
            35.3986286
          ],
          [
            129.0842825,
            35.4010613
          ],
          [
            129.0843929,
            35.4024791
          ],
          [
            129.0853897,
            35.4045294
          ],
          [
            129.0865035,
            35.4067977
          ],
          [
            129.0872963,
            35.4083953
          ],
          [
            129.0866474,
            35.4115087
          ],
          [
            129.0858111,
            35.4154124
          ],
          [
            129.0854532,
            35.4170344
          ],
          [
            129.0850418,
            35.4188663
          ],
          [
            129.0860152,
            35.4211587
          ],
          [
            129.0879243,
            35.4257217
          ],
          [
            129.0896938,
            35.4266402
          ],
          [
            129.0936087,
            35.4285601
          ],
          [
            129.0952069,
            35.4314789
          ],
          [
            129.0946312,
            35.4340684
          ],
          [
            129.0941881,
            35.435909
          ],
          [
            129.0950022,
            35.4375341
          ],
          [
            129.0958833,
            35.4394353
          ],
          [
            129.0992488,
            35.4439941
          ],
          [
            129.100423,
            35.4454799
          ],
          [
            129.1018645,
            35.4471064
          ],
          [
            129.1040927,
            35.450154
          ],
          [
            129.1062988,
            35.4538515
          ],
          [
            129.1078466,
            35.4565109
          ],
          [
            129.1091023,
            35.458804
          ],
          [
            129.1115614,
            35.4608672
          ],
          [
            129.1134935,
            35.4634104
          ],
          [
            129.1125571,
            35.4659628
          ],
          [
            129.1124687,
            35.4682061
          ],
          [
            129.1123332,
            35.469459
          ],
          [
            129.111979,
            35.4738686
          ],
          [
            129.1120991,
            35.4782178
          ],
          [
            129.1128818,
            35.4804027
          ],
          [
            129.1124522,
            35.4836489
          ],
          [
            129.1120583,
            35.4869576
          ],
          [
            129.1117755,
            35.4891691
          ],
          [
            129.1110518,
            35.4922555
          ],
          [
            129.1104972,
            35.4953115
          ],
          [
            129.1095605,
            35.4990997
          ],
          [
            129.1084007,
            35.5013572
          ],
          [
            129.10578,
            35.5033255
          ],
          [
            129.1049143,
            35.506059
          ],
          [
            129.1027219,
            35.5075917
          ]
        ]
      },
      "properties": {
        "osm_type": "way",
        "osm_id": 312424732,
        "sido": "경상남도",
        "power_type": "line",
        "name": "",
        "description": "",
        "voltage": "154000",
        "cables": "6",
        "circuits": "2",
        "frequency": "60",
        "operator": "",
        "wires": ""
      }
    },
    {
      "type": "Feature",
      "geometry": {
        "type": "LineString",
        "coordinates": [
          [
            129.0366618,
            35.3182493
          ],
          [
            129.0362305,
            35.3189059
          ],
          [
            129.0355141,
            35.3202737
          ],
          [
            129.0346281,
            35.3219459
          ],
          [
            129.0343632,
            35.3223824
          ]
        ]
      },
      "properties": {
        "osm_type": "way",
        "osm_id": 312424735,
        "sido": "경상남도",
        "power_type": "line",
        "name": "",
        "description": "",
        "voltage": "154000",
        "cables": "",
        "circuits": "",
        "frequency": "60",
        "operator": "",
        "wires": ""
      }
    },
    {
      "type": "Feature",
      "geometry": {
        "type": "LineString",
        "coordinates": [
          [
            129.0343632,
            35.3223824
          ],
          [
            129.0347762,
            35.3236789
          ],
          [
            129.0355966,
            35.3250948
          ],
          [
            129.0348135,
            35.3263702
          ],
          [
            129.0346101,
            35.3267123
          ],
          [
            129.0331212,
            35.3292159
          ],
          [
            129.0340617,
            35.3292829
          ]
        ]
      },
      "properties": {
        "osm_type": "way",
        "osm_id": 312424736,
        "sido": "경상남도",
        "power_type": "line",
        "name": "",
        "description": "",
        "voltage": "154000",
        "cables": "",
        "circuits": "",
        "frequency": "60",
        "operator": "",
        "wires": ""
      }
    },
    {
      "type": "Feature",
      "geometry": {
        "type": "LineString",
        "coordinates": [
          [
            128.8768863,
            35.4139551
          ],
          [
            128.8772521,
            35.4133534
          ]
        ]
      },
      "properties": {
        "osm_type": "way",
        "osm_id": 313355051,
        "sido": "경상남도",
        "power_type": "line",
        "name": "",
        "description": "",
        "voltage": "154000",
        "cables": "",
        "circuits": "",
        "frequency": "60",
        "operator": "",
        "wires": ""
      }
    },
    {
      "type": "Feature",
      "geometry": {
        "type": "LineString",
        "coordinates": [
          [
            128.8773943,
            35.4139881
          ],
          [
            128.8777142,
            35.4134583
          ]
        ]
      },
      "properties": {
        "osm_type": "way",
        "osm_id": 313355053,
        "sido": "경상남도",
        "power_type": "line",
        "name": "",
        "description": "",
        "voltage": "154000",
        "cables": "",
        "circuits": "",
        "frequency": "60",
        "operator": "",
        "wires": ""
      }
    },
    {
      "type": "Feature",
      "geometry": {
        "type": "LineString",
        "coordinates": [
          [
            128.8773943,
            35.4139881
          ],
          [
            128.8775616,
            35.4134212
          ]
        ]
      },
      "properties": {
        "osm_type": "way",
        "osm_id": 313355069,
        "sido": "경상남도",
        "power_type": "line",
        "name": "",
        "description": "",
        "voltage": "154000",
        "cables": "",
        "circuits": "",
        "frequency": "60",
        "operator": "",
        "wires": ""
      }
    },
    {
      "type": "Feature",
      "geometry": {
        "type": "LineString",
        "coordinates": [
          [
            128.6638488,
            35.6302541
          ],
          [
            128.662509,
            35.6289567
          ],
          [
            128.6612992,
            35.6270825
          ],
          [
            128.6606112,
            35.6247729
          ],
          [
            128.6600439,
            35.6230618
          ],
          [
            128.6590827,
            35.6197064
          ],
          [
            128.6582405,
            35.6148486
          ],
          [
            128.6561136,
            35.6098411
          ],
          [
            128.6554026,
            35.6074916
          ],
          [
            128.6540937,
            35.6031392
          ],
          [
            128.6532319,
            35.6002765
          ],
          [
            128.6529765,
            35.5994283
          ],
          [
            128.6518478,
            35.5956789
          ],
          [
            128.6526482,
            35.590423
          ],
          [
            128.6535932,
            35.5843988
          ],
          [
            128.6542288,
            35.5804752
          ],
          [
            128.6548148,
            35.57683
          ],
          [
            128.655277,
            35.5738862
          ],
          [
            128.6563914,
            35.5666139
          ],
          [
            128.6568087,
            35.5641404
          ],
          [
            128.6569721,
            35.5630817
          ],
          [
            128.6570275,
            35.5609639
          ],
          [
            128.6579385,
            35.555775
          ],
          [
            128.6585455,
            35.5526635
          ],
          [
            128.6591191,
            35.5491783
          ],
          [
            128.6597578,
            35.5454393
          ],
          [
            128.6610855,
            35.5418215
          ],
          [
            128.6642495,
            35.5331261
          ],
          [
            128.6692568,
            35.5199046
          ],
          [
            128.6693574,
            35.5171139
          ],
          [
            128.669629,
            35.5099406
          ],
          [
            128.6697943,
            35.5065582
          ],
          [
            128.6698666,
            35.504438
          ],
          [
            128.6700367,
            35.5003987
          ],
          [
            128.6718811,
            35.49743
          ],
          [
            128.6745586,
            35.4932515
          ],
          [
            128.6751604,
            35.4884863
          ],
          [
            128.676443,
            35.4801295
          ],
          [
            128.6770623,
            35.479973
          ],
          [
            128.6827804,
            35.4786812
          ],
          [
            128.6869208,
            35.4774196
          ],
          [
            128.6902154,
            35.4754395
          ],
          [
            128.6925921,
            35.4740938
          ],
          [
            128.6955107,
            35.4736497
          ],
          [
            128.6986294,
            35.4746962
          ],
          [
            128.7028235,
            35.4756943
          ],
          [
            128.7046826,
            35.4770288
          ],
          [
            128.7061182,
            35.4782707
          ],
          [
            128.7091891,
            35.4790641
          ],
          [
            128.7142774,
            35.4794791
          ],
          [
            128.7190173,
            35.4799387
          ],
          [
            128.7207972,
            35.4798687
          ],
          [
            128.7239438,
            35.4797425
          ],
          [
            128.7277652,
            35.4794117
          ],
          [
            128.7303954,
            35.4802471
          ],
          [
            128.7333321,
            35.4815731
          ],
          [
            128.736403,
            35.4825936
          ],
          [
            128.7385818,
            35.4844349
          ],
          [
            128.7408609,
            35.4853656
          ],
          [
            128.7454672,
            35.4856263
          ]
        ]
      },
      "properties": {
        "osm_type": "way",
        "osm_id": 313355108,
        "sido": "경상남도",
        "power_type": "line",
        "name": "",
        "description": "",
        "voltage": "154000",
        "cables": "6",
        "circuits": "2",
        "frequency": "60",
        "operator": "",
        "wires": ""
      }
    },
    {
      "type": "Feature",
      "geometry": {
        "type": "LineString",
        "coordinates": [
          [
            127.7775457,
            35.0778531
          ],
          [
            127.7774701,
            35.0774085
          ]
        ]
      },
      "properties": {
        "osm_type": "way",
        "osm_id": 313388413,
        "sido": "경상남도",
        "power_type": "line",
        "name": "",
        "description": "",
        "voltage": "154000",
        "cables": "6",
        "circuits": "2",
        "frequency": "60",
        "operator": "",
        "wires": ""
      }
    },
    {
      "type": "Feature",
      "geometry": {
        "type": "LineString",
        "coordinates": [
          [
            127.7778865,
            35.0774609
          ],
          [
            127.777968,
            35.076943
          ]
        ]
      },
      "properties": {
        "osm_type": "way",
        "osm_id": 313388427,
        "sido": "경상남도",
        "power_type": "line",
        "name": "",
        "description": "",
        "voltage": "154000",
        "cables": "3",
        "circuits": "1",
        "frequency": "60",
        "operator": "",
        "wires": ""
      }
    },
    {
      "type": "Feature",
      "geometry": {
        "type": "LineString",
        "coordinates": [
          [
            127.7775457,
            35.0778531
          ],
          [
            127.7776114,
            35.0774568
          ]
        ]
      },
      "properties": {
        "osm_type": "way",
        "osm_id": 313388437,
        "sido": "경상남도",
        "power_type": "line",
        "name": "",
        "description": "",
        "voltage": "154000",
        "cables": "6",
        "circuits": "2",
        "frequency": "60",
        "operator": "",
        "wires": ""
      }
    },
    {
      "type": "Feature",
      "geometry": {
        "type": "LineString",
        "coordinates": [
          [
            127.7778865,
            35.0774609
          ],
          [
            127.7778348,
            35.0769239
          ]
        ]
      },
      "properties": {
        "osm_type": "way",
        "osm_id": 313388445,
        "sido": "경상남도",
        "power_type": "line",
        "name": "",
        "description": "",
        "voltage": "154000",
        "cables": "3",
        "circuits": "1",
        "frequency": "60",
        "operator": "",
        "wires": ""
      }
    },
    {
      "type": "Feature",
      "geometry": {
        "type": "LineString",
        "coordinates": [
          [
            127.7774701,
            35.0774085
          ],
          [
            127.7772876,
            35.0768491
          ]
        ]
      },
      "properties": {
        "osm_type": "way",
        "osm_id": 313388454,
        "sido": "경상남도",
        "power_type": "line",
        "name": "",
        "description": "",
        "voltage": "154000",
        "cables": "3",
        "circuits": "1",
        "frequency": "60",
        "operator": "",
        "wires": ""
      }
    },
    {
      "type": "Feature",
      "geometry": {
        "type": "LineString",
        "coordinates": [
          [
            127.7776114,
            35.0774568
          ],
          [
            127.7775583,
            35.0768868
          ]
        ]
      },
      "properties": {
        "osm_type": "way",
        "osm_id": 313388465,
        "sido": "경상남도",
        "power_type": "line",
        "name": "",
        "description": "",
        "voltage": "154000",
        "cables": "3",
        "circuits": "1",
        "frequency": "60",
        "operator": "",
        "wires": ""
      }
    },
    {
      "type": "Feature",
      "geometry": {
        "type": "LineString",
        "coordinates": [
          [
            127.7774701,
            35.0774085
          ],
          [
            127.777432,
            35.0768685
          ]
        ]
      },
      "properties": {
        "osm_type": "way",
        "osm_id": 313388474,
        "sido": "경상남도",
        "power_type": "line",
        "name": "",
        "description": "",
        "voltage": "154000",
        "cables": "3",
        "circuits": "1",
        "frequency": "60",
        "operator": "",
        "wires": ""
      }
    },
    {
      "type": "Feature",
      "geometry": {
        "type": "LineString",
        "coordinates": [
          [
            127.7776114,
            35.0774568
          ],
          [
            127.7777082,
            35.0769061
          ]
        ]
      },
      "properties": {
        "osm_type": "way",
        "osm_id": 313388484,
        "sido": "경상남도",
        "power_type": "line",
        "name": "",
        "description": "",
        "voltage": "154000",
        "cables": "3",
        "circuits": "1",
        "frequency": "60",
        "operator": "",
        "wires": ""
      }
    },
    {
      "type": "Feature",
      "geometry": {
        "type": "LineString",
        "coordinates": [
          [
            127.8898455,
            34.8524787
          ],
          [
            127.8866968,
            34.8528321
          ],
          [
            127.8842598,
            34.8565304
          ],
          [
            127.8815099,
            34.8593639
          ],
          [
            127.8798611,
            34.8609484
          ],
          [
            127.8759541,
            34.8637427
          ],
          [
            127.8702193,
            34.8658699
          ],
          [
            127.8687384,
            34.867477
          ],
          [
            127.8683725,
            34.8693207
          ],
          [
            127.8677009,
            34.8726408
          ],
          [
            127.8675464,
            34.874924
          ],
          [
            127.8675211,
            34.8762255
          ],
          [
            127.8676708,
            34.8797678
          ],
          [
            127.8675961,
            34.8826672
          ],
          [
            127.8675591,
            34.8841901
          ],
          [
            127.8694753,
            34.8863028
          ],
          [
            127.8711606,
            34.8881396
          ],
          [
            127.8733235,
            34.8904922
          ],
          [
            127.8760375,
            34.8925287
          ],
          [
            127.8785145,
            34.8943514
          ],
          [
            127.8809796,
            34.8962591
          ],
          [
            127.8834108,
            34.8981473
          ],
          [
            127.8844144,
            34.9012316
          ],
          [
            127.8844961,
            34.9040096
          ],
          [
            127.8845418,
            34.9071053
          ],
          [
            127.8843518,
            34.9099587
          ],
          [
            127.8842265,
            34.9133809
          ],
          [
            127.8840719,
            34.9164178
          ],
          [
            127.885808,
            34.9191464
          ],
          [
            127.88648,
            34.920234
          ],
          [
            127.8882391,
            34.9229764
          ],
          [
            127.8890081,
            34.9242144
          ],
          [
            127.8918835,
            34.9290085
          ],
          [
            127.8931278,
            34.9309742
          ],
          [
            127.893185,
            34.9329658
          ],
          [
            127.8917693,
            34.9372872
          ],
          [
            127.8893273,
            34.9407785
          ],
          [
            127.8886256,
            34.9438995
          ],
          [
            127.8871872,
            34.9530173
          ],
          [
            127.8865022,
            34.9566158
          ],
          [
            127.8833468,
            34.9600064
          ],
          [
            127.8817451,
            34.9618149
          ],
          [
            127.8810524,
            34.9648522
          ],
          [
            127.8806263,
            34.9672369
          ],
          [
            127.8790298,
            34.9691242
          ],
          [
            127.8770772,
            34.9714735
          ],
          [
            127.8743048,
            34.97289
          ],
          [
            127.872019,
            34.9739066
          ],
          [
            127.8700714,
            34.9748966
          ],
          [
            127.867705,
            34.9756137
          ],
          [
            127.8643482,
            34.9766551
          ],
          [
            127.8616748,
            34.9765562
          ],
          [
            127.8591753,
            34.9764824
          ],
          [
            127.8550399,
            34.9776079
          ],
          [
            127.8535033,
            34.9780151
          ],
          [
            127.8525136,
            34.9796712
          ],
          [
            127.8519168,
            34.9806072
          ],
          [
            127.8496792,
            34.9845842
          ],
          [
            127.8486346,
            34.9864645
          ],
          [
            127.8471225,
            34.9891724
          ],
          [
            127.845238,
            34.9918787
          ],
          [
            127.844657,
            34.993423
          ],
          [
            127.8432711,
            34.9958404
          ],
          [
            127.843185,
            34.9973792
          ],
          [
            127.8428577,
            35.0009371
          ],
          [
            127.8436221,
            35.0034273
          ],
          [
            127.8445412,
            35.0064374
          ],
          [
            127.8449433,
            35.0077757
          ],
          [
            127.845841,
            35.0107792
          ],
          [
            127.8465939,
            35.0132753
          ],
          [
            127.8464125,
            35.0152766
          ],
          [
            127.8462552,
            35.0171837
          ],
          [
            127.8460738,
            35.0191749
          ],
          [
            127.8406491,
            35.0281823
          ],
          [
            127.8386872,
            35.0328572
          ],
          [
            127.8272968,
            35.051442
          ],
          [
            127.8270574,
            35.0532582
          ],
          [
            127.8268585,
            35.053845
          ]
        ]
      },
      "properties": {
        "osm_type": "way",
        "osm_id": 313388504,
        "sido": "경상남도",
        "power_type": "line",
        "name": "",
        "description": "",
        "voltage": "154000",
        "cables": "6",
        "circuits": "2",
        "frequency": "60",
        "operator": "",
        "wires": ""
      }
    },
    {
      "type": "Feature",
      "geometry": {
        "type": "LineString",
        "coordinates": [
          [
            127.7739369,
            35.5304676
          ],
          [
            127.7729322,
            35.5313334
          ],
          [
            127.7725867,
            35.5336576
          ],
          [
            127.7721253,
            35.5377791
          ],
          [
            127.7718072,
            35.540803
          ],
          [
            127.7723696,
            35.5426488
          ],
          [
            127.7732272,
            35.543808
          ],
          [
            127.7732364,
            35.5454887
          ],
          [
            127.7753758,
            35.5453199
          ],
          [
            127.7776396,
            35.5446371
          ],
          [
            127.7825361,
            35.5446634
          ],
          [
            127.7849059,
            35.5451473
          ],
          [
            127.7882855,
            35.5470493
          ],
          [
            127.7902727,
            35.5484073
          ],
          [
            127.7922691,
            35.5497915
          ],
          [
            127.7955933,
            35.5520722
          ],
          [
            127.7981569,
            35.5538653
          ],
          [
            127.8002207,
            35.555276
          ],
          [
            127.8033744,
            35.5574459
          ],
          [
            127.8049581,
            35.558543
          ],
          [
            127.8079467,
            35.5603797
          ],
          [
            127.8117514,
            35.5629616
          ],
          [
            127.8136394,
            35.5638805
          ],
          [
            127.8175729,
            35.5663287
          ],
          [
            127.8203973,
            35.5681033
          ],
          [
            127.8235143,
            35.5699905
          ],
          [
            127.8251728,
            35.5716227
          ],
          [
            127.8265249,
            35.5741047
          ],
          [
            127.8280254,
            35.5768375
          ],
          [
            127.8295305,
            35.5796144
          ],
          [
            127.8304184,
            35.5812032
          ],
          [
            127.8326247,
            35.5847473
          ],
          [
            127.8347934,
            35.5882218
          ],
          [
            127.83584,
            35.5897621
          ],
          [
            127.8381739,
            35.5929018
          ],
          [
            127.8391223,
            35.5941792
          ],
          [
            127.8408913,
            35.5963611
          ],
          [
            127.8425867,
            35.5988793
          ],
          [
            127.8456572,
            35.6013952
          ],
          [
            127.847171,
            35.6020964
          ],
          [
            127.8478892,
            35.6051571
          ],
          [
            127.8489618,
            35.6064851
          ],
          [
            127.8506701,
            35.6086162
          ],
          [
            127.8515797,
            35.6097931
          ],
          [
            127.8557332,
            35.6119824
          ],
          [
            127.8589054,
            35.6135833
          ],
          [
            127.8595672,
            35.6157513
          ],
          [
            127.8602454,
            35.6183009
          ],
          [
            127.8636416,
            35.6204219
          ],
          [
            127.8647403,
            35.6222789
          ],
          [
            127.8647604,
            35.6251758
          ],
          [
            127.8669025,
            35.6294619
          ],
          [
            127.8689503,
            35.6322283
          ],
          [
            127.8703729,
            35.6340412
          ],
          [
            127.8721784,
            35.6364393
          ],
          [
            127.8744862,
            35.6394282
          ],
          [
            127.8759615,
            35.6414321
          ],
          [
            127.8778573,
            35.6438688
          ],
          [
            127.8810374,
            35.6451878
          ],
          [
            127.8847327,
            35.6466464
          ],
          [
            127.888723,
            35.648282
          ],
          [
            127.890971,
            35.6492039
          ],
          [
            127.893335,
            35.6501201
          ],
          [
            127.8952529,
            35.6508594
          ],
          [
            127.8995663,
            35.6520411
          ],
          [
            127.90297,
            35.6538934
          ],
          [
            127.9064264,
            35.6558713
          ],
          [
            127.9082249,
            35.6579377
          ],
          [
            127.9104132,
            35.6606861
          ],
          [
            127.9124049,
            35.661996
          ],
          [
            127.91342,
            35.6633116
          ],
          [
            127.9145692,
            35.6651249
          ],
          [
            127.913766,
            35.6655205
          ]
        ]
      },
      "properties": {
        "osm_type": "way",
        "osm_id": 313397130,
        "sido": "경상남도",
        "power_type": "line",
        "name": "",
        "description": "",
        "voltage": "154000",
        "cables": "6",
        "circuits": "2",
        "frequency": "60",
        "operator": "",
        "wires": ""
      }
    },
    {
      "type": "Feature",
      "geometry": {
        "type": "LineString",
        "coordinates": [
          [
            128.3816479,
            34.9630583
          ],
          [
            128.3814432,
            34.9617714
          ],
          [
            128.3820279,
            34.9584582
          ],
          [
            128.3831122,
            34.955977
          ],
          [
            128.385333,
            34.9541714
          ],
          [
            128.387979,
            34.9535711
          ],
          [
            128.3907313,
            34.9537744
          ],
          [
            128.3925977,
            34.9538132
          ],
          [
            128.3970923,
            34.9539051
          ],
          [
            128.4008428,
            34.9539777
          ],
          [
            128.403979,
            34.9544909
          ],
          [
            128.4082433,
            34.9542876
          ],
          [
            128.4125352,
            34.9521181
          ]
        ]
      },
      "properties": {
        "osm_type": "way",
        "osm_id": 313654628,
        "sido": "경상남도",
        "power_type": "line",
        "name": "",
        "description": "",
        "voltage": "154000",
        "cables": "",
        "circuits": "",
        "frequency": "60",
        "operator": "",
        "wires": ""
      }
    },
    {
      "type": "Feature",
      "geometry": {
        "type": "LineString",
        "coordinates": [
          [
            128.3741736,
            34.9607331
          ],
          [
            128.3710621,
            34.9607806
          ],
          [
            128.3662353,
            34.9588869
          ],
          [
            128.3632626,
            34.9586849
          ],
          [
            128.3595849,
            34.9584344
          ],
          [
            128.3563262,
            34.9597636
          ],
          [
            128.3545958,
            34.9604828
          ],
          [
            128.3502941,
            34.9622517
          ],
          [
            128.347659,
            34.96353
          ],
          [
            128.3468182,
            34.9639199
          ],
          [
            128.3460393,
            34.9637765
          ],
          [
            128.3439459,
            34.9634522
          ],
          [
            128.341472,
            34.9635419
          ],
          [
            128.3386619,
            34.9640429
          ],
          [
            128.3351617,
            34.9648469
          ],
          [
            128.3330912,
            34.9659377
          ],
          [
            128.333382,
            34.9673072
          ],
          [
            128.33409,
            34.9678467
          ],
          [
            128.3339922,
            34.968056
          ]
        ]
      },
      "properties": {
        "osm_type": "way",
        "osm_id": 313654629,
        "sido": "경상남도",
        "power_type": "line",
        "name": "",
        "description": "",
        "voltage": "154000",
        "cables": "",
        "circuits": "",
        "frequency": "60",
        "operator": "",
        "wires": ""
      }
    },
    {
      "type": "Feature",
      "geometry": {
        "type": "LineString",
        "coordinates": [
          [
            128.3741736,
            34.9607331
          ],
          [
            128.3784613,
            34.9621993
          ],
          [
            128.3816479,
            34.9630583
          ]
        ]
      },
      "properties": {
        "osm_type": "way",
        "osm_id": 313654630,
        "sido": "경상남도",
        "power_type": "line",
        "name": "",
        "description": "",
        "voltage": "154000",
        "cables": "",
        "circuits": "",
        "frequency": "60",
        "operator": "",
        "wires": ""
      }
    },
    {
      "type": "Feature",
      "geometry": {
        "type": "LineString",
        "coordinates": [
          [
            128.591594,
            34.8839653
          ],
          [
            128.5919233,
            34.8882123
          ],
          [
            128.5927281,
            34.893229
          ],
          [
            128.5937246,
            34.8964809
          ]
        ]
      },
      "properties": {
        "osm_type": "way",
        "osm_id": 313654631,
        "sido": "경상남도",
        "power_type": "line",
        "name": "",
        "description": "",
        "voltage": "154000",
        "cables": "6",
        "circuits": "2",
        "frequency": "60",
        "operator": "",
        "wires": ""
      }
    },
    {
      "type": "Feature",
      "geometry": {
        "type": "LineString",
        "coordinates": [
          [
            128.458271,
            35.1290044
          ],
          [
            128.454829,
            35.1275307
          ],
          [
            128.452202,
            35.1259091
          ],
          [
            128.4450472,
            35.1225177
          ],
          [
            128.441681,
            35.1227935
          ],
          [
            128.4378627,
            35.122926
          ],
          [
            128.431427,
            35.1226391
          ],
          [
            128.4249914,
            35.1219052
          ],
          [
            128.4211932,
            35.1208585
          ],
          [
            128.4174211,
            35.1196137
          ],
          [
            128.4099734,
            35.1188379
          ],
          [
            128.4071946,
            35.118522
          ],
          [
            128.4044171,
            35.1171446
          ],
          [
            128.4024632,
            35.116056
          ],
          [
            128.4005339,
            35.1150778
          ],
          [
            128.3947706,
            35.1120628
          ],
          [
            128.3926463,
            35.1114045
          ],
          [
            128.3889556,
            35.1101758
          ],
          [
            128.3858453,
            35.1092807
          ],
          [
            128.3822504,
            35.1066107
          ],
          [
            128.381713,
            35.1041479
          ],
          [
            128.3810472,
            35.1009022
          ],
          [
            128.3806713,
            35.0988761
          ],
          [
            128.3757484,
            35.0955701
          ],
          [
            128.3735329,
            35.0947625
          ],
          [
            128.3697132,
            35.094012
          ],
          [
            128.3673576,
            35.0920069
          ],
          [
            128.3648915,
            35.0899031
          ],
          [
            128.3611393,
            35.0867446
          ],
          [
            128.3589648,
            35.0847836
          ],
          [
            128.3548057,
            35.0813875
          ],
          [
            128.3526494,
            35.0795873
          ],
          [
            128.3511901,
            35.0783672
          ],
          [
            128.3497052,
            35.0759686
          ],
          [
            128.3453954,
            35.0711761
          ],
          [
            128.3439638,
            35.0698044
          ],
          [
            128.3423975,
            35.0682271
          ],
          [
            128.3386414,
            35.0643863
          ],
          [
            128.3372988,
            35.0625619
          ],
          [
            128.335188,
            35.0598171
          ],
          [
            128.3341047,
            35.0575148
          ],
          [
            128.3328116,
            35.0546706
          ],
          [
            128.3286161,
            35.0526611
          ],
          [
            128.3260904,
            35.0496657
          ],
          [
            128.3267981,
            35.0459665
          ],
          [
            128.3281228,
            35.0433488
          ],
          [
            128.3264904,
            35.0381725
          ],
          [
            128.3255456,
            35.0354563
          ],
          [
            128.3257574,
            35.0335596
          ],
          [
            128.3260822,
            35.0306512
          ],
          [
            128.3266253,
            35.0266873
          ],
          [
            128.3271916,
            35.0241273
          ],
          [
            128.3273888,
            35.0213255
          ],
          [
            128.3286311,
            35.0175223
          ],
          [
            128.3305784,
            35.0154672
          ],
          [
            128.3322151,
            35.0147283
          ],
          [
            128.335321,
            35.0134524
          ],
          [
            128.3376479,
            35.0124309
          ],
          [
            128.3398565,
            35.011583
          ],
          [
            128.3453138,
            35.0094429
          ],
          [
            128.3503073,
            35.0076197
          ],
          [
            128.3518607,
            35.0070525
          ],
          [
            128.3553215,
            35.0057563
          ],
          [
            128.3607493,
            35.0033577
          ],
          [
            128.3652946,
            35.0014678
          ],
          [
            128.368011,
            34.999174
          ],
          [
            128.3693963,
            34.9979504
          ],
          [
            128.3712746,
            34.9950144
          ],
          [
            128.3729261,
            34.9924095
          ],
          [
            128.3756474,
            34.9885282
          ],
          [
            128.3767763,
            34.9869773
          ],
          [
            128.3778757,
            34.9853536
          ],
          [
            128.379685,
            34.9828291
          ],
          [
            128.380247,
            34.9801511
          ],
          [
            128.381297,
            34.9778608
          ],
          [
            128.3812675,
            34.9729608
          ],
          [
            128.3831063,
            34.9703391
          ],
          [
            128.3818393,
            34.9668203
          ],
          [
            128.3816479,
            34.9630583
          ]
        ]
      },
      "properties": {
        "osm_type": "way",
        "osm_id": 313654633,
        "sido": "경상남도",
        "power_type": "line",
        "name": "",
        "description": "",
        "voltage": "154000",
        "cables": "",
        "circuits": "",
        "frequency": "60",
        "operator": "",
        "wires": ""
      }
    },
    {
      "type": "Feature",
      "geometry": {
        "type": "LineString",
        "coordinates": [
          [
            128.458271,
            35.1290044
          ],
          [
            128.4605361,
            35.1273116
          ],
          [
            128.4629299,
            35.1256709
          ],
          [
            128.4644745,
            35.1246592
          ],
          [
            128.4665704,
            35.1231997
          ],
          [
            128.4681378,
            35.1217451
          ],
          [
            128.46872,
            35.1222322
          ]
        ]
      },
      "properties": {
        "osm_type": "way",
        "osm_id": 313654643,
        "sido": "경상남도",
        "power_type": "line",
        "name": "",
        "description": "",
        "voltage": "154000",
        "cables": "",
        "circuits": "",
        "frequency": "60",
        "operator": "",
        "wires": ""
      }
    },
    {
      "type": "Feature",
      "geometry": {
        "type": "LineString",
        "coordinates": [
          [
            128.48923,
            35.0829031
          ],
          [
            128.4944569,
            35.0862363
          ]
        ]
      },
      "properties": {
        "osm_type": "way",
        "osm_id": 313773581,
        "sido": "경상남도",
        "power_type": "line",
        "name": "",
        "description": "",
        "voltage": "",
        "cables": "",
        "circuits": "",
        "frequency": "",
        "operator": "",
        "wires": ""
      }
    },
    {
      "type": "Feature",
      "geometry": {
        "type": "LineString",
        "coordinates": [
          [
            128.4913948,
            35.0794457
          ],
          [
            128.4896842,
            35.0795365
          ],
          [
            128.485127,
            35.0791733
          ],
          [
            128.4775501,
            35.0798043
          ]
        ]
      },
      "properties": {
        "osm_type": "way",
        "osm_id": 313773582,
        "sido": "경상남도",
        "power_type": "line",
        "name": "",
        "description": "",
        "voltage": "",
        "cables": "",
        "circuits": "",
        "frequency": "",
        "operator": "",
        "wires": ""
      }
    },
    {
      "type": "Feature",
      "geometry": {
        "type": "LineString",
        "coordinates": [
          [
            128.5089026,
            35.099677
          ],
          [
            128.5113706,
            35.0947889
          ]
        ]
      },
      "properties": {
        "osm_type": "way",
        "osm_id": 313773583,
        "sido": "경상남도",
        "power_type": "line",
        "name": "",
        "description": "",
        "voltage": "",
        "cables": "",
        "circuits": "",
        "frequency": "",
        "operator": "",
        "wires": ""
      }
    },
    {
      "type": "Feature",
      "geometry": {
        "type": "LineString",
        "coordinates": [
          [
            128.490463,
            35.2456364
          ],
          [
            128.487699,
            35.2454927
          ],
          [
            128.4878391,
            35.2447524
          ],
          [
            128.4910604,
            35.2416628
          ],
          [
            128.4934231,
            35.2393585
          ],
          [
            128.4948177,
            35.2370609
          ],
          [
            128.4945041,
            35.2343991
          ],
          [
            128.4935297,
            35.2327057
          ]
        ]
      },
      "properties": {
        "osm_type": "way",
        "osm_id": 336600866,
        "sido": "경상남도",
        "power_type": "line",
        "name": "",
        "description": "",
        "voltage": "154000",
        "cables": "",
        "circuits": "",
        "frequency": "60",
        "operator": "",
        "wires": ""
      }
    },
    {
      "type": "Feature",
      "geometry": {
        "type": "LineString",
        "coordinates": [
          [
            128.5543647,
            35.6123804
          ],
          [
            128.5583103,
            35.6071382
          ],
          [
            128.5587072,
            35.6028726
          ],
          [
            128.5620761,
            35.5984672
          ],
          [
            128.5651231,
            35.5966177
          ],
          [
            128.5724938,
            35.5923167
          ],
          [
            128.5763025,
            35.5900745
          ],
          [
            128.5797357,
            35.5883644
          ],
          [
            128.5853362,
            35.5859912
          ],
          [
            128.5904217,
            35.5828588
          ],
          [
            128.5961079,
            35.5793685
          ],
          [
            128.6001849,
            35.5794034
          ],
          [
            128.6033177,
            35.5794558
          ],
          [
            128.6093151,
            35.5795169
          ],
          [
            128.6175763,
            35.5796478
          ],
          [
            128.6244428,
            35.5817332
          ],
          [
            128.632071,
            35.5815325
          ],
          [
            128.6364806,
            35.5835481
          ],
          [
            128.6424136,
            35.5863053
          ],
          [
            128.6483145,
            35.5890798
          ],
          [
            128.6558783,
            35.5895074
          ],
          [
            128.6598694,
            35.5877013
          ],
          [
            128.6669075,
            35.5844643
          ],
          [
            128.6710489,
            35.5830071
          ],
          [
            128.6799002,
            35.5799619
          ],
          [
            128.686713,
            35.5776757
          ],
          [
            128.6919594,
            35.575817
          ],
          [
            128.6975598,
            35.5717243
          ],
          [
            128.7004995,
            35.5694728
          ],
          [
            128.7056923,
            35.5653885
          ],
          [
            128.7099731,
            35.5652488
          ],
          [
            128.7169683,
            35.563259
          ],
          [
            128.722955,
            35.55989
          ],
          [
            128.7288344,
            35.5586506
          ],
          [
            128.7352288,
            35.55941
          ],
          [
            128.744638,
            35.5595409
          ],
          [
            128.7491333,
            35.5598726
          ],
          [
            128.7596798,
            35.5608937
          ],
          [
            128.7654734,
            35.561173
          ],
          [
            128.772887,
            35.5615745
          ],
          [
            128.7771034,
            35.5609374
          ],
          [
            128.783927,
            35.55989
          ],
          [
            128.788476,
            35.5593576
          ],
          [
            128.7959647,
            35.5591045
          ],
          [
            128.8031745,
            35.5582928
          ],
          [
            128.8080561,
            35.5577691
          ],
          [
            128.8137317,
            35.556294
          ],
          [
            128.8193321,
            35.5535009
          ],
          [
            128.8243747,
            35.5503236
          ],
          [
            128.8267457,
            35.5453653
          ],
          [
            128.8284838,
            35.5415242
          ],
          [
            128.830651,
            35.5389314
          ],
          [
            128.8346422,
            35.534278
          ],
          [
            128.8384724,
            35.5296505
          ],
          [
            128.841176,
            35.5264199
          ],
          [
            128.8464224,
            35.5243068
          ],
          [
            128.8540184,
            35.5231629
          ],
          [
            128.8621402,
            35.5267692
          ],
          [
            128.8704014,
            35.5267604
          ],
          [
            128.8751972,
            35.5267342
          ],
          [
            128.8815594,
            35.5267692
          ],
          [
            128.8913762,
            35.526839
          ],
          [
            128.8959896,
            35.5213117
          ],
          [
            128.8994872,
            35.5179236
          ],
          [
            128.9054096,
            35.5141074
          ],
          [
            128.9089286,
            35.5118193
          ],
          [
            128.9151406,
            35.510649
          ],
          [
            128.9193463,
            35.5107364
          ],
          [
            128.9293456,
            35.5109634
          ],
          [
            128.9342916,
            35.5110507
          ],
          [
            128.9390337,
            35.5111992
          ],
          [
            128.9464742,
            35.5114001
          ],
          [
            128.9505672,
            35.5063608
          ],
          [
            128.9540112,
            35.5022209
          ],
          [
            128.9567041,
            35.4989804
          ],
          [
            128.9594614,
            35.4956437
          ],
          [
            128.9646006,
            35.4923331
          ],
          [
            128.9666712,
            35.4898522
          ],
          [
            128.9715528,
            35.4846107
          ],
          [
            128.9755546,
            35.4801726
          ],
          [
            128.9805382,
            35.4767171
          ],
          [
            128.9865517,
            35.4722393
          ],
          [
            128.9914226,
            35.4697927
          ],
          [
            128.9988255,
            35.4707189
          ],
          [
            129.006679,
            35.471715
          ],
          [
            129.0132451,
            35.4684821
          ],
          [
            129.0161419,
            35.4649868
          ],
          [
            129.0217423,
            35.4631343
          ],
          [
            129.0277505,
            35.4641829
          ],
          [
            129.0328306,
            35.4645848
          ],
          [
            129.0427011,
            35.4655679
          ],
          [
            129.0469605,
            35.4644887
          ],
          [
            129.0480655,
            35.4606437
          ],
          [
            129.0531027,
            35.4584765
          ],
          [
            129.0552002,
            35.4559727
          ],
          [
            129.056949,
            35.4528527
          ],
          [
            129.0590465,
            35.4491645
          ],
          [
            129.0596527,
            35.4432123
          ],
          [
            129.0600926,
            35.4387282
          ],
          [
            129.0667283,
            35.4359354
          ],
          [
            129.072023,
            35.4352667
          ],
          [
            129.0786374,
            35.4318924
          ],
          [
            129.0819901,
            35.4302838
          ],
          [
            129.0860107,
            35.42833
          ],
          [
            129.0876043,
            35.4230983
          ],
          [
            129.0882397,
            35.4207063
          ],
          [
            129.0869307,
            35.4155564
          ],
          [
            129.0858632,
            35.411473
          ],
          [
            129.0848815,
            35.4075118
          ],
          [
            129.0821671,
            35.4038915
          ],
          [
            129.0798122,
            35.4008089
          ],
          [
            129.0790589,
            35.3946229
          ],
          [
            129.0842783,
            35.3892405
          ],
          [
            129.0850239,
            35.3833731
          ],
          [
            129.0878443,
            35.379981
          ],
          [
            129.0927503,
            35.3750381
          ],
          [
            129.0961651,
            35.3715577
          ],
          [
            129.1022706,
            35.3687996
          ],
          [
            129.1097593,
            35.3674955
          ],
          [
            129.1170232,
            35.3661586
          ],
          [
            129.1205222,
            35.3644729
          ],
          [
            129.1245313,
            35.3624725
          ],
          [
            129.1282054,
            35.356894
          ],
          [
            129.129232,
            35.3518527
          ],
          [
            129.1324739,
            35.3457181
          ],
          [
            129.1359102,
            35.3438495
          ],
          [
            129.1427073,
            35.3401561
          ],
          [
            129.145094,
            35.3361283
          ],
          [
            129.1474231,
            35.3322009
          ],
          [
            129.1483522,
            35.3253348
          ],
          [
            129.148934,
            35.3208307
          ],
          [
            129.1495423,
            35.316296
          ],
          [
            129.153602,
            35.3145047
          ],
          [
            129.1613683,
            35.3110379
          ],
          [
            129.166361,
            35.310243
          ],
          [
            129.1759125,
            35.3088207
          ],
          [
            129.1800534,
            35.3086095
          ],
          [
            129.1847243,
            35.3096253
          ],
          [
            129.1892596,
            35.3107819
          ],
          [
            129.1947439,
            35.3123105
          ],
          [
            129.19992,
            35.3136581
          ],
          [
            129.2054413,
            35.314352
          ],
          [
            129.2126016,
            35.3153677
          ],
          [
            129.2176669,
            35.3179923
          ],
          [
            129.2228184,
            35.3206973
          ],
          [
            129.2281917,
            35.3251148
          ],
          [
            129.23376,
            35.3276708
          ],
          [
            129.2410341,
            35.3310494
          ],
          [
            129.2450038,
            35.33294
          ],
          [
            129.2518488,
            35.3352507
          ],
          [
            129.2610175,
            35.335293
          ],
          [
            129.2628948,
            35.3376702
          ],
          [
            129.2675835,
            35.339895
          ],
          [
            129.2716931,
            35.3417388
          ],
          [
            129.275227,
            35.3418829
          ],
          [
            129.2802052,
            35.3422155
          ],
          [
            129.2842822,
            35.3433182
          ],
          [
            129.289212,
            35.3419188
          ],
          [
            129.2939768,
            35.3377668
          ],
          [
            129.2969074,
            35.3377894
          ],
          [
            129.3038072,
            35.3403752
          ],
          [
            129.3072272,
            35.3406284
          ]
        ]
      },
      "properties": {
        "osm_type": "way",
        "osm_id": 382712839,
        "sido": "경상남도",
        "power_type": "line",
        "name": "",
        "description": "신고리발전소-북경남변전소",
        "voltage": "765000",
        "cables": "6",
        "circuits": "2",
        "frequency": "60",
        "operator": "",
        "wires": ""
      }
    },
    {
      "type": "Feature",
      "geometry": {
        "type": "LineString",
        "coordinates": [
          [
            128.7799004,
            35.1789819
          ],
          [
            128.7812489,
            35.1774775
          ],
          [
            128.781815,
            35.1758194
          ],
          [
            128.7827096,
            35.1699982
          ],
          [
            128.7829813,
            35.1682556
          ],
          [
            128.7898586,
            35.1666861
          ],
          [
            128.7949776,
            35.1648181
          ],
          [
            128.7984749,
            35.1608041
          ],
          [
            128.7998991,
            35.1580084
          ],
          [
            128.8015473,
            35.1545819
          ],
          [
            128.7995369,
            35.1513575
          ],
          [
            128.8039791,
            35.1470191
          ],
          [
            128.8068857,
            35.1442612
          ],
          [
            128.8084213,
            35.1427701
          ],
          [
            128.8113828,
            35.1420413
          ],
          [
            128.8160169,
            35.1420974
          ],
          [
            128.817813,
            35.1386218
          ],
          [
            128.81625,
            35.1339127
          ],
          [
            128.8199933,
            35.1329965
          ],
          [
            128.8248613,
            35.132936
          ],
          [
            128.8269259,
            35.1298883
          ],
          [
            128.8298467,
            35.1283241
          ],
          [
            128.834575,
            35.1255832
          ],
          [
            128.8405563,
            35.1243942
          ],
          [
            128.8432761,
            35.1238413
          ],
          [
            128.8454862,
            35.1208621
          ],
          [
            128.8481148,
            35.1159485
          ],
          [
            128.8550027,
            35.1151315
          ],
          [
            128.8570346,
            35.1157667
          ],
          [
            128.8596238,
            35.116089
          ],
          [
            128.8633691,
            35.1132269
          ],
          [
            128.8649149,
            35.109905
          ],
          [
            128.8664001,
            35.1079148
          ],
          [
            128.8662254,
            35.1051289
          ],
          [
            128.8648243,
            35.1033049
          ],
          [
            128.8650223,
            35.1009988
          ],
          [
            128.8652469,
            35.0988223
          ],
          [
            128.8651692,
            35.0984195
          ]
        ]
      },
      "properties": {
        "osm_type": "way",
        "osm_id": 415787455,
        "sido": "경상남도",
        "power_type": "line",
        "name": "",
        "description": "",
        "voltage": "345000",
        "cables": "6",
        "circuits": "2",
        "frequency": "60",
        "operator": "",
        "wires": ""
      }
    },
    {
      "type": "Feature",
      "geometry": {
        "type": "LineString",
        "coordinates": [
          [
            128.7881742,
            35.1134612
          ],
          [
            128.7928348,
            35.1130715
          ],
          [
            128.7931991,
            35.1116657
          ],
          [
            128.7931991,
            35.1099695
          ],
          [
            128.7951979,
            35.1087699
          ],
          [
            128.7979999,
            35.1079906
          ],
          [
            128.7981586,
            35.1069896
          ],
          [
            128.8004656,
            35.1047814
          ],
          [
            128.8021736,
            35.1035182
          ]
        ]
      },
      "properties": {
        "osm_type": "way",
        "osm_id": 415815554,
        "sido": "경상남도",
        "power_type": "line",
        "name": "",
        "description": "",
        "voltage": "",
        "cables": "",
        "circuits": "",
        "frequency": "",
        "operator": "",
        "wires": ""
      }
    },
    {
      "type": "Feature",
      "geometry": {
        "type": "LineString",
        "coordinates": [
          [
            128.8472861,
            35.2717828
          ],
          [
            128.8439816,
            35.2700266
          ],
          [
            128.8427639,
            35.2682834
          ],
          [
            128.8371259,
            35.2678192
          ],
          [
            128.8328987,
            35.2680119
          ],
          [
            128.8293529,
            35.2680995
          ],
          [
            128.8260966,
            35.2686689
          ],
          [
            128.8219714,
            35.2682397
          ],
          [
            128.8189083,
            35.2690631
          ],
          [
            128.8150728,
            35.2681126
          ],
          [
            128.8126159,
            35.2675389
          ],
          [
            128.809821,
            35.2668206
          ],
          [
            128.8066292,
            35.2655898
          ],
          [
            128.8072032,
            35.261582
          ],
          [
            128.8089359,
            35.2595058
          ],
          [
            128.809483,
            35.2577887
          ],
          [
            128.8137317,
            35.255616
          ],
          [
            128.815856,
            35.2541398
          ],
          [
            128.8189566,
            35.2496233
          ],
          [
            128.8195521,
            35.2467538
          ],
          [
            128.8176423,
            35.2456673
          ],
          [
            128.8161778,
            35.2438009
          ],
          [
            128.8173151,
            35.2416585
          ],
          [
            128.8191283,
            35.2409444
          ],
          [
            128.8207483,
            35.2387581
          ],
          [
            128.8244317,
            35.23527
          ],
          [
            128.824421,
            35.2317323
          ],
          [
            128.825406,
            35.2304364
          ],
          [
            128.8284136,
            35.2277954
          ],
          [
            128.8305039,
            35.2272549
          ],
          [
            128.8270752,
            35.2236617
          ],
          [
            128.8273384,
            35.2232747
          ]
        ]
      },
      "properties": {
        "osm_type": "way",
        "osm_id": 415824137,
        "sido": "경상남도",
        "power_type": "line",
        "name": "",
        "description": "",
        "voltage": "154000",
        "cables": "",
        "circuits": "",
        "frequency": "60",
        "operator": "",
        "wires": ""
      }
    },
    {
      "type": "Feature",
      "geometry": {
        "type": "LineString",
        "coordinates": [
          [
            128.7660104,
            35.0661985
          ],
          [
            128.7662888,
            35.0700257
          ],
          [
            128.7666374,
            35.0706843
          ],
          [
            128.7656787,
            35.0712634
          ],
          [
            128.7560634,
            35.0775338
          ],
          [
            128.7485095,
            35.0826896
          ],
          [
            128.7482575,
            35.0828722
          ],
          [
            128.7479022,
            35.0826979
          ]
        ]
      },
      "properties": {
        "osm_type": "way",
        "osm_id": 415854835,
        "sido": "경상남도",
        "power_type": "line",
        "name": "",
        "description": "",
        "voltage": "",
        "cables": "",
        "circuits": "",
        "frequency": "",
        "operator": "",
        "wires": ""
      }
    },
    {
      "type": "Feature",
      "geometry": {
        "type": "LineString",
        "coordinates": [
          [
            128.6743048,
            35.1853911
          ],
          [
            128.6774648,
            35.1825217
          ],
          [
            128.6792025,
            35.1812727
          ],
          [
            128.6824808,
            35.1790566
          ],
          [
            128.6860827,
            35.1777149
          ],
          [
            128.6894212,
            35.1763505
          ],
          [
            128.6910515,
            35.1756651
          ],
          [
            128.6958573,
            35.1761918
          ],
          [
            128.701913,
            35.1767693
          ],
          [
            128.7067499,
            35.1786731
          ],
          [
            128.7090533,
            35.1813503
          ]
        ]
      },
      "properties": {
        "osm_type": "way",
        "osm_id": 415918575,
        "sido": "경상남도",
        "power_type": "line",
        "name": "",
        "description": "",
        "voltage": "154000",
        "cables": "6",
        "circuits": "2",
        "frequency": "60",
        "operator": "",
        "wires": ""
      }
    },
    {
      "type": "Feature",
      "geometry": {
        "type": "LineString",
        "coordinates": [
          [
            128.7799004,
            35.1789819
          ],
          [
            128.7764841,
            35.1783764
          ],
          [
            128.7741582,
            35.178459
          ],
          [
            128.7711357,
            35.1786978
          ],
          [
            128.7674277,
            35.1789733
          ],
          [
            128.7642703,
            35.1793315
          ],
          [
            128.7611345,
            35.179583
          ],
          [
            128.7583677,
            35.1802713
          ],
          [
            128.7548733,
            35.1812141
          ],
          [
            128.753306,
            35.1823473
          ],
          [
            128.7515171,
            35.1834211
          ],
          [
            128.7490143,
            35.1850115
          ],
          [
            128.7470291,
            35.1867669
          ],
          [
            128.7455543,
            35.1881132
          ],
          [
            128.7440739,
            35.1890865
          ],
          [
            128.7411835,
            35.1895897
          ],
          [
            128.7384294,
            35.1876113
          ],
          [
            128.7356043,
            35.1855591
          ],
          [
            128.7335633,
            35.1841305
          ],
          [
            128.7314057,
            35.1826801
          ],
          [
            128.7278565,
            35.1820159
          ],
          [
            128.7258765,
            35.1816113
          ],
          [
            128.7223302,
            35.1828541
          ]
        ]
      },
      "properties": {
        "osm_type": "way",
        "osm_id": 415918579,
        "sido": "경상남도",
        "power_type": "line",
        "name": "",
        "description": "",
        "voltage": "154000",
        "cables": "6",
        "circuits": "2",
        "frequency": "60",
        "operator": "",
        "wires": ""
      }
    },
    {
      "type": "Feature",
      "geometry": {
        "type": "LineString",
        "coordinates": [
          [
            128.5115125,
            35.2808884
          ],
          [
            128.5100032,
            35.2791332
          ],
          [
            128.5083563,
            35.2772492
          ],
          [
            128.5065057,
            35.2751698
          ],
          [
            128.5051688,
            35.2736755
          ],
          [
            128.5035774,
            35.2719145
          ],
          [
            128.5007489,
            35.2686866
          ],
          [
            128.4998715,
            35.2662984
          ],
          [
            128.499354,
            35.2651849
          ],
          [
            128.4976763,
            35.2615756
          ],
          [
            128.4970767,
            35.2603701
          ],
          [
            128.4981979,
            35.2573949
          ],
          [
            128.4987974,
            35.2556824
          ],
          [
            128.4998112,
            35.2528505
          ],
          [
            128.4993467,
            35.2502082
          ],
          [
            128.4961086,
            35.2461984
          ],
          [
            128.4932598,
            35.2458294
          ],
          [
            128.490463,
            35.2456364
          ],
          [
            128.4862077,
            35.2455891
          ],
          [
            128.4840236,
            35.2457894
          ],
          [
            128.477368,
            35.246233
          ],
          [
            128.4752776,
            35.246414
          ],
          [
            128.4727392,
            35.24617
          ],
          [
            128.4650965,
            35.2465878
          ],
          [
            128.4644694,
            35.2466159
          ],
          [
            128.4626754,
            35.2464581
          ],
          [
            128.4557773,
            35.2467914
          ],
          [
            128.4500173,
            35.2471735
          ],
          [
            128.4471999,
            35.2470718
          ],
          [
            128.4443016,
            35.2470011
          ],
          [
            128.4415354,
            35.247221
          ],
          [
            128.4380177,
            35.2472959
          ],
          [
            128.4304755,
            35.247645
          ],
          [
            128.4267799,
            35.2478511
          ],
          [
            128.4230078,
            35.24804
          ],
          [
            128.4192284,
            35.2483038
          ],
          [
            128.4142411,
            35.2485732
          ],
          [
            128.4107053,
            35.2487452
          ],
          [
            128.4059907,
            35.2490395
          ],
          [
            128.4045078,
            35.2491632
          ],
          [
            128.4011677,
            35.2491773
          ],
          [
            128.3979586,
            35.2492024
          ],
          [
            128.3947216,
            35.2492266
          ],
          [
            128.3906303,
            35.2492903
          ],
          [
            128.385515,
            35.2488999
          ],
          [
            128.380309,
            35.2479694
          ],
          [
            128.3766195,
            35.2469919
          ],
          [
            128.3729547,
            35.2461555
          ],
          [
            128.3700302,
            35.2455981
          ],
          [
            128.3685495,
            35.2452525
          ],
          [
            128.3651046,
            35.2442692
          ]
        ]
      },
      "properties": {
        "osm_type": "way",
        "osm_id": 459996167,
        "sido": "경상남도",
        "power_type": "line",
        "name": "",
        "description": "",
        "voltage": "154000",
        "cables": "",
        "circuits": "",
        "frequency": "60",
        "operator": "",
        "wires": ""
      }
    },
    {
      "type": "Feature",
      "geometry": {
        "type": "LineString",
        "coordinates": [
          [
            128.7223302,
            35.1828541
          ],
          [
            128.7259136,
            35.1818281
          ],
          [
            128.7277858,
            35.1821789
          ],
          [
            128.7314604,
            35.1839809
          ],
          [
            128.7331717,
            35.1851383
          ],
          [
            128.7335204,
            35.1872998
          ],
          [
            128.7336379,
            35.1885943
          ],
          [
            128.7337609,
            35.1899489
          ],
          [
            128.7312344,
            35.1921093
          ],
          [
            128.7295706,
            35.1929805
          ],
          [
            128.7253742,
            35.194607
          ],
          [
            128.7223856,
            35.1956242
          ],
          [
            128.7200872,
            35.1977492
          ],
          [
            128.7196188,
            35.1991339
          ],
          [
            128.7189965,
            35.201143
          ],
          [
            128.7183618,
            35.2030715
          ],
          [
            128.7177086,
            35.2052366
          ],
          [
            128.7169014,
            35.2078346
          ],
          [
            128.716205,
            35.2100398
          ],
          [
            128.7153841,
            35.2126075
          ],
          [
            128.7145304,
            35.2152315
          ],
          [
            128.7137219,
            35.218171
          ],
          [
            128.7118538,
            35.2217355
          ],
          [
            128.7104489,
            35.2236887
          ],
          [
            128.7087346,
            35.2270334
          ],
          [
            128.7080949,
            35.228662
          ],
          [
            128.7070227,
            35.2333632
          ],
          [
            128.7065729,
            35.2356332
          ],
          [
            128.7062399,
            35.2373866
          ],
          [
            128.705752,
            35.2396777
          ],
          [
            128.7050467,
            35.242939
          ],
          [
            128.7032659,
            35.2454251
          ],
          [
            128.7020088,
            35.2472116
          ],
          [
            128.6997473,
            35.2504826
          ],
          [
            128.6986813,
            35.251962
          ],
          [
            128.6958467,
            35.2540654
          ],
          [
            128.694072,
            35.2554089
          ],
          [
            128.6923774,
            35.2566568
          ],
          [
            128.6913977,
            35.2573864
          ],
          [
            128.6883906,
            35.2590922
          ],
          [
            128.6868069,
            35.2597866
          ],
          [
            128.6836889,
            35.2610847
          ],
          [
            128.6805832,
            35.2623979
          ],
          [
            128.6767468,
            35.2632289
          ],
          [
            128.6738608,
            35.2639209
          ],
          [
            128.6716989,
            35.2642144
          ],
          [
            128.669757,
            35.2644772
          ],
          [
            128.6659375,
            35.2654758
          ],
          [
            128.662853,
            35.2663036
          ],
          [
            128.6599937,
            35.2669869
          ],
          [
            128.6564532,
            35.267841
          ],
          [
            128.6535511,
            35.2685899
          ],
          [
            128.6517164,
            35.268787
          ],
          [
            128.6502498,
            35.2711728
          ],
          [
            128.6488025,
            35.2735161
          ],
          [
            128.6471558,
            35.2762806
          ],
          [
            128.6462653,
            35.2770689
          ]
        ]
      },
      "properties": {
        "osm_type": "way",
        "osm_id": 460034135,
        "sido": "경상남도",
        "power_type": "line",
        "name": "",
        "description": "",
        "voltage": "154000",
        "cables": "6",
        "circuits": "2",
        "frequency": "60",
        "operator": "",
        "wires": ""
      }
    },
    {
      "type": "Feature",
      "geometry": {
        "type": "LineString",
        "coordinates": [
          [
            128.5766727,
            35.2251194
          ],
          [
            128.5762002,
            35.2249716
          ],
          [
            128.5748353,
            35.2251897
          ],
          [
            128.5692078,
            35.2247322
          ],
          [
            128.5666806,
            35.2254899
          ],
          [
            128.5632312,
            35.2264773
          ],
          [
            128.5607424,
            35.2271418
          ],
          [
            128.5575308,
            35.227993
          ],
          [
            128.555278,
            35.2286349
          ],
          [
            128.5509465,
            35.2298432
          ],
          [
            128.5480227,
            35.2306732
          ],
          [
            128.5433167,
            35.2328812
          ],
          [
            128.5421185,
            35.2334346
          ],
          [
            128.5364169,
            35.2361003
          ],
          [
            128.5346497,
            35.2369936
          ],
          [
            128.5298427,
            35.2396686
          ],
          [
            128.5283465,
            35.2404256
          ],
          [
            128.5242212,
            35.2427046
          ],
          [
            128.522826,
            35.2434637
          ],
          [
            128.5197654,
            35.2451451
          ],
          [
            128.5158539,
            35.2452601
          ],
          [
            128.5096274,
            35.2452898
          ],
          [
            128.5056687,
            35.2455412
          ]
        ]
      },
      "properties": {
        "osm_type": "way",
        "osm_id": 460052439,
        "sido": "경상남도",
        "power_type": "line",
        "name": "",
        "description": "",
        "voltage": "154000",
        "cables": "",
        "circuits": "",
        "frequency": "60",
        "operator": "",
        "wires": ""
      }
    },
    {
      "type": "Feature",
      "geometry": {
        "type": "LineString",
        "coordinates": [
          [
            128.591594,
            34.8839653
          ],
          [
            128.5911619,
            34.8839708
          ],
          [
            128.5874256,
            34.8840181
          ],
          [
            128.5838797,
            34.8826234
          ],
          [
            128.5818466,
            34.8812193
          ],
          [
            128.5778075,
            34.8814668
          ],
          [
            128.5776449,
            34.8814971
          ],
          [
            128.5744596,
            34.8816903
          ],
          [
            128.5711659,
            34.882269
          ],
          [
            128.5669227,
            34.8844142
          ],
          [
            128.5635516,
            34.8860861
          ],
          [
            128.5582643,
            34.8847441
          ],
          [
            128.5546797,
            34.8806163
          ],
          [
            128.5518203,
            34.8800167
          ],
          [
            128.5457102,
            34.8794061
          ],
          [
            128.5419607,
            34.8805289
          ],
          [
            128.5371835,
            34.8819658
          ],
          [
            128.5353946,
            34.884227
          ],
          [
            128.5333284,
            34.8851518
          ],
          [
            128.5323163,
            34.8863907
          ],
          [
            128.5294636,
            34.8871435
          ],
          [
            128.5262176,
            34.8867778
          ],
          [
            128.5216003,
            34.8877328
          ],
          [
            128.5174832,
            34.8877533
          ],
          [
            128.5144255,
            34.890518
          ],
          [
            128.5078946,
            34.8913781
          ],
          [
            128.5031376,
            34.8919754
          ],
          [
            128.4983057,
            34.8923742
          ],
          [
            128.4937114,
            34.8931076
          ],
          [
            128.4896599,
            34.8938261
          ],
          [
            128.4817876,
            34.8984725
          ],
          [
            128.4717629,
            34.905384
          ],
          [
            128.4715074,
            34.9088318
          ],
          [
            128.4708504,
            34.9107694
          ],
          [
            128.4681072,
            34.9122155
          ],
          [
            128.4655541,
            34.9123668
          ],
          [
            128.4587595,
            34.9129102
          ],
          [
            128.4529504,
            34.9131276
          ],
          [
            128.4505472,
            34.9132694
          ],
          [
            128.4435912,
            34.9125747
          ],
          [
            128.4283899,
            34.9180931
          ],
          [
            128.4240805,
            34.9197065
          ],
          [
            128.4218819,
            34.9234679
          ],
          [
            128.4193527,
            34.9272546
          ],
          [
            128.4167196,
            34.9295656
          ],
          [
            128.4132204,
            34.9312752
          ],
          [
            128.4092308,
            34.9332864
          ],
          [
            128.4059798,
            34.9336934
          ],
          [
            128.4031761,
            34.933573
          ],
          [
            128.4000908,
            34.9335078
          ],
          [
            128.3930571,
            34.9345517
          ],
          [
            128.3906732,
            34.9354666
          ],
          [
            128.3869635,
            34.9359204
          ],
          [
            128.3841287,
            34.9360156
          ],
          [
            128.3811333,
            34.9361327
          ],
          [
            128.3766423,
            34.9374648
          ],
          [
            128.3743745,
            34.9397886
          ],
          [
            128.3718701,
            34.9425735
          ],
          [
            128.3702318,
            34.94433
          ],
          [
            128.3690934,
            34.9461047
          ],
          [
            128.3677363,
            34.9493321
          ],
          [
            128.3690532,
            34.95163
          ],
          [
            128.3703657,
            34.9534302
          ],
          [
            128.3707496,
            34.9565731
          ],
          [
            128.3722049,
            34.9588708
          ],
          [
            128.3741736,
            34.9607331
          ]
        ]
      },
      "properties": {
        "osm_type": "way",
        "osm_id": 461268913,
        "sido": "경상남도",
        "power_type": "line",
        "name": "",
        "description": "",
        "voltage": "154000",
        "cables": "6",
        "circuits": "2",
        "frequency": "60",
        "operator": "",
        "wires": ""
      }
    },
    {
      "type": "Feature",
      "geometry": {
        "type": "LineString",
        "coordinates": [
          [
            128.22834,
            34.842711
          ],
          [
            128.2298438,
            34.8383951
          ]
        ]
      },
      "properties": {
        "osm_type": "way",
        "osm_id": 636627998,
        "sido": "경상남도",
        "power_type": "line",
        "name": "",
        "description": "",
        "voltage": "",
        "cables": "",
        "circuits": "",
        "frequency": "",
        "operator": "",
        "wires": ""
      }
    },
    {
      "type": "Feature",
      "geometry": {
        "type": "LineString",
        "coordinates": [
          [
            129.0748129,
            35.343329
          ],
          [
            129.0747282,
            35.343365
          ]
        ]
      },
      "properties": {
        "osm_type": "way",
        "osm_id": 734333877,
        "sido": "경상남도",
        "power_type": "line",
        "name": "",
        "description": "",
        "voltage": "",
        "cables": "",
        "circuits": "",
        "frequency": "",
        "operator": "",
        "wires": ""
      }
    },
    {
      "type": "Feature",
      "geometry": {
        "type": "LineString",
        "coordinates": [
          [
            129.0748129,
            35.343329
          ],
          [
            129.0745735,
            35.3430631
          ],
          [
            129.0742126,
            35.3428292
          ]
        ]
      },
      "properties": {
        "osm_type": "way",
        "osm_id": 734333878,
        "sido": "경상남도",
        "power_type": "line",
        "name": "",
        "description": "",
        "voltage": "",
        "cables": "",
        "circuits": "",
        "frequency": "",
        "operator": "",
        "wires": ""
      }
    },
    {
      "type": "Feature",
      "geometry": {
        "type": "LineString",
        "coordinates": [
          [
            128.4543705,
            35.1983312
          ],
          [
            128.4542316,
            35.1986893
          ],
          [
            128.4538347,
            35.1990538
          ],
          [
            128.4535335,
            35.19934
          ],
          [
            128.4533187,
            35.1995995
          ],
          [
            128.4528761,
            35.1999549
          ],
          [
            128.4525454,
            35.2004432
          ],
          [
            128.4523936,
            35.2006225
          ],
          [
            128.4521251,
            35.2009106
          ],
          [
            128.4518767,
            35.2010387
          ],
          [
            128.4515148,
            35.2013325
          ],
          [
            128.4511435,
            35.2016378
          ],
          [
            128.4507863,
            35.2019068
          ]
        ]
      },
      "properties": {
        "osm_type": "way",
        "osm_id": 863779573,
        "sido": "경상남도",
        "power_type": "minor_line",
        "name": "",
        "description": "",
        "voltage": "",
        "cables": "",
        "circuits": "",
        "frequency": "",
        "operator": "",
        "wires": ""
      }
    },
    {
      "type": "Feature",
      "geometry": {
        "type": "LineString",
        "coordinates": [
          [
            128.4525454,
            35.2004432
          ],
          [
            128.4529602,
            35.2002736
          ],
          [
            128.4534879,
            35.200266
          ],
          [
            128.4535999,
            35.2004224
          ]
        ]
      },
      "properties": {
        "osm_type": "way",
        "osm_id": 863779574,
        "sido": "경상남도",
        "power_type": "minor_line",
        "name": "",
        "description": "",
        "voltage": "",
        "cables": "",
        "circuits": "",
        "frequency": "",
        "operator": "",
        "wires": ""
      }
    },
    {
      "type": "Feature",
      "geometry": {
        "type": "LineString",
        "coordinates": [
          [
            128.6093302,
            35.7282565
          ],
          [
            128.6081511,
            35.7269329
          ],
          [
            128.6067751,
            35.724823
          ],
          [
            128.6068261,
            35.7199801
          ],
          [
            128.6083764,
            35.7149104
          ],
          [
            128.6098731,
            35.7101409
          ],
          [
            128.6110747,
            35.7062729
          ],
          [
            128.6110371,
            35.7033978
          ],
          [
            128.6110479,
            35.6983271
          ],
          [
            128.6110425,
            35.6964756
          ],
          [
            128.6100554,
            35.6914001
          ],
          [
            128.6094975,
            35.688372
          ],
          [
            128.6088753,
            35.6849517
          ],
          [
            128.6082047,
            35.6819147
          ],
          [
            128.6077219,
            35.6792523
          ],
          [
            128.6055386,
            35.6777315
          ],
          [
            128.6021912,
            35.675313
          ],
          [
            128.5991335,
            35.6731995
          ],
          [
            128.5919076,
            35.6720534
          ],
          [
            128.5867578,
            35.6707417
          ],
          [
            128.5818761,
            35.6694038
          ],
          [
            128.5790813,
            35.6680397
          ],
          [
            128.5756266,
            35.6653398
          ],
          [
            128.5729417,
            35.6621735
          ],
          [
            128.5694039,
            35.6568408
          ],
          [
            128.5678402,
            35.6546156
          ],
          [
            128.5676095,
            35.651778
          ],
          [
            128.5699806,
            35.6488291
          ],
          [
            128.5709006,
            35.6462702
          ],
          [
            128.5702515,
            35.64309
          ],
          [
            128.5696211,
            35.6400144
          ],
          [
            128.5671481,
            35.6372263
          ],
          [
            128.5631892,
            35.6357811
          ],
          [
            128.5610729,
            35.6325961
          ],
          [
            128.5577819,
            35.6283123
          ],
          [
            128.5558078,
            35.6252644
          ],
          [
            128.5558936,
            35.6212876
          ],
          [
            128.5544372,
            35.6165713
          ]
        ]
      },
      "properties": {
        "osm_type": "way",
        "osm_id": 882280301,
        "sido": "경상남도",
        "power_type": "line",
        "name": "",
        "description": "",
        "voltage": "345000",
        "cables": "12",
        "circuits": "4",
        "frequency": "60",
        "operator": "",
        "wires": ""
      }
    },
    {
      "type": "Feature",
      "geometry": {
        "type": "LineString",
        "coordinates": [
          [
            127.7771813,
            35.2551999
          ],
          [
            127.7775782,
            35.252232
          ],
          [
            127.7775581,
            35.2500088
          ],
          [
            127.7775407,
            35.2473956
          ],
          [
            127.7775219,
            35.2450112
          ],
          [
            127.7775031,
            35.2416498
          ],
          [
            127.777487,
            35.2399739
          ],
          [
            127.7774696,
            35.2377887
          ],
          [
            127.7773355,
            35.2336602
          ],
          [
            127.7808586,
            35.22854
          ],
          [
            127.7826101,
            35.2273558
          ],
          [
            127.7861761,
            35.2249872
          ],
          [
            127.7892271,
            35.2246969
          ],
          [
            127.7941221,
            35.2241995
          ],
          [
            127.8000833,
            35.2242269
          ],
          [
            127.8037901,
            35.225134
          ],
          [
            127.8071348,
            35.2246849
          ],
          [
            127.8123866,
            35.2239202
          ],
          [
            127.8153732,
            35.2228608
          ],
          [
            127.819469,
            35.2226044
          ],
          [
            127.823513,
            35.2223255
          ],
          [
            127.8267256,
            35.2230733
          ],
          [
            127.828402,
            35.2247118
          ],
          [
            127.833341,
            35.2294909
          ],
          [
            127.8407186,
            35.2331936
          ],
          [
            127.8448215,
            35.2352623
          ],
          [
            127.8485231,
            35.2371004
          ],
          [
            127.8505113,
            35.2398717
          ],
          [
            127.8523228,
            35.2421137
          ],
          [
            127.857526,
            35.2462374
          ],
          [
            127.8607113,
            35.2481631
          ],
          [
            127.8637051,
            35.2493905
          ],
          [
            127.8709113,
            35.2502775
          ],
          [
            127.8736692,
            35.250631
          ],
          [
            127.8756783,
            35.2538498
          ],
          [
            127.8757094,
            35.2539011
          ],
          [
            127.8778924,
            35.2575058
          ],
          [
            127.8792481,
            35.259693
          ],
          [
            127.8820792,
            35.262154
          ],
          [
            127.8832753,
            35.2631874
          ],
          [
            127.885398,
            35.2650369
          ],
          [
            127.8902497,
            35.2692276
          ],
          [
            127.8926184,
            35.2713272
          ],
          [
            127.8933987,
            35.2743958
          ],
          [
            127.8958635,
            35.2844965
          ],
          [
            127.8969773,
            35.2859582
          ],
          [
            127.8997345,
            35.2895519
          ],
          [
            127.8992479,
            35.292418
          ],
          [
            127.8984991,
            35.2971942
          ],
          [
            127.9004053,
            35.3009004
          ],
          [
            127.9069521,
            35.3053261
          ],
          [
            127.9073595,
            35.3075937
          ],
          [
            127.9077265,
            35.3098437
          ],
          [
            127.908365,
            35.3134287
          ],
          [
            127.9099477,
            35.3225787
          ],
          [
            127.914289,
            35.3275363
          ],
          [
            127.9164686,
            35.3299981
          ],
          [
            127.9181929,
            35.3319372
          ],
          [
            127.9195408,
            35.3334733
          ],
          [
            127.9234375,
            35.3378921
          ],
          [
            127.9251224,
            35.3398214
          ],
          [
            127.9281151,
            35.3407226
          ],
          [
            127.9337415,
            35.3422432
          ],
          [
            127.9410164,
            35.344119
          ],
          [
            127.9466589,
            35.3415233
          ],
          [
            127.9489246,
            35.3404872
          ],
          [
            127.9535168,
            35.3383768
          ],
          [
            127.9576357,
            35.3378465
          ],
          [
            127.9610408,
            35.337424
          ],
          [
            127.9652506,
            35.3368825
          ],
          [
            127.9722589,
            35.335125
          ],
          [
            127.9751905,
            35.3343939
          ],
          [
            127.9789427,
            35.3350178
          ],
          [
            127.9822822,
            35.3375354
          ],
          [
            127.9844825,
            35.3391834
          ],
          [
            127.9864486,
            35.3406807
          ],
          [
            127.989643,
            35.343085
          ],
          [
            127.9951382,
            35.3447914
          ],
          [
            128.0028082,
            35.3471515
          ],
          [
            128.0088833,
            35.3493685
          ],
          [
            128.0129047,
            35.3506966
          ],
          [
            128.0154763,
            35.351744
          ],
          [
            128.0182358,
            35.3527758
          ],
          [
            128.0224755,
            35.3538946
          ],
          [
            128.0243268,
            35.354404
          ],
          [
            128.0279181,
            35.3553656
          ],
          [
            128.0325513,
            35.3565948
          ],
          [
            128.0357697,
            35.3574719
          ],
          [
            128.038859,
            35.3586278
          ],
          [
            128.041789,
            35.3596491
          ],
          [
            128.047007,
            35.3615201
          ],
          [
            128.0524145,
            35.3609367
          ],
          [
            128.0589963,
            35.3601792
          ],
          [
            128.0637817,
            35.358962
          ],
          [
            128.0655645,
            35.3565198
          ],
          [
            128.0675864,
            35.3520542
          ],
          [
            128.0699094,
            35.3472171
          ],
          [
            128.0714266,
            35.3438144
          ]
        ]
      },
      "properties": {
        "osm_type": "way",
        "osm_id": 884641925,
        "sido": "경상남도",
        "power_type": "line",
        "name": "",
        "description": "",
        "voltage": "345000",
        "cables": "6",
        "circuits": "2",
        "frequency": "60",
        "operator": "",
        "wires": ""
      }
    },
    {
      "type": "Feature",
      "geometry": {
        "type": "LineString",
        "coordinates": [
          [
            128.6353567,
            35.2035261
          ],
          [
            128.6377439,
            35.2016412
          ],
          [
            128.6399728,
            35.2011963
          ],
          [
            128.6432773,
            35.2004818
          ],
          [
            128.6428642,
            35.1967295
          ],
          [
            128.6406755,
            35.1940597
          ]
        ]
      },
      "properties": {
        "osm_type": "way",
        "osm_id": 885052089,
        "sido": "경상남도",
        "power_type": "line",
        "name": "",
        "description": "",
        "voltage": "345000",
        "cables": "",
        "circuits": "",
        "frequency": "60",
        "operator": "",
        "wires": ""
      }
    },
    {
      "type": "Feature",
      "geometry": {
        "type": "LineString",
        "coordinates": [
          [
            128.7771999,
            35.2192126
          ],
          [
            128.7768744,
            35.2184267
          ],
          [
            128.7767342,
            35.2168736
          ],
          [
            128.7741343,
            35.2158066
          ],
          [
            128.7715283,
            35.2134641
          ],
          [
            128.7593979,
            35.2087013
          ],
          [
            128.7562818,
            35.2078957
          ],
          [
            128.7524302,
            35.2068202
          ],
          [
            128.747598,
            35.2055498
          ],
          [
            128.7459637,
            35.2042578
          ],
          [
            128.7441086,
            35.2027383
          ],
          [
            128.7438524,
            35.1999015
          ],
          [
            128.7434681,
            35.1960394
          ],
          [
            128.7427084,
            35.1937076
          ],
          [
            128.741454,
            35.1898778
          ],
          [
            128.7403718,
            35.1865134
          ],
          [
            128.7386183,
            35.1849178
          ],
          [
            128.7371474,
            35.1835568
          ],
          [
            128.7324047,
            35.1791768
          ],
          [
            128.7266387,
            35.1799635
          ],
          [
            128.7221751,
            35.180527
          ],
          [
            128.717184,
            35.1811538
          ],
          [
            128.7119144,
            35.1787139
          ],
          [
            128.7105726,
            35.1754167
          ],
          [
            128.7101563,
            35.1725747
          ],
          [
            128.7076248,
            35.1708127
          ],
          [
            128.7047032,
            35.1705097
          ],
          [
            128.7006536,
            35.170075
          ],
          [
            128.6962752,
            35.1706636
          ],
          [
            128.6915246,
            35.1713431
          ],
          [
            128.6885455,
            35.1733037
          ],
          [
            128.6851283,
            35.1754505
          ],
          [
            128.6826993,
            35.1769422
          ],
          [
            128.6806254,
            35.1784381
          ],
          [
            128.6778957,
            35.1804089
          ],
          [
            128.6741602,
            35.1809961
          ],
          [
            128.6689721,
            35.1818359
          ],
          [
            128.6670166,
            35.1829521
          ],
          [
            128.6647276,
            35.1842597
          ],
          [
            128.6629007,
            35.1863317
          ],
          [
            128.6617522,
            35.187563
          ],
          [
            128.6580691,
            35.1914444
          ],
          [
            128.6550491,
            35.1914323
          ],
          [
            128.6490195,
            35.1911451
          ],
          [
            128.6452715,
            35.1918076
          ],
          [
            128.6405696,
            35.1924706
          ],
          [
            128.6406755,
            35.1940597
          ]
        ]
      },
      "properties": {
        "osm_type": "way",
        "osm_id": 885052092,
        "sido": "경상남도",
        "power_type": "line",
        "name": "",
        "description": "",
        "voltage": "345000",
        "cables": "6",
        "circuits": "2",
        "frequency": "60",
        "operator": "",
        "wires": ""
      }
    },
    {
      "type": "Feature",
      "geometry": {
        "type": "LineString",
        "coordinates": [
          [
            128.7838293,
            35.2804258
          ],
          [
            128.7852632,
            35.2777707
          ]
        ]
      },
      "properties": {
        "osm_type": "way",
        "osm_id": 885302882,
        "sido": "경상남도",
        "power_type": "line",
        "name": "",
        "description": "",
        "voltage": "",
        "cables": "",
        "circuits": "",
        "frequency": "60",
        "operator": "",
        "wires": ""
      }
    },
    {
      "type": "Feature",
      "geometry": {
        "type": "LineString",
        "coordinates": [
          [
            128.7852632,
            35.2777707
          ],
          [
            128.7859896,
            35.2752339
          ],
          [
            128.7863141,
            35.2724923
          ],
          [
            128.7869471,
            35.268936
          ],
          [
            128.7894416,
            35.2663016
          ],
          [
            128.7908068,
            35.2633188
          ],
          [
            128.7904528,
            35.2600424
          ],
          [
            128.7903267,
            35.2560278
          ],
          [
            128.7894657,
            35.2531651
          ],
          [
            128.7888526,
            35.2504416
          ],
          [
            128.7891952,
            35.2485762
          ]
        ]
      },
      "properties": {
        "osm_type": "way",
        "osm_id": 885302883,
        "sido": "경상남도",
        "power_type": "line",
        "name": "",
        "description": "",
        "voltage": "345000",
        "cables": "6",
        "circuits": "2",
        "frequency": "60",
        "operator": "",
        "wires": ""
      }
    },
    {
      "type": "Feature",
      "geometry": {
        "type": "LineString",
        "coordinates": [
          [
            128.5521951,
            35.6169205
          ],
          [
            128.5465536,
            35.62137
          ],
          [
            128.5441761,
            35.6232829
          ],
          [
            128.5413606,
            35.6256801
          ],
          [
            128.538937,
            35.6276928
          ],
          [
            128.5369016,
            35.629438
          ],
          [
            128.5375462,
            35.6313753
          ],
          [
            128.5370976,
            35.6348354
          ],
          [
            128.5366218,
            35.6368632
          ],
          [
            128.5354712,
            35.640263
          ],
          [
            128.534136,
            35.6442772
          ],
          [
            128.5335367,
            35.6489698
          ],
          [
            128.5266005,
            35.6513595
          ],
          [
            128.5218249,
            35.6510466
          ],
          [
            128.5179587,
            35.6518532
          ],
          [
            128.5149104,
            35.6544087
          ],
          [
            128.5123756,
            35.6569831
          ],
          [
            128.5105758,
            35.6589506
          ],
          [
            128.5083115,
            35.661442
          ],
          [
            128.5062818,
            35.6627876
          ],
          [
            128.5039166,
            35.6644423
          ],
          [
            128.5013074,
            35.6661912
          ],
          [
            128.4934081,
            35.6692958
          ],
          [
            128.4920925,
            35.6716269
          ],
          [
            128.4904409,
            35.6745994
          ],
          [
            128.4880133,
            35.6789288
          ],
          [
            128.4874536,
            35.6813616
          ],
          [
            128.4866956,
            35.6840235
          ],
          [
            128.4818871,
            35.6908419
          ],
          [
            128.4801104,
            35.693384
          ],
          [
            128.4765894,
            35.6983876
          ],
          [
            128.475384,
            35.7001123
          ],
          [
            128.4740945,
            35.7019118
          ],
          [
            128.4713669,
            35.7057885
          ],
          [
            128.4621458,
            35.7104948
          ],
          [
            128.4586825,
            35.7122503
          ],
          [
            128.4581132,
            35.7165102
          ],
          [
            128.4577332,
            35.7192913
          ],
          [
            128.4623779,
            35.7217401
          ],
          [
            128.4662113,
            35.7237389
          ],
          [
            128.4697597,
            35.7247168
          ],
          [
            128.4718793,
            35.7253115
          ],
          [
            128.474371,
            35.7259841
          ],
          [
            128.4771092,
            35.7267903
          ],
          [
            128.4805264,
            35.728576
          ],
          [
            128.483422,
            35.7300962
          ],
          [
            128.4853436,
            35.7341788
          ],
          [
            128.4840779,
            35.7377232
          ],
          [
            128.4834546,
            35.7394882
          ],
          [
            128.4824353,
            35.7409209
          ],
          [
            128.4804198,
            35.7425405
          ],
          [
            128.4809032,
            35.7461031
          ],
          [
            128.4809787,
            35.7473856
          ],
          [
            128.4769812,
            35.7484573
          ],
          [
            128.4678078,
            35.7510031
          ],
          [
            128.4620643,
            35.7488644
          ],
          [
            128.4599637,
            35.7480677
          ],
          [
            128.4561109,
            35.7460936
          ],
          [
            128.4531119,
            35.7464561
          ],
          [
            128.4502846,
            35.7463695
          ],
          [
            128.4465455,
            35.7462629
          ],
          [
            128.443696,
            35.7468481
          ],
          [
            128.4363695,
            35.7483802
          ],
          [
            128.432934,
            35.750724
          ],
          [
            128.4292458,
            35.7522187
          ],
          [
            128.4247314,
            35.754685
          ],
          [
            128.4227422,
            35.7557273
          ],
          [
            128.4176307,
            35.7556995
          ],
          [
            128.4143551,
            35.7551795
          ],
          [
            128.4095752,
            35.754367
          ],
          [
            128.4062089,
            35.7538216
          ],
          [
            128.4022066,
            35.7538454
          ],
          [
            128.3982106,
            35.75389
          ],
          [
            128.3954501,
            35.7562704
          ],
          [
            128.3931763,
            35.7598211
          ],
          [
            128.3866281,
            35.7698882
          ],
          [
            128.3847427,
            35.7728684
          ],
          [
            128.3807952,
            35.7761027
          ],
          [
            128.3767165,
            35.7795171
          ],
          [
            128.3706844,
            35.7808027
          ],
          [
            128.3671638,
            35.7837427
          ],
          [
            128.3650464,
            35.7855259
          ],
          [
            128.3632708,
            35.7871056
          ],
          [
            128.3597463,
            35.7901386
          ],
          [
            128.3578641,
            35.7917138
          ],
          [
            128.3553417,
            35.7930041
          ],
          [
            128.3513132,
            35.7950375
          ],
          [
            128.3466477,
            35.7975002
          ],
          [
            128.3425906,
            35.7996659
          ],
          [
            128.3407402,
            35.8023869
          ],
          [
            128.3392167,
            35.8046492
          ],
          [
            128.3376258,
            35.8069336
          ],
          [
            128.331992,
            35.8090731
          ],
          [
            128.3281173,
            35.8105233
          ],
          [
            128.3233234,
            35.8123241
          ],
          [
            128.3208221,
            35.8131456
          ],
          [
            128.3186557,
            35.8139958
          ],
          [
            128.3131513,
            35.8160825
          ],
          [
            128.3079814,
            35.8180852
          ],
          [
            128.3031818,
            35.8201925
          ],
          [
            128.301138,
            35.8211344
          ],
          [
            128.2974708,
            35.8228977
          ]
        ]
      },
      "properties": {
        "osm_type": "way",
        "osm_id": 885340200,
        "sido": "경상남도",
        "power_type": "line",
        "name": "",
        "description": "",
        "voltage": "345000",
        "cables": "12",
        "circuits": "4",
        "frequency": "",
        "operator": "",
        "wires": ""
      }
    },
    {
      "type": "Feature",
      "geometry": {
        "type": "LineString",
        "coordinates": [
          [
            128.0517335,
            35.0642992
          ],
          [
            128.0523384,
            35.0637196
          ],
          [
            128.0547805,
            35.0629314
          ],
          [
            128.0583304,
            35.061231
          ],
          [
            128.059237,
            35.0620126
          ]
        ]
      },
      "properties": {
        "osm_type": "way",
        "osm_id": 885403476,
        "sido": "경상남도",
        "power_type": "line",
        "name": "",
        "description": "",
        "voltage": "154000",
        "cables": "",
        "circuits": "",
        "frequency": "",
        "operator": "",
        "wires": ""
      }
    },
    {
      "type": "Feature",
      "geometry": {
        "type": "LineString",
        "coordinates": [
          [
            128.1306025,
            35.1652375
          ],
          [
            128.1292648,
            35.1632751
          ],
          [
            128.1285057,
            35.1621167
          ],
          [
            128.1281751,
            35.1595659
          ],
          [
            128.1277876,
            35.156491
          ],
          [
            128.1267965,
            35.1552295
          ],
          [
            128.1247446,
            35.1558961
          ],
          [
            128.1217995,
            35.1572229
          ],
          [
            128.1185889,
            35.1586395
          ],
          [
            128.1171687,
            35.1592458
          ]
        ]
      },
      "properties": {
        "osm_type": "way",
        "osm_id": 885403478,
        "sido": "경상남도",
        "power_type": "line",
        "name": "",
        "description": "",
        "voltage": "154000",
        "cables": "",
        "circuits": "",
        "frequency": "60",
        "operator": "",
        "wires": ""
      }
    },
    {
      "type": "Feature",
      "geometry": {
        "type": "LineString",
        "coordinates": [
          [
            128.1171687,
            35.1592458
          ],
          [
            128.1143591,
            35.1600758
          ],
          [
            128.1139407,
            35.1611875
          ]
        ]
      },
      "properties": {
        "osm_type": "way",
        "osm_id": 885403479,
        "sido": "경상남도",
        "power_type": "line",
        "name": "",
        "description": "",
        "voltage": "154000",
        "cables": "",
        "circuits": "",
        "frequency": "60",
        "operator": "",
        "wires": ""
      }
    },
    {
      "type": "Feature",
      "geometry": {
        "type": "LineString",
        "coordinates": [
          [
            128.1171687,
            35.1592458
          ],
          [
            128.1145629,
            35.1602227
          ],
          [
            128.1142008,
            35.1612599
          ]
        ]
      },
      "properties": {
        "osm_type": "way",
        "osm_id": 885403480,
        "sido": "경상남도",
        "power_type": "line",
        "name": "",
        "description": "",
        "voltage": "154000",
        "cables": "",
        "circuits": "",
        "frequency": "60",
        "operator": "",
        "wires": ""
      }
    },
    {
      "type": "Feature",
      "geometry": {
        "type": "LineString",
        "coordinates": [
          [
            128.0802843,
            35.0452155
          ],
          [
            128.080287,
            35.0481975
          ],
          [
            128.0808449,
            35.051118
          ],
          [
            128.0812579,
            35.0530458
          ],
          [
            128.0796647,
            35.0551756
          ],
          [
            128.0781573,
            35.0572263
          ],
          [
            128.0765265,
            35.0594614
          ],
          [
            128.0748153,
            35.0617887
          ],
          [
            128.0749172,
            35.0630445
          ],
          [
            128.0747589,
            35.0652048
          ],
          [
            128.075054,
            35.0666208
          ],
          [
            128.0742547,
            35.0677294
          ],
          [
            128.0731443,
            35.0681114
          ]
        ]
      },
      "properties": {
        "osm_type": "way",
        "osm_id": 885403483,
        "sido": "경상남도",
        "power_type": "line",
        "name": "",
        "description": "",
        "voltage": "154000",
        "cables": "",
        "circuits": "",
        "frequency": "60",
        "operator": "",
        "wires": ""
      }
    },
    {
      "type": "Feature",
      "geometry": {
        "type": "LineString",
        "coordinates": [
          [
            128.0802843,
            35.0452155
          ],
          [
            128.0863675,
            35.0431074
          ],
          [
            128.0920739,
            35.0429592
          ],
          [
            128.0923448,
            35.0413978
          ],
          [
            128.0947776,
            35.0400571
          ],
          [
            128.0997008,
            35.0405337
          ],
          [
            128.1037121,
            35.0408126
          ],
          [
            128.1129804,
            35.0414571
          ],
          [
            128.1187673,
            35.0403756
          ],
          [
            128.1228536,
            35.0404349
          ],
          [
            128.1261481,
            35.0404909
          ],
          [
            128.1280048,
            35.0405156
          ],
          [
            128.1315587,
            35.0405831
          ],
          [
            128.137064,
            35.0425167
          ],
          [
            128.1465134,
            35.0458194
          ],
          [
            128.1515318,
            35.0476003
          ],
          [
            128.1534684,
            35.0473895
          ],
          [
            128.158645,
            35.047003
          ],
          [
            128.1613192,
            35.0468076
          ],
          [
            128.1670806,
            35.0473851
          ],
          [
            128.1697118,
            35.047653
          ],
          [
            128.1729895,
            35.047978
          ],
          [
            128.177678,
            35.0485401
          ],
          [
            128.1832892,
            35.0512255
          ],
          [
            128.1876183,
            35.0530326
          ],
          [
            128.1886938,
            35.0555818
          ],
          [
            128.1901617,
            35.0580667
          ],
          [
            128.1915048,
            35.0610554
          ],
          [
            128.1945169,
            35.0636241
          ],
          [
            128.1970355,
            35.066084
          ],
          [
            128.1953698,
            35.0695735
          ],
          [
            128.1962509,
            35.071502
          ],
          [
            128.1924194,
            35.0760339
          ],
          [
            128.1908034,
            35.0782992
          ],
          [
            128.1885999,
            35.079805
          ],
          [
            128.1859365,
            35.0835276
          ],
          [
            128.1844935,
            35.0856401
          ],
          [
            128.1832597,
            35.090935
          ],
          [
            128.1827715,
            35.0922946
          ],
          [
            128.1816906,
            35.0953374
          ],
          [
            128.1811246,
            35.0968308
          ],
          [
            128.1795515,
            35.1009586
          ],
          [
            128.1783767,
            35.104033
          ],
          [
            128.1772247,
            35.1069547
          ],
          [
            128.1760217,
            35.108065
          ],
          [
            128.1706868,
            35.110291
          ],
          [
            128.1675547,
            35.1116371
          ],
          [
            128.1629755,
            35.1129525
          ],
          [
            128.1615532,
            35.1141729
          ],
          [
            128.159848,
            35.1160483
          ],
          [
            128.155008,
            35.1199415
          ],
          [
            128.1531358,
            35.1214377
          ],
          [
            128.1518845,
            35.1224787
          ],
          [
            128.1496704,
            35.1242809
          ],
          [
            128.1459475,
            35.1273346
          ],
          [
            128.1444065,
            35.1286618
          ],
          [
            128.1417082,
            35.131683
          ],
          [
            128.1398454,
            35.1336419
          ],
          [
            128.1379303,
            35.135769
          ],
          [
            128.1356907,
            35.1382125
          ],
          [
            128.133164,
            35.1402765
          ],
          [
            128.1296101,
            35.1431015
          ],
          [
            128.1285473,
            35.1442069
          ],
          [
            128.1262694,
            35.1472719
          ],
          [
            128.1246065,
            35.1495528
          ],
          [
            128.1234196,
            35.1505583
          ],
          [
            128.1217915,
            35.151986
          ]
        ]
      },
      "properties": {
        "osm_type": "way",
        "osm_id": 885403484,
        "sido": "경상남도",
        "power_type": "line",
        "name": "",
        "description": "",
        "voltage": "154000",
        "cables": "",
        "circuits": "",
        "frequency": "60",
        "operator": "",
        "wires": ""
      }
    },
    {
      "type": "Feature",
      "geometry": {
        "type": "LineString",
        "coordinates": [
          [
            128.1115589,
            34.9159075
          ],
          [
            128.1191844,
            34.9172866
          ],
          [
            128.122513,
            34.9191626
          ],
          [
            128.1246239,
            34.9206042
          ],
          [
            128.1256545,
            34.922434
          ],
          [
            128.1273624,
            34.9251983
          ],
          [
            128.1298529,
            34.9274766
          ],
          [
            128.1318296,
            34.9309665
          ],
          [
            128.1331828,
            34.9333645
          ],
          [
            128.1342396,
            34.9350466
          ],
          [
            128.1366992,
            34.9391035
          ],
          [
            128.1359187,
            34.943248
          ],
          [
            128.134312,
            34.9467658
          ],
          [
            128.1335798,
            34.9483246
          ],
          [
            128.1321394,
            34.9513519
          ],
          [
            128.1294197,
            34.9542296
          ],
          [
            128.126936,
            34.957692
          ],
          [
            128.1217486,
            34.9572149
          ],
          [
            128.1188196,
            34.9575359
          ],
          [
            128.1115884,
            34.9560806
          ],
          [
            128.1074712,
            34.9552518
          ],
          [
            128.1042659,
            34.9545989
          ],
          [
            128.0979735,
            34.9568742
          ],
          [
            128.0948594,
            34.9578722
          ],
          [
            128.0877516,
            34.9603782
          ],
          [
            128.0850211,
            34.961374
          ],
          [
            128.0841507,
            34.9631754
          ],
          [
            128.0827278,
            34.9663065
          ],
          [
            128.081557,
            34.9688881
          ],
          [
            128.080342,
            34.9714344
          ],
          [
            128.0796233,
            34.9730369
          ],
          [
            128.0789807,
            34.9744696
          ],
          [
            128.0775873,
            34.9766586
          ],
          [
            128.0762972,
            34.9787564
          ],
          [
            128.0743459,
            34.9817903
          ],
          [
            128.0725273,
            34.9846614
          ],
          [
            128.0706511,
            34.987616
          ],
          [
            128.0710039,
            34.9908879
          ],
          [
            128.0712332,
            34.9926667
          ],
          [
            128.0718119,
            34.9983054
          ],
          [
            128.0720848,
            35.0009162
          ],
          [
            128.0723342,
            35.0031275
          ],
          [
            128.0726105,
            35.0055805
          ],
          [
            128.075033,
            35.0102199
          ],
          [
            128.0759659,
            35.0120064
          ],
          [
            128.0755784,
            35.0154213
          ],
          [
            128.0753262,
            35.0177048
          ],
          [
            128.0750768,
            35.0199157
          ],
          [
            128.0748166,
            35.0221705
          ],
          [
            128.0740991,
            35.024401
          ],
          [
            128.0730101,
            35.0278945
          ],
          [
            128.0736244,
            35.0300546
          ],
          [
            128.0745202,
            35.0332864
          ],
          [
            128.0751385,
            35.0356869
          ],
          [
            128.0763441,
            35.0397684
          ],
          [
            128.0772695,
            35.0430371
          ],
          [
            128.0783585,
            35.0461883
          ],
          [
            128.0802843,
            35.0452155
          ]
        ]
      },
      "properties": {
        "osm_type": "way",
        "osm_id": 885403485,
        "sido": "경상남도",
        "power_type": "line",
        "name": "",
        "description": "",
        "voltage": "154000",
        "cables": "",
        "circuits": "",
        "frequency": "60",
        "operator": "",
        "wires": ""
      }
    },
    {
      "type": "Feature",
      "geometry": {
        "type": "LineString",
        "coordinates": [
          [
            128.6372316,
            35.2044444
          ],
          [
            128.6390501,
            35.2044312
          ],
          [
            128.6406326,
            35.2038285
          ],
          [
            128.6425719,
            35.2034515
          ],
          [
            128.6444896,
            35.2033135
          ],
          [
            128.6458737,
            35.2047819
          ],
          [
            128.6466408,
            35.2071729
          ],
          [
            128.6468741,
            35.2093666
          ],
          [
            128.6469734,
            35.2105303
          ],
          [
            128.6472711,
            35.2123602
          ],
          [
            128.6485036,
            35.2159474
          ],
          [
            128.6502698,
            35.2179941
          ],
          [
            128.6519971,
            35.2208263
          ],
          [
            128.6544487,
            35.2236671
          ]
        ]
      },
      "properties": {
        "osm_type": "way",
        "osm_id": 890587103,
        "sido": "경상남도",
        "power_type": "line",
        "name": "",
        "description": "",
        "voltage": "154000",
        "cables": "12",
        "circuits": "4",
        "frequency": "60",
        "operator": "",
        "wires": ""
      }
    },
    {
      "type": "Feature",
      "geometry": {
        "type": "LineString",
        "coordinates": [
          [
            128.6462653,
            35.2770689
          ],
          [
            128.6448517,
            35.2775572
          ],
          [
            128.6426952,
            35.2765324
          ],
          [
            128.6405978,
            35.2760857
          ],
          [
            128.6369204,
            35.2749558
          ],
          [
            128.635397,
            35.2749683
          ]
        ]
      },
      "properties": {
        "osm_type": "way",
        "osm_id": 890587106,
        "sido": "경상남도",
        "power_type": "line",
        "name": "",
        "description": "",
        "voltage": "154000",
        "cables": "",
        "circuits": "",
        "frequency": "60",
        "operator": "",
        "wires": ""
      }
    },
    {
      "type": "Feature",
      "geometry": {
        "type": "LineString",
        "coordinates": [
          [
            128.6462653,
            35.2770689
          ],
          [
            128.6479277,
            35.2792334
          ],
          [
            128.6492264,
            35.280581
          ],
          [
            128.6521768,
            35.2838216
          ],
          [
            128.6551273,
            35.2869174
          ],
          [
            128.6567581,
            35.2892995
          ],
          [
            128.6580777,
            35.2911429
          ],
          [
            128.6615592,
            35.2926491
          ],
          [
            128.664338,
            35.2923557
          ],
          [
            128.6706224,
            35.2912326
          ],
          [
            128.6736077,
            35.288647
          ],
          [
            128.675563,
            35.2886011
          ]
        ]
      },
      "properties": {
        "osm_type": "way",
        "osm_id": 890587107,
        "sido": "경상남도",
        "power_type": "line",
        "name": "",
        "description": "",
        "voltage": "154000",
        "cables": "",
        "circuits": "",
        "frequency": "60",
        "operator": "",
        "wires": ""
      }
    },
    {
      "type": "Feature",
      "geometry": {
        "type": "LineString",
        "coordinates": [
          [
            128.6462653,
            35.2770689
          ],
          [
            128.6535582,
            35.2795454
          ],
          [
            128.6604729,
            35.2819243
          ],
          [
            128.6631149,
            35.2828604
          ],
          [
            128.6714445,
            35.2857351
          ],
          [
            128.6760914,
            35.2874976
          ],
          [
            128.6762443,
            35.2884303
          ]
        ]
      },
      "properties": {
        "osm_type": "way",
        "osm_id": 890587108,
        "sido": "경상남도",
        "power_type": "line",
        "name": "",
        "description": "",
        "voltage": "154000",
        "cables": "",
        "circuits": "",
        "frequency": "60",
        "operator": "",
        "wires": ""
      }
    },
    {
      "type": "Feature",
      "geometry": {
        "type": "LineString",
        "coordinates": [
          [
            128.7046918,
            35.2273349
          ],
          [
            128.7087346,
            35.2270334
          ]
        ]
      },
      "properties": {
        "osm_type": "way",
        "osm_id": 890587109,
        "sido": "경상남도",
        "power_type": "line",
        "name": "",
        "description": "",
        "voltage": "154000",
        "cables": "12",
        "circuits": "4",
        "frequency": "60",
        "operator": "",
        "wires": ""
      }
    },
    {
      "type": "Feature",
      "geometry": {
        "type": "LineString",
        "coordinates": [
          [
            128.4325361,
            34.8673064
          ],
          [
            128.4323215,
            34.8680788
          ],
          [
            128.4308276,
            34.8684661
          ],
          [
            128.4280863,
            34.8691924
          ],
          [
            128.4265548,
            34.8695797
          ],
          [
            128.4222485,
            34.8706932
          ],
          [
            128.4197373,
            34.8713473
          ],
          [
            128.416298,
            34.8722248
          ],
          [
            128.4146351,
            34.8726451
          ],
          [
            128.4114808,
            34.8734681
          ],
          [
            128.408867,
            34.8752384
          ],
          [
            128.405427,
            34.8775566
          ],
          [
            128.4051132,
            34.8789956
          ],
          [
            128.4045821,
            34.8814732
          ],
          [
            128.4033376,
            34.8872334
          ],
          [
            128.4024632,
            34.891132
          ],
          [
            128.4021789,
            34.8924961
          ],
          [
            128.4013957,
            34.8961304
          ],
          [
            128.4003711,
            34.9008315
          ],
          [
            128.399502,
            34.9047625
          ],
          [
            128.3976164,
            34.9060251
          ],
          [
            128.3958891,
            34.9072063
          ],
          [
            128.3933035,
            34.9088956
          ],
          [
            128.3904415,
            34.9107905
          ],
          [
            128.3885935,
            34.9120101
          ],
          [
            128.3860266,
            34.9137202
          ],
          [
            128.383504,
            34.9154072
          ],
          [
            128.3820127,
            34.916398
          ],
          [
            128.3815245,
            34.9167224
          ],
          [
            128.3772786,
            34.919675
          ],
          [
            128.3743805,
            34.9216016
          ],
          [
            128.3701479,
            34.9244396
          ],
          [
            128.3687344,
            34.9264354
          ],
          [
            128.3670661,
            34.9287488
          ],
          [
            128.3654179,
            34.9310083
          ],
          [
            128.3625452,
            34.9350015
          ],
          [
            128.3619766,
            34.935792
          ],
          [
            128.3603297,
            34.9381063
          ],
          [
            128.3588344,
            34.9401655
          ],
          [
            128.3574557,
            34.9429204
          ],
          [
            128.355436,
            34.9468768
          ],
          [
            128.3534887,
            34.950688
          ],
          [
            128.351689,
            34.9542296
          ],
          [
            128.3493152,
            34.9589362
          ],
          [
            128.3481351,
            34.9612399
          ],
          [
            128.3468182,
            34.9639199
          ],
          [
            128.344785,
            34.9678386
          ],
          [
            128.3435726,
            34.9702168
          ],
          [
            128.3420384,
            34.972274
          ],
          [
            128.3405095,
            34.9743136
          ],
          [
            128.3389243,
            34.976474
          ],
          [
            128.3374035,
            34.9785157
          ],
          [
            128.3357862,
            34.9806914
          ],
          [
            128.3322456,
            34.9818474
          ],
          [
            128.3285442,
            34.9830407
          ],
          [
            128.3247918,
            34.9842516
          ],
          [
            128.3213626,
            34.9853284
          ],
          [
            128.3173326,
            34.9866732
          ],
          [
            128.3121479,
            34.9866029
          ],
          [
            128.3098143,
            34.9865853
          ],
          [
            128.3069766,
            34.9861151
          ],
          [
            128.3040798,
            34.9856536
          ],
          [
            128.3010569,
            34.9851701
          ],
          [
            128.2981387,
            34.9847043
          ],
          [
            128.2935816,
            34.9839967
          ],
          [
            128.2900974,
            34.9834363
          ],
          [
            128.2858729,
            34.9827792
          ],
          [
            128.2818121,
            34.9821419
          ],
          [
            128.276689,
            34.9829198
          ],
          [
            128.274027,
            34.983311
          ],
          [
            128.2672423,
            34.9843263
          ],
          [
            128.2658556,
            34.9845416
          ],
          [
            128.2623151,
            34.9850625
          ],
          [
            128.256889,
            34.9858843
          ],
          [
            128.2547969,
            34.9862228
          ],
          [
            128.2516855,
            34.988451
          ],
          [
            128.2488652,
            34.9903869
          ],
          [
            128.2463613,
            34.9920888
          ],
          [
            128.2447815,
            34.9919559
          ],
          [
            128.2431266,
            34.9901507
          ],
          [
            128.2414542,
            34.9883104
          ],
          [
            128.2394734,
            34.9861195
          ],
          [
            128.2380518,
            34.9845823
          ],
          [
            128.2374805,
            34.9827572
          ],
          [
            128.2369441,
            34.9811749
          ],
          [
            128.2359731,
            34.9780674
          ],
          [
            128.2351363,
            34.97554
          ],
          [
            128.2332453,
            34.9733575
          ],
          [
            128.231349,
            34.9712256
          ],
          [
            128.2293481,
            34.9689749
          ],
          [
            128.2271031,
            34.9664846
          ],
          [
            128.2238656,
            34.9652383
          ],
          [
            128.2209903,
            34.9641238
          ],
          [
            128.2184851,
            34.963216
          ],
          [
            128.2162052,
            34.9623192
          ],
          [
            128.2130295,
            34.9611234
          ],
          [
            128.2106557,
            34.9602309
          ],
          [
            128.2083866,
            34.9593912
          ],
          [
            128.2056266,
            34.9583514
          ],
          [
            128.2025742,
            34.9571907
          ],
          [
            128.2013887,
            34.9567599
          ],
          [
            128.1983149,
            34.9555596
          ],
          [
            128.196027,
            34.9546935
          ],
          [
            128.1915906,
            34.9529963
          ],
          [
            128.1865963,
            34.9510749
          ],
          [
            128.1843218,
            34.9502307
          ],
          [
            128.1822297,
            34.9478343
          ],
          [
            128.1801295,
            34.9453169
          ],
          [
            128.1786516,
            34.9435844
          ],
          [
            128.1778631,
            34.9425862
          ],
          [
            128.1750038,
            34.939198
          ],
          [
            128.1728554,
            34.9366518
          ],
          [
            128.1717744,
            34.9353677
          ],
          [
            128.171002,
            34.9344771
          ],
          [
            128.1702349,
            34.9335844
          ],
          [
            128.1693926,
            34.9314316
          ],
          [
            128.166225,
            34.9307675
          ],
          [
            128.163642,
            34.9302067
          ],
          [
            128.1620085,
            34.9298593
          ],
          [
            128.1612656,
            34.9296955
          ],
          [
            128.1567353,
            34.9272226
          ],
          [
            128.1544045,
            34.925923
          ],
          [
            128.1525296,
            34.9248729
          ],
          [
            128.1495738,
            34.9231982
          ],
          [
            128.1468487,
            34.9216983
          ],
          [
            128.1438607,
            34.9200577
          ],
          [
            128.1408298,
            34.918351
          ],
          [
            128.1364256,
            34.9174361
          ],
          [
            128.1337488,
            34.9168819
          ],
          [
            128.1313455,
            34.916376
          ],
          [
            128.1287062,
            34.9155666
          ],
          [
            128.1261098,
            34.9151443
          ],
          [
            128.1245005,
            34.9148188
          ],
          [
            128.1217459,
            34.9143328
          ]
        ]
      },
      "properties": {
        "osm_type": "way",
        "osm_id": 890917091,
        "sido": "경상남도",
        "power_type": "line",
        "name": "",
        "description": "",
        "voltage": "154000",
        "cables": "",
        "circuits": "",
        "frequency": "60",
        "operator": "",
        "wires": ""
      }
    },
    {
      "type": "Feature",
      "geometry": {
        "type": "LineString",
        "coordinates": [
          [
            128.4335397,
            34.8488028
          ],
          [
            128.4355703,
            34.8504994
          ],
          [
            128.4396976,
            34.8541364
          ],
          [
            128.4388608,
            34.8594979
          ],
          [
            128.4381929,
            34.8608361
          ],
          [
            128.4361598,
            34.8618221
          ],
          [
            128.4343547,
            34.8628917
          ],
          [
            128.4323269,
            34.8654358
          ],
          [
            128.4325361,
            34.8673064
          ]
        ]
      },
      "properties": {
        "osm_type": "way",
        "osm_id": 890917093,
        "sido": "경상남도",
        "power_type": "line",
        "name": "",
        "description": "",
        "voltage": "154000",
        "cables": "12",
        "circuits": "4",
        "frequency": "60",
        "operator": "",
        "wires": ""
      }
    },
    {
      "type": "Feature",
      "geometry": {
        "type": "LineString",
        "coordinates": [
          [
            128.1046736,
            34.9299099
          ],
          [
            128.1056124,
            34.9300242
          ],
          [
            128.1096759,
            34.9318142
          ],
          [
            128.1124037,
            34.9327905
          ],
          [
            128.1151396,
            34.933824
          ],
          [
            128.1169099,
            34.9348223
          ],
          [
            128.1197798,
            34.9349279
          ],
          [
            128.1231487,
            34.9348795
          ],
          [
            128.1280142,
            34.9348443
          ],
          [
            128.1315494,
            34.935007
          ],
          [
            128.1339794,
            34.9351346
          ],
          [
            128.1342396,
            34.9350466
          ]
        ]
      },
      "properties": {
        "osm_type": "way",
        "osm_id": 890917095,
        "sido": "경상남도",
        "power_type": "line",
        "name": "",
        "description": "",
        "voltage": "154000",
        "cables": "",
        "circuits": "",
        "frequency": "60",
        "operator": "",
        "wires": ""
      }
    },
    {
      "type": "Feature",
      "geometry": {
        "type": "LineString",
        "coordinates": [
          [
            128.1209095,
            34.915045
          ],
          [
            128.1241898,
            34.915314
          ],
          [
            128.1254346,
            34.9157692
          ],
          [
            128.1298,
            34.9173797
          ],
          [
            128.1317598,
            34.9193349
          ],
          [
            128.1328406,
            34.920397
          ],
          [
            128.1344219,
            34.9219832
          ],
          [
            128.136676,
            34.9228073
          ],
          [
            128.1396283,
            34.9237694
          ],
          [
            128.1430264,
            34.9249418
          ],
          [
            128.1459577,
            34.9259038
          ],
          [
            128.1501001,
            34.9272554
          ],
          [
            128.1522702,
            34.9279588
          ],
          [
            128.1540659,
            34.9284588
          ],
          [
            128.157342,
            34.9292277
          ],
          [
            128.1614929,
            34.9301207
          ],
          [
            128.1628681,
            34.9304758
          ],
          [
            128.1654209,
            34.931062
          ],
          [
            128.1682554,
            34.9326583
          ],
          [
            128.1705427,
            34.9350734
          ],
          [
            128.171643,
            34.9362318
          ],
          [
            128.1744727,
            34.939253
          ],
          [
            128.1770986,
            34.9423774
          ],
          [
            128.1783566,
            34.9438219
          ],
          [
            128.1794482,
            34.9451696
          ],
          [
            128.181535,
            34.9478299
          ],
          [
            128.184008,
            34.9507473
          ],
          [
            128.1863496,
            34.9516047
          ],
          [
            128.1912982,
            34.9534624
          ],
          [
            128.195563,
            34.9550386
          ],
          [
            128.1983578,
            34.956041
          ],
          [
            128.20126,
            34.9571292
          ],
          [
            128.2026011,
            34.9576172
          ],
          [
            128.2054228,
            34.9586262
          ],
          [
            128.2085636,
            34.9599517
          ],
          [
            128.2106772,
            34.9608398
          ],
          [
            128.2127371,
            34.9617169
          ],
          [
            128.2157117,
            34.9630006
          ],
          [
            128.2198316,
            34.9648118
          ],
          [
            128.2231253,
            34.9673066
          ],
          [
            128.226741,
            34.9700761
          ],
          [
            128.228656,
            34.971597
          ],
          [
            128.2301581,
            34.9733861
          ],
          [
            128.231703,
            34.9753158
          ],
          [
            128.2331997,
            34.978252
          ],
          [
            128.2358336,
            34.9822606
          ],
          [
            128.2379419,
            34.9848801
          ],
          [
            128.2408655,
            34.9884752
          ],
          [
            128.2422066,
            34.9901276
          ],
          [
            128.2441378,
            34.9925184
          ],
          [
            128.2445025,
            34.9952145
          ],
          [
            128.2454091,
            34.9979236
          ],
          [
            128.2462916,
            35.000468
          ],
          [
            128.2470453,
            35.0025904
          ],
          [
            128.251369,
            35.0077841
          ],
          [
            128.2561916,
            35.0101962
          ],
          [
            128.2577741,
            35.0120987
          ],
          [
            128.2597536,
            35.0158508
          ],
          [
            128.2611,
            35.0204066
          ],
          [
            128.2615238,
            35.0223352
          ],
          [
            128.263396,
            35.0235916
          ],
          [
            128.2679558,
            35.0267457
          ],
          [
            128.2714587,
            35.0280109
          ],
          [
            128.2739907,
            35.0289289
          ],
          [
            128.276571,
            35.0298295
          ],
          [
            128.2807499,
            35.0305411
          ],
          [
            128.282885,
            35.0310242
          ],
          [
            128.285771,
            35.0308178
          ],
          [
            128.2899767,
            35.0305147
          ],
          [
            128.2925248,
            35.0312527
          ],
          [
            128.2955772,
            35.0325397
          ],
          [
            128.3009309,
            35.0360536
          ],
          [
            128.3073842,
            35.0370946
          ],
          [
            128.3100343,
            35.0382542
          ],
          [
            128.3139986,
            35.038342
          ],
          [
            128.317582,
            35.0383728
          ],
          [
            128.3220559,
            35.0369628
          ],
          [
            128.3247757,
            35.0361547
          ],
          [
            128.3255456,
            35.0354563
          ]
        ]
      },
      "properties": {
        "osm_type": "way",
        "osm_id": 890917099,
        "sido": "경상남도",
        "power_type": "line",
        "name": "",
        "description": "",
        "voltage": "154000",
        "cables": "",
        "circuits": "",
        "frequency": "60",
        "operator": "",
        "wires": ""
      }
    },
    {
      "type": "Feature",
      "geometry": {
        "type": "LineString",
        "coordinates": [
          [
            128.6902884,
            35.4141399
          ],
          [
            128.6908664,
            35.4148688
          ],
          [
            128.6914471,
            35.4152832
          ],
          [
            128.6935312,
            35.4182429
          ],
          [
            128.6984718,
            35.4205336
          ],
          [
            128.7020981,
            35.4213358
          ],
          [
            128.7037504,
            35.4225948
          ],
          [
            128.7060866,
            35.4215456
          ],
          [
            128.7111157,
            35.4211784
          ],
          [
            128.7172419,
            35.4225511
          ],
          [
            128.7203425,
            35.4224025
          ],
          [
            128.7238401,
            35.4225292
          ],
          [
            128.7273216,
            35.4216506
          ],
          [
            128.7300897,
            35.4221708
          ],
          [
            128.7333298,
            35.4222538
          ],
          [
            128.7387907,
            35.4234123
          ],
          [
            128.7428677,
            35.4232287
          ],
          [
            128.7466818,
            35.4239281
          ],
          [
            128.749938,
            35.4241466
          ],
          [
            128.7547231,
            35.4224549
          ],
          [
            128.7603664,
            35.4227871
          ],
          [
            128.7646687,
            35.4230451
          ],
          [
            128.7675816,
            35.424068
          ],
          [
            128.7700412,
            35.4267104
          ],
          [
            128.7730801,
            35.4292129
          ],
          [
            128.7747914,
            35.4313504
          ],
          [
            128.7763953,
            35.4336101
          ],
          [
            128.7788951,
            35.437522
          ],
          [
            128.7804401,
            35.4394385
          ],
          [
            128.7847665,
            35.4441498
          ],
          [
            128.7878349,
            35.4481354
          ],
          [
            128.7897259,
            35.4501609
          ]
        ]
      },
      "properties": {
        "osm_type": "way",
        "osm_id": 890917104,
        "sido": "경상남도",
        "power_type": "line",
        "name": "",
        "description": "",
        "voltage": "154000",
        "cables": "6",
        "circuits": "2",
        "frequency": "60",
        "operator": "",
        "wires": ""
      }
    },
    {
      "type": "Feature",
      "geometry": {
        "type": "LineString",
        "coordinates": [
          [
            128.6902884,
            35.4141399
          ],
          [
            128.6906853,
            35.4152963
          ],
          [
            128.6927694,
            35.4189577
          ],
          [
            128.6902267,
            35.4219478
          ],
          [
            128.6868095,
            35.4234516
          ],
          [
            128.6844492,
            35.4246581
          ],
          [
            128.6824858,
            35.4271716
          ],
          [
            128.6825877,
            35.4298948
          ],
          [
            128.6806673,
            35.4302838
          ],
          [
            128.6779529,
            35.4311274
          ],
          [
            128.6756569,
            35.4318618
          ],
          [
            128.671419,
            35.4346548
          ],
          [
            128.6688173,
            35.4333129
          ],
          [
            128.6652231,
            35.4306379
          ],
          [
            128.6618811,
            35.4289638
          ],
          [
            128.656581,
            35.428684
          ],
          [
            128.6549503,
            35.4288807
          ],
          [
            128.6493069,
            35.4295976
          ],
          [
            128.6473274,
            35.4295014
          ],
          [
            128.6449671,
            35.4309701
          ],
          [
            128.6410725,
            35.4333304
          ],
          [
            128.6393237,
            35.4348777
          ],
          [
            128.6362982,
            35.4374477
          ],
          [
            128.6343562,
            35.4391697
          ],
          [
            128.6332726,
            35.4422552
          ],
          [
            128.6325753,
            35.4444229
          ],
          [
            128.6317813,
            35.4467916
          ],
          [
            128.6292279,
            35.4490902
          ],
          [
            128.6265457,
            35.4502701
          ],
          [
            128.6227155,
            35.4496409
          ],
          [
            128.6192179,
            35.4490465
          ],
          [
            128.6165893,
            35.4486008
          ],
          [
            128.6131024,
            35.4480589
          ],
          [
            128.6095941,
            35.4490378
          ],
          [
            128.6072016,
            35.4509781
          ],
          [
            128.6045623,
            35.4531717
          ],
          [
            128.5994339,
            35.453565
          ],
          [
            128.5952282,
            35.4538534
          ],
          [
            128.592428,
            35.4540282
          ],
          [
            128.5863662,
            35.4554702
          ],
          [
            128.5828793,
            35.4568685
          ],
          [
            128.5790169,
            35.4595252
          ],
          [
            128.577193,
            35.4602418
          ],
          [
            128.5746288,
            35.4605127
          ],
          [
            128.5726654,
            35.4584765
          ],
          [
            128.569951,
            35.456886
          ],
          [
            128.5669684,
            35.455444
          ],
          [
            128.5621941,
            35.4532329
          ],
          [
            128.5552633,
            35.4500254
          ],
          [
            128.5493111,
            35.4486604
          ]
        ]
      },
      "properties": {
        "osm_type": "way",
        "osm_id": 890917105,
        "sido": "경상남도",
        "power_type": "line",
        "name": "",
        "description": "",
        "voltage": "154000",
        "cables": "6",
        "circuits": "2",
        "frequency": "60",
        "operator": "",
        "wires": ""
      }
    },
    {
      "type": "Feature",
      "geometry": {
        "type": "LineString",
        "coordinates": [
          [
            128.6790308,
            35.1846173
          ],
          [
            128.6815926,
            35.1839347
          ],
          [
            128.6835667,
            35.1832989
          ],
          [
            128.6859539,
            35.1825163
          ],
          [
            128.6875042,
            35.1820143
          ],
          [
            128.689658,
            35.1813281
          ],
          [
            128.6919057,
            35.1805981
          ],
          [
            128.6945289,
            35.1797365
          ],
          [
            128.6972809,
            35.1788421
          ],
          [
            128.6991477,
            35.1786447
          ],
          [
            128.7014613,
            35.1787649
          ],
          [
            128.7016797,
            35.1787763
          ],
          [
            128.7044477,
            35.1803723
          ],
          [
            128.7054616,
            35.1809686
          ],
          [
            128.7090533,
            35.1813503
          ]
        ]
      },
      "properties": {
        "osm_type": "way",
        "osm_id": 890917111,
        "sido": "경상남도",
        "power_type": "line",
        "name": "",
        "description": "",
        "voltage": "154000",
        "cables": "6",
        "circuits": "2",
        "frequency": "60",
        "operator": "",
        "wires": ""
      }
    },
    {
      "type": "Feature",
      "geometry": {
        "type": "LineString",
        "coordinates": [
          [
            128.7494169,
            35.1242581
          ],
          [
            128.7441218,
            35.1251912
          ],
          [
            128.7399362,
            35.1264169
          ],
          [
            128.7359801,
            35.1287352
          ],
          [
            128.7344659,
            35.1301063
          ],
          [
            128.7339096,
            35.13061
          ],
          [
            128.7332013,
            35.1314915
          ],
          [
            128.7296733,
            35.1325762
          ],
          [
            128.7282476,
            35.1362237
          ],
          [
            128.7264412,
            35.1403359
          ],
          [
            128.7263056,
            35.1431879
          ],
          [
            128.7281542,
            35.147229
          ],
          [
            128.7290539,
            35.1488312
          ],
          [
            128.7292141,
            35.150897
          ],
          [
            128.7290292,
            35.1528015
          ],
          [
            128.7277968,
            35.1550989
          ],
          [
            128.7267069,
            35.15679
          ],
          [
            128.7246171,
            35.1581217
          ],
          [
            128.7212774,
            35.1593773
          ],
          [
            128.7193617,
            35.1595288
          ]
        ]
      },
      "properties": {
        "osm_type": "way",
        "osm_id": 890917112,
        "sido": "경상남도",
        "power_type": "line",
        "name": "",
        "description": "",
        "voltage": "154000",
        "cables": "",
        "circuits": "",
        "frequency": "60",
        "operator": "",
        "wires": ""
      }
    },
    {
      "type": "Feature",
      "geometry": {
        "type": "LineString",
        "coordinates": [
          [
            128.7098175,
            35.187133
          ],
          [
            128.7113196,
            35.1861246
          ],
          [
            128.7110835,
            35.1845353
          ],
          [
            128.7090533,
            35.1813503
          ]
        ]
      },
      "properties": {
        "osm_type": "way",
        "osm_id": 890917113,
        "sido": "경상남도",
        "power_type": "line",
        "name": "",
        "description": "",
        "voltage": "154000",
        "cables": "12",
        "circuits": "4",
        "frequency": "60",
        "operator": "",
        "wires": ""
      }
    },
    {
      "type": "Feature",
      "geometry": {
        "type": "LineString",
        "coordinates": [
          [
            128.7096888,
            35.1876591
          ],
          [
            128.7110245,
            35.1879506
          ],
          [
            128.7128109,
            35.1870168
          ],
          [
            128.7161348,
            35.1844282
          ]
        ]
      },
      "properties": {
        "osm_type": "way",
        "osm_id": 890917114,
        "sido": "경상남도",
        "power_type": "line",
        "name": "",
        "description": "",
        "voltage": "154000",
        "cables": "12",
        "circuits": "4",
        "frequency": "60",
        "operator": "",
        "wires": ""
      }
    },
    {
      "type": "Feature",
      "geometry": {
        "type": "LineString",
        "coordinates": [
          [
            128.2711047,
            35.1928586
          ],
          [
            128.2738647,
            35.1915543
          ]
        ]
      },
      "properties": {
        "osm_type": "way",
        "osm_id": 891430219,
        "sido": "경상남도",
        "power_type": "line",
        "name": "",
        "description": "",
        "voltage": "154000",
        "cables": "",
        "circuits": "",
        "frequency": "60",
        "operator": "",
        "wires": ""
      }
    },
    {
      "type": "Feature",
      "geometry": {
        "type": "LineString",
        "coordinates": [
          [
            128.2711047,
            35.1928586
          ],
          [
            128.2737091,
            35.1913812
          ]
        ]
      },
      "properties": {
        "osm_type": "way",
        "osm_id": 891430220,
        "sido": "경상남도",
        "power_type": "line",
        "name": "",
        "description": "",
        "voltage": "154000",
        "cables": "",
        "circuits": "",
        "frequency": "60",
        "operator": "",
        "wires": ""
      }
    },
    {
      "type": "Feature",
      "geometry": {
        "type": "LineString",
        "coordinates": [
          [
            128.2711047,
            35.1928586
          ],
          [
            128.2684761,
            35.1941474
          ],
          [
            128.2661694,
            35.1966944
          ],
          [
            128.263396,
            35.1979744
          ],
          [
            128.2611698,
            35.2005169
          ],
          [
            128.2602793,
            35.2020555
          ]
        ]
      },
      "properties": {
        "osm_type": "way",
        "osm_id": 891430221,
        "sido": "경상남도",
        "power_type": "line",
        "name": "",
        "description": "",
        "voltage": "154000",
        "cables": "",
        "circuits": "",
        "frequency": "60",
        "operator": "",
        "wires": ""
      }
    },
    {
      "type": "Feature",
      "geometry": {
        "type": "LineString",
        "coordinates": [
          [
            128.3651046,
            35.2442692
          ],
          [
            128.3620718,
            35.2435841
          ],
          [
            128.3585072,
            35.2428283
          ],
          [
            128.3537275,
            35.2417177
          ],
          [
            128.3501816,
            35.2408809
          ],
          [
            128.3466819,
            35.2390965
          ],
          [
            128.3437872,
            35.2374831
          ],
          [
            128.3397693,
            35.2352441
          ],
          [
            128.3384871,
            35.234473
          ],
          [
            128.334083,
            35.2319316
          ],
          [
            128.3299738,
            35.2296705
          ],
          [
            128.3244565,
            35.2265221
          ],
          [
            128.3200952,
            35.2240111
          ],
          [
            128.3171314,
            35.2223174
          ],
          [
            128.3157179,
            35.2215121
          ],
          [
            128.3117616,
            35.2192387
          ],
          [
            128.3091411,
            35.2177673
          ],
          [
            128.3041871,
            35.214957
          ],
          [
            128.3027038,
            35.2145011
          ],
          [
            128.2987556,
            35.2132827
          ],
          [
            128.2923692,
            35.2113433
          ],
          [
            128.2909986,
            35.2109686
          ],
          [
            128.2893142,
            35.2104361
          ],
          [
            128.2852989,
            35.2092264
          ],
          [
            128.2800686,
            35.2077142
          ],
          [
            128.2747686,
            35.2062064
          ],
          [
            128.2729554,
            35.205698
          ],
          [
            128.2714091,
            35.2052323
          ],
          [
            128.2683796,
            35.2043786
          ],
          [
            128.2651555,
            35.20348
          ],
          [
            128.2616204,
            35.202485
          ],
          [
            128.2602793,
            35.2020555
          ],
          [
            128.2583481,
            35.2015546
          ],
          [
            128.2528818,
            35.2006001
          ],
          [
            128.2493976,
            35.1982056
          ],
          [
            128.2477681,
            35.1970801
          ],
          [
            128.2429603,
            35.1936838
          ],
          [
            128.2403746,
            35.1918766
          ],
          [
            128.237974,
            35.1904825
          ],
          [
            128.2349512,
            35.1884526
          ],
          [
            128.2298845,
            35.1848225
          ],
          [
            128.2282376,
            35.1837133
          ],
          [
            128.2261488,
            35.1824282
          ],
          [
            128.2190805,
            35.1792717
          ],
          [
            128.2174605,
            35.1779432
          ],
          [
            128.2149553,
            35.1765971
          ],
          [
            128.2107174,
            35.1743521
          ],
          [
            128.2084349,
            35.1723964
          ],
          [
            128.2070053,
            35.1711729
          ],
          [
            128.2031965,
            35.1685506
          ],
          [
            128.1990766,
            35.1656717
          ],
          [
            128.196086,
            35.1635623
          ],
          [
            128.1935701,
            35.1618213
          ],
          [
            128.1906116,
            35.1597469
          ],
          [
            128.1892973,
            35.1588149
          ],
          [
            128.1867439,
            35.156997
          ],
          [
            128.1851345,
            35.1558611
          ],
          [
            128.1825113,
            35.153997
          ],
          [
            128.1785524,
            35.15344
          ],
          [
            128.1728286,
            35.1525146
          ],
          [
            128.1704494,
            35.1520189
          ],
          [
            128.1639075,
            35.1507097
          ],
          [
            128.1595999,
            35.1498587
          ],
          [
            128.1540906,
            35.1487841
          ],
          [
            128.1484956,
            35.1476546
          ],
          [
            128.146551,
            35.1472708
          ],
          [
            128.1427717,
            35.1465032
          ],
          [
            128.139372,
            35.1458266
          ],
          [
            128.1371391,
            35.1456545
          ],
          [
            128.135004,
            35.1465493
          ],
          [
            128.1337903,
            35.1479419
          ],
          [
            128.1321059,
            35.1507009
          ],
          [
            128.1314877,
            35.1516516
          ],
          [
            128.1304604,
            35.1526242
          ],
          [
            128.1291059,
            35.1538852
          ],
          [
            128.1267965,
            35.1552295
          ]
        ]
      },
      "properties": {
        "osm_type": "way",
        "osm_id": 891430222,
        "sido": "경상남도",
        "power_type": "line",
        "name": "",
        "description": "",
        "voltage": "154000",
        "cables": "",
        "circuits": "",
        "frequency": "60",
        "operator": "",
        "wires": ""
      }
    },
    {
      "type": "Feature",
      "geometry": {
        "type": "LineString",
        "coordinates": [
          [
            128.3806407,
            35.270193
          ],
          [
            128.3804141,
            35.2701476
          ],
          [
            128.3785942,
            35.2701602
          ],
          [
            128.3768964,
            35.2698952
          ],
          [
            128.3741659,
            35.2660278
          ],
          [
            128.3720443,
            35.2652263
          ],
          [
            128.3688524,
            35.2632377
          ],
          [
            128.366197,
            35.2615974
          ],
          [
            128.3652449,
            35.258586
          ],
          [
            128.3655077,
            35.2563125
          ],
          [
            128.3658886,
            35.252738
          ],
          [
            128.3646857,
            35.2498785
          ],
          [
            128.3640164,
            35.2476782
          ],
          [
            128.3651046,
            35.2442692
          ]
        ]
      },
      "properties": {
        "osm_type": "way",
        "osm_id": 891430223,
        "sido": "경상남도",
        "power_type": "line",
        "name": "",
        "description": "",
        "voltage": "154000",
        "cables": "12",
        "circuits": "4",
        "frequency": "60",
        "operator": "",
        "wires": ""
      }
    },
    {
      "type": "Feature",
      "geometry": {
        "type": "LineString",
        "coordinates": [
          [
            128.3421398,
            35.2973389
          ],
          [
            128.3438569,
            35.2951645
          ],
          [
            128.3471239,
            35.2909502
          ],
          [
            128.3493769,
            35.2890586
          ],
          [
            128.3543336,
            35.2849338
          ],
          [
            128.3576381,
            35.2833618
          ],
          [
            128.3613235,
            35.281632
          ],
          [
            128.3662426,
            35.2793768
          ],
          [
            128.3702928,
            35.2762412
          ],
          [
            128.3724654,
            35.2745858
          ],
          [
            128.3771029,
            35.2710777
          ],
          [
            128.3806407,
            35.270193
          ]
        ]
      },
      "properties": {
        "osm_type": "way",
        "osm_id": 891430224,
        "sido": "경상남도",
        "power_type": "line",
        "name": "",
        "description": "",
        "voltage": "154000",
        "cables": "3",
        "circuits": "",
        "frequency": "60",
        "operator": "",
        "wires": ""
      }
    },
    {
      "type": "Feature",
      "geometry": {
        "type": "LineString",
        "coordinates": [
          [
            128.6246374,
            34.8716581
          ],
          [
            128.6239469,
            34.8735535
          ],
          [
            128.6210443,
            34.8752793
          ],
          [
            128.6171884,
            34.8761754
          ],
          [
            128.6154014,
            34.8776478
          ],
          [
            128.6131559,
            34.8800986
          ],
          [
            128.6108542,
            34.8809414
          ],
          [
            128.607808,
            34.8815442
          ],
          [
            128.6071612,
            34.8817402
          ],
          [
            128.6036464,
            34.8830941
          ],
          [
            128.6006874,
            34.8840706
          ],
          [
            128.5991082,
            34.8845917
          ],
          [
            128.5958609,
            34.8851427
          ],
          [
            128.5934092,
            34.8845275
          ],
          [
            128.5922812,
            34.884105
          ],
          [
            128.5920859,
            34.8840389
          ],
          [
            128.5915564,
            34.8838597
          ],
          [
            128.588637,
            34.8825794
          ],
          [
            128.5845128,
            34.8807599
          ],
          [
            128.5810043,
            34.8792391
          ],
          [
            128.5756419,
            34.8769945
          ],
          [
            128.5714958,
            34.8765563
          ],
          [
            128.5672959,
            34.8761038
          ],
          [
            128.5621251,
            34.8755733
          ],
          [
            128.5588605,
            34.8749029
          ],
          [
            128.557775,
            34.8746561
          ],
          [
            128.5558724,
            34.8742458
          ],
          [
            128.5549495,
            34.8740557
          ],
          [
            128.5533599,
            34.8737089
          ],
          [
            128.5520549,
            34.8734354
          ],
          [
            128.5465006,
            34.8751865
          ],
          [
            128.5443112,
            34.8759885
          ],
          [
            128.5434782,
            34.8762879
          ],
          [
            128.5398951,
            34.8776237
          ],
          [
            128.5374883,
            34.8785175
          ],
          [
            128.5337481,
            34.8798749
          ],
          [
            128.5307356,
            34.8810055
          ],
          [
            128.5273613,
            34.8822662
          ],
          [
            128.5250846,
            34.8828131
          ],
          [
            128.5217794,
            34.8824663
          ],
          [
            128.5186042,
            34.8821528
          ],
          [
            128.5154128,
            34.8817992
          ],
          [
            128.5111034,
            34.8813657
          ],
          [
            128.5072209,
            34.8809588
          ],
          [
            128.5021025,
            34.8799716
          ],
          [
            128.5008381,
            34.8797082
          ],
          [
            128.4975085,
            34.8787843
          ],
          [
            128.495988,
            34.8783107
          ],
          [
            128.4933699,
            34.8775436
          ],
          [
            128.4919592,
            34.8771367
          ],
          [
            128.4893491,
            34.8763796
          ],
          [
            128.4870074,
            34.8757026
          ],
          [
            128.4845681,
            34.8754558
          ],
          [
            128.4829257,
            34.8752723
          ],
          [
            128.4818483,
            34.8759661
          ],
          [
            128.4797871,
            34.8773435
          ],
          [
            128.4762258,
            34.8780439
          ],
          [
            128.4680703,
            34.8799934
          ],
          [
            128.4654991,
            34.8805315
          ],
          [
            128.4612411,
            34.8797438
          ],
          [
            128.4552464,
            34.8783047
          ],
          [
            128.4505069,
            34.8773651
          ],
          [
            128.4473258,
            34.8755938
          ],
          [
            128.4425086,
            34.8729356
          ],
          [
            128.4371388,
            34.8699296
          ],
          [
            128.4325361,
            34.8673064
          ]
        ]
      },
      "properties": {
        "osm_type": "way",
        "osm_id": 1037017516,
        "sido": "경상남도",
        "power_type": "line",
        "name": "",
        "description": "",
        "voltage": "154000",
        "cables": "6",
        "circuits": "2",
        "frequency": "60",
        "operator": "",
        "wires": ""
      }
    },
    {
      "type": "Feature",
      "geometry": {
        "type": "LineString",
        "coordinates": [
          [
            128.5589674,
            35.1790196
          ],
          [
            128.5552772,
            35.170564
          ]
        ]
      },
      "properties": {
        "osm_type": "way",
        "osm_id": 1093129186,
        "sido": "경상남도",
        "power_type": "cable",
        "name": "",
        "description": "",
        "voltage": "154000",
        "cables": "",
        "circuits": "",
        "frequency": "60",
        "operator": "",
        "wires": ""
      }
    },
    {
      "type": "Feature",
      "geometry": {
        "type": "LineString",
        "coordinates": [
          [
            128.4945041,
            35.2343991
          ],
          [
            128.4937142,
            35.2326699
          ]
        ]
      },
      "properties": {
        "osm_type": "way",
        "osm_id": 1093129187,
        "sido": "경상남도",
        "power_type": "line",
        "name": "",
        "description": "",
        "voltage": "154000",
        "cables": "",
        "circuits": "",
        "frequency": "60",
        "operator": "",
        "wires": ""
      }
    },
    {
      "type": "Feature",
      "geometry": {
        "type": "LineString",
        "coordinates": [
          [
            128.1324935,
            35.1848838
          ],
          [
            128.1306025,
            35.1652375
          ]
        ]
      },
      "properties": {
        "osm_type": "way",
        "osm_id": 1093129188,
        "sido": "경상남도",
        "power_type": "cable",
        "name": "",
        "description": "",
        "voltage": "154000",
        "cables": "",
        "circuits": "",
        "frequency": "60",
        "operator": "",
        "wires": ""
      }
    },
    {
      "type": "Feature",
      "geometry": {
        "type": "LineString",
        "coordinates": [
          [
            128.1209694,
            35.1842756
          ],
          [
            128.1245397,
            35.184406
          ],
          [
            128.1284139,
            35.1845792
          ],
          [
            128.1324935,
            35.1848838
          ]
        ]
      },
      "properties": {
        "osm_type": "way",
        "osm_id": 1093129189,
        "sido": "경상남도",
        "power_type": "line",
        "name": "",
        "description": "",
        "voltage": "154000",
        "cables": "12",
        "circuits": "4",
        "frequency": "60",
        "operator": "",
        "wires": ""
      }
    },
    {
      "type": "Feature",
      "geometry": {
        "type": "LineString",
        "coordinates": [
          [
            127.9114902,
            35.3990073
          ],
          [
            127.9099774,
            35.4005072
          ],
          [
            127.9103637,
            35.4029864
          ],
          [
            127.9136413,
            35.4037472
          ],
          [
            127.9184371,
            35.4042107
          ],
          [
            127.9205239,
            35.4062832
          ],
          [
            127.9237533,
            35.4073107
          ],
          [
            127.927165,
            35.4072889
          ],
          [
            127.9315263,
            35.4072539
          ],
          [
            127.9338276,
            35.4070571
          ],
          [
            127.9389131,
            35.4087973
          ],
          [
            127.9419118,
            35.4098772
          ],
          [
            127.9468524,
            35.4115299
          ],
          [
            127.9506826,
            35.4149007
          ],
          [
            127.9536545,
            35.4173401
          ],
          [
            127.9571092,
            35.4209599
          ],
          [
            127.9594696,
            35.4234997
          ],
          [
            127.9615271,
            35.4257245
          ]
        ]
      },
      "properties": {
        "osm_type": "way",
        "osm_id": 1093129190,
        "sido": "경상남도",
        "power_type": "line",
        "name": "",
        "description": "",
        "voltage": "154000",
        "cables": "6",
        "circuits": "2",
        "frequency": "60",
        "operator": "",
        "wires": ""
      }
    },
    {
      "type": "Feature",
      "geometry": {
        "type": "LineString",
        "coordinates": [
          [
            127.8231114,
            34.9521016
          ],
          [
            127.8240877,
            34.9530667
          ]
        ]
      },
      "properties": {
        "osm_type": "way",
        "osm_id": 1093129191,
        "sido": "경상남도",
        "power_type": "line",
        "name": "",
        "description": "",
        "voltage": "345000",
        "cables": "",
        "circuits": "",
        "frequency": "60",
        "operator": "",
        "wires": ""
      }
    },
    {
      "type": "Feature",
      "geometry": {
        "type": "LineString",
        "coordinates": [
          [
            127.8229076,
            34.9524511
          ],
          [
            127.8240877,
            34.9530667
          ]
        ]
      },
      "properties": {
        "osm_type": "way",
        "osm_id": 1093129192,
        "sido": "경상남도",
        "power_type": "line",
        "name": "",
        "description": "",
        "voltage": "345000",
        "cables": "",
        "circuits": "",
        "frequency": "60",
        "operator": "",
        "wires": ""
      }
    },
    {
      "type": "Feature",
      "geometry": {
        "type": "LineString",
        "coordinates": [
          [
            128.1122535,
            34.9113107
          ],
          [
            128.1141177,
            34.9122015
          ],
          [
            128.1152523,
            34.9120387
          ],
          [
            128.1188893,
            34.9116384
          ],
          [
            128.1196403,
            34.9108202
          ]
        ]
      },
      "properties": {
        "osm_type": "way",
        "osm_id": 1093137309,
        "sido": "경상남도",
        "power_type": "line",
        "name": "",
        "description": "",
        "voltage": "",
        "cables": "",
        "circuits": "",
        "frequency": "",
        "operator": "",
        "wires": ""
      }
    },
    {
      "type": "Feature",
      "geometry": {
        "type": "LineString",
        "coordinates": [
          [
            128.8612121,
            35.2639254
          ],
          [
            128.8613114,
            35.2636757
          ],
          [
            128.8594043,
            35.2627253
          ],
          [
            128.8564646,
            35.2641838
          ],
          [
            128.85441,
            35.2645167
          ],
          [
            128.8525432,
            35.2656511
          ],
          [
            128.8504296,
            35.2676396
          ],
          [
            128.8480049,
            35.2697244
          ],
          [
            128.8472861,
            35.2717828
          ],
          [
            128.8490457,
            35.2755514
          ],
          [
            128.8486272,
            35.2777893
          ],
          [
            128.8486031,
            35.2801826
          ],
          [
            128.8487908,
            35.2819451
          ],
          [
            128.8500917,
            35.2835742
          ],
          [
            128.8523072,
            35.2830114
          ],
          [
            128.8546856,
            35.2842602
          ],
          [
            128.856985,
            35.2859541
          ],
          [
            128.8580284,
            35.2867565
          ],
          [
            128.8590986,
            35.2880515
          ],
          [
            128.8599247,
            35.2890718
          ],
          [
            128.8598818,
            35.2913136
          ],
          [
            128.8600802,
            35.2923382
          ],
          [
            128.8594794,
            35.2935335
          ],
          [
            128.8593802,
            35.2943895
          ],
          [
            128.8560569,
            35.2938006
          ],
          [
            128.8538951,
            35.2934679
          ],
          [
            128.850081,
            35.2927804
          ],
          [
            128.839556,
            35.2911254
          ],
          [
            128.8364285,
            35.2905255
          ],
          [
            128.8213652,
            35.2890367
          ],
          [
            128.812412,
            35.2894352
          ],
          [
            128.8092148,
            35.2912304
          ],
          [
            128.8057789,
            35.2920755
          ],
          [
            128.8041562,
            35.2919091
          ]
        ]
      },
      "properties": {
        "osm_type": "way",
        "osm_id": 1093419467,
        "sido": "경상남도",
        "power_type": "line",
        "name": "",
        "description": "",
        "voltage": "154000",
        "cables": "",
        "circuits": "",
        "frequency": "60",
        "operator": "",
        "wires": ""
      }
    },
    {
      "type": "Feature",
      "geometry": {
        "type": "LineString",
        "coordinates": [
          [
            128.8037887,
            35.2917712
          ],
          [
            128.8041562,
            35.2919091
          ]
        ]
      },
      "properties": {
        "osm_type": "way",
        "osm_id": 1093419468,
        "sido": "경상남도",
        "power_type": "line",
        "name": "",
        "description": "",
        "voltage": "154000",
        "cables": "",
        "circuits": "",
        "frequency": "60",
        "operator": "",
        "wires": ""
      }
    },
    {
      "type": "Feature",
      "geometry": {
        "type": "LineString",
        "coordinates": [
          [
            128.8037565,
            35.2919792
          ],
          [
            128.8041562,
            35.2919091
          ]
        ]
      },
      "properties": {
        "osm_type": "way",
        "osm_id": 1093419469,
        "sido": "경상남도",
        "power_type": "line",
        "name": "",
        "description": "",
        "voltage": "154000",
        "cables": "",
        "circuits": "",
        "frequency": "60",
        "operator": "",
        "wires": ""
      }
    },
    {
      "type": "Feature",
      "geometry": {
        "type": "LineString",
        "coordinates": [
          [
            128.7749023,
            35.2958418
          ],
          [
            128.7755933,
            35.2963664
          ]
        ]
      },
      "properties": {
        "osm_type": "way",
        "osm_id": 1093419470,
        "sido": "경상남도",
        "power_type": "line",
        "name": "",
        "description": "",
        "voltage": "345000",
        "cables": "",
        "circuits": "",
        "frequency": "60",
        "operator": "",
        "wires": ""
      }
    },
    {
      "type": "Feature",
      "geometry": {
        "type": "LineString",
        "coordinates": [
          [
            128.7996367,
            35.2962416
          ],
          [
            128.7953934,
            35.2983563
          ],
          [
            128.7917188,
            35.3001885
          ],
          [
            128.7855121,
            35.3015851
          ],
          [
            128.7826288,
            35.3015041
          ],
          [
            128.7788469,
            35.3011955
          ],
          [
            128.7762317,
            35.3000506
          ],
          [
            128.7748343,
            35.2980739
          ],
          [
            128.7752596,
            35.2966848
          ]
        ]
      },
      "properties": {
        "osm_type": "way",
        "osm_id": 1093419471,
        "sido": "경상남도",
        "power_type": "line",
        "name": "",
        "description": "",
        "voltage": "154000",
        "cables": "",
        "circuits": "",
        "frequency": "60",
        "operator": "",
        "wires": ""
      }
    },
    {
      "type": "Feature",
      "geometry": {
        "type": "LineString",
        "coordinates": [
          [
            128.0680883,
            35.5460375
          ],
          [
            128.0684236,
            35.5460964
          ]
        ]
      },
      "properties": {
        "osm_type": "way",
        "osm_id": 1093419472,
        "sido": "경상남도",
        "power_type": "line",
        "name": "",
        "description": "",
        "voltage": "154000",
        "cables": "3",
        "circuits": "",
        "frequency": "60",
        "operator": "",
        "wires": ""
      }
    },
    {
      "type": "Feature",
      "geometry": {
        "type": "LineString",
        "coordinates": [
          [
            128.0681151,
            35.5461859
          ],
          [
            128.0684236,
            35.5460964
          ]
        ]
      },
      "properties": {
        "osm_type": "way",
        "osm_id": 1093419473,
        "sido": "경상남도",
        "power_type": "line",
        "name": "",
        "description": "",
        "voltage": "154000",
        "cables": "3",
        "circuits": "",
        "frequency": "60",
        "operator": "",
        "wires": ""
      }
    },
    {
      "type": "Feature",
      "geometry": {
        "type": "LineString",
        "coordinates": [
          [
            128.1654686,
            35.5813395
          ],
          [
            128.1658347,
            35.5815685
          ]
        ]
      },
      "properties": {
        "osm_type": "way",
        "osm_id": 1093419474,
        "sido": "경상남도",
        "power_type": "line",
        "name": "",
        "description": "",
        "voltage": "154000",
        "cables": "3",
        "circuits": "",
        "frequency": "60",
        "operator": "",
        "wires": ""
      }
    },
    {
      "type": "Feature",
      "geometry": {
        "type": "LineString",
        "coordinates": [
          [
            128.1657958,
            35.5814551
          ],
          [
            128.1654686,
            35.5813395
          ]
        ]
      },
      "properties": {
        "osm_type": "way",
        "osm_id": 1093419475,
        "sido": "경상남도",
        "power_type": "line",
        "name": "",
        "description": "",
        "voltage": "154000",
        "cables": "3",
        "circuits": "",
        "frequency": "60",
        "operator": "",
        "wires": ""
      }
    },
    {
      "type": "Feature",
      "geometry": {
        "type": "LineString",
        "coordinates": [
          [
            128.1656614,
            35.5818284
          ],
          [
            128.166001,
            35.5820015
          ]
        ]
      },
      "properties": {
        "osm_type": "way",
        "osm_id": 1093419476,
        "sido": "경상남도",
        "power_type": "line",
        "name": "",
        "description": "",
        "voltage": "154000",
        "cables": "3",
        "circuits": "",
        "frequency": "60",
        "operator": "",
        "wires": ""
      }
    },
    {
      "type": "Feature",
      "geometry": {
        "type": "LineString",
        "coordinates": [
          [
            128.1656402,
            35.58167
          ],
          [
            128.1659205,
            35.5817823
          ]
        ]
      },
      "properties": {
        "osm_type": "way",
        "osm_id": 1093419477,
        "sido": "경상남도",
        "power_type": "line",
        "name": "",
        "description": "",
        "voltage": "154000",
        "cables": "3",
        "circuits": "",
        "frequency": "60",
        "operator": "",
        "wires": ""
      }
    },
    {
      "type": "Feature",
      "geometry": {
        "type": "LineString",
        "coordinates": [
          [
            128.1656402,
            35.58167
          ],
          [
            128.1658736,
            35.5816765
          ]
        ]
      },
      "properties": {
        "osm_type": "way",
        "osm_id": 1093419478,
        "sido": "경상남도",
        "power_type": "line",
        "name": "",
        "description": "",
        "voltage": "154000",
        "cables": "3",
        "circuits": "",
        "frequency": "60",
        "operator": "",
        "wires": ""
      }
    },
    {
      "type": "Feature",
      "geometry": {
        "type": "LineString",
        "coordinates": [
          [
            128.1656614,
            35.5818284
          ],
          [
            128.1659701,
            35.581899
          ]
        ]
      },
      "properties": {
        "osm_type": "way",
        "osm_id": 1093419479,
        "sido": "경상남도",
        "power_type": "line",
        "name": "",
        "description": "",
        "voltage": "154000",
        "cables": "3",
        "circuits": "",
        "frequency": "60",
        "operator": "",
        "wires": ""
      }
    },
    {
      "type": "Feature",
      "geometry": {
        "type": "LineString",
        "coordinates": [
          [
            128.1696957,
            35.5810875
          ],
          [
            128.1745007,
            35.5809342
          ]
        ]
      },
      "properties": {
        "osm_type": "way",
        "osm_id": 1093419480,
        "sido": "경상남도",
        "power_type": "line",
        "name": "",
        "description": "",
        "voltage": "",
        "cables": "6",
        "circuits": "2",
        "frequency": "60",
        "operator": "",
        "wires": ""
      }
    },
    {
      "type": "Feature",
      "geometry": {
        "type": "LineString",
        "coordinates": [
          [
            128.0684236,
            35.5460964
          ],
          [
            128.0692819,
            35.5471134
          ],
          [
            128.0738443,
            35.5505854
          ],
          [
            128.0786291,
            35.5504829
          ],
          [
            128.0810554,
            35.5498957
          ],
          [
            128.0825025,
            35.5504458
          ],
          [
            128.0873626,
            35.5546792
          ],
          [
            128.0889612,
            35.5565209
          ],
          [
            128.0899483,
            35.5571625
          ],
          [
            128.0922872,
            35.5588165
          ],
          [
            128.0961764,
            35.5615789
          ],
          [
            128.0998135,
            35.5641361
          ],
          [
            128.1010848,
            35.5646379
          ],
          [
            128.1059986,
            35.5667848
          ],
          [
            128.1098825,
            35.5684125
          ],
          [
            128.1118083,
            35.5696342
          ],
          [
            128.11441,
            35.5712531
          ],
          [
            128.1172425,
            35.5718945
          ],
          [
            128.1206596,
            35.5726362
          ],
          [
            128.1239963,
            35.5733344
          ],
          [
            128.1270486,
            35.5740063
          ],
          [
            128.1299454,
            35.5745561
          ],
          [
            128.135047,
            35.5748789
          ],
          [
            128.1374127,
            35.5760352
          ],
          [
            128.1421494,
            35.5775404
          ],
          [
            128.1470525,
            35.5791155
          ],
          [
            128.1514031,
            35.5800492
          ],
          [
            128.153227,
            35.5811748
          ],
          [
            128.1565234,
            35.5831686
          ],
          [
            128.158645,
            35.5836092
          ],
          [
            128.1605291,
            35.5837519
          ]
        ]
      },
      "properties": {
        "osm_type": "way",
        "osm_id": 1093419481,
        "sido": "경상남도",
        "power_type": "line",
        "name": "",
        "description": "",
        "voltage": "154000",
        "cables": "6",
        "circuits": "2",
        "frequency": "60",
        "operator": "",
        "wires": ""
      }
    },
    {
      "type": "Feature",
      "geometry": {
        "type": "LineString",
        "coordinates": [
          [
            127.9135877,
            35.665756
          ],
          [
            127.9145692,
            35.6651249
          ],
          [
            127.9165328,
            35.663895
          ],
          [
            127.9184639,
            35.6615023
          ],
          [
            127.9196709,
            35.6580067
          ],
          [
            127.9216933,
            35.6555048
          ],
          [
            127.9257166,
            35.6523098
          ],
          [
            127.9252338,
            35.6494066
          ],
          [
            127.9287851,
            35.6494764
          ],
          [
            127.9320145,
            35.6491429
          ],
          [
            127.9364723,
            35.6469415
          ],
          [
            127.9397956,
            35.645043
          ],
          [
            127.9424483,
            35.6435216
          ],
          [
            127.9448676,
            35.6431293
          ],
          [
            127.9487836,
            35.6424405
          ],
          [
            127.9515946,
            35.6421745
          ],
          [
            127.9542929,
            35.6411021
          ],
          [
            127.9600543,
            35.6394236
          ],
          [
            127.9627579,
            35.6386258
          ],
          [
            127.9668778,
            35.6401212
          ],
          [
            127.9715609,
            35.6418868
          ],
          [
            127.9756594,
            35.6433865
          ],
          [
            127.9794252,
            35.6447684
          ],
          [
            127.9830408,
            35.6446115
          ],
          [
            127.9884589,
            35.6442671
          ],
          [
            127.9931045,
            35.6440404
          ],
          [
            127.9953843,
            35.6439183
          ],
          [
            127.9980344,
            35.6437527
          ],
          [
            128.0006576,
            35.6433298
          ],
          [
            128.0057269,
            35.6424099
          ],
          [
            128.009643,
            35.6417996
          ],
          [
            128.0116707,
            35.6414726
          ],
          [
            128.0136073,
            35.6409822
          ],
          [
            128.0177486,
            35.6401779
          ],
          [
            128.0216056,
            35.6394977
          ],
          [
            128.0252105,
            35.63887
          ],
          [
            128.0290139,
            35.6382204
          ],
          [
            128.0330586,
            35.6374923
          ],
          [
            128.0376559,
            35.6367119
          ],
          [
            128.040365,
            35.634218
          ],
          [
            128.0450588,
            35.6349113
          ],
          [
            128.051185,
            35.6332806
          ],
          [
            128.0532932,
            35.6326179
          ],
          [
            128.0578476,
            35.6313491
          ],
          [
            128.0616564,
            35.6298841
          ],
          [
            128.0657172,
            35.6283537
          ],
          [
            128.0688125,
            35.6272462
          ],
          [
            128.070851,
            35.6264046
          ],
          [
            128.0753061,
            35.6247368
          ],
          [
            128.0767304,
            35.6228944
          ],
          [
            128.0794448,
            35.6191268
          ],
          [
            128.0817085,
            35.6160088
          ],
          [
            128.0835915,
            35.6135841
          ],
          [
            128.084498,
            35.610902
          ],
          [
            128.0871695,
            35.6091967
          ],
          [
            128.0888539,
            35.6070728
          ],
          [
            128.0909568,
            35.6046129
          ],
          [
            128.0922979,
            35.6030252
          ],
          [
            128.096568,
            35.6008662
          ],
          [
            128.1000602,
            35.5990648
          ],
          [
            128.102721,
            35.5977213
          ],
          [
            128.1064063,
            35.5958282
          ],
          [
            128.1104189,
            35.595802
          ],
          [
            128.1130904,
            35.5945196
          ],
          [
            128.1175107,
            35.5924606
          ],
          [
            128.1190503,
            35.5900745
          ],
          [
            128.1223172,
            35.5878627
          ],
          [
            128.1269628,
            35.5854153
          ],
          [
            128.1309378,
            35.5850707
          ],
          [
            128.1340223,
            35.5847653
          ],
          [
            128.1364793,
            35.5850271
          ],
          [
            128.1391615,
            35.5848089
          ],
          [
            128.1415594,
            35.5839582
          ],
          [
            128.145529,
            35.5835874
          ],
          [
            128.148914,
            35.5835089
          ],
          [
            128.1541496,
            35.5833867
          ],
          [
            128.156628,
            35.5835307
          ],
          [
            128.158645,
            35.5836092
          ],
          [
            128.1612468,
            35.5827454
          ],
          [
            128.1641543,
            35.5818597
          ],
          [
            128.1654686,
            35.5813395
          ]
        ]
      },
      "properties": {
        "osm_type": "way",
        "osm_id": 1093419482,
        "sido": "경상남도",
        "power_type": "line",
        "name": "",
        "description": "",
        "voltage": "154000",
        "cables": "6",
        "circuits": "2",
        "frequency": "60",
        "operator": "",
        "wires": ""
      }
    },
    {
      "type": "Feature",
      "geometry": {
        "type": "LineString",
        "coordinates": [
          [
            127.7757892,
            35.5302905
          ],
          [
            127.7757195,
            35.5300937
          ],
          [
            127.7754137,
            35.5300282
          ]
        ]
      },
      "properties": {
        "osm_type": "way",
        "osm_id": 1093419483,
        "sido": "경상남도",
        "power_type": "line",
        "name": "",
        "description": "",
        "voltage": "154000",
        "cables": "",
        "circuits": "",
        "frequency": "60",
        "operator": "",
        "wires": ""
      }
    },
    {
      "type": "Feature",
      "geometry": {
        "type": "LineString",
        "coordinates": [
          [
            127.7757892,
            35.5302905
          ],
          [
            127.7753037,
            35.5302137
          ]
        ]
      },
      "properties": {
        "osm_type": "way",
        "osm_id": 1093419484,
        "sido": "경상남도",
        "power_type": "line",
        "name": "",
        "description": "",
        "voltage": "154000",
        "cables": "",
        "circuits": "",
        "frequency": "60",
        "operator": "",
        "wires": ""
      }
    },
    {
      "type": "Feature",
      "geometry": {
        "type": "LineString",
        "coordinates": [
          [
            128.6371618,
            35.1569246
          ],
          [
            128.6371082,
            35.1577777
          ],
          [
            128.6376554,
            35.1589202
          ],
          [
            128.6391842,
            35.1602885
          ],
          [
            128.644774,
            35.1581154
          ],
          [
            128.6462787,
            35.1575364
          ],
          [
            128.6482447,
            35.1568413
          ],
          [
            128.6519033,
            35.157986
          ],
          [
            128.6536199,
            35.16067
          ],
          [
            128.655425,
            35.1627948
          ],
          [
            128.6575225,
            35.1653253
          ],
          [
            128.6613956,
            35.1662593
          ],
          [
            128.665376,
            35.1672175
          ],
          [
            128.6666608,
            35.1675311
          ],
          [
            128.6723739,
            35.1669544
          ],
          [
            128.6761129,
            35.1665773
          ],
          [
            128.6795568,
            35.1662396
          ],
          [
            128.6827433,
            35.1662703
          ],
          [
            128.6854979,
            35.1662242
          ],
          [
            128.6880031,
            35.1661782
          ],
          [
            128.6910313,
            35.1661212
          ],
          [
            128.6944592,
            35.1663141
          ],
          [
            128.6972165,
            35.1664808
          ],
          [
            128.7001347,
            35.1657221
          ],
          [
            128.7027365,
            35.1650249
          ],
          [
            128.7055421,
            35.1643056
          ],
          [
            128.7085032,
            35.163582
          ],
          [
            128.7118667,
            35.1622664
          ],
          [
            128.7144846,
            35.1613367
          ],
          [
            128.7162065,
            35.1597885
          ],
          [
            128.7189639,
            35.1588281
          ]
        ]
      },
      "properties": {
        "osm_type": "way",
        "osm_id": 1093448886,
        "sido": "경상남도",
        "power_type": "line",
        "name": "",
        "description": "",
        "voltage": "",
        "cables": "",
        "circuits": "",
        "frequency": "",
        "operator": "",
        "wires": ""
      }
    },
    {
      "type": "Feature",
      "geometry": {
        "type": "LineString",
        "coordinates": [
          [
            128.7189639,
            35.1588281
          ],
          [
            128.7191355,
            35.1587579
          ],
          [
            128.7217158,
            35.1502447
          ]
        ]
      },
      "properties": {
        "osm_type": "way",
        "osm_id": 1093448887,
        "sido": "경상남도",
        "power_type": "cable",
        "name": "",
        "description": "",
        "voltage": "",
        "cables": "",
        "circuits": "",
        "frequency": "",
        "operator": "",
        "wires": ""
      }
    },
    {
      "type": "Feature",
      "geometry": {
        "type": "LineString",
        "coordinates": [
          [
            128.7217158,
            35.1502447
          ],
          [
            128.7235075,
            35.1464374
          ],
          [
            128.7233627,
            35.1442793
          ],
          [
            128.7234592,
            35.141235
          ],
          [
            128.7235451,
            35.1384977
          ],
          [
            128.7225258,
            35.1360059
          ],
          [
            128.7201896,
            35.133422
          ],
          [
            128.7198734,
            35.132366
          ],
          [
            128.7194198,
            35.1308511
          ],
          [
            128.7188405,
            35.1276439
          ],
          [
            128.7181377,
            35.1251036
          ],
          [
            128.7164587,
            35.1221507
          ],
          [
            128.7141171,
            35.1196212
          ],
          [
            128.7141359,
            35.1154022
          ],
          [
            128.7139696,
            35.1136864
          ],
          [
            128.7125158,
            35.1111368
          ]
        ]
      },
      "properties": {
        "osm_type": "way",
        "osm_id": 1093448888,
        "sido": "경상남도",
        "power_type": "line",
        "name": "",
        "description": "",
        "voltage": "",
        "cables": "",
        "circuits": "",
        "frequency": "",
        "operator": "",
        "wires": ""
      }
    },
    {
      "type": "Feature",
      "geometry": {
        "type": "LineString",
        "coordinates": [
          [
            128.983725,
            35.3204357
          ],
          [
            128.9821882,
            35.3238318
          ],
          [
            128.9813399,
            35.3265396
          ],
          [
            128.979158,
            35.3290993
          ],
          [
            128.9765439,
            35.3311174
          ],
          [
            128.9741998,
            35.3328271
          ],
          [
            128.9719157,
            35.3313541
          ]
        ]
      },
      "properties": {
        "osm_type": "way",
        "osm_id": 1093448891,
        "sido": "경상남도",
        "power_type": "line",
        "name": "",
        "description": "",
        "voltage": "154000",
        "cables": "",
        "circuits": "",
        "frequency": "60",
        "operator": "",
        "wires": ""
      }
    },
    {
      "type": "Feature",
      "geometry": {
        "type": "LineString",
        "coordinates": [
          [
            128.6407878,
            35.1990932
          ],
          [
            128.6416197,
            35.1991492
          ],
          [
            128.6398682,
            35.1977947
          ],
          [
            128.6390525,
            35.1972388
          ],
          [
            128.6342781,
            35.1936902
          ],
          [
            128.6333957,
            35.1924408
          ],
          [
            128.6302954,
            35.1908661
          ],
          [
            128.6270794,
            35.1911444
          ],
          [
            128.625277,
            35.1912672
          ],
          [
            128.6225881,
            35.192144
          ],
          [
            128.619073,
            35.1942
          ],
          [
            128.6171257,
            35.1952653
          ]
        ]
      },
      "properties": {
        "osm_type": "way",
        "osm_id": 1093460762,
        "sido": "경상남도",
        "power_type": "line",
        "name": "",
        "description": "",
        "voltage": "154000",
        "cables": "6",
        "circuits": "2",
        "frequency": "60",
        "operator": "",
        "wires": ""
      }
    },
    {
      "type": "Feature",
      "geometry": {
        "type": "LineString",
        "coordinates": [
          [
            128.6135477,
            35.1844805
          ],
          [
            128.6140224,
            35.184794
          ],
          [
            128.614288,
            35.1858397
          ],
          [
            128.6124507,
            35.1860939
          ]
        ]
      },
      "properties": {
        "osm_type": "way",
        "osm_id": 1093460765,
        "sido": "경상남도",
        "power_type": "line",
        "name": "",
        "description": "",
        "voltage": "154000",
        "cables": "3",
        "circuits": "",
        "frequency": "60",
        "operator": "",
        "wires": ""
      }
    },
    {
      "type": "Feature",
      "geometry": {
        "type": "LineString",
        "coordinates": [
          [
            128.6171257,
            35.1952653
          ],
          [
            128.6170399,
            35.1950198
          ],
          [
            128.6167234,
            35.1939019
          ],
          [
            128.6145616,
            35.187532
          ],
          [
            128.6142504,
            35.1865937
          ],
          [
            128.6135477,
            35.1844805
          ],
          [
            128.61314,
            35.1826785
          ],
          [
            128.6129683,
            35.181817
          ]
        ]
      },
      "properties": {
        "osm_type": "way",
        "osm_id": 1093460766,
        "sido": "경상남도",
        "power_type": "line",
        "name": "",
        "description": "",
        "voltage": "154000",
        "cables": "3",
        "circuits": "",
        "frequency": "60",
        "operator": "",
        "wires": ""
      }
    },
    {
      "type": "Feature",
      "geometry": {
        "type": "LineString",
        "coordinates": [
          [
            128.6831292,
            35.1913338
          ],
          [
            128.6822924,
            35.1906061
          ],
          [
            128.6814233,
            35.1884228
          ],
          [
            128.6791703,
            35.1855293
          ],
          [
            128.6790308,
            35.1846173
          ]
        ]
      },
      "properties": {
        "osm_type": "way",
        "osm_id": 1093460768,
        "sido": "경상남도",
        "power_type": "line",
        "name": "",
        "description": "",
        "voltage": "154000",
        "cables": "12",
        "circuits": "4",
        "frequency": "60",
        "operator": "",
        "wires": ""
      }
    },
    {
      "type": "Feature",
      "geometry": {
        "type": "LineString",
        "coordinates": [
          [
            128.7787653,
            35.2180889
          ],
          [
            128.7785356,
            35.2175011
          ]
        ]
      },
      "properties": {
        "osm_type": "way",
        "osm_id": 1093460769,
        "sido": "경상남도",
        "power_type": "line",
        "name": "",
        "description": "",
        "voltage": "154000",
        "cables": "",
        "circuits": "",
        "frequency": "60",
        "operator": "",
        "wires": ""
      }
    },
    {
      "type": "Feature",
      "geometry": {
        "type": "LineString",
        "coordinates": [
          [
            128.7844506,
            35.1869414
          ],
          [
            128.7833153,
            35.1823742
          ],
          [
            128.7799004,
            35.1789819
          ]
        ]
      },
      "properties": {
        "osm_type": "way",
        "osm_id": 1093460770,
        "sido": "경상남도",
        "power_type": "line",
        "name": "",
        "description": "",
        "voltage": "345000;345000;154000;154000",
        "cables": "12",
        "circuits": "4",
        "frequency": "60",
        "operator": "",
        "wires": ""
      }
    },
    {
      "type": "Feature",
      "geometry": {
        "type": "LineString",
        "coordinates": [
          [
            128.7777463,
            35.2180653
          ],
          [
            128.7781978,
            35.2160373
          ],
          [
            128.7796756,
            35.2130058
          ],
          [
            128.780257,
            35.2118394
          ],
          [
            128.780809,
            35.2107113
          ],
          [
            128.7814276,
            35.2094246
          ],
          [
            128.7823335,
            35.2066411
          ],
          [
            128.7829605,
            35.2046008
          ],
          [
            128.7839568,
            35.2007649
          ],
          [
            128.7854972,
            35.1970653
          ],
          [
            128.7860456,
            35.1953131
          ],
          [
            128.7860942,
            35.1939446
          ],
          [
            128.7862246,
            35.1906436
          ],
          [
            128.7844506,
            35.1869414
          ]
        ]
      },
      "properties": {
        "osm_type": "way",
        "osm_id": 1093460771,
        "sido": "경상남도",
        "power_type": "line",
        "name": "",
        "description": "",
        "voltage": "154000",
        "cables": "6",
        "circuits": "2",
        "frequency": "60",
        "operator": "",
        "wires": ""
      }
    },
    {
      "type": "Feature",
      "geometry": {
        "type": "LineString",
        "coordinates": [
          [
            128.1107032,
            34.9135915
          ],
          [
            128.1127819,
            34.9151059
          ]
        ]
      },
      "properties": {
        "osm_type": "way",
        "osm_id": 1093461935,
        "sido": "경상남도",
        "power_type": "line",
        "name": "",
        "description": "",
        "voltage": "",
        "cables": "",
        "circuits": "",
        "frequency": "",
        "operator": "",
        "wires": ""
      }
    },
    {
      "type": "Feature",
      "geometry": {
        "type": "LineString",
        "coordinates": [
          [
            128.1193614,
            34.9168203
          ],
          [
            128.1127819,
            34.9151059
          ]
        ]
      },
      "properties": {
        "osm_type": "way",
        "osm_id": 1093461936,
        "sido": "경상남도",
        "power_type": "line",
        "name": "",
        "description": "",
        "voltage": "",
        "cables": "",
        "circuits": "",
        "frequency": "",
        "operator": "",
        "wires": ""
      }
    },
    {
      "type": "Feature",
      "geometry": {
        "type": "LineString",
        "coordinates": [
          [
            128.1115589,
            34.9159075
          ],
          [
            128.1109178,
            34.9157536
          ],
          [
            128.1110895,
            34.9153511
          ],
          [
            128.1104377,
            34.9147572
          ]
        ]
      },
      "properties": {
        "osm_type": "way",
        "osm_id": 1093461937,
        "sido": "경상남도",
        "power_type": "line",
        "name": "",
        "description": "",
        "voltage": "",
        "cables": "",
        "circuits": "",
        "frequency": "",
        "operator": "",
        "wires": ""
      }
    },
    {
      "type": "Feature",
      "geometry": {
        "type": "LineString",
        "coordinates": [
          [
            128.1096545,
            34.9155512
          ],
          [
            128.1104082,
            34.9162286
          ],
          [
            128.1115589,
            34.9159075
          ]
        ]
      },
      "properties": {
        "osm_type": "way",
        "osm_id": 1093461938,
        "sido": "경상남도",
        "power_type": "line",
        "name": "",
        "description": "",
        "voltage": "",
        "cables": "",
        "circuits": "",
        "frequency": "",
        "operator": "",
        "wires": ""
      }
    },
    {
      "type": "Feature",
      "geometry": {
        "type": "LineString",
        "coordinates": [
          [
            127.8267144,
            35.0541986
          ],
          [
            127.8266841,
            35.055645
          ],
          [
            127.8265758,
            35.060824
          ],
          [
            127.825327,
            35.0624009
          ],
          [
            127.8229927,
            35.0655843
          ],
          [
            127.8207736,
            35.0684698
          ],
          [
            127.8183604,
            35.0702724
          ],
          [
            127.8147154,
            35.0730254
          ],
          [
            127.8111139,
            35.075751
          ],
          [
            127.8084129,
            35.0780108
          ],
          [
            127.806244,
            35.079342
          ],
          [
            127.8018827,
            35.0798926
          ],
          [
            127.7998443,
            35.0799556
          ],
          [
            127.7942478,
            35.0806737
          ],
          [
            127.7921757,
            35.0809804
          ],
          [
            127.7901216,
            35.0813461
          ],
          [
            127.7848019,
            35.0806625
          ],
          [
            127.7812874,
            35.080098
          ],
          [
            127.7783851,
            35.0778465
          ],
          [
            127.7778865,
            35.0774609
          ]
        ]
      },
      "properties": {
        "osm_type": "way",
        "osm_id": 1093989225,
        "sido": "경상남도",
        "power_type": "line",
        "name": "",
        "description": "",
        "voltage": "154000",
        "cables": "12",
        "circuits": "4",
        "frequency": "60",
        "operator": "",
        "wires": ""
      }
    },
    {
      "type": "Feature",
      "geometry": {
        "type": "LineString",
        "coordinates": [
          [
            127.8267144,
            35.0541986
          ],
          [
            127.8268585,
            35.053845
          ],
          [
            127.8307745,
            35.0544379
          ],
          [
            127.835978,
            35.0551866
          ],
          [
            127.8374022,
            35.0554435
          ],
          [
            127.8387004,
            35.0556587
          ],
          [
            127.8417313,
            35.0561768
          ],
          [
            127.8473827,
            35.0569892
          ],
          [
            127.8484556,
            35.0572198
          ],
          [
            127.8531495,
            35.0579136
          ],
          [
            127.8565264,
            35.0583944
          ],
          [
            127.8598845,
            35.058974
          ],
          [
            127.8635672,
            35.0595031
          ],
          [
            127.8682369,
            35.0602189
          ],
          [
            127.8701627,
            35.0610027
          ],
          [
            127.8736362,
            35.0623968
          ],
          [
            127.8760555,
            35.0633782
          ],
          [
            127.8789684,
            35.0645439
          ],
          [
            127.8856525,
            35.0672662
          ],
          [
            127.8879243,
            35.0681268
          ],
          [
            127.8901103,
            35.0690312
          ],
          [
            127.8970867,
            35.0717863
          ],
          [
            127.8986371,
            35.0724931
          ],
          [
            127.9077646,
            35.0761897
          ],
          [
            127.9109216,
            35.0774541
          ],
          [
            127.917029,
            35.079941
          ],
          [
            127.9205802,
            35.0813831
          ],
          [
            127.9262477,
            35.0836746
          ],
          [
            127.9291338,
            35.0848467
          ],
          [
            127.9330766,
            35.0864182
          ],
          [
            127.9349917,
            35.0871996
          ],
          [
            127.9386073,
            35.0886481
          ],
          [
            127.9447523,
            35.0911413
          ],
          [
            127.9469651,
            35.0920434
          ],
          [
            127.9496151,
            35.0931121
          ],
          [
            127.9538208,
            35.094802
          ],
          [
            127.956116,
            35.095755
          ],
          [
            127.957769,
            35.0963469
          ],
          [
            127.9626346,
            35.0982737
          ],
          [
            127.9668993,
            35.1001083
          ],
          [
            127.9731649,
            35.1026231
          ],
          [
            127.9757076,
            35.1036106
          ],
          [
            127.9790014,
            35.1048789
          ],
          [
            127.9825741,
            35.1063491
          ],
          [
            127.9842532,
            35.1070644
          ],
          [
            127.9886627,
            35.1088198
          ],
          [
            127.9914683,
            35.1099915
          ],
          [
            127.9970642,
            35.1120742
          ],
          [
            128.0014891,
            35.1138067
          ],
          [
            128.004359,
            35.1145333
          ],
          [
            128.0069232,
            35.1137566
          ],
          [
            128.009482,
            35.1121593
          ],
          [
            128.0114776,
            35.1120189
          ],
          [
            128.0144012,
            35.1128702
          ],
          [
            128.0154526,
            35.1147132
          ],
          [
            128.016386,
            35.1163587
          ],
          [
            128.0192292,
            35.1167142
          ],
          [
            128.0226839,
            35.1171881
          ],
          [
            128.0281287,
            35.1179647
          ],
          [
            128.0327153,
            35.1186668
          ],
          [
            128.0371946,
            35.1193206
          ],
          [
            128.0391097,
            35.1195795
          ],
          [
            128.0433476,
            35.1198691
          ],
          [
            128.0484921,
            35.1201806
          ],
          [
            128.0529177,
            35.1204834
          ],
          [
            128.0558145,
            35.1203166
          ],
          [
            128.0583197,
            35.1208169
          ],
          [
            128.0608517,
            35.1217997
          ],
          [
            128.0650628,
            35.1233617
          ],
          [
            128.0691397,
            35.1249764
          ],
          [
            128.073045,
            35.126433
          ],
          [
            128.0772507,
            35.1280871
          ],
          [
            128.0825615,
            35.1300833
          ],
          [
            128.0862898,
            35.1314784
          ],
          [
            128.091166,
            35.1333693
          ],
          [
            128.0927646,
            35.1339901
          ],
          [
            128.0961254,
            35.1352623
          ],
          [
            128.0988854,
            35.1363327
          ],
          [
            128.1008971,
            35.1370851
          ],
          [
            128.103413,
            35.1380853
          ],
          [
            128.108171,
            35.139883
          ],
          [
            128.110553,
            35.1407788
          ],
          [
            128.1133532,
            35.1422659
          ],
          [
            128.1141633,
            35.1444197
          ],
          [
            128.114032,
            35.1460641
          ],
          [
            128.1138548,
            35.1492885
          ]
        ]
      },
      "properties": {
        "osm_type": "way",
        "osm_id": 1093989226,
        "sido": "경상남도",
        "power_type": "line",
        "name": "",
        "description": "",
        "voltage": "154000",
        "cables": "6",
        "circuits": "2",
        "frequency": "60",
        "operator": "",
        "wires": ""
      }
    },
    {
      "type": "Feature",
      "geometry": {
        "type": "LineString",
        "coordinates": [
          [
            127.8227681,
            34.9527435
          ],
          [
            127.8239474,
            34.9533646
          ]
        ]
      },
      "properties": {
        "osm_type": "way",
        "osm_id": 1093989227,
        "sido": "경상남도",
        "power_type": "line",
        "name": "",
        "description": "",
        "voltage": "345000",
        "cables": "6",
        "circuits": "2",
        "frequency": "60",
        "operator": "",
        "wires": ""
      }
    },
    {
      "type": "Feature",
      "geometry": {
        "type": "LineString",
        "coordinates": [
          [
            127.8239474,
            34.9533646
          ],
          [
            127.8226608,
            34.9530689
          ]
        ]
      },
      "properties": {
        "osm_type": "way",
        "osm_id": 1093989228,
        "sido": "경상남도",
        "power_type": "line",
        "name": "",
        "description": "",
        "voltage": "345000",
        "cables": "6",
        "circuits": "2",
        "frequency": "60",
        "operator": "",
        "wires": ""
      }
    },
    {
      "type": "Feature",
      "geometry": {
        "type": "LineString",
        "coordinates": [
          [
            127.7998513,
            34.9578239
          ],
          [
            127.8027588,
            34.957182
          ],
          [
            127.8038746,
            34.9563334
          ],
          [
            127.8039926,
            34.9561531
          ]
        ]
      },
      "properties": {
        "osm_type": "way",
        "osm_id": 1093989229,
        "sido": "경상남도",
        "power_type": "line",
        "name": "",
        "description": "",
        "voltage": "154000",
        "cables": "",
        "circuits": "",
        "frequency": "60",
        "operator": "",
        "wires": ""
      }
    },
    {
      "type": "Feature",
      "geometry": {
        "type": "LineString",
        "coordinates": [
          [
            127.8228539,
            34.9627632
          ],
          [
            127.8218856,
            34.9628028
          ],
          [
            127.8204238,
            34.9609453
          ],
          [
            127.8190076,
            34.9591868
          ],
          [
            127.8175592,
            34.9584613
          ],
          [
            127.8171676,
            34.954711
          ],
          [
            127.8148985,
            34.9532689
          ],
          [
            127.8097272,
            34.953093
          ],
          [
            127.8070128,
            34.9551947
          ],
          [
            127.8049234,
            34.9561158
          ],
          [
            127.8039926,
            34.9561531
          ]
        ]
      },
      "properties": {
        "osm_type": "way",
        "osm_id": 1093989230,
        "sido": "경상남도",
        "power_type": "line",
        "name": "",
        "description": "",
        "voltage": "154000",
        "cables": "",
        "circuits": "",
        "frequency": "60",
        "operator": "",
        "wires": ""
      }
    },
    {
      "type": "Feature",
      "geometry": {
        "type": "LineString",
        "coordinates": [
          [
            127.8268585,
            35.053845
          ],
          [
            127.8271134,
            35.0561206
          ],
          [
            127.8272685,
            35.0597214
          ],
          [
            127.82731,
            35.06102
          ],
          [
            127.8259498,
            35.0634251
          ],
          [
            127.8241234,
            35.0660454
          ],
          [
            127.8229267,
            35.0677443
          ],
          [
            127.8196638,
            35.0705322
          ],
          [
            127.8161561,
            35.073414
          ],
          [
            127.813136,
            35.0758968
          ],
          [
            127.8114567,
            35.0772675
          ],
          [
            127.8081657,
            35.0799275
          ],
          [
            127.8045779,
            35.0799044
          ],
          [
            127.8015385,
            35.0805555
          ],
          [
            127.7940706,
            35.0821244
          ],
          [
            127.7919833,
            35.0827041
          ],
          [
            127.7887095,
            35.0827266
          ],
          [
            127.7845624,
            35.0808468
          ],
          [
            127.7809685,
            35.080867
          ],
          [
            127.7787945,
            35.0802047
          ],
          [
            127.7775457,
            35.0778531
          ]
        ]
      },
      "properties": {
        "osm_type": "way",
        "osm_id": 1093989231,
        "sido": "경상남도",
        "power_type": "line",
        "name": "",
        "description": "",
        "voltage": "154000",
        "cables": "12",
        "circuits": "4",
        "frequency": "60",
        "operator": "",
        "wires": ""
      }
    },
    {
      "type": "Feature",
      "geometry": {
        "type": "LineString",
        "coordinates": [
          [
            127.8268585,
            35.053845
          ],
          [
            127.8257963,
            35.0527494
          ],
          [
            127.8235298,
            35.0504197
          ],
          [
            127.8236157,
            35.0483205
          ],
          [
            127.8236479,
            35.0464935
          ],
          [
            127.8237444,
            35.0436345
          ],
          [
            127.8237981,
            35.0410607
          ],
          [
            127.8238463,
            35.0387285
          ],
          [
            127.8239,
            35.0364314
          ],
          [
            127.8239161,
            35.0342967
          ],
          [
            127.8239644,
            35.0323991
          ],
          [
            127.8239751,
            35.030194
          ],
          [
            127.8240395,
            35.0274749
          ],
          [
            127.8269577,
            35.0244966
          ],
          [
            127.8280735,
            35.022612
          ],
          [
            127.8296345,
            35.0207449
          ],
          [
            127.8313726,
            35.0186054
          ],
          [
            127.8312117,
            35.0151962
          ],
          [
            127.8318822,
            35.0132015
          ],
          [
            127.832483,
            35.0114572
          ],
          [
            127.8333735,
            35.0086892
          ],
          [
            127.8320539,
            35.0060397
          ],
          [
            127.8303051,
            35.0048269
          ],
          [
            127.8255737,
            35.001316
          ],
          [
            127.8239322,
            35.0000505
          ],
          [
            127.8224784,
            34.996724
          ],
          [
            127.8211158,
            34.9935511
          ],
          [
            127.8190559,
            34.9914724
          ],
          [
            127.8167707,
            34.9898332
          ],
          [
            127.8157911,
            34.9887743
          ]
        ]
      },
      "properties": {
        "osm_type": "way",
        "osm_id": 1093989232,
        "sido": "경상남도",
        "power_type": "line",
        "name": "",
        "description": "",
        "voltage": "154000",
        "cables": "6",
        "circuits": "2",
        "frequency": "60",
        "operator": "",
        "wires": ""
      }
    },
    {
      "type": "Feature",
      "geometry": {
        "type": "LineString",
        "coordinates": [
          [
            127.8941672,
            34.852135
          ],
          [
            127.8898455,
            34.8524787
          ]
        ]
      },
      "properties": {
        "osm_type": "way",
        "osm_id": 1093989233,
        "sido": "경상남도",
        "power_type": "line",
        "name": "",
        "description": "",
        "voltage": "154000",
        "cables": "3",
        "circuits": "",
        "frequency": "60",
        "operator": "",
        "wires": ""
      }
    },
    {
      "type": "Feature",
      "geometry": {
        "type": "LineString",
        "coordinates": [
          [
            127.8898455,
            34.8524787
          ],
          [
            127.8941578,
            34.8522831
          ]
        ]
      },
      "properties": {
        "osm_type": "way",
        "osm_id": 1093989234,
        "sido": "경상남도",
        "power_type": "line",
        "name": "",
        "description": "",
        "voltage": "154000",
        "cables": "3",
        "circuits": "",
        "frequency": "60",
        "operator": "",
        "wires": ""
      }
    },
    {
      "type": "Feature",
      "geometry": {
        "type": "LineString",
        "coordinates": [
          [
            128.1605291,
            35.5837519
          ],
          [
            128.1626141,
            35.5830309
          ],
          [
            128.1637056,
            35.5822242
          ]
        ]
      },
      "properties": {
        "osm_type": "way",
        "osm_id": 1094065811,
        "sido": "경상남도",
        "power_type": "line",
        "name": "",
        "description": "",
        "voltage": "154000",
        "cables": "12",
        "circuits": "4",
        "frequency": "60",
        "operator": "",
        "wires": ""
      }
    },
    {
      "type": "Feature",
      "geometry": {
        "type": "LineString",
        "coordinates": [
          [
            128.1637056,
            35.5822242
          ],
          [
            128.1656614,
            35.5818284
          ]
        ]
      },
      "properties": {
        "osm_type": "way",
        "osm_id": 1094065812,
        "sido": "경상남도",
        "power_type": "line",
        "name": "",
        "description": "",
        "voltage": "154000",
        "cables": "6",
        "circuits": "2",
        "frequency": "60",
        "operator": "",
        "wires": ""
      }
    },
    {
      "type": "Feature",
      "geometry": {
        "type": "LineString",
        "coordinates": [
          [
            128.1656402,
            35.58167
          ],
          [
            128.1637056,
            35.5822242
          ]
        ]
      },
      "properties": {
        "osm_type": "way",
        "osm_id": 1094065813,
        "sido": "경상남도",
        "power_type": "line",
        "name": "",
        "description": "",
        "voltage": "154000",
        "cables": "6",
        "circuits": "2",
        "frequency": "60",
        "operator": "",
        "wires": ""
      }
    },
    {
      "type": "Feature",
      "geometry": {
        "type": "LineString",
        "coordinates": [
          [
            129.0841573,
            35.3047591
          ],
          [
            129.0857721,
            35.3042775
          ],
          [
            129.0871856,
            35.3035902
          ],
          [
            129.0893742,
            35.3049277
          ],
          [
            129.091351,
            35.3061359
          ],
          [
            129.0934888,
            35.3074296
          ],
          [
            129.0952107,
            35.3084277
          ],
          [
            129.0983596,
            35.3103275
          ],
          [
            129.1000199,
            35.3113475
          ],
          [
            129.102788,
            35.3129978
          ],
          [
            129.1050786,
            35.3143154
          ],
          [
            129.1086566,
            35.3149851
          ],
          [
            129.1125619,
            35.3157314
          ],
          [
            129.1171029,
            35.3165609
          ],
          [
            129.1202706,
            35.3170928
          ],
          [
            129.1227543,
            35.3175633
          ],
          [
            129.1238386,
            35.3179824
          ],
          [
            129.1281965,
            35.3195045
          ],
          [
            129.130978,
            35.3205572
          ],
          [
            129.1356504,
            35.3223824
          ],
          [
            129.1404837,
            35.32405
          ],
          [
            129.1438043,
            35.3251879
          ],
          [
            129.1475058,
            35.3264266
          ],
          [
            129.1491526,
            35.326943
          ],
          [
            129.1527039,
            35.3268205
          ],
          [
            129.1538626,
            35.3267636
          ],
          [
            129.1560298,
            35.3261377
          ],
          [
            129.1597044,
            35.3250873
          ],
          [
            129.1632315,
            35.3252098
          ],
          [
            129.1655248,
            35.325212
          ]
        ]
      },
      "properties": {
        "osm_type": "way",
        "osm_id": 1094118619,
        "sido": "경상남도",
        "power_type": "line",
        "name": "",
        "description": "",
        "voltage": "154000",
        "cables": "6",
        "circuits": "2",
        "frequency": "60",
        "operator": "",
        "wires": ""
      }
    },
    {
      "type": "Feature",
      "geometry": {
        "type": "LineString",
        "coordinates": [
          [
            128.6544487,
            35.2236671
          ],
          [
            128.6551474,
            35.2234863
          ]
        ]
      },
      "properties": {
        "osm_type": "way",
        "osm_id": 1094705487,
        "sido": "경상남도",
        "power_type": "line",
        "name": "",
        "description": "",
        "voltage": "154000",
        "cables": "3",
        "circuits": "",
        "frequency": "60",
        "operator": "",
        "wires": ""
      }
    },
    {
      "type": "Feature",
      "geometry": {
        "type": "LineString",
        "coordinates": [
          [
            128.6544487,
            35.2236671
          ],
          [
            128.6550676,
            35.2233855
          ]
        ]
      },
      "properties": {
        "osm_type": "way",
        "osm_id": 1094705488,
        "sido": "경상남도",
        "power_type": "line",
        "name": "",
        "description": "",
        "voltage": "154000",
        "cables": "3",
        "circuits": "",
        "frequency": "60",
        "operator": "",
        "wires": ""
      }
    },
    {
      "type": "Feature",
      "geometry": {
        "type": "LineString",
        "coordinates": [
          [
            128.6544487,
            35.2236671
          ],
          [
            128.6549073,
            35.2231829
          ]
        ]
      },
      "properties": {
        "osm_type": "way",
        "osm_id": 1094705489,
        "sido": "경상남도",
        "power_type": "line",
        "name": "",
        "description": "",
        "voltage": "154000",
        "cables": "3",
        "circuits": "",
        "frequency": "60",
        "operator": "",
        "wires": ""
      }
    },
    {
      "type": "Feature",
      "geometry": {
        "type": "LineString",
        "coordinates": [
          [
            128.6549907,
            35.2232882
          ],
          [
            128.6544487,
            35.2236671
          ]
        ]
      },
      "properties": {
        "osm_type": "way",
        "osm_id": 1094705490,
        "sido": "경상남도",
        "power_type": "line",
        "name": "",
        "description": "",
        "voltage": "154000",
        "cables": "3",
        "circuits": "",
        "frequency": "60",
        "operator": "",
        "wires": ""
      }
    },
    {
      "type": "Feature",
      "geometry": {
        "type": "LineString",
        "coordinates": [
          [
            128.708628,
            35.1866595
          ],
          [
            128.7098175,
            35.187133
          ]
        ]
      },
      "properties": {
        "osm_type": "way",
        "osm_id": 1094705491,
        "sido": "경상남도",
        "power_type": "line",
        "name": "",
        "description": "",
        "voltage": "154000",
        "cables": "6",
        "circuits": "2",
        "frequency": "60",
        "operator": "",
        "wires": ""
      }
    },
    {
      "type": "Feature",
      "geometry": {
        "type": "LineString",
        "coordinates": [
          [
            128.7085551,
            35.1867277
          ],
          [
            128.7098175,
            35.187133
          ]
        ]
      },
      "properties": {
        "osm_type": "way",
        "osm_id": 1094705492,
        "sido": "경상남도",
        "power_type": "line",
        "name": "",
        "description": "",
        "voltage": "154000",
        "cables": "6",
        "circuits": "2",
        "frequency": "60",
        "operator": "",
        "wires": ""
      }
    },
    {
      "type": "Feature",
      "geometry": {
        "type": "LineString",
        "coordinates": [
          [
            128.7084739,
            35.1868037
          ],
          [
            128.7096888,
            35.1876591
          ]
        ]
      },
      "properties": {
        "osm_type": "way",
        "osm_id": 1094705493,
        "sido": "경상남도",
        "power_type": "line",
        "name": "",
        "description": "",
        "voltage": "154000",
        "cables": "6",
        "circuits": "2",
        "frequency": "60",
        "operator": "",
        "wires": ""
      }
    },
    {
      "type": "Feature",
      "geometry": {
        "type": "LineString",
        "coordinates": [
          [
            128.7083973,
            35.1868754
          ],
          [
            128.7096888,
            35.1876591
          ]
        ]
      },
      "properties": {
        "osm_type": "way",
        "osm_id": 1094705494,
        "sido": "경상남도",
        "power_type": "line",
        "name": "",
        "description": "",
        "voltage": "154000",
        "cables": "6",
        "circuits": "2",
        "frequency": "60",
        "operator": "",
        "wires": ""
      }
    },
    {
      "type": "Feature",
      "geometry": {
        "type": "LineString",
        "coordinates": [
          [
            128.6542462,
            35.206144
          ],
          [
            128.6535743,
            35.2046109
          ],
          [
            128.6540115,
            35.2032258
          ],
          [
            128.6568063,
            35.2022659
          ],
          [
            128.6590621,
            35.2010736
          ],
          [
            128.6594456,
            35.2003941
          ],
          [
            128.6584586,
            35.1991361
          ],
          [
            128.6586732,
            35.198724
          ],
          [
            128.6597675,
            35.1964796
          ],
          [
            128.6582386,
            35.1943973
          ],
          [
            128.6595207,
            35.1925166
          ],
          [
            128.6630613,
            35.1910568
          ],
          [
            128.662562,
            35.1896153
          ]
        ]
      },
      "properties": {
        "osm_type": "way",
        "osm_id": 1094705495,
        "sido": "경상남도",
        "power_type": "line",
        "name": "",
        "description": "",
        "voltage": "154000",
        "cables": "6",
        "circuits": "2",
        "frequency": "60",
        "operator": "",
        "wires": ""
      }
    },
    {
      "type": "Feature",
      "geometry": {
        "type": "LineString",
        "coordinates": [
          [
            128.6541161,
            35.2062283
          ],
          [
            128.6529574,
            35.2050295
          ],
          [
            128.6495,
            35.2031601
          ],
          [
            128.64604,
            35.2012927
          ],
          [
            128.6453748,
            35.2004774
          ]
        ]
      },
      "properties": {
        "osm_type": "way",
        "osm_id": 1094705496,
        "sido": "경상남도",
        "power_type": "line",
        "name": "",
        "description": "",
        "voltage": "154000",
        "cables": "6",
        "circuits": "2",
        "frequency": "60",
        "operator": "",
        "wires": ""
      }
    },
    {
      "type": "Feature",
      "geometry": {
        "type": "LineString",
        "coordinates": [
          [
            128.7592399,
            35.0962811
          ],
          [
            128.7526041,
            35.0966542
          ],
          [
            128.7519067,
            35.0946308
          ]
        ]
      },
      "properties": {
        "osm_type": "way",
        "osm_id": 1094705497,
        "sido": "경상남도",
        "power_type": "line",
        "name": "",
        "description": "",
        "voltage": "",
        "cables": "",
        "circuits": "",
        "frequency": "",
        "operator": "",
        "wires": ""
      }
    },
    {
      "type": "Feature",
      "geometry": {
        "type": "LineString",
        "coordinates": [
          [
            128.7193617,
            35.1595288
          ],
          [
            128.7191355,
            35.1587579
          ]
        ]
      },
      "properties": {
        "osm_type": "way",
        "osm_id": 1094705498,
        "sido": "경상남도",
        "power_type": "line",
        "name": "",
        "description": "",
        "voltage": "",
        "cables": "",
        "circuits": "",
        "frequency": "",
        "operator": "",
        "wires": ""
      }
    },
    {
      "type": "Feature",
      "geometry": {
        "type": "LineString",
        "coordinates": [
          [
            128.6303845,
            34.8712654
          ],
          [
            128.6293067,
            34.8713563
          ]
        ]
      },
      "properties": {
        "osm_type": "way",
        "osm_id": 1094705500,
        "sido": "경상남도",
        "power_type": "line",
        "name": "",
        "description": "",
        "voltage": "154000",
        "cables": "",
        "circuits": "",
        "frequency": "60",
        "operator": "",
        "wires": ""
      }
    },
    {
      "type": "Feature",
      "geometry": {
        "type": "LineString",
        "coordinates": [
          [
            128.6293067,
            34.8713563
          ],
          [
            128.6272315,
            34.8697044
          ],
          [
            128.6246374,
            34.8716581
          ]
        ]
      },
      "properties": {
        "osm_type": "way",
        "osm_id": 1094705501,
        "sido": "경상남도",
        "power_type": "line",
        "name": "",
        "description": "",
        "voltage": "154000",
        "cables": "18",
        "circuits": "6",
        "frequency": "60",
        "operator": "",
        "wires": ""
      }
    },
    {
      "type": "Feature",
      "geometry": {
        "type": "LineString",
        "coordinates": [
          [
            128.6246374,
            34.8716581
          ],
          [
            128.6225575,
            34.8708326
          ],
          [
            128.6188671,
            34.8703106
          ],
          [
            128.6149912,
            34.8709594
          ],
          [
            128.6075343,
            34.8729648
          ],
          [
            128.6051847,
            34.8724631
          ],
          [
            128.6022574,
            34.8734215
          ],
          [
            128.6000421,
            34.8768716
          ],
          [
            128.5987493,
            34.8789794
          ],
          [
            128.596566,
            34.8809949
          ],
          [
            128.5953053,
            34.8827774
          ],
          [
            128.5935303,
            34.8839479
          ],
          [
            128.591594,
            34.8839653
          ]
        ]
      },
      "properties": {
        "osm_type": "way",
        "osm_id": 1094705502,
        "sido": "경상남도",
        "power_type": "line",
        "name": "",
        "description": "",
        "voltage": "154000",
        "cables": "12",
        "circuits": "4",
        "frequency": "60",
        "operator": "",
        "wires": ""
      }
    },
    {
      "type": "Feature",
      "geometry": {
        "type": "LineString",
        "coordinates": [
          [
            128.5932353,
            34.8966606
          ],
          [
            128.5937246,
            34.8964809
          ]
        ]
      },
      "properties": {
        "osm_type": "way",
        "osm_id": 1094705503,
        "sido": "경상남도",
        "power_type": "line",
        "name": "",
        "description": "",
        "voltage": "154000",
        "cables": "3",
        "circuits": "",
        "frequency": "60",
        "operator": "",
        "wires": ""
      }
    },
    {
      "type": "Feature",
      "geometry": {
        "type": "LineString",
        "coordinates": [
          [
            128.593238,
            34.896797
          ],
          [
            128.5937246,
            34.8964809
          ]
        ]
      },
      "properties": {
        "osm_type": "way",
        "osm_id": 1094705504,
        "sido": "경상남도",
        "power_type": "line",
        "name": "",
        "description": "",
        "voltage": "154000",
        "cables": "3",
        "circuits": "",
        "frequency": "60",
        "operator": "",
        "wires": ""
      }
    },
    {
      "type": "Feature",
      "geometry": {
        "type": "LineString",
        "coordinates": [
          [
            128.3808593,
            35.2700255
          ],
          [
            128.3806407,
            35.270193
          ]
        ]
      },
      "properties": {
        "osm_type": "way",
        "osm_id": 1094710145,
        "sido": "경상남도",
        "power_type": "line",
        "name": "",
        "description": "",
        "voltage": "154000",
        "cables": "3",
        "circuits": "",
        "frequency": "60",
        "operator": "",
        "wires": ""
      }
    },
    {
      "type": "Feature",
      "geometry": {
        "type": "LineString",
        "coordinates": [
          [
            128.380737,
            35.2699993
          ],
          [
            128.3806407,
            35.270193
          ]
        ]
      },
      "properties": {
        "osm_type": "way",
        "osm_id": 1094710146,
        "sido": "경상남도",
        "power_type": "line",
        "name": "",
        "description": "",
        "voltage": "154000",
        "cables": "3",
        "circuits": "",
        "frequency": "60",
        "operator": "",
        "wires": ""
      }
    },
    {
      "type": "Feature",
      "geometry": {
        "type": "LineString",
        "coordinates": [
          [
            128.3805859,
            35.2699669
          ],
          [
            128.3806407,
            35.270193
          ]
        ]
      },
      "properties": {
        "osm_type": "way",
        "osm_id": 1094710147,
        "sido": "경상남도",
        "power_type": "line",
        "name": "",
        "description": "",
        "voltage": "154000",
        "cables": "3",
        "circuits": "",
        "frequency": "60",
        "operator": "",
        "wires": ""
      }
    },
    {
      "type": "Feature",
      "geometry": {
        "type": "LineString",
        "coordinates": [
          [
            128.3804311,
            35.2699337
          ],
          [
            128.3806407,
            35.270193
          ]
        ]
      },
      "properties": {
        "osm_type": "way",
        "osm_id": 1094710148,
        "sido": "경상남도",
        "power_type": "line",
        "name": "",
        "description": "",
        "voltage": "154000",
        "cables": "3",
        "circuits": "",
        "frequency": "60",
        "operator": "",
        "wires": ""
      }
    },
    {
      "type": "Feature",
      "geometry": {
        "type": "LineString",
        "coordinates": [
          [
            128.3803229,
            35.2699105
          ],
          [
            128.3806407,
            35.270193
          ]
        ]
      },
      "properties": {
        "osm_type": "way",
        "osm_id": 1094710149,
        "sido": "경상남도",
        "power_type": "line",
        "name": "",
        "description": "",
        "voltage": "154000",
        "cables": "3",
        "circuits": "",
        "frequency": "60",
        "operator": "",
        "wires": ""
      }
    },
    {
      "type": "Feature",
      "geometry": {
        "type": "LineString",
        "coordinates": [
          [
            128.5544372,
            35.6165713
          ],
          [
            128.5545579,
            35.6153132
          ]
        ]
      },
      "properties": {
        "osm_type": "way",
        "osm_id": 1096816683,
        "sido": "경상남도",
        "power_type": "line",
        "name": "",
        "description": "",
        "voltage": "345000",
        "cables": "6",
        "circuits": "2",
        "frequency": "60",
        "operator": "",
        "wires": ""
      }
    },
    {
      "type": "Feature",
      "geometry": {
        "type": "LineString",
        "coordinates": [
          [
            128.5538605,
            35.6153678
          ],
          [
            128.5544372,
            35.6165713
          ]
        ]
      },
      "properties": {
        "osm_type": "way",
        "osm_id": 1096816684,
        "sido": "경상남도",
        "power_type": "line",
        "name": "",
        "description": "",
        "voltage": "345000",
        "cables": "6",
        "circuits": "2",
        "frequency": "60",
        "operator": "",
        "wires": ""
      }
    },
    {
      "type": "Feature",
      "geometry": {
        "type": "LineString",
        "coordinates": [
          [
            128.5534502,
            35.6152885
          ],
          [
            128.5521951,
            35.6169205
          ]
        ]
      },
      "properties": {
        "osm_type": "way",
        "osm_id": 1096816685,
        "sido": "경상남도",
        "power_type": "line",
        "name": "",
        "description": "",
        "voltage": "345000",
        "cables": "6",
        "circuits": "2",
        "frequency": "60",
        "operator": "",
        "wires": ""
      }
    },
    {
      "type": "Feature",
      "geometry": {
        "type": "LineString",
        "coordinates": [
          [
            128.5529888,
            35.6151846
          ],
          [
            128.5521951,
            35.6169205
          ]
        ]
      },
      "properties": {
        "osm_type": "way",
        "osm_id": 1096816686,
        "sido": "경상남도",
        "power_type": "line",
        "name": "",
        "description": "",
        "voltage": "345000",
        "cables": "6",
        "circuits": "2",
        "frequency": "60",
        "operator": "",
        "wires": ""
      }
    },
    {
      "type": "Feature",
      "geometry": {
        "type": "LineString",
        "coordinates": [
          [
            128.5548314,
            35.6148074
          ],
          [
            128.5545579,
            35.6153132
          ]
        ]
      },
      "properties": {
        "osm_type": "way",
        "osm_id": 1096816687,
        "sido": "경상남도",
        "power_type": "line",
        "name": "",
        "description": "",
        "voltage": "345000",
        "cables": "3",
        "circuits": "1",
        "frequency": "60",
        "operator": "",
        "wires": ""
      }
    },
    {
      "type": "Feature",
      "geometry": {
        "type": "LineString",
        "coordinates": [
          [
            128.5546106,
            35.6147622
          ],
          [
            128.5545579,
            35.6153132
          ]
        ]
      },
      "properties": {
        "osm_type": "way",
        "osm_id": 1096816688,
        "sido": "경상남도",
        "power_type": "line",
        "name": "",
        "description": "",
        "voltage": "345000",
        "cables": "3",
        "circuits": "1",
        "frequency": "60",
        "operator": "",
        "wires": ""
      }
    },
    {
      "type": "Feature",
      "geometry": {
        "type": "LineString",
        "coordinates": [
          [
            128.5541356,
            35.6146651
          ],
          [
            128.5538605,
            35.6153678
          ]
        ]
      },
      "properties": {
        "osm_type": "way",
        "osm_id": 1096816689,
        "sido": "경상남도",
        "power_type": "line",
        "name": "",
        "description": "",
        "voltage": "345000",
        "cables": "3",
        "circuits": "1",
        "frequency": "60",
        "operator": "",
        "wires": ""
      }
    },
    {
      "type": "Feature",
      "geometry": {
        "type": "LineString",
        "coordinates": [
          [
            128.5539457,
            35.6146262
          ],
          [
            128.5538605,
            35.6153678
          ]
        ]
      },
      "properties": {
        "osm_type": "way",
        "osm_id": 1096816690,
        "sido": "경상남도",
        "power_type": "line",
        "name": "",
        "description": "",
        "voltage": "345000",
        "cables": "3",
        "circuits": "1",
        "frequency": "60",
        "operator": "",
        "wires": ""
      }
    },
    {
      "type": "Feature",
      "geometry": {
        "type": "LineString",
        "coordinates": [
          [
            128.5537325,
            35.6145826
          ],
          [
            128.5534502,
            35.6152885
          ]
        ]
      },
      "properties": {
        "osm_type": "way",
        "osm_id": 1096816691,
        "sido": "경상남도",
        "power_type": "line",
        "name": "",
        "description": "",
        "voltage": "345000",
        "cables": "3",
        "circuits": "1",
        "frequency": "60",
        "operator": "",
        "wires": ""
      }
    },
    {
      "type": "Feature",
      "geometry": {
        "type": "LineString",
        "coordinates": [
          [
            128.5535003,
            35.6145352
          ],
          [
            128.5534502,
            35.6152885
          ]
        ]
      },
      "properties": {
        "osm_type": "way",
        "osm_id": 1096816692,
        "sido": "경상남도",
        "power_type": "line",
        "name": "",
        "description": "",
        "voltage": "345000",
        "cables": "3",
        "circuits": "1",
        "frequency": "60",
        "operator": "",
        "wires": ""
      }
    },
    {
      "type": "Feature",
      "geometry": {
        "type": "LineString",
        "coordinates": [
          [
            128.5533142,
            35.6144971
          ],
          [
            128.5529888,
            35.6151846
          ]
        ]
      },
      "properties": {
        "osm_type": "way",
        "osm_id": 1096816693,
        "sido": "경상남도",
        "power_type": "line",
        "name": "",
        "description": "",
        "voltage": "345000",
        "cables": "3",
        "circuits": "1",
        "frequency": "60",
        "operator": "",
        "wires": ""
      }
    },
    {
      "type": "Feature",
      "geometry": {
        "type": "LineString",
        "coordinates": [
          [
            128.5530719,
            35.6144476
          ],
          [
            128.5529888,
            35.6151846
          ]
        ]
      },
      "properties": {
        "osm_type": "way",
        "osm_id": 1096816694,
        "sido": "경상남도",
        "power_type": "line",
        "name": "",
        "description": "",
        "voltage": "345000",
        "cables": "3",
        "circuits": "1",
        "frequency": "60",
        "operator": "",
        "wires": ""
      }
    },
    {
      "type": "Feature",
      "geometry": {
        "type": "LineString",
        "coordinates": [
          [
            128.5544131,
            35.613963
          ],
          [
            128.5544575,
            35.6138321
          ],
          [
            128.5542026,
            35.6137749
          ],
          [
            128.5542661,
            35.6135879
          ],
          [
            128.5543905,
            35.6132212
          ],
          [
            128.5544138,
            35.6131526
          ],
          [
            128.5543596,
            35.6131404
          ],
          [
            128.5543757,
            35.6130929
          ]
        ]
      },
      "properties": {
        "osm_type": "way",
        "osm_id": 1096816695,
        "sido": "경상남도",
        "power_type": "line",
        "name": "",
        "description": "",
        "voltage": "765000",
        "cables": "3",
        "circuits": "1",
        "frequency": "60",
        "operator": "",
        "wires": ""
      }
    },
    {
      "type": "Feature",
      "geometry": {
        "type": "LineString",
        "coordinates": [
          [
            128.5537788,
            35.6138281
          ],
          [
            128.5538149,
            35.6136866
          ],
          [
            128.5536674,
            35.6136539
          ],
          [
            128.5537316,
            35.613467
          ],
          [
            128.5538576,
            35.6131007
          ],
          [
            128.5538954,
            35.6129909
          ]
        ]
      },
      "properties": {
        "osm_type": "way",
        "osm_id": 1096816696,
        "sido": "경상남도",
        "power_type": "line",
        "name": "",
        "description": "",
        "voltage": "765000",
        "cables": "3",
        "circuits": "1",
        "frequency": "60",
        "operator": "",
        "wires": ""
      }
    },
    {
      "type": "Feature",
      "geometry": {
        "type": "LineString",
        "coordinates": [
          [
            128.4889832,
            35.3578843
          ],
          [
            128.4890485,
            35.3574583
          ]
        ]
      },
      "properties": {
        "osm_type": "way",
        "osm_id": 1096816697,
        "sido": "경상남도",
        "power_type": "line",
        "name": "",
        "description": "",
        "voltage": "154000",
        "cables": "3",
        "circuits": "1",
        "frequency": "60",
        "operator": "",
        "wires": ""
      }
    },
    {
      "type": "Feature",
      "geometry": {
        "type": "LineString",
        "coordinates": [
          [
            128.4888316,
            35.3578658
          ],
          [
            128.4890485,
            35.3574583
          ]
        ]
      },
      "properties": {
        "osm_type": "way",
        "osm_id": 1096816698,
        "sido": "경상남도",
        "power_type": "line",
        "name": "",
        "description": "",
        "voltage": "154000",
        "cables": "3",
        "circuits": "1",
        "frequency": "60",
        "operator": "",
        "wires": ""
      }
    },
    {
      "type": "Feature",
      "geometry": {
        "type": "LineString",
        "coordinates": [
          [
            128.4887254,
            35.3578528
          ],
          [
            128.4890485,
            35.3574583
          ]
        ]
      },
      "properties": {
        "osm_type": "way",
        "osm_id": 1096816699,
        "sido": "경상남도",
        "power_type": "line",
        "name": "",
        "description": "",
        "voltage": "154000",
        "cables": "3",
        "circuits": "1",
        "frequency": "60",
        "operator": "",
        "wires": ""
      }
    },
    {
      "type": "Feature",
      "geometry": {
        "type": "LineString",
        "coordinates": [
          [
            128.4886077,
            35.3578384
          ],
          [
            128.4890485,
            35.3574583
          ]
        ]
      },
      "properties": {
        "osm_type": "way",
        "osm_id": 1096816700,
        "sido": "경상남도",
        "power_type": "line",
        "name": "",
        "description": "",
        "voltage": "154000",
        "cables": "3",
        "circuits": "1",
        "frequency": "60",
        "operator": "",
        "wires": ""
      }
    },
    {
      "type": "Feature",
      "geometry": {
        "type": "LineString",
        "coordinates": [
          [
            128.5325134,
            35.4450979
          ],
          [
            128.534894,
            35.4451713
          ],
          [
            128.5388465,
            35.4449256
          ],
          [
            128.5421458,
            35.4440408
          ],
          [
            128.5444067,
            35.4466036
          ],
          [
            128.5465977,
            35.4484242
          ],
          [
            128.5493111,
            35.4486604
          ]
        ]
      },
      "properties": {
        "osm_type": "way",
        "osm_id": 1096816701,
        "sido": "경상남도",
        "power_type": "line",
        "name": "",
        "description": "",
        "voltage": "154000",
        "cables": "12",
        "circuits": "4",
        "frequency": "60",
        "operator": "",
        "wires": ""
      }
    },
    {
      "type": "Feature",
      "geometry": {
        "type": "LineString",
        "coordinates": [
          [
            128.5320367,
            35.4453155
          ],
          [
            128.5325134,
            35.4450979
          ]
        ]
      },
      "properties": {
        "osm_type": "way",
        "osm_id": 1096816702,
        "sido": "경상남도",
        "power_type": "line",
        "name": "",
        "description": "",
        "voltage": "154000",
        "cables": "3",
        "circuits": "1",
        "frequency": "60",
        "operator": "",
        "wires": ""
      }
    },
    {
      "type": "Feature",
      "geometry": {
        "type": "LineString",
        "coordinates": [
          [
            128.532073,
            35.4451948
          ],
          [
            128.5325134,
            35.4450979
          ]
        ]
      },
      "properties": {
        "osm_type": "way",
        "osm_id": 1096816703,
        "sido": "경상남도",
        "power_type": "line",
        "name": "",
        "description": "",
        "voltage": "154000",
        "cables": "3",
        "circuits": "1",
        "frequency": "60",
        "operator": "",
        "wires": ""
      }
    },
    {
      "type": "Feature",
      "geometry": {
        "type": "LineString",
        "coordinates": [
          [
            128.1324935,
            35.1848838
          ],
          [
            128.150306,
            35.1860391
          ]
        ]
      },
      "properties": {
        "osm_type": "way",
        "osm_id": 1096947420,
        "sido": "경상남도",
        "power_type": "cable",
        "name": "",
        "description": "",
        "voltage": "154000",
        "cables": "",
        "circuits": "",
        "frequency": "60",
        "operator": "",
        "wires": ""
      }
    },
    {
      "type": "Feature",
      "geometry": {
        "type": "LineString",
        "coordinates": [
          [
            128.121196,
            35.1837966
          ],
          [
            128.1209694,
            35.1842756
          ]
        ]
      },
      "properties": {
        "osm_type": "way",
        "osm_id": 1096947421,
        "sido": "경상남도",
        "power_type": "line",
        "name": "",
        "description": "",
        "voltage": "154000",
        "cables": "3",
        "circuits": "",
        "frequency": "60",
        "operator": "",
        "wires": ""
      }
    },
    {
      "type": "Feature",
      "geometry": {
        "type": "LineString",
        "coordinates": [
          [
            128.1210544,
            35.1837889
          ],
          [
            128.1209694,
            35.1842756
          ]
        ]
      },
      "properties": {
        "osm_type": "way",
        "osm_id": 1096947422,
        "sido": "경상남도",
        "power_type": "line",
        "name": "",
        "description": "",
        "voltage": "154000",
        "cables": "3",
        "circuits": "",
        "frequency": "60",
        "operator": "",
        "wires": ""
      }
    },
    {
      "type": "Feature",
      "geometry": {
        "type": "LineString",
        "coordinates": [
          [
            128.1206365,
            35.1837665
          ],
          [
            128.1209694,
            35.1842756
          ]
        ]
      },
      "properties": {
        "osm_type": "way",
        "osm_id": 1096947423,
        "sido": "경상남도",
        "power_type": "line",
        "name": "",
        "description": "",
        "voltage": "154000",
        "cables": "3",
        "circuits": "",
        "frequency": "60",
        "operator": "",
        "wires": ""
      }
    },
    {
      "type": "Feature",
      "geometry": {
        "type": "LineString",
        "coordinates": [
          [
            128.1204826,
            35.1837582
          ],
          [
            128.1209694,
            35.1842756
          ]
        ]
      },
      "properties": {
        "osm_type": "way",
        "osm_id": 1096947424,
        "sido": "경상남도",
        "power_type": "line",
        "name": "",
        "description": "",
        "voltage": "154000",
        "cables": "3",
        "circuits": "",
        "frequency": "60",
        "operator": "",
        "wires": ""
      }
    },
    {
      "type": "Feature",
      "geometry": {
        "type": "LineString",
        "coordinates": [
          [
            128.1039925,
            35.3334444
          ],
          [
            128.1061944,
            35.3312517
          ],
          [
            128.1083027,
            35.3292079
          ],
          [
            128.1116071,
            35.3260086
          ],
          [
            128.1137422,
            35.3239821
          ],
          [
            128.1162903,
            35.321553
          ],
          [
            128.1181303,
            35.3197912
          ],
          [
            128.1196806,
            35.3182812
          ],
          [
            128.1215608,
            35.3151646
          ],
          [
            128.1230843,
            35.3125382
          ],
          [
            128.1245059,
            35.3100255
          ],
          [
            128.1261581,
            35.3071581
          ],
          [
            128.1270754,
            35.3046803
          ],
          [
            128.1279659,
            35.3024038
          ],
          [
            128.1289744,
            35.2996237
          ],
          [
            128.1300366,
            35.296791
          ],
          [
            128.1324747,
            35.2926841
          ],
          [
            128.1353205,
            35.2879333
          ],
          [
            128.1372195,
            35.2866416
          ],
          [
            128.1396657,
            35.2850039
          ],
          [
            128.1405777,
            35.2829195
          ],
          [
            128.1411838,
            35.2799329
          ],
          [
            128.1419563,
            35.2764821
          ],
          [
            128.143909,
            35.2733639
          ],
          [
            128.1458348,
            35.2701799
          ],
          [
            128.1475836,
            35.2673286
          ],
          [
            128.1489301,
            35.2650467
          ],
          [
            128.1516391,
            35.2631063
          ],
          [
            128.1542569,
            35.2612448
          ],
          [
            128.1573576,
            35.2590853
          ],
          [
            128.1592083,
            35.2577449
          ],
          [
            128.1622151,
            35.2556248
          ],
          [
            128.1654766,
            35.2543216
          ],
          [
            128.167507,
            35.2534367
          ],
          [
            128.1696314,
            35.2520721
          ],
          [
            128.1728312,
            35.2500504
          ],
          [
            128.1761411,
            35.2478797
          ],
          [
            128.179349,
            35.2458491
          ],
          [
            128.1822377,
            35.2439192
          ],
          [
            128.1827044,
            35.2411766
          ],
          [
            128.1832355,
            35.2381929
          ],
          [
            128.1838229,
            35.2343437
          ],
          [
            128.1829888,
            35.2321726
          ],
          [
            128.1822163,
            35.2302314
          ],
          [
            128.1794456,
            35.2286298
          ],
          [
            128.1715035,
            35.2239125
          ],
          [
            128.1688642,
            35.2222604
          ],
          [
            128.1683117,
            35.2193242
          ],
          [
            128.1676197,
            35.2159978
          ],
          [
            128.166756,
            35.2137144
          ],
          [
            128.1654793,
            35.210607
          ],
          [
            128.1646049,
            35.2082753
          ],
          [
            128.1636125,
            35.2057769
          ],
          [
            128.1625557,
            35.2032916
          ],
          [
            128.1619495,
            35.2015382
          ],
          [
            128.16203,
            35.1986539
          ],
          [
            128.1631833,
            35.1965059
          ],
          [
            128.1631619,
            35.1939808
          ],
          [
            128.162384,
            35.1923193
          ],
          [
            128.1607479,
            35.1902501
          ],
          [
            128.1589293,
            35.1879616
          ],
          [
            128.1572503,
            35.1863789
          ],
          [
            128.1536508,
            35.1858046
          ],
          [
            128.1521004,
            35.1858966
          ],
          [
            128.150306,
            35.1860391
          ]
        ]
      },
      "properties": {
        "osm_type": "way",
        "osm_id": 1096947425,
        "sido": "경상남도",
        "power_type": "line",
        "name": "",
        "description": "",
        "voltage": "154000",
        "cables": "6",
        "circuits": "2",
        "frequency": "60",
        "operator": "",
        "wires": ""
      }
    },
    {
      "type": "Feature",
      "geometry": {
        "type": "LineString",
        "coordinates": [
          [
            128.129159,
            35.3430006
          ],
          [
            128.1285278,
            35.3432221
          ],
          [
            128.125187,
            35.3410466
          ],
          [
            128.1209778,
            35.3393752
          ],
          [
            128.118695,
            35.3380866
          ],
          [
            128.1153968,
            35.3375037
          ],
          [
            128.1127084,
            35.3369531
          ],
          [
            128.1089389,
            35.3384188
          ],
          [
            128.1058059,
            35.3397314
          ],
          [
            128.1018328,
            35.3413229
          ],
          [
            128.0963114,
            35.3435437
          ],
          [
            128.0932628,
            35.3447952
          ],
          [
            128.0911594,
            35.345658
          ],
          [
            128.0874663,
            35.3459379
          ],
          [
            128.0847212,
            35.346109
          ],
          [
            128.0800703,
            35.3463427
          ],
          [
            128.0759498,
            35.3464375
          ],
          [
            128.0714266,
            35.3438144
          ]
        ]
      },
      "properties": {
        "osm_type": "way",
        "osm_id": 1096947426,
        "sido": "경상남도",
        "power_type": "line",
        "name": "",
        "description": "",
        "voltage": "345000",
        "cables": "12",
        "circuits": "4",
        "frequency": "60",
        "operator": "",
        "wires": ""
      }
    },
    {
      "type": "Feature",
      "geometry": {
        "type": "LineString",
        "coordinates": [
          [
            128.3498948,
            34.6561024
          ],
          [
            128.3520493,
            34.6514358
          ]
        ]
      },
      "properties": {
        "osm_type": "way",
        "osm_id": 1160125181,
        "sido": "경상남도",
        "power_type": "minor_line",
        "name": "",
        "description": "",
        "voltage": "22900",
        "cables": "4",
        "circuits": "",
        "frequency": "60",
        "operator": "",
        "wires": ""
      }
    },
    {
      "type": "Feature",
      "geometry": {
        "type": "LineString",
        "coordinates": [
          [
            128.2444608,
            34.6698921
          ],
          [
            128.2452206,
            34.6651313
          ],
          [
            128.2479714,
            34.6487957
          ],
          [
            128.2483898,
            34.6462714
          ]
        ]
      },
      "properties": {
        "osm_type": "way",
        "osm_id": 1160125182,
        "sido": "경상남도",
        "power_type": "minor_line",
        "name": "",
        "description": "",
        "voltage": "22900",
        "cables": "4",
        "circuits": "",
        "frequency": "60",
        "operator": "",
        "wires": ""
      }
    },
    {
      "type": "Feature",
      "geometry": {
        "type": "LineString",
        "coordinates": [
          [
            128.2444029,
            34.668952
          ],
          [
            128.2438571,
            34.6667359
          ]
        ]
      },
      "properties": {
        "osm_type": "way",
        "osm_id": 1160125183,
        "sido": "경상남도",
        "power_type": "minor_line",
        "name": "",
        "description": "",
        "voltage": "22900",
        "cables": "",
        "circuits": "",
        "frequency": "60",
        "operator": "",
        "wires": ""
      }
    },
    {
      "type": "Feature",
      "geometry": {
        "type": "LineString",
        "coordinates": [
          [
            128.404188,
            34.7511569
          ],
          [
            128.4061401,
            34.7527665
          ]
        ]
      },
      "properties": {
        "osm_type": "way",
        "osm_id": 1160125184,
        "sido": "경상남도",
        "power_type": "minor_line",
        "name": "",
        "description": "",
        "voltage": "22900",
        "cables": "",
        "circuits": "",
        "frequency": "60",
        "operator": "",
        "wires": ""
      }
    },
    {
      "type": "Feature",
      "geometry": {
        "type": "LineString",
        "coordinates": [
          [
            128.4151139,
            34.7481225
          ],
          [
            128.4171317,
            34.7448667
          ],
          [
            128.4262652,
            34.7310877
          ],
          [
            128.4270745,
            34.7296528
          ]
        ]
      },
      "properties": {
        "osm_type": "way",
        "osm_id": 1160125185,
        "sido": "경상남도",
        "power_type": "minor_line",
        "name": "",
        "description": "",
        "voltage": "22900",
        "cables": "4",
        "circuits": "",
        "frequency": "60",
        "operator": "",
        "wires": ""
      }
    },
    {
      "type": "Feature",
      "geometry": {
        "type": "LineString",
        "coordinates": [
          [
            128.4040495,
            34.7433578
          ],
          [
            128.4020957,
            34.7367215
          ]
        ]
      },
      "properties": {
        "osm_type": "way",
        "osm_id": 1160125186,
        "sido": "경상남도",
        "power_type": "minor_line",
        "name": "",
        "description": "",
        "voltage": "22900",
        "cables": "4",
        "circuits": "",
        "frequency": "60",
        "operator": "",
        "wires": ""
      }
    },
    {
      "type": "Feature",
      "geometry": {
        "type": "LineString",
        "coordinates": [
          [
            128.399764,
            34.7515843
          ],
          [
            128.4014076,
            34.7478556
          ]
        ]
      },
      "properties": {
        "osm_type": "way",
        "osm_id": 1160125187,
        "sido": "경상남도",
        "power_type": "minor_line",
        "name": "",
        "description": "",
        "voltage": "22900",
        "cables": "4",
        "circuits": "",
        "frequency": "60",
        "operator": "",
        "wires": ""
      }
    },
    {
      "type": "Feature",
      "geometry": {
        "type": "LineString",
        "coordinates": [
          [
            128.4226454,
            34.7521662
          ],
          [
            128.4228391,
            34.754637
          ],
          [
            128.4233753,
            34.7631114
          ],
          [
            128.4234554,
            34.7644154
          ]
        ]
      },
      "properties": {
        "osm_type": "way",
        "osm_id": 1160125188,
        "sido": "경상남도",
        "power_type": "minor_line",
        "name": "",
        "description": "",
        "voltage": "22900",
        "cables": "4",
        "circuits": "",
        "frequency": "60",
        "operator": "",
        "wires": ""
      }
    },
    {
      "type": "Feature",
      "geometry": {
        "type": "LineString",
        "coordinates": [
          [
            128.376234,
            34.7923318
          ],
          [
            128.3750734,
            34.7912466
          ],
          [
            128.3683565,
            34.7848355
          ],
          [
            128.3676303,
            34.7841531
          ]
        ]
      },
      "properties": {
        "osm_type": "way",
        "osm_id": 1160125189,
        "sido": "경상남도",
        "power_type": "minor_line",
        "name": "",
        "description": "",
        "voltage": "22900",
        "cables": "4",
        "circuits": "",
        "frequency": "60",
        "operator": "",
        "wires": ""
      }
    },
    {
      "type": "Feature",
      "geometry": {
        "type": "LineString",
        "coordinates": [
          [
            128.3471053,
            34.8172296
          ],
          [
            128.3449381,
            34.8174248
          ],
          [
            128.3436203,
            34.8186389
          ],
          [
            128.340246,
            34.8201715
          ]
        ]
      },
      "properties": {
        "osm_type": "way",
        "osm_id": 1160125190,
        "sido": "경상남도",
        "power_type": "minor_line",
        "name": "",
        "description": "",
        "voltage": "22900",
        "cables": "",
        "circuits": "",
        "frequency": "60",
        "operator": "",
        "wires": ""
      }
    },
    {
      "type": "Feature",
      "geometry": {
        "type": "LineString",
        "coordinates": [
          [
            128.4648465,
            34.8316158
          ],
          [
            128.4575835,
            34.8373177
          ],
          [
            128.4466473,
            34.8456804
          ],
          [
            128.4456329,
            34.8465321
          ]
        ]
      },
      "properties": {
        "osm_type": "way",
        "osm_id": 1160125191,
        "sido": "경상남도",
        "power_type": "minor_line",
        "name": "",
        "description": "",
        "voltage": "22900",
        "cables": "4",
        "circuits": "",
        "frequency": "60",
        "operator": "",
        "wires": ""
      }
    },
    {
      "type": "Feature",
      "geometry": {
        "type": "LineString",
        "coordinates": [
          [
            128.4869245,
            34.8109428
          ],
          [
            128.4923632,
            34.8120069
          ]
        ]
      },
      "properties": {
        "osm_type": "way",
        "osm_id": 1160125192,
        "sido": "경상남도",
        "power_type": "minor_line",
        "name": "",
        "description": "",
        "voltage": "22900",
        "cables": "",
        "circuits": "",
        "frequency": "60",
        "operator": "",
        "wires": ""
      }
    },
    {
      "type": "Feature",
      "geometry": {
        "type": "LineString",
        "coordinates": [
          [
            128.4875454,
            34.8120743
          ],
          [
            128.4913511,
            34.8127307
          ]
        ]
      },
      "properties": {
        "osm_type": "way",
        "osm_id": 1160125193,
        "sido": "경상남도",
        "power_type": "minor_line",
        "name": "",
        "description": "",
        "voltage": "22900",
        "cables": "4",
        "circuits": "",
        "frequency": "60",
        "operator": "",
        "wires": ""
      }
    },
    {
      "type": "Feature",
      "geometry": {
        "type": "LineString",
        "coordinates": [
          [
            128.4724704,
            34.8229316
          ],
          [
            128.4721825,
            34.8223224
          ],
          [
            128.4697289,
            34.8171914
          ]
        ]
      },
      "properties": {
        "osm_type": "way",
        "osm_id": 1160125194,
        "sido": "경상남도",
        "power_type": "minor_line",
        "name": "",
        "description": "",
        "voltage": "22900",
        "cables": "4",
        "circuits": "",
        "frequency": "60",
        "operator": "",
        "wires": ""
      }
    },
    {
      "type": "Feature",
      "geometry": {
        "type": "LineString",
        "coordinates": [
          [
            128.4963293,
            34.7926227
          ],
          [
            128.4957696,
            34.7922467
          ],
          [
            128.4922879,
            34.789423
          ],
          [
            128.4908792,
            34.788135
          ]
        ]
      },
      "properties": {
        "osm_type": "way",
        "osm_id": 1160125195,
        "sido": "경상남도",
        "power_type": "minor_line",
        "name": "",
        "description": "",
        "voltage": "22900",
        "cables": "4",
        "circuits": "",
        "frequency": "60",
        "operator": "",
        "wires": ""
      }
    },
    {
      "type": "Feature",
      "geometry": {
        "type": "LineString",
        "coordinates": [
          [
            128.49027,
            34.7936039
          ],
          [
            128.4951925,
            34.7938136
          ]
        ]
      },
      "properties": {
        "osm_type": "way",
        "osm_id": 1160125196,
        "sido": "경상남도",
        "power_type": "minor_line",
        "name": "",
        "description": "",
        "voltage": "22900",
        "cables": "",
        "circuits": "",
        "frequency": "60",
        "operator": "",
        "wires": ""
      }
    },
    {
      "type": "Feature",
      "geometry": {
        "type": "LineString",
        "coordinates": [
          [
            128.5134728,
            34.8112899
          ],
          [
            128.5126918,
            34.8101754
          ],
          [
            128.5056723,
            34.8007354
          ],
          [
            128.5041722,
            34.7986709
          ]
        ]
      },
      "properties": {
        "osm_type": "way",
        "osm_id": 1160125197,
        "sido": "경상남도",
        "power_type": "minor_line",
        "name": "",
        "description": "",
        "voltage": "22900",
        "cables": "4",
        "circuits": "",
        "frequency": "60",
        "operator": "",
        "wires": ""
      }
    },
    {
      "type": "Feature",
      "geometry": {
        "type": "LineString",
        "coordinates": [
          [
            128.4921507,
            34.7856497
          ],
          [
            128.4958381,
            34.7860294
          ]
        ]
      },
      "properties": {
        "osm_type": "way",
        "osm_id": 1160125198,
        "sido": "경상남도",
        "power_type": "minor_line",
        "name": "",
        "description": "",
        "voltage": "22900",
        "cables": "",
        "circuits": "",
        "frequency": "60",
        "operator": "",
        "wires": ""
      }
    },
    {
      "type": "Feature",
      "geometry": {
        "type": "LineString",
        "coordinates": [
          [
            128.4919854,
            34.7478886
          ],
          [
            128.4917388,
            34.7485895
          ],
          [
            128.4880084,
            34.7580444
          ],
          [
            128.4875813,
            34.7590627
          ]
        ]
      },
      "properties": {
        "osm_type": "way",
        "osm_id": 1160125199,
        "sido": "경상남도",
        "power_type": "minor_line",
        "name": "",
        "description": "",
        "voltage": "22900",
        "cables": "4",
        "circuits": "",
        "frequency": "60",
        "operator": "",
        "wires": ""
      }
    },
    {
      "type": "Feature",
      "geometry": {
        "type": "LineString",
        "coordinates": [
          [
            128.4639733,
            34.7336657
          ],
          [
            128.4643837,
            34.7344719
          ],
          [
            128.4673956,
            34.7402057
          ],
          [
            128.4677808,
            34.740951
          ]
        ]
      },
      "properties": {
        "osm_type": "way",
        "osm_id": 1160125200,
        "sido": "경상남도",
        "power_type": "minor_line",
        "name": "",
        "description": "",
        "voltage": "22900",
        "cables": "4",
        "circuits": "",
        "frequency": "60",
        "operator": "",
        "wires": ""
      }
    },
    {
      "type": "Feature",
      "geometry": {
        "type": "LineString",
        "coordinates": [
          [
            128.5270254,
            34.7301855
          ],
          [
            128.5245465,
            34.7309689
          ],
          [
            128.5128355,
            34.7347018
          ],
          [
            128.5121508,
            34.7349134
          ]
        ]
      },
      "properties": {
        "osm_type": "way",
        "osm_id": 1160125201,
        "sido": "경상남도",
        "power_type": "minor_line",
        "name": "",
        "description": "",
        "voltage": "22900",
        "cables": "4",
        "circuits": "",
        "frequency": "60",
        "operator": "",
        "wires": ""
      }
    },
    {
      "type": "Feature",
      "geometry": {
        "type": "LineString",
        "coordinates": [
          [
            128.5637155,
            34.7687823
          ],
          [
            128.5625703,
            34.7670606
          ],
          [
            128.5575141,
            34.7588858
          ],
          [
            128.5567989,
            34.7577164
          ]
        ]
      },
      "properties": {
        "osm_type": "way",
        "osm_id": 1160125202,
        "sido": "경상남도",
        "power_type": "minor_line",
        "name": "",
        "description": "",
        "voltage": "22900",
        "cables": "4",
        "circuits": "",
        "frequency": "60",
        "operator": "",
        "wires": ""
      }
    },
    {
      "type": "Feature",
      "geometry": {
        "type": "LineString",
        "coordinates": [
          [
            128.7186002,
            34.794196
          ],
          [
            128.71497,
            34.7885989
          ]
        ]
      },
      "properties": {
        "osm_type": "way",
        "osm_id": 1160125203,
        "sido": "경상남도",
        "power_type": "minor_line",
        "name": "",
        "description": "",
        "voltage": "22900",
        "cables": "4",
        "circuits": "",
        "frequency": "60",
        "operator": "",
        "wires": ""
      }
    },
    {
      "type": "Feature",
      "geometry": {
        "type": "LineString",
        "coordinates": [
          [
            128.7159825,
            34.7889776
          ],
          [
            128.7201678,
            34.7933455
          ]
        ]
      },
      "properties": {
        "osm_type": "way",
        "osm_id": 1160125204,
        "sido": "경상남도",
        "power_type": "minor_line",
        "name": "",
        "description": "",
        "voltage": "22900",
        "cables": "",
        "circuits": "",
        "frequency": "60",
        "operator": "",
        "wires": ""
      }
    },
    {
      "type": "Feature",
      "geometry": {
        "type": "LineString",
        "coordinates": [
          [
            128.722579,
            34.9668611
          ],
          [
            128.7171885,
            34.9622018
          ]
        ]
      },
      "properties": {
        "osm_type": "way",
        "osm_id": 1160125205,
        "sido": "경상남도",
        "power_type": "minor_line",
        "name": "",
        "description": "",
        "voltage": "22900",
        "cables": "4",
        "circuits": "",
        "frequency": "60",
        "operator": "",
        "wires": ""
      }
    },
    {
      "type": "Feature",
      "geometry": {
        "type": "LineString",
        "coordinates": [
          [
            128.4681558,
            34.9066979
          ],
          [
            128.467523,
            34.906556
          ],
          [
            128.4598326,
            34.9048993
          ],
          [
            128.4587686,
            34.9046353
          ]
        ]
      },
      "properties": {
        "osm_type": "way",
        "osm_id": 1160125206,
        "sido": "경상남도",
        "power_type": "minor_line",
        "name": "",
        "description": "",
        "voltage": "22900",
        "cables": "4",
        "circuits": "",
        "frequency": "60",
        "operator": "",
        "wires": ""
      }
    },
    {
      "type": "Feature",
      "geometry": {
        "type": "LineString",
        "coordinates": [
          [
            128.4318657,
            34.9311378
          ],
          [
            128.4365289,
            34.9255357
          ]
        ]
      },
      "properties": {
        "osm_type": "way",
        "osm_id": 1160125207,
        "sido": "경상남도",
        "power_type": "minor_line",
        "name": "",
        "description": "",
        "voltage": "22900",
        "cables": "2",
        "circuits": "",
        "frequency": "60",
        "operator": "",
        "wires": ""
      }
    },
    {
      "type": "Feature",
      "geometry": {
        "type": "LineString",
        "coordinates": [
          [
            128.4339301,
            34.9441371
          ],
          [
            128.4298788,
            34.9451694
          ]
        ]
      },
      "properties": {
        "osm_type": "way",
        "osm_id": 1160125208,
        "sido": "경상남도",
        "power_type": "minor_line",
        "name": "",
        "description": "",
        "voltage": "22900",
        "cables": "",
        "circuits": "",
        "frequency": "60",
        "operator": "",
        "wires": ""
      }
    },
    {
      "type": "Feature",
      "geometry": {
        "type": "LineString",
        "coordinates": [
          [
            129.0800841,
            35.3024577
          ],
          [
            129.0774574,
            35.3003044
          ],
          [
            129.0744149,
            35.2977537
          ],
          [
            129.071886,
            35.2963896
          ],
          [
            129.0664539,
            35.2952563
          ],
          [
            129.062196,
            35.2942209
          ],
          [
            129.0605263,
            35.2938401
          ],
          [
            129.058424,
            35.2933427
          ],
          [
            129.0565306,
            35.2911969
          ],
          [
            129.0544456,
            35.2884257
          ],
          [
            129.0526001,
            35.2860026
          ],
          [
            129.0514815,
            35.2845601
          ],
          [
            129.0498318,
            35.2827302
          ],
          [
            129.0475684,
            35.2801328
          ],
          [
            129.045823,
            35.2781288
          ],
          [
            129.0450569,
            35.2757942
          ],
          [
            129.0442735,
            35.2734773
          ],
          [
            129.0427674,
            35.2699131
          ],
          [
            129.0422538,
            35.2688398
          ],
          [
            129.0407217,
            35.2652114
          ],
          [
            129.0401471,
            35.26229
          ],
          [
            129.0395726,
            35.2593437
          ],
          [
            129.0392418,
            35.2566851
          ],
          [
            129.0388139,
            35.2532514
          ],
          [
            129.0355866,
            35.2482692
          ],
          [
            129.0343279,
            35.2464244
          ],
          [
            129.0319535,
            35.2425458
          ],
          [
            129.0308779,
            35.2409926
          ],
          [
            129.0283942,
            35.2388216
          ],
          [
            129.0268975,
            35.2374196
          ]
        ]
      },
      "properties": {
        "osm_type": "way",
        "osm_id": 1289243774,
        "sido": "경상남도",
        "power_type": "line",
        "name": "",
        "description": "",
        "voltage": "345000",
        "cables": "6",
        "circuits": "2",
        "frequency": "60",
        "operator": "",
        "wires": ""
      }
    },
    {
      "type": "Feature",
      "geometry": {
        "type": "LineString",
        "coordinates": [
          [
            129.0669045,
            35.3285622
          ],
          [
            129.0668509,
            35.3304124
          ],
          [
            129.0667809,
            35.332597
          ],
          [
            129.0667086,
            35.3351983
          ],
          [
            129.0666378,
            35.3362167
          ],
          [
            129.0665634,
            35.3371108
          ],
          [
            129.0648717,
            35.3398266
          ],
          [
            129.061592,
            35.3411574
          ],
          [
            129.0576505,
            35.3427802
          ],
          [
            129.0540883,
            35.3457348
          ]
        ]
      },
      "properties": {
        "osm_type": "way",
        "osm_id": 1291192779,
        "sido": "경상남도",
        "power_type": "line",
        "name": "",
        "description": "",
        "voltage": "",
        "cables": "",
        "circuits": "",
        "frequency": "",
        "operator": "",
        "wires": ""
      }
    },
    {
      "type": "Feature",
      "geometry": {
        "type": "LineString",
        "coordinates": [
          [
            128.7208012,
            35.0913048
          ],
          [
            128.7228799,
            35.0882476
          ],
          [
            128.7283301,
            35.0882278
          ]
        ]
      },
      "properties": {
        "osm_type": "way",
        "osm_id": 1292361505,
        "sido": "경상남도",
        "power_type": "line",
        "name": "",
        "description": "",
        "voltage": "",
        "cables": "",
        "circuits": "",
        "frequency": "",
        "operator": "",
        "wires": ""
      }
    },
    {
      "type": "Feature",
      "geometry": {
        "type": "LineString",
        "coordinates": [
          [
            128.5544908,
            35.6132439
          ],
          [
            128.5543905,
            35.6132212
          ],
          [
            128.5538576,
            35.6131007
          ],
          [
            128.5535654,
            35.6130346
          ]
        ]
      },
      "properties": {
        "osm_type": "way",
        "osm_id": 1330692351,
        "sido": "경상남도",
        "power_type": "line",
        "name": "",
        "description": "",
        "voltage": "765000",
        "cables": "3",
        "circuits": "1",
        "frequency": "60",
        "operator": "",
        "wires": ""
      }
    },
    {
      "type": "Feature",
      "geometry": {
        "type": "LineString",
        "coordinates": [
          [
            128.5533145,
            35.6133727
          ],
          [
            128.55344,
            35.6134011
          ],
          [
            128.5537316,
            35.613467
          ],
          [
            128.5542661,
            35.6135879
          ]
        ]
      },
      "properties": {
        "osm_type": "way",
        "osm_id": 1330692352,
        "sido": "경상남도",
        "power_type": "line",
        "name": "",
        "description": "",
        "voltage": "765000",
        "cables": "3",
        "circuits": "1",
        "frequency": "60",
        "operator": "",
        "wires": ""
      }
    },
    {
      "type": "Feature",
      "geometry": {
        "type": "LineString",
        "coordinates": [
          [
            128.5535654,
            35.6130346
          ],
          [
            128.55344,
            35.6134011
          ],
          [
            128.5534018,
            35.6134227
          ],
          [
            128.5533428,
            35.6135885
          ],
          [
            128.5531792,
            35.6135514
          ],
          [
            128.553133,
            35.6136907
          ]
        ]
      },
      "properties": {
        "osm_type": "way",
        "osm_id": 1330692353,
        "sido": "경상남도",
        "power_type": "line",
        "name": "",
        "description": "",
        "voltage": "765000",
        "cables": "3",
        "circuits": "1",
        "frequency": "60",
        "operator": "",
        "wires": ""
      }
    },
    {
      "type": "Feature",
      "geometry": {
        "type": "LineString",
        "coordinates": [
          [
            128.5543757,
            35.6130929
          ],
          [
            128.5543647,
            35.6123804
          ]
        ]
      },
      "properties": {
        "osm_type": "way",
        "osm_id": 1330692354,
        "sido": "경상남도",
        "power_type": "line",
        "name": "",
        "description": "",
        "voltage": "765000",
        "cables": "3",
        "circuits": "1",
        "frequency": "60",
        "operator": "",
        "wires": ""
      }
    },
    {
      "type": "Feature",
      "geometry": {
        "type": "LineString",
        "coordinates": [
          [
            128.5538954,
            35.6129909
          ],
          [
            128.5543647,
            35.6123804
          ]
        ]
      },
      "properties": {
        "osm_type": "way",
        "osm_id": 1330692355,
        "sido": "경상남도",
        "power_type": "line",
        "name": "",
        "description": "",
        "voltage": "765000",
        "cables": "3",
        "circuits": "1",
        "frequency": "60",
        "operator": "",
        "wires": ""
      }
    },
    {
      "type": "Feature",
      "geometry": {
        "type": "LineString",
        "coordinates": [
          [
            128.719445,
            35.1880744
          ],
          [
            128.7200481,
            35.1872767
          ],
          [
            128.721012,
            35.1850813
          ],
          [
            128.7223302,
            35.1828541
          ]
        ]
      },
      "properties": {
        "osm_type": "way",
        "osm_id": 1431794294,
        "sido": "경상남도",
        "power_type": "line",
        "name": "",
        "description": "",
        "voltage": "154000",
        "cables": "12",
        "circuits": "4",
        "frequency": "60",
        "operator": "",
        "wires": ""
      }
    },
    {
      "type": "Feature",
      "geometry": {
        "type": "LineString",
        "coordinates": [
          [
            128.7193617,
            35.1595288
          ],
          [
            128.7186549,
            35.1616812
          ],
          [
            128.7180524,
            35.1633374
          ],
          [
            128.7163514,
            35.1681253
          ],
          [
            128.7150585,
            35.1719139
          ],
          [
            128.7138145,
            35.1739211
          ],
          [
            128.7124322,
            35.1762473
          ],
          [
            128.7122101,
            35.17875
          ],
          [
            128.7121146,
            35.1807037
          ],
          [
            128.7149096,
            35.1823345
          ],
          [
            128.7161348,
            35.1844282
          ]
        ]
      },
      "properties": {
        "osm_type": "way",
        "osm_id": 1431794295,
        "sido": "경상남도",
        "power_type": "line",
        "name": "",
        "description": "",
        "voltage": "154000",
        "cables": "6",
        "circuits": "2",
        "frequency": "60",
        "operator": "",
        "wires": ""
      }
    },
    {
      "type": "Feature",
      "geometry": {
        "type": "LineString",
        "coordinates": [
          [
            128.7161348,
            35.1844282
          ],
          [
            128.7177693,
            35.1874358
          ],
          [
            128.7192419,
            35.1882147
          ]
        ]
      },
      "properties": {
        "osm_type": "way",
        "osm_id": 1431794296,
        "sido": "경상남도",
        "power_type": "line",
        "name": "",
        "description": "",
        "voltage": "154000",
        "cables": "12",
        "circuits": "4",
        "frequency": "60",
        "operator": "",
        "wires": ""
      }
    },
    {
      "type": "Feature",
      "geometry": {
        "type": "LineString",
        "coordinates": [
          [
            128.6743048,
            35.1853911
          ],
          [
            128.676011,
            35.1850965
          ],
          [
            128.6790308,
            35.1846173
          ]
        ]
      },
      "properties": {
        "osm_type": "way",
        "osm_id": 1431794297,
        "sido": "경상남도",
        "power_type": "line",
        "name": "",
        "description": "",
        "voltage": "154000",
        "cables": "6",
        "circuits": "2",
        "frequency": "60",
        "operator": "",
        "wires": ""
      }
    },
    {
      "type": "Feature",
      "geometry": {
        "type": "LineString",
        "coordinates": [
          [
            128.662562,
            35.1896153
          ],
          [
            128.6632809,
            35.1866341
          ],
          [
            128.6651155,
            35.1844858
          ],
          [
            128.6670681,
            35.1834686
          ],
          [
            128.6702117,
            35.183644
          ],
          [
            128.6743048,
            35.1853911
          ]
        ]
      },
      "properties": {
        "osm_type": "way",
        "osm_id": 1431794298,
        "sido": "경상남도",
        "power_type": "line",
        "name": "",
        "description": "",
        "voltage": "154000",
        "cables": "12",
        "circuits": "4",
        "frequency": "60",
        "operator": "",
        "wires": ""
      }
    },
    {
      "type": "Feature",
      "geometry": {
        "type": "LineString",
        "coordinates": [
          [
            128.6453748,
            35.2004774
          ],
          [
            128.6483037,
            35.1988029
          ],
          [
            128.6507228,
            35.197458
          ],
          [
            128.6525735,
            35.1966997
          ],
          [
            128.6549767,
            35.194876
          ],
          [
            128.6567339,
            35.1935468
          ],
          [
            128.6587751,
            35.1920366
          ],
          [
            128.662562,
            35.1896153
          ]
        ]
      },
      "properties": {
        "osm_type": "way",
        "osm_id": 1431794299,
        "sido": "경상남도",
        "power_type": "line",
        "name": "",
        "description": "",
        "voltage": "154000",
        "cables": "6",
        "circuits": "2",
        "frequency": "60",
        "operator": "",
        "wires": ""
      }
    },
    {
      "type": "Feature",
      "geometry": {
        "type": "LineString",
        "coordinates": [
          [
            128.6373898,
            35.2041442
          ],
          [
            128.6403322,
            35.2030943
          ],
          [
            128.6422902,
            35.2023798
          ],
          [
            128.6453748,
            35.2004774
          ]
        ]
      },
      "properties": {
        "osm_type": "way",
        "osm_id": 1431794300,
        "sido": "경상남도",
        "power_type": "line",
        "name": "",
        "description": "",
        "voltage": "154000",
        "cables": "12",
        "circuits": "4",
        "frequency": "60",
        "operator": "",
        "wires": ""
      }
    },
    {
      "type": "Feature",
      "geometry": {
        "type": "LineString",
        "coordinates": [
          [
            128.6369647,
            35.2049298
          ],
          [
            128.6372316,
            35.2044444
          ]
        ]
      },
      "properties": {
        "osm_type": "way",
        "osm_id": 1431794301,
        "sido": "경상남도",
        "power_type": "line",
        "name": "",
        "description": "",
        "voltage": "154000",
        "cables": "6",
        "circuits": "2",
        "frequency": "60",
        "operator": "",
        "wires": ""
      }
    },
    {
      "type": "Feature",
      "geometry": {
        "type": "LineString",
        "coordinates": [
          [
            128.6097845,
            35.2061231
          ],
          [
            128.6100554,
            35.2058799
          ],
          [
            128.6110425,
            35.2036115
          ],
          [
            128.6136335,
            35.2006221
          ],
          [
            128.6152643,
            35.1981607
          ],
          [
            128.6171257,
            35.1952653
          ]
        ]
      },
      "properties": {
        "osm_type": "way",
        "osm_id": 1431797832,
        "sido": "경상남도",
        "power_type": "line",
        "name": "",
        "description": "",
        "voltage": "154000",
        "cables": "6",
        "circuits": "2",
        "frequency": "60",
        "operator": "",
        "wires": ""
      }
    },
    {
      "type": "Feature",
      "geometry": {
        "type": "LineString",
        "coordinates": [
          [
            128.6398682,
            35.1977947
          ],
          [
            128.6397766,
            35.1978854
          ],
          [
            128.6407878,
            35.1990932
          ]
        ]
      },
      "properties": {
        "osm_type": "way",
        "osm_id": 1431797833,
        "sido": "경상남도",
        "power_type": "line",
        "name": "",
        "description": "",
        "voltage": "154000",
        "cables": "6",
        "circuits": "2",
        "frequency": "60",
        "operator": "",
        "wires": ""
      }
    },
    {
      "type": "Feature",
      "geometry": {
        "type": "LineString",
        "coordinates": [
          [
            128.6464745,
            35.2104076
          ],
          [
            128.6439559,
            35.2111023
          ],
          [
            128.6430413,
            35.2112338
          ],
          [
            128.6413541,
            35.2105259
          ]
        ]
      },
      "properties": {
        "osm_type": "way",
        "osm_id": 1431797834,
        "sido": "경상남도",
        "power_type": "line",
        "name": "",
        "description": "",
        "voltage": "",
        "cables": "3",
        "circuits": "",
        "frequency": "",
        "operator": "",
        "wires": ""
      }
    },
    {
      "type": "Feature",
      "geometry": {
        "type": "LineString",
        "coordinates": [
          [
            128.6368601,
            35.2037387
          ],
          [
            128.6373898,
            35.2041442
          ]
        ]
      },
      "properties": {
        "osm_type": "way",
        "osm_id": 1431797835,
        "sido": "경상남도",
        "power_type": "line",
        "name": "",
        "description": "",
        "voltage": "154000",
        "cables": "3",
        "circuits": "",
        "frequency": "60",
        "operator": "",
        "wires": ""
      }
    },
    {
      "type": "Feature",
      "geometry": {
        "type": "LineString",
        "coordinates": [
          [
            128.6367942,
            35.2038232
          ],
          [
            128.6373898,
            35.2041442
          ]
        ]
      },
      "properties": {
        "osm_type": "way",
        "osm_id": 1431797836,
        "sido": "경상남도",
        "power_type": "line",
        "name": "",
        "description": "",
        "voltage": "154000",
        "cables": "3",
        "circuits": "",
        "frequency": "60",
        "operator": "",
        "wires": ""
      }
    },
    {
      "type": "Feature",
      "geometry": {
        "type": "LineString",
        "coordinates": [
          [
            128.636714,
            35.2039261
          ],
          [
            128.6373898,
            35.2041442
          ]
        ]
      },
      "properties": {
        "osm_type": "way",
        "osm_id": 1431797837,
        "sido": "경상남도",
        "power_type": "line",
        "name": "",
        "description": "",
        "voltage": "154000",
        "cables": "3",
        "circuits": "",
        "frequency": "60",
        "operator": "",
        "wires": ""
      }
    },
    {
      "type": "Feature",
      "geometry": {
        "type": "LineString",
        "coordinates": [
          [
            128.6366486,
            35.20401
          ],
          [
            128.6373898,
            35.2041442
          ]
        ]
      },
      "properties": {
        "osm_type": "way",
        "osm_id": 1431797838,
        "sido": "경상남도",
        "power_type": "line",
        "name": "",
        "description": "",
        "voltage": "154000",
        "cables": "3",
        "circuits": "",
        "frequency": "60",
        "operator": "",
        "wires": ""
      }
    },
    {
      "type": "Feature",
      "geometry": {
        "type": "LineString",
        "coordinates": [
          [
            128.6365986,
            35.2040742
          ],
          [
            128.6372316,
            35.2044444
          ]
        ]
      },
      "properties": {
        "osm_type": "way",
        "osm_id": 1431797839,
        "sido": "경상남도",
        "power_type": "line",
        "name": "",
        "description": "",
        "voltage": "154000",
        "cables": "3",
        "circuits": "",
        "frequency": "60",
        "operator": "",
        "wires": ""
      }
    },
    {
      "type": "Feature",
      "geometry": {
        "type": "LineString",
        "coordinates": [
          [
            128.6365146,
            35.2041819
          ],
          [
            128.6372316,
            35.2044444
          ]
        ]
      },
      "properties": {
        "osm_type": "way",
        "osm_id": 1431797840,
        "sido": "경상남도",
        "power_type": "line",
        "name": "",
        "description": "",
        "voltage": "154000",
        "cables": "3",
        "circuits": "",
        "frequency": "60",
        "operator": "",
        "wires": ""
      }
    },
    {
      "type": "Feature",
      "geometry": {
        "type": "LineString",
        "coordinates": [
          [
            128.6407878,
            35.1990932
          ],
          [
            128.6357292,
            35.200978
          ],
          [
            128.6342057,
            35.2025692
          ],
          [
            128.6340876,
            35.2037505
          ],
          [
            128.6359253,
            35.2046964
          ],
          [
            128.6369647,
            35.2049298
          ]
        ]
      },
      "properties": {
        "osm_type": "way",
        "osm_id": 1431797841,
        "sido": "경상남도",
        "power_type": "line",
        "name": "",
        "description": "",
        "voltage": "154000",
        "cables": "12",
        "circuits": "4",
        "frequency": "60",
        "operator": "",
        "wires": ""
      }
    },
    {
      "type": "Feature",
      "geometry": {
        "type": "LineString",
        "coordinates": [
          [
            128.6364745,
            35.2042334
          ],
          [
            128.6369647,
            35.2049298
          ]
        ]
      },
      "properties": {
        "osm_type": "way",
        "osm_id": 1431797842,
        "sido": "경상남도",
        "power_type": "line",
        "name": "",
        "description": "",
        "voltage": "154000",
        "cables": "3",
        "circuits": "",
        "frequency": "60",
        "operator": "",
        "wires": ""
      }
    },
    {
      "type": "Feature",
      "geometry": {
        "type": "LineString",
        "coordinates": [
          [
            128.6364108,
            35.2043151
          ],
          [
            128.6369647,
            35.2049298
          ]
        ]
      },
      "properties": {
        "osm_type": "way",
        "osm_id": 1431797843,
        "sido": "경상남도",
        "power_type": "line",
        "name": "",
        "description": "",
        "voltage": "154000",
        "cables": "3",
        "circuits": "",
        "frequency": "60",
        "operator": "",
        "wires": ""
      }
    },
    {
      "type": "Feature",
      "geometry": {
        "type": "LineString",
        "coordinates": [
          [
            128.6327764,
            35.2052761
          ],
          [
            128.6326343,
            35.2049528
          ]
        ]
      },
      "properties": {
        "osm_type": "way",
        "osm_id": 1431797844,
        "sido": "경상남도",
        "power_type": "line",
        "name": "",
        "description": "",
        "voltage": "154000",
        "cables": "3",
        "circuits": "",
        "frequency": "60",
        "operator": "",
        "wires": ""
      }
    },
    {
      "type": "Feature",
      "geometry": {
        "type": "LineString",
        "coordinates": [
          [
            128.6325552,
            35.2052147
          ],
          [
            128.6326343,
            35.2049528
          ]
        ]
      },
      "properties": {
        "osm_type": "way",
        "osm_id": 1431797845,
        "sido": "경상남도",
        "power_type": "line",
        "name": "",
        "description": "",
        "voltage": "154000",
        "cables": "3",
        "circuits": "",
        "frequency": "60",
        "operator": "",
        "wires": ""
      }
    },
    {
      "type": "Feature",
      "geometry": {
        "type": "LineString",
        "coordinates": [
          [
            128.6342057,
            35.2025692
          ],
          [
            128.6327362,
            35.2033047
          ],
          [
            128.6326343,
            35.2049528
          ]
        ]
      },
      "properties": {
        "osm_type": "way",
        "osm_id": 1431797846,
        "sido": "경상남도",
        "power_type": "line",
        "name": "",
        "description": "",
        "voltage": "154000",
        "cables": "6",
        "circuits": "2",
        "frequency": "60",
        "operator": "",
        "wires": ""
      }
    },
    {
      "type": "Feature",
      "geometry": {
        "type": "LineString",
        "coordinates": [
          [
            128.7768744,
            35.2184267
          ],
          [
            128.7764052,
            35.2183466
          ]
        ]
      },
      "properties": {
        "osm_type": "way",
        "osm_id": 1455691773,
        "sido": "경상남도",
        "power_type": "line",
        "name": "",
        "description": "",
        "voltage": "",
        "cables": "",
        "circuits": "",
        "frequency": "",
        "operator": "",
        "wires": ""
      }
    },
    {
      "type": "Feature",
      "geometry": {
        "type": "LineString",
        "coordinates": [
          [
            128.7761566,
            35.2196706
          ],
          [
            128.7764052,
            35.2183466
          ]
        ]
      },
      "properties": {
        "osm_type": "way",
        "osm_id": 1455691774,
        "sido": "경상남도",
        "power_type": "line",
        "name": "",
        "description": "",
        "voltage": "",
        "cables": "",
        "circuits": "",
        "frequency": "",
        "operator": "",
        "wires": ""
      }
    },
    {
      "type": "Feature",
      "geometry": {
        "type": "LineString",
        "coordinates": [
          [
            128.7761566,
            35.2196706
          ],
          [
            128.7770208,
            35.2203584
          ]
        ]
      },
      "properties": {
        "osm_type": "way",
        "osm_id": 1455691775,
        "sido": "경상남도",
        "power_type": "line",
        "name": "",
        "description": "",
        "voltage": "",
        "cables": "",
        "circuits": "",
        "frequency": "",
        "operator": "",
        "wires": ""
      }
    },
    {
      "type": "Feature",
      "geometry": {
        "type": "LineString",
        "coordinates": [
          [
            127.7747112,
            35.5225444
          ],
          [
            127.7751831,
            35.5244961
          ]
        ]
      },
      "properties": {
        "osm_type": "way",
        "osm_id": 1464521787,
        "sido": "경상남도",
        "power_type": "line",
        "name": "",
        "description": "",
        "voltage": "",
        "cables": "",
        "circuits": "",
        "frequency": "",
        "operator": "",
        "wires": ""
      }
    },
    {
      "type": "Feature",
      "geometry": {
        "type": "LineString",
        "coordinates": [
          [
            127.7747112,
            35.5225444
          ],
          [
            127.7756846,
            35.5197828
          ],
          [
            127.7750827,
            35.5186733
          ],
          [
            127.7718631,
            35.5151477
          ],
          [
            127.770818,
            35.5140781
          ],
          [
            127.767928,
            35.5111355
          ],
          [
            127.7664071,
            35.5097392
          ],
          [
            127.7652316,
            35.5084941
          ],
          [
            127.7618562,
            35.5065395
          ],
          [
            127.7573182,
            35.5057791
          ],
          [
            127.7557909,
            35.5039099
          ],
          [
            127.7539684,
            35.5013801
          ],
          [
            127.7513933,
            35.4996736
          ],
          [
            127.750501,
            35.4988886
          ],
          [
            127.7495999,
            35.4962907
          ],
          [
            127.7454027,
            35.4951244
          ],
          [
            127.742699,
            35.4938777
          ],
          [
            127.7401819,
            35.4926823
          ],
          [
            127.7362405,
            35.4903222
          ],
          [
            127.733881,
            35.4890264
          ],
          [
            127.7292825,
            35.4874939
          ]
        ]
      },
      "properties": {
        "osm_type": "way",
        "osm_id": 1464521788,
        "sido": "경상남도",
        "power_type": "line",
        "name": "",
        "description": "",
        "voltage": "",
        "cables": "",
        "circuits": "",
        "frequency": "",
        "operator": "",
        "wires": ""
      }
    }
  ]
}