{
  "type": "FeatureCollection",
  "features": [
    {
      "type": "Feature",
      "geometry": {
        "type": "LineString",
        "coordinates": [
          [
            129.2228948,
            35.676258
          ],
          [
            129.2252174,
            35.6767605
          ],
          [
            129.2270564,
            35.6738015
          ],
          [
            129.2284484,
            35.6716307
          ],
          [
            129.2305132,
            35.6684274
          ],
          [
            129.2332279,
            35.66427
          ],
          [
            129.2346945,
            35.6619739
          ],
          [
            129.2359745,
            35.6596422
          ],
          [
            129.2380895,
            35.6562747
          ],
          [
            129.2398895,
            35.6533562
          ],
          [
            129.2408387,
            35.6519029
          ],
          [
            129.2431522,
            35.6482152
          ],
          [
            129.2441056,
            35.6468415
          ],
          [
            129.245974,
            35.6464253
          ]
        ]
      },
      "properties": {
        "osm_type": "way",
        "osm_id": 143609114,
        "sido": "울산광역시",
        "power_type": "line",
        "name": "",
        "description": "",
        "voltage": "154000",
        "cables": "6",
        "circuits": "2",
        "frequency": "60",
        "operator": "",
        "wires": ""
      }
    },
    {
      "type": "Feature",
      "geometry": {
        "type": "LineString",
        "coordinates": [
          [
            129.3470674,
            35.5273183
          ],
          [
            129.3512544,
            35.5309638
          ],
          [
            129.3532906,
            35.5328059
          ],
          [
            129.355104,
            35.536366
          ],
          [
            129.3568023,
            35.5394447
          ],
          [
            129.3577257,
            35.541927
          ],
          [
            129.3602532,
            35.5485378
          ],
          [
            129.3611683,
            35.5507991
          ],
          [
            129.3619333,
            35.5533873
          ],
          [
            129.3625725,
            35.5554337
          ],
          [
            129.3661952,
            35.5550586
          ],
          [
            129.3693936,
            35.5541186
          ],
          [
            129.3718913,
            35.5533656
          ],
          [
            129.3743536,
            35.5530841
          ],
          [
            129.3780121,
            35.5523847
          ],
          [
            129.3809601,
            35.5535173
          ]
        ]
      },
      "properties": {
        "osm_type": "way",
        "osm_id": 143750932,
        "sido": "울산광역시",
        "power_type": "line",
        "name": "",
        "description": "",
        "voltage": "154000",
        "cables": "",
        "circuits": "",
        "frequency": "60",
        "operator": "",
        "wires": ""
      }
    },
    {
      "type": "Feature",
      "geometry": {
        "type": "LineString",
        "coordinates": [
          [
            129.3182815,
            35.5810381
          ],
          [
            129.31705,
            35.5830056
          ],
          [
            129.315778,
            35.5850596
          ],
          [
            129.3153155,
            35.5862689
          ],
          [
            129.3146953,
            35.5878902
          ],
          [
            129.3146984,
            35.5901369
          ],
          [
            129.3141836,
            35.593152
          ],
          [
            129.3152189,
            35.5946788
          ],
          [
            129.3163399,
            35.5963588
          ],
          [
            129.3175112,
            35.5980593
          ],
          [
            129.3185971,
            35.5993509
          ],
          [
            129.3208492,
            35.6017993
          ],
          [
            129.3232923,
            35.6045582
          ],
          [
            129.3245993,
            35.6060051
          ],
          [
            129.3265046,
            35.6081713
          ],
          [
            129.3275301,
            35.6092748
          ],
          [
            129.329928,
            35.6112079
          ],
          [
            129.3312538,
            35.6122252
          ],
          [
            129.333955,
            35.6143906
          ],
          [
            129.3361278,
            35.6161123
          ]
        ]
      },
      "properties": {
        "osm_type": "way",
        "osm_id": 143754721,
        "sido": "울산광역시",
        "power_type": "line",
        "name": "",
        "description": "",
        "voltage": "154000",
        "cables": "",
        "circuits": "",
        "frequency": "60",
        "operator": "",
        "wires": ""
      }
    },
    {
      "type": "Feature",
      "geometry": {
        "type": "LineString",
        "coordinates": [
          [
            129.3288958,
            35.5119573
          ],
          [
            129.3284694,
            35.5119834
          ],
          [
            129.3263179,
            35.5108063
          ],
          [
            129.3233408,
            35.5093581
          ],
          [
            129.3216978,
            35.5085364
          ],
          [
            129.3200565,
            35.5077155
          ],
          [
            129.3172263,
            35.5063022
          ],
          [
            129.3147968,
            35.5050499
          ],
          [
            129.3106902,
            35.5040861
          ],
          [
            129.3078162,
            35.5034977
          ],
          [
            129.307124,
            35.5033192
          ],
          [
            129.3046051,
            35.5026811
          ]
        ]
      },
      "properties": {
        "osm_type": "way",
        "osm_id": 143756694,
        "sido": "울산광역시",
        "power_type": "line",
        "name": "",
        "description": "",
        "voltage": "154000",
        "cables": "6",
        "circuits": "2",
        "frequency": "60",
        "operator": "",
        "wires": ""
      }
    },
    {
      "type": "Feature",
      "geometry": {
        "type": "LineString",
        "coordinates": [
          [
            129.2993572,
            35.4953264
          ],
          [
            129.3002096,
            35.496568
          ],
          [
            129.3005765,
            35.4985002
          ],
          [
            129.3008772,
            35.4995416
          ],
          [
            129.2997193,
            35.5004098
          ],
          [
            129.2988516,
            35.5024548
          ],
          [
            129.2970178,
            35.5055633
          ],
          [
            129.2955973,
            35.5078387
          ],
          [
            129.293623,
            35.5103999
          ],
          [
            129.2923732,
            35.5105127
          ],
          [
            129.2905448,
            35.5108789
          ],
          [
            129.2895236,
            35.5128816
          ],
          [
            129.2884565,
            35.5149239
          ],
          [
            129.2873354,
            35.5169881
          ],
          [
            129.2858529,
            35.519646
          ],
          [
            129.2851944,
            35.5208278
          ],
          [
            129.2838912,
            35.5232093
          ],
          [
            129.2823652,
            35.5260546
          ],
          [
            129.2819508,
            35.527547
          ],
          [
            129.2819167,
            35.5276698
          ],
          [
            129.2811022,
            35.5306029
          ],
          [
            129.2807882,
            35.5318148
          ],
          [
            129.2804669,
            35.5353156
          ],
          [
            129.2802319,
            35.5380545
          ],
          [
            129.2800042,
            35.5406991
          ],
          [
            129.2796852,
            35.544355
          ],
          [
            129.2795769,
            35.5455981
          ],
          [
            129.2792207,
            35.5497152
          ],
          [
            129.2791054,
            35.5510399
          ],
          [
            129.278801,
            35.5546125
          ],
          [
            129.2788148,
            35.5566239
          ],
          [
            129.2784781,
            35.5595058
          ],
          [
            129.27786,
            35.56429
          ],
          [
            129.2774518,
            35.5674924
          ],
          [
            129.2772511,
            35.5690384
          ],
          [
            129.2766622,
            35.5736401
          ],
          [
            129.2757614,
            35.5803369
          ],
          [
            129.2754424,
            35.5827458
          ],
          [
            129.2739476,
            35.5857731
          ],
          [
            129.2695135,
            35.588383
          ],
          [
            129.2690602,
            35.590989
          ],
          [
            129.2701751,
            35.594671
          ],
          [
            129.2715398,
            35.5961615
          ],
          [
            129.2738738,
            35.5981541
          ],
          [
            129.2746974,
            35.6021248
          ],
          [
            129.2727381,
            35.605555
          ],
          [
            129.2715826,
            35.6075107
          ],
          [
            129.2705682,
            35.6092768
          ],
          [
            129.2689961,
            35.6112868
          ],
          [
            129.2678839,
            35.6126895
          ],
          [
            129.2662966,
            35.6147391
          ],
          [
            129.2647171,
            35.616753
          ],
          [
            129.2630173,
            35.6189428
          ],
          [
            129.2612738,
            35.6211569
          ],
          [
            129.2594421,
            35.6235076
          ],
          [
            129.2582588,
            35.6250102
          ],
          [
            129.2551776,
            35.6289694
          ],
          [
            129.2507423,
            35.6346974
          ],
          [
            129.2472109,
            35.6401767
          ],
          [
            129.2439866,
            35.6451552
          ],
          [
            129.245974,
            35.6464253
          ]
        ]
      },
      "properties": {
        "osm_type": "way",
        "osm_id": 143756695,
        "sido": "울산광역시",
        "power_type": "line",
        "name": "",
        "description": "",
        "voltage": "154000",
        "cables": "",
        "circuits": "",
        "frequency": "60",
        "operator": "",
        "wires": ""
      }
    },
    {
      "type": "Feature",
      "geometry": {
        "type": "LineString",
        "coordinates": [
          [
            129.2975282,
            35.4928243
          ],
          [
            129.2940226,
            35.4906231
          ],
          [
            129.2894613,
            35.4873181
          ],
          [
            129.2844663,
            35.4855419
          ],
          [
            129.28256,
            35.4847943
          ],
          [
            129.2801585,
            35.4839398
          ],
          [
            129.2752651,
            35.4822115
          ],
          [
            129.2739917,
            35.4816706
          ],
          [
            129.2702931,
            35.480176
          ],
          [
            129.2666509,
            35.4786629
          ],
          [
            129.2629379,
            35.4771963
          ],
          [
            129.260103,
            35.4759922
          ],
          [
            129.2572404,
            35.4748108
          ],
          [
            129.2544707,
            35.4723704
          ],
          [
            129.2532488,
            35.471231
          ],
          [
            129.2489925,
            35.4674739
          ],
          [
            129.2473649,
            35.465979
          ],
          [
            129.2431805,
            35.4622149
          ],
          [
            129.2391081,
            35.4584563
          ],
          [
            129.232365,
            35.4538214
          ],
          [
            129.2283751,
            35.4510589
          ],
          [
            129.2260448,
            35.4494355
          ],
          [
            129.2234383,
            35.4472266
          ],
          [
            129.2129642,
            35.4383657
          ],
          [
            129.2075029,
            35.4337356
          ],
          [
            129.204701,
            35.4313647
          ],
          [
            129.2033559,
            35.4302132
          ],
          [
            129.2007764,
            35.4280765
          ],
          [
            129.1987758,
            35.4263925
          ],
          [
            129.1932754,
            35.4233067
          ],
          [
            129.1915013,
            35.422308
          ],
          [
            129.1870127,
            35.4197824
          ],
          [
            129.1857017,
            35.4184034
          ],
          [
            129.1840187,
            35.4159317
          ],
          [
            129.1821943,
            35.4132597
          ],
          [
            129.1798351,
            35.4097515
          ],
          [
            129.1782856,
            35.4074465
          ],
          [
            129.1772321,
            35.4059418
          ],
          [
            129.1756375,
            35.4035812
          ],
          [
            129.1745738,
            35.4019861
          ],
          [
            129.1706666,
            35.3992155
          ],
          [
            129.1673332,
            35.3973819
          ],
          [
            129.1655806,
            35.3964178
          ],
          [
            129.1637727,
            35.395433
          ],
          [
            129.1583625,
            35.3931506
          ],
          [
            129.1537426,
            35.3899042
          ],
          [
            129.1519379,
            35.3885742
          ],
          [
            129.1487021,
            35.3863526
          ],
          [
            129.1426713,
            35.3808419
          ],
          [
            129.1399217,
            35.3783269
          ],
          [
            129.1368071,
            35.3758711
          ],
          [
            129.1344952,
            35.3740816
          ],
          [
            129.129943,
            35.3700803
          ],
          [
            129.1281385,
            35.3670658
          ],
          [
            129.1268347,
            35.3648122
          ],
          [
            129.1236564,
            35.359318
          ],
          [
            129.1194022,
            35.3523929
          ],
          [
            129.1182183,
            35.3504046
          ],
          [
            129.1169096,
            35.3481958
          ],
          [
            129.1149482,
            35.3449501
          ],
          [
            129.1132941,
            35.3421046
          ],
          [
            129.1113282,
            35.3395396
          ],
          [
            129.1098347,
            35.3375515
          ],
          [
            129.1076319,
            35.3346787
          ],
          [
            129.1056568,
            35.3320221
          ],
          [
            129.1040709,
            35.3298963
          ],
          [
            129.1029956,
            35.3271531
          ],
          [
            129.1016977,
            35.3240555
          ],
          [
            129.0993888,
            35.3212171
          ],
          [
            129.0958467,
            35.3175889
          ],
          [
            129.0947398,
            35.3164973
          ],
          [
            129.0906326,
            35.312343
          ],
          [
            129.0891952,
            35.3108311
          ],
          [
            129.0861944,
            35.3078351
          ],
          [
            129.0844933,
            35.3062757
          ],
          [
            129.0836888,
            35.305512
          ],
          [
            129.0846465,
            35.3038754
          ],
          [
            129.0819736,
            35.3005972
          ],
          [
            129.0800841,
            35.3024577
          ]
        ]
      },
      "properties": {
        "osm_type": "way",
        "osm_id": 143756947,
        "sido": "울산광역시",
        "power_type": "line",
        "name": "",
        "description": "",
        "voltage": "345000",
        "cables": "6",
        "circuits": "2",
        "frequency": "60",
        "operator": "",
        "wires": ""
      }
    },
    {
      "type": "Feature",
      "geometry": {
        "type": "LineString",
        "coordinates": [
          [
            129.2964894,
            35.4942619
          ],
          [
            129.294177,
            35.4933813
          ],
          [
            129.2918847,
            35.4924945
          ],
          [
            129.2874125,
            35.4907476
          ],
          [
            129.2852619,
            35.4906671
          ],
          [
            129.2776255,
            35.4922416
          ],
          [
            129.27262,
            35.4938192
          ],
          [
            129.2699644,
            35.4951724
          ],
          [
            129.2695156,
            35.4957923
          ],
          [
            129.2655631,
            35.4983979
          ],
          [
            129.2632775,
            35.5004191
          ],
          [
            129.2617936,
            35.5017323
          ],
          [
            129.2604323,
            35.5029403
          ],
          [
            129.2581736,
            35.5049465
          ],
          [
            129.2560726,
            35.5068172
          ],
          [
            129.253954,
            35.5085988
          ],
          [
            129.2504756,
            35.5115365
          ],
          [
            129.2477907,
            35.5138569
          ],
          [
            129.243336,
            35.5169602
          ],
          [
            129.2393546,
            35.5176923
          ],
          [
            129.2354826,
            35.5184542
          ],
          [
            129.2298037,
            35.5195324
          ],
          [
            129.2246768,
            35.5204822
          ],
          [
            129.2196573,
            35.5214488
          ],
          [
            129.2197979,
            35.5236646
          ],
          [
            129.2199615,
            35.5258473
          ],
          [
            129.2237786,
            35.5285545
          ],
          [
            129.2281212,
            35.5316447
          ],
          [
            129.2308932,
            35.5336091
          ],
          [
            129.2323892,
            35.5368756
          ],
          [
            129.2336928,
            35.5398193
          ],
          [
            129.2346276,
            35.5420103
          ],
          [
            129.2359757,
            35.5438245
          ],
          [
            129.2374563,
            35.5457756
          ],
          [
            129.2389984,
            35.5479242
          ],
          [
            129.241321,
            35.5510538
          ],
          [
            129.2433116,
            35.5523269
          ],
          [
            129.2471053,
            35.5548914
          ],
          [
            129.2492271,
            35.556081
          ],
          [
            129.252363,
            35.5580501
          ],
          [
            129.2555577,
            35.5605505
          ],
          [
            129.2584357,
            35.5632434
          ],
          [
            129.260769,
            35.5658753
          ],
          [
            129.2631272,
            35.5687298
          ],
          [
            129.2630994,
            35.569696
          ],
          [
            129.2629965,
            35.5732746
          ],
          [
            129.2627352,
            35.5766198
          ],
          [
            129.262664,
            35.5789206
          ],
          [
            129.2626045,
            35.582495
          ],
          [
            129.2625485,
            35.5846
          ],
          [
            129.2624676,
            35.587803
          ],
          [
            129.2628783,
            35.5899332
          ],
          [
            129.2638116,
            35.594745
          ],
          [
            129.2649813,
            35.5972848
          ],
          [
            129.2660863,
            35.5994927
          ],
          [
            129.2676571,
            35.6013564
          ],
          [
            129.2699963,
            35.6041905
          ],
          [
            129.2717074,
            35.6062646
          ],
          [
            129.2731012,
            35.6079745
          ],
          [
            129.2752415,
            35.6105797
          ],
          [
            129.2781846,
            35.6140598
          ],
          [
            129.2800823,
            35.6161337
          ],
          [
            129.2816938,
            35.6180912
          ],
          [
            129.2839836,
            35.6207972
          ],
          [
            129.2867773,
            35.6239987
          ],
          [
            129.2887061,
            35.6263151
          ],
          [
            129.2905665,
            35.6284848
          ],
          [
            129.2925514,
            35.6307403
          ],
          [
            129.293914,
            35.6341387
          ],
          [
            129.2950589,
            35.6371122
          ],
          [
            129.2958117,
            35.6389579
          ],
          [
            129.2973424,
            35.6427706
          ],
          [
            129.2993591,
            35.6477675
          ],
          [
            129.3003173,
            35.6502527
          ],
          [
            129.3016294,
            35.6534946
          ],
          [
            129.3032037,
            35.6572798
          ],
          [
            129.3041621,
            35.6599042
          ],
          [
            129.3045509,
            35.6623729
          ],
          [
            129.305213,
            35.6664637
          ],
          [
            129.3046438,
            35.6677242
          ],
          [
            129.3031339,
            35.6686164
          ],
          [
            129.3062061,
            35.6719159
          ],
          [
            129.3088084,
            35.6744645
          ]
        ]
      },
      "properties": {
        "osm_type": "way",
        "osm_id": 143756948,
        "sido": "울산광역시",
        "power_type": "line",
        "name": "",
        "description": "",
        "voltage": "345000",
        "cables": "6",
        "circuits": "2",
        "frequency": "60",
        "operator": "",
        "wires": ""
      }
    },
    {
      "type": "Feature",
      "geometry": {
        "type": "LineString",
        "coordinates": [
          [
            129.2927688,
            35.3258488
          ],
          [
            129.2929372,
            35.3272876
          ],
          [
            129.2932364,
            35.32963
          ],
          [
            129.2928911,
            35.3326099
          ],
          [
            129.2924926,
            35.3366474
          ],
          [
            129.2922784,
            35.3386029
          ],
          [
            129.2911328,
            35.3388203
          ],
          [
            129.2876803,
            35.3395902
          ],
          [
            129.284134,
            35.3403177
          ],
          [
            129.2799897,
            35.3415545
          ],
          [
            129.2754986,
            35.3414287
          ],
          [
            129.2716707,
            35.3410971
          ],
          [
            129.2681836,
            35.3397612
          ],
          [
            129.2633666,
            35.3376974
          ],
          [
            129.2611547,
            35.3348899
          ],
          [
            129.2557126,
            35.3348319
          ],
          [
            129.252039,
            35.3348646
          ],
          [
            129.2483215,
            35.3322093
          ]
        ]
      },
      "properties": {
        "osm_type": "way",
        "osm_id": 143988284,
        "sido": "울산광역시",
        "power_type": "line",
        "name": "",
        "description": "",
        "voltage": "345000",
        "cables": "6",
        "circuits": "2",
        "frequency": "60",
        "operator": "",
        "wires": ""
      }
    },
    {
      "type": "Feature",
      "geometry": {
        "type": "LineString",
        "coordinates": [
          [
            129.2911913,
            35.3254802
          ],
          [
            129.2903835,
            35.327061
          ],
          [
            129.2904595,
            35.329145
          ],
          [
            129.2906161,
            35.3324156
          ],
          [
            129.290653,
            35.3346099
          ],
          [
            129.2907773,
            35.3363449
          ],
          [
            129.290805,
            35.3383545
          ],
          [
            129.2894745,
            35.3399904
          ],
          [
            129.2874956,
            35.3413912
          ],
          [
            129.2837968,
            35.3440506
          ],
          [
            129.2820454,
            35.3453797
          ],
          [
            129.2796636,
            35.3470621
          ],
          [
            129.2780363,
            35.347775
          ],
          [
            129.2739064,
            35.3495698
          ],
          [
            129.2719103,
            35.350407
          ],
          [
            129.2669041,
            35.3524765
          ],
          [
            129.2655659,
            35.3542049
          ],
          [
            129.2638171,
            35.3563837
          ],
          [
            129.2615479,
            35.3592624
          ],
          [
            129.2591286,
            35.362596
          ],
          [
            129.2565644,
            35.3639566
          ],
          [
            129.2537051,
            35.3664544
          ],
          [
            129.2507064,
            35.3686373
          ],
          [
            129.2498481,
            35.3701027
          ],
          [
            129.2491239,
            35.3722636
          ],
          [
            129.2487055,
            35.3735408
          ],
          [
            129.2512268,
            35.3754742
          ],
          [
            129.2548558,
            35.3778864
          ],
          [
            129.2543784,
            35.3795878
          ],
          [
            129.2537159,
            35.3818294
          ],
          [
            129.2526966,
            35.3851708
          ],
          [
            129.2520583,
            35.387563
          ],
          [
            129.2519818,
            35.3896476
          ],
          [
            129.2520475,
            35.3938386
          ],
          [
            129.2527986,
            35.3970221
          ],
          [
            129.2518723,
            35.3995067
          ],
          [
            129.2508164,
            35.4032531
          ],
          [
            129.2498428,
            35.4073588
          ],
          [
            129.2487323,
            35.4126141
          ],
          [
            129.247998,
            35.4157063
          ],
          [
            129.2471839,
            35.4193065
          ],
          [
            129.2464103,
            35.4229424
          ],
          [
            129.2456863,
            35.4257095
          ],
          [
            129.2454905,
            35.4292233
          ],
          [
            129.2464963,
            35.4331334
          ],
          [
            129.2478598,
            35.437948
          ],
          [
            129.2485252,
            35.4403676
          ],
          [
            129.2494458,
            35.4433828
          ],
          [
            129.2501703,
            35.4459871
          ],
          [
            129.2507725,
            35.4482598
          ],
          [
            129.2521167,
            35.4530286
          ],
          [
            129.2525563,
            35.4547003
          ],
          [
            129.2532755,
            35.4571446
          ],
          [
            129.2546392,
            35.4620271
          ],
          [
            129.2554607,
            35.4650523
          ],
          [
            129.2569464,
            35.4704878
          ],
          [
            129.258841,
            35.4729687
          ],
          [
            129.2609642,
            35.4746238
          ],
          [
            129.2661358,
            35.4765805
          ],
          [
            129.2687316,
            35.4774911
          ],
          [
            129.2743842,
            35.4796847
          ],
          [
            129.2810208,
            35.4821681
          ],
          [
            129.2830102,
            35.4828125
          ],
          [
            129.2860393,
            35.4842435
          ],
          [
            129.2909563,
            35.4866795
          ],
          [
            129.2932793,
            35.4886377
          ],
          [
            129.2957706,
            35.4906762
          ],
          [
            129.2980874,
            35.4925994
          ]
        ]
      },
      "properties": {
        "osm_type": "way",
        "osm_id": 143988959,
        "sido": "울산광역시",
        "power_type": "line",
        "name": "",
        "description": "",
        "voltage": "345000",
        "cables": "6",
        "circuits": "2",
        "frequency": "60",
        "operator": "",
        "wires": ""
      }
    },
    {
      "type": "Feature",
      "geometry": {
        "type": "LineString",
        "coordinates": [
          [
            129.0264416,
            35.2387026
          ],
          [
            129.0275454,
            35.240995
          ],
          [
            129.0287083,
            35.2433775
          ],
          [
            129.0304665,
            35.2471572
          ],
          [
            129.031322,
            35.2497809
          ],
          [
            129.0324612,
            35.2530935
          ],
          [
            129.0329303,
            35.2550926
          ],
          [
            129.0326859,
            35.2574425
          ],
          [
            129.0325092,
            35.2590276
          ],
          [
            129.0322175,
            35.2615383
          ],
          [
            129.0319494,
            35.2638752
          ],
          [
            129.0314448,
            35.2680337
          ],
          [
            129.0312004,
            35.2700356
          ],
          [
            129.0306958,
            35.2740136
          ],
          [
            129.0304199,
            35.2762149
          ],
          [
            129.0300566,
            35.2791953
          ],
          [
            129.0307496,
            35.2850121
          ],
          [
            129.0310001,
            35.2871938
          ],
          [
            129.0312867,
            35.2898544
          ],
          [
            129.0315657,
            35.2922801
          ],
          [
            129.0320747,
            35.296099
          ],
          [
            129.0324883,
            35.3001173
          ],
          [
            129.0334432,
            35.3073846
          ],
          [
            129.0337865,
            35.3102914
          ],
          [
            129.0340059,
            35.3128399
          ],
          [
            129.0345638,
            35.3174623
          ],
          [
            129.0349715,
            35.3205175
          ],
          [
            129.0353958,
            35.3235717
          ],
          [
            129.0366726,
            35.325375
          ],
          [
            129.0385526,
            35.32682
          ],
          [
            129.0419882,
            35.3281244
          ],
          [
            129.0487044,
            35.3288071
          ],
          [
            129.0533988,
            35.3292877
          ],
          [
            129.0562956,
            35.3294978
          ],
          [
            129.0593533,
            35.3291914
          ],
          [
            129.0624754,
            35.32878
          ],
          [
            129.0693419,
            35.3279485
          ],
          [
            129.0728824,
            35.3264429
          ],
          [
            129.0753286,
            35.3243596
          ],
          [
            129.0770881,
            35.3221974
          ],
          [
            129.0787296,
            35.3202628
          ],
          [
            129.0807466,
            35.3183544
          ],
          [
            129.0840822,
            35.3159631
          ],
          [
            129.0865509,
            35.3141698
          ],
          [
            129.0883148,
            35.3135578
          ],
          [
            129.092263,
            35.3135228
          ],
          [
            129.0941909,
            35.314531
          ],
          [
            129.0955846,
            35.3152116
          ],
          [
            129.0976446,
            35.316621
          ],
          [
            129.1006701,
            35.3188972
          ],
          [
            129.1023223,
            35.3205429
          ],
          [
            129.1030304,
            35.3212257
          ],
          [
            129.105144,
            35.3232741
          ],
          [
            129.1062705,
            35.3244384
          ],
          [
            129.1084914,
            35.3267055
          ],
          [
            129.1109161,
            35.3289988
          ],
          [
            129.1132765,
            35.3314584
          ],
          [
            129.1159694,
            35.3341017
          ],
          [
            129.1180079,
            35.3361585
          ],
          [
            129.1213314,
            35.3434125
          ],
          [
            129.1237199,
            35.3492693
          ],
          [
            129.1264987,
            35.3528876
          ],
          [
            129.1288841,
            35.3560628
          ],
          [
            129.1319124,
            35.3601287
          ],
          [
            129.1338602,
            35.3627072
          ],
          [
            129.1361372,
            35.3658193
          ],
          [
            129.1384492,
            35.3687546
          ],
          [
            129.1411743,
            35.3723073
          ],
          [
            129.1433029,
            35.3737061
          ],
          [
            129.1506422,
            35.3786338
          ],
          [
            129.1537343,
            35.3806381
          ],
          [
            129.1602466,
            35.3834866
          ],
          [
            129.1646257,
            35.3854566
          ],
          [
            129.1657629,
            35.3859681
          ],
          [
            129.1674553,
            35.3867293
          ],
          [
            129.1691384,
            35.3888307
          ],
          [
            129.1710736,
            35.3929668
          ],
          [
            129.1719842,
            35.3950415
          ],
          [
            129.1735538,
            35.3984134
          ],
          [
            129.1748137,
            35.4011598
          ],
          [
            129.1765125,
            35.402908
          ],
          [
            129.1792573,
            35.4058601
          ],
          [
            129.1816108,
            35.4083755
          ],
          [
            129.1848367,
            35.4116369
          ],
          [
            129.1870708,
            35.4141117
          ],
          [
            129.1896241,
            35.4158239
          ],
          [
            129.192226,
            35.4175932
          ],
          [
            129.1941693,
            35.418872
          ],
          [
            129.1971208,
            35.4208798
          ],
          [
            129.2004266,
            35.4239571
          ],
          [
            129.2015194,
            35.4249237
          ],
          [
            129.2043027,
            35.4274962
          ],
          [
            129.2077211,
            35.4300229
          ],
          [
            129.2095798,
            35.4313927
          ],
          [
            129.2131103,
            35.4339041
          ],
          [
            129.2154756,
            35.4357032
          ],
          [
            129.2186963,
            35.4381138
          ],
          [
            129.2208481,
            35.4396882
          ],
          [
            129.2232265,
            35.4409973
          ],
          [
            129.2268152,
            35.4429926
          ],
          [
            129.2291511,
            35.444244
          ],
          [
            129.2344811,
            35.446441
          ],
          [
            129.2376593,
            35.4477904
          ],
          [
            129.2391104,
            35.4500046
          ],
          [
            129.2409154,
            35.4526109
          ],
          [
            129.2431026,
            35.4559206
          ],
          [
            129.2458636,
            35.4601019
          ],
          [
            129.2466256,
            35.4612557
          ],
          [
            129.2499645,
            35.462882
          ],
          [
            129.2535912,
            35.4631645
          ],
          [
            129.2562798,
            35.4633604
          ],
          [
            129.2593152,
            35.463598
          ],
          [
            129.2624255,
            35.4642787
          ],
          [
            129.2671206,
            35.4653318
          ],
          [
            129.2707434,
            35.4660702
          ],
          [
            129.2765197,
            35.4690896
          ],
          [
            129.280462,
            35.4706867
          ],
          [
            129.2844254,
            35.4713008
          ],
          [
            129.2868151,
            35.4709882
          ],
          [
            129.2911134,
            35.4704853
          ],
          [
            129.2954722,
            35.4695954
          ],
          [
            129.2984318,
            35.4689872
          ],
          [
            129.3023031,
            35.4681583
          ],
          [
            129.306703,
            35.4671314
          ]
        ]
      },
      "properties": {
        "osm_type": "way",
        "osm_id": 191384581,
        "sido": "울산광역시",
        "power_type": "line",
        "name": "",
        "description": "",
        "voltage": "345000",
        "cables": "6",
        "circuits": "2",
        "frequency": "60",
        "operator": "",
        "wires": ""
      }
    },
    {
      "type": "Feature",
      "geometry": {
        "type": "LineString",
        "coordinates": [
          [
            129.3078455,
            35.3390917
          ],
          [
            129.305799,
            35.3377635
          ],
          [
            129.3022881,
            35.3367481
          ],
          [
            129.2983264,
            35.3366717
          ],
          [
            129.2968481,
            35.3335187
          ],
          [
            129.2964642,
            35.3324878
          ],
          [
            129.2966218,
            35.3299966
          ],
          [
            129.2966321,
            35.326526
          ],
          [
            129.2967928,
            35.3239278
          ]
        ]
      },
      "properties": {
        "osm_type": "way",
        "osm_id": 248441647,
        "sido": "울산광역시",
        "power_type": "line",
        "name": "",
        "description": "",
        "voltage": "154000",
        "cables": "6",
        "circuits": "2",
        "frequency": "60",
        "operator": "",
        "wires": ""
      }
    },
    {
      "type": "Feature",
      "geometry": {
        "type": "LineString",
        "coordinates": [
          [
            129.2893315,
            35.3223967
          ],
          [
            129.2893158,
            35.3233095
          ],
          [
            129.2894098,
            35.325441
          ],
          [
            129.289529,
            35.3279059
          ],
          [
            129.2896579,
            35.3298314
          ],
          [
            129.2895723,
            35.3319961
          ],
          [
            129.2895938,
            35.3349457
          ],
          [
            129.2894758,
            35.3369763
          ],
          [
            129.2894358,
            35.339424
          ],
          [
            129.2860258,
            35.3412884
          ],
          [
            129.2820541,
            35.3433907
          ],
          [
            129.2769614,
            35.3461556
          ],
          [
            129.2734109,
            35.3480918
          ],
          [
            129.2700458,
            35.3498358
          ],
          [
            129.2676201,
            35.3511706
          ],
          [
            129.2638812,
            35.3531015
          ],
          [
            129.2620939,
            35.3540642
          ],
          [
            129.2615457,
            35.3565885
          ],
          [
            129.2609054,
            35.3593708
          ]
        ]
      },
      "properties": {
        "osm_type": "way",
        "osm_id": 248441704,
        "sido": "울산광역시",
        "power_type": "line",
        "name": "",
        "description": "",
        "voltage": "154000",
        "cables": "6",
        "circuits": "2",
        "frequency": "60",
        "operator": "",
        "wires": ""
      }
    },
    {
      "type": "Feature",
      "geometry": {
        "type": "LineString",
        "coordinates": [
          [
            129.3817082,
            35.5142121
          ],
          [
            129.3838272,
            35.515124
          ],
          [
            129.3936177,
            35.5190542
          ],
          [
            129.4006163,
            35.5218006
          ],
          [
            129.4026708,
            35.5226256
          ],
          [
            129.4049397,
            35.5241583
          ],
          [
            129.4060341,
            35.5250183
          ],
          [
            129.4069192,
            35.5255684
          ],
          [
            129.4075421,
            35.525925
          ],
          [
            129.4095241,
            35.5265188
          ],
          [
            129.4129918,
            35.5274176
          ],
          [
            129.4151905,
            35.5292006
          ],
          [
            129.4178111,
            35.5312237
          ],
          [
            129.4188582,
            35.5313383
          ],
          [
            129.4217544,
            35.5321754
          ],
          [
            129.4245343,
            35.5331321
          ]
        ]
      },
      "properties": {
        "osm_type": "way",
        "osm_id": 300173789,
        "sido": "울산광역시",
        "power_type": "line",
        "name": "",
        "description": "",
        "voltage": "154000",
        "cables": "9",
        "circuits": "3",
        "frequency": "60",
        "operator": "",
        "wires": ""
      }
    },
    {
      "type": "Feature",
      "geometry": {
        "type": "LineString",
        "coordinates": [
          [
            129.2120048,
            35.6789256
          ],
          [
            129.2075763,
            35.6791908
          ],
          [
            129.2047583,
            35.6793874
          ],
          [
            129.2012948,
            35.680497
          ],
          [
            129.1983289,
            35.681434
          ],
          [
            129.1948278,
            35.6830023
          ],
          [
            129.1916897,
            35.6844045
          ],
          [
            129.1869851,
            35.6852934
          ],
          [
            129.1834537,
            35.6860036
          ],
          [
            129.1801613,
            35.6868146
          ],
          [
            129.1733209,
            35.6880107
          ],
          [
            129.1703509,
            35.6885826
          ],
          [
            129.1662556,
            35.6897576
          ],
          [
            129.1630153,
            35.6903232
          ],
          [
            129.158522,
            35.690107
          ],
          [
            129.1530606,
            35.6875386
          ],
          [
            129.150498,
            35.6863833
          ],
          [
            129.1455637,
            35.6848762
          ],
          [
            129.1409037,
            35.683485
          ],
          [
            129.1357031,
            35.6820543
          ],
          [
            129.1302929,
            35.6828974
          ],
          [
            129.1249176,
            35.6837514
          ],
          [
            129.1205667,
            35.6858744
          ],
          [
            129.115299,
            35.6884821
          ],
          [
            129.1107142,
            35.6906923
          ],
          [
            129.1072885,
            35.6923761
          ],
          [
            129.1044784,
            35.6937454
          ],
          [
            129.0996517,
            35.6946342
          ],
          [
            129.0956021,
            35.6953899
          ],
          [
            129.0923537,
            35.6959205
          ],
          [
            129.0875141,
            35.6973447
          ],
          [
            129.0839297,
            35.6983558
          ],
          [
            129.0799051,
            35.699481
          ],
          [
            129.0761584,
            35.7006314
          ],
          [
            129.0738618,
            35.7025215
          ],
          [
            129.0705508,
            35.7052463
          ],
          [
            129.0674781,
            35.7077476
          ],
          [
            129.0649568,
            35.7098195
          ],
          [
            129.0620127,
            35.710863
          ],
          [
            129.0577844,
            35.7119292
          ],
          [
            129.05324,
            35.7132662
          ],
          [
            129.0493953,
            35.7144025
          ],
          [
            129.0457713,
            35.7138097
          ],
          [
            129.0432766,
            35.7133589
          ],
          [
            129.0402952,
            35.7128432
          ],
          [
            129.0369449,
            35.7122627
          ],
          [
            129.0337239,
            35.7108671
          ],
          [
            129.0312293,
            35.7097524
          ],
          [
            129.0275671,
            35.7081127
          ],
          [
            129.0214332,
            35.7074797
          ],
          [
            129.0180495,
            35.7071404
          ],
          [
            129.0149659,
            35.7087319
          ],
          [
            129.0110968,
            35.7102902
          ],
          [
            129.0061217,
            35.7108778
          ],
          [
            129.0022396,
            35.7113434
          ],
          [
            128.9959317,
            35.7128709
          ],
          [
            128.9870343,
            35.7150386
          ],
          [
            128.9843148,
            35.7157247
          ],
          [
            128.980621,
            35.7161079
          ],
          [
            128.9740473,
            35.7167551
          ],
          [
            128.9686124,
            35.7173408
          ],
          [
            128.9664256,
            35.717603
          ],
          [
            128.9632542,
            35.7180723
          ],
          [
            128.9608621,
            35.720904
          ],
          [
            128.9605897,
            35.7233072
          ],
          [
            128.9604002,
            35.7273288
          ],
          [
            128.9601638,
            35.7300593
          ],
          [
            128.9586055,
            35.7331385
          ],
          [
            128.9574777,
            35.7354511
          ],
          [
            128.9554556,
            35.7396271
          ],
          [
            128.9534964,
            35.7424449
          ],
          [
            128.9515461,
            35.7452189
          ],
          [
            128.9488036,
            35.7497179
          ],
          [
            128.9466706,
            35.7532443
          ],
          [
            128.9434716,
            35.7561585
          ],
          [
            128.9412036,
            35.7583543
          ],
          [
            128.9410865,
            35.7622784
          ],
          [
            128.9410481,
            35.7651819
          ],
          [
            128.9409463,
            35.7678733
          ],
          [
            128.9401182,
            35.77092
          ],
          [
            128.9388988,
            35.7750565
          ],
          [
            128.9364622,
            35.7782544
          ],
          [
            128.9346086,
            35.7828781
          ],
          [
            128.9333935,
            35.7862706
          ],
          [
            128.9309704,
            35.788425
          ],
          [
            128.9259878,
            35.7931927
          ],
          [
            128.9243128,
            35.7974609
          ],
          [
            128.9232542,
            35.8001437
          ],
          [
            128.9222809,
            35.8027391
          ],
          [
            128.9193013,
            35.8059949
          ],
          [
            128.9171759,
            35.8084666
          ],
          [
            128.9147002,
            35.8111675
          ],
          [
            128.9115942,
            35.813941
          ],
          [
            128.9089762,
            35.8159232
          ],
          [
            128.907169,
            35.8178834
          ],
          [
            128.9048069,
            35.8206069
          ],
          [
            128.9018341,
            35.8239748
          ],
          [
            128.8992296,
            35.8269068
          ],
          [
            128.8970668,
            35.8301483
          ],
          [
            128.8954874,
            35.8329523
          ],
          [
            128.8932828,
            35.8359713
          ],
          [
            128.8914333,
            35.8392879
          ],
          [
            128.8899498,
            35.8417197
          ],
          [
            128.8877408,
            35.844591
          ],
          [
            128.8847737,
            35.8487019
          ],
          [
            128.8819141,
            35.8518617
          ],
          [
            128.8796892,
            35.8543169
          ],
          [
            128.8768005,
            35.8571031
          ],
          [
            128.8748399,
            35.8588987
          ],
          [
            128.872644,
            35.8602864
          ],
          [
            128.865417,
            35.8643319
          ],
          [
            128.8620186,
            35.8661432
          ],
          [
            128.8590515,
            35.8677321
          ],
          [
            128.8557708,
            35.8693421
          ],
          [
            128.8518103,
            35.8696227
          ],
          [
            128.8487583,
            35.869824
          ],
          [
            128.8452467,
            35.8712143
          ],
          [
            128.844237,
            35.8726257
          ],
          [
            128.8389168,
            35.8726017
          ],
          [
            128.8360135,
            35.87244
          ]
        ]
      },
      "properties": {
        "osm_type": "way",
        "osm_id": 308765033,
        "sido": "울산광역시",
        "power_type": "line",
        "name": "",
        "description": "",
        "voltage": "345000",
        "cables": "6",
        "circuits": "2",
        "frequency": "60",
        "operator": "",
        "wires": ""
      }
    },
    {
      "type": "Feature",
      "geometry": {
        "type": "LineString",
        "coordinates": [
          [
            129.2121462,
            35.679148
          ],
          [
            129.2127638,
            35.6789384
          ]
        ]
      },
      "properties": {
        "osm_type": "way",
        "osm_id": 308765035,
        "sido": "울산광역시",
        "power_type": "line",
        "name": "",
        "description": "",
        "voltage": "345000",
        "cables": "3",
        "circuits": "1",
        "frequency": "60",
        "operator": "",
        "wires": ""
      }
    },
    {
      "type": "Feature",
      "geometry": {
        "type": "LineString",
        "coordinates": [
          [
            129.2112278,
            35.6784038
          ],
          [
            129.212307,
            35.678321
          ]
        ]
      },
      "properties": {
        "osm_type": "way",
        "osm_id": 308765036,
        "sido": "울산광역시",
        "power_type": "line",
        "name": "",
        "description": "",
        "voltage": "345000",
        "cables": "3",
        "circuits": "1",
        "frequency": "60",
        "operator": "",
        "wires": ""
      }
    },
    {
      "type": "Feature",
      "geometry": {
        "type": "LineString",
        "coordinates": [
          [
            129.2120048,
            35.6789256
          ],
          [
            129.2125383,
            35.6786269
          ]
        ]
      },
      "properties": {
        "osm_type": "way",
        "osm_id": 308765038,
        "sido": "울산광역시",
        "power_type": "line",
        "name": "",
        "description": "",
        "voltage": "345000",
        "cables": "3",
        "circuits": "1",
        "frequency": "60",
        "operator": "",
        "wires": ""
      }
    },
    {
      "type": "Feature",
      "geometry": {
        "type": "LineString",
        "coordinates": [
          [
            129.2112278,
            35.6784038
          ],
          [
            129.212195,
            35.6781664
          ]
        ]
      },
      "properties": {
        "osm_type": "way",
        "osm_id": 308765040,
        "sido": "울산광역시",
        "power_type": "line",
        "name": "",
        "description": "",
        "voltage": "345000",
        "cables": "3",
        "circuits": "1",
        "frequency": "60",
        "operator": "",
        "wires": ""
      }
    },
    {
      "type": "Feature",
      "geometry": {
        "type": "LineString",
        "coordinates": [
          [
            129.2121462,
            35.679148
          ],
          [
            129.2126521,
            35.6787846
          ]
        ]
      },
      "properties": {
        "osm_type": "way",
        "osm_id": 308765045,
        "sido": "울산광역시",
        "power_type": "line",
        "name": "",
        "description": "",
        "voltage": "345000",
        "cables": "3",
        "circuits": "1",
        "frequency": "60",
        "operator": "",
        "wires": ""
      }
    },
    {
      "type": "Feature",
      "geometry": {
        "type": "LineString",
        "coordinates": [
          [
            129.2120048,
            35.6789256
          ],
          [
            129.2124236,
            35.6784756
          ]
        ]
      },
      "properties": {
        "osm_type": "way",
        "osm_id": 308765048,
        "sido": "울산광역시",
        "power_type": "line",
        "name": "",
        "description": "",
        "voltage": "345000",
        "cables": "3",
        "circuits": "1",
        "frequency": "60",
        "operator": "",
        "wires": ""
      }
    },
    {
      "type": "Feature",
      "geometry": {
        "type": "LineString",
        "coordinates": [
          [
            129.298897,
            35.498482
          ],
          [
            129.2980786,
            35.5012572
          ],
          [
            129.2967911,
            35.502905
          ],
          [
            129.2949285,
            35.5061999
          ],
          [
            129.2934748,
            35.5083577
          ],
          [
            129.2916549,
            35.5113283
          ],
          [
            129.2893352,
            35.5151616
          ],
          [
            129.2869309,
            35.5191306
          ],
          [
            129.2856139,
            35.5213074
          ],
          [
            129.2832617,
            35.5251779
          ],
          [
            129.2824903,
            35.5294864
          ],
          [
            129.2819128,
            35.5327456
          ],
          [
            129.2817507,
            35.5340207
          ],
          [
            129.2813387,
            35.5371891
          ],
          [
            129.2811463,
            35.5387169
          ],
          [
            129.2811745,
            35.538911
          ],
          [
            129.2809471,
            35.5402969
          ],
          [
            129.2803324,
            35.5450875
          ],
          [
            129.2797523,
            35.5496224
          ],
          [
            129.2795673,
            35.5511274
          ],
          [
            129.2790515,
            35.5545426
          ],
          [
            129.2788148,
            35.5566239
          ]
        ]
      },
      "properties": {
        "osm_type": "way",
        "osm_id": 308765049,
        "sido": "울산광역시",
        "power_type": "line",
        "name": "",
        "description": "",
        "voltage": "154000",
        "cables": "",
        "circuits": "",
        "frequency": "",
        "operator": "",
        "wires": ""
      }
    },
    {
      "type": "Feature",
      "geometry": {
        "type": "LineString",
        "coordinates": [
          [
            129.327695,
            35.4931884
          ],
          [
            129.3276175,
            35.4939209
          ],
          [
            129.3253188,
            35.4939189
          ],
          [
            129.3207741,
            35.4939439
          ],
          [
            129.3184573,
            35.4939857
          ],
          [
            129.3161549,
            35.4939607
          ],
          [
            129.3136818,
            35.4939678
          ],
          [
            129.3111721,
            35.4942576
          ],
          [
            129.3099481,
            35.4954434
          ],
          [
            129.3090437,
            35.4959727
          ],
          [
            129.3065742,
            35.4968251
          ],
          [
            129.3044677,
            35.4977642
          ],
          [
            129.3021834,
            35.496657
          ],
          [
            129.3007614,
            35.496039
          ]
        ]
      },
      "properties": {
        "osm_type": "way",
        "osm_id": 308765051,
        "sido": "울산광역시",
        "power_type": "line",
        "name": "",
        "description": "",
        "voltage": "154000",
        "cables": "6",
        "circuits": "2",
        "frequency": "60",
        "operator": "",
        "wires": ""
      }
    },
    {
      "type": "Feature",
      "geometry": {
        "type": "LineString",
        "coordinates": [
          [
            129.1737297,
            35.5487567
          ],
          [
            129.173904,
            35.548517
          ],
          [
            129.1731308,
            35.544733
          ],
          [
            129.1725119,
            35.5431196
          ],
          [
            129.1701598,
            35.5414634
          ],
          [
            129.1642073,
            35.5389017
          ],
          [
            129.1619318,
            35.5358211
          ],
          [
            129.1590684,
            35.5338539
          ],
          [
            129.1562507,
            35.5320104
          ],
          [
            129.1527588,
            35.5292925
          ],
          [
            129.1513499,
            35.5281541
          ],
          [
            129.1469814,
            35.5264466
          ],
          [
            129.1453343,
            35.525832
          ],
          [
            129.1413762,
            35.5238481
          ],
          [
            129.1374587,
            35.52186
          ],
          [
            129.1352288,
            35.5207669
          ],
          [
            129.1320968,
            35.5192448
          ],
          [
            129.129002,
            35.5177499
          ],
          [
            129.1276328,
            35.5165415
          ],
          [
            129.1265812,
            35.5164343
          ],
          [
            129.1234644,
            35.5159867
          ],
          [
            129.1189996,
            35.5152937
          ],
          [
            129.116241,
            35.5148878
          ],
          [
            129.1124296,
            35.5143793
          ],
          [
            129.1095148,
            35.5137931
          ],
          [
            129.1056489,
            35.5132236
          ],
          [
            129.1015967,
            35.5131305
          ],
          [
            129.0998641,
            35.5148605
          ]
        ]
      },
      "properties": {
        "osm_type": "way",
        "osm_id": 308765052,
        "sido": "울산광역시",
        "power_type": "line",
        "name": "",
        "description": "",
        "voltage": "154000",
        "cables": "6",
        "circuits": "2",
        "frequency": "60",
        "operator": "",
        "wires": ""
      }
    },
    {
      "type": "Feature",
      "geometry": {
        "type": "LineString",
        "coordinates": [
          [
            129.245974,
            35.6464253
          ],
          [
            129.2487506,
            35.6474723
          ],
          [
            129.252348,
            35.6468308
          ],
          [
            129.2577222,
            35.6454839
          ],
          [
            129.2623818,
            35.6446339
          ],
          [
            129.2657395,
            35.6463707
          ],
          [
            129.2694093,
            35.6477211
          ],
          [
            129.271906,
            35.6485967
          ],
          [
            129.2743915,
            35.64948
          ],
          [
            129.2771328,
            35.6519617
          ],
          [
            129.2787999,
            35.6526672
          ],
          [
            129.2807855,
            35.6534245
          ],
          [
            129.2846632,
            35.6549681
          ],
          [
            129.2873836,
            35.656091
          ],
          [
            129.291628,
            35.65409
          ],
          [
            129.2953034,
            35.6531929
          ],
          [
            129.2974378,
            35.6529553
          ],
          [
            129.2983453,
            35.6538322
          ],
          [
            129.2997148,
            35.6551543
          ],
          [
            129.3027185,
            35.6575025
          ],
          [
            129.3035853,
            35.6577688
          ],
          [
            129.3052485,
            35.6583374
          ],
          [
            129.3100604,
            35.6613743
          ],
          [
            129.3148858,
            35.6604364
          ],
          [
            129.3170578,
            35.6628867
          ],
          [
            129.3196574,
            35.6652152
          ],
          [
            129.3215762,
            35.6664255
          ],
          [
            129.3236086,
            35.6676397
          ]
        ]
      },
      "properties": {
        "osm_type": "way",
        "osm_id": 308953851,
        "sido": "울산광역시",
        "power_type": "line",
        "name": "",
        "description": "",
        "voltage": "154000",
        "cables": "",
        "circuits": "",
        "frequency": "60",
        "operator": "",
        "wires": ""
      }
    },
    {
      "type": "Feature",
      "geometry": {
        "type": "LineString",
        "coordinates": [
          [
            129.3046051,
            35.5026811
          ],
          [
            129.3072914,
            35.5046116
          ],
          [
            129.3116434,
            35.5056983
          ],
          [
            129.3143325,
            35.5063875
          ],
          [
            129.3172001,
            35.5071407
          ],
          [
            129.3202287,
            35.5079559
          ],
          [
            129.3233408,
            35.5093581
          ],
          [
            129.3262034,
            35.5109727
          ],
          [
            129.3283826,
            35.5121346
          ],
          [
            129.3288958,
            35.5119573
          ]
        ]
      },
      "properties": {
        "osm_type": "way",
        "osm_id": 310574443,
        "sido": "울산광역시",
        "power_type": "line",
        "name": "",
        "description": "",
        "voltage": "154000",
        "cables": "6",
        "circuits": "2",
        "frequency": "60",
        "operator": "",
        "wires": ""
      }
    },
    {
      "type": "Feature",
      "geometry": {
        "type": "LineString",
        "coordinates": [
          [
            129.3000406,
            35.4946464
          ],
          [
            129.3008262,
            35.4950221
          ],
          [
            129.3023636,
            35.4963691
          ]
        ]
      },
      "properties": {
        "osm_type": "way",
        "osm_id": 310574457,
        "sido": "울산광역시",
        "power_type": "line",
        "name": "",
        "description": "",
        "voltage": "154000",
        "cables": "6",
        "circuits": "2",
        "frequency": "60",
        "operator": "",
        "wires": ""
      }
    },
    {
      "type": "Feature",
      "geometry": {
        "type": "LineString",
        "coordinates": [
          [
            129.299925,
            35.4951534
          ],
          [
            129.3007614,
            35.496039
          ]
        ]
      },
      "properties": {
        "osm_type": "way",
        "osm_id": 310574458,
        "sido": "울산광역시",
        "power_type": "line",
        "name": "",
        "description": "",
        "voltage": "154000",
        "cables": "6",
        "circuits": "2",
        "frequency": "60",
        "operator": "",
        "wires": ""
      }
    },
    {
      "type": "Feature",
      "geometry": {
        "type": "LineString",
        "coordinates": [
          [
            129.2974291,
            35.4953109
          ],
          [
            129.2967635,
            35.4948787
          ],
          [
            129.2964894,
            35.4942619
          ]
        ]
      },
      "properties": {
        "osm_type": "way",
        "osm_id": 310574459,
        "sido": "울산광역시",
        "power_type": "line",
        "name": "",
        "description": "",
        "voltage": "345000",
        "cables": "3",
        "circuits": "1",
        "frequency": "60",
        "operator": "",
        "wires": ""
      }
    },
    {
      "type": "Feature",
      "geometry": {
        "type": "LineString",
        "coordinates": [
          [
            129.2964894,
            35.4942619
          ],
          [
            129.2973183,
            35.4943525
          ],
          [
            129.2979938,
            35.4947332
          ]
        ]
      },
      "properties": {
        "osm_type": "way",
        "osm_id": 310574460,
        "sido": "울산광역시",
        "power_type": "line",
        "name": "",
        "description": "",
        "voltage": "345000",
        "cables": "3",
        "circuits": "1",
        "frequency": "60",
        "operator": "",
        "wires": ""
      }
    },
    {
      "type": "Feature",
      "geometry": {
        "type": "LineString",
        "coordinates": [
          [
            129.3023636,
            35.4963691
          ],
          [
            129.3033056,
            35.4989658
          ],
          [
            129.3041685,
            35.5012552
          ]
        ]
      },
      "properties": {
        "osm_type": "way",
        "osm_id": 310574461,
        "sido": "울산광역시",
        "power_type": "line",
        "name": "",
        "description": "",
        "voltage": "154000",
        "cables": "12",
        "circuits": "4",
        "frequency": "",
        "operator": "",
        "wires": ""
      }
    },
    {
      "type": "Feature",
      "geometry": {
        "type": "LineString",
        "coordinates": [
          [
            129.3288958,
            35.5119573
          ],
          [
            129.3310513,
            35.5134457
          ],
          [
            129.3337323,
            35.5110463
          ],
          [
            129.3351108,
            35.5110517
          ]
        ]
      },
      "properties": {
        "osm_type": "way",
        "osm_id": 310574463,
        "sido": "울산광역시",
        "power_type": "line",
        "name": "",
        "description": "",
        "voltage": "154000",
        "cables": "",
        "circuits": "",
        "frequency": "",
        "operator": "",
        "wires": ""
      }
    },
    {
      "type": "Feature",
      "geometry": {
        "type": "LineString",
        "coordinates": [
          [
            129.2990467,
            35.4957604
          ],
          [
            129.2996236,
            35.496812
          ],
          [
            129.2992006,
            35.4984735
          ],
          [
            129.2985431,
            35.5010661
          ],
          [
            129.2980786,
            35.5012572
          ]
        ]
      },
      "properties": {
        "osm_type": "way",
        "osm_id": 310574465,
        "sido": "울산광역시",
        "power_type": "line",
        "name": "",
        "description": "",
        "voltage": "154000",
        "cables": "",
        "circuits": "",
        "frequency": "",
        "operator": "",
        "wires": ""
      }
    },
    {
      "type": "Feature",
      "geometry": {
        "type": "LineString",
        "coordinates": [
          [
            129.2974291,
            35.4953109
          ],
          [
            129.2979938,
            35.4947332
          ],
          [
            129.2985464,
            35.4941679
          ],
          [
            129.2989134,
            35.4937925
          ]
        ]
      },
      "properties": {
        "osm_type": "way",
        "osm_id": 310574467,
        "sido": "울산광역시",
        "power_type": "line",
        "name": "",
        "description": "",
        "voltage": "345000",
        "cables": "3",
        "circuits": "1",
        "frequency": "60",
        "operator": "",
        "wires": ""
      }
    },
    {
      "type": "Feature",
      "geometry": {
        "type": "LineString",
        "coordinates": [
          [
            129.2985464,
            35.4941679
          ],
          [
            129.2978703,
            35.4937377
          ],
          [
            129.2975282,
            35.4928243
          ],
          [
            129.2982426,
            35.4934033
          ],
          [
            129.2989134,
            35.4937925
          ]
        ]
      },
      "properties": {
        "osm_type": "way",
        "osm_id": 310574469,
        "sido": "울산광역시",
        "power_type": "line",
        "name": "",
        "description": "",
        "voltage": "345000",
        "cables": "3",
        "circuits": "1",
        "frequency": "60",
        "operator": "",
        "wires": ""
      }
    },
    {
      "type": "Feature",
      "geometry": {
        "type": "LineString",
        "coordinates": [
          [
            129.2980874,
            35.4925994
          ],
          [
            129.2990408,
            35.4927827
          ],
          [
            129.2994855,
            35.4932121
          ],
          [
            129.2990234,
            35.4935174
          ],
          [
            129.2985868,
            35.4930564
          ],
          [
            129.2980874,
            35.4925994
          ]
        ]
      },
      "properties": {
        "osm_type": "way",
        "osm_id": 310574470,
        "sido": "울산광역시",
        "power_type": "line",
        "name": "",
        "description": "",
        "voltage": "345000",
        "cables": "3",
        "circuits": "1",
        "frequency": "60",
        "operator": "",
        "wires": ""
      }
    },
    {
      "type": "Feature",
      "geometry": {
        "type": "LineString",
        "coordinates": [
          [
            129.2142434,
            35.6781462
          ],
          [
            129.2147493,
            35.6790639
          ],
          [
            129.2140076,
            35.6795482
          ],
          [
            129.2123589,
            35.6806394
          ],
          [
            129.2106255,
            35.6798933
          ],
          [
            129.2082953,
            35.6800072
          ],
          [
            129.2060965,
            35.6804982
          ],
          [
            129.2026537,
            35.6813165
          ],
          [
            129.2000081,
            35.6819569
          ],
          [
            129.1960485,
            35.6828748
          ],
          [
            129.1948046,
            35.6845683
          ],
          [
            129.1926321,
            35.6874784
          ],
          [
            129.1913881,
            35.6891647
          ],
          [
            129.1891962,
            35.6907656
          ],
          [
            129.1853942,
            35.6929492
          ],
          [
            129.1832328,
            35.6938268
          ],
          [
            129.1819258,
            35.696148
          ],
          [
            129.1806207,
            35.6983629
          ],
          [
            129.1795478,
            35.6998158
          ]
        ]
      },
      "properties": {
        "osm_type": "way",
        "osm_id": 311144462,
        "sido": "울산광역시",
        "power_type": "line",
        "name": "",
        "description": "",
        "voltage": "154000",
        "cables": "6",
        "circuits": "2",
        "frequency": "",
        "operator": "",
        "wires": ""
      }
    },
    {
      "type": "Feature",
      "geometry": {
        "type": "LineString",
        "coordinates": [
          [
            129.0371472,
            35.3612378
          ],
          [
            129.0393542,
            35.3599189
          ],
          [
            129.0406402,
            35.3592366
          ],
          [
            129.0426726,
            35.3581582
          ],
          [
            129.0462687,
            35.3560286
          ],
          [
            129.0478017,
            35.3540721
          ],
          [
            129.0495906,
            35.3512293
          ],
          [
            129.0515121,
            35.3496136
          ],
          [
            129.0527728,
            35.3480969
          ],
          [
            129.0540883,
            35.3457348
          ],
          [
            129.0544211,
            35.345929
          ],
          [
            129.0567539,
            35.3474296
          ],
          [
            129.0590858,
            35.3488763
          ],
          [
            129.063502,
            35.3516711
          ],
          [
            129.0663811,
            35.3545378
          ],
          [
            129.0677161,
            35.3557225
          ],
          [
            129.0677361,
            35.3567779
          ],
          [
            129.0740527,
            35.3573932
          ],
          [
            129.0761953,
            35.3588404
          ],
          [
            129.0769095,
            35.3605914
          ],
          [
            129.0766948,
            35.362889
          ],
          [
            129.0765646,
            35.3643879
          ],
          [
            129.0763849,
            35.3667173
          ],
          [
            129.0788016,
            35.3691478
          ],
          [
            129.0801691,
            35.3721385
          ],
          [
            129.0813105,
            35.3746117
          ],
          [
            129.0825747,
            35.3771889
          ],
          [
            129.0837454,
            35.3799695
          ],
          [
            129.082978,
            35.3827339
          ],
          [
            129.0825031,
            35.384572
          ],
          [
            129.0812758,
            35.3892935
          ],
          [
            129.0805092,
            35.3921377
          ],
          [
            129.0802751,
            35.3940628
          ],
          [
            129.0813688,
            35.3963805
          ],
          [
            129.0825183,
            35.3986286
          ],
          [
            129.0842825,
            35.4010613
          ],
          [
            129.0843929,
            35.4024791
          ],
          [
            129.0853897,
            35.4045294
          ],
          [
            129.0865035,
            35.4067977
          ],
          [
            129.0872963,
            35.4083953
          ],
          [
            129.0866474,
            35.4115087
          ],
          [
            129.0858111,
            35.4154124
          ],
          [
            129.0854532,
            35.4170344
          ],
          [
            129.0850418,
            35.4188663
          ],
          [
            129.0860152,
            35.4211587
          ],
          [
            129.0879243,
            35.4257217
          ],
          [
            129.0896938,
            35.4266402
          ],
          [
            129.0936087,
            35.4285601
          ],
          [
            129.0952069,
            35.4314789
          ],
          [
            129.0946312,
            35.4340684
          ],
          [
            129.0941881,
            35.435909
          ],
          [
            129.0950022,
            35.4375341
          ],
          [
            129.0958833,
            35.4394353
          ],
          [
            129.0992488,
            35.4439941
          ],
          [
            129.100423,
            35.4454799
          ],
          [
            129.1018645,
            35.4471064
          ],
          [
            129.1040927,
            35.450154
          ],
          [
            129.1062988,
            35.4538515
          ],
          [
            129.1078466,
            35.4565109
          ],
          [
            129.1091023,
            35.458804
          ],
          [
            129.1115614,
            35.4608672
          ],
          [
            129.1134935,
            35.4634104
          ],
          [
            129.1125571,
            35.4659628
          ],
          [
            129.1124687,
            35.4682061
          ],
          [
            129.1123332,
            35.469459
          ],
          [
            129.111979,
            35.4738686
          ],
          [
            129.1120991,
            35.4782178
          ],
          [
            129.1128818,
            35.4804027
          ],
          [
            129.1124522,
            35.4836489
          ],
          [
            129.1120583,
            35.4869576
          ],
          [
            129.1117755,
            35.4891691
          ],
          [
            129.1110518,
            35.4922555
          ],
          [
            129.1104972,
            35.4953115
          ],
          [
            129.1095605,
            35.4990997
          ],
          [
            129.1084007,
            35.5013572
          ],
          [
            129.10578,
            35.5033255
          ],
          [
            129.1049143,
            35.506059
          ],
          [
            129.1027219,
            35.5075917
          ]
        ]
      },
      "properties": {
        "osm_type": "way",
        "osm_id": 312424732,
        "sido": "울산광역시",
        "power_type": "line",
        "name": "",
        "description": "",
        "voltage": "154000",
        "cables": "6",
        "circuits": "2",
        "frequency": "60",
        "operator": "",
        "wires": ""
      }
    },
    {
      "type": "Feature",
      "geometry": {
        "type": "LineString",
        "coordinates": [
          [
            129.3805942,
            35.4789134
          ],
          [
            129.3788794,
            35.4795968
          ],
          [
            129.3773234,
            35.4801685
          ],
          [
            129.3763428,
            35.4804012
          ],
          [
            129.3732612,
            35.4810867
          ],
          [
            129.3691059,
            35.4820625
          ],
          [
            129.3655334,
            35.4827068
          ],
          [
            129.3630008,
            35.4832168
          ],
          [
            129.3599045,
            35.4837248
          ]
        ]
      },
      "properties": {
        "osm_type": "way",
        "osm_id": 313221674,
        "sido": "울산광역시",
        "power_type": "line",
        "name": "",
        "description": "",
        "voltage": "154000",
        "cables": "6",
        "circuits": "2",
        "frequency": "60",
        "operator": "",
        "wires": ""
      }
    },
    {
      "type": "Feature",
      "geometry": {
        "type": "LineString",
        "coordinates": [
          [
            129.3551785,
            35.487048
          ],
          [
            129.3577239,
            35.4872249
          ],
          [
            129.3602499,
            35.4849805
          ],
          [
            129.3644527,
            35.4841984
          ],
          [
            129.368736,
            35.4832114
          ]
        ]
      },
      "properties": {
        "osm_type": "way",
        "osm_id": 313221675,
        "sido": "울산광역시",
        "power_type": "line",
        "name": "",
        "description": "",
        "voltage": "345000",
        "cables": "6",
        "circuits": "2",
        "frequency": "60",
        "operator": "",
        "wires": ""
      }
    },
    {
      "type": "Feature",
      "geometry": {
        "type": "LineString",
        "coordinates": [
          [
            129.3636327,
            35.4840462
          ],
          [
            129.3658048,
            35.4833717
          ],
          [
            129.368902,
            35.4827425
          ],
          [
            129.3719512,
            35.4819577
          ],
          [
            129.3741159,
            35.4814347
          ],
          [
            129.3762167,
            35.4808697
          ],
          [
            129.377627,
            35.4805153
          ],
          [
            129.3805316,
            35.4795631
          ]
        ]
      },
      "properties": {
        "osm_type": "way",
        "osm_id": 313221676,
        "sido": "울산광역시",
        "power_type": "line",
        "name": "",
        "description": "",
        "voltage": "154000",
        "cables": "3",
        "circuits": "",
        "frequency": "60",
        "operator": "",
        "wires": ""
      }
    },
    {
      "type": "Feature",
      "geometry": {
        "type": "LineString",
        "coordinates": [
          [
            129.3411852,
            35.5118286
          ],
          [
            129.3424452,
            35.5107668
          ]
        ]
      },
      "properties": {
        "osm_type": "way",
        "osm_id": 313221678,
        "sido": "울산광역시",
        "power_type": "line",
        "name": "",
        "description": "",
        "voltage": "154000",
        "cables": "",
        "circuits": "",
        "frequency": "60",
        "operator": "",
        "wires": ""
      }
    },
    {
      "type": "Feature",
      "geometry": {
        "type": "LineString",
        "coordinates": [
          [
            129.298897,
            35.498482
          ],
          [
            129.2986768,
            35.4963751
          ]
        ]
      },
      "properties": {
        "osm_type": "way",
        "osm_id": 313221679,
        "sido": "울산광역시",
        "power_type": "line",
        "name": "",
        "description": "",
        "voltage": "154000",
        "cables": "",
        "circuits": "",
        "frequency": "",
        "operator": "",
        "wires": ""
      }
    },
    {
      "type": "Feature",
      "geometry": {
        "type": "LineString",
        "coordinates": [
          [
            129.3470674,
            35.5273183
          ],
          [
            129.3457692,
            35.5262068
          ],
          [
            129.3427103,
            35.5233152
          ],
          [
            129.3432193,
            35.5231345
          ],
          [
            129.3457931,
            35.5230049
          ]
        ]
      },
      "properties": {
        "osm_type": "way",
        "osm_id": 313221681,
        "sido": "울산광역시",
        "power_type": "line",
        "name": "",
        "description": "",
        "voltage": "154000",
        "cables": "",
        "circuits": "",
        "frequency": "60",
        "operator": "",
        "wires": ""
      }
    },
    {
      "type": "Feature",
      "geometry": {
        "type": "LineString",
        "coordinates": [
          [
            129.3742938,
            35.568738
          ],
          [
            129.3753402,
            35.5689318
          ],
          [
            129.3778988,
            35.5694969
          ],
          [
            129.3801216,
            35.5692453
          ],
          [
            129.3821061,
            35.5689522
          ],
          [
            129.3836054,
            35.5685822
          ],
          [
            129.3879798,
            35.5673238
          ],
          [
            129.390523,
            35.566287
          ],
          [
            129.3921252,
            35.5628277
          ],
          [
            129.393376,
            35.5601096
          ],
          [
            129.3945553,
            35.5574204
          ],
          [
            129.3952819,
            35.5546633
          ],
          [
            129.3956154,
            35.5532823
          ],
          [
            129.3953891,
            35.5499824
          ],
          [
            129.3952521,
            35.547477
          ],
          [
            129.3978489,
            35.5461928
          ],
          [
            129.3993796,
            35.5438134
          ],
          [
            129.4008805,
            35.5414775
          ],
          [
            129.4024857,
            35.540261
          ],
          [
            129.4036732,
            35.5393446
          ],
          [
            129.4064752,
            35.5372602
          ]
        ]
      },
      "properties": {
        "osm_type": "way",
        "osm_id": 313221682,
        "sido": "울산광역시",
        "power_type": "line",
        "name": "",
        "description": "",
        "voltage": "154000",
        "cables": "6",
        "circuits": "2",
        "frequency": "60",
        "operator": "",
        "wires": ""
      }
    },
    {
      "type": "Feature",
      "geometry": {
        "type": "LineString",
        "coordinates": [
          [
            129.3558812,
            35.4886773
          ],
          [
            129.3553109,
            35.4891739
          ],
          [
            129.3536969,
            35.4904272
          ],
          [
            129.3508801,
            35.4924395
          ],
          [
            129.3479126,
            35.4945671
          ],
          [
            129.3438811,
            35.497371
          ],
          [
            129.3405231,
            35.4996192
          ],
          [
            129.3393118,
            35.5005244
          ],
          [
            129.337478,
            35.5018301
          ],
          [
            129.3364937,
            35.5019862
          ],
          [
            129.3356276,
            35.5026861
          ],
          [
            129.3355605,
            35.5031362
          ],
          [
            129.3348286,
            35.5036409
          ],
          [
            129.3281206,
            35.5046451
          ],
          [
            129.324765,
            35.5051342
          ],
          [
            129.32279,
            35.5049053
          ],
          [
            129.3184564,
            35.504515
          ],
          [
            129.3147211,
            35.5041633
          ],
          [
            129.3138059,
            35.5041044
          ],
          [
            129.3091419,
            35.5028923
          ],
          [
            129.3056796,
            35.5020455
          ],
          [
            129.3041685,
            35.5012552
          ]
        ]
      },
      "properties": {
        "osm_type": "way",
        "osm_id": 313221683,
        "sido": "울산광역시",
        "power_type": "line",
        "name": "",
        "description": "",
        "voltage": "154000",
        "cables": "6",
        "circuits": "2",
        "frequency": "60",
        "operator": "",
        "wires": ""
      }
    },
    {
      "type": "Feature",
      "geometry": {
        "type": "LineString",
        "coordinates": [
          [
            129.2788148,
            35.5566239
          ],
          [
            129.2798336,
            35.5579678
          ],
          [
            129.2806255,
            35.5589425
          ],
          [
            129.2815626,
            35.5600649
          ],
          [
            129.2823182,
            35.5610113
          ],
          [
            129.2831213,
            35.5619869
          ],
          [
            129.2873964,
            35.5645713
          ],
          [
            129.2904208,
            35.5669343
          ],
          [
            129.2932119,
            35.5691311
          ],
          [
            129.2951763,
            35.570619
          ],
          [
            129.2984739,
            35.5731466
          ],
          [
            129.2988673,
            35.5734599
          ],
          [
            129.3022297,
            35.5761457
          ],
          [
            129.3041808,
            35.5776069
          ],
          [
            129.3052844,
            35.5793071
          ],
          [
            129.306553,
            35.5813225
          ],
          [
            129.3084843,
            35.584265
          ],
          [
            129.3097634,
            35.5862149
          ],
          [
            129.3103945,
            35.5859277
          ],
          [
            129.3127689,
            35.5838288
          ],
          [
            129.3137531,
            35.5829458
          ],
          [
            129.3159922,
            35.5809995
          ],
          [
            129.3178932,
            35.5809445
          ]
        ]
      },
      "properties": {
        "osm_type": "way",
        "osm_id": 313221684,
        "sido": "울산광역시",
        "power_type": "line",
        "name": "",
        "description": "",
        "voltage": "154000",
        "cables": "12",
        "circuits": "4",
        "frequency": "60",
        "operator": "",
        "wires": ""
      }
    },
    {
      "type": "Feature",
      "geometry": {
        "type": "LineString",
        "coordinates": [
          [
            129.3381116,
            35.4620944
          ],
          [
            129.3405041,
            35.4615154
          ],
          [
            129.3435315,
            35.4620574
          ],
          [
            129.3441218,
            35.4663171
          ],
          [
            129.3426746,
            35.4675836
          ],
          [
            129.341044,
            35.4694309
          ],
          [
            129.3400621,
            35.4705132
          ],
          [
            129.3400803,
            35.4720553
          ],
          [
            129.3401433,
            35.4759206
          ],
          [
            129.340446,
            35.4786662
          ],
          [
            129.339864,
            35.481177
          ],
          [
            129.3458295,
            35.48369
          ],
          [
            129.3482523,
            35.4854382
          ]
        ]
      },
      "properties": {
        "osm_type": "way",
        "osm_id": 313221685,
        "sido": "울산광역시",
        "power_type": "line",
        "name": "",
        "description": "",
        "voltage": "154000",
        "cables": "6",
        "circuits": "2",
        "frequency": "60",
        "operator": "",
        "wires": ""
      }
    },
    {
      "type": "Feature",
      "geometry": {
        "type": "LineString",
        "coordinates": [
          [
            129.298897,
            35.498482
          ],
          [
            129.2992622,
            35.4967736
          ],
          [
            129.2988282,
            35.496092
          ]
        ]
      },
      "properties": {
        "osm_type": "way",
        "osm_id": 313221686,
        "sido": "울산광역시",
        "power_type": "line",
        "name": "",
        "description": "",
        "voltage": "154000",
        "cables": "",
        "circuits": "",
        "frequency": "",
        "operator": "",
        "wires": ""
      }
    },
    {
      "type": "Feature",
      "geometry": {
        "type": "LineString",
        "coordinates": [
          [
            129.3470674,
            35.5273183
          ],
          [
            129.3463694,
            35.527805
          ],
          [
            129.3461858,
            35.5277301
          ]
        ]
      },
      "properties": {
        "osm_type": "way",
        "osm_id": 313221687,
        "sido": "울산광역시",
        "power_type": "line",
        "name": "",
        "description": "",
        "voltage": "154000",
        "cables": "12",
        "circuits": "4",
        "frequency": "60",
        "operator": "",
        "wires": ""
      }
    },
    {
      "type": "Feature",
      "geometry": {
        "type": "LineString",
        "coordinates": [
          [
            129.3403905,
            35.5151448
          ],
          [
            129.3394656,
            35.5153937
          ],
          [
            129.3395774,
            35.5137984
          ],
          [
            129.3411852,
            35.5118286
          ]
        ]
      },
      "properties": {
        "osm_type": "way",
        "osm_id": 313221690,
        "sido": "울산광역시",
        "power_type": "line",
        "name": "",
        "description": "",
        "voltage": "154000",
        "cables": "",
        "circuits": "",
        "frequency": "60",
        "operator": "",
        "wires": ""
      }
    },
    {
      "type": "Feature",
      "geometry": {
        "type": "LineString",
        "coordinates": [
          [
            129.3411852,
            35.5118286
          ],
          [
            129.3419898,
            35.5123749
          ],
          [
            129.3433559,
            35.513668
          ],
          [
            129.344921,
            35.5122689
          ],
          [
            129.3457853,
            35.5116127
          ],
          [
            129.3480465,
            35.5105386
          ],
          [
            129.3501118,
            35.5096691
          ],
          [
            129.3506471,
            35.5095488
          ],
          [
            129.3520582,
            35.5092316
          ],
          [
            129.3555294,
            35.5079894
          ],
          [
            129.3564633,
            35.5080279
          ]
        ]
      },
      "properties": {
        "osm_type": "way",
        "osm_id": 313221694,
        "sido": "울산광역시",
        "power_type": "line",
        "name": "",
        "description": "",
        "voltage": "154000",
        "cables": "",
        "circuits": "",
        "frequency": "60",
        "operator": "",
        "wires": ""
      }
    },
    {
      "type": "Feature",
      "geometry": {
        "type": "LineString",
        "coordinates": [
          [
            129.1027219,
            35.5075917
          ],
          [
            129.1042437,
            35.5089865
          ],
          [
            129.1057633,
            35.512034
          ],
          [
            129.1072594,
            35.5129708
          ],
          [
            129.1106471,
            35.5134988
          ],
          [
            129.1136296,
            35.5139473
          ],
          [
            129.1149979,
            35.5142944
          ],
          [
            129.1189709,
            35.5150923
          ],
          [
            129.1225893,
            35.5168548
          ],
          [
            129.1247546,
            35.5183567
          ],
          [
            129.1283009,
            35.5204875
          ],
          [
            129.1315762,
            35.5229608
          ],
          [
            129.1331101,
            35.5259597
          ],
          [
            129.1372034,
            35.5277738
          ],
          [
            129.1375818,
            35.5307291
          ],
          [
            129.1407418,
            35.5332303
          ],
          [
            129.1433628,
            35.5333732
          ],
          [
            129.1480493,
            35.5366652
          ],
          [
            129.1509354,
            35.5365424
          ],
          [
            129.1540743,
            35.5367669
          ],
          [
            129.158918,
            35.5412526
          ],
          [
            129.1597392,
            35.5429499
          ],
          [
            129.1583121,
            35.5473026
          ],
          [
            129.1572846,
            35.5505206
          ],
          [
            129.1587212,
            35.5530217
          ],
          [
            129.1597609,
            35.5541861
          ],
          [
            129.1629943,
            35.5577189
          ],
          [
            129.1644718,
            35.559146
          ]
        ]
      },
      "properties": {
        "osm_type": "way",
        "osm_id": 313367317,
        "sido": "울산광역시",
        "power_type": "line",
        "name": "",
        "description": "",
        "voltage": "154000",
        "cables": "6",
        "circuits": "2",
        "frequency": "60",
        "operator": "",
        "wires": ""
      }
    },
    {
      "type": "Feature",
      "geometry": {
        "type": "LineString",
        "coordinates": [
          [
            129.202238,
            35.6762797
          ],
          [
            129.206898,
            35.6774428
          ],
          [
            129.2112278,
            35.6784038
          ]
        ]
      },
      "properties": {
        "osm_type": "way",
        "osm_id": 313367318,
        "sido": "울산광역시",
        "power_type": "line",
        "name": "",
        "description": "",
        "voltage": "345000",
        "cables": "6",
        "circuits": "2",
        "frequency": "60",
        "operator": "",
        "wires": ""
      }
    },
    {
      "type": "Feature",
      "geometry": {
        "type": "LineString",
        "coordinates": [
          [
            129.1644718,
            35.559146
          ],
          [
            129.1639572,
            35.5622184
          ],
          [
            129.1635336,
            35.5647852
          ],
          [
            129.1630783,
            35.5677189
          ],
          [
            129.1626626,
            35.5700536
          ],
          [
            129.1622469,
            35.5726716
          ],
          [
            129.1619025,
            35.5754988
          ],
          [
            129.1616095,
            35.5784289
          ],
          [
            129.1607264,
            35.5802237
          ],
          [
            129.1607346,
            35.5819031
          ],
          [
            129.1597884,
            35.5858504
          ],
          [
            129.1588422,
            35.5898265
          ],
          [
            129.1580465,
            35.5934418
          ],
          [
            129.1563481,
            35.5968799
          ],
          [
            129.1582801,
            35.6020561
          ],
          [
            129.158478,
            35.6048694
          ],
          [
            129.1586562,
            35.6072513
          ],
          [
            129.1588145,
            35.6095752
          ],
          [
            129.1590125,
            35.6124301
          ],
          [
            129.1596767,
            35.6158418
          ],
          [
            129.1622384,
            35.6184313
          ],
          [
            129.1643399,
            35.6218773
          ],
          [
            129.1675042,
            35.6257061
          ],
          [
            129.1715675,
            35.6280604
          ],
          [
            129.1755984,
            35.6303233
          ],
          [
            129.177522,
            35.6325128
          ],
          [
            129.1794232,
            35.6348672
          ],
          [
            129.1806068,
            35.6363788
          ],
          [
            129.182201,
            35.6383518
          ],
          [
            129.1838798,
            35.6404621
          ],
          [
            129.1849426,
            35.6436226
          ],
          [
            129.1852607,
            35.6461601
          ],
          [
            129.1854699,
            35.6495119
          ],
          [
            129.1859128,
            35.6526302
          ],
          [
            129.1852224,
            35.6552226
          ],
          [
            129.1844248,
            35.6583433
          ],
          [
            129.1852883,
            35.6605416
          ],
          [
            129.1863931,
            35.6635032
          ],
          [
            129.1891711,
            35.6663251
          ],
          [
            129.1906386,
            35.6678443
          ],
          [
            129.1927085,
            35.6699358
          ],
          [
            129.1942977,
            35.671546
          ],
          [
            129.1964524,
            35.6737509
          ],
          [
            129.1994643,
            35.6756318
          ],
          [
            129.202238,
            35.6762797
          ]
        ]
      },
      "properties": {
        "osm_type": "way",
        "osm_id": 313367319,
        "sido": "울산광역시",
        "power_type": "line",
        "name": "",
        "description": "",
        "voltage": "345000;154000",
        "cables": "12",
        "circuits": "4",
        "frequency": "60",
        "operator": "",
        "wires": ""
      }
    },
    {
      "type": "Feature",
      "geometry": {
        "type": "LineString",
        "coordinates": [
          [
            129.097481,
            35.5136253
          ],
          [
            129.0995516,
            35.5123379
          ],
          [
            129.1011182,
            35.5112054
          ],
          [
            129.1027219,
            35.5075917
          ]
        ]
      },
      "properties": {
        "osm_type": "way",
        "osm_id": 313367320,
        "sido": "울산광역시",
        "power_type": "line",
        "name": "",
        "description": "",
        "voltage": "154000",
        "cables": "12",
        "circuits": "4",
        "frequency": "60",
        "operator": "",
        "wires": ""
      }
    },
    {
      "type": "Feature",
      "geometry": {
        "type": "LineString",
        "coordinates": [
          [
            129.202238,
            35.6762797
          ],
          [
            129.2049252,
            35.676223
          ],
          [
            129.2068606,
            35.6754757
          ],
          [
            129.2106052,
            35.6751597
          ],
          [
            129.21291,
            35.6762176
          ],
          [
            129.2133582,
            35.6769795
          ],
          [
            129.2129449,
            35.6776065
          ]
        ]
      },
      "properties": {
        "osm_type": "way",
        "osm_id": 313367322,
        "sido": "울산광역시",
        "power_type": "line",
        "name": "",
        "description": "",
        "voltage": "154000",
        "cables": "6",
        "circuits": "2",
        "frequency": "60",
        "operator": "",
        "wires": ""
      }
    },
    {
      "type": "Feature",
      "geometry": {
        "type": "LineString",
        "coordinates": [
          [
            128.5543647,
            35.6123804
          ],
          [
            128.5583103,
            35.6071382
          ],
          [
            128.5587072,
            35.6028726
          ],
          [
            128.5620761,
            35.5984672
          ],
          [
            128.5651231,
            35.5966177
          ],
          [
            128.5724938,
            35.5923167
          ],
          [
            128.5763025,
            35.5900745
          ],
          [
            128.5797357,
            35.5883644
          ],
          [
            128.5853362,
            35.5859912
          ],
          [
            128.5904217,
            35.5828588
          ],
          [
            128.5961079,
            35.5793685
          ],
          [
            128.6001849,
            35.5794034
          ],
          [
            128.6033177,
            35.5794558
          ],
          [
            128.6093151,
            35.5795169
          ],
          [
            128.6175763,
            35.5796478
          ],
          [
            128.6244428,
            35.5817332
          ],
          [
            128.632071,
            35.5815325
          ],
          [
            128.6364806,
            35.5835481
          ],
          [
            128.6424136,
            35.5863053
          ],
          [
            128.6483145,
            35.5890798
          ],
          [
            128.6558783,
            35.5895074
          ],
          [
            128.6598694,
            35.5877013
          ],
          [
            128.6669075,
            35.5844643
          ],
          [
            128.6710489,
            35.5830071
          ],
          [
            128.6799002,
            35.5799619
          ],
          [
            128.686713,
            35.5776757
          ],
          [
            128.6919594,
            35.575817
          ],
          [
            128.6975598,
            35.5717243
          ],
          [
            128.7004995,
            35.5694728
          ],
          [
            128.7056923,
            35.5653885
          ],
          [
            128.7099731,
            35.5652488
          ],
          [
            128.7169683,
            35.563259
          ],
          [
            128.722955,
            35.55989
          ],
          [
            128.7288344,
            35.5586506
          ],
          [
            128.7352288,
            35.55941
          ],
          [
            128.744638,
            35.5595409
          ],
          [
            128.7491333,
            35.5598726
          ],
          [
            128.7596798,
            35.5608937
          ],
          [
            128.7654734,
            35.561173
          ],
          [
            128.772887,
            35.5615745
          ],
          [
            128.7771034,
            35.5609374
          ],
          [
            128.783927,
            35.55989
          ],
          [
            128.788476,
            35.5593576
          ],
          [
            128.7959647,
            35.5591045
          ],
          [
            128.8031745,
            35.5582928
          ],
          [
            128.8080561,
            35.5577691
          ],
          [
            128.8137317,
            35.556294
          ],
          [
            128.8193321,
            35.5535009
          ],
          [
            128.8243747,
            35.5503236
          ],
          [
            128.8267457,
            35.5453653
          ],
          [
            128.8284838,
            35.5415242
          ],
          [
            128.830651,
            35.5389314
          ],
          [
            128.8346422,
            35.534278
          ],
          [
            128.8384724,
            35.5296505
          ],
          [
            128.841176,
            35.5264199
          ],
          [
            128.8464224,
            35.5243068
          ],
          [
            128.8540184,
            35.5231629
          ],
          [
            128.8621402,
            35.5267692
          ],
          [
            128.8704014,
            35.5267604
          ],
          [
            128.8751972,
            35.5267342
          ],
          [
            128.8815594,
            35.5267692
          ],
          [
            128.8913762,
            35.526839
          ],
          [
            128.8959896,
            35.5213117
          ],
          [
            128.8994872,
            35.5179236
          ],
          [
            128.9054096,
            35.5141074
          ],
          [
            128.9089286,
            35.5118193
          ],
          [
            128.9151406,
            35.510649
          ],
          [
            128.9193463,
            35.5107364
          ],
          [
            128.9293456,
            35.5109634
          ],
          [
            128.9342916,
            35.5110507
          ],
          [
            128.9390337,
            35.5111992
          ],
          [
            128.9464742,
            35.5114001
          ],
          [
            128.9505672,
            35.5063608
          ],
          [
            128.9540112,
            35.5022209
          ],
          [
            128.9567041,
            35.4989804
          ],
          [
            128.9594614,
            35.4956437
          ],
          [
            128.9646006,
            35.4923331
          ],
          [
            128.9666712,
            35.4898522
          ],
          [
            128.9715528,
            35.4846107
          ],
          [
            128.9755546,
            35.4801726
          ],
          [
            128.9805382,
            35.4767171
          ],
          [
            128.9865517,
            35.4722393
          ],
          [
            128.9914226,
            35.4697927
          ],
          [
            128.9988255,
            35.4707189
          ],
          [
            129.006679,
            35.471715
          ],
          [
            129.0132451,
            35.4684821
          ],
          [
            129.0161419,
            35.4649868
          ],
          [
            129.0217423,
            35.4631343
          ],
          [
            129.0277505,
            35.4641829
          ],
          [
            129.0328306,
            35.4645848
          ],
          [
            129.0427011,
            35.4655679
          ],
          [
            129.0469605,
            35.4644887
          ],
          [
            129.0480655,
            35.4606437
          ],
          [
            129.0531027,
            35.4584765
          ],
          [
            129.0552002,
            35.4559727
          ],
          [
            129.056949,
            35.4528527
          ],
          [
            129.0590465,
            35.4491645
          ],
          [
            129.0596527,
            35.4432123
          ],
          [
            129.0600926,
            35.4387282
          ],
          [
            129.0667283,
            35.4359354
          ],
          [
            129.072023,
            35.4352667
          ],
          [
            129.0786374,
            35.4318924
          ],
          [
            129.0819901,
            35.4302838
          ],
          [
            129.0860107,
            35.42833
          ],
          [
            129.0876043,
            35.4230983
          ],
          [
            129.0882397,
            35.4207063
          ],
          [
            129.0869307,
            35.4155564
          ],
          [
            129.0858632,
            35.411473
          ],
          [
            129.0848815,
            35.4075118
          ],
          [
            129.0821671,
            35.4038915
          ],
          [
            129.0798122,
            35.4008089
          ],
          [
            129.0790589,
            35.3946229
          ],
          [
            129.0842783,
            35.3892405
          ],
          [
            129.0850239,
            35.3833731
          ],
          [
            129.0878443,
            35.379981
          ],
          [
            129.0927503,
            35.3750381
          ],
          [
            129.0961651,
            35.3715577
          ],
          [
            129.1022706,
            35.3687996
          ],
          [
            129.1097593,
            35.3674955
          ],
          [
            129.1170232,
            35.3661586
          ],
          [
            129.1205222,
            35.3644729
          ],
          [
            129.1245313,
            35.3624725
          ],
          [
            129.1282054,
            35.356894
          ],
          [
            129.129232,
            35.3518527
          ],
          [
            129.1324739,
            35.3457181
          ],
          [
            129.1359102,
            35.3438495
          ],
          [
            129.1427073,
            35.3401561
          ],
          [
            129.145094,
            35.3361283
          ],
          [
            129.1474231,
            35.3322009
          ],
          [
            129.1483522,
            35.3253348
          ],
          [
            129.148934,
            35.3208307
          ],
          [
            129.1495423,
            35.316296
          ],
          [
            129.153602,
            35.3145047
          ],
          [
            129.1613683,
            35.3110379
          ],
          [
            129.166361,
            35.310243
          ],
          [
            129.1759125,
            35.3088207
          ],
          [
            129.1800534,
            35.3086095
          ],
          [
            129.1847243,
            35.3096253
          ],
          [
            129.1892596,
            35.3107819
          ],
          [
            129.1947439,
            35.3123105
          ],
          [
            129.19992,
            35.3136581
          ],
          [
            129.2054413,
            35.314352
          ],
          [
            129.2126016,
            35.3153677
          ],
          [
            129.2176669,
            35.3179923
          ],
          [
            129.2228184,
            35.3206973
          ],
          [
            129.2281917,
            35.3251148
          ],
          [
            129.23376,
            35.3276708
          ],
          [
            129.2410341,
            35.3310494
          ],
          [
            129.2450038,
            35.33294
          ],
          [
            129.2518488,
            35.3352507
          ],
          [
            129.2610175,
            35.335293
          ],
          [
            129.2628948,
            35.3376702
          ],
          [
            129.2675835,
            35.339895
          ],
          [
            129.2716931,
            35.3417388
          ],
          [
            129.275227,
            35.3418829
          ],
          [
            129.2802052,
            35.3422155
          ],
          [
            129.2842822,
            35.3433182
          ],
          [
            129.289212,
            35.3419188
          ],
          [
            129.2939768,
            35.3377668
          ],
          [
            129.2969074,
            35.3377894
          ],
          [
            129.3038072,
            35.3403752
          ],
          [
            129.3072272,
            35.3406284
          ]
        ]
      },
      "properties": {
        "osm_type": "way",
        "osm_id": 382712839,
        "sido": "울산광역시",
        "power_type": "line",
        "name": "",
        "description": "신고리발전소-북경남변전소",
        "voltage": "765000",
        "cables": "6",
        "circuits": "2",
        "frequency": "60",
        "operator": "",
        "wires": ""
      }
    },
    {
      "type": "Feature",
      "geometry": {
        "type": "LineString",
        "coordinates": [
          [
            129.338597,
            35.5613765
          ],
          [
            129.3382558,
            35.5617643
          ],
          [
            129.3380753,
            35.561959
          ],
          [
            129.3378866,
            35.5621699
          ]
        ]
      },
      "properties": {
        "osm_type": "way",
        "osm_id": 466254913,
        "sido": "울산광역시",
        "power_type": "minor_line",
        "name": "",
        "description": "",
        "voltage": "",
        "cables": "",
        "circuits": "",
        "frequency": "",
        "operator": "",
        "wires": ""
      }
    },
    {
      "type": "Feature",
      "geometry": {
        "type": "LineString",
        "coordinates": [
          [
            129.3380753,
            35.561959
          ],
          [
            129.3383488,
            35.5621147
          ],
          [
            129.3384705,
            35.5621824
          ],
          [
            129.3385413,
            35.5622261
          ],
          [
            129.3385484,
            35.5622707
          ]
        ]
      },
      "properties": {
        "osm_type": "way",
        "osm_id": 466841551,
        "sido": "울산광역시",
        "power_type": "minor_line",
        "name": "",
        "description": "",
        "voltage": "",
        "cables": "",
        "circuits": "",
        "frequency": "",
        "operator": "",
        "wires": ""
      }
    },
    {
      "type": "Feature",
      "geometry": {
        "type": "LineString",
        "coordinates": [
          [
            129.3383488,
            35.5621147
          ],
          [
            129.3385754,
            35.5621695
          ]
        ]
      },
      "properties": {
        "osm_type": "way",
        "osm_id": 466841552,
        "sido": "울산광역시",
        "power_type": "minor_line",
        "name": "",
        "description": "",
        "voltage": "",
        "cables": "",
        "circuits": "",
        "frequency": "",
        "operator": "",
        "wires": ""
      }
    },
    {
      "type": "Feature",
      "geometry": {
        "type": "LineString",
        "coordinates": [
          [
            129.3385484,
            35.5622707
          ],
          [
            129.3388145,
            35.5619703
          ],
          [
            129.3392664,
            35.5615297
          ],
          [
            129.3393644,
            35.5614173
          ],
          [
            129.3396121,
            35.5611319
          ],
          [
            129.3398561,
            35.5608594
          ],
          [
            129.339884,
            35.5608216
          ],
          [
            129.3401093,
            35.5605654
          ],
          [
            129.3402332,
            35.5604323
          ]
        ]
      },
      "properties": {
        "osm_type": "way",
        "osm_id": 467355863,
        "sido": "울산광역시",
        "power_type": "minor_line",
        "name": "",
        "description": "",
        "voltage": "",
        "cables": "",
        "circuits": "",
        "frequency": "",
        "operator": "",
        "wires": ""
      }
    },
    {
      "type": "Feature",
      "geometry": {
        "type": "LineString",
        "coordinates": [
          [
            129.3385413,
            35.5622261
          ],
          [
            129.33906,
            35.5625236
          ],
          [
            129.3390682,
            35.5625682
          ]
        ]
      },
      "properties": {
        "osm_type": "way",
        "osm_id": 467355864,
        "sido": "울산광역시",
        "power_type": "minor_line",
        "name": "",
        "description": "",
        "voltage": "",
        "cables": "",
        "circuits": "",
        "frequency": "",
        "operator": "",
        "wires": ""
      }
    },
    {
      "type": "Feature",
      "geometry": {
        "type": "LineString",
        "coordinates": [
          [
            129.3394632,
            35.5621311
          ],
          [
            129.3395988,
            35.5619695
          ],
          [
            129.3397864,
            35.5617627
          ],
          [
            129.3399594,
            35.5615772
          ],
          [
            129.3401331,
            35.5613825
          ],
          [
            129.340341,
            35.5611163
          ],
          [
            129.3406054,
            35.5610285
          ]
        ]
      },
      "properties": {
        "osm_type": "way",
        "osm_id": 467355865,
        "sido": "울산광역시",
        "power_type": "minor_line",
        "name": "",
        "description": "",
        "voltage": "",
        "cables": "",
        "circuits": "",
        "frequency": "",
        "operator": "",
        "wires": ""
      }
    },
    {
      "type": "Feature",
      "geometry": {
        "type": "LineString",
        "coordinates": [
          [
            129.340341,
            35.5611163
          ],
          [
            129.3398561,
            35.5608594
          ]
        ]
      },
      "properties": {
        "osm_type": "way",
        "osm_id": 467560805,
        "sido": "울산광역시",
        "power_type": "minor_line",
        "name": "",
        "description": "",
        "voltage": "",
        "cables": "",
        "circuits": "",
        "frequency": "",
        "operator": "",
        "wires": ""
      }
    },
    {
      "type": "Feature",
      "geometry": {
        "type": "LineString",
        "coordinates": [
          [
            129.306703,
            35.4671314
          ],
          [
            129.3076093,
            35.4692146
          ],
          [
            129.3089742,
            35.4720786
          ],
          [
            129.3119907,
            35.473218
          ],
          [
            129.3154937,
            35.474226
          ],
          [
            129.3197544,
            35.4754424
          ],
          [
            129.323575,
            35.4770005
          ],
          [
            129.3260225,
            35.4773964
          ],
          [
            129.3290049,
            35.4783276
          ],
          [
            129.3311932,
            35.4792108
          ],
          [
            129.3395808,
            35.4822192
          ],
          [
            129.345839,
            35.4841913
          ]
        ]
      },
      "properties": {
        "osm_type": "way",
        "osm_id": 621990458,
        "sido": "울산광역시",
        "power_type": "line",
        "name": "",
        "description": "",
        "voltage": "345000;354000;154000;154000",
        "cables": "12",
        "circuits": "4",
        "frequency": "60",
        "operator": "",
        "wires": ""
      }
    },
    {
      "type": "Feature",
      "geometry": {
        "type": "LineString",
        "coordinates": [
          [
            129.368736,
            35.4832114
          ],
          [
            129.3665376,
            35.4841083
          ],
          [
            129.3635067,
            35.4845517
          ],
          [
            129.3603518,
            35.4852622
          ],
          [
            129.3587491,
            35.4865202
          ],
          [
            129.3576407,
            35.4877442
          ]
        ]
      },
      "properties": {
        "osm_type": "way",
        "osm_id": 621990459,
        "sido": "울산광역시",
        "power_type": "line",
        "name": "",
        "description": "",
        "voltage": "154000",
        "cables": "6",
        "circuits": "2",
        "frequency": "60",
        "operator": "",
        "wires": ""
      }
    },
    {
      "type": "Feature",
      "geometry": {
        "type": "LineString",
        "coordinates": [
          [
            129.3805316,
            35.4795631
          ],
          [
            129.3800855,
            35.4809982
          ],
          [
            129.3778083,
            35.4810965
          ],
          [
            129.3746889,
            35.4820706
          ],
          [
            129.3724251,
            35.4825882
          ],
          [
            129.3738252,
            35.4841061
          ],
          [
            129.373329,
            35.4863295
          ],
          [
            129.3736321,
            35.4872926
          ],
          [
            129.3736938,
            35.4904157
          ],
          [
            129.3741015,
            35.4934817
          ],
          [
            129.3756303,
            35.4950629
          ]
        ]
      },
      "properties": {
        "osm_type": "way",
        "osm_id": 644031012,
        "sido": "울산광역시",
        "power_type": "line",
        "name": "",
        "description": "",
        "voltage": "154000",
        "cables": "3",
        "circuits": "",
        "frequency": "60",
        "operator": "",
        "wires": ""
      }
    },
    {
      "type": "Feature",
      "geometry": {
        "type": "LineString",
        "coordinates": [
          [
            129.3404478,
            35.5033192
          ],
          [
            129.3430898,
            35.502127
          ]
        ]
      },
      "properties": {
        "osm_type": "way",
        "osm_id": 644036969,
        "sido": "울산광역시",
        "power_type": "line",
        "name": "",
        "description": "",
        "voltage": "",
        "cables": "",
        "circuits": "",
        "frequency": "",
        "operator": "",
        "wires": ""
      }
    },
    {
      "type": "Feature",
      "geometry": {
        "type": "LineString",
        "coordinates": [
          [
            129.3809601,
            35.5535173
          ],
          [
            129.3811355,
            35.5537842
          ],
          [
            129.3819205,
            35.555088
          ],
          [
            129.3820007,
            35.55552
          ]
        ]
      },
      "properties": {
        "osm_type": "way",
        "osm_id": 644406411,
        "sido": "울산광역시",
        "power_type": "line",
        "name": "",
        "description": "",
        "voltage": "154000",
        "cables": "",
        "circuits": "",
        "frequency": "60",
        "operator": "",
        "wires": ""
      }
    },
    {
      "type": "Feature",
      "geometry": {
        "type": "LineString",
        "coordinates": [
          [
            129.3730208,
            35.6180155
          ],
          [
            129.3736842,
            35.618839
          ],
          [
            129.3746006,
            35.621471
          ],
          [
            129.3749433,
            35.6244915
          ],
          [
            129.3752355,
            35.626559
          ],
          [
            129.375451,
            35.6283479
          ],
          [
            129.3756395,
            35.630649
          ],
          [
            129.3759592,
            35.6335266
          ],
          [
            129.3750781,
            35.6360541
          ],
          [
            129.3739002,
            35.6392523
          ],
          [
            129.3729855,
            35.6418372
          ],
          [
            129.372396,
            35.6434769
          ],
          [
            129.3713855,
            35.6465193
          ],
          [
            129.3694654,
            35.647991
          ],
          [
            129.3669225,
            35.6484978
          ]
        ]
      },
      "properties": {
        "osm_type": "way",
        "osm_id": 692532915,
        "sido": "울산광역시",
        "power_type": "line",
        "name": "",
        "description": "",
        "voltage": "154000",
        "cables": "",
        "circuits": "",
        "frequency": "",
        "operator": "",
        "wires": ""
      }
    },
    {
      "type": "Feature",
      "geometry": {
        "type": "LineString",
        "coordinates": [
          [
            129.3713855,
            35.6465193
          ],
          [
            129.3723217,
            35.6467431
          ],
          [
            129.3758324,
            35.6474982
          ],
          [
            129.3784655,
            35.6482744
          ],
          [
            129.3810082,
            35.6490715
          ],
          [
            129.3830217,
            35.6496903
          ],
          [
            129.3853966,
            35.6506657
          ],
          [
            129.3879005,
            35.6513999
          ],
          [
            129.3918501,
            35.650802
          ]
        ]
      },
      "properties": {
        "osm_type": "way",
        "osm_id": 692532916,
        "sido": "울산광역시",
        "power_type": "line",
        "name": "",
        "description": "",
        "voltage": "154000",
        "cables": "",
        "circuits": "",
        "frequency": "",
        "operator": "",
        "wires": ""
      }
    },
    {
      "type": "Feature",
      "geometry": {
        "type": "LineString",
        "coordinates": [
          [
            129.2932696,
            35.3257238
          ],
          [
            129.2935165,
            35.3274408
          ],
          [
            129.2938263,
            35.3294077
          ],
          [
            129.2944589,
            35.3324539
          ],
          [
            129.2955254,
            35.334498
          ],
          [
            129.2949809,
            35.3374358
          ],
          [
            129.294021,
            35.3397877
          ],
          [
            129.2910826,
            35.3416557
          ],
          [
            129.2888438,
            35.3431857
          ],
          [
            129.2858568,
            35.3451061
          ],
          [
            129.2840475,
            35.3463083
          ],
          [
            129.2823084,
            35.3474311
          ],
          [
            129.2798167,
            35.3490849
          ],
          [
            129.276904,
            35.3509423
          ],
          [
            129.2733244,
            35.3535469
          ],
          [
            129.2705871,
            35.3556904
          ],
          [
            129.2681656,
            35.3576843
          ],
          [
            129.2655726,
            35.3597546
          ],
          [
            129.2631189,
            35.3616307
          ],
          [
            129.2592861,
            35.3628846
          ],
          [
            129.2566873,
            35.3642534
          ],
          [
            129.2540227,
            35.3666406
          ],
          [
            129.2512652,
            35.368719
          ],
          [
            129.2501217,
            35.3705664
          ],
          [
            129.2494994,
            35.3722811
          ],
          [
            129.2491454,
            35.3733352
          ],
          [
            129.2516613,
            35.3752773
          ],
          [
            129.2551437,
            35.3775634
          ],
          [
            129.2557704,
            35.3785272
          ],
          [
            129.2579831,
            35.3784164
          ],
          [
            129.2577662,
            35.3809847
          ],
          [
            129.257501,
            35.3830321
          ],
          [
            129.2572349,
            35.3862073
          ],
          [
            129.256998,
            35.3888464
          ],
          [
            129.2567407,
            35.3911733
          ],
          [
            129.2566042,
            35.3934271
          ],
          [
            129.2563079,
            35.3962052
          ],
          [
            129.2561519,
            35.3984937
          ],
          [
            129.2556216,
            35.4031342
          ],
          [
            129.2553681,
            35.4053876
          ],
          [
            129.2549236,
            35.4104249
          ],
          [
            129.2555124,
            35.4137586
          ],
          [
            129.2562338,
            35.4179374
          ],
          [
            129.256807,
            35.4211563
          ],
          [
            129.2571345,
            35.4237937
          ],
          [
            129.2577038,
            35.4269298
          ],
          [
            129.258277,
            35.4305202
          ],
          [
            129.257349,
            35.4330556
          ],
          [
            129.2565847,
            35.4350285
          ],
          [
            129.2558399,
            35.4372778
          ],
          [
            129.2535589,
            35.4395176
          ],
          [
            129.2518666,
            35.4411918
          ],
          [
            129.2497258,
            35.4433043
          ],
          [
            129.2469613,
            35.4460358
          ],
          [
            129.246739,
            35.4462554
          ],
          [
            129.2444501,
            35.448533
          ],
          [
            129.2425745,
            35.4503849
          ],
          [
            129.2414774,
            35.451474
          ],
          [
            129.2402841,
            35.4526585
          ],
          [
            129.238785,
            35.4541155
          ],
          [
            129.2382061,
            35.4582998
          ],
          [
            129.2377977,
            35.4611577
          ],
          [
            129.2347269,
            35.4650104
          ],
          [
            129.2327408,
            35.4674315
          ],
          [
            129.2300533,
            35.4713649
          ],
          [
            129.2289007,
            35.4730717
          ],
          [
            129.2286655,
            35.4766567
          ],
          [
            129.22847,
            35.4797714
          ],
          [
            129.2293681,
            35.4827963
          ],
          [
            129.2301258,
            35.4853511
          ],
          [
            129.2309332,
            35.48814
          ],
          [
            129.2316137,
            35.4902358
          ],
          [
            129.2325804,
            35.4935132
          ],
          [
            129.2321243,
            35.4957613
          ],
          [
            129.2316628,
            35.4982636
          ],
          [
            129.2312604,
            35.5003998
          ],
          [
            129.2308232,
            35.5027559
          ],
          [
            129.2303914,
            35.5066936
          ],
          [
            129.2297139,
            35.5106508
          ],
          [
            129.2270288,
            35.5123457
          ],
          [
            129.2245477,
            35.5138772
          ],
          [
            129.221176,
            35.5171848
          ],
          [
            129.2194744,
            35.5188619
          ],
          [
            129.2186097,
            35.521478
          ],
          [
            129.2162508,
            35.5220234
          ],
          [
            129.2122513,
            35.5226862
          ],
          [
            129.2081139,
            35.5236299
          ],
          [
            129.2065532,
            35.5240385
          ],
          [
            129.2044055,
            35.5256146
          ],
          [
            129.202002,
            35.5274049
          ],
          [
            129.1990994,
            35.5295765
          ],
          [
            129.196701,
            35.5313626
          ],
          [
            129.1911912,
            35.5371309
          ],
          [
            129.1859869,
            35.5409762
          ],
          [
            129.1796238,
            35.545689
          ],
          [
            129.1756468,
            35.5485188
          ],
          [
            129.1743144,
            35.5482639
          ],
          [
            129.1731782,
            35.5501128
          ],
          [
            129.1707791,
            35.5522386
          ],
          [
            129.1684829,
            35.5538362
          ],
          [
            129.1673332,
            35.5553725
          ],
          [
            129.1659564,
            35.5571621
          ],
          [
            129.1644718,
            35.559146
          ]
        ]
      },
      "properties": {
        "osm_type": "way",
        "osm_id": 692533553,
        "sido": "울산광역시",
        "power_type": "line",
        "name": "",
        "description": "",
        "voltage": "345000",
        "cables": "6",
        "circuits": "2",
        "frequency": "60",
        "operator": "",
        "wires": ""
      }
    },
    {
      "type": "Feature",
      "geometry": {
        "type": "LineString",
        "coordinates": [
          [
            129.3033162,
            35.3258097
          ],
          [
            129.3056463,
            35.3311684
          ],
          [
            129.3062435,
            35.3350654
          ],
          [
            129.3085872,
            35.3388423
          ]
        ]
      },
      "properties": {
        "osm_type": "way",
        "osm_id": 754251762,
        "sido": "울산광역시",
        "power_type": "line",
        "name": "",
        "description": "",
        "voltage": "765000",
        "cables": "6",
        "circuits": "2",
        "frequency": "60",
        "operator": "",
        "wires": ""
      }
    },
    {
      "type": "Feature",
      "geometry": {
        "type": "LineString",
        "coordinates": [
          [
            129.3944831,
            35.653487
          ],
          [
            129.3967806,
            35.6543679
          ],
          [
            129.3987358,
            35.6550628
          ],
          [
            129.4036343,
            35.6568421
          ],
          [
            129.4068174,
            35.6579902
          ],
          [
            129.409822,
            35.6591382
          ],
          [
            129.4120565,
            35.6620691
          ],
          [
            129.4108036,
            35.6642017
          ],
          [
            129.4104615,
            35.6668216
          ],
          [
            129.4094503,
            35.6702667
          ],
          [
            129.4083613,
            35.6738009
          ],
          [
            129.4093971,
            35.6788596
          ],
          [
            129.4094436,
            35.6819288
          ],
          [
            129.4055262,
            35.6832894
          ],
          [
            129.4051158,
            35.6880322
          ],
          [
            129.4048583,
            35.6907073
          ],
          [
            129.4045365,
            35.6945413
          ],
          [
            129.4033134,
            35.6999695
          ],
          [
            129.4046116,
            35.7036592
          ],
          [
            129.4045097,
            35.707841
          ],
          [
            129.4024444,
            35.7093786
          ],
          [
            129.3994564,
            35.7115152
          ],
          [
            129.3951219,
            35.714649
          ],
          [
            129.3928957,
            35.7147166
          ],
          [
            129.3891621,
            35.7148124
          ],
          [
            129.3846077,
            35.7149321
          ],
          [
            129.3778458,
            35.7152457
          ],
          [
            129.3745923,
            35.7145097
          ],
          [
            129.3694371,
            35.7126455
          ],
          [
            129.367581,
            35.7141133
          ],
          [
            129.3644133,
            35.7165437
          ],
          [
            129.3643087,
            35.7185276
          ]
        ]
      },
      "properties": {
        "osm_type": "way",
        "osm_id": 884959931,
        "sido": "울산광역시",
        "power_type": "line",
        "name": "",
        "description": "",
        "voltage": "345000",
        "cables": "12",
        "circuits": "4",
        "frequency": "60",
        "operator": "",
        "wires": ""
      }
    },
    {
      "type": "Feature",
      "geometry": {
        "type": "LineString",
        "coordinates": [
          [
            129.3084812,
            35.4534164
          ],
          [
            129.3072206,
            35.456744
          ],
          [
            129.3059546,
            35.4585945
          ],
          [
            129.305858,
            35.4603859
          ],
          [
            129.3056059,
            35.4642659
          ],
          [
            129.3055737,
            35.4663937
          ],
          [
            129.3061799,
            35.467534
          ],
          [
            129.3067485,
            35.4694738
          ],
          [
            129.3072796,
            35.4720252
          ],
          [
            129.3064554,
            35.4744618
          ],
          [
            129.3064645,
            35.4762147
          ],
          [
            129.3060644,
            35.4763188
          ],
          [
            129.3042797,
            35.4767831
          ],
          [
            129.3034667,
            35.4769703
          ]
        ]
      },
      "properties": {
        "osm_type": "way",
        "osm_id": 884975223,
        "sido": "울산광역시",
        "power_type": "line",
        "name": "",
        "description": "",
        "voltage": "345000",
        "cables": "6",
        "circuits": "2",
        "frequency": "60",
        "operator": "",
        "wires": ""
      }
    },
    {
      "type": "Feature",
      "geometry": {
        "type": "LineString",
        "coordinates": [
          [
            129.3381384,
            35.4623522
          ],
          [
            129.3360436,
            35.4621359
          ],
          [
            129.3326585,
            35.4623126
          ],
          [
            129.3279862,
            35.4628109
          ],
          [
            129.3247274,
            35.46164
          ],
          [
            129.320299,
            35.4600801
          ],
          [
            129.3168578,
            35.4598856
          ],
          [
            129.3138161,
            35.4590423
          ],
          [
            129.3114048,
            35.4566282
          ],
          [
            129.3085678,
            35.4556887
          ],
          [
            129.3084812,
            35.4534164
          ]
        ]
      },
      "properties": {
        "osm_type": "way",
        "osm_id": 894528104,
        "sido": "울산광역시",
        "power_type": "line",
        "name": "",
        "description": "",
        "voltage": "154000",
        "cables": "6",
        "circuits": "2",
        "frequency": "60",
        "operator": "",
        "wires": ""
      }
    },
    {
      "type": "Feature",
      "geometry": {
        "type": "LineString",
        "coordinates": [
          [
            129.1329843,
            35.5804156
          ],
          [
            129.1348618,
            35.580095
          ],
          [
            129.1367796,
            35.579711
          ],
          [
            129.1417685,
            35.5788232
          ],
          [
            129.1439787,
            35.5799314
          ],
          [
            129.1453761,
            35.5823484
          ],
          [
            129.1483319,
            35.5838491
          ],
          [
            129.1505635,
            35.5824487
          ],
          [
            129.1520762,
            35.5814845
          ],
          [
            129.154855,
            35.580324
          ],
          [
            129.1575748,
            35.5792551
          ],
          [
            129.1599941,
            35.5797787
          ],
          [
            129.1607264,
            35.5802237
          ]
        ]
      },
      "properties": {
        "osm_type": "way",
        "osm_id": 894528106,
        "sido": "울산광역시",
        "power_type": "line",
        "name": "",
        "description": "",
        "voltage": "154000",
        "cables": "12",
        "circuits": "4",
        "frequency": "60",
        "operator": "",
        "wires": ""
      }
    },
    {
      "type": "Feature",
      "geometry": {
        "type": "LineString",
        "coordinates": [
          [
            129.3921288,
            35.6506274
          ],
          [
            129.3915842,
            35.6502264
          ],
          [
            129.394713,
            35.6477374
          ],
          [
            129.397268,
            35.64578
          ],
          [
            129.3984998,
            35.6439562
          ],
          [
            129.3993331,
            35.6395688
          ],
          [
            129.4002323,
            35.6344356
          ],
          [
            129.4010072,
            35.6309776
          ],
          [
            129.4013654,
            35.6289693
          ],
          [
            129.4014385,
            35.6273115
          ],
          [
            129.4014385,
            35.6249228
          ],
          [
            129.4014385,
            35.6216723
          ],
          [
            129.4019941,
            35.6183861
          ],
          [
            129.402345,
            35.6167638
          ],
          [
            129.4027836,
            35.614143
          ],
          [
            129.4040775,
            35.6115102
          ],
          [
            129.4054299,
            35.6087584
          ],
          [
            129.4065703,
            35.6063395
          ],
          [
            129.4059563,
            35.60121
          ],
          [
            129.4054226,
            35.5968649
          ],
          [
            129.4048597,
            35.5928703
          ],
          [
            129.4044211,
            35.5912652
          ],
          [
            129.4034232,
            35.5884474
          ],
          [
            129.4024254,
            35.5855581
          ],
          [
            129.4016578,
            35.5831712
          ],
          [
            129.3998704,
            35.5780937
          ],
          [
            129.3983243,
            35.575326
          ],
          [
            129.397352,
            35.5732866
          ],
          [
            129.3962628,
            35.5696297
          ],
          [
            129.3955171,
            35.5671441
          ],
          [
            129.3921105,
            35.5663949
          ],
          [
            129.390523,
            35.566287
          ]
        ]
      },
      "properties": {
        "osm_type": "way",
        "osm_id": 1047141004,
        "sido": "울산광역시",
        "power_type": "line",
        "name": "",
        "description": "",
        "voltage": "154000",
        "cables": "",
        "circuits": "",
        "frequency": "",
        "operator": "",
        "wires": ""
      }
    },
    {
      "type": "Feature",
      "geometry": {
        "type": "LineString",
        "coordinates": [
          [
            129.3934959,
            35.6515243
          ],
          [
            129.3944831,
            35.653487
          ]
        ]
      },
      "properties": {
        "osm_type": "way",
        "osm_id": 1047141005,
        "sido": "울산광역시",
        "power_type": "line",
        "name": "",
        "description": "",
        "voltage": "345000",
        "cables": "6",
        "circuits": "2",
        "frequency": "60",
        "operator": "",
        "wires": ""
      }
    },
    {
      "type": "Feature",
      "geometry": {
        "type": "LineString",
        "coordinates": [
          [
            129.3041685,
            35.5012552
          ],
          [
            129.3046051,
            35.5026811
          ]
        ]
      },
      "properties": {
        "osm_type": "way",
        "osm_id": 1094118621,
        "sido": "울산광역시",
        "power_type": "line",
        "name": "",
        "description": "",
        "voltage": "154000",
        "cables": "12",
        "circuits": "4",
        "frequency": "60",
        "operator": "",
        "wires": ""
      }
    },
    {
      "type": "Feature",
      "geometry": {
        "type": "LineString",
        "coordinates": [
          [
            129.2997238,
            35.494673
          ],
          [
            129.299925,
            35.4951534
          ]
        ]
      },
      "properties": {
        "osm_type": "way",
        "osm_id": 1094118622,
        "sido": "울산광역시",
        "power_type": "line",
        "name": "",
        "description": "",
        "voltage": "145000",
        "cables": "3",
        "circuits": "",
        "frequency": "60",
        "operator": "",
        "wires": ""
      }
    },
    {
      "type": "Feature",
      "geometry": {
        "type": "LineString",
        "coordinates": [
          [
            129.2996253,
            35.4947899
          ],
          [
            129.299925,
            35.4951534
          ]
        ]
      },
      "properties": {
        "osm_type": "way",
        "osm_id": 1094118623,
        "sido": "울산광역시",
        "power_type": "line",
        "name": "",
        "description": "",
        "voltage": "145000",
        "cables": "3",
        "circuits": "",
        "frequency": "60",
        "operator": "",
        "wires": ""
      }
    },
    {
      "type": "Feature",
      "geometry": {
        "type": "LineString",
        "coordinates": [
          [
            129.2995256,
            35.4949083
          ],
          [
            129.299925,
            35.4951534
          ]
        ]
      },
      "properties": {
        "osm_type": "way",
        "osm_id": 1094118624,
        "sido": "울산광역시",
        "power_type": "line",
        "name": "",
        "description": "",
        "voltage": "145000",
        "cables": "3",
        "circuits": "",
        "frequency": "60",
        "operator": "",
        "wires": ""
      }
    },
    {
      "type": "Feature",
      "geometry": {
        "type": "LineString",
        "coordinates": [
          [
            129.2994368,
            35.4950137
          ],
          [
            129.299925,
            35.4951534
          ]
        ]
      },
      "properties": {
        "osm_type": "way",
        "osm_id": 1094118625,
        "sido": "울산광역시",
        "power_type": "line",
        "name": "",
        "description": "",
        "voltage": "145000",
        "cables": "3",
        "circuits": "",
        "frequency": "60",
        "operator": "",
        "wires": ""
      }
    },
    {
      "type": "Feature",
      "geometry": {
        "type": "LineString",
        "coordinates": [
          [
            129.3007614,
            35.496039
          ],
          [
            129.3023636,
            35.4963691
          ]
        ]
      },
      "properties": {
        "osm_type": "way",
        "osm_id": 1094118626,
        "sido": "울산광역시",
        "power_type": "line",
        "name": "",
        "description": "",
        "voltage": "154000",
        "cables": "6",
        "circuits": "2",
        "frequency": "60",
        "operator": "",
        "wires": ""
      }
    },
    {
      "type": "Feature",
      "geometry": {
        "type": "LineString",
        "coordinates": [
          [
            129.2998204,
            35.4945584
          ],
          [
            129.3000406,
            35.4946464
          ]
        ]
      },
      "properties": {
        "osm_type": "way",
        "osm_id": 1094118627,
        "sido": "울산광역시",
        "power_type": "line",
        "name": "",
        "description": "",
        "voltage": "145000",
        "cables": "3",
        "circuits": "",
        "frequency": "60",
        "operator": "",
        "wires": ""
      }
    },
    {
      "type": "Feature",
      "geometry": {
        "type": "LineString",
        "coordinates": [
          [
            129.2999208,
            35.4944544
          ],
          [
            129.3000406,
            35.4946464
          ]
        ]
      },
      "properties": {
        "osm_type": "way",
        "osm_id": 1094118628,
        "sido": "울산광역시",
        "power_type": "line",
        "name": "",
        "description": "",
        "voltage": "145000",
        "cables": "3",
        "circuits": "",
        "frequency": "60",
        "operator": "",
        "wires": ""
      }
    },
    {
      "type": "Feature",
      "geometry": {
        "type": "LineString",
        "coordinates": [
          [
            129.3000137,
            35.4943582
          ],
          [
            129.3001999,
            35.4945409
          ]
        ]
      },
      "properties": {
        "osm_type": "way",
        "osm_id": 1094118629,
        "sido": "울산광역시",
        "power_type": "line",
        "name": "",
        "description": "",
        "voltage": "145000",
        "cables": "3",
        "circuits": "",
        "frequency": "60",
        "operator": "",
        "wires": ""
      }
    },
    {
      "type": "Feature",
      "geometry": {
        "type": "LineString",
        "coordinates": [
          [
            129.3001167,
            35.4942516
          ],
          [
            129.3001999,
            35.4945409
          ]
        ]
      },
      "properties": {
        "osm_type": "way",
        "osm_id": 1094118630,
        "sido": "울산광역시",
        "power_type": "line",
        "name": "",
        "description": "",
        "voltage": "145000",
        "cables": "3",
        "circuits": "",
        "frequency": "60",
        "operator": "",
        "wires": ""
      }
    },
    {
      "type": "Feature",
      "geometry": {
        "type": "LineString",
        "coordinates": [
          [
            129.300538,
            35.4944287
          ],
          [
            129.3001999,
            35.4945409
          ]
        ]
      },
      "properties": {
        "osm_type": "way",
        "osm_id": 1094118631,
        "sido": "울산광역시",
        "power_type": "line",
        "name": "",
        "description": "",
        "voltage": "145000",
        "cables": "6",
        "circuits": "2",
        "frequency": "60",
        "operator": "",
        "wires": ""
      }
    },
    {
      "type": "Feature",
      "geometry": {
        "type": "LineString",
        "coordinates": [
          [
            129.256779,
            35.3786737
          ],
          [
            129.2561701,
            35.3788005
          ],
          [
            129.2553198,
            35.3824067
          ],
          [
            129.2543757,
            35.3860717
          ],
          [
            129.2534697,
            35.3901814
          ],
          [
            129.2532572,
            35.393542
          ],
          [
            129.253228,
            35.3970524
          ],
          [
            129.2517145,
            35.4041281
          ],
          [
            129.2510841,
            35.4089632
          ],
          [
            129.2503953,
            35.4142842
          ],
          [
            129.2501545,
            35.4159118
          ],
          [
            129.2499466,
            35.4177896
          ],
          [
            129.2495593,
            35.4212025
          ],
          [
            129.2490756,
            35.4251171
          ],
          [
            129.2486733,
            35.4279803
          ],
          [
            129.2496443,
            35.4322639
          ],
          [
            129.2508191,
            35.4375788
          ],
          [
            129.2511624,
            35.4391434
          ],
          [
            129.2516935,
            35.4414904
          ],
          [
            129.2527235,
            35.4461448
          ],
          [
            129.2532706,
            35.4483604
          ],
          [
            129.2538661,
            35.4512577
          ],
          [
            129.254542,
            35.4540107
          ],
          [
            129.2553091,
            35.4573841
          ],
          [
            129.2565912,
            35.4628983
          ],
          [
            129.2581469,
            35.4697316
          ],
          [
            129.2585331,
            35.4715272
          ],
          [
            129.2622614,
            35.4730388
          ],
          [
            129.2672503,
            35.4747076
          ],
          [
            129.2692727,
            35.4752711
          ],
          [
            129.2759407,
            35.4771147
          ],
          [
            129.2795294,
            35.4778879
          ],
          [
            129.2812568,
            35.4791853
          ],
          [
            129.2854249,
            35.4821077
          ],
          [
            129.2883568,
            35.4842698
          ],
          [
            129.2912883,
            35.4863142
          ],
          [
            129.2948234,
            35.4888694
          ],
          [
            129.2981869,
            35.4912586
          ],
          [
            129.3013975,
            35.4935549
          ],
          [
            129.300538,
            35.4944287
          ]
        ]
      },
      "properties": {
        "osm_type": "way",
        "osm_id": 1094118632,
        "sido": "울산광역시",
        "power_type": "line",
        "name": "",
        "description": "",
        "voltage": "145000",
        "cables": "6",
        "circuits": "2",
        "frequency": "60",
        "operator": "",
        "wires": ""
      }
    },
    {
      "type": "Feature",
      "geometry": {
        "type": "LineString",
        "coordinates": [
          [
            129.3049621,
            35.3392678
          ],
          [
            129.304816,
            35.3393422
          ]
        ]
      },
      "properties": {
        "osm_type": "way",
        "osm_id": 1094118633,
        "sido": "울산광역시",
        "power_type": "line",
        "name": "",
        "description": "",
        "voltage": "345000",
        "cables": "3",
        "circuits": "",
        "frequency": "60",
        "operator": "",
        "wires": ""
      }
    },
    {
      "type": "Feature",
      "geometry": {
        "type": "LineString",
        "coordinates": [
          [
            129.3052022,
            35.339887
          ],
          [
            129.304816,
            35.3393422
          ]
        ]
      },
      "properties": {
        "osm_type": "way",
        "osm_id": 1094118634,
        "sido": "울산광역시",
        "power_type": "line",
        "name": "",
        "description": "",
        "voltage": "345000",
        "cables": "3",
        "circuits": "",
        "frequency": "60",
        "operator": "",
        "wires": ""
      }
    },
    {
      "type": "Feature",
      "geometry": {
        "type": "LineString",
        "coordinates": [
          [
            129.3049983,
            35.3399461
          ],
          [
            129.3045384,
            35.339689
          ]
        ]
      },
      "properties": {
        "osm_type": "way",
        "osm_id": 1094118635,
        "sido": "울산광역시",
        "power_type": "line",
        "name": "",
        "description": "",
        "voltage": "345000",
        "cables": "3",
        "circuits": "",
        "frequency": "60",
        "operator": "",
        "wires": ""
      }
    },
    {
      "type": "Feature",
      "geometry": {
        "type": "LineString",
        "coordinates": [
          [
            129.3047892,
            35.3399822
          ],
          [
            129.3045384,
            35.339689
          ]
        ]
      },
      "properties": {
        "osm_type": "way",
        "osm_id": 1094118636,
        "sido": "울산광역시",
        "power_type": "line",
        "name": "",
        "description": "",
        "voltage": "345000",
        "cables": "3",
        "circuits": "",
        "frequency": "60",
        "operator": "",
        "wires": ""
      }
    },
    {
      "type": "Feature",
      "geometry": {
        "type": "LineString",
        "coordinates": [
          [
            129.2938364,
            35.3257656
          ],
          [
            129.2939941,
            35.3274133
          ],
          [
            129.2943128,
            35.3293426
          ],
          [
            129.2952462,
            35.3328932
          ],
          [
            129.2962014,
            35.3345476
          ],
          [
            129.297747,
            35.3371399
          ],
          [
            129.3012661,
            35.338479
          ],
          [
            129.3045384,
            35.339689
          ]
        ]
      },
      "properties": {
        "osm_type": "way",
        "osm_id": 1094118637,
        "sido": "울산광역시",
        "power_type": "line",
        "name": "",
        "description": "",
        "voltage": "345000",
        "cables": "6",
        "circuits": "2",
        "frequency": "60",
        "operator": "",
        "wires": ""
      }
    },
    {
      "type": "Feature",
      "geometry": {
        "type": "LineString",
        "coordinates": [
          [
            129.3085731,
            35.3403923
          ],
          [
            129.3072272,
            35.3406284
          ]
        ]
      },
      "properties": {
        "osm_type": "way",
        "osm_id": 1094118638,
        "sido": "울산광역시",
        "power_type": "line",
        "name": "",
        "description": "",
        "voltage": "765000",
        "cables": "3",
        "circuits": "1",
        "frequency": "60",
        "operator": "",
        "wires": ""
      }
    },
    {
      "type": "Feature",
      "geometry": {
        "type": "LineString",
        "coordinates": [
          [
            129.3084137,
            35.340039
          ],
          [
            129.3072272,
            35.3406284
          ]
        ]
      },
      "properties": {
        "osm_type": "way",
        "osm_id": 1094118639,
        "sido": "울산광역시",
        "power_type": "line",
        "name": "",
        "description": "",
        "voltage": "765000",
        "cables": "3",
        "circuits": "1",
        "frequency": "60",
        "operator": "",
        "wires": ""
      }
    },
    {
      "type": "Feature",
      "geometry": {
        "type": "LineString",
        "coordinates": [
          [
            129.3080454,
            35.3394549
          ],
          [
            129.3078455,
            35.3390917
          ]
        ]
      },
      "properties": {
        "osm_type": "way",
        "osm_id": 1094118640,
        "sido": "울산광역시",
        "power_type": "line",
        "name": "",
        "description": "",
        "voltage": "154000",
        "cables": "3",
        "circuits": "",
        "frequency": "60",
        "operator": "",
        "wires": ""
      }
    },
    {
      "type": "Feature",
      "geometry": {
        "type": "LineString",
        "coordinates": [
          [
            129.307918,
            35.3394921
          ],
          [
            129.3078455,
            35.3390917
          ]
        ]
      },
      "properties": {
        "osm_type": "way",
        "osm_id": 1094118641,
        "sido": "울산광역시",
        "power_type": "line",
        "name": "",
        "description": "",
        "voltage": "154000",
        "cables": "3",
        "circuits": "",
        "frequency": "60",
        "operator": "",
        "wires": ""
      }
    },
    {
      "type": "Feature",
      "geometry": {
        "type": "LineString",
        "coordinates": [
          [
            129.3085872,
            35.3388423
          ],
          [
            129.3085675,
            35.3394547
          ]
        ]
      },
      "properties": {
        "osm_type": "way",
        "osm_id": 1094118642,
        "sido": "울산광역시",
        "power_type": "line",
        "name": "",
        "description": "",
        "voltage": "765000",
        "cables": "3",
        "circuits": "",
        "frequency": "60",
        "operator": "",
        "wires": ""
      }
    },
    {
      "type": "Feature",
      "geometry": {
        "type": "LineString",
        "coordinates": [
          [
            129.3090093,
            35.3393481
          ],
          [
            129.3085872,
            35.3388423
          ]
        ]
      },
      "properties": {
        "osm_type": "way",
        "osm_id": 1094118643,
        "sido": "울산광역시",
        "power_type": "line",
        "name": "",
        "description": "",
        "voltage": "765000",
        "cables": "3",
        "circuits": "",
        "frequency": "60",
        "operator": "",
        "wires": ""
      }
    },
    {
      "type": "Feature",
      "geometry": {
        "type": "LineString",
        "coordinates": [
          [
            129.304816,
            35.3393422
          ],
          [
            129.3015799,
            35.3381289
          ],
          [
            129.2980225,
            35.3367882
          ],
          [
            129.2964356,
            35.334035
          ],
          [
            129.2955116,
            35.3310014
          ],
          [
            129.2945429,
            35.3282893
          ],
          [
            129.2945464,
            35.3263574
          ],
          [
            129.2943487,
            35.3244986
          ]
        ]
      },
      "properties": {
        "osm_type": "way",
        "osm_id": 1094118673,
        "sido": "울산광역시",
        "power_type": "line",
        "name": "",
        "description": "",
        "voltage": "345000",
        "cables": "6",
        "circuits": "2",
        "frequency": "60",
        "operator": "",
        "wires": ""
      }
    },
    {
      "type": "Feature",
      "geometry": {
        "type": "LineString",
        "coordinates": [
          [
            129.393113,
            35.6512276
          ],
          [
            129.3934959,
            35.6515243
          ]
        ]
      },
      "properties": {
        "osm_type": "way",
        "osm_id": 1098279229,
        "sido": "울산광역시",
        "power_type": "line",
        "name": "",
        "description": "",
        "voltage": "345000",
        "cables": "3",
        "circuits": "",
        "frequency": "60",
        "operator": "",
        "wires": ""
      }
    },
    {
      "type": "Feature",
      "geometry": {
        "type": "LineString",
        "coordinates": [
          [
            129.3929574,
            35.6513649
          ],
          [
            129.3934959,
            35.6515243
          ]
        ]
      },
      "properties": {
        "osm_type": "way",
        "osm_id": 1098279230,
        "sido": "울산광역시",
        "power_type": "line",
        "name": "",
        "description": "",
        "voltage": "345000",
        "cables": "3",
        "circuits": "",
        "frequency": "60",
        "operator": "",
        "wires": ""
      }
    },
    {
      "type": "Feature",
      "geometry": {
        "type": "LineString",
        "coordinates": [
          [
            129.3928407,
            35.6514903
          ],
          [
            129.3932287,
            35.6517914
          ]
        ]
      },
      "properties": {
        "osm_type": "way",
        "osm_id": 1098279231,
        "sido": "울산광역시",
        "power_type": "line",
        "name": "",
        "description": "",
        "voltage": "345000",
        "cables": "3",
        "circuits": "",
        "frequency": "60",
        "operator": "",
        "wires": ""
      }
    },
    {
      "type": "Feature",
      "geometry": {
        "type": "LineString",
        "coordinates": [
          [
            129.3927053,
            35.6516363
          ],
          [
            129.3932287,
            35.6517914
          ]
        ]
      },
      "properties": {
        "osm_type": "way",
        "osm_id": 1098279232,
        "sido": "울산광역시",
        "power_type": "line",
        "name": "",
        "description": "",
        "voltage": "345000",
        "cables": "3",
        "circuits": "",
        "frequency": "60",
        "operator": "",
        "wires": ""
      }
    },
    {
      "type": "Feature",
      "geometry": {
        "type": "LineString",
        "coordinates": [
          [
            129.3932287,
            35.6517914
          ],
          [
            129.3944831,
            35.653487
          ]
        ]
      },
      "properties": {
        "osm_type": "way",
        "osm_id": 1098279233,
        "sido": "울산광역시",
        "power_type": "line",
        "name": "",
        "description": "",
        "voltage": "345000",
        "cables": "6",
        "circuits": "2",
        "frequency": "60",
        "operator": "",
        "wires": ""
      }
    },
    {
      "type": "Feature",
      "geometry": {
        "type": "LineString",
        "coordinates": [
          [
            129.2323454,
            35.6799752
          ],
          [
            129.2343573,
            35.6813867
          ],
          [
            129.2380107,
            35.6839926
          ],
          [
            129.2398821,
            35.6850912
          ],
          [
            129.2427435,
            35.6868093
          ],
          [
            129.2473485,
            35.6884379
          ],
          [
            129.2510402,
            35.6932601
          ],
          [
            129.2529755,
            35.6964089
          ],
          [
            129.2556708,
            35.7008351
          ],
          [
            129.2579318,
            35.7045396
          ],
          [
            129.2600651,
            35.7068517
          ],
          [
            129.2642843,
            35.7100908
          ],
          [
            129.2651528,
            35.7142736
          ],
          [
            129.2677826,
            35.7156024
          ],
          [
            129.2723135,
            35.7153487
          ],
          [
            129.2774984,
            35.7150729
          ]
        ]
      },
      "properties": {
        "osm_type": "way",
        "osm_id": 1098279238,
        "sido": "울산광역시",
        "power_type": "line",
        "name": "",
        "description": "",
        "voltage": "345000;354000;154000;154000",
        "cables": "12",
        "circuits": "4",
        "frequency": "60",
        "operator": "",
        "wires": ""
      }
    },
    {
      "type": "Feature",
      "geometry": {
        "type": "LineString",
        "coordinates": [
          [
            129.2121462,
            35.679148
          ],
          [
            129.2121646,
            35.6813742
          ],
          [
            129.2146853,
            35.6828749
          ],
          [
            129.2185112,
            35.6817507
          ],
          [
            129.2219027,
            35.6807799
          ],
          [
            129.2250004,
            35.6798602
          ],
          [
            129.2286537,
            35.6791512
          ],
          [
            129.2323454,
            35.6799752
          ]
        ]
      },
      "properties": {
        "osm_type": "way",
        "osm_id": 1098279239,
        "sido": "울산광역시",
        "power_type": "line",
        "name": "",
        "description": "",
        "voltage": "345000",
        "cables": "6",
        "circuits": "2",
        "frequency": "60",
        "operator": "",
        "wires": ""
      }
    },
    {
      "type": "Feature",
      "geometry": {
        "type": "LineString",
        "coordinates": [
          [
            129.2228948,
            35.676258
          ],
          [
            129.2246917,
            35.6770234
          ],
          [
            129.2274705,
            35.6781281
          ],
          [
            129.2303029,
            35.6792131
          ],
          [
            129.2323454,
            35.6799752
          ]
        ]
      },
      "properties": {
        "osm_type": "way",
        "osm_id": 1098279240,
        "sido": "울산광역시",
        "power_type": "line",
        "name": "",
        "description": "",
        "voltage": "154000",
        "cables": "6",
        "circuits": "2",
        "frequency": "60",
        "operator": "",
        "wires": ""
      }
    },
    {
      "type": "Feature",
      "geometry": {
        "type": "LineString",
        "coordinates": [
          [
            129.2136395,
            35.6773689
          ],
          [
            129.2166123,
            35.6761567
          ],
          [
            129.2208619,
            35.6758295
          ],
          [
            129.2228948,
            35.676258
          ]
        ]
      },
      "properties": {
        "osm_type": "way",
        "osm_id": 1098279241,
        "sido": "울산광역시",
        "power_type": "line",
        "name": "",
        "description": "",
        "voltage": "154000",
        "cables": "12",
        "circuits": "4",
        "frequency": "60",
        "operator": "",
        "wires": ""
      }
    },
    {
      "type": "Feature",
      "geometry": {
        "type": "LineString",
        "coordinates": [
          [
            129.1329011,
            35.5802651
          ],
          [
            129.1329843,
            35.5804156
          ]
        ]
      },
      "properties": {
        "osm_type": "way",
        "osm_id": 1098279243,
        "sido": "울산광역시",
        "power_type": "line",
        "name": "",
        "description": "",
        "voltage": "154000",
        "cables": "6",
        "circuits": "2",
        "frequency": "60",
        "operator": "",
        "wires": ""
      }
    },
    {
      "type": "Feature",
      "geometry": {
        "type": "LineString",
        "coordinates": [
          [
            129.3280426,
            35.4354393
          ],
          [
            129.3253148,
            35.4358064
          ],
          [
            129.3239093,
            35.4366937
          ],
          [
            129.3212002,
            35.4389446
          ],
          [
            129.3192691,
            35.4415822
          ],
          [
            129.3167277,
            35.4446797
          ],
          [
            129.3150097,
            35.445699
          ],
          [
            129.311091,
            35.4485593
          ],
          [
            129.3086421,
            35.4504777
          ],
          [
            129.3084812,
            35.4534164
          ]
        ]
      },
      "properties": {
        "osm_type": "way",
        "osm_id": 1099331096,
        "sido": "울산광역시",
        "power_type": "line",
        "name": "",
        "description": "",
        "voltage": "345000;354000;154000;154000",
        "cables": "12",
        "circuits": "4",
        "frequency": "60",
        "operator": "",
        "wires": ""
      }
    },
    {
      "type": "Feature",
      "geometry": {
        "type": "LineString",
        "coordinates": [
          [
            129.3059949,
            35.4662575
          ],
          [
            129.306703,
            35.4671314
          ]
        ]
      },
      "properties": {
        "osm_type": "way",
        "osm_id": 1099331097,
        "sido": "울산광역시",
        "power_type": "line",
        "name": "",
        "description": "",
        "voltage": "154000",
        "cables": "6",
        "circuits": "2",
        "frequency": "60",
        "operator": "",
        "wires": ""
      }
    },
    {
      "type": "Feature",
      "geometry": {
        "type": "LineString",
        "coordinates": [
          [
            129.3281874,
            35.4357391
          ],
          [
            129.3246433,
            35.4371313
          ],
          [
            129.3214164,
            35.4393537
          ],
          [
            129.3197851,
            35.4416473
          ],
          [
            129.3186969,
            35.4427191
          ],
          [
            129.3174077,
            35.4447926
          ],
          [
            129.3153848,
            35.445981
          ],
          [
            129.3132914,
            35.4482608
          ],
          [
            129.3105216,
            35.450677
          ],
          [
            129.3089305,
            35.4537674
          ],
          [
            129.3071464,
            35.4580593
          ],
          [
            129.3064852,
            35.4608138
          ],
          [
            129.3060356,
            35.4643801
          ],
          [
            129.3059949,
            35.4662575
          ]
        ]
      },
      "properties": {
        "osm_type": "way",
        "osm_id": 1099331098,
        "sido": "울산광역시",
        "power_type": "line",
        "name": "",
        "description": "",
        "voltage": "345000;354000;154000;154000",
        "cables": "12",
        "circuits": "4",
        "frequency": "60",
        "operator": "",
        "wires": ""
      }
    },
    {
      "type": "Feature",
      "geometry": {
        "type": "LineString",
        "coordinates": [
          [
            129.3487304,
            35.4862618
          ],
          [
            129.345839,
            35.4841913
          ]
        ]
      },
      "properties": {
        "osm_type": "way",
        "osm_id": 1099331099,
        "sido": "울산광역시",
        "power_type": "line",
        "name": "",
        "description": "",
        "voltage": "154000",
        "cables": "6",
        "circuits": "2",
        "frequency": "60",
        "operator": "",
        "wires": ""
      }
    },
    {
      "type": "Feature",
      "geometry": {
        "type": "LineString",
        "coordinates": [
          [
            129.3564096,
            35.4879697
          ],
          [
            129.3565449,
            35.4871855
          ]
        ]
      },
      "properties": {
        "osm_type": "way",
        "osm_id": 1099331100,
        "sido": "울산광역시",
        "power_type": "line",
        "name": "",
        "description": "",
        "voltage": "345000",
        "cables": "3",
        "circuits": "",
        "frequency": "60",
        "operator": "",
        "wires": ""
      }
    },
    {
      "type": "Feature",
      "geometry": {
        "type": "LineString",
        "coordinates": [
          [
            129.3562406,
            35.4878605
          ],
          [
            129.3565449,
            35.4871855
          ]
        ]
      },
      "properties": {
        "osm_type": "way",
        "osm_id": 1099331101,
        "sido": "울산광역시",
        "power_type": "line",
        "name": "",
        "description": "",
        "voltage": "345000",
        "cables": "3",
        "circuits": "",
        "frequency": "60",
        "operator": "",
        "wires": ""
      }
    },
    {
      "type": "Feature",
      "geometry": {
        "type": "LineString",
        "coordinates": [
          [
            129.3565576,
            35.4880653
          ],
          [
            129.3570089,
            35.4871484
          ]
        ]
      },
      "properties": {
        "osm_type": "way",
        "osm_id": 1099331102,
        "sido": "울산광역시",
        "power_type": "line",
        "name": "",
        "description": "",
        "voltage": "345000",
        "cables": "3",
        "circuits": "",
        "frequency": "60",
        "operator": "",
        "wires": ""
      }
    },
    {
      "type": "Feature",
      "geometry": {
        "type": "LineString",
        "coordinates": [
          [
            129.3567049,
            35.4881605
          ],
          [
            129.3570089,
            35.4871484
          ]
        ]
      },
      "properties": {
        "osm_type": "way",
        "osm_id": 1099331103,
        "sido": "울산광역시",
        "power_type": "line",
        "name": "",
        "description": "",
        "voltage": "345000",
        "cables": "3",
        "circuits": "",
        "frequency": "60",
        "operator": "",
        "wires": ""
      }
    },
    {
      "type": "Feature",
      "geometry": {
        "type": "LineString",
        "coordinates": [
          [
            129.3551785,
            35.487048
          ],
          [
            129.3555942,
            35.4873254
          ]
        ]
      },
      "properties": {
        "osm_type": "way",
        "osm_id": 1099331104,
        "sido": "울산광역시",
        "power_type": "line",
        "name": "",
        "description": "",
        "voltage": "154000",
        "cables": "6",
        "circuits": "2",
        "frequency": "60",
        "operator": "",
        "wires": ""
      }
    },
    {
      "type": "Feature",
      "geometry": {
        "type": "LineString",
        "coordinates": [
          [
            129.3482523,
            35.4854382
          ],
          [
            129.3493989,
            35.4862394
          ],
          [
            129.3523675,
            35.4868689
          ],
          [
            129.3539849,
            35.4871332
          ],
          [
            129.3551785,
            35.487048
          ]
        ]
      },
      "properties": {
        "osm_type": "way",
        "osm_id": 1099331105,
        "sido": "울산광역시",
        "power_type": "line",
        "name": "",
        "description": "",
        "voltage": "345000;354000;154000;154000",
        "cables": "12",
        "circuits": "4",
        "frequency": "60",
        "operator": "",
        "wires": ""
      }
    },
    {
      "type": "Feature",
      "geometry": {
        "type": "LineString",
        "coordinates": [
          [
            129.3059949,
            35.4662575
          ],
          [
            129.3092001,
            35.466208
          ],
          [
            129.3152081,
            35.4660155
          ],
          [
            129.3183962,
            35.4665555
          ],
          [
            129.3213666,
            35.4671348
          ],
          [
            129.324484,
            35.4684858
          ],
          [
            129.3272174,
            35.4696203
          ],
          [
            129.3304818,
            35.4716214
          ],
          [
            129.3341646,
            35.474255
          ],
          [
            129.3377041,
            35.4767874
          ],
          [
            129.340446,
            35.4786662
          ],
          [
            129.3425047,
            35.4801754
          ],
          [
            129.3474677,
            35.4825559
          ],
          [
            129.3489796,
            35.4850437
          ],
          [
            129.3502436,
            35.4861411
          ],
          [
            129.3529882,
            35.4866467
          ],
          [
            129.355066,
            35.4867945
          ],
          [
            129.3565449,
            35.4871855
          ]
        ]
      },
      "properties": {
        "osm_type": "way",
        "osm_id": 1099331106,
        "sido": "울산광역시",
        "power_type": "line",
        "name": "",
        "description": "",
        "voltage": "345000",
        "cables": "6",
        "circuits": "2",
        "frequency": "60",
        "operator": "",
        "wires": ""
      }
    },
    {
      "type": "Feature",
      "geometry": {
        "type": "LineString",
        "coordinates": [
          [
            129.3424889,
            35.4321634
          ],
          [
            129.3432963,
            35.4325152
          ],
          [
            129.3434639,
            35.4326627
          ]
        ]
      },
      "properties": {
        "osm_type": "way",
        "osm_id": 1099331107,
        "sido": "울산광역시",
        "power_type": "line",
        "name": "",
        "description": "",
        "voltage": "154000",
        "cables": "3",
        "circuits": "",
        "frequency": "60",
        "operator": "",
        "wires": ""
      }
    },
    {
      "type": "Feature",
      "geometry": {
        "type": "LineString",
        "coordinates": [
          [
            129.3424889,
            35.4321634
          ],
          [
            129.3424594,
            35.4325983
          ],
          [
            129.3416239,
            35.4326769
          ]
        ]
      },
      "properties": {
        "osm_type": "way",
        "osm_id": 1099331108,
        "sido": "울산광역시",
        "power_type": "line",
        "name": "",
        "description": "",
        "voltage": "154000",
        "cables": "3",
        "circuits": "",
        "frequency": "60",
        "operator": "",
        "wires": ""
      }
    },
    {
      "type": "Feature",
      "geometry": {
        "type": "LineString",
        "coordinates": [
          [
            129.327962,
            35.4365108
          ],
          [
            129.3282062,
            35.4373821
          ],
          [
            129.3296304,
            35.4383065
          ],
          [
            129.33198,
            35.438112
          ],
          [
            129.3338683,
            35.4381142
          ],
          [
            129.3359417,
            35.4381098
          ],
          [
            129.3369448,
            35.4380901
          ],
          [
            129.3383449,
            35.4368401
          ],
          [
            129.3383932,
            35.4343772
          ],
          [
            129.3384013,
            35.4321852
          ],
          [
            129.3407401,
            35.4321612
          ],
          [
            129.3424889,
            35.4321634
          ]
        ]
      },
      "properties": {
        "osm_type": "way",
        "osm_id": 1099331109,
        "sido": "울산광역시",
        "power_type": "line",
        "name": "",
        "description": "",
        "voltage": "154000",
        "cables": "6",
        "circuits": "2",
        "frequency": "60",
        "operator": "",
        "wires": ""
      }
    },
    {
      "type": "Feature",
      "geometry": {
        "type": "LineString",
        "coordinates": [
          [
            129.3282746,
            35.4350798
          ],
          [
            129.3286273,
            35.4345575
          ],
          [
            129.3286836,
            35.4344144
          ]
        ]
      },
      "properties": {
        "osm_type": "way",
        "osm_id": 1099331110,
        "sido": "울산광역시",
        "power_type": "line",
        "name": "",
        "description": "",
        "voltage": "154000",
        "cables": "3",
        "circuits": "",
        "frequency": "60",
        "operator": "",
        "wires": ""
      }
    },
    {
      "type": "Feature",
      "geometry": {
        "type": "LineString",
        "coordinates": [
          [
            129.3282746,
            35.4350798
          ],
          [
            129.3269777,
            35.4335096
          ],
          [
            129.3265727,
            35.432371
          ],
          [
            129.3268973,
            35.4302882
          ]
        ]
      },
      "properties": {
        "osm_type": "way",
        "osm_id": 1099331111,
        "sido": "울산광역시",
        "power_type": "line",
        "name": "",
        "description": "",
        "voltage": "154000",
        "cables": "3",
        "circuits": "",
        "frequency": "60",
        "operator": "",
        "wires": ""
      }
    },
    {
      "type": "Feature",
      "geometry": {
        "type": "LineString",
        "coordinates": [
          [
            129.3286526,
            35.4357988
          ],
          [
            129.327962,
            35.4365108
          ]
        ]
      },
      "properties": {
        "osm_type": "way",
        "osm_id": 1099331112,
        "sido": "울산광역시",
        "power_type": "line",
        "name": "",
        "description": "",
        "voltage": "154000",
        "cables": "3",
        "circuits": "",
        "frequency": "60",
        "operator": "",
        "wires": ""
      }
    },
    {
      "type": "Feature",
      "geometry": {
        "type": "LineString",
        "coordinates": [
          [
            129.327962,
            35.4365108
          ],
          [
            129.3286595,
            35.4359071
          ]
        ]
      },
      "properties": {
        "osm_type": "way",
        "osm_id": 1099331113,
        "sido": "울산광역시",
        "power_type": "line",
        "name": "",
        "description": "",
        "voltage": "154000",
        "cables": "3",
        "circuits": "",
        "frequency": "60",
        "operator": "",
        "wires": ""
      }
    },
    {
      "type": "Feature",
      "geometry": {
        "type": "LineString",
        "coordinates": [
          [
            129.3286078,
            35.4350958
          ],
          [
            129.3282746,
            35.4350798
          ]
        ]
      },
      "properties": {
        "osm_type": "way",
        "osm_id": 1099331114,
        "sido": "울산광역시",
        "power_type": "line",
        "name": "",
        "description": "",
        "voltage": "154000",
        "cables": "3",
        "circuits": "",
        "frequency": "60",
        "operator": "",
        "wires": ""
      }
    },
    {
      "type": "Feature",
      "geometry": {
        "type": "LineString",
        "coordinates": [
          [
            129.3282746,
            35.4350798
          ],
          [
            129.3286156,
            35.4352179
          ]
        ]
      },
      "properties": {
        "osm_type": "way",
        "osm_id": 1099331115,
        "sido": "울산광역시",
        "power_type": "line",
        "name": "",
        "description": "",
        "voltage": "154000",
        "cables": "3",
        "circuits": "",
        "frequency": "60",
        "operator": "",
        "wires": ""
      }
    },
    {
      "type": "Feature",
      "geometry": {
        "type": "LineString",
        "coordinates": [
          [
            129.3280426,
            35.4354393
          ],
          [
            129.3286224,
            35.4353245
          ]
        ]
      },
      "properties": {
        "osm_type": "way",
        "osm_id": 1099331116,
        "sido": "울산광역시",
        "power_type": "line",
        "name": "",
        "description": "",
        "voltage": "154000",
        "cables": "3",
        "circuits": "",
        "frequency": "60",
        "operator": "",
        "wires": ""
      }
    },
    {
      "type": "Feature",
      "geometry": {
        "type": "LineString",
        "coordinates": [
          [
            129.3280426,
            35.4354393
          ],
          [
            129.328631,
            35.4354595
          ]
        ]
      },
      "properties": {
        "osm_type": "way",
        "osm_id": 1099331117,
        "sido": "울산광역시",
        "power_type": "line",
        "name": "",
        "description": "",
        "voltage": "154000",
        "cables": "3",
        "circuits": "",
        "frequency": "60",
        "operator": "",
        "wires": ""
      }
    },
    {
      "type": "Feature",
      "geometry": {
        "type": "LineString",
        "coordinates": [
          [
            129.3281874,
            35.4357391
          ],
          [
            129.3286371,
            35.4355561
          ]
        ]
      },
      "properties": {
        "osm_type": "way",
        "osm_id": 1099331118,
        "sido": "울산광역시",
        "power_type": "line",
        "name": "",
        "description": "",
        "voltage": "154000",
        "cables": "3",
        "circuits": "",
        "frequency": "60",
        "operator": "",
        "wires": ""
      }
    },
    {
      "type": "Feature",
      "geometry": {
        "type": "LineString",
        "coordinates": [
          [
            129.3281874,
            35.4357391
          ],
          [
            129.3286452,
            35.435683
          ]
        ]
      },
      "properties": {
        "osm_type": "way",
        "osm_id": 1099331119,
        "sido": "울산광역시",
        "power_type": "line",
        "name": "",
        "description": "",
        "voltage": "154000",
        "cables": "3",
        "circuits": "",
        "frequency": "60",
        "operator": "",
        "wires": ""
      }
    },
    {
      "type": "Feature",
      "geometry": {
        "type": "LineString",
        "coordinates": [
          [
            129.3281874,
            35.4357391
          ],
          [
            129.3288553,
            35.4357868
          ]
        ]
      },
      "properties": {
        "osm_type": "way",
        "osm_id": 1099331120,
        "sido": "울산광역시",
        "power_type": "line",
        "name": "",
        "description": "",
        "voltage": "345000",
        "cables": "3",
        "circuits": "",
        "frequency": "60",
        "operator": "",
        "wires": ""
      }
    },
    {
      "type": "Feature",
      "geometry": {
        "type": "LineString",
        "coordinates": [
          [
            129.3280426,
            35.4354393
          ],
          [
            129.3288365,
            35.4356251
          ]
        ]
      },
      "properties": {
        "osm_type": "way",
        "osm_id": 1099331121,
        "sido": "울산광역시",
        "power_type": "line",
        "name": "",
        "description": "",
        "voltage": "345000",
        "cables": "3",
        "circuits": "",
        "frequency": "60",
        "operator": "",
        "wires": ""
      }
    },
    {
      "type": "Feature",
      "geometry": {
        "type": "LineString",
        "coordinates": [
          [
            129.3288338,
            35.4354568
          ],
          [
            129.3280426,
            35.4354393
          ]
        ]
      },
      "properties": {
        "osm_type": "way",
        "osm_id": 1099331122,
        "sido": "울산광역시",
        "power_type": "line",
        "name": "",
        "description": "",
        "voltage": "345000",
        "cables": "3",
        "circuits": "",
        "frequency": "60",
        "operator": "",
        "wires": ""
      }
    },
    {
      "type": "Feature",
      "geometry": {
        "type": "LineString",
        "coordinates": [
          [
            129.3288578,
            35.436011
          ],
          [
            129.3281874,
            35.4357391
          ]
        ]
      },
      "properties": {
        "osm_type": "way",
        "osm_id": 1099331123,
        "sido": "울산광역시",
        "power_type": "line",
        "name": "",
        "description": "",
        "voltage": "345000",
        "cables": "3",
        "circuits": "",
        "frequency": "60",
        "operator": "",
        "wires": ""
      }
    },
    {
      "type": "Feature",
      "geometry": {
        "type": "LineString",
        "coordinates": [
          [
            129.3546085,
            35.4874815
          ],
          [
            129.3543229,
            35.4875285
          ]
        ]
      },
      "properties": {
        "osm_type": "way",
        "osm_id": 1099331124,
        "sido": "울산광역시",
        "power_type": "line",
        "name": "",
        "description": "",
        "voltage": "154000",
        "cables": "3",
        "circuits": "",
        "frequency": "60",
        "operator": "",
        "wires": ""
      }
    },
    {
      "type": "Feature",
      "geometry": {
        "type": "LineString",
        "coordinates": [
          [
            129.3544871,
            35.487401
          ],
          [
            129.3543229,
            35.4875285
          ]
        ]
      },
      "properties": {
        "osm_type": "way",
        "osm_id": 1099331125,
        "sido": "울산광역시",
        "power_type": "line",
        "name": "",
        "description": "",
        "voltage": "154000",
        "cables": "3",
        "circuits": "",
        "frequency": "60",
        "operator": "",
        "wires": ""
      }
    },
    {
      "type": "Feature",
      "geometry": {
        "type": "LineString",
        "coordinates": [
          [
            129.3543765,
            35.4873276
          ],
          [
            129.3543229,
            35.4875285
          ]
        ]
      },
      "properties": {
        "osm_type": "way",
        "osm_id": 1099331126,
        "sido": "울산광역시",
        "power_type": "line",
        "name": "",
        "description": "",
        "voltage": "154000",
        "cables": "3",
        "circuits": "",
        "frequency": "60",
        "operator": "",
        "wires": ""
      }
    },
    {
      "type": "Feature",
      "geometry": {
        "type": "LineString",
        "coordinates": [
          [
            129.3487304,
            35.4862618
          ],
          [
            129.3468288,
            35.4861963
          ],
          [
            129.3403941,
            35.4847504
          ],
          [
            129.3384576,
            35.483986
          ],
          [
            129.3372291,
            35.4831692
          ],
          [
            129.3342894,
            35.4840865
          ],
          [
            129.3331736,
            35.4850278
          ],
          [
            129.3299577,
            35.4856481
          ],
          [
            129.3267605,
            35.4856503
          ]
        ]
      },
      "properties": {
        "osm_type": "way",
        "osm_id": 1099331127,
        "sido": "울산광역시",
        "power_type": "line",
        "name": "",
        "description": "",
        "voltage": "154000",
        "cables": "3",
        "circuits": "",
        "frequency": "60",
        "operator": "",
        "wires": ""
      }
    },
    {
      "type": "Feature",
      "geometry": {
        "type": "LineString",
        "coordinates": [
          [
            129.3482523,
            35.4854382
          ],
          [
            129.345839,
            35.4841913
          ]
        ]
      },
      "properties": {
        "osm_type": "way",
        "osm_id": 1099331128,
        "sido": "울산광역시",
        "power_type": "line",
        "name": "",
        "description": "",
        "voltage": "345000",
        "cables": "6",
        "circuits": "2",
        "frequency": "60",
        "operator": "",
        "wires": ""
      }
    },
    {
      "type": "Feature",
      "geometry": {
        "type": "LineString",
        "coordinates": [
          [
            129.3570089,
            35.4871484
          ],
          [
            129.3594444,
            35.4838871
          ],
          [
            129.3592654,
            35.4820609
          ],
          [
            129.3631467,
            35.4814326
          ]
        ]
      },
      "properties": {
        "osm_type": "way",
        "osm_id": 1099331129,
        "sido": "울산광역시",
        "power_type": "line",
        "name": "",
        "description": "",
        "voltage": "345000",
        "cables": "6",
        "circuits": "2",
        "frequency": "60",
        "operator": "",
        "wires": ""
      }
    },
    {
      "type": "Feature",
      "geometry": {
        "type": "LineString",
        "coordinates": [
          [
            129.3573846,
            35.4874422
          ],
          [
            129.3578003,
            35.4868978
          ],
          [
            129.3594288,
            35.4844097
          ],
          [
            129.3599045,
            35.4837248
          ]
        ]
      },
      "properties": {
        "osm_type": "way",
        "osm_id": 1099331130,
        "sido": "울산광역시",
        "power_type": "line",
        "name": "",
        "description": "",
        "voltage": "154000",
        "cables": "6",
        "circuits": "2",
        "frequency": "60",
        "operator": "",
        "wires": ""
      }
    },
    {
      "type": "Feature",
      "geometry": {
        "type": "LineString",
        "coordinates": [
          [
            129.3558812,
            35.4886773
          ],
          [
            129.3543229,
            35.4875285
          ],
          [
            129.353081,
            35.4875547
          ],
          [
            129.3487304,
            35.4862618
          ]
        ]
      },
      "properties": {
        "osm_type": "way",
        "osm_id": 1099331131,
        "sido": "울산광역시",
        "power_type": "line",
        "name": "",
        "description": "",
        "voltage": "154000",
        "cables": "9",
        "circuits": "3",
        "frequency": "60",
        "operator": "",
        "wires": ""
      }
    },
    {
      "type": "Feature",
      "geometry": {
        "type": "LineString",
        "coordinates": [
          [
            129.3561843,
            35.4885604
          ],
          [
            129.3558812,
            35.4886773
          ]
        ]
      },
      "properties": {
        "osm_type": "way",
        "osm_id": 1099331132,
        "sido": "울산광역시",
        "power_type": "line",
        "name": "",
        "description": "",
        "voltage": "154000",
        "cables": "3",
        "circuits": "",
        "frequency": "60",
        "operator": "",
        "wires": ""
      }
    },
    {
      "type": "Feature",
      "geometry": {
        "type": "LineString",
        "coordinates": [
          [
            129.3560976,
            35.4884973
          ],
          [
            129.3558812,
            35.4886773
          ]
        ]
      },
      "properties": {
        "osm_type": "way",
        "osm_id": 1099331133,
        "sido": "울산광역시",
        "power_type": "line",
        "name": "",
        "description": "",
        "voltage": "154000",
        "cables": "3",
        "circuits": "",
        "frequency": "60",
        "operator": "",
        "wires": ""
      }
    },
    {
      "type": "Feature",
      "geometry": {
        "type": "LineString",
        "coordinates": [
          [
            129.3559939,
            35.4884217
          ],
          [
            129.3558812,
            35.4886773
          ]
        ]
      },
      "properties": {
        "osm_type": "way",
        "osm_id": 1099331134,
        "sido": "울산광역시",
        "power_type": "line",
        "name": "",
        "description": "",
        "voltage": "154000",
        "cables": "3",
        "circuits": "",
        "frequency": "60",
        "operator": "",
        "wires": ""
      }
    },
    {
      "type": "Feature",
      "geometry": {
        "type": "LineString",
        "coordinates": [
          [
            129.3595692,
            35.4827455
          ],
          [
            129.3599045,
            35.4837248
          ]
        ]
      },
      "properties": {
        "osm_type": "way",
        "osm_id": 1099331135,
        "sido": "울산광역시",
        "power_type": "line",
        "name": "",
        "description": "",
        "voltage": "154000",
        "cables": "6",
        "circuits": "2",
        "frequency": "60",
        "operator": "",
        "wires": ""
      }
    },
    {
      "type": "Feature",
      "geometry": {
        "type": "LineString",
        "coordinates": [
          [
            129.3596283,
            35.4823392
          ],
          [
            129.3595692,
            35.4827455
          ]
        ]
      },
      "properties": {
        "osm_type": "way",
        "osm_id": 1099331136,
        "sido": "울산광역시",
        "power_type": "line",
        "name": "",
        "description": "",
        "voltage": "154000",
        "cables": "3",
        "circuits": "",
        "frequency": "60",
        "operator": "",
        "wires": ""
      }
    },
    {
      "type": "Feature",
      "geometry": {
        "type": "LineString",
        "coordinates": [
          [
            129.3595371,
            35.4823414
          ],
          [
            129.3595692,
            35.4827455
          ]
        ]
      },
      "properties": {
        "osm_type": "way",
        "osm_id": 1099331137,
        "sido": "울산광역시",
        "power_type": "line",
        "name": "",
        "description": "",
        "voltage": "154000",
        "cables": "3",
        "circuits": "",
        "frequency": "60",
        "operator": "",
        "wires": ""
      }
    },
    {
      "type": "Feature",
      "geometry": {
        "type": "LineString",
        "coordinates": [
          [
            129.3598804,
            35.4823392
          ],
          [
            129.3597692,
            35.4827297
          ]
        ]
      },
      "properties": {
        "osm_type": "way",
        "osm_id": 1099331138,
        "sido": "울산광역시",
        "power_type": "line",
        "name": "",
        "description": "",
        "voltage": "154000",
        "cables": "3",
        "circuits": "",
        "frequency": "60",
        "operator": "",
        "wires": ""
      }
    },
    {
      "type": "Feature",
      "geometry": {
        "type": "LineString",
        "coordinates": [
          [
            129.3597436,
            35.4823392
          ],
          [
            129.3597692,
            35.4827297
          ]
        ]
      },
      "properties": {
        "osm_type": "way",
        "osm_id": 1099331139,
        "sido": "울산광역시",
        "power_type": "line",
        "name": "",
        "description": "",
        "voltage": "154000",
        "cables": "3",
        "circuits": "",
        "frequency": "60",
        "operator": "",
        "wires": ""
      }
    },
    {
      "type": "Feature",
      "geometry": {
        "type": "LineString",
        "coordinates": [
          [
            129.3631467,
            35.4814326
          ],
          [
            129.3601137,
            35.4825096
          ]
        ]
      },
      "properties": {
        "osm_type": "way",
        "osm_id": 1099331140,
        "sido": "울산광역시",
        "power_type": "line",
        "name": "",
        "description": "",
        "voltage": "345000",
        "cables": "3",
        "circuits": "",
        "frequency": "60",
        "operator": "",
        "wires": ""
      }
    },
    {
      "type": "Feature",
      "geometry": {
        "type": "LineString",
        "coordinates": [
          [
            129.3631467,
            35.4814326
          ],
          [
            129.3661549,
            35.4821946
          ],
          [
            129.371073,
            35.4813187
          ]
        ]
      },
      "properties": {
        "osm_type": "way",
        "osm_id": 1099331141,
        "sido": "울산광역시",
        "power_type": "line",
        "name": "",
        "description": "",
        "voltage": "345000",
        "cables": "9",
        "circuits": "3",
        "frequency": "60",
        "operator": "",
        "wires": ""
      }
    },
    {
      "type": "Feature",
      "geometry": {
        "type": "LineString",
        "coordinates": [
          [
            129.371073,
            35.4813187
          ],
          [
            129.3719968,
            35.478795
          ],
          [
            129.3747339,
            35.4773829
          ],
          [
            129.3778292,
            35.4762043
          ]
        ]
      },
      "properties": {
        "osm_type": "way",
        "osm_id": 1099331142,
        "sido": "울산광역시",
        "power_type": "line",
        "name": "",
        "description": "",
        "voltage": "345000",
        "cables": "6",
        "circuits": "2",
        "frequency": "60",
        "operator": "",
        "wires": ""
      }
    },
    {
      "type": "Feature",
      "geometry": {
        "type": "LineString",
        "coordinates": [
          [
            129.3730581,
            35.4808278
          ],
          [
            129.371073,
            35.4813187
          ]
        ]
      },
      "properties": {
        "osm_type": "way",
        "osm_id": 1099331143,
        "sido": "울산광역시",
        "power_type": "line",
        "name": "",
        "description": "",
        "voltage": "345000",
        "cables": "3",
        "circuits": "",
        "frequency": "60",
        "operator": "",
        "wires": ""
      }
    },
    {
      "type": "Feature",
      "geometry": {
        "type": "LineString",
        "coordinates": [
          [
            129.3597692,
            35.4827297
          ],
          [
            129.3599045,
            35.4837248
          ]
        ]
      },
      "properties": {
        "osm_type": "way",
        "osm_id": 1099331144,
        "sido": "울산광역시",
        "power_type": "line",
        "name": "",
        "description": "",
        "voltage": "154000",
        "cables": "6",
        "circuits": "2",
        "frequency": "60",
        "operator": "",
        "wires": ""
      }
    },
    {
      "type": "Feature",
      "geometry": {
        "type": "LineString",
        "coordinates": [
          [
            129.368736,
            35.4832114
          ],
          [
            129.3719384,
            35.482404
          ]
        ]
      },
      "properties": {
        "osm_type": "way",
        "osm_id": 1099331145,
        "sido": "울산광역시",
        "power_type": "line",
        "name": "",
        "description": "",
        "voltage": "345000;354000;154000;154000",
        "cables": "12",
        "circuits": "4",
        "frequency": "60",
        "operator": "",
        "wires": ""
      }
    },
    {
      "type": "Feature",
      "geometry": {
        "type": "LineString",
        "coordinates": [
          [
            129.3809146,
            35.4791821
          ],
          [
            129.3805316,
            35.4795631
          ]
        ]
      },
      "properties": {
        "osm_type": "way",
        "osm_id": 1099331146,
        "sido": "울산광역시",
        "power_type": "line",
        "name": "",
        "description": "",
        "voltage": "154000",
        "cables": "3",
        "circuits": "",
        "frequency": "60",
        "operator": "",
        "wires": ""
      }
    },
    {
      "type": "Feature",
      "geometry": {
        "type": "LineString",
        "coordinates": [
          [
            129.3809154,
            35.4792913
          ],
          [
            129.3805316,
            35.4795631
          ]
        ]
      },
      "properties": {
        "osm_type": "way",
        "osm_id": 1099331147,
        "sido": "울산광역시",
        "power_type": "line",
        "name": "",
        "description": "",
        "voltage": "154000",
        "cables": "3",
        "circuits": "",
        "frequency": "60",
        "operator": "",
        "wires": ""
      }
    },
    {
      "type": "Feature",
      "geometry": {
        "type": "LineString",
        "coordinates": [
          [
            129.3809161,
            35.4794027
          ],
          [
            129.3805316,
            35.4795631
          ]
        ]
      },
      "properties": {
        "osm_type": "way",
        "osm_id": 1099331148,
        "sido": "울산광역시",
        "power_type": "line",
        "name": "",
        "description": "",
        "voltage": "154000",
        "cables": "3",
        "circuits": "",
        "frequency": "60",
        "operator": "",
        "wires": ""
      }
    },
    {
      "type": "Feature",
      "geometry": {
        "type": "LineString",
        "coordinates": [
          [
            129.380917,
            35.4795151
          ],
          [
            129.3805316,
            35.4795631
          ]
        ]
      },
      "properties": {
        "osm_type": "way",
        "osm_id": 1099331149,
        "sido": "울산광역시",
        "power_type": "line",
        "name": "",
        "description": "",
        "voltage": "154000",
        "cables": "3",
        "circuits": "",
        "frequency": "60",
        "operator": "",
        "wires": ""
      }
    },
    {
      "type": "Feature",
      "geometry": {
        "type": "LineString",
        "coordinates": [
          [
            129.3809138,
            35.4790729
          ],
          [
            129.3805942,
            35.4789134
          ]
        ]
      },
      "properties": {
        "osm_type": "way",
        "osm_id": 1099331150,
        "sido": "울산광역시",
        "power_type": "line",
        "name": "",
        "description": "",
        "voltage": "154000",
        "cables": "3",
        "circuits": "",
        "frequency": "60",
        "operator": "",
        "wires": ""
      }
    },
    {
      "type": "Feature",
      "geometry": {
        "type": "LineString",
        "coordinates": [
          [
            129.3809129,
            35.4789527
          ],
          [
            129.3805942,
            35.4789134
          ]
        ]
      },
      "properties": {
        "osm_type": "way",
        "osm_id": 1099331151,
        "sido": "울산광역시",
        "power_type": "line",
        "name": "",
        "description": "",
        "voltage": "154000",
        "cables": "3",
        "circuits": "",
        "frequency": "60",
        "operator": "",
        "wires": ""
      }
    },
    {
      "type": "Feature",
      "geometry": {
        "type": "LineString",
        "coordinates": [
          [
            129.3719384,
            35.482404
          ],
          [
            129.3743629,
            35.4818059
          ],
          [
            129.3772035,
            35.4810368
          ],
          [
            129.3797035,
            35.4802018
          ],
          [
            129.3805316,
            35.4795631
          ]
        ]
      },
      "properties": {
        "osm_type": "way",
        "osm_id": 1099331152,
        "sido": "울산광역시",
        "power_type": "line",
        "name": "",
        "description": "",
        "voltage": "154000",
        "cables": "6",
        "circuits": "2",
        "frequency": "60",
        "operator": "",
        "wires": ""
      }
    },
    {
      "type": "Feature",
      "geometry": {
        "type": "LineString",
        "coordinates": [
          [
            129.380646,
            35.4786349
          ],
          [
            129.3787953,
            35.4793338
          ],
          [
            129.3762284,
            35.4801289
          ],
          [
            129.3728381,
            35.4805602
          ]
        ]
      },
      "properties": {
        "osm_type": "way",
        "osm_id": 1099331153,
        "sido": "울산광역시",
        "power_type": "line",
        "name": "",
        "description": "",
        "voltage": "",
        "cables": "",
        "circuits": "",
        "frequency": "",
        "operator": "",
        "wires": ""
      }
    },
    {
      "type": "Feature",
      "geometry": {
        "type": "LineString",
        "coordinates": [
          [
            129.378287,
            35.4767106
          ],
          [
            129.377929,
            35.4779578
          ],
          [
            129.376089,
            35.4797969
          ],
          [
            129.3730581,
            35.4808278
          ],
          [
            129.3726289,
            35.4814612
          ],
          [
            129.3719384,
            35.482404
          ]
        ]
      },
      "properties": {
        "osm_type": "way",
        "osm_id": 1099331154,
        "sido": "울산광역시",
        "power_type": "line",
        "name": "",
        "description": "",
        "voltage": "345000",
        "cables": "6",
        "circuits": "2",
        "frequency": "60",
        "operator": "",
        "wires": ""
      }
    },
    {
      "type": "Feature",
      "geometry": {
        "type": "LineString",
        "coordinates": [
          [
            129.3796402,
            35.4760291
          ],
          [
            129.378287,
            35.4767106
          ]
        ]
      },
      "properties": {
        "osm_type": "way",
        "osm_id": 1099331155,
        "sido": "울산광역시",
        "power_type": "line",
        "name": "",
        "description": "",
        "voltage": "345000",
        "cables": "3",
        "circuits": "",
        "frequency": "60",
        "operator": "",
        "wires": ""
      }
    },
    {
      "type": "Feature",
      "geometry": {
        "type": "LineString",
        "coordinates": [
          [
            129.3795356,
            35.4758631
          ],
          [
            129.378287,
            35.4767106
          ]
        ]
      },
      "properties": {
        "osm_type": "way",
        "osm_id": 1099331156,
        "sido": "울산광역시",
        "power_type": "line",
        "name": "",
        "description": "",
        "voltage": "345000",
        "cables": "3",
        "circuits": "",
        "frequency": "60",
        "operator": "",
        "wires": ""
      }
    },
    {
      "type": "Feature",
      "geometry": {
        "type": "LineString",
        "coordinates": [
          [
            129.3778292,
            35.4762043
          ],
          [
            129.3792218,
            35.4754492
          ]
        ]
      },
      "properties": {
        "osm_type": "way",
        "osm_id": 1099331157,
        "sido": "울산광역시",
        "power_type": "line",
        "name": "",
        "description": "",
        "voltage": "345000",
        "cables": "3",
        "circuits": "",
        "frequency": "60",
        "operator": "",
        "wires": ""
      }
    },
    {
      "type": "Feature",
      "geometry": {
        "type": "LineString",
        "coordinates": [
          [
            129.3778292,
            35.4762043
          ],
          [
            129.3790662,
            35.4752482
          ]
        ]
      },
      "properties": {
        "osm_type": "way",
        "osm_id": 1099331158,
        "sido": "울산광역시",
        "power_type": "line",
        "name": "",
        "description": "",
        "voltage": "345000",
        "cables": "3",
        "circuits": "",
        "frequency": "60",
        "operator": "",
        "wires": ""
      }
    },
    {
      "type": "Feature",
      "geometry": {
        "type": "LineString",
        "coordinates": [
          [
            129.3821561,
            35.5142569
          ],
          [
            129.3817082,
            35.5142121
          ]
        ]
      },
      "properties": {
        "osm_type": "way",
        "osm_id": 1103298127,
        "sido": "울산광역시",
        "power_type": "line",
        "name": "",
        "description": "",
        "voltage": "",
        "cables": "3",
        "circuits": "",
        "frequency": "",
        "operator": "",
        "wires": ""
      }
    },
    {
      "type": "Feature",
      "geometry": {
        "type": "LineString",
        "coordinates": [
          [
            129.3817082,
            35.5142121
          ],
          [
            129.3821575,
            35.5143486
          ]
        ]
      },
      "properties": {
        "osm_type": "way",
        "osm_id": 1103298128,
        "sido": "울산광역시",
        "power_type": "line",
        "name": "",
        "description": "",
        "voltage": "",
        "cables": "3",
        "circuits": "",
        "frequency": "",
        "operator": "",
        "wires": ""
      }
    },
    {
      "type": "Feature",
      "geometry": {
        "type": "LineString",
        "coordinates": [
          [
            129.3820007,
            35.55552
          ],
          [
            129.3829601,
            35.5541352
          ],
          [
            129.3850485,
            35.5510653
          ],
          [
            129.3881612,
            35.5482484
          ],
          [
            129.3898543,
            35.5454476
          ],
          [
            129.3921265,
            35.5443204
          ],
          [
            129.3985922,
            35.5410084
          ],
          [
            129.4027118,
            35.5389385
          ],
          [
            129.4064752,
            35.5372602
          ]
        ]
      },
      "properties": {
        "osm_type": "way",
        "osm_id": 1103298129,
        "sido": "울산광역시",
        "power_type": "line",
        "name": "",
        "description": "",
        "voltage": "154000",
        "cables": "6",
        "circuits": "2",
        "frequency": "60",
        "operator": "",
        "wires": ""
      }
    },
    {
      "type": "Feature",
      "geometry": {
        "type": "LineString",
        "coordinates": [
          [
            129.4090981,
            35.5359162
          ],
          [
            129.4092786,
            35.5353213
          ],
          [
            129.4075513,
            35.5335315
          ],
          [
            129.4055879,
            35.5314666
          ],
          [
            129.4037318,
            35.5297335
          ],
          [
            129.4020662,
            35.5281422
          ],
          [
            129.4008726,
            35.5269503
          ],
          [
            129.3981488,
            35.5264679
          ]
        ]
      },
      "properties": {
        "osm_type": "way",
        "osm_id": 1103298130,
        "sido": "울산광역시",
        "power_type": "line",
        "name": "",
        "description": "",
        "voltage": "154000",
        "cables": "3",
        "circuits": "",
        "frequency": "",
        "operator": "",
        "wires": ""
      }
    },
    {
      "type": "Feature",
      "geometry": {
        "type": "LineString",
        "coordinates": [
          [
            129.4064752,
            35.5372602
          ],
          [
            129.4090981,
            35.5359162
          ],
          [
            129.4163805,
            35.5323431
          ],
          [
            129.4181242,
            35.5314895
          ],
          [
            129.4214931,
            35.5325618
          ],
          [
            129.4242285,
            35.533457
          ],
          [
            129.4255339,
            35.5348248
          ],
          [
            129.4258431,
            35.5367406
          ],
          [
            129.4255496,
            35.538067
          ],
          [
            129.425423,
            35.5386894
          ]
        ]
      },
      "properties": {
        "osm_type": "way",
        "osm_id": 1103298131,
        "sido": "울산광역시",
        "power_type": "line",
        "name": "",
        "description": "",
        "voltage": "154000",
        "cables": "12",
        "circuits": "4",
        "frequency": "60",
        "operator": "",
        "wires": ""
      }
    },
    {
      "type": "Feature",
      "geometry": {
        "type": "LineString",
        "coordinates": [
          [
            129.42638,
            35.5370323
          ],
          [
            129.4259371,
            35.5382135
          ]
        ]
      },
      "properties": {
        "osm_type": "way",
        "osm_id": 1103298132,
        "sido": "울산광역시",
        "power_type": "line",
        "name": "",
        "description": "",
        "voltage": "154000",
        "cables": "6",
        "circuits": "2",
        "frequency": "",
        "operator": "",
        "wires": ""
      }
    },
    {
      "type": "Feature",
      "geometry": {
        "type": "LineString",
        "coordinates": [
          [
            129.4329947,
            35.5325056
          ],
          [
            129.4304466,
            35.5324772
          ],
          [
            129.4285288,
            35.5324729
          ],
          [
            129.4252324,
            35.5328941
          ],
          [
            129.4245343,
            35.5331321
          ]
        ]
      },
      "properties": {
        "osm_type": "way",
        "osm_id": 1103298133,
        "sido": "울산광역시",
        "power_type": "line",
        "name": "",
        "description": "",
        "voltage": "154000",
        "cables": "3",
        "circuits": "",
        "frequency": "",
        "operator": "",
        "wires": ""
      }
    },
    {
      "type": "Feature",
      "geometry": {
        "type": "LineString",
        "coordinates": [
          [
            129.4049397,
            35.5241583
          ],
          [
            129.4041002,
            35.5234685
          ],
          [
            129.404853,
            35.5216785
          ],
          [
            129.4054335,
            35.520198
          ],
          [
            129.4069719,
            35.516391
          ],
          [
            129.4069505,
            35.5126009
          ],
          [
            129.4069344,
            35.5099787
          ],
          [
            129.4052392,
            35.5081119
          ],
          [
            129.4028306,
            35.5057713
          ],
          [
            129.4015378,
            35.5044175
          ]
        ]
      },
      "properties": {
        "osm_type": "way",
        "osm_id": 1103298135,
        "sido": "울산광역시",
        "power_type": "line",
        "name": "",
        "description": "",
        "voltage": "154000",
        "cables": "3",
        "circuits": "",
        "frequency": "",
        "operator": "",
        "wires": ""
      }
    },
    {
      "type": "Feature",
      "geometry": {
        "type": "LineString",
        "coordinates": [
          [
            129.42638,
            35.5370323
          ],
          [
            129.4261591,
            35.5382602
          ]
        ]
      },
      "properties": {
        "osm_type": "way",
        "osm_id": 1103298136,
        "sido": "울산광역시",
        "power_type": "line",
        "name": "",
        "description": "",
        "voltage": "154000",
        "cables": "6",
        "circuits": "2",
        "frequency": "",
        "operator": "",
        "wires": ""
      }
    },
    {
      "type": "Feature",
      "geometry": {
        "type": "LineString",
        "coordinates": [
          [
            129.3050663,
            35.4983134
          ],
          [
            129.3093974,
            35.4978954
          ]
        ]
      },
      "properties": {
        "osm_type": "way",
        "osm_id": 1123514634,
        "sido": "울산광역시",
        "power_type": "line",
        "name": "",
        "description": "",
        "voltage": "",
        "cables": "",
        "circuits": "",
        "frequency": "",
        "operator": "",
        "wires": ""
      }
    },
    {
      "type": "Feature",
      "geometry": {
        "type": "LineString",
        "coordinates": [
          [
            129.3111867,
            35.344377
          ],
          [
            129.3114602,
            35.3441624
          ],
          [
            129.3117188,
            35.343962
          ],
          [
            129.3115415,
            35.3435733
          ],
          [
            129.3113702,
            35.343198
          ],
          [
            129.3111973,
            35.3428191
          ],
          [
            129.3110171,
            35.3424241
          ],
          [
            129.3108496,
            35.342057
          ],
          [
            129.3106783,
            35.3416815
          ],
          [
            129.3105086,
            35.3413098
          ],
          [
            129.3105666,
            35.3409788
          ],
          [
            129.310509,
            35.3407293
          ],
          [
            129.3103132,
            35.340318
          ],
          [
            129.3101844,
            35.3400795
          ],
          [
            129.3100798,
            35.3397371
          ],
          [
            129.3100086,
            35.3396815
          ],
          [
            129.3098521,
            35.3393307
          ],
          [
            129.3096869,
            35.3389606
          ],
          [
            129.3095419,
            35.3386356
          ],
          [
            129.3091984,
            35.3384317
          ],
          [
            129.3090526,
            35.3381045
          ],
          [
            129.3089216,
            35.3378104
          ],
          [
            129.308784,
            35.3375017
          ],
          [
            129.3087167,
            35.3373846
          ],
          [
            129.3084717,
            35.3374557
          ],
          [
            129.308119,
            35.337558
          ],
          [
            129.3076907,
            35.3376822
          ]
        ]
      },
      "properties": {
        "osm_type": "way",
        "osm_id": 1270611817,
        "sido": "울산광역시",
        "power_type": "minor_line",
        "name": "",
        "description": "",
        "voltage": "",
        "cables": "",
        "circuits": "",
        "frequency": "",
        "operator": "",
        "wires": ""
      }
    },
    {
      "type": "Feature",
      "geometry": {
        "type": "LineString",
        "coordinates": [
          [
            129.3090352,
            35.3401723
          ],
          [
            129.309023,
            35.3401453
          ],
          [
            129.30926,
            35.3400742
          ]
        ]
      },
      "properties": {
        "osm_type": "way",
        "osm_id": 1270611818,
        "sido": "울산광역시",
        "power_type": "cable",
        "name": "",
        "description": "",
        "voltage": "",
        "cables": "",
        "circuits": "",
        "frequency": "",
        "operator": "",
        "wires": ""
      }
    },
    {
      "type": "Feature",
      "geometry": {
        "type": "LineString",
        "coordinates": [
          [
            129.3090597,
            35.3402266
          ],
          [
            129.3090463,
            35.3401971
          ],
          [
            129.3092836,
            35.3401259
          ]
        ]
      },
      "properties": {
        "osm_type": "way",
        "osm_id": 1270611819,
        "sido": "울산광역시",
        "power_type": "cable",
        "name": "",
        "description": "",
        "voltage": "",
        "cables": "",
        "circuits": "",
        "frequency": "",
        "operator": "",
        "wires": ""
      }
    },
    {
      "type": "Feature",
      "geometry": {
        "type": "LineString",
        "coordinates": [
          [
            129.3090818,
            35.3402758
          ],
          [
            129.3090694,
            35.3402483
          ],
          [
            129.3093263,
            35.3401712
          ]
        ]
      },
      "properties": {
        "osm_type": "way",
        "osm_id": 1270611820,
        "sido": "울산광역시",
        "power_type": "cable",
        "name": "",
        "description": "",
        "voltage": "",
        "cables": "",
        "circuits": "",
        "frequency": "",
        "operator": "",
        "wires": ""
      }
    },
    {
      "type": "Feature",
      "geometry": {
        "type": "LineString",
        "coordinates": [
          [
            129.3096858,
            35.3412769
          ],
          [
            129.3096281,
            35.3411468
          ],
          [
            129.3095966,
            35.3410757
          ]
        ]
      },
      "properties": {
        "osm_type": "way",
        "osm_id": 1270611821,
        "sido": "울산광역시",
        "power_type": "cable",
        "name": "",
        "description": "",
        "voltage": "",
        "cables": "",
        "circuits": "",
        "frequency": "",
        "operator": "",
        "wires": ""
      }
    },
    {
      "type": "Feature",
      "geometry": {
        "type": "LineString",
        "coordinates": [
          [
            129.3097038,
            35.3412716
          ],
          [
            129.3096674,
            35.341191
          ],
          [
            129.3096132,
            35.3410708
          ]
        ]
      },
      "properties": {
        "osm_type": "way",
        "osm_id": 1270611822,
        "sido": "울산광역시",
        "power_type": "cable",
        "name": "",
        "description": "",
        "voltage": "",
        "cables": "",
        "circuits": "",
        "frequency": "",
        "operator": "",
        "wires": ""
      }
    },
    {
      "type": "Feature",
      "geometry": {
        "type": "LineString",
        "coordinates": [
          [
            129.3097225,
            35.3412661
          ],
          [
            129.3097084,
            35.3412343
          ],
          [
            129.3096333,
            35.3410649
          ]
        ]
      },
      "properties": {
        "osm_type": "way",
        "osm_id": 1270611823,
        "sido": "울산광역시",
        "power_type": "cable",
        "name": "",
        "description": "",
        "voltage": "",
        "cables": "",
        "circuits": "",
        "frequency": "",
        "operator": "",
        "wires": ""
      }
    },
    {
      "type": "Feature",
      "geometry": {
        "type": "LineString",
        "coordinates": [
          [
            129.3092138,
            35.3414159
          ],
          [
            129.3092006,
            35.3413867
          ],
          [
            129.3091251,
            35.3412193
          ]
        ]
      },
      "properties": {
        "osm_type": "way",
        "osm_id": 1270611824,
        "sido": "울산광역시",
        "power_type": "cable",
        "name": "",
        "description": "",
        "voltage": "",
        "cables": "",
        "circuits": "",
        "frequency": "",
        "operator": "",
        "wires": ""
      }
    },
    {
      "type": "Feature",
      "geometry": {
        "type": "LineString",
        "coordinates": [
          [
            129.3091956,
            35.3414218
          ],
          [
            129.3091602,
            35.3413432
          ],
          [
            129.3091065,
            35.3412243
          ]
        ]
      },
      "properties": {
        "osm_type": "way",
        "osm_id": 1270611825,
        "sido": "울산광역시",
        "power_type": "cable",
        "name": "",
        "description": "",
        "voltage": "",
        "cables": "",
        "circuits": "",
        "frequency": "",
        "operator": "",
        "wires": ""
      }
    },
    {
      "type": "Feature",
      "geometry": {
        "type": "LineString",
        "coordinates": [
          [
            129.3091778,
            35.3414278
          ],
          [
            129.3091198,
            35.3412994
          ],
          [
            129.3090905,
            35.3412343
          ]
        ]
      },
      "properties": {
        "osm_type": "way",
        "osm_id": 1270611826,
        "sido": "울산광역시",
        "power_type": "cable",
        "name": "",
        "description": "",
        "voltage": "",
        "cables": "",
        "circuits": "",
        "frequency": "",
        "operator": "",
        "wires": ""
      }
    },
    {
      "type": "Feature",
      "geometry": {
        "type": "LineString",
        "coordinates": [
          [
            129.3096281,
            35.3411468
          ],
          [
            129.3093135,
            35.3412412
          ],
          [
            129.3091198,
            35.3412994
          ]
        ]
      },
      "properties": {
        "osm_type": "way",
        "osm_id": 1270611827,
        "sido": "울산광역시",
        "power_type": "cable",
        "name": "",
        "description": "",
        "voltage": "",
        "cables": "",
        "circuits": "",
        "frequency": "",
        "operator": "",
        "wires": ""
      }
    },
    {
      "type": "Feature",
      "geometry": {
        "type": "LineString",
        "coordinates": [
          [
            129.3096674,
            35.341191
          ],
          [
            129.3093358,
            35.3412905
          ],
          [
            129.3091602,
            35.3413432
          ]
        ]
      },
      "properties": {
        "osm_type": "way",
        "osm_id": 1270611828,
        "sido": "울산광역시",
        "power_type": "cable",
        "name": "",
        "description": "",
        "voltage": "",
        "cables": "",
        "circuits": "",
        "frequency": "",
        "operator": "",
        "wires": ""
      }
    },
    {
      "type": "Feature",
      "geometry": {
        "type": "LineString",
        "coordinates": [
          [
            129.3097084,
            35.3412343
          ],
          [
            129.3093579,
            35.3413395
          ],
          [
            129.3092006,
            35.3413867
          ]
        ]
      },
      "properties": {
        "osm_type": "way",
        "osm_id": 1270611829,
        "sido": "울산광역시",
        "power_type": "cable",
        "name": "",
        "description": "",
        "voltage": "",
        "cables": "",
        "circuits": "",
        "frequency": "",
        "operator": "",
        "wires": ""
      }
    },
    {
      "type": "Feature",
      "geometry": {
        "type": "LineString",
        "coordinates": [
          [
            129.3092644,
            35.3406806
          ],
          [
            129.3092751,
            35.3407042
          ],
          [
            129.3095816,
            35.3406123
          ],
          [
            129.3096757,
            35.3408208
          ],
          [
            129.3100653,
            35.3407039
          ],
          [
            129.3100413,
            35.3406507
          ]
        ]
      },
      "properties": {
        "osm_type": "way",
        "osm_id": 1270611830,
        "sido": "울산광역시",
        "power_type": "cable",
        "name": "",
        "description": "",
        "voltage": "",
        "cables": "",
        "circuits": "",
        "frequency": "",
        "operator": "",
        "wires": ""
      }
    },
    {
      "type": "Feature",
      "geometry": {
        "type": "LineString",
        "coordinates": [
          [
            129.3092864,
            35.3407292
          ],
          [
            129.3092971,
            35.340753
          ],
          [
            129.309583,
            35.3406672
          ],
          [
            129.3096629,
            35.3408443
          ],
          [
            129.310104,
            35.3407119
          ],
          [
            129.3100876,
            35.3406755
          ]
        ]
      },
      "properties": {
        "osm_type": "way",
        "osm_id": 1270611831,
        "sido": "울산광역시",
        "power_type": "cable",
        "name": "",
        "description": "",
        "voltage": "",
        "cables": "",
        "circuits": "",
        "frequency": "",
        "operator": "",
        "wires": ""
      }
    },
    {
      "type": "Feature",
      "geometry": {
        "type": "LineString",
        "coordinates": [
          [
            129.3093096,
            35.3407807
          ],
          [
            129.3093216,
            35.3408072
          ],
          [
            129.3095885,
            35.3407271
          ],
          [
            129.3096511,
            35.3408658
          ],
          [
            129.3101435,
            35.340718
          ],
          [
            129.3101298,
            35.3406877
          ]
        ]
      },
      "properties": {
        "osm_type": "way",
        "osm_id": 1270611832,
        "sido": "울산광역시",
        "power_type": "cable",
        "name": "",
        "description": "",
        "voltage": "",
        "cables": "",
        "circuits": "",
        "frequency": "",
        "operator": "",
        "wires": ""
      }
    },
    {
      "type": "Feature",
      "geometry": {
        "type": "LineString",
        "coordinates": [
          [
            129.3088886,
            35.3407933
          ],
          [
            129.3090849,
            35.3407344
          ],
          [
            129.3092644,
            35.3406806
          ],
          [
            129.3093979,
            35.3406405
          ]
        ]
      },
      "properties": {
        "osm_type": "way",
        "osm_id": 1270611833,
        "sido": "울산광역시",
        "power_type": "cable",
        "name": "",
        "description": "",
        "voltage": "",
        "cables": "",
        "circuits": "",
        "frequency": "",
        "operator": "",
        "wires": ""
      }
    },
    {
      "type": "Feature",
      "geometry": {
        "type": "LineString",
        "coordinates": [
          [
            129.3089304,
            35.3408361
          ],
          [
            129.3091069,
            35.3407831
          ],
          [
            129.3092864,
            35.3407292
          ],
          [
            129.3094387,
            35.3406835
          ]
        ]
      },
      "properties": {
        "osm_type": "way",
        "osm_id": 1270611834,
        "sido": "울산광역시",
        "power_type": "cable",
        "name": "",
        "description": "",
        "voltage": "",
        "cables": "",
        "circuits": "",
        "frequency": "",
        "operator": "",
        "wires": ""
      }
    },
    {
      "type": "Feature",
      "geometry": {
        "type": "LineString",
        "coordinates": [
          [
            129.3089725,
            35.3408818
          ],
          [
            129.3091301,
            35.3408345
          ],
          [
            129.3093096,
            35.3407807
          ],
          [
            129.3094807,
            35.3407293
          ]
        ]
      },
      "properties": {
        "osm_type": "way",
        "osm_id": 1270611835,
        "sido": "울산광역시",
        "power_type": "cable",
        "name": "",
        "description": "",
        "voltage": "",
        "cables": "",
        "circuits": "",
        "frequency": "",
        "operator": "",
        "wires": ""
      }
    },
    {
      "type": "Feature",
      "geometry": {
        "type": "LineString",
        "coordinates": [
          [
            129.3095843,
            35.3409589
          ],
          [
            129.3095642,
            35.3409144
          ],
          [
            129.3094807,
            35.3407293
          ],
          [
            129.3093438,
            35.3404257
          ],
          [
            129.309253,
            35.3402244
          ],
          [
            129.3091148,
            35.339918
          ],
          [
            129.3090297,
            35.3397294
          ]
        ]
      },
      "properties": {
        "osm_type": "way",
        "osm_id": 1270611836,
        "sido": "울산광역시",
        "power_type": "cable",
        "name": "",
        "description": "",
        "voltage": "",
        "cables": "",
        "circuits": "",
        "frequency": "",
        "operator": "",
        "wires": ""
      }
    },
    {
      "type": "Feature",
      "geometry": {
        "type": "LineString",
        "coordinates": [
          [
            129.308989,
            35.3396865
          ],
          [
            129.3090713,
            35.339869
          ],
          [
            129.309212,
            35.3401809
          ],
          [
            129.3093017,
            35.3403799
          ],
          [
            129.3094387,
            35.3406835
          ],
          [
            129.3095213,
            35.3408667
          ],
          [
            129.3095765,
            35.3409891
          ]
        ]
      },
      "properties": {
        "osm_type": "way",
        "osm_id": 1270611837,
        "sido": "울산광역시",
        "power_type": "cable",
        "name": "",
        "description": "",
        "voltage": "",
        "cables": "",
        "circuits": "",
        "frequency": "",
        "operator": "",
        "wires": ""
      }
    },
    {
      "type": "Feature",
      "geometry": {
        "type": "LineString",
        "coordinates": [
          [
            129.3095467,
            35.3409704
          ],
          [
            129.3094804,
            35.3408232
          ],
          [
            129.3093979,
            35.3406405
          ],
          [
            129.3092614,
            35.3403377
          ],
          [
            129.3091687,
            35.3401322
          ],
          [
            129.3090295,
            35.3398235
          ],
          [
            129.3089481,
            35.339643
          ]
        ]
      },
      "properties": {
        "osm_type": "way",
        "osm_id": 1270611838,
        "sido": "울산광역시",
        "power_type": "cable",
        "name": "",
        "description": "",
        "voltage": "",
        "cables": "",
        "circuits": "",
        "frequency": "",
        "operator": "",
        "wires": ""
      }
    },
    {
      "type": "Feature",
      "geometry": {
        "type": "LineString",
        "coordinates": [
          [
            129.309056,
            35.3410669
          ],
          [
            129.3092136,
            35.3410196
          ],
          [
            129.3095642,
            35.3409144
          ]
        ]
      },
      "properties": {
        "osm_type": "way",
        "osm_id": 1270611839,
        "sido": "울산광역시",
        "power_type": "cable",
        "name": "",
        "description": "",
        "voltage": "",
        "cables": "",
        "circuits": "",
        "frequency": "",
        "operator": "",
        "wires": ""
      }
    },
    {
      "type": "Feature",
      "geometry": {
        "type": "LineString",
        "coordinates": [
          [
            129.309013,
            35.3410192
          ],
          [
            129.3091895,
            35.3409663
          ],
          [
            129.3095213,
            35.3408667
          ]
        ]
      },
      "properties": {
        "osm_type": "way",
        "osm_id": 1270611840,
        "sido": "울산광역시",
        "power_type": "cable",
        "name": "",
        "description": "",
        "voltage": "",
        "cables": "",
        "circuits": "",
        "frequency": "",
        "operator": "",
        "wires": ""
      }
    },
    {
      "type": "Feature",
      "geometry": {
        "type": "LineString",
        "coordinates": [
          [
            129.308971,
            35.3409761
          ],
          [
            129.3091674,
            35.3409172
          ],
          [
            129.3094804,
            35.3408232
          ]
        ]
      },
      "properties": {
        "osm_type": "way",
        "osm_id": 1270611841,
        "sido": "울산광역시",
        "power_type": "cable",
        "name": "",
        "description": "",
        "voltage": "",
        "cables": "",
        "circuits": "",
        "frequency": "",
        "operator": "",
        "wires": ""
      }
    },
    {
      "type": "Feature",
      "geometry": {
        "type": "LineString",
        "coordinates": [
          [
            129.3089481,
            35.339643
          ],
          [
            129.3084387,
            35.3397959
          ],
          [
            129.3085201,
            35.3399764
          ],
          [
            129.3086593,
            35.340285
          ],
          [
            129.3087521,
            35.3404906
          ],
          [
            129.3088886,
            35.3407933
          ],
          [
            129.308971,
            35.3409761
          ],
          [
            129.3090357,
            35.3411194
          ]
        ]
      },
      "properties": {
        "osm_type": "way",
        "osm_id": 1270611842,
        "sido": "울산광역시",
        "power_type": "cable",
        "name": "",
        "description": "",
        "voltage": "",
        "cables": "",
        "circuits": "",
        "frequency": "",
        "operator": "",
        "wires": ""
      }
    },
    {
      "type": "Feature",
      "geometry": {
        "type": "LineString",
        "coordinates": [
          [
            129.308989,
            35.3396865
          ],
          [
            129.3084807,
            35.3398391
          ],
          [
            129.308563,
            35.3400216
          ],
          [
            129.3087037,
            35.3403335
          ],
          [
            129.3087935,
            35.3405325
          ],
          [
            129.3089304,
            35.3408361
          ],
          [
            129.309013,
            35.3410192
          ],
          [
            129.3090703,
            35.3411463
          ]
        ]
      },
      "properties": {
        "osm_type": "way",
        "osm_id": 1270611843,
        "sido": "울산광역시",
        "power_type": "cable",
        "name": "",
        "description": "",
        "voltage": "",
        "cables": "",
        "circuits": "",
        "frequency": "",
        "operator": "",
        "wires": ""
      }
    },
    {
      "type": "Feature",
      "geometry": {
        "type": "LineString",
        "coordinates": [
          [
            129.3090297,
            35.3397294
          ],
          [
            129.3085215,
            35.3398819
          ],
          [
            129.3086066,
            35.3400705
          ],
          [
            129.3087448,
            35.3403769
          ],
          [
            129.3088356,
            35.3405782
          ],
          [
            129.3089725,
            35.3408818
          ],
          [
            129.309056,
            35.3410669
          ],
          [
            129.3090755,
            35.3411102
          ]
        ]
      },
      "properties": {
        "osm_type": "way",
        "osm_id": 1270611844,
        "sido": "울산광역시",
        "power_type": "cable",
        "name": "",
        "description": "",
        "voltage": "",
        "cables": "",
        "circuits": "",
        "frequency": "",
        "operator": "",
        "wires": ""
      }
    },
    {
      "type": "Feature",
      "geometry": {
        "type": "LineString",
        "coordinates": [
          [
            129.3087395,
            35.3399686
          ],
          [
            129.3087287,
            35.3399444
          ],
          [
            129.3084137,
            35.340039
          ]
        ]
      },
      "properties": {
        "osm_type": "way",
        "osm_id": 1270611845,
        "sido": "울산광역시",
        "power_type": "cable",
        "name": "",
        "description": "",
        "voltage": "",
        "cables": "",
        "circuits": "",
        "frequency": "",
        "operator": "",
        "wires": ""
      }
    },
    {
      "type": "Feature",
      "geometry": {
        "type": "LineString",
        "coordinates": [
          [
            129.3087165,
            35.3399175
          ],
          [
            129.3087056,
            35.3398934
          ],
          [
            129.3084602,
            35.339967
          ],
          [
            129.3084362,
            35.3399139
          ],
          [
            129.3083667,
            35.3399348
          ],
          [
            129.3084137,
            35.340039
          ]
        ]
      },
      "properties": {
        "osm_type": "way",
        "osm_id": 1270611846,
        "sido": "울산광역시",
        "power_type": "cable",
        "name": "",
        "description": "",
        "voltage": "",
        "cables": "",
        "circuits": "",
        "frequency": "",
        "operator": "",
        "wires": ""
      }
    },
    {
      "type": "Feature",
      "geometry": {
        "type": "LineString",
        "coordinates": [
          [
            129.3087642,
            35.3400232
          ],
          [
            129.3087514,
            35.3399949
          ],
          [
            129.308506,
            35.3400686
          ],
          [
            129.3085304,
            35.3401226
          ],
          [
            129.3084608,
            35.3401435
          ],
          [
            129.3084137,
            35.340039
          ]
        ]
      },
      "properties": {
        "osm_type": "way",
        "osm_id": 1270611847,
        "sido": "울산광역시",
        "power_type": "cable",
        "name": "",
        "description": "",
        "voltage": "",
        "cables": "",
        "circuits": "",
        "frequency": "",
        "operator": "",
        "wires": ""
      }
    },
    {
      "type": "Feature",
      "geometry": {
        "type": "LineString",
        "coordinates": [
          [
            129.3091148,
            35.339918
          ],
          [
            129.3089437,
            35.3399694
          ],
          [
            129.3087642,
            35.3400232
          ],
          [
            129.3086066,
            35.3400705
          ]
        ]
      },
      "properties": {
        "osm_type": "way",
        "osm_id": 1270611848,
        "sido": "울산광역시",
        "power_type": "cable",
        "name": "",
        "description": "",
        "voltage": "",
        "cables": "",
        "circuits": "",
        "frequency": "",
        "operator": "",
        "wires": ""
      }
    },
    {
      "type": "Feature",
      "geometry": {
        "type": "LineString",
        "coordinates": [
          [
            129.3090713,
            35.339869
          ],
          [
            129.308919,
            35.3399147
          ],
          [
            129.3087395,
            35.3399686
          ],
          [
            129.308563,
            35.3400216
          ]
        ]
      },
      "properties": {
        "osm_type": "way",
        "osm_id": 1270611849,
        "sido": "울산광역시",
        "power_type": "cable",
        "name": "",
        "description": "",
        "voltage": "",
        "cables": "",
        "circuits": "",
        "frequency": "",
        "operator": "",
        "wires": ""
      }
    },
    {
      "type": "Feature",
      "geometry": {
        "type": "LineString",
        "coordinates": [
          [
            129.3090295,
            35.3398235
          ],
          [
            129.308896,
            35.3398636
          ],
          [
            129.3087165,
            35.3399175
          ],
          [
            129.3085201,
            35.3399764
          ]
        ]
      },
      "properties": {
        "osm_type": "way",
        "osm_id": 1270611850,
        "sido": "울산광역시",
        "power_type": "cable",
        "name": "",
        "description": "",
        "voltage": "",
        "cables": "",
        "circuits": "",
        "frequency": "",
        "operator": "",
        "wires": ""
      }
    },
    {
      "type": "Feature",
      "geometry": {
        "type": "LineString",
        "coordinates": [
          [
            129.3086593,
            35.340285
          ],
          [
            129.3088557,
            35.3402261
          ],
          [
            129.3090352,
            35.3401723
          ],
          [
            129.3091687,
            35.3401322
          ]
        ]
      },
      "properties": {
        "osm_type": "way",
        "osm_id": 1270611851,
        "sido": "울산광역시",
        "power_type": "cable",
        "name": "",
        "description": "",
        "voltage": "",
        "cables": "",
        "circuits": "",
        "frequency": "",
        "operator": "",
        "wires": ""
      }
    },
    {
      "type": "Feature",
      "geometry": {
        "type": "LineString",
        "coordinates": [
          [
            129.3087037,
            35.3403335
          ],
          [
            129.3088802,
            35.3402805
          ],
          [
            129.3090597,
            35.3402266
          ],
          [
            129.309212,
            35.3401809
          ]
        ]
      },
      "properties": {
        "osm_type": "way",
        "osm_id": 1270611852,
        "sido": "울산광역시",
        "power_type": "cable",
        "name": "",
        "description": "",
        "voltage": "",
        "cables": "",
        "circuits": "",
        "frequency": "",
        "operator": "",
        "wires": ""
      }
    },
    {
      "type": "Feature",
      "geometry": {
        "type": "LineString",
        "coordinates": [
          [
            129.3087448,
            35.3403769
          ],
          [
            129.3089024,
            35.3403296
          ],
          [
            129.3090818,
            35.3402758
          ],
          [
            129.309253,
            35.3402244
          ]
        ]
      },
      "properties": {
        "osm_type": "way",
        "osm_id": 1270611853,
        "sido": "울산광역시",
        "power_type": "cable",
        "name": "",
        "description": "",
        "voltage": "",
        "cables": "",
        "circuits": "",
        "frequency": "",
        "operator": "",
        "wires": ""
      }
    },
    {
      "type": "Feature",
      "geometry": {
        "type": "LineString",
        "coordinates": [
          [
            129.3085731,
            35.3403923
          ],
          [
            129.3086426,
            35.3403714
          ],
          [
            129.308888,
            35.3402978
          ],
          [
            129.3088802,
            35.3402805
          ]
        ]
      },
      "properties": {
        "osm_type": "way",
        "osm_id": 1270611854,
        "sido": "울산광역시",
        "power_type": "cable",
        "name": "",
        "description": "",
        "voltage": "",
        "cables": "",
        "circuits": "",
        "frequency": "",
        "operator": "",
        "wires": ""
      }
    },
    {
      "type": "Feature",
      "geometry": {
        "type": "LineString",
        "coordinates": [
          [
            129.3085731,
            35.3403923
          ],
          [
            129.3085263,
            35.3402886
          ],
          [
            129.3085958,
            35.3402677
          ],
          [
            129.308622,
            35.3403258
          ],
          [
            129.3088674,
            35.3402522
          ],
          [
            129.3088557,
            35.3402261
          ]
        ]
      },
      "properties": {
        "osm_type": "way",
        "osm_id": 1270611855,
        "sido": "울산광역시",
        "power_type": "cable",
        "name": "",
        "description": "",
        "voltage": "",
        "cables": "",
        "circuits": "",
        "frequency": "",
        "operator": "",
        "wires": ""
      }
    },
    {
      "type": "Feature",
      "geometry": {
        "type": "LineString",
        "coordinates": [
          [
            129.3085731,
            35.3403923
          ],
          [
            129.3086206,
            35.3404978
          ],
          [
            129.3086902,
            35.3404769
          ],
          [
            129.3086673,
            35.3404261
          ],
          [
            129.3089127,
            35.3403525
          ],
          [
            129.3089024,
            35.3403296
          ]
        ]
      },
      "properties": {
        "osm_type": "way",
        "osm_id": 1270611856,
        "sido": "울산광역시",
        "power_type": "cable",
        "name": "",
        "description": "",
        "voltage": "",
        "cables": "",
        "circuits": "",
        "frequency": "",
        "operator": "",
        "wires": ""
      }
    },
    {
      "type": "Feature",
      "geometry": {
        "type": "LineString",
        "coordinates": [
          [
            129.3088356,
            35.3405782
          ],
          [
            129.3089932,
            35.3405309
          ],
          [
            129.3091726,
            35.340477
          ],
          [
            129.3093438,
            35.3404257
          ]
        ]
      },
      "properties": {
        "osm_type": "way",
        "osm_id": 1270611857,
        "sido": "울산광역시",
        "power_type": "cable",
        "name": "",
        "description": "",
        "voltage": "",
        "cables": "",
        "circuits": "",
        "frequency": "",
        "operator": "",
        "wires": ""
      }
    },
    {
      "type": "Feature",
      "geometry": {
        "type": "LineString",
        "coordinates": [
          [
            129.3087935,
            35.3405325
          ],
          [
            129.30897,
            35.3404795
          ],
          [
            129.3091494,
            35.3404256
          ],
          [
            129.3093017,
            35.3403799
          ]
        ]
      },
      "properties": {
        "osm_type": "way",
        "osm_id": 1270611858,
        "sido": "울산광역시",
        "power_type": "cable",
        "name": "",
        "description": "",
        "voltage": "",
        "cables": "",
        "circuits": "",
        "frequency": "",
        "operator": "",
        "wires": ""
      }
    },
    {
      "type": "Feature",
      "geometry": {
        "type": "LineString",
        "coordinates": [
          [
            129.3087521,
            35.3404906
          ],
          [
            129.3089484,
            35.3404317
          ],
          [
            129.3091279,
            35.3403778
          ],
          [
            129.3092614,
            35.3403377
          ]
        ]
      },
      "properties": {
        "osm_type": "way",
        "osm_id": 1270611859,
        "sido": "울산광역시",
        "power_type": "cable",
        "name": "",
        "description": "",
        "voltage": "",
        "cables": "",
        "circuits": "",
        "frequency": "",
        "operator": "",
        "wires": ""
      }
    },
    {
      "type": "Feature",
      "geometry": {
        "type": "LineString",
        "coordinates": [
          [
            129.3092943,
            35.3398939
          ],
          [
            129.3089555,
            35.3399956
          ],
          [
            129.3089437,
            35.3399694
          ]
        ]
      },
      "properties": {
        "osm_type": "way",
        "osm_id": 1270611860,
        "sido": "울산광역시",
        "power_type": "cable",
        "name": "",
        "description": "",
        "voltage": "",
        "cables": "",
        "circuits": "",
        "frequency": "",
        "operator": "",
        "wires": ""
      }
    },
    {
      "type": "Feature",
      "geometry": {
        "type": "LineString",
        "coordinates": [
          [
            129.3092359,
            35.3398505
          ],
          [
            129.3089313,
            35.3399419
          ],
          [
            129.308919,
            35.3399147
          ]
        ]
      },
      "properties": {
        "osm_type": "way",
        "osm_id": 1270611861,
        "sido": "울산광역시",
        "power_type": "cable",
        "name": "",
        "description": "",
        "voltage": "",
        "cables": "",
        "circuits": "",
        "frequency": "",
        "operator": "",
        "wires": ""
      }
    },
    {
      "type": "Feature",
      "geometry": {
        "type": "LineString",
        "coordinates": [
          [
            129.3091846,
            35.3398066
          ],
          [
            129.3089077,
            35.3398897
          ],
          [
            129.308896,
            35.3398636
          ]
        ]
      },
      "properties": {
        "osm_type": "way",
        "osm_id": 1270611862,
        "sido": "울산광역시",
        "power_type": "cable",
        "name": "",
        "description": "",
        "voltage": "",
        "cables": "",
        "circuits": "",
        "frequency": "",
        "operator": "",
        "wires": ""
      }
    },
    {
      "type": "Feature",
      "geometry": {
        "type": "LineString",
        "coordinates": [
          [
            129.3090093,
            35.3393481
          ],
          [
            129.3091395,
            35.339309
          ],
          [
            129.3091941,
            35.33943
          ],
          [
            129.309098,
            35.3394588
          ],
          [
            129.3092943,
            35.3398939
          ],
          [
            129.3093877,
            35.3401012
          ],
          [
            129.3093734,
            35.3401055
          ],
          [
            129.3095081,
            35.3404041
          ],
          [
            129.3091836,
            35.3405015
          ],
          [
            129.3091726,
            35.340477
          ]
        ]
      },
      "properties": {
        "osm_type": "way",
        "osm_id": 1270611863,
        "sido": "울산광역시",
        "power_type": "cable",
        "name": "",
        "description": "",
        "voltage": "",
        "cables": "",
        "circuits": "",
        "frequency": "",
        "operator": "",
        "wires": ""
      }
    },
    {
      "type": "Feature",
      "geometry": {
        "type": "LineString",
        "coordinates": [
          [
            129.3091494,
            35.3404256
          ],
          [
            129.3091618,
            35.340453
          ],
          [
            129.3094664,
            35.3403616
          ],
          [
            129.3092359,
            35.3398505
          ],
          [
            129.3090093,
            35.3393481
          ]
        ]
      },
      "properties": {
        "osm_type": "way",
        "osm_id": 1270611864,
        "sido": "울산광역시",
        "power_type": "cable",
        "name": "",
        "description": "",
        "voltage": "",
        "cables": "",
        "circuits": "",
        "frequency": "",
        "operator": "",
        "wires": ""
      }
    },
    {
      "type": "Feature",
      "geometry": {
        "type": "LineString",
        "coordinates": [
          [
            129.3090093,
            35.3393481
          ],
          [
            129.3088893,
            35.3393841
          ],
          [
            129.3089426,
            35.3395022
          ],
          [
            129.3090348,
            35.3394745
          ],
          [
            129.3091846,
            35.3398066
          ],
          [
            129.3093208,
            35.3401085
          ],
          [
            129.3093282,
            35.3401249
          ],
          [
            129.3094159,
            35.3403194
          ],
          [
            129.309139,
            35.3404025
          ],
          [
            129.3091279,
            35.3403778
          ]
        ]
      },
      "properties": {
        "osm_type": "way",
        "osm_id": 1270611865,
        "sido": "울산광역시",
        "power_type": "cable",
        "name": "",
        "description": "",
        "voltage": "",
        "cables": "",
        "circuits": "",
        "frequency": "",
        "operator": "",
        "wires": ""
      }
    },
    {
      "type": "Feature",
      "geometry": {
        "type": "LineString",
        "coordinates": [
          [
            129.3085026,
            35.3414853
          ],
          [
            129.3085737,
            35.3414639
          ]
        ]
      },
      "properties": {
        "osm_type": "way",
        "osm_id": 1270611866,
        "sido": "울산광역시",
        "power_type": "cable",
        "name": "",
        "description": "",
        "voltage": "",
        "cables": "",
        "circuits": "",
        "frequency": "",
        "operator": "",
        "wires": ""
      }
    },
    {
      "type": "Feature",
      "geometry": {
        "type": "LineString",
        "coordinates": [
          [
            129.3084263,
            35.3413142
          ],
          [
            129.3084962,
            35.3412931
          ]
        ]
      },
      "properties": {
        "osm_type": "way",
        "osm_id": 1270611867,
        "sido": "울산광역시",
        "power_type": "cable",
        "name": "",
        "description": "",
        "voltage": "",
        "cables": "",
        "circuits": "",
        "frequency": "",
        "operator": "",
        "wires": ""
      }
    },
    {
      "type": "Feature",
      "geometry": {
        "type": "LineString",
        "coordinates": [
          [
            129.3082761,
            35.3409775
          ],
          [
            129.3083437,
            35.3409571
          ]
        ]
      },
      "properties": {
        "osm_type": "way",
        "osm_id": 1270611868,
        "sido": "울산광역시",
        "power_type": "cable",
        "name": "",
        "description": "",
        "voltage": "",
        "cables": "",
        "circuits": "",
        "frequency": "",
        "operator": "",
        "wires": ""
      }
    },
    {
      "type": "Feature",
      "geometry": {
        "type": "LineString",
        "coordinates": [
          [
            129.3082008,
            35.3408085
          ],
          [
            129.3082672,
            35.3407885
          ]
        ]
      },
      "properties": {
        "osm_type": "way",
        "osm_id": 1270611869,
        "sido": "울산광역시",
        "power_type": "cable",
        "name": "",
        "description": "",
        "voltage": "",
        "cables": "",
        "circuits": "",
        "frequency": "",
        "operator": "",
        "wires": ""
      }
    },
    {
      "type": "Feature",
      "geometry": {
        "type": "LineString",
        "coordinates": [
          [
            129.3084674,
            35.3410545
          ],
          [
            129.3085043,
            35.3410434
          ],
          [
            129.3085197,
            35.3410774
          ],
          [
            129.3086014,
            35.3410527
          ],
          [
            129.3086069,
            35.3410649
          ],
          [
            129.3086139,
            35.3410802
          ],
          [
            129.3085322,
            35.3411049
          ],
          [
            129.3085421,
            35.3411268
          ],
          [
            129.3085053,
            35.3411379
          ]
        ]
      },
      "properties": {
        "osm_type": "way",
        "osm_id": 1270611870,
        "sido": "울산광역시",
        "power_type": "cable",
        "name": "",
        "description": "",
        "voltage": "",
        "cables": "",
        "circuits": "",
        "frequency": "",
        "operator": "",
        "wires": ""
      }
    },
    {
      "type": "Feature",
      "geometry": {
        "type": "LineString",
        "coordinates": [
          [
            129.3083915,
            35.3408873
          ],
          [
            129.3084284,
            35.3408761
          ],
          [
            129.3084423,
            35.3409069
          ],
          [
            129.308524,
            35.3408822
          ],
          [
            129.3085302,
            35.3408958
          ],
          [
            129.3085368,
            35.3409105
          ],
          [
            129.3084552,
            35.3409351
          ],
          [
            129.3084664,
            35.3409599
          ],
          [
            129.3084295,
            35.340971
          ]
        ]
      },
      "properties": {
        "osm_type": "way",
        "osm_id": 1270611871,
        "sido": "울산광역시",
        "power_type": "cable",
        "name": "",
        "description": "",
        "voltage": "",
        "cables": "",
        "circuits": "",
        "frequency": "",
        "operator": "",
        "wires": ""
      }
    },
    {
      "type": "Feature",
      "geometry": {
        "type": "LineString",
        "coordinates": [
          [
            129.3083538,
            35.3408042
          ],
          [
            129.3083907,
            35.3407931
          ],
          [
            129.3083793,
            35.340768
          ],
          [
            129.308461,
            35.3407433
          ],
          [
            129.3084529,
            35.3407256
          ],
          [
            129.3084485,
            35.3407158
          ],
          [
            129.3083668,
            35.3407405
          ],
          [
            129.3083522,
            35.3407081
          ],
          [
            129.3083153,
            35.3407193
          ]
        ]
      },
      "properties": {
        "osm_type": "way",
        "osm_id": 1270611872,
        "sido": "울산광역시",
        "power_type": "cable",
        "name": "",
        "description": "",
        "voltage": "",
        "cables": "",
        "circuits": "",
        "frequency": "",
        "operator": "",
        "wires": ""
      }
    },
    {
      "type": "Feature",
      "geometry": {
        "type": "LineString",
        "coordinates": [
          [
            129.3084529,
            35.3407256
          ],
          [
            129.3084807,
            35.3407173
          ],
          [
            129.3084656,
            35.3406838
          ],
          [
            129.3087427,
            35.3406006
          ],
          [
            129.3087097,
            35.3405276
          ],
          [
            129.3089581,
            35.3404531
          ],
          [
            129.3089484,
            35.3404317
          ]
        ]
      },
      "properties": {
        "osm_type": "way",
        "osm_id": 1270611873,
        "sido": "울산광역시",
        "power_type": "cable",
        "name": "",
        "description": "",
        "voltage": "",
        "cables": "",
        "circuits": "",
        "frequency": "",
        "operator": "",
        "wires": ""
      }
    },
    {
      "type": "Feature",
      "geometry": {
        "type": "LineString",
        "coordinates": [
          [
            129.3085302,
            35.3408958
          ],
          [
            129.3085749,
            35.3408824
          ],
          [
            129.3084898,
            35.3406938
          ],
          [
            129.3087685,
            35.3406101
          ],
          [
            129.3087508,
            35.3405709
          ],
          [
            129.3089802,
            35.3405021
          ],
          [
            129.30897,
            35.3404795
          ]
        ]
      },
      "properties": {
        "osm_type": "way",
        "osm_id": 1270611874,
        "sido": "울산광역시",
        "power_type": "cable",
        "name": "",
        "description": "",
        "voltage": "",
        "cables": "",
        "circuits": "",
        "frequency": "",
        "operator": "",
        "wires": ""
      }
    },
    {
      "type": "Feature",
      "geometry": {
        "type": "LineString",
        "coordinates": [
          [
            129.3086069,
            35.3410649
          ],
          [
            129.308671,
            35.3410456
          ],
          [
            129.3085185,
            35.3407074
          ],
          [
            129.3090067,
            35.3405609
          ],
          [
            129.3089932,
            35.3405309
          ]
        ]
      },
      "properties": {
        "osm_type": "way",
        "osm_id": 1270611875,
        "sido": "울산광역시",
        "power_type": "cable",
        "name": "",
        "description": "",
        "voltage": "",
        "cables": "",
        "circuits": "",
        "frequency": "",
        "operator": "",
        "wires": ""
      }
    },
    {
      "type": "Feature",
      "geometry": {
        "type": "LineString",
        "coordinates": [
          [
            129.3087039,
            35.3415756
          ],
          [
            129.3088224,
            35.3415398
          ],
          [
            129.3088373,
            35.3415727
          ],
          [
            129.3088523,
            35.3416058
          ],
          [
            129.3087338,
            35.3416416
          ]
        ]
      },
      "properties": {
        "osm_type": "way",
        "osm_id": 1270611876,
        "sido": "울산광역시",
        "power_type": "cable",
        "name": "",
        "description": "",
        "voltage": "",
        "cables": "",
        "circuits": "",
        "frequency": "",
        "operator": "",
        "wires": ""
      }
    },
    {
      "type": "Feature",
      "geometry": {
        "type": "LineString",
        "coordinates": [
          [
            129.3086272,
            35.3414066
          ],
          [
            129.3087457,
            35.3413708
          ],
          [
            129.3087605,
            35.3414035
          ],
          [
            129.3087762,
            35.341438
          ],
          [
            129.3086577,
            35.3414738
          ]
        ]
      },
      "properties": {
        "osm_type": "way",
        "osm_id": 1270611877,
        "sido": "울산광역시",
        "power_type": "cable",
        "name": "",
        "description": "",
        "voltage": "",
        "cables": "",
        "circuits": "",
        "frequency": "",
        "operator": "",
        "wires": ""
      }
    },
    {
      "type": "Feature",
      "geometry": {
        "type": "LineString",
        "coordinates": [
          [
            129.3085778,
            35.3413033
          ],
          [
            129.30858,
            35.3413026
          ],
          [
            129.3086985,
            35.3412668
          ],
          [
            129.3086825,
            35.3412315
          ],
          [
            129.3086686,
            35.3412008
          ],
          [
            129.30855,
            35.3412366
          ]
        ]
      },
      "properties": {
        "osm_type": "way",
        "osm_id": 1270611878,
        "sido": "울산광역시",
        "power_type": "cable",
        "name": "",
        "description": "",
        "voltage": "",
        "cables": "",
        "circuits": "",
        "frequency": "",
        "operator": "",
        "wires": ""
      }
    },
    {
      "type": "Feature",
      "geometry": {
        "type": "LineString",
        "coordinates": [
          [
            129.3086825,
            35.3412315
          ],
          [
            129.3087454,
            35.3412126
          ],
          [
            129.3087493,
            35.3412212
          ],
          [
            129.3089749,
            35.3411535
          ],
          [
            129.3088323,
            35.3408374
          ],
          [
            129.3090957,
            35.3407583
          ],
          [
            129.3090849,
            35.3407344
          ]
        ]
      },
      "properties": {
        "osm_type": "way",
        "osm_id": 1270611879,
        "sido": "울산광역시",
        "power_type": "cable",
        "name": "",
        "description": "",
        "voltage": "",
        "cables": "",
        "circuits": "",
        "frequency": "",
        "operator": "",
        "wires": ""
      }
    },
    {
      "type": "Feature",
      "geometry": {
        "type": "LineString",
        "coordinates": [
          [
            129.3088373,
            35.3415727
          ],
          [
            129.3088986,
            35.3415543
          ],
          [
            129.3087618,
            35.3412511
          ],
          [
            129.3090245,
            35.3411722
          ],
          [
            129.3089149,
            35.3409293
          ],
          [
            129.3091421,
            35.3408611
          ],
          [
            129.3091301,
            35.3408345
          ]
        ]
      },
      "properties": {
        "osm_type": "way",
        "osm_id": 1270611880,
        "sido": "울산광역시",
        "power_type": "cable",
        "name": "",
        "description": "",
        "voltage": "",
        "cables": "",
        "circuits": "",
        "frequency": "",
        "operator": "",
        "wires": ""
      }
    },
    {
      "type": "Feature",
      "geometry": {
        "type": "LineString",
        "coordinates": [
          [
            129.3087605,
            35.3414035
          ],
          [
            129.308802,
            35.341391
          ],
          [
            129.3087345,
            35.3412412
          ],
          [
            129.3089979,
            35.3411622
          ],
          [
            129.3088724,
            35.3408838
          ],
          [
            129.309119,
            35.3408098
          ],
          [
            129.3091069,
            35.3407831
          ]
        ]
      },
      "properties": {
        "osm_type": "way",
        "osm_id": 1270611881,
        "sido": "울산광역시",
        "power_type": "cable",
        "name": "",
        "description": "",
        "voltage": "",
        "cables": "",
        "circuits": "",
        "frequency": "",
        "operator": "",
        "wires": ""
      }
    },
    {
      "type": "Feature",
      "geometry": {
        "type": "LineString",
        "coordinates": [
          [
            129.3083538,
            35.3408042
          ],
          [
            129.3083147,
            35.340816
          ],
          [
            129.3083058,
            35.3407964
          ],
          [
            129.308275,
            35.3408057
          ],
          [
            129.3082672,
            35.3407885
          ],
          [
            129.3082575,
            35.3407671
          ],
          [
            129.3082883,
            35.3407578
          ],
          [
            129.3082761,
            35.3407311
          ],
          [
            129.3083153,
            35.3407193
          ]
        ]
      },
      "properties": {
        "osm_type": "way",
        "osm_id": 1270611882,
        "sido": "울산광역시",
        "power_type": "cable",
        "name": "",
        "description": "",
        "voltage": "",
        "cables": "",
        "circuits": "",
        "frequency": "",
        "operator": "",
        "wires": ""
      }
    },
    {
      "type": "Feature",
      "geometry": {
        "type": "LineString",
        "coordinates": [
          [
            129.3084295,
            35.340971
          ],
          [
            129.3083904,
            35.3409828
          ],
          [
            129.3083816,
            35.3409634
          ],
          [
            129.3083508,
            35.3409727
          ],
          [
            129.3083437,
            35.3409571
          ],
          [
            129.3083333,
            35.3409341
          ],
          [
            129.308364,
            35.3409248
          ],
          [
            129.3083524,
            35.3408991
          ],
          [
            129.3083915,
            35.3408873
          ]
        ]
      },
      "properties": {
        "osm_type": "way",
        "osm_id": 1270611883,
        "sido": "울산광역시",
        "power_type": "cable",
        "name": "",
        "description": "",
        "voltage": "",
        "cables": "",
        "circuits": "",
        "frequency": "",
        "operator": "",
        "wires": ""
      }
    },
    {
      "type": "Feature",
      "geometry": {
        "type": "LineString",
        "coordinates": [
          [
            129.3083508,
            35.3411449
          ],
          [
            129.3084195,
            35.3411241
          ]
        ]
      },
      "properties": {
        "osm_type": "way",
        "osm_id": 1270611884,
        "sido": "울산광역시",
        "power_type": "cable",
        "name": "",
        "description": "",
        "voltage": "",
        "cables": "",
        "circuits": "",
        "frequency": "",
        "operator": "",
        "wires": ""
      }
    },
    {
      "type": "Feature",
      "geometry": {
        "type": "LineString",
        "coordinates": [
          [
            129.3085053,
            35.3411379
          ],
          [
            129.3084661,
            35.3411498
          ],
          [
            129.3084574,
            35.3411306
          ],
          [
            129.3084267,
            35.3411399
          ],
          [
            129.3084195,
            35.3411241
          ],
          [
            129.3084091,
            35.3411013
          ],
          [
            129.3084399,
            35.341092
          ],
          [
            129.3084283,
            35.3410663
          ],
          [
            129.3084674,
            35.3410545
          ]
        ]
      },
      "properties": {
        "osm_type": "way",
        "osm_id": 1270611885,
        "sido": "울산광역시",
        "power_type": "cable",
        "name": "",
        "description": "",
        "voltage": "",
        "cables": "",
        "circuits": "",
        "frequency": "",
        "operator": "",
        "wires": ""
      }
    },
    {
      "type": "Feature",
      "geometry": {
        "type": "LineString",
        "coordinates": [
          [
            129.3085778,
            35.3413033
          ],
          [
            129.3085408,
            35.3413144
          ],
          [
            129.3085319,
            35.3412948
          ],
          [
            129.3085012,
            35.3413041
          ],
          [
            129.3084962,
            35.3412931
          ],
          [
            129.3084917,
            35.3412831
          ],
          [
            129.3085224,
            35.3412738
          ],
          [
            129.3085109,
            35.3412484
          ],
          [
            129.30855,
            35.3412366
          ]
        ]
      },
      "properties": {
        "osm_type": "way",
        "osm_id": 1270611886,
        "sido": "울산광역시",
        "power_type": "cable",
        "name": "",
        "description": "",
        "voltage": "",
        "cables": "",
        "circuits": "",
        "frequency": "",
        "operator": "",
        "wires": ""
      }
    },
    {
      "type": "Feature",
      "geometry": {
        "type": "LineString",
        "coordinates": [
          [
            129.3086577,
            35.3414738
          ],
          [
            129.3086185,
            35.3414856
          ],
          [
            129.3086097,
            35.3414662
          ],
          [
            129.3085789,
            35.3414755
          ],
          [
            129.3085737,
            35.3414639
          ],
          [
            129.3085694,
            35.3414545
          ],
          [
            129.3086002,
            35.3414452
          ],
          [
            129.308588,
            35.3414185
          ],
          [
            129.3086272,
            35.3414066
          ]
        ]
      },
      "properties": {
        "osm_type": "way",
        "osm_id": 1270611887,
        "sido": "울산광역시",
        "power_type": "cable",
        "name": "",
        "description": "",
        "voltage": "",
        "cables": "",
        "circuits": "",
        "frequency": "",
        "operator": "",
        "wires": ""
      }
    },
    {
      "type": "Feature",
      "geometry": {
        "type": "LineString",
        "coordinates": [
          [
            129.3087338,
            35.3416416
          ],
          [
            129.3086947,
            35.3416534
          ],
          [
            129.3086868,
            35.3416361
          ],
          [
            129.308656,
            35.3416454
          ],
          [
            129.3086506,
            35.3416335
          ],
          [
            129.3086465,
            35.3416243
          ],
          [
            129.3086773,
            35.341615
          ],
          [
            129.3086647,
            35.3415874
          ],
          [
            129.3087039,
            35.3415756
          ]
        ]
      },
      "properties": {
        "osm_type": "way",
        "osm_id": 1270611888,
        "sido": "울산광역시",
        "power_type": "cable",
        "name": "",
        "description": "",
        "voltage": "",
        "cables": "",
        "circuits": "",
        "frequency": "",
        "operator": "",
        "wires": ""
      }
    },
    {
      "type": "Feature",
      "geometry": {
        "type": "LineString",
        "coordinates": [
          [
            129.3085784,
            35.3416553
          ],
          [
            129.3086506,
            35.3416335
          ]
        ]
      },
      "properties": {
        "osm_type": "way",
        "osm_id": 1270611889,
        "sido": "울산광역시",
        "power_type": "cable",
        "name": "",
        "description": "",
        "voltage": "",
        "cables": "",
        "circuits": "",
        "frequency": "",
        "operator": "",
        "wires": ""
      }
    },
    {
      "type": "Feature",
      "geometry": {
        "type": "LineString",
        "coordinates": [
          [
            129.3082097,
            35.3408281
          ],
          [
            129.3082008,
            35.3408085
          ],
          [
            129.3081893,
            35.3407832
          ]
        ]
      },
      "properties": {
        "osm_type": "way",
        "osm_id": 1270611890,
        "sido": "울산광역시",
        "power_type": "cable",
        "name": "",
        "description": "",
        "voltage": "",
        "cables": "",
        "circuits": "",
        "frequency": "",
        "operator": "",
        "wires": ""
      }
    },
    {
      "type": "Feature",
      "geometry": {
        "type": "LineString",
        "coordinates": [
          [
            129.3082848,
            35.3409965
          ],
          [
            129.3082761,
            35.3409775
          ],
          [
            129.3082653,
            35.3409535
          ]
        ]
      },
      "properties": {
        "osm_type": "way",
        "osm_id": 1270611891,
        "sido": "울산광역시",
        "power_type": "cable",
        "name": "",
        "description": "",
        "voltage": "",
        "cables": "",
        "circuits": "",
        "frequency": "",
        "operator": "",
        "wires": ""
      }
    },
    {
      "type": "Feature",
      "geometry": {
        "type": "LineString",
        "coordinates": [
          [
            129.3083617,
            35.3411689
          ],
          [
            129.3083508,
            35.3411449
          ],
          [
            129.3083415,
            35.3411244
          ]
        ]
      },
      "properties": {
        "osm_type": "way",
        "osm_id": 1270611892,
        "sido": "울산광역시",
        "power_type": "cable",
        "name": "",
        "description": "",
        "voltage": "",
        "cables": "",
        "circuits": "",
        "frequency": "",
        "operator": "",
        "wires": ""
      }
    },
    {
      "type": "Feature",
      "geometry": {
        "type": "LineString",
        "coordinates": [
          [
            129.3084366,
            35.3413369
          ],
          [
            129.3084263,
            35.3413142
          ],
          [
            129.3084161,
            35.3412919
          ]
        ]
      },
      "properties": {
        "osm_type": "way",
        "osm_id": 1270611893,
        "sido": "울산광역시",
        "power_type": "cable",
        "name": "",
        "description": "",
        "voltage": "",
        "cables": "",
        "circuits": "",
        "frequency": "",
        "operator": "",
        "wires": ""
      }
    },
    {
      "type": "Feature",
      "geometry": {
        "type": "LineString",
        "coordinates": [
          [
            129.3085127,
            35.3415075
          ],
          [
            129.3085026,
            35.3414853
          ],
          [
            129.3084935,
            35.3414654
          ]
        ]
      },
      "properties": {
        "osm_type": "way",
        "osm_id": 1270611894,
        "sido": "울산광역시",
        "power_type": "cable",
        "name": "",
        "description": "",
        "voltage": "",
        "cables": "",
        "circuits": "",
        "frequency": "",
        "operator": "",
        "wires": ""
      }
    },
    {
      "type": "Feature",
      "geometry": {
        "type": "LineString",
        "coordinates": [
          [
            129.3085879,
            35.3416763
          ],
          [
            129.3085784,
            35.3416553
          ],
          [
            129.3085673,
            35.3416308
          ]
        ]
      },
      "properties": {
        "osm_type": "way",
        "osm_id": 1270611895,
        "sido": "울산광역시",
        "power_type": "cable",
        "name": "",
        "description": "",
        "voltage": "",
        "cables": "",
        "circuits": "",
        "frequency": "",
        "operator": "",
        "wires": ""
      }
    },
    {
      "type": "Feature",
      "geometry": {
        "type": "LineString",
        "coordinates": [
          [
            129.3092719,
            35.3417577
          ],
          [
            129.3090357,
            35.3412341
          ],
          [
            129.30919,
            35.3411878
          ],
          [
            129.3091362,
            35.3410686
          ],
          [
            129.3092238,
            35.3410423
          ],
          [
            129.3092136,
            35.3410196
          ]
        ]
      },
      "properties": {
        "osm_type": "way",
        "osm_id": 1270611896,
        "sido": "울산광역시",
        "power_type": "cable",
        "name": "",
        "description": "",
        "voltage": "",
        "cables": "",
        "circuits": "",
        "frequency": "",
        "operator": "",
        "wires": ""
      }
    },
    {
      "type": "Feature",
      "geometry": {
        "type": "LineString",
        "coordinates": [
          [
            129.3090678,
            35.341822
          ],
          [
            129.3090439,
            35.341769
          ],
          [
            129.3092126,
            35.3417183
          ],
          [
            129.3089839,
            35.3412112
          ],
          [
            129.3091387,
            35.3411647
          ],
          [
            129.3090553,
            35.3409798
          ],
          [
            129.3091789,
            35.3409427
          ],
          [
            129.3091674,
            35.3409172
          ]
        ]
      },
      "properties": {
        "osm_type": "way",
        "osm_id": 1270611897,
        "sido": "울산광역시",
        "power_type": "cable",
        "name": "",
        "description": "",
        "voltage": "",
        "cables": "",
        "circuits": "",
        "frequency": "",
        "operator": "",
        "wires": ""
      }
    },
    {
      "type": "Feature",
      "geometry": {
        "type": "LineString",
        "coordinates": [
          [
            129.3088601,
            35.3418819
          ],
          [
            129.3088298,
            35.3418149
          ],
          [
            129.3092231,
            35.3416968
          ],
          [
            129.3090096,
            35.3412235
          ],
          [
            129.3091633,
            35.3411774
          ],
          [
            129.3090956,
            35.3410274
          ],
          [
            129.3092026,
            35.3409953
          ],
          [
            129.3091895,
            35.3409663
          ]
        ]
      },
      "properties": {
        "osm_type": "way",
        "osm_id": 1270611898,
        "sido": "울산광역시",
        "power_type": "cable",
        "name": "",
        "description": "",
        "voltage": "",
        "cables": "",
        "circuits": "",
        "frequency": "",
        "operator": "",
        "wires": ""
      }
    },
    {
      "type": "Feature",
      "geometry": {
        "type": "LineString",
        "coordinates": [
          [
            129.3094789,
            35.3416937
          ],
          [
            129.3094689,
            35.3416714
          ],
          [
            129.3093832,
            35.3416971
          ],
          [
            129.3092052,
            35.3413024
          ],
          [
            129.3093249,
            35.3412665
          ],
          [
            129.3093135,
            35.3412412
          ]
        ]
      },
      "properties": {
        "osm_type": "way",
        "osm_id": 1270611899,
        "sido": "울산광역시",
        "power_type": "cable",
        "name": "",
        "description": "",
        "voltage": "",
        "cables": "",
        "circuits": "",
        "frequency": "",
        "operator": "",
        "wires": ""
      }
    },
    {
      "type": "Feature",
      "geometry": {
        "type": "LineString",
        "coordinates": [
          [
            129.3096886,
            35.3416352
          ],
          [
            129.3096662,
            35.3415856
          ],
          [
            129.3093914,
            35.3416681
          ],
          [
            129.3092474,
            35.3413488
          ],
          [
            129.3093484,
            35.3413185
          ],
          [
            129.3093358,
            35.3412905
          ]
        ]
      },
      "properties": {
        "osm_type": "way",
        "osm_id": 1270611900,
        "sido": "울산광역시",
        "power_type": "cable",
        "name": "",
        "description": "",
        "voltage": "",
        "cables": "",
        "circuits": "",
        "frequency": "",
        "operator": "",
        "wires": ""
      }
    },
    {
      "type": "Feature",
      "geometry": {
        "type": "LineString",
        "coordinates": [
          [
            129.3098923,
            35.3415702
          ],
          [
            129.3098625,
            35.3415041
          ],
          [
            129.3094011,
            35.3416426
          ],
          [
            129.3092887,
            35.3413935
          ],
          [
            129.3093711,
            35.3413688
          ],
          [
            129.3093579,
            35.3413395
          ]
        ]
      },
      "properties": {
        "osm_type": "way",
        "osm_id": 1270611901,
        "sido": "울산광역시",
        "power_type": "cable",
        "name": "",
        "description": "",
        "voltage": "",
        "cables": "",
        "circuits": "",
        "frequency": "",
        "operator": "",
        "wires": ""
      }
    },
    {
      "type": "Feature",
      "geometry": {
        "type": "LineString",
        "coordinates": [
          [
            129.3088708,
            35.3419874
          ],
          [
            129.3088239,
            35.3418933
          ],
          [
            129.3088601,
            35.3418819
          ],
          [
            129.3089003,
            35.3418693
          ],
          [
            129.3089459,
            35.3419622
          ]
        ]
      },
      "properties": {
        "osm_type": "way",
        "osm_id": 1270611902,
        "sido": "울산광역시",
        "power_type": "cable",
        "name": "",
        "description": "",
        "voltage": "",
        "cables": "",
        "circuits": "",
        "frequency": "",
        "operator": "",
        "wires": ""
      }
    },
    {
      "type": "Feature",
      "geometry": {
        "type": "LineString",
        "coordinates": [
          [
            129.3090827,
            35.3419261
          ],
          [
            129.3090358,
            35.3418321
          ],
          [
            129.3090678,
            35.341822
          ],
          [
            129.3091122,
            35.341808
          ],
          [
            129.3091578,
            35.341901
          ]
        ]
      },
      "properties": {
        "osm_type": "way",
        "osm_id": 1270611903,
        "sido": "울산광역시",
        "power_type": "cable",
        "name": "",
        "description": "",
        "voltage": "",
        "cables": "",
        "circuits": "",
        "frequency": "",
        "operator": "",
        "wires": ""
      }
    },
    {
      "type": "Feature",
      "geometry": {
        "type": "LineString",
        "coordinates": [
          [
            129.3092772,
            35.3418649
          ],
          [
            129.3092302,
            35.3417708
          ],
          [
            129.3092719,
            35.3417577
          ],
          [
            129.3093067,
            35.3417467
          ],
          [
            129.3093523,
            35.3418397
          ]
        ]
      },
      "properties": {
        "osm_type": "way",
        "osm_id": 1270611904,
        "sido": "울산광역시",
        "power_type": "cable",
        "name": "",
        "description": "",
        "voltage": "",
        "cables": "",
        "circuits": "",
        "frequency": "",
        "operator": "",
        "wires": ""
      }
    },
    {
      "type": "Feature",
      "geometry": {
        "type": "LineString",
        "coordinates": [
          [
            129.3095038,
            35.3417938
          ],
          [
            129.3094569,
            35.3416997
          ],
          [
            129.3094789,
            35.3416937
          ],
          [
            129.3094971,
            35.3416888
          ],
          [
            129.309536,
            35.3417785
          ]
        ]
      },
      "properties": {
        "osm_type": "way",
        "osm_id": 1270611905,
        "sido": "울산광역시",
        "power_type": "cable",
        "name": "",
        "description": "",
        "voltage": "",
        "cables": "",
        "circuits": "",
        "frequency": "",
        "operator": "",
        "wires": ""
      }
    },
    {
      "type": "Feature",
      "geometry": {
        "type": "LineString",
        "coordinates": [
          [
            129.3097157,
            35.3417347
          ],
          [
            129.3096688,
            35.3416406
          ],
          [
            129.3096886,
            35.3416352
          ],
          [
            129.309709,
            35.3416297
          ],
          [
            129.3097479,
            35.3417194
          ]
        ]
      },
      "properties": {
        "osm_type": "way",
        "osm_id": 1270611906,
        "sido": "울산광역시",
        "power_type": "cable",
        "name": "",
        "description": "",
        "voltage": "",
        "cables": "",
        "circuits": "",
        "frequency": "",
        "operator": "",
        "wires": ""
      }
    },
    {
      "type": "Feature",
      "geometry": {
        "type": "LineString",
        "coordinates": [
          [
            129.3099175,
            35.3416702
          ],
          [
            129.3098706,
            35.3415761
          ],
          [
            129.3098923,
            35.3415702
          ],
          [
            129.3099108,
            35.3415651
          ],
          [
            129.3099497,
            35.3416548
          ]
        ]
      },
      "properties": {
        "osm_type": "way",
        "osm_id": 1270611907,
        "sido": "울산광역시",
        "power_type": "cable",
        "name": "",
        "description": "",
        "voltage": "",
        "cables": "",
        "circuits": "",
        "frequency": "",
        "operator": "",
        "wires": ""
      }
    },
    {
      "type": "Feature",
      "geometry": {
        "type": "LineString",
        "coordinates": [
          [
            129.3097982,
            35.3416166
          ],
          [
            129.3098626,
            35.3417544
          ]
        ]
      },
      "properties": {
        "osm_type": "way",
        "osm_id": 1270611908,
        "sido": "울산광역시",
        "power_type": "cable",
        "name": "",
        "description": "",
        "voltage": "",
        "cables": "",
        "circuits": "",
        "frequency": "",
        "operator": "",
        "wires": ""
      }
    },
    {
      "type": "Feature",
      "geometry": {
        "type": "LineString",
        "coordinates": [
          [
            129.3095892,
            35.3416802
          ],
          [
            129.3096547,
            35.3418178
          ]
        ]
      },
      "properties": {
        "osm_type": "way",
        "osm_id": 1270611909,
        "sido": "울산광역시",
        "power_type": "cable",
        "name": "",
        "description": "",
        "voltage": "",
        "cables": "",
        "circuits": "",
        "frequency": "",
        "operator": "",
        "wires": ""
      }
    },
    {
      "type": "Feature",
      "geometry": {
        "type": "LineString",
        "coordinates": [
          [
            129.3093826,
            35.3417431
          ],
          [
            129.3094522,
            35.3418846
          ]
        ]
      },
      "properties": {
        "osm_type": "way",
        "osm_id": 1270611910,
        "sido": "울산광역시",
        "power_type": "cable",
        "name": "",
        "description": "",
        "voltage": "",
        "cables": "",
        "circuits": "",
        "frequency": "",
        "operator": "",
        "wires": ""
      }
    },
    {
      "type": "Feature",
      "geometry": {
        "type": "LineString",
        "coordinates": [
          [
            129.3091789,
            35.341805
          ],
          [
            129.3092363,
            35.3419404
          ]
        ]
      },
      "properties": {
        "osm_type": "way",
        "osm_id": 1270611911,
        "sido": "울산광역시",
        "power_type": "cable",
        "name": "",
        "description": "",
        "voltage": "",
        "cables": "",
        "circuits": "",
        "frequency": "",
        "operator": "",
        "wires": ""
      }
    },
    {
      "type": "Feature",
      "geometry": {
        "type": "LineString",
        "coordinates": [
          [
            129.3089689,
            35.3418689
          ],
          [
            129.3090364,
            35.3420038
          ]
        ]
      },
      "properties": {
        "osm_type": "way",
        "osm_id": 1270611912,
        "sido": "울산광역시",
        "power_type": "cable",
        "name": "",
        "description": "",
        "voltage": "",
        "cables": "",
        "circuits": "",
        "frequency": "",
        "operator": "",
        "wires": ""
      }
    },
    {
      "type": "Feature",
      "geometry": {
        "type": "LineString",
        "coordinates": [
          [
            129.3100743,
            35.3417038
          ],
          [
            129.3100056,
            35.3415535
          ],
          [
            129.3097982,
            35.3416166
          ],
          [
            129.3095892,
            35.3416802
          ],
          [
            129.3093826,
            35.3417431
          ],
          [
            129.3091789,
            35.341805
          ],
          [
            129.3089689,
            35.3418689
          ],
          [
            129.3087658,
            35.3419307
          ],
          [
            129.3088316,
            35.3420746
          ]
        ]
      },
      "properties": {
        "osm_type": "way",
        "osm_id": 1270611913,
        "sido": "울산광역시",
        "power_type": "cable",
        "name": "",
        "description": "",
        "voltage": "",
        "cables": "",
        "circuits": "",
        "frequency": "",
        "operator": "",
        "wires": ""
      }
    },
    {
      "type": "Feature",
      "geometry": {
        "type": "LineString",
        "coordinates": [
          [
            129.314571,
            35.3403553
          ],
          [
            129.3144508,
            35.340392
          ],
          [
            129.314428,
            35.3403424
          ],
          [
            129.3142944,
            35.3400512
          ],
          [
            129.3144146,
            35.3400145
          ]
        ]
      },
      "properties": {
        "osm_type": "way",
        "osm_id": 1270611983,
        "sido": "울산광역시",
        "power_type": "cable",
        "name": "",
        "description": "",
        "voltage": "",
        "cables": "",
        "circuits": "",
        "frequency": "",
        "operator": "",
        "wires": ""
      }
    },
    {
      "type": "Feature",
      "geometry": {
        "type": "LineString",
        "coordinates": [
          [
            129.3144146,
            35.3400145
          ],
          [
            129.3144253,
            35.3400378
          ],
          [
            129.3144505,
            35.3400928
          ],
          [
            129.3145209,
            35.3402463
          ],
          [
            129.3145333,
            35.3402731
          ],
          [
            129.3145613,
            35.3403343
          ],
          [
            129.314571,
            35.3403553
          ]
        ]
      },
      "properties": {
        "osm_type": "way",
        "osm_id": 1270611984,
        "sido": "울산광역시",
        "power_type": "cable",
        "name": "",
        "description": "",
        "voltage": "",
        "cables": "",
        "circuits": "",
        "frequency": "",
        "operator": "",
        "wires": ""
      }
    },
    {
      "type": "Feature",
      "geometry": {
        "type": "LineString",
        "coordinates": [
          [
            129.3147044,
            35.3400153
          ],
          [
            129.3144505,
            35.3400928
          ]
        ]
      },
      "properties": {
        "osm_type": "way",
        "osm_id": 1270611985,
        "sido": "울산광역시",
        "power_type": "cable",
        "name": "",
        "description": "",
        "voltage": "",
        "cables": "",
        "circuits": "",
        "frequency": "",
        "operator": "",
        "wires": ""
      }
    },
    {
      "type": "Feature",
      "geometry": {
        "type": "LineString",
        "coordinates": [
          [
            129.3138854,
            35.3400202
          ],
          [
            129.3138446,
            35.3399312
          ],
          [
            129.3140025,
            35.3398829
          ],
          [
            129.3140451,
            35.3399757
          ]
        ]
      },
      "properties": {
        "osm_type": "way",
        "osm_id": 1270611986,
        "sido": "울산광역시",
        "power_type": "cable",
        "name": "",
        "description": "",
        "voltage": "",
        "cables": "",
        "circuits": "",
        "frequency": "",
        "operator": "",
        "wires": ""
      }
    },
    {
      "type": "Feature",
      "geometry": {
        "type": "LineString",
        "coordinates": [
          [
            129.3141247,
            35.3404253
          ],
          [
            129.314428,
            35.3403424
          ]
        ]
      },
      "properties": {
        "osm_type": "way",
        "osm_id": 1270611987,
        "sido": "울산광역시",
        "power_type": "cable",
        "name": "",
        "description": "",
        "voltage": "",
        "cables": "",
        "circuits": "",
        "frequency": "",
        "operator": "",
        "wires": ""
      }
    },
    {
      "type": "Feature",
      "geometry": {
        "type": "LineString",
        "coordinates": [
          [
            129.3141168,
            35.3404077
          ],
          [
            129.3144388,
            35.340319
          ]
        ]
      },
      "properties": {
        "osm_type": "way",
        "osm_id": 1270611988,
        "sido": "울산광역시",
        "power_type": "cable",
        "name": "",
        "description": "",
        "voltage": "",
        "cables": "",
        "circuits": "",
        "frequency": "",
        "operator": "",
        "wires": ""
      }
    },
    {
      "type": "Feature",
      "geometry": {
        "type": "LineString",
        "coordinates": [
          [
            129.314107,
            35.3403856
          ],
          [
            129.3144287,
            35.340297
          ]
        ]
      },
      "properties": {
        "osm_type": "way",
        "osm_id": 1270611989,
        "sido": "울산광역시",
        "power_type": "cable",
        "name": "",
        "description": "",
        "voltage": "",
        "cables": "",
        "circuits": "",
        "frequency": "",
        "operator": "",
        "wires": ""
      }
    },
    {
      "type": "Feature",
      "geometry": {
        "type": "LineString",
        "coordinates": [
          [
            129.3145613,
            35.3403343
          ],
          [
            129.31446,
            35.3403652
          ],
          [
            129.3144388,
            35.340319
          ],
          [
            129.3144287,
            35.340297
          ],
          [
            129.314324,
            35.3400687
          ],
          [
            129.3144253,
            35.3400378
          ]
        ]
      },
      "properties": {
        "osm_type": "way",
        "osm_id": 1270611990,
        "sido": "울산광역시",
        "power_type": "cable",
        "name": "",
        "description": "",
        "voltage": "",
        "cables": "",
        "circuits": "",
        "frequency": "",
        "operator": "",
        "wires": ""
      }
    },
    {
      "type": "Feature",
      "geometry": {
        "type": "LineString",
        "coordinates": [
          [
            129.3147872,
            35.3401956
          ],
          [
            129.3145333,
            35.3402731
          ]
        ]
      },
      "properties": {
        "osm_type": "way",
        "osm_id": 1270611991,
        "sido": "울산광역시",
        "power_type": "cable",
        "name": "",
        "description": "",
        "voltage": "",
        "cables": "",
        "circuits": "",
        "frequency": "",
        "operator": "",
        "wires": ""
      }
    },
    {
      "type": "Feature",
      "geometry": {
        "type": "LineString",
        "coordinates": [
          [
            129.3153766,
            35.3414851
          ],
          [
            129.3151227,
            35.3415626
          ]
        ]
      },
      "properties": {
        "osm_type": "way",
        "osm_id": 1270611993,
        "sido": "울산광역시",
        "power_type": "cable",
        "name": "",
        "description": "",
        "voltage": "",
        "cables": "",
        "circuits": "",
        "frequency": "",
        "operator": "",
        "wires": ""
      }
    },
    {
      "type": "Feature",
      "geometry": {
        "type": "LineString",
        "coordinates": [
          [
            129.3153643,
            35.3414583
          ],
          [
            129.3151104,
            35.3415358
          ]
        ]
      },
      "properties": {
        "osm_type": "way",
        "osm_id": 1270611994,
        "sido": "울산광역시",
        "power_type": "cable",
        "name": "",
        "description": "",
        "voltage": "",
        "cables": "",
        "circuits": "",
        "frequency": "",
        "operator": "",
        "wires": ""
      }
    },
    {
      "type": "Feature",
      "geometry": {
        "type": "LineString",
        "coordinates": [
          [
            129.3152939,
            35.3413048
          ],
          [
            129.31504,
            35.3413823
          ]
        ]
      },
      "properties": {
        "osm_type": "way",
        "osm_id": 1270611995,
        "sido": "울산광역시",
        "power_type": "cable",
        "name": "",
        "description": "",
        "voltage": "",
        "cables": "",
        "circuits": "",
        "frequency": "",
        "operator": "",
        "wires": ""
      }
    },
    {
      "type": "Feature",
      "geometry": {
        "type": "LineString",
        "coordinates": [
          [
            129.3150041,
            35.341304
          ],
          [
            129.3150147,
            35.3413273
          ],
          [
            129.31504,
            35.3413823
          ],
          [
            129.3151104,
            35.3415358
          ],
          [
            129.3151227,
            35.3415626
          ],
          [
            129.3151508,
            35.3416238
          ],
          [
            129.3151604,
            35.3416448
          ]
        ]
      },
      "properties": {
        "osm_type": "way",
        "osm_id": 1270611996,
        "sido": "울산광역시",
        "power_type": "cable",
        "name": "",
        "description": "",
        "voltage": "",
        "cables": "",
        "circuits": "",
        "frequency": "",
        "operator": "",
        "wires": ""
      }
    },
    {
      "type": "Feature",
      "geometry": {
        "type": "LineString",
        "coordinates": [
          [
            129.3146847,
            35.3416786
          ],
          [
            129.3150181,
            35.3415865
          ]
        ]
      },
      "properties": {
        "osm_type": "way",
        "osm_id": 1270611997,
        "sido": "울산광역시",
        "power_type": "cable",
        "name": "",
        "description": "",
        "voltage": "",
        "cables": "",
        "circuits": "",
        "frequency": "",
        "operator": "",
        "wires": ""
      }
    },
    {
      "type": "Feature",
      "geometry": {
        "type": "LineString",
        "coordinates": [
          [
            129.3146946,
            35.3417006
          ],
          [
            129.3150282,
            35.3416085
          ]
        ]
      },
      "properties": {
        "osm_type": "way",
        "osm_id": 1270611998,
        "sido": "울산광역시",
        "power_type": "cable",
        "name": "",
        "description": "",
        "voltage": "",
        "cables": "",
        "circuits": "",
        "frequency": "",
        "operator": "",
        "wires": ""
      }
    },
    {
      "type": "Feature",
      "geometry": {
        "type": "LineString",
        "coordinates": [
          [
            129.3151604,
            35.3416448
          ],
          [
            129.3150402,
            35.3416815
          ],
          [
            129.3150174,
            35.3416318
          ],
          [
            129.3148839,
            35.3413407
          ],
          [
            129.3150041,
            35.341304
          ]
        ]
      },
      "properties": {
        "osm_type": "way",
        "osm_id": 1270611999,
        "sido": "울산광역시",
        "power_type": "cable",
        "name": "",
        "description": "",
        "voltage": "",
        "cables": "",
        "circuits": "",
        "frequency": "",
        "operator": "",
        "wires": ""
      }
    },
    {
      "type": "Feature",
      "geometry": {
        "type": "LineString",
        "coordinates": [
          [
            129.3147025,
            35.3417183
          ],
          [
            129.3150174,
            35.3416318
          ]
        ]
      },
      "properties": {
        "osm_type": "way",
        "osm_id": 1270612000,
        "sido": "울산광역시",
        "power_type": "cable",
        "name": "",
        "description": "",
        "voltage": "",
        "cables": "",
        "circuits": "",
        "frequency": "",
        "operator": "",
        "wires": ""
      }
    },
    {
      "type": "Feature",
      "geometry": {
        "type": "LineString",
        "coordinates": [
          [
            129.3144684,
            35.3413211
          ],
          [
            129.3144275,
            35.3412321
          ],
          [
            129.3145855,
            35.3411838
          ],
          [
            129.3146281,
            35.3412766
          ]
        ]
      },
      "properties": {
        "osm_type": "way",
        "osm_id": 1270612001,
        "sido": "울산광역시",
        "power_type": "cable",
        "name": "",
        "description": "",
        "voltage": "",
        "cables": "",
        "circuits": "",
        "frequency": "",
        "operator": "",
        "wires": ""
      }
    },
    {
      "type": "Feature",
      "geometry": {
        "type": "LineString",
        "coordinates": [
          [
            129.3121767,
            35.3375221
          ],
          [
            129.3121358,
            35.3374331
          ],
          [
            129.3122938,
            35.3373849
          ],
          [
            129.3123364,
            35.3374777
          ]
        ]
      },
      "properties": {
        "osm_type": "way",
        "osm_id": 1270612006,
        "sido": "울산광역시",
        "power_type": "cable",
        "name": "",
        "description": "",
        "voltage": "",
        "cables": "",
        "circuits": "",
        "frequency": "",
        "operator": "",
        "wires": ""
      }
    },
    {
      "type": "Feature",
      "geometry": {
        "type": "LineString",
        "coordinates": [
          [
            129.3130798,
            35.3376855
          ],
          [
            129.3128259,
            35.337763
          ]
        ]
      },
      "properties": {
        "osm_type": "way",
        "osm_id": 1270612007,
        "sido": "울산광역시",
        "power_type": "cable",
        "name": "",
        "description": "",
        "voltage": "",
        "cables": "",
        "circuits": "",
        "frequency": "",
        "operator": "",
        "wires": ""
      }
    },
    {
      "type": "Feature",
      "geometry": {
        "type": "LineString",
        "coordinates": [
          [
            129.312997,
            35.3375052
          ],
          [
            129.3127431,
            35.3375827
          ]
        ]
      },
      "properties": {
        "osm_type": "way",
        "osm_id": 1270612008,
        "sido": "울산광역시",
        "power_type": "cable",
        "name": "",
        "description": "",
        "voltage": "",
        "cables": "",
        "circuits": "",
        "frequency": "",
        "operator": "",
        "wires": ""
      }
    },
    {
      "type": "Feature",
      "geometry": {
        "type": "LineString",
        "coordinates": [
          [
            129.3124045,
            35.337919
          ],
          [
            129.3127206,
            35.3378323
          ]
        ]
      },
      "properties": {
        "osm_type": "way",
        "osm_id": 1270612009,
        "sido": "울산광역시",
        "power_type": "cable",
        "name": "",
        "description": "",
        "voltage": "",
        "cables": "",
        "circuits": "",
        "frequency": "",
        "operator": "",
        "wires": ""
      }
    },
    {
      "type": "Feature",
      "geometry": {
        "type": "LineString",
        "coordinates": [
          [
            129.3123966,
            35.3379014
          ],
          [
            129.3127314,
            35.3378089
          ]
        ]
      },
      "properties": {
        "osm_type": "way",
        "osm_id": 1270612010,
        "sido": "울산광역시",
        "power_type": "cable",
        "name": "",
        "description": "",
        "voltage": "",
        "cables": "",
        "circuits": "",
        "frequency": "",
        "operator": "",
        "wires": ""
      }
    },
    {
      "type": "Feature",
      "geometry": {
        "type": "LineString",
        "coordinates": [
          [
            129.3123868,
            35.3378793
          ],
          [
            129.3127213,
            35.3377869
          ]
        ]
      },
      "properties": {
        "osm_type": "way",
        "osm_id": 1270612011,
        "sido": "울산광역시",
        "power_type": "cable",
        "name": "",
        "description": "",
        "voltage": "",
        "cables": "",
        "circuits": "",
        "frequency": "",
        "operator": "",
        "wires": ""
      }
    },
    {
      "type": "Feature",
      "geometry": {
        "type": "LineString",
        "coordinates": [
          [
            129.3128636,
            35.3378452
          ],
          [
            129.3127434,
            35.3378819
          ],
          [
            129.3127206,
            35.3378323
          ],
          [
            129.3125871,
            35.3375411
          ],
          [
            129.3127072,
            35.3375044
          ]
        ]
      },
      "properties": {
        "osm_type": "way",
        "osm_id": 1270612012,
        "sido": "울산광역시",
        "power_type": "cable",
        "name": "",
        "description": "",
        "voltage": "",
        "cables": "",
        "circuits": "",
        "frequency": "",
        "operator": "",
        "wires": ""
      }
    },
    {
      "type": "Feature",
      "geometry": {
        "type": "LineString",
        "coordinates": [
          [
            129.3128539,
            35.3378242
          ],
          [
            129.3127526,
            35.3378551
          ],
          [
            129.3127314,
            35.3378089
          ],
          [
            129.3127213,
            35.3377869
          ],
          [
            129.3126166,
            35.3375586
          ],
          [
            129.3127179,
            35.3375277
          ]
        ]
      },
      "properties": {
        "osm_type": "way",
        "osm_id": 1270612013,
        "sido": "울산광역시",
        "power_type": "cable",
        "name": "",
        "description": "",
        "voltage": "",
        "cables": "",
        "circuits": "",
        "frequency": "",
        "operator": "",
        "wires": ""
      }
    },
    {
      "type": "Feature",
      "geometry": {
        "type": "LineString",
        "coordinates": [
          [
            129.3127072,
            35.3375044
          ],
          [
            129.3127179,
            35.3375277
          ],
          [
            129.3127431,
            35.3375827
          ],
          [
            129.3128136,
            35.3377362
          ],
          [
            129.3128259,
            35.337763
          ],
          [
            129.3128539,
            35.3378242
          ],
          [
            129.3128636,
            35.3378452
          ]
        ]
      },
      "properties": {
        "osm_type": "way",
        "osm_id": 1270612014,
        "sido": "울산광역시",
        "power_type": "cable",
        "name": "",
        "description": "",
        "voltage": "",
        "cables": "",
        "circuits": "",
        "frequency": "",
        "operator": "",
        "wires": ""
      }
    },
    {
      "type": "Feature",
      "geometry": {
        "type": "LineString",
        "coordinates": [
          [
            129.3130674,
            35.3376587
          ],
          [
            129.3128136,
            35.3377362
          ]
        ]
      },
      "properties": {
        "osm_type": "way",
        "osm_id": 1270612015,
        "sido": "울산광역시",
        "power_type": "cable",
        "name": "",
        "description": "",
        "voltage": "",
        "cables": "",
        "circuits": "",
        "frequency": "",
        "operator": "",
        "wires": ""
      }
    },
    {
      "type": "Feature",
      "geometry": {
        "type": "LineString",
        "coordinates": [
          [
            129.3121715,
            35.3375215
          ],
          [
            129.3121307,
            35.3374325
          ],
          [
            129.3122886,
            35.3373842
          ],
          [
            129.3123312,
            35.337477
          ]
        ]
      },
      "properties": {
        "osm_type": "way",
        "osm_id": 1270612016,
        "sido": "울산광역시",
        "power_type": "cable",
        "name": "",
        "description": "",
        "voltage": "",
        "cables": "",
        "circuits": "",
        "frequency": "",
        "operator": "",
        "wires": ""
      }
    },
    {
      "type": "Feature",
      "geometry": {
        "type": "LineString",
        "coordinates": [
          [
            129.3115872,
            35.3362326
          ],
          [
            129.3115464,
            35.3361436
          ],
          [
            129.3117043,
            35.3360953
          ],
          [
            129.3117469,
            35.3361881
          ]
        ]
      },
      "properties": {
        "osm_type": "way",
        "osm_id": 1270612057,
        "sido": "울산광역시",
        "power_type": "cable",
        "name": "",
        "description": "",
        "voltage": "",
        "cables": "",
        "circuits": "",
        "frequency": "",
        "operator": "",
        "wires": ""
      }
    },
    {
      "type": "Feature",
      "geometry": {
        "type": "LineString",
        "coordinates": [
          [
            129.3121178,
            35.3362149
          ],
          [
            129.3121285,
            35.3362381
          ],
          [
            129.3121537,
            35.3362931
          ],
          [
            129.3122241,
            35.3364466
          ],
          [
            129.3122364,
            35.3364735
          ],
          [
            129.3122645,
            35.3365346
          ],
          [
            129.3122741,
            35.3365557
          ]
        ]
      },
      "properties": {
        "osm_type": "way",
        "osm_id": 1270612059,
        "sido": "울산광역시",
        "power_type": "cable",
        "name": "",
        "description": "",
        "voltage": "",
        "cables": "",
        "circuits": "",
        "frequency": "",
        "operator": "",
        "wires": ""
      }
    },
    {
      "type": "Feature",
      "geometry": {
        "type": "LineString",
        "coordinates": [
          [
            129.3124076,
            35.3362156
          ],
          [
            129.3121537,
            35.3362931
          ]
        ]
      },
      "properties": {
        "osm_type": "way",
        "osm_id": 1270612060,
        "sido": "울산광역시",
        "power_type": "cable",
        "name": "",
        "description": "",
        "voltage": "",
        "cables": "",
        "circuits": "",
        "frequency": "",
        "operator": "",
        "wires": ""
      }
    },
    {
      "type": "Feature",
      "geometry": {
        "type": "LineString",
        "coordinates": [
          [
            129.312478,
            35.3363691
          ],
          [
            129.3122241,
            35.3364466
          ]
        ]
      },
      "properties": {
        "osm_type": "way",
        "osm_id": 1270612061,
        "sido": "울산광역시",
        "power_type": "cable",
        "name": "",
        "description": "",
        "voltage": "",
        "cables": "",
        "circuits": "",
        "frequency": "",
        "operator": "",
        "wires": ""
      }
    },
    {
      "type": "Feature",
      "geometry": {
        "type": "LineString",
        "coordinates": [
          [
            129.3124903,
            35.336396
          ],
          [
            129.3122364,
            35.3364735
          ]
        ]
      },
      "properties": {
        "osm_type": "way",
        "osm_id": 1270612062,
        "sido": "울산광역시",
        "power_type": "cable",
        "name": "",
        "description": "",
        "voltage": "",
        "cables": "",
        "circuits": "",
        "frequency": "",
        "operator": "",
        "wires": ""
      }
    },
    {
      "type": "Feature",
      "geometry": {
        "type": "LineString",
        "coordinates": [
          [
            129.3122645,
            35.3365346
          ],
          [
            129.3121632,
            35.3365656
          ],
          [
            129.312142,
            35.3365193
          ],
          [
            129.3121319,
            35.3364973
          ],
          [
            129.3120271,
            35.336269
          ],
          [
            129.3121285,
            35.3362381
          ]
        ]
      },
      "properties": {
        "osm_type": "way",
        "osm_id": 1270612063,
        "sido": "울산광역시",
        "power_type": "cable",
        "name": "",
        "description": "",
        "voltage": "",
        "cables": "",
        "circuits": "",
        "frequency": "",
        "operator": "",
        "wires": ""
      }
    },
    {
      "type": "Feature",
      "geometry": {
        "type": "LineString",
        "coordinates": [
          [
            129.3122741,
            35.3365557
          ],
          [
            129.3121539,
            35.3365924
          ],
          [
            129.3121312,
            35.3365427
          ],
          [
            129.3119976,
            35.3362515
          ],
          [
            129.3121178,
            35.3362149
          ]
        ]
      },
      "properties": {
        "osm_type": "way",
        "osm_id": 1270612064,
        "sido": "울산광역시",
        "power_type": "cable",
        "name": "",
        "description": "",
        "voltage": "",
        "cables": "",
        "circuits": "",
        "frequency": "",
        "operator": "",
        "wires": ""
      }
    },
    {
      "type": "Feature",
      "geometry": {
        "type": "LineString",
        "coordinates": [
          [
            129.3118282,
            35.3366256
          ],
          [
            129.3121312,
            35.3365427
          ]
        ]
      },
      "properties": {
        "osm_type": "way",
        "osm_id": 1270612065,
        "sido": "울산광역시",
        "power_type": "cable",
        "name": "",
        "description": "",
        "voltage": "",
        "cables": "",
        "circuits": "",
        "frequency": "",
        "operator": "",
        "wires": ""
      }
    },
    {
      "type": "Feature",
      "geometry": {
        "type": "LineString",
        "coordinates": [
          [
            129.3118203,
            35.3366079
          ],
          [
            129.312142,
            35.3365193
          ]
        ]
      },
      "properties": {
        "osm_type": "way",
        "osm_id": 1270612066,
        "sido": "울산광역시",
        "power_type": "cable",
        "name": "",
        "description": "",
        "voltage": "",
        "cables": "",
        "circuits": "",
        "frequency": "",
        "operator": "",
        "wires": ""
      }
    },
    {
      "type": "Feature",
      "geometry": {
        "type": "LineString",
        "coordinates": [
          [
            129.3118104,
            35.3365858
          ],
          [
            129.3121319,
            35.3364973
          ]
        ]
      },
      "properties": {
        "osm_type": "way",
        "osm_id": 1270612067,
        "sido": "울산광역시",
        "power_type": "cable",
        "name": "",
        "description": "",
        "voltage": "",
        "cables": "",
        "circuits": "",
        "frequency": "",
        "operator": "",
        "wires": ""
      }
    },
    {
      "type": "Feature",
      "geometry": {
        "type": "LineString",
        "coordinates": [
          [
            129.314488,
            35.3441165
          ],
          [
            129.3143793,
            35.343868
          ],
          [
            129.3142803,
            35.3436418
          ],
          [
            129.3141889,
            35.3434328
          ]
        ]
      },
      "properties": {
        "osm_type": "way",
        "osm_id": 1270612613,
        "sido": "울산광역시",
        "power_type": "minor_line",
        "name": "",
        "description": "",
        "voltage": "",
        "cables": "",
        "circuits": "",
        "frequency": "",
        "operator": "",
        "wires": ""
      }
    },
    {
      "type": "Feature",
      "geometry": {
        "type": "LineString",
        "coordinates": [
          [
            129.3100876,
            35.3406755
          ],
          [
            129.310061,
            35.3406101
          ],
          [
            129.3144464,
            35.3393367
          ],
          [
            129.3153959,
            35.3413715
          ]
        ]
      },
      "properties": {
        "osm_type": "way",
        "osm_id": 1330692413,
        "sido": "울산광역시",
        "power_type": "cable",
        "name": "",
        "description": "",
        "voltage": "765000",
        "cables": "3",
        "circuits": "1",
        "frequency": "60",
        "operator": "",
        "wires": ""
      }
    },
    {
      "type": "Feature",
      "geometry": {
        "type": "LineString",
        "coordinates": [
          [
            129.3361278,
            35.6161123
          ],
          [
            129.3392497,
            35.6185903
          ],
          [
            129.3415913,
            35.6181452
          ],
          [
            129.3436351,
            35.6173928
          ],
          [
            129.3457162,
            35.6165433
          ],
          [
            129.3477903,
            35.6156273
          ],
          [
            129.349785,
            35.6154076
          ],
          [
            129.3520917,
            35.6165065
          ],
          [
            129.3557703,
            35.6180701
          ],
          [
            129.3586939,
            35.6193193
          ],
          [
            129.3619433,
            35.6207016
          ],
          [
            129.3646912,
            35.6211173
          ],
          [
            129.3670947,
            35.6214872
          ],
          [
            129.3703746,
            35.6205304
          ],
          [
            129.3730208,
            35.6180155
          ]
        ]
      },
      "properties": {
        "osm_type": "way",
        "osm_id": 1363893676,
        "sido": "울산광역시",
        "power_type": "line",
        "name": "",
        "description": "",
        "voltage": "154000",
        "cables": "",
        "circuits": "",
        "frequency": "60",
        "operator": "",
        "wires": ""
      }
    },
    {
      "type": "Feature",
      "geometry": {
        "type": "LineString",
        "coordinates": [
          [
            129.3730208,
            35.6180155
          ],
          [
            129.3737234,
            35.6156714
          ],
          [
            129.3741091,
            35.6117297
          ],
          [
            129.3745314,
            35.6073931
          ],
          [
            129.3747809,
            35.6049948
          ],
          [
            129.3751533,
            35.6011175
          ],
          [
            129.3755391,
            35.5972535
          ],
          [
            129.3759315,
            35.5930918
          ],
          [
            129.3762108,
            35.5903875
          ],
          [
            129.3763372,
            35.5889299
          ],
          [
            129.3768127,
            35.586788
          ],
          [
            129.3774645,
            35.5838889
          ],
          [
            129.378103,
            35.5810761
          ],
          [
            129.3789244,
            35.5756532
          ],
          [
            129.3791672,
            35.5740032
          ],
          [
            129.3793667,
            35.5727347
          ],
          [
            129.379553,
            35.571485
          ],
          [
            129.3801216,
            35.5692453
          ],
          [
            129.3803993,
            35.5660009
          ],
          [
            129.3806519,
            35.5642865
          ],
          [
            129.3809025,
            35.5627177
          ],
          [
            129.3816879,
            35.5576025
          ],
          [
            129.3820007,
            35.55552
          ]
        ]
      },
      "properties": {
        "osm_type": "way",
        "osm_id": 1363893677,
        "sido": "울산광역시",
        "power_type": "line",
        "name": "",
        "description": "",
        "voltage": "154000",
        "cables": "",
        "circuits": "",
        "frequency": "60",
        "operator": "",
        "wires": ""
      }
    },
    {
      "type": "Feature",
      "geometry": {
        "type": "LineString",
        "coordinates": [
          [
            129.4302185,
            35.6217478
          ],
          [
            129.4283516,
            35.6216367
          ]
        ]
      },
      "properties": {
        "osm_type": "way",
        "osm_id": 1414189343,
        "sido": "울산광역시",
        "power_type": "line",
        "name": "",
        "description": "",
        "voltage": "",
        "cables": "",
        "circuits": "",
        "frequency": "",
        "operator": "",
        "wires": ""
      }
    },
    {
      "type": "Feature",
      "geometry": {
        "type": "LineString",
        "coordinates": [
          [
            129.4283516,
            35.6216367
          ],
          [
            129.4232031,
            35.6224404
          ]
        ]
      },
      "properties": {
        "osm_type": "way",
        "osm_id": 1414189344,
        "sido": "울산광역시",
        "power_type": "line",
        "name": "",
        "description": "",
        "voltage": "",
        "cables": "",
        "circuits": "",
        "frequency": "",
        "operator": "",
        "wires": ""
      }
    },
    {
      "type": "Feature",
      "geometry": {
        "type": "LineString",
        "coordinates": [
          [
            129.4232031,
            35.6224404
          ],
          [
            129.420727,
            35.6234813
          ]
        ]
      },
      "properties": {
        "osm_type": "way",
        "osm_id": 1414189345,
        "sido": "울산광역시",
        "power_type": "line",
        "name": "",
        "description": "",
        "voltage": "",
        "cables": "",
        "circuits": "",
        "frequency": "",
        "operator": "",
        "wires": ""
      }
    },
    {
      "type": "Feature",
      "geometry": {
        "type": "LineString",
        "coordinates": [
          [
            129.420727,
            35.6234813
          ],
          [
            129.4180452,
            35.6246059
          ]
        ]
      },
      "properties": {
        "osm_type": "way",
        "osm_id": 1414189346,
        "sido": "울산광역시",
        "power_type": "line",
        "name": "",
        "description": "",
        "voltage": "",
        "cables": "",
        "circuits": "",
        "frequency": "",
        "operator": "",
        "wires": ""
      }
    },
    {
      "type": "Feature",
      "geometry": {
        "type": "LineString",
        "coordinates": [
          [
            129.4180452,
            35.6246059
          ],
          [
            129.4146909,
            35.6257445
          ]
        ]
      },
      "properties": {
        "osm_type": "way",
        "osm_id": 1414189347,
        "sido": "울산광역시",
        "power_type": "line",
        "name": "",
        "description": "",
        "voltage": "",
        "cables": "",
        "circuits": "",
        "frequency": "",
        "operator": "",
        "wires": ""
      }
    },
    {
      "type": "Feature",
      "geometry": {
        "type": "LineString",
        "coordinates": [
          [
            129.4146909,
            35.6257445
          ],
          [
            129.4112913,
            35.6266966
          ]
        ]
      },
      "properties": {
        "osm_type": "way",
        "osm_id": 1414189348,
        "sido": "울산광역시",
        "power_type": "line",
        "name": "",
        "description": "",
        "voltage": "",
        "cables": "",
        "circuits": "",
        "frequency": "",
        "operator": "",
        "wires": ""
      }
    },
    {
      "type": "Feature",
      "geometry": {
        "type": "LineString",
        "coordinates": [
          [
            129.4071971,
            35.6278794
          ],
          [
            129.4049738,
            35.6285045
          ]
        ]
      },
      "properties": {
        "osm_type": "way",
        "osm_id": 1414189349,
        "sido": "울산광역시",
        "power_type": "line",
        "name": "",
        "description": "",
        "voltage": "",
        "cables": "",
        "circuits": "",
        "frequency": "",
        "operator": "",
        "wires": ""
      }
    },
    {
      "type": "Feature",
      "geometry": {
        "type": "LineString",
        "coordinates": [
          [
            129.4112913,
            35.6266966
          ],
          [
            129.4071971,
            35.6278794
          ]
        ]
      },
      "properties": {
        "osm_type": "way",
        "osm_id": 1414189350,
        "sido": "울산광역시",
        "power_type": "line",
        "name": "",
        "description": "",
        "voltage": "",
        "cables": "",
        "circuits": "",
        "frequency": "",
        "operator": "",
        "wires": ""
      }
    },
    {
      "type": "Feature",
      "geometry": {
        "type": "LineString",
        "coordinates": [
          [
            129.4245343,
            35.5331321
          ],
          [
            129.4259793,
            35.534881
          ],
          [
            129.42638,
            35.5370323
          ]
        ]
      },
      "properties": {
        "osm_type": "way",
        "osm_id": 1431347628,
        "sido": "울산광역시",
        "power_type": "line",
        "name": "",
        "description": "",
        "voltage": "154000",
        "cables": "12",
        "circuits": "4",
        "frequency": "60",
        "operator": "",
        "wires": ""
      }
    }
  ]
}