{
  "type": "FeatureCollection",
  "features": [
    {
      "type": "Feature",
      "geometry": {
        "type": "LineString",
        "coordinates": [
          [
            126.7898075,
            36.4662092
          ],
          [
            126.7926551,
            36.4671128
          ],
          [
            126.7945875,
            36.468099
          ],
          [
            126.7961529,
            36.4706231
          ],
          [
            126.7994359,
            36.4724435
          ],
          [
            126.8022147,
            36.4739878
          ],
          [
            126.804972,
            36.4755407
          ],
          [
            126.8074782,
            36.4769422
          ],
          [
            126.8104987,
            36.4787359
          ],
          [
            126.8118935,
            36.4793737
          ],
          [
            126.8168595,
            36.4821661
          ],
          [
            126.8220416,
            36.4842192
          ],
          [
            126.826494,
            36.4859617
          ],
          [
            126.8286613,
            36.4877214
          ],
          [
            126.8309572,
            36.4895673
          ],
          [
            126.8333605,
            36.4914994
          ],
          [
            126.8357208,
            36.4934142
          ],
          [
            126.8382958,
            36.4955899
          ],
          [
            126.8387863,
            36.4964598
          ],
          [
            126.8394705,
            36.4980975
          ],
          [
            126.8409565,
            36.5007711
          ],
          [
            126.8419435,
            36.5027933
          ],
          [
            126.843467,
            36.5058634
          ],
          [
            126.8441322,
            36.507213
          ],
          [
            126.8455162,
            36.5100372
          ],
          [
            126.8470987,
            36.5132623
          ],
          [
            126.8498721,
            36.5176944
          ],
          [
            126.8509235,
            36.519393
          ],
          [
            126.8533911,
            36.5233591
          ],
          [
            126.8554886,
            36.5267043
          ],
          [
            126.857098,
            36.5292562
          ],
          [
            126.8581333,
            36.5309761
          ],
          [
            126.8606546,
            36.5350495
          ],
          [
            126.8617275,
            36.5368037
          ],
          [
            126.8636962,
            36.5397906
          ],
          [
            126.8651607,
            36.5420663
          ],
          [
            126.8667432,
            36.5445099
          ],
          [
            126.8685832,
            36.5473715
          ],
          [
            126.8710186,
            36.5516465
          ],
          [
            126.8724724,
            36.5549948
          ],
          [
            126.8734112,
            36.5571106
          ],
          [
            126.8738993,
            36.5610963
          ],
          [
            126.8742641,
            36.5639056
          ],
          [
            126.8745645,
            36.5662754
          ],
          [
            126.8748595,
            36.5686321
          ],
          [
            126.8752029,
            36.57123
          ],
          [
            126.8752835,
            36.5719249
          ],
          [
            126.8755945,
            36.5746033
          ],
          [
            126.8760183,
            36.5782306
          ],
          [
            126.8777617,
            36.580755
          ],
          [
            126.8792423,
            36.5828916
          ],
          [
            126.8810018,
            36.5853813
          ],
          [
            126.883228,
            36.5899816
          ],
          [
            126.8846282,
            36.5929406
          ],
          [
            126.8850734,
            36.5963818
          ],
          [
            126.8853631,
            36.5986386
          ],
          [
            126.8856849,
            36.6015628
          ],
          [
            126.8861356,
            36.6051759
          ],
          [
            126.8866023,
            36.6077769
          ],
          [
            126.8874337,
            36.612716
          ],
          [
            126.8879273,
            36.6156181
          ],
          [
            126.8887813,
            36.6203696
          ],
          [
            126.8894078,
            36.6239235
          ],
          [
            126.8897565,
            36.6258996
          ],
          [
            126.890175,
            36.6284784
          ],
          [
            126.8910172,
            36.6333214
          ],
          [
            126.8916615,
            36.63445
          ],
          [
            126.8923958,
            36.6357364
          ],
          [
            126.893871,
            36.6384009
          ],
          [
            126.8956733,
            36.6417239
          ],
          [
            126.8974008,
            36.6447025
          ],
          [
            126.8983074,
            36.646295
          ],
          [
            126.9001474,
            36.649566
          ],
          [
            126.9019499,
            36.6528068
          ],
          [
            126.9034894,
            36.6555955
          ],
          [
            126.9050773,
            36.658354
          ],
          [
            126.9062789,
            36.6605444
          ],
          [
            126.9077542,
            36.6630446
          ],
          [
            126.9089129,
            36.6671841
          ],
          [
            126.9097605,
            36.6701358
          ],
          [
            126.9105383,
            36.6727948
          ],
          [
            126.9113698,
            36.6755915
          ],
          [
            126.9117665,
            36.6786934
          ],
          [
            126.9121047,
            36.6814124
          ],
          [
            126.9124963,
            36.6839248
          ],
          [
            126.9129416,
            36.6869877
          ],
          [
            126.91336,
            36.6900032
          ],
          [
            126.9143846,
            36.6931305
          ],
          [
            126.9150766,
            36.6953328
          ],
          [
            126.9158062,
            36.6975565
          ],
          [
            126.9166752,
            36.7004125
          ],
          [
            126.9176301,
            36.7032253
          ],
          [
            126.9190624,
            36.7049112
          ],
          [
            126.9214656,
            36.7076809
          ],
          [
            126.9237669,
            36.7102483
          ],
          [
            126.9265779,
            36.7134822
          ],
          [
            126.9285466,
            36.7157226
          ],
          [
            126.9301506,
            36.7175889
          ],
          [
            126.9321998,
            36.719898
          ],
          [
            126.9337984,
            36.7217555
          ],
          [
            126.9354839,
            36.7236498
          ],
          [
            126.9369956,
            36.7276461
          ],
          [
            126.9384601,
            36.7314468
          ],
          [
            126.9396295,
            36.7345766
          ],
          [
            126.9406488,
            36.7373409
          ],
          [
            126.9422635,
            36.7399245
          ],
          [
            126.9438245,
            36.7427574
          ],
          [
            126.9454124,
            36.7452936
          ],
          [
            126.9483253,
            36.7501121
          ],
          [
            126.9496661,
            36.7523471
          ],
          [
            126.9504064,
            36.7536022
          ],
          [
            126.9527077,
            36.75735
          ],
          [
            126.9534319,
            36.7592238
          ],
          [
            126.9536197,
            36.7622666
          ],
          [
            126.9537538,
            36.7655283
          ],
          [
            126.9539684,
            36.7683558
          ],
          [
            126.9550895,
            36.7706419
          ],
          [
            126.9561302,
            36.772713
          ],
          [
            126.9576108,
            36.7755103
          ],
          [
            126.9587266,
            36.7785653
          ],
          [
            126.9596171,
            36.7809972
          ],
          [
            126.9604217,
            36.7832743
          ],
          [
            126.9612318,
            36.7854568
          ],
          [
            126.963029,
            36.7877899
          ],
          [
            126.9659955,
            36.7911795
          ],
          [
            126.9688655,
            36.7933618
          ],
          [
            126.9699116,
            36.7965493
          ],
          [
            126.9711776,
            36.8004496
          ],
          [
            126.9721485,
            36.8035723
          ],
          [
            126.9727547,
            36.8072103
          ],
          [
            126.9733976,
            36.811062
          ],
          [
            126.9738651,
            36.8134549
          ],
          [
            126.9743418,
            36.8164218
          ],
          [
            126.9748058,
            36.8190865
          ],
          [
            126.9753511,
            36.8224861
          ],
          [
            126.9761281,
            36.82629
          ],
          [
            126.9774806,
            36.8346375
          ],
          [
            126.9778885,
            36.8379353
          ],
          [
            126.9796802,
            36.8411037
          ],
          [
            126.9818448,
            36.8449177
          ],
          [
            126.9834729,
            36.8485606
          ],
          [
            126.9845163,
            36.8511636
          ],
          [
            126.9870027,
            36.8547631
          ],
          [
            126.9895079,
            36.8570724
          ],
          [
            126.9908793,
            36.8585815
          ],
          [
            126.9949822,
            36.8630961
          ],
          [
            126.9974204,
            36.8645276
          ],
          [
            126.9992387,
            36.8693773
          ]
        ]
      },
      "properties": {
        "osm_type": "way",
        "osm_id": 118606346,
        "sido": "충청남도",
        "power_type": "line",
        "name": "",
        "description": "",
        "voltage": "345000",
        "cables": "6",
        "circuits": "2",
        "frequency": "60",
        "operator": "",
        "wires": ""
      }
    },
    {
      "type": "Feature",
      "geometry": {
        "type": "LineString",
        "coordinates": [
          [
            126.7897816,
            36.4658833
          ],
          [
            126.7930874,
            36.4667154
          ],
          [
            126.7969224,
            36.4677224
          ],
          [
            126.8009499,
            36.4687235
          ],
          [
            126.8053647,
            36.4698382
          ],
          [
            126.8088705,
            36.4706943
          ],
          [
            126.8134229,
            36.4698815
          ],
          [
            126.816164,
            36.4693651
          ],
          [
            126.8231704,
            36.4680896
          ],
          [
            126.8269274,
            36.467374
          ],
          [
            126.8306332,
            36.4665061
          ],
          [
            126.8340847,
            36.4656638
          ],
          [
            126.8366703,
            36.4650138
          ],
          [
            126.8385029,
            36.4645906
          ],
          [
            126.8411256,
            36.463938
          ],
          [
            126.8435174,
            36.4633433
          ],
          [
            126.846755,
            36.4625393
          ],
          [
            126.8497936,
            36.4621248
          ],
          [
            126.854673,
            36.4613714
          ],
          [
            126.8590842,
            36.4615452
          ],
          [
            126.8645074,
            36.4617797
          ],
          [
            126.8677021,
            36.4619023
          ],
          [
            126.8727666,
            36.4621307
          ],
          [
            126.8799588,
            36.4623891
          ],
          [
            126.8841064,
            36.4625626
          ],
          [
            126.8880131,
            36.4621323
          ],
          [
            126.8920877,
            36.4616514
          ],
          [
            126.8967428,
            36.4611076
          ],
          [
            126.8996192,
            36.4601686
          ],
          [
            126.9037166,
            36.4588685
          ],
          [
            126.9067881,
            36.456284
          ],
          [
            126.9096163,
            36.4539163
          ],
          [
            126.9119627,
            36.4519612
          ],
          [
            126.9140974,
            36.4501595
          ],
          [
            126.9155652,
            36.4489206
          ],
          [
            126.9179159,
            36.446878
          ],
          [
            126.9203064,
            36.4435396
          ],
          [
            126.9224746,
            36.4403718
          ],
          [
            126.9244308,
            36.4376497
          ],
          [
            126.925074,
            36.4358554
          ],
          [
            126.9261582,
            36.4325279
          ],
          [
            126.9269086,
            36.430263
          ],
          [
            126.9280147,
            36.4270636
          ],
          [
            126.9293173,
            36.4229701
          ],
          [
            126.930825,
            36.4184134
          ],
          [
            126.9317677,
            36.4156503
          ],
          [
            126.9327272,
            36.4126994
          ],
          [
            126.9362065,
            36.4099063
          ],
          [
            126.9386528,
            36.4079802
          ],
          [
            126.9414471,
            36.4057234
          ],
          [
            126.9439962,
            36.4036777
          ],
          [
            126.9483089,
            36.4012638
          ],
          [
            126.9533622,
            36.3984356
          ],
          [
            126.9576216,
            36.3960608
          ],
          [
            126.9609153,
            36.3942299
          ],
          [
            126.9631952,
            36.3929604
          ],
          [
            126.9660866,
            36.391341
          ],
          [
            126.9692023,
            36.3897061
          ],
          [
            126.9730452,
            36.3873054
          ],
          [
            126.9749916,
            36.3858523
          ],
          [
            126.9793576,
            36.3831866
          ],
          [
            126.9836493,
            36.3803762
          ],
          [
            126.9852958,
            36.3792266
          ],
          [
            126.9874182,
            36.3778019
          ],
          [
            126.990248,
            36.3758412
          ],
          [
            126.9954354,
            36.3722606
          ],
          [
            126.997844,
            36.370576
          ],
          [
            127.0016956,
            36.3679023
          ],
          [
            127.004174,
            36.3661744
          ],
          [
            127.0069818,
            36.3643718
          ],
          [
            127.0103292,
            36.3632174
          ],
          [
            127.0120114,
            36.3625674
          ],
          [
            127.0180947,
            36.3606494
          ],
          [
            127.0227003,
            36.3592293
          ],
          [
            127.0271015,
            36.3577333
          ],
          [
            127.0315379,
            36.3562904
          ],
          [
            127.035324,
            36.3552086
          ],
          [
            127.0395094,
            36.3538977
          ],
          [
            127.0438453,
            36.352451
          ],
          [
            127.0468946,
            36.3515738
          ],
          [
            127.0512399,
            36.3505303
          ],
          [
            127.0574319,
            36.3491682
          ],
          [
            127.0600353,
            36.3485219
          ],
          [
            127.0631584,
            36.3478168
          ],
          [
            127.0665322,
            36.3469722
          ],
          [
            127.0714973,
            36.345764
          ],
          [
            127.0755824,
            36.3447321
          ],
          [
            127.0788286,
            36.3431787
          ],
          [
            127.0824851,
            36.3414526
          ],
          [
            127.0867298,
            36.3394254
          ],
          [
            127.0899942,
            36.3378645
          ],
          [
            127.0939516,
            36.3360062
          ],
          [
            127.0963225,
            36.3345591
          ],
          [
            127.1010914,
            36.3316244
          ],
          [
            127.1029425,
            36.3305005
          ],
          [
            127.1058103,
            36.328675
          ],
          [
            127.1078802,
            36.3263426
          ],
          [
            127.1094942,
            36.3245096
          ],
          [
            127.1112996,
            36.3224966
          ],
          [
            127.1144091,
            36.3189885
          ],
          [
            127.1167115,
            36.3164023
          ],
          [
            127.1185306,
            36.3143597
          ],
          [
            127.1216401,
            36.3108218
          ],
          [
            127.1243187,
            36.3089226
          ],
          [
            127.1272279,
            36.3068097
          ],
          [
            127.1313964,
            36.3039025
          ],
          [
            127.1347524,
            36.3014836
          ],
          [
            127.1385599,
            36.2994181
          ],
          [
            127.1418998,
            36.2975915
          ],
          [
            127.1451882,
            36.2957934
          ],
          [
            127.1483895,
            36.2940213
          ],
          [
            127.1514264,
            36.2924207
          ],
          [
            127.153825,
            36.2910903
          ],
          [
            127.1569521,
            36.2893986
          ],
          [
            127.160924,
            36.2872288
          ],
          [
            127.1638061,
            36.2856955
          ],
          [
            127.1663643,
            36.2842611
          ],
          [
            127.168519,
            36.2825724
          ],
          [
            127.1715281,
            36.2801872
          ],
          [
            127.1745691,
            36.2778073
          ],
          [
            127.1776991,
            36.2758611
          ],
          [
            127.1807789,
            36.2739939
          ],
          [
            127.1838267,
            36.2721266
          ],
          [
            127.1878252,
            36.2696179
          ],
          [
            127.1913062,
            36.2674767
          ],
          [
            127.1941398,
            36.2657342
          ],
          [
            127.1964285,
            36.2643134
          ],
          [
            127.1982773,
            36.2631941
          ],
          [
            127.2011291,
            36.261503
          ],
          [
            127.2034407,
            36.260049
          ],
          [
            127.207061,
            36.2585061
          ],
          [
            127.2099965,
            36.2573224
          ],
          [
            127.2124441,
            36.2563255
          ],
          [
            127.2154213,
            36.2551274
          ],
          [
            127.2197435,
            36.2546375
          ],
          [
            127.2224736,
            36.2543055
          ],
          [
            127.2251129,
            36.2539811
          ],
          [
            127.2300595,
            36.2534661
          ],
          [
            127.2344498,
            36.2529289
          ],
          [
            127.236974,
            36.2525389
          ],
          [
            127.2394907,
            36.252347
          ],
          [
            127.2415203,
            36.2521283
          ],
          [
            127.2447574,
            36.2516364
          ],
          [
            127.2478262,
            36.2512659
          ],
          [
            127.2517657,
            36.2508182
          ],
          [
            127.2547332,
            36.2495115
          ],
          [
            127.2564213,
            36.2487645
          ],
          [
            127.2609301,
            36.2467108
          ],
          [
            127.2646418,
            36.2451048
          ],
          [
            127.2688602,
            36.2432045
          ],
          [
            127.2726071,
            36.241505
          ],
          [
            127.2749504,
            36.2404422
          ],
          [
            127.2778275,
            36.2391371
          ],
          [
            127.2800145,
            36.238155
          ],
          [
            127.2830006,
            36.236814
          ],
          [
            127.28604,
            36.2363025
          ],
          [
            127.2897398,
            36.2356586
          ],
          [
            127.29357,
            36.2352001
          ],
          [
            127.2977169,
            36.2346797
          ],
          [
            127.3013461,
            36.2342175
          ],
          [
            127.3041645,
            36.2338717
          ],
          [
            127.3073904,
            36.2334642
          ],
          [
            127.3115713,
            36.2340189
          ],
          [
            127.3170469,
            36.2347344
          ],
          [
            127.3191692,
            36.2349912
          ],
          [
            127.3241948,
            36.2356075
          ],
          [
            127.3306848,
            36.236436
          ],
          [
            127.3352393,
            36.2370112
          ],
          [
            127.3419415,
            36.2378294
          ],
          [
            127.346815,
            36.2407721
          ],
          [
            127.349104,
            36.2421343
          ],
          [
            127.3531707,
            36.244533
          ],
          [
            127.3549652,
            36.2455915
          ],
          [
            127.3577639,
            36.2472952
          ],
          [
            127.3618095,
            36.2487258
          ],
          [
            127.3643386,
            36.2496661
          ],
          [
            127.3680279,
            36.2510466
          ],
          [
            127.3722359,
            36.2525542
          ],
          [
            127.375004,
            36.2535459
          ],
          [
            127.3789163,
            36.2543814
          ],
          [
            127.3862339,
            36.2558536
          ],
          [
            127.3888566,
            36.2560873
          ],
          [
            127.3911388,
            36.2562743
          ],
          [
            127.3961234,
            36.2566307
          ],
          [
            127.3996953,
            36.2569637
          ],
          [
            127.4047886,
            36.257396
          ],
          [
            127.4077083,
            36.2576706
          ],
          [
            127.412251,
            36.258027
          ],
          [
            127.4150404,
            36.2582606
          ],
          [
            127.4186919,
            36.2585703
          ],
          [
            127.4247633,
            36.259061
          ],
          [
            127.4300812,
            36.2584534
          ],
          [
            127.4329277,
            36.2581782
          ],
          [
            127.4404383,
            36.2573686
          ],
          [
            127.4458431,
            36.2567201
          ],
          [
            127.4516537,
            36.2561534
          ],
          [
            127.4555008,
            36.2565565
          ],
          [
            127.4588481,
            36.2568544
          ],
          [
            127.4622315,
            36.2577133
          ],
          [
            127.4639921,
            36.2581456
          ],
          [
            127.4671582,
            36.2589167
          ],
          [
            127.4696143,
            36.2590102
          ],
          [
            127.4765769,
            36.2593549
          ],
          [
            127.4833438,
            36.2596528
          ],
          [
            127.4879227,
            36.259904
          ],
          [
            127.4941462,
            36.2601377
          ],
          [
            127.497008,
            36.2617209
          ],
          [
            127.5020072,
            36.2643964
          ],
          [
            127.5055718,
            36.2664819
          ],
          [
            127.5075134,
            36.2675275
          ],
          [
            127.5099116,
            36.2687717
          ],
          [
            127.5135341,
            36.270787
          ],
          [
            127.5160772,
            36.2722414
          ],
          [
            127.5199315,
            36.2743209
          ],
          [
            127.5228875,
            36.2759037
          ],
          [
            127.5243583,
            36.2782576
          ],
          [
            127.5253291,
            36.2797995
          ],
          [
            127.52823,
            36.2846797
          ],
          [
            127.5303303,
            36.2882128
          ],
          [
            127.5318834,
            36.2907973
          ],
          [
            127.532685,
            36.2920945
          ]
        ]
      },
      "properties": {
        "osm_type": "way",
        "osm_id": 119001904,
        "sido": "충청남도",
        "power_type": "line",
        "name": "",
        "description": "",
        "voltage": "345000",
        "cables": "6",
        "circuits": "2",
        "frequency": "60",
        "operator": "",
        "wires": ""
      }
    },
    {
      "type": "Feature",
      "geometry": {
        "type": "LineString",
        "coordinates": [
          [
            127.3573378,
            36.7500841
          ],
          [
            127.3572949,
            36.7517174
          ],
          [
            127.355471,
            36.7577861
          ],
          [
            127.3501414,
            36.7610202
          ],
          [
            127.3458363,
            36.7574129
          ],
          [
            127.3403646,
            36.7546106
          ],
          [
            127.3354267,
            36.7521495
          ],
          [
            127.328807,
            36.7487625
          ],
          [
            127.3251219,
            36.7467118
          ],
          [
            127.3199559,
            36.7426282
          ],
          [
            127.3161646,
            36.7380903
          ],
          [
            127.3141784,
            36.7319885
          ],
          [
            127.3128051,
            36.7280502
          ],
          [
            127.3102356,
            36.7228004
          ],
          [
            127.3079664,
            36.7183801
          ],
          [
            127.3089481,
            36.7138219
          ],
          [
            127.309506,
            36.709543
          ],
          [
            127.3084334,
            36.7052941
          ],
          [
            127.305983,
            36.702576
          ],
          [
            127.3039445,
            36.6961588
          ],
          [
            127.2996573,
            36.6942318
          ],
          [
            127.2939066,
            36.691909
          ],
          [
            127.2897971,
            36.6901623
          ],
          [
            127.2884134,
            36.6896206
          ],
          [
            127.2827479,
            36.6871769
          ],
          [
            127.2789714,
            36.6848539
          ],
          [
            127.2749695,
            36.6822985
          ],
          [
            127.2696276,
            36.6811834
          ],
          [
            127.2645411,
            36.6798979
          ],
          [
            127.2587582,
            36.6784868
          ],
          [
            127.2544999,
            36.6781805
          ],
          [
            127.2495218,
            36.6778277
          ],
          [
            127.242386,
            36.6772563
          ],
          [
            127.2377726,
            36.6730227
          ],
          [
            127.2342965,
            36.6697011
          ],
          [
            127.2293934,
            36.6651314
          ],
          [
            127.2282776,
            36.6609918
          ],
          [
            127.226561,
            36.6548723
          ],
          [
            127.2242006,
            36.6516446
          ],
          [
            127.2205325,
            36.6465952
          ],
          [
            127.2141166,
            36.6437029
          ],
          [
            127.2092135,
            36.641456
          ],
          [
            127.2040315,
            36.6390025
          ],
          [
            127.1997496,
            36.6370194
          ],
          [
            127.1945783,
            36.6333518
          ],
          [
            127.1903308,
            36.6303415
          ],
          [
            127.1830877,
            36.6251982
          ],
          [
            127.1766612,
            36.6206345
          ],
          [
            127.1708676,
            36.6214181
          ],
          [
            127.1671769,
            36.622305
          ],
          [
            127.1641739,
            36.6240732
          ],
          [
            127.1601532,
            36.6259998
          ],
          [
            127.1568354,
            36.627724
          ],
          [
            127.1509774,
            36.6306084
          ],
          [
            127.1445068,
            36.6338684
          ],
          [
            127.1394976,
            36.6371602
          ],
          [
            127.1358283,
            36.6433671
          ],
          [
            127.1334465,
            36.6474991
          ],
          [
            127.1279528,
            36.6525312
          ],
          [
            127.122347,
            36.6543602
          ],
          [
            127.1180718,
            36.6557609
          ],
          [
            127.1146166,
            36.6568609
          ],
          [
            127.1053796,
            36.656026
          ],
          [
            127.1013241,
            36.6542357
          ],
          [
            127.0972257,
            36.6525418
          ],
          [
            127.09405,
            36.6487699
          ],
          [
            127.0924514,
            36.6458088
          ],
          [
            127.0896833,
            36.640549
          ],
          [
            127.0825594,
            36.6370641
          ],
          [
            127.0748775,
            36.6360723
          ],
          [
            127.069953,
            36.6375961
          ],
          [
            127.0620137,
            36.6401358
          ],
          [
            127.0565527,
            36.639602
          ],
          [
            127.0493858,
            36.6390338
          ],
          [
            127.0450728,
            36.6386034
          ],
          [
            127.0403843,
            36.6399119
          ],
          [
            127.0316831,
            36.6424257
          ],
          [
            127.0254389,
            36.6440355
          ],
          [
            127.0163194,
            36.6474099
          ],
          [
            127.0095023,
            36.6483826
          ],
          [
            127.0034234,
            36.648658
          ],
          [
            126.9969002,
            36.648658
          ],
          [
            126.9926838,
            36.6485806
          ],
          [
            126.9886819,
            36.6486408
          ],
          [
            126.9824154,
            36.6484654
          ],
          [
            126.9778999,
            36.651532
          ],
          [
            126.9772767,
            36.6556901
          ],
          [
            126.9764484,
            36.6601005
          ],
          [
            126.9738703,
            36.6644602
          ],
          [
            126.9702922,
            36.6693526
          ],
          [
            126.9675671,
            36.6736252
          ],
          [
            126.9658183,
            36.6784094
          ],
          [
            126.9644343,
            36.6823201
          ],
          [
            126.9609259,
            36.6868543
          ],
          [
            126.9583135,
            36.6902699
          ],
          [
            126.9557707,
            36.6955607
          ],
          [
            126.9525413,
            36.6977414
          ],
          [
            126.942939,
            36.6993027
          ],
          [
            126.9387816,
            36.6997672
          ],
          [
            126.9301717,
            36.700692
          ],
          [
            126.9247107,
            36.7013199
          ],
          [
            126.9190438,
            36.6993924
          ],
          [
            126.9144379,
            36.6978274
          ],
          [
            126.9106452,
            36.6997414
          ],
          [
            126.9069545,
            36.701578
          ],
          [
            126.9041597,
            36.7063779
          ],
          [
            126.9020064,
            36.7099853
          ],
          [
            126.8980689,
            36.7166507
          ],
          [
            126.8959414,
            36.7205947
          ],
          [
            126.8925081,
            36.7244043
          ],
          [
            126.8883781,
            36.7288931
          ],
          [
            126.8818335,
            36.7303033
          ],
          [
            126.8759755,
            36.7343274
          ],
          [
            126.8684761,
            36.7394174
          ],
          [
            126.8653376,
            36.7405994
          ],
          [
            126.8611188,
            36.7421162
          ],
          [
            126.8542226,
            36.7438234
          ],
          [
            126.8507411,
            36.744653
          ],
          [
            126.8428446,
            36.7459727
          ],
          [
            126.8387677,
            36.7483368
          ],
          [
            126.8355598,
            36.7516035
          ],
          [
            126.8317564,
            36.7555405
          ],
          [
            126.8282481,
            36.7591249
          ],
          [
            126.8271108,
            36.7633409
          ],
          [
            126.8259253,
            36.7677758
          ],
          [
            126.8220414,
            36.7701564
          ],
          [
            126.8174709,
            36.773174
          ],
          [
            126.8118329,
            36.775113
          ],
          [
            126.8076862,
            36.7703713
          ],
          [
            126.803325,
            36.7690692
          ],
          [
            126.7984662,
            36.7660343
          ],
          [
            126.7950584,
            36.7629971
          ],
          [
            126.7906381,
            36.7597825
          ],
          [
            126.7866045,
            36.7569116
          ],
          [
            126.782152,
            36.7535334
          ],
          [
            126.7779785,
            36.7505247
          ],
          [
            126.7705863,
            36.7503442
          ],
          [
            126.7646962,
            36.7477566
          ],
          [
            126.7608123,
            36.7419794
          ],
          [
            126.7579692,
            36.7381276
          ],
          [
            126.7517454,
            36.7352598
          ],
          [
            126.7456192,
            36.7323793
          ],
          [
            126.7405563,
            36.7301484
          ],
          [
            126.7380994,
            36.7262531
          ],
          [
            126.7350631,
            36.721618
          ],
          [
            126.7312973,
            36.7188746
          ],
          [
            126.72589,
            36.7183156
          ],
          [
            126.7199569,
            36.7176362
          ],
          [
            126.7149573,
            36.7169482
          ],
          [
            126.7113835,
            36.7195493
          ],
          [
            126.7078001,
            36.721983
          ],
          [
            126.7021363,
            36.7237335
          ],
          [
            126.6966646,
            36.7254533
          ],
          [
            126.6924589,
            36.7241548
          ],
          [
            126.6886073,
            36.7227961
          ],
          [
            126.6851848,
            36.7246966
          ],
          [
            126.683113,
            36.7280713
          ],
          [
            126.6806239,
            36.73213
          ],
          [
            126.6774922,
            36.7369067
          ],
          [
            126.6755825,
            36.7391078
          ],
          [
            126.6716986,
            36.7394173
          ],
          [
            126.6675144,
            36.7398042
          ],
          [
            126.6640812,
            36.744292
          ],
          [
            126.6635115,
            36.7485772
          ],
          [
            126.6628248,
            36.7536147
          ],
          [
            126.6598325,
            36.756542
          ],
          [
            126.6562491,
            36.7602295
          ],
          [
            126.6548219,
            36.7633968
          ],
          [
            126.6533191,
            36.767436
          ],
          [
            126.6497678,
            36.7697994
          ],
          [
            126.6456694,
            36.7723777
          ],
          [
            126.6406902,
            36.7742805
          ],
          [
            126.6370931,
            36.7724254
          ]
        ]
      },
      "properties": {
        "osm_type": "way",
        "osm_id": 119005956,
        "sido": "충청남도",
        "power_type": "line",
        "name": "",
        "description": "신중부변전소 분기-신서산변전소",
        "voltage": "765000",
        "cables": "6",
        "circuits": "2",
        "frequency": "60",
        "operator": "",
        "wires": ""
      }
    },
    {
      "type": "Feature",
      "geometry": {
        "type": "LineString",
        "coordinates": [
          [
            126.9233,
            36.7901183
          ],
          [
            126.9192767,
            36.7869005
          ],
          [
            126.9170668,
            36.7851302
          ],
          [
            126.916541,
            36.782909
          ],
          [
            126.9157149,
            36.7794718
          ],
          [
            126.9151248,
            36.7763266
          ],
          [
            126.9162178,
            36.7737184
          ],
          [
            126.9192232,
            36.7689444
          ],
          [
            126.9225706,
            36.7657648
          ],
          [
            126.9253544,
            36.7642994
          ],
          [
            126.928719,
            36.7624994
          ],
          [
            126.9306072,
            36.7608963
          ],
          [
            126.9345662,
            36.7573808
          ],
          [
            126.9357732,
            36.7549783
          ],
          [
            126.9374951,
            36.7515656
          ],
          [
            126.9380895,
            36.7486765
          ],
          [
            126.937773,
            36.7465101
          ],
          [
            126.9374404,
            36.7439181
          ],
          [
            126.9344106,
            36.7408839
          ],
          [
            126.9325427,
            36.7391336
          ],
          [
            126.9295333,
            36.7361458
          ],
          [
            126.9266311,
            36.7333299
          ],
          [
            126.9242601,
            36.7310212
          ],
          [
            126.9204352,
            36.7290908
          ],
          [
            126.9174153,
            36.7266745
          ],
          [
            126.9151408,
            36.7245118
          ],
          [
            126.9125659,
            36.7220265
          ],
          [
            126.9105274,
            36.72004
          ],
          [
            126.9095573,
            36.7176885
          ],
          [
            126.9085962,
            36.71534
          ],
          [
            126.9071854,
            36.7119341
          ],
          [
            126.9059569,
            36.7090958
          ],
          [
            126.904563,
            36.7057248
          ],
          [
            126.9025352,
            36.7020519
          ],
          [
            126.9015374,
            36.7002153
          ],
          [
            126.8986184,
            36.6949457
          ],
          [
            126.896291,
            36.6907783
          ],
          [
            126.8951315,
            36.6883773
          ],
          [
            126.8936509,
            36.6853531
          ],
          [
            126.8921819,
            36.6822951
          ],
          [
            126.8908346,
            36.679455
          ],
          [
            126.8895472,
            36.677291
          ],
          [
            126.8872252,
            36.6730107
          ],
          [
            126.8851599,
            36.6693319
          ],
          [
            126.8830153,
            36.6653728
          ],
          [
            126.881133,
            36.6623775
          ],
          [
            126.8791025,
            36.659985
          ],
          [
            126.8766358,
            36.6572974
          ],
          [
            126.8750052,
            36.6558143
          ],
          [
            126.8727489,
            36.6538433
          ],
          [
            126.8710212,
            36.6524614
          ],
          [
            126.8685207,
            36.6505234
          ],
          [
            126.8659356,
            36.6486622
          ],
          [
            126.8627956,
            36.6464224
          ],
          [
            126.861291,
            36.6425362
          ],
          [
            126.8602076,
            36.6395593
          ],
          [
            126.8595899,
            36.6366387
          ],
          [
            126.8590298,
            36.6337688
          ],
          [
            126.8582096,
            36.6295397
          ],
          [
            126.8576153,
            36.6266508
          ],
          [
            126.8570056,
            36.6233961
          ],
          [
            126.8564278,
            36.6205554
          ],
          [
            126.8559408,
            36.617938
          ],
          [
            126.8552265,
            36.6144199
          ],
          [
            126.85593,
            36.6115938
          ],
          [
            126.8540615,
            36.6092862
          ],
          [
            126.851063,
            36.6058376
          ],
          [
            126.84861,
            36.6031873
          ],
          [
            126.8464475,
            36.6008553
          ],
          [
            126.844474,
            36.5987157
          ],
          [
            126.8413017,
            36.5952582
          ],
          [
            126.839153,
            36.5931739
          ],
          [
            126.8338689,
            36.5900679
          ],
          [
            126.8300373,
            36.5878873
          ],
          [
            126.8277503,
            36.5864619
          ],
          [
            126.8249791,
            36.5847699
          ],
          [
            126.8213642,
            36.5825076
          ],
          [
            126.8183025,
            36.5816227
          ],
          [
            126.8139775,
            36.5797492
          ],
          [
            126.8095516,
            36.5778594
          ],
          [
            126.8063409,
            36.5758111
          ],
          [
            126.8036817,
            36.5737892
          ],
          [
            126.8010462,
            36.5717786
          ],
          [
            126.7995328,
            36.5695976
          ],
          [
            126.7978344,
            36.5665011
          ],
          [
            126.7938326,
            36.5638455
          ],
          [
            126.790405,
            36.5615544
          ],
          [
            126.7877836,
            36.5596193
          ],
          [
            126.783017,
            36.5581044
          ],
          [
            126.7798958,
            36.5571084
          ],
          [
            126.7752376,
            36.5567108
          ],
          [
            126.7717252,
            36.5564267
          ],
          [
            126.7669727,
            36.5560594
          ],
          [
            126.762984,
            36.5557412
          ],
          [
            126.7585851,
            36.555389
          ],
          [
            126.7549171,
            36.5550444
          ],
          [
            126.7523758,
            36.5543437
          ],
          [
            126.7477412,
            36.5531999
          ],
          [
            126.7447756,
            36.5523705
          ],
          [
            126.7407917,
            36.5513214
          ],
          [
            126.7392452,
            36.5498291
          ],
          [
            126.7380005,
            36.5485981
          ],
          [
            126.7359638,
            36.546674
          ],
          [
            126.7347945,
            36.5449544
          ],
          [
            126.7318054,
            36.5408294
          ],
          [
            126.7283872,
            36.5361283
          ],
          [
            126.7278214,
            36.5327795
          ],
          [
            126.72677,
            36.5277597
          ],
          [
            126.7265767,
            36.5254676
          ],
          [
            126.7261429,
            36.521709
          ],
          [
            126.7258601,
            36.5179769
          ],
          [
            126.7255677,
            36.5148394
          ],
          [
            126.7251925,
            36.511404
          ],
          [
            126.7250605,
            36.5096638
          ],
          [
            126.7233768,
            36.5054511
          ],
          [
            126.7219506,
            36.5018839
          ],
          [
            126.7209311,
            36.4992405
          ],
          [
            126.7193163,
            36.4952656
          ],
          [
            126.7186326,
            36.4934605
          ],
          [
            126.7167165,
            36.4909455
          ],
          [
            126.7140903,
            36.4873471
          ],
          [
            126.7121668,
            36.484735
          ],
          [
            126.7105891,
            36.4825849
          ],
          [
            126.7074495,
            36.4783142
          ],
          [
            126.705641,
            36.4756339
          ],
          [
            126.7037881,
            36.4733705
          ],
          [
            126.7010913,
            36.4701213
          ],
          [
            126.6995778,
            36.4682787
          ],
          [
            126.6974374,
            36.4661592
          ],
          [
            126.6948018,
            36.4635239
          ],
          [
            126.6923973,
            36.461154
          ],
          [
            126.6885362,
            36.457443
          ],
          [
            126.6865325,
            36.456098
          ],
          [
            126.6829645,
            36.4538677
          ],
          [
            126.6800137,
            36.4518688
          ],
          [
            126.6770756,
            36.4498862
          ],
          [
            126.6734331,
            36.447373
          ],
          [
            126.6708192,
            36.4458279
          ],
          [
            126.6682856,
            36.4443744
          ],
          [
            126.6660824,
            36.4425711
          ],
          [
            126.662891,
            36.4405001
          ],
          [
            126.6605714,
            36.4389542
          ],
          [
            126.6554762,
            36.4377184
          ],
          [
            126.6507877,
            36.4362165
          ],
          [
            126.6480089,
            36.4352843
          ],
          [
            126.6430522,
            36.4338946
          ],
          [
            126.6382886,
            36.4323581
          ],
          [
            126.6356707,
            36.4314345
          ],
          [
            126.6329134,
            36.4305627
          ],
          [
            126.6280211,
            36.4301742
          ],
          [
            126.6249633,
            36.4298289
          ],
          [
            126.6206718,
            36.4293369
          ],
          [
            126.6167558,
            36.4290779
          ],
          [
            126.6123784,
            36.4284823
          ],
          [
            126.6090954,
            36.4281629
          ],
          [
            126.6056407,
            36.4278262
          ],
          [
            126.599418,
            36.4272306
          ],
          [
            126.5963495,
            36.4268507
          ],
          [
            126.5913284,
            36.426445
          ],
          [
            126.5867365,
            36.4257026
          ],
          [
            126.5816725,
            36.4249429
          ],
          [
            126.5782071,
            36.4244422
          ],
          [
            126.5730894,
            36.4224048
          ],
          [
            126.5717912,
            36.4211358
          ],
          [
            126.5685592,
            36.4190098
          ],
          [
            126.5656221,
            36.4177256
          ],
          [
            126.5615988,
            36.4160247
          ],
          [
            126.5578974,
            36.4144361
          ],
          [
            126.553681,
            36.4126488
          ],
          [
            126.5519322,
            36.4106716
          ],
          [
            126.5497435,
            36.4082539
          ],
          [
            126.5471578,
            36.405344
          ],
          [
            126.5436066,
            36.4024858
          ],
          [
            126.540742,
            36.4001455
          ],
          [
            126.5378452,
            36.3977966
          ],
          [
            126.5357316,
            36.3953699
          ],
          [
            126.5330279,
            36.3946963
          ],
          [
            126.5276206,
            36.3931936
          ],
          [
            126.5249277,
            36.39366
          ],
          [
            126.5203679,
            36.3944891
          ],
          [
            126.5174282,
            36.3944977
          ],
          [
            126.5125681,
            36.394515
          ],
          [
            126.5100253,
            36.3945754
          ],
          [
            126.5047575,
            36.3952059
          ],
          [
            126.4991463,
            36.3960349
          ],
          [
            126.4973385,
            36.3972482
          ],
          [
            126.4912308,
            36.3988669
          ]
        ]
      },
      "properties": {
        "osm_type": "way",
        "osm_id": 119128219,
        "sido": "충청남도",
        "power_type": "line",
        "name": "",
        "description": "",
        "voltage": "345000",
        "cables": "6",
        "circuits": "2",
        "frequency": "60",
        "operator": "",
        "wires": ""
      }
    },
    {
      "type": "Feature",
      "geometry": {
        "type": "LineString",
        "coordinates": [
          [
            126.8263569,
            36.7328784
          ],
          [
            126.8265447,
            36.7330696
          ],
          [
            126.8249917,
            36.735561
          ],
          [
            126.8239751,
            36.7372763
          ],
          [
            126.8236372,
            36.7397332
          ],
          [
            126.8271348,
            36.7409099
          ],
          [
            126.8299659,
            36.7410507
          ],
          [
            126.8330839,
            36.7412141
          ],
          [
            126.8370268,
            36.7414226
          ],
          [
            126.8400617,
            36.7415763
          ],
          [
            126.8437779,
            36.7415438
          ],
          [
            126.8485415,
            36.7415021
          ],
          [
            126.8511593,
            36.7414484
          ],
          [
            126.8545738,
            36.7413731
          ],
          [
            126.8583316,
            36.7413774
          ],
          [
            126.8606865,
            36.7413409
          ],
          [
            126.8628538,
            36.7413194
          ],
          [
            126.8669898,
            36.7412314
          ],
          [
            126.8702621,
            36.7413604
          ],
          [
            126.871958,
            36.7418941
          ],
          [
            126.8744195,
            36.7426156
          ],
          [
            126.8772795,
            36.7435405
          ],
          [
            126.8805304,
            36.7445807
          ],
          [
            126.8841943,
            36.7457198
          ],
          [
            126.8861247,
            36.7463941
          ],
          [
            126.8898806,
            36.7475252
          ],
          [
            126.8940648,
            36.7488749
          ],
          [
            126.8960282,
            36.7495454
          ],
          [
            126.8993211,
            36.7506021
          ],
          [
            126.902631,
            36.751552
          ],
          [
            126.9056672,
            36.7525363
          ],
          [
            126.9091112,
            36.7536581
          ],
          [
            126.912159,
            36.7546301
          ],
          [
            126.9185526,
            36.7547971
          ],
          [
            126.9203333,
            36.7548186
          ],
          [
            126.9239285,
            36.7548536
          ],
          [
            126.9275549,
            36.7546903
          ],
          [
            126.9322595,
            36.7545828
          ],
          [
            126.933401,
            36.7545521
          ],
          [
            126.9359019,
            36.754484
          ],
          [
            126.9412974,
            36.7543759
          ],
          [
            126.9435451,
            36.75432
          ],
          [
            126.9490705,
            36.7533744
          ],
          [
            126.9540015,
            36.7525627
          ],
          [
            126.9588766,
            36.7517629
          ],
          [
            126.9620953,
            36.7512041
          ],
          [
            126.9657173,
            36.75062
          ],
          [
            126.9690583,
            36.750035
          ],
          [
            126.9724926,
            36.7494637
          ],
          [
            126.9748948,
            36.7491278
          ],
          [
            126.9789403,
            36.7484063
          ],
          [
            126.9830194,
            36.7476732
          ],
          [
            126.9870073,
            36.7469864
          ],
          [
            126.9900165,
            36.7464554
          ],
          [
            126.9924999,
            36.7471788
          ],
          [
            126.9945151,
            36.747739
          ],
          [
            126.9994818,
            36.7491467
          ],
          [
            127.0011961,
            36.7496192
          ],
          [
            127.0038497,
            36.7501209
          ],
          [
            127.0082297,
            36.7509149
          ],
          [
            127.01178,
            36.7515773
          ],
          [
            127.0151995,
            36.7522154
          ],
          [
            127.0185613,
            36.7528462
          ],
          [
            127.0210294,
            36.7533016
          ],
          [
            127.0243122,
            36.7539177
          ],
          [
            127.0270721,
            36.7544292
          ],
          [
            127.0304674,
            36.7550648
          ],
          [
            127.0335009,
            36.7556273
          ],
          [
            127.0378688,
            36.7562435
          ],
          [
            127.0418992,
            36.7568255
          ],
          [
            127.0441364,
            36.7571348
          ],
          [
            127.046486,
            36.7574757
          ],
          [
            127.047446,
            36.7575827
          ]
        ]
      },
      "properties": {
        "osm_type": "way",
        "osm_id": 119128221,
        "sido": "충청남도",
        "power_type": "line",
        "name": "",
        "description": "",
        "voltage": "154000",
        "cables": "6",
        "circuits": "2",
        "frequency": "60",
        "operator": "",
        "wires": ""
      }
    },
    {
      "type": "Feature",
      "geometry": {
        "type": "LineString",
        "coordinates": [
          [
            127.0602782,
            36.8274072
          ],
          [
            127.0602804,
            36.8274803
          ],
          [
            127.0592791,
            36.8312318
          ],
          [
            127.0590324,
            36.8336191
          ],
          [
            127.0567257,
            36.8362724
          ],
          [
            127.0571208,
            36.8375014
          ],
          [
            127.0593274,
            36.8394753
          ],
          [
            127.0586496,
            36.8415499
          ],
          [
            127.0591182,
            36.8454383
          ],
          [
            127.0619165,
            36.8478262
          ],
          [
            127.0635224,
            36.8501003
          ],
          [
            127.0645095,
            36.8515942
          ],
          [
            127.0659774,
            36.8536256
          ],
          [
            127.0688492,
            36.856848
          ],
          [
            127.0706766,
            36.8590939
          ],
          [
            127.0723629,
            36.8610672
          ],
          [
            127.0766204,
            36.8632057
          ],
          [
            127.0796888,
            36.8616134
          ],
          [
            127.0850587,
            36.8616693
          ],
          [
            127.0874244,
            36.8614417
          ],
          [
            127.0898223,
            36.8611457
          ],
          [
            127.0920753,
            36.8608279
          ],
          [
            127.0958629,
            36.8607849
          ],
          [
            127.0978748,
            36.860094
          ],
          [
            127.0993924,
            36.860695
          ],
          [
            127.1026813,
            36.8614738
          ],
          [
            127.1057895,
            36.8624204
          ],
          [
            127.1089628,
            36.863094
          ],
          [
            127.1118596,
            36.8637335
          ]
        ]
      },
      "properties": {
        "osm_type": "way",
        "osm_id": 119180550,
        "sido": "충청남도",
        "power_type": "line",
        "name": "",
        "description": "",
        "voltage": "154000",
        "cables": "6",
        "circuits": "2",
        "frequency": "60",
        "operator": "",
        "wires": ""
      }
    },
    {
      "type": "Feature",
      "geometry": {
        "type": "LineString",
        "coordinates": [
          [
            127.0571208,
            36.8375014
          ],
          [
            127.0544116,
            36.8385706
          ],
          [
            127.0515738,
            36.8389442
          ],
          [
            127.0493212,
            36.8391202
          ],
          [
            127.0476045,
            36.8392662
          ],
          [
            127.0458499,
            36.8392655
          ],
          [
            127.0416178,
            36.8380812
          ],
          [
            127.0380504,
            36.8395968
          ],
          [
            127.0351912,
            36.8407216
          ],
          [
            127.0315703,
            36.8412711
          ],
          [
            127.0292367,
            36.8416231
          ],
          [
            127.0250096,
            36.8422328
          ],
          [
            127.0218714,
            36.8427005
          ],
          [
            127.0184777,
            36.8439271
          ],
          [
            127.0145543,
            36.8453321
          ],
          [
            127.0095708,
            36.8441859
          ],
          [
            127.0074411,
            36.8448942
          ],
          [
            127.0036592,
            36.8449328
          ],
          [
            127.0010039,
            36.8446924
          ],
          [
            126.9958193,
            36.8441822
          ],
          [
            126.9928537,
            36.8439991
          ],
          [
            126.9907263,
            36.8441045
          ],
          [
            126.9894113,
            36.8427692
          ],
          [
            126.9883814,
            36.8417563
          ],
          [
            126.9871744,
            36.8399102
          ],
          [
            126.9850908,
            36.8366815
          ],
          [
            126.9840759,
            36.8351557
          ],
          [
            126.9830537,
            36.8335379
          ],
          [
            126.9800138,
            36.8315056
          ],
          [
            126.9782479,
            36.8302885
          ],
          [
            126.9768907,
            36.8281974
          ],
          [
            126.9746913,
            36.8263983
          ],
          [
            126.9715907,
            36.8252088
          ],
          [
            126.9671168,
            36.8259903
          ],
          [
            126.9652982,
            36.8264841
          ],
          [
            126.9608297,
            36.8277251
          ],
          [
            126.9577183,
            36.828382
          ],
          [
            126.9556357,
            36.828904
          ],
          [
            126.9540766,
            36.8298493
          ],
          [
            126.9508653,
            36.8302781
          ],
          [
            126.948513,
            36.8303786
          ],
          [
            126.9445862,
            36.8304688
          ],
          [
            126.9426282,
            36.8320017
          ],
          [
            126.9394417,
            36.8345263
          ],
          [
            126.9381275,
            36.8350158
          ],
          [
            126.9354453,
            36.8360977
          ],
          [
            126.9298716,
            36.835883
          ],
          [
            126.9270338,
            36.8357714
          ],
          [
            126.9221254,
            36.8356469
          ],
          [
            126.919057,
            36.8355052
          ],
          [
            126.9157149,
            36.8359775
          ],
          [
            126.9133278,
            36.8366172
          ],
          [
            126.9108709,
            36.8372612
          ],
          [
            126.9089719,
            36.8391331
          ],
          [
            126.9041063,
            36.8390558
          ],
          [
            126.8995949,
            36.8389571
          ],
          [
            126.8974762,
            36.8373945
          ],
          [
            126.8961565,
            36.8363813
          ],
          [
            126.8936487,
            36.8352264
          ],
          [
            126.8911569,
            36.8343376
          ],
          [
            126.8884103,
            36.8349645
          ],
          [
            126.8867286,
            36.8353122
          ],
          [
            126.8838398,
            36.8350503
          ],
          [
            126.8800981,
            36.8355097
          ],
          [
            126.8769355,
            36.8366644
          ]
        ]
      },
      "properties": {
        "osm_type": "way",
        "osm_id": 119306148,
        "sido": "충청남도",
        "power_type": "line",
        "name": "",
        "description": "",
        "voltage": "154000",
        "cables": "6",
        "circuits": "2",
        "frequency": "60",
        "operator": "",
        "wires": ""
      }
    },
    {
      "type": "Feature",
      "geometry": {
        "type": "LineString",
        "coordinates": [
          [
            127.2841648,
            37.098515
          ],
          [
            127.2852592,
            37.1030588
          ],
          [
            127.2882305,
            37.1085092
          ],
          [
            127.2924309,
            37.1122376
          ],
          [
            127.295738,
            37.1134875
          ],
          [
            127.2998029,
            37.1125273
          ],
          [
            127.3042299,
            37.1099959
          ],
          [
            127.3067967,
            37.1107381
          ],
          [
            127.3151921,
            37.1134203
          ],
          [
            127.3194246,
            37.1121284
          ],
          [
            127.3253013,
            37.1103005
          ],
          [
            127.3305799,
            37.1087347
          ],
          [
            127.3349117,
            37.1079606
          ],
          [
            127.3413409,
            37.1068022
          ],
          [
            127.3488404,
            37.1033998
          ],
          [
            127.3522843,
            37.1000959
          ],
          [
            127.3515621,
            37.0980598
          ],
          [
            127.350962,
            37.0959306
          ],
          [
            127.3497818,
            37.0880572
          ],
          [
            127.34821,
            37.0840773
          ],
          [
            127.3463325,
            37.079066
          ],
          [
            127.3477058,
            37.0731648
          ],
          [
            127.3491381,
            37.0672187
          ],
          [
            127.35016,
            37.063287
          ],
          [
            127.350219,
            37.0594621
          ],
          [
            127.3501895,
            37.0549479
          ],
          [
            127.3488806,
            37.0491831
          ],
          [
            127.3504204,
            37.0436215
          ],
          [
            127.3488431,
            37.0406561
          ],
          [
            127.3504685,
            37.0357211
          ],
          [
            127.3555325,
            37.0316015
          ],
          [
            127.3620798,
            37.0298401
          ],
          [
            127.3695873,
            37.02785
          ],
          [
            127.3730554,
            37.0235188
          ],
          [
            127.3756491,
            37.0201065
          ],
          [
            127.3763464,
            37.0151808
          ],
          [
            127.3763706,
            37.009007
          ],
          [
            127.3790823,
            37.003692
          ],
          [
            127.3803054,
            37.0010701
          ],
          [
            127.3833953,
            36.9946008
          ],
          [
            127.379726,
            36.9880281
          ],
          [
            127.3765691,
            36.9820504
          ],
          [
            127.3770545,
            36.9786864
          ],
          [
            127.3774944,
            36.9718209
          ],
          [
            127.3776768,
            36.9684779
          ],
          [
            127.3768721,
            36.9626573
          ],
          [
            127.3762713,
            36.958568
          ],
          [
            127.3758529,
            36.9557903
          ],
          [
            127.3758207,
            36.951332
          ],
          [
            127.3759173,
            36.948494
          ],
          [
            127.3757671,
            36.9438123
          ],
          [
            127.3756705,
            36.9405881
          ],
          [
            127.3755954,
            36.934834
          ],
          [
            127.3754345,
            36.9283419
          ],
          [
            127.3753272,
            36.9236761
          ],
          [
            127.3752199,
            36.9176291
          ],
          [
            127.3749195,
            36.9118132
          ],
          [
            127.3748122,
            36.9088107
          ],
          [
            127.3749195,
            36.9030799
          ],
          [
            127.3748337,
            36.8993135
          ],
          [
            127.3726557,
            36.89438
          ],
          [
            127.370577,
            36.889123
          ],
          [
            127.3691796,
            36.8824781
          ],
          [
            127.3658214,
            36.8776122
          ],
          [
            127.3613904,
            36.8715443
          ],
          [
            127.3592983,
            36.8680424
          ],
          [
            127.3592769,
            36.8624373
          ],
          [
            127.3592339,
            36.8588663
          ],
          [
            127.359191,
            36.8545226
          ],
          [
            127.3601502,
            36.8513367
          ],
          [
            127.3612069,
            36.8457798
          ],
          [
            127.3602091,
            36.8422939
          ],
          [
            127.3582126,
            36.8354443
          ],
          [
            127.3572453,
            36.8318987
          ],
          [
            127.3562025,
            36.8279394
          ],
          [
            127.3548748,
            36.8228737
          ],
          [
            127.3549289,
            36.8227024
          ],
          [
            127.3558409,
            36.8198167
          ],
          [
            127.3574293,
            36.8149459
          ],
          [
            127.3591846,
            36.809199
          ],
          [
            127.3607623,
            36.8041377
          ],
          [
            127.3572453,
            36.8012572
          ],
          [
            127.3573129,
            36.7951872
          ],
          [
            127.3584153,
            36.7921294
          ],
          [
            127.3594946,
            36.7888207
          ],
          [
            127.3610346,
            36.7848496
          ],
          [
            127.3608458,
            36.7789843
          ],
          [
            127.3599635,
            36.7746857
          ],
          [
            127.3591615,
            36.7711561
          ],
          [
            127.3552161,
            36.7654294
          ],
          [
            127.3555916,
            36.7623481
          ],
          [
            127.3570669,
            36.7579151
          ],
          [
            127.3583034,
            36.7528822
          ],
          [
            127.3579413,
            36.750746
          ]
        ]
      },
      "properties": {
        "osm_type": "way",
        "osm_id": 120110408,
        "sido": "충청남도",
        "power_type": "line",
        "name": "",
        "description": "신안성변전소-신중부변전소 분기",
        "voltage": "765000",
        "cables": "6",
        "circuits": "2",
        "frequency": "60",
        "operator": "",
        "wires": ""
      }
    },
    {
      "type": "Feature",
      "geometry": {
        "type": "LineString",
        "coordinates": [
          [
            127.134324,
            36.8302594
          ],
          [
            127.1340867,
            36.8302648
          ],
          [
            127.1339164,
            36.8302921
          ],
          [
            127.133483,
            36.8302936
          ],
          [
            127.1334335,
            36.8302463
          ],
          [
            127.1331685,
            36.8302483
          ],
          [
            127.1330696,
            36.8303235
          ],
          [
            127.1325943,
            36.8303415
          ],
          [
            127.1323405,
            36.8303414
          ],
          [
            127.1319332,
            36.8303486
          ],
          [
            127.1315252,
            36.830353
          ],
          [
            127.1311812,
            36.8303556
          ],
          [
            127.1308455,
            36.830365
          ],
          [
            127.130453,
            36.830372
          ],
          [
            127.13006,
            36.8303816
          ],
          [
            127.1296371,
            36.8303849
          ],
          [
            127.1293654,
            36.830401
          ],
          [
            127.1295287,
            36.8303258
          ],
          [
            127.129527,
            36.8301645
          ],
          [
            127.1295086,
            36.8296017
          ],
          [
            127.1295,
            36.8293151
          ],
          [
            127.129489,
            36.8290017
          ],
          [
            127.1294739,
            36.8286795
          ],
          [
            127.1294628,
            36.8283551
          ],
          [
            127.1294528,
            36.8280299
          ],
          [
            127.1294504,
            36.827774
          ],
          [
            127.129441,
            36.8273913
          ],
          [
            127.1294349,
            36.8270634
          ],
          [
            127.1294306,
            36.8269127
          ],
          [
            127.129422,
            36.8266207
          ],
          [
            127.1294203,
            36.8264465
          ]
        ]
      },
      "properties": {
        "osm_type": "way",
        "osm_id": 124476975,
        "sido": "충청남도",
        "power_type": "minor_line",
        "name": "",
        "description": "",
        "voltage": "",
        "cables": "",
        "circuits": "",
        "frequency": "",
        "operator": "",
        "wires": ""
      }
    },
    {
      "type": "Feature",
      "geometry": {
        "type": "LineString",
        "coordinates": [
          [
            127.1293654,
            36.830401
          ],
          [
            127.1289307,
            36.8304111
          ],
          [
            127.1285416,
            36.8304188
          ],
          [
            127.1281284,
            36.8304264
          ],
          [
            127.1277114,
            36.8304279
          ],
          [
            127.1273018,
            36.8304113
          ],
          [
            127.1273068,
            36.8306867
          ],
          [
            127.1273109,
            36.8308127
          ],
          [
            127.127325,
            36.8311878
          ],
          [
            127.1273278,
            36.8315206
          ],
          [
            127.1273333,
            36.8318926
          ],
          [
            127.1273057,
            36.8319614
          ]
        ]
      },
      "properties": {
        "osm_type": "way",
        "osm_id": 124752244,
        "sido": "충청남도",
        "power_type": "minor_line",
        "name": "",
        "description": "",
        "voltage": "",
        "cables": "",
        "circuits": "",
        "frequency": "",
        "operator": "",
        "wires": ""
      }
    },
    {
      "type": "Feature",
      "geometry": {
        "type": "LineString",
        "coordinates": [
          [
            127.2169311,
            36.7030006
          ],
          [
            127.2135256,
            36.7043306
          ],
          [
            127.2132949,
            36.7063734
          ],
          [
            127.2121227,
            36.7094333
          ],
          [
            127.211412,
            36.7118168
          ],
          [
            127.21072,
            36.7140283
          ],
          [
            127.2097919,
            36.7166213
          ],
          [
            127.2086198,
            36.7202204
          ],
          [
            127.2061227,
            36.7247438
          ],
          [
            127.2045777,
            36.7277449
          ],
          [
            127.2028343,
            36.7311931
          ],
          [
            127.2015146,
            36.7337425
          ],
          [
            127.2000984,
            36.7365025
          ],
          [
            127.1991351,
            36.738189
          ],
          [
            127.198135,
            36.7402045
          ],
          [
            127.1968253,
            36.7427273
          ],
          [
            127.1952428,
            36.7459447
          ],
          [
            127.1936987,
            36.7490117
          ],
          [
            127.1926813,
            36.7508448
          ],
          [
            127.1916272,
            36.7530928
          ],
          [
            127.1897533,
            36.7565892
          ],
          [
            127.1885829,
            36.7590862
          ],
          [
            127.1873232,
            36.7612694
          ],
          [
            127.1865561,
            36.7627328
          ],
          [
            127.1852364,
            36.7654338
          ],
          [
            127.183045,
            36.7697439
          ],
          [
            127.1818971,
            36.7719999
          ],
          [
            127.1800115,
            36.7748509
          ],
          [
            127.1791432,
            36.7763315
          ],
          [
            127.1775063,
            36.7788276
          ],
          [
            127.1761813,
            36.7809888
          ],
          [
            127.1752264,
            36.7831778
          ],
          [
            127.1732067,
            36.7855258
          ],
          [
            127.1724705,
            36.7869096
          ]
        ]
      },
      "properties": {
        "osm_type": "way",
        "osm_id": 125840987,
        "sido": "충청남도",
        "power_type": "line",
        "name": "",
        "description": "",
        "voltage": "154000",
        "cables": "6",
        "circuits": "2",
        "frequency": "",
        "operator": "",
        "wires": ""
      }
    },
    {
      "type": "Feature",
      "geometry": {
        "type": "LineString",
        "coordinates": [
          [
            127.1671896,
            36.7923651
          ],
          [
            127.1685462,
            36.7931612
          ],
          [
            127.1699275,
            36.7953886
          ],
          [
            127.1710368,
            36.7972256
          ],
          [
            127.1733596,
            36.7985765
          ],
          [
            127.1745345,
            36.7992875
          ],
          [
            127.1761931,
            36.8004789
          ],
          [
            127.1803315,
            36.8013605
          ],
          [
            127.1821584,
            36.8017782
          ],
          [
            127.1850659,
            36.8019758
          ],
          [
            127.1872562,
            36.8021333
          ],
          [
            127.1915997,
            36.8040396
          ],
          [
            127.1933096,
            36.8064975
          ],
          [
            127.195151,
            36.8074694
          ],
          [
            127.1986716,
            36.8069224
          ],
          [
            127.2026531,
            36.8063311
          ],
          [
            127.20645,
            36.8085802
          ],
          [
            127.2094112,
            36.8102359
          ],
          [
            127.2137564,
            36.8127462
          ],
          [
            127.2163726,
            36.8153031
          ],
          [
            127.2186434,
            36.8174488
          ],
          [
            127.2207446,
            36.821457
          ],
          [
            127.2217976,
            36.8233363
          ],
          [
            127.2225755,
            36.8247276
          ],
          [
            127.2241741,
            36.8277077
          ],
          [
            127.2269716,
            36.8313177
          ],
          [
            127.2285407,
            36.8324265
          ],
          [
            127.2294098,
            36.8330534
          ],
          [
            127.2324407,
            36.8351186
          ],
          [
            127.2355252,
            36.8372868
          ],
          [
            127.2364264,
            36.8396953
          ],
          [
            127.237789,
            36.84325
          ],
          [
            127.2384434,
            36.8449457
          ],
          [
            127.2397025,
            36.8480145
          ],
          [
            127.2403961,
            36.850007
          ],
          [
            127.2401279,
            36.8536857
          ],
          [
            127.2397094,
            36.8600511
          ],
          [
            127.23957,
            36.861622
          ],
          [
            127.2372203,
            36.8664718
          ],
          [
            127.2343075,
            36.8688622
          ],
          [
            127.2338086,
            36.8738103
          ],
          [
            127.2336101,
            36.8754324
          ],
          [
            127.2307884,
            36.8797255
          ],
          [
            127.228294,
            36.8810345
          ],
          [
            127.2251359,
            36.8826598
          ],
          [
            127.224725,
            36.8828874
          ],
          [
            127.2222838,
            36.884084
          ],
          [
            127.2200167,
            36.8849025
          ],
          [
            127.2160226,
            36.8861355
          ]
        ]
      },
      "properties": {
        "osm_type": "way",
        "osm_id": 125909233,
        "sido": "충청남도",
        "power_type": "line",
        "name": "",
        "description": "",
        "voltage": "154000",
        "cables": "6",
        "circuits": "2",
        "frequency": "",
        "operator": "",
        "wires": ""
      }
    },
    {
      "type": "Feature",
      "geometry": {
        "type": "LineString",
        "coordinates": [
          [
            127.2160226,
            36.8861355
          ],
          [
            127.220687,
            36.8853274
          ],
          [
            127.2251395,
            36.8832679
          ],
          [
            127.2281114,
            36.8818605
          ],
          [
            127.2306026,
            36.8806981
          ],
          [
            127.2317699,
            36.8795391
          ],
          [
            127.2341861,
            36.8760294
          ],
          [
            127.2342751,
            36.8738748
          ],
          [
            127.2343075,
            36.8688622
          ],
          [
            127.2392908,
            36.8673302
          ],
          [
            127.2413186,
            36.8663389
          ],
          [
            127.244872,
            36.8668629
          ],
          [
            127.2478256,
            36.8669054
          ],
          [
            127.2509928,
            36.8697812
          ],
          [
            127.2533424,
            36.8719999
          ],
          [
            127.2570792,
            36.871948
          ],
          [
            127.2600941,
            36.8706692
          ],
          [
            127.2630936,
            36.8666921
          ],
          [
            127.2639473,
            36.8625029
          ],
          [
            127.2666869,
            36.8622703
          ],
          [
            127.2703049,
            36.8608832
          ],
          [
            127.2729901,
            36.8585319
          ],
          [
            127.2757421,
            36.8572786
          ],
          [
            127.2812835,
            36.8575361
          ],
          [
            127.2837152,
            36.8581765
          ],
          [
            127.2875826,
            36.8579168
          ],
          [
            127.292007,
            36.8557162
          ],
          [
            127.2952793,
            36.8534498
          ],
          [
            127.2971032,
            36.8522823
          ],
          [
            127.2999104,
            36.8505532
          ],
          [
            127.301922,
            36.8490937
          ],
          [
            127.3043521,
            36.8473508
          ],
          [
            127.3066052,
            36.8449769
          ],
          [
            127.3080965,
            36.8435087
          ],
          [
            127.3113634,
            36.8423539
          ],
          [
            127.3145688,
            36.8412144
          ],
          [
            127.3184155,
            36.8369843
          ],
          [
            127.3212339,
            36.835695
          ],
          [
            127.3231598,
            36.8340635
          ],
          [
            127.3266547,
            36.8331962
          ],
          [
            127.3284089,
            36.8317213
          ],
          [
            127.33208,
            36.8300379
          ],
          [
            127.3339101,
            36.8291987
          ],
          [
            127.3360478,
            36.8288402
          ],
          [
            127.3391698,
            36.8284795
          ],
          [
            127.3444753,
            36.828574
          ],
          [
            127.345988,
            36.8280544
          ],
          [
            127.3479026,
            36.8268843
          ],
          [
            127.351618,
            36.8255875
          ],
          [
            127.3558264,
            36.8247159
          ],
          [
            127.3571085,
            36.8239
          ],
          [
            127.3592301,
            36.8225216
          ]
        ]
      },
      "properties": {
        "osm_type": "way",
        "osm_id": 126046676,
        "sido": "충청남도",
        "power_type": "line",
        "name": "",
        "description": "",
        "voltage": "154000",
        "cables": "6",
        "circuits": "2",
        "frequency": "",
        "operator": "",
        "wires": ""
      }
    },
    {
      "type": "Feature",
      "geometry": {
        "type": "LineString",
        "coordinates": [
          [
            127.2113881,
            36.8848275
          ],
          [
            127.2128992,
            36.884952
          ],
          [
            127.2148023,
            36.8868463
          ],
          [
            127.2148666,
            36.8873996
          ],
          [
            127.2131951,
            36.8877263
          ],
          [
            127.2124226,
            36.8879494
          ]
        ]
      },
      "properties": {
        "osm_type": "way",
        "osm_id": 126046679,
        "sido": "충청남도",
        "power_type": "line",
        "name": "",
        "description": "",
        "voltage": "154000",
        "cables": "3",
        "circuits": "",
        "frequency": "60",
        "operator": "",
        "wires": ""
      }
    },
    {
      "type": "Feature",
      "geometry": {
        "type": "LineString",
        "coordinates": [
          [
            126.4866541,
            36.3960276
          ],
          [
            126.4880531,
            36.3960522
          ],
          [
            126.4899951,
            36.3959226
          ],
          [
            126.4925013,
            36.396848
          ],
          [
            126.4945548,
            36.3958104
          ],
          [
            126.4997476,
            36.3948345
          ],
          [
            126.5028697,
            36.3943077
          ],
          [
            126.5064209,
            36.3940572
          ],
          [
            126.5107017,
            36.3938241
          ],
          [
            126.5138667,
            36.3936254
          ],
          [
            126.515991,
            36.3934786
          ],
          [
            126.5211409,
            36.3932627
          ],
          [
            126.5246277,
            36.3930036
          ],
          [
            126.5282648,
            36.3928309
          ],
          [
            126.5313182,
            36.3918217
          ],
          [
            126.5357643,
            36.3903954
          ],
          [
            126.5396052,
            36.3891344
          ],
          [
            126.5431457,
            36.3880116
          ],
          [
            126.546536,
            36.3869666
          ],
          [
            126.5503126,
            36.3851873
          ],
          [
            126.5527719,
            36.3839953
          ],
          [
            126.5561383,
            36.3825011
          ],
          [
            126.5602968,
            36.3820273
          ],
          [
            126.5642386,
            36.3831489
          ],
          [
            126.5674251,
            36.3840558
          ],
          [
            126.5717375,
            36.385291
          ],
          [
            126.5744197,
            36.3865952
          ],
          [
            126.5774775,
            36.3880462
          ],
          [
            126.5810394,
            36.3898254
          ],
          [
            126.5845692,
            36.39157
          ],
          [
            126.5887105,
            36.3920104
          ],
          [
            126.5936244,
            36.3924854
          ],
          [
            126.5972614,
            36.3928568
          ],
          [
            126.6016924,
            36.3933318
          ],
          [
            126.6087842,
            36.3941091
          ],
          [
            126.6134083,
            36.3945927
          ],
          [
            126.6184509,
            36.3950418
          ],
          [
            126.6226995,
            36.395534
          ],
          [
            126.6289437,
            36.3972526
          ],
          [
            126.6343617,
            36.3978744
          ],
          [
            126.6368616,
            36.398997
          ],
          [
            126.6396151,
            36.4001814
          ],
          [
            126.6438423,
            36.402133
          ],
          [
            126.6460776,
            36.4031248
          ],
          [
            126.6486558,
            36.4036429
          ],
          [
            126.65168,
            36.4042379
          ],
          [
            126.6565585,
            36.4051664
          ],
          [
            126.6598596,
            36.4057856
          ],
          [
            126.6644939,
            36.4084604
          ],
          [
            126.666997,
            36.4098542
          ],
          [
            126.6711282,
            36.4122204
          ],
          [
            126.6733455,
            36.4135314
          ],
          [
            126.6764641,
            36.415335
          ],
          [
            126.6790236,
            36.4174956
          ],
          [
            126.680592,
            36.4188642
          ],
          [
            126.6829437,
            36.420948
          ],
          [
            126.685668,
            36.4233633
          ],
          [
            126.6889648,
            36.4260686
          ],
          [
            126.6918357,
            36.4283682
          ],
          [
            126.6950528,
            36.4297538
          ],
          [
            126.6975582,
            36.4308055
          ],
          [
            126.7001948,
            36.4319436
          ],
          [
            126.7037743,
            36.433465
          ],
          [
            126.7067752,
            36.4347211
          ],
          [
            126.7124748,
            36.4368639
          ],
          [
            126.7149296,
            36.4377822
          ],
          [
            126.718472,
            36.4390907
          ],
          [
            126.7240311,
            36.4394006
          ],
          [
            126.7282797,
            36.4396148
          ],
          [
            126.7320013,
            36.4419247
          ],
          [
            126.7370805,
            36.4434623
          ],
          [
            126.7413232,
            36.4447261
          ],
          [
            126.7439882,
            36.4460993
          ],
          [
            126.7463153,
            36.4472331
          ],
          [
            126.7499618,
            36.4491026
          ],
          [
            126.7537498,
            36.4502757
          ],
          [
            126.7573334,
            36.4514051
          ],
          [
            126.7666408,
            36.4550026
          ],
          [
            126.7700989,
            36.4565992
          ],
          [
            126.7721207,
            36.4575195
          ],
          [
            126.7743517,
            36.4585165
          ],
          [
            126.7772064,
            36.4629342
          ],
          [
            126.7786135,
            36.4654849
          ],
          [
            126.7803313,
            36.4664214
          ],
          [
            126.7836491,
            36.4674144
          ],
          [
            126.7858233,
            36.4669626
          ]
        ]
      },
      "properties": {
        "osm_type": "way",
        "osm_id": 148849086,
        "sido": "충청남도",
        "power_type": "line",
        "name": "",
        "description": "",
        "voltage": "345000",
        "cables": "6",
        "circuits": "2",
        "frequency": "60",
        "operator": "",
        "wires": ""
      }
    },
    {
      "type": "Feature",
      "geometry": {
        "type": "LineString",
        "coordinates": [
          [
            126.4988617,
            36.3997469
          ],
          [
            126.5004123,
            36.399649
          ],
          [
            126.5022362,
            36.3998347
          ],
          [
            126.5060235,
            36.3999987
          ],
          [
            126.5091777,
            36.3990316
          ],
          [
            126.5111626,
            36.3988934
          ],
          [
            126.5162802,
            36.3979435
          ],
          [
            126.5214301,
            36.3962076
          ],
          [
            126.5253997,
            36.3953786
          ],
          [
            126.5292192,
            36.3962767
          ],
          [
            126.5322984,
            36.3981075
          ],
          [
            126.5368903,
            36.3998692
          ],
          [
            126.5394518,
            36.4005838
          ],
          [
            126.5412355,
            36.4012854
          ],
          [
            126.5433169,
            36.4028139
          ],
          [
            126.5466321,
            36.4059916
          ],
          [
            126.5500224,
            36.4092642
          ],
          [
            126.5518463,
            36.4113364
          ],
          [
            126.553402,
            36.4129683
          ],
          [
            126.5578116,
            36.4154981
          ],
          [
            126.5610195,
            36.4168795
          ],
          [
            126.5639806,
            36.4180623
          ],
          [
            126.5671135,
            36.4191328
          ],
          [
            126.5689159,
            36.4198408
          ],
          [
            126.5708793,
            36.4212998
          ],
          [
            126.5729714,
            36.4230696
          ],
          [
            126.5765548,
            36.4243731
          ],
          [
            126.5785584,
            36.4252731
          ],
          [
            126.5818763,
            36.4262637
          ],
          [
            126.5842796,
            36.4264364
          ],
          [
            126.5874017,
            36.4264018
          ],
          [
            126.5913821,
            36.4270579
          ],
          [
            126.5962744,
            36.4275586
          ],
          [
            126.5992571,
            36.4276967
          ],
          [
            126.604364,
            36.4285082
          ],
          [
            126.609031,
            36.4287326
          ],
          [
            126.6139234,
            36.4299152
          ],
          [
            126.6165627,
            36.429475
          ],
          [
            126.6204358,
            36.4298376
          ],
          [
            126.6255427,
            36.4303296
          ],
          [
            126.6287184,
            36.4318057
          ],
          [
            126.6313336,
            36.4336508
          ],
          [
            126.6345013,
            36.4358454
          ],
          [
            126.6377307,
            36.4358885
          ],
          [
            126.6400266,
            36.4359317
          ],
          [
            126.6437066,
            36.436018
          ],
          [
            126.6476441,
            36.4358799
          ],
          [
            126.6520858,
            36.4377443
          ],
          [
            126.6545749,
            36.438642
          ],
          [
            126.6576756,
            36.439367
          ],
          [
            126.6606367,
            36.4399625
          ],
          [
            126.6632867,
            36.4418614
          ],
          [
            126.6672671,
            36.4447699
          ],
          [
            126.6703758,
            36.4469254
          ],
          [
            126.6735328,
            36.4489039
          ],
          [
            126.677646,
            36.4518294
          ],
          [
            126.6820729,
            36.4548153
          ],
          [
            126.6848619,
            36.456731
          ],
          [
            126.6870613,
            36.4581807
          ],
          [
            126.688853,
            36.459406
          ],
          [
            126.6921755,
            36.4617948
          ],
          [
            126.6923935,
            36.4619515
          ],
          [
            126.6938741,
            36.4616668
          ],
          [
            126.6976399,
            36.4635306
          ],
          [
            126.6998394,
            36.4635047
          ],
          [
            126.7025216,
            36.4628834
          ],
          [
            126.7068238,
            36.4626246
          ],
          [
            126.7090554,
            36.4626332
          ],
          [
            126.7128856,
            36.4627454
          ],
          [
            126.7164798,
            36.4627885
          ],
          [
            126.7210395,
            36.4629007
          ],
          [
            126.7253633,
            36.4622967
          ],
          [
            126.728775,
            36.4614856
          ],
          [
            126.7336674,
            36.4625987
          ],
          [
            126.7358668,
            36.4629525
          ],
          [
            126.7389567,
            36.4634443
          ],
          [
            126.7406518,
            36.463893
          ],
          [
            126.7452545,
            36.4645487
          ],
          [
            126.750973,
            36.466214
          ],
          [
            126.7522969,
            36.4671096
          ],
          [
            126.7550098,
            36.4690978
          ],
          [
            126.7571825,
            36.4707142
          ],
          [
            126.7596824,
            36.4717377
          ],
          [
            126.7623588,
            36.4733536
          ],
          [
            126.7656798,
            36.4754422
          ],
          [
            126.76912,
            36.4762469
          ],
          [
            126.7723296,
            36.4770093
          ],
          [
            126.7755784,
            36.4771252
          ],
          [
            126.7781934,
            36.4755928
          ],
          [
            126.7809136,
            36.4745433
          ],
          [
            126.7829231,
            36.4715784
          ],
          [
            126.7840808,
            36.46907
          ],
          [
            126.7861515,
            36.4674605
          ]
        ]
      },
      "properties": {
        "osm_type": "way",
        "osm_id": 148851965,
        "sido": "충청남도",
        "power_type": "line",
        "name": "",
        "description": "",
        "voltage": "345000",
        "cables": "6",
        "circuits": "2",
        "frequency": "60",
        "operator": "",
        "wires": ""
      }
    },
    {
      "type": "Feature",
      "geometry": {
        "type": "LineString",
        "coordinates": [
          [
            126.7856105,
            36.4665933
          ],
          [
            126.7836538,
            36.4668732
          ],
          [
            126.7798795,
            36.4656072
          ],
          [
            126.7780441,
            36.4629153
          ],
          [
            126.7761287,
            36.4601905
          ],
          [
            126.7747215,
            36.4582986
          ],
          [
            126.7731309,
            36.4567173
          ],
          [
            126.771319,
            36.4549149
          ],
          [
            126.7672905,
            36.4486557
          ],
          [
            126.7666929,
            36.4457614
          ],
          [
            126.7673047,
            36.4429942
          ],
          [
            126.7678129,
            36.4403823
          ],
          [
            126.7683871,
            36.4375445
          ],
          [
            126.7695165,
            36.4331254
          ],
          [
            126.770439,
            36.4297653
          ],
          [
            126.7712814,
            36.4265886
          ],
          [
            126.7719308,
            36.4244426
          ],
          [
            126.7727685,
            36.4213507
          ],
          [
            126.7736062,
            36.4179575
          ],
          [
            126.774458,
            36.4147903
          ],
          [
            126.7752016,
            36.4120513
          ],
          [
            126.7746557,
            36.408837
          ],
          [
            126.7743215,
            36.4068793
          ],
          [
            126.7737003,
            36.4033591
          ],
          [
            126.7730979,
            36.4005024
          ],
          [
            126.7717426,
            36.3970905
          ],
          [
            126.7702931,
            36.3936456
          ],
          [
            126.7691589,
            36.3909678
          ],
          [
            126.7677753,
            36.3881253
          ],
          [
            126.7668058,
            36.3853487
          ],
          [
            126.7666364,
            36.3822944
          ],
          [
            126.7664811,
            36.3783553
          ],
          [
            126.766354,
            36.3759364
          ],
          [
            126.7661658,
            36.3727503
          ],
          [
            126.765871,
            36.3697079
          ],
          [
            126.7657173,
            36.3665534
          ],
          [
            126.7656481,
            36.3621615
          ],
          [
            126.7655163,
            36.3594602
          ],
          [
            126.7653281,
            36.3563635
          ],
          [
            126.7651869,
            36.3528433
          ],
          [
            126.7649045,
            36.3478783
          ],
          [
            126.7649234,
            36.3453653
          ],
          [
            126.7649892,
            36.3412756
          ],
          [
            126.7650587,
            36.3359103
          ],
          [
            126.7650787,
            36.3317772
          ],
          [
            126.7651319,
            36.328516
          ],
          [
            126.7651119,
            36.3265327
          ],
          [
            126.7661236,
            36.3243497
          ],
          [
            126.7681069,
            36.3200769
          ],
          [
            126.7695445,
            36.3168689
          ],
          [
            126.7709488,
            36.3137142
          ],
          [
            126.772586,
            36.3100337
          ],
          [
            126.7739105,
            36.3072717
          ],
          [
            126.7748955,
            36.304889
          ],
          [
            126.7765061,
            36.3013616
          ],
          [
            126.7776442,
            36.2988991
          ],
          [
            126.7787224,
            36.2964832
          ],
          [
            126.7798405,
            36.294014
          ],
          [
            126.7825626,
            36.2881039
          ],
          [
            126.7846591,
            36.2832787
          ],
          [
            126.7856774,
            36.2811755
          ],
          [
            126.7871283,
            36.2776481
          ],
          [
            126.7902319,
            36.2707908
          ],
          [
            126.7905062,
            36.2668107
          ],
          [
            126.7903851,
            36.2639034
          ],
          [
            126.7909782,
            36.2613163
          ],
          [
            126.7916524,
            36.2575026
          ],
          [
            126.7923316,
            36.2540203
          ],
          [
            126.7928475,
            36.2513372
          ],
          [
            126.7914523,
            36.2456054
          ],
          [
            126.7910702,
            36.2401114
          ],
          [
            126.7911985,
            36.2370324
          ],
          [
            126.791403,
            36.2334178
          ],
          [
            126.792938,
            36.2309284
          ],
          [
            126.7948364,
            36.2279399
          ],
          [
            126.7966567,
            36.2250125
          ],
          [
            126.7994789,
            36.222839
          ],
          [
            126.8023791,
            36.2205059
          ],
          [
            126.8055748,
            36.2179962
          ],
          [
            126.8080608,
            36.2160367
          ],
          [
            126.8107437,
            36.2139209
          ],
          [
            126.8128221,
            36.2110139
          ],
          [
            126.8146678,
            36.2085116
          ],
          [
            126.8170906,
            36.2051006
          ],
          [
            126.8193825,
            36.2018149
          ],
          [
            126.8214164,
            36.1990374
          ],
          [
            126.8223146,
            36.1978163
          ],
          [
            126.8240973,
            36.1953356
          ],
          [
            126.8252523,
            36.1936561
          ],
          [
            126.828553,
            36.1890215
          ],
          [
            126.8305725,
            36.1862022
          ],
          [
            126.8345178,
            36.1833875
          ],
          [
            126.8368266,
            36.1817235
          ],
          [
            126.8393735,
            36.1799305
          ],
          [
            126.8418932,
            36.1782056
          ],
          [
            126.844205,
            36.1765367
          ],
          [
            126.8475777,
            36.1741377
          ],
          [
            126.8520656,
            36.1710064
          ],
          [
            126.8543081,
            36.1693859
          ],
          [
            126.8580033,
            36.1667727
          ],
          [
            126.8617588,
            36.164079
          ],
          [
            126.8652008,
            36.162967
          ],
          [
            126.8690748,
            36.1616742
          ],
          [
            126.8727996,
            36.1604719
          ],
          [
            126.8755587,
            36.159578
          ],
          [
            126.8775378,
            36.1578556
          ],
          [
            126.8801435,
            36.1555878
          ],
          [
            126.8819605,
            36.1530935
          ],
          [
            126.8836002,
            36.1507377
          ],
          [
            126.8853845,
            36.1482674
          ],
          [
            126.8879314,
            36.1456923
          ],
          [
            126.8906862,
            36.1429517
          ],
          [
            126.8951862,
            36.1382515
          ],
          [
            126.8971363,
            36.1361679
          ],
          [
            126.8998851,
            36.1334416
          ],
          [
            126.9030619,
            36.1298217
          ],
          [
            126.9049065,
            36.1276429
          ],
          [
            126.9076734,
            36.124461
          ],
          [
            126.9090237,
            36.1229637
          ],
          [
            126.9128364,
            36.1184936
          ],
          [
            126.9141505,
            36.1169914
          ],
          [
            126.9165618,
            36.1141694
          ],
          [
            126.9171052,
            36.1111144
          ],
          [
            126.9175899,
            36.1082686
          ],
          [
            126.9182327,
            36.1048324
          ],
          [
            126.9185822,
            36.1026697
          ],
          [
            126.9191839,
            36.0995169
          ],
          [
            126.9196108,
            36.0968406
          ],
          [
            126.9200675,
            36.0938978
          ],
          [
            126.9208738,
            36.0895509
          ],
          [
            126.9214405,
            36.0862111
          ],
          [
            126.9212828,
            36.0829949
          ],
          [
            126.9203466,
            36.0808775
          ],
          [
            126.9178767,
            36.078432
          ],
          [
            126.9150422,
            36.0772271
          ],
          [
            126.9110967,
            36.0755105
          ],
          [
            126.9079273,
            36.074157
          ],
          [
            126.9058647,
            36.0732591
          ],
          [
            126.9035325,
            36.0710638
          ],
          [
            126.9016905,
            36.0692777
          ],
          [
            126.8998975,
            36.0670871
          ],
          [
            126.8975939,
            36.0643204
          ],
          [
            126.8934973,
            36.0593876
          ],
          [
            126.8912509,
            36.0566768
          ],
          [
            126.8884613,
            36.0533319
          ],
          [
            126.8834659,
            36.0472908
          ],
          [
            126.8800881,
            36.0439312
          ],
          [
            126.874945,
            36.0415912
          ],
          [
            126.8742362,
            36.0391611
          ],
          [
            126.8719308,
            36.0361202
          ],
          [
            126.8718445,
            36.0328154
          ],
          [
            126.8707052,
            36.0296261
          ],
          [
            126.8696443,
            36.0269486
          ],
          [
            126.8686153,
            36.0243042
          ],
          [
            126.8680634,
            36.0214558
          ],
          [
            126.8670622,
            36.0162981
          ],
          [
            126.8666795,
            36.012007
          ],
          [
            126.866684,
            36.009013
          ],
          [
            126.8649054,
            36.0067479
          ],
          [
            126.8638471,
            36.003174
          ],
          [
            126.8642278,
            35.9998363
          ],
          [
            126.8645245,
            35.9961596
          ],
          [
            126.8647561,
            35.9935196
          ],
          [
            126.8641224,
            35.9904316
          ],
          [
            126.8640696,
            35.9864756
          ],
          [
            126.8636353,
            35.9855989
          ],
          [
            126.8611084,
            35.9804972
          ],
          [
            126.861049,
            35.9787172
          ],
          [
            126.8610357,
            35.9783905
          ],
          [
            126.8609064,
            35.9752263
          ],
          [
            126.8568331,
            35.9698671
          ],
          [
            126.8574706,
            35.969063
          ]
        ]
      },
      "properties": {
        "osm_type": "way",
        "osm_id": 148851969,
        "sido": "충청남도",
        "power_type": "line",
        "name": "",
        "description": "",
        "voltage": "345000",
        "cables": "6",
        "circuits": "2",
        "frequency": "60",
        "operator": "",
        "wires": ""
      }
    },
    {
      "type": "Feature",
      "geometry": {
        "type": "LineString",
        "coordinates": [
          [
            127.528337,
            36.2934444
          ],
          [
            127.5272011,
            36.2922343
          ],
          [
            127.5253215,
            36.290391
          ],
          [
            127.5209409,
            36.2886319
          ],
          [
            127.5161949,
            36.2859299
          ],
          [
            127.5144405,
            36.284882
          ],
          [
            127.5116263,
            36.2842717
          ],
          [
            127.5085562,
            36.2835773
          ],
          [
            127.5051886,
            36.2810225
          ],
          [
            127.5004634,
            36.2774911
          ],
          [
            127.4978162,
            36.2762873
          ],
          [
            127.4945321,
            36.2747888
          ],
          [
            127.4919789,
            36.2735639
          ],
          [
            127.488707,
            36.2721174
          ],
          [
            127.4879229,
            36.2717798
          ],
          [
            127.4840409,
            36.2700869
          ],
          [
            127.4827635,
            36.2695213
          ],
          [
            127.4769523,
            36.2663809
          ],
          [
            127.4724326,
            36.2639049
          ],
          [
            127.4709584,
            36.2630973
          ],
          [
            127.4664525,
            36.2606555
          ],
          [
            127.464223,
            36.2603524
          ],
          [
            127.4624322,
            36.2600787
          ],
          [
            127.4606674,
            36.2590472
          ],
          [
            127.45552,
            36.2561699
          ],
          [
            127.4537841,
            36.2551427
          ],
          [
            127.4504641,
            36.2532121
          ],
          [
            127.4484244,
            36.2527908
          ],
          [
            127.4430077,
            36.2515723
          ],
          [
            127.4401621,
            36.2508596
          ],
          [
            127.4357232,
            36.2497239
          ],
          [
            127.4342164,
            36.2493474
          ],
          [
            127.4300476,
            36.2482306
          ],
          [
            127.4276568,
            36.2476014
          ],
          [
            127.4222582,
            36.2463609
          ],
          [
            127.416365,
            36.2472854
          ],
          [
            127.4140969,
            36.2476399
          ],
          [
            127.4098903,
            36.2482902
          ],
          [
            127.4047592,
            36.2490523
          ],
          [
            127.4015403,
            36.2482587
          ],
          [
            127.3969174,
            36.2471386
          ],
          [
            127.3935312,
            36.2463332
          ],
          [
            127.3911999,
            36.2457358
          ],
          [
            127.3884519,
            36.2450931
          ],
          [
            127.3831643,
            36.243797
          ],
          [
            127.3805883,
            36.2431889
          ],
          [
            127.3744178,
            36.241426
          ],
          [
            127.3715276,
            36.2408846
          ],
          [
            127.3688115,
            36.2428438
          ],
          [
            127.3766684,
            36.246471
          ],
          [
            127.3820543,
            36.2501915
          ],
          [
            127.3866355,
            36.2533841
          ],
          [
            127.3891568,
            36.2552139
          ],
          [
            127.3923004,
            36.2574871
          ],
          [
            127.3950791,
            36.2593709
          ],
          [
            127.3983675,
            36.2617457
          ],
          [
            127.4009049,
            36.2633936
          ],
          [
            127.4051716,
            36.2660984
          ],
          [
            127.4088244,
            36.2686056
          ],
          [
            127.4112207,
            36.2704826
          ],
          [
            127.413235,
            36.2719877
          ],
          [
            127.4170947,
            36.274708
          ],
          [
            127.4195033,
            36.2763816
          ],
          [
            127.4229071,
            36.2788034
          ],
          [
            127.4256644,
            36.2807624
          ],
          [
            127.4310797,
            36.2845613
          ],
          [
            127.4349314,
            36.2874606
          ],
          [
            127.4365354,
            36.2883643
          ],
          [
            127.4398506,
            36.290643
          ],
          [
            127.4386918,
            36.2925066
          ],
          [
            127.4352962,
            36.2913867
          ],
          [
            127.4325335,
            36.2905003
          ],
          [
            127.4278906,
            36.2881178
          ],
          [
            127.4256536,
            36.2869439
          ],
          [
            127.4222231,
            36.2848618
          ],
          [
            127.4200451,
            36.2842651
          ],
          [
            127.4167514,
            36.2841829
          ],
          [
            127.4123552,
            36.2841072
          ],
          [
            127.4109524,
            36.2840834
          ],
          [
            127.406103,
            36.2854326
          ],
          [
            127.4029702,
            36.2860596
          ],
          [
            127.3998803,
            36.2854931
          ],
          [
            127.3981798,
            36.2841137
          ],
          [
            127.3968869,
            36.2859904
          ],
          [
            127.3948967,
            36.2873525
          ],
          [
            127.3879552,
            36.2872206
          ],
          [
            127.3851925,
            36.2870671
          ],
          [
            127.3826417,
            36.288868
          ],
          [
            127.3821536,
            36.2892334
          ],
          [
            127.3774624,
            36.2929865
          ],
          [
            127.3769742,
            36.2933972
          ],
          [
            127.3743564,
            36.2933886
          ],
          [
            127.372908,
            36.2947116
          ],
          [
            127.3708212,
            36.2971155
          ],
          [
            127.3709339,
            36.2995626
          ],
          [
            127.3706603,
            36.3014951
          ],
          [
            127.3700068,
            36.3041568
          ],
          [
            127.3695204,
            36.3065791
          ],
          [
            127.3664412,
            36.3107204
          ],
          [
            127.3648399,
            36.312121
          ],
          [
            127.3635524,
            36.3132708
          ],
          [
            127.3626351,
            36.3141439
          ],
          [
            127.3618895,
            36.31586
          ],
          [
            127.3606464,
            36.3191595
          ],
          [
            127.3625892,
            36.3219349
          ]
        ]
      },
      "properties": {
        "osm_type": "way",
        "osm_id": 156580306,
        "sido": "충청남도",
        "power_type": "line",
        "name": "",
        "description": "",
        "voltage": "154000",
        "cables": "6",
        "circuits": "2",
        "frequency": "60",
        "operator": "",
        "wires": ""
      }
    },
    {
      "type": "Feature",
      "geometry": {
        "type": "LineString",
        "coordinates": [
          [
            127.0868464,
            36.9197577
          ],
          [
            127.0874394,
            36.9202017
          ],
          [
            127.0869847,
            36.9221451
          ],
          [
            127.0864858,
            36.9241822
          ],
          [
            127.0858314,
            36.9269825
          ],
          [
            127.0853333,
            36.9288872
          ],
          [
            127.0848183,
            36.9310655
          ],
          [
            127.084265,
            36.9332475
          ],
          [
            127.0836695,
            36.9356659
          ],
          [
            127.0831384,
            36.9379598
          ],
          [
            127.0826886,
            36.9397827
          ],
          [
            127.0821031,
            36.9421188
          ],
          [
            127.0816479,
            36.9440959
          ],
          [
            127.0810195,
            36.9466891
          ],
          [
            127.0805206,
            36.9486012
          ],
          [
            127.0801236,
            36.9502003
          ],
          [
            127.0798508,
            36.9514398
          ],
          [
            127.0794217,
            36.9535919
          ],
          [
            127.0813574,
            36.9549416
          ],
          [
            127.0826932,
            36.9558846
          ],
          [
            127.0811749,
            36.9575522
          ],
          [
            127.0792759,
            36.9596076
          ],
          [
            127.0772919,
            36.9613551
          ],
          [
            127.0771328,
            36.9612451
          ]
        ]
      },
      "properties": {
        "osm_type": "way",
        "osm_id": 170342555,
        "sido": "충청남도",
        "power_type": "line",
        "name": "",
        "description": "",
        "voltage": "154000",
        "cables": "6",
        "circuits": "2",
        "frequency": "60",
        "operator": "",
        "wires": ""
      }
    },
    {
      "type": "Feature",
      "geometry": {
        "type": "LineString",
        "coordinates": [
          [
            127.0268333,
            36.8860054
          ],
          [
            127.0295048,
            36.8820321
          ],
          [
            127.0308458,
            36.8795563
          ],
          [
            127.0321306,
            36.8754796
          ],
          [
            127.0334717,
            36.8732611
          ],
          [
            127.0350194,
            36.8715317
          ],
          [
            127.0370901,
            36.870152
          ],
          [
            127.0354915,
            36.8680277
          ],
          [
            127.0387772,
            36.8663796
          ],
          [
            127.0375742,
            36.86437
          ],
          [
            127.0379189,
            36.8611606
          ],
          [
            127.0382116,
            36.8584528
          ],
          [
            127.041913,
            36.859043
          ],
          [
            127.0448377,
            36.8594371
          ],
          [
            127.0467946,
            36.8598541
          ],
          [
            127.0510004,
            36.8594506
          ],
          [
            127.0551845,
            36.8620044
          ],
          [
            127.0593581,
            36.8635023
          ],
          [
            127.0634618,
            36.8652063
          ],
          [
            127.0665089,
            36.865056
          ],
          [
            127.0689065,
            36.8645322
          ],
          [
            127.0715297,
            36.8642446
          ],
          [
            127.0756066,
            36.8647511
          ],
          [
            127.0769427,
            36.8660354
          ],
          [
            127.0807136,
            36.8674934
          ],
          [
            127.0834443,
            36.8664474
          ],
          [
            127.0858583,
            36.865559
          ],
          [
            127.0886532,
            36.866001
          ],
          [
            127.0915848,
            36.8667092
          ],
          [
            127.0947364,
            36.8673765
          ],
          [
            127.0983488,
            36.8678218
          ],
          [
            127.1005404,
            36.8695318
          ],
          [
            127.1026564,
            36.8709201
          ],
          [
            127.1058939,
            36.8688368
          ],
          [
            127.1056959,
            36.8667521
          ],
          [
            127.1089628,
            36.863094
          ],
          [
            127.1112878,
            36.8641738
          ],
          [
            127.1122459,
            36.8641255
          ]
        ]
      },
      "properties": {
        "osm_type": "way",
        "osm_id": 170406822,
        "sido": "충청남도",
        "power_type": "line",
        "name": "",
        "description": "",
        "voltage": "154000",
        "cables": "6",
        "circuits": "2",
        "frequency": "",
        "operator": "",
        "wires": ""
      }
    },
    {
      "type": "Feature",
      "geometry": {
        "type": "LineString",
        "coordinates": [
          [
            126.9208432,
            36.888453
          ],
          [
            126.9213005,
            36.888504
          ],
          [
            126.9217404,
            36.8885555
          ],
          [
            126.9221374,
            36.8886005
          ],
          [
            126.9226054,
            36.8886525
          ],
          [
            126.9230413,
            36.8887121
          ],
          [
            126.9235093,
            36.8887619
          ],
          [
            126.9239036,
            36.8888048
          ],
          [
            126.924263,
            36.8888435
          ],
          [
            126.9246912,
            36.8888877
          ],
          [
            126.9247405,
            36.8888928
          ],
          [
            126.9252152,
            36.8889336
          ],
          [
            126.9256793,
            36.888985
          ],
          [
            126.9261285,
            36.8890446
          ],
          [
            126.926551,
            36.8890923
          ],
          [
            126.9269318,
            36.8891524
          ]
        ]
      },
      "properties": {
        "osm_type": "way",
        "osm_id": 171417104,
        "sido": "충청남도",
        "power_type": "minor_line",
        "name": "",
        "description": "",
        "voltage": "",
        "cables": "",
        "circuits": "",
        "frequency": "",
        "operator": "",
        "wires": ""
      }
    },
    {
      "type": "Feature",
      "geometry": {
        "type": "LineString",
        "coordinates": [
          [
            126.512772,
            37.0511528
          ],
          [
            126.5145098,
            37.0505621
          ],
          [
            126.5173744,
            37.0503267
          ],
          [
            126.5186725,
            37.0516153
          ],
          [
            126.5215934,
            37.0514848
          ],
          [
            126.5229234,
            37.0486179
          ],
          [
            126.5208558,
            37.0460537
          ],
          [
            126.5216981,
            37.0429046
          ],
          [
            126.5246775,
            37.0400502
          ],
          [
            126.5254553,
            37.0364319
          ],
          [
            126.5261452,
            37.0325269
          ],
          [
            126.5246592,
            37.0280088
          ],
          [
            126.5232055,
            37.0237989
          ],
          [
            126.5206252,
            37.0209764
          ],
          [
            126.5181951,
            37.0180896
          ],
          [
            126.518323,
            37.013137
          ],
          [
            126.5184472,
            37.008328
          ],
          [
            126.5188678,
            37.0036449
          ],
          [
            126.5221938,
            37.0016399
          ],
          [
            126.5225135,
            36.9970519
          ],
          [
            126.5226658,
            36.9930969
          ],
          [
            126.5222085,
            36.991322
          ],
          [
            126.5214835,
            36.9885084
          ],
          [
            126.5233525,
            36.9859841
          ],
          [
            126.5221076,
            36.9755117
          ],
          [
            126.5219363,
            36.9740709
          ],
          [
            126.5213333,
            36.9694898
          ],
          [
            126.5206037,
            36.963935
          ],
          [
            126.5219684,
            36.9600211
          ],
          [
            126.5225907,
            36.9542342
          ],
          [
            126.5251549,
            36.9515678
          ],
          [
            126.5272365,
            36.9509463
          ],
          [
            126.5300365,
            36.9501102
          ],
          [
            126.5342186,
            36.9487945
          ],
          [
            126.5367331,
            36.945357
          ],
          [
            126.5396416,
            36.941362
          ],
          [
            126.5421669,
            36.9378889
          ],
          [
            126.544553,
            36.9346315
          ],
          [
            126.5467909,
            36.9305664
          ],
          [
            126.5485848,
            36.9262574
          ],
          [
            126.550997,
            36.922533
          ],
          [
            126.5535746,
            36.9197065
          ],
          [
            126.556335,
            36.9167407
          ],
          [
            126.5574323,
            36.9125215
          ],
          [
            126.5585033,
            36.9080931
          ],
          [
            126.5596126,
            36.903823
          ],
          [
            126.5646021,
            36.9020699
          ],
          [
            126.5696336,
            36.9002833
          ],
          [
            126.5756234,
            36.8981613
          ],
          [
            126.5788758,
            36.8969926
          ],
          [
            126.5812777,
            36.8933376
          ],
          [
            126.5843086,
            36.8899411
          ],
          [
            126.5826254,
            36.88539
          ],
          [
            126.5785105,
            36.8837323
          ],
          [
            126.5757372,
            36.8805175
          ],
          [
            126.5744015,
            36.8754243
          ],
          [
            126.5764017,
            36.8720181
          ],
          [
            126.5780675,
            36.8690812
          ],
          [
            126.576143,
            36.8660527
          ],
          [
            126.5748208,
            36.8639717
          ],
          [
            126.5729775,
            36.8608929
          ],
          [
            126.5747265,
            36.8557313
          ],
          [
            126.5762856,
            36.8542287
          ],
          [
            126.5783953,
            36.8530417
          ],
          [
            126.5821766,
            36.8502064
          ],
          [
            126.5869797,
            36.848323
          ],
          [
            126.5902072,
            36.8471269
          ],
          [
            126.5955537,
            36.8451224
          ],
          [
            126.5982803,
            36.8440972
          ],
          [
            126.5991015,
            36.839733
          ],
          [
            126.5986334,
            36.8349742
          ],
          [
            126.5984527,
            36.8325422
          ],
          [
            126.600974,
            36.8290188
          ],
          [
            126.6056716,
            36.8268429
          ],
          [
            126.6123485,
            36.8230103
          ],
          [
            126.6185162,
            36.8194799
          ],
          [
            126.6218341,
            36.8166265
          ],
          [
            126.6294718,
            36.8102028
          ],
          [
            126.6317385,
            36.8073359
          ],
          [
            126.6348511,
            36.8033906
          ],
          [
            126.6342762,
            36.7997475
          ],
          [
            126.6338163,
            36.7962357
          ],
          [
            126.6335124,
            36.7938353
          ],
          [
            126.6348921,
            36.7896656
          ],
          [
            126.6343829,
            36.783529
          ],
          [
            126.6341366,
            36.7808454
          ],
          [
            126.6337506,
            36.7772209
          ],
          [
            126.6333317,
            36.7739516
          ],
          [
            126.6368328,
            36.771609
          ]
        ]
      },
      "properties": {
        "osm_type": "way",
        "osm_id": 172009706,
        "sido": "충청남도",
        "power_type": "line",
        "name": "",
        "description": "신서산변전소-당진화력발전소",
        "voltage": "765000",
        "cables": "8",
        "circuits": "2",
        "frequency": "60",
        "operator": "",
        "wires": ""
      }
    },
    {
      "type": "Feature",
      "geometry": {
        "type": "LineString",
        "coordinates": [
          [
            127.1153459,
            36.9678823
          ],
          [
            127.1147636,
            36.9725137
          ]
        ]
      },
      "properties": {
        "osm_type": "way",
        "osm_id": 172029817,
        "sido": "충청남도",
        "power_type": "line",
        "name": "",
        "description": "",
        "voltage": "",
        "cables": "",
        "circuits": "",
        "frequency": "",
        "operator": "",
        "wires": ""
      }
    },
    {
      "type": "Feature",
      "geometry": {
        "type": "LineString",
        "coordinates": [
          [
            127.1153459,
            36.9678823
          ],
          [
            127.1162472,
            36.9671237
          ]
        ]
      },
      "properties": {
        "osm_type": "way",
        "osm_id": 172029818,
        "sido": "충청남도",
        "power_type": "minor_line",
        "name": "",
        "description": "",
        "voltage": "",
        "cables": "",
        "circuits": "",
        "frequency": "",
        "operator": "",
        "wires": ""
      }
    },
    {
      "type": "Feature",
      "geometry": {
        "type": "LineString",
        "coordinates": [
          [
            127.3301772,
            36.7693381
          ],
          [
            127.3299888,
            36.7668048
          ],
          [
            127.3298479,
            36.7654982
          ],
          [
            127.329754,
            36.7632614
          ],
          [
            127.3311636,
            36.7611837
          ],
          [
            127.3323974,
            36.759267
          ],
          [
            127.3336084,
            36.7574574
          ],
          [
            127.3322525,
            36.75429
          ],
          [
            127.3314532,
            36.7523559
          ],
          [
            127.3289253,
            36.7500776
          ],
          [
            127.3273266,
            36.7490931
          ],
          [
            127.32458,
            36.7475973
          ],
          [
            127.3205728,
            36.7458092
          ],
          [
            127.319972,
            36.7439909
          ],
          [
            127.3179443,
            36.7413818
          ],
          [
            127.3159433,
            36.7387982
          ],
          [
            127.3144413,
            36.7357115
          ],
          [
            127.3128899,
            36.7327146
          ],
          [
            127.3114415,
            36.7298341
          ],
          [
            127.3100317,
            36.7270355
          ],
          [
            127.3090179,
            36.7234195
          ],
          [
            127.3080737,
            36.7207021
          ],
          [
            127.3073563,
            36.7186941
          ],
          [
            127.3068507,
            36.7167417
          ],
          [
            127.3063572,
            36.7143035
          ],
          [
            127.3060836,
            36.7128371
          ],
          [
            127.3059495,
            36.7089366
          ],
          [
            127.3051072,
            36.7061455
          ],
          [
            127.3029132,
            36.7041413
          ],
          [
            127.3014661,
            36.7028427
          ],
          [
            127.2979752,
            36.6996855
          ],
          [
            127.2957224,
            36.697918
          ],
          [
            127.2921417,
            36.6976147
          ],
          [
            127.2905727,
            36.6964448
          ],
          [
            127.2876919,
            36.6940941
          ],
          [
            127.2867827,
            36.6923391
          ],
          [
            127.2813646,
            36.6912466
          ],
          [
            127.2788111,
            36.6921069
          ],
          [
            127.2755308,
            36.6932145
          ],
          [
            127.2727816,
            36.6951265
          ],
          [
            127.269984,
            36.6947092
          ],
          [
            127.2681574,
            36.6944103
          ],
          [
            127.2614905,
            36.6934467
          ],
          [
            127.2586635,
            36.6947221
          ],
          [
            127.2549902,
            36.6947563
          ],
          [
            127.2527156,
            36.6979438
          ],
          [
            127.2500093,
            36.7003309
          ],
          [
            127.2486037,
            36.7015782
          ],
          [
            127.2453475,
            36.7044469
          ],
          [
            127.2420002,
            36.706098
          ],
          [
            127.2381335,
            36.707339
          ],
          [
            127.2367504,
            36.7077557
          ],
          [
            127.2340809,
            36.7084761
          ],
          [
            127.232114,
            36.7088376
          ],
          [
            127.2274469,
            36.7088858
          ],
          [
            127.2247664,
            36.7078329
          ],
          [
            127.2227418,
            36.7046789
          ],
          [
            127.2194017,
            36.7058733
          ],
          [
            127.2181181,
            36.7045551
          ],
          [
            127.2169311,
            36.7030006
          ]
        ]
      },
      "properties": {
        "osm_type": "way",
        "osm_id": 176601576,
        "sido": "충청남도",
        "power_type": "line",
        "name": "",
        "description": "",
        "voltage": "154000",
        "cables": "6",
        "circuits": "2",
        "frequency": "",
        "operator": "",
        "wires": ""
      }
    },
    {
      "type": "Feature",
      "geometry": {
        "type": "LineString",
        "coordinates": [
          [
            127.1894353,
            36.8787799
          ],
          [
            127.1897311,
            36.8787476
          ],
          [
            127.1901369,
            36.8787045
          ],
          [
            127.1905473,
            36.8786659
          ],
          [
            127.1909335,
            36.8786316
          ],
          [
            127.1913331,
            36.8785908
          ],
          [
            127.1918896,
            36.8785332
          ]
        ]
      },
      "properties": {
        "osm_type": "way",
        "osm_id": 181034406,
        "sido": "충청남도",
        "power_type": "minor_line",
        "name": "",
        "description": "",
        "voltage": "",
        "cables": "",
        "circuits": "",
        "frequency": "",
        "operator": "",
        "wires": ""
      }
    },
    {
      "type": "Feature",
      "geometry": {
        "type": "LineString",
        "coordinates": [
          [
            127.1895039,
            36.8789577
          ],
          [
            127.1897506,
            36.8789363
          ],
          [
            127.1901234,
            36.8788976
          ],
          [
            127.1905446,
            36.8788504
          ],
          [
            127.1909728,
            36.8788083
          ]
        ]
      },
      "properties": {
        "osm_type": "way",
        "osm_id": 181034816,
        "sido": "충청남도",
        "power_type": "minor_line",
        "name": "",
        "description": "",
        "voltage": "",
        "cables": "",
        "circuits": "",
        "frequency": "",
        "operator": "",
        "wires": ""
      }
    },
    {
      "type": "Feature",
      "geometry": {
        "type": "LineString",
        "coordinates": [
          [
            127.2334348,
            36.7914155
          ],
          [
            127.2340092,
            36.7914091
          ],
          [
            127.2345596,
            36.7914137
          ],
          [
            127.2350172,
            36.7914178
          ],
          [
            127.2353079,
            36.791418
          ]
        ]
      },
      "properties": {
        "osm_type": "way",
        "osm_id": 182215986,
        "sido": "충청남도",
        "power_type": "minor_line",
        "name": "",
        "description": "",
        "voltage": "",
        "cables": "",
        "circuits": "",
        "frequency": "",
        "operator": "",
        "wires": ""
      }
    },
    {
      "type": "Feature",
      "geometry": {
        "type": "LineString",
        "coordinates": [
          [
            127.1330889,
            36.8073413
          ],
          [
            127.1335235,
            36.8073112
          ],
          [
            127.1340063,
            36.8072854
          ],
          [
            127.1344998,
            36.8072554
          ],
          [
            127.1348512,
            36.807236
          ],
          [
            127.1352281,
            36.8072197
          ],
          [
            127.135677,
            36.8071906
          ],
          [
            127.1361038,
            36.807163
          ]
        ]
      },
      "properties": {
        "osm_type": "way",
        "osm_id": 186487271,
        "sido": "충청남도",
        "power_type": "minor_line",
        "name": "",
        "description": "",
        "voltage": "",
        "cables": "",
        "circuits": "",
        "frequency": "",
        "operator": "",
        "wires": ""
      }
    },
    {
      "type": "Feature",
      "geometry": {
        "type": "LineString",
        "coordinates": [
          [
            127.2668937,
            36.913634
          ],
          [
            127.2673067,
            36.9135697
          ],
          [
            127.2684038,
            36.913411
          ],
          [
            127.2689778,
            36.9133338
          ],
          [
            127.269541,
            36.9132652
          ],
          [
            127.26982,
            36.9132244
          ],
          [
            127.2703671,
            36.9131472
          ],
          [
            127.2710028,
            36.9131708
          ],
          [
            127.2717017,
            36.9132245
          ],
          [
            127.2719914,
            36.9132503
          ],
          [
            127.2723815,
            36.9132073
          ],
          [
            127.2728416,
            36.9129629
          ],
          [
            127.2729903,
            36.9125424
          ],
          [
            127.2730869,
            36.9118712
          ]
        ]
      },
      "properties": {
        "osm_type": "way",
        "osm_id": 201210280,
        "sido": "충청남도",
        "power_type": "minor_line",
        "name": "",
        "description": "",
        "voltage": "",
        "cables": "",
        "circuits": "",
        "frequency": "",
        "operator": "",
        "wires": ""
      }
    },
    {
      "type": "Feature",
      "geometry": {
        "type": "LineString",
        "coordinates": [
          [
            126.433695,
            36.9742683
          ],
          [
            126.4362377,
            36.9712211
          ],
          [
            126.4386034,
            36.9691039
          ],
          [
            126.4412615,
            36.9662987
          ],
          [
            126.4439946,
            36.9634633
          ],
          [
            126.4464354,
            36.9630947
          ],
          [
            126.4492732,
            36.962276
          ],
          [
            126.4528191,
            36.9605872
          ],
          [
            126.4565796,
            36.9589283
          ],
          [
            126.4609274,
            36.9572373
          ],
          [
            126.4635828,
            36.956172
          ],
          [
            126.4677831,
            36.9545324
          ],
          [
            126.4708436,
            36.9533256
          ],
          [
            126.4746952,
            36.9534671
          ],
          [
            126.4788526,
            36.95363
          ],
          [
            126.4817199,
            36.9557241
          ],
          [
            126.4892489,
            36.9613116
          ],
          [
            126.4915287,
            36.9630176
          ],
          [
            126.4942646,
            36.9647921
          ],
          [
            126.4971238,
            36.9666265
          ],
          [
            126.4998221,
            36.9683581
          ],
          [
            126.50244,
            36.9700296
          ],
          [
            126.5051812,
            36.9699868
          ],
          [
            126.5079975,
            36.9699611
          ],
          [
            126.5096712,
            36.9708011
          ],
          [
            126.5152824,
            36.9735397
          ],
          [
            126.5188497,
            36.9753204
          ],
          [
            126.5231144,
            36.9762182
          ],
          [
            126.5261185,
            36.9768268
          ],
          [
            126.5291762,
            36.9776624
          ],
          [
            126.5332425,
            36.9787595
          ],
          [
            126.5346909,
            36.9804951
          ],
          [
            126.5398675,
            36.9866314
          ],
          [
            126.5422922,
            36.989438
          ],
          [
            126.5441269,
            36.9904921
          ],
          [
            126.5469646,
            36.9927929
          ],
          [
            126.5506098,
            36.9935749
          ],
          [
            126.5544078,
            36.9944511
          ],
          [
            126.5557435,
            36.9961156
          ],
          [
            126.5574762,
            36.9986862
          ],
          [
            126.5571946,
            37.0020086
          ],
          [
            126.5567976,
            37.0044976
          ],
          [
            126.5569223,
            37.0078347
          ],
          [
            126.5561056,
            37.0101522
          ],
          [
            126.5560573,
            37.0127095
          ],
          [
            126.5578383,
            37.0152368
          ],
          [
            126.5579832,
            37.0177596
          ],
          [
            126.5581602,
            37.0199354
          ],
          [
            126.5571034,
            37.022638
          ],
          [
            126.5553921,
            37.0254776
          ],
          [
            126.5520233,
            37.0266168
          ],
          [
            126.5488315,
            37.028544
          ],
          [
            126.5454304,
            37.0305525
          ],
          [
            126.5428957,
            37.033441
          ],
          [
            126.5404791,
            37.035156
          ],
          [
            126.5385479,
            37.0364535
          ],
          [
            126.5355599,
            37.0379608
          ],
          [
            126.5329581,
            37.0395409
          ],
          [
            126.5309626,
            37.0409026
          ],
          [
            126.5264618,
            37.0429429
          ],
          [
            126.5239029,
            37.0431441
          ],
          [
            126.5221354,
            37.0444843
          ],
          [
            126.5217681,
            37.0460035
          ],
          [
            126.5238093,
            37.0486944
          ],
          [
            126.524096,
            37.049025
          ],
          [
            126.5229695,
            37.0493718
          ]
        ]
      },
      "properties": {
        "osm_type": "way",
        "osm_id": 223849454,
        "sido": "충청남도",
        "power_type": "line",
        "name": "",
        "description": "",
        "voltage": "154000",
        "cables": "6",
        "circuits": "2",
        "frequency": "60",
        "operator": "",
        "wires": ""
      }
    },
    {
      "type": "Feature",
      "geometry": {
        "type": "LineString",
        "coordinates": [
          [
            127.3204672,
            36.2812132
          ],
          [
            127.3177816,
            36.2796059
          ],
          [
            127.3161394,
            36.2781916
          ],
          [
            127.3128762,
            36.2751337
          ],
          [
            127.310205,
            36.2721505
          ],
          [
            127.3069998,
            36.2711025
          ],
          [
            127.3044118,
            36.2685995
          ],
          [
            127.3013188,
            36.2665441
          ],
          [
            127.2981292,
            36.2632533
          ],
          [
            127.2962862,
            36.2601465
          ],
          [
            127.2947069,
            36.2574316
          ],
          [
            127.2934421,
            36.2557928
          ],
          [
            127.2915032,
            36.2546281
          ],
          [
            127.2880606,
            36.252553
          ],
          [
            127.2856895,
            36.2507163
          ],
          [
            127.2841513,
            36.2494979
          ],
          [
            127.2781308,
            36.2476941
          ],
          [
            127.2758942,
            36.2474254
          ]
        ]
      },
      "properties": {
        "osm_type": "way",
        "osm_id": 307934517,
        "sido": "충청남도",
        "power_type": "line",
        "name": "",
        "description": "",
        "voltage": "154000",
        "cables": "12",
        "circuits": "4",
        "frequency": "60",
        "operator": "",
        "wires": ""
      }
    },
    {
      "type": "Feature",
      "geometry": {
        "type": "LineString",
        "coordinates": [
          [
            127.2754096,
            36.2473507
          ],
          [
            127.2741724,
            36.2473723
          ],
          [
            127.2721275,
            36.2451067
          ],
          [
            127.2695652,
            36.2445276
          ],
          [
            127.266614,
            36.2438768
          ],
          [
            127.2636228,
            36.2425885
          ],
          [
            127.2594411,
            36.240886
          ],
          [
            127.2526714,
            36.2352288
          ],
          [
            127.2488242,
            36.2350251
          ],
          [
            127.2431066,
            36.2361288
          ],
          [
            127.2406059,
            36.235625
          ]
        ]
      },
      "properties": {
        "osm_type": "way",
        "osm_id": 307934523,
        "sido": "충청남도",
        "power_type": "line",
        "name": "",
        "description": "",
        "voltage": "154000",
        "cables": "12",
        "circuits": "4",
        "frequency": "60",
        "operator": "",
        "wires": ""
      }
    },
    {
      "type": "Feature",
      "geometry": {
        "type": "LineString",
        "coordinates": [
          [
            126.888876,
            35.9693389
          ],
          [
            126.8930452,
            35.9693315
          ],
          [
            126.8958543,
            35.9680719
          ],
          [
            126.8989956,
            35.9669366
          ],
          [
            126.9024666,
            35.9665653
          ],
          [
            126.9055297,
            35.9654316
          ],
          [
            126.9083574,
            35.9643216
          ],
          [
            126.9112123,
            35.9630893
          ],
          [
            126.9142927,
            35.9621692
          ],
          [
            126.91701,
            35.9611426
          ],
          [
            126.9201552,
            35.9601933
          ],
          [
            126.9236241,
            35.9596016
          ],
          [
            126.9233218,
            35.9627825
          ],
          [
            126.9230498,
            35.9661103
          ],
          [
            126.9228426,
            35.9685547
          ],
          [
            126.9226065,
            35.9713776
          ],
          [
            126.9223727,
            35.9740635
          ],
          [
            126.9221499,
            35.9767817
          ],
          [
            126.9219228,
            35.9794475
          ],
          [
            126.9216889,
            35.9821511
          ],
          [
            126.9215152,
            35.9842075
          ],
          [
            126.9214475,
            35.9850207
          ],
          [
            126.921221,
            35.9877421
          ],
          [
            126.9215769,
            35.9904488
          ],
          [
            126.9219518,
            35.9931936
          ],
          [
            126.9223235,
            35.9959588
          ],
          [
            126.9229631,
            35.9972808
          ],
          [
            126.9235559,
            35.9984779
          ],
          [
            126.9248291,
            36.001089
          ],
          [
            126.9261961,
            36.003799
          ],
          [
            126.9275407,
            36.006553
          ],
          [
            126.9290636,
            36.0097095
          ],
          [
            126.9312615,
            36.0145036
          ],
          [
            126.9324164,
            36.017317
          ],
          [
            126.9336313,
            36.0201976
          ],
          [
            126.9347109,
            36.0226445
          ],
          [
            126.9355455,
            36.0246707
          ],
          [
            126.9382594,
            36.0266736
          ],
          [
            126.9410385,
            36.0287063
          ],
          [
            126.9434883,
            36.0305082
          ],
          [
            126.9453692,
            36.03191
          ],
          [
            126.9477148,
            36.032785
          ],
          [
            126.9503939,
            36.0337358
          ],
          [
            126.9523708,
            36.0344213
          ],
          [
            126.9558176,
            36.035163
          ],
          [
            126.9577375,
            36.0355757
          ],
          [
            126.9601657,
            36.0361068
          ],
          [
            126.9613731,
            36.0376632
          ],
          [
            126.9637902,
            36.040699
          ],
          [
            126.9659673,
            36.0437431
          ],
          [
            126.9669322,
            36.0451542
          ],
          [
            126.9691619,
            36.0482509
          ],
          [
            126.9698073,
            36.0498266
          ],
          [
            126.9702697,
            36.0509556
          ],
          [
            126.9713621,
            36.0535088
          ],
          [
            126.972334,
            36.0552583
          ],
          [
            126.9759346,
            36.0612918
          ],
          [
            126.9760673,
            36.0611982
          ],
          [
            126.9761767,
            36.061051
          ],
          [
            126.9763662,
            36.0614385
          ],
          [
            126.9761801,
            36.0614371
          ],
          [
            126.9760322,
            36.0614938
          ],
          [
            126.9777354,
            36.0650511
          ],
          [
            126.9783193,
            36.0664117
          ],
          [
            126.9806863,
            36.068626
          ],
          [
            126.9832907,
            36.0709754
          ],
          [
            126.9851679,
            36.0726595
          ],
          [
            126.9871682,
            36.074532
          ],
          [
            126.9880685,
            36.0768846
          ],
          [
            126.9890995,
            36.0796023
          ],
          [
            126.9901417,
            36.082336
          ],
          [
            126.9910383,
            36.0848122
          ],
          [
            126.9912587,
            36.0850209
          ],
          [
            126.993801,
            36.0874286
          ],
          [
            126.9962657,
            36.0892816
          ],
          [
            126.9979742,
            36.0905674
          ],
          [
            126.9996192,
            36.0917472
          ],
          [
            127.0024145,
            36.0937811
          ],
          [
            127.0050343,
            36.0958121
          ],
          [
            127.0069551,
            36.097246
          ],
          [
            127.009863,
            36.0994334
          ],
          [
            127.0138893,
            36.1024575
          ],
          [
            127.0165014,
            36.1043897
          ],
          [
            127.0196855,
            36.106115
          ],
          [
            127.0205291,
            36.1065809
          ],
          [
            127.0223718,
            36.1075986
          ],
          [
            127.025117,
            36.1094098
          ],
          [
            127.0282877,
            36.1114817
          ],
          [
            127.0315826,
            36.1136781
          ],
          [
            127.0344419,
            36.1155568
          ],
          [
            127.0367879,
            36.1171006
          ],
          [
            127.0396141,
            36.1189954
          ],
          [
            127.0420237,
            36.1205805
          ],
          [
            127.0443842,
            36.1221333
          ],
          [
            127.0457155,
            36.1238438
          ],
          [
            127.0473288,
            36.1258906
          ],
          [
            127.0497911,
            36.1290097
          ],
          [
            127.052917,
            36.1330006
          ],
          [
            127.0549249,
            36.1355604
          ],
          [
            127.0565822,
            36.1379955
          ],
          [
            127.0580781,
            36.1401495
          ],
          [
            127.0595709,
            36.1423115
          ],
          [
            127.0611016,
            36.1445907
          ],
          [
            127.0630957,
            36.1475192
          ],
          [
            127.0648373,
            36.1500767
          ],
          [
            127.0662906,
            36.1522238
          ],
          [
            127.0694606,
            36.1541331
          ],
          [
            127.0711009,
            36.1551142
          ],
          [
            127.075075,
            36.1575143
          ],
          [
            127.0774348,
            36.1589489
          ],
          [
            127.0802354,
            36.1606193
          ],
          [
            127.0839523,
            36.1628502
          ],
          [
            127.0866479,
            36.1654115
          ],
          [
            127.0891723,
            36.1669553
          ],
          [
            127.0910941,
            36.1681671
          ],
          [
            127.0944982,
            36.1704843
          ],
          [
            127.0969555,
            36.1722326
          ],
          [
            127.1000391,
            36.1731696
          ],
          [
            127.1031446,
            36.1740897
          ],
          [
            127.1062664,
            36.1753972
          ],
          [
            127.1082461,
            36.1762322
          ],
          [
            127.1097148,
            36.1773286
          ]
        ]
      },
      "properties": {
        "osm_type": "way",
        "osm_id": 308733189,
        "sido": "충청남도",
        "power_type": "line",
        "name": "",
        "description": "",
        "voltage": "154000",
        "cables": "6",
        "circuits": "2",
        "frequency": "60",
        "operator": "",
        "wires": ""
      }
    },
    {
      "type": "Feature",
      "geometry": {
        "type": "LineString",
        "coordinates": [
          [
            126.7856105,
            36.4665933
          ],
          [
            126.7878714,
            36.4658122
          ]
        ]
      },
      "properties": {
        "osm_type": "way",
        "osm_id": 308733191,
        "sido": "충청남도",
        "power_type": "line",
        "name": "",
        "description": "",
        "voltage": "345000",
        "cables": "3",
        "circuits": "1",
        "frequency": "60",
        "operator": "",
        "wires": ""
      }
    },
    {
      "type": "Feature",
      "geometry": {
        "type": "LineString",
        "coordinates": [
          [
            126.7856105,
            36.4665933
          ],
          [
            126.7879203,
            36.4659912
          ]
        ]
      },
      "properties": {
        "osm_type": "way",
        "osm_id": 308733192,
        "sido": "충청남도",
        "power_type": "line",
        "name": "",
        "description": "",
        "voltage": "345000",
        "cables": "3",
        "circuits": "1",
        "frequency": "60",
        "operator": "",
        "wires": ""
      }
    },
    {
      "type": "Feature",
      "geometry": {
        "type": "LineString",
        "coordinates": [
          [
            126.7861515,
            36.4674605
          ],
          [
            126.7880244,
            36.4665212
          ]
        ]
      },
      "properties": {
        "osm_type": "way",
        "osm_id": 308733194,
        "sido": "충청남도",
        "power_type": "line",
        "name": "",
        "description": "",
        "voltage": "345000",
        "cables": "3",
        "circuits": "1",
        "frequency": "60",
        "operator": "",
        "wires": ""
      }
    },
    {
      "type": "Feature",
      "geometry": {
        "type": "LineString",
        "coordinates": [
          [
            126.4899343,
            36.3988682
          ],
          [
            126.4890377,
            36.4003179
          ]
        ]
      },
      "properties": {
        "osm_type": "way",
        "osm_id": 308733195,
        "sido": "충청남도",
        "power_type": "line",
        "name": "",
        "description": "",
        "voltage": "345000",
        "cables": "3",
        "circuits": "1",
        "frequency": "60",
        "operator": "",
        "wires": ""
      }
    },
    {
      "type": "Feature",
      "geometry": {
        "type": "LineString",
        "coordinates": [
          [
            126.4899343,
            36.3988682
          ],
          [
            126.4892504,
            36.4003299
          ]
        ]
      },
      "properties": {
        "osm_type": "way",
        "osm_id": 308733196,
        "sido": "충청남도",
        "power_type": "line",
        "name": "",
        "description": "",
        "voltage": "345000",
        "cables": "3",
        "circuits": "1",
        "frequency": "60",
        "operator": "",
        "wires": ""
      }
    },
    {
      "type": "Feature",
      "geometry": {
        "type": "LineString",
        "coordinates": [
          [
            126.7880663,
            36.4673859
          ],
          [
            126.7881058,
            36.4683883
          ],
          [
            126.7850564,
            36.4699391
          ],
          [
            126.7823766,
            36.471257
          ],
          [
            126.7784123,
            36.4711923
          ],
          [
            126.7756925,
            36.4711233
          ],
          [
            126.7726294,
            36.4710758
          ],
          [
            126.7700169,
            36.4709982
          ],
          [
            126.7659025,
            36.4709158
          ],
          [
            126.7623917,
            36.4708641
          ],
          [
            126.7603351,
            36.4708264
          ],
          [
            126.7575161,
            36.469984
          ],
          [
            126.7553654,
            36.4684216
          ],
          [
            126.7529982,
            36.4667509
          ],
          [
            126.7515582,
            36.4656591
          ],
          [
            126.7498545,
            36.4644637
          ],
          [
            126.7451813,
            36.4636307
          ],
          [
            126.7421882,
            36.4630989
          ],
          [
            126.7389975,
            36.4625624
          ],
          [
            126.7350678,
            36.4618894
          ],
          [
            126.7286628,
            36.4608211
          ],
          [
            126.7252743,
            36.461673
          ],
          [
            126.7226013,
            36.4622848
          ],
          [
            126.7205211,
            36.4622942
          ],
          [
            126.7165397,
            36.4622801
          ],
          [
            126.712949,
            36.4623036
          ],
          [
            126.7091464,
            36.4623083
          ],
          [
            126.7070569,
            36.4623224
          ],
          [
            126.7024448,
            36.4623412
          ],
          [
            126.6984117,
            36.4623412
          ],
          [
            126.6953668,
            36.4611318
          ],
          [
            126.6937112,
            36.4605436
          ],
          [
            126.6914248,
            36.4587768
          ],
          [
            126.6896625,
            36.4573805
          ],
          [
            126.6874936,
            36.4556544
          ],
          [
            126.684335,
            36.4531736
          ],
          [
            126.6822067,
            36.451565
          ],
          [
            126.6795459,
            36.4496534
          ],
          [
            126.6756773,
            36.4464137
          ],
          [
            126.673079,
            36.444439
          ],
          [
            126.6717822,
            36.4433049
          ],
          [
            126.669315,
            36.4409506
          ],
          [
            126.6664456,
            36.4399114
          ],
          [
            126.6639739,
            36.4390347
          ],
          [
            126.661588,
            36.4382858
          ],
          [
            126.6560158,
            36.4362949
          ],
          [
            126.6526982,
            36.4338597
          ],
          [
            126.6499737,
            36.4318345
          ],
          [
            126.6483779,
            36.4306035
          ],
          [
            126.6464234,
            36.4279746
          ],
          [
            126.6453244,
            36.4264125
          ],
          [
            126.6431066,
            36.4233493
          ],
          [
            126.6423761,
            36.4223246
          ],
          [
            126.6409152,
            36.420217
          ],
          [
            126.6396813,
            36.4185754
          ],
          [
            126.638092,
            36.4163777
          ],
          [
            126.63697,
            36.4148101
          ],
          [
            126.6351668,
            36.4121992
          ],
          [
            126.6334031,
            36.4098239
          ],
          [
            126.6319488,
            36.4088186
          ],
          [
            126.6300761,
            36.4074738
          ],
          [
            126.6252185,
            36.4058363
          ],
          [
            126.6220587,
            36.4047599
          ],
          [
            126.6172643,
            36.4029427
          ],
          [
            126.6132173,
            36.4010161
          ],
          [
            126.6122814,
            36.4006068
          ],
          [
            126.6089889,
            36.3989595
          ],
          [
            126.6065019,
            36.3977191
          ],
          [
            126.605876,
            36.3966896
          ],
          [
            126.6035167,
            36.3925874
          ],
          [
            126.6025015,
            36.3919007
          ],
          [
            126.5995047,
            36.3898723
          ],
          [
            126.5968535,
            36.3881171
          ],
          [
            126.5943796,
            36.3864284
          ],
          [
            126.5918996,
            36.3847962
          ],
          [
            126.590123,
            36.3836737
          ],
          [
            126.5883891,
            36.382423
          ],
          [
            126.586527,
            36.3808501
          ],
          [
            126.5853743,
            36.3819757
          ],
          [
            126.5826307,
            36.3818274
          ]
        ]
      },
      "properties": {
        "osm_type": "way",
        "osm_id": 308733197,
        "sido": "충청남도",
        "power_type": "line",
        "name": "",
        "description": "",
        "voltage": "154000",
        "cables": "6",
        "circuits": "2",
        "frequency": "60",
        "operator": "",
        "wires": ""
      }
    },
    {
      "type": "Feature",
      "geometry": {
        "type": "LineString",
        "coordinates": [
          [
            126.7858233,
            36.4669626
          ],
          [
            126.787986,
            36.4663455
          ]
        ]
      },
      "properties": {
        "osm_type": "way",
        "osm_id": 308733198,
        "sido": "충청남도",
        "power_type": "line",
        "name": "",
        "description": "",
        "voltage": "345000",
        "cables": "3",
        "circuits": "1",
        "frequency": "60",
        "operator": "",
        "wires": ""
      }
    },
    {
      "type": "Feature",
      "geometry": {
        "type": "LineString",
        "coordinates": [
          [
            126.7858233,
            36.4669626
          ],
          [
            126.7879422,
            36.4661658
          ],
          [
            126.7882281,
            36.4661339
          ]
        ]
      },
      "properties": {
        "osm_type": "way",
        "osm_id": 308733199,
        "sido": "충청남도",
        "power_type": "line",
        "name": "",
        "description": "",
        "voltage": "345000",
        "cables": "3",
        "circuits": "1",
        "frequency": "60",
        "operator": "",
        "wires": ""
      }
    },
    {
      "type": "Feature",
      "geometry": {
        "type": "LineString",
        "coordinates": [
          [
            126.7897816,
            36.4658833
          ],
          [
            126.7883264,
            36.4659283
          ],
          [
            126.7879203,
            36.4659912
          ]
        ]
      },
      "properties": {
        "osm_type": "way",
        "osm_id": 308733200,
        "sido": "충청남도",
        "power_type": "line",
        "name": "",
        "description": "",
        "voltage": "345000",
        "cables": "3",
        "circuits": "1",
        "frequency": "60",
        "operator": "",
        "wires": ""
      }
    },
    {
      "type": "Feature",
      "geometry": {
        "type": "LineString",
        "coordinates": [
          [
            126.7898075,
            36.4662092
          ],
          [
            126.7882828,
            36.466304
          ],
          [
            126.787986,
            36.4663455
          ]
        ]
      },
      "properties": {
        "osm_type": "way",
        "osm_id": 308733202,
        "sido": "충청남도",
        "power_type": "line",
        "name": "",
        "description": "",
        "voltage": "345000",
        "cables": "3",
        "circuits": "1",
        "frequency": "60",
        "operator": "",
        "wires": ""
      }
    },
    {
      "type": "Feature",
      "geometry": {
        "type": "LineString",
        "coordinates": [
          [
            126.7898075,
            36.4662092
          ],
          [
            126.7883123,
            36.466486
          ],
          [
            126.7880244,
            36.4665212
          ]
        ]
      },
      "properties": {
        "osm_type": "way",
        "osm_id": 308733203,
        "sido": "충청남도",
        "power_type": "line",
        "name": "",
        "description": "",
        "voltage": "345000",
        "cables": "3",
        "circuits": "1",
        "frequency": "60",
        "operator": "",
        "wires": ""
      }
    },
    {
      "type": "Feature",
      "geometry": {
        "type": "LineString",
        "coordinates": [
          [
            126.7861515,
            36.4674605
          ],
          [
            126.7880586,
            36.4666994
          ],
          [
            126.7883336,
            36.4666591
          ]
        ]
      },
      "properties": {
        "osm_type": "way",
        "osm_id": 308733204,
        "sido": "충청남도",
        "power_type": "line",
        "name": "",
        "description": "",
        "voltage": "345000",
        "cables": "3",
        "circuits": "1",
        "frequency": "60",
        "operator": "",
        "wires": ""
      }
    },
    {
      "type": "Feature",
      "geometry": {
        "type": "LineString",
        "coordinates": [
          [
            126.7897816,
            36.4658833
          ],
          [
            126.7882902,
            36.4657536
          ],
          [
            126.7878714,
            36.4658122
          ]
        ]
      },
      "properties": {
        "osm_type": "way",
        "osm_id": 308733205,
        "sido": "충청남도",
        "power_type": "line",
        "name": "",
        "description": "",
        "voltage": "345000",
        "cables": "3",
        "circuits": "1",
        "frequency": "60",
        "operator": "",
        "wires": ""
      }
    },
    {
      "type": "Feature",
      "geometry": {
        "type": "LineString",
        "coordinates": [
          [
            126.5820589,
            36.3821711
          ],
          [
            126.5808568,
            36.3839587
          ],
          [
            126.5788921,
            36.3847531
          ],
          [
            126.5755951,
            36.3850637
          ],
          [
            126.574375,
            36.3839659
          ],
          [
            126.5724552,
            36.3823842
          ],
          [
            126.5722655,
            36.3806301
          ],
          [
            126.5721264,
            36.3791582
          ],
          [
            126.569497,
            36.3788506
          ],
          [
            126.566119,
            36.3795733
          ],
          [
            126.5626554,
            36.3798133
          ],
          [
            126.5592679,
            36.3808526
          ],
          [
            126.5554268,
            36.3820273
          ],
          [
            126.5504964,
            36.3828034
          ],
          [
            126.5471068,
            36.3822777
          ],
          [
            126.5434127,
            36.3817402
          ],
          [
            126.5407495,
            36.3813503
          ],
          [
            126.5357599,
            36.3805947
          ],
          [
            126.5340076,
            36.38032
          ],
          [
            126.5317327,
            36.3803686
          ],
          [
            126.5302275,
            36.3813659
          ],
          [
            126.5284747,
            36.3825775
          ],
          [
            126.526552,
            36.3838037
          ],
          [
            126.5242649,
            36.384352
          ],
          [
            126.5213244,
            36.3849298
          ],
          [
            126.5191502,
            36.3852969
          ],
          [
            126.5147896,
            36.3860152
          ],
          [
            126.5126884,
            36.3863531
          ],
          [
            126.5093055,
            36.3873405
          ],
          [
            126.5059325,
            36.3886698
          ],
          [
            126.5032502,
            36.3896882
          ],
          [
            126.4984076,
            36.3916581
          ],
          [
            126.4960372,
            36.3932662
          ],
          [
            126.4928147,
            36.3953238
          ],
          [
            126.4921696,
            36.3961213
          ],
          [
            126.4912566,
            36.3973347
          ],
          [
            126.4891511,
            36.3987257
          ]
        ]
      },
      "properties": {
        "osm_type": "way",
        "osm_id": 308733206,
        "sido": "충청남도",
        "power_type": "line",
        "name": "",
        "description": "",
        "voltage": "154000",
        "cables": "6",
        "circuits": "2",
        "frequency": "60",
        "operator": "",
        "wires": ""
      }
    },
    {
      "type": "Feature",
      "geometry": {
        "type": "LineString",
        "coordinates": [
          [
            127.2753993,
            36.2451386
          ],
          [
            127.2753847,
            36.2459962
          ]
        ]
      },
      "properties": {
        "osm_type": "way",
        "osm_id": 308734378,
        "sido": "충청남도",
        "power_type": "line",
        "name": "",
        "description": "",
        "voltage": "345000",
        "cables": "3",
        "circuits": "1",
        "frequency": "60",
        "operator": "",
        "wires": ""
      }
    },
    {
      "type": "Feature",
      "geometry": {
        "type": "LineString",
        "coordinates": [
          [
            127.2753993,
            36.2451386
          ],
          [
            127.2755927,
            36.2460152
          ]
        ]
      },
      "properties": {
        "osm_type": "way",
        "osm_id": 308734379,
        "sido": "충청남도",
        "power_type": "line",
        "name": "",
        "description": "",
        "voltage": "345000",
        "cables": "3",
        "circuits": "1",
        "frequency": "60",
        "operator": "",
        "wires": ""
      }
    },
    {
      "type": "Feature",
      "geometry": {
        "type": "LineString",
        "coordinates": [
          [
            127.2688602,
            36.2432045
          ],
          [
            127.2738629,
            36.2441443
          ],
          [
            127.2753993,
            36.2451386
          ]
        ]
      },
      "properties": {
        "osm_type": "way",
        "osm_id": 308736916,
        "sido": "충청남도",
        "power_type": "line",
        "name": "",
        "description": "",
        "voltage": "345000",
        "cables": "6",
        "circuits": "2",
        "frequency": "60",
        "operator": "",
        "wires": ""
      }
    },
    {
      "type": "Feature",
      "geometry": {
        "type": "LineString",
        "coordinates": [
          [
            126.9297592,
            36.457531
          ],
          [
            126.9306519,
            36.4598709
          ],
          [
            126.931561,
            36.4624712
          ],
          [
            126.9320297,
            36.4658613
          ],
          [
            126.9319455,
            36.468381
          ],
          [
            126.9323825,
            36.4707745
          ],
          [
            126.9343931,
            36.4726636
          ],
          [
            126.9350051,
            36.4749596
          ],
          [
            126.9330036,
            36.4780517
          ],
          [
            126.931651,
            36.4802704
          ],
          [
            126.9309566,
            36.4820975
          ],
          [
            126.9306921,
            36.4839826
          ],
          [
            126.9322869,
            36.4864951
          ],
          [
            126.9347566,
            36.4865327
          ],
          [
            126.9361578,
            36.4873683
          ]
        ]
      },
      "properties": {
        "osm_type": "way",
        "osm_id": 310378740,
        "sido": "충청남도",
        "power_type": "line",
        "name": "",
        "description": "",
        "voltage": "154000",
        "cables": "12",
        "circuits": "4",
        "frequency": "60",
        "operator": "",
        "wires": ""
      }
    },
    {
      "type": "Feature",
      "geometry": {
        "type": "LineString",
        "coordinates": [
          [
            126.7889322,
            36.4679306
          ],
          [
            126.7895001,
            36.4704885
          ],
          [
            126.7901518,
            36.4735605
          ],
          [
            126.7922912,
            36.4755644
          ],
          [
            126.7948759,
            36.4779604
          ],
          [
            126.7980572,
            36.4809084
          ],
          [
            126.7991838,
            36.4827053
          ],
          [
            126.801135,
            36.4857789
          ],
          [
            126.802821,
            36.4884516
          ],
          [
            126.8053581,
            36.489447
          ],
          [
            126.8081284,
            36.4905275
          ],
          [
            126.8103791,
            36.490909
          ],
          [
            126.8132581,
            36.4914078
          ],
          [
            126.815697,
            36.4904018
          ],
          [
            126.8188491,
            36.4890441
          ],
          [
            126.8214073,
            36.4879785
          ],
          [
            126.8246336,
            36.4858599
          ],
          [
            126.8269877,
            36.4850797
          ],
          [
            126.8284803,
            36.484127
          ],
          [
            126.8330321,
            36.4812665
          ],
          [
            126.8352032,
            36.4798746
          ],
          [
            126.8399115,
            36.4786873
          ],
          [
            126.8414544,
            36.4782759
          ],
          [
            126.8449113,
            36.4774189
          ],
          [
            126.8486837,
            36.4755175
          ],
          [
            126.8526867,
            36.4734944
          ],
          [
            126.8562868,
            36.4727995
          ],
          [
            126.8617241,
            36.4716803
          ],
          [
            126.8643645,
            36.4711622
          ],
          [
            126.8673124,
            36.4705653
          ],
          [
            126.8700267,
            36.4700272
          ],
          [
            126.8744799,
            36.4691472
          ],
          [
            126.8774685,
            36.4692243
          ],
          [
            126.8823448,
            36.4693679
          ],
          [
            126.8845598,
            36.4694211
          ],
          [
            126.8878956,
            36.4685597
          ],
          [
            126.8932447,
            36.4671772
          ],
          [
            126.8969771,
            36.4663557
          ],
          [
            126.8985169,
            36.4660048
          ],
          [
            126.8992053,
            36.4658479
          ],
          [
            126.9030899,
            36.4650476
          ],
          [
            126.9054603,
            36.4645531
          ],
          [
            126.9087729,
            36.4638166
          ],
          [
            126.9139401,
            36.4626414
          ],
          [
            126.9168824,
            36.4620112
          ],
          [
            126.9209488,
            36.4611046
          ],
          [
            126.9257094,
            36.4590599
          ],
          [
            126.9288203,
            36.4577623
          ],
          [
            126.9297592,
            36.457531
          ]
        ]
      },
      "properties": {
        "osm_type": "way",
        "osm_id": 310378762,
        "sido": "충청남도",
        "power_type": "line",
        "name": "",
        "description": "",
        "voltage": "154000",
        "cables": "6",
        "circuits": "2",
        "frequency": "60",
        "operator": "",
        "wires": ""
      }
    },
    {
      "type": "Feature",
      "geometry": {
        "type": "LineString",
        "coordinates": [
          [
            127.1609304,
            36.4813532
          ],
          [
            127.1617396,
            36.4813603
          ],
          [
            127.1627433,
            36.4801209
          ],
          [
            127.1637784,
            36.478364
          ],
          [
            127.1697728,
            36.4780209
          ],
          [
            127.1748461,
            36.4777935
          ],
          [
            127.1783283,
            36.4775559
          ],
          [
            127.1821902,
            36.4781329
          ],
          [
            127.1856006,
            36.4785809
          ],
          [
            127.1926072,
            36.4794413
          ],
          [
            127.1968374,
            36.4796885
          ],
          [
            127.2004726,
            36.4799093
          ],
          [
            127.2049971,
            36.4801349
          ],
          [
            127.2085218,
            36.4795469
          ],
          [
            127.2097485,
            36.4793021
          ],
          [
            127.214461,
            36.478407
          ],
          [
            127.2154549,
            36.4774375
          ],
          [
            127.2170098,
            36.4758992
          ],
          [
            127.2182036,
            36.4747401
          ],
          [
            127.221412,
            36.4733409
          ],
          [
            127.2249069,
            36.4718697
          ],
          [
            127.2288136,
            36.4702041
          ],
          [
            127.2311206,
            36.4692489
          ],
          [
            127.2338724,
            36.4680824
          ],
          [
            127.2361466,
            36.4658791
          ],
          [
            127.2397071,
            36.4624563
          ],
          [
            127.2451103,
            36.4572222
          ],
          [
            127.247149,
            36.4552226
          ],
          [
            127.2490172,
            36.4533809
          ],
          [
            127.249262,
            36.4513778
          ],
          [
            127.2494393,
            36.4497958
          ],
          [
            127.249912,
            36.445983
          ],
          [
            127.2509577,
            36.4443884
          ],
          [
            127.2522685,
            36.4425595
          ],
          [
            127.2545753,
            36.4392879
          ],
          [
            127.257238,
            36.4383015
          ],
          [
            127.2598317,
            36.4373621
          ],
          [
            127.2627284,
            36.4362597
          ],
          [
            127.2648878,
            36.4353815
          ],
          [
            127.2671623,
            36.434579
          ],
          [
            127.2695287,
            36.4339053
          ],
          [
            127.2752684,
            36.4322029
          ],
          [
            127.2775996,
            36.4314743
          ],
          [
            127.2813149,
            36.4303928
          ],
          [
            127.2832887,
            36.4298191
          ],
          [
            127.2853504,
            36.4292549
          ],
          [
            127.2880858,
            36.427619
          ],
          [
            127.2906163,
            36.4261662
          ],
          [
            127.2923877,
            36.4252173
          ],
          [
            127.2939733,
            36.4243161
          ],
          [
            127.2954922,
            36.4241845
          ]
        ]
      },
      "properties": {
        "osm_type": "way",
        "osm_id": 310378763,
        "sido": "충청남도",
        "power_type": "line",
        "name": "",
        "description": "",
        "voltage": "154000",
        "cables": "6",
        "circuits": "2",
        "frequency": "60",
        "operator": "",
        "wires": ""
      }
    },
    {
      "type": "Feature",
      "geometry": {
        "type": "LineString",
        "coordinates": [
          [
            126.9297592,
            36.457531
          ],
          [
            126.9327934,
            36.4567535
          ],
          [
            126.9373612,
            36.4555761
          ],
          [
            126.9393833,
            36.4550534
          ],
          [
            126.9436028,
            36.454557
          ],
          [
            126.94746,
            36.4541077
          ],
          [
            126.9511302,
            36.4543784
          ],
          [
            126.9561469,
            36.454856
          ],
          [
            126.9593471,
            36.4550967
          ],
          [
            126.9628022,
            36.4553768
          ],
          [
            126.9649202,
            36.4555084
          ],
          [
            126.9677698,
            36.4557736
          ],
          [
            126.9707223,
            36.4559879
          ],
          [
            126.972562,
            36.4562995
          ],
          [
            126.9745631,
            36.4567062
          ],
          [
            126.9782847,
            36.4574413
          ],
          [
            126.9819081,
            36.4581238
          ],
          [
            126.9843043,
            36.4582065
          ],
          [
            126.9891853,
            36.4583006
          ],
          [
            126.9923203,
            36.4592625
          ],
          [
            126.9944523,
            36.4599112
          ],
          [
            126.998223,
            36.4611013
          ],
          [
            127.0009885,
            36.4618514
          ],
          [
            127.006309,
            36.4638236
          ],
          [
            127.0113901,
            36.4655462
          ],
          [
            127.0152964,
            36.4669906
          ],
          [
            127.0192591,
            36.4683987
          ],
          [
            127.0220229,
            36.4693425
          ],
          [
            127.0249883,
            36.4703766
          ],
          [
            127.0267339,
            36.47102
          ],
          [
            127.0301721,
            36.47253
          ],
          [
            127.0376084,
            36.4760047
          ],
          [
            127.0399752,
            36.4770572
          ],
          [
            127.044726,
            36.4777495
          ],
          [
            127.050812,
            36.4786989
          ],
          [
            127.0540914,
            36.4791612
          ],
          [
            127.0570308,
            36.48103
          ],
          [
            127.0587828,
            36.4822197
          ],
          [
            127.061423,
            36.4839032
          ],
          [
            127.063366,
            36.4853336
          ],
          [
            127.0651516,
            36.4865303
          ],
          [
            127.0685306,
            36.4882066
          ],
          [
            127.071963,
            36.4896189
          ],
          [
            127.0753802,
            36.49099
          ],
          [
            127.0806716,
            36.492793
          ],
          [
            127.0837452,
            36.4931895
          ],
          [
            127.0861901,
            36.4935174
          ],
          [
            127.0887772,
            36.49384
          ],
          [
            127.0920752,
            36.4942103
          ],
          [
            127.0950734,
            36.4951719
          ],
          [
            127.097807,
            36.4960381
          ],
          [
            127.1005577,
            36.4968715
          ],
          [
            127.1032267,
            36.4964627
          ],
          [
            127.1069664,
            36.4959113
          ],
          [
            127.1089881,
            36.495639
          ],
          [
            127.1128544,
            36.4950712
          ],
          [
            127.1167515,
            36.4944365
          ],
          [
            127.1198111,
            36.4940026
          ],
          [
            127.1238469,
            36.4934003
          ],
          [
            127.127797,
            36.4932543
          ],
          [
            127.1296131,
            36.4931347
          ],
          [
            127.1339107,
            36.4929682
          ],
          [
            127.1372853,
            36.4928374
          ],
          [
            127.1406206,
            36.4926806
          ],
          [
            127.1443376,
            36.4924798
          ],
          [
            127.1516217,
            36.4921213
          ],
          [
            127.1539439,
            36.4920496
          ],
          [
            127.1558988,
            36.4919779
          ],
          [
            127.1592019,
            36.4909369
          ],
          [
            127.160833,
            36.488315
          ],
          [
            127.1615941,
            36.4855596
          ],
          [
            127.1619824,
            36.4841833
          ],
          [
            127.1623493,
            36.4828832
          ],
          [
            127.1626199,
            36.4819448
          ],
          [
            127.1615258,
            36.4817732
          ],
          [
            127.1608554,
            36.4816967
          ]
        ]
      },
      "properties": {
        "osm_type": "way",
        "osm_id": 310378768,
        "sido": "충청남도",
        "power_type": "line",
        "name": "",
        "description": "",
        "voltage": "154000",
        "cables": "6",
        "circuits": "2",
        "frequency": "60",
        "operator": "",
        "wires": ""
      }
    },
    {
      "type": "Feature",
      "geometry": {
        "type": "LineString",
        "coordinates": [
          [
            126.9225859,
            36.7915668
          ],
          [
            126.9235008,
            36.7910883
          ]
        ]
      },
      "properties": {
        "osm_type": "way",
        "osm_id": 310689403,
        "sido": "충청남도",
        "power_type": "line",
        "name": "",
        "description": "",
        "voltage": "345000",
        "cables": "3",
        "circuits": "",
        "frequency": "60",
        "operator": "",
        "wires": ""
      }
    },
    {
      "type": "Feature",
      "geometry": {
        "type": "LineString",
        "coordinates": [
          [
            126.9225859,
            36.7915668
          ],
          [
            126.9233099,
            36.7910028
          ]
        ]
      },
      "properties": {
        "osm_type": "way",
        "osm_id": 310689404,
        "sido": "충청남도",
        "power_type": "line",
        "name": "",
        "description": "",
        "voltage": "345000",
        "cables": "3",
        "circuits": "",
        "frequency": "60",
        "operator": "",
        "wires": ""
      }
    },
    {
      "type": "Feature",
      "geometry": {
        "type": "LineString",
        "coordinates": [
          [
            126.9225418,
            36.7911917
          ],
          [
            126.9229078,
            36.7908228
          ]
        ]
      },
      "properties": {
        "osm_type": "way",
        "osm_id": 310689405,
        "sido": "충청남도",
        "power_type": "line",
        "name": "",
        "description": "",
        "voltage": "345000",
        "cables": "3",
        "circuits": "",
        "frequency": "60",
        "operator": "",
        "wires": ""
      }
    },
    {
      "type": "Feature",
      "geometry": {
        "type": "LineString",
        "coordinates": [
          [
            126.9225418,
            36.7911917
          ],
          [
            126.9231124,
            36.7909144
          ]
        ]
      },
      "properties": {
        "osm_type": "way",
        "osm_id": 310689411,
        "sido": "충청남도",
        "power_type": "line",
        "name": "",
        "description": "",
        "voltage": "345000",
        "cables": "3",
        "circuits": "",
        "frequency": "60",
        "operator": "",
        "wires": ""
      }
    },
    {
      "type": "Feature",
      "geometry": {
        "type": "LineString",
        "coordinates": [
          [
            126.752167,
            36.7863871
          ],
          [
            126.7510432,
            36.7867575
          ],
          [
            126.7491632,
            36.788398
          ],
          [
            126.7462633,
            36.7910612
          ],
          [
            126.7442591,
            36.7932414
          ],
          [
            126.7408361,
            36.7938948
          ],
          [
            126.7379362,
            36.7938167
          ],
          [
            126.7340432,
            36.7936959
          ],
          [
            126.7297599,
            36.7958761
          ],
          [
            126.7269044,
            36.7973176
          ],
          [
            126.7217432,
            36.7984751
          ],
          [
            126.7194021,
            36.799313
          ],
          [
            126.7159968,
            36.8014504
          ],
          [
            126.7137886,
            36.8038007
          ],
          [
            126.7117579,
            36.8059521
          ],
          [
            126.7075721,
            36.8060586
          ],
          [
            126.7030228,
            36.8061864
          ],
          [
            126.6995821,
            36.8078763
          ],
          [
            126.6976134,
            36.8102335
          ],
          [
            126.6957067,
            36.8124842
          ],
          [
            126.6945273,
            36.8153169
          ],
          [
            126.6934099,
            36.8180928
          ],
          [
            126.6909269,
            36.8203645
          ],
          [
            126.6886301,
            36.8224658
          ],
          [
            126.686147,
            36.8247941
          ],
          [
            126.6834777,
            36.8264907
          ],
          [
            126.6810778,
            36.8279611
          ],
          [
            126.6774741,
            36.829692
          ],
          [
            126.6721533,
            36.8303788
          ],
          [
            126.667104,
            36.8309543
          ],
          [
            126.6626113,
            36.8314665
          ],
          [
            126.657705,
            36.8320664
          ],
          [
            126.6549404,
            36.8328648
          ],
          [
            126.6523442,
            36.8346996
          ],
          [
            126.6491053,
            36.8369886
          ],
          [
            126.6460284,
            36.8372236
          ],
          [
            126.6429338,
            36.8374413
          ],
          [
            126.6387566,
            36.8377226
          ],
          [
            126.6349532,
            36.8368222
          ],
          [
            126.6307508,
            36.8374768
          ],
          [
            126.6283914,
            36.8390564
          ],
          [
            126.6244216,
            36.8407948
          ],
          [
            126.6217204,
            36.8413016
          ],
          [
            126.6186355,
            36.8418342
          ]
        ]
      },
      "properties": {
        "osm_type": "way",
        "osm_id": 310689433,
        "sido": "충청남도",
        "power_type": "line",
        "name": "",
        "description": "",
        "voltage": "345000",
        "cables": "6",
        "circuits": "2",
        "frequency": "60",
        "operator": "",
        "wires": ""
      }
    },
    {
      "type": "Feature",
      "geometry": {
        "type": "LineString",
        "coordinates": [
          [
            127.047446,
            36.7575827
          ],
          [
            127.0465551,
            36.7602207
          ],
          [
            127.0456222,
            36.7606184
          ],
          [
            127.0462538,
            36.7616295
          ],
          [
            127.0447337,
            36.7644119
          ]
        ]
      },
      "properties": {
        "osm_type": "way",
        "osm_id": 310920205,
        "sido": "충청남도",
        "power_type": "line",
        "name": "",
        "description": "",
        "voltage": "154000",
        "cables": "12",
        "circuits": "4",
        "frequency": "60",
        "operator": "",
        "wires": ""
      }
    },
    {
      "type": "Feature",
      "geometry": {
        "type": "LineString",
        "coordinates": [
          [
            126.6403543,
            36.7699919
          ],
          [
            126.639035,
            36.7689582
          ],
          [
            126.636765,
            36.7696458
          ],
          [
            126.6328186,
            36.7705873
          ],
          [
            126.6320001,
            36.7733696
          ],
          [
            126.6328544,
            36.7760331
          ],
          [
            126.6277116,
            36.7788173
          ],
          [
            126.6242397,
            36.7801947
          ],
          [
            126.6220602,
            36.7813759
          ],
          [
            126.6195253,
            36.7827705
          ],
          [
            126.6162441,
            36.7846157
          ],
          [
            126.6136796,
            36.7840417
          ],
          [
            126.6104162,
            36.7832923
          ],
          [
            126.6066139,
            36.7824574
          ],
          [
            126.6028944,
            36.7796397
          ],
          [
            126.5983162,
            36.7787716
          ],
          [
            126.5946883,
            36.7795876
          ],
          [
            126.592947,
            36.7811293
          ],
          [
            126.59088,
            36.7830172
          ],
          [
            126.5866335,
            36.7850901
          ],
          [
            126.5834708,
            36.7849715
          ],
          [
            126.5786295,
            36.7873814
          ],
          [
            126.5769035,
            36.7896024
          ],
          [
            126.5748972,
            36.790954
          ],
          [
            126.570833,
            36.7927606
          ],
          [
            126.5687777,
            36.7937108
          ],
          [
            126.5670013,
            36.7953532
          ],
          [
            126.5647884,
            36.7993385
          ],
          [
            126.5617651,
            36.8048682
          ],
          [
            126.5596585,
            36.8070521
          ],
          [
            126.5587817,
            36.8110543
          ],
          [
            126.5572109,
            36.813282
          ],
          [
            126.5559079,
            36.8153292
          ],
          [
            126.5535845,
            36.8189585
          ],
          [
            126.5524479,
            36.8207231
          ],
          [
            126.5499848,
            36.8216145
          ],
          [
            126.5472865,
            36.8221556
          ],
          [
            126.5437728,
            36.8228254
          ],
          [
            126.5402967,
            36.8235426
          ],
          [
            126.5366864,
            36.8236027
          ],
          [
            126.5319657,
            36.8236929
          ],
          [
            126.5295839,
            36.8237444
          ],
          [
            126.5262097,
            36.8246934
          ],
          [
            126.5236294,
            36.8253858
          ],
          [
            126.5195873,
            36.8252591
          ],
          [
            126.5162722,
            36.827141
          ],
          [
            126.5127249,
            36.8283573
          ],
          [
            126.5091857,
            36.829771
          ],
          [
            126.5047896,
            36.830488
          ],
          [
            126.5032373,
            36.8332551
          ],
          [
            126.5021035,
            36.8354733
          ],
          [
            126.5007438,
            36.8382793
          ],
          [
            126.4987327,
            36.840493
          ],
          [
            126.4967882,
            36.8425835
          ],
          [
            126.4941054,
            36.8454764
          ],
          [
            126.4919917,
            36.8477404
          ],
          [
            126.4879269,
            36.8484343
          ],
          [
            126.4832713,
            36.849228
          ],
          [
            126.4789951,
            36.8499999
          ],
          [
            126.4753043,
            36.8506635
          ],
          [
            126.4710875,
            36.8503646
          ],
          [
            126.4669893,
            36.8493507
          ]
        ]
      },
      "properties": {
        "osm_type": "way",
        "osm_id": 310921765,
        "sido": "충청남도",
        "power_type": "line",
        "name": "",
        "description": "",
        "voltage": "345000",
        "cables": "6",
        "circuits": "2",
        "frequency": "60",
        "operator": "",
        "wires": ""
      }
    },
    {
      "type": "Feature",
      "geometry": {
        "type": "LineString",
        "coordinates": [
          [
            126.6576619,
            36.7721245
          ],
          [
            126.6564578,
            36.7707322
          ],
          [
            126.6542035,
            36.7701742
          ],
          [
            126.6515225,
            36.7694796
          ],
          [
            126.6492646,
            36.7690583
          ],
          [
            126.6453218,
            36.7701674
          ],
          [
            126.640729,
            36.7711548
          ]
        ]
      },
      "properties": {
        "osm_type": "way",
        "osm_id": 310921766,
        "sido": "충청남도",
        "power_type": "line",
        "name": "",
        "description": "",
        "voltage": "345000",
        "cables": "6",
        "circuits": "2",
        "frequency": "60",
        "operator": "",
        "wires": ""
      }
    },
    {
      "type": "Feature",
      "geometry": {
        "type": "LineString",
        "coordinates": [
          [
            126.6576619,
            36.7721245
          ],
          [
            126.6541329,
            36.7704405
          ],
          [
            126.6514555,
            36.7698664
          ],
          [
            126.6492783,
            36.7694937
          ],
          [
            126.646109,
            36.7703254
          ],
          [
            126.6409211,
            36.7714252
          ]
        ]
      },
      "properties": {
        "osm_type": "way",
        "osm_id": 310921767,
        "sido": "충청남도",
        "power_type": "line",
        "name": "",
        "description": "",
        "voltage": "345000",
        "cables": "6",
        "circuits": "2",
        "frequency": "60",
        "operator": "",
        "wires": ""
      }
    },
    {
      "type": "Feature",
      "geometry": {
        "type": "LineString",
        "coordinates": [
          [
            127.3592301,
            36.8225216
          ],
          [
            127.3621055,
            36.8207223
          ],
          [
            127.3637952,
            36.8197178
          ],
          [
            127.3658975,
            36.8184265
          ],
          [
            127.3694199,
            36.8158846
          ],
          [
            127.373344,
            36.8150471
          ],
          [
            127.3783972,
            36.8140036
          ],
          [
            127.3811223,
            36.8143063
          ],
          [
            127.3826029,
            36.8154573
          ],
          [
            127.384231,
            36.8165932
          ],
          [
            127.3873649,
            36.8189312
          ],
          [
            127.3897915,
            36.8196062
          ],
          [
            127.3896147,
            36.8217085
          ]
        ]
      },
      "properties": {
        "osm_type": "way",
        "osm_id": 311068674,
        "sido": "충청남도",
        "power_type": "line",
        "name": "",
        "description": "",
        "voltage": "154000",
        "cables": "12",
        "circuits": "4",
        "frequency": "",
        "operator": "",
        "wires": ""
      }
    },
    {
      "type": "Feature",
      "geometry": {
        "type": "LineString",
        "coordinates": [
          [
            127.0372448,
            36.2190935
          ],
          [
            127.0401895,
            36.2180598
          ],
          [
            127.0421187,
            36.2157559
          ],
          [
            127.0434604,
            36.2142662
          ],
          [
            127.0460773,
            36.2116846
          ],
          [
            127.0483796,
            36.2095114
          ],
          [
            127.0500827,
            36.2074154
          ],
          [
            127.0510516,
            36.2059073
          ],
          [
            127.0522868,
            36.2039174
          ],
          [
            127.0536444,
            36.2024732
          ],
          [
            127.0554292,
            36.2004425
          ],
          [
            127.0574334,
            36.1981198
          ],
          [
            127.0594023,
            36.1958646
          ],
          [
            127.0609435,
            36.1941066
          ],
          [
            127.0635399,
            36.1910848
          ],
          [
            127.0653263,
            36.1890456
          ],
          [
            127.0669141,
            36.1872272
          ],
          [
            127.0685098,
            36.1853811
          ],
          [
            127.0700018,
            36.1836584
          ],
          [
            127.0714222,
            36.1819996
          ],
          [
            127.0763252,
            36.1791634
          ],
          [
            127.0796356,
            36.1788668
          ],
          [
            127.0829452,
            36.1785085
          ],
          [
            127.085707,
            36.1782487
          ],
          [
            127.0882274,
            36.1780012
          ],
          [
            127.0909294,
            36.1773717
          ],
          [
            127.0928314,
            36.1769266
          ],
          [
            127.0961759,
            36.1760624
          ],
          [
            127.0997836,
            36.1750663
          ],
          [
            127.1020231,
            36.1746989
          ],
          [
            127.1040675,
            36.1756117
          ],
          [
            127.1067125,
            36.1766758
          ],
          [
            127.1092406,
            36.1777443
          ]
        ]
      },
      "properties": {
        "osm_type": "way",
        "osm_id": 311068675,
        "sido": "충청남도",
        "power_type": "line",
        "name": "",
        "description": "",
        "voltage": "154000",
        "cables": "6",
        "circuits": "2",
        "frequency": "60",
        "operator": "",
        "wires": ""
      }
    },
    {
      "type": "Feature",
      "geometry": {
        "type": "LineString",
        "coordinates": [
          [
            127.2395044,
            36.2270082
          ],
          [
            127.2390388,
            36.2235456
          ],
          [
            127.2375576,
            36.2206199
          ],
          [
            127.2375576,
            36.2163204
          ],
          [
            127.2375881,
            36.2136285
          ],
          [
            127.2396228,
            36.2105594
          ],
          [
            127.2405496,
            36.2077561
          ],
          [
            127.2414815,
            36.2048956
          ],
          [
            127.2427136,
            36.201287
          ],
          [
            127.2424876,
            36.198408
          ],
          [
            127.2421976,
            36.1956456
          ]
        ]
      },
      "properties": {
        "osm_type": "way",
        "osm_id": 311068676,
        "sido": "충청남도",
        "power_type": "line",
        "name": "",
        "description": "",
        "voltage": "154000",
        "cables": "6",
        "circuits": "2",
        "frequency": "60",
        "operator": "",
        "wires": ""
      }
    },
    {
      "type": "Feature",
      "geometry": {
        "type": "LineString",
        "coordinates": [
          [
            127.3303039,
            36.7694861
          ],
          [
            127.3300061,
            36.7695988
          ]
        ]
      },
      "properties": {
        "osm_type": "way",
        "osm_id": 311068679,
        "sido": "충청남도",
        "power_type": "line",
        "name": "",
        "description": "",
        "voltage": "154000",
        "cables": "3",
        "circuits": "",
        "frequency": "",
        "operator": "",
        "wires": ""
      }
    },
    {
      "type": "Feature",
      "geometry": {
        "type": "LineString",
        "coordinates": [
          [
            127.3299223,
            36.7694361
          ],
          [
            127.3301772,
            36.7693381
          ]
        ]
      },
      "properties": {
        "osm_type": "way",
        "osm_id": 311068680,
        "sido": "충청남도",
        "power_type": "line",
        "name": "",
        "description": "",
        "voltage": "154000",
        "cables": "3",
        "circuits": "",
        "frequency": "",
        "operator": "",
        "wires": ""
      }
    },
    {
      "type": "Feature",
      "geometry": {
        "type": "LineString",
        "coordinates": [
          [
            127.3298804,
            36.7693547
          ],
          [
            127.3301772,
            36.7693381
          ]
        ]
      },
      "properties": {
        "osm_type": "way",
        "osm_id": 311068694,
        "sido": "충청남도",
        "power_type": "line",
        "name": "",
        "description": "",
        "voltage": "154000",
        "cables": "3",
        "circuits": "",
        "frequency": "",
        "operator": "",
        "wires": ""
      }
    },
    {
      "type": "Feature",
      "geometry": {
        "type": "LineString",
        "coordinates": [
          [
            127.3303039,
            36.7694861
          ],
          [
            127.3299642,
            36.7695175
          ]
        ]
      },
      "properties": {
        "osm_type": "way",
        "osm_id": 311068700,
        "sido": "충청남도",
        "power_type": "line",
        "name": "",
        "description": "",
        "voltage": "154000",
        "cables": "3",
        "circuits": "",
        "frequency": "",
        "operator": "",
        "wires": ""
      }
    },
    {
      "type": "Feature",
      "geometry": {
        "type": "LineString",
        "coordinates": [
          [
            127.2421976,
            36.1956456
          ],
          [
            127.2408669,
            36.1954399
          ],
          [
            127.238124,
            36.1949991
          ],
          [
            127.2327892,
            36.1942111
          ],
          [
            127.2296834,
            36.1937242
          ],
          [
            127.2262498,
            36.1931999
          ],
          [
            127.2203141,
            36.1926788
          ],
          [
            127.2152193,
            36.1920906
          ],
          [
            127.2119969,
            36.1917804
          ],
          [
            127.2079006,
            36.1914031
          ],
          [
            127.2047087,
            36.1910713
          ],
          [
            127.2009315,
            36.191172
          ],
          [
            127.1972151,
            36.1913103
          ],
          [
            127.1925241,
            36.1912479
          ],
          [
            127.1861538,
            36.1910228
          ],
          [
            127.183257,
            36.1908203
          ],
          [
            127.180591,
            36.1906591
          ],
          [
            127.1762645,
            36.1902709
          ],
          [
            127.1723886,
            36.189949
          ],
          [
            127.1669203,
            36.1894993
          ],
          [
            127.1646477,
            36.1893151
          ],
          [
            127.1625742,
            36.189147
          ],
          [
            127.1576126,
            36.1887449
          ],
          [
            127.1554691,
            36.1881348
          ],
          [
            127.1517549,
            36.1871886
          ],
          [
            127.1477921,
            36.186138
          ],
          [
            127.1449002,
            36.1853703
          ],
          [
            127.1416277,
            36.1845324
          ],
          [
            127.1377776,
            36.1835177
          ],
          [
            127.1331293,
            36.1823411
          ],
          [
            127.1290584,
            36.1812814
          ],
          [
            127.1257236,
            36.180405
          ],
          [
            127.1225009,
            36.1796559
          ],
          [
            127.118878,
            36.1789427
          ],
          [
            127.1149207,
            36.1780974
          ],
          [
            127.1113306,
            36.1777931
          ]
        ]
      },
      "properties": {
        "osm_type": "way",
        "osm_id": 311068704,
        "sido": "충청남도",
        "power_type": "line",
        "name": "",
        "description": "",
        "voltage": "154000",
        "cables": "6",
        "circuits": "2",
        "frequency": "60",
        "operator": "",
        "wires": ""
      }
    },
    {
      "type": "Feature",
      "geometry": {
        "type": "LineString",
        "coordinates": [
          [
            127.3592301,
            36.8225216
          ],
          [
            127.3576282,
            36.8221736
          ],
          [
            127.3551698,
            36.8215742
          ],
          [
            127.3536873,
            36.8184644
          ],
          [
            127.3514716,
            36.8160809
          ],
          [
            127.3490502,
            36.813261
          ],
          [
            127.3461927,
            36.8103592
          ],
          [
            127.3438252,
            36.8072119
          ],
          [
            127.341346,
            36.8058707
          ],
          [
            127.3363533,
            36.8005258
          ],
          [
            127.3326617,
            36.7981547
          ],
          [
            127.3299921,
            36.7963699
          ],
          [
            127.3274669,
            36.7918536
          ],
          [
            127.3266023,
            36.7888162
          ],
          [
            127.3272206,
            36.7863646
          ],
          [
            127.3276177,
            36.784765
          ],
          [
            127.3275934,
            36.7809927
          ],
          [
            127.3268145,
            36.7790046
          ],
          [
            127.3247899,
            36.7762104
          ],
          [
            127.3246232,
            36.7741396
          ],
          [
            127.3272025,
            36.7731539
          ],
          [
            127.3297484,
            36.7714229
          ],
          [
            127.3303039,
            36.7694861
          ]
        ]
      },
      "properties": {
        "osm_type": "way",
        "osm_id": 311068705,
        "sido": "충청남도",
        "power_type": "line",
        "name": "",
        "description": "",
        "voltage": "154000",
        "cables": "6",
        "circuits": "2",
        "frequency": "",
        "operator": "",
        "wires": ""
      }
    },
    {
      "type": "Feature",
      "geometry": {
        "type": "LineString",
        "coordinates": [
          [
            127.2447784,
            36.2650392
          ],
          [
            127.2431593,
            36.2669735
          ],
          [
            127.2409755,
            36.269423
          ],
          [
            127.2393549,
            36.2713525
          ],
          [
            127.2373818,
            36.2732671
          ],
          [
            127.2349036,
            36.2754943
          ],
          [
            127.2340501,
            36.2768774
          ],
          [
            127.2323885,
            36.2796115
          ],
          [
            127.2313642,
            36.2812858
          ],
          [
            127.2291172,
            36.284661
          ],
          [
            127.2283342,
            36.286012
          ],
          [
            127.2288062,
            36.2878001
          ],
          [
            127.2297794,
            36.2911938
          ],
          [
            127.2303542,
            36.2933908
          ],
          [
            127.2309335,
            36.295685
          ]
        ]
      },
      "properties": {
        "osm_type": "way",
        "osm_id": 311068706,
        "sido": "충청남도",
        "power_type": "line",
        "name": "",
        "description": "",
        "voltage": "154000",
        "cables": "12",
        "circuits": "4",
        "frequency": "60",
        "operator": "",
        "wires": ""
      }
    },
    {
      "type": "Feature",
      "geometry": {
        "type": "LineString",
        "coordinates": [
          [
            126.88746,
            37.1383241
          ],
          [
            126.8847708,
            37.137537
          ],
          [
            126.8826255,
            37.1355365
          ],
          [
            126.8785341,
            37.1329505
          ],
          [
            126.8784322,
            37.1314878
          ],
          [
            126.8777241,
            37.1258936
          ],
          [
            126.8771608,
            37.1225231
          ],
          [
            126.8763884,
            37.118836
          ],
          [
            126.8756052,
            37.1150289
          ],
          [
            126.8748917,
            37.1112388
          ],
          [
            126.8756373,
            37.104013
          ],
          [
            126.8768122,
            37.101861
          ],
          [
            126.8784537,
            37.098913
          ],
          [
            126.8804331,
            37.0950493
          ],
          [
            126.8824287,
            37.0916304
          ],
          [
            126.883169,
            37.0891143
          ],
          [
            126.884097,
            37.0856695
          ],
          [
            126.8848669,
            37.0824107
          ],
          [
            126.8860819,
            37.0785312
          ],
          [
            126.8869992,
            37.0754154
          ],
          [
            126.8872996,
            37.0722524
          ],
          [
            126.8876644,
            37.0692863
          ],
          [
            126.8875732,
            37.0660974
          ],
          [
            126.8875356,
            37.0632465
          ],
          [
            126.8866022,
            37.0599289
          ],
          [
            126.8856313,
            37.0562816
          ],
          [
            126.8846979,
            37.0528224
          ],
          [
            126.8837323,
            37.0494059
          ],
          [
            126.8828525,
            37.0460535
          ],
          [
            126.8817581,
            37.0430734
          ],
          [
            126.8830671,
            37.039969
          ],
          [
            126.8859317,
            37.0377081
          ],
          [
            126.8877824,
            37.0362993
          ],
          [
            126.8897458,
            37.0347363
          ],
          [
            126.8914248,
            37.032077
          ],
          [
            126.8930234,
            37.0295203
          ],
          [
            126.8948581,
            37.0265396
          ],
          [
            126.89588,
            37.0249141
          ],
          [
            126.8976958,
            37.0219527
          ],
          [
            126.8988921,
            37.019567
          ],
          [
            126.9004853,
            37.0163675
          ],
          [
            126.9019927,
            37.0137546
          ],
          [
            126.9036182,
            37.011056
          ],
          [
            126.9076495,
            37.0091046
          ],
          [
            126.9116111,
            37.0071364
          ],
          [
            126.9142558,
            37.0053672
          ],
          [
            126.9177695,
            37.0030196
          ],
          [
            126.9208218,
            37.0009761
          ],
          [
            126.9236864,
            36.9990439
          ],
          [
            126.9264384,
            36.9972273
          ],
          [
            126.9292923,
            36.9953165
          ],
          [
            126.9321113,
            36.9942258
          ],
          [
            126.934764,
            36.9932428
          ],
          [
            126.9369312,
            36.9924287
          ],
          [
            126.9396831,
            36.9913918
          ],
          [
            126.9429313,
            36.9901254
          ],
          [
            126.9460775,
            36.9889709
          ],
          [
            126.9495644,
            36.9876297
          ],
          [
            126.9535248,
            36.985718
          ],
          [
            126.9573106,
            36.9839832
          ],
          [
            126.9607117,
            36.9823677
          ],
          [
            126.9620742,
            36.9798736
          ],
          [
            126.9636245,
            36.9771053
          ],
          [
            126.9652392,
            36.9742682
          ],
          [
            126.96687,
            36.9713453
          ],
          [
            126.9691472,
            36.9693843
          ],
          [
            126.9722076,
            36.9677537
          ],
          [
            126.9753458,
            36.9680623
          ],
          [
            126.9831993,
            36.9687738
          ],
          [
            126.9854161,
            36.969003
          ],
          [
            126.9869544,
            36.9674859
          ],
          [
            126.9873192,
            36.9654564
          ],
          [
            126.9877752,
            36.9625567
          ],
          [
            126.9883706,
            36.9596355
          ],
          [
            126.9888802,
            36.9567207
          ],
          [
            126.9890624,
            36.9553747
          ],
          [
            126.9893496,
            36.953499
          ],
          [
            126.9897063,
            36.951285
          ],
          [
            126.9900953,
            36.949242
          ],
          [
            126.9903903,
            36.94748
          ],
          [
            126.9906424,
            36.9459109
          ],
          [
            126.9903528,
            36.9440716
          ],
          [
            126.9895427,
            36.9420437
          ],
          [
            126.9891377,
            36.9403653
          ],
          [
            126.9899719,
            36.9375246
          ],
          [
            126.9898834,
            36.9349585
          ],
          [
            126.9930859,
            36.9307134
          ],
          [
            126.992984,
            36.9276559
          ],
          [
            126.9928928,
            36.9245426
          ],
          [
            126.9927748,
            36.9216263
          ],
          [
            126.9927238,
            36.9188277
          ],
          [
            126.9926085,
            36.9161324
          ],
          [
            126.9941212,
            36.9136276
          ],
          [
            126.9943948,
            36.9111785
          ],
          [
            126.9938584,
            36.9086393
          ],
          [
            126.9932737,
            36.9056109
          ],
          [
            126.9926621,
            36.9027712
          ],
          [
            126.9920077,
            36.899837
          ],
          [
            126.9918789,
            36.8971301
          ],
          [
            126.9922598,
            36.894719
          ],
          [
            126.9927184,
            36.8919409
          ],
          [
            126.9935258,
            36.8883865
          ],
          [
            126.9944082,
            36.8845526
          ],
          [
            126.9942768,
            36.881208
          ],
          [
            126.9941801,
            36.877445
          ],
          [
            126.9940219,
            36.873246
          ],
          [
            126.9919217,
            36.8710595
          ],
          [
            126.9896715,
            36.8673536
          ],
          [
            126.986407,
            36.8633174
          ]
        ]
      },
      "properties": {
        "osm_type": "way",
        "osm_id": 427010534,
        "sido": "충청남도",
        "power_type": "line",
        "name": "",
        "description": "",
        "voltage": "345000",
        "cables": "6",
        "circuits": "2",
        "frequency": "60",
        "operator": "",
        "wires": ""
      }
    },
    {
      "type": "Feature",
      "geometry": {
        "type": "LineString",
        "coordinates": [
          [
            127.0864629,
            36.9192871
          ],
          [
            127.0852483,
            36.9185337
          ],
          [
            127.083107,
            36.9177428
          ],
          [
            127.0803862,
            36.9167579
          ],
          [
            127.0795174,
            36.9135971
          ],
          [
            127.0791411,
            36.9115613
          ],
          [
            127.0761824,
            36.908118
          ],
          [
            127.0741121,
            36.9068665
          ],
          [
            127.0706978,
            36.905221
          ],
          [
            127.0689847,
            36.9072185
          ],
          [
            127.0649623,
            36.9072129
          ],
          [
            127.0624314,
            36.9072237
          ],
          [
            127.0581465,
            36.9072315
          ],
          [
            127.0540014,
            36.9061311
          ],
          [
            127.0541704,
            36.9032603
          ],
          [
            127.0558454,
            36.9003476
          ],
          [
            127.0539343,
            36.8986144
          ],
          [
            127.0515766,
            36.8962174
          ],
          [
            127.0483392,
            36.8949594
          ],
          [
            127.0453513,
            36.8937753
          ],
          [
            127.0423338,
            36.8921643
          ],
          [
            127.0391124,
            36.8913577
          ],
          [
            127.0366126,
            36.8917975
          ],
          [
            127.0316076,
            36.892441
          ],
          [
            127.0285553,
            36.8911582
          ],
          [
            127.0266777,
            36.8892061
          ],
          [
            127.0268333,
            36.8860054
          ]
        ]
      },
      "properties": {
        "osm_type": "way",
        "osm_id": 472351004,
        "sido": "충청남도",
        "power_type": "line",
        "name": "",
        "description": "",
        "voltage": "154000",
        "cables": "6",
        "circuits": "2",
        "frequency": "60",
        "operator": "",
        "wires": ""
      }
    },
    {
      "type": "Feature",
      "geometry": {
        "type": "LineString",
        "coordinates": [
          [
            126.4669893,
            36.8493507
          ],
          [
            126.4642608,
            36.8480367
          ],
          [
            126.4625373,
            36.8462111
          ],
          [
            126.4586898,
            36.845759
          ],
          [
            126.4541344,
            36.8451123
          ],
          [
            126.4490426,
            36.8449864
          ],
          [
            126.4441653,
            36.8451753
          ],
          [
            126.441033,
            36.8450036
          ],
          [
            126.4374001,
            36.8458219
          ],
          [
            126.4340818,
            36.8470753
          ],
          [
            126.4313572,
            36.8477734
          ],
          [
            126.4284394,
            36.8466346
          ],
          [
            126.4250067,
            36.8442367
          ],
          [
            126.420251,
            36.8409401
          ],
          [
            126.4177266,
            36.8392174
          ],
          [
            126.4149232,
            36.838977
          ],
          [
            126.4112617,
            36.838004
          ],
          [
            126.4066276,
            36.8368479
          ],
          [
            126.4024369,
            36.8360637
          ],
          [
            126.3991687,
            36.8354628
          ],
          [
            126.3963725,
            36.8349648
          ],
          [
            126.3923963,
            36.8341978
          ],
          [
            126.387705,
            36.8332992
          ],
          [
            126.3846656,
            36.8326982
          ],
          [
            126.3792377,
            36.8322288
          ],
          [
            126.3756263,
            36.8319025
          ],
          [
            126.3727156,
            36.8304429
          ],
          [
            126.3692472,
            36.8303341
          ],
          [
            126.3664367,
            36.8302368
          ],
          [
            126.3631685,
            36.8301338
          ],
          [
            126.3601149,
            36.830025
          ],
          [
            126.3560457,
            36.8299048
          ],
          [
            126.3539904,
            36.8305589
          ],
          [
            126.3515818,
            36.8332338
          ],
          [
            126.3490659,
            36.8346893
          ],
          [
            126.3464856,
            36.8353419
          ],
          [
            126.342001,
            36.8361277
          ],
          [
            126.3361484,
            36.8371924
          ],
          [
            126.3310951,
            36.838094
          ],
          [
            126.325441,
            36.8390772
          ],
          [
            126.3215947,
            36.8384117
          ],
          [
            126.3153076,
            36.8373083
          ],
          [
            126.3130492,
            36.8369091
          ],
          [
            126.3085967,
            36.8360375
          ],
          [
            126.306408,
            36.8355867
          ],
          [
            126.3043642,
            36.8343029
          ],
          [
            126.3014996,
            36.8324395
          ],
          [
            126.2962317,
            36.8328388
          ],
          [
            126.2930238,
            36.8330621
          ],
          [
            126.288979,
            36.8334099
          ],
          [
            126.2844247,
            36.8336675
          ],
          [
            126.2811255,
            36.8353548
          ],
          [
            126.2783092,
            36.8369005
          ],
          [
            126.2748867,
            36.8386736
          ],
          [
            126.2696832,
            36.840026
          ],
          [
            126.2634444,
            36.8402578
          ],
          [
            126.260789,
            36.8403737
          ],
          [
            126.2575114,
            36.8405626
          ],
          [
            126.2549204,
            36.84067
          ],
          [
            126.2504142,
            36.8408202
          ],
          [
            126.2458759,
            36.8410005
          ],
          [
            126.2426197,
            36.8416273
          ],
          [
            126.2399644,
            36.8420888
          ]
        ]
      },
      "properties": {
        "osm_type": "way",
        "osm_id": 477123507,
        "sido": "충청남도",
        "power_type": "line",
        "name": "",
        "description": "",
        "voltage": "345000",
        "cables": "6",
        "circuits": "2",
        "frequency": "60",
        "operator": "",
        "wires": ""
      }
    },
    {
      "type": "Feature",
      "geometry": {
        "type": "LineString",
        "coordinates": [
          [
            126.2239623,
            36.8999014
          ],
          [
            126.2223905,
            36.8982326
          ],
          [
            126.2213016,
            36.8959203
          ],
          [
            126.2194937,
            36.8921192
          ],
          [
            126.2203896,
            36.8882064
          ],
          [
            126.2208724,
            36.8860139
          ],
          [
            126.2208778,
            36.8803458
          ],
          [
            126.22334,
            36.8767971
          ],
          [
            126.2258023,
            36.873274
          ],
          [
            126.2282485,
            36.869755
          ],
          [
            126.2297612,
            36.8668925
          ],
          [
            126.2338865,
            36.8656693
          ],
          [
            126.2433708,
            36.8628753
          ],
          [
            126.2472117,
            36.8617208
          ],
          [
            126.2492555,
            36.8601113
          ],
          [
            126.2516588,
            36.8582614
          ],
          [
            126.2551832,
            36.8575489
          ],
          [
            126.2580478,
            36.8569437
          ],
          [
            126.2622508,
            36.856053
          ],
          [
            126.2647855,
            36.8546988
          ],
          [
            126.2665021,
            36.8537931
          ],
          [
            126.2674892,
            36.8517541
          ],
          [
            126.2688625,
            36.8489682
          ],
          [
            126.2709627,
            36.844641
          ],
          [
            126.2720382,
            36.8421296
          ],
          [
            126.2750316,
            36.8398285
          ],
          [
            126.2781537,
            36.8375144
          ],
          [
            126.2816888,
            36.8359688
          ],
          [
            126.2856477,
            36.8342943
          ],
          [
            126.2909853,
            36.8342256
          ],
          [
            126.295073,
            36.8341569
          ],
          [
            126.300652,
            36.8340582
          ],
          [
            126.3044447,
            36.8355953
          ],
          [
            126.3078457,
            36.8369048
          ],
          [
            126.3103241,
            36.8374972
          ],
          [
            126.3140631,
            36.8381026
          ],
          [
            126.3220239,
            36.8395022
          ],
          [
            126.325838,
            36.8401677
          ],
          [
            126.3302851,
            36.838957
          ],
          [
            126.3323128,
            36.8396568
          ],
          [
            126.3376236,
            36.8407644
          ],
          [
            126.3411266,
            36.8414728
          ],
          [
            126.3464534,
            36.843439
          ],
          [
            126.357211,
            36.8474408
          ],
          [
            126.3670796,
            36.8510891
          ],
          [
            126.3710267,
            36.8525687
          ],
          [
            126.3749737,
            36.850835
          ],
          [
            126.3787901,
            36.8487526
          ],
          [
            126.3827932,
            36.8471684
          ],
          [
            126.3850531,
            36.8463065
          ],
          [
            126.3891682,
            36.8446773
          ],
          [
            126.3918889,
            36.8439998
          ],
          [
            126.3972741,
            36.8412296
          ],
          [
            126.4058032,
            36.8402779
          ],
          [
            126.4111012,
            36.8396352
          ],
          [
            126.4147165,
            36.8392401
          ],
          [
            126.4176625,
            36.8388811
          ],
          [
            126.4207504,
            36.8385473
          ],
          [
            126.4238135,
            36.8386071
          ],
          [
            126.4291472,
            36.839343
          ],
          [
            126.4324172,
            36.8397838
          ],
          [
            126.4374374,
            36.840471
          ],
          [
            126.4421178,
            36.8403578
          ],
          [
            126.4471191,
            36.839274
          ],
          [
            126.450469,
            36.839089
          ],
          [
            126.4530899,
            36.8404437
          ],
          [
            126.4564909,
            36.8420872
          ],
          [
            126.4608365,
            36.8426724
          ],
          [
            126.4615114,
            36.8436277
          ],
          [
            126.4627947,
            36.8454441
          ],
          [
            126.4632991,
            36.846158
          ],
          [
            126.4669893,
            36.8493507
          ]
        ]
      },
      "properties": {
        "osm_type": "way",
        "osm_id": 477124095,
        "sido": "충청남도",
        "power_type": "line",
        "name": "",
        "description": "",
        "voltage": "345000",
        "cables": "6",
        "circuits": "2",
        "frequency": "60",
        "operator": "",
        "wires": ""
      }
    },
    {
      "type": "Feature",
      "geometry": {
        "type": "LineString",
        "coordinates": [
          [
            126.4669893,
            36.8493507
          ],
          [
            126.470761,
            36.8491262
          ],
          [
            126.4749094,
            36.8479824
          ],
          [
            126.4781871,
            36.8471212
          ],
          [
            126.4826314,
            36.8449255
          ],
          [
            126.4869934,
            36.8427429
          ],
          [
            126.4893346,
            36.8416187
          ],
          [
            126.4938435,
            36.8393122
          ],
          [
            126.4952774,
            36.8385939
          ],
          [
            126.4993356,
            36.8394965
          ],
          [
            126.5020876,
            36.8400644
          ],
          [
            126.505941,
            36.8409102
          ],
          [
            126.5070325,
            36.8428305
          ],
          [
            126.5087062,
            36.8457457
          ],
          [
            126.5128283,
            36.8479183
          ],
          [
            126.5155392,
            36.850745
          ],
          [
            126.5183487,
            36.8520334
          ],
          [
            126.521536,
            36.8534269
          ],
          [
            126.5241832,
            36.8545618
          ],
          [
            126.5291011,
            36.8567429
          ],
          [
            126.5337164,
            36.8586888
          ],
          [
            126.5372173,
            36.8602555
          ],
          [
            126.540302,
            36.8615577
          ],
          [
            126.5430862,
            36.8627809
          ],
          [
            126.545763,
            36.8619182
          ],
          [
            126.5486169,
            36.8617594
          ],
          [
            126.552667,
            36.8613603
          ],
          [
            126.5556228,
            36.8603001
          ],
          [
            126.5573984,
            36.8583687
          ],
          [
            126.5589219,
            36.8567977
          ],
          [
            126.5612179,
            36.8561711
          ],
          [
            126.5642595,
            36.8553212
          ],
          [
            126.5678,
            36.8542695
          ],
          [
            126.570273,
            36.8535484
          ],
          [
            126.5752995,
            36.8532608
          ],
          [
            126.5783572,
            36.8534926
          ],
          [
            126.5803394,
            36.852926
          ]
        ]
      },
      "properties": {
        "osm_type": "way",
        "osm_id": 477124096,
        "sido": "충청남도",
        "power_type": "line",
        "name": "",
        "description": "",
        "voltage": "345000",
        "cables": "6",
        "circuits": "2",
        "frequency": "60",
        "operator": "",
        "wires": ""
      }
    },
    {
      "type": "Feature",
      "geometry": {
        "type": "LineString",
        "coordinates": [
          [
            127.129491,
            36.8270211
          ],
          [
            127.129317,
            36.8270216
          ]
        ]
      },
      "properties": {
        "osm_type": "way",
        "osm_id": 489853171,
        "sido": "충청남도",
        "power_type": "minor_line",
        "name": "",
        "description": "",
        "voltage": "",
        "cables": "",
        "circuits": "",
        "frequency": "",
        "operator": "",
        "wires": ""
      }
    },
    {
      "type": "Feature",
      "geometry": {
        "type": "LineString",
        "coordinates": [
          [
            127.1294349,
            36.8270634
          ],
          [
            127.129491,
            36.8270211
          ]
        ]
      },
      "properties": {
        "osm_type": "way",
        "osm_id": 489853172,
        "sido": "충청남도",
        "power_type": "minor_line",
        "name": "",
        "description": "",
        "voltage": "",
        "cables": "",
        "circuits": "",
        "frequency": "",
        "operator": "",
        "wires": ""
      }
    },
    {
      "type": "Feature",
      "geometry": {
        "type": "LineString",
        "coordinates": [
          [
            127.129422,
            36.8266207
          ],
          [
            127.1292862,
            36.8265849
          ],
          [
            127.1296534,
            36.8265807
          ],
          [
            127.1301676,
            36.8265663
          ],
          [
            127.1304126,
            36.8265601
          ]
        ]
      },
      "properties": {
        "osm_type": "way",
        "osm_id": 489853173,
        "sido": "충청남도",
        "power_type": "minor_line",
        "name": "",
        "description": "",
        "voltage": "",
        "cables": "",
        "circuits": "",
        "frequency": "",
        "operator": "",
        "wires": ""
      }
    },
    {
      "type": "Feature",
      "geometry": {
        "type": "LineString",
        "coordinates": [
          [
            127.1274049,
            36.8281999
          ],
          [
            127.1272518,
            36.8282653
          ]
        ]
      },
      "properties": {
        "osm_type": "way",
        "osm_id": 491986664,
        "sido": "충청남도",
        "power_type": "minor_line",
        "name": "",
        "description": "",
        "voltage": "",
        "cables": "",
        "circuits": "",
        "frequency": "",
        "operator": "",
        "wires": ""
      }
    },
    {
      "type": "Feature",
      "geometry": {
        "type": "LineString",
        "coordinates": [
          [
            127.133279,
            36.8286296
          ],
          [
            127.1332604,
            36.8284291
          ],
          [
            127.1332201,
            36.8280051
          ],
          [
            127.1332063,
            36.8276394
          ],
          [
            127.1331938,
            36.8273518
          ],
          [
            127.1331838,
            36.8271243
          ],
          [
            127.133176,
            36.8267181
          ]
        ]
      },
      "properties": {
        "osm_type": "way",
        "osm_id": 493672341,
        "sido": "충청남도",
        "power_type": "minor_line",
        "name": "",
        "description": "",
        "voltage": "",
        "cables": "",
        "circuits": "",
        "frequency": "",
        "operator": "",
        "wires": ""
      }
    },
    {
      "type": "Feature",
      "geometry": {
        "type": "LineString",
        "coordinates": [
          [
            127.1280756,
            36.8289702
          ],
          [
            127.1277234,
            36.8290132
          ],
          [
            127.1275412,
            36.8290127
          ],
          [
            127.1272642,
            36.8290186
          ]
        ]
      },
      "properties": {
        "osm_type": "way",
        "osm_id": 494056830,
        "sido": "충청남도",
        "power_type": "minor_line",
        "name": "",
        "description": "",
        "voltage": "",
        "cables": "",
        "circuits": "",
        "frequency": "",
        "operator": "",
        "wires": ""
      }
    },
    {
      "type": "Feature",
      "geometry": {
        "type": "LineString",
        "coordinates": [
          [
            127.1271618,
            36.8271775
          ],
          [
            127.1272429,
            36.8275145
          ],
          [
            127.1272448,
            36.8278767
          ],
          [
            127.1272518,
            36.8282653
          ],
          [
            127.1272556,
            36.8285796
          ],
          [
            127.1272597,
            36.828705
          ],
          [
            127.1272642,
            36.8290186
          ],
          [
            127.1272651,
            36.8291185
          ]
        ]
      },
      "properties": {
        "osm_type": "way",
        "osm_id": 494057958,
        "sido": "충청남도",
        "power_type": "minor_line",
        "name": "",
        "description": "",
        "voltage": "",
        "cables": "",
        "circuits": "",
        "frequency": "",
        "operator": "",
        "wires": ""
      }
    },
    {
      "type": "Feature",
      "geometry": {
        "type": "LineString",
        "coordinates": [
          [
            127.1431044,
            36.7748896
          ],
          [
            127.1424946,
            36.7744881
          ],
          [
            127.1402492,
            36.7730097
          ],
          [
            127.1370616,
            36.7709986
          ],
          [
            127.1355379,
            36.7699869
          ],
          [
            127.1322356,
            36.7677546
          ],
          [
            127.1276704,
            36.7659874
          ],
          [
            127.123417,
            36.7644776
          ],
          [
            127.1221813,
            36.7639257
          ],
          [
            127.1178785,
            36.7633184
          ],
          [
            127.1148309,
            36.7629627
          ],
          [
            127.1108562,
            36.7623879
          ],
          [
            127.1074444,
            36.7618862
          ],
          [
            127.1039736,
            36.7614714
          ],
          [
            127.1002749,
            36.7609536
          ],
          [
            127.0968631,
            36.7604722
          ],
          [
            127.0942135,
            36.7601124
          ],
          [
            127.0875769,
            36.7592025
          ],
          [
            127.0853293,
            36.7588705
          ],
          [
            127.0827869,
            36.7585065
          ],
          [
            127.0804517,
            36.7581745
          ],
          [
            127.0689591,
            36.7577914
          ],
          [
            127.0622723,
            36.7579191
          ],
          [
            127.0593393,
            36.7580149
          ],
          [
            127.0554261,
            36.7578488
          ],
          [
            127.051406,
            36.7581756
          ],
          [
            127.047446,
            36.7575827
          ]
        ]
      },
      "properties": {
        "osm_type": "way",
        "osm_id": 494956632,
        "sido": "충청남도",
        "power_type": "line",
        "name": "",
        "description": "",
        "voltage": "154000",
        "cables": "6",
        "circuits": "2",
        "frequency": "60",
        "operator": "",
        "wires": ""
      }
    },
    {
      "type": "Feature",
      "geometry": {
        "type": "LineString",
        "coordinates": [
          [
            127.0584617,
            36.8804518
          ],
          [
            127.0583377,
            36.8806403
          ],
          [
            127.058027,
            36.8810358
          ],
          [
            127.0578603,
            36.8812251
          ],
          [
            127.057612,
            36.8815035
          ],
          [
            127.0574675,
            36.8817317
          ],
          [
            127.057293,
            36.8820384
          ],
          [
            127.057113,
            36.8823371
          ],
          [
            127.0569352,
            36.8826615
          ],
          [
            127.05687,
            36.8830818
          ],
          [
            127.0567695,
            36.8833412
          ],
          [
            127.0567046,
            36.8837264
          ],
          [
            127.0566726,
            36.8838632
          ],
          [
            127.0565933,
            36.8842015
          ]
        ]
      },
      "properties": {
        "osm_type": "way",
        "osm_id": 495703495,
        "sido": "충청남도",
        "power_type": "minor_line",
        "name": "",
        "description": "",
        "voltage": "",
        "cables": "",
        "circuits": "",
        "frequency": "",
        "operator": "",
        "wires": ""
      }
    },
    {
      "type": "Feature",
      "geometry": {
        "type": "LineString",
        "coordinates": [
          [
            127.0567046,
            36.8837264
          ],
          [
            127.0566081,
            36.8835383
          ]
        ]
      },
      "properties": {
        "osm_type": "way",
        "osm_id": 495703496,
        "sido": "충청남도",
        "power_type": "minor_line",
        "name": "",
        "description": "",
        "voltage": "",
        "cables": "",
        "circuits": "",
        "frequency": "",
        "operator": "",
        "wires": ""
      }
    },
    {
      "type": "Feature",
      "geometry": {
        "type": "LineString",
        "coordinates": [
          [
            127.0565933,
            36.8842015
          ],
          [
            127.0570328,
            36.8840598
          ],
          [
            127.0574919,
            36.8839546
          ]
        ]
      },
      "properties": {
        "osm_type": "way",
        "osm_id": 495703497,
        "sido": "충청남도",
        "power_type": "minor_line",
        "name": "",
        "description": "",
        "voltage": "",
        "cables": "",
        "circuits": "",
        "frequency": "",
        "operator": "",
        "wires": ""
      }
    },
    {
      "type": "Feature",
      "geometry": {
        "type": "LineString",
        "coordinates": [
          [
            127.1370888,
            36.8269163
          ],
          [
            127.1368205,
            36.8269367
          ],
          [
            127.1364376,
            36.8269681
          ],
          [
            127.136083,
            36.8269983
          ],
          [
            127.1356895,
            36.8270264
          ],
          [
            127.1353546,
            36.8270495
          ],
          [
            127.1351461,
            36.8270678
          ],
          [
            127.1347984,
            36.8270877
          ],
          [
            127.1344332,
            36.8271113
          ],
          [
            127.1340444,
            36.8271365
          ],
          [
            127.1338153,
            36.8271523
          ],
          [
            127.1336639,
            36.8271669
          ],
          [
            127.1334896,
            36.8271785
          ],
          [
            127.1332628,
            36.8271925
          ],
          [
            127.1331838,
            36.8271243
          ]
        ]
      },
      "properties": {
        "osm_type": "way",
        "osm_id": 495796700,
        "sido": "충청남도",
        "power_type": "minor_line",
        "name": "",
        "description": "",
        "voltage": "",
        "cables": "",
        "circuits": "",
        "frequency": "",
        "operator": "",
        "wires": ""
      }
    },
    {
      "type": "Feature",
      "geometry": {
        "type": "LineString",
        "coordinates": [
          [
            127.1332628,
            36.8271925
          ],
          [
            127.1335266,
            36.8272937
          ]
        ]
      },
      "properties": {
        "osm_type": "way",
        "osm_id": 495796701,
        "sido": "충청남도",
        "power_type": "minor_line",
        "name": "",
        "description": "",
        "voltage": "",
        "cables": "",
        "circuits": "",
        "frequency": "",
        "operator": "",
        "wires": ""
      }
    },
    {
      "type": "Feature",
      "geometry": {
        "type": "LineString",
        "coordinates": [
          [
            127.0583377,
            36.8806403
          ],
          [
            127.0587081,
            36.8805008
          ]
        ]
      },
      "properties": {
        "osm_type": "way",
        "osm_id": 513003778,
        "sido": "충청남도",
        "power_type": "minor_line",
        "name": "",
        "description": "",
        "voltage": "",
        "cables": "",
        "circuits": "",
        "frequency": "",
        "operator": "",
        "wires": ""
      }
    },
    {
      "type": "Feature",
      "geometry": {
        "type": "LineString",
        "coordinates": [
          [
            126.924684,
            36.7899937
          ],
          [
            126.9257838,
            36.7885137
          ],
          [
            126.9252339,
            36.7838964
          ],
          [
            126.9238311,
            36.7815988
          ],
          [
            126.9231445,
            36.7781959
          ],
          [
            126.9225007,
            36.7746124
          ],
          [
            126.9221735,
            36.7727604
          ],
          [
            126.9217229,
            36.7704615
          ],
          [
            126.9212763,
            36.767027
          ],
          [
            126.9203201,
            36.764065
          ],
          [
            126.9219375,
            36.7601993
          ],
          [
            126.9229943,
            36.7574531
          ],
          [
            126.9239285,
            36.7548536
          ]
        ]
      },
      "properties": {
        "osm_type": "way",
        "osm_id": 649177124,
        "sido": "충청남도",
        "power_type": "line",
        "name": "",
        "description": "",
        "voltage": "154000",
        "cables": "12",
        "circuits": "4",
        "frequency": "60",
        "operator": "",
        "wires": ""
      }
    },
    {
      "type": "Feature",
      "geometry": {
        "type": "LineString",
        "coordinates": [
          [
            127.0268333,
            36.8860054
          ],
          [
            127.0222843,
            36.8847589
          ],
          [
            127.0194223,
            36.8839437
          ],
          [
            127.0148867,
            36.8839286
          ],
          [
            127.0121831,
            36.8828452
          ],
          [
            127.0092595,
            36.8817124
          ]
        ]
      },
      "properties": {
        "osm_type": "way",
        "osm_id": 709837192,
        "sido": "충청남도",
        "power_type": "line",
        "name": "",
        "description": "",
        "voltage": "154000",
        "cables": "12",
        "circuits": "4",
        "frequency": "60",
        "operator": "",
        "wires": ""
      }
    },
    {
      "type": "Feature",
      "geometry": {
        "type": "LineString",
        "coordinates": [
          [
            127.1122144,
            36.8643994
          ],
          [
            127.1117048,
            36.8644037
          ],
          [
            127.111753,
            36.8659917
          ],
          [
            127.1120642,
            36.866923
          ],
          [
            127.1106791,
            36.8690038
          ],
          [
            127.1082141,
            36.8734133
          ],
          [
            127.1069519,
            36.875802
          ],
          [
            127.1041508,
            36.8805473
          ],
          [
            127.1032038,
            36.8822745
          ],
          [
            127.101845,
            36.8847057
          ],
          [
            127.0993765,
            36.889163
          ],
          [
            127.0982258,
            36.8912545
          ],
          [
            127.0971074,
            36.8933632
          ],
          [
            127.0952253,
            36.8966201
          ],
          [
            127.093793,
            36.8991254
          ],
          [
            127.0917893,
            36.9027631
          ],
          [
            127.0897928,
            36.9107969
          ],
          [
            127.0892225,
            36.9130062
          ],
          [
            127.0887013,
            36.9151115
          ],
          [
            127.088063,
            36.9176355
          ],
          [
            127.087544,
            36.9197457
          ],
          [
            127.0869298,
            36.9196259
          ]
        ]
      },
      "properties": {
        "osm_type": "way",
        "osm_id": 709837193,
        "sido": "충청남도",
        "power_type": "line",
        "name": "",
        "description": "",
        "voltage": "154000",
        "cables": "6",
        "circuits": "2",
        "frequency": "60",
        "operator": "",
        "wires": ""
      }
    },
    {
      "type": "Feature",
      "geometry": {
        "type": "LineString",
        "coordinates": [
          [
            127.0605379,
            36.8253955
          ],
          [
            127.0548919,
            36.8275038
          ],
          [
            127.0499164,
            36.8300221
          ],
          [
            127.0470196,
            36.8317418
          ],
          [
            127.0438921,
            36.8343888
          ],
          [
            127.0390266,
            36.8355781
          ],
          [
            127.0350811,
            36.83827
          ],
          [
            127.0303579,
            36.8391503
          ],
          [
            127.0230194,
            36.839717
          ],
          [
            127.0214798,
            36.8421813
          ],
          [
            127.0191221,
            36.8472155
          ],
          [
            127.0184126,
            36.8507925
          ],
          [
            127.0214074,
            36.853722
          ],
          [
            127.0223462,
            36.8560191
          ],
          [
            127.0204124,
            36.858558
          ],
          [
            127.019287,
            36.8620676
          ],
          [
            127.0186389,
            36.8636032
          ],
          [
            127.0154385,
            36.8652629
          ],
          [
            127.0122569,
            36.8663027
          ],
          [
            127.0134065,
            36.8701926
          ],
          [
            127.0145116,
            36.8726358
          ],
          [
            127.0140663,
            36.8764366
          ],
          [
            127.0124301,
            36.8791185
          ]
        ]
      },
      "properties": {
        "osm_type": "way",
        "osm_id": 709837207,
        "sido": "충청남도",
        "power_type": "line",
        "name": "",
        "description": "",
        "voltage": "345000",
        "cables": "12",
        "circuits": "4",
        "frequency": "60",
        "operator": "",
        "wires": ""
      }
    },
    {
      "type": "Feature",
      "geometry": {
        "type": "LineString",
        "coordinates": [
          [
            126.6169952,
            36.9548637
          ],
          [
            126.6188843,
            36.9534916
          ],
          [
            126.6207077,
            36.9528126
          ],
          [
            126.6231708,
            36.9524303
          ],
          [
            126.6236692,
            36.9511276
          ],
          [
            126.6233404,
            36.9501416
          ],
          [
            126.6232047,
            36.9488186
          ],
          [
            126.6226856,
            36.9472306
          ],
          [
            126.6211938,
            36.9466876
          ],
          [
            126.6230594,
            36.9444949
          ],
          [
            126.628854,
            36.942111
          ],
          [
            126.6293155,
            36.9384987
          ],
          [
            126.6319519,
            36.9367544
          ],
          [
            126.6338376,
            36.9352226
          ],
          [
            126.6370576,
            36.9327933
          ],
          [
            126.6392158,
            36.9308532
          ],
          [
            126.6403218,
            36.9288031
          ],
          [
            126.6413404,
            36.9283443
          ],
          [
            126.6450093,
            36.9262503
          ],
          [
            126.6483269,
            36.9272877
          ],
          [
            126.6538904,
            36.9296839
          ],
          [
            126.6559335,
            36.9304345
          ],
          [
            126.6598307,
            36.9302278
          ],
          [
            126.6614942,
            36.9299283
          ],
          [
            126.6650659,
            36.9305533
          ],
          [
            126.6679768,
            36.9312617
          ],
          [
            126.6719317,
            36.9306805
          ],
          [
            126.6747194,
            36.9278787
          ],
          [
            126.6787357,
            36.9261535
          ],
          [
            126.6800636,
            36.923656
          ],
          [
            126.6804993,
            36.9215034
          ],
          [
            126.6818024,
            36.9184433
          ],
          [
            126.6824195,
            36.9170575
          ],
          [
            126.6835513,
            36.915131
          ],
          [
            126.6875923,
            36.9140976
          ],
          [
            126.6906054,
            36.9143704
          ],
          [
            126.6996852,
            36.9125727
          ],
          [
            126.702764,
            36.9086483
          ],
          [
            126.7035386,
            36.9054836
          ],
          [
            126.7041695,
            36.903224
          ],
          [
            126.7038647,
            36.9022789
          ],
          [
            126.7036871,
            36.9017663
          ],
          [
            126.7039909,
            36.9018746
          ]
        ]
      },
      "properties": {
        "osm_type": "way",
        "osm_id": 720019167,
        "sido": "충청남도",
        "power_type": "line",
        "name": "",
        "description": "",
        "voltage": "154000",
        "cables": "3",
        "circuits": "1",
        "frequency": "60",
        "operator": "",
        "wires": ""
      }
    },
    {
      "type": "Feature",
      "geometry": {
        "type": "LineString",
        "coordinates": [
          [
            127.4439462,
            35.9771244
          ],
          [
            127.4454773,
            35.9770667
          ],
          [
            127.4482233,
            35.9781908
          ],
          [
            127.4507387,
            35.9787594
          ],
          [
            127.4534547,
            35.9796949
          ],
          [
            127.4556917,
            35.980893
          ],
          [
            127.4587655,
            35.9825642
          ],
          [
            127.461319,
            35.9826727
          ],
          [
            127.464323,
            35.982803
          ],
          [
            127.4687111,
            35.9830374
          ],
          [
            127.4716562,
            35.9817438
          ],
          [
            127.4751055,
            35.9793432
          ],
          [
            127.4802875,
            35.979048
          ],
          [
            127.4880069,
            35.9773854
          ],
          [
            127.4882903,
            35.9776702
          ],
          [
            127.4896699,
            35.9790567
          ],
          [
            127.4927545,
            35.9833673
          ],
          [
            127.4940902,
            35.9852164
          ],
          [
            127.4985963,
            35.9855854
          ],
          [
            127.5023353,
            35.9859934
          ],
          [
            127.5063586,
            35.9864058
          ],
          [
            127.507866,
            35.9880031
          ],
          [
            127.5095344,
            35.9899347
          ],
          [
            127.5111115,
            35.9904512
          ],
          [
            127.5157303,
            35.9914061
          ],
          [
            127.5204027,
            35.9925129
          ],
          [
            127.5225913,
            35.9935068
          ],
          [
            127.524249,
            35.9947438
          ],
          [
            127.5263411,
            35.9963366
          ],
          [
            127.5281757,
            35.9987638
          ],
          [
            127.5311208,
            36.0025991
          ],
          [
            127.5337574,
            36.0060014
          ],
          [
            127.5359863,
            36.0088785
          ],
          [
            127.5376439,
            36.011046
          ],
          [
            127.5391003,
            36.0136647
          ],
          [
            127.5392532,
            36.0162834
          ],
          [
            127.539441,
            36.0183856
          ],
          [
            127.5397924,
            36.0223187
          ],
          [
            127.5398031,
            36.0251149
          ],
          [
            127.5398165,
            36.0268373
          ],
          [
            127.5398272,
            36.0306377
          ],
          [
            127.5397736,
            36.0328198
          ],
          [
            127.5397253,
            36.0350235
          ],
          [
            127.5396448,
            36.0385632
          ],
          [
            127.5403315,
            36.0411398
          ],
          [
            127.5439095,
            36.0417514
          ],
          [
            127.5449942,
            36.0416225
          ]
        ]
      },
      "properties": {
        "osm_type": "way",
        "osm_id": 731923223,
        "sido": "충청남도",
        "power_type": "line",
        "name": "",
        "description": "",
        "voltage": "154000",
        "cables": "6",
        "circuits": "2",
        "frequency": "60",
        "operator": "",
        "wires": ""
      }
    },
    {
      "type": "Feature",
      "geometry": {
        "type": "LineString",
        "coordinates": [
          [
            127.3796494,
            36.7592295
          ],
          [
            127.3810272,
            36.7579578
          ],
          [
            127.381346,
            36.7547553
          ],
          [
            127.3814884,
            36.7504398
          ],
          [
            127.3816767,
            36.7449193
          ],
          [
            127.3818011,
            36.7401013
          ],
          [
            127.3832643,
            36.7359881
          ],
          [
            127.3857433,
            36.7291675
          ],
          [
            127.3863865,
            36.7237598
          ],
          [
            127.3866785,
            36.721776
          ],
          [
            127.3869175,
            36.7198072
          ],
          [
            127.3875848,
            36.7146801
          ],
          [
            127.3885157,
            36.7074509
          ],
          [
            127.3894814,
            36.7043014
          ],
          [
            127.390898,
            36.6999277
          ],
          [
            127.3917544,
            36.6973062
          ],
          [
            127.393847,
            36.6904847
          ],
          [
            127.3942765,
            36.6888715
          ],
          [
            127.3964483,
            36.6817603
          ],
          [
            127.3973278,
            36.6781194
          ],
          [
            127.3984303,
            36.6736218
          ],
          [
            127.3990942,
            36.670833
          ],
          [
            127.3999156,
            36.6674297
          ],
          [
            127.400632,
            36.6644698
          ],
          [
            127.4014256,
            36.6611505
          ],
          [
            127.4021667,
            36.658163
          ],
          [
            127.4028739,
            36.6550367
          ],
          [
            127.4038632,
            36.650935
          ],
          [
            127.404329,
            36.6470081
          ],
          [
            127.4056578,
            36.6430022
          ],
          [
            127.4065339,
            36.6403001
          ],
          [
            127.4072399,
            36.636066
          ],
          [
            127.408767,
            36.6267873
          ],
          [
            127.410192,
            36.6243445
          ],
          [
            127.4166276,
            36.6175587
          ],
          [
            127.4182226,
            36.6156464
          ],
          [
            127.4197275,
            36.6138415
          ],
          [
            127.4222197,
            36.6109764
          ],
          [
            127.4241086,
            36.6088455
          ],
          [
            127.4265424,
            36.6060137
          ],
          [
            127.4286748,
            36.603527
          ],
          [
            127.4307238,
            36.601174
          ],
          [
            127.4332199,
            36.5982662
          ],
          [
            127.4354225,
            36.5947722
          ],
          [
            127.4364916,
            36.5930442
          ],
          [
            127.4409699,
            36.5858763
          ],
          [
            127.4424969,
            36.5834321
          ],
          [
            127.444004,
            36.5810196
          ],
          [
            127.4464446,
            36.5771019
          ],
          [
            127.4468292,
            36.5753012
          ],
          [
            127.4480768,
            36.5703051
          ],
          [
            127.4484856,
            36.5685028
          ],
          [
            127.4493114,
            36.5650538
          ],
          [
            127.4512728,
            36.5570859
          ],
          [
            127.4519957,
            36.554707
          ],
          [
            127.4541543,
            36.5533636
          ],
          [
            127.457872,
            36.5542012
          ],
          [
            127.4597809,
            36.5543538
          ]
        ]
      },
      "properties": {
        "osm_type": "way",
        "osm_id": 782404667,
        "sido": "충청남도",
        "power_type": "line",
        "name": "",
        "description": "신중부변전소 분기-신진천변전소",
        "voltage": "345000",
        "cables": "6",
        "circuits": "2",
        "frequency": "60",
        "operator": "",
        "wires": ""
      }
    },
    {
      "type": "Feature",
      "geometry": {
        "type": "LineString",
        "coordinates": [
          [
            127.3615354,
            36.7493476
          ],
          [
            127.364412,
            36.7516271
          ],
          [
            127.3711118,
            36.7566175
          ],
          [
            127.3759016,
            36.758081
          ],
          [
            127.3796494,
            36.7592295
          ]
        ]
      },
      "properties": {
        "osm_type": "way",
        "osm_id": 782405316,
        "sido": "충청남도",
        "power_type": "line",
        "name": "",
        "description": "신중부변전소 분기-신진천변전소",
        "voltage": "345000",
        "cables": "12",
        "circuits": "4",
        "frequency": "60",
        "operator": "",
        "wires": ""
      }
    },
    {
      "type": "Feature",
      "geometry": {
        "type": "LineString",
        "coordinates": [
          [
            127.0061466,
            36.8794292
          ],
          [
            127.0058581,
            36.8808535
          ],
          [
            127.0043817,
            36.8824371
          ],
          [
            127.0018781,
            36.8851728
          ],
          [
            127.0005102,
            36.8885152
          ],
          [
            126.999248,
            36.8912028
          ],
          [
            126.9992281,
            36.8929987
          ],
          [
            126.9991368,
            36.8965424
          ],
          [
            126.9990725,
            36.899009
          ],
          [
            126.9990242,
            36.9022564
          ],
          [
            126.9988832,
            36.9051322
          ],
          [
            126.9982931,
            36.9074356
          ],
          [
            126.9973382,
            36.9105711
          ],
          [
            126.9961098,
            36.9124498
          ],
          [
            126.9947113,
            36.9144211
          ],
          [
            126.993633,
            36.9159351
          ],
          [
            126.9936437,
            36.9177922
          ],
          [
            126.9936974,
            36.9196964
          ],
          [
            126.9937135,
            36.921622
          ],
          [
            126.9937242,
            36.9234661
          ],
          [
            126.9937188,
            36.9252801
          ],
          [
            126.9937457,
            36.9271541
          ],
          [
            126.9937671,
            36.9289423
          ],
          [
            126.9937778,
            36.9307605
          ],
          [
            126.9928874,
            36.9323814
          ],
          [
            126.9918145,
            36.9343196
          ],
          [
            126.9910098,
            36.9357989
          ],
          [
            126.9907952,
            36.9376941
          ],
          [
            126.990148,
            36.9403725
          ],
          [
            126.9907346,
            36.9421292
          ],
          [
            126.9913531,
            36.9439796
          ],
          [
            126.99116,
            36.9458403
          ],
          [
            126.9909776,
            36.9477353
          ],
          [
            126.9907845,
            36.949613
          ],
          [
            126.9906396,
            36.9511949
          ],
          [
            126.9902588,
            36.9535484
          ],
          [
            126.9900174,
            36.9550017
          ],
          [
            126.9899476,
            36.9553747
          ],
          [
            126.9896848,
            36.9569264
          ],
          [
            126.9894112,
            36.9586582
          ],
          [
            126.9890035,
            36.9606535
          ],
          [
            126.9886951,
            36.9625395
          ],
          [
            126.9883705,
            36.9643204
          ],
          [
            126.9880621,
            36.9661818
          ],
          [
            126.9876866,
            36.968359
          ],
          [
            126.9858841,
            36.9700874
          ],
          [
            126.9826038,
            36.9696266
          ],
          [
            126.9754315,
            36.9688123
          ],
          [
            126.972288,
            36.9684737
          ],
          [
            126.9702656,
            36.9693781
          ],
          [
            126.9682218,
            36.9716196
          ],
          [
            126.9673313,
            36.9743796
          ],
          [
            126.9665159,
            36.9770066
          ],
          [
            126.9651909,
            36.9794236
          ],
          [
            126.9637478,
            36.9819348
          ],
          [
            126.9624443,
            36.9843474
          ],
          [
            126.960792,
            36.9872955
          ],
          [
            126.95929,
            36.9898921
          ],
          [
            126.9578148,
            36.9925357
          ],
          [
            126.9560177,
            36.9957749
          ],
          [
            126.9540812,
            36.9978228
          ],
          [
            126.9518603,
            37.0001449
          ],
          [
            126.9492961,
            37.0028867
          ],
          [
            126.9460774,
            37.0035593
          ],
          [
            126.9433201,
            37.0041334
          ],
          [
            126.9398815,
            37.0048359
          ],
          [
            126.9362176,
            37.0055642
          ],
          [
            126.9334013,
            37.0064553
          ],
          [
            126.9296301,
            37.0077233
          ],
          [
            126.9260199,
            37.0073977
          ],
          [
            126.9222058,
            37.0070164
          ],
          [
            126.9184507,
            37.0066737
          ],
          [
            126.9151569,
            37.0075176
          ],
          [
            126.9121995,
            37.0083161
          ],
          [
            126.9090898,
            37.0099379
          ],
          [
            126.9063647,
            37.0114115
          ],
          [
            126.9034947,
            37.0133477
          ],
          [
            126.9024057,
            37.017087
          ],
          [
            126.9014133,
            37.0207705
          ],
          [
            126.9003619,
            37.024304
          ],
          [
            126.8995143,
            37.0275032
          ],
          [
            126.8986667,
            37.0305738
          ],
          [
            126.8984414,
            37.0335586
          ],
          [
            126.8982858,
            37.0367146
          ],
          [
            126.8980375,
            37.0397951
          ],
          [
            126.8977923,
            37.0436086
          ],
          [
            126.8975187,
            37.0476462
          ],
          [
            126.8973042,
            37.051341
          ],
          [
            126.896757,
            37.0535973
          ],
          [
            126.8961991,
            37.0562644
          ],
          [
            126.895432,
            37.0596677
          ],
          [
            126.8947561,
            37.0628997
          ],
          [
            126.8943913,
            37.0659218
          ],
          [
            126.894005,
            37.0689866
          ],
          [
            126.8935973,
            37.0721582
          ],
          [
            126.8931521,
            37.0757192
          ],
          [
            126.8927176,
            37.0778207
          ],
          [
            126.8918056,
            37.0806838
          ],
          [
            126.8910385,
            37.0836838
          ],
          [
            126.8903841,
            37.0863199
          ],
          [
            126.8895687,
            37.0892512
          ],
          [
            126.8887908,
            37.0922166
          ],
          [
            126.887557,
            37.0961104
          ],
          [
            126.8867742,
            37.0983848
          ],
          [
            126.8865217,
            37.0991184
          ],
          [
            126.8865758,
            37.0995311
          ],
          [
            126.8869401,
            37.1023101
          ],
          [
            126.8873693,
            37.1057328
          ],
          [
            126.8882919,
            37.1087618
          ],
          [
            126.8891395,
            37.1119745
          ],
          [
            126.8899962,
            37.114945
          ],
          [
            126.8908132,
            37.1178051
          ],
          [
            126.8901587,
            37.1201962
          ],
          [
            126.8892468,
            37.1231476
          ],
          [
            126.8883885,
            37.1257994
          ],
          [
            126.8874819,
            37.1286779
          ],
          [
            126.8883402,
            37.1314536
          ],
          [
            126.8891341,
            37.1340538
          ],
          [
            126.8901158,
            37.1372356
          ],
          [
            126.8916645,
            37.1420781
          ],
          [
            126.8925434,
            37.1451264
          ],
          [
            126.8933641,
            37.1478786
          ],
          [
            126.8943136,
            37.1508845
          ],
          [
            126.8957835,
            37.154942
          ],
          [
            126.8959006,
            37.1568705
          ],
          [
            126.8960499,
            37.1598933
          ],
          [
            126.8961154,
            37.1628049
          ],
          [
            126.8962118,
            37.1660044
          ],
          [
            126.8963137,
            37.1691929
          ],
          [
            126.8957272,
            37.1735133
          ],
          [
            126.8953416,
            37.1763767
          ],
          [
            126.8947276,
            37.180405
          ],
          [
            126.8942457,
            37.1834524
          ],
          [
            126.8938987,
            37.1855168
          ],
          [
            126.8940859,
            37.1894086
          ],
          [
            126.8940859,
            37.1916001
          ],
          [
            126.8941493,
            37.193537
          ],
          [
            126.893571,
            37.1956736
          ],
          [
            126.889892,
            37.1980009
          ],
          [
            126.8871658,
            37.1996175
          ],
          [
            126.8837017,
            37.2016968
          ],
          [
            126.8812949,
            37.2041994
          ],
          [
            126.8794554,
            37.2059014
          ],
          [
            126.8779352,
            37.2087811
          ],
          [
            126.8767318,
            37.211191
          ],
          [
            126.8756803,
            37.2133744
          ],
          [
            126.8745549,
            37.2157686
          ],
          [
            126.8744075,
            37.2190375
          ],
          [
            126.874378,
            37.2220069
          ],
          [
            126.8747562,
            37.2239315
          ],
          [
            126.8758199,
            37.2257431
          ],
          [
            126.8779306,
            37.2284122
          ],
          [
            126.8803124,
            37.2314964
          ],
          [
            126.882527,
            37.2342544
          ],
          [
            126.8841191,
            37.2362139
          ],
          [
            126.8856317,
            37.2380702
          ],
          [
            126.8872575,
            37.2401011
          ],
          [
            126.8902523,
            37.2429077
          ],
          [
            126.8900595,
            37.2451455
          ],
          [
            126.890417,
            37.2475493
          ],
          [
            126.8909134,
            37.2506845
          ],
          [
            126.8911793,
            37.2543464
          ],
          [
            126.8915221,
            37.2582926
          ],
          [
            126.8917171,
            37.2614909
          ],
          [
            126.8928517,
            37.2643316
          ],
          [
            126.8937263,
            37.2665067
          ],
          [
            126.8949555,
            37.2697751
          ],
          [
            126.8969617,
            37.272505
          ],
          [
            126.8986607,
            37.274788
          ],
          [
            126.9021975,
            37.2767724
          ],
          [
            126.9062159,
            37.2790718
          ],
          [
            126.9098059,
            37.2811007
          ],
          [
            126.9119776,
            37.2838255
          ],
          [
            126.9136529,
            37.2859248
          ],
          [
            126.9158188,
            37.2887317
          ],
          [
            126.9179314,
            37.2913715
          ],
          [
            126.9199465,
            37.2939149
          ],
          [
            126.9207443,
            37.2970012
          ],
          [
            126.9215066,
            37.2997535
          ],
          [
            126.9223428,
            37.3029923
          ],
          [
            126.9231021,
            37.3059184
          ],
          [
            126.9237699,
            37.3084919
          ],
          [
            126.9222187,
            37.3097774
          ],
          [
            126.9187853,
            37.3103038
          ],
          [
            126.9171302,
            37.3100709
          ],
          [
            126.9161774,
            37.3098079
          ]
        ]
      },
      "properties": {
        "osm_type": "way",
        "osm_id": 796704012,
        "sido": "충청남도",
        "power_type": "line",
        "name": "",
        "description": "",
        "voltage": "345000",
        "cables": "6",
        "circuits": "2",
        "frequency": "60",
        "operator": "",
        "wires": ""
      }
    },
    {
      "type": "Feature",
      "geometry": {
        "type": "LineString",
        "coordinates": [
          [
            127.3870924,
            36.820766
          ],
          [
            127.3841326,
            36.8209901
          ],
          [
            127.3832323,
            36.8169944
          ],
          [
            127.3828672,
            36.8131773
          ],
          [
            127.3827171,
            36.8119311
          ],
          [
            127.3824595,
            36.8097073
          ],
          [
            127.3821592,
            36.8069697
          ],
          [
            127.3816911,
            36.8025388
          ],
          [
            127.3813018,
            36.7967775
          ],
          [
            127.3810491,
            36.7923693
          ],
          [
            127.3809456,
            36.7907173
          ],
          [
            127.3807177,
            36.7875527
          ],
          [
            127.3806639,
            36.7859836
          ],
          [
            127.3804361,
            36.7828619
          ],
          [
            127.3803491,
            36.7813425
          ],
          [
            127.3799768,
            36.7748795
          ],
          [
            127.3798313,
            36.7720959
          ],
          [
            127.3795745,
            36.7681839
          ],
          [
            127.3802171,
            36.764775
          ],
          [
            127.3804166,
            36.7607374
          ],
          [
            127.3796494,
            36.7592295
          ]
        ]
      },
      "properties": {
        "osm_type": "way",
        "osm_id": 884263042,
        "sido": "충청남도",
        "power_type": "line",
        "name": "",
        "description": "",
        "voltage": "345000",
        "cables": "6",
        "circuits": "2",
        "frequency": "60",
        "operator": "",
        "wires": ""
      }
    },
    {
      "type": "Feature",
      "geometry": {
        "type": "LineString",
        "coordinates": [
          [
            127.5353069,
            36.2933052
          ],
          [
            127.5355469,
            36.2926563
          ],
          [
            127.5357111,
            36.2907018
          ],
          [
            127.5361626,
            36.2855812
          ],
          [
            127.5365762,
            36.2801701
          ],
          [
            127.5369172,
            36.2746442
          ],
          [
            127.5385247,
            36.2733922
          ],
          [
            127.5403674,
            36.2720365
          ],
          [
            127.5447623,
            36.2688201
          ],
          [
            127.5462872,
            36.2673046
          ],
          [
            127.5482128,
            36.2654475
          ],
          [
            127.5493912,
            36.2631824
          ],
          [
            127.5504476,
            36.2610489
          ],
          [
            127.5512984,
            36.2592783
          ],
          [
            127.5529373,
            36.2559725
          ],
          [
            127.553361,
            36.2531985
          ],
          [
            127.5539734,
            36.2503194
          ],
          [
            127.5549108,
            36.2464705
          ],
          [
            127.5558557,
            36.2430492
          ],
          [
            127.5564405,
            36.2410909
          ],
          [
            127.556732,
            36.2401145
          ],
          [
            127.5571093,
            36.2387623
          ],
          [
            127.5576278,
            36.2369038
          ],
          [
            127.5586376,
            36.2349989
          ],
          [
            127.5593445,
            36.2336563
          ],
          [
            127.5601458,
            36.2324292
          ],
          [
            127.561198,
            36.2305452
          ],
          [
            127.5637844,
            36.227279
          ],
          [
            127.5659898,
            36.224433
          ],
          [
            127.5676381,
            36.2223202
          ],
          [
            127.5695274,
            36.2210956
          ],
          [
            127.5711594,
            36.2200444
          ],
          [
            127.5740228,
            36.218189
          ],
          [
            127.5768373,
            36.2165359
          ],
          [
            127.5824597,
            36.2129169
          ],
          [
            127.5864969,
            36.2103049
          ],
          [
            127.5921937,
            36.2065804
          ],
          [
            127.5952623,
            36.2061524
          ],
          [
            127.5997474,
            36.2061091
          ],
          [
            127.6030016,
            36.2055571
          ],
          [
            127.6075067,
            36.2052154
          ],
          [
            127.6120282,
            36.2049
          ],
          [
            127.6142693,
            36.2047423
          ],
          [
            127.6188689,
            36.2038065
          ],
          [
            127.6225716,
            36.2030864
          ],
          [
            127.6279109,
            36.2025648
          ],
          [
            127.6314096,
            36.2023341
          ],
          [
            127.6385195,
            36.2016936
          ],
          [
            127.6415712,
            36.2015123
          ],
          [
            127.6437424,
            36.201262
          ],
          [
            127.6471653,
            36.2004674
          ],
          [
            127.649839,
            36.1998632
          ],
          [
            127.652748,
            36.199124
          ],
          [
            127.6551895,
            36.1985522
          ],
          [
            127.6583093,
            36.1973397
          ],
          [
            127.6625011,
            36.1956966
          ],
          [
            127.667634,
            36.1935795
          ],
          [
            127.6708524,
            36.1928144
          ],
          [
            127.6749755,
            36.1916707
          ],
          [
            127.678695,
            36.1906847
          ],
          [
            127.6824576,
            36.188817
          ],
          [
            127.6852626,
            36.1860305
          ],
          [
            127.6878256,
            36.1834219
          ],
          [
            127.6909683,
            36.1802741
          ],
          [
            127.6929119,
            36.1783097
          ],
          [
            127.6944678,
            36.1771491
          ],
          [
            127.7005484,
            36.1726115
          ],
          [
            127.702098,
            36.1714489
          ],
          [
            127.7058263,
            36.1686766
          ],
          [
            127.7100418,
            36.1654949
          ],
          [
            127.7127602,
            36.1634602
          ],
          [
            127.7161545,
            36.1623743
          ],
          [
            127.7200064,
            36.1622181
          ],
          [
            127.7269176,
            36.1619863
          ],
          [
            127.7307918,
            36.1618503
          ],
          [
            127.7348938,
            36.1617093
          ],
          [
            127.7371786,
            36.1604806
          ],
          [
            127.7452172,
            36.1561804
          ],
          [
            127.7475597,
            36.154923
          ],
          [
            127.7507735,
            36.1535993
          ],
          [
            127.7553089,
            36.1516631
          ],
          [
            127.7579599,
            36.1505539
          ],
          [
            127.7613876,
            36.1490737
          ],
          [
            127.7623015,
            36.1486878
          ],
          [
            127.7649369,
            36.1476747
          ],
          [
            127.768124,
            36.1471046
          ],
          [
            127.7725808,
            36.1465464
          ],
          [
            127.7752855,
            36.1456742
          ],
          [
            127.7794325,
            36.1443275
          ],
          [
            127.7834359,
            36.1430303
          ],
          [
            127.7859676,
            36.1422187
          ],
          [
            127.7879573,
            36.141483
          ]
        ]
      },
      "properties": {
        "osm_type": "way",
        "osm_id": 885340198,
        "sido": "충청남도",
        "power_type": "line",
        "name": "",
        "description": "",
        "voltage": "345000",
        "cables": "6",
        "circuits": "2",
        "frequency": "60",
        "operator": "",
        "wires": ""
      }
    },
    {
      "type": "Feature",
      "geometry": {
        "type": "LineString",
        "coordinates": [
          [
            126.636537,
            36.5765332
          ],
          [
            126.635043,
            36.5769377
          ],
          [
            126.6313279,
            36.5760894
          ],
          [
            126.6286262,
            36.574061
          ],
          [
            126.6260729,
            36.572162
          ],
          [
            126.6234934,
            36.5713579
          ],
          [
            126.6218605,
            36.5697759
          ],
          [
            126.619867,
            36.5679205
          ],
          [
            126.6180203,
            36.5658339
          ],
          [
            126.6148432,
            36.5627164
          ],
          [
            126.6133644,
            36.5604001
          ],
          [
            126.6143445,
            36.5569438
          ],
          [
            126.614785,
            36.5548871
          ],
          [
            126.6153641,
            36.5522763
          ],
          [
            126.6149334,
            36.5489436
          ],
          [
            126.6154884,
            36.546335
          ],
          [
            126.6127675,
            36.5435541
          ],
          [
            126.6108234,
            36.5415925
          ],
          [
            126.6087025,
            36.5391519
          ],
          [
            126.6065359,
            36.5378465
          ],
          [
            126.6021072,
            36.5362587
          ],
          [
            126.6003498,
            36.5339821
          ],
          [
            126.5968677,
            36.5291941
          ],
          [
            126.5945759,
            36.527443
          ],
          [
            126.592523,
            36.5242171
          ],
          [
            126.5923113,
            36.5218264
          ]
        ]
      },
      "properties": {
        "osm_type": "way",
        "osm_id": 886407201,
        "sido": "충청남도",
        "power_type": "line",
        "name": "",
        "description": "",
        "voltage": "154000",
        "cables": "12",
        "circuits": "4",
        "frequency": "60",
        "operator": "",
        "wires": ""
      }
    },
    {
      "type": "Feature",
      "geometry": {
        "type": "LineString",
        "coordinates": [
          [
            126.6434678,
            36.6322064
          ],
          [
            126.6422767,
            36.634622
          ],
          [
            126.6409814,
            36.6371655
          ],
          [
            126.6402251,
            36.6388179
          ],
          [
            126.639108,
            36.6410802
          ],
          [
            126.6397403,
            36.6430918
          ],
          [
            126.6403484,
            36.6449736
          ],
          [
            126.64126,
            36.6478618
          ],
          [
            126.6424128,
            36.6493079
          ],
          [
            126.643962,
            36.6512399
          ],
          [
            126.6453266,
            36.6529702
          ],
          [
            126.6468948,
            36.6548973
          ],
          [
            126.6487684,
            36.6572337
          ],
          [
            126.6489154,
            36.6589607
          ],
          [
            126.6490772,
            36.6611976
          ],
          [
            126.6494109,
            36.6657428
          ],
          [
            126.650673,
            36.6674901
          ],
          [
            126.6516663,
            36.6688553
          ],
          [
            126.6522579,
            36.6712322
          ],
          [
            126.6528912,
            36.6738236
          ],
          [
            126.6537307,
            36.6772721
          ],
          [
            126.6556162,
            36.6785444
          ],
          [
            126.6571311,
            36.6795778
          ],
          [
            126.6589621,
            36.6807947
          ],
          [
            126.6599956,
            36.6834462
          ],
          [
            126.6607988,
            36.6855246
          ],
          [
            126.6645039,
            36.688158
          ],
          [
            126.6674056,
            36.6910587
          ],
          [
            126.6690523,
            36.6932231
          ],
          [
            126.6714363,
            36.6944118
          ],
          [
            126.6741232,
            36.6957433
          ],
          [
            126.6792681,
            36.6982849
          ],
          [
            126.6801077,
            36.7031199
          ],
          [
            126.681059,
            36.7056396
          ],
          [
            126.6796755,
            36.708528
          ],
          [
            126.6784242,
            36.7139484
          ],
          [
            126.6760034,
            36.7162663
          ],
          [
            126.6735749,
            36.7185914
          ],
          [
            126.6730945,
            36.7212354
          ],
          [
            126.6725161,
            36.7244184
          ],
          [
            126.6719158,
            36.7277217
          ],
          [
            126.67155,
            36.7297008
          ],
          [
            126.6700953,
            36.7319372
          ],
          [
            126.6692239,
            36.7333078
          ],
          [
            126.6682126,
            36.7349071
          ],
          [
            126.6664562,
            36.737661
          ],
          [
            126.6646997,
            36.7403817
          ],
          [
            126.6625592,
            36.7437472
          ],
          [
            126.6597768,
            36.7481084
          ],
          [
            126.657408,
            36.7517962
          ]
        ]
      },
      "properties": {
        "osm_type": "way",
        "osm_id": 886407203,
        "sido": "충청남도",
        "power_type": "line",
        "name": "",
        "description": "",
        "voltage": "154000",
        "cables": "6",
        "circuits": "2",
        "frequency": "60",
        "operator": "",
        "wires": ""
      }
    },
    {
      "type": "Feature",
      "geometry": {
        "type": "LineString",
        "coordinates": [
          [
            126.6208307,
            36.308908
          ],
          [
            126.62186,
            36.3131417
          ],
          [
            126.6222877,
            36.3149019
          ],
          [
            126.6220009,
            36.3184644
          ],
          [
            126.6215757,
            36.3235065
          ],
          [
            126.6208606,
            36.3253879
          ],
          [
            126.6203439,
            36.3267266
          ],
          [
            126.6241503,
            36.327583
          ],
          [
            126.6248391,
            36.3304572
          ],
          [
            126.6248391,
            36.3323262
          ],
          [
            126.6238625,
            36.3347416
          ],
          [
            126.6242309,
            36.3387516
          ],
          [
            126.6232766,
            36.3397504
          ],
          [
            126.6233582,
            36.3424228
          ],
          [
            126.6224682,
            36.3440347
          ],
          [
            126.623818,
            36.3463339
          ],
          [
            126.6263916,
            36.3499211
          ],
          [
            126.6257043,
            36.3526109
          ],
          [
            126.624886,
            36.3545615
          ],
          [
            126.6224632,
            36.3564626
          ],
          [
            126.6195764,
            36.3588118
          ],
          [
            126.6163442,
            36.3613626
          ],
          [
            126.614102,
            36.3631334
          ],
          [
            126.6138115,
            36.3633601
          ],
          [
            126.6112275,
            36.3653761
          ],
          [
            126.6077023,
            36.3672338
          ],
          [
            126.6041893,
            36.3690955
          ],
          [
            126.6016101,
            36.3704599
          ],
          [
            126.5978254,
            36.3724593
          ],
          [
            126.5950183,
            36.3739612
          ],
          [
            126.593018,
            36.3753859
          ],
          [
            126.5898271,
            36.377687
          ],
          [
            126.5870521,
            36.3796606
          ],
          [
            126.584816,
            36.379534
          ],
          [
            126.5828538,
            36.3794427
          ],
          [
            126.5826727,
            36.381579
          ]
        ]
      },
      "properties": {
        "osm_type": "way",
        "osm_id": 886407205,
        "sido": "충청남도",
        "power_type": "line",
        "name": "",
        "description": "",
        "voltage": "154000",
        "cables": "6",
        "circuits": "2",
        "frequency": "60",
        "operator": "",
        "wires": ""
      }
    },
    {
      "type": "Feature",
      "geometry": {
        "type": "LineString",
        "coordinates": [
          [
            126.9347566,
            36.4865327
          ],
          [
            126.9359935,
            36.4876091
          ]
        ]
      },
      "properties": {
        "osm_type": "way",
        "osm_id": 886407208,
        "sido": "충청남도",
        "power_type": "line",
        "name": "",
        "description": "",
        "voltage": "154000",
        "cables": "",
        "circuits": "",
        "frequency": "60",
        "operator": "",
        "wires": ""
      }
    },
    {
      "type": "Feature",
      "geometry": {
        "type": "LineString",
        "coordinates": [
          [
            126.7885274,
            36.467321
          ],
          [
            126.7887041,
            36.4679029
          ],
          [
            126.7888918,
            36.4694365
          ],
          [
            126.7863612,
            36.4710984
          ],
          [
            126.7849195,
            36.4728703
          ],
          [
            126.7814608,
            36.4771127
          ],
          [
            126.7796583,
            36.4793633
          ],
          [
            126.7772886,
            36.4822661
          ],
          [
            126.7760883,
            36.4851613
          ],
          [
            126.774306,
            36.4863312
          ],
          [
            126.7724432,
            36.4875453
          ],
          [
            126.7707507,
            36.4886246
          ],
          [
            126.7682704,
            36.4901341
          ],
          [
            126.7649733,
            36.4921169
          ],
          [
            126.7630219,
            36.4932996
          ],
          [
            126.7604497,
            36.4947939
          ],
          [
            126.759228,
            36.4957739
          ],
          [
            126.7561427,
            36.4982794
          ],
          [
            126.7540473,
            36.4999634
          ],
          [
            126.7516266,
            36.5019114
          ],
          [
            126.7486735,
            36.5034928
          ],
          [
            126.746285,
            36.5047616
          ],
          [
            126.7435089,
            36.5061716
          ],
          [
            126.742271,
            36.5068314
          ],
          [
            126.7391409,
            36.5084235
          ],
          [
            126.735359,
            36.5103174
          ],
          [
            126.732825,
            36.5116211
          ],
          [
            126.7293522,
            36.5133948
          ],
          [
            126.7258613,
            36.5152002
          ],
          [
            126.7220619,
            36.5171209
          ],
          [
            126.7196466,
            36.5183453
          ],
          [
            126.7168853,
            36.5197496
          ],
          [
            126.7145732,
            36.5209691
          ],
          [
            126.7116737,
            36.5224516
          ],
          [
            126.7090076,
            36.5237567
          ],
          [
            126.706424,
            36.5250748
          ],
          [
            126.7039972,
            36.5267085
          ],
          [
            126.7013352,
            36.5285007
          ],
          [
            126.6987616,
            36.5302347
          ],
          [
            126.6967714,
            36.5315709
          ],
          [
            126.6940869,
            36.5327571
          ],
          [
            126.6870524,
            36.535864
          ],
          [
            126.6844627,
            36.5373898
          ],
          [
            126.6821037,
            36.5388111
          ],
          [
            126.6790742,
            36.5405836
          ],
          [
            126.675716,
            36.541479
          ],
          [
            126.6714165,
            36.5425812
          ],
          [
            126.6699922,
            36.5441047
          ],
          [
            126.6668808,
            36.5473607
          ],
          [
            126.6628535,
            36.5515958
          ],
          [
            126.6610162,
            36.5535404
          ],
          [
            126.6572463,
            36.5574811
          ],
          [
            126.6552883,
            36.5595386
          ],
          [
            126.6529374,
            36.5619473
          ],
          [
            126.6497335,
            36.5644054
          ],
          [
            126.6469601,
            36.5659565
          ],
          [
            126.6428778,
            36.5682529
          ],
          [
            126.6402385,
            36.569694
          ],
          [
            126.6386399,
            36.5719904
          ],
          [
            126.6371137,
            36.5747734
          ],
          [
            126.636537,
            36.5765332
          ]
        ]
      },
      "properties": {
        "osm_type": "way",
        "osm_id": 886407209,
        "sido": "충청남도",
        "power_type": "line",
        "name": "",
        "description": "",
        "voltage": "154000",
        "cables": "6",
        "circuits": "2",
        "frequency": "60",
        "operator": "",
        "wires": ""
      }
    },
    {
      "type": "Feature",
      "geometry": {
        "type": "LineString",
        "coordinates": [
          [
            126.636537,
            36.5765332
          ],
          [
            126.6356492,
            36.579146
          ],
          [
            126.6347104,
            36.5819331
          ],
          [
            126.6338736,
            36.5843518
          ],
          [
            126.6327712,
            36.5876577
          ],
          [
            126.6320899,
            36.5908257
          ],
          [
            126.6311002,
            36.5954192
          ],
          [
            126.6301104,
            36.6005765
          ],
          [
            126.6297054,
            36.6028611
          ],
          [
            126.6291717,
            36.6058476
          ],
          [
            126.6290832,
            36.6077984
          ],
          [
            126.6289008,
            36.6110936
          ],
          [
            126.6287197,
            36.6147203
          ],
          [
            126.6285521,
            36.6179948
          ],
          [
            126.6288525,
            36.6199086
          ],
          [
            126.6310063,
            36.6244272
          ],
          [
            126.632731,
            36.6262956
          ],
          [
            126.6346219,
            36.6283384
          ],
          [
            126.6372746,
            36.629575
          ],
          [
            126.64004,
            36.6308159
          ],
          [
            126.6434678,
            36.6322064
          ]
        ]
      },
      "properties": {
        "osm_type": "way",
        "osm_id": 886407219,
        "sido": "충청남도",
        "power_type": "line",
        "name": "",
        "description": "",
        "voltage": "154000",
        "cables": "6",
        "circuits": "2",
        "frequency": "60",
        "operator": "",
        "wires": ""
      }
    },
    {
      "type": "Feature",
      "geometry": {
        "type": "LineString",
        "coordinates": [
          [
            126.6434678,
            36.6322064
          ],
          [
            126.6456431,
            36.6315844
          ],
          [
            126.6497281,
            36.6304586
          ],
          [
            126.6523138,
            36.6287474
          ],
          [
            126.6566133,
            36.6287754
          ],
          [
            126.6595101,
            36.6287883
          ],
          [
            126.6620314,
            36.6277895
          ],
          [
            126.6678974,
            36.6254497
          ],
          [
            126.6689287,
            36.6241387
          ],
          [
            126.6708291,
            36.6217299
          ]
        ]
      },
      "properties": {
        "osm_type": "way",
        "osm_id": 886407220,
        "sido": "충청남도",
        "power_type": "line",
        "name": "",
        "description": "",
        "voltage": "154000",
        "cables": "12",
        "circuits": "4",
        "frequency": "60",
        "operator": "",
        "wires": ""
      }
    },
    {
      "type": "Feature",
      "geometry": {
        "type": "LineString",
        "coordinates": [
          [
            126.6708291,
            36.6217299
          ],
          [
            126.6703114,
            36.619463
          ],
          [
            126.6699493,
            36.6191745
          ]
        ]
      },
      "properties": {
        "osm_type": "way",
        "osm_id": 886407221,
        "sido": "충청남도",
        "power_type": "line",
        "name": "",
        "description": "",
        "voltage": "154000",
        "cables": "6",
        "circuits": "2",
        "frequency": "60",
        "operator": "",
        "wires": ""
      }
    },
    {
      "type": "Feature",
      "geometry": {
        "type": "LineString",
        "coordinates": [
          [
            126.6708291,
            36.6217299
          ],
          [
            126.6705555,
            36.6193446
          ],
          [
            126.6701719,
            36.6189937
          ]
        ]
      },
      "properties": {
        "osm_type": "way",
        "osm_id": 886407222,
        "sido": "충청남도",
        "power_type": "line",
        "name": "",
        "description": "",
        "voltage": "154000",
        "cables": "6",
        "circuits": "2",
        "frequency": "60",
        "operator": "",
        "wires": ""
      }
    },
    {
      "type": "Feature",
      "geometry": {
        "type": "LineString",
        "coordinates": [
          [
            127.1043907,
            36.7354697
          ],
          [
            127.106857,
            36.7374257
          ],
          [
            127.1070649,
            36.7405166
          ],
          [
            127.1088526,
            36.743069
          ],
          [
            127.1096049,
            36.7460371
          ],
          [
            127.1098021,
            36.749435
          ],
          [
            127.1074639,
            36.751301
          ],
          [
            127.1040729,
            36.7521214
          ],
          [
            127.1013987,
            36.7538653
          ],
          [
            127.1001354,
            36.7567912
          ],
          [
            127.0967638,
            36.7581364
          ],
          [
            127.0942135,
            36.7601124
          ]
        ]
      },
      "properties": {
        "osm_type": "way",
        "osm_id": 886407226,
        "sido": "충청남도",
        "power_type": "line",
        "name": "",
        "description": "",
        "voltage": "154000",
        "cables": "12",
        "circuits": "4",
        "frequency": "60",
        "operator": "",
        "wires": ""
      }
    },
    {
      "type": "Feature",
      "geometry": {
        "type": "LineString",
        "coordinates": [
          [
            126.2879947,
            36.7418073
          ],
          [
            126.2907198,
            36.7408293
          ],
          [
            126.2927958,
            36.7384456
          ],
          [
            126.2945312,
            36.737732
          ],
          [
            126.2970673,
            36.7359189
          ],
          [
            126.2986565,
            36.73467
          ],
          [
            126.300817,
            36.7328848
          ],
          [
            126.3030794,
            36.7325204
          ],
          [
            126.3067152,
            36.7319314
          ],
          [
            126.3076258,
            36.7295421
          ],
          [
            126.3073468,
            36.7272032
          ],
          [
            126.3068426,
            36.7252748
          ],
          [
            126.3068479,
            36.7209084
          ],
          [
            126.3072771,
            36.7187778
          ],
          [
            126.3047343,
            36.7175308
          ],
          [
            126.3026342,
            36.7164622
          ],
          [
            126.3022748,
            36.714168
          ],
          [
            126.3029239,
            36.7122415
          ],
          [
            126.3027334,
            36.7092441
          ],
          [
            126.3026342,
            36.7069282
          ],
          [
            126.3026637,
            36.7047542
          ],
          [
            126.3027173,
            36.7002102
          ],
          [
            126.3028041,
            36.6960163
          ],
          [
            126.3052011,
            36.6920658
          ],
          [
            126.3052762,
            36.6881943
          ],
          [
            126.3053526,
            36.6835042
          ],
          [
            126.3072181,
            36.6805025
          ],
          [
            126.3090178,
            36.6777598
          ],
          [
            126.3109517,
            36.6747911
          ],
          [
            126.313591,
            36.6723236
          ],
          [
            126.3170028,
            36.6706865
          ],
          [
            126.3203555,
            36.6691181
          ],
          [
            126.3223202,
            36.6664493
          ],
          [
            126.3238277,
            36.664486
          ],
          [
            126.3278174,
            36.6635092
          ],
          [
            126.3308215,
            36.6620311
          ],
          [
            126.3320881,
            36.6591825
          ],
          [
            126.3351908,
            36.6551457
          ],
          [
            126.3339256,
            36.652776
          ],
          [
            126.3305345,
            36.651168
          ],
          [
            126.327505,
            36.6494594
          ],
          [
            126.3232644,
            36.6477163
          ],
          [
            126.322343,
            36.6449111
          ],
          [
            126.3223028,
            36.6425632
          ],
          [
            126.3239282,
            36.6381135
          ],
          [
            126.3250038,
            36.6352585
          ],
          [
            126.3264267,
            36.6313907
          ],
          [
            126.3281152,
            36.6269716
          ],
          [
            126.3284558,
            36.6249061
          ],
          [
            126.3288808,
            36.6227819
          ],
          [
            126.328885,
            36.617194
          ],
          [
            126.3301624,
            36.6132143
          ],
          [
            126.3319239,
            36.6103541
          ],
          [
            126.3349226,
            36.604995
          ],
          [
            126.3361993,
            36.602775
          ],
          [
            126.3381118,
            36.6015713
          ],
          [
            126.3364997,
            36.598828
          ],
          [
            126.3340107,
            36.5969007
          ],
          [
            126.3342065,
            36.5950983
          ],
          [
            126.3344344,
            36.5928221
          ],
          [
            126.3346839,
            36.5908666
          ],
          [
            126.3347147,
            36.5873756
          ],
          [
            126.3347724,
            36.5845155
          ],
          [
            126.3336351,
            36.5816768
          ],
          [
            126.3327272,
            36.5791384
          ]
        ]
      },
      "properties": {
        "osm_type": "way",
        "osm_id": 887782995,
        "sido": "충청남도",
        "power_type": "line",
        "name": "",
        "description": "",
        "voltage": "154000",
        "cables": "6",
        "circuits": "2",
        "frequency": "60",
        "operator": "",
        "wires": ""
      }
    },
    {
      "type": "Feature",
      "geometry": {
        "type": "LineString",
        "coordinates": [
          [
            126.2863612,
            36.7426047
          ],
          [
            126.2870586,
            36.7420867
          ]
        ]
      },
      "properties": {
        "osm_type": "way",
        "osm_id": 887782996,
        "sido": "충청남도",
        "power_type": "line",
        "name": "",
        "description": "",
        "voltage": "154000",
        "cables": "6",
        "circuits": "2",
        "frequency": "60",
        "operator": "",
        "wires": ""
      }
    },
    {
      "type": "Feature",
      "geometry": {
        "type": "LineString",
        "coordinates": [
          [
            126.2863612,
            36.7426047
          ],
          [
            126.2870291,
            36.7418954
          ]
        ]
      },
      "properties": {
        "osm_type": "way",
        "osm_id": 887782997,
        "sido": "충청남도",
        "power_type": "line",
        "name": "",
        "description": "",
        "voltage": "154000",
        "cables": "6",
        "circuits": "2",
        "frequency": "60",
        "operator": "",
        "wires": ""
      }
    },
    {
      "type": "Feature",
      "geometry": {
        "type": "LineString",
        "coordinates": [
          [
            126.2903148,
            36.7892956
          ],
          [
            126.294727,
            36.7898863
          ],
          [
            126.2989086,
            36.7904383
          ],
          [
            126.3031197,
            36.790956
          ],
          [
            126.3059038,
            36.7912632
          ],
          [
            126.3090044,
            36.791652
          ],
          [
            126.3122526,
            36.7926293
          ],
          [
            126.3159862,
            36.7937892
          ],
          [
            126.318706,
            36.7943669
          ],
          [
            126.3239846,
            36.7955332
          ],
          [
            126.3264441,
            36.7959542
          ],
          [
            126.33021,
            36.7965964
          ],
          [
            126.3328868,
            36.7970109
          ],
          [
            126.3356629,
            36.7974749
          ],
          [
            126.3408557,
            36.8008103
          ],
          [
            126.3436827,
            36.8026359
          ],
          [
            126.3460672,
            36.8041714
          ],
          [
            126.3480681,
            36.8054804
          ],
          [
            126.3524133,
            36.8066347
          ],
          [
            126.3547575,
            36.8072403
          ],
          [
            126.3574612,
            36.8079447
          ],
          [
            126.3614067,
            36.8073949
          ],
          [
            126.3637456,
            36.8059238
          ],
          [
            126.3662615,
            36.8043003
          ],
          [
            126.3705464,
            36.8016082
          ],
          [
            126.373997,
            36.8005333
          ],
          [
            126.377838,
            36.8012162
          ],
          [
            126.3816735,
            36.8009327
          ],
          [
            126.3873102,
            36.8005011
          ],
          [
            126.3898489,
            36.8002884
          ],
          [
            126.3939875,
            36.8000028
          ],
          [
            126.3985983,
            36.7996334
          ],
          [
            126.4016533,
            36.7996012
          ],
          [
            126.405226,
            36.8011507
          ],
          [
            126.4080128,
            36.8040554
          ],
          [
            126.4098501,
            36.8059324
          ],
          [
            126.4133584,
            36.8095574
          ],
          [
            126.4154734,
            36.8116319
          ],
          [
            126.4177895,
            36.8138501
          ],
          [
            126.4220166,
            36.8146124
          ],
          [
            126.4261767,
            36.8153425
          ],
          [
            126.428411,
            36.8157354
          ],
          [
            126.4324343,
            36.8147563
          ]
        ]
      },
      "properties": {
        "osm_type": "way",
        "osm_id": 887782999,
        "sido": "충청남도",
        "power_type": "line",
        "name": "",
        "description": "",
        "voltage": "154000",
        "cables": "6",
        "circuits": "2",
        "frequency": "60",
        "operator": "",
        "wires": ""
      }
    },
    {
      "type": "Feature",
      "geometry": {
        "type": "LineString",
        "coordinates": [
          [
            126.657408,
            36.7517962
          ],
          [
            126.6533869,
            36.7503855
          ],
          [
            126.649763,
            36.751247
          ],
          [
            126.6453502,
            36.7519233
          ],
          [
            126.641405,
            36.7532067
          ],
          [
            126.6361415,
            36.7527036
          ],
          [
            126.633561,
            36.751389
          ],
          [
            126.633581,
            36.7460306
          ],
          [
            126.6309487,
            36.7435644
          ],
          [
            126.6272016,
            36.7431289
          ],
          [
            126.6236446,
            36.744191
          ],
          [
            126.6199329,
            36.7441643
          ],
          [
            126.6168038,
            36.7442279
          ],
          [
            126.6134185,
            36.7428917
          ],
          [
            126.6115808,
            36.7424046
          ],
          [
            126.6086523,
            36.741671
          ],
          [
            126.6024371,
            36.7413787
          ],
          [
            126.599543,
            36.7391731
          ],
          [
            126.5963055,
            36.7377293
          ],
          [
            126.592261,
            36.7359255
          ],
          [
            126.588924,
            36.7353008
          ],
          [
            126.584522,
            36.7341008
          ],
          [
            126.5799981,
            36.7338537
          ],
          [
            126.5751842,
            36.7338559
          ],
          [
            126.5715651,
            36.7310567
          ],
          [
            126.568824,
            36.7287292
          ],
          [
            126.5611397,
            36.7280878
          ],
          [
            126.5582106,
            36.7264123
          ],
          [
            126.5554744,
            36.7266607
          ]
        ]
      },
      "properties": {
        "osm_type": "way",
        "osm_id": 887783000,
        "sido": "충청남도",
        "power_type": "line",
        "name": "",
        "description": "",
        "voltage": "154000",
        "cables": "6",
        "circuits": "2",
        "frequency": "60",
        "operator": "",
        "wires": ""
      }
    },
    {
      "type": "Feature",
      "geometry": {
        "type": "LineString",
        "coordinates": [
          [
            126.657408,
            36.7517962
          ],
          [
            126.6561037,
            36.7537998
          ],
          [
            126.6533947,
            36.7580741
          ],
          [
            126.652472,
            36.7595203
          ],
          [
            126.6512181,
            36.761436
          ],
          [
            126.6493453,
            36.7643618
          ],
          [
            126.6471881,
            36.7677371
          ],
          [
            126.6456807,
            36.7701049
          ],
          [
            126.6443825,
            36.7729194
          ],
          [
            126.6425586,
            36.77672
          ],
          [
            126.6417539,
            36.7785375
          ],
          [
            126.6408715,
            36.7803614
          ],
          [
            126.6393533,
            36.7836869
          ],
          [
            126.6379894,
            36.7865536
          ],
          [
            126.6368481,
            36.7889949
          ],
          [
            126.6355661,
            36.7912954
          ],
          [
            126.6340104,
            36.7937687
          ],
          [
            126.6325727,
            36.7954602
          ],
          [
            126.6305195,
            36.7971946
          ],
          [
            126.6270956,
            36.7998696
          ],
          [
            126.6245368,
            36.8023867
          ],
          [
            126.6216642,
            36.8050347
          ],
          [
            126.6197652,
            36.8069203
          ],
          [
            126.6171098,
            36.809551
          ],
          [
            126.6152537,
            36.8113763
          ],
          [
            126.6122013,
            36.8132488
          ],
          [
            126.609208,
            36.8151385
          ],
          [
            126.6062307,
            36.8170238
          ],
          [
            126.6041654,
            36.8182284
          ],
          [
            126.6011479,
            36.819171
          ],
          [
            126.5988252,
            36.8190873
          ],
          [
            126.5961832,
            36.8189756
          ],
          [
            126.5926078,
            36.8188661
          ],
          [
            126.5892738,
            36.8182821
          ],
          [
            126.5862027,
            36.8184216
          ],
          [
            126.5829197,
            36.8185762
          ],
          [
            126.5799639,
            36.8186879
          ],
          [
            126.5768498,
            36.8188253
          ],
          [
            126.5735453,
            36.8185741
          ],
          [
            126.5699726,
            36.818252
          ],
          [
            126.5664643,
            36.8189563
          ],
          [
            126.5633583,
            36.8195618
          ],
          [
            126.5598339,
            36.8202102
          ],
          [
            126.556921,
            36.8207685
          ],
          [
            126.5530533,
            36.8214899
          ],
          [
            126.5501618,
            36.8220525
          ],
          [
            126.5478873,
            36.8224561
          ],
          [
            126.5430486,
            36.823345
          ],
          [
            126.5404683,
            36.823826
          ],
          [
            126.5365845,
            36.823929
          ],
          [
            126.5320945,
            36.8240536
          ],
          [
            126.5295839,
            36.8241051
          ],
          [
            126.5262741,
            36.8241781
          ],
          [
            126.5235114,
            36.8242404
          ],
          [
            126.5203732,
            36.8245388
          ],
          [
            126.516956,
            36.8248265
          ],
          [
            126.5131071,
            36.8260482
          ],
          [
            126.5093762,
            36.8271367
          ],
          [
            126.5063587,
            36.8260503
          ],
          [
            126.5033707,
            36.8250069
          ],
          [
            126.500034,
            36.8238625
          ],
          [
            126.4965767,
            36.8226751
          ],
          [
            126.4937255,
            36.8205044
          ],
          [
            126.4913705,
            36.8187158
          ],
          [
            126.4883557,
            36.8164215
          ],
          [
            126.4851424,
            36.8149517
          ],
          [
            126.4817213,
            36.8134249
          ],
          [
            126.4777543,
            36.8116855
          ],
          [
            126.4725226,
            36.8093685
          ],
          [
            126.4693898,
            36.8079554
          ],
          [
            126.4670348,
            36.8057843
          ],
          [
            126.4641675,
            36.8031728
          ],
          [
            126.4627305,
            36.8005236
          ],
          [
            126.4637357,
            36.7975285
          ],
          [
            126.4644589,
            36.7971307
          ]
        ]
      },
      "properties": {
        "osm_type": "way",
        "osm_id": 887783003,
        "sido": "충청남도",
        "power_type": "line",
        "name": "",
        "description": "",
        "voltage": "154000",
        "cables": "6",
        "circuits": "2",
        "frequency": "60",
        "operator": "",
        "wires": ""
      }
    },
    {
      "type": "Feature",
      "geometry": {
        "type": "LineString",
        "coordinates": [
          [
            127.1148309,
            36.7629627
          ],
          [
            127.1134901,
            36.7649095
          ],
          [
            127.1127498,
            36.7668304
          ],
          [
            127.1117037,
            36.7695333
          ],
          [
            127.1104351,
            36.7721008
          ],
          [
            127.1095419,
            36.775373
          ],
          [
            127.1095419,
            36.7803872
          ],
          [
            127.1085092,
            36.7826429
          ],
          [
            127.108351,
            36.7839017
          ]
        ]
      },
      "properties": {
        "osm_type": "way",
        "osm_id": 889488137,
        "sido": "충청남도",
        "power_type": "line",
        "name": "",
        "description": "",
        "voltage": "154000",
        "cables": "12",
        "circuits": "4",
        "frequency": "60",
        "operator": "",
        "wires": ""
      }
    },
    {
      "type": "Feature",
      "geometry": {
        "type": "LineString",
        "coordinates": [
          [
            126.8769355,
            36.8366644
          ],
          [
            126.8773432,
            36.8402708
          ],
          [
            126.8773701,
            36.8444521
          ],
          [
            126.8786337,
            36.8465989
          ],
          [
            126.8786522,
            36.8468561
          ],
          [
            126.8788011,
            36.8468449
          ]
        ]
      },
      "properties": {
        "osm_type": "way",
        "osm_id": 889488138,
        "sido": "충청남도",
        "power_type": "line",
        "name": "",
        "description": "",
        "voltage": "154000",
        "cables": "12",
        "circuits": "4",
        "frequency": "60",
        "operator": "",
        "wires": ""
      }
    },
    {
      "type": "Feature",
      "geometry": {
        "type": "LineString",
        "coordinates": [
          [
            126.8769355,
            36.8366644
          ],
          [
            126.8786039,
            36.8345345
          ],
          [
            126.8802025,
            36.8325852
          ],
          [
            126.8796016,
            36.8299832
          ],
          [
            126.8788292,
            36.8261187
          ],
          [
            126.8786253,
            36.8240147
          ],
          [
            126.8783893,
            36.8213179
          ],
          [
            126.8780889,
            36.8183806
          ],
          [
            126.8777563,
            36.8156063
          ],
          [
            126.8775203,
            36.8132271
          ],
          [
            126.8773271,
            36.8106588
          ],
          [
            126.877016,
            36.8074462
          ],
          [
            126.8791832,
            36.8054962
          ],
          [
            126.8814577,
            36.8044826
          ],
          [
            126.883582,
            36.8034431
          ],
          [
            126.8864681,
            36.8013985
          ],
          [
            126.889226,
            36.7998728
          ],
          [
            126.8914897,
            36.7983178
          ],
          [
            126.8937852,
            36.7971374
          ],
          [
            126.8960919,
            36.7959432
          ],
          [
            126.8966712,
            36.7933915
          ],
          [
            126.8996324,
            36.7911405
          ],
          [
            126.9019284,
            36.7913123
          ],
          [
            126.906016,
            36.7913467
          ],
          [
            126.909203,
            36.7902504
          ],
          [
            126.9146313,
            36.7881504
          ],
          [
            126.9162621,
            36.7868616
          ],
          [
            126.9189119,
            36.7871497
          ],
          [
            126.921283,
            36.7871325
          ],
          [
            126.922887,
            36.7886276
          ],
          [
            126.9238204,
            36.7899465
          ]
        ]
      },
      "properties": {
        "osm_type": "way",
        "osm_id": 889488139,
        "sido": "충청남도",
        "power_type": "line",
        "name": "",
        "description": "",
        "voltage": "154000",
        "cables": "12",
        "circuits": "4",
        "frequency": "60",
        "operator": "",
        "wires": ""
      }
    },
    {
      "type": "Feature",
      "geometry": {
        "type": "LineString",
        "coordinates": [
          [
            126.5816885,
            36.8520718
          ],
          [
            126.5829599,
            36.8507025
          ],
          [
            126.5866774,
            36.8493159
          ],
          [
            126.5905184,
            36.8479508
          ],
          [
            126.5955287,
            36.8461479
          ],
          [
            126.5998256,
            36.8445724
          ],
          [
            126.6038758,
            36.8444951
          ],
          [
            126.6074377,
            36.8444779
          ],
          [
            126.6116542,
            36.8443792
          ],
          [
            126.6139233,
            36.8428423
          ],
          [
            126.6186355,
            36.8418342
          ]
        ]
      },
      "properties": {
        "osm_type": "way",
        "osm_id": 889931841,
        "sido": "충청남도",
        "power_type": "line",
        "name": "",
        "description": "",
        "voltage": "345000",
        "cables": "6",
        "circuits": "2",
        "frequency": "60",
        "operator": "",
        "wires": ""
      }
    },
    {
      "type": "Feature",
      "geometry": {
        "type": "LineString",
        "coordinates": [
          [
            126.7011246,
            36.9016045
          ],
          [
            126.7036271,
            36.901582
          ]
        ]
      },
      "properties": {
        "osm_type": "way",
        "osm_id": 889931843,
        "sido": "충청남도",
        "power_type": "line",
        "name": "",
        "description": "",
        "voltage": "154000",
        "cables": "6",
        "circuits": "2",
        "frequency": "60",
        "operator": "",
        "wires": ""
      }
    },
    {
      "type": "Feature",
      "geometry": {
        "type": "LineString",
        "coordinates": [
          [
            126.6880488,
            36.8853532
          ],
          [
            126.6880917,
            36.8840874
          ],
          [
            126.687212,
            36.8820793
          ],
          [
            126.6869062,
            36.8783419
          ],
          [
            126.68549,
            36.8768529
          ],
          [
            126.6871691,
            36.8746901
          ],
          [
            126.6877323,
            36.8717248
          ],
          [
            126.6905647,
            36.8693258
          ],
          [
            126.6934079,
            36.8682186
          ],
          [
            126.6935956,
            36.8661543
          ],
          [
            126.6926837,
            36.8618152
          ],
          [
            126.6923028,
            36.8599568
          ],
          [
            126.689398,
            36.8578149
          ],
          [
            126.6885906,
            36.8553598
          ],
          [
            126.6874105,
            36.8519731
          ],
          [
            126.6864127,
            36.8499985
          ],
          [
            126.6840577,
            36.8491313
          ],
          [
            126.681692,
            36.8470665
          ],
          [
            126.6818315,
            36.8443491
          ],
          [
            126.682325,
            36.8418119
          ],
          [
            126.6816169,
            36.8380382
          ],
          [
            126.6806728,
            36.8361191
          ],
          [
            126.6783178,
            36.8338392
          ],
          [
            126.6785377,
            36.8317611
          ],
          [
            126.6774741,
            36.829692
          ]
        ]
      },
      "properties": {
        "osm_type": "way",
        "osm_id": 889931844,
        "sido": "충청남도",
        "power_type": "line",
        "name": "",
        "description": "",
        "voltage": "154000",
        "cables": "6",
        "circuits": "2",
        "frequency": "60",
        "operator": "",
        "wires": ""
      }
    },
    {
      "type": "Feature",
      "geometry": {
        "type": "LineString",
        "coordinates": [
          [
            126.7681128,
            36.9629854
          ],
          [
            126.7665705,
            36.9625439
          ]
        ]
      },
      "properties": {
        "osm_type": "way",
        "osm_id": 889931846,
        "sido": "충청남도",
        "power_type": "line",
        "name": "",
        "description": "",
        "voltage": "154000",
        "cables": "6",
        "circuits": "2",
        "frequency": "60",
        "operator": "",
        "wires": ""
      }
    },
    {
      "type": "Feature",
      "geometry": {
        "type": "LineString",
        "coordinates": [
          [
            126.7679733,
            36.9631526
          ],
          [
            126.7665705,
            36.9625439
          ]
        ]
      },
      "properties": {
        "osm_type": "way",
        "osm_id": 889931847,
        "sido": "충청남도",
        "power_type": "line",
        "name": "",
        "description": "",
        "voltage": "154000",
        "cables": "6",
        "circuits": "2",
        "frequency": "60",
        "operator": "",
        "wires": ""
      }
    },
    {
      "type": "Feature",
      "geometry": {
        "type": "LineString",
        "coordinates": [
          [
            126.7665705,
            36.9625439
          ],
          [
            126.7642182,
            36.9614016
          ],
          [
            126.760388,
            36.9621817
          ],
          [
            126.7578345,
            36.9618174
          ],
          [
            126.7541385,
            36.9627604
          ],
          [
            126.7507696,
            36.9629018
          ],
          [
            126.7484468,
            36.9605615
          ],
          [
            126.7461187,
            36.9595027
          ],
          [
            126.7414999,
            36.957921
          ],
          [
            126.739792,
            36.9560895
          ],
          [
            126.7378575,
            36.9540844
          ],
          [
            126.7375088,
            36.9513257
          ],
          [
            126.737195,
            36.9489872
          ],
          [
            126.7377153,
            36.9466668
          ],
          [
            126.738371,
            36.9429657
          ],
          [
            126.7389249,
            36.9398938
          ],
          [
            126.7383891,
            36.9377693
          ],
          [
            126.7385226,
            36.9344183
          ],
          [
            126.7371279,
            36.9322529
          ],
          [
            126.7344859,
            36.9311337
          ],
          [
            126.7297679,
            36.9293155
          ],
          [
            126.7300576,
            36.9280634
          ],
          [
            126.7290974,
            36.9265496
          ],
          [
            126.7286575,
            36.9240237
          ],
          [
            126.7283624,
            36.9221539
          ],
          [
            126.7275363,
            36.9187959
          ],
          [
            126.724382,
            36.9171404
          ],
          [
            126.7226574,
            36.9161325
          ],
          [
            126.7202353,
            36.9145756
          ],
          [
            126.7166519,
            36.9141724
          ],
          [
            126.7153752,
            36.9129414
          ],
          [
            126.7132991,
            36.9100462
          ],
          [
            126.7119312,
            36.907597
          ],
          [
            126.7103702,
            36.9075884
          ],
          [
            126.7062825,
            36.9071981
          ],
          [
            126.7039651,
            36.9056153
          ],
          [
            126.7008349,
            36.9030908
          ],
          [
            126.7011246,
            36.9016045
          ]
        ]
      },
      "properties": {
        "osm_type": "way",
        "osm_id": 889931848,
        "sido": "충청남도",
        "power_type": "line",
        "name": "",
        "description": "",
        "voltage": "154000",
        "cables": "12",
        "circuits": "4",
        "frequency": "60",
        "operator": "",
        "wires": ""
      }
    },
    {
      "type": "Feature",
      "geometry": {
        "type": "LineString",
        "coordinates": [
          [
            126.7212546,
            36.9655443
          ],
          [
            126.7256212,
            36.962216
          ],
          [
            126.7297786,
            36.9618431
          ],
          [
            126.7338234,
            36.961333
          ],
          [
            126.7389384,
            36.9620017
          ],
          [
            126.7461964,
            36.9605272
          ],
          [
            126.7495573,
            36.9636734
          ],
          [
            126.7542779,
            36.9633133
          ],
          [
            126.7603129,
            36.9628847
          ],
          [
            126.7653018,
            36.9630519
          ],
          [
            126.7684641,
            36.9636669
          ],
          [
            126.7688853,
            36.9621067
          ],
          [
            126.7704838,
            36.9602957
          ],
          [
            126.7721361,
            36.9584397
          ],
          [
            126.7765349,
            36.9603643
          ],
          [
            126.7767495,
            36.9600342
          ],
          [
            126.7780852,
            36.9582596
          ],
          [
            126.780172,
            36.9560134
          ],
          [
            126.7825592,
            36.9534328
          ]
        ]
      },
      "properties": {
        "osm_type": "way",
        "osm_id": 889931849,
        "sido": "충청남도",
        "power_type": "line",
        "name": "",
        "description": "",
        "voltage": "345000",
        "cables": "6",
        "circuits": "2",
        "frequency": "60",
        "operator": "",
        "wires": ""
      }
    },
    {
      "type": "Feature",
      "geometry": {
        "type": "LineString",
        "coordinates": [
          [
            126.9225418,
            36.7911917
          ],
          [
            126.9199832,
            36.7923578
          ],
          [
            126.9178399,
            36.7949468
          ],
          [
            126.9147846,
            36.794931
          ],
          [
            126.911693,
            36.7947834
          ],
          [
            126.9099843,
            36.7962703
          ],
          [
            126.9069652,
            36.7969874
          ],
          [
            126.9038299,
            36.7961291
          ],
          [
            126.9014618,
            36.7950059
          ],
          [
            126.8977502,
            36.7949565
          ],
          [
            126.895507,
            36.7953421
          ],
          [
            126.893476,
            36.7957359
          ],
          [
            126.8877451,
            36.794373
          ],
          [
            126.883989,
            36.7936017
          ],
          [
            126.881007,
            36.7943755
          ],
          [
            126.8779235,
            36.795316
          ],
          [
            126.8750226,
            36.796405
          ],
          [
            126.8705274,
            36.7949178
          ],
          [
            126.8669581,
            36.7946013
          ],
          [
            126.8628377,
            36.7947407
          ],
          [
            126.8609642,
            36.7962364
          ],
          [
            126.8546768,
            36.794177
          ],
          [
            126.8512892,
            36.7930621
          ],
          [
            126.8483007,
            36.7923022
          ],
          [
            126.8445407,
            36.7913506
          ],
          [
            126.8409757,
            36.7904486
          ],
          [
            126.8376502,
            36.7901007
          ],
          [
            126.8344577,
            36.7881973
          ],
          [
            126.831416,
            36.7863792
          ],
          [
            126.8278777,
            36.7859247
          ],
          [
            126.8240821,
            36.7854417
          ],
          [
            126.8204551,
            36.7849588
          ],
          [
            126.8169168,
            36.7836235
          ],
          [
            126.8134671,
            36.7844758
          ],
          [
            126.8093701,
            36.7841633
          ],
          [
            126.8061421,
            36.7839431
          ],
          [
            126.8032009,
            36.783702
          ],
          [
            126.7993122,
            36.7842626
          ],
          [
            126.7955961,
            36.7848044
          ],
          [
            126.7918361,
            36.7853796
          ],
          [
            126.7878189,
            36.7859478
          ],
          [
            126.7838194,
            36.7865444
          ],
          [
            126.7799707,
            36.7872972
          ],
          [
            126.7761752,
            36.7879506
          ],
          [
            126.7728142,
            36.7884904
          ],
          [
            126.7687526,
            36.7888029
          ],
          [
            126.7651433,
            36.7875955
          ],
          [
            126.7616848,
            36.7864663
          ],
          [
            126.7579726,
            36.7868047
          ],
          [
            126.7549717,
            36.7871623
          ],
          [
            126.7530385,
            36.785962
          ],
          [
            126.7524326,
            36.7862647
          ]
        ]
      },
      "properties": {
        "osm_type": "way",
        "osm_id": 889931860,
        "sido": "충청남도",
        "power_type": "line",
        "name": "",
        "description": "",
        "voltage": "345000",
        "cables": "6",
        "circuits": "2",
        "frequency": "60",
        "operator": "",
        "wires": ""
      }
    },
    {
      "type": "Feature",
      "geometry": {
        "type": "LineString",
        "coordinates": [
          [
            126.433695,
            36.9742683
          ],
          [
            126.4357898,
            36.9707861
          ],
          [
            126.4371014,
            36.9682938
          ],
          [
            126.4384907,
            36.9658165
          ],
          [
            126.441586,
            36.9620832
          ],
          [
            126.4409637,
            36.958131
          ],
          [
            126.4400303,
            36.9530813
          ],
          [
            126.4411354,
            36.9518638
          ],
          [
            126.4462101,
            36.9491801
          ],
          [
            126.4517784,
            36.9477482
          ],
          [
            126.4533555,
            36.945879
          ],
          [
            126.4546001,
            36.944207
          ],
          [
            126.4575076,
            36.9406141
          ],
          [
            126.4609301,
            36.937587
          ],
          [
            126.4632717,
            36.9333956
          ],
          [
            126.4649105,
            36.9294871
          ],
          [
            126.4666754,
            36.9253188
          ],
          [
            126.4675578,
            36.923196
          ],
          [
            126.4699906,
            36.9183498
          ],
          [
            126.468569,
            36.916823
          ],
          [
            126.4647201,
            36.9142453
          ],
          [
            126.4628559,
            36.9125125
          ],
          [
            126.4597955,
            36.9109105
          ],
          [
            126.4562067,
            36.9090382
          ],
          [
            126.4544713,
            36.9081503
          ],
          [
            126.4511239,
            36.9074426
          ],
          [
            126.4485759,
            36.9066104
          ],
          [
            126.4443487,
            36.9058062
          ],
          [
            126.4413205,
            36.9052142
          ],
          [
            126.4397514,
            36.9042748
          ],
          [
            126.4381206,
            36.903301
          ],
          [
            126.4359507,
            36.901568
          ],
          [
            126.433408,
            36.8990542
          ],
          [
            126.4312193,
            36.8969178
          ],
          [
            126.4279845,
            36.8947942
          ],
          [
            126.4246425,
            36.8925804
          ],
          [
            126.4229152,
            36.8909909
          ],
          [
            126.4247065,
            36.8882813
          ],
          [
            126.4281642,
            36.8835296
          ],
          [
            126.4272952,
            36.8807373
          ],
          [
            126.426343,
            36.8776296
          ],
          [
            126.4269546,
            36.8756513
          ],
          [
            126.4274079,
            36.8718106
          ],
          [
            126.425828,
            36.8700919
          ],
          [
            126.4238244,
            36.8679396
          ],
          [
            126.4220703,
            36.8660492
          ],
          [
            126.420359,
            36.8641972
          ],
          [
            126.4218664,
            36.8609225
          ],
          [
            126.4209947,
            36.8583279
          ],
          [
            126.4205736,
            36.8562226
          ],
          [
            126.4214319,
            36.8524238
          ],
          [
            126.4211637,
            36.8496851
          ],
          [
            126.4197153,
            36.8472726
          ],
          [
            126.4200479,
            36.8441474
          ],
          [
            126.4226389,
            36.8411637
          ],
          [
            126.4240926,
            36.8389419
          ],
          [
            126.4253694,
            36.8370615
          ],
          [
            126.4269304,
            36.8346528
          ],
          [
            126.428698,
            36.8318319
          ],
          [
            126.4303529,
            36.8291763
          ],
          [
            126.4301866,
            36.8274888
          ],
          [
            126.429913,
            36.8240665
          ],
          [
            126.4298165,
            36.8228254
          ],
          [
            126.4299506,
            36.818471
          ],
          [
            126.4307123,
            36.8171913
          ],
          [
            126.4324343,
            36.8147563
          ]
        ]
      },
      "properties": {
        "osm_type": "way",
        "osm_id": 890073072,
        "sido": "충청남도",
        "power_type": "line",
        "name": "",
        "description": "",
        "voltage": "154000",
        "cables": "6",
        "circuits": "2",
        "frequency": "60",
        "operator": "",
        "wires": ""
      }
    },
    {
      "type": "Feature",
      "geometry": {
        "type": "LineString",
        "coordinates": [
          [
            126.4628023,
            36.7979108
          ],
          [
            126.460804,
            36.8013365
          ],
          [
            126.4563703,
            36.8039416
          ],
          [
            126.454407,
            36.8052302
          ],
          [
            126.4524972,
            36.8083763
          ],
          [
            126.4519715,
            36.8102468
          ],
          [
            126.4510542,
            36.8125617
          ],
          [
            126.4500189,
            36.815336
          ],
          [
            126.4491016,
            36.8179213
          ],
          [
            126.4475378,
            36.8197615
          ],
          [
            126.4459982,
            36.8212194
          ],
          [
            126.4433616,
            36.8237444
          ],
          [
            126.4414197,
            36.825681
          ],
          [
            126.43929,
            36.8277421
          ],
          [
            126.4374125,
            36.8290732
          ],
          [
            126.4378524,
            36.8295928
          ],
          [
            126.4340866,
            36.8315078
          ],
          [
            126.4317048,
            36.8331737
          ],
          [
            126.4297736,
            36.8346893
          ],
          [
            126.4277297,
            36.8361663
          ],
          [
            126.426968,
            36.8394249
          ],
          [
            126.426276,
            36.8419536
          ],
          [
            126.4243662,
            36.8445123
          ],
          [
            126.4247954,
            36.846985
          ],
          [
            126.4237493,
            36.8498096
          ],
          [
            126.4225531,
            36.8529603
          ],
          [
            126.4232075,
            36.8545958
          ],
          [
            126.4238298,
            36.8560895
          ],
          [
            126.4247525,
            36.8582914
          ],
          [
            126.425482,
            36.8605491
          ],
          [
            126.4262491,
            36.8622058
          ],
          [
            126.4270377,
            36.8643389
          ],
          [
            126.4273435,
            36.8673174
          ],
          [
            126.4275473,
            36.8698494
          ],
          [
            126.4281347,
            36.8718514
          ],
          [
            126.428749,
            36.8742095
          ],
          [
            126.4294034,
            36.8767263
          ],
          [
            126.4303181,
            36.8801012
          ],
          [
            126.4309591,
            36.882502
          ],
          [
            126.4316216,
            36.8852523
          ],
          [
            126.4315706,
            36.8886505
          ],
          [
            126.4319864,
            36.8908042
          ],
          [
            126.4316873,
            36.8939319
          ],
          [
            126.4322184,
            36.896477
          ],
          [
            126.4332497,
            36.9015101
          ],
          [
            126.4337701,
            36.9040496
          ],
          [
            126.4308558,
            36.9080742
          ],
          [
            126.4289018,
            36.9108119
          ],
          [
            126.4278129,
            36.9139848
          ],
          [
            126.4289729,
            36.9168584
          ],
          [
            126.4277458,
            36.9207965
          ],
          [
            126.4259876,
            36.9262001
          ],
          [
            126.4256577,
            36.9281137
          ],
          [
            126.4250636,
            36.9314564
          ],
          [
            126.423701,
            36.9351687
          ],
          [
            126.4219201,
            36.936365
          ],
          [
            126.4185727,
            36.9385989
          ],
          [
            126.4150965,
            36.9408928
          ],
          [
            126.413632,
            36.9418692
          ],
          [
            126.4098716,
            36.9460677
          ],
          [
            126.4078157,
            36.9485456
          ],
          [
            126.4061004,
            36.9506549
          ],
          [
            126.4024848,
            36.9533171
          ],
          [
            126.4029622,
            36.9557305
          ],
          [
            126.4036113,
            36.9579639
          ],
          [
            126.4048183,
            36.961766
          ],
          [
            126.4054888,
            36.9638148
          ],
          [
            126.4063203,
            36.9662879
          ],
          [
            126.4078921,
            36.9704454
          ],
          [
            126.4085359,
            36.9732354
          ],
          [
            126.4092922,
            36.9770839
          ],
          [
            126.4132324,
            36.9790231
          ],
          [
            126.4144447,
            36.9772982
          ]
        ]
      },
      "properties": {
        "osm_type": "way",
        "osm_id": 890073075,
        "sido": "충청남도",
        "power_type": "line",
        "name": "",
        "description": "",
        "voltage": "154000",
        "cables": "6",
        "circuits": "2",
        "frequency": "60",
        "operator": "",
        "wires": ""
      }
    },
    {
      "type": "Feature",
      "geometry": {
        "type": "LineString",
        "coordinates": [
          [
            126.4126772,
            36.9900336
          ],
          [
            126.4094961,
            36.9904406
          ],
          [
            126.4031768,
            36.9897679
          ],
          [
            126.4011544,
            36.9887953
          ],
          [
            126.3999796,
            36.9897508
          ],
          [
            126.3950872,
            36.994074
          ],
          [
            126.3917828,
            36.9949009
          ],
          [
            126.3870808,
            36.9970796
          ],
          [
            126.3833123,
            36.9963748
          ],
          [
            126.3821188,
            36.9950659
          ],
          [
            126.3802868,
            36.9944425
          ],
          [
            126.377559,
            36.9931593
          ],
          [
            126.3755983,
            36.9933157
          ],
          [
            126.3745683,
            36.9934356
          ],
          [
            126.3730931,
            36.9929815
          ],
          [
            126.370883,
            36.992598
          ],
          [
            126.3701722,
            36.9924887
          ],
          [
            126.3683858,
            36.9923902
          ],
          [
            126.3665807,
            36.9925551
          ],
          [
            126.3646576,
            36.9928122
          ],
          [
            126.3643024,
            36.9943244
          ],
          [
            126.3639173,
            36.9959635
          ],
          [
            126.3636383,
            36.997221
          ]
        ]
      },
      "properties": {
        "osm_type": "way",
        "osm_id": 890073077,
        "sido": "충청남도",
        "power_type": "line",
        "name": "",
        "description": "",
        "voltage": "154000",
        "cables": "12",
        "circuits": "4",
        "frequency": "60",
        "operator": "",
        "wires": ""
      }
    },
    {
      "type": "Feature",
      "geometry": {
        "type": "LineString",
        "coordinates": [
          [
            126.411092,
            37.0104735
          ],
          [
            126.4120817,
            37.0090899
          ],
          [
            126.4111376,
            37.0059156
          ],
          [
            126.4115453,
            37.0016959
          ],
          [
            126.4129293,
            37.0001428
          ],
          [
            126.4130634,
            36.9991489
          ],
          [
            126.4147693,
            36.9968204
          ],
          [
            126.4131466,
            36.9940762
          ],
          [
            126.41316,
            36.9899329
          ],
          [
            126.4120549,
            36.9860915
          ],
          [
            126.4114809,
            36.983709
          ],
          [
            126.4120603,
            36.9815578
          ],
          [
            126.4149355,
            36.978196
          ]
        ]
      },
      "properties": {
        "osm_type": "way",
        "osm_id": 890073078,
        "sido": "충청남도",
        "power_type": "line",
        "name": "",
        "description": "",
        "voltage": "154000",
        "cables": "6",
        "circuits": "2",
        "frequency": "60",
        "operator": "",
        "wires": ""
      }
    },
    {
      "type": "Feature",
      "geometry": {
        "type": "LineString",
        "coordinates": [
          [
            126.4225209,
            37.0034373
          ],
          [
            126.4223117,
            37.0027433
          ],
          [
            126.4203751,
            37.0013767
          ],
          [
            126.4206487,
            36.9977758
          ],
          [
            126.4208284,
            36.9950916
          ],
          [
            126.4203456,
            36.9924352
          ],
          [
            126.419608,
            36.9884653
          ],
          [
            126.4176339,
            36.9866657
          ],
          [
            126.4150214,
            36.9847803
          ],
          [
            126.412822,
            36.9819092
          ],
          [
            126.4151743,
            36.9783696
          ]
        ]
      },
      "properties": {
        "osm_type": "way",
        "osm_id": 890073079,
        "sido": "충청남도",
        "power_type": "line",
        "name": "",
        "description": "",
        "voltage": "154000",
        "cables": "6",
        "circuits": "2",
        "frequency": "60",
        "operator": "",
        "wires": ""
      }
    },
    {
      "type": "Feature",
      "geometry": {
        "type": "LineString",
        "coordinates": [
          [
            127.520172,
            36.1154475
          ],
          [
            127.5216714,
            36.1174907
          ],
          [
            127.5232592,
            36.1196856
          ],
          [
            127.5251985,
            36.1223137
          ],
          [
            127.5263303,
            36.1253425
          ],
          [
            127.5270385,
            36.1272534
          ],
          [
            127.5277546,
            36.1311399
          ],
          [
            127.5280631,
            36.1328101
          ],
          [
            127.5284868,
            36.135128
          ],
          [
            127.5277278,
            36.1368869
          ],
          [
            127.5268507,
            36.1389665
          ],
          [
            127.526215,
            36.1405044
          ],
          [
            127.5251985,
            36.1429607
          ],
          [
            127.5236455,
            36.1460948
          ],
          [
            127.5224599,
            36.148447
          ],
          [
            127.5206038,
            36.1522567
          ],
          [
            127.519134,
            36.1552627
          ],
          [
            127.5179806,
            36.1577596
          ],
          [
            127.5166422,
            36.1607286
          ],
          [
            127.5154889,
            36.1633034
          ],
          [
            127.5143704,
            36.1658521
          ],
          [
            127.5130749,
            36.1687666
          ],
          [
            127.5121736,
            36.170763
          ],
          [
            127.5104973,
            36.1744677
          ],
          [
            127.509293,
            36.1771719
          ],
          [
            127.5084561,
            36.1802332
          ],
          [
            127.508204,
            36.1818678
          ],
          [
            127.5078392,
            36.1842059
          ],
          [
            127.5075549,
            36.1859637
          ],
          [
            127.5082013,
            36.1883363
          ],
          [
            127.5092822,
            36.1923648
          ],
          [
            127.5097087,
            36.1938887
          ],
          [
            127.5108781,
            36.1981313
          ],
          [
            127.5120288,
            36.2023497
          ],
          [
            127.5127611,
            36.2050335
          ],
          [
            127.5132599,
            36.2068363
          ],
          [
            127.5139654,
            36.2093858
          ],
          [
            127.5139144,
            36.2117296
          ],
          [
            127.5138018,
            36.2158867
          ],
          [
            127.5137374,
            36.218213
          ],
          [
            127.5136435,
            36.2219543
          ],
          [
            127.5135577,
            36.2246071
          ],
          [
            127.5135013,
            36.2271484
          ],
          [
            127.5134289,
            36.2296658
          ],
          [
            127.5133578,
            36.2324384
          ],
          [
            127.5133109,
            36.2353354
          ],
          [
            127.5132479,
            36.2385891
          ],
          [
            127.5116855,
            36.2412035
          ],
          [
            127.5108057,
            36.2428498
          ],
          [
            127.5093654,
            36.245915
          ],
          [
            127.5076222,
            36.2495245
          ]
        ]
      },
      "properties": {
        "osm_type": "way",
        "osm_id": 890587113,
        "sido": "충청남도",
        "power_type": "line",
        "name": "",
        "description": "",
        "voltage": "154000",
        "cables": "6",
        "circuits": "2",
        "frequency": "60",
        "operator": "",
        "wires": ""
      }
    },
    {
      "type": "Feature",
      "geometry": {
        "type": "LineString",
        "coordinates": [
          [
            127.5348112,
            36.292461
          ],
          [
            127.5346998,
            36.290954
          ],
          [
            127.5343782,
            36.2869778
          ],
          [
            127.5342654,
            36.2851605
          ],
          [
            127.5339492,
            36.2797859
          ],
          [
            127.5330144,
            36.27764
          ],
          [
            127.5316559,
            36.2745666
          ],
          [
            127.5299844,
            36.2708569
          ],
          [
            127.5286057,
            36.2674894
          ],
          [
            127.5273545,
            36.2647905
          ],
          [
            127.5273258,
            36.2604991
          ],
          [
            127.5272367,
            36.2565271
          ],
          [
            127.527261,
            36.2550539
          ],
          [
            127.5272756,
            36.2535885
          ],
          [
            127.5267314,
            36.2495409
          ],
          [
            127.5265078,
            36.2469946
          ],
          [
            127.526026,
            36.242186
          ],
          [
            127.5256479,
            36.237433
          ],
          [
            127.5252838,
            36.2330239
          ],
          [
            127.5251085,
            36.2313639
          ],
          [
            127.5247787,
            36.2277305
          ],
          [
            127.5243767,
            36.2230187
          ],
          [
            127.5238284,
            36.2170972
          ],
          [
            127.5231812,
            36.2102851
          ],
          [
            127.5229562,
            36.2077598
          ],
          [
            127.5227502,
            36.2055092
          ],
          [
            127.5235442,
            36.2009612
          ],
          [
            127.5242906,
            36.1975966
          ],
          [
            127.526231,
            36.1903504
          ],
          [
            127.5268066,
            36.1881136
          ],
          [
            127.5302416,
            36.1751102
          ],
          [
            127.5309716,
            36.1723976
          ],
          [
            127.53218,
            36.167867
          ],
          [
            127.5329884,
            36.1638004
          ],
          [
            127.5335108,
            36.1614685
          ],
          [
            127.5342058,
            36.1583685
          ],
          [
            127.5347578,
            36.1556584
          ],
          [
            127.5355398,
            36.151624
          ],
          [
            127.5361635,
            36.1488272
          ],
          [
            127.5371646,
            36.1442167
          ],
          [
            127.5376529,
            36.1417815
          ],
          [
            127.5384791,
            36.1391556
          ],
          [
            127.538943,
            36.1376931
          ],
          [
            127.5398749,
            36.1347416
          ],
          [
            127.5408109,
            36.1317507
          ],
          [
            127.5419888,
            36.1280587
          ],
          [
            127.5429786,
            36.1248918
          ],
          [
            127.5429856,
            36.1229577
          ],
          [
            127.5430204,
            36.1200299
          ],
          [
            127.5430099,
            36.1170343
          ],
          [
            127.5430065,
            36.1139063
          ],
          [
            127.5429916,
            36.1117606
          ],
          [
            127.5430363,
            36.1056288
          ],
          [
            127.5430407,
            36.1012395
          ],
          [
            127.5430528,
            36.0971755
          ],
          [
            127.5430861,
            36.0928881
          ],
          [
            127.5430914,
            36.0878206
          ],
          [
            127.5431129,
            36.0850375
          ],
          [
            127.5431504,
            36.082536
          ],
          [
            127.5431343,
            36.0778233
          ],
          [
            127.5431558,
            36.0737868
          ],
          [
            127.5433811,
            36.0696242
          ],
          [
            127.5436279,
            36.0658832
          ],
          [
            127.5439444,
            36.0613072
          ],
          [
            127.5441911,
            36.0579854
          ],
          [
            127.5445076,
            36.0538133
          ],
          [
            127.5448134,
            36.0493765
          ],
          [
            127.5450548,
            36.0460542
          ],
          [
            127.5455805,
            36.0420116
          ],
          [
            127.5460746,
            36.0379512
          ],
          [
            127.5465361,
            36.0339405
          ],
          [
            127.5467748,
            36.0321359
          ],
          [
            127.546159,
            36.0266442
          ],
          [
            127.5457246,
            36.0232678
          ],
          [
            127.5455691,
            36.0220593
          ],
          [
            127.5452276,
            36.0189996
          ],
          [
            127.5447769,
            36.0148705
          ],
          [
            127.544418,
            36.011841
          ],
          [
            127.5440113,
            36.0084295
          ],
          [
            127.5435681,
            36.0045661
          ],
          [
            127.5433957,
            36.0026958
          ],
          [
            127.5428555,
            35.997826
          ],
          [
            127.5437741,
            35.9956869
          ],
          [
            127.5454915,
            35.9917445
          ],
          [
            127.5466258,
            35.9891075
          ],
          [
            127.5479957,
            35.9859501
          ],
          [
            127.5487546,
            35.9841726
          ],
          [
            127.5500646,
            35.9811217
          ],
          [
            127.5513028,
            35.9783227
          ],
          [
            127.552437,
            35.9756982
          ],
          [
            127.5549772,
            35.972188
          ],
          [
            127.5575364,
            35.9685875
          ],
          [
            127.5597755,
            35.9643536
          ],
          [
            127.5613688,
            35.9613042
          ],
          [
            127.5645764,
            35.955678
          ],
          [
            127.5655939,
            35.9538947
          ],
          [
            127.5667174,
            35.9518073
          ],
          [
            127.5681795,
            35.9492203
          ],
          [
            127.5706573,
            35.9448505
          ],
          [
            127.5722202,
            35.9406867
          ],
          [
            127.5735333,
            35.9372431
          ],
          [
            127.5744705,
            35.9347585
          ],
          [
            127.5751937,
            35.9328208
          ],
          [
            127.5765782,
            35.9290956
          ],
          [
            127.5773061,
            35.9272194
          ],
          [
            127.5781196,
            35.9250003
          ],
          [
            127.5791616,
            35.9217948
          ],
          [
            127.5792757,
            35.9181346
          ],
          [
            127.5794613,
            35.9171482
          ],
          [
            127.5799133,
            35.9144549
          ],
          [
            127.5804509,
            35.9112451
          ],
          [
            127.5809243,
            35.9083228
          ],
          [
            127.5800617,
            35.9054083
          ],
          [
            127.5797723,
            35.9038496
          ],
          [
            127.579039,
            35.8997839
          ],
          [
            127.5779523,
            35.8965464
          ],
          [
            127.5759809,
            35.8905834
          ],
          [
            127.5754225,
            35.8889236
          ],
          [
            127.5739759,
            35.8846199
          ],
          [
            127.5724351,
            35.8799508
          ],
          [
            127.5715167,
            35.8772331
          ],
          [
            127.5697102,
            35.8717566
          ],
          [
            127.5686908,
            35.8687061
          ],
          [
            127.567362,
            35.8647176
          ],
          [
            127.5660574,
            35.860763
          ],
          [
            127.5649631,
            35.8574315
          ],
          [
            127.5638451,
            35.8540922
          ],
          [
            127.5626271,
            35.8504673
          ],
          [
            127.5620324,
            35.8486356
          ],
          [
            127.5612807,
            35.8463796
          ],
          [
            127.5606289,
            35.8444166
          ],
          [
            127.5600675,
            35.8427043
          ],
          [
            127.5592016,
            35.8400547
          ],
          [
            127.5581788,
            35.8369191
          ],
          [
            127.5571416,
            35.8337949
          ],
          [
            127.5563756,
            35.8315963
          ],
          [
            127.5546916,
            35.8263394
          ],
          [
            127.5530165,
            35.823229
          ],
          [
            127.5510223,
            35.8194094
          ],
          [
            127.5501692,
            35.8177665
          ],
          [
            127.5488071,
            35.8151638
          ],
          [
            127.5462763,
            35.8122986
          ],
          [
            127.5446691,
            35.8105128
          ],
          [
            127.5416256,
            35.8070424
          ],
          [
            127.5392624,
            35.8043395
          ],
          [
            127.5367908,
            35.8007361
          ],
          [
            127.5356037,
            35.79901
          ],
          [
            127.5324424,
            35.7943375
          ],
          [
            127.5310457,
            35.7922985
          ],
          [
            127.5303857,
            35.7876339
          ],
          [
            127.5297711,
            35.7835102
          ],
          [
            127.5291908,
            35.7791379
          ],
          [
            127.5288823,
            35.7768253
          ],
          [
            127.528629,
            35.7750839
          ],
          [
            127.5279925,
            35.7705855
          ],
          [
            127.5276133,
            35.7679526
          ],
          [
            127.5270575,
            35.7639231
          ],
          [
            127.5266039,
            35.7604955
          ],
          [
            127.5254077,
            35.7580055
          ],
          [
            127.524603,
            35.7561075
          ],
          [
            127.5238413,
            35.7538089
          ],
          [
            127.5232677,
            35.7521256
          ],
          [
            127.5215166,
            35.746921
          ],
          [
            127.5205822,
            35.744058
          ],
          [
            127.5199259,
            35.7403194
          ],
          [
            127.5132247,
            35.7378635
          ],
          [
            127.5185976,
            35.7327207
          ],
          [
            127.5182115,
            35.7304414
          ],
          [
            127.5171811,
            35.7245212
          ],
          [
            127.5170418,
            35.7205649
          ],
          [
            127.5169458,
            35.7172465
          ],
          [
            127.5168179,
            35.7135681
          ],
          [
            127.5166031,
            35.7108096
          ],
          [
            127.5162353,
            35.7069677
          ],
          [
            127.5159337,
            35.7043741
          ],
          [
            127.5154471,
            35.7003778
          ],
          [
            127.5151067,
            35.6977432
          ],
          [
            127.5147297,
            35.6945489
          ],
          [
            127.5139988,
            35.6884201
          ],
          [
            127.5132111,
            35.6820175
          ],
          [
            127.5130471,
            35.6805951
          ],
          [
            127.512719,
            35.6784024
          ],
          [
            127.5121575,
            35.675229
          ],
          [
            127.5114747,
            35.6723541
          ],
          [
            127.5108121,
            35.6682286
          ],
          [
            127.5103788,
            35.6659343
          ],
          [
            127.5097235,
            35.6625878
          ],
          [
            127.5092266,
            35.659952
          ],
          [
            127.5084388,
            35.6560589
          ],
          [
            127.5081762,
            35.6528649
          ],
          [
            127.5078894,
            35.6494573
          ],
          [
            127.5076106,
            35.6465257
          ],
          [
            127.5066895,
            35.6408393
          ],
          [
            127.5045916,
            35.6276423
          ],
          [
            127.5040139,
            35.6241351
          ],
          [
            127.5042199,
            35.6203355
          ],
          [
            127.5044039,
            35.6171437
          ],
          [
            127.5032782,
            35.6141453
          ],
          [
            127.5021441,
            35.6109357
          ],
          [
            127.5013728,
            35.6088246
          ],
          [
            127.50064,
            35.6066785
          ],
          [
            127.4992285,
            35.6030672
          ],
          [
            127.4978252,
            35.5994884
          ],
          [
            127.4980006,
            35.5966989
          ],
          [
            127.4983441,
            35.5910698
          ],
          [
            127.4986875,
            35.5892054
          ],
          [
            127.4986795,
            35.5853368
          ],
          [
            127.4985057,
            35.5835577
          ],
          [
            127.4982957,
            35.5815929
          ],
          [
            127.498021,
            35.5790859
          ],
          [
            127.497724,
            35.576265
          ],
          [
            127.497524,
            35.5745284
          ],
          [
            127.4972857,
            35.5723843
          ],
          [
            127.4966453,
            35.5677098
          ],
          [
            127.4961545,
            35.5653173
          ],
          [
            127.4955707,
            35.5624319
          ],
          [
            127.4948556,
            35.5588463
          ],
          [
            127.4941688,
            35.5554019
          ],
          [
            127.4936699,
            35.5530995
          ],
          [
            127.4895289,
            35.5465075
          ],
          [
            127.4884361,
            35.5447489
          ],
          [
            127.4866108,
            35.5417739
          ],
          [
            127.4856088,
            35.5401598
          ],
          [
            127.4840858,
            35.5376696
          ],
          [
            127.4829768,
            35.5347158
          ],
          [
            127.4821815,
            35.5326026
          ],
          [
            127.4802129,
            35.5274654
          ],
          [
            127.4790794,
            35.5244577
          ],
          [
            127.4778175,
            35.5209078
          ],
          [
            127.4778473,
            35.5165262
          ],
          [
            127.4779685,
            35.5102354
          ],
          [
            127.4780166,
            35.5072064
          ],
          [
            127.4781275,
            35.5027818
          ],
          [
            127.4782166,
            35.4982413
          ],
          [
            127.4782383,
            35.4945872
          ],
          [
            127.4781515,
            35.4914448
          ],
          [
            127.4780348,
            35.4887298
          ],
          [
            127.4779481,
            35.4863602
          ],
          [
            127.47783,
            35.4835176
          ],
          [
            127.4776301,
            35.4790329
          ],
          [
            127.4773868,
            35.4765472
          ],
          [
            127.4772398,
            35.4750267
          ],
          [
            127.4770591,
            35.473412
          ],
          [
            127.4763147,
            35.4711419
          ],
          [
            127.475522,
            35.4686559
          ],
          [
            127.4742885,
            35.4649004
          ],
          [
            127.4733128,
            35.4618976
          ],
          [
            127.4723094,
            35.4587917
          ],
          [
            127.4718214,
            35.455556
          ],
          [
            127.4711397,
            35.4525696
          ],
          [
            127.4686606,
            35.4511134
          ]
        ]
      },
      "properties": {
        "osm_type": "way",
        "osm_id": 890587114,
        "sido": "충청남도",
        "power_type": "line",
        "name": "",
        "description": "",
        "voltage": "345000",
        "cables": "6",
        "circuits": "2",
        "frequency": "60",
        "operator": "",
        "wires": ""
      }
    },
    {
      "type": "Feature",
      "geometry": {
        "type": "LineString",
        "coordinates": [
          [
            127.520172,
            36.1154475
          ],
          [
            127.5219369,
            36.1162405
          ],
          [
            127.5242248,
            36.114622
          ],
          [
            127.524721,
            36.1118636
          ],
          [
            127.5253487,
            36.1097736
          ],
          [
            127.5282267,
            36.1089924
          ],
          [
            127.5318262,
            36.1080801
          ],
          [
            127.5336796,
            36.1070822
          ],
          [
            127.5368272,
            36.1051818
          ],
          [
            127.5407875,
            36.1029442
          ],
          [
            127.5413237,
            36.1004692
          ],
          [
            127.5419867,
            36.0965722
          ],
          [
            127.5425145,
            36.0933176
          ],
          [
            127.5409182,
            36.0899787
          ],
          [
            127.5395311,
            36.0871538
          ],
          [
            127.5374045,
            36.0849939
          ],
          [
            127.5338993,
            36.0814428
          ],
          [
            127.5318648,
            36.0793311
          ],
          [
            127.5300056,
            36.0774583
          ],
          [
            127.5283529,
            36.0753343
          ],
          [
            127.5269917,
            36.0736109
          ],
          [
            127.5254004,
            36.0715432
          ],
          [
            127.5234293,
            36.0683729
          ],
          [
            127.5218207,
            36.0657211
          ],
          [
            127.5196116,
            36.0620387
          ],
          [
            127.5206452,
            36.0599135
          ],
          [
            127.5221265,
            36.0568967
          ],
          [
            127.524495,
            36.0547483
          ],
          [
            127.5267324,
            36.0527388
          ],
          [
            127.5290236,
            36.0506364
          ],
          [
            127.5315793,
            36.0483464
          ],
          [
            127.5337881,
            36.0462722
          ],
          [
            127.5370245,
            36.0449432
          ],
          [
            127.5393855,
            36.0439509
          ],
          [
            127.5421851,
            36.0427752
          ],
          [
            127.5449942,
            36.0416225
          ]
        ]
      },
      "properties": {
        "osm_type": "way",
        "osm_id": 890587116,
        "sido": "충청남도",
        "power_type": "line",
        "name": "",
        "description": "",
        "voltage": "154000",
        "cables": "6",
        "circuits": "2",
        "frequency": "60",
        "operator": "",
        "wires": ""
      }
    },
    {
      "type": "Feature",
      "geometry": {
        "type": "LineString",
        "coordinates": [
          [
            127.4945757,
            36.1093511
          ],
          [
            127.4945877,
            36.1095255
          ],
          [
            127.4963151,
            36.1111442
          ],
          [
            127.5004631,
            36.1118462
          ],
          [
            127.50452,
            36.1131453
          ],
          [
            127.5088263,
            36.1137206
          ],
          [
            127.5116721,
            36.1166544
          ],
          [
            127.5156257,
            36.1170531
          ],
          [
            127.5200459,
            36.1160845
          ],
          [
            127.5222923,
            36.1166674
          ],
          [
            127.524084,
            36.1171516
          ],
          [
            127.524206,
            36.1171408
          ]
        ]
      },
      "properties": {
        "osm_type": "way",
        "osm_id": 890587120,
        "sido": "충청남도",
        "power_type": "line",
        "name": "",
        "description": "",
        "voltage": "154000",
        "cables": "3",
        "circuits": "",
        "frequency": "60",
        "operator": "",
        "wires": ""
      }
    },
    {
      "type": "Feature",
      "geometry": {
        "type": "LineString",
        "coordinates": [
          [
            127.4984769,
            36.1110521
          ],
          [
            127.500211,
            36.1114183
          ],
          [
            127.5040627,
            36.1121951
          ],
          [
            127.5087351,
            36.1131312
          ],
          [
            127.5117981,
            36.1137726
          ],
          [
            127.5161219,
            36.1146371
          ],
          [
            127.520172,
            36.1154475
          ]
        ]
      },
      "properties": {
        "osm_type": "way",
        "osm_id": 890587121,
        "sido": "충청남도",
        "power_type": "line",
        "name": "",
        "description": "",
        "voltage": "154000",
        "cables": "12",
        "circuits": "4",
        "frequency": "60",
        "operator": "",
        "wires": ""
      }
    },
    {
      "type": "Feature",
      "geometry": {
        "type": "LineString",
        "coordinates": [
          [
            126.4240926,
            36.8389419
          ],
          [
            126.426512,
            36.8401591
          ],
          [
            126.4293069,
            36.8410263
          ],
          [
            126.432327,
            36.8406227
          ],
          [
            126.4366937,
            36.8414943
          ],
          [
            126.4382118,
            36.8438211
          ],
          [
            126.4421493,
            36.8443641
          ]
        ]
      },
      "properties": {
        "osm_type": "way",
        "osm_id": 890587122,
        "sido": "충청남도",
        "power_type": "line",
        "name": "",
        "description": "",
        "voltage": "154000",
        "cables": "6",
        "circuits": "2",
        "frequency": "60",
        "operator": "",
        "wires": ""
      }
    },
    {
      "type": "Feature",
      "geometry": {
        "type": "LineString",
        "coordinates": [
          [
            126.429221,
            36.9743197
          ],
          [
            126.4258736,
            36.9747783
          ],
          [
            126.4219361,
            36.9756697
          ],
          [
            126.4185244,
            36.9764454
          ],
          [
            126.4161453,
            36.9773603
          ]
        ]
      },
      "properties": {
        "osm_type": "way",
        "osm_id": 890587123,
        "sido": "충청남도",
        "power_type": "line",
        "name": "",
        "description": "",
        "voltage": "154000",
        "cables": "6",
        "circuits": "2",
        "frequency": "60",
        "operator": "",
        "wires": ""
      }
    },
    {
      "type": "Feature",
      "geometry": {
        "type": "LineString",
        "coordinates": [
          [
            126.429221,
            36.9743197
          ],
          [
            126.4257127,
            36.9752754
          ],
          [
            126.4223492,
            36.9761711
          ],
          [
            126.4185566,
            36.9768653
          ],
          [
            126.4169016,
            36.9780546
          ]
        ]
      },
      "properties": {
        "osm_type": "way",
        "osm_id": 890587124,
        "sido": "충청남도",
        "power_type": "line",
        "name": "",
        "description": "",
        "voltage": "154000",
        "cables": "6",
        "circuits": "2",
        "frequency": "60",
        "operator": "",
        "wires": ""
      }
    },
    {
      "type": "Feature",
      "geometry": {
        "type": "LineString",
        "coordinates": [
          [
            126.7783819,
            36.1893908
          ],
          [
            126.779075,
            36.1904329
          ],
          [
            126.781497,
            36.1890918
          ],
          [
            126.78559,
            36.1879099
          ],
          [
            126.7874113,
            36.1880376
          ],
          [
            126.791676,
            36.1886178
          ],
          [
            126.7973113,
            36.1894447
          ],
          [
            126.8005607,
            36.1898798
          ],
          [
            126.8047446,
            36.1904836
          ],
          [
            126.8089306,
            36.1910877
          ],
          [
            126.8138579,
            36.1917804
          ],
          [
            126.8173313,
            36.1922653
          ],
          [
            126.8191633,
            36.1925337
          ],
          [
            126.8242447,
            36.193813
          ],
          [
            126.8282868,
            36.1948282
          ],
          [
            126.8317012,
            36.1956799
          ],
          [
            126.8336673,
            36.1961702
          ],
          [
            126.8362503,
            36.1967947
          ],
          [
            126.8395065,
            36.1976096
          ],
          [
            126.8438315,
            36.1986854
          ],
          [
            126.8468168,
            36.1994299
          ],
          [
            126.8507946,
            36.2004061
          ],
          [
            126.8538254,
            36.2006637
          ],
          [
            126.8579748,
            36.2010035
          ],
          [
            126.860539,
            36.2012221
          ],
          [
            126.8645355,
            36.2015662
          ],
          [
            126.8675986,
            36.2018216
          ],
          [
            126.8699428,
            36.2020121
          ],
          [
            126.8754682,
            36.2024536
          ],
          [
            126.8806663,
            36.2028735
          ],
          [
            126.8846494,
            36.2034557
          ],
          [
            126.8867952,
            36.2037934
          ],
          [
            126.8884098,
            36.2040314
          ],
          [
            126.8921381,
            36.2050487
          ],
          [
            126.8960005,
            36.2060204
          ],
          [
            126.899187,
            36.2069316
          ],
          [
            126.9006246,
            36.2073017
          ],
          [
            126.9030869,
            36.2079574
          ],
          [
            126.9055921,
            36.2086543
          ],
          [
            126.9084191,
            36.2094096
          ],
          [
            126.9101599,
            36.2099009
          ],
          [
            126.9128019,
            36.210667
          ],
          [
            126.9159776,
            36.2112383
          ],
          [
            126.9178578,
            36.211643
          ],
          [
            126.9207627,
            36.2122554
          ],
          [
            126.9246988,
            36.2130648
          ],
          [
            126.9283962,
            36.2138179
          ],
          [
            126.9316658,
            36.2144909
          ],
          [
            126.9345278,
            36.2150644
          ],
          [
            126.9400021,
            36.2161918
          ],
          [
            126.9425046,
            36.2164364
          ],
          [
            126.9461229,
            36.2171158
          ],
          [
            126.9489527,
            36.2181026
          ],
          [
            126.9528311,
            36.2194918
          ],
          [
            126.9560927,
            36.220656
          ],
          [
            126.960513,
            36.2215778
          ],
          [
            126.9706088,
            36.2236918
          ],
          [
            126.9734305,
            36.2242588
          ],
          [
            126.9758686,
            36.2256565
          ],
          [
            126.9786045,
            36.2266367
          ],
          [
            126.9784865,
            36.2281502
          ],
          [
            126.9783658,
            36.2297891
          ],
          [
            126.9787601,
            36.2321453
          ]
        ]
      },
      "properties": {
        "osm_type": "way",
        "osm_id": 891179686,
        "sido": "충청남도",
        "power_type": "line",
        "name": "",
        "description": "",
        "voltage": "154000",
        "cables": "6",
        "circuits": "2",
        "frequency": "60",
        "operator": "",
        "wires": ""
      }
    },
    {
      "type": "Feature",
      "geometry": {
        "type": "LineString",
        "coordinates": [
          [
            126.8261316,
            36.7330525
          ],
          [
            126.8263087,
            36.7332416
          ],
          [
            126.8242943,
            36.7346432
          ],
          [
            126.8225402,
            36.7358276
          ],
          [
            126.8191445,
            36.7356685
          ],
          [
            126.8157756,
            36.7355008
          ],
          [
            126.8123236,
            36.7359393
          ],
          [
            126.8083062,
            36.7351665
          ],
          [
            126.8046015,
            36.7344368
          ],
          [
            126.8014714,
            36.733319
          ],
          [
            126.7984003,
            36.732212
          ],
          [
            126.7952943,
            36.7301698
          ],
          [
            126.7927194,
            36.7284629
          ],
          [
            126.7915714,
            36.7266249
          ],
          [
            126.7898709,
            36.7239333
          ],
          [
            126.7885579,
            36.7218361
          ],
          [
            126.7866851,
            36.7200635
          ],
          [
            126.7845467,
            36.7180575
          ],
          [
            126.7821836,
            36.7158193
          ],
          [
            126.7803879,
            36.7141207
          ],
          [
            126.778332,
            36.7121619
          ],
          [
            126.7765202,
            36.7103676
          ],
          [
            126.7745018,
            36.7083947
          ],
          [
            126.7724338,
            36.7063239
          ],
          [
            126.7703873,
            36.7043155
          ],
          [
            126.7685661,
            36.7025091
          ],
          [
            126.766946,
            36.7010188
          ],
          [
            126.764418,
            36.6987059
          ],
          [
            126.7622582,
            36.6967274
          ],
          [
            126.7598824,
            36.6945563
          ],
          [
            126.7590509,
            36.6924572
          ],
          [
            126.7598476,
            36.6904097
          ],
          [
            126.760899,
            36.6877039
          ],
          [
            126.7618498,
            36.6852798
          ],
          [
            126.7628476,
            36.6827041
          ],
          [
            126.7624131,
            36.6805724
          ],
          [
            126.7600568,
            36.6789558
          ],
          [
            126.759118,
            36.6785407
          ],
          [
            126.7561837,
            36.678674
          ],
          [
            126.7538998,
            36.678787
          ],
          [
            126.7506342,
            36.6791032
          ],
          [
            126.749112,
            36.6779254
          ],
          [
            126.7489471,
            36.6771489
          ],
          [
            126.7473967,
            36.6760872
          ],
          [
            126.7453542,
            36.6721214
          ],
          [
            126.7454991,
            36.6707166
          ],
          [
            126.7457807,
            36.6701486
          ],
          [
            126.7450646,
            36.6688514
          ],
          [
            126.742157,
            36.6668763
          ],
          [
            126.7402795,
            36.6650949
          ],
          [
            126.7384395,
            36.6633393
          ],
          [
            126.7359518,
            36.6609704
          ],
          [
            126.7345718,
            36.659646
          ],
          [
            126.7330979,
            36.6582507
          ],
          [
            126.7311291,
            36.6563711
          ],
          [
            126.7292167,
            36.6545819
          ],
          [
            126.7256775,
            36.6539117
          ],
          [
            126.7217602,
            36.6531133
          ],
          [
            126.7195916,
            36.6522182
          ],
          [
            126.7172031,
            36.6512025
          ],
          [
            126.7147435,
            36.6501491
          ],
          [
            126.7118347,
            36.6489031
          ],
          [
            126.7080487,
            36.6472881
          ],
          [
            126.7015296,
            36.6445022
          ],
          [
            126.6993946,
            36.643622
          ],
          [
            126.6975895,
            36.6410997
          ],
          [
            126.6950105,
            36.6391681
          ],
          [
            126.6922921,
            36.6371472
          ],
          [
            126.6902912,
            36.6351649
          ],
          [
            126.6864744,
            36.6338573
          ],
          [
            126.6833067,
            36.6330857
          ],
          [
            126.680721,
            36.6311065
          ],
          [
            126.6783486,
            36.6293458
          ],
          [
            126.6758998,
            36.6274925
          ],
          [
            126.6736883,
            36.6258253
          ],
          [
            126.6731559,
            36.6245671
          ],
          [
            126.672032,
            36.6219376
          ],
          [
            126.6707835,
            36.6192133
          ],
          [
            126.6703597,
            36.6188215
          ]
        ]
      },
      "properties": {
        "osm_type": "way",
        "osm_id": 891430225,
        "sido": "충청남도",
        "power_type": "line",
        "name": "",
        "description": "",
        "voltage": "154000",
        "cables": "6",
        "circuits": "2",
        "frequency": "60",
        "operator": "",
        "wires": ""
      }
    },
    {
      "type": "Feature",
      "geometry": {
        "type": "LineString",
        "coordinates": [
          [
            126.7120774,
            36.0353315
          ],
          [
            126.7143264,
            36.0348695
          ]
        ]
      },
      "properties": {
        "osm_type": "way",
        "osm_id": 891430230,
        "sido": "충청남도",
        "power_type": "line",
        "name": "",
        "description": "",
        "voltage": "154000",
        "cables": "6",
        "circuits": "2",
        "frequency": "60",
        "operator": "",
        "wires": ""
      }
    },
    {
      "type": "Feature",
      "geometry": {
        "type": "LineString",
        "coordinates": [
          [
            126.7121337,
            36.0354985
          ],
          [
            126.7143264,
            36.0348695
          ]
        ]
      },
      "properties": {
        "osm_type": "way",
        "osm_id": 891430231,
        "sido": "충청남도",
        "power_type": "line",
        "name": "",
        "description": "",
        "voltage": "154000",
        "cables": "6",
        "circuits": "2",
        "frequency": "60",
        "operator": "",
        "wires": ""
      }
    },
    {
      "type": "Feature",
      "geometry": {
        "type": "LineString",
        "coordinates": [
          [
            126.9473836,
            36.2964908
          ],
          [
            126.9457555,
            36.2973771
          ],
          [
            126.9451708,
            36.2973771
          ]
        ]
      },
      "properties": {
        "osm_type": "way",
        "osm_id": 891430232,
        "sido": "충청남도",
        "power_type": "line",
        "name": "",
        "description": "",
        "voltage": "154000",
        "cables": "6",
        "circuits": "2",
        "frequency": "60",
        "operator": "",
        "wires": ""
      }
    },
    {
      "type": "Feature",
      "geometry": {
        "type": "LineString",
        "coordinates": [
          [
            126.9473836,
            36.2964908
          ],
          [
            126.9460478,
            36.2975263
          ],
          [
            126.9451869,
            36.2975868
          ]
        ]
      },
      "properties": {
        "osm_type": "way",
        "osm_id": 891430233,
        "sido": "충청남도",
        "power_type": "line",
        "name": "",
        "description": "",
        "voltage": "154000",
        "cables": "6",
        "circuits": "2",
        "frequency": "60",
        "operator": "",
        "wires": ""
      }
    },
    {
      "type": "Feature",
      "geometry": {
        "type": "LineString",
        "coordinates": [
          [
            127.0027095,
            35.9711437
          ],
          [
            127.0040774,
            35.9715084
          ],
          [
            127.0085674,
            35.9725546
          ],
          [
            127.0123601,
            35.9734707
          ],
          [
            127.0172578,
            35.9746038
          ],
          [
            127.0223044,
            35.9757477
          ],
          [
            127.0253983,
            35.9764553
          ],
          [
            127.0291159,
            35.9773083
          ],
          [
            127.0315057,
            35.9778597
          ],
          [
            127.0334637,
            35.9785
          ],
          [
            127.0375836,
            35.9797611
          ],
          [
            127.0401934,
            35.9805674
          ],
          [
            127.043125,
            35.9815094
          ],
          [
            127.0461747,
            35.9831416
          ],
          [
            127.0493531,
            35.9848345
          ],
          [
            127.0523572,
            35.9864406
          ],
          [
            127.0559138,
            35.9883547
          ],
          [
            127.0593899,
            35.9901929
          ],
          [
            127.0630305,
            35.9920772
          ],
          [
            127.0657387,
            35.9934601
          ],
          [
            127.0688572,
            35.9950354
          ],
          [
            127.0716664,
            35.9965449
          ],
          [
            127.0747322,
            35.9982766
          ],
          [
            127.0783317,
            36.0006809
          ],
          [
            127.0802978,
            36.0040052
          ],
          [
            127.0812285,
            36.0062922
          ],
          [
            127.0830055,
            36.0087451
          ],
          [
            127.0856863,
            36.0123716
          ],
          [
            127.0864937,
            36.0131896
          ],
          [
            127.0899296,
            36.0164808
          ],
          [
            127.0920646,
            36.0184116
          ],
          [
            127.095353,
            36.0216961
          ],
          [
            127.0995265,
            36.0256204
          ],
          [
            127.1004599,
            36.0265141
          ],
          [
            127.1023348,
            36.0287136
          ],
          [
            127.1049996,
            36.0318155
          ],
          [
            127.1073371,
            36.0345029
          ],
          [
            127.1098517,
            36.0374787
          ],
          [
            127.1126103,
            36.041091
          ],
          [
            127.1152014,
            36.0445448
          ],
          [
            127.1186064,
            36.0492388
          ],
          [
            127.1218613,
            36.0537288
          ],
          [
            127.1242525,
            36.0567581
          ],
          [
            127.1263379,
            36.0593948
          ],
          [
            127.1289718,
            36.0625822
          ],
          [
            127.1312463,
            36.0651536
          ],
          [
            127.1323299,
            36.0663548
          ],
          [
            127.1344945,
            36.0687679
          ],
          [
            127.1382764,
            36.0726941
          ],
          [
            127.1413408,
            36.0758951
          ],
          [
            127.142812,
            36.077431
          ],
          [
            127.1450061,
            36.079667
          ],
          [
            127.1474254,
            36.0824797
          ],
          [
            127.1487611,
            36.0841444
          ],
          [
            127.1521676,
            36.0886053
          ],
          [
            127.1539164,
            36.0907034
          ],
          [
            127.1560997,
            36.093248
          ],
          [
            127.1584815,
            36.0960698
          ],
          [
            127.1631646,
            36.1009981
          ],
          [
            127.1651092,
            36.1030461
          ],
          [
            127.1663725,
            36.1057874
          ],
          [
            127.1683735,
            36.1093933
          ],
          [
            127.1705836,
            36.113051
          ],
          [
            127.1720843,
            36.1164475
          ],
          [
            127.1746381,
            36.1210939
          ],
          [
            127.1762162,
            36.1241694
          ],
          [
            127.1769015,
            36.125544
          ],
          [
            127.1786705,
            36.1292053
          ],
          [
            127.1814734,
            36.1352428
          ],
          [
            127.1821198,
            36.1365967
          ],
          [
            127.1837532,
            36.1380372
          ],
          [
            127.1850192,
            36.1391224
          ],
          [
            127.1872133,
            36.1410611
          ],
          [
            127.1899062,
            36.1434372
          ],
          [
            127.1925804,
            36.1457699
          ],
          [
            127.1953592,
            36.1481979
          ],
          [
            127.1995407,
            36.15055
          ],
          [
            127.2088158,
            36.1560423
          ],
          [
            127.2144297,
            36.1595852
          ],
          [
            127.2181968,
            36.1621844
          ],
          [
            127.2211245,
            36.1641993
          ],
          [
            127.2253194,
            36.1671167
          ],
          [
            127.2285046,
            36.1693101
          ],
          [
            127.2313195,
            36.171261
          ],
          [
            127.2336645,
            36.1728373
          ],
          [
            127.2364426,
            36.1750068
          ],
          [
            127.2404873,
            36.1780758
          ],
          [
            127.2447427,
            36.1810289
          ],
          [
            127.2473593,
            36.1826579
          ],
          [
            127.2456227,
            36.1859993
          ],
          [
            127.2426958,
            36.1883229
          ],
          [
            127.2424923,
            36.1919906
          ],
          [
            127.2422755,
            36.1945432
          ],
          [
            127.2421976,
            36.1956456
          ]
        ]
      },
      "properties": {
        "osm_type": "way",
        "osm_id": 893895860,
        "sido": "충청남도",
        "power_type": "line",
        "name": "",
        "description": "",
        "voltage": "154000",
        "cables": "6",
        "circuits": "2",
        "frequency": "60",
        "operator": "",
        "wires": ""
      }
    },
    {
      "type": "Feature",
      "geometry": {
        "type": "LineString",
        "coordinates": [
          [
            126.5820587,
            36.8527307
          ],
          [
            126.5826702,
            36.8526341
          ],
          [
            126.5840274,
            36.8550722
          ],
          [
            126.584993,
            36.8568707
          ],
          [
            126.5850198,
            36.8598666
          ],
          [
            126.5821016,
            36.8625191
          ],
          [
            126.5769249,
            36.8627852
          ],
          [
            126.5725046,
            36.8632187
          ],
          [
            126.5698439,
            36.8633947
          ],
          [
            126.5670973,
            36.8635792
          ],
          [
            126.5626717,
            36.8631672
          ],
          [
            126.5591794,
            36.8628324
          ],
          [
            126.5565777,
            36.8626135
          ],
          [
            126.5524632,
            36.8621843
          ],
          [
            126.5460044,
            36.8616521
          ],
          [
            126.5433651,
            36.8610212
          ],
          [
            126.541096,
            36.8604718
          ],
          [
            126.538918,
            36.8599439
          ],
          [
            126.5361714,
            36.8592915
          ],
          [
            126.5316761,
            36.8572184
          ],
          [
            126.5293854,
            36.8561603
          ],
          [
            126.527068,
            36.8550894
          ],
          [
            126.5245253,
            36.8540635
          ],
          [
            126.518831,
            36.85184
          ],
          [
            126.5105081,
            36.8487364
          ],
          [
            126.5032017,
            36.8464698
          ],
          [
            126.4975637,
            36.8457508
          ],
          [
            126.4943424,
            36.8456756
          ],
          [
            126.4889109,
            36.8432759
          ],
          [
            126.4864647,
            36.841344
          ],
          [
            126.4841983,
            36.8394915
          ],
          [
            126.4812291,
            36.8381906
          ],
          [
            126.4743546,
            36.8380339
          ],
          [
            126.4713424,
            36.8359237
          ],
          [
            126.468384,
            36.8313983
          ],
          [
            126.464484,
            36.8291827
          ],
          [
            126.4627138,
            36.827843
          ],
          [
            126.4595622,
            36.8255694
          ],
          [
            126.4552277,
            36.8224604
          ],
          [
            126.4559251,
            36.8190594
          ],
          [
            126.4540797,
            36.8144084
          ],
          [
            126.454407,
            36.8118144
          ],
          [
            126.4547288,
            36.8093405
          ],
          [
            126.4551902,
            36.8064199
          ],
          [
            126.4566225,
            36.8047792
          ],
          [
            126.4609032,
            36.802318
          ],
          [
            126.4627305,
            36.8005236
          ],
          [
            126.4628023,
            36.7979108
          ]
        ]
      },
      "properties": {
        "osm_type": "way",
        "osm_id": 895114079,
        "sido": "충청남도",
        "power_type": "line",
        "name": "",
        "description": "",
        "voltage": "154000",
        "cables": "6",
        "circuits": "2",
        "frequency": "60",
        "operator": "",
        "wires": ""
      }
    },
    {
      "type": "Feature",
      "geometry": {
        "type": "LineString",
        "coordinates": [
          [
            126.9567715,
            36.8308055
          ],
          [
            126.9516188,
            36.8308036
          ],
          [
            126.9477925,
            36.8309772
          ],
          [
            126.9448543,
            36.8308337
          ],
          [
            126.9429016,
            36.8323536
          ],
          [
            126.9394147,
            36.8354793
          ],
          [
            126.9363517,
            36.8368146
          ],
          [
            126.931631,
            36.8368704
          ],
          [
            126.9273126,
            36.8359688
          ],
          [
            126.9220018,
            36.8357928
          ],
          [
            126.9162083,
            36.8361191
          ],
          [
            126.9132364,
            36.8369048
          ],
          [
            126.9089502,
            36.8393562
          ],
          [
            126.9040364,
            36.8393477
          ],
          [
            126.8993211,
            36.8393949
          ],
          [
            126.896714,
            36.8379953
          ],
          [
            126.8933022,
            36.8361663
          ],
          [
            126.8881202,
            36.8333412
          ],
          [
            126.8846333,
            36.8343459
          ],
          [
            126.8800789,
            36.8357026
          ],
          [
            126.8767959,
            36.8354665
          ],
          [
            126.8699777,
            36.8361062
          ],
          [
            126.8637764,
            36.8388024
          ],
          [
            126.8575805,
            36.8403952
          ],
          [
            126.8529832,
            36.8411165
          ],
          [
            126.845929,
            36.8423357
          ],
          [
            126.8340468,
            36.8444865
          ],
          [
            126.8268263,
            36.8456799
          ],
          [
            126.8268263,
            36.849097
          ],
          [
            126.8268049,
            36.8520589
          ],
          [
            126.8278134,
            36.8563857
          ],
          [
            126.8278885,
            36.8596907
          ],
          [
            126.8228781,
            36.8626264
          ],
          [
            126.8210649,
            36.8642874
          ]
        ]
      },
      "properties": {
        "osm_type": "way",
        "osm_id": 1018522314,
        "sido": "충청남도",
        "power_type": "line",
        "name": "",
        "description": "",
        "voltage": "345000",
        "cables": "6",
        "circuits": "2",
        "frequency": "60",
        "operator": "",
        "wires": ""
      }
    },
    {
      "type": "Feature",
      "geometry": {
        "type": "LineString",
        "coordinates": [
          [
            127.004233,
            36.8777368
          ],
          [
            127.0015025,
            36.8758916
          ],
          [
            127.0008963,
            36.8723342
          ],
          [
            126.9992387,
            36.8693773
          ]
        ]
      },
      "properties": {
        "osm_type": "way",
        "osm_id": 1018522315,
        "sido": "충청남도",
        "power_type": "line",
        "name": "",
        "description": "",
        "voltage": "345000",
        "cables": "12",
        "circuits": "4",
        "frequency": "60",
        "operator": "",
        "wires": ""
      }
    },
    {
      "type": "Feature",
      "geometry": {
        "type": "LineString",
        "coordinates": [
          [
            126.7962223,
            36.9422819
          ],
          [
            126.7971396,
            36.9393707
          ],
          [
            126.7975205,
            36.936991
          ],
          [
            126.7979175,
            36.9342897
          ],
          [
            126.798293,
            36.9316011
          ],
          [
            126.7986846,
            36.9289167
          ],
          [
            126.7995375,
            36.9261722
          ],
          [
            126.7960453,
            36.9226557
          ],
          [
            126.7928052,
            36.9197523
          ],
          [
            126.7889857,
            36.9170675
          ],
          [
            126.7861748,
            36.9136877
          ],
          [
            126.7853433,
            36.909553
          ],
          [
            126.7864323,
            36.9055681
          ],
          [
            126.7857832,
            36.9033118
          ]
        ]
      },
      "properties": {
        "osm_type": "way",
        "osm_id": 1018522316,
        "sido": "충청남도",
        "power_type": "line",
        "name": "",
        "description": "",
        "voltage": "",
        "cables": "",
        "circuits": "",
        "frequency": "",
        "operator": "",
        "wires": ""
      }
    },
    {
      "type": "Feature",
      "geometry": {
        "type": "LineString",
        "coordinates": [
          [
            126.5803394,
            36.852926
          ],
          [
            126.5789527,
            36.8537287
          ],
          [
            126.5773058,
            36.8577764
          ],
          [
            126.5764046,
            36.8611414
          ],
          [
            126.5754175,
            36.8626779
          ],
          [
            126.5766782,
            36.8649998
          ],
          [
            126.5787595,
            36.8686006
          ],
          [
            126.5796018,
            36.8696971
          ],
          [
            126.5819514,
            36.8723728
          ],
          [
            126.5810823,
            36.8738662
          ],
          [
            126.5811306,
            36.8762135
          ],
          [
            126.5814149,
            36.8799424
          ],
          [
            126.5822357,
            36.8821093
          ],
          [
            126.5833998,
            36.8852888
          ],
          [
            126.5850466,
            36.8897166
          ],
          [
            126.5861249,
            36.8928014
          ],
          [
            126.586892,
            36.8947963
          ],
          [
            126.5878898,
            36.8975763
          ],
          [
            126.5888178,
            36.9001502
          ],
          [
            126.5896708,
            36.9029
          ],
          [
            126.5906203,
            36.9053922
          ],
          [
            126.5913981,
            36.9072582
          ],
          [
            126.5964085,
            36.9093171
          ],
          [
            126.6031623,
            36.9095637
          ],
          [
            126.6069603,
            36.9105781
          ],
          [
            126.6108173,
            36.9116804
          ],
          [
            126.6148192,
            36.9128728
          ],
          [
            126.6177696,
            36.913409
          ],
          [
            126.6211384,
            36.9156693
          ],
          [
            126.6239119,
            36.917565
          ],
          [
            126.6267711,
            36.9200653
          ],
          [
            126.6294412,
            36.9223994
          ],
          [
            126.6312316,
            36.9240988
          ],
          [
            126.6337556,
            36.9271221
          ],
          [
            126.6352576,
            36.9286037
          ],
          [
            126.6383368,
            36.9287859
          ],
          [
            126.6410753,
            36.9289896
          ],
          [
            126.6465068,
            36.9294742
          ],
          [
            126.6512114,
            36.9307135
          ],
          [
            126.6537434,
            36.9319784
          ],
          [
            126.6583675,
            36.9308378
          ],
          [
            126.6623479,
            36.9306191
          ],
          [
            126.6657972,
            36.9317726
          ],
          [
            126.6684365,
            36.9338223
          ],
          [
            126.6714942,
            36.9353831
          ],
          [
            126.6744339,
            36.9368281
          ],
          [
            126.6787711,
            36.9383095
          ],
          [
            126.6862223,
            36.9403418
          ],
          [
            126.6879308,
            36.940882
          ],
          [
            126.6901463,
            36.9416259
          ],
          [
            126.6952425,
            36.943551
          ],
          [
            126.7003763,
            36.9452509
          ],
          [
            126.7048931,
            36.9464406
          ],
          [
            126.7108369,
            36.946162
          ],
          [
            126.7154717,
            36.9463806
          ],
          [
            126.7189184,
            36.9483399
          ],
          [
            126.7206001,
            36.9508971
          ],
          [
            126.7214101,
            36.9534971
          ],
          [
            126.7220485,
            36.956022
          ],
          [
            126.7209488,
            36.9579853
          ],
          [
            126.7212331,
            36.9604415
          ],
          [
            126.7209595,
            36.9630347
          ]
        ]
      },
      "properties": {
        "osm_type": "way",
        "osm_id": 1018522317,
        "sido": "충청남도",
        "power_type": "line",
        "name": "",
        "description": "",
        "voltage": "345000",
        "cables": "6",
        "circuits": "2",
        "frequency": "60",
        "operator": "",
        "wires": ""
      }
    },
    {
      "type": "Feature",
      "geometry": {
        "type": "LineString",
        "coordinates": [
          [
            126.4907402,
            36.3942364
          ],
          [
            126.4886963,
            36.3920406
          ],
          [
            126.4840293,
            36.3871349
          ]
        ]
      },
      "properties": {
        "osm_type": "way",
        "osm_id": 1046514113,
        "sido": "충청남도",
        "power_type": "line",
        "name": "",
        "description": "",
        "voltage": "345000",
        "cables": "",
        "circuits": "",
        "frequency": "60",
        "operator": "",
        "wires": ""
      }
    },
    {
      "type": "Feature",
      "geometry": {
        "type": "LineString",
        "coordinates": [
          [
            126.4973385,
            36.3972482
          ],
          [
            126.4989263,
            36.39825
          ],
          [
            126.5004123,
            36.399649
          ]
        ]
      },
      "properties": {
        "osm_type": "way",
        "osm_id": 1046514114,
        "sido": "충청남도",
        "power_type": "line",
        "name": "",
        "description": "",
        "voltage": "345000",
        "cables": "",
        "circuits": "",
        "frequency": "60",
        "operator": "",
        "wires": ""
      }
    },
    {
      "type": "Feature",
      "geometry": {
        "type": "LineString",
        "coordinates": [
          [
            126.4921696,
            36.3961213
          ],
          [
            126.4896673,
            36.3951518
          ]
        ]
      },
      "properties": {
        "osm_type": "way",
        "osm_id": 1046514115,
        "sido": "충청남도",
        "power_type": "line",
        "name": "",
        "description": "",
        "voltage": "345000",
        "cables": "",
        "circuits": "",
        "frequency": "60",
        "operator": "",
        "wires": ""
      }
    },
    {
      "type": "Feature",
      "geometry": {
        "type": "LineString",
        "coordinates": [
          [
            126.4896673,
            36.3951518
          ],
          [
            126.488699,
            36.3958081
          ]
        ]
      },
      "properties": {
        "osm_type": "way",
        "osm_id": 1046514116,
        "sido": "충청남도",
        "power_type": "line",
        "name": "",
        "description": "",
        "voltage": "345000",
        "cables": "",
        "circuits": "",
        "frequency": "60",
        "operator": "",
        "wires": ""
      }
    },
    {
      "type": "Feature",
      "geometry": {
        "type": "LineString",
        "coordinates": [
          [
            126.4880607,
            36.3958189
          ],
          [
            126.4896673,
            36.3951518
          ],
          [
            126.4907402,
            36.3942364
          ],
          [
            126.4928147,
            36.3953238
          ],
          [
            126.4939159,
            36.3957326
          ],
          [
            126.4973385,
            36.3972482
          ]
        ]
      },
      "properties": {
        "osm_type": "way",
        "osm_id": 1046514117,
        "sido": "충청남도",
        "power_type": "line",
        "name": "",
        "description": "",
        "voltage": "345000",
        "cables": "",
        "circuits": "",
        "frequency": "60",
        "operator": "",
        "wires": ""
      }
    },
    {
      "type": "Feature",
      "geometry": {
        "type": "LineString",
        "coordinates": [
          [
            126.4913517,
            36.3981593
          ],
          [
            126.4925013,
            36.396848
          ]
        ]
      },
      "properties": {
        "osm_type": "way",
        "osm_id": 1046514118,
        "sido": "충청남도",
        "power_type": "line",
        "name": "",
        "description": "",
        "voltage": "345000",
        "cables": "",
        "circuits": "",
        "frequency": "60",
        "operator": "",
        "wires": ""
      }
    },
    {
      "type": "Feature",
      "geometry": {
        "type": "LineString",
        "coordinates": [
          [
            126.4899343,
            36.3988682
          ],
          [
            126.4913517,
            36.3981593
          ],
          [
            126.4930817,
            36.3980578
          ],
          [
            126.4973385,
            36.3972482
          ]
        ]
      },
      "properties": {
        "osm_type": "way",
        "osm_id": 1046514119,
        "sido": "충청남도",
        "power_type": "line",
        "name": "",
        "description": "",
        "voltage": "345000",
        "cables": "",
        "circuits": "",
        "frequency": "60",
        "operator": "",
        "wires": ""
      }
    },
    {
      "type": "Feature",
      "geometry": {
        "type": "LineString",
        "coordinates": [
          [
            126.2399644,
            36.8420888
          ],
          [
            126.2410212,
            36.8415157
          ],
          [
            126.2430811,
            36.838914
          ],
          [
            126.2446475,
            36.8369133
          ],
          [
            126.2453771,
            36.8325597
          ],
          [
            126.245833,
            36.8295026
          ],
          [
            126.2464634,
            36.825593
          ],
          [
            126.2469703,
            36.8223574
          ],
          [
            126.248022,
            36.8197442
          ],
          [
            126.2480539,
            36.8196649
          ],
          [
            126.2495023,
            36.8163538
          ],
          [
            126.2509131,
            36.8131415
          ],
          [
            126.2543732,
            36.8121408
          ],
          [
            126.2575865,
            36.8111873
          ],
          [
            126.2619585,
            36.8098302
          ],
          [
            126.2641901,
            36.8080692
          ],
          [
            126.2658101,
            36.8067464
          ],
          [
            126.2694204,
            36.8056511
          ],
          [
            126.2728321,
            36.8046847
          ],
          [
            126.2763566,
            36.8034863
          ],
          [
            126.2794572,
            36.8024555
          ],
          [
            126.2839365,
            36.8016136
          ],
          [
            126.285916,
            36.7993714
          ],
          [
            126.2862398,
            36.7974609
          ],
          [
            126.2862807,
            36.7972193
          ],
          [
            126.2877881,
            36.7941521
          ],
          [
            126.2890649,
            36.7915188
          ],
          [
            126.2903148,
            36.7892956
          ]
        ]
      },
      "properties": {
        "osm_type": "way",
        "osm_id": 1046514120,
        "sido": "충청남도",
        "power_type": "line",
        "name": "",
        "description": "",
        "voltage": "154000",
        "cables": "6",
        "circuits": "2",
        "frequency": "60",
        "operator": "",
        "wires": ""
      }
    },
    {
      "type": "Feature",
      "geometry": {
        "type": "LineString",
        "coordinates": [
          [
            126.2231764,
            36.9004012
          ],
          [
            126.2243861,
            36.9008677
          ]
        ]
      },
      "properties": {
        "osm_type": "way",
        "osm_id": 1046514121,
        "sido": "충청남도",
        "power_type": "line",
        "name": "",
        "description": "",
        "voltage": "345000",
        "cables": "",
        "circuits": "",
        "frequency": "60",
        "operator": "",
        "wires": ""
      }
    },
    {
      "type": "Feature",
      "geometry": {
        "type": "LineString",
        "coordinates": [
          [
            126.7810035,
            36.1870959
          ],
          [
            126.7817759,
            36.1836625
          ],
          [
            126.7820871,
            36.1816621
          ],
          [
            126.7825404,
            36.1787329
          ],
          [
            126.7828917,
            36.1764271
          ],
          [
            126.7835757,
            36.1721704
          ],
          [
            126.7837983,
            36.1684592
          ],
          [
            126.7840773,
            36.1644857
          ],
          [
            126.7841899,
            36.1627599
          ],
          [
            126.7852816,
            36.160315
          ],
          [
            126.7863893,
            36.1576535
          ],
          [
            126.7875025,
            36.1551565
          ],
          [
            126.7887336,
            36.1522567
          ],
          [
            126.7904717,
            36.1483474
          ],
          [
            126.7923492,
            36.1444812
          ],
          [
            126.7939156,
            36.1426314
          ],
          [
            126.7953157,
            36.1408813
          ],
          [
            126.797424,
            36.1382668
          ],
          [
            126.7971021,
            36.1358212
          ],
          [
            126.7968768,
            36.1338196
          ],
          [
            126.7965817,
            36.1316403
          ],
          [
            126.7957261,
            36.1291533
          ],
          [
            126.7958844,
            36.1259795
          ],
          [
            126.7942992,
            36.1245193
          ],
          [
            126.792537,
            36.1226885
          ],
          [
            126.7898977,
            36.1202143
          ],
          [
            126.7868386,
            36.1170986
          ],
          [
            126.7852199,
            36.1150402
          ],
          [
            126.7860407,
            36.1122905
          ],
          [
            126.7860058,
            36.1110098
          ],
          [
            126.785008,
            36.1078331
          ],
          [
            126.7858019,
            36.1047733
          ],
          [
            126.7868748,
            36.1004997
          ],
          [
            126.7871994,
            36.0986966
          ],
          [
            126.7877305,
            36.0958011
          ],
          [
            126.7883742,
            36.092433
          ],
          [
            126.78684,
            36.0882195
          ],
          [
            126.7871189,
            36.0840881
          ],
          [
            126.7870921,
            36.0815085
          ],
          [
            126.7844474,
            36.0757335
          ],
          [
            126.7827898,
            36.0719093
          ],
          [
            126.7842784,
            36.0684557
          ],
          [
            126.7851582,
            36.0662594
          ],
          [
            126.7865449,
            36.062851
          ],
          [
            126.7877144,
            36.0600323
          ],
          [
            126.7885995,
            36.0586619
          ],
          [
            126.7899781,
            36.0566757
          ],
          [
            126.7914373,
            36.0545224
          ],
          [
            126.7927811,
            36.0525686
          ],
          [
            126.7909974,
            36.0495826
          ],
          [
            126.7893934,
            36.0471277
          ],
          [
            126.78673,
            36.0456291
          ],
          [
            126.7842409,
            36.0440178
          ],
          [
            126.7832807,
            36.0423023
          ],
          [
            126.7816942,
            36.0400411
          ],
          [
            126.7780369,
            36.0392139
          ],
          [
            126.7746574,
            36.0384851
          ],
          [
            126.7715594,
            36.0378323
          ],
          [
            126.7682898,
            36.0371209
          ],
          [
            126.7652535,
            36.0364572
          ],
          [
            126.7625499,
            36.0356915
          ],
          [
            126.7593259,
            36.0347198
          ],
          [
            126.7564908,
            36.0338761
          ],
          [
            126.7534277,
            36.032926
          ]
        ]
      },
      "properties": {
        "osm_type": "way",
        "osm_id": 1080840611,
        "sido": "충청남도",
        "power_type": "line",
        "name": "",
        "description": "",
        "voltage": "154000",
        "cables": "6",
        "circuits": "2",
        "frequency": "60",
        "operator": "",
        "wires": ""
      }
    },
    {
      "type": "Feature",
      "geometry": {
        "type": "LineString",
        "coordinates": [
          [
            126.7789915,
            36.1887669
          ],
          [
            126.7810035,
            36.1870959
          ],
          [
            126.7775917,
            36.1866262
          ],
          [
            126.7728657,
            36.1860049
          ],
          [
            126.7695692,
            36.1854983
          ],
          [
            126.7681745,
            36.1852255
          ],
          [
            126.7648593,
            36.184825
          ],
          [
            126.7606401,
            36.1842318
          ],
          [
            126.7565471,
            36.1837534
          ],
          [
            126.7528215,
            36.1832858
          ],
          [
            126.7489216,
            36.1828983
          ],
          [
            126.7443833,
            36.1823441
          ],
          [
            126.7412049,
            36.1819782
          ],
          [
            126.7368221,
            36.1814175
          ],
          [
            126.7342767,
            36.1810819
          ],
          [
            126.7314362,
            36.1807485
          ],
          [
            126.7280057,
            36.180335
          ],
          [
            126.724028,
            36.1797981
          ],
          [
            126.7209864,
            36.1798435
          ],
          [
            126.7175129,
            36.1799323
          ],
          [
            126.7138812,
            36.1799713
          ],
          [
            126.7097881,
            36.1799972
          ],
          [
            126.7075458,
            36.1800535
          ],
          [
            126.7044586,
            36.1801098
          ],
          [
            126.7012668,
            36.1801639
          ],
          [
            126.6998237,
            36.1801531
          ],
          [
            126.6972569,
            36.1801834
          ],
          [
            126.6928017,
            36.1802159
          ],
          [
            126.6901705,
            36.1802505
          ],
          [
            126.6876465,
            36.1802765
          ],
          [
            126.6846827,
            36.1803068
          ],
          [
            126.6825315,
            36.1803761
          ],
          [
            126.6800988,
            36.1803523
          ],
          [
            126.6755283,
            36.1804584
          ],
          [
            126.6724786,
            36.1793153
          ],
          [
            126.6681924,
            36.177685
          ],
          [
            126.6656578,
            36.1768017
          ],
          [
            126.6627502,
            36.1756022
          ],
          [
            126.6577452,
            36.1737207
          ],
          [
            126.6535476,
            36.1722808
          ],
          [
            126.6481215,
            36.1700636
          ],
          [
            126.6462627,
            36.1694119
          ],
          [
            126.643897,
            36.1687731
          ],
          [
            126.6386265,
            36.1674523
          ],
          [
            126.6360033,
            36.1668243
          ],
          [
            126.6319504,
            36.1658261
          ],
          [
            126.6291261,
            36.1650466
          ],
          [
            126.6261783,
            36.1643796
          ]
        ]
      },
      "properties": {
        "osm_type": "way",
        "osm_id": 1080840612,
        "sido": "충청남도",
        "power_type": "line",
        "name": "",
        "description": "",
        "voltage": "154000",
        "cables": "6",
        "circuits": "2",
        "frequency": "60",
        "operator": "",
        "wires": ""
      }
    },
    {
      "type": "Feature",
      "geometry": {
        "type": "LineString",
        "coordinates": [
          [
            127.0464027,
            36.3491876
          ],
          [
            127.0448041,
            36.3523978
          ],
          [
            127.0504957,
            36.3510282
          ],
          [
            127.0574319,
            36.3491682
          ]
        ]
      },
      "properties": {
        "osm_type": "way",
        "osm_id": 1080925259,
        "sido": "충청남도",
        "power_type": "line",
        "name": "",
        "description": "",
        "voltage": "",
        "cables": "",
        "circuits": "",
        "frequency": "",
        "operator": "",
        "wires": ""
      }
    },
    {
      "type": "Feature",
      "geometry": {
        "type": "LineString",
        "coordinates": [
          [
            127.2403363,
            36.2335719
          ],
          [
            127.2419062,
            36.2353797
          ],
          [
            127.2439072,
            36.236217
          ],
          [
            127.2449827,
            36.2401587
          ],
          [
            127.2454709,
            36.2425556
          ],
          [
            127.2458893,
            36.2444809
          ],
          [
            127.2462326,
            36.2461811
          ],
          [
            127.2466242,
            36.2478597
          ],
          [
            127.2471338,
            36.250477
          ],
          [
            127.2465679,
            36.2525038
          ],
          [
            127.2460073,
            36.2544483
          ],
          [
            127.2453421,
            36.2568145
          ],
          [
            127.2451973,
            36.2592304
          ],
          [
            127.2450417,
            36.2613304
          ],
          [
            127.2447784,
            36.2650392
          ]
        ]
      },
      "properties": {
        "osm_type": "way",
        "osm_id": 1080925260,
        "sido": "충청남도",
        "power_type": "line",
        "name": "",
        "description": "",
        "voltage": "154000",
        "cables": "6",
        "circuits": "2",
        "frequency": "60",
        "operator": "",
        "wires": ""
      }
    },
    {
      "type": "Feature",
      "geometry": {
        "type": "LineString",
        "coordinates": [
          [
            127.0092595,
            36.8817124
          ],
          [
            127.007921,
            36.8802685
          ]
        ]
      },
      "properties": {
        "osm_type": "way",
        "osm_id": 1092352297,
        "sido": "충청남도",
        "power_type": "line",
        "name": "",
        "description": "",
        "voltage": "154000",
        "cables": "6",
        "circuits": "2",
        "frequency": "60",
        "operator": "",
        "wires": ""
      }
    },
    {
      "type": "Feature",
      "geometry": {
        "type": "LineString",
        "coordinates": [
          [
            126.4149302,
            36.9770175
          ],
          [
            126.4133692,
            36.9791581
          ],
          [
            126.4092761,
            36.9782881
          ],
          [
            126.4090562,
            36.9773453
          ],
          [
            126.4082837,
            36.973409
          ],
          [
            126.4046788,
            36.972419
          ],
          [
            126.4024848,
            36.9722754
          ],
          [
            126.3988289,
            36.9752347
          ],
          [
            126.3960797,
            36.9763875
          ],
          [
            126.3919544,
            36.9797066
          ],
          [
            126.3902968,
            36.9818535
          ],
          [
            126.3854313,
            36.9846946
          ],
          [
            126.3818787,
            36.9879426
          ],
          [
            126.3808367,
            36.9916211
          ],
          [
            126.3775456,
            36.9927158
          ],
          [
            126.3739085,
            36.9925273
          ],
          [
            126.3719049,
            36.9916532
          ],
          [
            126.3676026,
            36.9913276
          ],
          [
            126.3644725,
            36.9925316
          ],
          [
            126.3627318,
            36.9931957
          ],
          [
            126.3611613,
            36.9941319
          ],
          [
            126.3589096,
            36.995158
          ],
          [
            126.35634,
            36.9953208
          ],
          [
            126.3538375,
            36.9931785
          ],
          [
            126.3526762,
            36.9926901
          ],
          [
            126.3513565,
            36.9920431
          ],
          [
            126.3504037,
            36.9915054
          ],
          [
            126.3493422,
            36.9901836
          ],
          [
            126.3487923,
            36.9892816
          ],
          [
            126.3481432,
            36.9883604
          ],
          [
            126.3466626,
            36.9880626
          ],
          [
            126.3453805,
            36.987859
          ]
        ]
      },
      "properties": {
        "osm_type": "way",
        "osm_id": 1093005826,
        "sido": "충청남도",
        "power_type": "line",
        "name": "",
        "description": "",
        "voltage": "154000",
        "cables": "6",
        "circuits": "2",
        "frequency": "60",
        "operator": "",
        "wires": ""
      }
    },
    {
      "type": "Feature",
      "geometry": {
        "type": "LineString",
        "coordinates": [
          [
            126.5818843,
            36.8524646
          ],
          [
            126.5823483,
            36.8522907
          ],
          [
            126.5832603,
            36.8524324
          ],
          [
            126.5850037,
            36.8562612
          ],
          [
            126.5883779,
            36.8583086
          ],
          [
            126.5910494,
            36.8607723
          ],
          [
            126.5934581,
            36.8612315
          ],
          [
            126.5949225,
            36.8619569
          ],
          [
            126.5975028,
            36.8625148
          ],
          [
            126.6008502,
            36.8632788
          ],
          [
            126.6042888,
            36.8646221
          ],
          [
            126.6058767,
            36.8652616
          ],
          [
            126.6084999,
            36.866326
          ],
          [
            126.6118604,
            36.8659808
          ],
          [
            126.6153181,
            36.865605
          ],
          [
            126.6175765,
            36.8654376
          ],
          [
            126.6239204,
            36.866542
          ],
          [
            126.6269051,
            36.8671025
          ],
          [
            126.6293782,
            36.8672444
          ],
          [
            126.6330314,
            36.8675062
          ],
          [
            126.6376448,
            36.8677809
          ],
          [
            126.641829,
            36.8691113
          ],
          [
            126.6460612,
            36.8712402
          ],
          [
            126.6490522,
            36.8723706
          ],
          [
            126.6526759,
            36.8725058
          ],
          [
            126.6554546,
            36.8732225
          ],
          [
            126.6583031,
            36.873643
          ],
          [
            126.6607118,
            36.8748403
          ],
          [
            126.6629755,
            36.8759818
          ],
          [
            126.6662103,
            36.877621
          ],
          [
            126.6706091,
            36.8798437
          ],
          [
            126.6730553,
            36.8806762
          ],
          [
            126.675759,
            36.8815644
          ],
          [
            126.6782159,
            36.8824397
          ],
          [
            126.6810644,
            36.883388
          ],
          [
            126.6846183,
            36.8846967
          ],
          [
            126.6880488,
            36.8853532
          ]
        ]
      },
      "properties": {
        "osm_type": "way",
        "osm_id": 1093005828,
        "sido": "충청남도",
        "power_type": "line",
        "name": "",
        "description": "",
        "voltage": "154000",
        "cables": "6",
        "circuits": "2",
        "frequency": "60",
        "operator": "",
        "wires": ""
      }
    },
    {
      "type": "Feature",
      "geometry": {
        "type": "LineString",
        "coordinates": [
          [
            126.768271,
            36.9627947
          ],
          [
            126.7688853,
            36.9621067
          ]
        ]
      },
      "properties": {
        "osm_type": "way",
        "osm_id": 1093013547,
        "sido": "충청남도",
        "power_type": "line",
        "name": "",
        "description": "",
        "voltage": "345000",
        "cables": "",
        "circuits": "",
        "frequency": "60",
        "operator": "",
        "wires": ""
      }
    },
    {
      "type": "Feature",
      "geometry": {
        "type": "LineString",
        "coordinates": [
          [
            126.6810885,
            36.0132351
          ],
          [
            126.6794443,
            36.013335
          ],
          [
            126.678291,
            36.0148623
          ],
          [
            126.6780978,
            36.0176957
          ],
          [
            126.6792458,
            36.0195614
          ],
          [
            126.6820568,
            36.0223382
          ],
          [
            126.6832423,
            36.0240259
          ],
          [
            126.6850501,
            36.027141
          ],
          [
            126.6871208,
            36.0291323
          ],
          [
            126.6891968,
            36.0314272
          ],
          [
            126.6905165,
            36.0339433
          ],
          [
            126.6923189,
            36.0357392
          ],
          [
            126.6953874,
            36.0382422
          ],
          [
            126.6989922,
            36.0399209
          ],
          [
            126.7006767,
            36.0411398
          ],
          [
            126.7056709,
            36.0396476
          ],
          [
            126.7095816,
            36.0395023
          ],
          [
            126.7127359,
            36.0387541
          ],
          [
            126.7129612,
            36.0378952
          ],
          [
            126.7126501,
            36.0356525
          ]
        ]
      },
      "properties": {
        "osm_type": "way",
        "osm_id": 1093121182,
        "sido": "충청남도",
        "power_type": "line",
        "name": "",
        "description": "",
        "voltage": "154000",
        "cables": "3",
        "circuits": "",
        "frequency": "60",
        "operator": "",
        "wires": ""
      }
    },
    {
      "type": "Feature",
      "geometry": {
        "type": "LineString",
        "coordinates": [
          [
            126.7143264,
            36.0348695
          ],
          [
            126.721791,
            36.0347979
          ]
        ]
      },
      "properties": {
        "osm_type": "way",
        "osm_id": 1093121183,
        "sido": "충청남도",
        "power_type": "cable",
        "name": "",
        "description": "",
        "voltage": "154000",
        "cables": "",
        "circuits": "",
        "frequency": "60",
        "operator": "",
        "wires": ""
      }
    },
    {
      "type": "Feature",
      "geometry": {
        "type": "LineString",
        "coordinates": [
          [
            127.0372448,
            36.2190935
          ],
          [
            127.0337105,
            36.2202059
          ],
          [
            127.0305455,
            36.2212749
          ],
          [
            127.0274717,
            36.2223049
          ],
          [
            127.0245212,
            36.2232613
          ],
          [
            127.0214796,
            36.2242999
          ],
          [
            127.0181537,
            36.2254077
          ],
          [
            127.0165873,
            36.2259573
          ],
          [
            127.0134866,
            36.2270348
          ],
          [
            127.0120382,
            36.2275411
          ],
          [
            127.0079935,
            36.2288869
          ],
          [
            127.0056975,
            36.2296615
          ],
          [
            127.0031494,
            36.2305702
          ],
          [
            127.0012289,
            36.2311241
          ],
          [
            126.9994318,
            36.2309337
          ],
          [
            126.9960952,
            36.2307043
          ],
          [
            126.9927853,
            36.230462
          ],
          [
            126.9893843,
            36.2300985
          ],
          [
            126.9865331,
            36.229311
          ],
          [
            126.9839662,
            36.2285689
          ],
          [
            126.981107,
            36.2276818
          ],
          [
            126.9803452,
            36.2290254
          ],
          [
            126.9791034,
            36.2313426
          ],
          [
            126.9787601,
            36.2321453
          ]
        ]
      },
      "properties": {
        "osm_type": "way",
        "osm_id": 1093121184,
        "sido": "충청남도",
        "power_type": "line",
        "name": "",
        "description": "",
        "voltage": "154000",
        "cables": "6",
        "circuits": "2",
        "frequency": "60",
        "operator": "",
        "wires": ""
      }
    },
    {
      "type": "Feature",
      "geometry": {
        "type": "LineString",
        "coordinates": [
          [
            126.6380632,
            36.7722448
          ],
          [
            126.6370931,
            36.7724254
          ]
        ]
      },
      "properties": {
        "osm_type": "way",
        "osm_id": 1095918255,
        "sido": "충청남도",
        "power_type": "line",
        "name": "",
        "description": "",
        "voltage": "765000",
        "cables": "3",
        "circuits": "",
        "frequency": "60",
        "operator": "",
        "wires": ""
      }
    },
    {
      "type": "Feature",
      "geometry": {
        "type": "LineString",
        "coordinates": [
          [
            126.6378501,
            36.7718713
          ],
          [
            126.6370931,
            36.7724254
          ]
        ]
      },
      "properties": {
        "osm_type": "way",
        "osm_id": 1095918256,
        "sido": "충청남도",
        "power_type": "line",
        "name": "",
        "description": "",
        "voltage": "765000",
        "cables": "3",
        "circuits": "",
        "frequency": "60",
        "operator": "",
        "wires": ""
      }
    },
    {
      "type": "Feature",
      "geometry": {
        "type": "LineString",
        "coordinates": [
          [
            126.6374785,
            36.77122
          ],
          [
            126.6368328,
            36.771609
          ]
        ]
      },
      "properties": {
        "osm_type": "way",
        "osm_id": 1095918257,
        "sido": "충청남도",
        "power_type": "line",
        "name": "",
        "description": "",
        "voltage": "765000",
        "cables": "3",
        "circuits": "",
        "frequency": "60",
        "operator": "",
        "wires": ""
      }
    },
    {
      "type": "Feature",
      "geometry": {
        "type": "LineString",
        "coordinates": [
          [
            126.6376755,
            36.7715652
          ],
          [
            126.6368328,
            36.771609
          ]
        ]
      },
      "properties": {
        "osm_type": "way",
        "osm_id": 1095918258,
        "sido": "충청남도",
        "power_type": "line",
        "name": "",
        "description": "",
        "voltage": "765000",
        "cables": "3",
        "circuits": "",
        "frequency": "60",
        "operator": "",
        "wires": ""
      }
    },
    {
      "type": "Feature",
      "geometry": {
        "type": "LineString",
        "coordinates": [
          [
            126.4912308,
            36.3988669
          ],
          [
            126.4902746,
            36.4002859
          ]
        ]
      },
      "properties": {
        "osm_type": "way",
        "osm_id": 1096947406,
        "sido": "충청남도",
        "power_type": "line",
        "name": "",
        "description": "",
        "voltage": "345000",
        "cables": "3",
        "circuits": "1",
        "frequency": "60",
        "operator": "",
        "wires": ""
      }
    },
    {
      "type": "Feature",
      "geometry": {
        "type": "LineString",
        "coordinates": [
          [
            126.4905444,
            36.4003117
          ],
          [
            126.4912308,
            36.3988669
          ]
        ]
      },
      "properties": {
        "osm_type": "way",
        "osm_id": 1096947407,
        "sido": "충청남도",
        "power_type": "line",
        "name": "",
        "description": "",
        "voltage": "345000",
        "cables": "3",
        "circuits": "1",
        "frequency": "60",
        "operator": "",
        "wires": ""
      }
    },
    {
      "type": "Feature",
      "geometry": {
        "type": "LineString",
        "coordinates": [
          [
            126.9236273,
            36.7903116
          ],
          [
            126.9238204,
            36.7899465
          ]
        ]
      },
      "properties": {
        "osm_type": "way",
        "osm_id": 1096947408,
        "sido": "충청남도",
        "power_type": "line",
        "name": "",
        "description": "",
        "voltage": "154000",
        "cables": "3",
        "circuits": "",
        "frequency": "60",
        "operator": "",
        "wires": ""
      }
    },
    {
      "type": "Feature",
      "geometry": {
        "type": "LineString",
        "coordinates": [
          [
            126.9237892,
            36.7903883
          ],
          [
            126.9238204,
            36.7899465
          ]
        ]
      },
      "properties": {
        "osm_type": "way",
        "osm_id": 1096947409,
        "sido": "충청남도",
        "power_type": "line",
        "name": "",
        "description": "",
        "voltage": "154000",
        "cables": "3",
        "circuits": "",
        "frequency": "60",
        "operator": "",
        "wires": ""
      }
    },
    {
      "type": "Feature",
      "geometry": {
        "type": "LineString",
        "coordinates": [
          [
            126.9238913,
            36.7904367
          ],
          [
            126.9240752,
            36.7900646
          ]
        ]
      },
      "properties": {
        "osm_type": "way",
        "osm_id": 1096947410,
        "sido": "충청남도",
        "power_type": "line",
        "name": "",
        "description": "",
        "voltage": "154000",
        "cables": "3",
        "circuits": "",
        "frequency": "60",
        "operator": "",
        "wires": ""
      }
    },
    {
      "type": "Feature",
      "geometry": {
        "type": "LineString",
        "coordinates": [
          [
            126.9240055,
            36.7904907
          ],
          [
            126.9240752,
            36.7900646
          ]
        ]
      },
      "properties": {
        "osm_type": "way",
        "osm_id": 1096947411,
        "sido": "충청남도",
        "power_type": "line",
        "name": "",
        "description": "",
        "voltage": "154000",
        "cables": "3",
        "circuits": "",
        "frequency": "60",
        "operator": "",
        "wires": ""
      }
    },
    {
      "type": "Feature",
      "geometry": {
        "type": "LineString",
        "coordinates": [
          [
            126.9241273,
            36.7905484
          ],
          [
            126.924684,
            36.7899937
          ]
        ]
      },
      "properties": {
        "osm_type": "way",
        "osm_id": 1096947412,
        "sido": "충청남도",
        "power_type": "line",
        "name": "",
        "description": "",
        "voltage": "154000",
        "cables": "3",
        "circuits": "",
        "frequency": "60",
        "operator": "",
        "wires": ""
      }
    },
    {
      "type": "Feature",
      "geometry": {
        "type": "LineString",
        "coordinates": [
          [
            126.9242454,
            36.7906044
          ],
          [
            126.924684,
            36.7899937
          ]
        ]
      },
      "properties": {
        "osm_type": "way",
        "osm_id": 1096947413,
        "sido": "충청남도",
        "power_type": "line",
        "name": "",
        "description": "",
        "voltage": "154000",
        "cables": "3",
        "circuits": "",
        "frequency": "60",
        "operator": "",
        "wires": ""
      }
    },
    {
      "type": "Feature",
      "geometry": {
        "type": "LineString",
        "coordinates": [
          [
            126.9243768,
            36.7906666
          ],
          [
            126.9249362,
            36.7903138
          ]
        ]
      },
      "properties": {
        "osm_type": "way",
        "osm_id": 1096947414,
        "sido": "충청남도",
        "power_type": "line",
        "name": "",
        "description": "",
        "voltage": "154000",
        "cables": "3",
        "circuits": "",
        "frequency": "60",
        "operator": "",
        "wires": ""
      }
    },
    {
      "type": "Feature",
      "geometry": {
        "type": "LineString",
        "coordinates": [
          [
            126.9244936,
            36.7907219
          ],
          [
            126.9249362,
            36.7903138
          ]
        ]
      },
      "properties": {
        "osm_type": "way",
        "osm_id": 1096947415,
        "sido": "충청남도",
        "power_type": "line",
        "name": "",
        "description": "",
        "voltage": "154000",
        "cables": "3",
        "circuits": "",
        "frequency": "60",
        "operator": "",
        "wires": ""
      }
    },
    {
      "type": "Feature",
      "geometry": {
        "type": "LineString",
        "coordinates": [
          [
            126.9240752,
            36.7900646
          ],
          [
            126.9238204,
            36.7899465
          ]
        ]
      },
      "properties": {
        "osm_type": "way",
        "osm_id": 1096947416,
        "sido": "충청남도",
        "power_type": "line",
        "name": "",
        "description": "",
        "voltage": "154000",
        "cables": "6",
        "circuits": "2",
        "frequency": "60",
        "operator": "",
        "wires": ""
      }
    },
    {
      "type": "Feature",
      "geometry": {
        "type": "LineString",
        "coordinates": [
          [
            126.9249362,
            36.7903138
          ],
          [
            126.924684,
            36.7899937
          ]
        ]
      },
      "properties": {
        "osm_type": "way",
        "osm_id": 1096947417,
        "sido": "충청남도",
        "power_type": "line",
        "name": "",
        "description": "",
        "voltage": "154000",
        "cables": "6",
        "circuits": "2",
        "frequency": "60",
        "operator": "",
        "wires": ""
      }
    },
    {
      "type": "Feature",
      "geometry": {
        "type": "LineString",
        "coordinates": [
          [
            127.0447337,
            36.7644119
          ],
          [
            127.0408563,
            36.7651653
          ]
        ]
      },
      "properties": {
        "osm_type": "way",
        "osm_id": 1096947418,
        "sido": "충청남도",
        "power_type": "line",
        "name": "",
        "description": "",
        "voltage": "154000",
        "cables": "6",
        "circuits": "2",
        "frequency": "60",
        "operator": "",
        "wires": ""
      }
    },
    {
      "type": "Feature",
      "geometry": {
        "type": "LineString",
        "coordinates": [
          [
            127.041226,
            36.7652726
          ],
          [
            127.0447337,
            36.7644119
          ]
        ]
      },
      "properties": {
        "osm_type": "way",
        "osm_id": 1096947419,
        "sido": "충청남도",
        "power_type": "line",
        "name": "",
        "description": "",
        "voltage": "154000",
        "cables": "6",
        "circuits": "2",
        "frequency": "60",
        "operator": "",
        "wires": ""
      }
    },
    {
      "type": "Feature",
      "geometry": {
        "type": "LineString",
        "coordinates": [
          [
            127.140111,
            36.8891761
          ],
          [
            127.1368065,
            36.888333
          ],
          [
            127.1335128,
            36.8872904
          ],
          [
            127.129527,
            36.8860654
          ],
          [
            127.1254528,
            36.886473
          ],
          [
            127.1233982,
            36.8882407
          ],
          [
            127.11923,
            36.8887684
          ],
          [
            127.1159095,
            36.8860096
          ],
          [
            127.1116152,
            36.8842204
          ],
          [
            127.1087533,
            36.8824054
          ],
          [
            127.1056768,
            36.8827079
          ],
          [
            127.1032038,
            36.8822745
          ]
        ]
      },
      "properties": {
        "osm_type": "way",
        "osm_id": 1099438207,
        "sido": "충청남도",
        "power_type": "line",
        "name": "",
        "description": "",
        "voltage": "154000",
        "cables": "12",
        "circuits": "4",
        "frequency": "60",
        "operator": "",
        "wires": ""
      }
    },
    {
      "type": "Feature",
      "geometry": {
        "type": "LineString",
        "coordinates": [
          [
            127.0063198,
            36.880378
          ],
          [
            127.0065638,
            36.8799381
          ]
        ]
      },
      "properties": {
        "osm_type": "way",
        "osm_id": 1099438210,
        "sido": "충청남도",
        "power_type": "line",
        "name": "",
        "description": "",
        "voltage": "345000",
        "cables": "3",
        "circuits": "",
        "frequency": "60",
        "operator": "",
        "wires": ""
      }
    },
    {
      "type": "Feature",
      "geometry": {
        "type": "LineString",
        "coordinates": [
          [
            127.0066922,
            36.8794664
          ],
          [
            127.0061466,
            36.8794292
          ]
        ]
      },
      "properties": {
        "osm_type": "way",
        "osm_id": 1099438211,
        "sido": "충청남도",
        "power_type": "line",
        "name": "",
        "description": "",
        "voltage": "345000",
        "cables": "3",
        "circuits": "",
        "frequency": "60",
        "operator": "",
        "wires": ""
      }
    },
    {
      "type": "Feature",
      "geometry": {
        "type": "LineString",
        "coordinates": [
          [
            127.0061466,
            36.8794292
          ],
          [
            127.0066242,
            36.8796313
          ]
        ]
      },
      "properties": {
        "osm_type": "way",
        "osm_id": 1099438212,
        "sido": "충청남도",
        "power_type": "line",
        "name": "",
        "description": "",
        "voltage": "345000",
        "cables": "3",
        "circuits": "",
        "frequency": "60",
        "operator": "",
        "wires": ""
      }
    },
    {
      "type": "Feature",
      "geometry": {
        "type": "LineString",
        "coordinates": [
          [
            127.0063198,
            36.880378
          ],
          [
            127.0067757,
            36.8800025
          ]
        ]
      },
      "properties": {
        "osm_type": "way",
        "osm_id": 1099438213,
        "sido": "충청남도",
        "power_type": "line",
        "name": "",
        "description": "",
        "voltage": "345000",
        "cables": "3",
        "circuits": "",
        "frequency": "60",
        "operator": "",
        "wires": ""
      }
    },
    {
      "type": "Feature",
      "geometry": {
        "type": "LineString",
        "coordinates": [
          [
            127.0058746,
            36.8790824
          ],
          [
            127.0068347,
            36.8791207
          ]
        ]
      },
      "properties": {
        "osm_type": "way",
        "osm_id": 1099438214,
        "sido": "충청남도",
        "power_type": "line",
        "name": "",
        "description": "",
        "voltage": "345000",
        "cables": "3",
        "circuits": "",
        "frequency": "60",
        "operator": "",
        "wires": ""
      }
    },
    {
      "type": "Feature",
      "geometry": {
        "type": "LineString",
        "coordinates": [
          [
            127.006763,
            36.8792947
          ],
          [
            127.0058746,
            36.8790824
          ]
        ]
      },
      "properties": {
        "osm_type": "way",
        "osm_id": 1099438215,
        "sido": "충청남도",
        "power_type": "line",
        "name": "",
        "description": "",
        "voltage": "345000",
        "cables": "3",
        "circuits": "",
        "frequency": "60",
        "operator": "",
        "wires": ""
      }
    },
    {
      "type": "Feature",
      "geometry": {
        "type": "LineString",
        "coordinates": [
          [
            127.0124301,
            36.8791185
          ],
          [
            127.0080451,
            36.879971
          ],
          [
            127.0063198,
            36.880378
          ]
        ]
      },
      "properties": {
        "osm_type": "way",
        "osm_id": 1099438216,
        "sido": "충청남도",
        "power_type": "line",
        "name": "",
        "description": "",
        "voltage": "345000",
        "cables": "6",
        "circuits": "2",
        "frequency": "60",
        "operator": "",
        "wires": ""
      }
    },
    {
      "type": "Feature",
      "geometry": {
        "type": "LineString",
        "coordinates": [
          [
            127.004233,
            36.8777368
          ],
          [
            127.0058746,
            36.8790824
          ]
        ]
      },
      "properties": {
        "osm_type": "way",
        "osm_id": 1099438217,
        "sido": "충청남도",
        "power_type": "line",
        "name": "",
        "description": "",
        "voltage": "345000",
        "cables": "6",
        "circuits": "2",
        "frequency": "60",
        "operator": "",
        "wires": ""
      }
    },
    {
      "type": "Feature",
      "geometry": {
        "type": "LineString",
        "coordinates": [
          [
            127.0124301,
            36.8791185
          ],
          [
            127.0087713,
            36.8782904
          ],
          [
            127.004233,
            36.8777368
          ]
        ]
      },
      "properties": {
        "osm_type": "way",
        "osm_id": 1099438218,
        "sido": "충청남도",
        "power_type": "line",
        "name": "",
        "description": "",
        "voltage": "345000",
        "cables": "6",
        "circuits": "2",
        "frequency": "60",
        "operator": "",
        "wires": ""
      }
    },
    {
      "type": "Feature",
      "geometry": {
        "type": "LineString",
        "coordinates": [
          [
            126.9992387,
            36.8693773
          ],
          [
            126.9960523,
            36.867592
          ],
          [
            126.9947326,
            36.8648711
          ],
          [
            126.9901031,
            36.864356
          ],
          [
            126.986407,
            36.8633174
          ]
        ]
      },
      "properties": {
        "osm_type": "way",
        "osm_id": 1099438219,
        "sido": "충청남도",
        "power_type": "line",
        "name": "",
        "description": "",
        "voltage": "345000",
        "cables": "6",
        "circuits": "2",
        "frequency": "60",
        "operator": "",
        "wires": ""
      }
    },
    {
      "type": "Feature",
      "geometry": {
        "type": "LineString",
        "coordinates": [
          [
            126.986407,
            36.8633174
          ],
          [
            126.9810104,
            36.86115
          ],
          [
            126.975131,
            36.8601885
          ],
          [
            126.9724917,
            36.8577248
          ],
          [
            126.9703917,
            36.855748
          ],
          [
            126.9694771,
            36.85169
          ],
          [
            126.9685169,
            36.8476118
          ],
          [
            126.964676,
            36.8427695
          ],
          [
            126.9619831,
            36.8393435
          ],
          [
            126.9606097,
            36.8359475
          ],
          [
            126.9588877,
            36.8317999
          ],
          [
            126.9567715,
            36.8308055
          ]
        ]
      },
      "properties": {
        "osm_type": "way",
        "osm_id": 1099438220,
        "sido": "충청남도",
        "power_type": "line",
        "name": "",
        "description": "",
        "voltage": "345000",
        "cables": "12",
        "circuits": "4",
        "frequency": "60",
        "operator": "",
        "wires": ""
      }
    },
    {
      "type": "Feature",
      "geometry": {
        "type": "LineString",
        "coordinates": [
          [
            126.9567715,
            36.8308055
          ],
          [
            126.9527186,
            36.828352
          ],
          [
            126.9477754,
            36.8260393
          ],
          [
            126.9443395,
            36.8244187
          ],
          [
            126.9402008,
            36.8226641
          ],
          [
            126.9381275,
            36.8214472
          ],
          [
            126.9347264,
            36.8189822
          ],
          [
            126.9323828,
            36.817227
          ],
          [
            126.9296045,
            36.8152777
          ],
          [
            126.926887,
            36.8133338
          ],
          [
            126.9239697,
            36.8111552
          ],
          [
            126.9216587,
            36.8094223
          ],
          [
            126.9198241,
            36.8061753
          ],
          [
            126.9179572,
            36.8029968
          ],
          [
            126.9162514,
            36.800033
          ],
          [
            126.9175609,
            36.7978084
          ],
          [
            126.9189604,
            36.7953169
          ],
          [
            126.9204991,
            36.792589
          ],
          [
            126.9225859,
            36.7915668
          ]
        ]
      },
      "properties": {
        "osm_type": "way",
        "osm_id": 1099438221,
        "sido": "충청남도",
        "power_type": "line",
        "name": "",
        "description": "",
        "voltage": "345000",
        "cables": "6",
        "circuits": "2",
        "frequency": "60",
        "operator": "",
        "wires": ""
      }
    },
    {
      "type": "Feature",
      "geometry": {
        "type": "LineString",
        "coordinates": [
          [
            126.5809697,
            36.8542009
          ],
          [
            126.5803394,
            36.852926
          ]
        ]
      },
      "properties": {
        "osm_type": "way",
        "osm_id": 1099438222,
        "sido": "충청남도",
        "power_type": "line",
        "name": "",
        "description": "",
        "voltage": "345000",
        "cables": "12",
        "circuits": "4",
        "frequency": "60",
        "operator": "",
        "wires": ""
      }
    },
    {
      "type": "Feature",
      "geometry": {
        "type": "LineString",
        "coordinates": [
          [
            126.6186355,
            36.8418342
          ],
          [
            126.6185727,
            36.8387558
          ],
          [
            126.6184751,
            36.8345044
          ],
          [
            126.6230422,
            36.8276335
          ],
          [
            126.6237516,
            36.8252342
          ],
          [
            126.6259065,
            36.8223948
          ],
          [
            126.6297198,
            36.8175958
          ],
          [
            126.6313426,
            36.813897
          ],
          [
            126.6323802,
            36.8117529
          ],
          [
            126.6334444,
            36.8094312
          ],
          [
            126.6373197,
            36.8072941
          ],
          [
            126.6399446,
            36.8058456
          ],
          [
            126.6432347,
            36.8066054
          ],
          [
            126.6474558,
            36.8064491
          ],
          [
            126.6493004,
            36.8044113
          ],
          [
            126.6509144,
            36.8027356
          ],
          [
            126.6525815,
            36.8009533
          ],
          [
            126.6544793,
            36.7987662
          ],
          [
            126.6566963,
            36.7942214
          ],
          [
            126.6574856,
            36.7917288
          ],
          [
            126.6557116,
            36.7887794
          ],
          [
            126.653812,
            36.7854866
          ],
          [
            126.6550953,
            36.783573
          ],
          [
            126.6569105,
            36.7767839
          ],
          [
            126.6577632,
            36.7740586
          ],
          [
            126.6576619,
            36.7721245
          ]
        ]
      },
      "properties": {
        "osm_type": "way",
        "osm_id": 1099438223,
        "sido": "충청남도",
        "power_type": "line",
        "name": "",
        "description": "",
        "voltage": "345000",
        "cables": "12",
        "circuits": "4",
        "frequency": "60",
        "operator": "",
        "wires": ""
      }
    },
    {
      "type": "Feature",
      "geometry": {
        "type": "LineString",
        "coordinates": [
          [
            126.6397165,
            36.7709213
          ],
          [
            126.640729,
            36.7711548
          ]
        ]
      },
      "properties": {
        "osm_type": "way",
        "osm_id": 1099438224,
        "sido": "충청남도",
        "power_type": "line",
        "name": "",
        "description": "",
        "voltage": "345000",
        "cables": "3",
        "circuits": "",
        "frequency": "60",
        "operator": "",
        "wires": ""
      }
    },
    {
      "type": "Feature",
      "geometry": {
        "type": "LineString",
        "coordinates": [
          [
            126.6397981,
            36.7710909
          ],
          [
            126.640729,
            36.7711548
          ]
        ]
      },
      "properties": {
        "osm_type": "way",
        "osm_id": 1099438225,
        "sido": "충청남도",
        "power_type": "line",
        "name": "",
        "description": "",
        "voltage": "345000",
        "cables": "3",
        "circuits": "",
        "frequency": "60",
        "operator": "",
        "wires": ""
      }
    },
    {
      "type": "Feature",
      "geometry": {
        "type": "LineString",
        "coordinates": [
          [
            126.6398869,
            36.7712754
          ],
          [
            126.6409211,
            36.7714252
          ]
        ]
      },
      "properties": {
        "osm_type": "way",
        "osm_id": 1099438226,
        "sido": "충청남도",
        "power_type": "line",
        "name": "",
        "description": "",
        "voltage": "345000",
        "cables": "3",
        "circuits": "",
        "frequency": "60",
        "operator": "",
        "wires": ""
      }
    },
    {
      "type": "Feature",
      "geometry": {
        "type": "LineString",
        "coordinates": [
          [
            126.6399863,
            36.7714821
          ],
          [
            126.6409211,
            36.7714252
          ]
        ]
      },
      "properties": {
        "osm_type": "way",
        "osm_id": 1099438227,
        "sido": "충청남도",
        "power_type": "line",
        "name": "",
        "description": "",
        "voltage": "345000",
        "cables": "3",
        "circuits": "",
        "frequency": "60",
        "operator": "",
        "wires": ""
      }
    },
    {
      "type": "Feature",
      "geometry": {
        "type": "LineString",
        "coordinates": [
          [
            126.6394767,
            36.7704228
          ],
          [
            126.6403543,
            36.7699919
          ]
        ]
      },
      "properties": {
        "osm_type": "way",
        "osm_id": 1099438228,
        "sido": "충청남도",
        "power_type": "line",
        "name": "",
        "description": "",
        "voltage": "345000",
        "cables": "3",
        "circuits": "",
        "frequency": "60",
        "operator": "",
        "wires": ""
      }
    },
    {
      "type": "Feature",
      "geometry": {
        "type": "LineString",
        "coordinates": [
          [
            126.639569,
            36.7706147
          ],
          [
            126.6403543,
            36.7699919
          ]
        ]
      },
      "properties": {
        "osm_type": "way",
        "osm_id": 1099438229,
        "sido": "충청남도",
        "power_type": "line",
        "name": "",
        "description": "",
        "voltage": "345000",
        "cables": "3",
        "circuits": "",
        "frequency": "60",
        "operator": "",
        "wires": ""
      }
    },
    {
      "type": "Feature",
      "geometry": {
        "type": "LineString",
        "coordinates": [
          [
            126.2248354,
            36.8998736
          ],
          [
            126.2239623,
            36.8999014
          ]
        ]
      },
      "properties": {
        "osm_type": "way",
        "osm_id": 1099438230,
        "sido": "충청남도",
        "power_type": "line",
        "name": "",
        "description": "",
        "voltage": "345000",
        "cables": "",
        "circuits": "",
        "frequency": "60",
        "operator": "",
        "wires": ""
      }
    },
    {
      "type": "Feature",
      "geometry": {
        "type": "LineString",
        "coordinates": [
          [
            126.2231764,
            36.9004012
          ],
          [
            126.2244813,
            36.9006897
          ]
        ]
      },
      "properties": {
        "osm_type": "way",
        "osm_id": 1099438231,
        "sido": "충청남도",
        "power_type": "line",
        "name": "",
        "description": "",
        "voltage": "345000",
        "cables": "",
        "circuits": "",
        "frequency": "60",
        "operator": "",
        "wires": ""
      }
    },
    {
      "type": "Feature",
      "geometry": {
        "type": "LineString",
        "coordinates": [
          [
            126.2247562,
            36.9000698
          ],
          [
            126.2239623,
            36.8999014
          ]
        ]
      },
      "properties": {
        "osm_type": "way",
        "osm_id": 1099438232,
        "sido": "충청남도",
        "power_type": "line",
        "name": "",
        "description": "",
        "voltage": "345000",
        "cables": "",
        "circuits": "",
        "frequency": "60",
        "operator": "",
        "wires": ""
      }
    },
    {
      "type": "Feature",
      "geometry": {
        "type": "LineString",
        "coordinates": [
          [
            126.5812486,
            36.8525139
          ],
          [
            126.5816885,
            36.8520718
          ]
        ]
      },
      "properties": {
        "osm_type": "way",
        "osm_id": 1099438233,
        "sido": "충청남도",
        "power_type": "line",
        "name": "",
        "description": "",
        "voltage": "345000",
        "cables": "",
        "circuits": "",
        "frequency": "60",
        "operator": "",
        "wires": ""
      }
    },
    {
      "type": "Feature",
      "geometry": {
        "type": "LineString",
        "coordinates": [
          [
            126.5811574,
            36.8523723
          ],
          [
            126.5816885,
            36.8520718
          ]
        ]
      },
      "properties": {
        "osm_type": "way",
        "osm_id": 1099438234,
        "sido": "충청남도",
        "power_type": "line",
        "name": "",
        "description": "",
        "voltage": "345000",
        "cables": "",
        "circuits": "",
        "frequency": "60",
        "operator": "",
        "wires": ""
      }
    },
    {
      "type": "Feature",
      "geometry": {
        "type": "LineString",
        "coordinates": [
          [
            126.5817207,
            36.8542825
          ],
          [
            126.5809697,
            36.8542009
          ]
        ]
      },
      "properties": {
        "osm_type": "way",
        "osm_id": 1099438235,
        "sido": "충청남도",
        "power_type": "line",
        "name": "",
        "description": "",
        "voltage": "345000",
        "cables": "3",
        "circuits": "",
        "frequency": "60",
        "operator": "",
        "wires": ""
      }
    },
    {
      "type": "Feature",
      "geometry": {
        "type": "LineString",
        "coordinates": [
          [
            126.5815762,
            36.8539433
          ],
          [
            126.5809697,
            36.8542009
          ]
        ]
      },
      "properties": {
        "osm_type": "way",
        "osm_id": 1099438236,
        "sido": "충청남도",
        "power_type": "line",
        "name": "",
        "description": "",
        "voltage": "345000",
        "cables": "3",
        "circuits": "",
        "frequency": "60",
        "operator": "",
        "wires": ""
      }
    },
    {
      "type": "Feature",
      "geometry": {
        "type": "LineString",
        "coordinates": [
          [
            126.5814994,
            36.853763
          ],
          [
            126.5809697,
            36.8542009
          ]
        ]
      },
      "properties": {
        "osm_type": "way",
        "osm_id": 1099438237,
        "sido": "충청남도",
        "power_type": "line",
        "name": "",
        "description": "",
        "voltage": "345000",
        "cables": "3",
        "circuits": "",
        "frequency": "60",
        "operator": "",
        "wires": ""
      }
    },
    {
      "type": "Feature",
      "geometry": {
        "type": "LineString",
        "coordinates": [
          [
            126.58166,
            36.8541399
          ],
          [
            126.5809697,
            36.8542009
          ]
        ]
      },
      "properties": {
        "osm_type": "way",
        "osm_id": 1099438238,
        "sido": "충청남도",
        "power_type": "line",
        "name": "",
        "description": "",
        "voltage": "345000",
        "cables": "3",
        "circuits": "",
        "frequency": "60",
        "operator": "",
        "wires": ""
      }
    },
    {
      "type": "Feature",
      "geometry": {
        "type": "LineString",
        "coordinates": [
          [
            126.7827979,
            36.9535485
          ],
          [
            126.7825592,
            36.9534328
          ]
        ]
      },
      "properties": {
        "osm_type": "way",
        "osm_id": 1099438239,
        "sido": "충청남도",
        "power_type": "line",
        "name": "",
        "description": "",
        "voltage": "345000",
        "cables": "3",
        "circuits": "",
        "frequency": "60",
        "operator": "",
        "wires": ""
      }
    },
    {
      "type": "Feature",
      "geometry": {
        "type": "LineString",
        "coordinates": [
          [
            126.7829668,
            36.9534049
          ],
          [
            126.7825592,
            36.9534328
          ]
        ]
      },
      "properties": {
        "osm_type": "way",
        "osm_id": 1099438240,
        "sido": "충청남도",
        "power_type": "line",
        "name": "",
        "description": "",
        "voltage": "345000",
        "cables": "3",
        "circuits": "",
        "frequency": "60",
        "operator": "",
        "wires": ""
      }
    },
    {
      "type": "Feature",
      "geometry": {
        "type": "LineString",
        "coordinates": [
          [
            126.4405639,
            37.0449436
          ],
          [
            126.4409898,
            37.0439722
          ],
          [
            126.4435032,
            37.0377009
          ],
          [
            126.4462562,
            37.030847
          ],
          [
            126.449327,
            37.023719
          ],
          [
            126.4525607,
            37.0162261
          ],
          [
            126.4519588,
            37.014985
          ],
          [
            126.4478105,
            37.0051659
          ],
          [
            126.4473213,
            37.0040898
          ]
        ]
      },
      "properties": {
        "osm_type": "way",
        "osm_id": 1106553224,
        "sido": "충청남도",
        "power_type": "minor_line",
        "name": "",
        "description": "",
        "voltage": "22900",
        "cables": "4",
        "circuits": "",
        "frequency": "60",
        "operator": "",
        "wires": ""
      }
    },
    {
      "type": "Feature",
      "geometry": {
        "type": "LineString",
        "coordinates": [
          [
            126.431832,
            36.3796356
          ],
          [
            126.4339132,
            36.3804138
          ],
          [
            126.440066,
            36.3825333
          ]
        ]
      },
      "properties": {
        "osm_type": "way",
        "osm_id": 1106553225,
        "sido": "충청남도",
        "power_type": "minor_line",
        "name": "",
        "description": "",
        "voltage": "22900",
        "cables": "4",
        "circuits": "",
        "frequency": "60",
        "operator": "",
        "wires": ""
      }
    },
    {
      "type": "Feature",
      "geometry": {
        "type": "LineString",
        "coordinates": [
          [
            126.3164235,
            36.9032223
          ],
          [
            126.3166166,
            36.9032773
          ],
          [
            126.3181623,
            36.9037173
          ],
          [
            126.3327567,
            36.9075334
          ],
          [
            126.337343,
            36.9087492
          ]
        ]
      },
      "properties": {
        "osm_type": "way",
        "osm_id": 1106736566,
        "sido": "충청남도",
        "power_type": "minor_line",
        "name": "",
        "description": "",
        "voltage": "22900",
        "cables": "4",
        "circuits": "",
        "frequency": "60",
        "operator": "",
        "wires": ""
      }
    },
    {
      "type": "Feature",
      "geometry": {
        "type": "LineString",
        "coordinates": [
          [
            126.3518876,
            36.9187702
          ],
          [
            126.353975,
            36.9306846
          ]
        ]
      },
      "properties": {
        "osm_type": "way",
        "osm_id": 1106736576,
        "sido": "충청남도",
        "power_type": "minor_line",
        "name": "",
        "description": "",
        "voltage": "22900",
        "cables": "",
        "circuits": "",
        "frequency": "60",
        "operator": "",
        "wires": ""
      }
    },
    {
      "type": "Feature",
      "geometry": {
        "type": "LineString",
        "coordinates": [
          [
            126.353975,
            36.9306846
          ],
          [
            126.3396781,
            36.9309408
          ]
        ]
      },
      "properties": {
        "osm_type": "way",
        "osm_id": 1106736577,
        "sido": "충청남도",
        "power_type": "minor_line",
        "name": "",
        "description": "",
        "voltage": "22900",
        "cables": "",
        "circuits": "",
        "frequency": "60",
        "operator": "",
        "wires": ""
      }
    },
    {
      "type": "Feature",
      "geometry": {
        "type": "LineString",
        "coordinates": [
          [
            126.353975,
            36.9306846
          ],
          [
            126.3594479,
            36.9395381
          ],
          [
            126.3605079,
            36.9411884
          ]
        ]
      },
      "properties": {
        "osm_type": "way",
        "osm_id": 1106736578,
        "sido": "충청남도",
        "power_type": "minor_line",
        "name": "",
        "description": "",
        "voltage": "22900",
        "cables": "4",
        "circuits": "",
        "frequency": "60",
        "operator": "",
        "wires": ""
      }
    },
    {
      "type": "Feature",
      "geometry": {
        "type": "LineString",
        "coordinates": [
          [
            126.4642875,
            36.7967439
          ],
          [
            126.4636874,
            36.7969873
          ],
          [
            126.4628023,
            36.7979108
          ]
        ]
      },
      "properties": {
        "osm_type": "way",
        "osm_id": 1113267945,
        "sido": "충청남도",
        "power_type": "line",
        "name": "",
        "description": "",
        "voltage": "154000",
        "cables": "12",
        "circuits": "4",
        "frequency": "60",
        "operator": "",
        "wires": ""
      }
    },
    {
      "type": "Feature",
      "geometry": {
        "type": "LineString",
        "coordinates": [
          [
            126.4324343,
            36.8147563
          ],
          [
            126.4324692,
            36.8117671
          ],
          [
            126.4345908,
            36.8102919
          ],
          [
            126.4362082,
            36.8077632
          ],
          [
            126.4385216,
            36.806246
          ],
          [
            126.4389011,
            36.8049445
          ],
          [
            126.442962,
            36.8020259
          ],
          [
            126.4460653,
            36.8028528
          ],
          [
            126.4477444,
            36.8023395
          ],
          [
            126.4501369,
            36.7998353
          ],
          [
            126.4527172,
            36.7992253
          ],
          [
            126.456821,
            36.7982567
          ],
          [
            126.4595085,
            36.7989117
          ],
          [
            126.4635533,
            36.7967339
          ],
          [
            126.4641677,
            36.7964737
          ]
        ]
      },
      "properties": {
        "osm_type": "way",
        "osm_id": 1113267946,
        "sido": "충청남도",
        "power_type": "line",
        "name": "",
        "description": "",
        "voltage": "154000",
        "cables": "12",
        "circuits": "4",
        "frequency": "60",
        "operator": "",
        "wires": ""
      }
    },
    {
      "type": "Feature",
      "geometry": {
        "type": "LineString",
        "coordinates": [
          [
            126.2399644,
            36.8420888
          ],
          [
            126.2350345,
            36.8430612
          ],
          [
            126.2327814,
            36.8447913
          ],
          [
            126.230287,
            36.8466201
          ],
          [
            126.226666,
            36.8491056
          ],
          [
            126.2242413,
            36.8507068
          ],
          [
            126.221146,
            36.8527114
          ],
          [
            126.2177288,
            36.8538017
          ],
          [
            126.2162375,
            36.8568149
          ],
          [
            126.2149233,
            36.8595276
          ],
          [
            126.2138987,
            36.8616049
          ],
          [
            126.212284,
            36.8641243
          ],
          [
            126.2114096,
            36.8654462
          ],
          [
            126.2092155,
            36.8679783
          ],
          [
            126.2068927,
            36.8706734
          ],
          [
            126.2063563,
            36.873849
          ],
          [
            126.2058949,
            36.8765868
          ],
          [
            126.2076652,
            36.8789298
          ],
          [
            126.209355,
            36.8811696
          ],
          [
            126.2116885,
            36.8843277
          ],
          [
            126.2145799,
            36.8867133
          ],
          [
            126.2173855,
            36.8889916
          ],
          [
            126.2187535,
            36.8921965
          ],
          [
            126.2204218,
            36.8960405
          ],
          [
            126.2213874,
            36.8982948
          ],
          [
            126.221948,
            36.8995732
          ],
          [
            126.2231764,
            36.9004012
          ]
        ]
      },
      "properties": {
        "osm_type": "way",
        "osm_id": 1113267947,
        "sido": "충청남도",
        "power_type": "line",
        "name": "",
        "description": "",
        "voltage": "345000;345000;154000;154000",
        "cables": "12",
        "circuits": "4",
        "frequency": "60",
        "operator": "",
        "wires": ""
      }
    },
    {
      "type": "Feature",
      "geometry": {
        "type": "LineString",
        "coordinates": [
          [
            126.2863612,
            36.7426047
          ],
          [
            126.2827349,
            36.7443607
          ],
          [
            126.2791675,
            36.7459984
          ],
          [
            126.2775797,
            36.747836
          ],
          [
            126.277703,
            36.7512639
          ],
          [
            126.2778103,
            36.7542189
          ],
          [
            126.2754419,
            36.7580848
          ],
          [
            126.2734786,
            36.7598684
          ],
          [
            126.2714642,
            36.7617164
          ],
          [
            126.2696028,
            36.7634139
          ],
          [
            126.2689215,
            36.7661793
          ],
          [
            126.2682912,
            36.7688436
          ],
          [
            126.2692286,
            36.7716293
          ],
          [
            126.2700051,
            36.77394
          ],
          [
            126.2710619,
            36.7757575
          ],
          [
            126.2729073,
            36.7789672
          ],
          [
            126.2759462,
            36.7807546
          ],
          [
            126.2783092,
            36.7821896
          ],
          [
            126.281155,
            36.7838373
          ],
          [
            126.2840492,
            36.7855687
          ],
          [
            126.2869942,
            36.787285
          ],
          [
            126.2903148,
            36.7892956
          ]
        ]
      },
      "properties": {
        "osm_type": "way",
        "osm_id": 1113267948,
        "sido": "충청남도",
        "power_type": "line",
        "name": "",
        "description": "",
        "voltage": "154000",
        "cables": "12",
        "circuits": "4",
        "frequency": "60",
        "operator": "",
        "wires": ""
      }
    },
    {
      "type": "Feature",
      "geometry": {
        "type": "LineString",
        "coordinates": [
          [
            127.1087131,
            36.7904426
          ],
          [
            127.108351,
            36.7839017
          ]
        ]
      },
      "properties": {
        "osm_type": "way",
        "osm_id": 1195895337,
        "sido": "충청남도",
        "power_type": "cable",
        "name": "",
        "description": "",
        "voltage": "154000",
        "cables": "",
        "circuits": "",
        "frequency": "",
        "operator": "",
        "wires": ""
      }
    },
    {
      "type": "Feature",
      "geometry": {
        "type": "LineString",
        "coordinates": [
          [
            126.7534277,
            36.032926
          ],
          [
            126.7559058,
            36.0315573
          ],
          [
            126.7569822,
            36.0291792
          ],
          [
            126.7612547,
            36.0200991
          ],
          [
            126.7624794,
            36.0173656
          ],
          [
            126.7628046,
            36.016434
          ],
          [
            126.7616902,
            36.0137086
          ],
          [
            126.7605627,
            36.0110492
          ],
          [
            126.7592715,
            36.0085685
          ]
        ]
      },
      "properties": {
        "osm_type": "way",
        "osm_id": 1286731869,
        "sido": "충청남도",
        "power_type": "line",
        "name": "",
        "description": "",
        "voltage": "154000",
        "cables": "6",
        "circuits": "2",
        "frequency": "60",
        "operator": "",
        "wires": ""
      }
    },
    {
      "type": "Feature",
      "geometry": {
        "type": "LineString",
        "coordinates": [
          [
            126.6208307,
            36.308908
          ],
          [
            126.6199476,
            36.3053287
          ],
          [
            126.6192274,
            36.3023727
          ],
          [
            126.6187687,
            36.3004824
          ],
          [
            126.6189095,
            36.2968907
          ],
          [
            126.6190249,
            36.2941258
          ],
          [
            126.6191389,
            36.2911457
          ],
          [
            126.619218,
            36.2891664
          ],
          [
            126.6192931,
            36.2875557
          ],
          [
            126.619336,
            36.2850369
          ],
          [
            126.6194433,
            36.2822197
          ],
          [
            126.6195573,
            36.2787028
          ],
          [
            126.6199476,
            36.2760162
          ],
          [
            126.6203687,
            36.2731867
          ],
          [
            126.6207951,
            36.2702707
          ],
          [
            126.6211653,
            36.2676745
          ],
          [
            126.6223776,
            36.2646285
          ],
          [
            126.6236195,
            36.2614818
          ],
          [
            126.6259798,
            36.2595353
          ],
          [
            126.6286862,
            36.2573509
          ],
          [
            126.6312396,
            36.2554994
          ],
          [
            126.6326894,
            36.2545023
          ],
          [
            126.6337985,
            36.2537432
          ],
          [
            126.6388491,
            36.2514991
          ],
          [
            126.6418451,
            36.2475936
          ],
          [
            126.6433525,
            36.2455149
          ],
          [
            126.6448358,
            36.2435939
          ],
          [
            126.6463083,
            36.2416708
          ],
          [
            126.6484889,
            36.2405134
          ],
          [
            126.6513696,
            36.2389472
          ],
          [
            126.6534537,
            36.2369287
          ],
          [
            126.6544998,
            36.2358665
          ],
          [
            126.6558087,
            36.2343131
          ],
          [
            126.6572785,
            36.2324806
          ],
          [
            126.6583568,
            36.2294213
          ],
          [
            126.6571297,
            36.2267817
          ],
          [
            126.6561601,
            36.2231596
          ],
          [
            126.6563478,
            36.2210715
          ],
          [
            126.6566335,
            36.2180647
          ],
          [
            126.6567461,
            36.2168118
          ],
          [
            126.6571632,
            36.2122035
          ],
          [
            126.6574904,
            36.2086348
          ],
          [
            126.6573295,
            36.2067584
          ],
          [
            126.6569996,
            36.2030943
          ],
          [
            126.6567314,
            36.2010078
          ],
          [
            126.6565892,
            36.199892
          ],
          [
            126.6563371,
            36.197549
          ],
          [
            126.6559938,
            36.194168
          ],
          [
            126.6556022,
            36.1905011
          ],
          [
            126.65535,
            36.1878969
          ],
          [
            126.6530541,
            36.1856282
          ],
          [
            126.6507822,
            36.1841539
          ],
          [
            126.6494492,
            36.1832652
          ],
          [
            126.6466396,
            36.181425
          ],
          [
            126.6442135,
            36.1800178
          ],
          [
            126.6406554,
            36.1778946
          ],
          [
            126.6376045,
            36.1761586
          ],
          [
            126.6350296,
            36.1735854
          ],
          [
            126.634229,
            36.1727453
          ],
          [
            126.6321355,
            36.1704231
          ],
          [
            126.6304269,
            36.1683455
          ],
          [
            126.6279834,
            36.1653411
          ],
          [
            126.6261783,
            36.1643796
          ]
        ]
      },
      "properties": {
        "osm_type": "way",
        "osm_id": 1299932529,
        "sido": "충청남도",
        "power_type": "line",
        "name": "",
        "description": "",
        "voltage": "154000",
        "cables": "6",
        "circuits": "2",
        "frequency": "60",
        "operator": "",
        "wires": ""
      }
    },
    {
      "type": "Feature",
      "geometry": {
        "type": "LineString",
        "coordinates": [
          [
            126.7213029,
            36.9687181
          ],
          [
            126.721158,
            36.9715275
          ],
          [
            126.7210185,
            36.974114
          ],
          [
            126.7229256,
            36.9776174
          ],
          [
            126.7222148,
            36.9808722
          ],
          [
            126.7221102,
            36.9816478
          ]
        ]
      },
      "properties": {
        "osm_type": "way",
        "osm_id": 1317551379,
        "sido": "충청남도",
        "power_type": "line",
        "name": "",
        "description": "",
        "voltage": "345000",
        "cables": "6",
        "circuits": "2",
        "frequency": "60",
        "operator": "",
        "wires": ""
      }
    },
    {
      "type": "Feature",
      "geometry": {
        "type": "LineString",
        "coordinates": [
          [
            126.7209595,
            36.9630347
          ],
          [
            126.7210695,
            36.9658165
          ],
          [
            126.7213029,
            36.9687181
          ]
        ]
      },
      "properties": {
        "osm_type": "way",
        "osm_id": 1317551380,
        "sido": "충청남도",
        "power_type": "line",
        "name": "",
        "description": "",
        "voltage": "345000",
        "cables": "6",
        "circuits": "1",
        "frequency": "60",
        "operator": "",
        "wires": ""
      }
    },
    {
      "type": "Feature",
      "geometry": {
        "type": "LineString",
        "coordinates": [
          [
            126.7213029,
            36.9687181
          ],
          [
            126.7212546,
            36.9655443
          ]
        ]
      },
      "properties": {
        "osm_type": "way",
        "osm_id": 1317551381,
        "sido": "충청남도",
        "power_type": "line",
        "name": "",
        "description": "",
        "voltage": "345000",
        "cables": "6",
        "circuits": "1",
        "frequency": "60",
        "operator": "",
        "wires": ""
      }
    },
    {
      "type": "Feature",
      "geometry": {
        "type": "LineString",
        "coordinates": [
          [
            126.7212546,
            36.9655443
          ],
          [
            126.7209595,
            36.9630347
          ]
        ]
      },
      "properties": {
        "osm_type": "way",
        "osm_id": 1317551382,
        "sido": "충청남도",
        "power_type": "line",
        "name": "",
        "description": "",
        "voltage": "345000",
        "cables": "6",
        "circuits": "1",
        "frequency": "60",
        "operator": "",
        "wires": ""
      }
    },
    {
      "type": "Feature",
      "geometry": {
        "type": "LineString",
        "coordinates": [
          [
            127.050695,
            36.221668
          ],
          [
            127.0503681,
            36.2221389
          ],
          [
            127.0478649,
            36.2216642
          ],
          [
            127.0435218,
            36.2212724
          ],
          [
            127.0409559,
            36.2210264
          ],
          [
            127.0380766,
            36.2207487
          ],
          [
            127.0372448,
            36.2190935
          ]
        ]
      },
      "properties": {
        "osm_type": "way",
        "osm_id": 1343590046,
        "sido": "충청남도",
        "power_type": "line",
        "name": "",
        "description": "",
        "voltage": "154000",
        "cables": "",
        "circuits": "",
        "frequency": "60",
        "operator": "",
        "wires": ""
      }
    },
    {
      "type": "Feature",
      "geometry": {
        "type": "LineString",
        "coordinates": [
          [
            127.0651077,
            36.9076989
          ],
          [
            127.0649623,
            36.9072129
          ]
        ]
      },
      "properties": {
        "osm_type": "way",
        "osm_id": 1372380682,
        "sido": "충청남도",
        "power_type": "line",
        "name": "",
        "description": "",
        "voltage": "",
        "cables": "",
        "circuits": "",
        "frequency": "",
        "operator": "",
        "wires": ""
      }
    },
    {
      "type": "Feature",
      "geometry": {
        "type": "LineString",
        "coordinates": [
          [
            127.0650863,
            36.9076989
          ],
          [
            127.0649623,
            36.9072129
          ]
        ]
      },
      "properties": {
        "osm_type": "way",
        "osm_id": 1372380683,
        "sido": "충청남도",
        "power_type": "line",
        "name": "",
        "description": "",
        "voltage": "",
        "cables": "",
        "circuits": "",
        "frequency": "",
        "operator": "",
        "wires": ""
      }
    },
    {
      "type": "Feature",
      "geometry": {
        "type": "LineString",
        "coordinates": [
          [
            127.0650682,
            36.907699
          ],
          [
            127.0649623,
            36.9072129
          ]
        ]
      },
      "properties": {
        "osm_type": "way",
        "osm_id": 1372380684,
        "sido": "충청남도",
        "power_type": "line",
        "name": "",
        "description": "",
        "voltage": "",
        "cables": "",
        "circuits": "",
        "frequency": "",
        "operator": "",
        "wires": ""
      }
    },
    {
      "type": "Feature",
      "geometry": {
        "type": "LineString",
        "coordinates": [
          [
            127.064983,
            36.9076992
          ],
          [
            127.0649623,
            36.9072129
          ]
        ]
      },
      "properties": {
        "osm_type": "way",
        "osm_id": 1372380685,
        "sido": "충청남도",
        "power_type": "line",
        "name": "",
        "description": "",
        "voltage": "",
        "cables": "",
        "circuits": "",
        "frequency": "",
        "operator": "",
        "wires": ""
      }
    },
    {
      "type": "Feature",
      "geometry": {
        "type": "LineString",
        "coordinates": [
          [
            127.0649636,
            36.9076993
          ],
          [
            127.0649623,
            36.9072129
          ]
        ]
      },
      "properties": {
        "osm_type": "way",
        "osm_id": 1372380686,
        "sido": "충청남도",
        "power_type": "line",
        "name": "",
        "description": "",
        "voltage": "",
        "cables": "",
        "circuits": "",
        "frequency": "",
        "operator": "",
        "wires": ""
      }
    },
    {
      "type": "Feature",
      "geometry": {
        "type": "LineString",
        "coordinates": [
          [
            127.0649461,
            36.9076993
          ],
          [
            127.0649623,
            36.9072129
          ]
        ]
      },
      "properties": {
        "osm_type": "way",
        "osm_id": 1372380687,
        "sido": "충청남도",
        "power_type": "line",
        "name": "",
        "description": "",
        "voltage": "",
        "cables": "",
        "circuits": "",
        "frequency": "",
        "operator": "",
        "wires": ""
      }
    },
    {
      "type": "Feature",
      "geometry": {
        "type": "LineString",
        "coordinates": [
          [
            127.0648603,
            36.9076995
          ],
          [
            127.0649623,
            36.9072129
          ]
        ]
      },
      "properties": {
        "osm_type": "way",
        "osm_id": 1372380688,
        "sido": "충청남도",
        "power_type": "line",
        "name": "",
        "description": "",
        "voltage": "",
        "cables": "",
        "circuits": "",
        "frequency": "",
        "operator": "",
        "wires": ""
      }
    },
    {
      "type": "Feature",
      "geometry": {
        "type": "LineString",
        "coordinates": [
          [
            127.0648409,
            36.9076996
          ],
          [
            127.0649623,
            36.9072129
          ]
        ]
      },
      "properties": {
        "osm_type": "way",
        "osm_id": 1372380689,
        "sido": "충청남도",
        "power_type": "line",
        "name": "",
        "description": "",
        "voltage": "",
        "cables": "",
        "circuits": "",
        "frequency": "",
        "operator": "",
        "wires": ""
      }
    },
    {
      "type": "Feature",
      "geometry": {
        "type": "LineString",
        "coordinates": [
          [
            127.0648208,
            36.9076996
          ],
          [
            127.0649623,
            36.9072129
          ]
        ]
      },
      "properties": {
        "osm_type": "way",
        "osm_id": 1372380690,
        "sido": "충청남도",
        "power_type": "line",
        "name": "",
        "description": "",
        "voltage": "",
        "cables": "",
        "circuits": "",
        "frequency": "",
        "operator": "",
        "wires": ""
      }
    },
    {
      "type": "Feature",
      "geometry": {
        "type": "LineString",
        "coordinates": [
          [
            127.0647349,
            36.9076999
          ],
          [
            127.0649623,
            36.9072129
          ]
        ]
      },
      "properties": {
        "osm_type": "way",
        "osm_id": 1372380691,
        "sido": "충청남도",
        "power_type": "line",
        "name": "",
        "description": "",
        "voltage": "",
        "cables": "",
        "circuits": "",
        "frequency": "",
        "operator": "",
        "wires": ""
      }
    },
    {
      "type": "Feature",
      "geometry": {
        "type": "LineString",
        "coordinates": [
          [
            127.0647148,
            36.9076999
          ],
          [
            127.0649623,
            36.9072129
          ]
        ]
      },
      "properties": {
        "osm_type": "way",
        "osm_id": 1372380692,
        "sido": "충청남도",
        "power_type": "line",
        "name": "",
        "description": "",
        "voltage": "",
        "cables": "",
        "circuits": "",
        "frequency": "",
        "operator": "",
        "wires": ""
      }
    },
    {
      "type": "Feature",
      "geometry": {
        "type": "LineString",
        "coordinates": [
          [
            127.0646947,
            36.9077
          ],
          [
            127.0649623,
            36.9072129
          ]
        ]
      },
      "properties": {
        "osm_type": "way",
        "osm_id": 1372380693,
        "sido": "충청남도",
        "power_type": "line",
        "name": "",
        "description": "",
        "voltage": "",
        "cables": "",
        "circuits": "",
        "frequency": "",
        "operator": "",
        "wires": ""
      }
    },
    {
      "type": "Feature",
      "geometry": {
        "type": "LineString",
        "coordinates": [
          [
            126.7923246,
            36.2672321
          ],
          [
            126.7929808,
            36.2671724
          ],
          [
            126.7935904,
            36.2670864
          ],
          [
            126.7942997,
            36.2672343
          ],
          [
            126.7948501,
            36.2673237
          ],
          [
            126.7953121,
            36.2673501
          ],
          [
            126.7958062,
            36.2673694
          ],
          [
            126.7960259,
            36.2673657
          ]
        ]
      },
      "properties": {
        "osm_type": "way",
        "osm_id": 1421230447,
        "sido": "충청남도",
        "power_type": "minor_line",
        "name": "",
        "description": "",
        "voltage": "",
        "cables": "",
        "circuits": "",
        "frequency": "",
        "operator": "",
        "wires": ""
      }
    },
    {
      "type": "Feature",
      "geometry": {
        "type": "LineString",
        "coordinates": [
          [
            126.9359935,
            36.4876091
          ],
          [
            126.9362228,
            36.4878088
          ]
        ]
      },
      "properties": {
        "osm_type": "way",
        "osm_id": 1429458105,
        "sido": "충청남도",
        "power_type": "line",
        "name": "",
        "description": "",
        "voltage": "",
        "cables": "",
        "circuits": "",
        "frequency": "",
        "operator": "",
        "wires": ""
      }
    },
    {
      "type": "Feature",
      "geometry": {
        "type": "LineString",
        "coordinates": [
          [
            126.9361578,
            36.4873683
          ],
          [
            126.9364353,
            36.4875891
          ]
        ]
      },
      "properties": {
        "osm_type": "way",
        "osm_id": 1429458106,
        "sido": "충청남도",
        "power_type": "line",
        "name": "",
        "description": "",
        "voltage": "",
        "cables": "",
        "circuits": "",
        "frequency": "",
        "operator": "",
        "wires": ""
      }
    },
    {
      "type": "Feature",
      "geometry": {
        "type": "LineString",
        "coordinates": [
          [
            126.6013057,
            36.3098778
          ],
          [
            126.605146,
            36.3114092
          ],
          [
            126.6080047,
            36.3121673
          ],
          [
            126.6196349,
            36.3086098
          ],
          [
            126.6208307,
            36.308908
          ]
        ]
      },
      "properties": {
        "osm_type": "way",
        "osm_id": 1431039994,
        "sido": "충청남도",
        "power_type": "line",
        "name": "",
        "description": "",
        "voltage": "154000",
        "cables": "12",
        "circuits": "4",
        "frequency": "60",
        "operator": "",
        "wires": ""
      }
    },
    {
      "type": "Feature",
      "geometry": {
        "type": "LineString",
        "coordinates": [
          [
            126.6011198,
            36.3094916
          ],
          [
            126.6013057,
            36.3098778
          ]
        ]
      },
      "properties": {
        "osm_type": "way",
        "osm_id": 1431039995,
        "sido": "충청남도",
        "power_type": "line",
        "name": "",
        "description": "",
        "voltage": "154000",
        "cables": "3",
        "circuits": "",
        "frequency": "60",
        "operator": "",
        "wires": ""
      }
    },
    {
      "type": "Feature",
      "geometry": {
        "type": "LineString",
        "coordinates": [
          [
            126.6009937,
            36.3095489
          ],
          [
            126.6013057,
            36.3098778
          ]
        ]
      },
      "properties": {
        "osm_type": "way",
        "osm_id": 1431039996,
        "sido": "충청남도",
        "power_type": "line",
        "name": "",
        "description": "",
        "voltage": "154000",
        "cables": "3",
        "circuits": "",
        "frequency": "60",
        "operator": "",
        "wires": ""
      }
    },
    {
      "type": "Feature",
      "geometry": {
        "type": "LineString",
        "coordinates": [
          [
            126.6008596,
            36.309604
          ],
          [
            126.6013057,
            36.3098778
          ]
        ]
      },
      "properties": {
        "osm_type": "way",
        "osm_id": 1431039997,
        "sido": "충청남도",
        "power_type": "line",
        "name": "",
        "description": "",
        "voltage": "154000",
        "cables": "3",
        "circuits": "",
        "frequency": "60",
        "operator": "",
        "wires": ""
      }
    },
    {
      "type": "Feature",
      "geometry": {
        "type": "LineString",
        "coordinates": [
          [
            126.6007389,
            36.3096527
          ],
          [
            126.6013057,
            36.3098778
          ]
        ]
      },
      "properties": {
        "osm_type": "way",
        "osm_id": 1431039998,
        "sido": "충청남도",
        "power_type": "line",
        "name": "",
        "description": "",
        "voltage": "154000",
        "cables": "3",
        "circuits": "",
        "frequency": "60",
        "operator": "",
        "wires": ""
      }
    },
    {
      "type": "Feature",
      "geometry": {
        "type": "LineString",
        "coordinates": [
          [
            126.6261783,
            36.1643796
          ],
          [
            126.622957,
            36.1635438
          ],
          [
            126.6178474,
            36.1623701
          ],
          [
            126.6163293,
            36.1619738
          ],
          [
            126.611276,
            36.1608261
          ],
          [
            126.6083792,
            36.1610513
          ],
          [
            126.6049674,
            36.1613306
          ],
          [
            126.6021752,
            36.1615039
          ],
          [
            126.5980822,
            36.1618049
          ],
          [
            126.5937772,
            36.1621882
          ],
          [
            126.5917602,
            36.1615602
          ],
          [
            126.5882143,
            36.1604666
          ],
          [
            126.586723,
            36.1599512
          ],
          [
            126.5835097,
            36.1598061
          ],
          [
            126.5809,
            36.1596524
          ],
          [
            126.5771744,
            36.1608196
          ],
          [
            126.5741408,
            36.1619868
          ],
          [
            126.5715444,
            36.1629807
          ],
          [
            126.5690217,
            36.1639612
          ],
          [
            126.5683687,
            36.164215
          ],
          [
            126.5650374,
            36.163782
          ],
          [
            126.5619367,
            36.1633532
          ],
          [
            126.5594852,
            36.1630565
          ],
          [
            126.55617,
            36.1613783
          ],
          [
            126.5541261,
            36.1603778
          ],
          [
            126.5509289,
            36.1592734
          ],
          [
            126.5480831,
            36.1575193
          ],
          [
            126.5449825,
            36.155607
          ],
          [
            126.5415868,
            36.1538376
          ],
          [
            126.5382341,
            36.1537857
          ],
          [
            126.5353051,
            36.1537272
          ],
          [
            126.5316761,
            36.1536341
          ],
          [
            126.5281597,
            36.1535886
          ],
          [
            126.5249947,
            36.1542015
          ],
          [
            126.5214595,
            36.1547169
          ],
          [
            126.5176696,
            36.1560033
          ],
          [
            126.5149686,
            36.1560531
          ],
          [
            126.5110123,
            36.1561203
          ],
          [
            126.5077347,
            36.1564408
          ],
          [
            126.5058276,
            36.1558582
          ],
          [
            126.5041405,
            36.1552995
          ],
          [
            126.501705,
            36.1530363
          ],
          [
            126.500498,
            36.1511564
          ],
          [
            126.4988673,
            36.1492614
          ]
        ]
      },
      "properties": {
        "osm_type": "way",
        "osm_id": 1431039999,
        "sido": "충청남도",
        "power_type": "line",
        "name": "",
        "description": "",
        "voltage": "154000",
        "cables": "12",
        "circuits": "4",
        "frequency": "60",
        "operator": "",
        "wires": ""
      }
    },
    {
      "type": "Feature",
      "geometry": {
        "type": "LineString",
        "coordinates": [
          [
            126.497502,
            36.1474182
          ],
          [
            126.4988673,
            36.1492614
          ]
        ]
      },
      "properties": {
        "osm_type": "way",
        "osm_id": 1431040000,
        "sido": "충청남도",
        "power_type": "line",
        "name": "",
        "description": "",
        "voltage": "154000",
        "cables": "6",
        "circuits": "2",
        "frequency": "60",
        "operator": "",
        "wires": ""
      }
    },
    {
      "type": "Feature",
      "geometry": {
        "type": "LineString",
        "coordinates": [
          [
            126.4972472,
            36.1474182
          ],
          [
            126.4988673,
            36.1492614
          ]
        ]
      },
      "properties": {
        "osm_type": "way",
        "osm_id": 1431040001,
        "sido": "충청남도",
        "power_type": "line",
        "name": "",
        "description": "",
        "voltage": "154000",
        "cables": "6",
        "circuits": "2",
        "frequency": "60",
        "operator": "",
        "wires": ""
      }
    },
    {
      "type": "Feature",
      "geometry": {
        "type": "LineString",
        "coordinates": [
          [
            126.7534277,
            36.032926
          ],
          [
            126.7494982,
            36.0331538
          ],
          [
            126.7470279,
            36.0333338
          ],
          [
            126.7432004,
            36.0335659
          ],
          [
            126.7399174,
            36.0331408
          ],
          [
            126.7362186,
            36.0334228
          ],
          [
            126.7325628,
            36.0336895
          ],
          [
            126.7294648,
            36.0338761
          ],
          [
            126.7258894,
            36.0341255
          ],
          [
            126.7235532,
            36.0345181
          ],
          [
            126.721791,
            36.0347979
          ]
        ]
      },
      "properties": {
        "osm_type": "way",
        "osm_id": 1431040002,
        "sido": "충청남도",
        "power_type": "line",
        "name": "",
        "description": "",
        "voltage": "154000",
        "cables": "12",
        "circuits": "4",
        "frequency": "60",
        "operator": "",
        "wires": ""
      }
    },
    {
      "type": "Feature",
      "geometry": {
        "type": "LineString",
        "coordinates": [
          [
            126.7889454,
            36.4672529
          ],
          [
            126.7889322,
            36.4679306
          ]
        ]
      },
      "properties": {
        "osm_type": "way",
        "osm_id": 1431041031,
        "sido": "충청남도",
        "power_type": "line",
        "name": "",
        "description": "",
        "voltage": "154000",
        "cables": "3",
        "circuits": "",
        "frequency": "60",
        "operator": "",
        "wires": ""
      }
    },
    {
      "type": "Feature",
      "geometry": {
        "type": "LineString",
        "coordinates": [
          [
            126.7889322,
            36.4679306
          ],
          [
            126.7887913,
            36.4672766
          ]
        ]
      },
      "properties": {
        "osm_type": "way",
        "osm_id": 1431041032,
        "sido": "충청남도",
        "power_type": "line",
        "name": "",
        "description": "",
        "voltage": "154000",
        "cables": "3",
        "circuits": "",
        "frequency": "60",
        "operator": "",
        "wires": ""
      }
    },
    {
      "type": "Feature",
      "geometry": {
        "type": "LineString",
        "coordinates": [
          [
            126.4891511,
            36.3987257
          ],
          [
            126.4886346,
            36.4002772
          ]
        ]
      },
      "properties": {
        "osm_type": "way",
        "osm_id": 1431041033,
        "sido": "충청남도",
        "power_type": "line",
        "name": "",
        "description": "",
        "voltage": "154000",
        "cables": "3",
        "circuits": "",
        "frequency": "60",
        "operator": "",
        "wires": ""
      }
    },
    {
      "type": "Feature",
      "geometry": {
        "type": "LineString",
        "coordinates": [
          [
            126.4884388,
            36.4002901
          ],
          [
            126.4891511,
            36.3987257
          ]
        ]
      },
      "properties": {
        "osm_type": "way",
        "osm_id": 1431041034,
        "sido": "충청남도",
        "power_type": "line",
        "name": "",
        "description": "",
        "voltage": "154000",
        "cables": "3",
        "circuits": "",
        "frequency": "60",
        "operator": "",
        "wires": ""
      }
    },
    {
      "type": "Feature",
      "geometry": {
        "type": "LineString",
        "coordinates": [
          [
            126.9787601,
            36.2321453
          ],
          [
            126.9802487,
            36.2342179
          ],
          [
            126.9812988,
            36.2362516
          ],
          [
            126.9824481,
            36.2385729
          ],
          [
            126.9849318,
            36.2433387
          ],
          [
            126.9859564,
            36.2451428
          ],
          [
            126.9865143,
            36.2464147
          ],
          [
            126.9876543,
            36.247665
          ],
          [
            126.9888693,
            36.2515283
          ],
          [
            126.9898885,
            36.2547684
          ],
          [
            126.9905269,
            36.2568707
          ],
          [
            126.9916963,
            36.2605648
          ],
          [
            126.9924688,
            36.2630563
          ],
          [
            126.9924259,
            36.2651411
          ],
          [
            126.9923937,
            36.2668971
          ],
          [
            126.9923401,
            36.270954
          ],
          [
            126.9904089,
            36.2735922
          ],
          [
            126.988467,
            36.276213
          ],
          [
            126.9870508,
            36.278185
          ],
          [
            126.9856131,
            36.2801916
          ],
          [
            126.9843686,
            36.2818954
          ],
          [
            126.9825205,
            36.2843678
          ],
          [
            126.9804633,
            36.2871536
          ],
          [
            126.9788378,
            36.2894237
          ],
          [
            126.9760162,
            36.2916894
          ],
          [
            126.9741923,
            36.2931594
          ],
          [
            126.9716495,
            36.2940674
          ],
          [
            126.9684684,
            36.2942144
          ],
          [
            126.966906,
            36.2942901
          ],
          [
            126.9630423,
            36.2944695
          ],
          [
            126.9589734,
            36.2946598
          ],
          [
            126.9547074,
            36.2951375
          ],
          [
            126.9499478,
            36.2958379
          ],
          [
            126.9473836,
            36.2964908
          ]
        ]
      },
      "properties": {
        "osm_type": "way",
        "osm_id": 1431347613,
        "sido": "충청남도",
        "power_type": "line",
        "name": "",
        "description": "",
        "voltage": "154000",
        "cables": "12",
        "circuits": "4",
        "frequency": "60",
        "operator": "",
        "wires": ""
      }
    },
    {
      "type": "Feature",
      "geometry": {
        "type": "LineString",
        "coordinates": [
          [
            127.2403363,
            36.2335719
          ],
          [
            127.2406059,
            36.235625
          ],
          [
            127.2414371,
            36.2394833
          ],
          [
            127.2408645,
            36.2422051
          ],
          [
            127.240185,
            36.2452531
          ],
          [
            127.2402079,
            36.2486766
          ],
          [
            127.2419528,
            36.2538136
          ],
          [
            127.2431446,
            36.2568338
          ],
          [
            127.2446221,
            36.2596107
          ],
          [
            127.2446718,
            36.2615737
          ],
          [
            127.2447784,
            36.2650392
          ]
        ]
      },
      "properties": {
        "osm_type": "way",
        "osm_id": 1431347615,
        "sido": "충청남도",
        "power_type": "line",
        "name": "",
        "description": "",
        "voltage": "154000",
        "cables": "6",
        "circuits": "2",
        "frequency": "60",
        "operator": "",
        "wires": ""
      }
    },
    {
      "type": "Feature",
      "geometry": {
        "type": "LineString",
        "coordinates": [
          [
            127.2395044,
            36.2270082
          ],
          [
            127.2417797,
            36.2246542
          ],
          [
            127.2417775,
            36.2220777
          ],
          [
            127.2417909,
            36.2206257
          ],
          [
            127.241748,
            36.2169557
          ],
          [
            127.2417882,
            36.2149151
          ],
          [
            127.2447252,
            36.2113725
          ],
          [
            127.2479519,
            36.2074683
          ],
          [
            127.2461629,
            36.206226
          ]
        ]
      },
      "properties": {
        "osm_type": "way",
        "osm_id": 1431347616,
        "sido": "충청남도",
        "power_type": "line",
        "name": "",
        "description": "",
        "voltage": "154000",
        "cables": "6",
        "circuits": "2",
        "frequency": "60",
        "operator": "",
        "wires": ""
      }
    },
    {
      "type": "Feature",
      "geometry": {
        "type": "LineString",
        "coordinates": [
          [
            127.2403363,
            36.2335719
          ],
          [
            127.2399855,
            36.2317616
          ],
          [
            127.239719,
            36.2289414
          ],
          [
            127.2395044,
            36.2270082
          ]
        ]
      },
      "properties": {
        "osm_type": "way",
        "osm_id": 1431347617,
        "sido": "충청남도",
        "power_type": "line",
        "name": "",
        "description": "",
        "voltage": "154000",
        "cables": "12",
        "circuits": "4",
        "frequency": "60",
        "operator": "",
        "wires": ""
      }
    },
    {
      "type": "Feature",
      "geometry": {
        "type": "LineString",
        "coordinates": [
          [
            127.2309335,
            36.295685
          ],
          [
            127.2312646,
            36.2983164
          ]
        ]
      },
      "properties": {
        "osm_type": "way",
        "osm_id": 1431347618,
        "sido": "충청남도",
        "power_type": "line",
        "name": "",
        "description": "",
        "voltage": "154000",
        "cables": "6",
        "circuits": "2",
        "frequency": "60",
        "operator": "",
        "wires": ""
      }
    },
    {
      "type": "Feature",
      "geometry": {
        "type": "LineString",
        "coordinates": [
          [
            127.2309335,
            36.295685
          ],
          [
            127.2309655,
            36.2982959
          ]
        ]
      },
      "properties": {
        "osm_type": "way",
        "osm_id": 1431347619,
        "sido": "충청남도",
        "power_type": "line",
        "name": "",
        "description": "",
        "voltage": "154000",
        "cables": "6",
        "circuits": "2",
        "frequency": "60",
        "operator": "",
        "wires": ""
      }
    },
    {
      "type": "Feature",
      "geometry": {
        "type": "LineString",
        "coordinates": [
          [
            127.2761795,
            36.2469328
          ],
          [
            127.2758942,
            36.2474254
          ]
        ]
      },
      "properties": {
        "osm_type": "way",
        "osm_id": 1431347620,
        "sido": "충청남도",
        "power_type": "line",
        "name": "",
        "description": "",
        "voltage": "154000",
        "cables": "3",
        "circuits": "",
        "frequency": "60",
        "operator": "",
        "wires": ""
      }
    },
    {
      "type": "Feature",
      "geometry": {
        "type": "LineString",
        "coordinates": [
          [
            127.2760614,
            36.2469179
          ],
          [
            127.2758942,
            36.2474254
          ]
        ]
      },
      "properties": {
        "osm_type": "way",
        "osm_id": 1431347621,
        "sido": "충청남도",
        "power_type": "line",
        "name": "",
        "description": "",
        "voltage": "154000",
        "cables": "3",
        "circuits": "",
        "frequency": "60",
        "operator": "",
        "wires": ""
      }
    },
    {
      "type": "Feature",
      "geometry": {
        "type": "LineString",
        "coordinates": [
          [
            127.2758977,
            36.2468973
          ],
          [
            127.2758942,
            36.2474254
          ]
        ]
      },
      "properties": {
        "osm_type": "way",
        "osm_id": 1431347622,
        "sido": "충청남도",
        "power_type": "line",
        "name": "",
        "description": "",
        "voltage": "154000",
        "cables": "3",
        "circuits": "",
        "frequency": "60",
        "operator": "",
        "wires": ""
      }
    },
    {
      "type": "Feature",
      "geometry": {
        "type": "LineString",
        "coordinates": [
          [
            127.2757651,
            36.2468806
          ],
          [
            127.2758942,
            36.2474254
          ]
        ]
      },
      "properties": {
        "osm_type": "way",
        "osm_id": 1431347623,
        "sido": "충청남도",
        "power_type": "line",
        "name": "",
        "description": "",
        "voltage": "154000",
        "cables": "3",
        "circuits": "",
        "frequency": "60",
        "operator": "",
        "wires": ""
      }
    },
    {
      "type": "Feature",
      "geometry": {
        "type": "LineString",
        "coordinates": [
          [
            127.275627,
            36.2468632
          ],
          [
            127.2754096,
            36.2473507
          ]
        ]
      },
      "properties": {
        "osm_type": "way",
        "osm_id": 1431347624,
        "sido": "충청남도",
        "power_type": "line",
        "name": "",
        "description": "",
        "voltage": "154000",
        "cables": "3",
        "circuits": "",
        "frequency": "60",
        "operator": "",
        "wires": ""
      }
    },
    {
      "type": "Feature",
      "geometry": {
        "type": "LineString",
        "coordinates": [
          [
            127.2754937,
            36.2468464
          ],
          [
            127.2754096,
            36.2473507
          ]
        ]
      },
      "properties": {
        "osm_type": "way",
        "osm_id": 1431347625,
        "sido": "충청남도",
        "power_type": "line",
        "name": "",
        "description": "",
        "voltage": "154000",
        "cables": "3",
        "circuits": "",
        "frequency": "60",
        "operator": "",
        "wires": ""
      }
    },
    {
      "type": "Feature",
      "geometry": {
        "type": "LineString",
        "coordinates": [
          [
            127.2753534,
            36.2468287
          ],
          [
            127.2754096,
            36.2473507
          ]
        ]
      },
      "properties": {
        "osm_type": "way",
        "osm_id": 1431347626,
        "sido": "충청남도",
        "power_type": "line",
        "name": "",
        "description": "",
        "voltage": "154000",
        "cables": "3",
        "circuits": "",
        "frequency": "60",
        "operator": "",
        "wires": ""
      }
    },
    {
      "type": "Feature",
      "geometry": {
        "type": "LineString",
        "coordinates": [
          [
            127.2752179,
            36.2468117
          ],
          [
            127.2754096,
            36.2473507
          ]
        ]
      },
      "properties": {
        "osm_type": "way",
        "osm_id": 1431347627,
        "sido": "충청남도",
        "power_type": "line",
        "name": "",
        "description": "",
        "voltage": "154000",
        "cables": "3",
        "circuits": "",
        "frequency": "60",
        "operator": "",
        "wires": ""
      }
    },
    {
      "type": "Feature",
      "geometry": {
        "type": "LineString",
        "coordinates": [
          [
            127.5449942,
            36.0416225
          ],
          [
            127.5461114,
            36.0401523
          ],
          [
            127.5475074,
            36.0401014
          ],
          [
            127.5493861,
            36.040011
          ],
          [
            127.553502,
            36.0398238
          ],
          [
            127.5564713,
            36.0398181
          ],
          [
            127.5586895,
            36.0398094
          ],
          [
            127.5620434,
            36.0398094
          ],
          [
            127.5653973,
            36.0397971
          ],
          [
            127.5701907,
            36.0399314
          ],
          [
            127.5724016,
            36.0397563
          ],
          [
            127.5760474,
            36.0384435
          ],
          [
            127.580219,
            36.0383703
          ],
          [
            127.5865505,
            36.0374558
          ],
          [
            127.5895632,
            36.0366244
          ],
          [
            127.591611,
            36.0359579
          ],
          [
            127.5944785,
            36.0353161
          ],
          [
            127.59683,
            36.0345926
          ],
          [
            127.6029326,
            36.0337171
          ],
          [
            127.6057461,
            36.0327694
          ],
          [
            127.6086899,
            36.0262124
          ],
          [
            127.6117909,
            36.0248429
          ],
          [
            127.6140639,
            36.0239844
          ],
          [
            127.6157881,
            36.0232432
          ],
          [
            127.6177661,
            36.0224391
          ],
          [
            127.6207019,
            36.0224936
          ],
          [
            127.6252946,
            36.0217439
          ],
          [
            127.6295301,
            36.0208017
          ],
          [
            127.6341694,
            36.0196081
          ],
          [
            127.6379751,
            36.0186994
          ],
          [
            127.6398495,
            36.017288
          ],
          [
            127.6407349,
            36.0143145
          ],
          [
            127.6402068,
            36.0115921
          ],
          [
            127.6395544,
            36.0082623
          ]
        ]
      },
      "properties": {
        "osm_type": "way",
        "osm_id": 1432635521,
        "sido": "충청남도",
        "power_type": "line",
        "name": "",
        "description": "",
        "voltage": "154000",
        "cables": "12",
        "circuits": "4",
        "frequency": "60",
        "operator": "",
        "wires": ""
      }
    },
    {
      "type": "Feature",
      "geometry": {
        "type": "LineString",
        "coordinates": [
          [
            127.5076222,
            36.2495245
          ],
          [
            127.5058705,
            36.2476131
          ],
          [
            127.5039323,
            36.2440139
          ],
          [
            127.5030653,
            36.2422141
          ],
          [
            127.5012179,
            36.2387652
          ],
          [
            127.502213,
            36.2344539
          ],
          [
            127.5011193,
            36.2321333
          ],
          [
            127.4996463,
            36.2290178
          ],
          [
            127.4978243,
            36.2272408
          ],
          [
            127.4960511,
            36.2249035
          ],
          [
            127.4944844,
            36.2227181
          ]
        ]
      },
      "properties": {
        "osm_type": "way",
        "osm_id": 1432638421,
        "sido": "충청남도",
        "power_type": "line",
        "name": "",
        "description": "",
        "voltage": "154000",
        "cables": "12",
        "circuits": "4",
        "frequency": "",
        "operator": "",
        "wires": ""
      }
    },
    {
      "type": "Feature",
      "geometry": {
        "type": "LineString",
        "coordinates": [
          [
            127.4951631,
            36.1097714
          ],
          [
            127.4962279,
            36.1105884
          ],
          [
            127.4984769,
            36.1110521
          ]
        ]
      },
      "properties": {
        "osm_type": "way",
        "osm_id": 1432638422,
        "sido": "충청남도",
        "power_type": "line",
        "name": "",
        "description": "",
        "voltage": "154000",
        "cables": "6",
        "circuits": "2",
        "frequency": "60",
        "operator": "",
        "wires": ""
      }
    },
    {
      "type": "Feature",
      "geometry": {
        "type": "LineString",
        "coordinates": [
          [
            127.4957397,
            36.1099004
          ],
          [
            127.4984769,
            36.1110521
          ]
        ]
      },
      "properties": {
        "osm_type": "way",
        "osm_id": 1432638423,
        "sido": "충청남도",
        "power_type": "line",
        "name": "",
        "description": "",
        "voltage": "154000",
        "cables": "6",
        "circuits": "2",
        "frequency": "60",
        "operator": "",
        "wires": ""
      }
    },
    {
      "type": "Feature",
      "geometry": {
        "type": "LineString",
        "coordinates": [
          [
            127.4948043,
            36.1092641
          ],
          [
            127.4951631,
            36.1097714
          ]
        ]
      },
      "properties": {
        "osm_type": "way",
        "osm_id": 1432638424,
        "sido": "충청남도",
        "power_type": "line",
        "name": "",
        "description": "",
        "voltage": "154000",
        "cables": "3",
        "circuits": "",
        "frequency": "60",
        "operator": "",
        "wires": ""
      }
    },
    {
      "type": "Feature",
      "geometry": {
        "type": "LineString",
        "coordinates": [
          [
            127.4946795,
            36.1093116
          ],
          [
            127.4951631,
            36.1097714
          ]
        ]
      },
      "properties": {
        "osm_type": "way",
        "osm_id": 1432638425,
        "sido": "충청남도",
        "power_type": "line",
        "name": "",
        "description": "",
        "voltage": "154000",
        "cables": "3",
        "circuits": "",
        "frequency": "60",
        "operator": "",
        "wires": ""
      }
    },
    {
      "type": "Feature",
      "geometry": {
        "type": "LineString",
        "coordinates": [
          [
            127.4950827,
            36.1091582
          ],
          [
            127.4957397,
            36.1099004
          ]
        ]
      },
      "properties": {
        "osm_type": "way",
        "osm_id": 1432638426,
        "sido": "충청남도",
        "power_type": "line",
        "name": "",
        "description": "",
        "voltage": "154000",
        "cables": "3",
        "circuits": "",
        "frequency": "60",
        "operator": "",
        "wires": ""
      }
    },
    {
      "type": "Feature",
      "geometry": {
        "type": "LineString",
        "coordinates": [
          [
            127.4949335,
            36.109215
          ],
          [
            127.4957397,
            36.1099004
          ]
        ]
      },
      "properties": {
        "osm_type": "way",
        "osm_id": 1432638427,
        "sido": "충청남도",
        "power_type": "line",
        "name": "",
        "description": "",
        "voltage": "154000",
        "cables": "3",
        "circuits": "",
        "frequency": "60",
        "operator": "",
        "wires": ""
      }
    },
    {
      "type": "Feature",
      "geometry": {
        "type": "LineString",
        "coordinates": [
          [
            127.2095876,
            36.8846149
          ],
          [
            127.2099099,
            36.884628
          ]
        ]
      },
      "properties": {
        "osm_type": "way",
        "osm_id": 1432646111,
        "sido": "충청남도",
        "power_type": "line",
        "name": "",
        "description": "",
        "voltage": "154000",
        "cables": "3",
        "circuits": "",
        "frequency": "60",
        "operator": "",
        "wires": ""
      }
    },
    {
      "type": "Feature",
      "geometry": {
        "type": "LineString",
        "coordinates": [
          [
            127.2094367,
            36.8846892
          ],
          [
            127.2099099,
            36.884628
          ]
        ]
      },
      "properties": {
        "osm_type": "way",
        "osm_id": 1432646112,
        "sido": "충청남도",
        "power_type": "line",
        "name": "",
        "description": "",
        "voltage": "154000",
        "cables": "3",
        "circuits": "",
        "frequency": "60",
        "operator": "",
        "wires": ""
      }
    },
    {
      "type": "Feature",
      "geometry": {
        "type": "LineString",
        "coordinates": [
          [
            127.2103165,
            36.8842558
          ],
          [
            127.2104787,
            36.8844499
          ]
        ]
      },
      "properties": {
        "osm_type": "way",
        "osm_id": 1432646113,
        "sido": "충청남도",
        "power_type": "line",
        "name": "",
        "description": "",
        "voltage": "154000",
        "cables": "3",
        "circuits": "",
        "frequency": "60",
        "operator": "",
        "wires": ""
      }
    },
    {
      "type": "Feature",
      "geometry": {
        "type": "LineString",
        "coordinates": [
          [
            127.210135,
            36.8843452
          ],
          [
            127.2104787,
            36.8844499
          ]
        ]
      },
      "properties": {
        "osm_type": "way",
        "osm_id": 1432646114,
        "sido": "충청남도",
        "power_type": "line",
        "name": "",
        "description": "",
        "voltage": "154000",
        "cables": "3",
        "circuits": "",
        "frequency": "60",
        "operator": "",
        "wires": ""
      }
    },
    {
      "type": "Feature",
      "geometry": {
        "type": "LineString",
        "coordinates": [
          [
            127.2126969,
            36.884673
          ],
          [
            127.2099099,
            36.884628
          ]
        ]
      },
      "properties": {
        "osm_type": "way",
        "osm_id": 1432646115,
        "sido": "충청남도",
        "power_type": "line",
        "name": "",
        "description": "",
        "voltage": "154000",
        "cables": "6",
        "circuits": "2",
        "frequency": "",
        "operator": "",
        "wires": ""
      }
    },
    {
      "type": "Feature",
      "geometry": {
        "type": "LineString",
        "coordinates": [
          [
            127.2160226,
            36.8861355
          ],
          [
            127.2126969,
            36.884673
          ]
        ]
      },
      "properties": {
        "osm_type": "way",
        "osm_id": 1432646116,
        "sido": "충청남도",
        "power_type": "line",
        "name": "",
        "description": "",
        "voltage": "154000",
        "cables": "12",
        "circuits": "4",
        "frequency": "",
        "operator": "",
        "wires": ""
      }
    },
    {
      "type": "Feature",
      "geometry": {
        "type": "LineString",
        "coordinates": [
          [
            127.2126969,
            36.884673
          ],
          [
            127.2104787,
            36.8844499
          ]
        ]
      },
      "properties": {
        "osm_type": "way",
        "osm_id": 1432646117,
        "sido": "충청남도",
        "power_type": "line",
        "name": "",
        "description": "",
        "voltage": "154000",
        "cables": "6",
        "circuits": "2",
        "frequency": "",
        "operator": "",
        "wires": ""
      }
    },
    {
      "type": "Feature",
      "geometry": {
        "type": "LineString",
        "coordinates": [
          [
            127.0080451,
            36.879971
          ],
          [
            127.0077936,
            36.8794167
          ]
        ]
      },
      "properties": {
        "osm_type": "way",
        "osm_id": 1432647265,
        "sido": "충청남도",
        "power_type": "line",
        "name": "",
        "description": "",
        "voltage": "154000",
        "cables": "3",
        "circuits": "",
        "frequency": "60",
        "operator": "",
        "wires": ""
      }
    },
    {
      "type": "Feature",
      "geometry": {
        "type": "LineString",
        "coordinates": [
          [
            127.007921,
            36.8802685
          ],
          [
            127.0076072,
            36.879863
          ]
        ]
      },
      "properties": {
        "osm_type": "way",
        "osm_id": 1432647266,
        "sido": "충청남도",
        "power_type": "line",
        "name": "",
        "description": "",
        "voltage": "154000",
        "cables": "3",
        "circuits": "",
        "frequency": "60",
        "operator": "",
        "wires": ""
      }
    },
    {
      "type": "Feature",
      "geometry": {
        "type": "LineString",
        "coordinates": [
          [
            127.0080451,
            36.879971
          ],
          [
            127.0077349,
            36.8795574
          ]
        ]
      },
      "properties": {
        "osm_type": "way",
        "osm_id": 1432647267,
        "sido": "충청남도",
        "power_type": "line",
        "name": "",
        "description": "",
        "voltage": "154000",
        "cables": "3",
        "circuits": "",
        "frequency": "60",
        "operator": "",
        "wires": ""
      }
    },
    {
      "type": "Feature",
      "geometry": {
        "type": "LineString",
        "coordinates": [
          [
            127.007921,
            36.8802685
          ],
          [
            127.0076767,
            36.8796967
          ]
        ]
      },
      "properties": {
        "osm_type": "way",
        "osm_id": 1432647268,
        "sido": "충청남도",
        "power_type": "line",
        "name": "",
        "description": "",
        "voltage": "154000",
        "cables": "3",
        "circuits": "",
        "frequency": "60",
        "operator": "",
        "wires": ""
      }
    },
    {
      "type": "Feature",
      "geometry": {
        "type": "LineString",
        "coordinates": [
          [
            127.0092595,
            36.8817124
          ],
          [
            127.0080451,
            36.879971
          ]
        ]
      },
      "properties": {
        "osm_type": "way",
        "osm_id": 1432647269,
        "sido": "충청남도",
        "power_type": "line",
        "name": "",
        "description": "",
        "voltage": "154000",
        "cables": "6",
        "circuits": "2",
        "frequency": "60",
        "operator": "",
        "wires": ""
      }
    },
    {
      "type": "Feature",
      "geometry": {
        "type": "LineString",
        "coordinates": [
          [
            126.7040479,
            36.9015885
          ],
          [
            126.7036271,
            36.901582
          ]
        ]
      },
      "properties": {
        "osm_type": "way",
        "osm_id": 1432649118,
        "sido": "충청남도",
        "power_type": "line",
        "name": "",
        "description": "",
        "voltage": "154000",
        "cables": "3",
        "circuits": "",
        "frequency": "60",
        "operator": "",
        "wires": ""
      }
    },
    {
      "type": "Feature",
      "geometry": {
        "type": "LineString",
        "coordinates": [
          [
            126.7040654,
            36.9014844
          ],
          [
            126.7036271,
            36.901582
          ]
        ]
      },
      "properties": {
        "osm_type": "way",
        "osm_id": 1432649119,
        "sido": "충청남도",
        "power_type": "line",
        "name": "",
        "description": "",
        "voltage": "154000",
        "cables": "3",
        "circuits": "",
        "frequency": "60",
        "operator": "",
        "wires": ""
      }
    },
    {
      "type": "Feature",
      "geometry": {
        "type": "LineString",
        "coordinates": [
          [
            126.7040871,
            36.9013557
          ],
          [
            126.7036271,
            36.901582
          ]
        ]
      },
      "properties": {
        "osm_type": "way",
        "osm_id": 1432649120,
        "sido": "충청남도",
        "power_type": "line",
        "name": "",
        "description": "",
        "voltage": "154000",
        "cables": "3",
        "circuits": "",
        "frequency": "60",
        "operator": "",
        "wires": ""
      }
    },
    {
      "type": "Feature",
      "geometry": {
        "type": "LineString",
        "coordinates": [
          [
            126.7001188,
            36.9008366
          ],
          [
            126.7036271,
            36.901582
          ]
        ]
      },
      "properties": {
        "osm_type": "way",
        "osm_id": 1432649121,
        "sido": "충청남도",
        "power_type": "line",
        "name": "",
        "description": "",
        "voltage": "154000",
        "cables": "6",
        "circuits": "2",
        "frequency": "60",
        "operator": "",
        "wires": ""
      }
    },
    {
      "type": "Feature",
      "geometry": {
        "type": "LineString",
        "coordinates": [
          [
            126.7011246,
            36.9016045
          ],
          [
            126.7001188,
            36.9008366
          ]
        ]
      },
      "properties": {
        "osm_type": "way",
        "osm_id": 1432649122,
        "sido": "충청남도",
        "power_type": "line",
        "name": "",
        "description": "",
        "voltage": "154000",
        "cables": "6",
        "circuits": "2",
        "frequency": "60",
        "operator": "",
        "wires": ""
      }
    },
    {
      "type": "Feature",
      "geometry": {
        "type": "LineString",
        "coordinates": [
          [
            126.7036271,
            36.901582
          ],
          [
            126.7040241,
            36.9017299
          ]
        ]
      },
      "properties": {
        "osm_type": "way",
        "osm_id": 1432649123,
        "sido": "충청남도",
        "power_type": "line",
        "name": "",
        "description": "",
        "voltage": "154000",
        "cables": "3",
        "circuits": "",
        "frequency": "60",
        "operator": "",
        "wires": ""
      }
    },
    {
      "type": "Feature",
      "geometry": {
        "type": "LineString",
        "coordinates": [
          [
            126.7001188,
            36.9008366
          ],
          [
            126.6965407,
            36.8984943
          ],
          [
            126.6953575,
            36.8955694
          ],
          [
            126.6945612,
            36.8937517
          ],
          [
            126.6936225,
            36.891643
          ],
          [
            126.6924155,
            36.8893648
          ],
          [
            126.6892934,
            36.8869278
          ],
          [
            126.6880488,
            36.8853532
          ]
        ]
      },
      "properties": {
        "osm_type": "way",
        "osm_id": 1432649124,
        "sido": "충청남도",
        "power_type": "line",
        "name": "",
        "description": "",
        "voltage": "154000",
        "cables": "12",
        "circuits": "4",
        "frequency": "60",
        "operator": "",
        "wires": ""
      }
    },
    {
      "type": "Feature",
      "geometry": {
        "type": "LineString",
        "coordinates": [
          [
            126.4092922,
            36.9770839
          ],
          [
            126.4092708,
            36.977251
          ]
        ]
      },
      "properties": {
        "osm_type": "way",
        "osm_id": 1433448083,
        "sido": "충청남도",
        "power_type": "line",
        "name": "",
        "description": "",
        "voltage": "154000",
        "cables": "6",
        "circuits": "2",
        "frequency": "60",
        "operator": "",
        "wires": ""
      }
    },
    {
      "type": "Feature",
      "geometry": {
        "type": "LineString",
        "coordinates": [
          [
            126.4149302,
            36.9770175
          ],
          [
            126.4137983,
            36.9790938
          ],
          [
            126.410644,
            36.9820892
          ],
          [
            126.4109069,
            36.9838804
          ],
          [
            126.4116204,
            36.9861643
          ],
          [
            126.4126772,
            36.9900336
          ]
        ]
      },
      "properties": {
        "osm_type": "way",
        "osm_id": 1433448084,
        "sido": "충청남도",
        "power_type": "line",
        "name": "",
        "description": "",
        "voltage": "154000",
        "cables": "6",
        "circuits": "2",
        "frequency": "60",
        "operator": "",
        "wires": ""
      }
    },
    {
      "type": "Feature",
      "geometry": {
        "type": "LineString",
        "coordinates": [
          [
            126.4149302,
            36.9770175
          ],
          [
            126.4159495,
            36.9771996
          ]
        ]
      },
      "properties": {
        "osm_type": "way",
        "osm_id": 1433448085,
        "sido": "충청남도",
        "power_type": "line",
        "name": "",
        "description": "",
        "voltage": "154000",
        "cables": "12",
        "circuits": "4",
        "frequency": "60",
        "operator": "",
        "wires": ""
      }
    },
    {
      "type": "Feature",
      "geometry": {
        "type": "LineString",
        "coordinates": [
          [
            126.429221,
            36.9743197
          ],
          [
            126.433695,
            36.9742683
          ]
        ]
      },
      "properties": {
        "osm_type": "way",
        "osm_id": 1433448086,
        "sido": "충청남도",
        "power_type": "line",
        "name": "",
        "description": "",
        "voltage": "154000",
        "cables": "12",
        "circuits": "4",
        "frequency": "60",
        "operator": "",
        "wires": ""
      }
    },
    {
      "type": "Feature",
      "geometry": {
        "type": "LineString",
        "coordinates": [
          [
            127.1521006,
            36.7773775
          ],
          [
            127.1522344,
            36.7791379
          ],
          [
            127.1522987,
            36.780069
          ],
          [
            127.1524787,
            36.7800654
          ],
          [
            127.1525421,
            36.7809185
          ],
          [
            127.1523641,
            36.7811342
          ],
          [
            127.152368,
            36.7815671
          ]
        ]
      },
      "properties": {
        "osm_type": "way",
        "osm_id": 1444678232,
        "sido": "충청남도",
        "power_type": "minor_line",
        "name": "",
        "description": "",
        "voltage": "",
        "cables": "",
        "circuits": "",
        "frequency": "",
        "operator": "",
        "wires": ""
      }
    },
    {
      "type": "Feature",
      "geometry": {
        "type": "LineString",
        "coordinates": [
          [
            127.1522344,
            36.7791379
          ],
          [
            127.1494689,
            36.7792313
          ],
          [
            127.1494067,
            36.779573
          ],
          [
            127.1493112,
            36.7798007
          ],
          [
            127.149189,
            36.7799253
          ]
        ]
      },
      "properties": {
        "osm_type": "way",
        "osm_id": 1444678233,
        "sido": "충청남도",
        "power_type": "minor_line",
        "name": "",
        "description": "",
        "voltage": "",
        "cables": "",
        "circuits": "",
        "frequency": "",
        "operator": "",
        "wires": ""
      }
    },
    {
      "type": "Feature",
      "geometry": {
        "type": "LineString",
        "coordinates": [
          [
            127.1524787,
            36.7800654
          ],
          [
            127.1523528,
            36.777416
          ]
        ]
      },
      "properties": {
        "osm_type": "way",
        "osm_id": 1444678234,
        "sido": "충청남도",
        "power_type": "minor_line",
        "name": "",
        "description": "",
        "voltage": "",
        "cables": "",
        "circuits": "",
        "frequency": "",
        "operator": "",
        "wires": ""
      }
    },
    {
      "type": "Feature",
      "geometry": {
        "type": "LineString",
        "coordinates": [
          [
            127.1724705,
            36.7869096
          ],
          [
            127.1722519,
            36.7872142
          ],
          [
            127.1706667,
            36.7893859
          ],
          [
            127.1689934,
            36.7918539
          ],
          [
            127.167837,
            36.7921074
          ],
          [
            127.1673193,
            36.7921353
          ]
        ]
      },
      "properties": {
        "osm_type": "way",
        "osm_id": 1448480635,
        "sido": "충청남도",
        "power_type": "line",
        "name": "",
        "description": "",
        "voltage": "154000",
        "cables": "6",
        "circuits": "2",
        "frequency": "",
        "operator": "",
        "wires": ""
      }
    },
    {
      "type": "Feature",
      "geometry": {
        "type": "LineString",
        "coordinates": [
          [
            126.7833267,
            36.38852
          ],
          [
            126.7833101,
            36.387656
          ],
          [
            126.7833097,
            36.3876356
          ],
          [
            126.784312,
            36.3876584
          ]
        ]
      },
      "properties": {
        "osm_type": "way",
        "osm_id": 1451524829,
        "sido": "충청남도",
        "power_type": "line",
        "name": "",
        "description": "",
        "voltage": "",
        "cables": "",
        "circuits": "",
        "frequency": "",
        "operator": "",
        "wires": ""
      }
    }
  ]
}