{
  "type": "FeatureCollection",
  "features": [
    {
      "type": "Feature",
      "geometry": {
        "type": "Point",
        "coordinates": [
          127.0808796,
          37.2537548
        ]
      },
      "properties": {
        "osm_type": "node",
        "osm_id": 7741147692,
        "sido": "경기도",
        "name": "",
        "name_en": "",
        "substation_type": "",
        "voltage": "",
        "frequency": "",
        "operator": "",
        "location": ""
      }
    },
    {
      "type": "Feature",
      "geometry": {
        "type": "Point",
        "coordinates": [
          126.7635855,
          37.5233853
        ]
      },
      "properties": {
        "osm_type": "node",
        "osm_id": 10123672299,
        "sido": "경기도",
        "name": "중동변전소",
        "name_en": "Jungdong Substation",
        "substation_type": "generation",
        "voltage": "154000",
        "frequency": "",
        "operator": "",
        "location": ""
      }
    },
    {
      "type": "Feature",
      "geometry": {
        "type": "Point",
        "coordinates": [
          127.1669263,
          37.5100065
        ]
      },
      "properties": {
        "osm_type": "node",
        "osm_id": 13159017951,
        "sido": "경기도",
        "name": "동서울 변전소",
        "name_en": "",
        "substation_type": "transmission",
        "voltage": "",
        "frequency": "",
        "operator": "한국전력공사",
        "location": ""
      }
    },
    {
      "type": "Feature",
      "geometry": {
        "type": "Point",
        "coordinates": [
          126.8389724,
          36.9915769
        ]
      },
      "properties": {
        "osm_type": "way",
        "osm_id": 126171813,
        "sido": "경기도",
        "name": "원정변전소",
        "name_en": "Wonjeong Substation",
        "substation_type": "distribution",
        "voltage": "154000",
        "frequency": "60",
        "operator": "",
        "location": "indoor"
      }
    },
    {
      "type": "Feature",
      "geometry": {
        "type": "Point",
        "coordinates": [
          127.0867419,
          37.2745542
        ]
      },
      "properties": {
        "osm_type": "way",
        "osm_id": 171347342,
        "sido": "경기도",
        "name": "흥덕변전소",
        "name_en": "",
        "substation_type": "distribution",
        "voltage": "154000",
        "frequency": "60",
        "operator": "",
        "location": "indoor"
      }
    },
    {
      "type": "Feature",
      "geometry": {
        "type": "Point",
        "coordinates": [
          127.0846473,
          37.2693484
        ]
      },
      "properties": {
        "osm_type": "way",
        "osm_id": 171351984,
        "sido": "경기도",
        "name": "신갈변전소",
        "name_en": "Shin-Galbyeon Substation",
        "substation_type": "distribution",
        "voltage": "154000",
        "frequency": "60",
        "operator": "",
        "location": "indoor"
      }
    },
    {
      "type": "Feature",
      "geometry": {
        "type": "Point",
        "coordinates": [
          127.1462873,
          37.2425706
        ]
      },
      "properties": {
        "osm_type": "way",
        "osm_id": 198717854,
        "sido": "경기도",
        "name": "신용인변전소",
        "name_en": "Shin-Yongin Substation",
        "substation_type": "transmission",
        "voltage": "345000",
        "frequency": "",
        "operator": "",
        "location": "outdoor"
      }
    },
    {
      "type": "Feature",
      "geometry": {
        "type": "Point",
        "coordinates": [
          127.2812815,
          37.0978337
        ]
      },
      "properties": {
        "osm_type": "way",
        "osm_id": 199954117,
        "sido": "경기도",
        "name": "신안성변전소",
        "name_en": "Shin-Anseong Substation",
        "substation_type": "transmission",
        "voltage": "765000",
        "frequency": "60",
        "operator": "",
        "location": "outdoor"
      }
    },
    {
      "type": "Feature",
      "geometry": {
        "type": "Point",
        "coordinates": [
          127.002709,
          37.4260643
        ]
      },
      "properties": {
        "osm_type": "way",
        "osm_id": 307934516,
        "sido": "경기도",
        "name": "과천변전소",
        "name_en": "Gwacheon Substation",
        "substation_type": "distribution",
        "voltage": "154000",
        "frequency": "60",
        "operator": "",
        "location": "outdoor"
      }
    },
    {
      "type": "Feature",
      "geometry": {
        "type": "Point",
        "coordinates": [
          127.0527705,
          37.3826709
        ]
      },
      "properties": {
        "osm_type": "way",
        "osm_id": 307934520,
        "sido": "경기도",
        "name": "신성남 변전소",
        "name_en": "Shin-Seongnam Substation",
        "substation_type": "transmission",
        "voltage": "345000",
        "frequency": "60",
        "operator": "한국전력공사 성남전력지사",
        "location": "outdoor"
      }
    },
    {
      "type": "Feature",
      "geometry": {
        "type": "Point",
        "coordinates": [
          126.84856,
          37.4584818
        ]
      },
      "properties": {
        "osm_type": "way",
        "osm_id": 308711344,
        "sido": "경기도",
        "name": "신광명변전소",
        "name_en": "Shin-Gwangmyeong Substation",
        "substation_type": "transmission",
        "voltage": "345000",
        "frequency": "60",
        "operator": "",
        "location": "outdoor"
      }
    },
    {
      "type": "Feature",
      "geometry": {
        "type": "Point",
        "coordinates": [
          127.0775581,
          37.2216094
        ]
      },
      "properties": {
        "osm_type": "way",
        "osm_id": 308711345,
        "sido": "경기도",
        "name": "신수원변전소",
        "name_en": "Shin-Suwon Substation",
        "substation_type": "transmission",
        "voltage": "345000",
        "frequency": "60",
        "operator": "한국전력공사",
        "location": ""
      }
    },
    {
      "type": "Feature",
      "geometry": {
        "type": "Point",
        "coordinates": [
          127.2448945,
          37.0207391
        ]
      },
      "properties": {
        "osm_type": "way",
        "osm_id": 308953834,
        "sido": "경기도",
        "name": "안성변전소",
        "name_en": "Anseong Substation",
        "substation_type": "transmission",
        "voltage": "345000",
        "frequency": "60",
        "operator": "",
        "location": "outdoor"
      }
    },
    {
      "type": "Feature",
      "geometry": {
        "type": "Point",
        "coordinates": [
          127.2083166,
          37.2251318
        ]
      },
      "properties": {
        "osm_type": "way",
        "osm_id": 310421551,
        "sido": "경기도",
        "name": "용인변전소",
        "name_en": "Yongin Substation",
        "substation_type": "distribution",
        "voltage": "154000",
        "frequency": "60",
        "operator": "",
        "location": "outdoor"
      }
    },
    {
      "type": "Feature",
      "geometry": {
        "type": "Point",
        "coordinates": [
          126.9165567,
          37.3102052
        ]
      },
      "properties": {
        "osm_type": "way",
        "osm_id": 310421552,
        "sido": "경기도",
        "name": "서서울변전소",
        "name_en": "West Seoul Substation",
        "substation_type": "transmission",
        "voltage": "345000",
        "frequency": "60",
        "operator": "",
        "location": "outdoor"
      }
    },
    {
      "type": "Feature",
      "geometry": {
        "type": "Point",
        "coordinates": [
          126.8881578,
          37.1392273
        ]
      },
      "properties": {
        "osm_type": "way",
        "osm_id": 310421596,
        "sido": "경기도",
        "name": "화성변전소",
        "name_en": "Hwaseong Substation",
        "substation_type": "transmission",
        "voltage": "345000",
        "frequency": "60",
        "operator": "",
        "location": "outdoor"
      }
    },
    {
      "type": "Feature",
      "geometry": {
        "type": "Point",
        "coordinates": [
          126.7618486,
          37.3619919
        ]
      },
      "properties": {
        "osm_type": "way",
        "osm_id": 310421666,
        "sido": "경기도",
        "name": "신시흥변전소",
        "name_en": "New Siheung Substation",
        "substation_type": "transmission",
        "voltage": "345000",
        "frequency": "60",
        "operator": "",
        "location": "outdoor"
      }
    },
    {
      "type": "Feature",
      "geometry": {
        "type": "Point",
        "coordinates": [
          127.1627882,
          37.4263627
        ]
      },
      "properties": {
        "osm_type": "way",
        "osm_id": 310928459,
        "sido": "경기도",
        "name": "성현변전소",
        "name_en": "Seonghyun Substation",
        "substation_type": "distribution",
        "voltage": "154000",
        "frequency": "60",
        "operator": "",
        "location": "indoor"
      }
    },
    {
      "type": "Feature",
      "geometry": {
        "type": "Point",
        "coordinates": [
          127.1676334,
          37.5111249
        ]
      },
      "properties": {
        "osm_type": "way",
        "osm_id": 310943500,
        "sido": "경기도",
        "name": "동서울 변전소",
        "name_en": "East Seoul Substation",
        "substation_type": "transmission",
        "voltage": "345000",
        "frequency": "60",
        "operator": "한국전력공사",
        "location": "outdoor"
      }
    },
    {
      "type": "Feature",
      "geometry": {
        "type": "Point",
        "coordinates": [
          127.1830164,
          37.5962206
        ]
      },
      "properties": {
        "osm_type": "way",
        "osm_id": 310961238,
        "sido": "경기도",
        "name": "미금변전소",
        "name_en": "Migeum Substation",
        "substation_type": "transmission",
        "voltage": "345000",
        "frequency": "60",
        "operator": "",
        "location": "outdoor"
      }
    },
    {
      "type": "Feature",
      "geometry": {
        "type": "Point",
        "coordinates": [
          126.9202053,
          37.6842094
        ]
      },
      "properties": {
        "osm_type": "way",
        "osm_id": 310963709,
        "sido": "경기도",
        "name": "양주변전소",
        "name_en": "Yangju Substation",
        "substation_type": "transmission",
        "voltage": "345000",
        "frequency": "60",
        "operator": "",
        "location": "outdoor"
      }
    },
    {
      "type": "Feature",
      "geometry": {
        "type": "Point",
        "coordinates": [
          127.0574592,
          37.8830803
        ]
      },
      "properties": {
        "osm_type": "way",
        "osm_id": 311093809,
        "sido": "경기도",
        "name": "동두천변전소",
        "name_en": "",
        "substation_type": "distribution",
        "voltage": "154000",
        "frequency": "60",
        "operator": "",
        "location": "outdoor"
      }
    },
    {
      "type": "Feature",
      "geometry": {
        "type": "Point",
        "coordinates": [
          127.0514252,
          37.8288505
        ]
      },
      "properties": {
        "osm_type": "way",
        "osm_id": 311093815,
        "sido": "경기도",
        "name": "덕계변전소",
        "name_en": "Deokgye Substation",
        "substation_type": "distribution",
        "voltage": "154000",
        "frequency": "60",
        "operator": "",
        "location": "indoor"
      }
    },
    {
      "type": "Feature",
      "geometry": {
        "type": "Point",
        "coordinates": [
          127.0180673,
          37.7564115
        ]
      },
      "properties": {
        "osm_type": "way",
        "osm_id": 311093820,
        "sido": "경기도",
        "name": "녹양변전소",
        "name_en": "Nogyang Substation",
        "substation_type": "distribution",
        "voltage": "154000",
        "frequency": "60",
        "operator": "한국전력공사",
        "location": "indoor"
      }
    },
    {
      "type": "Feature",
      "geometry": {
        "type": "Point",
        "coordinates": [
          127.5031017,
          37.616536
        ]
      },
      "properties": {
        "osm_type": "way",
        "osm_id": 311103172,
        "sido": "경기도",
        "name": "신가평변전소",
        "name_en": "Shin-Gapyeong Substation",
        "substation_type": "transmission",
        "voltage": "765000",
        "frequency": "60",
        "operator": "",
        "location": "outdoor"
      }
    },
    {
      "type": "Feature",
      "geometry": {
        "type": "Point",
        "coordinates": [
          127.2739371,
          38.0555781
        ]
      },
      "properties": {
        "osm_type": "way",
        "osm_id": 311144493,
        "sido": "경기도",
        "name": "운천변전소",
        "name_en": "Uncheon Substation",
        "substation_type": "distribution",
        "voltage": "154000",
        "frequency": "60",
        "operator": "한국전력공사",
        "location": "indoor"
      }
    },
    {
      "type": "Feature",
      "geometry": {
        "type": "Point",
        "coordinates": [
          127.2192871,
          37.5921844
        ]
      },
      "properties": {
        "osm_type": "way",
        "osm_id": 312151272,
        "sido": "경기도",
        "name": "",
        "name_en": "",
        "substation_type": "distribution",
        "voltage": "154000",
        "frequency": "60",
        "operator": "",
        "location": "outdoor"
      }
    },
    {
      "type": "Feature",
      "geometry": {
        "type": "Point",
        "coordinates": [
          127.336686,
          37.3714195
        ]
      },
      "properties": {
        "osm_type": "way",
        "osm_id": 312153485,
        "sido": "경기도",
        "name": "곤지암변전소",
        "name_en": "Gonjiam Substation",
        "substation_type": "transmission",
        "voltage": "345000",
        "frequency": "60",
        "operator": "",
        "location": "outdoor"
      }
    },
    {
      "type": "Feature",
      "geometry": {
        "type": "Point",
        "coordinates": [
          127.055058,
          37.6971762
        ]
      },
      "properties": {
        "osm_type": "way",
        "osm_id": 312297552,
        "sido": "경기도",
        "name": "도봉변전소",
        "name_en": "Dobong Substation",
        "substation_type": "distribution",
        "voltage": "154000",
        "frequency": "60",
        "operator": "한국전력공사",
        "location": "outdoor"
      }
    },
    {
      "type": "Feature",
      "geometry": {
        "type": "Point",
        "coordinates": [
          126.7711802,
          37.7398705
        ]
      },
      "properties": {
        "osm_type": "way",
        "osm_id": 312297594,
        "sido": "경기도",
        "name": "신파주변전소",
        "name_en": "Shin-Paju Substation",
        "substation_type": "transmission",
        "voltage": "345000",
        "frequency": "60",
        "operator": "한국전력공사",
        "location": "indoor"
      }
    },
    {
      "type": "Feature",
      "geometry": {
        "type": "Point",
        "coordinates": [
          126.7675705,
          37.8053503
        ]
      },
      "properties": {
        "osm_type": "way",
        "osm_id": 312297598,
        "sido": "경기도",
        "name": "신덕은변전소",
        "name_en": "Shin-Deokeun Substation",
        "substation_type": "transmission",
        "voltage": "345000",
        "frequency": "60",
        "operator": "한국전력공사",
        "location": "indoor"
      }
    },
    {
      "type": "Feature",
      "geometry": {
        "type": "Point",
        "coordinates": [
          126.9972391,
          37.8097093
        ]
      },
      "properties": {
        "osm_type": "way",
        "osm_id": 312297599,
        "sido": "경기도",
        "name": "백석변전소",
        "name_en": "Baekseok Substation",
        "substation_type": "distribution",
        "voltage": "154000",
        "frequency": "60",
        "operator": "한국전력공사",
        "location": "indoor"
      }
    },
    {
      "type": "Feature",
      "geometry": {
        "type": "Point",
        "coordinates": [
          126.8141243,
          37.7663794
        ]
      },
      "properties": {
        "osm_type": "way",
        "osm_id": 312297600,
        "sido": "경기도",
        "name": "금촌변전소",
        "name_en": "Geumchon Substation",
        "substation_type": "distribution",
        "voltage": "154000",
        "frequency": "60",
        "operator": "한국전력공사",
        "location": "indoor"
      }
    },
    {
      "type": "Feature",
      "geometry": {
        "type": "Point",
        "coordinates": [
          126.9630696,
          37.2920338
        ]
      },
      "properties": {
        "osm_type": "way",
        "osm_id": 312319351,
        "sido": "경기도",
        "name": "서수원변전소",
        "name_en": "Seosu Substation",
        "substation_type": "distribution",
        "voltage": "154000",
        "frequency": "60",
        "operator": "",
        "location": "outdoor"
      }
    },
    {
      "type": "Feature",
      "geometry": {
        "type": "Point",
        "coordinates": [
          126.8871388,
          37.4449172
        ]
      },
      "properties": {
        "osm_type": "way",
        "osm_id": 312319393,
        "sido": "경기도",
        "name": "",
        "name_en": "",
        "substation_type": "transition",
        "voltage": "154000",
        "frequency": "60",
        "operator": "",
        "location": "outdoor"
      }
    },
    {
      "type": "Feature",
      "geometry": {
        "type": "Point",
        "coordinates": [
          126.9882293,
          37.3969748
        ]
      },
      "properties": {
        "osm_type": "way",
        "osm_id": 312319401,
        "sido": "경기도",
        "name": "",
        "name_en": "",
        "substation_type": "transition",
        "voltage": "",
        "frequency": "",
        "operator": "",
        "location": "outdoor"
      }
    },
    {
      "type": "Feature",
      "geometry": {
        "type": "Point",
        "coordinates": [
          127.1618465,
          37.9509321
        ]
      },
      "properties": {
        "osm_type": "way",
        "osm_id": 312392026,
        "sido": "경기도",
        "name": "신포천변전소",
        "name_en": "Shin-Pocheon Substation",
        "substation_type": "transmission",
        "voltage": "345000",
        "frequency": "60",
        "operator": "",
        "location": "outdoor"
      }
    },
    {
      "type": "Feature",
      "geometry": {
        "type": "Point",
        "coordinates": [
          127.346554,
          37.6569311
        ]
      },
      "properties": {
        "osm_type": "way",
        "osm_id": 312399504,
        "sido": "경기도",
        "name": "마석변전소",
        "name_en": "Maseok Substation",
        "substation_type": "distribution",
        "voltage": "154000",
        "frequency": "60",
        "operator": "한국전력공사",
        "location": "indoor"
      }
    },
    {
      "type": "Feature",
      "geometry": {
        "type": "Point",
        "coordinates": [
          126.8968406,
          37.5954895
        ]
      },
      "properties": {
        "osm_type": "way",
        "osm_id": 312895019,
        "sido": "경기도",
        "name": "",
        "name_en": "",
        "substation_type": "transition",
        "voltage": "345000",
        "frequency": "60",
        "operator": "",
        "location": "outdoor"
      }
    },
    {
      "type": "Feature",
      "geometry": {
        "type": "Point",
        "coordinates": [
          127.0474028,
          37.1454375
        ]
      },
      "properties": {
        "osm_type": "way",
        "osm_id": 313247871,
        "sido": "경기도",
        "name": "오산변전소",
        "name_en": "Osan Substation",
        "substation_type": "distribution",
        "voltage": "154000",
        "frequency": "60",
        "operator": "",
        "location": "underground"
      }
    },
    {
      "type": "Feature",
      "geometry": {
        "type": "Point",
        "coordinates": [
          127.0210888,
          37.0303415
        ]
      },
      "properties": {
        "osm_type": "way",
        "osm_id": 313247872,
        "sido": "경기도",
        "name": "평택변전소",
        "name_en": "Pyeongtaek Substation",
        "substation_type": "transmission",
        "voltage": "154000",
        "frequency": "60",
        "operator": "",
        "location": "outdoor"
      }
    },
    {
      "type": "Feature",
      "geometry": {
        "type": "Point",
        "coordinates": [
          127.0771911,
          36.9609535
        ]
      },
      "properties": {
        "osm_type": "way",
        "osm_id": 313247877,
        "sido": "경기도",
        "name": "추팔변전소",
        "name_en": "Chupal Substation",
        "substation_type": "distribution",
        "voltage": "154000",
        "frequency": "60",
        "operator": "",
        "location": "indoor"
      }
    },
    {
      "type": "Feature",
      "geometry": {
        "type": "Point",
        "coordinates": [
          127.0893739,
          37.0305735
        ]
      },
      "properties": {
        "osm_type": "way",
        "osm_id": 313247878,
        "sido": "경기도",
        "name": "송탄변전소",
        "name_en": "Songtan Substation",
        "substation_type": "distribution",
        "voltage": "154000",
        "frequency": "60",
        "operator": "",
        "location": "indoor"
      }
    },
    {
      "type": "Feature",
      "geometry": {
        "type": "Point",
        "coordinates": [
          126.7471238,
          37.3242551
        ]
      },
      "properties": {
        "osm_type": "way",
        "osm_id": 313264817,
        "sido": "경기도",
        "name": "시화변전소",
        "name_en": "Shihwa Substation",
        "substation_type": "distribution",
        "voltage": "154000",
        "frequency": "60",
        "operator": "",
        "location": "indoor"
      }
    },
    {
      "type": "Feature",
      "geometry": {
        "type": "Point",
        "coordinates": [
          127.0626467,
          37.244943
        ]
      },
      "properties": {
        "osm_type": "way",
        "osm_id": 313264819,
        "sido": "경기도",
        "name": "",
        "name_en": "",
        "substation_type": "",
        "voltage": "",
        "frequency": "",
        "operator": "",
        "location": ""
      }
    },
    {
      "type": "Feature",
      "geometry": {
        "type": "Point",
        "coordinates": [
          127.08593,
          37.1205958
        ]
      },
      "properties": {
        "osm_type": "way",
        "osm_id": 313264820,
        "sido": "경기도",
        "name": "진위변전소",
        "name_en": "Jinui Substation",
        "substation_type": "distribution",
        "voltage": "154000",
        "frequency": "60",
        "operator": "",
        "location": "indoor"
      }
    },
    {
      "type": "Feature",
      "geometry": {
        "type": "Point",
        "coordinates": [
          126.781952,
          37.3260234
        ]
      },
      "properties": {
        "osm_type": "way",
        "osm_id": 313264822,
        "sido": "경기도",
        "name": "반월변전소",
        "name_en": "Banwol Substation",
        "substation_type": "distribution",
        "voltage": "154000",
        "frequency": "60",
        "operator": "",
        "location": "outdoor"
      }
    },
    {
      "type": "Feature",
      "geometry": {
        "type": "Point",
        "coordinates": [
          127.2708907,
          36.9737323
        ]
      },
      "properties": {
        "osm_type": "way",
        "osm_id": 313264824,
        "sido": "경기도",
        "name": "서운변전소",
        "name_en": "",
        "substation_type": "distribution",
        "voltage": "154000",
        "frequency": "60",
        "operator": "",
        "location": "indoor"
      }
    },
    {
      "type": "Feature",
      "geometry": {
        "type": "Point",
        "coordinates": [
          126.9733516,
          37.3817584
        ]
      },
      "properties": {
        "osm_type": "way",
        "osm_id": 340281093,
        "sido": "경기도",
        "name": "동안양변전소",
        "name_en": "East-Anyang Substation",
        "substation_type": "distribution",
        "voltage": "154000",
        "frequency": "60",
        "operator": "한국전력공사",
        "location": "outdoor"
      }
    },
    {
      "type": "Feature",
      "geometry": {
        "type": "Point",
        "coordinates": [
          127.0837385,
          37.3182439
        ]
      },
      "properties": {
        "osm_type": "way",
        "osm_id": 366091102,
        "sido": "경기도",
        "name": "수지변전소",
        "name_en": "",
        "substation_type": "distribution",
        "voltage": "154000",
        "frequency": "60",
        "operator": "",
        "location": "indoor"
      }
    },
    {
      "type": "Feature",
      "geometry": {
        "type": "Point",
        "coordinates": [
          126.894412,
          36.9881536
        ]
      },
      "properties": {
        "osm_type": "way",
        "osm_id": 371952360,
        "sido": "경기도",
        "name": "포승변전소",
        "name_en": "Poseung Substation",
        "substation_type": "distribution",
        "voltage": "154000",
        "frequency": "60",
        "operator": "",
        "location": "indoor"
      }
    },
    {
      "type": "Feature",
      "geometry": {
        "type": "Point",
        "coordinates": [
          127.1445683,
          37.506086
        ]
      },
      "properties": {
        "osm_type": "way",
        "osm_id": 373570009,
        "sido": "경기도",
        "name": "",
        "name_en": "",
        "substation_type": "transition",
        "voltage": "",
        "frequency": "",
        "operator": "",
        "location": "outdoor"
      }
    },
    {
      "type": "Feature",
      "geometry": {
        "type": "Point",
        "coordinates": [
          127.1565394,
          37.4088002
        ]
      },
      "properties": {
        "osm_type": "way",
        "osm_id": 426458235,
        "sido": "경기도",
        "name": "야탑변전소",
        "name_en": "Yatap Substation",
        "substation_type": "distribution",
        "voltage": "154000",
        "frequency": "60",
        "operator": "",
        "location": "indoor"
      }
    },
    {
      "type": "Feature",
      "geometry": {
        "type": "Point",
        "coordinates": [
          127.6404428,
          37.2802858
        ]
      },
      "properties": {
        "osm_type": "way",
        "osm_id": 447002518,
        "sido": "경기도",
        "name": "여주변전소",
        "name_en": "Yeoju Substation",
        "substation_type": "distribution",
        "voltage": "154000",
        "frequency": "60",
        "operator": "한국전력공사",
        "location": "outdoor"
      }
    },
    {
      "type": "Feature",
      "geometry": {
        "type": "Point",
        "coordinates": [
          127.5922623,
          37.2457742
        ]
      },
      "properties": {
        "osm_type": "way",
        "osm_id": 452257212,
        "sido": "경기도",
        "name": "가남변전소",
        "name_en": "Ganam Substation",
        "substation_type": "distribution",
        "voltage": "154000",
        "frequency": "60",
        "operator": "",
        "location": "outdoor"
      }
    },
    {
      "type": "Feature",
      "geometry": {
        "type": "Point",
        "coordinates": [
          127.1135614,
          37.6315908
        ]
      },
      "properties": {
        "osm_type": "way",
        "osm_id": 456603893,
        "sido": "경기도",
        "name": "",
        "name_en": "",
        "substation_type": "",
        "voltage": "",
        "frequency": "",
        "operator": "",
        "location": ""
      }
    },
    {
      "type": "Feature",
      "geometry": {
        "type": "Point",
        "coordinates": [
          127.1048909,
          37.3466844
        ]
      },
      "properties": {
        "osm_type": "way",
        "osm_id": 466385763,
        "sido": "경기도",
        "name": "",
        "name_en": "",
        "substation_type": "",
        "voltage": "",
        "frequency": "",
        "operator": "",
        "location": ""
      }
    },
    {
      "type": "Feature",
      "geometry": {
        "type": "Point",
        "coordinates": [
          127.3025387,
          37.662458
        ]
      },
      "properties": {
        "osm_type": "way",
        "osm_id": 469349070,
        "sido": "경기도",
        "name": "변전소 1",
        "name_en": "",
        "substation_type": "",
        "voltage": "",
        "frequency": "",
        "operator": "",
        "location": ""
      }
    },
    {
      "type": "Feature",
      "geometry": {
        "type": "Point",
        "coordinates": [
          126.8709621,
          37.6371415
        ]
      },
      "properties": {
        "osm_type": "way",
        "osm_id": 470134449,
        "sido": "경기도",
        "name": "원흥변전소",
        "name_en": "Wonheung Substation",
        "substation_type": "distribution",
        "voltage": "154000",
        "frequency": "",
        "operator": "한국전력공사",
        "location": "indoor"
      }
    },
    {
      "type": "Feature",
      "geometry": {
        "type": "Point",
        "coordinates": [
          127.1545682,
          37.461456
        ]
      },
      "properties": {
        "osm_type": "way",
        "osm_id": 471125532,
        "sido": "경기도",
        "name": "산성변전소",
        "name_en": "Sansung Substation",
        "substation_type": "distribution",
        "voltage": "154000",
        "frequency": "60",
        "operator": "한국전력공사",
        "location": "outdoor"
      }
    },
    {
      "type": "Feature",
      "geometry": {
        "type": "Point",
        "coordinates": [
          127.0365623,
          37.2011723
        ]
      },
      "properties": {
        "osm_type": "way",
        "osm_id": 473038782,
        "sido": "경기도",
        "name": "",
        "name_en": "",
        "substation_type": "traction",
        "voltage": "55000;27500",
        "frequency": "",
        "operator": "",
        "location": ""
      }
    },
    {
      "type": "Feature",
      "geometry": {
        "type": "Point",
        "coordinates": [
          126.9240221,
          37.3570418
        ]
      },
      "properties": {
        "osm_type": "way",
        "osm_id": 473966990,
        "sido": "경기도",
        "name": "산본변전소",
        "name_en": "Sanbon Substation",
        "substation_type": "distribution",
        "voltage": "154000",
        "frequency": "60",
        "operator": "한국전력",
        "location": "indoor"
      }
    },
    {
      "type": "Feature",
      "geometry": {
        "type": "Point",
        "coordinates": [
          126.7325362,
          37.368376
        ]
      },
      "properties": {
        "osm_type": "way",
        "osm_id": 474783564,
        "sido": "경기도",
        "name": "정왕변전소",
        "name_en": "",
        "substation_type": "distribution",
        "voltage": "154000",
        "frequency": "60",
        "operator": "",
        "location": "indoor"
      }
    },
    {
      "type": "Feature",
      "geometry": {
        "type": "Point",
        "coordinates": [
          126.8428859,
          37.6186048
        ]
      },
      "properties": {
        "osm_type": "way",
        "osm_id": 478407097,
        "sido": "경기도",
        "name": "능곡변전소",
        "name_en": "Neunggok Substation",
        "substation_type": "distribution",
        "voltage": "154000",
        "frequency": "60",
        "operator": "한국전력공사",
        "location": "indoor"
      }
    },
    {
      "type": "Feature",
      "geometry": {
        "type": "Point",
        "coordinates": [
          126.786974,
          37.5064618
        ]
      },
      "properties": {
        "osm_type": "way",
        "osm_id": 483467555,
        "sido": "경기도",
        "name": "부천변전소",
        "name_en": "",
        "substation_type": "distribution",
        "voltage": "154000",
        "frequency": "60",
        "operator": "",
        "location": "indoor"
      }
    },
    {
      "type": "Feature",
      "geometry": {
        "type": "Point",
        "coordinates": [
          127.0511069,
          37.2611066
        ]
      },
      "properties": {
        "osm_type": "way",
        "osm_id": 491463023,
        "sido": "경기도",
        "name": "",
        "name_en": "",
        "substation_type": "",
        "voltage": "",
        "frequency": "",
        "operator": "",
        "location": ""
      }
    },
    {
      "type": "Feature",
      "geometry": {
        "type": "Point",
        "coordinates": [
          127.0203981,
          36.9751349
        ]
      },
      "properties": {
        "osm_type": "way",
        "osm_id": 586692051,
        "sido": "경기도",
        "name": "",
        "name_en": "",
        "substation_type": "",
        "voltage": "",
        "frequency": "",
        "operator": "",
        "location": ""
      }
    },
    {
      "type": "Feature",
      "geometry": {
        "type": "Point",
        "coordinates": [
          127.2193787,
          37.6488431
        ]
      },
      "properties": {
        "osm_type": "way",
        "osm_id": 588107985,
        "sido": "경기도",
        "name": "평내차량사업소 변전소",
        "name_en": "",
        "substation_type": "yes",
        "voltage": "",
        "frequency": "",
        "operator": "한국철도시설공단",
        "location": ""
      }
    },
    {
      "type": "Feature",
      "geometry": {
        "type": "Point",
        "coordinates": [
          126.8380389,
          37.6485409
        ]
      },
      "properties": {
        "osm_type": "way",
        "osm_id": 598372523,
        "sido": "경기도",
        "name": "지도변전소",
        "name_en": "Jido Substation",
        "substation_type": "distribution",
        "voltage": "154000",
        "frequency": "60",
        "operator": "한국전력공사",
        "location": "indoor"
      }
    },
    {
      "type": "Feature",
      "geometry": {
        "type": "Point",
        "coordinates": [
          126.927542,
          37.3863316
        ]
      },
      "properties": {
        "osm_type": "way",
        "osm_id": 602072207,
        "sido": "경기도",
        "name": "안양변전소",
        "name_en": "Anyang Substation",
        "substation_type": "distribution",
        "voltage": "154000",
        "frequency": "60",
        "operator": "한국전력공사",
        "location": "indoor"
      }
    },
    {
      "type": "Feature",
      "geometry": {
        "type": "Point",
        "coordinates": [
          127.6320544,
          37.2823267
        ]
      },
      "properties": {
        "osm_type": "way",
        "osm_id": 639121011,
        "sido": "경기도",
        "name": "",
        "name_en": "",
        "substation_type": "",
        "voltage": "",
        "frequency": "",
        "operator": "한국철도공사",
        "location": ""
      }
    },
    {
      "type": "Feature",
      "geometry": {
        "type": "Point",
        "coordinates": [
          127.6320559,
          37.2823361
        ]
      },
      "properties": {
        "osm_type": "way",
        "osm_id": 639121012,
        "sido": "경기도",
        "name": "",
        "name_en": "",
        "substation_type": "traction",
        "voltage": "",
        "frequency": "",
        "operator": "한국철도공사",
        "location": ""
      }
    },
    {
      "type": "Feature",
      "geometry": {
        "type": "Point",
        "coordinates": [
          126.7615677,
          37.6854498
        ]
      },
      "properties": {
        "osm_type": "way",
        "osm_id": 654735998,
        "sido": "경기도",
        "name": "송포변전소",
        "name_en": "Songpo Substation",
        "substation_type": "distribution",
        "voltage": "154000",
        "frequency": "60",
        "operator": "한국전력공사",
        "location": "indoor"
      }
    },
    {
      "type": "Feature",
      "geometry": {
        "type": "Point",
        "coordinates": [
          126.6858008,
          37.6405529
        ]
      },
      "properties": {
        "osm_type": "way",
        "osm_id": 657106179,
        "sido": "경기도",
        "name": "장기변전소",
        "name_en": "Janggi Substation",
        "substation_type": "distribution",
        "voltage": "154000",
        "frequency": "60",
        "operator": "한국전력공사",
        "location": "indoor"
      }
    },
    {
      "type": "Feature",
      "geometry": {
        "type": "Point",
        "coordinates": [
          127.221717,
          37.0974226
        ]
      },
      "properties": {
        "osm_type": "way",
        "osm_id": 676450658,
        "sido": "경기도",
        "name": "서안성변전소",
        "name_en": "West-Anseong Substation",
        "substation_type": "transmission",
        "voltage": "345000;154000",
        "frequency": "60",
        "operator": "",
        "location": "outdoor"
      }
    },
    {
      "type": "Feature",
      "geometry": {
        "type": "Point",
        "coordinates": [
          127.0050135,
          37.2568269
        ]
      },
      "properties": {
        "osm_type": "way",
        "osm_id": 680024809,
        "sido": "경기도",
        "name": "수원 SS",
        "name_en": "Suwon Substation",
        "substation_type": "traction",
        "voltage": "154000;55000;27500",
        "frequency": "",
        "operator": "",
        "location": ""
      }
    },
    {
      "type": "Feature",
      "geometry": {
        "type": "Point",
        "coordinates": [
          126.946249,
          37.3673404
        ]
      },
      "properties": {
        "osm_type": "way",
        "osm_id": 680065932,
        "sido": "경기도",
        "name": "금정변전소",
        "name_en": "",
        "substation_type": "yes",
        "voltage": "",
        "frequency": "",
        "operator": "",
        "location": ""
      }
    },
    {
      "type": "Feature",
      "geometry": {
        "type": "Point",
        "coordinates": [
          127.0624295,
          37.8369556
        ]
      },
      "properties": {
        "osm_type": "way",
        "osm_id": 682234683,
        "sido": "경기도",
        "name": "덕정SSP",
        "name_en": "Deokjeong Sectioning Post",
        "substation_type": "traction",
        "voltage": "55000;27500",
        "frequency": "",
        "operator": "",
        "location": ""
      }
    },
    {
      "type": "Feature",
      "geometry": {
        "type": "Point",
        "coordinates": [
          127.1180459,
          37.2171381
        ]
      },
      "properties": {
        "osm_type": "way",
        "osm_id": 684150692,
        "sido": "경기도",
        "name": "동탄변전소",
        "name_en": "Dongtan Substation",
        "substation_type": "distribution",
        "voltage": "154000",
        "frequency": "60",
        "operator": "",
        "location": "indoor"
      }
    },
    {
      "type": "Feature",
      "geometry": {
        "type": "Point",
        "coordinates": [
          127.0047239,
          37.0252629
        ]
      },
      "properties": {
        "osm_type": "way",
        "osm_id": 684276200,
        "sido": "경기도",
        "name": "",
        "name_en": "",
        "substation_type": "",
        "voltage": "",
        "frequency": "",
        "operator": "",
        "location": ""
      }
    },
    {
      "type": "Feature",
      "geometry": {
        "type": "Point",
        "coordinates": [
          127.0999946,
          37.21736
        ]
      },
      "properties": {
        "osm_type": "way",
        "osm_id": 685559182,
        "sido": "경기도",
        "name": "",
        "name_en": "",
        "substation_type": "",
        "voltage": "",
        "frequency": "",
        "operator": "",
        "location": ""
      }
    },
    {
      "type": "Feature",
      "geometry": {
        "type": "Point",
        "coordinates": [
          127.0826996,
          37.1861153
        ]
      },
      "properties": {
        "osm_type": "way",
        "osm_id": 685566806,
        "sido": "경기도",
        "name": "삼미변전소",
        "name_en": "",
        "substation_type": "distribution",
        "voltage": "154000",
        "frequency": "60",
        "operator": "",
        "location": "indoor"
      }
    },
    {
      "type": "Feature",
      "geometry": {
        "type": "Point",
        "coordinates": [
          127.0365562,
          37.2012364
        ]
      },
      "properties": {
        "osm_type": "way",
        "osm_id": 685566848,
        "sido": "경기도",
        "name": "",
        "name_en": "",
        "substation_type": "",
        "voltage": "",
        "frequency": "",
        "operator": "",
        "location": ""
      }
    },
    {
      "type": "Feature",
      "geometry": {
        "type": "Point",
        "coordinates": [
          126.8777609,
          37.5805456
        ]
      },
      "properties": {
        "osm_type": "way",
        "osm_id": 691122408,
        "sido": "경기도",
        "name": "상암변전소",
        "name_en": "Sangam Substation",
        "substation_type": "distribution",
        "voltage": "154000",
        "frequency": "60",
        "operator": "한국전력공사",
        "location": "indoor"
      }
    },
    {
      "type": "Feature",
      "geometry": {
        "type": "Point",
        "coordinates": [
          126.8557727,
          37.3070226
        ]
      },
      "properties": {
        "osm_type": "way",
        "osm_id": 700350358,
        "sido": "경기도",
        "name": "한대앞SP",
        "name_en": "Handaeap Sectioning Post",
        "substation_type": "traction",
        "voltage": "55000;27500",
        "frequency": "",
        "operator": "",
        "location": "indoor"
      }
    },
    {
      "type": "Feature",
      "geometry": {
        "type": "Point",
        "coordinates": [
          127.1511278,
          37.4815773
        ]
      },
      "properties": {
        "osm_type": "way",
        "osm_id": 704248035,
        "sido": "경기도",
        "name": "위례변전소",
        "name_en": "Wirye Substation",
        "substation_type": "distribution",
        "voltage": "154000",
        "frequency": "60",
        "operator": "한국전력공사",
        "location": "indoor"
      }
    },
    {
      "type": "Feature",
      "geometry": {
        "type": "Point",
        "coordinates": [
          127.057702,
          37.0261939
        ]
      },
      "properties": {
        "osm_type": "way",
        "osm_id": 720447745,
        "sido": "경기도",
        "name": "고덕변전소",
        "name_en": "",
        "substation_type": "",
        "voltage": "",
        "frequency": "",
        "operator": "",
        "location": ""
      }
    },
    {
      "type": "Feature",
      "geometry": {
        "type": "Point",
        "coordinates": [
          127.178991,
          37.5775302
        ]
      },
      "properties": {
        "osm_type": "way",
        "osm_id": 724518824,
        "sido": "경기도",
        "name": "",
        "name_en": "",
        "substation_type": "transition",
        "voltage": "345000",
        "frequency": "",
        "operator": "한국전력공사",
        "location": ""
      }
    },
    {
      "type": "Feature",
      "geometry": {
        "type": "Point",
        "coordinates": [
          126.8441739,
          37.3149791
        ]
      },
      "properties": {
        "osm_type": "way",
        "osm_id": 733522176,
        "sido": "경기도",
        "name": "성포변전소",
        "name_en": "",
        "substation_type": "distribution",
        "voltage": "154000",
        "frequency": "60",
        "operator": "",
        "location": "indoor"
      }
    },
    {
      "type": "Feature",
      "geometry": {
        "type": "Point",
        "coordinates": [
          127.0905389,
          37.7565698
        ]
      },
      "properties": {
        "osm_type": "way",
        "osm_id": 734108649,
        "sido": "경기도",
        "name": "신의정부변전소",
        "name_en": "Shin-Uijeongbu Substation",
        "substation_type": "transmission",
        "voltage": "345000",
        "frequency": "60",
        "operator": "한국전력공사",
        "location": "outdoor"
      }
    },
    {
      "type": "Feature",
      "geometry": {
        "type": "Point",
        "coordinates": [
          127.0378642,
          37.2934496
        ]
      },
      "properties": {
        "osm_type": "way",
        "osm_id": 741633665,
        "sido": "경기도",
        "name": "우만변전소",
        "name_en": "",
        "substation_type": "distribution",
        "voltage": "154000",
        "frequency": "60",
        "operator": "",
        "location": "indoor"
      }
    },
    {
      "type": "Feature",
      "geometry": {
        "type": "Point",
        "coordinates": [
          126.7220818,
          37.7276368
        ]
      },
      "properties": {
        "osm_type": "way",
        "osm_id": 742782472,
        "sido": "경기도",
        "name": "문발변전소",
        "name_en": "Munbal Substation",
        "substation_type": "distribution",
        "voltage": "154000",
        "frequency": "60",
        "operator": "한국전력공사",
        "location": "indoor"
      }
    },
    {
      "type": "Feature",
      "geometry": {
        "type": "Point",
        "coordinates": [
          126.877325,
          37.3014071
        ]
      },
      "properties": {
        "osm_type": "way",
        "osm_id": 744220207,
        "sido": "경기도",
        "name": "일동변전소",
        "name_en": "",
        "substation_type": "distribution",
        "voltage": "154000",
        "frequency": "60",
        "operator": "",
        "location": "indoor"
      }
    },
    {
      "type": "Feature",
      "geometry": {
        "type": "Point",
        "coordinates": [
          126.8786635,
          37.3006647
        ]
      },
      "properties": {
        "osm_type": "way",
        "osm_id": 744220209,
        "sido": "경기도",
        "name": "신안산변전소",
        "name_en": "Shin-Ansan Substation",
        "substation_type": "transmission",
        "voltage": "345000",
        "frequency": "60",
        "operator": "",
        "location": "indoor"
      }
    },
    {
      "type": "Feature",
      "geometry": {
        "type": "Point",
        "coordinates": [
          126.8115133,
          37.3157545
        ]
      },
      "properties": {
        "osm_type": "way",
        "osm_id": 744554067,
        "sido": "경기도",
        "name": "안산변전소",
        "name_en": "Ansan Substation",
        "substation_type": "distribution",
        "voltage": "154000",
        "frequency": "60",
        "operator": "",
        "location": "indoor"
      }
    },
    {
      "type": "Feature",
      "geometry": {
        "type": "Point",
        "coordinates": [
          126.7923624,
          37.3251454
        ]
      },
      "properties": {
        "osm_type": "way",
        "osm_id": 749308267,
        "sido": "경기도",
        "name": "안산SSP",
        "name_en": "Ansan Sectioning Post",
        "substation_type": "traction",
        "voltage": "55000;27500",
        "frequency": "",
        "operator": "",
        "location": "indoor"
      }
    },
    {
      "type": "Feature",
      "geometry": {
        "type": "Point",
        "coordinates": [
          126.7407332,
          37.3684699
        ]
      },
      "properties": {
        "osm_type": "way",
        "osm_id": 758375914,
        "sido": "경기도",
        "name": "",
        "name_en": "",
        "substation_type": "traction",
        "voltage": "55000;27500",
        "frequency": "",
        "operator": "",
        "location": ""
      }
    },
    {
      "type": "Feature",
      "geometry": {
        "type": "Point",
        "coordinates": [
          127.419546,
          37.7231169
        ]
      },
      "properties": {
        "osm_type": "way",
        "osm_id": 759760104,
        "sido": "경기도",
        "name": "",
        "name_en": "",
        "substation_type": "yes",
        "voltage": "",
        "frequency": "",
        "operator": "",
        "location": ""
      }
    },
    {
      "type": "Feature",
      "geometry": {
        "type": "Point",
        "coordinates": [
          127.0590309,
          37.297864
        ]
      },
      "properties": {
        "osm_type": "way",
        "osm_id": 765571787,
        "sido": "경기도",
        "name": "이의변전소",
        "name_en": "",
        "substation_type": "distribution",
        "voltage": "154000",
        "frequency": "60",
        "operator": "",
        "location": "indoor"
      }
    },
    {
      "type": "Feature",
      "geometry": {
        "type": "Point",
        "coordinates": [
          127.227927,
          37.5357153
        ]
      },
      "properties": {
        "osm_type": "way",
        "osm_id": 774605281,
        "sido": "경기도",
        "name": "신장변전소",
        "name_en": "",
        "substation_type": "distribution",
        "voltage": "154000",
        "frequency": "60",
        "operator": "",
        "location": "indoor"
      }
    },
    {
      "type": "Feature",
      "geometry": {
        "type": "Point",
        "coordinates": [
          127.2800087,
          37.515609
        ]
      },
      "properties": {
        "osm_type": "way",
        "osm_id": 813628651,
        "sido": "경기도",
        "name": "",
        "name_en": "",
        "substation_type": "",
        "voltage": "",
        "frequency": "",
        "operator": "",
        "location": ""
      }
    },
    {
      "type": "Feature",
      "geometry": {
        "type": "Point",
        "coordinates": [
          127.1689607,
          37.9465162
        ]
      },
      "properties": {
        "osm_type": "way",
        "osm_id": 814808447,
        "sido": "경기도",
        "name": "",
        "name_en": "",
        "substation_type": "",
        "voltage": "",
        "frequency": "",
        "operator": "",
        "location": ""
      }
    },
    {
      "type": "Feature",
      "geometry": {
        "type": "Point",
        "coordinates": [
          127.1643555,
          37.98848
        ]
      },
      "properties": {
        "osm_type": "way",
        "osm_id": 814808451,
        "sido": "경기도",
        "name": "",
        "name_en": "",
        "substation_type": "",
        "voltage": "",
        "frequency": "",
        "operator": "",
        "location": ""
      }
    },
    {
      "type": "Feature",
      "geometry": {
        "type": "Point",
        "coordinates": [
          127.090266,
          37.9029688
        ]
      },
      "properties": {
        "osm_type": "way",
        "osm_id": 814808452,
        "sido": "경기도",
        "name": "",
        "name_en": "",
        "substation_type": "",
        "voltage": "",
        "frequency": "",
        "operator": "",
        "location": ""
      }
    },
    {
      "type": "Feature",
      "geometry": {
        "type": "Point",
        "coordinates": [
          126.9278998,
          37.329997
        ]
      },
      "properties": {
        "osm_type": "way",
        "osm_id": 822751789,
        "sido": "경기도",
        "name": "남군포변전소",
        "name_en": "",
        "substation_type": "distribution",
        "voltage": "154000",
        "frequency": "60",
        "operator": "",
        "location": "outdoor"
      }
    },
    {
      "type": "Feature",
      "geometry": {
        "type": "Point",
        "coordinates": [
          126.9279748,
          37.32997
        ]
      },
      "properties": {
        "osm_type": "way",
        "osm_id": 822751790,
        "sido": "경기도",
        "name": "",
        "name_en": "",
        "substation_type": "distribution",
        "voltage": "154000",
        "frequency": "60",
        "operator": "",
        "location": "indoor"
      }
    },
    {
      "type": "Feature",
      "geometry": {
        "type": "Point",
        "coordinates": [
          127.0809139,
          37.2537471
        ]
      },
      "properties": {
        "osm_type": "way",
        "osm_id": 829334045,
        "sido": "경기도",
        "name": "",
        "name_en": "",
        "substation_type": "",
        "voltage": "154000",
        "frequency": "",
        "operator": "",
        "location": "outdoor"
      }
    },
    {
      "type": "Feature",
      "geometry": {
        "type": "Point",
        "coordinates": [
          126.7635377,
          37.7198737
        ]
      },
      "properties": {
        "osm_type": "way",
        "osm_id": 884033655,
        "sido": "경기도",
        "name": "",
        "name_en": "",
        "substation_type": "transition",
        "voltage": "345000",
        "frequency": "60",
        "operator": "고양전력지사",
        "location": "outdoor"
      }
    },
    {
      "type": "Feature",
      "geometry": {
        "type": "Point",
        "coordinates": [
          126.6263859,
          37.6360942
        ]
      },
      "properties": {
        "osm_type": "way",
        "osm_id": 884033657,
        "sido": "경기도",
        "name": "신김포변전소",
        "name_en": "Shin-Gimpo Substation",
        "substation_type": "transmission",
        "voltage": "345000",
        "frequency": "60",
        "operator": "",
        "location": "indoor"
      }
    },
    {
      "type": "Feature",
      "geometry": {
        "type": "Point",
        "coordinates": [
          126.9227573,
          37.3190977
        ]
      },
      "properties": {
        "osm_type": "way",
        "osm_id": 884263041,
        "sido": "경기도",
        "name": "송정변전소",
        "name_en": "",
        "substation_type": "distribution",
        "voltage": "154000",
        "frequency": "60",
        "operator": "",
        "location": "outdoor"
      }
    },
    {
      "type": "Feature",
      "geometry": {
        "type": "Point",
        "coordinates": [
          126.6211814,
          37.6581685
        ]
      },
      "properties": {
        "osm_type": "way",
        "osm_id": 884263056,
        "sido": "경기도",
        "name": "양곡변전소",
        "name_en": "Yanggok Substation",
        "substation_type": "transmission",
        "voltage": "154000",
        "frequency": "60",
        "operator": "한국전력공사",
        "location": "outdoor"
      }
    },
    {
      "type": "Feature",
      "geometry": {
        "type": "Point",
        "coordinates": [
          126.6634677,
          37.6523122
        ]
      },
      "properties": {
        "osm_type": "way",
        "osm_id": 885818825,
        "sido": "경기도",
        "name": "",
        "name_en": "",
        "substation_type": "transition",
        "voltage": "345000",
        "frequency": "60",
        "operator": "한국전력공사",
        "location": "indoor"
      }
    },
    {
      "type": "Feature",
      "geometry": {
        "type": "Point",
        "coordinates": [
          126.7287644,
          37.7070444
        ]
      },
      "properties": {
        "osm_type": "way",
        "osm_id": 885818826,
        "sido": "경기도",
        "name": "",
        "name_en": "",
        "substation_type": "transition",
        "voltage": "345000",
        "frequency": "60",
        "operator": "",
        "location": "indoor"
      }
    },
    {
      "type": "Feature",
      "geometry": {
        "type": "Point",
        "coordinates": [
          126.9573713,
          37.9104337
        ]
      },
      "properties": {
        "osm_type": "way",
        "osm_id": 885818830,
        "sido": "경기도",
        "name": "남면변전소",
        "name_en": "Nammyeon Substation",
        "substation_type": "distribution",
        "voltage": "154000",
        "frequency": "60",
        "operator": "한국전력공사",
        "location": "indoor"
      }
    },
    {
      "type": "Feature",
      "geometry": {
        "type": "Point",
        "coordinates": [
          126.7833878,
          37.8633178
        ]
      },
      "properties": {
        "osm_type": "way",
        "osm_id": 885818835,
        "sido": "경기도",
        "name": "문산변전소",
        "name_en": "Munsan Substation",
        "substation_type": "distribution",
        "voltage": "154000",
        "frequency": "60",
        "operator": "한국전력공사",
        "location": "indoor"
      }
    },
    {
      "type": "Feature",
      "geometry": {
        "type": "Point",
        "coordinates": [
          127.1284726,
          37.3384439
        ]
      },
      "properties": {
        "osm_type": "way",
        "osm_id": 886025097,
        "sido": "경기도",
        "name": "",
        "name_en": "",
        "substation_type": "distribution",
        "voltage": "154000",
        "frequency": "60",
        "operator": "",
        "location": "outdoor"
      }
    },
    {
      "type": "Feature",
      "geometry": {
        "type": "Point",
        "coordinates": [
          127.1889388,
          37.1406145
        ]
      },
      "properties": {
        "osm_type": "way",
        "osm_id": 886025098,
        "sido": "경기도",
        "name": "남사변전소",
        "name_en": "Namsa Substation",
        "substation_type": "distribution",
        "voltage": "154000",
        "frequency": "60",
        "operator": "",
        "location": "indoor"
      }
    },
    {
      "type": "Feature",
      "geometry": {
        "type": "Point",
        "coordinates": [
          127.4983671,
          37.813513
        ]
      },
      "properties": {
        "osm_type": "way",
        "osm_id": 886116881,
        "sido": "경기도",
        "name": "가평변전소",
        "name_en": "Gapyeong Substation",
        "substation_type": "distribution",
        "voltage": "154000",
        "frequency": "60",
        "operator": "",
        "location": "outdoor"
      }
    },
    {
      "type": "Feature",
      "geometry": {
        "type": "Point",
        "coordinates": [
          126.8185259,
          37.6632779
        ]
      },
      "properties": {
        "osm_type": "way",
        "osm_id": 886116882,
        "sido": "경기도",
        "name": "고양변전소",
        "name_en": "Goyang Substation",
        "substation_type": "distribution",
        "voltage": "154000",
        "frequency": "60",
        "operator": "한국전력공사",
        "location": "indoor"
      }
    },
    {
      "type": "Feature",
      "geometry": {
        "type": "Point",
        "coordinates": [
          126.9184088,
          37.6478154
        ]
      },
      "properties": {
        "osm_type": "way",
        "osm_id": 886116883,
        "sido": "경기도",
        "name": "불광변전소",
        "name_en": "",
        "substation_type": "distribution",
        "voltage": "154000",
        "frequency": "60",
        "operator": "",
        "location": "indoor"
      }
    },
    {
      "type": "Feature",
      "geometry": {
        "type": "Point",
        "coordinates": [
          126.7346107,
          37.6638878
        ]
      },
      "properties": {
        "osm_type": "way",
        "osm_id": 886116884,
        "sido": "경기도",
        "name": "호수변전소",
        "name_en": "Hosu Substation",
        "substation_type": "distribution",
        "voltage": "154000",
        "frequency": "60",
        "operator": "한국전력공사",
        "location": "indoor"
      }
    },
    {
      "type": "Feature",
      "geometry": {
        "type": "Point",
        "coordinates": [
          126.9278993,
          38.0162207
        ]
      },
      "properties": {
        "osm_type": "way",
        "osm_id": 886116890,
        "sido": "경기도",
        "name": "백학변전소",
        "name_en": "Baekhak Substation",
        "substation_type": "distribution",
        "voltage": "154000",
        "frequency": "60",
        "operator": "한국전력공사",
        "location": "indoor"
      }
    },
    {
      "type": "Feature",
      "geometry": {
        "type": "Point",
        "coordinates": [
          126.7754424,
          37.8302515
        ]
      },
      "properties": {
        "osm_type": "way",
        "osm_id": 886116891,
        "sido": "경기도",
        "name": "월롱변전소",
        "name_en": "Wollong Substation",
        "substation_type": "distribution",
        "voltage": "154000",
        "frequency": "60",
        "operator": "한국전력공사",
        "location": "indoor"
      }
    },
    {
      "type": "Feature",
      "geometry": {
        "type": "Point",
        "coordinates": [
          126.8009455,
          37.8544097
        ]
      },
      "properties": {
        "osm_type": "way",
        "osm_id": 886116892,
        "sido": "경기도",
        "name": "선유변전소",
        "name_en": "Seonyu Substation",
        "substation_type": "distribution",
        "voltage": "154000",
        "frequency": "60",
        "operator": "한국전력공사",
        "location": "indoor"
      }
    },
    {
      "type": "Feature",
      "geometry": {
        "type": "Point",
        "coordinates": [
          127.0608931,
          37.3262103
        ]
      },
      "properties": {
        "osm_type": "way",
        "osm_id": 886116894,
        "sido": "경기도",
        "name": "신봉변전소",
        "name_en": "",
        "substation_type": "distribution",
        "voltage": "154000",
        "frequency": "60",
        "operator": "",
        "location": "indoor"
      }
    },
    {
      "type": "Feature",
      "geometry": {
        "type": "Point",
        "coordinates": [
          127.0716062,
          37.3913697
        ]
      },
      "properties": {
        "osm_type": "way",
        "osm_id": 886623595,
        "sido": "경기도",
        "name": "서판교변전소",
        "name_en": "",
        "substation_type": "distribution",
        "voltage": "154000",
        "frequency": "60",
        "operator": "",
        "location": "underground"
      }
    },
    {
      "type": "Feature",
      "geometry": {
        "type": "Point",
        "coordinates": [
          127.1045002,
          37.3757901
        ]
      },
      "properties": {
        "osm_type": "way",
        "osm_id": 886623600,
        "sido": "경기도",
        "name": "정자변전소",
        "name_en": "",
        "substation_type": "distribution",
        "voltage": "154000",
        "frequency": "60",
        "operator": "",
        "location": "underground"
      }
    },
    {
      "type": "Feature",
      "geometry": {
        "type": "Point",
        "coordinates": [
          127.1054558,
          37.3936011
        ]
      },
      "properties": {
        "osm_type": "way",
        "osm_id": 886623601,
        "sido": "경기도",
        "name": "동판교변전소",
        "name_en": "",
        "substation_type": "distribution",
        "voltage": "154000",
        "frequency": "60",
        "operator": "",
        "location": "indoor"
      }
    },
    {
      "type": "Feature",
      "geometry": {
        "type": "Point",
        "coordinates": [
          126.623866,
          37.609185
        ]
      },
      "properties": {
        "osm_type": "way",
        "osm_id": 886623603,
        "sido": "경기도",
        "name": "양촌변전소",
        "name_en": "Yangchon Substation",
        "substation_type": "distribution",
        "voltage": "154000",
        "frequency": "60",
        "operator": "한국전력공사",
        "location": "indoor"
      }
    },
    {
      "type": "Feature",
      "geometry": {
        "type": "Point",
        "coordinates": [
          126.6967229,
          37.6192662
        ]
      },
      "properties": {
        "osm_type": "way",
        "osm_id": 886623604,
        "sido": "경기도",
        "name": "김포변전소",
        "name_en": "Gimpo Substation",
        "substation_type": "distribution",
        "voltage": "154000",
        "frequency": "60",
        "operator": "한국전력공사",
        "location": "underground"
      }
    },
    {
      "type": "Feature",
      "geometry": {
        "type": "Point",
        "coordinates": [
          126.5909446,
          37.6882863
        ]
      },
      "properties": {
        "osm_type": "way",
        "osm_id": 886623605,
        "sido": "경기도",
        "name": "통진변전소",
        "name_en": "Tongjin Substation",
        "substation_type": "distribution",
        "voltage": "154000",
        "frequency": "60",
        "operator": "한국전력공사",
        "location": "indoor"
      }
    },
    {
      "type": "Feature",
      "geometry": {
        "type": "Point",
        "coordinates": [
          127.1373166,
          37.8206693
        ]
      },
      "properties": {
        "osm_type": "way",
        "osm_id": 886799856,
        "sido": "경기도",
        "name": "송우변전소",
        "name_en": "",
        "substation_type": "distribution",
        "voltage": "154000",
        "frequency": "60",
        "operator": "",
        "location": "indoor"
      }
    },
    {
      "type": "Feature",
      "geometry": {
        "type": "Point",
        "coordinates": [
          127.204479,
          37.8843968
        ]
      },
      "properties": {
        "osm_type": "way",
        "osm_id": 886799860,
        "sido": "경기도",
        "name": "용정변전소",
        "name_en": "",
        "substation_type": "distribution",
        "voltage": "154000",
        "frequency": "60",
        "operator": "",
        "location": "indoor"
      }
    },
    {
      "type": "Feature",
      "geometry": {
        "type": "Point",
        "coordinates": [
          127.0962847,
          38.0312549
        ]
      },
      "properties": {
        "osm_type": "way",
        "osm_id": 886928082,
        "sido": "경기도",
        "name": "전곡변전소",
        "name_en": "Jeongok Substation",
        "substation_type": "distribution",
        "voltage": "154000",
        "frequency": "60",
        "operator": "한국전력공사",
        "location": "indoor"
      }
    },
    {
      "type": "Feature",
      "geometry": {
        "type": "Point",
        "coordinates": [
          127.2748127,
          37.8426848
        ]
      },
      "properties": {
        "osm_type": "way",
        "osm_id": 886928087,
        "sido": "경기도",
        "name": "내촌변전소",
        "name_en": "Naechon Substation",
        "substation_type": "distribution",
        "voltage": "154000",
        "frequency": "60",
        "operator": "한국전력공사",
        "location": "indoor"
      }
    },
    {
      "type": "Feature",
      "geometry": {
        "type": "Point",
        "coordinates": [
          127.2206685,
          37.9177208
        ]
      },
      "properties": {
        "osm_type": "way",
        "osm_id": 886928088,
        "sido": "경기도",
        "name": "포천변전소",
        "name_en": "",
        "substation_type": "distribution",
        "voltage": "154000",
        "frequency": "60",
        "operator": "",
        "location": "outdoor"
      }
    },
    {
      "type": "Feature",
      "geometry": {
        "type": "Point",
        "coordinates": [
          126.9788591,
          37.1429811
        ]
      },
      "properties": {
        "osm_type": "way",
        "osm_id": 887359215,
        "sido": "경기도",
        "name": "향남변전소",
        "name_en": "Hyangnam Substation",
        "substation_type": "distribution",
        "voltage": "154000",
        "frequency": "60",
        "operator": "",
        "location": "indoor"
      }
    },
    {
      "type": "Feature",
      "geometry": {
        "type": "Point",
        "coordinates": [
          126.9283032,
          37.1130167
        ]
      },
      "properties": {
        "osm_type": "way",
        "osm_id": 887359217,
        "sido": "경기도",
        "name": "발안변전소",
        "name_en": "Balan Substation",
        "substation_type": "distribution",
        "voltage": "154000",
        "frequency": "60",
        "operator": "",
        "location": "indoor"
      }
    },
    {
      "type": "Feature",
      "geometry": {
        "type": "Point",
        "coordinates": [
          127.0055004,
          37.1959886
        ]
      },
      "properties": {
        "osm_type": "way",
        "osm_id": 887359219,
        "sido": "경기도",
        "name": "남수원변전소",
        "name_en": "South-Suwon Substation",
        "substation_type": "distribution",
        "voltage": "154000",
        "frequency": "60",
        "operator": "",
        "location": "indoor"
      }
    },
    {
      "type": "Feature",
      "geometry": {
        "type": "Point",
        "coordinates": [
          126.83232,
          37.0787188
        ]
      },
      "properties": {
        "osm_type": "way",
        "osm_id": 887456103,
        "sido": "경기도",
        "name": "조암변전소",
        "name_en": "Joam Substation",
        "substation_type": "distribution",
        "voltage": "154000",
        "frequency": "60",
        "operator": "",
        "location": "indoor"
      }
    },
    {
      "type": "Feature",
      "geometry": {
        "type": "Point",
        "coordinates": [
          126.8478375,
          37.1606885
        ]
      },
      "properties": {
        "osm_type": "way",
        "osm_id": 887456107,
        "sido": "경기도",
        "name": "장덕변전소",
        "name_en": "",
        "substation_type": "distribution",
        "voltage": "154000",
        "frequency": "60",
        "operator": "",
        "location": "indoor"
      }
    },
    {
      "type": "Feature",
      "geometry": {
        "type": "Point",
        "coordinates": [
          126.7161352,
          37.2169486
        ]
      },
      "properties": {
        "osm_type": "way",
        "osm_id": 887456108,
        "sido": "경기도",
        "name": "사강변전소",
        "name_en": "Sagang Substation",
        "substation_type": "distribution",
        "voltage": "154000",
        "frequency": "60",
        "operator": "",
        "location": "indoor"
      }
    },
    {
      "type": "Feature",
      "geometry": {
        "type": "Point",
        "coordinates": [
          127.0898977,
          37.2158432
        ]
      },
      "properties": {
        "osm_type": "way",
        "osm_id": 887456110,
        "sido": "경기도",
        "name": "북동탄변전소",
        "name_en": "",
        "substation_type": "distribution",
        "voltage": "154000",
        "frequency": "60",
        "operator": "",
        "location": "indoor"
      }
    },
    {
      "type": "Feature",
      "geometry": {
        "type": "Point",
        "coordinates": [
          126.8932633,
          37.0828328
        ]
      },
      "properties": {
        "osm_type": "way",
        "osm_id": 887456111,
        "sido": "경기도",
        "name": "구문천변전소",
        "name_en": "Gumuncheon Substation",
        "substation_type": "distribution",
        "voltage": "154000",
        "frequency": "60",
        "operator": "",
        "location": ""
      }
    },
    {
      "type": "Feature",
      "geometry": {
        "type": "Point",
        "coordinates": [
          126.717771,
          37.326998
        ]
      },
      "properties": {
        "osm_type": "way",
        "osm_id": 887782989,
        "sido": "경기도",
        "name": "남시화변전소",
        "name_en": "",
        "substation_type": "distribution",
        "voltage": "154000",
        "frequency": "60",
        "operator": "",
        "location": "indoor"
      }
    },
    {
      "type": "Feature",
      "geometry": {
        "type": "Point",
        "coordinates": [
          126.745315,
          37.4968942
        ]
      },
      "properties": {
        "osm_type": "way",
        "osm_id": 887782990,
        "sido": "경기도",
        "name": "원미변전소",
        "name_en": "",
        "substation_type": "distribution",
        "voltage": "154000",
        "frequency": "60",
        "operator": "",
        "location": "indoor"
      }
    },
    {
      "type": "Feature",
      "geometry": {
        "type": "Point",
        "coordinates": [
          126.7871284,
          37.5070696
        ]
      },
      "properties": {
        "osm_type": "way",
        "osm_id": 887782991,
        "sido": "경기도",
        "name": "도당변전소",
        "name_en": "",
        "substation_type": "distribution",
        "voltage": "154000",
        "frequency": "60",
        "operator": "",
        "location": "indoor"
      }
    },
    {
      "type": "Feature",
      "geometry": {
        "type": "Point",
        "coordinates": [
          126.8174542,
          37.539245
        ]
      },
      "properties": {
        "osm_type": "way",
        "osm_id": 887782992,
        "sido": "경기도",
        "name": "고강변전소",
        "name_en": "Gogang Substation",
        "substation_type": "distribution",
        "voltage": "154000",
        "frequency": "60",
        "operator": "한국전력공사",
        "location": "indoor"
      }
    },
    {
      "type": "Feature",
      "geometry": {
        "type": "Point",
        "coordinates": [
          126.8355348,
          37.2172055
        ]
      },
      "properties": {
        "osm_type": "way",
        "osm_id": 887782994,
        "sido": "경기도",
        "name": "남양변전소",
        "name_en": "",
        "substation_type": "distribution",
        "voltage": "154000",
        "frequency": "60",
        "operator": "",
        "location": "indoor"
      }
    },
    {
      "type": "Feature",
      "geometry": {
        "type": "Point",
        "coordinates": [
          126.7895335,
          37.3398539
        ]
      },
      "properties": {
        "osm_type": "way",
        "osm_id": 888000298,
        "sido": "경기도",
        "name": "원곡변전소",
        "name_en": "Wongok Substation",
        "substation_type": "distribution",
        "voltage": "154000",
        "frequency": "60",
        "operator": "",
        "location": "indoor"
      }
    },
    {
      "type": "Feature",
      "geometry": {
        "type": "Point",
        "coordinates": [
          126.7717602,
          37.3036223
        ]
      },
      "properties": {
        "osm_type": "way",
        "osm_id": 888000300,
        "sido": "경기도",
        "name": "목내변전소",
        "name_en": "",
        "substation_type": "distribution",
        "voltage": "154000",
        "frequency": "60",
        "operator": "",
        "location": "indoor"
      }
    },
    {
      "type": "Feature",
      "geometry": {
        "type": "Point",
        "coordinates": [
          126.7431083,
          37.3070503
        ]
      },
      "properties": {
        "osm_type": "way",
        "osm_id": 888000301,
        "sido": "경기도",
        "name": "중시화변전소",
        "name_en": "",
        "substation_type": "distribution",
        "voltage": "154000",
        "frequency": "60",
        "operator": "",
        "location": "indoor"
      }
    },
    {
      "type": "Feature",
      "geometry": {
        "type": "Point",
        "coordinates": [
          126.7492024,
          37.3030752
        ]
      },
      "properties": {
        "osm_type": "way",
        "osm_id": 888000302,
        "sido": "경기도",
        "name": "신시화변전소",
        "name_en": "",
        "substation_type": "transmission",
        "voltage": "345000",
        "frequency": "60",
        "operator": "",
        "location": "indoor"
      }
    },
    {
      "type": "Feature",
      "geometry": {
        "type": "Point",
        "coordinates": [
          126.7118469,
          37.3208185
        ]
      },
      "properties": {
        "osm_type": "way",
        "osm_id": 888000303,
        "sido": "경기도",
        "name": "남정왕변전소",
        "name_en": "",
        "substation_type": "distribution",
        "voltage": "154000",
        "frequency": "60",
        "operator": "",
        "location": "indoor"
      }
    },
    {
      "type": "Feature",
      "geometry": {
        "type": "Point",
        "coordinates": [
          126.7238032,
          37.3324468
        ]
      },
      "properties": {
        "osm_type": "way",
        "osm_id": 888000305,
        "sido": "경기도",
        "name": "동시화변전소",
        "name_en": "",
        "substation_type": "distribution",
        "voltage": "154000",
        "frequency": "60",
        "operator": "",
        "location": "indoor"
      }
    },
    {
      "type": "Feature",
      "geometry": {
        "type": "Point",
        "coordinates": [
          126.7567356,
          37.3084221
        ]
      },
      "properties": {
        "osm_type": "way",
        "osm_id": 888042409,
        "sido": "경기도",
        "name": "성곡변전소",
        "name_en": "",
        "substation_type": "distribution",
        "voltage": "154000",
        "frequency": "60",
        "operator": "",
        "location": "indoor"
      }
    },
    {
      "type": "Feature",
      "geometry": {
        "type": "Point",
        "coordinates": [
          126.8191477,
          37.2984778
        ]
      },
      "properties": {
        "osm_type": "way",
        "osm_id": 888042410,
        "sido": "경기도",
        "name": "남안산변전소",
        "name_en": "",
        "substation_type": "distribution",
        "voltage": "154000",
        "frequency": "60",
        "operator": "",
        "location": "indoor"
      }
    },
    {
      "type": "Feature",
      "geometry": {
        "type": "Point",
        "coordinates": [
          126.7898993,
          37.4618631
        ]
      },
      "properties": {
        "osm_type": "way",
        "osm_id": 888042411,
        "sido": "경기도",
        "name": "소래변전소",
        "name_en": "Sorae Substation",
        "substation_type": "distribution",
        "voltage": "154000",
        "frequency": "60",
        "operator": "",
        "location": "indoor"
      }
    },
    {
      "type": "Feature",
      "geometry": {
        "type": "Point",
        "coordinates": [
          126.7066056,
          37.3488431
        ]
      },
      "properties": {
        "osm_type": "way",
        "osm_id": 888042412,
        "sido": "경기도",
        "name": "서시화변전소",
        "name_en": "",
        "substation_type": "distribution",
        "voltage": "154000",
        "frequency": "60",
        "operator": "",
        "location": "indoor"
      }
    },
    {
      "type": "Feature",
      "geometry": {
        "type": "Point",
        "coordinates": [
          127.1221126,
          37.0101481
        ]
      },
      "properties": {
        "osm_type": "way",
        "osm_id": 888330019,
        "sido": "경기도",
        "name": "소사벌변전소",
        "name_en": "",
        "substation_type": "distribution",
        "voltage": "154000",
        "frequency": "60",
        "operator": "",
        "location": "indoor"
      }
    },
    {
      "type": "Feature",
      "geometry": {
        "type": "Point",
        "coordinates": [
          127.0679471,
          36.969143
        ]
      },
      "properties": {
        "osm_type": "way",
        "osm_id": 888330020,
        "sido": "경기도",
        "name": "팽성변전소",
        "name_en": "Pyeonseong Substation",
        "substation_type": "distribution;traction",
        "voltage": "154000;55000;27500",
        "frequency": "60",
        "operator": "",
        "location": "indoor"
      }
    },
    {
      "type": "Feature",
      "geometry": {
        "type": "Point",
        "coordinates": [
          126.8456659,
          36.9719082
        ]
      },
      "properties": {
        "osm_type": "way",
        "osm_id": 888330021,
        "sido": "경기도",
        "name": "만호변전소",
        "name_en": "",
        "substation_type": "distribution",
        "voltage": "154000",
        "frequency": "60",
        "operator": "",
        "location": "indoor"
      }
    },
    {
      "type": "Feature",
      "geometry": {
        "type": "Point",
        "coordinates": [
          126.9740052,
          37.0499708
        ]
      },
      "properties": {
        "osm_type": "way",
        "osm_id": 888330023,
        "sido": "경기도",
        "name": "청북변전소",
        "name_en": "Cheongbuk Substation",
        "substation_type": "distribution",
        "voltage": "154000",
        "frequency": "60",
        "operator": "",
        "location": "indoor"
      }
    },
    {
      "type": "Feature",
      "geometry": {
        "type": "Point",
        "coordinates": [
          127.0427957,
          37.1894109
        ]
      },
      "properties": {
        "osm_type": "way",
        "osm_id": 888564822,
        "sido": "경기도",
        "name": "세교변전소",
        "name_en": "",
        "substation_type": "distribution",
        "voltage": "154000",
        "frequency": "60",
        "operator": "",
        "location": "indoor"
      }
    },
    {
      "type": "Feature",
      "geometry": {
        "type": "Point",
        "coordinates": [
          127.0511914,
          37.2615045
        ]
      },
      "properties": {
        "osm_type": "way",
        "osm_id": 888564823,
        "sido": "경기도",
        "name": "동수원변전소",
        "name_en": "",
        "substation_type": "distribution",
        "voltage": "154000",
        "frequency": "60",
        "operator": "",
        "location": "outdoor"
      }
    },
    {
      "type": "Feature",
      "geometry": {
        "type": "Point",
        "coordinates": [
          126.7977986,
          37.6497974
        ]
      },
      "properties": {
        "osm_type": "way",
        "osm_id": 888564824,
        "sido": "경기도",
        "name": "일산변전소",
        "name_en": "Ilsan Substation",
        "substation_type": "distribution",
        "voltage": "154000",
        "frequency": "60",
        "operator": "한국전력공사",
        "location": "outdoor"
      }
    },
    {
      "type": "Feature",
      "geometry": {
        "type": "Point",
        "coordinates": [
          126.7320806,
          37.6871565
        ]
      },
      "properties": {
        "osm_type": "way",
        "osm_id": 888564828,
        "sido": "경기도",
        "name": "덕이변전소",
        "name_en": "Deogi Substation",
        "substation_type": "distribution",
        "voltage": "154000",
        "frequency": "60",
        "operator": "한국전력공사",
        "location": "indoor"
      }
    },
    {
      "type": "Feature",
      "geometry": {
        "type": "Point",
        "coordinates": [
          127.3569113,
          37.6223059
        ]
      },
      "properties": {
        "osm_type": "way",
        "osm_id": 888564829,
        "sido": "경기도",
        "name": "서종변전소",
        "name_en": "",
        "substation_type": "distribution",
        "voltage": "154000",
        "frequency": "60",
        "operator": "",
        "location": "indoor"
      }
    },
    {
      "type": "Feature",
      "geometry": {
        "type": "Point",
        "coordinates": [
          127.1628343,
          37.6270236
        ]
      },
      "properties": {
        "osm_type": "way",
        "osm_id": 888564830,
        "sido": "경기도",
        "name": "진건변전소",
        "name_en": "",
        "substation_type": "distribution",
        "voltage": "154000",
        "frequency": "60",
        "operator": "",
        "location": "indoor"
      }
    },
    {
      "type": "Feature",
      "geometry": {
        "type": "Point",
        "coordinates": [
          127.1797192,
          37.7024717
        ]
      },
      "properties": {
        "osm_type": "way",
        "osm_id": 888564831,
        "sido": "경기도",
        "name": "진접변전소",
        "name_en": "",
        "substation_type": "distribution",
        "voltage": "154000",
        "frequency": "60",
        "operator": "",
        "location": "indoor"
      }
    },
    {
      "type": "Feature",
      "geometry": {
        "type": "Point",
        "coordinates": [
          127.6167235,
          37.4279554
        ]
      },
      "properties": {
        "osm_type": "way",
        "osm_id": 888564832,
        "sido": "경기도",
        "name": "지제변전소",
        "name_en": "Jije Substation",
        "substation_type": "distribution",
        "voltage": "154000",
        "frequency": "60",
        "operator": "한국전력공사",
        "location": "indoor"
      }
    },
    {
      "type": "Feature",
      "geometry": {
        "type": "Point",
        "coordinates": [
          127.5149763,
          37.4977305
        ]
      },
      "properties": {
        "osm_type": "way",
        "osm_id": 888564835,
        "sido": "경기도",
        "name": "용문변전소",
        "name_en": "Yongmun Substation",
        "substation_type": "distribution",
        "voltage": "154000",
        "frequency": "60",
        "operator": "",
        "location": "indoor"
      }
    },
    {
      "type": "Feature",
      "geometry": {
        "type": "Point",
        "coordinates": [
          127.1454405,
          37.6033185
        ]
      },
      "properties": {
        "osm_type": "way",
        "osm_id": 888564836,
        "sido": "경기도",
        "name": "구리변전소",
        "name_en": "",
        "substation_type": "distribution",
        "voltage": "154000",
        "frequency": "60",
        "operator": "",
        "location": "indoor"
      }
    },
    {
      "type": "Feature",
      "geometry": {
        "type": "Point",
        "coordinates": [
          127.2203599,
          37.5928833
        ]
      },
      "properties": {
        "osm_type": "way",
        "osm_id": 888564840,
        "sido": "경기도",
        "name": "덕소변전소",
        "name_en": "",
        "substation_type": "distribution",
        "voltage": "154000",
        "frequency": "60",
        "operator": "",
        "location": "indoor"
      }
    },
    {
      "type": "Feature",
      "geometry": {
        "type": "Point",
        "coordinates": [
          127.1017568,
          37.8324023
        ]
      },
      "properties": {
        "osm_type": "way",
        "osm_id": 888564841,
        "sido": "경기도",
        "name": "옥정변전소",
        "name_en": "",
        "substation_type": "distribution",
        "voltage": "154000",
        "frequency": "60",
        "operator": "",
        "location": "indoor"
      }
    },
    {
      "type": "Feature",
      "geometry": {
        "type": "Point",
        "coordinates": [
          127.0821419,
          37.7366349
        ]
      },
      "properties": {
        "osm_type": "way",
        "osm_id": 888564843,
        "sido": "경기도",
        "name": "용현변전소",
        "name_en": "",
        "substation_type": "distribution",
        "voltage": "154000",
        "frequency": "60",
        "operator": "",
        "location": "indoor"
      }
    },
    {
      "type": "Feature",
      "geometry": {
        "type": "Point",
        "coordinates": [
          127.0850938,
          37.7473687
        ]
      },
      "properties": {
        "osm_type": "way",
        "osm_id": 888564844,
        "sido": "경기도",
        "name": "금오변전소",
        "name_en": "",
        "substation_type": "distribution",
        "voltage": "154000",
        "frequency": "60",
        "operator": "",
        "location": "indoor"
      }
    },
    {
      "type": "Feature",
      "geometry": {
        "type": "Point",
        "coordinates": [
          127.073382,
          37.2307496
        ]
      },
      "properties": {
        "osm_type": "way",
        "osm_id": 888827371,
        "sido": "경기도",
        "name": "농서변전소",
        "name_en": "",
        "substation_type": "distribution",
        "voltage": "154000",
        "frequency": "60",
        "operator": "",
        "location": "indoor"
      }
    },
    {
      "type": "Feature",
      "geometry": {
        "type": "Point",
        "coordinates": [
          127.1050521,
          37.3244086
        ]
      },
      "properties": {
        "osm_type": "way",
        "osm_id": 888827372,
        "sido": "경기도",
        "name": "죽전변전소",
        "name_en": "",
        "substation_type": "distribution",
        "voltage": "154000",
        "frequency": "60",
        "operator": "",
        "location": "indoor"
      }
    },
    {
      "type": "Feature",
      "geometry": {
        "type": "Point",
        "coordinates": [
          127.242826,
          37.3083289
        ]
      },
      "properties": {
        "osm_type": "way",
        "osm_id": 888827376,
        "sido": "경기도",
        "name": "모현변전소",
        "name_en": "Mohyeon Substation",
        "substation_type": "distribution",
        "voltage": "154000",
        "frequency": "60",
        "operator": "",
        "location": "indoor"
      }
    },
    {
      "type": "Feature",
      "geometry": {
        "type": "Point",
        "coordinates": [
          127.1624405,
          37.2577137
        ]
      },
      "properties": {
        "osm_type": "way",
        "osm_id": 888827377,
        "sido": "경기도",
        "name": "동백변전소",
        "name_en": "East-Baekbyeon Substation",
        "substation_type": "distribution",
        "voltage": "154000",
        "frequency": "60",
        "operator": "",
        "location": "indoor"
      }
    },
    {
      "type": "Feature",
      "geometry": {
        "type": "Point",
        "coordinates": [
          127.1055427,
          37.2466618
        ]
      },
      "properties": {
        "osm_type": "way",
        "osm_id": 888827378,
        "sido": "경기도",
        "name": "기흥변전소",
        "name_en": "",
        "substation_type": "distribution",
        "voltage": "154000",
        "frequency": "60",
        "operator": "",
        "location": "indoor"
      }
    },
    {
      "type": "Feature",
      "geometry": {
        "type": "Point",
        "coordinates": [
          126.9643688,
          37.2574211
        ]
      },
      "properties": {
        "osm_type": "way",
        "osm_id": 888827379,
        "sido": "경기도",
        "name": "호매실변전소",
        "name_en": "",
        "substation_type": "distribution",
        "voltage": "154000",
        "frequency": "60",
        "operator": "",
        "location": "indoor"
      }
    },
    {
      "type": "Feature",
      "geometry": {
        "type": "Point",
        "coordinates": [
          126.9633831,
          37.3506684
        ]
      },
      "properties": {
        "osm_type": "way",
        "osm_id": 888827382,
        "sido": "경기도",
        "name": "의왕변전소",
        "name_en": "Uiwang Substation",
        "substation_type": "distribution",
        "voltage": "154000",
        "frequency": "60",
        "operator": "",
        "location": "indoor"
      }
    },
    {
      "type": "Feature",
      "geometry": {
        "type": "Point",
        "coordinates": [
          126.9831991,
          37.3023048
        ]
      },
      "properties": {
        "osm_type": "way",
        "osm_id": 888827400,
        "sido": "경기도",
        "name": "율전변전소",
        "name_en": "",
        "substation_type": "distribution",
        "voltage": "154000",
        "frequency": "60",
        "operator": "",
        "location": "indoor"
      }
    },
    {
      "type": "Feature",
      "geometry": {
        "type": "Point",
        "coordinates": [
          127.1070117,
          37.2942633
        ]
      },
      "properties": {
        "osm_type": "way",
        "osm_id": 889035356,
        "sido": "경기도",
        "name": "마북변전소",
        "name_en": "",
        "substation_type": "distribution",
        "voltage": "154000",
        "frequency": "60",
        "operator": "",
        "location": "indoor"
      }
    },
    {
      "type": "Feature",
      "geometry": {
        "type": "Point",
        "coordinates": [
          126.9543934,
          37.4000778
        ]
      },
      "properties": {
        "osm_type": "way",
        "osm_id": 889154606,
        "sido": "경기도",
        "name": "평촌변전소",
        "name_en": "",
        "substation_type": "distribution",
        "voltage": "154000",
        "frequency": "60",
        "operator": "",
        "location": "indoor"
      }
    },
    {
      "type": "Feature",
      "geometry": {
        "type": "Point",
        "coordinates": [
          127.2507479,
          37.0087214
        ]
      },
      "properties": {
        "osm_type": "way",
        "osm_id": 889154608,
        "sido": "경기도",
        "name": "남안성변전소",
        "name_en": "",
        "substation_type": "distribution",
        "voltage": "154000",
        "frequency": "60",
        "operator": "",
        "location": "indoor"
      }
    },
    {
      "type": "Feature",
      "geometry": {
        "type": "Point",
        "coordinates": [
          127.3534179,
          37.2551317
        ]
      },
      "properties": {
        "osm_type": "way",
        "osm_id": 889384863,
        "sido": "경기도",
        "name": "오천변전소",
        "name_en": "",
        "substation_type": "distribution",
        "voltage": "154000",
        "frequency": "60",
        "operator": "",
        "location": "indoor"
      }
    },
    {
      "type": "Feature",
      "geometry": {
        "type": "Point",
        "coordinates": [
          127.1992755,
          37.3513645
        ]
      },
      "properties": {
        "osm_type": "way",
        "osm_id": 889384864,
        "sido": "경기도",
        "name": "오포변전소",
        "name_en": "Opo Substation",
        "substation_type": "distribution",
        "voltage": "154000",
        "frequency": "60",
        "operator": "",
        "location": "indoor"
      }
    },
    {
      "type": "Feature",
      "geometry": {
        "type": "Point",
        "coordinates": [
          127.1191711,
          37.4207792
        ]
      },
      "properties": {
        "osm_type": "way",
        "osm_id": 889384865,
        "sido": "경기도",
        "name": "중원변전소",
        "name_en": "Jungwon Substation",
        "substation_type": "distribution;traction",
        "voltage": "154000;55000;27500",
        "frequency": "60",
        "operator": "",
        "location": "indoor"
      }
    },
    {
      "type": "Feature",
      "geometry": {
        "type": "Point",
        "coordinates": [
          127.4844289,
          37.2813435
        ]
      },
      "properties": {
        "osm_type": "way",
        "osm_id": 889384866,
        "sido": "경기도",
        "name": "이천변전소",
        "name_en": "Icheon Substation",
        "substation_type": "distribution",
        "voltage": "154000",
        "frequency": "60",
        "operator": "",
        "location": "outdoor"
      }
    },
    {
      "type": "Feature",
      "geometry": {
        "type": "Point",
        "coordinates": [
          127.4441691,
          37.2604672
        ]
      },
      "properties": {
        "osm_type": "way",
        "osm_id": 889384868,
        "sido": "경기도",
        "name": "율현변전소",
        "name_en": "Yulhyeon Substation",
        "substation_type": "distribution",
        "voltage": "154000",
        "frequency": "60",
        "operator": "",
        "location": "indoor"
      }
    },
    {
      "type": "Feature",
      "geometry": {
        "type": "Point",
        "coordinates": [
          127.3861184,
          37.0749783
        ]
      },
      "properties": {
        "osm_type": "way",
        "osm_id": 894167087,
        "sido": "경기도",
        "name": "삼죽변전소",
        "name_en": "Samjuk Substation",
        "substation_type": "distribution",
        "voltage": "154000",
        "frequency": "60",
        "operator": "",
        "location": "indoor"
      }
    },
    {
      "type": "Feature",
      "geometry": {
        "type": "Point",
        "coordinates": [
          127.0475875,
          37.7290717
        ]
      },
      "properties": {
        "osm_type": "way",
        "osm_id": 945074144,
        "sido": "경기도",
        "name": "한국철도공사 청량리전기사업소 의정부관리소",
        "name_en": "Uijeongbu Substation",
        "substation_type": "traction",
        "voltage": "154000;55000;27500",
        "frequency": "",
        "operator": "한국철도공사",
        "location": ""
      }
    },
    {
      "type": "Feature",
      "geometry": {
        "type": "Point",
        "coordinates": [
          126.7263636,
          37.7078312
        ]
      },
      "properties": {
        "osm_type": "way",
        "osm_id": 948583385,
        "sido": "경기도",
        "name": "운정변전소",
        "name_en": "Unjeong Substation",
        "substation_type": "distribution",
        "voltage": "154000",
        "frequency": "",
        "operator": "한국전력공사",
        "location": "indoor"
      }
    },
    {
      "type": "Feature",
      "geometry": {
        "type": "Point",
        "coordinates": [
          126.7286013,
          37.706981
        ]
      },
      "properties": {
        "osm_type": "way",
        "osm_id": 948583386,
        "sido": "경기도",
        "name": "",
        "name_en": "",
        "substation_type": "",
        "voltage": "",
        "frequency": "",
        "operator": "",
        "location": ""
      }
    },
    {
      "type": "Feature",
      "geometry": {
        "type": "Point",
        "coordinates": [
          126.7636186,
          37.7198368
        ]
      },
      "properties": {
        "osm_type": "way",
        "osm_id": 952568354,
        "sido": "경기도",
        "name": "",
        "name_en": "",
        "substation_type": "transition",
        "voltage": "",
        "frequency": "",
        "operator": "",
        "location": ""
      }
    },
    {
      "type": "Feature",
      "geometry": {
        "type": "Point",
        "coordinates": [
          126.7774965,
          37.1716598
        ]
      },
      "properties": {
        "osm_type": "way",
        "osm_id": 980402704,
        "sido": "경기도",
        "name": "마도변전소",
        "name_en": "",
        "substation_type": "distribution",
        "voltage": "154000",
        "frequency": "60",
        "operator": "",
        "location": "indoor"
      }
    },
    {
      "type": "Feature",
      "geometry": {
        "type": "Point",
        "coordinates": [
          126.8482693,
          37.1100383
        ]
      },
      "properties": {
        "osm_type": "way",
        "osm_id": 1046828983,
        "sido": "경기도",
        "name": "",
        "name_en": "",
        "substation_type": "distribution",
        "voltage": "154000",
        "frequency": "60",
        "operator": "",
        "location": ""
      }
    },
    {
      "type": "Feature",
      "geometry": {
        "type": "Point",
        "coordinates": [
          127.0691409,
          37.9912224
        ]
      },
      "properties": {
        "osm_type": "way",
        "osm_id": 1062575585,
        "sido": "경기도",
        "name": "",
        "name_en": "",
        "substation_type": "traction",
        "voltage": "154000;55000;27500",
        "frequency": "",
        "operator": "",
        "location": ""
      }
    },
    {
      "type": "Feature",
      "geometry": {
        "type": "Point",
        "coordinates": [
          127.0594214,
          37.9680903
        ]
      },
      "properties": {
        "osm_type": "way",
        "osm_id": 1082920050,
        "sido": "경기도",
        "name": "",
        "name_en": "",
        "substation_type": "traction",
        "voltage": "154000;55000;27500",
        "frequency": "",
        "operator": "",
        "location": ""
      }
    },
    {
      "type": "Feature",
      "geometry": {
        "type": "Point",
        "coordinates": [
          127.0749463,
          38.0127536
        ]
      },
      "properties": {
        "osm_type": "way",
        "osm_id": 1082920069,
        "sido": "경기도",
        "name": "",
        "name_en": "",
        "substation_type": "traction",
        "voltage": "154000;55000;27500",
        "frequency": "",
        "operator": "",
        "location": ""
      }
    },
    {
      "type": "Feature",
      "geometry": {
        "type": "Point",
        "coordinates": [
          126.7977231,
          37.0070434
        ]
      },
      "properties": {
        "osm_type": "way",
        "osm_id": 1093106964,
        "sido": "경기도",
        "name": "",
        "name_en": "",
        "substation_type": "transmission",
        "voltage": "",
        "frequency": "",
        "operator": "",
        "location": ""
      }
    },
    {
      "type": "Feature",
      "geometry": {
        "type": "Point",
        "coordinates": [
          127.1480074,
          37.365234
        ]
      },
      "properties": {
        "osm_type": "way",
        "osm_id": 1095918335,
        "sido": "경기도",
        "name": "",
        "name_en": "",
        "substation_type": "transmission",
        "voltage": "154000",
        "frequency": "60",
        "operator": "",
        "location": ""
      }
    },
    {
      "type": "Feature",
      "geometry": {
        "type": "Point",
        "coordinates": [
          127.2807179,
          37.3948735
        ]
      },
      "properties": {
        "osm_type": "way",
        "osm_id": 1102321399,
        "sido": "경기도",
        "name": "초월변전소",
        "name_en": "Chowol Substation",
        "substation_type": "distribution",
        "voltage": "154000",
        "frequency": "",
        "operator": "한국전력공사",
        "location": "indoor"
      }
    },
    {
      "type": "Feature",
      "geometry": {
        "type": "Point",
        "coordinates": [
          127.0654591,
          37.3649508
        ]
      },
      "properties": {
        "osm_type": "way",
        "osm_id": 1185467209,
        "sido": "경기도",
        "name": "",
        "name_en": "",
        "substation_type": "yes",
        "voltage": "",
        "frequency": "",
        "operator": "",
        "location": ""
      }
    },
    {
      "type": "Feature",
      "geometry": {
        "type": "Point",
        "coordinates": [
          126.9414009,
          37.2185657
        ]
      },
      "properties": {
        "osm_type": "way",
        "osm_id": 1193546754,
        "sido": "경기도",
        "name": "",
        "name_en": "",
        "substation_type": "traction",
        "voltage": "55000;27500",
        "frequency": "",
        "operator": "",
        "location": ""
      }
    },
    {
      "type": "Feature",
      "geometry": {
        "type": "Point",
        "coordinates": [
          126.9544558,
          37.1338765
        ]
      },
      "properties": {
        "osm_type": "way",
        "osm_id": 1193546755,
        "sido": "경기도",
        "name": "",
        "name_en": "",
        "substation_type": "traction",
        "voltage": "55000;27500",
        "frequency": "",
        "operator": "",
        "location": ""
      }
    },
    {
      "type": "Feature",
      "geometry": {
        "type": "Point",
        "coordinates": [
          126.9940278,
          37.0517813
        ]
      },
      "properties": {
        "osm_type": "way",
        "osm_id": 1193546756,
        "sido": "경기도",
        "name": "",
        "name_en": "",
        "substation_type": "traction",
        "voltage": "55000;27500",
        "frequency": "",
        "operator": "",
        "location": ""
      }
    },
    {
      "type": "Feature",
      "geometry": {
        "type": "Point",
        "coordinates": [
          127.3022646,
          37.5577025
        ]
      },
      "properties": {
        "osm_type": "way",
        "osm_id": 1193752835,
        "sido": "경기도",
        "name": "",
        "name_en": "",
        "substation_type": "traction",
        "voltage": "55000;27500",
        "frequency": "",
        "operator": "",
        "location": ""
      }
    },
    {
      "type": "Feature",
      "geometry": {
        "type": "Point",
        "coordinates": [
          127.3770493,
          37.5199682
        ]
      },
      "properties": {
        "osm_type": "way",
        "osm_id": 1193752836,
        "sido": "경기도",
        "name": "",
        "name_en": "",
        "substation_type": "traction",
        "voltage": "55000;27500",
        "frequency": "",
        "operator": "",
        "location": ""
      }
    },
    {
      "type": "Feature",
      "geometry": {
        "type": "Point",
        "coordinates": [
          127.4979566,
          37.4857397
        ]
      },
      "properties": {
        "osm_type": "way",
        "osm_id": 1193752837,
        "sido": "경기도",
        "name": "",
        "name_en": "",
        "substation_type": "traction",
        "voltage": "55000;27500",
        "frequency": "",
        "operator": "코레일",
        "location": ""
      }
    },
    {
      "type": "Feature",
      "geometry": {
        "type": "Point",
        "coordinates": [
          127.6033319,
          37.485694
        ]
      },
      "properties": {
        "osm_type": "way",
        "osm_id": 1193752838,
        "sido": "경기도",
        "name": "",
        "name_en": "",
        "substation_type": "traction",
        "voltage": "55000;27500",
        "frequency": "",
        "operator": "",
        "location": ""
      }
    },
    {
      "type": "Feature",
      "geometry": {
        "type": "Point",
        "coordinates": [
          127.7325785,
          37.436704
        ]
      },
      "properties": {
        "osm_type": "way",
        "osm_id": 1193752839,
        "sido": "경기도",
        "name": "",
        "name_en": "",
        "substation_type": "traction",
        "voltage": "55000;27500",
        "frequency": "",
        "operator": "",
        "location": ""
      }
    },
    {
      "type": "Feature",
      "geometry": {
        "type": "Point",
        "coordinates": [
          127.0638726,
          37.1194755
        ]
      },
      "properties": {
        "osm_type": "way",
        "osm_id": 1193762350,
        "sido": "경기도",
        "name": "",
        "name_en": "",
        "substation_type": "traction",
        "voltage": "55000;27500",
        "frequency": "",
        "operator": "",
        "location": ""
      }
    },
    {
      "type": "Feature",
      "geometry": {
        "type": "Point",
        "coordinates": [
          127.0698445,
          37.0286692
        ]
      },
      "properties": {
        "osm_type": "way",
        "osm_id": 1193762351,
        "sido": "경기도",
        "name": "",
        "name_en": "",
        "substation_type": "traction",
        "voltage": "55000;27500",
        "frequency": "",
        "operator": "",
        "location": ""
      }
    },
    {
      "type": "Feature",
      "geometry": {
        "type": "Point",
        "coordinates": [
          127.5693088,
          37.1704058
        ]
      },
      "properties": {
        "osm_type": "way",
        "osm_id": 1193762366,
        "sido": "경기도",
        "name": "",
        "name_en": "",
        "substation_type": "traction",
        "voltage": "55000;27500",
        "frequency": "",
        "operator": "",
        "location": ""
      }
    },
    {
      "type": "Feature",
      "geometry": {
        "type": "Point",
        "coordinates": [
          127.3617747,
          37.3471852
        ]
      },
      "properties": {
        "osm_type": "way",
        "osm_id": 1193762367,
        "sido": "경기도",
        "name": "",
        "name_en": "",
        "substation_type": "traction",
        "voltage": "55000;27500",
        "frequency": "",
        "operator": "",
        "location": ""
      }
    },
    {
      "type": "Feature",
      "geometry": {
        "type": "Point",
        "coordinates": [
          127.4103281,
          37.3043787
        ]
      },
      "properties": {
        "osm_type": "way",
        "osm_id": 1193762368,
        "sido": "경기도",
        "name": "",
        "name_en": "",
        "substation_type": "traction",
        "voltage": "55000;27500",
        "frequency": "",
        "operator": "",
        "location": ""
      }
    },
    {
      "type": "Feature",
      "geometry": {
        "type": "Point",
        "coordinates": [
          127.5043745,
          37.2640676
        ]
      },
      "properties": {
        "osm_type": "way",
        "osm_id": 1193762369,
        "sido": "경기도",
        "name": "",
        "name_en": "",
        "substation_type": "traction",
        "voltage": "55000;27500",
        "frequency": "",
        "operator": "",
        "location": ""
      }
    },
    {
      "type": "Feature",
      "geometry": {
        "type": "Point",
        "coordinates": [
          126.9153352,
          37.4106494
        ]
      },
      "properties": {
        "osm_type": "way",
        "osm_id": 1193850039,
        "sido": "경기도",
        "name": "",
        "name_en": "",
        "substation_type": "traction",
        "voltage": "55000;27500",
        "frequency": "",
        "operator": "",
        "location": ""
      }
    },
    {
      "type": "Feature",
      "geometry": {
        "type": "Point",
        "coordinates": [
          126.9483943,
          37.3275943
        ]
      },
      "properties": {
        "osm_type": "way",
        "osm_id": 1193850040,
        "sido": "경기도",
        "name": "",
        "name_en": "",
        "substation_type": "traction",
        "voltage": "55000;27500",
        "frequency": "",
        "operator": "",
        "location": ""
      }
    },
    {
      "type": "Feature",
      "geometry": {
        "type": "Point",
        "coordinates": [
          126.8910237,
          37.3056561
        ]
      },
      "properties": {
        "osm_type": "way",
        "osm_id": 1193850041,
        "sido": "경기도",
        "name": "",
        "name_en": "",
        "substation_type": "traction",
        "voltage": "154000;55000;27500",
        "frequency": "",
        "operator": "",
        "location": ""
      }
    },
    {
      "type": "Feature",
      "geometry": {
        "type": "Point",
        "coordinates": [
          127.0694922,
          36.9772559
        ]
      },
      "properties": {
        "osm_type": "way",
        "osm_id": 1194000566,
        "sido": "경기도",
        "name": "평택 급전구분소",
        "name_en": "Pyeongtaek Sectioning Post",
        "substation_type": "traction",
        "voltage": "55000;27500",
        "frequency": "",
        "operator": "",
        "location": ""
      }
    },
    {
      "type": "Feature",
      "geometry": {
        "type": "Point",
        "coordinates": [
          127.0889338,
          37.0729907
        ]
      },
      "properties": {
        "osm_type": "way",
        "osm_id": 1194000567,
        "sido": "경기도",
        "name": "지산 병렬급전소",
        "name_en": "Jisan Parallel Post",
        "substation_type": "traction",
        "voltage": "55000;27500",
        "frequency": "",
        "operator": "",
        "location": ""
      }
    },
    {
      "type": "Feature",
      "geometry": {
        "type": "Point",
        "coordinates": [
          127.0975987,
          37.1534028
        ]
      },
      "properties": {
        "osm_type": "way",
        "osm_id": 1194000568,
        "sido": "경기도",
        "name": "오산 변전소",
        "name_en": "Osan Substation",
        "substation_type": "traction",
        "voltage": "154000;55000;27500",
        "frequency": "",
        "operator": "",
        "location": ""
      }
    },
    {
      "type": "Feature",
      "geometry": {
        "type": "Point",
        "coordinates": [
          127.0973184,
          37.2241205
        ]
      },
      "properties": {
        "osm_type": "way",
        "osm_id": 1194000569,
        "sido": "경기도",
        "name": "고매 병렬급전소",
        "name_en": "Gomae Parallel Post",
        "substation_type": "traction",
        "voltage": "55000;27500",
        "frequency": "",
        "operator": "",
        "location": ""
      }
    },
    {
      "type": "Feature",
      "geometry": {
        "type": "Point",
        "coordinates": [
          127.1040001,
          37.3221516
        ]
      },
      "properties": {
        "osm_type": "way",
        "osm_id": 1194000570,
        "sido": "경기도",
        "name": "기흥 급전구분소",
        "name_en": "Giheung Sectioning Post",
        "substation_type": "traction",
        "voltage": "55000;27500",
        "frequency": "",
        "operator": "",
        "location": ""
      }
    },
    {
      "type": "Feature",
      "geometry": {
        "type": "Point",
        "coordinates": [
          126.6857473,
          37.6404559
        ]
      },
      "properties": {
        "osm_type": "way",
        "osm_id": 1202227429,
        "sido": "경기도",
        "name": "장기변전소",
        "name_en": "Janggi Substation",
        "substation_type": "distribution",
        "voltage": "154000",
        "frequency": "",
        "operator": "한국전력공사",
        "location": ""
      }
    },
    {
      "type": "Feature",
      "geometry": {
        "type": "Point",
        "coordinates": [
          126.6238595,
          37.6092007
        ]
      },
      "properties": {
        "osm_type": "way",
        "osm_id": 1206781392,
        "sido": "경기도",
        "name": "양촌변전소",
        "name_en": "",
        "substation_type": "",
        "voltage": "",
        "frequency": "",
        "operator": "한국전력공사",
        "location": ""
      }
    },
    {
      "type": "Feature",
      "geometry": {
        "type": "Point",
        "coordinates": [
          126.9547792,
          37.4002031
        ]
      },
      "properties": {
        "osm_type": "way",
        "osm_id": 1212154184,
        "sido": "경기도",
        "name": "관양변전소",
        "name_en": "",
        "substation_type": "distribution",
        "voltage": "154000",
        "frequency": "60",
        "operator": "",
        "location": "indoor"
      }
    },
    {
      "type": "Feature",
      "geometry": {
        "type": "Point",
        "coordinates": [
          126.5909197,
          37.6882739
        ]
      },
      "properties": {
        "osm_type": "way",
        "osm_id": 1212770260,
        "sido": "경기도",
        "name": "통진변전소",
        "name_en": "",
        "substation_type": "",
        "voltage": "",
        "frequency": "",
        "operator": "한국전력공사",
        "location": ""
      }
    },
    {
      "type": "Feature",
      "geometry": {
        "type": "Point",
        "coordinates": [
          126.6635222,
          37.6523704
        ]
      },
      "properties": {
        "osm_type": "way",
        "osm_id": 1226897666,
        "sido": "경기도",
        "name": "",
        "name_en": "",
        "substation_type": "",
        "voltage": "",
        "frequency": "",
        "operator": "한국전력공사",
        "location": ""
      }
    },
    {
      "type": "Feature",
      "geometry": {
        "type": "Point",
        "coordinates": [
          127.0725724,
          38.0990878
        ]
      },
      "properties": {
        "osm_type": "way",
        "osm_id": 1232846530,
        "sido": "경기도",
        "name": "청량리전기사업소 연천보조급전소",
        "name_en": "",
        "substation_type": "traction",
        "voltage": "154000;55000;27500",
        "frequency": "",
        "operator": "",
        "location": ""
      }
    },
    {
      "type": "Feature",
      "geometry": {
        "type": "Point",
        "coordinates": [
          126.7461858,
          37.3502216
        ]
      },
      "properties": {
        "osm_type": "way",
        "osm_id": 1232961799,
        "sido": "경기도",
        "name": "북시화변전소",
        "name_en": "North-Shihwa Substation",
        "substation_type": "distribution",
        "voltage": "154000",
        "frequency": "60",
        "operator": "",
        "location": "indoor"
      }
    },
    {
      "type": "Feature",
      "geometry": {
        "type": "Point",
        "coordinates": [
          126.8418164,
          37.3478331
        ]
      },
      "properties": {
        "osm_type": "way",
        "osm_id": 1255613376,
        "sido": "경기도",
        "name": "북안산변전소",
        "name_en": "",
        "substation_type": "",
        "voltage": "154000",
        "frequency": "60",
        "operator": "",
        "location": "indoor"
      }
    },
    {
      "type": "Feature",
      "geometry": {
        "type": "Point",
        "coordinates": [
          127.0365323,
          37.0443726
        ]
      },
      "properties": {
        "osm_type": "way",
        "osm_id": 1255615306,
        "sido": "경기도",
        "name": "동평택에너지센터",
        "name_en": "",
        "substation_type": "",
        "voltage": "154000",
        "frequency": "60",
        "operator": "",
        "location": "indoor"
      }
    },
    {
      "type": "Feature",
      "geometry": {
        "type": "Point",
        "coordinates": [
          127.1923412,
          37.5416815
        ]
      },
      "properties": {
        "osm_type": "way",
        "osm_id": 1259317127,
        "sido": "경기도",
        "name": "",
        "name_en": "",
        "substation_type": "transition",
        "voltage": "345000",
        "frequency": "",
        "operator": "한국전력공사",
        "location": ""
      }
    },
    {
      "type": "Feature",
      "geometry": {
        "type": "Point",
        "coordinates": [
          127.1783837,
          37.5801802
        ]
      },
      "properties": {
        "osm_type": "way",
        "osm_id": 1259317133,
        "sido": "경기도",
        "name": "",
        "name_en": "",
        "substation_type": "transition",
        "voltage": "345000",
        "frequency": "",
        "operator": "한국전력공사",
        "location": ""
      }
    },
    {
      "type": "Feature",
      "geometry": {
        "type": "Point",
        "coordinates": [
          126.9459053,
          36.9905516
        ]
      },
      "properties": {
        "osm_type": "way",
        "osm_id": 1341540651,
        "sido": "경기도",
        "name": "",
        "name_en": "",
        "substation_type": "",
        "voltage": "",
        "frequency": "",
        "operator": "",
        "location": ""
      }
    },
    {
      "type": "Feature",
      "geometry": {
        "type": "Point",
        "coordinates": [
          127.0667754,
          37.3163285
        ]
      },
      "properties": {
        "osm_type": "way",
        "osm_id": 1377151138,
        "sido": "경기도",
        "name": "",
        "name_en": "",
        "substation_type": "",
        "voltage": "",
        "frequency": "",
        "operator": "",
        "location": ""
      }
    },
    {
      "type": "Feature",
      "geometry": {
        "type": "Point",
        "coordinates": [
          127.2019595,
          37.6138051
        ]
      },
      "properties": {
        "osm_type": "way",
        "osm_id": 1420475019,
        "sido": "경기도",
        "name": "",
        "name_en": "",
        "substation_type": "",
        "voltage": "",
        "frequency": "",
        "operator": "",
        "location": ""
      }
    },
    {
      "type": "Feature",
      "geometry": {
        "type": "Point",
        "coordinates": [
          127.2099042,
          37.6146586
        ]
      },
      "properties": {
        "osm_type": "way",
        "osm_id": 1420475021,
        "sido": "경기도",
        "name": "",
        "name_en": "",
        "substation_type": "",
        "voltage": "",
        "frequency": "",
        "operator": "",
        "location": ""
      }
    },
    {
      "type": "Feature",
      "geometry": {
        "type": "Point",
        "coordinates": [
          127.1708975,
          37.5149117
        ]
      },
      "properties": {
        "osm_type": "way",
        "osm_id": 1437055664,
        "sido": "경기도",
        "name": "",
        "name_en": "",
        "substation_type": "transition",
        "voltage": "345000",
        "frequency": "",
        "operator": "한국전력공사",
        "location": ""
      }
    },
    {
      "type": "Feature",
      "geometry": {
        "type": "Point",
        "coordinates": [
          127.1720357,
          37.5126029
        ]
      },
      "properties": {
        "osm_type": "way",
        "osm_id": 1437055667,
        "sido": "경기도",
        "name": "",
        "name_en": "",
        "substation_type": "transition",
        "voltage": "345000",
        "frequency": "",
        "operator": "한국전력공사",
        "location": ""
      }
    },
    {
      "type": "Feature",
      "geometry": {
        "type": "Point",
        "coordinates": [
          127.1718701,
          37.5130487
        ]
      },
      "properties": {
        "osm_type": "way",
        "osm_id": 1437055669,
        "sido": "경기도",
        "name": "",
        "name_en": "",
        "substation_type": "transition",
        "voltage": "345000",
        "frequency": "",
        "operator": "한국전력공사",
        "location": ""
      }
    },
    {
      "type": "Feature",
      "geometry": {
        "type": "Point",
        "coordinates": [
          127.1665262,
          37.5173309
        ]
      },
      "properties": {
        "osm_type": "way",
        "osm_id": 1437055673,
        "sido": "경기도",
        "name": "",
        "name_en": "",
        "substation_type": "transition",
        "voltage": "345000",
        "frequency": "",
        "operator": "한국전력공사",
        "location": ""
      }
    },
    {
      "type": "Feature",
      "geometry": {
        "type": "Point",
        "coordinates": [
          127.1445683,
          37.506086
        ]
      },
      "properties": {
        "osm_type": "way",
        "osm_id": 1437055675,
        "sido": "경기도",
        "name": "",
        "name_en": "",
        "substation_type": "transition",
        "voltage": "345000",
        "frequency": "",
        "operator": "한국전력공사",
        "location": ""
      }
    }
  ]
}