{
  "type": "FeatureCollection",
  "features": [
    {
      "type": "Feature",
      "geometry": {
        "type": "LineString",
        "coordinates": [
          [
            126.9372689,
            37.6101044
          ],
          [
            126.9376528,
            37.6091195
          ],
          [
            126.9387232,
            37.607296
          ],
          [
            126.9411675,
            37.6068014
          ],
          [
            126.9439316,
            37.6064569
          ],
          [
            126.9471415,
            37.6078103
          ],
          [
            126.9481767,
            37.6084913
          ],
          [
            126.9492414,
            37.6113948
          ],
          [
            126.9494112,
            37.613697
          ],
          [
            126.9477573,
            37.6173622
          ],
          [
            126.9460617,
            37.6213346
          ],
          [
            126.9444158,
            37.6252912
          ],
          [
            126.9431644,
            37.6275699
          ],
          [
            126.9416086,
            37.629315
          ],
          [
            126.940699,
            37.6322311
          ],
          [
            126.9427796,
            37.6362744
          ],
          [
            126.9431528,
            37.6385822
          ],
          [
            126.9425395,
            37.6418665
          ],
          [
            126.9416214,
            37.643721
          ],
          [
            126.9396557,
            37.6463007
          ],
          [
            126.9390182,
            37.6487086
          ],
          [
            126.9384459,
            37.650553
          ],
          [
            126.9362194,
            37.6528382
          ],
          [
            126.9341165,
            37.6546502
          ],
          [
            126.931259,
            37.6571557
          ]
        ]
      },
      "properties": {
        "osm_type": "way",
        "osm_id": 311093791,
        "sido": "서울특별시",
        "power_type": "line",
        "name": "",
        "description": "",
        "voltage": "154000",
        "cables": "6",
        "circuits": "2",
        "frequency": "60",
        "operator": "",
        "wires": ""
      }
    },
    {
      "type": "Feature",
      "geometry": {
        "type": "LineString",
        "coordinates": [
          [
            127.0278092,
            37.6530298
          ],
          [
            127.0263121,
            37.6540236
          ],
          [
            127.0242072,
            37.6545023
          ],
          [
            127.022801,
            37.654884
          ],
          [
            127.0205392,
            37.6564394
          ],
          [
            127.0187967,
            37.658453
          ],
          [
            127.0172178,
            37.6610029
          ],
          [
            127.0153724,
            37.6639519
          ],
          [
            127.015119,
            37.6653465
          ],
          [
            127.0132822,
            37.6679281
          ],
          [
            127.0121788,
            37.6703903
          ],
          [
            127.0103748,
            37.6741213
          ],
          [
            127.0101226,
            37.6742965
          ],
          [
            126.9986536,
            37.6718683
          ],
          [
            126.9938644,
            37.6710583
          ],
          [
            126.9916897,
            37.6706798
          ],
          [
            126.9853255,
            37.6714343
          ],
          [
            126.977172,
            37.6723868
          ],
          [
            126.9749191,
            37.6726365
          ],
          [
            126.9705907,
            37.6731489
          ],
          [
            126.9670077,
            37.673541
          ],
          [
            126.9642673,
            37.6739015
          ],
          [
            126.961985,
            37.6755926
          ],
          [
            126.9599972,
            37.6763853
          ],
          [
            126.9555065,
            37.67758
          ],
          [
            126.9521686,
            37.6768845
          ],
          [
            126.9488831,
            37.6744815
          ],
          [
            126.9480307,
            37.6738972
          ],
          [
            126.9446122,
            37.6689571
          ],
          [
            126.9429572,
            37.6673001
          ],
          [
            126.9400747,
            37.6683522
          ],
          [
            126.9387357,
            37.6696218
          ],
          [
            126.9366748,
            37.6717287
          ],
          [
            126.9346767,
            37.6740502
          ],
          [
            126.9319236,
            37.6771313
          ],
          [
            126.9294298,
            37.6789896
          ],
          [
            126.9271787,
            37.6805529
          ],
          [
            126.9247511,
            37.6823339
          ]
        ]
      },
      "properties": {
        "osm_type": "way",
        "osm_id": 311093792,
        "sido": "서울특별시",
        "power_type": "line",
        "name": "",
        "description": "",
        "voltage": "154000",
        "cables": "6",
        "circuits": "2",
        "frequency": "60",
        "operator": "",
        "wires": ""
      }
    },
    {
      "type": "Feature",
      "geometry": {
        "type": "LineString",
        "coordinates": [
          [
            127.1509063,
            37.5367326
          ],
          [
            127.1510725,
            37.5364713
          ],
          [
            127.1534331,
            37.5349452
          ],
          [
            127.1530086,
            37.5313913
          ],
          [
            127.1534601,
            37.5291422
          ],
          [
            127.1541013,
            37.5289715
          ],
          [
            127.1558277,
            37.5282123
          ],
          [
            127.1576842,
            37.5267275
          ],
          [
            127.1591214,
            37.5253619
          ],
          [
            127.1609083,
            37.524231
          ],
          [
            127.1629172,
            37.5228583
          ],
          [
            127.1644979,
            37.5204719
          ],
          [
            127.1665258,
            37.5173427
          ]
        ]
      },
      "properties": {
        "osm_type": "way",
        "osm_id": 312151270,
        "sido": "서울특별시",
        "power_type": "line",
        "name": "",
        "description": "",
        "voltage": "154000",
        "cables": "6",
        "circuits": "2",
        "frequency": "60",
        "operator": "",
        "wires": ""
      }
    },
    {
      "type": "Feature",
      "geometry": {
        "type": "LineString",
        "coordinates": [
          [
            127.0726202,
            37.7261719
          ],
          [
            127.0725278,
            37.7247516
          ],
          [
            127.0735636,
            37.7217152
          ],
          [
            127.0789777,
            37.7196088
          ],
          [
            127.0835667,
            37.7198039
          ],
          [
            127.086299,
            37.7184919
          ],
          [
            127.086558,
            37.7169738
          ],
          [
            127.0869318,
            37.7147422
          ],
          [
            127.087335,
            37.7125251
          ],
          [
            127.0891124,
            37.7096244
          ],
          [
            127.0925592,
            37.7064927
          ],
          [
            127.0952943,
            37.7038575
          ],
          [
            127.096848,
            37.7016953
          ],
          [
            127.0986605,
            37.6991078
          ],
          [
            127.099353,
            37.6977093
          ],
          [
            127.0992421,
            37.69591
          ],
          [
            127.0991545,
            37.6937151
          ],
          [
            127.096418,
            37.691922
          ],
          [
            127.0929141,
            37.689799
          ],
          [
            127.0914286,
            37.6889062
          ],
          [
            127.0867903,
            37.6877136
          ],
          [
            127.0844881,
            37.6871257
          ],
          [
            127.0817378,
            37.6863639
          ],
          [
            127.0779472,
            37.6866601
          ],
          [
            127.0760683,
            37.6867967
          ],
          [
            127.0746635,
            37.6868876
          ],
          [
            127.0688866,
            37.687922
          ],
          [
            127.0662924,
            37.6884014
          ],
          [
            127.0646523,
            37.6889982
          ],
          [
            127.0631855,
            37.6884513
          ]
        ]
      },
      "properties": {
        "osm_type": "way",
        "osm_id": 312297590,
        "sido": "서울특별시",
        "power_type": "line",
        "name": "",
        "description": "",
        "voltage": "154000",
        "cables": "6",
        "circuits": "2",
        "frequency": "60",
        "operator": "",
        "wires": ""
      }
    },
    {
      "type": "Feature",
      "geometry": {
        "type": "LineString",
        "coordinates": [
          [
            126.9959942,
            37.5236215
          ],
          [
            126.9962688,
            37.5235234
          ],
          [
            126.9981839,
            37.5222483
          ],
          [
            127.0054391,
            37.5169662
          ],
          [
            127.006712,
            37.5160084
          ]
        ]
      },
      "properties": {
        "osm_type": "way",
        "osm_id": 364387194,
        "sido": "서울특별시",
        "power_type": "line",
        "name": "",
        "description": "",
        "voltage": "154000",
        "cables": "6",
        "circuits": "2",
        "frequency": "60",
        "operator": "",
        "wires": ""
      }
    },
    {
      "type": "Feature",
      "geometry": {
        "type": "LineString",
        "coordinates": [
          [
            126.8868316,
            37.5378766
          ],
          [
            126.8859514,
            37.5394389
          ],
          [
            126.8850032,
            37.5412241
          ],
          [
            126.8868282,
            37.5456384
          ],
          [
            126.8919465,
            37.5430082
          ],
          [
            126.8964767,
            37.5447602
          ],
          [
            126.9051404,
            37.5478541
          ],
          [
            126.9069942,
            37.5484957
          ]
        ]
      },
      "properties": {
        "osm_type": "way",
        "osm_id": 373570010,
        "sido": "서울특별시",
        "power_type": "line",
        "name": "",
        "description": "",
        "voltage": "154000",
        "cables": "6",
        "circuits": "2",
        "frequency": "60",
        "operator": "",
        "wires": ""
      }
    },
    {
      "type": "Feature",
      "geometry": {
        "type": "LineString",
        "coordinates": [
          [
            127.1074139,
            37.6354806
          ],
          [
            127.1074654,
            37.6359396
          ],
          [
            127.107473,
            37.6360074
          ],
          [
            127.107585,
            37.6364535
          ],
          [
            127.1076553,
            37.6367338
          ],
          [
            127.1083442,
            37.6382602
          ]
        ]
      },
      "properties": {
        "osm_type": "way",
        "osm_id": 404390308,
        "sido": "서울특별시",
        "power_type": "line",
        "name": "",
        "description": "",
        "voltage": "",
        "cables": "",
        "circuits": "",
        "frequency": "",
        "operator": "",
        "wires": ""
      }
    },
    {
      "type": "Feature",
      "geometry": {
        "type": "LineString",
        "coordinates": [
          [
            127.107585,
            37.6364535
          ],
          [
            127.108224,
            37.6364322
          ]
        ]
      },
      "properties": {
        "osm_type": "way",
        "osm_id": 404390309,
        "sido": "서울특별시",
        "power_type": "line",
        "name": "",
        "description": "",
        "voltage": "",
        "cables": "",
        "circuits": "",
        "frequency": "",
        "operator": "",
        "wires": ""
      }
    },
    {
      "type": "Feature",
      "geometry": {
        "type": "LineString",
        "coordinates": [
          [
            127.1074654,
            37.6359396
          ],
          [
            127.1079289,
            37.6360923
          ],
          [
            127.107585,
            37.6364535
          ]
        ]
      },
      "properties": {
        "osm_type": "way",
        "osm_id": 404390310,
        "sido": "서울특별시",
        "power_type": "line",
        "name": "",
        "description": "",
        "voltage": "",
        "cables": "",
        "circuits": "",
        "frequency": "",
        "operator": "",
        "wires": ""
      }
    },
    {
      "type": "Feature",
      "geometry": {
        "type": "LineString",
        "coordinates": [
          [
            126.8985345,
            37.5896178
          ],
          [
            126.9005137,
            37.5915872
          ],
          [
            126.9002949,
            37.5943322
          ],
          [
            126.9004179,
            37.5964719
          ],
          [
            126.9000124,
            37.5982959
          ],
          [
            126.8995635,
            37.6019566
          ],
          [
            126.89934,
            37.6036723
          ],
          [
            126.8993318,
            37.6060299
          ],
          [
            126.8992867,
            37.6083923
          ],
          [
            126.8992372,
            37.6120568
          ],
          [
            126.8999805,
            37.61365
          ],
          [
            126.9012492,
            37.615596
          ],
          [
            126.9030954,
            37.6181272
          ],
          [
            126.9053966,
            37.6213476
          ],
          [
            126.9054486,
            37.6236384
          ],
          [
            126.9055457,
            37.6251496
          ],
          [
            126.9058069,
            37.6285036
          ],
          [
            126.9051321,
            37.6303356
          ],
          [
            126.9058174,
            37.6328378
          ],
          [
            126.907643,
            37.6385949
          ],
          [
            126.9087605,
            37.6412948
          ],
          [
            126.9099822,
            37.643706
          ]
        ]
      },
      "properties": {
        "osm_type": "way",
        "osm_id": 477629718,
        "sido": "서울특별시",
        "power_type": "line",
        "name": "",
        "description": "",
        "voltage": "154000",
        "cables": "6",
        "circuits": "2",
        "frequency": "60",
        "operator": "",
        "wires": ""
      }
    },
    {
      "type": "Feature",
      "geometry": {
        "type": "LineString",
        "coordinates": [
          [
            126.8477985,
            37.4597431
          ],
          [
            126.8441293,
            37.4620191
          ],
          [
            126.8413505,
            37.4624214
          ],
          [
            126.8378422,
            37.4628462
          ],
          [
            126.8361041,
            37.4631304
          ],
          [
            126.835574,
            37.46564
          ],
          [
            126.835058,
            37.4680823
          ],
          [
            126.834586,
            37.4704304
          ],
          [
            126.8339127,
            37.4736618
          ],
          [
            126.8332449,
            37.4768782
          ],
          [
            126.8335319,
            37.4791515
          ],
          [
            126.8333924,
            37.4811948
          ],
          [
            126.8345618,
            37.484015
          ],
          [
            126.8334782,
            37.4855198
          ],
          [
            126.8278053,
            37.4883525
          ],
          [
            126.8265939,
            37.4889671
          ],
          [
            126.8232831,
            37.4906468
          ],
          [
            126.8231879,
            37.4908702
          ]
        ]
      },
      "properties": {
        "osm_type": "way",
        "osm_id": 520038086,
        "sido": "서울특별시",
        "power_type": "line",
        "name": "",
        "description": "",
        "voltage": "154000",
        "cables": "6",
        "circuits": "2",
        "frequency": "60",
        "operator": "",
        "wires": ""
      }
    },
    {
      "type": "Feature",
      "geometry": {
        "type": "LineString",
        "coordinates": [
          [
            126.8844069,
            37.5756635
          ],
          [
            126.8817544,
            37.5736448
          ],
          [
            126.8802154,
            37.5719485
          ],
          [
            126.877477,
            37.5690479
          ],
          [
            126.8749756,
            37.5660872
          ],
          [
            126.8684623,
            37.5587477
          ],
          [
            126.8676389,
            37.5572077
          ]
        ]
      },
      "properties": {
        "osm_type": "way",
        "osm_id": 766665976,
        "sido": "서울특별시",
        "power_type": "line",
        "name": "154kV상암-등촌T/L",
        "description": "",
        "voltage": "154000",
        "cables": "6",
        "circuits": "2",
        "frequency": "60",
        "operator": "한국전력공사 서울본부",
        "wires": ""
      }
    },
    {
      "type": "Feature",
      "geometry": {
        "type": "LineString",
        "coordinates": [
          [
            126.8962604,
            37.4463556
          ],
          [
            126.8949803,
            37.449172
          ]
        ]
      },
      "properties": {
        "osm_type": "way",
        "osm_id": 1024859655,
        "sido": "서울특별시",
        "power_type": "line",
        "name": "",
        "description": "",
        "voltage": "154000",
        "cables": "9",
        "circuits": "3",
        "frequency": "60",
        "operator": "",
        "wires": ""
      }
    },
    {
      "type": "Feature",
      "geometry": {
        "type": "LineString",
        "coordinates": [
          [
            126.8969156,
            37.449765
          ],
          [
            126.8962095,
            37.4494663
          ],
          [
            126.8949803,
            37.449172
          ]
        ]
      },
      "properties": {
        "osm_type": "way",
        "osm_id": 1024859657,
        "sido": "서울특별시",
        "power_type": "line",
        "name": "",
        "description": "",
        "voltage": "154000",
        "cables": "6",
        "circuits": "2",
        "frequency": "60",
        "operator": "",
        "wires": ""
      }
    },
    {
      "type": "Feature",
      "geometry": {
        "type": "LineString",
        "coordinates": [
          [
            126.8968554,
            37.4498846
          ],
          [
            126.8960937,
            37.4497236
          ],
          [
            126.8949803,
            37.449172
          ]
        ]
      },
      "properties": {
        "osm_type": "way",
        "osm_id": 1024859658,
        "sido": "서울특별시",
        "power_type": "line",
        "name": "",
        "description": "",
        "voltage": "154000",
        "cables": "3",
        "circuits": "1",
        "frequency": "60",
        "operator": "",
        "wires": ""
      }
    },
    {
      "type": "Feature",
      "geometry": {
        "type": "LineString",
        "coordinates": [
          [
            126.9840483,
            37.4756934
          ],
          [
            126.9840169,
            37.475565
          ],
          [
            126.9845318,
            37.4753066
          ],
          [
            126.9858308,
            37.4745911
          ],
          [
            126.9868149,
            37.473642
          ],
          [
            126.9869985,
            37.4721514
          ],
          [
            126.9922032,
            37.469842
          ],
          [
            126.9948962,
            37.468222
          ],
          [
            126.9975111,
            37.4681399
          ],
          [
            127.0017807,
            37.4704987
          ],
          [
            127.0037728,
            37.4724232
          ],
          [
            127.0060219,
            37.4737456
          ],
          [
            127.0076081,
            37.474068
          ],
          [
            127.0091923,
            37.4748265
          ],
          [
            127.0110945,
            37.4756284
          ],
          [
            127.0126649,
            37.4754291
          ],
          [
            127.0167669,
            37.4756489
          ],
          [
            127.0198413,
            37.4756728
          ],
          [
            127.0229254,
            37.4757491
          ],
          [
            127.0248279,
            37.475814
          ],
          [
            127.0248476,
            37.4772228
          ],
          [
            127.0245618,
            37.4776537
          ]
        ]
      },
      "properties": {
        "osm_type": "way",
        "osm_id": 1047410804,
        "sido": "서울특별시",
        "power_type": "line",
        "name": "",
        "description": "",
        "voltage": "154000",
        "cables": "6",
        "circuits": "2",
        "frequency": "60",
        "operator": "",
        "wires": ""
      }
    },
    {
      "type": "Feature",
      "geometry": {
        "type": "LineString",
        "coordinates": [
          [
            126.8953436,
            37.5951058
          ],
          [
            126.896407,
            37.5932074
          ],
          [
            126.8985345,
            37.5896178
          ]
        ]
      },
      "properties": {
        "osm_type": "way",
        "osm_id": 1064801829,
        "sido": "서울특별시",
        "power_type": "line",
        "name": "",
        "description": "",
        "voltage": "154000",
        "cables": "6",
        "circuits": "2",
        "frequency": "60",
        "operator": "",
        "wires": ""
      }
    },
    {
      "type": "Feature",
      "geometry": {
        "type": "LineString",
        "coordinates": [
          [
            126.8989582,
            37.5830615
          ],
          [
            126.8996529,
            37.5832376
          ],
          [
            126.9012049,
            37.5852603
          ],
          [
            126.9030218,
            37.5877265
          ],
          [
            126.9007283,
            37.5892634
          ],
          [
            126.8985345,
            37.5896178
          ]
        ]
      },
      "properties": {
        "osm_type": "way",
        "osm_id": 1095918279,
        "sido": "서울특별시",
        "power_type": "line",
        "name": "",
        "description": "",
        "voltage": "154000",
        "cables": "12",
        "circuits": "4",
        "frequency": "60",
        "operator": "",
        "wires": ""
      }
    },
    {
      "type": "Feature",
      "geometry": {
        "type": "LineString",
        "coordinates": [
          [
            127.056082,
            37.6975508
          ],
          [
            127.0569294,
            37.6960658
          ],
          [
            127.0590305,
            37.6920321
          ],
          [
            127.0593846,
            37.6910116
          ],
          [
            127.0655473,
            37.6877833
          ],
          [
            127.0706711,
            37.6851582
          ],
          [
            127.0737595,
            37.6834863
          ],
          [
            127.0755323,
            37.6830318
          ],
          [
            127.0848309,
            37.6806396
          ],
          [
            127.092059,
            37.6785886
          ],
          [
            127.094709,
            37.6768809
          ],
          [
            127.0963789,
            37.6771115
          ],
          [
            127.0996729,
            37.6767707
          ],
          [
            127.1017366,
            37.6755742
          ]
        ]
      },
      "properties": {
        "osm_type": "way",
        "osm_id": 1095918289,
        "sido": "서울특별시",
        "power_type": "line",
        "name": "",
        "description": "",
        "voltage": "154000",
        "cables": "6",
        "circuits": "2",
        "frequency": "60",
        "operator": "",
        "wires": ""
      }
    },
    {
      "type": "Feature",
      "geometry": {
        "type": "LineString",
        "coordinates": [
          [
            126.8844069,
            37.5756635
          ],
          [
            126.8843047,
            37.5755388
          ],
          [
            126.8763552,
            37.5802059
          ],
          [
            126.8772737,
            37.5807333
          ],
          [
            126.877506,
            37.5804653
          ]
        ]
      },
      "properties": {
        "osm_type": "way",
        "osm_id": 1101487558,
        "sido": "서울특별시",
        "power_type": "cable",
        "name": "154kV상암-등촌T/L",
        "description": "",
        "voltage": "154000",
        "cables": "6",
        "circuits": "2",
        "frequency": "60",
        "operator": "한국전력공사 서울본부",
        "wires": ""
      }
    },
    {
      "type": "Feature",
      "geometry": {
        "type": "LineString",
        "coordinates": [
          [
            126.8775261,
            37.5804769
          ],
          [
            126.8773039,
            37.5807438
          ],
          [
            126.8806002,
            37.5825269
          ],
          [
            126.8818931,
            37.5832263
          ],
          [
            126.8871593,
            37.5870515
          ],
          [
            126.8820876,
            37.591411
          ],
          [
            126.8764929,
            37.5967512
          ],
          [
            126.8738193,
            37.5994813
          ],
          [
            126.8686399,
            37.604609
          ],
          [
            126.850918,
            37.6160862
          ],
          [
            126.8428249,
            37.6189235
          ],
          [
            126.8428234,
            37.6187639
          ]
        ]
      },
      "properties": {
        "osm_type": "way",
        "osm_id": 1101487559,
        "sido": "서울특별시",
        "power_type": "cable",
        "name": "154kV능곡-상암T/L",
        "description": "",
        "voltage": "154000",
        "cables": "6",
        "circuits": "2",
        "frequency": "60",
        "operator": "",
        "wires": ""
      }
    },
    {
      "type": "Feature",
      "geometry": {
        "type": "LineString",
        "coordinates": [
          [
            127.006712,
            37.5160084
          ],
          [
            127.0077998,
            37.5168898
          ],
          [
            127.0087442,
            37.5162258
          ]
        ]
      },
      "properties": {
        "osm_type": "way",
        "osm_id": 1101857587,
        "sido": "서울특별시",
        "power_type": "cable",
        "name": "",
        "description": "",
        "voltage": "154000",
        "cables": "",
        "circuits": "2",
        "frequency": "60",
        "operator": "",
        "wires": ""
      }
    },
    {
      "type": "Feature",
      "geometry": {
        "type": "LineString",
        "coordinates": [
          [
            127.0392542,
            37.5682117
          ],
          [
            127.0394102,
            37.5681469
          ]
        ]
      },
      "properties": {
        "osm_type": "way",
        "osm_id": 1101878216,
        "sido": "서울특별시",
        "power_type": "cable",
        "name": "",
        "description": "",
        "voltage": "154000",
        "cables": "",
        "circuits": "2",
        "frequency": "60",
        "operator": "",
        "wires": ""
      }
    },
    {
      "type": "Feature",
      "geometry": {
        "type": "LineString",
        "coordinates": [
          [
            127.0335547,
            37.5677207
          ],
          [
            127.0350752,
            37.5662284
          ],
          [
            127.0387775,
            37.5658091
          ],
          [
            127.0397366,
            37.567286
          ],
          [
            127.0395651,
            37.5673513
          ],
          [
            127.0398842,
            37.5678375
          ],
          [
            127.0398081,
            37.5678692
          ]
        ]
      },
      "properties": {
        "osm_type": "way",
        "osm_id": 1101878218,
        "sido": "서울특별시",
        "power_type": "cable",
        "name": "",
        "description": "",
        "voltage": "154000",
        "cables": "",
        "circuits": "3",
        "frequency": "60",
        "operator": "",
        "wires": ""
      }
    },
    {
      "type": "Feature",
      "geometry": {
        "type": "LineString",
        "coordinates": [
          [
            127.0993146,
            37.5463292
          ],
          [
            127.0992593,
            37.546402
          ],
          [
            127.0986162,
            37.5475712
          ],
          [
            127.0994456,
            37.5493305
          ],
          [
            127.1006096,
            37.5495097
          ],
          [
            127.1014642,
            37.5503909
          ],
          [
            127.1029858,
            37.5538001
          ],
          [
            127.1012041,
            37.5573095
          ],
          [
            127.0990252,
            37.5599178
          ],
          [
            127.0981154,
            37.5609112
          ],
          [
            127.0936141,
            37.5643808
          ],
          [
            127.0919988,
            37.5648078
          ],
          [
            127.0916213,
            37.5655694
          ]
        ]
      },
      "properties": {
        "osm_type": "way",
        "osm_id": 1101878221,
        "sido": "서울특별시",
        "power_type": "line",
        "name": "",
        "description": "",
        "voltage": "154000",
        "cables": "6",
        "circuits": "2",
        "frequency": "60",
        "operator": "",
        "wires": ""
      }
    },
    {
      "type": "Feature",
      "geometry": {
        "type": "LineString",
        "coordinates": [
          [
            127.0916213,
            37.5655694
          ],
          [
            127.0900392,
            37.5650185
          ]
        ]
      },
      "properties": {
        "osm_type": "way",
        "osm_id": 1101878222,
        "sido": "서울특별시",
        "power_type": "line",
        "name": "",
        "description": "",
        "voltage": "154000",
        "cables": "6",
        "circuits": "2",
        "frequency": "60",
        "operator": "",
        "wires": ""
      }
    },
    {
      "type": "Feature",
      "geometry": {
        "type": "LineString",
        "coordinates": [
          [
            127.0916213,
            37.5655694
          ],
          [
            127.0939696,
            37.5668984
          ],
          [
            127.0962394,
            37.5680455
          ],
          [
            127.0999329,
            37.5698973
          ],
          [
            127.1033736,
            37.5720338
          ],
          [
            127.1069097,
            37.5743377
          ],
          [
            127.1099809,
            37.5781609
          ],
          [
            127.1125885,
            37.5793221
          ],
          [
            127.1170385,
            37.5806479
          ],
          [
            127.1219776,
            37.5793122
          ],
          [
            127.1242533,
            37.5781334
          ],
          [
            127.1274976,
            37.5783729
          ],
          [
            127.1302208,
            37.5790576
          ],
          [
            127.1321984,
            37.5792326
          ],
          [
            127.1344329,
            37.5794117
          ],
          [
            127.136627,
            37.5795673
          ],
          [
            127.1388969,
            37.5797744
          ],
          [
            127.1410057,
            37.5799028
          ],
          [
            127.1430233,
            37.5797747
          ],
          [
            127.1452958,
            37.5794707
          ],
          [
            127.1469356,
            37.5792935
          ],
          [
            127.1487668,
            37.5790629
          ],
          [
            127.1505508,
            37.5788573
          ],
          [
            127.1516089,
            37.578484
          ],
          [
            127.1536924,
            37.5782412
          ],
          [
            127.1547566,
            37.5783227
          ],
          [
            127.1584026,
            37.5806102
          ],
          [
            127.1608614,
            37.5820693
          ],
          [
            127.1617934,
            37.5853401
          ],
          [
            127.1621595,
            37.587545
          ],
          [
            127.1657306,
            37.590433
          ]
        ]
      },
      "properties": {
        "osm_type": "way",
        "osm_id": 1101878223,
        "sido": "서울특별시",
        "power_type": "line",
        "name": "",
        "description": "",
        "voltage": "154000",
        "cables": "6",
        "circuits": "2",
        "frequency": "60",
        "operator": "",
        "wires": ""
      }
    },
    {
      "type": "Feature",
      "geometry": {
        "type": "LineString",
        "coordinates": [
          [
            127.0341166,
            37.5196915
          ],
          [
            127.0345657,
            37.5198089
          ],
          [
            127.0337969,
            37.5216241
          ],
          [
            127.0334164,
            37.5225226
          ],
          [
            127.0332799,
            37.522927
          ],
          [
            127.0331524,
            37.5235287
          ],
          [
            127.0331177,
            37.5239507
          ],
          [
            127.0331477,
            37.524531
          ],
          [
            127.0332182,
            37.5250231
          ],
          [
            127.0334818,
            37.5250032
          ]
        ]
      },
      "properties": {
        "osm_type": "way",
        "osm_id": 1101917695,
        "sido": "서울특별시",
        "power_type": "cable",
        "name": "",
        "description": "",
        "voltage": "154000",
        "cables": "",
        "circuits": "2",
        "frequency": "60",
        "operator": "",
        "wires": ""
      }
    },
    {
      "type": "Feature",
      "geometry": {
        "type": "LineString",
        "coordinates": [
          [
            127.0343842,
            37.5153221
          ],
          [
            127.0226754,
            37.5114779
          ],
          [
            127.0225896,
            37.5116634
          ]
        ]
      },
      "properties": {
        "osm_type": "way",
        "osm_id": 1101917696,
        "sido": "서울특별시",
        "power_type": "cable",
        "name": "",
        "description": "",
        "voltage": "154000",
        "cables": "",
        "circuits": "2",
        "frequency": "60",
        "operator": "",
        "wires": ""
      }
    },
    {
      "type": "Feature",
      "geometry": {
        "type": "LineString",
        "coordinates": [
          [
            127.0362521,
            37.5001859
          ],
          [
            127.0360733,
            37.5005489
          ],
          [
            127.0560678,
            37.5066364
          ],
          [
            127.0563542,
            37.5060875
          ]
        ]
      },
      "properties": {
        "osm_type": "way",
        "osm_id": 1102076022,
        "sido": "서울특별시",
        "power_type": "cable",
        "name": "",
        "description": "",
        "voltage": "154000",
        "cables": "",
        "circuits": "2",
        "frequency": "60",
        "operator": "",
        "wires": ""
      }
    },
    {
      "type": "Feature",
      "geometry": {
        "type": "LineString",
        "coordinates": [
          [
            126.8465985,
            37.510324
          ],
          [
            126.8465524,
            37.5104086
          ],
          [
            126.8588885,
            37.5147248
          ],
          [
            126.8588272,
            37.5148391
          ],
          [
            126.8587457,
            37.5151438
          ],
          [
            126.8587371,
            37.5152765
          ],
          [
            126.8587586,
            37.5154008
          ],
          [
            126.8588208,
            37.5155046
          ],
          [
            126.8589281,
            37.515605
          ],
          [
            126.8591255,
            37.515702
          ],
          [
            126.8670591,
            37.5184525
          ],
          [
            126.8674993,
            37.5186235
          ],
          [
            126.8678412,
            37.5188542
          ],
          [
            126.8681492,
            37.5192069
          ],
          [
            126.8682837,
            37.519523
          ],
          [
            126.8684082,
            37.5200138
          ],
          [
            126.8686416,
            37.5199805
          ]
        ]
      },
      "properties": {
        "osm_type": "way",
        "osm_id": 1102076023,
        "sido": "서울특별시",
        "power_type": "cable",
        "name": "",
        "description": "",
        "voltage": "154000",
        "cables": "",
        "circuits": "2",
        "frequency": "",
        "operator": "",
        "wires": ""
      }
    },
    {
      "type": "Feature",
      "geometry": {
        "type": "LineString",
        "coordinates": [
          [
            126.8980417,
            37.4725678
          ],
          [
            126.8982859,
            37.4725535
          ],
          [
            126.8989519,
            37.4786724
          ]
        ]
      },
      "properties": {
        "osm_type": "way",
        "osm_id": 1102076024,
        "sido": "서울특별시",
        "power_type": "cable",
        "name": "",
        "description": "",
        "voltage": "154000",
        "cables": "",
        "circuits": "2",
        "frequency": "",
        "operator": "",
        "wires": ""
      }
    },
    {
      "type": "Feature",
      "geometry": {
        "type": "LineString",
        "coordinates": [
          [
            126.8990825,
            37.4793005
          ],
          [
            126.8992366,
            37.4797967
          ],
          [
            126.8994639,
            37.4803365
          ],
          [
            126.8999304,
            37.481016
          ],
          [
            126.9014526,
            37.4828571
          ],
          [
            126.9016142,
            37.4830526
          ],
          [
            126.90911,
            37.4921185
          ],
          [
            126.9093396,
            37.4926003
          ],
          [
            126.9093441,
            37.4929168
          ],
          [
            126.9092312,
            37.4933065
          ],
          [
            126.9089394,
            37.4941067
          ],
          [
            126.9084893,
            37.4955443
          ],
          [
            126.9084029,
            37.49593
          ],
          [
            126.9082017,
            37.4973041
          ],
          [
            126.9081505,
            37.4977704
          ],
          [
            126.9081613,
            37.4981584
          ],
          [
            126.9082638,
            37.4985661
          ],
          [
            126.9086008,
            37.4995167
          ],
          [
            126.9090533,
            37.5006649
          ]
        ]
      },
      "properties": {
        "osm_type": "way",
        "osm_id": 1102076025,
        "sido": "서울특별시",
        "power_type": "cable",
        "name": "",
        "description": "",
        "voltage": "154000",
        "cables": "",
        "circuits": "2",
        "frequency": "",
        "operator": "",
        "wires": ""
      }
    },
    {
      "type": "Feature",
      "geometry": {
        "type": "LineString",
        "coordinates": [
          [
            126.8776754,
            37.4767112
          ],
          [
            126.8785599,
            37.4752839
          ],
          [
            126.8880227,
            37.4779323
          ],
          [
            126.8898634,
            37.4794191
          ],
          [
            126.8947555,
            37.4785181
          ],
          [
            126.8952901,
            37.4784603
          ],
          [
            126.895965,
            37.4784634
          ],
          [
            126.8966383,
            37.4785777
          ],
          [
            126.8985433,
            37.4788965
          ]
        ]
      },
      "properties": {
        "osm_type": "way",
        "osm_id": 1102076026,
        "sido": "서울특별시",
        "power_type": "cable",
        "name": "",
        "description": "",
        "voltage": "154000",
        "cables": "",
        "circuits": "2",
        "frequency": "",
        "operator": "",
        "wires": ""
      }
    },
    {
      "type": "Feature",
      "geometry": {
        "type": "LineString",
        "coordinates": [
          [
            126.8990825,
            37.4793005
          ],
          [
            126.8985433,
            37.4788965
          ]
        ]
      },
      "properties": {
        "osm_type": "way",
        "osm_id": 1102076027,
        "sido": "서울특별시",
        "power_type": "cable",
        "name": "",
        "description": "",
        "voltage": "154000",
        "cables": "",
        "circuits": "1",
        "frequency": "",
        "operator": "",
        "wires": ""
      }
    },
    {
      "type": "Feature",
      "geometry": {
        "type": "LineString",
        "coordinates": [
          [
            126.8985433,
            37.4788965
          ],
          [
            126.8989519,
            37.4786724
          ]
        ]
      },
      "properties": {
        "osm_type": "way",
        "osm_id": 1102076028,
        "sido": "서울특별시",
        "power_type": "cable",
        "name": "",
        "description": "",
        "voltage": "154000",
        "cables": "",
        "circuits": "1",
        "frequency": "",
        "operator": "",
        "wires": ""
      }
    },
    {
      "type": "Feature",
      "geometry": {
        "type": "LineString",
        "coordinates": [
          [
            126.8990825,
            37.4793005
          ],
          [
            126.8989519,
            37.4786724
          ]
        ]
      },
      "properties": {
        "osm_type": "way",
        "osm_id": 1102076029,
        "sido": "서울특별시",
        "power_type": "cable",
        "name": "",
        "description": "",
        "voltage": "154000",
        "cables": "",
        "circuits": "1",
        "frequency": "",
        "operator": "",
        "wires": ""
      }
    },
    {
      "type": "Feature",
      "geometry": {
        "type": "LineString",
        "coordinates": [
          [
            126.8980408,
            37.4725579
          ],
          [
            126.8982829,
            37.4725436
          ],
          [
            126.8977394,
            37.4664911
          ],
          [
            126.8974981,
            37.4644548
          ],
          [
            126.89742,
            37.4638821
          ],
          [
            126.897409,
            37.4637037
          ],
          [
            126.8973982,
            37.4631945
          ],
          [
            126.8975253,
            37.462594
          ],
          [
            126.8978578,
            37.4616897
          ],
          [
            126.8981707,
            37.4608758
          ],
          [
            126.8982703,
            37.4606168
          ],
          [
            126.9005291,
            37.4547414
          ],
          [
            126.8965223,
            37.4532214
          ],
          [
            126.8954925,
            37.4528422
          ],
          [
            126.896747,
            37.4498951
          ],
          [
            126.8970227,
            37.4499746
          ]
        ]
      },
      "properties": {
        "osm_type": "way",
        "osm_id": 1102076030,
        "sido": "서울특별시",
        "power_type": "cable",
        "name": "",
        "description": "",
        "voltage": "154000",
        "cables": "",
        "circuits": "2",
        "frequency": "60",
        "operator": "",
        "wires": ""
      }
    },
    {
      "type": "Feature",
      "geometry": {
        "type": "LineString",
        "coordinates": [
          [
            126.9226219,
            37.4905703
          ],
          [
            126.9227021,
            37.4905589
          ],
          [
            126.9225829,
            37.4900414
          ],
          [
            126.9226361,
            37.4900383
          ],
          [
            126.9253394,
            37.4898809
          ],
          [
            126.9263379,
            37.4897741
          ],
          [
            126.9267225,
            37.4896934
          ],
          [
            126.9271299,
            37.489608
          ],
          [
            126.9283276,
            37.4892093
          ],
          [
            126.9291241,
            37.4889076
          ],
          [
            126.9410246,
            37.483642
          ],
          [
            126.9415435,
            37.4834427
          ],
          [
            126.9419033,
            37.4833374
          ],
          [
            126.9423014,
            37.4832466
          ],
          [
            126.9426666,
            37.4831884
          ],
          [
            126.9430786,
            37.4831441
          ],
          [
            126.9436536,
            37.4830878
          ],
          [
            126.9439228,
            37.4830615
          ],
          [
            126.9515707,
            37.4822968
          ],
          [
            126.9515281,
            37.4820384
          ]
        ]
      },
      "properties": {
        "osm_type": "way",
        "osm_id": 1102076032,
        "sido": "서울특별시",
        "power_type": "cable",
        "name": "",
        "description": "",
        "voltage": "154000",
        "cables": "",
        "circuits": "2",
        "frequency": "",
        "operator": "",
        "wires": ""
      }
    },
    {
      "type": "Feature",
      "geometry": {
        "type": "LineString",
        "coordinates": [
          [
            126.9515474,
            37.4820364
          ],
          [
            126.9515941,
            37.482295
          ],
          [
            126.9525943,
            37.4821855
          ],
          [
            126.9531364,
            37.4820332
          ],
          [
            126.9532196,
            37.4820324
          ],
          [
            126.9529015,
            37.4816021
          ],
          [
            126.952755,
            37.4812428
          ]
        ]
      },
      "properties": {
        "osm_type": "way",
        "osm_id": 1102076033,
        "sido": "서울특별시",
        "power_type": "cable",
        "name": "",
        "description": "",
        "voltage": "154000",
        "cables": "",
        "circuits": "2",
        "frequency": "",
        "operator": "",
        "wires": ""
      }
    },
    {
      "type": "Feature",
      "geometry": {
        "type": "LineString",
        "coordinates": [
          [
            126.952724,
            37.4811265
          ],
          [
            126.952627,
            37.4807999
          ],
          [
            126.9523073,
            37.4786723
          ],
          [
            126.9522549,
            37.4781451
          ],
          [
            126.9522878,
            37.4777135
          ],
          [
            126.9524559,
            37.4767576
          ],
          [
            126.9529349,
            37.474449
          ],
          [
            126.9545708,
            37.4667712
          ]
        ]
      },
      "properties": {
        "osm_type": "way",
        "osm_id": 1102076034,
        "sido": "서울특별시",
        "power_type": "cable",
        "name": "",
        "description": "",
        "voltage": "154000",
        "cables": "",
        "circuits": "2",
        "frequency": "",
        "operator": "",
        "wires": ""
      }
    },
    {
      "type": "Feature",
      "geometry": {
        "type": "LineString",
        "coordinates": [
          [
            126.952836,
            37.4811857
          ],
          [
            126.9536214,
            37.480916
          ],
          [
            126.9558041,
            37.4800931
          ],
          [
            126.967213,
            37.4756374
          ],
          [
            126.9674708,
            37.4755446
          ],
          [
            126.9678704,
            37.4754465
          ],
          [
            126.9683202,
            37.475367
          ],
          [
            126.9688613,
            37.475297
          ],
          [
            126.9692303,
            37.4752714
          ],
          [
            126.9695984,
            37.4752743
          ],
          [
            126.9699889,
            37.4752908
          ],
          [
            126.970269,
            37.4753205
          ],
          [
            126.9706089,
            37.4753862
          ],
          [
            126.9748454,
            37.4762839
          ],
          [
            126.9761291,
            37.4764655
          ],
          [
            126.9775777,
            37.4765781
          ],
          [
            126.9787073,
            37.476591
          ],
          [
            126.9802494,
            37.4765667
          ],
          [
            126.9814295,
            37.4764833
          ],
          [
            126.9822965,
            37.4763952
          ],
          [
            126.9833725,
            37.4762192
          ],
          [
            126.9840763,
            37.4761068
          ],
          [
            126.9840172,
            37.4758795
          ]
        ]
      },
      "properties": {
        "osm_type": "way",
        "osm_id": 1102076035,
        "sido": "서울특별시",
        "power_type": "cable",
        "name": "",
        "description": "",
        "voltage": "154000",
        "cables": "",
        "circuits": "3",
        "frequency": "",
        "operator": "",
        "wires": ""
      }
    },
    {
      "type": "Feature",
      "geometry": {
        "type": "LineString",
        "coordinates": [
          [
            126.952836,
            37.4811857
          ],
          [
            126.952755,
            37.4812428
          ]
        ]
      },
      "properties": {
        "osm_type": "way",
        "osm_id": 1102076036,
        "sido": "서울특별시",
        "power_type": "cable",
        "name": "",
        "description": "",
        "voltage": "154000",
        "cables": "",
        "circuits": "2",
        "frequency": "",
        "operator": "",
        "wires": ""
      }
    },
    {
      "type": "Feature",
      "geometry": {
        "type": "LineString",
        "coordinates": [
          [
            126.952755,
            37.4812428
          ],
          [
            126.952724,
            37.4811265
          ]
        ]
      },
      "properties": {
        "osm_type": "way",
        "osm_id": 1102076037,
        "sido": "서울특별시",
        "power_type": "cable",
        "name": "",
        "description": "",
        "voltage": "154000",
        "cables": "",
        "circuits": "1",
        "frequency": "",
        "operator": "",
        "wires": ""
      }
    },
    {
      "type": "Feature",
      "geometry": {
        "type": "LineString",
        "coordinates": [
          [
            126.952836,
            37.4811857
          ],
          [
            126.952724,
            37.4811265
          ]
        ]
      },
      "properties": {
        "osm_type": "way",
        "osm_id": 1102076038,
        "sido": "서울특별시",
        "power_type": "cable",
        "name": "",
        "description": "",
        "voltage": "154000",
        "cables": "",
        "circuits": "1",
        "frequency": "",
        "operator": "",
        "wires": ""
      }
    },
    {
      "type": "Feature",
      "geometry": {
        "type": "LineString",
        "coordinates": [
          [
            126.8650977,
            37.5514194
          ],
          [
            126.865289,
            37.5513342
          ],
          [
            126.8672859,
            37.5541688
          ],
          [
            126.8680524,
            37.555319
          ],
          [
            126.8685937,
            37.5561304
          ],
          [
            126.8673715,
            37.5567652
          ],
          [
            126.8676389,
            37.5572077
          ]
        ]
      },
      "properties": {
        "osm_type": "way",
        "osm_id": 1102259022,
        "sido": "서울특별시",
        "power_type": "cable",
        "name": "154kV상암-등촌T/L",
        "description": "",
        "voltage": "154000",
        "cables": "6",
        "circuits": "2",
        "frequency": "60",
        "operator": "한국전력공사 남서울본부",
        "wires": ""
      }
    },
    {
      "type": "Feature",
      "geometry": {
        "type": "LineString",
        "coordinates": [
          [
            126.8651042,
            37.5514284
          ],
          [
            126.8652618,
            37.5513565
          ],
          [
            126.8672752,
            37.5542113
          ],
          [
            126.8663423,
            37.5546305
          ],
          [
            126.865913,
            37.5549298
          ],
          [
            126.8646249,
            37.5559695
          ],
          [
            126.8643913,
            37.5561182
          ],
          [
            126.86193,
            37.557422
          ],
          [
            126.8607184,
            37.5580679
          ],
          [
            126.8375157,
            37.5704365
          ],
          [
            126.8363212,
            37.5710872
          ],
          [
            126.8363395,
            37.5707242
          ]
        ]
      },
      "properties": {
        "osm_type": "way",
        "osm_id": 1102259023,
        "sido": "서울특별시",
        "power_type": "cable",
        "name": "154kV가양-등촌T/L",
        "description": "",
        "voltage": "154000",
        "cables": "6",
        "circuits": "2",
        "frequency": "60",
        "operator": "한국전력공사 남서울본부",
        "wires": ""
      }
    },
    {
      "type": "Feature",
      "geometry": {
        "type": "LineString",
        "coordinates": [
          [
            126.9544241,
            37.5573317
          ],
          [
            126.9498788,
            37.5570758
          ],
          [
            126.9497809,
            37.5570703
          ],
          [
            126.9428963,
            37.5566827
          ],
          [
            126.9415615,
            37.5566076
          ],
          [
            126.9416616,
            37.5562738
          ]
        ]
      },
      "properties": {
        "osm_type": "way",
        "osm_id": 1102259026,
        "sido": "서울특별시",
        "power_type": "cable",
        "name": "",
        "description": "",
        "voltage": "154000",
        "cables": "6",
        "circuits": "2",
        "frequency": "",
        "operator": "",
        "wires": ""
      }
    },
    {
      "type": "Feature",
      "geometry": {
        "type": "LineString",
        "coordinates": [
          [
            126.9556899,
            37.5545684
          ],
          [
            126.9555433,
            37.5545674
          ],
          [
            126.9554064,
            37.5551652
          ],
          [
            126.9551467,
            37.5553692
          ],
          [
            126.9545564,
            37.5560873
          ],
          [
            126.9544241,
            37.5573317
          ]
        ]
      },
      "properties": {
        "osm_type": "way",
        "osm_id": 1102259027,
        "sido": "서울특별시",
        "power_type": "cable",
        "name": "",
        "description": "",
        "voltage": "154000",
        "cables": "3",
        "circuits": "1",
        "frequency": "",
        "operator": "",
        "wires": ""
      }
    },
    {
      "type": "Feature",
      "geometry": {
        "type": "LineString",
        "coordinates": [
          [
            126.9544241,
            37.5573317
          ],
          [
            126.9560688,
            37.5574346
          ],
          [
            126.9582701,
            37.5573114
          ],
          [
            126.9586107,
            37.5572894
          ],
          [
            126.9591267,
            37.5572944
          ],
          [
            126.9597958,
            37.5573642
          ],
          [
            126.9615895,
            37.5588612
          ],
          [
            126.9621327,
            37.5590634
          ],
          [
            126.9628013,
            37.5591756
          ],
          [
            126.9635979,
            37.5592926
          ],
          [
            126.9642083,
            37.5595447
          ],
          [
            126.9650714,
            37.5600787
          ],
          [
            126.9662572,
            37.5609088
          ],
          [
            126.9667568,
            37.56116
          ],
          [
            126.9674684,
            37.5614499
          ],
          [
            126.9696699,
            37.56195
          ],
          [
            126.9707367,
            37.5605461
          ],
          [
            126.9712632,
            37.5607634
          ]
        ]
      },
      "properties": {
        "osm_type": "way",
        "osm_id": 1102259028,
        "sido": "서울특별시",
        "power_type": "cable",
        "name": "",
        "description": "",
        "voltage": "154000",
        "cables": "3",
        "circuits": "1",
        "frequency": "",
        "operator": "",
        "wires": ""
      }
    },
    {
      "type": "Feature",
      "geometry": {
        "type": "LineString",
        "coordinates": [
          [
            126.971281,
            37.5608513
          ],
          [
            126.9711952,
            37.5609693
          ],
          [
            126.9722332,
            37.5614095
          ],
          [
            126.9714945,
            37.5623805
          ],
          [
            126.9737671,
            37.5630215
          ],
          [
            126.9737003,
            37.5631611
          ]
        ]
      },
      "properties": {
        "osm_type": "way",
        "osm_id": 1102259029,
        "sido": "서울특별시",
        "power_type": "cable",
        "name": "",
        "description": "",
        "voltage": "154000",
        "cables": "6",
        "circuits": "2",
        "frequency": "",
        "operator": "",
        "wires": ""
      }
    },
    {
      "type": "Feature",
      "geometry": {
        "type": "LineString",
        "coordinates": [
          [
            126.9712407,
            37.5607956
          ],
          [
            126.9707287,
            37.5605861
          ],
          [
            126.9675436,
            37.5649559
          ],
          [
            126.9670182,
            37.5655266
          ],
          [
            126.9662254,
            37.5662681
          ],
          [
            126.9633289,
            37.5692096
          ],
          [
            126.9628428,
            37.5697065
          ],
          [
            126.960376,
            37.572045
          ],
          [
            126.9602502,
            37.5721643
          ],
          [
            126.9580102,
            37.5742877
          ],
          [
            126.9563562,
            37.5756867
          ],
          [
            126.956177,
            37.5758932
          ],
          [
            126.9553977,
            37.5767911
          ],
          [
            126.9550745,
            37.5766399
          ]
        ]
      },
      "properties": {
        "osm_type": "way",
        "osm_id": 1102259031,
        "sido": "서울특별시",
        "power_type": "cable",
        "name": "",
        "description": "",
        "voltage": "154000",
        "cables": "3",
        "circuits": "1",
        "frequency": "60",
        "operator": "",
        "wires": ""
      }
    },
    {
      "type": "Feature",
      "geometry": {
        "type": "LineString",
        "coordinates": [
          [
            126.9549566,
            37.576799
          ],
          [
            126.9553119,
            37.5769678
          ],
          [
            126.9528421,
            37.5796546
          ],
          [
            126.9511118,
            37.5811442
          ],
          [
            126.9508362,
            37.5814779
          ],
          [
            126.9506333,
            37.5818638
          ],
          [
            126.949888,
            37.583281
          ],
          [
            126.9495287,
            37.5838143
          ],
          [
            126.9491685,
            37.5841489
          ],
          [
            126.9448033,
            37.5882033
          ],
          [
            126.9424499,
            37.5902232
          ],
          [
            126.9417148,
            37.5910438
          ],
          [
            126.9412815,
            37.5917492
          ],
          [
            126.9411077,
            37.592658
          ],
          [
            126.9410082,
            37.5939559
          ],
          [
            126.9405477,
            37.5948774
          ],
          [
            126.9397863,
            37.5956477
          ],
          [
            126.9390188,
            37.5964507
          ],
          [
            126.9385325,
            37.5975185
          ],
          [
            126.9381557,
            37.59809
          ],
          [
            126.9373642,
            37.5988202
          ],
          [
            126.9363766,
            37.5998043
          ],
          [
            126.9351325,
            37.6019794
          ],
          [
            126.9346842,
            37.6050066
          ],
          [
            126.9313991,
            37.6088103
          ],
          [
            126.9323936,
            37.6093129
          ],
          [
            126.9334708,
            37.6095959
          ],
          [
            126.9348303,
            37.6096877
          ],
          [
            126.9360581,
            37.6096834
          ],
          [
            126.9370945,
            37.6098449
          ],
          [
            126.9370338,
            37.6100489
          ]
        ]
      },
      "properties": {
        "osm_type": "way",
        "osm_id": 1102259032,
        "sido": "서울특별시",
        "power_type": "cable",
        "name": "",
        "description": "",
        "voltage": "154000",
        "cables": "6",
        "circuits": "2",
        "frequency": "",
        "operator": "",
        "wires": ""
      }
    },
    {
      "type": "Feature",
      "geometry": {
        "type": "LineString",
        "coordinates": [
          [
            126.9230485,
            37.6038637
          ],
          [
            126.9226558,
            37.603879
          ],
          [
            126.9229113,
            37.6061299
          ],
          [
            126.9230803,
            37.6066006
          ],
          [
            126.9233685,
            37.6069224
          ],
          [
            126.9235924,
            37.6071995
          ],
          [
            126.9243037,
            37.6075933
          ],
          [
            126.9252771,
            37.6080387
          ],
          [
            126.9258081,
            37.6082824
          ],
          [
            126.9262936,
            37.6087776
          ],
          [
            126.9266011,
            37.6089106
          ],
          [
            126.9267508,
            37.608969
          ],
          [
            126.927313,
            37.6090353
          ],
          [
            126.927882,
            37.6088684
          ],
          [
            126.9285812,
            37.6085934
          ],
          [
            126.92867,
            37.6085731
          ],
          [
            126.9287545,
            37.6085571
          ],
          [
            126.9289933,
            37.6085205
          ],
          [
            126.9294717,
            37.6084216
          ],
          [
            126.9301488,
            37.608451
          ],
          [
            126.9304664,
            37.6085156
          ],
          [
            126.931402,
            37.6088845
          ],
          [
            126.9317648,
            37.6090459
          ],
          [
            126.9321275,
            37.6092073
          ],
          [
            126.9326634,
            37.6094118
          ],
          [
            126.9326832,
            37.609417
          ],
          [
            126.9331885,
            37.6095508
          ],
          [
            126.9340951,
            37.6096663
          ],
          [
            126.9360683,
            37.60971
          ],
          [
            126.9369669,
            37.6098479
          ],
          [
            126.9369271,
            37.6100237
          ]
        ]
      },
      "properties": {
        "osm_type": "way",
        "osm_id": 1102259033,
        "sido": "서울특별시",
        "power_type": "cable",
        "name": "",
        "description": "",
        "voltage": "154000",
        "cables": "6",
        "circuits": "2",
        "frequency": "",
        "operator": "",
        "wires": ""
      }
    },
    {
      "type": "Feature",
      "geometry": {
        "type": "LineString",
        "coordinates": [
          [
            127.0557338,
            37.5898215
          ],
          [
            127.0595001,
            37.5901863
          ],
          [
            127.0609865,
            37.5903323
          ],
          [
            127.062934,
            37.5904668
          ],
          [
            127.0685016,
            37.5920489
          ],
          [
            127.0716508,
            37.592939
          ],
          [
            127.0972466,
            37.5993199
          ],
          [
            127.0973977,
            37.5993481
          ],
          [
            127.1022394,
            37.6003532
          ],
          [
            127.1054336,
            37.6007088
          ]
        ]
      },
      "properties": {
        "osm_type": "way",
        "osm_id": 1102259034,
        "sido": "서울특별시",
        "power_type": "cable",
        "name": "",
        "description": "",
        "voltage": "345000;345000;345000;154000;154000",
        "cables": "",
        "circuits": "5",
        "frequency": "60",
        "operator": "",
        "wires": ""
      }
    },
    {
      "type": "Feature",
      "geometry": {
        "type": "LineString",
        "coordinates": [
          [
            127.0587332,
            37.6279036
          ],
          [
            127.0588818,
            37.6275862
          ],
          [
            127.0594443,
            37.6279365
          ],
          [
            127.0598686,
            37.6288427
          ],
          [
            127.0593579,
            37.6298836
          ],
          [
            127.0590759,
            37.6312795
          ],
          [
            127.0590498,
            37.6327854
          ],
          [
            127.0591485,
            37.6348296
          ],
          [
            127.0587226,
            37.6386431
          ],
          [
            127.0565213,
            37.6413669
          ],
          [
            127.0570607,
            37.6446082
          ],
          [
            127.0564442,
            37.6469685
          ],
          [
            127.055638,
            37.6491559
          ],
          [
            127.055113,
            37.6512518
          ],
          [
            127.0553724,
            37.6541679
          ]
        ]
      },
      "properties": {
        "osm_type": "way",
        "osm_id": 1102290944,
        "sido": "서울특별시",
        "power_type": "line",
        "name": "",
        "description": "",
        "voltage": "154000",
        "cables": "6",
        "circuits": "2",
        "frequency": "60",
        "operator": "",
        "wires": ""
      }
    },
    {
      "type": "Feature",
      "geometry": {
        "type": "LineString",
        "coordinates": [
          [
            127.0553724,
            37.6541679
          ],
          [
            127.0555346,
            37.6541992
          ]
        ]
      },
      "properties": {
        "osm_type": "way",
        "osm_id": 1102290945,
        "sido": "서울특별시",
        "power_type": "line",
        "name": "",
        "description": "",
        "voltage": "154000",
        "cables": "6",
        "circuits": "2",
        "frequency": "60",
        "operator": "",
        "wires": ""
      }
    },
    {
      "type": "Feature",
      "geometry": {
        "type": "LineString",
        "coordinates": [
          [
            127.0553724,
            37.6541679
          ],
          [
            127.0553066,
            37.6551343
          ],
          [
            127.0543081,
            37.6575687
          ],
          [
            127.0528894,
            37.6606633
          ],
          [
            127.0520087,
            37.6639377
          ],
          [
            127.0514774,
            37.6655226
          ],
          [
            127.0502014,
            37.6684673
          ],
          [
            127.0501112,
            37.6701057
          ]
        ]
      },
      "properties": {
        "osm_type": "way",
        "osm_id": 1102290946,
        "sido": "서울특별시",
        "power_type": "line",
        "name": "",
        "description": "",
        "voltage": "154000",
        "cables": "6",
        "circuits": "2",
        "frequency": "60",
        "operator": "",
        "wires": ""
      }
    },
    {
      "type": "Feature",
      "geometry": {
        "type": "LineString",
        "coordinates": [
          [
            127.0501112,
            37.6701057
          ],
          [
            127.0501423,
            37.6711142
          ],
          [
            127.0562945,
            37.6704611
          ],
          [
            127.0578266,
            37.6710562
          ],
          [
            127.0587996,
            37.6717461
          ],
          [
            127.0610413,
            37.6739269
          ],
          [
            127.0618715,
            37.6737165
          ]
        ]
      },
      "properties": {
        "osm_type": "way",
        "osm_id": 1102290947,
        "sido": "서울특별시",
        "power_type": "cable",
        "name": "",
        "description": "",
        "voltage": "154000",
        "cables": "6",
        "circuits": "2",
        "frequency": "60",
        "operator": "",
        "wires": ""
      }
    },
    {
      "type": "Feature",
      "geometry": {
        "type": "LineString",
        "coordinates": [
          [
            127.0631855,
            37.6884513
          ],
          [
            127.0609183,
            37.6893887
          ],
          [
            127.0591555,
            37.6904765
          ],
          [
            127.0583226,
            37.6916338
          ],
          [
            127.0576564,
            37.6938944
          ],
          [
            127.0568312,
            37.6958955
          ],
          [
            127.0557172,
            37.6973932
          ]
        ]
      },
      "properties": {
        "osm_type": "way",
        "osm_id": 1102290948,
        "sido": "서울특별시",
        "power_type": "line",
        "name": "",
        "description": "",
        "voltage": "154000",
        "cables": "6",
        "circuits": "2",
        "frequency": "60",
        "operator": "",
        "wires": ""
      }
    },
    {
      "type": "Feature",
      "geometry": {
        "type": "LineString",
        "coordinates": [
          [
            127.0631855,
            37.6884513
          ],
          [
            127.0627803,
            37.6867073
          ],
          [
            127.0629948,
            37.6836523
          ],
          [
            127.0635602,
            37.6801344
          ],
          [
            127.0634755,
            37.6789388
          ],
          [
            127.0625786,
            37.6760764
          ],
          [
            127.0618715,
            37.6737165
          ]
        ]
      },
      "properties": {
        "osm_type": "way",
        "osm_id": 1102290949,
        "sido": "서울특별시",
        "power_type": "line",
        "name": "",
        "description": "",
        "voltage": "154000",
        "cables": "6",
        "circuits": "2",
        "frequency": "60",
        "operator": "",
        "wires": ""
      }
    },
    {
      "type": "Feature",
      "geometry": {
        "type": "LineString",
        "coordinates": [
          [
            127.0272819,
            37.6475326
          ],
          [
            127.0273504,
            37.6475791
          ],
          [
            127.0264216,
            37.6480687
          ],
          [
            127.0286834,
            37.650772
          ],
          [
            127.0278975,
            37.6530471
          ],
          [
            127.0278092,
            37.6530298
          ]
        ]
      },
      "properties": {
        "osm_type": "way",
        "osm_id": 1102290951,
        "sido": "서울특별시",
        "power_type": "cable",
        "name": "",
        "description": "",
        "voltage": "154000",
        "cables": "6",
        "circuits": "2",
        "frequency": "60",
        "operator": "",
        "wires": ""
      }
    },
    {
      "type": "Feature",
      "geometry": {
        "type": "LineString",
        "coordinates": [
          [
            127.0272288,
            37.6475599
          ],
          [
            127.027292,
            37.6475998
          ],
          [
            127.0264194,
            37.6480631
          ],
          [
            127.0230122,
            37.6440091
          ],
          [
            127.022367,
            37.6432324
          ],
          [
            127.0223371,
            37.6429405
          ],
          [
            127.0230478,
            37.6362516
          ],
          [
            127.0234262,
            37.6333198
          ],
          [
            127.0236929,
            37.6325301
          ],
          [
            127.0297119,
            37.6174053
          ],
          [
            127.0298123,
            37.6170869
          ],
          [
            127.0298699,
            37.6164831
          ],
          [
            127.0299818,
            37.6136626
          ],
          [
            127.0297541,
            37.6136167
          ],
          [
            127.0289661,
            37.6134635
          ],
          [
            127.028808,
            37.6137466
          ],
          [
            127.0287078,
            37.6137452
          ]
        ]
      },
      "properties": {
        "osm_type": "way",
        "osm_id": 1102290953,
        "sido": "서울특별시",
        "power_type": "cable",
        "name": "",
        "description": "",
        "voltage": "154000",
        "cables": "6",
        "circuits": "2",
        "frequency": "60",
        "operator": "",
        "wires": ""
      }
    },
    {
      "type": "Feature",
      "geometry": {
        "type": "LineString",
        "coordinates": [
          [
            127.0287178,
            37.5838523
          ],
          [
            127.0288527,
            37.5838557
          ],
          [
            127.0288375,
            37.5834297
          ],
          [
            127.0294305,
            37.583042
          ],
          [
            127.0297746,
            37.581246
          ],
          [
            127.0304618,
            37.5777232
          ],
          [
            127.0306548,
            37.5739399
          ],
          [
            127.0303915,
            37.5701153
          ],
          [
            127.0329501,
            37.5680709
          ]
        ]
      },
      "properties": {
        "osm_type": "way",
        "osm_id": 1102290954,
        "sido": "서울특별시",
        "power_type": "cable",
        "name": "",
        "description": "",
        "voltage": "154000",
        "cables": "6",
        "circuits": "2",
        "frequency": "60",
        "operator": "",
        "wires": ""
      }
    },
    {
      "type": "Feature",
      "geometry": {
        "type": "LineString",
        "coordinates": [
          [
            127.0329501,
            37.5680709
          ],
          [
            127.0359125,
            37.569513
          ],
          [
            127.0390743,
            37.568995
          ],
          [
            127.0393454,
            37.5688706
          ],
          [
            127.0391118,
            37.568553
          ],
          [
            127.0395538,
            37.5683583
          ]
        ]
      },
      "properties": {
        "osm_type": "way",
        "osm_id": 1102290955,
        "sido": "서울특별시",
        "power_type": "cable",
        "name": "",
        "description": "",
        "voltage": "154000",
        "cables": "3",
        "circuits": "1",
        "frequency": "60",
        "operator": "",
        "wires": ""
      }
    },
    {
      "type": "Feature",
      "geometry": {
        "type": "LineString",
        "coordinates": [
          [
            127.0329501,
            37.5680709
          ],
          [
            127.0333372,
            37.5681272
          ]
        ]
      },
      "properties": {
        "osm_type": "way",
        "osm_id": 1102290956,
        "sido": "서울특별시",
        "power_type": "cable",
        "name": "",
        "description": "",
        "voltage": "154000",
        "cables": "3",
        "circuits": "1",
        "frequency": "60",
        "operator": "",
        "wires": ""
      }
    },
    {
      "type": "Feature",
      "geometry": {
        "type": "LineString",
        "coordinates": [
          [
            126.8968592,
            37.5951273
          ],
          [
            126.8976872,
            37.5816155
          ],
          [
            126.8979447,
            37.5806938
          ],
          [
            126.9029159,
            37.577698
          ],
          [
            126.8999254,
            37.5747981
          ],
          [
            126.8989972,
            37.562121
          ],
          [
            126.8944822,
            37.5608946
          ],
          [
            126.8977227,
            37.5558947
          ],
          [
            126.9099496,
            37.5467722
          ],
          [
            126.9159589,
            37.5437022
          ]
        ]
      },
      "properties": {
        "osm_type": "way",
        "osm_id": 1102290957,
        "sido": "서울특별시",
        "power_type": "cable",
        "name": "",
        "description": "",
        "voltage": "345000",
        "cables": "6",
        "circuits": "2",
        "frequency": "60",
        "operator": "",
        "wires": ""
      }
    },
    {
      "type": "Feature",
      "geometry": {
        "type": "LineString",
        "coordinates": [
          [
            127.0275277,
            37.4851117
          ],
          [
            127.0267632,
            37.4841133
          ],
          [
            127.0264973,
            37.4832175
          ],
          [
            127.0264111,
            37.4822282
          ],
          [
            127.0266726,
            37.480793
          ],
          [
            127.0271981,
            37.4789789
          ],
          [
            127.0283846,
            37.4759652
          ],
          [
            127.0299071,
            37.4733759
          ],
          [
            127.0316685,
            37.471526
          ],
          [
            127.030582,
            37.4703538
          ],
          [
            127.0289053,
            37.4682679
          ],
          [
            127.0275734,
            37.4667254
          ],
          [
            127.0207597,
            37.4609772
          ],
          [
            127.0183641,
            37.4592192
          ],
          [
            127.0168229,
            37.4580307
          ],
          [
            127.0163285,
            37.4577385
          ],
          [
            127.015964,
            37.4576239
          ],
          [
            127.0154624,
            37.4575408
          ],
          [
            127.0130111,
            37.4574224
          ],
          [
            127.0124281,
            37.457313
          ],
          [
            127.0117366,
            37.4571104
          ],
          [
            127.0104374,
            37.4564402
          ],
          [
            127.0084805,
            37.4553569
          ],
          [
            127.0064377,
            37.4547641
          ],
          [
            127.0045261,
            37.4534623
          ],
          [
            127.0034099,
            37.4530004
          ],
          [
            127.0020779,
            37.4526683
          ],
          [
            127.0012496,
            37.4521947
          ],
          [
            126.9999509,
            37.4507609
          ],
          [
            126.9985686,
            37.4490153
          ],
          [
            126.9967999,
            37.4479993
          ],
          [
            126.9961827,
            37.447568
          ],
          [
            126.9957605,
            37.4469578
          ],
          [
            126.9958597,
            37.4460791
          ],
          [
            126.996549,
            37.4448604
          ],
          [
            127.0023867,
            37.4345044
          ],
          [
            127.0026496,
            37.4337923
          ],
          [
            127.0027516,
            37.4329048
          ],
          [
            127.0022699,
            37.4313631
          ],
          [
            127.0015317,
            37.4296865
          ],
          [
            127.0012958,
            37.4283538
          ],
          [
            127.0018561,
            37.427321
          ],
          [
            127.0034843,
            37.4256979
          ]
        ]
      },
      "properties": {
        "osm_type": "way",
        "osm_id": 1102290958,
        "sido": "서울특별시",
        "power_type": "cable",
        "name": "",
        "description": "",
        "voltage": "345000",
        "cables": "6",
        "circuits": "2",
        "frequency": "60",
        "operator": "",
        "wires": ""
      }
    },
    {
      "type": "Feature",
      "geometry": {
        "type": "LineString",
        "coordinates": [
          [
            127.0246462,
            37.477774
          ],
          [
            127.0273545,
            37.4784919
          ],
          [
            127.0266453,
            37.4807911
          ],
          [
            127.0263688,
            37.4822292
          ],
          [
            127.0264478,
            37.4832304
          ],
          [
            127.0267136,
            37.48412
          ],
          [
            127.0274886,
            37.4851311
          ]
        ]
      },
      "properties": {
        "osm_type": "way",
        "osm_id": 1102290960,
        "sido": "서울특별시",
        "power_type": "cable",
        "name": "",
        "description": "",
        "voltage": "154000",
        "cables": "6",
        "circuits": "2",
        "frequency": "60",
        "operator": "",
        "wires": ""
      }
    },
    {
      "type": "Feature",
      "geometry": {
        "type": "LineString",
        "coordinates": [
          [
            127.0900392,
            37.5650185
          ],
          [
            127.0885963,
            37.5650106
          ],
          [
            127.0885932,
            37.565369
          ],
          [
            127.0866628,
            37.565144
          ],
          [
            127.0866019,
            37.5655783
          ],
          [
            127.0864554,
            37.5656265
          ],
          [
            127.0846287,
            37.5662272
          ],
          [
            127.0844803,
            37.5667575
          ]
        ]
      },
      "properties": {
        "osm_type": "way",
        "osm_id": 1102490846,
        "sido": "서울특별시",
        "power_type": "cable",
        "name": "",
        "description": "",
        "voltage": "154000",
        "cables": "6",
        "circuits": "2",
        "frequency": "60",
        "operator": "",
        "wires": ""
      }
    },
    {
      "type": "Feature",
      "geometry": {
        "type": "LineString",
        "coordinates": [
          [
            126.8941132,
            37.5197654
          ],
          [
            126.8941492,
            37.51976
          ]
        ]
      },
      "properties": {
        "osm_type": "way",
        "osm_id": 1102490848,
        "sido": "서울특별시",
        "power_type": "cable",
        "name": "",
        "description": "",
        "voltage": "154000",
        "cables": "",
        "circuits": "2",
        "frequency": "60",
        "operator": "",
        "wires": ""
      }
    },
    {
      "type": "Feature",
      "geometry": {
        "type": "LineString",
        "coordinates": [
          [
            126.8944131,
            37.5199886
          ],
          [
            126.8944487,
            37.5201179
          ],
          [
            126.8934572,
            37.5202769
          ],
          [
            126.8928998,
            37.5204382
          ],
          [
            126.892299,
            37.5207704
          ],
          [
            126.8918258,
            37.5211558
          ],
          [
            126.8916549,
            37.5213683
          ],
          [
            126.8914584,
            37.5217994
          ],
          [
            126.891442,
            37.5221279
          ],
          [
            126.8915428,
            37.5226095
          ],
          [
            126.8926343,
            37.5271534
          ],
          [
            126.8926833,
            37.5273295
          ],
          [
            126.8927573,
            37.5274965
          ],
          [
            126.8941724,
            37.5292342
          ],
          [
            126.8936205,
            37.5294932
          ],
          [
            126.893364,
            37.5295953
          ],
          [
            126.8930986,
            37.5296814
          ],
          [
            126.8930648,
            37.5302739
          ]
        ]
      },
      "properties": {
        "osm_type": "way",
        "osm_id": 1102490849,
        "sido": "서울특별시",
        "power_type": "cable",
        "name": "",
        "description": "",
        "voltage": "154000",
        "cables": "",
        "circuits": "2",
        "frequency": "60",
        "operator": "",
        "wires": ""
      }
    },
    {
      "type": "Feature",
      "geometry": {
        "type": "LineString",
        "coordinates": [
          [
            126.9060046,
            37.5219608
          ],
          [
            126.9057379,
            37.5219962
          ],
          [
            126.9055906,
            37.5210789
          ],
          [
            126.9054419,
            37.5204484
          ],
          [
            126.9048866,
            37.5199937
          ],
          [
            126.8956609,
            37.5214215
          ],
          [
            126.8952514,
            37.5199848
          ],
          [
            126.894517,
            37.5201063
          ],
          [
            126.8944797,
            37.5199779
          ]
        ]
      },
      "properties": {
        "osm_type": "way",
        "osm_id": 1102490851,
        "sido": "서울특별시",
        "power_type": "cable",
        "name": "",
        "description": "",
        "voltage": "154000",
        "cables": "",
        "circuits": "2",
        "frequency": "60",
        "operator": "",
        "wires": ""
      }
    },
    {
      "type": "Feature",
      "geometry": {
        "type": "LineString",
        "coordinates": [
          [
            127.080393,
            37.5927712
          ],
          [
            127.0802013,
            37.5927913
          ],
          [
            127.0796,
            37.5794581
          ],
          [
            127.0795844,
            37.5787265
          ],
          [
            127.0796294,
            37.5781745
          ],
          [
            127.0797668,
            37.5769912
          ],
          [
            127.0802049,
            37.5726466
          ],
          [
            127.0801943,
            37.5721945
          ],
          [
            127.0801083,
            37.5717164
          ],
          [
            127.0834097,
            37.5713574
          ],
          [
            127.0831058,
            37.5694594
          ],
          [
            127.0829884,
            37.5690124
          ],
          [
            127.0822132,
            37.5676022
          ],
          [
            127.0844343,
            37.5667958
          ]
        ]
      },
      "properties": {
        "osm_type": "way",
        "osm_id": 1102490852,
        "sido": "서울특별시",
        "power_type": "cable",
        "name": "",
        "description": "",
        "voltage": "154000",
        "cables": "",
        "circuits": "2",
        "frequency": "60",
        "operator": "",
        "wires": ""
      }
    },
    {
      "type": "Feature",
      "geometry": {
        "type": "LineString",
        "coordinates": [
          [
            127.095895,
            37.6106598
          ],
          [
            127.0961259,
            37.6106276
          ],
          [
            127.0964156,
            37.6123352
          ],
          [
            127.0962834,
            37.6134839
          ],
          [
            127.0959969,
            37.6147194
          ],
          [
            127.0956729,
            37.615278
          ],
          [
            127.0951344,
            37.6156808
          ],
          [
            127.0943942,
            37.6160098
          ],
          [
            127.0920662,
            37.6172507
          ],
          [
            127.0879876,
            37.6190649
          ],
          [
            127.0872075,
            37.6214697
          ],
          [
            127.0856889,
            37.6266497
          ],
          [
            127.0850461,
            37.6280248
          ],
          [
            127.0855377,
            37.6282026
          ],
          [
            127.0848164,
            37.6297648
          ],
          [
            127.0844119,
            37.6308004
          ],
          [
            127.0841023,
            37.6321134
          ],
          [
            127.0833256,
            37.6366482
          ],
          [
            127.0815714,
            37.6376985
          ],
          [
            127.0821347,
            37.6381806
          ],
          [
            127.0825277,
            37.6385786
          ],
          [
            127.0828563,
            37.6392677
          ],
          [
            127.0829493,
            37.6398176
          ],
          [
            127.0829764,
            37.6408084
          ],
          [
            127.0830483,
            37.6412346
          ],
          [
            127.0833769,
            37.6424742
          ],
          [
            127.0833602,
            37.6431726
          ],
          [
            127.0833437,
            37.6440055
          ],
          [
            127.083105,
            37.6445227
          ],
          [
            127.0828303,
            37.6448965
          ],
          [
            127.0823926,
            37.6453315
          ],
          [
            127.0821694,
            37.6456305
          ],
          [
            127.0820164,
            37.6466736
          ],
          [
            127.0822567,
            37.6467203
          ]
        ]
      },
      "properties": {
        "osm_type": "way",
        "osm_id": 1102490853,
        "sido": "서울특별시",
        "power_type": "cable",
        "name": "",
        "description": "",
        "voltage": "154000",
        "cables": "",
        "circuits": "2",
        "frequency": "60",
        "operator": "",
        "wires": ""
      }
    },
    {
      "type": "Feature",
      "geometry": {
        "type": "LineString",
        "coordinates": [
          [
            127.1045765,
            37.513715
          ],
          [
            127.1049575,
            37.5130766
          ],
          [
            127.1082652,
            37.5119644
          ],
          [
            127.1121778,
            37.5103846
          ]
        ]
      },
      "properties": {
        "osm_type": "way",
        "osm_id": 1102519402,
        "sido": "서울특별시",
        "power_type": "cable",
        "name": "",
        "description": "",
        "voltage": "154000",
        "cables": "6",
        "circuits": "2",
        "frequency": "60",
        "operator": "",
        "wires": ""
      }
    },
    {
      "type": "Feature",
      "geometry": {
        "type": "LineString",
        "coordinates": [
          [
            127.0124859,
            37.4941546
          ],
          [
            127.012537,
            37.4940351
          ],
          [
            127.015302,
            37.4948855
          ],
          [
            127.0165883,
            37.4949834
          ],
          [
            127.0194277,
            37.4958504
          ],
          [
            127.0206921,
            37.496676
          ],
          [
            127.0212948,
            37.4949593
          ],
          [
            127.0240489,
            37.4880912
          ],
          [
            127.0252546,
            37.4875619
          ],
          [
            127.0262365,
            37.4871307
          ],
          [
            127.0275171,
            37.4867529
          ],
          [
            127.0269918,
            37.4856348
          ],
          [
            127.027236,
            37.4855168
          ]
        ]
      },
      "properties": {
        "osm_type": "way",
        "osm_id": 1102519403,
        "sido": "서울특별시",
        "power_type": "cable",
        "name": "",
        "description": "",
        "voltage": "154000",
        "cables": "",
        "circuits": "2",
        "frequency": "60",
        "operator": "",
        "wires": ""
      }
    },
    {
      "type": "Feature",
      "geometry": {
        "type": "LineString",
        "coordinates": [
          [
            126.9748778,
            37.5730952
          ],
          [
            126.9745842,
            37.5730892
          ],
          [
            126.9747406,
            37.5721463
          ],
          [
            126.9753655,
            37.5715645
          ],
          [
            126.9757978,
            37.5709521
          ],
          [
            126.9763735,
            37.5704415
          ],
          [
            126.9770963,
            37.5698006
          ],
          [
            126.9780267,
            37.5689872
          ],
          [
            126.9826493,
            37.568728
          ],
          [
            126.9866614,
            37.5679887
          ],
          [
            126.9875312,
            37.5679578
          ],
          [
            126.9876579,
            37.5679533
          ],
          [
            126.9880961,
            37.5680128
          ],
          [
            126.9885779,
            37.5681444
          ],
          [
            126.9888239,
            37.5682809
          ]
        ]
      },
      "properties": {
        "osm_type": "way",
        "osm_id": 1102519405,
        "sido": "서울특별시",
        "power_type": "cable",
        "name": "",
        "description": "",
        "voltage": "154000",
        "cables": "",
        "circuits": "2",
        "frequency": "60",
        "operator": "",
        "wires": ""
      }
    },
    {
      "type": "Feature",
      "geometry": {
        "type": "LineString",
        "coordinates": [
          [
            126.9302248,
            37.5278015
          ],
          [
            126.9301068,
            37.5279141
          ],
          [
            126.9298089,
            37.52774
          ],
          [
            126.9270223,
            37.5261111
          ],
          [
            126.9212617,
            37.5317681
          ],
          [
            126.9155779,
            37.5281828
          ]
        ]
      },
      "properties": {
        "osm_type": "way",
        "osm_id": 1102603612,
        "sido": "서울특별시",
        "power_type": "cable",
        "name": "",
        "description": "",
        "voltage": "154000",
        "cables": "",
        "circuits": "2",
        "frequency": "60",
        "operator": "",
        "wires": ""
      }
    },
    {
      "type": "Feature",
      "geometry": {
        "type": "LineString",
        "coordinates": [
          [
            127.0122229,
            37.4858042
          ],
          [
            127.0121646,
            37.485787
          ],
          [
            127.0127043,
            37.4843313
          ],
          [
            127.0176499,
            37.4852939
          ],
          [
            127.0252546,
            37.4875619
          ]
        ]
      },
      "properties": {
        "osm_type": "way",
        "osm_id": 1102603614,
        "sido": "서울특별시",
        "power_type": "cable",
        "name": "",
        "description": "",
        "voltage": "154000",
        "cables": "",
        "circuits": "2",
        "frequency": "",
        "operator": "",
        "wires": ""
      }
    },
    {
      "type": "Feature",
      "geometry": {
        "type": "LineString",
        "coordinates": [
          [
            127.0341657,
            37.5195534
          ],
          [
            127.0346271,
            37.5196565
          ],
          [
            127.035289,
            37.5182621
          ],
          [
            127.0353207,
            37.5181411
          ],
          [
            127.0353997,
            37.5170908
          ],
          [
            127.0343842,
            37.5153221
          ],
          [
            127.0412779,
            37.5172027
          ],
          [
            127.0438847,
            37.5102644
          ],
          [
            127.0532582,
            37.5130137
          ],
          [
            127.056285,
            37.5135359
          ],
          [
            127.0575916,
            37.5112285
          ],
          [
            127.0580472,
            37.5113766
          ]
        ]
      },
      "properties": {
        "osm_type": "way",
        "osm_id": 1102603615,
        "sido": "서울특별시",
        "power_type": "cable",
        "name": "",
        "description": "",
        "voltage": "154000",
        "cables": "",
        "circuits": "2",
        "frequency": "60",
        "operator": "",
        "wires": ""
      }
    },
    {
      "type": "Feature",
      "geometry": {
        "type": "LineString",
        "coordinates": [
          [
            127.0275745,
            37.4850884
          ],
          [
            127.0271427,
            37.4845171
          ],
          [
            127.0288688,
            37.4836767
          ],
          [
            127.0341984,
            37.4844233
          ],
          [
            127.0438074,
            37.4857484
          ],
          [
            127.0442343,
            37.4858136
          ],
          [
            127.0446222,
            37.4858895
          ],
          [
            127.0450165,
            37.4860039
          ],
          [
            127.0454713,
            37.4861903
          ],
          [
            127.0497552,
            37.4881421
          ],
          [
            127.0502987,
            37.4871169
          ],
          [
            127.0535782,
            37.4809314
          ],
          [
            127.058812,
            37.475667
          ],
          [
            127.0681209,
            37.4808868
          ],
          [
            127.0726187,
            37.4838851
          ],
          [
            127.0732893,
            37.4843561
          ],
          [
            127.0738085,
            37.4838902
          ]
        ]
      },
      "properties": {
        "osm_type": "way",
        "osm_id": 1102603616,
        "sido": "서울특별시",
        "power_type": "cable",
        "name": "",
        "description": "",
        "voltage": "154000",
        "cables": "",
        "circuits": "2",
        "frequency": "60",
        "operator": "",
        "wires": ""
      }
    },
    {
      "type": "Feature",
      "geometry": {
        "type": "LineString",
        "coordinates": [
          [
            127.0502987,
            37.4871169
          ],
          [
            127.053873,
            37.4887365
          ],
          [
            127.0541202,
            37.4883871
          ]
        ]
      },
      "properties": {
        "osm_type": "way",
        "osm_id": 1102603617,
        "sido": "서울특별시",
        "power_type": "cable",
        "name": "",
        "description": "",
        "voltage": "154000",
        "cables": "",
        "circuits": "2",
        "frequency": "60",
        "operator": "",
        "wires": ""
      }
    },
    {
      "type": "Feature",
      "geometry": {
        "type": "LineString",
        "coordinates": [
          [
            127.058812,
            37.475667
          ],
          [
            127.0558517,
            37.4741426
          ],
          [
            127.0527641,
            37.472232
          ],
          [
            127.0512045,
            37.4711814
          ],
          [
            127.048656,
            37.4694514
          ],
          [
            127.0461735,
            37.4676431
          ],
          [
            127.0466437,
            37.4668407
          ],
          [
            127.046517,
            37.4659576
          ]
        ]
      },
      "properties": {
        "osm_type": "way",
        "osm_id": 1102603618,
        "sido": "서울특별시",
        "power_type": "cable",
        "name": "",
        "description": "",
        "voltage": "154000",
        "cables": "",
        "circuits": "2",
        "frequency": "60",
        "operator": "",
        "wires": ""
      }
    },
    {
      "type": "Feature",
      "geometry": {
        "type": "LineString",
        "coordinates": [
          [
            127.0739543,
            37.4837504
          ],
          [
            127.0750943,
            37.4827308
          ],
          [
            127.0770212,
            37.4829658
          ],
          [
            127.0774185,
            37.4827133
          ],
          [
            127.0778646,
            37.4825712
          ],
          [
            127.0783471,
            37.482499
          ],
          [
            127.0788999,
            37.4824796
          ],
          [
            127.0793848,
            37.4825188
          ],
          [
            127.0911676,
            37.4841472
          ],
          [
            127.0919076,
            37.4842282
          ],
          [
            127.0927369,
            37.4842768
          ],
          [
            127.0952563,
            37.4842246
          ],
          [
            127.095798,
            37.4843016
          ],
          [
            127.0962762,
            37.4844737
          ],
          [
            127.0970613,
            37.4849623
          ],
          [
            127.0988454,
            37.4861718
          ],
          [
            127.099177,
            37.4863889
          ],
          [
            127.0995578,
            37.4865541
          ],
          [
            127.1001109,
            37.4867514
          ],
          [
            127.100881,
            37.4867476
          ],
          [
            127.1021319,
            37.4866063
          ],
          [
            127.1033022,
            37.4864386
          ],
          [
            127.1074642,
            37.4862729
          ],
          [
            127.1075598,
            37.4860882
          ]
        ]
      },
      "properties": {
        "osm_type": "way",
        "osm_id": 1102603619,
        "sido": "서울특별시",
        "power_type": "cable",
        "name": "",
        "description": "",
        "voltage": "154000",
        "cables": "",
        "circuits": "2",
        "frequency": "60",
        "operator": "",
        "wires": ""
      }
    },
    {
      "type": "Feature",
      "geometry": {
        "type": "LineString",
        "coordinates": [
          [
            126.9690077,
            37.5824653
          ],
          [
            126.9698978,
            37.5824703
          ],
          [
            126.9704661,
            37.5825238
          ],
          [
            126.9706592,
            37.581974
          ],
          [
            126.9707832,
            37.5814305
          ],
          [
            126.9711133,
            37.580361
          ],
          [
            126.9712877,
            37.5794372
          ],
          [
            126.971672,
            37.5782207
          ],
          [
            126.9719229,
            37.5778235
          ],
          [
            126.9722554,
            37.577065
          ],
          [
            126.9724062,
            37.5765561
          ],
          [
            126.9725232,
            37.5759185
          ],
          [
            126.9725368,
            37.5758444
          ],
          [
            126.97263,
            37.5755033
          ],
          [
            126.9729754,
            37.5750203
          ],
          [
            126.973133,
            37.5746946
          ],
          [
            126.9734294,
            37.5740072
          ],
          [
            126.973806,
            37.5732394
          ],
          [
            126.9745935,
            37.5732574
          ],
          [
            126.9748767,
            37.5731168
          ]
        ]
      },
      "properties": {
        "osm_type": "way",
        "osm_id": 1102603620,
        "sido": "서울특별시",
        "power_type": "cable",
        "name": "",
        "description": "",
        "voltage": "154000",
        "cables": "",
        "circuits": "2",
        "frequency": "60",
        "operator": "",
        "wires": ""
      }
    },
    {
      "type": "Feature",
      "geometry": {
        "type": "LineString",
        "coordinates": [
          [
            127.0287081,
            37.6137202
          ],
          [
            127.0288003,
            37.6137202
          ],
          [
            127.0289578,
            37.6134479
          ],
          [
            127.0299824,
            37.613652
          ],
          [
            127.0301176,
            37.6116906
          ],
          [
            127.0301108,
            37.6105613
          ],
          [
            127.0300044,
            37.6099118
          ],
          [
            127.0299171,
            37.6092963
          ],
          [
            127.0296907,
            37.6087085
          ],
          [
            127.0292719,
            37.608212
          ],
          [
            127.028807,
            37.6076606
          ],
          [
            127.0263795,
            37.605433
          ],
          [
            127.025009,
            37.6043332
          ],
          [
            127.0249797,
            37.604311
          ],
          [
            127.0248418,
            37.6042066
          ],
          [
            127.0248153,
            37.6041915
          ],
          [
            127.0236056,
            37.6034619
          ],
          [
            127.0224212,
            37.6027003
          ],
          [
            127.0222175,
            37.6024945
          ],
          [
            127.0221143,
            37.6021423
          ],
          [
            127.02193,
            37.601367
          ],
          [
            127.0217712,
            37.6004717
          ],
          [
            127.0215582,
            37.5979144
          ],
          [
            127.0214274,
            37.5973705
          ],
          [
            127.0211331,
            37.5966059
          ],
          [
            127.0205168,
            37.595947
          ],
          [
            127.0183692,
            37.5940198
          ],
          [
            127.0172199,
            37.593124
          ],
          [
            127.0166039,
            37.5928018
          ],
          [
            127.0160884,
            37.5926382
          ],
          [
            127.0147382,
            37.5924531
          ],
          [
            127.0139975,
            37.5923067
          ],
          [
            127.0132014,
            37.5919923
          ],
          [
            127.0108934,
            37.5907718
          ],
          [
            127.0108547,
            37.5907513
          ],
          [
            127.0063387,
            37.5886914
          ],
          [
            127.0047937,
            37.5880742
          ],
          [
            127.0032622,
            37.587489
          ],
          [
            127.0026,
            37.5871301
          ],
          [
            127.0020519,
            37.5867173
          ],
          [
            127.0015939,
            37.5862315
          ],
          [
            127.0007193,
            37.5851001
          ],
          [
            126.9990616,
            37.5833649
          ],
          [
            126.996943,
            37.5814897
          ],
          [
            126.9965438,
            37.5811357
          ],
          [
            126.9964559,
            37.5809878
          ],
          [
            126.9963851,
            37.5805593
          ],
          [
            126.9964277,
            37.5802133
          ],
          [
            126.9973429,
            37.5802946
          ],
          [
            126.9973754,
            37.5800344
          ],
          [
            126.9974228,
            37.5801071
          ]
        ]
      },
      "properties": {
        "osm_type": "way",
        "osm_id": 1102603621,
        "sido": "서울특별시",
        "power_type": "cable",
        "name": "",
        "description": "",
        "voltage": "154000",
        "cables": "",
        "circuits": "2",
        "frequency": "60",
        "operator": "",
        "wires": ""
      }
    },
    {
      "type": "Feature",
      "geometry": {
        "type": "LineString",
        "coordinates": [
          [
            127.0107926,
            37.5908779
          ],
          [
            127.0108934,
            37.5907718
          ]
        ]
      },
      "properties": {
        "osm_type": "way",
        "osm_id": 1102603622,
        "sido": "서울특별시",
        "power_type": "cable",
        "name": "",
        "description": "",
        "voltage": "154000",
        "cables": "",
        "circuits": "2",
        "frequency": "60",
        "operator": "",
        "wires": ""
      }
    },
    {
      "type": "Feature",
      "geometry": {
        "type": "LineString",
        "coordinates": [
          [
            127.0412896,
            37.593995
          ],
          [
            127.0414113,
            37.5940219
          ],
          [
            127.0421592,
            37.591936
          ],
          [
            127.0509171,
            37.5914906
          ],
          [
            127.0518528,
            37.5913597
          ],
          [
            127.0534399,
            37.5907153
          ],
          [
            127.0554845,
            37.5901636
          ],
          [
            127.0557338,
            37.5898215
          ]
        ]
      },
      "properties": {
        "osm_type": "way",
        "osm_id": 1102603623,
        "sido": "서울특별시",
        "power_type": "cable",
        "name": "",
        "description": "",
        "voltage": "154000",
        "cables": "",
        "circuits": "2",
        "frequency": "60",
        "operator": "",
        "wires": ""
      }
    },
    {
      "type": "Feature",
      "geometry": {
        "type": "LineString",
        "coordinates": [
          [
            127.0286834,
            37.650772
          ],
          [
            127.036092,
            37.6513998
          ],
          [
            127.0382985,
            37.6550055
          ],
          [
            127.0393515,
            37.6567263
          ],
          [
            127.0416832,
            37.6606483
          ],
          [
            127.0419865,
            37.6612186
          ],
          [
            127.0421601,
            37.6619377
          ],
          [
            127.0425773,
            37.6644134
          ],
          [
            127.0428532,
            37.6660223
          ],
          [
            127.0437246,
            37.67122
          ],
          [
            127.0448432,
            37.6779696
          ],
          [
            127.0457293,
            37.6829333
          ],
          [
            127.0464033,
            37.682842
          ]
        ]
      },
      "properties": {
        "osm_type": "way",
        "osm_id": 1102603624,
        "sido": "서울특별시",
        "power_type": "cable",
        "name": "",
        "description": "",
        "voltage": "154000",
        "cables": "",
        "circuits": "2",
        "frequency": "60",
        "operator": "",
        "wires": ""
      }
    },
    {
      "type": "Feature",
      "geometry": {
        "type": "LineString",
        "coordinates": [
          [
            126.960376,
            37.572045
          ],
          [
            126.9611465,
            37.572377
          ],
          [
            126.9618095,
            37.5724944
          ],
          [
            126.9626227,
            37.5726098
          ],
          [
            126.9635205,
            37.5730156
          ],
          [
            126.9658971,
            37.5740898
          ],
          [
            126.9668151,
            37.5743189
          ],
          [
            126.9675285,
            37.574658
          ],
          [
            126.9685927,
            37.5755071
          ],
          [
            126.9692711,
            37.5759122
          ],
          [
            126.969394,
            37.5759732
          ],
          [
            126.9697551,
            37.5760586
          ],
          [
            126.9704121,
            37.576079
          ],
          [
            126.971905,
            37.575998
          ],
          [
            126.9725232,
            37.5759185
          ]
        ]
      },
      "properties": {
        "osm_type": "way",
        "osm_id": 1103145025,
        "sido": "서울특별시",
        "power_type": "cable",
        "name": "",
        "description": "",
        "voltage": "154000",
        "cables": "",
        "circuits": "2",
        "frequency": "60",
        "operator": "",
        "wires": ""
      }
    },
    {
      "type": "Feature",
      "geometry": {
        "type": "LineString",
        "coordinates": [
          [
            126.9875312,
            37.5679578
          ],
          [
            126.9876405,
            37.5691322
          ],
          [
            126.9876337,
            37.5697007
          ],
          [
            126.987628,
            37.5701781
          ],
          [
            126.9876078,
            37.5714685
          ],
          [
            126.9876884,
            37.5720302
          ],
          [
            126.9877639,
            37.5725566
          ],
          [
            126.9878686,
            37.5731485
          ],
          [
            126.9871975,
            37.5742613
          ],
          [
            126.9865481,
            37.5755516
          ],
          [
            126.9862526,
            37.5764715
          ],
          [
            126.9861855,
            37.5766805
          ],
          [
            126.9861698,
            37.576746
          ],
          [
            126.9861772,
            37.5768199
          ],
          [
            126.9868753,
            37.5771499
          ],
          [
            126.9874373,
            37.5773428
          ],
          [
            126.9878096,
            37.5774279
          ],
          [
            126.9890152,
            37.5774209
          ],
          [
            126.9900468,
            37.5774148
          ],
          [
            126.9917374,
            37.5775801
          ],
          [
            126.9924969,
            37.5775955
          ],
          [
            126.9929368,
            37.5775342
          ],
          [
            126.9932587,
            37.5774628
          ],
          [
            126.9972715,
            37.5759382
          ],
          [
            126.9967379,
            37.5782338
          ],
          [
            126.9964277,
            37.5802133
          ]
        ]
      },
      "properties": {
        "osm_type": "way",
        "osm_id": 1103145026,
        "sido": "서울특별시",
        "power_type": "cable",
        "name": "",
        "description": "",
        "voltage": "154000",
        "cables": "",
        "circuits": "2",
        "frequency": "60",
        "operator": "",
        "wires": ""
      }
    },
    {
      "type": "Feature",
      "geometry": {
        "type": "LineString",
        "coordinates": [
          [
            126.9169997,
            37.5448941
          ],
          [
            126.9183597,
            37.5479209
          ],
          [
            126.9137519,
            37.5488714
          ],
          [
            126.9131903,
            37.5490035
          ],
          [
            126.9264602,
            37.5588624
          ],
          [
            126.935816,
            37.5554906
          ],
          [
            126.9369998,
            37.555057
          ],
          [
            126.9415615,
            37.5566076
          ]
        ]
      },
      "properties": {
        "osm_type": "way",
        "osm_id": 1103145027,
        "sido": "서울특별시",
        "power_type": "cable",
        "name": "",
        "description": "",
        "voltage": "154000",
        "cables": "",
        "circuits": "4",
        "frequency": "60",
        "operator": "",
        "wires": ""
      }
    },
    {
      "type": "Feature",
      "geometry": {
        "type": "LineString",
        "coordinates": [
          [
            127.0163242,
            37.5668308
          ],
          [
            127.01618,
            37.5668298
          ],
          [
            127.0162295,
            37.5653771
          ],
          [
            127.0159817,
            37.5641322
          ],
          [
            127.0098919,
            37.5534315
          ],
          [
            127.0073871,
            37.5482454
          ],
          [
            127.0051377,
            37.547485
          ],
          [
            127.0024271,
            37.545462
          ],
          [
            127.0016112,
            37.5380981
          ],
          [
            126.999318,
            37.5354247
          ],
          [
            126.9997063,
            37.5352961
          ]
        ]
      },
      "properties": {
        "osm_type": "way",
        "osm_id": 1103145028,
        "sido": "서울특별시",
        "power_type": "cable",
        "name": "",
        "description": "",
        "voltage": "154000",
        "cables": "",
        "circuits": "2",
        "frequency": "60",
        "operator": "",
        "wires": ""
      }
    },
    {
      "type": "Feature",
      "geometry": {
        "type": "LineString",
        "coordinates": [
          [
            126.9737671,
            37.5630215
          ],
          [
            126.9756103,
            37.5635436
          ],
          [
            126.9789352,
            37.56596
          ],
          [
            127.0028698,
            37.5668339
          ],
          [
            127.0077388,
            37.566006
          ],
          [
            127.0116757,
            37.5648742
          ],
          [
            127.0189391,
            37.5656646
          ],
          [
            127.0198141,
            37.5656525
          ],
          [
            127.0207009,
            37.5656403
          ],
          [
            127.0243356,
            37.5650566
          ],
          [
            127.0267951,
            37.5649685
          ],
          [
            127.0274324,
            37.5648755
          ],
          [
            127.0292047,
            37.5644085
          ],
          [
            127.0332262,
            37.56266
          ],
          [
            127.0351738,
            37.561428
          ]
        ]
      },
      "properties": {
        "osm_type": "way",
        "osm_id": 1103145029,
        "sido": "서울특별시",
        "power_type": "cable",
        "name": "",
        "description": "",
        "voltage": "154000",
        "cables": "",
        "circuits": "",
        "frequency": "60",
        "operator": "",
        "wires": ""
      }
    },
    {
      "type": "Feature",
      "geometry": {
        "type": "LineString",
        "coordinates": [
          [
            127.1445704,
            37.5060928
          ],
          [
            127.1444108,
            37.5058205
          ],
          [
            127.1398931,
            37.5070042
          ],
          [
            127.1395219,
            37.5071182
          ],
          [
            127.13411,
            37.5093396
          ],
          [
            127.1317989,
            37.5057373
          ],
          [
            127.1266323,
            37.5003724
          ],
          [
            127.1245265,
            37.4959388
          ],
          [
            127.1233559,
            37.4949656
          ],
          [
            127.1186783,
            37.4925511
          ]
        ]
      },
      "properties": {
        "osm_type": "way",
        "osm_id": 1103145030,
        "sido": "서울특별시",
        "power_type": "cable",
        "name": "",
        "description": "",
        "voltage": "154000",
        "cables": "",
        "circuits": "",
        "frequency": "60",
        "operator": "",
        "wires": ""
      }
    },
    {
      "type": "Feature",
      "geometry": {
        "type": "LineString",
        "coordinates": [
          [
            126.8243519,
            37.4915374
          ],
          [
            126.8243945,
            37.4919336
          ],
          [
            126.8280338,
            37.4909768
          ],
          [
            126.8280851,
            37.4909633
          ],
          [
            126.8325967,
            37.4914813
          ],
          [
            126.832837,
            37.4915089
          ],
          [
            126.8342156,
            37.4894973
          ],
          [
            126.8380727,
            37.487741
          ],
          [
            126.8403465,
            37.4841418
          ],
          [
            126.8426063,
            37.4828461
          ],
          [
            126.8543734,
            37.4794442
          ]
        ]
      },
      "properties": {
        "osm_type": "way",
        "osm_id": 1103145032,
        "sido": "서울특별시",
        "power_type": "cable",
        "name": "",
        "description": "",
        "voltage": "154000",
        "cables": "",
        "circuits": "2",
        "frequency": "60",
        "operator": "",
        "wires": ""
      }
    },
    {
      "type": "Feature",
      "geometry": {
        "type": "LineString",
        "coordinates": [
          [
            126.8868316,
            37.5378766
          ],
          [
            126.8807812,
            37.5357386
          ]
        ]
      },
      "properties": {
        "osm_type": "way",
        "osm_id": 1103145036,
        "sido": "서울특별시",
        "power_type": "cable",
        "name": "",
        "description": "",
        "voltage": "154000",
        "cables": "",
        "circuits": "",
        "frequency": "60",
        "operator": "",
        "wires": ""
      }
    },
    {
      "type": "Feature",
      "geometry": {
        "type": "LineString",
        "coordinates": [
          [
            126.9302719,
            37.5278297
          ],
          [
            126.9301565,
            37.5279421
          ],
          [
            126.9306976,
            37.5282901
          ],
          [
            126.9326033,
            37.5268343
          ],
          [
            126.9241662,
            37.5216658
          ],
          [
            126.9283927,
            37.5173282
          ],
          [
            126.929296,
            37.5170226
          ],
          [
            126.9318309,
            37.5141923
          ],
          [
            126.9318159,
            37.5133808
          ],
          [
            126.9383586,
            37.5135319
          ],
          [
            126.9446091,
            37.5138498
          ],
          [
            126.9446827,
            37.5138568
          ],
          [
            126.9451682,
            37.5138195
          ],
          [
            126.9457585,
            37.5136811
          ],
          [
            126.9458156,
            37.5138276
          ]
        ]
      },
      "properties": {
        "osm_type": "way",
        "osm_id": 1103145038,
        "sido": "서울특별시",
        "power_type": "cable",
        "name": "",
        "description": "",
        "voltage": "154000",
        "cables": "",
        "circuits": "1",
        "frequency": "60",
        "operator": "",
        "wires": ""
      }
    },
    {
      "type": "Feature",
      "geometry": {
        "type": "LineString",
        "coordinates": [
          [
            126.8543734,
            37.4794442
          ],
          [
            126.8566675,
            37.4843853
          ],
          [
            126.8566394,
            37.4849523
          ],
          [
            126.8612186,
            37.4904023
          ],
          [
            126.8616972,
            37.4907246
          ],
          [
            126.8621699,
            37.490968
          ],
          [
            126.8627575,
            37.4911363
          ],
          [
            126.8636635,
            37.491331
          ],
          [
            126.8644814,
            37.4915416
          ],
          [
            126.8651595,
            37.4919451
          ],
          [
            126.865864,
            37.4925139
          ],
          [
            126.8660442,
            37.4932698
          ],
          [
            126.8668789,
            37.493842
          ],
          [
            126.8669476,
            37.4945434
          ],
          [
            126.8675776,
            37.4954523
          ],
          [
            126.867918,
            37.4962507
          ],
          [
            126.86833,
            37.4973533
          ],
          [
            126.8688455,
            37.4989909
          ],
          [
            126.8703626,
            37.5025165
          ],
          [
            126.8725924,
            37.5092178
          ],
          [
            126.8730832,
            37.5099626
          ],
          [
            126.8771189,
            37.5144329
          ],
          [
            126.8775559,
            37.5170596
          ],
          [
            126.8816152,
            37.5211368
          ],
          [
            126.8943086,
            37.5192307
          ],
          [
            126.8943532,
            37.5194058
          ]
        ]
      },
      "properties": {
        "osm_type": "way",
        "osm_id": 1103145039,
        "sido": "서울특별시",
        "power_type": "cable",
        "name": "",
        "description": "",
        "voltage": "345000",
        "cables": "",
        "circuits": "2",
        "frequency": "60",
        "operator": "",
        "wires": ""
      }
    },
    {
      "type": "Feature",
      "geometry": {
        "type": "LineString",
        "coordinates": [
          [
            127.0816356,
            37.5036344
          ],
          [
            127.0815177,
            37.5036682
          ],
          [
            127.0806441,
            37.5021265
          ]
        ]
      },
      "properties": {
        "osm_type": "way",
        "osm_id": 1103145040,
        "sido": "서울특별시",
        "power_type": "cable",
        "name": "",
        "description": "",
        "voltage": "154000",
        "cables": "6",
        "circuits": "2",
        "frequency": "60",
        "operator": "",
        "wires": ""
      }
    },
    {
      "type": "Feature",
      "geometry": {
        "type": "LineString",
        "coordinates": [
          [
            127.0806441,
            37.5021265
          ],
          [
            127.0804557,
            37.5016867
          ],
          [
            127.0822437,
            37.499508
          ],
          [
            127.0855208,
            37.4985808
          ],
          [
            127.0887049,
            37.4975255
          ],
          [
            127.0919247,
            37.4964263
          ],
          [
            127.0952023,
            37.4953406
          ],
          [
            127.0981119,
            37.4941096
          ],
          [
            127.0995913,
            37.4935245
          ],
          [
            127.1028709,
            37.492006
          ],
          [
            127.1057126,
            37.4898461
          ],
          [
            127.1070968,
            37.4882113
          ],
          [
            127.1084152,
            37.486596
          ],
          [
            127.1090671,
            37.4856945
          ],
          [
            127.1104507,
            37.4839328
          ],
          [
            127.1116708,
            37.4823423
          ],
          [
            127.1130902,
            37.4804176
          ],
          [
            127.1146639,
            37.4781998
          ],
          [
            127.1179564,
            37.4772377
          ],
          [
            127.1190322,
            37.4769198
          ]
        ]
      },
      "properties": {
        "osm_type": "way",
        "osm_id": 1103145041,
        "sido": "서울특별시",
        "power_type": "line",
        "name": "",
        "description": "",
        "voltage": "154000",
        "cables": "6",
        "circuits": "2",
        "frequency": "60",
        "operator": "",
        "wires": ""
      }
    },
    {
      "type": "Feature",
      "geometry": {
        "type": "LineString",
        "coordinates": [
          [
            127.1084152,
            37.486596
          ],
          [
            127.1077832,
            37.4860076
          ]
        ]
      },
      "properties": {
        "osm_type": "way",
        "osm_id": 1103145042,
        "sido": "서울특별시",
        "power_type": "line",
        "name": "",
        "description": "",
        "voltage": "154000",
        "cables": "3",
        "circuits": "1",
        "frequency": "60",
        "operator": "",
        "wires": ""
      }
    },
    {
      "type": "Feature",
      "geometry": {
        "type": "LineString",
        "coordinates": [
          [
            127.1090671,
            37.4856945
          ],
          [
            127.1078674,
            37.4858271
          ]
        ]
      },
      "properties": {
        "osm_type": "way",
        "osm_id": 1103145043,
        "sido": "서울특별시",
        "power_type": "line",
        "name": "",
        "description": "",
        "voltage": "154000",
        "cables": "3",
        "circuits": "1",
        "frequency": "60",
        "operator": "",
        "wires": ""
      }
    },
    {
      "type": "Feature",
      "geometry": {
        "type": "LineString",
        "coordinates": [
          [
            126.8954097,
            37.4461809
          ],
          [
            126.8962604,
            37.4463556
          ]
        ]
      },
      "properties": {
        "osm_type": "way",
        "osm_id": 1103145044,
        "sido": "서울특별시",
        "power_type": "line",
        "name": "",
        "description": "",
        "voltage": "154000",
        "cables": "6",
        "circuits": "2",
        "frequency": "60",
        "operator": "",
        "wires": ""
      }
    },
    {
      "type": "Feature",
      "geometry": {
        "type": "LineString",
        "coordinates": [
          [
            126.8962604,
            37.4463556
          ],
          [
            126.8970936,
            37.4438669
          ]
        ]
      },
      "properties": {
        "osm_type": "way",
        "osm_id": 1103145045,
        "sido": "서울특별시",
        "power_type": "line",
        "name": "",
        "description": "",
        "voltage": "154000",
        "cables": "3",
        "circuits": "1",
        "frequency": "60",
        "operator": "",
        "wires": ""
      }
    },
    {
      "type": "Feature",
      "geometry": {
        "type": "LineString",
        "coordinates": [
          [
            126.8871401,
            37.4449307
          ],
          [
            126.8872694,
            37.445237
          ],
          [
            126.8884079,
            37.4450362
          ],
          [
            126.8892056,
            37.4450041
          ],
          [
            126.8902102,
            37.4451056
          ],
          [
            126.8913332,
            37.4453718
          ],
          [
            126.8928312,
            37.4459554
          ],
          [
            126.8949348,
            37.4468613
          ],
          [
            126.8954097,
            37.4461809
          ]
        ]
      },
      "properties": {
        "osm_type": "way",
        "osm_id": 1103145048,
        "sido": "서울특별시",
        "power_type": "cable",
        "name": "",
        "description": "",
        "voltage": "154000",
        "cables": "",
        "circuits": "2",
        "frequency": "60",
        "operator": "",
        "wires": ""
      }
    },
    {
      "type": "Feature",
      "geometry": {
        "type": "LineString",
        "coordinates": [
          [
            127.0557338,
            37.5898215
          ],
          [
            127.0538923,
            37.5882833
          ],
          [
            127.0514263,
            37.5854933
          ],
          [
            127.051222,
            37.5817078
          ],
          [
            127.0509573,
            37.5802457
          ],
          [
            127.0495999,
            37.5786085
          ],
          [
            127.0458246,
            37.5738676
          ],
          [
            127.0442424,
            37.5721465
          ],
          [
            127.0401467,
            37.5680031
          ],
          [
            127.0399544,
            37.5680829
          ]
        ]
      },
      "properties": {
        "osm_type": "way",
        "osm_id": 1103145049,
        "sido": "서울특별시",
        "power_type": "cable",
        "name": "",
        "description": "",
        "voltage": "345000",
        "cables": "",
        "circuits": "3",
        "frequency": "60",
        "operator": "",
        "wires": ""
      }
    },
    {
      "type": "Feature",
      "geometry": {
        "type": "LineString",
        "coordinates": [
          [
            127.0685016,
            37.5920489
          ],
          [
            127.0684561,
            37.5921623
          ]
        ]
      },
      "properties": {
        "osm_type": "way",
        "osm_id": 1103145050,
        "sido": "서울특별시",
        "power_type": "cable",
        "name": "",
        "description": "",
        "voltage": "154000",
        "cables": "",
        "circuits": "4",
        "frequency": "60",
        "operator": "",
        "wires": ""
      }
    },
    {
      "type": "Feature",
      "geometry": {
        "type": "LineString",
        "coordinates": [
          [
            127.0972466,
            37.5993199
          ],
          [
            127.0957508,
            37.6035757
          ],
          [
            127.0955528,
            37.6043638
          ],
          [
            127.0954345,
            37.6053467
          ],
          [
            127.095143,
            37.6075571
          ],
          [
            127.095221,
            37.6083336
          ],
          [
            127.0958304,
            37.6094283
          ],
          [
            127.0959916,
            37.6099134
          ],
          [
            127.0961155,
            37.610581
          ],
          [
            127.0958856,
            37.6106098
          ]
        ]
      },
      "properties": {
        "osm_type": "way",
        "osm_id": 1103145051,
        "sido": "서울특별시",
        "power_type": "cable",
        "name": "",
        "description": "",
        "voltage": "154000",
        "cables": "",
        "circuits": "4",
        "frequency": "60",
        "operator": "",
        "wires": ""
      }
    },
    {
      "type": "Feature",
      "geometry": {
        "type": "LineString",
        "coordinates": [
          [
            127.0650085,
            37.5116985
          ],
          [
            127.0651496,
            37.5114349
          ],
          [
            127.0619067,
            37.5104232
          ],
          [
            127.0626672,
            37.5088928
          ],
          [
            127.0560009,
            37.5068047
          ],
          [
            127.0563688,
            37.5060923
          ]
        ]
      },
      "properties": {
        "osm_type": "way",
        "osm_id": 1103145052,
        "sido": "서울특별시",
        "power_type": "cable",
        "name": "",
        "description": "",
        "voltage": "154000",
        "cables": "",
        "circuits": "2",
        "frequency": "60",
        "operator": "",
        "wires": ""
      }
    },
    {
      "type": "Feature",
      "geometry": {
        "type": "LineString",
        "coordinates": [
          [
            127.118542,
            37.494588
          ],
          [
            127.1176471,
            37.494114
          ],
          [
            127.1192335,
            37.4923924
          ],
          [
            127.1269247,
            37.4778794
          ],
          [
            127.1271834,
            37.4772646
          ],
          [
            127.127384,
            37.4761187
          ],
          [
            127.1318829,
            37.47599
          ]
        ]
      },
      "properties": {
        "osm_type": "way",
        "osm_id": 1103145053,
        "sido": "서울특별시",
        "power_type": "cable",
        "name": "",
        "description": "",
        "voltage": "154000",
        "cables": "",
        "circuits": "",
        "frequency": "60",
        "operator": "",
        "wires": ""
      }
    },
    {
      "type": "Feature",
      "geometry": {
        "type": "LineString",
        "coordinates": [
          [
            127.1045411,
            37.5137854
          ],
          [
            127.103987,
            37.5147924
          ],
          [
            127.1129264,
            37.5177356
          ],
          [
            127.1178638,
            37.5256049
          ],
          [
            127.1146074,
            37.52697
          ],
          [
            127.1129439,
            37.5272457
          ],
          [
            127.1125287,
            37.5267747
          ]
        ]
      },
      "properties": {
        "osm_type": "way",
        "osm_id": 1103145054,
        "sido": "서울특별시",
        "power_type": "cable",
        "name": "",
        "description": "",
        "voltage": "154000",
        "cables": "2",
        "circuits": "1",
        "frequency": "60",
        "operator": "",
        "wires": ""
      }
    },
    {
      "type": "Feature",
      "geometry": {
        "type": "LineString",
        "coordinates": [
          [
            126.9890152,
            37.5775624
          ],
          [
            126.9890152,
            37.5774209
          ]
        ]
      },
      "properties": {
        "osm_type": "way",
        "osm_id": 1103145055,
        "sido": "서울특별시",
        "power_type": "cable",
        "name": "",
        "description": "",
        "voltage": "154000",
        "cables": "",
        "circuits": "",
        "frequency": "60",
        "operator": "",
        "wires": ""
      }
    },
    {
      "type": "Feature",
      "geometry": {
        "type": "LineString",
        "coordinates": [
          [
            127.0294305,
            37.583042
          ],
          [
            127.0391662,
            37.5757147
          ]
        ]
      },
      "properties": {
        "osm_type": "way",
        "osm_id": 1103145056,
        "sido": "서울특별시",
        "power_type": "cable",
        "name": "",
        "description": "",
        "voltage": "154000",
        "cables": "",
        "circuits": "",
        "frequency": "60",
        "operator": "",
        "wires": ""
      }
    },
    {
      "type": "Feature",
      "geometry": {
        "type": "LineString",
        "coordinates": [
          [
            127.1659535,
            37.5100285
          ],
          [
            127.1635516,
            37.5088014
          ],
          [
            127.1614902,
            37.505075
          ],
          [
            127.1621233,
            37.5048188
          ],
          [
            127.1625846,
            37.5045227
          ],
          [
            127.1630489,
            37.5041495
          ],
          [
            127.1634393,
            37.5037257
          ],
          [
            127.1636884,
            37.5032596
          ],
          [
            127.1637475,
            37.5026924
          ],
          [
            127.1637142,
            37.5021338
          ],
          [
            127.1635708,
            37.5016278
          ],
          [
            127.1633977,
            37.501115
          ],
          [
            127.1633266,
            37.5006135
          ],
          [
            127.1634001,
            37.4991354
          ],
          [
            127.1634215,
            37.498651
          ],
          [
            127.163294,
            37.4982224
          ],
          [
            127.1630287,
            37.4978653
          ],
          [
            127.1625566,
            37.4975353
          ],
          [
            127.1617656,
            37.4973949
          ],
          [
            127.1611322,
            37.4974054
          ],
          [
            127.1609714,
            37.4972971
          ],
          [
            127.1608135,
            37.4967601
          ],
          [
            127.1607934,
            37.4956887
          ],
          [
            127.1607427,
            37.4950009
          ],
          [
            127.1608454,
            37.494266
          ],
          [
            127.1608735,
            37.492975
          ],
          [
            127.1607766,
            37.4922814
          ],
          [
            127.1604602,
            37.4913865
          ],
          [
            127.1600668,
            37.4908797
          ],
          [
            127.159319,
            37.4901016
          ],
          [
            127.1586091,
            37.489681
          ],
          [
            127.1504054,
            37.4851716
          ],
          [
            127.1500031,
            37.4848818
          ],
          [
            127.149737,
            37.4846118
          ],
          [
            127.1494118,
            37.4841798
          ],
          [
            127.148263,
            37.4824424
          ],
          [
            127.150922,
            37.4823271
          ],
          [
            127.1508802,
            37.48164
          ],
          [
            127.1510108,
            37.4816344
          ]
        ]
      },
      "properties": {
        "osm_type": "way",
        "osm_id": 1103794660,
        "sido": "서울특별시",
        "power_type": "cable",
        "name": "",
        "description": "",
        "voltage": "154000",
        "cables": "",
        "circuits": "2",
        "frequency": "60",
        "operator": "",
        "wires": ""
      }
    },
    {
      "type": "Feature",
      "geometry": {
        "type": "LineString",
        "coordinates": [
          [
            127.1190322,
            37.4769198
          ],
          [
            127.1329544,
            37.4663989
          ],
          [
            127.1393941,
            37.4636939
          ],
          [
            127.1468402,
            37.4595442
          ],
          [
            127.1474061,
            37.4601829
          ]
        ]
      },
      "properties": {
        "osm_type": "way",
        "osm_id": 1103794662,
        "sido": "서울특별시",
        "power_type": "cable",
        "name": "",
        "description": "",
        "voltage": "154000",
        "cables": "",
        "circuits": "2",
        "frequency": "60",
        "operator": "",
        "wires": ""
      }
    },
    {
      "type": "Feature",
      "geometry": {
        "type": "LineString",
        "coordinates": [
          [
            127.0819413,
            37.5037347
          ],
          [
            127.082042,
            37.5037069
          ],
          [
            127.0830649,
            37.5058978
          ],
          [
            127.0926681,
            37.5031156
          ],
          [
            127.094046,
            37.5028132
          ],
          [
            127.0953463,
            37.5026123
          ],
          [
            127.0970501,
            37.5025241
          ],
          [
            127.0986809,
            37.5026535
          ],
          [
            127.1002623,
            37.502907
          ],
          [
            127.1016538,
            37.5033303
          ],
          [
            127.1053715,
            37.5045058
          ],
          [
            127.1064873,
            37.5049831
          ],
          [
            127.107791,
            37.5057017
          ],
          [
            127.1089163,
            37.5064466
          ],
          [
            127.1096448,
            37.5070154
          ],
          [
            127.110443,
            37.5078427
          ],
          [
            127.1110552,
            37.50863
          ],
          [
            127.1118566,
            37.5098681
          ],
          [
            127.1121778,
            37.5103846
          ],
          [
            127.1131469,
            37.5119432
          ],
          [
            127.1202177,
            37.5091392
          ],
          [
            127.1198059,
            37.5084962
          ],
          [
            127.119688,
            37.5085422
          ]
        ]
      },
      "properties": {
        "osm_type": "way",
        "osm_id": 1103794663,
        "sido": "서울특별시",
        "power_type": "cable",
        "name": "",
        "description": "",
        "voltage": "154000",
        "cables": "",
        "circuits": "",
        "frequency": "60",
        "operator": "",
        "wires": ""
      }
    },
    {
      "type": "Feature",
      "geometry": {
        "type": "LineString",
        "coordinates": [
          [
            127.0274052,
            37.485736
          ],
          [
            127.0283437,
            37.4884829
          ],
          [
            127.0308134,
            37.4893618
          ],
          [
            127.0316861,
            37.4896344
          ],
          [
            127.0323838,
            37.4898523
          ]
        ]
      },
      "properties": {
        "osm_type": "way",
        "osm_id": 1103794664,
        "sido": "서울특별시",
        "power_type": "cable",
        "name": "",
        "description": "",
        "voltage": "154000",
        "cables": "",
        "circuits": "",
        "frequency": "60",
        "operator": "",
        "wires": ""
      }
    },
    {
      "type": "Feature",
      "geometry": {
        "type": "LineString",
        "coordinates": [
          [
            127.0316861,
            37.4896344
          ],
          [
            127.029967,
            37.4932545
          ],
          [
            127.028497,
            37.4963267
          ],
          [
            127.0262358,
            37.5012243
          ],
          [
            127.0235481,
            37.5067701
          ],
          [
            127.0207207,
            37.5127226
          ],
          [
            127.0196573,
            37.5163244
          ],
          [
            127.0281043,
            37.5197937
          ],
          [
            127.0288598,
            37.5200085
          ],
          [
            127.0337969,
            37.5216241
          ]
        ]
      },
      "properties": {
        "osm_type": "way",
        "osm_id": 1103794665,
        "sido": "서울특별시",
        "power_type": "cable",
        "name": "",
        "description": "",
        "voltage": "154000",
        "cables": "",
        "circuits": "3",
        "frequency": "60",
        "operator": "",
        "wires": ""
      }
    },
    {
      "type": "Feature",
      "geometry": {
        "type": "LineString",
        "coordinates": [
          [
            127.0323838,
            37.4898523
          ],
          [
            127.0408133,
            37.4924286
          ],
          [
            127.0369314,
            37.5005053
          ],
          [
            127.0362331,
            37.5003048
          ],
          [
            127.0362877,
            37.5001964
          ]
        ]
      },
      "properties": {
        "osm_type": "way",
        "osm_id": 1103794666,
        "sido": "서울특별시",
        "power_type": "cable",
        "name": "",
        "description": "",
        "voltage": "154000",
        "cables": "",
        "circuits": "2",
        "frequency": "60",
        "operator": "",
        "wires": ""
      }
    },
    {
      "type": "Feature",
      "geometry": {
        "type": "LineString",
        "coordinates": [
          [
            127.056285,
            37.5135359
          ],
          [
            127.0606252,
            37.5142567
          ],
          [
            127.0612218,
            37.5131469
          ],
          [
            127.0640025,
            37.5141152
          ],
          [
            127.0654062,
            37.5115089
          ],
          [
            127.0651496,
            37.5114349
          ]
        ]
      },
      "properties": {
        "osm_type": "way",
        "osm_id": 1103794667,
        "sido": "서울특별시",
        "power_type": "cable",
        "name": "",
        "description": "",
        "voltage": "154000",
        "cables": "",
        "circuits": "2",
        "frequency": "60",
        "operator": "",
        "wires": ""
      }
    },
    {
      "type": "Feature",
      "geometry": {
        "type": "LineString",
        "coordinates": [
          [
            126.9707367,
            37.5605461
          ],
          [
            126.9713732,
            37.5595572
          ],
          [
            126.9717857,
            37.5576874
          ],
          [
            126.9726985,
            37.5561481
          ],
          [
            126.9726987,
            37.5560434
          ],
          [
            126.972681,
            37.5542737
          ],
          [
            126.9727023,
            37.5536502
          ],
          [
            126.9717099,
            37.5492065
          ],
          [
            126.9719494,
            37.5451464
          ],
          [
            126.9741519,
            37.5367852
          ],
          [
            126.9740902,
            37.5356004
          ],
          [
            126.9736525,
            37.5348364
          ],
          [
            126.9733587,
            37.5345431
          ],
          [
            126.9719411,
            37.5331091
          ],
          [
            126.9712921,
            37.5324292
          ],
          [
            126.9712673,
            37.5324029
          ],
          [
            126.9708041,
            37.531907
          ],
          [
            126.9707602,
            37.5318602
          ],
          [
            126.9683477,
            37.5293076
          ],
          [
            126.9635061,
            37.5243186
          ]
        ]
      },
      "properties": {
        "osm_type": "way",
        "osm_id": 1104023104,
        "sido": "서울특별시",
        "power_type": "cable",
        "name": "",
        "description": "",
        "voltage": "154000",
        "cables": "",
        "circuits": "",
        "frequency": "60",
        "operator": "",
        "wires": ""
      }
    },
    {
      "type": "Feature",
      "geometry": {
        "type": "LineString",
        "coordinates": [
          [
            126.999318,
            37.5354247
          ],
          [
            126.9983112,
            37.5348434
          ],
          [
            126.9975206,
            37.5346455
          ],
          [
            126.9957221,
            37.5344946
          ],
          [
            126.9902066,
            37.5341344
          ],
          [
            126.9878413,
            37.5341838
          ],
          [
            126.9864465,
            37.5345309
          ],
          [
            126.9857264,
            37.5348757
          ],
          [
            126.9757794,
            37.534446
          ],
          [
            126.9754677,
            37.5328146
          ],
          [
            126.9741358,
            37.5319864
          ],
          [
            126.9719411,
            37.5331091
          ]
        ]
      },
      "properties": {
        "osm_type": "way",
        "osm_id": 1104023105,
        "sido": "서울특별시",
        "power_type": "cable",
        "name": "",
        "description": "",
        "voltage": "154000",
        "cables": "",
        "circuits": "",
        "frequency": "60",
        "operator": "",
        "wires": ""
      }
    },
    {
      "type": "Feature",
      "geometry": {
        "type": "LineString",
        "coordinates": [
          [
            126.9138483,
            37.6461365
          ],
          [
            126.9099822,
            37.643706
          ]
        ]
      },
      "properties": {
        "osm_type": "way",
        "osm_id": 1105758054,
        "sido": "서울특별시",
        "power_type": "line",
        "name": "",
        "description": "",
        "voltage": "154000",
        "cables": "6",
        "circuits": "2",
        "frequency": "60",
        "operator": "",
        "wires": ""
      }
    },
    {
      "type": "Feature",
      "geometry": {
        "type": "LineString",
        "coordinates": [
          [
            126.8313997,
            37.5751679
          ],
          [
            126.8342952,
            37.5723589
          ],
          [
            126.8345304,
            37.5722602
          ],
          [
            126.8347468,
            37.5721541
          ],
          [
            126.8349575,
            37.5720175
          ],
          [
            126.8362532,
            37.5711557
          ],
          [
            126.8362751,
            37.5707224
          ]
        ]
      },
      "properties": {
        "osm_type": "way",
        "osm_id": 1219283825,
        "sido": "서울특별시",
        "power_type": "cable",
        "name": "",
        "description": "",
        "voltage": "154000",
        "cables": "",
        "circuits": "",
        "frequency": "60",
        "operator": "",
        "wires": ""
      }
    },
    {
      "type": "Feature",
      "geometry": {
        "type": "LineString",
        "coordinates": [
          [
            126.836218,
            37.5707208
          ],
          [
            126.836202,
            37.5710991
          ],
          [
            126.8353718,
            37.5715982
          ],
          [
            126.8348545,
            37.5719379
          ],
          [
            126.8345939,
            37.5720856
          ],
          [
            126.8343227,
            37.5722142
          ],
          [
            126.8339941,
            37.5723257
          ],
          [
            126.8337279,
            37.5723921
          ],
          [
            126.8334732,
            37.5724344
          ],
          [
            126.8332226,
            37.5724637
          ],
          [
            126.8315079,
            37.5725624
          ],
          [
            126.8257414,
            37.5729093
          ],
          [
            126.8248272,
            37.5669191
          ],
          [
            126.8244283,
            37.5646163
          ],
          [
            126.823748,
            37.5600006
          ],
          [
            126.8234398,
            37.5580855
          ],
          [
            126.8233861,
            37.5578826
          ],
          [
            126.8232791,
            37.5576738
          ],
          [
            126.8231565,
            37.5575089
          ],
          [
            126.822983,
            37.557335
          ],
          [
            126.8227467,
            37.557124
          ],
          [
            126.8214874,
            37.5561809
          ],
          [
            126.821321,
            37.5563153
          ]
        ]
      },
      "properties": {
        "osm_type": "way",
        "osm_id": 1219283826,
        "sido": "서울특별시",
        "power_type": "cable",
        "name": "154kV마곡-가양T/L",
        "description": "",
        "voltage": "154000",
        "cables": "6",
        "circuits": "2",
        "frequency": "60",
        "operator": "한국전력공사 남서울본부",
        "wires": ""
      }
    },
    {
      "type": "Feature",
      "geometry": {
        "type": "LineString",
        "coordinates": [
          [
            126.8213112,
            37.5563078
          ],
          [
            126.821475,
            37.5561741
          ],
          [
            126.816302,
            37.5521943
          ],
          [
            126.818652,
            37.5503715
          ],
          [
            126.8189715,
            37.5501089
          ],
          [
            126.8191556,
            37.5499253
          ],
          [
            126.8193409,
            37.5497261
          ],
          [
            126.8195013,
            37.5495128
          ],
          [
            126.8197024,
            37.5491926
          ],
          [
            126.8206665,
            37.5477352
          ],
          [
            126.8209731,
            37.5472472
          ],
          [
            126.8211373,
            37.5469547
          ],
          [
            126.8212405,
            37.5467265
          ],
          [
            126.8216053,
            37.545503
          ],
          [
            126.8237593,
            37.5458298
          ],
          [
            126.8240133,
            37.546392
          ],
          [
            126.8244578,
            37.5483844
          ],
          [
            126.8250288,
            37.5485331
          ]
        ]
      },
      "properties": {
        "osm_type": "way",
        "osm_id": 1220169135,
        "sido": "서울특별시",
        "power_type": "cable",
        "name": "154kV마곡-화곡T/L",
        "description": "",
        "voltage": "154000",
        "cables": "6",
        "circuits": "2",
        "frequency": "60",
        "operator": "한국전력공사 남서울본부",
        "wires": ""
      }
    },
    {
      "type": "Feature",
      "geometry": {
        "type": "LineString",
        "coordinates": [
          [
            126.8213,
            37.5562993
          ],
          [
            126.8214589,
            37.5561754
          ],
          [
            126.8162945,
            37.5522015
          ],
          [
            126.8110107,
            37.5560851
          ],
          [
            126.8096062,
            37.5568792
          ],
          [
            126.8083544,
            37.5559502
          ]
        ]
      },
      "properties": {
        "osm_type": "way",
        "osm_id": 1220169136,
        "sido": "서울특별시",
        "power_type": "cable",
        "name": "",
        "description": "",
        "voltage": "154000",
        "cables": "",
        "circuits": "",
        "frequency": "60",
        "operator": "",
        "wires": ""
      }
    },
    {
      "type": "Feature",
      "geometry": {
        "type": "LineString",
        "coordinates": [
          [
            126.817708,
            37.5392107
          ],
          [
            126.817906,
            37.5392531
          ],
          [
            126.8180862,
            37.5387645
          ],
          [
            126.8187389,
            37.5389571
          ],
          [
            126.8192342,
            37.5390549
          ],
          [
            126.8198493,
            37.5391414
          ],
          [
            126.8206736,
            37.5392165
          ],
          [
            126.8223359,
            37.5392887
          ],
          [
            126.8257646,
            37.539437
          ],
          [
            126.8250971,
            37.5404332
          ],
          [
            126.8249165,
            37.5406515
          ],
          [
            126.822255,
            37.5435911
          ],
          [
            126.8220612,
            37.5438843
          ],
          [
            126.8218939,
            37.5442299
          ],
          [
            126.8214757,
            37.5454439
          ],
          [
            126.8237764,
            37.5458188
          ],
          [
            126.8240429,
            37.5463794
          ],
          [
            126.8244869,
            37.548357
          ],
          [
            126.8250371,
            37.5484974
          ]
        ]
      },
      "properties": {
        "osm_type": "way",
        "osm_id": 1220169137,
        "sido": "서울특별시",
        "power_type": "cable",
        "name": "154kV고강-화곡T/L",
        "description": "",
        "voltage": "154000",
        "cables": "6",
        "circuits": "2",
        "frequency": "60",
        "operator": "한국전력공사 남서울지사",
        "wires": ""
      }
    },
    {
      "type": "Feature",
      "geometry": {
        "type": "LineString",
        "coordinates": [
          [
            126.8086927,
            37.5352358
          ],
          [
            126.8181047,
            37.5387217
          ],
          [
            126.8187587,
            37.5389312
          ],
          [
            126.8192459,
            37.5390367
          ],
          [
            126.8198466,
            37.539123
          ],
          [
            126.8206803,
            37.5391936
          ],
          [
            126.8223406,
            37.5392614
          ],
          [
            126.8257985,
            37.5394204
          ],
          [
            126.8251259,
            37.5404419
          ],
          [
            126.8249407,
            37.5406591
          ],
          [
            126.8222853,
            37.5435954
          ],
          [
            126.8220881,
            37.5438938
          ],
          [
            126.8219169,
            37.5442376
          ],
          [
            126.8214944,
            37.5454333
          ],
          [
            126.8237916,
            37.5458079
          ],
          [
            126.8240676,
            37.5463756
          ],
          [
            126.8245164,
            37.5483297
          ],
          [
            126.8250552,
            37.5484628
          ]
        ]
      },
      "properties": {
        "osm_type": "way",
        "osm_id": 1220197431,
        "sido": "서울특별시",
        "power_type": "cable",
        "name": "154kV중동-화곡T/L",
        "description": "",
        "voltage": "154000",
        "cables": "6",
        "circuits": "2",
        "frequency": "60",
        "operator": "한국전력공사 남서울지사",
        "wires": ""
      }
    },
    {
      "type": "Feature",
      "geometry": {
        "type": "LineString",
        "coordinates": [
          [
            126.8040973,
            37.5797563
          ],
          [
            126.8043997,
            37.5798127
          ]
        ]
      },
      "properties": {
        "osm_type": "way",
        "osm_id": 1383576895,
        "sido": "서울특별시",
        "power_type": "cable",
        "name": "",
        "description": "",
        "voltage": "",
        "cables": "",
        "circuits": "",
        "frequency": "",
        "operator": "",
        "wires": ""
      }
    }
  ]
}