{
  "type": "FeatureCollection",
  "features": [
    {
      "type": "Feature",
      "geometry": {
        "type": "Point",
        "coordinates": [
          127.0643924,
          37.5471772
        ]
      },
      "properties": {
        "osm_type": "node",
        "osm_id": 10083186315,
        "sido": "서울특별시",
        "name": "성수변전소",
        "name_en": "Seongsu Substation",
        "substation_type": "industrial",
        "voltage": "",
        "frequency": "",
        "operator": "서울교통공사",
        "location": ""
      }
    },
    {
      "type": "Feature",
      "geometry": {
        "type": "Point",
        "coordinates": [
          127.0844515,
          37.5667664
        ]
      },
      "properties": {
        "osm_type": "node",
        "osm_id": 10083209039,
        "sido": "서울특별시",
        "name": "화양변전소",
        "name_en": "Hwayang Substation",
        "substation_type": "distribution",
        "voltage": "154000",
        "frequency": "60",
        "operator": "한국전력공사",
        "location": ""
      }
    },
    {
      "type": "Feature",
      "geometry": {
        "type": "Point",
        "coordinates": [
          127.0956959,
          37.5358559
        ]
      },
      "properties": {
        "osm_type": "node",
        "osm_id": 10083209052,
        "sido": "서울특별시",
        "name": "구의변전소",
        "name_en": "Guui Substation",
        "substation_type": "distribution",
        "voltage": "154000",
        "frequency": "60",
        "operator": "한국전력공사",
        "location": ""
      }
    },
    {
      "type": "Feature",
      "geometry": {
        "type": "Point",
        "coordinates": [
          127.0341401,
          37.5196202
        ]
      },
      "properties": {
        "osm_type": "node",
        "osm_id": 10083512808,
        "sido": "서울특별시",
        "name": "논현변전소",
        "name_en": "Nonhyeon Substation",
        "substation_type": "distribution",
        "voltage": "154000",
        "frequency": "",
        "operator": "한국전력공사",
        "location": "indoor"
      }
    },
    {
      "type": "Feature",
      "geometry": {
        "type": "Point",
        "coordinates": [
          127.0225828,
          37.5116784
        ]
      },
      "properties": {
        "osm_type": "node",
        "osm_id": 10083524125,
        "sido": "서울특별시",
        "name": "논일변전소",
        "name_en": "Nonil Substation",
        "substation_type": "distribution",
        "voltage": "154000",
        "frequency": "",
        "operator": "한국전력공사",
        "location": "indoor"
      }
    },
    {
      "type": "Feature",
      "geometry": {
        "type": "Point",
        "coordinates": [
          127.0362684,
          37.5001495
        ]
      },
      "properties": {
        "osm_type": "node",
        "osm_id": 10083524126,
        "sido": "서울특별시",
        "name": "역삼변전소",
        "name_en": "Yeoksam Substation",
        "substation_type": "distribution",
        "voltage": "154000",
        "frequency": "",
        "operator": "한국전력공사",
        "location": "indoor"
      }
    },
    {
      "type": "Feature",
      "geometry": {
        "type": "Point",
        "coordinates": [
          127.0581983,
          37.5114431
        ]
      },
      "properties": {
        "osm_type": "node",
        "osm_id": 10083524127,
        "sido": "서울특별시",
        "name": "선릉변전소",
        "name_en": "Seolleung Substation",
        "substation_type": "distribution",
        "voltage": "154000",
        "frequency": "",
        "operator": "한국전력공사",
        "location": "indoor"
      }
    },
    {
      "type": "Feature",
      "geometry": {
        "type": "Point",
        "coordinates": [
          127.0273459,
          37.4853239
        ]
      },
      "properties": {
        "osm_type": "node",
        "osm_id": 10083524140,
        "sido": "서울특별시",
        "name": "양지변전소",
        "name_en": "Yangji Substation",
        "substation_type": "distribution",
        "voltage": "154000",
        "frequency": "",
        "operator": "한국전력공사",
        "location": "indoor"
      }
    },
    {
      "type": "Feature",
      "geometry": {
        "type": "Point",
        "coordinates": [
          127.0124603,
          37.4941631
        ]
      },
      "properties": {
        "osm_type": "node",
        "osm_id": 10083524141,
        "sido": "서울특별시",
        "name": "서초변전소",
        "name_en": "Seocho Substation",
        "substation_type": "distribution",
        "voltage": "154000",
        "frequency": "",
        "operator": "한국전력공사",
        "location": "indoor"
      }
    },
    {
      "type": "Feature",
      "geometry": {
        "type": "Point",
        "coordinates": [
          127.0541016,
          37.4883083
        ]
      },
      "properties": {
        "osm_type": "node",
        "osm_id": 10083524142,
        "sido": "서울특별시",
        "name": "도곡변전소",
        "name_en": "Dogok Substation",
        "substation_type": "distribution",
        "voltage": "154000",
        "frequency": "",
        "operator": "한국전력공사",
        "location": "indoor"
      }
    },
    {
      "type": "Feature",
      "geometry": {
        "type": "Point",
        "coordinates": [
          127.0123696,
          37.4858239
        ]
      },
      "properties": {
        "osm_type": "node",
        "osm_id": 10083524143,
        "sido": "서울특별시",
        "name": "교대변전소",
        "name_en": "Gyodae Substation",
        "substation_type": "distribution",
        "voltage": "154000",
        "frequency": "",
        "operator": "한국전력공사",
        "location": "indoor"
      }
    },
    {
      "type": "Feature",
      "geometry": {
        "type": "Point",
        "coordinates": [
          127.0563712,
          37.5060546
        ]
      },
      "properties": {
        "osm_type": "node",
        "osm_id": 10083524144,
        "sido": "서울특별시",
        "name": "대치변전소",
        "name_en": "Daechi Substation",
        "substation_type": "distribution",
        "voltage": "154000",
        "frequency": "",
        "operator": "한국전력공사",
        "location": "indoor"
      }
    },
    {
      "type": "Feature",
      "geometry": {
        "type": "Point",
        "coordinates": [
          127.1184572,
          37.4947762
        ]
      },
      "properties": {
        "osm_type": "node",
        "osm_id": 10083524155,
        "sido": "서울특별시",
        "name": "가락변전소",
        "name_en": "Garak Substation",
        "substation_type": "distribution",
        "voltage": "154000",
        "frequency": "",
        "operator": "한국전력공사",
        "location": "indoor"
      }
    },
    {
      "type": "Feature",
      "geometry": {
        "type": "Point",
        "coordinates": [
          127.1338112,
          37.5467942
        ]
      },
      "properties": {
        "osm_type": "node",
        "osm_id": 10083524156,
        "sido": "서울특별시",
        "name": "천호변전소",
        "name_en": "Cheonho Substation",
        "substation_type": "distribution",
        "voltage": "154000",
        "frequency": "",
        "operator": "한국전력공사",
        "location": "indoor"
      }
    },
    {
      "type": "Feature",
      "geometry": {
        "type": "Point",
        "coordinates": [
          127.1124893,
          37.526741
        ]
      },
      "properties": {
        "osm_type": "node",
        "osm_id": 10083524157,
        "sido": "서울특별시",
        "name": "풍납변전소",
        "name_en": "Pungnap Substation",
        "substation_type": "distribution",
        "voltage": "154000",
        "frequency": "",
        "operator": "한국전력공사",
        "location": "underground"
      }
    },
    {
      "type": "Feature",
      "geometry": {
        "type": "Point",
        "coordinates": [
          126.8979988,
          37.4725687
        ]
      },
      "properties": {
        "osm_type": "node",
        "osm_id": 10083603126,
        "sido": "서울특별시",
        "name": "독산변전소",
        "name_en": "Doksan Substation",
        "substation_type": "distribution",
        "voltage": "154000",
        "frequency": "",
        "operator": "한국전력공사",
        "location": "indoor"
      }
    },
    {
      "type": "Feature",
      "geometry": {
        "type": "Point",
        "coordinates": [
          126.9515358,
          37.4819792
        ]
      },
      "properties": {
        "osm_type": "node",
        "osm_id": 10083603139,
        "sido": "서울특별시",
        "name": "봉천변전소",
        "name_en": "Bongcheon Substation",
        "substation_type": "distribution",
        "voltage": "154000",
        "frequency": "",
        "operator": "한국전력공사",
        "location": "indoor"
      }
    },
    {
      "type": "Feature",
      "geometry": {
        "type": "Point",
        "coordinates": [
          126.9090554,
          37.5006803
        ]
      },
      "properties": {
        "osm_type": "node",
        "osm_id": 10084423765,
        "sido": "서울특별시",
        "name": "대림변전소",
        "name_en": "Daelim Substation",
        "substation_type": "distribution",
        "voltage": "154000",
        "frequency": "",
        "operator": "한국전력공사",
        "location": "underground"
      }
    },
    {
      "type": "Feature",
      "geometry": {
        "type": "Point",
        "coordinates": [
          126.821286,
          37.5563331
        ]
      },
      "properties": {
        "osm_type": "node",
        "osm_id": 10084431449,
        "sido": "서울특별시",
        "name": "마곡변전소",
        "name_en": "Magok Substation",
        "substation_type": "distribution",
        "voltage": "154000",
        "frequency": "",
        "operator": "한국전력공사",
        "location": "underground"
      }
    },
    {
      "type": "Feature",
      "geometry": {
        "type": "Point",
        "coordinates": [
          126.8650558,
          37.551426
        ]
      },
      "properties": {
        "osm_type": "node",
        "osm_id": 10086055893,
        "sido": "서울특별시",
        "name": "등촌변전소",
        "name_en": "Deungchon Substation",
        "substation_type": "distribution",
        "voltage": "154000",
        "frequency": "",
        "operator": "한국전력공사",
        "location": "indoor"
      }
    },
    {
      "type": "Feature",
      "geometry": {
        "type": "Point",
        "coordinates": [
          126.9713022,
          37.5608054
        ]
      },
      "properties": {
        "osm_type": "node",
        "osm_id": 10086100440,
        "sido": "서울특별시",
        "name": "순화변전소",
        "name_en": "Sunhwa Substation",
        "substation_type": "distribution",
        "voltage": "154000",
        "frequency": "",
        "operator": "한국전력공사",
        "location": "indoor"
      }
    },
    {
      "type": "Feature",
      "geometry": {
        "type": "Point",
        "coordinates": [
          126.9230994,
          37.6038632
        ]
      },
      "properties": {
        "osm_type": "node",
        "osm_id": 10086100515,
        "sido": "서울특별시",
        "name": "녹번변전소",
        "name_en": "Nokbeon Substation",
        "substation_type": "distribution",
        "voltage": "154000",
        "frequency": "",
        "operator": "한국전력공사",
        "location": "indoor"
      }
    },
    {
      "type": "Feature",
      "geometry": {
        "type": "Point",
        "coordinates": [
          127.0275647,
          37.4852226
        ]
      },
      "properties": {
        "osm_type": "node",
        "osm_id": 10086523340,
        "sido": "서울특별시",
        "name": "신양재변전소",
        "name_en": "Shin-Yangjae Substation",
        "substation_type": "transmission",
        "voltage": "345000",
        "frequency": "",
        "operator": "한국전력공사",
        "location": "indoor"
      }
    },
    {
      "type": "Feature",
      "geometry": {
        "type": "Point",
        "coordinates": [
          126.9214323,
          37.5156285
        ]
      },
      "properties": {
        "osm_type": "node",
        "osm_id": 10086523403,
        "sido": "서울특별시",
        "name": "노들변전소",
        "name_en": "Nodeul Substation",
        "substation_type": "distribution",
        "voltage": "154000",
        "frequency": "",
        "operator": "한국전력공사",
        "location": "indoor"
      }
    },
    {
      "type": "Feature",
      "geometry": {
        "type": "Point",
        "coordinates": [
          126.9060309,
          37.5219607
        ]
      },
      "properties": {
        "osm_type": "node",
        "osm_id": 10088342981,
        "sido": "서울특별시",
        "name": "영오변전소",
        "name_en": "Yeongoh Substation",
        "substation_type": "distribution",
        "voltage": "154000",
        "frequency": "",
        "operator": "한국전력공사",
        "location": "indoor"
      }
    },
    {
      "type": "Feature",
      "geometry": {
        "type": "Point",
        "coordinates": [
          126.9302604,
          37.5277577
        ]
      },
      "properties": {
        "osm_type": "node",
        "osm_id": 10088342991,
        "sido": "서울특별시",
        "name": "여의변전소",
        "name_en": "Yeoui Substation",
        "substation_type": "distribution",
        "voltage": "154000",
        "frequency": "",
        "operator": "한국전력공사",
        "location": "indoor"
      }
    },
    {
      "type": "Feature",
      "geometry": {
        "type": "Point",
        "coordinates": [
          126.9465674,
          37.5420315
        ]
      },
      "properties": {
        "osm_type": "node",
        "osm_id": 10088342992,
        "sido": "서울특별시",
        "name": "마포변전소",
        "name_en": "Mapo Substation",
        "substation_type": "distribution",
        "voltage": "154000",
        "frequency": "",
        "operator": "한국전력공사",
        "location": "indoor"
      }
    },
    {
      "type": "Feature",
      "geometry": {
        "type": "Point",
        "coordinates": [
          127.080461,
          37.5928015
        ]
      },
      "properties": {
        "osm_type": "node",
        "osm_id": 10088342993,
        "sido": "서울특별시",
        "name": "상봉변전소",
        "name_en": "Sangbong Substation",
        "substation_type": "distribution",
        "voltage": "154000",
        "frequency": "",
        "operator": "한국전력공사",
        "location": "indoor"
      }
    },
    {
      "type": "Feature",
      "geometry": {
        "type": "Point",
        "coordinates": [
          127.0823098,
          37.6467312
        ]
      },
      "properties": {
        "osm_type": "node",
        "osm_id": 10088375442,
        "sido": "서울특별시",
        "name": "중계변전소",
        "name_en": "Junggye Substation",
        "substation_type": "distribution",
        "voltage": "154000",
        "frequency": "",
        "operator": "한국전력공사",
        "location": "indoor"
      }
    },
    {
      "type": "Feature",
      "geometry": {
        "type": "Point",
        "coordinates": [
          127.1045611,
          37.5137514
        ]
      },
      "properties": {
        "osm_type": "node",
        "osm_id": 10088748781,
        "sido": "서울특별시",
        "name": "석촌변전소",
        "name_en": "Seokchon Substation",
        "substation_type": "distribution",
        "voltage": "154000",
        "frequency": "60",
        "operator": "한국전력공사",
        "location": ""
      }
    },
    {
      "type": "Feature",
      "geometry": {
        "type": "Point",
        "coordinates": [
          127.0163451,
          37.5668305
        ]
      },
      "properties": {
        "osm_type": "node",
        "osm_id": 10088748806,
        "sido": "서울특별시",
        "name": "신당변전소",
        "name_en": "Sindang Substation",
        "substation_type": "distribution",
        "voltage": "154000",
        "frequency": "60",
        "operator": "한국전력공사",
        "location": "indoor"
      }
    },
    {
      "type": "Feature",
      "geometry": {
        "type": "Point",
        "coordinates": [
          126.9990474,
          37.5657436
        ]
      },
      "properties": {
        "osm_type": "node",
        "osm_id": 10088748807,
        "sido": "서울특별시",
        "name": "방산변전소",
        "name_en": "Bangsan Substation",
        "substation_type": "distribution",
        "voltage": "154000",
        "frequency": "60",
        "operator": "한국전력공사",
        "location": "indoor"
      }
    },
    {
      "type": "Feature",
      "geometry": {
        "type": "Point",
        "coordinates": [
          126.9682969,
          37.564261
        ]
      },
      "properties": {
        "osm_type": "node",
        "osm_id": 10088748808,
        "sido": "서울특별시",
        "name": "서대문변전소",
        "name_en": "Seodaemun Substation",
        "substation_type": "distribution",
        "voltage": "154000",
        "frequency": "60",
        "operator": "한국전력공사",
        "location": "indoor"
      }
    },
    {
      "type": "Feature",
      "geometry": {
        "type": "Point",
        "coordinates": [
          127.0391962,
          37.5756993
        ]
      },
      "properties": {
        "osm_type": "node",
        "osm_id": 10088748809,
        "sido": "서울특별시",
        "name": "용두변전소",
        "name_en": "Yongdu Substation",
        "substation_type": "distribution",
        "voltage": "154000",
        "frequency": "60",
        "operator": "한국전력공사",
        "location": "indoor"
      }
    },
    {
      "type": "Feature",
      "geometry": {
        "type": "Point",
        "coordinates": [
          127.0107834,
          37.590883
        ]
      },
      "properties": {
        "osm_type": "node",
        "osm_id": 10088748810,
        "sido": "서울특별시",
        "name": "돈암변전소",
        "name_en": "Donam Substation",
        "substation_type": "distribution",
        "voltage": "154000",
        "frequency": "60",
        "operator": "한국전력공사",
        "location": "indoor"
      }
    },
    {
      "type": "Feature",
      "geometry": {
        "type": "Point",
        "coordinates": [
          126.9910839,
          37.4990688
        ]
      },
      "properties": {
        "osm_type": "node",
        "osm_id": 10088748811,
        "sido": "서울특별시",
        "name": "이수변전소",
        "name_en": "Isu Substation",
        "substation_type": "distribution",
        "voltage": "154000",
        "frequency": "60",
        "operator": "한국전력공사",
        "location": "indoor"
      }
    },
    {
      "type": "Feature",
      "geometry": {
        "type": "Point",
        "coordinates": [
          126.9828267,
          37.5653562
        ]
      },
      "properties": {
        "osm_type": "node",
        "osm_id": 10089413562,
        "sido": "서울특별시",
        "name": "중앙변전소",
        "name_en": "Jungang Substation",
        "substation_type": "distribution",
        "voltage": "154000",
        "frequency": "",
        "operator": "한국전력공사",
        "location": "indoor"
      }
    },
    {
      "type": "Feature",
      "geometry": {
        "type": "Point",
        "coordinates": [
          126.9890131,
          37.5775814
        ]
      },
      "properties": {
        "osm_type": "node",
        "osm_id": 10089413567,
        "sido": "서울특별시",
        "name": "운니변전소",
        "name_en": "Unni Substation",
        "substation_type": "distribution",
        "voltage": "154000",
        "frequency": "",
        "operator": "한국전력공사",
        "location": "underground"
      }
    },
    {
      "type": "Feature",
      "geometry": {
        "type": "Point",
        "coordinates": [
          126.9974609,
          37.5800159
        ]
      },
      "properties": {
        "osm_type": "node",
        "osm_id": 10089413568,
        "sido": "서울특별시",
        "name": "원남변전소",
        "name_en": "Wonnam Substation",
        "substation_type": "distribution",
        "voltage": "154000",
        "frequency": "",
        "operator": "한국전력공사",
        "location": "indoor"
      }
    },
    {
      "type": "Feature",
      "geometry": {
        "type": "Point",
        "coordinates": [
          127.0464713,
          37.6827952
        ]
      },
      "properties": {
        "osm_type": "node",
        "osm_id": 10089413579,
        "sido": "서울특별시",
        "name": "방학변전소",
        "name_en": "Banghak Substation",
        "substation_type": "distribution",
        "voltage": "154000",
        "frequency": "",
        "operator": "한국전력공사",
        "location": "indoor"
      }
    },
    {
      "type": "Feature",
      "geometry": {
        "type": "Point",
        "coordinates": [
          126.9324572,
          37.5625142
        ]
      },
      "properties": {
        "osm_type": "node",
        "osm_id": 10089413580,
        "sido": "서울특별시",
        "name": "연대변전소",
        "name_en": "Yeondae Substation",
        "substation_type": "distribution",
        "voltage": "154000",
        "frequency": "",
        "operator": "한국전력공사",
        "location": "indoor"
      }
    },
    {
      "type": "Feature",
      "geometry": {
        "type": "Point",
        "coordinates": [
          127.0649991,
          37.5117201
        ]
      },
      "properties": {
        "osm_type": "node",
        "osm_id": 10094992357,
        "sido": "서울특별시",
        "name": "강남변전소",
        "name_en": "Gangnam Substation",
        "substation_type": "distribution",
        "voltage": "154000",
        "frequency": "",
        "operator": "한국전력공사",
        "location": "underground"
      }
    },
    {
      "type": "Feature",
      "geometry": {
        "type": "Point",
        "coordinates": [
          126.999832,
          37.5352296
        ]
      },
      "properties": {
        "osm_type": "way",
        "osm_id": 123719269,
        "sido": "서울특별시",
        "name": "한남변전소",
        "name_en": "Hannam Substation",
        "substation_type": "distribution",
        "voltage": "154000",
        "frequency": "",
        "operator": "한국전력공사",
        "location": "indoor"
      }
    },
    {
      "type": "Feature",
      "geometry": {
        "type": "Point",
        "coordinates": [
          126.9459959,
          37.5138738
        ]
      },
      "properties": {
        "osm_type": "way",
        "osm_id": 278752532,
        "sido": "서울특별시",
        "name": "노량진변전소",
        "name_en": "Noryangjin Substation",
        "substation_type": "distribution",
        "voltage": "154000",
        "frequency": "",
        "operator": "한국전력공사",
        "location": "indoor"
      }
    },
    {
      "type": "Feature",
      "geometry": {
        "type": "Point",
        "coordinates": [
          126.9956722,
          37.5240074
        ]
      },
      "properties": {
        "osm_type": "way",
        "osm_id": 301354080,
        "sido": "서울특별시",
        "name": "보광변전소",
        "name_en": "Bogwang Substation",
        "substation_type": "distribution",
        "voltage": "154000",
        "frequency": "60",
        "operator": "한국전력공사",
        "location": "outdoor"
      }
    },
    {
      "type": "Feature",
      "geometry": {
        "type": "Point",
        "coordinates": [
          127.1509341,
          37.5368648
        ]
      },
      "properties": {
        "osm_type": "way",
        "osm_id": 312151269,
        "sido": "서울특별시",
        "name": "강동변전소",
        "name_en": "Gangdong Substation",
        "substation_type": "distribution",
        "voltage": "154000",
        "frequency": "60",
        "operator": "",
        "location": "indoor"
      }
    },
    {
      "type": "Feature",
      "geometry": {
        "type": "Point",
        "coordinates": [
          126.955935,
          37.5545224
        ]
      },
      "properties": {
        "osm_type": "way",
        "osm_id": 328442770,
        "sido": "서울특별시",
        "name": "아현변전소",
        "name_en": "Ahyeon Substation",
        "substation_type": "distribution",
        "voltage": "154000",
        "frequency": "",
        "operator": "한국전력공사",
        "location": "indoor"
      }
    },
    {
      "type": "Feature",
      "geometry": {
        "type": "Point",
        "coordinates": [
          126.9415661,
          37.556185
        ]
      },
      "properties": {
        "osm_type": "way",
        "osm_id": 328442775,
        "sido": "서울특별시",
        "name": "신촌변전소",
        "name_en": "Sinchon Substation",
        "substation_type": "distribution",
        "voltage": "154000",
        "frequency": "",
        "operator": "한국전력공사",
        "location": "indoor"
      }
    },
    {
      "type": "Feature",
      "geometry": {
        "type": "Point",
        "coordinates": [
          126.8944473,
          37.5196943
        ]
      },
      "properties": {
        "osm_type": "way",
        "osm_id": 355405884,
        "sido": "서울특별시",
        "name": "영등포변전소",
        "name_en": "Yeongdeungpo Substation",
        "substation_type": "transmission",
        "voltage": "345000",
        "frequency": "60",
        "operator": "한국전력공사",
        "location": "indoor"
      }
    },
    {
      "type": "Feature",
      "geometry": {
        "type": "Point",
        "coordinates": [
          126.9876875,
          37.5509196
        ]
      },
      "properties": {
        "osm_type": "way",
        "osm_id": 379943262,
        "sido": "서울특별시",
        "name": "",
        "name_en": "",
        "substation_type": "minor_distribution",
        "voltage": "",
        "frequency": "",
        "operator": "",
        "location": "outdoor"
      }
    },
    {
      "type": "Feature",
      "geometry": {
        "type": "Point",
        "coordinates": [
          127.0114904,
          37.5691841
        ]
      },
      "properties": {
        "osm_type": "way",
        "osm_id": 400847807,
        "sido": "서울특별시",
        "name": "흥인변전소",
        "name_en": "Heungin Substation",
        "substation_type": "distribution",
        "voltage": "154000",
        "frequency": "",
        "operator": "한국전력공사",
        "location": "indoor"
      }
    },
    {
      "type": "Feature",
      "geometry": {
        "type": "Point",
        "coordinates": [
          126.9548192,
          37.4666261
        ]
      },
      "properties": {
        "osm_type": "way",
        "osm_id": 430291672,
        "sido": "서울특별시",
        "name": "신림변전소",
        "name_en": "Sillim Substation",
        "substation_type": "distribution",
        "voltage": "154000",
        "frequency": "",
        "operator": "",
        "location": "indoor"
      }
    },
    {
      "type": "Feature",
      "geometry": {
        "type": "Point",
        "coordinates": [
          127.0285928,
          37.58401
        ]
      },
      "properties": {
        "osm_type": "way",
        "osm_id": 448707897,
        "sido": "서울특별시",
        "name": "안암변전소",
        "name_en": "Anam Substation",
        "substation_type": "distribution",
        "voltage": "154000",
        "frequency": "",
        "operator": "한국전력공사",
        "location": "indoor"
      }
    },
    {
      "type": "Feature",
      "geometry": {
        "type": "Point",
        "coordinates": [
          126.9371132,
          37.6101503
        ]
      },
      "properties": {
        "osm_type": "way",
        "osm_id": 462647234,
        "sido": "서울특별시",
        "name": "은평변전소",
        "name_en": "Eunpyeong Substation",
        "substation_type": "distribution",
        "voltage": "154000",
        "frequency": "60",
        "operator": "한국전력공사",
        "location": "outdoor"
      }
    },
    {
      "type": "Feature",
      "geometry": {
        "type": "Point",
        "coordinates": [
          126.8251458,
          37.5485595
        ]
      },
      "properties": {
        "osm_type": "way",
        "osm_id": 469345027,
        "sido": "서울특별시",
        "name": "화곡변전소",
        "name_en": "Hwagok Substation",
        "substation_type": "distribution",
        "voltage": "154000",
        "frequency": "",
        "operator": "한국전력공사",
        "location": ""
      }
    },
    {
      "type": "Feature",
      "geometry": {
        "type": "Point",
        "coordinates": [
          126.8986702,
          37.5820687
        ]
      },
      "properties": {
        "osm_type": "way",
        "osm_id": 470876802,
        "sido": "서울특별시",
        "name": "수색변전소",
        "name_en": "Susaek Substation",
        "substation_type": "distribution",
        "voltage": "154000",
        "frequency": "60",
        "operator": "",
        "location": ""
      }
    },
    {
      "type": "Feature",
      "geometry": {
        "type": "Point",
        "coordinates": [
          127.0556656,
          37.6541721
        ]
      },
      "properties": {
        "osm_type": "way",
        "osm_id": 472066007,
        "sido": "서울특별시",
        "name": "상계변전소",
        "name_en": "Sanggye Substation",
        "substation_type": "distribution",
        "voltage": "154000",
        "frequency": "",
        "operator": "한국전력공사",
        "location": "indoor"
      }
    },
    {
      "type": "Feature",
      "geometry": {
        "type": "Point",
        "coordinates": [
          126.8834016,
          37.4979718
        ]
      },
      "properties": {
        "osm_type": "way",
        "osm_id": 475080862,
        "sido": "서울특별시",
        "name": "구로변전소",
        "name_en": "Guro Substation",
        "substation_type": "distribution",
        "voltage": "154000",
        "frequency": "",
        "operator": "한국전력공사",
        "location": "indoor"
      }
    },
    {
      "type": "Feature",
      "geometry": {
        "type": "Point",
        "coordinates": [
          126.8971752,
          37.4498969
        ]
      },
      "properties": {
        "osm_type": "way",
        "osm_id": 500683784,
        "sido": "서울특별시",
        "name": "시흥변전소",
        "name_en": "Siheung Substation",
        "substation_type": "distribution",
        "voltage": "154000",
        "frequency": "",
        "operator": "한국전력공사",
        "location": "indoor"
      }
    },
    {
      "type": "Feature",
      "geometry": {
        "type": "Point",
        "coordinates": [
          126.8237711,
          37.4910327
        ]
      },
      "properties": {
        "osm_type": "way",
        "osm_id": 520038085,
        "sido": "서울특별시",
        "name": "온수변전소",
        "name_en": "Onsu Substation",
        "substation_type": "distribution",
        "voltage": "154000",
        "frequency": "60",
        "operator": "",
        "location": "underground"
      }
    },
    {
      "type": "Feature",
      "geometry": {
        "type": "Point",
        "coordinates": [
          126.974058,
          37.5230993
        ]
      },
      "properties": {
        "osm_type": "way",
        "osm_id": 677655657,
        "sido": "서울특별시",
        "name": "동빙고변전소",
        "name_en": "Dongbinggo Substation",
        "substation_type": "distribution",
        "voltage": "154000",
        "frequency": "",
        "operator": "한국전력공사",
        "location": "indoor"
      }
    },
    {
      "type": "Feature",
      "geometry": {
        "type": "Point",
        "coordinates": [
          126.8778482,
          37.4984356
        ]
      },
      "properties": {
        "osm_type": "way",
        "osm_id": 685034837,
        "sido": "서울특별시",
        "name": "",
        "name_en": "",
        "substation_type": "traction",
        "voltage": "55000;27500",
        "frequency": "",
        "operator": "",
        "location": ""
      }
    },
    {
      "type": "Feature",
      "geometry": {
        "type": "Point",
        "coordinates": [
          126.8777609,
          37.5805456
        ]
      },
      "properties": {
        "osm_type": "way",
        "osm_id": 691122408,
        "sido": "서울특별시",
        "name": "상암변전소",
        "name_en": "Sangam Substation",
        "substation_type": "distribution",
        "voltage": "154000",
        "frequency": "60",
        "operator": "한국전력공사",
        "location": "indoor"
      }
    },
    {
      "type": "Feature",
      "geometry": {
        "type": "Point",
        "coordinates": [
          127.0285961,
          37.6137393
        ]
      },
      "properties": {
        "osm_type": "way",
        "osm_id": 780139421,
        "sido": "서울특별시",
        "name": "미아변전소",
        "name_en": "Mia Substation",
        "substation_type": "distribution",
        "voltage": "154000",
        "frequency": "",
        "operator": "한국전력공사",
        "location": "indoor"
      }
    },
    {
      "type": "Feature",
      "geometry": {
        "type": "Point",
        "coordinates": [
          127.081763,
          37.5036303
        ]
      },
      "properties": {
        "osm_type": "way",
        "osm_id": 793603155,
        "sido": "서울특별시",
        "name": "잠실변전소",
        "name_en": "Jamsil Substation",
        "substation_type": "distribution",
        "voltage": "154000",
        "frequency": "",
        "operator": "한국전력공사",
        "location": "indoor"
      }
    },
    {
      "type": "Feature",
      "geometry": {
        "type": "Point",
        "coordinates": [
          126.868787,
          37.5201129
        ]
      },
      "properties": {
        "osm_type": "way",
        "osm_id": 830729465,
        "sido": "서울특별시",
        "name": "목동변전소",
        "name_en": "Mokdong Substation",
        "substation_type": "transmission",
        "voltage": "154000",
        "frequency": "",
        "operator": "한국전력공사",
        "location": "indoor"
      }
    },
    {
      "type": "Feature",
      "geometry": {
        "type": "Point",
        "coordinates": [
          126.9159532,
          37.5436365
        ]
      },
      "properties": {
        "osm_type": "way",
        "osm_id": 879319756,
        "sido": "서울특별시",
        "name": "",
        "name_en": "",
        "substation_type": "",
        "voltage": "",
        "frequency": "",
        "operator": "",
        "location": ""
      }
    },
    {
      "type": "Feature",
      "geometry": {
        "type": "Point",
        "coordinates": [
          127.0396628,
          37.568087
        ]
      },
      "properties": {
        "osm_type": "way",
        "osm_id": 884033660,
        "sido": "서울특별시",
        "name": "성동변전소",
        "name_en": "Seongdong Substation",
        "substation_type": "transmission",
        "voltage": "345000",
        "frequency": "60",
        "operator": "한국전력공사",
        "location": "indoor"
      }
    },
    {
      "type": "Feature",
      "geometry": {
        "type": "Point",
        "coordinates": [
          127.1321935,
          37.4759938
        ]
      },
      "properties": {
        "osm_type": "way",
        "osm_id": 912799256,
        "sido": "서울특별시",
        "name": "동남변전소",
        "name_en": "Dongnam Substation",
        "substation_type": "distribution",
        "voltage": "154000",
        "frequency": "",
        "operator": "한국전력공사",
        "location": "indoor"
      }
    },
    {
      "type": "Feature",
      "geometry": {
        "type": "Point",
        "coordinates": [
          127.0087998,
          37.516135
        ]
      },
      "properties": {
        "osm_type": "way",
        "osm_id": 923070450,
        "sido": "서울특별시",
        "name": "반포변전소",
        "name_en": "Banpo Substation",
        "substation_type": "distribution",
        "voltage": "154000",
        "frequency": "60",
        "operator": "",
        "location": ""
      }
    },
    {
      "type": "Feature",
      "geometry": {
        "type": "Point",
        "coordinates": [
          127.1077126,
          37.4859096
        ]
      },
      "properties": {
        "osm_type": "way",
        "osm_id": 1025717075,
        "sido": "서울특별시",
        "name": "수서변전소",
        "name_en": "Suseo Substation",
        "substation_type": "distribution",
        "voltage": "154000",
        "frequency": "",
        "operator": "한국전력공사",
        "location": "indoor"
      }
    },
    {
      "type": "Feature",
      "geometry": {
        "type": "Point",
        "coordinates": [
          127.0684349,
          37.5923985
        ]
      },
      "properties": {
        "osm_type": "way",
        "osm_id": 1064546944,
        "sido": "서울특별시",
        "name": "휘경변전소",
        "name_en": "Hwigyeong Substation",
        "substation_type": "distribution",
        "voltage": "154000",
        "frequency": "60",
        "operator": "한국전력공사",
        "location": "indoor"
      }
    },
    {
      "type": "Feature",
      "geometry": {
        "type": "Point",
        "coordinates": [
          126.9840959,
          37.4757771
        ]
      },
      "properties": {
        "osm_type": "way",
        "osm_id": 1081669148,
        "sido": "서울특별시",
        "name": "사당변전소",
        "name_en": "Sadang Substation",
        "substation_type": "distribution",
        "voltage": "154000",
        "frequency": "60",
        "operator": "한국전력공사",
        "location": "indoor"
      }
    },
    {
      "type": "Feature",
      "geometry": {
        "type": "Point",
        "coordinates": [
          126.8451331,
          37.4797195
        ]
      },
      "properties": {
        "osm_type": "way",
        "osm_id": 1098581082,
        "sido": "서울특별시",
        "name": "천왕변전소",
        "name_en": "Cheonwang Substation",
        "substation_type": "distribution",
        "voltage": "154000",
        "frequency": "",
        "operator": "한국전력공사",
        "location": "indoor"
      }
    },
    {
      "type": "Feature",
      "geometry": {
        "type": "Point",
        "coordinates": [
          126.8362825,
          37.5706371
        ]
      },
      "properties": {
        "osm_type": "way",
        "osm_id": 1101857586,
        "sido": "서울특별시",
        "name": "가양변전소",
        "name_en": "Gayang Substation",
        "substation_type": "distribution",
        "voltage": "154000",
        "frequency": "",
        "operator": "한국전력공사",
        "location": "indoor"
      }
    },
    {
      "type": "Feature",
      "geometry": {
        "type": "Point",
        "coordinates": [
          127.0567167,
          37.5596711
        ]
      },
      "properties": {
        "osm_type": "way",
        "osm_id": 1101878213,
        "sido": "서울특별시",
        "name": "군자변전소",
        "name_en": "Gunja Substation",
        "substation_type": "distribution",
        "voltage": "154000",
        "frequency": "60",
        "operator": "",
        "location": ""
      }
    },
    {
      "type": "Feature",
      "geometry": {
        "type": "Point",
        "coordinates": [
          127.0334874,
          37.5679452
        ]
      },
      "properties": {
        "osm_type": "way",
        "osm_id": 1101878214,
        "sido": "서울특별시",
        "name": "마장변전소",
        "name_en": "Majang Substation",
        "substation_type": "distribution",
        "voltage": "154000",
        "frequency": "60",
        "operator": "한국전력공사",
        "location": ""
      }
    },
    {
      "type": "Feature",
      "geometry": {
        "type": "Point",
        "coordinates": [
          127.0390966,
          37.5682123
        ]
      },
      "properties": {
        "osm_type": "way",
        "osm_id": 1101878215,
        "sido": "서울특별시",
        "name": "왕십리변전소",
        "name_en": "Wangsimni Substation",
        "substation_type": "distribution",
        "voltage": "154000",
        "frequency": "60",
        "operator": "한국전력공사",
        "location": ""
      }
    },
    {
      "type": "Feature",
      "geometry": {
        "type": "Point",
        "coordinates": [
          127.0695573,
          37.5361654
        ]
      },
      "properties": {
        "osm_type": "way",
        "osm_id": 1101878219,
        "sido": "서울특별시",
        "name": "뚝도변전소",
        "name_en": "Ttukdo Substation",
        "substation_type": "distribution",
        "voltage": "154000",
        "frequency": "60",
        "operator": "한국전력공사",
        "location": ""
      }
    },
    {
      "type": "Feature",
      "geometry": {
        "type": "Point",
        "coordinates": [
          127.0991548,
          37.5458475
        ]
      },
      "properties": {
        "osm_type": "way",
        "osm_id": 1101878220,
        "sido": "서울특별시",
        "name": "광장변전소",
        "name_en": "Gwangjang Substation",
        "substation_type": "distribution",
        "voltage": "154000",
        "frequency": "60",
        "operator": "한국전력공사",
        "location": ""
      }
    },
    {
      "type": "Feature",
      "geometry": {
        "type": "Point",
        "coordinates": [
          127.0338065,
          37.5249134
        ]
      },
      "properties": {
        "osm_type": "way",
        "osm_id": 1101917694,
        "sido": "서울특별시",
        "name": "신사변전소",
        "name_en": "Sinsa Substation",
        "substation_type": "distribution",
        "voltage": "154000",
        "frequency": "60",
        "operator": "한국전력공사",
        "location": "underground"
      }
    },
    {
      "type": "Feature",
      "geometry": {
        "type": "Point",
        "coordinates": [
          127.0464348,
          37.4657651
        ]
      },
      "properties": {
        "osm_type": "way",
        "osm_id": 1101917697,
        "sido": "서울특별시",
        "name": "염곡변전소",
        "name_en": "Yeomgok Substation",
        "substation_type": "distribution",
        "voltage": "154000",
        "frequency": "",
        "operator": "한국전력공사",
        "location": "underground"
      }
    },
    {
      "type": "Feature",
      "geometry": {
        "type": "Point",
        "coordinates": [
          127.0739583,
          37.4838611
        ]
      },
      "properties": {
        "osm_type": "way",
        "osm_id": 1101917698,
        "sido": "서울특별시",
        "name": "개포변전소",
        "name_en": "Gaepo Substation",
        "substation_type": "distribution",
        "voltage": "154000",
        "frequency": "",
        "operator": "한국전력공사",
        "location": "indoor"
      }
    },
    {
      "type": "Feature",
      "geometry": {
        "type": "Point",
        "coordinates": [
          127.0816453,
          37.5036411
        ]
      },
      "properties": {
        "osm_type": "way",
        "osm_id": 1101917699,
        "sido": "서울특별시",
        "name": "",
        "name_en": "",
        "substation_type": "",
        "voltage": "",
        "frequency": "",
        "operator": "",
        "location": ""
      }
    },
    {
      "type": "Feature",
      "geometry": {
        "type": "Point",
        "coordinates": [
          127.1194498,
          37.5086666
        ]
      },
      "properties": {
        "osm_type": "way",
        "osm_id": 1101917700,
        "sido": "서울특별시",
        "name": "송파변전소",
        "name_en": "Songpa Substation",
        "substation_type": "distribution",
        "voltage": "154000",
        "frequency": "",
        "operator": "한국전력공사",
        "location": "indoor"
      }
    },
    {
      "type": "Feature",
      "geometry": {
        "type": "Point",
        "coordinates": [
          127.1772658,
          37.5477049
        ]
      },
      "properties": {
        "osm_type": "way",
        "osm_id": 1101917701,
        "sido": "서울특별시",
        "name": "상일변전소",
        "name_en": "Sangil Substation",
        "substation_type": "distribution",
        "voltage": "154000",
        "frequency": "",
        "operator": "한국전력공사",
        "location": "indoor"
      }
    },
    {
      "type": "Feature",
      "geometry": {
        "type": "Point",
        "coordinates": [
          126.8782581,
          37.4770598
        ]
      },
      "properties": {
        "osm_type": "way",
        "osm_id": 1101926172,
        "sido": "서울특별시",
        "name": "구공변전소",
        "name_en": "Gugong Substation",
        "substation_type": "distribution",
        "voltage": "154000",
        "frequency": "",
        "operator": "한국전력공사",
        "location": "outdoor"
      }
    },
    {
      "type": "Feature",
      "geometry": {
        "type": "Point",
        "coordinates": [
          126.9172887,
          37.472
        ]
      },
      "properties": {
        "osm_type": "way",
        "osm_id": 1101926174,
        "sido": "서울특별시",
        "name": "대방변전소",
        "name_en": "Daebang Substation",
        "substation_type": "distribution",
        "voltage": "154000",
        "frequency": "",
        "operator": "한국전력공사",
        "location": "indoor"
      }
    },
    {
      "type": "Feature",
      "geometry": {
        "type": "Point",
        "coordinates": [
          126.8761251,
          37.5321061
        ]
      },
      "properties": {
        "osm_type": "way",
        "osm_id": 1101926175,
        "sido": "서울특별시",
        "name": "양천변전소",
        "name_en": "Yangcheon Substation",
        "substation_type": "distribution",
        "voltage": "154000",
        "frequency": "",
        "operator": "한국전력공사",
        "location": "underground"
      }
    },
    {
      "type": "Feature",
      "geometry": {
        "type": "Point",
        "coordinates": [
          126.8466095,
          37.5100621
        ]
      },
      "properties": {
        "osm_type": "way",
        "osm_id": 1101926176,
        "sido": "서울특별시",
        "name": "신정변전소",
        "name_en": "Sinjeong Substation",
        "substation_type": "distribution",
        "voltage": "154000",
        "frequency": "",
        "operator": "한국전력공사",
        "location": "underground"
      }
    },
    {
      "type": "Feature",
      "geometry": {
        "type": "Point",
        "coordinates": [
          126.8625069,
          37.5020637
        ]
      },
      "properties": {
        "osm_type": "way",
        "osm_id": 1101926177,
        "sido": "서울특별시",
        "name": "오류변전소",
        "name_en": "Oryu Substation",
        "substation_type": "distribution",
        "voltage": "154000",
        "frequency": "",
        "operator": "한국전력공사",
        "location": "indoor"
      }
    },
    {
      "type": "Feature",
      "geometry": {
        "type": "Point",
        "coordinates": [
          126.9224196,
          37.4907776
        ]
      },
      "properties": {
        "osm_type": "way",
        "osm_id": 1102076031,
        "sido": "서울특별시",
        "name": "신길변전소",
        "name_en": "Singil Substation",
        "substation_type": "distribution",
        "voltage": "154000",
        "frequency": "",
        "operator": "한국전력공사",
        "location": "underground"
      }
    },
    {
      "type": "Feature",
      "geometry": {
        "type": "Point",
        "coordinates": [
          126.9688925,
          37.5822831
        ]
      },
      "properties": {
        "osm_type": "way",
        "osm_id": 1102076039,
        "sido": "서울특별시",
        "name": "옥인변전소",
        "name_en": "Ogin Substation",
        "substation_type": "distribution",
        "voltage": "154000",
        "frequency": "",
        "operator": "한국전력공사",
        "location": "indoor"
      }
    },
    {
      "type": "Feature",
      "geometry": {
        "type": "Point",
        "coordinates": [
          126.9548901,
          37.5766033
        ]
      },
      "properties": {
        "osm_type": "way",
        "osm_id": 1102259030,
        "sido": "서울특별시",
        "name": "현저변전소",
        "name_en": "Hyeonjeo Substation",
        "substation_type": "distribution",
        "voltage": "154000",
        "frequency": "",
        "operator": "한국전력공사",
        "location": "indoor"
      }
    },
    {
      "type": "Feature",
      "geometry": {
        "type": "Point",
        "coordinates": [
          127.0956185,
          37.6106721
        ]
      },
      "properties": {
        "osm_type": "way",
        "osm_id": 1102259035,
        "sido": "서울특별시",
        "name": "신내변전소",
        "name_en": "Sinnae Substation",
        "substation_type": "distribution",
        "voltage": "154000",
        "frequency": "",
        "operator": "한국전력공사",
        "location": "indoor"
      }
    },
    {
      "type": "Feature",
      "geometry": {
        "type": "Point",
        "coordinates": [
          127.0589287,
          37.628048
        ]
      },
      "properties": {
        "osm_type": "way",
        "osm_id": 1102290943,
        "sido": "서울특별시",
        "name": "노원변전소",
        "name_en": "Nowon Substation",
        "substation_type": "distribution",
        "voltage": "154000",
        "frequency": "",
        "operator": "한국전력공사",
        "location": "indoor"
      }
    },
    {
      "type": "Feature",
      "geometry": {
        "type": "Point",
        "coordinates": [
          127.0271385,
          37.6473576
        ]
      },
      "properties": {
        "osm_type": "way",
        "osm_id": 1102290950,
        "sido": "서울특별시",
        "name": "쌍문변전소",
        "name_en": "Ssangmun Substation",
        "substation_type": "distribution",
        "voltage": "154000",
        "frequency": "",
        "operator": "한국전력공사",
        "location": ""
      }
    },
    {
      "type": "Feature",
      "geometry": {
        "type": "Point",
        "coordinates": [
          127.0245224,
          37.4777029
        ]
      },
      "properties": {
        "osm_type": "way",
        "osm_id": 1102290959,
        "sido": "서울특별시",
        "name": "",
        "name_en": "",
        "substation_type": "transition",
        "voltage": "154000",
        "frequency": "",
        "operator": "",
        "location": ""
      }
    },
    {
      "type": "Feature",
      "geometry": {
        "type": "Point",
        "coordinates": [
          126.9572094,
          37.5314126
        ]
      },
      "properties": {
        "osm_type": "way",
        "osm_id": 1102290961,
        "sido": "서울특별시",
        "name": "용산변전소",
        "name_en": "Yongsan Substation",
        "substation_type": "distribution",
        "voltage": "154000",
        "frequency": "",
        "operator": "한국전력공사",
        "location": ""
      }
    },
    {
      "type": "Feature",
      "geometry": {
        "type": "Point",
        "coordinates": [
          126.8939936,
          37.5197763
        ]
      },
      "properties": {
        "osm_type": "way",
        "osm_id": 1102490847,
        "sido": "서울특별시",
        "name": "문래변전소",
        "name_en": "Mullae Substation",
        "substation_type": "distribution",
        "voltage": "154000",
        "frequency": "",
        "operator": "한국전력공사",
        "location": "indoor"
      }
    },
    {
      "type": "Feature",
      "geometry": {
        "type": "Point",
        "coordinates": [
          126.8930079,
          37.5303425
        ]
      },
      "properties": {
        "osm_type": "way",
        "osm_id": 1102490850,
        "sido": "서울특별시",
        "name": "양평변전소",
        "name_en": "Yangpyeong Substation",
        "substation_type": "distribution",
        "voltage": "154000",
        "frequency": "",
        "operator": "한국전력공사",
        "location": "indoor"
      }
    },
    {
      "type": "Feature",
      "geometry": {
        "type": "Point",
        "coordinates": [
          126.9920394,
          37.5687329
        ]
      },
      "properties": {
        "osm_type": "way",
        "osm_id": 1102519404,
        "sido": "서울특별시",
        "name": "종로변전소",
        "name_en": "Jongno Substation",
        "substation_type": "distribution",
        "voltage": "154000",
        "frequency": "",
        "operator": "한국전력공사",
        "location": "indoor"
      }
    },
    {
      "type": "Feature",
      "geometry": {
        "type": "Point",
        "coordinates": [
          126.9751576,
          37.5731162
        ]
      },
      "properties": {
        "osm_type": "way",
        "osm_id": 1102577473,
        "sido": "서울특별시",
        "name": "세종로변전소",
        "name_en": "Sejongro Substation",
        "substation_type": "distribution",
        "voltage": "154000",
        "frequency": "",
        "operator": "한국전력공사",
        "location": "underground"
      }
    },
    {
      "type": "Feature",
      "geometry": {
        "type": "Point",
        "coordinates": [
          127.0507509,
          37.5465156
        ]
      },
      "properties": {
        "osm_type": "way",
        "osm_id": 1102577474,
        "sido": "서울특별시",
        "name": "성수변전소",
        "name_en": "Seongsu Substation",
        "substation_type": "distribution",
        "voltage": "154000",
        "frequency": "",
        "operator": "한국전력공사",
        "location": "indoor"
      }
    },
    {
      "type": "Feature",
      "geometry": {
        "type": "Point",
        "coordinates": [
          127.0410205,
          37.5940005
        ]
      },
      "properties": {
        "osm_type": "way",
        "osm_id": 1102577475,
        "sido": "서울특별시",
        "name": "종암변전소",
        "name_en": "Jongam Substation",
        "substation_type": "distribution",
        "voltage": "154000",
        "frequency": "",
        "operator": "한국전력공사",
        "location": "outdoor"
      }
    },
    {
      "type": "Feature",
      "geometry": {
        "type": "Point",
        "coordinates": [
          127.1100562,
          37.4775977
        ]
      },
      "properties": {
        "osm_type": "way",
        "osm_id": 1194000571,
        "sido": "서울특별시",
        "name": "자곡 병렬급전소",
        "name_en": "Jagok Parallel Post",
        "substation_type": "traction",
        "voltage": "55000;27500",
        "frequency": "",
        "operator": "",
        "location": ""
      }
    },
    {
      "type": "Feature",
      "geometry": {
        "type": "Point",
        "coordinates": [
          126.4648934,
          37.439413
        ]
      },
      "properties": {
        "osm_type": "node",
        "osm_id": 4269890594,
        "sido": "인천광역시",
        "name": "주변전소B",
        "name_en": "",
        "substation_type": "",
        "voltage": "",
        "frequency": "",
        "operator": "",
        "location": ""
      }
    },
    {
      "type": "Feature",
      "geometry": {
        "type": "Point",
        "coordinates": [
          126.4654306,
          37.4608955
        ]
      },
      "properties": {
        "osm_type": "node",
        "osm_id": 5631611241,
        "sido": "인천광역시",
        "name": "화물배전변전소",
        "name_en": "",
        "substation_type": "",
        "voltage": "",
        "frequency": "",
        "operator": "",
        "location": ""
      }
    },
    {
      "type": "Feature",
      "geometry": {
        "type": "Point",
        "coordinates": [
          126.6907557,
          37.4744814
        ]
      },
      "properties": {
        "osm_type": "node",
        "osm_id": 10255410498,
        "sido": "인천광역시",
        "name": "",
        "name_en": "",
        "substation_type": "",
        "voltage": "",
        "frequency": "",
        "operator": "",
        "location": ""
      }
    },
    {
      "type": "Feature",
      "geometry": {
        "type": "Point",
        "coordinates": [
          126.7388309,
          37.5710574
        ]
      },
      "properties": {
        "osm_type": "way",
        "osm_id": 224161498,
        "sido": "인천광역시",
        "name": "계양변전소",
        "name_en": "",
        "substation_type": "distribution",
        "voltage": "154000",
        "frequency": "60",
        "operator": "",
        "location": "indoor"
      }
    },
    {
      "type": "Feature",
      "geometry": {
        "type": "Point",
        "coordinates": [
          126.7447653,
          37.5456038
        ]
      },
      "properties": {
        "osm_type": "way",
        "osm_id": 225141985,
        "sido": "인천광역시",
        "name": "임학변전소",
        "name_en": "",
        "substation_type": "",
        "voltage": "154000",
        "frequency": "",
        "operator": "한국전력공사",
        "location": "indoor"
      }
    },
    {
      "type": "Feature",
      "geometry": {
        "type": "Point",
        "coordinates": [
          126.7254914,
          37.4109464
        ]
      },
      "properties": {
        "osm_type": "way",
        "osm_id": 312319380,
        "sido": "인천광역시",
        "name": "",
        "name_en": "",
        "substation_type": "transition",
        "voltage": "154000",
        "frequency": "60",
        "operator": "",
        "location": "outdoor"
      }
    },
    {
      "type": "Feature",
      "geometry": {
        "type": "Point",
        "coordinates": [
          126.6499662,
          37.5199135
        ]
      },
      "properties": {
        "osm_type": "way",
        "osm_id": 312408983,
        "sido": "인천광역시",
        "name": "원창변전소",
        "name_en": "",
        "substation_type": "distribution",
        "voltage": "154000",
        "frequency": "60",
        "operator": "",
        "location": "indoor"
      }
    },
    {
      "type": "Feature",
      "geometry": {
        "type": "Point",
        "coordinates": [
          126.6967152,
          37.5828863
        ]
      },
      "properties": {
        "osm_type": "way",
        "osm_id": 373636455,
        "sido": "인천광역시",
        "name": "계양변전소",
        "name_en": "Gyeyang Substation",
        "substation_type": "distribution",
        "voltage": "154000",
        "frequency": "60",
        "operator": "한국전력공사",
        "location": "indoor"
      }
    },
    {
      "type": "Feature",
      "geometry": {
        "type": "Point",
        "coordinates": [
          126.7353853,
          37.5507484
        ]
      },
      "properties": {
        "osm_type": "way",
        "osm_id": 373636456,
        "sido": "인천광역시",
        "name": "",
        "name_en": "",
        "substation_type": "transition",
        "voltage": "154000",
        "frequency": "",
        "operator": "",
        "location": "outdoor"
      }
    },
    {
      "type": "Feature",
      "geometry": {
        "type": "Point",
        "coordinates": [
          126.6390466,
          37.3704679
        ]
      },
      "properties": {
        "osm_type": "way",
        "osm_id": 376783678,
        "sido": "인천광역시",
        "name": "송도변전소",
        "name_en": "",
        "substation_type": "distribution",
        "voltage": "154000",
        "frequency": "60",
        "operator": "",
        "location": "indoor"
      }
    },
    {
      "type": "Feature",
      "geometry": {
        "type": "Point",
        "coordinates": [
          126.667461,
          37.4253879
        ]
      },
      "properties": {
        "osm_type": "way",
        "osm_id": 407117093,
        "sido": "인천광역시",
        "name": "연수변전소",
        "name_en": "",
        "substation_type": "distribution",
        "voltage": "154000",
        "frequency": "60",
        "operator": "",
        "location": "indoor"
      }
    },
    {
      "type": "Feature",
      "geometry": {
        "type": "Point",
        "coordinates": [
          126.4263786,
          37.4735895
        ]
      },
      "properties": {
        "osm_type": "way",
        "osm_id": 450663582,
        "sido": "인천광역시",
        "name": "제4등화변전소",
        "name_en": "",
        "substation_type": "converter",
        "voltage": "",
        "frequency": "",
        "operator": "",
        "location": ""
      }
    },
    {
      "type": "Feature",
      "geometry": {
        "type": "Point",
        "coordinates": [
          126.692783,
          37.489196
        ]
      },
      "properties": {
        "osm_type": "way",
        "osm_id": 697599662,
        "sido": "인천광역시",
        "name": "신인천변전소",
        "name_en": "Shin-Incheon Substation",
        "substation_type": "transmission",
        "voltage": "345000",
        "frequency": "60",
        "operator": "",
        "location": "outdoor"
      }
    },
    {
      "type": "Feature",
      "geometry": {
        "type": "Point",
        "coordinates": [
          126.6651169,
          37.4832622
        ]
      },
      "properties": {
        "osm_type": "way",
        "osm_id": 697599673,
        "sido": "인천광역시",
        "name": "",
        "name_en": "",
        "substation_type": "",
        "voltage": "",
        "frequency": "",
        "operator": "",
        "location": ""
      }
    },
    {
      "type": "Feature",
      "geometry": {
        "type": "Point",
        "coordinates": [
          126.7303473,
          37.516065
        ]
      },
      "properties": {
        "osm_type": "way",
        "osm_id": 886116895,
        "sido": "인천광역시",
        "name": "신부평변전소",
        "name_en": "Shin-Bupyeong Substation",
        "substation_type": "transmission",
        "voltage": "345000",
        "frequency": "60",
        "operator": "",
        "location": "underground"
      }
    },
    {
      "type": "Feature",
      "geometry": {
        "type": "Point",
        "coordinates": [
          126.4814868,
          37.6816847
        ]
      },
      "properties": {
        "osm_type": "way",
        "osm_id": 888094920,
        "sido": "인천광역시",
        "name": "강화변전소",
        "name_en": "Ganghwa Substation",
        "substation_type": "distribution",
        "voltage": "154000",
        "frequency": "60",
        "operator": "한국전력공사",
        "location": "indoor"
      }
    },
    {
      "type": "Feature",
      "geometry": {
        "type": "Point",
        "coordinates": [
          126.6473088,
          37.4372012
        ]
      },
      "properties": {
        "osm_type": "way",
        "osm_id": 892213718,
        "sido": "인천광역시",
        "name": "학익변전소",
        "name_en": "",
        "substation_type": "distribution",
        "voltage": "154000",
        "frequency": "60",
        "operator": "",
        "location": "indoor"
      }
    },
    {
      "type": "Feature",
      "geometry": {
        "type": "Point",
        "coordinates": [
          126.6988957,
          37.4721503
        ]
      },
      "properties": {
        "osm_type": "way",
        "osm_id": 892213719,
        "sido": "인천광역시",
        "name": "주안변전소",
        "name_en": "",
        "substation_type": "distribution",
        "voltage": "154000",
        "frequency": "60",
        "operator": "",
        "location": "indoor"
      }
    },
    {
      "type": "Feature",
      "geometry": {
        "type": "Point",
        "coordinates": [
          126.655632,
          37.4618009
        ]
      },
      "properties": {
        "osm_type": "way",
        "osm_id": 892213720,
        "sido": "인천광역시",
        "name": "인천변전소",
        "name_en": "",
        "substation_type": "distribution",
        "voltage": "154000",
        "frequency": "60",
        "operator": "",
        "location": "indoor"
      }
    },
    {
      "type": "Feature",
      "geometry": {
        "type": "Point",
        "coordinates": [
          126.6609864,
          37.4823823
        ]
      },
      "properties": {
        "osm_type": "way",
        "osm_id": 892213722,
        "sido": "인천광역시",
        "name": "신현변전소",
        "name_en": "",
        "substation_type": "distribution",
        "voltage": "154000",
        "frequency": "60",
        "operator": "",
        "location": "indoor"
      }
    },
    {
      "type": "Feature",
      "geometry": {
        "type": "Point",
        "coordinates": [
          126.6376797,
          37.4814598
        ]
      },
      "properties": {
        "osm_type": "way",
        "osm_id": 892213723,
        "sido": "인천광역시",
        "name": "송현변전소",
        "name_en": "",
        "substation_type": "distribution",
        "voltage": "154000",
        "frequency": "60",
        "operator": "",
        "location": "indoor"
      }
    },
    {
      "type": "Feature",
      "geometry": {
        "type": "Point",
        "coordinates": [
          126.675451,
          37.5284642
        ]
      },
      "properties": {
        "osm_type": "way",
        "osm_id": 892213724,
        "sido": "인천광역시",
        "name": "북인천변전소",
        "name_en": "",
        "substation_type": "distribution",
        "voltage": "154000",
        "frequency": "60",
        "operator": "",
        "location": "indoor"
      }
    },
    {
      "type": "Feature",
      "geometry": {
        "type": "Point",
        "coordinates": [
          126.7316093,
          37.4413606
        ]
      },
      "properties": {
        "osm_type": "way",
        "osm_id": 892213725,
        "sido": "인천광역시",
        "name": "만수변전소",
        "name_en": "",
        "substation_type": "distribution",
        "voltage": "154000",
        "frequency": "60",
        "operator": "",
        "location": "indoor"
      }
    },
    {
      "type": "Feature",
      "geometry": {
        "type": "Point",
        "coordinates": [
          126.4754216,
          37.4958123
        ]
      },
      "properties": {
        "osm_type": "way",
        "osm_id": 892213726,
        "sido": "인천광역시",
        "name": "영종변전소",
        "name_en": "",
        "substation_type": "distribution",
        "voltage": "154000",
        "frequency": "60",
        "operator": "",
        "location": "indoor"
      }
    },
    {
      "type": "Feature",
      "geometry": {
        "type": "Point",
        "coordinates": [
          126.6191181,
          37.481985
        ]
      },
      "properties": {
        "osm_type": "way",
        "osm_id": 892213728,
        "sido": "인천광역시",
        "name": "송월변전소",
        "name_en": "",
        "substation_type": "distribution",
        "voltage": "154000",
        "frequency": "60",
        "operator": "",
        "location": "indoor"
      }
    },
    {
      "type": "Feature",
      "geometry": {
        "type": "Point",
        "coordinates": [
          126.6341002,
          37.4620819
        ]
      },
      "properties": {
        "osm_type": "way",
        "osm_id": 892213729,
        "sido": "인천광역시",
        "name": "남인천변전소",
        "name_en": "",
        "substation_type": "distribution",
        "voltage": "154000",
        "frequency": "60",
        "operator": "",
        "location": "indoor"
      }
    },
    {
      "type": "Feature",
      "geometry": {
        "type": "Point",
        "coordinates": [
          126.7029189,
          37.4391813
        ]
      },
      "properties": {
        "osm_type": "way",
        "osm_id": 892213730,
        "sido": "인천광역시",
        "name": "관교변전소",
        "name_en": "",
        "substation_type": "distribution",
        "voltage": "154000",
        "frequency": "60",
        "operator": "",
        "location": "indoor"
      }
    },
    {
      "type": "Feature",
      "geometry": {
        "type": "Point",
        "coordinates": [
          126.6220227,
          37.5875047
        ]
      },
      "properties": {
        "osm_type": "way",
        "osm_id": 892213731,
        "sido": "인천광역시",
        "name": "왕길변전소",
        "name_en": "Wanggil Substation",
        "substation_type": "distribution",
        "voltage": "154000",
        "frequency": "60",
        "operator": "한국전력공사",
        "location": "outdoor"
      }
    },
    {
      "type": "Feature",
      "geometry": {
        "type": "Point",
        "coordinates": [
          126.6472136,
          37.5500108
        ]
      },
      "properties": {
        "osm_type": "way",
        "osm_id": 892213732,
        "sido": "인천광역시",
        "name": "경서변전소",
        "name_en": "",
        "substation_type": "distribution",
        "voltage": "154000",
        "frequency": "60",
        "operator": "",
        "location": "indoor"
      }
    },
    {
      "type": "Feature",
      "geometry": {
        "type": "Point",
        "coordinates": [
          126.6130221,
          37.529393
        ]
      },
      "properties": {
        "osm_type": "way",
        "osm_id": 892213733,
        "sido": "인천광역시",
        "name": "",
        "name_en": "",
        "substation_type": "distribution",
        "voltage": "154000",
        "frequency": "60",
        "operator": "",
        "location": "indoor"
      }
    },
    {
      "type": "Feature",
      "geometry": {
        "type": "Point",
        "coordinates": [
          126.6491461,
          37.5408555
        ]
      },
      "properties": {
        "osm_type": "way",
        "osm_id": 892213734,
        "sido": "인천광역시",
        "name": "청라변전소",
        "name_en": "",
        "substation_type": "distribution",
        "voltage": "154000",
        "frequency": "60",
        "operator": "",
        "location": "indoor"
      }
    },
    {
      "type": "Feature",
      "geometry": {
        "type": "Point",
        "coordinates": [
          126.7312929,
          37.485823
        ]
      },
      "properties": {
        "osm_type": "way",
        "osm_id": 892213735,
        "sido": "인천광역시",
        "name": "부개변전소",
        "name_en": "",
        "substation_type": "distribution",
        "voltage": "154000",
        "frequency": "60",
        "operator": "",
        "location": "indoor"
      }
    },
    {
      "type": "Feature",
      "geometry": {
        "type": "Point",
        "coordinates": [
          126.6955301,
          37.3961233
        ]
      },
      "properties": {
        "osm_type": "way",
        "osm_id": 892604031,
        "sido": "인천광역시",
        "name": "고잔변전소",
        "name_en": "",
        "substation_type": "distribution",
        "voltage": "154000",
        "frequency": "60",
        "operator": "",
        "location": "indoor"
      }
    },
    {
      "type": "Feature",
      "geometry": {
        "type": "Point",
        "coordinates": [
          126.7547153,
          37.4232927
        ]
      },
      "properties": {
        "osm_type": "way",
        "osm_id": 892604032,
        "sido": "인천광역시",
        "name": "도림변전소",
        "name_en": "",
        "substation_type": "distribution",
        "voltage": "154000",
        "frequency": "60",
        "operator": "",
        "location": "indoor"
      }
    },
    {
      "type": "Feature",
      "geometry": {
        "type": "Point",
        "coordinates": [
          126.630026,
          37.4065073
        ]
      },
      "properties": {
        "osm_type": "way",
        "osm_id": 892604033,
        "sido": "인천광역시",
        "name": "북송도변전소",
        "name_en": "",
        "substation_type": "distribution",
        "voltage": "154000",
        "frequency": "60",
        "operator": "",
        "location": "indoor"
      }
    },
    {
      "type": "Feature",
      "geometry": {
        "type": "Point",
        "coordinates": [
          126.6646665,
          37.3675138
        ]
      },
      "properties": {
        "osm_type": "way",
        "osm_id": 892604034,
        "sido": "인천광역시",
        "name": "동송도변전소",
        "name_en": "",
        "substation_type": "distribution",
        "voltage": "154000",
        "frequency": "60",
        "operator": "",
        "location": "indoor"
      }
    },
    {
      "type": "Feature",
      "geometry": {
        "type": "Point",
        "coordinates": [
          126.7178003,
          37.3992147
        ]
      },
      "properties": {
        "osm_type": "way",
        "osm_id": 892604035,
        "sido": "인천광역시",
        "name": "오봉변전소",
        "name_en": "",
        "substation_type": "distribution",
        "voltage": "154000",
        "frequency": "60",
        "operator": "",
        "location": "indoor"
      }
    },
    {
      "type": "Feature",
      "geometry": {
        "type": "Point",
        "coordinates": [
          126.6740255,
          37.3957882
        ]
      },
      "properties": {
        "osm_type": "way",
        "osm_id": 892604036,
        "sido": "인천광역시",
        "name": "동춘변전소",
        "name_en": "",
        "substation_type": "distribution",
        "voltage": "154000",
        "frequency": "60",
        "operator": "",
        "location": "indoor"
      }
    },
    {
      "type": "Feature",
      "geometry": {
        "type": "Point",
        "coordinates": [
          126.6904802,
          37.4116482
        ]
      },
      "properties": {
        "osm_type": "way",
        "osm_id": 892604037,
        "sido": "인천광역시",
        "name": "남동변전소",
        "name_en": "Namdong Substation",
        "substation_type": "distribution",
        "voltage": "154000",
        "frequency": "60",
        "operator": "한국전력공사",
        "location": "indoor"
      }
    },
    {
      "type": "Feature",
      "geometry": {
        "type": "Point",
        "coordinates": [
          126.5325531,
          37.4846226
        ]
      },
      "properties": {
        "osm_type": "way",
        "osm_id": 892604038,
        "sido": "인천광역시",
        "name": "중산변전소",
        "name_en": "",
        "substation_type": "distribution",
        "voltage": "154000",
        "frequency": "60",
        "operator": "",
        "location": "indoor"
      }
    },
    {
      "type": "Feature",
      "geometry": {
        "type": "Point",
        "coordinates": [
          126.3967822,
          37.7089124
        ]
      },
      "properties": {
        "osm_type": "way",
        "osm_id": 1046525854,
        "sido": "인천광역시",
        "name": "서강화변전소",
        "name_en": "Seoganghwa Substation",
        "substation_type": "distribution",
        "voltage": "154000",
        "frequency": "",
        "operator": "한국전력공사",
        "location": "indoor"
      }
    },
    {
      "type": "Feature",
      "geometry": {
        "type": "Point",
        "coordinates": [
          126.439827,
          37.2365974
        ]
      },
      "properties": {
        "osm_type": "way",
        "osm_id": 1093106965,
        "sido": "인천광역시",
        "name": "",
        "name_en": "",
        "substation_type": "transmission",
        "voltage": "345000",
        "frequency": "60",
        "operator": "",
        "location": ""
      }
    },
    {
      "type": "Feature",
      "geometry": {
        "type": "Point",
        "coordinates": [
          126.4405857,
          37.250751
        ]
      },
      "properties": {
        "osm_type": "way",
        "osm_id": 1093106969,
        "sido": "인천광역시",
        "name": "",
        "name_en": "",
        "substation_type": "transmission",
        "voltage": "345000",
        "frequency": "60",
        "operator": "",
        "location": ""
      }
    },
    {
      "type": "Feature",
      "geometry": {
        "type": "Point",
        "coordinates": [
          126.4405364,
          37.2480846
        ]
      },
      "properties": {
        "osm_type": "way",
        "osm_id": 1430648471,
        "sido": "인천광역시",
        "name": "",
        "name_en": "",
        "substation_type": "",
        "voltage": "",
        "frequency": "",
        "operator": "",
        "location": ""
      }
    },
    {
      "type": "Feature",
      "geometry": {
        "type": "Point",
        "coordinates": [
          126.437599,
          37.2405693
        ]
      },
      "properties": {
        "osm_type": "way",
        "osm_id": 1430770678,
        "sido": "인천광역시",
        "name": "",
        "name_en": "",
        "substation_type": "",
        "voltage": "",
        "frequency": "",
        "operator": "",
        "location": ""
      }
    },
    {
      "type": "Feature",
      "geometry": {
        "type": "Point",
        "coordinates": [
          126.4393446,
          37.2363979
        ]
      },
      "properties": {
        "osm_type": "way",
        "osm_id": 1430838230,
        "sido": "인천광역시",
        "name": "",
        "name_en": "",
        "substation_type": "transmission",
        "voltage": "345000",
        "frequency": "60",
        "operator": "",
        "location": ""
      }
    },
    {
      "type": "Feature",
      "geometry": {
        "type": "Point",
        "coordinates": [
          129.2123813,
          35.6777353
        ]
      },
      "properties": {
        "osm_type": "way",
        "osm_id": 143609113,
        "sido": "울산광역시",
        "name": "울주변전소",
        "name_en": "Ulju Substation",
        "substation_type": "transmission",
        "voltage": "345000",
        "frequency": "",
        "operator": "",
        "location": "outdoor"
      }
    },
    {
      "type": "Feature",
      "geometry": {
        "type": "Point",
        "coordinates": [
          129.3411529,
          35.5155174
        ]
      },
      "properties": {
        "osm_type": "way",
        "osm_id": 143752002,
        "sido": "울산광역시",
        "name": "울산변전소",
        "name_en": "",
        "substation_type": "distribution",
        "voltage": "154000",
        "frequency": "60",
        "operator": "",
        "location": "indoor"
      }
    },
    {
      "type": "Feature",
      "geometry": {
        "type": "Point",
        "coordinates": [
          129.2984954,
          35.4944688
        ]
      },
      "properties": {
        "osm_type": "way",
        "osm_id": 143756950,
        "sido": "울산광역시",
        "name": "신울산변전소",
        "name_en": "Shin-Ulsan Substation",
        "substation_type": "transmission",
        "voltage": "345000",
        "frequency": "60",
        "operator": "",
        "location": "outdoor"
      }
    },
    {
      "type": "Feature",
      "geometry": {
        "type": "Point",
        "coordinates": [
          129.3292927,
          35.4358576
        ]
      },
      "properties": {
        "osm_type": "way",
        "osm_id": 143758352,
        "sido": "울산광역시",
        "name": "신온산변전소",
        "name_en": "Shin-Onsan Substation",
        "substation_type": "transmission",
        "voltage": "345000",
        "frequency": "60",
        "operator": "",
        "location": "outdoor"
      }
    },
    {
      "type": "Feature",
      "geometry": {
        "type": "Point",
        "coordinates": [
          129.3597554,
          35.4823421
        ]
      },
      "properties": {
        "osm_type": "way",
        "osm_id": 313221688,
        "sido": "울산광역시",
        "name": "용연변전소",
        "name_en": "Yongyeon Substation",
        "substation_type": "distribution",
        "voltage": "154000",
        "frequency": "60",
        "operator": "",
        "location": "indoor"
      }
    },
    {
      "type": "Feature",
      "geometry": {
        "type": "Point",
        "coordinates": [
          129.3278968,
          35.4930139
        ]
      },
      "properties": {
        "osm_type": "way",
        "osm_id": 313221691,
        "sido": "울산광역시",
        "name": "",
        "name_en": "",
        "substation_type": "industrial",
        "voltage": "154000",
        "frequency": "",
        "operator": "",
        "location": "outdoor"
      }
    },
    {
      "type": "Feature",
      "geometry": {
        "type": "Point",
        "coordinates": [
          129.3180018,
          35.5805952
        ]
      },
      "properties": {
        "osm_type": "way",
        "osm_id": 313221692,
        "sido": "울산광역시",
        "name": "북울산변전소",
        "name_en": "",
        "substation_type": "distribution",
        "voltage": "154000",
        "frequency": "60",
        "operator": "",
        "location": "indoor"
      }
    },
    {
      "type": "Feature",
      "geometry": {
        "type": "Point",
        "coordinates": [
          129.3461552,
          35.527599
        ]
      },
      "properties": {
        "osm_type": "way",
        "osm_id": 313221693,
        "sido": "울산광역시",
        "name": "매암변전소",
        "name_en": "",
        "substation_type": "distribution",
        "voltage": "154000",
        "frequency": "60",
        "operator": "",
        "location": "indoor"
      }
    },
    {
      "type": "Feature",
      "geometry": {
        "type": "Point",
        "coordinates": [
          129.4255563,
          35.5388058
        ]
      },
      "properties": {
        "osm_type": "way",
        "osm_id": 313221695,
        "sido": "울산광역시",
        "name": "방어진변전소",
        "name_en": "Bangeojin Substation",
        "substation_type": "distribution",
        "voltage": "154000",
        "frequency": "60",
        "operator": "",
        "location": "indoor"
      }
    },
    {
      "type": "Feature",
      "geometry": {
        "type": "Point",
        "coordinates": [
          129.3741702,
          35.5687707
        ]
      },
      "properties": {
        "osm_type": "way",
        "osm_id": 313221696,
        "sido": "울산광역시",
        "name": "효문변전소",
        "name_en": "",
        "substation_type": "distribution",
        "voltage": "154000",
        "frequency": "60",
        "operator": "",
        "location": "indoor"
      }
    },
    {
      "type": "Feature",
      "geometry": {
        "type": "Point",
        "coordinates": [
          129.3928433,
          35.6511983
        ]
      },
      "properties": {
        "osm_type": "way",
        "osm_id": 576074205,
        "sido": "울산광역시",
        "name": "동울산변전소",
        "name_en": "East-Ulsan Substation",
        "substation_type": "transmission",
        "voltage": "345000",
        "frequency": "60",
        "operator": "",
        "location": "outdoor"
      }
    },
    {
      "type": "Feature",
      "geometry": {
        "type": "Point",
        "coordinates": [
          129.3089948,
          35.3406079
        ]
      },
      "properties": {
        "osm_type": "way",
        "osm_id": 606158230,
        "sido": "울산광역시",
        "name": "",
        "name_en": "",
        "substation_type": "transmission",
        "voltage": "765000",
        "frequency": "60",
        "operator": "",
        "location": "outdoor"
      }
    },
    {
      "type": "Feature",
      "geometry": {
        "type": "Point",
        "coordinates": [
          129.354866,
          35.4873952
        ]
      },
      "properties": {
        "osm_type": "way",
        "osm_id": 621990457,
        "sido": "울산광역시",
        "name": "성암변전소",
        "name_en": "Seongam Substation",
        "substation_type": "transmission",
        "voltage": "154000",
        "frequency": "60",
        "operator": "",
        "location": "outdoor"
      }
    },
    {
      "type": "Feature",
      "geometry": {
        "type": "Point",
        "coordinates": [
          129.3787661,
          35.4752071
        ]
      },
      "properties": {
        "osm_type": "way",
        "osm_id": 640088062,
        "sido": "울산광역시",
        "name": "울산화력변전소",
        "name_en": "Ulsan Thermal Power Substation",
        "substation_type": "distribution",
        "voltage": "154000",
        "frequency": "60",
        "operator": "",
        "location": "indoor"
      }
    },
    {
      "type": "Feature",
      "geometry": {
        "type": "Point",
        "coordinates": [
          129.2902344,
          35.561945
        ]
      },
      "properties": {
        "osm_type": "way",
        "osm_id": 886489288,
        "sido": "울산광역시",
        "name": "태화변전소",
        "name_en": "",
        "substation_type": "distribution",
        "voltage": "154000",
        "frequency": "60",
        "operator": "",
        "location": "indoor"
      }
    },
    {
      "type": "Feature",
      "geometry": {
        "type": "Point",
        "coordinates": [
          129.2108837,
          35.4646001
        ]
      },
      "properties": {
        "osm_type": "way",
        "osm_id": 894528098,
        "sido": "울산광역시",
        "name": "웅촌변전소",
        "name_en": "",
        "substation_type": "distribution",
        "voltage": "154000",
        "frequency": "60",
        "operator": "",
        "location": "outdoor"
      }
    },
    {
      "type": "Feature",
      "geometry": {
        "type": "Point",
        "coordinates": [
          129.2807125,
          35.5388585
        ]
      },
      "properties": {
        "osm_type": "way",
        "osm_id": 894528099,
        "sido": "울산광역시",
        "name": "옥동변전소",
        "name_en": "",
        "substation_type": "distribution",
        "voltage": "154000",
        "frequency": "60",
        "operator": "",
        "location": "indoor"
      }
    },
    {
      "type": "Feature",
      "geometry": {
        "type": "Point",
        "coordinates": [
          129.1513383,
          35.55522
        ]
      },
      "properties": {
        "osm_type": "way",
        "osm_id": 894528100,
        "sido": "울산광역시",
        "name": "반천변전소",
        "name_en": "",
        "substation_type": "distribution",
        "voltage": "154000",
        "frequency": "60",
        "operator": "",
        "location": "indoor"
      }
    },
    {
      "type": "Feature",
      "geometry": {
        "type": "Point",
        "coordinates": [
          129.0971406,
          35.5136489
        ]
      },
      "properties": {
        "osm_type": "way",
        "osm_id": 894528101,
        "sido": "울산광역시",
        "name": "언양변전소",
        "name_en": "Eonyang Substation",
        "substation_type": "distribution",
        "voltage": "154000",
        "frequency": "60",
        "operator": "",
        "location": "outdoor"
      }
    },
    {
      "type": "Feature",
      "geometry": {
        "type": "Point",
        "coordinates": [
          129.3364378,
          35.4126268
        ]
      },
      "properties": {
        "osm_type": "way",
        "osm_id": 894528102,
        "sido": "울산광역시",
        "name": "당월변전소",
        "name_en": "",
        "substation_type": "distribution",
        "voltage": "154000",
        "frequency": "60",
        "operator": "",
        "location": "indoor"
      }
    },
    {
      "type": "Feature",
      "geometry": {
        "type": "Point",
        "coordinates": [
          129.3377721,
          35.4621336
        ]
      },
      "properties": {
        "osm_type": "way",
        "osm_id": 894528105,
        "sido": "울산광역시",
        "name": "처용변전소",
        "name_en": "Cheoyong Substation",
        "substation_type": "distribution",
        "voltage": "154000",
        "frequency": "60",
        "operator": "",
        "location": "indoor"
      }
    },
    {
      "type": "Feature",
      "geometry": {
        "type": "Point",
        "coordinates": [
          129.1327898,
          35.580288
        ]
      },
      "properties": {
        "osm_type": "way",
        "osm_id": 894528107,
        "sido": "울산광역시",
        "name": "직동변전소",
        "name_en": "Jikdong Substation",
        "substation_type": "distribution",
        "voltage": "154000",
        "frequency": "60",
        "operator": "",
        "location": "indoor"
      }
    },
    {
      "type": "Feature",
      "geometry": {
        "type": "Point",
        "coordinates": [
          129.3049847,
          35.3400036
        ]
      },
      "properties": {
        "osm_type": "way",
        "osm_id": 1035905367,
        "sido": "울산광역시",
        "name": "",
        "name_en": "",
        "substation_type": "",
        "voltage": "345000",
        "frequency": "60",
        "operator": "",
        "location": ""
      }
    },
    {
      "type": "Feature",
      "geometry": {
        "type": "Point",
        "coordinates": [
          129.1736734,
          35.5488644
        ]
      },
      "properties": {
        "osm_type": "way",
        "osm_id": 1098279242,
        "sido": "울산광역시",
        "name": "",
        "name_en": "",
        "substation_type": "",
        "voltage": "154000",
        "frequency": "60",
        "operator": "",
        "location": ""
      }
    },
    {
      "type": "Feature",
      "geometry": {
        "type": "Point",
        "coordinates": [
          129.401354,
          35.5045299
        ]
      },
      "properties": {
        "osm_type": "way",
        "osm_id": 1103298134,
        "sido": "울산광역시",
        "name": "",
        "name_en": "",
        "substation_type": "",
        "voltage": "154000",
        "frequency": "",
        "operator": "",
        "location": ""
      }
    },
    {
      "type": "Feature",
      "geometry": {
        "type": "Point",
        "coordinates": [
          129.3561852,
          35.4881667
        ]
      },
      "properties": {
        "osm_type": "way",
        "osm_id": 1255613947,
        "sido": "울산광역시",
        "name": "남울산변전소",
        "name_en": "",
        "substation_type": "transmission",
        "voltage": "345000",
        "frequency": "60",
        "operator": "",
        "location": "outdoor"
      }
    },
    {
      "type": "Feature",
      "geometry": {
        "type": "Point",
        "coordinates": [
          129.3125242,
          35.3375447
        ]
      },
      "properties": {
        "osm_type": "way",
        "osm_id": 1270612645,
        "sido": "울산광역시",
        "name": "",
        "name_en": "",
        "substation_type": "",
        "voltage": "",
        "frequency": "60",
        "operator": "",
        "location": ""
      }
    },
    {
      "type": "Feature",
      "geometry": {
        "type": "Point",
        "coordinates": [
          129.3119724,
          35.3362544
        ]
      },
      "properties": {
        "osm_type": "way",
        "osm_id": 1270612649,
        "sido": "울산광역시",
        "name": "",
        "name_en": "",
        "substation_type": "",
        "voltage": "",
        "frequency": "60",
        "operator": "",
        "location": ""
      }
    },
    {
      "type": "Feature",
      "geometry": {
        "type": "Point",
        "coordinates": [
          129.1839023,
          35.7036121
        ]
      },
      "properties": {
        "osm_type": "way",
        "osm_id": 1427245183,
        "sido": "울산광역시",
        "name": "울산전철 변전소",
        "name_en": "",
        "substation_type": "traction",
        "voltage": "154000;55000;27500",
        "frequency": "",
        "operator": "국가철도공단",
        "location": ""
      }
    },
    {
      "type": "Feature",
      "geometry": {
        "type": "Point",
        "coordinates": [
          127.5326907,
          36.2943426
        ]
      },
      "properties": {
        "osm_type": "way",
        "osm_id": 156580308,
        "sido": "충청북도",
        "name": "신옥천변전소",
        "name_en": "New Okcheon Substation",
        "substation_type": "transmission",
        "voltage": "345000",
        "frequency": "60",
        "operator": "",
        "location": "outdoor"
      }
    },
    {
      "type": "Feature",
      "geometry": {
        "type": "Point",
        "coordinates": [
          127.4141006,
          36.7167675
        ]
      },
      "properties": {
        "osm_type": "way",
        "osm_id": 205296347,
        "sido": "충청북도",
        "name": "오창변전소",
        "name_en": "Ochang Substation",
        "substation_type": "distribution",
        "voltage": "154000",
        "frequency": "60",
        "operator": "",
        "location": "indoor"
      }
    },
    {
      "type": "Feature",
      "geometry": {
        "type": "Point",
        "coordinates": [
          127.424571,
          36.6385153
        ]
      },
      "properties": {
        "osm_type": "way",
        "osm_id": 294600703,
        "sido": "충청북도",
        "name": "Power",
        "name_en": "",
        "substation_type": "transition",
        "voltage": "",
        "frequency": "",
        "operator": "",
        "location": "outdoor"
      }
    },
    {
      "type": "Feature",
      "geometry": {
        "type": "Point",
        "coordinates": [
          127.4459037,
          36.8804495
        ]
      },
      "properties": {
        "osm_type": "way",
        "osm_id": 308953870,
        "sido": "충청북도",
        "name": "진천변전소",
        "name_en": "Jincheon Substation",
        "substation_type": "distribution",
        "voltage": "154000",
        "frequency": "60",
        "operator": "",
        "location": "outdoor"
      }
    },
    {
      "type": "Feature",
      "geometry": {
        "type": "Point",
        "coordinates": [
          127.4607944,
          36.5535774
        ]
      },
      "properties": {
        "osm_type": "way",
        "osm_id": 310065312,
        "sido": "충청북도",
        "name": "청원변전소",
        "name_en": "Cheongwon Substation",
        "substation_type": "transmission",
        "voltage": "345000",
        "frequency": "60",
        "operator": "",
        "location": "outdoor"
      }
    },
    {
      "type": "Feature",
      "geometry": {
        "type": "Point",
        "coordinates": [
          127.3883301,
          36.8216019
        ]
      },
      "properties": {
        "osm_type": "way",
        "osm_id": 310574464,
        "sido": "충청북도",
        "name": "신진천변전소",
        "name_en": "New Jincheon Substation",
        "substation_type": "transmission",
        "voltage": "345000",
        "frequency": "60",
        "operator": "",
        "location": "outdoor"
      }
    },
    {
      "type": "Feature",
      "geometry": {
        "type": "Point",
        "coordinates": [
          127.3699827,
          36.5830137
        ]
      },
      "properties": {
        "osm_type": "way",
        "osm_id": 310689428,
        "sido": "충청북도",
        "name": "",
        "name_en": "",
        "substation_type": "distribution;traction",
        "voltage": "154000;55000;27500",
        "frequency": "60",
        "operator": "",
        "location": "outdoor"
      }
    },
    {
      "type": "Feature",
      "geometry": {
        "type": "Point",
        "coordinates": [
          127.3976954,
          36.6811286
        ]
      },
      "properties": {
        "osm_type": "way",
        "osm_id": 311068711,
        "sido": "충청북도",
        "name": "국사변전소",
        "name_en": "Guksa Substation",
        "substation_type": "distribution",
        "voltage": "154000",
        "frequency": "60",
        "operator": "",
        "location": "indoor"
      }
    },
    {
      "type": "Feature",
      "geometry": {
        "type": "Point",
        "coordinates": [
          128.2325396,
          37.1775791
        ]
      },
      "properties": {
        "osm_type": "way",
        "osm_id": 311223102,
        "sido": "충청북도",
        "name": "신제천변전소",
        "name_en": "New Jecheon Substation",
        "substation_type": "transmission",
        "voltage": "345000",
        "frequency": "60",
        "operator": "",
        "location": "outdoor"
      }
    },
    {
      "type": "Feature",
      "geometry": {
        "type": "Point",
        "coordinates": [
          127.4432025,
          36.6066253
        ]
      },
      "properties": {
        "osm_type": "way",
        "osm_id": 312319437,
        "sido": "충청북도",
        "name": "죽림변전소",
        "name_en": "",
        "substation_type": "distribution",
        "voltage": "154000",
        "frequency": "60",
        "operator": "",
        "location": "indoor"
      }
    },
    {
      "type": "Feature",
      "geometry": {
        "type": "Point",
        "coordinates": [
          127.8057106,
          37.0189944
        ]
      },
      "properties": {
        "osm_type": "way",
        "osm_id": 371952375,
        "sido": "충청북도",
        "name": "신충주변전소",
        "name_en": "Shin-Chungju Substation",
        "substation_type": "distribution",
        "voltage": "345000",
        "frequency": "60",
        "operator": "",
        "location": "outdoor"
      }
    },
    {
      "type": "Feature",
      "geometry": {
        "type": "Point",
        "coordinates": [
          127.8969534,
          36.9327886
        ]
      },
      "properties": {
        "osm_type": "way",
        "osm_id": 371952409,
        "sido": "충청북도",
        "name": "풍동변전소",
        "name_en": "Pungdong Substation",
        "substation_type": "distribution",
        "voltage": "154000",
        "frequency": "60",
        "operator": "",
        "location": "indoor"
      }
    },
    {
      "type": "Feature",
      "geometry": {
        "type": "Point",
        "coordinates": [
          127.7031665,
          36.9463976
        ]
      },
      "properties": {
        "osm_type": "way",
        "osm_id": 371952429,
        "sido": "충청북도",
        "name": "음성변전소",
        "name_en": "Eumseong Substation",
        "substation_type": "distribution",
        "voltage": "154000",
        "frequency": "60",
        "operator": "",
        "location": "outdoor"
      }
    },
    {
      "type": "Feature",
      "geometry": {
        "type": "Point",
        "coordinates": [
          127.8337232,
          36.2539698
        ]
      },
      "properties": {
        "osm_type": "way",
        "osm_id": 511900626,
        "sido": "충청북도",
        "name": "영동변전소",
        "name_en": "Yeongdong Substation",
        "substation_type": "distribution",
        "voltage": "154000",
        "frequency": "60",
        "operator": "",
        "location": "outdoor"
      }
    },
    {
      "type": "Feature",
      "geometry": {
        "type": "Point",
        "coordinates": [
          127.4622231,
          36.6280631
        ]
      },
      "properties": {
        "osm_type": "way",
        "osm_id": 665834150,
        "sido": "충청북도",
        "name": "특고압 변전실",
        "name_en": "",
        "substation_type": "yes",
        "voltage": "",
        "frequency": "",
        "operator": "",
        "location": ""
      }
    },
    {
      "type": "Feature",
      "geometry": {
        "type": "Point",
        "coordinates": [
          127.5573756,
          36.9189874
        ]
      },
      "properties": {
        "osm_type": "way",
        "osm_id": 680249152,
        "sido": "충청북도",
        "name": "남음성변전소",
        "name_en": "South-Eumseong Substation",
        "substation_type": "distribution",
        "voltage": "154000",
        "frequency": "60",
        "operator": "",
        "location": "indoor"
      }
    },
    {
      "type": "Feature",
      "geometry": {
        "type": "Point",
        "coordinates": [
          127.9127079,
          37.0421384
        ]
      },
      "properties": {
        "osm_type": "way",
        "osm_id": 682152044,
        "sido": "충청북도",
        "name": "",
        "name_en": "",
        "substation_type": "",
        "voltage": "",
        "frequency": "",
        "operator": "",
        "location": ""
      }
    },
    {
      "type": "Feature",
      "geometry": {
        "type": "Point",
        "coordinates": [
          127.3253667,
          36.6209567
        ]
      },
      "properties": {
        "osm_type": "way",
        "osm_id": 692756045,
        "sido": "충청북도",
        "name": "",
        "name_en": "",
        "substation_type": "traction",
        "voltage": "55000;27500",
        "frequency": "",
        "operator": "",
        "location": ""
      }
    },
    {
      "type": "Feature",
      "geometry": {
        "type": "Point",
        "coordinates": [
          127.4320167,
          36.9854092
        ]
      },
      "properties": {
        "osm_type": "way",
        "osm_id": 702436285,
        "sido": "충청북도",
        "name": "만승변전소",
        "name_en": "Manseung Substation",
        "substation_type": "distribution",
        "voltage": "154000",
        "frequency": "60",
        "operator": "",
        "location": "indoor"
      }
    },
    {
      "type": "Feature",
      "geometry": {
        "type": "Point",
        "coordinates": [
          127.6096572,
          36.7258413
        ]
      },
      "properties": {
        "osm_type": "way",
        "osm_id": 771936556,
        "sido": "충청북도",
        "name": "초정변전소",
        "name_en": "Chojeong Substation",
        "substation_type": "distribution",
        "voltage": "154000",
        "frequency": "60",
        "operator": "",
        "location": "indoor"
      }
    },
    {
      "type": "Feature",
      "geometry": {
        "type": "Point",
        "coordinates": [
          127.5112838,
          36.5982856
        ]
      },
      "properties": {
        "osm_type": "way",
        "osm_id": 771936560,
        "sido": "충청북도",
        "name": "청주변전소",
        "name_en": "Cheongju Substation",
        "substation_type": "distribution",
        "voltage": "154000",
        "frequency": "60",
        "operator": "",
        "location": "outdoor"
      }
    },
    {
      "type": "Feature",
      "geometry": {
        "type": "Point",
        "coordinates": [
          127.6496035,
          36.8098106
        ]
      },
      "properties": {
        "osm_type": "way",
        "osm_id": 771936572,
        "sido": "충청북도",
        "name": "증평변전소",
        "name_en": "Jeungpyeong Substation",
        "substation_type": "distribution",
        "voltage": "154000",
        "frequency": "60",
        "operator": "",
        "location": "platform"
      }
    },
    {
      "type": "Feature",
      "geometry": {
        "type": "Point",
        "coordinates": [
          127.3592204,
          36.7488859
        ]
      },
      "properties": {
        "osm_type": "way",
        "osm_id": 882280300,
        "sido": "충청북도",
        "name": "신중부변전소",
        "name_en": "Shin-Jungbu Substation",
        "substation_type": "transmission",
        "voltage": "765000",
        "frequency": "60",
        "operator": "",
        "location": "outdoor"
      }
    },
    {
      "type": "Feature",
      "geometry": {
        "type": "Point",
        "coordinates": [
          127.786465,
          36.8274917
        ]
      },
      "properties": {
        "osm_type": "way",
        "osm_id": 893895766,
        "sido": "충청북도",
        "name": "괴산변전소",
        "name_en": "Goesan Substation",
        "substation_type": "distribution",
        "voltage": "154000",
        "frequency": "60",
        "operator": "",
        "location": "indoor"
      }
    },
    {
      "type": "Feature",
      "geometry": {
        "type": "Point",
        "coordinates": [
          127.6837731,
          37.1179927
        ]
      },
      "properties": {
        "osm_type": "way",
        "osm_id": 893895771,
        "sido": "충청북도",
        "name": "감곡변전소",
        "name_en": "Gamgok Substation",
        "substation_type": "distribution",
        "voltage": "154000",
        "frequency": "60",
        "operator": "한국전력공사",
        "location": "indoor"
      }
    },
    {
      "type": "Feature",
      "geometry": {
        "type": "Point",
        "coordinates": [
          128.3321022,
          36.994255
        ]
      },
      "properties": {
        "osm_type": "way",
        "osm_id": 894076506,
        "sido": "충청북도",
        "name": "단양변전소",
        "name_en": "Danyang Substation",
        "substation_type": "distribution",
        "voltage": "154000",
        "frequency": "60",
        "operator": "",
        "location": "outdoor"
      }
    },
    {
      "type": "Feature",
      "geometry": {
        "type": "Point",
        "coordinates": [
          127.5796068,
          36.9816284
        ]
      },
      "properties": {
        "osm_type": "way",
        "osm_id": 894076510,
        "sido": "충청북도",
        "name": "금왕변전소",
        "name_en": "Geumwang Substation",
        "substation_type": "distribution",
        "voltage": "154000",
        "frequency": "60",
        "operator": "",
        "location": "indoor"
      }
    },
    {
      "type": "Feature",
      "geometry": {
        "type": "Point",
        "coordinates": [
          127.3363461,
          36.6346474
        ]
      },
      "properties": {
        "osm_type": "way",
        "osm_id": 894167068,
        "sido": "충청북도",
        "name": "오송변전소",
        "name_en": "",
        "substation_type": "distribution",
        "voltage": "154000",
        "frequency": "60",
        "operator": "",
        "location": "indoor"
      }
    },
    {
      "type": "Feature",
      "geometry": {
        "type": "Point",
        "coordinates": [
          127.4307788,
          36.6325597
        ]
      },
      "properties": {
        "osm_type": "way",
        "osm_id": 894167069,
        "sido": "충청북도",
        "name": "서청주변전소",
        "name_en": "",
        "substation_type": "distribution",
        "voltage": "154000",
        "frequency": "60",
        "operator": "",
        "location": "outdoor"
      }
    },
    {
      "type": "Feature",
      "geometry": {
        "type": "Point",
        "coordinates": [
          127.5101415,
          36.6628081
        ]
      },
      "properties": {
        "osm_type": "way",
        "osm_id": 894167070,
        "sido": "충청북도",
        "name": "상당변전소",
        "name_en": "",
        "substation_type": "distribution",
        "voltage": "154000",
        "frequency": "60",
        "operator": "",
        "location": "indoor"
      }
    },
    {
      "type": "Feature",
      "geometry": {
        "type": "Point",
        "coordinates": [
          127.4754036,
          36.6422403
        ]
      },
      "properties": {
        "osm_type": "way",
        "osm_id": 894167071,
        "sido": "충청북도",
        "name": "사직변전소",
        "name_en": "",
        "substation_type": "distribution",
        "voltage": "154000",
        "frequency": "60",
        "operator": "",
        "location": "indoor"
      }
    },
    {
      "type": "Feature",
      "geometry": {
        "type": "Point",
        "coordinates": [
          127.9201265,
          36.9997985
        ]
      },
      "properties": {
        "osm_type": "way",
        "osm_id": 894167075,
        "sido": "충청북도",
        "name": "충주변전소",
        "name_en": "Chungju Substation",
        "substation_type": "distribution",
        "voltage": "154000",
        "frequency": "60",
        "operator": "",
        "location": "outdoor"
      }
    },
    {
      "type": "Feature",
      "geometry": {
        "type": "Point",
        "coordinates": [
          127.9711861,
          37.0937817
        ]
      },
      "properties": {
        "osm_type": "way",
        "osm_id": 894167078,
        "sido": "충청북도",
        "name": "북충주변전소",
        "name_en": "North-Chunju Substation",
        "substation_type": "distribution",
        "voltage": "154000",
        "frequency": "60",
        "operator": "",
        "location": "indoor"
      }
    },
    {
      "type": "Feature",
      "geometry": {
        "type": "Point",
        "coordinates": [
          127.4548352,
          36.6575066
        ]
      },
      "properties": {
        "osm_type": "way",
        "osm_id": 894167079,
        "sido": "충청북도",
        "name": "북청주변전소",
        "name_en": "",
        "substation_type": "distribution",
        "voltage": "154000",
        "frequency": "60",
        "operator": "",
        "location": "indoor"
      }
    },
    {
      "type": "Feature",
      "geometry": {
        "type": "Point",
        "coordinates": [
          127.4548004,
          36.6580293
        ]
      },
      "properties": {
        "osm_type": "way",
        "osm_id": 894167080,
        "sido": "충청북도",
        "name": "봉명변전소",
        "name_en": "",
        "substation_type": "distribution",
        "voltage": "154000",
        "frequency": "60",
        "operator": "",
        "location": "indoor"
      }
    },
    {
      "type": "Feature",
      "geometry": {
        "type": "Point",
        "coordinates": [
          127.7284894,
          36.4281613
        ]
      },
      "properties": {
        "osm_type": "way",
        "osm_id": 894167085,
        "sido": "충청북도",
        "name": "보은변전소",
        "name_en": "Boeun Substation",
        "substation_type": "distribution",
        "voltage": "154000",
        "frequency": "60",
        "operator": "",
        "location": "outdoor"
      }
    },
    {
      "type": "Feature",
      "geometry": {
        "type": "Point",
        "coordinates": [
          127.4943651,
          36.9142823
        ]
      },
      "properties": {
        "osm_type": "way",
        "osm_id": 894167089,
        "sido": "충청북도",
        "name": "덕산변전소",
        "name_en": "Deoksan Substation",
        "substation_type": "distribution",
        "voltage": "154000",
        "frequency": "60",
        "operator": "",
        "location": "indoor"
      }
    },
    {
      "type": "Feature",
      "geometry": {
        "type": "Point",
        "coordinates": [
          128.3302886,
          36.9399138
        ]
      },
      "properties": {
        "osm_type": "way",
        "osm_id": 894167090,
        "sido": "충청북도",
        "name": "",
        "name_en": "",
        "substation_type": "distribution",
        "voltage": "154000",
        "frequency": "60",
        "operator": "",
        "location": "outdoor"
      }
    },
    {
      "type": "Feature",
      "geometry": {
        "type": "Point",
        "coordinates": [
          128.2122417,
          37.1542435
        ]
      },
      "properties": {
        "osm_type": "way",
        "osm_id": 894402289,
        "sido": "충청북도",
        "name": "제천변전소",
        "name_en": "Jecheon Substation",
        "substation_type": "distribution",
        "voltage": "154000",
        "frequency": "60",
        "operator": "",
        "location": "outdoor"
      }
    },
    {
      "type": "Feature",
      "geometry": {
        "type": "Point",
        "coordinates": [
          127.9675793,
          36.8487523
        ]
      },
      "properties": {
        "osm_type": "way",
        "osm_id": 894402291,
        "sido": "충청북도",
        "name": "장연변전소",
        "name_en": "Jangyeon Substation",
        "substation_type": "distribution",
        "voltage": "154000",
        "frequency": "60",
        "operator": "",
        "location": "indoor"
      }
    },
    {
      "type": "Feature",
      "geometry": {
        "type": "Point",
        "coordinates": [
          128.1636696,
          37.1513732
        ]
      },
      "properties": {
        "osm_type": "way",
        "osm_id": 894402294,
        "sido": "충청북도",
        "name": "왕암변전소",
        "name_en": "Wangam Substation",
        "substation_type": "distribution",
        "voltage": "154000",
        "frequency": "60",
        "operator": "",
        "location": "indoor"
      }
    },
    {
      "type": "Feature",
      "geometry": {
        "type": "Point",
        "coordinates": [
          127.6523905,
          36.2475298
        ]
      },
      "properties": {
        "osm_type": "way",
        "osm_id": 894402295,
        "sido": "충청북도",
        "name": "옥천변전소",
        "name_en": "Okcheon Substation",
        "substation_type": "distribution;traction",
        "voltage": "154000;55000;27500",
        "frequency": "60",
        "operator": "국가철도공단",
        "location": "outdoor"
      }
    },
    {
      "type": "Feature",
      "geometry": {
        "type": "Point",
        "coordinates": [
          127.5854329,
          36.3006138
        ]
      },
      "properties": {
        "osm_type": "way",
        "osm_id": 894402298,
        "sido": "충청북도",
        "name": "옥천변전소",
        "name_en": "Okcheon Substation",
        "substation_type": "distribution",
        "voltage": "154000",
        "frequency": "60",
        "operator": "",
        "location": "indoor"
      }
    },
    {
      "type": "Feature",
      "geometry": {
        "type": "Point",
        "coordinates": [
          127.2983791,
          36.6381509
        ]
      },
      "properties": {
        "osm_type": "way",
        "osm_id": 989445183,
        "sido": "충청북도",
        "name": "북오송변전소",
        "name_en": "",
        "substation_type": "",
        "voltage": "154000",
        "frequency": "60",
        "operator": "",
        "location": "indoor"
      }
    },
    {
      "type": "Feature",
      "geometry": {
        "type": "Point",
        "coordinates": [
          127.5227364,
          36.2883321
        ]
      },
      "properties": {
        "osm_type": "way",
        "osm_id": 1069906048,
        "sido": "충청북도",
        "name": "",
        "name_en": "",
        "substation_type": "traction",
        "voltage": "55000;27500",
        "frequency": "",
        "operator": "",
        "location": ""
      }
    },
    {
      "type": "Feature",
      "geometry": {
        "type": "Point",
        "coordinates": [
          127.5835235,
          36.2608068
        ]
      },
      "properties": {
        "osm_type": "way",
        "osm_id": 1069906621,
        "sido": "충청북도",
        "name": "",
        "name_en": "",
        "substation_type": "traction",
        "voltage": "55000;27500",
        "frequency": "",
        "operator": "",
        "location": ""
      }
    },
    {
      "type": "Feature",
      "geometry": {
        "type": "Point",
        "coordinates": [
          128.2894899,
          37.1980536
        ]
      },
      "properties": {
        "osm_type": "way",
        "osm_id": 1094774807,
        "sido": "충청북도",
        "name": "",
        "name_en": "",
        "substation_type": "",
        "voltage": "",
        "frequency": "",
        "operator": "",
        "location": ""
      }
    },
    {
      "type": "Feature",
      "geometry": {
        "type": "Point",
        "coordinates": [
          127.3597008,
          36.7497348
        ]
      },
      "properties": {
        "osm_type": "way",
        "osm_id": 1190074378,
        "sido": "충청북도",
        "name": "",
        "name_en": "",
        "substation_type": "",
        "voltage": "",
        "frequency": "",
        "operator": "",
        "location": ""
      }
    },
    {
      "type": "Feature",
      "geometry": {
        "type": "Point",
        "coordinates": [
          127.3589772,
          36.7498379
        ]
      },
      "properties": {
        "osm_type": "way",
        "osm_id": 1190074379,
        "sido": "충청북도",
        "name": "",
        "name_en": "",
        "substation_type": "",
        "voltage": "",
        "frequency": "",
        "operator": "",
        "location": ""
      }
    },
    {
      "type": "Feature",
      "geometry": {
        "type": "Point",
        "coordinates": [
          128.3167988,
          37.0322585
        ]
      },
      "properties": {
        "osm_type": "way",
        "osm_id": 1193756697,
        "sido": "충청북도",
        "name": "",
        "name_en": "",
        "substation_type": "traction",
        "voltage": "55000;27500",
        "frequency": "",
        "operator": "",
        "location": ""
      }
    },
    {
      "type": "Feature",
      "geometry": {
        "type": "Point",
        "coordinates": [
          128.2939133,
          37.1918031
        ]
      },
      "properties": {
        "osm_type": "way",
        "osm_id": 1193756698,
        "sido": "충청북도",
        "name": "",
        "name_en": "",
        "substation_type": "traction",
        "voltage": "55000;27500",
        "frequency": "",
        "operator": "",
        "location": ""
      }
    },
    {
      "type": "Feature",
      "geometry": {
        "type": "Point",
        "coordinates": [
          128.2274577,
          37.1221863
        ]
      },
      "properties": {
        "osm_type": "way",
        "osm_id": 1193756699,
        "sido": "충청북도",
        "name": "",
        "name_en": "",
        "substation_type": "traction",
        "voltage": "55000;27500",
        "frequency": "",
        "operator": "",
        "location": ""
      }
    },
    {
      "type": "Feature",
      "geometry": {
        "type": "Point",
        "coordinates": [
          128.1580168,
          37.1243554
        ]
      },
      "properties": {
        "osm_type": "way",
        "osm_id": 1193756700,
        "sido": "충청북도",
        "name": "",
        "name_en": "",
        "substation_type": "traction",
        "voltage": "55000;27500",
        "frequency": "",
        "operator": "",
        "location": ""
      }
    },
    {
      "type": "Feature",
      "geometry": {
        "type": "Point",
        "coordinates": [
          128.1217949,
          37.1305893
        ]
      },
      "properties": {
        "osm_type": "way",
        "osm_id": 1193756701,
        "sido": "충청북도",
        "name": "",
        "name_en": "",
        "substation_type": "traction",
        "voltage": "55000;27500",
        "frequency": "",
        "operator": "",
        "location": ""
      }
    },
    {
      "type": "Feature",
      "geometry": {
        "type": "Point",
        "coordinates": [
          127.3119653,
          36.6129157
        ]
      },
      "properties": {
        "osm_type": "way",
        "osm_id": 1193762355,
        "sido": "충청북도",
        "name": "",
        "name_en": "",
        "substation_type": "traction",
        "voltage": "55000;27500",
        "frequency": "",
        "operator": "",
        "location": ""
      }
    },
    {
      "type": "Feature",
      "geometry": {
        "type": "Point",
        "coordinates": [
          127.388639,
          36.64209
        ]
      },
      "properties": {
        "osm_type": "way",
        "osm_id": 1193762356,
        "sido": "충청북도",
        "name": "",
        "name_en": "",
        "substation_type": "traction",
        "voltage": "55000;27500",
        "frequency": "",
        "operator": "",
        "location": ""
      }
    },
    {
      "type": "Feature",
      "geometry": {
        "type": "Point",
        "coordinates": [
          127.4705022,
          36.6911066
        ]
      },
      "properties": {
        "osm_type": "way",
        "osm_id": 1193762357,
        "sido": "충청북도",
        "name": "",
        "name_en": "",
        "substation_type": "traction",
        "voltage": "55000;27500",
        "frequency": "",
        "operator": "",
        "location": ""
      }
    },
    {
      "type": "Feature",
      "geometry": {
        "type": "Point",
        "coordinates": [
          127.540068,
          36.7292878
        ]
      },
      "properties": {
        "osm_type": "way",
        "osm_id": 1193762358,
        "sido": "충청북도",
        "name": "",
        "name_en": "",
        "substation_type": "traction",
        "voltage": "55000;27500",
        "frequency": "",
        "operator": "",
        "location": ""
      }
    },
    {
      "type": "Feature",
      "geometry": {
        "type": "Point",
        "coordinates": [
          127.6179184,
          36.8050927
        ]
      },
      "properties": {
        "osm_type": "way",
        "osm_id": 1193762359,
        "sido": "충청북도",
        "name": "",
        "name_en": "",
        "substation_type": "traction",
        "voltage": "55000;27500",
        "frequency": "",
        "operator": "",
        "location": ""
      }
    },
    {
      "type": "Feature",
      "geometry": {
        "type": "Point",
        "coordinates": [
          127.6654485,
          36.8794575
        ]
      },
      "properties": {
        "osm_type": "way",
        "osm_id": 1193762360,
        "sido": "충청북도",
        "name": "",
        "name_en": "",
        "substation_type": "traction",
        "voltage": "55000;27500",
        "frequency": "",
        "operator": "",
        "location": ""
      }
    },
    {
      "type": "Feature",
      "geometry": {
        "type": "Point",
        "coordinates": [
          127.7879711,
          36.9608353
        ]
      },
      "properties": {
        "osm_type": "way",
        "osm_id": 1193762361,
        "sido": "충청북도",
        "name": "",
        "name_en": "",
        "substation_type": "traction",
        "voltage": "55000;27500",
        "frequency": "",
        "operator": "",
        "location": ""
      }
    },
    {
      "type": "Feature",
      "geometry": {
        "type": "Point",
        "coordinates": [
          127.8700566,
          36.9624594
        ]
      },
      "properties": {
        "osm_type": "way",
        "osm_id": 1193762362,
        "sido": "충청북도",
        "name": "",
        "name_en": "",
        "substation_type": "traction",
        "voltage": "55000;27500",
        "frequency": "",
        "operator": "",
        "location": ""
      }
    },
    {
      "type": "Feature",
      "geometry": {
        "type": "Point",
        "coordinates": [
          127.9157522,
          37.0004535
        ]
      },
      "properties": {
        "osm_type": "way",
        "osm_id": 1193762363,
        "sido": "충청북도",
        "name": "",
        "name_en": "",
        "substation_type": "traction",
        "voltage": "55000;27500",
        "frequency": "",
        "operator": "",
        "location": ""
      }
    },
    {
      "type": "Feature",
      "geometry": {
        "type": "Point",
        "coordinates": [
          127.8697513,
          37.0677267
        ]
      },
      "properties": {
        "osm_type": "way",
        "osm_id": 1193762364,
        "sido": "충청북도",
        "name": "",
        "name_en": "",
        "substation_type": "traction",
        "voltage": "55000;27500",
        "frequency": "",
        "operator": "",
        "location": ""
      }
    },
    {
      "type": "Feature",
      "geometry": {
        "type": "Point",
        "coordinates": [
          127.7721146,
          37.0986082
        ]
      },
      "properties": {
        "osm_type": "way",
        "osm_id": 1193762365,
        "sido": "충청북도",
        "name": "",
        "name_en": "",
        "substation_type": "traction",
        "voltage": "55000;27500",
        "frequency": "",
        "operator": "",
        "location": ""
      }
    },
    {
      "type": "Feature",
      "geometry": {
        "type": "Point",
        "coordinates": [
          127.3557526,
          36.5823735
        ]
      },
      "properties": {
        "osm_type": "way",
        "osm_id": 1193995778,
        "sido": "충청북도",
        "name": "강내 급전구분소",
        "name_en": "Gangnae Sectioning Post",
        "substation_type": "traction",
        "voltage": "55000;27500",
        "frequency": "",
        "operator": "",
        "location": ""
      }
    },
    {
      "type": "Feature",
      "geometry": {
        "type": "Point",
        "coordinates": [
          127.5733187,
          36.2837245
        ]
      },
      "properties": {
        "osm_type": "way",
        "osm_id": 1195121226,
        "sido": "충청북도",
        "name": "",
        "name_en": "",
        "substation_type": "traction",
        "voltage": "55000;27500",
        "frequency": "",
        "operator": "",
        "location": ""
      }
    },
    {
      "type": "Feature",
      "geometry": {
        "type": "Point",
        "coordinates": [
          127.641904,
          36.2491597
        ]
      },
      "properties": {
        "osm_type": "way",
        "osm_id": 1195121227,
        "sido": "충청북도",
        "name": "",
        "name_en": "",
        "substation_type": "traction",
        "voltage": "55000;27500",
        "frequency": "",
        "operator": "",
        "location": ""
      }
    },
    {
      "type": "Feature",
      "geometry": {
        "type": "Point",
        "coordinates": [
          127.7257224,
          36.2292109
        ]
      },
      "properties": {
        "osm_type": "way",
        "osm_id": 1195121228,
        "sido": "충청북도",
        "name": "",
        "name_en": "",
        "substation_type": "traction",
        "voltage": "154000",
        "frequency": "",
        "operator": "",
        "location": ""
      }
    },
    {
      "type": "Feature",
      "geometry": {
        "type": "Point",
        "coordinates": [
          127.7427014,
          36.2041369
        ]
      },
      "properties": {
        "osm_type": "way",
        "osm_id": 1195121229,
        "sido": "충청북도",
        "name": "",
        "name_en": "",
        "substation_type": "traction",
        "voltage": "154000",
        "frequency": "",
        "operator": "",
        "location": ""
      }
    },
    {
      "type": "Feature",
      "geometry": {
        "type": "Point",
        "coordinates": [
          128.0015487,
          36.2078465
        ]
      },
      "properties": {
        "osm_type": "way",
        "osm_id": 1195121233,
        "sido": "충청북도",
        "name": "",
        "name_en": "",
        "substation_type": "traction",
        "voltage": "55000;27500",
        "frequency": "",
        "operator": "",
        "location": ""
      }
    },
    {
      "type": "Feature",
      "geometry": {
        "type": "Point",
        "coordinates": [
          127.9062861,
          36.2245146
        ]
      },
      "properties": {
        "osm_type": "way",
        "osm_id": 1195121234,
        "sido": "충청북도",
        "name": "",
        "name_en": "",
        "substation_type": "traction",
        "voltage": "55000;27500",
        "frequency": "",
        "operator": "",
        "location": ""
      }
    },
    {
      "type": "Feature",
      "geometry": {
        "type": "Point",
        "coordinates": [
          127.805068,
          36.1694277
        ]
      },
      "properties": {
        "osm_type": "way",
        "osm_id": 1195121235,
        "sido": "충청북도",
        "name": "",
        "name_en": "",
        "substation_type": "traction",
        "voltage": "55000;27500",
        "frequency": "",
        "operator": "",
        "location": ""
      }
    },
    {
      "type": "Feature",
      "geometry": {
        "type": "Point",
        "coordinates": [
          127.8169759,
          36.1629542
        ]
      },
      "properties": {
        "osm_type": "way",
        "osm_id": 1195121236,
        "sido": "충청북도",
        "name": "",
        "name_en": "",
        "substation_type": "traction",
        "voltage": "55000;27500",
        "frequency": "",
        "operator": "",
        "location": ""
      }
    },
    {
      "type": "Feature",
      "geometry": {
        "type": "Point",
        "coordinates": [
          127.9021997,
          36.145131
        ]
      },
      "properties": {
        "osm_type": "way",
        "osm_id": 1195121237,
        "sido": "충청북도",
        "name": "",
        "name_en": "",
        "substation_type": "traction",
        "voltage": "55000;27500",
        "frequency": "",
        "operator": "",
        "location": ""
      }
    },
    {
      "type": "Feature",
      "geometry": {
        "type": "Point",
        "coordinates": [
          128.0187401,
          36.7852758
        ]
      },
      "properties": {
        "osm_type": "way",
        "osm_id": 1389518147,
        "sido": "충청북도",
        "name": "",
        "name_en": "",
        "substation_type": "",
        "voltage": "25000",
        "frequency": "",
        "operator": "한국철도공사",
        "location": ""
      }
    },
    {
      "type": "Feature",
      "geometry": {
        "type": "Point",
        "coordinates": [
          128.0058173,
          36.8349551
        ]
      },
      "properties": {
        "osm_type": "way",
        "osm_id": 1389518175,
        "sido": "충청북도",
        "name": "",
        "name_en": "",
        "substation_type": "",
        "voltage": "25000",
        "frequency": "",
        "operator": "",
        "location": ""
      }
    },
    {
      "type": "Feature",
      "geometry": {
        "type": "Point",
        "coordinates": [
          128.0059005,
          36.8373158
        ]
      },
      "properties": {
        "osm_type": "way",
        "osm_id": 1390438892,
        "sido": "충청북도",
        "name": "",
        "name_en": "",
        "substation_type": "",
        "voltage": "25000",
        "frequency": "",
        "operator": "",
        "location": ""
      }
    },
    {
      "type": "Feature",
      "geometry": {
        "type": "Point",
        "coordinates": [
          128.0041075,
          36.8456262
        ]
      },
      "properties": {
        "osm_type": "way",
        "osm_id": 1390438905,
        "sido": "충청북도",
        "name": "",
        "name_en": "",
        "substation_type": "",
        "voltage": "25000",
        "frequency": "",
        "operator": "",
        "location": ""
      }
    },
    {
      "type": "Feature",
      "geometry": {
        "type": "Point",
        "coordinates": [
          127.9938043,
          36.8809516
        ]
      },
      "properties": {
        "osm_type": "way",
        "osm_id": 1390438908,
        "sido": "충청북도",
        "name": "",
        "name_en": "",
        "substation_type": "",
        "voltage": "25000",
        "frequency": "",
        "operator": "",
        "location": ""
      }
    },
    {
      "type": "Feature",
      "geometry": {
        "type": "Point",
        "coordinates": [
          127.6592827,
          37.1275962
        ]
      },
      "properties": {
        "osm_type": "way",
        "osm_id": 1431347632,
        "sido": "충청북도",
        "name": "",
        "name_en": "",
        "substation_type": "industrial",
        "voltage": "",
        "frequency": "",
        "operator": "",
        "location": "indoor"
      }
    },
    {
      "type": "Feature",
      "geometry": {
        "type": "Point",
        "coordinates": [
          129.4405294,
          36.7074943
        ]
      },
      "properties": {
        "osm_type": "node",
        "osm_id": 7885077990,
        "sido": "경상북도",
        "name": "",
        "name_en": "",
        "substation_type": "",
        "voltage": "",
        "frequency": "",
        "operator": "",
        "location": ""
      }
    },
    {
      "type": "Feature",
      "geometry": {
        "type": "Point",
        "coordinates": [
          129.4073356,
          35.9393258
        ]
      },
      "properties": {
        "osm_type": "way",
        "osm_id": 143605191,
        "sido": "경상북도",
        "name": "신포항 변전소",
        "name_en": "New Pohang Substation",
        "substation_type": "transmission",
        "voltage": "345000",
        "frequency": "60",
        "operator": "",
        "location": "outdoor"
      }
    },
    {
      "type": "Feature",
      "geometry": {
        "type": "Point",
        "coordinates": [
          129.3813723,
          37.0899706
        ]
      },
      "properties": {
        "osm_type": "way",
        "osm_id": 143993310,
        "sido": "경상북도",
        "name": "",
        "name_en": "",
        "substation_type": "transmission",
        "voltage": "345000",
        "frequency": "60",
        "operator": "",
        "location": "outdoor"
      }
    },
    {
      "type": "Feature",
      "geometry": {
        "type": "Point",
        "coordinates": [
          128.8347894,
          35.8720446
        ]
      },
      "properties": {
        "osm_type": "way",
        "osm_id": 308765055,
        "sido": "경상북도",
        "name": "신경산변전소",
        "name_en": "Shin-Gyeongsan Substation",
        "substation_type": "transmission",
        "voltage": "345000",
        "frequency": "60",
        "operator": "",
        "location": "outdoor"
      }
    },
    {
      "type": "Feature",
      "geometry": {
        "type": "Point",
        "coordinates": [
          128.4051738,
          35.7336762
        ]
      },
      "properties": {
        "osm_type": "way",
        "osm_id": 308770040,
        "sido": "경상북도",
        "name": "고령변전소",
        "name_en": "Goryeong Substation",
        "substation_type": "transmission",
        "voltage": "345000",
        "frequency": "60",
        "operator": "",
        "location": "outdoor"
      }
    },
    {
      "type": "Feature",
      "geometry": {
        "type": "Point",
        "coordinates": [
          129.4787399,
          35.719981
        ]
      },
      "properties": {
        "osm_type": "way",
        "osm_id": 308775743,
        "sido": "경상북도",
        "name": "",
        "name_en": "",
        "substation_type": "transmission",
        "voltage": "345000",
        "frequency": "60",
        "operator": "",
        "location": "outdoor"
      }
    },
    {
      "type": "Feature",
      "geometry": {
        "type": "Point",
        "coordinates": [
          128.4061712,
          35.97082
        ]
      },
      "properties": {
        "osm_type": "way",
        "osm_id": 308786013,
        "sido": "경상북도",
        "name": "서대구 변전소",
        "name_en": "West Daegu Substation",
        "substation_type": "transmission",
        "voltage": "345000",
        "frequency": "60",
        "operator": "",
        "location": "outdoor"
      }
    },
    {
      "type": "Feature",
      "geometry": {
        "type": "Point",
        "coordinates": [
          128.9631936,
          35.9874324
        ]
      },
      "properties": {
        "osm_type": "way",
        "osm_id": 308953835,
        "sido": "경상북도",
        "name": "영천변전소",
        "name_en": "Yeongcheon Substation",
        "substation_type": "transmission",
        "voltage": "154000",
        "frequency": "60",
        "operator": "",
        "location": "outdoor"
      }
    },
    {
      "type": "Feature",
      "geometry": {
        "type": "Point",
        "coordinates": [
          128.565534,
          36.7753392
        ]
      },
      "properties": {
        "osm_type": "way",
        "osm_id": 310995902,
        "sido": "경상북도",
        "name": "신영주변전소",
        "name_en": "New Yeongju Substation",
        "substation_type": "transmission",
        "voltage": "345000",
        "frequency": "60",
        "operator": "",
        "location": "outdoor"
      }
    },
    {
      "type": "Feature",
      "geometry": {
        "type": "Point",
        "coordinates": [
          129.3662902,
          35.9584068
        ]
      },
      "properties": {
        "osm_type": "way",
        "osm_id": 311144458,
        "sido": "경상북도",
        "name": "영일변전소",
        "name_en": "Yeongil Substation",
        "substation_type": "distribution",
        "voltage": "154000",
        "frequency": "60",
        "operator": "",
        "location": "outdoor"
      }
    },
    {
      "type": "Feature",
      "geometry": {
        "type": "Point",
        "coordinates": [
          128.7928512,
          35.9180442
        ]
      },
      "properties": {
        "osm_type": "way",
        "osm_id": 311144494,
        "sido": "경상북도",
        "name": "하양변전소",
        "name_en": "Hayang Substation",
        "substation_type": "distribution",
        "voltage": "154000",
        "frequency": "60",
        "operator": "",
        "location": "indoor"
      }
    },
    {
      "type": "Feature",
      "geometry": {
        "type": "Point",
        "coordinates": [
          129.3758876,
          35.9485414
        ]
      },
      "properties": {
        "osm_type": "way",
        "osm_id": 311144498,
        "sido": "경상북도",
        "name": "대송변전소",
        "name_en": "",
        "substation_type": "distribution",
        "voltage": "154000",
        "frequency": "60",
        "operator": "",
        "location": "outdoor"
      }
    },
    {
      "type": "Feature",
      "geometry": {
        "type": "Point",
        "coordinates": [
          129.2441472,
          35.9145103
        ]
      },
      "properties": {
        "osm_type": "way",
        "osm_id": 311144501,
        "sido": "경상북도",
        "name": "천북변전소",
        "name_en": "Cheonbuk Substation",
        "substation_type": "distribution",
        "voltage": "154000",
        "frequency": "60",
        "operator": "",
        "location": "indoor"
      }
    },
    {
      "type": "Feature",
      "geometry": {
        "type": "Point",
        "coordinates": [
          129.4061308,
          35.9411052
        ]
      },
      "properties": {
        "osm_type": "way",
        "osm_id": 311149683,
        "sido": "경상북도",
        "name": "",
        "name_en": "",
        "substation_type": "",
        "voltage": "",
        "frequency": "",
        "operator": "",
        "location": ""
      }
    },
    {
      "type": "Feature",
      "geometry": {
        "type": "Point",
        "coordinates": [
          128.3906711,
          35.7857459
        ]
      },
      "properties": {
        "osm_type": "way",
        "osm_id": 312375501,
        "sido": "경상북도",
        "name": "다산변전소",
        "name_en": "Dasan Substation",
        "substation_type": "distribution",
        "voltage": "154000",
        "frequency": "60",
        "operator": "",
        "location": "outdoor"
      }
    },
    {
      "type": "Feature",
      "geometry": {
        "type": "Point",
        "coordinates": [
          128.4221493,
          35.9709463
        ]
      },
      "properties": {
        "osm_type": "way",
        "osm_id": 312895039,
        "sido": "경상북도",
        "name": "칠곡변전소",
        "name_en": "",
        "substation_type": "distribution",
        "voltage": "154000",
        "frequency": "60",
        "operator": "",
        "location": "outdoor"
      }
    },
    {
      "type": "Feature",
      "geometry": {
        "type": "Point",
        "coordinates": [
          128.6984664,
          35.6520186
        ]
      },
      "properties": {
        "osm_type": "way",
        "osm_id": 313355123,
        "sido": "경상북도",
        "name": "청도변전소",
        "name_en": "",
        "substation_type": "distribution",
        "voltage": "154000",
        "frequency": "60",
        "operator": "",
        "location": "indoor"
      }
    },
    {
      "type": "Feature",
      "geometry": {
        "type": "Point",
        "coordinates": [
          129.484125,
          35.9781457
        ]
      },
      "properties": {
        "osm_type": "way",
        "osm_id": 313357457,
        "sido": "경상북도",
        "name": "상정변전소",
        "name_en": "Sangjeong Substation",
        "substation_type": "distribution",
        "voltage": "154000",
        "frequency": "60",
        "operator": "",
        "location": "indoor"
      }
    },
    {
      "type": "Feature",
      "geometry": {
        "type": "Point",
        "coordinates": [
          129.3755658,
          35.9938397
        ]
      },
      "properties": {
        "osm_type": "way",
        "osm_id": 313357459,
        "sido": "경상북도",
        "name": "",
        "name_en": "",
        "substation_type": "distribution",
        "voltage": "154000",
        "frequency": "60",
        "operator": "",
        "location": "outdoor"
      }
    },
    {
      "type": "Feature",
      "geometry": {
        "type": "Point",
        "coordinates": [
          129.3242226,
          35.6679445
        ]
      },
      "properties": {
        "osm_type": "way",
        "osm_id": 313367321,
        "sido": "경상북도",
        "name": "외동변전소",
        "name_en": "",
        "substation_type": "distribution",
        "voltage": "154000",
        "frequency": "60",
        "operator": "",
        "location": "indoor"
      }
    },
    {
      "type": "Feature",
      "geometry": {
        "type": "Point",
        "coordinates": [
          128.1713383,
          36.6034847
        ]
      },
      "properties": {
        "osm_type": "way",
        "osm_id": 316124756,
        "sido": "경상북도",
        "name": "점촌변전소",
        "name_en": "Jeomchon Substation",
        "substation_type": "distribution",
        "voltage": "154000",
        "frequency": "60",
        "operator": "",
        "location": "outdoor"
      }
    },
    {
      "type": "Feature",
      "geometry": {
        "type": "Point",
        "coordinates": [
          128.1478203,
          36.419367
        ]
      },
      "properties": {
        "osm_type": "way",
        "osm_id": 316124760,
        "sido": "경상북도",
        "name": "상주변전소",
        "name_en": "Sangju Substation",
        "substation_type": "distribution",
        "voltage": "154000",
        "frequency": "60",
        "operator": "",
        "location": "indoor"
      }
    },
    {
      "type": "Feature",
      "geometry": {
        "type": "Point",
        "coordinates": [
          128.9343836,
          36.9170888
        ]
      },
      "properties": {
        "osm_type": "way",
        "osm_id": 330322048,
        "sido": "경상북도",
        "name": "",
        "name_en": "",
        "substation_type": "",
        "voltage": "154000",
        "frequency": "60",
        "operator": "",
        "location": ""
      }
    },
    {
      "type": "Feature",
      "geometry": {
        "type": "Point",
        "coordinates": [
          128.8563927,
          36.9128084
        ]
      },
      "properties": {
        "osm_type": "way",
        "osm_id": 472316050,
        "sido": "경상북도",
        "name": "봉화변전소",
        "name_en": "Ponghwa Subtation",
        "substation_type": "",
        "voltage": "154000",
        "frequency": "",
        "operator": "",
        "location": ""
      }
    },
    {
      "type": "Feature",
      "geometry": {
        "type": "Point",
        "coordinates": [
          128.8366482,
          35.8714917
        ]
      },
      "properties": {
        "osm_type": "way",
        "osm_id": 680438276,
        "sido": "경상북도",
        "name": "경산변전소",
        "name_en": "Gyeongsan Substation",
        "substation_type": "distribution",
        "voltage": "154000",
        "frequency": "60",
        "operator": "",
        "location": "outdoor"
      }
    },
    {
      "type": "Feature",
      "geometry": {
        "type": "Point",
        "coordinates": [
          128.9457903,
          35.9069134
        ]
      },
      "properties": {
        "osm_type": "way",
        "osm_id": 680438291,
        "sido": "경상북도",
        "name": "금호변전소",
        "name_en": "Geumho Substation",
        "substation_type": "distribution",
        "voltage": "154000",
        "frequency": "60",
        "operator": "",
        "location": "outdoor"
      }
    },
    {
      "type": "Feature",
      "geometry": {
        "type": "Point",
        "coordinates": [
          128.316615,
          36.1344489
        ]
      },
      "properties": {
        "osm_type": "way",
        "osm_id": 762852356,
        "sido": "경상북도",
        "name": "",
        "name_en": "",
        "substation_type": "traction",
        "voltage": "55000;27500",
        "frequency": "",
        "operator": "",
        "location": ""
      }
    },
    {
      "type": "Feature",
      "geometry": {
        "type": "Point",
        "coordinates": [
          128.5399317,
          36.5932959
        ]
      },
      "properties": {
        "osm_type": "way",
        "osm_id": 814635252,
        "sido": "경상북도",
        "name": "",
        "name_en": "",
        "substation_type": "",
        "voltage": "",
        "frequency": "",
        "operator": "",
        "location": ""
      }
    },
    {
      "type": "Feature",
      "geometry": {
        "type": "Point",
        "coordinates": [
          128.430318,
          36.1776806
        ]
      },
      "properties": {
        "osm_type": "way",
        "osm_id": 880532874,
        "sido": "경상북도",
        "name": "선산변전소",
        "name_en": "Shin-Sanbyeon Substation",
        "substation_type": "transmission",
        "voltage": "345000",
        "frequency": "60",
        "operator": "",
        "location": "outdoor"
      }
    },
    {
      "type": "Feature",
      "geometry": {
        "type": "Point",
        "coordinates": [
          129.392554,
          35.9976105
        ]
      },
      "properties": {
        "osm_type": "way",
        "osm_id": 883725331,
        "sido": "경상북도",
        "name": "포스코변전소",
        "name_en": "POSCO Substation",
        "substation_type": "transmission",
        "voltage": "345000",
        "frequency": "60",
        "operator": "",
        "location": "outdoor"
      }
    },
    {
      "type": "Feature",
      "geometry": {
        "type": "Point",
        "coordinates": [
          129.2379151,
          36.0820529
        ]
      },
      "properties": {
        "osm_type": "way",
        "osm_id": 883725334,
        "sido": "경상북도",
        "name": "신영일변전소",
        "name_en": "Shin-Yeongil Substation",
        "substation_type": "transmission",
        "voltage": "345000",
        "frequency": "60",
        "operator": "",
        "location": "outdoor"
      }
    },
    {
      "type": "Feature",
      "geometry": {
        "type": "Point",
        "coordinates": [
          128.6701342,
          36.3418649
        ]
      },
      "properties": {
        "osm_type": "way",
        "osm_id": 884033661,
        "sido": "경상북도",
        "name": "의성변전소",
        "name_en": "Uiseong Substation",
        "substation_type": "transmission",
        "voltage": "154000",
        "frequency": "60",
        "operator": "",
        "location": "outdoor"
      }
    },
    {
      "type": "Feature",
      "geometry": {
        "type": "Point",
        "coordinates": [
          128.4166977,
          36.1162167
        ]
      },
      "properties": {
        "osm_type": "way",
        "osm_id": 884033665,
        "sido": "경상북도",
        "name": "인동변전소",
        "name_en": "Indong Substation",
        "substation_type": "distribution",
        "voltage": "154000",
        "frequency": "60",
        "operator": "",
        "location": "outdoor"
      }
    },
    {
      "type": "Feature",
      "geometry": {
        "type": "Point",
        "coordinates": [
          129.3890903,
          37.0812365
        ]
      },
      "properties": {
        "osm_type": "way",
        "osm_id": 884263043,
        "sido": "경상북도",
        "name": "",
        "name_en": "",
        "substation_type": "transmission",
        "voltage": "765000",
        "frequency": "60",
        "operator": "",
        "location": "outdoor"
      }
    },
    {
      "type": "Feature",
      "geometry": {
        "type": "Point",
        "coordinates": [
          129.016099,
          36.4059494
        ]
      },
      "properties": {
        "osm_type": "way",
        "osm_id": 884641930,
        "sido": "경상북도",
        "name": "청송양수변전소",
        "name_en": "Cheongsong Pumped Water Substation",
        "substation_type": "transmission",
        "voltage": "345000",
        "frequency": "60",
        "operator": "",
        "location": "outdoor"
      }
    },
    {
      "type": "Feature",
      "geometry": {
        "type": "Point",
        "coordinates": [
          128.743624,
          36.5870708
        ]
      },
      "properties": {
        "osm_type": "way",
        "osm_id": 888330017,
        "sido": "경상북도",
        "name": "안동변전소",
        "name_en": "Andong Substation",
        "substation_type": "distribution",
        "voltage": "154000",
        "frequency": "60",
        "operator": "",
        "location": "indoor"
      }
    },
    {
      "type": "Feature",
      "geometry": {
        "type": "Point",
        "coordinates": [
          129.3743616,
          36.421884
        ]
      },
      "properties": {
        "osm_type": "way",
        "osm_id": 888564838,
        "sido": "경상북도",
        "name": "영덕변전소",
        "name_en": "Yeongdeok Substation",
        "substation_type": "distribution",
        "voltage": "154000",
        "frequency": "60",
        "operator": "",
        "location": "outdoor"
      }
    },
    {
      "type": "Feature",
      "geometry": {
        "type": "Point",
        "coordinates": [
          129.0769047,
          36.5362111
        ]
      },
      "properties": {
        "osm_type": "way",
        "osm_id": 888564845,
        "sido": "경상북도",
        "name": "진보변전소",
        "name_en": "Jinbo Substation",
        "substation_type": "distribution",
        "voltage": "154000",
        "frequency": "60",
        "operator": "",
        "location": "indoor"
      }
    },
    {
      "type": "Feature",
      "geometry": {
        "type": "Point",
        "coordinates": [
          128.7775807,
          36.528831
        ]
      },
      "properties": {
        "osm_type": "way",
        "osm_id": 888564849,
        "sido": "경상북도",
        "name": "동안동변전소",
        "name_en": "East-Andong Substation",
        "substation_type": "distribution",
        "voltage": "154000",
        "frequency": "60",
        "operator": "",
        "location": "indoor"
      }
    },
    {
      "type": "Feature",
      "geometry": {
        "type": "Point",
        "coordinates": [
          128.862645,
          35.9499839
        ]
      },
      "properties": {
        "osm_type": "way",
        "osm_id": 891179671,
        "sido": "경상북도",
        "name": "청통변전소",
        "name_en": "",
        "substation_type": "distribution",
        "voltage": "154000",
        "frequency": "60",
        "operator": "",
        "location": "indoor"
      }
    },
    {
      "type": "Feature",
      "geometry": {
        "type": "Point",
        "coordinates": [
          129.4460638,
          35.7690656
        ]
      },
      "properties": {
        "osm_type": "way",
        "osm_id": 891179675,
        "sido": "경상북도",
        "name": "양북변전소",
        "name_en": "Yangbuk Substation",
        "substation_type": "distribution",
        "voltage": "154000",
        "frequency": "60",
        "operator": "",
        "location": "indoor"
      }
    },
    {
      "type": "Feature",
      "geometry": {
        "type": "Point",
        "coordinates": [
          129.0333429,
          35.9033574
        ]
      },
      "properties": {
        "osm_type": "way",
        "osm_id": 891179678,
        "sido": "경상북도",
        "name": "아화변전소",
        "name_en": "Ahwa Substation",
        "substation_type": "distribution",
        "voltage": "154000",
        "frequency": "60",
        "operator": "",
        "location": "indoor"
      }
    },
    {
      "type": "Feature",
      "geometry": {
        "type": "Point",
        "coordinates": [
          129.3571166,
          36.0516213
        ]
      },
      "properties": {
        "osm_type": "way",
        "osm_id": 891179683,
        "sido": "경상북도",
        "name": "북포항변전소",
        "name_en": "North-Pohang Substation",
        "substation_type": "distribution",
        "voltage": "154000",
        "frequency": "60",
        "operator": "",
        "location": "indoor"
      }
    },
    {
      "type": "Feature",
      "geometry": {
        "type": "Point",
        "coordinates": [
          129.3468477,
          36.0107781
        ]
      },
      "properties": {
        "osm_type": "way",
        "osm_id": 891179687,
        "sido": "경상북도",
        "name": "남포항변전소",
        "name_en": "",
        "substation_type": "distribution",
        "voltage": "154000",
        "frequency": "60",
        "operator": "",
        "location": "indoor"
      }
    },
    {
      "type": "Feature",
      "geometry": {
        "type": "Point",
        "coordinates": [
          129.2426755,
          35.8472818
        ]
      },
      "properties": {
        "osm_type": "way",
        "osm_id": 891179698,
        "sido": "경상북도",
        "name": "경주변전소",
        "name_en": "",
        "substation_type": "distribution",
        "voltage": "154000",
        "frequency": "60",
        "operator": "",
        "location": "outdoor"
      }
    },
    {
      "type": "Feature",
      "geometry": {
        "type": "Point",
        "coordinates": [
          129.125971,
          35.8274265
        ]
      },
      "properties": {
        "osm_type": "way",
        "osm_id": 891179699,
        "sido": "경상북도",
        "name": "건천변전소",
        "name_en": "Geoncheon Substation",
        "substation_type": "traction",
        "voltage": "154000;25000",
        "frequency": "60",
        "operator": "",
        "location": "indoor"
      }
    },
    {
      "type": "Feature",
      "geometry": {
        "type": "Point",
        "coordinates": [
          129.3461542,
          36.1551499
        ]
      },
      "properties": {
        "osm_type": "way",
        "osm_id": 891196915,
        "sido": "경상북도",
        "name": "청하변전소",
        "name_en": "Cheongha Substation",
        "substation_type": "distribution",
        "voltage": "154000",
        "frequency": "60",
        "operator": "",
        "location": "indoor"
      }
    },
    {
      "type": "Feature",
      "geometry": {
        "type": "Point",
        "coordinates": [
          128.1258221,
          36.1599911
        ]
      },
      "properties": {
        "osm_type": "way",
        "osm_id": 891430001,
        "sido": "경상북도",
        "name": "어모변전소",
        "name_en": "",
        "substation_type": "distribution",
        "voltage": "154000",
        "frequency": "60",
        "operator": "",
        "location": "outdoor"
      }
    },
    {
      "type": "Feature",
      "geometry": {
        "type": "Point",
        "coordinates": [
          128.1827406,
          36.1312406
        ]
      },
      "properties": {
        "osm_type": "way",
        "osm_id": 891430006,
        "sido": "경상북도",
        "name": "농소변전소",
        "name_en": "",
        "substation_type": "distribution",
        "voltage": "154000",
        "frequency": "60",
        "operator": "",
        "location": "indoor"
      }
    },
    {
      "type": "Feature",
      "geometry": {
        "type": "Point",
        "coordinates": [
          128.3575393,
          36.0813178
        ]
      },
      "properties": {
        "osm_type": "way",
        "osm_id": 891430008,
        "sido": "경상북도",
        "name": "남구미변전소",
        "name_en": "South-Gumi Substation",
        "substation_type": "distribution",
        "voltage": "154000",
        "frequency": "60",
        "operator": "",
        "location": "indoor"
      }
    },
    {
      "type": "Feature",
      "geometry": {
        "type": "Point",
        "coordinates": [
          128.0975189,
          36.08105
        ]
      },
      "properties": {
        "osm_type": "way",
        "osm_id": 891430010,
        "sido": "경상북도",
        "name": "금릉변전소",
        "name_en": "Geumneung Substation",
        "substation_type": "distribution",
        "voltage": "154000",
        "frequency": "60",
        "operator": "",
        "location": "indoor"
      }
    },
    {
      "type": "Feature",
      "geometry": {
        "type": "Point",
        "coordinates": [
          128.1350416,
          36.132927
        ]
      },
      "properties": {
        "osm_type": "way",
        "osm_id": 891430013,
        "sido": "경상북도",
        "name": "김천변전소",
        "name_en": "Gimcheon Substation",
        "substation_type": "distribution",
        "voltage": "154000",
        "frequency": "60",
        "operator": "",
        "location": "outdoor"
      }
    },
    {
      "type": "Feature",
      "geometry": {
        "type": "Point",
        "coordinates": [
          128.3716862,
          36.0990293
        ]
      },
      "properties": {
        "osm_type": "way",
        "osm_id": 891430015,
        "sido": "경상북도",
        "name": "광평변전소",
        "name_en": "",
        "substation_type": "distribution",
        "voltage": "154000",
        "frequency": "60",
        "operator": "",
        "location": "outdoor"
      }
    },
    {
      "type": "Feature",
      "geometry": {
        "type": "Point",
        "coordinates": [
          128.2514213,
          35.6653921
        ]
      },
      "properties": {
        "osm_type": "way",
        "osm_id": 891430209,
        "sido": "경상북도",
        "name": "쌍림변전소",
        "name_en": "Ssangnim Substation",
        "substation_type": "distribution",
        "voltage": "154000",
        "frequency": "60",
        "operator": "",
        "location": "indoor"
      }
    },
    {
      "type": "Feature",
      "geometry": {
        "type": "Point",
        "coordinates": [
          129.4110991,
          36.0929428
        ]
      },
      "properties": {
        "osm_type": "way",
        "osm_id": 891430239,
        "sido": "경상북도",
        "name": "흥해변전소",
        "name_en": "Heunghae Substation",
        "substation_type": "distribution",
        "voltage": "154000",
        "frequency": "60",
        "operator": "",
        "location": "indoor"
      }
    },
    {
      "type": "Feature",
      "geometry": {
        "type": "Point",
        "coordinates": [
          129.3700407,
          35.9829282
        ]
      },
      "properties": {
        "osm_type": "way",
        "osm_id": 891430240,
        "sido": "경상북도",
        "name": "포항변전소",
        "name_en": "Pohang Substation",
        "substation_type": "distribution",
        "voltage": "154000",
        "frequency": "60",
        "operator": "",
        "location": "indoor"
      }
    },
    {
      "type": "Feature",
      "geometry": {
        "type": "Point",
        "coordinates": [
          129.285029,
          35.7098629
        ]
      },
      "properties": {
        "osm_type": "way",
        "osm_id": 891430242,
        "sido": "경상북도",
        "name": "입실변전소",
        "name_en": "Ibsil Substation",
        "substation_type": "distribution",
        "voltage": "154000",
        "frequency": "60",
        "operator": "",
        "location": "indoor"
      }
    },
    {
      "type": "Feature",
      "geometry": {
        "type": "Point",
        "coordinates": [
          129.3053306,
          35.9597086
        ]
      },
      "properties": {
        "osm_type": "way",
        "osm_id": 891430244,
        "sido": "경상북도",
        "name": "왕신변전소",
        "name_en": "Wangshin Substation",
        "substation_type": "distribution",
        "voltage": "154000",
        "frequency": "60",
        "operator": "",
        "location": "indoor"
      }
    },
    {
      "type": "Feature",
      "geometry": {
        "type": "Point",
        "coordinates": [
          128.7979348,
          35.866966
        ]
      },
      "properties": {
        "osm_type": "way",
        "osm_id": 891682036,
        "sido": "경상북도",
        "name": "진량변전소",
        "name_en": "Jinyang Substation",
        "substation_type": "distribution",
        "voltage": "154000",
        "frequency": "60",
        "operator": "",
        "location": "outdoor"
      }
    },
    {
      "type": "Feature",
      "geometry": {
        "type": "Point",
        "coordinates": [
          128.7612626,
          35.8010403
        ]
      },
      "properties": {
        "osm_type": "way",
        "osm_id": 891682037,
        "sido": "경상북도",
        "name": "자인변전소",
        "name_en": "Jain Substation",
        "substation_type": "distribution",
        "voltage": "154000",
        "frequency": "60",
        "operator": "",
        "location": "indoor"
      }
    },
    {
      "type": "Feature",
      "geometry": {
        "type": "Point",
        "coordinates": [
          128.8252101,
          35.9416853
        ]
      },
      "properties": {
        "osm_type": "way",
        "osm_id": 891682042,
        "sido": "경상북도",
        "name": "와촌변전소",
        "name_en": "",
        "substation_type": "distribution",
        "voltage": "154000",
        "frequency": "60",
        "operator": "",
        "location": "indoor"
      }
    },
    {
      "type": "Feature",
      "geometry": {
        "type": "Point",
        "coordinates": [
          128.4201148,
          35.9329466
        ]
      },
      "properties": {
        "osm_type": "way",
        "osm_id": 891682044,
        "sido": "경상북도",
        "name": "왜관변전소",
        "name_en": "Waegwan Substation",
        "substation_type": "distribution",
        "voltage": "154000",
        "frequency": "60",
        "operator": "",
        "location": "outdoor"
      }
    },
    {
      "type": "Feature",
      "geometry": {
        "type": "Point",
        "coordinates": [
          128.5476678,
          36.5962252
        ]
      },
      "properties": {
        "osm_type": "way",
        "osm_id": 891818224,
        "sido": "경상북도",
        "name": "풍산변전소",
        "name_en": "Pungsan Substation",
        "substation_type": "distribution",
        "voltage": "154000",
        "frequency": "60",
        "operator": "",
        "location": "outdoor"
      }
    },
    {
      "type": "Feature",
      "geometry": {
        "type": "Point",
        "coordinates": [
          129.4405623,
          36.7074625
        ]
      },
      "properties": {
        "osm_type": "way",
        "osm_id": 891818225,
        "sido": "경상북도",
        "name": "평해변전소",
        "name_en": "",
        "substation_type": "distribution",
        "voltage": "154000",
        "frequency": "60",
        "operator": "",
        "location": "indoor"
      }
    },
    {
      "type": "Feature",
      "geometry": {
        "type": "Point",
        "coordinates": [
          129.3732876,
          37.0927494
        ]
      },
      "properties": {
        "osm_type": "way",
        "osm_id": 891818226,
        "sido": "경상북도",
        "name": "울진변전소",
        "name_en": "Uljin Substation",
        "substation_type": "distribution",
        "voltage": "154000",
        "frequency": "60",
        "operator": "",
        "location": "outdoor"
      }
    },
    {
      "type": "Feature",
      "geometry": {
        "type": "Point",
        "coordinates": [
          128.4335783,
          36.6472271
        ]
      },
      "properties": {
        "osm_type": "way",
        "osm_id": 891818233,
        "sido": "경상북도",
        "name": "예천변전소",
        "name_en": "Yecheon Substation",
        "substation_type": "distribution",
        "voltage": "154000",
        "frequency": "60",
        "operator": "",
        "location": "outdoor"
      }
    },
    {
      "type": "Feature",
      "geometry": {
        "type": "Point",
        "coordinates": [
          128.6391014,
          36.8132689
        ]
      },
      "properties": {
        "osm_type": "way",
        "osm_id": 891818234,
        "sido": "경상북도",
        "name": "영주변전소",
        "name_en": "Yeongju Substation",
        "substation_type": "distribution",
        "voltage": "154000",
        "frequency": "60",
        "operator": "",
        "location": "outdoor"
      }
    },
    {
      "type": "Feature",
      "geometry": {
        "type": "Point",
        "coordinates": [
          128.1457555,
          36.6899693
        ]
      },
      "properties": {
        "osm_type": "way",
        "osm_id": 891818236,
        "sido": "경상북도",
        "name": "문경변전소",
        "name_en": "Mungyeon Substation",
        "substation_type": "distribution",
        "voltage": "154000",
        "frequency": "60",
        "operator": "",
        "location": "outdoor"
      }
    },
    {
      "type": "Feature",
      "geometry": {
        "type": "Point",
        "coordinates": [
          128.1195046,
          36.3123148
        ]
      },
      "properties": {
        "osm_type": "way",
        "osm_id": 891818237,
        "sido": "경상북도",
        "name": "청리변전소",
        "name_en": "Cheongni Substation",
        "substation_type": "distribution",
        "voltage": "154000",
        "frequency": "60",
        "operator": "",
        "location": "indoor"
      }
    },
    {
      "type": "Feature",
      "geometry": {
        "type": "Point",
        "coordinates": [
          128.4141001,
          36.0845112
        ]
      },
      "properties": {
        "osm_type": "way",
        "osm_id": 891818240,
        "sido": "경상북도",
        "name": "남인동변전소",
        "name_en": "South-Indong Substation",
        "substation_type": "distribution",
        "voltage": "154000",
        "frequency": "60",
        "operator": "",
        "location": "indoor"
      }
    },
    {
      "type": "Feature",
      "geometry": {
        "type": "Point",
        "coordinates": [
          128.4849953,
          36.3715379
        ]
      },
      "properties": {
        "osm_type": "way",
        "osm_id": 891818242,
        "sido": "경상북도",
        "name": "안계변전소",
        "name_en": "Angye Substation",
        "substation_type": "distribution",
        "voltage": "154000",
        "frequency": "60",
        "operator": "",
        "location": "indoor"
      }
    },
    {
      "type": "Feature",
      "geometry": {
        "type": "Point",
        "coordinates": [
          128.442999,
          36.1322213
        ]
      },
      "properties": {
        "osm_type": "way",
        "osm_id": 891818243,
        "sido": "경상북도",
        "name": "금전변전소",
        "name_en": "Geumjeon Substation",
        "substation_type": "distribution",
        "voltage": "154000",
        "frequency": "60",
        "operator": "",
        "location": "outdoor"
      }
    },
    {
      "type": "Feature",
      "geometry": {
        "type": "Point",
        "coordinates": [
          128.4524794,
          36.1525177
        ]
      },
      "properties": {
        "osm_type": "way",
        "osm_id": 891818248,
        "sido": "경상북도",
        "name": "산동변전소",
        "name_en": "Sandong Substation",
        "substation_type": "distribution",
        "voltage": "154000",
        "frequency": "60",
        "operator": "",
        "location": "indoor"
      }
    },
    {
      "type": "Feature",
      "geometry": {
        "type": "Point",
        "coordinates": [
          128.3766878,
          36.1181819
        ]
      },
      "properties": {
        "osm_type": "way",
        "osm_id": 891818258,
        "sido": "경상북도",
        "name": "구미변전소",
        "name_en": "",
        "substation_type": "distribution",
        "voltage": "154000",
        "frequency": "60",
        "operator": "",
        "location": "indoor"
      }
    },
    {
      "type": "Feature",
      "geometry": {
        "type": "Point",
        "coordinates": [
          128.3528323,
          36.1712475
        ]
      },
      "properties": {
        "osm_type": "way",
        "osm_id": 891818259,
        "sido": "경상북도",
        "name": "고아변전소",
        "name_en": "",
        "substation_type": "distribution",
        "voltage": "154000",
        "frequency": "60",
        "operator": "",
        "location": "indoor"
      }
    },
    {
      "type": "Feature",
      "geometry": {
        "type": "Point",
        "coordinates": [
          129.3760215,
          35.9738186
        ]
      },
      "properties": {
        "osm_type": "way",
        "osm_id": 1047117443,
        "sido": "경상북도",
        "name": "",
        "name_en": "",
        "substation_type": "",
        "voltage": "",
        "frequency": "",
        "operator": "",
        "location": ""
      }
    },
    {
      "type": "Feature",
      "geometry": {
        "type": "Point",
        "coordinates": [
          129.384811,
          35.9716009
        ]
      },
      "properties": {
        "osm_type": "way",
        "osm_id": 1047117445,
        "sido": "경상북도",
        "name": "",
        "name_en": "",
        "substation_type": "",
        "voltage": "",
        "frequency": "",
        "operator": "",
        "location": ""
      }
    },
    {
      "type": "Feature",
      "geometry": {
        "type": "Point",
        "coordinates": [
          129.2310083,
          36.5752301
        ]
      },
      "properties": {
        "osm_type": "way",
        "osm_id": 1047117451,
        "sido": "경상북도",
        "name": "영양풍력발전공사",
        "name_en": "",
        "substation_type": "",
        "voltage": "",
        "frequency": "",
        "operator": "",
        "location": ""
      }
    },
    {
      "type": "Feature",
      "geometry": {
        "type": "Point",
        "coordinates": [
          128.2979153,
          35.9312515
        ]
      },
      "properties": {
        "osm_type": "way",
        "osm_id": 1094065806,
        "sido": "경상북도",
        "name": "",
        "name_en": "",
        "substation_type": "",
        "voltage": "",
        "frequency": "",
        "operator": "",
        "location": ""
      }
    },
    {
      "type": "Feature",
      "geometry": {
        "type": "Point",
        "coordinates": [
          129.1353849,
          35.8135773
        ]
      },
      "properties": {
        "osm_type": "way",
        "osm_id": 1094333892,
        "sido": "경상북도",
        "name": "",
        "name_en": "",
        "substation_type": "",
        "voltage": "",
        "frequency": "",
        "operator": "",
        "location": ""
      }
    },
    {
      "type": "Feature",
      "geometry": {
        "type": "Point",
        "coordinates": [
          129.4734982,
          35.7141793
        ]
      },
      "properties": {
        "osm_type": "way",
        "osm_id": 1094336370,
        "sido": "경상북도",
        "name": "",
        "name_en": "",
        "substation_type": "transmission",
        "voltage": "345000",
        "frequency": "60",
        "operator": "",
        "location": "outdoor"
      }
    },
    {
      "type": "Feature",
      "geometry": {
        "type": "Point",
        "coordinates": [
          129.4720678,
          35.7122501
        ]
      },
      "properties": {
        "osm_type": "way",
        "osm_id": 1094336380,
        "sido": "경상북도",
        "name": "",
        "name_en": "",
        "substation_type": "transmission",
        "voltage": "345000",
        "frequency": "60",
        "operator": "",
        "location": "outdoor"
      }
    },
    {
      "type": "Feature",
      "geometry": {
        "type": "Point",
        "coordinates": [
          129.3889899,
          37.0894254
        ]
      },
      "properties": {
        "osm_type": "way",
        "osm_id": 1094339201,
        "sido": "경상북도",
        "name": "",
        "name_en": "",
        "substation_type": "transmission",
        "voltage": "345000",
        "frequency": "60",
        "operator": "",
        "location": "outdoor"
      }
    },
    {
      "type": "Feature",
      "geometry": {
        "type": "Point",
        "coordinates": [
          129.3787818,
          37.0974267
        ]
      },
      "properties": {
        "osm_type": "way",
        "osm_id": 1094339210,
        "sido": "경상북도",
        "name": "",
        "name_en": "",
        "substation_type": "transmission",
        "voltage": "345000",
        "frequency": "60",
        "operator": "",
        "location": "outdoor"
      }
    },
    {
      "type": "Feature",
      "geometry": {
        "type": "Point",
        "coordinates": [
          128.3993478,
          36.0828427
        ]
      },
      "properties": {
        "osm_type": "way",
        "osm_id": 1094774814,
        "sido": "경상북도",
        "name": "",
        "name_en": "",
        "substation_type": "industrial",
        "voltage": "",
        "frequency": "",
        "operator": "",
        "location": "outdoor"
      }
    },
    {
      "type": "Feature",
      "geometry": {
        "type": "Point",
        "coordinates": [
          128.8812476,
          36.5382416
        ]
      },
      "properties": {
        "osm_type": "way",
        "osm_id": 1095094769,
        "sido": "경상북도",
        "name": "",
        "name_en": "",
        "substation_type": "transmission",
        "voltage": "",
        "frequency": "",
        "operator": "",
        "location": ""
      }
    },
    {
      "type": "Feature",
      "geometry": {
        "type": "Point",
        "coordinates": [
          128.5421439,
          36.5964167
        ]
      },
      "properties": {
        "osm_type": "way",
        "osm_id": 1098797537,
        "sido": "경상북도",
        "name": "",
        "name_en": "",
        "substation_type": "transmission",
        "voltage": "",
        "frequency": "",
        "operator": "",
        "location": ""
      }
    },
    {
      "type": "Feature",
      "geometry": {
        "type": "Point",
        "coordinates": [
          128.1865467,
          36.1119871
        ]
      },
      "properties": {
        "osm_type": "way",
        "osm_id": 1153730352,
        "sido": "경상북도",
        "name": "",
        "name_en": "",
        "substation_type": "",
        "voltage": "",
        "frequency": "",
        "operator": "",
        "location": ""
      }
    },
    {
      "type": "Feature",
      "geometry": {
        "type": "Point",
        "coordinates": [
          129.3447855,
          36.0741851
        ]
      },
      "properties": {
        "osm_type": "way",
        "osm_id": 1193555359,
        "sido": "경상북도",
        "name": "",
        "name_en": "",
        "substation_type": "traction",
        "voltage": "55000;27500",
        "frequency": "",
        "operator": "",
        "location": ""
      }
    },
    {
      "type": "Feature",
      "geometry": {
        "type": "Point",
        "coordinates": [
          129.3034028,
          36.0232758
        ]
      },
      "properties": {
        "osm_type": "way",
        "osm_id": 1193555360,
        "sido": "경상북도",
        "name": "",
        "name_en": "",
        "substation_type": "traction",
        "voltage": "55000;27500",
        "frequency": "",
        "operator": "",
        "location": ""
      }
    },
    {
      "type": "Feature",
      "geometry": {
        "type": "Point",
        "coordinates": [
          129.2355726,
          35.975255
        ]
      },
      "properties": {
        "osm_type": "way",
        "osm_id": 1193555361,
        "sido": "경상북도",
        "name": "",
        "name_en": "",
        "substation_type": "traction",
        "voltage": "55000;27500",
        "frequency": "",
        "operator": "",
        "location": ""
      }
    },
    {
      "type": "Feature",
      "geometry": {
        "type": "Point",
        "coordinates": [
          129.1850124,
          35.8894988
        ]
      },
      "properties": {
        "osm_type": "way",
        "osm_id": 1193555362,
        "sido": "경상북도",
        "name": "",
        "name_en": "",
        "substation_type": "traction",
        "voltage": "154000;25000",
        "frequency": "",
        "operator": "",
        "location": ""
      }
    },
    {
      "type": "Feature",
      "geometry": {
        "type": "Point",
        "coordinates": [
          128.6671275,
          36.4815076
        ]
      },
      "properties": {
        "osm_type": "way",
        "osm_id": 1193756692,
        "sido": "경상북도",
        "name": "",
        "name_en": "",
        "substation_type": "traction",
        "voltage": "55000;27500",
        "frequency": "",
        "operator": "",
        "location": ""
      }
    },
    {
      "type": "Feature",
      "geometry": {
        "type": "Point",
        "coordinates": [
          128.6752217,
          36.5901031
        ]
      },
      "properties": {
        "osm_type": "way",
        "osm_id": 1193756693,
        "sido": "경상북도",
        "name": "",
        "name_en": "",
        "substation_type": "traction",
        "voltage": "55000;27500",
        "frequency": "",
        "operator": "",
        "location": ""
      }
    },
    {
      "type": "Feature",
      "geometry": {
        "type": "Point",
        "coordinates": [
          128.636219,
          36.7920794
        ]
      },
      "properties": {
        "osm_type": "way",
        "osm_id": 1193756694,
        "sido": "경상북도",
        "name": "",
        "name_en": "",
        "substation_type": "traction",
        "voltage": "55000;27500",
        "frequency": "",
        "operator": "",
        "location": ""
      }
    },
    {
      "type": "Feature",
      "geometry": {
        "type": "Point",
        "coordinates": [
          128.6137945,
          36.8390884
        ]
      },
      "properties": {
        "osm_type": "way",
        "osm_id": 1193756695,
        "sido": "경상북도",
        "name": "",
        "name_en": "",
        "substation_type": "traction",
        "voltage": "55000;27500",
        "frequency": "",
        "operator": "",
        "location": ""
      }
    },
    {
      "type": "Feature",
      "geometry": {
        "type": "Point",
        "coordinates": [
          128.5469055,
          36.8692325
        ]
      },
      "properties": {
        "osm_type": "way",
        "osm_id": 1193756696,
        "sido": "경상북도",
        "name": "",
        "name_en": "",
        "substation_type": "traction",
        "voltage": "55000;27500",
        "frequency": "",
        "operator": "",
        "location": ""
      }
    },
    {
      "type": "Feature",
      "geometry": {
        "type": "Point",
        "coordinates": [
          128.4962825,
          35.9065413
        ]
      },
      "properties": {
        "osm_type": "way",
        "osm_id": 1194151285,
        "sido": "경상북도",
        "name": "",
        "name_en": "",
        "substation_type": "traction",
        "voltage": "55000;27500",
        "frequency": "",
        "operator": "",
        "location": ""
      }
    },
    {
      "type": "Feature",
      "geometry": {
        "type": "Point",
        "coordinates": [
          128.7239316,
          35.7616047
        ]
      },
      "properties": {
        "osm_type": "way",
        "osm_id": 1194151289,
        "sido": "경상북도",
        "name": "",
        "name_en": "",
        "substation_type": "traction",
        "voltage": "55000;27500",
        "frequency": "",
        "operator": "",
        "location": ""
      }
    },
    {
      "type": "Feature",
      "geometry": {
        "type": "Point",
        "coordinates": [
          128.7170132,
          35.6878922
        ]
      },
      "properties": {
        "osm_type": "way",
        "osm_id": 1194151290,
        "sido": "경상북도",
        "name": "",
        "name_en": "",
        "substation_type": "traction",
        "voltage": "55000;27500",
        "frequency": "",
        "operator": "",
        "location": ""
      }
    },
    {
      "type": "Feature",
      "geometry": {
        "type": "Point",
        "coordinates": [
          128.7585352,
          35.6305305
        ]
      },
      "properties": {
        "osm_type": "way",
        "osm_id": 1194151291,
        "sido": "경상북도",
        "name": "",
        "name_en": "",
        "substation_type": "traction",
        "voltage": "55000;27500",
        "frequency": "",
        "operator": "",
        "location": ""
      }
    },
    {
      "type": "Feature",
      "geometry": {
        "type": "Point",
        "coordinates": [
          128.2082913,
          36.1563006
        ]
      },
      "properties": {
        "osm_type": "way",
        "osm_id": 1195121230,
        "sido": "경상북도",
        "name": "",
        "name_en": "",
        "substation_type": "traction",
        "voltage": "154000",
        "frequency": "",
        "operator": "",
        "location": ""
      }
    },
    {
      "type": "Feature",
      "geometry": {
        "type": "Point",
        "coordinates": [
          128.1089055,
          36.1286935
        ]
      },
      "properties": {
        "osm_type": "way",
        "osm_id": 1195121231,
        "sido": "경상북도",
        "name": "",
        "name_en": "",
        "substation_type": "traction",
        "voltage": "",
        "frequency": "",
        "operator": "",
        "location": ""
      }
    },
    {
      "type": "Feature",
      "geometry": {
        "type": "Point",
        "coordinates": [
          128.0281268,
          36.127176
        ]
      },
      "properties": {
        "osm_type": "way",
        "osm_id": 1195121232,
        "sido": "경상북도",
        "name": "",
        "name_en": "",
        "substation_type": "traction",
        "voltage": "154000;55000;27500",
        "frequency": "",
        "operator": "",
        "location": ""
      }
    },
    {
      "type": "Feature",
      "geometry": {
        "type": "Point",
        "coordinates": [
          128.028116,
          36.1385831
        ]
      },
      "properties": {
        "osm_type": "way",
        "osm_id": 1195121238,
        "sido": "경상북도",
        "name": "",
        "name_en": "",
        "substation_type": "traction",
        "voltage": "55000;27500",
        "frequency": "",
        "operator": "",
        "location": ""
      }
    },
    {
      "type": "Feature",
      "geometry": {
        "type": "Point",
        "coordinates": [
          128.1099764,
          36.1300459
        ]
      },
      "properties": {
        "osm_type": "way",
        "osm_id": 1195121239,
        "sido": "경상북도",
        "name": "",
        "name_en": "",
        "substation_type": "traction",
        "voltage": "55000;27500",
        "frequency": "",
        "operator": "",
        "location": ""
      }
    },
    {
      "type": "Feature",
      "geometry": {
        "type": "Point",
        "coordinates": [
          128.2622849,
          36.0887613
        ]
      },
      "properties": {
        "osm_type": "way",
        "osm_id": 1195121240,
        "sido": "경상북도",
        "name": "",
        "name_en": "",
        "substation_type": "traction",
        "voltage": "55000;27500",
        "frequency": "",
        "operator": "",
        "location": ""
      }
    },
    {
      "type": "Feature",
      "geometry": {
        "type": "Point",
        "coordinates": [
          128.3567349,
          36.0773225
        ]
      },
      "properties": {
        "osm_type": "way",
        "osm_id": 1195121241,
        "sido": "경상북도",
        "name": "",
        "name_en": "",
        "substation_type": "traction",
        "voltage": "55000;27500",
        "frequency": "",
        "operator": "",
        "location": ""
      }
    },
    {
      "type": "Feature",
      "geometry": {
        "type": "Point",
        "coordinates": [
          128.3807547,
          36.0336272
        ]
      },
      "properties": {
        "osm_type": "way",
        "osm_id": 1195121242,
        "sido": "경상북도",
        "name": "",
        "name_en": "",
        "substation_type": "traction",
        "voltage": "55000;27500",
        "frequency": "",
        "operator": "",
        "location": ""
      }
    },
    {
      "type": "Feature",
      "geometry": {
        "type": "Point",
        "coordinates": [
          128.3906508,
          36.0045151
        ]
      },
      "properties": {
        "osm_type": "way",
        "osm_id": 1195121243,
        "sido": "경상북도",
        "name": "",
        "name_en": "",
        "substation_type": "traction",
        "voltage": "55000;27500",
        "frequency": "",
        "operator": "",
        "location": ""
      }
    },
    {
      "type": "Feature",
      "geometry": {
        "type": "Point",
        "coordinates": [
          128.4460203,
          35.9924375
        ]
      },
      "properties": {
        "osm_type": "way",
        "osm_id": 1195121244,
        "sido": "경상북도",
        "name": "",
        "name_en": "",
        "substation_type": "traction",
        "voltage": "55000;27500",
        "frequency": "",
        "operator": "",
        "location": ""
      }
    },
    {
      "type": "Feature",
      "geometry": {
        "type": "Point",
        "coordinates": [
          128.5046785,
          35.9541381
        ]
      },
      "properties": {
        "osm_type": "way",
        "osm_id": 1195121245,
        "sido": "경상북도",
        "name": "",
        "name_en": "",
        "substation_type": "traction",
        "voltage": "55000;27500",
        "frequency": "",
        "operator": "",
        "location": ""
      }
    },
    {
      "type": "Feature",
      "geometry": {
        "type": "Point",
        "coordinates": [
          128.4586125,
          35.9643028
        ]
      },
      "properties": {
        "osm_type": "way",
        "osm_id": 1195121246,
        "sido": "경상북도",
        "name": "",
        "name_en": "",
        "substation_type": "traction",
        "voltage": "55000;27500",
        "frequency": "",
        "operator": "",
        "location": ""
      }
    },
    {
      "type": "Feature",
      "geometry": {
        "type": "Point",
        "coordinates": [
          128.4608609,
          36.6609512
        ]
      },
      "properties": {
        "osm_type": "way",
        "osm_id": 1292838457,
        "sido": "경상북도",
        "name": "한국전력공사 예천지사",
        "name_en": "",
        "substation_type": "yes",
        "voltage": "",
        "frequency": "",
        "operator": "한국전력공사",
        "location": ""
      }
    },
    {
      "type": "Feature",
      "geometry": {
        "type": "Point",
        "coordinates": [
          129.4798717,
          35.7217829
        ]
      },
      "properties": {
        "osm_type": "way",
        "osm_id": 1294777997,
        "sido": "경상북도",
        "name": "",
        "name_en": "",
        "substation_type": "",
        "voltage": "",
        "frequency": "",
        "operator": "",
        "location": ""
      }
    },
    {
      "type": "Feature",
      "geometry": {
        "type": "Point",
        "coordinates": [
          129.4795176,
          35.7207521
        ]
      },
      "properties": {
        "osm_type": "way",
        "osm_id": 1294778004,
        "sido": "경상북도",
        "name": "",
        "name_en": "",
        "substation_type": "",
        "voltage": "",
        "frequency": "",
        "operator": "",
        "location": ""
      }
    },
    {
      "type": "Feature",
      "geometry": {
        "type": "Point",
        "coordinates": [
          129.3904073,
          37.0854787
        ]
      },
      "properties": {
        "osm_type": "way",
        "osm_id": 1305128329,
        "sido": "경상북도",
        "name": "",
        "name_en": "",
        "substation_type": "",
        "voltage": "",
        "frequency": "",
        "operator": "",
        "location": ""
      }
    },
    {
      "type": "Feature",
      "geometry": {
        "type": "Point",
        "coordinates": [
          129.3916779,
          37.0843318
        ]
      },
      "properties": {
        "osm_type": "way",
        "osm_id": 1305128335,
        "sido": "경상북도",
        "name": "",
        "name_en": "",
        "substation_type": "",
        "voltage": "",
        "frequency": "",
        "operator": "",
        "location": ""
      }
    },
    {
      "type": "Feature",
      "geometry": {
        "type": "Point",
        "coordinates": [
          129.3835616,
          37.091031
        ]
      },
      "properties": {
        "osm_type": "way",
        "osm_id": 1305128868,
        "sido": "경상북도",
        "name": "",
        "name_en": "",
        "substation_type": "",
        "voltage": "",
        "frequency": "",
        "operator": "",
        "location": ""
      }
    },
    {
      "type": "Feature",
      "geometry": {
        "type": "Point",
        "coordinates": [
          128.1278502,
          36.6974051
        ]
      },
      "properties": {
        "osm_type": "way",
        "osm_id": 1389472915,
        "sido": "경상북도",
        "name": "",
        "name_en": "",
        "substation_type": "yes",
        "voltage": "25000",
        "frequency": "",
        "operator": "",
        "location": ""
      }
    },
    {
      "type": "Feature",
      "geometry": {
        "type": "Point",
        "coordinates": [
          128.0975035,
          36.7333375
        ]
      },
      "properties": {
        "osm_type": "way",
        "osm_id": 1389518131,
        "sido": "경상북도",
        "name": "",
        "name_en": "",
        "substation_type": "",
        "voltage": "25000",
        "frequency": "",
        "operator": "",
        "location": ""
      }
    },
    {
      "type": "Feature",
      "geometry": {
        "type": "Point",
        "coordinates": [
          128.105638,
          36.7252009
        ]
      },
      "properties": {
        "osm_type": "way",
        "osm_id": 1389518137,
        "sido": "경상북도",
        "name": "",
        "name_en": "",
        "substation_type": "",
        "voltage": "25000",
        "frequency": "",
        "operator": "",
        "location": ""
      }
    },
    {
      "type": "Feature",
      "geometry": {
        "type": "Point",
        "coordinates": [
          128.0950701,
          36.73587
        ]
      },
      "properties": {
        "osm_type": "way",
        "osm_id": 1389518143,
        "sido": "경상북도",
        "name": "",
        "name_en": "",
        "substation_type": "",
        "voltage": "25000",
        "frequency": "",
        "operator": "",
        "location": ""
      }
    },
    {
      "type": "Feature",
      "geometry": {
        "type": "Point",
        "coordinates": [
          128.6504696,
          38.0504113
        ]
      },
      "properties": {
        "osm_type": "way",
        "osm_id": 168904645,
        "sido": "강원특별자치도",
        "name": "양양변전소",
        "name_en": "Yangyang Substation",
        "substation_type": "distribution",
        "voltage": "154000",
        "frequency": "60",
        "operator": "",
        "location": "indoor"
      }
    },
    {
      "type": "Feature",
      "geometry": {
        "type": "Point",
        "coordinates": [
          128.5609076,
          38.1850998
        ]
      },
      "properties": {
        "osm_type": "way",
        "osm_id": 180075042,
        "sido": "강원특별자치도",
        "name": "속초변전소",
        "name_en": "Sokcho Substation",
        "substation_type": "distribution",
        "voltage": "154000",
        "frequency": "60",
        "operator": "",
        "location": "outdoor"
      }
    },
    {
      "type": "Feature",
      "geometry": {
        "type": "Point",
        "coordinates": [
          128.9615244,
          37.2561736
        ]
      },
      "properties": {
        "osm_type": "way",
        "osm_id": 310995918,
        "sido": "강원특별자치도",
        "name": "신태백변전소",
        "name_en": "New Taebaek Substation",
        "substation_type": "transmission",
        "voltage": "765000",
        "frequency": "60",
        "operator": "",
        "location": "outdoor"
      }
    },
    {
      "type": "Feature",
      "geometry": {
        "type": "Point",
        "coordinates": [
          127.3319006,
          38.1799725
        ]
      },
      "properties": {
        "osm_type": "way",
        "osm_id": 311144503,
        "sido": "강원특별자치도",
        "name": "철원변전소",
        "name_en": "Cheorwon Substation",
        "substation_type": "distribution",
        "voltage": "154000",
        "frequency": "60",
        "operator": "한국전력공사",
        "location": "outdoor"
      }
    },
    {
      "type": "Feature",
      "geometry": {
        "type": "Point",
        "coordinates": [
          128.5515289,
          38.0154919
        ]
      },
      "properties": {
        "osm_type": "way",
        "osm_id": 311223097,
        "sido": "강원특별자치도",
        "name": "신양양변전소",
        "name_en": "Shin-Yangyang Substation",
        "substation_type": "transmission",
        "voltage": "345000",
        "frequency": "60",
        "operator": "",
        "location": "outdoor"
      }
    },
    {
      "type": "Feature",
      "geometry": {
        "type": "Point",
        "coordinates": [
          129.0995712,
          37.5103383
        ]
      },
      "properties": {
        "osm_type": "way",
        "osm_id": 311223101,
        "sido": "강원특별자치도",
        "name": "동해변전소",
        "name_en": "Donghae Substation",
        "substation_type": "transmission",
        "voltage": "345000",
        "frequency": "60",
        "operator": "",
        "location": "outdoor"
      }
    },
    {
      "type": "Feature",
      "geometry": {
        "type": "Point",
        "coordinates": [
          128.8737691,
          37.7447691
        ]
      },
      "properties": {
        "osm_type": "way",
        "osm_id": 313244165,
        "sido": "강원특별자치도",
        "name": "강릉변전소",
        "name_en": "Gangneung Substation",
        "substation_type": "distribution",
        "voltage": "154000",
        "frequency": "60",
        "operator": "",
        "location": "outdoor"
      }
    },
    {
      "type": "Feature",
      "geometry": {
        "type": "Point",
        "coordinates": [
          128.4507936,
          38.3865092
        ]
      },
      "properties": {
        "osm_type": "way",
        "osm_id": 313283373,
        "sido": "강원특별자치도",
        "name": "간성변전소",
        "name_en": "",
        "substation_type": "distribution",
        "voltage": "154000",
        "frequency": "60",
        "operator": "",
        "location": "outdoor"
      }
    },
    {
      "type": "Feature",
      "geometry": {
        "type": "Point",
        "coordinates": [
          129.1131536,
          37.491885
        ]
      },
      "properties": {
        "osm_type": "way",
        "osm_id": 317076483,
        "sido": "강원특별자치도",
        "name": "북평변전소",
        "name_en": "",
        "substation_type": "distribution",
        "voltage": "154000",
        "frequency": "60",
        "operator": "",
        "location": "indoor"
      }
    },
    {
      "type": "Feature",
      "geometry": {
        "type": "Point",
        "coordinates": [
          128.9842318,
          37.15691
        ]
      },
      "properties": {
        "osm_type": "way",
        "osm_id": 676857659,
        "sido": "강원특별자치도",
        "name": "태백변전소",
        "name_en": "Taebaek Substation",
        "substation_type": "distribution",
        "voltage": "154000",
        "frequency": "60",
        "operator": "",
        "location": "outdoor"
      }
    },
    {
      "type": "Feature",
      "geometry": {
        "type": "Point",
        "coordinates": [
          129.0327685,
          37.1506147
        ]
      },
      "properties": {
        "osm_type": "way",
        "osm_id": 678104002,
        "sido": "강원특별자치도",
        "name": "",
        "name_en": "",
        "substation_type": "",
        "voltage": "",
        "frequency": "",
        "operator": "",
        "location": ""
      }
    },
    {
      "type": "Feature",
      "geometry": {
        "type": "Point",
        "coordinates": [
          129.0671094,
          37.1805747
        ]
      },
      "properties": {
        "osm_type": "way",
        "osm_id": 678104005,
        "sido": "강원특별자치도",
        "name": "",
        "name_en": "",
        "substation_type": "",
        "voltage": "",
        "frequency": "",
        "operator": "",
        "location": ""
      }
    },
    {
      "type": "Feature",
      "geometry": {
        "type": "Point",
        "coordinates": [
          128.0290792,
          37.4927136
        ]
      },
      "properties": {
        "osm_type": "way",
        "osm_id": 737021799,
        "sido": "강원특별자치도",
        "name": "횡성변전소",
        "name_en": "Hoengsong Substation",
        "substation_type": "distribution",
        "voltage": "154000",
        "frequency": "60",
        "operator": "",
        "location": "indoor"
      }
    },
    {
      "type": "Feature",
      "geometry": {
        "type": "Point",
        "coordinates": [
          127.7617069,
          38.0982473
        ]
      },
      "properties": {
        "osm_type": "way",
        "osm_id": 814019743,
        "sido": "강원특별자치도",
        "name": "",
        "name_en": "",
        "substation_type": "",
        "voltage": "",
        "frequency": "",
        "operator": "",
        "location": ""
      }
    },
    {
      "type": "Feature",
      "geometry": {
        "type": "Point",
        "coordinates": [
          129.3358453,
          37.1869233
        ]
      },
      "properties": {
        "osm_type": "way",
        "osm_id": 814635250,
        "sido": "강원특별자치도",
        "name": "삼척그린파워변전소",
        "name_en": "",
        "substation_type": "distribution",
        "voltage": "154000",
        "frequency": "60",
        "operator": "",
        "location": "outdoor"
      }
    },
    {
      "type": "Feature",
      "geometry": {
        "type": "Point",
        "coordinates": [
          128.4961867,
          37.1620832
        ]
      },
      "properties": {
        "osm_type": "way",
        "osm_id": 882187024,
        "sido": "강원특별자치도",
        "name": "영월변전소",
        "name_en": "Yeongwol Substation",
        "substation_type": "transmission",
        "voltage": "154000",
        "frequency": "",
        "operator": "",
        "location": "indoor"
      }
    },
    {
      "type": "Feature",
      "geometry": {
        "type": "Point",
        "coordinates": [
          128.6251563,
          37.1868741
        ]
      },
      "properties": {
        "osm_type": "way",
        "osm_id": 886407199,
        "sido": "강원특별자치도",
        "name": "동영월변전소",
        "name_en": "East-Yeongwol Substation",
        "substation_type": "distribution",
        "voltage": "154000",
        "frequency": "60",
        "operator": "",
        "location": "indoor"
      }
    },
    {
      "type": "Feature",
      "geometry": {
        "type": "Point",
        "coordinates": [
          128.8015099,
          37.8782214
        ]
      },
      "properties": {
        "osm_type": "way",
        "osm_id": 886623576,
        "sido": "강원특별자치도",
        "name": "주문진변전소",
        "name_en": "Jumunjin Substation",
        "substation_type": "distribution",
        "voltage": "154000",
        "frequency": "60",
        "operator": "",
        "location": "indoor"
      }
    },
    {
      "type": "Feature",
      "geometry": {
        "type": "Point",
        "coordinates": [
          128.1775491,
          38.1138918
        ]
      },
      "properties": {
        "osm_type": "way",
        "osm_id": 886623580,
        "sido": "강원특별자치도",
        "name": "인제변전소",
        "name_en": "Inje Substation",
        "substation_type": "distribution",
        "voltage": "154000",
        "frequency": "60",
        "operator": "",
        "location": "indoor"
      }
    },
    {
      "type": "Feature",
      "geometry": {
        "type": "Point",
        "coordinates": [
          127.8716352,
          37.6742474
        ]
      },
      "properties": {
        "osm_type": "way",
        "osm_id": 886623584,
        "sido": "강원특별자치도",
        "name": "홍천변전소",
        "name_en": "Heungcheon Substation",
        "substation_type": "distribution",
        "voltage": "154000",
        "frequency": "60",
        "operator": "",
        "location": "outdoor"
      }
    },
    {
      "type": "Feature",
      "geometry": {
        "type": "Point",
        "coordinates": [
          128.2365164,
          37.8416565
        ]
      },
      "properties": {
        "osm_type": "way",
        "osm_id": 886623586,
        "sido": "강원특별자치도",
        "name": "상남변전소",
        "name_en": "Seongnam Substation",
        "substation_type": "distribution",
        "voltage": "154000",
        "frequency": "60",
        "operator": "",
        "location": "outdoor"
      }
    },
    {
      "type": "Feature",
      "geometry": {
        "type": "Point",
        "coordinates": [
          128.0106305,
          38.0608425
        ]
      },
      "properties": {
        "osm_type": "way",
        "osm_id": 886623589,
        "sido": "강원특별자치도",
        "name": "양구변전소",
        "name_en": "Yanggu Substation",
        "substation_type": "distribution",
        "voltage": "154000",
        "frequency": "60",
        "operator": "",
        "location": "indoor"
      }
    },
    {
      "type": "Feature",
      "geometry": {
        "type": "Point",
        "coordinates": [
          127.7888529,
          37.2893013
        ]
      },
      "properties": {
        "osm_type": "way",
        "osm_id": 886623592,
        "sido": "강원특별자치도",
        "name": "문막변전소",
        "name_en": "Munak Substation",
        "substation_type": "distribution",
        "voltage": "154000",
        "frequency": "60",
        "operator": "",
        "location": "outdoor"
      }
    },
    {
      "type": "Feature",
      "geometry": {
        "type": "Point",
        "coordinates": [
          128.8490802,
          37.8012044
        ]
      },
      "properties": {
        "osm_type": "way",
        "osm_id": 886799862,
        "sido": "강원특별자치도",
        "name": "북강릉변전소",
        "name_en": "North-Gangneung Subtation",
        "substation_type": "distribution",
        "voltage": "154000",
        "frequency": "60",
        "operator": "",
        "location": "indoor"
      }
    },
    {
      "type": "Feature",
      "geometry": {
        "type": "Point",
        "coordinates": [
          127.6450537,
          38.1262818
        ]
      },
      "properties": {
        "osm_type": "way",
        "osm_id": 886799867,
        "sido": "강원특별자치도",
        "name": "화천변전소",
        "name_en": "Hwacheon Substation",
        "substation_type": "distribution",
        "voltage": "154000",
        "frequency": "60",
        "operator": "",
        "location": "indoor"
      }
    },
    {
      "type": "Feature",
      "geometry": {
        "type": "Point",
        "coordinates": [
          127.7521909,
          37.8845749
        ]
      },
      "properties": {
        "osm_type": "way",
        "osm_id": 886928063,
        "sido": "강원특별자치도",
        "name": "춘천변전소",
        "name_en": "Chuncheon Substation",
        "substation_type": "distribution",
        "voltage": "154000",
        "frequency": "60",
        "operator": "",
        "location": "indoor"
      }
    },
    {
      "type": "Feature",
      "geometry": {
        "type": "Point",
        "coordinates": [
          127.7317791,
          37.9367725
        ]
      },
      "properties": {
        "osm_type": "way",
        "osm_id": 886928065,
        "sido": "강원특별자치도",
        "name": "북춘천변전소",
        "name_en": "North-Chuncheon Substation",
        "substation_type": "distribution",
        "voltage": "154000",
        "frequency": "60",
        "operator": "",
        "location": "indoor"
      }
    },
    {
      "type": "Feature",
      "geometry": {
        "type": "Point",
        "coordinates": [
          127.5795387,
          37.680952
        ]
      },
      "properties": {
        "osm_type": "way",
        "osm_id": 886928073,
        "sido": "강원특별자치도",
        "name": "서홍천변전소",
        "name_en": "West-Hongcheon Substation",
        "substation_type": "distribution",
        "voltage": "154000",
        "frequency": "60",
        "operator": "",
        "location": "indoor"
      }
    },
    {
      "type": "Feature",
      "geometry": {
        "type": "Point",
        "coordinates": [
          127.7437561,
          37.8442708
        ]
      },
      "properties": {
        "osm_type": "way",
        "osm_id": 886928076,
        "sido": "강원특별자치도",
        "name": "남춘천변전소",
        "name_en": "South-Chuncheon Substation",
        "substation_type": "distribution",
        "voltage": "154000",
        "frequency": "60",
        "operator": "",
        "location": ""
      }
    },
    {
      "type": "Feature",
      "geometry": {
        "type": "Point",
        "coordinates": [
          128.7045162,
          37.6620393
        ]
      },
      "properties": {
        "osm_type": "way",
        "osm_id": 893205770,
        "sido": "강원특별자치도",
        "name": "횡계변전소",
        "name_en": "Hoenggye Substation",
        "substation_type": "distribution",
        "voltage": "154000",
        "frequency": "60",
        "operator": "",
        "location": "indoor"
      }
    },
    {
      "type": "Feature",
      "geometry": {
        "type": "Point",
        "coordinates": [
          128.671305,
          37.6761145
        ]
      },
      "properties": {
        "osm_type": "way",
        "osm_id": 893205773,
        "sido": "강원특별자치도",
        "name": "올림픽변전소",
        "name_en": "Olympic Substation",
        "substation_type": "distribution",
        "voltage": "154000",
        "frequency": "60",
        "operator": "",
        "location": "outdoor"
      }
    },
    {
      "type": "Feature",
      "geometry": {
        "type": "Point",
        "coordinates": [
          128.4186434,
          37.4166639
        ]
      },
      "properties": {
        "osm_type": "way",
        "osm_id": 893205778,
        "sido": "강원특별자치도",
        "name": "주진변전소",
        "name_en": "Jujin Substation",
        "substation_type": "distribution",
        "voltage": "154000",
        "frequency": "60",
        "operator": "",
        "location": "indoor"
      }
    },
    {
      "type": "Feature",
      "geometry": {
        "type": "Point",
        "coordinates": [
          128.4353996,
          37.5598655
        ]
      },
      "properties": {
        "osm_type": "way",
        "osm_id": 893205779,
        "sido": "강원특별자치도",
        "name": "평창변전소",
        "name_en": "Pyeongchang Substation",
        "substation_type": "distribution",
        "voltage": "154000",
        "frequency": "60",
        "operator": "",
        "location": "outdoor"
      }
    },
    {
      "type": "Feature",
      "geometry": {
        "type": "Point",
        "coordinates": [
          129.1831634,
          37.4269075
        ]
      },
      "properties": {
        "osm_type": "way",
        "osm_id": 893278763,
        "sido": "강원특별자치도",
        "name": "삼척변전소",
        "name_en": "Samcheok Substation",
        "substation_type": "distribution",
        "voltage": "154000",
        "frequency": "60",
        "operator": "",
        "location": "indoor"
      }
    },
    {
      "type": "Feature",
      "geometry": {
        "type": "Point",
        "coordinates": [
          127.8736363,
          37.3689302
        ]
      },
      "properties": {
        "osm_type": "way",
        "osm_id": 893278765,
        "sido": "강원특별자치도",
        "name": "서원주변전소",
        "name_en": "West-Wonju Substation",
        "substation_type": "distribution",
        "voltage": "154000",
        "frequency": "60",
        "operator": "",
        "location": "indoor"
      }
    },
    {
      "type": "Feature",
      "geometry": {
        "type": "Point",
        "coordinates": [
          127.9759892,
          37.3292541
        ]
      },
      "properties": {
        "osm_type": "way",
        "osm_id": 893278766,
        "sido": "강원특별자치도",
        "name": "동원주변전소",
        "name_en": "",
        "substation_type": "distribution",
        "voltage": "154000",
        "frequency": "60",
        "operator": "",
        "location": "indoor"
      }
    },
    {
      "type": "Feature",
      "geometry": {
        "type": "Point",
        "coordinates": [
          127.9395421,
          37.3856272
        ]
      },
      "properties": {
        "osm_type": "way",
        "osm_id": 893278770,
        "sido": "강원특별자치도",
        "name": "북원주변전소",
        "name_en": "North-Wonju Substation",
        "substation_type": "distribution",
        "voltage": "154000",
        "frequency": "60",
        "operator": "",
        "location": "indoor"
      }
    },
    {
      "type": "Feature",
      "geometry": {
        "type": "Point",
        "coordinates": [
          127.9515148,
          37.318585
        ]
      },
      "properties": {
        "osm_type": "way",
        "osm_id": 893278775,
        "sido": "강원특별자치도",
        "name": "남원주변전소",
        "name_en": "South-Wonju Substation",
        "substation_type": "distribution",
        "voltage": "154000",
        "frequency": "60",
        "operator": "",
        "location": "indoor"
      }
    },
    {
      "type": "Feature",
      "geometry": {
        "type": "Point",
        "coordinates": [
          128.1804003,
          37.490812
        ]
      },
      "properties": {
        "osm_type": "way",
        "osm_id": 893278776,
        "sido": "강원특별자치도",
        "name": "둔내변전소",
        "name_en": "Dunnae Substation",
        "substation_type": "distribution",
        "voltage": "154000",
        "frequency": "60",
        "operator": "",
        "location": "indoor"
      }
    },
    {
      "type": "Feature",
      "geometry": {
        "type": "Point",
        "coordinates": [
          127.9010879,
          37.3521161
        ]
      },
      "properties": {
        "osm_type": "way",
        "osm_id": 893614568,
        "sido": "강원특별자치도",
        "name": "원주변전소",
        "name_en": "Wonju Substation",
        "substation_type": "distribution",
        "voltage": "154000",
        "frequency": "60",
        "operator": "",
        "location": "outdoor"
      }
    },
    {
      "type": "Feature",
      "geometry": {
        "type": "Point",
        "coordinates": [
          129.091299,
          37.464421
        ]
      },
      "properties": {
        "osm_type": "way",
        "osm_id": 893614585,
        "sido": "강원특별자치도",
        "name": "이원변전소",
        "name_en": "Iwon Substation",
        "substation_type": "distribution",
        "voltage": "154000",
        "frequency": "60",
        "operator": "",
        "location": "indoor"
      }
    },
    {
      "type": "Feature",
      "geometry": {
        "type": "Point",
        "coordinates": [
          128.738461,
          37.3484259
        ]
      },
      "properties": {
        "osm_type": "way",
        "osm_id": 893614590,
        "sido": "강원특별자치도",
        "name": "정선변전소",
        "name_en": "Jeongseon Substation",
        "substation_type": "distribution",
        "voltage": "154000",
        "frequency": "60",
        "operator": "",
        "location": "indoor"
      }
    },
    {
      "type": "Feature",
      "geometry": {
        "type": "Point",
        "coordinates": [
          129.1153742,
          37.4809628
        ]
      },
      "properties": {
        "osm_type": "way",
        "osm_id": 893614591,
        "sido": "강원특별자치도",
        "name": "한국철도공사동해변전사업소",
        "name_en": "",
        "substation_type": "distribution",
        "voltage": "154000",
        "frequency": "60",
        "operator": "",
        "location": "indoor"
      }
    },
    {
      "type": "Feature",
      "geometry": {
        "type": "Point",
        "coordinates": [
          128.8399281,
          37.2191505
        ]
      },
      "properties": {
        "osm_type": "way",
        "osm_id": 893614595,
        "sido": "강원특별자치도",
        "name": "고한변전소",
        "name_en": "Gohan Substation",
        "substation_type": "distribution",
        "voltage": "154000",
        "frequency": "60",
        "operator": "",
        "location": "indoor"
      }
    },
    {
      "type": "Feature",
      "geometry": {
        "type": "Point",
        "coordinates": [
          129.0334059,
          37.2191712
        ]
      },
      "properties": {
        "osm_type": "way",
        "osm_id": 893614599,
        "sido": "강원특별자치도",
        "name": "도계변전소",
        "name_en": "Dogye Substation",
        "substation_type": "distribution",
        "voltage": "154000",
        "frequency": "60",
        "operator": "",
        "location": "indoor"
      }
    },
    {
      "type": "Feature",
      "geometry": {
        "type": "Point",
        "coordinates": [
          127.6780787,
          37.8360302
        ]
      },
      "properties": {
        "osm_type": "way",
        "osm_id": 1047299740,
        "sido": "강원특별자치도",
        "name": "",
        "name_en": "",
        "substation_type": "",
        "voltage": "",
        "frequency": "",
        "operator": "",
        "location": ""
      }
    },
    {
      "type": "Feature",
      "geometry": {
        "type": "Point",
        "coordinates": [
          127.6699713,
          37.967237
        ]
      },
      "properties": {
        "osm_type": "way",
        "osm_id": 1098222394,
        "sido": "강원특별자치도",
        "name": "",
        "name_en": "",
        "substation_type": "",
        "voltage": "154000",
        "frequency": "60",
        "operator": "",
        "location": ""
      }
    },
    {
      "type": "Feature",
      "geometry": {
        "type": "Point",
        "coordinates": [
          127.7733578,
          37.7645828
        ]
      },
      "properties": {
        "osm_type": "way",
        "osm_id": 1098222404,
        "sido": "강원특별자치도",
        "name": "",
        "name_en": "",
        "substation_type": "",
        "voltage": "154000",
        "frequency": "60",
        "operator": "",
        "location": ""
      }
    },
    {
      "type": "Feature",
      "geometry": {
        "type": "Point",
        "coordinates": [
          129.0129486,
          37.5928129
        ]
      },
      "properties": {
        "osm_type": "way",
        "osm_id": 1098558962,
        "sido": "강원특별자치도",
        "name": "한라시멘트 변전소",
        "name_en": "",
        "substation_type": "distribution",
        "voltage": "154000",
        "frequency": "",
        "operator": "",
        "location": ""
      }
    },
    {
      "type": "Feature",
      "geometry": {
        "type": "Point",
        "coordinates": [
          128.5365938,
          38.019823
        ]
      },
      "properties": {
        "osm_type": "way",
        "osm_id": 1098558972,
        "sido": "강원특별자치도",
        "name": "",
        "name_en": "",
        "substation_type": "",
        "voltage": "",
        "frequency": "",
        "operator": "",
        "location": ""
      }
    },
    {
      "type": "Feature",
      "geometry": {
        "type": "Point",
        "coordinates": [
          128.4016509,
          37.563565
        ]
      },
      "properties": {
        "osm_type": "way",
        "osm_id": 1193645804,
        "sido": "강원특별자치도",
        "name": "",
        "name_en": "",
        "substation_type": "traction",
        "voltage": "55000;27500",
        "frequency": "",
        "operator": "",
        "location": ""
      }
    },
    {
      "type": "Feature",
      "geometry": {
        "type": "Point",
        "coordinates": [
          128.5828324,
          37.6516896
        ]
      },
      "properties": {
        "osm_type": "way",
        "osm_id": 1193645805,
        "sido": "강원특별자치도",
        "name": "",
        "name_en": "",
        "substation_type": "traction",
        "voltage": "55000;27500",
        "frequency": "",
        "operator": "",
        "location": ""
      }
    },
    {
      "type": "Feature",
      "geometry": {
        "type": "Point",
        "coordinates": [
          128.8124147,
          37.7229768
        ]
      },
      "properties": {
        "osm_type": "way",
        "osm_id": 1193645806,
        "sido": "강원특별자치도",
        "name": "",
        "name_en": "",
        "substation_type": "traction",
        "voltage": "55000;27500",
        "frequency": "",
        "operator": "",
        "location": ""
      }
    },
    {
      "type": "Feature",
      "geometry": {
        "type": "Point",
        "coordinates": [
          128.9015167,
          37.7207506
        ]
      },
      "properties": {
        "osm_type": "way",
        "osm_id": 1193645807,
        "sido": "강원특별자치도",
        "name": "",
        "name_en": "",
        "substation_type": "traction",
        "voltage": "55000;27500",
        "frequency": "",
        "operator": "",
        "location": ""
      }
    },
    {
      "type": "Feature",
      "geometry": {
        "type": "Point",
        "coordinates": [
          128.9687366,
          37.7399193
        ]
      },
      "properties": {
        "osm_type": "way",
        "osm_id": 1193645808,
        "sido": "강원특별자치도",
        "name": "",
        "name_en": "",
        "substation_type": "traction",
        "voltage": "55000;27500",
        "frequency": "",
        "operator": "",
        "location": ""
      }
    },
    {
      "type": "Feature",
      "geometry": {
        "type": "Point",
        "coordinates": [
          127.7871617,
          37.3890022
        ]
      },
      "properties": {
        "osm_type": "way",
        "osm_id": 1193752840,
        "sido": "강원특별자치도",
        "name": "",
        "name_en": "",
        "substation_type": "traction",
        "voltage": "55000;27500",
        "frequency": "",
        "operator": "",
        "location": ""
      }
    },
    {
      "type": "Feature",
      "geometry": {
        "type": "Point",
        "coordinates": [
          127.8490705,
          37.3423038
        ]
      },
      "properties": {
        "osm_type": "way",
        "osm_id": 1193752841,
        "sido": "강원특별자치도",
        "name": "",
        "name_en": "",
        "substation_type": "traction",
        "voltage": "55000;27500",
        "frequency": "",
        "operator": "",
        "location": ""
      }
    },
    {
      "type": "Feature",
      "geometry": {
        "type": "Point",
        "coordinates": [
          127.8772401,
          37.3448659
        ]
      },
      "properties": {
        "osm_type": "way",
        "osm_id": 1193752842,
        "sido": "강원특별자치도",
        "name": "",
        "name_en": "",
        "substation_type": "traction",
        "voltage": "55000;27500",
        "frequency": "",
        "operator": "",
        "location": ""
      }
    },
    {
      "type": "Feature",
      "geometry": {
        "type": "Point",
        "coordinates": [
          127.9353853,
          37.3988328
        ]
      },
      "properties": {
        "osm_type": "way",
        "osm_id": 1193752843,
        "sido": "강원특별자치도",
        "name": "",
        "name_en": "",
        "substation_type": "traction",
        "voltage": "55000;27500",
        "frequency": "",
        "operator": "",
        "location": ""
      }
    },
    {
      "type": "Feature",
      "geometry": {
        "type": "Point",
        "coordinates": [
          127.9866947,
          37.4533378
        ]
      },
      "properties": {
        "osm_type": "way",
        "osm_id": 1193752844,
        "sido": "강원특별자치도",
        "name": "",
        "name_en": "",
        "substation_type": "traction",
        "voltage": "55000;27500",
        "frequency": "",
        "operator": "",
        "location": ""
      }
    },
    {
      "type": "Feature",
      "geometry": {
        "type": "Point",
        "coordinates": [
          128.0279979,
          37.495092
        ]
      },
      "properties": {
        "osm_type": "way",
        "osm_id": 1193752845,
        "sido": "강원특별자치도",
        "name": "",
        "name_en": "",
        "substation_type": "traction",
        "voltage": "154000;55000;27500",
        "frequency": "",
        "operator": "",
        "location": ""
      }
    },
    {
      "type": "Feature",
      "geometry": {
        "type": "Point",
        "coordinates": [
          128.1124762,
          37.5253349
        ]
      },
      "properties": {
        "osm_type": "way",
        "osm_id": 1193752846,
        "sido": "강원특별자치도",
        "name": "",
        "name_en": "",
        "substation_type": "traction",
        "voltage": "55000;27500",
        "frequency": "",
        "operator": "",
        "location": ""
      }
    },
    {
      "type": "Feature",
      "geometry": {
        "type": "Point",
        "coordinates": [
          128.3236713,
          37.2289798
        ]
      },
      "properties": {
        "osm_type": "way",
        "osm_id": 1195916328,
        "sido": "강원특별자치도",
        "name": "",
        "name_en": "",
        "substation_type": "industrial",
        "voltage": "154000",
        "frequency": "",
        "operator": "",
        "location": ""
      }
    },
    {
      "type": "Feature",
      "geometry": {
        "type": "Point",
        "coordinates": [
          128.9216416,
          37.6472534
        ]
      },
      "properties": {
        "osm_type": "way",
        "osm_id": 1243425785,
        "sido": "강원특별자치도",
        "name": "",
        "name_en": "",
        "substation_type": "",
        "voltage": "",
        "frequency": "",
        "operator": "",
        "location": ""
      }
    },
    {
      "type": "Feature",
      "geometry": {
        "type": "Point",
        "coordinates": [
          129.3056073,
          37.2759968
        ]
      },
      "properties": {
        "osm_type": "way",
        "osm_id": 1366550571,
        "sido": "강원특별자치도",
        "name": "",
        "name_en": "",
        "substation_type": "yes",
        "voltage": "25000",
        "frequency": "",
        "operator": "한국철도공사",
        "location": ""
      }
    },
    {
      "type": "Feature",
      "geometry": {
        "type": "Point",
        "coordinates": [
          129.2641977,
          37.323517
        ]
      },
      "properties": {
        "osm_type": "way",
        "osm_id": 1366550578,
        "sido": "강원특별자치도",
        "name": "",
        "name_en": "",
        "substation_type": "",
        "voltage": "25000",
        "frequency": "",
        "operator": "한국철도공사",
        "location": ""
      }
    },
    {
      "type": "Feature",
      "geometry": {
        "type": "Point",
        "coordinates": [
          127.7996897,
          37.2946908
        ]
      },
      "properties": {
        "osm_type": "way",
        "osm_id": 1431347643,
        "sido": "강원특별자치도",
        "name": "",
        "name_en": "",
        "substation_type": "industrial",
        "voltage": "154000",
        "frequency": "60",
        "operator": "",
        "location": "outdoor"
      }
    },
    {
      "type": "Feature",
      "geometry": {
        "type": "Point",
        "coordinates": [
          129.104481,
          35.1653889
        ]
      },
      "properties": {
        "osm_type": "node",
        "osm_id": 2019661789,
        "sido": "부산광역시",
        "name": "",
        "name_en": "",
        "substation_type": "minor_distribution",
        "voltage": "",
        "frequency": "60",
        "operator": "",
        "location": ""
      }
    },
    {
      "type": "Feature",
      "geometry": {
        "type": "Point",
        "coordinates": [
          129.0208265,
          35.2657467
        ]
      },
      "properties": {
        "osm_type": "node",
        "osm_id": 4643409683,
        "sido": "부산광역시",
        "name": "송전탑",
        "name_en": "",
        "substation_type": "",
        "voltage": "",
        "frequency": "",
        "operator": "",
        "location": ""
      }
    },
    {
      "type": "Feature",
      "geometry": {
        "type": "Point",
        "coordinates": [
          129.0340644,
          35.1565639
        ]
      },
      "properties": {
        "osm_type": "node",
        "osm_id": 11084641761,
        "sido": "부산광역시",
        "name": "",
        "name_en": "",
        "substation_type": "traction",
        "voltage": "55000;27500",
        "frequency": "",
        "operator": "",
        "location": ""
      }
    },
    {
      "type": "Feature",
      "geometry": {
        "type": "Point",
        "coordinates": [
          129.0360814,
          35.0880753
        ]
      },
      "properties": {
        "osm_type": "node",
        "osm_id": 11981168860,
        "sido": "부산광역시",
        "name": "영도변전소",
        "name_en": "",
        "substation_type": "",
        "voltage": "",
        "frequency": "",
        "operator": "",
        "location": ""
      }
    },
    {
      "type": "Feature",
      "geometry": {
        "type": "Point",
        "coordinates": [
          129.0614846,
          35.1527119
        ]
      },
      "properties": {
        "osm_type": "node",
        "osm_id": 11985186757,
        "sido": "부산광역시",
        "name": "범천변전소",
        "name_en": "",
        "substation_type": "",
        "voltage": "",
        "frequency": "",
        "operator": "",
        "location": "underground"
      }
    },
    {
      "type": "Feature",
      "geometry": {
        "type": "Point",
        "coordinates": [
          129.0601489,
          35.1526878
        ]
      },
      "properties": {
        "osm_type": "node",
        "osm_id": 11985196876,
        "sido": "부산광역시",
        "name": "서면변전소",
        "name_en": "",
        "substation_type": "",
        "voltage": "",
        "frequency": "",
        "operator": "",
        "location": "underground"
      }
    },
    {
      "type": "Feature",
      "geometry": {
        "type": "Point",
        "coordinates": [
          129.1448303,
          35.1601449
        ]
      },
      "properties": {
        "osm_type": "node",
        "osm_id": 11985328894,
        "sido": "부산광역시",
        "name": "우동변전소",
        "name_en": "",
        "substation_type": "",
        "voltage": "",
        "frequency": "",
        "operator": "",
        "location": "underground"
      }
    },
    {
      "type": "Feature",
      "geometry": {
        "type": "Point",
        "coordinates": [
          129.0247057,
          35.2360985
        ]
      },
      "properties": {
        "osm_type": "way",
        "osm_id": 117614725,
        "sido": "부산광역시",
        "name": "북부산변전소",
        "name_en": "North-Busan Substation",
        "substation_type": "transmission",
        "voltage": "345000",
        "frequency": "60",
        "operator": "",
        "location": "outdoor"
      }
    },
    {
      "type": "Feature",
      "geometry": {
        "type": "Point",
        "coordinates": [
          129.1086611,
          35.1663257
        ]
      },
      "properties": {
        "osm_type": "way",
        "osm_id": 191382779,
        "sido": "부산광역시",
        "name": "",
        "name_en": "",
        "substation_type": "transition",
        "voltage": "",
        "frequency": "",
        "operator": "",
        "location": ""
      }
    },
    {
      "type": "Feature",
      "geometry": {
        "type": "Point",
        "coordinates": [
          129.1031641,
          35.2836053
        ]
      },
      "properties": {
        "osm_type": "way",
        "osm_id": 244523744,
        "sido": "부산광역시",
        "name": "노포변전소",
        "name_en": "Nopo Substation",
        "substation_type": "distribution",
        "voltage": "154000",
        "frequency": "60",
        "operator": "",
        "location": "indoor"
      }
    },
    {
      "type": "Feature",
      "geometry": {
        "type": "Point",
        "coordinates": [
          129.1791963,
          35.2405341
        ]
      },
      "properties": {
        "osm_type": "way",
        "osm_id": 310281736,
        "sido": "부산광역시",
        "name": "신양산변전소",
        "name_en": "Shin-Yangsan Substation",
        "substation_type": "transmission",
        "voltage": "345000",
        "frequency": "60",
        "operator": "",
        "location": "outdoor"
      }
    },
    {
      "type": "Feature",
      "geometry": {
        "type": "Point",
        "coordinates": [
          129.0586255,
          35.1757581
        ]
      },
      "properties": {
        "osm_type": "way",
        "osm_id": 312424733,
        "sido": "부산광역시",
        "name": "",
        "name_en": "",
        "substation_type": "transition",
        "voltage": "154000",
        "frequency": "60",
        "operator": "",
        "location": "outdoor"
      }
    },
    {
      "type": "Feature",
      "geometry": {
        "type": "Point",
        "coordinates": [
          129.0534814,
          35.1948343
        ]
      },
      "properties": {
        "osm_type": "way",
        "osm_id": 312424741,
        "sido": "부산광역시",
        "name": "미남변전소",
        "name_en": "Minam Substation",
        "substation_type": "distribution",
        "voltage": "154000",
        "frequency": "60",
        "operator": "",
        "location": "indoor"
      }
    },
    {
      "type": "Feature",
      "geometry": {
        "type": "Point",
        "coordinates": [
          129.2083112,
          35.2489115
        ]
      },
      "properties": {
        "osm_type": "way",
        "osm_id": 312458492,
        "sido": "부산광역시",
        "name": "기장변전소",
        "name_en": "Gijang Substation",
        "substation_type": "distribution",
        "voltage": "154000",
        "frequency": "60",
        "operator": "",
        "location": "indoor"
      }
    },
    {
      "type": "Feature",
      "geometry": {
        "type": "Point",
        "coordinates": [
          129.0936074,
          35.2771311
        ]
      },
      "properties": {
        "osm_type": "way",
        "osm_id": 313355102,
        "sido": "부산광역시",
        "name": "",
        "name_en": "",
        "substation_type": "distribution",
        "voltage": "",
        "frequency": "",
        "operator": "",
        "location": "outdoor"
      }
    },
    {
      "type": "Feature",
      "geometry": {
        "type": "Point",
        "coordinates": [
          129.1700624,
          35.1815911
        ]
      },
      "properties": {
        "osm_type": "way",
        "osm_id": 313355111,
        "sido": "부산광역시",
        "name": "좌동변전소",
        "name_en": "",
        "substation_type": "distribution",
        "voltage": "154000",
        "frequency": "60",
        "operator": "",
        "location": "indoor"
      }
    },
    {
      "type": "Feature",
      "geometry": {
        "type": "Point",
        "coordinates": [
          128.8651026,
          35.0984161
        ]
      },
      "properties": {
        "osm_type": "way",
        "osm_id": 415837596,
        "sido": "부산광역시",
        "name": "신녹산변전소",
        "name_en": "Shin-Noksan Substation",
        "substation_type": "transmission",
        "voltage": "345000",
        "frequency": "60",
        "operator": "",
        "location": "indoor"
      }
    },
    {
      "type": "Feature",
      "geometry": {
        "type": "Point",
        "coordinates": [
          128.8599549,
          35.1319638
        ]
      },
      "properties": {
        "osm_type": "way",
        "osm_id": 415888460,
        "sido": "부산광역시",
        "name": "미음변전소",
        "name_en": "",
        "substation_type": "",
        "voltage": "154000",
        "frequency": "60",
        "operator": "",
        "location": ""
      }
    },
    {
      "type": "Feature",
      "geometry": {
        "type": "Point",
        "coordinates": [
          129.1311994,
          35.1734864
        ]
      },
      "properties": {
        "osm_type": "way",
        "osm_id": 453444606,
        "sido": "부산광역시",
        "name": "정보 변전소",
        "name_en": "",
        "substation_type": "transmission",
        "voltage": "",
        "frequency": "",
        "operator": "",
        "location": ""
      }
    },
    {
      "type": "Feature",
      "geometry": {
        "type": "Point",
        "coordinates": [
          129.0350498,
          35.2033276
        ]
      },
      "properties": {
        "osm_type": "way",
        "osm_id": 473042574,
        "sido": "부산광역시",
        "name": "만덕3주공 변전소",
        "name_en": "",
        "substation_type": "",
        "voltage": "",
        "frequency": "",
        "operator": "",
        "location": ""
      }
    },
    {
      "type": "Feature",
      "geometry": {
        "type": "Point",
        "coordinates": [
          129.2924141,
          35.3247825
        ]
      },
      "properties": {
        "osm_type": "way",
        "osm_id": 606158231,
        "sido": "부산광역시",
        "name": "",
        "name_en": "",
        "substation_type": "transmission",
        "voltage": "345000",
        "frequency": "60",
        "operator": "",
        "location": "outdoor"
      }
    },
    {
      "type": "Feature",
      "geometry": {
        "type": "Point",
        "coordinates": [
          128.8986635,
          35.09154
        ]
      },
      "properties": {
        "osm_type": "way",
        "osm_id": 653239981,
        "sido": "부산광역시",
        "name": "명지변전소",
        "name_en": "Myeongji Substation",
        "substation_type": "yes",
        "voltage": "",
        "frequency": "60",
        "operator": "KEPCO",
        "location": "indoor"
      }
    },
    {
      "type": "Feature",
      "geometry": {
        "type": "Point",
        "coordinates": [
          129.3003798,
          35.3362051
        ]
      },
      "properties": {
        "osm_type": "way",
        "osm_id": 692533549,
        "sido": "부산광역시",
        "name": "",
        "name_en": "",
        "substation_type": "",
        "voltage": "",
        "frequency": "",
        "operator": "",
        "location": ""
      }
    },
    {
      "type": "Feature",
      "geometry": {
        "type": "Point",
        "coordinates": [
          129.097765,
          35.2478061
        ]
      },
      "properties": {
        "osm_type": "way",
        "osm_id": 799592473,
        "sido": "부산광역시",
        "name": "구서변전소",
        "name_en": "",
        "substation_type": "",
        "voltage": "",
        "frequency": "",
        "operator": "",
        "location": ""
      }
    },
    {
      "type": "Feature",
      "geometry": {
        "type": "Point",
        "coordinates": [
          128.9957429,
          35.1478816
        ]
      },
      "properties": {
        "osm_type": "way",
        "osm_id": 885052091,
        "sido": "부산광역시",
        "name": "서부산변전소",
        "name_en": "",
        "substation_type": "transmission",
        "voltage": "345000",
        "frequency": "60",
        "operator": "",
        "location": "indoor"
      }
    },
    {
      "type": "Feature",
      "geometry": {
        "type": "Point",
        "coordinates": [
          129.0933834,
          35.1477543
        ]
      },
      "properties": {
        "osm_type": "way",
        "osm_id": 885052093,
        "sido": "부산광역시",
        "name": "동부산변전소",
        "name_en": "East-Busan Substation",
        "substation_type": "transmission",
        "voltage": "345000",
        "frequency": "60",
        "operator": "",
        "location": "indoor"
      }
    },
    {
      "type": "Feature",
      "geometry": {
        "type": "Point",
        "coordinates": [
          129.0196952,
          35.1503813
        ]
      },
      "properties": {
        "osm_type": "way",
        "osm_id": 890917085,
        "sido": "부산광역시",
        "name": "개금변전소",
        "name_en": "",
        "substation_type": "distribution",
        "voltage": "154000",
        "frequency": "60",
        "operator": "",
        "location": "indoor"
      }
    },
    {
      "type": "Feature",
      "geometry": {
        "type": "Point",
        "coordinates": [
          129.0793577,
          35.1752106
        ]
      },
      "properties": {
        "osm_type": "way",
        "osm_id": 956232291,
        "sido": "부산광역시",
        "name": "양정변전소",
        "name_en": "",
        "substation_type": "yes",
        "voltage": "154000",
        "frequency": "",
        "operator": "한국전력공사",
        "location": ""
      }
    },
    {
      "type": "Feature",
      "geometry": {
        "type": "Point",
        "coordinates": [
          129.3023453,
          35.3258259
        ]
      },
      "properties": {
        "osm_type": "way",
        "osm_id": 1094118644,
        "sido": "부산광역시",
        "name": "",
        "name_en": "",
        "substation_type": "",
        "voltage": "154000",
        "frequency": "60",
        "operator": "",
        "location": ""
      }
    },
    {
      "type": "Feature",
      "geometry": {
        "type": "Point",
        "coordinates": [
          129.3028382,
          35.3257427
        ]
      },
      "properties": {
        "osm_type": "way",
        "osm_id": 1094118645,
        "sido": "부산광역시",
        "name": "",
        "name_en": "",
        "substation_type": "",
        "voltage": "765000",
        "frequency": "60",
        "operator": "",
        "location": ""
      }
    },
    {
      "type": "Feature",
      "geometry": {
        "type": "Point",
        "coordinates": [
          129.2963154,
          35.3236036
        ]
      },
      "properties": {
        "osm_type": "way",
        "osm_id": 1094118646,
        "sido": "부산광역시",
        "name": "",
        "name_en": "",
        "substation_type": "",
        "voltage": "154000",
        "frequency": "60",
        "operator": "",
        "location": ""
      }
    },
    {
      "type": "Feature",
      "geometry": {
        "type": "Point",
        "coordinates": [
          129.1002613,
          35.2482209
        ]
      },
      "properties": {
        "osm_type": "way",
        "osm_id": 1094410695,
        "sido": "부산광역시",
        "name": "구서변전소",
        "name_en": "",
        "substation_type": "distribution",
        "voltage": "154000",
        "frequency": "60",
        "operator": "",
        "location": "outdoor"
      }
    },
    {
      "type": "Feature",
      "geometry": {
        "type": "Point",
        "coordinates": [
          129.1351099,
          35.1728661
        ]
      },
      "properties": {
        "osm_type": "way",
        "osm_id": 1094410702,
        "sido": "부산광역시",
        "name": "수영변전소",
        "name_en": "",
        "substation_type": "distribution",
        "voltage": "154000",
        "frequency": "60",
        "operator": "",
        "location": ""
      }
    },
    {
      "type": "Feature",
      "geometry": {
        "type": "Point",
        "coordinates": [
          128.9989352,
          35.2064079
        ]
      },
      "properties": {
        "osm_type": "way",
        "osm_id": 1194151294,
        "sido": "부산광역시",
        "name": "",
        "name_en": "",
        "substation_type": "traction",
        "voltage": "55000;27500",
        "frequency": "",
        "operator": "",
        "location": ""
      }
    },
    {
      "type": "Feature",
      "geometry": {
        "type": "Point",
        "coordinates": [
          129.0933469,
          35.290305
        ]
      },
      "properties": {
        "osm_type": "way",
        "osm_id": 1196122077,
        "sido": "부산광역시",
        "name": "",
        "name_en": "",
        "substation_type": "traction",
        "voltage": "55000;27500",
        "frequency": "",
        "operator": "",
        "location": ""
      }
    },
    {
      "type": "Feature",
      "geometry": {
        "type": "Point",
        "coordinates": [
          129.2947403,
          35.3242083
        ]
      },
      "properties": {
        "osm_type": "way",
        "osm_id": 1270612254,
        "sido": "부산광역시",
        "name": "",
        "name_en": "",
        "substation_type": "transition",
        "voltage": "345000",
        "frequency": "60",
        "operator": "",
        "location": "outdoor"
      }
    },
    {
      "type": "Feature",
      "geometry": {
        "type": "Point",
        "coordinates": [
          129.2943607,
          35.3245389
        ]
      },
      "properties": {
        "osm_type": "way",
        "osm_id": 1270612256,
        "sido": "부산광역시",
        "name": "",
        "name_en": "",
        "substation_type": "transition",
        "voltage": "345000",
        "frequency": "60",
        "operator": "",
        "location": "outdoor"
      }
    },
    {
      "type": "Feature",
      "geometry": {
        "type": "Point",
        "coordinates": [
          129.3020059,
          35.3278233
        ]
      },
      "properties": {
        "osm_type": "way",
        "osm_id": 1270612527,
        "sido": "부산광역시",
        "name": "",
        "name_en": "",
        "substation_type": "generation",
        "voltage": "",
        "frequency": "60",
        "operator": "",
        "location": "outdoor"
      }
    },
    {
      "type": "Feature",
      "geometry": {
        "type": "Point",
        "coordinates": [
          129.2964998,
          35.3328857
        ]
      },
      "properties": {
        "osm_type": "way",
        "osm_id": 1270612804,
        "sido": "부산광역시",
        "name": "",
        "name_en": "",
        "substation_type": "",
        "voltage": "",
        "frequency": "",
        "operator": "",
        "location": ""
      }
    },
    {
      "type": "Feature",
      "geometry": {
        "type": "Point",
        "coordinates": [
          128.8301153,
          35.1521395
        ]
      },
      "properties": {
        "osm_type": "way",
        "osm_id": 1292362429,
        "sido": "부산광역시",
        "name": "지사변전소",
        "name_en": "",
        "substation_type": "distribution",
        "voltage": "154000",
        "frequency": "60",
        "operator": "",
        "location": "indoor"
      }
    },
    {
      "type": "Feature",
      "geometry": {
        "type": "Point",
        "coordinates": [
          129.0162304,
          35.1024964
        ]
      },
      "properties": {
        "osm_type": "way",
        "osm_id": 1292814156,
        "sido": "부산광역시",
        "name": "부민변전소",
        "name_en": "",
        "substation_type": "",
        "voltage": "",
        "frequency": "",
        "operator": "",
        "location": ""
      }
    },
    {
      "type": "Feature",
      "geometry": {
        "type": "Point",
        "coordinates": [
          129.0450045,
          35.1231226
        ]
      },
      "properties": {
        "osm_type": "way",
        "osm_id": 1292814535,
        "sido": "부산광역시",
        "name": "수정변전소",
        "name_en": "",
        "substation_type": "",
        "voltage": "",
        "frequency": "",
        "operator": "",
        "location": "indoor"
      }
    },
    {
      "type": "Feature",
      "geometry": {
        "type": "Point",
        "coordinates": [
          129.0649452,
          35.1360712
        ]
      },
      "properties": {
        "osm_type": "way",
        "osm_id": 1292814774,
        "sido": "부산광역시",
        "name": "범일변전소",
        "name_en": "",
        "substation_type": "",
        "voltage": "",
        "frequency": "",
        "operator": "",
        "location": ""
      }
    },
    {
      "type": "Feature",
      "geometry": {
        "type": "Point",
        "coordinates": [
          129.1046682,
          35.1183328
        ]
      },
      "properties": {
        "osm_type": "way",
        "osm_id": 1292815780,
        "sido": "부산광역시",
        "name": "용호변전소",
        "name_en": "",
        "substation_type": "",
        "voltage": "",
        "frequency": "",
        "operator": "",
        "location": ""
      }
    },
    {
      "type": "Feature",
      "geometry": {
        "type": "Point",
        "coordinates": [
          128.9896765,
          35.1687989
        ]
      },
      "properties": {
        "osm_type": "way",
        "osm_id": 1292820117,
        "sido": "부산광역시",
        "name": "덕포변전소",
        "name_en": "",
        "substation_type": "",
        "voltage": "",
        "frequency": "",
        "operator": "",
        "location": ""
      }
    },
    {
      "type": "Feature",
      "geometry": {
        "type": "Point",
        "coordinates": [
          128.9916669,
          35.1713865
        ]
      },
      "properties": {
        "osm_type": "way",
        "osm_id": 1292820120,
        "sido": "부산광역시",
        "name": "엄궁변전소",
        "name_en": "",
        "substation_type": "",
        "voltage": "",
        "frequency": "",
        "operator": "",
        "location": "outdoor"
      }
    },
    {
      "type": "Feature",
      "geometry": {
        "type": "Point",
        "coordinates": [
          128.9863767,
          35.1816907
        ]
      },
      "properties": {
        "osm_type": "way",
        "osm_id": 1292820324,
        "sido": "부산광역시",
        "name": "모라변전소",
        "name_en": "",
        "substation_type": "",
        "voltage": "",
        "frequency": "",
        "operator": "",
        "location": ""
      }
    },
    {
      "type": "Feature",
      "geometry": {
        "type": "Point",
        "coordinates": [
          129.0947397,
          35.1921015
        ]
      },
      "properties": {
        "osm_type": "way",
        "osm_id": 1292829013,
        "sido": "부산광역시",
        "name": "연산변전소",
        "name_en": "",
        "substation_type": "",
        "voltage": "",
        "frequency": "",
        "operator": "",
        "location": ""
      }
    },
    {
      "type": "Feature",
      "geometry": {
        "type": "Point",
        "coordinates": [
          129.2083251,
          35.1942087
        ]
      },
      "properties": {
        "osm_type": "way",
        "osm_id": 1292837629,
        "sido": "부산광역시",
        "name": "시랑변전소",
        "name_en": "",
        "substation_type": "",
        "voltage": "",
        "frequency": "",
        "operator": "",
        "location": "indoor"
      }
    },
    {
      "type": "Feature",
      "geometry": {
        "type": "Point",
        "coordinates": [
          129.1060031,
          35.3050687
        ]
      },
      "properties": {
        "osm_type": "way",
        "osm_id": 1295175667,
        "sido": "부산광역시",
        "name": "부산변전소",
        "name_en": "",
        "substation_type": "",
        "voltage": "",
        "frequency": "",
        "operator": "",
        "location": "indoor"
      }
    },
    {
      "type": "Feature",
      "geometry": {
        "type": "Point",
        "coordinates": [
          129.3021509,
          35.3267343
        ]
      },
      "properties": {
        "osm_type": "way",
        "osm_id": 1330692414,
        "sido": "부산광역시",
        "name": "",
        "name_en": "",
        "substation_type": "generation",
        "voltage": "",
        "frequency": "60",
        "operator": "",
        "location": "outdoor"
      }
    },
    {
      "type": "Feature",
      "geometry": {
        "type": "Point",
        "coordinates": [
          129.2892092,
          35.3216814
        ]
      },
      "properties": {
        "osm_type": "way",
        "osm_id": 1330692418,
        "sido": "부산광역시",
        "name": "",
        "name_en": "",
        "substation_type": "transmission",
        "voltage": "154000",
        "frequency": "",
        "operator": "",
        "location": "outdoor"
      }
    },
    {
      "type": "Feature",
      "geometry": {
        "type": "Point",
        "coordinates": [
          126.9341956,
          35.2085626
        ]
      },
      "properties": {
        "osm_type": "way",
        "osm_id": 310226151,
        "sido": "광주광역시",
        "name": "신광주변전소",
        "name_en": "Sin-Gwangju Substation",
        "substation_type": "transmission",
        "voltage": "345000",
        "frequency": "60",
        "operator": "",
        "location": "outdoor"
      }
    },
    {
      "type": "Feature",
      "geometry": {
        "type": "Point",
        "coordinates": [
          126.9006598,
          35.1152423
        ]
      },
      "properties": {
        "osm_type": "way",
        "osm_id": 312458506,
        "sido": "광주광역시",
        "name": "남광주변전소",
        "name_en": "Namgwangju Substation",
        "substation_type": "distribution",
        "voltage": "154000",
        "frequency": "60",
        "operator": "",
        "location": "outdoor"
      }
    },
    {
      "type": "Feature",
      "geometry": {
        "type": "Point",
        "coordinates": [
          126.7965176,
          35.206947
        ]
      },
      "properties": {
        "osm_type": "way",
        "osm_id": 333222927,
        "sido": "광주광역시",
        "name": "하남변전소",
        "name_en": "Hanam Substation",
        "substation_type": "distribution",
        "voltage": "154000",
        "frequency": "60",
        "operator": "",
        "location": "indoor"
      }
    },
    {
      "type": "Feature",
      "geometry": {
        "type": "Point",
        "coordinates": [
          126.7545476,
          35.1337858
        ]
      },
      "properties": {
        "osm_type": "way",
        "osm_id": 371952408,
        "sido": "광주광역시",
        "name": "평동변전소",
        "name_en": "Pyeongdong Substation",
        "substation_type": "distribution",
        "voltage": "154000",
        "frequency": "60",
        "operator": "한국전력공사",
        "location": "outdoor"
      }
    },
    {
      "type": "Feature",
      "geometry": {
        "type": "Point",
        "coordinates": [
          126.8512676,
          35.2131391
        ]
      },
      "properties": {
        "osm_type": "way",
        "osm_id": 485995057,
        "sido": "광주광역시",
        "name": "비아변전소",
        "name_en": "",
        "substation_type": "distribution",
        "voltage": "154000",
        "frequency": "60",
        "operator": "",
        "location": "indoor"
      }
    },
    {
      "type": "Feature",
      "geometry": {
        "type": "Point",
        "coordinates": [
          126.8831129,
          35.1524298
        ]
      },
      "properties": {
        "osm_type": "way",
        "osm_id": 491558154,
        "sido": "광주광역시",
        "name": "화정변전소",
        "name_en": "",
        "substation_type": "distribution",
        "voltage": "154000",
        "frequency": "60",
        "operator": "",
        "location": "indoor"
      }
    },
    {
      "type": "Feature",
      "geometry": {
        "type": "Point",
        "coordinates": [
          126.8512673,
          35.2130321
        ]
      },
      "properties": {
        "osm_type": "way",
        "osm_id": 502129538,
        "sido": "광주광역시",
        "name": "",
        "name_en": "",
        "substation_type": "",
        "voltage": "",
        "frequency": "",
        "operator": "",
        "location": ""
      }
    },
    {
      "type": "Feature",
      "geometry": {
        "type": "Point",
        "coordinates": [
          126.756834,
          35.1075202
        ]
      },
      "properties": {
        "osm_type": "way",
        "osm_id": 548475415,
        "sido": "광주광역시",
        "name": "노안변전소",
        "name_en": "Noan Substation",
        "substation_type": "traction",
        "voltage": "154000;55000;27500",
        "frequency": "",
        "operator": "한국철도시설공단",
        "location": "indoor"
      }
    },
    {
      "type": "Feature",
      "geometry": {
        "type": "Point",
        "coordinates": [
          126.9086276,
          35.1513604
        ]
      },
      "properties": {
        "osm_type": "way",
        "osm_id": 892604014,
        "sido": "광주광역시",
        "name": "충장변전소",
        "name_en": "",
        "substation_type": "distribution",
        "voltage": "154000",
        "frequency": "60",
        "operator": "",
        "location": "indoor"
      }
    },
    {
      "type": "Feature",
      "geometry": {
        "type": "Point",
        "coordinates": [
          126.8892987,
          35.2001218
        ]
      },
      "properties": {
        "osm_type": "way",
        "osm_id": 892604015,
        "sido": "광주광역시",
        "name": "일곡변전소",
        "name_en": "Ilgok Subtation",
        "substation_type": "distribution",
        "voltage": "154000",
        "frequency": "60",
        "operator": "",
        "location": "indoor"
      }
    },
    {
      "type": "Feature",
      "geometry": {
        "type": "Point",
        "coordinates": [
          126.8907523,
          35.1779304
        ]
      },
      "properties": {
        "osm_type": "way",
        "osm_id": 892604016,
        "sido": "광주광역시",
        "name": "북광주변전소",
        "name_en": "",
        "substation_type": "distribution",
        "voltage": "154000",
        "frequency": "60",
        "operator": "",
        "location": "indoor"
      }
    },
    {
      "type": "Feature",
      "geometry": {
        "type": "Point",
        "coordinates": [
          126.9371517,
          35.183982
        ]
      },
      "properties": {
        "osm_type": "way",
        "osm_id": 892604018,
        "sido": "광주광역시",
        "name": "계림변전소",
        "name_en": "Gyelim Substation",
        "substation_type": "distribution",
        "voltage": "154000",
        "frequency": "60",
        "operator": "",
        "location": "outdoor"
      }
    },
    {
      "type": "Feature",
      "geometry": {
        "type": "Point",
        "coordinates": [
          126.7895111,
          35.1480303
        ]
      },
      "properties": {
        "osm_type": "way",
        "osm_id": 892604020,
        "sido": "광주광역시",
        "name": "송정변전소",
        "name_en": "",
        "substation_type": "distribution",
        "voltage": "154000",
        "frequency": "60",
        "operator": "",
        "location": "indoor"
      }
    },
    {
      "type": "Feature",
      "geometry": {
        "type": "Point",
        "coordinates": [
          126.8653428,
          35.11555
        ]
      },
      "properties": {
        "osm_type": "way",
        "osm_id": 892604021,
        "sido": "광주광역시",
        "name": "매월변전소",
        "name_en": "Maewol Substation",
        "substation_type": "distribution",
        "voltage": "154000",
        "frequency": "60",
        "operator": "",
        "location": "indoor"
      }
    },
    {
      "type": "Feature",
      "geometry": {
        "type": "Point",
        "coordinates": [
          126.8652767,
          35.1607177
        ]
      },
      "properties": {
        "osm_type": "way",
        "osm_id": 892604022,
        "sido": "광주광역시",
        "name": "농성변전소",
        "name_en": "",
        "substation_type": "distribution",
        "voltage": "154000",
        "frequency": "60",
        "operator": "",
        "location": "indoor"
      }
    },
    {
      "type": "Feature",
      "geometry": {
        "type": "Point",
        "coordinates": [
          126.8621753,
          35.1088578
        ]
      },
      "properties": {
        "osm_type": "way",
        "osm_id": 893655198,
        "sido": "광주광역시",
        "name": "",
        "name_en": "",
        "substation_type": "",
        "voltage": "",
        "frequency": "",
        "operator": "",
        "location": ""
      }
    },
    {
      "type": "Feature",
      "geometry": {
        "type": "Point",
        "coordinates": [
          126.9367921,
          35.1839608
        ]
      },
      "properties": {
        "osm_type": "way",
        "osm_id": 1037354907,
        "sido": "광주광역시",
        "name": "",
        "name_en": "",
        "substation_type": "",
        "voltage": "",
        "frequency": "",
        "operator": "",
        "location": ""
      }
    },
    {
      "type": "Feature",
      "geometry": {
        "type": "Point",
        "coordinates": [
          126.9371678,
          35.1839402
        ]
      },
      "properties": {
        "osm_type": "way",
        "osm_id": 1037354908,
        "sido": "광주광역시",
        "name": "",
        "name_en": "",
        "substation_type": "",
        "voltage": "",
        "frequency": "",
        "operator": "",
        "location": ""
      }
    },
    {
      "type": "Feature",
      "geometry": {
        "type": "Point",
        "coordinates": [
          126.8025718,
          35.186807
        ]
      },
      "properties": {
        "osm_type": "way",
        "osm_id": 1080851943,
        "sido": "광주광역시",
        "name": "흑석변전소",
        "name_en": "",
        "substation_type": "distribution",
        "voltage": "154000",
        "frequency": "60",
        "operator": "",
        "location": "indoor"
      }
    },
    {
      "type": "Feature",
      "geometry": {
        "type": "Point",
        "coordinates": [
          126.6690766,
          35.1802494
        ]
      },
      "properties": {
        "osm_type": "way",
        "osm_id": 1103978486,
        "sido": "광주광역시",
        "name": "덕림변전소",
        "name_en": "Deoklim Substation",
        "substation_type": "distribution",
        "voltage": "154000",
        "frequency": "60",
        "operator": "한국전력공사",
        "location": "indoor"
      }
    },
    {
      "type": "Feature",
      "geometry": {
        "type": "Point",
        "coordinates": [
          126.792981,
          35.1767743
        ]
      },
      "properties": {
        "osm_type": "way",
        "osm_id": 1135323485,
        "sido": "광주광역시",
        "name": "하남병렬급전소",
        "name_en": "Hanam Parallel Post",
        "substation_type": "traction",
        "voltage": "55000;27500",
        "frequency": "",
        "operator": "한국철도시설공단",
        "location": "indoor"
      }
    },
    {
      "type": "Feature",
      "geometry": {
        "type": "Point",
        "coordinates": [
          126.7616808,
          35.2058282
        ]
      },
      "properties": {
        "osm_type": "way",
        "osm_id": 1193541788,
        "sido": "광주광역시",
        "name": "",
        "name_en": "",
        "substation_type": "traction",
        "voltage": "55000;27500",
        "frequency": "",
        "operator": "",
        "location": ""
      }
    },
    {
      "type": "Feature",
      "geometry": {
        "type": "Point",
        "coordinates": [
          126.7958062,
          35.1465433
        ]
      },
      "properties": {
        "osm_type": "way",
        "osm_id": 1193541789,
        "sido": "광주광역시",
        "name": "",
        "name_en": "",
        "substation_type": "traction",
        "voltage": "55000;27500",
        "frequency": "",
        "operator": "",
        "location": ""
      }
    },
    {
      "type": "Feature",
      "geometry": {
        "type": "Point",
        "coordinates": [
          127.2970986,
          36.5188439
        ]
      },
      "properties": {
        "osm_type": "way",
        "osm_id": 313280968,
        "sido": "세종특별자치시",
        "name": "",
        "name_en": "",
        "substation_type": "distribution",
        "voltage": "154000",
        "frequency": "60",
        "operator": "",
        "location": "indoor"
      }
    },
    {
      "type": "Feature",
      "geometry": {
        "type": "Point",
        "coordinates": [
          127.3611497,
          36.4936053
        ]
      },
      "properties": {
        "osm_type": "way",
        "osm_id": 639947866,
        "sido": "세종특별자치시",
        "name": "월산변전소",
        "name_en": "Wolsan Substation",
        "substation_type": "distribution",
        "voltage": "154000",
        "frequency": "60",
        "operator": "",
        "location": "outdoor"
      }
    },
    {
      "type": "Feature",
      "geometry": {
        "type": "Point",
        "coordinates": [
          127.3349532,
          36.4954203
        ]
      },
      "properties": {
        "osm_type": "way",
        "osm_id": 883142549,
        "sido": "세종특별자치시",
        "name": "세종변전소",
        "name_en": "Sejong Substation",
        "substation_type": "transmission",
        "voltage": "345000",
        "frequency": "60",
        "operator": "",
        "location": "indoor"
      }
    },
    {
      "type": "Feature",
      "geometry": {
        "type": "Point",
        "coordinates": [
          127.2169207,
          36.701935
        ]
      },
      "properties": {
        "osm_type": "way",
        "osm_id": 886407198,
        "sido": "세종특별자치시",
        "name": "전의변전소",
        "name_en": "",
        "substation_type": "distribution",
        "voltage": "154000",
        "frequency": "60",
        "operator": "",
        "location": "indoor"
      }
    },
    {
      "type": "Feature",
      "geometry": {
        "type": "Point",
        "coordinates": [
          127.2429732,
          36.4665915
        ]
      },
      "properties": {
        "osm_type": "way",
        "osm_id": 894856177,
        "sido": "세종특별자치시",
        "name": "서세종변전소",
        "name_en": "",
        "substation_type": "distribution",
        "voltage": "154000",
        "frequency": "60",
        "operator": "",
        "location": "indoor"
      }
    },
    {
      "type": "Feature",
      "geometry": {
        "type": "Point",
        "coordinates": [
          127.2738754,
          36.5916807
        ]
      },
      "properties": {
        "osm_type": "way",
        "osm_id": 894856180,
        "sido": "세종특별자치시",
        "name": "조치원변전소",
        "name_en": "Jochiwon Substation",
        "substation_type": "distribution",
        "voltage": "154000",
        "frequency": "60",
        "operator": "",
        "location": "indoor"
      }
    },
    {
      "type": "Feature",
      "geometry": {
        "type": "Point",
        "coordinates": [
          127.1961223,
          36.7045606
        ]
      },
      "properties": {
        "osm_type": "way",
        "osm_id": 1193546758,
        "sido": "세종특별자치시",
        "name": "",
        "name_en": "",
        "substation_type": "traction",
        "voltage": "55000;27500",
        "frequency": "",
        "operator": "",
        "location": ""
      }
    },
    {
      "type": "Feature",
      "geometry": {
        "type": "Point",
        "coordinates": [
          127.2138436,
          36.672074
        ]
      },
      "properties": {
        "osm_type": "way",
        "osm_id": 1193850044,
        "sido": "세종특별자치시",
        "name": "",
        "name_en": "",
        "substation_type": "traction",
        "voltage": "55000;27500",
        "frequency": "",
        "operator": "",
        "location": ""
      }
    },
    {
      "type": "Feature",
      "geometry": {
        "type": "Point",
        "coordinates": [
          127.2956533,
          36.5993128
        ]
      },
      "properties": {
        "osm_type": "way",
        "osm_id": 1193850046,
        "sido": "세종특별자치시",
        "name": "",
        "name_en": "",
        "substation_type": "traction",
        "voltage": "154000;55000;27500",
        "frequency": "",
        "operator": "",
        "location": ""
      }
    },
    {
      "type": "Feature",
      "geometry": {
        "type": "Point",
        "coordinates": [
          127.3972577,
          36.4945635
        ]
      },
      "properties": {
        "osm_type": "way",
        "osm_id": 1193850047,
        "sido": "세종특별자치시",
        "name": "",
        "name_en": "",
        "substation_type": "traction",
        "voltage": "55000;27500",
        "frequency": "",
        "operator": "",
        "location": ""
      }
    },
    {
      "type": "Feature",
      "geometry": {
        "type": "Point",
        "coordinates": [
          127.276486,
          36.4543142
        ]
      },
      "properties": {
        "osm_type": "way",
        "osm_id": 1193995776,
        "sido": "세종특별자치시",
        "name": "금남병렬급전소",
        "name_en": "Geumnam Parallel Post",
        "substation_type": "traction",
        "voltage": "55000;27500",
        "frequency": "",
        "operator": "",
        "location": ""
      }
    },
    {
      "type": "Feature",
      "geometry": {
        "type": "Point",
        "coordinates": [
          127.3400261,
          36.4949352
        ]
      },
      "properties": {
        "osm_type": "way",
        "osm_id": 1193995777,
        "sido": "세종특별자치시",
        "name": "부용 변전소",
        "name_en": "Buyong Substation",
        "substation_type": "traction",
        "voltage": "154000;55000;27500",
        "frequency": "",
        "operator": "",
        "location": ""
      }
    },
    {
      "type": "Feature",
      "geometry": {
        "type": "Point",
        "coordinates": [
          127.272769,
          36.6626029
        ]
      },
      "properties": {
        "osm_type": "way",
        "osm_id": 1195895338,
        "sido": "세종특별자치시",
        "name": "",
        "name_en": "",
        "substation_type": "traction",
        "voltage": "55000;27500",
        "frequency": "",
        "operator": "",
        "location": ""
      }
    },
    {
      "type": "Feature",
      "geometry": {
        "type": "Point",
        "coordinates": [
          127.3487882,
          36.5133508
        ]
      },
      "properties": {
        "osm_type": "way",
        "osm_id": 1196122079,
        "sido": "세종특별자치시",
        "name": "",
        "name_en": "",
        "substation_type": "traction",
        "voltage": "55000;27500",
        "frequency": "",
        "operator": "",
        "location": ""
      }
    },
    {
      "type": "Feature",
      "geometry": {
        "type": "Point",
        "coordinates": [
          127.3713903,
          36.5197315
        ]
      },
      "properties": {
        "osm_type": "way",
        "osm_id": 1256461113,
        "sido": "세종특별자치시",
        "name": "부강변전소",
        "name_en": "",
        "substation_type": "",
        "voltage": "154000",
        "frequency": "60",
        "operator": "",
        "location": "indoor"
      }
    },
    {
      "type": "Feature",
      "geometry": {
        "type": "Point",
        "coordinates": [
          127.2955822,
          36.59946
        ]
      },
      "properties": {
        "osm_type": "way",
        "osm_id": 1414107920,
        "sido": "세종특별자치시",
        "name": "",
        "name_en": "",
        "substation_type": "",
        "voltage": "",
        "frequency": "",
        "operator": "",
        "location": ""
      }
    },
    {
      "type": "Feature",
      "geometry": {
        "type": "Point",
        "coordinates": [
          127.0849255,
          36.8697053
        ]
      },
      "properties": {
        "osm_type": "node",
        "osm_id": 13432789777,
        "sido": "충청남도",
        "name": "용와북배전소",
        "name_en": "",
        "substation_type": "minor_distribution",
        "voltage": "",
        "frequency": "",
        "operator": "",
        "location": ""
      }
    },
    {
      "type": "Feature",
      "geometry": {
        "type": "Point",
        "coordinates": [
          126.7882884,
          36.4666918
        ]
      },
      "properties": {
        "osm_type": "way",
        "osm_id": 119001902,
        "sido": "충청남도",
        "name": "청양변전소",
        "name_en": "Cheongyang Substation",
        "substation_type": "transmission",
        "voltage": "345000",
        "frequency": "60",
        "operator": "",
        "location": "outdoor"
      }
    },
    {
      "type": "Feature",
      "geometry": {
        "type": "Point",
        "coordinates": [
          127.0602349,
          36.8271878
        ]
      },
      "properties": {
        "osm_type": "way",
        "osm_id": 119180549,
        "sido": "충청남도",
        "name": "탕정변전소",
        "name_en": "Tangjeong Substation",
        "substation_type": "distribution",
        "voltage": "154000",
        "frequency": "60",
        "operator": "",
        "location": "indoor"
      }
    },
    {
      "type": "Feature",
      "geometry": {
        "type": "Point",
        "coordinates": [
          127.1167837,
          36.8595743
        ]
      },
      "properties": {
        "osm_type": "way",
        "osm_id": 125839751,
        "sido": "충청남도",
        "name": "서천안변전소",
        "name_en": "",
        "substation_type": "distribution",
        "voltage": "154000",
        "frequency": "60",
        "operator": "",
        "location": "outdoor"
      }
    },
    {
      "type": "Feature",
      "geometry": {
        "type": "Point",
        "coordinates": [
          127.1663018,
          36.7919721
        ]
      },
      "properties": {
        "osm_type": "way",
        "osm_id": 125840986,
        "sido": "충청남도",
        "name": "천안변전소",
        "name_en": "",
        "substation_type": "distribution",
        "voltage": "154000",
        "frequency": "60",
        "operator": "",
        "location": "indoor"
      }
    },
    {
      "type": "Feature",
      "geometry": {
        "type": "Point",
        "coordinates": [
          127.209499,
          36.8841625
        ]
      },
      "properties": {
        "osm_type": "way",
        "osm_id": 126047655,
        "sido": "충청남도",
        "name": "성거변전소",
        "name_en": "Seonggeo Substation",
        "substation_type": "distribution",
        "voltage": "154000",
        "frequency": "60",
        "operator": "",
        "location": "outdoor"
      }
    },
    {
      "type": "Feature",
      "geometry": {
        "type": "Point",
        "coordinates": [
          126.8789264,
          36.8467148
        ]
      },
      "properties": {
        "osm_type": "way",
        "osm_id": 172009221,
        "sido": "충청남도",
        "name": "인주변전소",
        "name_en": "Inju Substation",
        "substation_type": "distribution",
        "voltage": "154000",
        "frequency": "60",
        "operator": "",
        "location": "indoor"
      }
    },
    {
      "type": "Feature",
      "geometry": {
        "type": "Point",
        "coordinates": [
          127.3299,
          36.769469
        ]
      },
      "properties": {
        "osm_type": "way",
        "osm_id": 231045732,
        "sido": "충청남도",
        "name": "동천안변전소",
        "name_en": "",
        "substation_type": "distribution",
        "voltage": "154000",
        "frequency": "60",
        "operator": "",
        "location": "indoor"
      }
    },
    {
      "type": "Feature",
      "geometry": {
        "type": "Point",
        "coordinates": [
          127.2759273,
          36.2464662
        ]
      },
      "properties": {
        "osm_type": "way",
        "osm_id": 307934521,
        "sido": "충청남도",
        "name": "신계룡변전소",
        "name_en": "",
        "substation_type": "transmission",
        "voltage": "345000",
        "frequency": "60",
        "operator": "",
        "location": "outdoor"
      }
    },
    {
      "type": "Feature",
      "geometry": {
        "type": "Point",
        "coordinates": [
          126.5818393,
          36.3818221
        ]
      },
      "properties": {
        "osm_type": "way",
        "osm_id": 308733208,
        "sido": "충청남도",
        "name": "관창변전소",
        "name_en": "Gwanchang Substation",
        "substation_type": "distribution",
        "voltage": "154000",
        "frequency": "60",
        "operator": "",
        "location": "indoor"
      }
    },
    {
      "type": "Feature",
      "geometry": {
        "type": "Point",
        "coordinates": [
          127.1607224,
          36.4815074
        ]
      },
      "properties": {
        "osm_type": "way",
        "osm_id": 310378772,
        "sido": "충청남도",
        "name": "공주변전소",
        "name_en": "",
        "substation_type": "distribution",
        "voltage": "154000",
        "frequency": "60",
        "operator": "",
        "location": "outdoor"
      }
    },
    {
      "type": "Feature",
      "geometry": {
        "type": "Point",
        "coordinates": [
          127.0074289,
          36.8790519
        ]
      },
      "properties": {
        "osm_type": "way",
        "osm_id": 310421632,
        "sido": "충청남도",
        "name": "신온양변전소",
        "name_en": "Shin-Onyang Substation",
        "substation_type": "transmission",
        "voltage": "345000",
        "frequency": "60",
        "operator": "",
        "location": "outdoor"
      }
    },
    {
      "type": "Feature",
      "geometry": {
        "type": "Point",
        "coordinates": [
          126.9243047,
          36.7910803
        ]
      },
      "properties": {
        "osm_type": "way",
        "osm_id": 310689427,
        "sido": "충청남도",
        "name": "아산변전소",
        "name_en": "Asan Substation",
        "substation_type": "transmission",
        "voltage": "345000",
        "frequency": "60",
        "operator": "",
        "location": "outdoor"
      }
    },
    {
      "type": "Feature",
      "geometry": {
        "type": "Point",
        "coordinates": [
          127.0404942,
          36.7654415
        ]
      },
      "properties": {
        "osm_type": "way",
        "osm_id": 310920204,
        "sido": "충청남도",
        "name": "온양변전소",
        "name_en": "Onyang Substaton",
        "substation_type": "distribution",
        "voltage": "154000",
        "frequency": "60",
        "operator": "",
        "location": "outdoor"
      }
    },
    {
      "type": "Feature",
      "geometry": {
        "type": "Point",
        "coordinates": [
          126.6387479,
          36.7713399
        ]
      },
      "properties": {
        "osm_type": "way",
        "osm_id": 310921768,
        "sido": "충청남도",
        "name": "신서산변전소",
        "name_en": "Shin-Seosan Substation",
        "substation_type": "transmission",
        "voltage": "765000",
        "frequency": "60",
        "operator": "",
        "location": "outdoor"
      }
    },
    {
      "type": "Feature",
      "geometry": {
        "type": "Point",
        "coordinates": [
          127.2311434,
          36.2986355
        ]
      },
      "properties": {
        "osm_type": "way",
        "osm_id": 311068708,
        "sido": "충청남도",
        "name": "두마변전소",
        "name_en": "",
        "substation_type": "distribution",
        "voltage": "154000",
        "frequency": "60",
        "operator": "",
        "location": "indoor"
      }
    },
    {
      "type": "Feature",
      "geometry": {
        "type": "Point",
        "coordinates": [
          127.1102568,
          36.1776964
        ]
      },
      "properties": {
        "osm_type": "way",
        "osm_id": 311068710,
        "sido": "충청남도",
        "name": "은진변전소",
        "name_en": "Eunjin Substation",
        "substation_type": "transmission",
        "voltage": "154000",
        "frequency": "60",
        "operator": "",
        "location": "outdoor"
      }
    },
    {
      "type": "Feature",
      "geometry": {
        "type": "Point",
        "coordinates": [
          127.1123992,
          36.8642589
        ]
      },
      "properties": {
        "osm_type": "way",
        "osm_id": 313264823,
        "sido": "충청남도",
        "name": "한샘변전소",
        "name_en": "Hansaem Substation",
        "substation_type": "distribution",
        "voltage": "154000",
        "frequency": "60",
        "operator": "",
        "location": "outdoor"
      }
    },
    {
      "type": "Feature",
      "geometry": {
        "type": "Point",
        "coordinates": [
          127.0506786,
          36.2215889
        ]
      },
      "properties": {
        "osm_type": "way",
        "osm_id": 411718989,
        "sido": "충청남도",
        "name": "논산변전소",
        "name_en": "Nonsan Substation",
        "substation_type": "distribution",
        "voltage": "154000",
        "frequency": "60",
        "operator": "",
        "location": "indoor"
      }
    },
    {
      "type": "Feature",
      "geometry": {
        "type": "Point",
        "coordinates": [
          127.0868191,
          36.9196459
        ]
      },
      "properties": {
        "osm_type": "way",
        "osm_id": 472351006,
        "sido": "충청남도",
        "name": "둔포변전소",
        "name_en": "Dunpo Substation",
        "substation_type": "distribution",
        "voltage": "154000",
        "frequency": "60",
        "operator": "",
        "location": "indoor"
      }
    },
    {
      "type": "Feature",
      "geometry": {
        "type": "Point",
        "coordinates": [
          127.144065,
          36.4720027
        ]
      },
      "properties": {
        "osm_type": "way",
        "osm_id": 555925535,
        "sido": "충청남도",
        "name": "",
        "name_en": "",
        "substation_type": "",
        "voltage": "",
        "frequency": "",
        "operator": "",
        "location": ""
      }
    },
    {
      "type": "Feature",
      "geometry": {
        "type": "Point",
        "coordinates": [
          126.9453898,
          36.7678134
        ]
      },
      "properties": {
        "osm_type": "way",
        "osm_id": 634872124,
        "sido": "충청남도",
        "name": "",
        "name_en": "",
        "substation_type": "traction",
        "voltage": "55000;27500",
        "frequency": "",
        "operator": "",
        "location": ""
      }
    },
    {
      "type": "Feature",
      "geometry": {
        "type": "Point",
        "coordinates": [
          126.4645948,
          36.7966859
        ]
      },
      "properties": {
        "osm_type": "way",
        "osm_id": 642987968,
        "sido": "충청남도",
        "name": "서산변전소",
        "name_en": "Seosan Substation",
        "substation_type": "distribution",
        "voltage": "154000",
        "frequency": "60",
        "operator": "한국전력공사",
        "location": ""
      }
    },
    {
      "type": "Feature",
      "geometry": {
        "type": "Point",
        "coordinates": [
          126.5113891,
          37.0518717
        ]
      },
      "properties": {
        "osm_type": "way",
        "osm_id": 642987969,
        "sido": "충청남도",
        "name": "",
        "name_en": "Dangjin Thermal Power Plant",
        "substation_type": "transmission",
        "voltage": "",
        "frequency": "",
        "operator": "",
        "location": ""
      }
    },
    {
      "type": "Feature",
      "geometry": {
        "type": "Point",
        "coordinates": [
          126.506765,
          37.0533523
        ]
      },
      "properties": {
        "osm_type": "way",
        "osm_id": 720019162,
        "sido": "충청남도",
        "name": "",
        "name_en": "",
        "substation_type": "",
        "voltage": "",
        "frequency": "",
        "operator": "",
        "location": ""
      }
    },
    {
      "type": "Feature",
      "geometry": {
        "type": "Point",
        "coordinates": [
          126.6167375,
          36.9556998
        ]
      },
      "properties": {
        "osm_type": "way",
        "osm_id": 720019168,
        "sido": "충청남도",
        "name": "",
        "name_en": "",
        "substation_type": "industrial",
        "voltage": "154000",
        "frequency": "",
        "operator": "",
        "location": ""
      }
    },
    {
      "type": "Feature",
      "geometry": {
        "type": "Point",
        "coordinates": [
          127.1086869,
          36.7904565
        ]
      },
      "properties": {
        "osm_type": "way",
        "osm_id": 796446432,
        "sido": "충청남도",
        "name": "장재변전소",
        "name_en": "Jangjae Substation",
        "substation_type": "distribution",
        "voltage": "154000",
        "frequency": "60",
        "operator": "",
        "location": "indoor"
      }
    },
    {
      "type": "Feature",
      "geometry": {
        "type": "Point",
        "coordinates": [
          127.1157406,
          36.8155514
        ]
      },
      "properties": {
        "osm_type": "way",
        "osm_id": 799263823,
        "sido": "충청남도",
        "name": "불당변전소",
        "name_en": "",
        "substation_type": "distribution",
        "voltage": "154000",
        "frequency": "60",
        "operator": "",
        "location": "indoor"
      }
    },
    {
      "type": "Feature",
      "geometry": {
        "type": "Point",
        "coordinates": [
          127.1580755,
          36.7815527
        ]
      },
      "properties": {
        "osm_type": "way",
        "osm_id": 819483614,
        "sido": "충청남도",
        "name": "",
        "name_en": "",
        "substation_type": "",
        "voltage": "",
        "frequency": "",
        "operator": "",
        "location": ""
      }
    },
    {
      "type": "Feature",
      "geometry": {
        "type": "Point",
        "coordinates": [
          127.1039822,
          36.7352393
        ]
      },
      "properties": {
        "osm_type": "way",
        "osm_id": 871546805,
        "sido": "충청남도",
        "name": "풍세변전소",
        "name_en": "Pungse Substation",
        "substation_type": "distribution",
        "voltage": "154000",
        "frequency": "60",
        "operator": "",
        "location": "indoor"
      }
    },
    {
      "type": "Feature",
      "geometry": {
        "type": "Point",
        "coordinates": [
          126.7044749,
          36.9012885
        ]
      },
      "properties": {
        "osm_type": "way",
        "osm_id": 883725327,
        "sido": "충청남도",
        "name": "당진변전소",
        "name_en": "Dangjin Substation",
        "substation_type": "distribution",
        "voltage": "154000",
        "frequency": "60",
        "operator": "",
        "location": "outdoor"
      }
    },
    {
      "type": "Feature",
      "geometry": {
        "type": "Point",
        "coordinates": [
          126.5815918,
          36.852951
        ]
      },
      "properties": {
        "osm_type": "way",
        "osm_id": 883725328,
        "sido": "충청남도",
        "name": "신당진변전소",
        "name_en": "Shin-Dangjin Substation",
        "substation_type": "transmission",
        "voltage": "345000",
        "frequency": "60",
        "operator": "",
        "location": "outdoor"
      }
    },
    {
      "type": "Feature",
      "geometry": {
        "type": "Point",
        "coordinates": [
          126.7682991,
          36.9631317
        ]
      },
      "properties": {
        "osm_type": "way",
        "osm_id": 883725329,
        "sido": "충청남도",
        "name": "송악변전소",
        "name_en": "Songak Substation",
        "substation_type": "distribution",
        "voltage": "154000",
        "frequency": "60",
        "operator": "",
        "location": "indoor"
      }
    },
    {
      "type": "Feature",
      "geometry": {
        "type": "Point",
        "coordinates": [
          127.060403,
          36.8246483
        ]
      },
      "properties": {
        "osm_type": "way",
        "osm_id": 883725330,
        "sido": "충청남도",
        "name": "신탕정변전소",
        "name_en": "Shin-Tangjeong Substation",
        "substation_type": "transmission",
        "voltage": "345000",
        "frequency": "60",
        "operator": "",
        "location": "indoor"
      }
    },
    {
      "type": "Feature",
      "geometry": {
        "type": "Point",
        "coordinates": [
          126.592011,
          36.5212892
        ]
      },
      "properties": {
        "osm_type": "way",
        "osm_id": 886407200,
        "sido": "충청남도",
        "name": "은하변전소",
        "name_en": "",
        "substation_type": "distribution",
        "voltage": "154000",
        "frequency": "60",
        "operator": "",
        "location": "indoor"
      }
    },
    {
      "type": "Feature",
      "geometry": {
        "type": "Point",
        "coordinates": [
          126.554739,
          36.7266877
        ]
      },
      "properties": {
        "osm_type": "way",
        "osm_id": 886407202,
        "sido": "충청남도",
        "name": "해미변전소",
        "name_en": "Haemi Substation",
        "substation_type": "distribution",
        "voltage": "154000",
        "frequency": "60",
        "operator": "",
        "location": "indoor"
      }
    },
    {
      "type": "Feature",
      "geometry": {
        "type": "Point",
        "coordinates": [
          126.6006142,
          36.3092625
        ]
      },
      "properties": {
        "osm_type": "way",
        "osm_id": 886407206,
        "sido": "충청남도",
        "name": "대천변전소",
        "name_en": "Daecheon Substation",
        "substation_type": "distribution",
        "voltage": "154000",
        "frequency": "60",
        "operator": "",
        "location": "outdoor"
      }
    },
    {
      "type": "Feature",
      "geometry": {
        "type": "Point",
        "coordinates": [
          126.9365061,
          36.4878893
        ]
      },
      "properties": {
        "osm_type": "way",
        "osm_id": 886407207,
        "sido": "충청남도",
        "name": "신풍변전소",
        "name_en": "",
        "substation_type": "distribution",
        "voltage": "154000",
        "frequency": "60",
        "operator": "",
        "location": "outdoor"
      }
    },
    {
      "type": "Feature",
      "geometry": {
        "type": "Point",
        "coordinates": [
          126.6698849,
          36.6188108
        ]
      },
      "properties": {
        "osm_type": "way",
        "osm_id": 886407223,
        "sido": "충청남도",
        "name": "홍성변전소",
        "name_en": "Heungseong Substation",
        "substation_type": "distribution",
        "voltage": "154000",
        "frequency": "60",
        "operator": "",
        "location": "indoor"
      }
    },
    {
      "type": "Feature",
      "geometry": {
        "type": "Point",
        "coordinates": [
          126.8261692,
          36.7324549
        ]
      },
      "properties": {
        "osm_type": "way",
        "osm_id": 886407225,
        "sido": "충청남도",
        "name": "예산변전소",
        "name_en": "Yesan Substation",
        "substation_type": "distribution",
        "voltage": "154000",
        "frequency": "60",
        "operator": "",
        "location": "outdoor"
      }
    },
    {
      "type": "Feature",
      "geometry": {
        "type": "Point",
        "coordinates": [
          126.332542,
          36.5787718
        ]
      },
      "properties": {
        "osm_type": "way",
        "osm_id": 887782993,
        "sido": "충청남도",
        "name": "안면변전소",
        "name_en": "",
        "substation_type": "distribution",
        "voltage": "154000",
        "frequency": "60",
        "operator": "",
        "location": "indoor"
      }
    },
    {
      "type": "Feature",
      "geometry": {
        "type": "Point",
        "coordinates": [
          126.2877439,
          36.7423242
        ]
      },
      "properties": {
        "osm_type": "way",
        "osm_id": 887782998,
        "sido": "충청남도",
        "name": "태안변전소",
        "name_en": "Taean Substation",
        "substation_type": "distribution",
        "voltage": "154000",
        "frequency": "60",
        "operator": "",
        "location": "outdoor"
      }
    },
    {
      "type": "Feature",
      "geometry": {
        "type": "Point",
        "coordinates": [
          126.7526334,
          36.7865677
        ]
      },
      "properties": {
        "osm_type": "way",
        "osm_id": 889931851,
        "sido": "충청남도",
        "name": "합덕변전소",
        "name_en": "Habdeok Substation",
        "substation_type": "distribution",
        "voltage": "154000",
        "frequency": "60",
        "operator": "",
        "location": "indoor"
      }
    },
    {
      "type": "Feature",
      "geometry": {
        "type": "Point",
        "coordinates": [
          126.7782572,
          36.188853
        ]
      },
      "properties": {
        "osm_type": "way",
        "osm_id": 890073067,
        "sido": "충청남도",
        "name": "옥산변전소",
        "name_en": "Oksan Substation",
        "substation_type": "distribution",
        "voltage": "154000",
        "frequency": "60",
        "operator": "",
        "location": "indoor"
      }
    },
    {
      "type": "Feature",
      "geometry": {
        "type": "Point",
        "coordinates": [
          126.9448341,
          36.2978008
        ]
      },
      "properties": {
        "osm_type": "way",
        "osm_id": 890073068,
        "sido": "충청남도",
        "name": "부여변전소",
        "name_en": "Buyeo Substation",
        "substation_type": "distribution",
        "voltage": "154000",
        "frequency": "60",
        "operator": "",
        "location": "outdoor"
      }
    },
    {
      "type": "Feature",
      "geometry": {
        "type": "Point",
        "coordinates": [
          127.4948251,
          36.1090379
        ]
      },
      "properties": {
        "osm_type": "way",
        "osm_id": 890073069,
        "sido": "충청남도",
        "name": "금산변전소",
        "name_en": "Geumsan Substation",
        "substation_type": "distribution",
        "voltage": "154000",
        "frequency": "60",
        "operator": "",
        "location": "outdoor"
      }
    },
    {
      "type": "Feature",
      "geometry": {
        "type": "Point",
        "coordinates": [
          127.494881,
          36.2222765
        ]
      },
      "properties": {
        "osm_type": "way",
        "osm_id": 890073070,
        "sido": "충청남도",
        "name": "추부변전소",
        "name_en": "Chubu Substation",
        "substation_type": "distribution",
        "voltage": "154000",
        "frequency": "60",
        "operator": "",
        "location": "indoor"
      }
    },
    {
      "type": "Feature",
      "geometry": {
        "type": "Point",
        "coordinates": [
          126.5575227,
          37.007867
        ]
      },
      "properties": {
        "osm_type": "way",
        "osm_id": 890073073,
        "sido": "충청남도",
        "name": "석문변전소",
        "name_en": "Seokmun Substation",
        "substation_type": "distribution",
        "voltage": "154000",
        "frequency": "60",
        "operator": "",
        "location": "indoor"
      }
    },
    {
      "type": "Feature",
      "geometry": {
        "type": "Point",
        "coordinates": [
          126.4155134,
          36.9776762
        ]
      },
      "properties": {
        "osm_type": "way",
        "osm_id": 890073080,
        "sido": "충청남도",
        "name": "대산변전소",
        "name_en": "Daesan Substation",
        "substation_type": "distribution",
        "voltage": "154000",
        "frequency": "60",
        "operator": "",
        "location": "outdoor"
      }
    },
    {
      "type": "Feature",
      "geometry": {
        "type": "Point",
        "coordinates": [
          126.7466575,
          36.6702431
        ]
      },
      "properties": {
        "osm_type": "way",
        "osm_id": 890587127,
        "sido": "충청남도",
        "name": "응봉변전소",
        "name_en": "",
        "substation_type": "distribution",
        "voltage": "154000",
        "frequency": "60",
        "operator": "",
        "location": "indoor"
      }
    },
    {
      "type": "Feature",
      "geometry": {
        "type": "Point",
        "coordinates": [
          126.7118052,
          36.0357132
        ]
      },
      "properties": {
        "osm_type": "way",
        "osm_id": 890587128,
        "sido": "충청남도",
        "name": "장항변전소",
        "name_en": "Janghang Substation",
        "substation_type": "distribution",
        "voltage": "154000",
        "frequency": "60",
        "operator": "",
        "location": "outdoor"
      }
    },
    {
      "type": "Feature",
      "geometry": {
        "type": "Point",
        "coordinates": [
          126.7839242,
          36.9549462
        ]
      },
      "properties": {
        "osm_type": "way",
        "osm_id": 978811496,
        "sido": "충청남도",
        "name": "북당진변전소",
        "name_en": "North-Dangjin Substation",
        "substation_type": "transmission",
        "voltage": "345000",
        "frequency": "60",
        "operator": "",
        "location": ""
      }
    },
    {
      "type": "Feature",
      "geometry": {
        "type": "Point",
        "coordinates": [
          127.1411245,
          36.8892947
        ]
      },
      "properties": {
        "osm_type": "way",
        "osm_id": 983434607,
        "sido": "충청남도",
        "name": "직산 변전소",
        "name_en": "Jiksan Substation",
        "substation_type": "distribution",
        "voltage": "154000",
        "frequency": "60",
        "operator": "",
        "location": "indoor"
      }
    },
    {
      "type": "Feature",
      "geometry": {
        "type": "Point",
        "coordinates": [
          127.0649354,
          36.9077892
        ]
      },
      "properties": {
        "osm_type": "way",
        "osm_id": 987894548,
        "sido": "충청남도",
        "name": "석곡변전소",
        "name_en": "Seokgok Substation",
        "substation_type": "distribution",
        "voltage": "154000",
        "frequency": "60",
        "operator": "",
        "location": "indoor"
      }
    },
    {
      "type": "Feature",
      "geometry": {
        "type": "Point",
        "coordinates": [
          126.2245913,
          36.9007497
        ]
      },
      "properties": {
        "osm_type": "way",
        "osm_id": 1046514122,
        "sido": "충청남도",
        "name": "",
        "name_en": "",
        "substation_type": "transmission",
        "voltage": "",
        "frequency": "",
        "operator": "",
        "location": ""
      }
    },
    {
      "type": "Feature",
      "geometry": {
        "type": "Point",
        "coordinates": [
          126.4431981,
          36.8444565
        ]
      },
      "properties": {
        "osm_type": "way",
        "osm_id": 1093005827,
        "sido": "충청남도",
        "name": "성연변전소",
        "name_en": "Seongyeon Substation",
        "substation_type": "distribution",
        "voltage": "154000",
        "frequency": "60",
        "operator": "",
        "location": "indoor"
      }
    },
    {
      "type": "Feature",
      "geometry": {
        "type": "Point",
        "coordinates": [
          126.7225011,
          36.9819146
        ]
      },
      "properties": {
        "osm_type": "way",
        "osm_id": 1093106970,
        "sido": "충청남도",
        "name": "",
        "name_en": "Hyundai Steel",
        "substation_type": "",
        "voltage": "345000",
        "frequency": "60",
        "operator": "",
        "location": ""
      }
    },
    {
      "type": "Feature",
      "geometry": {
        "type": "Point",
        "coordinates": [
          127.0524216,
          36.2185749
        ]
      },
      "properties": {
        "osm_type": "way",
        "osm_id": 1135323473,
        "sido": "충청남도",
        "name": "논산변전소",
        "name_en": "Nonsan Substation",
        "substation_type": "traction",
        "voltage": "154000;55000;27500",
        "frequency": "",
        "operator": "한국철도시설공단",
        "location": "indoor"
      }
    },
    {
      "type": "Feature",
      "geometry": {
        "type": "Point",
        "coordinates": [
          127.0828704,
          36.3003006
        ]
      },
      "properties": {
        "osm_type": "way",
        "osm_id": 1135323478,
        "sido": "충청남도",
        "name": "호암병렬급전소",
        "name_en": "Hoam Parallel Post",
        "substation_type": "traction",
        "voltage": "55000;27500",
        "frequency": "",
        "operator": "한국철도시설공단",
        "location": "indoor"
      }
    },
    {
      "type": "Feature",
      "geometry": {
        "type": "Point",
        "coordinates": [
          127.0317137,
          36.1455013
        ]
      },
      "properties": {
        "osm_type": "way",
        "osm_id": 1135323481,
        "sido": "충청남도",
        "name": "장선병렬급전소",
        "name_en": "Jangseon Parallel Post",
        "substation_type": "traction",
        "voltage": "55000;27500",
        "frequency": "",
        "operator": "한국철도시설공단",
        "location": "indoor"
      }
    },
    {
      "type": "Feature",
      "geometry": {
        "type": "Point",
        "coordinates": [
          127.2611605,
          36.2752042
        ]
      },
      "properties": {
        "osm_type": "way",
        "osm_id": 1193544273,
        "sido": "충청남도",
        "name": "",
        "name_en": "",
        "substation_type": "traction",
        "voltage": "55000;27500",
        "frequency": "",
        "operator": "",
        "location": ""
      }
    },
    {
      "type": "Feature",
      "geometry": {
        "type": "Point",
        "coordinates": [
          127.203855,
          36.2134749
        ]
      },
      "properties": {
        "osm_type": "way",
        "osm_id": 1193544274,
        "sido": "충청남도",
        "name": "",
        "name_en": "",
        "substation_type": "traction",
        "voltage": "55000;27500",
        "frequency": "",
        "operator": "",
        "location": ""
      }
    },
    {
      "type": "Feature",
      "geometry": {
        "type": "Point",
        "coordinates": [
          127.1022094,
          36.2102044
        ]
      },
      "properties": {
        "osm_type": "way",
        "osm_id": 1193544275,
        "sido": "충청남도",
        "name": "",
        "name_en": "",
        "substation_type": "traction",
        "voltage": "55000;27500",
        "frequency": "",
        "operator": "",
        "location": ""
      }
    },
    {
      "type": "Feature",
      "geometry": {
        "type": "Point",
        "coordinates": [
          127.0341973,
          36.1621747
        ]
      },
      "properties": {
        "osm_type": "way",
        "osm_id": 1193544276,
        "sido": "충청남도",
        "name": "",
        "name_en": "",
        "substation_type": "traction",
        "voltage": "55000;27500",
        "frequency": "",
        "operator": "",
        "location": ""
      }
    },
    {
      "type": "Feature",
      "geometry": {
        "type": "Point",
        "coordinates": [
          127.1252636,
          36.7458947
        ]
      },
      "properties": {
        "osm_type": "way",
        "osm_id": 1193546757,
        "sido": "충청남도",
        "name": "",
        "name_en": "",
        "substation_type": "traction",
        "voltage": "55000;27500",
        "frequency": "",
        "operator": "",
        "location": ""
      }
    },
    {
      "type": "Feature",
      "geometry": {
        "type": "Point",
        "coordinates": [
          127.122961,
          36.9517791
        ]
      },
      "properties": {
        "osm_type": "way",
        "osm_id": 1193762352,
        "sido": "충청남도",
        "name": "",
        "name_en": "",
        "substation_type": "traction",
        "voltage": "55000;27500",
        "frequency": "",
        "operator": "",
        "location": ""
      }
    },
    {
      "type": "Feature",
      "geometry": {
        "type": "Point",
        "coordinates": [
          127.1472001,
          36.8622831
        ]
      },
      "properties": {
        "osm_type": "way",
        "osm_id": 1193762353,
        "sido": "충청남도",
        "name": "",
        "name_en": "",
        "substation_type": "traction",
        "voltage": "55000;27500",
        "frequency": "",
        "operator": "",
        "location": ""
      }
    },
    {
      "type": "Feature",
      "geometry": {
        "type": "Point",
        "coordinates": [
          127.1458758,
          36.8011325
        ]
      },
      "properties": {
        "osm_type": "way",
        "osm_id": 1193762354,
        "sido": "충청남도",
        "name": "",
        "name_en": "",
        "substation_type": "traction",
        "voltage": "154000;55000;27500",
        "frequency": "",
        "operator": "",
        "location": ""
      }
    },
    {
      "type": "Feature",
      "geometry": {
        "type": "Point",
        "coordinates": [
          127.0805466,
          36.8864255
        ]
      },
      "properties": {
        "osm_type": "way",
        "osm_id": 1193850042,
        "sido": "충청남도",
        "name": "",
        "name_en": "",
        "substation_type": "traction",
        "voltage": "55000;27500",
        "frequency": "",
        "operator": "",
        "location": ""
      }
    },
    {
      "type": "Feature",
      "geometry": {
        "type": "Point",
        "coordinates": [
          127.0954564,
          36.8286442
        ]
      },
      "properties": {
        "osm_type": "way",
        "osm_id": 1193850043,
        "sido": "충청남도",
        "name": "",
        "name_en": "",
        "substation_type": "traction",
        "voltage": "55000;27500",
        "frequency": "",
        "operator": "",
        "location": ""
      }
    },
    {
      "type": "Feature",
      "geometry": {
        "type": "Point",
        "coordinates": [
          127.1551203,
          36.7285731
        ]
      },
      "properties": {
        "osm_type": "way",
        "osm_id": 1193850045,
        "sido": "충청남도",
        "name": "",
        "name_en": "",
        "substation_type": "traction",
        "voltage": "55000;27500",
        "frequency": "",
        "operator": "",
        "location": ""
      }
    },
    {
      "type": "Feature",
      "geometry": {
        "type": "Point",
        "coordinates": [
          127.14608,
          36.3796373
        ]
      },
      "properties": {
        "osm_type": "way",
        "osm_id": 1193995774,
        "sido": "충청남도",
        "name": "봉명 급전구분소",
        "name_en": "Bongmyeon Sectioning Post",
        "substation_type": "traction",
        "voltage": "55000;27500",
        "frequency": "",
        "operator": "",
        "location": ""
      }
    },
    {
      "type": "Feature",
      "geometry": {
        "type": "Point",
        "coordinates": [
          127.2173802,
          36.4205941
        ]
      },
      "properties": {
        "osm_type": "way",
        "osm_id": 1193995775,
        "sido": "충청남도",
        "name": "마암병렬급전소",
        "name_en": "Maam Parallel Post",
        "substation_type": "traction",
        "voltage": "55000;27500",
        "frequency": "",
        "operator": "",
        "location": ""
      }
    },
    {
      "type": "Feature",
      "geometry": {
        "type": "Point",
        "coordinates": [
          126.9837338,
          36.7830102
        ]
      },
      "properties": {
        "osm_type": "way",
        "osm_id": 1195895336,
        "sido": "충청남도",
        "name": "",
        "name_en": "",
        "substation_type": "traction",
        "voltage": "55000;27500",
        "frequency": "",
        "operator": "",
        "location": ""
      }
    },
    {
      "type": "Feature",
      "geometry": {
        "type": "Point",
        "coordinates": [
          126.7332714,
          36.6804203
        ]
      },
      "properties": {
        "osm_type": "way",
        "osm_id": 1251844723,
        "sido": "충청남도",
        "name": "",
        "name_en": "",
        "substation_type": "traction",
        "voltage": "55000;27500",
        "frequency": "",
        "operator": "",
        "location": ""
      }
    },
    {
      "type": "Feature",
      "geometry": {
        "type": "Point",
        "coordinates": [
          127.1664816,
          36.7920265
        ]
      },
      "properties": {
        "osm_type": "way",
        "osm_id": 1321393784,
        "sido": "충청남도",
        "name": "",
        "name_en": "",
        "substation_type": "",
        "voltage": "",
        "frequency": "",
        "operator": "",
        "location": ""
      }
    },
    {
      "type": "Feature",
      "geometry": {
        "type": "Point",
        "coordinates": [
          129.047242,
          35.3538473
        ]
      },
      "properties": {
        "osm_type": "node",
        "osm_id": 13051542125,
        "sido": "경상남도",
        "name": "한국전력공사 양산지사",
        "name_en": "",
        "substation_type": "",
        "voltage": "",
        "frequency": "",
        "operator": "한국전력공사",
        "location": ""
      }
    },
    {
      "type": "Feature",
      "geometry": {
        "type": "Point",
        "coordinates": [
          127.913442,
          35.6656024
        ]
      },
      "properties": {
        "osm_type": "way",
        "osm_id": 72987238,
        "sido": "경상남도",
        "name": "거창변전소",
        "name_en": "Geochang Substation",
        "substation_type": "distribution",
        "voltage": "154000",
        "frequency": "60",
        "operator": "KEPCO",
        "location": "indoor"
      }
    },
    {
      "type": "Feature",
      "geometry": {
        "type": "Point",
        "coordinates": [
          128.1292314,
          35.3413247
        ]
      },
      "properties": {
        "osm_type": "way",
        "osm_id": 310266398,
        "sido": "경상남도",
        "name": "의령변전소",
        "name_en": "Uiryeong Substation",
        "substation_type": "transmission",
        "voltage": "345000",
        "frequency": "60",
        "operator": "",
        "location": "outdoor"
      }
    },
    {
      "type": "Feature",
      "geometry": {
        "type": "Point",
        "coordinates": [
          128.5252752,
          35.2876184
        ]
      },
      "properties": {
        "osm_type": "way",
        "osm_id": 310266400,
        "sido": "경상남도",
        "name": "신마산변전소",
        "name_en": "Shin-Masan Substation",
        "substation_type": "transmission",
        "voltage": "345000",
        "frequency": "60",
        "operator": "",
        "location": "outdoor"
      }
    },
    {
      "type": "Feature",
      "geometry": {
        "type": "Point",
        "coordinates": [
          128.7826875,
          35.1190014
        ]
      },
      "properties": {
        "osm_type": "way",
        "osm_id": 310395601,
        "sido": "경상남도",
        "name": "마천변전소",
        "name_en": "Macheon Substation",
        "substation_type": "distribution",
        "voltage": "154000",
        "frequency": "60",
        "operator": "",
        "location": "indoor"
      }
    },
    {
      "type": "Feature",
      "geometry": {
        "type": "Point",
        "coordinates": [
          128.7974246,
          35.2064335
        ]
      },
      "properties": {
        "osm_type": "way",
        "osm_id": 310395610,
        "sido": "경상남도",
        "name": "장유변전소",
        "name_en": "Jangyu Substation",
        "substation_type": "distribution",
        "voltage": "154000",
        "frequency": "60",
        "operator": "",
        "location": "indoor"
      }
    },
    {
      "type": "Feature",
      "geometry": {
        "type": "Point",
        "coordinates": [
          129.1760163,
          35.4066038
        ]
      },
      "properties": {
        "osm_type": "way",
        "osm_id": 310574466,
        "sido": "경상남도",
        "name": "서창변전소",
        "name_en": "",
        "substation_type": "transition",
        "voltage": "345000",
        "frequency": "60",
        "operator": "",
        "location": "outdoor"
      }
    },
    {
      "type": "Feature",
      "geometry": {
        "type": "Point",
        "coordinates": [
          128.5315871,
          35.4447953
        ]
      },
      "properties": {
        "osm_type": "way",
        "osm_id": 312375473,
        "sido": "경상남도",
        "name": "창녕변전소",
        "name_en": "Changnyeong Substation",
        "substation_type": "distribution",
        "voltage": "154000",
        "frequency": "60",
        "operator": "",
        "location": "outdoor"
      }
    },
    {
      "type": "Feature",
      "geometry": {
        "type": "Point",
        "coordinates": [
          128.488655,
          35.3579892
        ]
      },
      "properties": {
        "osm_type": "way",
        "osm_id": 312375500,
        "sido": "경상남도",
        "name": "칠서변전소",
        "name_en": "Chilseo Substation",
        "substation_type": "distribution",
        "voltage": "154000",
        "frequency": "60",
        "operator": "",
        "location": "outdoor"
      }
    },
    {
      "type": "Feature",
      "geometry": {
        "type": "Point",
        "coordinates": [
          128.5009994,
          35.5654196
        ]
      },
      "properties": {
        "osm_type": "way",
        "osm_id": 312375505,
        "sido": "경상남도",
        "name": "",
        "name_en": "",
        "substation_type": "industrial",
        "voltage": "154000",
        "frequency": "60",
        "operator": "",
        "location": "outdoor"
      }
    },
    {
      "type": "Feature",
      "geometry": {
        "type": "Point",
        "coordinates": [
          128.9719841,
          35.3313691
        ]
      },
      "properties": {
        "osm_type": "way",
        "osm_id": 312424734,
        "sido": "경상남도",
        "name": "",
        "name_en": "",
        "substation_type": "transition",
        "voltage": "154000",
        "frequency": "60",
        "operator": "",
        "location": "outdoor"
      }
    },
    {
      "type": "Feature",
      "geometry": {
        "type": "Point",
        "coordinates": [
          129.03656,
          35.361264
        ]
      },
      "properties": {
        "osm_type": "way",
        "osm_id": 312424737,
        "sido": "경상남도",
        "name": "양산변전소",
        "name_en": "",
        "substation_type": "distribution",
        "voltage": "154000",
        "frequency": "60",
        "operator": "",
        "location": "outdoor"
      }
    },
    {
      "type": "Feature",
      "geometry": {
        "type": "Point",
        "coordinates": [
          128.8776312,
          35.4131096
        ]
      },
      "properties": {
        "osm_type": "way",
        "osm_id": 313355100,
        "sido": "경상남도",
        "name": "",
        "name_en": "",
        "substation_type": "transmission",
        "voltage": "154000",
        "frequency": "60",
        "operator": "",
        "location": "outdoor"
      }
    },
    {
      "type": "Feature",
      "geometry": {
        "type": "Point",
        "coordinates": [
          129.0341332,
          35.3299218
        ]
      },
      "properties": {
        "osm_type": "way",
        "osm_id": 313355104,
        "sido": "경상남도",
        "name": "",
        "name_en": "",
        "substation_type": "transition",
        "voltage": "154000",
        "frequency": "60",
        "operator": "",
        "location": "outdoor"
      }
    },
    {
      "type": "Feature",
      "geometry": {
        "type": "Point",
        "coordinates": [
          128.7458097,
          35.4858732
        ]
      },
      "properties": {
        "osm_type": "way",
        "osm_id": 313355118,
        "sido": "경상남도",
        "name": "밀양변전소",
        "name_en": "Miryang Substation",
        "substation_type": "distribution",
        "voltage": "154000",
        "frequency": "60",
        "operator": "",
        "location": "indoor"
      }
    },
    {
      "type": "Feature",
      "geometry": {
        "type": "Point",
        "coordinates": [
          127.77762,
          35.076709
        ]
      },
      "properties": {
        "osm_type": "way",
        "osm_id": 313388404,
        "sido": "경상남도",
        "name": "하동변전소",
        "name_en": "Hadong Substation",
        "substation_type": "distribution",
        "voltage": "154000",
        "frequency": "60",
        "operator": "",
        "location": "outdoor"
      }
    },
    {
      "type": "Feature",
      "geometry": {
        "type": "Point",
        "coordinates": [
          127.8946686,
          34.8524157
        ]
      },
      "properties": {
        "osm_type": "way",
        "osm_id": 313388489,
        "sido": "경상남도",
        "name": "남해변전소",
        "name_en": "Namhae Substation",
        "substation_type": "distribution",
        "voltage": "154000",
        "frequency": "60",
        "operator": "",
        "location": "outdoor"
      }
    },
    {
      "type": "Feature",
      "geometry": {
        "type": "Point",
        "coordinates": [
          127.7748199,
          35.5300273
        ]
      },
      "properties": {
        "osm_type": "way",
        "osm_id": 313397133,
        "sido": "경상남도",
        "name": "함양변전소",
        "name_en": "Hamyang Substation",
        "substation_type": "distribution",
        "voltage": "154000",
        "frequency": "60",
        "operator": "",
        "location": "outdoor"
      }
    },
    {
      "type": "Feature",
      "geometry": {
        "type": "Point",
        "coordinates": [
          128.3340127,
          34.9681463
        ]
      },
      "properties": {
        "osm_type": "way",
        "osm_id": 313654649,
        "sido": "경상남도",
        "name": "고성변전소",
        "name_en": "",
        "substation_type": "distribution",
        "voltage": "154000",
        "frequency": "60",
        "operator": "",
        "location": "indoor"
      }
    },
    {
      "type": "Feature",
      "geometry": {
        "type": "Point",
        "coordinates": [
          128.8273794,
          35.2232909
        ]
      },
      "properties": {
        "osm_type": "way",
        "osm_id": 415824138,
        "sido": "경상남도",
        "name": "주촌변전소",
        "name_en": "Juchon Substation",
        "substation_type": "distribution",
        "voltage": "154000",
        "frequency": "60",
        "operator": "",
        "location": "indoor"
      }
    },
    {
      "type": "Feature",
      "geometry": {
        "type": "Point",
        "coordinates": [
          128.7200249,
          35.1885235
        ]
      },
      "properties": {
        "osm_type": "way",
        "osm_id": 415918578,
        "sido": "경상남도",
        "name": "삼정변전소",
        "name_en": "Samjeong Substation",
        "substation_type": "distribution",
        "voltage": "154000",
        "frequency": "60",
        "operator": "",
        "location": "outdoor"
      }
    },
    {
      "type": "Feature",
      "geometry": {
        "type": "Point",
        "coordinates": [
          128.6301787,
          34.8717502
        ]
      },
      "properties": {
        "osm_type": "way",
        "osm_id": 461268914,
        "sido": "경상남도",
        "name": "거제변전소",
        "name_en": "Geoje Substation",
        "substation_type": "distribution",
        "voltage": "154000",
        "frequency": "60",
        "operator": "",
        "location": "indoor"
      }
    },
    {
      "type": "Feature",
      "geometry": {
        "type": "Point",
        "coordinates": [
          128.1112907,
          34.9129075
        ]
      },
      "properties": {
        "osm_type": "way",
        "osm_id": 814396959,
        "sido": "경상남도",
        "name": "신고성변전소",
        "name_en": "Shin-Goseong Substation",
        "substation_type": "transmission",
        "voltage": "345000",
        "frequency": "60",
        "operator": "",
        "location": "indoor"
      }
    },
    {
      "type": "Feature",
      "geometry": {
        "type": "Point",
        "coordinates": [
          128.0677852,
          35.5461008
        ]
      },
      "properties": {
        "osm_type": "way",
        "osm_id": 814808441,
        "sido": "경상남도",
        "name": "",
        "name_en": "",
        "substation_type": "distribution",
        "voltage": "154000",
        "frequency": "60",
        "operator": "",
        "location": ""
      }
    },
    {
      "type": "Feature",
      "geometry": {
        "type": "Point",
        "coordinates": [
          128.4774014,
          35.3617845
        ]
      },
      "properties": {
        "osm_type": "way",
        "osm_id": 832675253,
        "sido": "경상남도",
        "name": "",
        "name_en": "",
        "substation_type": "",
        "voltage": "",
        "frequency": "",
        "operator": "",
        "location": ""
      }
    },
    {
      "type": "Feature",
      "geometry": {
        "type": "Point",
        "coordinates": [
          128.5542065,
          35.6139288
        ]
      },
      "properties": {
        "osm_type": "way",
        "osm_id": 882280302,
        "sido": "경상남도",
        "name": "북경남변전소",
        "name_en": "North-Gyeongnam Substation",
        "substation_type": "transmission",
        "voltage": "765000;345000",
        "frequency": "60",
        "operator": "",
        "location": "outdoor"
      }
    },
    {
      "type": "Feature",
      "geometry": {
        "type": "Point",
        "coordinates": [
          127.776312,
          35.2562436
        ]
      },
      "properties": {
        "osm_type": "way",
        "osm_id": 884641932,
        "sido": "경상남도",
        "name": "산청양수변전소",
        "name_en": "Sancheong Yangsu Substation",
        "substation_type": "transmission",
        "voltage": "345000",
        "frequency": "60",
        "operator": "",
        "location": "outdoor"
      }
    },
    {
      "type": "Feature",
      "geometry": {
        "type": "Point",
        "coordinates": [
          128.7760144,
          35.2971429
        ]
      },
      "properties": {
        "osm_type": "way",
        "osm_id": 885007549,
        "sido": "경상남도",
        "name": "진영변전소",
        "name_en": "Jinyeong Substation",
        "substation_type": "distribution",
        "voltage": "154000",
        "frequency": "60",
        "operator": "",
        "location": "indoor"
      }
    },
    {
      "type": "Feature",
      "geometry": {
        "type": "Point",
        "coordinates": [
          128.2787919,
          35.3148801
        ]
      },
      "properties": {
        "osm_type": "way",
        "osm_id": 885403469,
        "sido": "경상남도",
        "name": "구룡변전소",
        "name_en": "Guryong Substation",
        "substation_type": "distribution",
        "voltage": "154000",
        "frequency": "60",
        "operator": "",
        "location": "outdoor"
      }
    },
    {
      "type": "Feature",
      "geometry": {
        "type": "Point",
        "coordinates": [
          128.1429968,
          35.183649
        ]
      },
      "properties": {
        "osm_type": "way",
        "osm_id": 885403470,
        "sido": "경상남도",
        "name": "동진주변전소",
        "name_en": "",
        "substation_type": "distribution",
        "voltage": "154000",
        "frequency": "60",
        "operator": "",
        "location": "indoor"
      }
    },
    {
      "type": "Feature",
      "geometry": {
        "type": "Point",
        "coordinates": [
          128.0563835,
          35.1950615
        ]
      },
      "properties": {
        "osm_type": "way",
        "osm_id": 885403471,
        "sido": "경상남도",
        "name": "이현변전소",
        "name_en": "Ihyeon Substation",
        "substation_type": "distribution",
        "voltage": "154000",
        "frequency": "60",
        "operator": "",
        "location": "indoor"
      }
    },
    {
      "type": "Feature",
      "geometry": {
        "type": "Point",
        "coordinates": [
          128.1660673,
          35.5816776
        ]
      },
      "properties": {
        "osm_type": "way",
        "osm_id": 885403472,
        "sido": "경상남도",
        "name": "합천변전소",
        "name_en": "Hapcheon Substation",
        "substation_type": "distribution",
        "voltage": "154000",
        "frequency": "60",
        "operator": "",
        "location": "outdoor"
      }
    },
    {
      "type": "Feature",
      "geometry": {
        "type": "Point",
        "coordinates": [
          127.9114033,
          35.3986963
        ]
      },
      "properties": {
        "osm_type": "way",
        "osm_id": 885403473,
        "sido": "경상남도",
        "name": "산청변전소",
        "name_en": "Sancheong Substation",
        "substation_type": "distribution",
        "voltage": "154000",
        "frequency": "60",
        "operator": "",
        "location": "indoor"
      }
    },
    {
      "type": "Feature",
      "geometry": {
        "type": "Point",
        "coordinates": [
          128.2740149,
          35.1913263
        ]
      },
      "properties": {
        "osm_type": "way",
        "osm_id": 885403475,
        "sido": "경상남도",
        "name": "사봉변전소",
        "name_en": "Sabong Substation",
        "substation_type": "distribution",
        "voltage": "154000",
        "frequency": "60",
        "operator": "",
        "location": "outdoor"
      }
    },
    {
      "type": "Feature",
      "geometry": {
        "type": "Point",
        "coordinates": [
          128.0524044,
          35.0644925
        ]
      },
      "properties": {
        "osm_type": "way",
        "osm_id": 885403477,
        "sido": "경상남도",
        "name": "사남변전소",
        "name_en": "",
        "substation_type": "distribution",
        "voltage": "154000",
        "frequency": "60",
        "operator": "",
        "location": "indoor"
      }
    },
    {
      "type": "Feature",
      "geometry": {
        "type": "Point",
        "coordinates": [
          128.1139258,
          35.1614648
        ]
      },
      "properties": {
        "osm_type": "way",
        "osm_id": 885403481,
        "sido": "경상남도",
        "name": "개양변전소",
        "name_en": "Gaeyang Substation",
        "substation_type": "distribution",
        "voltage": "154000",
        "frequency": "60",
        "operator": "",
        "location": "indoor"
      }
    },
    {
      "type": "Feature",
      "geometry": {
        "type": "Point",
        "coordinates": [
          128.0726075,
          35.0681625
        ]
      },
      "properties": {
        "osm_type": "way",
        "osm_id": 885403482,
        "sido": "경상남도",
        "name": "사천변전소",
        "name_en": "Sacheon Substation",
        "substation_type": "distribution",
        "voltage": "154000",
        "frequency": "60",
        "operator": "",
        "location": "indoor"
      }
    },
    {
      "type": "Feature",
      "geometry": {
        "type": "Point",
        "coordinates": [
          128.9881002,
          35.3214922
        ]
      },
      "properties": {
        "osm_type": "way",
        "osm_id": 887947427,
        "sido": "경상남도",
        "name": "",
        "name_en": "",
        "substation_type": "",
        "voltage": "",
        "frequency": "",
        "operator": "",
        "location": ""
      }
    },
    {
      "type": "Feature",
      "geometry": {
        "type": "Point",
        "coordinates": [
          128.6557447,
          35.2234164
        ]
      },
      "properties": {
        "osm_type": "way",
        "osm_id": 890587092,
        "sido": "경상남도",
        "name": "창공변전소",
        "name_en": "Changgong Substation",
        "substation_type": "distribution",
        "voltage": "154000",
        "frequency": "60",
        "operator": "",
        "location": "outdoor"
      }
    },
    {
      "type": "Feature",
      "geometry": {
        "type": "Point",
        "coordinates": [
          128.6288436,
          35.2457943
        ]
      },
      "properties": {
        "osm_type": "way",
        "osm_id": 890587099,
        "sido": "경상남도",
        "name": "차룡변전소",
        "name_en": "Charyong Substation",
        "substation_type": "distribution",
        "voltage": "154000",
        "frequency": "60",
        "operator": "",
        "location": "indoor"
      }
    },
    {
      "type": "Feature",
      "geometry": {
        "type": "Point",
        "coordinates": [
          128.7118694,
          35.1543671
        ]
      },
      "properties": {
        "osm_type": "way",
        "osm_id": 890587100,
        "sido": "경상남도",
        "name": "진해변전소",
        "name_en": "",
        "substation_type": "distribution",
        "voltage": "154000",
        "frequency": "60",
        "operator": "",
        "location": "outdoor"
      }
    },
    {
      "type": "Feature",
      "geometry": {
        "type": "Point",
        "coordinates": [
          128.6323518,
          35.2053264
        ]
      },
      "properties": {
        "osm_type": "way",
        "osm_id": 890587101,
        "sido": "경상남도",
        "name": "월림변전소",
        "name_en": "Wollim Substation",
        "substation_type": "distribution",
        "voltage": "154000",
        "frequency": "60",
        "operator": "",
        "location": "outdoor"
      }
    },
    {
      "type": "Feature",
      "geometry": {
        "type": "Point",
        "coordinates": [
          128.6542706,
          35.2062021
        ]
      },
      "properties": {
        "osm_type": "way",
        "osm_id": 890587104,
        "sido": "경상남도",
        "name": "완암변전소",
        "name_en": "Wanam Substation",
        "substation_type": "distribution",
        "voltage": "154000",
        "frequency": "60",
        "operator": "",
        "location": "outdoor"
      }
    },
    {
      "type": "Feature",
      "geometry": {
        "type": "Point",
        "coordinates": [
          128.6789391,
          35.2025473
        ]
      },
      "properties": {
        "osm_type": "way",
        "osm_id": 890587105,
        "sido": "경상남도",
        "name": "안민변전소",
        "name_en": "Anmin Substation",
        "substation_type": "distribution",
        "voltage": "154000",
        "frequency": "60",
        "operator": "",
        "location": "outdoor"
      }
    },
    {
      "type": "Feature",
      "geometry": {
        "type": "Point",
        "coordinates": [
          128.6760982,
          35.2888363
        ]
      },
      "properties": {
        "osm_type": "way",
        "osm_id": 890587110,
        "sido": "경상남도",
        "name": "동읍변전소",
        "name_en": "East-Eupbyeon Substation",
        "substation_type": "distribution",
        "voltage": "154000",
        "frequency": "60",
        "operator": "",
        "location": "indoor"
      }
    },
    {
      "type": "Feature",
      "geometry": {
        "type": "Point",
        "coordinates": [
          128.7040836,
          35.2274264
        ]
      },
      "properties": {
        "osm_type": "way",
        "osm_id": 890587125,
        "sido": "경상남도",
        "name": "신월변전소",
        "name_en": "Shin-Wolbyeon Substation",
        "substation_type": "distribution",
        "voltage": "154000",
        "frequency": "60",
        "operator": "",
        "location": "outdoor"
      }
    },
    {
      "type": "Feature",
      "geometry": {
        "type": "Point",
        "coordinates": [
          128.4328192,
          34.8480787
        ]
      },
      "properties": {
        "osm_type": "way",
        "osm_id": 890917092,
        "sido": "경상남도",
        "name": "통영변전소",
        "name_en": "Tongyeong Substation",
        "substation_type": "distribution",
        "voltage": "154000",
        "frequency": "60",
        "operator": "",
        "location": "indoor"
      }
    },
    {
      "type": "Feature",
      "geometry": {
        "type": "Point",
        "coordinates": [
          128.4694862,
          35.1220893
        ]
      },
      "properties": {
        "osm_type": "way",
        "osm_id": 890917094,
        "sido": "경상남도",
        "name": "진동변전소",
        "name_en": "Jindong Substation",
        "substation_type": "distribution",
        "voltage": "154000",
        "frequency": "60",
        "operator": "",
        "location": "indoor"
      }
    },
    {
      "type": "Feature",
      "geometry": {
        "type": "Point",
        "coordinates": [
          128.1046821,
          34.9304688
        ]
      },
      "properties": {
        "osm_type": "way",
        "osm_id": 890917096,
        "sido": "경상남도",
        "name": "삼천포변전소",
        "name_en": "Samcheonpo Substation",
        "substation_type": "distribution",
        "voltage": "154000",
        "frequency": "60",
        "operator": "",
        "location": "indoor"
      }
    },
    {
      "type": "Feature",
      "geometry": {
        "type": "Point",
        "coordinates": [
          128.4128401,
          34.9522156
        ]
      },
      "properties": {
        "osm_type": "way",
        "osm_id": 890917097,
        "sido": "경상남도",
        "name": "안정변전소",
        "name_en": "Anjeong Substation",
        "substation_type": "distribution",
        "voltage": "154000",
        "frequency": "60",
        "operator": "",
        "location": "indoor"
      }
    },
    {
      "type": "Feature",
      "geometry": {
        "type": "Point",
        "coordinates": [
          128.6974028,
          34.8666209
        ]
      },
      "properties": {
        "osm_type": "way",
        "osm_id": 890917098,
        "sido": "경상남도",
        "name": "아주변전소",
        "name_en": "Aju Substation",
        "substation_type": "distribution",
        "voltage": "154000",
        "frequency": "60",
        "operator": "",
        "location": "indoor"
      }
    },
    {
      "type": "Feature",
      "geometry": {
        "type": "Point",
        "coordinates": [
          128.1211508,
          35.1834283
        ]
      },
      "properties": {
        "osm_type": "way",
        "osm_id": 890917101,
        "sido": "경상남도",
        "name": "진주변전소",
        "name_en": "Jinju Substation",
        "substation_type": "distribution",
        "voltage": "154000",
        "frequency": "60",
        "operator": "",
        "location": "outdoor"
      }
    },
    {
      "type": "Feature",
      "geometry": {
        "type": "Point",
        "coordinates": [
          128.8036533,
          35.2918729
        ]
      },
      "properties": {
        "osm_type": "way",
        "osm_id": 890917102,
        "sido": "경상남도",
        "name": "한림정변전소",
        "name_en": "Hanlim Substation",
        "substation_type": "distribution",
        "voltage": "154000",
        "frequency": "60",
        "operator": "",
        "location": "indoor"
      }
    },
    {
      "type": "Feature",
      "geometry": {
        "type": "Point",
        "coordinates": [
          128.7900652,
          35.4506502
        ]
      },
      "properties": {
        "osm_type": "way",
        "osm_id": 890917103,
        "sido": "경상남도",
        "name": "밀양전철 변전소",
        "name_en": "Miryang Traction Substation",
        "substation_type": "traction",
        "voltage": "154000;55000;27500",
        "frequency": "60",
        "operator": "국가철도공단",
        "location": ""
      }
    },
    {
      "type": "Feature",
      "geometry": {
        "type": "Point",
        "coordinates": [
          128.6901181,
          35.4138799
        ]
      },
      "properties": {
        "osm_type": "way",
        "osm_id": 890917106,
        "sido": "경상남도",
        "name": "초동변전소",
        "name_en": "Chodong Substation",
        "substation_type": "distribution",
        "voltage": "154000",
        "frequency": "60",
        "operator": "",
        "location": "indoor"
      }
    },
    {
      "type": "Feature",
      "geometry": {
        "type": "Point",
        "coordinates": [
          128.4934761,
          35.2324656
        ]
      },
      "properties": {
        "osm_type": "way",
        "osm_id": 890917107,
        "sido": "경상남도",
        "name": "중리변전소",
        "name_en": "Jungni Substation",
        "substation_type": "distribution",
        "voltage": "154000",
        "frequency": "60",
        "operator": "",
        "location": "indoor"
      }
    },
    {
      "type": "Feature",
      "geometry": {
        "type": "Point",
        "coordinates": [
          128.5589554,
          35.1788497
        ]
      },
      "properties": {
        "osm_type": "way",
        "osm_id": 890917108,
        "sido": "경상남도",
        "name": "서마산변전소",
        "name_en": "Seo-Masan Substation",
        "substation_type": "distribution",
        "voltage": "154000",
        "frequency": "60",
        "operator": "",
        "location": "outdoor"
      }
    },
    {
      "type": "Feature",
      "geometry": {
        "type": "Point",
        "coordinates": [
          128.5766697,
          35.2250994
        ]
      },
      "properties": {
        "osm_type": "way",
        "osm_id": 890917109,
        "sido": "경상남도",
        "name": "마산변전소",
        "name_en": "Masan Substation",
        "substation_type": "distribution",
        "voltage": "154000",
        "frequency": "60",
        "operator": "",
        "location": "outdoor"
      }
    },
    {
      "type": "Feature",
      "geometry": {
        "type": "Point",
        "coordinates": [
          128.7182956,
          35.3847131
        ]
      },
      "properties": {
        "osm_type": "way",
        "osm_id": 890917110,
        "sido": "경상남도",
        "name": "수산변전소",
        "name_en": "Susan Substation",
        "substation_type": "distribution",
        "voltage": "154000",
        "frequency": "60",
        "operator": "",
        "location": "indoor"
      }
    },
    {
      "type": "Feature",
      "geometry": {
        "type": "Point",
        "coordinates": [
          128.7084532,
          35.1867137
        ]
      },
      "properties": {
        "osm_type": "way",
        "osm_id": 890917115,
        "sido": "경상남도",
        "name": "천선변전소",
        "name_en": "Cheonseon Substation",
        "substation_type": "distribution",
        "voltage": "154000",
        "frequency": "60",
        "operator": "",
        "location": "indoor"
      }
    },
    {
      "type": "Feature",
      "geometry": {
        "type": "Point",
        "coordinates": [
          128.3805053,
          35.2698095
        ]
      },
      "properties": {
        "osm_type": "way",
        "osm_id": 891179700,
        "sido": "경상남도",
        "name": "가야변전소",
        "name_en": "Gaya Substation",
        "substation_type": "distribution",
        "voltage": "154000",
        "frequency": "60",
        "operator": "",
        "location": "outdoor"
      }
    },
    {
      "type": "Feature",
      "geometry": {
        "type": "Point",
        "coordinates": [
          128.5997159,
          35.2131819
        ]
      },
      "properties": {
        "osm_type": "way",
        "osm_id": 895115959,
        "sido": "경상남도",
        "name": "수출변전소",
        "name_en": "",
        "substation_type": "",
        "voltage": "",
        "frequency": "",
        "operator": "",
        "location": "surface"
      }
    },
    {
      "type": "Feature",
      "geometry": {
        "type": "Point",
        "coordinates": [
          128.7448498,
          35.491709
        ]
      },
      "properties": {
        "osm_type": "way",
        "osm_id": 1002174649,
        "sido": "경상남도",
        "name": "",
        "name_en": "",
        "substation_type": "",
        "voltage": "",
        "frequency": "",
        "operator": "",
        "location": ""
      }
    },
    {
      "type": "Feature",
      "geometry": {
        "type": "Point",
        "coordinates": [
          128.8618015,
          35.2640075
        ]
      },
      "properties": {
        "osm_type": "way",
        "osm_id": 1093448892,
        "sido": "경상남도",
        "name": "",
        "name_en": "",
        "substation_type": "distribution",
        "voltage": "154000",
        "frequency": "60",
        "operator": "",
        "location": ""
      }
    },
    {
      "type": "Feature",
      "geometry": {
        "type": "Point",
        "coordinates": [
          128.6095555,
          35.2062269
        ]
      },
      "properties": {
        "osm_type": "way",
        "osm_id": 1093460763,
        "sido": "경상남도",
        "name": "",
        "name_en": "",
        "substation_type": "distribution",
        "voltage": "154000",
        "frequency": "60",
        "operator": "",
        "location": ""
      }
    },
    {
      "type": "Feature",
      "geometry": {
        "type": "Point",
        "coordinates": [
          128.6121878,
          35.1867077
        ]
      },
      "properties": {
        "osm_type": "way",
        "osm_id": 1093460764,
        "sido": "경상남도",
        "name": "",
        "name_en": "",
        "substation_type": "",
        "voltage": "",
        "frequency": "",
        "operator": "",
        "location": ""
      }
    },
    {
      "type": "Feature",
      "geometry": {
        "type": "Point",
        "coordinates": [
          128.1100904,
          34.9153764
        ]
      },
      "properties": {
        "osm_type": "way",
        "osm_id": 1093461939,
        "sido": "경상남도",
        "name": "",
        "name_en": "",
        "substation_type": "transmission",
        "voltage": "",
        "frequency": "",
        "operator": "",
        "location": ""
      }
    },
    {
      "type": "Feature",
      "geometry": {
        "type": "Point",
        "coordinates": [
          128.637089,
          35.1568595
        ]
      },
      "properties": {
        "osm_type": "way",
        "osm_id": 1094705499,
        "sido": "경상남도",
        "name": "",
        "name_en": "",
        "substation_type": "",
        "voltage": "",
        "frequency": "60",
        "operator": "",
        "location": ""
      }
    },
    {
      "type": "Feature",
      "geometry": {
        "type": "Point",
        "coordinates": [
          128.5927549,
          34.8968968
        ]
      },
      "properties": {
        "osm_type": "way",
        "osm_id": 1094705505,
        "sido": "경상남도",
        "name": "",
        "name_en": "",
        "substation_type": "industrial",
        "voltage": "154000",
        "frequency": "60",
        "operator": "",
        "location": "outdoor"
      }
    },
    {
      "type": "Feature",
      "geometry": {
        "type": "Point",
        "coordinates": [
          128.6379336,
          35.2662711
        ]
      },
      "properties": {
        "osm_type": "way",
        "osm_id": 1174961465,
        "sido": "경상남도",
        "name": "의창변전소",
        "name_en": "",
        "substation_type": "",
        "voltage": "154000",
        "frequency": "60",
        "operator": "",
        "location": "indoor"
      }
    },
    {
      "type": "Feature",
      "geometry": {
        "type": "Point",
        "coordinates": [
          128.8402956,
          35.3991281
        ]
      },
      "properties": {
        "osm_type": "way",
        "osm_id": 1193549740,
        "sido": "경상남도",
        "name": "",
        "name_en": "",
        "substation_type": "traction",
        "voltage": "55000;27500",
        "frequency": "",
        "operator": "",
        "location": ""
      }
    },
    {
      "type": "Feature",
      "geometry": {
        "type": "Point",
        "coordinates": [
          128.8133132,
          35.3601795
        ]
      },
      "properties": {
        "osm_type": "way",
        "osm_id": 1193549741,
        "sido": "경상남도",
        "name": "",
        "name_en": "",
        "substation_type": "traction",
        "voltage": "55000;27500",
        "frequency": "",
        "operator": "",
        "location": ""
      }
    },
    {
      "type": "Feature",
      "geometry": {
        "type": "Point",
        "coordinates": [
          128.7868084,
          35.3136003
        ]
      },
      "properties": {
        "osm_type": "way",
        "osm_id": 1193549742,
        "sido": "경상남도",
        "name": "",
        "name_en": "",
        "substation_type": "traction",
        "voltage": "55000;27500",
        "frequency": "",
        "operator": "",
        "location": ""
      }
    },
    {
      "type": "Feature",
      "geometry": {
        "type": "Point",
        "coordinates": [
          128.6968035,
          35.2491621
        ]
      },
      "properties": {
        "osm_type": "way",
        "osm_id": 1193549743,
        "sido": "경상남도",
        "name": "",
        "name_en": "",
        "substation_type": "traction",
        "voltage": "55000;27500",
        "frequency": "",
        "operator": "",
        "location": ""
      }
    },
    {
      "type": "Feature",
      "geometry": {
        "type": "Point",
        "coordinates": [
          128.6048453,
          35.2568108
        ]
      },
      "properties": {
        "osm_type": "way",
        "osm_id": 1193549744,
        "sido": "경상남도",
        "name": "",
        "name_en": "",
        "substation_type": "traction",
        "voltage": "55000;27500",
        "frequency": "",
        "operator": "",
        "location": ""
      }
    },
    {
      "type": "Feature",
      "geometry": {
        "type": "Point",
        "coordinates": [
          128.5168005,
          35.2508739
        ]
      },
      "properties": {
        "osm_type": "way",
        "osm_id": 1193549745,
        "sido": "경상남도",
        "name": "",
        "name_en": "",
        "substation_type": "traction",
        "voltage": "55000;27500",
        "frequency": "",
        "operator": "",
        "location": ""
      }
    },
    {
      "type": "Feature",
      "geometry": {
        "type": "Point",
        "coordinates": [
          128.3882126,
          35.256687
        ]
      },
      "properties": {
        "osm_type": "way",
        "osm_id": 1193549746,
        "sido": "경상남도",
        "name": "",
        "name_en": "",
        "substation_type": "traction",
        "voltage": "55000;27500",
        "frequency": "",
        "operator": "",
        "location": ""
      }
    },
    {
      "type": "Feature",
      "geometry": {
        "type": "Point",
        "coordinates": [
          128.3090512,
          35.1976626
        ]
      },
      "properties": {
        "osm_type": "way",
        "osm_id": 1193549747,
        "sido": "경상남도",
        "name": "",
        "name_en": "",
        "substation_type": "traction",
        "voltage": "55000;27500",
        "frequency": "",
        "operator": "",
        "location": ""
      }
    },
    {
      "type": "Feature",
      "geometry": {
        "type": "Point",
        "coordinates": [
          128.2533518,
          35.1751583
        ]
      },
      "properties": {
        "osm_type": "way",
        "osm_id": 1193549748,
        "sido": "경상남도",
        "name": "",
        "name_en": "",
        "substation_type": "traction",
        "voltage": "55000;27500",
        "frequency": "",
        "operator": "",
        "location": ""
      }
    },
    {
      "type": "Feature",
      "geometry": {
        "type": "Point",
        "coordinates": [
          128.1487953,
          35.1516351
        ]
      },
      "properties": {
        "osm_type": "way",
        "osm_id": 1193549749,
        "sido": "경상남도",
        "name": "",
        "name_en": "",
        "substation_type": "traction",
        "voltage": "55000;27500",
        "frequency": "",
        "operator": "",
        "location": ""
      }
    },
    {
      "type": "Feature",
      "geometry": {
        "type": "Point",
        "coordinates": [
          128.9972862,
          35.2999107
        ]
      },
      "properties": {
        "osm_type": "way",
        "osm_id": 1193550139,
        "sido": "경상남도",
        "name": "",
        "name_en": "",
        "substation_type": "traction",
        "voltage": "55000;27500",
        "frequency": "",
        "operator": "",
        "location": ""
      }
    },
    {
      "type": "Feature",
      "geometry": {
        "type": "Point",
        "coordinates": [
          128.9148268,
          35.367845
        ]
      },
      "properties": {
        "osm_type": "way",
        "osm_id": 1193550140,
        "sido": "경상남도",
        "name": "",
        "name_en": "",
        "substation_type": "traction",
        "voltage": "55000;27500",
        "frequency": "",
        "operator": "",
        "location": ""
      }
    },
    {
      "type": "Feature",
      "geometry": {
        "type": "Point",
        "coordinates": [
          128.8428973,
          35.1884073
        ]
      },
      "properties": {
        "osm_type": "way",
        "osm_id": 1194092159,
        "sido": "경상남도",
        "name": "",
        "name_en": "",
        "substation_type": "traction",
        "voltage": "55000;27500",
        "frequency": "",
        "operator": "",
        "location": ""
      }
    },
    {
      "type": "Feature",
      "geometry": {
        "type": "Point",
        "coordinates": [
          128.7597303,
          35.5467047
        ]
      },
      "properties": {
        "osm_type": "way",
        "osm_id": 1194151292,
        "sido": "경상남도",
        "name": "",
        "name_en": "",
        "substation_type": "traction",
        "voltage": "55000;27500",
        "frequency": "",
        "operator": "",
        "location": ""
      }
    },
    {
      "type": "Feature",
      "geometry": {
        "type": "Point",
        "coordinates": [
          128.7613407,
          35.2313581
        ]
      },
      "properties": {
        "osm_type": "way",
        "osm_id": 1194151293,
        "sido": "경상남도",
        "name": "",
        "name_en": "",
        "substation_type": "traction",
        "voltage": "55000;27500",
        "frequency": "",
        "operator": "",
        "location": ""
      }
    },
    {
      "type": "Feature",
      "geometry": {
        "type": "Point",
        "coordinates": [
          129.0619987,
          35.3667426
        ]
      },
      "properties": {
        "osm_type": "way",
        "osm_id": 1295178119,
        "sido": "경상남도",
        "name": "산막변전소",
        "name_en": "",
        "substation_type": "",
        "voltage": "154000",
        "frequency": "",
        "operator": "",
        "location": "indoor"
      }
    },
    {
      "type": "Feature",
      "geometry": {
        "type": "Point",
        "coordinates": [
          129.1721703,
          35.4121696
        ]
      },
      "properties": {
        "osm_type": "way",
        "osm_id": 1418106554,
        "sido": "경상남도",
        "name": "서창 변전소",
        "name_en": "",
        "substation_type": "",
        "voltage": "",
        "frequency": "",
        "operator": "",
        "location": ""
      }
    },
    {
      "type": "Feature",
      "geometry": {
        "type": "Point",
        "coordinates": [
          128.6364652,
          35.2038181
        ]
      },
      "properties": {
        "osm_type": "way",
        "osm_id": 1455679267,
        "sido": "경상남도",
        "name": "창원변전소",
        "name_en": "Jangwon Substation",
        "substation_type": "transmission",
        "voltage": "345000",
        "frequency": "60",
        "operator": "",
        "location": "outdoor"
      }
    },
    {
      "type": "Feature",
      "geometry": {
        "type": "Point",
        "coordinates": [
          128.7778508,
          35.2188753
        ]
      },
      "properties": {
        "osm_type": "way",
        "osm_id": 1455688759,
        "sido": "경상남도",
        "name": "신김해변전소",
        "name_en": "New Gimhae Substation",
        "substation_type": "transmission",
        "voltage": "345000",
        "frequency": "60",
        "operator": "",
        "location": "outdoor"
      }
    },
    {
      "type": "Feature",
      "geometry": {
        "type": "Point",
        "coordinates": [
          127.0709234,
          35.8655978
        ]
      },
      "properties": {
        "osm_type": "node",
        "osm_id": 12088441573,
        "sido": "전북특별자치도",
        "name": "전주변전소",
        "name_en": "",
        "substation_type": "",
        "voltage": "154000",
        "frequency": "",
        "operator": "",
        "location": "underground"
      }
    },
    {
      "type": "Feature",
      "geometry": {
        "type": "Point",
        "coordinates": [
          127.0092116,
          35.5977419
        ]
      },
      "properties": {
        "osm_type": "way",
        "osm_id": 160191590,
        "sido": "전북특별자치도",
        "name": "",
        "name_en": "",
        "substation_type": "",
        "voltage": "",
        "frequency": "",
        "operator": "",
        "location": ""
      }
    },
    {
      "type": "Feature",
      "geometry": {
        "type": "Point",
        "coordinates": [
          126.9763047,
          36.0612017
        ]
      },
      "properties": {
        "osm_type": "way",
        "osm_id": 308733207,
        "sido": "전북특별자치도",
        "name": "함열변전소",
        "name_en": "",
        "substation_type": "distribution",
        "voltage": "154000",
        "frequency": "60",
        "operator": "",
        "location": "outdoor"
      }
    },
    {
      "type": "Feature",
      "geometry": {
        "type": "Point",
        "coordinates": [
          127.0461768,
          35.8441426
        ]
      },
      "properties": {
        "osm_type": "way",
        "osm_id": 308733209,
        "sido": "전북특별자치도",
        "name": "",
        "name_en": "",
        "substation_type": "transition",
        "voltage": "345000",
        "frequency": "",
        "operator": "",
        "location": "outdoor"
      }
    },
    {
      "type": "Feature",
      "geometry": {
        "type": "Point",
        "coordinates": [
          126.9338098,
          35.9429171
        ]
      },
      "properties": {
        "osm_type": "way",
        "osm_id": 308733210,
        "sido": "전북특별자치도",
        "name": "이리변전소",
        "name_en": "Iri Substation",
        "substation_type": "transmission",
        "voltage": "154000",
        "frequency": "60",
        "operator": "",
        "location": "outdoor"
      }
    },
    {
      "type": "Feature",
      "geometry": {
        "type": "Point",
        "coordinates": [
          126.8571126,
          35.9681634
        ]
      },
      "properties": {
        "osm_type": "way",
        "osm_id": 308733211,
        "sido": "전북특별자치도",
        "name": "군산변전소",
        "name_en": "Gunsan Substation",
        "substation_type": "transmission",
        "voltage": "345000",
        "frequency": "60",
        "operator": "",
        "location": "outdoor"
      }
    },
    {
      "type": "Feature",
      "geometry": {
        "type": "Point",
        "coordinates": [
          127.4657301,
          35.4516042
        ]
      },
      "properties": {
        "osm_type": "way",
        "osm_id": 310226153,
        "sido": "전북특별자치도",
        "name": "신남원변전소",
        "name_en": "New Namwon Substation",
        "substation_type": "transmission",
        "voltage": "345000",
        "frequency": "60",
        "operator": "",
        "location": "outdoor"
      }
    },
    {
      "type": "Feature",
      "geometry": {
        "type": "Point",
        "coordinates": [
          127.0491315,
          35.826868
        ]
      },
      "properties": {
        "osm_type": "way",
        "osm_id": 310247600,
        "sido": "전북특별자치도",
        "name": "",
        "name_en": "",
        "substation_type": "transition",
        "voltage": "345000",
        "frequency": "60",
        "operator": "",
        "location": "outdoor"
      }
    },
    {
      "type": "Feature",
      "geometry": {
        "type": "Point",
        "coordinates": [
          127.006035,
          35.7577449
        ]
      },
      "properties": {
        "osm_type": "way",
        "osm_id": 310247604,
        "sido": "전북특별자치도",
        "name": "신김제변전소",
        "name_en": "Shin-Gimje Substation",
        "substation_type": "transmission",
        "voltage": "345000",
        "frequency": "60",
        "operator": "",
        "location": "outdoor"
      }
    },
    {
      "type": "Feature",
      "geometry": {
        "type": "Point",
        "coordinates": [
          127.4538992,
          35.7803167
        ]
      },
      "properties": {
        "osm_type": "way",
        "osm_id": 731923224,
        "sido": "전북특별자치도",
        "name": "진안변전소",
        "name_en": "Jian Substation",
        "substation_type": "distribution",
        "voltage": "154000",
        "frequency": "60",
        "operator": "",
        "location": "outdoor"
      }
    },
    {
      "type": "Feature",
      "geometry": {
        "type": "Point",
        "coordinates": [
          126.5626998,
          35.9381517
        ]
      },
      "properties": {
        "osm_type": "way",
        "osm_id": 788986278,
        "sido": "전북특별자치도",
        "name": "비응변전소",
        "name_en": "Bieung Substation",
        "substation_type": "distribution",
        "voltage": "154000",
        "frequency": "60",
        "operator": "",
        "location": "indoor"
      }
    },
    {
      "type": "Feature",
      "geometry": {
        "type": "Point",
        "coordinates": [
          126.7165854,
          35.7090273
        ]
      },
      "properties": {
        "osm_type": "way",
        "osm_id": 862071370,
        "sido": "전북특별자치도",
        "name": "부안변전소",
        "name_en": "Buan Substation",
        "substation_type": "distribution",
        "voltage": "154000",
        "frequency": "60",
        "operator": "",
        "location": "indoor"
      }
    },
    {
      "type": "Feature",
      "geometry": {
        "type": "Point",
        "coordinates": [
          126.6224682,
          35.9564831
        ]
      },
      "properties": {
        "osm_type": "way",
        "osm_id": 882983098,
        "sido": "전북특별자치도",
        "name": "새만금변전소",
        "name_en": "Saemangeum Substation",
        "substation_type": "transmission",
        "voltage": "345000",
        "frequency": "60",
        "operator": "",
        "location": "indoor"
      }
    },
    {
      "type": "Feature",
      "geometry": {
        "type": "Point",
        "coordinates": [
          127.6394203,
          36.0068671
        ]
      },
      "properties": {
        "osm_type": "way",
        "osm_id": 893614534,
        "sido": "전북특별자치도",
        "name": "무주변전소",
        "name_en": "Muju Substation",
        "substation_type": "distribution",
        "voltage": "154000",
        "frequency": "60",
        "operator": "한국전력",
        "location": "indoor"
      }
    },
    {
      "type": "Feature",
      "geometry": {
        "type": "Point",
        "coordinates": [
          126.7364252,
          35.982829
        ]
      },
      "properties": {
        "osm_type": "way",
        "osm_id": 893614535,
        "sido": "전북특별자치도",
        "name": "동군산변전소",
        "name_en": "",
        "substation_type": "distribution",
        "voltage": "154000",
        "frequency": "60",
        "operator": "",
        "location": "outdoor"
      }
    },
    {
      "type": "Feature",
      "geometry": {
        "type": "Point",
        "coordinates": [
          126.5877517,
          35.9550221
        ]
      },
      "properties": {
        "osm_type": "way",
        "osm_id": 893614536,
        "sido": "전북특별자치도",
        "name": "내초변전소",
        "name_en": "Naecho Substation",
        "substation_type": "distribution",
        "voltage": "154000",
        "frequency": "60",
        "operator": "",
        "location": "indoor"
      }
    },
    {
      "type": "Feature",
      "geometry": {
        "type": "Point",
        "coordinates": [
          127.083658,
          35.7955907
        ]
      },
      "properties": {
        "osm_type": "way",
        "osm_id": 893614537,
        "sido": "전북특별자치도",
        "name": "남전주변전소",
        "name_en": "South-Jeonju Substation",
        "substation_type": "distribution",
        "voltage": "154000",
        "frequency": "60",
        "operator": "",
        "location": "outdoor"
      }
    },
    {
      "type": "Feature",
      "geometry": {
        "type": "Point",
        "coordinates": [
          127.1794402,
          35.8423375
        ]
      },
      "properties": {
        "osm_type": "way",
        "osm_id": 893614538,
        "sido": "전북특별자치도",
        "name": "동전주변전소",
        "name_en": "East-Jeonju Substation",
        "substation_type": "distribution",
        "voltage": "154000",
        "frequency": "60",
        "operator": "",
        "location": "outdoor"
      }
    },
    {
      "type": "Feature",
      "geometry": {
        "type": "Point",
        "coordinates": [
          127.3024008,
          35.6262138
        ]
      },
      "properties": {
        "osm_type": "way",
        "osm_id": 893614540,
        "sido": "전북특별자치도",
        "name": "임실변전소",
        "name_en": "Imsil Substation",
        "substation_type": "distribution",
        "voltage": "154000",
        "frequency": "60",
        "operator": "",
        "location": "outdoor"
      }
    },
    {
      "type": "Feature",
      "geometry": {
        "type": "Point",
        "coordinates": [
          127.3820235,
          35.4394418
        ]
      },
      "properties": {
        "osm_type": "way",
        "osm_id": 893614543,
        "sido": "전북특별자치도",
        "name": "남원변전소",
        "name_en": "Namwon Substation",
        "substation_type": "distribution",
        "voltage": "154000",
        "frequency": "60",
        "operator": "",
        "location": "outdoor"
      }
    },
    {
      "type": "Feature",
      "geometry": {
        "type": "Point",
        "coordinates": [
          126.9012088,
          35.8029947
        ]
      },
      "properties": {
        "osm_type": "way",
        "osm_id": 893614544,
        "sido": "전북특별자치도",
        "name": "김제변전소",
        "name_en": "",
        "substation_type": "distribution",
        "voltage": "154000",
        "frequency": "60",
        "operator": "",
        "location": "indoor"
      }
    },
    {
      "type": "Feature",
      "geometry": {
        "type": "Point",
        "coordinates": [
          126.5415647,
          35.9584797
        ]
      },
      "properties": {
        "osm_type": "way",
        "osm_id": 893614551,
        "sido": "전북특별자치도",
        "name": "군장변전소",
        "name_en": "Gunjang Substation",
        "substation_type": "distribution",
        "voltage": "154000",
        "frequency": "60",
        "operator": "",
        "location": "indoor"
      }
    },
    {
      "type": "Feature",
      "geometry": {
        "type": "Point",
        "coordinates": [
          126.6356774,
          35.9696013
        ]
      },
      "properties": {
        "osm_type": "way",
        "osm_id": 893614558,
        "sido": "전북특별자치도",
        "name": "소룡변전소",
        "name_en": "Soryong Substation",
        "substation_type": "distribution",
        "voltage": "154000",
        "frequency": "60",
        "operator": "",
        "location": "outdoor"
      }
    },
    {
      "type": "Feature",
      "geometry": {
        "type": "Point",
        "coordinates": [
          126.6926462,
          35.4484358
        ]
      },
      "properties": {
        "osm_type": "way",
        "osm_id": 893614560,
        "sido": "전북특별자치도",
        "name": "고창변전소",
        "name_en": "Gojang Substation",
        "substation_type": "distribution",
        "voltage": "154000",
        "frequency": "60",
        "operator": "",
        "location": "outdoor"
      }
    },
    {
      "type": "Feature",
      "geometry": {
        "type": "Point",
        "coordinates": [
          126.8550136,
          35.5882783
        ]
      },
      "properties": {
        "osm_type": "way",
        "osm_id": 893614562,
        "sido": "전북특별자치도",
        "name": "정주변전소",
        "name_en": "Jeongju Substation",
        "substation_type": "distribution",
        "voltage": "154000",
        "frequency": "60",
        "operator": "",
        "location": "outdoor"
      }
    },
    {
      "type": "Feature",
      "geometry": {
        "type": "Point",
        "coordinates": [
          127.133757,
          35.824316
        ]
      },
      "properties": {
        "osm_type": "way",
        "osm_id": 893895772,
        "sido": "전북특별자치도",
        "name": "태평변전소",
        "name_en": "Taepyeong Substation",
        "substation_type": "distribution",
        "voltage": "154000",
        "frequency": "60",
        "operator": "",
        "location": "indoor"
      }
    },
    {
      "type": "Feature",
      "geometry": {
        "type": "Point",
        "coordinates": [
          126.9164661,
          35.6175803
        ]
      },
      "properties": {
        "osm_type": "way",
        "osm_id": 893895858,
        "sido": "전북특별자치도",
        "name": "정공변전소",
        "name_en": "Jeonggong Substation",
        "substation_type": "distribution",
        "voltage": "154000",
        "frequency": "60",
        "operator": "",
        "location": "outdoor"
      }
    },
    {
      "type": "Feature",
      "geometry": {
        "type": "Point",
        "coordinates": [
          127.5181709,
          35.6750364
        ]
      },
      "properties": {
        "osm_type": "way",
        "osm_id": 893895859,
        "sido": "전북특별자치도",
        "name": "장수변전소",
        "name_en": "Jangsu Substation",
        "substation_type": "distribution",
        "voltage": "154000",
        "frequency": "60",
        "operator": "",
        "location": "indoor"
      }
    },
    {
      "type": "Feature",
      "geometry": {
        "type": "Point",
        "coordinates": [
          126.9811186,
          35.9652328
        ]
      },
      "properties": {
        "osm_type": "way",
        "osm_id": 893895864,
        "sido": "전북특별자치도",
        "name": "영등변전소",
        "name_en": "Yeongdeung Substation",
        "substation_type": "distribution",
        "voltage": "154000",
        "frequency": "60",
        "operator": "",
        "location": "indoor"
      }
    },
    {
      "type": "Feature",
      "geometry": {
        "type": "Point",
        "coordinates": [
          127.000172,
          35.9567344
        ]
      },
      "properties": {
        "osm_type": "way",
        "osm_id": 893895865,
        "sido": "전북특별자치도",
        "name": "팔봉변전소",
        "name_en": "Palbong Substation",
        "substation_type": "distribution",
        "voltage": "154000",
        "frequency": "60",
        "operator": "",
        "location": "indoor"
      }
    },
    {
      "type": "Feature",
      "geometry": {
        "type": "Point",
        "coordinates": [
          127.1414562,
          35.941767
        ]
      },
      "properties": {
        "osm_type": "way",
        "osm_id": 893895870,
        "sido": "전북특별자치도",
        "name": "북전주변전소",
        "name_en": "North-Jeonju Substation",
        "substation_type": "distribution",
        "voltage": "154000",
        "frequency": "60",
        "operator": "",
        "location": "outdoor"
      }
    },
    {
      "type": "Feature",
      "geometry": {
        "type": "Point",
        "coordinates": [
          127.121607,
          35.9558525
        ]
      },
      "properties": {
        "osm_type": "way",
        "osm_id": 893895872,
        "sido": "전북특별자치도",
        "name": "봉동변전소",
        "name_en": "",
        "substation_type": "distribution",
        "voltage": "154000",
        "frequency": "60",
        "operator": "",
        "location": "indoor"
      }
    },
    {
      "type": "Feature",
      "geometry": {
        "type": "Point",
        "coordinates": [
          127.0905607,
          35.8463312
        ]
      },
      "properties": {
        "osm_type": "way",
        "osm_id": 894856078,
        "sido": "전북특별자치도",
        "name": "팔복변전소",
        "name_en": "Palbok Substation",
        "substation_type": "distribution",
        "voltage": "154000",
        "frequency": "60",
        "operator": "",
        "location": "indoor"
      }
    },
    {
      "type": "Feature",
      "geometry": {
        "type": "Point",
        "coordinates": [
          126.8841829,
          35.8408626
        ]
      },
      "properties": {
        "osm_type": "way",
        "osm_id": 894856176,
        "sido": "전북특별자치도",
        "name": "백산변전소",
        "name_en": "Baeksan Substation",
        "substation_type": "distribution",
        "voltage": "154000",
        "frequency": "60",
        "operator": "",
        "location": "indoor"
      }
    },
    {
      "type": "Feature",
      "geometry": {
        "type": "Point",
        "coordinates": [
          126.9417888,
          35.9303652
        ]
      },
      "properties": {
        "osm_type": "way",
        "osm_id": 1135323471,
        "sido": "전북특별자치도",
        "name": "익산변전소",
        "name_en": "Iksan Substation",
        "substation_type": "traction",
        "voltage": "154000;55000;27500",
        "frequency": "",
        "operator": "한국철도시설공단",
        "location": "indoor"
      }
    },
    {
      "type": "Feature",
      "geometry": {
        "type": "Point",
        "coordinates": [
          126.955325,
          36.0014071
        ]
      },
      "properties": {
        "osm_type": "way",
        "osm_id": 1135323472,
        "sido": "전북특별자치도",
        "name": "익산병렬급전소",
        "name_en": "Iksan Parallel Post",
        "substation_type": "traction",
        "voltage": "55000;27500",
        "frequency": "",
        "operator": "한국철도시설공단",
        "location": "indoor"
      }
    },
    {
      "type": "Feature",
      "geometry": {
        "type": "Point",
        "coordinates": [
          126.7927423,
          35.4809229
        ]
      },
      "properties": {
        "osm_type": "way",
        "osm_id": 1135323475,
        "sido": "전북특별자치도",
        "name": "노령변전소",
        "name_en": "Noryeong Substation",
        "substation_type": "traction",
        "voltage": "154000;55000;27500",
        "frequency": "",
        "operator": "한국철도시설공단",
        "location": "indoor"
      }
    },
    {
      "type": "Feature",
      "geometry": {
        "type": "Point",
        "coordinates": [
          126.9387148,
          35.8754634
        ]
      },
      "properties": {
        "osm_type": "way",
        "osm_id": 1135323476,
        "sido": "전북특별자치도",
        "name": "공덕병렬급전소",
        "name_en": "Gongdeok Parallel Post",
        "substation_type": "traction",
        "voltage": "55000;27500",
        "frequency": "",
        "operator": "한국철도시설공단",
        "location": "indoor"
      }
    },
    {
      "type": "Feature",
      "geometry": {
        "type": "Point",
        "coordinates": [
          126.8667016,
          35.6127585
        ]
      },
      "properties": {
        "osm_type": "way",
        "osm_id": 1135323477,
        "sido": "전북특별자치도",
        "name": "정우병렬급전소",
        "name_en": "Jeongu Parallel Post",
        "substation_type": "traction",
        "voltage": "55000;27500",
        "frequency": "",
        "operator": "한국철도시설공단",
        "location": "indoor"
      }
    },
    {
      "type": "Feature",
      "geometry": {
        "type": "Point",
        "coordinates": [
          127.0008071,
          36.0744065
        ]
      },
      "properties": {
        "osm_type": "way",
        "osm_id": 1135323479,
        "sido": "전북특별자치도",
        "name": "용기급전구분소",
        "name_en": "Yonggi Sectioning Post",
        "substation_type": "traction",
        "voltage": "55000;27500",
        "frequency": "",
        "operator": "한국철도시설공단",
        "location": "indoor"
      }
    },
    {
      "type": "Feature",
      "geometry": {
        "type": "Point",
        "coordinates": [
          126.8194438,
          35.5388748
        ]
      },
      "properties": {
        "osm_type": "way",
        "osm_id": 1135323480,
        "sido": "전북특별자치도",
        "name": "천원병렬급전소",
        "name_en": "Cheonwon Parallel Post",
        "substation_type": "traction",
        "voltage": "55000;27500",
        "frequency": "",
        "operator": "한국철도시설공단",
        "location": "indoor"
      }
    },
    {
      "type": "Feature",
      "geometry": {
        "type": "Point",
        "coordinates": [
          126.9039555,
          35.697458
        ]
      },
      "properties": {
        "osm_type": "way",
        "osm_id": 1135323482,
        "sido": "전북특별자치도",
        "name": "감곡급전구분소",
        "name_en": "Gamgok Sectioning Post",
        "substation_type": "traction",
        "voltage": "55000;27500",
        "frequency": "",
        "operator": "한국철도시설공단",
        "location": "indoor"
      }
    },
    {
      "type": "Feature",
      "geometry": {
        "type": "Point",
        "coordinates": [
          126.9271822,
          35.7870455
        ]
      },
      "properties": {
        "osm_type": "way",
        "osm_id": 1135323484,
        "sido": "전북특별자치도",
        "name": "김제병렬급전소",
        "name_en": "Gimje Parallel Post",
        "substation_type": "traction",
        "voltage": "55000;27500",
        "frequency": "",
        "operator": "한국철도시설공단",
        "location": "indoor"
      }
    },
    {
      "type": "Feature",
      "geometry": {
        "type": "Point",
        "coordinates": [
          126.8880665,
          35.6685615
        ]
      },
      "properties": {
        "osm_type": "way",
        "osm_id": 1193541784,
        "sido": "전북특별자치도",
        "name": "",
        "name_en": "",
        "substation_type": "traction",
        "voltage": "55000;27500",
        "frequency": "",
        "operator": "",
        "location": ""
      }
    },
    {
      "type": "Feature",
      "geometry": {
        "type": "Point",
        "coordinates": [
          126.8164759,
          35.5219022
        ]
      },
      "properties": {
        "osm_type": "way",
        "osm_id": 1193541785,
        "sido": "전북특별자치도",
        "name": "",
        "name_en": "",
        "substation_type": "traction",
        "voltage": "55000;27500",
        "frequency": "",
        "operator": "",
        "location": ""
      }
    },
    {
      "type": "Feature",
      "geometry": {
        "type": "Point",
        "coordinates": [
          126.9721148,
          36.0960281
        ]
      },
      "properties": {
        "osm_type": "way",
        "osm_id": 1193544277,
        "sido": "전북특별자치도",
        "name": "",
        "name_en": "",
        "substation_type": "traction",
        "voltage": "55000;27500",
        "frequency": "",
        "operator": "",
        "location": ""
      }
    },
    {
      "type": "Feature",
      "geometry": {
        "type": "Point",
        "coordinates": [
          126.9422974,
          36.0156141
        ]
      },
      "properties": {
        "osm_type": "way",
        "osm_id": 1193544278,
        "sido": "전북특별자치도",
        "name": "",
        "name_en": "",
        "substation_type": "traction",
        "voltage": "55000;27500",
        "frequency": "",
        "operator": "",
        "location": ""
      }
    },
    {
      "type": "Feature",
      "geometry": {
        "type": "Point",
        "coordinates": [
          126.9413707,
          35.8480197
        ]
      },
      "properties": {
        "osm_type": "way",
        "osm_id": 1193839753,
        "sido": "전북특별자치도",
        "name": "",
        "name_en": "",
        "substation_type": "traction",
        "voltage": "55000;27500",
        "frequency": "",
        "operator": "",
        "location": ""
      }
    },
    {
      "type": "Feature",
      "geometry": {
        "type": "Point",
        "coordinates": [
          126.9043689,
          35.7523069
        ]
      },
      "properties": {
        "osm_type": "way",
        "osm_id": 1193839754,
        "sido": "전북특별자치도",
        "name": "",
        "name_en": "",
        "substation_type": "traction",
        "voltage": "55000;27500",
        "frequency": "",
        "operator": "",
        "location": ""
      }
    },
    {
      "type": "Feature",
      "geometry": {
        "type": "Point",
        "coordinates": [
          126.8556004,
          35.6077264
        ]
      },
      "properties": {
        "osm_type": "way",
        "osm_id": 1193839755,
        "sido": "전북특별자치도",
        "name": "",
        "name_en": "",
        "substation_type": "traction",
        "voltage": "55000;27500",
        "frequency": "",
        "operator": "",
        "location": ""
      }
    },
    {
      "type": "Feature",
      "geometry": {
        "type": "Point",
        "coordinates": [
          127.2981407,
          35.3621848
        ]
      },
      "properties": {
        "osm_type": "way",
        "osm_id": 1194010881,
        "sido": "전북특별자치도",
        "name": "",
        "name_en": "",
        "substation_type": "traction",
        "voltage": "55000;27500",
        "frequency": "",
        "operator": "",
        "location": ""
      }
    },
    {
      "type": "Feature",
      "geometry": {
        "type": "Point",
        "coordinates": [
          127.3683396,
          35.4333385
        ]
      },
      "properties": {
        "osm_type": "way",
        "osm_id": 1194010882,
        "sido": "전북특별자치도",
        "name": "",
        "name_en": "",
        "substation_type": "traction",
        "voltage": "154000;55000;27500",
        "frequency": "",
        "operator": "",
        "location": ""
      }
    },
    {
      "type": "Feature",
      "geometry": {
        "type": "Point",
        "coordinates": [
          127.31873,
          35.5480851
        ]
      },
      "properties": {
        "osm_type": "way",
        "osm_id": 1194010883,
        "sido": "전북특별자치도",
        "name": "",
        "name_en": "",
        "substation_type": "traction",
        "voltage": "55000;27500",
        "frequency": "",
        "operator": "",
        "location": ""
      }
    },
    {
      "type": "Feature",
      "geometry": {
        "type": "Point",
        "coordinates": [
          127.2821273,
          35.644042
        ]
      },
      "properties": {
        "osm_type": "way",
        "osm_id": 1194010884,
        "sido": "전북특별자치도",
        "name": "",
        "name_en": "",
        "substation_type": "traction",
        "voltage": "55000;27500",
        "frequency": "",
        "operator": "",
        "location": ""
      }
    },
    {
      "type": "Feature",
      "geometry": {
        "type": "Point",
        "coordinates": [
          127.2223113,
          35.7445498
        ]
      },
      "properties": {
        "osm_type": "way",
        "osm_id": 1194010885,
        "sido": "전북특별자치도",
        "name": "",
        "name_en": "",
        "substation_type": "traction",
        "voltage": "55000;27500",
        "frequency": "",
        "operator": "",
        "location": ""
      }
    },
    {
      "type": "Feature",
      "geometry": {
        "type": "Point",
        "coordinates": [
          127.1726087,
          35.8377882
        ]
      },
      "properties": {
        "osm_type": "way",
        "osm_id": 1194010886,
        "sido": "전북특별자치도",
        "name": "",
        "name_en": "",
        "substation_type": "traction",
        "voltage": "55000;27500",
        "frequency": "",
        "operator": "",
        "location": ""
      }
    },
    {
      "type": "Feature",
      "geometry": {
        "type": "Point",
        "coordinates": [
          127.0807111,
          35.8781773
        ]
      },
      "properties": {
        "osm_type": "way",
        "osm_id": 1194010887,
        "sido": "전북특별자치도",
        "name": "",
        "name_en": "",
        "substation_type": "traction",
        "voltage": "55000;27500",
        "frequency": "",
        "operator": "",
        "location": ""
      }
    },
    {
      "type": "Feature",
      "geometry": {
        "type": "Point",
        "coordinates": [
          126.9986115,
          35.9035905
        ]
      },
      "properties": {
        "osm_type": "way",
        "osm_id": 1194010888,
        "sido": "전북특별자치도",
        "name": "",
        "name_en": "",
        "substation_type": "traction",
        "voltage": "55000;27500",
        "frequency": "",
        "operator": "",
        "location": ""
      }
    },
    {
      "type": "Feature",
      "geometry": {
        "type": "Point",
        "coordinates": [
          126.8393697,
          35.9496362
        ]
      },
      "properties": {
        "osm_type": "way",
        "osm_id": 1194010889,
        "sido": "전북특별자치도",
        "name": "",
        "name_en": "",
        "substation_type": "traction",
        "voltage": "55000;27500",
        "frequency": "",
        "operator": "",
        "location": ""
      }
    },
    {
      "type": "Feature",
      "geometry": {
        "type": "Point",
        "coordinates": [
          126.8441079,
          35.9667641
        ]
      },
      "properties": {
        "osm_type": "way",
        "osm_id": 1328396082,
        "sido": "전북특별자치도",
        "name": "",
        "name_en": "",
        "substation_type": "",
        "voltage": "",
        "frequency": "",
        "operator": "",
        "location": ""
      }
    },
    {
      "type": "Feature",
      "geometry": {
        "type": "Point",
        "coordinates": [
          126.98675,
          36.044522
        ]
      },
      "properties": {
        "osm_type": "way",
        "osm_id": 1415840099,
        "sido": "전북특별자치도",
        "name": "",
        "name_en": "",
        "substation_type": "",
        "voltage": "",
        "frequency": "",
        "operator": "",
        "location": ""
      }
    },
    {
      "type": "Feature",
      "geometry": {
        "type": "Point",
        "coordinates": [
          126.6882967,
          35.9644581
        ]
      },
      "properties": {
        "osm_type": "way",
        "osm_id": 1427632426,
        "sido": "전북특별자치도",
        "name": "",
        "name_en": "",
        "substation_type": "",
        "voltage": "",
        "frequency": "",
        "operator": "",
        "location": ""
      }
    },
    {
      "type": "Feature",
      "geometry": {
        "type": "Point",
        "coordinates": [
          128.5687439,
          35.8692254
        ]
      },
      "properties": {
        "osm_type": "node",
        "osm_id": 1246590571,
        "sido": "대구광역시",
        "name": "",
        "name_en": "",
        "substation_type": "distribution",
        "voltage": "154000",
        "frequency": "60",
        "operator": "",
        "location": "indoor"
      }
    },
    {
      "type": "Feature",
      "geometry": {
        "type": "Point",
        "coordinates": [
          128.6121757,
          35.8863783
        ]
      },
      "properties": {
        "osm_type": "node",
        "osm_id": 12077750452,
        "sido": "대구광역시",
        "name": "공평변전소",
        "name_en": "",
        "substation_type": "",
        "voltage": "154000",
        "frequency": "",
        "operator": "",
        "location": "indoor"
      }
    },
    {
      "type": "Feature",
      "geometry": {
        "type": "Point",
        "coordinates": [
          128.568549,
          35.8692747
        ]
      },
      "properties": {
        "osm_type": "way",
        "osm_id": 108724543,
        "sido": "대구광역시",
        "name": "내당변전소",
        "name_en": "",
        "substation_type": "distribution",
        "voltage": "154000",
        "frequency": "60",
        "operator": "",
        "location": "indoor"
      }
    },
    {
      "type": "Feature",
      "geometry": {
        "type": "Point",
        "coordinates": [
          128.594877,
          35.8367596
        ]
      },
      "properties": {
        "osm_type": "way",
        "osm_id": 239170987,
        "sido": "대구광역시",
        "name": "봉덕변전소",
        "name_en": "Bongdeok Substation",
        "substation_type": "distribution",
        "voltage": "154000",
        "frequency": "60",
        "operator": "",
        "location": "indoor"
      }
    },
    {
      "type": "Feature",
      "geometry": {
        "type": "Point",
        "coordinates": [
          128.6349121,
          35.8399119
        ]
      },
      "properties": {
        "osm_type": "way",
        "osm_id": 297601178,
        "sido": "대구광역시",
        "name": "",
        "name_en": "",
        "substation_type": "transition",
        "voltage": "154000",
        "frequency": "60",
        "operator": "",
        "location": "outdoor"
      }
    },
    {
      "type": "Feature",
      "geometry": {
        "type": "Point",
        "coordinates": [
          128.6496939,
          35.8201676
        ]
      },
      "properties": {
        "osm_type": "way",
        "osm_id": 297601183,
        "sido": "대구광역시",
        "name": "범물 변전소",
        "name_en": "",
        "substation_type": "distribution",
        "voltage": "154000",
        "frequency": "60",
        "operator": "",
        "location": "indoor"
      }
    },
    {
      "type": "Feature",
      "geometry": {
        "type": "Point",
        "coordinates": [
          128.690062,
          35.7332193
        ]
      },
      "properties": {
        "osm_type": "way",
        "osm_id": 308765054,
        "sido": "대구광역시",
        "name": "대구변전소",
        "name_en": "Daegu Substation",
        "substation_type": "transmission",
        "voltage": "345000",
        "frequency": "60",
        "operator": "",
        "location": "outdoor"
      }
    },
    {
      "type": "Feature",
      "geometry": {
        "type": "Point",
        "coordinates": [
          128.4734148,
          35.8448972
        ]
      },
      "properties": {
        "osm_type": "way",
        "osm_id": 312375499,
        "sido": "대구광역시",
        "name": "강창변전소",
        "name_en": "Gangchang Substation",
        "substation_type": "distribution",
        "voltage": "154000",
        "frequency": "60",
        "operator": "",
        "location": "outdoor"
      }
    },
    {
      "type": "Feature",
      "geometry": {
        "type": "Point",
        "coordinates": [
          128.4551864,
          35.6574631
        ]
      },
      "properties": {
        "osm_type": "way",
        "osm_id": 312375502,
        "sido": "대구광역시",
        "name": "유가변전소",
        "name_en": "Yuga Substation",
        "substation_type": "distribution",
        "voltage": "154000",
        "frequency": "60",
        "operator": "",
        "location": "indoor"
      }
    },
    {
      "type": "Feature",
      "geometry": {
        "type": "Point",
        "coordinates": [
          128.4635239,
          35.7292145
        ]
      },
      "properties": {
        "osm_type": "way",
        "osm_id": 312375513,
        "sido": "대구광역시",
        "name": "논공변전소",
        "name_en": "Nongong Substation",
        "substation_type": "distribution",
        "voltage": "154000",
        "frequency": "60",
        "operator": "",
        "location": "outdoor"
      }
    },
    {
      "type": "Feature",
      "geometry": {
        "type": "Point",
        "coordinates": [
          128.510515,
          35.8101524
        ]
      },
      "properties": {
        "osm_type": "way",
        "osm_id": 312375515,
        "sido": "대구광역시",
        "name": "달성변전소",
        "name_en": "",
        "substation_type": "distribution",
        "voltage": "154000",
        "frequency": "60",
        "operator": "",
        "location": "outdoor"
      }
    },
    {
      "type": "Feature",
      "geometry": {
        "type": "Point",
        "coordinates": [
          128.6974383,
          35.8362743
        ]
      },
      "properties": {
        "osm_type": "way",
        "osm_id": 313355106,
        "sido": "대구광역시",
        "name": "노변 변전소",
        "name_en": "",
        "substation_type": "distribution",
        "voltage": "154000",
        "frequency": "60",
        "operator": "",
        "location": "indoor"
      }
    },
    {
      "type": "Feature",
      "geometry": {
        "type": "Point",
        "coordinates": [
          128.7406909,
          35.8692369
        ]
      },
      "properties": {
        "osm_type": "way",
        "osm_id": 473260813,
        "sido": "대구광역시",
        "name": "반야월변전소",
        "name_en": "Banyangwol Substation",
        "substation_type": "distribution",
        "voltage": "154000",
        "frequency": "60",
        "operator": "",
        "location": ""
      }
    },
    {
      "type": "Feature",
      "geometry": {
        "type": "Point",
        "coordinates": [
          128.661094,
          35.871311
        ]
      },
      "properties": {
        "osm_type": "way",
        "osm_id": 497159697,
        "sido": "대구광역시",
        "name": "",
        "name_en": "",
        "substation_type": "traction",
        "voltage": "55000;27500",
        "frequency": "",
        "operator": "",
        "location": ""
      }
    },
    {
      "type": "Feature",
      "geometry": {
        "type": "Point",
        "coordinates": [
          128.64149,
          35.8751335
        ]
      },
      "properties": {
        "osm_type": "way",
        "osm_id": 561134351,
        "sido": "대구광역시",
        "name": "효목변전소",
        "name_en": "",
        "substation_type": "distribution",
        "voltage": "154000",
        "frequency": "60",
        "operator": "",
        "location": "indoor"
      }
    },
    {
      "type": "Feature",
      "geometry": {
        "type": "Point",
        "coordinates": [
          128.5176058,
          35.8297494
        ]
      },
      "properties": {
        "osm_type": "way",
        "osm_id": 670381650,
        "sido": "대구광역시",
        "name": "월배변전소",
        "name_en": "",
        "substation_type": "distribution",
        "voltage": "154000",
        "frequency": "60",
        "operator": "",
        "location": "indoor"
      }
    },
    {
      "type": "Feature",
      "geometry": {
        "type": "Point",
        "coordinates": [
          128.6203828,
          35.8618732
        ]
      },
      "properties": {
        "osm_type": "way",
        "osm_id": 856223876,
        "sido": "대구광역시",
        "name": "남대구변전소",
        "name_en": "",
        "substation_type": "distribution",
        "voltage": "154000",
        "frequency": "60",
        "operator": "",
        "location": "underground"
      }
    },
    {
      "type": "Feature",
      "geometry": {
        "type": "Point",
        "coordinates": [
          128.5353467,
          35.8788766
        ]
      },
      "properties": {
        "osm_type": "way",
        "osm_id": 865119869,
        "sido": "대구광역시",
        "name": "팔달변전소",
        "name_en": "",
        "substation_type": "distribution",
        "voltage": "154000",
        "frequency": "60",
        "operator": "",
        "location": "indoor"
      }
    },
    {
      "type": "Feature",
      "geometry": {
        "type": "Point",
        "coordinates": [
          128.495735,
          35.8607503
        ]
      },
      "properties": {
        "osm_type": "way",
        "osm_id": 865119871,
        "sido": "대구광역시",
        "name": "달서변전소",
        "name_en": "",
        "substation_type": "distribution",
        "voltage": "154000",
        "frequency": "60",
        "operator": "",
        "location": "indoor"
      }
    },
    {
      "type": "Feature",
      "geometry": {
        "type": "Point",
        "coordinates": [
          128.5837905,
          35.8866709
        ]
      },
      "properties": {
        "osm_type": "way",
        "osm_id": 886654307,
        "sido": "대구광역시",
        "name": "서침산변전소",
        "name_en": "",
        "substation_type": "distribution",
        "voltage": "154000",
        "frequency": "60",
        "operator": "",
        "location": "indoor"
      }
    },
    {
      "type": "Feature",
      "geometry": {
        "type": "Point",
        "coordinates": [
          128.4768447,
          35.691256
        ]
      },
      "properties": {
        "osm_type": "way",
        "osm_id": 891430207,
        "sido": "대구광역시",
        "name": "현풍변전소",
        "name_en": "Hyeonpung Substation",
        "substation_type": "distribution",
        "voltage": "154000",
        "frequency": "60",
        "operator": "",
        "location": "indoor"
      }
    },
    {
      "type": "Feature",
      "geometry": {
        "type": "Point",
        "coordinates": [
          128.5914326,
          35.8926466
        ]
      },
      "properties": {
        "osm_type": "way",
        "osm_id": 891430208,
        "sido": "대구광역시",
        "name": "침산변전소",
        "name_en": "",
        "substation_type": "distribution",
        "voltage": "154000",
        "frequency": "60",
        "operator": "",
        "location": "indoor"
      }
    },
    {
      "type": "Feature",
      "geometry": {
        "type": "Point",
        "coordinates": [
          128.4931065,
          35.8310696
        ]
      },
      "properties": {
        "osm_type": "way",
        "osm_id": 891430214,
        "sido": "대구광역시",
        "name": "성서변전소",
        "name_en": "Seongseo Substation",
        "substation_type": "distribution",
        "voltage": "154000",
        "frequency": "60",
        "operator": "",
        "location": "outdoor"
      }
    },
    {
      "type": "Feature",
      "geometry": {
        "type": "Point",
        "coordinates": [
          128.4248768,
          35.869062
        ]
      },
      "properties": {
        "osm_type": "way",
        "osm_id": 891430234,
        "sido": "대구광역시",
        "name": "다사변전소",
        "name_en": "",
        "substation_type": "distribution",
        "voltage": "154000",
        "frequency": "60",
        "operator": "",
        "location": "indoor"
      }
    },
    {
      "type": "Feature",
      "geometry": {
        "type": "Point",
        "coordinates": [
          128.4308517,
          35.6352927
        ]
      },
      "properties": {
        "osm_type": "way",
        "osm_id": 891430235,
        "sido": "대구광역시",
        "name": "구지변전소",
        "name_en": "Guji Substation",
        "substation_type": "distribution",
        "voltage": "154000",
        "frequency": "60",
        "operator": "",
        "location": "outdoor"
      }
    },
    {
      "type": "Feature",
      "geometry": {
        "type": "Point",
        "coordinates": [
          128.5799532,
          36.1828927
        ]
      },
      "properties": {
        "osm_type": "way",
        "osm_id": 891818257,
        "sido": "대구광역시",
        "name": "군위변전소",
        "name_en": "",
        "substation_type": "distribution",
        "voltage": "154000",
        "frequency": "60",
        "operator": "",
        "location": "indoor"
      }
    },
    {
      "type": "Feature",
      "geometry": {
        "type": "Point",
        "coordinates": [
          128.5268949,
          35.8618747
        ]
      },
      "properties": {
        "osm_type": "way",
        "osm_id": 892093939,
        "sido": "대구광역시",
        "name": "와룡변전소",
        "name_en": "",
        "substation_type": "distribution",
        "voltage": "154000",
        "frequency": "60",
        "operator": "",
        "location": "indoor"
      }
    },
    {
      "type": "Feature",
      "geometry": {
        "type": "Point",
        "coordinates": [
          128.3950147,
          35.6560611
        ]
      },
      "properties": {
        "osm_type": "way",
        "osm_id": 892093940,
        "sido": "대구광역시",
        "name": "서구지변전소",
        "name_en": "West-Guji Substation",
        "substation_type": "distribution",
        "voltage": "154000",
        "frequency": "60",
        "operator": "",
        "location": "indoor"
      }
    },
    {
      "type": "Feature",
      "geometry": {
        "type": "Point",
        "coordinates": [
          128.5461781,
          35.8057706
        ]
      },
      "properties": {
        "osm_type": "way",
        "osm_id": 892093971,
        "sido": "대구광역시",
        "name": "상인변전소",
        "name_en": "Sangin Substation",
        "substation_type": "distribution",
        "voltage": "154000",
        "frequency": "60",
        "operator": "",
        "location": "indoor"
      }
    },
    {
      "type": "Feature",
      "geometry": {
        "type": "Point",
        "coordinates": [
          128.5585245,
          35.853818
        ]
      },
      "properties": {
        "osm_type": "way",
        "osm_id": 892093973,
        "sido": "대구광역시",
        "name": "두류변전소",
        "name_en": "",
        "substation_type": "distribution",
        "voltage": "154000",
        "frequency": "60",
        "operator": "",
        "location": "underground"
      }
    },
    {
      "type": "Feature",
      "geometry": {
        "type": "Point",
        "coordinates": [
          128.6084338,
          35.9033281
        ]
      },
      "properties": {
        "osm_type": "way",
        "osm_id": 892093974,
        "sido": "대구광역시",
        "name": "산격변전소",
        "name_en": "",
        "substation_type": "distribution",
        "voltage": "154000",
        "frequency": "60",
        "operator": "",
        "location": "indoor"
      }
    },
    {
      "type": "Feature",
      "geometry": {
        "type": "Point",
        "coordinates": [
          128.6207896,
          35.8614057
        ]
      },
      "properties": {
        "osm_type": "way",
        "osm_id": 892093978,
        "sido": "대구광역시",
        "name": "한국전력공사",
        "name_en": "",
        "substation_type": "",
        "voltage": "",
        "frequency": "",
        "operator": "한국전력공사",
        "location": ""
      }
    },
    {
      "type": "Feature",
      "geometry": {
        "type": "Point",
        "coordinates": [
          128.6014895,
          35.8726422
        ]
      },
      "properties": {
        "osm_type": "way",
        "osm_id": 892093979,
        "sido": "대구광역시",
        "name": "동인변전소",
        "name_en": "",
        "substation_type": "distribution",
        "voltage": "154000",
        "frequency": "60",
        "operator": "",
        "location": "underground"
      }
    },
    {
      "type": "Feature",
      "geometry": {
        "type": "Point",
        "coordinates": [
          128.6105785,
          35.9134531
        ]
      },
      "properties": {
        "osm_type": "way",
        "osm_id": 892093980,
        "sido": "대구광역시",
        "name": "검단변전소",
        "name_en": "",
        "substation_type": "distribution",
        "voltage": "154000",
        "frequency": "60",
        "operator": "",
        "location": "indoor"
      }
    },
    {
      "type": "Feature",
      "geometry": {
        "type": "Point",
        "coordinates": [
          128.6868941,
          35.8735203
        ]
      },
      "properties": {
        "osm_type": "way",
        "osm_id": 892213737,
        "sido": "대구광역시",
        "name": "안심변전소",
        "name_en": "",
        "substation_type": "distribution",
        "voltage": "154000",
        "frequency": "60",
        "operator": "",
        "location": "indoor"
      }
    },
    {
      "type": "Feature",
      "geometry": {
        "type": "Point",
        "coordinates": [
          128.5750539,
          35.9452305
        ]
      },
      "properties": {
        "osm_type": "way",
        "osm_id": 892213742,
        "sido": "대구광역시",
        "name": "구암변전소",
        "name_en": "Guam Substation",
        "substation_type": "distribution",
        "voltage": "154000",
        "frequency": "60",
        "operator": "",
        "location": "indoor"
      }
    },
    {
      "type": "Feature",
      "geometry": {
        "type": "Point",
        "coordinates": [
          128.5422023,
          35.9439689
        ]
      },
      "properties": {
        "osm_type": "way",
        "osm_id": 892213806,
        "sido": "대구광역시",
        "name": "관음변전소",
        "name_en": "Gwaneum Substation",
        "substation_type": "distribution",
        "voltage": "154000",
        "frequency": "60",
        "operator": "",
        "location": "indoor"
      }
    },
    {
      "type": "Feature",
      "geometry": {
        "type": "Point",
        "coordinates": [
          128.7414508,
          35.885861
        ]
      },
      "properties": {
        "osm_type": "way",
        "osm_id": 960107502,
        "sido": "대구광역시",
        "name": "",
        "name_en": "",
        "substation_type": "",
        "voltage": "",
        "frequency": "",
        "operator": "",
        "location": ""
      }
    },
    {
      "type": "Feature",
      "geometry": {
        "type": "Point",
        "coordinates": [
          128.7418565,
          35.8859906
        ]
      },
      "properties": {
        "osm_type": "way",
        "osm_id": 960107503,
        "sido": "대구광역시",
        "name": "",
        "name_en": "",
        "substation_type": "",
        "voltage": "",
        "frequency": "",
        "operator": "",
        "location": ""
      }
    },
    {
      "type": "Feature",
      "geometry": {
        "type": "Point",
        "coordinates": [
          128.7417947,
          35.8862529
        ]
      },
      "properties": {
        "osm_type": "way",
        "osm_id": 960107506,
        "sido": "대구광역시",
        "name": "",
        "name_en": "",
        "substation_type": "",
        "voltage": "",
        "frequency": "",
        "operator": "",
        "location": ""
      }
    },
    {
      "type": "Feature",
      "geometry": {
        "type": "Point",
        "coordinates": [
          128.7412471,
          35.8861166
        ]
      },
      "properties": {
        "osm_type": "way",
        "osm_id": 960107507,
        "sido": "대구광역시",
        "name": "",
        "name_en": "",
        "substation_type": "",
        "voltage": "",
        "frequency": "",
        "operator": "",
        "location": ""
      }
    },
    {
      "type": "Feature",
      "geometry": {
        "type": "Point",
        "coordinates": [
          128.7410698,
          35.8856965
        ]
      },
      "properties": {
        "osm_type": "way",
        "osm_id": 960107508,
        "sido": "대구광역시",
        "name": "",
        "name_en": "",
        "substation_type": "",
        "voltage": "",
        "frequency": "",
        "operator": "",
        "location": ""
      }
    },
    {
      "type": "Feature",
      "geometry": {
        "type": "Point",
        "coordinates": [
          128.740352,
          35.8742458
        ]
      },
      "properties": {
        "osm_type": "way",
        "osm_id": 960111506,
        "sido": "대구광역시",
        "name": "신서변전소",
        "name_en": "",
        "substation_type": "",
        "voltage": "154000",
        "frequency": "60",
        "operator": "",
        "location": "indoor"
      }
    },
    {
      "type": "Feature",
      "geometry": {
        "type": "Point",
        "coordinates": [
          128.5466835,
          35.8807716
        ]
      },
      "properties": {
        "osm_type": "way",
        "osm_id": 1194151286,
        "sido": "대구광역시",
        "name": "",
        "name_en": "",
        "substation_type": "traction",
        "voltage": "55000;27500",
        "frequency": "",
        "operator": "",
        "location": ""
      }
    },
    {
      "type": "Feature",
      "geometry": {
        "type": "Point",
        "coordinates": [
          128.6217688,
          35.8774943
        ]
      },
      "properties": {
        "osm_type": "way",
        "osm_id": 1194151287,
        "sido": "대구광역시",
        "name": "",
        "name_en": "",
        "substation_type": "traction",
        "voltage": "55000;27500",
        "frequency": "",
        "operator": "",
        "location": ""
      }
    },
    {
      "type": "Feature",
      "geometry": {
        "type": "Point",
        "coordinates": [
          128.7008373,
          35.8513717
        ]
      },
      "properties": {
        "osm_type": "way",
        "osm_id": 1194151288,
        "sido": "대구광역시",
        "name": "",
        "name_en": "",
        "substation_type": "traction",
        "voltage": "55000;27500",
        "frequency": "",
        "operator": "",
        "location": ""
      }
    },
    {
      "type": "Feature",
      "geometry": {
        "type": "Point",
        "coordinates": [
          128.6361681,
          35.9277633
        ]
      },
      "properties": {
        "osm_type": "way",
        "osm_id": 1304186226,
        "sido": "대구광역시",
        "name": "봉무변전소",
        "name_en": "",
        "substation_type": "",
        "voltage": "154000",
        "frequency": "",
        "operator": "",
        "location": ""
      }
    },
    {
      "type": "Feature",
      "geometry": {
        "type": "Point",
        "coordinates": [
          128.485988,
          35.8577228
        ]
      },
      "properties": {
        "osm_type": "way",
        "osm_id": 1447419922,
        "sido": "대구광역시",
        "name": "",
        "name_en": "",
        "substation_type": "",
        "voltage": "",
        "frequency": "",
        "operator": "",
        "location": ""
      }
    },
    {
      "type": "Feature",
      "geometry": {
        "type": "Point",
        "coordinates": [
          127.4391924,
          36.3235269
        ]
      },
      "properties": {
        "osm_type": "node",
        "osm_id": 12090067125,
        "sido": "대전광역시",
        "name": "동대전변전소",
        "name_en": "",
        "substation_type": "",
        "voltage": "154000",
        "frequency": "",
        "operator": "",
        "location": "underground"
      }
    },
    {
      "type": "Feature",
      "geometry": {
        "type": "Point",
        "coordinates": [
          127.3155231,
          36.3796007
        ]
      },
      "properties": {
        "osm_type": "way",
        "osm_id": 148847549,
        "sido": "대전광역시",
        "name": "유성변전소",
        "name_en": "Yuseong Substation",
        "substation_type": "distribution",
        "voltage": "154000",
        "frequency": "60",
        "operator": "",
        "location": "indoor"
      }
    },
    {
      "type": "Feature",
      "geometry": {
        "type": "Point",
        "coordinates": [
          127.3803411,
          36.4214145
        ]
      },
      "properties": {
        "osm_type": "way",
        "osm_id": 312319420,
        "sido": "대전광역시",
        "name": "덕진변전소",
        "name_en": "Deokjin Substation",
        "substation_type": "distribution",
        "voltage": "154000",
        "frequency": "60",
        "operator": "",
        "location": "outdoor"
      }
    },
    {
      "type": "Feature",
      "geometry": {
        "type": "Point",
        "coordinates": [
          127.4586312,
          36.3426381
        ]
      },
      "properties": {
        "osm_type": "way",
        "osm_id": 312319435,
        "sido": "대전광역시",
        "name": "용운변전소",
        "name_en": "Yongun Substation",
        "substation_type": "distribution",
        "voltage": "154000",
        "frequency": "60",
        "operator": "",
        "location": "indoor"
      }
    },
    {
      "type": "Feature",
      "geometry": {
        "type": "Point",
        "coordinates": [
          127.3779711,
          36.3799054
        ]
      },
      "properties": {
        "osm_type": "way",
        "osm_id": 312319436,
        "sido": "대전광역시",
        "name": "대덕변전소",
        "name_en": "Daedeok Substation",
        "substation_type": "distribution",
        "voltage": "154000",
        "frequency": "60",
        "operator": "",
        "location": "indoor"
      }
    },
    {
      "type": "Feature",
      "geometry": {
        "type": "Point",
        "coordinates": [
          127.3360126,
          36.2984988
        ]
      },
      "properties": {
        "osm_type": "way",
        "osm_id": 617558713,
        "sido": "대전광역시",
        "name": "가수원변전소",
        "name_en": "",
        "substation_type": "distribution",
        "voltage": "154000",
        "frequency": "60",
        "operator": "",
        "location": "indoor"
      }
    },
    {
      "type": "Feature",
      "geometry": {
        "type": "Point",
        "coordinates": [
          127.3911212,
          36.3175057
        ]
      },
      "properties": {
        "osm_type": "way",
        "osm_id": 754127178,
        "sido": "대전광역시",
        "name": "유천변전소",
        "name_en": "",
        "substation_type": "distribution",
        "voltage": "154000",
        "frequency": "60",
        "operator": "",
        "location": "indoor"
      }
    },
    {
      "type": "Feature",
      "geometry": {
        "type": "Point",
        "coordinates": [
          127.396172,
          36.4263402
        ]
      },
      "properties": {
        "osm_type": "way",
        "osm_id": 888332863,
        "sido": "대전광역시",
        "name": "송강변전소",
        "name_en": "",
        "substation_type": "distribution",
        "voltage": "154000",
        "frequency": "60",
        "operator": "",
        "location": "indoor"
      }
    },
    {
      "type": "Feature",
      "geometry": {
        "type": "Point",
        "coordinates": [
          127.3725019,
          36.3278274
        ]
      },
      "properties": {
        "osm_type": "way",
        "osm_id": 890587111,
        "sido": "대전광역시",
        "name": "서대전변전소",
        "name_en": "East-Daejeon Substation",
        "substation_type": "distribution",
        "voltage": "154000",
        "frequency": "60",
        "operator": "",
        "location": "indoor"
      }
    },
    {
      "type": "Feature",
      "geometry": {
        "type": "Point",
        "coordinates": [
          127.4548071,
          36.3039157
        ]
      },
      "properties": {
        "osm_type": "way",
        "osm_id": 890587112,
        "sido": "대전광역시",
        "name": "남대전변전소",
        "name_en": "South-Daejeon Substation",
        "substation_type": "distribution",
        "voltage": "154000",
        "frequency": "60",
        "operator": "",
        "location": "indoor"
      }
    },
    {
      "type": "Feature",
      "geometry": {
        "type": "Point",
        "coordinates": [
          127.4015972,
          36.4400446
        ]
      },
      "properties": {
        "osm_type": "way",
        "osm_id": 894528095,
        "sido": "대전광역시",
        "name": "신일변전소",
        "name_en": "",
        "substation_type": "distribution",
        "voltage": "154000",
        "frequency": "60",
        "operator": "",
        "location": "indoor"
      }
    },
    {
      "type": "Feature",
      "geometry": {
        "type": "Point",
        "coordinates": [
          127.3770915,
          36.3566673
        ]
      },
      "properties": {
        "osm_type": "way",
        "osm_id": 894528096,
        "sido": "대전광역시",
        "name": "둔산변전소",
        "name_en": "",
        "substation_type": "distribution",
        "voltage": "154000",
        "frequency": "60",
        "operator": "",
        "location": "indoor"
      }
    },
    {
      "type": "Feature",
      "geometry": {
        "type": "Point",
        "coordinates": [
          127.4149235,
          36.374836
        ]
      },
      "properties": {
        "osm_type": "way",
        "osm_id": 894528097,
        "sido": "대전광역시",
        "name": "대화변전소",
        "name_en": "Daehwa Substation",
        "substation_type": "distribution",
        "voltage": "154000",
        "frequency": "60",
        "operator": "",
        "location": "indoor"
      }
    },
    {
      "type": "Feature",
      "geometry": {
        "type": "Point",
        "coordinates": [
          127.4407236,
          36.3230969
        ]
      },
      "properties": {
        "osm_type": "way",
        "osm_id": 894736437,
        "sido": "대전광역시",
        "name": "신흥변전소",
        "name_en": "",
        "substation_type": "distribution",
        "voltage": "154000",
        "frequency": "60",
        "operator": "",
        "location": "indoor"
      }
    },
    {
      "type": "Feature",
      "geometry": {
        "type": "Point",
        "coordinates": [
          127.4348389,
          36.4448436
        ]
      },
      "properties": {
        "osm_type": "way",
        "osm_id": 894736439,
        "sido": "대전광역시",
        "name": "신탄진변전소",
        "name_en": "Shin-Tanjin Substation",
        "substation_type": "distribution",
        "voltage": "154000",
        "frequency": "60",
        "operator": "",
        "location": "outdoor"
      }
    },
    {
      "type": "Feature",
      "geometry": {
        "type": "Point",
        "coordinates": [
          127.416894,
          36.3553502
        ]
      },
      "properties": {
        "osm_type": "way",
        "osm_id": 1193544271,
        "sido": "대전광역시",
        "name": "",
        "name_en": "",
        "substation_type": "traction",
        "voltage": "55000;27500",
        "frequency": "",
        "operator": "",
        "location": ""
      }
    },
    {
      "type": "Feature",
      "geometry": {
        "type": "Point",
        "coordinates": [
          127.3959709,
          36.3086757
        ]
      },
      "properties": {
        "osm_type": "way",
        "osm_id": 1193544272,
        "sido": "대전광역시",
        "name": "",
        "name_en": "",
        "substation_type": "traction",
        "voltage": "55000;27500",
        "frequency": "",
        "operator": "",
        "location": ""
      }
    },
    {
      "type": "Feature",
      "geometry": {
        "type": "Point",
        "coordinates": [
          127.4269819,
          36.4377885
        ]
      },
      "properties": {
        "osm_type": "way",
        "osm_id": 1193850048,
        "sido": "대전광역시",
        "name": "",
        "name_en": "",
        "substation_type": "traction",
        "voltage": "55000;27500",
        "frequency": "",
        "operator": "",
        "location": ""
      }
    },
    {
      "type": "Feature",
      "geometry": {
        "type": "Point",
        "coordinates": [
          127.4147713,
          36.398336
        ]
      },
      "properties": {
        "osm_type": "way",
        "osm_id": 1193850049,
        "sido": "대전광역시",
        "name": "",
        "name_en": "",
        "substation_type": "traction",
        "voltage": "55000;27500",
        "frequency": "",
        "operator": "",
        "location": ""
      }
    },
    {
      "type": "Feature",
      "geometry": {
        "type": "Point",
        "coordinates": [
          127.461028,
          36.3138305
        ]
      },
      "properties": {
        "osm_type": "way",
        "osm_id": 1195121224,
        "sido": "대전광역시",
        "name": "",
        "name_en": "",
        "substation_type": "traction",
        "voltage": "55000;27500",
        "frequency": "",
        "operator": "",
        "location": ""
      }
    },
    {
      "type": "Feature",
      "geometry": {
        "type": "Point",
        "coordinates": [
          127.49532,
          36.3388871
        ]
      },
      "properties": {
        "osm_type": "way",
        "osm_id": 1195121225,
        "sido": "대전광역시",
        "name": "",
        "name_en": "",
        "substation_type": "traction",
        "voltage": "55000;27500",
        "frequency": "",
        "operator": "",
        "location": ""
      }
    },
    {
      "type": "Feature",
      "geometry": {
        "type": "Point",
        "coordinates": [
          127.4159743,
          36.4286437
        ]
      },
      "properties": {
        "osm_type": "way",
        "osm_id": 1196122078,
        "sido": "대전광역시",
        "name": "",
        "name_en": "",
        "substation_type": "traction",
        "voltage": "55000;27500",
        "frequency": "",
        "operator": "",
        "location": ""
      }
    },
    {
      "type": "Feature",
      "geometry": {
        "type": "Point",
        "coordinates": [
          127.3508491,
          36.4460906
        ]
      },
      "properties": {
        "osm_type": "way",
        "osm_id": 1432641512,
        "sido": "대전광역시",
        "name": "",
        "name_en": "",
        "substation_type": "",
        "voltage": "154000",
        "frequency": "60",
        "operator": "",
        "location": "indoor"
      }
    },
    {
      "type": "Feature",
      "geometry": {
        "type": "Point",
        "coordinates": [
          127.0808796,
          37.2537548
        ]
      },
      "properties": {
        "osm_type": "node",
        "osm_id": 7741147692,
        "sido": "경기도",
        "name": "",
        "name_en": "",
        "substation_type": "",
        "voltage": "",
        "frequency": "",
        "operator": "",
        "location": ""
      }
    },
    {
      "type": "Feature",
      "geometry": {
        "type": "Point",
        "coordinates": [
          126.7635855,
          37.5233853
        ]
      },
      "properties": {
        "osm_type": "node",
        "osm_id": 10123672299,
        "sido": "경기도",
        "name": "중동변전소",
        "name_en": "Jungdong Substation",
        "substation_type": "generation",
        "voltage": "154000",
        "frequency": "",
        "operator": "",
        "location": ""
      }
    },
    {
      "type": "Feature",
      "geometry": {
        "type": "Point",
        "coordinates": [
          127.1669263,
          37.5100065
        ]
      },
      "properties": {
        "osm_type": "node",
        "osm_id": 13159017951,
        "sido": "경기도",
        "name": "동서울 변전소",
        "name_en": "",
        "substation_type": "transmission",
        "voltage": "",
        "frequency": "",
        "operator": "한국전력공사",
        "location": ""
      }
    },
    {
      "type": "Feature",
      "geometry": {
        "type": "Point",
        "coordinates": [
          126.8389724,
          36.9915769
        ]
      },
      "properties": {
        "osm_type": "way",
        "osm_id": 126171813,
        "sido": "경기도",
        "name": "원정변전소",
        "name_en": "Wonjeong Substation",
        "substation_type": "distribution",
        "voltage": "154000",
        "frequency": "60",
        "operator": "",
        "location": "indoor"
      }
    },
    {
      "type": "Feature",
      "geometry": {
        "type": "Point",
        "coordinates": [
          127.0867419,
          37.2745542
        ]
      },
      "properties": {
        "osm_type": "way",
        "osm_id": 171347342,
        "sido": "경기도",
        "name": "흥덕변전소",
        "name_en": "",
        "substation_type": "distribution",
        "voltage": "154000",
        "frequency": "60",
        "operator": "",
        "location": "indoor"
      }
    },
    {
      "type": "Feature",
      "geometry": {
        "type": "Point",
        "coordinates": [
          127.0846473,
          37.2693484
        ]
      },
      "properties": {
        "osm_type": "way",
        "osm_id": 171351984,
        "sido": "경기도",
        "name": "신갈변전소",
        "name_en": "Shin-Galbyeon Substation",
        "substation_type": "distribution",
        "voltage": "154000",
        "frequency": "60",
        "operator": "",
        "location": "indoor"
      }
    },
    {
      "type": "Feature",
      "geometry": {
        "type": "Point",
        "coordinates": [
          127.1462873,
          37.2425706
        ]
      },
      "properties": {
        "osm_type": "way",
        "osm_id": 198717854,
        "sido": "경기도",
        "name": "신용인변전소",
        "name_en": "Shin-Yongin Substation",
        "substation_type": "transmission",
        "voltage": "345000",
        "frequency": "",
        "operator": "",
        "location": "outdoor"
      }
    },
    {
      "type": "Feature",
      "geometry": {
        "type": "Point",
        "coordinates": [
          127.2812815,
          37.0978337
        ]
      },
      "properties": {
        "osm_type": "way",
        "osm_id": 199954117,
        "sido": "경기도",
        "name": "신안성변전소",
        "name_en": "Shin-Anseong Substation",
        "substation_type": "transmission",
        "voltage": "765000",
        "frequency": "60",
        "operator": "",
        "location": "outdoor"
      }
    },
    {
      "type": "Feature",
      "geometry": {
        "type": "Point",
        "coordinates": [
          127.002709,
          37.4260643
        ]
      },
      "properties": {
        "osm_type": "way",
        "osm_id": 307934516,
        "sido": "경기도",
        "name": "과천변전소",
        "name_en": "Gwacheon Substation",
        "substation_type": "distribution",
        "voltage": "154000",
        "frequency": "60",
        "operator": "",
        "location": "outdoor"
      }
    },
    {
      "type": "Feature",
      "geometry": {
        "type": "Point",
        "coordinates": [
          127.0527705,
          37.3826709
        ]
      },
      "properties": {
        "osm_type": "way",
        "osm_id": 307934520,
        "sido": "경기도",
        "name": "신성남 변전소",
        "name_en": "Shin-Seongnam Substation",
        "substation_type": "transmission",
        "voltage": "345000",
        "frequency": "60",
        "operator": "한국전력공사 성남전력지사",
        "location": "outdoor"
      }
    },
    {
      "type": "Feature",
      "geometry": {
        "type": "Point",
        "coordinates": [
          126.84856,
          37.4584818
        ]
      },
      "properties": {
        "osm_type": "way",
        "osm_id": 308711344,
        "sido": "경기도",
        "name": "신광명변전소",
        "name_en": "Shin-Gwangmyeong Substation",
        "substation_type": "transmission",
        "voltage": "345000",
        "frequency": "60",
        "operator": "",
        "location": "outdoor"
      }
    },
    {
      "type": "Feature",
      "geometry": {
        "type": "Point",
        "coordinates": [
          127.0775581,
          37.2216094
        ]
      },
      "properties": {
        "osm_type": "way",
        "osm_id": 308711345,
        "sido": "경기도",
        "name": "신수원변전소",
        "name_en": "Shin-Suwon Substation",
        "substation_type": "transmission",
        "voltage": "345000",
        "frequency": "60",
        "operator": "한국전력공사",
        "location": ""
      }
    },
    {
      "type": "Feature",
      "geometry": {
        "type": "Point",
        "coordinates": [
          127.2448945,
          37.0207391
        ]
      },
      "properties": {
        "osm_type": "way",
        "osm_id": 308953834,
        "sido": "경기도",
        "name": "안성변전소",
        "name_en": "Anseong Substation",
        "substation_type": "transmission",
        "voltage": "345000",
        "frequency": "60",
        "operator": "",
        "location": "outdoor"
      }
    },
    {
      "type": "Feature",
      "geometry": {
        "type": "Point",
        "coordinates": [
          127.2083166,
          37.2251318
        ]
      },
      "properties": {
        "osm_type": "way",
        "osm_id": 310421551,
        "sido": "경기도",
        "name": "용인변전소",
        "name_en": "Yongin Substation",
        "substation_type": "distribution",
        "voltage": "154000",
        "frequency": "60",
        "operator": "",
        "location": "outdoor"
      }
    },
    {
      "type": "Feature",
      "geometry": {
        "type": "Point",
        "coordinates": [
          126.9165567,
          37.3102052
        ]
      },
      "properties": {
        "osm_type": "way",
        "osm_id": 310421552,
        "sido": "경기도",
        "name": "서서울변전소",
        "name_en": "West Seoul Substation",
        "substation_type": "transmission",
        "voltage": "345000",
        "frequency": "60",
        "operator": "",
        "location": "outdoor"
      }
    },
    {
      "type": "Feature",
      "geometry": {
        "type": "Point",
        "coordinates": [
          126.8881578,
          37.1392273
        ]
      },
      "properties": {
        "osm_type": "way",
        "osm_id": 310421596,
        "sido": "경기도",
        "name": "화성변전소",
        "name_en": "Hwaseong Substation",
        "substation_type": "transmission",
        "voltage": "345000",
        "frequency": "60",
        "operator": "",
        "location": "outdoor"
      }
    },
    {
      "type": "Feature",
      "geometry": {
        "type": "Point",
        "coordinates": [
          126.7618486,
          37.3619919
        ]
      },
      "properties": {
        "osm_type": "way",
        "osm_id": 310421666,
        "sido": "경기도",
        "name": "신시흥변전소",
        "name_en": "New Siheung Substation",
        "substation_type": "transmission",
        "voltage": "345000",
        "frequency": "60",
        "operator": "",
        "location": "outdoor"
      }
    },
    {
      "type": "Feature",
      "geometry": {
        "type": "Point",
        "coordinates": [
          127.1627882,
          37.4263627
        ]
      },
      "properties": {
        "osm_type": "way",
        "osm_id": 310928459,
        "sido": "경기도",
        "name": "성현변전소",
        "name_en": "Seonghyun Substation",
        "substation_type": "distribution",
        "voltage": "154000",
        "frequency": "60",
        "operator": "",
        "location": "indoor"
      }
    },
    {
      "type": "Feature",
      "geometry": {
        "type": "Point",
        "coordinates": [
          127.1676334,
          37.5111249
        ]
      },
      "properties": {
        "osm_type": "way",
        "osm_id": 310943500,
        "sido": "경기도",
        "name": "동서울 변전소",
        "name_en": "East Seoul Substation",
        "substation_type": "transmission",
        "voltage": "345000",
        "frequency": "60",
        "operator": "한국전력공사",
        "location": "outdoor"
      }
    },
    {
      "type": "Feature",
      "geometry": {
        "type": "Point",
        "coordinates": [
          127.1830164,
          37.5962206
        ]
      },
      "properties": {
        "osm_type": "way",
        "osm_id": 310961238,
        "sido": "경기도",
        "name": "미금변전소",
        "name_en": "Migeum Substation",
        "substation_type": "transmission",
        "voltage": "345000",
        "frequency": "60",
        "operator": "",
        "location": "outdoor"
      }
    },
    {
      "type": "Feature",
      "geometry": {
        "type": "Point",
        "coordinates": [
          126.9202053,
          37.6842094
        ]
      },
      "properties": {
        "osm_type": "way",
        "osm_id": 310963709,
        "sido": "경기도",
        "name": "양주변전소",
        "name_en": "Yangju Substation",
        "substation_type": "transmission",
        "voltage": "345000",
        "frequency": "60",
        "operator": "",
        "location": "outdoor"
      }
    },
    {
      "type": "Feature",
      "geometry": {
        "type": "Point",
        "coordinates": [
          127.0574592,
          37.8830803
        ]
      },
      "properties": {
        "osm_type": "way",
        "osm_id": 311093809,
        "sido": "경기도",
        "name": "동두천변전소",
        "name_en": "",
        "substation_type": "distribution",
        "voltage": "154000",
        "frequency": "60",
        "operator": "",
        "location": "outdoor"
      }
    },
    {
      "type": "Feature",
      "geometry": {
        "type": "Point",
        "coordinates": [
          127.0514252,
          37.8288505
        ]
      },
      "properties": {
        "osm_type": "way",
        "osm_id": 311093815,
        "sido": "경기도",
        "name": "덕계변전소",
        "name_en": "Deokgye Substation",
        "substation_type": "distribution",
        "voltage": "154000",
        "frequency": "60",
        "operator": "",
        "location": "indoor"
      }
    },
    {
      "type": "Feature",
      "geometry": {
        "type": "Point",
        "coordinates": [
          127.0180673,
          37.7564115
        ]
      },
      "properties": {
        "osm_type": "way",
        "osm_id": 311093820,
        "sido": "경기도",
        "name": "녹양변전소",
        "name_en": "Nogyang Substation",
        "substation_type": "distribution",
        "voltage": "154000",
        "frequency": "60",
        "operator": "한국전력공사",
        "location": "indoor"
      }
    },
    {
      "type": "Feature",
      "geometry": {
        "type": "Point",
        "coordinates": [
          127.5031017,
          37.616536
        ]
      },
      "properties": {
        "osm_type": "way",
        "osm_id": 311103172,
        "sido": "경기도",
        "name": "신가평변전소",
        "name_en": "Shin-Gapyeong Substation",
        "substation_type": "transmission",
        "voltage": "765000",
        "frequency": "60",
        "operator": "",
        "location": "outdoor"
      }
    },
    {
      "type": "Feature",
      "geometry": {
        "type": "Point",
        "coordinates": [
          127.2739371,
          38.0555781
        ]
      },
      "properties": {
        "osm_type": "way",
        "osm_id": 311144493,
        "sido": "경기도",
        "name": "운천변전소",
        "name_en": "Uncheon Substation",
        "substation_type": "distribution",
        "voltage": "154000",
        "frequency": "60",
        "operator": "한국전력공사",
        "location": "indoor"
      }
    },
    {
      "type": "Feature",
      "geometry": {
        "type": "Point",
        "coordinates": [
          127.2192871,
          37.5921844
        ]
      },
      "properties": {
        "osm_type": "way",
        "osm_id": 312151272,
        "sido": "경기도",
        "name": "",
        "name_en": "",
        "substation_type": "distribution",
        "voltage": "154000",
        "frequency": "60",
        "operator": "",
        "location": "outdoor"
      }
    },
    {
      "type": "Feature",
      "geometry": {
        "type": "Point",
        "coordinates": [
          127.336686,
          37.3714195
        ]
      },
      "properties": {
        "osm_type": "way",
        "osm_id": 312153485,
        "sido": "경기도",
        "name": "곤지암변전소",
        "name_en": "Gonjiam Substation",
        "substation_type": "transmission",
        "voltage": "345000",
        "frequency": "60",
        "operator": "",
        "location": "outdoor"
      }
    },
    {
      "type": "Feature",
      "geometry": {
        "type": "Point",
        "coordinates": [
          127.055058,
          37.6971762
        ]
      },
      "properties": {
        "osm_type": "way",
        "osm_id": 312297552,
        "sido": "경기도",
        "name": "도봉변전소",
        "name_en": "Dobong Substation",
        "substation_type": "distribution",
        "voltage": "154000",
        "frequency": "60",
        "operator": "한국전력공사",
        "location": "outdoor"
      }
    },
    {
      "type": "Feature",
      "geometry": {
        "type": "Point",
        "coordinates": [
          126.7711802,
          37.7398705
        ]
      },
      "properties": {
        "osm_type": "way",
        "osm_id": 312297594,
        "sido": "경기도",
        "name": "신파주변전소",
        "name_en": "Shin-Paju Substation",
        "substation_type": "transmission",
        "voltage": "345000",
        "frequency": "60",
        "operator": "한국전력공사",
        "location": "indoor"
      }
    },
    {
      "type": "Feature",
      "geometry": {
        "type": "Point",
        "coordinates": [
          126.7675705,
          37.8053503
        ]
      },
      "properties": {
        "osm_type": "way",
        "osm_id": 312297598,
        "sido": "경기도",
        "name": "신덕은변전소",
        "name_en": "Shin-Deokeun Substation",
        "substation_type": "transmission",
        "voltage": "345000",
        "frequency": "60",
        "operator": "한국전력공사",
        "location": "indoor"
      }
    },
    {
      "type": "Feature",
      "geometry": {
        "type": "Point",
        "coordinates": [
          126.9972391,
          37.8097093
        ]
      },
      "properties": {
        "osm_type": "way",
        "osm_id": 312297599,
        "sido": "경기도",
        "name": "백석변전소",
        "name_en": "Baekseok Substation",
        "substation_type": "distribution",
        "voltage": "154000",
        "frequency": "60",
        "operator": "한국전력공사",
        "location": "indoor"
      }
    },
    {
      "type": "Feature",
      "geometry": {
        "type": "Point",
        "coordinates": [
          126.8141243,
          37.7663794
        ]
      },
      "properties": {
        "osm_type": "way",
        "osm_id": 312297600,
        "sido": "경기도",
        "name": "금촌변전소",
        "name_en": "Geumchon Substation",
        "substation_type": "distribution",
        "voltage": "154000",
        "frequency": "60",
        "operator": "한국전력공사",
        "location": "indoor"
      }
    },
    {
      "type": "Feature",
      "geometry": {
        "type": "Point",
        "coordinates": [
          126.9630696,
          37.2920338
        ]
      },
      "properties": {
        "osm_type": "way",
        "osm_id": 312319351,
        "sido": "경기도",
        "name": "서수원변전소",
        "name_en": "Seosu Substation",
        "substation_type": "distribution",
        "voltage": "154000",
        "frequency": "60",
        "operator": "",
        "location": "outdoor"
      }
    },
    {
      "type": "Feature",
      "geometry": {
        "type": "Point",
        "coordinates": [
          126.8871388,
          37.4449172
        ]
      },
      "properties": {
        "osm_type": "way",
        "osm_id": 312319393,
        "sido": "경기도",
        "name": "",
        "name_en": "",
        "substation_type": "transition",
        "voltage": "154000",
        "frequency": "60",
        "operator": "",
        "location": "outdoor"
      }
    },
    {
      "type": "Feature",
      "geometry": {
        "type": "Point",
        "coordinates": [
          126.9882293,
          37.3969748
        ]
      },
      "properties": {
        "osm_type": "way",
        "osm_id": 312319401,
        "sido": "경기도",
        "name": "",
        "name_en": "",
        "substation_type": "transition",
        "voltage": "",
        "frequency": "",
        "operator": "",
        "location": "outdoor"
      }
    },
    {
      "type": "Feature",
      "geometry": {
        "type": "Point",
        "coordinates": [
          127.1618465,
          37.9509321
        ]
      },
      "properties": {
        "osm_type": "way",
        "osm_id": 312392026,
        "sido": "경기도",
        "name": "신포천변전소",
        "name_en": "Shin-Pocheon Substation",
        "substation_type": "transmission",
        "voltage": "345000",
        "frequency": "60",
        "operator": "",
        "location": "outdoor"
      }
    },
    {
      "type": "Feature",
      "geometry": {
        "type": "Point",
        "coordinates": [
          127.346554,
          37.6569311
        ]
      },
      "properties": {
        "osm_type": "way",
        "osm_id": 312399504,
        "sido": "경기도",
        "name": "마석변전소",
        "name_en": "Maseok Substation",
        "substation_type": "distribution",
        "voltage": "154000",
        "frequency": "60",
        "operator": "한국전력공사",
        "location": "indoor"
      }
    },
    {
      "type": "Feature",
      "geometry": {
        "type": "Point",
        "coordinates": [
          126.8968406,
          37.5954895
        ]
      },
      "properties": {
        "osm_type": "way",
        "osm_id": 312895019,
        "sido": "경기도",
        "name": "",
        "name_en": "",
        "substation_type": "transition",
        "voltage": "345000",
        "frequency": "60",
        "operator": "",
        "location": "outdoor"
      }
    },
    {
      "type": "Feature",
      "geometry": {
        "type": "Point",
        "coordinates": [
          127.0474028,
          37.1454375
        ]
      },
      "properties": {
        "osm_type": "way",
        "osm_id": 313247871,
        "sido": "경기도",
        "name": "오산변전소",
        "name_en": "Osan Substation",
        "substation_type": "distribution",
        "voltage": "154000",
        "frequency": "60",
        "operator": "",
        "location": "underground"
      }
    },
    {
      "type": "Feature",
      "geometry": {
        "type": "Point",
        "coordinates": [
          127.0210888,
          37.0303415
        ]
      },
      "properties": {
        "osm_type": "way",
        "osm_id": 313247872,
        "sido": "경기도",
        "name": "평택변전소",
        "name_en": "Pyeongtaek Substation",
        "substation_type": "transmission",
        "voltage": "154000",
        "frequency": "60",
        "operator": "",
        "location": "outdoor"
      }
    },
    {
      "type": "Feature",
      "geometry": {
        "type": "Point",
        "coordinates": [
          127.0771911,
          36.9609535
        ]
      },
      "properties": {
        "osm_type": "way",
        "osm_id": 313247877,
        "sido": "경기도",
        "name": "추팔변전소",
        "name_en": "Chupal Substation",
        "substation_type": "distribution",
        "voltage": "154000",
        "frequency": "60",
        "operator": "",
        "location": "indoor"
      }
    },
    {
      "type": "Feature",
      "geometry": {
        "type": "Point",
        "coordinates": [
          127.0893739,
          37.0305735
        ]
      },
      "properties": {
        "osm_type": "way",
        "osm_id": 313247878,
        "sido": "경기도",
        "name": "송탄변전소",
        "name_en": "Songtan Substation",
        "substation_type": "distribution",
        "voltage": "154000",
        "frequency": "60",
        "operator": "",
        "location": "indoor"
      }
    },
    {
      "type": "Feature",
      "geometry": {
        "type": "Point",
        "coordinates": [
          126.7471238,
          37.3242551
        ]
      },
      "properties": {
        "osm_type": "way",
        "osm_id": 313264817,
        "sido": "경기도",
        "name": "시화변전소",
        "name_en": "Shihwa Substation",
        "substation_type": "distribution",
        "voltage": "154000",
        "frequency": "60",
        "operator": "",
        "location": "indoor"
      }
    },
    {
      "type": "Feature",
      "geometry": {
        "type": "Point",
        "coordinates": [
          127.0626467,
          37.244943
        ]
      },
      "properties": {
        "osm_type": "way",
        "osm_id": 313264819,
        "sido": "경기도",
        "name": "",
        "name_en": "",
        "substation_type": "",
        "voltage": "",
        "frequency": "",
        "operator": "",
        "location": ""
      }
    },
    {
      "type": "Feature",
      "geometry": {
        "type": "Point",
        "coordinates": [
          127.08593,
          37.1205958
        ]
      },
      "properties": {
        "osm_type": "way",
        "osm_id": 313264820,
        "sido": "경기도",
        "name": "진위변전소",
        "name_en": "Jinui Substation",
        "substation_type": "distribution",
        "voltage": "154000",
        "frequency": "60",
        "operator": "",
        "location": "indoor"
      }
    },
    {
      "type": "Feature",
      "geometry": {
        "type": "Point",
        "coordinates": [
          126.781952,
          37.3260234
        ]
      },
      "properties": {
        "osm_type": "way",
        "osm_id": 313264822,
        "sido": "경기도",
        "name": "반월변전소",
        "name_en": "Banwol Substation",
        "substation_type": "distribution",
        "voltage": "154000",
        "frequency": "60",
        "operator": "",
        "location": "outdoor"
      }
    },
    {
      "type": "Feature",
      "geometry": {
        "type": "Point",
        "coordinates": [
          127.2708907,
          36.9737323
        ]
      },
      "properties": {
        "osm_type": "way",
        "osm_id": 313264824,
        "sido": "경기도",
        "name": "서운변전소",
        "name_en": "",
        "substation_type": "distribution",
        "voltage": "154000",
        "frequency": "60",
        "operator": "",
        "location": "indoor"
      }
    },
    {
      "type": "Feature",
      "geometry": {
        "type": "Point",
        "coordinates": [
          126.9733516,
          37.3817584
        ]
      },
      "properties": {
        "osm_type": "way",
        "osm_id": 340281093,
        "sido": "경기도",
        "name": "동안양변전소",
        "name_en": "East-Anyang Substation",
        "substation_type": "distribution",
        "voltage": "154000",
        "frequency": "60",
        "operator": "한국전력공사",
        "location": "outdoor"
      }
    },
    {
      "type": "Feature",
      "geometry": {
        "type": "Point",
        "coordinates": [
          127.0837385,
          37.3182439
        ]
      },
      "properties": {
        "osm_type": "way",
        "osm_id": 366091102,
        "sido": "경기도",
        "name": "수지변전소",
        "name_en": "",
        "substation_type": "distribution",
        "voltage": "154000",
        "frequency": "60",
        "operator": "",
        "location": "indoor"
      }
    },
    {
      "type": "Feature",
      "geometry": {
        "type": "Point",
        "coordinates": [
          126.894412,
          36.9881536
        ]
      },
      "properties": {
        "osm_type": "way",
        "osm_id": 371952360,
        "sido": "경기도",
        "name": "포승변전소",
        "name_en": "Poseung Substation",
        "substation_type": "distribution",
        "voltage": "154000",
        "frequency": "60",
        "operator": "",
        "location": "indoor"
      }
    },
    {
      "type": "Feature",
      "geometry": {
        "type": "Point",
        "coordinates": [
          127.1445683,
          37.506086
        ]
      },
      "properties": {
        "osm_type": "way",
        "osm_id": 373570009,
        "sido": "경기도",
        "name": "",
        "name_en": "",
        "substation_type": "transition",
        "voltage": "",
        "frequency": "",
        "operator": "",
        "location": "outdoor"
      }
    },
    {
      "type": "Feature",
      "geometry": {
        "type": "Point",
        "coordinates": [
          127.1565394,
          37.4088002
        ]
      },
      "properties": {
        "osm_type": "way",
        "osm_id": 426458235,
        "sido": "경기도",
        "name": "야탑변전소",
        "name_en": "Yatap Substation",
        "substation_type": "distribution",
        "voltage": "154000",
        "frequency": "60",
        "operator": "",
        "location": "indoor"
      }
    },
    {
      "type": "Feature",
      "geometry": {
        "type": "Point",
        "coordinates": [
          127.6404428,
          37.2802858
        ]
      },
      "properties": {
        "osm_type": "way",
        "osm_id": 447002518,
        "sido": "경기도",
        "name": "여주변전소",
        "name_en": "Yeoju Substation",
        "substation_type": "distribution",
        "voltage": "154000",
        "frequency": "60",
        "operator": "한국전력공사",
        "location": "outdoor"
      }
    },
    {
      "type": "Feature",
      "geometry": {
        "type": "Point",
        "coordinates": [
          127.5922623,
          37.2457742
        ]
      },
      "properties": {
        "osm_type": "way",
        "osm_id": 452257212,
        "sido": "경기도",
        "name": "가남변전소",
        "name_en": "Ganam Substation",
        "substation_type": "distribution",
        "voltage": "154000",
        "frequency": "60",
        "operator": "",
        "location": "outdoor"
      }
    },
    {
      "type": "Feature",
      "geometry": {
        "type": "Point",
        "coordinates": [
          127.1135614,
          37.6315908
        ]
      },
      "properties": {
        "osm_type": "way",
        "osm_id": 456603893,
        "sido": "경기도",
        "name": "",
        "name_en": "",
        "substation_type": "",
        "voltage": "",
        "frequency": "",
        "operator": "",
        "location": ""
      }
    },
    {
      "type": "Feature",
      "geometry": {
        "type": "Point",
        "coordinates": [
          127.1048909,
          37.3466844
        ]
      },
      "properties": {
        "osm_type": "way",
        "osm_id": 466385763,
        "sido": "경기도",
        "name": "",
        "name_en": "",
        "substation_type": "",
        "voltage": "",
        "frequency": "",
        "operator": "",
        "location": ""
      }
    },
    {
      "type": "Feature",
      "geometry": {
        "type": "Point",
        "coordinates": [
          127.3025387,
          37.662458
        ]
      },
      "properties": {
        "osm_type": "way",
        "osm_id": 469349070,
        "sido": "경기도",
        "name": "변전소 1",
        "name_en": "",
        "substation_type": "",
        "voltage": "",
        "frequency": "",
        "operator": "",
        "location": ""
      }
    },
    {
      "type": "Feature",
      "geometry": {
        "type": "Point",
        "coordinates": [
          126.8709621,
          37.6371415
        ]
      },
      "properties": {
        "osm_type": "way",
        "osm_id": 470134449,
        "sido": "경기도",
        "name": "원흥변전소",
        "name_en": "Wonheung Substation",
        "substation_type": "distribution",
        "voltage": "154000",
        "frequency": "",
        "operator": "한국전력공사",
        "location": "indoor"
      }
    },
    {
      "type": "Feature",
      "geometry": {
        "type": "Point",
        "coordinates": [
          127.1545682,
          37.461456
        ]
      },
      "properties": {
        "osm_type": "way",
        "osm_id": 471125532,
        "sido": "경기도",
        "name": "산성변전소",
        "name_en": "Sansung Substation",
        "substation_type": "distribution",
        "voltage": "154000",
        "frequency": "60",
        "operator": "한국전력공사",
        "location": "outdoor"
      }
    },
    {
      "type": "Feature",
      "geometry": {
        "type": "Point",
        "coordinates": [
          127.0365623,
          37.2011723
        ]
      },
      "properties": {
        "osm_type": "way",
        "osm_id": 473038782,
        "sido": "경기도",
        "name": "",
        "name_en": "",
        "substation_type": "traction",
        "voltage": "55000;27500",
        "frequency": "",
        "operator": "",
        "location": ""
      }
    },
    {
      "type": "Feature",
      "geometry": {
        "type": "Point",
        "coordinates": [
          126.9240221,
          37.3570418
        ]
      },
      "properties": {
        "osm_type": "way",
        "osm_id": 473966990,
        "sido": "경기도",
        "name": "산본변전소",
        "name_en": "Sanbon Substation",
        "substation_type": "distribution",
        "voltage": "154000",
        "frequency": "60",
        "operator": "한국전력",
        "location": "indoor"
      }
    },
    {
      "type": "Feature",
      "geometry": {
        "type": "Point",
        "coordinates": [
          126.7325362,
          37.368376
        ]
      },
      "properties": {
        "osm_type": "way",
        "osm_id": 474783564,
        "sido": "경기도",
        "name": "정왕변전소",
        "name_en": "",
        "substation_type": "distribution",
        "voltage": "154000",
        "frequency": "60",
        "operator": "",
        "location": "indoor"
      }
    },
    {
      "type": "Feature",
      "geometry": {
        "type": "Point",
        "coordinates": [
          126.8428859,
          37.6186048
        ]
      },
      "properties": {
        "osm_type": "way",
        "osm_id": 478407097,
        "sido": "경기도",
        "name": "능곡변전소",
        "name_en": "Neunggok Substation",
        "substation_type": "distribution",
        "voltage": "154000",
        "frequency": "60",
        "operator": "한국전력공사",
        "location": "indoor"
      }
    },
    {
      "type": "Feature",
      "geometry": {
        "type": "Point",
        "coordinates": [
          126.786974,
          37.5064618
        ]
      },
      "properties": {
        "osm_type": "way",
        "osm_id": 483467555,
        "sido": "경기도",
        "name": "부천변전소",
        "name_en": "",
        "substation_type": "distribution",
        "voltage": "154000",
        "frequency": "60",
        "operator": "",
        "location": "indoor"
      }
    },
    {
      "type": "Feature",
      "geometry": {
        "type": "Point",
        "coordinates": [
          127.0511069,
          37.2611066
        ]
      },
      "properties": {
        "osm_type": "way",
        "osm_id": 491463023,
        "sido": "경기도",
        "name": "",
        "name_en": "",
        "substation_type": "",
        "voltage": "",
        "frequency": "",
        "operator": "",
        "location": ""
      }
    },
    {
      "type": "Feature",
      "geometry": {
        "type": "Point",
        "coordinates": [
          127.0203981,
          36.9751349
        ]
      },
      "properties": {
        "osm_type": "way",
        "osm_id": 586692051,
        "sido": "경기도",
        "name": "",
        "name_en": "",
        "substation_type": "",
        "voltage": "",
        "frequency": "",
        "operator": "",
        "location": ""
      }
    },
    {
      "type": "Feature",
      "geometry": {
        "type": "Point",
        "coordinates": [
          127.2193787,
          37.6488431
        ]
      },
      "properties": {
        "osm_type": "way",
        "osm_id": 588107985,
        "sido": "경기도",
        "name": "평내차량사업소 변전소",
        "name_en": "",
        "substation_type": "yes",
        "voltage": "",
        "frequency": "",
        "operator": "한국철도시설공단",
        "location": ""
      }
    },
    {
      "type": "Feature",
      "geometry": {
        "type": "Point",
        "coordinates": [
          126.8380389,
          37.6485409
        ]
      },
      "properties": {
        "osm_type": "way",
        "osm_id": 598372523,
        "sido": "경기도",
        "name": "지도변전소",
        "name_en": "Jido Substation",
        "substation_type": "distribution",
        "voltage": "154000",
        "frequency": "60",
        "operator": "한국전력공사",
        "location": "indoor"
      }
    },
    {
      "type": "Feature",
      "geometry": {
        "type": "Point",
        "coordinates": [
          126.927542,
          37.3863316
        ]
      },
      "properties": {
        "osm_type": "way",
        "osm_id": 602072207,
        "sido": "경기도",
        "name": "안양변전소",
        "name_en": "Anyang Substation",
        "substation_type": "distribution",
        "voltage": "154000",
        "frequency": "60",
        "operator": "한국전력공사",
        "location": "indoor"
      }
    },
    {
      "type": "Feature",
      "geometry": {
        "type": "Point",
        "coordinates": [
          127.6320544,
          37.2823267
        ]
      },
      "properties": {
        "osm_type": "way",
        "osm_id": 639121011,
        "sido": "경기도",
        "name": "",
        "name_en": "",
        "substation_type": "",
        "voltage": "",
        "frequency": "",
        "operator": "한국철도공사",
        "location": ""
      }
    },
    {
      "type": "Feature",
      "geometry": {
        "type": "Point",
        "coordinates": [
          127.6320559,
          37.2823361
        ]
      },
      "properties": {
        "osm_type": "way",
        "osm_id": 639121012,
        "sido": "경기도",
        "name": "",
        "name_en": "",
        "substation_type": "traction",
        "voltage": "",
        "frequency": "",
        "operator": "한국철도공사",
        "location": ""
      }
    },
    {
      "type": "Feature",
      "geometry": {
        "type": "Point",
        "coordinates": [
          126.7615677,
          37.6854498
        ]
      },
      "properties": {
        "osm_type": "way",
        "osm_id": 654735998,
        "sido": "경기도",
        "name": "송포변전소",
        "name_en": "Songpo Substation",
        "substation_type": "distribution",
        "voltage": "154000",
        "frequency": "60",
        "operator": "한국전력공사",
        "location": "indoor"
      }
    },
    {
      "type": "Feature",
      "geometry": {
        "type": "Point",
        "coordinates": [
          126.6858008,
          37.6405529
        ]
      },
      "properties": {
        "osm_type": "way",
        "osm_id": 657106179,
        "sido": "경기도",
        "name": "장기변전소",
        "name_en": "Janggi Substation",
        "substation_type": "distribution",
        "voltage": "154000",
        "frequency": "60",
        "operator": "한국전력공사",
        "location": "indoor"
      }
    },
    {
      "type": "Feature",
      "geometry": {
        "type": "Point",
        "coordinates": [
          127.221717,
          37.0974226
        ]
      },
      "properties": {
        "osm_type": "way",
        "osm_id": 676450658,
        "sido": "경기도",
        "name": "서안성변전소",
        "name_en": "West-Anseong Substation",
        "substation_type": "transmission",
        "voltage": "345000;154000",
        "frequency": "60",
        "operator": "",
        "location": "outdoor"
      }
    },
    {
      "type": "Feature",
      "geometry": {
        "type": "Point",
        "coordinates": [
          127.0050135,
          37.2568269
        ]
      },
      "properties": {
        "osm_type": "way",
        "osm_id": 680024809,
        "sido": "경기도",
        "name": "수원 SS",
        "name_en": "Suwon Substation",
        "substation_type": "traction",
        "voltage": "154000;55000;27500",
        "frequency": "",
        "operator": "",
        "location": ""
      }
    },
    {
      "type": "Feature",
      "geometry": {
        "type": "Point",
        "coordinates": [
          126.946249,
          37.3673404
        ]
      },
      "properties": {
        "osm_type": "way",
        "osm_id": 680065932,
        "sido": "경기도",
        "name": "금정변전소",
        "name_en": "",
        "substation_type": "yes",
        "voltage": "",
        "frequency": "",
        "operator": "",
        "location": ""
      }
    },
    {
      "type": "Feature",
      "geometry": {
        "type": "Point",
        "coordinates": [
          127.0624295,
          37.8369556
        ]
      },
      "properties": {
        "osm_type": "way",
        "osm_id": 682234683,
        "sido": "경기도",
        "name": "덕정SSP",
        "name_en": "Deokjeong Sectioning Post",
        "substation_type": "traction",
        "voltage": "55000;27500",
        "frequency": "",
        "operator": "",
        "location": ""
      }
    },
    {
      "type": "Feature",
      "geometry": {
        "type": "Point",
        "coordinates": [
          127.1180459,
          37.2171381
        ]
      },
      "properties": {
        "osm_type": "way",
        "osm_id": 684150692,
        "sido": "경기도",
        "name": "동탄변전소",
        "name_en": "Dongtan Substation",
        "substation_type": "distribution",
        "voltage": "154000",
        "frequency": "60",
        "operator": "",
        "location": "indoor"
      }
    },
    {
      "type": "Feature",
      "geometry": {
        "type": "Point",
        "coordinates": [
          127.0047239,
          37.0252629
        ]
      },
      "properties": {
        "osm_type": "way",
        "osm_id": 684276200,
        "sido": "경기도",
        "name": "",
        "name_en": "",
        "substation_type": "",
        "voltage": "",
        "frequency": "",
        "operator": "",
        "location": ""
      }
    },
    {
      "type": "Feature",
      "geometry": {
        "type": "Point",
        "coordinates": [
          127.0999946,
          37.21736
        ]
      },
      "properties": {
        "osm_type": "way",
        "osm_id": 685559182,
        "sido": "경기도",
        "name": "",
        "name_en": "",
        "substation_type": "",
        "voltage": "",
        "frequency": "",
        "operator": "",
        "location": ""
      }
    },
    {
      "type": "Feature",
      "geometry": {
        "type": "Point",
        "coordinates": [
          127.0826996,
          37.1861153
        ]
      },
      "properties": {
        "osm_type": "way",
        "osm_id": 685566806,
        "sido": "경기도",
        "name": "삼미변전소",
        "name_en": "",
        "substation_type": "distribution",
        "voltage": "154000",
        "frequency": "60",
        "operator": "",
        "location": "indoor"
      }
    },
    {
      "type": "Feature",
      "geometry": {
        "type": "Point",
        "coordinates": [
          127.0365562,
          37.2012364
        ]
      },
      "properties": {
        "osm_type": "way",
        "osm_id": 685566848,
        "sido": "경기도",
        "name": "",
        "name_en": "",
        "substation_type": "",
        "voltage": "",
        "frequency": "",
        "operator": "",
        "location": ""
      }
    },
    {
      "type": "Feature",
      "geometry": {
        "type": "Point",
        "coordinates": [
          126.8777609,
          37.5805456
        ]
      },
      "properties": {
        "osm_type": "way",
        "osm_id": 691122408,
        "sido": "경기도",
        "name": "상암변전소",
        "name_en": "Sangam Substation",
        "substation_type": "distribution",
        "voltage": "154000",
        "frequency": "60",
        "operator": "한국전력공사",
        "location": "indoor"
      }
    },
    {
      "type": "Feature",
      "geometry": {
        "type": "Point",
        "coordinates": [
          126.8557727,
          37.3070226
        ]
      },
      "properties": {
        "osm_type": "way",
        "osm_id": 700350358,
        "sido": "경기도",
        "name": "한대앞SP",
        "name_en": "Handaeap Sectioning Post",
        "substation_type": "traction",
        "voltage": "55000;27500",
        "frequency": "",
        "operator": "",
        "location": "indoor"
      }
    },
    {
      "type": "Feature",
      "geometry": {
        "type": "Point",
        "coordinates": [
          127.1511278,
          37.4815773
        ]
      },
      "properties": {
        "osm_type": "way",
        "osm_id": 704248035,
        "sido": "경기도",
        "name": "위례변전소",
        "name_en": "Wirye Substation",
        "substation_type": "distribution",
        "voltage": "154000",
        "frequency": "60",
        "operator": "한국전력공사",
        "location": "indoor"
      }
    },
    {
      "type": "Feature",
      "geometry": {
        "type": "Point",
        "coordinates": [
          127.057702,
          37.0261939
        ]
      },
      "properties": {
        "osm_type": "way",
        "osm_id": 720447745,
        "sido": "경기도",
        "name": "고덕변전소",
        "name_en": "",
        "substation_type": "",
        "voltage": "",
        "frequency": "",
        "operator": "",
        "location": ""
      }
    },
    {
      "type": "Feature",
      "geometry": {
        "type": "Point",
        "coordinates": [
          127.178991,
          37.5775302
        ]
      },
      "properties": {
        "osm_type": "way",
        "osm_id": 724518824,
        "sido": "경기도",
        "name": "",
        "name_en": "",
        "substation_type": "transition",
        "voltage": "345000",
        "frequency": "",
        "operator": "한국전력공사",
        "location": ""
      }
    },
    {
      "type": "Feature",
      "geometry": {
        "type": "Point",
        "coordinates": [
          126.8441739,
          37.3149791
        ]
      },
      "properties": {
        "osm_type": "way",
        "osm_id": 733522176,
        "sido": "경기도",
        "name": "성포변전소",
        "name_en": "",
        "substation_type": "distribution",
        "voltage": "154000",
        "frequency": "60",
        "operator": "",
        "location": "indoor"
      }
    },
    {
      "type": "Feature",
      "geometry": {
        "type": "Point",
        "coordinates": [
          127.0905389,
          37.7565698
        ]
      },
      "properties": {
        "osm_type": "way",
        "osm_id": 734108649,
        "sido": "경기도",
        "name": "신의정부변전소",
        "name_en": "Shin-Uijeongbu Substation",
        "substation_type": "transmission",
        "voltage": "345000",
        "frequency": "60",
        "operator": "한국전력공사",
        "location": "outdoor"
      }
    },
    {
      "type": "Feature",
      "geometry": {
        "type": "Point",
        "coordinates": [
          127.0378642,
          37.2934496
        ]
      },
      "properties": {
        "osm_type": "way",
        "osm_id": 741633665,
        "sido": "경기도",
        "name": "우만변전소",
        "name_en": "",
        "substation_type": "distribution",
        "voltage": "154000",
        "frequency": "60",
        "operator": "",
        "location": "indoor"
      }
    },
    {
      "type": "Feature",
      "geometry": {
        "type": "Point",
        "coordinates": [
          126.7220818,
          37.7276368
        ]
      },
      "properties": {
        "osm_type": "way",
        "osm_id": 742782472,
        "sido": "경기도",
        "name": "문발변전소",
        "name_en": "Munbal Substation",
        "substation_type": "distribution",
        "voltage": "154000",
        "frequency": "60",
        "operator": "한국전력공사",
        "location": "indoor"
      }
    },
    {
      "type": "Feature",
      "geometry": {
        "type": "Point",
        "coordinates": [
          126.877325,
          37.3014071
        ]
      },
      "properties": {
        "osm_type": "way",
        "osm_id": 744220207,
        "sido": "경기도",
        "name": "일동변전소",
        "name_en": "",
        "substation_type": "distribution",
        "voltage": "154000",
        "frequency": "60",
        "operator": "",
        "location": "indoor"
      }
    },
    {
      "type": "Feature",
      "geometry": {
        "type": "Point",
        "coordinates": [
          126.8786635,
          37.3006647
        ]
      },
      "properties": {
        "osm_type": "way",
        "osm_id": 744220209,
        "sido": "경기도",
        "name": "신안산변전소",
        "name_en": "Shin-Ansan Substation",
        "substation_type": "transmission",
        "voltage": "345000",
        "frequency": "60",
        "operator": "",
        "location": "indoor"
      }
    },
    {
      "type": "Feature",
      "geometry": {
        "type": "Point",
        "coordinates": [
          126.8115133,
          37.3157545
        ]
      },
      "properties": {
        "osm_type": "way",
        "osm_id": 744554067,
        "sido": "경기도",
        "name": "안산변전소",
        "name_en": "Ansan Substation",
        "substation_type": "distribution",
        "voltage": "154000",
        "frequency": "60",
        "operator": "",
        "location": "indoor"
      }
    },
    {
      "type": "Feature",
      "geometry": {
        "type": "Point",
        "coordinates": [
          126.7923624,
          37.3251454
        ]
      },
      "properties": {
        "osm_type": "way",
        "osm_id": 749308267,
        "sido": "경기도",
        "name": "안산SSP",
        "name_en": "Ansan Sectioning Post",
        "substation_type": "traction",
        "voltage": "55000;27500",
        "frequency": "",
        "operator": "",
        "location": "indoor"
      }
    },
    {
      "type": "Feature",
      "geometry": {
        "type": "Point",
        "coordinates": [
          126.7407332,
          37.3684699
        ]
      },
      "properties": {
        "osm_type": "way",
        "osm_id": 758375914,
        "sido": "경기도",
        "name": "",
        "name_en": "",
        "substation_type": "traction",
        "voltage": "55000;27500",
        "frequency": "",
        "operator": "",
        "location": ""
      }
    },
    {
      "type": "Feature",
      "geometry": {
        "type": "Point",
        "coordinates": [
          127.419546,
          37.7231169
        ]
      },
      "properties": {
        "osm_type": "way",
        "osm_id": 759760104,
        "sido": "경기도",
        "name": "",
        "name_en": "",
        "substation_type": "yes",
        "voltage": "",
        "frequency": "",
        "operator": "",
        "location": ""
      }
    },
    {
      "type": "Feature",
      "geometry": {
        "type": "Point",
        "coordinates": [
          127.0590309,
          37.297864
        ]
      },
      "properties": {
        "osm_type": "way",
        "osm_id": 765571787,
        "sido": "경기도",
        "name": "이의변전소",
        "name_en": "",
        "substation_type": "distribution",
        "voltage": "154000",
        "frequency": "60",
        "operator": "",
        "location": "indoor"
      }
    },
    {
      "type": "Feature",
      "geometry": {
        "type": "Point",
        "coordinates": [
          127.227927,
          37.5357153
        ]
      },
      "properties": {
        "osm_type": "way",
        "osm_id": 774605281,
        "sido": "경기도",
        "name": "신장변전소",
        "name_en": "",
        "substation_type": "distribution",
        "voltage": "154000",
        "frequency": "60",
        "operator": "",
        "location": "indoor"
      }
    },
    {
      "type": "Feature",
      "geometry": {
        "type": "Point",
        "coordinates": [
          127.2800087,
          37.515609
        ]
      },
      "properties": {
        "osm_type": "way",
        "osm_id": 813628651,
        "sido": "경기도",
        "name": "",
        "name_en": "",
        "substation_type": "",
        "voltage": "",
        "frequency": "",
        "operator": "",
        "location": ""
      }
    },
    {
      "type": "Feature",
      "geometry": {
        "type": "Point",
        "coordinates": [
          127.1689607,
          37.9465162
        ]
      },
      "properties": {
        "osm_type": "way",
        "osm_id": 814808447,
        "sido": "경기도",
        "name": "",
        "name_en": "",
        "substation_type": "",
        "voltage": "",
        "frequency": "",
        "operator": "",
        "location": ""
      }
    },
    {
      "type": "Feature",
      "geometry": {
        "type": "Point",
        "coordinates": [
          127.1643555,
          37.98848
        ]
      },
      "properties": {
        "osm_type": "way",
        "osm_id": 814808451,
        "sido": "경기도",
        "name": "",
        "name_en": "",
        "substation_type": "",
        "voltage": "",
        "frequency": "",
        "operator": "",
        "location": ""
      }
    },
    {
      "type": "Feature",
      "geometry": {
        "type": "Point",
        "coordinates": [
          127.090266,
          37.9029688
        ]
      },
      "properties": {
        "osm_type": "way",
        "osm_id": 814808452,
        "sido": "경기도",
        "name": "",
        "name_en": "",
        "substation_type": "",
        "voltage": "",
        "frequency": "",
        "operator": "",
        "location": ""
      }
    },
    {
      "type": "Feature",
      "geometry": {
        "type": "Point",
        "coordinates": [
          126.9278998,
          37.329997
        ]
      },
      "properties": {
        "osm_type": "way",
        "osm_id": 822751789,
        "sido": "경기도",
        "name": "남군포변전소",
        "name_en": "",
        "substation_type": "distribution",
        "voltage": "154000",
        "frequency": "60",
        "operator": "",
        "location": "outdoor"
      }
    },
    {
      "type": "Feature",
      "geometry": {
        "type": "Point",
        "coordinates": [
          126.9279748,
          37.32997
        ]
      },
      "properties": {
        "osm_type": "way",
        "osm_id": 822751790,
        "sido": "경기도",
        "name": "",
        "name_en": "",
        "substation_type": "distribution",
        "voltage": "154000",
        "frequency": "60",
        "operator": "",
        "location": "indoor"
      }
    },
    {
      "type": "Feature",
      "geometry": {
        "type": "Point",
        "coordinates": [
          127.0809139,
          37.2537471
        ]
      },
      "properties": {
        "osm_type": "way",
        "osm_id": 829334045,
        "sido": "경기도",
        "name": "",
        "name_en": "",
        "substation_type": "",
        "voltage": "154000",
        "frequency": "",
        "operator": "",
        "location": "outdoor"
      }
    },
    {
      "type": "Feature",
      "geometry": {
        "type": "Point",
        "coordinates": [
          126.7635377,
          37.7198737
        ]
      },
      "properties": {
        "osm_type": "way",
        "osm_id": 884033655,
        "sido": "경기도",
        "name": "",
        "name_en": "",
        "substation_type": "transition",
        "voltage": "345000",
        "frequency": "60",
        "operator": "고양전력지사",
        "location": "outdoor"
      }
    },
    {
      "type": "Feature",
      "geometry": {
        "type": "Point",
        "coordinates": [
          126.6263859,
          37.6360942
        ]
      },
      "properties": {
        "osm_type": "way",
        "osm_id": 884033657,
        "sido": "경기도",
        "name": "신김포변전소",
        "name_en": "Shin-Gimpo Substation",
        "substation_type": "transmission",
        "voltage": "345000",
        "frequency": "60",
        "operator": "",
        "location": "indoor"
      }
    },
    {
      "type": "Feature",
      "geometry": {
        "type": "Point",
        "coordinates": [
          126.9227573,
          37.3190977
        ]
      },
      "properties": {
        "osm_type": "way",
        "osm_id": 884263041,
        "sido": "경기도",
        "name": "송정변전소",
        "name_en": "",
        "substation_type": "distribution",
        "voltage": "154000",
        "frequency": "60",
        "operator": "",
        "location": "outdoor"
      }
    },
    {
      "type": "Feature",
      "geometry": {
        "type": "Point",
        "coordinates": [
          126.6211814,
          37.6581685
        ]
      },
      "properties": {
        "osm_type": "way",
        "osm_id": 884263056,
        "sido": "경기도",
        "name": "양곡변전소",
        "name_en": "Yanggok Substation",
        "substation_type": "transmission",
        "voltage": "154000",
        "frequency": "60",
        "operator": "한국전력공사",
        "location": "outdoor"
      }
    },
    {
      "type": "Feature",
      "geometry": {
        "type": "Point",
        "coordinates": [
          126.6634677,
          37.6523122
        ]
      },
      "properties": {
        "osm_type": "way",
        "osm_id": 885818825,
        "sido": "경기도",
        "name": "",
        "name_en": "",
        "substation_type": "transition",
        "voltage": "345000",
        "frequency": "60",
        "operator": "한국전력공사",
        "location": "indoor"
      }
    },
    {
      "type": "Feature",
      "geometry": {
        "type": "Point",
        "coordinates": [
          126.7287644,
          37.7070444
        ]
      },
      "properties": {
        "osm_type": "way",
        "osm_id": 885818826,
        "sido": "경기도",
        "name": "",
        "name_en": "",
        "substation_type": "transition",
        "voltage": "345000",
        "frequency": "60",
        "operator": "",
        "location": "indoor"
      }
    },
    {
      "type": "Feature",
      "geometry": {
        "type": "Point",
        "coordinates": [
          126.9573713,
          37.9104337
        ]
      },
      "properties": {
        "osm_type": "way",
        "osm_id": 885818830,
        "sido": "경기도",
        "name": "남면변전소",
        "name_en": "Nammyeon Substation",
        "substation_type": "distribution",
        "voltage": "154000",
        "frequency": "60",
        "operator": "한국전력공사",
        "location": "indoor"
      }
    },
    {
      "type": "Feature",
      "geometry": {
        "type": "Point",
        "coordinates": [
          126.7833878,
          37.8633178
        ]
      },
      "properties": {
        "osm_type": "way",
        "osm_id": 885818835,
        "sido": "경기도",
        "name": "문산변전소",
        "name_en": "Munsan Substation",
        "substation_type": "distribution",
        "voltage": "154000",
        "frequency": "60",
        "operator": "한국전력공사",
        "location": "indoor"
      }
    },
    {
      "type": "Feature",
      "geometry": {
        "type": "Point",
        "coordinates": [
          127.1284726,
          37.3384439
        ]
      },
      "properties": {
        "osm_type": "way",
        "osm_id": 886025097,
        "sido": "경기도",
        "name": "",
        "name_en": "",
        "substation_type": "distribution",
        "voltage": "154000",
        "frequency": "60",
        "operator": "",
        "location": "outdoor"
      }
    },
    {
      "type": "Feature",
      "geometry": {
        "type": "Point",
        "coordinates": [
          127.1889388,
          37.1406145
        ]
      },
      "properties": {
        "osm_type": "way",
        "osm_id": 886025098,
        "sido": "경기도",
        "name": "남사변전소",
        "name_en": "Namsa Substation",
        "substation_type": "distribution",
        "voltage": "154000",
        "frequency": "60",
        "operator": "",
        "location": "indoor"
      }
    },
    {
      "type": "Feature",
      "geometry": {
        "type": "Point",
        "coordinates": [
          127.4983671,
          37.813513
        ]
      },
      "properties": {
        "osm_type": "way",
        "osm_id": 886116881,
        "sido": "경기도",
        "name": "가평변전소",
        "name_en": "Gapyeong Substation",
        "substation_type": "distribution",
        "voltage": "154000",
        "frequency": "60",
        "operator": "",
        "location": "outdoor"
      }
    },
    {
      "type": "Feature",
      "geometry": {
        "type": "Point",
        "coordinates": [
          126.8185259,
          37.6632779
        ]
      },
      "properties": {
        "osm_type": "way",
        "osm_id": 886116882,
        "sido": "경기도",
        "name": "고양변전소",
        "name_en": "Goyang Substation",
        "substation_type": "distribution",
        "voltage": "154000",
        "frequency": "60",
        "operator": "한국전력공사",
        "location": "indoor"
      }
    },
    {
      "type": "Feature",
      "geometry": {
        "type": "Point",
        "coordinates": [
          126.9184088,
          37.6478154
        ]
      },
      "properties": {
        "osm_type": "way",
        "osm_id": 886116883,
        "sido": "경기도",
        "name": "불광변전소",
        "name_en": "",
        "substation_type": "distribution",
        "voltage": "154000",
        "frequency": "60",
        "operator": "",
        "location": "indoor"
      }
    },
    {
      "type": "Feature",
      "geometry": {
        "type": "Point",
        "coordinates": [
          126.7346107,
          37.6638878
        ]
      },
      "properties": {
        "osm_type": "way",
        "osm_id": 886116884,
        "sido": "경기도",
        "name": "호수변전소",
        "name_en": "Hosu Substation",
        "substation_type": "distribution",
        "voltage": "154000",
        "frequency": "60",
        "operator": "한국전력공사",
        "location": "indoor"
      }
    },
    {
      "type": "Feature",
      "geometry": {
        "type": "Point",
        "coordinates": [
          126.9278993,
          38.0162207
        ]
      },
      "properties": {
        "osm_type": "way",
        "osm_id": 886116890,
        "sido": "경기도",
        "name": "백학변전소",
        "name_en": "Baekhak Substation",
        "substation_type": "distribution",
        "voltage": "154000",
        "frequency": "60",
        "operator": "한국전력공사",
        "location": "indoor"
      }
    },
    {
      "type": "Feature",
      "geometry": {
        "type": "Point",
        "coordinates": [
          126.7754424,
          37.8302515
        ]
      },
      "properties": {
        "osm_type": "way",
        "osm_id": 886116891,
        "sido": "경기도",
        "name": "월롱변전소",
        "name_en": "Wollong Substation",
        "substation_type": "distribution",
        "voltage": "154000",
        "frequency": "60",
        "operator": "한국전력공사",
        "location": "indoor"
      }
    },
    {
      "type": "Feature",
      "geometry": {
        "type": "Point",
        "coordinates": [
          126.8009455,
          37.8544097
        ]
      },
      "properties": {
        "osm_type": "way",
        "osm_id": 886116892,
        "sido": "경기도",
        "name": "선유변전소",
        "name_en": "Seonyu Substation",
        "substation_type": "distribution",
        "voltage": "154000",
        "frequency": "60",
        "operator": "한국전력공사",
        "location": "indoor"
      }
    },
    {
      "type": "Feature",
      "geometry": {
        "type": "Point",
        "coordinates": [
          127.0608931,
          37.3262103
        ]
      },
      "properties": {
        "osm_type": "way",
        "osm_id": 886116894,
        "sido": "경기도",
        "name": "신봉변전소",
        "name_en": "",
        "substation_type": "distribution",
        "voltage": "154000",
        "frequency": "60",
        "operator": "",
        "location": "indoor"
      }
    },
    {
      "type": "Feature",
      "geometry": {
        "type": "Point",
        "coordinates": [
          127.0716062,
          37.3913697
        ]
      },
      "properties": {
        "osm_type": "way",
        "osm_id": 886623595,
        "sido": "경기도",
        "name": "서판교변전소",
        "name_en": "",
        "substation_type": "distribution",
        "voltage": "154000",
        "frequency": "60",
        "operator": "",
        "location": "underground"
      }
    },
    {
      "type": "Feature",
      "geometry": {
        "type": "Point",
        "coordinates": [
          127.1045002,
          37.3757901
        ]
      },
      "properties": {
        "osm_type": "way",
        "osm_id": 886623600,
        "sido": "경기도",
        "name": "정자변전소",
        "name_en": "",
        "substation_type": "distribution",
        "voltage": "154000",
        "frequency": "60",
        "operator": "",
        "location": "underground"
      }
    },
    {
      "type": "Feature",
      "geometry": {
        "type": "Point",
        "coordinates": [
          127.1054558,
          37.3936011
        ]
      },
      "properties": {
        "osm_type": "way",
        "osm_id": 886623601,
        "sido": "경기도",
        "name": "동판교변전소",
        "name_en": "",
        "substation_type": "distribution",
        "voltage": "154000",
        "frequency": "60",
        "operator": "",
        "location": "indoor"
      }
    },
    {
      "type": "Feature",
      "geometry": {
        "type": "Point",
        "coordinates": [
          126.623866,
          37.609185
        ]
      },
      "properties": {
        "osm_type": "way",
        "osm_id": 886623603,
        "sido": "경기도",
        "name": "양촌변전소",
        "name_en": "Yangchon Substation",
        "substation_type": "distribution",
        "voltage": "154000",
        "frequency": "60",
        "operator": "한국전력공사",
        "location": "indoor"
      }
    },
    {
      "type": "Feature",
      "geometry": {
        "type": "Point",
        "coordinates": [
          126.6967229,
          37.6192662
        ]
      },
      "properties": {
        "osm_type": "way",
        "osm_id": 886623604,
        "sido": "경기도",
        "name": "김포변전소",
        "name_en": "Gimpo Substation",
        "substation_type": "distribution",
        "voltage": "154000",
        "frequency": "60",
        "operator": "한국전력공사",
        "location": "underground"
      }
    },
    {
      "type": "Feature",
      "geometry": {
        "type": "Point",
        "coordinates": [
          126.5909446,
          37.6882863
        ]
      },
      "properties": {
        "osm_type": "way",
        "osm_id": 886623605,
        "sido": "경기도",
        "name": "통진변전소",
        "name_en": "Tongjin Substation",
        "substation_type": "distribution",
        "voltage": "154000",
        "frequency": "60",
        "operator": "한국전력공사",
        "location": "indoor"
      }
    },
    {
      "type": "Feature",
      "geometry": {
        "type": "Point",
        "coordinates": [
          127.1373166,
          37.8206693
        ]
      },
      "properties": {
        "osm_type": "way",
        "osm_id": 886799856,
        "sido": "경기도",
        "name": "송우변전소",
        "name_en": "",
        "substation_type": "distribution",
        "voltage": "154000",
        "frequency": "60",
        "operator": "",
        "location": "indoor"
      }
    },
    {
      "type": "Feature",
      "geometry": {
        "type": "Point",
        "coordinates": [
          127.204479,
          37.8843968
        ]
      },
      "properties": {
        "osm_type": "way",
        "osm_id": 886799860,
        "sido": "경기도",
        "name": "용정변전소",
        "name_en": "",
        "substation_type": "distribution",
        "voltage": "154000",
        "frequency": "60",
        "operator": "",
        "location": "indoor"
      }
    },
    {
      "type": "Feature",
      "geometry": {
        "type": "Point",
        "coordinates": [
          127.0962847,
          38.0312549
        ]
      },
      "properties": {
        "osm_type": "way",
        "osm_id": 886928082,
        "sido": "경기도",
        "name": "전곡변전소",
        "name_en": "Jeongok Substation",
        "substation_type": "distribution",
        "voltage": "154000",
        "frequency": "60",
        "operator": "한국전력공사",
        "location": "indoor"
      }
    },
    {
      "type": "Feature",
      "geometry": {
        "type": "Point",
        "coordinates": [
          127.2748127,
          37.8426848
        ]
      },
      "properties": {
        "osm_type": "way",
        "osm_id": 886928087,
        "sido": "경기도",
        "name": "내촌변전소",
        "name_en": "Naechon Substation",
        "substation_type": "distribution",
        "voltage": "154000",
        "frequency": "60",
        "operator": "한국전력공사",
        "location": "indoor"
      }
    },
    {
      "type": "Feature",
      "geometry": {
        "type": "Point",
        "coordinates": [
          127.2206685,
          37.9177208
        ]
      },
      "properties": {
        "osm_type": "way",
        "osm_id": 886928088,
        "sido": "경기도",
        "name": "포천변전소",
        "name_en": "",
        "substation_type": "distribution",
        "voltage": "154000",
        "frequency": "60",
        "operator": "",
        "location": "outdoor"
      }
    },
    {
      "type": "Feature",
      "geometry": {
        "type": "Point",
        "coordinates": [
          126.9788591,
          37.1429811
        ]
      },
      "properties": {
        "osm_type": "way",
        "osm_id": 887359215,
        "sido": "경기도",
        "name": "향남변전소",
        "name_en": "Hyangnam Substation",
        "substation_type": "distribution",
        "voltage": "154000",
        "frequency": "60",
        "operator": "",
        "location": "indoor"
      }
    },
    {
      "type": "Feature",
      "geometry": {
        "type": "Point",
        "coordinates": [
          126.9283032,
          37.1130167
        ]
      },
      "properties": {
        "osm_type": "way",
        "osm_id": 887359217,
        "sido": "경기도",
        "name": "발안변전소",
        "name_en": "Balan Substation",
        "substation_type": "distribution",
        "voltage": "154000",
        "frequency": "60",
        "operator": "",
        "location": "indoor"
      }
    },
    {
      "type": "Feature",
      "geometry": {
        "type": "Point",
        "coordinates": [
          127.0055004,
          37.1959886
        ]
      },
      "properties": {
        "osm_type": "way",
        "osm_id": 887359219,
        "sido": "경기도",
        "name": "남수원변전소",
        "name_en": "South-Suwon Substation",
        "substation_type": "distribution",
        "voltage": "154000",
        "frequency": "60",
        "operator": "",
        "location": "indoor"
      }
    },
    {
      "type": "Feature",
      "geometry": {
        "type": "Point",
        "coordinates": [
          126.83232,
          37.0787188
        ]
      },
      "properties": {
        "osm_type": "way",
        "osm_id": 887456103,
        "sido": "경기도",
        "name": "조암변전소",
        "name_en": "Joam Substation",
        "substation_type": "distribution",
        "voltage": "154000",
        "frequency": "60",
        "operator": "",
        "location": "indoor"
      }
    },
    {
      "type": "Feature",
      "geometry": {
        "type": "Point",
        "coordinates": [
          126.8478375,
          37.1606885
        ]
      },
      "properties": {
        "osm_type": "way",
        "osm_id": 887456107,
        "sido": "경기도",
        "name": "장덕변전소",
        "name_en": "",
        "substation_type": "distribution",
        "voltage": "154000",
        "frequency": "60",
        "operator": "",
        "location": "indoor"
      }
    },
    {
      "type": "Feature",
      "geometry": {
        "type": "Point",
        "coordinates": [
          126.7161352,
          37.2169486
        ]
      },
      "properties": {
        "osm_type": "way",
        "osm_id": 887456108,
        "sido": "경기도",
        "name": "사강변전소",
        "name_en": "Sagang Substation",
        "substation_type": "distribution",
        "voltage": "154000",
        "frequency": "60",
        "operator": "",
        "location": "indoor"
      }
    },
    {
      "type": "Feature",
      "geometry": {
        "type": "Point",
        "coordinates": [
          127.0898977,
          37.2158432
        ]
      },
      "properties": {
        "osm_type": "way",
        "osm_id": 887456110,
        "sido": "경기도",
        "name": "북동탄변전소",
        "name_en": "",
        "substation_type": "distribution",
        "voltage": "154000",
        "frequency": "60",
        "operator": "",
        "location": "indoor"
      }
    },
    {
      "type": "Feature",
      "geometry": {
        "type": "Point",
        "coordinates": [
          126.8932633,
          37.0828328
        ]
      },
      "properties": {
        "osm_type": "way",
        "osm_id": 887456111,
        "sido": "경기도",
        "name": "구문천변전소",
        "name_en": "Gumuncheon Substation",
        "substation_type": "distribution",
        "voltage": "154000",
        "frequency": "60",
        "operator": "",
        "location": ""
      }
    },
    {
      "type": "Feature",
      "geometry": {
        "type": "Point",
        "coordinates": [
          126.717771,
          37.326998
        ]
      },
      "properties": {
        "osm_type": "way",
        "osm_id": 887782989,
        "sido": "경기도",
        "name": "남시화변전소",
        "name_en": "",
        "substation_type": "distribution",
        "voltage": "154000",
        "frequency": "60",
        "operator": "",
        "location": "indoor"
      }
    },
    {
      "type": "Feature",
      "geometry": {
        "type": "Point",
        "coordinates": [
          126.745315,
          37.4968942
        ]
      },
      "properties": {
        "osm_type": "way",
        "osm_id": 887782990,
        "sido": "경기도",
        "name": "원미변전소",
        "name_en": "",
        "substation_type": "distribution",
        "voltage": "154000",
        "frequency": "60",
        "operator": "",
        "location": "indoor"
      }
    },
    {
      "type": "Feature",
      "geometry": {
        "type": "Point",
        "coordinates": [
          126.7871284,
          37.5070696
        ]
      },
      "properties": {
        "osm_type": "way",
        "osm_id": 887782991,
        "sido": "경기도",
        "name": "도당변전소",
        "name_en": "",
        "substation_type": "distribution",
        "voltage": "154000",
        "frequency": "60",
        "operator": "",
        "location": "indoor"
      }
    },
    {
      "type": "Feature",
      "geometry": {
        "type": "Point",
        "coordinates": [
          126.8174542,
          37.539245
        ]
      },
      "properties": {
        "osm_type": "way",
        "osm_id": 887782992,
        "sido": "경기도",
        "name": "고강변전소",
        "name_en": "Gogang Substation",
        "substation_type": "distribution",
        "voltage": "154000",
        "frequency": "60",
        "operator": "한국전력공사",
        "location": "indoor"
      }
    },
    {
      "type": "Feature",
      "geometry": {
        "type": "Point",
        "coordinates": [
          126.8355348,
          37.2172055
        ]
      },
      "properties": {
        "osm_type": "way",
        "osm_id": 887782994,
        "sido": "경기도",
        "name": "남양변전소",
        "name_en": "",
        "substation_type": "distribution",
        "voltage": "154000",
        "frequency": "60",
        "operator": "",
        "location": "indoor"
      }
    },
    {
      "type": "Feature",
      "geometry": {
        "type": "Point",
        "coordinates": [
          126.7895335,
          37.3398539
        ]
      },
      "properties": {
        "osm_type": "way",
        "osm_id": 888000298,
        "sido": "경기도",
        "name": "원곡변전소",
        "name_en": "Wongok Substation",
        "substation_type": "distribution",
        "voltage": "154000",
        "frequency": "60",
        "operator": "",
        "location": "indoor"
      }
    },
    {
      "type": "Feature",
      "geometry": {
        "type": "Point",
        "coordinates": [
          126.7717602,
          37.3036223
        ]
      },
      "properties": {
        "osm_type": "way",
        "osm_id": 888000300,
        "sido": "경기도",
        "name": "목내변전소",
        "name_en": "",
        "substation_type": "distribution",
        "voltage": "154000",
        "frequency": "60",
        "operator": "",
        "location": "indoor"
      }
    },
    {
      "type": "Feature",
      "geometry": {
        "type": "Point",
        "coordinates": [
          126.7431083,
          37.3070503
        ]
      },
      "properties": {
        "osm_type": "way",
        "osm_id": 888000301,
        "sido": "경기도",
        "name": "중시화변전소",
        "name_en": "",
        "substation_type": "distribution",
        "voltage": "154000",
        "frequency": "60",
        "operator": "",
        "location": "indoor"
      }
    },
    {
      "type": "Feature",
      "geometry": {
        "type": "Point",
        "coordinates": [
          126.7492024,
          37.3030752
        ]
      },
      "properties": {
        "osm_type": "way",
        "osm_id": 888000302,
        "sido": "경기도",
        "name": "신시화변전소",
        "name_en": "",
        "substation_type": "transmission",
        "voltage": "345000",
        "frequency": "60",
        "operator": "",
        "location": "indoor"
      }
    },
    {
      "type": "Feature",
      "geometry": {
        "type": "Point",
        "coordinates": [
          126.7118469,
          37.3208185
        ]
      },
      "properties": {
        "osm_type": "way",
        "osm_id": 888000303,
        "sido": "경기도",
        "name": "남정왕변전소",
        "name_en": "",
        "substation_type": "distribution",
        "voltage": "154000",
        "frequency": "60",
        "operator": "",
        "location": "indoor"
      }
    },
    {
      "type": "Feature",
      "geometry": {
        "type": "Point",
        "coordinates": [
          126.7238032,
          37.3324468
        ]
      },
      "properties": {
        "osm_type": "way",
        "osm_id": 888000305,
        "sido": "경기도",
        "name": "동시화변전소",
        "name_en": "",
        "substation_type": "distribution",
        "voltage": "154000",
        "frequency": "60",
        "operator": "",
        "location": "indoor"
      }
    },
    {
      "type": "Feature",
      "geometry": {
        "type": "Point",
        "coordinates": [
          126.7567356,
          37.3084221
        ]
      },
      "properties": {
        "osm_type": "way",
        "osm_id": 888042409,
        "sido": "경기도",
        "name": "성곡변전소",
        "name_en": "",
        "substation_type": "distribution",
        "voltage": "154000",
        "frequency": "60",
        "operator": "",
        "location": "indoor"
      }
    },
    {
      "type": "Feature",
      "geometry": {
        "type": "Point",
        "coordinates": [
          126.8191477,
          37.2984778
        ]
      },
      "properties": {
        "osm_type": "way",
        "osm_id": 888042410,
        "sido": "경기도",
        "name": "남안산변전소",
        "name_en": "",
        "substation_type": "distribution",
        "voltage": "154000",
        "frequency": "60",
        "operator": "",
        "location": "indoor"
      }
    },
    {
      "type": "Feature",
      "geometry": {
        "type": "Point",
        "coordinates": [
          126.7898993,
          37.4618631
        ]
      },
      "properties": {
        "osm_type": "way",
        "osm_id": 888042411,
        "sido": "경기도",
        "name": "소래변전소",
        "name_en": "Sorae Substation",
        "substation_type": "distribution",
        "voltage": "154000",
        "frequency": "60",
        "operator": "",
        "location": "indoor"
      }
    },
    {
      "type": "Feature",
      "geometry": {
        "type": "Point",
        "coordinates": [
          126.7066056,
          37.3488431
        ]
      },
      "properties": {
        "osm_type": "way",
        "osm_id": 888042412,
        "sido": "경기도",
        "name": "서시화변전소",
        "name_en": "",
        "substation_type": "distribution",
        "voltage": "154000",
        "frequency": "60",
        "operator": "",
        "location": "indoor"
      }
    },
    {
      "type": "Feature",
      "geometry": {
        "type": "Point",
        "coordinates": [
          127.1221126,
          37.0101481
        ]
      },
      "properties": {
        "osm_type": "way",
        "osm_id": 888330019,
        "sido": "경기도",
        "name": "소사벌변전소",
        "name_en": "",
        "substation_type": "distribution",
        "voltage": "154000",
        "frequency": "60",
        "operator": "",
        "location": "indoor"
      }
    },
    {
      "type": "Feature",
      "geometry": {
        "type": "Point",
        "coordinates": [
          127.0679471,
          36.969143
        ]
      },
      "properties": {
        "osm_type": "way",
        "osm_id": 888330020,
        "sido": "경기도",
        "name": "팽성변전소",
        "name_en": "Pyeonseong Substation",
        "substation_type": "distribution;traction",
        "voltage": "154000;55000;27500",
        "frequency": "60",
        "operator": "",
        "location": "indoor"
      }
    },
    {
      "type": "Feature",
      "geometry": {
        "type": "Point",
        "coordinates": [
          126.8456659,
          36.9719082
        ]
      },
      "properties": {
        "osm_type": "way",
        "osm_id": 888330021,
        "sido": "경기도",
        "name": "만호변전소",
        "name_en": "",
        "substation_type": "distribution",
        "voltage": "154000",
        "frequency": "60",
        "operator": "",
        "location": "indoor"
      }
    },
    {
      "type": "Feature",
      "geometry": {
        "type": "Point",
        "coordinates": [
          126.9740052,
          37.0499708
        ]
      },
      "properties": {
        "osm_type": "way",
        "osm_id": 888330023,
        "sido": "경기도",
        "name": "청북변전소",
        "name_en": "Cheongbuk Substation",
        "substation_type": "distribution",
        "voltage": "154000",
        "frequency": "60",
        "operator": "",
        "location": "indoor"
      }
    },
    {
      "type": "Feature",
      "geometry": {
        "type": "Point",
        "coordinates": [
          127.0427957,
          37.1894109
        ]
      },
      "properties": {
        "osm_type": "way",
        "osm_id": 888564822,
        "sido": "경기도",
        "name": "세교변전소",
        "name_en": "",
        "substation_type": "distribution",
        "voltage": "154000",
        "frequency": "60",
        "operator": "",
        "location": "indoor"
      }
    },
    {
      "type": "Feature",
      "geometry": {
        "type": "Point",
        "coordinates": [
          127.0511914,
          37.2615045
        ]
      },
      "properties": {
        "osm_type": "way",
        "osm_id": 888564823,
        "sido": "경기도",
        "name": "동수원변전소",
        "name_en": "",
        "substation_type": "distribution",
        "voltage": "154000",
        "frequency": "60",
        "operator": "",
        "location": "outdoor"
      }
    },
    {
      "type": "Feature",
      "geometry": {
        "type": "Point",
        "coordinates": [
          126.7977986,
          37.6497974
        ]
      },
      "properties": {
        "osm_type": "way",
        "osm_id": 888564824,
        "sido": "경기도",
        "name": "일산변전소",
        "name_en": "Ilsan Substation",
        "substation_type": "distribution",
        "voltage": "154000",
        "frequency": "60",
        "operator": "한국전력공사",
        "location": "outdoor"
      }
    },
    {
      "type": "Feature",
      "geometry": {
        "type": "Point",
        "coordinates": [
          126.7320806,
          37.6871565
        ]
      },
      "properties": {
        "osm_type": "way",
        "osm_id": 888564828,
        "sido": "경기도",
        "name": "덕이변전소",
        "name_en": "Deogi Substation",
        "substation_type": "distribution",
        "voltage": "154000",
        "frequency": "60",
        "operator": "한국전력공사",
        "location": "indoor"
      }
    },
    {
      "type": "Feature",
      "geometry": {
        "type": "Point",
        "coordinates": [
          127.3569113,
          37.6223059
        ]
      },
      "properties": {
        "osm_type": "way",
        "osm_id": 888564829,
        "sido": "경기도",
        "name": "서종변전소",
        "name_en": "",
        "substation_type": "distribution",
        "voltage": "154000",
        "frequency": "60",
        "operator": "",
        "location": "indoor"
      }
    },
    {
      "type": "Feature",
      "geometry": {
        "type": "Point",
        "coordinates": [
          127.1628343,
          37.6270236
        ]
      },
      "properties": {
        "osm_type": "way",
        "osm_id": 888564830,
        "sido": "경기도",
        "name": "진건변전소",
        "name_en": "",
        "substation_type": "distribution",
        "voltage": "154000",
        "frequency": "60",
        "operator": "",
        "location": "indoor"
      }
    },
    {
      "type": "Feature",
      "geometry": {
        "type": "Point",
        "coordinates": [
          127.1797192,
          37.7024717
        ]
      },
      "properties": {
        "osm_type": "way",
        "osm_id": 888564831,
        "sido": "경기도",
        "name": "진접변전소",
        "name_en": "",
        "substation_type": "distribution",
        "voltage": "154000",
        "frequency": "60",
        "operator": "",
        "location": "indoor"
      }
    },
    {
      "type": "Feature",
      "geometry": {
        "type": "Point",
        "coordinates": [
          127.6167235,
          37.4279554
        ]
      },
      "properties": {
        "osm_type": "way",
        "osm_id": 888564832,
        "sido": "경기도",
        "name": "지제변전소",
        "name_en": "Jije Substation",
        "substation_type": "distribution",
        "voltage": "154000",
        "frequency": "60",
        "operator": "한국전력공사",
        "location": "indoor"
      }
    },
    {
      "type": "Feature",
      "geometry": {
        "type": "Point",
        "coordinates": [
          127.5149763,
          37.4977305
        ]
      },
      "properties": {
        "osm_type": "way",
        "osm_id": 888564835,
        "sido": "경기도",
        "name": "용문변전소",
        "name_en": "Yongmun Substation",
        "substation_type": "distribution",
        "voltage": "154000",
        "frequency": "60",
        "operator": "",
        "location": "indoor"
      }
    },
    {
      "type": "Feature",
      "geometry": {
        "type": "Point",
        "coordinates": [
          127.1454405,
          37.6033185
        ]
      },
      "properties": {
        "osm_type": "way",
        "osm_id": 888564836,
        "sido": "경기도",
        "name": "구리변전소",
        "name_en": "",
        "substation_type": "distribution",
        "voltage": "154000",
        "frequency": "60",
        "operator": "",
        "location": "indoor"
      }
    },
    {
      "type": "Feature",
      "geometry": {
        "type": "Point",
        "coordinates": [
          127.2203599,
          37.5928833
        ]
      },
      "properties": {
        "osm_type": "way",
        "osm_id": 888564840,
        "sido": "경기도",
        "name": "덕소변전소",
        "name_en": "",
        "substation_type": "distribution",
        "voltage": "154000",
        "frequency": "60",
        "operator": "",
        "location": "indoor"
      }
    },
    {
      "type": "Feature",
      "geometry": {
        "type": "Point",
        "coordinates": [
          127.1017568,
          37.8324023
        ]
      },
      "properties": {
        "osm_type": "way",
        "osm_id": 888564841,
        "sido": "경기도",
        "name": "옥정변전소",
        "name_en": "",
        "substation_type": "distribution",
        "voltage": "154000",
        "frequency": "60",
        "operator": "",
        "location": "indoor"
      }
    },
    {
      "type": "Feature",
      "geometry": {
        "type": "Point",
        "coordinates": [
          127.0821419,
          37.7366349
        ]
      },
      "properties": {
        "osm_type": "way",
        "osm_id": 888564843,
        "sido": "경기도",
        "name": "용현변전소",
        "name_en": "",
        "substation_type": "distribution",
        "voltage": "154000",
        "frequency": "60",
        "operator": "",
        "location": "indoor"
      }
    },
    {
      "type": "Feature",
      "geometry": {
        "type": "Point",
        "coordinates": [
          127.0850938,
          37.7473687
        ]
      },
      "properties": {
        "osm_type": "way",
        "osm_id": 888564844,
        "sido": "경기도",
        "name": "금오변전소",
        "name_en": "",
        "substation_type": "distribution",
        "voltage": "154000",
        "frequency": "60",
        "operator": "",
        "location": "indoor"
      }
    },
    {
      "type": "Feature",
      "geometry": {
        "type": "Point",
        "coordinates": [
          127.073382,
          37.2307496
        ]
      },
      "properties": {
        "osm_type": "way",
        "osm_id": 888827371,
        "sido": "경기도",
        "name": "농서변전소",
        "name_en": "",
        "substation_type": "distribution",
        "voltage": "154000",
        "frequency": "60",
        "operator": "",
        "location": "indoor"
      }
    },
    {
      "type": "Feature",
      "geometry": {
        "type": "Point",
        "coordinates": [
          127.1050521,
          37.3244086
        ]
      },
      "properties": {
        "osm_type": "way",
        "osm_id": 888827372,
        "sido": "경기도",
        "name": "죽전변전소",
        "name_en": "",
        "substation_type": "distribution",
        "voltage": "154000",
        "frequency": "60",
        "operator": "",
        "location": "indoor"
      }
    },
    {
      "type": "Feature",
      "geometry": {
        "type": "Point",
        "coordinates": [
          127.242826,
          37.3083289
        ]
      },
      "properties": {
        "osm_type": "way",
        "osm_id": 888827376,
        "sido": "경기도",
        "name": "모현변전소",
        "name_en": "Mohyeon Substation",
        "substation_type": "distribution",
        "voltage": "154000",
        "frequency": "60",
        "operator": "",
        "location": "indoor"
      }
    },
    {
      "type": "Feature",
      "geometry": {
        "type": "Point",
        "coordinates": [
          127.1624405,
          37.2577137
        ]
      },
      "properties": {
        "osm_type": "way",
        "osm_id": 888827377,
        "sido": "경기도",
        "name": "동백변전소",
        "name_en": "East-Baekbyeon Substation",
        "substation_type": "distribution",
        "voltage": "154000",
        "frequency": "60",
        "operator": "",
        "location": "indoor"
      }
    },
    {
      "type": "Feature",
      "geometry": {
        "type": "Point",
        "coordinates": [
          127.1055427,
          37.2466618
        ]
      },
      "properties": {
        "osm_type": "way",
        "osm_id": 888827378,
        "sido": "경기도",
        "name": "기흥변전소",
        "name_en": "",
        "substation_type": "distribution",
        "voltage": "154000",
        "frequency": "60",
        "operator": "",
        "location": "indoor"
      }
    },
    {
      "type": "Feature",
      "geometry": {
        "type": "Point",
        "coordinates": [
          126.9643688,
          37.2574211
        ]
      },
      "properties": {
        "osm_type": "way",
        "osm_id": 888827379,
        "sido": "경기도",
        "name": "호매실변전소",
        "name_en": "",
        "substation_type": "distribution",
        "voltage": "154000",
        "frequency": "60",
        "operator": "",
        "location": "indoor"
      }
    },
    {
      "type": "Feature",
      "geometry": {
        "type": "Point",
        "coordinates": [
          126.9633831,
          37.3506684
        ]
      },
      "properties": {
        "osm_type": "way",
        "osm_id": 888827382,
        "sido": "경기도",
        "name": "의왕변전소",
        "name_en": "Uiwang Substation",
        "substation_type": "distribution",
        "voltage": "154000",
        "frequency": "60",
        "operator": "",
        "location": "indoor"
      }
    },
    {
      "type": "Feature",
      "geometry": {
        "type": "Point",
        "coordinates": [
          126.9831991,
          37.3023048
        ]
      },
      "properties": {
        "osm_type": "way",
        "osm_id": 888827400,
        "sido": "경기도",
        "name": "율전변전소",
        "name_en": "",
        "substation_type": "distribution",
        "voltage": "154000",
        "frequency": "60",
        "operator": "",
        "location": "indoor"
      }
    },
    {
      "type": "Feature",
      "geometry": {
        "type": "Point",
        "coordinates": [
          127.1070117,
          37.2942633
        ]
      },
      "properties": {
        "osm_type": "way",
        "osm_id": 889035356,
        "sido": "경기도",
        "name": "마북변전소",
        "name_en": "",
        "substation_type": "distribution",
        "voltage": "154000",
        "frequency": "60",
        "operator": "",
        "location": "indoor"
      }
    },
    {
      "type": "Feature",
      "geometry": {
        "type": "Point",
        "coordinates": [
          126.9543934,
          37.4000778
        ]
      },
      "properties": {
        "osm_type": "way",
        "osm_id": 889154606,
        "sido": "경기도",
        "name": "평촌변전소",
        "name_en": "",
        "substation_type": "distribution",
        "voltage": "154000",
        "frequency": "60",
        "operator": "",
        "location": "indoor"
      }
    },
    {
      "type": "Feature",
      "geometry": {
        "type": "Point",
        "coordinates": [
          127.2507479,
          37.0087214
        ]
      },
      "properties": {
        "osm_type": "way",
        "osm_id": 889154608,
        "sido": "경기도",
        "name": "남안성변전소",
        "name_en": "",
        "substation_type": "distribution",
        "voltage": "154000",
        "frequency": "60",
        "operator": "",
        "location": "indoor"
      }
    },
    {
      "type": "Feature",
      "geometry": {
        "type": "Point",
        "coordinates": [
          127.3534179,
          37.2551317
        ]
      },
      "properties": {
        "osm_type": "way",
        "osm_id": 889384863,
        "sido": "경기도",
        "name": "오천변전소",
        "name_en": "",
        "substation_type": "distribution",
        "voltage": "154000",
        "frequency": "60",
        "operator": "",
        "location": "indoor"
      }
    },
    {
      "type": "Feature",
      "geometry": {
        "type": "Point",
        "coordinates": [
          127.1992755,
          37.3513645
        ]
      },
      "properties": {
        "osm_type": "way",
        "osm_id": 889384864,
        "sido": "경기도",
        "name": "오포변전소",
        "name_en": "Opo Substation",
        "substation_type": "distribution",
        "voltage": "154000",
        "frequency": "60",
        "operator": "",
        "location": "indoor"
      }
    },
    {
      "type": "Feature",
      "geometry": {
        "type": "Point",
        "coordinates": [
          127.1191711,
          37.4207792
        ]
      },
      "properties": {
        "osm_type": "way",
        "osm_id": 889384865,
        "sido": "경기도",
        "name": "중원변전소",
        "name_en": "Jungwon Substation",
        "substation_type": "distribution;traction",
        "voltage": "154000;55000;27500",
        "frequency": "60",
        "operator": "",
        "location": "indoor"
      }
    },
    {
      "type": "Feature",
      "geometry": {
        "type": "Point",
        "coordinates": [
          127.4844289,
          37.2813435
        ]
      },
      "properties": {
        "osm_type": "way",
        "osm_id": 889384866,
        "sido": "경기도",
        "name": "이천변전소",
        "name_en": "Icheon Substation",
        "substation_type": "distribution",
        "voltage": "154000",
        "frequency": "60",
        "operator": "",
        "location": "outdoor"
      }
    },
    {
      "type": "Feature",
      "geometry": {
        "type": "Point",
        "coordinates": [
          127.4441691,
          37.2604672
        ]
      },
      "properties": {
        "osm_type": "way",
        "osm_id": 889384868,
        "sido": "경기도",
        "name": "율현변전소",
        "name_en": "Yulhyeon Substation",
        "substation_type": "distribution",
        "voltage": "154000",
        "frequency": "60",
        "operator": "",
        "location": "indoor"
      }
    },
    {
      "type": "Feature",
      "geometry": {
        "type": "Point",
        "coordinates": [
          127.3861184,
          37.0749783
        ]
      },
      "properties": {
        "osm_type": "way",
        "osm_id": 894167087,
        "sido": "경기도",
        "name": "삼죽변전소",
        "name_en": "Samjuk Substation",
        "substation_type": "distribution",
        "voltage": "154000",
        "frequency": "60",
        "operator": "",
        "location": "indoor"
      }
    },
    {
      "type": "Feature",
      "geometry": {
        "type": "Point",
        "coordinates": [
          127.0475875,
          37.7290717
        ]
      },
      "properties": {
        "osm_type": "way",
        "osm_id": 945074144,
        "sido": "경기도",
        "name": "한국철도공사 청량리전기사업소 의정부관리소",
        "name_en": "Uijeongbu Substation",
        "substation_type": "traction",
        "voltage": "154000;55000;27500",
        "frequency": "",
        "operator": "한국철도공사",
        "location": ""
      }
    },
    {
      "type": "Feature",
      "geometry": {
        "type": "Point",
        "coordinates": [
          126.7263636,
          37.7078312
        ]
      },
      "properties": {
        "osm_type": "way",
        "osm_id": 948583385,
        "sido": "경기도",
        "name": "운정변전소",
        "name_en": "Unjeong Substation",
        "substation_type": "distribution",
        "voltage": "154000",
        "frequency": "",
        "operator": "한국전력공사",
        "location": "indoor"
      }
    },
    {
      "type": "Feature",
      "geometry": {
        "type": "Point",
        "coordinates": [
          126.7286013,
          37.706981
        ]
      },
      "properties": {
        "osm_type": "way",
        "osm_id": 948583386,
        "sido": "경기도",
        "name": "",
        "name_en": "",
        "substation_type": "",
        "voltage": "",
        "frequency": "",
        "operator": "",
        "location": ""
      }
    },
    {
      "type": "Feature",
      "geometry": {
        "type": "Point",
        "coordinates": [
          126.7636186,
          37.7198368
        ]
      },
      "properties": {
        "osm_type": "way",
        "osm_id": 952568354,
        "sido": "경기도",
        "name": "",
        "name_en": "",
        "substation_type": "transition",
        "voltage": "",
        "frequency": "",
        "operator": "",
        "location": ""
      }
    },
    {
      "type": "Feature",
      "geometry": {
        "type": "Point",
        "coordinates": [
          126.7774965,
          37.1716598
        ]
      },
      "properties": {
        "osm_type": "way",
        "osm_id": 980402704,
        "sido": "경기도",
        "name": "마도변전소",
        "name_en": "",
        "substation_type": "distribution",
        "voltage": "154000",
        "frequency": "60",
        "operator": "",
        "location": "indoor"
      }
    },
    {
      "type": "Feature",
      "geometry": {
        "type": "Point",
        "coordinates": [
          126.8482693,
          37.1100383
        ]
      },
      "properties": {
        "osm_type": "way",
        "osm_id": 1046828983,
        "sido": "경기도",
        "name": "",
        "name_en": "",
        "substation_type": "distribution",
        "voltage": "154000",
        "frequency": "60",
        "operator": "",
        "location": ""
      }
    },
    {
      "type": "Feature",
      "geometry": {
        "type": "Point",
        "coordinates": [
          127.0691409,
          37.9912224
        ]
      },
      "properties": {
        "osm_type": "way",
        "osm_id": 1062575585,
        "sido": "경기도",
        "name": "",
        "name_en": "",
        "substation_type": "traction",
        "voltage": "154000;55000;27500",
        "frequency": "",
        "operator": "",
        "location": ""
      }
    },
    {
      "type": "Feature",
      "geometry": {
        "type": "Point",
        "coordinates": [
          127.0594214,
          37.9680903
        ]
      },
      "properties": {
        "osm_type": "way",
        "osm_id": 1082920050,
        "sido": "경기도",
        "name": "",
        "name_en": "",
        "substation_type": "traction",
        "voltage": "154000;55000;27500",
        "frequency": "",
        "operator": "",
        "location": ""
      }
    },
    {
      "type": "Feature",
      "geometry": {
        "type": "Point",
        "coordinates": [
          127.0749463,
          38.0127536
        ]
      },
      "properties": {
        "osm_type": "way",
        "osm_id": 1082920069,
        "sido": "경기도",
        "name": "",
        "name_en": "",
        "substation_type": "traction",
        "voltage": "154000;55000;27500",
        "frequency": "",
        "operator": "",
        "location": ""
      }
    },
    {
      "type": "Feature",
      "geometry": {
        "type": "Point",
        "coordinates": [
          126.7977231,
          37.0070434
        ]
      },
      "properties": {
        "osm_type": "way",
        "osm_id": 1093106964,
        "sido": "경기도",
        "name": "",
        "name_en": "",
        "substation_type": "transmission",
        "voltage": "",
        "frequency": "",
        "operator": "",
        "location": ""
      }
    },
    {
      "type": "Feature",
      "geometry": {
        "type": "Point",
        "coordinates": [
          127.1480074,
          37.365234
        ]
      },
      "properties": {
        "osm_type": "way",
        "osm_id": 1095918335,
        "sido": "경기도",
        "name": "",
        "name_en": "",
        "substation_type": "transmission",
        "voltage": "154000",
        "frequency": "60",
        "operator": "",
        "location": ""
      }
    },
    {
      "type": "Feature",
      "geometry": {
        "type": "Point",
        "coordinates": [
          127.2807179,
          37.3948735
        ]
      },
      "properties": {
        "osm_type": "way",
        "osm_id": 1102321399,
        "sido": "경기도",
        "name": "초월변전소",
        "name_en": "Chowol Substation",
        "substation_type": "distribution",
        "voltage": "154000",
        "frequency": "",
        "operator": "한국전력공사",
        "location": "indoor"
      }
    },
    {
      "type": "Feature",
      "geometry": {
        "type": "Point",
        "coordinates": [
          127.0654591,
          37.3649508
        ]
      },
      "properties": {
        "osm_type": "way",
        "osm_id": 1185467209,
        "sido": "경기도",
        "name": "",
        "name_en": "",
        "substation_type": "yes",
        "voltage": "",
        "frequency": "",
        "operator": "",
        "location": ""
      }
    },
    {
      "type": "Feature",
      "geometry": {
        "type": "Point",
        "coordinates": [
          126.9414009,
          37.2185657
        ]
      },
      "properties": {
        "osm_type": "way",
        "osm_id": 1193546754,
        "sido": "경기도",
        "name": "",
        "name_en": "",
        "substation_type": "traction",
        "voltage": "55000;27500",
        "frequency": "",
        "operator": "",
        "location": ""
      }
    },
    {
      "type": "Feature",
      "geometry": {
        "type": "Point",
        "coordinates": [
          126.9544558,
          37.1338765
        ]
      },
      "properties": {
        "osm_type": "way",
        "osm_id": 1193546755,
        "sido": "경기도",
        "name": "",
        "name_en": "",
        "substation_type": "traction",
        "voltage": "55000;27500",
        "frequency": "",
        "operator": "",
        "location": ""
      }
    },
    {
      "type": "Feature",
      "geometry": {
        "type": "Point",
        "coordinates": [
          126.9940278,
          37.0517813
        ]
      },
      "properties": {
        "osm_type": "way",
        "osm_id": 1193546756,
        "sido": "경기도",
        "name": "",
        "name_en": "",
        "substation_type": "traction",
        "voltage": "55000;27500",
        "frequency": "",
        "operator": "",
        "location": ""
      }
    },
    {
      "type": "Feature",
      "geometry": {
        "type": "Point",
        "coordinates": [
          127.3022646,
          37.5577025
        ]
      },
      "properties": {
        "osm_type": "way",
        "osm_id": 1193752835,
        "sido": "경기도",
        "name": "",
        "name_en": "",
        "substation_type": "traction",
        "voltage": "55000;27500",
        "frequency": "",
        "operator": "",
        "location": ""
      }
    },
    {
      "type": "Feature",
      "geometry": {
        "type": "Point",
        "coordinates": [
          127.3770493,
          37.5199682
        ]
      },
      "properties": {
        "osm_type": "way",
        "osm_id": 1193752836,
        "sido": "경기도",
        "name": "",
        "name_en": "",
        "substation_type": "traction",
        "voltage": "55000;27500",
        "frequency": "",
        "operator": "",
        "location": ""
      }
    },
    {
      "type": "Feature",
      "geometry": {
        "type": "Point",
        "coordinates": [
          127.4979566,
          37.4857397
        ]
      },
      "properties": {
        "osm_type": "way",
        "osm_id": 1193752837,
        "sido": "경기도",
        "name": "",
        "name_en": "",
        "substation_type": "traction",
        "voltage": "55000;27500",
        "frequency": "",
        "operator": "코레일",
        "location": ""
      }
    },
    {
      "type": "Feature",
      "geometry": {
        "type": "Point",
        "coordinates": [
          127.6033319,
          37.485694
        ]
      },
      "properties": {
        "osm_type": "way",
        "osm_id": 1193752838,
        "sido": "경기도",
        "name": "",
        "name_en": "",
        "substation_type": "traction",
        "voltage": "55000;27500",
        "frequency": "",
        "operator": "",
        "location": ""
      }
    },
    {
      "type": "Feature",
      "geometry": {
        "type": "Point",
        "coordinates": [
          127.7325785,
          37.436704
        ]
      },
      "properties": {
        "osm_type": "way",
        "osm_id": 1193752839,
        "sido": "경기도",
        "name": "",
        "name_en": "",
        "substation_type": "traction",
        "voltage": "55000;27500",
        "frequency": "",
        "operator": "",
        "location": ""
      }
    },
    {
      "type": "Feature",
      "geometry": {
        "type": "Point",
        "coordinates": [
          127.0638726,
          37.1194755
        ]
      },
      "properties": {
        "osm_type": "way",
        "osm_id": 1193762350,
        "sido": "경기도",
        "name": "",
        "name_en": "",
        "substation_type": "traction",
        "voltage": "55000;27500",
        "frequency": "",
        "operator": "",
        "location": ""
      }
    },
    {
      "type": "Feature",
      "geometry": {
        "type": "Point",
        "coordinates": [
          127.0698445,
          37.0286692
        ]
      },
      "properties": {
        "osm_type": "way",
        "osm_id": 1193762351,
        "sido": "경기도",
        "name": "",
        "name_en": "",
        "substation_type": "traction",
        "voltage": "55000;27500",
        "frequency": "",
        "operator": "",
        "location": ""
      }
    },
    {
      "type": "Feature",
      "geometry": {
        "type": "Point",
        "coordinates": [
          127.5693088,
          37.1704058
        ]
      },
      "properties": {
        "osm_type": "way",
        "osm_id": 1193762366,
        "sido": "경기도",
        "name": "",
        "name_en": "",
        "substation_type": "traction",
        "voltage": "55000;27500",
        "frequency": "",
        "operator": "",
        "location": ""
      }
    },
    {
      "type": "Feature",
      "geometry": {
        "type": "Point",
        "coordinates": [
          127.3617747,
          37.3471852
        ]
      },
      "properties": {
        "osm_type": "way",
        "osm_id": 1193762367,
        "sido": "경기도",
        "name": "",
        "name_en": "",
        "substation_type": "traction",
        "voltage": "55000;27500",
        "frequency": "",
        "operator": "",
        "location": ""
      }
    },
    {
      "type": "Feature",
      "geometry": {
        "type": "Point",
        "coordinates": [
          127.4103281,
          37.3043787
        ]
      },
      "properties": {
        "osm_type": "way",
        "osm_id": 1193762368,
        "sido": "경기도",
        "name": "",
        "name_en": "",
        "substation_type": "traction",
        "voltage": "55000;27500",
        "frequency": "",
        "operator": "",
        "location": ""
      }
    },
    {
      "type": "Feature",
      "geometry": {
        "type": "Point",
        "coordinates": [
          127.5043745,
          37.2640676
        ]
      },
      "properties": {
        "osm_type": "way",
        "osm_id": 1193762369,
        "sido": "경기도",
        "name": "",
        "name_en": "",
        "substation_type": "traction",
        "voltage": "55000;27500",
        "frequency": "",
        "operator": "",
        "location": ""
      }
    },
    {
      "type": "Feature",
      "geometry": {
        "type": "Point",
        "coordinates": [
          126.9153352,
          37.4106494
        ]
      },
      "properties": {
        "osm_type": "way",
        "osm_id": 1193850039,
        "sido": "경기도",
        "name": "",
        "name_en": "",
        "substation_type": "traction",
        "voltage": "55000;27500",
        "frequency": "",
        "operator": "",
        "location": ""
      }
    },
    {
      "type": "Feature",
      "geometry": {
        "type": "Point",
        "coordinates": [
          126.9483943,
          37.3275943
        ]
      },
      "properties": {
        "osm_type": "way",
        "osm_id": 1193850040,
        "sido": "경기도",
        "name": "",
        "name_en": "",
        "substation_type": "traction",
        "voltage": "55000;27500",
        "frequency": "",
        "operator": "",
        "location": ""
      }
    },
    {
      "type": "Feature",
      "geometry": {
        "type": "Point",
        "coordinates": [
          126.8910237,
          37.3056561
        ]
      },
      "properties": {
        "osm_type": "way",
        "osm_id": 1193850041,
        "sido": "경기도",
        "name": "",
        "name_en": "",
        "substation_type": "traction",
        "voltage": "154000;55000;27500",
        "frequency": "",
        "operator": "",
        "location": ""
      }
    },
    {
      "type": "Feature",
      "geometry": {
        "type": "Point",
        "coordinates": [
          127.0694922,
          36.9772559
        ]
      },
      "properties": {
        "osm_type": "way",
        "osm_id": 1194000566,
        "sido": "경기도",
        "name": "평택 급전구분소",
        "name_en": "Pyeongtaek Sectioning Post",
        "substation_type": "traction",
        "voltage": "55000;27500",
        "frequency": "",
        "operator": "",
        "location": ""
      }
    },
    {
      "type": "Feature",
      "geometry": {
        "type": "Point",
        "coordinates": [
          127.0889338,
          37.0729907
        ]
      },
      "properties": {
        "osm_type": "way",
        "osm_id": 1194000567,
        "sido": "경기도",
        "name": "지산 병렬급전소",
        "name_en": "Jisan Parallel Post",
        "substation_type": "traction",
        "voltage": "55000;27500",
        "frequency": "",
        "operator": "",
        "location": ""
      }
    },
    {
      "type": "Feature",
      "geometry": {
        "type": "Point",
        "coordinates": [
          127.0975987,
          37.1534028
        ]
      },
      "properties": {
        "osm_type": "way",
        "osm_id": 1194000568,
        "sido": "경기도",
        "name": "오산 변전소",
        "name_en": "Osan Substation",
        "substation_type": "traction",
        "voltage": "154000;55000;27500",
        "frequency": "",
        "operator": "",
        "location": ""
      }
    },
    {
      "type": "Feature",
      "geometry": {
        "type": "Point",
        "coordinates": [
          127.0973184,
          37.2241205
        ]
      },
      "properties": {
        "osm_type": "way",
        "osm_id": 1194000569,
        "sido": "경기도",
        "name": "고매 병렬급전소",
        "name_en": "Gomae Parallel Post",
        "substation_type": "traction",
        "voltage": "55000;27500",
        "frequency": "",
        "operator": "",
        "location": ""
      }
    },
    {
      "type": "Feature",
      "geometry": {
        "type": "Point",
        "coordinates": [
          127.1040001,
          37.3221516
        ]
      },
      "properties": {
        "osm_type": "way",
        "osm_id": 1194000570,
        "sido": "경기도",
        "name": "기흥 급전구분소",
        "name_en": "Giheung Sectioning Post",
        "substation_type": "traction",
        "voltage": "55000;27500",
        "frequency": "",
        "operator": "",
        "location": ""
      }
    },
    {
      "type": "Feature",
      "geometry": {
        "type": "Point",
        "coordinates": [
          126.6857473,
          37.6404559
        ]
      },
      "properties": {
        "osm_type": "way",
        "osm_id": 1202227429,
        "sido": "경기도",
        "name": "장기변전소",
        "name_en": "Janggi Substation",
        "substation_type": "distribution",
        "voltage": "154000",
        "frequency": "",
        "operator": "한국전력공사",
        "location": ""
      }
    },
    {
      "type": "Feature",
      "geometry": {
        "type": "Point",
        "coordinates": [
          126.6238595,
          37.6092007
        ]
      },
      "properties": {
        "osm_type": "way",
        "osm_id": 1206781392,
        "sido": "경기도",
        "name": "양촌변전소",
        "name_en": "",
        "substation_type": "",
        "voltage": "",
        "frequency": "",
        "operator": "한국전력공사",
        "location": ""
      }
    },
    {
      "type": "Feature",
      "geometry": {
        "type": "Point",
        "coordinates": [
          126.9547792,
          37.4002031
        ]
      },
      "properties": {
        "osm_type": "way",
        "osm_id": 1212154184,
        "sido": "경기도",
        "name": "관양변전소",
        "name_en": "",
        "substation_type": "distribution",
        "voltage": "154000",
        "frequency": "60",
        "operator": "",
        "location": "indoor"
      }
    },
    {
      "type": "Feature",
      "geometry": {
        "type": "Point",
        "coordinates": [
          126.5909197,
          37.6882739
        ]
      },
      "properties": {
        "osm_type": "way",
        "osm_id": 1212770260,
        "sido": "경기도",
        "name": "통진변전소",
        "name_en": "",
        "substation_type": "",
        "voltage": "",
        "frequency": "",
        "operator": "한국전력공사",
        "location": ""
      }
    },
    {
      "type": "Feature",
      "geometry": {
        "type": "Point",
        "coordinates": [
          126.6635222,
          37.6523704
        ]
      },
      "properties": {
        "osm_type": "way",
        "osm_id": 1226897666,
        "sido": "경기도",
        "name": "",
        "name_en": "",
        "substation_type": "",
        "voltage": "",
        "frequency": "",
        "operator": "한국전력공사",
        "location": ""
      }
    },
    {
      "type": "Feature",
      "geometry": {
        "type": "Point",
        "coordinates": [
          127.0725724,
          38.0990878
        ]
      },
      "properties": {
        "osm_type": "way",
        "osm_id": 1232846530,
        "sido": "경기도",
        "name": "청량리전기사업소 연천보조급전소",
        "name_en": "",
        "substation_type": "traction",
        "voltage": "154000;55000;27500",
        "frequency": "",
        "operator": "",
        "location": ""
      }
    },
    {
      "type": "Feature",
      "geometry": {
        "type": "Point",
        "coordinates": [
          126.7461858,
          37.3502216
        ]
      },
      "properties": {
        "osm_type": "way",
        "osm_id": 1232961799,
        "sido": "경기도",
        "name": "북시화변전소",
        "name_en": "North-Shihwa Substation",
        "substation_type": "distribution",
        "voltage": "154000",
        "frequency": "60",
        "operator": "",
        "location": "indoor"
      }
    },
    {
      "type": "Feature",
      "geometry": {
        "type": "Point",
        "coordinates": [
          126.8418164,
          37.3478331
        ]
      },
      "properties": {
        "osm_type": "way",
        "osm_id": 1255613376,
        "sido": "경기도",
        "name": "북안산변전소",
        "name_en": "",
        "substation_type": "",
        "voltage": "154000",
        "frequency": "60",
        "operator": "",
        "location": "indoor"
      }
    },
    {
      "type": "Feature",
      "geometry": {
        "type": "Point",
        "coordinates": [
          127.0365323,
          37.0443726
        ]
      },
      "properties": {
        "osm_type": "way",
        "osm_id": 1255615306,
        "sido": "경기도",
        "name": "동평택에너지센터",
        "name_en": "",
        "substation_type": "",
        "voltage": "154000",
        "frequency": "60",
        "operator": "",
        "location": "indoor"
      }
    },
    {
      "type": "Feature",
      "geometry": {
        "type": "Point",
        "coordinates": [
          127.1923412,
          37.5416815
        ]
      },
      "properties": {
        "osm_type": "way",
        "osm_id": 1259317127,
        "sido": "경기도",
        "name": "",
        "name_en": "",
        "substation_type": "transition",
        "voltage": "345000",
        "frequency": "",
        "operator": "한국전력공사",
        "location": ""
      }
    },
    {
      "type": "Feature",
      "geometry": {
        "type": "Point",
        "coordinates": [
          127.1783837,
          37.5801802
        ]
      },
      "properties": {
        "osm_type": "way",
        "osm_id": 1259317133,
        "sido": "경기도",
        "name": "",
        "name_en": "",
        "substation_type": "transition",
        "voltage": "345000",
        "frequency": "",
        "operator": "한국전력공사",
        "location": ""
      }
    },
    {
      "type": "Feature",
      "geometry": {
        "type": "Point",
        "coordinates": [
          126.9459053,
          36.9905516
        ]
      },
      "properties": {
        "osm_type": "way",
        "osm_id": 1341540651,
        "sido": "경기도",
        "name": "",
        "name_en": "",
        "substation_type": "",
        "voltage": "",
        "frequency": "",
        "operator": "",
        "location": ""
      }
    },
    {
      "type": "Feature",
      "geometry": {
        "type": "Point",
        "coordinates": [
          127.0667754,
          37.3163285
        ]
      },
      "properties": {
        "osm_type": "way",
        "osm_id": 1377151138,
        "sido": "경기도",
        "name": "",
        "name_en": "",
        "substation_type": "",
        "voltage": "",
        "frequency": "",
        "operator": "",
        "location": ""
      }
    },
    {
      "type": "Feature",
      "geometry": {
        "type": "Point",
        "coordinates": [
          127.2019595,
          37.6138051
        ]
      },
      "properties": {
        "osm_type": "way",
        "osm_id": 1420475019,
        "sido": "경기도",
        "name": "",
        "name_en": "",
        "substation_type": "",
        "voltage": "",
        "frequency": "",
        "operator": "",
        "location": ""
      }
    },
    {
      "type": "Feature",
      "geometry": {
        "type": "Point",
        "coordinates": [
          127.2099042,
          37.6146586
        ]
      },
      "properties": {
        "osm_type": "way",
        "osm_id": 1420475021,
        "sido": "경기도",
        "name": "",
        "name_en": "",
        "substation_type": "",
        "voltage": "",
        "frequency": "",
        "operator": "",
        "location": ""
      }
    },
    {
      "type": "Feature",
      "geometry": {
        "type": "Point",
        "coordinates": [
          127.1708975,
          37.5149117
        ]
      },
      "properties": {
        "osm_type": "way",
        "osm_id": 1437055664,
        "sido": "경기도",
        "name": "",
        "name_en": "",
        "substation_type": "transition",
        "voltage": "345000",
        "frequency": "",
        "operator": "한국전력공사",
        "location": ""
      }
    },
    {
      "type": "Feature",
      "geometry": {
        "type": "Point",
        "coordinates": [
          127.1720357,
          37.5126029
        ]
      },
      "properties": {
        "osm_type": "way",
        "osm_id": 1437055667,
        "sido": "경기도",
        "name": "",
        "name_en": "",
        "substation_type": "transition",
        "voltage": "345000",
        "frequency": "",
        "operator": "한국전력공사",
        "location": ""
      }
    },
    {
      "type": "Feature",
      "geometry": {
        "type": "Point",
        "coordinates": [
          127.1718701,
          37.5130487
        ]
      },
      "properties": {
        "osm_type": "way",
        "osm_id": 1437055669,
        "sido": "경기도",
        "name": "",
        "name_en": "",
        "substation_type": "transition",
        "voltage": "345000",
        "frequency": "",
        "operator": "한국전력공사",
        "location": ""
      }
    },
    {
      "type": "Feature",
      "geometry": {
        "type": "Point",
        "coordinates": [
          127.1665262,
          37.5173309
        ]
      },
      "properties": {
        "osm_type": "way",
        "osm_id": 1437055673,
        "sido": "경기도",
        "name": "",
        "name_en": "",
        "substation_type": "transition",
        "voltage": "345000",
        "frequency": "",
        "operator": "한국전력공사",
        "location": ""
      }
    },
    {
      "type": "Feature",
      "geometry": {
        "type": "Point",
        "coordinates": [
          127.1445683,
          37.506086
        ]
      },
      "properties": {
        "osm_type": "way",
        "osm_id": 1437055675,
        "sido": "경기도",
        "name": "",
        "name_en": "",
        "substation_type": "transition",
        "voltage": "345000",
        "frequency": "",
        "operator": "한국전력공사",
        "location": ""
      }
    },
    {
      "type": "Feature",
      "geometry": {
        "type": "Point",
        "coordinates": [
          127.4261104,
          34.9450398
        ]
      },
      "properties": {
        "osm_type": "node",
        "osm_id": 4765741833,
        "sido": "전라남도",
        "name": "",
        "name_en": "",
        "substation_type": "transmission",
        "voltage": "154000",
        "frequency": "60",
        "operator": "",
        "location": ""
      }
    },
    {
      "type": "Feature",
      "geometry": {
        "type": "Point",
        "coordinates": [
          126.422438,
          35.4126486
        ]
      },
      "properties": {
        "osm_type": "way",
        "osm_id": 143990783,
        "sido": "전라남도",
        "name": "",
        "name_en": "",
        "substation_type": "transmission",
        "voltage": "",
        "frequency": "60",
        "operator": "",
        "location": "outdoor"
      }
    },
    {
      "type": "Feature",
      "geometry": {
        "type": "Point",
        "coordinates": [
          126.4128101,
          35.4073802
        ]
      },
      "properties": {
        "osm_type": "way",
        "osm_id": 143990784,
        "sido": "전라남도",
        "name": "",
        "name_en": "",
        "substation_type": "transmission",
        "voltage": "345000",
        "frequency": "60",
        "operator": "",
        "location": "outdoor"
      }
    },
    {
      "type": "Feature",
      "geometry": {
        "type": "Point",
        "coordinates": [
          126.4180366,
          35.4100509
        ]
      },
      "properties": {
        "osm_type": "way",
        "osm_id": 143990785,
        "sido": "전라남도",
        "name": "",
        "name_en": "",
        "substation_type": "transmission",
        "voltage": "345000",
        "frequency": "60",
        "operator": "",
        "location": "outdoor"
      }
    },
    {
      "type": "Feature",
      "geometry": {
        "type": "Point",
        "coordinates": [
          127.6227454,
          34.9701005
        ]
      },
      "properties": {
        "osm_type": "way",
        "osm_id": 310293553,
        "sido": "전라남도",
        "name": "광양변전소",
        "name_en": "Gwangyang Substation",
        "substation_type": "transmission",
        "voltage": "345000",
        "frequency": "60",
        "operator": "",
        "location": "outdoor"
      }
    },
    {
      "type": "Feature",
      "geometry": {
        "type": "Point",
        "coordinates": [
          127.5134434,
          34.9503226
        ]
      },
      "properties": {
        "osm_type": "way",
        "osm_id": 310378766,
        "sido": "전라남도",
        "name": "순천변전소",
        "name_en": "Suncheon Substation",
        "substation_type": "transmission",
        "voltage": "154000",
        "frequency": "60",
        "operator": "",
        "location": "outdoor"
      }
    },
    {
      "type": "Feature",
      "geometry": {
        "type": "Point",
        "coordinates": [
          126.9308044,
          34.964622
        ]
      },
      "properties": {
        "osm_type": "way",
        "osm_id": 311144491,
        "sido": "전라남도",
        "name": "신화순변전소",
        "name_en": "Shin-Hwasun Substation",
        "substation_type": "transmission",
        "voltage": "345000",
        "frequency": "60",
        "operator": "",
        "location": "outdoor"
      }
    },
    {
      "type": "Feature",
      "geometry": {
        "type": "Point",
        "coordinates": [
          126.5926674,
          34.3675385
        ]
      },
      "properties": {
        "osm_type": "way",
        "osm_id": 311144496,
        "sido": "전라남도",
        "name": "해남변환소",
        "name_en": "",
        "substation_type": "converter",
        "voltage": "180000",
        "frequency": "0",
        "operator": "KEPCO",
        "location": "outdoor"
      }
    },
    {
      "type": "Feature",
      "geometry": {
        "type": "Point",
        "coordinates": [
          126.4810321,
          35.2818527
        ]
      },
      "properties": {
        "osm_type": "way",
        "osm_id": 312897593,
        "sido": "전라남도",
        "name": "영광변전소",
        "name_en": "Yeonggwang Substation",
        "substation_type": "distribution",
        "voltage": "154000",
        "frequency": "60",
        "operator": "",
        "location": "outdoor"
      }
    },
    {
      "type": "Feature",
      "geometry": {
        "type": "Point",
        "coordinates": [
          126.6164841,
          34.4115039
        ]
      },
      "properties": {
        "osm_type": "way",
        "osm_id": 316124722,
        "sido": "전라남도",
        "name": "남창변전소",
        "name_en": "",
        "substation_type": "distribution",
        "voltage": "154000",
        "frequency": "60",
        "operator": "",
        "location": "outdoor"
      }
    },
    {
      "type": "Feature",
      "geometry": {
        "type": "Point",
        "coordinates": [
          126.5783553,
          34.5665596
        ]
      },
      "properties": {
        "osm_type": "way",
        "osm_id": 316124775,
        "sido": "전라남도",
        "name": "해남변전소",
        "name_en": "",
        "substation_type": "distribution",
        "voltage": "154000",
        "frequency": "60",
        "operator": "",
        "location": "outdoor"
      }
    },
    {
      "type": "Feature",
      "geometry": {
        "type": "Point",
        "coordinates": [
          126.7652768,
          35.2790879
        ]
      },
      "properties": {
        "osm_type": "way",
        "osm_id": 372869919,
        "sido": "전라남도",
        "name": "장성변전소",
        "name_en": "Jangseong Substation",
        "substation_type": "distribution",
        "voltage": "154000",
        "frequency": "60",
        "operator": "",
        "location": "indoor"
      }
    },
    {
      "type": "Feature",
      "geometry": {
        "type": "Point",
        "coordinates": [
          126.4581284,
          34.763079
        ]
      },
      "properties": {
        "osm_type": "way",
        "osm_id": 372869923,
        "sido": "전라남도",
        "name": "대불변전소",
        "name_en": "",
        "substation_type": "distribution",
        "voltage": "154000",
        "frequency": "60",
        "operator": "",
        "location": "outdoor"
      }
    },
    {
      "type": "Feature",
      "geometry": {
        "type": "Point",
        "coordinates": [
          126.3800296,
          34.8217017
        ]
      },
      "properties": {
        "osm_type": "way",
        "osm_id": 372869924,
        "sido": "전라남도",
        "name": "북항변전소",
        "name_en": "",
        "substation_type": "distribution",
        "voltage": "154000",
        "frequency": "60",
        "operator": "",
        "location": "indoor"
      }
    },
    {
      "type": "Feature",
      "geometry": {
        "type": "Point",
        "coordinates": [
          126.7253964,
          34.9914843
        ]
      },
      "properties": {
        "osm_type": "way",
        "osm_id": 372869928,
        "sido": "전라남도",
        "name": "나주변전소",
        "name_en": "Naju Substation",
        "substation_type": "distribution",
        "voltage": "154000",
        "frequency": "60",
        "operator": "",
        "location": "outdoor"
      }
    },
    {
      "type": "Feature",
      "geometry": {
        "type": "Point",
        "coordinates": [
          127.3304301,
          34.8535988
        ]
      },
      "properties": {
        "osm_type": "way",
        "osm_id": 475981928,
        "sido": "전라남도",
        "name": "벌교변전소",
        "name_en": "Beolgyo Substation",
        "substation_type": "distribution",
        "voltage": "154000",
        "frequency": "60",
        "operator": "한국전력공사",
        "location": "indoor"
      }
    },
    {
      "type": "Feature",
      "geometry": {
        "type": "Point",
        "coordinates": [
          127.0867685,
          34.7819651
        ]
      },
      "properties": {
        "osm_type": "way",
        "osm_id": 475981930,
        "sido": "전라남도",
        "name": "보성변전소",
        "name_en": "",
        "substation_type": "distribution",
        "voltage": "154000",
        "frequency": "60",
        "operator": "한국전력공사",
        "location": "indoor"
      }
    },
    {
      "type": "Feature",
      "geometry": {
        "type": "Point",
        "coordinates": [
          127.7501518,
          34.9407972
        ]
      },
      "properties": {
        "osm_type": "way",
        "osm_id": 481212941,
        "sido": "전라남도",
        "name": "태금변전소",
        "name_en": "Taegeum Substation",
        "substation_type": "distribution",
        "voltage": "154000",
        "frequency": "60",
        "operator": "",
        "location": "indoor"
      }
    },
    {
      "type": "Feature",
      "geometry": {
        "type": "Point",
        "coordinates": [
          127.4796133,
          34.9090384
        ]
      },
      "properties": {
        "osm_type": "way",
        "osm_id": 483825187,
        "sido": "전라남도",
        "name": "서순천변전소",
        "name_en": "Seo-Suncheon Substation",
        "substation_type": "distribution",
        "voltage": "154000",
        "frequency": "60",
        "operator": "",
        "location": "indoor"
      }
    },
    {
      "type": "Feature",
      "geometry": {
        "type": "Point",
        "coordinates": [
          127.2543504,
          34.578158
        ]
      },
      "properties": {
        "osm_type": "way",
        "osm_id": 483843002,
        "sido": "전라남도",
        "name": "고흥변전소",
        "name_en": "",
        "substation_type": "distribution",
        "voltage": "154000",
        "frequency": "60",
        "operator": "",
        "location": ""
      }
    },
    {
      "type": "Feature",
      "geometry": {
        "type": "Point",
        "coordinates": [
          126.9231172,
          34.6981651
        ]
      },
      "properties": {
        "osm_type": "way",
        "osm_id": 484635306,
        "sido": "전라남도",
        "name": "장흥변전소",
        "name_en": "",
        "substation_type": "distribution",
        "voltage": "154000",
        "frequency": "60",
        "operator": "",
        "location": "outdoor"
      }
    },
    {
      "type": "Feature",
      "geometry": {
        "type": "Point",
        "coordinates": [
          127.4418451,
          35.0389287
        ]
      },
      "properties": {
        "osm_type": "way",
        "osm_id": 484637894,
        "sido": "전라남도",
        "name": "",
        "name_en": "",
        "substation_type": "distribution;traction",
        "voltage": "154000;55000;27500",
        "frequency": "60",
        "operator": "",
        "location": ""
      }
    },
    {
      "type": "Feature",
      "geometry": {
        "type": "Point",
        "coordinates": [
          126.4183961,
          34.8194564
        ]
      },
      "properties": {
        "osm_type": "way",
        "osm_id": 486912122,
        "sido": "전라남도",
        "name": "목포변전소",
        "name_en": "",
        "substation_type": "distribution",
        "voltage": "154000",
        "frequency": "",
        "operator": "한국전력공사",
        "location": "indoor"
      }
    },
    {
      "type": "Feature",
      "geometry": {
        "type": "Point",
        "coordinates": [
          126.6828078,
          34.834187
        ]
      },
      "properties": {
        "osm_type": "way",
        "osm_id": 537071239,
        "sido": "전라남도",
        "name": "영암변전소",
        "name_en": "",
        "substation_type": "distribution",
        "voltage": "154000",
        "frequency": "60",
        "operator": "한국전력공사",
        "location": "outdoor"
      }
    },
    {
      "type": "Feature",
      "geometry": {
        "type": "Point",
        "coordinates": [
          126.7549842,
          34.6455506
        ]
      },
      "properties": {
        "osm_type": "way",
        "osm_id": 537300855,
        "sido": "전라남도",
        "name": "강진변전소",
        "name_en": "",
        "substation_type": "",
        "voltage": "154000",
        "frequency": "60",
        "operator": "한국전력공사",
        "location": "outdoor"
      }
    },
    {
      "type": "Feature",
      "geometry": {
        "type": "Point",
        "coordinates": [
          127.692953,
          34.8390824
        ]
      },
      "properties": {
        "osm_type": "way",
        "osm_id": 614454744,
        "sido": "전라남도",
        "name": "한국발전기술",
        "name_en": "",
        "substation_type": "transmission",
        "voltage": "345000",
        "frequency": "60",
        "operator": "",
        "location": ""
      }
    },
    {
      "type": "Feature",
      "geometry": {
        "type": "Point",
        "coordinates": [
          127.6689059,
          34.8130414
        ]
      },
      "properties": {
        "osm_type": "way",
        "osm_id": 644467113,
        "sido": "전라남도",
        "name": "여천변전소",
        "name_en": "Yeocheon Substation",
        "substation_type": "distribution",
        "voltage": "154000",
        "frequency": "60",
        "operator": "",
        "location": "indoor"
      }
    },
    {
      "type": "Feature",
      "geometry": {
        "type": "Point",
        "coordinates": [
          127.6675716,
          34.812789
        ]
      },
      "properties": {
        "osm_type": "way",
        "osm_id": 644467114,
        "sido": "전라남도",
        "name": "여수산단개폐소",
        "name_en": "Yeosusandan Substation",
        "substation_type": "distribution",
        "voltage": "154000",
        "frequency": "60",
        "operator": "",
        "location": "indoor"
      }
    },
    {
      "type": "Feature",
      "geometry": {
        "type": "Point",
        "coordinates": [
          126.3290347,
          34.6852695
        ]
      },
      "properties": {
        "osm_type": "way",
        "osm_id": 672491165,
        "sido": "전라남도",
        "name": "화원변전소",
        "name_en": "Hwawon Substation",
        "substation_type": "distribution",
        "voltage": "154000",
        "frequency": "60",
        "operator": "",
        "location": "indoor"
      }
    },
    {
      "type": "Feature",
      "geometry": {
        "type": "Point",
        "coordinates": [
          126.2714233,
          34.5196432
        ]
      },
      "properties": {
        "osm_type": "way",
        "osm_id": 672492834,
        "sido": "전라남도",
        "name": "진도변전소",
        "name_en": "Jindo Substation",
        "substation_type": "distribution",
        "voltage": "154000",
        "frequency": "60",
        "operator": "",
        "location": "indoor"
      }
    },
    {
      "type": "Feature",
      "geometry": {
        "type": "Point",
        "coordinates": [
          126.1306417,
          34.7422794
        ]
      },
      "properties": {
        "osm_type": "way",
        "osm_id": 672493383,
        "sido": "전라남도",
        "name": "안좌변전소",
        "name_en": "Anjwa Substation",
        "substation_type": "distribution",
        "voltage": "154000",
        "frequency": "60",
        "operator": "",
        "location": "indoor"
      }
    },
    {
      "type": "Feature",
      "geometry": {
        "type": "Point",
        "coordinates": [
          126.7353852,
          34.3338568
        ]
      },
      "properties": {
        "osm_type": "way",
        "osm_id": 718040367,
        "sido": "전라남도",
        "name": "완도변전소",
        "name_en": "",
        "substation_type": "distribution",
        "voltage": "154000",
        "frequency": "60",
        "operator": "",
        "location": "indoor"
      }
    },
    {
      "type": "Feature",
      "geometry": {
        "type": "Point",
        "coordinates": [
          126.4694778,
          34.3557154
        ]
      },
      "properties": {
        "osm_type": "way",
        "osm_id": 723801103,
        "sido": "전라남도",
        "name": "",
        "name_en": "",
        "substation_type": "yes",
        "voltage": "",
        "frequency": "",
        "operator": "",
        "location": ""
      }
    },
    {
      "type": "Feature",
      "geometry": {
        "type": "Point",
        "coordinates": [
          126.7941219,
          35.0245347
        ]
      },
      "properties": {
        "osm_type": "way",
        "osm_id": 891014019,
        "sido": "전라남도",
        "name": "",
        "name_en": "",
        "substation_type": "",
        "voltage": "",
        "frequency": "",
        "operator": "우정사업정보센터",
        "location": ""
      }
    },
    {
      "type": "Feature",
      "geometry": {
        "type": "Point",
        "coordinates": [
          127.6356594,
          34.7763453
        ]
      },
      "properties": {
        "osm_type": "way",
        "osm_id": 892603990,
        "sido": "전라남도",
        "name": "소라변전소",
        "name_en": "Sora Substation",
        "substation_type": "distribution",
        "voltage": "154000",
        "frequency": "60",
        "operator": "",
        "location": "indoor"
      }
    },
    {
      "type": "Feature",
      "geometry": {
        "type": "Point",
        "coordinates": [
          127.5749907,
          34.9001302
        ]
      },
      "properties": {
        "osm_type": "way",
        "osm_id": 892603991,
        "sido": "전라남도",
        "name": "율촌변전소",
        "name_en": "Yulchon Substation",
        "substation_type": "distribution",
        "voltage": "154000",
        "frequency": "60",
        "operator": "",
        "location": "outdoor"
      }
    },
    {
      "type": "Feature",
      "geometry": {
        "type": "Point",
        "coordinates": [
          127.6965102,
          34.769947
        ]
      },
      "properties": {
        "osm_type": "way",
        "osm_id": 892604003,
        "sido": "전라남도",
        "name": "여수변전소",
        "name_en": "Yeosu Substation",
        "substation_type": "distribution",
        "voltage": "154000",
        "frequency": "60",
        "operator": "",
        "location": "indoor"
      }
    },
    {
      "type": "Feature",
      "geometry": {
        "type": "Point",
        "coordinates": [
          127.6776768,
          34.9595343
        ]
      },
      "properties": {
        "osm_type": "way",
        "osm_id": 892604005,
        "sido": "전라남도",
        "name": "백운변전소",
        "name_en": "Baekun Substation",
        "substation_type": "distribution",
        "voltage": "154000",
        "frequency": "60",
        "operator": "",
        "location": "indoor"
      }
    },
    {
      "type": "Feature",
      "geometry": {
        "type": "Point",
        "coordinates": [
          127.2651102,
          35.0436212
        ]
      },
      "properties": {
        "osm_type": "way",
        "osm_id": 892604006,
        "sido": "전라남도",
        "name": "승주변전소",
        "name_en": "Seungju Substation",
        "substation_type": "distribution",
        "voltage": "154000",
        "frequency": "60",
        "operator": "",
        "location": "indoor"
      }
    },
    {
      "type": "Feature",
      "geometry": {
        "type": "Point",
        "coordinates": [
          127.2304679,
          35.3267056
        ]
      },
      "properties": {
        "osm_type": "way",
        "osm_id": 892604023,
        "sido": "전라남도",
        "name": "곡성변전소",
        "name_en": "Gokseong Substation",
        "substation_type": "distribution",
        "voltage": "154000",
        "frequency": "60",
        "operator": "",
        "location": "outdoor"
      }
    },
    {
      "type": "Feature",
      "geometry": {
        "type": "Point",
        "coordinates": [
          127.4590002,
          35.1954033
        ]
      },
      "properties": {
        "osm_type": "way",
        "osm_id": 892604029,
        "sido": "전라남도",
        "name": "구례변전소",
        "name_en": "Gurye Substation",
        "substation_type": "distribution",
        "voltage": "154000",
        "frequency": "60",
        "operator": "",
        "location": "indoor"
      }
    },
    {
      "type": "Feature",
      "geometry": {
        "type": "Point",
        "coordinates": [
          126.8006708,
          35.0092154
        ]
      },
      "properties": {
        "osm_type": "way",
        "osm_id": 892604030,
        "sido": "전라남도",
        "name": "금천변전소",
        "name_en": "",
        "substation_type": "distribution",
        "voltage": "154000",
        "frequency": "60",
        "operator": "",
        "location": "indoor"
      }
    },
    {
      "type": "Feature",
      "geometry": {
        "type": "Point",
        "coordinates": [
          127.6443263,
          34.820052
        ]
      },
      "properties": {
        "osm_type": "way",
        "osm_id": 892833025,
        "sido": "전라남도",
        "name": "화치변전소",
        "name_en": "Hwachi Substation",
        "substation_type": "distribution",
        "voltage": "154000",
        "frequency": "60",
        "operator": "",
        "location": "outdoor"
      }
    },
    {
      "type": "Feature",
      "geometry": {
        "type": "Point",
        "coordinates": [
          127.024713,
          35.3502245
        ]
      },
      "properties": {
        "osm_type": "way",
        "osm_id": 892965058,
        "sido": "전라남도",
        "name": "담양변전소",
        "name_en": "Damyang Substation",
        "substation_type": "distribution",
        "voltage": "154000",
        "frequency": "60",
        "operator": "",
        "location": "outdoor"
      }
    },
    {
      "type": "Feature",
      "geometry": {
        "type": "Point",
        "coordinates": [
          126.3942289,
          34.7414422
        ]
      },
      "properties": {
        "osm_type": "way",
        "osm_id": 892965059,
        "sido": "전라남도",
        "name": "삼호변전소",
        "name_en": "",
        "substation_type": "distribution",
        "voltage": "154000",
        "frequency": "60",
        "operator": "",
        "location": "indoor"
      }
    },
    {
      "type": "Feature",
      "geometry": {
        "type": "Point",
        "coordinates": [
          126.1870873,
          34.3855343
        ]
      },
      "properties": {
        "osm_type": "way",
        "osm_id": 892965065,
        "sido": "전라남도",
        "name": "진도변환소",
        "name_en": "Jindo Conversion Station",
        "substation_type": "converter",
        "voltage": "250000",
        "frequency": "0",
        "operator": "",
        "location": "outdoor"
      }
    },
    {
      "type": "Feature",
      "geometry": {
        "type": "Point",
        "coordinates": [
          126.5114253,
          35.0058984
        ]
      },
      "properties": {
        "osm_type": "way",
        "osm_id": 893166760,
        "sido": "전라남도",
        "name": "엄다변전소",
        "name_en": "Eomda Substation",
        "substation_type": "distribution",
        "voltage": "154000",
        "frequency": "60",
        "operator": "",
        "location": "indoor"
      }
    },
    {
      "type": "Feature",
      "geometry": {
        "type": "Point",
        "coordinates": [
          126.3958862,
          35.0267786
        ]
      },
      "properties": {
        "osm_type": "way",
        "osm_id": 893166762,
        "sido": "전라남도",
        "name": "운남변전소",
        "name_en": "Unnam Substation",
        "substation_type": "distribution",
        "voltage": "154000",
        "frequency": "60",
        "operator": "",
        "location": "indoor"
      }
    },
    {
      "type": "Feature",
      "geometry": {
        "type": "Point",
        "coordinates": [
          127.045115,
          35.0314794
        ]
      },
      "properties": {
        "osm_type": "way",
        "osm_id": 893166767,
        "sido": "전라남도",
        "name": "화순변전소",
        "name_en": "Hwasun Substation",
        "substation_type": "distribution",
        "voltage": "154000",
        "frequency": "60",
        "operator": "",
        "location": "outdoor"
      }
    },
    {
      "type": "Feature",
      "geometry": {
        "type": "Point",
        "coordinates": [
          127.6837722,
          34.8404216
        ]
      },
      "properties": {
        "osm_type": "way",
        "osm_id": 894856077,
        "sido": "전라남도",
        "name": "용성변전소",
        "name_en": "",
        "substation_type": "distribution",
        "voltage": "154000",
        "frequency": "60",
        "operator": "",
        "location": "outdoor"
      }
    },
    {
      "type": "Feature",
      "geometry": {
        "type": "Point",
        "coordinates": [
          126.9505463,
          35.3121326
        ]
      },
      "properties": {
        "osm_type": "way",
        "osm_id": 964994480,
        "sido": "전라남도",
        "name": "",
        "name_en": "",
        "substation_type": "",
        "voltage": "",
        "frequency": "",
        "operator": "",
        "location": ""
      }
    },
    {
      "type": "Feature",
      "geometry": {
        "type": "Point",
        "coordinates": [
          126.1267227,
          34.754941
        ]
      },
      "properties": {
        "osm_type": "way",
        "osm_id": 1093623889,
        "sido": "전라남도",
        "name": "안좌개폐소",
        "name_en": "Anjwa Switching Station",
        "substation_type": "distribution",
        "voltage": "154000",
        "frequency": "60",
        "operator": "",
        "location": ""
      }
    },
    {
      "type": "Feature",
      "geometry": {
        "type": "Point",
        "coordinates": [
          126.7179605,
          35.0210357
        ]
      },
      "properties": {
        "osm_type": "way",
        "osm_id": 1093623891,
        "sido": "전라남도",
        "name": "",
        "name_en": "",
        "substation_type": "",
        "voltage": "154000",
        "frequency": "",
        "operator": "",
        "location": ""
      }
    },
    {
      "type": "Feature",
      "geometry": {
        "type": "Point",
        "coordinates": [
          127.7395844,
          34.9306231
        ]
      },
      "properties": {
        "osm_type": "way",
        "osm_id": 1093791556,
        "sido": "전라남도",
        "name": "",
        "name_en": "",
        "substation_type": "",
        "voltage": "",
        "frequency": "",
        "operator": "",
        "location": ""
      }
    },
    {
      "type": "Feature",
      "geometry": {
        "type": "Point",
        "coordinates": [
          126.4143757,
          35.4040265
        ]
      },
      "properties": {
        "osm_type": "way",
        "osm_id": 1094349456,
        "sido": "전라남도",
        "name": "",
        "name_en": "",
        "substation_type": "transmission",
        "voltage": "154000",
        "frequency": "60",
        "operator": "",
        "location": "outdoor"
      }
    },
    {
      "type": "Feature",
      "geometry": {
        "type": "Point",
        "coordinates": [
          126.420526,
          35.4077938
        ]
      },
      "properties": {
        "osm_type": "way",
        "osm_id": 1094349457,
        "sido": "전라남도",
        "name": "",
        "name_en": "",
        "substation_type": "",
        "voltage": "380000",
        "frequency": "60",
        "operator": "",
        "location": "outdoor"
      }
    },
    {
      "type": "Feature",
      "geometry": {
        "type": "Point",
        "coordinates": [
          126.4164115,
          35.4060864
        ]
      },
      "properties": {
        "osm_type": "way",
        "osm_id": 1094349469,
        "sido": "전라남도",
        "name": "",
        "name_en": "",
        "substation_type": "transmission",
        "voltage": "345000",
        "frequency": "60",
        "operator": "",
        "location": "outdoor"
      }
    },
    {
      "type": "Feature",
      "geometry": {
        "type": "Point",
        "coordinates": [
          126.7637401,
          35.2732189
        ]
      },
      "properties": {
        "osm_type": "way",
        "osm_id": 1135323470,
        "sido": "전라남도",
        "name": "장성급전구분소",
        "name_en": "Jangseong Sectioning Post",
        "substation_type": "traction",
        "voltage": "55000;27500",
        "frequency": "",
        "operator": "한국철도시설공단",
        "location": "indoor"
      }
    },
    {
      "type": "Feature",
      "geometry": {
        "type": "Point",
        "coordinates": [
          126.7674766,
          35.3476523
        ]
      },
      "properties": {
        "osm_type": "way",
        "osm_id": 1135323474,
        "sido": "전라남도",
        "name": "송현병렬급전소",
        "name_en": "Songhyeon Parallel Post",
        "substation_type": "traction",
        "voltage": "55000;27500",
        "frequency": "",
        "operator": "한국철도시설공단",
        "location": "indoor"
      }
    },
    {
      "type": "Feature",
      "geometry": {
        "type": "Point",
        "coordinates": [
          126.7768072,
          35.4153131
        ]
      },
      "properties": {
        "osm_type": "way",
        "osm_id": 1135323483,
        "sido": "전라남도",
        "name": "모현병렬급전소",
        "name_en": "Mohyeon Parallel Post",
        "substation_type": "traction",
        "voltage": "55000;27500",
        "frequency": "",
        "operator": "한국철도시설공단",
        "location": "indoor"
      }
    },
    {
      "type": "Feature",
      "geometry": {
        "type": "Point",
        "coordinates": [
          126.4963466,
          34.8912316
        ]
      },
      "properties": {
        "osm_type": "way",
        "osm_id": 1193390384,
        "sido": "전라남도",
        "name": "",
        "name_en": "",
        "substation_type": "traction",
        "voltage": "154000;55000;27500",
        "frequency": "",
        "operator": "",
        "location": ""
      }
    },
    {
      "type": "Feature",
      "geometry": {
        "type": "Point",
        "coordinates": [
          126.8092216,
          35.4566243
        ]
      },
      "properties": {
        "osm_type": "way",
        "osm_id": 1193541786,
        "sido": "전라남도",
        "name": "",
        "name_en": "",
        "substation_type": "traction",
        "voltage": "55000;27500",
        "frequency": "",
        "operator": "",
        "location": ""
      }
    },
    {
      "type": "Feature",
      "geometry": {
        "type": "Point",
        "coordinates": [
          126.7908056,
          35.3693965
        ]
      },
      "properties": {
        "osm_type": "way",
        "osm_id": 1193541787,
        "sido": "전라남도",
        "name": "",
        "name_en": "",
        "substation_type": "traction",
        "voltage": "55000;27500",
        "frequency": "",
        "operator": "",
        "location": ""
      }
    },
    {
      "type": "Feature",
      "geometry": {
        "type": "Point",
        "coordinates": [
          126.7259428,
          35.022003
        ]
      },
      "properties": {
        "osm_type": "way",
        "osm_id": 1193541790,
        "sido": "전라남도",
        "name": "",
        "name_en": "",
        "substation_type": "traction",
        "voltage": "55000;27500",
        "frequency": "",
        "operator": "",
        "location": ""
      }
    },
    {
      "type": "Feature",
      "geometry": {
        "type": "Point",
        "coordinates": [
          126.6524773,
          35.0147832
        ]
      },
      "properties": {
        "osm_type": "way",
        "osm_id": 1193541791,
        "sido": "전라남도",
        "name": "",
        "name_en": "",
        "substation_type": "traction",
        "voltage": "55000;27500",
        "frequency": "",
        "operator": "",
        "location": ""
      }
    },
    {
      "type": "Feature",
      "geometry": {
        "type": "Point",
        "coordinates": [
          126.5694,
          35.0348677
        ]
      },
      "properties": {
        "osm_type": "way",
        "osm_id": 1193541792,
        "sido": "전라남도",
        "name": "",
        "name_en": "",
        "substation_type": "traction",
        "voltage": "55000;27500",
        "frequency": "",
        "operator": "",
        "location": ""
      }
    },
    {
      "type": "Feature",
      "geometry": {
        "type": "Point",
        "coordinates": [
          127.5296141,
          34.9428682
        ]
      },
      "properties": {
        "osm_type": "way",
        "osm_id": 1193549750,
        "sido": "전라남도",
        "name": "",
        "name_en": "",
        "substation_type": "traction",
        "voltage": "55000;27500",
        "frequency": "",
        "operator": "",
        "location": ""
      }
    },
    {
      "type": "Feature",
      "geometry": {
        "type": "Point",
        "coordinates": [
          126.7721485,
          35.2857173
        ]
      },
      "properties": {
        "osm_type": "way",
        "osm_id": 1193839756,
        "sido": "전라남도",
        "name": "",
        "name_en": "",
        "substation_type": "traction",
        "voltage": "55000;27500",
        "frequency": "",
        "operator": "",
        "location": ""
      }
    },
    {
      "type": "Feature",
      "geometry": {
        "type": "Point",
        "coordinates": [
          126.5234148,
          34.9710254
        ]
      },
      "properties": {
        "osm_type": "way",
        "osm_id": 1193839757,
        "sido": "전라남도",
        "name": "",
        "name_en": "",
        "substation_type": "traction",
        "voltage": "55000;27500",
        "frequency": "",
        "operator": "",
        "location": ""
      }
    },
    {
      "type": "Feature",
      "geometry": {
        "type": "Point",
        "coordinates": [
          126.4434323,
          34.8208397
        ]
      },
      "properties": {
        "osm_type": "way",
        "osm_id": 1193839758,
        "sido": "전라남도",
        "name": "",
        "name_en": "",
        "substation_type": "traction",
        "voltage": "55000;27500",
        "frequency": "",
        "operator": "",
        "location": ""
      }
    },
    {
      "type": "Feature",
      "geometry": {
        "type": "Point",
        "coordinates": [
          127.6694092,
          34.7792892
        ]
      },
      "properties": {
        "osm_type": "way",
        "osm_id": 1194010874,
        "sido": "전라남도",
        "name": "",
        "name_en": "",
        "substation_type": "traction",
        "voltage": "55000;27500",
        "frequency": "",
        "operator": "",
        "location": ""
      }
    },
    {
      "type": "Feature",
      "geometry": {
        "type": "Point",
        "coordinates": [
          127.633032,
          34.8063412
        ]
      },
      "properties": {
        "osm_type": "way",
        "osm_id": 1194010875,
        "sido": "전라남도",
        "name": "",
        "name_en": "",
        "substation_type": "traction",
        "voltage": "154000;55000;27500",
        "frequency": "",
        "operator": "",
        "location": ""
      }
    },
    {
      "type": "Feature",
      "geometry": {
        "type": "Point",
        "coordinates": [
          127.560827,
          34.8936285
        ]
      },
      "properties": {
        "osm_type": "way",
        "osm_id": 1194010876,
        "sido": "전라남도",
        "name": "",
        "name_en": "",
        "substation_type": "traction",
        "voltage": "55000;27500",
        "frequency": "",
        "operator": "",
        "location": ""
      }
    },
    {
      "type": "Feature",
      "geometry": {
        "type": "Point",
        "coordinates": [
          127.4911585,
          34.9934627
        ]
      },
      "properties": {
        "osm_type": "way",
        "osm_id": 1194010877,
        "sido": "전라남도",
        "name": "",
        "name_en": "",
        "substation_type": "traction",
        "voltage": "55000;27500",
        "frequency": "",
        "operator": "",
        "location": ""
      }
    },
    {
      "type": "Feature",
      "geometry": {
        "type": "Point",
        "coordinates": [
          127.4523738,
          35.1271005
        ]
      },
      "properties": {
        "osm_type": "way",
        "osm_id": 1194010878,
        "sido": "전라남도",
        "name": "",
        "name_en": "",
        "substation_type": "traction",
        "voltage": "55000;27500",
        "frequency": "",
        "operator": "",
        "location": ""
      }
    },
    {
      "type": "Feature",
      "geometry": {
        "type": "Point",
        "coordinates": [
          127.3826289,
          35.1889694
        ]
      },
      "properties": {
        "osm_type": "way",
        "osm_id": 1194010879,
        "sido": "전라남도",
        "name": "",
        "name_en": "",
        "substation_type": "traction",
        "voltage": "55000;27500",
        "frequency": "",
        "operator": "",
        "location": ""
      }
    },
    {
      "type": "Feature",
      "geometry": {
        "type": "Point",
        "coordinates": [
          127.3168271,
          35.2734915
        ]
      },
      "properties": {
        "osm_type": "way",
        "osm_id": 1194010880,
        "sido": "전라남도",
        "name": "",
        "name_en": "",
        "substation_type": "traction",
        "voltage": "55000;27500",
        "frequency": "",
        "operator": "",
        "location": ""
      }
    },
    {
      "type": "Feature",
      "geometry": {
        "type": "Point",
        "coordinates": [
          127.7220585,
          35.0237508
        ]
      },
      "properties": {
        "osm_type": "way",
        "osm_id": 1194092160,
        "sido": "전라남도",
        "name": "",
        "name_en": "",
        "substation_type": "traction",
        "voltage": "55000;27500",
        "frequency": "",
        "operator": "",
        "location": ""
      }
    },
    {
      "type": "Feature",
      "geometry": {
        "type": "Point",
        "coordinates": [
          126.7791953,
          34.8122858
        ]
      },
      "properties": {
        "osm_type": "way",
        "osm_id": 1274393201,
        "sido": "전라남도",
        "name": "금정개폐소",
        "name_en": "",
        "substation_type": "transmission",
        "voltage": "154000",
        "frequency": "",
        "operator": "한국전력공사",
        "location": ""
      }
    },
    {
      "type": "Feature",
      "geometry": {
        "type": "Point",
        "coordinates": [
          127.2138408,
          35.3148533
        ]
      },
      "properties": {
        "osm_type": "way",
        "osm_id": 1431347635,
        "sido": "전라남도",
        "name": "",
        "name_en": "",
        "substation_type": "industrial",
        "voltage": "",
        "frequency": "",
        "operator": "",
        "location": "outdoor"
      }
    },
    {
      "type": "Feature",
      "geometry": {
        "type": "Point",
        "coordinates": [
          126.7014606,
          34.7304496
        ]
      },
      "properties": {
        "osm_type": "way",
        "osm_id": 1455690150,
        "sido": "전라남도",
        "name": "신강진변전소",
        "name_en": "Shin-Gangjin Substation",
        "substation_type": "transmission",
        "voltage": "345000",
        "frequency": "60",
        "operator": "",
        "location": "outdoor"
      }
    },
    {
      "type": "Feature",
      "geometry": {
        "type": "Point",
        "coordinates": [
          125.9128004,
          34.2548577
        ]
      },
      "properties": {
        "osm_type": "way",
        "osm_id": 1456317655,
        "sido": "전라남도",
        "name": "",
        "name_en": "",
        "substation_type": "",
        "voltage": "",
        "frequency": "",
        "operator": "",
        "location": ""
      }
    },
    {
      "type": "Feature",
      "geometry": {
        "type": "Point",
        "coordinates": [
          126.5313589,
          33.5160253
        ]
      },
      "properties": {
        "osm_type": "way",
        "osm_id": 274961871,
        "sido": "제주특별자치도",
        "name": "산지변전소",
        "name_en": "",
        "substation_type": "distribution",
        "voltage": "154000",
        "frequency": "60",
        "operator": "",
        "location": "indoor"
      }
    },
    {
      "type": "Feature",
      "geometry": {
        "type": "Point",
        "coordinates": [
          126.6387538,
          33.2761087
        ]
      },
      "properties": {
        "osm_type": "way",
        "osm_id": 275141765,
        "sido": "제주특별자치도",
        "name": "한라변전소",
        "name_en": "",
        "substation_type": "distribution",
        "voltage": "154000",
        "frequency": "60",
        "operator": "",
        "location": "outdoor"
      }
    },
    {
      "type": "Feature",
      "geometry": {
        "type": "Point",
        "coordinates": [
          126.6759507,
          33.5324422
        ]
      },
      "properties": {
        "osm_type": "way",
        "osm_id": 284430067,
        "sido": "제주특별자치도",
        "name": "조천변전소",
        "name_en": "",
        "substation_type": "distribution",
        "voltage": "154000",
        "frequency": "60",
        "operator": "",
        "location": "indoor"
      }
    },
    {
      "type": "Feature",
      "geometry": {
        "type": "Point",
        "coordinates": [
          126.4876898,
          33.473994
        ]
      },
      "properties": {
        "osm_type": "way",
        "osm_id": 288753042,
        "sido": "제주특별자치도",
        "name": "신제주변전소",
        "name_en": "",
        "substation_type": "distribution",
        "voltage": "154000",
        "frequency": "60",
        "operator": "",
        "location": "outdoor"
      }
    },
    {
      "type": "Feature",
      "geometry": {
        "type": "Point",
        "coordinates": [
          126.8558422,
          33.4434554
        ]
      },
      "properties": {
        "osm_type": "way",
        "osm_id": 342892940,
        "sido": "제주특별자치도",
        "name": "성산변전소",
        "name_en": "",
        "substation_type": "distribution",
        "voltage": "154000",
        "frequency": "60",
        "operator": "",
        "location": "indoor"
      }
    },
    {
      "type": "Feature",
      "geometry": {
        "type": "Point",
        "coordinates": [
          126.5060348,
          33.2633226
        ]
      },
      "properties": {
        "osm_type": "way",
        "osm_id": 766674621,
        "sido": "제주특별자치도",
        "name": "신서귀변전소",
        "name_en": "",
        "substation_type": "distribution",
        "voltage": "154000",
        "frequency": "60",
        "operator": "",
        "location": "indoor"
      }
    },
    {
      "type": "Feature",
      "geometry": {
        "type": "Point",
        "coordinates": [
          126.5535267,
          33.5018834
        ]
      },
      "properties": {
        "osm_type": "way",
        "osm_id": 894736436,
        "sido": "제주특별자치도",
        "name": "동제주변전소",
        "name_en": "",
        "substation_type": "distribution",
        "voltage": "154000",
        "frequency": "60",
        "operator": "",
        "location": "indoor"
      }
    },
    {
      "type": "Feature",
      "geometry": {
        "type": "Point",
        "coordinates": [
          126.7801551,
          33.3691563
        ]
      },
      "properties": {
        "osm_type": "way",
        "osm_id": 894856181,
        "sido": "제주특별자치도",
        "name": "표선변전소",
        "name_en": "",
        "substation_type": "distribution",
        "voltage": "154000",
        "frequency": "60",
        "operator": "",
        "location": "indoor"
      }
    },
    {
      "type": "Feature",
      "geometry": {
        "type": "Point",
        "coordinates": [
          126.3516484,
          33.2825685
        ]
      },
      "properties": {
        "osm_type": "way",
        "osm_id": 894856185,
        "sido": "제주특별자치도",
        "name": "안덕변전소",
        "name_en": "",
        "substation_type": "distribution",
        "voltage": "154000",
        "frequency": "60",
        "operator": "",
        "location": "indoor"
      }
    },
    {
      "type": "Feature",
      "geometry": {
        "type": "Point",
        "coordinates": [
          126.4734802,
          33.454804
        ]
      },
      "properties": {
        "osm_type": "way",
        "osm_id": 894856186,
        "sido": "제주특별자치도",
        "name": "서제주변환소",
        "name_en": "",
        "substation_type": "converter",
        "voltage": "250000",
        "frequency": "0",
        "operator": "",
        "location": "outdoor"
      }
    },
    {
      "type": "Feature",
      "geometry": {
        "type": "Point",
        "coordinates": [
          126.2724218,
          33.4011177
        ]
      },
      "properties": {
        "osm_type": "way",
        "osm_id": 894856188,
        "sido": "제주특별자치도",
        "name": "한림변전소",
        "name_en": "",
        "substation_type": "distribution",
        "voltage": "154000",
        "frequency": "60",
        "operator": "",
        "location": "indoor"
      }
    },
    {
      "type": "Feature",
      "geometry": {
        "type": "Point",
        "coordinates": [
          126.595577,
          33.5351549
        ]
      },
      "properties": {
        "osm_type": "way",
        "osm_id": 1265856502,
        "sido": "제주특별자치도",
        "name": "",
        "name_en": "Cheju converter station",
        "substation_type": "converter",
        "voltage": "180000",
        "frequency": "0",
        "operator": "KEPCO",
        "location": "indoor"
      }
    },
    {
      "type": "Feature",
      "geometry": {
        "type": "Point",
        "coordinates": [
          126.4732307,
          33.4539146
        ]
      },
      "properties": {
        "osm_type": "way",
        "osm_id": 1265876656,
        "sido": "제주특별자치도",
        "name": "서제주변환소",
        "name_en": "",
        "substation_type": "converter",
        "voltage": "154000",
        "frequency": "60",
        "operator": "",
        "location": "outdoor"
      }
    }
  ]
}