태양광발전시설명,소재지도로명주소,소재지지번주소,위도,경도,설치상세위치구분명,가동상태구분명,설비용량,공급전압,주파수,설치연도,세부용도,허가일자,허가기관,설치면적,데이터기준일자
미숙태양광발전소,경상북도 경산시 하양읍 지식산업1로 68,,35.9371860092,128.823171615,,정상가동,67.83,380.0,60,2023,,2023-03-30,,,2025-11-19
성우하이텍1태양광발전소,경상북도 경산시 진량읍 공단12로 51,,35.8585141938,128.8433470947,,정상가동,89.6,380.0,60,2025,,2025-06-17,,,2025-11-19
성우하이텍4태양광발전소,경상북도 경산시 진량읍 공단12로 51,,35.8585141938,128.8433470947,,정상가동,19.84,380.0,60,2025,,2025-06-17,,,2025-11-19
성우하이텍2태양광발전소,경상북도 경산시 진량읍 공단12로 51,,35.8585141938,128.8433470947,,정상가동,89.6,380.0,60,2025,,2025-06-17,,,2025-11-19
성우하이텍3태양광발전소,경상북도 경산시 진량읍 공단12로 51,,35.8585141938,128.8433470947,,정상가동,89.6,380.0,60,2025,,2025-06-17,,,2025-11-19
태암2태양광발전소,경상북도 경산시 진량읍 대학로 1413,,35.9043242467,128.8235936735,,정상가동,89.54,380.0,60,2025,,2025-06-13,,,2025-11-19
태암태양광발전소,경상북도 경산시 진량읍 대학로 1413,,35.9043242467,128.8235936735,,정상가동,89.54,380.0,60,2025,,2025-06-13,,,2025-11-19
HJ2태양광발전소,경상북도 경산시 진량읍 다문로 120,,35.8762258719,128.8238004857,,정상가동,69.85,380.0,60,2025,,2025-06-09,,,2025-11-19
HJ1태양광발전소,경상북도 경산시 진량읍 다문로 120,,35.8762258719,128.8238004857,,정상가동,72.39,380.0,60,2025,,2025-06-09,,,2025-11-19
도담에너지,경상북도 경산시 압량읍 당리길4길 14,,35.8202407029,128.7963289406,,정상가동,30.48,380.0,60,2025,,2025-05-26,,,2025-11-19
제이3태양광발전소,경상북도 경산시 압량읍 가일길32길 12-5,,35.8430567138,128.7862209881,,정상가동,98.54,380.0,60,2025,,2025-05-26,,,2025-11-19
제이4태양광발전소,경상북도 경산시 압량읍 가일길32길 12-5,,35.8430567138,128.7862209881,,정상가동,41.91,380.0,60,2025,,2025-05-26,,,2025-11-19
제이2태양광발전소,경상북도 경산시 압량읍 가일길32길 12-5,,35.8430567138,128.7862209881,,정상가동,89.54,380.0,60,2025,,2025-05-26,,,2025-11-19
제이1태양광발전소,경상북도 경산시 압량읍 가일길32길 12-5,,35.8430567138,128.7862209881,,정상가동,86.36,380.0,60,2025,,2025-05-26,,,2025-11-19
제이5태양광발전소,경상북도 경산시 압량읍 가일길32길 12-5,,35.8430567138,128.7862209881,,정상가동,41.91,380.0,60,2025,,2025-05-26,,,2025-11-19
다경에너지,경상북도 경산시 진량읍 다문로70길 62-18,,35.8719833745702,128.846590429278,,정상가동,313.69,380.0,60,2025,,2025-05-26,,,2025-11-19
모햇발전소2040호,"경상북도 경산시 자인면 한장군로 490, (주)S.K니트",,35.8286892163,128.8249850806,,정상가동,212.04,380.0,60,2025,,2025-05-21,,,2025-11-19
지니솔라경산2태양광발전소,"경상북도 경산시 진량읍 공단4로 195, 노리터 하우스",,35.8748861447,128.8281122,,정상가동,89.6,380.0,60,2025,,2025-05-16,,,2025-11-19
지니솔라경산3태양광발전소,"경상북도 경산시 진량읍 공단4로 195, 노리터 하우스",,35.8748861447,128.8281122,,정상가동,89.6,380.0,60,2025,,2025-05-16,,,2025-11-19
지니솔라경산4태양광발전소,"경상북도 경산시 진량읍 공단4로 195, 노리터 하우스",,35.8748861447,128.8281122,,정상가동,89.6,380.0,60,2025,,2025-05-16,,,2025-11-19
지니솔라경산1태양광발전소,"경상북도 경산시 진량읍 공단4로 195, 노리터 하우스",,35.8748861447,128.8281122,,정상가동,89.6,380.0,60,2025,,2025-05-16,,,2025-11-19
경산기아오토큐 태양광발전소3호,경상북도 경산시 압량읍 대학로 511-1,,35.8533429895,128.7652695603,,정상가동,44.8,380.0,60,2025,,2025-05-07,,,2025-11-19
경산기아오토큐 태양광발전소2호,경상북도 경산시 압량읍 대학로 511-1,,35.8533429895,128.7652695603,,정상가동,53.76,380.0,60,2025,,2025-05-07,,,2025-11-19
경산기아오토큐 태양광발전소4호,경상북도 경산시 압량읍 대학로 511-1,,35.8533429895,128.7652695603,,정상가동,44.8,380.0,60,2025,,2025-05-07,,,2025-11-19
경산기아오토큐 태양광발전소1호,경상북도 경산시 압량읍 대학로 511,,35.8530801666,128.7658617247,,정상가동,53.76,380.0,60,2025,,2025-05-07,,,2025-11-19
동부1태양광발전소,경상북도 경산시 자인면 일연로 212,,35.8298906988,128.8150965189,,정상가동,53.76,380.0,60,2025,,2025-05-02,,,2025-11-19
안촌2호태양광발전소,경상북도 경산시 진량읍 안촌길 100-122,,35.8472072108411,128.822122020322,,정상가동,89.6,380.0,60,2025,,2025-04-28,,,2025-11-19
안촌1호태양광발전소,경상북도 경산시 진량읍 안촌길 100-121,,35.8470210943953,128.82172042651,,정상가동,89.6,380.0,60,2025,,2025-04-28,,,2025-11-19
영창태양광발전소,"경상북도 경산시 남천면 협석2길 80-20, 영창가구산업",,35.7885613302,128.7214365372,,정상가동,89.54,380.0,60,2025,,2025-04-24,,,2025-11-19
우림4호태양광발전소,경상북도 경산시 남천면 옥실길 245,,35.7955442549,128.7284364055,,정상가동,87.63,380.0,60,2025,,2025-04-24,,,2025-11-19
건영이엔씨,경상북도 경산시 압량읍 가일길20길 25-27,,35.8383103638,128.782373,,정상가동,38.74,380.0,60,2025,,2025-04-21,,,2025-11-19
원씨알태양광발전소,경상북도 경산시 압량읍 강골길 19,,35.8335138273,128.7797320211,,정상가동,67.95,380.0,60,2025,,2025-04-21,,,2025-11-19
오서에너지태양광발전소,경상북도 경산시 진량읍 매봉로 2,,35.8910350001,128.81873507,,정상가동,15.24,380.0,60,2025,,2025-04-21,,,2025-11-19
진화2호태양광발전소,경상북도 경산시 하양읍 화성로 153,,35.8837982657,128.7890999068,,정상가동,85.73,380.0,60,2025,,2025-04-21,,,2025-11-19
진화1호태양광발전소,경상북도 경산시 하양읍 화성로 153,,35.8837982657,128.7890999068,,정상가동,85.73,380.0,60,2025,,2025-04-21,,,2025-11-19
대흥4호태양광발전소,경상북도 경산시 압량읍 정상지길 212-2,,35.8293920877,128.7819881819,,정상가동,85.73,380.0,60,2025,,2025-04-14,,,2025-11-19
대흥1-1호태양광발전소,경상북도 경산시 압량읍 정상지길 212-5,,35.8300469658,128.7825420569,,정상가동,62.87,380.0,60,2025,,2025-04-14,,,2025-11-19
대흥1호태양광발전소,경상북도 경산시 압량읍 정상지길 212-5,,35.8300469658,128.7825420569,,정상가동,89.54,380.0,60,2025,,2025-04-14,,,2025-11-19
㈜주람개발 태양광발전소,경상북도 경산시 진량읍 가야로 344,,35.849225896,128.8022362438,,정상가동,76.2,380.0,60,2025,,2025-04-14,,,2025-11-19
유텍태양광발전소,경상북도 경산시 압량읍 용암길 61-10,,35.8545296739,128.7733308716,,정상가동,39.68,380.0,60,2025,,2025-04-14,,,2025-11-19
순금1태양광발전소,경상북도 경산시 자인면 원당길 87-132,,35.8000916942754,128.82020492841,,정상가동,76.89,380.0,60,2025,,2025-04-14,,,2025-11-19
순금2태양광발전소,경상북도 경산시 자인면 원당길 87-132,,35.8000916942754,128.82020492841,,정상가동,76.8,380.0,60,2025,,2025-04-14,,,2025-11-19
순금3태양광발전소,경상북도 경산시 자인면 원당길 87-132,,35.8000916942754,128.82020492841,,정상가동,76.8,380.0,60,2025,,2025-04-14,,,2025-11-19
순금4태양광발전소,경상북도 경산시 자인면 원당길 87-132,,35.8000916942754,128.82020492841,,정상가동,76.8,380.0,60,2025,,2025-04-14,,,2025-11-19
순금5태양광발전소,경상북도 경산시 자인면 원당길 87-132,,35.8000916942754,128.82020492841,,정상가동,76.8,380.0,60,2025,,2025-04-14,,,2025-11-19
순금6태양광발전소,경상북도 경산시 자인면 원당길 87-132,,35.8000916942754,128.82020492841,,정상가동,76.8,380.0,60,2025,,2025-04-14,,,2025-11-19
서연에너지,경상북도 경산시 자인면 원효로 676-49,,35.8104416985751,128.808833567507,,정상가동,283.21,380.0,60,2025,,2025-04-14,,,2025-11-19
아텐태양광발전소,경상북도 경산시 자인면 일연로 312,,35.8376601773,128.8105896265,,정상가동,41.28,380.0,60,2025,,2025-04-14,,,2025-11-19
임귀자2호태양광발전소,경상북도 경산시 압량읍 의송길 80-11,,35.8609761559482,128.795105875317,,정상가동,63.5,380.0,60,2025,,2025-04-07,,,2025-11-19
임귀자1호태양광발전소,경상북도 경산시 압량읍 의송길 80-11,,35.8609761559482,128.795105875317,,정상가동,63.5,380.0,60,2025,,2025-04-07,,,2025-11-19
강변5태양광발전소,경상북도 경산시 남산면 원당길 87-115,,35.7987995509081,128.819260467373,,정상가동,80.64,380.0,60,2025,,2025-04-04,,,2025-11-19
강변4태양광발전소,경상북도 경산시 남산면 원당길 87-115,,35.7987995509081,128.819260467373,,정상가동,80.64,380.0,60,2025,,2025-04-04,,,2025-11-19
강변3태양광발전소,경상북도 경산시 남산면 원당길 87-115,,35.7987995509081,128.819260467373,,정상가동,76.8,380.0,60,2025,,2025-04-04,,,2025-11-19
강변2태양광발전소,경상북도 경산시 남산면 원당길 87-115,,35.7987995509081,128.819260467373,,정상가동,84.48,380.0,60,2025,,2025-04-04,,,2025-11-19
강변1태양광발전소,경상북도 경산시 남산면 원당길 87-115,,35.7987995509081,128.819260467373,,정상가동,50.56,380.0,60,2025,,2025-04-04,,,2025-11-19
삼형스포메디2호태양광,경상북도 경산시 압량읍 가일길32길 12-2,,35.8428569384,128.7853600079,,정상가동,245.75,380.0,60,2025,,2025-03-31,,,2025-11-19
삼형스포메디1호태양광,경상북도 경산시 압량읍 가일길32길 12,,35.8434234813,128.7861142576,,정상가동,349.25,380.0,60,2025,,2025-03-31,,,2025-11-19
김정분태양광,경상북도 경산시 압량읍 압독로 167,,35.8317395915,128.7812109459,,정상가동,129.54,380.0,60,2025,,2025-03-31,,,2025-11-19
이성원태양광,경상북도 경산시 압량읍 압독로 173,,35.8323443439,128.7815749218,,정상가동,123.19,380.0,60,2025,,2025-03-31,,,2025-11-19
따숨이불태양광발전소,경상북도 경산시 하양읍 남하새마을길5길 12-4,,35.8848204771789,128.77098006796,,정상가동,60.8,380.0,60,2025,,2025-03-31,,,2025-11-19
동양3호태양광발전소,경상북도 경산시 자인면 설총로 750-11,,35.8059014344,128.8325120273,,정상가동,88.2,380.0,60,2025,,2025-03-28,,,2025-11-19
동양4호태양광발전소,경상북도 경산시 자인면 설총로 750-11,,35.8059014344,128.8325120273,,정상가동,88.83,380.0,60,2025,,2025-03-28,,,2025-11-19
동양2호태양광발전소,경상북도 경산시 자인면 설총로 750-11,,35.8059014344,128.8325120273,,정상가동,88.2,380.0,60,2025,,2025-03-28,,,2025-11-19
동양1호태양광발전소,경상북도 경산시 자인면 설총로 750-11,,35.8059014344,128.8325120273,,정상가동,88.2,380.0,60,2025,,2025-03-28,,,2025-11-19
세한태양광발전소2호,"경상북도 경산시 남산면 상대로 636, 세한에너지(주)",,35.785899707,128.7980789932,,정상가동,33.66,380.0,60,2025,,2025-03-28,,,2025-11-19
세한태양광발전소1호,"경상북도 경산시 남산면 상대로 636, 세한에너지(주)",,35.785899707,128.7980789932,,정상가동,177.17,380.0,60,2025,,2025-03-28,,,2025-11-19
JM1호태양광발전소,경상북도 경산시 압량읍 일연로115길 25-16,,35.8576732743,128.8027967592,,정상가동,85.73,380.0,60,2025,,2025-03-26,,,2025-11-19
JM4호태양광발전소,경상북도 경산시 압량읍 일연로115길 25-16,,35.8576732743,128.8027967592,,정상가동,85.73,380.0,60,2025,,2025-03-27,,,2025-11-19
JM2호태양광발전소,경상북도 경산시 압량읍 일연로115길 25-16,,35.8576732743,128.8027967592,,정상가동,85.73,380.0,60,2025,,2025-03-27,,,2025-11-19
JM3호태양광발전소,경상북도 경산시 압량읍 일연로115길 25-16,,35.8576732743,128.8027967592,,정상가동,85.73,380.0,60,2025,,2025-03-27,,,2025-11-19
JM5호태양광발전소,경상북도 경산시 압량읍 일연로115길 25-16,,35.8576732743,128.8027967592,,정상가동,60.96,380.0,60,2025,,2025-03-27,,,2025-11-19
달빛상점태양광발전소,경상북도 경산시 압량읍 가일길28길 76,,35.8364429927,128.7887209327,,정상가동,44.45,380.0,60,2025,,2025-03-19,,,2025-11-19
대한태양광발전소,"경상북도 경산시 진량읍 공단8로 81, 대한공업",,35.8655159261,128.8305524735,,정상가동,132.3,380.0,60,2025,,2025-03-19,,,2025-11-19
옥산발전소,경상북도 경산시 성암로3길 3-1 (옥산동),,35.8219986214,128.7187227508,,정상가동,19.69,380.0,60,2025,,2025-03-12,,,2025-11-19
동림태양광발전소,경상북도 경산시 진량읍 대구대로107길 11-71,,35.8791559803,128.8565257637,,정상가동,84.46,380.0,60,2025,,2025-03-12,,,2025-11-19
한성테크2호태양광발전소,경상북도 경산시 진량읍 금박로 656-11,,35.8722922809,128.8576269253,,정상가동,48.26,380.0,60,2025,,2025-03-12,,,2025-11-19
한성테크1호태양광발전소,경상북도 경산시 진량읍 금박로 656-11,,35.8722922809,128.8576269253,,정상가동,89.54,380.0,60,2025,,2025-03-12,,,2025-11-19
대한정공태양광발전소,"경상북도 경산시 진량읍 공단8로 81, 대한공업",,35.8655159261,128.8305524735,,정상가동,498.33,380.0,60,2025,,2025-03-12,,,2025-11-19
태흥3호태양광발전소,경상북도 경산시 남천면 남천로 515,,35.770335155,128.7239995281,,정상가동,89.54,380.0,60,2025,,2025-03-05,,,2025-11-19
명신2태양광발전소,경상북도 경산시 용성면 덕천3길 11-37,,35.8005084691742,128.88537568398,,정상가동,198.12,380.0,60,2025,,2025-03-05,,,2025-11-19
세화스틸1호태양광발전소,경상북도 경산시 압량읍 가일길28길 83,,35.8364669183,128.7895910706,,정상가동,33.02,380.0,60,2025,,2025-03-04,,,2025-11-19
영진산업1호태양광발전소,경상북도 경산시 압량읍 가일길28길 79,,35.8368430128,128.789335967,,정상가동,63.5,380.0,60,2025,,2025-03-04,,,2025-11-19
거창태양광발전소,경상북도 경산시 와촌면 새터길 41,,35.9587610028541,128.791065197672,,정상가동,158.75,380.0,60,2025,,2025-03-04,,,2025-11-19
디케이1호태양광발전소,경상북도 경산시 압량읍 가일길28길 20,,35.8403641737,128.7847964521,,정상가동,76.2,380.0,60,2025,,2025-03-04,,,2025-11-19
세화스틸3호태양광발전소,경상북도 경산시 압량읍 가일길24길 11,,35.8404296747,128.7843371498,,정상가동,34.93,380.0,60,2025,,2025-03-04,,,2025-11-19
동방경산2태양광발전소,경상북도 경산시 진량읍 공단9로 16,,35.8583106808,128.8357407883,,정상가동,431.8,380.0,60,2025,,2025-02-27,,,2025-11-19
동방경산1태양광발전소,경상북도 경산시 진량읍 공단9로 16,,35.8583106808,128.8357407883,,정상가동,245.45,380.0,60,2025,,2025-02-27,,,2025-11-19
SK2차태양광발전소,경상북도 경산시 경산로 203 (옥산동),,35.8262623848,128.7248438693,,정상가동,89.46,380.0,60,2025,,2025-02-27,,,2025-11-19
SK3차태양광발전소,경상북도 경산시 경산로 199 (옥산동),,35.8258357516,128.7250662274,,정상가동,89.46,380.0,60,2025,,2025-02-27,,,2025-11-19
SK1차태양광발전소,경상북도 경산시 경산로 203 (옥산동),,35.8262623848,128.7248438693,,정상가동,89.46,380.0,60,2025,,2025-02-27,,,2025-11-19
무린2태양광발전소,"경상북도 경산시 남산면 송내공단길 50-16, 신성직물",,35.7903367367,128.825337723,,정상가동,55.88,380.0,60,2025,,2025-02-24,,,2025-11-19
마디미에너지36호태양광발전소,경상북도 경산시 자인면 한장군로 354-48,,35.8243210795,128.8144461911,,정상가동,88.9,380.0,60,2025,,2025-02-24,,,2025-11-19
루비타운태양광발전소,경상북도 경산시 진량읍 공단5로30길 36,,35.8576490939,128.8377615023,,정상가동,19.69,380.0,60,2025,,2025-02-24,,,2025-11-19
더미태양광발전소,경상북도 경산시 진량읍 대구대로 252-3,,35.8968488376,128.8507477369,,정상가동,19.05,380.0,60,2025,,2025-02-14,,,2025-11-19
유경태양광발전소,경상북도 경산시 하양읍 아이웨어2로 50,,35.9414417364,128.8192813745,,정상가동,151.13,380.0,60,2025,,2025-02-19,,,2025-11-19
다삼태양광발전소,경상북도 경산시 진량읍 다문로70길 8,,35.876146595,128.8475319649,,정상가동,78.11,380.0,60,2025,,2025-02-17,,,2025-11-19
선미태양광발전소,경상북도 경산시 하양읍 지식산업4로1길 14,,35.9315849895,128.816329474,,정상가동,245.11,380.0,60,2025,,2025-02-19,,,2025-11-19
부강1호태양광발전소,"경상북도 경산시 진량읍 공단2로 73, 에스피엘(주)",,35.8719375939,128.8273404898,,정상가동,89.54,380.0,60,2025,,2025-02-19,,,2025-11-19
부강2호태양광발전소,"경상북도 경산시 진량읍 공단2로 73, 에스피엘(주)",,35.8719375939,128.8273404898,,정상가동,88.9,380.0,60,2025,,2025-02-19,,,2025-11-19
부강3호태양광발전소,"경상북도 경산시 진량읍 공단2로 73, 에스피엘(주)",,35.8719375939,128.8273404898,,정상가동,88.9,380.0,60,2025,,2025-02-19,,,2025-11-19
부강4호태양광발전소,"경상북도 경산시 진량읍 공단2로 65, 에스피엘(주)",,35.8721060581,128.8273654358,,정상가동,260.99,380.0,60,2025,,2025-02-19,,,2025-11-19
부강5호태양광발전소,"경상북도 경산시 진량읍 공단2로 65, 에스피엘(주)",,35.8721060581,128.8273654358,,정상가동,223.52,380.0,60,2025,,2025-02-19,,,2025-11-19
한일2태양광발전소,경상북도 경산시 자인면 원효로161길 107,,35.8155197442,128.8202920647,,정상가동,27.3,380.0,60,2025,,2025-02-14,,,2025-11-19
준그린솔라2,경상북도 경산시 압량읍 진등길 148,,35.8231201445,128.7945556822,,정상가동,73.39,380.0,60,2025,,2025-02-14,,,2025-11-19
정원발전소,"경상북도 경산시 압량읍 가일길28길 11-25, 우민연사",,35.841146144,128.7872098127,,정상가동,89.46,380.0,60,2025,,2025-02-14,,,2025-11-19
한일1태양광발전소,경상북도 경산시 자인면 북사로 26,,35.8227511888,128.8238067202,,정상가동,26.67,380.0,60,2025,,2025-02-14,,,2025-11-19
오케이팜3태양광발전소,경상북도 경산시 용성면 구룡로 193-7,,35.7999179232869,128.894576102275,,정상가동,82.55,380.0,60,2025,,2025-02-10,,,2025-11-19
오케이팜1태양광발전소,경상북도 경산시 용성면 구룡로 193-7,,35.7999179232869,128.894576102275,,정상가동,82.55,380.0,60,2025,,2025-02-10,,,2025-11-19
오케이팜2태양광발전소,경상북도 경산시 용성면 구룡로 193-7,,35.7999179232869,128.894576102275,,정상가동,82.55,380.0,60,2025,,2025-02-10,,,2025-11-19
주식회사대명산업2호,경상북도 경산시 진량읍 공단7로 209,,35.8651138578,128.8445799217,,정상가동,77.47,380.0,60,2025,,2025-02-11,,,2025-11-19
주식회사대명산업3호,경상북도 경산시 진량읍 공단7로 209,,35.8651138578,128.8445799217,,정상가동,77.47,380.0,60,2025,,2025-02-11,,,2025-11-19
주식회사대명산업4호,경상북도 경산시 진량읍 공단7로 209,,35.8651138578,128.8445799217,,정상가동,83.19,380.0,60,2025,,2025-02-11,,,2025-11-19
주식회사대명산업5호,경상북도 경산시 진량읍 공단7로 209,,35.8651138578,128.8445799217,,정상가동,88.9,380.0,60,2025,,2025-02-11,,,2025-11-19
주식회사대명산업6호,경상북도 경산시 진량읍 공단7로 209,,35.8651138578,128.8445799217,,정상가동,80.01,380.0,60,2025,,2025-02-11,,,2025-11-19
주식회사대명산업1호,경상북도 경산시 진량읍 공단7로 209,,35.8651138578,128.8445799217,,정상가동,87.0,380.0,60,2025,,2025-02-11,,,2025-11-19
성실태양광발전소,경상북도 경산시 와촌면 용천길5길 15-1,,35.920724851,128.8494538742,,정상가동,61.92,380.0,60,2025,,2025-02-07,,,2025-11-19
옹기종기태양광발전소,경상북도 경산시 자인면 단북길 49-3,,35.8362441321,128.8178659861,,정상가동,19.53,380.0,60,2025,,2025-02-05,,,2025-11-19
영태양광,"경상북도 경산시 자인면 일언길 5, 동방요업",,35.8423612925,128.8080709109,,정상가동,46.0,380.0,60,2025,,2025-02-05,,,2025-11-19
희원2호태양광발전소,"경상북도 경산시 남산면 경리길 11-7, 씨앤비물산(주)",,35.7925230972,128.8421560452,,정상가동,69.93,380.0,60,2025,,2025-02-03,,,2025-11-19
희원1호태양광발전소,"경상북도 경산시 남산면 경리길 11-7, 씨앤비물산(주)",,35.7925230972,128.8421560452,,정상가동,89.46,380.0,60,2025,,2025-02-03,,,2025-11-19
라현태양광발전소,경상북도 경산시 용성면 육동로 744-27,,35.7700387105044,128.921741991425,,정상가동,82.55,380.0,60,2025,,2025-02-03,,,2025-11-19
경성상회태양광발전소,경상북도 경산시 압량읍 내리길26길 34,,35.8429540747,128.7815264195,,정상가동,59.22,380.0,60,2025,,2025-02-03,,,2025-11-19
문산섬유태양광발전소,경상북도 경산시 진량읍 공단4로 58,,35.8629711329,128.8253285472,,정상가동,428.63,380.0,60,2025,,2025-02-03,,,2025-11-19
솔리움태양광발전소,"경상북도 경산시 진량읍 상림1길 5, 솔리움",,35.9023262247,128.8323346971,,정상가동,15.6,380.0,60,2025,,2025-02-03,,,2025-11-19
가드7태양광발전소,경상북도 경산시 와촌면 대동로23길 84,,35.9750041227,128.7950984559,,정상가동,97.16,380.0,60,2025,,2025-02-03,,,2025-11-19
와이케이산업,경상북도 경산시 진량읍 평사1길 104-50,,35.8814643619,128.8631021077,,정상가동,80.01,380.0,60,2025,,2025-02-03,,,2025-11-19
양지2태양광발전소,경상북도 경산시 용성면 육동로 744-27,,35.7700387105044,128.921741991425,,정상가동,37.47,380.0,60,2025,,2025-02-03,,,2025-11-19
양지1태양광발전소,경상북도 경산시 용성면 육동로 744-27,,35.7700387105044,128.921741991425,,정상가동,82.55,380.0,60,2025,,2025-02-03,,,2025-11-19
계남8태양광발전소,경상북도 경산시 자인면 원효로 676-30,,35.8120750155257,128.807699160061,,정상가동,53.34,380.0,60,2025,,2025-02-03,,,2025-11-19
계남7태양광발전소,경상북도 경산시 자인면 원효로 676-30,,35.8120750155257,128.807699160061,,정상가동,82.55,380.0,60,2025,,2025-02-03,,,2025-11-19
계남6태양광발전소,경상북도 경산시 자인면 원효로 676-30,,35.8120750155257,128.807699160061,,정상가동,82.55,380.0,60,2025,,2025-02-03,,,2025-11-19
계남5태양광발전소,경상북도 경산시 자인면 원효로 676-30,,35.8120750155257,128.807699160061,,정상가동,82.55,380.0,60,2025,,2025-02-03,,,2025-11-19
모햇발전소1711호,경상북도 경산시 압량읍 내리길 131,,35.845105803,128.7834468044,,정상가동,66.7,380.0,60,2025,,2025-01-31,,,2025-11-19
시지실내테니스장2호태양광,경상북도 경산시 삼성현로 72-18 (옥산동),,35.8233510828,128.7140891252,,정상가동,96.52,380.0,60,2025,,2025-01-31,,,2025-11-19
다담태양광발전소,경상북도 경산시 진량읍 공단5로30길 26-3,,35.8567430566,128.8372413655,,정상가동,19.05,380.0,60,2025,,2025-01-31,,,2025-11-19
현내태양광발전소,경상북도 경산시 진량읍 현내길 65-27,,35.853035641,128.8533415542,,정상가동,87.63,380.0,60,2025,,2025-01-31,,,2025-11-19
가일리태양광발전소,경상북도 경산시 압량읍 압독로 153-14,,35.8332925338,128.7795723751,,정상가동,82.55,380.0,60,2025,,2025-01-31,,,2025-11-19
에스제이에코펙9태양광발전소,경상북도 경산시 자인면 단북길 23,,35.8388512594,128.8164525068,,정상가동,83.2,380.0,60,2025,,2025-01-24,,,2025-11-19
에스제이에코펙8태양광발전소,경상북도 경산시 자인면 단북길 23,,35.8388512594,128.8164525068,,정상가동,88.32,380.0,60,2025,,2025-01-24,,,2025-11-19
하브로4태양광발전소,경상북도 경산시 자인면 단북길 23,,35.8388512594,128.8164525068,,정상가동,88.32,380.0,60,2025,,2025-01-24,,,2025-11-19
문형4호태양광,경상북도 경산시 용성면 용림로 13-16,,35.7716211779,128.9030054369,,정상가동,66.04,380.0,60,2025,,2025-01-23,,,2025-11-19
효령태양광발전소3호,"경상북도 경산시 진량읍 공단4로 205, (주)효령",,35.8755112262,128.8281606666,,정상가동,84.48,380.0,60,2025,,2025-01-20,,,2025-11-19
라파엘2호태양광,경상북도 경산시 용성면 육동로 477-15,,35.7708518391047,128.902696189868,,정상가동,88.9,380.0,60,2025,,2025-01-22,,,2025-11-19
라파엘1호태양광,경상북도 경산시 용성면 육동로 477-15,,35.7708518391047,128.902696189868,,정상가동,88.9,380.0,60,2025,,2025-01-22,,,2025-11-19
정은주태양광,경상북도 경산시 용성면 가척길 58-23,,35.7716072953592,128.909445031756,,정상가동,86.36,380.0,60,2025,,2025-01-22,,,2025-11-19
디에이2호태양광,경상북도 경산시 용성면 용림로 26-10,,35.7711855311716,128.905267405339,,정상가동,88.9,380.0,60,2025,,2025-01-22,,,2025-11-19
디에이1호태양광,경상북도 경산시 용성면 용림로 26-10,,35.7711855311716,128.905267405339,,정상가동,88.9,380.0,60,2025,,2025-01-22,,,2025-11-19
문형5호태양광,경상북도 경산시 용성면 용림로 13-16,,35.7716211779,128.9030054369,,정상가동,60.96,380.0,60,2025,,2025-01-23,,,2025-11-19
효령태양광발전소2호,"경상북도 경산시 진량읍 공단4로 205, (주)효령",,35.8755112262,128.8281606666,,정상가동,84.48,380.0,60,2025,,2025-01-20,,,2025-11-19
효령태양광발전소1호,"경상북도 경산시 진량읍 공단4로 205, (주)효령",,35.8755112262,128.8281606666,,정상가동,84.48,380.0,60,2025,,2025-01-20,,,2025-11-19
문형1호태양광,경상북도 경산시 용성면 육동로 477-15,,35.7708518391047,128.902696189868,,정상가동,68.58,380.0,60,2025,,2025-01-20,,,2025-11-19
대구방사태양광발전소,경상북도 경산시 하양읍 지식산업4로1길 3,,35.9329381503,128.8156700532,,정상가동,188.6,380.0,60,2025,,2025-01-20,,,2025-11-19
태광2태양광발전소,"경상북도 경산시 압량읍 내리길25길 8, 주창명전력",,35.8454629542,128.7823999418,,정상가동,70.56,380.0,60,2025,,2025-01-20,,,2025-11-19
대상태양광발전소,경상북도 경산시 경안로 395-2 (대평동),,35.8428453659,128.7323437429,,정상가동,81.28,380.0,60,2025,,2025-01-20,,,2025-11-19
형준태양광발전소,경상북도 경산시 진량읍 일연로 478,,35.8514018716,128.8050953408,,정상가동,144.9,380.0,60,2025,,2025-01-20,,,2025-11-19
계남4태양광발전소,경상북도 경산시 자인면 계남길 72-22,,35.8098811647201,128.808812112496,,정상가동,36.83,380.0,60,2025,,2025-01-17,,,2025-11-19
계남3태양광발전소,경상북도 경산시 자인면 계남길 72-22,,35.8098811647201,128.808812112496,,정상가동,82.55,380.0,60,2025,,2025-01-17,,,2025-11-19
계남2태양광발전소,경상북도 경산시 자인면 계남길 72-22,,35.8098811647201,128.808812112496,,정상가동,82.55,380.0,60,2025,,2025-01-17,,,2025-11-19
계남1태양광발전소,경상북도 경산시 자인면 계남길 72-22,,35.8098811647201,128.808812112496,,정상가동,82.55,380.0,60,2025,,2025-01-17,,,2025-11-19
솔라파워태양광발전소,경상북도 경산시 자인면 공단로 144-19,,35.8460401865,128.817213799,,정상가동,196.56,380.0,60,2025,,2025-01-17,,,2025-11-19
삼성현태양광발전소,경상북도 경산시 진량읍 가야로67길 13-21,,35.8511639124,128.8009559816,,정상가동,48.26,380.0,60,2025,,2025-01-16,,,2025-11-19
PICAPICA태양광발전소,경상북도 경산시 하양읍 지식산업4로6길 17,,35.9305402373,128.8211051992,,정상가동,133.35,380.0,60,2025,,2025-01-14,,,2025-11-19
장안3차태양광발전소,경상북도 경산시 압량읍 정상지길42길 13-11,,35.8290029608,128.7835568263,,정상가동,89.46,380.0,60,2025,,2025-01-14,,,2025-11-19
장안4차태양광발전소,경상북도 경산시 압량읍 정상지길42길 13-11,,35.8290029608,128.7835568263,,정상가동,88.83,380.0,60,2025,,2025-01-14,,,2025-11-19
장안2차태양광발전소,경상북도 경산시 압량읍 정상지길42길 13-11,,35.8290029608,128.7835568263,,정상가동,89.46,380.0,60,2025,,2025-01-14,,,2025-11-19
양우2태양광발전소,"경상북도 경산시 하양읍 지식산업1로 68, 4,5동",,35.9371860092,128.823171615,,정상가동,323.85,380.0,60,2025,,2025-01-14,,,2025-11-19
장안1차태양광발전소,경상북도 경산시 압량읍 정상지길42길 13-11,,35.8290029608,128.7835568263,,정상가동,89.46,380.0,60,2025,,2025-01-14,,,2025-11-19
우림3호태양광발전소,경상북도 경산시 남천면 옥실길 245,,35.7955442549,128.7284364055,,정상가동,89.54,380.0,60,2025,,2025-01-08,,,2025-11-19
우림2호태양광발전소,경상북도 경산시 남천면 옥실길 245,,35.7955442549,128.7284364055,,정상가동,88.9,380.0,60,2025,,2025-01-08,,,2025-11-19
우림1호태양광발전소,경상북도 경산시 남천면 옥실길 245,,35.7955442549,128.7284364055,,정상가동,88.9,380.0,60,2025,,2025-01-08,,,2025-11-19
화신산업태양광발전소,"경상북도 경산시 압량읍 압량길 39, 화신산업사",,35.8466325563,128.768250956,,정상가동,246.38,380.0,60,2025,,2025-01-06,,,2025-11-19
대홍태양광발전소,경상북도 경산시 용성면 덕천3길 11-41,,35.8011913065076,128.88546903248,,정상가동,95.25,380.0,60,2025,,2024-12-16,,,2025-11-19
명신태양광발전소,경상북도 경산시 용성면 덕천3길 11-37,,35.8005084691742,128.88537568398,,정상가동,99.06,380.0,60,2025,,2024-12-16,,,2025-11-19
우신2호태양광발전소,경상북도 경산시 진량읍 버티미길12길 12,,35.8920062585,128.810623691,,정상가동,52.92,380.0,60,2025,,2024-12-24,,,2025-11-19
우신1호태양광발전소,경상북도 경산시 진량읍 버티미길12길 12,,35.8920062585,128.810623691,,정상가동,79.38,380.0,60,2025,,2024-12-24,,,2025-11-19
우아에너지태양광발전소,경상북도 경산시 대평길2길 44 (대평동),,35.8435333206,128.7291638474,,정상가동,53.34,380.0,60,2025,,2024-12-24,,,2025-11-19
태영3태양광발전소,"경상북도 경산시 자인면 자인공단4로 53, 유일실업",,35.8282764162,128.8262542117,,정상가동,86.36,380.0,60,2025,,2024-12-19,,,2025-11-19
태영2태양광발전소,"경상북도 경산시 자인면 자인공단4로 53, 유일실업",,35.8282764162,128.8262542117,,정상가동,86.36,380.0,60,2025,,2024-12-19,,,2025-11-19
덕원3태양광발전소,"경상북도 경산시 진량읍 공단4로40길 39, 진보직물",,35.8749225608,128.832669593,,정상가동,70.56,380.0,60,2025,,2024-12-18,,,2025-11-19
덕원2호태양광발전소,"경상북도 경산시 진량읍 공단4로40길 39, 진보직물",,35.8749225608,128.832669593,,정상가동,89.46,380.0,60,2025,,2024-12-18,,,2025-11-19
덕원1호태양광발전소,"경상북도 경산시 진량읍 공단4로40길 39, 진보직물",,35.8749225608,128.832669593,,정상가동,89.46,380.0,60,2025,,2024-12-18,,,2025-11-19
구일2호태양광발전소,경상북도 경산시 남천면 구일길 62-34,,35.7923311044,128.7286478459,,정상가동,38.74,380.0,60,2025,,2024-12-12,,,2025-11-19
구일1호태양광발전소,경상북도 경산시 남천면 구일길 62-34,,35.7923311044,128.7286478459,,정상가동,89.54,380.0,60,2025,,2024-12-12,,,2025-11-19
써니팜태양광발전소,경상북도 경산시 남산면 대왕로 135,,35.7803499504,128.8389683595,,정상가동,25.56,380.0,60,2025,,2024-12-12,,,2025-11-19
사리미태양광발전소,경상북도 경산시 들뫼길 125 (점촌동),,35.8017930182,128.7724479177,,정상가동,28.58,380.0,60,2025,,2024-12-11,,,2025-11-19
에이엠에스(하양공장)태양광발전소(B),경상북도 경산시 하양읍 지식산업로 59,,35.9355576442,128.8188038816,,정상가동,234.36,380.0,60,2025,,2024-12-11,,,2025-11-19
에이엠에스(하양공장)태양광발전소(A),경상북도 경산시 하양읍 지식산업로 59,,35.9355576442,128.8188038816,,정상가동,249.48,380.0,60,2025,,2024-12-11,,,2025-11-19
한녹태양광발전소,경상북도 경산시 와촌면 팔공로149길 57-11,,35.9607631965,128.827558348,,정상가동,27.09,380.0,60,2025,,2024-12-09,,,2025-11-19
에스피솔라5태양광발전소,경상북도 경산시 하양읍 지식산업4로 200,,35.9404387116,128.8214690662,,정상가동,99.54,380.0,60,2025,,2024-12-09,,,2025-11-19
에스피솔라4태양광발전소,경상북도 경산시 하양읍 지식산업4로 200,,35.9404387116,128.8214690662,,정상가동,99.54,380.0,60,2025,,2024-12-09,,,2025-11-19
에스피솔라3태양광발전소,경상북도 경산시 하양읍 지식산업4로 200,,35.9404387116,128.8214690662,,정상가동,99.54,380.0,60,2025,,2024-12-09,,,2025-11-19
에스피솔라2태양광발전소,경상북도 경산시 하양읍 지식산업4로 200,,35.9404387116,128.8214690662,,정상가동,99.54,380.0,60,2025,,2024-12-09,,,2025-11-19
에스피솔라1태양광발전소,경상북도 경산시 하양읍 지식산업4로 200,,35.9404387116,128.8214690662,,정상가동,99.54,380.0,60,2025,,2024-12-09,,,2025-11-19
우진태양광,경상북도 경산시 진량읍 평사1길 104-36,,35.881770171,128.8633030911,,정상가동,79.38,380.0,60,2025,,2024-12-03,,,2025-11-19
창수태양광발전소,경상북도 경산시 진량읍 일연로 739,,35.8740355879,128.8040031783,,정상가동,65.52,380.0,60,2025,,2024-12-03,,,2025-11-19
경춘태양광발전소,경상북도 경산시 진량읍 진성로 21,,35.8506885873,128.8058002736,,정상가동,66.5,380.0,60,2025,,2024-12-02,,,2025-11-19
대흥7호태양광발전소,경상북도 경산시 압량읍 정상지길42길 5,,35.8291654872,128.7827833433,,정상가동,99.7,380.0,60,2025,,2024-11-28,,,2025-11-19
대흥6호태양광발전소,경상북도 경산시 압량읍 정상지길42길 3,,35.8291297584,128.782311018,,정상가동,99.7,380.0,60,2025,,2024-11-28,,,2025-11-19
대흥5호태양광발전소,경상북도 경산시 압량읍 정상지길 212-4,,35.8294787332,128.7824095767,,정상가동,99.7,380.0,60,2025,,2024-11-28,,,2025-11-19
대흥3호태양광발전소,경상북도 경산시 압량읍 정상지길 212-1,,35.8298012929,128.7817670619,,정상가동,99.7,380.0,60,2025,,2024-11-28,,,2025-11-19
대흥2호태양광발전소,경상북도 경산시 압량읍 정상지길 212-3,,35.8299232208,128.7821276678,,정상가동,99.7,380.0,60,2025,,2024-11-28,,,2025-11-19
석탑05호태양광발전소,경상북도 경산시 하양읍 용정길 221,,35.9364222347745,128.806237083168,,정상가동,85.68,380.0,60,2025,,2024-11-28,,,2025-11-19
(주)경2리마을회태양광발전소,경상북도 경산시 남산면 갈지로 1,,35.7837790222,128.8437250848,,정상가동,69.85,380.0,60,2025,,2024-11-26,,,2025-11-19
동동2호태양광발전소,경상북도 경산시 진량읍 문천길 163-1,,35.8893692806,128.8347990332,,정상가동,69.85,380.0,60,2025,,2024-11-22,,,2025-11-19
동동1호태양광발전소,경상북도 경산시 진량읍 문천길 163-1,,35.8893692806,128.8347990332,,정상가동,85.73,380.0,60,2025,,2024-11-22,,,2025-11-19
신흥2태양광발전소,경상북도 경산시 하양읍 지식산업4로 40,,35.9313142346,128.814287696,,정상가동,40.64,380.0,60,2025,,2024-11-22,,,2025-11-19
신흥1태양광발전소,경상북도 경산시 하양읍 지식산업4로 40,,35.9313142346,128.814287696,,정상가동,81.28,380.0,60,2025,,2024-11-22,,,2025-11-19
신흥태양광발전소,경상북도 경산시 하양읍 지식산업4로 40,,35.9313142346,128.814287696,,정상가동,99.7,380.0,60,2025,,2024-11-22,,,2025-11-19
성암4호태양광발전소,경상북도 경산시 자인면 원당길 87-53,,35.7983096741,128.8232527351,,정상가동,19.53,380.0,60,2025,,2024-11-22,,,2025-11-19
성암3호태양광발전소,경상북도 경산시 자인면 원당길 87-53,,35.7983096741,128.8232527351,,정상가동,52.92,380.0,60,2025,,2024-11-22,,,2025-11-19
NY2호태양광발전소,"경상북도 경산시 압량읍 의송길27길 21, 주식회사 펀트",,35.8559587595,128.7952376835,,정상가동,93.35,380.0,60,2025,,2024-11-20,,,2025-11-19
NY1호태양광발전소,"경상북도 경산시 압량읍 의송길27길 21, 주식회사 펀트",,35.8559587595,128.7952376835,,정상가동,80.01,380.0,60,2025,,2024-11-20,,,2025-11-19
쌍둥이2호태양광발전소,경상북도 경산시 경안로84길 70 (대정동),,35.8509581823,128.733869385,,정상가동,97.02,380.0,60,2025,,2024-11-20,,,2025-11-19
쌍둥이1호태양광발전소,경상북도 경산시 경안로84길 70 (대정동),,35.8509581823,128.733869385,,정상가동,97.02,380.0,60,2025,,2024-11-20,,,2025-11-19
한솔3호태양광,경상북도 경산시 하양읍 조산천동길 10,,35.9152772663,128.8246482143,,정상가동,15.12,380.0,60,2025,,2024-11-19,,,2025-11-19
유창공압기계,경상북도 경산시 진량읍 황제길 37,,35.8550229376,128.8138567315,,정상가동,40.32,380.0,60,2025,,2024-11-14,,,2025-11-19
서한태양광발전소,경상북도 경산시 압량읍 해오름길 105-7,,35.82466102,128.7861821424,,정상가동,79.38,380.0,60,2025,,2024-11-14,,,2025-11-19
미래태양광발전소,"경상북도 경산시 박물관로9길 10, 미래빌라 (사동)",,35.8155900681,128.7640858957,,정상가동,19.53,380.0,60,2025,,2024-11-14,,,2025-11-19
신화태양광,,경상북도 경산시 용성면 용천리 65,35.7650756036,128.9203662692,,정상가동,250.19,380.0,60,2025,,2024-11-14,,,2025-11-19
이중호태양광발전소,"경상북도 경산시 남천면 산전길 47-5, 풀그린",경상북도 경산시 남천면 산전리 64-1,35.7846019376,128.7181974543,,정상가동,60.48,380.0,60,2025,,2024-11-11,,,2025-11-19
정세태양광발전소,경상북도 경산시 남산면 대왕로 336-6,경상북도 경산시 남산면 연하리 225-1,35.7654265225,128.8299486574,,정상가동,29.61,380.0,60,2025,,2024-11-11,,,2025-11-19
청우원2호태양광발전소,경상북도 경산시 남천면 흥산길 69-65,,35.7514404412,128.7311311459,,정상가동,60.48,380.0,60,2025,,2024-11-11,,,2025-11-19
월성테크태양광발전소5호,"경상북도 경산시 압량읍 내리길19길 52, (주)월성테크",,35.8464032871,128.7766625115,,정상가동,98.0,380.0,60,2025,,2024-11-12,,,2025-11-19
월성테크태양광발전소4호,"경상북도 경산시 압량읍 내리길19길 52, (주)월성테크",,35.8464032871,128.7766625115,,정상가동,98.0,380.0,60,2025,,2024-11-12,,,2025-11-19
월성테크태양광발전소3호,"경상북도 경산시 압량읍 내리길19길 52, (주)월성테크",,35.8464032871,128.7766625115,,정상가동,98.0,380.0,60,2025,,2024-11-12,,,2025-11-19
월성테크태양광발전소2호,"경상북도 경산시 압량읍 내리길19길 52, (주)월성테크",,35.8464032871,128.7766625115,,정상가동,98.0,380.0,60,2025,,2024-11-12,,,2025-11-19
월성테크태양광발전소1호,"경상북도 경산시 압량읍 내리길19길 52, (주)월성테크",,35.8464032871,128.7766625115,,정상가동,98.0,380.0,60,2025,,2024-11-12,,,2025-11-19
성원텍스태양광발전소,경상북도 경산시 하양읍 지식산업2로 132,,35.9405095759,128.8282157221,,정상가동,99.02,380.0,60,2025,,2024-11-01,,,2025-11-19
다온태양광발전소,경상북도 경산시 하양읍 지식산업4로 16-90,,35.9312950664,128.8124161216,,정상가동,372.96,380.0,60,2025,,2024-10-28,,,2025-11-19
현지태양광발전소,경상북도 경산시 경청로217길 15-2 (백천동),,35.8023517723,128.7363268297,,정상가동,15.12,380.0,60,2025,,2024-10-29,,,2025-11-19
모햇발전소1343호,경상북도 경산시 용성면 육동로 28,,35.7908961841,128.8786749473,,정상가동,98.6,380.0,60,2025,,2024-10-29,,,2025-11-19
모햇발전소1342호,경상북도 경산시 용성면 육동로 28,,35.7908961841,128.8786749473,,정상가동,89.32,380.0,60,2025,,2024-10-29,,,2025-11-19
한세태양광발전소,"경상북도 경산시 남산면 대왕로 60-9, 한세섬유",,35.787196226,128.8384071144,,정상가동,99.54,380.0,60,2025,,2024-10-28,,,2025-11-19
태영1태양광발전소,"경상북도 경산시 자인면 자인공단4로 53, 유일실업",,35.8282764162,128.8262542117,,정상가동,252.63,380.0,60,2025,,2024-10-28,,,2025-11-19
신우신2태양광발전소,경상북도 경산시 남천면 대명길1길 111,,35.7675989204,128.7214409186,,정상가동,102.06,452.84,60,2025,,2024-10-28,,,2025-11-19
햇빛촌2호태양광발전소,경상북도 경산시 남천면 남천로 305-20,,35.7610095734,128.7388113831,,정상가동,62.87,380.0,60,2025,,2024-10-18,,,2025-11-19
햇빛촌태양광발전소,경상북도 경산시 남천면 남천로 305-20,,35.7610095734,128.7388113831,,정상가동,99.06,380.0,60,2025,,2024-10-18,,,2025-11-19
진성2태양광발전소,"경상북도 경산시 자인면 자인공단로 61, 일진기공,나라텍",,35.8279526408,128.8231393597,,정상가동,89.46,380.0,60,2025,,2024-10-18,,,2025-11-19
진성1태양광발전소,"경상북도 경산시 자인면 자인공단로 61, 일진기공,나라텍",,35.8279526408,128.8231393597,,정상가동,88.46,380.0,60,2025,,2024-10-18,,,2025-11-19
동광산업사태양광발전소,경상북도 경산시 남천면 문화마을1길 36-12,,35.7666998854,128.7217282586,,정상가동,88.2,380.0,60,2025,,2024-10-18,,,2025-11-19
화성4호태양광발전소,경상북도 경산시 자인면 오목천동길 18-6,,35.8148766303,128.8048011243,,정상가동,66.78,380.0,60,2025,,2024-10-18,,,2025-11-19
화성3호태양광발전소,경상북도 경산시 자인면 오목천동길 18-6,,35.8148766303,128.8048011243,,정상가동,99.54,380.0,60,2025,,2024-10-18,,,2025-11-19
청림태양광발전소,경상북도 경산시 남산면 대왕로 519,,35.7541244691,128.8177797524,,정상가동,99.6,380.0,60,2025,,2024-10-18,,,2025-11-19
국화2호태양광발전소,경상북도 경산시 와촌면 상암길37길 133,,35.9530580326,128.8518103614,,정상가동,78.75,380.0,60,2025,,2024-10-18,,,2025-11-19
국화1호태양광발전소,경상북도 경산시 와촌면 상암길37길 133,,35.9530580326,128.8518103614,,정상가동,78.75,380.0,60,2025,,2024-10-18,,,2025-11-19
JE태양광발전소,경상북도 경산시 압량읍 압독로 119-6,,35.8342733474,128.7770739707,,정상가동,83.16,380.0,60,2025,,2024-10-18,,,2025-11-19
CM태양광발전소,경상북도 경산시 압량읍 압독로 119-6,,35.8342733474,128.7770739707,,정상가동,86.94,380.0,60,2025,,2024-10-18,,,2025-11-19
새터7태양광발전소,경상북도 경산시 진량읍 대부길 192-23,,35.8958658418,128.814875783,,정상가동,99.54,380.0,60,2025,,2024-10-16,,,2025-11-19
정우건업태양광발전소,"경상북도 경산시 옥실길 126, , 124 (옥곡동)",,35.8050900783,128.7330401376,,정상가동,71.82,380.0,60,2025,,2024-10-16,,,2025-11-19
솔라원4호태양광발전소,경상북도 경산시 와촌면 용천길 66-7,,35.9183959328,128.8449648927,,정상가동,85.05,380.0,60,2025,,2024-10-15,,,2025-11-19
솔라원3호태양광발전소,경상북도 경산시 와촌면 용천길 66-7,,35.9183959328,128.8449648927,,정상가동,83.79,380.0,60,2025,,2024-10-15,,,2025-11-19
솔라원2호태양광발전소,경상북도 경산시 와촌면 용천길 66-7,,35.9183959328,128.8449648927,,정상가동,93.24,380.0,60,2025,,2024-10-15,,,2025-11-19
솔라원1호태양광발전소,경상북도 경산시 와촌면 용천길 66-7,,35.9183959328,128.8449648927,,정상가동,94.5,380.0,60,2025,,2024-10-15,,,2025-11-19
티케이이엔지4호태양광발전소,경상북도 경산시 진량읍 공단8로 8,,35.8584259674,128.8315710365,,정상가동,94.5,380.0,60,2025,,2024-10-15,,,2025-11-19
티케이이엔지3호태양광발전소,경상북도 경산시 진량읍 공단8로 8,,35.8584259674,128.8315710365,,정상가동,99.54,380.0,60,2025,,2024-10-15,,,2025-11-19
티케이이엔지2호태양광발전소,경상북도 경산시 진량읍 공단8로 8,,35.8584259674,128.8315710365,,정상가동,99.54,380.0,60,2025,,2024-10-15,,,2025-11-19
티케이이엔지1호태양광발전소,경상북도 경산시 진량읍 공단8로 8,,35.8584259674,128.8315710365,,정상가동,99.54,380.0,60,2025,,2024-10-15,,,2025-11-19
하늘태양광발전소,경상북도 경산시 한의대로 38 (유곡동),,35.8003325981,128.7758195394,,정상가동,45.36,380.0,60,2025,,2024-10-15,,,2025-11-19
윤식4호태양광발전소,경상북도 경산시 진량읍 진성로 180-11,,35.854712212,128.82166452,,정상가동,89.54,380.0,60,2025,,2024-10-14,,,2025-11-19
윤식3호태양광발전소,경상북도 경산시 진량읍 진성로 180-11,,35.854712212,128.82166452,,정상가동,89.54,380.0,60,2025,,2024-10-14,,,2025-11-19
윤식2호태양광발전소,경상북도 경산시 진량읍 진성로 180-11,,35.854712212,128.82166452,,정상가동,99.54,380.0,60,2025,,2024-10-14,,,2025-11-19
윤식1호태양광발전소,경상북도 경산시 진량읍 진성로 180-11,,35.854712212,128.82166452,,정상가동,99.54,380.0,60,2025,,2024-10-14,,,2025-11-19
유진2태양광발전소,경상북도 경산시 용성면 육동로 744-29,,35.7697944795703,128.921619905746,,정상가동,19.38,380.0,60,2025,,2024-10-14,,,2025-11-19
유진1태양광발전소,경상북도 경산시 용성면 육동로 744-29,,35.7697944795703,128.921619905746,,정상가동,90.63,380.0,60,2025,,2024-10-14,,,2025-11-19
태원태양광발전소,경상북도 경산시 용성면 육동로 744-29,,35.7697944795703,128.921619905746,,정상가동,90.63,380.0,60,2025,,2024-10-14,,,2025-11-19
이레2차태양광발전소,경상북도 경산시 자인면 계남길 110-25,,35.8077780494,128.8079492194,,정상가동,99.54,380.0,60,2025,,2024-10-10,,,2025-11-19
이레1차태양광발전소,경상북도 경산시 자인면 계남길 110-25,,35.8077780494,128.8079492194,,정상가동,99.54,380.0,60,2025,,2024-10-10,,,2025-11-19
재열태양광발전소,경상북도 경산시 와촌면 하양로 420,,35.9244752507,128.8498144236,,정상가동,69.3,380.0,60,2025,,2024-10-10,,,2025-11-19
오메가팜발전소2호,"경상북도 경산시 와촌면 와천서길 35-7, 효성섬유",,35.929614917,128.8475162333,,정상가동,18.9,380.0,60,2025,,2024-10-10,,,2025-11-19
오메가팜발전소1호,"경상북도 경산시 와촌면 와천서길 35-7, 효성섬유",,35.929614917,128.8475162333,,정상가동,83.16,380.0,60,2025,,2024-10-10,,,2025-11-19
JS5태양광발전소,"경상북도 경산시 진량읍 대구대로 352, (주)서천",,35.8907369114,128.8573608248,,정상가동,98.28,380.0,60,2025,,2024-10-10,,,2025-11-19
JS4태양광발전소,"경상북도 경산시 진량읍 대구대로 352, (주)서천",,35.8907369114,128.8573608248,,정상가동,99.54,380.0,60,2025,,2024-10-10,,,2025-11-19
JS3태양광발전소,"경상북도 경산시 진량읍 대구대로 352, (주)서천",,35.8907369114,128.8573608248,,정상가동,98.28,380.0,60,2025,,2024-10-10,,,2025-11-19
JS2태양광발전소,경상북도 경산시 진량읍 대구대로 350,,35.8908164276,128.8569038926,,정상가동,98.28,380.0,60,2025,,2024-10-10,,,2025-11-19
JS1태양광발전소,경상북도 경산시 진량읍 대구대로 350,,35.8908164276,128.8569038926,,정상가동,97.02,380.0,60,2025,,2024-10-10,,,2025-11-19
모햇발전소1246호,경상북도 경산시 압량읍 가일길20길 28,,35.8377418502,128.7802878469,,정상가동,61.48,380.0,60,2025,,2024-10-10,,,2025-11-19
성협공업태양광발전소4호,경상북도 경산시 진량읍 공단8로26길 55,,35.8697525483,128.8372284235,,정상가동,39.2,380.0,60,2025,,2024-10-04,,,2025-11-19
성협공업태양광발전소3호,경상북도 경산시 진량읍 공단8로26길 55,,35.8697525483,128.8372284235,,정상가동,98.0,380.0,60,2025,,2024-10-04,,,2025-11-19
성협공업태양광발전소2호,경상북도 경산시 진량읍 공단8로26길 55,,35.8697525483,128.8372284235,,정상가동,98.0,380.0,60,2025,,2024-10-04,,,2025-11-19
성협공업태양광발전소1호,경상북도 경산시 진량읍 공단8로26길 55,,35.8697525483,128.8372284235,,정상가동,98.0,380.0,60,2025,,2024-10-04,,,2025-11-19
우드리아태양광발전소,경상북도 경산시 압량읍 내리길25길 28-22,,35.8474022926,128.7798385063,,정상가동,95.13,380.0,60,2025,,2024-10-04,,,2025-11-19
청솔산업태양광발전소,경상북도 경산시 진량읍 공단13로 135,,35.8633258414,128.8455798813,,정상가동,255.78,380.0,60,2025,,2024-10-04,,,2025-11-19
도현1호태양광발전소,경상북도 경산시 자인면 옥천2길 14-7,,35.7978347516,128.8379222277,,정상가동,49.77,380.0,60,2025,,2024-09-25,,,2025-11-19
환상3호태양광발전소,경상북도 경산시 남천면 관방로 917,,35.7553194184,128.773968302,,정상가동,99.54,380.0,60,2025,,2024-09-25,,,2025-11-19
환상2호태양광발전소,경상북도 경산시 남천면 관방로 917,,35.7553194184,128.773968302,,정상가동,99.54,380.0,60,2025,,2024-09-25,,,2025-11-19
환상1호태양광발전소,경상북도 경산시 남천면 관방로 917,,35.7553194184,128.773968302,,정상가동,99.54,380.0,60,2025,,2024-09-25,,,2025-11-19
경호3호태양광발전소,경상북도 경산시 남산면 성산로 597,,35.7704707955,128.8366225869,,정상가동,35.28,380.0,60,2025,,2024-09-25,,,2025-11-19
경호2호태양광발전소,경상북도 경산시 남산면 성산로 597,,35.7704707955,128.8366225869,,정상가동,99.54,380.0,60,2025,,2024-09-25,,,2025-11-19
경호1호태양광발전소,경상북도 경산시 남산면 성산로 597,,35.7704707955,128.8366225869,,정상가동,99.54,380.0,60,2025,,2024-09-25,,,2025-11-19
범성산업태양광발전소,"경상북도 경산시 진량읍 공단4로 110, 범성산업",,35.8670870078,128.8286419611,,정상가동,264.0,380.0,60,2025,,2024-09-24,,,2025-11-19
동영산업태양광발전소,"경상북도 경산시 진량읍 공단4로 114, 동영산업",,35.8672012508,128.828672706,,정상가동,258.0,380.0,60,2025,,2024-09-24,,,2025-11-19
VIP태양광발전소,"경상북도 경산시 진량읍 봉회1길 13, , 15",,35.8813144948,128.8145528483,,정상가동,99.54,380.0,60,2025,,2024-09-24,,,2025-11-19
비에스텍주차장태양광발전소,경상북도 경산시 진량읍 공단12로 43,,35.8579141338,128.8434552371,,정상가동,45.36,380.0,60,2025,,2024-09-20,,,2025-11-19
영진3태양광발전소,경상북도 경산시 자인면 옥천길 29,,35.8090771164,128.8380371707,,정상가동,53.34,380.0,60,2025,,2025-02-03,,,2025-11-19
(주)신라아이에이치1태양광발전소,경상북도 경산시 남산면 대왕로 110-19,,35.7823209213,128.8370316888,,정상가동,1370.25,380.0,60,2025,,2024-09-19,,,2025-11-19
까까무까1태양광발전소,경상북도 경산시 남산면 상대로 625-12,,35.7851751568,128.7952181111,,정상가동,399.42,380.0,60,2025,,2024-09-19,,,2025-11-19
경산성암태양광발전소,경상북도 경산시 경산로 160 (옥산동),,35.8229242513,128.7275277219,,정상가동,41.25,380.0,60,2025,,2024-09-10,,,2025-11-19
가모솔라,"경상북도 경산시 경안로 127, 페르가모모텔 (삼북동)",,35.8189344098,128.7378208087,,정상가동,85.05,380.0,60,2024,,2024-09-10,,,2025-11-19
페르솔라,"경상북도 경산시 경안로 127, 페르가모모텔 (삼북동)",,35.8189344098,128.7378208087,,정상가동,85.05,380.0,60,2024,,2024-09-10,,,2025-11-19
영진2태양광발전소,"경상북도 경산시 용성면 원효로 1118-7, , 1118-1",,35.797487501,128.8473654371,,정상가동,90.63,380.0,60,2025,,2024-09-10,,,2025-11-19
영진1태양광발전소,경상북도 경산시 용성면 원효로 1118-1,,35.7980471102,128.8475284938,,정상가동,90.63,380.0,60,2025,,2024-09-10,,,2025-11-19
육동태양광발전소,경상북도 경산시 용성면 육동로 546-24,,35.7652454465,128.903735251,,정상가동,18.9,380.0,60,2025,,2024-09-09,,,2025-11-19
대종2호태양광발전소,경상북도 경산시 용성면 육동로 534-7,,35.7665423952,128.9036738446,,정상가동,59.22,380.0,60,2025,,2024-09-09,,,2025-11-19
대종1태양광발전소,경상북도 경산시 용성면 육동로 534-7,,35.7665423952,128.9036738446,,정상가동,99.54,380.0,60,2025,,2024-09-09,,,2025-11-19
요셉2호태양광발전소,경상북도 경산시 진량읍 금박로 442-6,,35.8553055507,128.8497917988,,정상가동,99.54,380.0,60,2025,,2024-09-05,,,2025-11-19
요셉1호태양광발전소,경상북도 경산시 진량읍 금박로 442-6,,35.8553055507,128.8497917988,,정상가동,99.54,380.0,60,2025,,2024-09-05,,,2025-11-19
해오름2태양광,경상북도 경산시 압량읍 진등길 88,,35.8183922881,128.7903121914,,정상가동,32.13,380.0,60,2024,,2024-09-04,,,2025-11-19
환타스틱스제3발전소,"경상북도 경산시 와촌면 상암길37길 175, 유니테크",,35.9571919851,128.8501160715,,정상가동,660.24,22900.0,60,2025,,2024-09-04,,,2025-11-19
송내태양광발전소,경상북도 경산시 남산면 송내공단길 73,,35.789300261,128.8276748388,,정상가동,300.12,380.0,60,2025,,2024-09-03,,,2025-11-19
나결데코2태양광발전소,경상북도 경산시 하양읍 아이웨어1로 22,,35.9398417732,128.8178799876,,정상가동,39.9,380.0,60,2025,,2024-09-03,,,2025-11-19
나결데코1태양광발전소,경상북도 경산시 하양읍 아이웨어1로 22,,35.9398417732,128.8178799876,,정상가동,99.4,380.0,60,2025,,2024-09-03,,,2025-11-19
웅진태양광발전소,경상북도 경산시 와촌면 용천길 183,,35.9126001043,128.8400954392,,정상가동,99.38,380.0,60,2025,,2024-09-02,,,2025-11-19
양지농장태양광발전소,경상북도 경산시 남산면 반지길23길 53,,35.7868178107,128.8150814191,,정상가동,18.9,380.0,60,2025,,2024-08-30,,,2025-11-19
CTRE66호태양광발전소,경상북도 경산시 남천면 대명길 91,,35.7825738455,128.719136175,,정상가동,201.88,380.0,60,2025,,2024-08-30,,,2025-11-19
CTRE56호태양광발전소,경상북도 경산시 자인면 공단로 148-7,,35.8454815534,128.8164175741,,정상가동,279.38,380.0,60,2025,,2024-08-30,,,2025-11-19
CTRE110호태양광발전소,경상북도 경산시 진량읍 두인길 32,,35.865753334,128.8013643942,,정상가동,121.88,380.0,60,2025,,2024-08-27,,,2025-11-19
무림4호태양광발전소,경상북도 경산시 자인면 원효로156길 168,,35.8013693791,128.8125077422,,정상가동,19.53,380.0,60,2025,,2024-08-23,,,2025-11-19
범성에너지,"경상북도 경산시 남산면 대왕로 42, 범성산업",,35.7885517039,128.8377460052,,정상가동,258.3,380.0,60,2025,,2024-08-23,,,2025-11-19
진량발전소,경상북도 경산시 진량읍 공단로100길 21,,35.8765189749,128.8214690354,,정상가동,35.91,380.0,60,2025,,2024-08-20,,,2025-11-19
시인태양광발전소,경상북도 경산시 진량읍 대구대로 630,,35.8716648027,128.8538624611,,정상가동,68.04,380.0,60,2025,,2024-08-20,,,2025-11-19
문수태양광발전소,경상북도 경산시 백천길 117 (백천동),,35.7982973083,128.7379043983,,정상가동,80.0,380.0,60,2025,,2024-08-20,,,2025-11-19
까까무까태양광발전소,경상북도 경산시 남산면 상대로 625-12,,35.7851751568,128.7952181111,,정상가동,99.54,380.0,60,2025,,2024-08-19,,,2025-11-19
DH태양광발전소,경상북도 경산시 남산면 인흥3길 62,,35.8045603966,128.8072797047,,정상가동,98.28,380.0,60,2025,,2024-08-19,,,2025-11-19
아뜰2호태양광발전소,경상북도 경산시 남산면 경리길8길 90,,35.7833548278,128.8439508414,,정상가동,83.16,380.0,60,2025,,2024-08-19,,,2025-11-19
아뜰1호태양광발전소,경상북도 경산시 남산면 경리길8길 90,,35.7833548278,128.8439508414,,정상가동,99.54,380.0,60,2025,,2024-08-19,,,2025-11-19
대광2태양광발전소,경상북도 경산시 자인면 남신1길 166-23,,35.8405959907,128.7911683062,,정상가동,60.48,380.0,60,2024,,2024-08-19,,,2025-11-19
대광1태양광발전소,경상북도 경산시 자인면 남신1길 166-23,,35.8405959907,128.7911683062,,정상가동,99.54,380.0,60,2024,,2024-08-19,,,2025-11-19
석원태양광발전소,경상북도 경산시 남산면 갈지로 161,,35.7702412766,128.8386038327,,정상가동,32.76,380.0,60,2025,,2024-08-19,,,2025-11-19
장미사태양광발전소,경상북도 경산시 하양읍 지식산업4로 62,,35.9301163362,128.8161592617,,정상가동,201.6,380.0,60,2025,,2024-08-13,,,2025-11-19
푸름태양광발전소,경상북도 경산시 진량읍 진성로 299,,35.857726928,128.8343261744,,정상가동,98.91,380.0,60,2025,,2024-08-14,,,2025-11-19
경덕태양광발전소,경상북도 경산시 하양읍 아이웨어로 25,,35.940323414,128.8186317387,,정상가동,99.4,380.0,60,2025,,2024-08-13,,,2025-11-19
지우아이앤씨3호,경상북도 경산시 하양읍 대경로 99-4,,35.8804575845,128.765557981,,정상가동,68.04,380.0,60,2024,,2024-08-09,,,2025-11-19
지우아이앤씨2호,경상북도 경산시 하양읍 대경로 99-6,,35.8803512481,128.7652558166,,정상가동,56.7,380.0,60,2024,,2024-08-09,,,2025-11-19
지우아이앤씨1호,경상북도 경산시 하양읍 대경로 99-8,,35.8801762846,128.7649376405,,정상가동,60.48,380.0,60,2024,,2024-08-09,,,2025-11-19
신갑을2호태양광발전소,경상북도 경산시 진량읍 공단10로 332,,35.8852323277,128.836497974,,정상가동,99.38,380.0,60,2025,,2024-08-09,,,2025-11-19
신갑을1호태양광발전소,경상북도 경산시 진량읍 공단10로 332,,35.8852323277,128.836497974,,정상가동,99.38,380.0,60,2025,,2024-08-09,,,2025-11-19
금강태양광발전소,경상북도 경산시 진량읍 안촌길 67-7,,35.851972575,128.8250711472,,정상가동,90.72,380.0,60,2025,,2024-08-08,,,2025-11-19
제일2호태양광발전소,"경상북도 경산시 압량읍 강골1길 31, , 33",,35.8343691222,128.7824463982,,정상가동,87.5,380.0,60,2025,,2024-08-08,,,2025-11-19
제일1호태양광발전소,"경상북도 경산시 압량읍 강골1길 31, , 33",,35.8343691222,128.7824463982,,정상가동,60.48,380.0,60,2025,,2024-08-08,,,2025-11-19
산요송승원태양광발전소,경상북도 경산시 와촌면 금송로 466-1,,35.9507786485,128.8371265383,,정상가동,99.54,380.0,60,2024,,2024-08-07,,,2025-11-19
햇살그린발전소1011호,경상북도 경산시 압량읍 가일길28길 24,,35.8398629881,128.785176916,,정상가동,48.72,380.0,60,2024,,2024-08-07,,,2025-11-19
대원태양광발전소,경상북도 경산시 진량읍 공단11로2길 75,,35.8578909231,128.8448595031,,정상가동,244.48,380.0,60,2025,,2024-08-07,,,2025-11-19
지영3호태양광발전소,경상북도 경산시 남산면 서원천로 174-11,,35.7902054857,128.848573569,,정상가동,99.38,380.0,60,2025,,2024-08-02,,,2025-11-19
지영2호태양광발전소,경상북도 경산시 남산면 서원천로 174-11,,35.7902054857,128.848573569,,정상가동,99.38,380.0,60,2025,,2024-08-02,,,2025-11-19
지영1호태양광발전소,경상북도 경산시 남산면 서원천로 174-11,,35.7902054857,128.848573569,,정상가동,99.38,380.0,60,2025,,2024-08-02,,,2025-11-19
무린1태양광발전소,"경상북도 경산시 남산면 송내공단길 50-16, 신성직물",,35.7903367367,128.825337723,,정상가동,99.54,380.0,60,2025,,2024-08-02,,,2025-11-19
동선태양광발전소,"경상북도 경산시 진량읍 공단4로 204, 대성산업사",,35.8756025477,128.8289510771,,정상가동,473.76,380.0,60,2025,,2024-07-30,,,2025-11-19
신양태양광발전소,"경상북도 경산시 진량읍 공단8로 214, 주대양",,35.8749847123,128.8354383955,,정상가동,490.14,380.0,60,2025,,2024-07-30,,,2025-11-19
삼우태양광발전소,"경상북도 경산시 진량읍 공단8로 214, 주대양",,35.8749847123,128.8354383955,,정상가동,499.59,380.0,60,2025,,2024-07-30,,,2025-11-19
켈렉스태양광발전소,경상북도 경산시 하양읍 청천1길 9,,35.8795751266,128.7623406771,,정상가동,79.38,380.0,60,2025,,2024-07-30,,,2025-11-19
금구태양광발전소,경상북도 경산시 압량읍 건천길 122-9,,35.8579333986,128.7541229553,,정상가동,90.72,380.0,60,2025,,2024-07-25,,,2025-11-19
마이더스5태양광발전소,경상북도 경산시 진량읍 일연로 659,,35.8680595499,128.8042340097,,정상가동,99.54,380.0,60,2025,,2024-07-25,,,2025-11-19
마이더스4태양광발전소,경상북도 경산시 진량읍 일연로 659,,35.8680595499,128.8042340097,,정상가동,99.54,380.0,60,2025,,2024-07-25,,,2025-11-19
마이더스3태양광발전소,경상북도 경산시 진량읍 일연로 659,,35.8680595499,128.8042340097,,정상가동,99.54,380.0,60,2025,,2024-07-25,,,2025-11-19
마이더스2태양광발전소,경상북도 경산시 진량읍 일연로 659,,35.8680595499,128.8042340097,,정상가동,99.54,380.0,60,2025,,2024-07-24,,,2025-11-19
마이더스1태양광발전소,경상북도 경산시 진량읍 일연로 659,,35.8680595499,128.8042340097,,정상가동,99.54,380.0,60,2025,,2024-07-25,,,2025-11-19
리리Ⅱ태양광발전소,"경상북도 경산시 남천면 대명길 21-5, 선진산업",,35.7760623458,128.7185857004,,정상가동,30.86,380.0,60,2025,,2024-07-25,,,2025-11-19
리리Ⅰ태양광발전소,"경상북도 경산시 남천면 대명길 21-5, 선진산업",,35.7760623458,128.7185857004,,정상가동,99.83,380.0,60,2025,,2024-07-25,,,2025-11-19
태산태양광발전소,경상북도 경산시 남천면 송백2길 39-7,,35.7557331294,128.7627108528,,정상가동,99.54,380.0,60,2025,,2024-07-25,,,2025-11-19
햇살그린발전소985호,경상북도 경산시 남천면 삼성역길 56,,35.7625995571,128.7243294309,,정상가동,99.76,380.0,60,2025,,2024-07-22,,,2025-11-19
선광태양광발전소,"경상북도 경산시 진량읍 공단1로 71, 에나인더스트리(주)",,35.873950554,128.8266061131,,정상가동,965.16,22900.0,60,2024,,2024-07-23,,,2025-11-19
JO2태양광발전소,경상북도 경산시 와촌면 와천서길 219,,35.9429100717,128.8418057968,,정상가동,96.0,380.0,60,2024,,2024-07-23,,,2025-11-19
JO1태양광발전소,경상북도 경산시 와촌면 와천서길 231,,35.9445703119,128.8416961773,,정상가동,92.4,380.0,60,2024,,2024-07-23,,,2025-11-19
솔테크태양광발전소,경상북도 경산시 하양읍 지식산업4로1길 37,,35.9326103615,128.8190715788,,정상가동,489.38,380.0,60,2025,,2024-07-18,,,2025-11-19
남텍태양광발전소,경상북도 경산시 하양읍 지식산업4로1길 37,,35.9326103615,128.8190715788,,정상가동,90.63,380.0,60,2024,,2024-07-18,,,2025-11-19
광명테크발전소,경상북도 경산시 진량읍 평사1길 104-56,,35.8819166365,128.862624433,,정상가동,52.92,380.0,60,2024,,2024-07-18,,,2025-11-19
대왕로태양광발전소,경상북도 경산시 남산면 대왕로 186,,35.7767175055,128.8361233675,,정상가동,18.9,380.0,60,2025,,2024-07-16,,,2025-11-19
혜성태양광발전소,경상북도 경산시 진량읍 다문로61길 77,,35.8798562901,128.8499473159,,정상가동,99.38,380.0,60,2025,,2024-07-16,,,2025-11-19
정윤5호태양광발전소,경상북도 경산시 와촌면 덕촌길 40-22,,35.9451338577,128.8400750735,,정상가동,90.09,380.0,60,2024,,2024-07-15,,,2025-11-19
정윤4호태양광발전소,경상북도 경산시 와촌면 덕촌길 40-22,,35.9451338577,128.8400750735,,정상가동,74.97,380.0,60,2024,,2024-07-15,,,2025-11-19
명동2호태양광발전소,경상북도 경산시 하양읍 한사들길10길 22-8,,35.9258730864,128.8292161877,,정상가동,97.02,380.0,60,2024,,2024-07-15,,,2025-11-19
명동1호태양광발전소,경상북도 경산시 하양읍 한사들길10길 22-8,,35.9258730864,128.8292161877,,정상가동,83.16,380.0,60,2024,,2024-07-15,,,2025-11-19
현성1태양광발전소,경상북도 경산시 하양읍 남하들길3길 24,,35.8828494168,128.7776186724,,정상가동,50.0,380.0,60,2024,,2024-07-15,,,2025-11-19
호우2호태양광발전소,경상북도 경산시 압량읍 오목천서길 81-33,,35.8217887562,128.7994112871,,정상가동,99.54,380.0,60,2025,,2024-07-11,,,2025-11-19
호우1호태양광발전소,경상북도 경산시 압량읍 오목천서길 81-33,,35.8217887562,128.7994112871,,정상가동,99.54,380.0,60,2025,,2024-07-11,,,2025-11-19
장원원룸태양광발전소,"경상북도 경산시 진량읍 대구대로 359-9, 장원원룸",,35.8911312838,128.858830686,,정상가동,18.9,380.0,60,2024,,2024-07-11,,,2025-11-19
세진테크5태양광발전소,경상북도 경산시 진량읍 공단8로 50,,35.8624822865,128.8323644749,,정상가동,82.5,380.0,60,2025,,2024-07-10,,,2025-11-19
세진테크4태양광발전소,경상북도 경산시 진량읍 공단8로 50,,35.8624822865,128.8323644749,,정상가동,99.38,380.0,60,2025,,2024-07-10,,,2025-11-19
세진테크3태양광발전소,경상북도 경산시 진량읍 공단8로 50,,35.8624822865,128.8323644749,,정상가동,99.38,380.0,60,2025,,2024-07-10,,,2025-11-19
세진테크2태양광발전소,경상북도 경산시 진량읍 공단8로 50,,35.8624822865,128.8323644749,,정상가동,95.63,380.0,60,2025,,2024-07-10,,,2025-11-19
세진테크1태양광발전소,경상북도 경산시 진량읍 공단8로 50,,35.8624822865,128.8323644749,,정상가동,95.63,380.0,60,2025,,2024-07-10,,,2025-11-19
(주)우진공업2태양광발전소,경상북도 경산시 진량읍 공단8로 50,,35.8624822865,128.8323644749,,정상가동,95.63,380.0,60,2025,,2024-07-10,,,2025-11-19
(주)우진공업1태양광발전소,경상북도 경산시 진량읍 공단8로 50,,35.8624822865,128.8323644749,,정상가동,95.63,380.0,60,2025,,2024-07-10,,,2025-11-19
예진태양광발전소,경상북도 경산시 와촌면 상암길 172-37,,35.9380461612,128.8530950893,,정상가동,100.0,380.0,60,2025,,2024-07-08,,,2025-11-19
거벽태양광발전소,"경상북도 경산시 남천면 협석2길 135, 거벽디자인",,35.7854332219,128.7207500687,,정상가동,99.54,380.0,60,2024,,2024-07-08,,,2025-11-19
사림3호태양광발전소,경상북도 경산시 남산면 사림길 9,,35.7545182835,128.8220535058,,정상가동,55.0,380.0,60,2025,,2024-07-08,,,2025-11-19
유진태양광발전소,경상북도 경산시 압량읍 가일길28길 11-19,,35.8420005054,128.7875240355,,정상가동,97.02,380.0,60,2024,,2024-07-03,,,2025-11-19
풍산물산태양광발전소,경상북도 경산시 하양읍 지식산업5로 58,,35.938926745,128.8254607351,,정상가동,427.68,380.0,60,2025,,2024-07-03,,,2025-11-19
거성태양광발전소,"경상북도 경산시 자인면 자인공단로 63, (주)거성하이텍",,35.8273761229,128.8235302667,,정상가동,211.68,380.0,60,2025,,2024-07-03,,,2025-11-19
상암목장2발전소,경상북도 경산시 와촌면 상암길37길 103,,35.9505884841,128.8522080773,,정상가동,65.0,380.0,60,2025,,2024-07-02,,,2025-11-19
주원태양광발전소,경상북도 경산시 용성면 구룡로 24-1,,35.7943729012,128.8797897422,,정상가동,99.2,380.0,60,2025,,2024-07-01,,,2025-11-19
태흥2호태양광발전소,"경상북도 경산시 남천면 남천로 513, , 515, 517",,35.7701050156,128.723985894,,정상가동,91.35,380.0,60,2025,,2024-07-01,,,2025-11-19
태흥1호태양광발전소,"경상북도 경산시 남천면 남천로 513, , 515, 517",,35.7701050156,128.723985894,,정상가동,91.35,380.0,60,2025,,2024-07-01,,,2025-11-19
션샤인2호태양광발전소,경상북도 경산시 자인면 원효로 988-29,,35.8035294692,128.8385628418,,정상가동,90.72,380.0,60,2024,,2024-06-25,,,2025-11-19
션샤인1호태양광발전소,경상북도 경산시 자인면 원효로 988-29,,35.8035294692,128.8385628418,,정상가동,90.72,380.0,60,2024,,2024-06-25,,,2025-11-19
상범태양광발전소,경상북도 경산시 자인면 원효로 988-29,,35.8035294692,128.8385628418,,정상가동,99.54,380.0,60,2024,,2024-06-25,,,2025-11-19
유찬2호태양광발전소,경상북도 경산시 압량읍 오목천서길 81-33,,35.8217887562,128.7994112871,,정상가동,99.38,380.0,60,2024,,2024-06-20,,,2025-11-19
유찬1호태양광발전소,경상북도 경산시 압량읍 오목천서길 81-33,,35.8217887562,128.7994112871,,정상가동,99.38,380.0,60,2024,,2024-06-20,,,2025-11-19
엘리트태양광,"경상북도 경산시 진량읍 상림2길 31-1, 엘리트원룸",,35.9037193825,128.8332225304,,정상가동,16.2,380.0,60,2024,,2024-06-18,,,2025-11-19
녹현4호태양광발전소,경상북도 경산시 진량읍 공단5로 106,,35.8582167356,128.8319904251,,정상가동,56.88,380.0,60,2024,,2024-06-19,,,2025-11-19
녹현3호태양광발전소,경상북도 경산시 진량읍 공단5로 106,,35.8582167356,128.8319904251,,정상가동,99.38,380.0,60,2024,,2024-06-19,,,2025-11-19
녹현2호태양광발전소,경상북도 경산시 진량읍 공단5로 106,,35.8582167356,128.8319904251,,정상가동,99.38,380.0,60,2024,,2024-06-19,,,2025-11-19
녹현1호태양광발전소,경상북도 경산시 진량읍 공단5로 106,,35.8582167356,128.8319904251,,정상가동,99.38,380.0,60,2024,,2024-06-19,,,2025-11-19
지산석재태양광발전소,경상북도 경산시 남천면 조자길 132,,35.7692309278,128.7419542465,,정상가동,126.48,380.0,60,2024,,2024-06-17,,,2025-11-19
백마태양광발전소,경상북도 경산시 진량읍 진성로 299,,35.857726928,128.8343261744,,정상가동,99.2,380.0,60,2025,,2024-06-17,,,2025-11-19
정하현2호태양광발전소,경상북도 경산시 압량읍 내리길25길 58-8,,35.8467655841,128.7776400301,,정상가동,31.0,380.0,60,2025,,2024-06-12,,,2025-11-19
정하현1호태양광발전소,경상북도 경산시 압량읍 내리길25길 58-8,,35.8467655841,128.7776400301,,정상가동,93.62,380.0,60,2025,,2024-06-12,,,2025-11-19
정치수태양광발전소,"경상북도 경산시 자인면 일언길 22-9, 예일태크",,35.8433040817,128.8102461286,,정상가동,99.82,380.0,60,2025,,2024-06-12,,,2025-11-19
조영숙2호태양광발전소,경상북도 경산시 압량읍 내리길25길 58-2,,35.8465308229,128.7775560971,,정상가동,81.9,380.0,60,2025,,2024-06-12,,,2025-11-19
조영숙1호태양광발전소,경상북도 경산시 압량읍 내리길25길 58-2,,35.8465308229,128.7775560971,,정상가동,88.2,380.0,60,2025,,2024-06-12,,,2025-11-19
민태양광발전소,경상북도 경산시 와촌면 상암길 170-14,,35.9401699587,128.8519909115,,정상가동,50.0,380.0,60,2024,,2024-06-10,,,2025-11-19
마더스제약경산공장태양광발전소,경상북도 경산시 진량읍 공단6로24길 18,,35.8695622542,128.827091347,,정상가동,118.13,380.0,60,2024,,2024-06-10,,,2025-11-19
그린2호태양광발전소,경상북도 경산시 와촌면 한골길 21-7,,35.9801526998,128.7912993626,,정상가동,99.82,380.0,60,2024,,2024-06-10,,,2025-11-19
그린3호태양광발전소,경상북도 경산시 와촌면 한골길 21-7,,35.9801526998,128.7912993626,,정상가동,52.7,380.0,60,2024,,2024-06-10,,,2025-11-19
그린1호태양광발전소,경상북도 경산시 와촌면 한골길 21-7,,35.9801526998,128.7912993626,,정상가동,99.82,380.0,60,2024,,2024-06-10,,,2025-11-19
동우건설산업,경상북도 경산시 남산면 설총로 612,,35.7937676171,128.8399682772,,정상가동,81.84,380.0,60,2024,,2024-06-05,,,2025-11-19
스페셜그린48호발전소,경상북도 경산시 하양읍 지식산업1로 77,,35.9383921468,128.824819284,,정상가동,495.0,380.0,60,2025,,2024-06-05,,,2025-11-19
현성태양광발전소,경상북도 경산시 하양읍 남하들길3길 24,,35.8828494168,128.7776186724,,정상가동,499.38,380.0,60,2024,,2024-06-05,,,2025-11-19
일포태양광발전소,경상북도 경산시 진량읍 당곡길 45,,35.8550282153,128.8076246936,,정상가동,41.25,380.0,60,2024,,2024-06-03,,,2025-11-19
동아2-1태양광발전소,경상북도 경산시 진량읍 대구대로68길 10-8,,35.8905469068,128.8547119569,,정상가동,19.94,380.0,60,2024,,2024-06-03,,,2025-11-19
해야발전소,경상북도 경산시 진량읍 금박로133길 53-27,,35.8789167642,128.8565706691,,정상가동,165.63,380.0,60,2025,,2024-06-03,,,2025-11-19
태산레이스태양광발전소,경상북도 경산시 와촌면 박사강변로 198,,35.962611292,128.8173651337,,정상가동,99.38,380.0,60,2024,,2024-05-28,,,2025-11-19
맛뜨락2호태양광발전소,경상북도 경산시 자인면 한장군로 324-56,,35.8228246792,128.8141839743,,정상가동,93.0,380.0,60,2024,,2024-05-22,,,2025-11-19
맛뜨락1호태양광발전소,경상북도 경산시 자인면 한장군로 324-56,,35.8228246792,128.8141839743,,정상가동,99.82,380.0,60,2024,,2024-05-22,,,2025-11-19
동보태양광발전소,경상북도 경산시 압량읍 가일길28길 59-9,,35.8381516688,128.7882915653,,정상가동,93.75,380.0,60,2024,,2024-05-22,,,2025-11-19
햇살그린발전소786호,경상북도 경산시 와촌면 얼음장골길 33-9,,35.9518307598,128.7883677068,,정상가동,99.56,380.0,60,2025,,2024-05-22,,,2025-11-19
햇살그린발전소785호,경상북도 경산시 와촌면 얼음장골길 23,,35.9519107689,128.7876112867,,정상가동,17.03,380.0,60,2024,,2024-05-22,,,2025-11-19
햇살그린발전소784호,경상북도 경산시 와촌면 얼음장골길 23,,35.9519107689,128.7876112867,,정상가동,40.61,380.0,60,2024,,2024-05-22,,,2025-11-19
종길3태양광발전소,경상북도 경산시 남천면 관방로 874,,35.7568704195,128.7775949705,,정상가동,39.69,380.0,60,2024,,2024-05-22,,,2025-11-19
종길2태양광발전소,경상북도 경산시 남천면 관방로 874,,35.7568704195,128.7775949705,,정상가동,99.54,380.0,60,2024,,2024-05-22,,,2025-11-19
햇살그린발전소783호,경상북도 경산시 와촌면 얼음장골길 23,,35.9519107689,128.7876112867,,정상가동,62.88,380.0,60,2024,,2024-05-22,,,2025-11-19
천우3호태양광발전소,"경상북도 경산시 와촌면 계당길 55-10, 화신산업",,35.9291436051,128.8497592222,,정상가동,39.68,380.0,60,2024,,2024-05-22,,,2025-11-19
천우2호태양광발전소,"경상북도 경산시 와촌면 계당길 55-10, 화신산업",,35.9291436051,128.8497592222,,정상가동,99.82,380.0,60,2024,,2024-05-22,,,2025-11-19
천우1호태양광발전소,"경상북도 경산시 와촌면 계당길 55-10, 화신산업",,35.9291436051,128.8497592222,,정상가동,99.82,380.0,60,2024,,2024-05-22,,,2025-11-19
엠제이발전소,경상북도 경산시 진량읍 공단1로 76,,35.8735055682,128.8275964274,,정상가동,99.54,380.0,60,2025,,2024-05-14,,,2025-11-19
원라이팅태양광발전소,경상북도 경산시 압량읍 가일길23길 16,,35.8417441266,128.7834078264,,정상가동,70.68,380.0,60,2025,,2024-05-14,,,2025-11-19
희망태양광,경상북도 경산시 와촌면 팔공로149길 51-16,,35.9610929225,128.8252015652,,정상가동,99.54,380.0,60,2024,,2024-05-14,,,2025-11-19
공주2호태양광,경상북도 경산시 와촌면 팔공로149길 51-16,,35.9610929225,128.8252015652,,정상가동,99.54,380.0,60,2024,,2024-05-14,,,2025-11-19
봉태양광,경상북도 경산시 와촌면 팔공로149길 51-16,,35.9610929225,128.8252015652,,정상가동,99.54,380.0,60,2024,,2024-05-14,,,2025-11-19
공주태양광,경상북도 경산시 와촌면 팔공로149길 51-16,,35.9610929225,128.8252015652,,정상가동,99.54,380.0,60,2024,,2024-05-14,,,2025-11-19
영광2태양광발전소,경상북도 경산시 와촌면 금송로87길 60-1,,35.9473150431,128.8330462839,,정상가동,99.38,380.0,60,2024,,2024-05-03,,,2025-11-19
신우2호태양광발전소,"경상북도 경산시 진량읍 공단4로 191, 신우정밀",,35.8745567018,128.8281357403,,정상가동,43.75,380.0,60,2024,,2024-05-03,,,2025-11-19
신우1호태양광발전소,"경상북도 경산시 진량읍 공단4로 191, 신우정밀",,35.8745567018,128.8281357403,,정상가동,99.38,3680.0,60,2024,,2024-05-03,,,2025-11-19
광석5호태양광발전소,경상북도 경산시 진량읍 공단12로 43,,35.8579141338,128.8434552371,,정상가동,81.88,380.0,60,2024,,2024-04-29,,,2025-11-19
광석4호태양광발전소,경상북도 경산시 진량읍 공단12로 43,,35.8579141338,128.8434552371,,정상가동,81.88,380.0,60,2024,,2024-04-29,,,2025-11-19
광석3호태양광발전소,경상북도 경산시 진량읍 공단12로 43,,35.8579141338,128.8434552371,,정상가동,73.13,380.0,60,2024,,2024-04-29,,,2025-11-19
광석2호태양광발전소,경상북도 경산시 진량읍 공단12로 43,,35.8579141338,128.8434552371,,정상가동,73.13,380.0,60,2024,,2024-04-29,,,2025-11-19
광석1호태양광발전소,경상북도 경산시 진량읍 공단12로 43,,35.8579141338,128.8434552371,,정상가동,56.25,380.0,60,2024,,2024-04-29,,,2025-11-19
통통태양광발전소,경상북도 경산시 남천면 하도로 101-6,,35.7317443272,128.7368006104,,정상가동,140.0,380.0,60,2024,,2024-04-25,,,2025-11-19
삼익5호태양광발전소,"경상북도 경산시 자인면 자인공단로 5, 삼익기전",,35.8254956517,128.818126545,,정상가동,98.28,380.0,60,2024,,2024-04-25,,,2025-11-19
삼익4호태양광발전소,"경상북도 경산시 자인면 자인공단로 5, 삼익기전",,35.8254956517,128.818126545,,정상가동,98.28,380.0,60,2024,,2024-04-25,,,2025-11-19
삼익3호태양광발전소,"경상북도 경산시 자인면 자인공단로 5, 삼익기전",,35.8254956517,128.818126545,,정상가동,98.28,380.0,60,2024,,2024-04-25,,,2025-11-19
삼익2호태양광발전소,"경상북도 경산시 자인면 자인공단로 5, 삼익기전",,35.8254956517,128.818126545,,정상가동,98.28,380.0,60,2024,,2024-04-25,,,2025-11-19
삼익1호태양광발전소,"경상북도 경산시 자인면 자인공단로 5, 삼익기전",,35.8254956517,128.818126545,,정상가동,98.28,380.0,60,2024,,2024-04-25,,,2025-11-19
용산태양광발전소,경상북도 경산시 압량읍 내리길 135-9,,35.8460568698,128.7836210605,,정상가동,68.2,380.0,60,2024,,2024-04-24,,,2025-11-19
화신태양광발전소,경상북도 경산시 남천면 삼성1길 44-8,,35.7673835601,128.7321825266,,정상가동,59.9,380.0,60,2024,,2024-04-24,,,2025-11-19
HY2태양광발전소,경상북도 경산시 와촌면 와천서길 219,,35.9429100717,128.8418057968,,정상가동,99.2,380.0,60,2024,,2024-04-17,,,2025-11-19
HY1태양광발전소,경상북도 경산시 와촌면 와천서길 231,,35.9445703119,128.8416961773,,정상가동,95.48,380.0,60,2024,,2024-04-17,,,2025-11-19
SJ23태양광발전소,경상북도 경산시 하양읍 지식산업4로 16-96,,35.9302983458,128.8134938093,,정상가동,97.34,380.0,60,2024,,2024-04-17,,,2025-11-19
SJ21태양광발전소,경상북도 경산시 하양읍 지식산업4로 16-94,,35.9303263261,128.8127566886,,정상가동,95.48,380.0,60,2024,,2024-04-17,,,2025-11-19
SJ20태양광발전소,경상북도 경산시 하양읍 지식산업4로 16-94,,35.9303263261,128.8127566886,,정상가동,98.58,380.0,60,2024,,2024-04-17,,,2025-11-19
SJ19태양광발전소,경상북도 경산시 하양읍 지식산업4로 16-94,,35.9303263261,128.8127566886,,정상가동,30.38,380.0,60,2024,,2024-04-17,,,2025-11-19
SJ18태양광발전소,경상북도 경산시 와촌면 금송로 333,,35.9392433252,128.8333146848,,정상가동,66.96,380.0,60,2024,,2024-04-17,,,2025-11-19
SJ17태양광발전소,경상북도 경산시 와촌면 금송로 333,,35.9392433252,128.8333146848,,정상가동,47.12,380.0,60,2024,,2024-04-17,,,2025-11-19
SJ16태양광발전소,경상북도 경산시 와촌면 금송로 333,,35.9392433252,128.8333146848,,정상가동,97.96,380.0,60,2024,,2024-04-17,,,2025-11-19
SJ14태양광발전소,경상북도 경산시 와촌면 와천동길 208,,35.942957915,128.8442173933,,정상가동,98.58,380.0,60,2024,,2024-04-17,,,2025-11-19
SJ15태양광발전소,경상북도 경산시 와촌면 금송로 333,,35.9392433252,128.8333146848,,정상가동,97.34,380.0,60,2024,,2024-04-17,,,2025-11-19
SJ13태양광발전소,경상북도 경산시 와촌면 와천동길 208,,35.942957915,128.8442173933,,정상가동,99.82,380.0,60,2024,,2024-04-17,,,2025-11-19
SJ12태양광발전소,경상북도 경산시 와촌면 와천동길 208,,35.942957915,128.8442173933,,정상가동,90.52,380.0,60,2024,,2024-04-17,,,2025-11-19
SJ11태양광발전소,경상북도 경산시 와촌면 와천동길 208,,35.942957915,128.8442173933,,정상가동,97.96,380.0,60,2024,,2024-04-17,,,2025-11-19
SJ10태양광발전소,"경상북도 경산시 와촌면 와천서길 249, 주K.P.C",,35.9451677976,128.8414105139,,정상가동,99.2,380.0,60,2024,,2024-04-17,,,2025-11-19
SJ9태양광발전소,"경상북도 경산시 와촌면 와천서길 249, 주K.P.C",,35.9451677976,128.8414105139,,정상가동,54.0,380.0,60,2024,,2024-04-17,,,2025-11-19
SJ8태양광발전소,"경상북도 경산시 와촌면 와천서길 249, 주K.P.C",,35.9451677976,128.8414105139,,정상가동,99.2,380.0,60,2024,,2024-04-17,,,2025-11-19
SJ7태양광발전소,"경상북도 경산시 와촌면 와천서길 249, 주K.P.C",,35.9451677976,128.8414105139,,정상가동,63.24,380.0,60,2024,,2024-04-16,,,2025-11-19
SJ6태양광발전소,"경상북도 경산시 와촌면 와천서길 249, 주K.P.C",,35.9451677976,128.8414105139,,정상가동,86.8,380.0,60,2024,,2024-04-16,,,2025-11-19
SJ5태양광발전소,경상북도 경산시 와촌면 금송로87길 22,,35.9488430653,128.8336575222,,정상가동,97.96,380.0,60,2024,,2024-04-16,,,2025-11-19
SJ4태양광발전소,경상북도 경산시 와촌면 금송로87길 22,,35.9488430653,128.8336575222,,정상가동,99.2,380.0,60,2024,,2024-04-16,,,2025-11-19
SJ3태양광발전소,경상북도 경산시 와촌면 금송로87길 22,,35.9488430653,128.8336575222,,정상가동,99.2,380.0,60,2024,,2024-04-16,,,2025-11-19
SJ2태양광발전소,경상북도 경산시 와촌면 금송로87길 23,,35.9488505607,128.8343815721,,정상가동,65.1,380.0,60,2024,,2024-04-16,,,2025-11-19
SJ1태양광발전소,경상북도 경산시 와촌면 금송로87길 23,,35.9488505607,128.8343815721,,정상가동,99.2,380.0,60,2024,,2024-04-16,,,2025-11-19
JH23태양광발전소,경상북도 경산시 하양읍 지식산업4로 16-96,,35.9302983458,128.8134938093,,정상가동,96.72,380.0,60,2024,,2024-04-16,,,2025-11-19
JH22태양광발전소,경상북도 경산시 하양읍 지식산업4로 16-94,,35.9303263261,128.8127566886,,정상가동,99.2,380.0,60,2024,,2024-04-16,,,2025-11-19
JH21태양광발전소,경상북도 경산시 하양읍 지식산업4로 16-94,,35.9303263261,128.8127566886,,정상가동,87.42,380.0,60,2024,,2024-04-16,,,2025-11-19
JH20태양광발전소,경상북도 경산시 하양읍 지식산업4로 16-94,,35.9303263261,128.8127566886,,정상가동,99.2,380.0,60,2024,,2024-04-16,,,2025-11-19
JH19태양광발전소,경상북도 경산시 하양읍 지식산업4로 16-94,,35.9303263261,128.8127566886,,정상가동,99.82,380.0,60,2024,,2024-04-16,,,2025-11-19
JH18태양광발전소,경상북도 경산시 하양읍 지식산업4로 16-94,,35.9303263261,128.8127566886,,정상가동,99.82,380.0,60,2024,,2024-04-16,,,2025-11-19
JH17태양광발전소,경상북도 경산시 와촌면 금송로 333,,35.9392433252,128.8333146848,,정상가동,89.28,380.0,60,2024,,2024-04-16,,,2025-11-19
JH16태양광발전소,경상북도 경산시 와촌면 금송로 333,,35.9392433252,128.8333146848,,정상가동,96.73,380.0,60,2024,,2024-04-16,,,2025-11-19
JH15태양광발전소,경상북도 경산시 와촌면 와천동길 208,,35.942957915,128.8442173933,,정상가동,16.12,380.0,60,2024,,2024-04-16,,,2025-11-19
JH14태양광발전소,경상북도 경산시 와촌면 와천동길 208,,35.942957915,128.8442173933,,정상가동,99.82,380.0,60,2024,,2024-04-16,,,2025-11-19
JH13태양광발전소,경상북도 경산시 와촌면 와천동길 208,,35.942957915,128.8442173933,,정상가동,99.82,380.0,60,2024,,2024-04-16,,,2025-11-19
JH12태양광발전소,경상북도 경산시 와촌면 와천동길 208,,35.942957915,128.8442173933,,정상가동,98.58,380.0,60,2024,,2024-04-16,,,2025-11-19
JH11태양광발전소,경상북도 경산시 와촌면 와천동길 208,,35.942957915,128.8442173933,,정상가동,99.2,380.0,60,2024,,2024-04-16,,,2025-11-19
JH10태양광발전소,경상북도 경산시 와촌면 와천동길 208,,35.942957915,128.8442173933,,정상가동,97.96,380.0,60,2024,,2024-04-16,,,2025-11-19
JH9태양광발전소,"경상북도 경산시 와촌면 와천서길 249, 주K.P.C",,35.9451677976,128.8414105139,,정상가동,54.56,380.0,60,2024,,2024-04-16,,,2025-11-19
JH8태양광발전소,"경상북도 경산시 와촌면 와천서길 249, 주K.P.C",,35.9451677976,128.8414105139,,정상가동,63.24,380.0,60,2024,,2024-04-16,,,2025-11-19
JH7태양광발전소,"경상북도 경산시 와촌면 와천서길 249, 주K.P.C",,35.9451677976,128.8414105139,,정상가동,99.2,380.0,60,2024,,2024-04-16,,,2025-11-19
JH6태양광발전소,"경상북도 경산시 와촌면 와천서길 249, 주K.P.C",,35.9451677976,128.8414105139,,정상가동,97.34,380.0,60,2024,,2024-04-16,,,2025-11-19
JH5태양광발전소,경상북도 경산시 와촌면 금송로87길 22,,35.9488430653,128.8336575222,,정상가동,45.26,380.0,60,2024,,2024-04-16,,,2025-11-19
JH4태양광발전소,경상북도 경산시 와촌면 금송로87길 22,,35.9488430653,128.8336575222,,정상가동,99.2,380.0,60,2024,,2024-04-16,,,2025-11-19
JH3태양광발전소,경상북도 경산시 와촌면 금송로87길 22,,35.9488430653,128.8336575222,,정상가동,99.2,380.0,60,2024,,2024-04-16,,,2025-11-19
SJ22태양광발전소,경상북도 경산시 하양읍 지식산업4로 16-96,,35.9302983458,128.8134938093,,정상가동,96.72,380.0,60,2024,,2024-04-16,,,2025-11-19
JH2태양광발전소,경상북도 경산시 와촌면 금송로87길 22,,35.9488430653,128.8336575222,,정상가동,99.2,380.0,60,2024,,2024-04-16,,,2025-11-19
JH1태양광발전소,경상북도 경산시 와촌면 금송로87길 23,,35.9488505607,128.8343815721,,정상가동,99.2,380.0,60,2024,,2024-04-16,,,2025-11-19
에이치비엘태양광발전소,경상북도 경산시 남천면 협석2길 29,,35.7899330165,128.7281707472,,정상가동,219.01,380.0,60,2025,,2024-04-15,,,2025-11-19
신성2태양광발전소,"경상북도 경산시 진량읍 공단4로 29, 자원메티칼주",,35.8637622553,128.8225193758,,정상가동,99.38,380.0,60,2024,,2024-04-12,,,2025-11-19
신성1태양광발전소,"경상북도 경산시 진량읍 공단4로 29, 자원메티칼주",,35.8637622553,128.8225193758,,정상가동,99.38,380.0,60,2024,,2024-04-12,,,2025-11-19
초이4호태양광발전소,경상북도 경산시 와촌면 대경로 957-60,,35.9286484106,128.8420578607,,정상가동,99.38,380.0,60,2024,,2024-04-09,,,2025-11-19
초이3호태양광발전소,경상북도 경산시 와촌면 대경로 957-60,,35.9286484106,128.8420578607,,정상가동,99.38,380.0,60,2024,,2024-04-09,,,2025-11-19
초이2호태양광발전소,경상북도 경산시 와촌면 대경로 957-60,,35.9286484106,128.8420578607,,정상가동,99.38,380.0,60,2024,,2024-04-09,,,2025-11-19
초이1호태양광발전소,경상북도 경산시 와촌면 대경로 957-60,,35.9286484106,128.8420578607,,정상가동,99.38,380.0,60,2024,,2024-04-09,,,2025-11-19
금박2태양광발전소,경상북도 경산시 진량읍 평사1길 87,,35.8842533134,128.8650283043,,정상가동,50.63,380.0,60,2024,,2024-04-04,,,2025-11-19
금박1태양광발전소,경상북도 경산시 진량읍 평사1길 87,,35.8842533134,128.8650283043,,정상가동,99.63,380.0,60,2024,,2024-04-04,,,2025-11-19
브니엘태양광발전소,경상북도 경산시 진량읍 다문로61길 45-12,,35.8811864186,128.8475353235,,정상가동,44.02,380.0,60,2024,,2024-04-04,,,2025-11-19
정윤3호발전소,경상북도 경산시 와촌면 대경로 943-92,,35.9306006409,128.8410301161,,정상가동,99.54,380.0,60,2024,,2024-04-03,,,2025-11-19
정윤2호발전소,경상북도 경산시 와촌면 대경로 943-92,,35.9306006409,128.8410301161,,정상가동,99.54,380.0,60,2024,,2024-04-03,,,2025-11-19
정윤1호발전소,경상북도 경산시 와촌면 대경로 943-92,,35.9306006409,128.8410301161,,정상가동,99.54,380.0,60,2024,,2024-04-03,,,2025-11-19
영재태양광발전소,경상북도 경산시 하양읍 대부길 117,,35.894583079,128.8057775584,,정상가동,99.0,380.0,60,2024,,2024-04-03,,,2025-11-19
신일3호태양광발전소,경상북도 경산시 자인면 원효로 988-18,,35.8045805559,128.8369877431,,정상가동,99.63,380.0,60,2024,,2024-04-02,,,2025-11-19
신일2호태양광발전소,경상북도 경산시 자인면 원효로 988-18,,35.8045805559,128.8369877431,,정상가동,99.63,380.0,60,2024,,2024-04-02,,,2025-11-19
성수태양광발전소,경상북도 경산시 하양읍 지식산업2로4길 25,,35.9394348541,128.8236189528,,정상가동,99.83,380.0,60,2024,,2024-04-02,,,2025-11-19
(주)유한태양광발전소,경상북도 경산시 하양읍 지식산업2로4길 25,,35.9394348541,128.8236189528,,정상가동,298.27,380.0,60,2024,,2024-04-02,,,2025-11-19
음양태양광발전소,경상북도 경산시 와촌면 음양길 22,,35.9591751154,128.7617086562,,정상가동,99.38,380.0,60,2024,,2024-04-01,,,2025-11-19
포원태양광발전소,경상북도 경산시 진량읍 공단12로 150,,35.8677288408,128.8445749919,,정상가동,484.61,380.0,60,2024,,2024-04-01,,,2025-11-19
유투랩2호태양광발전소,경상북도 경산시 하양읍 지식산업3로 20-11,,35.9371477456,128.8168764758,,정상가동,28.13,380.0,60,2024,,2024-04-01,,,2025-11-19
유투랩1호태양광발전소,경상북도 경산시 하양읍 지식산업3로 20-11,,35.9371477456,128.8168764758,,정상가동,99.38,380.0,60,2024,,2024-04-01,,,2025-11-19
대성2-3호태양광발전소,경상북도 경산시 진량읍 공단13로 163,,35.8657918746,128.8455751076,,정상가동,45.0,380.0,60,2024,,2024-03-28,,,2025-11-19
대성2-2호태양광발전소,경상북도 경산시 진량읍 공단13로 163,,35.8657918746,128.8455751076,,정상가동,45.0,380.0,60,2024,,2024-03-28,,,2025-11-19
대성2-1호태양광발전소,경상북도 경산시 진량읍 공단13로 163,,35.8657918746,128.8455751076,,정상가동,99.38,380.0,60,2024,,2024-03-28,,,2025-11-19
대성1-5호태양광발전소,경상북도 경산시 진량읍 공단13로 163,,35.8657918746,128.8455751076,,정상가동,99.38,380.0,60,2024,,2024-03-28,,,2025-11-19
대성1-4호태양광발전소,경상북도 경산시 진량읍 공단13로 163,,35.8657918746,128.8455751076,,정상가동,99.38,380.0,60,2024,,2024-03-28,,,2025-11-19
대성1-3호태양광발전소,경상북도 경산시 진량읍 공단13로 163,,35.8657918746,128.8455751076,,정상가동,99.38,380.0,60,2024,,2024-03-28,,,2025-11-19
대성1-2호태양광발전소,경상북도 경산시 진량읍 공단13로 163,,35.8657918746,128.8455751076,,정상가동,99.38,380.0,60,2024,,2024-03-28,,,2025-11-19
대성1-1호태양광발전소,경상북도 경산시 진량읍 공단13로 163,,35.8657918746,128.8455751076,,정상가동,99.38,380.0,60,2024,,2024-03-28,,,2025-11-19
홍열태양광발전소,경상북도 경산시 하양읍 지식산업로6길 38,,35.9321704563,128.8275785412,,정상가동,76.23,380.0,60,2024,,2024-03-26,,,2025-11-19
한빛2호태양광발전소,"경상북도 경산시 진량읍 공단6로 127, 주프레임윅스",,35.8705476166,128.8246494391,,정상가동,33.88,380.0,60,2024,,2024-03-27,,,2025-11-19
한빛1호태양광발전소,"경상북도 경산시 진량읍 공단6로 127, 주프레임윅스",,35.8705476166,128.8246494391,,정상가동,99.83,380.0,60,2024,,2024-03-27,,,2025-11-19
JJS4태양광발전소,경상북도 경산시 진량읍 공단12로 44,,35.8579153356,128.8443616117,,정상가동,86.8,380.0,60,2024,,2024-03-22,,,2025-11-19
JJS3태양광발전소,경상북도 경산시 진량읍 공단12로 44,,35.8579153356,128.8443616117,,정상가동,89.28,380.0,60,2024,,2024-03-22,,,2025-11-19
JJS2태양광발전소,경상북도 경산시 진량읍 공단12로 44,,35.8579153356,128.8443616117,,정상가동,94.24,380.0,60,2024,,2024-03-22,,,2025-11-19
JJS1태양광발전소,경상북도 경산시 진량읍 공단12로 44,,35.8579153356,128.8443616117,,정상가동,89.28,380.0,60,2024,,2024-03-22,,,2025-11-19
지엠알4태양광발전소,경상북도 경산시 진량읍 공단12로 52,,35.8585149667,128.8443602971,,정상가동,98.58,380.0,60,2024,,2024-03-21,,,2025-11-19
지엠알3태양광발전소,경상북도 경산시 진량읍 공단12로 52,,35.8585149667,128.8443602971,,정상가동,99.2,380.0,60,2024,,2024-03-21,,,2025-11-19
지엠알2태양광발전소,경상북도 경산시 진량읍 공단12로 52,,35.8585149667,128.8443602971,,정상가동,94.24,380.0,60,2024,,2024-03-21,,,2025-11-19
지엠알1태양광발전소,경상북도 경산시 진량읍 공단12로 52,,35.8585149667,128.8443602971,,정상가동,89.28,380.0,60,2024,,2024-03-21,,,2025-11-19
(주)우성창호산업2호태양광발전소,경상북도 경산시 압량읍 가일길24길 34-1,,35.8381847193,128.7844627981,,정상가동,120.54,380.0,60,2024,,2024-03-19,,,2025-11-19
(주)우성창호산업1호태양광발전소,경상북도 경산시 압량읍 가일길24길 34-1,,35.8381847193,128.7844627981,,정상가동,99.63,380.0,60,2024,,2024-03-19,,,2025-11-19
태영판넬철강태양광발전소,경상북도 경산시 진량읍 안촌길 67-5,,35.8521037973,128.824690188,,정상가동,99.63,380.0,60,2024,,2024-03-19,,,2025-11-19
영신2호태양광발전소,경상북도 경산시 와촌면 박사강변로 250,,35.962296754,128.822655149,,정상가동,19.64,380.0,60,2024,,2024-03-18,,,2025-11-19
영신1호태양광발전소,경상북도 경산시 와촌면 박사강변로 250,,35.962296754,128.822655149,,정상가동,464.02,380.0,60,2024,,2024-03-18,,,2025-11-19
한수2호태양광발전소,경상북도 경산시 남산면 사월1길 19-2,,35.7928653784,128.8311726906,,정상가동,36.9,380.0,60,2024,,2024-03-14,,,2025-11-19
한수1호태양광발전소,경상북도 경산시 남산면 사월1길 25,,35.7926947502,128.8306788051,,정상가동,99.63,380.0,60,2024,,2024-03-14,,,2025-11-19
정이로운태양광발전소,"경상북도 경산시 와촌면 용천길26길 35-7, 백두산업",,35.9164886488,128.8420853098,,정상가동,99.37,380.0,60,2024,,2024-03-14,,,2025-11-19
케이엔조명3태양광,경상북도 경산시 하양읍 지식산업4로 16-76,,35.9317709553,128.812475928,,정상가동,56.42,380.0,60,2024,,2024-03-06,,,2025-11-19
케이엔조명2태양광,경상북도 경산시 하양읍 지식산업4로 16-76,,35.9317709553,128.812475928,,정상가동,99.82,380.0,60,2024,,2024-03-06,,,2025-11-19
케이엔조명1태양광,경상북도 경산시 하양읍 지식산업4로 16-76,,35.9317709553,128.812475928,,정상가동,99.82,380.0,60,2024,,2024-03-06,,,2025-11-19
대창산업태양광발전소,"경상북도 경산시 진량읍 초원길 52, 기간산업(주)",,35.8918194298,128.8353325398,,정상가동,232.65,380.0,60,2025,,2024-03-06,,,2025-11-19
아주스톤2호태양광발전소,경상북도 경산시 와촌면 불굴사길 34,,35.9565302214,128.7881481572,,정상가동,65.34,380.0,60,2024,,2024-03-04,,,2025-11-19
아주스톤1호태양광발전소,경상북도 경산시 와촌면 불굴사길 34,,35.9565302214,128.7881481572,,정상가동,87.12,380.0,60,2024,,2024-03-04,,,2025-11-19
성은태양광발전소,경상북도 경산시 와촌면 상암길 172-37,,35.9380461612,128.8530950893,,정상가동,100.0,380.0,60,2024,,2024-03-04,,,2025-11-19
일진태양광발전소,경상북도 경산시 진량읍 공단3로 10-56,,35.8664745368,128.8195280774,,정상가동,320.65,380.0,60,2024,,2024-03-04,,,2025-11-19
세림태양광발전소,경상북도 경산시 하양읍 지식산업4로 16-50,,35.9329067478,128.8126187059,,정상가동,267.22,380.0,60,2024,,2024-02-28,,,2025-11-19
희망태양광발전소1호,경상북도 경산시 자인면 한장군로65길 112-6,,35.819529152,128.8023486755,,정상가동,99.38,380.0,60,2024,,2024-02-28,,,2025-11-19
희망태양광발전소2호,경상북도 경산시 자인면 한장군로65길 112-6,,35.819529152,128.8023486755,,정상가동,99.38,380.0,60,2024,,2024-02-28,,,2025-11-19
영비원태양광발전소,경상북도 경산시 용성면 원효로 1191,,35.799502116,128.8553337675,,정상가동,99.2,380.0,60,2024,,2024-02-27,,,2025-11-19
대일태양광발전소,경상북도 경산시 하양읍 지식산업5로 30,,35.936618875,128.8252872089,,정상가동,342.24,380.0,60,2024,,2024-02-27,,,2025-11-19
파이터코리아태양광발전소,경상북도 경산시 압량읍 가일길 28-5,,35.8367192684,128.775923295,,정상가동,62.32,380.0,60,2024,,2024-02-27,,,2025-11-19
수창와파태양광발전소,경상북도 경산시 하양읍 지식산업4로 16-98,,35.9302394852,128.8141998014,,정상가동,141.57,380.0,60,2024,,2024-02-27,,,2025-11-19
와와태양광발전소,경상북도 경산시 와촌면 동강1길 27,,35.9550138261,128.8313295817,,정상가동,19.68,380.0,60,2024,,2024-02-23,,,2025-11-19
인향태양광발전소,경상북도 경산시 남산면 인흥1길 20-23,,35.8068572746,128.8037699244,,정상가동,59.5,380.0,60,2024,,2024-02-23,,,2025-11-19
태양5태양광발전소,경상북도 경산시 와촌면 박사강변로 185-15,,35.9635989008,128.8177870197,,정상가동,19.68,380.0,60,2024,,2024-02-21,,,2025-11-19
태양4태양광발전소,경상북도 경산시 와촌면 박사강변로 185-15,,35.9635989008,128.8177870197,,정상가동,59.04,380.0,60,2024,,2024-02-21,,,2025-11-19
태양3태양광발전소,경상북도 경산시 와촌면 박사강변로 185-15,,35.9635989008,128.8177870197,,정상가동,97.79,380.0,60,2024,,2024-02-21,,,2025-11-19
자인솔라태양광발전소,"경상북도 경산시 자인면 자인공단3로 55, 삼화플라스틱",,35.8279953684,128.8217006466,,정상가동,396.88,380.0,60,2024,,2024-02-21,,,2025-11-19
영광1태양광발전소,경상북도 경산시 와촌면 금송로87길 60-1,,35.9473150431,128.8330462839,,정상가동,99.38,380.0,60,2024,,2024-02-15,,,2025-11-19
다문태양광발전소,경상북도 경산시 진량읍 다문로61길 31,,35.8795825241,128.8461597543,,정상가동,99.38,380.0,60,2024,,2024-02-15,,,2025-11-19
기태태양광발전소,경상북도 경산시 진량읍 다문로61길 35,,35.879950919,128.8461582298,,정상가동,99.38,380.0,60,2024,,2024-02-15,,,2025-11-19
동완1호태양광발전소,경상북도 경산시 진량읍 문천길 259,,35.8820641941,128.8405756193,,정상가동,99.38,380.0,60,2024,,2024-02-15,,,2025-11-19
동완2호태양광발전소,경상북도 경산시 진량읍 문천길 259,,35.8820641941,128.8405756193,,정상가동,99.38,380.0,60,2024,,2024-02-15,,,2025-11-19
보리태양광발전소,경상북도 경산시 용성면 육동로 668-10,,35.7655560555,128.9166749285,,정상가동,99.6,380.0,60,2024,,2024-02-14,,,2025-11-19
황금태양광발전소,경상북도 경산시 와촌면 지식산업2로 140,,35.9408308102,128.8293573634,,정상가동,99.6,380.0,60,2024,,2024-02-14,,,2025-11-19
아이메디태양광발전소,경상북도 경산시 하양읍 아이웨어1로 33,,35.9386547558,128.8186784115,,정상가동,282.29,380.0,60,2024,,2024-02-14,,,2025-11-19
동흥1호태양광발전소,경상북도 경산시 자인면 한장군로 108,,35.8090882061,128.8205310343,,정상가동,97.5,380.0,60,2024,,2024-02-14,,,2025-11-19
부림태양광발전소,경상북도 경산시 남천면 관방로 907,,35.7558031719,128.774766619,,정상가동,99.82,380.0,60,2024,,2024-02-13,,,2025-11-19
(주)한백건설태양광발전소,경상북도 경산시 하양읍 남하들길3길 14,,35.8833195564,128.775604642,,정상가동,54.45,380.0,60,2024,,2024-02-13,,,2025-11-19
부광제2태양광발전소,경상북도 경산시 용성면 원효로 1463-13,,35.790256706,128.8779053899,,정상가동,59.52,380.0,60,2024,,2024-02-07,,,2025-11-19
백산4호태양광발전소,경상북도 경산시 자인면 압독로 360,,35.8333153699,128.7985267122,,정상가동,99.6,380.0,60,2024,,2024-01-31,,,2025-11-19
케이디태양광발전소,경상북도 경산시 진량읍 공단8로26길 91,,35.8692986281,128.8414126183,,정상가동,275.28,380.0,60,2024,,2024-01-29,,,2025-11-19
영테크태양광발전소,"경상북도 경산시 진량읍 금박로 590-8, (주)영테크",,35.8681645644,128.8502389402,,정상가동,253.44,380.0,60,2024,,2024-01-25,,,2025-11-19
동도4태양광발전소,"경상북도 경산시 자인면 자인공단4로 17, (주)동도",,35.8250470999,128.8258089834,,정상가동,99.83,380.0,60,2024,,2024-01-24,,,2025-11-19
동도3태양광발전소,"경상북도 경산시 자인면 자인공단4로 17, (주)동도",,35.8250470999,128.8258089834,,정상가동,99.83,380.0,60,2024,,2024-01-24,,,2025-11-19
동도1태양광발전소,"경상북도 경산시 자인면 자인공단4로 17, (주)동도",,35.8250470999,128.8258089834,,정상가동,99.83,380.0,60,2024,,2024-01-24,,,2025-11-19
동도2태양광발전소,"경상북도 경산시 자인면 자인공단4로 17, (주)동도",,35.8250470999,128.8258089834,,정상가동,99.83,380.0,60,2024,,2024-01-24,,,2025-11-19
지더블유에너지2호태양광발전소,경상북도 경산시 진량읍 일연로 653-30,,35.8679384513,128.8016581941,,정상가동,321.3,380.0,60,2025,,2024-01-24,,,2025-11-19
지더블유에너지1호태양광발전소,경상북도 경산시 진량읍 일연로 653-28,,35.8674054296,128.8016110311,,정상가동,410.55,380.0,60,2024,,2024-01-24,,,2025-11-19
김광미태양광발전소1호,"경상북도 경산시 남천면 삼성역길 36-5, 아신섬유",,35.7636764918,128.7236769089,,정상가동,86.8,380.0,60,2024,,2024-01-19,,,2025-11-19
김광미태양광발전소2호,"경상북도 경산시 남천면 삼성역길 36-5, 아신섬유",,35.7636764918,128.7236769089,,정상가동,82.8,380.0,60,2024,,2024-01-19,,,2025-11-19
송세달태양광발전소1호,경상북도 경산시 남천면 삼성역길 118-16,,35.7579864168,128.7228538748,,정상가동,75.6,380.0,60,2024,,2024-01-19,,,2025-11-19
송세달태양광발전소2호,경상북도 경산시 남천면 삼성역길 118-16,,35.7579864168,128.7228538748,,정상가동,99.6,380.0,60,2024,,2024-01-19,,,2025-11-19
송세달태양광발전소3호,경상북도 경산시 남천면 삼성역길 118-16,,35.7579864168,128.7228538748,,정상가동,99.6,380.0,60,2024,,2024-01-19,,,2025-11-19
송세달태양광발전소4호,경상북도 경산시 남천면 삼성역길 118-16,,35.7579864168,128.7228538748,,정상가동,99.6,380.0,60,2024,,2024-01-19,,,2025-11-19
송세달태양광발전소5호,경상북도 경산시 남천면 삼성역길 118-16,,35.7579864168,128.7228538748,,정상가동,86.4,380.0,60,2024,,2024-01-19,,,2025-11-19
성제1호태양광발전소,경상북도 경산시 남천면 신방3길 11,,35.7556674155,128.7794650621,,정상가동,99.82,380.0,60,2024,,2024-01-17,,,2025-11-19
소희태양광발전소,경상북도 경산시 하양읍 한사들길 24-100,,35.9309192179,128.8362324719,,정상가동,75.0,380.0,60,2024,,2024-01-17,,,2025-11-19
현대통상태양광발전소,경상북도 경산시 진량읍 공단12로 239,,35.8758231141,128.8433021808,,정상가동,258.72,380.0,60,2024,,2024-01-11,,,2025-11-19
구구만불태양광발전소,경상북도 경산시 와촌면 와천동길 90,,35.9343669468,128.8492476131,,정상가동,182.28,380.0,60,2024,,2024-01-09,,,2025-11-19
광진2호태양광발전소,경상북도 경산시 하양읍 지식산업4로 90,,35.9309796315,128.8202012175,,정상가동,99.63,380.0,60,2024,,2024-01-09,,,2025-11-19
산성1호태양광발전소,경상북도 경산시 용성면 용림로 355-33,,35.7919785841,128.9019222093,,정상가동,46.2,380.0,60,2024,,2024-01-05,,,2025-11-19
원탑태양광발전소,경상북도 경산시 남천면 삼성1길 13-2,,35.767377669,128.7289165097,,정상가동,72.0,380.0,60,2024,,2024-01-05,,,2025-11-19
하이웰테크,경상북도 경산시 압량읍 가일길20길 25-22,,35.8377494362,128.7824671929,,정상가동,65.1,380.0,60,2024,,2024-01-03,,,2025-11-19
자원2태양광발전소,경상북도 경산시 하양읍 아이웨어1로 30,,35.9392140816,128.8175399529,,정상가동,87.75,380.0,60,2023,,2023-02-14,,,2025-11-19
자원1태양광발전소,경상북도 경산시 하양읍 아이웨어1로 30,,35.9392140816,128.8175399529,,정상가동,87.75,380.0,60,2023,,2023-02-14,,,2025-11-19
착한장터태양광발전소,경상북도 경산시 진량읍 공단1로 6,,35.8734432447,128.8197555971,,정상가동,99.83,380.0,60,2024,,2023-12-28,,,2025-11-19
부력3-3태양광발전소,"경상북도 경산시 진량읍 공단4로 17, 부력강업사",,35.8636943552,128.8212749753,,정상가동,98.01,380.0,60,2024,,2023-12-27,,,2025-11-19
부력3-2태양광발전소,"경상북도 경산시 진량읍 공단4로 17, 부력강업사",,35.8636943552,128.8212749753,,정상가동,96.8,380.0,60,2024,,2023-12-27,,,2025-11-19
부력3-1태양광발전소,"경상북도 경산시 진량읍 공단4로 17, 부력강업사",,35.8636943552,128.8212749753,,정상가동,99.83,380.0,60,2024,,2023-12-27,,,2025-11-19
부력2-3태양광발전소,"경상북도 경산시 진량읍 공단4로 17, 부력강업사",,35.8636943552,128.8212749753,,정상가동,98.01,380.0,60,2024,,2023-12-27,,,2025-11-19
부력2-2태양광발전소,"경상북도 경산시 진량읍 공단4로 17, 부력강업사",,35.8636943552,128.8212749753,,정상가동,97.41,380.0,60,2024,,2023-12-27,,,2025-11-19
부력2-1태양광발전소,"경상북도 경산시 진량읍 공단4로 17, 부력강업사",,35.8636943552,128.8212749753,,정상가동,96.8,380.0,60,2024,,2023-12-27,,,2025-11-19
부력1-2태양광발전소,"경상북도 경산시 진량읍 공단4로 17, 부력강업사",,35.8636943552,128.8212749753,,정상가동,66.55,380.0,60,2024,,2023-12-27,,,2025-11-19
부력1-1태양광발전소,"경상북도 경산시 진량읍 공단4로 17, 부력강업사",,35.8636943552,128.8212749753,,정상가동,98.62,380.0,60,2024,,2023-12-27,,,2025-11-19
대왕산태양광발전소,경상북도 경산시 남산면 성산로 547,,35.7660994267,128.8339326101,,정상가동,55.2,380.0,60,2025,,2023-12-21,,,2025-11-19
구일농장태양광발전소,경상북도 경산시 남천면 백천서로 132,,35.7970593311,128.7347542323,,정상가동,77.0,380.0,60,2025,,2023-12-18,,,2025-11-19
용천태양광발전소,경상북도 경산시 와촌면 용천길 42,,35.9207791169,128.8476264191,,정상가동,99.96,380.0,60,2024,,2023-12-15,,,2025-11-19
디엔에이태양광발전소,경상북도 경산시 하양읍 가마실길 46-8,,35.9041935373,128.8015145895,,정상가동,28.44,380.0,60,2024,,2023-12-15,,,2025-11-19
상암2호태양광발전소,경상북도 경산시 와촌면 상암길 124-7,,35.9402915184,128.8479226702,,정상가동,83.7,380.0,60,2024,,2023-12-12,,,2025-11-19
상암1호태양광발전소,경상북도 경산시 와촌면 상암길 124-7,,35.9402915184,128.8479226702,,정상가동,96.72,380.0,60,2024,,2023-12-12,,,2025-11-19
대성태양광발전소,경상북도 경산시 와촌면 상암길37길 95-3,,35.9489462625,128.8517921705,,정상가동,99.96,380.0,60,2024,,2023-12-06,,,2025-11-19
정헌태양광발전소,경상북도 경산시 진량읍 보인길8길 16-4,,35.8822933392,128.8083305893,,정상가동,88.04,380.0,60,2024,,2023-12-06,,,2025-11-19
인호태양광,경상북도 경산시 압량읍 상대로 961,,35.8117607831,128.7978982307,,정상가동,35.11,380.0,60,2024,,2023-12-06,,,2025-11-19
더드림6차태양광발전소,경상북도 경산시 자인면 일연로 128,,35.8232421729,128.8192793997,,정상가동,64.74,380.0,60,2024,,2023-12-01,,,2025-11-19
더드림5차태양광발전소,경상북도 경산시 자인면 일연로 128,,35.8232421729,128.8192793997,,정상가동,99.83,380.0,60,2024,,2023-12-01,,,2025-11-19
솔라팜태양광발전소,경상북도 경산시 남산면 대왕로 135,,35.7803499504,128.8389683595,,정상가동,90.0,380.0,60,2024,,2023-11-29,,,2025-11-19
그린교역태양광발전소,경상북도 경산시 와촌면 상암길 61,,35.9406770885,128.8407177979,,정상가동,96.8,380.0,60,2024,,2023-11-29,,,2025-11-19
에스비케이태양광발전소,경상북도 경산시 하양읍 지식산업2로1길 40,,35.943360669,128.818100565,,정상가동,192.0,380.0,60,2024,,2023-11-29,,,2025-11-19
금강2호태양광발전소,경상북도 경산시 남천면 송백2길 44-2,,35.7570889247,128.7625544802,,정상가동,53.46,380.0,60,2024,,2023-11-28,,,2025-11-19
금강1호태양광발전소,경상북도 경산시 남천면 송백2길 44-2,,35.7570889247,128.7625544802,,정상가동,99.99,380.0,60,2024,,2023-11-28,,,2025-11-19
달다태양광발전소,경상북도 경산시 하양읍 아이웨어1로 13,,35.9406267363,128.8186688937,,정상가동,167.79,380.0,60,2024,,2023-11-27,,,2025-11-19
대경3호태양광발전소,"경상북도 경산시 하양읍 지식산업6로 17, 대경창호(주)",,35.9346682824,128.8277411356,,정상가동,29.76,380.0,60,2024,,2023-11-23,,,2025-11-19
대경2호태양광발전소,"경상북도 경산시 하양읍 지식산업6로 17, 대경창호(주)",,35.9346682824,128.8277411356,,정상가동,96.72,380.0,60,2024,,2023-11-23,,,2025-11-19
대경1호태양광발전소,"경상북도 경산시 하양읍 지식산업6로 17, 대경창호(주)",,35.9346682824,128.8277411356,,정상가동,96.72,380.0,60,2024,,2023-11-23,,,2025-11-19
새터5태양광발전소,경상북도 경산시 진량읍 대부길 214-16,,35.8961484721,128.8154272214,,정상가동,85.2,380.0,60,2024,,2023-11-16,,,2025-11-19
새터4태양광발전소,경상북도 경산시 진량읍 대부길 192-23,,35.8958658418,128.814875783,,정상가동,85.2,380.0,60,2024,,2023-11-16,,,2025-11-19
새터3태양광발전소,경상북도 경산시 진량읍 대부길 192-23,,35.8958658418,128.814875783,,정상가동,89.79,380.0,60,2024,,2023-11-16,,,2025-11-19
새터2태양광발전소,경상북도 경산시 진량읍 대부길 192-23,,35.8958658418,128.814875783,,정상가동,85.2,380.0,60,2024,,2023-11-16,,,2025-11-19
새터1태양광발전소,경상북도 경산시 진량읍 대부길 192-19,,35.8959564328,128.8144266699,,정상가동,85.2,380.0,60,2024,,2023-11-16,,,2025-11-19
새터6태양광발전소,경상북도 경산시 진량읍 대부길 214-16,,35.8961484721,128.8154272214,,정상가동,89.79,380.0,60,2024,,2023-11-16,,,2025-11-19
아이엘2호태양광발전소,"경상북도 경산시 자인면 자인공단2로4길 44, 오성기공",,35.8251295045,128.8251833878,,정상가동,630.0,22900.0,60,2024,,2023-11-14,,,2025-11-19
아이엘1호태양광발전소,"경상북도 경산시 자인면 자인공단2로4길 49, 오성기공",,35.8262495077,128.8260665716,,정상가동,210.0,380.0,60,2024,,2023-11-14,,,2025-11-19
원타운태양광발전소,경상북도 경산시 궁당로9길 4-8 (임당동),,35.8437649355,128.7497621199,,정상가동,18.0,380.0,60,2024,,2023-11-09,,,2025-11-19
342.디에이치하이텍,경상북도 경산시 진량읍 문천길 161-5,,35.8898591937,128.8339390554,,정상가동,390.83,380.0,60,2024,,2023-11-09,,,2025-11-19
경아태양광발전소,경상북도 경산시 와촌면 상암길 41-21,,35.9433726766,128.8399626455,,정상가동,91.14,380.0,60,2024,,2023-11-07,,,2025-11-19
세영태양광,경상북도 경산시 진량읍 선화로20길 54,,35.8660968302,128.7934289545,,정상가동,19.38,380.0,60,2024,,2023-11-07,,,2025-11-19
삼성인테리어태양광발전소,경상북도 경산시 와촌면 용천길26길 39,,35.916900905,128.8423199666,,정상가동,99.0,380.0,60,2024,,2023-11-07,,,2025-11-19
주영1태양광발전소,경상북도 경산시 하양읍 아이웨어2로 23,,35.9434531165,128.8169841769,,정상가동,435.6,380.0,60,2024,,2023-11-07,,,2025-11-19
동서태양광발전소3,경상북도 경산시 하양읍 한사들길 24-70,,35.9282699243,128.8357668849,,정상가동,99.2,380.0,60,2024,,2023-11-06,,,2025-11-19
동서태양광발전소2,경상북도 경산시 하양읍 한사들길 24-70,,35.9282699243,128.8357668849,,정상가동,99.2,380.0,60,2024,,2023-11-06,,,2025-11-19
에이플러스태양광발전소,"경상북도 경산시 진량읍 대추마을길9길 22-6, A플러스",,35.9018269849,128.8224800996,,정상가동,19.8,380.0,60,2024,,2023-11-03,,,2025-11-19
보성산업태양광발전소,경상북도 경산시 진량읍 평사1길 94,,35.8835430442,128.8648672563,,정상가동,71.4,380.0,60,2024,,2023-11-01,,,2025-11-19
주현태양광발전소,경상북도 경산시 진량읍 북리길 37-1,,35.8915376526,128.8232257927,,정상가동,48.02,380.0,60,2025,,2023-11-03,,,2025-11-19
소복이네태양광발전소,경상북도 경산시 용성면 용두지길 81-14,,35.7840602945,128.8673432414,,정상가동,299.46,380.0,60,2024,,2023-10-26,,,2025-11-19
선희태양광발전소,경상북도 경산시 용성면 내촌길 135,,35.8198017572,128.8949624231,,정상가동,19.84,380.0,60,2024,,2023-10-26,,,2025-11-19
시천1호태양광발전소,경상북도 경산시 와촌면 대경로 915-39,,35.9247864173,128.8368058387,,정상가동,99.6,380.0,60,2024,,2023-10-26,,,2025-11-19
시천2호태양광발전소,경상북도 경산시 와촌면 대경로 915-39,,35.9247864173,128.8368058387,,정상가동,58.75,380.0,60,2024,,2023-10-26,,,2025-11-19
환타스틱스제2발전소,,경상북도 경산시 와촌면 계전리 555-3,35.9571644455376,128.849681413327,,정상가동,59.52,380.0,60,2024,,2023-10-25,,,2025-11-19
아세아태양광발전소,경상북도 경산시 남산면 안심1길 19-53,,35.7614191689,128.8371270023,,정상가동,40.2,380.0,60,2025,,2023-10-25,,,2025-11-19
부건1호태양광발전소,"경상북도 경산시 진량읍 공단8로 36, (주)조양",,35.8613619168,128.8315564875,,정상가동,499.2,380.0,60,2024,,2023-10-20,,,2025-11-19
부건2호태양광발전소,"경상북도 경산시 진량읍 공단8로 36, (주)조양",,35.8613619168,128.8315564875,,정상가동,49.2,380.0,60,2024,,2023-10-20,,,2025-11-19
부건3호태양광발전소,"경상북도 경산시 진량읍 공단8로 36, (주)조양",,35.8613619168,128.8315564875,,정상가동,99.6,380.0,60,2024,,2023-10-20,,,2025-11-19
제이오엠2태양광발전소,경상북도 경산시 진량읍 공단13로 171,,35.8664455479,128.8455738553,,정상가동,99.2,380.0,60,2024,,2023-10-20,,,2025-11-19
제이오엠1태양광발전소,경상북도 경산시 진량읍 공단13로 171,,35.8664455479,128.8455738553,,정상가동,99.2,380.0,60,2024,,2023-10-20,,,2025-11-19
제이오엠3태양광발전소,경상북도 경산시 진량읍 공단13로 171,,35.8664455479,128.8455738553,,정상가동,99.2,380.0,60,2024,,2023-10-20,,,2025-11-19
제이오엠4태양광발전소,경상북도 경산시 진량읍 공단13로 171,,35.8664455479,128.8455738553,,정상가동,99.2,380.0,60,2024,,2023-10-20,,,2025-11-19
제이오엠5태양광발전소,경상북도 경산시 진량읍 공단13로 171,,35.8664455479,128.8455738553,,정상가동,99.2,380.0,60,2024,,2023-10-20,,,2025-11-19
양수에너지,경상북도 경산시 압량읍 현흥1길 17-11,,35.8629369044,128.7716306433,,정상가동,64.26,380.0,60,2024,,2023-10-19,,,2025-11-19
소월목장2태양광발전소,경상북도 경산시 와촌면 방거리길 38,,35.9538448508,128.8152412826,,정상가동,99.5,380.0,60,2025,,2023-10-18,,,2025-11-19
소월목장1태양광발전소,경상북도 경산시 와촌면 방거리길 38,,35.9538448508,128.8152412826,,정상가동,99.5,380.0,60,2025,,2023-10-18,,,2025-11-19
정연푸드1태양광발전소,경상북도 경산시 압량읍 용암길 53,,35.8535702045,128.7721451948,,정상가동,64.8,380.0,60,2024,,2023-10-12,,,2025-11-19
오석종태양광,,"경상북도 경산시 남산면 사림리 66 , 67, 69-1",,,,정상가동,300.08,380.0,60,2024,,2023-10-06,,,2025-11-19
경산정수장태양광발전소,경상북도 경산시 백양로 74 (계양동),,35.8138650936,128.7482779272,,정상가동,810.0,380.0,60,2024,,2023-10-04,,,2025-11-19
아방골태양광발전소,,경상북도 경산시 여천동 571-7,35.7995369869,128.7869742216,,정상가동,99.6,380.0,60,2024,,2023-09-26,,,2025-11-19
평사태양광발전소,"경상북도 경산시 진량읍 대구대로60길 9-1, 선하우스",,35.8931594556,128.8526234097,,정상가동,19.64,380.0,60,2024,,2023-09-21,,,2025-11-19
피앤티태양광발전소,경상북도 경산시 남천면 모골길 40,,35.7797695259,128.7215530368,,정상가동,58.2,380.0,60,2023,,2023-09-19,,,2025-11-19
다문3태양광발전소,경상북도 경산시 진량읍 다문로70길 59,,35.8719138989,128.8486345608,,정상가동,19.5,380.0,60,2025,,2023-09-19,,,2025-11-19
다문1태양광발전소,경상북도 경산시 진량읍 다문로70길 57-4,,35.8723211677,128.8487477627,,정상가동,99.5,380.0,60,2025,,2023-09-19,,,2025-11-19
디에스니들태양광발전소,경상북도 경산시 진량읍 공단4로5길 79,,35.8707300075,128.8207601285,,정상가동,912.64,22900.0,60,2023,,2023-09-18,,,2025-11-19
힐링1호태양광발전소,경상북도 경산시 자인면 원당길 131-10,,35.8003221239,128.8180785553,,정상가동,99.96,380.0,60,2025,,2023-09-18,,,2025-11-19
구일4태양광발전소,,"경상북도 경산시 남천면 구일리 106 , 77-10, 109-3, 109-4",35.7910847491,128.7286977141,,정상가동,99.5,380.0,60,2025,,2023-09-11,,,2025-11-19
구일3태양광발전소,,"경상북도 경산시 남천면 구일리 106 77-10, 109-3, 109-4",,,,정상가동,99.5,380.0,60,2025,,2023-09-11,,,2025-11-19
구일2태양광발전소,,"경상북도 경산시 남천면 구일리 106 , 77-10, 109-3, 109-4",35.7910847491,128.7286977141,,정상가동,99.5,380.0,60,2024,,2023-09-11,,,2025-11-19
구일1태양광발전소,,"경상북도 경산시 남천면 구일리 106 ,77-10, 109-3, 109-4",35.7910847491,128.7286977141,,정상가동,99.5,380.0,60,2024,,2023-09-11,,,2025-11-19
경산축산농협자인사업소 태양광발전소,경상북도 경산시 자인면 계정길 67,,35.818568008,128.817938651,,정상가동,270.48,380.0,60,2024,,2023-09-07,,,2025-11-19
애드준태양광발전소,"경상북도 경산시 진량읍 일연로 590, 애드준",,35.8611991358,128.8057371777,,정상가동,186.78,380.0,60,2024,,2023-09-06,,,2025-11-19
해오름태양광,경상북도 경산시 압량읍 진등길 88,,35.8183922881,128.7903121914,,정상가동,82.11,380.0,60,2024,,2023-09-04,,,2025-11-19
334.우일,"경상북도 경산시 진량읍 공단4로 109, 우일주",,35.8671478981,128.8278503722,,정상가동,264.18,380.0,60,2024,,2023-08-30,,,2025-11-19
335.제다산업,"경상북도 경산시 진량읍 공단4로40길 33, 유일통상",,35.8748988291,128.8320929863,,정상가동,210.54,380.0,60,2024,,2023-08-30,,,2025-11-19
333.와이제이캠핑카,경상북도 경산시 하양읍 지식산업1로 30,,35.9377351636,128.8189638863,,정상가동,334.39,380.0,60,2024,,2023-08-30,,,2025-11-19
영신건재5호태양광발전소,경상북도 경산시 하양읍 금송로 75,,35.9191388403,128.8198174668,,정상가동,84.65,380.0,60,2024,,2023-08-30,,,2025-11-19
대화태양광,경상북도 경산시 압량읍 당리길 44-12,,35.8184568824,128.7940403347,,정상가동,29.16,380.0,60,2023,,2023-08-29,,,2025-11-19
M태양광발전소,경상북도 경산시 자인면 단북길 4-1,,35.8367893084,128.8147252455,,정상가동,96.25,380.0,60,2024,,2023-08-29,,,2025-11-19
원재산업2호,경상북도 경산시 자인면 공단로 150,,35.845632761,128.8160301139,,정상가동,124.85,380.0,60,2024,,2023-08-28,,,2025-11-19
대정태양광발전소,경상북도 경산시 자인면 한장군로 485,,35.8294459427,128.8242571591,,정상가동,99.6,380.0,60,2024,,2023-08-28,,,2025-11-19
원재산업1호,경상북도 경산시 진량읍 공단11로2길 11,,35.8579108871,128.8412208636,,정상가동,249.69,380.0,60,2024,,2023-08-25,,,2025-11-19
해오름태양광발전소,경상북도 경산시 압량읍 해오름길 97,,35.8241002475,128.7862248978,,정상가동,99.96,380.0,60,2024,,2023-08-25,,,2025-11-19
재양3태양광발전소,경상북도 경산시 하양읍 한사들길10길 22-10,,35.925990155,128.8295521357,,정상가동,59.4,380.0,60,2025,,2023-08-25,,,2025-11-19
재양2태양광발전소,경상북도 경산시 하양읍 한사들길10길 22-10,,35.925990155,128.8295521357,,정상가동,99.6,380.0,60,2025,,2023-08-25,,,2025-11-19
재양1태양광발전소,경상북도 경산시 하양읍 한사들길10길 22-10,,35.925990155,128.8295521357,,정상가동,99.6,380.0,60,2025,,2023-08-25,,,2025-11-19
진량중기태양광발전소,경상북도 경산시 진량읍 공단로 391,,35.8663927799,128.8183278768,,정상가동,62.37,380.0,60,2024,,2023-08-23,,,2025-11-19
적제2호태양광발전소,경상북도 경산시 자인면 옥천길 35,,35.8093268221,128.838384317,,정상가동,59.9,380.0,60,2024,,2023-08-22,,,2025-11-19
적제1호태양광발전소,경상북도 경산시 자인면 옥천길 35,,35.8093268221,128.838384317,,정상가동,99.99,380.0,60,2024,,2023-08-22,,,2025-11-19
신방2호태양광발전소,,"경상북도 경산시 남천면 신방리 474 ,475",35.7560513758,128.7752139894,,정상가동,99.6,380.0,60,2023,,2023-08-22,,,2025-11-19
신방1호태양광발전소,,"경상북도 경산시 남천면 신방리 474 ,475",35.7560513758,128.7752139894,,정상가동,99.6,380.0,60,2023,,2023-08-22,,,2025-11-19
박사태양광발전소,경상북도 경산시 와촌면 박사강변로 134,,35.9639861062,128.8105766713,,정상가동,49.98,380.0,60,2023,,2023-08-17,,,2025-11-19
박화순태양광발전소,경상북도 경산시 성암로1길 34 (옥산동),,35.8238406728,128.7172508003,,정상가동,12.5,380.0,60,2025,,2023-08-17,,,2025-11-19
가람4차태양광발전소,경상북도 경산시 자인면 오목천동길 90,,35.8210603405,128.8030570011,,정상가동,100.0,380.0,60,2024,,2023-08-17,,,2025-11-19
가람3차태양광발전소,경상북도 경산시 자인면 오목천동길 90,,35.8210603405,128.8030570011,,정상가동,100.0,380.0,60,2024,,2023-08-17,,,2025-11-19
가람2차태양광발전소,경상북도 경산시 자인면 오목천동길 90,,35.8210603405,128.8030570011,,정상가동,100.0,380.0,60,2024,,2023-08-17,,,2025-11-19
가람5차태양광발전소,경상북도 경산시 자인면 오목천동길 90,,35.8210603405,128.8030570011,,정상가동,100.0,380.0,60,2024,,2023-08-17,,,2025-11-19
가람태양광발전소,경상북도 경산시 자인면 오목천동길 90,,35.8210603405,128.8030570011,,정상가동,100.0,380.0,60,2024,,2023-08-17,,,2025-11-19
두올섬유태양광발전소,경상북도 경산시 하양읍 지식산업2로 132,,35.9405095759,128.8282157221,,정상가동,499.8,380.0,60,2024,,2023-08-14,,,2025-11-19
이순애태양광발전소,경상북도 경산시 와촌면 용천길 103,,35.9157398249,128.8458282639,,정상가동,71.4,380.0,60,2024,,2023-08-14,,,2025-11-19
평사리태양광발전소,경상북도 경산시 진량읍 평사1길 67-17,,35.8887027611,128.8676807113,,정상가동,245.74,380.0,60,2024,,2023-08-04,,,2025-11-19
루카에너지,"경상북도 경산시 진량읍 공단4로 95, 주경동산기",,35.8657533924,128.8276102154,,정상가동,246.0,380.0,60,2024,,2023-08-04,,,2025-11-19
백마태양광발전소,"경상북도 경산시 와촌면 대경로 996, ,996-1",,35.9245076594,128.8453325642,,정상가동,99.96,380.0,60,2024,,2023-08-03,,,2025-11-19
대왕태양광발전소,경상북도 경산시 하양읍 지식산업3로 20-29,,35.9369822618,128.8188691328,,정상가동,357.0,380.0,60,2024,,2023-08-11,,,2025-11-19
팔팔온유어완트지붕태양광발전소,경상북도 경산시 진량읍 대구대로 619,,35.8727129781,128.8536866064,,정상가동,276.1,380.0,60,2023,,2023-08-01,,,2025-11-19
영신건재1호태양광발전소,경상북도 경산시 와촌면 박사강변로 174,,35.9632272633,128.8149497386,,정상가동,99.99,380.0,60,2024,,2023-08-02,,,2025-11-19
영신건재2호태양광발전소,경상북도 경산시 와촌면 박사강변로 174,,35.9632272633,128.8149497386,,정상가동,99.99,380.0,60,2024,,2023-08-02,,,2025-11-19
영신건재3호태양광발전소,경상북도 경산시 와촌면 박사강변로 174,,35.9632272633,128.8149497386,,정상가동,99.99,380.0,60,2024,,2023-08-02,,,2025-11-19
영신건재4호태양광발전소,경상북도 경산시 와촌면 박사강변로 174,,35.9632272633,128.8149497386,,정상가동,99.38,380.0,60,2024,,2023-08-02,,,2025-11-19
한사1호태양광발전소,경상북도 경산시 하양읍 한사들길 66-23,,35.9264454968,128.8321560836,,정상가동,99.99,380.0,60,2024,,2023-08-01,,,2025-11-19
도유태양광발전소,"경상북도 경산시 와촌면 얼음장골길 11-6, , 11-10",,35.952619392,128.7873768577,,정상가동,99.83,380.0,60,2023,,2023-07-25,,,2025-11-19
착한태양광발전소,경상북도 경산시 자인면 옥천길 41,,35.8099602994,128.8382021175,,정상가동,99.96,380.0,60,2024,,2023-07-31,,,2025-11-19
삼성4호태양광발전소,"경상북도 경산시 자인면 자인공단1로 35, 삼성섬유",,35.82595355,128.817986841,,정상가동,49.68,380.0,60,2024,,2023-07-31,,,2025-11-19
예일태양광발전소,경상북도 경산시 진량읍 공단11로 170,,35.8698399438,128.841411265,,정상가동,495.0,380.0,60,2023,,2023-07-28,,,2025-11-19
햇살그린발전소95호,"경상북도 경산시 진량읍 공단7로 113, (주)송암이엔지",,35.8655671855,128.8337844348,,정상가동,67.83,380.0,60,2023,,2023-07-25,,,2025-11-19
수창무역태양광발전소,"경상북도 경산시 와촌면 용천길26길 42, (주)대원인터내셔날",,35.9172141724,128.8428218467,,정상가동,99.83,380.0,60,2024,,2023-07-21,,,2025-11-19
SC태양광발전소,"경상북도 경산시 와촌면 용천길26길 42, (주)대원인터내셔날",,35.9172141724,128.8428218467,,정상가동,99.83,380.0,60,2024,,2023-07-21,,,2025-11-19
KI태양광발전소,"경상북도 경산시 와촌면 용천길26길 42, (주)대원인터내셔날",,35.9172141724,128.8428218467,,정상가동,99.83,380.0,60,2024,,2023-07-21,,,2025-11-19
환타스틱스제1발전소,"경상북도 경산시 와촌면 상암길37길 175, 유니테크",,35.9571919851,128.8501160715,,정상가동,216.0,380.0,60,2023,,2023-07-17,,,2025-11-19
이상식1호태양광,,"경상북도 경산시 남산면 경리 215-1 , 229, 213",35.7834878841,128.8498606137,,정상가동,99.96,380.0,60,2024,,2023-07-17,,,2025-11-19
이상식3호태양광,,"경상북도 경산시 남산면 경리 215-1 , 229, 213",35.7834878841,128.8498606137,,정상가동,99.96,380.0,60,2024,,2023-07-17,,,2025-11-19
이상식2호태양광,,"경상북도 경산시 남산면 경리 215-1 , 229, 213",35.7834878841,128.8498606137,,정상가동,99.96,380.0,60,2024,,2023-07-17,,,2025-11-19
이상식4호태양광,,"경상북도 경산시 남산면 경리 215-1 , 229, 213",35.7834878841,128.8498606137,,정상가동,99.96,380.0,60,2024,,2023-07-17,,,2025-11-19
한라2태양광발전소,경상북도 경산시 와촌면 금송로87길 59,,35.9473193314,128.8322817391,,정상가동,92.82,380.0,60,2023,,2023-07-12,,,2025-11-19
한라1태양광발전소,경상북도 경산시 와촌면 금송로87길 59,,35.9473193314,128.8322817391,,정상가동,89.25,380.0,60,2023,,2023-07-12,,,2025-11-19
나원태양광발전소,경상북도 경산시 압량읍 청운1로 86,,35.8422602731,128.7580677158,,정상가동,251.28,380.0,60,2023,,2023-07-07,,,2025-11-19
금남태양광발전소,경상북도 경산시 진량읍 일연로115길 54,,35.8596262169,128.7996989914,,정상가동,59.5,380.0,60,2023,,2023-07-07,,,2025-11-19
라온태양광발전소,경상북도 경산시 용성면 곡신길 11-5,,35.7795705926,128.8742508699,,정상가동,69.02,380.0,60,2024,,2023-07-05,,,2025-11-19
대왕1호태양광발전소,경상북도 경산시 남산면 무지미길 55,,35.7568982097,128.8271216952,,정상가동,99.99,380.0,60,2024,,2023-07-07,,,2025-11-19
대왕2호태양광발전소,경상북도 경산시 남산면 무지미길 55,,35.7568982097,128.8271216952,,정상가동,99.99,380.0,60,2024,,2023-07-07,,,2025-11-19
행운에너지,경상북도 경산시 와촌면 금송로87길 48,,35.9478452192,128.8317737019,,정상가동,94.38,380.0,60,2023,,2023-06-29,,,2025-11-19
현대산업태양광발전소,경상북도 경산시 압량읍 당음길8길 46,,35.8334738764,128.7907171349,,정상가동,91.14,380.0,60,2023,,2023-06-27,,,2025-11-19
경임2호태양광발전소,경상북도 경산시 용성면 용대로 197,,35.8090728567,128.8777389898,,정상가동,98.01,380.0,60,2023,,2023-06-23,,,2025-11-19
경임1호태양광발전소,경상북도 경산시 용성면 용대로 197,,35.8090728567,128.8777389898,,정상가동,99.99,380.0,60,2023,,2023-06-23,,,2025-11-19
(주)거평3태양광발전소,경상북도 경산시 하양읍 지식산업4로 75,,35.9310900263,128.8182924151,,정상가동,97.8,380.0,60,2023,,2023-06-19,,,2025-11-19
(주)거평2태양광발전소,경상북도 경산시 하양읍 지식산업4로 75,,35.9310900263,128.8182924151,,정상가동,97.8,380.0,60,2023,,2023-06-19,,,2025-11-19
(주)거평1태양광발전소,경상북도 경산시 하양읍 지식산업4로 75,,35.9310900263,128.8182924151,,정상가동,97.8,380.0,60,2023,,2023-06-19,,,2025-11-19
하은2차태양광발전소,경상북도 경산시 자인면 원효로 988-45,,35.8019940166,128.8382120833,,정상가동,99.74,380.0,60,2024,,2023-06-19,,,2025-11-19
하은태양광발전소,경상북도 경산시 자인면 원효로 988-45,,35.8019940166,128.8382120833,,정상가동,99.74,380.0,60,2024,,2023-06-19,,,2025-11-19
신대진제2태양광발전소,경상북도 경산시 와촌면 박사강변로 185-21,,35.9642922018,128.8189049057,,정상가동,98.18,380.0,60,2024,,2023-06-19,,,2025-11-19
동부태양광발전소,경상북도 경산시 자인면 설총로142길 33,,35.8019821798,128.8375365037,,정상가동,99.74,380.0,60,2024,,2023-06-19,,,2025-11-19
동부2차태양광발전소,경상북도 경산시 자인면 설총로142길 33,,35.8019821798,128.8375365037,,정상가동,99.74,380.0,60,2024,,2023-06-19,,,2025-11-19
동부3차태양광발전소,경상북도 경산시 자인면 설총로142길 33,,35.8019821798,128.8375365037,,정상가동,99.74,380.0,60,2024,,2023-06-19,,,2025-11-19
신대진제1태양광발전소,경상북도 경산시 와촌면 박사강변로 185-21,,35.9642922018,128.8189049057,,정상가동,98.18,380.0,60,2024,,2023-06-17,,,2025-11-19
남신2태양광발전소,경상북도 경산시 자인면 남신1길 194,,35.8438757945,128.7898257676,,정상가동,39.6,380.0,60,2023,,2023-06-16,,,2025-11-19
거성2태양광발전소,경상북도 경산시 하양읍 지식산업4로 162,,35.9377020442,128.8211383293,,정상가동,449.82,380.0,60,2023,,2023-06-16,,,2025-11-19
거성1태양광발전소,경상북도 경산시 하양읍 지식산업4로 162,,35.9377020442,128.8211383293,,정상가동,448.04,380.0,60,2023,,2023-06-16,,,2025-11-19
거성3태양광발전소,경상북도 경산시 하양읍 지식산업4로 162,,35.9377020442,128.8211383293,,정상가동,285.6,380.0,60,2023,,2023-06-16,,,2025-11-19
월드태양광발전소,경상북도 경산시 하양읍 아이웨어3로 2,,35.9388461349,128.8164147622,,정상가동,199.33,380.0,60,2023,,2023-06-16,,,2025-11-19
리온에너지,경상북도 경산시 원효로 154 (계양동),,35.8205950555,128.7536782955,,정상가동,39.5,380.0,60,2023,,2023-06-16,,,2025-11-19
제이에스솔라에너지,"경상북도 경산시 원효로 144, 태왕빌딩 (계양동)",,35.8212194368,128.7526907072,,정상가동,29.5,380.0,60,2023,,2023-06-16,,,2025-11-19
스페셜그린23호발전소,경상북도 경산시 진량읍 공단12로 223,,35.8743395313,128.8429595674,,정상가동,677.89,22900.0,60,2024,,2023-06-16,,,2025-11-19
계당태양광발전소,경상북도 경산시 와촌면 용천길 34,,35.9215129264,128.8481275614,,정상가동,96.39,380.0,60,2023,,2023-06-16,,,2025-11-19
도현태양광발전소,,"경상북도 경산시 자인면 옥천리 673-3 , 673-4, 674-1, 675-4, 841-6",35.7978347516,128.8379222277,,정상가동,99.5,380.0,60,2025,,2023-06-16,,,2025-11-19
창호3호태양광발전소,,"경상북도 경산시 용성면 내촌리 431 , 432, 434, 435, 436, 440",35.8197141648,128.8946484498,,정상가동,59.9,380.0,60,2024,,2023-06-14,,,2025-11-19
창호2호태양광발전소,,"경상북도 경산시 용성면 내촌리 431 , 432, 434, 435, 436, 440",35.8197141648,128.8946484498,,정상가동,99.99,380.0,60,2024,,2023-06-14,,,2025-11-19
창호1호태양광발전소,,"경상북도 경산시 용성면 내촌리 431 , 432, 434, 435, 436, 440",35.8197141648,128.8946484498,,정상가동,99.99,380.0,60,2024,,2023-06-14,,,2025-11-19
달빛3호태양광발전소,경상북도 경산시 용성면 용두지길 37,,35.7840838084,128.8644931139,,정상가동,95.0,380.0,60,2024,,2023-06-09,,,2025-11-19
달빛4호태양광발전소,경상북도 경산시 용성면 용두지길 37,,35.7840838084,128.8644931139,,정상가동,95.0,380.0,60,2024,,2023-06-09,,,2025-11-19
송섭태양광발전소,경상북도 경산시 와촌면 상암길37길 93,,35.94947761,128.8527395671,,정상가동,94.01,380.0,60,2023,,2023-06-09,,,2025-11-19
용호2호태양광발전소,경상북도 경산시 압량읍 내리길19길 30,,35.8455748267,128.7787030145,,정상가동,74.38,380.0,60,2023,,2023-06-09,,,2025-11-19
용호1호 태양광발전소,경상북도 경산시 압량읍 내리길19길 32,,35.8455855126,128.7780700095,,정상가동,63.67,380.0,60,2023,,2023-06-09,,,2025-11-19
무림3태양광발전소,경상북도 경산시 자인면 원효로156길 168,,35.8013693791,128.8125077422,,정상가동,55.0,380.0,60,2025,,2023-06-08,,,2025-11-19
무림2태양광발전소,경상북도 경산시 자인면 원효로156길 168,,35.8013693791,128.8125077422,,정상가동,99.5,380.0,60,2025,,2023-06-08,,,2025-11-19
무림1호태양광발전소,경상북도 경산시 자인면 원효로156길 168,,35.8013693791,128.8125077422,,정상가동,99.5,380.0,60,2025,,2023-06-08,,,2025-11-19
신안태양광발전소,"경상북도 경산시 압량읍 가일길 84, 신안산업",,35.8393171921,128.7805673009,,정상가동,99.96,380.0,60,2023,,2023-06-05,,,2025-11-19
일진빌 태양광,"경상북도 경산시 압량읍 고분길 28-4, 일진빌",,35.8425560134,128.7573846387,,정상가동,19.64,380.0,60,2023,,2023-06-05,,,2025-11-19
에스피에스3차태양광발전소,경상북도 경산시 진량읍 금박로133길 35,,35.8768847843,128.8575316693,,정상가동,99.96,380.0,60,2023,,2023-06-02,,,2025-11-19
에스피에스2차태양광발전소,경상북도 경산시 진량읍 금박로133길 35,,35.8768847843,128.8575316693,,정상가동,99.96,380.0,60,2023,,2023-06-02,,,2025-11-19
에스피에스태양광발전소,경상북도 경산시 진량읍 금박로133길 35,,35.8768847843,128.8575316693,,정상가동,99.96,380.0,60,2023,,2023-06-02,,,2025-11-19
에스피에스4차태양광발전소,경상북도 경산시 진량읍 금박로133길 35,,35.8768847843,128.8575316693,,정상가동,96.99,380.0,60,2023,,2023-06-02,,,2025-11-19
고봉태양광발전소,경상북도 경산시 삼성현로 484-2 (사동),,35.8058845915,128.7511571431,,정상가동,24.0,380.0,60,2023,,2023-05-31,,,2025-11-19
성원1태양광발전소,경상북도 경산시 와촌면 와천서길 195,,35.9410138441,128.8417268792,,정상가동,79.26,380.0,60,2023,,2023-05-15,,,2025-11-19
성원2태양광발전소,경상북도 경산시 와촌면 덕촌길 21,,35.9443600218,128.8363676955,,정상가동,30.35,380.0,60,2023,,2023-05-15,,,2025-11-19
내촌2호태양광발전소,경상북도 경산시 용성면 내촌길24길 6-20,,35.8166457181,128.8956486737,,정상가동,19.64,380.0,60,2023,,2023-05-26,,,2025-11-19
부일발전소,경상북도 경산시 용성면 부일길 46,,35.7873239027,128.9209352145,,정상가동,96.39,380.0,60,2024,,2023-05-26,,,2025-11-19
창원산업발전소2호,경상북도 경산시 와촌면 용천길 48-15,,35.9194261533,128.8458092533,,정상가동,47.6,380.0,60,2024,,2023-05-22,,,2025-11-19
창원산업발전소1호,경상북도 경산시 와촌면 용천길 48-15,,35.9194261533,128.8458092533,,정상가동,99.96,380.0,60,2024,,2023-05-22,,,2025-11-19
스마트태양광발전소,경상북도 경산시 하양읍 아이웨어1로 21,,35.939804485,128.818567844,,정상가동,75.57,380.0,60,2023,,2023-05-22,,,2025-11-19
HM솔라태양광발전소,경상북도 경산시 자인면 공단로 145,,35.8457238143,128.8149302942,,정상가동,209.44,380.0,60,2023,,2023-05-22,,,2025-11-19
더원1태양광발전소,경상북도 경산시 하양읍 아이웨어로 26,,35.9394870625,128.8190431449,,정상가동,99.96,380.0,60,2023,,2023-05-11,,,2025-11-19
더원2태양광발전소,경상북도 경산시 하양읍 아이웨어로 26,,35.9394870625,128.8190431449,,정상가동,95.2,380.0,60,2023,,2023-05-11,,,2025-11-19
케이제이태양광발전소,경상북도 경산시 하양읍 아이웨어1로 25,,35.939496419,128.81852907,,정상가동,99.96,380.0,60,2023,,2023-05-11,,,2025-11-19
티피씨2호태양광발전소,"경상북도 경산시 진량읍 공단4로40길 38, (주)티피씨",,35.8745532996,128.8328400034,,정상가동,999.01,22900.0,60,2024,,2023-05-11,,,2025-11-19
티피씨1호태양광발전소,"경상북도 경산시 진량읍 일연로 574, 티피씨",,35.8598179131,128.8068454602,,정상가동,977.59,22900.0,4850,2024,,2023-05-11,,,2025-11-19
모햇태양광발전소 174호,경상북도 경산시 자인면 자인공단1로 52,,35.827522844,128.8178140649,,정상가동,49.96,380.0,60,2023,,2023-05-11,,,2025-11-19
모햇태양광발전소 173호,경상북도 경산시 자인면 자인공단1로 52,,35.827522844,128.8178140649,,정상가동,99.91,380.0,60,2023,,2023-05-11,,,2025-11-19
모햇발전소1448호,경상북도 경산시 남산면 대왕로 76-10,,35.7854980068,128.8381283415,,정상가동,109.25,380.0,60,2024,,2023-05-08,,,2025-11-19
TS솔라태양광발전소,경상북도 경산시 자인면 공단로 153,,35.8463676346,128.8149677674,,정상가동,192.78,380.0,60,2023,,2023-05-04,,,2025-11-19
신한태양광발전소,"경상북도 경산시 진량읍 공단8로 241, 신한섬유",,35.8778200926,128.8334059936,,정상가동,99.96,380.0,60,2023,,2023-05-03,,,2025-11-19
닥터1호태양광발전소,경상북도 경산시 중앙로18길 16 (중방동),,35.8221195141,128.7367007042,,정상가동,24.0,380.0,60,2023,,2023-05-03,,,2025-11-19
동양3호태양광발전소,경상북도 경산시 압량읍 건흥길 30,,35.8712731737,128.7801052211,,정상가동,19.6,380.0,60,2023,,2023-05-03,,,2025-11-19
동양2호태양광발전소,경상북도 경산시 압량읍 건흥1길 6,,35.8712731737,128.7801052211,,정상가동,41.16,380.0,60,2023,,2023-05-03,,,2025-11-19
동양1호태양광발전소,경상북도 경산시 압량읍 건흥1길 6,,35.8712731737,128.7801052211,,정상가동,99.96,380.0,60,2023,,2023-05-03,,,2025-11-19
광명태양광발전소,"경상북도 경산시 계양로35길 28, 광명 (계양동)",,35.8318017436,128.7469780049,,정상가동,19.47,380.0,60,2024,,2023-05-03,,,2025-11-19
성대태양광발전소,경상북도 경산시 자인면 옥천2길 44,,35.7981132026,128.8407541746,,정상가동,19.47,380.0,60,2023,,2023-05-02,,,2025-11-19
대명태양광발전소,경상북도 경산시 남천면 모골길 167,,35.7749846651,128.7117515345,,정상가동,99.96,380.0,60,2024,,2023-04-24,,,2025-11-19
푸른2호태양광발전소,경상북도 경산시 와촌면 용천제방길 155-1,,35.9126308634,128.8437577421,,정상가동,99.96,380.0,60,2023,,2023-04-24,,,2025-11-19
푸른1호태양광발전소,경상북도 경산시 와촌면 용천제방길 155-1,,35.9126308634,128.8437577421,,정상가동,99.96,380.0,60,2023,,2023-04-24,,,2025-11-19
석조태양광발전소,경상북도 경산시 하양읍 청천1길 12,,35.8799936025,128.7630898163,,정상가동,69.62,380.0,60,2023,,2023-04-24,,,2025-11-19
대경태양광발전소,경상북도 경산시 박물관로 23 (사동),,35.815995565,128.761461276,,정상가동,80.0,380.0,60,2023,,2023-04-18,,,2025-11-19
모햇태양광발전소141호,경상북도 경산시 남산면 대왕로 76-9,,35.7851194983,128.8384255214,,정상가동,86.25,380.0,60,2024,,2023-04-18,,,2025-11-19
울릉허브태양광발전소,경상북도 경산시 남천면 삼성역길 69,,35.7613875778,128.7248221334,,정상가동,80.68,380.0,60,2024,,2023-04-11,,,2025-11-19
삼화솔라2태양광발전소,경상북도 경산시 하양읍 지식산업5로 75,,35.940854298,128.8247477352,,정상가동,99.96,380.0,60,2023,,2023-04-11,,,2025-11-19
삼화솔라10태양광발전소,경상북도 경산시 하양읍 지식산업5로 75,,35.940854298,128.8247477352,,정상가동,99.96,380.0,60,2023,,2023-04-11,,,2025-11-19
삼화솔라11태양광발전소,경상북도 경산시 하양읍 지식산업5로 75,,35.940854298,128.8247477352,,정상가동,99.96,380.0,60,2023,,2023-04-11,,,2025-11-19
삼화솔라12태양광발전소,경상북도 경산시 하양읍 지식산업5로 75,,35.940854298,128.8247477352,,정상가동,99.96,380.0,60,2023,,2023-04-11,,,2025-11-19
삼화솔라13태양광발전소,경상북도 경산시 하양읍 지식산업5로 75,,35.940854298,128.8247477352,,정상가동,99.96,380.0,60,2023,,2023-04-11,,,2025-11-19
삼화솔라9태양광발전소,경상북도 경산시 하양읍 지식산업5로 75,,35.940854298,128.8247477352,,정상가동,99.96,380.0,60,2023,,2023-04-11,,,2025-11-19
삼화솔라8태양광발전소,경상북도 경산시 하양읍 지식산업5로 75,,35.940854298,128.8247477352,,정상가동,99.96,380.0,60,2023,,2023-04-11,,,2025-11-19
삼화솔라7태양광발전소,경상북도 경산시 하양읍 지식산업5로 75,,35.940854298,128.8247477352,,정상가동,99.96,380.0,60,2023,,2023-04-11,,,2025-11-19
삼화솔라6태양광발전소,경상북도 경산시 하양읍 지식산업5로 75,,35.940854298,128.8247477352,,정상가동,99.96,380.0,60,2023,,2023-04-11,,,2025-11-19
삼화솔라5태양광발전소,경상북도 경산시 하양읍 지식산업5로 75,,35.940854298,128.8247477352,,정상가동,99.96,380.0,60,2023,,2023-04-11,,,2025-11-19
삼화솔라4태양광발전소,경상북도 경산시 하양읍 지식산업5로 75,,35.940854298,128.8247477352,,정상가동,99.96,380.0,60,2023,,2023-04-11,,,2025-11-19
삼화솔라3태양광발전소,경상북도 경산시 하양읍 지식산업5로 75,,35.940854298,128.8247477352,,정상가동,99.96,380.0,60,2023,,2023-04-11,,,2025-11-19
삼화솔라1태양광발전소,경상북도 경산시 하양읍 지식산업5로 75,,35.940854298,128.8247477352,,정상가동,99.96,380.0,60,2023,,2023-04-11,,,2025-11-19
세원5태양광발전소,경상북도 경산시 진량읍 공단8로26길 96,,35.8683113737,128.8419483089,,정상가동,82.8,380.0,60,2023,,2023-04-10,,,2025-11-19
세원4태양광발전소,경상북도 경산시 진량읍 공단8로26길 96,,35.8683113737,128.8419483089,,정상가동,91.63,380.0,60,2023,,2023-04-10,,,2025-11-19
세원3태양광발전소,경상북도 경산시 진량읍 공단8로26길 96,,35.8683113737,128.8419483089,,정상가동,94.01,380.0,60,2023,,2023-04-10,,,2025-11-19
세원1태양광발전소,경상북도 경산시 진량읍 공단8로26길 96,,35.8683113737,128.8419483089,,정상가동,95.2,380.0,60,2023,,2023-04-10,,,2025-11-19
세원2태양광발전소,경상북도 경산시 진량읍 공단8로26길 96,,35.8683113737,128.8419483089,,정상가동,90.44,380.0,60,2023,,2023-04-10,,,2025-11-19
씨엠에너지 태양광발전소,경상북도 경산시 진량읍 공단9로 113,,35.8672136876,128.833696064,,정상가동,1209.6,22900.0,60,2023,,2023-04-10,,,2025-11-19
승진정공1호태양광발전소,경상북도 경산시 와촌면 대경로 1096-21,,35.9286288561,128.8579696136,,정상가동,49.98,380.0,60,2023,,2023-04-07,,,2025-11-19
승진정공태양광발전소,경상북도 경산시 와촌면 대경로 1096-21,,35.9286288561,128.8579696136,,정상가동,89.25,380.0,60,2023,,2023-04-07,,,2025-11-19
봉황태양광발전소,경상북도 경산시 진량읍 봉황길 8-16,,35.8832646788,128.8200778698,,정상가동,79.73,380.0,60,2024,,2023-04-07,,,2025-11-19
상암목장발전소,경상북도 경산시 와촌면 상암길37길 103,,35.9505884841,128.8522080773,,정상가동,99.96,380.0,60,2024,,2023-04-07,,,2025-11-19
준태양광발전소,경상북도 경산시 진량읍 일연로 741,,35.8741720855,128.8040525532,,정상가동,68.43,380.0,60,2023,,2023-04-07,,,2025-11-19
홍숙태양광발전소,경상북도 경산시 와촌면 팔공로149길 14-1,,35.9575290077,128.8254790792,,정상가동,80.33,380.0,60,2023,,2023-04-04,,,2025-11-19
석전1호태양광발전소,경상북도 경산시 와촌면 대동공단길 26-8,,35.9718269532,128.8048280187,,정상가동,88.06,380.0,60,2023,,2023-04-04,,,2025-11-19
석전2호태양광발전소,경상북도 경산시 와촌면 대동공단길 26-8,,35.9718269532,128.8048280187,,정상가동,91.63,380.0,60,2023,,2023-04-04,,,2025-11-19
우리태양광발전소,경상북도 경산시 와촌면 팔공로149길 14,,35.9573779806,128.8252186939,,정상가동,57.12,380.0,60,2023,,2023-04-04,,,2025-11-19
티피씨3호태양광발전소,경상북도 경산시 진량읍 공단7로 101,,35.8654961376,128.8330020039,,정상가동,997.82,22900.0,60,2024,,2023-03-30,,,2025-11-19
부광태양광발전소,경상북도 경산시 용성면 원효로 1463-13,,35.790256706,128.8779053899,,정상가동,46.41,380.0,60,2024,,2023-03-30,,,2025-11-19
경훈태양광발전소,경상북도 경산시 하양읍 지식산업1로 68,,35.9371860092,128.823171615,,정상가동,99.96,380.0,60,2023,,2023-03-30,,,2025-11-19
양우태양광발전소,경상북도 경산시 하양읍 지식산업1로 68,,35.9371860092,128.823171615,,정상가동,67.83,380.0,60,2023,,2023-03-30,,,2025-11-19
효창에너지,경상북도 경산시 진량읍 일연로 492-10,,35.8519123725,128.8057175664,,정상가동,92.82,380.0,60,2023,,2023-03-30,,,2025-11-19
나니도니에너지,경상북도 경산시 진량읍 일연로 492-12,,35.8520689579,128.8060371253,,정상가동,92.82,380.0,60,2023,,2023-03-30,,,2025-11-19
디엠에스1태양광발전소,경상북도 경산시 진량읍 공단5로 188,,35.8585111278,128.841313256,,정상가동,99.96,380.0,60,2024,,2023-03-24,,,2025-11-19
디엠에스2태양광발전소,경상북도 경산시 진량읍 공단5로 188,,35.8585111278,128.841313256,,정상가동,91.63,380.0,60,2024,,2023-03-24,,,2025-11-19
디엠에스3태양광발전소,경상북도 경산시 진량읍 공단5로 188,,35.8585111278,128.841313256,,정상가동,75.57,380.0,60,2024,,2023-03-24,,,2025-11-19
디엠에스4태양광발전소,경상북도 경산시 진량읍 공단5로 188,,35.8585111278,128.841313256,,정상가동,75.57,380.0,60,2024,,2023-03-24,,,2025-11-19
도담태양광발전소,경상북도 경산시 남매로 47-1(삼남동),,35.8155858492,128.7411290678,,정상가동,70.0,380.0,60,2023,,2023-03-22,,,2025-11-19
성암태양광발전소,경상북도 경산시 임당로19길 2-11(임당동),,35.84519371,128.7430832662,,정상가동,17.5,380.0,60,2023,,2023-03-22,,,2025-11-19
가드3태양광발전소,경상북도 경산시 와촌면 대동로23길 84,,35.9750041227,128.7950984559,,정상가동,99.96,380.0,60,2023,,2023-03-27,,,2025-11-19
가드2태양광발전소,경상북도 경산시 와촌면 대동로23길 84,,35.9750041227,128.7950984559,,정상가동,99.96,380.0,60,2023,,2023-03-27,,,2025-11-19
가드1태양광발전소,경상북도 경산시 와촌면 대동로23길 84,,35.9750041227,128.7950984559,,정상가동,99.96,380.0,60,2023,,2023-03-27,,,2025-11-19
희성태양광발전소,경상북도 경산시 진량읍 다문로70길 62-13,,35.8709573832,128.8473457999,,정상가동,199.42,380.0,60,2023,,2023-03-17,,,2025-11-19
정문태양광발전소,경상북도 경산시 남산면 대왕로 260-1,,35.7705206914,128.833843739,,정상가동,97.44,380.0,60,2024,,2023-03-17,,,2025-11-19
(주)이디원태양광발전소2호,"경상북도 경산시 자인면 자인로7길 3, 후콘",,35.8241698385,128.8223203405,,정상가동,94.54,380.0,60,2023,,2023-03-17,,,2025-11-19
씨엠2태양광발전소,경상북도 경산시 하양읍 지식산업4로1길 22,,35.9320103322,128.8174291151,,정상가동,95.2,380.0,60,2023,,2023-03-17,,,2025-11-19
씨엠1태양광발전소,경상북도 경산시 하양읍 지식산업4로1길 22,,35.9320103322,128.8174291151,,정상가동,19.04,380.0,60,2023,,2023-03-17,,,2025-11-19
스페셜그린24호발전소,경상북도 경산시 진량읍 공단7로 31-18,,35.8617545473,128.8253876532,,정상가동,403.41,380.0,60,2023,,2023-03-10,,,2025-11-19
(주)대일피앤에스태양광발전소,경상북도 경산시 진량읍 공단12로 112,,35.8639631223,128.8445823084,,정상가동,761.81,380.0,60,2023,,2023-03-10,,,2025-11-19
미소2태양광발전소,경상북도 경산시 용성면 내촌길 65,,35.8151879416,128.8913936955,,정상가동,54.63,380.0,60,2023,,2023-02-28,,,2025-11-19
미소1태양광발전소,경상북도 경산시 용성면 내촌길 65,,35.8151879416,128.8913936955,,정상가동,98.33,380.0,60,2023,,2023-02-28,,,2025-11-19
금송태양광발전소,경상북도 경산시 와촌면 금송로 373,,35.9425814718,128.8343269443,,정상가동,70.8,380.0,60,2023,,2023-02-23,,,2025-11-19
성진태양광3호발전소,경상북도 경산시 와촌면 와천동길 82-16,,35.9347919724,128.8498102974,,정상가동,89.46,380.0,60,2025,,2023-02-23,,,2025-11-19
고인돌3호태양광발전소,경상북도 경산시 용성면 용두지길 75,,35.7837045004,128.8651118896,,정상가동,51.0,380.0,60,2023,,2023-02-24,,,2025-11-19
고인돌2호태양광발전소,경상북도 경산시 용성면 용두지길 75,,35.7837045004,128.8651118896,,정상가동,99.5,380.0,60,2023,,2023-02-24,,,2025-11-19
고인돌1호태양광발전소,경상북도 경산시 용성면 용두지길 75,,35.7837045004,128.8651118896,,정상가동,99.5,380.0,60,2023,,2023-02-24,,,2025-11-19
하나2태양광발전소,경상북도 경산시 남천면 관방로 902,,35.7567142591,128.7752643389,,정상가동,98.77,380.0,60,2024,,2023-02-22,,,2025-11-19
청운5태양광발전소,경상북도 경산시 와촌면 하양로 489,,35.9276815874,128.8568191593,,정상가동,129.87,380.0,60,2023,,2023-02-14,,,2025-11-19
청운1태양광발전소,경상북도 경산시 하양읍 지식산업2로 110,,35.9410131645,128.8257678021,,정상가동,99.45,380.0,60,2023,,2023-02-14,,,2025-11-19
청운2태양광발전소,경상북도 경산시 하양읍 지식산업2로 110,,35.9410131645,128.8257678021,,정상가동,99.45,380.0,60,2023,,2023-02-14,,,2025-11-19
청운3태양광발전소,경상북도 경산시 하양읍 지식산업2로 110,,35.9410131645,128.8257678021,,정상가동,99.45,380.0,60,2023,,2023-02-14,,,2025-11-19
청운4태양광발전소,경상북도 경산시 하양읍 지식산업2로 110,,35.9410131645,128.8257678021,,정상가동,111.15,380.0,60,2023,,2023-02-14,,,2025-11-19
자원3태양광발전소,경상북도 경산시 하양읍 아이웨어1로 30,,35.9392140816,128.8175399529,,정상가동,70.2,380.0,60,2023,,2023-02-14,,,2025-11-19
아방태양광발전소,경상북도 경산시 남방1길 58-4(내동),,35.8069365872,128.7923974597,,정상가동,99.0,380.0,60,2024,,2023-02-13,,,2025-11-19
발원태양광발전소,경상북도 경산시 진량읍 일연로 447-1,,35.8485817177,128.803105007,,정상가동,71.4,380.0,60,2023,,2023-02-10,,,2025-11-19
팔공2태양광발전소,경상북도 경산시 하양읍 한사들길 24-124,,35.9329781524,128.836839597,,정상가동,99.0,380.0,60,2024,,2023-02-10,,,2025-11-19
팔공1태양광발전소,경상북도 경산시 하양읍 한사들길 24-124,,35.9329781524,128.836839597,,정상가동,99.0,380.0,60,2024,,2023-02-10,,,2025-11-19
일흥테크태양광발전소,경상북도 경산시 진량읍 공단5로 199,,35.8595118766,128.8426758006,,정상가동,406.0,380.0,60,2023,,2023-02-09,,,2025-11-19
백선2호태양광발전소,경상북도 경산시 자인면 일연로 273-22,,35.8339364842,128.8075040684,,정상가동,95.88,380.0,60,2023,,2023-02-07,,,2025-11-19
백선1호태양광발전소,경상북도 경산시 자인면 일연로 273-22,,35.8339364842,128.8075040684,,정상가동,95.88,380.0,60,2023,,2023-02-07,,,2025-11-19
훈이태양광발전소,"경상북도 경산시 자인면 자인공단4로 57, 마선텍스",,35.8285932709,128.8264720454,,정상가동,99.99,380.0,60,2023,,2023-02-06,,,2025-11-19
승일태양광발전소,경상북도 경산시 자인면 남신1길 166-15,,35.8416722936,128.7905754072,,정상가동,99.5,380.0,60,2024,,2023-02-02,,,2025-11-19
승일1태양광발전소,경상북도 경산시 자인면 남신1길 166-15,,35.8416722936,128.7905754072,,정상가동,31.0,380.0,60,2024,,2023-02-02,,,2025-11-19
수정2태양광발전소,경상북도 경산시 압량읍 의송길 129,,35.856960059,128.7941655154,,정상가동,49.98,380.0,60,2023,,2023-02-02,,,2025-11-19
(주)티에스티태양광발전소,경상북도 경산시 하양읍 지식산업1로 55,,35.938410841,128.8224209926,,정상가동,499.8,380.0,60,2023,,2023-02-03,,,2025-11-19
당음리태양광발전소,경상북도 경산시 압량읍 당음길8길 52,,35.8336674706,128.7904669675,,정상가동,92.82,380.0,60,2023,,2023-02-01,,,2025-11-19
옥일2발전소,경상북도 경산시 용성면 옥천2길 56,,35.7992900508,128.8412607217,,정상가동,90.44,380.0,60,2024,,2023-01-31,,,2025-11-19
옥일1발전소,경상북도 경산시 용성면 옥천2길 56,,35.7992900508,128.8412607217,,정상가동,99.96,380.0,60,2024,,2023-01-31,,,2025-11-19
최재은발전소,경상북도 경산시 남산면 사림길 15-23,,35.7533572249,128.8239054657,,정상가동,85.68,380.0,60,2023,,2023-01-30,,,2025-11-19
신우태양광발전소,경상북도 경산시 하양읍 남하새마을길5길 4-12,,35.8856195818,128.7717683452,,정상가동,211.12,380.0,60,2023,,2023-01-30,,,2025-11-19
정진욱2호태양광발전소,"경상북도 경산시 압량읍 의송길27길 29, 주식회사 펀트",,35.8558535583,128.7957468144,,정상가동,61.36,380.0,60,2023,,2023-01-30,,,2025-11-19
정진욱1호태양광발전소,"경상북도 경산시 압량읍 의송길27길 29, 주식회사 펀트",,35.8558535583,128.7957468144,,정상가동,99.12,380.0,60,2023,,2023-01-30,,,2025-11-19
광림태양광발전소,경상북도 경산시 진량읍 공단12로 213,,35.8736688128,128.8423387542,,정상가동,99.96,380.0,60,2023,,2023-01-27,,,2025-11-19
비전태양광발전소,경상북도 경산시 하양읍 아이웨어1로 4,,35.9415002394,128.8180935489,,정상가동,99.45,380.0,60,2023,,2023-01-27,,,2025-11-19
가야햇빛발전소,경상북도 경산시 와촌면 금송로87길 49,,35.9474668676,128.8321029614,,정상가동,81.31,380.0,60,2023,,2023-01-12,,,2025-11-19
진천태양광발전소,경상북도 경산시 진량읍 공단5로4길 19,,35.8569754344,128.8222947899,,정상가동,19.64,380.0,60,2023,,2023-01-12,,,2025-11-19
재중발전소,경상북도 경산시 용성면 외촌1길 36,,35.8214132785,128.8816776382,,정상가동,99.71,380.0,60,2023,,2023-01-12,,,2025-11-19
태양물류2호태양광발전소,경상북도 경산시 남천면 대명길1길 59,,35.7716440449,128.722018843,,정상가동,99.96,380.0,60,2023,,2023-01-12,,,2025-11-19
태양물류1호태양광발전소,경상북도 경산시 남천면 대명길1길 63,,35.7718303339,128.7219864883,,정상가동,99.96,380.0,60,2023,,2023-01-12,,,2025-11-19
경산YJ6 태양광발전소,경상북도 경산시 진량읍 금박로 473,,35.8589253841,128.847116091,,정상가동,99.96,380.0,60,2023,,2023-01-10,,,2025-11-19
경산YJ5 태양광발전소,경상북도 경산시 진량읍 금박로 473,,35.8589253841,128.847116091,,정상가동,99.96,380.0,60,2023,,2023-01-10,,,2025-11-19
경산YJ4 태양광발전소,경상북도 경산시 진량읍 금박로 473,,35.8589253841,128.847116091,,정상가동,99.96,380.0,60,2023,,2023-01-10,,,2025-11-19
경산YJ3 태양광발전소,경상북도 경산시 진량읍 금박로 473,,35.8589253841,128.847116091,,정상가동,99.96,380.0,60,2023,,2023-01-10,,,2025-11-19
경산YJ2 태양광발전소,경상북도 경산시 진량읍 금박로 473,,35.8589253841,128.847116091,,정상가동,99.96,380.0,60,2023,,2023-01-10,,,2025-11-19
케이솔라3호태양광발전소,경상북도 경산시 진량읍 공단12로 161,,35.8682818949,128.843078795,,정상가동,96.39,380.0,60,2023,,2023-01-06,,,2025-11-19
케이솔라1호태양광발전소,경상북도 경산시 진량읍 공단12로 161,,35.8682818949,128.843078795,,정상가동,96.39,380.0,60,2023,,2023-01-06,,,2025-11-19
케이솔라2호태양광발전소,경상북도 경산시 진량읍 공단12로 161,,35.8682818949,128.843078795,,정상가동,96.39,380.0,60,2023,,2023-01-06,,,2025-11-19
(주)영남테크놀로지,경상북도 경산시 진량읍 공단12로 161,,35.8682818949,128.843078795,,정상가동,499.8,380.0,60,2023,,2023-01-06,,,2025-11-19
(주)와이엔씨,경상북도 경산시 진량읍 공단12로 161,,35.8682818949,128.843078795,,정상가동,499.8,380.0,60,2023,,2023-01-06,,,2025-11-19
서사2태양광발전소,경상북도 경산시 하양읍 한사들길 24-122,,35.9327761606,128.8368432327,,정상가동,99.96,380.0,60,2023,,2023-01-05,,,2025-11-19
서사1태양광발전소,경상북도 경산시 하양읍 한사들길 24-122,,35.9327761606,128.8368432327,,정상가동,99.96,380.0,60,2023,,2023-01-05,,,2025-11-19
신우신태양광발전소,경상북도 경산시 남천면 대명길1길 111,,35.7675989204,128.7214409186,,정상가동,80.73,380.0,60,2024,,2023-01-04,,,2025-11-19
일석태양광발전소,경상북도 경산시 하양읍 아이웨어1로 3,,35.9414674494,128.8187718879,,정상가동,99.45,380.0,60,2023,,2023-01-04,,,2025-11-19
주식회사 미성엔지니어링,경상북도 경산시 진량읍 아사길 21,,35.8707275559,128.8568201762,,정상가동,150.45,380.0,60,2023,,2023-01-03,,,2025-11-19
청림에너지2호,,경상북도 경산시 용성면 내촌리 118-1,35.8252498677,128.8996938879,,정상가동,99.76,380.0,60,2023,,2023-01-02,,,2025-11-19
청림에너지1호,,"경상북도 경산시 용성면 내촌리 118-1 ,118,116",35.8252498677,128.8996938879,,정상가동,330.02,380.0,60,2023,,2023-01-02,,,2025-11-19
경산YJ1 태양광발전소,경상북도 경산시 진량읍 금박로 473,,35.8589253841,128.847116091,,정상가동,99.96,380.0,60,2023,,2022-01-10,,,2025-11-19
광진태양광발전소,"경상북도 경산시 진량읍 공단3로 80, (주)광진상사",,35.868533065,128.8273422693,,정상가동,159.5,380.0,60,2023,,2022-12-26,,,2025-11-19
욱수태양광발전소,"경상북도 경산시 대평길2길 41, 배드민트장 (대평동)",,35.843212894,128.7287934347,,정상가동,31.82,380.0,60,2023,,2022-12-26,,,2025-11-19
경산유진 태양광발전소,경상북도 경산시 진량읍 공단8로26길 26,,35.8684916726,128.8340066037,,정상가동,896.21,22900.0,60,2023,,2022-12-26,,,2025-11-19
백상규태양광발전소,경상북도 경산시 남산면 대왕로 495-9,,35.7532195026,128.8207200857,,정상가동,99.96,380.0,60,2023,,2022-12-22,,,2025-11-19
고운2호태양광발전소,경상북도 경산시 용성면 원효로 1128-41,,35.7948793031,128.8498752179,,정상가동,99.96,380.0,60,2024,,2022-12-16,,,2025-11-19
고운3호태양광발전소,경상북도 경산시 용성면 원효로 1128-41,,35.7948793031,128.8498752179,,정상가동,99.96,380.0,60,2024,,2022-12-16,,,2025-11-19
고운4호태양광발전소,경상북도 경산시 용성면 원효로 1128-41,,35.7948793031,128.8498752179,,정상가동,99.96,380.0,60,2024,,2022-12-16,,,2025-11-19
고운1호태양광발전소,경상북도 경산시 용성면 원효로 1128-41,,35.7948793031,128.8498752179,,정상가동,99.96,380.0,60,2024,,2022-12-16,,,2025-11-19
동산태양광발전소,경상북도 경산시 와촌면 금송로87길 39,,35.9479944431,128.8332486007,,정상가동,99.12,380.0,60,2023,,2022-12-16,,,2025-11-19
승지태양광발전소,경상북도 경산시 하양읍 지식산업로 70,,35.9332575194,128.8190367718,,정상가동,97.58,380.0,60,2023,,2022-12-14,,,2025-11-19
고려2태양광발전소,경상북도 경산시 압량읍 화랑로 289,,35.8400081496,128.7628115528,,정상가동,18.8,380.0,60,2023,,2022-12-14,,,2025-11-19
진태양광발전소,경상북도 경산시 하양읍 지식산업4로1길 28,,35.9318958695,128.8177519043,,정상가동,180.88,380.0,60,2023,,2022-12-14,,,2025-11-19
예동5태양광발전소,경상북도 경산시 진량읍 대구대로 490,,35.8829394824,128.8501651981,,정상가동,70.18,380.0,60,2023,,2022-12-13,,,2025-11-19
예동4태양광발전소,경상북도 경산시 진량읍 대구대로 490,,35.8829394824,128.8501651981,,정상가동,99.76,380.0,60,2023,,2022-12-13,,,2025-11-19
예동3태양광발전소,경상북도 경산시 진량읍 대구대로 490,,35.8829394824,128.8501651981,,정상가동,99.76,380.0,60,2023,,2022-12-13,,,2025-11-19
예동2태양광발전소,경상북도 경산시 진량읍 대구대로 490,,35.8829394824,128.8501651981,,정상가동,99.76,380.0,60,2023,,2022-12-13,,,2025-11-19
은석철강5태양광발전소,경상북도 경산시 진량읍 대구대로 490,,35.8829394824,128.8501651981,,정상가동,99.76,380.0,60,2023,,2022-12-13,,,2025-11-19
은석철강4태양광발전소,경상북도 경산시 진량읍 대구대로 490,,35.8829394824,128.8501651981,,정상가동,99.76,380.0,60,2023,,2022-12-13,,,2025-11-19
은석철강3태양광발전소,경상북도 경산시 진량읍 대구대로 490,,35.8829394824,128.8501651981,,정상가동,99.76,380.0,60,2023,,2022-12-13,,,2025-11-19
은석철강2태양광발전소,경상북도 경산시 진량읍 대구대로 490,,35.8829394824,128.8501651981,,정상가동,99.76,380.0,60,2023,,2022-12-13,,,2025-11-19
예동태양광발전소,경상북도 경산시 진량읍 대구대로 490,,35.8829394824,128.8501651981,,정상가동,99.76,380.0,60,2023,,2022-12-13,,,2025-11-19
은석철강태양광발전소,경상북도 경산시 진량읍 대구대로 490,,35.8829394824,128.8501651981,,정상가동,99.76,380.0,60,2023,,2022-12-13,,,2025-11-19
더하리2호태양광발전소,,"경상북도 경산시 용성면 내촌리 95 , 105-1, 106-1",35.8251966797,128.900578613,,정상가동,99.84,380.0,60,2025,,2022-12-09,,,2025-11-19
더하리1호태양광발전소,,"경상북도 경산시 용성면 내촌리 95 , 105-1, 106-1",35.8251966797,128.900578613,,정상가동,99.84,380.0,60,2025,,2022-12-09,,,2025-11-19
승현태양광발전소,경상북도 경산시 와촌면 상암길 41-21,,35.9433726766,128.8399626455,,정상가동,99.45,380.0,60,2023,,2022-12-08,,,2025-11-19
현서태양광발전소,경상북도 경산시 와촌면 상암길 41-21,,35.9433726766,128.8399626455,,정상가동,99.45,380.0,60,2023,,2022-12-08,,,2025-11-19
자연태양광발전소,경상북도 경산시 와촌면 용천길 76,,35.9179664199,128.8458999509,,정상가동,449.82,380.0,60,2023,,2022-12-07,,,2025-11-19
순조태양광발전소,경상북도 경산시 와촌면 대경로 1019,,35.9262294046,128.8466247918,,정상가동,96.86,380.0,60,2023,,2022-12-07,,,2025-11-19
성원태양광발전소,경상북도 경산시 와촌면 와천서길 195,,35.9410138441,128.8417268792,,정상가동,49.73,380.0,60,2023,,2022-12-07,,,2025-11-19
(주)씨에이치테크태양광발전소,"경상북도 경산시 자인면 원효로 1041, 진영판넬주",,35.8024088874,128.8420261683,,정상가동,69.6,380.0,60,2023,,2022-12-05,,,2025-11-19
유림태양광발전소,경상북도 경산시 자인면 자인로 108-6,,35.8211597317,128.8274956281,,정상가동,47.2,380.0,60,2023,,2022-11-28,,,2025-11-19
남곡리태양광발전소,경상북도 경산시 남산면 남곡길 88,,35.7737438971,128.8487893691,,정상가동,55.68,380.0,60,2022,,2022-11-10,,,2025-11-19
청용하이텍태양광발전소1호,경상북도 경산시 압량읍 가일길 72-17,,35.8389808588,128.7807156029,,정상가동,83.3,380.0,60,2023,,2022-11-15,,,2025-11-19
청용하이텍태양광발전소2호,경상북도 경산시 압량읍 가일길 72-17,,35.8389808588,128.7807156029,,정상가동,91.63,380.0,60,2023,,2022-11-15,,,2025-11-19
(주)이디원태양광발전소1호,"경상북도 경산시 자인면 자인로7길 3, 후콘",,35.8241698385,128.8223203405,,정상가동,99.76,380.0,60,2023,,2022-11-14,,,2025-11-19
현동태양광발전소,경상북도 경산시 하양읍 지식산업4로1길 21,,35.9325193405,128.8171688718,,정상가동,328.3,380.0,60,2023,,2022-11-07,,,2025-11-19
(주)전우정밀태양광발전소,경상북도 경산시 진량읍 공단8로 24,,35.8595976429,128.832135008,,정상가동,1300.0,22900.0,60,2024,,2022-11-04,,,2025-11-19
홍덕태양광발전소,경상북도 경산시 남천면 구일길 16,,35.7908148617,128.7305889118,,정상가동,66.08,380.0,60,2023,,2022-11-03,,,2025-11-19
태호태양광발전소,경상북도 경산시 남천면 송백1길 22-1,,35.7573678152,128.7639871232,,정상가동,99.96,380.0,60,2025,,2022-11-03,,,2025-11-19
베스트태양광발전소,경상북도 경산시 압량읍 가일길28길 110,,35.8341182484,128.7905493995,,정상가동,56.53,380.0,60,2023,,2022-11-03,,,2025-11-19
트리플3호태양광발전소,경상북도 경산시 와촌면 상암길 60-113,,35.9342413985,128.83872728,,정상가동,99.71,380.0,60,2023,,2022-10-24,,,2025-11-19
트리플2호태양광발전소,경상북도 경산시 와촌면 상암길 60-113,,35.9342413985,128.83872728,,정상가동,99.71,380.0,60,2023,,2022-10-24,,,2025-11-19
트리플1호태양광발전소,경상북도 경산시 와촌면 상암길 60-113,,35.9342413985,128.83872728,,정상가동,99.12,380.0,60,2023,,2022-10-24,,,2025-11-19
태성개발태양광발전소,경상북도 경산시 압량읍 감못둑길 57,,35.8339760252,128.7705520588,,정상가동,16.01,380.0,60,2023,,2022-10-21,,,2025-11-19
시우태양광발전소,경상북도 경산시 경안로67길 2-4(대평동),,35.8368825112,128.7335811192,,정상가동,29.5,380.0,60,2023,,2022-09-19,,,2025-11-19
용용태양광발전소,경상북도 경산시 용성면 용림로 355-36,,35.7912433455,128.9019238174,,정상가동,99.5,380.0,60,2023,,2022-09-15,,,2025-11-19
선화태양광발전소,경상북도 경산시 진량읍 상림길 17,,35.9029390991,128.8314703125,,정상가동,19.47,380.0,60,2023,,2022-09-14,,,2025-11-19
퍼스트스킬태양광발전소,"경상북도 경산시 압량읍 가일길26길 15, 백두건재",,35.8413234827,128.7862222903,,정상가동,93.6,380.0,60,2023,,2022-09-01,,,2025-11-19
도연농원태양광발전소,경상북도 경산시 용성면 내촌길 96-27,,35.8142228712,128.8943487841,,정상가동,69.12,380.0,60,2023,,2022-08-16,,,2025-11-19
박숙희태양광발전소,경상북도 경산시 용성면 용전1길 42-3,,35.7714317086,128.9281256218,,정상가동,55.68,380.0,60,2023,,2022-08-16,,,2025-11-19
미정2태양광발전소,경상북도 경산시 성암로12길 31-8(옥산동),,35.8209848857,128.7251471199,,정상가동,19.38,380.0,60,2023,,2022-08-11,,,2025-11-19
미정태양광발전소,경상북도 경산시 성암로1길 2-7(옥산동),,35.8224879243,128.7180619013,,정상가동,12.75,380.0,60,2023,,2022-08-11,,,2025-11-19
삼성태양광발전소,경상북도 경산시 남천면 삼성역길 36-36,,35.7641407833,128.7228325916,,정상가동,99.71,380.0,60,2023,,2022-08-08,,,2025-11-19
우진태양광발전소,경상북도 경산시 남산면 남곡길 61,,35.7760950638,128.8470090825,,정상가동,98.02,380.0,60,2022,,2022-08-05,,,2025-11-19
예민태양광발전소,경상북도 경산시 자인면 압독로 375-1,,35.8339530049,128.7995995399,,정상가동,78.48,380.0,60,2022,,2022-08-03,,,2025-11-19
창원정공5호태양광발전소,경상북도 경산시 하양읍 지식산업4로 84,,35.9299782936,128.8191030842,,정상가동,49.56,380.0,60,2023,,2022-08-01,,,2025-11-19
창원정공2호태양광발전소,경상북도 경산시 하양읍 지식산업4로 84,,35.9299782936,128.8191030842,,정상가동,99.71,380.0,60,2023,,2022-08-01,,,2025-11-19
창원정공1호태양광발전소,경상북도 경산시 하양읍 지식산업4로 84,,35.9299782936,128.8191030842,,정상가동,99.71,380.0,60,2023,,2022-08-01,,,2025-11-19
유촌태양광 5호,경상북도 경산시 와촌면 대동로 20-19,,35.9672217961,128.8094640683,,정상가동,26.33,380.0,60,2022,,2022-08-01,,,2025-11-19
태광기전태양광발전소,경상북도 경산시 하양읍 지식산업6로 31,,35.9357337616,128.8276944117,,정상가동,308.88,380.0,60,2023,,2022-08-01,,,2025-11-19
미건테크태양광발전소,경상북도 경산시 와촌면 대경로 970,,35.9232660172,128.8424069255,,정상가동,190.71,380.0,60,2023,,2022-08-01,,,2025-11-19
영동태양광발전소,경상북도 경산시 하양읍 지식산업5로 46,,35.9383853047,128.8257134387,,정상가동,490.68,380.0,60,2023,,2022-07-26,,,2025-11-19
유신3호태양광발전소,경상북도 경산시 와촌면 대경로 915-60,,35.9264750247,128.8378217276,,정상가동,78.4,380.0,60,2023,,2022-07-26,,,2025-11-19
유신2호태양광발전소,경상북도 경산시 와촌면 대경로 915-60,,35.9264750247,128.8378217276,,정상가동,98.0,380.0,60,2023,,2022-07-26,,,2025-11-19
유신1호태양광발전소,경상북도 경산시 와촌면 대경로 915-60,,35.9264750247,128.8378217276,,정상가동,98.0,380.0,60,2023,,2022-07-26,,,2025-11-19
센스빌태양광발전소,"경상북도 경산시 성암로3길 3, 4층 (옥산동)",,35.8222838084,128.7189069296,,정상가동,14.79,380.0,60,2022,,2022-07-22,,,2025-11-19
한우리2태양광발전소,경상북도 경산시 하양읍 한사들길 24-39,,35.9256153068,128.8341034066,,정상가동,92.43,380.0,60,2023,,2022-07-20,,,2025-11-19
한우리1태양광발전소,경상북도 경산시 하양읍 한사들길 24-39,,35.9256153068,128.8341034066,,정상가동,92.43,380.0,60,2023,,2022-07-20,,,2025-11-19
케이케이교역태양광발전소,"경상북도 경산시 자인면 설총로 750-13, 맥섬석GM주",,35.8048623817,128.8336624885,,정상가동,279.66,380.0,60,2023,,2022-07-06,,,2025-11-19
대경태양광발전소,경상북도 경산시 남천면 하도로 73,,35.7326554648,128.7349926604,,정상가동,99.71,380.0,60,2023,,2022-07-05,,,2025-11-19
심영수태양광발전소,경상북도 경산시 자인면 남촌길 19,,35.8299736568,128.8169802166,,정상가동,76.56,380.0,60,2022,,2022-06-28,,,2025-11-19
오가네2호태양광발전소,경상북도 경산시 경청로217길 19-12(백천동),,35.801849014,128.7356229798,,정상가동,19.19,380.0,60,2023,,2022-06-28,,,2025-11-19
신한산업기계2호태양광발전소,경상북도 경산시 용성면 원효로 1261-1,,35.7969442261,128.8626798112,,정상가동,24.53,380.0,60,2023,,2022-06-28,,,2025-11-19
신한산업기계1호태양광발전소,경상북도 경산시 용성면 원효로 1261-1,,35.7969442261,128.8626798112,,정상가동,99.74,380.0,60,2022,,2022-06-28,,,2025-11-19
송설태양광발전소,"경상북도 경산시 자인면 자인공단2로4길 9, 송설엔지니어링",,35.8257625584,128.8214527607,,정상가동,99.84,380.0,60,2022,,2022-06-23,,,2025-11-19
민재태양광발전소,경상북도 경산시 용성면 내촌길 100,,35.8167917595,128.8941532664,,정상가동,97.44,380.0,60,2022,,2022-06-23,,,2025-11-19
(주)효림태양광발전소,경상북도 경산시 하양읍 지식산업1로 98,,35.9367928934,128.8262633998,,정상가동,465.75,380.0,60,2023,,2022-06-08,,,2025-11-19
SM태양광발전소,경상북도 경산시 하양읍 지식산업1로 98,,35.9367928934,128.8262633998,,정상가동,308.2,380.0,60,2023,,2022-06-08,,,2025-11-19
대흥다이코태양광발전소,경상북도 경산시 진량읍 대구대로107길 11-77,,35.8790978399,128.856007725,,정상가동,50.0,380.0,60,2023,,2022-06-07,,,2025-11-19
일교산업사태양광발전소,경상북도 경산시 자인면 자인공단4로 47,,35.8278216097,128.8264863363,,정상가동,201.84,380.0,60,2023,,2022-06-07,,,2025-11-19
조흥기전태양광발전소,경상북도 경산시 진량읍 일연로 581,,35.8601489082,128.8051423759,,정상가동,124.12,380.0,60,2022,,2022-06-07,,,2025-11-19
대성정밀태양광발전소,"경상북도 경산시 진량읍 두인길 17, 대성정밀",,35.8654807495,128.8028295952,,정상가동,262.16,380.0,60,2024,,2022-06-07,,,2025-11-19
경동정밀공업태양광발전소,경상북도 경산시 하양읍 지식산업6로 61,,35.9389339608,128.827496857,,정상가동,699.84,380.0,60,2022,,2022-06-07,,,2025-11-19
대한종합ENG1호태양광발전소,경상북도 경산시 진량읍 평사1길 104-64,,35.8811072604,128.8627257411,,정상가동,99.0,380.0,60,2022,,2022-05-19,,,2025-11-19
대한종합ENG2호태양광발전소,경상북도 경산시 진량읍 평사1길 104-64,,35.8811072604,128.8627257411,,정상가동,49.5,380.0,60,2022,,2022-05-19,,,2025-11-19
신촌태양광발전소,경상북도 경산시 진량읍 가야로 268-3,,35.8497084682,128.7939691142,,정상가동,79.46,380.0,60,2022,,2022-05-19,,,2025-11-19
주식회사동방플랜텍,경상북도 경산시 진량읍 대구대로 560,,35.8777946342,128.8513051824,,정상가동,98.6,380.0,60,2022,,2022-05-19,,,2025-11-19
베드로2태양광발전소,경상북도 경산시 용성면 구룡로 89-10,,35.7974721996,128.8846966827,,정상가동,27.84,380.0,60,2022,,2022-05-13,,,2025-11-19
모햇RE100 2호기,"경상북도 경산시 자인면 자인공단로 58, (주)진성산업",,35.8268231738,128.8228133252,,정상가동,99.82,380.0,60,2022,,2022-05-13,,,2025-11-19
동진태양광발전소,경상북도 경산시 하양읍 지식산업1로 47,,35.9387154602,128.8208329334,,정상가동,387.44,380.0,60,2023,,2022-05-13,,,2025-11-19
미래제3태양광발전소,경상북도 경산시 진량읍 금박로 389-49,,35.8513264199,128.8416629938,,정상가동,99.84,380.0,60,2022,,2022-05-09,,,2025-11-19
미래제4태양광발전소,경상북도 경산시 진량읍 금박로 389-49,,35.8513264199,128.8416629938,,정상가동,99.84,380.0,60,2022,,2022-05-09,,,2025-11-19
미래제5태양광발전소,경상북도 경산시 진량읍 금박로 389-49,,35.8513264199,128.8416629938,,정상가동,49.92,380.0,60,2022,,2022-05-09,,,2025-11-19
금강1태양광발전소,경상북도 경산시 와촌면 대경로 943-59,,35.9278056825,128.8391155425,,정상가동,91.18,380.0,60,2023,,2022-05-09,,,2025-11-19
삼성태양광발전소,경상북도 경산시 진량읍 다문로 383,,35.8755142923,128.8511771533,,정상가동,99.76,380.0,60,2022,,2022-05-09,,,2025-11-19
덕암3호발전소,경상북도 경산시 용성면 덕천2길 25-52,,35.7944917975,128.8894651981,,정상가동,99.18,380.0,60,2022,,2022-05-04,,,2025-11-19
덕암2호발전소,경상북도 경산시 용성면 덕천2길 25-52,,35.7944917975,128.8894651981,,정상가동,99.18,380.0,60,2022,,2022-05-04,,,2025-11-19
덕암1호발전소,경상북도 경산시 용성면 덕천2길 25-52,,35.7944917975,128.8894651981,,정상가동,99.18,380.0,60,2022,,2022-05-04,,,2025-11-19
서보광발전,경상북도 경산시 자인면 읍천2길 46,,35.8237531947,128.8375720725,,정상가동,99.84,380.0,60,2023,,2022-05-09,,,2025-11-19
문천지구수상태양광발전소,경상북도 경산시 진량읍 평사1길 55,,35.8860156989,128.8630713758,,정상가동,999.68,22900.0,60,2024,,2022-05-09,,,2025-11-19
하대2호태양광발전소,경상북도 경산시 남산면 하남로 85-37,,35.7979083323,128.8103089253,,정상가동,89.28,380.0,60,2022,,2022-05-03,,,2025-11-19
하대1호태양광발전소,경상북도 경산시 남산면 하남로 85-37,,35.7979083323,128.8103089253,,정상가동,89.28,380.0,60,2022,,2022-05-03,,,2025-11-19
재환태양광발전소,경상북도 경산시 자인면 계남길 72-53,,35.8100722684,128.8056497441,,정상가동,67.86,380.0,60,2022,,2022-04-25,,,2025-11-19
재연태양광발전소,경상북도 경산시 자인면 계남길 72-53,,35.8100722684,128.8056497441,,정상가동,67.86,380.0,60,2022,,2022-04-25,,,2025-11-19
주영태양광발전소,"경상북도 경산시 와촌면 팔공로114길 6, 주영산업",,35.9565548759,128.8034062313,,정상가동,299.28,380.0,60,2023,,2022-04-25,,,2025-11-19
맥스태양광발전소,경상북도 경산시 하양읍 아이웨어1로 29,,35.9391106885,128.8187357915,,정상가동,269.12,380.0,60,2023,,2022-04-25,,,2025-11-19
베드로태양광발전소,경상북도 경산시 용성면 구룡로 90,,35.796361597,128.8845520955,,정상가동,98.02,380.0,60,2022,,2022-04-19,,,2025-11-19
써드태양광발전소,경상북도 경산시 하양읍 아이웨어3로 8,,35.93930297,128.8164722729,,정상가동,399.04,380.0,60,2023,,2022-04-18,,,2025-11-19
효성경산KR태양광발전소,"경상북도 경산시 진량읍 대구대로 608-22, (주)개풍스틸산업",,35.8737313263,128.8506068874,,정상가동,218.7,380.0,60,2023,,2022-04-18,,,2025-11-19
은성태양광발전소,경상북도 경산시 와촌면 시천1길 19-14,,35.9331489649,128.8454524422,,정상가동,90.0,380.0,60,2022,,2022-04-18,,,2025-11-19
푸드시스템A태양광발전소,경상북도 경산시 와촌면 팔공로114길 27,,35.9551721652,128.8038419373,,정상가동,81.9,380.0,60,2022,,2022-04-18,,,2025-11-19
남신태양광발전소,경상북도 경산시 자인면 남신1길 194,,35.8438757945,128.7898257676,,정상가동,61.0,380.0,60,2023,,2022-04-13,,,2025-11-19
대성태양광발전소,경상북도 경산시 용성면 육동로 552-10,,35.7643545266,128.9041501819,,정상가동,90.48,380.0,60,2022,,2022-04-13,,,2025-11-19
금강태양광발전소,경상북도 경산시 하양읍 지식산업2로4길 22,,35.9395739986,128.8223189455,,정상가동,428.62,380.0,60,2022,,2022-04-08,,,2025-11-19
란1호태양광발전소,경상북도 경산시 용성면 송림길 94,,35.7971541069,128.8934744004,,정상가동,98.4,380.0,60,2022,,2022-04-08,,,2025-11-19
지오엠태양광발전소,경상북도 경산시 하양읍 아이웨어1로 38,,35.9387160976,128.8174773537,,정상가동,330.02,380.0,60,2022,,2022-04-08,,,2025-11-19
란2호태양광발전소,경상북도 경산시 용성면 송림길 94,,35.7971541069,128.8934744004,,정상가동,99.36,380.0,60,2022,,2022-04-08,,,2025-11-19
재원산업태양광발전소3호,경상북도 경산시 남천면 구일길 20,,35.7907880407,128.7303800667,,정상가동,28.8,380.0,60,2022,,2022-03-29,,,2025-11-19
재원산업태양광발전소2호,경상북도 경산시 남천면 구일길 20,,35.7907880407,128.7303800667,,정상가동,28.8,380.0,60,2022,,2022-03-29,,,2025-11-19
조형태양광발전소,경상북도 경산시 하양읍 지식산업4로6길 4,,35.9299422654,128.8198014772,,정상가동,244.76,380.0,60,2022,,2022-03-22,,,2025-11-19
우진태양광발전소,경상북도 경산시 진량읍 일연로 479,,35.8516109923,128.8045154439,,정상가동,54.24,380.0,60,2022,,2022-03-08,,,2025-11-19
진호태양광발전소,경상북도 경산시 압량읍 의송길 99,,35.8581469788,128.7970005821,,정상가동,61.44,380.0,60,2022,,2022-03-21,,,2025-11-19
상암2태양광발전소,경상북도 경산시 와촌면 와천동길 94,,35.9352302109,128.848164594,,정상가동,81.88,380.0,60,2022,,2022-03-04,,,2025-11-19
상암1태양광발전소,경상북도 경산시 와촌면 와천동길 94,,35.9352302109,128.848164594,,정상가동,99.82,380.0,60,2022,,2022-03-04,,,2025-11-19
송백1호태양광발전소,경상북도 경산시 남천면 송백2길 39-9,,35.7554158079,128.7629343537,,정상가동,97.44,380.0,60,2022,,2022-03-03,,,2025-11-19
대왕2호태양광발전소,경상북도 경산시 남산면 대왕로 402,,35.7603311708,128.8263063509,,정상가동,99.65,380.0,60,2022,,2022-03-03,,,2025-11-19
브라이트루프탑1호태양광발전소,경상북도 경산시 하양읍 지식산업2로 95,,35.942199853,128.82408895,,정상가동,1499.52,22900.0,60,2022,,2022-03-03,,,2025-11-19
가연2태양광발전소,경상북도 경산시 진량읍 낙산길 13-1,,35.8756444749,128.8129160685,,정상가동,29.9,380.0,60,2022,,2022-03-03,,,2025-11-19
밝은해태양광발전소,경상북도 경산시 하양읍 지식산업3로 20-17,,35.9370915555,128.8175530257,,정상가동,208.8,380.0,60,2022,,2022-02-16,,,2025-11-19
제일태양광발전소,경상북도 경산시 샘골길 22(백천동),,35.8018522878,128.7415640735,,정상가동,99.84,380.0,60,2022,,2022-02-16,,,2025-11-19
더원태양광발전소,경상북도 경산시 진량읍 공단9로 76,,35.8638871128,128.8351090084,,정상가동,97.92,380.0,60,2022,,2022-02-10,,,2025-11-19
더원2호태양광발전소,경상북도 경산시 진량읍 공단9로 74,,35.8635881021,128.8352638475,,정상가동,99.84,380.0,60,2022,,2022-02-10,,,2025-11-19
천상3호태양광발전소,경상북도 경산시 용성면 외촌1길 35,,35.8206630647,128.8820255937,,정상가동,99.84,380.0,60,2022,,2022-02-10,,,2025-11-19
자인1호태양광발전소,경상북도 경산시 자인면 계남길 110-23,,35.8090186113,128.8054263162,,정상가동,99.65,380.0,60,2022,,2022-02-03,,,2025-11-19
자인2호태양광발전소,경상북도 경산시 자인면 계남길 110-23,,35.8090186113,128.8054263162,,정상가동,99.65,380.0,60,2022,,2022-02-03,,,2025-11-19
삼성태양광발전소3호,"경상북도 경산시 자인면 자인공단1로 35, 삼성섬유",,35.82595355,128.817986841,,정상가동,29.75,380.0,60,2022,,2022-02-03,,,2025-11-19
삼성태양광발전소2호,"경상북도 경산시 자인면 자인공단1로 35, 삼성섬유",,35.82595355,128.817986841,,정상가동,29.76,380.0,60,2022,,2022-02-03,,,2025-11-19
삼성태양광발전소1호,"경상북도 경산시 자인면 자인공단1로 35, 삼성섬유",,35.82595355,128.817986841,,정상가동,29.76,380.0,60,2022,,2022-02-03,,,2025-11-19
여천1호태양광발전소,경상북도 경산시 어봉지길 178-4(여천동),,35.7966121624,128.7895056594,,정상가동,99.84,380.0,60,2022,,2022-01-27,,,2025-11-19
여천2호태양광발전소,경상북도 경산시 어봉지길 178-4(여천동),,35.7966121624,128.7895056594,,정상가동,48.0,380.0,60,2022,,2022-01-27,,,2025-11-19
대구태양광발전소,경상북도 경산시 와촌면 신한길 86,,35.958898017,128.8006759006,,정상가동,99.84,380.0,60,2022,,2022-01-10,,,2025-11-19
남신2태양광발전소,,경상북도 경산시 자인면 남신리 35-4,35.8448395352,128.7908303966,,정상가동,99.82,380.0,60,2021,,2021-10-14,,,2025-11-19
송홍록2호발전소,경상북도 경산시 와촌면 와천서길 331,,35.9511992629,128.8377266723,,정상가동,62.4,380.0,60,2022,,2021-09-28,,,2025-11-19
이부자1태양광발전소,경상북도 경산시 와촌면 상암길 60-41,,35.9392010875,128.8395369363,,정상가동,99.9,380.0,60,2022,,2021-06-30,,,2025-11-19
하늘호수태양광발전소,경상북도 경산시 와촌면 솔목길 29-8,,35.9759988599,128.7709235833,,정상가동,18.9,380.0,60,2024,,2021-06-11,,,2025-11-19
남신태양광발전소,경상북도 경산시 자인면 남신1길 208-6,,35.8450445785,128.7907304722,,정상가동,63.9,380.0,60,2021,,2021-02-04,,,2025-11-19
재원산업태양광발전소1호,경상북도 경산시 남천면 구일길 20,,35.7907880407,128.7303800667,,정상가동,28.8,380.0,60,2022,,2022-03-29,,,2025-11-19
새한정공태양광발전소,경상북도 경산시 압량읍 가일길8길 23,,35.835873425,128.7773571073,,정상가동,99.82,380.0,60,2022,,2021-03-21,,,2025-11-19
진송태양광발전소,경상북도 경산시 압량읍 의송길 99,,35.8581469788,128.7970005821,,정상가동,81.12,380.0,60,2022,,2021-03-21,,,2025-11-19
덕산8호태양광발전소,,경상북도 경산시 용성면 덕천리 183-7,35.801787102,128.8841464965,,정상가동,99.9,380.0,60,2023,,2021-03-21,,,2025-11-19
옥산빌태양광발전소,"경상북도 경산시 성암로11길 13, 옥산빌 (옥산동)",,35.8243502184,128.7221023271,,정상가동,19.2,380.0,60,2022,,2021-12-31,,,2025-11-19
세진태양광발전소,경상북도 경산시 성암로1길 18(옥산동),,35.8229980607,128.7176643895,,정상가동,19.2,380.0,60,2022,,2021-12-22,,,2025-11-19
315.우신,"경상북도 경산시 진량읍 공단6로 69, (주)우신산업",,35.8650319881,128.8244793428,,정상가동,451.82,380.0,60,2022,,2021-12-22,,,2025-11-19
321.아진금형텍,"경상북도 경산시 진량읍 공단8로 64, (주)케이에스인더스트리",,35.86370549,128.8321197606,,정상가동,991.8,22900.0,60,2022,,2021-12-22,,,2025-11-19
320.아진1공장,"경상북도 경산시 진량읍 공단4로 171, 아진산업주",,35.8729851923,128.8279093083,,정상가동,1088.66,22900.0,60,2022,,2021-12-22,,,2025-11-19
문형태양광발전소제2호,경상북도 경산시 용성면 용림로 13-16,,35.7716211779,128.9030054369,,정상가동,19.68,380.0,60,2022,,2021-12-17,,,2025-11-19
문형태양광발전소제3호,경상북도 경산시 용성면 용림로 15,,35.7708497495,128.9041031543,,정상가동,15.36,380.0,60,2022,,2021-12-17,,,2025-11-19
한빛태양광발전소,,경상북도 경산시 용성면 내촌리 154-1,35.8260010408,128.8978729947,,정상가동,99.84,380.0,60,2024,,2021-12-15,,,2025-11-19
경동4호태양광발전소,,경상북도 경산시 남산면 경리 225,35.7844726257,128.8496685218,,정상가동,89.28,380.0,60,2022,,2021-12-03,,,2025-11-19
경동1호태양광발전소,,"경상북도 경산시 남산면 경리 214 , 223, 227, 228",35.7837380289,128.8494680036,,정상가동,89.28,380.0,60,2022,,2021-12-03,,,2025-11-19
경동2호태양광발전소,,경상북도 경산시 남산면 경리 223,35.78405818,128.8498311237,,정상가동,89.28,380.0,60,2022,,2021-12-03,,,2025-11-19
윤성태양광발전소,"경상북도 경산시 진량읍 공단4로5길 71, (주)윤성",,35.8700407242,128.8202802565,,정상가동,675.36,22900.0,60,2022,,2021-12-03,,,2025-11-19
대박1호태양광발전소,경상북도 경산시 용성면 내촌길 54-10,,35.81381763,128.8905560274,,정상가동,80.04,380.0,60,2021,,2021-12-03,,,2025-11-19
경동3호태양광발전소,,경상북도 경산시 남산면 경리 224,35.7843702921,128.8499000489,,정상가동,89.28,380.0,60,2022,,2021-12-03,,,2025-11-19
한사유치원1태양광발전소,"경상북도 경산시 하양읍 교리길 22, 한사유치원",,35.9249634455,128.8217203317,,정상가동,29.57,380.0,60,2022,,2021-11-15,,,2025-11-19
한사유치원2태양광발전소,"경상북도 경산시 하양읍 교리길 22, 한사유치원",,35.9249634455,128.8217203317,,정상가동,29.57,380.0,60,2022,,2021-11-15,,,2025-11-19
평기태양광발전소,경상북도 경산시 남산면 설총로 108,,35.7549044469,128.8508409379,,정상가동,99.36,380.0,60,2022,,2021-11-15,,,2025-11-19
명량태양광발전소,경상북도 경산시 압량읍 가일길3길 19-7,,35.8376481224,128.772157769,,정상가동,80.25,380.0,60,2022,,2021-11-10,,,2025-11-19
창신2호태양광발전소,"경상북도 경산시 자인면 자인공단2로4길 27, 창신화섬",,35.8262509688,128.8230625863,,정상가동,98.9,380.0,60,2022,,2021-11-10,,,2025-11-19
미산태양광발전소,경상북도 경산시 용성면 오산길 36-18,,35.788906249,128.8630026838,,정상가동,99.65,380.0,60,2021,,2021-11-08,,,2025-11-19
달빛2호태양광발전소,경상북도 경산시 용성면 용두지길 37,,35.7840838084,128.8644931139,,정상가동,76.56,380.0,60,2021,,2021-11-08,,,2025-11-19
동성1태양광발전소,경상북도 경산시 하양읍 지식산업1로 6,,35.9379603665,128.8161865541,,정상가동,89.7,380.0,60,2022,,2021-11-01,,,2025-11-19
동성2태양광발전소,경상북도 경산시 하양읍 지식산업1로 6,,35.9379603665,128.8161865541,,정상가동,29.9,380.0,60,2021,,2021-11-01,,,2025-11-19
동성3태양광발전소,경상북도 경산시 하양읍 지식산업1로 6,,35.9379603665,128.8161865541,,정상가동,29.9,380.0,60,2022,,2021-11-01,,,2025-11-19
동성4태양광발전소,경상북도 경산시 하양읍 지식산업1로 6,,35.9379603665,128.8161865541,,정상가동,29.9,380.0,60,2022,,2021-11-01,,,2025-11-19
경환1태양광발전소,경상북도 경산시 하양읍 지식산업1로 6,,35.9379603665,128.8161865541,,정상가동,29.9,380.0,60,2022,,2021-11-01,,,2025-11-19
경환2태양광발전소,경상북도 경산시 하양읍 지식산업1로 6,,35.9379603665,128.8161865541,,정상가동,29.9,380.0,60,2022,,2021-11-01,,,2025-11-19
경환3태양광발전소,경상북도 경산시 하양읍 지식산업1로 6,,35.9379603665,128.8161865541,,정상가동,29.9,380.0,60,2022,,2021-11-01,,,2025-11-19
주희1태양광발전소,경상북도 경산시 하양읍 지식산업1로 6,,35.9379603665,128.8161865541,,정상가동,29.9,380.0,60,2022,,2021-11-01,,,2025-11-19
주희2태양광발전소,경상북도 경산시 하양읍 지식산업1로 6,,35.9379603665,128.8161865541,,정상가동,29.9,380.0,60,2022,,2021-11-01,,,2025-11-19
주희3태양광발전소,경상북도 경산시 하양읍 지식산업1로 6,,35.9379603665,128.8161865541,,정상가동,29.9,380.0,60,2022,,2021-11-01,,,2025-11-19
태일산업태양광발전소,경상북도 경산시 진량읍 대구대로 618,,35.8725766624,128.8525932368,,정상가동,99.51,380.0,60,2021,,2021-10-27,,,2025-11-19
태일산업2호태양광발전소,경상북도 경산시 진량읍 대구대로 618,,35.8725766624,128.8525932368,,정상가동,44.84,380.0,60,2021,,2021-10-27,,,2025-11-19
거평2호태양광발전소,"경상북도 경산시 진량읍 공단6로 42, 대한금속주",,35.8623691031,128.8250378794,,정상가동,349.44,380.0,60,2022,,2021-10-18,,,2025-11-19
거평1호태양광발전소,"경상북도 경산시 진량읍 다문로 188-9, 거평그린",,35.8766361497,128.8320997854,,정상가동,299.52,380.0,60,2022,,2021-10-18,,,2025-11-19
보인태양광발전소,경상북도 경산시 진량읍 보인길9길 19,,35.8817643813,128.805576409,,정상가동,99.65,380.0,60,2021,,2021-10-18,,,2025-11-19
송골태양광발전소,경상북도 경산시 용성면 송림길 91,,35.7967806809,128.8936578826,,정상가동,76.51,380.0,60,2022,,2021-10-14,,,2025-11-19
한뉴딜1호,"경상북도 경산시 하양읍 지식산업로 36, 기승정공(주)",,35.9337974864,128.8164411512,,정상가동,998.2,22900.0,60,2022,,2021-10-13,,,2025-11-19
성재2호태양광발전소,경상북도 경산시 자인면 자인로 181-1,,35.8158702166,128.8246767547,,정상가동,49.88,380.0,60,2021,,2021-10-08,,,2025-11-19
성재1호태양광발전소,,경상북도 경산시 자인면 동부리 210,35.8162311253,128.8267277725,,정상가동,69.6,380.0,60,2021,,2021-10-08,,,2025-11-19
경북그린뉴딜발전소39호,"경상북도 경산시 남산면 하남로 290, 동성하네스",,35.7935389893,128.8335296319,,정상가동,89.18,380.0,60,2022,,2021-10-06,,,2025-11-19
경북그린뉴딜발전소38호,"경상북도 경산시 남산면 하남로 290, 동성하네스",,35.7935389893,128.8335296319,,정상가동,99.65,380.0,60,2022,,2021-10-06,,,2025-11-19
경북그린뉴딜발전소35호,"경상북도 경산시 남산면 하남로 290, 동성하네스",,35.7935389893,128.8335296319,,정상가동,99.65,380.0,60,2022,,2021-10-06,,,2025-11-19
경북그린뉴딜발전소37호,"경상북도 경산시 남산면 하남로 290, 동성하네스",,35.7935389893,128.8335296319,,정상가동,99.65,380.0,60,2022,,2021-10-06,,,2025-11-19
경북그린뉴딜발전소36호,"경상북도 경산시 남산면 하남로 290, 동성하네스",,35.7935389893,128.8335296319,,정상가동,99.65,380.0,60,2022,,2021-10-06,,,2025-11-19
경북그린뉴딜발전소19호,"경상북도 경산시 자인면 자인공단1로 20, 맥섬석GM주 자인물류센터",,35.8251887406,128.8192273507,,정상가동,99.19,380.0,60,2023,,2021-10-05,,,2025-11-19
경북그린뉴딜발전소18호,"경상북도 경산시 자인면 자인공단1로 20, 맥섬석GM주 자인물류센터",,35.8251887406,128.8192273507,,정상가동,99.19,380.0,60,2023,,2021-10-05,,,2025-11-19
돈데미태양광발전소,경상북도 경산시 용성면 운용로 775-131,,35.7662656411,128.8734011268,,정상가동,63.7,380.0,60,2021,,2021-10-05,,,2025-11-19
창미옥곡태양광발전소,경상북도 경산시 옥곡길 42(옥곡동),,35.8065929429,128.7339365456,,정상가동,29.44,380.0,60,2021,,2021-10-05,,,2025-11-19
경북그린뉴딜발전소20호,"경상북도 경산시 자인면 자인공단1로 20, 맥섬석GM주 자인물류센터",,35.8251887406,128.8192273507,,정상가동,99.19,380.0,60,2023,,2021-10-05,,,2025-11-19
동강태양광발전소,경상북도 경산시 와촌면 팔공로149길 51-34,,35.9607596065,128.8225402355,,정상가동,29.9,380.0,60,2021,,2021-10-05,,,2025-11-19
마태우리1호태양광발전소,경상북도 경산시 자인면 원효로156길 127,,35.8045893253,128.8152917565,,정상가동,99.51,380.0,60,2022,,2021-09-28,,,2025-11-19
마태우리2호태양광발전소,경상북도 경산시 자인면 원효로156길 127,,35.8045893253,128.8152917565,,정상가동,36.38,380.0,60,2022,,2021-09-28,,,2025-11-19
마태우리3호태양광발전소,경상북도 경산시 자인면 원효로156길 127,,35.8045893253,128.8152917565,,정상가동,26.22,380.0,60,2022,,2021-09-28,,,2025-11-19
석농장2호태양광발전소,경상북도 경산시 용성면 용두지길 41,,35.7837733658,128.8644646286,,정상가동,88.73,380.0,60,2021,,2021-08-25,,,2025-11-19
송창환발전소,경상북도 경산시 와촌면 와천서길 331,,35.9511992629,128.8377266723,,정상가동,62.4,380.0,60,2022,,2021-09-28,,,2025-11-19
천상2태양광발전소,경상북도 경산시 용성면 외촌1길 29,,35.8210751082,128.8825511314,,정상가동,81.9,380.0,60,2021,,2021-09-27,,,2025-11-19
대한태양광발전소,"경상북도 경산시 남천면 송백2길 35, 삼영상사",,35.7562888152,128.7626031617,,정상가동,99.65,380.0,60,2021,,2021-09-27,,,2025-11-19
외촌에너지,,경상북도 경산시 용성면 외촌리 1-18,35.8365628729,128.9000743431,,정상가동,99.84,380.0,60,2022,,2021-09-27,,,2025-11-19
내촌에너지,,경상북도 경산시 용성면 외촌리 1-18,35.8365628729,128.9000743431,,정상가동,99.84,380.0,60,2022,,2021-09-27,,,2025-11-19
천상1태양광발전소,경상북도 경산시 용성면 외촌1길 29,,35.8210751082,128.8825511314,,정상가동,99.65,380.0,60,2021,,2021-09-23,,,2025-11-19
오일하우스태양광발전소,경상북도 경산시 하양읍 대경로 670,,35.9081805992,128.8148181093,,정상가동,24.84,380.0,60,2021,,2021-09-16,,,2025-11-19
박사1태양광발전소,경상북도 경산시 와촌면 신한길 85,,35.9593037835,128.8007718982,,정상가동,99.19,380.0,60,2021,,2021-09-16,,,2025-11-19
박사2태양광발전소,경상북도 경산시 와촌면 신한길 85,,35.9593037835,128.8007718982,,정상가동,99.19,380.0,60,2021,,2021-09-16,,,2025-11-19
정조태양광발전소,경상북도 경산시 용성면 내촌길 100,,35.8167917595,128.8941532664,,정상가동,76.44,380.0,60,2021,,2021-09-09,,,2025-11-19
JY에너지1태양광발전소,경상북도 경산시 하양읍 한사들길 24-37,,35.9253730391,128.8343957172,,정상가동,99.65,380.0,60,2021,,2021-09-08,,,2025-11-19
JY에너지2태양광발전소,경상북도 경산시 하양읍 한사들길 24-37,,35.9253730391,128.8343957172,,정상가동,99.65,380.0,60,2021,,2021-09-08,,,2025-11-19
JY에너지3태양광발전소,경상북도 경산시 하양읍 한사들길 24-37,,35.9253730391,128.8343957172,,정상가동,99.65,380.0,60,2021,,2021-09-08,,,2025-11-19
동림1호태양광발전소,경상북도 경산시 와촌면 박사길6길 22-25,,35.9621631957,128.8105520042,,정상가동,19.32,380.0,60,2021,,2021-09-08,,,2025-11-19
상곡태양광발전소,경상북도 경산시 용성면 도덕길 11-31,,35.805783332,128.8794874237,,정상가동,99.65,380.0,60,2021,,2021-09-08,,,2025-11-19
중곡태양광발전소,경상북도 경산시 용성면 도덕길 11-31,,35.805783332,128.8794874237,,정상가동,99.65,380.0,60,2021,,2021-09-08,,,2025-11-19
부운2태양광발전소,경상북도 경산시 와촌면 계전길13길 36-7,,35.9580897303,128.8397988422,,정상가동,99.82,380.0,60,2021,,2021-09-06,,,2025-11-19
제이엠테크태양광발전소,경상북도 경산시 압량읍 일연로115길 25-50,,35.8560257919,128.8015578948,,정상가동,99.19,380.0,60,2021,,2021-09-06,,,2025-11-19
부운3태양광발전소,경상북도 경산시 와촌면 계전길13길 36-7,,35.9580897303,128.8397988422,,정상가동,99.82,380.0,60,2021,,2021-09-06,,,2025-11-19
부운1태양광발전소,경상북도 경산시 와촌면 계전길13길 36-7,,35.9580897303,128.8397988422,,정상가동,99.82,380.0,60,2021,,2021-09-06,,,2025-11-19
곡신2호 태양광발전소,경상북도 경산시 용성면 용두지길 81-4,,35.7835108743,128.8666244966,,정상가동,99.65,380.0,60,2021,,2021-09-06,,,2025-11-19
곡신1호태양광발전소,경상북도 경산시 용성면 용두지길 81-4,,35.7835108743,128.8666244966,,정상가동,99.65,380.0,60,2021,,2021-09-06,,,2025-11-19
송내태양광발전소,경상북도 경산시 남산면 서원길 85-4,,35.7865536963,128.8318690363,,정상가동,32.76,380.0,60,2021,,2021-09-02,,,2025-11-19
수지제1태양광발전소,경상북도 경산시 하양읍 지식산업1로 104,,35.9370934405,128.8269303737,,정상가동,29.43,380.0,60,2021,,2021-09-01,,,2025-11-19
수지제2태양광발전소,경상북도 경산시 하양읍 지식산업1로 104,,35.9370934405,128.8269303737,,정상가동,29.43,380.0,60,2021,,2021-09-01,,,2025-11-19
수지제3태양광발전소,경상북도 경산시 하양읍 지식산업1로 104,,35.9370934405,128.8269303737,,정상가동,29.43,380.0,60,2021,,2021-09-01,,,2025-11-19
나현제2태양광발전소,경상북도 경산시 하양읍 지식산업1로 104,,35.9370934405,128.8269303737,,정상가동,64.2,380.0,60,2021,,2021-09-01,,,2025-11-19
정리제3태양광발전소,경상북도 경산시 하양읍 지식산업1로 104,,35.9370934405,128.8269303737,,정상가동,77.58,380.0,60,2021,,2021-09-01,,,2025-11-19
하진제3태양광발전소,경상북도 경산시 하양읍 지식산업1로 104,,35.9370934405,128.8269303737,,정상가동,74.37,380.0,60,2021,,2021-09-01,,,2025-11-19
금호보일러,경상북도 경산시 진량읍 진성로 36,,35.8507048709,128.8083537834,,정상가동,29.84,380.0,60,2021,,2021-08-30,,,2025-11-19
서원태양광발전소,경상북도 경산시 남산면 서원길 85-9,,35.7867856767,128.8327950594,,정상가동,76.56,380.0,60,2022,,2021-08-30,,,2025-11-19
대왕태양광발전소,경상북도 경산시 남산면 대왕로 402,,35.7603311708,128.8263063509,,정상가동,99.65,380.0,60,2021,,2021-08-30,,,2025-11-19
티오피태양광발저놋,"경상북도 경산시 남천면 경청로 376-4, 티오피테크",,35.7569519104,128.7403079849,,정상가동,99.65,380.0,60,2021,,2021-06-29,,,2025-11-19
햇빛가온 경산4호 발전소,경상북도 경산시 하양읍 지식산업2로 118,,35.9407995584,128.8265109588,,정상가동,99.65,380.0,60,2022,,2022-06-30,,,2025-11-19
햇빛가온 경산3호 발전소,경상북도 경산시 하양읍 지식산업2로 118,,35.9407995584,128.8265109588,,정상가동,99.65,380.0,60,2022,,2022-06-30,,,2025-11-19
햇빛가온 경산2호 발전소,경상북도 경산시 하양읍 지식산업2로 118,,35.9407995584,128.8265109588,,정상가동,76.4,380.0,60,2022,,2022-06-30,,,2025-11-19
햇빛가온 경산1호 발전소,경상북도 경산시 하양읍 지식산업2로 118,,35.9407995584,128.8265109588,,정상가동,76.4,380.0,60,2022,,2022-06-30,,,2025-11-19
성남2호 태양광발전소,경상북도 경산시 용성면 내촌길24길 8-10,,35.8182363354,128.8969570525,,정상가동,99.65,380.0,60,2021,,2021-08-24,,,2025-11-19
성남1호태양광발전소,경상북도 경산시 용성면 내촌길24길 8-10,,35.8182363354,128.8969570525,,정상가동,99.76,380.0,60,2021,,2021-08-24,,,2025-11-19
297.천일,"경상북도 경산시 진량읍 공단5로 54, 천일종합물류",,35.8583792192,128.8266705616,,정상가동,306.36,380.0,60,2021,,2021-08-19,,,2025-11-19
298.길창,경상북도 경산시 진량읍 공단7로 58,,35.8626776715,128.8289398231,,정상가동,237.36,380.0,60,2021,,2021-08-19,,,2025-11-19
경산친환경발전소,경상북도 경산시 자인면 설총로 612-12,,35.7942174911,128.8403013962,,정상가동,29.75,380.0,60,2021,,2021-06-02,,,2025-11-19
썬코리아1호발전소,"경상북도 경산시 진량읍 공단4로40길 10, 남성프라스틱",,35.8742405274,128.8293649509,,정상가동,99.9,380.0,60,2022,,2021-08-13,,,2025-11-19
썬코리아2호발전소,"경상북도 경산시 진량읍 공단4로40길 10, 남성프라스틱",,35.8742405274,128.8293649509,,정상가동,99.9,380.0,60,2022,,2021-08-13,,,2025-11-19
김주회태양광발전소,경상북도 경산시 성암로11길 29(옥산동),,35.8255187326,128.7215539657,,정상가동,18.86,380.0,60,2021,,2021-08-10,,,2025-11-19
경우태양광발전소,경상북도 경산시 와촌면 솔구불길 7-9,,35.9530633022,128.8317906887,,정상가동,34.56,380.0,60,2021,,2021-08-10,,,2025-11-19
용태양광발전소,,"경상북도 경산시 용성면 내촌리 159 ,159-1",35.8264856177,128.8980940493,,정상가동,97.92,380.0,60,2023,,2021-08-09,,,2025-11-19
두꺼비태양광발전소,,경상북도 경산시 용성면 내촌리 159,35.8264856177,128.8980940493,,정상가동,97.92,380.0,60,2022,,2021-08-09,,,2025-11-19
옥돌태양광발전소,,경상북도 경산시 용성면 내촌리 159,35.8264856177,128.8980940493,,정상가동,97.92,380.0,60,2022,,2021-08-09,,,2025-11-19
혜원1호태양광발전소,경상북도 경산시 와촌면 상암길 174,,35.9411611933,128.8524618244,,정상가동,61.44,380.0,60,2021,,2021-08-05,,,2025-11-19
혜원2호태양광발전소,경상북도 경산시 와촌면 상암길 172-33,,35.938404579,128.8528110012,,정상가동,38.4,380.0,60,2021,,2021-08-05,,,2025-11-19
유병도발전소,경상북도 경산시 자인면 오목천동길 100,,35.8214534395,128.8034992826,,정상가동,62.4,380.0,60,2021,,2021-08-05,,,2025-11-19
한국태양광발전소,경상북도 경산시 대평길2길 8-10(대평동),,35.8426888403,128.7319499913,,정상가동,29.75,380.0,60,2021,,2021-08-04,,,2025-11-19
행복발전소,경상북도 경산시 진량읍 대추마을길9길 22-1,,35.9021670147,128.8229520722,,정상가동,99.65,380.0,60,2023,,2021-08-02,,,2025-11-19
창신태양광발전소,"경상북도 경산시 자인면 자인공단2로4길 27, 창신화섬",,35.8262509688,128.8230625863,,정상가동,99.65,380.0,60,2021,,2021-07-20,,,2025-11-19
벚꽃길1호발전소,경상북도 경산시 용성면 벚꽃길 151,,35.8372477854,128.8995929679,,정상가동,99.84,380.0,60,2021,,2021-07-22,,,2025-11-19
벚꽃길2호발전소,경상북도 경산시 용성면 벚꽃길 151,,35.8372477854,128.8995929679,,정상가동,93.6,380.0,60,2021,,2021-07-22,,,2025-11-19
명성테크태양광발전소,"경상북도 경산시 진량읍 공단4로 137, 명성테크",,35.8695377918,128.8281658852,,정상가동,149.96,380.0,60,2021,,2021-07-20,,,2025-11-19
예담3호태양광발전소,경상북도 경산시 용성면 용림로 355-14,,35.7932801422,128.9008171316,,정상가동,99.65,380.0,60,2021,,2021-07-14,,,2025-11-19
연봉태양광2,경상북도 경산시 강변서로 203(옥산동),,35.8259325226,128.729392553,,정상가동,19.5,380.0,60,2021,,2021-07-14,,,2025-11-19
가일리1호 태양광발전소,경상북도 경산시 압량읍 가일길24길 51,,35.8372912676,128.7859662039,,정상가동,33.12,380.0,60,2021,,2021-07-09,,,2025-11-19
현태양광발전소,경상북도 경산시 하양읍 상암길 60-139,,35.9324143242,128.8385880009,,정상가동,99.9,380.0,60,2021,,2021-07-08,,,2025-11-19
상민 태양광발전소,경상북도 경산시 용성면 부제길 46,,35.7877598119,128.8868766913,,정상가동,99.84,380.0,60,2021,,2021-07-08,,,2025-11-19
진용2호 태양광발전소,경상북도 경산시 와촌면 상암길 172-41,,35.9378127437,128.8533534214,,정상가동,99.65,380.0,60,2022,,2021-07-08,,,2025-11-19
주경미발전소,경상북도 경산시 용성면 용림로 13-7,,35.7710765558,128.903221229,,정상가동,19.26,380.0,60,2021,,2021-07-08,,,2025-11-19
대욱발전소,경상북도 경산시 용성면 육동로 21-1,,35.7917107103,128.878973944,,정상가동,19.57,220.0,60,2021,,2021-07-08,,,2025-11-19
자인(정)태양광발전소,경상북도 경산시 자인면 원효로 953-12,,35.809149654,128.8356495568,,정상가동,300.0,380.0,60,2012,,2011-08-11,,,2025-11-19
이부자태양광발전소,"경상북도 경산시 와촌면 상암길 60-41, 지붕층",,35.9392010875,128.8395369363,,정상가동,99.9,380.0,60,2022,,2021-06-30,,,2025-11-19
제일공업2호태양광발전소,"경상북도 경산시 진량읍 가야로67길 26, 제일공업 지붕층",,35.8502470746,128.8030145492,,정상가동,68.01,380.0,60,2021,,2021-06-30,,,2025-11-19
시천리태양광발전소,경상북도 경산시 와촌면 와천서길 31-20,,35.9272247058,128.8468637871,,정상가동,87.72,380.0,60,2022,,2021-06-29,,,2025-11-19
화성2호태양광발전소,"경상북도 경산시 자인면 오목천동길 18-3, 지붕층",,35.8157802599,128.8042559035,,정상가동,98.55,380.0,60,2021,,2021-06-22,,,2025-11-19
정은태양광발전소,"경상북도 경산시 와촌면 계전길13길 116, 다원제약 지붕층",,35.9638983061,128.8341112714,,정상가동,26.75,380.0,60,2021,,2021-06-21,,,2025-11-19
부겸태양광발전소,"경상북도 경산시 와촌면 계전길13길 116, 다원제약",,35.9638983061,128.8341112714,,정상가동,29.96,380.0,60,2021,,2021-06-21,,,2025-11-19
재현태양광발전소,경상북도 경산시 압량읍 신월길 23,,35.8286343609,128.7938499594,,정상가동,98.28,380.0,60,2021,,2021-05-10,,,2025-11-19
도덕태양광발전소,경상북도 경산시 용성면 도덕1길 15,,35.8099529746,128.8812245096,,정상가동,99.45,380.0,60,2021,,2021-06-16,,,2025-11-19
선태양광발전소,"경상북도 경산시 압량읍 가야로 72, 주식회사 대한",,35.8557005191,128.774472194,,정상가동,90.0,380.0,60,2022,,2021-06-11,,,2025-11-19
사림2호태양광발전소,경상북도 경산시 남산면 사림길 10,,35.7546244222,128.8217332307,,정상가동,45.5,380.0,60,2021,,2021-06-01,,,2025-11-19
사림1호태양광발전소,경상북도 경산시 남산면 사림길 10,,35.7546244222,128.8217332307,,정상가동,98.28,380.0,60,2021,,2021-06-01,,,2025-11-19
남신1태양광발전소,경상북도 경산시 자인면 남신1길 212,,35.8457416404,128.7912047927,,정상가동,99.9,380.0,60,2021,,2021-05-26,,,2025-11-19
크리스탈태양광발전소,경상북도 경산시 자인면 일연로 245-49,,35.8298514273,128.806587281,,정상가동,99.68,380.0,60,2021,,2021-05-13,,,2025-11-19
파크가드태양광발전소,경상북도 경산시 자인면 일연로 245-49,,35.8298514273,128.806587281,,정상가동,99.68,380.0,60,2021,,2021-05-13,,,2025-11-19
청우스프링,경상북도 경산시 압량읍 가일길20길 20,,35.8383734346,128.7806169209,,정상가동,99.19,380.0,60,2021,,2021-05-10,,,2025-11-19
대한태양광발전소,"경상북도 경산시 압량읍 가야로 72, 주식회사 대한 지붕층",,35.8557005191,128.774472194,,정상가동,99.96,380.0,60,2021,,2021-04-13,,,2025-11-19
내촌태양광발전소,"경상북도 경산시 용성면 내촌길24길 6-20, 지붕층",,35.8166457181,128.8956486737,,정상가동,99.45,380.0,60,2021,,2021-04-13,,,2025-11-19
경도빌딩태양광발전소,"경상북도 경산시 경안로 204, 경도빌딩 지붕층 (중방동)",,35.8257233382,128.7371848791,,정상가동,29.58,380.0,60,2021,,2021-04-13,,,2025-11-19
수영태양광발전소,"경상북도 경산시 와촌면 계전길13길 116, 다원제약 지붕층",,35.9638983061,128.8341112714,,정상가동,29.96,380.0,60,2021,,2021-04-12,,,2025-11-19
코스모스빌태양광발전소,"경상북도 경산시 자인면 설총로 915, 지붕층",,35.8177117049,128.8249933968,,정상가동,19.98,220.0,60,2021,,2021-04-02,,,2025-11-19
예담2호태양광발전소,"경상북도 경산시 용성면 용림로 355-14, 지붕층",,35.7932801422,128.9008171316,,정상가동,97.2,380.0,60,2021,,2021-04-02,,,2025-11-19
예담1호태양광발전소,경상북도 경산시 용성면 용림로 355-14,,35.7932801422,128.9008171316,,정상가동,99.0,380.0,60,2021,,2021-04-02,,,2025-11-19
전지농장태양광발전소,"경상북도 경산시 남산면 반지길23길 53, 지붕층",,35.7868178107,128.8150814191,,정상가동,99.65,380.0,60,2021,,2021-03-25,,,2025-11-19
가호태양광발전소,"경상북도 경산시 와촌면 와천동길 104, 지붕층",,35.9351617524,128.8480049981,,정상가동,99.2,380.0,60,2021,,2021-03-25,,,2025-11-19
화성1호태양광발전소,"경상북도 경산시 자인면 오목천동길 18-6, 지붕층",,35.8148766303,128.8048011243,,정상가동,99.9,380.0,60,2021,,2021-03-25,,,2025-11-19
해빈3호태양광발전소,"경상북도 경산시 용성면 송림길 64-2, 지붕층",,35.7977813484,128.8964076909,,정상가동,79.2,380.0,60,2021,,2021-03-22,,,2025-11-19
석농장태양광발전소,"경상북도 경산시 용성면 용두지길 41, 지붕층",,35.7837733658,128.8644646286,,정상가동,99.9,380.0,60,2021,,2021-03-22,,,2025-11-19
고인돌태양광발전소,"경상북도 경산시 용성면 용두지길 73, 지붕층",,35.783688719,128.8648094598,,정상가동,99.9,380.0,60,2021,,2021-03-22,,,2025-11-19
하양농업협동조합6호 태양광발전소,"경상북도 경산시 하양읍 한사길 2-6, 지붕층",,35.9257017305,128.8241697305,,정상가동,75.15,380.0,60,2021,,2021-03-15,,,2025-11-19
송림2호태양광발전소,"경상북도 경산시 용성면 송림길 31-20, 지붕층",,35.7966072789,128.900225686,,정상가동,99.9,380.0,60,2021,,2021-03-15,,,2025-11-19
키움2호태양광발전소,"경상북도 경산시 남천면 백천서로 178, 지붕층",,35.7940936365,128.7327595569,,정상가동,89.1,380.0,60,2021,,2021-03-15,,,2025-11-19
에이치씨태양광발전소,"경상북도 경산시 하양읍 지식산업4로 16-40, 지붕층",,35.9334720747,128.8126897625,,정상가동,240.0,380.0,60,2021,,2021-03-10,,,2025-11-19
송백태양광발전소,"경상북도 경산시 남천면 송백2길 39-9, 지붕층",,35.7554158079,128.7629343537,,정상가동,99.9,380.0,60,2021,,2021-03-05,,,2025-11-19
도움5호태양광발전소,"경상북도 경산시 평산1길 37-35, 파티마재활요양병원 G동 지붕층 (평산동)",,35.7990379294,128.7632179371,,정상가동,81.9,380.0,60,2021,,2021-03-02,,,2025-11-19
도움4호태양광발전소,"경상북도 경산시 평산1길 37-35, 파티마재활요양병원 G동 지붕층 (평산동)",,35.7990379294,128.7632179371,,정상가동,78.75,380.0,60,2021,,2021-03-02,,,2025-11-19
도움2호태양광발전소,"경상북도 경산시 평산1길 37-35, 파티마재활요양병원 A동 지붕층 (평산동)",,35.7990379294,128.7632179371,,정상가동,86.4,380.0,60,2021,,2021-03-02,,,2025-11-19
도움2호태양광발전소,"경상북도 경산시 평산1길 37-35, 파티마재활요양병원 A동 지붕층 (평산동)",,35.7990379294,128.7632179371,,정상가동,38.25,380.0,60,2021,,2021-03-02,,,2025-11-19
도움1호태양광발전소,"경상북도 경산시 평산1길 37-35, 파티마재활요양병원 A동 지붕층 (평산동)",,35.7990379294,128.7632179371,,정상가동,99.9,380.0,60,2021,,2021-03-02,,,2025-11-19
고은2호발전소,"경상북도 경산시 용성면 원효로 1312-19, 지붕층",,35.7944217102,128.8641175042,,정상가동,95.55,380.0,60,2021,,2021-03-02,,,2025-11-19
고은1호발전소,"경상북도 경산시 용성면 원효로 1312-19, 지붕층",,35.7944217102,128.8641175042,,정상가동,70.98,380.0,60,2021,,2021-03-02,,,2025-11-19
유복태양광발전소,"경상북도 경산시 와촌면 용천길5길 64, 지붕층",,35.9174678436,128.8488447519,,정상가동,36.86,380.0,60,2021,,2021-02-23,,,2025-11-19
원덕태양광발전소,"경상북도 경산시 와촌면 대동로 20-18, 지붕층",,35.966225157,128.8106004257,,정상가동,99.19,380.0,60,2021,,2021-02-22,,,2025-11-19
영지태양광발전소,"경상북도 경산시 어봉지길 147-28, 지붕층 (내동)",,35.8007219869,128.7903240404,,정상가동,50.4,380.0,60,2021,,2021-02-18,,,2025-11-19
동산글로벌 제2태양광발전소,"경상북도 경산시 하양읍 지식산업로 70, 지붕층",,35.9332575194,128.8190367718,,정상가동,480.6,22900.0,60,2021,,2021-02-15,,,2025-11-19
대동태양광발전소,"경상북도 경산시 와촌면 대동로 17, 지붕층",,35.9651399452,128.8088754167,,정상가동,39.61,380.0,60,2021,,2021-02-15,,,2025-11-19
진석태양광발전소,"경상북도 경산시 와촌면 용천길 180-7, 지붕층",,35.9138742596,128.8395252405,,정상가동,99.18,380.0,60,2021,,2021-02-15,,,2025-11-19
지에프태양광발전소,"경상북도 경산시 남산면 대왕로 184-12, 지붕층",,35.777175916,128.8352255983,,정상가동,25.2,380.0,60,2021,,2021-02-10,,,2025-11-19
가온태양광발전소,"경상북도 경산시 자인면 원효로 988-18, 지붕층",,35.8045805559,128.8369877431,,정상가동,99.6,380.0,60,2021,,2021-02-10,,,2025-11-19
두레태양광발전소,"경상북도 경산시 박물관로7길 3-4, 두레원룸 지붕층 (사동)",,35.8159905039,128.7623249083,,정상가동,19.13,380.0,60,2021,,2021-02-09,,,2025-11-19
범수태양광발전소,"경상북도 경산시 하양읍 가마실길2길 17-2, 지붕층",,35.902608915,128.802968778,,정상가동,19.13,380.0,60,2021,,2021-02-09,,,2025-11-19
종길태양광발전소,"경상북도 경산시 남천면 관방로 874, 지붕층",,35.7568704195,128.7775949705,,정상가동,99.12,380.0,60,2021,,2021-02-04,,,2025-11-19
해안태양광발전소,"경상북도 경산시 와촌면 용천길 180, 지붕층",,35.9131205115,128.8400528847,,정상가동,29.64,380.0,60,2021,,2021-01-27,,,2025-11-19
성암1태양광발전소,"경상북도 경산시 자인면 원당길 87-53, 지붕층",,35.7983096741,128.8232527351,,정상가동,63.9,380.0,60,2021,,2021-01-27,,,2025-11-19
서니주니태양광발전소,"경상북도 경산시 자인면 산양길 31, 지붕층",,35.7966736991,128.8352247374,,정상가동,87.22,380.0,60,2021,,2021-01-27,,,2025-11-19
남포3호태양광발전소,"경상북도 경산시 와촌면 와천동길 410-5, 지붕층",,35.9587616578,128.8342439445,,정상가동,23.52,380.0,60,2021,,2021-01-25,,,2025-11-19
남포2호태양광발전소,"경상북도 경산시 와촌면 와천동길 410-5, 지붕층",,35.9587616578,128.8342439445,,정상가동,75.6,380.0,60,2021,,2021-01-25,,,2025-11-19
해경2호태양광발전소,"경상북도 경산시 용성면 내촌길 55, 지붕층",,35.8149726233,128.8906275594,,정상가동,82.81,380.0,60,2021,,2021-01-25,,,2025-11-19
해경1호태양광발전소,"경상북도 경산시 용성면 내촌길 127, 지붕층",,35.8192628999,128.8951222081,,정상가동,95.55,380.0,60,2021,,2021-01-25,,,2025-11-19
진용태양광발전소,"경상북도 경산시 와촌면 상암길 172-41, 지붕층",,35.9378127437,128.8533534214,,정상가동,99.54,380.0,60,2021,,2021-01-19,,,2025-11-19
경일3태양광발전소,"경상북도 경산시 남산면 경리길 72, 주4동 지붕층",,35.7910852129,128.8489447728,,정상가동,65.07,380.0,60,2021,,2021-01-19,,,2025-11-19
용성2태양광발전소,"경상북도 경산시 용성면 내촌길24길 9, 지붕층",,35.8182820186,128.8956953309,,정상가동,63.7,380.0,60,2021,,2021-01-12,,,2025-11-19
희정발전소,"경상북도 경산시 자인면 원효로161길 22, 지붕층",,35.8150256185,128.8249366632,,정상가동,44.59,380.0,60,2021,,2021-01-06,,,2025-11-19
월드태양광발전소,"경상북도 경산시 와촌면 상암길37길 117, 지붕층",,35.9516239549,128.8521306305,,정상가동,99.2,380.0,60,2021,,2021-01-06,,,2025-11-19
평사2태양광발전소,"경상북도 경산시 진량읍 평사1길 67-45, 지붕층",,35.887549403,128.8685260742,,정상가동,50.4,380.0,60,2021,,2020-12-21,,,2025-11-19
형제섬유태양광발전소,"경상북도 경산시 남산면 하남로 66-9, 경동실업 지붕층",,35.7955111571,128.8091965743,,정상가동,99.18,380.0,60,2022,,2020-12-30,,,2025-11-19
의송영농수상태양광발전소,,경상북도 경산시 압량읍 의송리 395-1,35.853472949,128.7920001822,,정상가동,74.7,380.0,60,2021,,2020-12-24,,,2025-11-19
주식회사더머신태양광발전소1호,"경상북도 경산시 진량읍 공단4로40길 9, 케이와이테크 지붕층",,35.8749776507,128.8296772956,,정상가동,99.68,380.0,60,2021,,2020-12-24,,,2025-11-19
주식회사더머신태양광발전소2호,"경상북도 경산시 진량읍 공단4로40길 9, 케이와이테크 지붕층",,35.8749776507,128.8296772956,,정상가동,49.84,380.0,60,2021,,2020-12-24,,,2025-11-19
SJ태양광발전소,"경상북도 경산시 남산면 송내공단길 62, 수정섬유 지붕층",,35.7903509537,128.8267390115,,정상가동,99.18,380.0,60,2021,,2020-12-23,,,2025-11-19
용순태양광발전소,"경상북도 경산시 남천면 관방로 854-3, 지붕층",,35.7569726093,128.7796115398,,정상가동,99.9,380.0,60,2021,,2020-12-21,,,2025-11-19
두리태양광발전소,"경상북도 경산시 남산면 대왕로 56, 지붕층",,35.7874945271,128.8385877314,,정상가동,99.88,380.0,60,2021,,2020-12-21,,,2025-11-19
평사1태양광발전소,"경상북도 경산시 진량읍 평사1길 67-47, 지붕층",,35.8874875404,128.8688012332,,정상가동,54.0,380.0,60,2021,,2020-12-21,,,2025-11-19
(주)엠케이에셋코리아태양광,"경상북도 경산시 진량읍 공단로 537, 지붕층",,35.8797434131,128.8184128253,,정상가동,43.2,380.0,60,2023,,2020-12-14,,,2025-11-19
보인 가 태양광발전소,"경상북도 경산시 진량읍 보인길8길 19, 보인원룸 지붕층",,35.8826511218,128.8075737041,,정상가동,19.74,380.0,60,2021,,2020-12-11,,,2025-11-19
동림태양광발전소,"경상북도 경산시 와촌면 용천길5길 5, 동림물산 지붕층",,35.921530609,128.8489979409,,정상가동,74.7,380.0,60,2021,,2020-12-11,,,2025-11-19
세방3호발전소,"경상북도 경산시 용성면 육동로 91-73, 지붕층",,35.7860945352,128.8870390386,,정상가동,36.4,380.0,60,2021,,2020-12-02,,,2025-11-19
달빛발전소,"경상북도 경산시 용성면 용두지길 37, 지붕층",,35.7840838084,128.8644931139,,정상가동,99.65,380.0,60,2021,,2020-12-02,,,2025-11-19
모이세1호태양광발전소,경상북도 경산시 하양읍 한사들길 24-73,,35.9283457128,128.8352539006,,정상가동,94.05,380.0,60,2021,,2020-12-02,,,2025-11-19
경북우리집RE100발전소 25호,"경상북도 경산시 하양읍 지식산업4로 112, 주5동 지붕층",,35.933029523,128.8199948268,,정상가동,57.6,380.0,60,2021,,2020-12-01,,,2025-11-19
경북우리집RE100발전소 24호,"경상북도 경산시 하양읍 지식산업4로 112, 주4동 지붕층",,35.933029523,128.8199948268,,정상가동,98.0,380.0,60,2021,,2020-12-01,,,2025-11-19
경북우리집RE100발전소 23호,"경상북도 경산시 하양읍 지식산업4로 112, 주3동 지붕층",,35.933029523,128.8199948268,,정상가동,61.6,380.0,472,2021,,2020-12-01,,,2025-11-19
경북우리집RE100발전소 22호,"경상북도 경산시 하양읍 지식산업4로 112, 주2동 지붕층",,35.933029523,128.8199948268,,정상가동,99.2,380.0,60,2021,,2020-12-01,,,2025-11-19
경북우리집RE100발전소 21호,"경상북도 경산시 하양읍 지식산업4로 112, 부1동 지붕층",,35.933029523,128.8199948268,,정상가동,52.8,380.0,60,2021,,2020-12-01,,,2025-11-19
경북우리집RE100발전소 20호,"경상북도 경산시 하양읍 지식산업4로 112, 주1동 지붕층",,35.933029523,128.8199948268,,정상가동,67.2,380.0,60,2021,,2020-12-01,,,2025-11-19
더빌태양광발전소,"경상북도 경산시 진량읍 대구대로 83, 지붕층",,35.901347574,128.8330405595,,정상가동,19.13,380.0,60,2021,,2020-11-30,,,2025-11-19
김상환,"경상북도 경산시 용성면 금학로 528-10, 지붕층",,35.8060005662,128.8651501846,,정상가동,99.54,380.0,60,2021,,2020-11-30,,,2025-11-19
월드태양광발전소,"경상북도 경산시 자인면 북사로 32, 지붕층",,35.823309843,128.8238388671,,정상가동,19.74,380.0,60,2021,,2020-11-17,,,2025-11-19
미래제2태양광발전소,경상북도 경산시 남산면 하남로 168-20,,35.7936950244,128.8184951533,,정상가동,99.68,380.0,60,2020,,2020-11-06,,,2025-11-19
경북우리집RE100발전소 19호,"경상북도 경산시 진량읍 평사1길 45-13, 지붕층",,35.8882593336,128.862927173,,정상가동,50.4,380.0,60,2021,,2020-11-05,,,2025-11-19
경북우리집RE100발전소 18호,"경상북도 경산시 진량읍 대구대로 612, 세창정밀 지붕층",,35.8728714237,128.852569212,,정상가동,98.8,380.0,60,2021,,2020-11-05,,,2025-11-19
경북우리집RE100발전소 16호,"경상북도 경산시 진량읍 공단7로 77, 지붕층",,35.8644407089,128.8298438205,,정상가동,18.0,380.0,60,2021,,2020-11-05,,,2025-11-19
경북우리집RE100발전소 6호,"경상북도 경산시 진량읍 공단7로 77, 지붕층",,35.8644407089,128.8298438205,,정상가동,99.54,380.0,60,2021,,2020-11-05,,,2025-11-19
경북우리집RE100발전소 5호,"경상북도 경산시 진량읍 공단7로 77, 지붕층",,35.8644407089,128.8298438205,,정상가동,99.54,380.0,60,2021,,2020-11-05,,,2025-11-19
경북우리집RE100발전소 4호,"경상북도 경산시 진량읍 공단7로 77, 지붕층",,35.8644407089,128.8298438205,,정상가동,99.54,380.0,60,2021,,2020-11-05,,,2025-11-19
경북우리집RE100발전소 3호,"경상북도 경산시 진량읍 공단7로 77, 지붕층",,35.8644407089,128.8298438205,,정상가동,99.54,380.0,60,2021,,2020-11-05,,,2025-11-19
하양농업협동조합5호태양광발전소,"경상북도 경산시 하양읍 한사길 2-4, 지붕층",,35.9261796206,128.8246652993,,정상가동,82.32,380.0,60,2021,,2020-11-03,,,2025-11-19
하양농업협동조합4호태양광발전소,"경상북도 경산시 하양읍 한사길 2-4, 지붕층",,35.9261796206,128.8246652993,,정상가동,44.94,380.0,60,2021,,2020-11-03,,,2025-11-19
남신태양광발전소,"경상북도 경산시 자인면 남신1길 138-27, 지붕층",,35.8392693611,128.7906668063,,정상가동,86.4,380.0,60,2020,,2020-11-17,,,2025-11-19
도덕태양광발전소,"경상북도 경산시 용성면 용대로 234, 지붕층",,35.8113541213,128.8807860735,,정상가동,99.45,380.0,60,2021,,2020-11-16,,,2025-11-19
봉림태양광발전소,"경상북도 경산시 용성면 벚꽃길 72-11, 지붕층",,35.8328142562,128.8999532272,,정상가동,29.4,380.0,60,2021,,2020-11-16,,,2025-11-19
민국태양광발전소,"경상북도 경산시 하양읍 한사들길 54-13, 지붕층",,35.9248488268,128.8320151008,,정상가동,99.96,380.0,60,2020,,2020-10-29,,,2025-11-19
사랑태양광발전소,"경상북도 경산시 하양읍 한사들길 54-13, 지붕층",,35.9248488268,128.8320151008,,정상가동,48.72,380.0,60,2020,,2020-10-29,,,2025-11-19
대한태양광발전소,"경상북도 경산시 하양읍 한사들길 54-13, 지붕층",,35.9248488268,128.8320151008,,정상가동,99.96,380.0,60,2020,,2020-10-29,,,2025-11-19
희망태양광발전소,"경상북도 경산시 하양읍 한사들길 54-13, 지붕층",,35.9248488268,128.8320151008,,정상가동,52.65,380.0,60,2020,,2020-10-29,,,2025-11-19
용성태양광발전소,"경상북도 경산시 용성면 내촌길24길 6, 지붕층",,35.8178506532,128.8953472998,,정상가동,94.5,380.0,60,2021,,2020-10-27,,,2025-11-19
동서태양광발전소,"경상북도 경산시 와촌면 계당길 55-12, 동서레이스 지붕층",,35.9289390884,128.8497337388,,정상가동,99.96,380.0,60,2021,,2020-10-27,,,2025-11-19
테크솔태양광발전소,"경상북도 경산시 진량읍 아사길 45-32, (주)광진상사아사공장 지붕층",,35.8721931577,128.8610666649,,정상가동,99.6,380.0,60,2021,,2020-10-27,,,2025-11-19
광진태양광발전소,"경상북도 경산시 진량읍 아사길 45-32, (주)광진상사아사공장 지붕층",,35.8721931577,128.8610666649,,정상가동,99.6,380.0,60,2021,,2020-10-27,,,2025-11-19
성암태양광,경상북도 경산시 자인면 원당길 87-53,,35.7983096741,128.8232527351,,정상가동,99.96,380.0,60,2021,,2020-10-15,,,2025-11-19
덕산7호태양광발전소,,경상북도 경산시 용성면 덕천리 183-7,35.801787102,128.8841464965,,정상가동,97.2,380.0,60,2023,,2020-10-13,,,2025-11-19
덕산6호태양광발전소,,경상북도 경산시 용성면 덕천리 183-7,35.801787102,128.8841464965,,정상가동,97.2,380.0,60,2023,,2020-10-13,,,2025-11-19
덕산5호태양광발전소,,경상북도 경산시 용성면 덕천리 183-7,35.801787102,128.8841464965,,정상가동,97.2,380.0,60,2023,,2020-10-13,,,2025-11-19
덕산4호태양광발전소,,경상북도 경산시 용성면 덕천리 183-7,35.801787102,128.8841464965,,정상가동,97.2,380.0,60,2023,,2020-10-13,,,2025-11-19
덕산3호태양광발전소,경상북도 경산시 용성면 덕천3길 11-55,,35.8022535207,128.8843781497,,정상가동,97.2,380.0,60,2021,,2020-10-13,,,2025-11-19
덕산2호태양광발전소,경상북도 경산시 용성면 덕천3길 11-55,,35.8022535207,128.8843781497,,정상가동,97.2,380.0,60,2021,,2020-10-13,,,2025-11-19
덕산1호태양광발전소,경상북도 경산시 용성면 덕천3길 11-55,,35.8022535207,128.8843781497,,정상가동,97.2,380.0,60,2023,,2020-10-13,,,2025-11-19
가척태양광발전소,"경상북도 경산시 용성면 용림로 27, 지붕층",,35.7718305776,128.9041391486,,정상가동,99.96,380.0,60,2020,,2020-09-25,,,2025-11-19
보민태양광발전소,"경상북도 경산시 남천면 모골길 50, C동 지붕층",,35.7791040986,128.7214290964,,정상가동,99.9,380.0,60,2020,,2020-09-25,,,2025-11-19
주완태양광발전소,"경상북도 경산시 남천면 모골길 50, A동 지붕층",,35.7791040986,128.7214290964,,정상가동,69.3,380.0,60,2020,,2020-09-25,,,2025-11-19
힐링태양광,"경상북도 경산시 자인면 원당길 131-10, 지붕층",,35.8003221239,128.8180785553,,정상가동,81.0,380.0,60,2021,,2020-09-25,,,2025-11-19
청보태양광발전소,"경상북도 경산시 압량읍 인안길 96-7, 지붕층",,35.8595121117,128.7897802478,,정상가동,18.0,220.0,60,2020,,2020-09-24,,,2025-11-19
케이티태양광발전소,"경상북도 경산시 와촌면 팔공로114길 14, 지붕층",,35.9560527184,128.803716222,,정상가동,49.56,380.0,60,2021,,2020-09-24,,,2025-11-19
우성태양광발전소,"경상북도 경산시 와촌면 와천서길 31, A동 북측동 지붕층",,35.9288039186,128.847434984,,정상가동,97.2,380.0,60,2021,,2020-09-15,,,2025-11-19
호성실업태양광발전소,"경상북도 경산시 와촌면 와천서길 31, A동 남측동 지붕층",,35.9288039186,128.847434984,,정상가동,97.2,380.0,60,2021,,2020-09-15,,,2025-11-19
동원1호태양광발전소,경상북도 경산시 용성면 덕천3길 15-1,,35.7993251879,128.8885347417,,정상가동,29.82,380.0,60,2020,,2020-09-14,,,2025-11-19
금사리태양광발전소,"경상북도 경산시 진량읍 공단1로1길 81, 금사리",,35.8741142887,128.823623532,,정상가동,18.9,380.0,60,2021,,2020-09-14,,,2025-11-19
호재발전소,경상북도 경산시 계양로16길 15 (계양동),,35.8215225106,128.750166497,,정상가동,19.64,380.0,60,2020,,2020-09-15,,,2025-11-19
대학2호태양광발전소,"경상북도 경산시 하양읍 한사들길 54-14, 주2, 주3동 지붕층",,35.9248345684,128.8328722596,,정상가동,90.06,380.0,60,2020,,2020-09-11,,,2025-11-19
대학1호태양광발전소,"경상북도 경산시 하양읍 한사들길 54-14, 주1동 지붕층",,35.9248345684,128.8328722596,,정상가동,71.1,380.0,60,2020,,2020-09-11,,,2025-11-19
동그라미1태양광발전소,"경상북도 경산시 하양읍 상암길 60-136, 가동 지붕층",,35.9328831657,128.8374819091,,정상가동,99.6,380.0,60,2020,,2020-09-01,,,2025-11-19
동그라미태양광발전소,경상북도 경산시 하양읍 상암길 60-136,,35.9328831657,128.8374819091,,정상가동,99.6,380.0,60,2020,,2020-09-01,,,2025-11-19
태화태양광발전소,"경상북도 경산시 와촌면 팔공로132길 76, 지붕층",,35.9514281171,128.8086647541,,정상가동,99.0,380.0,60,2020,,2020-09-04,,,2025-11-19
수연태양광발전소,"경상북도 경산시 어봉지길 147-21, 건물북측동 지붕층 (내동)",,35.8005648114,128.7892421336,,정상가동,98.55,380.0,60,2020,,2020-08-27,,,2025-11-19
시우태양광발전소,"경상북도 경산시 어봉지길 147-21, 건물남측동 지붕층 (내동)",,35.8005648114,128.7892421336,,정상가동,98.55,380.0,60,2020,,2020-08-27,,,2025-11-19
금박산태양광발전소,"경상북도 경산시 진량읍 평사1길 26-8, 지붕층",,35.8870447863,128.8593780632,,정상가동,96.8,380.0,60,2020,,2020-08-18,,,2025-11-19
신촌농장태양광발전소,"경상북도 경산시 자인면 오목천동길 50, C,D동 지붕층",,35.8176082195,128.8022836688,,정상가동,99.96,380.0,60,2021,,2020-08-13,,,2025-11-19
용이태양광발전소,"경상북도 경산시 남방길 10-2, 지붕위층 (남방동)",,35.8090333334,128.7870655052,,정상가동,19.63,380.0,60,2020,,2020-08-13,,,2025-11-19
다문태양광발전소,"경상북도 경산시 진량읍 다문로70길 41, 수노아텍스 지붕층",,35.8729615168,128.8482485994,,정상가동,99.6,380.0,60,2020,,2020-08-18,,,2025-11-19
모이세,"경상북도 경산시 하양읍 금송로 140-30, 지붕위층",,35.9229758673,128.8270449914,,정상가동,15.12,380.0,60,2020,,2020-08-07,,,2025-11-19
동서태양광발전소,"경상북도 경산시 하양읍 한사들길 24-70, 주5동 지붕위층",,35.9282699243,128.8357668849,,정상가동,99.18,382.0,60,2020,,2020-08-07,,,2025-11-19
가척2호태양광발전소,"경상북도 경산시 용성면 가척길 25-15, 건물남측 지붕위층",,35.7750515465,128.9056718174,,정상가동,99.45,380.0,60,2020,,2020-08-06,,,2025-11-19
가척1호태양광발전소,"경상북도 경산시 용성면 가척길 25-15, 건물남측 지붕위층",,35.7750515465,128.9056718174,,정상가동,99.45,380.0,60,2020,,2020-08-06,,,2025-11-19
동원태양광발전소,"경상북도 경산시 용성면 덕천3길 15, 지붕위층",,35.798990278,128.8886531295,,정상가동,99.96,380.0,60,2020,,2020-08-05,,,2025-11-19
해빈2호태양광발전소,"경상북도 경산시 용성면 송림길 64-2, A동 지붕위층",,35.7977813484,128.8964076909,,정상가동,99.6,380.0,60,2020,,2020-08-05,,,2025-11-19
송림태양광발전소,"경상북도 경산시 용성면 송림길 31-20, A, G동 지붕위층",,35.7966072789,128.900225686,,정상가동,99.96,380.0,60,2020,,2020-08-04,,,2025-11-19
경일2태양광발전소,"경상북도 경산시 남산면 경리길 72, 주5동 지붕위층",,35.7910852129,128.8489447728,,정상가동,94.5,380.0,60,2020,,2020-08-04,,,2025-11-19
하양농업협동조합3호태양광발전소,"경상북도 경산시 하양읍 한사길 10, 가동 저온창고 및 나동 지붕위층",,35.9257299508,128.8234926889,,정상가동,92.82,380.0,60,2020,,2020-08-03,,,2025-11-19
하양농업협동조합2호태양광발전소,"경상북도 경산시 하양읍 한사길 10, 가동저온창고 및 나동 지붕위층",,35.9257299508,128.8234926889,,정상가동,92.82,380.0,60,2020,,2020-08-03,,,2025-11-19
하양농업협동조합1호태양광발전소,"경상북도 경산시 하양읍 한사길 10, 창고 가동 지붕위층",,35.9257299508,128.8234926889,,정상가동,9282.0,380.0,60,2020,,2020-08-03,,,2025-11-19
화랑태양광발전소,"경상북도 경산시 화랑로 160, 니나버섯영농조합 지붕 위층 (갑제동)",,35.8290054434,128.7645666406,,정상가동,39.15,380.0,60,2020,,2020-07-29,,,2025-11-19
창신태양광발전소,경상북도 경산시 하양읍 지식산업4로6길 16,,35.9298172998,128.8212002768,,정상가동,191.7,380.0,60,2020,,2020-07-28,,,2025-11-19
하나태양광발전소,"경상북도 경산시 남천면 관방로 902, 가,나동 지붕위층",,35.7567142591,128.7752643389,,정상가동,96.75,380.0,60,2020,,2020-07-27,,,2025-11-19
181.대구대(경산),"경상북도 경산시 진량읍 대구대로 201, 대구대학교경산캠퍼스 공과대학관 및 공학7호관동 건물 위층",,35.9045389738,128.8428132643,,정상가동,597.6,22900.0,60,2021,,2020-07-27,,,2025-11-19
부경태양광발전소,"경상북도 경산시 와촌면 대경로 943-79, 지붕 위층",,35.9296118537,128.8393619083,,정상가동,99.6,380.0,60,2020,,2020-07-27,,,2025-11-19
영은태양광발전소,"경상북도 경산시 용성면 도덕길 10-15, 지붕위층",,35.8028046988,128.8771764874,,정상가동,99.9,380.0,60,2020,,2020-07-23,,,2025-11-19
현영3태양광발전소,"경상북도 경산시 와촌면 갈밭길 64, 건물위층",,35.9531631033,128.8162519333,,정상가동,24.71,380.0,60,2020,,2020-07-23,,,2025-11-19
다모아태양광발전소,"경상북도 경산시 와촌면 박사강변로 224-19, 건물위층",,35.9603138103,128.8185097329,,정상가동,23.9,380.0,60,2020,,2020-07-23,,,2025-11-19
제이티엠2태양광발전소,"경상북도 경산시 진량읍 다문로 188-24, 주제이티엠 진량공장 C동 지붕위층",,35.8755594666,128.8309326003,,정상가동,90.0,380.0,60,2020,,2020-07-21,,,2025-11-19
가연태양광발전소,"경상북도 경산시 진량읍 대학로 1028, 지붕위층",,35.875325689,128.8089764359,,정상가동,50.4,380.0,60,2020,,2020-07-21,,,2025-11-19
금강태양광발전소,"경상북도 경산시 와촌면 대경로 943-59, 가동 지붕 위층",,35.9278056825,128.8391155425,,정상가동,99.6,380.0,60,2020,,2020-07-21,,,2025-11-19
용두지2호태양광발전소,"경상북도 경산시 용성면 오산길 36-77, A동 동편 및 B동 지붕위층",,35.7844518812,128.8626293043,,정상가동,252.32,380.0,60,2020,,2020-07-20,,,2025-11-19
용두지1호태양광발전소,"경상북도 경산시 용성면 오산길 36-77, A(서편)동 지붕위층",,35.7844518812,128.8626293043,,정상가동,99.6,380.0,60,2020,,2020-07-20,,,2025-11-19
소월태양광발전소,"경상북도 경산시 와촌면 팔공로149길 51-16, 나동 지붕위층",,35.9610929225,128.8252015652,,정상가동,99.9,380.0,60,2020,,2020-07-16,,,2025-11-19
평천4호태양광발전소,"경상북도 경산시 와촌면 상암길37길 121, 주4, 주10, 주14동 지붕위층",,35.9521909523,128.8519010536,,정상가동,99.6,380.0,60,2020,,2020-07-16,,,2025-11-19
평천3호태양광발전소,"경상북도 경산시 와촌면 상암길37길 121, 주1, 주11, 주15동 지붕 위층",,35.9521909523,128.8519010536,,정상가동,99.6,380.0,60,2020,,2020-07-16,,,2025-11-19
평천2호태양광발전소,"경상북도 경산시 와촌면 상암길37길 136, 가동 지붕위층",,35.9531535182,128.8530496274,,정상가동,99.6,380.0,60,2021,,2020-07-16,,,2025-11-19
평천1호태양광발전소,"경상북도 경산시 와촌면 상암길37길 136, 나동 지붕위층",,35.9531535182,128.8530496274,,정상가동,99.6,380.0,60,2021,,2020-07-16,,,2025-11-19
골든쥬빌리 태양광발전소,"경상북도 경산시 경안로39길 21, 건물위 (중방동)",,35.8237978184,128.7350198021,,정상가동,18.67,380.0,60,2021,,2020-07-08,,,2025-11-19
베네치아 태양광발전소,"경상북도 경산시 압량읍 대학로75길 21, 건물 위",,35.8428486958,128.7592687866,,정상가동,29.88,380.0,60,2020,,2020-07-08,,,2025-11-19
피렌체태양광발전소,"경상북도 경산시 압량읍 대학로73길 18-8, 건물위",,35.8426013707,128.7589218962,,정상가동,18.26,380.0,60,2020,,2020-07-07,,,2025-11-19
동산글로벌태양광발전소,경상북도 경산시 하양읍 지식산업로 70,,35.9332575194,128.8190367718,,정상가동,767.34,22900.0,60,2021,,2020-06-30,,,2025-11-19
정리제2태양광발전소,경상북도 경산시 하양읍 지식산업1로 104,,35.9370934405,128.8269303737,,정상가동,58.93,380.0,60,2020,,2020-06-29,,,2025-11-19
정리제1태양광발전소,경상북도 경산시 하양읍 지식산업1로 104,,35.9370934405,128.8269303737,,정상가동,29.05,380.0,60,2020,,2020-06-29,,,2025-11-19
하진제1태양광발전소,경상북도 경산시 하양읍 지식산업1로 104,,35.9370934405,128.8269303737,,정상가동,97.11,380.0,60,2020,,2020-06-29,,,2025-11-19
하진제2태양광발전소,경상북도 경산시 하양읍 지식산업1로 104,,35.9370934405,128.8269303737,,정상가동,97.94,380.0,60,2020,,2020-06-29,,,2025-11-19
한들2호태양광발전소,경상북도 경산시 하양읍 한사들길 24-21,,35.9239911932,128.8340130466,,정상가동,99.96,380.0,60,2020,,2020-06-25,,,2025-11-19
한들1호태양광발전소,경상북도 경산시 하양읍 한사들길 24-21,,35.9239911932,128.8340130466,,정상가동,99.96,380.0,60,2020,,2020-06-25,,,2025-11-19
캐츠아이태양광발전소,경상북도 경산시 경안로39길 19 (중방동),,35.8238700011,128.7351694202,,정상가동,25.73,380.0,60,2021,,2020-06-23,,,2025-11-19
솔잎향기3호태양광발전소,경상북도 경산시 압량읍 일연로 493-25,,35.853911711,128.8025353574,,정상가동,99.96,380.0,60,2020,,2020-06-18,,,2025-11-19
남포태양광발전소,경상북도 경산시 와촌면 와천동길 410-5,,35.9587616578,128.8342439445,,정상가동,99.6,380.0,60,2020,,2020-06-12,,,2025-11-19
경산태경태양광발전소,경상북도 경산시 남산면 설총로 141-9,,35.7571891065,128.8475092832,,정상가동,48.0,380.0,60,2021,,2020-06-02,,,2025-11-19
한솔태양광발전소,,경상북도 경산시 용성면 외촌리 12번지 3호,35.8339675946581,128.89941637426,,정상가동,48.0,380.0,60,2020,,2020-06-01,,,2025-11-19
팡팡2태양광발전소,경상북도 경산시 와촌면 용천길5길 27,,35.9196027866,128.8498818256,,정상가동,29.88,380.0,60,2020,,2020-05-21,,,2025-11-19
현대그린에너지3호,경상북도 경산시 용성면 벚꽃길 163,,35.8371952846,128.8987814409,,정상가동,99.6,380.0,60,2020,,2020-05-18,,,2025-11-19
수정태양광발전소,"경상북도 경산시 남산면 송내공단길 62, 수정섬유",,35.7903509537,128.8267390115,,정상가동,99.22,380.0,60,2020,,2020-05-11,,,2025-11-19
도마,경상북도 경산시 압량읍 강골길 21,,35.8337316199,128.7797569159,,정상가동,88.16,380.0,60,2020,,2020-05-08,,,2025-11-19
신정ENG태양광발전소,경상북도 경산시 진량읍 진성로 53-3,,35.8517026515,128.8093965194,,정상가동,29.88,380.0,60,2020,,2020-05-06,,,2025-11-19
유영태양광발전소,경상북도 경산시 자인면 일연로 138,,35.8239398634,128.8186632041,,정상가동,96.38,380.0,60,2020,,2020-04-27,,,2025-11-19
남도태양광제4발전소,경상북도 경산시 용성면 용대로 450,,35.8275267384,128.8900998196,,정상가동,99.6,380.0,60,2020,,2020-04-20,,,2025-11-19
영재에너지태양광발전소,경상북도 경산시 용성면 벚꽃길 81,,35.8344735151,128.8983932192,,정상가동,99.54,380.0,60,2020,,2020-04-17,,,2025-11-19
유촌2호태양광발전소,경상북도 경산시 와촌면 대동로 20-19,,35.9672217961,128.8094640683,,정상가동,99.54,380.0,60,2020,,2020-03-30,,,2025-11-19
유촌4호태양광발전소,경상북도 경산시 와촌면 대동로 20-19,,35.9672217961,128.8094640683,,정상가동,34.37,380.0,60,2020,,2020-03-30,,,2025-11-19
속초태양광발전소,경상북도 경산시 진량읍 진성로 346-37,,35.8528442717,128.8361129302,,정상가동,56.44,380.0,60,2020,,2020-03-25,,,2025-11-19
부운태양광발전소,경상북도 경산시 와촌면 계전길13길 36-7,,35.9580897303,128.8397988422,,정상가동,99.6,380.0,60,2020,,2020-03-19,,,2025-11-19
에스엔제이2호발전소,경상북도 경산시 하양읍 보인길 91-29,,35.8820963897,128.8020405574,,정상가동,95.87,380.0,60,2020,,2020-03-06,,,2025-11-19
에스엔제이3호발전소,경상북도 경산시 하양읍 보인길 91-29,,35.8820963897,128.8020405574,,정상가동,92.13,380.0,60,2020,,2020-03-06,,,2025-11-19
에스엔제이1호발전소,경상북도 경산시 하양읍 보인길 91-29,,35.8820963897,128.8020405574,,정상가동,61.01,380.0,60,2020,,2020-03-06,,,2025-11-19
키움농장태양광발전소,경상북도 경산시 남천면 백천서로 178,,35.7940936365,128.7327595569,,정상가동,100.0,380.0,60,2020,,2020-03-05,,,2025-11-19
햇살태양광발전소,경상북도 경산시 와촌면 용천길5길 27,,35.9196027866,128.8498818256,,정상가동,92.96,380.0,60,2020,,2020-02-28,,,2025-11-19
오가네태양광발전소,"경상북도 경산시 경청로219길 1-4, 우송빌 (백천동)",,35.8027200005,128.7378900285,,정상가동,18.68,380.0,60,2020,,2020-02-25,,,2025-11-19
대화이앤지태양광,경상북도 경산시 압량읍 당리길 44-12,,35.8184568824,128.7940403347,,정상가동,99.2,380.0,60,2020,,2020-02-18,,,2025-11-19
태양광발전소한사리2호,경상북도 경산시 하양읍 한사들길 46,,35.9234739529,128.8336361754,,정상가동,48.97,380.0,60,2020,,2020-02-13,,,2025-11-19
태양광발전소 한사리1호,경상북도 경산시 하양읍 한사들길 48-1,,35.9237926041,128.834259831,,정상가동,54.78,380.0,60,2020,,2020-02-13,,,2025-11-19
환상태양광발전소,경상북도 경산시 하양읍 환상3길 23-29,,35.8792456797,128.7828217616,,정상가동,99.63,380.0,60,2021,,2020-02-05,,,2025-11-19
미래태양광발전소,"경상북도 경산시 남산면 하남로 168-20, (지붕)",,35.7936950244,128.8184951533,,정상가동,96.32,380.0,60,2020,,2020-01-28,,,2025-11-19
DH솔라와촌1발전소,경상북도 경산시 와촌면 갓바위로10길 39,,35.9611008555,128.7939627037,,정상가동,37.51,380.0,60,2024,,2020-01-28,,,2025-11-19
DH솔라와촌2발전소,경상북도 경산시 와촌면 갓바위로10길 39,,35.9611008555,128.7939627037,,정상가동,39.84,380.0,60,2021,,2020-01-28,,,2025-11-19
남천태양광발전소,경상북도 경산시 남천면 송백2길 55,,35.7561876631,128.7615791964,,정상가동,99.38,380.0,60,2020,,2020-01-22,,,2025-11-19
스텔라태양광발전소,경상북도 경산시 자인면 설총로 884,,35.8153228545,128.8270684168,,정상가동,32.13,380.0,60,2024,,2020-01-20,,,2025-11-19
보성농장태양광발전소,경상북도 경산시 용성면 외촌길 7-21,,35.8196465438,128.8821683248,,정상가동,99.63,380.0,60,2020,,2019-03-19,,,2025-11-19
대동3태양광발전소,"경상북도 경산시 와촌면 시천1길 19-56, 주3,4동(지붕)",,35.9334134515,128.8408340914,,정상가동,99.9,380.0,60,2020,,2019-12-27,,,2025-11-19
세방2호태양광발전소,"경상북도 경산시 용성면 육동로 91-73, (지붕)",,35.7860945352,128.8870390386,,정상가동,258.96,380.0,60,2020,,2019-12-27,,,2025-11-19
세방1호태양광발전소,"경상북도 경산시 용성면 육동로 91-73, (지붕)",,35.7860945352,128.8870390386,,정상가동,98.77,380.0,60,2020,,2019-12-27,,,2025-11-19
무학태양광발전소,"경상북도 경산시 와촌면 박사길6길 25, (지붕)",,35.9604822193,128.8081007052,,정상가동,18.04,380.0,60,2020,,2019-12-26,,,2025-11-19
동물농장1태양광발전소,"경상북도 경산시 용성면 원효로 1118-50, (지붕)",,35.7942131352,128.8482963385,,정상가동,98.28,380.0,60,2020,,2019-12-23,,,2025-11-19
흥산태양광발전소,"경상북도 경산시 남천면 흥산길 80, (지붕)",,35.7524887634,128.7307661613,,정상가동,19.8,380.0,60,2020,,2019-12-20,,,2025-11-19
성진2호태양광발전소,,경상북도 경산시 와촌면 상암리 786번지 1호 (지붕),35.9349349993246,128.849843879219,,정상가동,74.7,380.0,60,2020,,2019-12-18,,,2025-11-19
옥산태양광발전소,"경상북도 경산시 솔숲길 96, (지붕) (평산동)",,35.8068088149,128.7617915534,,정상가동,14.8,380.0,60,2020,,2019-12-17,,,2025-11-19
남신2호태양광발전소,"경상북도 경산시 자인면 압독로 375-3, (지붕)",,35.8340411188,128.7996978305,,정상가동,13.28,380.0,60,2020,,2019-12-11,,,2025-11-19
(주)한남이엔지,"경상북도 경산시 남산면 송내공단길 79, (지붕)",,35.7889105658,128.8268660729,,정상가동,166.86,380.0,60,2020,,2019-12-06,,,2025-11-19
성원태양광발전소,"경상북도 경산시 용성면 육동로 762-5, (지붕)",,35.7721169208,128.9222443593,,정상가동,99.94,380.0,60,2022,,2019-12-04,,,2025-11-19
태경사태양광발전소,"경상북도 경산시 진량읍 공단6로 134-7, (지붕)",,35.87106794,128.8258336985,,정상가동,19.5,380.0,60,2020,,2019-11-27,,,2025-11-19
행복한에너지3호,"경상북도 경산시 와촌면 박사강변로 224-15, (지붕)",,35.9602424874,128.8208000807,,정상가동,19.2,380.0,60,2020,,2019-11-25,,,2025-11-19
행복한에너지2호,"경상북도 경산시 와촌면 박사강변로 224-15, (지붕)",,35.9602424874,128.8208000807,,정상가동,98.0,380.0,60,2020,,2019-11-25,,,2025-11-19
행복한에너지1호,"경상북도 경산시 와촌면 박사강변로 224-15, (지붕)",,35.9602424874,128.8208000807,,정상가동,98.0,380.0,60,2020,,2019-11-25,,,2025-11-19
희성태양광발전소,"경상북도 경산시 와촌면 계당길 50, (지붕)",,35.9298359068,128.8515071613,,정상가동,199.8,380.0,60,2020,,2019-11-05,,,2025-11-19
화성2태양광발전소,"경상북도 경산시 압량읍 의송길 111, (지붕)",,35.8570032889,128.7965544628,,정상가동,173.47,380.0,60,2020,,2019-10-31,,,2025-11-19
용천태양광발전소,"경상북도 경산시 남산면 하남로 66-2, (지붕)",,35.7963678555,128.8096513556,,정상가동,72.0,380.0,60,2019,,2019-10-30,,,2025-11-19
천도태양광발전소,"경상북도 경산시 남천면 하도로 137-12, (지붕)",,35.7285071759,128.7394857115,,정상가동,14.8,380.0,60,2019,,2019-10-18,,,2025-11-19
소풍2태양광발전소,"경상북도 경산시 진량읍 버티미길9길 86-6, (지붕)",,35.88597212,128.8066424125,,정상가동,87.15,380.0,60,2020,,2019-10-18,,,2025-11-19
ENELX 경산1발전소,"경상북도 경산시 하양읍 지식산업2로1길 63, 지붕",,35.9429444807,128.8220572642,,정상가동,808.96,22900.0,60,2021,,2019-10-08,,,2025-11-19
용천1태양광발전소,,경상북도 경산시 와촌면 용천리 145번지 3호 145-2번지(지붕),,,,정상가동,99.0,380.0,60,2019,,2019-10-07,,,2025-11-19
용천2태양광발전소,"경상북도 경산시 와촌면 용천제방길 217, 지붕",,35.9159068969,128.8488547199,,정상가동,29.25,380.0,60,2019,,2019-10-07,,,2025-11-19
대동2태양광발전소,"경상북도 경산시 와촌면 시천1길 19-56, 주1,2동(지붕)",,35.9334134515,128.8408340914,,정상가동,99.9,380.0,60,2020,,2019-10-07,,,2025-11-19
세광태양광발전소,"경상북도 경산시 진량읍 금박로 488, 가동(지붕)",,35.8604584164,128.8497932186,,정상가동,127.82,380.0,60,2020,,2019-10-04,,,2025-11-19
세은태양광발전소,"경상북도 경산시 진량읍 금박로 488, 나,다동(지붕)",,35.8604584164,128.8497932186,,정상가동,24.9,380.0,60,2020,,2019-10-04,,,2025-11-19
한들영농조합법인태양광발전소,"경상북도 경산시 진량읍 평사1길 99-6, (토지 및 지붕)",,35.8843680154,128.8665018134,,정상가동,312.0,380.0,60,2023,,2019-09-27,,,2025-11-19
하다텍태양광발전소,"경상북도 경산시 하양읍 지식산업5로2길 19, (지붕)",,35.9360451467,128.8271286236,,정상가동,448.2,380.0,60,2020,,2019-09-19,,,2025-11-19
용주태양광발전소,"경상북도 경산시 와촌면 계전길8길 44-4, (지붕)",,35.9528949765,128.8433285176,,정상가동,63.91,380.0,60,2019,,2019-09-10,,,2025-11-19
용화태양광발전소,"경상북도 경산시 와촌면 계전길8길 44-8, (지붕)",,35.9528966087,128.8429759087,,정상가동,85.91,380.0,60,2019,,2019-09-10,,,2025-11-19
남이태양광발전소,"경상북도 경산시 경산로 235, (지붕) (중산동)",,35.8289873889,128.7235385861,,정상가동,29.25,380.0,60,2019,,2019-09-09,,,2025-11-19
송림명정태양광발전소,"경상북도 경산시 용성면 구룡로 269-4, (지붕)",,35.7994920612,128.9038483248,,정상가동,19.24,380.0,60,2019,,2019-09-06,,,2025-11-19
성진태양광발전소,"경상북도 경산시 와촌면 와천동길 82-16, (지붕)",,35.9347919724,128.8498102974,,정상가동,98.28,380.0,60,2019,,2019-09-04,,,2025-11-19
주식회사 에이스썬팀솔루션 태양광발전소,"경상북도 경산시 압량읍 가일길23길 24-4, (지붕)",,35.8418454072,128.783669177,,정상가동,96.0,380.0,60,2020,,2019-09-04,,,2025-11-19
구룡6호태양광발전소,"경상북도 경산시 와촌면 박사강변로 224-35, (지붕)",,35.9613594532,128.8170223276,,정상가동,23.34,380.0,60,2019,,2019-08-27,,,2025-11-19
리은태양광발전소,"경상북도 경산시 와촌면 금송로 665, (지붕)",,35.9645471328,128.8232731736,,정상가동,99.45,380.0,60,2019,,2019-08-23,,,2025-11-19
경일태양광발전소,,경상북도 경산시 남산면 경리 394번지 외 4필지(지붕),,,,정상가동,99.6,380.0,60,2020,,2019-08-22,,,2025-11-19
팡팡태양광발전소,,"경상북도 경산시 와촌면 계당리 802번지 3호 802-10, 802-20번지(지붕)",35.9204640419057,128.849678111993,,정상가동,76.44,380.0,60,2019,,2019-08-21,,,2025-11-19
소풍태양광발전소,"경상북도 경산시 진량읍 버티미길9길 86-6, (지붕)",,35.88597212,128.8066424125,,정상가동,99.6,380.0,60,2019,,2019-08-20,,,2025-11-19
부승태양광발전소,"경상북도 경산시 와촌면 새터길 83, (지붕)",,35.9576671431,128.7952080428,,정상가동,174.3,380.0,60,2019,,2019-08-14,,,2025-11-19
경운ENG태양광발전소,,경상북도 경산시 하양읍 대학리 999번지 (지붕),35.9410458329575,128.822504331958,,정상가동,493.85,380.0,60,2019,,2019-08-13,,,2025-11-19
정암골한우국밥태양광발전소,"경상북도 경산시 하양읍 대경로 96, (지붕)",,35.8791700522,128.7650724564,,정상가동,19.98,380.0,60,2019,,2019-08-12,,,2025-11-19
해빈태양광발전소,,"경상북도 경산시 용성면 송림리 714번지 707-3, 715, 716-2번지",,,,정상가동,99.84,380.0,60,2020,,2019-08-12,,,2025-11-19
유촌3호태양광발전소,"경상북도 경산시 와촌면 대동로 62, (지붕)",,35.9679587317,128.8057971001,,정상가동,26.64,380.0,60,2020,,2019-08-07,,,2025-11-19
대평태양광발전소,"경상북도 경산시 대평길2길 41, 배드민트장(지붕) (대평동)",,35.843212894,128.7287934347,,정상가동,99.28,380.0,60,2019,,2019-08-07,,,2025-11-19
환희태양광발전소,"경상북도 경산시 남산면 성산로 593-8, (지붕)",,35.7702624767,128.8357243788,,정상가동,99.84,380.0,60,2020,,2019-08-02,,,2025-11-19
봉이태양광발전소,,경상북도 경산시 남산면 우검리 445번지 50호 (지붕),35.7751129836154,128.839076277434,,정상가동,99.84,380.0,60,2020,,2019-08-02,,,2025-11-19
인영태양광발전소,,"경상북도 경산시 용성면 도덕리 113번지 1호 110-1,110-7,113-3번지(지붕)",,,,정상가동,99.84,380.0,60,2020,,2019-08-02,,,2025-11-19
나경태양광발전소,"경상북도 경산시 와촌면 지식산업6로 52, (지붕)",,35.9374568756,128.8298505647,,정상가동,999.0,22900.0,60,2019,,2019-07-18,,,2025-11-19
무건태양광발전소,"경상북도 경산시 남산면 송내공단길 58, (지붕)",,35.790579706,128.8267358427,,정상가동,199.8,380.0,60,2019,,2019-07-04,,,2025-11-19
대호태양광발전소,"경상북도 경산시 들뫼길31길 30, (지붕) (유곡동)",,35.7978325563,128.775481165,,정상가동,61.05,380.0,60,2019,,2019-07-02,,,2025-11-19
덕암태양광발전소,"경상북도 경산시 와촌면 상암길 214, (지붕)",,35.940867047,128.8560325214,,정상가동,49.53,380.0,60,2019,,2019-06-28,,,2025-11-19
대한메탈CS태양광발전소,"경상북도 경산시 진량읍 공단8로 42, (지붕)",,35.8619027754,128.8322114304,,정상가동,475.02,380.0,60,2023,,2019-06-19,,,2025-11-19
천일농장2태양광발전소,"경상북도 경산시 와촌면 대경로 943-72, (지붕)",,35.9287873056,128.8410102225,,정상가동,38.88,380.0,60,2020,,2019-06-12,,,2025-11-19
건영태양광발전소,"경상북도 경산시 남천면 하도로 137-5, (지붕 및 토지)",,35.7286618556,128.739040161,,정상가동,49.8,380.0,60,2019,,2019-06-11,,,2025-11-19
(주)정일수산태양광발전소,"경상북도 경산시 진량읍 공단4로 103, (지붕)",,35.8662747296,128.8280394362,,정상가동,98.28,380.0,60,2019,,2019-06-11,,,2025-11-19
한서태양광발전소,"경상북도 경산시 진량읍 평사1길 10-1, (지붕)",,35.8877499238,128.8592600112,,정상가동,59.35,380.0,60,2019,,2019-06-04,,,2025-11-19
경일태양광3호발전소,"경상북도 경산시 자인면 자인공단로 45, 경일식품(지붕)",,35.8272021249,128.821575292,,정상가동,99.9,380.0,60,2019,,2019-05-28,,,2025-11-19
현영2호태양광발전소,"경상북도 경산시 와촌면 갈밭길 70, (지붕)",,35.952797064,128.8151631097,,정상가동,98.55,380.0,60,2019,,2019-05-23,,,2025-11-19
연제태양광발전소,"경상북도 경산시 진량읍 공단8로 221, (지붕)",,35.8761684574,128.8335592459,,정상가동,348.39,380.0,60,2019,,2019-05-21,,,2025-11-19
속초리태양광발전소,,경상북도 경산시 진량읍 속초리 709번지 2호 (지붕),,,,정상가동,82.49,380.0,60,2019,,2019-05-15,,,2025-11-19
부제리태양광발전소,"경상북도 경산시 용성면 부제길 51, (지붕)",,35.7878585376,128.8873726101,,정상가동,49.64,380.0,60,2020,,2019-05-15,,,2025-11-19
송림리태양광발전소,"경상북도 경산시 용성면 용림로 396-32, (지붕)",,35.7961559965,128.9032844742,,정상가동,99.16,380.0,60,2020,,2019-05-14,,,2025-11-19
한영1태양광발전소,"경상북도 경산시 진량읍 당곡1길 41, (지붕)",,35.8547752495,128.8102709547,,정상가동,19.71,380.0,60,2019,,2019-05-14,,,2025-11-19
은석철강2공장태양광발전소,"경상북도 경산시 진량읍 공단9로 101, (지붕)",,35.8661828232,128.8337194685,,정상가동,408.0,380.0,60,2019,,2019-05-08,,,2025-11-19
미광태양광발전소,"경상북도 경산시 와촌면 팔공로132길 57-10, (지붕)",,35.9507838056,128.8107335403,,정상가동,99.16,380.0,60,2019,,2019-05-02,,,2025-11-19
태양산업태양광발전소,"경상북도 경산시 와촌면 팔공로132길 57-10, (지붕)",,35.9507838056,128.8107335403,,정상가동,197.95,380.0,60,2019,,2019-05-02,,,2025-11-19
승희태양광발전소,,경상북도 경산시 와촌면 시천리 391번지 395-1번지,,,,정상가동,270.1,380.0,60,2019,,2019-05-01,,,2025-11-19
에코솔라피지알파태양광발전소,"경상북도 경산시 진량읍 해든길1길 31, (지붕)",,35.872279714,128.8184063987,,정상가동,14.6,380.0,60,2019,,2019-04-26,,,2025-11-19
MS태양광발전소,"경상북도 경산시 용성면 곡신길 55-28, (토지 및 지붕)",,35.7779822706,128.8691124593,,정상가동,49.64,380.0,60,2020,,2019-04-19,,,2025-11-19
유빈2호태양광발전소,,경상북도 경산시 압량면 강서리 171번지 (지붕),35.8210937029198,128.799123746742,,정상가동,93.6,380.0,60,2019,,2019-04-18,,,2025-11-19
유빈3호태양광발전소,,경상북도 경산시 압량면 강서리 171번지 (지붕),35.8210937029198,128.799123746742,,정상가동,93.6,380.0,60,2019,,2019-04-18,,,2025-11-19
유빈4호태양광발전소,,경상북도 경산시 압량면 강서리 171번지 (지붕),35.8210937029198,128.799123746742,,정상가동,93.6,380.0,60,2019,,2019-04-18,,,2025-11-19
유빈1호태양광발전소,,경상북도 경산시 압량면 강서리 171번지 (지붕),35.8210937029198,128.799123746742,,정상가동,93.6,380.0,60,2019,,2019-04-18,,,2025-11-19
경남태양광발전소,,경상북도 경산시 남천면 협석리 366번지 1호 (지붕),,,,정상가동,99.45,380.0,60,2019,,2019-04-15,,,2025-11-19
베스트태양광발전소,,경상북도 경산시 남천면 협석리 366번지 4호 (지붕),,,,정상가동,62.4,380.0,60,2019,,2019-04-15,,,2025-11-19
구룡5호태양광발전소,,"경상북도 경산시 와촌면 박사리 98번지 1호 번지외 5필지,다동(지붕)",35.9613873178431,128.816527077176,,정상가동,74.8,380.0,60,2019,,2019-04-12,,,2025-11-19
구룡4호태양광발전소,,"경상북도 경산시 와촌면 박사리 98번지 1호 번지외 5필지,다동(지붕)",35.9613873178431,128.816527077176,,정상가동,74.8,380.0,60,2019,,2019-04-12,,,2025-11-19
구룡2호태양광발전소,,"경상북도 경산시 와촌면 박사리 98번지 1호 번지외 5필지,나동(지붕)",35.9613873178431,128.816527077176,,정상가동,74.8,380.0,60,2019,,2019-04-12,,,2025-11-19
구룡1호태양광발전소,,"경상북도 경산시 와촌면 박사리 98번지 1호 번지외 5필지,가동(지붕)",35.9613873178431,128.816527077176,,정상가동,93.6,380.0,60,2019,,2019-04-12,,,2025-11-19
구룡3호태양광발전소,,"경상북도 경산시 와촌면 박사리 98번지 1호 번지외 5필지,나동(지붕)",35.9613873178431,128.816527077176,,정상가동,74.8,380.0,60,2019,,2019-04-12,,,2025-11-19
동강태양광발전소,,경상북도 경산시 와촌면 소월리 323번지,35.9596698565119,128.828660899548,,정상가동,59.2,380.0,60,2020,,2019-04-03,,,2025-11-19
화성태양광발전소,"경상북도 경산시 진량읍 일연로 447-7, (지붕)",,35.8482239208,128.8029164959,,정상가동,161.46,380.0,60,2019,,2019-03-25,,,2025-11-19
진양태양광발전소,"경상북도 경산시 진량읍 양기1길 46, (지붕)",,35.8966538835,128.8344461111,,정상가동,199.08,380.0,60,2019,,2019-03-19,,,2025-11-19
유영사태양광발전소,"경상북도 경산시 압량읍 감못둑길 55, (지붕)",,35.8348740059,128.7705267548,,정상가동,77.2,380.0,60,2019,,2019-03-15,,,2025-11-19
솔잎향기2호태양광발전소,"경상북도 경산시 남산면 송내공단길 68, (지붕)",,35.790082782,128.8271124484,,정상가동,92.8,380.0,60,2019,,2019-03-12,,,2025-11-19
이레산업태양광발전소,"경상북도 경산시 진량읍 의송길 49, (지붕)",,35.8613036836,128.7993773736,,정상가동,54.21,380.0,60,2019,,2019-03-11,,,2025-11-19
가람3호태양광발전소,"경상북도 경산시 와촌면 박사길6길 22-47, (지붕)",,35.9611369244,128.8139230856,,정상가동,99.45,380.0,60,2019,,2019-03-08,,,2025-11-19
천일농장태양광발전소,"경상북도 경산시 와촌면 대경로 943-72, (지붕)",,35.9287873056,128.8410102225,,정상가동,98.4,380.0,60,2019,,2019-03-06,,,2025-11-19
진하태양광발전소,"경상북도 경산시 어봉지길 203, (지붕) (여천동)",,35.7953933571,128.7898953103,,정상가동,98.28,380.0,60,2019,,2019-03-04,,,2025-11-19
김영태양광발전소,"경상북도 경산시 와촌면 용천길5길 17, (지붕)",,35.9205650114,128.8501311177,,정상가동,198.0,380.0,60,2020,,2019-02-22,,,2025-11-19
무한태양광발전소,"경상북도 경산시 자인면 금학로 149, (지붕)",,35.821721566,128.8391079766,,정상가동,99.36,380.0,60,2019,,2019-02-20,,,2025-11-19
아이토프태양광발전소,"경상북도 경산시 진량읍 아사길 31-4, (토지 및 지붕)",,35.8702168172,128.8593066454,,정상가동,196.56,380.0,60,2019,,2019-02-13,,,2025-11-19
일모태양광발전소1호,"경상북도 경산시 자인면 일연로 338-17, (지붕)",,35.840472619,128.8095987671,,정상가동,49.14,380.0,60,2019,,2019-02-13,,,2025-11-19
일모태양광발전소2호,"경상북도 경산시 자인면 일연로 338-13, (지붕)",,35.8401547377,128.8096026119,,정상가동,49.14,380.0,60,2019,,2019-02-13,,,2025-11-19
대한몰드주식회사태양광발전소,"경상북도 경산시 진량읍 공단5로 86, 88(지붕)",,35.8587563617,128.8297353807,,정상가동,197.12,380.0,60,2020,,2019-01-30,,,2025-11-19
비에스에스주식회사태양광발전소,"경상북도 경산시 진량읍 공단5로 92, (지붕)",,35.8581774572,128.8306718243,,정상가동,127.05,380.0,60,2020,,2019-01-28,,,2025-11-19
예쁜태양광발전소,"경상북도 경산시 하양읍 문화로2길 4, 예쁜집원룸(지붕)",,35.910268646,128.8141142563,,정상가동,19.24,380.0,60,2019,,2019-01-22,,,2025-11-19
동부자원계량소태양광발전소,"경상북도 경산시 진량읍 다문로 352, 350(지붕)",,35.8762923828,128.8483114879,,정상가동,81.12,380.0,60,2019,,2019-01-09,,,2025-11-19
대영태양광발전소,"경상북도 경산시 남산면 송내공단길 71-3, 71-5(지붕)",,35.7897194057,128.8273228921,,정상가동,149.65,380.0,60,2019,,2019-01-08,,,2025-11-19
디에스테크태양광발전소,"경상북도 경산시 남산면 송내공단길 57, (지붕)",,35.7902759697,128.8282215378,,정상가동,260.61,380.0,60,2019,,2019-01-08,,,2025-11-19
오산태양광발전소,"경상북도 경산시 용성면 오산길 16-5, (지붕)",,35.791235871,128.8626613481,,정상가동,49.33,380.0,60,2019,,2019-01-07,,,2025-11-19
수정태양광발전소,"경상북도 경산시 압량읍 의송길 129, (지붕)",,35.856960059,128.7941655154,,정상가동,99.45,380.0,60,2019,,2019-01-07,,,2025-11-19
서흥에너지,,경상북도 경산시 용성면 외촌리 1번지 27호,35.8360562285117,128.901827579665,,정상가동,99.45,380.0,60,2019,,2019-01-04,,,2025-11-19
침법수상태양광발전소,,경상북도 경산시 압량면 의송리 395번지 1호 346-1번지(수상),,,,정상가동,1486.08,22900.0,60,2020,,2018-11-16,,,2025-11-19
희명발전소,"경상북도 경산시 중방로 17, (지붕) (중방동)",,35.8303320552,128.7360759849,,정상가동,43.56,380.0,60,2019,,2018-12-19,,,2025-11-19
미소태양광발전소,"경상북도 경산시 진량읍 공단1로1길 36-15, (지붕)",,35.8743352163,128.822158838,,정상가동,19.8,380.0,60,2019,,2018-12-18,,,2025-11-19
골드태양광발전소,"경상북도 경산시 진량읍 공단1로1길 36-7, (지붕)",,35.8749714317,128.8221388677,,정상가동,19.8,380.0,60,2019,,2018-12-18,,,2025-11-19
에코태양광발전소,"경상북도 경산시 진량읍 진량내리길 2, (지붕)",,35.9052670989,128.8393267315,,정상가동,19.72,380.0,60,2019,,2018-12-11,,,2025-11-19
하정태양광발전소2호,,경상북도 경산시 와촌면 용천리 28번지 1호 28-7,,,,정상가동,35.7,380.0,60,2020,,2018-12-04,,,2025-11-19
하정태양광발전소1호,,"경상북도 경산시 와촌면 용천리 31번지 4호 31-11, 31-12번지",,,,정상가동,161.3,380.0,60,2020,,2018-12-04,,,2025-11-19
서우태양광발전소,"경상북도 경산시 와촌면 와천동길22길 2-8, (지붕)",,35.9356868649,128.8484819257,,정상가동,177.39,380.0,60,2019,,2018-11-27,,,2025-11-19
신일태양광발전소,,경상북도 경산시 남산면 남곡리 466번지,35.7710698201016,128.850435906787,,정상가동,391.56,380.0,60,2020,,2018-11-22,,,2025-11-19
아사태양광발전소,"경상북도 경산시 진량읍 아사길 31-5, (지붕)",,35.8705771022,128.8585948946,,정상가동,97.02,380.0,60,2020,,2018-11-20,,,2025-11-19
구구엔지니어링태양광발전소,"경상북도 경산시 압량읍 가일길20길 13, (지붕)",,35.8386605765,128.7816775575,,정상가동,59.84,380.0,60,2019,,2018-11-20,,,2025-11-19
삼승태양광발전소,"경상북도 경산시 와촌면 대경로 1096-27, (지붕)",,35.9282085587,128.8567602458,,정상가동,45.36,380.0,60,2019,,2018-11-20,,,2025-11-19
솔잎향기태양광발전소,"경상북도 경산시 경산로13길 17-3, (지붕) (옥곡동)",,35.8141393541,128.7307560655,,정상가동,19.25,380.0,60,2018,,2018-11-15,,,2025-11-19
윤정호태양광발전소,,경상북도 경산시 용성면 용천리 67번지 68번지,,,,정상가동,98.55,380.0,60,2020,,2018-11-13,,,2025-11-19
김순애태양광발전소,,"경상북도 경산시 용성면 용천리 67번지 69, 79번지",,,,정상가동,98.55,380.0,60,2020,,2018-11-13,,,2025-11-19
동조태양광발전소,"경상북도 경산시 자인면 서부1길 16-1, 16-3(지붕)",,35.8195839601,128.820876526,,정상가동,29.64,380.0,60,2019,,2018-11-06,,,2025-11-19
도익태양광발전소,"경상북도 경산시 정상지길 219, (지붕) (갑제동)",,35.8300981728,128.7811154941,,정상가동,51.0,380.0,60,2019,,2018-11-02,,,2025-11-19
금성냉동태양광발전소,"경상북도 경산시 진량읍 대구대로 535, (지붕)",,35.8797389229,128.8532577576,,정상가동,99.28,380.0,60,2019,,2018-11-01,,,2025-11-19
엠에스알발전소,"경상북도 경산시 진량읍 평사1길 67-81, (지붕)",,35.8894611213,128.8719542226,,정상가동,71.18,380.0,60,2019,,2018-10-31,,,2025-11-19
황기순태양광발전소,,"경상북도 경산시 용성면 용천리 56번지 58,59,60,61,63번지",,,,정상가동,498.2,380.0,60,2020,,2018-10-30,,,2025-11-19
선희태양광발전소,"경상북도 경산시 남천면 연화길 51-9, (지붕)",,35.7577179356,128.7371004187,,정상가동,13.86,380.0,60,2019,,2018-10-23,,,2025-11-19
빛마루태양광발전소,"경상북도 경산시 하양읍 대학로305길 47-3, (지붕)",,35.9111310972,128.8175154679,,정상가동,10.0,380.0,60,2019,,2018-10-23,,,2025-11-19
현영태양광발전소,"경상북도 경산시 와촌면 갈밭길 70, (지붕)",,35.952797064,128.8151631097,,정상가동,99.65,380.0,60,2019,,2018-10-23,,,2025-11-19
소월태양광발전소2,"경상북도 경산시 와촌면 박사강변로 224-19, (지붕)",,35.9603138103,128.8185097329,,정상가동,89.79,380.0,60,2019,,2018-10-18,,,2025-11-19
유촌1호태양광발전소,"경상북도 경산시 와촌면 대동로 62, (지붕)",,35.9679587317,128.8057971001,,정상가동,99.65,380.0,60,2019,,2018-10-18,,,2025-11-19
DH솔라와촌발전소,"경상북도 경산시 와촌면 갓바위로10길 39, (지붕)",,35.9611008555,128.7939627037,,정상가동,87.98,380.0,60,2024,,2018-10-11,,,2025-11-19
다문태양광발전소,"경상북도 경산시 진량읍 다문로61길 89, (지붕)",,35.8789806321,128.8511086864,,정상가동,40.0,380.0,60,2020,,2018-10-08,,,2025-11-19
진량2공장태양광발전소,"경상북도 경산시 진량읍 공단7로 15, (지붕)",,35.8605631082,128.826098455,,정상가동,347.76,380.0,60,1900,,2018-10-04,,,2025-11-19
(주)와이쓰리태양광발전소,"경상북도 경산시 남산면 설총로 41-10, 와이쓰리(토지및지붕)",,35.7490385879,128.8540360297,,정상가동,299.3,380.0,60,2019,,2018-09-20,,,2025-11-19
에스파워,,경상북도 경산시 용성면 외촌리 1번지 27호,35.8360562285117,128.901827579665,,정상가동,99.0,380.0,60,2019,,2018-08-27,,,2025-11-19
종범태양광발전소,"경상북도 경산시 성암로5길 8, (지붕) (옥산동)",,35.8233419937,128.7204946353,,정상가동,14.96,380.0,60,2018,,2018-08-27,,,2025-11-19
굿모닝태양광발전소,"경상북도 경산시 남방1길 72-16, (지붕) (내동)",,35.8061090018,128.7932850747,,정상가동,84.24,380.0,60,2018,,2018-08-27,,,2025-11-19
(주)코리아케이디태양광발전소,,경상북도 경산시 용성면 외촌리 산 54번지 16호,,,,정상가동,443.52,380.0,60,2019,,2018-08-26,,,2025-11-19
썬에너지(주)태양광발전소,,경상북도 경산시 용성면 외촌리 산 54번지 13호,,,,정상가동,443.52,380.0,60,2019,,2018-08-26,,,2025-11-19
에스케이에너지(주)태양광발전소,,경상북도 경산시 용성면 외촌리 산 54번지 2호,,,,정상가동,453.6,380.0,60,2019,,2018-08-26,,,2025-11-19
(주)내일도맑음태양광발전소,,경상북도 경산시 용성면 외촌리 산 54번지 14호,,,,정상가동,453.6,380.0,60,2019,,2018-08-26,,,2025-11-19
(주)중앙이앤씨태양광발전소,,경상북도 경산시 용성면 외촌리 산 54번지 3호,,,,정상가동,453.6,380.0,60,2019,,2018-08-26,,,2025-11-19
(주)지본태양광발전소,"경상북도 경산시 하양읍 한사들길 54-6, (지붕)",,35.924130005,128.8334853686,,정상가동,241.92,380.0,60,2019,,2018-08-21,,,2025-11-19
(주)미광기계태양광발전소,"경상북도 경산시 진량읍 금박로 314-5, 미광기계주(지붕)",,35.8452047569,128.8475555804,,정상가동,473.04,380.0,60,2021,,2018-08-21,,,2025-11-19
(주)윤빛,,경상북도 경산시 용성면 부제리 818번지 2호,,,,정상가동,99.36,380.0,60,2019,,2018-08-17,,,2025-11-19
(주)권빛에너지,,경상북도 경산시 용성면 부제리 818번지 2호,,,,정상가동,99.36,380.0,60,2019,,2018-08-17,,,2025-11-19
스위티태양광발전소,,경상북도 경산시 자인면 북사리 348번지 3호 348-10,,,,정상가동,97.92,380.0,60,2019,,2018-08-16,,,2025-11-19
율진태양광발전소,,"경상북도 경산시 남산면 사림리 396번지 397, 398번지",,,,정상가동,163.4,380.0,60,2019,,2018-08-16,,,2025-11-19
(주)제다태양광발전소,"경상북도 경산시 진량읍 공단9로 96, (지붕)",,35.8660749169,128.8354684384,,정상가동,997.92,22900.0,60,2019,,2018-08-08,,,2025-11-19
노엘라태양광발전소,,경상북도 경산시 용성면 용산리 398번지 1호,35.7653444583471,128.863210069011,,정상가동,98.55,380.0,60,2019,,2018-08-01,,,2025-11-19
해비치태양광발전소,,경상북도 경산시 용성면 용산리 398번지,35.7653444583471,128.863210069011,,정상가동,98.55,380.0,60,2019,,2018-08-01,,,2025-11-19
가람2호태양광발전소,"경상북도 경산시 와촌면 박사길6길 22-47, (지붕)",,35.9611369244,128.8139230856,,정상가동,97.92,380.0,60,2019,,2018-08-01,,,2025-11-19
가람1호태양광발전소,"경상북도 경산시 와촌면 박사길6길 22-47, (지붕)",,35.9611369244,128.8139230856,,정상가동,97.92,380.0,60,2019,,2018-08-01,,,2025-11-19
풀풀아제태양광발전소,,경상북도 경산시 용성면 덕천리 182번지,35.8023671755437,128.885066094602,,정상가동,99.36,380.0,60,2020,,2018-07-26,,,2025-11-19
대경목간통제1태양광발전소,"경상북도 경산시 남천면 남천로 421-21, (지붕)",,35.76168166,128.7299194022,,정상가동,126.0,380.0,60,2018,,2018-07-20,,,2025-11-19
부용태양광발전소,,경상북도 경산시 용성면 부제리 845번지,35.7839575254026,128.87903889935,,정상가동,391.95,380.0,60,2019,,2018-07-17,,,2025-11-19
건영태양광발전소,,경상북도 경산시 용성면 내촌리 110번지,35.8267704050807,128.901085555576,,정상가동,98.55,380.0,60,2019,,2018-07-17,,,2025-11-19
우리태양광발전소,,경상북도 경산시 용성면 내촌리 110번지,35.8267704050807,128.901085555576,,정상가동,98.55,380.0,60,2019,,2018-07-17,,,2025-11-19
KK태양광발전소,,경상북도 경산시 용성면 내촌리 32번지,35.8230781952037,128.899509324361,,정상가동,98.55,380.0,60,2019,,2018-07-02,,,2025-11-19
필태양광발전소,,경상북도 경산시 용성면 내촌리 32번지,35.8230781952037,128.899509324361,,정상가동,98.55,380.0,60,2019,,2018-07-02,,,2025-11-19
채움태양광발전소,,경상북도 경산시 용성면 내촌리 110번지,35.8267704050807,128.901085555576,,정상가동,98.55,380.0,60,2019,,2018-06-27,,,2025-11-19
SJ태양광발전소,,경상북도 경산시 용성면 내촌리 110번지,35.8267704050807,128.901085555576,,정상가동,98.55,380.0,60,2019,,2018-06-27,,,2025-11-19
해오름태양광발전소,,경상북도 경산시 용성면 내촌리 110번지,35.8267704050807,128.901085555576,,정상가동,98.55,380.0,60,2019,,2018-06-27,,,2025-11-19
해암태양광발전소,,경상북도 경산시 용성면 내촌리 110번지,35.8267704050807,128.901085555576,,정상가동,98.55,380.0,60,2019,,2018-06-27,,,2025-11-19
대한메탈2발전소,"경상북도 경산시 진량읍 공단8로 42, (지붕)",,35.8619027754,128.8322114304,,정상가동,569.16,22900.0,60,2018,,2018-06-19,,,2025-11-19
대한메탈1발전소,"경상북도 경산시 진량읍 공단8로 39, (지붕)",,35.8617454254,128.8303922405,,정상가동,734.4,22900.0,60,2018,,2018-06-19,,,2025-11-19
(주)윤푸드태양광발전소,"경상북도 경산시 용성면 운용로 819, (지붕)",,35.7720366564,128.8771327953,,정상가동,36.72,380.0,60,2018,,2018-06-18,,,2025-11-19
갑언태양광발전소,"경상북도 경산시 장산로 109, (지붕) (삼북동)",,35.8182679015,128.7370377739,,정상가동,12.96,380.0,60,2018,,2018-05-28,,,2025-11-19
대경7호태양광발전소,,경상북도 경산시 용성면 부제리 산 22번지 4호,35.7890196299462,128.886642818284,,정상가동,97.92,380.0,60,2019,,2018-05-21,,,2025-11-19
성문태양광발전소,,경상북도 경산시 용성면 부제리 산 22번지 4호,35.7890196299462,128.886642818284,,정상가동,97.92,380.0,60,2020,,2018-05-21,,,2025-11-19
영경태양광발전소,,경상북도 경산시 용성면 부제리 산 22번지 4호,35.7890196299462,128.886642818284,,정상가동,97.92,380.0,60,2019,,2018-05-21,,,2025-11-19
해오름태양광발전소,,경상북도 경산시 용성면 부제리 산 22번지 4호,35.7890196299462,128.886642818284,,정상가동,97.92,380.0,60,2019,,2018-05-21,,,2025-11-19
빛새암태양광발전소,,경상북도 경산시 용성면 부제리 산 22번지 4호,35.7890196299462,128.886642818284,,정상가동,97.92,380.0,60,2019,,2018-05-21,,,2025-11-19
빛누리태양광발전소,,경상북도 경산시 용성면 부제리 산 22번지 4호,35.7890196299462,128.886642818284,,정상가동,97.92,380.0,60,2019,,2018-05-21,,,2025-11-19
호일태양광발전소,,경상북도 경산시 용성면 부제리 산 22번지 4호,35.7890196299462,128.886642818284,,정상가동,97.92,380.0,60,2019,,2018-05-21,,,2025-11-19
빛가람2호태양광발전소,,경상북도 경산시 용성면 부제리 산 22번지 4호,35.7890196299462,128.886642818284,,정상가동,97.92,380.0,60,2020,,2018-05-21,,,2025-11-19
대동태양광발전소,,경상북도 경산시 용성면 부제리 산 22번지 4호,35.7890196299462,128.886642818284,,정상가동,97.92,380.0,60,2019,,2018-05-21,,,2025-11-19
호영1호태양광발전소,,경상북도 경산시 용성면 부제리 산 22번지 4호,35.7890196299462,128.886642818284,,정상가동,97.92,380.0,60,2020,,2018-05-21,,,2025-11-19
한나태양광발전소,,경상북도 경산시 용성면 부제리 산 22번지 3호,35.7890196299462,128.886642818284,,정상가동,97.92,380.0,60,2019,,2018-05-21,,,2025-11-19
장군E태양광발전소,,경상북도 경산시 용성면 부제리 산 22번지 4호,35.7890196299462,128.886642818284,,정상가동,97.92,380.0,60,2020,,2018-05-21,,,2025-11-19
호영2호태양광발전소,,경상북도 경산시 용성면 부제리 산 22번지 4호,35.7890196299462,128.886642818284,,정상가동,97.92,380.0,60,2020,,2018-05-21,,,2025-11-19
예원태양광발전소,,경상북도 경산시 용성면 부제리 산 22번지 4호,35.7890196299462,128.886642818284,,정상가동,97.92,380.0,60,2019,,2018-05-21,,,2025-11-19
태광태양광발전소,,경상북도 경산시 용성면 부제리 산 22번지 4호,35.7890196299462,128.886642818284,,정상가동,294.84,380.0,60,2019,,2018-05-21,,,2025-11-19
선태양광발전소,,경상북도 경산시 용성면 내촌리 132번지 133번지,,,,정상가동,99.0,380.0,60,2019,,2018-05-16,,,2025-11-19
별빛태양광발전소,,경상북도 경산시 용성면 내촌리 122번지 1호,35.8262967983074,128.899723135483,,정상가동,99.0,380.0,60,2019,,2018-05-15,,,2025-11-19
천문태양광발전소,,경상북도 경산시 용성면 내촌리 122번지,35.8262967983074,128.899723135483,,정상가동,99.0,380.0,60,2019,,2018-05-15,,,2025-11-19
경일2태양광발전소,"경상북도 경산시 자인면 자인로7길 8-3, (지붕)",,35.8245744684,128.8232450863,,정상가동,35.04,380.0,60,2018,,2018-05-14,,,2025-11-19
경일1태양광발전소,"경상북도 경산시 자인면 읍천2길 10, (지붕)",,35.8217546504,128.835972237,,정상가동,207.9,380.0,60,2018,,2018-05-14,,,2025-11-19
평사태양광발전소,"경상북도 경산시 진량읍 평사1길 51, (지붕)",,35.8862368356,128.8631580561,,정상가동,48.96,380.0,60,2018,,2018-05-08,,,2025-11-19
수하태양광발전소,"경상북도 경산시 남산면 상대로116길 30-19, (토지 및 지붕)",,35.7801570861,128.7914044945,,정상가동,73.44,380.0,60,2019,,2018-05-04,,,2025-11-19
석천농원태양광발전소,"경상북도 경산시 하양읍 석천1길 77-9, (지붕)",,35.9140782968,128.8365575257,,정상가동,40.32,380.0,60,2018,,2018-05-03,,,2025-11-19
동방태양광발전소,"경상북도 경산시 압량읍 해오름길 140-11, (지붕)",,35.8273079725,128.7903901277,,정상가동,61.56,380.0,60,2018,,2018-05-01,,,2025-11-19
신일태양광발전소,"경상북도 경산시 진량읍 금박로 656-10, (지붕)",,35.8718379484,128.8572654699,,정상가동,61.56,380.0,60,2018,,2018-04-30,,,2025-11-19
다문새마을금고태양광발전소,"경상북도 경산시 진량읍 다문로 347, (토지 및 지붕)",,35.8769094435,128.8482949359,,정상가동,167.04,380.0,60,2018,,2018-04-24,,,2025-11-19
사림제1호태양광발전소,,경상북도 경산시 남산면 사림리 324번지,35.7543193309778,128.82255196955,,정상가동,99.36,380.0,60,2018,,2018-04-10,,,2025-11-19
단북발전소,,경상북도 경산시 자인면 단북리 283번지 5호,,,,정상가동,94.5,380.0,60,2019,,2018-04-09,,,2025-11-19
남도태양광제3발전소,,경상북도 경산시 용성면 외촌리 산 21번지,,,,정상가동,97.2,380.0,60,2019,,2018-04-09,,,2025-11-19
소봉태양광발전소,,경상북도 경산시 남산면 흥정리 561번지,35.7566598268028,128.828629820746,,정상가동,97.2,380.0,60,2019,,2018-04-09,,,2025-11-19
가척태양광발전소,,경상북도 경산시 용성면 가척리 195번지,35.7713891836968,128.909595279512,,정상가동,97.92,380.0,60,2019,,2018-04-06,,,2025-11-19
남신태양광발전소,,경상북도 경산시 자인면 남신리 301번지,35.8372243351746,128.797800680798,,정상가동,99.36,380.0,60,2018,,2018-03-26,,,2025-11-19
홍록태양광발전소1호,경상북도 경산시 와촌면 와천서길 331,,35.9511992629,128.8377266723,,정상가동,99.96,380.0,60,2019,,2018-03-23,,,2025-11-19
안심태양광발전소,,경상북도 경산시 남산면 안심리 402번지,35.7598490912781,128.831317497125,,정상가동,97.92,380.0,60,2019,,2018-03-23,,,2025-11-19
행복태양광발전소,,경상북도 경산시 와촌면 계당리 805번지,35.9210865305305,128.8505192586,,정상가동,97.92,380.0,60,2018,,2018-03-22,,,2025-11-19
경주최씨하양종중발전소,,경상북도 경산시 하양읍 양지리 산 39번지,,,,정상가동,99.2,380.0,60,2018,,2018-03-19,,,2025-11-19
백산태양광발전소3호,,경상북도 경산시 자인면 남신리 339번지 3호,35.8368405628764,128.797799766143,,정상가동,99.28,380.0,60,2018,,2018-03-12,,,2025-11-19
SD태양광발전소,"경상북도 경산시 와촌면 용천길5길 36, 지붕",,35.9186558484,128.8489795299,,정상가동,403.2,380.0,60,2019,,2018-03-08,,,2025-11-19
나전솔라태양광발전소,"경상북도 경산시 남천면 남천로 682-21, 지붕",,35.7834850343,128.7251528672,,정상가동,97.92,380.0,60,2018,,2018-02-21,,,2025-11-19
태양산업태양광발전소,"경상북도 경산시 진량읍 가야로67길 3-12, 토지 및 지붕",,35.8504955086,128.8009724199,,정상가동,81.0,380.0,60,2018,,2018-02-19,,,2025-11-19
남산태양광발전소,"경상북도 경산시 남산면 설총로 108-1, 지붕",,35.7551941041,128.8505926083,,정상가동,30.6,380.0,60,2018,,2018-02-08,,,2025-11-19
문천태양광발전소,,"경상북도 경산시 진량읍 문천리 149번지 15호 149-4,149-10,149-50",,,,정상가동,189.0,380.0,60,2018,,2018-02-07,,,2025-11-19
행복태양광발전소,,경상북도 경산시 용성면 내촌리 344번지 340번지,,,,정상가동,50.0,380.0,60,2018,,2018-01-30,,,2025-11-19
성명태양광발전소,"경상북도 경산시 하양읍 대학로296길 19-7, (지붕)",,35.9111123496,128.825449543,,정상가동,35.7,380.0,60,2018,,2018-01-23,,,2025-11-19
주식회사제이티엠태양광발전소,"경상북도 경산시 진량읍 다문로 188-24, (지붕)",,35.8755594666,128.8309326003,,정상가동,98.56,380.0,60,2018,,2018-01-18,,,2025-11-19
ACE태양광발전소,"경상북도 경산시 압량읍 연무길 23-9, (지붕)",,35.8493535037,128.7674356591,,정상가동,95.76,380.0,60,2018,,2018-01-12,,,2025-11-19
일광태양광발전소,,경상북도 경산시 남산면 경리 산 35번지,35.7855694123195,128.850214313872,,정상가동,99.16,380.0,60,2019,,2018-01-09,,,2025-11-19
예림태양광발전소,,경상북도 경산시 남산면 경리 산 35번지,35.7855694123195,128.850214313872,,정상가동,99.16,380.0,60,2019,,2018-01-09,,,2025-11-19
대구지사주차장태양광발전소,"경상북도 경산시 진량읍 낙산1길 11-6, 한국도로공사 경북지사",,35.8767272744,128.8158784749,,정상가동,73.5,380.0,60,2019,,2017-12-21,,,2025-11-19
거연태양광발전소,"경상북도 경산시 자인면 자인공단2로 37, (지붕)",,35.8265309404,128.8191805362,,정상가동,234.0,380.0,60,2018,,2017-12-19,,,2025-11-19
하양양지태양광발전소,,경상북도 경산시 하양읍 양지리 산 14번지,35.9245966612305,128.80471758821,,정상가동,489.6,380.0,60,2020,,2017-12-13,,,2025-11-19
다원태양광발전소,경상북도 경산시 자인면 공단로 144-18 (지붕),,35.8448258318,128.817542352,,정상가동,97.92,380.0,60,2018,,2017-11-24,,,2025-11-19
은호리태양광발전소,경상북도 경산시 하양읍 탑소길 25 ((지붕)),,35.898473009,128.7879956274,,정상가동,28.56,380.0,60,2018,,2017-11-02,,,2025-11-19
휴먼플러스태양광발전소,경상북도 경산시 진량읍 공단9로 6,,35.8577937752,128.8356719708,,정상가동,99.2,380.0,60,2017,,2017-09-20,,,2025-11-19
제이에이치산업태양광발전소,경상북도 경산시 용성면 원효로 1386-1 (지붕),,35.793984019,128.8721778055,,정상가동,99.36,380.0,60,2017,,2017-09-13,,,2025-11-19
부림태양광발전소,,경상북도 경산시 진량읍 양기리 220번지 1호,,,,정상가동,499.0,380.0,60,2018,,2017-09-11,,,2025-11-19
구륜태양광발전소,경상북도 경산시 자인면 공단로 110-18 (지붕),,35.8428939985,128.8165133879,,정상가동,40.0,380.0,60,2017,,2017-09-04,,,2025-11-19
가일태양광발전소,경상북도 경산시 압량읍 가일길 72-14 (지붕),,35.8380228866,128.7792796474,,정상가동,99.0,380.0,60,2018,,2017-08-21,,,2025-11-19
예일태양광발전소,,경상북도 경산시 갑제동 647번지 1호,35.8185969139315,128.770221802392,,정상가동,61.74,380.0,60,2017,,2017-08-16,,,2025-11-19
대한냉동태양광발전소,경상북도 경산시 진량읍 대구대로 529 (지붕),,35.8803406763,128.8524462212,,정상가동,99.75,380.0,60,2017,,2017-08-04,,,2025-11-19
천문태양광발전소,경상북도 경산시 압량읍 청운2로 82 (지붕),,35.8432729428,128.7565099729,,정상가동,19.76,380.0,60,2017,,2017-07-27,,,2025-11-19
써니플레이스,,"경상북도 경산시 남산면 갈지리 361번지 14호 361-15, 우검리115-1",35.7749899061264,128.842506442613,,정상가동,298.08,380.0,60,2018,,2017-07-19,,,2025-11-19
혜원태양광발전소,,경상북도 경산시 용성면 외촌리 산 42번지 1호,,,,정상가동,99.0,380.0,60,2019,,2017-07-06,,,2025-11-19
콩코드태양광발전소,"경상북도 경산시 대학로67길 24-2 (조영동, 지붕)",,35.8411557968,128.7556809458,,정상가동,19.8,380.0,60,2017,,2017-06-14,,,2025-11-19
대림태양광발전소,경상북도 경산시 자인면 공단로 110-36 (지붕),,35.843291915,128.818247748,,정상가동,150.75,380.0,60,2017,,2017-06-30,,,2025-11-19
아남에너지,,경상북도 경산시 용성면 외촌리 1번지 10호 1-11번지,35.8360562285117,128.901827579665,,정상가동,99.0,380.0,60,2018,,2017-06-09,,,2025-11-19
케이앤씨태양광발전소,경상북도 경산시 진량읍 공단7로 22 (지붕),,35.8600755539,128.8291636303,,정상가동,400.99,380.0,60,2017,,2017-01-09,,,2025-11-19
남도태양광 제2발전소주식회사,,경상북도 경산시 용성면 외촌리 산 21번지,,,,정상가동,498.44,380.0,60,2019,,2017-05-16,,,2025-11-19
진산에너지,,경상북도 경산시 용성면 용산리 401번지 409-2,,,,정상가동,99.0,380.0,60,2018,,2017-05-02,,,2025-11-19
영동에너지,,경상북도 경산시 용성면 용산리 402번지 409-2,,,,정상가동,99.0,380.0,60,2018,,2017-05-02,,,2025-11-19
매봉에너지 1호,,경상북도 경산시 용성면 용산리 408번지 409-2,,,,정상가동,99.0,380.0,60,2018,,2017-05-02,,,2025-11-19
세명솔라,경상북도 경산시 남산면 송내공단길 71-7 (지붕),,35.7898578451,128.8280796821,,정상가동,99.2,380.0,60,2017,,2017-04-14,,,2025-11-19
세연에너지2호 태양광발전소,경상북도 경산시 용성면 벚꽃길 81,,35.8344735151,128.8983932192,,정상가동,99.0,380.0,60,2018,,2017-03-27,,,2025-11-19
쏠라테크용산,,경상북도 경산시 용성면 용산리 371번지 외 8필지,,,,정상가동,998.2,22900.0,380,2018,,2017-03-16,,,2025-11-19
클린태양광발전소,,경상북도 경산시 용성면 외촌리 1번지 10호 1-11번지,35.8360562285117,128.901827579665,,정상가동,99.23,380.0,60,2017,,2016-07-12,,,2025-11-19
수리야에너지,,경상북도 경산시 용성면 외촌리 1번지 10호 1-11번지,35.8360562285117,128.901827579665,,정상가동,99.23,380.0,60,2017,,2016-07-12,,,2025-11-19
호루스에너지,,경상북도 경산시 용성면 외촌리 1번지 10호 1-11번지,35.8360562285117,128.901827579665,,정상가동,99.23,380.0,60,2017,,2016-07-12,,,2025-11-19
미트라에너지,,경상북도 경산시 용성면 외촌리 1번지 10호 1-11번지,35.8360562285117,128.901827579665,,정상가동,99.23,380.0,60,2017,,2016-07-12,,,2025-11-19
여명에너지,,경상북도 경산시 용성면 외촌리 1번지 10호 1-11번지,35.8360562285117,128.901827579665,,정상가동,99.23,380.0,60,2017,,2016-07-12,,,2025-11-19
동신발전소,,경상북도 경산시 용성면 외촌리 1번지 10호 1-11번지,35.8360562285117,128.901827579665,,정상가동,99.23,380.0,60,2017,,2016-07-12,,,2025-11-19
해모수에너지,,경상북도 경산시 용성면 외촌리 1번지 10호 1-11번지,35.8360562285117,128.901827579665,,정상가동,99.23,380.0,60,2018,,2016-07-12,,,2025-11-19
제일공업 태양광발전소,경상북도 경산시 진량읍 가야로67길 26 (외1(지붕)),,35.8502470746,128.8030145492,,정상가동,137.7,380.0,60,2017,,2017-02-24,,,2025-11-19
아이제이에스 태양광발전소,경상북도 경산시 진량읍 공단4로 14 (지붕),,35.8632257281,128.8201726294,,정상가동,482.4,380.0,60,2017,,2017-02-17,,,2025-11-19
일지테크 태양광발전소,경상북도 경산시 진량읍 공단4로 50,,35.8620872653,128.8245436757,,정상가동,289.44,380.0,60,2017,,2017-02-17,,,2025-11-19
녹원2호태양광발전소,경상북도 경산시 남산면 반지길17길 24 (지붕),,35.7864645788,128.8116699562,,정상가동,13.5,380.0,60,2017,,2015-03-06,,,2025-11-19
녹원1호태양광발전소,,경상북도 경산시 남산면 전지리 1085번지,35.7863962956945,128.81209297742,,정상가동,67.5,380.0,60,2017,,2015-03-06,,,2025-11-19
신일태양광발전소,경상북도 경산시 자인면 원효로 988-18 (지붕),,35.8045805559,128.8369877431,,정상가동,99.11,380.0,60,2017,,2015-01-26,,,2025-11-19
백자산태양광발전소,경상북도 경산시 샘골길 83-10 (백천동),,,,,정상가동,48.24,380.0,60,2017,,2017-01-25,,,2025-11-19
태영솔라,경상북도 경산시 압량읍 가일길23길 5-1 (지붕),,35.8412044881,128.7824031356,,정상가동,72.36,380.0,60,2017,,2017-01-17,,,2025-11-19
용성태양광발전소,,경상북도 경산시 용성면 외촌리 산 39번지 4호,,,,정상가동,97.2,380.0,60,2019,,2016-12-27,,,2025-11-19
라온 아이엔지발전소,,경상북도 경산시 진량읍 평사(平)리 220번지 지붕,35.886551266487,128.863051147953,,정상가동,99.2,380.0,60,2016,,2016-11-16,,,2025-11-19
동아3태양광발전소,,경상북도 경산시 진량읍 평사(坪)리 111번지 115-1번지,,,,정상가동,99.2,380.0,60,2019,,2016-11-07,,,2025-11-19
동아2태양광발전소,,경상북도 경산시 진량읍 평사(坪)리 111번지 4호 115-1번지,35.8833491240501,128.866004314418,,정상가동,194.4,380.0,60,2019,,2016-11-07,,,2025-11-19
동아1태양광발전소,,경상북도 경산시 진량읍 평사(坪)리 109번지 115-1번지,,,,정상가동,97.2,380.0,60,2019,,2016-11-07,,,2025-11-19
용성솔라1,,경상북도 경산시 용성면 용산리 산 7번지,,,,정상가동,99.2,380.0,60,2018,,2016-10-13,,,2025-11-19
용성솔라2,,경상북도 경산시 용성면 용산리 산 7번지,,,,정상가동,99.2,380.0,60,2018,,2016-10-13,,,2025-11-19
남산태양광발전소,,"경상북도 경산시 남산면 우검리 산 46번지 산46-1, 183번지",,,,정상가동,151.2,380.0,60,2017,,2016-10-04,,,2025-11-19
남도태양광제1발전소주식회사,,경상북도 경산시 용성면 외촌리 산 21번지,,,,정상가동,996.96,22900.0,60,2019,,2016-09-22,,,2025-11-19
백두2호태양광발전소,,경상북도 경산시 용성면 대종리 산 66번지,,,,정상가동,99.2,380.0,60,2018,,2016-08-17,,,2025-11-19
현경태양광발전소,,경상북도 경산시 용성면 대종리 산 66번지,,,,정상가동,99.2,380.0,60,2018,,2016-08-17,,,2025-11-19
금강태양광발전소,,경상북도 경산시 용성면 대종리 산 66번지,,,,정상가동,99.2,380.0,60,2018,,2016-08-17,,,2025-11-19
육동태양광발전소,,경상북도 경산시 용성면 대종리 산 66번지,,,,정상가동,99.2,380.0,60,2018,,2016-08-17,,,2025-11-19
한이태양광발전소,,경상북도 경산시 용성면 대종리 산 66번지,,,,정상가동,99.2,380.0,60,2018,,2016-08-17,,,2025-11-19
수태양광발전소,,경상북도 경산시 용성면 대종리 산 66번지,,,,정상가동,99.2,380.0,60,2018,,2016-08-17,,,2025-11-19
청아태양광발전소,,경상북도 경산시 용성면 대종리 산 66번지,,,,정상가동,99.2,380.0,60,2018,,2016-08-17,,,2025-11-19
오케이태양광발전소,경상북도 경산시 와촌면 상암길37길 93,,35.94947761,128.8527395671,,정상가동,148.8,380.0,60,2016,,2016-08-02,,,2025-11-19
누리파워,,경상북도 경산시 용성면 외촌리 1번지 10호,35.8360562285117,128.901827579665,,정상가동,496.13,380.0,60,2018,,2016-07-12,,,2025-11-19
영창솔라,,경상북도 경산시 용성면 외촌리 1번지 10호,35.8360562285117,128.901827579665,,정상가동,99.23,380.0,60,2018,,2016-07-12,,,2025-11-19
동학발전소,,경상북도 경산시 용성면 외촌리 1번지 10호,35.8360562285117,128.901827579665,,정상가동,99.23,380.0,60,2018,,2016-07-12,,,2025-11-19
동신태양광발전소,경상북도 경산시 와촌면 금송로 421,,35.9480433834,128.8350576318,,정상가동,999.51,22900.0,60,2017,,2016-07-05,,,2025-11-19
스마일발전소,경상북도 경산시 진량읍 대추마을길9길 22-1 (토지 및 지붕),,35.9021670147,128.8229520722,,정상가동,90.0,380.0,60,2017,,2016-04-06,,,2025-11-19
백산태양광발전소 2호,,경상북도 경산시 자인면 남신리 339번지 313-2번지,,,,정상가동,99.2,380.0,60,2017,,2015-05-04,,,2025-11-19
당리영농조합법인,,경상북도 경산시 압량면 당리리 산 471번지 2호 470-1,,,,정상가동,300.0,22900.0,60,2016,,2015-02-27,,,2025-11-19
솔라팜태양광발전소,경상북도 경산시 자인면 남신1길 0,,,,,정상가동,98.82,380.0,60,2015,,2015-04-15,,,2025-11-19
백산태양광발전소,경상북도 경산시 자인면 남신1길 0,,,,,정상가동,98.82,380.0,60,2015,,2015-01-26,,,2025-11-19
내고향솔라에너지,경상북도 경산시 압량읍 가일길8길 15,,35.8367571861,128.7770503638,,정상가동,37.44,380.0,60,2016,,2015-11-18,,,2025-11-19
스위트태양광발전소,경상북도 경산시 둥지로20길 9 (임당동),,35.8441934817,128.7473866947,,정상가동,48.8,380.0,60,2016,,2015-10-13,,,2025-11-19
반야월태양광발전소,경상북도 경산시 진량읍 대부길 187 (지붕),,35.8970709087,128.8118737828,,정상가동,99.4,380.0,60,2015,,2015-07-14,,,2025-11-19
와촌휴게소발전소,경상북도 경산시 와촌면 강학길 103,,35.9517191761,128.7763221635,,정상가동,97.24,380.0,60,2015,,2015-06-25,,,2025-11-19
양지태양광발전소,경상북도 경산시 하양읍 하양양지길 127-3,,35.9246062657,128.7980016882,,정상가동,49.14,380.0,60,2016,,2015-06-18,,,2025-11-19
(주)디씨엠,경상북도 경산시 진량읍 공단9로 88 (지붕),,35.8652233685,128.8354154749,,정상가동,99.0,380.0,60,2015,,2015-04-15,,,2025-11-19
경산대종태양광발전소,,"경상북도 경산시 용성면 대종리 198번지 199,201번지",,,,정상가동,99.0,380.0,60,2015,,2015-03-13,,,2025-11-19
(주)익성솔라,,경상북도 경산시 용성면 외촌리 1번지 21호 산46번지,35.8360562285117,128.901827579665,,정상가동,499.0,380.0,60,2016,,2015-01-26,,,2025-11-19
우리솔라파크(주),,경상북도 경산시 용성면 외촌리 1번지 22호,35.8360562285117,128.901827579665,,정상가동,499.0,380.0,60,2016,,2015-01-26,,,2025-11-19
(주)용성2호발전소,,경상북도 경산시 용성면 외촌리 1번지 1호,35.8360562285117,128.901827579665,,정상가동,499.5,380.0,60,2016,,2015-01-26,,,2025-11-19
개동태양광발전소,경상북도 경산시 진량읍 일연로 472-8,,35.8508051416,128.8058395534,,정상가동,99.9,380.0,60,2015,,2015-01-08,,,2025-11-19
대동태양광발전소,경상북도 경산시 와촌면 시천1길 57-42,,35.9349337668,128.8424557921,,정상가동,99.0,380.0,60,2014,,2014-08-18,,,2025-11-19
류영태양광발전소,경상북도 경산시 압량읍 진등길 148,,35.8231201445,128.7945556822,,정상가동,99.0,380.0,60,2014,,2014-06-23,,,2025-11-19
삼일방직태양광발전소,"경상북도 경산시 진량읍 일연로 539, 삼일방직(주)",,35.8570957463,128.8058683507,,정상가동,1459.62,380.0,60,2014,,2014-06-23,,,2025-11-19
경산하얀집 태양광발전소,경상북도 경산시 용성면 덕천3길 11-52,,35.8013456423,128.8861080449,,정상가동,52.08,380.0,60,2025,,2014-06-07,,,2025-11-19
계남리태양광발전소,경상북도 경산시 자인면 원효로156길 200-31,,35.8250433784,128.8316781987,,정상가동,97.2,380.0,60,1900,,2014-06-01,,,2025-11-19
경국 태양광발전소,경상북도 경산시 진량읍 금박로 264,,35.8409173151,128.8443748648,,정상가동,60.0,380.0,60,2014,,2014-04-19,,,2025-11-19
소월 태양광발전소,경상북도 경산시 와촌면 박사강변로 224-19,,35.9603138103,128.8185097329,,정상가동,30.0,380.0,60,2014,,2014-04-19,,,2025-11-19
(주)텍스가이드태양광발전소,경상북도 경산시 남산면 송내공단길 130,,35.785031539,128.8244198979,,정상가동,99.0,380.0,60,2014,,2014-04-19,,,2025-11-19
일신태양광발전소,경상북도 경산시 남산면 우검길 12,,35.7744342614,128.8344046815,,정상가동,99.0,380.0,60,2014,,2014-04-05,,,2025-11-19
세정태양광발전소,경상북도 경산시 남천면 대명길3길 94-17,,35.7697339507,128.718703378,,정상가동,21.0,380.0,60,2014,,2014-03-28,,,2025-11-19
아이에스태양광발전소,경상북도 경산시 진량읍 문천길 139-9,,35.89078006,128.8344032538,,정상가동,99.0,380.0,60,2014,,2014-03-14,,,2025-11-19
명형태양광발전소,경상북도 경산시 진량읍 속초길9길 43-2,,35.8511609928,128.8318343671,,정상가동,19.76,380.0,60,2014,,2014-07-14,,,2025-11-19
YES동원경산태양광발전소,"경상북도 경산시 진량읍 공단8로 238, 로엑스 지붕층",,35.8771574367,128.8344492024,,정상가동,658.8,22900.0,60,2014,,2014-04-17,,,2025-11-19
건원태양광발전소,경상북도 경산시 압량읍 진등길 159-1,,35.8243276677,128.7946265776,,정상가동,98.67,380.0,60,2018,,2014-03-14,,,2025-11-19
썬위즈 송암 태양광발전소,"경상북도 경산시 진량읍 공단7로 113, (주)송암이엔지",,35.8655671855,128.8337844348,,정상가동,453.15,380.0,60,2014,,2013-12-31,,,2025-11-19
갑제태양광발전소,,경상북도 경산시 갑제동 625,35.821848488,128.770483878,,정상가동,98.6,380.0,60,2014,,2013-09-16,,,2025-11-19
이거닭,"경상북도 경산시 진량읍 대구대로58길 17-1, 장미원룸",,35.8940899843,128.8503411939,,정상가동,20.0,380.0,60,2014,,2013-08-12,,,2025-11-19
대한에너지태양광발전소,경상북도 경산시 자인면 계남길 9,,35.815048766,128.8100540561,,정상가동,291.0,380.0,60,2014,,2013-07-29,,,2025-11-19
천마태양광발전소,경상북도 경산시 와촌면 대동공단길 32-30,,35.9706153394,128.8053667696,,정상가동,49.4,380.0,60,2013,,2013-06-03,,,2025-11-19
남영태양광발전소,"경상북도 경산시 압량읍 주들길 153-18, 명푸른도시",,35.8479419847,128.7721578366,,정상가동,30.0,380.0,60,2014,,2013-05-20,,,2025-11-19
(주)일신산업 태양광발전소,경상북도 경산시 남산면 하남로 54,,35.797042618,128.808878904,,정상가동,300.0,380.0,60,2014,,2013-05-20,,,2025-11-19
시지실내테니스장,경상북도 경산시 삼성현로 72-11(옥산동),,35.8234986077,128.7150420969,,정상가동,99.0,380.0,60,2013,,2013-04-09,,,2025-11-19
경산 상대 태양광발전소,"경상북도 경산시 남산면 상대로 636, 세한에너지(주)",,35.785899707,128.7980789932,,정상가동,30.0,380.0,60,2013,,2012-10-11,,,2025-11-19
홍림태양광발전소,경상북도 경산시 와촌면 하양로 504,,35.9273225986,128.8584778132,,정상가동,72.0,380.0,60,2012,,2012-08-27,,,2025-11-19
서광태양광발전소,"경상북도 경산시 와촌면 대동공단길 26-1, SK서광산업",,35.9720590683,128.805553073,,정상가동,99.0,380.0,60,2013,,2012-08-22,,,2025-11-19
(주)거평그린2호태양광발전소,경상북도 경산시 진량읍 다문로 188-14,,35.8764736564,128.8310083383,,정상가동,99.75,380.0,60,2012,,2012-03-20,,,2025-11-19
(주)거평그린1호태양광발전소,"경상북도 경산시 진량읍 다문로 188-9, 거평그린",,35.8766361497,128.8320997854,,정상가동,99.75,380.0,60,2012,,2012-03-20,,,2025-11-19
자비정태양광발전소,"경상북도 경산시 백천길 5-5, 대한불교조계종자비정사 (백천동)",,35.8069951028,128.7429087281,,정상가동,9.89,380.0,60,2012,,2012-01-03,,,2025-11-19
자인(정)소수력발전소,경상북도 경산시 자인면 원효로 953-12,,35.809149654,128.8356495568,,정상가동,65.0,380.0,60,2013,,2011-08-11,,,2025-11-19
자인(정)태양광발전소,경상북도 경산시 자인면 원효로 953-12,,35.809149654,128.8356495568,,정상가동,68.4,380.0,60,2012,,2011-08-11,,,2025-11-19
대구태양광발전소,경상북도 경산시 성암로1길 22-7(옥산동),,35.8236330454,128.717509779,,정상가동,9.0,380.0,60,2009,,2009-06-24,,,2025-11-19
(주)창우실업태양광발전소,,경상북도 경산시 용성면 외촌리 산 39번지 5호,,,,정상가동,199.8,380.0,60,2009,,2008-07-03,,,2025-11-19
세연에너지(주)태양광발전소,,경상북도 경산시 용성면 외촌리 산 42번지 1호,,,,정상가동,199.0,380.0,60,2009,,2008-03-28,,,2025-11-19
