태양광발전시설명,소재지도로명주소,소재지지번주소,위도,경도,설치상세위치구분명,가동상태구분명,설비용량,공급전압,주파수,설치연도,세부용도,허가일자,허가기관,설치면적,데이터기준일자
태주 발전소,경상북도 예천군 풍양면 상풍로 1235,,36.5031917832,128.279314284,,정상가동,17.5,380,60,2025,발전사업용,2025-02-19,경상북도 예천군,,2025-12-09
주식회사 풍양면햇빛발전소,"경상북도 예천군 풍양면 영풍로 190-21, 와룡1리 노인회관",,36.5188984104,128.2853826577,,정상가동,9,220,60,2025,발전사업용,2024-12-31,경상북도 예천군,,2025-12-09
이홍식태양광발전소,경상북도 예천군 예천읍 용정길 72-15,,36.6334406749,128.4705783147,,정상가동,20,380,60,2025,발전사업용,2024-12-18,경상북도 예천군,,2025-12-09
혁신2호 태양광발전소,,경상북도 예천군 유천면 광전리 363-57 (건물 위),36.6489820067,128.3798922076,,정상가동,44.73,380,60,2025,발전사업용,2024-09-30,경상북도 예천군,,2025-12-09
낙상3리회태양광발전소,,경상북도 예천군 풍양면 낙상리 659-6 (토지 위),36.5050449512,128.291824051,,정상가동,18,380,60,2025,발전사업용,2024-09-30,경상북도 예천군,,2025-12-09
기용1호태양광발전소,,경상북도 예천군 예천읍 통명리 223-1 (건물 위),36.6523463263,128.4803379824,,정상가동,29.61,380,60,2025,발전사업용,2024-06-21,경상북도 예천군,,2025-12-09
만화2리 햇빛발전소,"경상북도 예천군 지보면 만화2길 8, 만화2리경로당(토지 위)",,36.5615237869,128.3760429354,,정상가동,9,220,60,2025,발전사업용,2024-06-07,경상북도 예천군,,2025-12-09
천용3호 태양광발전소,,경상북도 예천군 지보면 도화리 1482-2 (토지 위),36.5194021782,128.3927962202,,정상가동,60.69,380,60,2025,발전사업용,2023-12-28,경상북도 예천군,,2025-12-09
장환5태양광발전소,경상북도 예천군 지보면 어신2길 322-68,,36.5676613552,128.4364570168,,정상가동,29.75,380,60,2024,발전사업용,2023-12-15,경상북도 예천군,,2025-12-09
지보리 제2발전소,,경상북도 예천군 지보면 지보리 864-14 (건물 위),36.5114734733,128.3753201111,,정상가동,99.63,380,60,2024,발전사업용,2023-10-30,경상북도 예천군,,2025-12-09
지보리 제1발전소,,경상북도 예천군 지보면 지보리 864-14 (건물 위),36.5114734733,128.3753201111,,정상가동,99.63,380,60,2024,발전사업용,2023-10-30,경상북도 예천군,,2025-12-09
쏠라캡4호 태양광발전소,,경상북도 예천군 지보면 도화리 491,36.5437465494,128.4126505078,,정상가동,151.04,380,60,2025,발전사업용,2023-10-20,경상북도 예천군,,2025-12-09
병천태양광발전소,,경상북도 예천군 호명면 황지리 128 (건물 위),,,,정상가동,199.92,380,60,2025,발전사업용,2023-09-20,경상북도 예천군,,2025-12-09
천우2호태양광발전소,,경상북도 예천군 풍양면 흥천리 489,36.5133226797,128.3200358187,,정상가동,88.5,380,60,2024,발전사업용,2023-08-09,경상북도 예천군,,2025-12-09
천우1호태양광발전소,,경상북도 예천군 풍양면 흥천리 489,36.5133226797,128.3200358187,,정상가동,88.5,380,60,2024,발전사업용,2023-08-09,경상북도 예천군,,2025-12-09
청복리1호태양광발전소,,"경상북도 예천군 예천읍 청복리 51-2 50, 52(나동)",,,,정상가동,96.39,380,60,2024,발전사업용,2023-08-10,경상북도 예천군,,2025-12-09
청복리2호태양광발전소,,"경상북도 예천군 예천읍 청복리 51-2 50-1, 52",,,,정상가동,49.98,380,60,2024,발전사업용,2023-08-10,경상북도 예천군,,2025-12-09
규민 태양광발전소,,경상북도 예천군 지보면 소화리 1442,36.5494082433,128.3691257798,,정상가동,66.12,380,60,2025,발전사업용,2023-07-27,경상북도 예천군,,2025-12-09
서니솔라 태양광발전소,,"경상북도 예천군 지보면 상월리 41 , 42, 43",36.5746386665,128.3846452238,,정상가동,299.88,380,60,2025,발전사업용,2023-06-28,경상북도 예천군,,2025-12-09
행자1호태양광발전소,,경상북도 예천군 용궁면 대은리 185 (나동),36.5940823261,128.3285368094,,정상가동,29.89,380,60,2024,발전사업용,2023-06-22,경상북도 예천군,,2025-12-09
덕희1호태양광발전소,,경상북도 예천군 용궁면 대은리 131 (가동),36.5953561448,128.3292076111,,정상가동,74.97,380,60,2024,발전사업용,2023-06-22,경상북도 예천군,,2025-12-09
금영 태양광발전소,,경상북도 예천군 호명면 직산리 1031,,,,정상가동,99.96,380,60,2024,발전사업용,2023-06-01,경상북도 예천군,,2025-12-09
화남3태양광발전소,,경상북도 예천군 유천면 화지리 262,36.6375292776,128.3994205878,,정상가동,66.05,380,60,2025,발전사업용,2023-05-23,경상북도 예천군,,2025-12-09
밤빛1호태양광발전소,,"경상북도 예천군 효자면 백석리 369 , 다동",36.8003424359,128.4502006645,,정상가동,19.68,220,60,2023,발전사업용,2023-05-19,경상북도 예천군,,2025-12-09
애경2호 태양광발전소,,경상북도 예천군 감천면 마촌리 342,36.6962917827,128.5254121111,,정상가동,140.61,380,60,2025,발전사업용,2023-05-16,경상북도 예천군,,2025-12-09
세련태양광발전소,,경상북도 예천군 유천면 율현리 255-2,36.6477311984,128.3622537136,,정상가동,99.96,380,60,2025,발전사업용,2023-04-27,경상북도 예천군,,2025-12-09
기웅4호태양광발전소,,경상북도 예천군 개포면 금리 144-1,36.6224029508,128.4140847104,,정상가동,27.97,380,60,2023,발전사업용,2023-04-27,경상북도 예천군,,2025-12-09
이경호 태양광발전소,,경상북도 예천군 지보면 소화리 1306,36.5391007317,128.3717527294,,정상가동,19.64,380,60,2023,발전사업용,2023-04-27,경상북도 예천군,,2025-12-09
경섭2호태양광발전소,,"경상북도 예천군 유천면 매산리 164 , 166, 436-13",36.6342818201,128.3763336143,,정상가동,49.98,380,60,2025,발전사업용,2023-04-27,경상북도 예천군,,2025-12-09
예천큰빛3호 태양광발전소,,"경상북도 예천군 지보면 도화리 484 , 485, 486",36.5418586516,128.4142426083,,정상가동,99.96,380,60,2024,발전사업용,2023-04-27,경상북도 예천군,,2025-12-09
행복4호 태양광발전소,,"경상북도 예천군 지보면 도화리 484 , 485, 486",36.5418586516,128.4142426083,,정상가동,99.96,380,60,2024,발전사업용,2023-04-27,경상북도 예천군,,2025-12-09
은진2호 태양광발전소,,"경상북도 예천군 지보면 도화리 484 , 487",36.5418586516,128.4142426083,,정상가동,99.96,380,60,2024,발전사업용,2023-04-27,경상북도 예천군,,2025-12-09
정직1호 태양광발전소,,경상북도 예천군 지보면 도화리 487,36.5421257517,128.4134696221,,정상가동,99.96,380,60,2024,발전사업용,2023-04-27,경상북도 예천군,,2025-12-09
한빛태양광발전소,,경상북도 예천군 용궁면 무지리 222-4,36.6059839063,128.3104170721,,정상가동,99.76,380,60,2025,발전사업용,2023-04-20,경상북도 예천군,,2025-12-09
다올태양광발전소,,경상북도 예천군 용궁면 무지리 222-7,36.6056440204,128.3109519942,,정상가동,99.76,380,60,2025,발전사업용,2023-04-20,경상북도 예천군,,2025-12-09
다온태양광발전소,,경상북도 예천군 용궁면 무지리 222-6,36.6057719059,128.3108447716,,정상가동,99.76,380,60,2025,발전사업용,2023-04-20,경상북도 예천군,,2025-12-09
위즈4 태양광발전소,,경상북도 예천군 용궁면 무지리 222-2,36.6062007562,128.3102430155,,정상가동,99.76,380,60,2025,발전사업용,2023-04-20,경상북도 예천군,,2025-12-09
위즈5 태양광발전소,,경상북도 예천군 용궁면 무지리 222-8,36.605397531,128.3108656827,,정상가동,99.76,380,60,2025,발전사업용,2023-04-20,경상북도 예천군,,2025-12-09
위즈3 태양광발전소,,경상북도 예천군 용궁면 무지리 222-3,36.6061032913,128.3102529845,,정상가동,99.76,380,60,2025,발전사업용,2023-04-20,경상북도 예천군,,2025-12-09
위즈2 태양광발전소,,경상북도 예천군 용궁면 무지리 222-1,36.6063546856,128.3102167534,,정상가동,99.76,380,60,2025,발전사업용,2023-04-20,경상북도 예천군,,2025-12-09
이정솔라,,경상북도 예천군 용궁면 무지리 222-5,36.6058454239,128.31058063,,정상가동,99.76,380,60,2025,발전사업용,2023-04-20,경상북도 예천군,,2025-12-09
장미3호태양광발전소,,"경상북도 예천군 예천읍 서본리 201-5 , 201-9, 대심리 81-8",36.645567355,128.4438841201,,정상가동,99.96,380,60,2024,발전사업용,2023-04-20,경상북도 예천군,,2025-12-09
장미2호태양광발전소,,"경상북도 예천군 예천읍 서본리 201-5 , 201-9, 대심리 81-8",36.645567355,128.4438841201,,정상가동,99.96,380,60,2024,발전사업용,2023-04-20,경상북도 예천군,,2025-12-09
장미1호태양광발전소,,"경상북도 예천군 예천읍 서본리 201-5 , 201-9, 대심리 81-8",36.645567355,128.4438841201,,정상가동,99.96,380,60,2024,발전사업용,2023-04-20,경상북도 예천군,,2025-12-09
현진태양광발전소,,경상북도 예천군 예천읍 통명리 483,36.66864263,128.4837473084,,정상가동,99.96,380,60,2025,발전사업용,2023-04-06,경상북도 예천군,,2025-12-09
성일태양광발전소,,경상북도 예천군 예천읍 통명리 483,36.66864263,128.4837473084,,정상가동,99.96,380,60,2025,발전사업용,2023-04-06,경상북도 예천군,,2025-12-09
SI태양광발전소,,경상북도 예천군 호명면 담암리 95,,,,정상가동,99.96,380,60,2024,발전사업용,2023-04-06,경상북도 예천군,,2025-12-09
동일2호태양광발전소,,경상북도 예천군 효자면 용두리 263,36.7944002788,128.3928536029,,정상가동,54.39,380,60,2023,발전사업용,2023-03-24,경상북도 예천군,,2025-12-09
동일1호태양광발전소,,경상북도 예천군 효자면 용두리 554,36.7936265324,128.3926282703,,정상가동,19.95,380,60,2023,발전사업용,2023-03-24,경상북도 예천군,,2025-12-09
재희4호 태양광발전소,,경상북도 예천군 풍양면 낙상리 547 (라동),36.4995143168,128.2907887815,,정상가동,73.7,380,60,2025,발전사업용,2023-03-24,경상북도 예천군,,2025-12-09
재희3호 태양광발전소,,경상북도 예천군 풍양면 낙상리 547 (다동),36.4995143168,128.2907887815,,정상가동,75.35,380,60,2025,발전사업용,2023-03-24,경상북도 예천군,,2025-12-09
재희2호 태양광발전소,,경상북도 예천군 풍양면 낙상리 547 (나동),36.4995143168,128.2907887815,,정상가동,75.35,380,60,2025,발전사업용,2023-03-24,경상북도 예천군,,2025-12-09
재희1호 태양광발전소,,경상북도 예천군 풍양면 낙상리 547 (가동),36.4995143168,128.2907887815,,정상가동,63.25,380,60,2025,발전사업용,2023-03-24,경상북도 예천군,,2025-12-09
지영 태양광 발전소,,경상북도 예천군 지보면 신풍리 786-1,36.5371250764,128.4262457984,,정상가동,50.16,380,60,2024,발전사업용,2023-03-24,경상북도 예천군,,2025-12-09
예천발전소2호 태양광발전소,,"경상북도 예천군 풍양면 우망리 39 , 40, 289-1",36.5397538292,128.3253050906,,정상가동,71.4,380,60,2024,발전사업용,2023-03-24,경상북도 예천군,,2025-12-09
재훈2호태양광발전소,,경상북도 예천군 보문면 간방리 423,36.6882779476,128.5135897898,,정상가동,99.96,380,60,2025,발전사업용,2023-03-24,경상북도 예천군,,2025-12-09
재훈1호태양광발전소,,경상북도 예천군 보문면 간방리 423,36.6882779476,128.5135897898,,정상가동,99.96,380,60,2025,발전사업용,2023-03-24,경상북도 예천군,,2025-12-09
TH Green Power,,"경상북도 예천군 풍양면 흥천리 474-2 , 473",36.5107429368,128.3235994823,,정상가동,99.12,380,60,2025,발전사업용,2023-03-24,경상북도 예천군,,2025-12-09
두양8호태양광발전소,,"경상북도 예천군 풍양면 흥천리 474-2 , 473",36.5107429368,128.3235994823,,정상가동,99.12,380,60,2025,발전사업용,2023-03-24,경상북도 예천군,,2025-12-09
하송율3호 태양광발전소,,"경상북도 예천군 풍양면 흥천리 474-1 , 474-2",36.5112030985,128.323210607,,정상가동,99.12,380,60,2025,발전사업용,2023-03-24,경상북도 예천군,,2025-12-09
갤럭시3호 태양광발전소,,"경상북도 예천군 지보면 소화리 321-4 , 321-5",36.5570368041,128.3970213025,,정상가동,97.9,380,60,2025,발전사업용,2023-03-24,경상북도 예천군,,2025-12-09
갤럭시2호 태양광발전소,,"경상북도 예천군 지보면 소화리 321-4 , 321-5",36.5570368041,128.3970213025,,정상가동,99.55,380,60,2025,발전사업용,2023-03-24,경상북도 예천군,,2025-12-09
해오름2호 태양광발전소,,"경상북도 예천군 지보면 소화리 321-4 , 321-5",36.5570368041,128.3970213025,,정상가동,65.45,380,60,2025,발전사업용,2023-03-24,경상북도 예천군,,2025-12-09
해오름1호 태양광발전소,,"경상북도 예천군 지보면 소화리 321-4 , 321-5",36.5570368041,128.3970213025,,정상가동,99.55,380,60,2025,발전사업용,2023-03-24,경상북도 예천군,,2025-12-09
예천광명1호 태양광발전소,,"경상북도 예천군 지보면 도화리 465-2 , 466, 466-1, 468",36.5407015351,128.4147777024,,정상가동,600.05,22900,60,2024,발전사업용,2023-03-10,경상북도 예천군,,2025-12-09
미소태양광발전소,,경상북도 예천군 감천면 포리 540,36.7069594278,128.5258947217,,정상가동,49.05,380,60,2025,발전사업용,2023-03-09,경상북도 예천군,,2025-12-09
세준예천 태양광발전소,,경상북도 예천군 감천면 포리 540,36.7069594278,128.5258947217,,정상가동,99.19,380,60,2025,발전사업용,2023-03-09,경상북도 예천군,,2025-12-09
써니 태양광발전소,,"경상북도 예천군 감천면 포리 540 , 541",36.7069594278,128.5258947217,,정상가동,99.19,380,60,2025,발전사업용,2023-03-09,경상북도 예천군,,2025-12-09
포리KS 태양광발전소,,"경상북도 예천군 감천면 포리 540 , 541",36.7069594278,128.5258947217,,정상가동,99.19,380,60,2025,발전사업용,2023-03-09,경상북도 예천군,,2025-12-09
탁이태양광발전소,,경상북도 예천군 유천면 율현리 29,36.645224139,128.3606532861,,정상가동,99.96,380,60,2025,발전사업용,2023-02-27,경상북도 예천군,,2025-12-09
찬이태양광발전소,,경상북도 예천군 유천면 율현리 29,36.645224139,128.3606532861,,정상가동,99.96,380,60,2025,발전사업용,2023-02-27,경상북도 예천군,,2025-12-09
성광기업2호,,경상북도 예천군 풍양면 흥천리 514,36.5128152273,128.319149302,,정상가동,298.89,380,60,2025,발전사업용,2023-02-27,경상북도 예천군,,2025-12-09
만복태양광발전소,,경상북도 예천군 지보면 도화리 1107,36.5348979667,128.4079028513,,정상가동,19.72,380,60,2025,발전사업용,2023-02-27,경상북도 예천군,,2025-12-09
대심 태양광발전소,,경상북도 예천군 예천읍 대심리 686-1,36.6491200311,128.4326849857,,정상가동,19.64,380,60,2024,발전사업용,2023-02-27,경상북도 예천군,,2025-12-09
디케이2태양광발전소,,경상북도 예천군 유천면 송전리 10-2,36.6748436832,128.3635237694,,정상가동,99.5,380,60,2025,발전사업용,2023-02-27,경상북도 예천군,,2025-12-09
디케이1태양광발전소,,경상북도 예천군 유천면 송전리 10-2,36.6748436832,128.3635237694,,정상가동,99.5,380,60,2025,발전사업용,2023-02-27,경상북도 예천군,,2025-12-09
은희태양광발전소,,경상북도 예천군 유천면 율현리 649,36.6370698272,128.3574170335,,정상가동,99.96,380,60,2025,발전사업용,2023-02-27,경상북도 예천군,,2025-12-09
정희태양광발전소,,경상북도 예천군 유천면 율현리 649,36.6370698272,128.3574170335,,정상가동,99.96,380,60,2025,발전사업용,2023-02-27,경상북도 예천군,,2025-12-09
에스앤피 태양광발전소,,경상북도 예천군 유천면 율현리 645,36.6363308773,128.3561543063,,정상가동,99.96,380,60,2025,발전사업용,2023-02-27,경상북도 예천군,,2025-12-09
피앤에스 태양광발전소,,경상북도 예천군 유천면 율현리 645,36.6363308773,128.3561543063,,정상가동,99.96,380,60,2025,발전사업용,2023-02-27,경상북도 예천군,,2025-12-09
햇반 태양광발전소,,경상북도 예천군 유천면 죽안리 262,36.6603037156,128.3422318338,,정상가동,90.35,380,60,2025,발전사업용,2023-02-23,경상북도 예천군,,2025-12-09
햇콩 태양광발전소,,경상북도 예천군 유천면 죽안리 263,36.6607794416,128.3425400345,,정상가동,90.35,380,60,2025,발전사업용,2023-02-23,경상북도 예천군,,2025-12-09
햇살 태양광발전소,,"경상북도 예천군 유천면 죽안리 262 , 263",36.6603037156,128.3422318338,,정상가동,90.35,380,60,2025,발전사업용,2023-02-23,경상북도 예천군,,2025-12-09
동창3호 태양광발전소,,경상북도 예천군 감천면 덕율리 300-2,36.7187173187,128.5115518759,,정상가동,74.97,380,60,2024,발전사업용,2023-02-13,경상북도 예천군,,2025-12-09
사월 태양광,,경상북도 예천군 지보면 도장리 362,36.5241398679,128.3837153778,,정상가동,99.33,380,60,2024,발전사업용,2023-02-09,경상북도 예천군,,2025-12-09
유월 태양광,,경상북도 예천군 지보면 도장리 362,36.5241398679,128.3837153778,,정상가동,99.33,380,60,2024,발전사업용,2023-02-09,경상북도 예천군,,2025-12-09
승본햇살발전소,,경상북도 예천군 보문면 승본리 19,36.6752458378,128.4982288316,,정상가동,99.76,380,60,2025,발전사업용,2023-02-09,경상북도 예천군,,2025-12-09
예천태양광발전소,,경상북도 예천군 유천면 율현리 248,36.6497334969,128.3635552783,,정상가동,99.96,380,60,2025,발전사업용,2023-02-09,경상북도 예천군,,2025-12-09
오월 태양광,,경상북도 예천군 지보면 도장리 362,36.5241398679,128.3837153778,,정상가동,99.33,380,60,2024,발전사업용,2023-02-09,경상북도 예천군,,2025-12-09
태화7호태양광발전소,"경상북도 예천군 호명읍 내신2길 160, 라동",,36.6254568925,128.4346791534,,정상가동,49.05,380,60,2024,발전사업용,2023-02-09,경상북도 예천군,,2025-12-09
태화6호태양광발전소,,"경상북도 예천군 호명면 내신리 600 (다동, 라동)",,,,정상가동,99.74,380,60,2024,발전사업용,2023-02-09,경상북도 예천군,,2025-12-09
태화5호태양광발전소,"경상북도 예천군 호명읍 내신2길 160, 나동",,36.6254568925,128.4346791534,,정상가동,99.74,380,60,2024,발전사업용,2023-02-09,경상북도 예천군,,2025-12-09
태화4호태양광발전소,,경상북도 예천군 호명면 내신리 600 (나동),,,,정상가동,99.74,380,60,2024,발전사업용,2023-02-09,경상북도 예천군,,2025-12-09
태화3호태양광발전소,,"경상북도 예천군 호명면 내신리 600 (가동, 나동)",,,,정상가동,99.74,380,60,2024,발전사업용,2023-02-09,경상북도 예천군,,2025-12-09
태화2호태양광발전소,,경상북도 예천군 호명면 내신리 600 (가동),,,,정상가동,99.74,380,60,2024,발전사업용,2023-02-09,경상북도 예천군,,2025-12-09
태화1호태양광발전소,,경상북도 예천군 호명면 내신리 600 (가동),,,,정상가동,99.74,380,60,2024,발전사업용,2023-02-09,경상북도 예천군,,2025-12-09
풍성1호 태양광발전소,,경상북도 예천군 예천읍 통명리 175-2,36.6534285098,128.4854748589,,정상가동,94.01,380,60,2024,발전사업용,2023-02-09,경상북도 예천군,,2025-12-09
풍성2호 태양광발전소,,경상북도 예천군 예천읍 통명리 175-2,36.6534285098,128.4854748589,,정상가동,98.91,380,60,2024,발전사업용,2023-02-09,경상북도 예천군,,2025-12-09
청심태양광발전소,,"경상북도 예천군 감천면 마촌리 138-1 , 139-1",36.7064959237,128.531787753,,정상가동,99.96,380,60,2025,발전사업용,2023-02-09,경상북도 예천군,,2025-12-09
에이치엠태양광발전소,,"경상북도 예천군 풍양면 흥천리 42 , 43, 44, 45",36.5042104446,128.3359944193,,정상가동,229.32,380,60,2025,발전사업용,2023-02-09,경상북도 예천군,,2025-12-09
태이태양광발전소,,경상북도 예천군 풍양면 흥천리 26,36.5023449758,128.3311642631,,정상가동,98.8,380,60,2025,발전사업용,2023-01-26,경상북도 예천군,,2025-12-09
파크2호 태양광 발전소,,경상북도 예천군 풍양면 흥천리 26,36.5023449758,128.3311642631,,정상가동,98.8,380,60,2025,발전사업용,2023-01-26,경상북도 예천군,,2025-12-09
가든에너지 태양광 발전소,,경상북도 예천군 풍양면 흥천리 26,36.5023449758,128.3311642631,,정상가동,98.8,380,60,2025,발전사업용,2023-01-26,경상북도 예천군,,2025-12-09
리치 태양광발전소,,경상북도 예천군 보문면 간방리 451,36.6857515361,128.5112953187,,정상가동,99,380,60,2024,발전사업용,2023-01-13,경상북도 예천군,,2025-12-09
란우 태양광발전소,,경상북도 예천군 보문면 간방리 451,36.6857515361,128.5112953187,,정상가동,63,380,60,2024,발전사업용,2023-01-13,경상북도 예천군,,2025-12-09
골드 태양광발전소,,경상북도 예천군 보문면 간방리 451,36.6857515361,128.5112953187,,정상가동,99,380,60,2024,발전사업용,2023-01-13,경상북도 예천군,,2025-12-09
선덕태양광발전소,,"경상북도 예천군 감천면 돈산리 221 , 222",36.7637443683,128.5340185946,,정상가동,99.96,380,60,2024,발전사업용,2023-01-10,경상북도 예천군,,2025-12-09
창섭농장3호태양광발전소,,"경상북도 예천군 예천읍 고평리 719 , 719-3",36.631350913,128.4836030329,,정상가동,94.08,380,60,2024,발전사업용,2023-01-04,경상북도 예천군,,2025-12-09
창섭농장2호태양광발전소,,"경상북도 예천군 예천읍 고평리 719 , 719-3",36.631350913,128.4836030329,,정상가동,94.08,380,60,2024,발전사업용,2023-01-04,경상북도 예천군,,2025-12-09
창섭농장1호태양광발전소,,"경상북도 예천군 예천읍 고평리 719 , 719-3",36.631350913,128.4836030329,,정상가동,94.08,380,60,2024,발전사업용,2023-01-04,경상북도 예천군,,2025-12-09
중열4태양광발전소,,경상북도 예천군 용문면 성현리 489,36.6877380346,128.4017475128,,정상가동,19.64,380,60,2024,발전사업용,2023-01-04,경상북도 예천군,,2025-12-09
문표3호 태양광발전소,,"경상북도 예천군 예천읍 청복리 4 , 4-4",36.6438313993,128.4757372983,,정상가동,74.34,380,60,2024,발전사업용,2023-01-04,경상북도 예천군,,2025-12-09
문표2호 태양광발전소,,"경상북도 예천군 예천읍 청복리 4 , 4-4",36.6438313993,128.4757372983,,정상가동,99.12,380,60,2024,발전사업용,2023-01-04,경상북도 예천군,,2025-12-09
문표1호 태양광발전소,,"경상북도 예천군 예천읍 청복리 4 , 4-4",36.6438313993,128.4757372983,,정상가동,95.58,380,60,2024,발전사업용,2023-01-04,경상북도 예천군,,2025-12-09
황산2호 태양광발전소,,"경상북도 예천군 개포면 황산리 582-1 , 583-2",36.6050523382,128.3298216522,,정상가동,99.12,380,60,2025,발전사업용,2023-01-04,경상북도 예천군,,2025-12-09
황산1호 태양광발전소,,"경상북도 예천군 개포면 황산리 582-1 , 583-2",36.6050523382,128.3298216522,,정상가동,99.12,380,60,2025,발전사업용,2023-01-04,경상북도 예천군,,2025-12-09
지금2호태양광발전소,,경상북도 예천군 지보면 만화리 31,36.5678452817,128.3959171229,,정상가동,99.96,380,60,2025,발전사업용,2023-01-04,경상북도 예천군,,2025-12-09
해바라기태양광발전소,,경상북도 예천군 감천면 유리 184,36.7655616506,128.543913011,,정상가동,99.5,380,60,2023,발전사업용,2023-01-04,경상북도 예천군,,2025-12-09
삼일2태양광발전소,,경상북도 예천군 감천면 유리 184,36.7655616506,128.543913011,,정상가동,99.5,380,60,2023,발전사업용,2023-01-04,경상북도 예천군,,2025-12-09
삼일1태양광발전소,,경상북도 예천군 감천면 유리 184,36.7655616506,128.543913011,,정상가동,99.5,380,60,2023,발전사업용,2023-01-04,경상북도 예천군,,2025-12-09
유행6태양광발전소,,경상북도 예천군 감천면 유리 184,36.7655616506,128.543913011,,정상가동,99.5,380,60,2023,발전사업용,2023-01-04,경상북도 예천군,,2025-12-09
유행5태양광발전소,,경상북도 예천군 감천면 유리 184,36.7655616506,128.543913011,,정상가동,99.5,380,60,2023,발전사업용,2023-01-04,경상북도 예천군,,2025-12-09
지금1호태양광발전소,,경상북도 예천군 지보면 만화리 31,36.5678452817,128.3959171229,,정상가동,99.96,380,60,2025,발전사업용,2023-01-04,경상북도 예천군,,2025-12-09
용재발전소2,,"경상북도 예천군 감천면 포리 98 , 98-1, 100, 100-2",36.7256039492,128.5335772625,,정상가동,49.47,380,60,2024,발전사업용,2022-12-26,경상북도 예천군,,2025-12-09
용재발전소1,,"경상북도 예천군 감천면 포리 98 , 98-1, 100, 100-2",36.7256039492,128.5335772625,,정상가동,99.96,380,60,2023,발전사업용,2022-12-26,경상북도 예천군,,2025-12-09
대산태양광발전소,,경상북도 예천군 유천면 사곡리 488,36.6751532424,128.3310836881,,정상가동,48.72,380,60,2024,발전사업용,2022-12-15,경상북도 예천군,,2025-12-09
믿음 3호 태양광 발전소,,"경상북도 예천군 유천면 사곡리 529 , 530",36.6752450292,128.3250289024,,정상가동,491.49,380,60,2024,발전사업용,2022-12-15,경상북도 예천군,,2025-12-09
수호태양광발전소,,경상북도 예천군 유천면 사곡리 488,36.6751532424,128.3310836881,,정상가동,99.76,380,60,2024,발전사업용,2022-12-15,경상북도 예천군,,2025-12-09
별실4발전소,,"경상북도 예천군 풍양면 우망리 185-1 , 242",36.5340219995,128.3235455289,,정상가동,99.76,380,60,2025,발전사업용,2022-12-15,경상북도 예천군,,2025-12-09
별실9발전소,,"경상북도 예천군 풍양면 우망리 185-2 , 186",36.53321159,128.3232725604,,정상가동,99.76,380,60,2025,발전사업용,2022-12-15,경상북도 예천군,,2025-12-09
별실5발전소,,"경상북도 예천군 풍양면 우망리 185-1 , 186, 242",36.5340219995,128.3235455289,,정상가동,99.76,380,60,2025,발전사업용,2022-12-15,경상북도 예천군,,2025-12-09
별실6발전소,,"경상북도 예천군 풍양면 우망리 185-1 , 186, 242",36.5340219995,128.3235455289,,정상가동,99.76,380,60,2025,발전사업용,2022-12-15,경상북도 예천군,,2025-12-09
별실3발전소,,"경상북도 예천군 풍양면 우망리 185-1 , 242",36.5340219995,128.3235455289,,정상가동,49.88,380,60,2025,발전사업용,2022-12-15,경상북도 예천군,,2025-12-09
별실7발전소,,"경상북도 예천군 풍양면 우망리 185-1 , 185-2, 186",36.5340219995,128.3235455289,,정상가동,99.76,380,60,2025,발전사업용,2022-12-15,경상북도 예천군,,2025-12-09
별실2발전소,,경상북도 예천군 풍양면 우망리 185-1,36.5340219995,128.3235455289,,정상가동,99.76,380,60,2025,발전사업용,2022-12-15,경상북도 예천군,,2025-12-09
별실8발전소,,"경상북도 예천군 풍양면 우망리 185-1 , 185-2, 186",36.5340219995,128.3235455289,,정상가동,99.76,380,60,2025,발전사업용,2022-12-15,경상북도 예천군,,2025-12-09
별실1발전소,,경상북도 예천군 풍양면 우망리 185-1,36.5340219995,128.3235455289,,정상가동,99.76,380,60,2025,발전사업용,2022-12-15,경상북도 예천군,,2025-12-09
태산1태양광발전소,,"경상북도 예천군 용궁면 금남리 341-1 , 341-2",36.596504416,128.2783143918,,정상가동,29.75,380,60,2023,발전사업용,2022-12-13,경상북도 예천군,,2025-12-09
병용1호 태양광,,경상북도 예천군 지보면 신풍리 1127,36.5457156504,128.4198416207,,정상가동,99.75,380,60,2025,발전사업용,2022-12-13,경상북도 예천군,,2025-12-09
피아골 태양광,,경상북도 예천군 지보면 신풍리 1127,36.5457156504,128.4198416207,,정상가동,99.75,380,60,2025,발전사업용,2022-12-13,경상북도 예천군,,2025-12-09
영창축산3호태양광발전소,,"경상북도 예천군 개포면 경진리 497 , 498",36.6160481613,128.4138327703,,정상가동,99.5,380,60,2025,발전사업용,2022-12-13,경상북도 예천군,,2025-12-09
별빛 태양광발전소,,경상북도 예천군 호명면 황지리 246,,,,정상가동,99.96,380,60,2024,발전사업용,2022-12-13,경상북도 예천군,,2025-12-09
영창축산2호태양광발전소,,"경상북도 예천군 개포면 경진리 497 , 498",36.6160481613,128.4138327703,,정상가동,99.5,380,60,2025,발전사업용,2022-12-13,경상북도 예천군,,2025-12-09
영창축산1호태양광발전소,,"경상북도 예천군 개포면 경진리 497 , 498",36.6160481613,128.4138327703,,정상가동,99.5,380,60,2025,발전사업용,2022-12-13,경상북도 예천군,,2025-12-09
예천 1호 태양광 발전소,,"경상북도 예천군 감천면 덕율리 1283 , 1285",36.7088677598,128.4826963833,,정상가동,498.8,380,60,2024,발전사업용,2022-12-12,경상북도 예천군,,2025-12-09
오름4호 태양광 발전소,,"경상북도 예천군 풍양면 흥천리 412 , 413, 414",36.5085355831,128.3238118563,,정상가동,417.6,380,60,2025,발전사업용,2022-12-05,경상북도 예천군,,2025-12-09
신후예천2호태양광,,"경상북도 예천군 감천면 마촌리 298 , 300, 301",36.7003064134,128.5284732239,,정상가동,391.5,380,60,2023,발전사업용,2022-11-23,경상북도 예천군,,2025-12-09
대영태양광발전소,,경상북도 예천군 유천면 가리 692,36.642247929,128.3766520392,,정상가동,99.71,380,60,2025,발전사업용,2022-11-11,경상북도 예천군,,2025-12-09
녹동2호 태양광발전소,,경상북도 예천군 용궁면 덕계리 653,36.6460007571,128.3101671833,,정상가동,99.96,380,60,2025,발전사업용,2022-11-11,경상북도 예천군,,2025-12-09
녹동1호 태양광발전소,,경상북도 예천군 용궁면 덕계리 653,36.6460007571,128.3101671833,,정상가동,99.96,380,60,2025,발전사업용,2022-11-11,경상북도 예천군,,2025-12-09
태형1호 태양광발전소,,"경상북도 예천군 호명면 금능리 547-4 , 547-5",,,,정상가동,99.71,380,60,2024,발전사업용,2022-10-26,경상북도 예천군,,2025-12-09
동방 태양광발전소,,경상북도 예천군 감천면 마촌리 517,36.6999648312,128.5245425275,,정상가동,243.6,380,60,2023,발전사업용,2022-10-21,경상북도 예천군,,2025-12-09
예천1호 태양광발전소,,경상북도 예천군 호명면 황지리 134,,,,정상가동,349.28,380,60,2025,발전사업용,2022-10-17,경상북도 예천군,,2025-12-09
대길 태양광발전소,,경상북도 예천군 풍양면 낙상리 995,36.5110087236,128.2736934345,,정상가동,99.5,380,60,2024,발전사업용,2022-10-17,경상북도 예천군,,2025-12-09
기태농장6호 태양광발전소,,경상북도 예천군 풍양면 낙상리 995,36.5110087236,128.2736934345,,정상가동,97,380,60,2024,발전사업용,2022-10-17,경상북도 예천군,,2025-12-09
강민수영1호 태양광발전소,,경상북도 예천군 유천면 송지리 563,36.6451416969,128.338402659,,정상가동,99.55,380,60,2025,발전사업용,2022-10-17,경상북도 예천군,,2025-12-09
산바다예천 태양광발전소,,경상북도 예천군 유천면 송지리 563,36.6451416969,128.338402659,,정상가동,99.55,380,60,2025,발전사업용,2022-10-17,경상북도 예천군,,2025-12-09
호야4호 태양광발전소,,경상북도 예천군 유천면 송지리 563,36.6451416969,128.338402659,,정상가동,99.55,380,60,2025,발전사업용,2022-10-17,경상북도 예천군,,2025-12-09
송나영 태양광발전소,,경상북도 예천군 유천면 송지리 563,36.6451416969,128.338402659,,정상가동,99.55,380,60,2025,발전사업용,2022-10-17,경상북도 예천군,,2025-12-09
승리2호 태양광발전소,,경상북도 예천군 예천읍 석정리 114-27,,,,정상가동,99.71,380,60,2024,발전사업용,2022-10-17,경상북도 예천군,,2025-12-09
황지9호태양광발전소,,"경상북도 예천군 호명면 황지리 142 , 145, 145-1, 145-2, 145-3, 146, 147",,,,정상가동,935.74,22900,60,2025,발전사업용,2022-10-17,경상북도 예천군,,2025-12-09
황지7호태양광발전소,,"경상북도 예천군 호명면 황지리 152 , 152-1, 153",,,,정상가동,499.14,380,60,2025,발전사업용,2022-10-17,경상북도 예천군,,2025-12-09
황지6호태양광발전소,,"경상북도 예천군 호명면 황지리 148 , 151, 152, 152-1, 153",,,,정상가동,299.72,380,60,2025,발전사업용,2022-10-17,경상북도 예천군,,2025-12-09
황지5호태양광발전소,,"경상북도 예천군 호명면 황지리 148 , 151, 152, 152-1",,,,정상가동,99.12,380,60,2025,발전사업용,2022-10-17,경상북도 예천군,,2025-12-09
황지4호태양광발전소,,"경상북도 예천군 호명면 황지리 148 , 151, 152, 152-1",,,,정상가동,99.12,380,60,2025,발전사업용,2022-10-17,경상북도 예천군,,2025-12-09
황지2호태양광발전소,,경상북도 예천군 호명면 황지리 150,,,,정상가동,99.12,380,60,2025,발전사업용,2022-10-17,경상북도 예천군,,2025-12-09
황지3호 태양광발전소,,"경상북도 예천군 호명면 황지리 148 , 150, 151, 152",,,,정상가동,99.12,380,60,2025,발전사업용,2022-10-17,경상북도 예천군,,2025-12-09
황지1호태양광발전소,,"경상북도 예천군 호명면 황지리 148 , 150, 151",,,,정상가동,99.12,380,60,2025,발전사업용,2022-10-17,경상북도 예천군,,2025-12-09
다해 태양광발전소,,경상북도 예천군 유천면 송전리 458,36.6772019428,128.3557780741,,정상가동,44,380,60,2025,발전사업용,2022-10-04,경상북도 예천군,,2025-12-09
다다2호 태양광발전소,,경상북도 예천군 유천면 송전리 458,36.6772019428,128.3557780741,,정상가동,99,380,60,2025,발전사업용,2022-10-04,경상북도 예천군,,2025-12-09
푸른 태양광발전소,,경상북도 예천군 유천면 송전리 418,36.6780414454,128.357985921,,정상가동,80.3,380,60,2025,발전사업용,2022-10-04,경상북도 예천군,,2025-12-09
썬킹 태양광발전소,,경상북도 예천군 유천면 송전리 418,36.6780414454,128.357985921,,정상가동,99.55,380,60,2025,발전사업용,2022-10-04,경상북도 예천군,,2025-12-09
칠락1 태양광발전소,,"경상북도 예천군 지보면 마전리 772 , 773",36.5252379959,128.3764328948,,정상가동,88.5,380,60,2024,발전사업용,2022-09-23,경상북도 예천군,,2025-12-09
수민태양광발전소,,경상북도 예천군 유천면 사곡리 537,36.6751005198,128.3287823764,,정상가동,19.52,380,60,2025,발전사업용,2022-09-23,경상북도 예천군,,2025-12-09
민우태양광발전소,,경상북도 예천군 유천면 사곡리 537,36.6751005198,128.3287823764,,정상가동,99.76,380,60,2025,발전사업용,2022-09-23,경상북도 예천군,,2025-12-09
케이파워흥천,,"경상북도 예천군 풍양면 흥천리 621-3 , 621-4, 361, 658, 662, 675, 663",36.5053090351,128.3184896206,,정상가동,999.99,22900,60,2025,발전사업용,2022-09-21,경상북도 예천군,,2025-12-09
송전에너지,,"경상북도 예천군 유천면 송전리 450 , 451-1, 451-2, 452",36.6796453321,128.3565169982,,정상가동,499.8,380,60,2024,발전사업용,2022-09-21,경상북도 예천군,,2025-12-09
예천 작곡리 2호 태양광발전소,,경상북도 예천군 보문면 작곡리 305,36.6799570616,128.5361732439,,정상가동,49.95,380,60,2025,발전사업용,2022-09-21,경상북도 예천군,,2025-12-09
예천 작곡리 1호 태양광발전소,,경상북도 예천군 보문면 작곡리 305,36.6799570616,128.5361732439,,정상가동,99.91,380,60,2025,발전사업용,2022-09-21,경상북도 예천군,,2025-12-09
현진5호태양광발전소,,경상북도 예천군 감천면 진평리 683,36.7487949663,128.4911441086,,정상가동,96.86,380,60,2024,발전사업용,2022-09-21,경상북도 예천군,,2025-12-09
대박발전소,,경상북도 예천군 감천면 진평리 683-2,,,,정상가동,95.12,380,60,2024,발전사업용,2022-09-21,경상북도 예천군,,2025-12-09
연우태양광발전소,,경상북도 예천군 감천면 진평리 683,36.7487949663,128.4911441086,,정상가동,96.28,380,60,2024,발전사업용,2022-09-21,경상북도 예천군,,2025-12-09
킹덤제4발전소,,경상북도 예천군 감천면 유리 291,36.7666120139,128.5494049473,,정상가동,99.76,380,60,2024,발전사업용,2022-09-08,경상북도 예천군,,2025-12-09
킹덤제3발전소,,경상북도 예천군 감천면 유리 306,36.7671921427,128.5490441154,,정상가동,99.76,380,60,2024,발전사업용,2022-09-08,경상북도 예천군,,2025-12-09
킹덤제2발전소,,경상북도 예천군 감천면 유리 306,36.7671921427,128.5490441154,,정상가동,99.76,380,60,2024,발전사업용,2022-09-08,경상북도 예천군,,2025-12-09
킹덤제1발전소,,경상북도 예천군 감천면 유리 306,36.7671921427,128.5490441154,,정상가동,99.76,380,60,2024,발전사업용,2022-09-08,경상북도 예천군,,2025-12-09
예천만화리2호 태양광발전소,,"경상북도 예천군 지보면 만화리 508 , 509",36.5589113906,128.3613806865,,정상가동,99.45,380,60,2023,발전사업용,2022-09-08,경상북도 예천군,,2025-12-09
예천만화리3호 태양광발전소,,경상북도 예천군 지보면 만화리 508,36.5589113906,128.3613806865,,정상가동,99.45,380,60,2023,발전사업용,2022-09-08,경상북도 예천군,,2025-12-09
예천만화리1호 태양광발전소,,"경상북도 예천군 지보면 만화리 508 , 509",36.5589113906,128.3613806865,,정상가동,99.45,380,60,2023,발전사업용,2022-09-08,경상북도 예천군,,2025-12-09
다복태양광발전소,,경상북도 예천군 지보면 도화리 1107,36.5348979667,128.4079028513,,정상가동,99.45,380,60,2025,발전사업용,2022-08-26,경상북도 예천군,,2025-12-09
동자 태양광발전소,,경상북도 예천군 호명면 담암리 299-4,,,,정상가동,99.96,380,60,2024,발전사업용,2022-08-26,경상북도 예천군,,2025-12-09
준기 태양광발전소,,경상북도 예천군 호명면 담암리 299-4,,,,정상가동,57.12,380,60,2024,발전사업용,2022-08-26,경상북도 예천군,,2025-12-09
성하 태양광발전소,,경상북도 예천군 유천면 율현리 650,36.6371886063,128.3580774495,,정상가동,57.12,380,60,2025,발전사업용,2022-08-26,경상북도 예천군,,2025-12-09
경태 태양광발전소,,경상북도 예천군 유천면 율현리 650,36.6371886063,128.3580774495,,정상가동,99.96,380,60,2025,발전사업용,2022-08-26,경상북도 예천군,,2025-12-09
야호1 태양광발전소,,경상북도 예천군 지보면 신풍리 1293-89,36.5300865617,128.4346508872,,정상가동,96.39,380,60,2024,발전사업용,2022-08-26,경상북도 예천군,,2025-12-09
청복2 발전소,,경상북도 예천군 예천읍 청복리 289-1,36.6409730408,128.4746863079,,정상가동,99.45,380,60,2024,발전사업용,2022-08-26,경상북도 예천군,,2025-12-09
청복 발전소,,경상북도 예천군 예천읍 청복리 289-1,36.6409730408,128.4746863079,,정상가동,99.45,380,60,2024,발전사업용,2022-08-26,경상북도 예천군,,2025-12-09
고평2호발전소,,경상북도 예천군 예천읍 고평리 711,36.6327395032,128.4826782528,,정상가동,99.45,380,60,2024,발전사업용,2022-08-26,경상북도 예천군,,2025-12-09
고평1호발전소,,경상북도 예천군 예천읍 고평리 711,36.6327395032,128.4826782528,,정상가동,99.45,380,60,2024,발전사업용,2022-08-26,경상북도 예천군,,2025-12-09
제3 일이삼구 태양광발전소,,경상북도 예천군 예천읍 청복리 1239,36.6244664215,128.4726763572,,정상가동,99.71,380,60,2024,발전사업용,2022-08-26,경상북도 예천군,,2025-12-09
제2 일이삼구 태양광발전소,,경상북도 예천군 예천읍 청복리 1239,36.6244664215,128.4726763572,,정상가동,99.71,380,60,2024,발전사업용,2022-08-26,경상북도 예천군,,2025-12-09
제1 일이삼구 태양광발전소,,경상북도 예천군 예천읍 청복리 1239,36.6244664215,128.4726763572,,정상가동,99.71,380,60,2024,발전사업용,2022-08-26,경상북도 예천군,,2025-12-09
은아3호태양광발전소,,경상북도 예천군 개포면 경진리 382,36.6205622154,128.4085002775,,정상가동,99.5,380,60,2025,발전사업용,2022-08-26,경상북도 예천군,,2025-12-09
은아2호태양광발전소,,경상북도 예천군 개포면 경진리 382,36.6205622154,128.4085002775,,정상가동,99.5,380,60,2025,발전사업용,2022-08-26,경상북도 예천군,,2025-12-09
기웅1호태양광발전소,,경상북도 예천군 개포면 금리 141,36.6231387383,128.4137865986,,정상가동,99.5,380,60,2022,발전사업용,2022-08-26,경상북도 예천군,,2025-12-09
은아1호태양광발전소,,경상북도 예천군 개포면 경진리 382,36.6205622154,128.4085002775,,정상가동,99.5,380,60,2025,발전사업용,2022-08-26,경상북도 예천군,,2025-12-09
기웅2호태양광발전소,,경상북도 예천군 개포면 금리 141,36.6231387383,128.4137865986,,정상가동,99.5,380,60,2025,발전사업용,2022-08-26,경상북도 예천군,,2025-12-09
기웅3호태양광발전소,,경상북도 예천군 개포면 금리 141,36.6231387383,128.4137865986,,정상가동,99.5,380,60,2025,발전사업용,2022-08-26,경상북도 예천군,,2025-12-09
선진에너지발전소,,경상북도 예천군 감천면 미석리 272-3,36.7444002371,128.5641835934,,정상가동,499.8,380,60,2023,발전사업용,2022-08-26,경상북도 예천군,,2025-12-09
호명2.3에너지,,경상북도 예천군 호명면 담암리 396-1,,,,정상가동,199.02,380,60,2024,발전사업용,2022-08-26,경상북도 예천군,,2025-12-09
J&C 태양광발전소,,"경상북도 예천군 유천면 송지리 495-1 , 495-2, 494",36.6393458059,128.3381188137,,정상가동,99,380,60,2025,발전사업용,2022-08-26,경상북도 예천군,,2025-12-09
하정 태양광발전소,,"경상북도 예천군 유천면 송지리 495-1 , 495-2",36.6393458059,128.3381188137,,정상가동,99,380,60,2025,발전사업용,2022-08-26,경상북도 예천군,,2025-12-09
썬샤넬예천 태양광발전소,,"경상북도 예천군 유천면 송지리 491 , 495-1, 495-2",36.639703401,128.338493958,,정상가동,495,380,60,2025,발전사업용,2022-08-26,경상북도 예천군,,2025-12-09
DH발전소,,경상북도 예천군 호명면 내신리 597-1,,,,정상가동,499.59,380,60,2024,발전사업용,2022-08-26,경상북도 예천군,,2025-12-09
투샤인 발전소,,"경상북도 예천군 지보면 만화리 310 , 310-1",36.565931015,128.3850425229,,정상가동,90.48,380,60,2023,발전사업용,2022-08-17,경상북도 예천군,,2025-12-09
시크릿 발전소,,"경상북도 예천군 지보면 만화리 310 , 310-1",36.565931015,128.3850425229,,정상가동,90.48,380,60,2023,발전사업용,2022-08-17,경상북도 예천군,,2025-12-09
수정발전소4,,"경상북도 예천군 지보면 만화리 310 , 310-1",36.565931015,128.3850425229,,정상가동,90.48,380,60,2023,발전사업용,2022-08-17,경상북도 예천군,,2025-12-09
예천만화리4호 태양광발전소,,경상북도 예천군 지보면 만화리 513,36.5578113204,128.3610267934,,정상가동,81.9,380,60,2023,발전사업용,2022-08-17,경상북도 예천군,,2025-12-09
예천만화리5호 태양광발전소,,경상북도 예천군 지보면 만화리 529,36.5575511775,128.3606508153,,정상가동,93.6,380,60,2023,발전사업용,2022-08-17,경상북도 예천군,,2025-12-09
아모르태양광발전소,,"경상북도 예천군 예천읍 고평리 605-3 , 다동",36.6451395938,128.484513464,,정상가동,81.6,380,60,2023,발전사업용,2022-07-25,경상북도 예천군,,2025-12-09
영재1호 태양광발전소,,경상북도 예천군 풍양면 효갈리 955,36.4776390334,128.2708479659,,정상가동,99.45,380,60,2025,발전사업용,2022-07-25,경상북도 예천군,,2025-12-09
영재2호 태양광발전소,,경상북도 예천군 풍양면 효갈리 955,36.4776390334,128.2708479659,,정상가동,99.45,380,60,2025,발전사업용,2022-07-25,경상북도 예천군,,2025-12-09
양지태양광발전소,,"경상북도 예천군 용궁면 무지리 227 , 228-3",36.605543659,128.3123079546,,정상가동,99.45,380,60,2023,발전사업용,2022-07-18,경상북도 예천군,,2025-12-09
대동7태양광발전소,,경상북도 예천군 용궁면 무지리 238,36.6060614351,128.3110905565,,정상가동,99.45,380,60,2023,발전사업용,2022-07-18,경상북도 예천군,,2025-12-09
예천온누리발전소,,경상북도 예천군 용궁면 무지리 238-2,36.6059997792,128.3110844864,,정상가동,99.45,380,60,2023,발전사업용,2022-07-18,경상북도 예천군,,2025-12-09
태진발전소,,경상북도 예천군 용궁면 무지리 227-5,36.6054375941,128.3130409054,,정상가동,99.45,380,60,2023,발전사업용,2022-07-18,경상북도 예천군,,2025-12-09
대동6 태양광발전소,,경상북도 예천군 용궁면 무지리 228,36.6059072727,128.3115927019,,정상가동,99.45,380,60,2023,발전사업용,2022-07-18,경상북도 예천군,,2025-12-09
바른태양광발전소,,경상북도 예천군 용궁면 무지리 227-4,36.6054456251,128.3123235638,,정상가동,99.45,380,60,2023,발전사업용,2022-07-18,경상북도 예천군,,2025-12-09
대동8 태양광발전소,,"경상북도 예천군 용궁면 무지리 228-1 , 238-3",36.6058210367,128.3116111964,,정상가동,99.45,380,60,2023,발전사업용,2022-07-18,경상북도 예천군,,2025-12-09
제일에너지 태양광발전소,,"경상북도 예천군 지보면 송평리 355-1 , 355-2, 356, 357-1",36.5767155754,128.4038413028,,정상가동,396,380,60,2024,발전사업용,2022-07-04,경상북도 예천군,,2025-12-09
경원5태양광발전소,,경상북도 예천군 풍양면 효갈리 1250-1,36.4928348588,128.2851907967,,정상가동,99.6,380,60,2024,발전사업용,2022-06-27,경상북도 예천군,,2025-12-09
성광기업1호,,경상북도 예천군 용궁면 월오리 779,36.6304176302,128.3099459474,,정상가동,299.52,380,60,2025,발전사업용,2022-06-27,경상북도 예천군,,2025-12-09
창걸2호발전소,,"경상북도 예천군 감천면 덕율리 294-1 , 나동",36.7165390265,128.5129174528,,정상가동,99.84,380,60,2023,발전사업용,2022-06-27,경상북도 예천군,,2025-12-09
창걸1호발전소,,"경상북도 예천군 감천면 덕율리 294-1 , 가동",36.7165390265,128.5129174528,,정상가동,99.84,380,60,2023,발전사업용,2022-06-27,경상북도 예천군,,2025-12-09
해뜰메발전소,,"경상북도 예천군 감천면 진평리 544-5 , 540",36.7487002915,128.4922272209,,정상가동,73.08,380,60,2023,발전사업용,2022-06-27,경상북도 예천군,,2025-12-09
밤고개6태양광발전소,,경상북도 예천군 유천면 고림리 367-1,36.6423593007,128.3529462125,,정상가동,92.22,380,60,2025,발전사업용,2022-06-27,경상북도 예천군,,2025-12-09
해랑사랑 태양광발전소,,경상북도 예천군 개포면 가곡리 783,36.5958788243,128.3449927964,,정상가동,99,380,60,2025,발전사업용,2022-06-27,경상북도 예천군,,2025-12-09
초가집 태양광발전소,,경상북도 예천군 용궁면 대은리 147,36.5979917141,128.3256570956,,정상가동,83.25,380,60,2025,발전사업용,2022-06-27,경상북도 예천군,,2025-12-09
새싹1호 태양광발전소,,경상북도 예천군 개포면 금리 554-1,36.6228186944,128.4037463608,,정상가동,99.91,380,60,2025,발전사업용,2022-06-13,경상북도 예천군,,2025-12-09
새싹2호 태양광발전소,,경상북도 예천군 개포면 금리 554-1,36.6228186944,128.4037463608,,정상가동,99.91,380,60,2025,발전사업용,2022-06-13,경상북도 예천군,,2025-12-09
새싹3호 태양광발전소,,경상북도 예천군 개포면 금리 554-1,36.6228186944,128.4037463608,,정상가동,32.98,380,60,2025,발전사업용,2022-06-13,경상북도 예천군,,2025-12-09
주혜태양광발전소,,경상북도 예천군 유천면 송전리 204,36.6680099712,128.3579922044,,정상가동,29.76,380,60,2022,발전사업용,2022-06-13,경상북도 예천군,,2025-12-09
유진1태양광발전소,,경상북도 예천군 호명읍 월포리 669-4 (토지 위),36.619651263,128.4863808942,,정상가동,13.12,380,60,2024,발전사업용,2022-06-13,경상북도 예천군,,2025-12-09
석범5호 태양광발전소,,"경상북도 예천군 보문면 산성리 6 , 5,6동",36.6549278951,128.603760955,,정상가동,76.3,380,60,2023,발전사업용,2022-06-13,경상북도 예천군,,2025-12-09
석범1호 태양광발전소,,"경상북도 예천군 보문면 산성리 6 , 1동",36.6549278951,128.603760955,,정상가동,76.3,380,60,2023,발전사업용,2022-06-13,경상북도 예천군,,2025-12-09
석범4호 태양광발전소,,"경상북도 예천군 보문면 산성리 6 , 4동",36.6549278951,128.603760955,,정상가동,99.19,380,60,2023,발전사업용,2022-06-13,경상북도 예천군,,2025-12-09
석범2호 태양광발전소,,"경상북도 예천군 보문면 산성리 6 , 2동",36.6549278951,128.603760955,,정상가동,99.19,380,60,2023,발전사업용,2022-06-13,경상북도 예천군,,2025-12-09
석범3호 태양광발전소,,"경상북도 예천군 보문면 산성리 6 , 3동",36.6549278951,128.603760955,,정상가동,99.19,380,60,2023,발전사업용,2022-06-13,경상북도 예천군,,2025-12-09
수영태양광발전소,,경상북도 예천군 풍양면 우망리 45,36.5384058692,128.3250970709,,정상가동,99.76,380,60,2024,발전사업용,2022-06-13,경상북도 예천군,,2025-12-09
예천발전소1호 태양광발전소,,"경상북도 예천군 풍양면 우망리 289-1 , 39, 40, 41",36.539568649,128.3248126822,,정상가동,495.6,380,60,2024,발전사업용,2022-06-13,경상북도 예천군,,2025-12-09
예천발전3호 태양광발전소,,"경상북도 예천군 풍양면 우망리 283 , 43",36.5389114256,128.3247400681,,정상가동,99.12,380,60,2024,발전사업용,2022-06-13,경상북도 예천군,,2025-12-09
예천발전4호 태양광발전소,,"경상북도 예천군 풍양면 우망리 282 , 283, 43",36.538901624,128.3242863771,,정상가동,99.12,380,60,2024,발전사업용,2022-06-13,경상북도 예천군,,2025-12-09
예천발전2호 태양광발전소,,"경상북도 예천군 풍양면 우망리 283 , 284, 43",36.5389114256,128.3247400681,,정상가동,99.12,380,60,2024,발전사업용,2022-06-13,경상북도 예천군,,2025-12-09
예천발전5호 태양광발전소,,"경상북도 예천군 풍양면 우망리 282 , 283",36.538901624,128.3242863771,,정상가동,99.12,380,60,2024,발전사업용,2022-06-13,경상북도 예천군,,2025-12-09
예천발전1호 태양광발전소,,경상북도 예천군 풍양면 우망리 284,36.5392164889,128.3250200599,,정상가동,99.12,380,60,2024,발전사업용,2022-06-13,경상북도 예천군,,2025-12-09
필2호태양광발전소,,"경상북도 예천군 예천읍 석정리 369-2 , 나동",36.6546441759,128.4135810373,,정상가동,87.36,380,60,2024,발전사업용,2022-06-13,경상북도 예천군,,2025-12-09
마루4 태양광발전소,,경상북도 예천군 예천읍 고평리 487-1,36.6341190865,128.4823029909,,정상가동,99.76,380,60,2024,발전사업용,2022-06-13,경상북도 예천군,,2025-12-09
마루1 태양광발전소,,경상북도 예천군 예천읍 고평리 487-1,36.6341190865,128.4823029909,,정상가동,99.76,380,60,2024,발전사업용,2022-06-13,경상북도 예천군,,2025-12-09
마루2 태양광발전소,,경상북도 예천군 예천읍 고평리 487-1,36.6341190865,128.4823029909,,정상가동,99.76,380,60,2024,발전사업용,2022-06-13,경상북도 예천군,,2025-12-09
마루3 태양광발전소,,경상북도 예천군 예천읍 고평리 487-1,36.6341190865,128.4823029909,,정상가동,99.76,380,60,2024,발전사업용,2022-06-13,경상북도 예천군,,2025-12-09
은별2호태양광발전소,,경상북도 예천군 지보면 어신리 1023,36.5576894377,128.4194737287,,정상가동,99,380,60,2023,발전사업용,2022-06-13,경상북도 예천군,,2025-12-09
은별태양광발전소,,경상북도 예천군 지보면 어신리 1023,36.5576894377,128.4194737287,,정상가동,99,380,60,2023,발전사업용,2022-06-13,경상북도 예천군,,2025-12-09
윤주태양광1호태양광발전소,,경상북도 예천군 지보면 어신리 1023-2,36.5575225101,128.4196347204,,정상가동,99,380,60,2024,발전사업용,2022-06-13,경상북도 예천군,,2025-12-09
대성농장 태양광발전소,,"경상북도 예천군 보문면 승본리 50 , 51-1",36.6784154581,128.4995349232,,정상가동,99.84,380,60,2024,발전사업용,2022-06-13,경상북도 예천군,,2025-12-09
풍신4 태양광발전소,,경상북도 예천군 풍양면 풍신리 6-2,36.4898651894,128.3202831612,,정상가동,99.5,380,60,2024,발전사업용,2022-05-26,경상북도 예천군,,2025-12-09
풍신5 태양광발전소,,경상북도 예천군 풍양면 풍신리 6-2,36.4898651894,128.3202831612,,정상가동,49.5,380,60,2024,발전사업용,2022-05-26,경상북도 예천군,,2025-12-09
풍신1 태양광발전소,,경상북도 예천군 풍양면 풍신리 6-2,36.4898651894,128.3202831612,,정상가동,99.5,380,60,2024,발전사업용,2022-05-26,경상북도 예천군,,2025-12-09
한울1호태양광발전소,,"경상북도 예천군 풍양면 괴당리 570-1 , 570-2",36.4935484869,128.2937033084,,정상가동,499.68,380,60,2024,발전사업용,2022-05-13,경상북도 예천군,,2025-12-09
권선3호 태양광발전소,,"경상북도 예천군 유천면 송전리 474 , 475",36.6745813351,128.3564923665,,정상가동,249.7,380,60,2024,발전사업용,2022-05-17,경상북도 예천군,,2025-12-09
에스에이치에너지3호 태양광발전소,,경상북도 예천군 유천면 송전리 472,36.6756720504,128.3561624542,,정상가동,299.75,380,60,2024,발전사업용,2022-05-17,경상북도 예천군,,2025-12-09
한울2호태양광발전소,경상북도 예천군 풍양면 괴당1길 284-32,,36.492649187,128.2937446583,,정상가동,299.52,380,60,2024,발전사업용,2022-05-13,경상북도 예천군,,2025-12-09
호요골태양광발전소,,경상북도 예천군 유천면 광전리 200-2,36.653236891,128.3806312822,,정상가동,99.76,380,60,2024,발전사업용,2022-05-13,경상북도 예천군,,2025-12-09
호재태양광발전소,,경상북도 예천군 용궁면 대은리 184,36.5926710407,128.3273262825,,정상가동,99.91,380,60,2025,발전사업용,2022-05-13,경상북도 예천군,,2025-12-09
에스디4호 태양광발전소,,"경상북도 예천군 지보면 만화리 27-1 , 27-2",36.5686724942,128.3960476492,,정상가동,28.34,380,60,2025,발전사업용,2022-05-13,경상북도 예천군,,2025-12-09
에스디2호 태양광발전소,,"경상북도 예천군 지보면 만화리 27-1 , 27-2",36.5686724942,128.3960476492,,정상가동,99.19,380,60,2025,발전사업용,2022-05-13,경상북도 예천군,,2025-12-09
에스디3호 태양광발전소,,"경상북도 예천군 지보면 만화리 27-1 , 27-2",36.5686724942,128.3960476492,,정상가동,61.88,380,60,2025,발전사업용,2022-05-13,경상북도 예천군,,2025-12-09
아리태양광발전소1호,경상북도 예천군 풍양면 상풍로 1328-64,,36.5003875417,128.2845975645,,정상가동,499.68,380,60,2025,발전사업용,2022-05-13,경상북도 예천군,,2025-12-09
달빛태양광발전소,,"경상북도 예천군 효자면 백석리 387 , 388-1, 산74-4",36.8003631005,128.447991351,,정상가동,71.04,380,60,2022,발전사업용,2022-05-13,경상북도 예천군,,2025-12-09
햇빛태양광발전소,,경상북도 예천군 효자면 백석리 387-1,36.8001878918,128.4484551489,,정상가동,99.84,380,60,2022,발전사업용,2022-05-13,경상북도 예천군,,2025-12-09
금리태양광,,경상북도 예천군 개포면 금리 367,36.6283422728,128.4045324821,,정상가동,295.32,380,60,2023,발전사업용,2022-05-13,경상북도 예천군,,2025-12-09
산해1 태양광발전소,,경상북도 예천군 감천면 미석리 1003,36.7391870643,128.5493131603,,정상가동,99.76,380,60,2023,발전사업용,2022-05-13,경상북도 예천군,,2025-12-09
승리1호 태양광발전소,,경상북도 예천군 예천읍 석정리 233-1,36.6466479609,128.4151116001,,정상가동,99.91,380,60,2024,발전사업용,2022-05-13,경상북도 예천군,,2025-12-09
산해2 태양광발전소,,경상북도 예천군 감천면 미석리 1003,36.7391870643,128.5493131603,,정상가동,99.76,380,60,2023,발전사업용,2022-05-13,경상북도 예천군,,2025-12-09
산해3 태양광발전소,,경상북도 예천군 감천면 미석리 1003,36.7391870643,128.5493131603,,정상가동,90.48,380,60,2023,발전사업용,2022-05-13,경상북도 예천군,,2025-12-09
훈이네태양광2호발전소,,경상북도 예천군 보문면 작곡리 154-1,36.679925841,128.5376740533,,정상가동,99.84,380,60,2024,발전사업용,2022-05-13,경상북도 예천군,,2025-12-09
박서인1호태양광발전소,,경상북도 예천군 보문면 작곡리 154-1,36.679925841,128.5376740533,,정상가동,99.84,380,60,2024,발전사업용,2022-05-13,경상북도 예천군,,2025-12-09
SJ예천 태양광,,경상북도 예천군 유천면 송지리 545-3,36.6430588441,128.3363618975,,정상가동,84.7,380,60,2025,발전사업용,2022-05-13,경상북도 예천군,,2025-12-09
다다 태양광발전소,,경상북도 예천군 유천면 송지리 545-3,36.6430588441,128.3363618975,,정상가동,84.7,380,60,2025,발전사업용,2022-05-13,경상북도 예천군,,2025-12-09
혜미2호태양광발전소,,경상북도 예천군 보문면 작곡리 154-1,36.679925841,128.5376740533,,정상가동,99.84,380,60,2024,발전사업용,2022-05-13,경상북도 예천군,,2025-12-09
대경미석 태양광발전소,,"경상북도 예천군 감천면 미석리 1039 , 1039-1",36.7446954276,128.5527224915,,정상가동,449.5,380,60,2024,발전사업용,2022-05-13,경상북도 예천군,,2025-12-09
달문3 태양광발전소,,경상북도 예천군 용궁면 덕계리 161,36.6356191243,128.3212174134,,정상가동,99.84,380,60,2025,발전사업용,2022-05-13,경상북도 예천군,,2025-12-09
신후유천태양광,,"경상북도 예천군 유천면 사곡리 407 , 408, 439, 440",36.6781742254,128.3329543581,,정상가동,800,22900,60,2024,발전사업용,2022-05-13,경상북도 예천군,,2025-12-09
경일1태양광발전소,,경상북도 예천군 유천면 손기리 3 나동,,,,정상가동,92.16,380,60,2025,발전사업용,2022-05-12,경상북도 예천군,,2025-12-09
예천도화1호 태양광발전소,,"경상북도 예천군 지보면 도화리 601 , 602-1, 603, 604, 1112",36.5356121462,128.4093574576,,정상가동,999.92,22900,60,2024,발전사업용,2022-05-06,경상북도 예천군,,2025-12-09
예천도화2호 태양광발전소,,"경상북도 예천군 지보면 도화리 602-2 , 648, 1106-1, 1106-2, 1109-1, 1110, 1111",36.535158064,128.4086770422,,정상가동,580.92,22900,60,2024,발전사업용,2022-05-06,경상북도 예천군,,2025-12-09
일광 발전소,경상북도 예천군 지보면 어신3길 39,,36.5697203273,128.4160478016,,정상가동,99.76,380,60,2022,발전사업용,2022-04-15,경상북도 예천군,,2025-12-09
영광 발전소,경상북도 예천군 지보면 어신3길 39,,36.5697203273,128.4160478016,,정상가동,99.76,380,60,2022,발전사업용,2022-04-15,경상북도 예천군,,2025-12-09
정인 발전소,경상북도 예천군 지보면 어신3길 39,,36.5697203273,128.4160478016,,정상가동,99.76,380,60,2022,발전사업용,2022-04-15,경상북도 예천군,,2025-12-09
유준1 발전소,경상북도 예천군 지보면 어신3길 39,,36.5697203273,128.4160478016,,정상가동,99.76,380,60,2022,발전사업용,2022-04-15,경상북도 예천군,,2025-12-09
하준 발전소,경상북도 예천군 지보면 어신3길 39,,36.5697203273,128.4160478016,,정상가동,99.76,380,60,2022,발전사업용,2022-04-15,경상북도 예천군,,2025-12-09
백암4호태양광발전소,,"경상북도 예천군 효자면 사곡리 179-1 , 180",36.769312988,128.4080140737,,정상가동,41.2,380,60,2023,발전사업용,2022-04-15,경상북도 예천군,,2025-12-09
백암3호태양광발전소,경상북도 예천군 효자면 배바우길 35,,36.7629250447,128.4093367836,,정상가동,49.92,380,60,2023,발전사업용,2022-04-15,경상북도 예천군,,2025-12-09
백암2호태양광발전소,경상북도 예천군 효자면 배바우길 35,,36.7629250447,128.4093367836,,정상가동,99.84,380,60,2023,발전사업용,2022-04-15,경상북도 예천군,,2025-12-09
백암1호태양광발전소,경상북도 예천군 효자면 배바우길 35,,36.7629250447,128.4093367836,,정상가동,99.84,380,60,2023,발전사업용,2022-04-15,경상북도 예천군,,2025-12-09
꼽배기 발전소,경상북도 예천군 예천읍 남읍내길 4-19,,36.6351937674,128.4799744207,,정상가동,99.76,380,60,2024,발전사업용,2022-04-15,경상북도 예천군,,2025-12-09
유준 발전소,경상북도 예천군 예천읍 남읍내길 4-19,,36.6351937674,128.4799744207,,정상가동,99.76,380,60,2024,발전사업용,2022-04-15,경상북도 예천군,,2025-12-09
안정 발전소,경상북도 예천군 예천읍 남읍내길 4-19,,36.6351937674,128.4799744207,,정상가동,99.76,380,60,2024,발전사업용,2022-04-15,경상북도 예천군,,2025-12-09
현내3호태양광발전소,,"경상북도 예천군 감천면 현내리 774 , 775-1 가, 나동",36.7222145388,128.511737311,,정상가동,99.84,380,60,2023,발전사업용,2022-04-15,경상북도 예천군,,2025-12-09
현내2호태양광발전소,,"경상북도 예천군 감천면 현내리 774 , 775-1 가,나동",36.7222145388,128.511737311,,정상가동,99.84,380,60,2023,발전사업용,2022-04-15,경상북도 예천군,,2025-12-09
현내1호태양광발전소,,"경상북도 예천군 감천면 현내리 774 , 775-1, 가,나동",36.7222145388,128.511737311,,정상가동,99.84,380,60,2023,발전사업용,2022-04-15,경상북도 예천군,,2025-12-09
태백3호태양광발전소,,"경상북도 예천군 감천면 현내리 773 , 가동",36.7225293,128.5118106288,,정상가동,99.84,380,60,2023,발전사업용,2022-04-15,경상북도 예천군,,2025-12-09
태백2호태양광발전소,,"경상북도 예천군 감천면 현내리 773 , 가동",36.7225293,128.5118106288,,정상가동,99.84,380,60,2023,발전사업용,2022-04-15,경상북도 예천군,,2025-12-09
태백1호태양광발전소,,"경상북도 예천군 감천면 현내리 773 , 가동",36.7225293,128.5118106288,,정상가동,99.84,380,60,2023,발전사업용,2022-04-15,경상북도 예천군,,2025-12-09
SH2호 태양광발전소,,경상북도 예천군 유천면 송지리 154,36.6397223056,128.3409546489,,정상가동,99.55,380,60,2025,발전사업용,2022-04-15,경상북도 예천군,,2025-12-09
반짝반짝태양광,,"경상북도 예천군 지보면 만화리 302 , 304-1, 304-2",36.5641281287,128.3838008304,,정상가동,499.59,380,60,2025,발전사업용,2022-04-15,경상북도 예천군,,2025-12-09
사라 태양광발전소,,경상북도 예천군 유천면 송지리 154,36.6397223056,128.3409546489,,정상가동,99.55,380,60,2025,발전사업용,2022-04-15,경상북도 예천군,,2025-12-09
정도윤 태양광발전소,,경상북도 예천군 감천면 덕율리 536-2,36.7078706249,128.5018396116,,정상가동,29.1,380,60,2022,발전사업용,2022-04-15,경상북도 예천군,,2025-12-09
신영발전소,,"경상북도 예천군 감천면 유리 217-1 , 가동",36.7618272199,128.5507211205,,정상가동,99.84,380,60,2023,발전사업용,2022-04-15,경상북도 예천군,,2025-12-09
신유발전소,,"경상북도 예천군 감천면 유리 217-1 , 가동",36.7618272199,128.5507211205,,정상가동,99.84,380,60,2023,발전사업용,2022-04-15,경상북도 예천군,,2025-12-09
영풍발전소,,"경상북도 예천군 감천면 유리 217-1 , 나동",36.7618272199,128.5507211205,,정상가동,99.84,380,60,2023,발전사업용,2022-04-15,경상북도 예천군,,2025-12-09
본에너지4호,,"경상북도 예천군 풍양면 풍신리 970 , 951-3",36.459366794,128.3096313458,,정상가동,299.52,380,60,2025,발전사업용,2022-04-15,경상북도 예천군,,2025-12-09
은풍태양광(1호) 발전소,경상북도 예천군 은풍면 은풍로 63-7,,36.7429859734,128.4412523421,,정상가동,16.4,380,60,2022,발전사업용,2022-04-15,경상북도 예천군,,2025-12-09
은풍태양광(2호) 발전소,경상북도 예천군 은풍면 은풍로 63-7,,36.7429859734,128.4412523421,,정상가동,28.7,380,60,2022,발전사업용,2022-04-15,경상북도 예천군,,2025-12-09
예천5호 태양광발전소,,"경상북도 예천군 풍양면 우망리 46 , 47-2, 69",36.5378913977,128.3254507947,,정상가동,89.32,380,60,2024,발전사업용,2022-04-15,경상북도 예천군,,2025-12-09
예천4호 태양광발전소,,"경상북도 예천군 풍양면 우망리 46 , 47-2",36.5378913977,128.3254507947,,정상가동,99.76,380,60,2024,발전사업용,2022-04-15,경상북도 예천군,,2025-12-09
예천3호 태양광발전소,,"경상북도 예천군 풍양면 우망리 46 , 47-2",36.5378913977,128.3254507947,,정상가동,99.76,380,60,2024,발전사업용,2022-04-15,경상북도 예천군,,2025-12-09
예천2호 태양광발전소,,"경상북도 예천군 풍양면 우망리 46 , 47-2",36.5378913977,128.3254507947,,정상가동,99.76,380,60,2024,발전사업용,2022-04-15,경상북도 예천군,,2025-12-09
예천1호 태양광발전소,,"경상북도 예천군 풍양면 우망리 46 , 47-2",36.5378913977,128.3254507947,,정상가동,99.76,380,60,2024,발전사업용,2022-04-15,경상북도 예천군,,2025-12-09
홍현태양광발전소,경상북도 예천군 감천면 관현1길 26-17,,36.7220321789,128.4921071775,,정상가동,70.2,380,60,2023,발전사업용,2022-04-15,경상북도 예천군,,2025-12-09
하늘1태양광발전소,,"경상북도 예천군 보문면 수계리 765 , 766",36.6822841211,128.5400733797,,정상가동,99.84,380,60,2024,발전사업용,2022-04-15,경상북도 예천군,,2025-12-09
수계1태양광발전소,,"경상북도 예천군 보문면 수계리 765 , 766",36.6822841211,128.5400733797,,정상가동,99.84,380,60,2024,발전사업용,2022-04-15,경상북도 예천군,,2025-12-09
수계2태양광발전소,,경상북도 예천군 보문면 수계리 765,36.6822841211,128.5400733797,,정상가동,99.84,380,60,2024,발전사업용,2022-04-15,경상북도 예천군,,2025-12-09
예천행운1호 태양광발전소,,경상북도 예천군 지보면 도화리 1104,36.5348149489,128.4074329854,,정상가동,99.98,380,60,2024,발전사업용,2022-04-15,경상북도 예천군,,2025-12-09
예천도화배내 태양광발전소,,"경상북도 예천군 지보면 도화리 1100 , 1105",36.5342324209,128.4077908944,,정상가동,99.98,380,60,2024,발전사업용,2022-04-15,경상북도 예천군,,2025-12-09
예천행운2 태양광발전소,,경상북도 예천군 지보면 도화리 1104,36.5348149489,128.4074329854,,정상가동,59.99,380,60,2024,발전사업용,2022-04-15,경상북도 예천군,,2025-12-09
후니4 태양광발전소,,"경상북도 예천군 지보면 도화리 1100 , 1105",36.5342324209,128.4077908944,,정상가동,99.98,380,60,2024,발전사업용,2022-04-15,경상북도 예천군,,2025-12-09
예천도화지후 태양광발전소,,"경상북도 예천군 지보면 도화리 1100 , 1105",36.5342324209,128.4077908944,,정상가동,99.98,380,60,2024,발전사업용,2022-04-15,경상북도 예천군,,2025-12-09
지보도화1호 태양광발전소,,"경상북도 예천군 지보면 도화리 497-2 500, 502",,,,정상가동,699.84,22900,60,2025,발전사업용,2022-04-12,경상북도 예천군,,2025-12-09
지보도화2호 태양광발전소,,"경상북도 예천군 지보면 도화리 516 , 517, 518, 519",36.5473590007,128.4115324747,,정상가동,629.64,22900,60,2024,발전사업용,2022-04-12,경상북도 예천군,,2025-12-09
은주솔라에너지,,경상북도 예천군 지보면 도화리 591,36.5397235159,128.4105795878,,정상가동,98.28,380,60,2025,발전사업용,2022-04-11,경상북도 예천군,,2025-12-09
대곡2발전소,,경상북도 예천군 지보면 도화리 591,36.5397235159,128.4105795878,,정상가동,98.28,380,60,2025,발전사업용,2022-04-11,경상북도 예천군,,2025-12-09
죽안솔태양광발전소,,"경상북도 예천군 유천면 죽안리 472-1 472-2, 472-12, 472-14, 474-1(토지 위)",,,,정상가동,99.96,380,60,2025,발전사업용,2022-04-05,경상북도 예천군,,2025-12-09
유림태양광발전소,,"경상북도 예천군 유천면 죽안리 472-4 472-5, 472-9, 472-16, 474-2(토지 위)",,,,정상가동,99.96,380,60,2025,발전사업용,2022-04-05,경상북도 예천군,,2025-12-09
예천윤영태양광발전소,,"경상북도 예천군 유천면 죽안리 472-6 472-10, 472-18, 474-3, 474(토지 위)",,,,정상가동,99.96,380,60,2025,발전사업용,2022-04-05,경상북도 예천군,,2025-12-09
정윤태양광발전소,,"경상북도 예천군 유천면 죽안리 472 , 474",36.6684474142,128.3398302355,,정상가동,99.96,380,60,2025,발전사업용,2022-04-05,경상북도 예천군,,2025-12-09
소리골태양광발전소,,경상북도 예천군 감천면 마촌리 169-1,36.7091952371,128.5344732974,,정상가동,81,380,60,2023,발전사업용,2022-04-04,경상북도 예천군,,2025-12-09
윤도화리2호 태양광발전소,,경상북도 예천군 지보면 도화리 469,36.5420666785,128.4146439377,,정상가동,49.56,380,60,2025,발전사업용,2022-03-21,경상북도 예천군,,2025-12-09
선도화리 태양광발전소,,경상북도 예천군 지보면 도화리 469,36.5420666785,128.4146439377,,정상가동,99.12,380,60,2025,발전사업용,2022-03-21,경상북도 예천군,,2025-12-09
문도화리1호 태양광발전소,,"경상북도 예천군 지보면 도화리 512 , 513",36.5461820214,128.4116879606,,정상가동,99.12,380,60,2025,발전사업용,2022-03-21,경상북도 예천군,,2025-12-09
선로드도화리 태양광발전소,,"경상북도 예천군 지보면 도화리 512 , 513",36.5461820214,128.4116879606,,정상가동,391.04,380,60,2025,발전사업용,2022-03-21,경상북도 예천군,,2025-12-09
윤도화리1호 태양광발전소,,"경상북도 예천군 지보면 도화리 512 , 513",36.5461820214,128.4116879606,,정상가동,99.12,380,60,2025,발전사업용,2022-03-21,경상북도 예천군,,2025-12-09
문도화리2호 태양광발전소,,경상북도 예천군 지보면 도화리 469,36.5420666785,128.4146439377,,정상가동,99.12,380,60,2025,발전사업용,2022-03-21,경상북도 예천군,,2025-12-09
화에너지,,경상북도 예천군 예천읍 갈구리 179,36.6968263215,128.481034164,,정상가동,99.9,380,60,2023,발전사업용,2022-03-16,경상북도 예천군,,2025-12-09
무오에너지,,경상북도 예천군 예천읍 갈구리 179,36.6968263215,128.481034164,,정상가동,49.5,380,60,2023,발전사업용,2022-03-16,경상북도 예천군,,2025-12-09
상도에너지,,경상북도 예천군 예천읍 갈구리 158,36.6948334941,128.4817227722,,정상가동,99.9,380,60,2024,발전사업용,2022-03-16,경상북도 예천군,,2025-12-09
월에너지,,경상북도 예천군 예천읍 갈구리 179,36.6968263215,128.481034164,,정상가동,99.9,380,60,2023,발전사업용,2022-03-16,경상북도 예천군,,2025-12-09
가곡3호태양광발전소,,경상북도 예천군 개포면 가곡리 818,36.5946763856,128.3395329115,,정상가동,94.16,380,60,2023,발전사업용,2022-03-16,경상북도 예천군,,2025-12-09
가곡2호태양광발전소,,경상북도 예천군 개포면 가곡리 818-1 (토지 위),36.5945511981,128.339564415,,정상가동,94.16,380,60,2023,발전사업용,2022-03-16,경상북도 예천군,,2025-12-09
가곡1호태양광발전소,,경상북도 예천군 개포면 가곡리 818-2 (토지 위),36.5944982626,128.339308825,,정상가동,94.16,380,60,2023,발전사업용,2022-03-16,경상북도 예천군,,2025-12-09
한이 태양광발전소,,경상북도 예천군 개포면 황산리 35-1,36.6185785219,128.3376825036,,정상가동,99.76,380,60,2023,발전사업용,2022-03-16,경상북도 예천군,,2025-12-09
대한이엔씨8호발전소,,경상북도 예천군 예천읍 갈구리 158,36.6948334941,128.4817227722,,정상가동,99.9,380,60,2024,발전사업용,2022-03-16,경상북도 예천군,,2025-12-09
대한이엔씨7호발전소,,경상북도 예천군 예천읍 갈구리 158,36.6948334941,128.4817227722,,정상가동,99.9,380,60,2024,발전사업용,2022-03-16,경상북도 예천군,,2025-12-09
대한이엔씨6호발전소,,경상북도 예천군 예천읍 갈구리 158,36.6948334941,128.4817227722,,정상가동,99.9,380,60,2024,발전사업용,2022-03-16,경상북도 예천군,,2025-12-09
대한이엔씨5호발전소,,경상북도 예천군 예천읍 갈구리 158,36.6948334941,128.4817227722,,정상가동,99.9,380,60,2024,발전사업용,2022-03-16,경상북도 예천군,,2025-12-09
대한이엔씨4호발전소,,경상북도 예천군 예천읍 갈구리 158,36.6948334941,128.4817227722,,정상가동,99.9,380,60,2022,발전사업용,2022-03-16,경상북도 예천군,,2025-12-09
수민태양광발전소,,경상북도 예천군 감천면 현내리 655,36.7274127889,128.5123170203,,정상가동,99.84,380,60,2023,발전사업용,2022-03-16,경상북도 예천군,,2025-12-09
경희태양광발전소,,"경상북도 예천군 감천면 현내리 680 , 681",36.7286783188,128.5084284529,,정상가동,77.76,380,60,2023,발전사업용,2022-03-16,경상북도 예천군,,2025-12-09
감천태양광발전소,,"경상북도 예천군 감천면 현내리 680 , 681",36.7286783188,128.5084284529,,정상가동,99.84,380,60,2023,발전사업용,2022-03-16,경상북도 예천군,,2025-12-09
도윤태양광발전소,,경상북도 예천군 감천면 현내리 655,36.7274127889,128.5123170203,,정상가동,99.84,380,60,2023,발전사업용,2022-03-16,경상북도 예천군,,2025-12-09
주하태양광발전소,,경상북도 예천군 감천면 현내리 655,36.7274127889,128.5123170203,,정상가동,99.84,380,60,2023,발전사업용,2022-03-16,경상북도 예천군,,2025-12-09
보문태양광발전소,,경상북도 예천군 감천면 현내리 655,36.7274127889,128.5123170203,,정상가동,29.76,380,60,2023,발전사업용,2022-03-16,경상북도 예천군,,2025-12-09
예천스카이솔라,,경상북도 예천군 보문면 수계리 738,36.6844087401,128.5424958749,,정상가동,44.16,380,60,2024,발전사업용,2022-03-16,경상북도 예천군,,2025-12-09
중산태양광발전소,,"경상북도 예천군 보문면 수계리 738 , 739-2",36.6844087401,128.5424958749,,정상가동,99.84,380,60,2024,발전사업용,2022-03-16,경상북도 예천군,,2025-12-09
명동5호태양광발전소,,"경상북도 예천군 보문면 수계리 738 , 739-2",36.6844087401,128.5424958749,,정상가동,99.84,380,60,2024,발전사업용,2022-03-16,경상북도 예천군,,2025-12-09
대경5호태양광발전소,,"경상북도 예천군 보문면 수계리 738 , 739-2",36.6844087401,128.5424958749,,정상가동,99.84,380,60,2024,발전사업용,2022-03-16,경상북도 예천군,,2025-12-09
혈통1호 태양광발전소,,"경상북도 예천군 지보면 송평리 649 , 650, 745-2(가동)",36.5760105806,128.4026964741,,정상가동,99.9,380,60,2022,발전사업용,2022-03-16,경상북도 예천군,,2025-12-09
혈통2호 태양광발전소,,"경상북도 예천군 지보면 송평리 649 , 650, 745-2(라동)",36.5760105806,128.4026964741,,정상가동,30,380,60,2022,발전사업용,2022-03-16,경상북도 예천군,,2025-12-09
진성3호 태양광발전소,,"경상북도 예천군 유천면 송전리 23 , 24",36.6729371833,128.3637481202,,정상가동,99.36,380,60,2025,발전사업용,2022-03-16,경상북도 예천군,,2025-12-09
혈통 태양광발전소,,"경상북도 예천군 지보면 송평리 649 , 650, 745-2(라동)",36.5760105806,128.4026964741,,정상가동,99.9,380,60,2022,발전사업용,2022-03-16,경상북도 예천군,,2025-12-09
경원4태양광발전소,,경상북도 예천군 풍양면 효갈리 1250-1,36.4928348588,128.2851907967,,정상가동,99.6,380,60,2022,발전사업용,2022-03-16,경상북도 예천군,,2025-12-09
경원2태양광발전소,,경상북도 예천군 풍양면 효갈리 1250-1,36.4928348588,128.2851907967,,정상가동,99.6,380,60,2022,발전사업용,2022-03-16,경상북도 예천군,,2025-12-09
갓바위태양광발전소,경상북도 예천군 감천면 중산길 37-43,,36.7442989929,128.5152575783,,정상가동,29.76,380,60,2024,발전사업용,2022-03-16,경상북도 예천군,,2025-12-09
송전4호 태양광발전소,,"경상북도 예천군 유천면 송전리 23 , 24",36.6729371833,128.3637481202,,정상가동,99.36,380,60,2025,발전사업용,2022-03-16,경상북도 예천군,,2025-12-09
송전3호 태양광발전소,,"경상북도 예천군 유천면 송전리 23 , 24",36.6729371833,128.3637481202,,정상가동,99.36,380,60,2025,발전사업용,2022-03-16,경상북도 예천군,,2025-12-09
오송3호 태양광발전소,경상북도 예천군 지보면 오송길 176-12,,36.5711908046,128.3996683463,,정상가동,99.51,380,60,2022,발전사업용,2022-02-14,경상북도 예천군,,2025-12-09
천종발전소,경상북도 예천군 지보면 매창길 152,,36.5385602356,128.366264907,,정상가동,99.84,380,60,2022,발전사업용,2022-02-09,경상북도 예천군,,2025-12-09
일에너지,경상북도 예천군 예천읍 갈구2길 210-15,,36.6968263215,128.481034164,,정상가동,99.9,380,60,2023,발전사업용,2022-02-09,경상북도 예천군,,2025-12-09
토에너지,경상북도 예천군 예천읍 갈구2길 210-15,,36.6968263215,128.481034164,,정상가동,99.9,380,60,2023,발전사업용,2022-02-09,경상북도 예천군,,2025-12-09
금에너지,경상북도 예천군 예천읍 갈구2길 210-15,,36.6968263215,128.481034164,,정상가동,99.9,380,60,2023,발전사업용,2022-02-09,경상북도 예천군,,2025-12-09
목에너지,경상북도 예천군 예천읍 갈구2길 210-15,,36.6968263215,128.481034164,,정상가동,99.9,380,60,2023,발전사업용,2022-02-09,경상북도 예천군,,2025-12-09
수에너지,경상북도 예천군 예천읍 갈구2길 210-15,,36.6968263215,128.481034164,,정상가동,99.9,380,60,2023,발전사업용,2022-02-09,경상북도 예천군,,2025-12-09
햇살발전소,,"경상북도 예천군 감천면 유리 257 , 가동",36.7625862895,128.5527360203,,정상가동,99.76,380,60,2023,발전사업용,2022-02-09,경상북도 예천군,,2025-12-09
건우발전소,,"경상북도 예천군 감천면 유리 257 , 나동",36.7625862895,128.5527360203,,정상가동,99.76,380,60,2023,발전사업용,2022-02-09,경상북도 예천군,,2025-12-09
샘터발전소,,"경상북도 예천군 감천면 유리 257 , 다동",36.7625862895,128.5527360203,,정상가동,99.76,380,60,2023,발전사업용,2022-02-09,경상북도 예천군,,2025-12-09
연세발전소,,"경상북도 예천군 감천면 유리 257 , 라동",36.7625862895,128.5527360203,,정상가동,99.76,380,60,2023,발전사업용,2022-02-09,경상북도 예천군,,2025-12-09
옹달샘발전소,,"경상북도 예천군 감천면 유리 257 , 마동",36.7625862895,128.5527360203,,정상가동,99.76,380,60,2023,발전사업용,2022-02-09,경상북도 예천군,,2025-12-09
(주)튼튼하이2 태양광발전소,,"경상북도 예천군 유천면 송지리 555 , 555-2",36.644780963,128.3386082087,,정상가동,453.6,380,60,2025,발전사업용,2022-02-09,경상북도 예천군,,2025-12-09
장우진 태양광발전소,,경상북도 예천군 감천면 포리 5-1,36.7215460194,128.5371080733,,정상가동,99.84,380,60,2023,발전사업용,2022-02-09,경상북도 예천군,,2025-12-09
다물 태양광발전소,,경상북도 예천군 풍양면 흥천리 146,36.5069438985,128.3306957327,,정상가동,99.84,380,60,2024,발전사업용,2022-02-09,경상북도 예천군,,2025-12-09
소천1호 태양광발전소,경상북도 예천군 지보면 오송길 177,,36.5716217535,128.400918513,,정상가동,95.3,380,60,2022,발전사업용,2022-01-27,경상북도 예천군,,2025-12-09
소천2호 태양광발전소,경상북도 예천군 지보면 오송길 177,,36.5716217535,128.400918513,,정상가동,95.3,380,60,2022,발전사업용,2022-01-27,경상북도 예천군,,2025-12-09
에스엠 솔라 태양광발전소,,경상북도 예천군 보문면 작곡리 142-1,36.6766180201,128.5387740051,,정상가동,99.6,380,60,2024,발전사업용,2022-01-20,경상북도 예천군,,2025-12-09
한빛 솔라 태양광발전소,,경상북도 예천군 보문면 작곡리 142-1,36.6766180201,128.5387740051,,정상가동,99.6,380,60,2024,발전사업용,2022-01-20,경상북도 예천군,,2025-12-09
맑은 하늘 태양광발전소,,경상북도 예천군 용문면 하금곡리 229,36.6937609967,128.4266621135,,정상가동,19.2,380,60,2022,발전사업용,2022-01-20,경상북도 예천군,,2025-12-09
지에스 태양광 발전소,,경상북도 예천군 보문면 작곡리 142-1,36.6766180201,128.5387740051,,정상가동,99.84,380,60,2024,발전사업용,2022-01-20,경상북도 예천군,,2025-12-09
해나라 태양광발전소,,경상북도 예천군 용문면 하금곡리 229,36.6937609967,128.4266621135,,정상가동,99.84,380,60,2022,발전사업용,2022-01-20,경상북도 예천군,,2025-12-09
우일용두 태양광발전소,"경상북도 예천군 효자면 도효자로 2090, 소백산용두황태",,36.7988433952,128.3781780158,,정상가동,234.59,380,60,2023,발전사업용,2022-01-13,경상북도 예천군,,2025-12-09
기곡태양광발전소,,경상북도 예천군 보문면 기곡리 416,36.7017982159,128.5714121225,,정상가동,433.75,380,60,2024,발전사업용,2022-01-13,경상북도 예천군,,2025-12-09
정성진1호발전소,,경상북도 예천군 풍양면 청운리 345,36.5391729135,128.2923729677,,정상가동,99.84,380,60,2024,발전사업용,2022-01-13,경상북도 예천군,,2025-12-09
정성진2호발전소,경상북도 예천군 풍양면 삼강로 751-70,,36.5391748846,128.2923740055,,정상가동,99.84,380,60,2024,발전사업용,2022-01-13,경상북도 예천군,,2025-12-09
풍성1 태양광 발전소,경상북도 예천군 감천면 옥계천로 114-121,,36.7411412282,128.5520200298,,정상가동,99.76,380,60,2023,발전사업용,2022-01-13,경상북도 예천군,,2025-12-09
예림발전소,,"경상북도 예천군 보문면 수계리 731 , 732",36.6860313593,128.5435152119,,정상가동,98.8,380,60,2024,발전사업용,2022-01-13,경상북도 예천군,,2025-12-09
경동발전소,,"경상북도 예천군 보문면 수계리 731 , 732",36.6860313593,128.5435152119,,정상가동,98.8,380,60,2024,발전사업용,2022-01-13,경상북도 예천군,,2025-12-09
샤인발전소,,"경상북도 예천군 보문면 수계리 731 , 732",36.6860313593,128.5435152119,,정상가동,98.8,380,60,2024,발전사업용,2022-01-13,경상북도 예천군,,2025-12-09
대백발전소,,"경상북도 예천군 보문면 수계리 731 , 732",36.6860313593,128.5435152119,,정상가동,48.45,380,60,2024,발전사업용,2022-01-13,경상북도 예천군,,2025-12-09
종보2호태양광발전소,"경상북도 예천군 용문면 반서울로 353, 맛질친환경우렁이쌀겨작목반",,36.7024586931,128.4420713812,,정상가동,85.84,380,60,2022,발전사업용,2022-01-13,경상북도 예천군,,2025-12-09
남도1태양광발전소,,"경상북도 예천군 예천읍 고평리 758-2 , 760, 760-1",36.6307989016,128.4775303261,,정상가동,99.36,380,60,2024,발전사업용,2022-01-13,경상북도 예천군,,2025-12-09
남도2태양광발전소,,"경상북도 예천군 예천읍 고평리 758-2 , 760, 760-1",36.6307989016,128.4775303261,,정상가동,99.36,380,60,2024,발전사업용,2022-01-13,경상북도 예천군,,2025-12-09
명성태양광발전소,경상북도 예천군 감천면 옥계천로 114-140,,36.7401293749,128.5500440787,,정상가동,99.9,380,60,2023,발전사업용,2022-01-13,경상북도 예천군,,2025-12-09
양지 태양광발전소,,경상북도 예천군 지보면 마전리 453-1,36.5424806672,128.3828808804,,정상가동,44.85,380,60,2022,발전사업용,2022-01-13,경상북도 예천군,,2025-12-09
덕산 태양광발전소,경상북도 예천군 호명면 새랄길 17-10,,,,,정상가동,99.76,380,60,2024,발전사업용,2022-01-13,경상북도 예천군,,2025-12-09
미석리2호태양광발전소,,"경상북도 예천군 감천면 미석리 262 , 262-1",36.7453150132,128.5635411182,,정상가동,99.84,380,60,2024,발전사업용,2022-01-13,경상북도 예천군,,2025-12-09
미석리3호태양광발전소,,"경상북도 예천군 감천면 미석리 262 , 262-1",36.7453150132,128.5635411182,,정상가동,99.84,380,60,2024,발전사업용,2022-01-13,경상북도 예천군,,2025-12-09
미석리1호태양광발전소,,"경상북도 예천군 감천면 미석리 262 , 262-1",36.7453150132,128.5635411182,,정상가동,99.84,380,60,2024,발전사업용,2022-01-13,경상북도 예천군,,2025-12-09
성창 태양광발전소,,경상북도 예천군 보문면 간방리 348,36.6926016299,128.5103523903,,정상가동,99.84,380,60,2023,발전사업용,2022-01-13,경상북도 예천군,,2025-12-09
한우리2태양광발전소,경상북도 예천군 유천면 화전길 21-151,,36.6761957229,128.3298423851,,정상가동,99.51,380,60,2024,발전사업용,2022-01-13,경상북도 예천군,,2025-12-09
한우리태양광발전소,경상북도 예천군 유천면 화전길 21-151,,36.6761957229,128.3298423851,,정상가동,99.51,380,60,2024,발전사업용,2022-01-13,경상북도 예천군,,2025-12-09
유리4호태양광발전소,,"경상북도 예천군 감천면 유리 557 , 560",36.7529190206,128.5401204382,,정상가동,99.51,380,60,2023,발전사업용,2022-01-13,경상북도 예천군,,2025-12-09
유리2호태양광발전소,,"경상북도 예천군 감천면 유리 557 , 560",36.7529190206,128.5401204382,,정상가동,99.51,380,60,2023,발전사업용,2022-01-13,경상북도 예천군,,2025-12-09
유리3호태양광발전소,,경상북도 예천군 감천면 유리 557 560,,,,정상가동,99.51,380,60,2023,발전사업용,2022-01-13,경상북도 예천군,,2025-12-09
유리1호태양광발전소,,"경상북도 예천군 감천면 유리 557 , 560",36.7529190206,128.5401204382,,정상가동,99.51,380,60,2023,발전사업용,2022-01-13,경상북도 예천군,,2025-12-09
우복2 태양광발전소,,경상북도 예천군 지보면 도화리 1109,36.5353609212,128.4080560868,,정상가동,99,380,60,2024,발전사업용,2022-01-13,경상북도 예천군,,2025-12-09
우복1 태양광발전소,,경상북도 예천군 지보면 도화리 1109,36.5353609212,128.4080560868,,정상가동,99,380,60,2024,발전사업용,2022-01-13,경상북도 예천군,,2025-12-09
우복3 태양광발전소,,경상북도 예천군 지보면 도화리 1109,36.5353609212,128.4080560868,,정상가동,99,380,60,2024,발전사업용,2022-01-13,경상북도 예천군,,2025-12-09
가람에너지,경상북도 예천군 유천면 고림2길 53-45,,36.6449959414,128.3556316927,,정상가동,99.9,380,60,2025,발전사업용,2022-01-13,경상북도 예천군,,2025-12-09
세움에너지,경상북도 예천군 유천면 고림2길 53-45,,36.6449959414,128.3556316927,,정상가동,99.9,380,60,2024,발전사업용,2022-01-13,경상북도 예천군,,2025-12-09
가인발전2,경상북도 예천군 보문면 휴양림길 90-17,,36.6882542783,128.5887982582,,정상가동,55.68,380,60,2023,발전사업용,2022-01-13,경상북도 예천군,,2025-12-09
종산 다 태양광발전소,경상북도 예천군 호명면 종산길 235-30,,,,,정상가동,94.58,380,60,2022,발전사업용,2022-01-13,경상북도 예천군,,2025-12-09
종산 라 태양광발전소,경상북도 예천군 호명면 종산길 235-30,,,,,정상가동,94.58,380,60,2022,발전사업용,2022-01-13,경상북도 예천군,,2025-12-09
종산 나 태양광발전소,경상북도 예천군 호명면 종산길 235-30,,,,,정상가동,94.58,380,60,2022,발전사업용,2022-01-13,경상북도 예천군,,2025-12-09
종산 가 태양광발전소,경상북도 예천군 호명면 종산길 235-30,,,,,정상가동,94.58,380,60,2022,발전사업용,2022-01-13,경상북도 예천군,,2025-12-09
풍성2 태양광 발전소,경상북도 예천군 감천면 옥계천로 114-121,,36.7411412282,128.5520200298,,정상가동,99.76,380,60,2023,발전사업용,2022-01-13,경상북도 예천군,,2025-12-09
호경제2호태양광발전소,,경상북도 예천군 호명면 월포리 106-1,,,,정상가동,99.51,380,60,2022,발전사업용,2021-12-20,경상북도 예천군,,2025-12-09
대진제1발전소,,경상북도 예천군 지보면 도화리 510,36.5455931623,128.411885509,,정상가동,99.51,380,60,2024,발전사업용,2021-12-20,경상북도 예천군,,2025-12-09
통명제4태양광발전소,,경상북도 예천군 예천읍 통명리 373,36.6623911989,128.4750702866,,정상가동,99.9,380,60,2024,발전사업용,2021-12-20,경상북도 예천군,,2025-12-09
도도제2발전소,,"경상북도 예천군 지보면 도화리 509 , 510",36.545270406,128.4118781705,,정상가동,99.51,380,60,2024,발전사업용,2021-12-20,경상북도 예천군,,2025-12-09
도도제1발전소,,경상북도 예천군 지보면 도화리 509,36.545270406,128.4118781705,,정상가동,99.51,380,60,2024,발전사업용,2021-12-20,경상북도 예천군,,2025-12-09
고라니발전소,,경상북도 예천군 지보면 매창리 53,36.5344547329,128.3674914794,,정상가동,69.16,380,60,2023,발전사업용,2021-12-20,경상북도 예천군,,2025-12-09
호경제1호태양광발전소,,경상북도 예천군 호명면 월포리 106,,,,정상가동,99.51,380,60,2022,발전사업용,2021-12-20,경상북도 예천군,,2025-12-09
정훈 태양광발전소,,"경상북도 예천군 유천면 율현리 25 , 26",36.6474769399,128.3625275585,,정상가동,98.28,380,60,2025,발전사업용,2021-12-20,경상북도 예천군,,2025-12-09
남희 태양광발전소,,"경상북도 예천군 유천면 율현리 25 , 26",36.6474769399,128.3625275585,,정상가동,98.28,380,60,2025,발전사업용,2021-12-20,경상북도 예천군,,2025-12-09
상구 태양광발전소,,"경상북도 예천군 유천면 율현리 25 , 26",36.6474769399,128.3625275585,,정상가동,99.76,380,60,2025,발전사업용,2021-12-20,경상북도 예천군,,2025-12-09
신후마촌태양광,,경상북도 예천군 감천면 마촌리 518-3,36.7002178023,128.5248213339,,정상가동,99.45,380,60,2023,발전사업용,2021-12-20,경상북도 예천군,,2025-12-09
지훈 태양광발전소,,"경상북도 예천군 유천면 율현리 25 , 26",36.6474769399,128.3625275585,,정상가동,98.28,380,60,2025,발전사업용,2021-12-20,경상북도 예천군,,2025-12-09
지성6호 태양광발전소,,경상북도 예천군 호명면 본리 324,,,,정상가동,99.19,380,60,2022,발전사업용,2021-12-20,경상북도 예천군,,2025-12-09
지성7호 태양광발전소,,경상북도 예천군 호명면 본리 324,,,,정상가동,99.19,380,60,2022,발전사업용,2021-12-20,경상북도 예천군,,2025-12-09
오송2호 태양광발전소,,경상북도 예천군 지보면 만화리 1,36.5709808797,128.3991429911,,정상가동,99.51,380,60,2022,발전사업용,2021-12-03,경상북도 예천군,,2025-12-09
봄봄 2 발전소,,경상북도 예천군 풍양면 흔효리 343-2,36.5133345174,128.3236904437,,정상가동,99,380,60,2022,발전사업용,2021-12-03,경상북도 예천군,,2025-12-09
호명발전소,,경상북도 예천군 호명면 오천리 170-7,,,,정상가동,17.25,380,60,2022,발전사업용,2021-12-03,경상북도 예천군,,2025-12-09
창국한2호 태양광발전소,,경상북도 예천군 지보면 암천리 403-1,36.5653651979,128.4503390551,,정상가동,99.51,380,60,2025,발전사업용,2021-12-03,경상북도 예천군,,2025-12-09
창국한3호 태양광발전소,,경상북도 예천군 지보면 암천리 403-1,36.5653651979,128.4503390551,,정상가동,49.75,380,60,2025,발전사업용,2021-12-03,경상북도 예천군,,2025-12-09
창국한1호 태양광발전소,,경상북도 예천군 지보면 암천리 403-1,36.5653651979,128.4503390551,,정상가동,99.51,380,60,2025,발전사업용,2021-12-03,경상북도 예천군,,2025-12-09
오송1호 태양광발전소,,경상북도 예천군 지보면 만화리 1,36.5709808797,128.3991429911,,정상가동,99.51,380,60,2022,발전사업용,2021-12-03,경상북도 예천군,,2025-12-09
모든1호 태양광발전소,,경상북도 예천군 감천면 미석리 1142-4,36.7419122581,128.5523579339,,정상가동,99.76,380,60,2023,발전사업용,2021-12-04,경상북도 예천군,,2025-12-09
모든2호 태양광발전소,,경상북도 예천군 감천면 미석리 1142-4,36.7419122581,128.5523579339,,정상가동,99.76,380,60,2023,발전사업용,2021-12-02,경상북도 예천군,,2025-12-09
모든3호 태양광발전소,,경상북도 예천군 감천면 미석리 1142-4,36.7419122581,128.5523579339,,정상가동,99.76,380,60,2023,발전사업용,2021-12-02,경상북도 예천군,,2025-12-09
모든4호 태양광발전소,,경상북도 예천군 감천면 미석리 1142-4,36.7419122581,128.5523579339,,정상가동,99.76,380,60,2023,발전사업용,2021-12-02,경상북도 예천군,,2025-12-09
세현태양광발전소,,"경상북도 예천군 유천면 고림리 312 , 318, 319-1, 319-2",36.655119863,128.3519208538,,정상가동,99.84,380,60,2025,발전사업용,2021-12-02,경상북도 예천군,,2025-12-09
수연태양광발전소,,"경상북도 예천군 유천면 고림리 312 , 318, 319-1, 319-2",36.655119863,128.3519208538,,정상가동,99.84,380,60,2025,발전사업용,2021-12-02,경상북도 예천군,,2025-12-09
에이치에쓰태양광발전소,,"경상북도 예천군 유천면 고림리 312 , 318, 319-1, 319-2",36.655119863,128.3519208538,,정상가동,99.84,380,60,2025,발전사업용,2021-12-02,경상북도 예천군,,2025-12-09
그린에너지,,경상북도 예천군 예천읍 갈구리 154-1,36.6941842341,128.4810053124,,정상가동,99.9,380,60,2024,발전사업용,2021-12-02,경상북도 예천군,,2025-12-09
경민태양광발전소,,"경상북도 예천군 유천면 고림리 312 , 318, 319-1, 319-2",36.655119863,128.3519208538,,정상가동,99.84,380,60,2025,발전사업용,2021-12-02,경상북도 예천군,,2025-12-09
민석태양광발전소,,"경상북도 예천군 유천면 고림리 312 , 318, 319-1, 319-2",36.655119863,128.3519208538,,정상가동,99.84,380,60,2025,발전사업용,2021-12-02,경상북도 예천군,,2025-12-09
제이더블유태양광발전소,,"경상북도 예천군 유천면 고림리 312 , 318, 319-1, 319-2",36.655119863,128.3519208538,,정상가동,99.84,380,60,2025,발전사업용,2021-12-02,경상북도 예천군,,2025-12-09
이룸에너지,,경상북도 예천군 예천읍 갈구리 154-1,36.6941842341,128.4810053124,,정상가동,99.9,380,60,2024,발전사업용,2021-12-02,경상북도 예천군,,2025-12-09
일성에너지,,경상북도 예천군 예천읍 갈구리 154-1,36.6941842341,128.4810053124,,정상가동,99.9,380,60,2024,발전사업용,2021-12-02,경상북도 예천군,,2025-12-09
원호발전소,,경상북도 예천군 감천면 증거리 46-3,36.7441483346,128.5234445404,,정상가동,99.19,380,60,2023,발전사업용,2021-11-04,경상북도 예천군,,2025-12-09
ELI2호 태양광발전소,,경상북도 예천군 용문면 선리 79-1,36.7193099942,128.4077108606,,정상가동,51.87,380,60,2022,발전사업용,2021-11-04,경상북도 예천군,,2025-12-09
ELI1호 태양광발전소,,경상북도 예천군 용문면 선리 79-1,36.7193099942,128.4077108606,,정상가동,99.19,380,60,2022,발전사업용,2021-11-04,경상북도 예천군,,2025-12-09
소화3호태양광발전소,,경상북도 예천군 지보면 소화리 35-2,36.5591166321,128.4039386916,,정상가동,99.9,380,60,2022,발전사업용,2021-11-04,경상북도 예천군,,2025-12-09
소화4호태양광발전소,,경상북도 예천군 지보면 소화리 35-2,36.5591166321,128.4039386916,,정상가동,99.9,380,60,2022,발전사업용,2021-11-04,경상북도 예천군,,2025-12-09
유나태양광발전소,,경상북도 예천군 지보면 송평리 553,36.5694987292,128.4007435433,,정상가동,99.96,380,60,2022,발전사업용,2021-11-01,경상북도 예천군,,2025-12-09
아영태양광발전소,,경상북도 예천군 지보면 송평리 553,36.5694987292,128.4007435433,,정상가동,99.96,380,60,2022,발전사업용,2021-11-01,경상북도 예천군,,2025-12-09
은찬2호태양광발전소,,"경상북도 예천군 지보면 송평리 380-1 , 381",36.5752905912,128.4095811703,,정상가동,99.96,380,60,2021,발전사업용,2021-11-01,경상북도 예천군,,2025-12-09
하나태양광발전소,,경상북도 예천군 지보면 송평리 380-1 381,,,,정상가동,99.96,380,60,2021,발전사업용,2021-11-01,경상북도 예천군,,2025-12-09
아현태양광발전소,,"경상북도 예천군 지보면 송평리 380-1 , 381",36.5752905912,128.4095811703,,정상가동,99.96,380,60,2021,발전사업용,2021-11-01,경상북도 예천군,,2025-12-09
유나2호태양광발전소,,"경상북도 예천군 지보면 송평리 380-1 , 381",36.5752905912,128.4095811703,,정상가동,99.96,380,60,2021,발전사업용,2021-11-01,경상북도 예천군,,2025-12-09
아영2호태양광발전소,,"경상북도 예천군 지보면 송평리 380-1 , 381",36.5752905912,128.4095811703,,정상가동,99.96,380,60,2021,발전사업용,2021-11-01,경상북도 예천군,,2025-12-09
은찬태양광발전소,,경상북도 예천군 지보면 송평리 553,36.5694987292,128.4007435433,,정상가동,99.96,380,60,2022,발전사업용,2021-11-01,경상북도 예천군,,2025-12-09
아희태양광발전소,,"경상북도 예천군 지보면 송평리 380-1 , 381",36.5752905912,128.4095811703,,정상가동,99.96,380,60,2021,발전사업용,2021-11-01,경상북도 예천군,,2025-12-09
하리발전소,,경상북도 예천군 예천읍 고평리 413-1,36.6345592601,128.4786701722,,정상가동,99.82,380,60,2022,발전사업용,2021-11-04,경상북도 예천군,,2025-12-09
하리발전소1호,,경상북도 예천군 예천읍 고평리 413-1,36.6345592601,128.4786701722,,정상가동,99.82,380,60,2023,발전사업용,2021-11-04,경상북도 예천군,,2025-12-09
재일 태양광발전소,,경상북도 예천군 지보면 수월리 907-1,36.5915262885,128.3880440151,,정상가동,98.28,380,60,2021,발전사업용,2021-10-12,경상북도 예천군,,2025-12-09
우은경 태양광발전소,,경상북도 예천군 지보면 수월리 907-1,36.5915262885,128.3880440151,,정상가동,98.28,380,60,2021,발전사업용,2021-10-12,경상북도 예천군,,2025-12-09
은경 태양광발전소,,경상북도 예천군 지보면 수월리 907-1,36.5915262885,128.3880440151,,정상가동,98.28,380,60,2021,발전사업용,2019-01-08,경상북도 예천군,,2025-12-09
지보솔라3,,경상북도 예천군 지보면 송평리 381-1,36.5745004169,128.4101015877,,정상가동,99.96,380,60,2021,발전사업용,2021-11-01,경상북도 예천군,,2025-12-09
수정발전소3,,경상북도 예천군 지보면 송평리 381-1,36.5745004169,128.4101015877,,정상가동,99.96,380,60,2021,발전사업용,2021-11-01,경상북도 예천군,,2025-12-09
라니발전소2,,경상북도 예천군 지보면 송평리 381-1,36.5745004169,128.4101015877,,정상가동,99.96,380,60,2021,발전사업용,2021-11-01,경상북도 예천군,,2025-12-09
지보솔라4,,경상북도 예천군 지보면 송평리 381-1,36.5745004169,128.4101015877,,정상가동,99.96,380,60,2021,발전사업용,2021-11-01,경상북도 예천군,,2025-12-09
라니발전소,,경상북도 예천군 지보면 송평리 551,36.5699923105,128.4003008182,,정상가동,99.96,380,60,2021,발전사업용,2021-10-12,경상북도 예천군,,2025-12-09
지보솔라2,,경상북도 예천군 지보면 송평리 551,36.5699923105,128.4003008182,,정상가동,99.96,380,60,2021,발전사업용,2021-10-12,경상북도 예천군,,2025-12-09
지보솔라1,,경상북도 예천군 지보면 송평리 551,36.5699923105,128.4003008182,,정상가동,99.96,380,60,2021,발전사업용,2021-10-12,경상북도 예천군,,2025-12-09
수정발전소2,,경상북도 예천군 지보면 송평리 551,36.5699923105,128.4003008182,,정상가동,99.96,380,60,2021,발전사업용,2021-10-12,경상북도 예천군,,2025-12-09
명문3호 태양광발전소,,경상북도 예천군 지보면 송평리 551,36.5699923105,128.4003008182,,정상가동,99.96,380,60,2021,발전사업용,2021-10-12,경상북도 예천군,,2025-12-09
순택 태양광발전소,,경상북도 예천군 지보면 마전리 387,36.5389827678,128.3858392174,,정상가동,29.7,380,60,2021,발전사업용,2021-10-12,경상북도 예천군,,2025-12-09
민현태양광발전소,,"경상북도 예천군 감천면 유리 461 , 554-1",36.7512203995,128.5416039837,,정상가동,99.45,380,60,2023,발전사업용,2021-10-12,경상북도 예천군,,2025-12-09
주성태양광발전소,,"경상북도 예천군 감천면 유리 461 , 554-1",36.7512203995,128.5416039837,,정상가동,99.45,380,60,2023,발전사업용,2021-10-12,경상북도 예천군,,2025-12-09
김종화 태양광,,경상북도 예천군 지보면 마전리 453-1,36.5424806672,128.3828808804,,정상가동,99.51,380,60,2021,발전사업용,2021-10-12,경상북도 예천군,,2025-12-09
도화 미래쏠라 발전소,,경상북도 예천군 지보면 도화리 515,36.5471423139,128.4115601006,,정상가동,99.51,380,60,2024,발전사업용,2021-09-23,경상북도 예천군,,2025-12-09
석명 태양광3호(가)발전소,,경상북도 예천군 지보면 도화리 1504,36.5204506864,128.3915737654,,정상가동,99.9,380,60,2025,발전사업용,2021-08-31,경상북도 예천군,,2025-12-09
석명 태양광5 발전소,,경상북도 예천군 지보면 마전리 1162,36.5294387923,128.3691428797,,정상가동,76.14,380,60,2025,발전사업용,2021-08-31,경상북도 예천군,,2025-12-09
메가케이1 발전소,,경상북도 예천군 지보면 송평리 551-1,36.5697282815,128.4005629231,,정상가동,99.36,380,60,2021,발전사업용,2021-08-31,경상북도 예천군,,2025-12-09
가연 발전소,,경상북도 예천군 지보면 송평리 551-1,36.5697282815,128.4005629231,,정상가동,99.36,380,60,2021,발전사업용,2021-08-31,경상북도 예천군,,2025-12-09
광진 발전소,,경상북도 예천군 지보면 송평리 551-1,36.5697282815,128.4005629231,,정상가동,99.36,380,60,2021,발전사업용,2021-08-31,경상북도 예천군,,2025-12-09
석명 태양광3호(나)발전소,,경상북도 예천군 지보면 도화리 1504,36.5204506864,128.3915737654,,정상가동,99.9,380,60,2025,발전사업용,2021-08-31,경상북도 예천군,,2025-12-09
대한이엔씨3호발전소,,경상북도 예천군 지보면 소화리 1090,36.552818727,128.3711022895,,정상가동,99.9,380,60,2021,발전사업용,2021-08-31,경상북도 예천군,,2025-12-09
대한전력태양광제3발전소,,경상북도 예천군 지보면 소화리 1090,36.552818727,128.3711022895,,정상가동,99.9,380,60,2021,발전사업용,2021-08-31,경상북도 예천군,,2025-12-09
예진태양광발전소,,경상북도 예천군 감천면 유리 588,36.753934242,128.5353666263,,정상가동,39.13,380,60,2024,발전사업용,2021-08-31,경상북도 예천군,,2025-12-09
사랑태양광발전소,,경상북도 예천군 지보면 소화리 321-1,36.5570107106,128.3962369503,,정상가동,99.68,380,60,2021,발전사업용,2021-08-13,경상북도 예천군,,2025-12-09
소망태양광발전소,,경상북도 예천군 지보면 소화리 321-1,36.5570107106,128.3962369503,,정상가동,99.68,380,60,2021,발전사업용,2021-08-13,경상북도 예천군,,2025-12-09
믿음태양광발전소,,경상북도 예천군 지보면 소화리 321-1,36.5570107106,128.3962369503,,정상가동,99.68,380,60,2021,발전사업용,2021-08-13,경상북도 예천군,,2025-12-09
금빛에너지,,"경상북도 예천군 지보면 소화리 1092 , 1093",36.5528223458,128.3700712024,,정상가동,99.9,380,60,2021,발전사업용,2021-08-13,경상북도 예천군,,2025-12-09
썬모아에너지,,"경상북도 예천군 지보면 소화리 1092, 1093",36.5528223458,128.3700712024,,정상가동,99.9,380,60,2021,발전사업용,2021-08-13,경상북도 예천군,,2025-12-09
정휘발전소,,"경상북도 예천군 지보면 마전리 321, 321-12, 321-14",36.5368814132,128.3830218042,,정상가동,99.84,380,60,2021,발전사업용,2021-07-08,경상북도 예천군,,2025-12-09
늘봄제2태양광발전소,,경상북도 예천군 지보면 암천리 667,36.5622392172,128.4392012129,,정상가동,99.51,380,60,2025,발전사업용,2021-07-08,경상북도 예천군,,2025-12-09
늘봄제1태양광발전소,,"경상북도 예천군 지보면 암천리 665-1 , 665-3, 667",36.5620181434,128.439140516,,정상가동,99.51,380,60,2025,발전사업용,2021-07-08,경상북도 예천군,,2025-12-09
지인 태양광발전소,,경상북도 예천군 예천읍 석정리 217,36.6451300573,128.41503325,,정상가동,97.2,380,60,2021,발전사업용,2021-07-08,경상북도 예천군,,2025-12-09
가인태양광발전소,,경상북도 예천군 예천읍 석정리 217,36.6451300573,128.41503325,,정상가동,97.2,380,60,2021,발전사업용,2021-07-08,경상북도 예천군,,2025-12-09
도경 태양광발전소,,경상북도 예천군 감천면 현내리 225-3,36.7275178785,128.5111124929,,정상가동,23.8,380,60,2024,발전사업용,2021-07-08,경상북도 예천군,,2025-12-09
삼강솔라 주식회사,,경상북도 예천군 풍양면 흥천리 509,36.5141841895,128.3175002977,,정상가동,97.2,380,60,2025,발전사업용,2021-07-08,경상북도 예천군,,2025-12-09
영인솔라 주식회사,,경상북도 예천군 풍양면 흥천리 509,36.5141841895,128.3175002977,,정상가동,97.2,380,60,2025,발전사업용,2021-07-08,경상북도 예천군,,2025-12-09
안정솔라 주식회사,,경상북도 예천군 풍양면 흥천리 509,36.5141841895,128.3175002977,,정상가동,97.2,380,60,2025,발전사업용,2021-07-08,경상북도 예천군,,2025-12-09
경희4호 태양광발전소,,경상북도 예천군 감천면 마촌리 512,36.6985926013,128.5237675145,,정상가동,29.44,380,60,2025,발전사업용,2021-07-08,경상북도 예천군,,2025-12-09
쏠라포스 21호 태양광발전소,,경상북도 예천군 감천면 마촌리 512,36.6985926013,128.5237675145,,정상가동,99.36,380,60,2025,발전사업용,2021-07-08,경상북도 예천군,,2025-12-09
월옥 태양광 발전소,,경상북도 예천군 지보면 신풍리 786 나동,,,,정상가동,99.68,380,60,2024,발전사업용,2021-07-08,경상북도 예천군,,2025-12-09
지민 태양광 발전소,,경상북도 예천군 지보면 신풍리 786 가동,,,,정상가동,99.68,380,60,2024,발전사업용,2021-07-08,경상북도 예천군,,2025-12-09
제이엠와이(JMY)2호,,"경상북도 예천군 용궁면 월오리 777-1 , 778-1, 778-3, 778-4",36.6312857808,128.3088233169,,정상가동,97.5,380,60,2022,발전사업용,2021-07-02,경상북도 예천군,,2025-12-09
SH 태양광발전소,,"경상북도 예천군 용궁면 월오리 777-1 , 778-1, 778-3, 778-4",36.6312857808,128.3088233169,,정상가동,97.5,380,60,2022,발전사업용,2021-07-02,경상북도 예천군,,2025-12-09
경희1호 태양광발전소,,경상북도 예천군 감천면 마촌리 499,36.6973128241,128.5230334978,,정상가동,99.36,380,60,2025,발전사업용,2021-06-28,경상북도 예천군,,2025-12-09
경희3호 태양광발전소,,경상북도 예천군 감천면 마촌리 499,36.6973128241,128.5230334978,,정상가동,29.44,380,60,2025,발전사업용,2021-06-28,경상북도 예천군,,2025-12-09
경희2호 태양광발전소,,경상북도 예천군 감천면 마촌리 499,36.6973128241,128.5230334978,,정상가동,29.44,380,60,2025,발전사업용,2021-06-28,경상북도 예천군,,2025-12-09
하늘 태양광발전소,,경상북도 예천군 감천면 마촌리 522,36.7044233059,128.5247444204,,정상가동,99.36,380,60,2025,발전사업용,2021-06-28,경상북도 예천군,,2025-12-09
예천마촌 태양광발전소,,경상북도 예천군 감천면 마촌리 522,36.7044233059,128.5247444204,,정상가동,99.36,380,60,2025,발전사업용,2021-06-28,경상북도 예천군,,2025-12-09
감천태양광발전소,,경상북도 예천군 감천면 마촌리 522,36.7044233059,128.5247444204,,정상가동,99.36,380,60,2025,발전사업용,2021-06-28,경상북도 예천군,,2025-12-09
마촌 태양광발전소,,경상북도 예천군 감천면 마촌리 502,36.6975335819,128.5233331794,,정상가동,99.36,380,60,2025,발전사업용,2021-06-28,경상북도 예천군,,2025-12-09
해든에너지 태양광발전소,,경상북도 예천군 감천면 마촌리 501,36.6977913844,128.5231321327,,정상가동,99.36,380,60,2025,발전사업용,2021-06-28,경상북도 예천군,,2025-12-09
순흠 태양광발전소,,"경상북도 예천군 지보면 마전리 387 , 388",36.5389827678,128.3858392174,,정상가동,98.79,380,60,2021,발전사업용,2021-06-28,경상북도 예천군,,2025-12-09
석수 태양광발전소,,"경상북도 예천군 지보면 마전리 387, 388",36.5389827678,128.3858392174,,정상가동,98.79,380,60,2021,발전사업용,2021-06-28,경상북도 예천군,,2025-12-09
해올 태양광발전소,,"경상북도 예천군 지보면 송평리 469-2 , 469-4",36.5723731465,128.4033091057,,정상가동,99.9,380,60,2021,발전사업용,2021-05-21,경상북도 예천군,,2025-12-09
만화1호,,"경상북도 예천군 지보면 만화리 325 , 326-1, 327-1",36.5689088377,128.3808272284,,정상가동,99.91,380,60,2022,발전사업용,2021-05-24,경상북도 예천군,,2025-12-09
만화2호,,"경상북도 예천군 지보면 만화리 325 , 326-1, 327-1",36.5689088377,128.3808272284,,정상가동,99.91,380,60,2022,발전사업용,2021-05-21,경상북도 예천군,,2025-12-09
만화3호,,"경상북도 예천군 지보면 만화리 325 , 326-1, 327-1",36.5689088377,128.3808272284,,정상가동,99.91,380,60,2022,발전사업용,2021-05-21,경상북도 예천군,,2025-12-09
새실태양광발전소,,"경상북도 예천군 감천면 대맥리 168-1 , 169, 170-1",36.7282569021,128.5516944839,,정상가동,99.9,380,60,2023,발전사업용,2021-05-21,경상북도 예천군,,2025-12-09
유니스2호태양광발전소,,경상북도 예천군 풍양면 흥천리 4-2,36.5023168378,128.3328574905,,정상가동,99.9,380,60,2025,발전사업용,2021-05-21,경상북도 예천군,,2025-12-09
최강 발전소,,"경상북도 예천군 지보면 만화리 326 , 327",36.5692219106,128.3813193892,,정상가동,99.91,380,60,2022,발전사업용,2021-05-21,경상북도 예천군,,2025-12-09
승우 발전소,,"경상북도 예천군 지보면 만화리 326 , 327",36.5692219106,128.3813193892,,정상가동,99.91,380,60,2022,발전사업용,2021-05-21,경상북도 예천군,,2025-12-09
윤승 발전소,,"경상북도 예천군 지보면 만화리 326 , 327",36.5692219106,128.3813193892,,정상가동,99.91,380,60,2022,발전사업용,2021-05-21,경상북도 예천군,,2025-12-09
DSP15호태양광발전소,,경상북도 예천군 풍양면 흥천리 4-2,36.5023168378,128.3328574905,,정상가동,99.9,380,60,2025,발전사업용,2021-05-24,경상북도 예천군,,2025-12-09
온그린예천발전소,,"경상북도 예천군 풍양면 흥천리 4-2 , 5-2",36.5023168378,128.3328574905,,정상가동,18.9,380,60,2025,발전사업용,2021-05-21,경상북도 예천군,,2025-12-09
미파솔라,,경상북도 예천군 풍양면 흥천리 4-2,36.5023168378,128.3328574905,,정상가동,99.9,380,60,2025,발전사업용,2021-05-21,경상북도 예천군,,2025-12-09
수산나태양광발전소,,"경상북도 예천군 풍양면 흥천리 46 , 47",36.5041963642,128.3349247175,,정상가동,97.92,380,60,2025,발전사업용,2021-05-21,경상북도 예천군,,2025-12-09
보성1호태양광발전소,,경상북도 예천군 풍양면 흥천리 46-1,36.5044852414,128.3346382395,,정상가동,97.92,380,60,2025,발전사업용,2021-05-21,경상북도 예천군,,2025-12-09
대진전력,,"경상북도 예천군 풍양면 흥천리 46 , 47",36.5041963642,128.3349247175,,정상가동,97.92,380,60,2025,발전사업용,2021-05-21,경상북도 예천군,,2025-12-09
안젤라태양광발전소,,"경상북도 예천군 풍양면 흥천리 46 , 47",36.5041963642,128.3349247175,,정상가동,97.92,380,60,2025,발전사업용,2021-05-21,경상북도 예천군,,2025-12-09
바오로태양광발전소,,경상북도 예천군 풍양면 흥천리 46 (토지 위),36.5041963642,128.3349247175,,정상가동,97.92,380,60,2025,발전사업용,2021-05-21,경상북도 예천군,,2025-12-09
스텔라태양광발전소,,"경상북도 예천군 풍양면 흥천리 46 , 47",36.5041963642,128.3349247175,,정상가동,97.92,380,60,2025,발전사업용,2021-05-21,경상북도 예천군,,2025-12-09
기범발전소,,경상북도 예천군 지보면 소화리 1120,36.5496480748,128.3697671138,,정상가동,85.36,380,60,2022,발전사업용,2021-05-21,경상북도 예천군,,2025-12-09
(주)케이시스템,,경상북도 예천군 감천면 마촌리 280,36.7039350238,128.5288672559,,정상가동,195.75,380,60,2023,발전사업용,2021-05-21,경상북도 예천군,,2025-12-09
행복태양광발전소,,"경상북도 예천군 유천면 수심리 42-2 , 43",36.6730368915,128.3767972714,,정상가동,99.64,380,60,2024,발전사업용,2021-05-21,경상북도 예천군,,2025-12-09
아톰에너지1호,,경상북도 예천군 풍양면 흥천리 46-3 (토지 위),36.50403126,128.3349256145,,정상가동,97.92,380,60,2025,발전사업용,2021-05-21,경상북도 예천군,,2025-12-09
나회1호태양광발전소,,경상북도 예천군 풍양면 흥천리 46-2 (토지 위),36.5043953702,128.3346199307,,정상가동,97.92,380,60,2025,발전사업용,2021-05-21,경상북도 예천군,,2025-12-09
성보태양광발전소,,경상북도 예천군 예천읍 대심리 390,36.648974188,128.436676142,,정상가동,20.16,380,60,2021,발전사업용,2021-05-24,경상북도 예천군,,2025-12-09
대우태양광발전소,,경상북도 예천군 예천읍 대심리 390,36.648974188,128.436676142,,정상가동,20.16,380,60,2021,발전사업용,2021-05-24,경상북도 예천군,,2025-12-09
태극덕계5호 태양광발전소,,경상북도 예천군 용궁면 덕계리 214,36.6353749779,128.3172996759,,정상가동,99.68,380,60,2022,발전사업용,2021-05-24,경상북도 예천군,,2025-12-09
태극덕계6호 태양광발전소,,경상북도 예천군 용궁면 덕계리 214,36.6353749779,128.3172996759,,정상가동,29.82,380,60,2022,발전사업용,2021-05-24,경상북도 예천군,,2025-12-09
신원 태양광발전소,,경상북도 예천군 용궁면 덕계리 214,36.6353749779,128.3172996759,,정상가동,99.68,380,60,2022,발전사업용,2021-05-24,경상북도 예천군,,2025-12-09
제이케이 태양광발전소,,경상북도 예천군 용궁면 덕계리 214,36.6353749779,128.3172996759,,정상가동,99.68,380,60,2022,발전사업용,2021-05-24,경상북도 예천군,,2025-12-09
수2호 태양광 발전소,,경상북도 예천군 감천면 미석리 308-2,36.7419030258,128.5655982742,,정상가동,399.74,380,60,2021,발전사업용,2021-03-16,경상북도 예천군,,2025-12-09
선우 햇빛발전소,,경상북도 예천군 유천면 고산리 340,36.6411924034,128.3853028771,,정상가동,92,380,60,2024,발전사업용,2021-03-16,경상북도 예천군,,2025-12-09
청솔2호태양광발전소,,경상북도 예천군 예천읍 지내리 191,36.6479597527,128.4206992861,,정상가동,96.3,380,60,2021,발전사업용,2021-03-16,경상북도 예천군,,2025-12-09
수1호 태양광 발전소,,경상북도 예천군 감천면 미석리 308-2,36.7419030258,128.5655982742,,정상가동,99.82,380,60,2021,발전사업용,2021-03-16,경상북도 예천군,,2025-12-09
상우태양광발전소,,경상북도 예천군 감천면 미석리 749,36.7539864951,128.563767139,,정상가동,99.9,380,60,2023,발전사업용,2021-03-16,경상북도 예천군,,2025-12-09
예천은풍골 태양광발전소,,경상북도 예천군 은풍면 은산리 510,36.7592404687,128.4381391151,,정상가동,80.1,380,60,2022,발전사업용,2021-03-16,경상북도 예천군,,2025-12-09
김기미 태양광발전소,,경상북도 예천군 예천읍 백전리 121-15,36.6582887346,128.4595057456,,정상가동,19.11,380,60,2021,발전사업용,2021-03-16,경상북도 예천군,,2025-12-09
서당골 태양광발전소,,경상북도 예천군 유천면 광전리 200-2,36.653236891,128.3806312822,,정상가동,99.4,380,60,2024,발전사업용,2021-03-16,경상북도 예천군,,2025-12-09
필 태양광발전소,,"경상북도 예천군 예천읍 석정리 369-2 , 369-3",36.6546441759,128.4135810373,,정상가동,99.9,380,60,2021,발전사업용,2021-03-16,경상북도 예천군,,2025-12-09
해테크2호 태양광발전소,,경상북도 예천군 호명면 직산리 873-1,,,,정상가동,99,380,60,2022,발전사업용,2021-03-16,경상북도 예천군,,2025-12-09
태현1호 태양광발전소,,경상북도 예천군 감천면 미석리 268,36.7443878947,128.5632726114,,정상가동,99.64,380,60,2021,발전사업용,2021-03-16,경상북도 예천군,,2025-12-09
태현3호 태양광발전소,,경상북도 예천군 감천면 미석리 268,36.7443878947,128.5632726114,,정상가동,99.64,380,60,2023,발전사업용,2021-03-16,경상북도 예천군,,2025-12-09
신정진 태양광발전소,,경상북도 예천군 유천면 송지리 46-1,36.6410391221,128.3488065441,,정상가동,199.75,380,60,2021,발전사업용,2021-03-16,경상북도 예천군,,2025-12-09
진화햇빛발전소,,경상북도 예천군 유천면 고산리 340,36.6411924034,128.3853028771,,정상가동,92,380,60,2024,발전사업용,2021-03-16,경상북도 예천군,,2025-12-09
MS 태양광발전소,,경상북도 예천군 지보면 송평리 469,36.572523142,128.4029827145,,정상가동,96,380,60,2021,발전사업용,2021-03-16,경상북도 예천군,,2025-12-09
애경,,경상북도 예천군 보문면 산성리 491,36.659110467,128.5904301195,,정상가동,99.68,380,60,2022,발전사업용,2021-03-16,경상북도 예천군,,2025-12-09
갑연 발전소,,경상북도 예천군 지보면 매창리 53,36.5344547329,128.3674914794,,정상가동,98.77,380,60,2021,발전사업용,2021-02-18,경상북도 예천군,,2025-12-09
방앗골2호,,경상북도 예천군 보문면 산성리 491,36.659110467,128.5904301195,,정상가동,99.68,380,60,2022,발전사업용,2021-03-16,경상북도 예천군,,2025-12-09
최강,,경상북도 예천군 보문면 산성리 491,36.659110467,128.5904301195,,정상가동,99.68,380,60,2022,발전사업용,2021-03-16,경상북도 예천군,,2025-12-09
청벽3호,,경상북도 예천군 보문면 산성리 491,36.659110467,128.5904301195,,정상가동,99.68,380,60,2022,발전사업용,2021-03-16,경상북도 예천군,,2025-12-09
산성9호 태양광발전소,,경상북도 예천군 보문면 산성리 486,36.6587197952,128.5911378072,,정상가동,29.81,380,60,2022,발전사업용,2021-03-16,경상북도 예천군,,2025-12-09
태현2호 태양광발전소,,경상북도 예천군 감천면 미석리 268,36.7443878947,128.5632726114,,정상가동,99.64,380,60,2023,발전사업용,2021-03-16,경상북도 예천군,,2025-12-09
SU태양광발전소,,경상북도 예천군 유천면 고산리 340,36.6411924034,128.3853028771,,정상가동,92,380,60,2024,발전사업용,2021-03-16,경상북도 예천군,,2025-12-09
수니,,경상북도 예천군 보문면 산성리 491,36.659110467,128.5904301195,,정상가동,99.68,380,60,2022,발전사업용,2021-03-16,경상북도 예천군,,2025-12-09
중앙1호,,경상북도 예천군 보문면 산성리 491,36.659110467,128.5904301195,,정상가동,99.68,380,60,2022,발전사업용,2021-03-16,경상북도 예천군,,2025-12-09
방앗골 3호,,경상북도 예천군 보문면 산성리 491,36.659110467,128.5904301195,,정상가동,99.68,380,60,2022,발전사업용,2021-03-16,경상북도 예천군,,2025-12-09
예천 태양광발전소,,경상북도 예천군 풍양면 낙상리 308,36.5037442625,128.292423574,,정상가동,99.19,380,60,2025,발전사업용,2021-02-18,경상북도 예천군,,2025-12-09
귀영태양광발전소,,경상북도 예천군 감천면 현내리 689,36.7261091752,128.5083394192,,정상가동,99.9,380,60,2023,발전사업용,2021-02-18,경상북도 예천군,,2025-12-09
경희태양광발전소,,경상북도 예천군 감천면 현내리 689,36.7261091752,128.5083394192,,정상가동,99.9,380,60,2023,발전사업용,2021-02-18,경상북도 예천군,,2025-12-09
해랑예천 태양광발전소,,경상북도 예천군 유천면 수심리 193,,,,정상가동,99.9,380,60,2025,발전사업용,2021-03-16,경상북도 예천군,,2025-12-09
해강,,경상북도 예천군 유천면 수심리 193,,,,정상가동,99.9,380,60,2025,발전사업용,2021-03-16,경상북도 예천군,,2025-12-09
송가4호 태양광발전소,,경상북도 예천군 유천면 수심리 193,,,,정상가동,29.7,380,60,2025,발전사업용,2021-03-16,경상북도 예천군,,2025-12-09
수심쏠1호 태양광발전소,,경상북도 예천군 유천면 수심리 193,,,,정상가동,99.9,380,60,2025,발전사업용,2021-03-16,경상북도 예천군,,2025-12-09
수심쏠3호 태양광발전소,,"경상북도 예천군 유천면 수심리 192 , 193",36.6695454724,128.3749981779,,정상가동,99.9,380,60,2025,발전사업용,2021-03-16,경상북도 예천군,,2025-12-09
수심쏠2호 태양광발전소,,"경상북도 예천군 유천면 수심리 192 , 193",36.6695454724,128.3749981779,,정상가동,99.9,380,60,2025,발전사업용,2021-03-16,경상북도 예천군,,2025-12-09
세훈예천 태양광발전소,,경상북도 예천군 유천면 수심리 193,,,,정상가동,29.7,380,60,2025,발전사업용,2021-03-16,경상북도 예천군,,2025-12-09
대신 태양광 발전소,,"경상북도 예천군 보문면 승본리 103 , 104-1",,,,정상가동,99.75,380,60,2023,발전사업용,2021-03-16,경상북도 예천군,,2025-12-09
태평 태양광 발전소,,"경상북도 예천군 보문면 승본리 102 , 103, 104-1",36.6869985967,128.5001566799,,정상가동,99.75,380,60,2023,발전사업용,2021-03-16,경상북도 예천군,,2025-12-09
썬김 태양광발전소,,경상북도 예천군 유천면 송지리 203-3,36.6361968229,128.3431552814,,정상가동,99.76,380,60,2023,발전사업용,2021-03-29,경상북도 예천군,,2025-12-09
지산 태양광발전소,,경상북도 예천군 유천면 송지리 203-3,36.6361968229,128.3431552814,,정상가동,99.76,380,60,2023,발전사업용,2021-03-29,경상북도 예천군,,2025-12-09
태극덕계2호 태양광발전소,,"경상북도 예천군 용궁면 덕계리 171 , 174",36.6353654093,128.3231778487,,정상가동,99.68,380,60,2022,발전사업용,2021-03-29,경상북도 예천군,,2025-12-09
태극덕계1호 태양광발전소,,경상북도 예천군 용궁면 덕계리 174,36.6352825992,128.3240390116,,정상가동,99.19,380,60,2022,발전사업용,2021-03-29,경상북도 예천군,,2025-12-09
태극덕계3호 태양광발전소,,경상북도 예천군 용궁면 덕계리 171,36.6353654093,128.3231778487,,정상가동,99.19,380,60,2022,발전사업용,2021-03-29,경상북도 예천군,,2025-12-09
큰하늘 태양광발전소,,"경상북도 예천군 지보면 도장리 29 , 46-16",36.5252176566,128.3949437441,,정상가동,99.18,380,60,2025,발전사업용,2021-02-18,경상북도 예천군,,2025-12-09
유주발전소,,"경상북도 예천군 감천면 현내리 162-1 , 163-2, 163-4, 163-5",36.7258270868,128.5206214738,,정상가동,93.6,380,60,2024,발전사업용,2021-03-16,경상북도 예천군,,2025-12-09
라온에너지,,"경상북도 예천군 유천면 고림리 169-1 , 169-2",36.6487933819,128.355840787,,정상가동,99.9,380,60,2025,발전사업용,2021-02-18,경상북도 예천군,,2025-12-09
다온에너지,,"경상북도 예천군 유천면 고림리 169-1 , 169-2",36.6487933819,128.355840787,,정상가동,99.9,380,60,2025,발전사업용,2021-02-18,경상북도 예천군,,2025-12-09
나온에너지,,"경상북도 예천군 유천면 고림리 169-1 , 169-2",36.6487933819,128.355840787,,정상가동,99.9,380,60,2025,발전사업용,2021-02-18,경상북도 예천군,,2025-12-09
가온에너지,,"경상북도 예천군 유천면 고림리 169-1 , 169-2",36.6487933819,128.355840787,,정상가동,99.9,380,60,2025,발전사업용,2021-02-18,경상북도 예천군,,2025-12-09
내일 태양광발전소,,경상북도 예천군 감천면 마촌리 424-6,36.687484812,128.526492061,,정상가동,29.7,380,60,2021,발전사업용,2021-02-18,경상북도 예천군,,2025-12-09
최말년 태양광 발전소 1,,경상북도 예천군 지보면 소화리 1305,36.5393265155,128.3715319328,,정상가동,19.8,380,60,2021,발전사업용,2021-02-18,경상북도 예천군,,2025-12-09
최말년 태양광 발전소 2,,경상북도 예천군 지보면 소화리 1305,36.5393265155,128.3715319328,,정상가동,19.8,380,60,2021,발전사업용,2021-02-18,경상북도 예천군,,2025-12-09
일파에너지,,경상북도 예천군 지보면 소화리 1092-1,36.5534656494,128.3705393482,,정상가동,99.9,380,60,2021,발전사업용,2021-01-19,경상북도 예천군,,2025-12-09
서소에너지,,경상북도 예천군 지보면 소화리 1092-1,36.5534656494,128.3705393482,,정상가동,99.9,380,60,2021,발전사업용,2021-01-19,경상북도 예천군,,2025-12-09
우영태양광발전소,,"경상북도 예천군 유천면 사곡리 478-2 , 479, 480",36.6755051155,128.3324176852,,정상가동,99.9,380,60,2025,발전사업용,2021-01-19,경상북도 예천군,,2025-12-09
성범태양광발전소,,"경상북도 예천군 유천면 사곡리 478-2 , 479, 480",36.6755051155,128.3324176852,,정상가동,99.9,380,60,2025,발전사업용,2021-01-19,경상북도 예천군,,2025-12-09
우진태양광발전소,,"경상북도 예천군 보문면 수계리 770-3 , 770-4",36.6829017614,128.540506978,,정상가동,99.75,380,60,2022,발전사업용,2021-01-19,경상북도 예천군,,2025-12-09
용진태양광발전소,,"경상북도 예천군 보문면 수계리 770-3 , 770-4",36.6829017614,128.540506978,,정상가동,99.75,380,60,2022,발전사업용,2021-01-19,경상북도 예천군,,2025-12-09
에스제이태양광 발전소,,"경상북도 예천군 보문면 승본리 102 , 103",36.6869985967,128.5001566799,,정상가동,99.75,380,60,2023,발전사업용,2021-01-19,경상북도 예천군,,2025-12-09
승본태양광 발전소,,"경상북도 예천군 보문면 승본리 102 , 103",36.6869985967,128.5001566799,,정상가동,99.75,380,60,2023,발전사업용,2021-01-19,경상북도 예천군,,2025-12-09
제일3 태양광발전소,,경상북도 예천군 개포면 신음리 192-2,36.6064457169,128.3617774574,,정상가동,99.6,380,60,2021,발전사업용,2021-01-19,경상북도 예천군,,2025-12-09
정재윤2 태양광 발전소,,경상북도 예천군 지보면 송평리 454,36.5716961837,128.4049986684,,정상가동,49.88,380,60,2021,발전사업용,2021-01-19,경상북도 예천군,,2025-12-09
정재윤1 태양광 발전소,,경상북도 예천군 지보면 송평리 454,36.5716961837,128.4049986684,,정상가동,99.76,380,60,2021,발전사업용,2021-01-19,경상북도 예천군,,2025-12-09
오송2 태양광발전소,,경상북도 예천군 지보면 송평리 628-3,36.572081111,128.4005664281,,정상가동,11.18,380,60,2021,발전사업용,2021-01-19,경상북도 예천군,,2025-12-09
불성에너지,,경상북도 예천군 지보면 소화리 1092-1,36.5534656494,128.3705393482,,정상가동,99.9,380,60,2021,발전사업용,2021-01-19,경상북도 예천군,,2025-12-09
마전2호 태양광발전소,,경상북도 예천군 지보면 마전리 493,36.543514721,128.380110459,,정상가동,97.2,380,60,2021,발전사업용,2021-01-19,경상북도 예천군,,2025-12-09
오송1 태양광발전소,,경상북도 예천군 지보면 송평리 628-3,36.572081111,128.4005664281,,정상가동,24.94,380,60,2021,발전사업용,2021-01-19,경상북도 예천군,,2025-12-09
마전3호 태양광발전소,,경상북도 예천군 지보면 마전리 493,36.543514721,128.380110459,,정상가동,48.6,380,60,2021,발전사업용,2021-01-19,경상북도 예천군,,2025-12-09
비엠파워,,"경상북도 예천군 보문면 수계리 770-3 , 770-4",36.6829017614,128.540506978,,정상가동,99.75,380,60,2022,발전사업용,2021-01-19,경상북도 예천군,,2025-12-09
석명 태양광7 발전소,,경상북도 예천군 지보면 마전리 1162,36.5294387923,128.3691428797,,정상가동,99.9,380,60,2025,발전사업용,2020-12-30,경상북도 예천군,,2025-12-09
석명 태양광6 발전소,,경상북도 예천군 지보면 마전리 1162,36.5294387923,128.3691428797,,정상가동,99.9,380,60,2025,발전사업용,2020-12-30,경상북도 예천군,,2025-12-09
송월2호 태양광발전소,,경상북도 예천군 감천면 천향리 317-2,36.7360488154,128.4911854464,,정상가동,99.6,380,60,2023,발전사업용,2020-12-14,경상북도 예천군,,2025-12-09
예함 태양광발전소3호,,경상북도 예천군 용문면 능천리 141-1,36.7001211979,128.4298894837,,정상가동,18.36,380,60,2021,발전사업용,2020-12-14,경상북도 예천군,,2025-12-09
예함 태양광발전소2호,,경상북도 예천군 용문면 능천리 141-1,36.7001211979,128.4298894837,,정상가동,99.68,380,60,2021,발전사업용,2020-12-14,경상북도 예천군,,2025-12-09
청솔 태양광발전소,,경상북도 예천군 예천읍 지내리 191,36.6479597527,128.4206992861,,정상가동,99.9,380,60,2021,발전사업용,2020-12-14,경상북도 예천군,,2025-12-09
수정화 태양광발전소,,경상북도 예천군 감천면 천향리 317,36.7362861833,128.4902806079,,정상가동,99.6,380,60,2023,발전사업용,2020-12-14,경상북도 예천군,,2025-12-09
진 발전소,,경상북도 예천군 지보면 소화리 1130-1,36.5490818125,128.3703919403,,정상가동,99,380,60,2021,발전사업용,2020-12-14,경상북도 예천군,,2025-12-09
새터 발전소,,경상북도 예천군 지보면 소화리 1130-1,36.5490818125,128.3703919403,,정상가동,99,380,60,2021,발전사업용,2020-12-14,경상북도 예천군,,2025-12-09
예진2호 태양광발전소,,경상북도 예천군 감천면 유리 588,36.753934242,128.5353666263,,정상가동,99.45,380,60,2024,발전사업용,2020-12-14,경상북도 예천군,,2025-12-09
태강2 발전소,,경상북도 예천군 보문면 수계리 771-4,36.683292744,128.5411169457,,정상가동,99.9,380,60,2023,발전사업용,2020-12-14,경상북도 예천군,,2025-12-09
예진3호 태양광발전소,,경상북도 예천군 감천면 유리 588,36.753934242,128.5353666263,,정상가동,99.45,380,60,2024,발전사업용,2020-12-14,경상북도 예천군,,2025-12-09
최정1호 태양광발전소,,경상북도 예천군 보문면 수계리 771-4,36.683292744,128.5411169457,,정상가동,99.9,380,60,2023,발전사업용,2020-12-14,경상북도 예천군,,2025-12-09
동승이1호 태양광발전소,,경상북도 예천군 보문면 수계리 771-4,36.683292744,128.5411169457,,정상가동,99.9,380,60,2023,발전사업용,2020-12-14,경상북도 예천군,,2025-12-09
태강3 발전소,,경상북도 예천군 보문면 수계리 771-4,36.683292744,128.5411169457,,정상가동,99.9,380,60,2023,발전사업용,2020-12-14,경상북도 예천군,,2025-12-09
예진1호 태양광발전소,,경상북도 예천군 감천면 유리 588,36.753934242,128.5353666263,,정상가동,99.45,380,60,2023,발전사업용,2020-12-14,경상북도 예천군,,2025-12-09
어신리 태양광발전소,,"경상북도 예천군 지보면 어신리 343-3 661, 661-7",,,,정상가동,99.6,380,60,2021,발전사업용,2020-12-14,경상북도 예천군,,2025-12-09
유니스 태양광발전소,,경상북도 예천군 보문면 수계리 773,36.6840997962,128.5416799455,,정상가동,99.9,380,60,2023,발전사업용,2020-12-04,경상북도 예천군,,2025-12-09
영상 태양광발전소,,"경상북도 예천군 감천면 현내리 631 , 678",36.7296347817,128.5082303067,,정상가동,99.6,380,60,2023,발전사업용,2020-12-04,경상북도 예천군,,2025-12-09
솔라리움2호태양광발전소,,경상북도 예천군 보문면 수계리 773-6,,,,정상가동,56.64,380,60,2022,발전사업용,2020-12-04,경상북도 예천군,,2025-12-09
금영2호 발전소,,경상북도 예천군 보문면 수계리 773,36.6840997962,128.5416799455,,정상가동,99.9,380,60,2022,발전사업용,2020-12-04,경상북도 예천군,,2025-12-09
원섭 태양광발전소,,"경상북도 예천군 감천면 현내리 631 , 678",36.7296347817,128.5082303067,,정상가동,99.6,380,60,2023,발전사업용,2020-12-04,경상북도 예천군,,2025-12-09
해담은 1호 태양광 발전소,,경상북도 예천군 개포면 가곡리 775,36.596384948,128.3443243392,,정상가동,84,380,60,2021,발전사업용,2020-12-04,경상북도 예천군,,2025-12-09
해담은 2호 태양광 발전소,,경상북도 예천군 개포면 가곡리 775,36.596384948,128.3443243392,,정상가동,74.55,380,60,2021,발전사업용,2020-12-04,경상북도 예천군,,2025-12-09
통명제3 태양광발전소,,경상북도 예천군 예천읍 통명리 414,36.665372141,128.4753985004,,정상가동,99.6,380,60,2021,발전사업용,2020-12-04,경상북도 예천군,,2025-12-09
대경수계태양광발전소,,경상북도 예천군 보문면 수계리 771-13,,,,정상가동,77.28,380,60,2022,발전사업용,2020-12-04,경상북도 예천군,,2025-12-09
영주1호 발전소,,경상북도 예천군 호명면 담암리 397,,,,정상가동,99.6,380,60,2022,발전사업용,2020-12-04,경상북도 예천군,,2025-12-09
고림 태양광발전소,,경상북도 예천군 유천면 고림리 79-5,36.6465397396,128.3598855821,,정상가동,99.6,380,60,2021,발전사업용,2020-12-04,경상북도 예천군,,2025-12-09
경민 태양광발전소,,"경상북도 예천군 감천면 현내리 631 , 678",36.7296347817,128.5082303067,,정상가동,99.6,380,60,2023,발전사업용,2020-12-04,경상북도 예천군,,2025-12-09
의현 솔라팜2호,,경상북도 예천군 보문면 수계리 771-1,36.6834499082,128.5417904599,,정상가동,99.9,380,60,2022,발전사업용,2020-12-04,경상북도 예천군,,2025-12-09
태강1 발전소,,경상북도 예천군 보문면 수계리 771-1,36.6834499082,128.5417904599,,정상가동,99.9,380,60,2022,발전사업용,2020-12-04,경상북도 예천군,,2025-12-09
희망2호 발전소,,경상북도 예천군 개포면 황산리 576-2,36.605715446,128.3269942053,,정상가동,99.6,380,60,2020,발전사업용,2020-10-28,경상북도 예천군,,2025-12-09
희망1호 발전소,,경상북도 예천군 개포면 황산리 576-2,36.605715446,128.3269942053,,정상가동,99.6,380,60,2020,발전사업용,2020-10-28,경상북도 예천군,,2025-12-09
동송 태양광발전소,,"경상북도 예천군 개포면 동송리 557-1 , 557-3, 557-4, 557-12",36.599606456,128.3892735132,,정상가동,99.6,380,60,2021,발전사업용,2020-10-20,경상북도 예천군,,2025-12-09
성보 태양광발전소,,"경상북도 예천군 용문면 방송리 380-3 , 381-7",36.6792353485,128.3831818542,,정상가동,18,380,60,2021,발전사업용,2020-10-20,경상북도 예천군,,2025-12-09
건우 태양광발전소,,"경상북도 예천군 예천읍 청복리 125-2 , 125-5",36.6302940908,128.4702726995,,정상가동,97.2,380,60,2022,발전사업용,2020-10-20,경상북도 예천군,,2025-12-09
SU6호 발전소,,경상북도 예천군 예천읍 고평리 417-2,36.6359204879,128.4803692271,,정상가동,99.6,380,60,2020,발전사업용,2020-10-20,경상북도 예천군,,2025-12-09
HO3호 발전소,,경상북도 예천군 예천읍 고평리 417-2,36.6359204879,128.4803692271,,정상가동,99.6,380,60,2020,발전사업용,2020-10-20,경상북도 예천군,,2025-12-09
JA3호 발전소,,경상북도 예천군 예천읍 고평리 417-2,36.6359204879,128.4803692271,,정상가동,99.6,380,60,2020,발전사업용,2020-10-20,경상북도 예천군,,2025-12-09
MH6호 발전소,,경상북도 예천군 예천읍 고평리 417,36.6360943621,128.4804619944,,정상가동,99.6,380,60,2020,발전사업용,2020-10-20,경상북도 예천군,,2025-12-09
은혜 태양광발전소,,"경상북도 예천군 감천면 유리 553-2 , 554",36.7511098108,128.5411120072,,정상가동,99.45,380,60,2021,발전사업용,2020-10-20,경상북도 예천군,,2025-12-09
YH2호 발전소,,경상북도 예천군 예천읍 고평리 417,36.6360943621,128.4804619944,,정상가동,99.6,380,60,2020,발전사업용,2020-10-20,경상북도 예천군,,2025-12-09
MH5호 발전소,,경상북도 예천군 예천읍 고평리 417,36.6360943621,128.4804619944,,정상가동,99.6,380,60,2020,발전사업용,2020-10-20,경상북도 예천군,,2025-12-09
홍원2호태양광발전소,,경상북도 예천군 유천면 고림리 86,36.6458892034,128.3583123688,,정상가동,99.6,380,60,2020,발전사업용,2020-10-20,경상북도 예천군,,2025-12-09
충만 태양광발전소,,"경상북도 예천군 감천면 유리 553-2 , 554",36.7511098108,128.5411120072,,정상가동,99.45,380,60,2021,발전사업용,2020-10-20,경상북도 예천군,,2025-12-09
홍원3호태양광발전소,,경상북도 예천군 유천면 고림리 86,36.6458892034,128.3583123688,,정상가동,99.6,380,60,2020,발전사업용,2020-10-20,경상북도 예천군,,2025-12-09
덕효 발전소,,"경상북도 예천군 지보면 마전리 529-1 , 529-2",36.54300353,128.3789730881,,정상가동,99.6,380,60,2021,발전사업용,2020-10-20,경상북도 예천군,,2025-12-09
리안1호 발전소,,경상북도 예천군 예천읍 고평리 417,36.6360943621,128.4804619944,,정상가동,29.88,380,60,2020,발전사업용,2020-10-20,경상북도 예천군,,2025-12-09
SB2호 발전소,,경상북도 예천군 예천읍 고평리 417,36.6360943621,128.4804619944,,정상가동,99.6,380,60,2020,발전사업용,2020-10-20,경상북도 예천군,,2025-12-09
홍원1호태양광발전소,,경상북도 예천군 유천면 고림리 86,36.6458892034,128.3583123688,,정상가동,99.6,380,60,2020,발전사업용,2020-10-20,경상북도 예천군,,2025-12-09
SB3호 발전소,,경상북도 예천군 예천읍 고평리 417,36.6360943621,128.4804619944,,정상가동,99.6,380,60,2020,발전사업용,2020-10-20,경상북도 예천군,,2025-12-09
리안2호 발전소,,경상북도 예천군 예천읍 고평리 417,36.6360943621,128.4804619944,,정상가동,29.88,380,60,2020,발전사업용,2020-10-20,경상북도 예천군,,2025-12-09
YH3호 발전소,,경상북도 예천군 예천읍 고평리 417,36.6360943621,128.4804619944,,정상가동,99.6,380,60,2020,발전사업용,2020-10-20,경상북도 예천군,,2025-12-09
(주)호명솔라(황지태양광발전소),,경상북도 예천군 호명면 황지리 산 57,,,,정상가동,994.84,22900,60,2020,발전사업용,2020-10-16,경상북도 예천군,,2025-12-09
영남햇빛 발전소,,경상북도 예천군 지보면 도화리 483-1,36.5437949748,128.4145514393,,정상가동,838.2,22900,60,2010,발전사업용,2008-02-20,경상북도 예천군,,2025-12-09
해미소 태양광발전소,,경상북도 예천군 감천면 마촌리 496,36.6962305518,128.5238737945,,정상가동,99.45,380,60,2021,발전사업용,2020-10-06,경상북도 예천군,,2025-12-09
경원3 태양광발전소,,경상북도 예천군 풍양면 효갈리 1250,36.4931663663,128.2851885107,,정상가동,99.6,380,60,2021,발전사업용,2020-10-06,경상북도 예천군,,2025-12-09
모비트론테크 제1태양광발전소,,경상북도 예천군 감천면 마촌리 496,36.6962305518,128.5238737945,,정상가동,99.45,380,60,2021,발전사업용,2020-10-06,경상북도 예천군,,2025-12-09
밤고개5호 태양광발전소,,경상북도 예천군 유천면 고림리 367,36.6425206032,128.3528044782,,정상가동,75.6,380,60,2022,발전사업용,2020-10-06,경상북도 예천군,,2025-12-09
밤고개4호 태양광발전소,,경상북도 예천군 유천면 고림리 367,36.6425206032,128.3528044782,,정상가동,75.6,380,60,2022,발전사업용,2020-10-06,경상북도 예천군,,2025-12-09
비산 태양광발전소,,경상북도 예천군 감천면 마촌리 496,36.6962305518,128.5238737945,,정상가동,99.45,380,60,2021,발전사업용,2020-10-06,경상북도 예천군,,2025-12-09
동방 태양광발전소,,경상북도 예천군 용문면 직리 68,36.6955076286,128.3860001843,,정상가동,99.45,380,60,2025,발전사업용,2020-10-06,경상북도 예천군,,2025-12-09
준유6호 태양광발전소,,경상북도 예천군 용문면 직리 68,36.6955076286,128.3860001843,,정상가동,99.45,380,60,2025,발전사업용,2020-10-06,경상북도 예천군,,2025-12-09
광호 태양광발전소,,경상북도 예천군 지보면 지보리 343-2,36.5129141621,128.3828274124,,정상가동,59.4,380,60,2025,발전사업용,2020-10-06,경상북도 예천군,,2025-12-09
경원1 태양광발전소,,경상북도 예천군 풍양면 효갈리 1250,36.4931663663,128.2851885107,,정상가동,99.6,380,60,2021,발전사업용,2020-10-06,경상북도 예천군,,2025-12-09
㈜엠에스솔라 태양광발전소,,경상북도 예천군 호명면 황지리 산 57,,,,정상가동,994.84,22900,60,2020,발전사업용,2020-10-06,경상북도 예천군,,2025-12-09
현주 발전소,,"경상북도 예천군 지보면 매창리 72 ,1200-2",36.5365250595,128.3668294211,,정상가동,71.1,380,60,2021,발전사업용,2020-08-31,경상북도 예천군,,2025-12-09
금마3태양광발전소,,경상북도 예천군 개포면 신음리 192,36.6061910926,128.3618153092,,정상가동,99.6,380,60,2021,발전사업용,2020-08-31,경상북도 예천군,,2025-12-09
천룡2 발전소,,경상북도 예천군 지보면 매창리 52,36.5346472551,128.3676280577,,정상가동,64.8,380,60,2021,발전사업용,2020-08-31,경상북도 예천군,,2025-12-09
정원 태양광발전소,,경상북도 예천군 지보면 소화리 23,36.5599773237,128.4049709432,,정상가동,99.94,380,60,2021,발전사업용,2020-08-31,경상북도 예천군,,2025-12-09
오경 태양광발전소,,경상북도 예천군 지보면 어신리 789,36.579483209,128.4171681713,,정상가동,19,380,60,2020,발전사업용,2020-08-31,경상북도 예천군,,2025-12-09
정윤 태양광발전소,,경상북도 예천군 지보면 소화리 23,36.5599773237,128.4049709432,,정상가동,99.94,380,60,2021,발전사업용,2020-08-31,경상북도 예천군,,2025-12-09
자연 태양광발전소,,경상북도 예천군 지보면 수월리 908-7,36.5908511574,128.3891726306,,정상가동,94.95,380,60,2021,발전사업용,2020-08-31,경상북도 예천군,,2025-12-09
금마2태양광발전소,,경상북도 예천군 개포면 신음리 192,36.6061910926,128.3618153092,,정상가동,99.6,380,60,2021,발전사업용,2020-08-31,경상북도 예천군,,2025-12-09
제일2 태양광발전소,,경상북도 예천군 개포면 신음리 192-2,36.6064457169,128.3617774574,,정상가동,99.6,380,60,2021,발전사업용,2020-08-31,경상북도 예천군,,2025-12-09
제일1 태양광발전소,,경상북도 예천군 개포면 신음리 192-2,36.6064457169,128.3617774574,,정상가동,99.6,380,60,2021,발전사업용,2020-08-31,경상북도 예천군,,2025-12-09
금마1 태양광발전소,,경상북도 예천군 개포면 신음리 192,36.6061910926,128.3618153092,,정상가동,99.6,380,60,2021,발전사업용,2020-08-31,경상북도 예천군,,2025-12-09
하나 태양광발전소,,경상북도 예천군 감천면 유리 552,36.7510479306,128.5405048903,,정상가동,99.84,380,60,2021,발전사업용,2020-08-31,경상북도 예천군,,2025-12-09
두리 태양광발전소,,경상북도 예천군 감천면 유리 552-1,36.7510479306,128.5406788513,,정상가동,99.84,380,60,2021,발전사업용,2020-08-31,경상북도 예천군,,2025-12-09
늘빛 태양광발전소,,경상북도 예천군 보문면 기곡리 316,36.698752281,128.5754473983,,정상가동,99.75,380,60,2022,발전사업용,2019-06-21,경상북도 예천군,,2025-12-09
거창 태양광발전소,,경상북도 예천군 유천면 고림리 311,,,,정상가동,99.6,380,60,2022,발전사업용,2020-01-17,경상북도 예천군,,2025-12-09
여의1호 태양광발전소,,경상북도 예천군 개포면 신음리 192-1,36.6060110955,128.3618377124,,정상가동,93.52,380,60,2020,발전사업용,2020-08-04,경상북도 예천군,,2025-12-09
민이분 태양광발전소,,"경상북도 예천군 풍양면 공덕리 796 , 860-7",36.4969542456,128.3037005834,,정상가동,99.96,380,60,2023,발전사업용,2020-08-04,경상북도 예천군,,2025-12-09
여의2호 태양광발전소,,경상북도 예천군 개포면 신음리 192-1,36.6060110955,128.3618377124,,정상가동,99.18,380,60,2020,발전사업용,2020-08-04,경상북도 예천군,,2025-12-09
갈골2 태양광발전소,,경상북도 예천군 효자면 백석리 390,36.8005005932,128.446181891,,정상가동,74.7,380,60,2021,발전사업용,2020-08-04,경상북도 예천군,,2025-12-09
자연4 태양광발전소,,경상북도 예천군 풍양면 공덕리 222,36.5011817807,128.3168544896,,정상가동,99.54,380,60,2025,발전사업용,2020-08-04,경상북도 예천군,,2025-12-09
자연2 태양광발전소,,경상북도 예천군 풍양면 공덕리 222,36.5011817807,128.3168544896,,정상가동,98.7,380,60,2025,발전사업용,2020-08-04,경상북도 예천군,,2025-12-09
풍신 태양광발전소,,경상북도 예천군 풍양면 풍신리 175-2,36.491614977,128.3092580338,,정상가동,99.6,380,60,2024,발전사업용,2020-08-04,경상북도 예천군,,2025-12-09
자연3 태양광발전소,,경상북도 예천군 풍양면 공덕리 222,36.5011817807,128.3168544896,,정상가동,98.7,380,60,2025,발전사업용,2020-08-04,경상북도 예천군,,2025-12-09
금호 태양광발전소,,경상북도 예천군 예천읍 생천리 3,36.6853831741,128.4643260889,,정상가동,99.6,380,60,2023,발전사업용,2020-08-04,경상북도 예천군,,2025-12-09
에코솔라 도화리 발전소,,경상북도 예천군 지보면 도화리 514,36.5468066607,128.4115877235,,정상가동,99,380,60,2024,발전사업용,2020-06-29,경상북도 예천군,,2025-12-09
예천명성 발전소,,경상북도 예천군 지보면 도화리 514,36.5468066607,128.4115877235,,정상가동,99,380,60,2024,발전사업용,2020-06-29,경상북도 예천군,,2025-12-09
예천피브이3 태양광발전소,,경상북도 예천군 유천면 성평리 566,36.6580326988,128.3908124229,,정상가동,89.64,380,60,2021,발전사업용,2020-06-29,경상북도 예천군,,2025-12-09
예천피브이1 태양광발전소,,경상북도 예천군 유천면 성평리 566,36.6580326988,128.3908124229,,정상가동,89.64,380,60,2021,발전사업용,2020-06-29,경상북도 예천군,,2025-12-09
예천피브이2 태양광발전소,,경상북도 예천군 유천면 성평리 566,36.6580326988,128.3908124229,,정상가동,89.64,380,60,2021,발전사업용,2020-06-29,경상북도 예천군,,2025-12-09
자연2호 발전소,,"경상북도 예천군 지보면 지보리 773 ,774,775",36.5147953353,128.3781416487,,정상가동,99.96,380,60,2020,발전사업용,2020-06-29,경상북도 예천군,,2025-12-09
자연1호 발전소,,"경상북도 예천군 지보면 지보리 773 , 774, 775",36.5147953353,128.3781416487,,정상가동,98.28,380,60,2020,발전사업용,2020-06-29,경상북도 예천군,,2025-12-09
(주)한빛 용궁1호,,"경상북도 예천군 용궁면 월오리 772 ,776,777,778-2",,,,정상가동,996.3,22900,60,2021,발전사업용,2020-06-29,경상북도 예천군,,2025-12-09
홍희 태양광발전소,,"경상북도 예천군 지보면 만화리 9 ,9-1",36.5708094515,128.396700337,,정상가동,50.4,380,60,2021,발전사업용,2020-06-29,경상북도 예천군,,2025-12-09
지훈 발전소,,"경상북도 예천군 지보면 지보리 773 ,774,775",36.5147953353,128.3781416487,,정상가동,98.28,380,60,2020,발전사업용,2020-06-29,경상북도 예천군,,2025-12-09
진희 발전소,,"경상북도 예천군 지보면 지보리 773 ,774,775",36.5147953353,128.3781416487,,정상가동,98.28,380,60,2020,발전사업용,2020-06-29,경상북도 예천군,,2025-12-09
하늘2호 발전소,,"경상북도 예천군 지보면 지보리 773 ,774,775",36.5147953353,128.3781416487,,정상가동,99.96,380,60,2020,발전사업용,2020-06-29,경상북도 예천군,,2025-12-09
힐링1호 발전소,,"경상북도 예천군 지보면 지보리 773 ,774,775",36.5147953353,128.3781416487,,정상가동,98.28,380,60,2020,발전사업용,2020-06-29,경상북도 예천군,,2025-12-09
하늘1호 발전소,,"경상북도 예천군 지보면 지보리 773 ,774,775",36.5147953353,128.3781416487,,정상가동,98.28,380,60,2020,발전사업용,2020-06-29,경상북도 예천군,,2025-12-09
힐링2호 발전소,,"경상북도 예천군 지보면 지보리 773 ,774,775",36.5147953353,128.3781416487,,정상가동,98.28,380,60,2020,발전사업용,2020-06-29,경상북도 예천군,,2025-12-09
성현 발전소,,"경상북도 예천군 지보면 지보리 773 ,774,775",36.5147953353,128.3781416487,,정상가동,98.28,380,60,2020,발전사업용,2020-06-29,경상북도 예천군,,2025-12-09
SU4호,,"경상북도 예천군 예천읍 고평리 363-1 ,364",36.6383646334,128.4816974675,,정상가동,81.9,380,60,2020,발전사업용,2020-06-29,경상북도 예천군,,2025-12-09
SU3호,,"경상북도 예천군 예천읍 고평리 363-1 ,364",36.6383646334,128.4816974675,,정상가동,99.96,380,60,2020,발전사업용,2020-06-29,경상북도 예천군,,2025-12-09
SU1호,,"경상북도 예천군 예천읍 고평리 363-1 ,364",36.6383646334,128.4816974675,,정상가동,99.96,380,60,2020,발전사업용,2020-06-29,경상북도 예천군,,2025-12-09
SU2호,,"경상북도 예천군 예천읍 고평리 363-1 ,364",36.6383646334,128.4816974675,,정상가동,99.96,380,60,2020,발전사업용,2020-06-29,경상북도 예천군,,2025-12-09
SU5호,,"경상북도 예천군 예천읍 고평리 363-1 ,364",36.6383646334,128.4816974675,,정상가동,50.4,380,60,2020,발전사업용,2020-06-29,경상북도 예천군,,2025-12-09
JA1호,,"경상북도 예천군 예천읍 고평리 363-1 ,364",36.6383646334,128.4816974675,,정상가동,99.96,380,60,2020,발전사업용,2020-06-29,경상북도 예천군,,2025-12-09
JA2호,,"경상북도 예천군 예천읍 고평리 363-1 ,364",36.6383646334,128.4816974675,,정상가동,99.96,380,60,2020,발전사업용,2020-06-29,경상북도 예천군,,2025-12-09
HO2호,,"경상북도 예천군 예천읍 고평리 363-1 ,364",36.6383646334,128.4816974675,,정상가동,99.96,380,60,2020,발전사업용,2020-06-29,경상북도 예천군,,2025-12-09
HO1호,,"경상북도 예천군 예천읍 고평리 363-1 ,364",36.6383646334,128.4816974675,,정상가동,99.96,380,60,2020,발전사업용,2020-06-29,경상북도 예천군,,2025-12-09
비오 태양광발전소,,"경상북도 예천군 풍양면 공덕리 796 , 860-7",36.4969542456,128.3037005834,,정상가동,99.96,380,60,2023,발전사업용,2020-06-29,경상북도 예천군,,2025-12-09
대경1호 태양광발전소,,경상북도 예천군 호명면 담암리 351번지 1호,,,,정상가동,95.03,380,60,2020,발전사업용,2020-06-09,경상북도 예천군,,2025-12-09
대경3호 태양광발전소,,경상북도 예천군 호명면 담암리 351번지 1호,,,,정상가동,95.03,380,60,2020,발전사업용,2020-06-09,경상북도 예천군,,2025-12-09
대경2호 태양광발전소,,경상북도 예천군 호명면 담암리 351번지 1호,,,,정상가동,95.03,380,60,2020,발전사업용,2020-06-09,경상북도 예천군,,2025-12-09
피카츄 백만볼트,,경상북도 예천군 예천읍 고평리 373번지 1호,,,,정상가동,97.44,380,60,2020,발전사업용,2020-06-09,경상북도 예천군,,2025-12-09
대경4호 태양광발전소,,경상북도 예천군 호명면 담암리 351번지 1호,,,,정상가동,95.03,380,60,2020,발전사업용,2020-06-09,경상북도 예천군,,2025-12-09
김덕주 약용도라리지 태양광,,경상북도 예천군 지보면 도화리 274번지 1호,,,,정상가동,99.94,380,60,2020,발전사업용,2020-06-09,경상북도 예천군,,2025-12-09
도화2호,,경상북도 예천군 지보면 도화리 747번지 1호,,,,정상가동,499.8,380,60,2021,발전사업용,2020-06-09,경상북도 예천군,,2025-12-09
서준민준 발전소,,경상북도 예천군 예천읍 고평리 373번지 1호,,,,정상가동,97.44,380,60,2020,발전사업용,2020-06-09,경상북도 예천군,,2025-12-09
봄봄하루 발전소,,경상북도 예천군 예천읍 고평리 373번지 1호,,,,정상가동,97.44,380,60,2020,발전사업용,2020-06-09,경상북도 예천군,,2025-12-09
소화 태양광발전소,,경상북도 예천군 지보면 소화리 1088번지 1호,,,,정상가동,68,380,60,2020,발전사업용,2020-06-09,경상북도 예천군,,2025-12-09
예천4호 태양광발전소,,경상북도 예천군 유천면 성평리 328,36.6596694321,128.3963832002,,정상가동,199.02,380,60,2025,발전사업용,2020-06-09,경상북도 예천군,,2025-12-09
라이츄 백만볼트,,경상북도 예천군 예천읍 고평리 373번지 1호,,,,정상가동,97.44,380,60,2020,발전사업용,2020-06-09,경상북도 예천군,,2025-12-09
럭키6호 태양광발전소,,경상북도 예천군 유천면 성평리 328,36.6596694321,128.3963832002,,정상가동,99.63,380,60,2025,발전사업용,2020-06-09,경상북도 예천군,,2025-12-09
럭키7호 태양광발전소,,경상북도 예천군 유천면 성평리 328,36.6596694321,128.3963832002,,정상가동,99.63,380,60,2025,발전사업용,2020-06-09,경상북도 예천군,,2025-12-09
우창 태양광발전소,,경상북도 예천군 호명면 내신리 285번지,,,,정상가동,99.6,380,60,2021,발전사업용,2020-05-29,경상북도 예천군,,2025-12-09
동서태양광발전소,,경상북도 예천군 호명면 내신리 285번지,,,,정상가동,99.6,380,60,2021,발전사업용,2020-05-28,경상북도 예천군,,2025-12-09
연경 태양광발전소,,경상북도 예천군 호명면 내신리 285번지,,,,정상가동,99.6,380,60,2021,발전사업용,2020-05-29,경상북도 예천군,,2025-12-09
정승 태양광발전소,,경상북도 예천군 호명면 내신리 285번지,,,,정상가동,99.6,380,60,2021,발전사업용,2020-05-29,경상북도 예천군,,2025-12-09
경모태양광발전소,,경상북도 예천군 호명면 내신리 285번지,,,,정상가동,99.6,380,60,2021,발전사업용,2020-05-29,경상북도 예천군,,2025-12-09
일산 태양광발전소,,경상북도 예천군 지보면 소화리 222번지,,,,정상가동,62.25,380,60,2020,발전사업용,2020-05-29,경상북도 예천군,,2025-12-09
주식회사 예천지에스피브이 태양광발전소,,경상북도 예천군 유천면 성평리 334번지 2호 335,,,,정상가동,499.5,380,60,2021,발전사업용,2020-05-29,경상북도 예천군,,2025-12-09
감천1 태양광발전소,,경상북도 예천군 감천면 현내리 79번지,,,,정상가동,99.54,380,60,2023,발전사업용,2020-05-29,경상북도 예천군,,2025-12-09
감천2 태양광발전소,,경상북도 예천군 감천면 현내리 79번지,,,,정상가동,99.54,380,60,2023,발전사업용,2020-05-29,경상북도 예천군,,2025-12-09
예천피브이 태양광발전소,,경상북도 예천군 유천면 성평리 338번지,,,,정상가동,98.77,380,60,2021,발전사업용,2020-05-29,경상북도 예천군,,2025-12-09
아주2 태양광발전소,,경상북도 예천군 감천면 유리 507번지,,,,정상가동,98.4,380,60,2021,발전사업용,2020-05-27,경상북도 예천군,,2025-12-09
상민 발전소2,,경상북도 예천군 호명면 담암리 377번지 1호,,,,정상가동,98.28,380,60,2020,발전사업용,2020-05-27,경상북도 예천군,,2025-12-09
아주1 태양광발전소,,경상북도 예천군 감천면 유리 507번지,,,,정상가동,98.4,380,60,2021,발전사업용,2020-05-29,경상북도 예천군,,2025-12-09
MH4호,,경상북도 예천군 예천읍 고평리 380번지 1호,,,,정상가동,98.28,380,60,2020,발전사업용,2020-05-29,경상북도 예천군,,2025-12-09
창민 발전소2,,경상북도 예천군 호명면 담암리 377번지 1호,,,,정상가동,98.28,380,60,2020,발전사업용,2020-05-29,경상북도 예천군,,2025-12-09
지에스피브이앤이 고성3호 협동조합-9 태양광발전소,,경상북도 예천군 유천면 성평리 338번지,,,,정상가동,98.77,380,60,2021,발전사업용,2020-05-29,경상북도 예천군,,2025-12-09
YH1호,,경상북도 예천군 예천읍 고평리 380번지 1호,,,,정상가동,98.26,380,60,2020,발전사업용,2020-05-27,경상북도 예천군,,2025-12-09
상민 발전소3,,경상북도 예천군 호명면 담암리 377번지 1호,,,,정상가동,65.52,380,60,2020,발전사업용,2020-05-29,경상북도 예천군,,2025-12-09
MH3호,,경상북도 예천군 예천읍 고평리 380번지 1호,,,,정상가동,98.28,380,60,2020,발전사업용,2020-05-27,경상북도 예천군,,2025-12-09
주은 발전소,,경상북도 예천군 지보면 매창리 831번지 2호,,,,정상가동,99.9,380,60,2020,발전사업용,2020-05-29,경상북도 예천군,,2025-12-09
SB1호,,경상북도 예천군 예천읍 고평리 380번지 1호,,,,정상가동,98.28,380,60,2020,발전사업용,2020-05-29,경상북도 예천군,,2025-12-09
신풍 태양광발전소,,경상북도 예천군 지보면 신풍리 1117번지 5호 1117-6,,,,정상가동,99.96,380,60,2025,발전사업용,2020-05-29,경상북도 예천군,,2025-12-09
황금솔라 태양광발전소,,경상북도 예천군 지보면 어신리 925번지,,,,정상가동,29.97,380,60,2021,발전사업용,2020-05-29,경상북도 예천군,,2025-12-09
진호2 태양광발전소,,경상북도 예천군 예천읍 석정리 371-5,36.6552615655,128.4144548864,,정상가동,49.5,380,60,2015,발전사업용,2014-09-18,경상북도 예천군,,2025-12-09
진호3 태양광발전소,,"경상북도 예천군 예천읍 석정리 371-1 , 371-4",36.6551550816,128.4141217207,,정상가동,96,380,60,2015,발전사업용,2014-09-18,경상북도 예천군,,2025-12-09
진호1 태양광발전소,,경상북도 예천군 예천읍 석정리 371번지 1호,,,,정상가동,96,380,60,2015,발전사업용,2014-09-18,경상북도 예천군,,2025-12-09
무지햇빛2 태양광발전소,,경상북도 예천군 용궁면 무지리 296번지 2호,,,,정상가동,29.88,380,60,2020,발전사업용,2020-05-12,경상북도 예천군,,2025-12-09
초록발전소,,경상북도 예천군 예천읍 상동리 263번지 2호,,,,정상가동,19.87,380,60,2021,발전사업용,2020-05-12,경상북도 예천군,,2025-12-09
풍산10호 태양광발전소,,경상북도 예천군 유천면 수심리 276번지,,,,정상가동,99.96,380,60,2024,발전사업용,2020-04-24,경상북도 예천군,,2025-12-09
MH1호,,경상북도 예천군 예천읍 고평리 380번지 1호,,,,정상가동,98.28,380,60,2020,발전사업용,2020-04-24,경상북도 예천군,,2025-12-09
임오규 태양광발전소,,경상북도 예천군 유천면 고림리 122번지,,,,정상가동,99.96,380,60,2022,발전사업용,2020-04-24,경상북도 예천군,,2025-12-09
광승1호 태양광발전소,,경상북도 예천군 유천면 수심리 276번지,,,,정상가동,99.96,380,60,2024,발전사업용,2020-04-24,경상북도 예천군,,2025-12-09
영주 발전소,,경상북도 예천군 예천읍 고평리 409번지 409-3,,,,정상가동,99.96,380,60,2020,발전사업용,2020-04-24,경상북도 예천군,,2025-12-09
풍산7호 태양광발전소,,경상북도 예천군 유천면 수심리 276번지,,,,정상가동,99.96,380,60,2024,발전사업용,2020-04-24,경상북도 예천군,,2025-12-09
SKY ONE 태양광발전소,,경상북도 예천군 유천면 수심리 276번지,,,,정상가동,99.96,380,60,2024,발전사업용,2020-04-24,경상북도 예천군,,2025-12-09
채빈 발전소,,경상북도 예천군 예천읍 고평리 409번지 409-3,,,,정상가동,99.96,380,60,2020,발전사업용,2020-04-24,경상북도 예천군,,2025-12-09
대경수심 태양광발전소,,경상북도 예천군 유천면 수심리 272번지,,,,정상가동,99.96,380,60,2024,발전사업용,2020-04-24,경상북도 예천군,,2025-12-09
MH2호,,경상북도 예천군 예천읍 고평리 380번지 1호,,,,정상가동,196.56,380,60,2020,발전사업용,2020-04-24,경상북도 예천군,,2025-12-09
JJ2 태양광발전소,,경상북도 예천군 유천면 수심리 272번지,,,,정상가동,99.96,380,60,2024,발전사업용,2020-04-24,경상북도 예천군,,2025-12-09
세음 태양광발전소,,경상북도 예천군 유천면 수심리 272번지 273,,,,정상가동,99.96,380,60,2024,발전사업용,2020-04-24,경상북도 예천군,,2025-12-09
SH 태양광발전소,,경상북도 예천군 유천면 수심리 276번지,,,,정상가동,99.96,380,60,2024,발전사업용,2020-04-24,경상북도 예천군,,2025-12-09
세민 태양광발전소,,경상북도 예천군 유천면 수심리 273번지,,,,정상가동,99.96,380,60,2024,발전사업용,2020-04-24,경상북도 예천군,,2025-12-09
태화독양 태양광발전소,,경상북도 예천군 보문면 독양리 359번지,,,,정상가동,99.6,380,60,2022,발전사업용,2020-04-24,경상북도 예천군,,2025-12-09
호호 태양광발전소,,경상북도 예천군 유천면 수심리 273번지,,,,정상가동,99.96,380,60,2024,발전사업용,2020-04-24,경상북도 예천군,,2025-12-09
지윤 발전소,,경상북도 예천군 예천읍 고평리 409번지 409-3,,,,정상가동,99.96,380,60,2020,발전사업용,2020-04-24,경상북도 예천군,,2025-12-09
SJ 태양광발전소,,경상북도 예천군 유천면 수심리 272번지,,,,정상가동,99.96,380,60,2024,발전사업용,2020-04-24,경상북도 예천군,,2025-12-09
소화2호 태양광발전소,,경상북도 예천군 호명면 본포리 483번지 1호 488,,,,정상가동,99.6,380,60,2020,발전사업용,2020-04-24,경상북도 예천군,,2025-12-09
쭉쭉 태양광발전소,,경상북도 예천군 유천면 수심리 273번지,,,,정상가동,99.96,380,60,2024,발전사업용,2020-04-24,경상북도 예천군,,2025-12-09
지백 발전소,,경상북도 예천군 예천읍 고평리 409번지 409-3,,,,정상가동,99.96,380,60,2020,발전사업용,2020-04-24,경상북도 예천군,,2025-12-09
영재 발전소,,경상북도 예천군 예천읍 고평리 409번지 409-3,,,,정상가동,99.96,380,60,2020,발전사업용,2020-04-24,경상북도 예천군,,2025-12-09
수현 태양광발전소,,"경상북도 예천군 지보면 마전리 288번지 1호 288-2,288-3,1041-10",,,,정상가동,97.2,380,60,2020,발전사업용,2020-04-24,경상북도 예천군,,2025-12-09
블루스타 태양광발전소,,경상북도 예천군 유천면 수심리 273번지,,,,정상가동,99.96,380,60,2024,발전사업용,2020-04-24,경상북도 예천군,,2025-12-09
소화1호 태양광발전소,,경상북도 예천군 호명면 본포리 488번지,,,,정상가동,99.6,380,60,2020,발전사업용,2020-04-24,경상북도 예천군,,2025-12-09
BLUE ONE 태양광발전소,,경상북도 예천군 유천면 수심리 276번지,,,,정상가동,99.96,380,60,2024,발전사업용,2020-04-24,경상북도 예천군,,2025-12-09
유등2호발전소,,경상북도 예천군 용궁면 무지리 137-5 (토지 위),36.6028043988,128.3134029659,,정상가동,99.4,380,60,2020,발전사업용,2020-04-24,경상북도 예천군,,2025-12-09
K1 태양광발전소,,경상북도 예천군 예천읍 왕신리 636번지 2호,,,,정상가동,99.2,380,60,2020,발전사업용,2020-03-25,경상북도 예천군,,2025-12-09
M 태양광발전소,,경상북도 예천군 예천읍 왕신리 636번지,,,,정상가동,300,380,60,2020,발전사업용,2020-03-25,경상북도 예천군,,2025-12-09
한빛2 태양광발전소,,경상북도 예천군 예천읍 왕신리 636-3,36.6320980802,128.4391373377,,정상가동,198.4,380,60,2020,발전사업용,2020-03-25,경상북도 예천군,,2025-12-09
한빛1 태양광발전소,,경상북도 예천군 예천읍 왕신리 636번지 3호,,,,정상가동,99.2,380,60,2020,발전사업용,2020-03-25,경상북도 예천군,,2025-12-09
K2 태양광발전소,,경상북도 예천군 예천읍 왕신리 636번지 2호,,,,정상가동,198.4,380,60,2020,발전사업용,2020-03-25,경상북도 예천군,,2025-12-09
SUN 태양광발전소,,경상북도 예천군 예천읍 왕신리 636번지 1호,,,,정상가동,300,380,60,2020,발전사업용,2020-03-25,경상북도 예천군,,2025-12-09
경희 태양광발전소,,"경상북도 예천군 유천면 매산리 164 , 166, 436-13",36.6342818201,128.3763336143,,정상가동,99.96,380,60,2025,발전사업용,2020-03-25,경상북도 예천군,,2025-12-09
경섭 태양광발전소,,"경상북도 예천군 유천면 매산리 164 , 166, 436-13",36.6342818201,128.3763336143,,정상가동,99.96,380,60,2025,발전사업용,2020-03-25,경상북도 예천군,,2025-12-09
기광1호 태양광발전소,,"경상북도 예천군 용문면 직리 59-1 ,62, 63, 65, 66, 67(토지위)",36.6939516241,128.3860204763,,정상가동,996,22900,60,2025,발전사업용,2020-03-24,경상북도 예천군,,2025-12-09
경명솔라 태양광발전소,,경상북도 예천군 용문면 직리 59-1 59-3(토지위),,,,정상가동,99.6,380,60,2025,발전사업용,2020-03-24,경상북도 예천군,,2025-12-09
(주)정심,,"경상북도 예천군 용문면 직리 59-1 ,59-2,61,62,63,65(토지위)",36.6939516241,128.3860204763,,정상가동,498,380,60,2025,발전사업용,2020-03-24,경상북도 예천군,,2025-12-09
석송1호 태양광발전소,,"경상북도 예천군 용문면 직리 59-2 59-3, 61, 62(토지 위)",,,,정상가동,99.6,380,60,2025,발전사업용,2020-03-24,경상북도 예천군,,2025-12-09
석송3호 태양광발전소,,"경상북도 예천군 용문면 직리 59-3 60,61,62(토지위)",,,,정상가동,99.6,380,60,2025,발전사업용,2020-03-24,경상북도 예천군,,2025-12-09
석송2호 태양광발전소,,"경상북도 예천군 용문면 직리 59-3 61,62(토지위)",,,,정상가동,99.6,380,60,2025,발전사업용,2020-03-24,경상북도 예천군,,2025-12-09
우현 에너지,,"경상북도 예천군 용문면 직리 59-1 ,59-2, 59-3(토지위)",36.6939516241,128.3860204763,,정상가동,99.6,380,60,2025,발전사업용,2020-03-24,경상북도 예천군,,2025-12-09
지원 태양광발전소,,"경상북도 예천군 용문면 직리 59-1 ,59-3(토지위)",36.6939516241,128.3860204763,,정상가동,99.6,380,60,2025,발전사업용,2020-03-24,경상북도 예천군,,2025-12-09
무지개 쏠라테크,,경상북도 예천군 용문면 직리 59-1 59-3(토지위),,,,정상가동,99.6,380,60,2025,발전사업용,2020-03-24,경상북도 예천군,,2025-12-09
용문솔라 태양광발전소,,경상북도 예천군 용문면 내지리 214번지,,,,정상가동,295.68,380,60,2023,발전사업용,2020-03-24,경상북도 예천군,,2025-12-09
주마2 태양광발전소,,경상북도 예천군 감천면 현내리 110번지,,,,정상가동,99.6,380,60,2023,발전사업용,2020-03-24,경상북도 예천군,,2025-12-09
주마4 태양광발전소,,경상북도 예천군 감천면 현내리 110번지,,,,정상가동,99.6,380,60,2023,발전사업용,2020-03-24,경상북도 예천군,,2025-12-09
주마3 태양광발전소,,경상북도 예천군 감천면 현내리 110번지,,,,정상가동,99.6,380,60,2023,발전사업용,2020-03-24,경상북도 예천군,,2025-12-09
삼광솔라4,,"경상북도 예천군 용문면 직리 55 , 57",36.6931460885,128.3864618987,,정상가동,99.6,380,60,2025,발전사업용,2020-03-24,경상북도 예천군,,2025-12-09
삼광솔라1,,경상북도 예천군 용문면 직리 57번지,,,,정상가동,99.6,380,60,2025,발전사업용,2020-03-24,경상북도 예천군,,2025-12-09
삼광솔라2,,"경상북도 예천군 용문면 직리 55 , 57",36.6931460885,128.3864618987,,정상가동,99.6,380,60,2025,발전사업용,2020-03-24,경상북도 예천군,,2025-12-09
신광태양광발전소,,"경상북도 예천군 용문면 직리 55 , 57",36.6931460885,128.3864618987,,정상가동,99.6,380,60,2025,발전사업용,2020-03-24,경상북도 예천군,,2025-12-09
패밀리2 태양광발전소,,경상북도 예천군 용궁면 금남리 344번지 4호,,,,정상가동,15,380,60,2020,발전사업용,2020-03-24,경상북도 예천군,,2025-12-09
깃들2호 태양광발전소,,경상북도 예천군 예천읍 통명리 479번지 2호,,,,정상가동,99.54,380,60,2025,발전사업용,2020-03-24,경상북도 예천군,,2025-12-09
에스케이1호 태양광발전소,,"경상북도 예천군 지보면 만화리 511 , 512-1, 512-2, 514, 515, 516, 517",36.5583256815,128.3611549725,,정상가동,996.3,22900,60,2021,발전사업용,2020-03-24,경상북도 예천군,,2025-12-09
에스케이2호 태양광발전소,,"경상북도 예천군 지보면 만화리 521 ,522,523,524,525",36.5572033313,128.3610307882,,정상가동,996.3,22900,60,2021,발전사업용,2020-03-24,경상북도 예천군,,2025-12-09
대금터 태양광발전소,,경상북도 예천군 호명면 종산리 104번지,,,,정상가동,97.11,380,60,2022,발전사업용,2020-03-24,경상북도 예천군,,2025-12-09
그린 태양광발전소,,경상북도 예천군 유천면 송지리 196번지 1호,,,,정상가동,99.6,380,60,2020,발전사업용,2020-03-12,경상북도 예천군,,2025-12-09
남풍양 태양광발전소,,경상북도 예천군 풍양면 괴당리 177번지 3호,,,,정상가동,75,380,60,2020,발전사업용,2020-03-12,경상북도 예천군,,2025-12-09
해테크 예천10호,,경상북도 예천군 풍양면 청운리 466번지 60호,,,,정상가동,67.08,380,60,2020,발전사업용,2020-03-12,경상북도 예천군,,2025-12-09
해테크 예천5호,,경상북도 예천군 풍양면 청운리 466번지 61호,,,,정상가동,44.72,380,60,2020,발전사업용,2020-03-12,경상북도 예천군,,2025-12-09
서현 태양광1호,,경상북도 예천군 지보면 수월리 209번지,,,,정상가동,99.63,380,60,2020,발전사업용,2020-03-12,경상북도 예천군,,2025-12-09
개밑 태양광발전소,,"경상북도 예천군 호명면 본포리 233-3 , 233-6",,,,정상가동,99.6,380,60,2020,발전사업용,2020-03-12,경상북도 예천군,,2025-12-09
오복 발전,,"경상북도 예천군 지보면 매창리 46 , 48",36.5354827327,128.3697763049,,정상가동,92.4,380,60,2020,발전사업용,2020-03-12,경상북도 예천군,,2025-12-09
철이 발전,,"경상북도 예천군 지보면 매창리 46 , 48",36.5354827327,128.3697763049,,정상가동,92.4,380,60,2020,발전사업용,2020-03-12,경상북도 예천군,,2025-12-09
신광솔라 태양광발전소,,"경상북도 예천군 풍양면 풍신리 178 , 184",36.4910482297,128.3100096954,,정상가동,282.24,380,60,2021,발전사업용,2020-03-12,경상북도 예천군,,2025-12-09
늘봄 태양광발전소,,경상북도 예천군 지보면 신풍리 1293번지 136호,,,,정상가동,99.6,380,60,2020,발전사업용,2020-02-19,경상북도 예천군,,2025-12-09
장울산 태양광발전소,,경상북도 예천군 지보면 마전리 779번지,,,,정상가동,58.5,380,60,2025,발전사업용,2020-02-19,경상북도 예천군,,2025-12-09
주식회사 케이투솔라 태양광발전소,,"경상북도 예천군 유천면 송전리 386 , 387, 388, 389, 390",36.6760514018,128.3600833625,,정상가동,498,380,60,2025,발전사업용,2020-02-19,경상북도 예천군,,2025-12-09
와이원솔라 태양광발전소,,경상북도 예천군 유천면 송전리 392번지,,,,정상가동,99.6,380,60,2025,발전사업용,2020-02-19,경상북도 예천군,,2025-12-09
교동 태양광발전소,,경상북도 예천군 유천면 율현리 185번지,,,,정상가동,99.93,380,60,2022,발전사업용,2020-02-19,경상북도 예천군,,2025-12-09
영성3호 태양광발전소,,경상북도 예천군 감천면 미석리 1139번지,,,,정상가동,168.49,380,60,2020,발전사업용,2020-02-19,경상북도 예천군,,2025-12-09
성산1호 태양광발전소,,경상북도 예천군 감천면 미석리 1003번지 3호,,,,정상가동,98.77,380,60,2020,발전사업용,2020-02-19,경상북도 예천군,,2025-12-09
성산2호 태양광발전소,,경상북도 예천군 감천면 미석리 1003번지 3호,,,,정상가동,98.77,380,60,2020,발전사업용,2020-02-19,경상북도 예천군,,2025-12-09
영성2호 태양광발전소,,경상북도 예천군 감천면 미석리 1139번지,,,,정상가동,98.77,380,60,2020,발전사업용,2020-02-19,경상북도 예천군,,2025-12-09
새빛2호 태양광발전소,,경상북도 예천군 감천면 미석리 1139번지 1호,,,,정상가동,197.54,380,60,2020,발전사업용,2020-02-19,경상북도 예천군,,2025-12-09
산과들4호 태양광발전소,,경상북도 예천군 보문면 수계리 761번지 2호,,,,정상가동,99.54,380,60,2022,발전사업용,2020-02-19,경상북도 예천군,,2025-12-09
산과들5호 태양광발전소,,경상북도 예천군 보문면 수계리 761번지 2호,,,,정상가동,99.54,380,60,2022,발전사업용,2020-02-19,경상북도 예천군,,2025-12-09
산과들6호 태양광발전소,,경상북도 예천군 보문면 수계리 761-4 (토지 위),36.6812191252,128.5395515112,,정상가동,99.54,380,60,2022,발전사업용,2020-02-19,경상북도 예천군,,2025-12-09
한빛 태양광발전소,,"경상북도 예천군 유천면 고림리 308 , 309, 310",36.6547639433,128.3529426881,,정상가동,99.6,380,60,2022,발전사업용,2020-01-17,경상북도 예천군,,2025-12-09
승은 태양광발전소,,경상북도 예천군 유천면 고림리 311번지,,,,정상가동,99.6,380,60,2022,발전사업용,2020-01-17,경상북도 예천군,,2025-12-09
성운솔라 태양광발전소,,경상북도 예천군 유천면 송전리 336번지,,,,정상가동,99.6,380,60,2025,발전사업용,2020-01-17,경상북도 예천군,,2025-12-09
연 태양광발전소,,경상북도 예천군 호명면 담암리 328번지 2호,,,,정상가동,432.96,380,60,2020,발전사업용,2020-01-17,경상북도 예천군,,2025-12-09
수성솔라 태양광발전소,,경상북도 예천군 유천면 송전리 336번지,,,,정상가동,99.6,380,60,2025,발전사업용,2020-01-17,경상북도 예천군,,2025-12-09
경북 태양광발전소,,경상북도 예천군 호명면 담암리 328번지,,,,정상가동,413.28,380,60,2020,발전사업용,2020-01-17,경상북도 예천군,,2025-12-09
영진솔라 태양광발전소,,경상북도 예천군 유천면 송전리 336번지,,,,정상가동,99.6,380,60,2025,발전사업용,2020-01-17,경상북도 예천군,,2025-12-09
대원솔라 태양광발전소,,경상북도 예천군 유천면 송전리 336번지,,,,정상가동,99.6,380,60,2025,발전사업용,2020-01-17,경상북도 예천군,,2025-12-09
윤 태양광발전소,,경상북도 예천군 유천면 송전리 336번지,,,,정상가동,49.8,380,60,2025,발전사업용,2020-01-17,경상북도 예천군,,2025-12-09
서현 태양광,,경상북도 예천군 지보면 수월리 209번지,,,,정상가동,99.63,380,60,2020,발전사업용,2020-01-17,경상북도 예천군,,2025-12-09
지우 태양광발전소,,"경상북도 예천군 용궁면 산택리 192 , 261-4",36.5988812386,128.2964116296,,정상가동,48.16,380,60,2021,발전사업용,2020-01-17,경상북도 예천군,,2025-12-09
빛나 태양광발전소,,경상북도 예천군 호명면 황지리 238번지 7호,,,,정상가동,99.6,380,60,2021,발전사업용,2020-01-17,경상북도 예천군,,2025-12-09
원영 태양광발전소,,"경상북도 예천군 유천면 고림리 308 , 309",36.6547639433,128.3529426881,,정상가동,99.6,380,60,2022,발전사업용,2020-01-17,경상북도 예천군,,2025-12-09
태민 태양광발전소,,경상북도 예천군 유천면 고림리 309번지,,,,정상가동,99.6,380,60,2022,발전사업용,2020-01-17,경상북도 예천군,,2025-12-09
도화 발전소,,경상북도 예천군 지보면 도화리 532,36.5433341075,128.4078735416,,정상가동,99.84,380,60,2020,발전사업용,2019-05-31,경상북도 예천군,,2025-12-09
대일 태양광발전소,,"경상북도 예천군 용문면 방송리 91 , 92",36.6818956992,128.3947396339,,정상가동,99.6,380,60,2020,발전사업용,2019-11-13,경상북도 예천군,,2025-12-09
KG 태양광,,경상북도 예천군 예천읍 대심리 177번지,,,,정상가동,219.6,380,60,2020,발전사업용,2019-12-20,경상북도 예천군,,2025-12-09
현원 태양광발전소,,경상북도 예천군 유천면 화지리 209-4,36.638015364,128.3987121789,,정상가동,298.8,380,60,2021,발전사업용,2019-12-20,경상북도 예천군,,2025-12-09
뉴욕 태양광발전소,,경상북도 예천군 예천읍 고평리 418-1,36.6354054465,128.4800768312,,정상가동,462.48,380,60,2020,발전사업용,2019-12-18,경상북도 예천군,,2025-12-09
신월3호 발전소,,경상북도 예천군 보문면 신월리 201번지,,,,정상가동,99.9,380,60,2020,발전사업용,2019-12-18,경상북도 예천군,,2025-12-09
신월2호 발전소,,경상북도 예천군 보문면 신월리 201번지,,,,정상가동,99.9,380,60,2020,발전사업용,2019-12-18,경상북도 예천군,,2025-12-09
신월1호 발전소,,경상북도 예천군 보문면 신월리 201번지,,,,정상가동,99.9,380,60,2020,발전사업용,2019-12-18,경상북도 예천군,,2025-12-09
신월4호 발전소,,경상북도 예천군 보문면 신월리 201번지,,,,정상가동,99.9,380,60,2020,발전사업용,2019-12-18,경상북도 예천군,,2025-12-09
신월5호 발전소,,경상북도 예천군 보문면 신월리 201번지,,,,정상가동,99.9,380,60,2020,발전사업용,2019-12-18,경상북도 예천군,,2025-12-09
시헌진희 태양광발전소,,경상북도 예천군 호명면 담암리 312번지 4호,,,,정상가동,98.77,380,60,2020,발전사업용,2019-12-18,경상북도 예천군,,2025-12-09
재웅 태양광발전소,,경상북도 예천군 호명면 담암리 312번지 4호,,,,정상가동,98.77,380,60,2020,발전사업용,2019-12-18,경상북도 예천군,,2025-12-09
오덕 태양광발전소,,경상북도 예천군 유천면 송지리 487 488,,,,정상가동,99.6,380,60,2020,발전사업용,2019-12-18,경상북도 예천군,,2025-12-09
지곡 태양광발전소,,"경상북도 예천군 유천면 송지리 487 , 488",36.6399507034,128.3398107536,,정상가동,99.6,380,60,2020,발전사업용,2019-12-18,경상북도 예천군,,2025-12-09
직산리1호 태양광발전소,,경상북도 예천군 호명면 직산리 798번지,,,,정상가동,99.6,380,60,2020,발전사업용,2019-12-18,경상북도 예천군,,2025-12-09
직산리2호 태양광발전소,,경상북도 예천군 호명면 직산리 798번지,,,,정상가동,99.6,380,60,2020,발전사업용,2019-12-18,경상북도 예천군,,2025-12-09
인석 태양광발전소,,"경상북도 예천군 호명면 담암리 104 , 107",,,,정상가동,98.77,380,60,2020,발전사업용,2019-12-18,경상북도 예천군,,2025-12-09
예천(FIT)태양광발전소,,경상북도 예천군 지보면 도화리 490번지,,,,정상가동,99.54,380,60,2021,발전사업용,2019-12-04,경상북도 예천군,,2025-12-09
이덕근1호 태양광,,경상북도 예천군 유천면 송지리 31번지,,,,정상가동,83.16,380,60,2025,발전사업용,2019-12-04,경상북도 예천군,,2025-12-09
영남1 발전소,,경상북도 예천군 개포면 가곡리 16번지,,,,정상가동,99.9,380,60,2020,발전사업용,2019-12-04,경상북도 예천군,,2025-12-09
영남2 발전소,,경상북도 예천군 개포면 가곡리 16번지,,,,정상가동,99,380,60,2020,발전사업용,2019-12-04,경상북도 예천군,,2025-12-09
걸이 태양광발전소,,경상북도 예천군 호명면 황지리 241-1,,,,정상가동,99.9,380,60,2020,발전사업용,2019-12-04,경상북도 예천군,,2025-12-09
준서 태양광발전소,,경상북도 예천군 호명면 황지리 241번지,,,,정상가동,99.63,380,60,2020,발전사업용,2019-12-04,경상북도 예천군,,2025-12-09
나경 태양광발전소,,경상북도 예천군 호명면 황지리 241번지,,,,정상가동,99.63,380,60,2020,발전사업용,2019-12-04,경상북도 예천군,,2025-12-09
행복 태양광발전소,,경상북도 예천군 호명면 황지리 240번지,,,,정상가동,99.6,380,60,2020,발전사업용,2019-12-04,경상북도 예천군,,2025-12-09
보미 발전소,,경상북도 예천군 예천읍 고평리 510번지 3호,,,,정상가동,201.6,380,60,2020,발전사업용,2019-07-22,경상북도 예천군,,2025-12-09
성산에너지,,경상북도 예천군 풍양면 풍신리 951번지,,,,정상가동,99.45,380,60,2021,발전사업용,2019-02-01,경상북도 예천군,,2025-12-09
마전1호 태양광발전소,,경상북도 예천군 지보면 마전리 493번지,,,,정상가동,99.18,380,60,2020,발전사업용,2019-11-13,경상북도 예천군,,2025-12-09
산과들2호 태양광발전소,,경상북도 예천군 보문면 작곡리 151번지,,,,정상가동,99.54,380,60,2021,발전사업용,2019-11-13,경상북도 예천군,,2025-12-09
산과들3호 태양광발전소,,경상북도 예천군 보문면 작곡리 151번지,,,,정상가동,99.54,380,60,2021,발전사업용,2019-11-13,경상북도 예천군,,2025-12-09
훈이연이태양광,,경상북도 예천군 유천면 송지리 492번지,,,,정상가동,199.8,380,60,2021,발전사업용,2019-11-13,경상북도 예천군,,2025-12-09
오기햇빛 발전소,,경상북도 예천군 유천면 고산리 213-2,36.641477401,128.3920508883,,정상가동,91.59,380,60,2020,발전사업용,2019-11-13,경상북도 예천군,,2025-12-09
석인 태양광발전소,,"경상북도 예천군 호명면 담암리 104 , 107",,,,정상가동,98.79,380,60,2020,발전사업용,2019-11-13,경상북도 예천군,,2025-12-09
대치농장제2 태양광발전소,,경상북도 예천군 풍양면 괴당리 463-2,36.4903028074,128.3083875959,,정상가동,79.68,380,60,2021,발전사업용,2019-11-13,경상북도 예천군,,2025-12-09
주마1 태양광발전소,,경상북도 예천군 감천면 현내리 110번지,,,,정상가동,99.6,380,60,2023,발전사업용,2019-11-13,경상북도 예천군,,2025-12-09
풍원 태양광발전소,,"경상북도 예천군 감천면 벌방리 465 , 465-1",36.7542988229,128.4953317813,,정상가동,29.92,380,60,2021,발전사업용,2019-11-13,경상북도 예천군,,2025-12-09
동진 태양광발전소,,"경상북도 예천군 감천면 미석리 727-2 , 727-3",36.7580586252,128.5601804381,,정상가동,499.5,380,60,2024,발전사업용,2019-11-13,경상북도 예천군,,2025-12-09
대일2호 태양광발전소,,"경상북도 예천군 용문면 방송리 91 , 92",36.6818956992,128.3947396339,,정상가동,99.6,380,60,2020,발전사업용,2019-11-13,경상북도 예천군,,2025-12-09
무지햇빛 태양광발전소,,경상북도 예천군 용궁면 무지리 296번지 4호,,,,정상가동,29.88,380,60,2019,발전사업용,2019-11-13,경상북도 예천군,,2025-12-09
메가케이3호 태양광발전소,,경상북도 예천군 예천읍 고평리 374번지,,,,정상가동,453.6,380,60,2020,발전사업용,2019-11-13,경상북도 예천군,,2025-12-09
신우2 태양광발전소,,경상북도 예천군 호명면 금능리 141번지,,,,정상가동,99.54,380,60,2020,발전사업용,2019-10-14,경상북도 예천군,,2025-12-09
신우1 태양광발전소,,경상북도 예천군 호명면 금능리 141번지,,,,정상가동,99.54,380,60,2020,발전사업용,2019-10-14,경상북도 예천군,,2025-12-09
경수 태양광발전소,,"경상북도 예천군 용문면 직리 7 , 8",36.6911789897,128.3933983144,,정상가동,99.38,380,60,2024,발전사업용,2019-10-14,경상북도 예천군,,2025-12-09
대운 태양광발전소,,"경상북도 예천군 용문면 직리 6 ,7,8",36.6913676371,128.3932149811,,정상가동,99.38,380,60,2024,발전사업용,2019-10-14,경상북도 예천군,,2025-12-09
유진 태양광발전소,,"경상북도 예천군 용문면 직리 6 ,7,8",36.6913676371,128.3932149811,,정상가동,99.38,380,60,2024,발전사업용,2019-10-14,경상북도 예천군,,2025-12-09
은하 태양광발전소,,"경상북도 예천군 용문면 직리 7 , 8",36.6911789897,128.3933983144,,정상가동,99.38,380,60,2024,발전사업용,2019-10-14,경상북도 예천군,,2025-12-09
재민 태양광발전소,,"경상북도 예천군 용문면 직리 6 , 7",36.6913676371,128.3932149811,,정상가동,99.38,380,60,2024,발전사업용,2019-10-14,경상북도 예천군,,2025-12-09
청운2 태양광발전소,,"경상북도 예천군 용문면 직리 7 , 8",36.6911789897,128.3933983144,,정상가동,99.38,380,60,2024,발전사업용,2019-10-14,경상북도 예천군,,2025-12-09
가온빛 태양광발전소,,"경상북도 예천군 개포면 우감리 274 , 298",36.5962947963,128.3751013775,,정상가동,99.6,380,60,2021,발전사업용,2019-10-14,경상북도 예천군,,2025-12-09
범경 태양광발전소,,"경상북도 예천군 개포면 우감리 274 , 298",36.5962947963,128.3751013775,,정상가동,99.6,380,60,2021,발전사업용,2019-10-14,경상북도 예천군,,2025-12-09
명문2호 태양광발전소,,경상북도 예천군 예천읍 고평리 322번지 1호,,,,정상가동,267.3,380,60,2020,발전사업용,2019-10-14,경상북도 예천군,,2025-12-09
명문1호 태양광발전소,,경상북도 예천군 예천읍 고평리 322번지 1호,,,,정상가동,379.08,380,60,2020,발전사업용,2019-10-14,경상북도 예천군,,2025-12-09
에너지마켓1호,,경상북도 예천군 지보면 도화리 503번지,,,,정상가동,300,380,60,2021,발전사업용,2019-10-14,경상북도 예천군,,2025-12-09
자연 태양광발전소,,경상북도 예천군 풍양면 공덕리 222번지,,,,정상가동,98.7,380,60,2021,발전사업용,2019-10-14,경상북도 예천군,,2025-12-09
햇살터 태양광발전소,,경상북도 예천군 개포면 황산리 614번지,,,,정상가동,99.54,380,60,2021,발전사업용,2019-09-23,경상북도 예천군,,2025-12-09
일영2  태양광발전소,,경상북도 예천군 개포면 가곡리 647번지,,,,정상가동,19.5,380,60,2020,발전사업용,2019-09-23,경상북도 예천군,,2025-12-09
이스트 태양광발전소,,경상북도 예천군 유천면 마천리 187번지,,,,정상가동,99.96,380,60,2024,발전사업용,2019-09-18,경상북도 예천군,,2025-12-09
케이엔솔라 태양광발전소,,경상북도 예천군 유천면 송전리 471번지,,,,정상가동,99.6,380,60,2021,발전사업용,2019-09-18,경상북도 예천군,,2025-12-09
태영 태양광발전소,,경상북도 예천군 유천면 수심리 13번지,,,,정상가동,99.6,380,60,2021,발전사업용,2019-09-18,경상북도 예천군,,2025-12-09
상록 태양광 발전소,,경상북도 예천군 지보면 암천리 58번지 18호,,,,정상가동,18.96,380,60,2019,발전사업용,2019-09-18,경상북도 예천군,,2025-12-09
오미1 태양광발전소,,경상북도 예천군 풍양면 고산리 336번지 2호,,,,정상가동,99.75,380,60,2020,발전사업용,2019-09-18,경상북도 예천군,,2025-12-09
HK 에너지,,"경상북도 예천군 풍양면 낙상리 460-1 , 425-5",36.4995205653,128.2951042872,,정상가동,461.76,380,60,2022,발전사업용,2019-09-18,경상북도 예천군,,2025-12-09
원희 태양광발전소,,경상북도 예천군 풍양면 괴당리 392번지,,,,정상가동,438.24,380,60,2021,발전사업용,2019-09-18,경상북도 예천군,,2025-12-09
대승 발전소,,경상북도 예천군 보문면 승본리 23번지,,,,정상가동,99.9,380,60,2021,발전사업용,2019-09-18,경상북도 예천군,,2025-12-09
동영 태양광발전소,,경상북도 예천군 유천면 수심리 13-1,36.667840667,128.3811280517,,정상가동,99.6,380,60,2021,발전사업용,2019-09-18,경상북도 예천군,,2025-12-09
오미2 태양광발전소,,경상북도 예천군 유천면 고산리 336번지 2호,,,,정상가동,99.75,380,60,2020,발전사업용,2019-09-18,경상북도 예천군,,2025-12-09
명동1호태양광발전소,,경상북도 예천군 감천면 유리 290번지 1호,,,,정상가동,93.45,380,60,2020,발전사업용,2019-09-18,경상북도 예천군,,2025-12-09
준 태양광발전소,,경상북도 예천군 유천면 마천리 187번지,,,,정상가동,99.96,380,60,2024,발전사업용,2019-09-18,경상북도 예천군,,2025-12-09
파워셀에너지7호 태양광발전소,,경상북도 예천군 용문면 내지리 213번지,,,,정상가동,290,22900,60,2023,발전사업용,2019-09-18,경상북도 예천군,,2025-12-09
석봉 태양광발전소,,"경상북도 예천군 유천면 화전리 244 , 245-1, 245-2, 252, 253",36.6723628909,128.3391693212,,정상가동,499.28,380,60,2025,발전사업용,2019-09-18,경상북도 예천군,,2025-12-09
향명 태양광발전소,,"경상북도 예천군 효자면 보곡리 370 , 371",36.7760055802,128.4457023132,,정상가동,99.9,380,60,2021,발전사업용,2019-09-18,경상북도 예천군,,2025-12-09
주식회사 보문에너지,,"경상북도 예천군 보문면 수계리 349 , 350, 351, 352, 353",36.6825871148,128.5597305222,,정상가동,992.16,22900,60,2021,발전사업용,2019-09-18,경상북도 예천군,,2025-12-09
영명 태양광발전소,,"경상북도 예천군 효자면 보곡리 370 , 371",36.7760055802,128.4457023132,,정상가동,99.9,380,60,2021,발전사업용,2019-09-18,경상북도 예천군,,2025-12-09
SH 에너지,,"경상북도 예천군 풍양면 낙상리 460-1 ,425-5",36.4995205653,128.2951042872,,정상가동,461.76,380,60,2022,발전사업용,2019-09-18,경상북도 예천군,,2025-12-09
썬 태양광발전소,,"경상북도 예천군 풍양면 흔효리 84-1 , 85",36.5226353026,128.3339153708,,정상가동,294.4,380,60,2022,발전사업용,2019-08-20,경상북도 예천군,,2025-12-09
주식회사 은광솔라,,경상북도 예천군 풍양면 흔효리 85-2,36.5226200709,128.3347049612,,정상가동,194.4,380,60,2021,발전사업용,2019-08-20,경상북도 예천군,,2025-12-09
새빛 태양광발전소,,경상북도 예천군 감천면 미석리 1139번지 1호,,,,정상가동,98.77,380,60,2020,발전사업용,2019-08-20,경상북도 예천군,,2025-12-09
최중광 태양광발전소,,경상북도 예천군 지보면 어신리 926번지,,,,정상가동,199.8,380,60,2020,발전사업용,2019-08-20,경상북도 예천군,,2025-12-09
도화 태양광발전소,,"경상북도 예천군 지보면 도화리 593 , 594, 595, 596, 597",36.5393581464,128.4100032197,,정상가동,992.16,22900,60,2021,발전사업용,2019-08-20,경상북도 예천군,,2025-12-09
공처 태양광발전소,,경상북도 예천군 풍양면 공덕리 545번지 1호,,,,정상가동,19.8,380,60,2019,발전사업용,2019-08-20,경상북도 예천군,,2025-12-09
미경 태양광발전소,,경상북도 예천군 예천읍 고평리 485번지,,,,정상가동,297.6,380,60,2020,발전사업용,2019-08-20,경상북도 예천군,,2025-12-09
가경2호태양광발전소,,"경상북도 예천군 호명면 종산리 148-2 , 148-7",,,,정상가동,99.44,380,60,2020,발전사업용,2019-08-20,경상북도 예천군,,2025-12-09
윤호 태양광발전소,,"경상북도 예천군 호명면 종산리 147 , 148-1",,,,정상가동,99.54,380,60,2020,발전사업용,2019-08-20,경상북도 예천군,,2025-12-09
미선 태양광발전소,,"경상북도 예천군 호명면 종산리 147 , 148-1",,,,정상가동,99.54,380,60,2020,발전사업용,2019-08-20,경상북도 예천군,,2025-12-09
현서태양광발전소,,"경상북도 예천군 호명면 종산리 148 1, 148-3",,,,정상가동,99.54,380,60,2020,발전사업용,2019-08-20,경상북도 예천군,,2025-12-09
준하 태양광발전소,,경상북도 예천군 호명면 종산리 147번지,,,,정상가동,99.54,380,60,2020,발전사업용,2019-08-20,경상북도 예천군,,2025-12-09
선화 에너지,,경상북도 예천군 호명면 종산리 147번지,,,,정상가동,99.54,380,60,2020,발전사업용,2019-08-20,경상북도 예천군,,2025-12-09
진욱 태양광발전소,,경상북도 예천군 유천면 고림리 328번지,,,,정상가동,99.6,380,60,2021,발전사업용,2019-08-20,경상북도 예천군,,2025-12-09
정수2호 태양광발전소,,경상북도 예천군 유천면 고림리 328번지,,,,정상가동,99.6,380,60,2021,발전사업용,2019-08-20,경상북도 예천군,,2025-12-09
유명 태양광발전소,,경상북도 예천군 유천면 고림리 328번지,,,,정상가동,99.6,380,60,2021,발전사업용,2019-08-20,경상북도 예천군,,2025-12-09
베가 태양광발전소,,경상북도 예천군 유천면 고림리 328번지,,,,정상가동,99.6,380,60,2021,발전사업용,2019-08-20,경상북도 예천군,,2025-12-09
햇살가득 태양광발전소,,경상북도 예천군 유천면 고림리 328번지,,,,정상가동,99.6,380,60,2021,발전사업용,2019-08-20,경상북도 예천군,,2025-12-09
청운 태양광발전소,,경상북도 예천군 유천면 고림리 328번지,,,,정상가동,99.6,380,60,2021,발전사업용,2019-08-20,경상북도 예천군,,2025-12-09
사나우 에너지,,"경상북도 예천군 보문면 승본리 61 , 62",36.6805744628,128.4981136411,,정상가동,99.28,380,60,2021,발전사업용,2019-08-20,경상북도 예천군,,2025-12-09
귀남1호 태양광발전소,,경상북도 예천군 유천면 고림리 328번지,,,,정상가동,99.6,380,60,2021,발전사업용,2019-08-20,경상북도 예천군,,2025-12-09
해늘 발전소,,"경상북도 예천군 보문면 승본리 61 , 62, 63",36.6805744628,128.4981136411,,정상가동,99.28,380,60,2021,발전사업용,2019-08-20,경상북도 예천군,,2025-12-09
다올 에너지,,경상북도 예천군 보문면 승본리 61번지,,,,정상가동,99.28,380,60,2021,발전사업용,2019-08-20,경상북도 예천군,,2025-12-09
(주)맥스에너지 승본,,"경상북도 예천군 보문면 승본리 62 , 63, 64",36.6806812561,128.4984737461,,정상가동,998.64,22900,60,2021,발전사업용,2019-08-20,경상북도 예천군,,2025-12-09
지보 태양광발전소,,"경상북도 예천군 지보면 도화리 597번지 556,553",,,,정상가동,492.96,380,60,2021,발전사업용,2019-07-22,경상북도 예천군,,2025-12-09
백밤산1 태양광발전소,,경상북도 예천군 효자면 백석리 143번지,,,,정상가동,99.9,380,60,2021,발전사업용,2019-07-22,경상북도 예천군,,2025-12-09
백밤산2 태양광발전소,경상북도 예천군 효자면 백석길 70-8,,36.7999735116,128.4520942716,,정상가동,99.9,380,60,2021,발전사업용,2019-07-22,경상북도 예천군,,2025-12-09
태연 태양광발전소,,경상북도 예천군 유천면 가리 764번지,,,,정상가동,99.6,380,60,2020,발전사업용,2019-07-22,경상북도 예천군,,2025-12-09
옥동 태양광발전소,,경상북도 예천군 개포면 경진리 214번지,,,,정상가동,99.45,380,60,2020,발전사업용,2019-07-22,경상북도 예천군,,2025-12-09
경진 태양광발전소,,경상북도 예천군 개포면 경진리 490번지 2호,,,,정상가동,99.45,380,60,2020,발전사업용,2019-07-22,경상북도 예천군,,2025-12-09
SJ 발전소,,경상북도 예천군 예천읍 고평리 421번지 1호,,,,정상가동,224,380,60,2020,발전사업용,2019-07-22,경상북도 예천군,,2025-12-09
수정 발전소,,경상북도 예천군 예천읍 고평리 510번지,,,,정상가동,492.8,380,60,2020,발전사업용,2019-07-22,경상북도 예천군,,2025-12-09
다복 발전소,,경상북도 예천군 예천읍 고평리 510번지 4호,,,,정상가동,201.6,380,60,2020,발전사업용,2019-07-22,경상북도 예천군,,2025-12-09
HB 태양광발전소,,경상북도 예천군 보문면 작곡리 1441번지,,,,정상가동,99.84,380,60,2021,발전사업용,2019-07-22,경상북도 예천군,,2025-12-09
DH 태양광발전소,,경상북도 예천군 보문면 작곡리 144-1,36.6772861539,128.5391717031,,정상가동,99.84,380,60,2021,발전사업용,2019-07-22,경상북도 예천군,,2025-12-09
명석 태양광발전소,,경상북도 예천군 예천읍 청복리 1186번지,,,,정상가동,99.54,380,60,2020,발전사업용,2019-07-22,경상북도 예천군,,2025-12-09
옥화 태양광발전소,,경상북도 예천군 예천읍 청복리 1186번지,,,,정상가동,28.44,380,60,2020,발전사업용,2019-07-22,경상북도 예천군,,2025-12-09
예천케이솔라태양광발전소,,경상북도 예천군 유천면 송전리 326번지,,,,정상가동,75.6,380,60,2021,발전사업용,2019-07-22,경상북도 예천군,,2025-12-09
보승 태양광발전소,,경상북도 예천군 유천면 송전리 326번지,,,,정상가동,99.6,380,60,2021,발전사업용,2019-07-22,경상북도 예천군,,2025-12-09
변점희태양광발전소,,경상북도 예천군 용문면 구계리 17-4,36.685164601,128.3965672843,,정상가동,99.9,380,60,2024,발전사업용,2019-07-22,경상북도 예천군,,2025-12-09
미옥 태양광발전소,,"경상북도 예천군 호명면 직산리 278-1 , 278-2",,,,정상가동,99.9,380,60,2020,발전사업용,2019-07-22,경상북도 예천군,,2025-12-09
태성 태양광발전소,,경상북도 예천군 호명면 직산리 278번지 2호,,,,정상가동,99.9,380,60,2020,발전사업용,2019-07-22,경상북도 예천군,,2025-12-09
광흠 태양광발전소,,경상북도 예천군 지보면 마전리 779번지,,,,정상가동,99.9,380,60,2025,발전사업용,2019-07-22,경상북도 예천군,,2025-12-09
병용 태양광발전소,,"경상북도 예천군 지보면 신풍리 1117-5 , 1117-6",36.5452632189,128.4201398232,,정상가동,99.6,380,60,2025,발전사업용,2019-07-22,경상북도 예천군,,2025-12-09
화남2 태양광발전소,,경상북도 예천군 유천면 화지리 262번지,,,,정상가동,99.9,380,60,2023,발전사업용,2019-07-22,경상북도 예천군,,2025-12-09
화남1 태양광발전소,,경상북도 예천군 유천면 화지리 262번지,,,,정상가동,99.9,380,60,2023,발전사업용,2019-07-22,경상북도 예천군,,2025-12-09
류시득 태양광발전소,,경상북도 예천군 지보면 도화리 531번지,,,,정상가동,99.6,380,60,2020,발전사업용,2019-07-22,경상북도 예천군,,2025-12-09
김용희 태양광발전소,,경상북도 예천군 지보면 도화리 531번지,,,,정상가동,99,380,60,2020,발전사업용,2019-07-22,경상북도 예천군,,2025-12-09
하늘태양광발전소,,경상북도 예천군 개포면 우감리 274번지 298,,,,정상가동,99.6,380,60,2021,발전사업용,2019-05-31,경상북도 예천군,,2025-12-09
가온해 태양광발전소,,경상북도 예천군 개포면 우감리 274번지 298,,,,정상가동,99.6,380,60,2021,발전사업용,2019-05-31,경상북도 예천군,,2025-12-09
소라목장 태양광발전소,,경상북도 예천군 풍양면 공덕리 793번지,,,,정상가동,756,22900,60,2021,발전사업용,2019-05-31,경상북도 예천군,,2025-12-09
고향태양광발전소,,경상북도 예천군 효자면 고항리 279번지 1호,,,,정상가동,103.68,380,60,2021,발전사업용,2019-05-31,경상북도 예천군,,2025-12-09
부광태양광발전소,,경상북도 예천군 호명면 본리 309번지 309-1,,,,정상가동,295.07,380,60,2019,발전사업용,2019-05-31,경상북도 예천군,,2025-12-09
빛좋은태양광발전소,,경상북도 예천군 예천읍 고평리 484번지,,,,정상가동,596.7,22900,60,2019,발전사업용,2019-05-31,경상북도 예천군,,2025-12-09
마전2호 태양광발전소,,경상북도 예천군 지보면 마전리 754번지 1호 750,,,,정상가동,99.36,380,60,2021,발전사업용,2019-05-31,경상북도 예천군,,2025-12-09
깃들 태양광발전소,,경상북도 예천군 예천읍 통명리 479번지 2호,,,,정상가동,99.54,380,60,2025,발전사업용,2019-05-31,경상북도 예천군,,2025-12-09
이덕근태양광발전소,,경상북도 예천군 유천면 송지리 31번지,,,,정상가동,300,380,60,2020,발전사업용,2019-05-31,경상북도 예천군,,2025-12-09
태조 태양광발전소,,경상북도 예천군 감천면 덕율리 1277번지 1278,,,,정상가동,387.04,380,60,2023,발전사업용,2019-05-31,경상북도 예천군,,2025-12-09
유비태양광발전소,,경상북도 예천군 감천면 덕율리 1277번지 1278,,,,정상가동,387.04,380,60,2023,발전사업용,2019-05-31,경상북도 예천군,,2025-12-09
동서태양광발전소,,경상북도 예천군 지보면 마산리 175번지,,,,정상가동,14.04,220,60,2019,발전사업용,2019-05-31,경상북도 예천군,,2025-12-09
백두 에너지,,경상북도 예천군 유천면 고림리 149,36.6436943975,128.3562138053,,정상가동,99.9,380,60,2020,발전사업용,2019-05-31,경상북도 예천군,,2025-12-09
경일 에너지,,경상북도 예천군 유천면 고림리 149,36.6436943975,128.3562138053,,정상가동,99.9,380,60,2020,발전사업용,2019-05-31,경상북도 예천군,,2025-12-09
구상태양광발전소,,"경상북도 예천군 유천면 손기리 401 , 401-1",36.6562774009,128.3612071778,,정상가동,99.9,380,60,2021,발전사업용,2019-05-31,경상북도 예천군,,2025-12-09
광진발전소,,경상북도 예천군 지보면 도화리 532번지,,,,정상가동,99.84,380,60,2020,발전사업용,2019-05-31,경상북도 예천군,,2025-12-09
에이스태양광발전소,,경상북도 예천군 유천면 가리 805,36.6301115734,128.3769727335,,정상가동,99.9,380,60,2020,발전사업용,2019-05-31,경상북도 예천군,,2025-12-09
드림태양광발전소,,경상북도 예천군 유천면 가리 805,36.6301115734,128.3769727335,,정상가동,99.9,380,60,2020,발전사업용,2019-05-31,경상북도 예천군,,2025-12-09
푸른꿈태양광발전소,,경상북도 예천군 유천면 가리 805,36.6301115734,128.3769727335,,정상가동,99.9,380,60,2020,발전사업용,2019-05-31,경상북도 예천군,,2025-12-09
굿모닝태양광발전소,,경상북도 예천군 유천면 가리 805번지,,,,정상가동,99.9,380,60,2020,발전사업용,2019-05-31,경상북도 예천군,,2025-12-09
주식회사기광태양광발전,,"경상북도 예천군 유천면 사곡리 520번지 521, 522, 536",,,,정상가동,699.72,22900,60,2024,발전사업용,2019-05-10,경상북도 예천군,,2025-12-09
고림 에너지,,경상북도 예천군 유천면 고림리 87,36.6457602014,128.3590854887,,정상가동,99.9,380,60,2021,발전사업용,2019-05-10,경상북도 예천군,,2025-12-09
선경 에너지,,경상북도 예천군 유천면 고림리 87-2,36.6455559578,128.3587374539,,정상가동,99.9,380,60,2021,발전사업용,2019-05-10,경상북도 예천군,,2025-12-09
청광태양광발전소,,경상북도 예천군 예천읍 생천리 1,36.6858505651,128.4645838062,,정상가동,99.6,380,60,2021,발전사업용,2019-05-10,경상북도 예천군,,2025-12-09
풍양태양광발전소,,경상북도 예천군 풍양면 풍신리 175번지 2호,,,,정상가동,99.18,380,60,2021,발전사업용,2019-05-10,경상북도 예천군,,2025-12-09
호암태양광발전소,,경상북도 예천군 호명면 담암리 395-1,,,,정상가동,197.1,380,60,2022,발전사업용,2019-05-10,경상북도 예천군,,2025-12-09
와이솔라태양광발전소,,경상북도 예천군 풍양면 우망리 940번지 3호,,,,정상가동,294.84,380,60,2021,발전사업용,2019-05-10,경상북도 예천군,,2025-12-09
해테크예천41호,,경상북도 예천군 호명면 직산리 873번지 1호,,,,정상가동,99.45,380,60,2019,발전사업용,2019-05-10,경상북도 예천군,,2025-12-09
주식회사도원캠프태양광발전소,,경상북도 예천군 감천면 마촌리 314번지,,,,정상가동,199.68,380,60,2020,발전사업용,2019-05-10,경상북도 예천군,,2025-12-09
천지태양광발전소,,경상북도 예천군 지보면 어신리 38번지 13호,,,,정상가동,99.6,380,60,2021,발전사업용,2019-05-10,경상북도 예천군,,2025-12-09
천상태양광발전소,,경상북도 예천군 지보면 어신리 38번지 14호,,,,정상가동,321.93,380,60,2025,발전사업용,2019-05-10,경상북도 예천군,,2025-12-09
동산태양광발전소,,경상북도 예천군 은풍면 오류리 340번지 6호,,,,정상가동,12,380,60,2019,발전사업용,2019-05-10,경상북도 예천군,,2025-12-09
하늘태양광발전소,,경상북도 예천군 유천면 송전리 380번지,,,,정상가동,98.28,380,60,2021,발전사업용,2019-05-10,경상북도 예천군,,2025-12-09
썬샤인2태양광발전소,,경상북도 예천군 유천면 송전리 380번지,,,,정상가동,98.28,380,60,2021,발전사업용,2019-05-10,경상북도 예천군,,2025-12-09
썬샤인1태양광발전소,,경상북도 예천군 유천면 송전리 379번지 2호 380,,,,정상가동,98.28,380,60,2021,발전사업용,2019-05-10,경상북도 예천군,,2025-12-09
학산태양광발전소,,"경상북도 예천군 감천면 대맥리 168번지 1호 169,170-1",,,,정상가동,99.2,380,60,2021,발전사업용,2019-05-10,경상북도 예천군,,2025-12-09
산과들1호 태양광발전소,,경상북도 예천군 감천면 대맥리 622번지 623,,,,정상가동,395.28,380,60,2021,발전사업용,2019-05-10,경상북도 예천군,,2025-12-09
한일태양광발전소,,경상북도 예천군 유천면 화지리 226번지,,,,정상가동,99.45,380,60,2020,발전사업용,2019-05-10,경상북도 예천군,,2025-12-09
창근태양광발전소,,경상북도 예천군 감천면 덕율리 471번지 3호,,,,정상가동,99.9,380,60,2020,발전사업용,2019-04-19,경상북도 예천군,,2025-12-09
제이제이(JJ) 태양광발전소,,경상북도 예천군 유천면 송전리 327번지,,,,정상가동,180,380,60,2021,발전사업용,2019-04-19,경상북도 예천군,,2025-12-09
메가케이2호태양광발전소,,경상북도 예천군 예천읍 고평리 484번지 3호,,,,정상가동,283.2,380,60,2019,발전사업용,2019-04-19,경상북도 예천군,,2025-12-09
CS 에너지,,경상북도 예천군 유천면 용암리 21번지 1호,,,,정상가동,99.9,380,60,2021,발전사업용,2016-09-19,경상북도 예천군,,2025-12-09
HL에너지태양광발전소,,"경상북도 예천군 유천면 손기리 117-1 , 117-2",36.6435267857,128.3704757282,,정상가동,350.4,380,60,2022,발전사업용,2019-04-19,경상북도 예천군,,2025-12-09
상민발전소,,"경상북도 예천군 예천읍 통명리 527번지 2호 525-4, 526-2",,,,정상가동,196,380,60,2020,발전사업용,2019-04-19,경상북도 예천군,,2025-12-09
창민발전소,,"경상북도 예천군 예천읍 통명리 527번지 525-1, 526-6",,,,정상가동,196,380,60,2020,발전사업용,2019-04-19,경상북도 예천군,,2025-12-09
초롱 태양광발전소,,경상북도 예천군 풍양면 흥천리 418번지 419,,,,정상가동,99.36,380,60,2021,발전사업용,2019-04-19,경상북도 예천군,,2025-12-09
미래태양광발전소,,경상북도 예천군 풍양면 흥천리 419번지,,,,정상가동,99.36,380,60,2021,발전사업용,2019-04-19,경상북도 예천군,,2025-12-09
은하수솔라,,경상북도 예천군 풍양면 흥천리 419번지 422,,,,정상가동,99.36,380,60,2021,발전사업용,2019-04-19,경상북도 예천군,,2025-12-09
승리쏠라2호,,경상북도 예천군 풍양면 흥천리 419번지 422,,,,정상가동,99.36,380,60,2021,발전사업용,2019-04-19,경상북도 예천군,,2025-12-09
고은태양광발전소,,경상북도 예천군 풍양면 흥천리 419번지 422,,,,정상가동,99.36,380,60,2021,발전사업용,2019-04-19,경상북도 예천군,,2025-12-09
우리3호 태양광발전소,,"경상북도 예천군 풍양면 흥천리 419번지 ,422, 454, 455",,,,정상가동,99.36,380,60,2021,발전사업용,2019-04-19,경상북도 예천군,,2025-12-09
더나은태양광발전소,,"경상북도 예천군 풍양면 흥천리 418번지 ,419",,,,정상가동,99.36,380,60,2021,발전사업용,2019-04-19,경상북도 예천군,,2025-12-09
서진솔라,,"경상북도 예천군 풍양면 흥천리 454번지 ,455",,,,정상가동,99.36,380,60,2021,발전사업용,2019-04-19,경상북도 예천군,,2025-12-09
황정3호태양광발전소,,"경상북도 예천군 풍양면 흥천리 419번지 422, 455",,,,정상가동,99.36,380,60,2021,발전사업용,2019-04-19,경상북도 예천군,,2025-12-09
제이솔라,,"경상북도 예천군 풍양면 흥천리 454번지 ,455",,,,정상가동,99.36,380,60,2021,발전사업용,2019-04-19,경상북도 예천군,,2025-12-09
미리내 솔라,,경상북도 예천군 풍양면 흥천리 419번지 422,,,,정상가동,99.36,380,60,2021,발전사업용,2019-04-19,경상북도 예천군,,2025-12-09
승리쏠라1호,,"경상북도 예천군 풍양면 흥천리 419번지 ,422,455",,,,정상가동,99.36,380,60,2021,발전사업용,2019-04-19,경상북도 예천군,,2025-12-09
오미태양광발전소,,경상북도 예천군 유천면 고산리 129번지 130-2,,,,정상가동,99.45,380,60,2021,발전사업용,2019-04-19,경상북도 예천군,,2025-12-09
황길영 태양광발전소,,경상북도 예천군 유천면 송지리 510번지 511,,,,정상가동,98.55,380,60,2020,발전사업용,2019-04-19,경상북도 예천군,,2025-12-09
유순애 태양광발전소,,경상북도 예천군 유천면 송지리 510번지 511,,,,정상가동,98.55,380,60,2020,발전사업용,2019-04-19,경상북도 예천군,,2025-12-09
해나태양광발전소,,"경상북도 예천군 감천면 유리 296번지 297,298,305",,,,정상가동,498.42,380,60,2021,발전사업용,2019-04-12,경상북도 예천군,,2025-12-09
세명솔라,,"경상북도 예천군 감천면 유리 296번지 297,298",,,,정상가동,294.84,380,60,2021,발전사업용,2019-04-12,경상북도 예천군,,2025-12-09
형통태양광발전소,,경상북도 예천군 용궁면 월오리 223번지,,,,정상가동,99.36,380,60,2020,발전사업용,2019-04-10,경상북도 예천군,,2025-12-09
송현1호태양광발전소,,경상북도 예천군 용궁면 월오리 223번지,,,,정상가동,99.36,380,60,2020,발전사업용,2019-04-10,경상북도 예천군,,2025-12-09
송현2호태양광발전소,,경상북도 예천군 용궁면 월오리 223번지,,,,정상가동,99.36,380,60,2020,발전사업용,2019-04-10,경상북도 예천군,,2025-12-09
송월태양광발전소,,"경상북도 예천군 감천면 덕율리 1265번지 1265-1, 1265-2",,,,정상가동,99.36,380,60,2020,발전사업용,2019-04-02,경상북도 예천군,,2025-12-09
다천2호태양광발전소,,"경상북도 예천군 감천면 덕율리 1265번지 1265-1, 1265-2",,,,정상가동,99.36,380,60,2020,발전사업용,2019-04-02,경상북도 예천군,,2025-12-09
진영태양광발전소,,경상북도 예천군 유천면 고산리 286번지,,,,정상가동,93.6,380,60,2020,발전사업용,2019-03-25,경상북도 예천군,,2025-12-09
대성2호태양광발전소,,경상북도 예천군 예천읍 석정리 382번지 1호,,,,정상가동,249.6,380,60,2020,발전사업용,2019-03-25,경상북도 예천군,,2025-12-09
민지태양광발전소,,경상북도 예천군 유천면 고산리 286번지,,,,정상가동,93.6,380,60,2020,발전사업용,2019-03-25,경상북도 예천군,,2025-12-09
다대1태양광발전소,,경상북도 예천군 유천면 고산리 286번지,,,,정상가동,93.6,380,60,2020,발전사업용,2019-03-25,경상북도 예천군,,2025-12-09
감천삼 태양광발전소,,경상북도 예천군 감천면 현내리 15번지,,,,정상가동,98.28,380,60,2020,발전사업용,2019-03-25,경상북도 예천군,,2025-12-09
감천이 태양광발전소,,"경상북도 예천군 감천면 현내리 14 , 15",36.7371736317,128.5268085521,,정상가동,98.28,380,60,2020,발전사업용,2019-03-25,경상북도 예천군,,2025-12-09
감천일 태양광발전소,,경상북도 예천군 감천면 현내리 14번지,,,,정상가동,98.28,380,60,2020,발전사업용,2019-03-25,경상북도 예천군,,2025-12-09
햇살좋은,,경상북도 예천군 예천읍 고평리 484번지 4호,,,,정상가동,219.96,380,60,2019,발전사업용,2019-03-25,경상북도 예천군,,2025-12-09
대치농장태양광발전소,,경상북도 예천군 풍양면 괴당리 463번지 2호,,,,정상가동,99.84,380,60,2021,발전사업용,2019-03-25,경상북도 예천군,,2025-12-09
영성 태양광발전소,,경상북도 예천군 감천면 미석리 1139번지,,,,정상가동,98.77,380,60,2020,발전사업용,2019-03-25,경상북도 예천군,,2025-12-09
양지태양광발전소,,경상북도 예천군 감천면 유리 296번지 305,,,,정상가동,98.28,380,60,2021,발전사업용,2019-03-25,경상북도 예천군,,2025-12-09
내골 태앙광발전소,,경상북도 예천군 지보면 소화리 1305번지,,,,정상가동,99.36,380,60,2020,발전사업용,2019-03-25,경상북도 예천군,,2025-12-09
인규태양광발전소,,경상북도 예천군 지보면 만화리 9번지 9-1,,,,정상가동,99.36,380,60,2020,발전사업용,2019-03-25,경상북도 예천군,,2025-12-09
덕의 태양광발전소,,"경상북도 예천군 용문면 구계리 17번지 17-4, 22",,,,정상가동,99.54,380,60,2021,발전사업용,2019-03-25,경상북도 예천군,,2025-12-09
용제1태양광발전소,,"경상북도 예천군 예천읍 용산리 426-1 , 426-2",36.663615627,128.4189289687,,정상가동,99.72,380,60,2022,발전사업용,2019-03-25,경상북도 예천군,,2025-12-09
예천인권태양광발전소,,"경상북도 예천군 유천면 광전리 363번지 11호 363-17,363-20,363-21",,,,정상가동,99.84,380,60,2024,발전사업용,2019-03-15,경상북도 예천군,,2025-12-09
선일원태양광발전소,,경상북도 예천군 유천면 광전리 363번지 9호,,,,정상가동,99.84,380,60,2024,발전사업용,2019-03-15,경상북도 예천군,,2025-12-09
썬남태양광발전소,,"경상북도 예천군 유천면 광전리 363-17 363-71, 363-75, 363-80(토지위)",,,,정상가동,99.84,380,60,2024,발전사업용,2019-03-15,경상북도 예천군,,2025-12-09
경은솔라,,"경상북도 예천군 유천면 광전리 381번지 1호 363-12,363-56",,,,정상가동,99,380,60,2024,발전사업용,2019-03-15,경상북도 예천군,,2025-12-09
동주솔라,,"경상북도 예천군 유천면 광전리 363번지 11호 363-12,363-16,363-17,363-19,363-20,363-21,363-56",,,,정상가동,98.28,380,60,2024,발전사업용,2019-03-15,경상북도 예천군,,2025-12-09
예함 태양광발전소,,경상북도 예천군 용문면 능천리 141번지 1호,,,,정상가동,98.68,380,60,2021,발전사업용,2019-03-07,경상북도 예천군,,2025-12-09
천룡태양광발전소,,경상북도 예천군 지보면 매창리 92번지 1호,,,,정상가동,85.41,380,60,2020,발전사업용,2019-03-07,경상북도 예천군,,2025-12-09
(주)케이원솔라태양광발전소,,경상북도 예천군 예천읍 갈구리 176번지 177,,,,정상가동,496.86,380,60,2021,발전사업용,2019-03-04,경상북도 예천군,,2025-12-09
해민태양광발전소,,경상북도 예천군 유천면 고림리 203번지 1호,,,,정상가동,99.36,380,60,2019,발전사업용,2019-03-04,경상북도 예천군,,2025-12-09
해늘태양광발전소,,경상북도 예천군 유천면 고림리 203번지 1호,,,,정상가동,99.36,380,60,2019,발전사업용,2019-03-04,경상북도 예천군,,2025-12-09
해영태양광발전소,,경상북도 예천군 유천면 고림리 203번지 1호,,,,정상가동,99.36,380,60,2019,발전사업용,2019-03-04,경상북도 예천군,,2025-12-09
바영 태양광발전소,,"경상북도 예천군 감천면 현내리 132 , 133, 297-1, 298, 306, 307",36.7307494708,128.5192588419,,정상가동,998.64,22900,60,2021,발전사업용,2019-03-04,경상북도 예천군,,2025-12-09
나이태양광발전소,,경상북도 예천군 감천면 현내리 298번지 1호,,,,정상가동,98.55,380,60,2021,발전사업용,2019-03-04,경상북도 예천군,,2025-12-09
가일 태양광발전소,,경상북도 예천군 감천면 현내리 297번지,,,,정상가동,98.55,380,60,2021,발전사업용,2019-03-04,경상북도 예천군,,2025-12-09
통명제2 태양광발전소,,경상북도 예천군 예천읍 통명리 413,36.6652924502,128.4756025736,,정상가동,99.6,380,60,2020,발전사업용,2019-03-04,경상북도 예천군,,2025-12-09
가수네태양광발전소,,경상북도 예천군 유천면 고림리 161번지 1호,,,,정상가동,99.36,380,60,2019,발전사업용,2019-03-04,경상북도 예천군,,2025-12-09
고평태양광발전소,,경상북도 예천군 유천면 고림리 161번지 1호,,,,정상가동,99.36,380,60,2019,발전사업용,2019-03-04,경상북도 예천군,,2025-12-09
대한전력태양광제1발전소,,경상북도 예천군 예천읍 대심리 375,36.6466997298,128.4390212306,,정상가동,235.2,380,60,2020,발전사업용,2019-03-04,경상북도 예천군,,2025-12-09
상영태양광발전소,,경상북도 예천군 감천면 현내리 631번지 678,,,,정상가동,99.6,380,60,2023,발전사업용,2019-02-14,경상북도 예천군,,2025-12-09
솔안태양괄발전소,,경상북도 예천군 유천면 송지리 493번지 3호,,,,정상가동,199.08,380,60,2019,발전사업용,2019-02-14,경상북도 예천군,,2025-12-09
태성 태양광발전소,,경상북도 예천군 예천읍 통명리 509번지 510,,,,정상가동,99.6,380,60,2024,발전사업용,2019-02-14,경상북도 예천군,,2025-12-09
권오열태양광발전소,,경상북도 예천군 유천면 송지리 492번지,,,,정상가동,99.45,380,60,2019,발전사업용,2019-02-14,경상북도 예천군,,2025-12-09
KG2 태양광발전소,,경상북도 예천군 예천읍 통명리 525번지 3호,,,,정상가동,218.68,380,60,2020,발전사업용,2019-02-14,경상북도 예천군,,2025-12-09
메가케이태양광발전소,,경상북도 예천군 예천읍 통명리 525번지,,,,정상가동,218.68,380,60,2020,발전사업용,2019-02-14,경상북도 예천군,,2025-12-09
풍신7호 태양광발전소,,경상북도 예천군 풍양면 풍신리 962,36.4597559088,128.3105062631,,정상가동,99.36,380,60,2022,발전사업용,2019-02-14,경상북도 예천군,,2025-12-09
풍신6호 태양광발전소,,경상북도 예천군 풍양면 풍신리 962,36.4597559088,128.3105062631,,정상가동,99.36,380,60,2022,발전사업용,2019-02-14,경상북도 예천군,,2025-12-09
풍신2호 태양광발전소,,경상북도 예천군 풍양면 풍신리 962,36.4597559088,128.3105062631,,정상가동,99.36,380,60,2022,발전사업용,2019-02-14,경상북도 예천군,,2025-12-09
풍신3호 태양광발전소,,경상북도 예천군 풍양면 풍신리 962,36.4597559088,128.3105062631,,정상가동,99.36,380,60,2022,발전사업용,2019-02-14,경상북도 예천군,,2025-12-09
풍신4호 태양광발전소,,경상북도 예천군 풍양면 풍신리 962,36.4597559088,128.3105062631,,정상가동,99.36,380,60,2022,발전사업용,2019-02-14,경상북도 예천군,,2025-12-09
풍신1호태양광발전소,,경상북도 예천군 풍양면 풍신리 966번지 2호,,,,정상가동,99.36,380,60,2022,발전사업용,2019-02-14,경상북도 예천군,,2025-12-09
풍신5호 태양광발전소,,경상북도 예천군 풍양면 풍신리 962,36.4597559088,128.3105062631,,정상가동,99.36,380,60,2022,발전사업용,2019-02-14,경상북도 예천군,,2025-12-09
열린태양광,,경상북도 예천군 지보면 도화리 494번지,,,,정상가동,98.55,380,60,2020,발전사업용,2019-02-14,경상북도 예천군,,2025-12-09
열린태양광2호,,경상북도 예천군 지보면 도화리 494번지,,,,정상가동,98.55,380,60,2020,발전사업용,2019-02-14,경상북도 예천군,,2025-12-09
본에너지2호,,경상북도 예천군 풍양면 풍신리 951번지,,,,정상가동,498,380,60,2021,발전사업용,2019-02-01,경상북도 예천군,,2025-12-09
신성에너지,,경상북도 예천군 풍양면 풍신리 951번지,,,,정상가동,99.45,380,60,2021,발전사업용,2019-02-01,경상북도 예천군,,2025-12-09
예천태양광,,경상북도 예천군 풍양면 풍신리 951번지,,,,정상가동,99.45,380,60,2021,발전사업용,2019-02-01,경상북도 예천군,,2025-12-09
병희에너지,,경상북도 예천군 풍양면 풍신리 951번지,,,,정상가동,99.45,380,60,2021,발전사업용,2019-02-01,경상북도 예천군,,2025-12-09
경희에너지,,경상북도 예천군 풍양면 풍신리 951번지,,,,정상가동,99.45,380,60,2021,발전사업용,2019-02-01,경상북도 예천군,,2025-12-09
도다연에너지,,경상북도 예천군 풍양면 풍신리 951번지,,,,정상가동,99.45,380,60,2021,발전사업용,2019-02-01,경상북도 예천군,,2025-12-09
갈골3 태양광발전소,,경상북도 예천군 효자면 백석리 525번지,,,,정상가동,196.56,380,60,2021,발전사업용,2019-01-23,경상북도 예천군,,2025-12-09
JSP,,"경상북도 예천군 예천읍 청복리 1050 , 1051, 1054, 1061",36.6247356207,128.4812679762,,정상가동,94.43,380,60,2019,발전사업용,2019-01-23,경상북도 예천군,,2025-12-09
해받이발전소,,경상북도 예천군 개포면 가곡리 713번지,,,,정상가동,99.84,380,60,2021,발전사업용,2019-01-23,경상북도 예천군,,2025-12-09
태초에너지태양광발전소,,경상북도 예천군 풍양면 풍신리 149번지,,,,정상가동,98.56,380,60,2022,발전사업용,2019-01-23,경상북도 예천군,,2025-12-09
JH태양광발전소,,"경상북도 예천군 풍양면 흥천리 350 , 351, 352",36.503766699,128.3212476824,,정상가동,531.2,22900,60,2025,발전사업용,2019-02-26,경상북도 예천군,,2025-12-09
케이앤씨흥천리1호,,"경상북도 예천군 풍양면 흥천리 332 , 333-1, 333-2, 354, 355-1, 355-4",36.5041105822,128.3229198723,,정상가동,998.64,22900,60,2025,발전사업용,2019-01-17,경상북도 예천군,,2025-12-09
지성 E&C,,경상북도 예천군 예천읍 통명리 479번지 1호,,,,정상가동,99.72,380,60,2020,발전사업용,2019-01-08,경상북도 예천군,,2025-12-09
예안태양광발전소,,경상북도 예천군 예천읍 통명리 479번지 1호,,,,정상가동,99.72,380,60,2020,발전사업용,2019-01-08,경상북도 예천군,,2025-12-09
지영태양광발전소,,"경상북도 예천군 보문면 작곡리 172 , 173, 176",36.6855426847,128.5375727245,,정상가동,297,380,60,2021,발전사업용,2018-07-24,경상북도 예천군,,2025-12-09
시훈태양광발전소,,경상북도 예천군 개포면 경진리 372번지,,,,정상가동,99.45,380,60,2020,발전사업용,2018-12-28,경상북도 예천군,,2025-12-09
현수태양광발전소,,경상북도 예천군 지보면 어신리 38번지,,,,정상가동,613.62,22900,60,2025,발전사업용,2018-11-20,경상북도 예천군,,2025-12-09
골드태양광발전소,,경상북도 예천군 지보면 어신리 38-15,,,,정상가동,894.6,22900,60,2025,발전사업용,2018-11-20,경상북도 예천군,,2025-12-09
흥천리채움 태양광발전소,,"경상북도 예천군 풍양면 흥천리 330 355-2, 387, 392",,,,정상가동,646.4,22900,60,2025,발전사업용,2018-11-26,경상북도 예천군,,2025-12-09
KJ태양광발전소,,"경상북도 예천군 풍양면 흥천리 348 ,349 ,358, 359",36.5041351243,128.3205956922,,정상가동,794.97,22900,60,2025,발전사업용,2018-11-20,경상북도 예천군,,2025-12-09
명동1호태양광발전소,,경상북도 예천군 은풍면 부초리 252번지,,,,정상가동,97.02,380,60,2023,발전사업용,2018-11-20,경상북도 예천군,,2025-12-09
SS태양광발전소,,경상북도 예천군 은풍면 부초리 252번지,,,,정상가동,97.02,380,60,2023,발전사업용,2018-11-20,경상북도 예천군,,2025-12-09
용갈미 태양광,,경상북도 예천군 지보면 도화리 1108번지,,,,정상가동,74.88,380,60,2021,발전사업용,2018-11-19,경상북도 예천군,,2025-12-09
대경1호태양광발전소,,경상북도 예천군 은풍면 부초리 252번지,,,,정상가동,97.02,380,60,2023,발전사업용,2018-11-19,경상북도 예천군,,2025-12-09
영남성태양광발전소,,경상북도 예천군 은풍면 시항리 7번지,,,,정상가동,198.4,380,60,2021,발전사업용,2018-11-19,경상북도 예천군,,2025-12-09
태하태양광발전소,,경상북도 예천군 유천면 고림리 117번지,,,,정상가동,315.9,380,60,2019,발전사업용,2018-11-19,경상북도 예천군,,2025-12-09
자연태양광2호,,경상북도 예천군 감천면 덕율리 1189번지 1호,,,,정상가동,199.68,380,60,2020,발전사업용,2018-11-19,경상북도 예천군,,2025-12-09
경한태양광발전소2,,경상북도 예천군 보문면 승본리 산 66번지,,,,정상가동,99.71,380,60,2021,발전사업용,2018-11-19,경상북도 예천군,,2025-12-09
담암태양광발전소,,"경상북도 예천군 호명면 담암리 211-1 , 211-9",,,,정상가동,19.8,380,60,2019,발전사업용,2018-11-19,경상북도 예천군,,2025-12-09
엘림쏠라태양광발전소,,경상북도 예천군 개포면 가곡리 779번지 3호,,,,정상가동,99.96,220380,60,2020,발전사업용,2018-11-19,경상북도 예천군,,2025-12-09
하늘솔라태양광발전소,,경상북도 예천군 개포면 가곡리 779번지,,,,정상가동,99.96,220380,60,2020,발전사업용,2018-11-19,경상북도 예천군,,2025-12-09
광진발전소,,경상북도 예천군 예천읍 고평리 735번지 2호,,,,정상가동,218.68,380,60,2019,발전사업용,2019-02-26,경상북도 예천군,,2025-12-09
태민태양광발전소,,경상북도 예천군 감천면 증거리 19번지 1호,,,,정상가동,364.23,380,60,2020,발전사업용,2018-10-23,경상북도 예천군,,2025-12-09
수태양광발전소,,경상북도 예천군 유천면 고림리 154번지,,,,정상가동,99.36,380,60,2019,발전사업용,2018-10-23,경상북도 예천군,,2025-12-09
예한 태양광발전소,,경상북도 예천군 유천면 고림리 154번지,,,,정상가동,99.36,380,60,2019,발전사업용,2018-10-23,경상북도 예천군,,2025-12-09
윤병규태양광발전소,,경상북도 예천군 감천면 진평리 196번지 7호,,,,정상가동,74.1,380,60,2019,발전사업용,2018-10-23,경상북도 예천군,,2025-12-09
영빈태양광발전소,,경상북도 예천군 은풍면 부초리 산 8번지 1호,,,,정상가동,245.28,380,60,2022,발전사업용,2018-10-23,경상북도 예천군,,2025-12-09
주원2 햇빛발전소,,경상북도 예천군 유천면 고산리 370번지,,,,정상가동,340,380,60,2020,발전사업용,2018-10-22,경상북도 예천군,,2025-12-09
현광태양광발전소,,경상북도 예천군 유천면 율현리 5번지,,,,정상가동,99,380,60,2019,발전사업용,2018-10-22,경상북도 예천군,,2025-12-09
해맞이2 태양광발전소,,경상북도 예천군 개포면 황산리 574,36.6063916826,128.3275227639,,정상가동,99.6,380,60,2020,발전사업용,2018-10-22,경상북도 예천군,,2025-12-09
예지 태양광발전소,,경상북도 예천군 유천면 율현리 276번지,,,,정상가동,99.36,380,60,2019,발전사업용,2018-10-22,경상북도 예천군,,2025-12-09
동로태양광발전소,,경상북도 예천군 보문면 미호리 294번지,,,,정상가동,99.36,380,60,2020,발전사업용,2018-10-22,경상북도 예천군,,2025-12-09
남양태양광발전소,,경상북도 예천군 유천면 광전리 198번지,,,,정상가동,191.63,380,60,2020,발전사업용,2018-10-22,경상북도 예천군,,2025-12-09
사또 태양광발전소,,"경상북도 예천군 개포면 동송리 557-3 , 557-4, 557-12",36.599606456,128.3892735132,,정상가동,99.6,380,60,2021,발전사업용,2018-10-22,경상북도 예천군,,2025-12-09
드림텍3호 태양광발전소,,경상북도 예천군 용궁면 월오리 914,36.6340124454,128.3064479928,,정상가동,99,380,60,2022,발전사업용,2018-09-27,경상북도 예천군,,2025-12-09
경예 태양광발전소,,경상북도 예천군 용궁면 대은리 598번지,,,,정상가동,98.17,380,60,2020,발전사업용,2018-09-21,경상북도 예천군,,2025-12-09
가경 태양광발전소,,경상북도 예천군 용궁면 대은리 598번지,,,,정상가동,98.17,380,60,2020,발전사업용,2018-09-21,경상북도 예천군,,2025-12-09
수진 태양광발전소,,경상북도 예천군 용궁면 대은리 598번지,,,,정상가동,98.17,380,60,2020,발전사업용,2018-09-21,경상북도 예천군,,2025-12-09
현대에너지태양광발전소,,경상북도 예천군 용궁면 무지리 236번지 2호,,,,정상가동,99.36,380,60,2021,발전사업용,2018-09-21,경상북도 예천군,,2025-12-09
송정에너지태양광발전소,,경상북도 예천군 용궁면 무지리 236번지 1호,,,,정상가동,99.36,380,60,2021,발전사업용,2018-09-21,경상북도 예천군,,2025-12-09
이레 에너지 발전소,,"경상북도 예천군 예천읍 청복리 1283 , 1279",36.6243652708,128.4696481083,,정상가동,399.96,380,60,2021,발전사업용,2018-09-21,경상북도 예천군,,2025-12-09
내성솔라(주)태양광발전소,,경상북도 예천군 풍양면 흥천리 산 2번지 1호,,,,정상가동,997.92,22900,60,2025,발전사업용,2018-09-21,경상북도 예천군,,2025-12-09
대흥솔라(주)태양광발전소,,경상북도 예천군 풍양면 흥천리 산 2번지 1호,,,,정상가동,997.92,22900,60,2025,발전사업용,2018-09-21,경상북도 예천군,,2025-12-09
풍양솔라(주)태양광발전소,,"경상북도 예천군 풍양면 흥천리 산 2-1 , 512",36.5145485544,128.3166661452,,정상가동,997.92,22900,60,2025,발전사업용,2018-09-21,경상북도 예천군,,2025-12-09
흥천솔라(주)태양광발전소,,경상북도 예천군 풍양면 흥천리 산 2번지 1호,,,,정상가동,997.92,22900,60,2025,발전사업용,2018-09-21,경상북도 예천군,,2025-12-09
신흥솔라(주)태양광발전소,,경상북도 예천군 풍양면 흥천리 산 2번지 1호,,,,정상가동,997.92,22900,60,2025,발전사업용,2018-09-21,경상북도 예천군,,2025-12-09
예천솔라(주)태양광발전소,,"경상북도 예천군 풍양면 흥천리 산 2-1 , 510",36.5145485544,128.3166661452,,정상가동,997.92,22900,60,2025,발전사업용,2018-09-21,경상북도 예천군,,2025-12-09
백두2호태양광발전소,,"경상북도 예천군 유천면 고림리 143 , 144, 148-1",36.6435017195,128.3558094151,,정상가동,499.32,380,60,2019,발전사업용,2018-09-21,경상북도 예천군,,2025-12-09
드림텍2호 태양광발전소,,경상북도 예천군 용궁면 월오리 914번지,,,,정상가동,99,380,60,2022,발전사업용,2018-09-11,경상북도 예천군,,2025-12-09
드림텍4호 태양광발전소,,경상북도 예천군 용궁면 월오리 914,36.6340124454,128.3064479928,,정상가동,199,380,60,2022,발전사업용,2018-09-11,경상북도 예천군,,2025-12-09
드림텍1호 태양광발전소,,경상북도 예천군 용궁면 월오리 914번지,,,,정상가동,99,380,60,2022,발전사업용,2018-09-11,경상북도 예천군,,2025-12-09
상욱태양광발전소,,경상북도 예천군 유천면 송지리 420번지 5호,,,,정상가동,49.68,380,60,2019,발전사업용,2018-09-11,경상북도 예천군,,2025-12-09
유비솔라8호태양광발전소,,경상북도 예천군 풍양면 풍신리 948번지,,,,정상가동,99.36,380,60,2022,발전사업용,2018-08-28,경상북도 예천군,,2025-12-09
예천 솔라,,경상북도 예천군 풍양면 풍신리 948,36.4597221982,128.3063901114,,정상가동,99.36,380,60,2022,발전사업용,2018-08-28,경상북도 예천군,,2025-12-09
기흥태양광발전소,,경상북도 예천군 풍양면 풍신리 948번지,,,,정상가동,99.36,380,60,2022,발전사업용,2018-08-28,경상북도 예천군,,2025-12-09
한솔태양광발전소,,경상북도 예천군 풍양면 풍신리 948번지,,,,정상가동,99.36,380,60,2022,발전사업용,2018-08-28,경상북도 예천군,,2025-12-09
윤빛 솔라,,경상북도 예천군 풍양면 풍신리 948,36.4597221982,128.3063901114,,정상가동,99.36,380,60,2022,발전사업용,2018-08-28,경상북도 예천군,,2025-12-09
디앤피 흥천리1호 발전소,,"경상북도 예천군 풍양면 흥천리 48-1 , 48-3",36.5052096682,128.33348346,,정상가동,499.32,380,60,2021,발전사업용,2018-08-28,경상북도 예천군,,2025-12-09
케이에이치테크단북2호 태양광발전소,,"경상북도 예천군 풍양면 흥천리 356 , 390",36.5046462578,128.321153364,,정상가동,597.87,22900,60,2022,발전사업용,2018-08-28,경상북도 예천군,,2025-12-09
케이에이치테크단북1호태양광발전소,,경상북도 예천군 풍양면 흥천리 390,36.505049103,128.3217104017,,정상가동,294.4,380,60,2022,발전사업용,2018-08-28,경상북도 예천군,,2025-12-09
준진 태양광발전소,,경상북도 예천군 감천면 유리 407번지 1호,,,,정상가동,97.92,380,60,2020,발전사업용,2018-08-28,경상북도 예천군,,2025-12-09
경한태양광발전소1,경상북도 예천군 보문면 노트기길 88,,36.670341976,128.4884962819,,정상가동,21.18,380,60,2019,발전사업용,2018-08-28,경상북도 예천군,,2025-12-09
갈골 태양광발전소,,"경상북도 예천군 효자면 백석리 525 , 390",36.8006046584,128.4448642789,,정상가동,196.56,380,60,2021,발전사업용,2018-08-28,경상북도 예천군,,2025-12-09
다연에너지,,"경상북도 예천군 지보면 도장리 355-1 , 355-2, 355-4, 355-6",36.5223839815,128.3965620167,,정상가동,99.28,380,60,2020,발전사업용,2018-08-08,경상북도 예천군,,2025-12-09
예순 태양광발전소,,"경상북도 예천군 유천면 고림리 112 , 111-1",36.6412912792,128.3525785237,,정상가동,99.36,380,60,2019,발전사업용,2018-08-08,경상북도 예천군,,2025-12-09
송암태양광발전소,,경상북도 예천군 용궁면 송암리 319번지,,,,정상가동,99.36,380,60,2021,발전사업용,2018-08-03,경상북도 예천군,,2025-12-09
현진솔라태양광발전소,,경상북도 예천군 유천면 송지리 467번지 2호,,,,정상가동,97.92,380,60,2019,발전사업용,2018-08-03,경상북도 예천군,,2025-12-09
마촌1호 태양광발전소,,경상북도 예천군 감천면 마촌리 424번지 2호,,,,정상가동,189,380,60,2021,발전사업용,2018-08-01,경상북도 예천군,,2025-12-09
연우 태양광발전소,,"경상북도 예천군 유천면 중평리 119 , 119-1, 214, 214-4, 214-5",36.6648998586,128.3523534243,,정상가동,99.6,380,60,2021,발전사업용,2018-08-01,경상북도 예천군,,2025-12-09
준한태양광발전소,,"경상북도 예천군 유천면 중평리 119 , 119-1, 214, 214-4, 214-5",36.6648998586,128.3523534243,,정상가동,99.36,380,60,2021,발전사업용,2018-08-01,경상북도 예천군,,2025-12-09
진주태양광발전소,,"경상북도 예천군 감천면 마촌리 산 38 , 247-5, 247-1",36.7044334091,128.5297074813,,정상가동,99.36,380,60,2020,발전사업용,2018-08-01,경상북도 예천군,,2025-12-09
열정태양광발전소,,"경상북도 예천군 유천면 고림리 147 , 148",36.6434095654,128.357093502,,정상가동,99.36,380,60,2019,발전사업용,2018-08-01,경상북도 예천군,,2025-12-09
영남엽연초태양광발전소,"경상북도 예천군 예천읍 충효로 57, 엽연초생산협동조합",,36.6441602984,128.4319781203,,정상가동,99.36,380,60,2018,발전사업용,2018-08-01,경상북도 예천군,,2025-12-09
은희태양광발전소,,경상북도 예천군 지보면 마전리 1030번지,,,,정상가동,99.36,380,60,2021,발전사업용,2018-08-01,경상북도 예천군,,2025-12-09
민경이네발전소,,"경상북도 예천군 풍양면 공덕리 765 , 766-2",36.4992347879,128.3021718196,,정상가동,96.6,380,60,2020,발전사업용,2018-08-01,경상북도 예천군,,2025-12-09
해인당,,경상북도 예천군 지보면 마전리 213번지,,,,정상가동,99.36,380,60,2021,발전사업용,2018-07-31,경상북도 예천군,,2025-12-09
153태양광발전소,,경상북도 예천군 은풍면 오류리 340번지 6호,,,,정상가동,28.8,380,60,2018,발전사업용,2018-07-31,경상북도 예천군,,2025-12-09
석정태양광발전소,,경상북도 예천군 예천읍 석정리 102번지,,,,정상가동,99.72,380,60,2019,발전사업용,2018-07-31,경상북도 예천군,,2025-12-09
대한 태양광발전소,,경상북도 예천군 지보면 지보리 142번지,,,,정상가동,99.6,380,60,2020,발전사업용,2018-07-31,경상북도 예천군,,2025-12-09
정윤 태양광발전소,,경상북도 예천군 유천면 고림리 80번지,,,,정상가동,99.36,380,60,2019,발전사업용,2018-07-31,경상북도 예천군,,2025-12-09
대동산3태양광발전소,,경상북도 예천군 풍양면 우망리 523번지,,,,정상가동,99.36,380,60,2020,발전사업용,2018-07-31,경상북도 예천군,,2025-12-09
종보태양광발전소,,경상북도 예천군 용문면 제곡리 255번지 2호,,,,정상가동,99.36,380,60,2021,발전사업용,2018-07-31,경상북도 예천군,,2025-12-09
나령 태양광발전소,,경상북도 예천군 유천면 고림리 112번지,,,,정상가동,99.36,380,60,2019,발전사업용,2018-07-31,경상북도 예천군,,2025-12-09
찬기태양광발전소,,"경상북도 예천군 유천면 손기리 118 , 율현리 7",36.6429016424,128.3700135847,,정상가동,99,380,60,2019,발전사업용,2018-07-31,경상북도 예천군,,2025-12-09
주마산태양광발전소,,경상북도 예천군 감천면 증거리 산 25-7,36.7467620562,128.5208814088,,정상가동,99.36,380,60,2020,발전사업용,2018-07-31,경상북도 예천군,,2025-12-09
개운태양광발전소,,경상북도 예천군 유천면 손기리 118번지,,,,정상가동,99,380,60,2019,발전사업용,2018-07-31,경상북도 예천군,,2025-12-09
신우솔라,,경상북도 예천군 감천면 유리 산 57번지,,,,정상가동,496.8,380,60,2020,발전사업용,2018-07-24,경상북도 예천군,,2025-12-09
금강솔라,,"경상북도 예천군 감천면 유리 산 57번지 546, 551-1",,,,정상가동,496.8,380,60,2020,발전사업용,2018-07-24,경상북도 예천군,,2025-12-09
감천이엔지3호,,경상북도 예천군 감천면 유리 546-2,36.7512258445,128.5391120043,,정상가동,496.8,380,60,2020,발전사업용,2018-07-24,경상북도 예천군,,2025-12-09
우정에너지,,경상북도 예천군 감천면 유리 546-1,36.7508461248,128.5387008836,,정상가동,496.8,380,60,2020,발전사업용,2018-07-24,경상북도 예천군,,2025-12-09
지영태양광발전소,,경상북도 예천군 개포면 가곡리 647,36.6028645663,128.3438574497,,정상가동,99,380,60,2015,발전사업용,2015-01-16,경상북도 예천군,,2025-12-09
태경솔라,,경상북도 예천군 감천면 유리 546,36.7509930834,128.538381158,,정상가동,99.6,380,60,2020,발전사업용,2018-07-24,경상북도 예천군,,2025-12-09
주식회사 금강산태양광,,경상북도 예천군 풍양면 흔효리 산 24번지 1호,,,,정상가동,999.92,22900,60,2023,발전사업용,2018-07-24,경상북도 예천군,,2025-12-09
다우 태양광발전소,,"경상북도 예천군 개포면 황산리 574 , 575, 576",36.6063916826,128.3275227639,,정상가동,99.6,380,60,2020,발전사업용,2018-07-23,경상북도 예천군,,2025-12-09
대한2태양광발전소,,경상북도 예천군 용궁면 송암리 371번지,,,,정상가동,98.56,380,60,2018,발전사업용,2018-07-23,경상북도 예천군,,2025-12-09
대한1태양광발전소,,경상북도 예천군 용궁면 송암리 371번지,,,,정상가동,98.56,380,60,2018,발전사업용,2018-07-23,경상북도 예천군,,2025-12-09
이안 태양광발전소,,경상북도 예천군 개포면 황산리 575-2 576-1,,,,정상가동,99.6,380,60,2020,발전사업용,2018-07-23,경상북도 예천군,,2025-12-09
은하태양광발전소,,경상북도 예천군 감천면 현내리 891번지,,,,정상가동,99.36,380,60,2021,발전사업용,2018-07-23,경상북도 예천군,,2025-12-09
고경 태양광발전소,,경상북도 예천군 유천면 고림리 147번지,,,,정상가동,99.36,380,60,2019,발전사업용,2018-07-23,경상북도 예천군,,2025-12-09
소현2호태양광발전소,경상북도 예천군 지보면 지풍로 64-34,,36.5263743106,128.3737659671,,정상가동,99.4,380,60,2020,발전사업용,2018-07-18,경상북도 예천군,,2025-12-09
평안2호 태양광발전소,,경상북도 예천군 지보면 매창리 831번지 2호,,,,정상가동,99.9,380,60,2020,발전사업용,2018-07-18,경상북도 예천군,,2025-12-09
경일2태양광발전소,,경상북도 예천군 유천면 손기리 3번지,,,,정상가동,92.16,380,60,2025,발전사업용,2018-07-18,경상북도 예천군,,2025-12-09
진하태양광발전소,,경상북도 예천군 유천면 연천리 402번지,,,,정상가동,99.36,380,60,2018,발전사업용,2018-07-17,경상북도 예천군,,2025-12-09
천지2호태양광발전소,,경상북도 예천군 감천면 천향리 317번지 1호,,,,정상가동,99.36,380,60,2020,발전사업용,2018-07-17,경상북도 예천군,,2025-12-09
다천 태양광발전소,,경상북도 예천군 감천면 천향리 317번지 2호,,,,정상가동,99.6,380,60,2020,발전사업용,2018-07-17,경상북도 예천군,,2025-12-09
지홍 태양광발전소,,경상북도 예천군 감천면 천향리 317번지,,,,정상가동,99.6,380,60,2020,발전사업용,2018-07-17,경상북도 예천군,,2025-12-09
승본태양광발전소,,"경상북도 예천군 보문면 승본리 86 , 87",36.6846756109,128.5006527526,,정상가동,298.62,380,60,2021,발전사업용,2018-07-16,경상북도 예천군,,2025-12-09
하늘 태양광발전소,,경상북도 예천군 호명면 담암리 114,,,,정상가동,97.28,380,60,2019,발전사업용,2018-09-21,경상북도 예천군,,2025-12-09
엘림태양광발전소,,경상북도 예천군 유천면 송지리 116번지,,,,정상가동,97.28,380,60,2019,발전사업용,2018-07-16,경상북도 예천군,,2025-12-09
미주 발전소,,"경상북도 예천군 감천면 현내리 163-1 , 163-3",36.7255401034,128.5200648919,,정상가동,99.4,380,60,2020,발전사업용,2018-07-16,경상북도 예천군,,2025-12-09
밤고개3호태양광발전소,,경상북도 예천군 유천면 율현리 567번지 1호,,,,정상가동,19.88,380,60,2018,발전사업용,2018-07-16,경상북도 예천군,,2025-12-09
경인1호 태양광발전소,,경상북도 예천군 보문면 작곡리 157,36.6798009422,128.5364870031,,정상가동,70.4,220,60,2021,발전사업용,2018-07-05,경상북도 예천군,,2025-12-09
성진태양광발전소,,경상북도 예천군 효자면 용두리 473번지,,,,정상가동,99.36,380,60,2021,발전사업용,2018-07-05,경상북도 예천군,,2025-12-09
해태크예천35호,,"경상북도 예천군 풍양면 풍신리 898-1 , 898-2",36.4720600537,128.3039841,,정상가동,98.55,380,60,2021,발전사업용,2018-07-05,경상북도 예천군,,2025-12-09
해태크예천34호,,"경상북도 예천군 풍양면 풍신리 898-1 , 898-2",36.4720600537,128.3039841,,정상가동,98.55,380,60,2021,발전사업용,2018-07-05,경상북도 예천군,,2025-12-09
해태크예천32호,,"경상북도 예천군 풍양면 풍신리 898-1 , 898-2",36.4720600537,128.3039841,,정상가동,98.55,380,60,2021,발전사업용,2018-07-05,경상북도 예천군,,2025-12-09
금빛태양광발전소,,"경상북도 예천군 용궁면 월오리 299 , 300, 304",36.6277197245,128.3155558076,,정상가동,460.08,380,60,2019,발전사업용,2018-07-05,경상북도 예천군,,2025-12-09
에이스태양광발전소,,경상북도 예천군 풍양면 흔효리 305번지,,,,정상가동,96.9,380,60,2022,발전사업용,2018-07-05,경상북도 예천군,,2025-12-09
태년태양광발전소,,경상북도 예천군 지보면 신풍리 514번지 1호,,,,정상가동,77.76,380,60,2020,발전사업용,2018-07-02,경상북도 예천군,,2025-12-09
찬기태양광발전소,,경상북도 예천군 유천면 율현리 6번지,,,,정상가동,99,380,60,2018,발전사업용,2018-07-02,경상북도 예천군,,2025-12-09
성원태양광발전소,,경상북도 예천군 유천면 율현리 6번지,,,,정상가동,99,380,60,2018,발전사업용,2018-07-02,경상북도 예천군,,2025-12-09
윤현태양광발전소,,경상북도 예천군 유천면 율현리 6번지,,,,정상가동,99,380,60,2018,발전사업용,2018-07-02,경상북도 예천군,,2025-12-09
재웅 태양광발전소,,경상북도 예천군 유천면 고림리 88번지,,,,정상가동,99.36,380,60,2019,발전사업용,2018-07-02,경상북도 예천군,,2025-12-09
원진태양광발전소,,경상북도 예천군 유천면 고림리 79번지 1호,,,,정상가동,99.36,380,60,2019,발전사업용,2018-07-02,경상북도 예천군,,2025-12-09
송원태양광발전소,,경상북도 예천군 풍양면 우망리 953번지,,,,정상가동,99.9,380,60,2020,발전사업용,2018-05-31,경상북도 예천군,,2025-12-09
정다운태양광발전소,,"경상북도 예천군 풍양면 우망리 953 , 954-1",36.5440400486,128.3137245223,,정상가동,99.9,380,60,2020,발전사업용,2018-05-31,경상북도 예천군,,2025-12-09
우리태양광발전소,,경상북도 예천군 유천면 송지리 196번지,,,,정상가동,97.92,380,60,2019,발전사업용,2018-05-31,경상북도 예천군,,2025-12-09
태광태양광,,"경상북도 예천군 유천면 송지리 155번지 1호 155-2, 156",,,,정상가동,199.8,380,60,2019,발전사업용,2018-05-31,경상북도 예천군,,2025-12-09
개운태양광발전소,,경상북도 예천군 유천면 송지리 167번지 2호,,,,정상가동,99,380,60,2018,발전사업용,2018-05-31,경상북도 예천군,,2025-12-09
송죽 태양광발전소,,경상북도 예천군 호명면 담암리 110번지,,,,정상가동,97.28,380,60,2019,발전사업용,2018-05-31,경상북도 예천군,,2025-12-09
용궁태양광발전소,,경상북도 예천군 용궁면 가야리 510번지 1호,,,,정상가동,99,380,60,2021,발전사업용,2018-05-31,경상북도 예천군,,2025-12-09
해누리태양광발전소,,경상북도 예천군 호명면 황지리 553번지 1호 553-2,,,,정상가동,198.56,380,60,2019,발전사업용,2018-05-31,경상북도 예천군,,2025-12-09
수심리1호 태양광발전소,,경상북도 예천군 유천면 수심리 34번지,,,,정상가동,99.4,380,60,2021,발전사업용,2018-05-31,경상북도 예천군,,2025-12-09
수심리2호 태양광발전소,,"경상북도 예천군 유천면 수심리 34-1, 35",36.6670696996,128.3826148196,,정상가동,99.4,380,60,2021,발전사업용,2018-05-31,경상북도 예천군,,2025-12-09
송지리태양광발전소,,경상북도 예천군 유천면 송지리 171번지,,,,정상가동,97.92,380,60,2019,발전사업용,2018-05-31,경상북도 예천군,,2025-12-09
다은태양광발전소,,경상북도 예천군 유천면 송지리 180번지 2호,,,,정상가동,99.72,380,60,2018,발전사업용,2018-05-18,경상북도 예천군,,2025-12-09
동서태양광발전소,,경상북도 예천군 유천면 송지리 166번지,,,,정상가동,99.72,380,60,2018,발전사업용,2018-05-18,경상북도 예천군,,2025-12-09
Sun백태양광발전소,,경상북도 예천군 유천면 송지리 203번지,,,,정상가동,97.92,380,60,2019,발전사업용,2018-05-18,경상북도 예천군,,2025-12-09
입암태양광발전소,,경상북도 예천군 개포면 입암리 245번지 3호,,,,정상가동,99.36,380,60,2021,발전사업용,2018-05-18,경상북도 예천군,,2025-12-09
어신태양광발전소,,"경상북도 예천군 지보면 어신리 7-1 , 7-2, 7-3",36.5701394498,128.4383752083,,정상가동,999.8,22900,60,2021,발전사업용,2018-05-10,경상북도 예천군,,2025-12-09
정에너지 유한회사,,경상북도 예천군 유천면 송전리 6번지,,,,정상가동,499.84,380,60,2020,발전사업용,2018-05-10,경상북도 예천군,,2025-12-09
종산리태양광발전소,,경상북도 예천군 호명면 종산리 625번지,,,,정상가동,97.28,380,60,2019,발전사업용,2018-05-10,경상북도 예천군,,2025-12-09
대영 에너지,,경상북도 예천군 용문면 직리 102,36.6917753741,128.3828110383,,정상가동,97.2,380,60,2020,발전사업용,2018-04-19,경상북도 예천군,,2025-12-09
유안 태양광발전소,,경상북도 예천군 용문면 직리 102,36.6917753741,128.3828110383,,정상가동,97.2,380,60,2021,발전사업용,2018-04-19,경상북도 예천군,,2025-12-09
성운2호 태양광발전소,,경상북도 예천군 용문면 직리 102번지,,,,정상가동,97.2,380,60,2021,발전사업용,2018-04-19,경상북도 예천군,,2025-12-09
서희 태양광발전소,,경상북도 예천군 용문면 직리 102번지,,,,정상가동,97.2,380,60,2020,발전사업용,2018-04-19,경상북도 예천군,,2025-12-09
태광 태양광발전소,,경상북도 예천군 감천면 미석리 산 126번지 1호,,,,정상가동,297,380,60,2021,발전사업용,2018-04-19,경상북도 예천군,,2025-12-09
송현태양광,,경상북도 예천군 예천읍 고평리 677번지,,,,정상가동,99.84,380,60,2019,발전사업용,2018-04-19,경상북도 예천군,,2025-12-09
해테크예천29호,,경상북도 예천군 용궁면 무지리 430 430-1,,,,정상가동,97.2,380,60,2020,발전사업용,2018-04-19,경상북도 예천군,,2025-12-09
그린 태양광발전소,,경상북도 예천군 용궁면 무지리 137번지 2호,,,,정상가동,99.4,380,60,2020,발전사업용,2018-04-03,경상북도 예천군,,2025-12-09
제일태양광발전소,,경상북도 예천군 예천읍 고평리 605번지 3호,,,,정상가동,92.16,380,60,2019,발전사업용,2018-04-03,경상북도 예천군,,2025-12-09
밤고개2호 태양광발전소,,경상북도 예천군 유천면 율현리 567-1,36.640498102,128.35639409,,정상가동,99.4,380,60,2018,발전사업용,2018-04-03,경상북도 예천군,,2025-12-09
정진발전소,,경상북도 예천군 유천면 송지리 180번지 3호,,,,정상가동,99.4,380,60,2018,발전사업용,2018-04-03,경상북도 예천군,,2025-12-09
송정발전소,,"경상북도 예천군 유천면 송지리 187번지 2호 ,187-3,187-7",,,,정상가동,99.4,380,60,2019,발전사업용,2018-04-03,경상북도 예천군,,2025-12-09
왕송태양광발전소,,경상북도 예천군 유천면 송지리 245번지,,,,정상가동,99.4,380,60,2019,발전사업용,2018-04-03,경상북도 예천군,,2025-12-09
상은 태양광발전소,,경상북도 예천군 유천면 고산리 373번지 3호,,,,정상가동,97.92,380,60,2020,발전사업용,2018-04-03,경상북도 예천군,,2025-12-09
에디팸에스피 발전소,,경상북도 예천군 용궁면 무지리 429번지,,,,정상가동,97.2,380,60,2019,발전사업용,2018-03-28,경상북도 예천군,,2025-12-09
(주)창조에너지태양광발전소,,"경상북도 예천군 풍양면 풍신리 150번지 ,153,154-1",,,,정상가동,499.8,380,60,2022,발전사업용,2018-03-28,경상북도 예천군,,2025-12-09
해준태양광발전소,,경상북도 예천군 용문면 상금곡리 193번지 1호,,,,정상가동,99,380,60,2022,발전사업용,2018-03-28,경상북도 예천군,,2025-12-09
NS에너지태양광발전소,,경상북도 예천군 용궁면 덕계리 산 3번지 (토지위),,,,정상가동,996.8,22900,60,2019,발전사업용,2018-02-19,경상북도 예천군,,2025-12-09
사국태양광발전소,경상북도 예천군 개포면 경서로 1398-21,,36.6196994392,128.3226077561,,정상가동,10.2,380,60,2018,발전사업용,2018-02-19,경상북도 예천군,,2025-12-09
성복태양광발전소,경상북도 예천군 개포면 경서로 1398-21,,36.6196994392,128.3226077561,,정상가동,10.2,380,60,2018,발전사업용,2018-02-19,경상북도 예천군,,2025-12-09
꽃분이태양광발전소,,경상북도 예천군 개포면 황산리 579번지 1호 (토지위),,,,정상가동,99.36,380,60,2019,발전사업용,2018-02-19,경상북도 예천군,,2025-12-09
진준태양광발전소,,경상북도 예천군 감천면 유리 407번지 1호 (건물위),,,,정상가동,97.92,380,60,2020,발전사업용,2018-02-01,경상북도 예천군,,2025-12-09
초이태양광발전소,,"경상북도 예천군 지보면 대죽리 산 17 , 암천리 산52-3",36.5494856718,128.4430815039,,정상가동,298.08,380,60,2021,발전사업용,2018-02-01,경상북도 예천군,,2025-12-09
대은2햇빛 태양광발전소,,"경상북도 예천군 용궁면 대은리 161-1 , 600-1",36.5950925419,128.3248939751,,정상가동,99.84,380,60,2020,발전사업용,2018-02-01,경상북도 예천군,,2025-12-09
대은햇빛태양광발전소,,경상북도 예천군 용궁면 대은리 600번지 (토지위),,,,정상가동,99.84,380,60,2019,발전사업용,2018-02-01,경상북도 예천군,,2025-12-09
훈민 발전소,,경상북도 예천군 지보면 지보리 321번지 321-12,,,,정상가동,99.4,380,60,2020,발전사업용,2018-02-01,경상북도 예천군,,2025-12-09
한준태양광발전소,,경상북도 예천군 유천면 고림리 83번지 2호 (건물위),,,,정상가동,99.4,380,60,2018,발전사업용,2018-02-01,경상북도 예천군,,2025-12-09
한울2호태양광발전소,,경상북도 예천군 개포면 우감리 655번지 (토지위),,,,정상가동,96.9,380,60,2019,발전사업용,2018-02-01,경상북도 예천군,,2025-12-09
한울1호태양광발전소,,경상북도 예천군 개포면 우감리 627번지 (토지위),,,,정상가동,96.9,380,60,2019,발전사업용,2018-02-01,경상북도 예천군,,2025-12-09
오투태양광발전소,,경상북도 예천군 유천면 고림리 83번지 (건물위),,,,정상가동,99.4,380,60,2018,발전사업용,2018-02-01,경상북도 예천군,,2025-12-09
성환태양광발전소,,경상북도 예천군 은풍면 탑리 518번지 (토지위),,,,정상가동,99.36,380,60,2018,발전사업용,2018-02-01,경상북도 예천군,,2025-12-09
소산태양광발전소,,경상북도 예천군 호명면 황지리 238번지 1호,,,,정상가동,99.36,380,60,2019,발전사업용,2018-02-01,경상북도 예천군,,2025-12-09
지수태양광발전소,,경상북도 예천군 은풍면 탑리 517번지 (토지위),,,,정상가동,99.36,380,60,2018,발전사업용,2018-02-01,경상북도 예천군,,2025-12-09
보문우래태양광발전소,,경상북도 예천군 보문면 우래리 543번지 (토지위),,,,정상가동,99.96,380,60,2021,발전사업용,2018-01-15,경상북도 예천군,,2025-12-09
선하태양광발전소,,경상북도 예천군 개포면 황산리 579번지 (토지위),,,,정상가동,99.36,380,60,2019,발전사업용,2018-01-15,경상북도 예천군,,2025-12-09
무선태양광발전소,,경상북도 예천군 지보면 소화리 350번지 (건물위),,,,정상가동,10.2,380,60,2018,발전사업용,2018-01-15,경상북도 예천군,,2025-12-09
해테크예천26호,,"경상북도 예천군 용궁면 무지리 215-2 , 218-1",36.603832093,128.311768401,,정상가동,923.4,380,60,2019,발전사업용,2018-01-15,경상북도 예천군,,2025-12-09
옥여2발전소,,경상북도 예천군 풍양면 흔효리 산 26번지,,,,정상가동,99.9,380,60,2022,발전사업용,2018-01-15,경상북도 예천군,,2025-12-09
최병성 태양광발전소,,경상북도 예천군 지보면 도화리 산 33,36.5401184781,128.4051213006,,정상가동,99.36,380,60,2021,발전사업용,2017-12-26,경상북도 예천군,,2025-12-09
상민태양광발전소,,경상북도 예천군 풍양면 우망리 산 46번지 5호,,,,정상가동,100.5,380,60,2018,발전사업용,2017-01-03,경상북도 예천군,,2025-12-09
백향2 태양광발전소,,경상북도 예천군 풍양면 우망리 산 46번지 4호,,,,정상가동,100.5,380,60,2018,발전사업용,2017-01-03,경상북도 예천군,,2025-12-09
일출2호 태양광발전소,,경상북도 예천군 지보면 마산리 산 3번지 (토지위),,,,정상가동,96.48,380,60,2020,발전사업용,2017-12-26,경상북도 예천군,,2025-12-09
일출1호 태양광발전소,,경상북도 예천군 지보면 마산리 산 3번지 (토지위),,,,정상가동,96.48,380,60,2020,발전사업용,2017-12-26,경상북도 예천군,,2025-12-09
예천예인 태양광발전소,,경상북도 예천군 지보면 마산리 산 3번지 (토지위),,,,정상가동,96.48,380,60,2020,발전사업용,2017-12-26,경상북도 예천군,,2025-12-09
예천인혁 태양광발전소,,경상북도 예천군 지보면 마산리 산 3번지 (토지위),,,,정상가동,96.48,380,60,2020,발전사업용,2017-12-26,경상북도 예천군,,2025-12-09
태영태양광발전소,,경상북도 예천군 지보면 마산리 산 3번지 (토지위),,,,정상가동,96.48,380,60,2020,발전사업용,2017-12-26,경상북도 예천군,,2025-12-09
락천 태양광발전소,,경상북도 예천군 지보면 마산리 산 3번지 (토지위),,,,정상가동,96.48,380,60,2020,발전사업용,2017-12-26,경상북도 예천군,,2025-12-09
락은 태양광발전소,,경상북도 예천군 지보면 마산리 산 3번지 (토지위),,,,정상가동,96.48,380,60,2020,발전사업용,2017-12-26,경상북도 예천군,,2025-12-09
영덕 발전소,,"경상북도 예천군 유천면 고림리 산 41 산41-1, 산41-2",,,,정상가동,99.4,380,60,2018,발전사업용,2017-12-26,경상북도 예천군,,2025-12-09
일출3호 태양광발전소,,경상북도 예천군 지보면 마산리 산 3번지 (토지위),,,,정상가동,96.48,380,60,2020,발전사업용,2017-12-26,경상북도 예천군,,2025-12-09
동희태양광발전소,,경상북도 예천군 유천면 고림리 81-3,36.6463064265,128.3594642006,,정상가동,99.36,380,60,2018,발전사업용,2017-12-26,경상북도 예천군,,2025-12-09
마산6호 태양광발전소,,경상북도 예천군 지보면 마산리 산 3번지 (토지위),,,,정상가동,96.48,380,60,2020,발전사업용,2017-12-26,경상북도 예천군,,2025-12-09
마산7호 태양광발전소,,경상북도 예천군 지보면 마산리 산 3번지 (토지위),,,,정상가동,96.48,380,60,2020,발전사업용,2017-12-26,경상북도 예천군,,2025-12-09
지저스하트컴퍼니 예천삼백 태양광발전소,,경상북도 예천군 지보면 마산리 산 3번지 (토지위),,,,정상가동,301.5,380,60,2021,발전사업용,2017-12-26,경상북도 예천군,,2025-12-09
축복태양광발전소,,경상북도 예천군 유천면 고림리 152,36.6445228025,128.3565425027,,정상가동,99.36,380,60,2019,발전사업용,2017-12-26,경상북도 예천군,,2025-12-09
승진태양광발전소,,경상북도 예천군 감천면 관현리 441,36.7220095167,128.4913196103,,정상가동,99.6,380,60,2023,발전사업용,2017-12-26,경상북도 예천군,,2025-12-09
주원햇빛발전소,,경상북도 예천군 유천면 고산리 213번지 (토지위),,,,정상가동,94.5,380,60,2019,발전사업용,2017-12-26,경상북도 예천군,,2025-12-09
상은태양광,,경상북도 예천군 유천면 고림리 81-2,36.6463175657,128.3591216446,,정상가동,99.36,380,60,2018,발전사업용,2017-12-26,경상북도 예천군,,2025-12-09
킹스하트컴퍼니 예천오백 태양광발전소,,경상북도 예천군 지보면 마산리 산 3번지 (토지위),,,,정상가동,494.46,380,60,2021,발전사업용,2017-12-26,경상북도 예천군,,2025-12-09
윤영자 태양광발전소,,경상북도 예천군 지보면 도화리 산 33번지 (토지위),,,,정상가동,99,380,60,2021,발전사업용,2017-12-26,경상북도 예천군,,2025-12-09
홍영옥 태양광발전소,,경상북도 예천군 지보면 도화리 산 33번지 (토지위),,,,정상가동,99.36,380,60,2021,발전사업용,2017-12-26,경상북도 예천군,,2025-12-09
썬리치1 태양광발전소,,경상북도 예천군 지보면 도화리 산 33번지 (토지위),,,,정상가동,99,380,60,2021,발전사업용,2017-12-26,경상북도 예천군,,2025-12-09
예천6호 태양광발전소,,경상북도 예천군 지보면 도화리 557-7,36.5398044366,128.4078696532,,정상가동,99.36,380,60,2021,발전사업용,2017-12-26,경상북도 예천군,,2025-12-09
최예지 태양광발전소,,경상북도 예천군 지보면 도화리 산 33번지 (토지위),,,,정상가동,99,380,60,2021,발전사업용,2017-12-26,경상북도 예천군,,2025-12-09
최정숙 태양광발전소,,경상북도 예천군 지보면 도화리 산 33번지 (토지위),,,,정상가동,99,380,60,2021,발전사업용,2017-12-26,경상북도 예천군,,2025-12-09
박미용 태양광발전소,,경상북도 예천군 지보면 도화리 산 33번지 (토지위),,,,정상가동,99,380,60,2021,발전사업용,2017-12-26,경상북도 예천군,,2025-12-09
최원기 태양광발전소,,경상북도 예천군 지보면 도화리 산 33번지 (토지위),,,,정상가동,99,380,60,2021,발전사업용,2017-12-26,경상북도 예천군,,2025-12-09
재현태양광발전소,,"경상북도 예천군 보문면 오암리 454번지 5호 , 454-6",,,,정상가동,21.6,380,60,2018,발전사업용,2017-12-26,경상북도 예천군,,2025-12-09
흥천태양광발전소,,"경상북도 예천군 풍양면 흥천리 598 , 599, 600",,,,정상가동,99.29,380,60,2020,발전사업용,2017-12-26,경상북도 예천군,,2025-12-09
김순현 태양광발전소,,경상북도 예천군 지보면 도화리 산 33번지,,,,정상가동,99,380,60,2021,발전사업용,2017-12-26,경상북도 예천군,,2025-12-09
한진 태양광발전소,,경상북도 예천군 지보면 도화리 1159-1,,,,정상가동,99.6,380,60,2021,발전사업용,2017-12-26,경상북도 예천군,,2025-12-09
현원태양광발전소,,"경상북도 예천군 유천면 화지리 242-1 , 242-2",36.6380864725,128.3982637873,,정상가동,99.4,380,60,2018,발전사업용,2017-12-11,경상북도 예천군,,2025-12-09
평화태양광발전소,,경상북도 예천군 유천면 고림리 81번지 (건물위),,,,정상가동,99.36,380,60,2018,발전사업용,2017-12-11,경상북도 예천군,,2025-12-09
케이제이예천 태양광발전소,,경상북도 예천군 용궁면 월오리 683번지 (토지위),,,,정상가동,99.36,380,60,2018,발전사업용,2017-12-11,경상북도 예천군,,2025-12-09
선샤인태양광발전소,,경상북도 예천군 유천면 율현리 60번지 (토지위),,,,정상가동,91.44,380,60,2019,발전사업용,2017-12-11,경상북도 예천군,,2025-12-09
지영율현솔라태양광발전소,,경상북도 예천군 유천면 율현리 60번지 (토지위),,,,정상가동,91.44,380,60,2019,발전사업용,2017-12-11,경상북도 예천군,,2025-12-09
상연3호태양광발전소,,경상북도 예천군 예천읍 지내리 13번지 1호 (토지위),,,,정상가동,99.96,380,60,2018,발전사업용,2017-12-11,경상북도 예천군,,2025-12-09
수연3호 태양광발전소,,"경상북도 예천군 예천읍 대심리 100-3 , 101-1",36.6386028836,128.4370278259,,정상가동,99.96,380,60,2020,발전사업용,2017-12-11,경상북도 예천군,,2025-12-09
미화1 태양광발전소,,경상북도 예천군 풍양면 와룡리 750번지 1호 (토지위),,,,정상가동,96.9,380,60,2021,발전사업용,2017-11-27,경상북도 예천군,,2025-12-09
기정태양광발전소,,"경상북도 예천군 보문면 신월리 산 15-1 , 산15-2",,,,정상가동,99.28,380,60,2019,발전사업용,2017-11-27,경상북도 예천군,,2025-12-09
조천태양광발전소,,"경상북도 예천군 보문면 신월리 산 15-1 , 산15-2",,,,정상가동,99.28,380,60,2019,발전사업용,2017-11-27,경상북도 예천군,,2025-12-09
경희전력태양광발전소,,"경상북도 예천군 보문면 신월리 산 15-1 , 산15-2",,,,정상가동,99.28,380,60,2019,발전사업용,2017-11-27,경상북도 예천군,,2025-12-09
예빛태양광발전소,,"경상북도 예천군 보문면 신월리 산 15-1 , 산15-2",,,,정상가동,99.28,380,60,2019,발전사업용,2017-11-27,경상북도 예천군,,2025-12-09
헬리오스태양광발전소,,"경상북도 예천군 보문면 신월리 산 15-1 , 산15-2",,,,정상가동,99.28,380,60,2019,발전사업용,2017-11-27,경상북도 예천군,,2025-12-09
주빛태양광발전소,,"경상북도 예천군 보문면 신월리 산 15-1 , 산15-2",,,,정상가동,99.28,380,60,2019,발전사업용,2017-11-27,경상북도 예천군,,2025-12-09
자명태양광발전소,,"경상북도 예천군 보문면 신월리 산 15-1 , 산15-2",,,,정상가동,99.28,380,60,2019,발전사업용,2017-11-27,경상북도 예천군,,2025-12-09
내성태양광발전소,,"경상북도 예천군 보문면 신월리 산 15-1 , 산15-2",,,,정상가동,99.28,380,60,2019,발전사업용,2017-11-27,경상북도 예천군,,2025-12-09
헐몬산그린에너지태양광발전소,,"경상북도 예천군 보문면 신월리 산 15-1 , 산15-2",,,,정상가동,99.28,380,60,2019,발전사업용,2017-11-27,경상북도 예천군,,2025-12-09
은하수태양광발전소,,"경상북도 예천군 보문면 신월리 산 15-1 , 산15-2",,,,정상가동,99.28,380,60,2019,발전사업용,2017-11-27,경상북도 예천군,,2025-12-09
보문태양광발전소,,"경상북도 예천군 보문면 신월리 산 15-1 , 산15-2",,,,정상가동,99.28,380,60,2019,발전사업용,2017-11-27,경상북도 예천군,,2025-12-09
예린태양광발전소,,"경상북도 예천군 보문면 신월리 산 15-1 , 산15-2",,,,정상가동,99.28,380,60,2019,발전사업용,2017-11-27,경상북도 예천군,,2025-12-09
평화태양광발전소,,"경상북도 예천군 보문면 신월리 산 15-1 , 산15-2, 354",,,,정상가동,99.28,380,60,2019,발전사업용,2017-11-27,경상북도 예천군,,2025-12-09
파라다이스태양광발전소,,"경상북도 예천군 보문면 신월리 산 15-1 , 산15-2",,,,정상가동,99.28,380,60,2019,발전사업용,2017-11-27,경상북도 예천군,,2025-12-09
선샤인솔라태양광발전소,,"경상북도 예천군 보문면 신월리 산 15-1 , 산15-2",,,,정상가동,99.28,380,60,2019,발전사업용,2017-11-27,경상북도 예천군,,2025-12-09
민경 태양광발전소,,경상북도 예천군 보문면 신월리 353-13,36.6601373981,128.4971490468,,정상가동,99.45,380,60,2019,발전사업용,2017-11-27,경상북도 예천군,,2025-12-09
미경태양광발전소,,"경상북도 예천군 보문면 신월리 산 15-1 , 산15-2",,,,정상가동,99.28,380,60,2019,발전사업용,2017-11-27,경상북도 예천군,,2025-12-09
신월태양광발전소,,"경상북도 예천군 보문면 신월리 산 15-1 , 산15-2",,,,정상가동,99.28,380,60,2019,발전사업용,2017-11-27,경상북도 예천군,,2025-12-09
광옥 태양광발전소,,경상북도 예천군 보문면 오암리 515번지 (토지위),,,,정상가동,97.92,380,60,2020,발전사업용,2017-10-16,경상북도 예천군,,2025-12-09
밤고개태양광발전소,,"경상북도 예천군 유천면 율현리 78 , 78-1",36.6375662043,128.3638572998,,정상가동,99.96,380,60,2019,발전사업용,2017-10-23,경상북도 예천군,,2025-12-09
선시스태양광발전소,,경상북도 예천군 은풍면 오류리 293-1,36.727246227,128.4421392023,,정상가동,99.36,380,60,2018,발전사업용,2017-10-16,경상북도 예천군,,2025-12-09
정숙태양광발전소,,경상북도 예천군 보문면 오암리 515번지 (토지위),,,,정상가동,97.92,380,60,2020,발전사업용,2017-10-16,경상북도 예천군,,2025-12-09
드림 발전소,,"경상북도 예천군 풍양면 흔효리 352 , 산23",36.5153758861,128.3212459766,,정상가동,99.9,380,60,2020,발전사업용,2017-10-16,경상북도 예천군,,2025-12-09
달빛태양광,,경상북도 예천군 예천읍 상동리 257번지 1호 (토지위),,,,정상가동,99.4,380,60,2018,발전사업용,2017-10-16,경상북도 예천군,,2025-12-09
마산1호 태양광발전소,,경상북도 예천군 지보면 마산리 산 4번지 (토지위),,,,정상가동,494.46,380,60,2021,발전사업용,2017-10-10,경상북도 예천군,,2025-12-09
마산3호 태양광발전소,,경상북도 예천군 지보면 마산리 산 4번지 (토지위),,,,정상가동,494.46,380,60,2021,발전사업용,2017-10-10,경상북도 예천군,,2025-12-09
하와이 태양광발전소,,경상북도 예천군 지보면 마산리 산 4번지 (토지위),,,,정상가동,96.48,380,60,2020,발전사업용,2017-10-10,경상북도 예천군,,2025-12-09
유한회사 삼동에너지(마산2호태양광발전소),,경상북도 예천군 지보면 마산리 산 4번지 (토지위),,,,정상가동,494.46,380,60,2021,발전사업용,2017-10-10,경상북도 예천군,,2025-12-09
AGO예천 태양광발전소,,경상북도 예천군 지보면 마산리 산 4번지 (토지위),,,,정상가동,494.46,380,60,2021,발전사업용,2017-10-10,경상북도 예천군,,2025-12-09
예영 태양광발전소,,"경상북도 예천군 감천면 포리 467 , 466-2",36.7164482003,128.525249068,,정상가동,99.36,380,60,2021,발전사업용,2017-09-26,경상북도 예천군,,2025-12-09
태숙태양광,,경상북도 예천군 지보면 마전리 264번지 1호 (토지위),,,,정상가동,99.36,380,60,2020,발전사업용,2017-09-26,경상북도 예천군,,2025-12-09
우리태양광,,"경상북도 예천군 지보면 매창리 15-2 , 소화리 1339-1",,,,정상가동,99.36,380,60,2018,발전사업용,2017-09-26,경상북도 예천군,,2025-12-09
더나은 발전소,,경상북도 예천군 풍양면 흔효리 350번지 (토지위),,,,정상가동,99.9,380,60,2020,발전사업용,2017-09-26,경상북도 예천군,,2025-12-09
용제 태양광발전소,,"경상북도 예천군 예천읍 용산리 30-2 , 30-3",36.6741851804,128.4431784417,,정상가동,30.72,380,60,2022,발전사업용,2017-09-26,경상북도 예천군,,2025-12-09
이레2 발전소,,경상북도 예천군 풍양면 흥천리 490번지 (토지위),,,,정상가동,20,380,60,2020,발전사업용,2017-08-23,경상북도 예천군,,2025-12-09
소백산태양광발전소,,"경상북도 예천군 은풍면 탑리 537 , 538-2",36.7530362599,128.4490682469,,정상가동,200.8,380,60,2018,발전사업용,2017-08-23,경상북도 예천군,,2025-12-09
태경 태양광발전소,,경상북도 예천군 풍양면 청운리 산 2번지 17호 (토지위),,,,정상가동,99.16,380,60,2020,발전사업용,2017-08-23,경상북도 예천군,,2025-12-09
현내리 태양광발전소,,경상북도 예천군 감천면 현내리 300번지 (토지위),,,,정상가동,99.96,380,60,2020,발전사업용,2017-08-23,경상북도 예천군,,2025-12-09
방곡태양광발전소,,경상북도 예천군 은풍면 부초리 152번지 1호 (토지위),,,,정상가동,99.16,380,60,2018,발전사업용,2017-08-23,경상북도 예천군,,2025-12-09
소화리태양광발전소,,경상북도 예천군 지보면 소화리 328번지 (토지위),,,,정상가동,97.92,380,60,2018,발전사업용,2017-08-23,경상북도 예천군,,2025-12-09
옥여 발전소,,경상북도 예천군 풍양면 흔효리 382번지 2호 (토지위),,,,정상가동,99.9,380,60,2020,발전사업용,2017-08-23,경상북도 예천군,,2025-12-09
남천에너지태양광발전소,,"경상북도 예천군 유천면 송전리 452-1 , 452-2",36.6780953764,128.3560740956,,정상가동,299.7,380,60,2022,발전사업용,2017-08-23,경상북도 예천군,,2025-12-09
솔라임태양광발전소,,"경상북도 예천군 유천면 송전리 460-1 , 460-2",36.6775127205,128.3566463017,,정상가동,199.8,380,60,2022,발전사업용,2017-08-23,경상북도 예천군,,2025-12-09
경천발전소,,"경상북도 예천군 개포면 가곡리 산 79 , 713-3",36.6014078127,128.339194186,,정상가동,499.2,380,60,2019,발전사업용,2017-08-14,경상북도 예천군,,2025-12-09
경천제이발전소,,"경상북도 예천군 개포면 가곡리 산 79 , 713-3",36.6014078127,128.339194186,,정상가동,299.52,380,60,2019,발전사업용,2017-08-14,경상북도 예천군,,2025-12-09
옥계제2호태양광발전소,,경상북도 예천군 감천면 미석리 1144번지 3호 (건물위),,,,정상가동,90.72,380,60,2018,발전사업용,2017-08-14,경상북도 예천군,,2025-12-09
옥계제1호태양광발전소,,경상북도 예천군 감천면 미석리 1144-3,36.739385542,128.5496931416,,정상가동,90.44,380,60,2018,발전사업용,2017-06-30,경상북도 예천군,,2025-12-09
황지태양광발전소,,"경상북도 예천군 호명면 황지리 551-1 , 551-2, 552",,,,정상가동,272.16,380,60,2018,발전사업용,2017-06-30,경상북도 예천군,,2025-12-09
동사2호태양광발전소,경상북도 예천군 은풍면 은풍준시길 53-24,,36.7767322522,128.4605675818,,정상가동,99.36,380,60,2019,발전사업용,2017-06-30,경상북도 예천군,,2025-12-09
송곡1호태양광발전소,,"경상북도 예천군 호명면 송곡리 79-6 , 79-7",,,,정상가동,198.09,380,60,2018,발전사업용,2017-06-30,경상북도 예천군,,2025-12-09
일수 발전소,,"경상북도 예천군 풍양면 흔효리 332-2 , 332-6",36.512224668,128.3260083504,,정상가동,99.9,380,60,2020,발전사업용,2017-06-30,경상북도 예천군,,2025-12-09
무연 발전소,,"경상북도 예천군 풍양면 흔효리 332-2 ,332-5",36.512224668,128.3260083504,,정상가동,99.9,380,60,2020,발전사업용,2017-06-30,경상북도 예천군,,2025-12-09
정숙 발전소,,"경상북도 예천군 풍양면 흔효리 332-2 , 332-4",36.512224668,128.3260083504,,정상가동,99.9,380,60,2020,발전사업용,2017-06-30,경상북도 예천군,,2025-12-09
두산 태양광발전소,,경상북도 예천군 풍양면 공덕리 산 28번지 1호 (토지위),,,,정상가동,96.48,380,60,2020,발전사업용,2017-06-30,경상북도 예천군,,2025-12-09
한동에너지,,경상북도 예천군 유천면 송전리 산 15번지 (토지위),,,,정상가동,99.2,380,60,2019,발전사업용,2017-06-30,경상북도 예천군,,2025-12-09
선에너지,,경상북도 예천군 유천면 송전리 산 15번지 (토지위),,,,정상가동,99.2,380,60,2019,발전사업용,2017-06-30,경상북도 예천군,,2025-12-09
성현에너지,,경상북도 예천군 유천면 송전리 산 15번지 (토지위),,,,정상가동,99.2,380,60,2019,발전사업용,2017-06-30,경상북도 예천군,,2025-12-09
경일에너텍,,경상북도 예천군 유천면 송전리 산 15번지 (토지위),,,,정상가동,99.2,380,60,2019,발전사업용,2017-06-30,경상북도 예천군,,2025-12-09
해철 발전소,,경상북도 예천군 풍양면 흥천리 488-3,36.5129790561,128.3210538253,,정상가동,99.9,380,60,2020,발전사업용,2017-06-30,경상북도 예천군,,2025-12-09
해철2 발전소,,경상북도 예천군 풍양면 흥천리 488번지 2호 (토지위),,,,정상가동,99.9,380,60,2020,발전사업용,2017-06-30,경상북도 예천군,,2025-12-09
미래원곡 태양광발전소,,경상북도 예천군 호명면 원곡리 산 12번지 (토지위),,,,정상가동,994.95,22900,60,2019,발전사업용,2017-06-13,경상북도 예천군,,2025-12-09
대운원곡 태양광발전소,,경상북도 예천군 호명면 원곡리 산 12번지 (토지위),,,,정상가동,996.84,22900,60,2019,발전사업용,2017-06-13,경상북도 예천군,,2025-12-09
정임2 태양광발전소,,경상북도 예천군 은풍면 탑리 94번지 (토지위),,,,정상가동,99.83,380,60,2018,발전사업용,2017-06-13,경상북도 예천군,,2025-12-09
힐링태양광,,경상북도 예천군 보문면 신월리 산 15번지 7호 (토지위),,,,정상가동,499.15,380,60,2019,발전사업용,2017-06-13,경상북도 예천군,,2025-12-09
유리태양광,,경상북도 예천군 보문면 신월리 산 15번지 7호 (토지위),,,,정상가동,499.15,380,60,2019,발전사업용,2017-06-13,경상북도 예천군,,2025-12-09
빛나리 태양광,,경상북도 예천군 보문면 신월리 산 15번지 7호 (토지위),,,,정상가동,499.15,380,60,2019,발전사업용,2017-06-13,경상북도 예천군,,2025-12-09
토마스태양광발전소,,경상북도 예천군 유천면 송전리 354-2,36.6733702199,128.3632558017,,정상가동,99,380,60,2018,발전사업용,2017-06-02,경상북도 예천군,,2025-12-09
우림예천태양광발전소,,경상북도 예천군 유천면 송전리 354-1,36.6734929369,128.3628447898,,정상가동,99,380,60,2018,발전사업용,2017-06-02,경상북도 예천군,,2025-12-09
에코태양광발전소2호,,경상북도 예천군 유천면 송전리 354번지,,,,정상가동,99,380,60,2018,발전사업용,2017-06-02,경상북도 예천군,,2025-12-09
팔팔 태양광발전소,,경상북도 예천군 풍양면 흔효리 산 56번지 11호 (토지위),,,,정상가동,99.22,380,60,2020,발전사업용,2017-06-02,경상북도 예천군,,2025-12-09
다사랑태양광발전소,,경상북도 예천군 보문면 오암리 170번지 (토지위),,,,정상가동,97.2,220,60,2018,발전사업용,2017-06-02,경상북도 예천군,,2025-12-09
토금옥5태양광발전소,,"경상북도 예천군 감천면 마촌리 195-3 , 195-4",36.7082300765,128.5314616758,,정상가동,99.18,380,60,2018,발전사업용,2017-05-30,경상북도 예천군,,2025-12-09
정동태양광발전소,,"경상북도 예천군 유천면 송전리 331-2 , 331-50, 331-52",36.6740460553,128.3610873605,,정상가동,99.64,380,60,2018,발전사업용,2017-05-30,경상북도 예천군,,2025-12-09
송전태양광발전소,,"경상북도 예천군 유천면 송전리 331-10 , 331-11, 331-13, 331-27, 331-49, 331-52, 331-7",36.6735946702,128.3604516717,,정상가동,99.64,380,60,2018,발전사업용,2017-05-30,경상북도 예천군,,2025-12-09
강산태양광발전소,,"경상북도 예천군 유천면 송전리 331번지 2호 , 331-27, 331-50, 331-52",,,,정상가동,99.64,380,60,2018,발전사업용,2017-05-30,경상북도 예천군,,2025-12-09
해테크예천24호,,경상북도 예천군 용궁면 무지리 186번지 1호 187-1,,,,정상가동,99.36,380,60,2018,발전사업용,2017-05-26,경상북도 예천군,,2025-12-09
해테크예천25호,,"경상북도 예천군 용궁면 무지리 186 , 187",36.6022279359,128.3094171363,,정상가동,298.08,380,60,2018,발전사업용,2017-05-26,경상북도 예천군,,2025-12-09
봄봄 발전소,,"경상북도 예천군 풍양면 흥천리 488 , 490",,,,정상가동,99.9,380,60,2020,발전사업용,2017-05-22,경상북도 예천군,,2025-12-09
통명태양광발전소,경상북도 예천군 예천읍 통명길 43-15,,36.6563594888,128.4829402379,,정상가동,30.15,220,60,2017,발전사업용,2017-05-22,경상북도 예천군,,2025-12-09
새별태양광발전소,,경상북도 예천군 효자면 두성리 187번지 (토지위),,,,정상가동,96.48,380,60,2018,발전사업용,2017-05-22,경상북도 예천군,,2025-12-09
운암 수상 태양광발전소,,"경상북도 예천군 용문면 내지리 598 , 603, 산109-2",,,,정상가동,950.4,22900,60,2018,발전사업용,2017-05-15,경상북도 예천군,,2025-12-09
해테크예천8호,,경상북도 예천군 풍양면 청운리 466-72 (토지 위),36.5414954457,128.297122891,,정상가동,99.36,380,60,2020,발전사업용,2017-05-04,경상북도 예천군,,2025-12-09
해테크예천9호,,경상북도 예천군 풍양면 청운리 466번지 40호 (토지위),,,,정상가동,298.08,380,60,2020,발전사업용,2017-05-04,경상북도 예천군,,2025-12-09
태성태양광발전소,,경상북도 예천군 지보면 도화리 148번지 (토지위),,,,정상가동,96.48,380,60,2018,발전사업용,2017-05-04,경상북도 예천군,,2025-12-09
스타태양광,,경상북도 예천군 예천읍 우계리 132번지 4호,,,,정상가동,499.15,380,60,2018,발전사업용,2017-05-04,경상북도 예천군,,2025-12-09
해테크예천22호,,"경상북도 예천군 용궁면 무지리 186 , 187",36.6022279359,128.3094171363,,정상가동,99.36,380,60,2018,발전사업용,2017-04-24,경상북도 예천군,,2025-12-09
해테크 예천23호,,"경상북도 예천군 용궁면 무지리 187-2 ,186-2",36.6017496898,128.3094433209,,정상가동,99.36,380,60,2018,발전사업용,2017-04-24,경상북도 예천군,,2025-12-09
해테크예천21호,,"경상북도 예천군 용궁면 무지리 186-4 , 187-4",36.6013818712,128.3089527894,,정상가동,99.36,380,60,2018,발전사업용,2017-04-24,경상북도 예천군,,2025-12-09
천지태양광발전소,,경상북도 예천군 보문면 독양리 산 74번지 (토지위),,,,정상가동,998.82,22900,60,2019,발전사업용,2017-04-24,경상북도 예천군,,2025-12-09
정희태양광발전소,,경상북도 예천군 보문면 독양리 331-1,36.7168255765,128.5711991559,,정상가동,99.36,380,60,2019,발전사업용,2017-04-24,경상북도 예천군,,2025-12-09
우성태양광발전소,,경상북도 예천군 유천면 송지리 420번지 (토지위),,,,정상가동,99,380,60,2018,발전사업용,2017-04-19,경상북도 예천군,,2025-12-09
만주태양광발전소,,경상북도 예천군 유천면 고림리 296번지 (토지위),,,,정상가동,498.96,380,60,2018,발전사업용,2017-04-19,경상북도 예천군,,2025-12-09
해맞이태양광발전소,,경상북도 예천군 유천면 고림리 138번지 4호,,,,정상가동,297,380,60,2019,발전사업용,2017-04-19,경상북도 예천군,,2025-12-09
백두1호태양광발전소,,"경상북도 예천군 유천면 고림리 138-1 , 151, 159",36.6438208627,128.3552671288,,정상가동,997.56,22900,60,2018,발전사업용,2017-04-19,경상북도 예천군,,2025-12-09
예천대운1호 태양광발전소,,경상북도 예천군 감천면 현내리 산 11번지 (토지위),,,,정상가동,994.95,22900,60,2019,발전사업용,2017-04-07,경상북도 예천군,,2025-12-09
예천대운3호 태양광발전소,,경상북도 예천군 감천면 현내리 산 11번지 (토지위),,,,정상가동,96.48,380,60,2019,발전사업용,2017-04-07,경상북도 예천군,,2025-12-09
예천대운4호 태양광발전소,,경상북도 예천군 감천면 현내리 산 11번지 (토지위),,,,정상가동,96.48,380,60,2019,발전사업용,2017-04-07,경상북도 예천군,,2025-12-09
진에너지1호 태양광발전소,,경상북도 예천군 감천면 현내리 산 11번지 (토지위),,,,정상가동,96.48,380,60,2019,발전사업용,2017-04-07,경상북도 예천군,,2025-12-09
한스훼밀리태양광발전소,,경상북도 예천군 유천면 성평리 산 16번지 (토지위),,,,정상가동,922.59,22900,60,2021,발전사업용,2017-03-29,경상북도 예천군,,2025-12-09
주니스유천 태양광발전소,,경상북도 예천군 유천면 성평리 산 16번지 (토지위),,,,정상가동,572.85,22900,60,2021,발전사업용,2017-03-29,경상북도 예천군,,2025-12-09
재원유천 태양광발전소,,경상북도 예천군 유천면 성평리 산 16번지 (토지위),,,,정상가동,186.93,380,60,2021,발전사업용,2017-03-29,경상북도 예천군,,2025-12-09
미호유천 태양광발전소,,경상북도 예천군 유천면 성평리 산 16번지 (토지위),,,,정상가동,186.93,380,60,2021,발전사업용,2017-03-29,경상북도 예천군,,2025-12-09
현준태양광발전소,,"경상북도 예천군 유천면 고산리 373번지 2호 , 373-3, 373-4, 373-5, 373-6, 373-7, 373-8번지(토지위)",,,,정상가동,403.92,380,60,2018,발전사업용,2017-03-29,경상북도 예천군,,2025-12-09
대경3태양광발전소,,경상북도 예천군 풍양면 흔효리 산 56번지 35호 (토지위),,,,정상가동,96.48,380,60,2020,발전사업용,2017-03-29,경상북도 예천군,,2025-12-09
대성1호태양광발전소,,경상북도 예천군 예천읍 석정리 372,36.6553512437,128.4137092644,,정상가동,297,380,60,2017,발전사업용,2017-03-29,경상북도 예천군,,2025-12-09
부성태양광발전소,,경상북도 예천군 용궁면 월오리 450번지 (토지위),,,,정상가동,99.36,380,60,2017,발전사업용,2017-03-29,경상북도 예천군,,2025-12-09
유종태양광발전소,,"경상북도 예천군 지보면 소화리 1245번지 , 1246번지(토지위)",,,,정상가동,97.2,380,60,2018,발전사업용,2017-03-29,경상북도 예천군,,2025-12-09
송전태양광발전소,,경상북도 예천군 유천면 송전리 391번지,,,,정상가동,97.2,380,60,2017,발전사업용,2017-03-29,경상북도 예천군,,2025-12-09
해테크 예천6호,,"경상북도 예천군 풍양면 청운리 466번지 21호 , 467번지(토지위)",,,,정상가동,232.56,380,60,2020,발전사업용,2017-03-23,경상북도 예천군,,2025-12-09
제이티태양광발전소,,"경상북도 예천군 호명면 내신리 348번지 3호 , 345번지(토지위)",,,,정상가동,498,380,60,2017,발전사업용,2017-03-23,경상북도 예천군,,2025-12-09
상보3호태양광발전소,,"경상북도 예천군 지보면 마전리 190번지 26호 , 190-21, 190-28번지(토지위)",,,,정상가동,99,380,60,2022,발전사업용,2017-03-23,경상북도 예천군,,2025-12-09
상보2호태양광발전소,,"경상북도 예천군 지보면 마전리 190번지 26호 , 190-21, 190-28번지(토지위)",,,,정상가동,99,380,60,2022,발전사업용,2017-03-23,경상북도 예천군,,2025-12-09
상보1호태양광발전소,,"경상북도 예천군 지보면 마전리 190번지 26호 , 190-21, 190-28번지(토지위)",,,,정상가동,99,380,60,2022,발전사업용,2017-03-23,경상북도 예천군,,2025-12-09
대한6호태양광발전소,,"경상북도 예천군 유천면 고림리 324-1 , 324-12",36.6509445036,128.3508014044,,정상가동,99,380,60,2021,발전사업용,2017-03-23,경상북도 예천군,,2025-12-09
선정태양광발전소,,경상북도 예천군 유천면 고림리 324-10,36.6512198144,128.3514660779,,정상가동,99,380,60,2021,발전사업용,2017-03-23,경상북도 예천군,,2025-12-09
재일태양광발전소,,경상북도 예천군 유천면 고림리 324-11,36.6510744387,128.3516894236,,정상가동,99,380,60,2021,발전사업용,2017-03-23,경상북도 예천군,,2025-12-09
대한9호태양광발전소,,경상북도 예천군 유천면 고림리 283번지 6호 (토지위),,,,정상가동,99,380,60,2018,발전사업용,2017-03-23,경상북도 예천군,,2025-12-09
수채원태양광발전소,,경상북도 예천군 유천면 광전리 445번지 (토지위),,,,정상가동,99.68,380,60,2020,발전사업용,2017-03-23,경상북도 예천군,,2025-12-09
상하태양광발전소,,경상북도 예천군 유천면 고림리 283-2,36.6503067504,128.3540265569,,정상가동,99,380,60,2017,발전사업용,2017-03-23,경상북도 예천군,,2025-12-09
한빛솔라,,"경상북도 예천군 보문면 옥천리 산 13-4 , 363-8",36.705825796,128.5606900017,,정상가동,496.8,380,60,2022,발전사업용,2017-02-22,경상북도 예천군,,2025-12-09
해테크예천7호,,경상북도 예천군 풍양면 청운리 466번지 38호 467-1,,,,정상가동,257.04,380,60,2020,발전사업용,2017-02-14,경상북도 예천군,,2025-12-09
원당태양광발전소,,경상북도 예천군 용궁면 산택리 산 32번지 2호 (토지위),,,,정상가동,99.2,380,60,2017,발전사업용,2017-02-14,경상북도 예천군,,2025-12-09
산택태양광발전소,,경상북도 예천군 용궁면 산택리 산 32번지 (토지위),,,,정상가동,99.2,380,60,2017,발전사업용,2017-02-14,경상북도 예천군,,2025-12-09
건우태양광발전소,,"경상북도 예천군 지보면 소화리 1241번지 1호 , 1241-2번지(토지위)",,,,정상가동,99,380,60,2017,발전사업용,2017-01-31,경상북도 예천군,,2025-12-09
삼정태양광발전소,,경상북도 예천군 예천읍 통명리 산 29번지 (토지위),,,,정상가동,99,380,60,2018,발전사업용,2017-01-31,경상북도 예천군,,2025-12-09
대양태양광발전소,,경상북도 예천군 예천읍 통명리 산 29번지 (토지위),,,,정상가동,99,380,60,2018,발전사업용,2017-01-31,경상북도 예천군,,2025-12-09
세빈태양광발전소,,경상북도 예천군 지보면 소화리 1263번지 (토지위),,,,정상가동,99,380,60,2017,발전사업용,2017-01-31,경상북도 예천군,,2025-12-09
관악태양광발전소,,경상북도 예천군 예천읍 통명리 산 29번지 (토지위),,,,정상가동,99,380,60,2018,발전사업용,2017-01-31,경상북도 예천군,,2025-12-09
성준태양광발전소,,경상북도 예천군 지보면 매창리 180번지 (토지위),,,,정상가동,96.39,380,60,2019,발전사업용,2017-01-31,경상북도 예천군,,2025-12-09
온누리태양광발전소,,경상북도 예천군 지보면 도화리 산 23번지 (토지위),,,,정상가동,198.32,380,60,2018,발전사업용,2017-01-19,경상북도 예천군,,2025-12-09
건호태양광발전소,,"경상북도 예천군 지보면 매창리 152-3 , 152-5",36.5390724237,128.367850923,,정상가동,99.2,380,60,2018,발전사업용,2017-01-19,경상북도 예천군,,2025-12-09
동건태양광발전소,,"경상북도 예천군 지보면 매창리 152-3 , 152-5",36.5390724237,128.367850923,,정상가동,99.2,380,60,2018,발전사업용,2017-01-19,경상북도 예천군,,2025-12-09
복근태양광발전소,,경상북도 예천군 풍양면 우망리 127-11,36.5271327111,128.3283299852,,정상가동,100.5,380,60,2018,발전사업용,2017-01-03,경상북도 예천군,,2025-12-09
시현태양광발전소,,"경상북도 예천군 풍양면 우망리 127-9 , 127-10",36.5277373896,128.3274378441,,정상가동,100.5,380,60,2018,발전사업용,2017-01-03,경상북도 예천군,,2025-12-09
빛솔태양광발전소,,경상북도 예천군 풍양면 우망리 127-8,36.5277217313,128.3276622517,,정상가동,100.5,380,60,2018,발전사업용,2017-01-03,경상북도 예천군,,2025-12-09
용재태양광발전소,,경상북도 예천군 풍양면 우망리 산 46번지 7호,,,,정상가동,100.5,380,60,2018,발전사업용,2017-01-03,경상북도 예천군,,2025-12-09
진밭길2태양광발전소,,경상북도 예천군 풍양면 우망리 산 46번지 6호,,,,정상가동,100.5,380,60,2018,발전사업용,2017-01-03,경상북도 예천군,,2025-12-09
우주태양광발전소,,경상북도 예천군 풍양면 우망리 127-3,36.527928103,128.3284589258,,정상가동,300.16,380,60,2018,발전사업용,2017-01-03,경상북도 예천군,,2025-12-09
샤론태양광발전소,,"경상북도 예천군 풍양면 우망리 127-1 , 127-2",36.5281101173,128.3287881051,,정상가동,300.16,380,60,2019,발전사업용,2017-01-03,경상북도 예천군,,2025-12-09
하늘농장풍양태양광발전소,,경상북도 예천군 풍양면 흔효리 산 14번지 5호,,,,정상가동,1512.18,22900,60,2017,발전사업용,2015-04-27,경상북도 예천군,,2025-12-09
은성쏠라14호태양광발전소,,경상북도 예천군 보문면 산성리 산 92번지,,,,정상가동,1099.98,22900,60,2019,발전사업용,2016-07-20,경상북도 예천군,,2025-12-09
하닷사3태양광발전소,,경상북도 예천군 감천면 장산리 산 78번지 (토지위),,,,정상가동,296.48,380,60,2018,발전사업용,2016-12-21,경상북도 예천군,,2025-12-09
보문2호태양광발전소,,경상북도 예천군 보문면 우래리 산 111번지 1호 (토지위),,,,정상가동,99.75,380,60,2019,발전사업용,2016-12-21,경상북도 예천군,,2025-12-09
보문1호태양광발전소,,경상북도 예천군 보문면 우래리 산 111번지 1호 (토지위),,,,정상가동,99.75,380,60,2019,발전사업용,2016-12-21,경상북도 예천군,,2025-12-09
썬리치2 태양광발전소,,경상북도 예천군 지보면 도화리 산 33번지 (토지위),,,,정상가동,99,380,60,2021,발전사업용,2016-12-12,경상북도 예천군,,2025-12-09
최진홍 태양광발전소,,경상북도 예천군 지보면 도화리 산 33번지 (토지위),,,,정상가동,99,380,60,2021,발전사업용,2016-12-12,경상북도 예천군,,2025-12-09
최철수 태양광발전소,,경상북도 예천군 지보면 도화리 산 33번지 (토지위),,,,정상가동,99,380,60,2021,발전사업용,2016-12-12,경상북도 예천군,,2025-12-09
성호태양광발전소,,경상북도 예천군 풍양면 흥천리 310-1,36.5025517749,128.3232342618,,정상가동,99.2,380,60,2017,발전사업용,2016-12-06,경상북도 예천군,,2025-12-09
수정 태양광발전소,,경상북도 예천군 풍양면 흥천리 310-4,36.5025667611,128.3237938306,,정상가동,99.2,380,60,2017,발전사업용,2016-12-06,경상북도 예천군,,2025-12-09
서울타일1호발전소,경상북도 예천군 예천읍 효자로 162,,36.6603423795,128.4609848929,,정상가동,19.8,380,60,2017,발전사업용,2016-12-06,경상북도 예천군,,2025-12-09
만화1호태양광발전소,,경상북도 예천군 지보면 소화리 1147번지 (토지위),,,,정상가동,99,380,60,2017,발전사업용,2016-10-24,경상북도 예천군,,2025-12-09
SM예천태양광발전소,,경상북도 예천군 지보면 도장리 195-6,36.5305136489,128.3870033517,,정상가동,499.2,380,60,2019,발전사업용,2016-10-24,경상북도 예천군,,2025-12-09
낙상1리 태양광발전소,,경상북도 예천군 풍양면 낙상리 1040번지 (토지위),,,,정상가동,19.8,380,60,2017,발전사업용,2016-10-07,경상북도 예천군,,2025-12-09
종호태양광발전소1호,,"경상북도 예천군 용궁면 대은리 1-4 , 1-5",36.5959607126,128.3356443575,,정상가동,199.8,380,60,2019,발전사업용,2016-09-26,경상북도 예천군,,2025-12-09
에이치티(HT)에너지,,"경상북도 예천군 용궁면 대은리 1-4 , 1-5",36.5959607126,128.3356443575,,정상가동,199.8,380,60,2019,발전사업용,2016-09-26,경상북도 예천군,,2025-12-09
목금동태양광발전소,,"경상북도 예천군 은풍면 부초리 산 57번지 2호 , 산57-6번지(토지위)",,,,정상가동,99,380,60,2017,발전사업용,2016-09-22,경상북도 예천군,,2025-12-09
명중 태양광,,경상북도 예천군 개포면 우감리 785번지 (토지위),,,,정상가동,99,380,60,2017,발전사업용,2016-09-22,경상북도 예천군,,2025-12-09
승규태양광발전소,,"경상북도 예천군 효자면 용두리 742번지 2호 , 765번지, 766번지(토지위)",,,,정상가동,99.2,380,60,2017,발전사업용,2016-09-22,경상북도 예천군,,2025-12-09
대성태양광발전소,,경상북도 예천군 효자면 용두리 766번지 (토지위),,,,정상가동,99.2,380,60,2017,발전사업용,2016-09-22,경상북도 예천군,,2025-12-09
덕진태양광발전소,,경상북도 예천군 효자면 용두리 766번지 (토지위),,,,정상가동,99.2,380,60,2017,발전사업용,2016-09-22,경상북도 예천군,,2025-12-09
예가1호 태양광발전소,,경상북도 예천군 감천면 장산리 산 23번지 (토지위),,,,정상가동,498.48,380,60,2020,발전사업용,2016-09-20,경상북도 예천군,,2025-12-09
향석태양광발전소,,"경상북도 예천군 용궁면 향석리 138번지 1호 , 138-2번지(건물위)",,,,정상가동,97.47,380,60,2017,발전사업용,2016-09-07,경상북도 예천군,,2025-12-09
마래태양광발전소,,경상북도 예천군 유천면 마천리 175번지 (축사건물위),,,,정상가동,99.75,380,60,2017,발전사업용,2016-08-29,경상북도 예천군,,2025-12-09
개포으뜸2호발전소,,"경상북도 예천군 개포면 신음리 138번지 2호 , 138-3, 140, 142-7번지(토지위)",,,,정상가동,99.36,380,60,2017,발전사업용,2016-08-09,경상북도 예천군,,2025-12-09
개포으뜸3호발전소,,"경상북도 예천군 개포면 신음리 138번지 2호 , 138-3, 140, 142-7번지(토지위)",,,,정상가동,99.36,380,60,2017,발전사업용,2016-08-09,경상북도 예천군,,2025-12-09
개포으뜸1호발전소,,"경상북도 예천군 개포면 신음리 138번지 2호 , 138-3, 140, 142-7번지(토지위)",,,,정상가동,99.36,380,60,2017,발전사업용,2016-08-09,경상북도 예천군,,2025-12-09
해테크예천3호,,경상북도 예천군 풍양면 청운리 466번지 23호,,,,정상가동,99.2,380,60,2017,발전사업용,2016-07-12,경상북도 예천군,,2025-12-09
수정태양광발전소,,"경상북도 예천군 지보면 마전리 321번지 2호 ,321-3번지(토지위)",,,,정상가동,99.2,380,60,2017,발전사업용,2016-07-12,경상북도 예천군,,2025-12-09
성남2호태양광발전소,,경상북도 예천군 지보면 마전리 산 5번지 (토지위),,,,정상가동,99.2,380,60,2017,발전사업용,2016-07-12,경상북도 예천군,,2025-12-09
대경2태양광발전소,,경상북도 예천군 풍양면 흔효리 산 56번지 35호 (토지위),,,,정상가동,96.48,380,60,2017,발전사업용,2016-07-12,경상북도 예천군,,2025-12-09
에코 태양광발전소,,경상북도 예천군 유천면 사곡리 54-1,36.6832983114,128.3424214676,,정상가동,97.92,380,60,2018,발전사업용,2016-07-07,경상북도 예천군,,2025-12-09
국보태양광발전소,,경상북도 예천군 유천면 사곡리 산 32번지 2호 (토지),,,,정상가동,99,380,60,2018,발전사업용,2016-07-07,경상북도 예천군,,2025-12-09
(주)태양산업,,경상북도 예천군 유천면 사곡리 산 32번지 2호 (토지),,,,정상가동,99,380,60,2018,발전사업용,2016-07-07,경상북도 예천군,,2025-12-09
주식회사 해테크발전소예천4호,,경상북도 예천군 풍양면 청운리 466번지 20호 (토지위),,,,정상가동,300.39,380,60,2017,발전사업용,2016-06-29,경상북도 예천군,,2025-12-09
신철태양광발전소,,경상북도 예천군 유천면 가리 468번지 2호 (토지위),,,,정상가동,99.2,380,60,2016,발전사업용,2016-06-29,경상북도 예천군,,2025-12-09
석현태양광발전소,,경상북도 예천군 풍양면 우망리 474번지 1호 (토지위),,,,정상가동,99.75,380,60,2017,발전사업용,2016-06-20,경상북도 예천군,,2025-12-09
송전3호 태양광발전소,,"경상북도 예천군 유천면 송전리 381번지 2호 ,382, 383번지(토지위)",,,,정상가동,99,380,60,2016,발전사업용,2016-06-20,경상북도 예천군,,2025-12-09
송전1호 태양광발전소,,경상북도 예천군 유천면 송전리 383번지 (토지),,,,정상가동,99,380,60,2016,발전사업용,2016-06-20,경상북도 예천군,,2025-12-09
시원에너지,,경상북도 예천군 풍양면 청곡리 555번지,,,,정상가동,493.92,380,60,2017,발전사업용,2016-06-20,경상북도 예천군,,2025-12-09
종보전설태양광발전소,,경상북도 예천군 풍양면 청곡리 555번지 (토지위),,,,정상가동,493.92,380,60,2017,발전사업용,2016-06-20,경상북도 예천군,,2025-12-09
(주)엔리치태양광,,경상북도 예천군 유천면 사곡리 77번지 1호 (토지위),,,,정상가동,99,380,60,2018,발전사업용,2016-06-20,경상북도 예천군,,2025-12-09
알미태양광,,경상북도 예천군 풍양면 우망리 510번지 (토지위),,,,정상가동,99.2,380,60,2016,발전사업용,2016-06-13,경상북도 예천군,,2025-12-09
숫골태양광발전소,,경상북도 예천군 지보면 마전리 1008번지 (토지위),,,,정상가동,99.2,380,60,2016,발전사업용,2016-06-13,경상북도 예천군,,2025-12-09
성남태양광발전소,,경상북도 예천군 지보면 마전리 474번지 (토지위),,,,정상가동,99.2,380,60,2016,발전사업용,2016-06-13,경상북도 예천군,,2025-12-09
청뫼태양광발전소,,경상북도 예천군 지보면 신풍리 327번지 (토지위),,,,정상가동,99.2,380,60,2016,발전사업용,2016-06-13,경상북도 예천군,,2025-12-09
근영1호태양광발전소,,경상북도 예천군 지보면 암천리 산 77번지 (토지),,,,정상가동,99.2,380,60,2020,발전사업용,2016-06-07,경상북도 예천군,,2025-12-09
대승태양광발전소,,경상북도 예천군 지보면 암천리 산 77번지 (토지),,,,정상가동,99.2,380,60,2020,발전사업용,2016-06-07,경상북도 예천군,,2025-12-09
지환태양광발전소,,경상북도 예천군 지보면 암천리 산 77번지 (토지),,,,정상가동,99.2,380,60,2020,발전사업용,2016-06-07,경상북도 예천군,,2025-12-09
유천태양광발전소,,경상북도 예천군 유천면 죽안리 82번지 58호 (토지위),,,,정상가동,99.2,380,60,2016,발전사업용,2016-06-07,경상북도 예천군,,2025-12-09
천지태양광발전소,,경상북도 예천군 개포면 장송리 533-9,36.6035338212,128.3188626578,,정상가동,148.5,380,60,2017,발전사업용,2016-04-27,경상북도 예천군,,2025-12-09
금빛태양광발전소,,경상북도 예천군 개포면 장송리 533번지 3호 (토지),,,,정상가동,99,380,60,2017,발전사업용,2016-04-27,경상북도 예천군,,2025-12-09
(주)하나하늘빛,,"경상북도 예천군 은풍면 부초리 234번지 , 257번지(토지)",,,,정상가동,451.98,380,60,2018,발전사업용,2016-04-27,경상북도 예천군,,2025-12-09
흥국산태양광발전소,,"경상북도 예천군 풍양면 우망리 954번지 , 955번지(토지)",,,,정상가동,99.75,380,60,2018,발전사업용,2016-04-27,경상북도 예천군,,2025-12-09
주식회사 타이거에듀솔라,,"경상북도 예천군 지보면 마전리 98-1 , 98-2, 99, 103, 104, 105, 106",,,,정상가동,945,22900,60,2017,발전사업용,2016-04-06,경상북도 예천군,,2025-12-09
태화기곡태양광발전소,,경상북도 예천군 보문면 기곡리 산 45번지 7호,,,,정상가동,99.3,380,60,2017,발전사업용,2016-04-06,경상북도 예천군,,2025-12-09
예지남태양광발전소,,경상북도 예천군 지보면 지보리 528번지 (토지위),,,,정상가동,99.2,380,60,2017,발전사업용,2016-04-06,경상북도 예천군,,2025-12-09
예지북태양광발전소,,"경상북도 예천군 지보면 지보리 528번지 ,529번지(토지위)",,,,정상가동,99.2,380,60,2017,발전사업용,2016-04-06,경상북도 예천군,,2025-12-09
예지서태양광발전소,,경상북도 예천군 지보면 지보리 527번지 (토지위),,,,정상가동,99.2,380,60,2017,발전사업용,2016-04-06,경상북도 예천군,,2025-12-09
예지동태양광발전소,,경상북도 예천군 지보면 지보리 526,36.5195606792,128.383788308,,정상가동,99.2,380,60,2017,발전사업용,2016-04-06,경상북도 예천군,,2025-12-09
주식회사 해테크발전소예천2호,,경상북도 예천군 풍양면 청운리 466-58,36.5398737224,128.2959675332,,정상가동,494.76,380,60,2016,발전사업용,2016-04-06,경상북도 예천군,,2025-12-09
주식회사 해테크발전소예천1호,,경상북도 예천군 풍양면 청운리 466번지 59호 (토지위),,,,정상가동,307.53,380,60,2016,발전사업용,2016-04-06,경상북도 예천군,,2025-12-09
풀잎태양광발전소,,경상북도 예천군 풍양면 흔효리 329번지 (퇴비사지붕위),,,,정상가동,285,380,60,2016,발전사업용,2016-04-06,경상북도 예천군,,2025-12-09
일영태양광발전소,,경상북도 예천군 개포면 가곡리 647번지,,,,정상가동,50.16,380,60,2016,발전사업용,2016-04-06,경상북도 예천군,,2025-12-09
다니태양광발전소,,경상북도 예천군 은풍면 오류리 293번지 (토지위),,,,정상가동,99.36,380,60,2017,발전사업용,2016-03-23,경상북도 예천군,,2025-12-09
토금옥3태양광발전소,,경상북도 예천군 감천면 마촌리 195번지 2호 (토지위),,,,정상가동,95.76,380,60,2017,발전사업용,2016-03-17,경상북도 예천군,,2025-12-09
원진태양광발전소,,경상북도 예천군 감천면 마촌리 195번지 1호 (토지위),,,,정상가동,95.76,380,60,2017,발전사업용,2016-03-17,경상북도 예천군,,2025-12-09
(주)장쏠라,,경상북도 예천군 감천면 덕율리 1155번지 5호 (토지위),,,,정상가동,28.8,380,60,2016,발전사업용,2016-03-14,경상북도 예천군,,2025-12-09
(주)동호쏠라,,"경상북도 예천군 감천면 덕율리 1154번지 4호 ,1155-9,1155-4번지(토지위)",,,,정상가동,93.6,380,60,2016,발전사업용,2016-03-14,경상북도 예천군,,2025-12-09
주식회사동서발전 태양광발전소,,경상북도 예천군 은풍면 부초리 산 44번지 (토지위),,,,정상가동,999,22900,60,2018,발전사업용,2016-03-14,경상북도 예천군,,2025-12-09
지알태양광발전소,,경상북도 예천군 감천면 천향리 762-3,36.7345582249,128.4745106908,,정상가동,691.92,22900,60,2016,발전사업용,2016-02-25,경상북도 예천군,,2025-12-09
마천태양광발전소,,경상북도 예천군 유천면 마천리 175번지 (축사건물위),,,,정상가동,99.75,380,60,2016,발전사업용,2016-02-24,경상북도 예천군,,2025-12-09
방주태양광발전소,,경상북도 예천군 감천면 현내리 630번지 (건물지붕위),,,,정상가동,99,380,60,2016,발전사업용,2016-01-26,경상북도 예천군,,2025-12-09
만성2호태양광발전소,,"경상북도 예천군 지보면 마전리 190번지 17호 ,190-51번지(토지위)",,,,정상가동,148.5,380,60,2017,발전사업용,2016-01-26,경상북도 예천군,,2025-12-09
다산1호태양광발전소,,경상북도 예천군 지보면 마전리 190번지 47호 (건물지붕),,,,정상가동,99,380,60,2016,발전사업용,2016-01-26,경상북도 예천군,,2025-12-09
다산2호태양광발전소,,"경상북도 예천군 지보면 마전리 190번지 18호 ,190-20, 190-51번지(토지위)",,,,정상가동,148.5,380,60,2017,발전사업용,2016-01-26,경상북도 예천군,,2025-12-09
만성1호태양광발전소,,경상북도 예천군 지보면 마전리 190번지 47호 (건물지붕위),,,,정상가동,99,380,60,2016,발전사업용,2016-01-26,경상북도 예천군,,2025-12-09
예천태양광,,경상북도 예천군 감천면 진평리 370,36.7423251588,128.5000699322,,정상가동,98.8,380,60,2015,발전사업용,2015-03-09,경상북도 예천군,,2025-12-09
감천태양광,,경상북도 예천군 감천면 진평리 372,36.7417689393,128.5006345427,,정상가동,98.8,380,60,2015,발전사업용,2015-03-09,경상북도 예천군,,2025-12-09
아지태양광,,경상북도 예천군 감천면 천향리 317-4,36.7360072818,128.4907163284,,정상가동,98.8,380,60,2015,발전사업용,2015-06-16,경상북도 예천군,,2025-12-09
진평태양광,,경상북도 예천군 감천면 천향리 317-5,36.7358693134,128.4909336105,,정상가동,98.8,380,60,2015,발전사업용,2015-06-15,경상북도 예천군,,2025-12-09
비봉산발전소,,경상북도 예천군 풍양면 흔효리 330-4,36.5137003512,128.3250824841,,정상가동,97.2,380,60,2015,발전사업용,2015-02-16,경상북도 예천군,,2025-12-09
주식회사대한에너지,,경상북도 예천군 지보면 소화리 산 55,36.5454828943,128.3742091272,,정상가동,992,22900,60,2018,발전사업용,2015-12-14,경상북도 예천군,,2025-12-09
산합태양광발전소,,경상북도 예천군 호명면 산합리 603,,,,정상가동,99.18,380,60,2016,발전사업용,2015-11-17,경상북도 예천군,,2025-12-09
진평1태양광발전소,,경상북도 예천군 감천면 진평리 54-4,36.7453886878,128.5028480401,,정상가동,97.2,380,60,2015,발전사업용,2015-02-24,경상북도 예천군,,2025-12-09
다운태양광발전소,,경상북도 예천군 예천읍 왕신리 60,36.6300421292,128.4554618862,,정상가동,99,380,60,2015,발전사업용,2015-01-29,경상북도 예천군,,2025-12-09
진휘태양광발전소,,"경상북도 예천군 지보면 소화리 1243 , 1244, 1245, 1246, 1247",36.5434006363,128.3706123473,,정상가동,99,380,60,2015,발전사업용,2015-01-16,경상북도 예천군,,2025-12-09
인철태양광발전소,,경상북도 예천군 지보면 만화리 144번지 2호 (토지위),,,,정상가동,200,380,60,2016,발전사업용,2015-12-14,경상북도 예천군,,2025-12-09
신풍태양광발전소,,"경상북도 예천군 지보면 신풍리 327번지 (토지위, 건물위)",,,,정상가동,496,380,60,2016,발전사업용,2015-12-03,경상북도 예천군,,2025-12-09
반가운태양광발전소,,"경상북도 예천군 감천면 포리 458번지 , 459번지(토지)",,,,정상가동,198.4,380,60,2016,발전사업용,2015-12-03,경상북도 예천군,,2025-12-09
썬힐태양광발전소,,"경상북도 예천군 감천면 포리 1092-4 , 1092-6",36.7147138813,128.5190257828,,정상가동,98.8,380,60,2016,발전사업용,2015-06-11,경상북도 예천군,,2025-12-09
마전태양광발전소,,경상북도 예천군 지보면 마전리 742-1,36.5293876445,128.3768252424,,정상가동,71.82,380,60,2017,발전사업용,2015-12-29,경상북도 예천군,,2025-12-09
원학태양광발전소,,경상북도 예천군 지보면 마전리 산 5번지,,,,정상가동,99,380,60,2016,발전사업용,2015-12-29,경상북도 예천군,,2025-12-09
희망태양광발전소,,경상북도 예천군 감천면 덕율리 219번지,,,,정상가동,99,380,60,2015,발전사업용,2015-07-06,경상북도 예천군,,2025-12-09
오로라태양광발전소,,경상북도 예천군 감천면 덕율리 219번지,,,,정상가동,99,380,60,2015,발전사업용,2015-07-06,경상북도 예천군,,2025-12-09
청량1호태양광발전소,,경상북도 예천군 개포면 우감리 691번지 1호,,,,정상가동,99,380,60,2017,발전사업용,2015-12-14,경상북도 예천군,,2025-12-09
무지개태양광발전소,,경상북도 예천군 감천면 포리 1092번지 8호,,,,정상가동,99.75,380,60,2016,발전사업용,2015-06-11,경상북도 예천군,,2025-12-09
우리태양광발전소,,경상북도 예천군 감천면 포리 1092번지 7호,,,,정상가동,99.75,380,60,2016,발전사업용,2015-06-11,경상북도 예천군,,2025-12-09
시연태양광발전소,,경상북도 예천군 지보면 소화리 산 77-10,,,,정상가동,99.2,380,60,2017,발전사업용,2015-11-17,경상북도 예천군,,2025-12-09
도평태양광발전소,,"경상북도 예천군 감천면 포리 923 , 923-6, 624-1, 1092, 1092-1, 1092-10, 1092-13, 산24-2, 산24-3",36.7152026958,128.5191129453,,정상가동,450,380,60,2017,발전사업용,2015-06-11,경상북도 예천군,,2025-12-09
늠태양광발전소,,"경상북도 예천군 감천면 포리 1092-2 , 1092-3, 1092-5",36.7146726602,128.518291919,,정상가동,98.8,380,60,2016,발전사업용,2015-06-11,경상북도 예천군,,2025-12-09
디솔라파워(예천)태양광발전소,,"경상북도 예천군 유천면 화지리 418-25 외 6필지(418-27, 418-6, 418-69, 418-72, 418-76, 418-91)",,,,정상가동,351,29000,60,2016,발전사업용,2015-06-01,경상북도 예천군,,2025-12-09
청주정씨 약포선생 종중 태양광발전소,,경상북도 예천군 호명면 황지리 531-1,,,,정상가동,198,380,60,2016,발전사업용,2015-06-01,경상북도 예천군,,2025-12-09
스마일3호발전소,,경상북도 예천군 감천면 현내리 881번지 (토지),,,,정상가동,99,380,60,2016,발전사업용,2015-06-01,경상북도 예천군,,2025-12-09
스마일2호발전소,,경상북도 예천군 감천면 현내리 881번지,,,,정상가동,99,380,60,2016,발전사업용,2015-06-01,경상북도 예천군,,2025-12-09
스마일1호발전소,,경상북도 예천군 감천면 현내리 881번지 (토지),,,,정상가동,99,380,60,2016,발전사업용,2015-06-01,경상북도 예천군,,2025-12-09
세영태양광발전소,,경상북도 예천군 은풍면 부초리 566번지 2호 (토지),,,,정상가동,200,380,60,2016,발전사업용,2015-06-01,경상북도 예천군,,2025-12-09
선승태양광발전소,,경상북도 예천군 개포면 우감리 691번지 2호 (토지),,,,정상가동,200,380,60,2016,발전사업용,2015-06-01,경상북도 예천군,,2025-12-09
팍스태양광,,경상북도 예천군 풍양면 흔효리 168번지 2호 (토지),,,,정상가동,99,380,60,2015,발전사업용,2015-06-30,경상북도 예천군,,2025-12-09
정임태양광발전소,,경상북도 예천군 유천면 고림리 283번지 1호 (토지),,,,정상가동,99,380,60,2015,발전사업용,2015-06-01,경상북도 예천군,,2025-12-09
해정태양광발전소,,경상북도 예천군 유천면 고림리 283번지 5호 (토지),,,,정상가동,99,380,60,2015,발전사업용,2015-09-30,경상북도 예천군,,2025-12-09
승리태양광발전소,,"경상북도 예천군 보문면 기곡리 62번지 ,63번지(토지)",,,,정상가동,99,380,60,2016,발전사업용,2015-04-23,경상북도 예천군,,2025-12-09
대동산2태양광발전소,,경상북도 예천군 풍양면 우망리 산 13번지 13호 (토지위),,,,정상가동,99,380,60,2016,발전사업용,2015-04-06,경상북도 예천군,,2025-12-09
(주)송아,,경상북도 예천군 감천면 덕율리 1155번지 1호 1154-1번지(토지),,,,정상가동,97.2,380,60,2015,발전사업용,2014-12-30,경상북도 예천군,,2025-12-09
주식회사 혜원에너지,,경상북도 예천군 감천면 덕율리 1155-6 1154-1(토지 위),,,,정상가동,97.2,380,60,2015,발전사업용,2014-12-30,경상북도 예천군,,2025-12-09
은풍발전소주식회사,,경상북도 예천군 하리면 탑리 267번지 268번지(토지),,,,정상가동,96,380,60,2015,발전사업용,2015-03-09,경상북도 예천군,,2025-12-09
주식회사애플에너지,,경상북도 예천군 하리면 탑리 266번지,,,,정상가동,96,380,60,2015,발전사업용,2015-03-09,경상북도 예천군,,2025-12-09
석명제4태양광발전소,,"경상북도 예천군 지보면 지보리 530번지 , 531번지",,,,정상가동,99,380,60,2015,발전사업용,2015-03-09,경상북도 예천군,,2025-12-09
명광태양광발전소,,경상북도 예천군 유천면 송지리 134번지,,,,정상가동,99.75,380,60,2015,발전사업용,2015-02-16,경상북도 예천군,,2025-12-09
명광일태양광발전소,,경상북도 예천군 유천면 송지리 133번지,,,,정상가동,99.75,380,60,2015,발전사업용,2015-02-16,경상북도 예천군,,2025-12-09
다은태양광발전소,,경상북도 예천군 예천읍 왕신리 60-6,36.6299490451,128.4553369375,,정상가동,99,380,60,2015,발전사업용,2015-01-29,경상북도 예천군,,2025-12-09
주식회사선경태양,,경상북도 예천군 개포면 우감리 584-8,36.6141125007,128.3763865668,,정상가동,999,22900,60,2016,발전사업용,2015-01-16,경상북도 예천군,,2025-12-09
주성태양광발전소,,경상북도 예천군 유천면 가리 764-1,36.6357522275,128.3746838724,,정상가동,99,380,60,2016,발전사업용,2015-01-16,경상북도 예천군,,2025-12-09
훈민태양광발전소,,"경상북도 예천군 용문면 두천리 493번지 1호 , 494번지(토지)",,,,정상가동,200,380,60,2015,발전사업용,2015-01-16,경상북도 예천군,,2025-12-09
성평제일태양광발전소,,경상북도 예천군 유천면 성평리 산 17번지 3호 373번지(토지),,,,정상가동,200,380,60,2015,발전사업용,2015-06-30,경상북도 예천군,,2025-12-09
낙원축사태양광발전소,,"경상북도 예천군 예천읍 우계리 565-9 , 565-11",36.6793138844,128.4694716173,,정상가동,198,380,60,2015,발전사업용,2014-12-16,경상북도 예천군,,2025-12-09
동사태양광발전소,,"경상북도 예천군 은풍면 동사리 255 , 256",36.7790159657,128.4625807285,,정상가동,50.4,380,60,2014,발전사업용,2014-01-20,경상북도 예천군,,2025-12-09
성하태양광발전소,,경상북도 예천군 지보면 소화리 1306,36.5391007317,128.3717527294,,정상가동,99,380,60,2014,발전사업용,2014-09-18,경상북도 예천군,,2025-12-09
광일태양광발전소,,경상북도 예천군 예천읍 통명리 476,36.6668091139,128.4858828193,,정상가동,50.4,380,60,2015,발전사업용,2014-08-21,경상북도 예천군,,2025-12-09
울트라에너지태양광발전소,,"경상북도 예천군 지보면 마전리 731-1 , 719",36.5282252556,128.3780469622,,정상가동,99,380,60,2014,발전사업용,2014-08-20,경상북도 예천군,,2025-12-09
대원1호태양광발전소,경상북도 예천군 호명면 갈음밭길 35-3,,,,,정상가동,97.2,380,60,2014,발전사업용,2014-07-15,경상북도 예천군,,2025-12-09
대원태양광발전소,경상북도 예천군 예천읍 충효로 84-10,,36.6446417902,128.4345116263,,정상가동,99.38,380,60,2015,발전사업용,2014-07-15,경상북도 예천군,,2025-12-09
대동산태양광발전소,,경상북도 예천군 풍양면 우망리 946번지 4호,,,,정상가동,97.2,380,60,2014,발전사업용,2014-07-15,경상북도 예천군,,2025-12-09
알운산태양광발전소,,경상북도 예천군 풍양면 우망리 520번지 5호,,,,정상가동,97.2,380,60,2014,발전사업용,2014-07-15,경상북도 예천군,,2025-12-09
현우태양광발전소,,경상북도 예천군 용문면 두천리 40번지,,,,정상가동,99,380,60,2014,발전사업용,2014-07-07,경상북도 예천군,,2025-12-09
태화보문태양광발전소,경상북도 예천군 보문면 막실길 126-4,,36.7241584024,128.5708406538,,정상가동,98.28,380,60,2014,발전사업용,2014-06-07,경상북도 예천군,,2025-12-09
준기태양광발전소,,"경상북도 예천군 보문면 독양리 758-2 , 755",36.7200273571,128.5561034516,,정상가동,97.2,380,60,2014,발전사업용,2014-06-03,경상북도 예천군,,2025-12-09
석명3호 태양광발전소,,"경상북도 예천군 지보면 도장리 387-3 , 387-5",36.5203807037,128.3846365453,,정상가동,90,380,60,2014,발전사업용,2014-04-05,경상북도 예천군,,2025-12-09
세광태양광발전소,,"경상북도 예천군 호명면 직산리 435 , 435-1, 435-3",,,,정상가동,97.2,380,60,2014,발전사업용,2014-03-17,경상북도 예천군,,2025-12-09
예슬태양광발전소,경상북도 예천군 풍양면 흔전길 100-57,,36.5136451985,128.3254799647,,정상가동,99,380,60,2014,발전사업용,2014-03-17,경상북도 예천군,,2025-12-09
지성태양광발전소,경상북도 예천군 호명면 풍산태사로 114,,,,,정상가동,97.2,380,60,2014,발전사업용,2014-03-04,경상북도 예천군,,2025-12-09
미나태양광발전소,,경상북도 예천군 용문면 죽림리 346-1,36.6999548984,128.3912399508,,정상가동,99,380,60,2015,발전사업용,2014-12-30,경상북도 예천군,,2025-12-09
지구별발전소2호,,경상북도 예천군 유천면 매산리 340-2,36.6273475994,128.3776137465,,정상가동,22.26,380,60,2015,발전사업용,2014-12-30,경상북도 예천군,,2025-12-09
이레7 태양광발전소,경상북도 예천군 풍양면 흔전길 100-57,,36.5136451985,128.3254799647,,정상가동,99,380,60,2014,발전사업용,2014-02-10,경상북도 예천군,,2025-12-09
형주태양광발전소,,경상북도 예천군 지보면 도화리 1511,36.5216656918,128.3979454868,,정상가동,99,380,60,2015,발전사업용,2014-12-17,경상북도 예천군,,2025-12-09
청은태양광발전소,,경상북도 예천군 예천읍 우계리 263,36.6792278055,128.4702129245,,정상가동,99,380,60,2015,발전사업용,2014-12-16,경상북도 예천군,,2025-12-09
손호근 태양광발전소,경상북도 예천군 풍양면 상풍로 1357,,36.5054948481,128.2923990794,,정상가동,18,380,60,2014,발전사업용,2014-01-20,경상북도 예천군,,2025-12-09
한일태양광발전소,,경상북도 예천군 예천읍 지내리 453,36.6383735328,128.4068782804,,정상가동,99,380,60,2015,발전사업용,2014-11-21,경상북도 예천군,,2025-12-09
포리태양광발전소,,경상북도 예천군 감천면 포리 464,36.7171242005,128.5257237673,,정상가동,90,380,60,2015,발전사업용,2014-10-22,경상북도 예천군,,2025-12-09
새움SP태양광발전소,,"경상북도 예천군 예천읍 우계리 553 , 544",,,,정상가동,94.5,380,60,2015,발전사업용,2014-10-22,경상북도 예천군,,2025-12-09
원현태양광발전소,,경상북도 예천군 감천면 마촌리 195번지 (토지),,,,정상가동,95.76,380,60,2017,발전사업용,2014-11-10,경상북도 예천군,,2025-12-09
본포리태양광발전소,,경상북도 예천군 호명면 본포리 227번지 1호 227-2번지,,,,정상가동,99,380,60,2015,발전사업용,2014-10-23,경상북도 예천군,,2025-12-09
순흥태양광발전소,,"경상북도 예천군 감천면 포리 469번지 2호 (토지,지붕)",,,,정상가동,94.5,380,60,2017,발전사업용,2014-12-30,경상북도 예천군,,2025-12-09
(주)범쏠라,,경상북도 예천군 감천면 덕율리 1155번지 1호,,,,정상가동,97.2,380,60,2015,발전사업용,2014-12-30,경상북도 예천군,,2025-12-09
(주)혜원에너지,,경상북도 예천군 감천면 덕율리 1155-8 1154-3(토지 위),,,,정상가동,97.2,380,60,2015,발전사업용,2014-12-30,경상북도 예천군,,2025-12-09
(주)창선,,경상북도 예천군 감천면 덕율리 1155번지 1호,,,,정상가동,97.2,380,60,2015,발전사업용,2014-12-30,경상북도 예천군,,2025-12-09
(주)도쏠라,,경상북도 예천군 감천면 덕율리 1155번지 1호,,,,정상가동,97.2,380,60,2015,발전사업용,2014-12-30,경상북도 예천군,,2025-12-09
우래태양광발전소,,경상북도 예천군 보문면 우래리 645번지,,,,정상가동,96,380,60,2015,발전사업용,2014-11-21,경상북도 예천군,,2025-12-09
동림태양광발전소,,경상북도 예천군 풍양면 공덕리 226번지 1호,,,,정상가동,99,380,60,2015,발전사업용,2014-11-21,경상북도 예천군,,2025-12-09
상리태양광발전소,,경상북도 예천군 효자면 도촌리 411번지 (토지위),,,,정상가동,96,380,60,2016,발전사업용,2014-11-21,경상북도 예천군,,2025-12-09
민주태양광발전소,,경상북도 예천군 감천면 마촌리 247번지 1호 (토지),,,,정상가동,99,380,60,2016,발전사업용,2014-11-10,경상북도 예천군,,2025-12-09
대경태양광발전소,,경상북도 예천군 풍양면 흔효리 산 56번지 31호,,,,정상가동,99,380,60,2015,발전사업용,2014-10-22,경상북도 예천군,,2025-12-09
가야태양광발전소,,경상북도 예천군 용궁면 가야리 154번지,,,,정상가동,99,380,60,2015,발전사업용,2014-10-22,경상북도 예천군,,2025-12-09
지산태양광발전소,,경상북도 예천군 호명면 직산리 162번지 1호,,,,정상가동,99,380,60,2015,발전사업용,2014-10-22,경상북도 예천군,,2025-12-09
하늘에너지태양광발전소,,경상북도 예천군 지보면 마전리 719,36.5285131532,128.3788099065,,정상가동,98.28,380,60,2014,발전사업용,2013-12-31,경상북도 예천군,,2025-12-09
창강에너지태양광발전소,경상북도 예천군 지보면 지풍로 101,,,,,정상가동,98.28,380,60,2014,발전사업용,2013-12-30,경상북도 예천군,,2025-12-09
조진숙 태양광발전소,"경상북도 예천군 풍양면 우망길 186, 도정공장",,36.5371592115,128.3172293804,,정상가동,49.87,380,60,2013,발전사업용,2013-09-23,경상북도 예천군,,2025-12-09
이레3태양광발전소,,경상북도 예천군 풍양면 흔효리 330-2,36.5137188185,128.3244725098,,정상가동,99,380,60,2014,발전사업용,2013-09-12,경상북도 예천군,,2025-12-09
경북환경 태양광발전소,"경상북도 예천군 지보면 예지로 709, 신세계환경(주)",,36.5764593154,128.4133181598,,정상가동,97.5,380,60,2013,발전사업용,2013-04-09,경상북도 예천군,,2025-12-09
석명2호태양광발전소,,경상북도 예천군 지보면 도장리 387-2,36.5204581941,128.3850611521,,정상가동,30,380,60,2013,발전사업용,2013-03-28,경상북도 예천군,,2025-12-09
이레태양광발전소,,"경상북도 예천군 풍양면 흔효리 330 , 330-1",36.5136451985,128.3254799647,,정상가동,697.68,22900,60,2013,발전사업용,2012-08-16,경상북도 예천군,,2025-12-09
석명 태양광발전소,경상북도 예천군 지보면 지포길 83-19,,36.5202295448,128.3850345378,,정상가동,18,380,60,2011,발전사업용,2011-01-27,경상북도 예천군,,2025-12-09
성진썬에너지(주)태양광발전소,경상북도 예천군 감천면 소백로 200-35,,36.7281379797,128.517153794,,정상가동,199.22,380,60,2010,발전사업용,2010-01-18,경상북도 예천군,,2025-12-09
명일태양광발전소,,경상북도 예천군 용궁면 대은리 산 96번지,,,,정상가동,29.7,380,60,2010,발전사업용,2009-09-02,경상북도 예천군,,2025-12-09
(주)미라쏠라,,경상북도 예천군 용궁면 대은리 산 96번지,,,,정상가동,29.7,380,60,2010,발전사업용,2009-09-02,경상북도 예천군,,2025-12-09
(주)원쏠라,,경상북도 예천군 용궁면 대은리 산 96번지,,,,정상가동,29.7,380,60,2010,발전사업용,2009-09-02,경상북도 예천군,,2025-12-09
진남솔라 관현리 태양광발전소,,경상북도 예천군 감천면 관현리 산 48번지,,,,정상가동,200,380,60,2010,발전사업용,2009-06-24,경상북도 예천군,,2025-12-09
(주)한빛에너지,,경상북도 예천군 감천면 포리 478번지 1호,,,,정상가동,200,380,60,2009,발전사업용,2009-05-26,경상북도 예천군,,2025-12-09
주식회사 태인솔라,,경상북도 예천군 지보면 도화리 652-1,36.5338695977,128.4100178043,,정상가동,98.8,220380,60,2010,발전사업용,2009-05-06,경상북도 예천군,,2025-12-09
한라솔라파크 돈산리 태양광발전소,,경상북도 예천군 감천면 돈산리 산 35,,,,정상가동,1000,380,60,2009,발전사업용,2009-04-15,경상북도 예천군,,2025-12-09
(주)청운전력 4호태양광발전소,,경상북도 예천군 개포면 가곡리 779-4,36.5956947585,128.3434790544,,정상가동,29,380,60,2009,발전사업용,2009-02-16,경상북도 예천군,,2025-12-09
진우솔라,,경상북도 예천군 개포면 가곡리 779 산90,,,,정상가동,29,380,60,2009,발전사업용,2009-02-16,경상북도 예천군,,2025-12-09
(주)반월솔라,,경상북도 예천군 개포면 가곡리 779 산90,,,,정상가동,29,380,60,2009,발전사업용,2009-02-16,경상북도 예천군,,2025-12-09
(주)동명솔라,,경상북도 예천군 개포면 가곡리 779,36.5958531301,128.343123409,,정상가동,60,380,60,2009,발전사업용,2009-02-16,경상북도 예천군,,2025-12-09
(주)청운전력 3호태양광발전소,,경상북도 예천군 개포면 황산리 352-5,36.6089760702,128.3321369307,,정상가동,86.8,380,60,2009,발전사업용,2009-02-16,경상북도 예천군,,2025-12-09
(주)티아이솔라,,"경상북도 예천군 개포면 황산리 352-2 355,356-1,356-1,356-2",,,,정상가동,60,380,60,2009,발전사업용,2009-02-16,경상북도 예천군,,2025-12-09
대일솔라,,경상북도 예천군 개포면 황산리 352-2 355,,,,정상가동,79,380,60,2009,발전사업용,2009-02-16,경상북도 예천군,,2025-12-09
(주)해든나라태양광발전소,,"경상북도 예천군 개포면 황산리 352-1 , 352-2, 355",36.6095146473,128.3322211521,,정상가동,79,380,60,2009,발전사업용,2009-02-16,경상북도 예천군,,2025-12-09
(주)에스아이솔라,,경상북도 예천군 개포면 황산리 351,36.6093611193,128.3329790669,,정상가동,29,380,60,2009,발전사업용,2009-02-16,경상북도 예천군,,2025-12-09
(주)청운전력 5호태양광발전소,,경상북도 예천군 개포면 황산리 352-7,36.6088596086,128.3330511828,,정상가동,28.8,380,60,2009,발전사업용,2009-02-16,경상북도 예천군,,2025-12-09
(주)청운전력6호태양광발전소,,경상북도 예천군 개포면 황산리 351,36.6093611193,128.3329790669,,정상가동,29,380,60,2009,발전사업용,2009-02-16,경상북도 예천군,,2025-12-09
(주)행운쏠라,,경상북도 예천군 용궁면 대은리 724-2,36.5960130566,128.3190245625,,정상가동,29.7,380,60,2010,발전사업용,2009-09-02,경상북도 예천군,,2025-12-09
솔라태양광발전소,,경상북도 예천군 감천면 돈산리 산 60,,,,정상가동,1000,380,60,2009,발전사업용,2008-07-03,경상북도 예천군,,2025-12-09
(주)솔라테크에너지소화리태양광발전소,,경상북도 예천군 지보면 소화리 204-1 (토지 위),36.5585082325,128.4031433033,,정상가동,999.38,22900,60,2009,발전사업용,2008-01-15,경상북도 예천군,,2025-12-09
예천솔라팜,,경상북도 예천군 지보면 어신리 650,36.573800715,128.4229170232,,정상가동,1000,38022900,60,2008,발전사업용,2007-12-26,경상북도 예천군,,2025-12-09
예천SP태양광제2발전소,경상북도 예천군 풍양면 흔전길 38,,36.5213507286,128.3267283713,,정상가동,350,380,60,2009,발전사업용,2007-11-05,경상북도 예천군,,2025-12-09
