태양광발전시설명,소재지도로명주소,소재지지번주소,위도,경도,설치상세위치구분명,가동상태구분명,설비용량,공급전압,주파수,설치연도,세부용도,허가일자,허가기관,설치면적,데이터기준일자
흥생태양광발전소,경상북도 영천시 고경면 가수길 39,경상북도 영천시 고경면 가수리 111,,,,정상가동,99,220+380,60,2015,태양광,2015-07-17,경상북도 영천시청,,2025-05-08
강성목장태양광발전소,경상북도 영천시 고경면 가징계길 11-5,경상북도 영천시 고경면 가수리 228-1,,,,정상가동,94.5,380,60,2020,태양광,2020-10-12,경상북도 영천시청,,2025-05-08
보현태양광발전소,,"경상북도 영천시 고경면 가수리 29-1, 15, 28, 30",,,,정상가동,99.2,380,60,2014,태양광,2014-09-29,경상북도 영천시청,,2025-05-08
대림태양광발전소,,"경상북도 영천시 고경면 가수리 29-1, 15, 28, 30",,,,정상가동,99,380,60,2014,태양광,2014-09-29,경상북도 영천시청,,2025-05-08
대림태양광발전소,,"경상북도 영천시 고경면 가수리 29-1, 15, 28, 30",,,,정상가동,99.9,380,60,2015,태양광,2015-11-30,경상북도 영천시청,,2025-05-08
활보1호태양광발전소,,"경상북도 영천시 고경면 가수리 415-7, 415-11",,,,정상가동,99.2,380,60,2024,태양광,2024-02-20,경상북도 영천시청,,2025-05-08
가수1호태양광발전소,,"경상북도 영천시 고경면 가수리 58, 59-1",,,,정상가동,99,380,60,2014,태양광,2014-12-16,경상북도 영천시청,,2025-05-08
가수2호태양광발전소,,"경상북도 영천시 고경면 가수리 58, 59-1",,,,정상가동,99,380,60,2014,태양광,2014-12-16,경상북도 영천시청,,2025-05-08
독정2호태양광발전소,,"경상북도 영천시 고경면 가수리 78-2, 79-1",,,,정상가동,99.96,380,60,2022,태양광,2022-11-16,경상북도 영천시청,,2025-05-08
독정1호태양광발전소,,"경상북도 영천시 고경면 가수리 78-2, 79-1",,,,정상가동,99.96,380,60,2022,태양광,2022-11-16,경상북도 영천시청,,2025-05-08
한결태양광,,경상북도 영천시 고경면 가수리 산 14,,,,정상가동,99.2,380,60,2016,태양광,2016-04-26,경상북도 영천시청,,2025-05-08
고경3호태양광발전소,,경상북도 영천시 고경면 가수리 산 14,,,,정상가동,992,380,60,2016,태양광,2016-04-26,경상북도 영천시청,,2025-05-08
새론태양광,,경상북도 영천시 고경면 가수리 산 14,,,,정상가동,99.2,380,60,2016,태양광,2016-04-26,경상북도 영천시청,,2025-05-08
다온태양광,,경상북도 영천시 고경면 가수리 산 14,,,,정상가동,99.2,380,60,2016,태양광,2016-04-26,경상북도 영천시청,,2025-05-08
해솔태양광,,경상북도 영천시 고경면 가수리 산 14,,,,정상가동,99.2,380,60,2016,태양광,2016-04-26,경상북도 영천시청,,2025-05-08
늘찬태양광,,경상북도 영천시 고경면 가수리 산 14,,,,정상가동,99.2,380,60,2016,태양광,2016-04-26,경상북도 영천시청,,2025-05-08
해나태양광,,경상북도 영천시 고경면 가수리 산 14,,,,정상가동,99.2,380,60,2016,태양광,2016-04-26,경상북도 영천시청,,2025-05-08
주식회사대광태양광,,경상북도 영천시 고경면 가수리 산15,,,,정상가동,700.8,380,60,2014,태양광,2014-12-29,경상북도 영천시청,,2025-05-08
대광태양광발전소,경상북도 영천시 고경면 가수길 95-17,경상북도 영천시 고경면 가수리 산15,,,,정상가동,95.4,380,60,2022,태양광,2022-04-28,경상북도 영천시청,,2025-05-08
주식회사시온2호태양광발전소,,"경상북도 영천시 고경면 고도리 20, 21, 22, 24, 25-1, 25-2, 26, 27, 28",,,,정상가동,999.6,22900,60,2020,태양광,2023-02-13,경상북도 영천시청,,2025-05-08
주식회사시온3호태양광발전소,,"경상북도 영천시 고경면 고도리 33, 39, 40, 41, 42, 43, 44, 45, 53",,,,정상가동,600,22900,60,2020,태양광,2023-02-13,경상북도 영천시청,,2025-05-08
주식회사시온1호태양광발전소,,"경상북도 영천시 고경면 고도리 8, 9, 10, 11-1, 15, 16, 17, 18, 19",,,,정상가동,999.6,22900,60,2020,태양광,2023-02-13,경상북도 영천시청,,2025-05-08
덕영2호태양광발전소,,"경상북도 영천시 고경면 논실리 55-1, 56, 56-1",,,,정상가동,99.5,380,60,2023,태양광,2023-03-17,경상북도 영천시청,,2025-05-08
덕영1호태양광발전소,,"경상북도 영천시 고경면 논실리 55-1, 56, 56-1",,,,정상가동,99.5,380,60,2023,태양광,2023-03-17,경상북도 영천시청,,2025-05-08
권영득태양광발전소,,"경상북도 영천시 고경면 단포리 132, 133",,,,정상가동,198,380,60,2018,태양광,2018-01-15,경상북도 영천시청,,2025-05-08
단포솔라,,"경상북도 영천시 고경면 단포리 200-3, 202-3",,,,정상가동,49.92,380,60,2019,태양광,2019-12-06,경상북도 영천시청,,2025-05-08
동부태양광발전소,경상북도 영천시 고경면 호국로 338,경상북도 영천시 고경면 단포리 242-2,,,,정상가동,97.92,380,60,2017,태양광,2017-05-25,경상북도 영천시청,,2025-05-08
승윤영천태양광발전소,경상북도 영천시 고경면 거곡로 20,경상북도 영천시 고경면 단포리 306-1,,,,정상가동,495.72,380,60,2017,태양광,2017-06-12,경상북도 영천시청,,2025-05-08
안젤로태양광발전소,,경상북도 영천시 고경면 대성리 340-11,,,,정상가동,91.88,380,60,2024,태양광,2024-01-26,경상북도 영천시청,,2025-05-08
안젤라태양광발전소,,경상북도 영천시 고경면 대성리 340-11,,,,정상가동,87.5,380,60,2024,태양광,2024-01-26,경상북도 영천시청,,2025-05-08
아녜스태양광발전소,,경상북도 영천시 고경면 대성리 340-5,,,,정상가동,60,380,60,2024,태양광,2024-01-26,경상북도 영천시청,,2025-05-08
라라태양광발전소,,"경상북도 영천시 고경면 대의리 132, 129",,,,정상가동,97.92,380,60,2018,태양광,2018-03-29,경상북도 영천시청,,2025-05-08
수정태양광발전소,경상북도 영천시 고경면 거곡로 227-49,경상북도 영천시 고경면 대의리 152-13,,,,정상가동,99.51,380,60,2021,태양광,2021-04-01,경상북도 영천시청,,2025-05-08
수정3태양광발전소,경상북도 영천시 고경면 거곡로 227-49,경상북도 영천시 고경면 대의리 152-13,,,,정상가동,98.8,380,60,2021,태양광,2021-08-02,경상북도 영천시청,,2025-05-08
수정2태양광발전소,,경상북도 영천시 고경면 대의리 152-13,,,,정상가동,26.75,380,60,2021,태양광,2021-08-02,경상북도 영천시청,,2025-05-08
수정태양광발전소,경상북도 영천시 고경면 거곡로 227-49,경상북도 영천시 고경면 대의리 152-13,,,,정상가동,99.36,380,60,2022,태양광,2022-03-02,경상북도 영천시청,,2025-05-08
수정2태양광발전소,,경상북도 영천시 고경면 대의리 152-13,,,,정상가동,99.49,380,60,2023,태양광,2023-03-02,경상북도 영천시청,,2025-05-08
대의태양광발전소,,경상북도 영천시 고경면 대의리 77-1,,,,정상가동,99,380,60,2020,태양광,2020-11-12,경상북도 영천시청,,2025-05-08
김기성태양광발전소1호,,경상북도 영천시 고경면 대의리 산21,,,,정상가동,198,380,60,2018,태양광,2018-05-31,경상북도 영천시청,,2025-05-08
김기성태양광발전소2호,,경상북도 영천시 고경면 대의리 산21,,,,정상가동,198,380,60,2018,태양광,2018-05-31,경상북도 영천시청,,2025-05-08
성덕태양광발전소,,경상북도 영천시 고경면 덕정리 산29,,,,정상가동,99.36,380,60,2017,태양광,2017-08-08,경상북도 영천시청,,2025-05-08
창바우태양광4호,경상북도 영천시 고경면 호국로 575-266,경상북도 영천시 고경면 도암리 675,,,,정상가동,83.52,380,60,2021,태양광,2021-10-20,경상북도 영천시청,,2025-05-08
창바우2호태양광발전소,경상북도 영천시 고경면 호국로 575-266,"경상북도 영천시 고경면 도암리 675, 676, 677-1",,,,정상가동,99.68,380,60,2020,태양광,2020-11-11,경상북도 영천시청,,2025-05-08
창바우태양광발전소,경상북도 영천시 고경면 호국로 575-266,"경상북도 영천시 고경면 도암리 675, 676, 677-1",,,,정상가동,99.45,380,60,2019,태양광,2019-10-14,경상북도 영천시청,,2025-05-08
창바우태양광3호,,경상북도 영천시 고경면 도암리 676,,,,정상가동,99.76,380,60,2021,태양광,2021-10-20,경상북도 영천시청,,2025-05-08
대한태양광발전소,경상북도 영천시 고경면 호국로 592,경상북도 영천시 고경면 도암리 857,,,,정상가동,79.8,380,60,2020,태양광,2020-12-10,경상북도 영천시청,,2025-05-08
동도태양광발전소,경상북도 영천시 고경면 동도길 68-32,경상북도 영천시 고경면 동도리 267,,,,정상가동,99,380,60,2014,태양광,2014-12-24,경상북도 영천시청,,2025-05-08
88태양광발전소,,경상북도 영천시 고경면 동도리 566-79,,,,정상가동,44.2,380,60,2024,태양광,2024-03-27,경상북도 영천시청,,2025-05-08
씨앤비3사사격장태양광발전소,,"경상북도 영천시 고경면 동도리 차당리 194, 608, 609, 16, 28, 734",,,,정상가동,508.8,380,60,2013,태양광,2013-12-31,경상북도 영천시청,,2025-05-08
빛찬태양광발전소,,"경상북도 영천시 고경면 삼귀리 299-2, 299-3",,,,정상가동,29.7,380,60,2021,태양광,2021-06-03,경상북도 영천시청,,2025-05-08
삼귀쏠라태양광,,"경상북도 영천시 고경면 삼귀리 678-1, 678-2",,,,정상가동,998.4,380,60,2017,태양광,2017-07-14,경상북도 영천시청,,2025-05-08
광찬태양광발전소,,경상북도 영천시 고경면 삼귀리 산61-1,,,,정상가동,999.01,22900,60,2018,태양광,2018-03-28,경상북도 영천시청,,2025-05-08
(주)베스컨썬(해찬태양광발전소),,경상북도 영천시 고경면 삼귀리 산61-1,,,,정상가동,999.01,22900,60,2018,태양광,2018-03-28,경상북도 영천시청,,2025-05-08
스피드태양광에너지발전소,경상북도 영천시 고경면 산수골길 66,경상북도 영천시 고경면 삼산리 425,,,,정상가동,90,380,60,2014,태양광,2014-04-14,경상북도 영천시청,,2025-05-08
태평발전소,경상북도 영천시 고경면 모시밭길 67-48,경상북도 영천시 고경면 삼산리 66,,,,정상가동,98.8,380,60,2014,태양광,2014-02-10,경상북도 영천시청,,2025-05-08
삼포태양광발전소,경상북도 영천시 고경면 삼포길 94,경상북도 영천시 고경면 삼포리 585-1,,,,정상가동,98.55,380,60,2018,태양광,2018-05-24,경상북도 영천시청,,2025-05-08
경일태양광발전소,경상북도 영천시 고경면 초일길 24-11,경상북도 영천시 고경면 상덕리 486-13,,,,정상가동,496.8,380,60,2018,태양광,2018-09-12,경상북도 영천시청,,2025-05-08
경일태양광발전소,경상북도 영천시 고경면 초일길 24-11,경상북도 영천시 고경면 상덕리 486-13,,,,정상가동,99.63,380,60,2019,태양광,2019-06-27,경상북도 영천시청,,2025-05-08
허재석태양광발전소2호,,경상북도 영천시 고경면 상덕리 486-13,,,,정상가동,73.5,380,60,2022,태양광,2024-01-09,경상북도 영천시청,,2025-05-08
이상덕태양광발전소,,"경상북도 영천시 고경면 상덕리 산54-3, 산54-10",,,,정상가동,369,380,60,2018,태양광,2018-05-15,경상북도 영천시청,,2025-05-08
영우1태양광발전소,경상북도 영천시 고경면 배골길 35-27,경상북도 영천시 고경면 상리리 406,,,,정상가동,50.4,380,60,2022,태양광,2022-04-28,경상북도 영천시청,,2025-05-08
영우2태양광발전소,,경상북도 영천시 고경면 상리리 406,,,,정상가동,51.84,380,60,2022,태양광,2022-04-28,경상북도 영천시청,,2025-05-08
손민호태양광발전소,,경상북도 영천시 고경면 상리리 412-2,,,,정상가동,198,380,60,2018,태양광,2018-01-15,경상북도 영천시청,,2025-05-08
짱아태양광발전소,,경상북도 영천시 고경면 상리리 412-2,,,,정상가동,99,380,60,2018,태양광,2018-03-21,경상북도 영천시청,,2025-05-08
작은농장2호태양광발전소,,"경상북도 영천시 고경면 상리리 452, 452-1, 453",,,,정상가동,66.6,380,60,2021,태양광,2021-03-17,경상북도 영천시청,,2025-05-08
작은농장1호태양광발전소,,"경상북도 영천시 고경면 상리리 452, 452-1, 453",,,,정상가동,99.9,380,60,2021,태양광,2021-03-17,경상북도 영천시청,,2025-05-08
상리1호태양광발전소,,"경상북도 영천시 고경면 상리리 575-5, 575-7",,,,정상가동,95.13,380,60,2024,태양광,2024-05-13,경상북도 영천시청,407.71,2025-05-08
두알산업4호태양광발전소,,"경상북도 영천시 고경면 상리리 600-5, 600-6",,,,정상가동,98.94,380,60,2021,태양광,2021-06-25,경상북도 영천시청,,2025-05-08
두알산업3호태양광발전소,,"경상북도 영천시 고경면 상리리 600-5, 600-6",,,,정상가동,98.94,380,60,2021,태양광,2021-06-25,경상북도 영천시청,,2025-05-08
두알산업2호태양광발전소,,"경상북도 영천시 고경면 상리리 600-5, 600-6",,,,정상가동,98.94,380,60,2021,태양광,2021-06-25,경상북도 영천시청,,2025-05-08
두알산업1호태양광발전소,,"경상북도 영천시 고경면 상리리 600-5, 600-6",,,,정상가동,97,380,60,2021,태양광,2021-06-25,경상북도 영천시청,,2025-05-08
덕수솔라태양광발전소,경상북도 영천시 고경면 호국로 1433-106,경상북도 영천시 고경면 석계리 254,,,,정상가동,250,380,60,2016,태양광,2016-09-23,경상북도 영천시청,,2025-05-08
석계태양광발전소,,"경상북도 영천시 고경면 석계리 376-27, 276-49, 244-1",,,,정상가동,92.04,380,60,2018,태양광,2018-12-26,경상북도 영천시청,,2025-05-08
드림썬라이트818(2호)태양광발전소,,"경상북도 영천시 고경면 오룡리 1380, 1387, 1381, 1383",,,,정상가동,745.92,380,60,2018,태양광,2018-02-13,경상북도 영천시청,,2025-05-08
드림썬라이트818(1호)태양광발전소,,"경상북도 영천시 고경면 오룡리 1380, 1387, 1381, 1383",,,,정상가동,549.36,380,60,2018,태양광,2018-02-13,경상북도 영천시청,,2025-05-08
영천물산태양광발전소,,"경상북도 영천시 고경면 오류리 793-2, 793-8",,,,정상가동,99.64,380,60,2021,태양광,2021-12-17,경상북도 영천시청,,2025-05-08
㈜삼정태양광발전소7호,,경상북도 영천시 고경면 오류리 808-1,,,,정상가동,435.6,380+22900,60,2022,태양광,2022-04-19,경상북도 영천시청,,2025-05-08
늘푸른2호태양광발전소,,"경상북도 영천시 고경면 용전리 1018, 1018-2",,,,정상가동,18.6,380,60,2023,태양광,2023-12-28,경상북도 영천시청,,2025-05-08
늘푸른1호태양광발전소,,"경상북도 영천시 고경면 용전리 1018, 1018-2",,,,정상가동,98.58,380,60,2023,태양광,2023-12-28,경상북도 영천시청,,2025-05-08
㈜바이오피드태양광발전소,경상북도 영천시 고경면 추곡길 193-42,경상북도 영천시 고경면 용전리 1318,,,,정상가동,99.65,380,60,2019,태양광,2019-02-22,경상북도 영천시청,,2025-05-08
BF태양광발전소,경상북도 영천시 고경면 추곡길 193-42,경상북도 영천시 고경면 용전리 1318,,,,정상가동,94.38,380,60,2024,태양광,2024-02-20,경상북도 영천시청,,2025-05-08
㈜서광에너지태양광발전소,,경상북도 영천시 고경면 용전리 1541-44,,,,정상가동,49.5,380,60,2013,태양광,2013-11-11,경상북도 영천시청,,2025-05-08
㈜청운에너지태양광발전소,,"경상북도 영천시 고경면 용전리 1541-44, 1541-12",,,,정상가동,99,380,60,2013,태양광,2013-10-28,경상북도 영천시청,,2025-05-08
동경솔라에너지,,경상북도 영천시 고경면 용전리 산110-7,,,,정상가동,1000,22900+380,60,2014,태양광,2014-10-27,경상북도 영천시청,,2025-05-08
거상2태양광발전소,,경상북도 영천시 고경면 용전리 산50-1,,,,정상가동,98.8,380,60,2018,태양광,2018-02-09,경상북도 영천시청,,2025-05-08
봄해태양광발전소,,경상북도 영천시 고경면 용전리 산50-1,,,,정상가동,98.8,380,60,2018,태양광,2018-02-09,경상북도 영천시청,,2025-05-08
단비태양광발전소,,경상북도 영천시 고경면 용전리 산50-1,,,,정상가동,98.8,380,60,2018,태양광,2018-02-09,경상북도 영천시청,,2025-05-08
달산태양광발전소,,경상북도 영천시 고경면 용전리 산50-1,,,,정상가동,98.8,380,60,2018,태양광,2018-02-09,경상북도 영천시청,,2025-05-08
구슬태양광발전소,,경상북도 영천시 고경면 용전리 산50-1,,,,정상가동,98.8,380,60,2018,태양광,2018-02-09,경상북도 영천시청,,2025-05-08
테라태양광발전소,,경상북도 영천시 고경면 용전리 산50-1,,,,정상가동,98.8,380,60,2018,태양광,2018-02-09,경상북도 영천시청,,2025-05-08
으뜸태양광발전소,,경상북도 영천시 고경면 용전리 산50-1,,,,정상가동,98.8,380,60,2018,태양광,2018-02-09,경상북도 영천시청,,2025-05-08
마루태양광발전소,,경상북도 영천시 고경면 용전리 산50-1,,,,정상가동,98.8,380,60,2018,가스엔진발전기,2018-02-09,경상북도 영천시청,,2025-05-08
진윤태양광발전소,,경상북도 영천시 고경면 용전리 산50-1,,,,정상가동,98.8,380,60,2018,태양광,2018-02-09,경상북도 영천시청,,2025-05-08
용전10호태양광발전소,,경상북도 영천시 고경면 용전리 산50-1,,,,정상가동,499.8,380,60,2018,태양광,2023-08-25,경상북도 영천시청,,2025-05-08
씨앤비3사영점사격장태양광발전소,,"경상북도 영천시 고경면 전사리 181, 188, 194, 384, 385",,,,정상가동,513.6,380,60,2013,태양광,2013-12-19,경상북도 영천시청,,2025-05-08
만성태양광발전소,,경상북도 영천시 고경면 차당리 502,,,,정상가동,38.68,380,60,2021,태양광,2021-08-25,경상북도 영천시청,,2025-05-08
하람1호태양광발전소,,"경상북도 영천시 고경면 차당리 510-1,510-2",,,,정상가동,99.99,380,60,2023,태양광,2023-08-25,경상북도 영천시청,,2025-05-08
하람2호태양광발전소,,"경상북도 영천시 고경면 차당리 510-1,510-2",,,,정상가동,82.17,380,60,2023,태양광,2023-08-25,경상북도 영천시청,,2025-05-08
만성2호태양광발전소,,경상북도 영천시 고경면 차당리 607,,,,정상가동,26.4,380,60,2022,태양광,2022-01-26,경상북도 영천시청,,2025-05-08
칼래오태양광발전소,,"경상북도 영천시 고경면 차당리 639, 640",,,,정상가동,63.36,380,60,2018,태양광,2018-06-28,경상북도 영천시청,,2025-05-08
해모우기4태양광발전소,경상북도 영천시 고경면 효자로 187-3,경상북도 영천시 고경면 창상리 347,,,,정상가동,14.82,380,60,2019,태양광,2019-02-18,경상북도 영천시청,,2025-05-08
해모우기5태양광발전소,,"경상북도 영천시 고경면 창상리 383, 383-1, 383-2",,,,정상가동,50.4,380,60,2021,태양광,2021-08-24,경상북도 영천시청,,2025-05-08
옥자태양광발전소,경상북도 영천시 고경면 방천길 230,경상북도 영천시 고경면 창상리 442-1,,,,정상가동,99.72,380,60,2018,태양광,2018-12-05,경상북도 영천시청,,2025-05-08
창상태양광발전소,경상북도 영천시 고경면 방천길 170-3,경상북도 영천시 고경면 창상리 497-4,,,,정상가동,4,380,60,2008,태양광,2008-12-02,경상북도 영천시청,,2025-05-08
해모우기3태양광발전소,,경상북도 영천시 고경면 창상리 62-2,,,,정상가동,99,380,60,2018,태양광,2018-04-12,경상북도 영천시청,,2025-05-08
씨앤비3사연병장태양광발전소,,"경상북도 영천시 고경면 창하리 37, 41, 1148-5",,,,정상가동,499.5,380,60,2013,태양광,2013-12-21,경상북도 영천시청,,2025-05-08
사계절태양광,경상북도 영천시 고경면 청정길 104,경상북도 영천시 고경면 청정리 102,,,,정상가동,98.56,380,60,2019,태양광,2019-06-05,경상북도 영천시청,,2025-05-08
기연태양광발전소,경상북도 영천시 고경면 오릿길 48-7,경상북도 영천시 고경면 청정리 223,,,,정상가동,99.33,380,60,2019,태양광,2019-02-22,경상북도 영천시청,,2025-05-08
다산에너지,,경상북도 영천시 고경면 청정리 363,,,,정상가동,198.93,380,60,2018,태양광,2018-08-20,경상북도 영천시청,,2025-05-08
햇님태양광발전소,경상북도 영천시 고경면 오릿길 30-1,경상북도 영천시 고경면 청정리 622-9,,,,정상가동,90,380,60,2014,태양광,2014-09-04,경상북도 영천시청,,2025-05-08
대천1호태양광발전소,,"경상북도 영천시 고경면 청정리 66, 67, 69, 70",,,,정상가동,99.2,380,60,2024,태양광,2024-01-30,경상북도 영천시청,,2025-05-08
대천2호태양광발전소,,"경상북도 영천시 고경면 청정리 66, 67, 69, 70",,,,정상가동,99.2,380,60,2024,태양광,2024-01-30,경상북도 영천시청,,2025-05-08
대천3호태양광발전소,,"경상북도 영천시 고경면 청정리 66, 67, 69, 70",,,,정상가동,86.8,380,60,2024,태양광,2024-01-30,경상북도 영천시청,,2025-05-08
대천4호태양광발전소,,"경상북도 영천시 고경면 청정리 66, 67, 69, 70",,,,정상가동,26.04,380,60,2024,태양광,2024-01-30,경상북도 영천시청,,2025-05-08
대천5호태양광발전소,,경상북도 영천시 고경면 청정리 70,,,,정상가동,99.2,380,60,2024,태양광,2024-01-30,경상북도 영천시청,,2025-05-08
대천6호태양광발전소,,경상북도 영천시 고경면 청정리 70,,,,정상가동,73.16,380,60,2024,태양광,2024-01-30,경상북도 영천시청,,2025-05-08
아진2호태양광발전소,경상북도 영천시 고경면 칠전길 78,경상북도 영천시 고경면 칠전리 18-2,,,,정상가동,309.6,380,60,2017,태양광,2017-07-31,경상북도 영천시청,,2025-05-08
아진1호태양광발전소,경상북도 영천시 고경면 칠전길 78,경상북도 영천시 고경면 칠전리 18-2,,,,정상가동,362.88,380,60,2017,태양광,2017-07-31,경상북도 영천시청,,2025-05-08
㈜경원태양광발전소,경상북도 영천시 고경면 칠전길 78,경상북도 영천시 고경면 칠전리 18-2,,,,정상가동,105,380,60,2009,태양광,2009-04-29,경상북도 영천시청,,2025-05-08
서원태양광발전소,,경상북도 영천시 고경면 칠전리 산13-3,,,,정상가동,435.24,380,60,2018,태양광,2018-09-17,경상북도 영천시청,,2025-05-08
홍은태양광발전소,경상북도 영천시 고경면 배골길 218-3,경상북도 영천시 고경면 학리 293,,,,정상가동,19.44,380,60,2018,태양광,2018-09-12,경상북도 영천시청,,2025-05-08
태광1태양광발전소,,"경상북도 영천시 고경면 해선리 402-2, 408-1, 409-2",,,,정상가동,65.52,380,60,2018,태양광,2018-02-27,경상북도 영천시청,,2025-05-08
자연농장6호태양광발전소,,"경상북도 영천시 금노동 68-3, 68-4, 74, 75",,,,정상가동,98.4,380,60,2024,태양광,2024-02-20,경상북도 영천시청,,2025-05-08
자연농장7호태양광발전소,,"경상북도 영천시 금노동 68-3, 68-4, 74, 75",,,,정상가동,84,380,60,2024,태양광,2024-02-20,경상북도 영천시청,,2025-05-08
관정태양광발전소,,경상북도 영천시 금호읍 관정리 182-5,,,,정상가동,18.14,380,60,2022,태양광,2022-12-22,경상북도 영천시청,,2025-05-08
유성태양광발전소,,경상북도 영천시 금호읍 관정리 242,,,,정상가동,17.99,380,60,2022,태양광,2022-05-19,경상북도 영천시청,,2025-05-08
안을현태양광발전소1호,,경상북도 영천시 금호읍 관정리 560-13,,,,정상가동,15.02,380,60,2021,태양광,2021-08-24,경상북도 영천시청,,2025-05-08
영광농장태양광발전소,경상북도 영천시 금호읍 거여로 262-71,경상북도 영천시 금호읍 관정리 754-1,,,,정상가동,99,380,60,2014,태양광,2014-08-05,경상북도 영천시청,,2025-05-08
영광농장2호태양광발전소,경상북도 영천시 금호읍 거여로 262-71,"경상북도 영천시 금호읍 관정리 754-1, 752-1, 752-2, 753-1",,,,정상가동,99,380,60,2015,태양광,2015-08-04,경상북도 영천시청,,2025-05-08
영광농장3호태양광발전소,,"경상북도 영천시 금호읍 관정리 754-1, 752-1, 752-2, 753-1",,,,정상가동,81.42,380,60,2022,태양광,2022-07-12,경상북도 영천시청,,2025-05-08
주식회사구암마을태양광발전소,,"경상북도 영천시 금호읍 구암리 1050-1, 1050-21",,,,정상가동,156.8,220+380,60,2015,태양광,2015-07-17,경상북도 영천시청,,2025-05-08
주식회사구암태양광발전소,,경상북도 영천시 금호읍 구암리 1052 외 4필지,,,,정상가동,388.5,380,60,2016,태양광,2016-11-21,경상북도 영천시청,,2025-05-08
재경태양광발전소,,경상북도 영천시 금호읍 구암리 1158,,,,정상가동,89.6,380,60,2019,태양광,2019-11-04,경상북도 영천시청,,2025-05-08
정동만태양광발전소,,"경상북도 영천시 금호읍 구암리 1167, 1168",,,,정상가동,86.33,380,60,2021,태양광,2021-06-25,경상북도 영천시청,,2025-05-08
두진태양광발전소,,"경상북도 영천시 금호읍 구암리 1200, 1200-2, 1201, 1201-2, 1202, 1203, 1204",,,,정상가동,192,380,60,2018,태양광,2018-07-16,경상북도 영천시청,,2025-05-08
해피태양광발전소,,경상북도 영천시 금호읍 구암리 1209,,,,정상가동,70.07,380,60,2020,태양광,2020-11-11,경상북도 영천시청,,2025-05-08
한일공업태양광발전소,,"경상북도 영천시 금호읍 구암리 1327-1, 1327-2",,,,정상가동,825.3,22900,60,2022,태양광,2022-02-15,경상북도 영천시청,,2025-05-08
씨엠태양광발전소,경상북도 영천시 금호읍 영천산단로 295,경상북도 영천시 금호읍 구암리 1328-1,,,,정상가동,398.65,380,60,2017,태양광,2017-05-15,경상북도 영천시청,,2025-05-08
더월드5차태양광발전소,,경상북도 영천시 금호읍 구암리 1332-5,,,,정상가동,99.71,380,60,2023,태양광,2023-02-23,경상북도 영천시청,,2025-05-08
더월드4차태양광발전소,,경상북도 영천시 금호읍 구암리 1332-5,,,,정상가동,99.71,380,60,2023,태양광,2023-02-23,경상북도 영천시청,,2025-05-08
더월드3차태양광발전소,,경상북도 영천시 금호읍 구암리 1332-5,,,,정상가동,99.71,380,60,2023,태양광,2023-02-23,경상북도 영천시청,,2025-05-08
더월드2차태양광발전소,,경상북도 영천시 금호읍 구암리 1332-5,,,,정상가동,99.71,380,60,2023,태양광,2023-02-23,경상북도 영천시청,,2025-05-08
더월드태양광발전소,,경상북도 영천시 금호읍 구암리 1332-5,,,,정상가동,99.71,380,60,2023,태양광,2023-02-23,경상북도 영천시청,,2025-05-08
더월드7차태양광발전소,,경상북도 영천시 금호읍 구암리 1332-5,,,,정상가동,99.96,380,60,2023,태양광,2023-05-16,경상북도 영천시청,,2025-05-08
더월드8차태양광발전소,,경상북도 영천시 금호읍 구암리 1332-5,,,,정상가동,99.96,380,60,2023,태양광,2023-05-16,경상북도 영천시청,,2025-05-08
더월드9차태양광발전소,,경상북도 영천시 금호읍 구암리 1332-5,,,,정상가동,99.96,380,60,2023,태양광,2023-05-16,경상북도 영천시청,,2025-05-08
더월드10차태양광발전소,,경상북도 영천시 금호읍 구암리 1332-5,,,,정상가동,25.59,380,60,2023,태양광,2023-05-16,경상북도 영천시청,,2025-05-08
더월드6차태양광발전소,,경상북도 영천시 금호읍 구암리 1332-5,,,,정상가동,99.83,380,60,2023,태양광,2023-10-30,경상북도 영천시청,,2025-05-08
연주태양광발전소,,"경상북도 영천시 금호읍 구암리 1334-3, 1334-4",,,,정상가동,499.2,380,60,2022,태양광,2022-06-27,경상북도 영천시청,,2025-05-08
썬피치태양광발전소,,"경상북도 영천시 금호읍 구암리 174-1, 174-2, 174-4",,,,정상가동,440.64,380,60,2018,태양광,2018-06-26,경상북도 영천시청,,2025-05-08
지장태양광발전소,,경상북도 영천시 금호읍 구암리 334,,,,정상가동,85.8,380,60,2014,태양광,2014-09-04,경상북도 영천시청,,2025-05-08
씨케이에스1태양광발전소,경상북도 영천시 금호읍 구암안길 11-220,경상북도 영천시 금호읍 구암리 404-3,,,,정상가동,99.96,380,60,2023,태양광,2023-10-10,경상북도 영천시청,,2025-05-08
씨케이에스2태양광발전소,경상북도 영천시 금호읍 구암안길 11-220,경상북도 영천시 금호읍 구암리 404-3,,,,정상가동,99.96,380,60,2023,태양광,2023-10-10,경상북도 영천시청,,2025-05-08
경환태양광발전소,,경상북도 영천시 금호읍 구암리 646-6,,,,정상가동,15.3,380,60,2021,태양광,2021-05-12,경상북도 영천시청,,2025-05-08
영천바이오에너지㈜,,경상북도 영천시 금호읍 구암리 724-2,,,,정상가동,1050,380+22900,60,2018,태양광,2016-07-01,경상북도 영천시청,,2025-05-08
영천시친환경에너지타운태양광,,경상북도 영천시 금호읍 구암리 729-1 일원,,,,정상가동,294.84,380,60,2016,태양광,2016-08-25,경상북도 영천시청,,2025-05-08
문대성태양광발전소2호,,경상북도 영천시 금호읍 구암리 861,,,,정상가동,65.52,380,60,2021,태양광,2021-04-30,경상북도 영천시청,,2025-05-08
문대성태양광발전소1호,,경상북도 영천시 금호읍 구암리 861,,,,정상가동,65.52,380,60,2021,태양광,2021-04-30,경상북도 영천시청,,2025-05-08
하늘발전소,,경상북도 영천시 금호읍 구암리 산121,,,,정상가동,97.92,380,60,2018,태양광,2018-03-13,경상북도 영천시청,,2025-05-08
빛누리태양광발전소,,경상북도 영천시 금호읍 구암리 산121-4,,,,정상가동,97.92,380,60,2018,태양광,2018-03-13,경상북도 영천시청,,2025-05-08
썬라이트발전소,,경상북도 영천시 금호읍 구암리 산121-5,,,,정상가동,97.92,380,60,2018,태양광,2018-03-13,경상북도 영천시청,,2025-05-08
브니엘태양광발전소,,경상북도 영천시 금호읍 구암리 산121-6,,,,정상가동,195.84,380,60,2018,태양광,2018-03-13,경상북도 영천시청,,2025-05-08
남양햇빛발전소제2호,,경상북도 영천시 금호읍 구암리 산390-1,,,,정상가동,99.2,380,60,2016,태양광,2016-12-07,경상북도 영천시청,,2025-05-08
우리태양광발전소1호,경상북도 영천시 금호읍 강회3길 13-106,경상북도 영천시 금호읍 남성리 141-6,,,,정상가동,92.38,380,60,2024,태양광,2024-04-23,경상북도 영천시청,,2025-05-08
우리태양광발전소2호,경상북도 영천시 금호읍 강회3길 13-106,경상북도 영천시 금호읍 남성리 141-6,,,,정상가동,92.38,380,60,2024,태양광,2024-04-23,경상북도 영천시청,,2025-05-08
파가니태양광발전소,,경상북도 영천시 금호읍 남성리 141-7,,,,정상가동,84.48,380,60,2022,태양광,2022-12-01,경상북도 영천시청,,2025-05-08
두정태양광발전소,,경상북도 영천시 금호읍 남성리 144-6,,,,정상가동,71.12,380,60,2024,태양광,2024-07-16,경상북도 영천시청,322,2025-05-08
금호4태양광발전소,경상북도 영천시 금호읍 강회3길 13-120,경상북도 영천시 금호읍 남성리 147-8,,,,정상가동,151.2,380,60,2018,태양광,2018-08-27,경상북도 영천시청,,2025-05-08
신선3호태양광발전소,,"경상북도 영천시 금호읍 남성리 194, 195-1, 196",,,,정상가동,58.13,380,60,2024,태양광,2024-05-13,경상북도 영천시청,,2025-05-08
신선2호태양광발전소,,"경상북도 영천시 금호읍 남성리 194, 195-1, 196",,,,정상가동,58.13,380,60,2024,태양광,2024-05-13,경상북도 영천시청,,2025-05-08
만나에너지태양광발전소,,경상북도 영천시 금호읍 남성리 28-1,,,,정상가동,99.2,380,60,2017,태양광,2017-11-17,경상북도 영천시청,,2025-05-08
대경에너지태양광발전소,,경상북도 영천시 금호읍 남성리 28-1,,,,정상가동,99.2,380,60,2017,태양광,2017-11-17,경상북도 영천시청,,2025-05-08
고모마오르태양광발전소,,경상북도 영천시 금호읍 남성리 28-1,,,,정상가동,99.2,380,60,2017,태양광,2017-11-17,경상북도 영천시청,,2025-05-08
금호마오르태양광발전소,,경상북도 영천시 금호읍 남성리 28-1,,,,정상가동,99.2,380,60,2017,태양광,2017-11-17,경상북도 영천시청,,2025-05-08
이지태양광발전소,,경상북도 영천시 금호읍 남성리 28-1,,,,정상가동,99.2,380,60,2017,태양광,2017-11-17,경상북도 영천시청,,2025-05-08
태암태양광발전소,,경상북도 영천시 금호읍 남성리 28-1,,,,정상가동,99.2,380,60,2017,태양광,2017-11-17,경상북도 영천시청,,2025-05-08
해맑은태양광발전소,,경상북도 영천시 금호읍 남성리 28-1,,,,정상가동,99.2,380,60,2017,태양광,2017-11-17,경상북도 영천시청,,2025-05-08
금호동아태양광발전소,,경상북도 영천시 금호읍 남성리 28-1,,,,정상가동,99.2,380,60,2017,태양광,2017-11-17,경상북도 영천시청,,2025-05-08
금호남성2태양광발전소,,경상북도 영천시 금호읍 남성리 28-1,,,,정상가동,99.2,380,60,2017,태양광,2017-11-17,경상북도 영천시청,,2025-05-08
금호남성1태양광발전소,,경상북도 영천시 금호읍 남성리 28-1,,,,정상가동,99.2,380,60,2017,태양광,2017-11-17,경상북도 영천시청,,2025-05-08
삼성태양광발전소,,경상북도 영천시 금호읍 남성리 99-2,,,,정상가동,98.55,380,60,2018,태양광,2018-07-12,경상북도 영천시청,,2025-05-08
수성태양광발전소,경상북도 영천시 금호읍 어은길 119-28,경상북도 영천시 금호읍 냉천리 13-106,,,,정상가동,29.16,380,60,2020,태양광,2020-07-17,경상북도 영천시청,,2025-05-08
수성태양광발전소,경상북도 영천시 금호읍 어은길 119-28,경상북도 영천시 금호읍 냉천리 13-106,,,,정상가동,99.65,380,60,2021,태양광,2021-07-08,경상북도 영천시청,,2025-05-08
천일농산태양광발전소,,"경상북도 영천시 금호읍 냉천리 227-1, 228-1",,,,정상가동,98.4,380,60,2019,태양광,2019-02-26,경상북도 영천시청,,2025-05-08
태양4호태양광발전소,,"경상북도 영천시 금호읍 냉천리 558, 629, 630, 631",,,,정상가동,99.71,380,60,2023,태양광,2023-02-23,경상북도 영천시청,,2025-05-08
태양3호태양광발전소,,"경상북도 영천시 금호읍 냉천리 558, 629, 630, 631",,,,정상가동,99.71,380,60,2023,태양광,2023-02-23,경상북도 영천시청,,2025-05-08
태양2호태양광발전소,,"경상북도 영천시 금호읍 냉천리 558, 629, 630, 631",,,,정상가동,99.71,380,60,2023,태양광,2023-02-23,경상북도 영천시청,,2025-05-08
태양1호태양광발전소,,"경상북도 영천시 금호읍 냉천리 558, 629, 630, 631",,,,정상가동,99.71,380,60,2023,태양광,2023-02-23,경상북도 영천시청,,2025-05-08
화명태양광발전소,,경상북도 영천시 금호읍 냉천리 56-7,,,,정상가동,199.68,380,60,2023,태양광,2023-10-10,경상북도 영천시청,,2025-05-08
드림태양광발전소,,"경상북도 영천시 금호읍 냉천리 723-5, 6",,,,정상가동,99,380,60,2015,태양광,2015-02-25,경상북도 영천시청,,2025-05-08
드림태양광발전소,,"경상북도 영천시 금호읍 냉천리 723-5, 6",,,,정상가동,75.6,380,60,2018,태양광,2018-04-06,경상북도 영천시청,,2025-05-08
대곡1리태양광발전소,,경상북도 영천시 금호읍 대곡리 681,,,,정상가동,24,380,60,2023,화력,2023-10-10,경상북도 영천시청,,2025-05-08
세담태양광발전소,경상북도 영천시 금호읍 칠백로 284-5,경상북도 영천시 금호읍 대곡리 731-2,,,,정상가동,99.96,380,60,2023,태양광,2023-11-17,경상북도 영천시청,,2025-05-08
프렌즈1호태양광발전소,,경상북도 영천시 금호읍 대곡리 731-3,,,,정상가동,99.96,380,60,2023,태양광,2023-12-20,경상북도 영천시청,,2025-05-08
프렌즈2호태양광발전소,,경상북도 영천시 금호읍 대곡리 731-3,,,,정상가동,99.96,380,60,2023,태양광,2023-12-20,경상북도 영천시청,,2025-05-08
에비수산업7호태양광발전소,경상북도 영천시 금호읍 칠백로 286,경상북도 영천시 금호읍 대곡리 734,,,,정상가동,49.14,380,60,2019,태양광,2019-02-26,경상북도 영천시청,,2025-05-08
조원태양광발전소,경상북도 영천시 금호읍 칠백로 284-11,경상북도 영천시 금호읍 대곡리 734-5,,,,정상가동,99.75,380,60,2013,태양광,2013-06-03,경상북도 영천시청,,2025-05-08
조원산업2호태양광발전소,,경상북도 영천시 금호읍 대곡리 734-5,,,,정상가동,99.6,380,60,2023,태양광,2023-03-02,경상북도 영천시청,,2025-05-08
에비수산업2태양광발전소,경상북도 영천시 금호읍 칠백로 284-16,경상북도 영천시 금호읍 대곡리 789,,,,정상가동,98,380,60,2013,태양광,2013-09-02,경상북도 영천시청,,2025-05-08
에비수산업6호태양광발전소,경상북도 영천시 금호읍 칠백로 284-16,경상북도 영천시 금호읍 대곡리 789,,,,정상가동,29.25,380,60,2019,태양광,2019-06-20,경상북도 영천시청,,2025-05-08
에비수10호태양광발전소,경상북도 영천시 금호읍 칠백로 284-16,경상북도 영천시 금호읍 대곡리 789,,,,정상가동,28.93,380,60,2021,태양광,2021-03-15,경상북도 영천시청,,2025-05-08
에비수산업1태양광발전소,경상북도 영천시 금호읍 칠백로 284-37,경상북도 영천시 금호읍 대곡리 794-6,,,,정상가동,98,380,60,2013,태양광,2013-09-02,경상북도 영천시청,,2025-05-08
에비수산업3호태양광발전소,경상북도 영천시 금호읍 칠백로 284-37,경상북도 영천시 금호읍 대곡리 794-6,,,,정상가동,94.24,380,60,2015,태양광,2015-07-17,경상북도 영천시청,,2025-05-08
에비수9호태양광발전소,,경상북도 영천시 금호읍 대곡리 794-6,,,,정상가동,28.93,380,60,2021,태양광,2021-03-15,경상북도 영천시청,,2025-05-08
에비수4호태양광발전소,,경상북도 영천시 금호읍 대곡리 산132-15 외 2필지,,,,정상가동,297.6,380,60,2016,태양광,2016-01-22,경상북도 영천시청,,2025-05-08
앵무새태양광발전소,,경상북도 영천시 금호읍 대미리 754-22,,,,정상가동,20,380,60,2015,태양광,2015-06-16,경상북도 영천시청,,2025-05-08
금호농협마트1호태양광발전소,,경상북도 영천시 금호읍 덕성리 11-4,,,,정상가동,56.7,380,60,2024,태양광,2024-06-03,경상북도 영천시청,,2025-05-08
금호농협마트1호태양광발전소,,경상북도 영천시 금호읍 덕성리 11-4,,,,정상가동,56.7,380,60,2024,태양광,2024-06-03,경상북도 영천시청,246.58,2025-05-08
윤송태양광발전소,경상북도 영천시 금호읍 덕성길 80-2,경상북도 영천시 금호읍 덕성리 215-59,,,,정상가동,55.08,380,60,2017,태양광,2017-10-20,경상북도 영천시청,,2025-05-08
덕성태양광발전소,경상북도 영천시 금호읍 덕성길 80-3,경상북도 영천시 금호읍 덕성리 215-60,,,,정상가동,48.96,380,60,2017,태양광,2017-10-20,경상북도 영천시청,,2025-05-08
케이에스솔라태양광발전소,경상북도 영천시 금호읍 대구대길 38,경상북도 영천시 금호읍 덕성리 249,,,,정상가동,96.04,380,60,2021,태양광,2021-05-12,경상북도 영천시청,,2025-05-08
케이에이치솔라태양광발전소,,경상북도 영천시 금호읍 덕성리 249,,,,정상가동,96.04,380,60,2021,태양광,2021-05-12,경상북도 영천시청,,2025-05-08
금호농협강남지점2호태양광발전소,,경상북도 영천시 금호읍 덕성리 30-21,,,,정상가동,86.4,380,60,2022,태양광,2022-05-19,경상북도 영천시청,,2025-05-08
금호농협1호태양광발전소,,"경상북도 영천시 금호읍 덕성리 30-3, 30-18",,,,정상가동,98.28,380,60,2021,태양광,2021-05-12,경상북도 영천시청,,2025-05-08
주성태양광발전소,경상북도 영천시 금호읍 금창로 91,경상북도 영천시 금호읍 덕성리 31,,,,정상가동,99,380+22900,60,2014,태양광,2014-09-12,경상북도 영천시청,,2025-05-08
신성태양광발전소,,"경상북도 영천시 금호읍 덕성리 38-1, 38-2",,,,정상가동,58.28,380,60,2024,태양광,2024-03-04,경상북도 영천시청,,2025-05-08
동구태양광발전소,,경상북도 영천시 금호읍 덕성리 86 외 1필지,,,,정상가동,152.88,380,60,2018,태양광,2018-11-12,경상북도 영천시청,,2025-05-08
별빛태양광발전소,경상북도 영천시 금호읍 금호로 73,경상북도 영천시 금호읍 덕성리 금호로 73(덕성리),,,,정상가동,52.5,380,60,2014,태양광,2014-12-24,경상북도 영천시청,,2025-05-08
기림바이오태양광발전소,,"경상북도 영천시 금호읍 봉죽리 40-2, 56-1",,,,정상가동,49.88,380,60,2021,태양광,2021-08-13,경상북도 영천시청,,2025-05-08
모햇RE1004호기,,"경상북도 영천시 금호읍 삼호리 1334-3, 1334-4",,,,정상가동,249.4,380,60,2022,태양광,2024-07-12,경상북도 영천시청,,2025-05-08
사라골태양광발전소,,"경상북도 영천시 금호읍 삼호리 16-1, 17-3",,,,정상가동,15.91,380,60,2019,태양광,2019-11-19,경상북도 영천시청,,2025-05-08
영천삼호태양광발전소,경상북도 영천시 금호읍 대구대길 183-39,경상북도 영천시 금호읍 삼호리 437,,,,정상가동,299.3,380,60,2018,태양광,2018-07-16,경상북도 영천시청,,2025-05-08
세이3호태양광발전소,,"경상북도 영천시 금호읍 삼호리 439, 445",,,,정상가동,81.84,380,60,2023,태양광,2023-01-23,경상북도 영천시청,,2025-05-08
세이2호태양광발전소,,"경상북도 영천시 금호읍 삼호리 439, 445",,,,정상가동,91.76,380,60,2024,태양광,2024-01-23,경상북도 영천시청,,2025-05-08
세이1호태양광발전소,,"경상북도 영천시 금호읍 삼호리 439, 445",,,,정상가동,96.72,380,60,2024,태양광,2024-01-26,경상북도 영천시청,,2025-05-08
경애태양광발전소,,경상북도 영천시 금호읍 삼호리 462-4,,,,정상가동,29.76,380,60,2024,태양광,2024-03-15,경상북도 영천시청,130.7,2025-05-08
해광태양광발전소,,"경상북도 영천시 금호읍 삼호리 49-6, 49-7",,,,정상가동,69.12,380,60,2022,태양광,2022-03-31,경상북도 영천시청,,2025-05-08
대웅엔텍주식회사,,경상북도 영천시 금호읍 삼호리 85-2,,,,정상가동,198.9,380,60,2018,태양광,2018-05-09,경상북도 영천시청,,2025-05-08
에스디태양광발전소,경상북도 영천시 금호읍 금창로 208-8,경상북도 영천시 금호읍 삼호리 금창로 208-8,,,,정상가동,700,380+22900,60,2014,태양광,2014-10-23,경상북도 영천시청,,2025-05-08
아성태양광발전소,경상북도 영천시 금호읍 가라골길 29-48,경상북도 영천시 금호읍 삼호리 산18-1,,,,정상가동,198.8,380,60,2018,태양광,2018-04-30,경상북도 영천시청,,2025-05-08
이정태양광발전소,,"경상북도 영천시 금호읍 석섬리 525-176, 525-177, 525-178, 525-180, 525-181",,,,정상가동,99.36,380,60,2021,태양광,2021-11-10,경상북도 영천시청,,2025-05-08
금산태양광발전소,경상북도 영천시 금호읍 창산길 6,경상북도 영천시 금호읍 신대리 100-1,,,,정상가동,75.53,380,60,2019,태양광,2019-11-04,경상북도 영천시청,,2025-05-08
협성신재생에너지㈜,,경상북도 영천시 금호읍 신대리 487-2 외 14,,,,정상가동,1000,22900,60,2007,태양광,2007-02-02,경상북도 영천시청,,2025-05-08
신대태양광발전소,,"경상북도 영천시 금호읍 신대리 491-1,491-4",,,,정상가동,98.28,380,60,2024,태양광,2024-05-22,경상북도 영천시청,,2025-05-08
신대태양광발전소,,"경상북도 영천시 금호읍 신대리 491-1,491-4",,,,정상가동,98.28,380,60,2024,태양광,2024-05-22,경상북도 영천시청,479,2025-05-08
한신태양광발전소,,"경상북도 영천시 금호읍 신대리 565, 564",,,,정상가동,99.99,380,60,2023,태양광,2023-05-15,경상북도 영천시청,,2025-05-08
억수1호태양광발전소,,"경상북도 영천시 금호읍 신대리 565-10, 565-11, 565-16",,,,정상가동,96,380,60,2024,태양광,2024-02-12,경상북도 영천시청,,2025-05-08
억수2호태양광발전소,,"경상북도 영천시 금호읍 신대리 565-10, 565-11, 565-16",,,,정상가동,97.2,380,60,2024,태양광,2024-02-12,경상북도 영천시청,,2025-05-08
억수3호태양광발전소,,"경상북도 영천시 금호읍 신대리 565-10, 565-11, 565-16",,,,정상가동,36,380,60,2024,태양광,2024-02-12,경상북도 영천시청,,2025-05-08
선진태양광발전소,,경상북도 영천시 금호읍 신대리 568,,,,정상가동,98.28,380,60,2020,태양광,2020-07-21,경상북도 영천시청,,2025-05-08
꿈에태양광발전소,,경상북도 영천시 금호읍 신대리 569,,,,정상가동,98.28,380,60,2020,태양광,2020-07-21,경상북도 영천시청,,2025-05-08
신대리태양광발전소,,"경상북도 영천시 금호읍 신대리 585, 585-1, 585-2",,,,정상가동,99.23,380,60,2016,태양광,2016-10-14,경상북도 영천시청,,2025-05-08
이권희태양광발전소,,"경상북도 영천시 금호읍 신대리 617, 617-1, 618-1, 429, 428-2",,,,정상가동,99,380,60,2018,태양광,2018-01-15,경상북도 영천시청,,2025-05-08
아라1호태양광발전소,경상북도 영천시 금호읍 신대길 61,경상북도 영천시 금호읍 신대리 633-1,,,,정상가동,28,380,60,2019,태양광,2019-06-20,경상북도 영천시청,,2025-05-08
아라4호태양광발전소,경상북도 영천시 금호읍 신대길 63,경상북도 영천시 금호읍 신대리 633-2,,,,정상가동,12.58,380,60,2019,태양광,2019-11-04,경상북도 영천시청,,2025-05-08
아라3호태양광발전소,,경상북도 영천시 금호읍 신대리 633-2,,,,정상가동,19.98,380,60,2019,태양광,2019-11-04,경상북도 영천시청,,2025-05-08
김무수태양광발전소,,"경상북도 영천시 금호읍 신대리 84, 85",,,,정상가동,53.46,380,60,2018,태양광,2018-01-15,경상북도 영천시청,,2025-05-08
한결1호태양광발전소,,"경상북도 영천시 금호읍 신월리 974-6, 974-7, 974-10, 974-11, 975-3, 980-4, 980-5",,,,정상가동,96.25,380,60,2024,태양광,2024-03-27,경상북도 영천시청,,2025-05-08
한결2호태양광발전소,,"경상북도 영천시 금호읍 신월리 974-6, 974-7, 974-10, 974-11, 975-3, 980-4, 980-5",,,,정상가동,56.88,380,60,2024,태양광,2024-03-27,경상북도 영천시청,,2025-05-08
한결3호태양광발전소,,"경상북도 영천시 금호읍 신월리 974-6, 974-7, 974-10, 974-11, 975-3, 980-4, 980-5",,,,정상가동,52.5,380,60,2024,태양광,2024-03-27,경상북도 영천시청,,2025-05-08
한결5호태양광발전소,,"경상북도 영천시 금호읍 신월리 974-6, 974-7, 974-10, 974-11, 975-3, 980-4, 980-5",,,,정상가동,96.25,380,60,2024,태양광,2024-03-27,경상북도 영천시청,,2025-05-08
한결6호태양광발전소,,"경상북도 영천시 금호읍 신월리 974-6, 974-7, 974-10, 974-11, 975-3, 980-4, 980-5",,,,정상가동,56.88,380,60,2024,태양광,2024-06-13,경상북도 영천시청,245.71,2025-05-08
한결6호태양광발전소,,"경상북도 영천시 금호읍 신월리 974-6, 974-7, 974-10, 974-11, 975-3, 980-4, 980-5",,,,정상가동,50.4,380,60,2024,태양광,2024-07-12,경상북도 영천시청,,2025-05-08
약남솔라2호태양광발전소,,경상북도 영천시 금호읍 약남리 2-1,,,,정상가동,31.54,380,60,2023,태양광,2023-07-04,경상북도 영천시청,,2025-05-08
약남태양광발전소,경상북도 영천시 금호읍 가야길 83,경상북도 영천시 금호읍 약남리 440-2,,,,정상가동,28,380,60,2009,태양광,2009-02-04,경상북도 영천시청,,2025-05-08
약남태양광발전소,경상북도 영천시 금호읍 가야길 83,경상북도 영천시 금호읍 약남리 440-2,,,,정상가동,96,380,60,2018,태양광,2018-06-04,경상북도 영천시청,,2025-05-08
갈마제태양광,,경상북도 영천시 금호읍 약남리 51,,,,정상가동,33.25,380,60,2023,태양광,2023-03-13,경상북도 영천시청,,2025-05-08
약남1호태양광발전소,,경상북도 영천시 금호읍 약남리 52,,,,정상가동,99.2,380,60,2017,태양광,2017-08-24,경상북도 영천시청,,2025-05-08
약남2호태양광발전소,,경상북도 영천시 금호읍 약남리 52,,,,정상가동,99.2,380,60,2017,태양광,2017-08-24,경상북도 영천시청,,2025-05-08
약남1호태양광발전소,,경상북도 영천시 금호읍 약남리 52,,,,정상가동,99.96,380,60,2023,태양광,2023-06-01,경상북도 영천시청,,2025-05-08
약남2호태양광발전소,,경상북도 영천시 금호읍 약남리 52,,,,정상가동,99.96,380,60,2023,태양광,2023-06-01,경상북도 영천시청,,2025-05-08
SH태양광발전소,,경상북도 영천시 금호읍 약남리 716,,,,정상가동,99.9,380,60,2018,태양광,2018-03-28,경상북도 영천시청,,2025-05-08
MK태양광발전소,,"경상북도 영천시 금호읍 약남리 716, 782",,,,정상가동,99.9,380,60,2018,태양광,2018-03-28,경상북도 영천시청,,2025-05-08
수남태양광발전소,,경상북도 영천시 금호읍 약남리 875,,,,정상가동,96.36,380,60,2020,태양광,2020-12-28,경상북도 영천시청,,2025-05-08
약남3호태양광발전소,,"경상북도 영천시 금호읍 약남리 884, 885, 886, 890",,,,정상가동,99.96,380,60,2023,태양광,2023-06-01,경상북도 영천시청,,2025-05-08
약남4호태양광발전소,,"경상북도 영천시 금호읍 약남리 884, 885, 886, 890",,,,정상가동,73.26,380,60,2023,태양광,2023-11-23,경상북도 영천시청,,2025-05-08
약남솔라태양광발전소,,"경상북도 영천시 금호읍 약남리 산129-3, 산129-7",,,,정상가동,403.2,380,60,2015,태양광,2015-12-29,경상북도 영천시청,,2025-05-08
금호2호태양광발전소,,경상북도 영천시 금호읍 어은리 산57-1,,,,정상가동,99,380,60,2014,태양광,2014-09-02,경상북도 영천시청,,2025-05-08
금호1호태양광발전소,,경상북도 영천시 금호읍 어은리 산57-1 외,,,,정상가동,1498.5,380,60,2014,태양광,2014-09-02,경상북도 영천시청,,2025-05-08
금호태양광발전소,경상북도 영천시 금호읍 금창로 281-10,경상북도 영천시 금호읍 오계리 113-1,,,,정상가동,99.36,380,60,2013,태양광,2013-10-07,경상북도 영천시청,,2025-05-08
이레산업태양광발전소,경상북도 영천시 금호읍 금창로 211,경상북도 영천시 금호읍 오계리 21-3,,,,정상가동,46.02,380,60,2019,태양광,2019-04-09,경상북도 영천시청,,2025-05-08
원정2태양광발전소,경상북도 영천시 금호읍 사근달길 25-12,"경상북도 영천시 금호읍 오계리 242, 243, 245",,,,정상가동,99,380,60,2020,태양광,2020-10-15,경상북도 영천시청,,2025-05-08
원정1태양광발전소,경상북도 영천시 금호읍 사근달길 25-12,"경상북도 영천시 금호읍 오계리 242, 243, 245",,,,정상가동,99,380,60,2020,태양광,2020-10-15,경상북도 영천시청,,2025-05-08
조이솔라1호태양광발전소,경상북도 영천시 금호읍 오계공단길 1-31,경상북도 영천시 금호읍 오계리 34,,,,정상가동,99.76,380,60,2022,태양광,2022-05-17,경상북도 영천시청,,2025-05-08
조이솔라4호태양광발전소,경상북도 영천시 금호읍 오계공단길 1-31,경상북도 영천시 금호읍 오계리 34,,,,정상가동,99.76,380,60,2022,태양광,2022-05-17,경상북도 영천시청,,2025-05-08
조이솔라7호태양광발전소,경상북도 영천시 금호읍 오계공단길 1-31,경상북도 영천시 금호읍 오계리 34,,,,정상가동,99.5,380,60,2022,태양광,2022-05-17,경상북도 영천시청,,2025-05-08
조이솔라2호태양광발전소,,경상북도 영천시 금호읍 오계리 34,,,,정상가동,99.76,380,60,2022,태양광,2022-05-17,경상북도 영천시청,,2025-05-08
조이솔라3호태양광발전소,,경상북도 영천시 금호읍 오계리 34,,,,정상가동,99.76,380,60,2022,태양광,2022-05-17,경상북도 영천시청,,2025-05-08
조이솔라5호태양광발전소,,경상북도 영천시 금호읍 오계리 34,,,,정상가동,99.76,380,60,2022,태양광,2022-05-17,경상북도 영천시청,,2025-05-08
조이솔라6호태양광발전소,,경상북도 영천시 금호읍 오계리 34,,,,정상가동,99.76,380,60,2022,태양광,2022-05-17,경상북도 영천시청,,2025-05-08
조이솔라8호태양광발전소,,경상북도 영천시 금호읍 오계리 34,,,,정상가동,29.58,380,60,2022,태양광,2022-05-17,경상북도 영천시청,,2025-05-08
조이솔라11호태양광발전소,,경상북도 영천시 금호읍 오계리 34,,,,정상가동,99.5,380,60,2022,태양광,2022-05-17,경상북도 영천시청,,2025-05-08
아침햇살발전소,경상북도 영천시 금호읍 오계공단길 1-15,경상북도 영천시 금호읍 오계리 38-1,,,,정상가동,29.68,380,60,2021,태양광,2021-07-15,경상북도 영천시청,,2025-05-08
점심햇살발전소,,경상북도 영천시 금호읍 오계리 38-1,,,,정상가동,99.64,380,60,2021,태양광,2021-07-15,경상북도 영천시청,,2025-05-08
부림3태양광발전소,경상북도 영천시 금호읍 오계공단길 1-7,경상북도 영천시 금호읍 오계리 38-3,,,,정상가동,99.84,380,60,2021,태양광,2021-10-01,경상북도 영천시청,,2025-05-08
부림1태양광발전소,경상북도 영천시 금호읍 오계공단길 1-7,경상북도 영천시 금호읍 오계리 38-3,,,,정상가동,99.84,380,60,2021,태양광,2021-10-01,경상북도 영천시청,,2025-05-08
부림2태양광발전소,,경상북도 영천시 금호읍 오계리 38-3,,,,정상가동,99.84,380,60,2021,태양광,2021-10-01,경상북도 영천시청,,2025-05-08
플러스에너지태양광발전소,,경상북도 영천시 금호읍 오계리 46-16,,,,정상가동,62.1,380,60,2021,태양광,2021-11-02,경상북도 영천시청,,2025-05-08
신성1태양광발전소,,경상북도 영천시 금호읍 오계리 46-8,,,,정상가동,99.5,380,60,2023,태양광,2023-03-23,경상북도 영천시청,,2025-05-08
웅테크태양광발전소,,경상북도 영천시 금호읍 오계리 46-9,,,,정상가동,115.24,380,60,2021,태양광,2021-09-09,경상북도 영천시청,,2025-05-08
성일태양광발전소1호,경상북도 영천시 금호읍 오계공단길 33-14,경상북도 영천시 금호읍 오계리 56-17,,,,정상가동,99,380,60,2022,태양광,2024-01-09,경상북도 영천시청,,2025-05-08
성일태양광발전소3호,,경상북도 영천시 금호읍 오계리 56-17,,,,정상가동,66.5,380,60,2022,태양광,2024-01-09,경상북도 영천시청,,2025-05-08
성일태양광발전소2호,,경상북도 영천시 금호읍 오계리 56-17,,,,정상가동,99.5,380,60,2022,태양광,2024-01-09,경상북도 영천시청,,2025-05-08
경천산업1호태양광발전소,,"경상북도 영천시 금호읍 오계리 56-20, 56-1, 56-2, 56-19,   56-32, 56-33, 56-34, 56-35, 56-36",,,,정상가동,499.32,380,60,2018,태양광,2018-07-16,경상북도 영천시청,,2025-05-08
천우1태양광발전소,경상북도 영천시 금호읍 오계공단길 27,경상북도 영천시 금호읍 오계리 56-24,,,,정상가동,99.83,380,60,2023,태양광,2023-12-21,경상북도 영천시청,,2025-05-08
천우2태양광발전소,경상북도 영천시 금호읍 오계공단길 27,경상북도 영천시 금호읍 오계리 56-24,,,,정상가동,99.83,380,60,2023,태양광,2023-12-21,경상북도 영천시청,,2025-05-08
천우3태양광발전소,경상북도 영천시 금호읍 오계공단길 27,경상북도 영천시 금호읍 오계리 56-24,,,,정상가동,221.78,380,60,2023,태양광,2023-12-21,경상북도 영천시청,,2025-05-08
(주)부흥산업태양광발전소,,경상북도 영천시 금호읍 오계리 56-30,,,,정상가동,199.49,380,60,2023,태양광,2023-04-12,경상북도 영천시청,,2025-05-08
삼오테크태양광발전소,,경상북도 영천시 금호읍 오계리 83,,,,정상가동,149.27,380,60,2022,태양광,2022-10-14,경상북도 영천시청,,2025-05-08
성지수출포장,경상북도 영천시 금호읍 금창로 271,경상북도 영천시 금호읍 오계리 87,,,,정상가동,199.6,380,60,2019,태양광,2019-01-07,경상북도 영천시청,,2025-05-08
창신태양광발전소,경상북도 영천시 금호읍 금창로 281-11,경상북도 영천시 금호읍 오계리 금창로281-11,,,,정상가동,97.92,380,60,2018,태양광,2018-03-29,경상북도 영천시청,,2025-05-08
영천오영석태양광발전소,,"경상북도 영천시 금호읍 원기리 190, 191",,,,정상가동,98.55,380,60,2018,태양광,2018-07-11,경상북도 영천시청,,2025-05-08
문호태양광발전소,,경상북도 영천시 금호읍 원제리 323-1,,,,정상가동,18.72,380,60,2022,태양광,2022-03-31,경상북도 영천시청,,2025-05-08
대향태양광발전소,,경상북도 영천시 금호읍 원제리 442,,,,정상가동,19.72,380,60,2023,태양광,2023-03-02,경상북도 영천시청,,2025-05-08
동아솔라에너지태양광발전소,경상북도 영천시 금호읍 금호로 303,경상북도 영천시 금호읍 원제리 623,,,,정상가동,99.37,380,60,2014,태양광,2014-04-10,경상북도 영천시청,,2025-05-08
허만환태양광발전소,,"경상북도 영천시 금호읍 호남리 677, 678-1",,,,정상가동,198,380,60,2018,태양광,2018-06-08,경상북도 영천시청,,2025-05-08
JS솔라태양광발전소,,경상북도 영천시 금호읍 호남리 705 외5필지,,,,정상가동,94.5,380,60,2014,태양광,2014-04-02,경상북도 영천시청,,2025-05-08
부광솔라태양광발전소,,경상북도 영천시 금호읍 호남리 705 외5필지,,,,정상가동,94.5,380,60,2014,태양광,2014-04-02,경상북도 영천시청,,2025-05-08
위드솔라태양광발전소,,경상북도 영천시 금호읍 호남리 705 외5필지,,,,정상가동,94.5,380,60,2014,태양광,2014-04-02,경상북도 영천시청,,2025-05-08
호원태양광발전소,,"경상북도 영천시 금호읍 호남리 산4-1, 약남리 산46",,,,정상가동,450,380,60,2018,태양광,2018-06-04,경상북도 영천시청,,2025-05-08
(주)호원솔라태양광발전소,,"경상북도 영천시 금호읍 호남리 산4-1, 약남리 산46",,,,정상가동,999,22900,60,2018,태양광,2018-06-04,경상북도 영천시청,,2025-05-08
㈜상수태양광,,"경상북도 영천시 금호읍 호남리 산4-1, 약남리 산46",,,,정상가동,999,22900,60,2018,태양광,2018-06-04,경상북도 영천시청,,2025-05-08
안을현태양광발전소2호,경상북도 영천시 금호읍 관지길 4-5,경상북도 영천시 금호읍 황정리 434,,,,정상가동,12.74,380,60,2021,태양광,2021-08-24,경상북도 영천시청,,2025-05-08
한길태양광발전소,경상북도 영천시 금호읍 거여로 388-42,경상북도 영천시 금호읍 황정리 55-1,,,,정상가동,316.8,380,60,2018,태양광,2018-09-06,경상북도 영천시청,,2025-05-08
한길2호태양광발전소,,경상북도 영천시 금호읍 황정리 55-1 외 1필지,,,,정상가동,178.56,380,60,2019,태양광,2019-05-10,경상북도 영천시청,,2025-05-08
에덴태양광발전소,,"경상북도 영천시 금호읍 황정리 697, 703",,,,정상가동,467.2,380+220,60,2018,태양광,2018-11-12,경상북도 영천시청,,2025-05-08
최승태양광발전소,경상북도 영천시 금호읍 거여로 388-59,경상북도 영천시 금호읍 황정리 793-65,,,,정상가동,99.6,380,60,2020,태양광,2020-03-12,경상북도 영천시청,,2025-05-08
최승1태양광발전소,경상북도 영천시 금호읍 거여로 388-59,경상북도 영천시 금호읍 황정리 793-65,,,,정상가동,99.84,380,60,2021,태양광,2021-11-01,경상북도 영천시청,,2025-05-08
에듀파크태양광발전소,경상북도 영천시 동강포길 25-2,경상북도 영천시 남부동 713,,,,정상가동,183.25,380,60,2017,태양광,2017-05-16,경상북도 영천시청,,2025-05-08
마티아3호태양광발전소,,"경상북도 영천시 남부동 괴연동 481, 484, 486-1, 486-3",,,,정상가동,97.44,380,60,2021,태양광,2021-10-19,경상북도 영천시청,,2025-05-08
마티아2호태양광발전소,,"경상북도 영천시 남부동 괴연동 481, 484, 486-1, 486-3",,,,정상가동,97.44,380,60,2021,태양광,2021-10-19,경상북도 영천시청,,2025-05-08
마티아1호태양광발전소,,"경상북도 영천시 남부동 괴연동 481, 484, 486-1, 486-3",,,,정상가동,97.44,380,60,2021,태양광,2021-10-19,경상북도 영천시청,,2025-05-08
마티아4호태양광발전소,,"경상북도 영천시 남부동 괴연동 481, 484, 486-1, 486-3",,,,정상가동,99.76,380,60,2021,태양광,2021-11-24,경상북도 영천시청,,2025-05-08
은호2호태양광발전소,경상북도 영천시 남촌강변길 43,"경상북도 영천시 남부동 금노동 411-1, 411-2, 417-1",,,,정상가동,99.6,380,60,2020,태양광,2020-07-01,경상북도 영천시청,,2025-05-08
은호1호태양광발전소,경상북도 영천시 남촌강변길 43,"경상북도 영천시 남부동 금노동 411-1, 411-2, 417-1",,,,정상가동,99.6,380,60,2020,태양광,2020-07-01,경상북도 영천시청,,2025-05-08
지오웨이브태양광발전소,,경상북도 영천시 남부동 금노동 492-61,,,,정상가동,19.68,380,60,2021,태양광,2021-08-02,경상북도 영천시청,,2025-05-08
제이씨그린영천23-1호태양광발전소,,경상북도 영천시 남부동 도남동 199,,,,정상가동,528.22,22900,60,2021,태양광,2021-04-19,경상북도 영천시청,,2025-05-08
세민5호태양광발전소,,"경상북도 영천시 남부동 도동 193-2, 193-3, 193-14, 193-15",,,,정상가동,99.96,380,60,2022,태양광,2022-12-08,경상북도 영천시청,,2025-05-08
세민4호태양광발전소,,"경상북도 영천시 남부동 도동 193-2, 193-3, 193-14, 193-15",,,,정상가동,99.96,380,60,2022,태양광,2022-12-08,경상북도 영천시청,,2025-05-08
세민3호태양광발전소,,"경상북도 영천시 남부동 도동 193-2, 193-3, 193-14, 193-15",,,,정상가동,99.96,380,60,2022,태양광,2022-12-08,경상북도 영천시청,,2025-05-08
세민2호태양광발전소,,"경상북도 영천시 남부동 도동 193-2, 193-3, 193-14, 193-15",,,,정상가동,99.96,380,60,2022,태양광,2022-12-08,경상북도 영천시청,,2025-05-08
세민1호태양광발전소,,"경상북도 영천시 남부동 도동 193-2, 193-3, 193-14, 193-15",,,,정상가동,99.96,380,60,2022,태양광,2022-12-08,경상북도 영천시청,,2025-05-08
은혜2호태양광발전소,,"경상북도 영천시 남부동 도동 193-2, 193-3, 193-14, 193-15",,,,정상가동,99.96,380,60,2022,태양광,2022-12-08,경상북도 영천시청,,2025-05-08
은혜1호태양광발전소,,"경상북도 영천시 남부동 도동 193-2, 193-3, 193-14, 193-15",,,,정상가동,99.96,380,60,2022,태양광,2022-12-08,경상북도 영천시청,,2025-05-08
주남태양광발전소,,"경상북도 영천시 남부동 도동 224-7, 224-8",,,,정상가동,49.98,380,60,2023,태양광,2023-05-16,경상북도 영천시청,,2025-05-08
동보태양광발전소,,"경상북도 영천시 남부동 도동 655, 675-4",,,,정상가동,55.2,380,60,2022,태양광,2022-03-11,경상북도 영천시청,,2025-05-08
제이에스일렉트릭2호태양광발전소,,경상북도 영천시 남부동 도동 669,,,,정상가동,19.2,380,60,2022,태양광,2022-03-03,경상북도 영천시청,,2025-05-08
제이에스일렉트릭1호태양광발전소,,경상북도 영천시 남부동 도동 669-2,,,,정상가동,99.36,380,60,2022,태양광,2022-03-03,경상북도 영천시청,,2025-05-08
모아태양광발전소,,경상북도 영천시 남부동 도동 729-1,,,,정상가동,91.2,380,60,2021,태양광,2021-10-15,경상북도 영천시청,,2025-05-08
김성환1호태양광발전소,,"경상북도 영천시 남부동 범어동 670, 671, 666-2, 665, 667-2",,,,정상가동,198,380,60,2018,태양광,2018-05-15,경상북도 영천시청,,2025-05-08
김성환2호태양광발전소,,"경상북도 영천시 남부동 범어동 670, 671, 666-2, 665, 667-2",,,,정상가동,198,380,60,2018,태양광,2018-05-15,경상북도 영천시청,,2025-05-08
(주)영남태양광발전소,,경상북도 영천시 남부동 범어동 801 외 1필지,,,,정상가동,748.8,22900,60,2017,태양광,2017-02-07,경상북도 영천시청,,2025-05-08
은화태양광발전소,,경상북도 영천시 남부동 범어동 825-1,,,,정상가동,29,380,60,2008,태양광,2008-12-17,경상북도 영천시청,,2025-05-08
은화2태양광발전소,,경상북도 영천시 남부동 범어동 825-1,,,,정상가동,29,380,60,2008,태양광,2008-12-22,경상북도 영천시청,,2025-05-08
태양에너지,,경상북도 영천시 남부동 범어동 825-1,,,,정상가동,29,380,60,2008,태양광,2008-12-22,경상북도 영천시청,,2025-05-08
영천햇빛고을태양광발전소,,경상북도 영천시 남부동 범어동 산85-1 외 4필지,,,,정상가동,499.8,380,60,2008,태양광,2008-03-28,경상북도 영천시청,,2025-05-08
태화4호태양광발전소,,"경상북도 영천시 남부동 봉동 618-6, 626-1",,,,정상가동,97,380,60,2022,태양광,2022-05-04,경상북도 영천시청,,2025-05-08
태화3호태양광발전소,,"경상북도 영천시 남부동 봉동 618-6, 626-1",,,,정상가동,99.76,380,60,2022,태양광,2022-05-04,경상북도 영천시청,,2025-05-08
㈜재원에너지영천태양광발전소,,경상북도 영천시 남부동 작산동 136,,,,정상가동,595.2,380,60,2014,태양광,2014-08-25,경상북도 영천시청,,2025-05-08
작산태양광발전소,,경상북도 영천시 남부동 작산동 143-1,,,,정상가동,105.26,380,60,2018,태양광,2018-06-18,경상북도 영천시청,,2025-05-08
햇살그린발전소632호,,경상북도 영천시 남부동 작산동 206-5,,,,정상가동,97.6,380,60,2024,태양광,2024-03-26,경상북도 영천시청,,2025-05-08
햇살그린발전소633호,,경상북도 영천시 남부동 작산동 206-5,,,,정상가동,97.6,380,60,2024,태양광,2024-03-26,경상북도 영천시청,,2025-05-08
햇살그린발전소634호,,경상북도 영천시 남부동 작산동 206-5,,,,정상가동,97.6,380,60,2024,태양광,2024-03-26,경상북도 영천시청,,2025-05-08
동서2태양광발전소,,경상북도 영천시 남부동 작산동 67-4,,,,정상가동,91,380,60,2021,태양광,2021-10-29,경상북도 영천시청,,2025-05-08
동서1태양광발전소,,경상북도 영천시 남부동 작산동 67-4,,,,정상가동,99.19,380,60,2021,태양광,2021-10-29,경상북도 영천시청,,2025-05-08
규목2호태양광발전소,,"경상북도 영천시 남부동 채신동 101, 102",,,,정상가동,99.5,380,60,2023,태양광,2023-03-24,경상북도 영천시청,,2025-05-08
규목3호태양광발전소,,"경상북도 영천시 남부동 채신동 101, 102",,,,정상가동,73,380,60,2023,태양광,2023-03-24,경상북도 영천시청,,2025-05-08
규목1호태양광발전소,,"경상북도 영천시 남부동 채신동 101, 102",,,,정상가동,99.5,380,60,2023,태양광,2023-03-24,경상북도 영천시청,,2025-05-08
장관태양광발전소,,"경상북도 영천시 남부동 채신동 619-1, 619-6, 619-7",,,,정상가동,98.28,380,60,2019,태양광,2019-08-23,경상북도 영천시청,,2025-05-08
이현태양광발전소,,"경상북도 영천시 남부동 채신동 619-1, 758",,,,정상가동,98.28,380,60,2019,태양광,2019-08-23,경상북도 영천시청,,2025-05-08
하이이엔지태양광발전소,,경상북도 영천시 남부동 채신동 643-3,,,,정상가동,151.2,380,60,2024,태양광,2024-07-22,경상북도 영천시청,670.87,2025-05-08
영광팩태양광발전소,,경상북도 영천시 남부동 채신동 656-11,,,,정상가동,99.33,380,60,2019,태양광,2019-01-28,경상북도 영천시청,,2025-05-08
㈜한중태양광발전소,,경상북도 영천시 남부동 채신동 754,,,,정상가동,1198,380,60,2014,태양광,2014-01-27,경상북도 영천시청,,2025-05-08
보경태양광발전소,,경상북도 영천시 남부동 채신동 759-2,,,,정상가동,99,380,60,2018,태양광,2015-02-16,경상북도 영천시청,,2025-05-08
에이스에너지태양광발전소,,경상북도 영천시 남부동 채신동 759-2,,,,정상가동,87.36,380,60,2020,태양광,2020-10-15,경상북도 영천시청,,2025-05-08
몽골선교태양광발전소,,경상북도 영천시 남부동 채신동 759-2,,,,정상가동,98.28,380,60,2020,태양광,2020-10-15,경상북도 영천시청,,2025-05-08
보경2태양광발전소,,경상북도 영천시 남부동 채신동 759-2,,,,정상가동,98.28,380,60,2020,태양광,2020-10-15,경상북도 영천시청,,2025-05-08
보경태양광발전소,,경상북도 영천시 남부동 채신동 759-2,,,,정상가동,98.28,380,60,2020,태양광,2020-10-15,경상북도 영천시청,,2025-05-08
니나1호태양광발전소,,경상북도 영천시 남부동 채신동 763-3,,,,정상가동,349.86,380,60,2022,태양광,2022-12-26,경상북도 영천시청,,2025-05-08
강회태양광발전소,,"경상북도 영천시 대창면 강회리 210-2, 210-3, 210-4, 213-1",,,,정상가동,99.84,380,60,2022,태양광,2022-01-04,경상북도 영천시청,,2025-05-08
사랑태양광발전소,,"경상북도 영천시 대창면 강회리 210-2, 210-3, 210-4, 213-1",,,,정상가동,49.92,380,60,2022,태양광,2022-01-27,경상북도 영천시청,,2025-05-08
제일태양광발전소,,"경상북도 영천시 대창면 강회리 210-2, 210-3, 210-4, 213-1",,,,정상가동,49.92,380,60,2022,태양광,2022-01-27,경상북도 영천시청,,2025-05-08
영천농원태양광발전소,,"경상북도 영천시 대창면 강회리 241, 243-1",,,,정상가동,99.96,380,60,2024,태양광,2024-01-24,경상북도 영천시청,,2025-05-08
한국위더스1호태양광발전소,,"경상북도 영천시 대창면 강회리 264-4, 273-2",,,,정상가동,99.84,380,60,2022,태양광,2022-02-08,경상북도 영천시청,,2025-05-08
한국위더스2호태양광발전소,,"경상북도 영천시 대창면 강회리 264-5, 273-3",,,,정상가동,99.84,380,60,2022,태양광,2022-02-08,경상북도 영천시청,,2025-05-08
서본1호태양광발전소,,"경상북도 영천시 대창면 강회리 355, 355-3, 365, 366, 358",,,,정상가동,98.4,380,60,2024,태양광,2024-02-05,경상북도 영천시청,,2025-05-08
서본2호태양광발전소,,"경상북도 영천시 대창면 강회리 355, 355-3, 365, 366, 358",,,,정상가동,98.4,380,60,2024,태양광,2024-02-05,경상북도 영천시청,,2025-05-08
서본3호태양광발전소,,"경상북도 영천시 대창면 강회리 355, 355-3, 365, 366, 358",,,,정상가동,68.4,380,60,2024,태양광,2024-02-05,경상북도 영천시청,,2025-05-08
썬라이즈태양광발전소,경상북도 영천시 대창면 강회3길 66-6,경상북도 영천시 대창면 강회리 444-2,,,,정상가동,73.04,380,60,2020,태양광,2020-03-06,경상북도 영천시청,,2025-05-08
㈜진일산업태양광발전소,경상북도 영천시 대창면 강회3길 13-81,경상북도 영천시 대창면 강회리 513-10,,,,정상가동,267.84,380,60,2021,태양광,2021-12-10,경상북도 영천시청,,2025-05-08
현영훈태양광발전소2호,경상북도 영천시 대창면 강회2길 89-43,경상북도 영천시 대창면 강회리 541-1,,,,정상가동,63.48,380,60,2021,태양광,2021-10-18,경상북도 영천시청,,2025-05-08
구교진태양광발전소,,경상북도 영천시 대창면 강회리 91,,,,정상가동,68.5,380,60,2022,태양광,2022-10-12,경상북도 영천시청,,2025-05-08
구교진태양광발전소2호,,경상북도 영천시 대창면 강회리 91,,,,정상가동,65.5,380,60,2022,태양광,2022-11-28,경상북도 영천시청,,2025-05-08
대양태양광발전소,,경상북도 영천시 대창면 구지리,,,,정상가동,99,380,60,2017,태양광,2017-11-10,경상북도 영천시청,,2025-05-08
영숙태양광발전소,경상북도 영천시 대창면 용대로 1020,경상북도 영천시 대창면 구지리 1,,,,정상가동,74.25,380,60,2015,태양광,2015-08-04,경상북도 영천시청,,2025-05-08
구덕태양광발전소,,경상북도 영천시 대창면 구지리 1179,,,,정상가동,99.84,380,60,2022,태양광,2022-02-23,경상북도 영천시청,,2025-05-08
초록농장태양광발전소,,경상북도 영천시 대창면 구지리 1225-1,,,,정상가동,54.32,380,60,2021,태양광,2021-07-08,경상북도 영천시청,,2025-05-08
금박농원태양광발전소,,"경상북도 영천시 대창면 구지리 1230-1, 1231-3",,,,정상가동,99.37,380,60,2023,태양광,2023-03-02,경상북도 영천시청,,2025-05-08
범영2태양광발전소,,"경상북도 영천시 대창면 구지리 164, 164-1, 168-1, 168-2",,,,정상가동,79.79,380,60,2022,태양광,2022-12-02,경상북도 영천시청,,2025-05-08
범영1태양광발전소,,"경상북도 영천시 대창면 구지리 164, 164-1, 168-1, 168-2",,,,정상가동,99.49,380,60,2022,태양광,2022-12-02,경상북도 영천시청,,2025-05-08
도럴태양광발전소,,"경상북도 영천시 대창면 구지리 165, 165-1, 1338",,,,정상가동,97.44,380,60,2023,태양광,2023-04-03,경상북도 영천시청,,2025-05-08
내마음처럼태양광발전소,,"경상북도 영천시 대창면 구지리 165, 165-1, 1338",,,,정상가동,97.44,380,60,2023,태양광,2023-04-03,경상북도 영천시청,,2025-05-08
썬태양광발전소,,"경상북도 영천시 대창면 구지리 165, 165-1, 1338",,,,정상가동,97.44,380,60,2023,태양광,2023-04-03,경상북도 영천시청,,2025-05-08
한국메탈태양광발전소,경상북도 영천시 대창면 금박로 776-11,경상북도 영천시 대창면 구지리 금박로 1153,,,,정상가동,99.9,380+220,60,2019,태양광,2019-08-23,경상북도 영천시청,,2025-05-08
한결쏠라,경상북도 영천시 대창면 금박로 744-100,경상북도 영천시 대창면 금박로 744-100,,,,정상가동,295.65,380+220,60,2019,태양광,2019-01-04,경상북도 영천시청,,2025-05-08
대재리태양광발전소,경상북도 영천시 대창면 칠백로 64-22,경상북도 영천시 대창면 대재리 244,,,,정상가동,59.52,380,60,2015,태양광,2015-07-21,경상북도 영천시청,,2025-05-08
대재리5호태양광발전소,,"경상북도 영천시 대창면 대재리 244-1, 245",,,,정상가동,19.92,380,60,2020,태양광,2020-06-30,경상북도 영천시청,,2025-05-08
영광태양광발전소,,경상북도 영천시 대창면 대재리 295,,,,정상가동,74.4,380,60,2023,태양광,2023-12-29,경상북도 영천시청,,2025-05-08
대동태양광발전소,,"경상북도 영천시 대창면 대재리 344-3, 343-5",,,,정상가동,85.09,380,60,2021,태양광,2021-09-06,경상북도 영천시청,,2025-05-08
대구3태양광발전소,경상북도 영천시 대창면 금창로 724,경상북도 영천시 대창면 대재리 379-2,,,,정상가동,99.84,380,60,2022,태양광,2022-02-03,경상북도 영천시청,,2025-05-08
대구2태양광발전소,,경상북도 영천시 대창면 대재리 379-2,,,,정상가동,99.84,380,60,2022,태양광,2022-02-03,경상북도 영천시청,,2025-05-08
대구태양광발전소,,경상북도 영천시 대창면 대재리 385-3,,,,정상가동,66.24,380,60,2021,태양광,2021-12-10,경상북도 영천시청,,2025-05-08
동흥태양광발전소,,"경상북도 영천시 대창면 대재리 391-1, 393, 394, 395",,,,정상가동,99.49,380,60,2022,태양광,2022-12-15,경상북도 영천시청,,2025-05-08
세동태양광발전소,,"경상북도 영천시 대창면 대재리 399-1, 400-1",,,,정상가동,78.24,380,60,2022,태양광,2022-05-10,경상북도 영천시청,,2025-05-08
경북태양광발전소,경상북도 영천시 대창면 금창로 729,경상북도 영천시 대창면 대재리 401-1,,,,정상가동,99.65,380,60,2021,태양광,2021-09-24,경상북도 영천시청,,2025-05-08
상영태양광발전소,,경상북도 영천시 대창면 대재리 587,,,,정상가동,99.49,380,60,2023,태양광,2023-01-20,경상북도 영천시청,,2025-05-08
대재리4호태양광발전소,,경상북도 영천시 대창면 대재리 596,,,,정상가동,19.92,380,60,2019,태양광,2019-11-19,경상북도 영천시청,,2025-05-08
서희농장태양광발전소2호,,"경상북도 영천시 대창면 대재리 755, 756, 산8-3",,,,정상가동,99.9,380,60,2022,태양광,2022-02-08,경상북도 영천시청,,2025-05-08
서희농장태양광발전소1호,,"경상북도 영천시 대창면 대재리 755, 756, 산8-3",,,,정상가동,99.9,380,60,2022,태양광,2022-02-08,경상북도 영천시청,,2025-05-08
매일2태양광발전소,,경상북도 영천시 대창면 대재리 799,,,,정상가동,99.49,380,60,2022,태양광,2022-12-02,경상북도 영천시청,,2025-05-08
대영1호태양광발전소,경상북도 영천시 대창면 용대로 1030,경상북도 영천시 대창면 대창리 1001,,,,정상가동,98.55,380,60,2018,태양광,2018-04-10,경상북도 영천시청,,2025-05-08
대영2호태양광발전소,"경상북도 영천시 대창면 용대로 1030, 1030-1","경상북도 영천시 대창면 대창리 1001, 1047",,,,정상가동,221.2,380,60,2019,태양광,2019-08-21,경상북도 영천시청,,2025-05-08
대창태양광발전소,,경상북도 영천시 대창면 대창리 1041-9,,,,정상가동,99.36,380,60,2022,태양광,2022-03-03,경상북도 영천시청,,2025-05-08
대창태양광발전소,,경상북도 영천시 대창면 대창리 1041-9,,,,정상가동,18.6,380,60,2024,태양광,2024-05-13,경상북도 영천시청,,2025-05-08
화진태양광발전소,경상북도 영천시 대창면 금창로 558,"경상북도 영천시 대창면 대창리 1076-7, 1076-152",,,,정상가동,97.11,380,60,2020,태양광,2020-03-19,경상북도 영천시청,,2025-05-08
그린1호태양광발전소,경상북도 영천시 대창면 금창로 515-53,경상북도 영천시 대창면 대창리 188-2,,,,정상가동,84.24,380,60,2019,태양광,2019-10-23,경상북도 영천시청,,2025-05-08
그린2호태양광발전소,경상북도 영천시 대창면 금창로 515-53,경상북도 영천시 대창면 대창리 188-3,,,,정상가동,74.88,380,60,2019,태양광,2019-10-23,경상북도 영천시청,,2025-05-08
화성태양광발전소,경상북도 영천시 대창면 금창로 549-51,경상북도 영천시 대창면 대창리 203,,,,정상가동,99.84,380,60,2022,태양광,2022-05-31,경상북도 영천시청,,2025-05-08
이레태양광발전소,,경상북도 영천시 대창면 대창리 277,,,,정상가동,29.8,380,60,2022,태양광,2022-12-19,경상북도 영천시청,,2025-05-08
화성2태양광발전소,,"경상북도 영천시 대창면 대창리 289, 290",,,,정상가동,99.49,380,60,2022,태양광,2022-12-23,경상북도 영천시청,,2025-05-08
화성1태양광발전소,,"경상북도 영천시 대창면 대창리 289, 290",,,,정상가동,99.49,380,60,2022,태양광,2022-12-23,경상북도 영천시청,,2025-05-08
경북농장태양광발전소,,"경상북도 영천시 대창면 대창리 328, 329, 331",,,,정상가동,127.92,380,60,2024,태양광,2024-05-13,경상북도 영천시청,,2025-05-08
경북농장태양광발전소,,"경상북도 영천시 대창면 대창리 328, 329, 331",,,,정상가동,127.92,380,60,2024,태양광,2024-05-13,경상북도 영천시청,1612.78,2025-05-08
참한우1호태양광발전소,,경상북도 영천시 대창면 대창리 353,,,,정상가동,99.38,380,60,2024,태양광,2024-05-13,경상북도 영천시청,434.07,2025-05-08
참한우2호태양광발전소,,경상북도 영천시 대창면 대창리 353,,,,정상가동,58.13,380,60,2024,태양광,2024-05-13,경상북도 영천시청,253.89,2025-05-08
김성욱태양광발전소2호,,경상북도 영천시 대창면 대창리 445,,,,정상가동,99.76,380,60,2021,태양광,2021-11-17,경상북도 영천시청,,2025-05-08
김성욱태양광발전소3호,경상북도 영천시 대창면 신당길 26-40,경상북도 영천시 대창면 대창리 445,,,,정상가동,67.2,380,60,2022,태양광,2022-04-20,경상북도 영천시청,,2025-05-08
김성욱태양광발전소1호,,경상북도 영천시 대창면 대창리 447,,,,정상가동,99.76,380,60,2021,태양광,2021-11-17,경상북도 영천시청,,2025-05-08
현서1호태양광발전소,경상북도 영천시 대창면 신당길 26-42,경상북도 영천시 대창면 대창리 448,,,,정상가동,96,380,60,2023,태양광,2023-11-29,경상북도 영천시청,,2025-05-08
현서2호태양광발전소,경상북도 영천시 대창면 신당길 26-42,경상북도 영천시 대창면 대창리 448,,,,정상가동,96,380,60,2023,태양광,2023-11-29,경상북도 영천시청,,2025-05-08
구완2태양광발전소,,"경상북도 영천시 대창면 대창리 500, 501, 503, 513, 515, 516-1",,,,정상가동,79.68,380,60,2022,태양광,2022-06-24,경상북도 영천시청,,2025-05-08
구완1태양광발전소,,"경상북도 영천시 대창면 대창리 500, 501, 503, 513, 515, 516-1",,,,정상가동,99.84,380,60,2022,태양광,2022-06-24,경상북도 영천시청,,2025-05-08
현재호태양광발전소1호,,"경상북도 영천시 대창면 대창리 51-18, 51-19, 51-20",,,,정상가동,46.4,380,60,2021,태양광,2021-10-21,경상북도 영천시청,,2025-05-08
현재준태양광발전소1호,,"경상북도 영천시 대창면 대창리 51-18, 51-19, 51-20",,,,정상가동,99.72,380,60,2021,태양광,2021-10-21,경상북도 영천시청,,2025-05-08
현영임태양광발전소,,경상북도 영천시 대창면 대창리 582,,,,정상가동,33.6,380,60,2023,태양광,2023-08-14,경상북도 영천시청,,2025-05-08
정화태양광발전소,,"경상북도 영천시 대창면 대창리 680-15, 680-16, 680-17",,,,정상가동,97.44,380,60,2020,태양광,2020-10-14,경상북도 영천시청,,2025-05-08
최재경태양광발전소,,"경상북도 영천시 대창면 대창리 680-15, 680-16, 680-17",,,,정상가동,97.44,380,60,2020,태양광,2020-10-14,경상북도 영천시청,,2025-05-08
정화2태양광발전소,경상북도 영천시 대창면 신당길 25-24,경상북도 영천시 대창면 대창리 680-17,,,,정상가동,40.4,380,60,2021,태양광,2021-03-04,경상북도 영천시청,,2025-05-08
대호태양광발전소,,경상북도 영천시 대창면 대창리 714-2 외 6필지,,,,정상가동,207.36,380,60,2017,태양광,2017-09-25,경상북도 영천시청,,2025-05-08
경연태양광발전소,,경상북도 영천시 대창면 대창리 738,,,,정상가동,99.83,380,60,2023,태양광,2023-12-29,경상북도 영천시청,,2025-05-08
현영훈태양광발전소1호,경상북도 영천시 대창면 금박로 1057-34,경상북도 영천시 대창면 대창리 766-4,,,,정상가동,63.8,380,60,2021,태양광,2021-10-18,경상북도 영천시청,,2025-05-08
금호농협대창지점1호태양광발전소,,경상북도 영천시 대창면 대창리 780,,,,정상가동,99.96,380,60,2023,태양광,2023-10-30,경상북도 영천시청,,2025-05-08
금호농협대창지점2호태양광발전소,,경상북도 영천시 대창면 대창리 780,,,,정상가동,36.89,380,60,2023,태양광,2023-10-30,경상북도 영천시청,,2025-05-08
푸른2호태양광발전소,,경상북도 영천시 대창면 대창리 813,,,,정상가동,28.91,380,60,2022,태양광,2022-10-24,경상북도 영천시청,,2025-05-08
푸른1호태양광발전소,,경상북도 영천시 대창면 대창리 813,,,,정상가동,99.12,380,60,2022,태양광,2022-10-24,경상북도 영천시청,,2025-05-08
현재호태양광발전소2호,,경상북도 영천시 대창면 대창리 818,,,,정상가동,52.2,380,60,2021,태양광,2021-10-21,경상북도 영천시청,,2025-05-08
진아그로2호태양광발전소,,"경상북도 영천시 대창면 대창리 884, 888, 888-3, 888-6, 888-7, 888-8",,,,정상가동,99.76,380,60,2023,태양광,2023-03-24,경상북도 영천시청,,2025-05-08
진아그로1호태양광발전소,,"경상북도 영천시 대창면 대창리 884, 888, 888-3, 888-6, 888-7, 888-8",,,,정상가동,99.76,380,60,2023,태양광,2023-03-24,경상북도 영천시청,,2025-05-08
진아그로3호태양광발전소,,"경상북도 영천시 대창면 대창리 884, 888, 888-3, 888-6, 888-7, 888-8",,,,정상가동,54.74,380,60,2023,태양광,2023-05-10,경상북도 영천시청,,2025-05-08
하늘태양광발전소,,경상북도 영천시 대창면 대창리 960,,,,정상가동,73.78,380,60,2023,태양광,2023-11-16,경상북도 영천시청,,2025-05-08
미소태양광발전소,,"경상북도 영천시 대창면 대창리 980, 981",,,,정상가동,98.8,380,60,2018,태양광,2018-08-31,경상북도 영천시청,,2025-05-08
미소태양광발전소,,"경상북도 영천시 대창면 대창리 980, 981",,,,정상가동,99.36,380,60,2022,태양광,2022-03-03,경상북도 영천시청,,2025-05-08
일신태양광발전소,,"경상북도 영천시 대창면 대창리 988, 988-1",,,,정상가동,99.36,380,60,2022,태양광,2022-04-19,경상북도 영천시청,,2025-05-08
일신2태양광발전소,,"경상북도 영천시 대창면 대창리 988, 988-1",,,,정상가동,79.79,380,60,2023,태양광,2023-01-20,경상북도 영천시청,,2025-05-08
이진우태양광발전소2호,,"경상북도 영천시 대창면 병암리 148, 149, 150, 151, 178-5",,,,정상가동,99.65,380,60,2021,태양광,2021-10-01,경상북도 영천시청,,2025-05-08
이진우태양광발전소3호,,"경상북도 영천시 대창면 병암리 148, 149, 178-5, 178-6, 178-17",,,,정상가동,99.65,380,60,2021,태양광,2021-10-01,경상북도 영천시청,,2025-05-08
한준락태양광발전소2호,경상북도 영천시 대창면 병암길 144-45,경상북도 영천시 대창면 병암리 156-1,,,,정상가동,99.65,380,60,2021,태양광,2021-09-16,경상북도 영천시청,,2025-05-08
한준락태양광발전소1호,경상북도 영천시 대창면 병암길 144-45,경상북도 영천시 대창면 병암리 156-1,,,,정상가동,99.65,380,60,2021,태양광,2021-09-16,경상북도 영천시청,,2025-05-08
이진우태양광발전소1호,,경상북도 영천시 대창면 병암리 178-17,,,,정상가동,99.65,380,60,2021,태양광,2021-10-01,경상북도 영천시청,,2025-05-08
영훈2태양광발전소,,경상북도 영천시 대창면 병암리 266,,,,정상가동,64.8,380,60,2023,태양광,2023-08-11,경상북도 영천시청,,2025-05-08
영훈4태양광발전소,,경상북도 영천시 대창면 병암리 267,,,,정상가동,65.95,380,60,2023,태양광,2023-08-25,경상북도 영천시청,,2025-05-08
영훈3태양광발전소,,경상북도 영천시 대창면 병암리 270,,,,정상가동,48,380,266,2023,태양광,2023-08-11,경상북도 영천시청,,2025-05-08
기은2태양광발전소,,"경상북도 영천시 대창면 병암리 314, 315-1, 315-3",,,,정상가동,99.6,380,60,2023,태양광,2023-08-28,경상북도 영천시청,,2025-05-08
기은1태양광발전소,경상북도 영천시 대창면 병암길 115-9,경상북도 영천시 대창면 병암리 391,,,,정상가동,97.2,380,60,2023,태양광,2023-08-28,경상북도 영천시청,,2025-05-08
피아트엠,,경상북도 영천시 대창면 병암리 392,,,,정상가동,72.48,380,60,2022,태양광,2022-04-07,경상북도 영천시청,,2025-05-08
피아트엘,,경상북도 영천시 대창면 병암리 392,,,,정상가동,88.32,380,60,2022,태양광,2022-04-07,경상북도 영천시청,,2025-05-08
서진1태양광발전소,경상북도 영천시 대창면 병암길 197,경상북도 영천시 대창면 병암리 59-3.,,,,정상가동,77.7,380,60,2019,태양광,2019-09-23,경상북도 영천시청,,2025-05-08
수희2태양광발전소,,경상북도 영천시 대창면 병암리 732-2,,,,정상가동,48.75,380,60,2019,태양광,2019-01-04,경상북도 영천시청,,2025-05-08
사리4호태양광발전소,,"경상북도 영천시 대창면 사리리 1, 1-1",,,,정상가동,20.02,380,60,2021,태양광,2021-04-07,경상북도 영천시청,,2025-05-08
사리3호태양광발전소,,"경상북도 영천시 대창면 사리리 1, 1-1",,,,정상가동,98.28,380,60,2021,태양광,2021-04-07,경상북도 영천시청,,2025-05-08
사리2호태양광발전소,,"경상북도 영천시 대창면 사리리 1, 1-1",,,,정상가동,98.28,380,60,2021,태양광,2021-04-07,경상북도 영천시청,,2025-05-08
사리1호태양광발전소,,"경상북도 영천시 대창면 사리리 1, 1-1",,,,정상가동,98.28,380,60,2021,태양광,2021-04-07,경상북도 영천시청,,2025-05-08
지은1태양광발전소,,"경상북도 영천시 대창면 사리리 189-2, 189-7. 189-8",,,,정상가동,97.44,380,60,2021,태양광,2021-03-02,경상북도 영천시청,,2025-05-08
지은2태양광발전소,,"경상북도 영천시 대창면 사리리 189-2, 189-7. 189-8",,,,정상가동,64.96,380,60,2023,태양광,2023-03-02,경상북도 영천시청,,2025-05-08
형건태양광발전소,,"경상북도 영천시 대창면 사리리 189-2, 189-7. 189-8",,,,정상가동,97.44,380,60,2023,태양광,2023-03-02,경상북도 영천시청,,2025-05-08
대영3호태양광발전소,,경상북도 영천시 대창면 사리리 246,,,,정상가동,98.77,380,60,2023,태양광,2023-11-27,경상북도 영천시청,,2025-05-08
정하이텍태양광발전소,,"경상북도 영천시 대창면 사리리 319-3, 319",,,,정상가동,249.47,380,60,2022,태양광,2022-11-17,경상북도 영천시청,,2025-05-08
에스제이1호태양광발전소,경상북도 영천시 대창면 한제길 12-70,경상북도 영천시 대창면 사리리 320-16,,,,정상가동,196.8,380,60,2023,태양광,2023-11-06,경상북도 영천시청,,2025-05-08
에스제이2호태양광발전소,,경상북도 영천시 대창면 사리리 320-20,,,,정상가동,196.8,380,60,2023,태양광,2023-11-06,경상북도 영천시청,,2025-05-08
한하태양광발전소,,"경상북도 영천시 대창면 사리리 320-21, 320-22",,,,정상가동,136.96,380,60,2021,태양광,2021-09-16,경상북도 영천시청,,2025-05-08
이분조태양광발전소,,경상북도 영천시 대창면 사리리 368-1,,,,정상가동,99.65,380,60,2021,태양광,2021-04-05,경상북도 영천시청,,2025-05-08
이관이태양광발전소,,경상북도 영천시 대창면 사리리 368-1,,,,정상가동,99.65,380,60,2021,태양광,2021-04-05,경상북도 영천시청,,2025-05-08
kepco-13-F16-신진포장태양광발전소,경상북도 영천시 대창면 선진길 168,경상북도 영천시 대창면 사리리 40-3,,,,정상가동,98.56,380,60,2021,태양광,2021-03-15,경상북도 영천시청,,2025-05-08
유에이치1태양광발전소,,경상북도 영천시 대창면 사리리 440,,,,정상가동,63.24,380,60,2024,태양광,2024-02-26,경상북도 영천시청,,2025-05-08
유에이치2태양광발전소,,경상북도 영천시 대창면 사리리 440,,,,정상가동,78.12,380,60,2024,태양광,2024-02-26,경상북도 영천시청,,2025-05-08
백원찬태양광발전소,,경상북도 영천시 대창면 사리리 490,,,,정상가동,28.35,380,60,2019,태양광,2019-11-04,경상북도 영천시청,,2025-05-08
김일태양광발전소,,경상북도 영천시 대창면 사리리 524-4,,,,정상가동,84.39,380,60,2021,태양광,2021-04-15,경상북도 영천시청,,2025-05-08
동양산업태양광발전소,경상북도 영천시 대창면 한제길 67-89,경상북도 영천시 대창면 사리리 524-5,,,,정상가동,73.04,380,60,2021,태양광,2021-03-16,경상북도 영천시청,,2025-05-08
우일스틸태양광발전소,경상북도 영천시 대창면 한제길 67-91,경상북도 영천시 대창면 사리리 524-7,,,,정상가동,99.22,380,60,2024,태양광,2024-01-29,경상북도 영천시청,,2025-05-08
우주에너지태양광발전소,,"경상북도 영천시 대창면 사리리 687, 688-4",,,,정상가동,269.08,380,60,2024,태양광,2024-03-27,경상북도 영천시청,,2025-05-08
추진해태양광발전소2,,경상북도 영천시 대창면 사리리 689-2,,,,정상가동,29.1,380,60,2022,태양광,2022-05-31,경상북도 영천시청,,2025-05-08
추진해태양광발전소1,,"경상북도 영천시 대창면 사리리 689-2, 689-5",,,,정상가동,18.88,380,60,2022,태양광,2022-05-31,경상북도 영천시청,,2025-05-08
사리태양광,,경상북도 영천시 대창면 사리리 산49,,,,정상가동,99,380,60,2016,태양광,2016-06-08,경상북도 영천시청,,2025-05-08
효일태양광발전소,경상북도 영천시 대창면 효일길 77-26,경상북도 영천시 대창면 신광리 281,,,,정상가동,58.1,380,60,2020,태양광,2020-03-19,경상북도 영천시청,,2025-05-08
대신3호태양광발전소,,"경상북도 영천시 대창면 신광리 431, 431-2",,,,정상가동,99.82,380,60,2023,태양광,2023-11-08,경상북도 영천시청,,2025-05-08
대신2호태양광발전소,,"경상북도 영천시 대창면 신광리 431, 431-2",,,,정상가동,99.82,380,60,2023,태양광,2023-11-08,경상북도 영천시청,,2025-05-08
대신1호태양광발전소,,"경상북도 영천시 대창면 신광리 431, 431-2",,,,정상가동,99.82,380,60,2023,태양광,2023-11-08,경상북도 영천시청,,2025-05-08
썬3호태양광발전소,,"경상북도 영천시 대창면 신광리 431, 431-2",,,,정상가동,99.82,380,60,2023,태양광,2023-11-08,경상북도 영천시청,,2025-05-08
썬2호태양광발전소,,"경상북도 영천시 대창면 신광리 431, 431-2",,,,정상가동,99.82,380,60,2023,태양광,2023-11-08,경상북도 영천시청,,2025-05-08
대동산업태양광발전소,경상북도 영천시 대창면 영지길 29,경상북도 영천시 대창면 신광리 744,,,,정상가동,29.58,380,60,2021,태양광,2021-04-12,경상북도 영천시청,,2025-05-08
대동산업2호태양광발전소,,경상북도 영천시 대창면 신광리 744,,,,정상가동,29.9,380,60,2021,태양광,2021-09-01,경상북도 영천시청,,2025-05-08
태화론태양광발전소,경상북도 영천시 대창면 영지길 80,경상북도 영천시 대창면 신광리 768,,,,정상가동,486,380,60,2018,태양광,2018-06-15,경상북도 영천시청,,2025-05-08
성심농원태양광발전소,,"경상북도 영천시 대창면 신광리 915-1, 915-5, 925-2, 925-3",,,,정상가동,91.8,380,60,2020,태양광,2020-07-21,경상북도 영천시청,,2025-05-08
미강태양광발전소,경상북도 영천시 대창면 금창로 1060-24,경상북도 영천시 대창면 어방리 272,,,,정상가동,98.55,380,60,2019,태양광,2019-01-04,경상북도 영천시청,,2025-05-08
어방태양광발전소,,경상북도 영천시 대창면 어방리 446,,,,정상가동,69.6,380,60,2023,태양광,2023-08-14,경상북도 영천시청,,2025-05-08
상현태양광발전소,경상북도 영천시 대창면 금창로 1016-16,경상북도 영천시 대창면 오길리 1034,,,,정상가동,98.42,380,60,2018,태양광,2018-07-16,경상북도 영천시청,,2025-05-08
나희태양광발전소,경상북도 영천시 대창면 금창로 1016-16,경상북도 영천시 대창면 오길리 1034,,,,정상가동,98.42,380,60,2019,태양광,2019-08-21,경상북도 영천시청,,2025-05-08
늘푸른태양광발전소,,"경상북도 영천시 대창면 오길리 598-1, 598-2",,,,정상가동,99.49,380,426,2023,태양광,2023-03-23,경상북도 영천시청,,2025-05-08
형제1태양광발전소,경상북도 영천시 대창면 한들길 38,경상북도 영천시 대창면 용전리 449,,,,정상가동,99.6,380,60,2023,태양광,2023-07-06,경상북도 영천시청,,2025-05-08
형제2태양광발전소,경상북도 영천시 대창면 한들길 38,경상북도 영천시 대창면 용전리 449,,,,정상가동,99.6,380,60,2023,태양광,2023-07-06,경상북도 영천시청,,2025-05-08
용전씨엔태양광발전소,경상북도 영천시 대창면 한들길 54-34,경상북도 영천시 대창면 용전리 472,,,,정상가동,99.2,380,90,2019,태양광,2019-05-10,경상북도 영천시청,,2025-05-08
용전CN2호태양광발전소,,경상북도 영천시 대창면 용전리 472,,,,정상가동,49.56,380,60,2022,태양광,2022-10-05,경상북도 영천시청,,2025-05-08
용전CN1호태양광발전소,,경상북도 영천시 대창면 용전리 472,,,,정상가동,99.71,380,60,2022,태양광,2022-10-05,경상북도 영천시청,,2025-05-08
천년태양광발전소,,"경상북도 영천시 대창면 용전리 94, 96",,,,정상가동,99.51,380,60,2021,태양광,2021-07-26,경상북도 영천시청,,2025-05-08
천년2태양광발전소,경상북도 영천시 대창면 한들길 54-11,경상북도 영천시 대창면 용전리 96,,,,정상가동,49.61,380,60,2023,태양광,2023-12-15,경상북도 영천시청,,2025-05-08
용전태양광발전소,경상북도 영천시 대창면 금창로 1133-14,경상북도 영천시 대창면 용전리 금창로 521,,,,정상가동,99.6,380,60,2023,태양광,2023-11-03,경상북도 영천시청,,2025-05-08
벧엘태양광발전소,,경상북도 영천시 대창면 용호리 569,,,,정상가동,99.2,380,60,2019,태양광,2019-02-08,경상북도 영천시청,,2025-05-08
운천태양광발전소,,"경상북도 영천시 대창면 운천리 323-5, 323-1, 319-2",,,,정상가동,18.13,380,60,2023,태양광,2023-05-10,경상북도 영천시청,,2025-05-08
운천태양광발전소,,"경상북도 영천시 대창면 운천리 323-5, 323-1, 319-2",,,,정상가동,99.83,380,60,2023,태양광,2023-12-15,경상북도 영천시청,,2025-05-08
진성태양광발전소,경상북도 영천시 대창면 금창로 1303-22,경상북도 영천시 대창면 운천리 455,,,,정상가동,99.65,380,60,2021,태양광,2021-07-02,경상북도 영천시청,,2025-05-08
영천축산3호태양광발전소,,경상북도 영천시 대창면 운천리 461,,,,정상가동,82.8,380,60,2024,태양광,2024-02-18,경상북도 영천시청,,2025-05-08
대길태양광발전소,,"경상북도 영천시 대창면 운천리 528-2, 528-5, 530-2",,,,정상가동,93.38,380,60,2022,태양광,2022-06-16,경상북도 영천시청,,2025-05-08
수성2태양광발전소,,"경상북도 영천시 대창면 운천리 533-1, 533-10, 533-11, 546-3",,,,정상가동,99.96,380,60,2023,태양광,2023-06-19,경상북도 영천시청,,2025-05-08
조곡5호태양광발전소,,경상북도 영천시 대창면 조곡리 1195-15,,,,정상가동,99.65,380,60,2021,태양광,2021-07-19,경상북도 영천시청,,2025-05-08
조곡4호태양광발전소,,경상북도 영천시 대창면 조곡리 1195-15,,,,정상가동,99.65,380,60,2021,태양광,2021-07-19,경상북도 영천시청,,2025-05-08
조곡3호태양광발전소,,경상북도 영천시 대창면 조곡리 1195-15,,,,정상가동,99.65,380,60,2021,태양광,2021-07-19,경상북도 영천시청,,2025-05-08
삼영1호태양광발전소,,"경상북도 영천시 대창면 조곡리 1195-3, 산117, 산118-5",,,,정상가동,495.72,380,60,2017,태양광,2017-07-24,경상북도 영천시청,,2025-05-08
삼영2호태양광발전소,,"경상북도 영천시 대창면 조곡리 1195-3, 산117, 산118-5",,,,정상가동,495.72,380,60,2017,태양광,2017-07-24,경상북도 영천시청,,2025-05-08
삼영4호태양광발전소,,"경상북도 영천시 대창면 조곡리 1195-3, 산117, 산118-5",,,,정상가동,495.72,380,60,2017,태양광,2017-07-24,경상북도 영천시청,,2025-05-08
삼영3호태양광발전소,,"경상북도 영천시 대창면 조곡리 1195-3, 산117, 산118-5",,,,정상가동,495.72,380,60,2017,태양광,2017-07-24,경상북도 영천시청,,2025-05-08
문환태양광발전소,경상북도 영천시 대창면 금창로 830,경상북도 영천시 대창면 조곡리 437,,,,정상가동,19.98,380,60,2021,태양광,2021-11-18,경상북도 영천시청,,2025-05-08
조곡태양광발전소,경상북도 영천시 대창면 대창시장길 24-100,경상북도 영천시 대창면 조곡리 69,,,,정상가동,99,380,60,2015,태양광,2015-11-24,경상북도 영천시청,,2025-05-08
기완태양광발전소,,"경상북도 영천시 대창면 조곡리 70, 71, 71-2",,,,정상가동,99.49,380,60,2023,태양광,2023-01-20,경상북도 영천시청,,2025-05-08
조곡2호태양광발전소,,"경상북도 영천시 대창면 조곡리 95, 96, 102",,,,정상가동,99.6,380,60,2019,태양광,2019-11-26,경상북도 영천시청,,2025-05-08
조곡1호태양광발전소,,"경상북도 영천시 대창면 조곡리 95, 96, 102",,,,정상가동,99.6,380,60,2019,태양광,2019-11-26,경상북도 영천시청,,2025-05-08
현대그린에너지1호,경상북도 영천시 대창면 벚꽃길 184,경상북도 영천시 대창면 조곡리 산118-12,,,,정상가동,426.6,380,60,2019,태양광,2019-09-23,경상북도 영천시청,,2025-05-08
현대그린에너지2호,,경상북도 영천시 대창면 조곡리 산118-18,,,,정상가동,99.76,380,60,2019,태양광,2019-12-17,경상북도 영천시청,,2025-05-08
호경2호태양광발전소,경상북도 영천시 도남공단2길 4,경상북도 영천시 도남동 619,,,,정상가동,29.16,380,60,2023,태양광,2023-06-22,경상북도 영천시청,,2025-05-08
호경1호태양광발전소,경상북도 영천시 도남공단2길 4,경상북도 영천시 도남동 619,,,,정상가동,99.96,380,60,2023,태양광,2023-06-22,경상북도 영천시청,,2025-05-08
엠에이치테크태양광발전소,경상북도 영천시 쇠늘안길69-15,경상북도 영천시 도동 178-4,,,,정상가동,99,380,60,2014,태양광,2014-01-17,경상북도 영천시청,,2025-05-08
영일1태양광발전소,경상북도 영천시 도들앞길 67-36,경상북도 영천시 도동 606,,,,정상가동,99.96,380,60,2023,태양광,2023-06-01,경상북도 영천시청,,2025-05-08
영일2태양광발전소,경상북도 영천시 도들앞길 67-36,경상북도 영천시 도동 606,,,,정상가동,30.35,380,60,2023,태양광,2023-06-01,경상북도 영천시청,,2025-05-08
해름전기1호태양광발전소,경상북도 영천시 호국로 79,경상북도 영천시 동부동 185-16,,,,정상가동,18.9,380,60,2020,태양광,2020-09-15,경상북도 영천시청,,2025-05-08
신한화섬㈜태양광발전소,,경상북도 영천시 동부동 354,,,,정상가동,99.75,380,60,2012,태양광,2012-11-05,경상북도 영천시청,,2025-05-08
영천1호태양광발전소,,경상북도 영천시 동부동 망정동 신기동 8-2 282-7,,,,정상가동,489.78,380,60,2021,태양광,2021-06-29,경상북도 영천시청,,2025-05-08
우정1호태양광발전소,,경상북도 영천시 동부동 망정동 조교동 11-8 472-9,,,,정상가동,99.5,380,60,2023,태양광,2023-04-03,경상북도 영천시청,,2025-05-08
우정2호태양광발전소,,경상북도 영천시 동부동 망정동 조교동 11-8 472-9,,,,정상가동,99.5,380,60,2023,태양광,2023-04-03,경상북도 영천시청,,2025-05-08
우정3호태양광발전소,,경상북도 영천시 동부동 망정동 조교동 11-8 472-9,,,,정상가동,99.5,380,60,2023,태양광,2023-04-03,경상북도 영천시청,,2025-05-08
상신기태양광발전소,,"경상북도 영천시 동부동 신기동 84, 85, 88",,,,정상가동,99.63,380,60,2019,태양광,2019-02-26,경상북도 영천시청,,2025-05-08
신기동태양광발전소,,"경상북도 영천시 동부동 신기동 84, 85, 88",,,,정상가동,77.19,380,60,2020,태양광,2020-02-28,경상북도 영천시청,,2025-05-08
정아에너지,,"경상북도 영천시 동부동 신기동 산13-1, 13-3, 13-4, 13-5",,,,정상가동,499,380,60,2023,태양광,2023-07-11,경상북도 영천시청,,2025-05-08
우형에너지,,"경상북도 영천시 동부동 신기동 산13-1, 13-3, 13-4, 13-5",,,,정상가동,499,380,60,2023,태양광,2023-07-11,경상북도 영천시청,,2025-05-08
㈜신기쏠라태양광발전소,,경상북도 영천시 동부동 신기동 산14,,,,정상가동,998.4,380,60,2016,태양광,2016-07-12,경상북도 영천시청,,2025-05-08
㈜임고쏠라태양광발전소,,경상북도 영천시 동부동 신기동 산14,,,,정상가동,998.4,380,60,2016,태양광,2016-07-12,경상북도 영천시청,,2025-05-08
박말근태양광발전소1호,,"경상북도 영천시 동부동 신기동 산22-1 → 94-3, 94-4",,,,정상가동,195.84,380,60,2018,태양광,2018-03-21,경상북도 영천시청,,2025-05-08
박말근태양광발전소2호,,"경상북도 영천시 동부동 신기동 산22-1 → 94-3, 94-4",,,,정상가동,195.84,380,60,2018,태양광,2018-03-21,경상북도 영천시청,,2025-05-08
박말근태양광발전소3호,,"경상북도 영천시 동부동 신기동 산22-1 → 94-3, 94-4",,,,정상가동,97.92,380,60,2018,태양광,2018-03-21,경상북도 영천시청,,2025-05-08
고명달태양광발전소1호,,"경상북도 영천시 동부동 신기동 산22-1 → 94-3, 94-4",,,,정상가동,195.84,380,60,2018,태양광,2018-03-21,경상북도 영천시청,,2025-05-08
고명달태양광발전소2호,,"경상북도 영천시 동부동 신기동 산22-1 → 94-3, 94-4",,,,정상가동,195.84,380,60,2018,태양광,2018-03-21,경상북도 영천시청,,2025-05-08
고명달태양광발전소3호,,"경상북도 영천시 동부동 신기동 산22-1 → 94-3, 94-4",,,,정상가동,97.92,380,60,2018,태양광,2018-03-21,경상북도 영천시청,,2025-05-08
여명환태양광,,경상북도 영천시 동부동 야사동 154-37,,,,정상가동,44.03,380,60,2023,태양광,2023-04-03,경상북도 영천시청,,2025-05-08
영동태양광발전소,,경상북도 영천시 동부동 언하동 391-4,,,,정상가동,31.2,380,60,2019,태양광,2019-05-10,경상북도 영천시청,,2025-05-08
천미1호태양광발전소,,"경상북도 영천시 동부동 언하동 552, 554, 554-1",,,,정상가동,98.13,380,60,2024,태양광,2024-03-19,경상북도 영천시청,419.3,2025-05-08
대길1태양광발전소,,"경상북도 영천시 동부동 언하동 561-15, 561-29, 561-31",,,,정상가동,92.16,380,60,2018,태양광,2018-11-12,경상북도 영천시청,,2025-05-08
옥솔라2호태양광발전소,,경상북도 영천시 동부동 언하동 599-6,,,,정상가동,29.4,380,60,2020,태양광,2020-05-11,경상북도 영천시청,,2025-05-08
에스원테크태양광발전소,,경상북도 영천시 동부동 언하동 685,,,,정상가동,29.88,380,60,2020,태양광,2020-04-07,경상북도 영천시청,,2025-05-08
옥솔라태양광발전소,,경상북도 영천시 동부동 언하동 산1-3,,,,정상가동,200.46,380,60,2017,태양광,2017-02-07,경상북도 영천시청,,2025-05-08
경도전설태양광발전소,,경상북도 영천시 동부동 조교동 292-1,,,,정상가동,30,380,60,2013,수력,2013-12-06,경상북도 영천시청,,2025-05-08
골리앗태양광발전소,,"경상북도 영천시 동부동 조교동 364-7, 364-8",,,,정상가동,57.6,380,60,2022,태양광,2022-02-24,경상북도 영천시청,,2025-05-08
장천1호태양광발전소,,경상북도 영천시 동부동 조교동 630-1,,,,정상가동,99.6,380,60,2020,태양광,2020-02-13,경상북도 영천시청,,2025-05-08
장천2호태양광발전소,,경상북도 영천시 동부동 조교동 630-1,,,,정상가동,99.6,380,60,2020,태양광,2020-02-13,경상북도 영천시청,,2025-05-08
노을태양광발전소,,경상북도 영천시 동부동 조교동 725-4,,,,정상가동,39.96,380,60,2022,태양광,2022-11-10,경상북도 영천시청,,2025-05-08
유진드림빌태양광발전소,,"경상북도 영천시 동부동 조교동 731-7, 732-2",,,,정상가동,45.36,380,60,2021,태양광,2021-06-03,경상북도 영천시청,,2025-05-08
조교태양광발전소,,경상북도 영천시 동부동 조교동 77-4,,,,정상가동,69.3,380,60,2020,태양광,2020-09-01,경상북도 영천시청,,2025-05-08
태성전기태양광발전소,,"경상북도 영천시 동부동 조교동 776-2, 793-3",,,,정상가동,59.76,380,60,2019,태양광,2019-06-20,경상북도 영천시청,,2025-05-08
한보3태양광발전소,,경상북도 영천시 동부동 조교동 832-1,,,,정상가동,15.02,380,60,2021,태양광,2021-10-12,경상북도 영천시청,,2025-05-08
한보2태양광발전소,,경상북도 영천시 동부동 조교동 832-1,,,,정상가동,99.65,380,60,2021,태양광,2021-10-12,경상북도 영천시청,,2025-05-08
한보1태양광발전소,,경상북도 영천시 동부동 조교동 832-1,,,,정상가동,99.65,380,60,2021,태양광,2021-10-12,경상북도 영천시청,,2025-05-08
shin에너지,경상북도 영천시 망정3길 64-2,경상북도 영천시 망정동 263,,,,정상가동,18.9,380,60,2020,태양광,2020-09-24,경상북도 영천시청,,2025-05-08
신우태양광발전소,,경상북도 영천시 망정동 269,,,,정상가동,61.2,380,60,2023,태양광,2023-07-03,경상북도 영천시청,,2025-05-08
오성섬유태양광발전소,경상북도 영천시 언하공단4길 26,경상북도 영천시 망정동 8-15,,,,정상가동,497.28,380,60,2019,태양광,2019-09-02,경상북도 영천시청,,2025-05-08
솔라젠태양광발전소,경상북도 영천시 본촌공단길 42,경상북도 영천시 본촌동 431,,,,정상가동,99.45,380,60,2019,태양광,2019-04-11,경상북도 영천시청,,2025-05-08
G1태양광발전소,,경상북도 영천시 본촌동 본촌동 352,,,,정상가동,99.8,380,60,2024,태양광,2024-02-19,경상북도 영천시청,,2025-05-08
본촌농장태양광발전소,,"경상북도 영천시 본촌동 본촌동 352, 353-1",,,,정상가동,99.8,380,60,2024,태양광,2024-02-19,경상북도 영천시청,,2025-05-08
디에이치씨태양광발전소,경상북도 영천시 영천아이시로 106-90,경상북도 영천시 봉동 810-4,,,,정상가동,262.4,380,60,2023,태양광,2023-06-01,경상북도 영천시청,,2025-05-08
원서태양광발전소,,"경상북도 영천시 북안면 고지리 144-1, 144-2",,,,정상가동,40,380,60,2019,태양광,2019-04-17,경상북도 영천시청,,2025-05-08
정고명태양광발전소,,"경상북도 영천시 북안면 고지리 388-1, 393-8",,,,정상가동,99,380,60,2018,태양광,2018-01-15,경상북도 영천시청,,2025-05-08
북안태양광발전소,경상북도 영천시 북안면 운북로 1885,경상북도 영천시 북안면 고지리 393-3,,,,정상가동,29.68,380,60,2014,태양광,2014-06-02,경상북도 영천시청,,2025-05-08
대박3태양광발전소,경상북도 영천시 북안면 운북로 1907,경상북도 영천시 북안면 고지리 467-3,,,,정상가동,19.6,380,60,2021,태양광,2021-09-06,경상북도 영천시청,,2025-05-08
대박1태양광발전소,경상북도 영천시 북안면 운북로 1907,경상북도 영천시 북안면 고지리 467-3,,,,정상가동,92,380,60,2021,태양광,2021-09-06,경상북도 영천시청,,2025-05-08
대박4태양광발전소,,경상북도 영천시 북안면 고지리 467-3,,,,정상가동,19.2,380,60,2021,태양광,2021-09-06,경상북도 영천시청,,2025-05-08
대박2태양광발전소,,경상북도 영천시 북안면 고지리 467-3,,,,정상가동,29.2,380,60,2021,태양광,2021-09-06,경상북도 영천시청,,2025-05-08
서광솔라태양광발전소,,경상북도 영천시 북안면 고지리 산37-1 외 4필지,,,,정상가동,1000,380,60,2008,태양광,2008-01-29,경상북도 영천시청,,2025-05-08
선호2태양광발전소,경상북도 영천시 북안면 돌할매로 446-15,"경상북도 영천시 북안면 관리 351-1, 351-2",,,,정상가동,99.6,380,60,2020,태양광,2020-10-22,경상북도 영천시청,,2025-05-08
선호1태양광발전소,경상북도 영천시 북안면 돌할매로 446-15,"경상북도 영천시 북안면 관리 352, 353, 354, 356, 357, 359",,,,정상가동,99.6,380,60,2020,태양광,2020-10-22,경상북도 영천시청,,2025-05-08
당리태양광발전소,경상북도 영천시 북안면 당리길 26,경상북도 영천시 북안면 당리 111,,,,정상가동,29.25,380,60,2012,태양광,2012-04-09,경상북도 영천시청,,2025-05-08
당리태양광발전소,경상북도 영천시 북안면 당리길 26,경상북도 영천시 북안면 당리 111,,,,정상가동,10.12,380,60,2012,태양광,2012-04-09,경상북도 영천시청,,2025-05-08
(주)제이디파워텍2호태양광발전소,,"경상북도 영천시 북안면 당리 237, 238",,,,정상가동,145.73,380,60,2023,태양광,2023-01-20,경상북도 영천시청,,2025-05-08
북안도천1태양광발전소,,경상북도 영천시 북안면 도천리 220-17,,,,정상가동,93.96,380,60,2022,태양광,2022-05-31,경상북도 영천시청,,2025-05-08
박문규태양광발전소2호,,경상북도 영천시 북안면 도천리 435,,,,정상가동,87.6,380,60,2024,태양광,2024-01-25,경상북도 영천시청,,2025-05-08
박문규태양광발전소1호,,경상북도 영천시 북안면 도천리 435,,,,정상가동,87.6,380,60,2024,태양광,2024-01-25,경상북도 영천시청,,2025-05-08
조상석태양광발전소,,"경상북도 영천시 북안면 도천리 596-11, 596-7",,,,정상가동,74.25,380,60,2018,태양광,2018-03-21,경상북도 영천시청,,2025-05-08
박가네태양광발전소,,경상북도 영천시 북안면 도천리 산33-14,,,,정상가동,99.45,380,60,2017,태양광,2017-03-27,경상북도 영천시청,,2025-05-08
박가네태양광발전소2호,,경상북도 영천시 북안면 도천리 산33-17,,,,정상가동,99,380,60,2018,태양광,2018-05-15,경상북도 영천시청,,2025-05-08
원곡1호태양광발전소,,"경상북도 영천시 북안면 명주리 347-2, 348-4",,,,정상가동,42.75,380,60,2021,태양광,2021-05-06,경상북도 영천시청,,2025-05-08
원곡1호태양광발전소,,"경상북도 영천시 북안면 명주리 347-2, 348-4",,,,정상가동,99.12,380,60,2024,태양광,2024-04-13,경상북도 영천시청,,2025-05-08
웅지태양광발전소,경상북도 영천시 북안면 돌할매로 36-14,경상북도 영천시 북안면 반계리 101,,,,정상가동,97.02,380,60,2023,태양광,2023-08-29,경상북도 영천시청,,2025-05-08
반정축산1호태양광발전소,경상북도 영천시 북안면 반정1길 43-92,경상북도 영천시 북안면 반정리 1007,,,,정상가동,96.72,380,60,2023,태양광,2023-11-29,경상북도 영천시청,,2025-05-08
반정축산2호태양광발전소,경상북도 영천시 북안면 반정1길 43-92,경상북도 영천시 북안면 반정리 1007,,,,정상가동,94.24,380,60,2023,태양광,2023-11-29,경상북도 영천시청,,2025-05-08
반정축산3호태양광발전소,경상북도 영천시 북안면 반정1길 43-92,경상북도 영천시 북안면 반정리 1007,,,,정상가동,48.98,380,60,2023,태양광,2023-11-29,경상북도 영천시청,,2025-05-08
서현원태양광발전소2호,,"경상북도 영천시 북안면 반정리 117, 118, 118-1",,,,정상가동,99.6,380,60,2023,태양광,2023-08-14,경상북도 영천시청,,2025-05-08
서현원태양광발전소1호,,"경상북도 영천시 북안면 반정리 118, 118-1",,,,정상가동,99.6,380,60,2023,태양광,2023-08-14,경상북도 영천시청,,2025-05-08
서현원태양광발전소3호,,"경상북도 영천시 북안면 반정리 118-1, 127-4",,,,정상가동,28.8,380,60,2023,태양광,2023-12-13,경상북도 영천시청,,2025-05-08
반정태양광발전소,경상북도 영천시 북안면 북안공단길 51,경상북도 영천시 북안면 반정리 150,,,,정상가동,808.96,22900+380,60,2019,태양광,2019-02-22,경상북도 영천시청,,2025-05-08
월드중공업태양광발전소,경상북도 영천시 북안면 북안공단길 27,경상북도 영천시 북안면 반정리 150-1,,,,정상가동,987.7,380,60,2013,태양광,2013-07-08,경상북도 영천시청,,2025-05-08
대진태양광발전소,경상북도 영천시 북안면 북안공단길 60,경상북도 영천시 북안면 반정리 150-14,,,,정상가동,270,380,60,2017,태양광,2017-12-22,경상북도 영천시청,,2025-05-08
신라태양광,경상북도 영천시 북안면 북안공단길 44,경상북도 영천시 북안면 반정리 150-8,,,,정상가동,399.59,380,60,2017,태양광,2017-04-16,경상북도 영천시청,,2025-05-08
신라태양광발전소,경상북도 영천시 북안면 북안공단길 44,경상북도 영천시 북안면 반정리 150-8,,,,정상가동,998.25,380,22900,2023,태양광,2023-12-29,경상북도 영천시청,,2025-05-08
라온하제2호,,경상북도 영천시 북안면 반정리 430-1,,,,정상가동,14.28,380,60,2023,태양광,2023-08-11,경상북도 영천시청,,2025-05-08
라온하제1호,,경상북도 영천시 북안면 반정리 430-1,,,,정상가동,83.3,380,60,2023,태양광,2023-08-11,경상북도 영천시청,,2025-05-08
윤슬이앤지태양광발전소,,경상북도 영천시 북안면 반정리 430-2,,,,정상가동,99.2,380,60,2023,태양광,2023-11-06,경상북도 영천시청,,2025-05-08
태덕태양광발전소,경상북도 영천시 북안면 반정1길 21,"경상북도 영천시 북안면 반정리 487, 488, 1106, 1356-25",,,,정상가동,99.19,380,60,2020,태양광,2020-05-11,경상북도 영천시청,,2025-05-08
호성1호태양광발전소,,"경상북도 영천시 북안면 반정리 602, 615-2",,,,정상가동,97.5,380,60,2024,태양광,2024-05-13,경상북도 영천시청,421.21,2025-05-08
진용태양광발전소,경상북도 영천시 북안면 금창로 1706,경상북도 영천시 북안면 북리 329-1,,,,정상가동,64.8,380,60,2024,태양광,2024-01-09,경상북도 영천시청,,2025-05-08
한빛태양광발전소,,경상북도 영천시 북안면 상리 251,,,,정상가동,91.8,380,60,2018,태양광,2018-04-16,경상북도 영천시청,,2025-05-08
한빛태양광발전소,,경상북도 영천시 북안면 상리 251,,,,정상가동,99.19,380,60,2021,태양광,2021-10-25,경상북도 영천시청,,2025-05-08
상리297-2태양광발전소,경상북도 영천시 북안면 상리중앙길 50-23,경상북도 영천시 북안면 상리 297-2,,,,정상가동,16.79,380,60,2018,태양광,2018-12-17,경상북도 영천시청,,2025-05-08
상리297-3태양광발전소,경상북도 영천시 북안면 상리중앙길 50-21,경상북도 영천시 북안면 상리 297-3,,,,정상가동,16.79,380,60,2018,태양광,2018-12-17,경상북도 영천시청,,2025-05-08
송포1태양광발전소,,경상북도 영천시 북안면 송포리 192-1,,,,정상가동,100,380,60,2016,태양광,2016-07-14,경상북도 영천시청,,2025-05-08
한용태양광발전소,경상북도 영천시 북안면 옥포길 4,경상북도 영천시 북안면 송포리 221-1,,,,정상가동,99.84,380,60,2019,태양광,2019-02-18,경상북도 영천시청,,2025-05-08
송포3태양광발전소,,"경상북도 영천시 북안면 송포리 222, 223, 246-1",,,,정상가동,100,380,60,2016,태양광,2016-07-14,경상북도 영천시청,,2025-05-08
송포4태양광발전소,경상북도 영천시 북안면 송포길 71,경상북도 영천시 북안면 송포리 257-1,,,,정상가동,100,380,60,2016,태양광,2016-12-05,경상북도 영천시청,,2025-05-08
한성태양광발전소,,경상북도 영천시 북안면 송포리 259,,,,정상가동,94.61,380,60,2023,태양광,2023-05-02,경상북도 영천시청,,2025-05-08
우성태양광발전소,,경상북도 영천시 북안면 송포리 264-2,,,,정상가동,73.44,380,60,2022,태양광,2022-04-05,경상북도 영천시청,,2025-05-08
송포태양광발전소,,경상북도 영천시 북안면 송포리 338-4,,,,정상가동,163.8,380,60,2023,태양광,2023-10-04,경상북도 영천시청,,2025-05-08
일회2태양광발전소,경상북도 영천시 북안면 조암길 41-3,경상북도 영천시 북안면 송포리 386,,,,정상가동,69.55,380,60,2021,태양광,2021-11-02,경상북도 영천시청,,2025-05-08
일회1태양광발전소,,"경상북도 영천시 북안면 송포리 386, 388",,,,정상가동,96.3,380,60,2021,태양광,2021-11-02,경상북도 영천시청,,2025-05-08
북안위탁영농태양광발전소,경상북도 영천시 북안면 엿들길 1-56,경상북도 영천시 북안면 송포리 574-9,,,,정상가동,99.2,380,60,2017,태양광,2017-02-21,경상북도 영천시청,,2025-05-08
형태양광발전소,,"경상북도 영천시 북안면 송포리 산56, 219-5",,,,정상가동,99.2,380,60,2017,태양광,2017-01-05,경상북도 영천시청,,2025-05-08
성태양광발전소,,"경상북도 영천시 북안면 송포리 산56, 219-5",,,,정상가동,99.2,380,60,2017,태양광,2017-01-05,경상북도 영천시청,,2025-05-08
송포2태양광발전소,,"경상북도 영천시 북안면 송포리 산56-4, 산56-6",,,,정상가동,100,380,60,2016,태양광,2016-07-14,경상북도 영천시청,,2025-05-08
영생태양광발전소,,"경상북도 영천시 북안면 신대리 23-1, 23-5",,,,정상가동,96.9,380,60,2017,태양광,2017-11-13,경상북도 영천시청,,2025-05-08
유민태양광발전소,,"경상북도 영천시 북안면 신대리 23-1, 23-5",,,,정상가동,96.9,380,60,2017,태양광,2017-11-13,경상북도 영천시청,,2025-05-08
유나태양광발전소,,"경상북도 영천시 북안면 신대리 23-1, 23-5",,,,정상가동,96.9,380,60,2017,태양광,2017-11-14,경상북도 영천시청,,2025-05-08
현웅태양광발전소,,경상북도 영천시 북안면 신대리 74-6,,,,정상가동,99,380,60,2015,태양광,2015-08-26,경상북도 영천시청,,2025-05-08
한울태양광발전소,,경상북도 영천시 북안면 신대리 88-13,,,,정상가동,98.49,380,60,2017,태양광,2017-03-02,경상북도 영천시청,,2025-05-08
행복태양광발전소,,경상북도 영천시 북안면 신대리 산10-2,,,,정상가동,99,380,60,2015,태양광,2015-08-26,경상북도 영천시청,,2025-05-08
소은태양광발전소,,경상북도 영천시 북안면 신대리 산10-2,,,,정상가동,99,380,60,2015,태양광,2015-08-26,경상북도 영천시청,,2025-05-08
경호태양광발전소,,경상북도 영천시 북안면 신대리 산10-2,,,,정상가동,99,380,60,2015,태양광,2015-08-26,경상북도 영천시청,,2025-05-08
AK드림태양광발전소,,경상북도 영천시 북안면 신대리 산10-2,,,,정상가동,99,380,60,2015,태양광,2015-08-26,경상북도 영천시청,,2025-05-08
민정태양광발전소,,경상북도 영천시 북안면 신대리 산10-2,,,,정상가동,99,380,60,2015,태양광,2015-08-26,경상북도 영천시청,,2025-05-08
루마태양광발전소,,경상북도 영천시 북안면 신대리 산10-2,,,,정상가동,99,380,60,2015,태양광,2015-08-26,경상북도 영천시청,,2025-05-08
누리태양광발전소,,경상북도 영천시 북안면 신대리 산10-2,,,,정상가동,99,380,60,2015,태양광,2015-08-26,경상북도 영천시청,,2025-05-08
해오름태양광발전소,,경상북도 영천시 북안면 신대리 산10-2,,,,정상가동,99,380,60,2015,태양광,2015-08-26,경상북도 영천시청,,2025-05-08
현우태양광발전소,,경상북도 영천시 북안면 신대리 산10-2,,,,정상가동,99,380,60,2015,태양광,2015-08-26,경상북도 영천시청,,2025-05-08
상일태양광발전소,,경상북도 영천시 북안면 신대리 산10-2,,,,정상가동,99,380,60,2015,태양광,2015-08-26,경상북도 영천시청,,2025-05-08
성목이엔지태양광발전소,,경상북도 영천시 북안면 신대리 산10-2,,,,정상가동,99,380,60,2015,태양광,2015-08-26,경상북도 영천시청,,2025-05-08
창수이엔지태양광발전소,,경상북도 영천시 북안면 신대리 산10-2,,,,정상가동,99,380,60,2015,태양광,2015-08-26,경상북도 영천시청,,2025-05-08
영남발전,,경상북도 영천시 북안면 신대리 산10-2,,,,정상가동,99,380,60,2015,태양광,2015-08-26,경상북도 영천시청,,2025-05-08
연호태양광발전소,,경상북도 영천시 북안면 신대리 산10-2,,,,정상가동,99,380,60,2015,태양광,2015-08-26,경상북도 영천시청,,2025-05-08
행복태양광발전소,,경상북도 영천시 북안면 신대리 산10-2,,,,정상가동,99.36,380,60,2017,태양광,2017-08-20,경상북도 영천시청,,2025-05-08
누리태양광발전소,,경상북도 영천시 북안면 신대리 산10-2,,,,정상가동,315.9,380,60,2018,태양광,2018-09-17,경상북도 영천시청,,2025-05-08
하람태양광발전소,,경상북도 영천시 북안면 신대리 산18-1,,,,정상가동,98.49,380,60,2017,태양광,2017-03-02,경상북도 영천시청,,2025-05-08
슬찬태양광발전소,,경상북도 영천시 북안면 신대리 산18-1,,,,정상가동,98.49,380,60,2017,태양광,2017-03-02,경상북도 영천시청,,2025-05-08
소담태양광발전소,,경상북도 영천시 북안면 신대리 산18-1,,,,정상가동,98.49,380,60,2017,태양광,2017-03-02,경상북도 영천시청,,2025-05-08
포항태양광발전소,,경상북도 영천시 북안면 신대리 산18-1,,,,정상가동,98.49,380,60,2017,태양광,2017-03-02,경상북도 영천시청,,2025-05-08
행운태양광발전소,,경상북도 영천시 북안면 신대리 산18-1,,,,정상가동,98.49,380,60,2017,태양광,2017-03-02,경상북도 영천시청,,2025-05-08
빛솔태양광발전소,,경상북도 영천시 북안면 신대리 산18-1,,,,정상가동,98.49,380,60,2017,태양광,2017-03-02,경상북도 영천시청,,2025-05-08
새늘태양광발전소,,경상북도 영천시 북안면 신대리 산18-1,,,,정상가동,98.49,380,60,2017,태양광,2017-03-02,경상북도 영천시청,,2025-05-08
별하태양광발전소,,경상북도 영천시 북안면 신대리 산18-1,,,,정상가동,98.49,380,60,2017,태양광,2017-03-02,경상북도 영천시청,,2025-05-08
보람태양광발전소,,경상북도 영천시 북안면 신대리 산18-1,,,,정상가동,98.49,380,60,2017,태양광,2017-03-02,경상북도 영천시청,,2025-05-08
도일태양광발전소,경상북도 영천시 북안면 원당골길 190,경상북도 영천시 북안면 신대리 산18-2,,,,정상가동,99.28,380,60,2018,태양광,2018-07-16,경상북도 영천시청,,2025-05-08
성공태양광발전소,경상북도 영천시 북안면 원당골길 190,경상북도 영천시 북안면 신대리 산18-2,,,,정상가동,99.28,380,60,2018,태양광,2018-07-16,경상북도 영천시청,,2025-05-08
은하수태양광발전소,경상북도 영천시 북안면 원당골길 190,경상북도 영천시 북안면 신대리 산18-2,,,,정상가동,99.28,380,60,2018,태양광,2018-07-16,경상북도 영천시청,,2025-05-08
하나태양광발전소,경상북도 영천시 북안면 원당골길 190,경상북도 영천시 북안면 신대리 산18-2,,,,정상가동,99.28,380,60,2018,태양광,2018-07-16,경상북도 영천시청,,2025-05-08
용계태양광발전소,경상북도 영천시 북안면 원당골길 190,경상북도 영천시 북안면 신대리 산18-2,,,,정상가동,99.28,380,60,2018,태양광,2018-07-16,경상북도 영천시청,,2025-05-08
샘터정보태양광발전소,,경상북도 영천시 북안면 신대리 산88-2,,,,정상가동,98.49,380,60,2017,태양광,2017-03-02,경상북도 영천시청,,2025-05-08
이장희태양광발전소1호,,"경상북도 영천시 북안면 신대리 신리리 신대리 142, 신리리 579-4",,,,정상가동,99.6,380,60,2023,태양광,2023-08-29,경상북도 영천시청,,2025-05-08
이장희태양광발전소2호,,"경상북도 영천시 북안면 신대리 신리리 신대리 142, 신리리 579-4",,,,정상가동,96,380,60,2023,태양광,2023-08-29,경상북도 영천시청,,2025-05-08
상진에너지2호태양광발전소,경상북도 영천시 북안면 운북로 1637-13,경상북도 영천시 북안면 신리리 543-1,,,,정상가동,98.28,380,60,2020,태양광,2020-12-10,경상북도 영천시청,,2025-05-08
상진에너지1호태양광발전소,경상북도 영천시 북안면 운북로 1637-13,경상북도 영천시 북안면 신리리 543-1,,,,정상가동,98.28,380,60,2020,태양광,2020-12-10,경상북도 영천시청,,2025-05-08
상진에너지3호태양광발전소,경상북도 영천시 북안면 운북로 1637-13,경상북도 영천시 북안면 신리리 543-1,,,,정상가동,98.28,380,60,2020,태양광,2020-12-10,경상북도 영천시청,,2025-05-08
태림3태양광발전소,경상북도 영천시 북안면 운북로 1641-9,경상북도 영천시 북안면 신리리 544,,,,정상가동,99.82,380,60,2021,태양광,2021-10-01,경상북도 영천시청,,2025-05-08
태림2태양광발전소,경상북도 영천시 북안면 운북로 1641-9,경상북도 영천시 북안면 신리리 544,,,,정상가동,99.82,380,60,2021,태양광,2021-10-01,경상북도 영천시청,,2025-05-08
태림1태양광발전소,,경상북도 영천시 북안면 신리리 544,,,,정상가동,99.82,380,60,2021,태양광,2021-10-01,경상북도 영천시청,,2025-05-08
이장희태양광발전소4호,,경상북도 영천시 북안면 신리리 579-3,,,,정상가동,36,380,164,2023,태양광,2023-08-29,경상북도 영천시청,,2025-05-08
이장희태양광발전소3호,,"경상북도 영천시 북안면 신리리 579-3, 579-4",,,,정상가동,97.2,380,60,2023,태양광,2023-08-29,경상북도 영천시청,,2025-05-08
신촌1호태양광발전소,,경상북도 영천시 북안면 신촌리 36-1,,,,정상가동,496,380,60,2017,태양광,2017-09-18,경상북도 영천시청,,2025-05-08
신촌2호태양광발전소,,경상북도 영천시 북안면 신촌리 36-3,,,,정상가동,496,380,60,2017,태양광,2017-09-18,경상북도 영천시청,,2025-05-08
(주)대한이피씨태양광발전소,,경상북도 영천시 북안면 옥천리 125-2,,,,정상가동,98.1,380,60,2023,태양광,2023-07-03,경상북도 영천시청,,2025-05-08
보광태양광발전소,경상북도 영천시 북안면 옥천길 145,경상북도 영천시 북안면 옥천리 378,,,,정상가동,96.9,380,60,2017,태양광,2017-11-14,경상북도 영천시청,,2025-05-08
가온태양광발전소,경상북도 영천시 북안면 옥천길 145,경상북도 영천시 북안면 옥천리 378,,,,정상가동,96.9,380,60,2017,태양광,2017-11-14,경상북도 영천시청,,2025-05-08
태광태양광발전소,경상북도 영천시 북안면 옥천길 145,경상북도 영천시 북안면 옥천리 378,,,,정상가동,96.9,380,60,2017,태양광,2017-11-14,경상북도 영천시청,,2025-05-08
미래2태양광발전소,,경상북도 영천시 북안면 옥천리 7-10,,,,정상가동,95.87,380,60,2020,태양광,2020-10-15,경상북도 영천시청,,2025-05-08
스마일태양광발전소,,경상북도 영천시 북안면 옥천리 7-10,,,,정상가동,93.96,380,60,2023,태양광,2023-04-03,경상북도 영천시청,,2025-05-08
영제2태양광발전소(주),,경상북도 영천시 북안면 옥천리 7-3.,,,,정상가동,293.76,380+220,60,2018,태양광,2018-06-07,경상북도 영천시청,,2025-05-08
옥천1태양광발전소,,경상북도 영천시 북안면 옥천리 산59-1,,,,정상가동,495.04,380,60,2018,태양광,2018-09-06,경상북도 영천시청,,2025-05-08
옥천2태양광발전소,,경상북도 영천시 북안면 옥천리 산59-1,,,,정상가동,495.04,380,60,2018,태양광,2018-09-06,경상북도 영천시청,,2025-05-08
원곡2호태양광발전소,,경상북도 영천시 북안면 용계리 364,,,,정상가동,40.5,380,60,2021,태양광,2021-05-06,경상북도 영천시청,,2025-05-08
원곡2호태양광발전소,,경상북도 영천시 북안면 용계리 364,,,,정상가동,49.56,380,60,2024,태양광,2024-04-13,경상북도 영천시청,,2025-05-08
유정태양광발전소,,"경상북도 영천시 북안면 용계리 559, 559-1",,,,정상가동,51.06,380,60,2021,태양광,2021-07-09,경상북도 영천시청,,2025-05-08
알프스1호태양광발전소,경상북도 영천시 북안면 새불길 85-75,"경상북도 영천시 북안면 용계리 665, 666, 667, 668",,,,정상가동,99.6,380,60,2020,태양광,2020-04-21,경상북도 영천시청,,2025-05-08
알프스2호태양광발전소,경상북도 영천시 북안면 새불길 85-75,"경상북도 영천시 북안면 용계리 665, 666, 667, 668",,,,정상가동,99.6,380,60,2020,태양광,2020-04-21,경상북도 영천시청,,2025-05-08
알프스3호태양광발전소,경상북도 영천시 북안면 새불길 85-75,"경상북도 영천시 북안면 용계리 665, 666, 667, 668",,,,정상가동,80.93,380,60,2020,태양광,2020-04-21,경상북도 영천시청,,2025-05-08
알프스4호태양광발전소,경상북도 영천시 북안면 새불길 85-75,경상북도 영천시 북안면 용계리 667,,,,정상가동,99.6,380,60,2023,태양광,2023-12-29,경상북도 영천시청,,2025-05-08
우아3호태양광발전소,,"경상북도 영천시 북안면 용계리 674, 676",,,,정상가동,90,380,60,2024,태양광,2024-04-26,경상북도 영천시청,,2025-05-08
경일2태양광발전소,,"경상북도 영천시 북안면 용계리 682, 683-1, 684(부1동)",,,,정상가동,99.6,380,60,2021,태양광,2021-02-19,경상북도 영천시청,,2025-05-08
경일1태양광발전소,,"경상북도 영천시 북안면 용계리 682, 683-1, 684(주1동)",,,,정상가동,99.6,380,60,2021,태양광,2021-02-19,경상북도 영천시청,,2025-05-08
동춘태양광발전소,,"경상북도 영천시 북안면 용계리 산101-1, 산101-3",,,,정상가동,300,380,60,2016,태양광,2016-11-16,경상북도 영천시청,,2025-05-08
HD1호태양광발전소,,경상북도 영천시 북안면 원당리 248,,,,정상가동,149.94,380,60,2023,화력,2023-06-22,경상북도 영천시청,,2025-05-08
씨엔1호태양광발전소,경상북도 영천시 북안면 대경로 2166-114,경상북도 영천시 북안면 유하리 40-1,,,,정상가동,99.6,380,60,2023,태양광,2023-06-22,경상북도 영천시청,,2025-05-08
씨엔2호태양광발전소,경상북도 영천시 북안면 대경로 2166-114,경상북도 영천시 북안면 유하리 40-1,,,,정상가동,99.6,380,60,2023,원자력,2023-06-22,경상북도 영천시청,,2025-05-08
씨엔3호태양광발전소,경상북도 영천시 북안면 대경로 2166-114,경상북도 영천시 북안면 유하리 40-1,,,,정상가동,27,380,27,2023,태양광,2023-06-22,경상북도 영천시청,,2025-05-08
한덕태양광발전소,경상북도 영천시 북안면 팔암길 15,"경상북도 영천시 북안면 임포리 295, 296, 297",,,,정상가동,19.92,380,60,2020,태양광,2020-05-11,경상북도 영천시청,,2025-05-08
경북-21-그린뉴딜-04호태양광발전소,경상북도 영천시 북안면 운북로 2093,경상북도 영천시 북안면 임포리 431-5,,,,정상가동,99.91,380,60,2021,태양광,2021-09-09,경상북도 영천시청,,2025-05-08
오성태양광발전소,,경상북도 영천시 북안면 효리,,,,정상가동,245.7,380,60,2019,태양광,2019-05-13,경상북도 영천시청,,2025-05-08
오성태양광발전소,,경상북도 영천시 북안면 효리,,,,정상가동,99.76,380,60,2022,태양광,2022-02-23,경상북도 영천시청,,2025-05-08
용산농장2호태양광발전소,,"경상북도 영천시 북안면 효리 133, 134",,,,정상가동,94.24,380,60,2023,태양광,2023-12-15,경상북도 영천시청,,2025-05-08
용산농장3호태양광발전소,,"경상북도 영천시 북안면 효리 133, 134",,,,정상가동,94.24,380,60,2023,태양광,2023-12-15,경상북도 영천시청,,2025-05-08
용산농장1호태양광발전소,,"경상북도 영천시 북안면 효리 133, 134",,,,정상가동,99.2,380,60,2023,태양광,2023-12-15,경상북도 영천시청,,2025-05-08
미림태양광발전소,,경상북도 영천시 북안면 효리 227,,,,정상가동,99,380,60,2018,태양광,2018-04-16,경상북도 영천시청,,2025-05-08
선실2호태양광발전소,,"경상북도 영천시 북안면 효리 36, 37",,,,정상가동,55.2,380,60,2024,태양광,2024-02-12,경상북도 영천시청,,2025-05-08
선실3호태양광발전소,,"경상북도 영천시 북안면 효리 36, 37",,,,정상가동,96,380,60,2024,태양광,2024-04-04,경상북도 영천시청,,2025-05-08
선실1호태양광발전소,,경상북도 영천시 북안면 효리 36. 37,,,,정상가동,52.8,380,60,2024,태양광,2024-02-12,경상북도 영천시청,,2025-05-08
송림7호태양광발전소,,경상북도 영천시 북안면 효리 36-1,,,,정상가동,90,380,60,2024,태양광,2024-03-19,경상북도 영천시청,,2025-05-08
송림8호태양광발전소,,경상북도 영천시 북안면 효리 36-1,,,,정상가동,42,380,60,2024,태양광,2024-03-19,경상북도 영천시청,,2025-05-08
송림11호태양광발전소,,경상북도 영천시 북안면 효리 38,,,,정상가동,98.4,380,60,2024,태양광,2024-03-19,경상북도 영천시청,,2025-05-08
송림9호태양광발전소,,"경상북도 영천시 북안면 효리 40, 41",,,,정상가동,77.4,380,60,2024,태양광,2024-03-19,경상북도 영천시청,,2025-05-08
송림10호태양광발전소,,"경상북도 영천시 북안면 효리 40, 41",,,,정상가동,77.4,380,60,2024,태양광,2024-03-19,경상북도 영천시청,,2025-05-08
수희태양광,,경상북도 영천시 북안면 효리 산3,,,,정상가동,594,380,60,2017,태양광,2017-07-03,경상북도 영천시청,,2025-05-08
금광태양광발전소,,경상북도 영천시 북안면 효리 산3-5,,,,정상가동,492.75,380,60,2018,태양광,2018-07-31,경상북도 영천시청,,2025-05-08
에코솔라태양광발전소,,"경상북도 영천시 북안면 효리 산36-14, 산36-15",,,,정상가동,997.56,22900,60,2017,태양광,2017-12-04,경상북도 영천시청,,2025-05-08
시은2호태양광발전소,,경상북도 영천시 북안면 효리 산36-16,,,,정상가동,99.36,380,60,2018,태양광,2018-07-17,경상북도 영천시청,,2025-05-08
경상태양광발전소,,경상북도 영천시 북안면 효리 산82-1,,,,정상가동,998.4,22900,60,2015,태양광,2015-11-10,경상북도 영천시청,,2025-05-08
한국쏠라3호태양광발전소,,경상북도 영천시 북안면 효리 산82-1,,,,정상가동,998.4,22900,60,2023,태양광,2023-09-22,경상북도 영천시청,,2025-05-08
효리2태양광발전소,,경상북도 영천시 북안면 효리 산88 → 394-1,,,,정상가동,197.1,380,60,2018,태양광,2018-07-16,경상북도 영천시청,,2025-05-08
서산태양광발전소,경상북도 영천시 장수로 358-5,경상북도 영천시 서부동 231,,,,정상가동,1000,380,60,2009,태양광,2009-03-02,경상북도 영천시청,,2025-05-08
서산태양광발전소,경상북도 영천시 장수로 358-5,경상북도 영천시 서부동 231,,,,정상가동,1000,22900,60,2009,태양광,2009-03-02,경상북도 영천시청,,2025-05-08
서산태양광발전소,경상북도 영천시 장수로 358-5,경상북도 영천시 서부동 231,,,,정상가동,70,380,60,2014,태양광,2014-10-23,경상북도 영천시청,,2025-05-08
서산3태양광발전소,경상북도 영천시 장수로 358-5,경상북도 영천시 서부동 231,,,,정상가동,29.64,380,60,2020,태양광,2020-09-01,경상북도 영천시청,,2025-05-08
신하명1호태양광발전소,,경상북도 영천시 서부동 대전동 105-2,,,,정상가동,98.18,380,60,2023,태양광,2023-03-17,경상북도 영천시청,,2025-05-08
신하명2호태양광발전소,,경상북도 영천시 서부동 대전동 105-2,,,,정상가동,98.77,380,60,2023,태양광,2023-03-17,경상북도 영천시청,,2025-05-08
정현자색감태양광발전소,,경상북도 영천시 서부동 대전동 246-1,,,,정상가동,99.91,380,60,2022,태양광,2022-07-25,경상북도 영천시청,,2025-05-08
다빈태양광발전소,,경상북도 영천시 서부동 대전동 451-3,,,,정상가동,29.2,380,60,2018,태양광,2018-06-19,경상북도 영천시청,,2025-05-08
머쉬룸태양광발전소,,경상북도 영천시 서부동 대전동 568-7,,,,정상가동,32.5,380,60,2013,태양광,2013-05-20,경상북도 영천시청,,2025-05-08
동양태양광발전소,,경상북도 영천시 서부동 대전동 708-25,,,,정상가동,57.54,380,60,2021,태양광,2021-06-17,경상북도 영천시청,,2025-05-08
화광2태양광발전소,,경상북도 영천시 서부동 대전동 708-34,,,,정상가동,27.72,380,60,2021,태양광,2021-06-17,경상북도 영천시청,,2025-05-08
화광1태양광발전소,,경상북도 영천시 서부동 대전동 708-34,,,,정상가동,83.16,380,60,2021,태양광,2021-06-17,경상북도 영천시청,,2025-05-08
민제태양광발전소,,경상북도 영천시 서부동 대전동 883,,,,정상가동,28.8,380,60,2019,태양광,2019-11-19,경상북도 영천시청,,2025-05-08
민제2태양광발전소,,경상북도 영천시 서부동 대전동 885,,,,정상가동,29.9,380,60,2021,태양광,2021-08-11,경상북도 영천시청,,2025-05-08
박원일태양광발전소,,경상북도 영천시 서부동 서산동 210-1,,,,정상가동,198,380,60,2018,태양광,2018-03-21,경상북도 영천시청,,2025-05-08
청림태양광발전소,,경상북도 영천시 서부동 서산동 210-4,,,,정상가동,99,380,60,2019,태양광,2019-03-28,경상북도 영천시청,,2025-05-08
서산2태양광발전소,,경상북도 영천시 서부동 서산동 231-4,,,,정상가동,99,380,60,2016,태양광,2016-10-14,경상북도 영천시청,,2025-05-08
서산동2호태양광발전소,,"경상북도 영천시 서부동 서산동 250-1, 250-16",,,,정상가동,70.8,380,60,2022,태양광,2022-10-28,경상북도 영천시청,,2025-05-08
서산동1호태양광발전소,,"경상북도 영천시 서부동 서산동 250-1, 250-16",,,,정상가동,99.71,380,60,2022,태양광,2022-10-28,경상북도 영천시청,,2025-05-08
성곡태양광발전소,,경상북도 영천시 서부동 서산동 512-12,,,,정상가동,50,380,60,2019,태양광,2019-01-21,경상북도 영천시청,,2025-05-08
서운3호태양광발전소,,"경상북도 영천시 서부동 서산동 713-1, 714, 716, 717, 718, 721, 838-1",,,,정상가동,99.99,380,60,2023,태양광,2023-11-28,경상북도 영천시청,,2025-05-08
서운4호태양광발전소,,"경상북도 영천시 서부동 서산동 713-1, 714, 716, 717, 718, 721, 838-1",,,,정상가동,99.5,380,60,2023,태양광,2023-11-28,경상북도 영천시청,,2025-05-08
서운2호태양광발전소,,"경상북도 영천시 서부동 서산동 713-1, 714, 716, 717, 721",,,,정상가동,99.96,380,60,2022,태양광,2022-11-29,경상북도 영천시청,,2025-05-08
서운1호태양광발전소,,"경상북도 영천시 서부동 서산동 713-1, 714, 716, 717, 721",,,,정상가동,99.96,380,60,2022,태양광,2022-11-29,경상북도 영천시청,,2025-05-08
서산태양광제2발전소,,경상북도 영천시 서부동 서산동 978-1,,,,정상가동,998.56,22900,60,2020,태양광,2020-04-06,경상북도 영천시청,,2025-05-08
DGB태양광발전소,,경상북도 영천시 서부동 서산동 978-1,,,,정상가동,99.54,380,60,2020,태양광,2020-10-15,경상북도 영천시청,,2025-05-08
신재영태양광발전소,,경상북도 영천시 서부동 서산동 994,,,,정상가동,98.56,380,60,2015,태양광,2015-03-23,경상북도 영천시청,,2025-05-08
장수태양광발전소,,경상북도 영천시 서부동 성내동 243-6,,,,정상가동,29.58,380,60,2022,태양광,2022-07-14,경상북도 영천시청,,2025-05-08
유호태양광발전소,,경상북도 영천시 서부동 쌍계동 271-2,,,,정상가동,49.8,380,60,2020,태양광,2020-02-28,경상북도 영천시청,,2025-05-08
성화태양광발전소,,경상북도 영천시 서부동 쌍계동 396,,,,정상가동,41.5,380,60,2020,태양광,2020-02-27,경상북도 영천시청,,2025-05-08
오수1호태양광발전소,,경상북도 영천시 서부동 오수동 134-1,,,,정상가동,16.56,380,60,2018,태양광,2018-05-24,경상북도 영천시청,,2025-05-08
오수태양광발전소,,경상북도 영천시 서부동 오수동 149-8,,,,정상가동,99.96,380,60,2023,태양광,2023-06-01,경상북도 영천시청,,2025-05-08
이원철태양광발전소,,"경상북도 영천시 서부동 오수동 197, 194, 195-2, 196",,,,정상가동,99.96,380,60,2023,태양광,2023-05-10,경상북도 영천시청,,2025-05-08
해일태양광발전소,,경상북도 영천시 서부동 오수동 409-22,,,,정상가동,99.22,380,60,2024,태양광,2024-03-07,경상북도 영천시청,,2025-05-08
해이태양광발전소,,경상북도 영천시 서부동 오수동 409-22,,,,정상가동,99.22,380,60,2024,태양광,2024-03-07,경상북도 영천시청,,2025-05-08
해삼태양광발전소,,경상북도 영천시 서부동 오수동 409-22,,,,정상가동,99.22,380,60,2024,태양광,2024-03-07,경상북도 영천시청,,2025-05-08
해사태양광발전소,,경상북도 영천시 서부동 오수동 409-22,,,,정상가동,99.22,380,60,2024,태양광,2024-03-07,경상북도 영천시청,,2025-05-08
해오태양광발전소,,경상북도 영천시 서부동 오수동 409-22,,,,정상가동,60.5,380,60,2024,태양광,2024-03-07,경상북도 영천시청,,2025-05-08
씨엔4호태양광발전소,,경상북도 영천시 서부동 오수동 95-1,,,,정상가동,99.49,380,60,2022,태양광,2022-12-02,경상북도 영천시청,,2025-05-08
(주)기가스태양광발전소,,"경상북도 영천시 서부동 화룡동 329-2, 329-3",,,,정상가동,98.28,380,60,2021,태양광,2021-05-20,경상북도 영천시청,,2025-05-08
제이앤에스태양광발전소,,"경상북도 영천시 서부동 화룡동 331, 331-1, 331-2",,,,정상가동,99,380,60,2008,태양광,2008-02-20,경상북도 영천시청,,2025-05-08
번영1호태양광발전소,경상북도 영천시 장수로 330,경상북도 영천시 서산동 190-26,,,,정상가동,99.96,380,60,2023,태양광,2023-06-19,경상북도 영천시청,,2025-05-08
번영2호태양광발전소,경상북도 영천시 장수로 330,경상북도 영천시 서산동 190-26,,,,정상가동,29.7,380,60,2023,태양광,2023-06-19,경상북도 영천시청,,2025-05-08
영천성내태양광발전소,경상북도 영천시 강변로 8,경상북도 영천시 성내동 192-4,,,,정상가동,20,380,60,2014,태양광,2014-07-07,경상북도 영천시청,,2025-05-08
신흥7태양광발전소,,"경상북도 영천시 신녕면 매양리 180-1, 182",,,,정상가동,146.91,380,60,2022,태양광,2022-09-20,경상북도 영천시청,,2025-05-08
신흥6태양광발전소,,"경상북도 영천시 신녕면 매양리 180-1, 182",,,,정상가동,99.12,380,60,2022,태양광,2022-09-20,경상북도 영천시청,,2025-05-08
신흥5태양광발전소,,"경상북도 영천시 신녕면 매양리 180-1, 182",,,,정상가동,99.12,380,60,2022,태양광,2022-09-20,경상북도 영천시청,,2025-05-08
신흥4태양광발전소,,"경상북도 영천시 신녕면 매양리 180-1, 182",,,,정상가동,37.76,380,60,2022,태양광,2022-09-20,경상북도 영천시청,,2025-05-08
신흥3태양광발전소,,"경상북도 영천시 신녕면 매양리 180-1, 182",,,,정상가동,99.96,380,60,2022,태양광,2022-09-20,경상북도 영천시청,,2025-05-08
신흥2태양광발전소,,"경상북도 영천시 신녕면 매양리 180-1, 182",,,,정상가동,99.12,380,60,2022,태양광,2022-09-20,경상북도 영천시청,,2025-05-08
신흥1태양광발전소,,"경상북도 영천시 신녕면 매양리 180-1, 182",,,,정상가동,99.12,380,60,2022,태양광,2022-09-20,경상북도 영천시청,,2025-05-08
시완민채2호태양광발전소,경상북도 영천시 신녕면 치산효령로 417,경상북도 영천시 신녕면 부산리 267,,,,정상가동,99.96,380,60,2023,태양광,2023-05-03,경상북도 영천시청,,2025-05-08
나윤태양광발전소,경상북도 영천시 신녕면 치산효령로 417,경상북도 영천시 신녕면 부산리 268-1,,,,정상가동,44.63,380,60,2023,태양광,2023-05-03,경상북도 영천시청,,2025-05-08
시완민채5호태양광발전소,경상북도 영천시 신녕면 치산효령로 417,경상북도 영천시 신녕면 부산리 268-1,,,,정상가동,99.96,380,60,2023,태양광,2023-05-03,경상북도 영천시청,,2025-05-08
시완민채3호태양광발전소,경상북도 영천시 신녕면 치산효령로 417,경상북도 영천시 신녕면 부산리 268-1,,,,정상가동,99.96,380,60,2023,태양광,2023-05-03,경상북도 영천시청,,2025-05-08
시완민채1호태양광발전소,경상북도 영천시 신녕면 치산효령로 417,경상북도 영천시 신녕면 부산리 268-1,,,,정상가동,99.96,380,60,2023,태양광,2023-05-03,경상북도 영천시청,,2025-05-08
시완민채4호태양광발전소,경상북도 영천시 신녕면 치산효령로 417,경상북도 영천시 신녕면 부산리 268-1,,,,정상가동,99.96,380,60,2023,태양광,2023-05-03,경상북도 영천시청,,2025-05-08
머쉬고2태양광발전소,,경상북도 영천시 신녕면 부산리 319,,,,정상가동,70.8,380,60,2024,태양광,2024-02-07,경상북도 영천시청,,2025-05-08
연합정공영천태양광발전소,경상북도 영천시 신녕면 치산효령로 485,경상북도 영천시 신녕면 부산리 548-2,,,,정상가동,99.96,380,60,2023,태양광,2023-11-02,경상북도 영천시청,,2025-05-08
대운산업태양광발전소,,경상북도 영천시 신녕면 신덕리 308-1,,,,정상가동,115.32,380,60,2023,태양광,2023-06-19,경상북도 영천시청,,2025-05-08
승일제1태양광발전소,경상북도 영천시 신녕면 신정길 107,경상북도 영천시 신녕면 신덕리 310-1,,,,정상가동,99,380,60,2017,태양광,2017-03-17,경상북도 영천시청,,2025-05-08
승일제3태양광태양광발전소,경상북도 영천시 신녕면 신정길 107,경상북도 영천시 신녕면 신덕리 310-1,,,,정상가동,99,380,60,2017,태양광,2017-07-18,경상북도 영천시청,,2025-05-08
승일제대4호태양광발전소,경상북도 영천시 신녕면 신정길 107,경상북도 영천시 신녕면 신덕리 310-1,,,,정상가동,98.77,380,60,2019,태양광,2019-12-05,경상북도 영천시청,,2025-05-08
승일제대2호태양광발전소,경상북도 영천시 신녕면 신정길 107,경상북도 영천시 신녕면 신덕리 310-1,,,,정상가동,98.77,380,60,2019,태양광,2019-12-05,경상북도 영천시청,,2025-05-08
승일제대5호태양광발전소,,"경상북도 영천시 신녕면 신덕리 310-1, 311-5",,,,정상가동,98.77,380,60,2023,태양광,2023-05-18,경상북도 영천시청,,2025-05-08
연정바이오1호태양광발전소,경상북도 영천시 신녕면 신정길 59-54,경상북도 영천시 신녕면 신덕리 340-6,,,,정상가동,99.45,380,60,2021,태양광,2021-09-13,경상북도 영천시청,,2025-05-08
연정바이오2호태양광발전소,,경상북도 영천시 신녕면 신덕리 340-6,,,,정상가동,99.45,380,60,2021,태양광,2021-09-13,경상북도 영천시청,,2025-05-08
연정바이오3호태양광발전소,경상북도 영천시 신녕면 신정길 59-54,경상북도 영천시 신녕면 신덕리 340-6,,,,정상가동,78.26,380,60,2022,태양광,2022-02-18,경상북도 영천시청,,2025-05-08
연정바이오4호태양광발전소,,경상북도 영천시 신녕면 신덕리 340-6,,,,정상가동,78.26,380,60,2022,태양광,2022-02-18,경상북도 영천시청,,2025-05-08
연정3호태양광발전소,경상북도 영천시 신녕면 관기길 158,경상북도 영천시 신녕면 신덕리 340-7,,,,정상가동,99.9,380,60,2020,태양광,2020-06-01,경상북도 영천시청,,2025-05-08
연정태양광발전소,,"경상북도 영천시 신녕면 신덕리 완전리 340-14, 151",,,,정상가동,99.9,380,60,2019,태양광,2019-11-19,경상북도 영천시청,,2025-05-08
싱싱4호태양광발전소,,경상북도 영천시 신녕면 연정리 833,,,,정상가동,98.02,380,60,2022,태양광,2022-03-28,경상북도 영천시청,,2025-05-08
싱싱3호태양광발전소,,경상북도 영천시 신녕면 연정리 833,,,,정상가동,98.02,380,60,2022,태양광,2022-03-28,경상북도 영천시청,,2025-05-08
스페셜그린8호발전소,,경상북도 영천시 신녕면 완전리 700-1,,,,정상가동,334.56,380,60,2023,태양광,2023-06-01,경상북도 영천시청,,2025-05-08
대아태양광발전소,경상북도 영천시 신녕면 완전공단길 24,경상북도 영천시 신녕면 완전리 700-9,,,,정상가동,256.5,380,60,2016,태양광,2016-11-30,경상북도 영천시청,,2025-05-08
한일태양광발전소,,경상북도 영천시 신녕면 왕산리 123,,,,정상가동,19.14,380,60,2022,수력,2022-10-20,경상북도 영천시청,,2025-05-08
하헌국태양광발전소2호,"경상북도 영천시 신녕면 왕산과수길 97, 93","경상북도 영천시 신녕면 왕산리 398, 398-4",,,,정상가동,30.35,380,60,2023,태양광,2023-06-01,경상북도 영천시청,,2025-05-08
하헌국태양광발전소1호,경상북도 영천시 신녕면 왕산과수길 89,경상북도 영천시 신녕면 왕산리 398-6,,,,정상가동,85.68,380,60,2023,태양광,2023-06-01,경상북도 영천시청,,2025-05-08
서산6태양광발전소,,경상북도 영천시 신녕면 왕산리 434,,,,정상가동,19.08,380,60,2023,태양광,2023-05-18,경상북도 영천시청,,2025-05-08
금빛3태양광발전소,,"경상북도 영천시 신녕면 치산리 915, 916",,,,정상가동,99,380,60,2018,태양광,2018-07-10,경상북도 영천시청,,2025-05-08
금빛4태양광발전소,,경상북도 영천시 신녕면 치산리 916,,,,정상가동,99,380,60,2018,태양광,2018-07-10,경상북도 영천시청,,2025-05-08
금빛5태양광발전소,,"경상북도 영천시 신녕면 치산리 928-2, 937, 938",,,,정상가동,99.96,380,60,2018,태양광,2018-08-13,경상북도 영천시청,,2025-05-08
한결태양광발전소,경상북도 영천시 신녕면 장수로 1904,경상북도 영천시 신녕면 화남리 125-1,,,,정상가동,36.4,380,60,2021,태양광,2021-09-06,경상북도 영천시청,,2025-05-08
대성산업태양광발전소,,경상북도 영천시 신녕면 화남리 1365 외 5필지,,,,정상가동,198,380,60,2017,태양광,2017-06-12,경상북도 영천시청,,2025-05-08
라이트선101태양광발전소,,경상북도 영천시 신녕면 화남리 1567-1,,,,정상가동,97.28,380,60,2017,태양광,2017-07-24,경상북도 영천시청,,2025-05-08
라이트선201태양광발전소,,경상북도 영천시 신녕면 화남리 1567-1,,,,정상가동,194.56,380,60,2017,태양광,2017-07-24,경상북도 영천시청,,2025-05-08
수력에너지태양광발전소,,경상북도 영천시 신녕면 화남리 1567-1,,,,정상가동,97.28,380,60,2017,태양광,2017-07-24,경상북도 영천시청,,2025-05-08
으뜸원태양광발전소,,"경상북도 영천시 신녕면 화남리 1567-1, 1567-3",,,,정상가동,99.23,380,60,2017,태양광,2017-08-09,경상북도 영천시청,,2025-05-08
은진태양광발전소,,"경상북도 영천시 신녕면 화남리 1567-1, 1567-3",,,,정상가동,199.68,380,60,2017,태양광,2017-08-09,경상북도 영천시청,,2025-05-08
(주)제이원태양광발전소,,"경상북도 영천시 신녕면 화남리 1567-1, 1567-3",,,,정상가동,496.64,380,60,2017,태양광,2017-08-09,경상북도 영천시청,,2025-05-08
연백햇빛발전소,경상북도 영천시 신녕면 화해길 117,경상북도 영천시 신녕면 화남리 179,,,,정상가동,30,380,60,2012,태양광,2012-08-16,경상북도 영천시청,,2025-05-08
화남리태양광발전소,경상북도 영천시 신녕면 장수로 2023,경상북도 영천시 신녕면 화남리 936-3,,,,정상가동,99.9,380,60,2019,태양광,2019-12-17,경상북도 영천시청,,2025-05-08
이영선태양광,,"경상북도 영천시 신녕면 화서리 201, 202, 203, 204, 205, 206",,,,정상가동,394.2,380,60,2018,태양광,2018-08-01,경상북도 영천시청,,2025-05-08
하마지1태양광발전소,,"경상북도 영천시 신녕면 화성리 257-1, 281-1",,,,정상가동,99.5,380,60,2023,태양광,2023-04-10,경상북도 영천시청,,2025-05-08
하마지2태양광발전소,,"경상북도 영천시 신녕면 화성리 257-1, 281-1",,,,정상가동,17.36,380,60,2023,태양광,2023-12-13,경상북도 영천시청,,2025-05-08
케이시스템화성태양광발전소,,"경상북도 영천시 신녕면 화성리 39, 40, 43-1, 43-2, 44, 45",,,,정상가동,921.6,22900,60,2024,태양광,2024-03-18,경상북도 영천시청,,2025-05-08
써니태양광발전소,,"경상북도 영천시 신녕면 화성리 43-2, 40",,,,정상가동,99.84,380,60,2024,태양광,2024-03-18,경상북도 영천시청,,2025-05-08
굼벅스팜태양광발전소,경상북도 영천시 신녕면 완화길 138,경상북도 영천시 신녕면 화성리 465,,,,정상가동,51.3,380,60,2020,태양광,2020-09-01,경상북도 영천시청,,2025-05-08
성돈3태양광,경상북도 영천시 신녕면 장수로 1719-4,경상북도 영천시 신녕면 화성리 805-2,,,,정상가동,49.98,380,60,2024,태양광,2024-06-03,경상북도 영천시청,,2025-05-08
성돈3태양광,경상북도 영천시 신녕면 장수로 1719-4,경상북도 영천시 신녕면 화성리 805-2,,,,정상가동,49.98,380,60,2024,태양광,2024-06-03,경상북도 영천시청,216.99,2025-05-08
현대1호태양광발전소,경상북도 영천시 오수5길 106,경상북도 영천시 오수동 409-19,,,,정상가동,99,380,60,2017,태양광,2017-03-17,경상북도 영천시청,,2025-05-08
국화원2태양광발전소,,경상북도 영천시 오수동 오수동 301-2,,,,정상가동,49.8,380,60,2024,태양광,2024-02-20,경상북도 영천시청,,2025-05-08
용산태양광발전소,,"경상북도 영천시 완산동 완산동 1250-7, 1250-88",,,,정상가동,70.21,380,60,2023,태양광,2023-03-24,경상북도 영천시청,,2025-05-08
미찌미태양광발전소,경상북도 영천시 개곡마을길 15-110,경상북도 영천시 완산동 완산동 367,,,,정상가동,99.84,380,60,2021,태양광,2021-10-15,경상북도 영천시청,,2025-05-08
포도밭태양광발전소,,경상북도 영천시 완산동 완산동 367,,,,정상가동,99.84,380,60,2021,태양광,2021-10-15,경상북도 영천시청,,2025-05-08
정헌태양광발전소,,경상북도 영천시 완산동 완산동 367,,,,정상가동,45.12,380,60,2021,태양광,2021-10-15,경상북도 영천시청,,2025-05-08
서강태양광발전소,경상북도 영천시 영화로 260,경상북도 영천시 완산동 완산동 635-2,,,,정상가동,99.2,380,60,2016,태양광,2016-10-31,경상북도 영천시청,,2025-05-08
디오태양광발전소,,경상북도 영천시 완산동 완산동 836,,,,정상가동,19.57,380,60,2022,태양광,2022-02-04,경상북도 영천시청,,2025-05-08
신흥이수빈태양광,,경상북도 영천시 완산동 완산동 905-23,,,,정상가동,17.5,380,60,2023,태양광,2023-10-10,경상북도 영천시청,,2025-05-08
영천공설시장태양광발전소,경상북도 영천시 시장4길 30,경상북도 영천시 완산동 완산동 982-31,,,,정상가동,72.8,380,60,2015,태양광,2015-11-06,경상북도 영천시청,,2025-05-08
서광태양광발전소,,경상북도 영천시 임고면 고천리 107,,,,정상가동,98.56,220,60,2015,태양광,2015-06-16,경상북도 영천시청,,2025-05-08
동광태양광발전소,,경상북도 영천시 임고면 고천리 107,,,,정상가동,73.92,380,60,2016,태양광,2016-09-22,경상북도 영천시청,,2025-05-08
정숙5호태양광발전소,,"경상북도 영천시 임고면 고천리 474-1, 474-15",,,,정상가동,99.9,380,60,2022,태양광,2022-11-25,경상북도 영천시청,,2025-05-08
정숙4호태양광발전소,,"경상북도 영천시 임고면 고천리 474-1, 474-15",,,,정상가동,99.9,380,60,2022,태양광,2022-11-25,경상북도 영천시청,,2025-05-08
정숙3호태양광발전소,,"경상북도 영천시 임고면 고천리 474-1, 474-15",,,,정상가동,99.96,380,60,2022,태양광,2022-11-25,경상북도 영천시청,,2025-05-08
정숙2호태양광발전소,,"경상북도 영천시 임고면 고천리 474-1, 474-15",,,,정상가동,99.96,380,60,2022,태양광,2022-11-25,경상북도 영천시청,,2025-05-08
정숙1호태양광발전소,,"경상북도 영천시 임고면 고천리 474-1, 474-15",,,,정상가동,99.96,380,60,2022,태양광,2022-11-25,경상북도 영천시청,,2025-05-08
석현5호태양광발전소,,"경상북도 영천시 임고면 고천리 474-1, 474-15",,,,정상가동,99.9,380,60,2022,태양광,2022-11-25,경상북도 영천시청,,2025-05-08
석현4호태양광발전소,,"경상북도 영천시 임고면 고천리 474-1, 474-15",,,,정상가동,99.9,380,60,2022,태양광,2022-11-25,경상북도 영천시청,,2025-05-08
석현3호태양광발전소,,"경상북도 영천시 임고면 고천리 474-1, 474-15",,,,정상가동,99.96,380,60,2022,태양광,2022-11-25,경상북도 영천시청,,2025-05-08
석현2호태양광발전소,,"경상북도 영천시 임고면 고천리 474-1, 474-15",,,,정상가동,99.96,380,60,2022,태양광,2022-11-25,경상북도 영천시청,,2025-05-08
석현1호태양광발전소,,"경상북도 영천시 임고면 고천리 474-1, 474-15",,,,정상가동,99.96,380,60,2022,태양광,2022-11-25,경상북도 영천시청,,2025-05-08
둥그스레태양광발전소,,"경상북도 영천시 임고면 고천리 산26-3, 46, 47",,,,정상가동,99.2,380,60,2017,태양광,2017-06-01,경상북도 영천시청,,2025-05-08
하나로파워태양광발전소,,"경상북도 영천시 임고면 고천리 산26-3, 46, 47",,,,정상가동,99.2,380,60,2017,태양광,2017-06-01,경상북도 영천시청,,2025-05-08
해드림태양광발전소,,"경상북도 영천시 임고면 고천리 산26-3, 46, 47",,,,정상가동,99.2,380,60,2017,태양광,2017-06-07,경상북도 영천시청,,2025-05-08
다정태양광발전소,,"경상북도 영천시 임고면 고천리 산26-3, 46, 47",,,,정상가동,99.2,380,60,2017,태양광,2017-06-07,경상북도 영천시청,,2025-05-08
매정태양광발전소,,"경상북도 영천시 임고면 고천리 산26-3, 46, 47",,,,정상가동,99.2,380,60,2017,태양광,2017-06-07,경상북도 영천시청,,2025-05-08
수궁2태양광발전소,,"경상북도 영천시 임고면 고천리 산26-3, 46, 47",,,,정상가동,99.2,380,60,2017,태양광,2017-06-07,경상북도 영천시청,,2025-05-08
에벤에셀태양광발전소,,"경상북도 영천시 임고면 고천리 산26-3, 46, 47",,,,정상가동,99.2,380,60,2017,태양광,2017-06-07,경상북도 영천시청,,2025-05-08
나이스쏠라태양광발전소,,"경상북도 영천시 임고면 고천리 산26-3, 46, 47",,,,정상가동,99.2,380,60,2017,태양광,2017-06-07,경상북도 영천시청,,2025-05-08
세실쏠라태양광발전소,,"경상북도 영천시 임고면 고천리 산26-3, 46, 47",,,,정상가동,99.2,380,60,2017,태양광,2017-06-07,경상북도 영천시청,,2025-05-08
창명2쏠라태양광발전소,,"경상북도 영천시 임고면 고천리 산26-3, 46, 47",,,,정상가동,99.2,380,60,2017,태양광,2017-06-07,경상북도 영천시청,,2025-05-08
대승2호태양광발전소,경상북도 영천시 임고면 금대2길 22,경상북도 영천시 임고면 금대리 50,,,,정상가동,19.92,380,60,2020,태양광,2020-07-03,경상북도 영천시청,,2025-05-08
영천(포항)휴게소발전소,,경상북도 영천시 임고면 금대리 산30-10 외 10,,,,정상가동,337.48,380,60,2015,태양광,2015-08-04,경상북도 영천시청,,2025-05-08
케이파워임고,,경상북도 영천시 임고면 덕연리 819 외 9필지,,,,정상가동,200,22900,60,2008,태양광,2008-02-19,경상북도 영천시청,,2025-05-08
추수철태양광발전소1호,경상북도 영천시 임고면 포은로 240-217,경상북도 영천시 임고면 매호리 1030,,,,정상가동,99.76,380,60,2023,지열,2023-05-16,경상북도 영천시청,,2025-05-08
추수철태양광발전소2호,,"경상북도 영천시 임고면 매호리 1030, 동부동 언하동 759",,,,정상가동,99.76,380,60,2023,태양광,2023-05-16,경상북도 영천시청,,2025-05-08
우암5호태양광발전소,경상북도 영천시 임고면 포은로 240-150,경상북도 영천시 임고면 매호리 281-37,,,,정상가동,97.2,380,60,2019,태양광,2019-12-31,경상북도 영천시청,,2025-05-08
우암4호태양광발전소,경상북도 영천시 임고면 포은로 240-150,경상북도 영천시 임고면 매호리 281-37,,,,정상가동,97.2,380,60,2019,태양광,2019-12-31,경상북도 영천시청,,2025-05-08
우암10호태양광발전소,경상북도 영천시 임고면 포은로 240-150,경상북도 영천시 임고면 매호리 281-37,,,,정상가동,97.2,380,60,2020,태양광,2020-02-27,경상북도 영천시청,,2025-05-08
우암제2태양광발전소,경상북도 영천시 임고면 포은로 240-150,경상북도 영천시 임고면 매호리 281-42,,,,정상가동,99.23,380,60,2016,태양광,2016-10-20,경상북도 영천시청,,2025-05-08
우암9호태양광발전소,,경상북도 영천시 임고면 매호리 281-43,,,,정상가동,97.2,380,60,2019,태양광,2019-12-31,경상북도 영천시청,,2025-05-08
우암8호태양광발전소,,경상북도 영천시 임고면 매호리 281-43,,,,정상가동,97.2,380,60,2019,태양광,2019-12-31,경상북도 영천시청,,2025-05-08
우암7호태양광발전소,,"경상북도 영천시 임고면 매호리 281-43, 281-44",,,,정상가동,97.2,380,60,2019,태양광,2019-12-31,경상북도 영천시청,,2025-05-08
우암6호태양광발전소,,"경상북도 영천시 임고면 매호리 281-43, 281-44",,,,정상가동,97.2,380,60,2019,태양광,2019-12-31,경상북도 영천시청,,2025-05-08
우암태양광발전소,경상북도 영천시 임고면 포은로 240-150,"경상북도 영천시 임고면 매호리 281-5, 281-38, 281-42",,,,정상가동,96.72,380,60,2014,태양광,2014-03-21,경상북도 영천시청,,2025-05-08
우암제3태양광발전소,,"경상북도 영천시 임고면 매호리 281-5, 281-38, 281-42",,,,정상가동,99.23,380,60,2016,태양광,2016-10-20,경상북도 영천시청,,2025-05-08
자두태양광발전소,경상북도 영천시 임고면 포은로 205-1,"경상북도 영천시 임고면 매호리 659, 659-1, 663-1, 663-3",,,,정상가동,96.6,380,60,2020,태양광,2020-09-14,경상북도 영천시청,,2025-05-08
매호운천태양광발전소,,경상북도 영천시 임고면 매호리 674-2,,,,정상가동,50.4,380,60,2024,태양광,2024-07-22,경상북도 영천시청,224,2025-05-08
찌릿찌릿2호태양광발전소,경상북도 영천시 임고면 포은로 222,경상북도 영천시 임고면 매호리 719,,,,정상가동,81.45,380,60,2020,태양광,2020-11-09,경상북도 영천시청,,2025-05-08
전기냠냠2호태양광발전소,,경상북도 영천시 임고면 매호리 719,,,,정상가동,81.45,380,60,2020,태양광,2020-11-09,경상북도 영천시청,,2025-05-08
아이엘3호태양광발전소,"경상북도 영천시 임고면 매호운천길 78, 80","경상북도 영천시 임고면 매호리 856-4, 856-1",,,,정상가동,1230,22900,60,2023,태양광,2023-11-23,경상북도 영천시청,,2025-05-08
솔라에너지6호태양광발전소,,"경상북도 영천시 임고면 매호리 861-10, 861-11",,,,정상가동,96.25,380,60,2024,태양광,2024-06-13,경상북도 영천시청,,2025-05-08
솔라에너지7호태양광발전소,,"경상북도 영천시 임고면 매호리 861-10, 861-11",,,,정상가동,92.5,380,60,2024,태양광,2024-06-13,경상북도 영천시청,,2025-05-08
솔라에너지6호태양광발전소,,"경상북도 영천시 임고면 매호리 861-10, 861-11",,,,정상가동,96.25,380,60,2024,태양광,2024-06-13,경상북도 영천시청,415.81,2025-05-08
솔라에너지7호태양광발전소,,"경상북도 영천시 임고면 매호리 861-10, 861-11",,,,정상가동,92.5,380,60,2024,태양광,2024-06-13,경상북도 영천시청,399.61,2025-05-08
솔라에너지8호태양광발전소,,"경상북도 영천시 임고면 매호리 861-10, 861-11",,,,정상가동,50.4,380,60,2024,태양광,2024-07-22,경상북도 영천시청,,2025-05-08
솔라에너지8호태양광발전소,,"경상북도 영천시 임고면 매호리 861-10, 861-11",,,,정상가동,50.4,380,60,2024,태양광,2024-07-22,경상북도 영천시청,216,2025-05-08
태동현2호태양광발전소,경상북도 영천시 임고면 매호운천길 92-16,경상북도 영천시 임고면 매호리 861-13,,,,정상가동,99.6,380,60,2020,태양광,2020-06-29,경상북도 영천시청,,2025-05-08
태동현1호태양광발전소,경상북도 영천시 임고면 매호운천길 92-16,경상북도 영천시 임고면 매호리 861-13,,,,정상가동,99.6,380,60,2020,태양광,2020-06-29,경상북도 영천시청,,2025-05-08
대영태양광발전소,경상북도 영천시 임고면 매호운천길 108,경상북도 영천시 임고면 매호리 864,,,,정상가동,333,380,60,2019,태양광,2019-09-23,경상북도 영천시청,,2025-05-08
WJ태양광발전소,,"경상북도 영천시 임고면 매호리 894, 894-2, 893",,,,정상가동,98.1,380,60,2022,태양광,2022-09-29,경상북도 영천시청,,2025-05-08
WS태양광발전소,,"경상북도 영천시 임고면 매호리 894, 894-2, 893",,,,정상가동,98.65,380,60,2022,태양광,2022-09-29,경상북도 영천시청,,2025-05-08
YO태양광발전소,,"경상북도 영천시 임고면 매호리 894, 894-2, 893",,,,정상가동,97.56,380,60,2022,태양광,2022-09-29,경상북도 영천시청,,2025-05-08
IA태양광발전소,,"경상북도 영천시 임고면 매호리 894, 894-2, 893",,,,정상가동,98.1,380,60,2022,태양광,2022-09-29,경상북도 영천시청,,2025-05-08
IH태양광발전소,,"경상북도 영천시 임고면 매호리 894, 894-2, 893",,,,정상가동,99.19,380,60,2022,태양광,2022-09-29,경상북도 영천시청,,2025-05-08
동형폴리텍스태양광발전소,경상북도 영천시 임고면 매호운천길 129,경상북도 영천시 임고면 매호리 896,,,,정상가동,167.4,380,60,2023,태양광,2023-11-06,경상북도 영천시청,,2025-05-08
태양발전소,,경상북도 영천시 임고면 매호리 915-2,,,,정상가동,97.2,380,60,2018,태양광,2018-02-26,경상북도 영천시청,,2025-05-08
동민태양광발전소,,경상북도 영천시 임고면 매호리 918-8,,,,정상가동,98.65,380,60,2023,태양광,2023-09-20,경상북도 영천시청,,2025-05-08
용천제2태양광발전소,,"경상북도 영천시 임고면 매호리 921, 922-1",,,,정상가동,98.65,470,60,2023,태양광,2023-03-02,경상북도 영천시청,,2025-05-08
용천제1태양광발전소,,"경상북도 영천시 임고면 매호리 921, 922-1",,,,정상가동,98.1,380,60,2023,태양광,2023-03-02,경상북도 영천시청,,2025-05-08
행복제1태양광발전소,경상북도 영천시 임고면 매호운천길 173,경상북도 영천시 임고면 매호리 924,,,,정상가동,90.75,380,60,2024,태양광,2024-02-05,경상북도 영천시청,,2025-05-08
행복제2태양광발전소,경상북도 영천시 임고면 매호운천길 173,경상북도 영천시 임고면 매호리 924,,,,정상가동,90.75,380,60,2024,태양광,2024-02-05,경상북도 영천시청,,2025-05-08
행복제3태양광발전소,경상북도 영천시 임고면 매호운천길 173,경상북도 영천시 임고면 매호리 924,,,,정상가동,96.2,380,60,2024,태양광,2024-02-05,경상북도 영천시청,,2025-05-08
행복제4태양광발전소,경상북도 영천시 임고면 매호운천길 173,경상북도 영천시 임고면 매호리 924,,,,정상가동,55.06,380,60,2024,태양광,2024-02-05,경상북도 영천시청,,2025-05-08
팔팔한우2호태양광발전소,,"경상북도 영천시 임고면 매호리 975-46, 975-47, 975-5",,,,정상가동,99,380,60,2024,태양광,2024-01-29,경상북도 영천시청,,2025-05-08
팔팔한우1호태양광발전소,,"경상북도 영천시 임고면 매호리 975-46, 975-47, 975-5",,,,정상가동,99,380,60,2024,태양광,2024-01-29,경상북도 영천시청,,2025-05-08
팔팔한우7호태양광발전소,,"경상북도 영천시 임고면 매호리 975-46, 975-5",,,,정상가동,28.8,380,60,2024,태양광,2024-01-29,경상북도 영천시청,,2025-05-08
팔팔한우6호태양광발전소,,"경상북도 영천시 임고면 매호리 975-46, 975-5",,,,정상가동,98.4,380,60,2024,태양광,2024-01-29,경상북도 영천시청,,2025-05-08
팔팔한우5호태양광발전소,,"경상북도 영천시 임고면 매호리 975-46, 975-5",,,,정상가동,98.4,380,60,2024,태양광,2024-01-29,경상북도 영천시청,,2025-05-08
해사랑태양광(전익산포항선유휴부지태양광발전소),,경상북도 영천시 임고면 사리 292-2 외 22필지,,,,정상가동,615.6,380+22900,60,2012,태양광,2012-11-12,경상북도 영천시청,,2025-05-08
사리제2태양광발전소,,경상북도 영천시 임고면 사리 620,,,,정상가동,496,380,60,2015,태양광,2015-09-18,경상북도 영천시청,,2025-05-08
성창태양광발전소,,경상북도 영천시 임고면 사리 855,,,,정상가동,99,380,60,2015,태양광,2015-02-16,경상북도 영천시청,,2025-05-08
금호2태양광발전소,,"경상북도 영천시 임고면 사리 산167-10, 산166-16",,,,정상가동,248.48,380,60,2016,태양광,2016-07-14,경상북도 영천시청,,2025-05-08
금호2태양광발전소,,"경상북도 영천시 임고면 사리 산167-10, 산166-16",,,,정상가동,165.6,380,60,2018,태양광,2018-08-27,경상북도 영천시청,,2025-05-08
금호1태양광발전소,,경상북도 영천시 임고면 사리 산217-4 외 11,,,,정상가동,999.18,22900,60,2015,태양광,2015-12-11,경상북도 영천시청,,2025-05-08
화니1호태양광발전소,,경상북도 영천시 임고면 삼매리 320,,,,정상가동,99.54,380,60,2024,태양광,2024-05-20,경상북도 영천시청,450,2025-05-08
화니2호태양광발전소,,경상북도 영천시 임고면 삼매리 320,,,,정상가동,99.54,380,60,2024,태양광,2024-05-20,경상북도 영천시청,450,2025-05-08
화니3호태양광발전소,,경상북도 영천시 임고면 삼매리 320,,,,정상가동,99.54,380,60,2024,태양광,2024-05-20,경상북도 영천시청,450,2025-05-08
화니4호태양광발전소,,경상북도 영천시 임고면 삼매리 320,,,,정상가동,99.54,380,60,2024,태양광,2024-05-20,경상북도 영천시청,450,2025-05-08
선원2호태양광발전소,,경상북도 영천시 임고면 선원리 566,,,,정상가동,88.04,380,60,2023,태양광,2023-12-29,경상북도 영천시청,,2025-05-08
선원1호태양광발전소,,경상북도 영천시 임고면 선원리 567,,,,정상가동,65.72,380,60,2023,태양광,2023-12-29,경상북도 영천시청,,2025-05-08
엠솔라태양광발전소,경상북도 영천시 임고면 신선로 551,경상북도 영천시 임고면 선원리 709-3,,,,정상가동,287,22900+380,60,2014,태양광,2014-09-04,경상북도 영천시청,,2025-05-08
명인산업2태양광발전소,경상북도 영천시 임고면 신선로 551,경상북도 영천시 임고면 선원리 709-3,,,,정상가동,99,380,60,2017,태양광,2017-05-01,경상북도 영천시청,,2025-05-08
명인산업3태양광발전소,경상북도 영천시 임고면 신선로 551,경상북도 영천시 임고면 선원리 709-3,,,,정상가동,49.8,380,60,2019,태양광,2019-06-05,경상북도 영천시청,,2025-05-08
기정2차태양광발전소,,경상북도 영천시 임고면 선원리 709-4,,,,정상가동,99.71,380,60,2023,태양광,2023-02-23,경상북도 영천시청,,2025-05-08
기정태양광발전소,,경상북도 영천시 임고면 선원리 709-4,,,,정상가동,99.71,380,60,2023,태양광,2023-02-23,경상북도 영천시청,,2025-05-08
기정3차태양광발전소,,경상북도 영천시 임고면 선원리 709-4,,,,정상가동,99.12,380,60,2023,태양광,2023-02-23,경상북도 영천시청,,2025-05-08
불빛태양광발전소,경상북도 영천시 임고면 구만길 104,경상북도 영천시 임고면 수성리 1160,,,,정상가동,99,380,60,2015,태양광,2015-08-04,경상북도 영천시청,,2025-05-08
샛별태양광발전소,경상북도 영천시 임고면 구만길 102,경상북도 영천시 임고면 수성리 1160-2,,,,정상가동,99,380,60,2015,태양광,2015-08-04,경상북도 영천시청,,2025-05-08
샛별태양광발전소,경상북도 영천시 임고면 구만길 102,경상북도 영천시 임고면 수성리 1160-2,,,,정상가동,29.76,380,60,2022,태양광,2022-12-19,경상북도 영천시청,,2025-05-08
필례태양광발전소,경상북도 영천시 임고면 구만길 100,경상북도 영천시 임고면 수성리 1160-3,,,,정상가동,99,380,60,2015,태양광,2015-08-04,경상북도 영천시청,,2025-05-08
재용태양광발전소,,"경상북도 영천시 임고면 수성리 1301, 1302",,,,정상가동,94.94,380,60,2022,태양광,2022-12-19,경상북도 영천시청,,2025-05-08
성진2태양광발전소,경상북도 영천시 임고면 운주로 1698,경상북도 영천시 임고면 수성리 324-3,,,,정상가동,70.65,380,60,2020,태양광,2020-08-19,경상북도 영천시청,,2025-05-08
성진1태양광발전소,경상북도 영천시 임고면 운주로 1698,경상북도 영천시 임고면 수성리 324-3,,,,정상가동,70.65,380,60,2020,태양광,2020-08-19,경상북도 영천시청,,2025-05-08
김태수태양광발전소2호,,"경상북도 영천시 임고면 양평리 121, 120-1, 120-2",,,,정상가동,94.64,380,60,2021,태양광,2021-09-16,경상북도 영천시청,,2025-05-08
김태수태양광발전소1호,,"경상북도 영천시 임고면 양평리 121, 120-1, 120-2",,,,정상가동,94.64,380,60,2021,태양광,2021-09-16,경상북도 영천시청,,2025-05-08
김태수태양광발전소3호,,"경상북도 영천시 임고면 양평리 121, 120-1, 120-2",,,,정상가동,92.16,380,60,2022,태양광,2022-01-05,경상북도 영천시청,,2025-05-08
양평2호태양광발전소,,"경상북도 영천시 임고면 양평리 829, 830, 841",,,,정상가동,93.6,380,60,2022,태양광,2022-05-11,경상북도 영천시청,,2025-05-08
양평1호태양광발전소,,"경상북도 영천시 임고면 양평리 829, 830, 841",,,,정상가동,99.84,380,60,2022,태양광,2022-05-11,경상북도 영천시청,,2025-05-08
양평3호태양광발전소,,"경상북도 영천시 임고면 양평리 829, 830, 841",,,,정상가동,19.44,380,60,2023,태양광,2023-06-01,경상북도 영천시청,,2025-05-08
임고농협태양광발전소,,경상북도 영천시 임고면 양항리 432,,,,정상가동,346.8,380,60,2021,태양광,2021-01-11,경상북도 영천시청,,2025-05-08
양항태양광발전소,경상북도 영천시 임고면 양항3길 60-6,경상북도 영천시 임고면 양항리 양항3길 60-6번지,,,,정상가동,18.36,380,60,2017,태양광,2017-11-17,경상북도 영천시청,,2025-05-08
정승원태양광발전소2호,,"경상북도 영천시 임고면 우항리 1051-148, 1051-149",,,,정상가동,99,380,60,2022,태양광,2022-07-20,경상북도 영천시청,,2025-05-08
정승원태양광발전소3호,,"경상북도 영천시 임고면 우항리 1051-148, 1051-149, 1051-159",,,,정상가동,50,380,60,2022,태양광,2022-07-20,경상북도 영천시청,,2025-05-08
정승원태양광발전소1호,,"경상북도 영천시 임고면 우항리 1051-69, 1051-148",,,,정상가동,81.5,380,60,2022,태양광,2022-07-20,경상북도 영천시청,,2025-05-08
동삭태양광발전소2호,,경상북도 영천시 임고면 우항리 271,,,,정상가동,19.4,380,60,2021,태양광,2021-06-25,경상북도 영천시청,,2025-05-08
로제태양광발전소,,경상북도 영천시 임고면 우항리 30-2,,,,정상가동,97.2,380,60,2020,태양광,2020-08-19,경상북도 영천시청,,2025-05-08
동삭태양광발전소,경상북도 영천시 임고면 효자로 295-20,경상북도 영천시 임고면 우항리 378,,,,정상가동,10.2,380,60,2018,태양광,2018-03-14,경상북도 영천시청,,2025-05-08
민서영천태양광발전소,,"경상북도 영천시 임고면 우항리 406-2, 406-3",,,,정상가동,244.8,380,60,2017,태양광,2017-03-24,경상북도 영천시청,,2025-05-08
동남햇빛2태양광발전소,,경상북도 영천시 임고면 우항리 410-4,,,,정상가동,120.96,380,60,2016,태양광,2016-12-20,경상북도 영천시청,,2025-05-08
해모우기2태양광발전소,,"경상북도 영천시 임고면 우항리 500-4, 500-5",,,,정상가동,99,380,60,2018,태양광,2018-04-12,경상북도 영천시청,,2025-05-08
해모우기1태양광발전소,,"경상북도 영천시 임고면 우항리 504-1, 504-3",,,,정상가동,198,380,60,2018,태양광,2018-04-12,경상북도 영천시청,,2025-05-08
동남햇빛발전소,,"경상북도 영천시 임고면 우항리 539-10, 539-2",,,,정상가동,99.2,380,60,2016,태양광,2016-07-20,경상북도 영천시청,,2025-05-08
남양햇빛발전소,,경상북도 영천시 임고면 우항리 539-2,,,,정상가동,99.2,380,60,2015,태양광,2015-11-30,경상북도 영천시청,,2025-05-08
남북태양광,,경상북도 영천시 임고면 우항리 566-8 외 3필지,,,,정상가동,99.2,380,60,2016,태양광,2016-05-31,경상북도 영천시청,,2025-05-08
우항리태양광발전소,,경상북도 영천시 임고면 우항리 566외 4필지,,,,정상가동,994.5,380,60,2008,태양광,2008-02-01,경상북도 영천시청,,2025-05-08
해맑음태양광발전소,,경상북도 영천시 임고면 우항리 579-1외 8,,,,정상가동,199,380,60,2009,태양광,2009-07-27,경상북도 영천시청,,2025-05-08
서명숙태양광발전소,경상북도 영천시 임고면 효자로 383-49,경상북도 영천시 임고면 우항리 680-2,,,,정상가동,57.33,380,60,2021,태양광,2021-08-17,경상북도 영천시청,,2025-05-08
남양햇빛발전소,,경상북도 영천시 임고면 우향리 539-2,,,,정상가동,99.2,380,60,2015,태양광,2015-11-30,경상북도 영천시청,,2025-05-08
동서햇빛태양광발전소,,경상북도 영천시 임고면 우향리 565-2 외 6필지,,,,정상가동,68.48,380,60,2016,태양광,2016-06-13,경상북도 영천시청,,2025-05-08
썬밸리햇빛발전소,,경상북도 영천시 임고면 우향리 566-1 외 7필지,,,,정상가동,284.08,220+380,60,2009,태양광,2009-07-27,경상북도 영천시청,,2025-05-08
찌릿찌릿1호태양광발전소,,경상북도 영천시 임고면 평천리 5-2,,,,정상가동,50.05,380,60,2020,태양광,2020-11-09,경상북도 영천시청,,2025-05-08
전기냠냠1호태양광발전소,,경상북도 영천시 임고면 평천리 5-2,,,,정상가동,50.05,380,60,2020,태양광,2020-11-09,경상북도 영천시청,,2025-05-08
이비체2호발전소,경상북도 영천시 임고면 황강공단길 21,경상북도 영천시 임고면 황강리 169-1,,,,정상가동,99.84,380,60,2021,태양광,2021-12-30,경상북도 영천시청,,2025-05-08
이비체1호발전소,경상북도 영천시 임고면 황강공단길 21,경상북도 영천시 임고면 황강리 169-1,,,,정상가동,99.84,380,60,2021,태양광,2021-12-30,경상북도 영천시청,,2025-05-08
경영태양광발전소1호,경상북도 영천시 임고면 황강공단길 35,경상북도 영천시 임고면 황강리 169-3,,,,정상가동,86.4,380,60,2016,태양광,2016-07-05,경상북도 영천시청,,2025-05-08
부일4호태양광발전소,경상북도 영천시 임고면 운주로 242-11,경상북도 영천시 임고면 황강리 192,,,,정상가동,96,380,60,2023,태양광,2023-08-11,경상북도 영천시청,,2025-05-08
부일3호태양광발전소,경상북도 영천시 임고면 운주로 242-11,경상북도 영천시 임고면 황강리 192,,,,정상가동,99.6,380,60,2023,태양광,2023-08-11,경상북도 영천시청,,2025-05-08
부일2호태양광발전소,경상북도 영천시 임고면 운주로 242-11,경상북도 영천시 임고면 황강리 192,,,,정상가동,99.6,380,60,2023,태양광,2023-08-11,경상북도 영천시청,,2025-05-08
부일1호태양광발전소,경상북도 영천시 임고면 운주로 242-11,경상북도 영천시 임고면 황강리 192,,,,정상가동,99.6,380,60,2023,태양광,2023-08-11,경상북도 영천시청,,2025-05-08
대성태양광발전소,,경상북도 영천시 임고면 황강리 261-3,,,,정상가동,74.88,380,60,2018,태양광,2018-03-05,경상북도 영천시청,,2025-05-08
한빛텍스태양광발전소,,"경상북도 영천시 임고면 황강리 367-2, 368",,,,정상가동,249.9,380,60,2022,태양광,2022-02-24,경상북도 영천시청,,2025-05-08
정승우태양광발전소,,경상북도 영천시 임고면 황강리 371-3,,,,정상가동,90,380,60,2022,태양광,2022-08-11,경상북도 영천시청,,2025-05-08
정숙6호태양광발전소,,경상북도 영천시 임고면 황강리 396-35,,,,정상가동,69.12,380,60,2022,태양광,2022-11-25,경상북도 영천시청,,2025-05-08
김태종태양광발전소1호,,"경상북도 영천시 임고면 황강리 고천리 396-20 474-8, 474-16",,,,정상가동,97.2,380,60,2022,태양광,2022-03-07,경상북도 영천시청,,2025-05-08
김태종태양광발전소2호,,"경상북도 영천시 임고면 황강리 고천리 396-20, 474-8",,,,정상가동,49.14,380,60,2021,태양광,2021-09-24,경상북도 영천시청,,2025-05-08
제이더블유텍스태양광발전소,,경상북도 영천시 임고면 효리 1041-1,,,,정상가동,99,380,60,2023,태양광,2023-10-13,경상북도 영천시청,,2025-05-08
경영태양광발전소2호,,경상북도 영천시 임고면 효리 1044,,,,정상가동,76.8,380,60,2016,태양광,2016-07-05,경상북도 영천시청,,2025-05-08
다산임고태양광발전소,,"경상북도 영천시 임고면 효리 1050, 1050-1, 1050-2, 1050-3",,,,정상가동,99.96,380,60,2023,태양광,2023-05-15,경상북도 영천시청,,2025-05-08
김부돌태양광발전소1호,,"경상북도 영천시 임고면 효리 1062-1, 1063, 1064, 1065-2",,,,정상가동,198,380,60,2018,태양광,2018-03-29,경상북도 영천시청,,2025-05-08
김부돌태양광발전소2호,,"경상북도 영천시 임고면 효리 1064, 1065-2, 1065-3, 1066",,,,정상가동,198,380,60,2018,태양광,2018-03-29,경상북도 영천시청,,2025-05-08
김부돌태양광발전소3호,,경상북도 영천시 임고면 효리 1068,,,,정상가동,73.26,380,60,2018,태양광,2018-03-29,경상북도 영천시청,,2025-05-08
대승종합전기태양광발전소,,"경상북도 영천시 임고면 효리 273, 270-44",,,,정상가동,136,380,60,2023,태양광,2023-06-01,경상북도 영천시청,,2025-05-08
광림태양광발전소,,경상북도 영천시 임고면 효리 284,,,,정상가동,197.1,380,60,2018,태양광,2018-07-27,경상북도 영천시청,,2025-05-08
임고태양광발전소,,경상북도 영천시 임고면 효리 산51-3,,,,정상가동,30,380,60,2008,태양광,2008-11-27,경상북도 영천시청,,2025-05-08
효리태양광발전소,,경상북도 영천시 임고면 효리 산51-4,,,,정상가동,498.23,380,60,2018,태양광,2018-09-20,경상북도 영천시청,,2025-05-08
민우민서태양광발전소,,경상북도 영천시 임고면 효리 운주로 411,,,,정상가동,332.15,380,60,2023,태양광,2023-12-29,경상북도 영천시청,,2025-05-08
보현골발전소,,경상북도 영천시 자양면 보현리 1887,,,,정상가동,25.2,380,60,2023,태양광,2023-06-01,경상북도 영천시청,,2025-05-08
보현골2호발전소,,경상북도 영천시 자양면 보현리 1888,,,,정상가동,25.2,380,60,2023,태양광,2023-06-01,경상북도 영천시청,,2025-05-08
태화태양광발전소,,"경상북도 영천시 자양면 보현리 2347, 2346, 2347-1, 2348",,,,정상가동,97.92,380,60,2022,태양광,2022-05-17,경상북도 영천시청,,2025-05-08
새미들태양광발전소,,"경상북도 영천시 자양면 보현리 52, 52-1, 60",,,,정상가동,64.8,380,60,2021,태양광,2021-04-22,경상북도 영천시청,,2025-05-08
신방태양광발전소,경상북도 영천시 자양면 신방로 644,경상북도 영천시 자양면 신방리 795-1,,,,정상가동,17.16,220,60,2019,태양광,2019-07-19,경상북도 영천시청,,2025-05-08
유량몰이영천대구발전소(㈜리오에너지),,경상북도 영천시 자양면 충효리 1060-28,,,,정상가동,6,380,60,2019,소수력,2019-02-08,경상북도 영천시청,,2025-05-08
반월산업태양광발전소,경상북도 영천시 삼산길 21,경상북도 영천시 중앙동 258-13,,,,정상가동,54,380,60,2017,태양광,2017-07-03,경상북도 영천시청,,2025-05-08
명산태양광발전소,,경상북도 영천시 중앙동 녹전동 1322,,,,정상가동,19.11,380,60,2021,태양광,2021-05-17,경상북도 영천시청,,2025-05-08
부강2태양광발전소,,"경상북도 영천시 중앙동 녹전동 451, 451-5, 451-6",,,,정상가동,99.5,380,60,2023,태양광,2023-01-20,경상북도 영천시청,,2025-05-08
부강1태양광발전소,,"경상북도 영천시 중앙동 녹전동 451, 451-5, 451-6",,,,정상가동,99.5,380,60,2023,태양광,2023-01-20,경상북도 영천시청,,2025-05-08
부강3태양광발전소,,"경상북도 영천시 중앙동 녹전동 451, 451-5, 451-6",,,,정상가동,94.24,380,60,2023,태양광,2023-12-13,경상북도 영천시청,,2025-05-08
북영천태양광발전소,,경상북도 영천시 중앙동 도림동 1325-2,,,,정상가동,29.58,380,60,2021,태양광,2021-06-24,경상북도 영천시청,,2025-05-08
새영천태양광발전소,,경상북도 영천시 중앙동 도림동 1474,,,,정상가동,25.48,380,60,2021,태양광,2021-08-11,경상북도 영천시청,,2025-05-08
도림태양광발전소,,"경상북도 영천시 중앙동 도림동 725, 939-1",,,,정상가동,29.88,380,60,2019,태양광,2019-12-17,경상북도 영천시청,,2025-05-08
솔라에너지1호태양광발전소,,경상북도 영천시 중앙동 도림동 851-8,,,,정상가동,99.38,380,60,2024,태양광,2024-04-17,경상북도 영천시청,,2025-05-08
솔라에너지2호태양광발전소,,경상북도 영천시 중앙동 도림동 851-8,,,,정상가동,99.38,380,60,2024,태양광,2024-04-17,경상북도 영천시청,,2025-05-08
솔라에너지3호태양광발전소,,경상북도 영천시 중앙동 도림동 851-8,,,,정상가동,99.38,380,60,2024,태양광,2024-04-17,경상북도 영천시청,,2025-05-08
솔라에너지4호태양광발전소,,경상북도 영천시 중앙동 도림동 851-8,,,,정상가동,99.38,380,60,2024,태양광,2024-04-17,경상북도 영천시청,,2025-05-08
솔라에너지5호태양광발전소,,경상북도 영천시 중앙동 도림동 851-8,,,,정상가동,99.38,380,60,2024,태양광,2024-04-17,경상북도 영천시청,,2025-05-08
TH태양광발전소,,경상북도 영천시 중앙동 매산동 1392-1,,,,정상가동,99,220+380,60,2015,태양광,2015-10-06,경상북도 영천시청,,2025-05-08
한울3호태양광발전소,,경상북도 영천시 중앙동 매산동 1410-3,,,,정상가동,97.28,380,60,2017,태양광,2017-11-01,경상북도 영천시청,,2025-05-08
천하1호태양광발전소,,경상북도 영천시 중앙동 매산동 1492-50,,,,정상가동,61.88,380,60,2018,태양광,2018-05-24,경상북도 영천시청,,2025-05-08
다선1호태양광발전소,,"경상북도 영천시 중앙동 매산동 산72-11, 산72-17",,,,정상가동,97.28,380,60,2017,태양광,2017-11-01,경상북도 영천시청,,2025-05-08
늘해랑4호태양광발전소,,"경상북도 영천시 중앙동 매산동 산72-11, 산72-17",,,,정상가동,97.28,380,60,2017,태양광,2017-11-01,경상북도 영천시청,,2025-05-08
루나2호태양광발전소,,"경상북도 영천시 중앙동 매산동 산72-11, 산72-17",,,,정상가동,97.28,380,60,2017,태양광,2017-11-01,경상북도 영천시청,,2025-05-08
금성태양광발전소,,"경상북도 영천시 중앙동 매산동 산78-1, 산78-2",,,,정상가동,99.28,380,60,2018,태양광,2018-07-16,경상북도 영천시청,,2025-05-08
금성태양광발전소,,"경상북도 영천시 중앙동 매산동 산78-1, 산78-2",,,,정상가동,997.92,22900,60,2017,태양광,2021-08-08,경상북도 영천시청,,2025-05-08
혜성태양광발전소,,경상북도 영천시 중앙동 산78,,,,정상가동,981.15,22900,60,2015,태양광,2015-10-22,경상북도 영천시청,,2025-05-08
세은산업태양광발전소2호,,"경상북도 영천시 중앙동 오미동 1087, 1088, 1089, 1090",,,,정상가동,82.11,380,60,2023,태양광,2023-05-02,경상북도 영천시청,,2025-05-08
세은산업태양광발전소,,"경상북도 영천시 중앙동 오미동 1088, 1089, 1090",,,,정상가동,91.2,380,60,2023,태양광,2023-03-15,경상북도 영천시청,,2025-05-08
명원태양광발전소,경상북도 영천시 천문로 662,"경상북도 영천시 중앙동 오미동 1121-1, 1122",,,,정상가동,52.29,380,60,2020,태양광,2020-09-01,경상북도 영천시청,,2025-05-08
오미태양광발전소,,경상북도 영천시 중앙동 오미동 734-3,,,,정상가동,20.17,380,60,2021,태양광,2021-10-15,경상북도 영천시청,,2025-05-08
명진포장㈜태양광발전소,경상북도 영천시 남부동 하이브리드로 546-57,경상북도 영천시 채신동 69-1,,,,정상가동,404.04,380,60,2019,태양광,2019-10-07,경상북도 영천시청,,2025-05-08
세연태양광발전소,경상북도 영천시 채신1공단길 40-10,경상북도 영천시 채신동 749-3,,,,정상가동,472.51,380,60,2024,태양광,2024-01-29,경상북도 영천시청,,2025-05-08
주식회사강원에스티태양광발전소ESS저장장치,경상북도 영천시 영천산단로411,경상북도 영천시 채신동 755-1,,,,정상가동,140.14,380,60,2019,태양광,2019-04-11,경상북도 영천시청,,2025-05-08
재원에너지태양광발전소,경상북도 영천시 남부동 영천산단로 461-6,경상북도 영천시 채신동 759-3,,,,정상가동,862.92,22900,60,2017,태양광,2017-07-21,경상북도 영천시청,,2025-05-08
에코태양광발전소,경상북도 영천시 영천산단로 66,경상북도 영천시 채신동 763-4,,,,정상가동,69.6,380,60,2023,태양광,2023-06-01,경상북도 영천시청,,2025-05-08
(주)에슬린코리아태양광발전소,경상북도 영천시 영천산단로 66,경상북도 영천시 채신동 763-4,,,,정상가동,698.4,380,60,2023,태양광,2023-06-01,경상북도 영천시청,,2025-05-08
태형1호태양광발전소,경상북도 영천시 채신2공단길 59-15,경상북도 영천시 채신동 770-1,,,,정상가동,240.63,380,60,2024,태양광,2024-01-29,경상북도 영천시청,,2025-05-08
태형2호태양광발전소,경상북도 영천시 채신2공단길 59-15,경상북도 영천시 채신동 770-1,,,,정상가동,371.88,380,60,2024,태양광,2024-01-29,경상북도 영천시청,,2025-05-08
잘미8호태양광발전소,,경상북도 영천시 청통면 계지리 107,,,,정상가동,99.6,380,60,2023,태양광,2023-12-28,경상북도 영천시청,,2025-05-08
잘미9호태양광발전소,,경상북도 영천시 청통면 계지리 107,,,,정상가동,96.6,380,60,2023,태양광,2023-12-28,경상북도 영천시청,,2025-05-08
잘미10호태양광발전소,,경상북도 영천시 청통면 계지리 107,,,,정상가동,96.6,380,60,2023,태양광,2023-12-28,경상북도 영천시청,,2025-05-08
예빛태양광발전소,경상북도 영천시 청통면 망지1길 9-17,경상북도 영천시 청통면 계지리 183,,,,정상가동,30,380,60,2014,태양광,2014-10-15,경상북도 영천시청,,2025-05-08
이헌주태양광발전소1호,,"경상북도 영천시 청통면 계지리 224-1, 268-8",,,,정상가동,99.76,380,60,2021,태양광,2021-12-07,경상북도 영천시청,,2025-05-08
잘미1호태양광발전소,,경상북도 영천시 청통면 계지리 259,,,,정상가동,99.5,380,60,2023,태양광,2023-12-21,경상북도 영천시청,,2025-05-08
잘미2호태양광발전소,,경상북도 영천시 청통면 계지리 259,,,,정상가동,84.5,380,60,2023,태양광,2023-12-21,경상북도 영천시청,,2025-05-08
이주호태양광발전소2호,,"경상북도 영천시 청통면 계지리 267, 268-12",,,,정상가동,99.76,380,60,2021,태양광,2021-11-24,경상북도 영천시청,,2025-05-08
이주호태양광발전소1호,,"경상북도 영천시 청통면 계지리 267, 268-12",,,,정상가동,99.76,380,60,2021,태양광,2021-11-24,경상북도 영천시청,,2025-05-08
최희도태양광발전소1호,,경상북도 영천시 청통면 계지리 268,,,,정상가동,99.99,380,60,2023,태양광,2023-07-03,경상북도 영천시청,,2025-05-08
최희도태양광발전소2호,,경상북도 영천시 청통면 계지리 268,,,,정상가동,99.99,380,60,2023,태양광,2023-07-03,경상북도 영천시청,,2025-05-08
최희도태양광발전소3호,,경상북도 영천시 청통면 계지리 268,,,,정상가동,99.99,380,60,2023,태양광,2023-07-03,경상북도 영천시청,,2025-05-08
이종수태양광발전소3호,경상북도 영천시 청통면 용내길 82-6,경상북도 영천시 청통면 계지리 268-11,,,,정상가동,99.84,380,60,2021,태양광,2021-11-19,경상북도 영천시청,,2025-05-08
이종수태양광발전소1호,경상북도 영천시 청통면 용내길 82-6,경상북도 영천시 청통면 계지리 268-11,,,,정상가동,99.76,380,60,2021,태양광,2021-11-19,경상북도 영천시청,,2025-05-08
이종수태양광발전소2호,,경상북도 영천시 청통면 계지리 268-11,,,,정상가동,99.76,380,60,2021,태양광,2021-11-19,경상북도 영천시청,,2025-05-08
계지3호태양광발전소,,경상북도 영천시 청통면 계지리 268-4,,,,정상가동,96.72,380,60,2023,태양광,2023-12-21,경상북도 영천시청,,2025-05-08
계지2호태양광발전소,,경상북도 영천시 청통면 계지리 268-4,,,,정상가동,96.72,380,60,2023,태양광,2023-12-21,경상북도 영천시청,,2025-05-08
계지1호태양광발전소,,경상북도 영천시 청통면 계지리 268-4,,,,정상가동,96.72,380,60,2023,태양광,2023-12-21,경상북도 영천시청,,2025-05-08
김규승태양광발전소1호,경상북도 영천시 청통면 용내길 82-18,경상북도 영천시 청통면 계지리 268-6,,,,정상가동,98.6,380,60,2021,태양광,2021-11-25,경상북도 영천시청,,2025-05-08
김규승태양광발전소3호,,경상북도 영천시 청통면 계지리 268-6,,,,정상가동,20.88,380,60,2021,태양광,2021-11-25,경상북도 영천시청,,2025-05-08
김규승태양광발전소2호,,경상북도 영천시 청통면 계지리 268-6,,,,정상가동,98.6,380,60,2021,태양광,2021-11-25,경상북도 영천시청,,2025-05-08
이헌주태양광발전소3호,경상북도 영천시 청통면 용내길 82-14,경상북도 영천시 청통면 계지리 268-8,,,,정상가동,99.76,380,60,2021,태양광,2021-12-07,경상북도 영천시청,,2025-05-08
이헌주태양광발전소2호,,경상북도 영천시 청통면 계지리 268-8,,,,정상가동,99.76,380,60,2021,태양광,2021-12-07,경상북도 영천시청,,2025-05-08
강신도태양광발전소,경상북도 영천시 청통면 용내길 82-12,경상북도 영천시 청통면 계지리 268-9,,,,정상가동,99.76,380,60,2021,태양광,2021-11-10,경상북도 영천시청,,2025-05-08
강신도태양광발전소2호,경상북도 영천시 청통면 용내길 82-12,경상북도 영천시 청통면 계지리 268-9,,,,정상가동,99.84,380,60,2022,태양광,2022-03-10,경상북도 영천시청,,2025-05-08
이세호태양광발전소4호,,"경상북도 영천시 청통면 계지리 283-3, 283-5, 15",,,,정상가동,63,380,60,2022,태양광,2022-04-27,경상북도 영천시청,,2025-05-08
이세호태양광발전소3호,,"경상북도 영천시 청통면 계지리 283-3, 283-5, 15",,,,정상가동,99.84,380,60,2022,태양광,2022-04-27,경상북도 영천시청,,2025-05-08
이세호태양광발전소2호,,"경상북도 영천시 청통면 계지리 283-3, 283-5, 15",,,,정상가동,99.84,380,60,2022,태양광,2022-04-27,경상북도 영천시청,,2025-05-08
이세호태양광발전소1호,,"경상북도 영천시 청통면 계지리 283-3, 283-5, 15",,,,정상가동,99.84,380,60,2022,태양광,2022-04-27,경상북도 영천시청,,2025-05-08
경도1태양광발전소,,경상북도 영천시 청통면 계지리 297-11,,,,정상가동,99.6,380,60,2023,태양광,2023-08-28,경상북도 영천시청,,2025-05-08
영천HS태양광발전소2호,경상북도 영천시 청통면 용내길 67-28,경상북도 영천시 청통면 계지리 297-22,,,,정상가동,51.87,380,60,2021,태양광,2021-04-27,경상북도 영천시청,,2025-05-08
영천HS태양광발전소1호,경상북도 영천시 청통면 용내길 67-28,경상북도 영천시 청통면 계지리 297-22,,,,정상가동,99.65,380,60,2021,태양광,2021-04-27,경상북도 영천시청,,2025-05-08
경도3태양광발전소,,"경상북도 영천시 청통면 계지리 297-4, 297-11, 297-16",,,,정상가동,99.6,380,60,2023,태양광,2023-08-28,경상북도 영천시청,,2025-05-08
데이지3호태양광발전소,,"경상북도 영천시 청통면 계지리 410, 410-1, 411",,,,정상가동,99.19,380,60,2021,태양광,2021-09-16,경상북도 영천시청,,2025-05-08
데이지2호태양광발전소,,"경상북도 영천시 청통면 계지리 410, 410-1, 411",,,,정상가동,99.19,380,60,2021,태양광,2021-09-16,경상북도 영천시청,,2025-05-08
데이지1호태양광발전소,,"경상북도 영천시 청통면 계지리 410, 410-1, 411",,,,정상가동,99.19,380,60,2021,태양광,2021-09-16,경상북도 영천시청,,2025-05-08
바론2호태양광발전소,,"경상북도 영천시 청통면 계지리 410, 410-1, 411",,,,정상가동,99.19,380,60,2021,태양광,2021-09-16,경상북도 영천시청,,2025-05-08
바론1호태양광발전소,,"경상북도 영천시 청통면 계지리 410, 410-1, 411",,,,정상가동,99.19,380,60,2021,태양광,2021-09-16,경상북도 영천시청,,2025-05-08
데이지4호태양광발전소,,경상북도 영천시 청통면 계지리 411-1,,,,정상가동,99.96,380,60,2023,태양광,2023-11-03,경상북도 영천시청,,2025-05-08
데이지5호태양광발전소,,경상북도 영천시 청통면 계지리 411-1,,,,정상가동,99.96,380,60,2023,태양광,2023-11-03,경상북도 영천시청,,2025-05-08
데이지6호태양광발전소,,경상북도 영천시 청통면 계지리 411-1,,,,정상가동,60,380,60,2024,태양광,2024-02-12,경상북도 영천시청,,2025-05-08
정경남1호태양광발전소,,"경상북도 영천시 청통면 계지리 446, 447, 710, 711",,,,정상가동,99.63,380,60,2024,태양광,2024-03-07,경상북도 영천시청,,2025-05-08
정경남2호태양광발전소,,"경상북도 영천시 청통면 계지리 446, 447, 710, 711",,,,정상가동,99.63,380,60,2024,태양광,2024-03-07,경상북도 영천시청,,2025-05-08
정경남3호태양광발전소,,"경상북도 영천시 청통면 계지리 446, 447, 710, 711",,,,정상가동,99.63,380,60,2024,태양광,2024-03-07,경상북도 영천시청,,2025-05-08
정경남4호태양광발전소,,"경상북도 영천시 청통면 계지리 446, 447, 710, 711",,,,정상가동,99.63,380,60,2024,태양광,2024-03-07,경상북도 영천시청,,2025-05-08
정경남5호태양광발전소,,"경상북도 영천시 청통면 계지리 446, 447, 710, 711",,,,정상가동,99.63,380,60,2024,태양광,2024-03-07,경상북도 영천시청,,2025-05-08
우림태양광발전소,경상북도 영천시 청통면 망지1길 85,경상북도 영천시 청통면 계지리 522,,,,정상가동,98.8,380,60,2020,태양광,2020-07-15,경상북도 영천시청,,2025-05-08
우림1태양광발전소,,경상북도 영천시 청통면 계지리 522,,,,정상가동,98.8,380,60,2020,태양광,2020-07-21,경상북도 영천시청,,2025-05-08
이세호태양광발전소,,"경상북도 영천시 청통면 계지리 548, 552, 553",,,,정상가동,99.6,380,60,2019,태양광,2019-10-14,경상북도 영천시청,,2025-05-08
창민2태양광발전소,경상북도 영천시 청통면 망지1길 69,경상북도 영천시 청통면 계지리 557,,,,정상가동,99.76,380,60,2022,태양광,2022-10-25,경상북도 영천시청,,2025-05-08
창민1태양광발전소,경상북도 영천시 청통면 망지1길 69,경상북도 영천시 청통면 계지리 557,,,,정상가동,88.2,380,60,2023,태양광,2023-08-11,경상북도 영천시청,,2025-05-08
신흥농산태양광발전소,경상북도 영천시 청통면 거조길 34,경상북도 영천시 청통면 계지리 715,,,,정상가동,391.02,380,60,2016,태양광,2016-01-07,경상북도 영천시청,,2025-05-08
신흥농산태양광발전소,경상북도 영천시 청통면 거조길 34,경상북도 영천시 청통면 계지리 715,,,,정상가동,360,380,60,2016,태양광,2016-01-07,경상북도 영천시청,,2025-05-08
미래태양광발전소,,"경상북도 영천시 청통면 계지리 872, 880-4, 880-5",,,,정상가동,81.34,380,60,2019,태양광,2019-11-18,경상북도 영천시청,,2025-05-08
미래3태양광발전소,경상북도 영천시 청통면 널문길 74-32,"경상북도 영천시 청통면 계지리 872, 880-4, 880-5",,,,정상가동,95.87,380,60,2020,태양광,2020-10-15,경상북도 영천시청,,2025-05-08
일신그린에너지㈜태양광발전소,경상북도 영천시 청통면 널문길 50-18,경상북도 영천시 청통면 계지리 산92,,,,정상가동,998.4,380,60,2014,태양광,2014-08-28,경상북도 영천시청,,2025-05-08
이헌주태양광발전소4호,,"경상북도 영천시 청통면 계지리 신학리 292-2, 415, 416, 417, 418",,,,정상가동,320.1,380,60,2021,태양광,2021-12-08,경상북도 영천시청,,2025-05-08
아사모터스1호태양광발전소,경상북도 영천시 청통면 애련길 28-14,경상북도 영천시 청통면 계포리 247-1,,,,정상가동,99.96,380,60,2023,태양광,2023-11-01,경상북도 영천시청,,2025-05-08
아사모터스2호태양광발전소,경상북도 영천시 청통면 애련길 28-14,경상북도 영천시 청통면 계포리 247-1,,,,정상가동,99.96,380,60,2023,태양광,2023-11-01,경상북도 영천시청,,2025-05-08
아사모터스3호태양광발전소,경상북도 영천시 청통면 애련길 28-14,경상북도 영천시 청통면 계포리 247-1,,,,정상가동,99.96,380,60,2023,태양광,2023-11-01,경상북도 영천시청,,2025-05-08
아사모터스4호태양광발전소,경상북도 영천시 청통면 애련길 28-14,경상북도 영천시 청통면 계포리 247-1,,,,정상가동,99.96,380,60,2023,태양광,2023-11-01,경상북도 영천시청,,2025-05-08
범아산업1호태양광발전소,경상북도 영천시 청통면 애련길 28-20,경상북도 영천시 청통면 계포리 251,,,,정상가동,99.54,380,60,2023,태양광,2023-11-01,경상북도 영천시청,,2025-05-08
범아산업2호태양광발전소,경상북도 영천시 청통면 애련길 28-20,경상북도 영천시 청통면 계포리 251,,,,정상가동,95.76,380,60,2023,태양광,2023-11-01,경상북도 영천시청,,2025-05-08
범아산업3호태양광발전소,경상북도 영천시 청통면 애련길 28-20,경상북도 영천시 청통면 계포리 251,,,,정상가동,99.54,380,60,2023,태양광,2023-11-01,경상북도 영천시청,,2025-05-08
청통Ⅱ명품태양광발전소,,"경상북도 영천시 청통면 계포리 282, 282-1",,,,정상가동,96,380,60,2019,태양광,2019-11-04,경상북도 영천시청,,2025-05-08
청통Ⅰ명품태양광발전소,,"경상북도 영천시 청통면 계포리 282, 282-1",,,,정상가동,99.9,380,60,2019,태양광,2019-11-04,경상북도 영천시청,,2025-05-08
이엠티태양광발전소,,경상북도 영천시 청통면 계포리 305,,,,정상가동,79.2,380,60,2023,태양광,2023-12-21,경상북도 영천시청,,2025-05-08
(주)삼일과수산업태양광발전소,경상북도 영천시 청통면 계포1길 58,경상북도 영천시 청통면 계포리 346,,,,정상가동,84.24,380,60,2018,태양광,2018-08-27,경상북도 영천시청,,2025-05-08
편안한1호태양광발전소,,"경상북도 영천시 청통면 계포리 366, 366-4, 367",,,,정상가동,98.58,380,60,2023,태양광,2023-11-01,경상북도 영천시청,,2025-05-08
편안한2호태양광발전소,,"경상북도 영천시 청통면 계포리 366, 366-4, 367",,,,정상가동,99.2,380,60,2023,태양광,2023-11-01,경상북도 영천시청,,2025-05-08
편안한3호태양광발전소,,"경상북도 영천시 청통면 계포리 366, 366-4, 367",,,,정상가동,99.82,380,60,2023,태양광,2023-11-14,경상북도 영천시청,,2025-05-08
작은마을1태양광발전소,,경상북도 영천시 청통면 대평리 887,,,,정상가동,33.92,380,60,2023,태양광,2023-05-17,경상북도 영천시청,,2025-05-08
부명축산2태양광발전소,,"경상북도 영천시 청통면 대평리 93, 93-1",,,,정상가동,49.92,380,60,2022,태양광,2022-05-31,경상북도 영천시청,,2025-05-08
부명축산1태양광발전소,,"경상북도 영천시 청통면 대평리 93, 93-1",,,,정상가동,99.84,380,60,2022,태양광,2022-05-31,경상북도 영천시청,,2025-05-08
이상훈6호태양광발전소,,경상북도 영천시 청통면 보성리 109-1,,,,정상가동,99.2,380,60,2023,태양광,2023-12-15,경상북도 영천시청,,2025-05-08
이상훈5호태양광발전소,,경상북도 영천시 청통면 보성리 109-1,,,,정상가동,89.9,380,60,2023,태양광,2023-12-15,경상북도 영천시청,,2025-05-08
칠성발전소,,경상북도 영천시 청통면 보성리 340,,,,정상가동,80.24,380,60,2016,태양광,2016-10-04,경상북도 영천시청,,2025-05-08
가나안태양광발전소,,경상북도 영천시 청통면 보성리 513-1,,,,정상가동,97.92,380,60,2018,태양광,2018-03-16,경상북도 영천시청,,2025-05-08
가나안2태양광발전소,,경상북도 영천시 청통면 보성리 513-1,,,,정상가동,99.9,380,60,2021,태양광,2021-09-09,경상북도 영천시청,,2025-05-08
한샘테크태양광발전소1호,,경상북도 영천시 청통면 보성리 542-14,,,,정상가동,29.1,380,60,2021,태양광,2021-05-20,경상북도 영천시청,,2025-05-08
엘케이산업태양광발전소,경상북도 영천시 청통면 보성공단길 31-7,경상북도 영천시 청통면 보성리 544-1,,,,정상가동,99.96,380,60,2020,태양광,2020-07-29,경상북도 영천시청,,2025-05-08
썬폴리폼2호태양광발전소,,경상북도 영천시 청통면 보성리 546-7,,,,정상가동,89.39,380,60,2023,태양광,2023-03-24,경상북도 영천시청,,2025-05-08
썬폴리폼3호태양광발전소,,경상북도 영천시 청통면 보성리 546-7,,,,정상가동,89.39,380,60,2023,태양광,2023-03-24,경상북도 영천시청,,2025-05-08
썬폴리폼5호태양광발전소,,경상북도 영천시 청통면 보성리 546-7,,,,정상가동,89.39,380,60,2023,태양광,2023-03-24,경상북도 영천시청,,2025-05-08
썬폴리폼4호태양광발전소,,경상북도 영천시 청통면 보성리 546-7,,,,정상가동,89.39,380,60,2023,태양광,2023-03-24,경상북도 영천시청,,2025-05-08
썬폴리폼1호태양광발전소,경상북도 영천시 청통면 청통로 428-30,경상북도 영천시 청통면 보성리 546-7,,,,정상가동,142.8,380,60,2023,태양광,2023-11-23,경상북도 영천시청,,2025-05-08
한샘테크태양광발전소3호,경상북도 영천시 청통면 보성공단길 43,경상북도 영천시 청통면 보성리 552-5,,,,정상가동,29.1,380,60,2021,태양광,2021-05-20,경상북도 영천시청,,2025-05-08
한샘테크태양광발전소2호,경상북도 영천시 청통면 보성공단길 43,경상북도 영천시 청통면 보성리 552-5,,,,정상가동,29.1,380,60,2021,태양광,2021-05-20,경상북도 영천시청,,2025-05-08
영천홀스드림태양광발전소,,경상북도 영천시 청통면 보성리 594,,,,정상가동,29.9,380,60,2023,태양광,2023-04-03,경상북도 영천시청,,2025-05-08
영천태양광발전소,,경상북도 영천시 청통면 보성리 719,,,,정상가동,29,380,60,2008,태양광,2008-08-12,경상북도 영천시청,,2025-05-08
킹센더2호태양광발전소,,경상북도 영천시 청통면 보성리 771-1,,,,정상가동,99.65,380,60,2022,태양광,2022-03-24,경상북도 영천시청,,2025-05-08
킹센더1호태양광발전소,,경상북도 영천시 청통면 보성리 771-1,,,,정상가동,99.65,380,60,2022,태양광,2022-03-24,경상북도 영천시청,,2025-05-08
보성발전소,,경상북도 영천시 청통면 보성리 산18-1,,,,정상가동,99,380,60,2009,태양광,2009-06-24,경상북도 영천시청,,2025-05-08
㈜보목태양광발전소,,"경상북도 영천시 청통면 보성리 산18-4, 344",,,,정상가동,990,22900,60,2016,태양광,2016-07-27,경상북도 영천시청,,2025-05-08
김원대1호태양광발전소,,경상북도 영천시 청통면 보성리 산31,,,,정상가동,198,380,60,2018,태양광,2018-01-15,경상북도 영천시청,,2025-05-08
김원대2호태양광발전소,,"경상북도 영천시 청통면 보성리 산31 → 350-2, 350-3",,,,정상가동,198,380,60,2018,태양광,2018-01-15,경상북도 영천시청,,2025-05-08
한샘테크태양광발전소,,경상북도 영천시 청통면 보성리 산72-3,,,,정상가동,299.7,380,60,2020,태양광,2020-09-01,경상북도 영천시청,,2025-05-08
혜성1태양광발전소,,"경상북도 영천시 청통면 송천리 161, 161-1",,,,정상가동,76.5,380,60,2017,태양광,2017-09-26,경상북도 영천시청,,2025-05-08
씨티에스태양광발전소,경상북도 영천시 청통면 금송로 847-65,경상북도 영천시 청통면 송천리 269,,,,정상가동,99.54,380,60,2019,태양광,2019-10-23,경상북도 영천시청,,2025-05-08
해담1태양광발전소,,"경상북도 영천시 청통면 송천리 367-1, 367-4, 367-12, 559-16",,,,정상가동,70.84,380,60,2021,태양광,2021-10-28,경상북도 영천시청,,2025-05-08
해담2태양광발전소,,"경상북도 영천시 청통면 송천리 367-1, 367-4, 367-12, 559-16",,,,정상가동,70.84,380,60,2023,태양광,2023-04-13,경상북도 영천시청,,2025-05-08
해담3태양광발전소,,"경상북도 영천시 청통면 송천리 367-4, 367-12",,,,정상가동,19.64,380,60,2023,태양광,2023-03-23,경상북도 영천시청,,2025-05-08
현준정공1호태양광발전소,경상북도 영천시 청통면 관방길 43,경상북도 영천시 청통면 송천리 473-2 외 4건,,,,정상가동,26.64,380,60,2021,태양광,2021-04-22,경상북도 영천시청,,2025-05-08
소영태양광발전소,경상북도 영천시 청통면 송천공단길 9,경상북도 영천시 청통면 송천리 5-11,,,,정상가동,99.12,380,60,2013,태양광,2013-07-08,경상북도 영천시청,,2025-05-08
소영태양광발전소,경상북도 영천시 청통면 송천공단길 9,경상북도 영천시 청통면 송천리 5-11,,,,정상가동,97.28,380,60,2017,태양광,2017-07-24,경상북도 영천시청,,2025-05-08
현철태양광발전소,,경상북도 영천시 청통면 송천리 513,,,,정상가동,98.77,380,60,2023,태양광,2023-07-19,경상북도 영천시청,,2025-05-08
송천2호태양광발전소,,경상북도 영천시 청통면 송천리 520-2,,,,정상가동,52.08,380,60,2023,태양광,2023-12-28,경상북도 영천시청,,2025-05-08
송천1호태양광발전소,,경상북도 영천시 청통면 송천리 520-2,,,,정상가동,89.28,380,60,2023,태양광,2023-12-28,경상북도 영천시청,,2025-05-08
송천태양광발전소,,경상북도 영천시 청통면 송천리 534-3,,,,정상가동,99.19,380,60,2021,태양광,2021-10-01,경상북도 영천시청,,2025-05-08
이명규태양광발전소,경상북도 영천시 청통면 금송로 711-129,경상북도 영천시 청통면 송천리 550,,,,정상가동,144.54,380,60,2018,태양광,2018-01-15,경상북도 영천시청,,2025-05-08
명규2태양광발전소,경상북도 영천시 청통면 금송로 711-127,경상북도 영천시 청통면 송천리 553,,,,정상가동,99.82,380,60,2023,태양광,2023-12-29,경상북도 영천시청,,2025-05-08
명규1태양광발전소,경상북도 영천시 청통면 금송로 711-127,경상북도 영천시 청통면 송천리 553,,,,정상가동,99.82,380,60,2023,태양광,2023-12-29,경상북도 영천시청,,2025-05-08
김진희태양광발전소,,"경상북도 영천시 청통면 송천리 553, 554, 555",,,,정상가동,99.54,380,60,2019,태양광,2019-11-04,경상북도 영천시청,,2025-05-08
제이에이치에너지,,경상북도 영천시 청통면 송천리 559-5,,,,정상가동,379.44,380,60,2024,태양광,2024-06-03,경상북도 영천시청,2158,2025-05-08
제일1호태양광발전소,,경상북도 영천시 청통면 송천리 58,,,,정상가동,98.28,380,60,2024,태양광,2024-07-16,경상북도 영천시청,421.21,2025-05-08
제일2호태양광발전소,,경상북도 영천시 청통면 송천리 58,,,,정상가동,86.94,380,60,2024,태양광,2024-07-16,경상북도 영천시청,372.61,2025-05-08
제일3호태양광발전소,,경상북도 영천시 청통면 송천리 58,,,,정상가동,98.28,380,60,2024,태양광,2024-07-16,경상북도 영천시청,421.21,2025-05-08
제일4호태양광발전소,,경상북도 영천시 청통면 송천리 58,,,,정상가동,86.94,380,60,2024,태양광,2024-07-16,경상북도 영천시청,372.61,2025-05-08
제일5호태양광발전소,,경상북도 영천시 청통면 송천리 58,,,,정상가동,98.28,380,60,2024,태양광,2024-07-16,경상북도 영천시청,421.21,2025-05-08
홍성일렉트릭1호,,경상북도 영천시 청통면 송천리 645-2,,,,정상가동,99.6,380,60,2023,태양광,2023-07-03,경상북도 영천시청,,2025-05-08
홍성일렉트릭2호,,경상북도 영천시 청통면 송천리 645-2,,,,정상가동,99.6,380,60,2023,태양광,2023-07-03,경상북도 영천시청,,2025-05-08
홍성일렉트릭3호,,경상북도 영천시 청통면 송천리 645-2,,,,정상가동,99.6,380,60,2023,수력,2023-07-03,경상북도 영천시청,,2025-05-08
송천1태양광발전소,,"경상북도 영천시 청통면 송천리 66, 66-3",,,,정상가동,99.84,380,60,2022,태양광,2022-09-14,경상북도 영천시청,,2025-05-08
세창태양광발전소,경상북도 영천시 청통면 관방길 133-32,경상북도 영천시 청통면 송천리 761,,,,정상가동,99.36,220+380,60,2018,태양광,2018-11-12,경상북도 영천시청,,2025-05-08
정수2태양광발전소,,"경상북도 영천시 청통면 송천리 84-1, 84-2, 84-3, 84-4, 126-4",,,,정상가동,54.52,380,60,2022,태양광,2022-09-22,경상북도 영천시청,,2025-05-08
정수1태양광발전소,,"경상북도 영천시 청통면 송천리 84-1, 84-2, 84-3, 84-4, 126-4",,,,정상가동,78.3,380,60,2022,태양광,2022-09-22,경상북도 영천시청,,2025-05-08
현준정밀태양광발전소,경상북도 영천시 청통면 관방길 43-1,경상북도 영천시 청통면 송천리 850,,,,정상가동,29.97,380,60,2021,태양광,2021-04-22,경상북도 영천시청,,2025-05-08
일성섬유태양광발전소,경상북도 영천시 청통면 송천공단길 20,경상북도 영천시 청통면 송천리 9-5,,,,정상가동,199.26,380,60,2013,태양광,2013-10-07,경상북도 영천시청,,2025-05-08
산마을1태양광발전소,,"경상북도 영천시 청통면 신덕리 1002, 1002-2, 1002-3, 1002-4",,,,정상가동,38.22,380,60,2018,태양광,2018-09-20,경상북도 영천시청,,2025-05-08
산마을3태양광발전소,경상북도 영천시 청통면 성골길 253,경상북도 영천시 청통면 신덕리 1002-3,,,,정상가동,18.98,380,60,2019,태양광,2019-01-09,경상북도 영천시청,,2025-05-08
말밭7호태양광발전소,경상북도 영천시 청통면 사일로 515,경상북도 영천시 청통면 신덕리 32-1,,,,정상가동,96,380,60,2023,태양광,2023-11-29,경상북도 영천시청,,2025-05-08
말밭5호태양광발전소,경상북도 영천시 청통면 사일로 515,경상북도 영천시 청통면 신덕리 32-1,,,,정상가동,96,380,60,2023,태양광,2023-11-29,경상북도 영천시청,,2025-05-08
말밭6호태양광발전소,경상북도 영천시 청통면 사일로 515,경상북도 영천시 청통면 신덕리 32-1,,,,정상가동,96,380,60,2023,태양광,2023-11-29,경상북도 영천시청,,2025-05-08
한도식품1태양광발전소,경상북도 영천시 청통면 사일로 543-13,경상북도 영천시 청통면 신덕리 468,,,,정상가동,99.13,380,60,2014,태양광,2014-12-29,경상북도 영천시청,,2025-05-08
신덕상회태양광발전소,,경상북도 영천시 청통면 신덕리 468,,,,정상가동,99.76,380,60,2022,태양광,2022-07-05,경상북도 영천시청,,2025-05-08
동아태양광발전소,,경상북도 영천시 청통면 신덕리 475,,,,정상가동,99,380,60,2017,태양광,2017-07-03,경상북도 영천시청,,2025-05-08
신덕태양광,,경상북도 영천시 청통면 신덕리 475,,,,정상가동,99,380,60,2017,태양광,2017-07-03,경상북도 영천시청,,2025-05-08
삼부태양광발전소,,"경상북도 영천시 청통면 신덕리 788-1, 788-3, 765",,,,정상가동,99,380,60,2018,태양광,2018-10-24,경상북도 영천시청,,2025-05-08
한도식품태양광발전소,,"경상북도 영천시 청통면 신덕리 우천리 467-1, 1202-3",,,,정상가동,93.5,380,60,2014,태양광,2014-08-25,경상북도 영천시청,,2025-05-08
큐브1태양광발전소,,"경상북도 영천시 청통면 신덕리 우천리 486, 1188-1",,,,정상가동,95.04,380,60,2015,태양광,2015-02-16,경상북도 영천시청,,2025-05-08
큐브2태양광발전소,,"경상북도 영천시 청통면 신덕리 우천리 486, 1188-1",,,,정상가동,97.6,380,60,2015,태양광,2015-08-18,경상북도 영천시청,,2025-05-08
큐브3태양광발전소,,"경상북도 영천시 청통면 신덕리 우천리 486, 1188-1",,,,정상가동,97.6,380,60,2015,태양광,2015-08-18,경상북도 영천시청,,2025-05-08
신원리부8동태양광발전소,,"경상북도 영천시 청통면 신원리 287, 288, 289-1, 290-1",,,,정상가동,99.9,380,60,2022,태양광,2022-01-10,경상북도 영천시청,,2025-05-08
신원리부7동태양광발전소,,"경상북도 영천시 청통면 신원리 287, 288, 289-1, 290-1",,,,정상가동,79.2,380,60,2022,태양광,2022-01-10,경상북도 영천시청,,2025-05-08
신원리부6동태양광발전소,,"경상북도 영천시 청통면 신원리 287, 288, 289-1, 290-1",,,,정상가동,63,380,60,2022,태양광,2022-01-10,경상북도 영천시청,,2025-05-08
신원리부5동태양광발전소,,"경상북도 영천시 청통면 신원리 287, 288, 289-1, 290-1",,,,정상가동,52.2,380,60,2022,태양광,2022-01-10,경상북도 영천시청,,2025-05-08
신원리부4동태양광발전소,,"경상북도 영천시 청통면 신원리 287, 288, 289-1, 290-1",,,,정상가동,99.9,380,60,2022,태양광,2022-01-10,경상북도 영천시청,,2025-05-08
신원리부3동태양광발전소,,"경상북도 영천시 청통면 신원리 287, 288, 289-1, 290-1",,,,정상가동,99.9,380,60,2022,태양광,2022-01-10,경상북도 영천시청,,2025-05-08
신원리부2동태양광발전소,,"경상북도 영천시 청통면 신원리 287, 288, 289-1, 290-1",,,,정상가동,99.9,380,60,2022,태양광,2022-01-10,경상북도 영천시청,,2025-05-08
신원리부1동태양광발전소,,"경상북도 영천시 청통면 신원리 287, 288, 289-1, 290-1",,,,정상가동,99,380,60,2022,태양광,2022-01-10,경상북도 영천시청,,2025-05-08
신원리주1동태양광발전소,,"경상북도 영천시 청통면 신원리 287, 288, 289-1, 290-1",,,,정상가동,79.2,380,60,2022,태양광,2022-01-10,경상북도 영천시청,,2025-05-08
백송농원태양광발전소,,"경상북도 영천시 청통면 신원리 39-1, 산41-1",,,,정상가동,295.65,380,60,2018,태양광,2024-01-09,경상북도 영천시청,,2025-05-08
향태양광발전소,경상북도 영천시 청통면 거조길 493,경상북도 영천시 청통면 신원리 665,,,,정상가동,19.8,380,60,2021,태양광,2021-11-16,경상북도 영천시청,,2025-05-08
범주햇빛태양광발전소,,경상북도 영천시 청통면 신원리 산55,,,,정상가동,246.24,380,60,2018,태양광,2018-08-31,경상북도 영천시청,,2025-05-08
(유)에스에이태양광발전소,,경상북도 영천시 청통면 신원리 산55,,,,정상가동,948.6,22900,60,2018,태양광,2018-08-31,경상북도 영천시청,,2025-05-08
성웅2호태양광발전소,,경상북도 영천시 청통면 신학리 331,,,,정상가동,99.6,380,60,2023,태양광,2023-06-23,경상북도 영천시청,,2025-05-08
성웅3호태양광발전소,,경상북도 영천시 청통면 신학리 331,,,,정상가동,99.6,380,60,2023,태양광,2023-06-23,경상북도 영천시청,,2025-05-08
성웅1호태양광발전소,,경상북도 영천시 청통면 신학리 331,,,,정상가동,99.6,380,60,2023,태양광,2023-06-23,경상북도 영천시청,,2025-05-08
근호태양광발전소,,"경상북도 영천시 청통면 신학리 354, 355",,,,정상가동,195.84,380,60,2018,태양광,2018-03-13,경상북도 영천시청,,2025-05-08
정재2태양광발전소,경상북도 영천시 청통면 청통로 556-56,"경상북도 영천시 청통면 신학리 362, 308, 363, 364-2, 364-3, 365, 365-1",,,,정상가동,99.76,380,60,2022,태양광,2023-03-16,경상북도 영천시청,,2025-05-08
정재1태양광발전소,경상북도 영천시 청통면 청통로 556-56,"경상북도 영천시 청통면 신학리 362, 308, 363, 364-2, 364-3, 365, 365-1",,,,정상가동,84.48,380,60,2022,태양광,2023-03-16,경상북도 영천시청,,2025-05-08
창민4태양광발전소,경상북도 영천시 청통면 청통로 556-64,"경상북도 영천시 청통면 신학리 362, 308, 363, 364-2, 364-3, 365, 365-1",,,,정상가동,136.13,380,60,2023,태양광,2023-11-03,경상북도 영천시청,,2025-05-08
창민3태양광발전소,경상북도 영천시 청통면 청통로 556-64,"경상북도 영천시 청통면 신학리 362, 308, 363, 364-2, 364-3, 365, 365-1",,,,정상가동,99.6,380,60,2023,태양광,2023-11-03,경상북도 영천시청,,2025-05-08
정재태양광발전소,경상북도 영천시 청통면 청통로 556-56,"경상북도 영천시 청통면 신학리 362, 308, 363, 364-2, 364-3, 365, 365-1",,,,정상가동,268.8,380,60,2023,태양광,2023-03-15,경상북도 영천시청,,2025-05-08
별빛3호태양광발전소,,경상북도 영천시 청통면 신학리 367,,,,정상가동,99.2,380,60,2023,태양광,2023-11-06,경상북도 영천시청,,2025-05-08
별빛4호태양광발전소,,경상북도 영천시 청통면 신학리 367,,,,정상가동,99.2,380,60,2023,태양광,2023-11-06,경상북도 영천시청,,2025-05-08
별빛2호태양광발전소,,경상북도 영천시 청통면 신학리 367,,,,정상가동,99.2,380,60,2023,태양광,2023-11-06,경상북도 영천시청,,2025-05-08
별빛1호태양광발전소,,경상북도 영천시 청통면 신학리 367,,,,정상가동,99.2,380,60,2023,태양광,2023-11-06,경상북도 영천시청,,2025-05-08
햇빛3호태양광발전소,,경상북도 영천시 청통면 신학리 367,,,,정상가동,99.82,380,60,2023,태양광,2023-11-06,경상북도 영천시청,,2025-05-08
햇빛2호태양광발전소,,경상북도 영천시 청통면 신학리 367,,,,정상가동,99.82,380,60,2023,태양광,2023-11-06,경상북도 영천시청,,2025-05-08
햇빛1호태양광발전소,,경상북도 영천시 청통면 신학리 367,,,,정상가동,99.82,380,60,2023,태양광,2023-11-06,경상북도 영천시청,,2025-05-08
별빛3호태양광발전소,,경상북도 영천시 청통면 신학리 367,,,,정상가동,39.6,380,60,2023,태양광,2023-12-15,경상북도 영천시청,,2025-05-08
별빛1호태양광발전소,,경상북도 영천시 청통면 신학리 367,,,,정상가동,99.6,380,60,2023,태양광,2023-12-15,경상북도 영천시청,,2025-05-08
별빛2호태양광발전소,,경상북도 영천시 청통면 신학리 367,,,,정상가동,99.6,380,60,2023,태양광,2023-12-15,경상북도 영천시청,,2025-05-08
광채태양광발전소,,"경상북도 영천시 청통면 신학리 380, 380-1",,,,정상가동,99.48,380,60,2023,태양광,2023-04-03,경상북도 영천시청,,2025-05-08
이영숙태양광발전소,경상북도 영천시 청통면 청통로 556-97,경상북도 영천시 청통면 신학리 393-10,,,,정상가동,137.94,380,60,2018,태양광,2018-01-15,경상북도 영천시청,,2025-05-08
권순란태양광발전소1호,,"경상북도 영천시 청통면 신학리 415, 416",,,,정상가동,99.76,380,60,2021,태양광,2021-12-06,경상북도 영천시청,,2025-05-08
권순란태양광발전소4호,,"경상북도 영천시 청통면 신학리 415, 416, 417, 418",,,,정상가동,199.92,380,60,2022,태양광,2022-05-10,경상북도 영천시청,,2025-05-08
이영태양광발전소4호,,"경상북도 영천시 청통면 신학리 415, 416, 417, 418",,,,정상가동,196.98,380,60,2022,태양광,2022-09-07,경상북도 영천시청,,2025-05-08
권순란태양광발전소2호,,"경상북도 영천시 청통면 신학리 416, 417",,,,정상가동,99.76,380,60,2021,태양광,2021-12-06,경상북도 영천시청,,2025-05-08
권순란태양광발전소3호,,경상북도 영천시 청통면 신학리 417,,,,정상가동,99.76,380,60,2021,태양광,2021-12-06,경상북도 영천시청,,2025-05-08
이영태양광발전소1호,,"경상북도 영천시 청통면 신학리 417, 418",,,,정상가동,99.76,380,60,2021,태양광,2021-12-06,경상북도 영천시청,,2025-05-08
이영태양광발전소3호,,경상북도 영천시 청통면 신학리 418,,,,정상가동,99.76,380,60,2021,태양광,2021-12-06,경상북도 영천시청,,2025-05-08
이영태양광발전소2호,,경상북도 영천시 청통면 신학리 418,,,,정상가동,99.76,380,60,2021,태양광,2021-12-06,경상북도 영천시청,,2025-05-08
이헌주태양광발전소5호,,경상북도 영천시 청통면 신학리 418,,,,정상가동,49,380,60,2022,태양광,2022-09-01,경상북도 영천시청,,2025-05-08
해동태양광발전소,경상북도 영천시 청통면 용내길 56-36,경상북도 영천시 청통면 신학리 444,,,,정상가동,59.66,380,60,2023,태양광,2023-06-01,경상북도 영천시청,,2025-05-08
해동1호태양광발전소,경상북도 영천시 청통면 용내길 56-36,경상북도 영천시 청통면 신학리 444,,,,정상가동,59.66,380,60,2023,화력,2023-06-01,경상북도 영천시청,,2025-05-08
삼광2호태양광발전소,경상북도 영천시 청통면 금송로 1050,경상북도 영천시 청통면 신학리 507,,,,정상가동,99.55,380,60,2023,태양광,2023-08-25,경상북도 영천시청,,2025-05-08
삼광3호태양광발전소,경상북도 영천시 청통면 금송로 1050,경상북도 영천시 청통면 신학리 507,,,,정상가동,99.55,380,60,2023,태양광,2023-08-25,경상북도 영천시청,,2025-05-08
삼광4호태양광발전소,경상북도 영천시 청통면 금송로 1050,경상북도 영천시 청통면 신학리 507,,,,정상가동,99.55,380,60,2023,태양광,2023-08-25,경상북도 영천시청,,2025-05-08
삼광5호태양광발전소,경상북도 영천시 청통면 금송로 1050,경상북도 영천시 청통면 신학리 507,,,,정상가동,99.55,380,60,2023,태양광,2023-08-25,경상북도 영천시청,,2025-05-08
삼광자전거(주)1호태양광발전소,,"경상북도 영천시 청통면 신학리 507, 640-2, 645-7",,,,정상가동,99.96,380,60,2023,태양광,2023-03-23,경상북도 영천시청,,2025-05-08
한국기계태양광발전소,경상북도 영천시 청통면 청통로 646-3,경상북도 영천시 청통면 신학리 538-12,,,,정상가동,99.23,380+220,60,2016,태양광,2016-10-21,경상북도 영천시청,,2025-05-08
백성기태양광발전소,,경상북도 영천시 청통면 신학리 538-12,,,,정상가동,29.97,380,60,2019,태양광,2019-10-23,경상북도 영천시청,,2025-05-08
박주욱2호태양광발전소,경상북도 영천시 청통면 청통로 646-4,경상북도 영천시 청통면 신학리 538-9,,,,정상가동,29.98,380,60,2022,태양광,2022-06-20,경상북도 영천시청,,2025-05-08
박주욱3호태양광발전소,,경상북도 영천시 청통면 신학리 538-9,,,,정상가동,15.26,380,60,2022,태양광,2022-06-20,경상북도 영천시청,,2025-05-08
박주욱1호태양광발전소,,경상북도 영천시 청통면 신학리 538-9,,,,정상가동,29.98,380,60,2022,태양광,2022-06-20,경상북도 영천시청,,2025-05-08
금성2호태양광발전소,경상북도 영천시 청통면 새학길 56-25,경상북도 영천시 청통면 신학리 92-12,,,,정상가동,60,380,60,2023,태양광,2023-11-01,경상북도 영천시청,,2025-05-08
금성1호태양광발전소,경상북도 영천시 청통면 새학길 56-25,경상북도 영천시 청통면 신학리 92-12,,,,정상가동,99.6,380,60,2023,태양광,2023-11-01,경상북도 영천시청,,2025-05-08
동서태양광발전소,,"경상북도 영천시 청통면 애련리 102-3, 102-4, 102-5",,,,정상가동,234.35,380,60,2019,태양광,2019-10-07,경상북도 영천시청,,2025-05-08
참나3태양광발전소,경상북도 영천시 청통면 애련길 167,경상북도 영천시 청통면 애련리 291-1,,,,정상가동,46.41,380,60,2020,태양광,2020-08-04,경상북도 영천시청,,2025-05-08
참나2태양광발전소,,"경상북도 영천시 청통면 애련리 301, 301-1",,,,정상가동,99.96,380,60,2020,태양광,2020-08-04,경상북도 영천시청,,2025-05-08
참나1태양광발전소,,"경상북도 영천시 청통면 애련리 301, 301-1",,,,정상가동,99.96,380,60,2020,태양광,2020-08-04,경상북도 영천시청,,2025-05-08
천곡1호태양광발전소,,경상북도 영천시 청통면 애련리 618-1,,,,정상가동,69.44,380,60,2023,태양광,2023-11-01,경상북도 영천시청,,2025-05-08
한백테크태양광발전소,경상북도 영천시 청통면 애련길 140,경상북도 영천시 청통면 애련리 99-3,,,,정상가동,295.47,380,60,2017,태양광,2017-06-12,경상북도 영천시청,,2025-05-08
주식회사한백건설태양광발전소,경상북도 영천시 청통면 애련길 140,경상북도 영천시 청통면 애련리 99-3,,,,정상가동,99.9,220+380,60,2019,태양광,2019-12-17,경상북도 영천시청,,2025-05-08
민석2호태양광발전소,,경상북도 영천시 청통면 용천리 187,,,,정상가동,97.68,380,60,2023,태양광,2023-11-06,경상북도 영천시청,,2025-05-08
민석3호태양광발전소,,경상북도 영천시 청통면 용천리 187,,,,정상가동,97.68,380,60,2023,태양광,2023-11-06,경상북도 영천시청,,2025-05-08
민석4호태양광발전소,,경상북도 영천시 청통면 용천리 187,,,,정상가동,98.34,380,60,2023,태양광,2023-11-06,경상북도 영천시청,,2025-05-08
민석5호태양광발전소,,경상북도 영천시 청통면 용천리 187,,,,정상가동,99.2,380,60,2023,태양광,2023-11-22,경상북도 영천시청,,2025-05-08
민석1호태양광발전소,,경상북도 영천시 청통면 용천리 187,,,,정상가동,99,380,60,2023,태양광,2023-12-05,경상북도 영천시청,,2025-05-08
태민5호태양광발전소,,"경상북도 영천시 청통면 용천리 190, 190-3, 635-9, 635-13",,,,정상가동,99,380,60,2023,태양광,2023-08-28,경상북도 영천시청,,2025-05-08
태민3호태양광발전소,,"경상북도 영천시 청통면 용천리 190, 190-4, 193",,,,정상가동,99,380,60,2023,태양광,2023-08-28,경상북도 영천시청,,2025-05-08
태민2호태양광발전소,,"경상북도 영천시 청통면 용천리 190, 190-4, 193",,,,정상가동,99,380,60,2023,태양광,2023-08-28,경상북도 영천시청,,2025-05-08
태민4호태양광발전소,,"경상북도 영천시 청통면 용천리 190, 193, 635-9",,,,정상가동,99,380,60,2023,태양광,2023-08-28,경상북도 영천시청,,2025-05-08
잘미12호태양광발전소,,"경상북도 영천시 청통면 용천리 190-1, 190-2. 635-24",,,,정상가동,98.4,380,60,2023,태양광,2023-12-28,경상북도 영천시청,,2025-05-08
잘미13호태양광발전소,,"경상북도 영천시 청통면 용천리 190-1, 190-2. 635-24",,,,정상가동,97.2,380,60,2023,태양광,2023-12-28,경상북도 영천시청,,2025-05-08
잘미14호태양광발전소,,"경상북도 영천시 청통면 용천리 190-1, 190-2. 635-24",,,,정상가동,96,380,60,2023,태양광,2023-12-28,경상북도 영천시청,,2025-05-08
태민1호태양광발전소,,"경상북도 영천시 청통면 용천리 190-5, 193-1",,,,정상가동,99,380,60,2023,태양광,2023-08-28,경상북도 영천시청,,2025-05-08
호산13호태양광발전소,,"경상북도 영천시 청통면 용천리 206, 207",,,,정상가동,99.38,380,60,2024,태양광,2024-05-02,경상북도 영천시청,,2025-05-08
호산14호태양광발전소,,"경상북도 영천시 청통면 용천리 206, 207",,,,정상가동,36.88,380,60,2024,태양광,2024-05-02,경상북도 영천시청,,2025-05-08
호산1호태양광발전소,,"경상북도 영천시 청통면 용천리 206, 207, 208-3",,,,정상가동,99.2,380,60,2023,태양광,2023-11-01,경상북도 영천시청,,2025-05-08
호산2호태양광발전소,,"경상북도 영천시 청통면 용천리 206, 207, 208-3",,,,정상가동,96.1,380,60,2023,태양광,2023-11-01,경상북도 영천시청,,2025-05-08
호산15호태양광발전소,,"경상북도 영천시 청통면 용천리 207, 208-3",,,,정상가동,37.8,380,60,2024,태양광,2024-07-11,경상북도 영천시청,162,2025-05-08
호산3호태양광발전소,,"경상북도 영천시 청통면 용천리 233-3, 233-5, 304-7, 304-28",,,,정상가동,74.4,380,60,2023,태양광,2023-12-21,경상북도 영천시청,,2025-05-08
윤쾌현태양광발전소,,"경상북도 영천시 청통면 용천리 304-22, 304-23",,,,정상가동,99.22,380,60,2019,태양광,2019-12-05,경상북도 영천시청,,2025-05-08
호산5호태양광발전소,,경상북도 영천시 청통면 용천리 304-5,,,,정상가동,99.82,380,60,2023,태양광,2023-11-01,경상북도 영천시청,,2025-05-08
호산6호태양광발전소,,경상북도 영천시 청통면 용천리 304-5,,,,정상가동,99.2,380,60,2023,태양광,2023-11-01,경상북도 영천시청,,2025-05-08
호산7호태양광발전소,,경상북도 영천시 청통면 용천리 304-5,,,,정상가동,303,380,60,2023,태양광,2023-11-01,경상북도 영천시청,,2025-05-08
청풍1호태양광발전소,경상북도 영천시 청통면 장수로 1159,경상북도 영천시 청통면 용천리 351,,,,정상가동,99.6,380,60,2023,태양광,2023-12-29,경상북도 영천시청,,2025-05-08
청풍2호태양광발전소,경상북도 영천시 청통면 장수로 1159,경상북도 영천시 청통면 용천리 351,,,,정상가동,70.8,380,60,2023,태양광,2023-12-29,경상북도 영천시청,,2025-05-08
청풍3호태양광발전소,,경상북도 영천시 청통면 용천리 353-1,,,,정상가동,15.84,380,60,2024,태양광,2024-02-23,경상북도 영천시청,,2025-05-08
정금1태양광발전소,,경상북도 영천시 청통면 용천리 509,,,,정상가동,99.36,380,60,2021,태양광,2021-10-28,경상북도 영천시청,,2025-05-08
정금2태양광발전소,,경상북도 영천시 청통면 용천리 509-1,,,,정상가동,51.52,380,60,2021,태양광,2021-10-28,경상북도 영천시청,,2025-05-08
잘미21호태양광발전소,,경상북도 영천시 청통면 용천리 635-3,,,,정상가동,42.16,380,60,2024,태양광,2024-05-03,경상북도 영천시청,,2025-05-08
화남태양광발전소,,"경상북도 영천시 청통면 용천리 646-28, 646-76",,,,정상가동,99.76,380,60,2022,태양광,2022-03-25,경상북도 영천시청,,2025-05-08
신화11호태양광발전소,경상북도 영천시 청통면 청통로 290,경상북도 영천시 청통면 우천리 1001,,,,정상가동,239.54,380,60,2022,태양광,2022-09-16,경상북도 영천시청,,2025-05-08
신화10호태양광발전소,경상북도 영천시 청통면 청통로 290,경상북도 영천시 청통면 우천리 1001,,,,정상가동,148.68,380,60,2022,태양광,2022-09-16,경상북도 영천시청,,2025-05-08
신화9호태양광발전소,,"경상북도 영천시 청통면 우천리 1001-9, 1001-5",,,,정상가동,143.96,380,60,2022,태양광,2022-09-16,경상북도 영천시청,,2025-05-08
모던태양광발전소2호,,경상북도 영천시 청통면 우천리 1029,,,,정상가동,59.15,380,60,2021,태양광,2021-08-17,경상북도 영천시청,,2025-05-08
모던태양광발전소1호,경상북도 영천시 청통면 사일로 627,경상북도 영천시 청통면 우천리 1029-1,,,,정상가동,75.99,380,60,2021,태양광,2021-08-17,경상북도 영천시청,,2025-05-08
한솔2태양광,,"경상북도 영천시 청통면 우천리 1161, 1162",,,,정상가동,99.2,380,60,2016,태양광,2016-07-05,경상북도 영천시청,,2025-05-08
DH2태양광발전소,,경상북도 영천시 청통면 우천리 1202-12,,,,정상가동,99.96,380,60,2023,태양광,2023-03-24,경상북도 영천시청,,2025-05-08
DH1태양광발전소,,경상북도 영천시 청통면 우천리 1202-12,,,,정상가동,99.96,380,60,2023,태양광,2023-03-24,경상북도 영천시청,,2025-05-08
윤택1호태양광발전소,경상북도 영천시 청통면 청통로 27-22,경상북도 영천시 청통면 우천리 1432-4,,,,정상가동,99.19,380,60,2022,태양광,2022-05-20,경상북도 영천시청,,2025-05-08
부흥3호태양광발전소,경상북도 영천시 청통면 신덕1길 46-20,"경상북도 영천시 청통면 우천리 17-1, 18",,,,정상가동,99.6,380,60,2020,태양광,2020-08-21,경상북도 영천시청,,2025-05-08
금산2태양광발전소,,경상북도 영천시 청통면 우천리 209-1,,,,정상가동,84,380,60,2023,태양광,2023-02-03,경상북도 영천시청,,2025-05-08
부흥태양광발전소,,"경상북도 영천시 청통면 우천리 495, 496",,,,정상가동,97.92,380,60,2018,태양광,2018-08-06,경상북도 영천시청,,2025-05-08
부흥1호태양광발전소,경상북도 영천시 청통면 신덕1길 46-19,경상북도 영천시 청통면 우천리 496,,,,정상가동,80.64,380,60,2020,태양광,2020-08-21,경상북도 영천시청,,2025-05-08
부흥2호태양광발전소,경상북도 영천시 청통면 신덕1길 46-20,경상북도 영천시 청통면 우천리 499,,,,정상가동,99.6,380,60,2020,태양광,2020-08-21,경상북도 영천시청,,2025-05-08
부흥5호태양광발전소,,경상북도 영천시 청통면 우천리 500,,,,정상가동,99.65,380,60,2021,태양광,2021-10-15,경상북도 영천시청,,2025-05-08
부흥4호태양광발전소,,경상북도 영천시 청통면 우천리 500,,,,정상가동,99.65,380,60,2021,태양광,2021-10-15,경상북도 영천시청,,2025-05-08
부흥7호태양광발전소,,"경상북도 영천시 청통면 우천리 500, 501",,,,정상가동,99.65,380,60,2021,태양광,2021-10-15,경상북도 영천시청,,2025-05-08
부흥6호태양광발전소,,"경상북도 영천시 청통면 우천리 500, 501",,,,정상가동,99.65,380,60,2021,태양광,2021-10-15,경상북도 영천시청,,2025-05-08
㈜태우산업태양광발전소,경상북도 영천시 청통면 청통로 284,경상북도 영천시 청통면 우천리 997-11,,,,정상가동,398.46,380,60,2020,태양광,2020-10-12,경상북도 영천시청,,2025-05-08
신화13호태양광발전소,,경상북도 영천시 청통면 우천리 997-8 외 8필지,,,,정상가동,443.68,380,60,2022,태양광,2022-09-16,경상북도 영천시청,,2025-05-08
신화14호태양광발전소,,경상북도 영천시 청통면 우천리 997-8 외 8필지,,,,정상가동,278.48,380,60,2022,태양광,2022-12-27,경상북도 영천시청,,2025-05-08
신화12호태양광발전소,경상북도 영천시 청통면 청통로 288,경상북도 영천시 청통면 우천리 999-3,,,,정상가동,306.8,380,60,2022,태양광,2022-09-16,경상북도 영천시청,,2025-05-08
현당에너지태양광발전소,,경상북도 영천시 청통면 우천리 산27,,,,정상가동,297,22900,60,2015,태양광,2015-11-11,경상북도 영천시청,,2025-05-08
우천태양광,,경상북도 영천시 청통면 우천리 산31-1,,,,정상가동,990,22900,60,2017,태양광,2017-07-14,경상북도 영천시청,,2025-05-08
용담골태양광발전소,경상북도 영천시 청통면 청통로 75-14,경상북도 영천시 청통면 우천리 청통로 75-14,,,,정상가동,99.6,380,60,2019,태양광,2019-12-26,경상북도 영천시청,,2025-05-08
신우천태양광발전소,경상북도 영천시 청통면 청통로 75-14,경상북도 영천시 청통면 우천리 청통로 75-14,,,,정상가동,99.6,380,60,2019,태양광,2019-12-26,경상북도 영천시청,,2025-05-08
신삼부태양광발전소,경상북도 영천시 청통면 청통로 75-14,경상북도 영천시 청통면 우천리 청통로 75-14,,,,정상가동,169.32,380,60,2019,태양광,2019-12-26,경상북도 영천시청,,2025-05-08
운주태양광발전소,경상북도 영천시 청통면 청통로 75-14,경상북도 영천시 청통면 우천리 청통로 75-14,,,,정상가동,86.32,380,60,2019,태양광,2019-12-26,경상북도 영천시청,,2025-05-08
우성4호태양광발전소,,경상북도 영천시 청통면 원촌리 12,,,,정상가동,40,380,60,2023,태양광,2023-02-08,경상북도 영천시청,,2025-05-08
지성2호태양광발전소,,경상북도 영천시 청통면 원촌리 12 외 7필지,,,,정상가동,99.71,380,60,2023,태양광,2023-02-08,경상북도 영천시청,,2025-05-08
지성1호태양광발전소,,경상북도 영천시 청통면 원촌리 12 외 7필지,,,,정상가동,99.71,380,60,2023,태양광,2023-02-08,경상북도 영천시청,,2025-05-08
금호농협청통지점1호태양광발전소,,경상북도 영천시 청통면 원촌리 226-2,,,,정상가동,29.76,380,60,2022,태양광,2022-05-11,경상북도 영천시청,,2025-05-08
금호농협청통지점2호태양광발전소,,"경상북도 영천시 청통면 원촌리 226-8, 226-13, 226-5",,,,정상가동,99.84,380,60,2022,태양광,2022-05-11,경상북도 영천시청,,2025-05-08
태경5호태양광발전소,,경상북도 영천시 청통면 원촌리 312,,,,정상가동,99.6,380,60,2023,태양광,2023-12-20,경상북도 영천시청,,2025-05-08
태경4호태양광발전소,,경상북도 영천시 청통면 원촌리 312,,,,정상가동,99.6,380,60,2023,태양광,2023-12-20,경상북도 영천시청,,2025-05-08
태경3호태양광발전소,,경상북도 영천시 청통면 원촌리 312,,,,정상가동,99.6,380,60,2023,태양광,2023-12-20,경상북도 영천시청,,2025-05-08
태경2호태양광발전소,,경상북도 영천시 청통면 원촌리 312,,,,정상가동,99.6,380,60,2023,태양광,2023-12-20,경상북도 영천시청,,2025-05-08
태경1호태양광발전소,,경상북도 영천시 청통면 원촌리 312,,,,정상가동,99.6,380,60,2023,태양광,2023-12-20,경상북도 영천시청,,2025-05-08
이상훈2호태양광발전소,,"경상북도 영천시 청통면 원촌리 437, 534-24",,,,정상가동,90.86,380,60,2022,태양광,2022-11-02,경상북도 영천시청,,2025-05-08
이상훈3호태양광발전소,,"경상북도 영천시 청통면 원촌리 438, 443-1, 534-16, 534-27, 534-28",,,,정상가동,92.04,380,60,2022,태양광,2022-11-02,경상북도 영천시청,,2025-05-08
이상훈4호태양광발전소,,"경상북도 영천시 청통면 원촌리 438, 443-1, 534-16, 534-27, 534-28",,,,정상가동,99.2,380,60,2023,태양광,2023-12-15,경상북도 영천시청,,2025-05-08
경농솔라태양광발전소,,"경상북도 영천시 청통면 원촌리 468-1, 468-2, 468-3, 469",,,,정상가동,436.68,380,60,2018,태양광,2018-04-03,경상북도 영천시청,,2025-05-08
경농솔라2태양광발전소,,"경상북도 영천시 청통면 원촌리 468-1, 468-2, 468-3, 469",,,,정상가동,402.48,380,60,2019,태양광,2019-07-19,경상북도 영천시청,,2025-05-08
대아1호태양광발전소,경상북도 영천시 청통면 금송로 880-18,경상북도 영천시 청통면 원촌리 534-1,,,,정상가동,99.6,380,60,2023,태양광,2023-12-20,경상북도 영천시청,,2025-05-08
대아2호태양광발전소,경상북도 영천시 청통면 금송로 880-18,경상북도 영천시 청통면 원촌리 534-1,,,,정상가동,99.6,380,60,2023,태양광,2023-12-20,경상북도 영천시청,,2025-05-08
대아3호태양광발전소,경상북도 영천시 청통면 금송로 880-18,경상북도 영천시 청통면 원촌리 534-1,,,,정상가동,99.6,380,60,2023,태양광,2023-12-20,경상북도 영천시청,,2025-05-08
대아4호태양광발전소,경상북도 영천시 청통면 금송로 880-18,경상북도 영천시 청통면 원촌리 534-1,,,,정상가동,99.6,380,60,2023,태양광,2023-12-20,경상북도 영천시청,,2025-05-08
대아5호태양광발전소,경상북도 영천시 청통면 금송로 880-18,경상북도 영천시 청통면 원촌리 534-1,,,,정상가동,99.6,380,60,2023,태양광,2023-12-20,경상북도 영천시청,,2025-05-08
백일전기태양광발전소,경상북도 영천시 청통면 금송로 880-18,경상북도 영천시 청통면 원촌리 534-1,,,,정상가동,99.6,380,60,2023,태양광,2023-12-20,경상북도 영천시청,,2025-05-08
호기태양광발전소,,"경상북도 영천시 청통면 원촌리 7, 7-1, 8, 8-1",,,,정상가동,197.1,380,60,2019,태양광,2019-03-28,경상북도 영천시청,,2025-05-08
축복태양광발전소,경상북도 영천시 청통면 아랫죽정길 46,경상북도 영천시 청통면 죽정리 226-4,,,,정상가동,125,380,60,2018,태양광,2018-09-13,경상북도 영천시청,,2025-05-08
팔공태양광발전소1호,,경상북도 영천시 청통면 죽정리 291,,,,정상가동,99.96,380,60,2023,태양광,2023-05-04,경상북도 영천시청,,2025-05-08
팔공태양광발전소2호,,경상북도 영천시 청통면 죽정리 291,,,,정상가동,99.96,380,60,2023,태양광,2023-05-04,경상북도 영천시청,,2025-05-08
윤성태양광발전소,,경상북도 영천시 청통면 죽정리 293,,,,정상가동,99,380,60,2023,태양광,2023-06-29,경상북도 영천시청,,2025-05-08
윤성2태양광발전소,,경상북도 영천시 청통면 죽정리 293,,,,정상가동,73,380,60,2023,태양광,2023-06-29,경상북도 영천시청,,2025-05-08
한서3태양광발전소,경상북도 영천시 청통면 한티길 46-20,경상북도 영천시 청통면 죽정리 296-2,,,,정상가동,99.6,380,60,2024,태양광,2024-01-29,경상북도 영천시청,,2025-05-08
한서2태양광발전소,경상북도 영천시 청통면 한티길 46-20,경상북도 영천시 청통면 죽정리 296-2,,,,정상가동,99.6,380,60,2024,태양광,2024-01-29,경상북도 영천시청,,2025-05-08
성용3호태양광발전소,,"경상북도 영천시 청통면 죽정리 464-2, 464-3",,,,정상가동,99.12,380,60,2022,태양광,2022-11-10,경상북도 영천시청,,2025-05-08
성용2호태양광발전소,,"경상북도 영천시 청통면 죽정리 464-2, 464-3",,,,정상가동,99.12,380,60,2022,태양광,2022-11-10,경상북도 영천시청,,2025-05-08
성용1호태양광발전소,,"경상북도 영천시 청통면 죽정리 464-2, 464-3",,,,정상가동,99.12,380,60,2022,태양광,2022-11-10,경상북도 영천시청,,2025-05-08
현주3호태양광발전소,,"경상북도 영천시 청통면 죽정리 464-2, 464-3",,,,정상가동,99.12,380,60,2022,태양광,2022-11-10,경상북도 영천시청,,2025-05-08
현주2호태양광발전소,,"경상북도 영천시 청통면 죽정리 464-2, 464-3",,,,정상가동,99.12,380,60,2022,태양광,2022-11-10,경상북도 영천시청,,2025-05-08
현주1호태양광발전소,,"경상북도 영천시 청통면 죽정리 464-2, 464-3",,,,정상가동,99.12,380,60,2022,태양광,2022-11-10,경상북도 영천시청,,2025-05-08
승우농장2호태양광발전소,,"경상북도 영천시 청통면 죽정리 466-2, 466-3, 554-1",,,,정상가동,99.84,380,60,2022,태양광,2022-05-10,경상북도 영천시청,,2025-05-08
승우농장1호태양광발전소,,"경상북도 영천시 청통면 죽정리 466-2, 466-3, 554-1",,,,정상가동,99.84,380,60,2022,태양광,2022-05-10,경상북도 영천시청,,2025-05-08
해오름1호태양광발전소,,경상북도 영천시 청통면 죽정리 576,,,,정상가동,97.34,380,60,2023,태양광,2023-12-20,경상북도 영천시청,,2025-05-08
해오름2호태양광발전소,,경상북도 영천시 청통면 죽정리 576,,,,정상가동,99.2,380,60,2023,태양광,2023-12-20,경상북도 영천시청,,2025-05-08
해오름3호태양광발전소,,경상북도 영천시 청통면 죽정리 576,,,,정상가동,97.5,380,60,2023,태양광,2023-12-20,경상북도 영천시청,,2025-05-08
청통태양광발전소,,"경상북도 영천시 청통면 죽정리 599, 599-2",,,,정상가동,18,380,60,2014,태양광,2014-12-29,경상북도 영천시청,,2025-05-08
(주)청통태양광,,"경상북도 영천시 청통면 죽정리 599, 599-2",,,,정상가동,496.8,380,60,2015,태양광,2015-11-11,경상북도 영천시청,,2025-05-08
죽정태양광발전소,,"경상북도 영천시 청통면 죽정리 599-1, 588-3, 588-4",,,,정상가동,95.4,380,60,2014,태양광,2014-11-07,경상북도 영천시청,,2025-05-08
노아태양광발전소,,"경상북도 영천시 청통면 죽정리 618, 619-1, 626",,,,정상가동,453.18,380,60,2019,태양광,2019-07-19,경상북도 영천시청,,2025-05-08
주아태양광발전소,"경상북도 영천시 청통면 한티길8, 한티길 46-22",경상북도 영천시 청통면 죽정리 652-37 618-2,,,,정상가동,201.88,380,60,2023,태양광,2023-12-28,경상북도 영천시청,,2025-05-08
수아태양광발전소,"경상북도 영천시 청통면 한티길8, 한티길 46-22",경상북도 영천시 청통면 죽정리 652-37 618-2,,,,정상가동,201.88,380,60,2023,태양광,2023-12-28,경상북도 영천시청,,2025-05-08
림민태양광발전소,,경상북도 영천시 청통면 호당리 1062,,,,정상가동,99.19,380,60,2021,태양광,2021-09-28,경상북도 영천시청,,2025-05-08
희수농장태양광발전소,,경상북도 영천시 청통면 호당리 1068,,,,정상가동,99.76,380,60,2022,태양광,2022-02-07,경상북도 영천시청,,2025-05-08
희수농장2태양광발전소,,경상북도 영천시 청통면 호당리 1068,,,,정상가동,32.13,380,60,2022,태양광,2022-08-11,경상북도 영천시청,,2025-05-08
성우태양광발전소,,경상북도 영천시 청통면 호당리 162,,,,정상가동,99,380,60,2018,태양광,2018-05-31,경상북도 영천시청,,2025-05-08
성우태양광발전소,,경상북도 영천시 청통면 호당리 162,,,,정상가동,149.94,380,60,2023,태양광,2023-05-16,경상북도 영천시청,,2025-05-08
은혜태양광발전소,,"경상북도 영천시 청통면 호당리 202-2, 3, 4, 5, 6, 7, 8, 9",,,,정상가동,424.08,380,60,2015,태양광,2015-03-23,경상북도 영천시청,,2025-05-08
호당2호태양광발전소,,"경상북도 영천시 청통면 호당리 218, 219",,,,정상가동,99.12,380,60,2022,태양광,2022-10-31,경상북도 영천시청,,2025-05-08
호당1호태양광발전소,,"경상북도 영천시 청통면 호당리 218, 219",,,,정상가동,99.12,380,60,2022,태양광,2022-10-31,경상북도 영천시청,,2025-05-08
마루1호태양광발전소,경상북도 영천시 청통면 호당2길 3-1,경상북도 영천시 청통면 호당리 267,,,,정상가동,99.2,380,60,2023,태양광,2023-12-29,경상북도 영천시청,,2025-05-08
정재8태양광발전소,경상북도 영천시 청통면 호당2길 88,"경상북도 영천시 청통면 호당리 66-6, 66-8, 66-9, 66-10, 66-11, 67, 68",,,,정상가동,46.4,380,60,2022,태양광,2022-10-25,경상북도 영천시청,,2025-05-08
정재7태양광발전소,경상북도 영천시 청통면 호당2길 88,"경상북도 영천시 청통면 호당리 66-6, 66-8, 66-9, 66-10, 66-11, 67, 68",,,,정상가동,82.36,380,60,2022,태양광,2022-10-25,경상북도 영천시청,,2025-05-08
정재6태양광발전소,경상북도 영천시 청통면 호당2길 88,"경상북도 영천시 청통면 호당리 66-6, 66-8, 66-9, 66-10, 66-11, 67, 68",,,,정상가동,99.76,380,60,2022,태양광,2022-10-25,경상북도 영천시청,,2025-05-08
정재5태양광발전소,경상북도 영천시 청통면 호당2길 88,"경상북도 영천시 청통면 호당리 66-6, 66-8, 66-9, 66-10, 66-11, 67, 68",,,,정상가동,89.32,380,60,2022,태양광,2022-10-25,경상북도 영천시청,,2025-05-08
정재4태양광발전소,경상북도 영천시 청통면 호당2길 88,"경상북도 영천시 청통면 호당리 66-6, 66-8, 66-9, 66-10, 66-11, 67, 68",,,,정상가동,99.76,380,60,2022,태양광,2022-10-25,경상북도 영천시청,,2025-05-08
이례태양광발전소,경상북도 영천시 청통면 가래실로 28-63,"경상북도 영천시 청통면 호당리 789-1, 811, 812",,,,정상가동,63.91,380,60,2020,태양광,2020-05-15,경상북도 영천시청,,2025-05-08
정훈ENG태양광발전소,,"경상북도 영천시 청통면 화산면 우천리 부계리 산27-1, 산1",,,,정상가동,297,22900,60,2015,태양광,2015-02-13,경상북도 영천시청,,2025-05-08
화남에너지,경상북도 영천시 화남면 신화로 1024,경상북도 영천시 화남면 귀호리 402,,,,정상가동,499.5,380,60,2021,태양광,2021-02-26,경상북도 영천시청,,2025-05-08
햇살그린발전소9호,경상북도 영천시 화남면 신화로 1088-9,경상북도 영천시 화남면 귀호리 55-3,,,,정상가동,96.39,380,60,2023,태양광,2023-08-07,경상북도 영천시청,,2025-05-08
햇살그린발전소10호,경상북도 영천시 화남면 신화로 1088-9,경상북도 영천시 화남면 귀호리 55-3,,,,정상가동,99.96,380,60,2023,태양광,2023-08-07,경상북도 영천시청,,2025-05-08
햇살그린발전소11호,경상북도 영천시 화남면 신화로 1088-9,경상북도 영천시 화남면 귀호리 55-3,,,,정상가동,49.98,380,60,2023,태양광,2023-08-07,경상북도 영천시청,,2025-05-08
영해태양광발전소,,"경상북도 영천시 화남면 귀호리 산48, 산48-1",,,,정상가동,992,380,60,2016,태양광,2016-10-07,경상북도 영천시청,,2025-05-08
영림3태양광발전소,,"경상북도 영천시 화남면 귀호리 산48, 산48-1",,,,정상가동,992,380,60,2016,태양광,2016-10-07,경상북도 영천시청,,2025-05-08
꼬부랑태양광발전소,"경상북도 영천시 화남면 구전로 28, 30","경상북도 영천시 화남면 금호리 1002, 1002-2, 1002-3",,,,정상가동,60,380,60,2021,태양광,2021-03-23,경상북도 영천시청,,2025-05-08
영준햇빛발전소,경상북도 영천시 화남면 구전로 10,경상북도 영천시 화남면 금호리 1007,,,,정상가동,30,380,60,2012,태양광,2012-08-16,경상북도 영천시청,,2025-05-08
애경태양광발전소,경상북도 영천시 화남면 금호1길 16,"경상북도 영천시 화남면 금호리 350, 350-1, 350-2, 1096",,,,정상가동,99.6,380,60,2020,태양광,2020-06-29,경상북도 영천시청,,2025-05-08
애경2호태양광발전소,경상북도 영천시 화남면 금호1길 16,"경상북도 영천시 화남면 금호리 350, 350-1, 350-2, 1096",,,,정상가동,99.6,380,60,2020,태양광,2020-06-29,경상북도 영천시청,,2025-05-08
태동현3호태양광발전소,경상북도 영천시 화남면 천문로 1872,경상북도 영천시 화남면 금호리 763-4,,,,정상가동,29.25,380,60,2020,태양광,2020-10-29,경상북도 영천시청,,2025-05-08
대성1호태양광발전소,,"경상북도 영천시 화남면 대천리 300-1, 300-4",,,,정상가동,99.99,380,60,2023,태양광,2023-07-18,경상북도 영천시청,,2025-05-08
대성2호태양광발전소,,"경상북도 영천시 화남면 대천리 300-1, 300-4",,,,정상가동,74.25,380,60,2023,태양광,2023-07-18,경상북도 영천시청,,2025-05-08
대성2호태양광발전소,,"경상북도 영천시 화남면 대천리 300-1, 300-4",,,,정상가동,19.2,380,60,2023,태양광,2023-09-25,경상북도 영천시청,,2025-05-08
대성3호태양광발전소,,경상북도 영천시 화남면 대천리 88,,,,정상가동,99.99,380,60,2023,태양광,2023-07-04,경상북도 영천시청,,2025-05-08
대성4호태양광발전소,,경상북도 영천시 화남면 대천리 88,,,,정상가동,99.99,380,60,2023,태양광,2023-07-04,경상북도 영천시청,,2025-05-08
대성5호태양광발전소,,경상북도 영천시 화남면 대천리 88,,,,정상가동,95.54,380,60,2023,태양광,2023-07-04,경상북도 영천시청,,2025-05-08
비로태양광,,경상북도 영천시 화남면 사천리 1019-1,,,,정상가동,98.56,380,60,2016,태양광,2016-06-14,경상북도 영천시청,,2025-05-08
풍요로운태양광발전소,,경상북도 영천시 화남면 사천리 1023,,,,정상가동,98.56,380,60,2018,태양광,2015-02-07,경상북도 영천시청,,2025-05-08
김재헌태양광발전소,,경상북도 영천시 화남면 삼창리 528,,,,정상가동,9.92,380,60,2017,태양광,2017-11-13,경상북도 영천시청,,2025-05-08
안창록태양광발전소,,"경상북도 영천시 화남면 삼창리 551, 551-1, 560, 561, 562",,,,정상가동,144.73,380,60,2020,태양광,2020-02-07,경상북도 영천시청,,2025-05-08
유용근태양광발전소,경상북도 영천시 화남면 유천길 29,경상북도 영천시 화남면 선천리 1446-64,,,,정상가동,9.92,380,60,2017,태양광,2017-11-13,경상북도 영천시청,,2025-05-08
권영건태양광발전소,,경상북도 영천시 화남면 신호리 335,,,,정상가동,99.96,380,60,2018,태양광,2018-04-02,경상북도 영천시청,,2025-05-08
영천지사태양광발전소,,경상북도 영천시 화남면 신호리 522,,,,정상가동,84,380,60,2018,태양광,2018-04-25,경상북도 영천시청,,2025-05-08
신호리태양광발전소,,경상북도 영천시 화남면 신호리 960,,,,정상가동,18.96,380,60,2019,태양광,2019-12-05,경상북도 영천시청,,2025-05-08
신호태양광발전소,경상북도 영천시 화남면 천문로 1039-6,경상북도 영천시 화남면 신호리 977-1,,,,정상가동,20,380,60,2013,태양광,2013-03-15,경상북도 영천시청,,2025-05-08
주식회사영익,,경상북도 영천시 화남면 신호리 산31-1,,,,정상가동,397.8,380,60,2018,태양광,2018-04-25,경상북도 영천시청,,2025-05-08
주식회사소봉,,"경상북도 영천시 화남면 신호리 산31-1, 산31-2",,,,정상가동,999.6,22900,60,2018,태양광,2018-04-25,경상북도 영천시청,,2025-05-08
㈜영천태양광발전소,,경상북도 영천시 화남면 신호리 산39-1,,,,정상가동,1000,380,60,2009,태양광,2009-05-22,경상북도 영천시청,,2025-05-08
만우태양광발전소,경상북도 영천시 화남면 구전로 319,경상북도 영천시 화남면 안천리 1220,,,,정상가동,98.28,380,60,2020,태양광,2020-11-19,경상북도 영천시청,,2025-05-08
(주)삼광태양열,경상북도 영천시 화남면 구전로 242-13,경상북도 영천시 화남면 안천리 723-6,,,,정상가동,130.24,380,60,2019,태양광,2019-03-06,경상북도 영천시청,,2025-05-08
해맑아태양광발전소,경상북도 영천시 화남면 죽곡2길 9,경상북도 영천시 화남면 죽곡리 551-3,,,,정상가동,40.32,380,60,2019,태양광,2019-01-04,경상북도 영천시청,,2025-05-08
다원솔라태양광발전소,,"경상북도 영천시 화남면 죽곡리 743, 761",,,,정상가동,299.84,380,60,2017,태양광,2017-12-08,경상북도 영천시청,,2025-05-08
법화발전소,경상북도 영천시 화북면 법화길 150-7,경상북도 영천시 화북면 법화리 431,,,,정상가동,49.8,380,60,2023,태양광,2023-08-25,경상북도 영천시청,,2025-05-08
오동리햇빛발전소,,"경상북도 영천시 화북면 오동리 1-2, 1-3, 산2",,,,정상가동,408,380,60,2017,태양광,2017-11-22,경상북도 영천시청,,2025-05-08
J∙S태양광발전소,경상북도 영천시 화북면 오동안길 94-55,경상북도 영천시 화북면 오산리 1329,,,,정상가동,29.82,380,60,2020,태양광,2020-08-04,경상북도 영천시청,,2025-05-08
보현산농장태양광발전소,,경상북도 영천시 화북면 옥계리 435,,,,정상가동,51.68,380,60,2021,태양광,2021-02-09,경상북도 영천시청,,2025-05-08
보현산댐소수력발전소,,경상북도 영천시 화북면 입석리 산14-1,,,,정상가동,170,380,60,2011,태양광,2011-06-23,경상북도 영천시청,,2025-05-08
종수태양광발전소,,"경상북도 영천시 화북면 자천리 1766, 1767, 1768",,,,정상가동,19.74,380,60,2020,태양광,2020-02-27,경상북도 영천시청,,2025-05-08
지망골태양광발전소,,"경상북도 영천시 화북면 자천리 2063, 2062, 1844",,,,정상가동,99,380,60,2018,태양광,2018-08-08,경상북도 영천시청,,2025-05-08
만포제1태양광발전소,,경상북도 영천시 화북면 정각리 100,,,,정상가동,99.2,380,60,2014,태양광,2014-12-29,경상북도 영천시청,,2025-05-08
영천정각리제1태양광발전소,,"경상북도 영천시 화북면 정각리 181, 186",,,,정상가동,99,380,60,2014,태양광,2014-06-02,경상북도 영천시청,,2025-05-08
영천정각리제2태양광발전소,,"경상북도 영천시 화북면 정각리 185, 186, 176",,,,정상가동,99,380,60,2014,태양광,2014-06-02,경상북도 영천시청,,2025-05-08
지원태양광발전소,,경상북도 영천시 화북면 죽전리 459,,,,정상가동,99.9,380,60,2018,태양광,2018-03-28,경상북도 영천시청,,2025-05-08
시안태양광발전소,경상북도 영천시 화산면 가래실로 364,경상북도 영천시 화산면 가상리 633,,,,정상가동,78.4,380+22900,60,2014,태양광,2014-09-12,경상북도 영천시청,,2025-05-08
정중환2호태양광발전소,,경상북도 영천시 화산면 당곡리 산52,,,,정상가동,198,380,60,2018,태양광,2018-01-15,경상북도 영천시청,,2025-05-08
정중환1호태양광발전소,,경상북도 영천시 화산면 당곡리 산52,,,,정상가동,198,380,60,2018,태양광,2018-01-15,경상북도 영천시청,,2025-05-08
명솔라㈜태양광발전소,,"경상북도 영천시 화산면 당곡리 유성리 산3 ,산1",,,,정상가동,498,380,60,2013,태양광,2013-10-23,경상북도 영천시청,,2025-05-08
호암태양광발전소2호,,"경상북도 영천시 화산면 대기리 100, 101",,,,정상가동,99.19,380,60,2019,태양광,2019-11-26,경상북도 영천시청,,2025-05-08
호암태양광발전소3호,,"경상북도 영천시 화산면 대기리 100, 101",,,,정상가동,29.63,380,60,2020,태양광,2020-04-01,경상북도 영천시청,,2025-05-08
호암태양광발전소2호,,"경상북도 영천시 화산면 대기리 100, 101",,,,정상가동,99.54,380,60,2020,태양광,2020-04-01,경상북도 영천시청,,2025-05-08
대송태양광발전소,,경상북도 영천시 화산면 대기리 100-1,,,,정상가동,248.5,380,60,2018,태양광,2018-07-06,경상북도 영천시청,,2025-05-08
대기1호태양광발전소,,경상북도 영천시 화산면 대기리 100-2,,,,정상가동,30,380,60,2023,태양광,2023-11-17,경상북도 영천시청,,2025-05-08
금상영천1호태양광발전소,,"경상북도 영천시 화산면 대기리 115, 116",,,,정상가동,99.96,380,60,2023,태양광,2023-10-13,경상북도 영천시청,,2025-05-08
금상영천2호태양광발전소,,"경상북도 영천시 화산면 대기리 115, 116",,,,정상가동,99.96,380,60,2023,태양광,2023-10-13,경상북도 영천시청,,2025-05-08
K1호태양광발전소,,경상북도 영천시 화산면 대기리 120,,,,정상가동,99.96,380,60,2023,태양광,2023-10-13,경상북도 영천시청,,2025-05-08
K2호태양광발전소,,경상북도 영천시 화산면 대기리 120,,,,정상가동,39.27,380,60,2023,태양광,2023-10-13,경상북도 영천시청,,2025-05-08
이영순태양광발전소2호,,"경상북도 영천시 화산면 대기리 153-4, 153-5",,,,정상가동,198,380,60,2018,태양광,2018-08-01,경상북도 영천시청,,2025-05-08
대기2호태양광발전소,,경상북도 영천시 화산면 대기리 96,,,,정상가동,28.75,380,60,2023,태양광,2023-11-17,경상북도 영천시청,,2025-05-08
호암태양광발전소1호,,"경상북도 영천시 화산면 대기리 96, 97, 98, 99",,,,정상가동,99.54,380,60,2020,태양광,2020-04-01,경상북도 영천시청,,2025-05-08
호암태양광발전소4호,,"경상북도 영천시 화산면 대기리 97, 98, 99",,,,정상가동,29.63,380,60,2020,태양광,2020-04-01,경상북도 영천시청,,2025-05-08
이영순태양광발전소1호,,경상북도 영천시 화산면 대기리 산42,,,,정상가동,198,380,60,2018,태양광,2018-05-08,경상북도 영천시청,,2025-05-08
이영순태양광발전소3호,,경상북도 영천시 화산면 대기리 산42,,,,정상가동,99,380,60,2018,태양광,2018-05-08,경상북도 영천시청,,2025-05-08
BSH태양광발전소,,경상북도 영천시 화산면 대안리 1000,,,,정상가동,197.1,380,60,2018,태양광,2018-06-29,경상북도 영천시청,,2025-05-08
대안하늘태양광발전소,,경상북도 영천시 화산면 대안리 1006,,,,정상가동,48,380,60,2015,태양광,2015-06-16,경상북도 영천시청,,2025-05-08
대안땅태양광발전소,,"경상북도 영천시 화산면 대안리 1007, 1065",,,,정상가동,99,380,60,2015,태양광,2015-06-16,경상북도 영천시청,,2025-05-08
채은태양광발전소,,경상북도 영천시 화산면 대안리 1008,,,,정상가동,99.2,380,60,2017,태양광,2017-05-02,경상북도 영천시청,,2025-05-08
분이태양광발전소,,경상북도 영천시 화산면 대안리 1008,,,,정상가동,99.2,380,60,2017,태양광,2017-05-02,경상북도 영천시청,,2025-05-08
DH태양광발전소,,경상북도 영천시 화산면 대안리 1009-4,,,,정상가동,99,380,60,2017,태양광,2017-09-28,경상북도 영천시청,,2025-05-08
지구별발전소1호,,경상북도 영천시 화산면 대안리 1015-9,,,,정상가동,25.44,380,60,2015,태양광,2014-12-29,경상북도 영천시청,,2025-05-08
금빛태양광발전소,,경상북도 영천시 화산면 대안리 1064,,,,정상가동,99.9,380,60,2015,태양광,2015-11-30,경상북도 영천시청,,2025-05-08
금빛2태양광발전소,,"경상북도 영천시 화산면 대안리 1066, 1066-2, 1067",,,,정상가동,99,380,60,2017,태양광,2017-09-28,경상북도 영천시청,,2025-05-08
영신태양광발전소,,경상북도 영천시 화산면 대안리 1067,,,,정상가동,99.9,380,60,2015,태양광,2015-11-30,경상북도 영천시청,,2025-05-08
서우태양광발전소,,"경상북도 영천시 화산면 대안리 1170-14, 1170-15, 1180",,,,정상가동,199.92,380,60,2018,태양광,2018-08-07,경상북도 영천시청,,2025-05-08
대경태양광발전소,경상북도 영천시 화산면 대안1길 90,경상북도 영천시 화산면 대안리 132-2,,,,정상가동,99,380,60,2014,태양광,2014-04-14,경상북도 영천시청,,2025-05-08
하믈태양광발전소,경상북도 영천시 화산면 대안1길 90,경상북도 영천시 화산면 대안리 132-2,,,,정상가동,99,380,60,2014,태양광,2014-04-14,경상북도 영천시청,,2025-05-08
대경태양광발전소,경상북도 영천시 화산면 대안1길 90,경상북도 영천시 화산면 대안리 132-2,,,,정상가동,999,380+22900,60,2014,태양광,2014-12-24,경상북도 영천시청,,2025-05-08
대경태양광발전소,경상북도 영천시 화산면 대안1길 90,경상북도 영천시 화산면 대안리 132-2,,,,정상가동,50.88,380,60,2022,태양광,2022-01-05,경상북도 영천시청,,2025-05-08
대경태양광발전소,경상북도 영천시 화산면 대안1길 90,경상북도 영천시 화산면 대안리 132-2,,,,정상가동,193.44,380,60,2024,태양광,2024-01-24,경상북도 영천시청,,2025-05-08
대경태양광발전소,경상북도 영천시 화산면 대안1길 90,경상북도 영천시 화산면 대안리 132-2,,,,정상가동,98.58,380,60,2024,태양광,2024-06-03,경상북도 영천시청,443.92,2025-05-08
벅서누리에너지태양광발전소,경상북도 영천시 화산면 대안1길 73-37,경상북도 영천시 화산면 대안리 147-5,,,,정상가동,18,380,60,2020,태양광,2020-10-14,경상북도 영천시청,,2025-05-08
조팔수태양광발전소,,"경상북도 영천시 화산면 대안리 466, 467, 467-1, 483-3, 484-5",,,,정상가동,198,380,60,2018,태양광,2018-04-24,경상북도 영천시청,,2025-05-08
태흥태양광발전소,경상북도 영천시 화산면 대안2길 95-11,경상북도 영천시 화산면 대안리 973-1,,,,정상가동,63,380+22900,60,2014,태양광,2014-09-03,경상북도 영천시청,,2025-05-08
영림태양광발전소,경상북도 영천시 화산면 대안2길 95-15,경상북도 영천시 화산면 대안리 973-3,,,,정상가동,99,380+22900,60,2014,태양광,2014-09-03,경상북도 영천시청,,2025-05-08
제니태양광발전소,경상북도 영천시 화산면 대안2길 95-15,경상북도 영천시 화산면 대안리 973-3,,,,정상가동,99,380+22900,60,2014,태양광,2014-09-03,경상북도 영천시청,,2025-05-08
게일태양광발전소,,경상북도 영천시 화산면 대안리 998,,,,정상가동,99,380,60,2017,태양광,2017-09-28,경상북도 영천시청,,2025-05-08
게일2태양광발전소,,경상북도 영천시 화산면 대안리 998,,,,정상가동,49.5,380,60,2017,태양광,2017-09-28,경상북도 영천시청,,2025-05-08
대안5태양광발전소,,경상북도 영천시 화산면 대안리 산40-3,,,,정상가동,99.36,380,60,2017,태양광,2017-11-01,경상북도 영천시청,,2025-05-08
대안4태양광발전소,,경상북도 영천시 화산면 대안리 산40-3,,,,정상가동,99.36,380,60,2017,태양광,2017-11-01,경상북도 영천시청,,2025-05-08
대안7태양광발전소,,경상북도 영천시 화산면 대안리 산40-3,,,,정상가동,99.36,380,60,2017,태양광,2017-11-01,경상북도 영천시청,,2025-05-08
대안3태양광발전소,,경상북도 영천시 화산면 대안리 산40-3,,,,정상가동,99.36,380,60,2017,태양광,2017-11-01,경상북도 영천시청,,2025-05-08
대안2태양광발전소,,경상북도 영천시 화산면 대안리 산40-3,,,,정상가동,99.36,380,60,2017,태양광,2017-11-01,경상북도 영천시청,,2025-05-08
대안6태양광발전소,,경상북도 영천시 화산면 대안리 산40-3,,,,정상가동,99.36,380,60,2017,태양광,2017-11-01,경상북도 영천시청,,2025-05-08
대안1태양광발전소,,경상북도 영천시 화산면 대안리 산40-3,,,,정상가동,99.36,380,60,2017,태양광,2017-11-01,경상북도 영천시청,,2025-05-08
대안8태양광발전소,,경상북도 영천시 화산면 대안리 산40-3,,,,정상가동,99.36,380,60,2017,태양광,2017-11-01,경상북도 영천시청,,2025-05-08
성돈태양광발전소,,"경상북도 영천시 화산면 대안리 산68-5, 827",,,,정상가동,97.92,380,60,2019,태양광,2019-02-15,경상북도 영천시청,,2025-05-08
성돈2태양광발전소,경상북도 영천시 화산면 대안1길 293-10,"경상북도 영천시 화산면 대안리 산68-5, 827",,,,정상가동,99.6,380,60,2020,태양광,2020-03-19,경상북도 영천시청,,2025-05-08
주원복태양광발전소,,경상북도 영천시 화산면 덕암리 71,,,,정상가동,28.05,380,60,2018,태양광,2018-03-21,경상북도 영천시청,,2025-05-08
덕암태양광발전소,,경상북도 영천시 화산면 덕암리 85,,,,정상가동,60.18,380,60,2022,태양광,2022-11-16,경상북도 영천시청,,2025-05-08
유리3태양광발전소,경상북도 영천시 화산면 연유길 168,경상북도 영천시 화산면 덕암리 98-5,,,,정상가동,29.58,380,60,2021,태양광,2021-06-17,경상북도 영천시청,,2025-05-08
유리2태양광발전소,,경상북도 영천시 화산면 덕암리 98-5,,,,정상가동,99.19,380,60,2021,태양광,2021-06-17,경상북도 영천시청,,2025-05-08
유리1태양광발전소,,경상북도 영천시 화산면 덕암리 98-5,,,,정상가동,99.19,380,60,2021,태양광,2021-06-17,경상북도 영천시청,,2025-05-08
본리2호태양광발전소,,"경상북도 영천시 화산면 부계리 291-2, 291-6",,,,정상가동,99,380,60,2018,태양광,2018-08-01,경상북도 영천시청,,2025-05-08
본리1호태양광발전소,,경상북도 영천시 화산면 부계리 291-3,,,,정상가동,99,380,60,2018,태양광,2018-07-31,경상북도 영천시청,,2025-05-08
부광태양광발전소,,"경상북도 영천시 화산면 부계리 291-4, 292",,,,정상가동,99,380,60,2018,태양광,2018-07-31,경상북도 영천시청,,2025-05-08
두나태양광발전소,,경상북도 영천시 화산면 부계리 355,,,,정상가동,97.44,380,60,2023,태양광,2023-04-12,경상북도 영천시청,,2025-05-08
한나골태양광발전소,,"경상북도 영천시 화산면 부계리 357, 358-1",,,,정상가동,201.96,380,60,2018,태양광,2018-08-14,경상북도 영천시청,,2025-05-08
KC1호태양광발전소,,경상북도 영천시 화산면 부계리 부계길 155,,,,정상가동,93,380,60,2023,태양광,2023-11-23,경상북도 영천시청,,2025-05-08
KC2호태양광발전소,,경상북도 영천시 화산면 부계리 부계길 155,,,,정상가동,92.38,380,60,2023,태양광,2023-11-23,경상북도 영천시청,,2025-05-08
청통솔라태양광발전소,,경상북도 영천시 화산면 부계리 산14,,,,정상가동,493.8,380,60,2015,태양광,2015-11-11,경상북도 영천시청,,2025-05-08
재환1호태양광발전소,,"경상북도 영천시 화산면 삼부리 178-34, 178-35",,,,정상가동,94.24,380,60,2023,태양광,2023-11-29,경상북도 영천시청,,2025-05-08
재환2호태양광발전소,,"경상북도 영천시 화산면 삼부리 178-34, 178-35",,,,정상가동,94.24,380,60,2023,태양광,2023-11-29,경상북도 영천시청,,2025-05-08
민채1호태양광발전소,,"경상북도 영천시 화산면 삼부리 178-34, 178-35",,,,정상가동,94.24,380,60,2023,태양광,2023-11-29,경상북도 영천시청,,2025-05-08
민채2호태양광발전소,,"경상북도 영천시 화산면 삼부리 178-34, 178-35",,,,정상가동,94.24,380,60,2023,태양광,2023-11-29,경상북도 영천시청,,2025-05-08
포스에코태양광발전소,경상북도 영천시 화산면 장수로 730-9,"경상북도 영천시 화산면 삼부리 421-1, 421-2",,,,정상가동,257.04,380,60,2020,태양광,2020-08-04,경상북도 영천시청,,2025-05-08
포스에코2태양광발전소,경상북도 영천시 화산면 장수로 730-9,"경상북도 영천시 화산면 삼부리 421-1, 421-2",,,,정상가동,25.2,380,60,2020,태양광,2020-08-04,경상북도 영천시청,,2025-05-08
자연태양광발전소,,경상북도 영천시 화산면 삼부리 79-2 외 1필지,,,,정상가동,48.83,380,60,2017,태양광,2017-06-14,경상북도 영천시청,,2025-05-08
씨와이에스주식회사,,경상북도 영천시 화산면 암기리 1055,,,,정상가동,99.9,380,60,2019,태양광,2019-05-27,경상북도 영천시청,,2025-05-08
암기리2호태양광발전소,경상북도 영천시 화산면 납이길 85-80,경상북도 영천시 화산면 암기리 1069,,,,정상가동,62.25,380,60,2019,태양광,2019-11-12,경상북도 영천시청,,2025-05-08
암기리태양광,,"경상북도 영천시 화산면 암기리 1069, 1070",,,,정상가동,99.2,380,60,2016,태양광,2016-04-07,경상북도 영천시청,,2025-05-08
싱싱1호태양광발전소,,"경상북도 영천시 화산면 암기리 1077, 1078",,,,정상가동,93.38,380,60,2019,태양광,2019-04-04,경상북도 영천시청,,2025-05-08
싱싱2호태양광발전소,,"경상북도 영천시 화산면 암기리 1077, 1078",,,,정상가동,99.75,380,60,2020,태양광,2020-01-21,경상북도 영천시청,,2025-05-08
보배태양광발전소,,경상북도 영천시 화산면 암기리 1078,,,,정상가동,98.28,380,60,2019,태양광,2019-04-04,경상북도 영천시청,,2025-05-08
성원3태양광발전소,경상북도 영천시 화산면 대암길 27,"경상북도 영천시 화산면 암기리 385, 385-1, 386, 387, 387-1, 390, 391",,,,정상가동,95.34,380,60,2021,태양광,2021-06-16,경상북도 영천시청,,2025-05-08
성원2태양광발전소,경상북도 영천시 화산면 대암길 27,"경상북도 영천시 화산면 암기리 385, 385-1, 386, 387, 387-1, 390, 391",,,,정상가동,99.96,380,60,2021,태양광,2021-06-16,경상북도 영천시청,,2025-05-08
성원1태양광발전소,경상북도 영천시 화산면 대암길 27,"경상북도 영천시 화산면 암기리 385, 385-1, 386, 387, 387-1, 390, 391",,,,정상가동,59.22,380,60,2021,태양광,2021-06-16,경상북도 영천시청,,2025-05-08
한빛솔라태양광발전소,,경상북도 영천시 화산면 연계리 101,,,,정상가동,99.5,380,60,2014,태양광,2014-04-14,경상북도 영천시청,,2025-05-08
연지태양광발전소,,"경상북도 영천시 화산면 연계리 159, 160",,,,정상가동,99.96,380,60,2017,태양광,2017-10-12,경상북도 영천시청,,2025-05-08
선진제1태양광발전소,,"경상북도 영천시 화산면 연계리 160-1, 160-2",,,,정상가동,99,380,60,2014,태양광,2014-09-04,경상북도 영천시청,,2025-05-08
선진제2태양광,,"경상북도 영천시 화산면 연계리 160-1, 161, 산22-1",,,,정상가동,49.6,380,60,2016,태양광,2016-07-12,경상북도 영천시청,,2025-05-08
광천태양광발전소,경상북도 영천시 화산면 연유길 69,경상북도 영천시 화산면 연계리 170-4,,,,정상가동,19.57,380,60,2020,태양광,2020-09-01,경상북도 영천시청,,2025-05-08
경북우리집RE100발전소30호,경상북도 영천시 화산면 가일길 20-18,경상북도 영천시 화산면 연계리 337-3,,,,정상가동,91.08,380,60,2021,태양광,2021-04-20,경상북도 영천시청,,2025-05-08
경북우리집RE100발전소32호,,경상북도 영천시 화산면 연계리 337-3,,,,정상가동,99.6,380,60,2021,태양광,2021-04-20,경상북도 영천시청,,2025-05-08
경북우리집RE100발전소31호,경상북도 영천시 화산면 가일길 20-18,경상북도 영천시 화산면 연계리 337-3,,,,정상가동,49.28,380,60,2021,태양광,2023-05-09,경상북도 영천시청,,2025-05-08
영남3호태양광발전소,경상북도 영천시 화산면 연유길 110-7,경상북도 영천시 화산면 연계리 466-1,,,,정상가동,73.92,380,60,2017,태양광,2017-07-18,경상북도 영천시청,,2025-05-08
영남1호태양광발전소,경상북도 영천시 화산면 연유길 110-7,경상북도 영천시 화산면 연계리 473,,,,정상가동,198,380,60,2017,태양광,2017-07-18,경상북도 영천시청,,2025-05-08
성만에너지태양광발전소,경상북도 영천시 화산면 연유길 110-7,경상북도 영천시 화산면 연계리 474,,,,정상가동,99,380,60,2017,태양광,2017-07-18,경상북도 영천시청,,2025-05-08
영남2호태양광발전소,,"경상북도 영천시 화산면 연계리 475, 476",,,,정상가동,198,380,60,2017,태양광,2017-07-18,경상북도 영천시청,,2025-05-08
화산태양광발전소,,경상북도 영천시 화산면 연계리 산24,,,,정상가동,99,380,60,2014,태양광,2014-12-29,경상북도 영천시청,,2025-05-08
주언2호발전소,,"경상북도 영천시 화산면 연계리 산24, 산24-1",,,,정상가동,500,380,60,2014,태양광,2014-03-27,경상북도 영천시청,,2025-05-08
주언1호발전소,,"경상북도 영천시 화산면 연계리 산24, 산24-1",,,,정상가동,1000,380,60,2014,태양광,2014-03-27,경상북도 영천시청,,2025-05-08
주언태양광발전소,,"경상북도 영천시 화산면 연계리 산24, 산24-1",,,,정상가동,99,380,60,2014,태양광,2014-12-29,경상북도 영천시청,,2025-05-08
남광태양광발전소,,"경상북도 영천시 화산면 용평리 191-1, 191-4",,,,정상가동,97,380,60,2022,태양광,2023-12-29,경상북도 영천시청,,2025-05-08
두리목장3태양광발전소,,경상북도 영천시 화산면 유성리 1420-63,,,,정상가동,98.02,380,60,2022,태양광,2022-06-20,경상북도 영천시청,,2025-05-08
두리목장2태양광발전소,,경상북도 영천시 화산면 유성리 1420-63,,,,정상가동,98.02,380,60,2022,태양광,2022-06-20,경상북도 영천시청,,2025-05-08
두리목장1태양광발전소,,경상북도 영천시 화산면 유성리 1420-74,,,,정상가동,98.02,380,60,2022,태양광,2022-06-20,경상북도 영천시청,,2025-05-08
천일태양광발전소,,"경상북도 영천시 화산면 유성리 1642, 1643",,,,정상가동,333,380,60,2022,태양광,2022-03-21,경상북도 영천시청,,2025-05-08
천일2호태양광발전소,경상북도 영천시 화산면 장수로 933-23,경상북도 영천시 화산면 유성리 1652-1,,,,정상가동,99.76,380,60,2022,태양광,2022-03-21,경상북도 영천시청,,2025-05-08
한지붕5호태양광발전소,,경상북도 영천시 화산면 유성리 1668,,,,정상가동,99.71,380,60,2022,태양광,2022-12-14,경상북도 영천시청,,2025-05-08
한지붕4호태양광발전소,,경상북도 영천시 화산면 유성리 1668,,,,정상가동,99.71,380,60,2022,태양광,2022-12-14,경상북도 영천시청,,2025-05-08
한지붕3호태양광발전소,,경상북도 영천시 화산면 유성리 1668,,,,정상가동,99.71,380,60,2022,태양광,2022-12-14,경상북도 영천시청,,2025-05-08
한지붕2호태양광발전소,,경상북도 영천시 화산면 유성리 1668,,,,정상가동,99.71,380,60,2022,태양광,2022-12-14,경상북도 영천시청,,2025-05-08
한지붕1호태양광발전소,,경상북도 영천시 화산면 유성리 1668,,,,정상가동,99.71,380,60,2022,태양광,2022-12-14,경상북도 영천시청,,2025-05-08
한지붕7호태양광발전소,,경상북도 영천시 화산면 유성리 1702,,,,정상가동,99.38,380,60,2024,태양광,2024-02-12,경상북도 영천시청,,2025-05-08
한지붕8호태양광발전소,,경상북도 영천시 화산면 유성리 1702,,,,정상가동,99.38,380,60,2024,태양광,2024-02-12,경상북도 영천시청,,2025-05-08
한지붕9호태양광발전소,,경상북도 영천시 화산면 유성리 1702,,,,정상가동,50.63,380,60,2024,태양광,2024-02-12,경상북도 영천시청,,2025-05-08
한지붕6호태양광발전소,,경상북도 영천시 화산면 유성리 1702,,,,정상가동,99.38,380,60,2024,태양광,2024-02-12,경상북도 영천시청,,2025-05-08
재준태양광발전소,,경상북도 영천시 화산면 유성리 1818,,,,정상가동,90,380,60,2024,태양광,2024-03-07,경상북도 영천시청,,2025-05-08
거평그린지붕태양광발전소,,"경상북도 영천시 화산면 유성리 200-2, 200-13",,,,정상가동,712.8,22900,60,2023,태양광,2023-08-07,경상북도 영천시청,,2025-05-08
화산2호태양광발전소,,"경상북도 영천시 화산면 유성리 414-5,414-12,1420-2,1420-60,1420-65",,,,정상가동,99.6,380,60,2024,태양광,2024-02-01,경상북도 영천시청,,2025-05-08
화산1호태양광발전소,,"경상북도 영천시 화산면 유성리 414-5,414-12,1420-2,1420-60,1420-65",,,,정상가동,99.6,380,60,2024,태양광,2024-02-01,경상북도 영천시청,,2025-05-08
화산3호태양광발전소,,"경상북도 영천시 화산면 유성리 414-5,414-12,1420-2,1420-60,1420-65",,,,정상가동,99.6,380,60,2024,태양광,2024-02-01,경상북도 영천시청,,2025-05-08
화산4호태양광발전소,,"경상북도 영천시 화산면 유성리 414-5,414-12,1420-2,1420-60,1420-65",,,,정상가동,99.6,380,60,2024,태양광,2024-02-01,경상북도 영천시청,,2025-05-08
화산8호태양광발전소,,"경상북도 영천시 화산면 유성리 414-5,414-12,1420-2,1420-60,1420-65",,,,정상가동,99.6,380,60,2024,태양광,2024-02-01,경상북도 영천시청,,2025-05-08
화산5호태양광발전소,,"경상북도 영천시 화산면 유성리 414-5,414-12,1420-2,1420-60,1420-65",,,,정상가동,99.6,380,60,2024,태양광,2024-02-01,경상북도 영천시청,,2025-05-08
화산7호태양광발전소,,"경상북도 영천시 화산면 유성리 414-5,414-12,1420-2,1420-60,1420-65",,,,정상가동,99.6,380,60,2024,태양광,2024-02-01,경상북도 영천시청,,2025-05-08
화산6호태양광발전소,,"경상북도 영천시 화산면 유성리 414-5,414-12,1420-2,1420-60,1420-65",,,,정상가동,99.6,380,60,2024,태양광,2024-02-01,경상북도 영천시청,,2025-05-08
도투락태양광발전소,경상북도 영천시 화산면 유성길 83,"경상북도 영천시 화산면 유성리 804, 805, 807",,,,정상가동,19.92,380,60,2020,태양광,2020-08-19,경상북도 영천시청,,2025-05-08
네오1호태양광발전소,경상북도 영천시 화산면 유성길 83,"경상북도 영천시 화산면 유성리 804, 805, 807",,,,정상가동,29.88,380,60,2020,태양광,2020-08-19,경상북도 영천시청,,2025-05-08
네오2호태양광발전소,경상북도 영천시 화산면 유성길 77,경상북도 영천시 화산면 유성리 808,,,,정상가동,29.88,380,60,2020,태양광,2020-08-19,경상북도 영천시청,,2025-05-08
네오3호태양광발전소,경상북도 영천시 화산면 유성길 75-3,경상북도 영천시 화산면 유성리 811,,,,정상가동,29.88,380,60,2020,태양광,2020-08-19,경상북도 영천시청,,2025-05-08
네오4호태양광발전소,경상북도 영천시 화산면 유성길 75-5,경상북도 영천시 화산면 유성리 812,,,,정상가동,29.88,380,60,2020,태양광,2020-08-19,경상북도 영천시청,,2025-05-08
네오7호태양광발전소,경상북도 영천시 화산면 유성길 75-4,경상북도 영천시 화산면 유성리 816,,,,정상가동,19.92,380,60,2020,태양광,2020-08-19,경상북도 영천시청,,2025-05-08
네오5호태양광발전소,경상북도 영천시 화산면 유성길 75-4,경상북도 영천시 화산면 유성리 816,,,,정상가동,16.6,380,60,2020,태양광,2020-08-19,경상북도 영천시청,,2025-05-08
네오6호태양광발전소,,경상북도 영천시 화산면 유성리 816,,,,정상가동,29.88,380,60,2020,태양광,2020-08-19,경상북도 영천시청,,2025-05-08
수전태양광,,"경상북도 영천시 화산면 유성리 9, 10",,,,정상가동,149.94,380,60,2017,태양광,2017-06-19,경상북도 영천시청,,2025-05-08
곽산태양광발전소,,"경상북도 영천시 화산면 화산리 1231, 1235-1",,,,정상가동,95.4,380,60,2023,태양광,2023-05-22,경상북도 영천시청,,2025-05-08
화촌1태양광발전소,경상북도 영천시 화산면 화촌길 12,경상북도 영천시 화산면 화산리 853-1,,,,정상가동,99,380,60,2018,태양광,2018-05-10,경상북도 영천시청,,2025-05-08
화촌2태양광발전소,,"경상북도 영천시 화산면 화산리 853-6, 862",,,,정상가동,99,380,60,2018,태양광,2018-05-10,경상북도 영천시청,,2025-05-08
화촌3태양광발전소,경상북도 영천시 화산면 화촌길 4,경상북도 영천시 화산면 화산리 853-7,,,,정상가동,99,380,60,2018,태양광,2018-05-10,경상북도 영천시청,,2025-05-08
태흥3태양광,,경상북도 영천시 화산면 효정리 1215-1,,,,정상가동,99.2,380,60,2016,태양광,2016-07-11,경상북도 영천시청,,2025-05-08
태흥2태양광,,경상북도 영천시 화산면 효정리 1215-1,,,,정상가동,99.2,380,60,2016,태양광,2016-07-11,경상북도 영천시청,,2025-05-08
가을태양광발전소,,"경상북도 영천시 화산면 효정리 834-1, 804-21",,,,정상가동,99.76,380,60,2021,태양광,2021-10-12,경상북도 영천시청,,2025-05-08
여름태양광발전소,,"경상북도 영천시 화산면 효정리 834-1, 804-21",,,,정상가동,99.76,380,60,2021,태양광,2021-10-12,경상북도 영천시청,,2025-05-08
봄태양광발전소,,"경상북도 영천시 화산면 효정리 834-1, 804-21",,,,정상가동,99.76,380,60,2021,태양광,2021-10-12,경상북도 영천시청,,2025-05-08
용정태양광발전소,,"경상북도 영천시 화산면 효정리 843-1, 804-21, 804-22",,,,정상가동,99,380,60,2020,태양광,2020-09-15,경상북도 영천시청,,2025-05-08
