태양광발전시설명,소재지도로명주소,소재지지번주소,위도,경도,설치상세위치구분명,가동상태구분명,설비용량,공급전압,주파수,설치연도,세부용도,허가일자,허가기관,설치면적,데이터기준일자
빛모리태양광발전소,,광주광역시 광산구 대산동 172,,,옥외,정상가동,28,220,60,2008,,2007-07-01,광주광역시 광산구청,,2025-07-02
장수에너지,광주광역시 광산구 수남안길 20,광주광역시 광산구 장수동 354,,,옥상,정상가동,5.67,380,60,2009,,2008-12-01,광주광역시 광산구청,,2025-07-02
롯데마트첨단점태양광발전소,광주광역시 광산구 첨단강변로99번길 22,광주광역시 광산구 쌍암동 694-3,,,옥상,정상가동,99,380,60,2009,,2009-07-20,광주광역시 광산구청,,2025-07-02
한빛4호태양광발전소,광주광역시 광산구 금동학동길 10-131,,,,옥상,정상가동,59.4,380,60,2024,,2023-11-17,광주광역시 광산구청,,2025-07-02
(주)이마트광산태양광발전소,광주광역시 광산구 사암로 172,광주광역시 광산구 우산동 1598-3,,,옥상,정상가동,97.85,380,60,2011,,2011-03-28,광주광역시 광산구청,,2025-07-02
금빛산이엔지태양광발전소,광주광역시 광산구 사암로106번길 77,광주광역시 광산구 우산동 1059-12,,,옥상,정상가동,29.93,380,60,2012,,2010-01-01,광주광역시 광산구청,,2025-07-02
한빛6호태양광발전소,광주광역시 광산구 금동학동길 10-131,,,,기타,정상가동,27.94,380,60,2025,,2024-08-06,광주광역시 광산구청,,2025-07-02
대각에너지태양광발전소,광주광역시 광산구 금동학동길 10-134,광주광역시 광산구 덕림동 산157-4,,,옥외,정상가동,660,22900,60,2019,,2017-09-04,광주광역시 광산구청,,2025-07-02
㈜지용금속태양광발전소2호,광주광역시 광산구 하남산단천변우로126-8,광주광역시 광산구 도천동 619-25,,,옥상,정상가동,99.75,380,60,2012,,2012-01-10,광주광역시 광산구청,,2025-07-02
이글스에너지㈜,광주광역시 광산구 남산로 54-156,광주광역시 광산구 송치동 180-23,,,옥외,정상가동,1999.58,22900,60,2012,,2011-04-22,광주광역시 광산구청,,2025-07-02
굿파워광주덕림동태양광발전소,광주광역시 광산구 금동학동길 1-17,,,,옥외,정상가동,399.38,380,60,2024,,2022-10-24,광주광역시 광산구청,,2025-07-02
스카이글러브태양광발전소,광주광역시 광산구 상무대로 296,광주광역시 광산구 송정동 718-4,,,옥상,정상가동,30,380,60,2012,,2012-06-12,광주광역시 광산구청,,2025-07-02
호남제빙태양광발전소,광주광역시 광산구 금동학동길 1-53,광주광역시 광산구 덕림동 990,,,옥상,정상가동,95,380,60,2014,,2014-08-12,광주광역시 광산구청,,2025-07-02
오선동태양광발전소,광주광역시 광산구 하남산단6번로 80,광주광역시 광산구 오선동 273-2,,,옥상,정상가동,59.8,380,60,2012,,2011-09-14,광주광역시 광산구청,,2025-07-02
지상태양광발전소,광주광역시 광산구 하남산단6번로 46,광주광역시 광산구 오선동 273-72,,,옥상,정상가동,350,22900,60,2012,,2012-09-05,광주광역시 광산구청,,2025-07-02
태광태양광발전소,광주광역시 광산구 하남산단9번로 186-21,광주광역시 광산구 도천동 621-43,,,옥상,정상가동,99.75,380,60,2013,,2013-01-21,광주광역시 광산구청,,2025-07-02
으뜸 태양광발전소,광주광역시 광산구 금동학동길 1-65,광주광역시 광산구 덕림동 991,,,옥외,정상가동,99.75,380,60,2015,,2015-03-25,광주광역시 광산구청,,2025-07-02
신촌1호태양광발전소,,광주광역시 광산구 동호동 781-1,,,옥외,정상가동,19.2,380,60,2013,,2012-11-13,광주광역시 광산구청,,2025-07-02
솔라뱅크(유),광주광역시 광산구 금동학동길 247,광주광역시 광산구 덕림동 774-9,,,옥외,정상가동,1500,22900,60,2015,,2014-09-02,광주광역시 광산구청,,2025-07-02
대림쏠라태양광발전소,광주광역시 광산구 체암로 1595,광주광역시 광산구 양동 628,,,옥상,정상가동,96.6,380,60,2013,,2012-12-27,광주광역시 광산구청,,2025-07-02
레드탑㈜태양광발전소,광주광역시 광산구 사암로92번길 99-26,광주광역시 광산구 우산동 1069-4,,,옥상,정상가동,27.5,380,60,2013,,2013-05-06,광주광역시 광산구청,,2025-07-02
초당환경(유),광주광역시 광산구 금동학동길 306-23,광주광역시 광산구 덕림동 730-5,,,옥상,정상가동,1100,22900,60,2012,,2010-08-01,광주광역시 광산구청,,2025-07-02
미래산업,광주광역시 광산구 월계로34번길 31-20,광주광역시 광산구 월계동 779-1,,,옥상,정상가동,19,380,60,2013,,2013-05-23,광주광역시 광산구청,,2025-07-02
근영산업1호태양광발전소,광주광역시 광산구 내동송동길 2-3,광주광역시 광산구 송산동 742-1,,,옥상,정상가동,99,380,60,2014,,2020-08-31,광주광역시 광산구청,,2025-07-02
화랑태양광발전소,광주광역시 광산구 월곡중앙로2번길 8,광주광역시 광산구 월곡동 612-3,,,옥상,정상가동,16,380,60,2013,,2013-07-11,광주광역시 광산구청,,2025-07-02
근영산업2호태양광발전소,광주광역시 광산구 내동송동길 2-3,광주광역시 광산구 송산동 742-1,,,옥상,정상가동,49.5,380,60,2015,,2020-08-31,광주광역시 광산구청,,2025-07-02
한일태양광발전소1호,광주광역시 광산구 비아로 145,광주광역시 광산구 비아동 678-5,,,옥상,정상가동,96,380,60,2013,,2013-03-14,광주광역시 광산구청,,2025-07-02
근영산업3호태양광발전소,광주광역시 광산구 내동송동길 2-5,광주광역시 광산구 송산동 742-6,,,옥상,정상가동,99,380,60,2014,,2020-08-31,광주광역시 광산구청,,2025-07-02
태호골프장태양광발전소,광주광역시 광산구 첨단과기로 79-37,광주광역시 광산구 비아동 776-7,,,옥상,정상가동,98.51,380,60,2013,,2013-05-14,광주광역시 광산구청,,2025-07-02
태광태양광2호발전소,광주광역시 광산구 하남산단10번로 109,광주광역시 광산구 안청동 729-10,,,옥상,정상가동,98.8,380,60,2013,,2013-07-22,광주광역시 광산구청,,2025-07-02
근영산업4호태양광발전소,광주광역시 광산구 내동송동길 2-5,광주광역시 광산구 송산동 742-6,,,옥상,정상가동,49.5,380,60,2015,,2020-08-31,광주광역시 광산구청,,2025-07-02
광동실업(주)태양광발전소,광주광역시 광산구 하남산단8번로 60,광주광역시 광산구 오선동 546-11,,,옥상,정상가동,750,22900,380,2013,,2012-08-14,광주광역시 광산구청,,2025-07-02
산정이현필태양광발전소,광주광역시 광산구 용아로379번길 25,광주광역시 광산구 산정동 1051,,,옥상,정상가동,99.47,380,60,2013,,2013-05-13,광주광역시 광산구청,,2025-07-02
오복태양광발전소,광주광역시 광산구 내동송동길 28,,,,옥상,정상가동,30.6,380,60,2024,,2020-11-26,광주광역시 광산구청,,2025-07-02
동곡동주민복지회태양광발전소,광주광역시 광산구 동곡로 161-1,광주광역시 광산구 하산동 139-25,,,옥상,정상가동,47.6,380,60,2010,,2018-02-01,광주광역시 광산구청,,2025-07-02
㈜무진에너지,광주광역시 광산구 원두로 40,광주광역시 광산구 월전동 1258,,,옥상,정상가동,329.22,22900,60,2013,,2013-05-06,광주광역시 광산구청,,2025-07-02
티에치태양광발전소,광주광역시 광산구 첨단과기로 79-37,광주광역시 광산구 비아동 776-7,,,옥상,정상가동,48.6,380,60,2013,,2013-10-14,광주광역시 광산구청,,2025-07-02
케이에스솔라신성10호태양광발전소,광주광역시 광산구 원두로 64,광주광역시 광산구 월전동 1261,,,옥상,정상가동,450,22900,60,2013,,2013-07-25,광주광역시 광산구청,,2025-07-02
유계동휴게소태양광발전소,광주광역시 광산구 동곡로 170,광주광역시 광산구 유계동 608-3,,,옥상,정상가동,70.2,380,60,2018,,2018-05-03,광주광역시 광산구청,,2025-07-02
명화태양광발전소,광주광역시 광산구 동곡로 242-32,,,,옥상,정상가동,60,380,60,2024,,2024-03-04,광주광역시 광산구청,,2025-07-02
케이에스솔라신성11호태양광발전소,광주광역시 광산구 손재로 368-69,광주광역시 광산구 오선동 273-86,,,옥상,정상가동,230,22900,60,2014,,2013-10-14,광주광역시 광산구청,,2025-07-02
류방용태양광발전소,광주광역시 광산구 동곡로 28-213,광주광역시 광산구 본덕동 402,,,옥상,정상가동,97.28,380,60,2019,,2018-04-27,광주광역시 광산구청,,2025-07-02
해양에너지광산CNG태양광발전소,광주광역시 광산구 동곡로 324,광주광역시 광산구 복룡동 94-1,,,옥상,정상가동,15.2,380,60,2021,,2021-08-11,광주광역시 광산구청,,2025-07-02
보현산업태양광발전소,광주광역시 광산구 상완길314-8,광주광역시 광산구 수완동 269-14,,,옥상,정상가동,82.62,380,60,2014,,2013-11-26,광주광역시 광산구청,,2025-07-02
송정태양광발전소,광주광역시 광산구 내상로15번길 81,광주광역시 광산구 송정동 732-36,,,옥상,정상가동,20,380,60,2014,,2018-09-18,광주광역시 광산구청,,2025-07-02
손태양광발전소,광주광역시 광산구 풍영정길 345-29,광주광역시 광산구 신창동 526-11,,,옥상,정상가동,50,380,60,2014,,2013-09-03,광주광역시 광산구청,,2025-07-02
광산장갑태양광발전소,광주광역시 광산구 사암로118번길 77-9,광주광역시 광산구 우산동 1045-9,,,옥상,정상가동,49.5,380,60,2014,,2014-01-23,광주광역시 광산구청,,2025-07-02
진현태양광발전소,광주광역시 광산구 동곡로 337,광주광역시 광산구 복룡동 365-12,,,옥상,정상가동,51.1,380,60,2020,,2019-09-03,광주광역시 광산구청,,2025-07-02
정도이엔지태양광발전소,광주광역시 광산구 하남지실길 258,광주광역시 광산구 산정동 427,,,옥상,정상가동,94.5,380,60,2014,,2013-07-04,광주광역시 광산구청,,2025-07-02
문성태양광발전소,광주광역시 광산구 동곡로 345-1,광주광역시 광산구 복룡동 365-31,,,기타,정상가동,99.45,380,60,2019,,2019-03-08,광주광역시 광산구청,,2025-07-02
KOW태양광발전소,광주광역시 광산구 하남산단3번로 74,광주광역시 광산구 장덕동 990-7,,,옥상,정상가동,80,380,60,2014,,2014-02-12,광주광역시 광산구청,,2025-07-02
오대양태양광발전㈜,광주광역시 광산구 하남산단9번로 21,광주광역시 광산구 안청동 734-1,,,옥상,정상가동,684.4,22900,60,2014,,2013-11-22,광주광역시 광산구청,,2025-07-02
대흥태양광발전소,광주광역시 광산구 하남산단4번로 156,광주광역시 광산구 장덕동 984-4,,,옥상,정상가동,499.5,22900,60,2014,,2014-01-06,광주광역시 광산구청,,2025-07-02
도운1호태양광발전소,광주광역시 광산구 동곡로 666,광주광역시 광산구 송촌동 63,,,옥상,정상가동,79.5,380,60,2015,,2014-11-03,광주광역시 광산구청,,2025-07-02
Y&J태양광발전소,광주광역시 광산구 북문대로 383-22,광주광역시 광산구 신창동 1075-5,,,옥상,정상가동,99,380,60,2014,,2014-02-26,광주광역시 광산구청,,2025-07-02
(유)석림산업태양광발전소,광주광역시 광산구 하남산단8번로 166,광주광역시 광산구 도천동 622-4,,,옥상,정상가동,50.88,380,60,2014,,2020-09-24,광주광역시 광산구청,,2025-07-02
주식회사 태금솔루션,광주광역시 광산구 하남산단3번로 14-3,광주광역시 광산구 장덕동 989-1,,,옥상,정상가동,98.51,380,60,2014,,2013-11-26,광주광역시 광산구청,,2025-07-02
혜인씨티㈜태양광발전소,광주광역시 광산구 하남산단9번로 186-30,광주광역시 광산구 도천동 621-38,,,옥상,정상가동,99.36,380,60,2014,,2014-02-27,광주광역시 광산구청,,2025-07-02
㈜발전중기신창태양광발전소,광주광역시 광산구 수등로258번길 74-1,광주광역시 광산구 신창동 1063-5,,,기타,정상가동,74.88,380,60,2014,,2014-03-03,광주광역시 광산구청,,2025-07-02
서율태양광발전소,광주광역시 광산구 신창로106번길 15-12,광주광역시 광산구 신창동 1241-11,,,옥상,정상가동,20,380,60,2014,,2013-12-13,광주광역시 광산구청,,2025-07-02
㈜엔젤스테크태양광발전소,광주광역시 광산구 목련로219번길 102-31,광주광역시 광산구 운남동 524-19,,,옥상,정상가동,28.5,380,60,2014,,2013-11-29,광주광역시 광산구청,,2025-07-02
농업회사법인㈜남양냉동식품태양광발전소,광주광역시 광산구 소촌로85번길 2,광주광역시 광산구 소촌동 844,,,옥상,정상가동,99.84,380,60,2014,,2013-12-20,광주광역시 광산구청,,2025-07-02
태광태양광4호발전소,광주광역시 광산구 손재로 474,광주광역시 광산구 오선동 546-20,,,옥상,정상가동,98.8,380,60,2014,,2013-07-29,광주광역시 광산구청,,2025-07-02
태광태양광3호발전소,광주광역시 광산구 손재로 478,광주광역시 광산구 오선동 546-2,,,옥상,정상가동,98.8,380,60,2014,,2013-07-29,광주광역시 광산구청,,2025-07-02
㈜동신실업태양광발전소,광주광역시 광산구 손재로 512-17,광주광역시 광산구 안청동 735-10,,,옥상,정상가동,350,22900,60,2014,,2014-03-04,광주광역시 광산구청,,2025-07-02
남양태양광발전소,광주광역시 광산구 풍영철길로 123,광주광역시 광산구 운남동 517-12,,,옥상,정상가동,38.74,380,60,2014,,2014-04-09,광주광역시 광산구청,,2025-07-02
관해태양광발전소,광주광역시 광산구 하남산단8번로 172,광주광역시 광산구 도천동 622-6,,,옥상,정상가동,60,380,60,2014,,2013-10-14,광주광역시 광산구청,,2025-07-02
성연 태양광발전소,광주광역시 광산구 원두로 54,광주광역시 광산구 월전동 1259,,,옥상,정상가동,643.5,22900,60,2014,,2013-10-14,광주광역시 광산구청,,2025-07-02
도림태양광발전소,광주광역시 광산구 도림안길 30,광주광역시 광산구 도덕동 360-7,,,옥상,정상가동,70.2,380,60,2014,,2013-12-26,광주광역시 광산구청,,2025-07-02
중경태양광발전소,광주광역시 광산구 임방울대로 611-18,광주광역시 광산구 도천동 122-22,,,옥상,정상가동,75.6,380,60,2014,,2014-01-03,광주광역시 광산구청,,2025-07-02
제이피태양광발전소,광주광역시 광산구 동곡로 810,광주광역시 광산구 운수동 317,,,옥상,정상가동,45,380,60,2019,,2018-09-05,광주광역시 광산구청,,2025-07-02
최인택태양광발전소,광주광역시 광산구 동곡로 817,광주광역시 광산구 운수동 257-6,,,옥외,정상가동,30,380,60,2015,,2014-09-12,광주광역시 광산구청,,2025-07-02
파워태양광발전소,광주광역시 광산구 동곡로 823,광주광역시 광산구 운수동 257-34,,,옥상,정상가동,29.25,380,60,2019,,2019-05-29,광주광역시 광산구청,,2025-07-02
선경1호태양광발전소,광주광역시 광산구 임방울대로 611-34,광주광역시 광산구 도천동 122-39,,,옥상,정상가동,68.4,380,60,2014,,2017-01-11,광주광역시 광산구청,,2025-07-02
㈜현민태양광발전소,광주광역시 광산구 동곡로 843-5,광주광역시 광산구 운수동 248,,,옥상,정상가동,99,380,60,2015,,2015-05-29,광주광역시 광산구청,,2025-07-02
그린하우스태양광발전소,광주광역시 광산구 첨단과기로 93-34,광주광역시 광산구 비아동 765-1,,,옥상,정상가동,99.2,380,60,2014,,2014-03-19,광주광역시 광산구청,,2025-07-02
호남1호태양광발전소,광주광역시 광산구 동곡로 845-1,,,,옥상,정상가동,99.96,380,60,2024,,2023-12-19,광주광역시 광산구청,,2025-07-02
일렉트태양광발전소,광주광역시 광산구 사암로92번길 14,광주광역시 광산구 우산동 1077-1,,,옥상,정상가동,19.5,380,60,2014,,2014-06-05,광주광역시 광산구청,,2025-07-02
대산태양광발전소,,광주광역시 광산구 대산동 543-1,,,옥외,정상가동,29.88,380,60,2014,,2013-10-01,광주광역시 광산구청,,2025-07-02
선암태양광발전소,광주광역시 광산구 어등대로459번길 60-15,광주광역시 광산구 선암동 306,,,옥상,정상가동,17.49,380,60,2014,,2014-06-02,광주광역시 광산구청,,2025-07-02
가보태양광발전소,광주광역시 광산구 용아로 534-30,광주광역시 광산구 장덕동 985-18,,,옥상,정상가동,98,380,60,2014,,2013-04-11,광주광역시 광산구청,,2025-07-02
정인태양광발전소,광주광역시 광산구 월곡로 71,광주광역시 광산구 월곡동 581-10,,,옥상,정상가동,15,380,60,2014,,2014-06-02,광주광역시 광산구청,,2025-07-02
진곡 태양광발전소,광주광역시 광산구 진곡산단중앙로 274,광주광역시 광산구 고룡동 974,,,옥상,정상가동,240,380,60,2014,,2016-06-01,광주광역시 광산구청,,2025-07-02
진곡태양광발전소,광주광역시 광산구 임곡로 505-113,광주광역시 광산구 진곡동 360-3,,,옥상,정상가동,98.82,380,60,2014,,2014-06-02,광주광역시 광산구청,,2025-07-02
미래세움에너지태양광발전소2호,광주광역시 광산구 소촌로123번길 15,광주광역시 광산구 소촌동 853,,,옥상,정상가동,301.5,22900,60,2014,,2014-07-09,광주광역시 광산구청,,2025-07-02
야생태양광발전소,광주광역시 광산구 동곡로185번길 20-2,광주광역시 광산구 하산동 483-5,,,옥상,정상가동,32,380,60,2013,,2013-08-12,광주광역시 광산구청,,2025-07-02
한빛태양광발전소,광주광역시 광산구 목련로 231,광주광역시 광산구 운남동 521-3,,,옥상,정상가동,99,380,60,2014,,2024-10-18,광주광역시 광산구청,,2025-07-02
대성태양광발전소,광주광역시 광산구 목련로 231,광주광역시 광산구 운남동 521-3,,,옥상,정상가동,99,380,60,2014,,2014-07-15,광주광역시 광산구청,,2025-07-02
디와이뱅크㈜4호 태양광발전소,광주광역시 광산구 손재로287번길 153,광주광역시 광산구 하남동 500-7,,,옥상,정상가동,400,22900,60,2014,,2020-09-21,광주광역시 광산구청,,2025-07-02
덕봉산업1호태양광발전소,광주광역시 광산구 동곡로185번길 233-2,,,,옥상,정상가동,99.83,380,60,2024,,2024-02-02,광주광역시 광산구청,,2025-07-02
석진태양광발전소,광주광역시 광산구 첨단중앙로106번길 36,광주광역시 광산구 월계동 891-2,,,옥상,정상가동,74.25,380,60,2014,,2014-07-09,광주광역시 광산구청,,2025-07-02
신화태양광발전소,광주광역시 광산구 여남길 15,광주광역시 광산구 도덕동 503-1,,,옥상,정상가동,98.8,380,60,2014,,2014-05-19,광주광역시 광산구청,,2025-07-02
국제에코태양광발전소,광주광역시 광산구 하남산단10번로 114,광주광역시 광산구 안청동 732-6,,,옥상,정상가동,99,380,60,2014,,2014-08-12,광주광역시 광산구청,,2025-07-02
관호태양광발전소,광주광역시 광산구 용곡길12번길 84-1,광주광역시 광산구 용곡동 839,,,옥상,정상가동,99,380,60,2014,,2014-06-30,광주광역시 광산구청,,2025-07-02
현대테크피아태양광발전소,광주광역시 광산구 하남산단천변좌로 63,광주광역시 광산구 안청동 739-42,,,옥상,정상가동,326.75,22900,60,2014,,2014-06-20,광주광역시 광산구청,,2025-07-02
덕봉산업4호태양광발전소,광주광역시 광산구 동곡로185번길 233-2,,,,옥상,정상가동,99.83,380,60,2024,,2024-02-02,광주광역시 광산구청,,2025-07-02
디와이뱅크㈜1호 태양광발전소,광주광역시 광산구 손재로287번길 134-16,광주광역시 광산구 하남동 501-3,,,옥상,정상가동,99,380,60,2014,,2020-09-21,광주광역시 광산구청,,2025-07-02
거성태양광발전소,광주광역시 광산구 임방울대로800번길 39,광주광역시 광산구 월계동 878-6,,,옥상,정상가동,50.35,380,60,2014,,2014-08-07,광주광역시 광산구청,,2025-07-02
덕봉산업2호태양광발전소,광주광역시 광산구 동곡로185번길 233-2,,,,옥상,정상가동,99.83,380,60,2024,,2024-02-02,광주광역시 광산구청,,2025-07-02
덕봉산업3호태양광발전소,광주광역시 광산구 동곡로185번길 233-2,,,,옥상,정상가동,99.83,380,60,2024,,2024-02-02,광주광역시 광산구청,,2025-07-02
디와이뱅크㈜5호 태양광발전소,광주광역시 광산구 하남산단7번로 8,광주광역시 광산구 오선동 270-65,,,옥상,정상가동,350,22900,60,2014,,2020-09-21,광주광역시 광산구청,,2025-07-02
디와이뱅크㈜2호 태양광발전소,광주광역시 광산구 손재로287번길 135,광주광역시 광산구 하남동 500-8,,,옥상,정상가동,350,22900,60,2014,,2020-09-21,광주광역시 광산구청,,2025-07-02
삼광태양광발전소,광주광역시 광산구 동곡로185번길 63-57,광주광역시 광산구 하산동 242-14,,,옥상,정상가동,20.16,380,60,2022,,2021-01-05,광주광역시 광산구청,,2025-07-02
코끼리특장㈜태양광발전소,광주광역시 광산구 어등대로621번길 23-13,광주광역시 광산구 소촌동 651-5,,,옥상,정상가동,90.2,380,60,2014,,2014-08-12,광주광역시 광산구청,,2025-07-02
달무리태양광발전소,광주광역시 광산구 본동로 165-13,광주광역시 광산구 동호동 295-14,,,옥상,정상가동,49.88,380,60,2021,,2019-12-23,광주광역시 광산구청,,2025-07-02
백길2호태양광발전소,광주광역시 광산구 임곡검정길 17,광주광역시 광산구 진곡동 89-25,,,옥상,정상가동,64,380,60,2014,,2014-09-05,광주광역시 광산구청,,2025-07-02
백길1호태양광발전소,광주광역시 광산구 임곡검정길 17,광주광역시 광산구 진곡동 89-25,,,옥상,정상가동,99,380,60,2014,,2014-09-05,광주광역시 광산구청,,2025-07-02
불무리태양광발전소,광주광역시 광산구 본동로 165-13,광주광역시 광산구 동호동 295-14,,,옥상,정상가동,99.75,380,60,2021,,2019-12-23,광주광역시 광산구청,,2025-07-02
신촌2호태양광발전소,광주광역시 광산구 본동로 364,광주광역시 광산구 동호동 871-9,,,옥상,정상가동,10.2,380,60,2013,,2013-02-15,광주광역시 광산구청,,2025-07-02
영호태양광발전소,광주광역시 광산구 하남산단2번로 125,광주광역시 광산구 하남동 508-6,,,옥상,정상가동,99.22,380,60,2014,,2014-09-19,광주광역시 광산구청,,2025-07-02
(주)태진산업태양광발전소,광주광역시 광산구 사암로 734,광주광역시 광산구 도천동 349-3,,,옥외,정상가동,96.9,380,60,2014,,2014-08-22,광주광역시 광산구청,,2025-07-02
새로와태양광발전소,광주광역시 광산구 본동로 475-3,광주광역시 광산구 양산동 89-6,,,옥상,정상가동,43.2,380,60,2016,,2015-11-25,광주광역시 광산구청,,2025-07-02
제일태양광발전소(남부대학교),광주광역시 광산구 첨단중앙로 23,광주광역시 광산구 월계동 864-1,,,옥상,정상가동,510,380,60,2014,,2014-07-31,광주광역시 광산구청,,2025-07-02
㈜신기그린텍태양광발전소,광주광역시 광산구 어등대로621번길 7-9,광주광역시 광산구 소촌동 653-2,,,옥상,정상가동,99,380,60,2014,,2014-06-12,광주광역시 광산구청,,2025-07-02
필태양광발전소,광주광역시 광산구 본량신촌동길 3-28,,,,옥상,정상가동,19.32,380,60,2024,,2022-09-22,광주광역시 광산구청,,2025-07-02
디와이뱅크㈜3호 태양광발전소,광주광역시 광산구 하남산단2번로 63,광주광역시 광산구 하남동 507-4,,,옥상,정상가동,250,22900,60,2014,,2020-09-21,광주광역시 광산구청,,2025-07-02
빛고을햇빛태양광발전소9호(소촌),,광주광역시 광산구 소촌동 산80-8,,,옥외,정상가동,300,22900,60,2014,,2014-05-22,광주광역시 광산구청,,2025-07-02
광산녹색마을㈜,광주광역시 광산구 쌍내길 54-44,광주광역시 광산구 내산동 373-1,,,옥상,정상가동,20,380,60,2014,,2014-02-03,광주광역시 광산구청,,2025-07-02
주누태양광발전소,광주광역시 광산구 비아동원촌길 57-11,광주광역시 광산구 비아동 60-50,,,옥상,정상가동,69.93,380,60,2019,,2019-01-11,광주광역시 광산구청,,2025-07-02
와이에스태양광발전소,광주광역시 광산구 빛그린동로 134,,,,옥상,정상가동,195.3,380,60,2024,,2024-02-05,광주광역시 광산구청,,2025-07-02
삼부에너지태양광발전소,광주광역시 광산구 빛그린동로 134,,,,옥상,정상가동,288.3,380,60,2024,,2024-02-02,광주광역시 광산구청,,2025-07-02
영롱태양광발전소,광주광역시 광산구 하남산단2번로 125,광주광역시 광산구 하남동 508-6,,,옥상,정상가동,95.56,380,60,2014,,2014-10-08,광주광역시 광산구청,,2025-07-02
삼부철강태양광발전소,광주광역시 광산구 빛그린동로 134,,,,옥상,정상가동,493,380,60,2024,,2024-02-02,광주광역시 광산구청,,2025-07-02
㈜동부화학태양광발전소,광주광역시 광산구 체암로 1824,광주광역시 광산구 삼거동 250-4,,,옥상,정상가동,97.2,380,60,2015,,2014-07-31,광주광역시 광산구청,,2025-07-02
신가하늘채태양광발전소,광주광역시 광산구 수등로243번길 15,광주광역시 광산구 신가동 978-6,,,옥상,정상가동,19.2,380,60,2015,,2014-07-09,광주광역시 광산구청,,2025-07-02
(주)거석홀딩스태양광발전소,광주광역시 광산구 빛그린동로 182,,,,옥상,정상가동,994,22900,60,2024,,2022-07-19,광주광역시 광산구청,,2025-07-02
빛고을신재생제2태양광발전소,광주광역시 광산구 송대길 770,광주광역시 광산구 본덕동 754,,,옥외,정상가동,1300,22900,60,2015,,2014-10-17,광주광역시 광산구청,,2025-07-02
㈜기성하이테크태양광발전소,광주광역시 광산구 하남산단6번로 9-6,광주광역시 광산구 오선동 270-91,,,옥상,정상가동,97.2,380,60,2015,,2014-11-03,광주광역시 광산구청,,2025-07-02
성하태양광발전소,광주광역시 광산구 비아로135번길 23,광주광역시 광산구 비아동 666-2,,,옥상,정상가동,50,380,60,2015,,2014-04-15,광주광역시 광산구청,,2025-07-02
금명태양광발전소,광주광역시 광산구 빛그린동로 33,,,,옥상,정상가동,493.2,380,60,2024,,2024-02-05,광주광역시 광산구청,,2025-07-02
㈜기성정공태양광발전소,광주광역시 광산구 하남산단9번로 117,광주광역시 광산구 안청동 732-8,,,옥상,정상가동,300,22900,60,2015,,2014-11-03,광주광역시 광산구청,,2025-07-02
이남이태양광발전소,광주광역시 광산구 임곡로 677,광주광역시 광산구 안청동 275-9,,,옥상,정상가동,49.4,380,60,2015,,2014-11-17,광주광역시 광산구청,,2025-07-02
준건태양광발전소,광주광역시 광산구 풍영로145번길 106,광주광역시 광산구 흑석동 515,,,옥상,정상가동,49.2,380,60,2015,,2014-11-27,광주광역시 광산구청,,2025-07-02
연화태양광발전소,광주광역시 광산구 소촌로86번길 20-18,광주광역시 광산구 소촌동 288-2,,,옥상,정상가동,46.64,380,60,2015,,2014-09-12,광주광역시 광산구청,,2025-07-02
스카이글러브 7호 태양광발전소,광주광역시 광산구 상무대로 296-1,광주광역시 광산구 송정동 718-4,,,옥상,정상가동,50,380,60,2015,,2015-03-09,광주광역시 광산구청,,2025-07-02
철도솔라㈜5호기,,광주광역시 광산구 장수동 91-1,,,옥상,정상가동,996,22900,60,2015,,2013-12-23,광주광역시 광산구청,,2025-07-02
새빛태양광발전소,광주광역시 광산구 어등대로603번길 21,광주광역시 광산구 소촌동 648,,,옥상,정상가동,99,380,60,2015,,2015-01-28,광주광역시 광산구청,,2025-07-02
제이엔스틸 ㈜태양광발전소,광주광역시 광산구 하남산단9번로 153,광주광역시 광산구 안청동 731-4,,,옥상,정상가동,496.8,380,60,2015,,2015-03-27,광주광역시 광산구청,,2025-07-02
반짝빛그린발전소 2호기,광주광역시 광산구 빛동10로 22,광주광역시 광산구 삼거동 668,,,옥외,정상가동,75,380,60,2022,,2022-05-23,광주광역시 광산구청,,2025-07-02
반짝빛그린발전소 3호기,광주광역시 광산구 빛동10로 22,광주광역시 광산구 삼거동 668,,,옥외,정상가동,74.7,380,60,2023,,2022-05-23,광주광역시 광산구청,,2025-07-02
반짝빛그린발전소 1호기,광주광역시 광산구 빛동10로 22,광주광역시 광산구 삼거동 668,,,옥외,정상가동,74,380,60,2023,,2022-05-23,광주광역시 광산구청,,2025-07-02
반짝빛그린발전소5호기,광주광역시 광산구 빛동10로 23,,,,옥외,정상가동,98.48,380,60,2024,,2023-09-04,광주광역시 광산구청,,2025-07-02
한진태양광발전소,광주광역시 광산구 하남산단8번로 127-18,광주광역시 광산구 안청동 739-10,,,옥상,정상가동,300,380,60,2015,,2015-01-12,광주광역시 광산구청,,2025-07-02
부흥태양광발전소,광주광역시 광산구 월계로 34,광주광역시 광산구 월계동 785-1,,,옥상,정상가동,28.8,380,60,2015,,2014-09-02,광주광역시 광산구청,,2025-07-02
백년 태양광발전소,광주광역시 광산구 상무대로419번길 30-2,광주광역시 광산구 우산동 178-21,,,기타,정상가동,99,380,60,2015,,2015-04-07,광주광역시 광산구청,,2025-07-02
반짝빛그린발전소4호기,광주광역시 광산구 빛동10로 23,,,,옥외,정상가동,98.48,380,60,2024,,2023-09-04,광주광역시 광산구청,,2025-07-02
송산실버빌태양광발전소,광주광역시 광산구 삼도세동길 9-11,,,,옥상,정상가동,99.18,380,60,2024,,2022-07-27,광주광역시 광산구청,,2025-07-02
일신1호 태양광발전소,광주광역시 광산구 하남산단4번로 33,광주광역시 광산구 장덕동 979-12,,,옥상,정상가동,499.2,380,60,2015,,2015-03-25,광주광역시 광산구청,,2025-07-02
오그램1호 태양광발전소,광주광역시 광산구 하남산단9번로 181,광주광역시 광산구 도천동 620-10,,,옥상,정상가동,296.4,380,60,2015,,2015-03-25,광주광역시 광산구청,,2025-07-02
연석 태양광발전소,,광주광역시 광산구 덕림동 991-1,,,옥외,정상가동,99.75,380,60,2015,,2015-03-25,광주광역시 광산구청,,2025-07-02
운곡태양광발전소,광주광역시 광산구 신동산길 319,,,,옥상,정상가동,30.42,380,60,2024,,2020-02-20,광주광역시 광산구청,,2025-07-02
주안 태양광발전소,,광주광역시 광산구 덕림동 991-2,,,옥외,정상가동,99.75,380,60,2015,,2015-03-25,광주광역시 광산구청,,2025-07-02
용진태양광발전소,광주광역시 광산구 복영길 24-19,광주광역시 광산구 임곡동 668,,,옥상,정상가동,39.2,380,60,2015,,2015-03-09,광주광역시 광산구청,,2025-07-02
혜광 태양광발전소,광주광역시 광산구 신흥동길 15,광주광역시 광산구 신촌동 1064-12,,,옥상,정상가동,11.34,220,60,2016,,2016-04-27,광주광역시 광산구청,,2025-07-02
태호뮤렌입주자대표회의,광주광역시 광산구 첨단과기로 79-32,광주광역시 광산구 비아동 776-8,,,옥상,정상가동,81,380,60,2015,,2014-09-02,광주광역시 광산구청,,2025-07-02
제이콥스태양광발전소,광주광역시 광산구 하남산단8번로 111,광주광역시 광산구 안청동 738-7,,,옥상,정상가동,96.2,380,60,2015,,2014-12-12,광주광역시 광산구청,,2025-07-02
남성수지1호태양광발전소,광주광역시 광산구 소촌로 97,광주광역시 광산구 소촌동 842,,,옥상,정상가동,89.6,380,60,2015,,2014-12-01,광주광역시 광산구청,,2025-07-02
남성수지2호태양광발전소,광주광역시 광산구 소촌로 97,광주광역시 광산구 소촌동 842,,,옥상,정상가동,99.12,380,60,2015,,2014-12-01,광주광역시 광산구청,,2025-07-02
문장태양광발전소,광주광역시 광산구 하남산단8번로 111,광주광역시 광산구 안청동 738-7,,,옥상,정상가동,98.8,380,60,2015,,2014-12-12,광주광역시 광산구청,,2025-07-02
현대스프링1호태양광발전소,광주광역시 광산구 하남산단천변좌로 65,광주광역시 광산구 안청동 739-41,,,옥상,정상가동,99,380,60,2015,,2014-11-06,광주광역시 광산구청,,2025-07-02
청명타워태양광발전소,광주광역시 광산구 임방울대로332번길 9-12,광주광역시 광산구 수완동 1434,,,옥상,정상가동,50,380,60,2015,,2015-03-09,광주광역시 광산구청,,2025-07-02
오산이태양광발전소,광주광역시 광산구 와산길 48,광주광역시 광산구 오산동 41-18,,,옥외,정상가동,99,380,60,2015,,2014-12-04,광주광역시 광산구청,,2025-07-02
오산일태양광발전소,광주광역시 광산구 와산길 50,광주광역시 광산구 오산동 41-1,,,옥외,정상가동,99,380,60,2015,,2014-12-04,광주광역시 광산구청,,2025-07-02
㈜삼현컨베이어태양광발전소,광주광역시 광산구 임곡로 259,광주광역시 광산구 산막동 195-1,,,,정상가동,232.72,380,60,2023,,2022-06-10,광주광역시 광산구청,,2025-07-02
고려환경산업태양광발전소,광주광역시 광산구 대산로 76-25,광주광역시 광산구 대산동 515,,,옥상,정상가동,30,380,60,2015,,2015-02-09,광주광역시 광산구청,,2025-07-02
아진태양광발전소,광주광역시 광산구 풍영정길 417-17,광주광역시 광산구 산월동 864-9,,,옥상,정상가동,97.2,380,60,2015,,2015-05-12,광주광역시 광산구청,,2025-07-02
㈜현대스프링태양광발전소,광주광역시 광산구 하남산단6번로 47,광주광역시 광산구 오선동 270-105,,,옥상,정상가동,500,22900,60,2015,,2014-10-17,광주광역시 광산구청,,2025-07-02
선향태양광발전소,광주광역시 광산구 평동공단산정로 108,광주광역시 광산구 연산동 1258,,,옥상,정상가동,98.02,380,60,2022,,2021-12-02,광주광역시 광산구청,,2025-07-02
스마트블루1호태양광발전소,광주광역시 광산구 평동공단산정로 18,광주광역시 광산구 연산동 1323,,,옥상,정상가동,99.51,380,60,2022,,2021-09-13,광주광역시 광산구청,,2025-07-02
스마트블루2호태양광발전소,광주광역시 광산구 평동공단산정로 18,광주광역시 광산구 연산동 1323,,,옥상,정상가동,99.51,380,60,2022,,2021-09-13,광주광역시 광산구청,,2025-07-02
할인마트태양광발전소,광주광역시 광산구 광산로 73,광주광역시 광산구 송정동 760-2,,,옥상,정상가동,40,380,60,2015,,2015-05-29,광주광역시 광산구청,,2025-07-02
(주)팬케미칼태양광발전소,광주광역시 광산구 평동공단산정로 52,,,,옥상,정상가동,346.84,380,60,2024,,2022-05-11,광주광역시 광산구청,,2025-07-02
정연태양광발전소,,광주광역시 광산구 송학동 91-1,,,옥외,정상가동,99.6,380,60,2015,,2014-10-02,광주광역시 광산구청,,2025-07-02
(유)영신태양광에너지,광주광역시 광산구 진곡산단1번로 43,광주광역시 광산구 오선동 566,,,옥상,정상가동,696,22900,60,2015,,2015-06-12,광주광역시 광산구청,,2025-07-02
신일ENG태양광발전소,광주광역시 광산구 평동로 1037,광주광역시 광산구 장록동 169-6,,,옥상,정상가동,84,380,60,2016,,2014-07-02,광주광역시 광산구청,,2025-07-02
에스제이에너지㈜양지태양광발전소,광주광역시 광산구 북문대로 651,광주광역시 광산구 수완동 266-22,,,옥상,정상가동,34.2,380,60,2015,,2015-06-16,광주광역시 광산구청,,2025-07-02
태광5호태양광발전소,광주광역시 광산구 하남산단10번로 109,광주광역시 광산구 안청동 729-10,,,기타,정상가동,99.44,380,60,2015,,2015-02-09,광주광역시 광산구청,,2025-07-02
골든캐슬태양광발전소,광주광역시 광산구 평동로 765-8,광주광역시 광산구 옥동 539-3,,,옥상,정상가동,37.8,380,60,2022,,2021-12-22,광주광역시 광산구청,,2025-07-02
케이에스솔라신성12호태양광발전소,광주광역시 광산구 평동로 803번길 151,광주광역시 광산구 옥동 878-8,,,옥상,정상가동,215,22900,60,2014,,2013-10-04,광주광역시 광산구청,,2025-07-02
남이태양광발전소,광주광역시 광산구 임곡로 677,광주광역시 광산구 안청동 275-9,,,옥상,정상가동,43.2,380,60,2015,,2015-07-01,광주광역시 광산구청,,2025-07-02
수연산업,광주광역시 광산구 우산천변길 67-17,광주광역시 광산구 우산동 218-5,,,옥상,정상가동,94.86,380,60,2015,,2015-07-01,광주광역시 광산구청,,2025-07-02
만복솔라태양광발전소,광주광역시 광산구 평동로 810,광주광역시 광산구 옥동 175-2,,,옥상,정상가동,74.88,380,60,2018,,2017-11-23,광주광역시 광산구청,,2025-07-02
한성태양광발전소,광주광역시 광산구 평동로 812,광주광역시 광산구 옥동 175-15,,,기타,정상가동,80,380,60,2018,,2018-07-16,광주광역시 광산구청,,2025-07-02
북광주태양광발전소,광주광역시 광산구 풍영정길 397,광주광역시 광산구 산월동 119-6,,,옥외,정상가동,14.04,380,60,2015,,2015-08-24,광주광역시 광산구청,,2025-07-02
명일태양광발전소,광주광역시 광산구 하남산단천변좌로 117,광주광역시 광산구 안청동 730-14,,,옥상,정상가동,95,380,60,2015,,2014-09-24,광주광역시 광산구청,,2025-07-02
부성에스엔티태양광발전소,광주광역시 광산구 평동로 831-13,,,,옥상,정상가동,168.75,380,60,2024,,2024-04-16,광주광역시 광산구청,,2025-07-02
하나태양광발전소,광주광역시 광산구 진곡산단5번로 60,광주광역시 광산구 진곡동 575,,,옥상,정상가동,147.56,380,60,2016,,2015-10-07,광주광역시 광산구청,,2025-07-02
부성2호태양광발전소,광주광역시 광산구 평동로 831-15,광주광역시 광산구 옥동 1241-3,,,옥상,정상가동,98.8,380,60,2014,,2014-08-07,광주광역시 광산구청,,2025-07-02
빛고을시민쏠라파워태양광발전소,광주광역시 광산구 광산로68번길 13,광주광역시 광산구 송정동 582-1,,,옥상,정상가동,19.84,380,60,2016,,2015-12-21,광주광역시 광산구청,,2025-07-02
진양태양광발전소,광주광역시 광산구 하남산단9번로 53,광주광역시 광산구 안청동 733-7,,,옥상,정상가동,99,380,60,2016,,2012-05-24,광주광역시 광산구청,,2025-07-02
진가투태양광발전소,광주광역시 광산구 임곡검정길 129,광주광역시 광산구 진곡동 89-6,,,옥상,정상가동,90.75,380,60,2016,,2016-01-21,광주광역시 광산구청,,2025-07-02
부성1호태양광발전소,광주광역시 광산구 평동로 831-15,광주광역시 광산구 옥동 1241-3,,,옥상,정상가동,98.8,380,60,2014,,2014-08-07,광주광역시 광산구청,,2025-07-02
진가태양광발전소,광주광역시 광산구 임곡검정길 129,광주광역시 광산구 진곡동 89-6,,,옥상,정상가동,141.08,380,60,2016,,2015-09-03,광주광역시 광산구청,,2025-07-02
정진유통태양광발전소,광주광역시 광산구 하남산단8번로 137-14,광주광역시 광산구 안청동 739-14,,,옥상,정상가동,96,380,60,2016,,2016-04-27,광주광역시 광산구청,,2025-07-02
세아태양광발전소,광주광역시 광산구 진곡산단5번로 57-5,광주광역시 광산구 진곡동 536,,,옥상,정상가동,297,380,60,2016,,2024-10-30,광주광역시 광산구청,,2025-07-02
진국 태양광발전소,광주광역시 광산구 평동로 831-8,광주광역시 광산구 옥동 1240-5,,,옥상,정상가동,198.9,380,60,2019,,2019-03-04,광주광역시 광산구청,,2025-07-02
진동 태양광발전소,광주광역시 광산구 왕버들로289번길 7,광주광역시 광산구 신창동 1136-2,,,옥상,정상가동,18.9,380,60,2016,,2016-05-03,광주광역시 광산구청,,2025-07-02
(주)빛고을메트로2호,광주광역시 광산구 연산로 288,광주광역시 광산구 옥동 125-26,,,옥상,정상가동,1645.39,22900,60,2016,,2016-02-26,광주광역시 광산구청,,2025-07-02
정형만1호태양광발전소,광주광역시 광산구 평동로 845,광주광역시 광산구 옥동 1240-3,,,옥상,정상가동,240.04,380,60,2018,,2018-02-01,광주광역시 광산구청,,2025-07-02
순풍 태양광발전소,광주광역시 광산구 산월로 29,광주광역시 광산구 월계동 851-21,,,옥상,정상가동,14.18,380,60,2016,,2016-06-27,광주광역시 광산구청,,2025-07-02
광주태양광발전소,광주광역시 광산구 평동로 853-7,광주광역시 광산구 옥동 1239-3,,,옥상,정상가동,50.15,380,60,2014,,2014-06-05,광주광역시 광산구청,,2025-07-02
고진수 태양광발전소,광주광역시 광산구 왕버들로 113-2,광주광역시 광산구 수완동 759,,,옥상,정상가동,39.6,380,60,2016,,2016-06-27,광주광역시 광산구청,,2025-07-02
에이스이앤지 태양광발전소,광주광역시 광산구 진곡산단중앙로 277,광주광역시 광산구 고룡동 962,,,옥상,정상가동,96,380,60,2016,,2016-06-01,광주광역시 광산구청,,2025-07-02
(주)빛고을메트로3호,광주광역시 광산구 평동로 870,광주광역시 광산구 월전동 51-23,,,옥상,정상가동,496,380,60,2016,,2016-02-26,광주광역시 광산구청,,2025-07-02
태경 태양광발전소,광주광역시 광산구 진곡산단3번로 71-23,광주광역시 광산구 진곡동 650,,,옥상,정상가동,18.3,380,60,2016,,2016-08-04,광주광역시 광산구청,,2025-07-02
글로벌태양광발전소,광주광역시 광산구 평동로735번길 16-10,,,,옥상,정상가동,22.05,380,60,2025,,2024-11-01,광주광역시 광산구청,,2025-07-02
문암 태양광발전소,광주광역시 광산구 진곡산단중앙로 274,광주광역시 광산구 고룡동 974,,,옥상,정상가동,190.65,380,60,2016,,2016-08-04,광주광역시 광산구청,,2025-07-02
(주)뉴해윤 태양광발전소,광주광역시 광산구 첨단중앙로152번길 5-15,광주광역시 광산구 쌍암동 655-5,,,옥상,정상가동,44.64,380,60,2016,,2016-08-19,광주광역시 광산구청,,2025-07-02
첨단 태양광발전소,광주광역시 광산구 첨단내촌로70번길 64-10,광주광역시 광산구 월계동 821-4,,,옥상,정상가동,17.64,380,60,2016,,2016-10-14,광주광역시 광산구청,,2025-07-02
영신 태양광발전소,광주광역시 광산구 용보로 27번길 49,광주광역시 광산구 송정동 425-23,,,옥상,정상가동,15,220,60,2016,,2016-09-19,광주광역시 광산구청,,2025-07-02
알텍태양광발전소,광주광역시 광산구 진곡산단중앙로 149,광주광역시 광산구 진곡동 612,,,옥상,정상가동,200.26,380,60,2016,,2016-10-14,광주광역시 광산구청,,2025-07-02
대유2호태양광발전소,광주광역시 광산구 소촌로123번길 40-16,광주광역시 광산구 소촌동 826,,,옥상,정상가동,225.6,380,60,2017,,2016-10-25,광주광역시 광산구청,,2025-07-02
우진산업 태양광발전소,광주광역시 광산구 진곡산단6번로 25-5,광주광역시 광산구 고룡동 976,,,옥상,정상가동,148.5,380,60,2017,,2016-10-31,광주광역시 광산구청,,2025-07-02
대명 태양광발전소,광주광역시 광산구 하남산단8번로 128,광주광역시 광산구 오선동 547-5,,,옥상,정상가동,246.24,380,60,2017,,2016-09-19,광주광역시 광산구청,,2025-07-02
대유1호태양광발전소,광주광역시 광산구 소촌로123번길 40-11,광주광역시 광산구 소촌동 822,,,옥상,정상가동,326.4,380,60,2017,,2016-10-25,광주광역시 광산구청,,2025-07-02
대유1호태양광발전소,광주광역시 광산구 소촌로123번길 40-11,광주광역시 광산구 소촌동 822,,,옥상,정상가동,700,22900,60,2017,,2016-10-25,광주광역시 광산구청,,2025-07-02
대유1호태양광발전소,광주광역시 광산구 소촌로123번길 40-17,광주광역시 광산구 소촌동 821,,,옥상,정상가동,326.4,380,60,2017,,2016-10-25,광주광역시 광산구청,,2025-07-02
더블유디태양광발전소,광주광역시 광산구 평동로735번길 16-3,,,,옥상,정상가동,28.35,380,60,2025,,2024-09-12,광주광역시 광산구청,,2025-07-02
도산 태양광발전소,광주광역시 광산구 송도로 173,광주광역시 광산구 도산동 836-5,,,옥상,정상가동,40,380,60,2017,,2016-12-08,광주광역시 광산구청,,2025-07-02
민영건설산업 태양광발전소,광주광역시 광산구 진곡산단4번로 31-9,광주광역시 광산구 진곡동 592,,,옥상,정상가동,99.2,380,60,2017,,2016-08-04,광주광역시 광산구청,,2025-07-02
모아 태양광발전소,광주광역시 광산구 하남산단5번로 73,광주광역시 광산구 장덕동 971-7,,,옥상,정상가동,96.48,380,60,2017,,2016-12-20,광주광역시 광산구청,,2025-07-02
딩동댕발전소,광주광역시 광산구 고내상길79번길 6,광주광역시 광산구 송정동 441-15,,,옥상,정상가동,18,380,60,2017,,2016-12-19,광주광역시 광산구청,,2025-07-02
광주시민햇빛발전소1호,광주광역시 광산구 진곡산단중앙로 55,광주광역시 광산구 오선동 573,,,옥상,정상가동,99.54,380,60,2017,,2016-05-18,광주광역시 광산구청,,2025-07-02
써니2호태양광발전소,광주광역시 광산구 북문대로 364-9,광주광역시 광산구 신창동 1083-6,,,옥상,정상가동,39.6,380,60,2017,,2017-02-10,광주광역시 광산구청,,2025-07-02
써니 태양광발전소,광주광역시 광산구 북문대로 364-17,광주광역시 광산구 신창동 1083-49,,,옥상,정상가동,43.2,380,60,2017,,2016-12-26,광주광역시 광산구청,,2025-07-02
더블유에이태양광발전소,광주광역시 광산구 평동로735번길 16-4,,,,옥상,정상가동,24.57,380,60,2025,,2024-09-12,광주광역시 광산구청,,2025-07-02
백광이엔지 태양광발전소,광주광역시 광산구 진곡산단중앙로 179,광주광역시 광산구 진곡동 599,,,옥상,정상가동,99,380,60,2017,,2017-01-11,광주광역시 광산구청,,2025-07-02
더블유씨태양광발전소,광주광역시 광산구 평동로735번길 16-5,,,,옥상,정상가동,27.09,380,60,2025,,2024-09-12,광주광역시 광산구청,,2025-07-02
제이태양광발전소,광주광역시 광산구 진곡산단3번로 71-15,광주광역시 광산구 진곡동 649,,,옥상,정상가동,299,380,60,2017,,2016-06-03,광주광역시 광산구청,,2025-07-02
흥국솔라테크태양광발전소,광주광역시 광산구 진곡산단3번로 41-14,광주광역시 광산구 진곡동 634,,,옥상,정상가동,96.5,380,60,2017,,2017-04-21,광주광역시 광산구청,,2025-07-02
에이치케이에너지태양광발전소,광주광역시 광산구 진곡산단5번로 1-20,광주광역시 광산구 진곡동 675,,,옥상,정상가동,992,22900,60,2017,,2017-02-02,광주광역시 광산구청,,2025-07-02
더블유에이치태양광발전소,광주광역시 광산구 평동로735번길 16-7,,,,옥상,정상가동,37.8,380,60,2025,,2024-09-12,광주광역시 광산구청,,2025-07-02
금정 태양광발전소,광주광역시 광산구 도천남길 44,광주광역시 광산구 도천동 352-22,,,옥외,정상가동,29.76,380,60,2017,,2016-10-31,광주광역시 광산구청,,2025-07-02
광신태양광발전소,광주광역시 광산구 하남산단7번로 91,광주광역시 광산구 오선동 547-12,,,옥상,정상가동,99.78,380,60,2017,,2024-11-25,광주광역시 광산구청,,2025-07-02
일진스포렉스태양광발전소,광주광역시 광산구 첨단중앙로106번길 60,광주광역시 광산구 월계동 892-2,,,옥상,정상가동,70,380,60,2017,,2016-12-20,광주광역시 광산구청,,2025-07-02
보경 태양광발전소,광주광역시 광산구 하남산단천변우로 20,광주광역시 광산구 도천동 622-8,,,옥상,정상가동,280.4,380,60,2017,,2016-11-10,광주광역시 광산구청,,2025-07-02
더블유에프태양광발전소,광주광역시 광산구 평동로735번길 16-7,,,,옥상,정상가동,22.05,380,60,2025,,2024-09-12,광주광역시 광산구청,,2025-07-02
KT신촌태양광발전소,광주광역시 광산구 본량신촌서길 37,광주광역시 광산구 동호동 755-15,,,옥상,정상가동,5.04,380,60,2017,,2017-06-28,광주광역시 광산구청,,2025-07-02
남선태양광발전소,광주광역시 광산구 진곡산단5번로 17-10,광주광역시 광산구 진곡동 496,,,옥상,정상가동,250,380,60,2017,,2017-05-23,광주광역시 광산구청,,2025-07-02
그린태양광발전소,광주광역시 광산구 진곡산단4번로 51-21,광주광역시 광산구 진곡동 579,,,옥상,정상가동,99,380,60,2017,,2017-06-16,광주광역시 광산구청,,2025-07-02
수현태양광발전소,광주광역시 광산구 상무대로 529-11,광주광역시 광산구 우산동 220-9,,,옥상,정상가동,91.12,380,60,2017,,2017-05-01,광주광역시 광산구청,,2025-07-02
수현태양광발전소,광주광역시 광산구 상무대로 529-11,광주광역시 광산구 우산동 220-9,,,옥상,정상가동,99,380,60,2017,,2017-05-01,광주광역시 광산구청,,2025-07-02
조광기계태양광발전소,광주광역시 광산구 소촌로149번길 37,광주광역시 광산구 소촌동 828,,,옥상,정상가동,200,380,60,2017,,2017-04-18,광주광역시 광산구청,,2025-07-02
하남해사랑태양광발전소,광주광역시 광산구 산정공원로 101,광주광역시 광산구 산정동 913,,,옥상,정상가동,217.14,380,60,2017,,2017-02-27,광주광역시 광산구청,,2025-07-02
영일ENG,광주광역시 광산구 진곡산단3번로 41-34,광주광역시 광산구 진곡동 568,,,옥상,정상가동,198,380,60,2017,,2017-05-23,광주광역시 광산구청,,2025-07-02
㈜아인건설(광주점),광주광역시 광산구 도천남길 41-23,광주광역시 광산구 도천동 355-5,,,옥상,정상가동,99.4,380,60,2017,,2017-05-16,광주광역시 광산구청,,2025-07-02
이오태양광발전소,,광주광역시 광산구 양동 221,,,옥외,정상가동,600,22900,60,2017,,2017-03-23,광주광역시 광산구청,,2025-07-02
서진에너지태양광발전소,광주광역시 광산구 진곡산단중앙로 250-3,광주광역시 광산구 고룡동 1006,,,옥상,정상가동,48.24,380,60,2017,,2017-06-16,광주광역시 광산구청,,2025-07-02
제이제이에스태양광발전소,광주광역시 광산구 월전로 53-2,광주광역시 광산구 월전동 1252-1,,,옥상,정상가동,100,380,60,2017,,2017-04-18,광주광역시 광산구청,,2025-07-02
신휘례태양광발전소,광주광역시 광산구 비아로34번길 54-9,광주광역시 광산구 비아동 683-2,,,옥상,정상가동,47.6,380,60,2017,,2014-10-21,광주광역시 광산구청,,2025-07-02
광영태양광발전소,광주광역시 광산구 하남산단1번로 107,광주광역시 광산구 하남동 509-23,,,옥상,정상가동,96.56,380,60,2017,,2017-07-10,광주광역시 광산구청,,2025-07-02
원태양광발전소,광주광역시 광산구 첨단중앙로170번길 20,광주광역시 광산구 쌍암동 662-1,,,옥상,정상가동,99,380,60,2017,,2024-10-29,광주광역시 광산구청,,2025-07-02
더블유지태양광발전소,광주광역시 광산구 평동로735번길 16-9,,,,옥상,정상가동,25.83,380,60,2025,,2024-11-01,광주광역시 광산구청,,2025-07-02
현진2태양광발전소,광주광역시 광산구 평동로735번길 30,,,,옥상,정상가동,29,380,60,2024,,2022-06-24,광주광역시 광산구청,,2025-07-02
엘림 태양광발전소,광주광역시 광산구 평동로735번길 36,광주광역시 광산구 옥동 628-1,,,옥상,정상가동,99.84,380,60,2020,,2019-03-27,광주광역시 광산구청,,2025-07-02
덕인태양광발전소,광주광역시 광산구 북문대로 364-23,광주광역시 광산구 신창동 1083-4,,,옥상,정상가동,85,380,60,2017,,2017-04-27,광주광역시 광산구청,,2025-07-02
원광발전소,광주광역시 광산구 평동로735번길 55-11,광주광역시 광산구 옥동 601,,,옥상,정상가동,29.63,380,60,2020,,2020-08-31,광주광역시 광산구청,,2025-07-02
우보태양광발전소,광주광역시 광산구 송도로85번길 25,광주광역시 광산구 도산동 1214-6,,,옥상,정상가동,99,380,60,2017,,2017-06-16,광주광역시 광산구청,,2025-07-02
케이엘태양광발전소,광주광역시 광산구 왕버들로208번길 27,광주광역시 광산구 수완동 1150,,,옥상,정상가동,99.2,380,60,2017,,2017-06-16,광주광역시 광산구청,,2025-07-02
선진태양광발전소,광주광역시 광산구 진곡산단3번로 1-10,광주광역시 광산구 진곡동 607,,,옥상,정상가동,233.92,380,60,2017,,2017-08-17,광주광역시 광산구청,,2025-07-02
모건태양광발전소,광주광역시 광산구 도천남길 64,광주광역시 광산구 도천동 352-16,,,옥상,정상가동,96.56,380,60,2017,,2017-09-11,광주광역시 광산구청,,2025-07-02
효광태양광,광주광역시 광산구 진곡산단3번로 59-6,광주광역시 광산구 진곡동 646,,,옥상,정상가동,249.22,380,60,2017,,2017-07-31,광주광역시 광산구청,,2025-07-02
기현정밀 태양광발전소,광주광역시 광산구 평동로735번길 83,광주광역시 광산구 용동 210-4,,,옥상,정상가동,29.6,380,60,2019,,2019-07-11,광주광역시 광산구청,,2025-07-02
수한태양광발전소,광주광역시 광산구 평동로800번길 86,,,,옥상,정상가동,90.6,380,60,2024,,2023-12-19,광주광역시 광산구청,,2025-07-02
우뢰태양광발전소,광주광역시 광산구 북문대로 383-24,광주광역시 광산구 신창동 1075-6,,,옥상,정상가동,59.4,380,60,2017,,2017-09-04,광주광역시 광산구청,,2025-07-02
연옥태양광발전소,광주광역시 광산구 평동로800번길 87,광주광역시 광산구 옥동 123-11,,,옥상,정상가동,30,380,60,2023,,2022-09-21,광주광역시 광산구청,,2025-07-02
프린팅포유태양광발전소,광주광역시 광산구 진곡산단4번로 51-15,광주광역시 광산구 진곡동 580,,,옥상,정상가동,57.6,380,60,2017,,2017-08-14,광주광역시 광산구청,,2025-07-02
충열태양광발전소,광주광역시 광산구 월석복만길 399,광주광역시 광산구 양동 143,,,옥상,정상가동,99,380,60,2017,,2017-09-04,광주광역시 광산구청,,2025-07-02
동광기업태양광발전소,광주광역시 광산구 진곡산단4번로 31-32,광주광역시 광산구 진곡동 587,,,옥상,정상가동,280,380,60,2017,,2017-09-04,광주광역시 광산구청,,2025-07-02
연우1호태양광발전소,광주광역시 광산구 진곡산단5번로 17-20,광주광역시 광산구 진곡동 494,,,옥상,정상가동,99.4,380,60,2017,,2017-10-13,광주광역시 광산구청,,2025-07-02
연우태양광발전소,광주광역시 광산구 진곡산단5번로 17-20,광주광역시 광산구 진곡동 494,,,옥상,정상가동,196.56,380,60,2017,,2017-06-16,광주광역시 광산구청,,2025-07-02
플라텔태양광발전소,광주광역시 광산구 평동로803번길 110,광주광역시 광산구 옥동 880-6,,,옥상,정상가동,1000,22900,60,2019,,2018-08-03,광주광역시 광산구청,,2025-07-02
태현1호태양광발전소,광주광역시 광산구 평동로803번길 111,,,,옥상,정상가동,99.6,380,60,2024,,2024-05-24,광주광역시 광산구청,,2025-07-02
광주시민햇빛발전소2호,광주광역시 광산구 내등길 16,광주광역시 광산구 등임동 396,,,옥상,정상가동,20.47,380,60,2017,,2017-08-14,광주광역시 광산구청,,2025-07-02
태현2호태양광발전소,광주광역시 광산구 평동로803번길 111,,,,옥상,정상가동,52.92,380,60,2024,,2024-05-24,광주광역시 광산구청,,2025-07-02
일진스포렉스태양광발전소,광주광역시 광산구 임방울대로 611-30,광주광역시 광산구 도천동 122-1,,,옥상,정상가동,99,380,60,2017,,2016-12-20,광주광역시 광산구청,,2025-07-02
아이제이태양광발전소,광주광역시 광산구 임방울대로 611-28,광주광역시 광산구 도천동 122-19,,,옥상,정상가동,99,380,60,2017,,2017-09-04,광주광역시 광산구청,,2025-07-02
원레이저태양광발전소,광주광역시 광산구 하남산단7번로 145,광주광역시 광산구 오선동 548-21,,,옥상,정상가동,99,380,60,2017,,2017-08-21,광주광역시 광산구청,,2025-07-02
에코쏠라태양광발전소,광주광역시 광산구 원두로 63-1,광주광역시 광산구 월전동 1228,,,옥상,정상가동,59.4,380,60,2017,,2017-06-08,광주광역시 광산구청,,2025-07-02
백광이엔지태양광발전소,광주광역시 광산구 진곡산단중앙로 179,광주광역시 광산구 진곡동 599,,,옥상,정상가동,123.42,380,60,2018,,2017-11-03,광주광역시 광산구청,,2025-07-02
삼성 태양광발전소,광주광역시 광산구 북문대로 567,광주광역시 광산구 수완동 32-1,,,기타,정상가동,60,380,60,2018,,2016-06-15,광주광역시 광산구청,,2025-07-02
반도태양광발전소,광주광역시 광산구 평동로803번길 117-23,,,,옥상,정상가동,95.7,380,60,2025,,2022-08-23,광주광역시 광산구청,,2025-07-02
(주)태형솔루션태양광발전소,광주광역시 광산구 진곡산단2번로 1-28,광주광역시 광산구 오선동 591,,,옥상,정상가동,295.47,380,60,2018,,2017-06-16,광주광역시 광산구청,,2025-07-02
베이스디태양광발전소,광주광역시 광산구 기곡길 139-4,광주광역시 광산구 용곡동 589,,,옥상,정상가동,54.4,380,60,2018,,2017-09-11,광주광역시 광산구청,,2025-07-02
에스시테크태양광,광주광역시 광산구 평동로803번길 117-26,,,,옥상,정상가동,247.5,380,60,2024,,2024-06-26,광주광역시 광산구청,,2025-07-02
지우태양광발전소,광주광역시 광산구 임곡로 604,광주광역시 광산구 안청동 727-11,,,옥상,정상가동,98.8,380,60,2018,,2017-11-01,광주광역시 광산구청,,2025-07-02
㈜미성산업태양광발전소,광주광역시 광산구 평동로803번길 117-34,광주광역시 광산구 용동 668-11,,,옥상,정상가동,99,380,60,2014,,2013-12-20,광주광역시 광산구청,,2025-07-02
신성테크태양광발전소,광주광역시 광산구 진곡산단중앙로 42,광주광역시 광산구 오선동 572,,,옥상,정상가동,494.46,380,60,2018,,2017-06-30,광주광역시 광산구청,,2025-07-02
대유5호태양광발전소,광주광역시 광산구 소촌로123번길 40-12,광주광역시 광산구 소촌동 825,,,옥상,정상가동,148.5,380,60,2018,,2017-09-14,광주광역시 광산구청,,2025-07-02
에어패스태양광발전소,광주광역시 광산구 진곡산단4번로 67-27,광주광역시 광산구 진곡동 564,,,옥상,정상가동,249.21,380,60,2018,,2017-05-23,광주광역시 광산구청,,2025-07-02
산들요양병원태양광발전소,광주광역시 광산구 풍영정길 227-1,광주광역시 광산구 신창동 1094-4,,,옥상,정상가동,198.8,380,60,2018,,2017-11-08,광주광역시 광산구청,,2025-07-02
파워풀태양광발전소,광주광역시 광산구 삼도지정길 63,광주광역시 광산구 지평동 691,,,옥상,정상가동,18.7,380,60,2018,,2017-10-25,광주광역시 광산구청,,2025-07-02
라미솔라광주FS1기태양광발전소,광주광역시 광산구 하남산단9번로 126,광주광역시 광산구 안청동 738-3,,,옥상,정상가동,683.1,22900,60,2018,,2019-03-26,광주광역시 광산구청,,2025-07-02
대성하이텍태양광발전소,광주광역시 광산구 임곡로 612,광주광역시 광산구 안청동 727-8,,,옥상,정상가동,99.2,380,60,2018,,2017-12-11,광주광역시 광산구청,,2025-07-02
대유3호태양광발전소,광주광역시 광산구 소촌로123번길 40-21,광주광역시 광산구 소촌동 820,,,옥상,정상가동,187.2,380,60,2018,,2017-09-14,광주광역시 광산구청,,2025-07-02
대유4호태양광발전소,광주광역시 광산구 소촌로123번길 40-11,광주광역시 광산구 소촌동 822,,,옥상,정상가동,214.2,380,60,2018,,2017-09-14,광주광역시 광산구청,,2025-07-02
일광테크태양광발전소,광주광역시 광산구 평동로803번길 117-34,광주광역시 광산구 용동 668-11,,,옥상,정상가동,99.2,380,60,2023,,2023-06-07,광주광역시 광산구청,,2025-07-02
금경태양광발전소,광주광역시 광산구 진곡산단4번로 26,광주광역시 광산구 진곡동 625,,,옥상,정상가동,299.88,380,60,2018,,2017-12-15,광주광역시 광산구청,,2025-07-02
하이테크태양광발전소,광주광역시 광산구 하남산단8번로 100,광주광역시 광산구 오선동 547-3,,,옥상,정상가동,312.12,380,60,2018,,2017-06-29,광주광역시 광산구청,,2025-07-02
제이에이치태양광발전소,광주광역시 광산구 임곡로 32-3,광주광역시 광산구 임곡동 131-4,,,기타,정상가동,99,380,60,2018,,2018-01-04,광주광역시 광산구청,,2025-07-02
다산태양광발전소,광주광역시 광산구 용아로 534-34,광주광역시 광산구 장덕동 985-11,,,옥상,정상가동,150,380,60,2018,,2017-09-18,광주광역시 광산구청,,2025-07-02
정동태양광발전소,광주광역시 광산구 장신로19번안길 9-3,광주광역시 광산구 장덕동 1438,,,옥상,정상가동,17.82,380,60,2018,,2017-12-11,광주광역시 광산구청,,2025-07-02
유신테크태양광발전소,광주광역시 광산구 하남산단천변우로 126-2,광주광역시 광산구 도천동 619-22,,,옥상,정상가동,64.6,380,60,2018,,2018-04-20,광주광역시 광산구청,,2025-07-02
일신에너지㈜광주,광주광역시 광산구 국룡길 198-1,광주광역시 광산구 송학동 520-23,,,옥상,정상가동,50,380,60,2018,,2017-12-18,광주광역시 광산구청,,2025-07-02
팔도태양광발전소,광주광역시 광산구 하남대로 390-80,광주광역시 광산구 신가동 200-63,,,옥상,정상가동,45.36,380,60,2018,,2017-11-01,광주광역시 광산구청,,2025-07-02
㈜HK공장태양광발전소,광주광역시 광산구 소촌로123번길 14-19,광주광역시 광산구 소촌동 830,,,옥상,정상가동,663.97,22900,60,2018,,2017-07-25,광주광역시 광산구청,,2025-07-02
박선주태양광발전소,광주광역시 광산구 도천남길 64,광주광역시 광산구 도천동 352-16,,,옥외,정상가동,45.22,380,60,2018,,2019-12-24,광주광역시 광산구청,,2025-07-02
박선주태양광발전소,광주광역시 광산구 도천남길 64,광주광역시 광산구 도천동 352-16,,,옥외,정상가동,51.68,380,60,2018,,2019-12-24,광주광역시 광산구청,,2025-07-02
지엘태양광2호,광주광역시 광산구 손재로 257-15,광주광역시 광산구 하남동 503-10,,,옥상,정상가동,195.84,380,60,2018,,2017-12-15,광주광역시 광산구청,,2025-07-02
지케이엠알오 태양광발전소,광주광역시 광산구 진곡산단3번로 25,광주광역시 광산구 진곡동 619,,,옥상,정상가동,489.57,380,60,2018,,2021-02-24,광주광역시 광산구청,,2025-07-02
(주)호원하남공장태양광발전소,광주광역시 광산구 용아로 548,광주광역시 광산구 장덕동 984-1,,,옥상,정상가동,2895.17,22900,60,2018,,2017-09-27,광주광역시 광산구청,,2025-07-02
㈜와이디산업태양광발전소,광주광역시 광산구 평동로803번길 117-42,광주광역시 광산구 용동 668-10,,,옥상,정상가동,199,380,60,2019,,2018-06-28,광주광역시 광산구청,,2025-07-02
대륙태양광발전소,광주광역시 광산구 첨단중앙로152번길 13,광주광역시 광산구 쌍암동 659-5,,,옥상,정상가동,50.4,380,60,2018,,2017-11-16,광주광역시 광산구청,,2025-07-02
동양태양광발전소,광주광역시 광산구 진곡산단3번로 71-11,광주광역시 광산구 진곡동 648,,,옥상,정상가동,199.68,380,60,2018,,2016-06-03,광주광역시 광산구청,,2025-07-02
정형만2호태양광발전소,광주광역시 광산구 하남산단천변좌로 63-10,광주광역시 광산구 안청동 739-40,,,옥상,정상가동,195.84,380,60,2018,,2018-02-01,광주광역시 광산구청,,2025-07-02
우주열부태양광발전소,광주광역시 광산구 평동로803번길 117-74,광주광역시 광산구 용동 668-27,,,옥상,정상가동,80.64,380,60,2022,,2021-07-08,광주광역시 광산구청,,2025-07-02
광성에코태양광발전소,광주광역시 광산구 체암로 1810-9,광주광역시 광산구 삼거동 264,,,옥상,정상가동,99.9,380,60,2018,,2017-09-14,광주광역시 광산구청,,2025-07-02
㈜은하산업태양광발전소,광주광역시 광산구 하남산단1번로 79,광주광역시 광산구 하남동 506-5,,,옥상,정상가동,289.44,380,60,2018,,2018-01-12,광주광역시 광산구청,,2025-07-02
(주)현대하이텍태양광발전소,광주광역시 광산구 하남산단6번로 47 외,광주광역시 광산구 오선동 270-105,,,옥상,정상가동,1385.56,22900,60,2018,,2017-09-20,광주광역시 광산구청,,2025-07-02
테폴태양광발전소,광주광역시 광산구 풍영정길 391,광주광역시 광산구 산월동 868-11,,,기타,정상가동,97.92,380,60,2018,,2018-03-21,광주광역시 광산구청,,2025-07-02
태진철강태양광발전소,광주광역시 광산구 진곡산단5번로 57-9,광주광역시 광산구 진곡동 537,,,옥상,정상가동,299.52,380,60,2018,,2021-04-21,광주광역시 광산구청,,2025-07-02
지성산업태양광발전소,광주광역시 광산구 평동로803번길 117-90,광주광역시 광산구 용동 668-18,,,옥상,정상가동,149.8,380,60,2021,,2021-07-23,광주광역시 광산구청,,2025-07-02
지엘태양광1호,광주광역시 광산구 진곡산단4번로 45,광주광역시 광산구 진곡동 583,,,옥상,정상가동,447.12,380,60,2018,,2017-12-15,광주광역시 광산구청,,2025-07-02
에스에이치태양광발전소,광주광역시 광산구 평동로803번길 141,광주광역시 광산구 옥동 878-15,,,옥상,정상가동,199.8,380,60,2019,,2018-07-10,광주광역시 광산구청,,2025-07-02
근정솔류션태양광발전소,광주광역시 광산구 평동로803번길 146-10,광주광역시 광산구 옥동 879-19,,,옥상,정상가동,99,380,60,2015,,2015-01-02,광주광역시 광산구청,,2025-07-02
상일하이텍태양광발전소,광주광역시 광산구 평동로803번길 146-13,광주광역시 광산구 옥동 879-8,,,옥상,정상가동,199.8,380,60,2018,,2017-09-18,광주광역시 광산구청,,2025-07-02
태을태양광발전소,광주광역시 광산구 월봉반월길 228,광주광역시 광산구 산월동 860-1,,,기타,정상가동,97.92,380,60,2018,,2018-01-18,광주광역시 광산구청,,2025-07-02
대연태양광발전소,광주광역시 광산구 월봉반월길 210,광주광역시 광산구 산월동 860-8,,,기타,정상가동,40.32,380,60,2018,,2018-01-18,광주광역시 광산구청,,2025-07-02
대광태양광발전소,광주광역시 광산구 북문대로 363-136,광주광역시 광산구 신창동 1063-3,,,기타,정상가동,99.75,380,60,2018,,2018-02-23,광주광역시 광산구청,,2025-07-02
씨엠테크태양광발전소,광주광역시 광산구 평동로803번길 146-14,광주광역시 광산구 옥동 879-11,,,옥상,정상가동,240.3,380,60,2022,,2022-01-20,광주광역시 광산구청,,2025-07-02
임곡농협태양광발전소,광주광역시 광산구 고봉로 807,광주광역시 광산구 임곡동 780,,,옥상,정상가동,49.28,380,60,2018,,2018-02-23,광주광역시 광산구청,,2025-07-02
와이케이7호태양광발전소,광주광역시 광산구 하남산단9번로 187,광주광역시 광산구 도천동 620-7,,,옥상,정상가동,444.36,380,60,2018,,2018-01-30,광주광역시 광산구청,,2025-07-02
와이케이7호태양광발전소,광주광역시 광산구 하남산단9번로 187,광주광역시 광산구 도천동 620-7,,,옥상,정상가동,611.1,22900,60,2018,,2018-01-30,광주광역시 광산구청,,2025-07-02
진건1호태양광발전소,광주광역시 광산구 평동로803번길 147,광주광역시 광산구 옥동 878-9,,,옥상,정상가동,210,380,60,2023,,2023-06-27,광주광역시 광산구청,,2025-07-02
㈜영창이앤이태양광발전소,광주광역시 광산구 평동로803번길 162,광주광역시 광산구 옥동 879-21,,,옥상,정상가동,440,380,60,2018,,2018-02-21,광주광역시 광산구청,,2025-07-02
해양도시가스태양광발전소,광주광역시 광산구 손재로287번길 59,광주광역시 광산구 하남동 500-3,,,옥상,정상가동,269.62,380,60,2018,,2018-04-19,광주광역시 광산구청,,2025-07-02
이일솔라태양광발전소,광주광역시 광산구 평동로803번길 163,광주광역시 광산구 옥동 878-5,,,옥상,정상가동,99,380,60,2015,,2015-02-09,광주광역시 광산구청,,2025-07-02
창원솔라태양광발전소,광주광역시 광산구 평동로803번길 163,광주광역시 광산구 옥동 878-5,,,옥상,정상가동,99,380,60,2015,,2015-02-09,광주광역시 광산구청,,2025-07-02
JIN2태양광발전소,광주광역시 광산구 평동로803번길 31,광주광역시 광산구 옥동 1233-8,,,옥상,정상가동,439.9,380,60,2023,,2022-05-24,광주광역시 광산구청,,2025-07-02
에이치케이이엔지3호태양광발전소,광주광역시 광산구 진곡산단5번로 5,광주광역시 광산구 진곡동 490,,,옥상,정상가동,499.41,380,60,2018,,2020-08-26,광주광역시 광산구청,,2025-07-02
성우태양광발전소,광주광역시 광산구 진곡산단3번로 59-40,광주광역시 광산구 진곡동 641,,,옥상,정상가동,434.16,380,60,2018,,2018-05-03,광주광역시 광산구청,,2025-07-02
고려와이어 태양광발전소,광주광역시 광산구 진곡산단4번로 31-8,광주광역시 광산구 진곡동 584,,,옥상,정상가동,183.6,380,60,2018,,2018-04-23,광주광역시 광산구청,,2025-07-02
삼구에너지태양광발전소,광주광역시 광산구 월석복만길 207,광주광역시 광산구 양동 221-1,,,옥외,정상가동,699.52,22900,60,2018,,2018-02-23,광주광역시 광산구청,,2025-07-02
호연태양광발전소,광주광역시 광산구 우산천변길 67-30,광주광역시 광산구 우산동 217-58,,,기타,정상가동,52.02,380,60,2018,,2017-12-15,광주광역시 광산구청,,2025-07-02
(유)에이치케이솔라태양광발전소,광주광역시 광산구 진곡산단5번로 25,광주광역시 광산구 진곡동 498,,,옥상,정상가동,148.92,380,60,2018,,2018-05-03,광주광역시 광산구청,,2025-07-02
파이엘엔지니어링,광주광역시 광산구 진곡산단3번로 41-30,광주광역시 광산구 진곡동 629,,,옥상,정상가동,155.52,380,60,2018,,2016-01-25,광주광역시 광산구청,,2025-07-02
한태양광발전소,광주광역시 광산구 하남산단3번로 126-9,광주광역시 광산구 장덕동 992-25,,,옥상,정상가동,249.78,380,60,2018,,2018-05-09,광주광역시 광산구청,,2025-07-02
유원프라스틱태양광발전소,광주광역시 광산구 평동로803번길 41,,,,옥상,정상가동,144,380,60,2024,,2023-05-02,광주광역시 광산구청,,2025-07-02
재원테크4호태양광발전소,광주광역시 광산구 진곡산단5번로 43-3,광주광역시 광산구 진곡동 518,,,옥상,정상가동,275.94,380,60,2018,,2018-06-21,광주광역시 광산구청,,2025-07-02
하비비태양광발전소,광주광역시 광산구 수등로243번길 20-15,광주광역시 광산구 신가동 984-14,,,옥상,정상가동,16.2,380,60,2018,,2018-06-21,광주광역시 광산구청,,2025-07-02
㈜샵테크,광주광역시 광산구 평동로803번길 43-11,광주광역시 광산구 옥동 1233-14,,,옥상,정상가동,99.28,380,60,2019,,2018-08-03,광주광역시 광산구청,,2025-07-02
㈜신라에프에이태양광발전소,광주광역시 광산구 하남산단4번로 131-16,광주광역시 광산구 장덕동 974-4,,,옥상,정상가동,375.84,380,60,2018,,2018-05-09,광주광역시 광산구청,,2025-07-02
세움태양광발전소,광주광역시 광산구 풍영정길 393-1,광주광역시 광산구 산월동 866-10,,,기타,정상가동,97.2,380,60,2018,,2018-07-16,광주광역시 광산구청,,2025-07-02
한스정밀태양광발전소,광주광역시 광산구 진곡산단3번로 59-18,광주광역시 광산구 진곡동 644,,,옥상,정상가동,249.3,380,60,2018,,2018-06-28,광주광역시 광산구청,,2025-07-02
이레 태양광발전소,광주광역시 광산구 평동로803번길 43-13,광주광역시 광산구 옥동 1233-14,,,옥상,정상가동,138.6,380,60,2021,,2020-09-09,광주광역시 광산구청,,2025-07-02
새한태양광발전소,광주광역시 광산구 박호등임로 581,광주광역시 광산구 등임동 19-12,,,옥상,정상가동,50,380,60,2018,,2018-06-21,광주광역시 광산구청,,2025-07-02
쌍암태양광발전소,광주광역시 광산구 첨단중앙로152번길 52,광주광역시 광산구 쌍암동 668-5,,,옥상,정상가동,43.2,380,60,2018,,2018-06-04,광주광역시 광산구청,,2025-07-02
아진태양광발전소,광주광역시 광산구 송도로 260,광주광역시 광산구 송정동 258-50,,,옥상,정상가동,19.72,380,60,2018,,2015-05-12,광주광역시 광산구청,,2025-07-02
아진정공태양광발전소,광주광역시 광산구 진곡산단4번로 51-12,광주광역시 광산구 진곡동 570,,,옥상,정상가동,149.65,380,60,2018,,2018-06-28,광주광역시 광산구청,,2025-07-02
㈜삼오텍태양광발전소,광주광역시 광산구 하남산단2번로 9,광주광역시 광산구 하남동 504-2,,,옥상,정상가동,235.84,380,60,2018,,2017-09-27,광주광역시 광산구청,,2025-07-02
디케이태양광,광주광역시 광산구 임곡로 425-29,광주광역시 광산구 고룡동 1000,,,옥상,정상가동,197.6,380,60,2018,,2018-03-23,광주광역시 광산구청,,2025-07-02
한울 태양광발전소,광주광역시 광산구 평동로803번길 43-21,광주광역시 광산구 옥동 1233-2,,,옥상,정상가동,99.82,380,60,2021,,2019-11-19,광주광역시 광산구청,,2025-07-02
R.H태양광발전소,광주광역시 광산구 고봉로506번길 53,광주광역시 광산구 고룡동 877-1,,,옥상,정상가동,99.72,380,60,2018,,2018-06-12,광주광역시 광산구청,,2025-07-02
충주박씨남성동문중 태양광발전소,광주광역시 광산구 소촌로152번길 1,광주광역시 광산구 소촌동 752-25,,,옥상,정상가동,39.06,380,60,2018,,2016-11-01,광주광역시 광산구청,,2025-07-02
다솜태양광발전소,광주광역시 광산구 신가삼효로 22-14,광주광역시 광산구 신가동 977-5,,,옥상,정상가동,14.84,380,60,2018,,2018-06-28,광주광역시 광산구청,,2025-07-02
에스에이치쏠라태양광발전소,광주광역시 광산구 진곡산단중앙로 163,광주광역시 광산구 진곡동 601,,,옥상,정상가동,447.14,380,60,2018,,2018-06-26,광주광역시 광산구청,,2025-07-02
해오름그린파워태양광발전소,광주광역시 광산구 비아중앙로 79,광주광역시 광산구 비아동 162-3,,,옥상,정상가동,260.48,380,60,2018,,2018-07-16,광주광역시 광산구청,,2025-07-02
일신2호태양광발전소,광주광역시 광산구 도천남길 38-26,광주광역시 광산구 도천동 350-5,,,옥상,정상가동,93.24,380,60,2018,,2018-01-12,광주광역시 광산구청,,2025-07-02
국영태양광발전소,광주광역시 광산구 상무대로 529-26,광주광역시 광산구 우산동 218-39,,,옥상,정상가동,43.12,380,60,2018,,2018-07-16,광주광역시 광산구청,,2025-07-02
서광태양광발전소,광주광역시 광산구 북문대로 341-10,광주광역시 광산구 신창동 1089-16,,,기타,정상가동,403.2,380,60,2018,,2018-07-16,광주광역시 광산구청,,2025-07-02
피에스태양광발전소,광주광역시 광산구 수남길 3,광주광역시 광산구 장수동 424,,,옥상,정상가동,188.7,380,60,2018,,2018-04-19,광주광역시 광산구청,,2025-07-02
정밀태양광발전소,광주광역시 광산구 하남산단3번로 126-3,광주광역시 광산구 장덕동 992-27,,,옥상,정상가동,98.28,380,60,2018,,2018-02-21,광주광역시 광산구청,,2025-07-02
건우기업4,광주광역시 광산구 상무대로 97,광주광역시 광산구 도산동 1218-54,,,옥상,정상가동,49.98,380,60,2018,,2018-07-16,광주광역시 광산구청,,2025-07-02
아람태양광발전소,광주광역시 광산구 평동로803번길 43-29,광주광역시 광산구 옥동 1233-1,,,옥상,정상가동,98.56,380,60,2015,,2014-10-17,광주광역시 광산구청,,2025-07-02
제이티태양광발전소,광주광역시 광산구 풍영정길 297-63,광주광역시 광산구 신창동 25-1,,,기타,정상가동,99,380,60,2018,,2018-07-02,광주광역시 광산구청,,2025-07-02
주현,광주광역시 광산구 진곡산단3번로 41-36,광주광역시 광산구 진곡동 627,,,옥상,정상가동,197.1,380,60,2018,,2018-10-01,광주광역시 광산구청,,2025-07-02
장호에너지,광주광역시 광산구 손재로 392,광주광역시 광산구 오선동 273-22,,,옥상,정상가동,999.81,22900,60,2018,,2018-09-07,광주광역시 광산구청,,2025-07-02
세일태양광발전소,광주광역시 광산구 하남산단6번로 21-13,광주광역시 광산구 오선동 270-46,,,옥상,정상가동,141.12,380,60,2018,,2018-06-21,광주광역시 광산구청,,2025-07-02
오성태양광발전소,광주광역시 광산구 평동로803번길 43-8,광주광역시 광산구 옥동 1232-9,,,옥상,정상가동,298.08,380,60,2018,,2024-11-13,광주광역시 광산구청,,2025-07-02
엔와이발전,광주광역시 광산구 평동로803번길 46,,,,옥상,정상가동,999.37,22900,60,2024,,2021-08-20,광주광역시 광산구청,,2025-07-02
보광 태양광발전소,광주광역시 광산구 평동로803번길 49,광주광역시 광산구 옥동 1232-10,,,옥상,정상가동,90.48,380,60,2020,,2019-10-01,광주광역시 광산구청,,2025-07-02
화진 태양광발전소,광주광역시 광산구 평동로803번길 80,광주광역시 광산구 옥동 881-14,,,옥상,정상가동,298.8,380,60,2019,,2019-06-18,광주광역시 광산구청,,2025-07-02
삼호태양광발전소,광주광역시 광산구 임곡로 425-25,광주광역시 광산구 고룡동 999,,,옥상,정상가동,290.78,380,60,2018,,2024-11-14,광주광역시 광산구청,,2025-07-02
무등스크린,광주광역시 광산구 손재로 368-61,광주광역시 광산구 오선동 273-7,,,옥상,정상가동,433.62,380,60,2019,,2018-07-16,광주광역시 광산구청,,2025-07-02
세아태양광발전소,광주광역시 광산구 하남산단8번로 120,광주광역시 광산구 오선동 547-24,,,옥상,정상가동,155.52,380,60,2019,,2024-10-30,광주광역시 광산구청,,2025-07-02
태림 태양광발전소,광주광역시 광산구 평동로803번길 83,광주광역시 광산구 용동 670-21,,,옥상,정상가동,149.4,380,60,2020,,2019-10-16,광주광역시 광산구청,,2025-07-02
준성테크태양광발전소,광주광역시 광산구 진곡산단3번로 41-17,광주광역시 광산구 진곡동 621,,,옥상,정상가동,99.28,380,60,2019,,2018-05-24,광주광역시 광산구청,,2025-07-02
성빈시스템태양광발전소,광주광역시 광산구 진곡산단3번로 41-17,광주광역시 광산구 진곡동 621,,,옥상,정상가동,97.92,380,60,2019,,2021-03-23,광주광역시 광산구청,,2025-07-02
대진ENG태양광발전소,광주광역시 광산구 하남산단3번로 130,광주광역시 광산구 장덕동 992-29,,,옥상,정상가동,70,380,60,2019,,2018-08-03,광주광역시 광산구청,,2025-07-02
에이치디에스태양광발전소,광주광역시 광산구 평동로803번길 83-10,광주광역시 광산구 용동 670-19,,,옥상,정상가동,199.52,380,60,2023,,2022-07-05,광주광역시 광산구청,,2025-07-02
부영태양광발전소,광주광역시 광산구 임곡로 399-30,광주광역시 광산구 고룡동 1031,,,옥상,정상가동,341.55,380,60,2019,,2018-10-08,광주광역시 광산구청,,2025-07-02
엔터태양광발전소,광주광역시 광산구 평동로803번길 83-19,광주광역시 광산구 용동 671-4,,,옥상,정상가동,297.36,380,60,2019,,2018-11-23,광주광역시 광산구청,,2025-07-02
광일태양광주식회사,광주광역시 광산구 손재로 382,광주광역시 광산구 오선동 273-11,,,옥상,정상가동,992.8,22900,60,2019,,2018-08-23,광주광역시 광산구청,,2025-07-02
다솜2호태양광발전소,광주광역시 광산구 평동로803번길 83-21,광주광역시 광산구 용동 671-3,,,옥상,정상가동,99.36,380,60,2022,,2021-08-06,광주광역시 광산구청,,2025-07-02
송죽에너지태양광발전소,,광주광역시 광산구 덕림동 1073-6,,,옥외,정상가동,660,22900,60,2019,,2017-09-04,광주광역시 광산구청,,2025-07-02
다솜1호태양광발전소,광주광역시 광산구 평동로803번길 83-21,광주광역시 광산구 용동 671-3,,,옥상,정상가동,95.04,380,60,2022,,2021-08-06,광주광역시 광산구청,,2025-07-02
신창한빛태양광발전소,광주광역시 광산구 북문대로 341-60,광주광역시 광산구 신창동 1090-22,,,옥상,정상가동,287.43,380,60,2019,,2018-12-17,광주광역시 광산구청,,2025-07-02
DS쏠라태양광발전소,광주광역시 광산구 평동로803번길 83-38,광주광역시 광산구 용동 670-1,,,옥상,정상가동,498.48,380,60,2017,,2017-06-23,광주광역시 광산구청,,2025-07-02
(유)유성에너지태양광발전소,,광주광역시 광산구 양동 208,,,옥외,정상가동,249.6,380,60,2019,,2018-06-21,광주광역시 광산구청,,2025-07-02
에스비엘2호태양광발전소,광주광역시 광산구 평동로803번길 83-5,광주광역시 광산구 용동 671-10,,,옥상,정상가동,99.71,380,60,2023,,2023-05-19,광주광역시 광산구청,,2025-07-02
서윤테크태양광발전소,광주광역시 광산구 진곡산단3번로 41-17,광주광역시 광산구 진곡동 621,,,옥상,정상가동,789.12,22900,60,2019,,2018-05-15,광주광역시 광산구청,,2025-07-02
주식회사케이알엔티,광주광역시 광산구 하남산단8번로 35-1,광주광역시 광산구 안청동 735-9,,,옥상,정상가동,294.84,380,60,2019,,2018-11-01,광주광역시 광산구청,,2025-07-02
(유)신평에너지태양광발전소,,광주광역시 광산구 양동 215,,,옥외,정상가동,99.28,380,60,2019,,2018-09-07,광주광역시 광산구청,,2025-07-02
(유)신봉에너지태양광발전소,,광주광역시 광산구 양동 215-1,,,옥외,정상가동,99.2,380,60,2019,,2018-09-07,광주광역시 광산구청,,2025-07-02
에스비엘1호태양광발전소,광주광역시 광산구 평동로803번길 83-5,광주광역시 광산구 용동 671-10,,,옥상,정상가동,99.71,380,60,2023,,2023-05-19,광주광역시 광산구청,,2025-07-02
MR태양광발전소,광주광역시 광산구 소촌로85번길 40-26,광주광역시 광산구 소촌동 855,,,옥상,정상가동,498.22,380,60,2019,,2018-11-01,광주광역시 광산구청,,2025-07-02
루벨태양광발전소,광주광역시 광산구 장신로 81,광주광역시 광산구 장덕동 1297,,,옥상,정상가동,499.32,380,60,2019,,2018-10-16,광주광역시 광산구청,,2025-07-02
예당태양광발전소,,광주광역시 광산구 양동 196,,,옥외,정상가동,399.6,380,60,2019,,2018-06-21,광주광역시 광산구청,,2025-07-02
효동태양광발전소,광주광역시 광산구 평동로803번길 83-8,,,,옥상,정상가동,350,380,60,2025,,2022-07-05,광주광역시 광산구청,,2025-07-02
패밀리태양광발전소,광주광역시 광산구 임곡로 425-21,광주광역시 광산구 고룡동 998,,,옥상,정상가동,80.66,380,60,2019,,2018-07-18,광주광역시 광산구청,,2025-07-02
현성1호태양광발전소,광주광역시 광산구 임방울대로 142-20,광주광역시 광산구 운남동 424-5,,,옥상,정상가동,19.44,380,60,2019,,2017-04-18,광주광역시 광산구청,,2025-07-02
성산태양광발전소,광주광역시 광산구 하남산단1번로 117,광주광역시 광산구 하남동 509-13,,,옥상,정상가동,244.8,380,60,2019,,2018-10-16,광주광역시 광산구청,,2025-07-02
한울에너지2태양광발전소,광주광역시 광산구 평동로803번안길 105,광주광역시 광산구 용동 673-27,,,옥상,정상가동,179.4,380,60,2022,,2022-06-08,광주광역시 광산구청,,2025-07-02
조아 태양광발전소,광주광역시 광산구 평동로803번안길 46,광주광역시 광산구 옥동 1233,,,옥상,정상가동,300.3,380,60,2020,,2019-10-25,광주광역시 광산구청,,2025-07-02
시온1호태양광발전소,광주광역시 광산구 노안삼도로 852,광주광역시 광산구 신동 605,,,옥상,정상가동,74.52,380,60,2019,,2018-10-08,광주광역시 광산구청,,2025-07-02
해승태양광발전소,광주광역시 광산구 북문대로 561,광주광역시 광산구 수완동 29-1,,,옥상,정상가동,99.2,380,60,2019,,2018-06-04,광주광역시 광산구청,,2025-07-02
에스이양동 태양광발전소,,광주광역시 광산구 양동 194,,,옥외,정상가동,198.4,380,60,2019,,2018-06-04,광주광역시 광산구청,,2025-07-02
백광이앤지태양광발전소3호,광주광역시 광산구 진곡산단중앙로 179,광주광역시 광산구 진곡동 599,,,옥상,정상가동,41.61,380,60,2019,,2018-10-01,광주광역시 광산구청,,2025-07-02
아덴빌태양광발전소,광주광역시 광산구 목련로394번길 17-3,광주광역시 광산구 신가동 1001-8,,,옥상,정상가동,15,380,60,2019,,2018-11-23,광주광역시 광산구청,,2025-07-02
백야태양광발전소,광주광역시 광산구 사암로130번길 45,광주광역시 광산구 우산동 1034-10,,,옥상,정상가동,59.4,380,60,2019,,2018-11-30,광주광역시 광산구청,,2025-07-02
㈜왕성테크태양광발전소,광주광역시 광산구 하남산단7번로 58,광주광역시 광산구 오선동 270-10,,,옥상,정상가동,289.08,380,60,2019,,2018-11-23,광주광역시 광산구청,,2025-07-02
진성태양광발전소,광주광역시 광산구 하남대로 390-88,광주광역시 광산구 신가동 200-84,,,기타,정상가동,999.81,22900,60,2019,,2018-09-07,광주광역시 광산구청,,2025-07-02
김홍윤1호태양광발전소,광주광역시 광산구 하남산단천변좌로 49,광주광역시 광산구 안청동 739-33,,,옥상,정상가동,99.28,380,60,2019,,2018-12-31,광주광역시 광산구청,,2025-07-02
미진3호태양광발전소,광주광역시 광산구 진곡산단2번로 47-59,광주광역시 광산구 오선동 648,,,옥상,정상가동,55.5,380,60,2019,,2018-11-30,광주광역시 광산구청,,2025-07-02
태평솔라,광주광역시 광산구 진곡산단4번로 51-22,광주광역시 광산구 진곡동 572,,,옥상,정상가동,449.28,380,60,2019,,2018-09-12,광주광역시 광산구청,,2025-07-02
도현태양광발전소,광주광역시 광산구 손재로 524,광주광역시 광산구 안청동 735-1,,,옥상,정상가동,704.48,22900,60,2019,,2018-08-23,광주광역시 광산구청,,2025-07-02
메이커어닝태양광발전소,광주광역시 광산구 왕버들로 31-2,광주광역시 광산구 장덕동 82-7,,,기타,정상가동,48.62,380,60,2019,,2018-08-23,광주광역시 광산구청,,2025-07-02
대림쏠라태양광발전소,광주광역시 광산구 하남산단5번로 46,광주광역시 광산구 장덕동 977-8,,,옥상,정상가동,1000,22900,60,2019,,2012-12-27,광주광역시 광산구청,,2025-07-02
건우ENC,광주광역시 광산구 풍영정길 101,광주광역시 광산구 신창동 822-2,,,옥상,정상가동,35.36,380,60,2019,,2018-04-23,광주광역시 광산구청,,2025-07-02
장수태양광발전소,광주광역시 광산구 고봉로258번길 57,광주광역시 광산구 장수동 500-12,,,옥상,정상가동,98.55,380,60,2019,,2018-04-19,광주광역시 광산구청,,2025-07-02
모준우태양광발전소2,광주광역시 광산구 하남산단6번로 21-21,광주광역시 광산구 오선동 270-98,,,기타,정상가동,149.31,380,60,2019,,2018-12-31,광주광역시 광산구청,,2025-07-02
봉소태양광발전소,광주광역시 광산구 첨단중앙로152번길 5-10,광주광역시 광산구 쌍암동 662-4,,,옥상,정상가동,48.6,380,60,2019,,2018-08-23,광주광역시 광산구청,,2025-07-02
광주태양광발전소,광주광역시 광산구 어등대로563번길 41,광주광역시 광산구 운수동 68-20,,,옥상,정상가동,19.72,380,60,2019,,2014-06-05,광주광역시 광산구청,,2025-07-02
광진태양광발전소,광주광역시 광산구 하남산단천변좌로 51,광주광역시 광산구 안청동 739-32,,,옥상,정상가동,99.45,380,60,2019,,2018-11-08,광주광역시 광산구청,,2025-07-02
㈜대일태양광발전소1호,광주광역시 광산구 무진대로 326-16,광주광역시 광산구 우산동 714,,,기타,정상가동,103.68,380,60,2019,,2018-12-06,광주광역시 광산구청,,2025-07-02
송학물산태양광발전소,광주광역시 광산구 북문대로 341-44,광주광역시 광산구 신창동 1090-16,,,옥상,정상가동,27.38,380,60,2019,,2018-12-06,광주광역시 광산구청,,2025-07-02
부국 옥동 태양광발전소,광주광역시 광산구 평동로803번안길 63-1,광주광역시 광산구 옥동 650-1,,,옥상,정상가동,90.61,380,60,2019,,2019-07-11,광주광역시 광산구청,,2025-07-02
알텍태양광발전소,광주광역시 광산구 진곡산단중앙로 149,광주광역시 광산구 진곡동 612,,,옥상,정상가동,484.92,380,60,2019,,2016-10-14,광주광역시 광산구청,,2025-07-02
비엘태양광발전소,광주광역시 광산구 도천북길 105-14,광주광역시 광산구 도천동 447,,,옥상,정상가동,45.81,380,60,2019,,2019-02-08,광주광역시 광산구청,,2025-07-02
삼원태양광발전소,광주광역시 광산구 하남산단8번로 105,광주광역시 광산구 안청동 738-11,,,옥상,정상가동,274.95,380,60,2019,,2018-11-30,광주광역시 광산구청,,2025-07-02
시연태양광발전소,광주광역시 광산구 평동로803번안길 87,광주광역시 광산구 용동 672-4,,,옥상,정상가동,240,380,60,2023,,2023-01-12,광주광역시 광산구청,,2025-07-02
골드원에너지태양광발전소,광주광역시 광산구 소촌로149번길 36-1,광주광역시 광산구 운수동 69-5,,,옥상,정상가동,235,380,60,2019,,2018-12-07,광주광역시 광산구청,,2025-07-02
케이지 태양광발전소,광주광역시 광산구 월전로 53-2,광주광역시 광산구 월전동 1252-1,,,옥상,정상가동,200,380,60,2019,,2019-02-08,광주광역시 광산구청,,2025-07-02
대유7호태양광발전소,광주광역시 광산구 하남산단4번로 14,광주광역시 광산구 장덕동 987-3,,,옥상,정상가동,699.48,22900,60,2019,,2018-12-27,광주광역시 광산구청,,2025-07-02
광주산업태양광발전소,광주광역시 광산구 풍영철길로 190-21,광주광역시 광산구 신가동 200-178,,,기타,정상가동,62.05,380,60,2019,,2018-12-31,광주광역시 광산구청,,2025-07-02
㈜지용금속태양광발전소,광주광역시 광산구 하남산단천변우로 126,광주광역시 광산구 도천동 619-23,,,옥상,정상가동,99.9,380,60,2019,,2019-01-15,광주광역시 광산구청,,2025-07-02
삼성정공 태양광발전소,광주광역시 광산구 평동로803번안길 93-13,광주광역시 광산구 용동 672-7,,,옥상,정상가동,94.5,380,60,2021,,2020-09-23,광주광역시 광산구청,,2025-07-02
삼성정공2 태양광발전소,광주광역시 광산구 평동로803번안길 93-13,광주광역시 광산구 용동 672-7,,,옥상,정상가동,50.4,380,60,2021,,2020-09-23,광주광역시 광산구청,,2025-07-02
동원기업태양광발전소,광주광역시 광산구 평동로803번안길 93-15,광주광역시 광산구 용동 672-12,,,옥상,정상가동,97.2,380,60,2018,,2018-09-07,광주광역시 광산구청,,2025-07-02
벡제스텐태양광발전소,광주광역시 광산구 하남대로 390-20,광주광역시 광산구 신가동 200-36,,,옥외,정상가동,46.62,380,60,2019,,2019-02-08,광주광역시 광산구청,,2025-07-02
지에스유통,광주광역시 광산구 사암로 855-19,광주광역시 광산구 도천동 18-49,,,옥상,정상가동,27.3,380,60,2019,,2019-01-11,광주광역시 광산구청,,2025-07-02
남도태양광발전소,광주광역시 광산구 송정로 30-2,광주광역시 광산구 송정동 871-43,,,옥상,정상가동,15,380,60,2019,,2019-02-26,광주광역시 광산구청,,2025-07-02
한울에너지,광주광역시 광산구 월전로 40,광주광역시 광산구 월전동 1265,,,옥상,정상가동,498.96,380,60,2019,,2018-12-31,광주광역시 광산구청,,2025-07-02
무진태양광발전소,광주광역시 광산구 하남산단천변좌로 53-11,광주광역시 광산구 안청동 739-26,,,옥상,정상가동,240.9,380,60,2019,,2018-07-16,광주광역시 광산구청,,2025-07-02
㈜제일태양광발전소,광주광역시 광산구 진곡산단3번로 28,광주광역시 광산구 오선동 608,,,옥상,정상가동,381.06,380,60,2019,,2019-01-15,광주광역시 광산구청,,2025-07-02
임곡농협1태양광발전소,광주광역시 광산구 고봉로 790,광주광역시 광산구 임곡동 451-6,,,옥상,정상가동,84.24,380,60,2019,,2018-11-01,광주광역시 광산구청,,2025-07-02
우등산업2태양광발전소,광주광역시 광산구 진곡산단중앙로 264,광주광역시 광산구 고룡동 1001,,,옥상,정상가동,99,380,60,2019,,2019-03-08,광주광역시 광산구청,,2025-07-02
첨단태양광발전소,광주광역시 광산구 첨단내촌로70번길 88-19,광주광역시 광산구 월계동 826-14,,,옥상,정상가동,19.71,380,60,2019,,2019-01-09,광주광역시 광산구청,,2025-07-02
호남2호태양광발전소,광주광역시 광산구 평동로803번안길 93-16,,,,옥상,정상가동,97.58,380,60,2024,,2023-12-07,광주광역시 광산구청,,2025-07-02
㈜유원태양광발전소,광주광역시 광산구 손재로 516,광주광역시 광산구 안청동 735-11,,,옥상,정상가동,993.6,380,60,2019,,2018-10-16,광주광역시 광산구청,,2025-07-02
한실태양광발전소,광주광역시 광산구 임곡검정길 213,광주광역시 광산구 신룡동 81,,,옥상,정상가동,149.6,380,60,2019,,2019-01-24,광주광역시 광산구청,,2025-07-02
파인태양광발전소,광주광역시 광산구 하남산단9번로 59,광주광역시 광산구 안청동 733-6,,,옥상,정상가동,216,380,60,2019,,2018-11-23,광주광역시 광산구청,,2025-07-02
제일산기태양광발전소,광주광역시 광산구 하남산단10번로 165,광주광역시 광산구 도천동 619-7,,,옥상,정상가동,492.84,380,60,2019,,2019-02-26,광주광역시 광산구청,,2025-07-02
우등산업태양광발전소,광주광역시 광산구 진곡산단중앙로 264,광주광역시 광산구 고룡동 1001,,,옥상,정상가동,99,380,60,2019,,2019-01-24,광주광역시 광산구청,,2025-07-02
삼광태양광발전소,광주광역시 광산구 평동로803번안길 93-17,광주광역시 광산구 용동 672-13,,,옥상,정상가동,149.96,380,60,2022,,2021-01-05,광주광역시 광산구청,,2025-07-02
유한회사프렌즈스크린장덕점,광주광역시 광산구 장신로20번안길 34,광주광역시 광산구 장덕동 1497,,,옥상,정상가동,90,380,60,2019,,2019-02-26,광주광역시 광산구청,,2025-07-02
㈜하남자동차공업사태양광발전소,광주광역시 광산구 하남산단5번로 120,광주광역시 광산구 장덕동 975-2,,,옥상,정상가동,198.9,380,60,2019,,2019-01-11,광주광역시 광산구청,,2025-07-02
한영피엔에스태양광발전소3호,광주광역시 광산구 하남산단4번로 66,광주광역시 광산구 장덕동 980-1,,,옥상,정상가동,1573.83,22900,60,2019,,2018-10-08,광주광역시 광산구청,,2025-07-02
명성(평동)태양광발전소,광주광역시 광산구 평동로803번안길 93-20,,,,옥상,정상가동,177,380,60,2024,,2024-01-22,광주광역시 광산구청,,2025-07-02
참고을태양광발전소,광주광역시 광산구 진곡산단4번로 67-26,광주광역시 광산구 진곡동 146-3,,,옥상,정상가동,145,380,60,2019,,2019-01-15,광주광역시 광산구청,,2025-07-02
유진태양광발전소,광주광역시 광산구 진곡산단4번로 63,광주광역시 광산구 진곡동 568,,,옥상,정상가동,255.5,380,60,2019,,2019-04-17,광주광역시 광산구청,,2025-07-02
덕산태양광발전소,광주광역시 광산구 하남산단3번로 14-65,광주광역시 광산구 장덕동 990-13,,,옥상,정상가동,98.28,380,60,2019,,2019-04-17,광주광역시 광산구청,,2025-07-02
애니체태양광발전소,광주광역시 광산구 소촌로 25-12,광주광역시 광산구 소촌동 657-1,,,옥상,정상가동,99,380,60,2019,,2018-12-27,광주광역시 광산구청,,2025-07-02
세이에너지,광주광역시 광산구 하남산단6번로 73-6,광주광역시 광산구 오선동 270-119,,,옥상,정상가동,126.36,380,60,2019,,2019-04-17,광주광역시 광산구청,,2025-07-02
MS태양광발전소,광주광역시 광산구 평동로803번안길 93-7,,,,옥상,정상가동,99.22,380,60,2024,,2023-10-05,광주광역시 광산구청,,2025-07-02
와이클래식태양광발전소,광주광역시 광산구 신가삼효로 22-17,광주광역시 광산구 신가동 978-8,,,옥상,정상가동,19.89,380,60,2019,,2019-03-27,광주광역시 광산구청,,2025-07-02
천우에너지 태양광발전소,광주광역시 광산구 진곡산단3번로 59-35,광주광역시 광산구 진곡동 638,,,옥상,정상가동,998.56,22900,60,2019,,2019-12-09,광주광역시 광산구청,,2025-07-02
포제이태양광발전소,광주광역시 광산구 진곡산단중앙로 265,광주광역시 광산구 고룡동 1022,,,옥상,정상가동,197.1,380,60,2019,,2018-05-24,광주광역시 광산구청,,2025-07-02
우드퍼니처 태양광발전소,광주광역시 광산구 어등대로621번길 14,광주광역시 광산구 소촌동 655-2,,,옥상,정상가동,99.72,380,60,2019,,2019-03-04,광주광역시 광산구청,,2025-07-02
한영피엔에스태양광발전소2호,광주광역시 광산구 하남산단7번로 117,광주광역시 광산구 오선동 547-26,,,옥상,정상가동,683.28,22900,60,2019,,2019-05-07,광주광역시 광산구청,,2025-07-02
kepco-10-F1-호림태양광태양광발전소,광주광역시 광산구 평동로803번안길 97,광주광역시 광산구 용동 673-26,,,옥상,정상가동,199.26,380,60,2020,,2019-01-30,광주광역시 광산구청,,2025-07-02
무등태양에너지태양광발전소,광주광역시 광산구 진곡산단3번로 59-24,광주광역시 광산구 진곡동 643,,,옥상,정상가동,148.92,380,60,2019,,2019-05-29,광주광역시 광산구청,,2025-07-02
광권태양광발전소,광주광역시 광산구 북문대로 363-7,광주광역시 광산구 신창동 1086-9,,,옥상,정상가동,58.5,380,60,2019,,2019-03-27,광주광역시 광산구청,,2025-07-02
빛그린태양광발전소,광주광역시 광산구 삼도로 391,광주광역시 광산구 도덕동 266-1,,,옥상,정상가동,33.18,380,60,2019,,2019-03-27,광주광역시 광산구청,,2025-07-02
수연산업태양광발전소,광주광역시 광산구 평동로803번안길 97,,,,옥상,정상가동,98.1,380,60,2024,,2022-09-13,광주광역시 광산구청,,2025-07-02
이씨네 태양광발전소,광주광역시 광산구 평동로913번길 24,광주광역시 광산구 월전동 913-8,,,옥상,정상가동,499.5,380,60,2021,,2019-10-22,광주광역시 광산구청,,2025-07-02
세영태양광발전소,광주광역시 광산구 임곡로 399-18,광주광역시 광산구 고룡동 1029,,,옥상,정상가동,99.84,380,60,2019,,2019-05-29,광주광역시 광산구청,,2025-07-02
태선 태양광발전소,광주광역시 광산구 평동로913번길 32,광주광역시 광산구 월전동 913-7,,,옥상,정상가동,317.44,380,60,2018,,2016-05-18,광주광역시 광산구청,,2025-07-02
태선태양광발전소,광주광역시 광산구 평동로913번길 32,광주광역시 광산구 월전동 913-7,,,옥상,정상가동,450,380,60,2018,,2015-11-25,광주광역시 광산구청,,2025-07-02
가람테크태양광발전소,광주광역시 광산구 진곡산단6번로 25-38,광주광역시 광산구 고룡동 985,,,옥상,정상가동,99.28,380,60,2019,,2019-04-17,광주광역시 광산구청,,2025-07-02
한영정공태양광발전소1호,광주광역시 광산구 하남산단4번로 20,광주광역시 광산구 장덕동 980-8,,,옥상,정상가동,486.18,380,60,2019,,2019-05-07,광주광역시 광산구청,,2025-07-02
한영피엔에스태양광발전소1호,광주광역시 광산구 하남산단4번로 26,광주광역시 광산구 장덕동 980-7,,,옥상,정상가동,1298.7,22900,60,2019,,2019-05-07,광주광역시 광산구청,,2025-07-02
태현태양광발전소,광주광역시 광산구 평동로913번길 32,,,,옥상,정상가동,40.15,380,60,2024,,2023-07-25,광주광역시 광산구청,,2025-07-02
현대철강1호태양광발전소,광주광역시 광산구 용아로 728,광주광역시 광산구 오선동 547-1,,,옥상,정상가동,469.56,380,60,2019,,2019-06-19,광주광역시 광산구청,,2025-07-02
국제에코태양광발전소2호,광주광역시 광산구 하남산단10번로 128,광주광역시 광산구 안청동 731-3,,,옥상,정상가동,295.26,380,60,2019,,2018-06-21,광주광역시 광산구청,,2025-07-02
태윤태양광발전소,광주광역시 광산구 사암로 714,광주광역시 광산구 도천동 349-12,,,기타,정상가동,85.12,380,60,2019,,2019-07-24,광주광역시 광산구청,,2025-07-02
가월태양광발전소,광주광역시 광산구 월계로 16,광주광역시 광산구 월계동 793-1,,,옥상,정상가동,18.7,380,60,2019,,2019-06-19,광주광역시 광산구청,,2025-07-02
신한태양광발전소,광주광역시 광산구 하남산단10번로 9,광주광역시 광산구 안청동 727-14,,,옥상,정상가동,79.8,380,60,2019,,2019-04-17,광주광역시 광산구청,,2025-07-02
복석태양광발전소,광주광역시 광산구 평동로913번길 32,,,,옥상,정상가동,99,380,60,2024,,2023-07-25,광주광역시 광산구청,,2025-07-02
금릉광산태양광발전소,광주광역시 광산구 첨단과기로 45-39,광주광역시 광산구 비아동 26-1,,,옥외,정상가동,117.12,380,60,2019,,2018-04-27,광주광역시 광산구청,,2025-07-02
안나푸르나태양광발전소,광주광역시 광산구 임방울대로826번길 7-36,광주광역시 광산구 쌍암동 694-14,,,옥상,정상가동,29.25,380,60,2019,,2019-12-31,광주광역시 광산구청,,2025-07-02
안나푸르나태양광발전소,광주광역시 광산구 임방울대로826번길 7-36,광주광역시 광산구 쌍암동 694-14,,,옥상,정상가동,30.66,380,60,2019,,2019-12-31,광주광역시 광산구청,,2025-07-02
스맥삼성1호태양광발전소,광주광역시 광산구 하남산단6번로 21-18,광주광역시 광산구 오선동 270-52외 1필지(오선동 270-52,,,옥상,정상가동,99.84,380,60,2019,,2019-06-28,광주광역시 광산구청,,2025-07-02
스맥삼성2호태양광발전소,광주광역시 광산구 하남산단6번로 21-18,광주광역시 광산구 오선동 270-52외 1필지(오선동 270-52,,,옥상,정상가동,99.84,380,60,2019,,2019-06-28,광주광역시 광산구청,,2025-07-02
스맥삼성3호태양광발전소,광주광역시 광산구 하남산단6번로 21-18,광주광역시 광산구 오선동 270-52외 1필지(오선동 270-52,,,옥상,정상가동,99.84,380,60,2019,,2019-06-28,광주광역시 광산구청,,2025-07-02
한영정공태양광발전소2호,광주광역시 광산구 하남산단4번로 22,광주광역시 광산구 장덕동 980-9,,,옥상,정상가동,486.18,380,60,2019,,2019-05-07,광주광역시 광산구청,,2025-07-02
지산1호태양광발전소,광주광역시 광산구 진곡산단4번로 51-26,광주광역시 광산구 진곡동 573,,,옥상,정상가동,499.38,380,60,2019,,2019-05-29,광주광역시 광산구청,,2025-07-02
한국에스텍3호태양광발전소,광주광역시 광산구 평동로913번길 8,,,,옥상,정상가동,118.11,380,60,2025,,2024-11-06,광주광역시 광산구청,,2025-07-02
덕님기업태양광발전소,광주광역시 광산구 하남산단3번로 46,광주광역시 광산구 장덕동 989-2,,,옥상,정상가동,153,380,60,2019,,2018-11-01,광주광역시 광산구청,,2025-07-02
에코쏠라2호 태양광발전소,광주광역시 광산구 원두로 63-1,광주광역시 광산구 월전동 1228,,,옥외,정상가동,31.75,380,60,2019,,2019-03-27,광주광역시 광산구청,,2025-07-02
신한테크태양광발전소,광주광역시 광산구 진곡산단중앙로 52,광주광역시 광산구 오선동 571,,,옥상,정상가동,491.4,380,60,2019,,2019-12-10,광주광역시 광산구청,,2025-07-02
명진HT태양광발전소,광주광역시 광산구 진곡산단1번로 36,광주광역시 광산구 오선동 569,,,옥상,정상가동,244.8,380,60,2019,,2017-12-18,광주광역시 광산구청,,2025-07-02
자연에너지,광주광역시 광산구 첨단내촌로36번길 34-12,광주광역시 광산구 월계동 845-5,,,옥상,정상가동,15.6,380,60,2019,,2019-05-07,광주광역시 광산구청,,2025-07-02
한국에스텍2호태양광발전소,광주광역시 광산구 평동로913번길 8,,,,옥상,정상가동,214.63,380,60,2025,,2024-11-06,광주광역시 광산구청,,2025-07-02
한국에스텍1호태양광발전소,광주광역시 광산구 평동로913번길 8,,,,옥상,정상가동,171.45,380,60,2025,,2024-11-06,광주광역시 광산구청,,2025-07-02
민우씨티 태양광발전소,광주광역시 광산구 평동매화길 11-1,광주광역시 광산구 지죽동 520,,,옥상,정상가동,99.2,380,60,2016,,2016-06-03,광주광역시 광산구청,,2025-07-02
민우2호태양광발전소,광주광역시 광산구 평동매화길 11-1,,,,옥상,정상가동,72,380,60,2024,,2024-02-15,광주광역시 광산구청,,2025-07-02
성신2호태양광발전소,광주광역시 광산구 평동매화길 3-5,,,,옥상,정상가동,91.08,380,60,2024,,2023-07-10,광주광역시 광산구청,,2025-07-02
성신1호태양광발전소,광주광역시 광산구 평동매화길 3-5,,,,옥상,정상가동,99.99,380,60,2024,,2023-07-10,광주광역시 광산구청,,2025-07-02
삼신태양광발전소,광주광역시 광산구 평동매화길 42,,,,옥상,정상가동,140.63,380,60,2025,,2023-04-27,광주광역시 광산구청,,2025-07-02
금성에너지태양광발전소,광주광역시 광산구 광산로 36,광주광역시 광산구 송정동 821-46,,,옥상,정상가동,19.71,380,60,2019,,2019-04-17,광주광역시 광산구청,,2025-07-02
사연에너지태양광발전소,광주광역시 광산구 송정로15번길 61-8,광주광역시 광산구 송정동 819-13,,,옥상,정상가동,12.41,380,60,2019,,2019-04-17,광주광역시 광산구청,,2025-07-02
선경자동화태양광발전소,광주광역시 광산구 진곡산단6번로 1-26,광주광역시 광산구 고룡동 955,,,옥상,정상가동,97.92,380,60,2019,,2017-09-04,광주광역시 광산구청,,2025-07-02
㈜진성하이텍태양광발전소,광주광역시 광산구 진곡산단중앙로 151,광주광역시 광산구 진곡동 603,,,옥상,정상가동,179.82,380,60,2019,,2019-09-03,광주광역시 광산구청,,2025-07-02
송원철강㈜,광주광역시 광산구 하남산단5번로 85,광주광역시 광산구 장덕동 972-2,,,옥상,정상가동,182.52,380,60,2020,,2019-07-11,광주광역시 광산구청,,2025-07-02
선경1호태양광발전소,광주광역시 광산구 임곡로 431-99,광주광역시 광산구 진곡동 산87-4,,,옥상,정상가동,149.85,380,60,2020,,2017-01-11,광주광역시 광산구청,,2025-07-02
삼일태양광발전소1호,광주광역시 광산구 진곡산단2번로 58-53,광주광역시 광산구 오선동 706,,,옥상,정상가동,14.43,380,60,2020,,2019-07-24,광주광역시 광산구청,,2025-07-02
금빛태양광발전소2,광주광역시 광산구 하남산단10번로 173,광주광역시 광산구 도천동 619-9,,,옥상,정상가동,246.42,380,60,2020,,2019-06-19,광주광역시 광산구청,,2025-07-02
케이테크 태양광발전소1호,광주광역시 광산구 원두로17,광주광역시 광산구 월전동 1047,,,옥상,정상가동,994.56,22900,60,2020,,2017-01-06,광주광역시 광산구청,,2025-07-02
민영태양광발전소,광주광역시 광산구 하남산단3번로 23-12,광주광역시 광산구 장덕동 987-5,,,옥상,정상가동,99.84,380,60,2020,,2019-06-28,광주광역시 광산구청,,2025-07-02
다물중기태양광발전소,광주광역시 광산구 평동매화길 46,광주광역시 광산구 지죽동 409-10,,,옥상,정상가동,79.73,380,60,2023,,2023-05-08,광주광역시 광산구청,,2025-07-02
세영2태양광발전소,광주광역시 광산구 임곡로 399-18,광주광역시 광산구 고룡동 1029,,,옥상,정상가동,146.25,380,60,2020,,2019-10-01,광주광역시 광산구청,,2025-07-02
씨앗2호태양광발전소,광주광역시 광산구 사암로390번길 13-14,광주광역시 광산구 월곡동 680-1,,,옥상,정상가동,29.64,380,60,2020,,2019-11-05,광주광역시 광산구청,,2025-07-02
파랑새태양광발전소,광주광역시 광산구 송도로 177,광주광역시 광산구 도산동 835-1,,,옥상,정상가동,16.19,380,60,2020,,2019-11-05,광주광역시 광산구청,,2025-07-02
녹원태양광발전소,광주광역시 광산구 신창로 104,광주광역시 광산구 신창동 1236-1,,,옥상,정상가동,81.03,380,60,2020,,2019-10-22,광주광역시 광산구청,,2025-07-02
건아태양광발전소,광주광역시 광산구 첨단중앙로152번길 31-9,광주광역시 광산구 쌍암동 661-6,,,옥상,정상가동,29.6,380,60,2020,,2019-10-22,광주광역시 광산구청,,2025-07-02
새한2호태양광발전소,광주광역시 광산구 하남산단3번로 23-10,광주광역시 광산구 장덕동 987-6,,,옥상,정상가동,138.01,380,60,2020,,2019-06-28,광주광역시 광산구청,,2025-07-02
에이치케이산업태양광발전소,광주광역시 광산구 풍영철길로 190-22,광주광역시 광산구 운남동 542-1,,,옥상,정상가동,19.44,380,60,2020,,2019-10-01,광주광역시 광산구청,,2025-07-02
서울상사태양광발전소,광주광역시 광산구 평동매화길 65-12,광주광역시 광산구 지죽동 327-1,,,옥상,정상가동,9,380,60,2012,,2012-03-16,광주광역시 광산구청,,2025-07-02
아성태양광발전소,광주광역시 광산구 평동매화길 73,,,,옥상,정상가동,34.65,380,60,2024,,2022-06-13,광주광역시 광산구청,,2025-07-02
평동대진태양광발전소,광주광역시 광산구 평동매화안길 23-1,광주광역시 광산구 지죽동 563-53,,,옥상,정상가동,95.63,380,60,2012,,2012-08-02,광주광역시 광산구청,,2025-07-02
와이에스피솔라1호태양광발전소,광주광역시 광산구 평동산단10번로 19,,,,옥상,정상가동,2495,22900,60,2024,,2024-03-13,광주광역시 광산구청,,2025-07-02
신화태양광발전소2,광주광역시 광산구 평동산단10번로 37,광주광역시 광산구 연산동 1305,,,옥상,정상가동,345.6,380,60,2022,,2022-01-04,광주광역시 광산구청,,2025-07-02
에이치에스에너지,광주광역시 광산구 고봉로 239,광주광역시 광산구 장수동 457,,,옥상,정상가동,29.88,380,60,2020,,2019-10-01,광주광역시 광산구청,,2025-07-02
진곡중앙전력,광주광역시 광산구 진곡산단2번로 47-45,광주광역시 광산구 오선동 626,,,옥상,정상가동,60,380,60,2020,,2019-07-24,광주광역시 광산구청,,2025-07-02
에스이에너지1호 태양광발전소,광주광역시 광산구 손재로 482,광주광역시 광산구 오선동 546-1,,,옥상,정상가동,248.4,380,60,2020,,2020-12-16,광주광역시 광산구청,,2025-07-02
믿음태양광발전소,광주광역시 광산구 평동산단10번로 43,광주광역시 광산구 연산동 1304,,,옥상,정상가동,274,380,60,2023,,2024-08-26,광주광역시 광산구청,,2025-07-02
와이엔엠태양광발전소,광주광역시 광산구 삼도송계길 83-37,광주광역시 광산구 송학동 155-45,,,옥상,정상가동,15,380,60,2020,,2019-11-19,광주광역시 광산구청,,2025-07-02
삼정태양광발전소,광주광역시 광산구 노안삼도로 813-12,광주광역시 광산구 송학동 454-2,,,옥상,정상가동,228.86,380,60,2020,,2018-06-12,광주광역시 광산구청,,2025-07-02
지앤씨태양광발전소,광주광역시 광산구 평동산단10번로 50,광주광역시 광산구 연산동 1299,,,옥상,정상가동,349.31,380,60,2022,,2021-02-25,광주광역시 광산구청,,2025-07-02
청성태양광발전소,광주광역시 광산구 선운로 1,광주광역시 광산구 선암동 791,,,기타,정상가동,324.8,380,60,2020,,2019-09-23,광주광역시 광산구청,,2025-07-02
코비코(주)태양광발전소,광주광역시 광산구 평동산단1번로 118,광주광역시 광산구 장록동 750-3,,,옥상,정상가동,1199.92,22900,60,2014,,2019-02-27,광주광역시 광산구청,,2025-07-02
가야산업태양광발전소,광주광역시 광산구 고봉로 261-4,광주광역시 광산구 장수동 428-2,,,옥상,정상가동,72.15,380,60,2020,,2018-12-27,광주광역시 광산구청,,2025-07-02
태양정밀태양광발전소,광주광역시 광산구 고봉로 261-3,광주광역시 광산구 장수동 428,,,옥상,정상가동,56.58,380,60,2020,,2018-12-27,광주광역시 광산구청,,2025-07-02
코비코스틸㈜,광주광역시 광산구 평동산단1번로 118,광주광역시 광산구 장록동 750-3,,,옥상,정상가동,499,380,60,2015,,2015-07-01,광주광역시 광산구청,,2025-07-02
케이앤제이태양광발전소,광주광역시 광산구 진곡산단6번로 1-26,광주광역시 광산구 고룡동 955,,,옥상,정상가동,144.9,380,60,2020,,2019-11-19,광주광역시 광산구청,,2025-07-02
(주)하이코리아,광주광역시 광산구 평동산단1번로 121,광주광역시 광산구 장록동 749-5,,,옥상,정상가동,29.93,380,60,2012,,2010-10-01,광주광역시 광산구청,,2025-07-02
미래태양광발전소,,광주광역시 광산구 양동 220,,,옥외,정상가동,294.12,380,60,2020,,2024-09-27,광주광역시 광산구청,,2025-07-02
한미에너지,광주광역시 광산구 하남산단9번로 49,광주광역시 광산구 안청동 734-15,,,옥상,정상가동,157.44,380,60,2020,,2019-09-23,광주광역시 광산구청,,2025-07-02
덕림태양광발전소,광주광역시 광산구 첨단내촌로70번길 50-17,광주광역시 광산구 월계동 820-13,,,옥상,정상가동,19.5,380,60,2020,,2019-12-03,광주광역시 광산구청,,2025-07-02
㈜한일태양광발전소,광주광역시 광산구 평동산단1번로 128,광주광역시 광산구 장록동 750-10,,,옥상,정상가동,609,22900,60,2015,,2013-03-14,광주광역시 광산구청,,2025-07-02
엠티에스주식회사,광주광역시 광산구 진곡산단1번로 85,광주광역시 광산구 오선동 585,,,기타,정상가동,378,380,60,2020,,2020-06-17,광주광역시 광산구청,,2025-07-02
오천태양광발전소,광주광역시 광산구 임방울대로 501,광주광역시 광산구 수완동 669-4,,,옥외,정상가동,99.28,380,60,2020,,2019-12-10,광주광역시 광산구청,,2025-07-02
황룡강태양광발전소,광주광역시 광산구 와산길 126-40,광주광역시 광산구 오산동 19-11,,,옥상,정상가동,116.2,380,60,2020,,2019-11-19,광주광역시 광산구청,,2025-07-02
한일3 태양광발전소,광주광역시 광산구 평동산단1번로 128,광주광역시 광산구 장록동 750-10,,,옥상,정상가동,99.2,380,60,2017,,2016-11-21,광주광역시 광산구청,,2025-07-02
태성테크태양광발전소,광주광역시 광산구 하남산단9번로 39-13,광주광역시 광산구 안청동 734-13,,,옥상,정상가동,150.22,380,60,2020,,2019-09-23,광주광역시 광산구청,,2025-07-02
제이태양광발전소,광주광역시 광산구 용아로 577,광주광역시 광산구 장덕동 977-18,,,옥상,정상가동,248.85,380,60,2020,,2016-06-03,광주광역시 광산구청,,2025-07-02
세시봉태양광발전소,광주광역시 광산구 신창로105번길 24-11,광주광역시 광산구 신창동 1251-4,,,옥상,정상가동,19.71,380,60,2020,,2020-01-16,광주광역시 광산구청,,2025-07-02
나라일렉트릭태양광발전소,광주광역시 광산구 구촌반촌길 54-2,광주광역시 광산구 신창동 1064-4,,,옥상,정상가동,80,380,60,2020,,2018-04-23,광주광역시 광산구청,,2025-07-02
대호1호태양광발전소,광주광역시 광산구 임방울대로801번길 26,광주광역시 광산구 쌍암동 673-7,,,옥상,정상가동,60.06,380,60,2020,,2020-02-04,광주광역시 광산구청,,2025-07-02
한가족태양광발전소,광주광역시 광산구 진곡산단중앙로 190,광주광역시 광산구 진곡동 590,,,옥상,정상가동,400.14,380,60,2020,,2020-02-20,광주광역시 광산구청,,2025-07-02
진가4태양광발전소,광주광역시 광산구 하남가작길 46,광주광역시 광산구 진곡동 149-10,,,옥상,정상가동,80.93,380,60,2020,,2020-02-20,광주광역시 광산구청,,2025-07-02
수완태양광발전소,광주광역시 광산구 왕버들로 105-52,광주광역시 광산구 수완동 806-2,,,옥상,정상가동,99.96,380,60,2023,,2023-03-21,광주광역시 광산구청,,2025-07-02
진가3태양광발전소,광주광역시 광산구 하남가작길 46-1,광주광역시 광산구 진곡동 149-6,,,옥상,정상가동,92.96,380,60,2020,,2020-02-20,광주광역시 광산구청,,2025-07-02
청정태양광발전소,광주광역시 광산구 소촌로85번길 14-10,광주광역시 광산구 소촌동 843,,,옥상,정상가동,29.25,380,60,2020,,2020-03-23,광주광역시 광산구청,,2025-07-02
한일2 태양광발전소,광주광역시 광산구 평동산단1번로 128,광주광역시 광산구 장록동 750-10,,,옥상,정상가동,496,380,60,2017,,2016-11-21,광주광역시 광산구청,,2025-07-02
하남사옥태양광발전소,광주광역시 광산구 손재로287번길 59,광주광역시 광산구 하남동 500-3,,,옥상,정상가동,69.72,380,60,2020,,2020-04-08,광주광역시 광산구청,,2025-07-02
펠리체태양광발전소,광주광역시 광산구 수완로74번길 23-27,광주광역시 광산구 수완동 1233,,,옥상,정상가동,29.9,380,60,2020,,2020-02-10,광주광역시 광산구청,,2025-07-02
동양태양광발전소,광주광역시 광산구 상무대로 292,광주광역시 광산구 송정동 770-4,,,옥상,정상가동,28.64,380,60,2020,,2016-06-03,광주광역시 광산구청,,2025-07-02
강남스틸(주)태양광발전소,광주광역시 광산구 고봉로 263-11,광주광역시 광산구 장수동 431,,,옥상,정상가동,52.29,380,60,2020,,2020-03-16,광주광역시 광산구청,,2025-07-02
승화이엔텍(주)태양광발전소,광주광역시 광산구 고봉로 263-15,광주광역시 광산구 장수동 430,,,옥상,정상가동,67.65,380,60,2020,,2020-03-16,광주광역시 광산구청,,2025-07-02
한일4태양광발전소,광주광역시 광산구 평동산단1번로 128,광주광역시 광산구 장록동 750-10,,,옥상,정상가동,93.15,380,60,2019,,2018-06-21,광주광역시 광산구청,,2025-07-02
㈜은혜기업태양광발전소,광주광역시 광산구 평동산단1번로 14,광주광역시 광산구 용동 668-5,,,옥상,정상가동,99,380,60,2014,,2014-08-26,광주광역시 광산구청,,2025-07-02
주식회사보인발전,광주광역시 광산구 하남산단1번로 129,광주광역시 광산구 하남동 509-8,,,옥상,정상가동,199.8,380,60,2020,,2020-06-26,광주광역시 광산구청,,2025-07-02
케이에스솔라신성9호태양광발전소,광주광역시 광산구 평동산단1번로 148,광주광역시 광산구 장록동 750-16,,,옥상,정상가동,450,22900,60,2013,,2013-07-23,광주광역시 광산구청,,2025-07-02
충주박씨남성동문중2호태양광발전소,광주광역시 광산구 소촌로 152번길 1,광주광역시 광산구 소촌동 752-25,,,옥상,정상가동,67.5,380,60,2020,,2020-07-06,광주광역시 광산구청,,2025-07-02
대흥에너지,광주광역시 광산구 아산길 20-5,광주광역시 광산구 비아동 273-5,,,옥상,정상가동,26,380,60,2020,,2020-06-29,광주광역시 광산구청,,2025-07-02
도윤태양광발전소,광주광역시 광산구 하남산단9번로 186-21,광주광역시 광산구 도천동 621-43,,,옥상,정상가동,29.25,380,60,2020,,2020-03-18,광주광역시 광산구청,,2025-07-02
인성태양광발전소,광주광역시 광산구 목련로 372-52,광주광역시 광산구 신가동 593-14,,,옥상,정상가동,86.32,380,60,2020,,2020-04-20,광주광역시 광산구청,,2025-07-02
태윤태양광발전소,광주광역시 광산구 하남산단9번로 186-21,광주광역시 광산구 도천동 621-43,,,옥상,정상가동,29.25,380,60,2020,,2019-07-24,광주광역시 광산구청,,2025-07-02
현정태양광발전소,광주광역시 광산구 하남산단9번로 186-21,광주광역시 광산구 도천동 621-43,,,옥상,정상가동,29.25,380,60,2020,,2020-04-14,광주광역시 광산구청,,2025-07-02
두현태양광발전소,광주광역시 광산구 하남산단9번로 186-21,광주광역시 광산구 도천동 621-43,,,옥상,정상가동,29.25,380,60,2020,,2020-03-18,광주광역시 광산구청,,2025-07-02
미래정밀태양광발전소,광주광역시 광산구 진곡산단5번로 17-16,광주광역시 광산구 진곡동 495,,,옥상,정상가동,290.55,380,60,2020,,2018-08-03,광주광역시 광산구청,,2025-07-02
광주크레텍태양광발전소,광주광역시 광산구 하남산단8번로 107,광주광역시 광산구 안청동 738-10,,,옥상,정상가동,199.92,380,60,2020,,2020-07-09,광주광역시 광산구청,,2025-07-02
(주)성화에스티호남 태양광발전소,광주광역시 광산구 하남산단10번로 39-5,광주광역시 광산구 안청동 727-17,,,옥상,정상가동,155.25,380,60,2020,,2020-04-01,광주광역시 광산구청,,2025-07-02
광주기업발전소,광주광역시 광산구 임곡로 691-5,광주광역시 광산구 안청동 273-8,,,옥상,정상가동,29.63,380,60,2020,,2020-04-02,광주광역시 광산구청,,2025-07-02
경성태양광발전소,광주광역시 광산구 상무대로 471,광주광역시 광산구 신촌동 682-3,,,옥상,정상가동,29.97,380,60,2020,,2020-07-06,광주광역시 광산구청,,2025-07-02
칠성태양광발전소,광주광역시 광산구 노안삼도로 1296-6,광주광역시 광산구 삼거동 299-16,,,옥상,정상가동,88.2,380,60,2020,,2020-01-02,광주광역시 광산구청,,2025-07-02
kepco-10-1-보문고태양광발전소,광주광역시 광산구 어등대로529번길 37,광주광역시 광산구 운수동 308,,,옥상,정상가동,99.28,380,60,2020,,2019-11-05,광주광역시 광산구청,,2025-07-02
해송태양광발전소,광주광역시 광산구 북문대로 561,광주광역시 광산구 수완동 14-1,,,옥상,정상가동,29.4,380,60,2020,,2020-07-31,광주광역시 광산구청,,2025-07-02
힐링하우스발전소,광주광역시 광산구 수완로74번길 11-6,광주광역시 광산구 수완동 1272,,,옥상,정상가동,19.5,380,60,2020,,2020-06-18,광주광역시 광산구청,,2025-07-02
세기2호발전소,광주광역시 광산구 북문대로 342-64,광주광역시 광산구 신창동 1093-1,,,옥상,정상가동,30,380,60,2020,,2020-04-16,광주광역시 광산구청,,2025-07-02
세기1호발전소,광주광역시 광산구 북문대로 342-26,광주광역시 광산구 신창동 1093-2,,,옥상,정상가동,30,380,60,2020,,2020-04-16,광주광역시 광산구청,,2025-07-02
태경태양광발전소,광주광역시 광산구 내상로33번길 71,광주광역시 광산구 송정동 637-2,,,옥상,정상가동,499.2,22900,60,2020,,2019-07-24,광주광역시 광산구청,,2025-07-02
청화태양광발전소,광주광역시 광산구 첨단중앙로67번길 62,광주광역시 광산구 월계동 833-9,,,옥상,정상가동,15.2,380,60,2020,,2020-08-18,광주광역시 광산구청,,2025-07-02
해피태양광발전소,광주광역시 광산구 첨단내촌로36번길 34-9,광주광역시 광산구 월계동 846-9,,,옥상,정상가동,15,380,60,2020,,2024-10-29,광주광역시 광산구청,,2025-07-02
유진태양광발전소,광주광역시 광산구 우산로96번길 67,광주광역시 광산구 우산동 1073-13,,,옥상,정상가동,19.5,380,60,2020,,2019-04-17,광주광역시 광산구청,,2025-07-02
제이케이코리아태양광발전소,광주광역시 광산구 평동산단1번로 148,광주광역시 광산구 장록동 750-16,,,옥상,정상가동,224.91,380,60,2023,,2023-02-06,광주광역시 광산구청,,2025-07-02
빛과동업태양광발전소,광주광역시 광산구 평동산단1번로 148,,,,옥상,정상가동,119.04,380,60,2024,,2024-01-22,광주광역시 광산구청,,2025-07-02
하나2호태양광발전소,광주광역시 광산구 진곡산단5번로 60,광주광역시 광산구 진곡동 575,,,옥상,정상가동,56.96,380,60,2020,,2020-08-21,광주광역시 광산구청,,2025-07-02
푸드시그널태양광발전소,광주광역시 광산구 비아로135번길 8-10,광주광역시 광산구 비아동 678-3,,,옥상,정상가동,29.82,380,60,2020,,2020-11-06,광주광역시 광산구청,,2025-07-02
이안태양광발전소,광주광역시 광산구 상완길 71,광주광역시 광산구 수완동 362-8,,,옥상,정상가동,30,380,60,2020,,2020-07-06,광주광역시 광산구청,,2025-07-02
청운태양광발전소,광주광역시 광산구 하남산단8번로 100-13,광주광역시 광산구 오선동 547-16,,,옥상,정상가동,156.87,380,60,2020,,2020-08-25,광주광역시 광산구청,,2025-07-02
광주비아농업협동조합태양광발전소,광주광역시 광산구 장신로 153,광주광역시 광산구 수완동 1119,,,옥상,정상가동,58.3,380,60,2020,,2020-09-29,광주광역시 광산구청,,2025-07-02
정선태양광발전소,광주광역시 광산구 어등대로533번길 75,광주광역시 광산구 운수동 137-1,,,옥상,정상가동,29.25,380,60,2020,,2020-09-22,광주광역시 광산구청,,2025-07-02
기아태양광발전소,광주광역시 광산구 평동산단1번로 154,,,,옥상,정상가동,499.73,380,60,2024,,2024-02-26,광주광역시 광산구청,,2025-07-02
제이와이현태양광발전소,광주광역시 광산구 첨단중앙로182번길 60,광주광역시 광산구 쌍암동 677-7,,,옥상,정상가동,39.56,380,60,2020,,2020-11-18,광주광역시 광산구청,,2025-07-02
하나태양광발전소3호,광주광역시 광산구 사암로 154,광주광역시 광산구 우산동 1023-26,,,옥상,정상가동,29.63,380,60,2020,,2020-08-19,광주광역시 광산구청,,2025-07-02
하나태양광발전소2호,광주광역시 광산구 사암로 154,광주광역시 광산구 우산동 1023-26,,,옥상,정상가동,29.63,380,60,2020,,2020-08-19,광주광역시 광산구청,,2025-07-02
하나태양광발전소1호,광주광역시 광산구 사암로 154,광주광역시 광산구 우산동 1023-26,,,옥상,정상가동,29.63,380,60,2020,,2020-08-19,광주광역시 광산구청,,2025-07-02
스카이 태양광발전소,광주광역시 광산구 월전로 10-43,광주광역시 광산구 월전동 1113,,,옥상,정상가동,29.82,380,60,2020,,2020-08-04,광주광역시 광산구청,,2025-07-02
엔젤태양광발전소,광주광역시 광산구 첨단내촌로70번길 42-28,광주광역시 광산구 월계동 818-9,,,옥상,정상가동,19.58,380,60,2020,,2020-11-16,광주광역시 광산구청,,2025-07-02
카쿵,광주광역시 광산구 임방울대로 611-7,광주광역시 광산구 도천동 127-2,,,기타,정상가동,89.89,380,60,2020,,2020-08-04,광주광역시 광산구청,,2025-07-02
드림태양광발전소,광주광역시 광산구 목련로397번안길 27,광주광역시 광산구 신가동 968-6,,,옥상,정상가동,16.6,380,60,2021,,2020-07-17,광주광역시 광산구청,,2025-07-02
조은태양광발전소,광주광역시 광산구 목련로397번안길 23,광주광역시 광산구 신가동 968-7,,,옥상,정상가동,16.6,380,60,2021,,2023-12-20,광주광역시 광산구청,,2025-07-02
기아2태양광발전소,광주광역시 광산구 평동산단1번로 154,,,,옥상,정상가동,856.8,22900,60,2025,,2024-10-04,광주광역시 광산구청,,2025-07-02
㈜재원테크2호,광주광역시 광산구 진곡산단6번로 25-60,광주광역시 광산구 고룡동 984-2,,,옥상,정상가동,349.6,380,60,2021,,2020-10-08,광주광역시 광산구청,,2025-07-02
무지개태양광발전소,광주광역시 광산구 평동산단1번로 171,,,,옥상,정상가동,97.8,380,60,2024,,2024-02-02,광주광역시 광산구청,,2025-07-02
이지에너지태양광발전소,광주광역시 광산구 평동산단1번로 21,광주광역시 광산구 옥동 878-13,,,옥상,정상가동,391.95,380,60,2018,,2018-04-23,광주광역시 광산구청,,2025-07-02
동신에너지,광주광역시 광산구 하남산단천변좌로 69,광주광역시 광산구 안청동 739-39,,,옥상,정상가동,199.67,380,60,2021,,2020-08-25,광주광역시 광산구청,,2025-07-02
대광테크태양광발전소,광주광역시 광산구 진곡산단6번로 25-78,광주광역시 광산구 고룡동 983,,,옥상,정상가동,173.04,380,60,2021,,2020-10-20,광주광역시 광산구청,,2025-07-02
진달호비아태양광발전소,광주광역시 광산구 사암로 865,광주광역시 광산구 도천동 2,,,기타,정상가동,27.72,380,60,2021,,2020-11-25,광주광역시 광산구청,,2025-07-02
하늘교회1호태양광발전소,광주광역시 광산구 목련로253번길 24,광주광역시 광산구 운남동 523-9,,,옥상,정상가동,50.4,380,60,2021,,2020-08-10,광주광역시 광산구청,,2025-07-02
(유)광주일신에너지,광주광역시 광산구 국룡길 198,광주광역시 광산구 송학동 520-28,,,옥상,정상가동,395,380,60,2021,,2018-12-14,광주광역시 광산구청,,2025-07-02
우준태양광발전소,광주광역시 광산구 북문대로 341-12,광주광역시 광산구 신창동 1090-1,,,기타,정상가동,149.52,380,60,2021,,2020-06-26,광주광역시 광산구청,,2025-07-02
가락태양광발전소,광주광역시 광산구 하남울로공원2길 3,광주광역시 광산구 흑석동 725-1,,,옥상,정상가동,28.14,380,60,2021,,2020-11-16,광주광역시 광산구청,,2025-07-02
주광에너지,광주광역시 광산구 진곡산단4번로 67-31,광주광역시 광산구 진곡동 562,,,옥상,정상가동,99,380,60,2021,,2020-10-20,광주광역시 광산구청,,2025-07-02
하나테크에너지,광주광역시 광산구 진곡산단중앙로 293,광주광역시 광산구 고룡동 966,,,옥상,정상가동,99,380,60,2021,,2020-10-13,광주광역시 광산구청,,2025-07-02
건영기업태양광발전소,광주광역시 광산구 평동산단1번로 29,광주광역시 광산구 옥동 878-14,,,옥상,정상가동,400,380,60,2018,,2018-05-03,광주광역시 광산구청,,2025-07-02
천일태양광발전소,광주광역시 광산구 평동산단1번로 38,광주광역시 광산구 용동 668-34,,,옥상,정상가동,353.6,380,60,2018,,2018-03-23,광주광역시 광산구청,,2025-07-02
감나무정이동발전,광주광역시 광산구 용아로 465,광주광역시 광산구 흑석동 700,,,옥상,정상가동,28.8,380,60,2021,,2020-11-18,광주광역시 광산구청,,2025-07-02
늘해봄에너지,광주광역시 광산구 평동산단1번로 42,광주광역시 광산구 옥동 880-7,,,옥상,정상가동,99.9,380,60,2019,,2019-07-11,광주광역시 광산구청,,2025-07-02
인아쏠라태양광발전소,광주광역시 광산구 용아로 747,광주광역시 광산구 안청동 737-5,,,옥상,정상가동,497.7,380,60,2021,,2020-08-26,광주광역시 광산구청,,2025-07-02
모햇발전소1339호,광주광역시 광산구 평동산단1번로 51,,,,옥상,정상가동,92.8,380,60,2025,,2024-11-22,광주광역시 광산구청,,2025-07-02
건화태양광발전소,광주광역시 광산구 북문대로 342-31,광주광역시 광산구 신창동 1089-5,,,옥상,정상가동,60,380,60,2021,,2020-09-07,광주광역시 광산구청,,2025-07-02
모햇발전소1340호,광주광역시 광산구 평동산단1번로 51,,,,옥상,정상가동,92.8,380,60,2025,,2024-11-22,광주광역시 광산구청,,2025-07-02
영진태양광발전소,광주광역시 광산구 평동산단1번로 57,광주광역시 광산구 옥동 879-12,,,옥상,정상가동,242.4,380,60,2018,,2018-01-25,광주광역시 광산구청,,2025-07-02
하늘교회2호태양광발전소,광주광역시 광산구 목련로219번길 83-7,광주광역시 광산구 운남동 330,,,옥외,정상가동,99.96,380,60,2021,,2020-08-10,광주광역시 광산구청,,2025-07-02
썬타임에너지,광주광역시 광산구 임곡연계길 99-34,광주광역시 광산구 광산동 647-9,,,기타,정상가동,59.64,380,60,2021,,2020-10-08,광주광역시 광산구청,,2025-07-02
지죽태양광발전소,,광주광역시 광산구 지죽동 552-7,,,옥외,정상가동,599.4,22900,60,2021,,2020-09-11,광주광역시 광산구청,,2025-07-02
㈜삼광실업1호태양광발전소,광주광역시 광산구 평동산단1번로 97,광주광역시 광산구 장록동 749-2,,,옥상,정상가동,750,22900,60,2015,,2014-11-17,광주광역시 광산구청,,2025-07-02
㈜지코태양광,광주광역시 광산구 평동산단2번로 112,광주광역시 광산구 옥동 881-2,,,옥상,정상가동,391.8,22900,60,2017,,2014-11-13,광주광역시 광산구청,,2025-07-02
플라텔2호 태양광발전소,광주광역시 광산구 평동산단2번로 115,광주광역시 광산구 옥동 880-26,,,옥상,정상가동,347.48,380,60,2020,,2019-11-05,광주광역시 광산구청,,2025-07-02
영훈태양광,광주광역시 광산구 평동산단2번로 118,,,,옥상,정상가동,499.8,380,60,2024,,2024-02-08,광주광역시 광산구청,,2025-07-02
행복쉼터태양광발전소,광주광역시 광산구 어등대로459번길 64,광주광역시 광산구 선암동 327,,,옥상,정상가동,19.58,380,60,2021,,2020-11-25,광주광역시 광산구청,,2025-07-02
수연1호태양광발전소,광주광역시 광산구 고봉로 415-20,광주광역시 광산구 등임동 11-9,,,옥상,정상가동,19.35,380,60,2021,,2020-08-26,광주광역시 광산구청,,2025-07-02
광산태양광발전소,광주광역시 광산구 소촌로149번길 37,광주광역시 광산구 소촌동 828,,,기타,정상가동,29.92,380,60,2021,,2021-01-20,광주광역시 광산구청,,2025-07-02
소촌태양광발전소,광주광역시 광산구 소촌로149번길 37,광주광역시 광산구 소촌동 828,,,옥외,정상가동,29.92,380,60,2021,,2021-01-20,광주광역시 광산구청,,2025-07-02
태영테크태양광발전소,광주광역시 광산구 평동산단2번로 123,광주광역시 광산구 옥동 880-5,,,옥상,정상가동,294.98,380,60,2019,,2018-09-05,광주광역시 광산구청,,2025-07-02
(유)금동개발 태양광발전소,광주광역시 광산구 고봉로258번길 79,광주광역시 광산구 장수동 500-10,,,옥상,정상가동,60.8,380,60,2021,,2021-03-02,광주광역시 광산구청,,2025-07-02
성창에스지,광주광역시 광산구 평동산단2번로 124,광주광역시 광산구 옥동 881-4,,,옥상,정상가동,349.58,380,60,2020,,2019-09-26,광주광역시 광산구청,,2025-07-02
와이티에스(주)태양광발전소,광주광역시 광산구 평동산단2번로 159,광주광역시 광산구 장록동 750-1,,,옥상,정상가동,999,22900,60,2014,,2017-10-11,광주광역시 광산구청,,2025-07-02
이인2호태양광발전소,광주광역시 광산구 신창로105번길 6-11,광주광역시 광산구 신창동 1253-4,,,옥상,정상가동,19.92,380,60,2021,,2020-11-11,광주광역시 광산구청,,2025-07-02
kepco-10-F2-형민필름태양광발전소,광주광역시 광산구 어등대로603번길 27,광주광역시 광산구 소촌동 649-2,,,옥상,정상가동,243,380,60,2021,,2021-01-25,광주광역시 광산구청,,2025-07-02
신미래태양광발전소,광주광역시 광산구 하남산단3번로 23-27,광주광역시 광산구 장덕동 988-10,,,옥상,정상가동,378,380,60,2021,,2020-09-23,광주광역시 광산구청,,2025-07-02
(주)한수태양광발전소,광주광역시 광산구 평동산단2번로 177,광주광역시 광산구 장록동 750-13,,,옥상,정상가동,498.8,380,60,2022,,2022-01-03,광주광역시 광산구청,,2025-07-02
(주)호원테크공장태양광발전소,광주광역시 광산구 평동산단2번로 178,광주광역시 광산구 장록동 751-2,,,옥상,정상가동,1230.79,22900,60,2018,,2017-07-25,광주광역시 광산구청,,2025-07-02
에코쏠라3호 태양광발전소,광주광역시 광산구 원두로 63-1,광주광역시 광산구 월전동 1228,,,옥외,정상가동,29.6,380,60,2021,,2020-10-08,광주광역시 광산구청,,2025-07-02
넥스트태양광발전소,광주광역시 광산구 비아로127번길 11,광주광역시 광산구 비아동 445,,,옥상,정상가동,29.44,380,60,2021,,2021-03-02,광주광역시 광산구청,,2025-07-02
금형 태양광발전소,광주광역시 광산구 평동산단2번로 190,광주광역시 광산구 장록동 751-16,,,옥상,정상가동,300,380,60,2016,,2016-05-03,광주광역시 광산구청,,2025-07-02
서호태양광발전소,광주광역시 광산구 평동산단2번로 197,광주광역시 광산구 장록동 750-6,,,옥상,정상가동,235,22900,60,2014,,2014-02-13,광주광역시 광산구청,,2025-07-02
은지태양광발전소,광주광역시 광산구 용아로 587,광주광역시 광산구 장덕동 977-26,,,옥상,정상가동,438.24,380,60,2021,,2021-01-27,광주광역시 광산구청,,2025-07-02
지희태양광발전소,광주광역시 광산구 평동산단2번로 197,,,,옥상,정상가동,99.6,380,60,2025,,2024-11-12,광주광역시 광산구청,,2025-07-02
롯데마트수완점태양광발전소,광주광역시 광산구 장신로 98,광주광역시 광산구 장덕동 1678,,,옥상,정상가동,240,380,60,2021,,2020-02-12,광주광역시 광산구청,,2025-07-02
아폴로태양광발전소,광주광역시 광산구 진곡산단6번로 33,광주광역시 광산구 고룡동 990,,,옥상,정상가동,99.54,380,60,2021,,2021-01-07,광주광역시 광산구청,,2025-07-02
뉴런태양광발전소,광주광역시 광산구 진곡산단6번로 33,광주광역시 광산구 고룡동 990,,,옥상,정상가동,99.54,380,60,2021,,2020-11-30,광주광역시 광산구청,,2025-07-02
모두와태양광발전소,광주광역시 광산구 어등대로621번길 11,광주광역시 광산구 소촌동 652-4,,,기타,정상가동,497.7,380,60,2021,,2021-01-15,광주광역시 광산구청,,2025-07-02
럭키쏠라 주식회사 태양광발전소,광주광역시 광산구 평동산단2번로 198,광주광역시 광산구 장록동 751-12,,,옥상,정상가동,1200,22900,60,2017,,2014-11-18,광주광역시 광산구청,,2025-07-02
터보코리아태양광발전소,광주광역시 광산구 평동산단2번로 204,광주광역시 광산구 장록동 751-15,,,옥상,정상가동,498.48,380,60,2018,,2024-10-07,광주광역시 광산구청,,2025-07-02
제이제이태양광발전소,광주광역시 광산구 용곡길12번길 78,광주광역시 광산구 용곡동 815-2,,,옥상,정상가동,96.3,380,60,2021,,2021-05-10,광주광역시 광산구청,,2025-07-02
신대태양광발전소,광주광역시 광산구 진곡산단4번로 31-9,광주광역시 광산구 진곡동 592,,,옥상,정상가동,19.11,380,60,2021,,2021-05-13,광주광역시 광산구청,,2025-07-02
모던태양광발전소,광주광역시 광산구 하남산단천변좌로 105,광주광역시 광산구 안청동 730-8,,,옥상,정상가동,162,380,60,2021,,2020-11-25,광주광역시 광산구청,,2025-07-02
김헌순태양광발전소,광주광역시 광산구 북문대로 363-89,광주광역시 광산구 신창동 1088-13,,,옥상,정상가동,29.75,380,60,2021,,2020-11-30,광주광역시 광산구청,,2025-07-02
인팩태양광발전소,광주광역시 광산구 평동산단2번로 205,광주광역시 광산구 장록동 750-7,,,옥상,정상가동,635.29,22900,60,2019,,2019-05-16,광주광역시 광산구청,,2025-07-02
인팩태양광발전소,광주광역시 광산구 평동산단2번로 205,광주광역시 광산구 장록동 750-7,,,옥상,정상가동,484.16,380,60,2019,,2019-05-16,광주광역시 광산구청,,2025-07-02
한성스치로폴태양광발전소,광주광역시 광산구 평동산단2번로 221,,,,옥상,정상가동,499.73,380,60,2024,,2024-02-27,광주광역시 광산구청,,2025-07-02
M2빌태양광발전소,광주광역시 광산구 월전로 10-24,광주광역시 광산구 월전동 1136,,,옥상,정상가동,19.36,380,30,2021,,2021-07-08,광주광역시 광산구청,,2025-07-02
진성에너지태양광발전소,광주광역시 광산구 박호등임로 579,광주광역시 광산구 등임동 19-11,,,옥상,정상가동,19.74,380,60,2021,,2021-05-10,광주광역시 광산구청,,2025-07-02
한성스치로폴1태양광발전소,광주광역시 광산구 평동산단2번로 221,,,,옥상,정상가동,499.73,22900,60,2025,,2024-04-05,광주광역시 광산구청,,2025-07-02
솔라임태양광발전소,광주광역시 광산구 소촌로 133,광주광역시 광산구 소촌동 834-2,,,옥상,정상가동,94.64,380,60,2021,,2021-01-15,광주광역시 광산구청,,2025-07-02
도곤태양광발전소,광주광역시 광산구 진곡산단중앙로 115,광주광역시 광산구 오선동 596,,,옥상,정상가동,303.36,380,60,2021,,2020-03-17,광주광역시 광산구청,,2025-07-02
신풍2호태양광발전소,광주광역시 광산구 하남산단8번로 127-26,광주광역시 광산구 안청동 739-18,,,옥상,정상가동,245.25,380,60,2021,,2021-05-17,광주광역시 광산구청,,2025-07-02
신풍1호태양광발전소,광주광역시 광산구 하남산단8번로 127-26,광주광역시 광산구 안청동 739-18,,,옥상,정상가동,150.15,380,60,2021,,2021-05-17,광주광역시 광산구청,,2025-07-02
믿음태양광발전소,광주광역시 광산구 하남산단7번로 64,광주광역시 광산구 오선동 270-11,,,옥상,정상가동,99.9,380,60,2021,,2024-08-26,광주광역시 광산구청,,2025-07-02
한성 태양광발전소,광주광역시 광산구 평동산단2번로 224,광주광역시 광산구 장록동 751-9,,,옥상,정상가동,495,380,60,2018,,2016-05-18,광주광역시 광산구청,,2025-07-02
소민우태양광발전소,광주광역시 광산구 하남산단9번로 144,광주광역시 광산구 안청동 739-8,,,옥상,정상가동,99.36,380,60,2021,,2021-04-22,광주광역시 광산구청,,2025-07-02
㈜진흥특장,광주광역시 광산구 임곡로 399-24,광주광역시 광산구 고룡동 1030,,,옥상,정상가동,176.64,380,60,2021,,2021-07-27,광주광역시 광산구청,,2025-07-02
해성판넬8태양광발전소,광주광역시 광산구 월전로 60,광주광역시 광산구 월전동 1263,,,옥상,정상가동,29.44,380,60,2021,,2021-08-20,광주광역시 광산구청,,2025-07-02
해성판넬7태양광발전소,광주광역시 광산구 월전로 60,광주광역시 광산구 월전동 1263,,,옥상,정상가동,97.92,380,60,2021,,2021-08-20,광주광역시 광산구청,,2025-07-02
해성판넬1태양광발전소,광주광역시 광산구 월전로 60,광주광역시 광산구 월전동 1263,,,옥상,정상가동,97.92,380,60,2021,,2021-05-03,광주광역시 광산구청,,2025-07-02
해성판넬2태양광발전소,광주광역시 광산구 월전로 60,광주광역시 광산구 월전동 1263,,,옥상,정상가동,97.92,380,60,2021,,2021-05-03,광주광역시 광산구청,,2025-07-02
해성판넬3태양광발전소,광주광역시 광산구 월전로 60,광주광역시 광산구 월전동 1263,,,옥상,정상가동,97.92,380,60,2021,,2021-05-03,광주광역시 광산구청,,2025-07-02
해성판넬6태양광발전소,광주광역시 광산구 월전로 60,광주광역시 광산구 월전동 1263,,,옥상,정상가동,97.92,380,60,2021,,2021-05-03,광주광역시 광산구청,,2025-07-02
해성판넬5태양광발전소,광주광역시 광산구 월전로 60,광주광역시 광산구 월전동 1263,,,옥상,정상가동,97.92,380,60,2021,,2021-05-03,광주광역시 광산구청,,2025-07-02
대명특장차태양광발전소,광주광역시 광산구 진곡산단중앙로 122,광주광역시 광산구 오선동 600,,,옥상,정상가동,299.6,380,60,2021,,2021-08-18,광주광역시 광산구청,,2025-07-02
NA에너지태양광발전소,광주광역시 광산구 구촌반촌길 38,광주광역시 광산구 신창동 1064-1,,,옥상,정상가동,88.83,380,60,2021,,2021-08-17,광주광역시 광산구청,,2025-07-02
한백어울림태양광발전소,광주광역시 광산구 비아로 23,광주광역시 광산구 도천동 17-30,,,옥상,정상가동,97.65,380,60,2021,,2021-05-17,광주광역시 광산구청,,2025-07-02
한성 태양광발전소,광주광역시 광산구 평동산단2번로 224,광주광역시 광산구 장록동 751-9,,,옥상,정상가동,600,22900,60,2018,,2016-05-18,광주광역시 광산구청,,2025-07-02
삼일하이테크태양광발전소,광주광역시 광산구 평동산단2번로 24,,,,옥상,정상가동,189,380,60,2025,,2024-10-30,광주광역시 광산구청,,2025-07-02
서림ENG태양광발전소,광주광역시 광산구 평동산단2번로 25,광주광역시 광산구 용동 674-11,,,옥상,정상가동,91,380,60,2023,,2021-05-17,광주광역시 광산구청,,2025-07-02
성원태양광발전소,광주광역시 광산구 평동산단2번로 25-1,광주광역시 광산구 용동 674-3,,,옥상,정상가동,50,380,60,2014,,2013-10-14,광주광역시 광산구청,,2025-07-02
유겸1호태양광발전소,광주광역시 광산구 평동산단2번로 29,광주광역시 광산구 용동 674-9,,,옥상,정상가동,99.84,380,60,2022,,2021-09-02,광주광역시 광산구청,,2025-07-02
청운하이텍2호태양광발전소,광주광역시 광산구 평동산단2번로 51,광주광역시 광산구 용동 674-14,,,옥상,정상가동,80,380,60,2014,,2014-06-10,광주광역시 광산구청,,2025-07-02
청운하이텍1호태양광발전소,광주광역시 광산구 평동산단2번로 51,광주광역시 광산구 용동 674-14,,,옥상,정상가동,74,380,60,2014,,2014-06-10,광주광역시 광산구청,,2025-07-02
진양화학태양광발전소,광주광역시 광산구 평동산단2번로 58,광주광역시 광산구 용동 670-5,,,옥상,정상가동,97.2,380,60,2019,,2018-10-08,광주광역시 광산구청,,2025-07-02
에스엠뿌레태양광발전소,광주광역시 광산구 진곡산단중앙로 259,광주광역시 광산구 고룡동 1023,,,옥상,정상가동,81.2,380,60,2021,,2020-09-22,광주광역시 광산구청,,2025-07-02
신용태양광발전소,광주광역시 광산구 평동산단2번로 72,,,,옥상,정상가동,99,380,60,2024,,2024-11-18,광주광역시 광산구청,,2025-07-02
현빈태양광발전소,광주광역시 광산구 월계로140번길 35-18,광주광역시 광산구 월계동 831-7,,,옥상,정상가동,14.69,380,60,2021,,2021-09-01,광주광역시 광산구청,,2025-07-02
유니온산업㈜태양광발전소,광주광역시 광산구 평동산단2번로 74,광주광역시 광산구 용동 670-17,,,옥상,정상가동,259.2,380,60,2019,,2018-08-23,광주광역시 광산구청,,2025-07-02
서인태양광발전소,광주광역시 광산구 비아중앙로 69,광주광역시 광산구 비아동 155-14,,,옥상,정상가동,41.04,380,60,2021,,2021-09-27,광주광역시 광산구청,,2025-07-02
가은태양광발전소,광주광역시 광산구 월계로34번길 37-15,광주광역시 광산구 월계동 779-3,,,옥상,정상가동,19.61,380,60,2021,,2021-08-10,광주광역시 광산구청,,2025-07-02
행복태양광발전소,광주광역시 광산구 첨단중앙로67번길 8-9,광주광역시 광산구 월계동 830-4,,,옥상,정상가동,19.61,380,60,2021,,2021-07-28,광주광역시 광산구청,,2025-07-02
미래엠이씨태양광발전소,광주광역시 광산구 평동산단2번로 76,광주광역시 광산구 용동 670-18,,,옥상,정상가동,29.5,380,60,2023,,2023-03-03,광주광역시 광산구청,,2025-07-02
선옥태양광발전소,광주광역시 광산구 임방울대로 142-6,광주광역시 광산구 운남동 387-42,,,옥상,정상가동,28.52,380,60,2021,,2021-09-08,광주광역시 광산구청,,2025-07-02
나누리태양광발전소,광주광역시 광산구 평동산단2번로 76,광주광역시 광산구 용동 670-18,,,옥상,정상가동,99,380,60,2023,,2023-03-03,광주광역시 광산구청,,2025-07-02
엠엘2호태양광,광주광역시 광산구 임곡로 30-5,광주광역시 광산구 임곡동 130-5,,,옥상,정상가동,68.04,380,60,2021,,2021-10-13,광주광역시 광산구청,,2025-07-02
엠엘1호태양광,광주광역시 광산구 임곡로 30-5,광주광역시 광산구 임곡동 130-5,,,옥상,정상가동,68.04,380,60,2021,,2021-10-13,광주광역시 광산구청,,2025-07-02
삼산알미늄태양광발전소,광주광역시 광산구 손재로 436-12,광주광역시 광산구 오선동 270-112,,,옥상,정상가동,449.28,380,60,2021,,2021-09-08,광주광역시 광산구청,,2025-07-02
승인태양광발전소,광주광역시 광산구 진곡산단5번로 1-14,광주광역시 광산구 진곡동 676,,,옥상,정상가동,998.2,22900,60,2021,,2021-07-06,광주광역시 광산구청,,2025-07-02
기문태양광발전소,광주광역시 광산구 사암로92번길 11-11,광주광역시 광산구 우산동 1613-15,,,옥상,정상가동,17.85,380,60,2021,,2021-09-27,광주광역시 광산구청,,2025-07-02
운남태양광발전소,광주광역시 광산구 풍영철길로 188-161,광주광역시 광산구 운남동 534-1,,,기타,정상가동,99.64,380,60,2021,,2021-08-30,광주광역시 광산구청,,2025-07-02
나영재태양광발전소,광주광역시 광산구 평동산단2번로 76,,,,옥외,정상가동,35,380,60,2024,,2024-01-10,광주광역시 광산구청,,2025-07-02
지순태양광발전소,광주광역시 광산구 평동산단2번로 76,,,,옥외,정상가동,50.4,380,60,2025,,2024-06-26,광주광역시 광산구청,,2025-07-02
김형규태양광발전소,광주광역시 광산구 평동산단2번로 80,광주광역시 광산구 용동 670-12,,,옥상,정상가동,83.52,380,60,2015,,2015-04-03,광주광역시 광산구청,,2025-07-02
HS태양광발전소,광주광역시 광산구 사암로106번길 114,광주광역시 광산구 우산동 1068-7,,,옥상,정상가동,28.8,380,60,2021,,2021-10-25,광주광역시 광산구청,,2025-07-02
드림태양광발전소,광주광역시 광산구 비아로 78,광주광역시 광산구 도천동 626-13,,,옥상,정상가동,24.7,380,60,2021,,2020-07-17,광주광역시 광산구청,,2025-07-02
김형규2호태양광발전소,광주광역시 광산구 평동산단2번로 80,광주광역시 광산구 용동 670-12,,,옥상,정상가동,52.8,380,60,2015,,2015-06-16,광주광역시 광산구청,,2025-07-02
뉴서광태양광발전소,광주광역시 광산구 하남산단7번로 63,광주광역시 광산구 오선동 546-24,,,옥상,정상가동,999.12,22900,60,2021,,2021-08-26,광주광역시 광산구청,,2025-07-02
해양에너지상황실태양광발전소,광주광역시 광산구 손재로287번길 59,광주광역시 광산구 하남동 500-3,,,옥상,정상가동,29.6,380,60,2021,,2021-08-10,광주광역시 광산구청,,2025-07-02
진곡산단주차장 6호기,,광주광역시 광산구 오선동 742,,,옥외,정상가동,99.19,380,60,2021,,2021-11-23,광주광역시 광산구청,,2025-07-02
진곡산단주차장 5호기,,광주광역시 광산구 진곡동 686,,,옥외,정상가동,98.28,380,60,2021,,2021-11-23,광주광역시 광산구청,,2025-07-02
진곡산단주차장 1호기,,광주광역시 광산구 고룡동 997,,,옥외,정상가동,98.28,380,60,2021,,2021-11-23,광주광역시 광산구청,,2025-07-02
전자공고 햇빛발전소 5호기,광주광역시 광산구 첨단중앙로 7,광주광역시 광산구 월계동 864-2,,,옥상,정상가동,99.65,380,60,2021,,2021-10-18,광주광역시 광산구청,,2025-07-02
서언태양광발전소,광주광역시 광산구 임방울대로825번길 44,광주광역시 광산구 쌍암동 686-5,,,옥상,정상가동,29.44,380,60,2021,,2021-08-24,광주광역시 광산구청,,2025-07-02
임곡농협2태양광발전소,광주광역시 광산구 고봉로 808,광주광역시 광산구 임곡동 450-18,,,옥상,정상가동,70.2,380,60,2021,,2020-02-13,광주광역시 광산구청,,2025-07-02
제이엠3호태양광발전소,광주광역시 광산구 평동산단2번로 85,광주광역시 광산구 용동 669-6,,,옥상,정상가동,97.58,380,60,2023,,2023-04-07,광주광역시 광산구청,,2025-07-02
김창용태양광발전소,광주광역시 광산구 소촌로 25-10,광주광역시 광산구 소촌동 657-3,,,옥상,정상가동,76.44,380,60,2022,,2021-09-02,광주광역시 광산구청,,2025-07-02
제이엠2호태양광발전소,광주광역시 광산구 평동산단2번로 85,광주광역시 광산구 용동 669-6,,,옥상,정상가동,97.58,380,60,2023,,2023-04-07,광주광역시 광산구청,,2025-07-02
제이엠1호태양광발전소,광주광역시 광산구 평동산단2번로 85,광주광역시 광산구 용동 669-6,,,옥상,정상가동,97.58,380,60,2023,,2023-04-07,광주광역시 광산구청,,2025-07-02
진곡산단주차장 4호기,,광주광역시 광산구 고룡동 1007,,,옥외,정상가동,40.95,380,60,2022,,2021-11-23,광주광역시 광산구청,,2025-07-02
진곡산단주차장 3호기,,광주광역시 광산구 오선동 643,,,옥외,정상가동,80.99,380,60,2022,,2021-11-23,광주광역시 광산구청,,2025-07-02
진곡산단주차장 2호기,,광주광역시 광산구 오선동 634,,,옥외,정상가동,94.64,380,60,2022,,2021-11-23,광주광역시 광산구청,,2025-07-02
전자공고 햇빛발전소 6호기,광주광역시 광산구 첨단중앙로 7,광주광역시 광산구 월계동 864-2,,,옥상,정상가동,99.84,380,60,2022,,2021-10-18,광주광역시 광산구청,,2025-07-02
전자공고 햇빛발전소 4호기,광주광역시 광산구 첨단중앙로 7,광주광역시 광산구 월계동 864-2,,,옥상,정상가동,99.84,380,60,2022,,2021-10-18,광주광역시 광산구청,,2025-07-02
전자공고 햇빛발전소 3호기,광주광역시 광산구 첨단중앙로 7,광주광역시 광산구 월계동 864-2,,,옥상,정상가동,99.84,380,60,2022,,2021-10-18,광주광역시 광산구청,,2025-07-02
전자공고 햇빛발전소 1호기,광주광역시 광산구 첨단중앙로 7,광주광역시 광산구 월계동 864-2,,,옥상,정상가동,99.84,380,60,2022,,2021-10-18,광주광역시 광산구청,,2025-07-02
(주)제일자동차운전전문학원,광주광역시 광산구 풍영정길 241-17,광주광역시 광산구 신창동 1094-1,,,옥상,정상가동,29.75,380,60,2022,,2021-06-07,광주광역시 광산구청,,2025-07-02
고려솔루션태양광발전소,광주광역시 광산구 진곡산단4번로 31-8,광주광역시 광산구 진곡동 584,,,옥상,정상가동,496.8,380,60,2022,,2021-09-28,광주광역시 광산구청,,2025-07-02
동진태양광발전소,광주광역시 광산구 하남산단천변우로 126,광주광역시 광산구 도천동 619-23,,,옥상,정상가동,95.94,380,60,2022,,2020-06-29,광주광역시 광산구청,,2025-07-02
kepco-10-2-보문고(스탠드)태양광발전소,광주광역시 광산구 어등대로529번길 37,광주광역시 광산구 운수동 308,,,옥외,정상가동,99.76,380,60,2022,,2019-11-05,광주광역시 광산구청,,2025-07-02
풍천기공태양광발전소,광주광역시 광산구 평동산단2번로 89,광주광역시 광산구 용동 669-8,,,옥상,정상가동,192.96,380,60,2017,,2017-02-27,광주광역시 광산구청,,2025-07-02
김홍윤3호태양광발전소,광주광역시 광산구 하남산단천변좌로 53-7,광주광역시 광산구 안청동 739-28,,,옥상,정상가동,99.65,380,60,2022,,2021-08-10,광주광역시 광산구청,,2025-07-02
㈜미광이엔에스,광주광역시 광산구 평동산단3번로 12,광주광역시 광산구 용동 213,,,옥상,정상가동,50,380,60,2015,,2014-08-12,광주광역시 광산구청,,2025-07-02
유한회사이준태양광발전소,광주광역시 광산구 고봉로 53,광주광역시 광산구 하남동 1197,,,옥상,정상가동,199.64,380,60,2022,,2021-10-14,광주광역시 광산구청,,2025-07-02
지퍼이엔지2태양광발전소,광주광역시 광산구 하남산단6번로 73-12,광주광역시 광산구 오선동 270-74,,,옥상,정상가동,99.33,380,60,2022,,2021-12-14,광주광역시 광산구청,,2025-07-02
지퍼이엔지1태양광발전소,광주광역시 광산구 하남산단6번로 73-12,광주광역시 광산구 오선동 270-74,,,옥상,정상가동,99.33,380,60,2022,,2021-12-14,광주광역시 광산구청,,2025-07-02
삼원정밀태양광발전소,광주광역시 광산구 하남산단3번로 23-31,광주광역시 광산구 장덕동 988-7,,,옥상,정상가동,201.6,380,60,2022,,2021-12-14,광주광역시 광산구청,,2025-07-02
선광태양광발전소,광주광역시 광산구 평동산단3번로 12-1,광주광역시 광산구 용동 216,,,옥상,정상가동,71.4,380,60,2017,,2017-09-11,광주광역시 광산구청,,2025-07-02
지티태양광발전소,광주광역시 광산구 평동산단3번로 147,,,,옥상,정상가동,499.13,380,60,2024,,2024-03-14,광주광역시 광산구청,,2025-07-02
그린태양광발전소,광주광역시 광산구 평동산단3번로 149,,,,옥상,정상가동,499.13,380,60,2024,,2017-06-16,광주광역시 광산구청,,2025-07-02
완승태양광발전소,광주광역시 광산구 신가삼효로 45,광주광역시 광산구 신가동 1038-3,,,옥상,정상가동,25.3,380,60,2022,,2021-08-10,광주광역시 광산구청,,2025-07-02
한길태양광발전소,광주광역시 광산구 풍영정길 31,광주광역시 광산구 신창동 853-12,,,옥상,정상가동,37.92,380,60,2022,,2024-11-25,광주광역시 광산구청,,2025-07-02
선종태양광발전소,광주광역시 광산구 진곡산단1번로 42,광주광역시 광산구 오선동 568,,,옥상,정상가동,2499.64,22900,60,2022,,2021-09-29,광주광역시 광산구청,,2025-07-02
캠플태양광발전소,광주광역시 광산구 진곡산단4번로 31-22,광주광역시 광산구 진곡동 586-1,,,옥상,정상가동,29.9,380,60,2022,,2022-01-28,광주광역시 광산구청,,2025-07-02
에코에너지태양광발전소,광주광역시 광산구 평동산단3번로 185,광주광역시 광산구 장록동 751-17,,,옥상,정상가동,997.92,22900,380,2018,,2017-09-18,광주광역시 광산구청,,2025-07-02
케이에이치태양광발전소,광주광역시 광산구 평동산단3번로 219,광주광역시 광산구 장록동 751-13,,,옥상,정상가동,223.72,380,60,2017,,2017-06-05,광주광역시 광산구청,,2025-07-02
에이치제이 태양광발전소,광주광역시 광산구 평동산단3번로 219,광주광역시 광산구 장록동 751-10,,,옥상,정상가동,306.18,380,60,2019,,2019-06-18,광주광역시 광산구청,,2025-07-02
남도호이스트 태양광발전소,광주광역시 광산구 평동산단3번로 28,광주광역시 광산구 용동 193,,,옥상,정상가동,19.71,380,60,2019,,2019-03-04,광주광역시 광산구청,,2025-07-02
야곱태양광발전소,,광주광역시 광산구 송학동 197-1,,,옥상,정상가동,45.24,380,60,2022,,2022-02-28,광주광역시 광산구청,,2025-07-02
세인태양광발전소,광주광역시 광산구 하남산단4번로 123-14,광주광역시 광산구 장덕동 975-7,,,옥상,정상가동,268.8,380,60,2022,,2022-04-11,광주광역시 광산구청,,2025-07-02
태성정밀태양광발전소,광주광역시 광산구 하남산단9번로 39-9,광주광역시 광산구 안청동 734-11,,,옥상,정상가동,153,380,60,2022,,2022-02-16,광주광역시 광산구청,,2025-07-02
(주)거광기업,광주광역시 광산구 손재로 512-25,광주광역시 광산구 안청동 735-19,,,옥상,정상가동,518,380,60,2022,,2020-06-26,광주광역시 광산구청,,2025-07-02
라도태양광발전소,광주광역시 광산구 진곡산단2번로 27,광주광역시 광산구 오선동 603,,,옥상,정상가동,499.7,380,60,2022,,2022-04-18,광주광역시 광산구청,,2025-07-02
대명호이스트,광주광역시 광산구 평동산단3번로 28-1,광주광역시 광산구 용동 193-4,,,옥상,정상가동,19.71,380,60,2019,,2019-03-04,광주광역시 광산구청,,2025-07-02
지영 태양광발전소,광주광역시 광산구 평동산단3번로 36,,,,옥상,정상가동,79.8,380,60,2024,,2023-09-19,광주광역시 광산구청,,2025-07-02
이을쏠라태양광발전소,광주광역시 광산구 소촌로 25-7,광주광역시 광산구 소촌동 656-9,,,옥상,정상가동,56.75,380,60,2022,,2022-05-02,광주광역시 광산구청,,2025-07-02
빛고을태양광발전소,광주광역시 광산구 평동산단3번로 6,광주광역시 광산구 용동 219-2,,,옥상,정상가동,52.36,380,60,2023,,2023-11-20,광주광역시 광산구청,,2025-07-02
다온태양광발전소,광주광역시 광산구 월곡로 7-1,광주광역시 광산구 월곡동 550-17,,,옥상,정상가동,19.2,380,60,2022,,2022-05-04,광주광역시 광산구청,,2025-07-02
삼성스텐레스1 태양광발전소,광주광역시 광산구 평동산단3번로 76,광주광역시 광산구 옥동 1232-7,,,옥상,정상가동,425.25,380,60,2020,,2019-09-26,광주광역시 광산구청,,2025-07-02
삼성스텐레스2 태양광발전소,광주광역시 광산구 평동산단3번로 77,광주광역시 광산구 용동 671-6,,,옥상,정상가동,405,380,60,2020,,2019-09-26,광주광역시 광산구청,,2025-07-02
수성 태양광발전소,광주광역시 광산구 평동산단3번로 83,광주광역시 광산구 용동 671-7,,,옥상,정상가동,99000,380,60,2015,,2015-04-03,광주광역시 광산구청,,2025-07-02
일도태양광발전소,광주광역시 광산구 하남산단9번로 146,광주광역시 광산구 안청동 739-47,,,옥상,정상가동,99.9,380,60,2022,,2021-12-22,광주광역시 광산구청,,2025-07-02
도원미태양광발전소,광주광역시 광산구 원두로 60,광주광역시 광산구 월전동 1260,,,옥상,정상가동,281.88,380,60,2022,,2022-01-20,광주광역시 광산구청,,2025-07-02
제이에스케미칼태양광발전소,광주광역시 광산구 비아로 80,광주광역시 광산구 도천동 626-4,,,옥상,정상가동,24.94,380,60,2022,,2022-04-19,광주광역시 광산구청,,2025-07-02
햇빛1태양광발전소,광주광역시 광산구 고봉로 228,광주광역시 광산구 장수동 462-13,,,기타,정상가동,99.36,380,60,2022,,2021-12-23,광주광역시 광산구청,,2025-07-02
한길테크2호태양광발전소,광주광역시 광산구 하남산단10번로 115-20,광주광역시 광산구 안청동 730-17,,,옥상,정상가동,99.84,380,60,2022,,2022-04-21,광주광역시 광산구청,,2025-07-02
한길테크1호태양광발전소,광주광역시 광산구 하남산단10번로 115-20,광주광역시 광산구 안청동 730-17,,,옥상,정상가동,99.84,380,60,2022,,2022-04-21,광주광역시 광산구청,,2025-07-02
에스비엘5호태양광발전소,광주광역시 광산구 평동산단3번로 91,,,,옥상,정상가동,99,380,60,2024,,2024-04-01,광주광역시 광산구청,,2025-07-02
풍영체육시설 햇빛발전기 1호기 태양광 발전소,광주광역시 광산구 풍영철길로 106-2,광주광역시 광산구 운남동 762-9,,,옥외,정상가동,99.84,380,60,2022,,2022-02-08,광주광역시 광산구청,,2025-07-02
에스비엘4호태양광발전소,광주광역시 광산구 평동산단3번로 91,,,,옥상,정상가동,150,380,60,2024,,2024-04-01,광주광역시 광산구청,,2025-07-02
에스비엘3호태양광발전소,광주광역시 광산구 평동산단3번로 91,,,,옥상,정상가동,150,380,60,2024,,2024-04-01,광주광역시 광산구청,,2025-07-02
에스비엘8호태양광발전소,광주광역시 광산구 평동산단3번로 91,,,,옥상,정상가동,99.96,380,60,2025,,2024-08-08,광주광역시 광산구청,,2025-07-02
은화태양광발전소,광주광역시 광산구 어등대로603번길 3,광주광역시 광산구 소촌동 645-4,,,옥상,정상가동,29.76,380,60,2022,,2022-06-13,광주광역시 광산구청,,2025-07-02
(주)재원테크3호,광주광역시 광산구 진곡산단6번로 25-60,광주광역시 광산구 고룡동 984-2,,,옥상,정상가동,257.05,380,60,2022,,2022-04-06,광주광역시 광산구청,,2025-07-02
에스비엘7호태양광발전소,광주광역시 광산구 평동산단3번로 91,,,,옥상,정상가동,99.96,380,60,2025,,2024-08-08,광주광역시 광산구청,,2025-07-02
에스엠뿌레2호태양광발전소,광주광역시 광산구 진곡산단중앙로 259,광주광역시 광산구 고룡동 1023,,,옥상,정상가동,118.32,380,60,2022,,2022-04-06,광주광역시 광산구청,,2025-07-02
더불어태양광발전소,광주광역시 광산구 용진로 28-101,광주광역시 광산구 송산동 220-1,,,옥상,정상가동,98.28,380,60,2022,,2019-04-22,광주광역시 광산구청,,2025-07-02
에스비엘6호태양광발전소,광주광역시 광산구 평동산단3번로 91,,,,옥상,정상가동,99.96,380,60,2025,,2024-08-08,광주광역시 광산구청,,2025-07-02
고성산업태양광발전소,광주광역시 광산구 하남산단3번로 23-29,광주광역시 광산구 장덕동 988-8,,,옥상,정상가동,98.94,380,60,2022,,2022-05-30,광주광역시 광산구청,,2025-07-02
청윤태양광발전소2호,광주광역시 광산구 풍영철길로 106-3,광주광역시 광산구 운남동 534-3,,,옥외,정상가동,27.84,380,60,2022,,2022-04-06,광주광역시 광산구청,,2025-07-02
청윤태양광발전소,광주광역시 광산구 풍영철길로 106-3,광주광역시 광산구 운남동 534-3,,,옥상,정상가동,91.06,380,60,2022,,2022-04-06,광주광역시 광산구청,,2025-07-02
세진글로벌태양광발전소,광주광역시 광산구 평동산단3번로 98,광주광역시 광산구 옥동 1232-4,,,옥상,정상가동,351.12,380,60,2018,,2018-03-23,광주광역시 광산구청,,2025-07-02
케이테크태양광발전소 5호,광주광역시 광산구 평동산단5번우로 10,광주광역시 광산구 월전동 992,,,옥상,정상가동,800,22900,60,2019,,2017-01-06,광주광역시 광산구청,,2025-07-02
가나 태양광발전소,광주광역시 광산구 평동산단5번우로 28,광주광역시 광산구 월전동 1003,,,기타,정상가동,449.91,380,60,2020,,2019-07-31,광주광역시 광산구청,,2025-07-02
㈜금호기공태양광발전소,광주광역시 광산구 평동산단5번우로 40,광주광역시 광산구 월전동 1005,,,옥상,정상가동,347.7,22900,60,2014,,2014-02-13,광주광역시 광산구청,,2025-07-02
하이태양광발전소,광주광역시 광산구 상무대로 507-24,광주광역시 광산구 우산동 219-24,,,기타,정상가동,97.2,380,60,2022,,2022-08-08,광주광역시 광산구청,,2025-07-02
CH2태양광발전소,광주광역시 광산구 월전로 50,광주광역시 광산구 월전동 1264,,,옥상,정상가동,98.46,380,60,2022,,2022-05-25,광주광역시 광산구청,,2025-07-02
CH1태양광발전소,광주광역시 광산구 월전로 50,광주광역시 광산구 월전동 1264,,,옥상,정상가동,98.46,380,60,2022,,2022-05-25,광주광역시 광산구청,,2025-07-02
JW2태양광발전소,광주광역시 광산구 월전로 50,광주광역시 광산구 월전동 1264,,,옥상,정상가동,83.78,380,60,2022,,2022-05-24,광주광역시 광산구청,,2025-07-02
JW1태양광발전소,광주광역시 광산구 월전로 50,광주광역시 광산구 월전동 1264,,,옥상,정상가동,99.37,380,60,2022,,2022-05-31,광주광역시 광산구청,,2025-07-02
예광태양광발전소,광주광역시 광산구 하남산단6번로 14-6,광주광역시 광산구 오선동 273-32,,,옥상,정상가동,99.84,380,60,2022,,2022-02-07,광주광역시 광산구청,,2025-07-02
금호기공2 태양광발전소,광주광역시 광산구 평동산단5번우로 40,광주광역시 광산구 월전동 1005,,,옥상,정상가동,99.96,380,60,2021,,2020-09-23,광주광역시 광산구청,,2025-07-02
케이테크 태양광발전소 7호,광주광역시 광산구 평동산단5번우로 80,광주광역시 광산구 월전동 1046-1,,,옥상,정상가동,998.4,22900,60,2020,,2019-12-20,광주광역시 광산구청,,2025-07-02
일신태양광발전소,광주광역시 광산구 평동산단5번좌로 109,광주광역시 광산구 월전동 1256,,,옥상,정상가동,373.12,22900,60,2014,,2014-06-02,광주광역시 광산구청,,2025-07-02
용해태양광발전소,광주광역시 광산구 임곡로 711-15,광주광역시 광산구 안청동 2-6,,,옥상,정상가동,99.84,380,60,2022,,2022-04-07,광주광역시 광산구청,,2025-07-02
신원태양광발전소,광주광역시 광산구 벽파정길 18,광주광역시 광산구 고룡동 875-1,,,옥상,정상가동,31.2,380,60,2022,,2022-05-10,광주광역시 광산구청,,2025-07-02
재경TEC태양광발전소,광주광역시 광산구 용아로 631-15,광주광역시 광산구 오선동 273-27,,,옥상,정상가동,143.88,380,60,2022,,2022-04-08,광주광역시 광산구청,,2025-07-02
진명태양광발전소,광주광역시 광산구 하남울로공원2길 24,광주광역시 광산구 흑석동 773,,,옥상,정상가동,19.64,380,60,2022,,2022-07-29,광주광역시 광산구청,,2025-07-02
우리태양광발전소,광주광역시 광산구 소촌로 52,광주광역시 광산구 소촌동 396,,,옥상,정상가동,28.56,380,60,2022,,2023-05-16,광주광역시 광산구청,,2025-07-02
서준5호태양광발전소,광주광역시 광산구 도천남길 38-23,광주광역시 광산구 도천동 351-6,,,옥외,정상가동,99.19,380,60,2022,,2022-07-13,광주광역시 광산구청,,2025-07-02
서준4호태양광발전소,광주광역시 광산구 도천남길 38-23,광주광역시 광산구 도천동 351-6,,,옥외,정상가동,99.19,380,60,2022,,2022-07-13,광주광역시 광산구청,,2025-07-02
서준3호태양광발전소,광주광역시 광산구 도천남길 38-23,광주광역시 광산구 도천동 351-6,,,옥외,정상가동,99.19,380,60,2022,,2022-07-13,광주광역시 광산구청,,2025-07-02
서준2호태양광발전소,광주광역시 광산구 도천남길 38-23,광주광역시 광산구 도천동 351-6,,,기타,정상가동,99.19,380,60,2022,,2022-07-13,광주광역시 광산구청,,2025-07-02
서준1호태양광발전소,광주광역시 광산구 도천남길 38-23,광주광역시 광산구 도천동 351-6,,,옥상,정상가동,99.19,380,60,2022,,2022-07-13,광주광역시 광산구청,,2025-07-02
미래세움에너지태양광발전소,광주광역시 광산구 평동산단5번좌로 123,광주광역시 광산구 월전동 1254,,,옥상,정상가동,289.5,22900,60,2013,,2013-04-17,광주광역시 광산구청,,2025-07-02
우림4호태양광발전소,광주광역시 광산구 어등대로 555,광주광역시 광산구 운수동 66-139,,,옥외,정상가동,99.5,380,60,2022,,2022-06-08,광주광역시 광산구청,,2025-07-02
우림3호태양광발전소,광주광역시 광산구 어등대로 555,광주광역시 광산구 운수동 66-139,,,옥외,정상가동,99.5,380,60,2022,,2022-06-08,광주광역시 광산구청,,2025-07-02
우림2호태양광발전소,광주광역시 광산구 어등대로 555,광주광역시 광산구 운수동 66-139,,,기타,정상가동,99.5,380,60,2022,,2022-06-08,광주광역시 광산구청,,2025-07-02
우림1호태양광발전소,광주광역시 광산구 어등대로 555,광주광역시 광산구 운수동 66-139,,,옥상,정상가동,99.5,380,60,2022,,2022-06-08,광주광역시 광산구청,,2025-07-02
모아에스엔피태양광발전소,광주광역시 광산구 평동산단5번좌로 29,광주광역시 광산구 월전동 983,,,옥상,정상가동,284,22900,60,2014,,2014-10-02,광주광역시 광산구청,,2025-07-02
미래에너지태양광발전소2호,광주광역시 광산구 평동산단5번좌로 75,광주광역시 광산구 월전동 1245,,,옥상,정상가동,53,380,60,2013,,2013-07-22,광주광역시 광산구청,,2025-07-02
미래에너지태양광발전소1호,광주광역시 광산구 평동산단5번좌로 75,광주광역시 광산구 월전동 1245,,,옥상,정상가동,76,380,60,2013,,2013-07-22,광주광역시 광산구청,,2025-07-02
미래에너지태양광발전소3호,광주광역시 광산구 평동산단5번좌로 75,광주광역시 광산구 월전동1245,,,옥상,정상가동,52,380,60,2014,,2014-01-17,광주광역시 광산구청,,2025-07-02
수성케이알태양광발전소,광주광역시 광산구 평동산단5번좌로 81,광주광역시 광산구 월전동 1244,,,옥상,정상가동,374.4,380,60,2022,,2022-01-03,광주광역시 광산구청,,2025-07-02
태한태양광발전소,광주광역시 광산구 하남산단4번로 125,광주광역시 광산구 장덕동 975-15,,,옥상,정상가동,99.71,380,60,2022,,2022-07-29,광주광역시 광산구청,,2025-07-02
사남매태양광발전소,광주광역시 광산구 임방울대로 25,광주광역시 광산구 우산동 634-3,,,기타,정상가동,996.03,22900,60,2022,,2022-05-10,광주광역시 광산구청,,2025-07-02
엠에이에스피태양광발전소,광주광역시 광산구 하남산단7번로 66,광주광역시 광산구 오선동 270-117,,,옥상,정상가동,199.98,380,60,2022,,2022-06-08,광주광역시 광산구청,,2025-07-02
아인스오앤씨2태양광발전소,광주광역시 광산구 풍영정길 459-20,광주광역시 광산구 산월동 854-4,,,옥외,정상가동,28.8,380,60,2022,,2022-04-08,광주광역시 광산구청,,2025-07-02
아인스오앤씨1태양광발전소,광주광역시 광산구 풍영정길 459-20,광주광역시 광산구 산월동 854-4,,,기타,정상가동,99.36,380,60,2022,,2022-04-08,광주광역시 광산구청,,2025-07-02
동식태양광발전소,광주광역시 광산구 비아안길 78,광주광역시 광산구 비아동 714-7,,,옥상,정상가동,17.99,380,60,2022,,2022-06-16,광주광역시 광산구청,,2025-07-02
에이치에스컴퍼니태양광발전소,광주광역시 광산구 장신로148번길 9-14,광주광역시 광산구 수완동 1464,,,옥상,정상가동,73.71,380,60,2022,,2022-04-06,광주광역시 광산구청,,2025-07-02
정도바이오태양광발전소,광주광역시 광산구 용아로 554,광주광역시 광산구 장덕동 982-7,,,옥상,정상가동,349.2,380,60,2022,,2022-04-06,광주광역시 광산구청,,2025-07-02
농업회사법인이조은산소㈜,광주광역시 광산구 평동산단6번로 102-14,광주광역시 광산구 월전동 1032,,,옥상,정상가동,280.5,380,60,2016,,2014-09-02,광주광역시 광산구청,,2025-07-02
더조은산소태양광,광주광역시 광산구 평동산단6번로 102-14,광주광역시 광산구 월전동 1032,,,기타,정상가동,99,380,60,2018,,2017-12-18,광주광역시 광산구청,,2025-07-02
민선태양광발전소,광주광역시 광산구 장신로147번길 5-8,광주광역시 광산구 수완동 1098,,,옥상,정상가동,99.84,380,60,2022,,2022-08-08,광주광역시 광산구청,,2025-07-02
정도테크태양광발전소,광주광역시 광산구 용아로 552-11,광주광역시 광산구 장덕동 982-5,,,옥상,정상가동,251.64,380,60,2022,,2022-04-06,광주광역시 광산구청,,2025-07-02
에스원테크태양광발전소,광주광역시 광산구 하남산단5번로 42-1,광주광역시 광산구 장덕동 977-12,,,옥상,정상가동,164.05,380,60,2022,,2022-05-31,광주광역시 광산구청,,2025-07-02
국제에너지태양광발전소,광주광역시 광산구 하남산단10번로 112,광주광역시 광산구 안청동 732-16,,,옥상,정상가동,99.91,380,60,2022,,2022-08-19,광주광역시 광산구청,,2025-07-02
도현태양광발전소,광주광역시 광산구 하남산단9번로 107,광주광역시 광산구 안청동 732-10,,,옥상,정상가동,198.31,380,60,2022,,2018-08-23,광주광역시 광산구청,,2025-07-02
명동에너지,광주광역시 광산구 진곡산단6번로 25-26,광주광역시 광산구 고룡동 987,,,옥상,정상가동,196.2,380,60,2022,,2021-09-08,광주광역시 광산구청,,2025-07-02
성원2태양광발전소,광주광역시 광산구 손재로287번길 76,광주광역시 광산구 하남동 499-13,,,옥상,정상가동,50.58,380,60,2022,,2022-09-22,광주광역시 광산구청,,2025-07-02
성원1태양광발전소,광주광역시 광산구 손재로287번길 76,광주광역시 광산구 하남동 499-13,,,옥상,정상가동,99.37,380,60,2022,,2022-09-22,광주광역시 광산구청,,2025-07-02
한림1호태양광발전소,광주광역시 광산구 목련로 215,광주광역시 광산구 운남동 519-1,,,옥상,정상가동,99.12,380,60,2022,,2022-08-22,광주광역시 광산구청,,2025-07-02
한듬태양광발전소,광주광역시 광산구 왕버들로 217,광주광역시 광산구 수완동 136-6,,,옥상,정상가동,308.21,380,60,2022,,2022-08-22,광주광역시 광산구청,,2025-07-02
글로벌3호태양광발전소,광주광역시 광산구 진곡산단중앙로 97,광주광역시 광산구 오선동 594,,,옥상,정상가동,470.88,380,60,2022,,2022-06-27,광주광역시 광산구청,,2025-07-02
호남상사태양광발전소,광주광역시 광산구 하남산단8번로 176,광주광역시 광산구 도천동 622-11,,,옥상,정상가동,99.96,380,60,2022,,2022-10-12,광주광역시 광산구청,,2025-07-02
전자공고 햇빛발전소 2호기,광주광역시 광산구 첨단중앙로 7,광주광역시 광산구 월계동 864-2,,,옥상,정상가동,99.84,22900,60,2023,,2021-10-18,광주광역시 광산구청,,2025-07-02
우연태양광발전소,광주광역시 광산구 신도산길 10,광주광역시 광산구 도산동 1024-9,,,옥상,정상가동,24.5,380,60,2023,,2022-11-09,광주광역시 광산구청,,2025-07-02
참두레태양광발전소,광주광역시 광산구 평동산단6번로 102-16,광주광역시 광산구 월전동 1033,,,옥상,정상가동,84.24,380,60,2019,,2018-06-12,광주광역시 광산구청,,2025-07-02
지성이노솔태양광발전소,광주광역시 광산구 하남산단7번로 135-10,광주광역시 광산구 오선동 548-24,,,옥상,정상가동,147.15,380,60,2023,,2022-05-31,광주광역시 광산구청,,2025-07-02
㈜씨티스틸2태양광발전소,광주광역시 광산구 하남산단6번로 24-7,광주광역시 광산구 오선동 273-59,,,옥상,정상가동,90.44,380,60,2023,,2022-10-13,광주광역시 광산구청,,2025-07-02
㈜씨티스틸1태양광발전소,광주광역시 광산구 하남산단6번로 24-7,광주광역시 광산구 오선동 273-59,,,옥상,정상가동,97.44,380,60,2023,,2022-10-13,광주광역시 광산구청,,2025-07-02
대한태양광발전소,광주광역시 광산구 진곡산단5번로 70,광주광역시 광산구 진곡동 563,,,옥상,정상가동,149.64,380,60,2023,,2024-08-26,광주광역시 광산구청,,2025-07-02
명성태양광발전소,광주광역시 광산구 평동산단6번로 107,광주광역시 광산구 월전동 1058-1,,,옥상,정상가동,258.4,380,60,2018,,2023-09-11,광주광역시 광산구청,,2025-07-02
삼호전자태양광발전소,광주광역시 광산구 용아로 685,광주광역시 광산구 오선동 270-4,,,옥상,정상가동,283.22,380,60,2023,,2022-10-13,광주광역시 광산구청,,2025-07-02
대한태양광발전소,광주광역시 광산구 소촌로 105,광주광역시 광산구 소촌동 839-1,,,옥상,정상가동,99.36,380,60,2023,,2024-08-26,광주광역시 광산구청,,2025-07-02
모두와태양광발전소,광주광역시 광산구 왕버들로251번길 24,광주광역시 광산구 신창동 1123-1,,,옥상,정상가동,197.65,380,60,2023,,2021-01-15,광주광역시 광산구청,,2025-07-02
보은시스템태양광발전소,광주광역시 광산구 비아로147번길 8-35,광주광역시 광산구 비아동 673-4,,,옥상,정상가동,19.62,380,60,2023,,2022-07-29,광주광역시 광산구청,,2025-07-02
하늘별태양광발전소,광주광역시 광산구 월전로 22-15,광주광역시 광산구 월전동 1070,,,옥상,정상가동,47.2,380,60,2023,,2022-05-25,광주광역시 광산구청,,2025-07-02
이플태양광발전소,광주광역시 광산구 비아안길 37-15,광주광역시 광산구 비아동 691-12,,,옥상,정상가동,40.88,380,60,2023,,2022-09-21,광주광역시 광산구청,,2025-07-02
대금태양광발전소,광주광역시 광산구 임곡로 769-1,광주광역시 광산구 도천동 531-16,,,옥상,정상가동,16.35,380,60,2023,,2022-09-15,광주광역시 광산구청,,2025-07-02
현지태양광발전소,광주광역시 광산구 계안길 27-15,광주광역시 광산구 안청동 474,,,옥상,정상가동,19.68,380,60,2023,,2024-11-22,광주광역시 광산구청,,2025-07-02
티티에스피태양광발전소,광주광역시 광산구 하남산단천변좌로 35,광주광역시 광산구 안청동 739-23,,,옥상,정상가동,99,380,60,2023,,2022-10-24,광주광역시 광산구청,,2025-07-02
도윤태양광발전소,광주광역시 광산구 진곡산단2번로 8,광주광역시 광산구 오선동 553,,,옥상,정상가동,180.54,380,60,2023,,2020-03-18,광주광역시 광산구청,,2025-07-02
세다툴링태양광발전소,광주광역시 광산구 하남산단4번로 97,광주광역시 광산구 장덕동 977-16,,,옥상,정상가동,44.15,380,60,2023,,2022-10-13,광주광역시 광산구청,,2025-07-02
대화태양광발전소,광주광역시 광산구 소촌로 23,광주광역시 광산구 소촌동 656-7,,,옥상,정상가동,72.57,380,60,2023,,2022-08-23,광주광역시 광산구청,,2025-07-02
지민태양광발전소,광주광역시 광산구 진곡산단6번로 1-8,광주광역시 광산구 고룡동 959,,,옥상,정상가동,99,380,60,2023,,2022-09-20,광주광역시 광산구청,,2025-07-02
거산태양광발전소,광주광역시 광산구 진곡산단6번로 1-8,광주광역시 광산구 고룡동 959,,,옥상,정상가동,99,380,60,2023,,2022-09-20,광주광역시 광산구청,,2025-07-02
명신태양광발전소,광주광역시 광산구 진곡산단6번로 1-30,광주광역시 광산구 고룡동 954,,,옥상,정상가동,177,380,60,2023,,2022-06-09,광주광역시 광산구청,,2025-07-02
주영태양광발전소,광주광역시 광산구 북문대로 363-3,광주광역시 광산구 신창동 1086-13,,,옥상,정상가동,216.58,380,60,2023,,2022-11-09,광주광역시 광산구청,,2025-07-02
(주)부광스틸태양광발전소,광주광역시 광산구 평동산단6번로 140,광주광역시 광산구 월전동 150-10,,,옥상,정상가동,99.19,380,60,2022,,2022-01-17,광주광역시 광산구청,,2025-07-02
혁신태양광,광주광역시 광산구 평동산단6번로 16,광주광역시 광산구 월전동 1017-2,,,옥상,정상가동,196.8,380,60,2019,,2018-02-08,광주광역시 광산구청,,2025-07-02
(주)진양에스엔지 진양태양광발전소,광주광역시 광산구 평동산단6번로 30,광주광역시 광산구 월전동 1022-1,,,옥상,정상가동,96.6,380,60,2014,,2012-05-24,광주광역시 광산구청,,2025-07-02
보경태양광발전소,광주광역시 광산구 하남산단천변우로 20,광주광역시 광산구 도천동 622-8,,,옥상,정상가동,464,380,60,2023,,2016-09-19,광주광역시 광산구청,,2025-07-02
동인철강태양광발전소,광주광역시 광산구 평동산단6번로 6,광주광역시 광산구 월전동 1016,,,옥상,정상가동,485.45,380,60,2018,,2018-04-23,광주광역시 광산구청,,2025-07-02
디와이테크,광주광역시 광산구 하남산단4번로 123-6,광주광역시 광산구 장덕동 975-6,,,옥상,정상가동,99,380,60,2023,,2022-06-13,광주광역시 광산구청,,2025-07-02
태림태양광발전소,광주광역시 광산구 손재로 512-39,광주광역시 광산구 안청동 735-8,,,옥상,정상가동,498.96,380,60,2023,,2022-04-21,광주광역시 광산구청,,2025-07-02
인아웃오토메이션태양광발전소,광주광역시 광산구 평동산단6번로 78-13,광주광역시 광산구 월전동 1031-5,,,옥상,정상가동,83.16,380,60,2023,,2022-12-05,광주광역시 광산구청,,2025-07-02
현대에코6태양광발전소,,광주광역시 광산구 산막동 607-1,,,옥외,정상가동,79.4,380,60,2023,,2022-11-04,광주광역시 광산구청,,2025-07-02
현대에코5태양광발전소,,광주광역시 광산구 고룡동 606,,,옥외,정상가동,184.68,380,60,2023,,2022-11-04,광주광역시 광산구청,,2025-07-02
용산태양광발전소,광주광역시 광산구 수완로52번길 24,광주광역시 광산구 수완동 1652,,,옥상,정상가동,26.33,380,60,2023,,2021-10-13,광주광역시 광산구청,,2025-07-02
성수테크태양광발전소,광주광역시 광산구 손재로 376-8,광주광역시 광산구 오선동 273-17,,,옥상,정상가동,71.52,380,60,2023,,2022-09-15,광주광역시 광산구청,,2025-07-02
하이롬태양광발전소,광주광역시 광산구 하남산단3번로 74,광주광역시 광산구 장덕동 990-6,,,옥상,정상가동,116,380,60,2023,,2022-12-13,광주광역시 광산구청,,2025-07-02
한림태양광발전소,광주광역시 광산구 목련로253번길 23,광주광역시 광산구 운남동 522-3,,,옥상,정상가동,76.76,380,60,2023,,2022-09-21,광주광역시 광산구청,,2025-07-02
대상태양광발전소,광주광역시 광산구 평동산단6번로 78-15,광주광역시 광산구 월전동 1031-4,,,기타,정상가동,222.29,380,60,2019,,2018-10-01,광주광역시 광산구청,,2025-07-02
제이엠이앤씨 태양광발전소,광주광역시 광산구 진곡산단중앙로 284,광주광역시 광산구 고룡동 972,,,옥상,정상가동,199.92,380,60,2023,,2021-06-10,광주광역시 광산구청,,2025-07-02
CTRE51호태양광발전소,광주광역시 광산구 하남산단1번로 119,광주광역시 광산구 하남동 509-16,,,옥상,정상가동,209.28,380,60,2023,,2022-11-23,광주광역시 광산구청,,2025-07-02
이동만태양광발전소,광주광역시 광산구 광산로 103,광주광역시 광산구 송정동 702-8,,,옥상,정상가동,14.16,380,60,2023,,2022-11-04,광주광역시 광산구청,,2025-07-02
문앤문태양광발전소,광주광역시 광산구 첨단중앙로152번길 21,광주광역시 광산구 쌍암동 660-6,,,옥상,정상가동,60.48,380,60,2023,,2023-01-30,광주광역시 광산구청,,2025-07-02
아준태양광발전소,광주광역시 광산구 평동산단6번로 78-16,광주광역시 광산구 월전동 1031-10,,,옥상,정상가동,172.84,380,60,2022,,2022-07-13,광주광역시 광산구청,,2025-07-02
대신네트웍스태양광발전소,광주광역시 광산구 사암로 846-3,광주광역시 광산구 도천동 109-12,,,옥상,정상가동,54,380,60,2023,,2023-02-15,광주광역시 광산구청,,2025-07-02
케이테크태양광발전소 4호,광주광역시 광산구 평동산단6번로 87,광주광역시 광산구 월전동 1047-1,,,옥상,정상가동,450.66,380,60,2019,,2019-05-02,광주광역시 광산구청,,2025-07-02
에이제이 태양광발전소 3호,광주광역시 광산구 평동산단6번로 87,광주광역시 광산구 월전동 1047-1,,,옥상,정상가동,380.52,380,60,2021,,2020-09-21,광주광역시 광산구청,,2025-07-02
에너지송태양광발전소,광주광역시 광산구 신창로166번길 4,광주광역시 광산구 신창동 1151-1,,,옥상,정상가동,23.8,380,60,2023,,2023-04-03,광주광역시 광산구청,,2025-07-02
에이제이태양광발전소6호,광주광역시 광산구 평동산단6번로 87,광주광역시 광산구 월전동 1047-1,,,옥상,정상가동,335.34,380,60,2021,,2021-02-09,광주광역시 광산구청,,2025-07-02
모아엔텍태양광발전소,광주광역시 광산구 빛그린18로 15,광주광역시 광산구 삼거동 930,,,옥상,정상가동,99.99,380,60,2023,,2022-06-10,광주광역시 광산구청,,2025-07-02
로젠태양광발전소,광주광역시 광산구 하남산단4번로 19,광주광역시 광산구 장덕동 979-5,,,옥상,정상가동,998.4,22900,60,2023,,2022-09-20,광주광역시 광산구청,,2025-07-02
신창건물1호태양광발전소,광주광역시 광산구 신가매결길 38-2,광주광역시 광산구 신창동 1058-2,,,옥상,정상가동,72,380,60,2023,,2023-02-06,광주광역시 광산구청,,2025-07-02
마스타태양광발전소,광주광역시 광산구 하남산단10번로 135,광주광역시 광산구 안청동 730-7,,,옥상,정상가동,154.7,380,60,2023,,2023-04-10,광주광역시 광산구청,,2025-07-02
성환태양광발전소,광주광역시 광산구 송정로 43,광주광역시 광산구 송정동 893-46,,,옥상,정상가동,29.75,380,60,2023,,2022-12-19,광주광역시 광산구청,,2025-07-02
진건태양광발전소,광주광역시 광산구 진곡산단3번로 1-16,광주광역시 광산구 진곡동 605,,,옥상,정상가동,166.15,380,60,2023,,2023-03-22,광주광역시 광산구청,,2025-07-02
대진산업태양광발전소,광주광역시 광산구 하남산단4번로 118,광주광역시 광산구 장덕동 982-15,,,옥상,정상가동,345.4,380,60,2023,,2023-01-10,광주광역시 광산구청,,2025-07-02
풍경태양광발전소,광주광역시 광산구 고봉로 417,광주광역시 광산구 등임동 11-1,,,옥상,정상가동,99.96,380,60,2023,,2023-03-17,광주광역시 광산구청,,2025-07-02
MJ태양광발전소,광주광역시 광산구 하남산단7번로 68,광주광역시 광산구 오선동 270-115,,,옥상,정상가동,98.18,380,60,2023,,2023-03-21,광주광역시 광산구청,,2025-07-02
JW태양광발전소,광주광역시 광산구 하남산단7번로 68,광주광역시 광산구 오선동 270-115,,,옥상,정상가동,98.18,380,60,2023,,2023-03-21,광주광역시 광산구청,,2025-07-02
TH테크태양광발전소,광주광역시 광산구 진곡산단중앙로 229,광주광역시 광산구 진곡동 501,,,옥상,정상가동,218.96,380,60,2023,,2023-02-13,광주광역시 광산구청,,2025-07-02
SJ태양광발전소,광주광역시 광산구 진곡산단6번로 25-48,광주광역시 광산구 고룡동 984-3,,,옥상,정상가동,99.96,380,60,2023,,2023-01-09,광주광역시 광산구청,,2025-07-02
한수원독립지주식영농태양광,,광주광역시 광산구 도산동 761-2,,,옥외,정상가동,18,380,60,2023,,2023-04-26,광주광역시 광산구청,,2025-07-02
남양태양광발전소,광주광역시 광산구 진곡산단2번로 33,광주광역시 광산구 오선동 604,,,옥상,정상가동,999.6,22900,60,2023,,2014-04-09,광주광역시 광산구청,,2025-07-02
초은태양광발전소,광주광역시 광산구 진곡산단3번로 41-8,광주광역시 광산구 진곡동 635,,,옥상,정상가동,51.17,380,60,2023,,2023-02-08,광주광역시 광산구청,,2025-07-02
두선정밀태양광발전소,광주광역시 광산구 하남산단4번로 101,광주광역시 광산구 장덕동 977-20,,,옥상,정상가동,75.6,380,60,2023,,2023-04-17,광주광역시 광산구청,,2025-07-02
리오테크태양광발전소,광주광역시 광산구 하남산단2번로 53,광주광역시 광산구 하남동 507-2,,,옥상,정상가동,95.7,380,60,2023,,2022-04-07,광주광역시 광산구청,,2025-07-02
유죽태양광발전소,광주광역시 광산구 진곡산단3번로 41-8,광주광역시 광산구 진곡동 635,,,옥상,정상가동,75.57,380,60,2023,,2023-02-08,광주광역시 광산구청,,2025-07-02
한양태양광발전소,광주광역시 광산구 진곡산단3번로 41-8,광주광역시 광산구 진곡동 635,,,옥상,정상가동,94.01,380,60,2023,,2023-02-08,광주광역시 광산구청,,2025-07-02
한태양광발전소,광주광역시 광산구 진곡산단3번로 41-8,광주광역시 광산구 진곡동 635,,,옥상,정상가동,94.01,380,60,2023,,2018-05-09,광주광역시 광산구청,,2025-07-02
비제이태양광1.발전소,광주광역시 광산구 평동산단6번로 95,광주광역시 광산구 월전동 1047-2,,,옥상,정상가동,807.84,22900,60,2017,,2017-07-13,광주광역시 광산구청,,2025-07-02
하루태양광발전소,광주광역시 광산구 평동산단7번로 108,광주광역시 광산구 연산동 1147,,,옥상,정상가동,499.2,380,60,2021,,2021-05-11,광주광역시 광산구청,,2025-07-02
에이치태양광발전소,광주광역시 광산구 평동산단7번로 111,광주광역시 광산구 연산동 1142,,,옥상,정상가동,498.53,380,60,2021,,2021-01-25,광주광역시 광산구청,,2025-07-02
세일태양광발전소,광주광역시 광산구 용아로 585,광주광역시 광산구 장덕동 977-27,,,옥상,정상가동,74.97,380,60,2023,,2018-06-21,광주광역시 광산구청,,2025-07-02
뉴세림테크2호태양광발전소,광주광역시 광산구 평동산단7번로 126,,,,옥상,정상가동,96.28,380,60,2024,,2022-05-11,광주광역시 광산구청,,2025-07-02
뉴세림테크1호태양광발전소,광주광역시 광산구 평동산단7번로 126,,,,옥상,정상가동,99.76,380,60,2024,,2022-05-11,광주광역시 광산구청,,2025-07-02
평동씨유태양광발전소,광주광역시 광산구 평동산단7번로 128,,,,옥상,정상가동,38.75,380,60,2024,,2024-02-02,광주광역시 광산구청,,2025-07-02
한일태양광발전소2호,광주광역시 광산구 체암로 1836,광주광역시 광산구 삼거동 247-2,,,옥상,정상가동,29.76,380,60,2023,,2022-11-03,광주광역시 광산구청,,2025-07-02
한일태양광발전소1호,광주광역시 광산구 체암로 1836,광주광역시 광산구 삼거동 247-2,,,옥상,정상가동,29.76,380,60,2023,,2013-03-14,광주광역시 광산구청,,2025-07-02
소담태양광발전소,광주광역시 광산구 풍영철길로 188-143,광주광역시 광산구 운남동 534-21,,,옥상,정상가동,99.12,380,60,2023,,2022-11-08,광주광역시 광산구청,,2025-07-02
디디와이,광주광역시 광산구 가삼안길 69,광주광역시 광산구 지평동 347-3,,,옥상,정상가동,48.02,380,60,2023,,2023-05-16,광주광역시 광산구청,,2025-07-02
광은태양광발전소,광주광역시 광산구 용아로 645,광주광역시 광산구 오선동 273-38,,,옥상,정상가동,70.15,380,60,2023,,2018-08-14,광주광역시 광산구청,,2025-07-02
맨앤로봇태양광발전소,광주광역시 광산구 소촌로85번길 40-15,광주광역시 광산구 소촌동 860,,,옥상,정상가동,423.05,380,60,2023,,2023-04-10,광주광역시 광산구청,,2025-07-02
K1태양광발전소,광주광역시 광산구 하남산단4번로 126,광주광역시 광산구 장덕동 982-14,,,옥상,정상가동,99,380,60,2023,,2023-03-21,광주광역시 광산구청,,2025-07-02
케이엔테크태양광발전소,광주광역시 광산구 평동산단7번로 132-10,,,,옥상,정상가동,489.6,380,60,2024,,2024-03-05,광주광역시 광산구청,,2025-07-02
우양산업태양광발전소,광주광역시 광산구 용아로 675,광주광역시 광산구 오선동 270-79,,,옥상,정상가동,159.69,380,60,2023,,2022-06-13,광주광역시 광산구청,,2025-07-02
K4태양광발전소,광주광역시 광산구 하남산단4번로 126,광주광역시 광산구 장덕동 982-14,,,옥상,정상가동,62.7,380,60,2023,,2023-03-21,광주광역시 광산구청,,2025-07-02
K3태양광발전소,광주광역시 광산구 하남산단4번로 126,광주광역시 광산구 장덕동 982-14,,,옥상,정상가동,91.74,380,60,2023,,2023-03-21,광주광역시 광산구청,,2025-07-02
K2태양광발전소,광주광역시 광산구 하남산단4번로 126,광주광역시 광산구 장덕동 982-14,,,옥상,정상가동,99,380,60,2023,,2023-03-21,광주광역시 광산구청,,2025-07-02
마스타태양광발전소2,광주광역시 광산구 하남산단8번로 100-9,광주광역시 광산구 오선동 547-17,,,옥상,정상가동,179.4,380,60,2023,,2023-06-01,광주광역시 광산구청,,2025-07-02
KEPCO-11-02-마지초등학교태양광발전소,광주광역시 광산구 목련로219번길 104,광주광역시 광산구 운남동 524-6,,,옥상,정상가동,149.76,380,60,2023,,2021-12-14,광주광역시 광산구청,,2025-07-02
현대스프링2 태양광발전소,광주광역시 광산구 평동산단7번로 132-16,광주광역시 광산구 연산동 1122-4,,,옥상,정상가동,420,380,60,2021,,2020-09-23,광주광역시 광산구청,,2025-07-02
남미태양광발전소2호,광주광역시 광산구 계안길 25-9,광주광역시 광산구 안청동 491-2,,,옥상,정상가동,67.5,380,60,2023,,2023-04-25,광주광역시 광산구청,,2025-07-02
남미태양광발전소,광주광역시 광산구 계안길 25-7,광주광역시 광산구 안청동 491-1,,,옥상,정상가동,80.5,380,60,2023,,2023-04-25,광주광역시 광산구청,,2025-07-02
황룡연마태양광발전소,광주광역시 광산구 하남산단4번로 97,광주광역시 광산구 장덕동 977-16,,,옥상,정상가동,43.6,380,60,2023,,2022-08-08,광주광역시 광산구청,,2025-07-02
호신3호태양광발전소,광주광역시 광산구 하남산단8번로 53,광주광역시 광산구 안청동 737-2,,,옥상,정상가동,74.97,380,60,2023,,2023-05-11,광주광역시 광산구청,,2025-07-02
호신2호태양광발전소,광주광역시 광산구 하남산단8번로 53,광주광역시 광산구 안청동 737-2,,,옥상,정상가동,99.96,380,60,2023,,2023-05-11,광주광역시 광산구청,,2025-07-02
호신1호태양광발전소,광주광역시 광산구 하남산단8번로 53,광주광역시 광산구 안청동 737-2,,,옥상,정상가동,99.96,380,60,2023,,2023-05-11,광주광역시 광산구청,,2025-07-02
김우정태양광발전소,광주광역시 광산구 하남산단9번로 39-11,광주광역시 광산구 안청동 734-2,,,옥상,정상가동,179.69,380,60,2023,,2023-01-04,광주광역시 광산구청,,2025-07-02
주익태양광발전소,광주광역시 광산구 진곡산단2번로 1-32,광주광역시 광산구 오선동 590,,,옥상,정상가동,195,380,60,2023,,2023-01-31,광주광역시 광산구청,,2025-07-02
티케이하이테크태양광발전소,광주광역시 광산구 하남산단6번로 73-7,광주광역시 광산구 오선동 270-76,,,옥상,정상가동,130.65,380,60,2023,,2023-01-26,광주광역시 광산구청,,2025-07-02
㈜농민유통센터,광주광역시 광산구 내상로 86,광주광역시 광산구 송정동 272-16,,,옥상,정상가동,95.7,380,60,2023,,2022-11-22,광주광역시 광산구청,,2025-07-02
제이엠티태양광발전소,광주광역시 광산구 진곡산단2번로 39-20,광주광역시 광산구 오선동 614,,,옥상,정상가동,341.53,380,60,2023,,2023-05-30,광주광역시 광산구청,,2025-07-02
다음태양광발전소,광주광역시 광산구 장안길 100,광주광역시 광산구 안청동 375-1,,,옥상,정상가동,69.62,380,60,2023,,2022-10-13,광주광역시 광산구청,,2025-07-02
나산산업1호태양광,광주광역시 광산구 하남산단10번로 25,광주광역시 광산구 안청동 727-4,,,옥상,정상가동,918.68,22900,60,2023,,2022-09-21,광주광역시 광산구청,,2025-07-02
㈜대포상사태양광발전소,광주광역시 광산구 도천남길 41-55,광주광역시 광산구 도천동 381-25,,,옥상,정상가동,52.8,380,60,2023,,2023-04-21,광주광역시 광산구청,,2025-07-02
(주)신양기업태양광발전소,광주광역시 광산구 하남산단8번로 127-30,광주광역시 광산구 안청동 739-9,,,옥상,정상가동,145.86,380,60,2023,,2023-01-18,광주광역시 광산구청,,2025-07-02
주영태양광발전소,광주광역시 광산구 하남산단4번로 95-19,광주광역시 광산구 장덕동 977-50,,,옥상,정상가동,67.26,380,60,2023,,2022-11-09,광주광역시 광산구청,,2025-07-02
신명쏠라태양광발전소,광주광역시 광산구 하남산단9번로 199,광주광역시 광산구 도천동 620-14,,,옥상,정상가동,183.26,380,60,2023,,2023-06-20,광주광역시 광산구청,,2025-07-02
정원쏠라텍,광주광역시 광산구 하남산단4번로 95-19,광주광역시 광산구 장덕동 977-50,,,옥상,정상가동,71.4,380,60,2023,,2023-03-10,광주광역시 광산구청,,2025-07-02
명지태양광발전소,광주광역시 광산구 진곡산단중앙로 288,광주광역시 광산구 고룡동 971,,,옥상,정상가동,175.49,380,60,2023,,2022-06-28,광주광역시 광산구청,,2025-07-02
해원2호태양광발전소,광주광역시 광산구 평동산단7번로 16-13,,,,옥상,정상가동,64.99,380,60,2024,,2022-04-22,광주광역시 광산구청,,2025-07-02
KP태양광발전소,광주광역시 광산구 용아로 591,광주광역시 광산구 장덕동 977-24,,,옥상,정상가동,99.71,380,60,2023,,2022-11-02,광주광역시 광산구청,,2025-07-02
명지산업태양광,광주광역시 광산구 진곡산단4번로 51-16,광주광역시 광산구 진곡동 571,,,옥상,정상가동,499.73,380,60,2023,,2022-09-13,광주광역시 광산구청,,2025-07-02
에코드림4호태양광발전소,광주광역시 광산구 하남산단2번로 39,광주광역시 광산구 하남동 504-7,,,옥외,정상가동,99.96,380,60,2023,,2023-06-27,광주광역시 광산구청,,2025-07-02
에코드림3호태양광발전소,광주광역시 광산구 하남산단2번로 39,광주광역시 광산구 하남동 504-7,,,옥외,정상가동,99.96,380,60,2023,,2023-06-27,광주광역시 광산구청,,2025-07-02
에코드림2호태양광발전소,광주광역시 광산구 하남산단2번로 39,광주광역시 광산구 하남동 504-7,,,옥외,정상가동,99.96,380,60,2023,,2023-06-27,광주광역시 광산구청,,2025-07-02
에코드림1호태양광발전소,광주광역시 광산구 하남산단2번로 39,광주광역시 광산구 하남동 504-7,,,옥외,정상가동,99.96,380,60,2023,,2023-06-27,광주광역시 광산구청,,2025-07-02
해원1호태양광발전소,광주광역시 광산구 평동산단7번로 16-13,,,,옥상,정상가동,98.94,380,60,2024,,2022-04-22,광주광역시 광산구청,,2025-07-02
우리태양광발전소,광주광역시 광산구 평동산단7번로 16-24,,,,옥상,정상가동,332.92,380,60,2024,,2023-05-16,광주광역시 광산구청,,2025-07-02
거성2태양광발전소,광주광역시 광산구 하남산단3번로 33,광주광역시 광산구 장덕동 987-9,,,옥상,정상가동,45.82,380,60,2023,,2023-05-17,광주광역시 광산구청,,2025-07-02
거성1태양광발전소,광주광역시 광산구 하남산단3번로 33,광주광역시 광산구 장덕동 987-9,,,옥상,정상가동,99.37,380,60,2023,,2023-05-17,광주광역시 광산구청,,2025-07-02
한길2태양광발전소,광주광역시 광산구 하남산단8번로 10,광주광역시 광산구 오선동 546-3,,,옥상,정상가동,276.08,380,60,2023,,2022-10-07,광주광역시 광산구청,,2025-07-02
신화태양광발전소,광주광역시 광산구 진곡산단4번로 31-18,광주광역시 광산구 진곡동 585,,,옥상,정상가동,391.51,380,60,2023,,2014-05-19,광주광역시 광산구청,,2025-07-02
(주)일영태양광발전소,광주광역시 광산구 평동산단7번로 16-7,,,,옥상,정상가동,99.12,380,60,2024,,2022-11-21,광주광역시 광산구청,,2025-07-02
GSolar태양광발전소,광주광역시 광산구 하남산단7번로 107,광주광역시 광산구 오선동 547-10,,,옥상,정상가동,335.58,380,60,2023,,2023-01-04,광주광역시 광산구청,,2025-07-02
우리신화 태양광 발전소,광주광역시 광산구 금봉로44번길 53-9,광주광역시 광산구 소촌동 19-4,,,옥상,정상가동,49.2,380,60,2023,,2023-07-10,광주광역시 광산구청,,2025-07-02
SJSolar태양광발전소,광주광역시 광산구 하남산단7번로 107,광주광역시 광산구 오선동 547-10,,,옥상,정상가동,228.48,380,60,2023,,2023-01-04,광주광역시 광산구청,,2025-07-02
KSolar태양광발전소,광주광역시 광산구 하남산단7번로 107,광주광역시 광산구 오선동 547-10,,,옥상,정상가동,385.56,380,60,2023,,2023-01-04,광주광역시 광산구청,,2025-07-02
더광성물류5태양광발전소,광주광역시 광산구 평동산단7번로 21,,,,옥상,정상가동,99.18,380,60,2024,,2022-04-27,광주광역시 광산구청,,2025-07-02
JK1호태양광발전소,광주광역시 광산구 손재로 402,광주광역시 광산구 오선동 273-51,,,옥상,정상가동,321.3,380,60,2023,,2023-01-04,광주광역시 광산구청,,2025-07-02
영2호태양광발전소,광주광역시 광산구 하남산단1번로 131,광주광역시 광산구 하남동 509-7,,,옥상,정상가동,99.99,380,60,2023,,2023-07-25,광주광역시 광산구청,,2025-07-02
영1호태양광발전소,광주광역시 광산구 하남산단1번로 131,광주광역시 광산구 하남동 509-7,,,옥상,정상가동,99.99,380,60,2023,,2023-07-25,광주광역시 광산구청,,2025-07-02
명신태양광발전소,광주광역시 광산구 하남산단4번로 95-23,광주광역시 광산구 장덕동 977-46,,,옥상,정상가동,69.62,380,60,2023,,2022-06-09,광주광역시 광산구청,,2025-07-02
민성하남태양광발전소,광주광역시 광산구 용아로 633,광주광역시 광산구 오선동 273-5,,,옥상,정상가동,71.4,380,60,2023,,2023-05-17,광주광역시 광산구청,,2025-07-02
재진태양광발전소,광주광역시 광산구 하남산단7번로 143,광주광역시 광산구 오선동 548-7,,,옥상,정상가동,103.55,380,60,2023,,2022-12-02,광주광역시 광산구청,,2025-07-02
더광성물류4태양광발전소,광주광역시 광산구 평동산단7번로 21,,,,옥상,정상가동,99.18,380,60,2024,,2022-04-27,광주광역시 광산구청,,2025-07-02
JK2호태양광발전소,광주광역시 광산구 소촌로123번길 40-20,광주광역시 광산구 소촌동 827,,,옥상,정상가동,89.76,380,60,2023,,2023-01-17,광주광역시 광산구청,,2025-07-02
해강태양광발전소,광주광역시 광산구 하남산단9번로 150,광주광역시 광산구 안청동 739-36,,,옥상,정상가동,95,380,60,2023,,2023-01-17,광주광역시 광산구청,,2025-07-02
환희유통태양광발전소,광주광역시 광산구 하남산단10번로 115-5,광주광역시 광산구 안청동 729-11,,,옥상,정상가동,320.11,380,60,2023,,2022-10-24,광주광역시 광산구청,,2025-07-02
태영태양광발전소,광주광역시 광산구 진곡산단5번로 43-9,광주광역시 광산구 진곡동 519,,,옥상,정상가동,440.9,380,60,2023,,2022-11-04,광주광역시 광산구청,,2025-07-02
삼해태양광발전소,광주광역시 광산구 용아로 579,광주광역시 광산구 장덕동 977-17,,,옥상,정상가동,58.31,380,60,2023,,2023-06-20,광주광역시 광산구청,,2025-07-02
마린테크태양광발전소,광주광역시 광산구 본안길 14-2,광주광역시 광산구 안청동 280-1,,,옥상,정상가동,75.02,380,60,2023,,2023-08-02,광주광역시 광산구청,,2025-07-02
신창테크,광주광역시 광산구 구촌반촌길 54-30,광주광역시 광산구 신창동 1064-17,,,옥상,정상가동,78.12,380,60,2023,,2023-07-13,광주광역시 광산구청,,2025-07-02
성원태양광발전소,광주광역시 광산구 벽파정길 16,광주광역시 광산구 고룡동 875-9,,,옥상,정상가동,52.96,380,60,2023,,2013-10-14,광주광역시 광산구청,,2025-07-02
(주)파워홀딩스 4 태양광발전소,광주광역시 광산구 진곡산단4번로 55,광주광역시 광산구 진곡동 569,,,옥상,정상가동,44.63,380,60,2023,,2023-08-10,광주광역시 광산구청,,2025-07-02
(주)파워홀딩스 3 태양광발전소,광주광역시 광산구 진곡산단4번로 55,광주광역시 광산구 진곡동 569,,,옥상,정상가동,99.37,380,60,2023,,2023-08-10,광주광역시 광산구청,,2025-07-02
(주)파워홀딩스 1 태양광발전소,광주광역시 광산구 진곡산단4번로 55,광주광역시 광산구 진곡동 569,,,옥상,정상가동,95.2,380,60,2023,,2023-08-10,광주광역시 광산구청,,2025-07-02
(주)파워홀딩스 2 태양광발전소,광주광역시 광산구 진곡산단4번로 55,광주광역시 광산구 진곡동 569,,,옥상,정상가동,95.2,380,60,2023,,2023-08-10,광주광역시 광산구청,,2025-07-02
와이비제이메탈태양광발전소,광주광역시 광산구 진곡산단5번로 66,광주광역시 광산구 진곡동 574,,,옥상,정상가동,280.5,380,60,2023,,2023-05-08,광주광역시 광산구청,,2025-07-02
에이알케이태양광발전소,광주광역시 광산구 진곡산단5번로 43-20,광주광역시 광산구 진곡동 521,,,옥상,정상가동,99,380,60,2023,,2023-05-08,광주광역시 광산구청,,2025-07-02
더광성물류3태양광발전소,광주광역시 광산구 평동산단7번로 21,,,,옥상,정상가동,99.18,380,60,2024,,2022-04-27,광주광역시 광산구청,,2025-07-02
호수에너지2호 태양광발전소,광주광역시 광산구 진곡산단1번로 30,광주광역시 광산구 오선동 570,,,옥상,정상가동,99.96,380,60,2023,,2023-07-10,광주광역시 광산구청,,2025-07-02
호수에너지1호 태양광발전소,광주광역시 광산구 진곡산단1번로 30,광주광역시 광산구 오선동 570,,,옥상,정상가동,99.96,380,60,2023,,2023-07-10,광주광역시 광산구청,,2025-07-02
하이테크정공태양광발전소,광주광역시 광산구 손재로 436-67,광주광역시 광산구 오선동 270-16,,,옥상,정상가동,126,380,60,2023,,2023-07-14,광주광역시 광산구청,,2025-07-02
(주)경광기업태양광발전소,광주광역시 광산구 진곡산단3번로 5,광주광역시 광산구 오선동 608,,,옥상,정상가동,396.76,380,60,2023,,2022-12-05,광주광역시 광산구청,,2025-07-02
진곡산단태양광발전소(백룡),광주광역시 광산구 진곡산단1번로 69,광주광역시 광산구 오선동 564,,,옥상,정상가동,290,380,60,2023,,2022-09-20,광주광역시 광산구청,,2025-07-02
정선1호 태양광발전소,광주광역시 광산구 어등대로533번길 30,광주광역시 광산구 운수동 426-18,,,옥상,정상가동,27,380,60,2023,,2023-08-08,광주광역시 광산구청,,2025-07-02
임곡태양광발전소,광주광역시 광산구 고봉로 818,광주광역시 광산구 임곡동 450-12,,,옥상,정상가동,19.64,380,60,2023,,2023-07-13,광주광역시 광산구청,,2025-07-02
티엠오선알프스1호태양광발전소,광주광역시 광산구 진곡산단중앙로 105,광주광역시 광산구 오선동 593,,,옥상,정상가동,196.56,380,60,2023,,2021-08-26,광주광역시 광산구청,,2025-07-02
더광성물류2태양광발전소,광주광역시 광산구 평동산단7번로 21,,,,옥상,정상가동,99.18,380,60,2024,,2022-04-27,광주광역시 광산구청,,2025-07-02
신창건물2호태양광발전소,광주광역시 광산구 신가매결길 38-2,광주광역시 광산구 신창동 1058-2,,,옥상,정상가동,95.48,380,60,2023,,2023-02-06,광주광역시 광산구청,,2025-07-02
동광에너지태양광발전소,광주광역시 광산구 하남산단4번로 95-19,광주광역시 광산구 장덕동 977-50,,,옥상,정상가동,67.26,380,60,2023,,2023-05-12,광주광역시 광산구청,,2025-07-02
구산태양광발전소,광주광역시 광산구 진곡산단6번로 39,광주광역시 광산구 고룡동 991,,,옥상,정상가동,99.96,380,60,2023,,2023-04-27,광주광역시 광산구청,,2025-07-02
코리아2호태양광발전소,광주광역시 광산구 하남산단천변우로 126-4,광주광역시 광산구 도천동 619-21,,,옥상,정상가동,62.48,380,60,2023,,2023-08-22,광주광역시 광산구청,,2025-07-02
코리아1호태양광발전소,광주광역시 광산구 하남산단천변우로 126-4,광주광역시 광산구 도천동 619-21,,,옥상,정상가동,99.96,380,60,2023,,2023-08-22,광주광역시 광산구청,,2025-07-02
더광성물류1태양광발전소,광주광역시 광산구 평동산단7번로 21,,,,옥상,정상가동,99.18,380,60,2024,,2022-04-27,광주광역시 광산구청,,2025-07-02
광성엘에스5태양광발전소,광주광역시 광산구 평동산단7번로 21,,,,옥상,정상가동,99.18,380,60,2024,,2022-04-27,광주광역시 광산구청,,2025-07-02
성화에스티호남2태양광발전소,광주광역시 광산구 하남산단10번로 39-5,광주광역시 광산구 안청동 727-17,,,옥상,정상가동,47.19,380,60,2023,,2023-10-25,광주광역시 광산구청,,2025-07-02
베스트빌,광주광역시 광산구 월곡중앙로53번길 6,광주광역시 광산구 월곡동 693-6,,,옥상,정상가동,13,380,60,2023,,2023-09-11,광주광역시 광산구청,,2025-07-02
엔테코태양광발전소,광주광역시 광산구 하남산단9번로 33,광주광역시 광산구 안청동 734-9,,,옥상,정상가동,202.3,380,60,2023,,2023-07-24,광주광역시 광산구청,,2025-07-02
광성엘에스4태양광발전소,광주광역시 광산구 평동산단7번로 21,,,,옥상,정상가동,99.18,380,60,2024,,2022-04-27,광주광역시 광산구청,,2025-07-02
삼도농협태양광발전소,광주광역시 광산구 오운로 384,광주광역시 광산구 도덕동 679-8,,,옥상,정상가동,69.12,380,60,2023,,2022-10-24,광주광역시 광산구청,,2025-07-02
주식회사동현프라스틱태양광발전소,광주광역시 광산구 하남산단8번로 75,광주광역시 광산구 안청동 737-4,,,옥상,정상가동,305.83,380,60,2023,,2023-06-19,광주광역시 광산구청,,2025-07-02
다은태양광발전소,광주광역시 광산구 장신로 81,광주광역시 광산구 장덕동 1297,,,옥상,정상가동,180.68,380,60,2020,,2019-05-29,광주광역시 광산구청,,2025-07-02
철도솔라㈜3호기,,광주광역시 광산구 송정동 1003-361,,,옥상,정상가동,90,380,60,2015,,2013-12-23,광주광역시 광산구청,,2025-07-02
광성엘에스3태양광발전소,광주광역시 광산구 평동산단7번로 21,,,,옥상,정상가동,99.18,380,60,2024,,2022-04-27,광주광역시 광산구청,,2025-07-02
그랜드쏠라,광주광역시 광산구 월계로16번길 71,,,,옥상,정상가동,27.28,380,60,2024,,2023-10-04,광주광역시 광산구청,,2025-07-02
금덕태양광발전소,광주광역시 광산구 하남산단4번로 81,,,,옥상,정상가동,316.8,380,60,2024,,2023-05-02,광주광역시 광산구청,,2025-07-02
두루솔루션태양광발전소,광주광역시 광산구 하남산단4번로 87,,,,옥상,정상가동,316.8,380,60,2024,,2023-05-02,광주광역시 광산구청,,2025-07-02
디에스팩태양광발전소,광주광역시 광산구 원두로 72,,,,옥상,정상가동,703.01,22900,60,2024,,2020-02-13,광주광역시 광산구청,,2025-07-02
명도테크태양광발전소,광주광역시 광산구 진곡산단4번로 31-13,,,,옥상,정상가동,145.18,380,60,2024,,2023-04-03,광주광역시 광산구청,,2025-07-02
광성엘에스2태양광발전소,광주광역시 광산구 평동산단7번로 21,,,,옥상,정상가동,99.18,380,60,2024,,2022-04-27,광주광역시 광산구청,,2025-07-02
한길3태양광발전소,광주광역시 광산구 하남산단8번로 10,,,,옥상,정상가동,180.88,380,60,2024,,2022-10-07,광주광역시 광산구청,,2025-07-02
한길1태양광발전소,광주광역시 광산구 하남산단8번로 10,,,,옥상,정상가동,258.83,380,60,2024,,2022-10-07,광주광역시 광산구청,,2025-07-02
첨단정밀7태양광발전소,광주광역시 광산구 하남산단9번로 136,,,,옥상,정상가동,99.22,380,60,2024,,2023-08-11,광주광역시 광산구청,,2025-07-02
첨단정밀6태양광발전소,광주광역시 광산구 하남산단9번로 136,,,,옥상,정상가동,52.03,380,60,2024,,2023-08-11,광주광역시 광산구청,,2025-07-02
첨단정밀5태양광발전소,광주광역시 광산구 하남산단9번로 136,,,,옥상,정상가동,99.22,380,60,2024,,2023-08-11,광주광역시 광산구청,,2025-07-02
첨단정밀4태양광발전소,광주광역시 광산구 하남산단9번로 136,,,,옥상,정상가동,99.22,380,60,2024,,2023-08-11,광주광역시 광산구청,,2025-07-02
첨단정밀3태양광발전소,광주광역시 광산구 하남산단9번로 136,,,,옥상,정상가동,99.22,380,60,2024,,2023-08-11,광주광역시 광산구청,,2025-07-02
첨단정밀2태양광발전소,광주광역시 광산구 하남산단9번로 136,,,,옥상,정상가동,99.22,380,60,2024,,2023-08-11,광주광역시 광산구청,,2025-07-02
첨단정밀1태양광발전소,광주광역시 광산구 하남산단9번로 136,,,,옥상,정상가동,99.22,380,60,2024,,2023-08-11,광주광역시 광산구청,,2025-07-02
광성엘에스1태양광발전소,광주광역시 광산구 평동산단7번로 21,,,,옥상,정상가동,99.18,380,60,2024,,2022-04-27,광주광역시 광산구청,,2025-07-02
더광성5태양광발전소,광주광역시 광산구 평동산단7번로 21,,,,옥상,정상가동,82.28,380,60,2024,,2022-04-27,광주광역시 광산구청,,2025-07-02
더광성4태양광발전소,광주광역시 광산구 평동산단7번로 21,,,,옥상,정상가동,63.36,380,60,2024,,2022-04-27,광주광역시 광산구청,,2025-07-02
더광성3태양광발전소,광주광역시 광산구 평동산단7번로 21,,,,옥상,정상가동,99.18,380,60,2024,,2022-04-27,광주광역시 광산구청,,2025-07-02
더광성2태양광발전소,광주광역시 광산구 평동산단7번로 21,,,,옥상,정상가동,99.18,380,60,2024,,2022-04-27,광주광역시 광산구청,,2025-07-02
엠제이텍태양광,광주광역시 광산구 용아로 649,,,,옥상,정상가동,294.6,380,60,2024,,2023-03-10,광주광역시 광산구청,,2025-07-02
더광성1태양광발전소,광주광역시 광산구 평동산단7번로 21,,,,옥상,정상가동,99.18,380,60,2024,,2022-04-27,광주광역시 광산구청,,2025-07-02
광성통운5태양광발전소,광주광역시 광산구 평동산단7번로 21,,,,옥상,정상가동,99.18,380,60,2024,,2022-04-27,광주광역시 광산구청,,2025-07-02
유명태양광발전소,광주광역시 광산구 북문대로 619-54,,,,옥상,정상가동,99.96,380,60,2024,,2023-10-23,광주광역시 광산구청,,2025-07-02
월천 태양광발전소,광주광역시 광산구 소촌로86번길 5,,,,옥상,정상가동,49.6,380,60,2024,,2023-09-07,광주광역시 광산구청,,2025-07-02
월억 태양광발전소,광주광역시 광산구 소촌로 17,,,,옥상,정상가동,19.84,380,60,2024,,2023-09-07,광주광역시 광산구청,,2025-07-02
광성통운4태양광발전소,광주광역시 광산구 평동산단7번로 21,,,,옥상,정상가동,99.18,380,60,2024,,2022-04-27,광주광역시 광산구청,,2025-07-02
지구별햇빛발전소4호,광주광역시 광산구 하남산단8번로 177,,,,옥외,정상가동,63.63,380,60,2024,,2023-08-29,광주광역시 광산구청,,2025-07-02
지구별햇빛발전소3호,광주광역시 광산구 하남산단8번로 177,,,,옥외,정상가동,95.95,380,60,2024,,2023-08-29,광주광역시 광산구청,,2025-07-02
지구별햇빛발전소2호,광주광역시 광산구 하남산단8번로 177,,,,옥외,정상가동,70.7,380,60,2024,,2023-08-29,광주광역시 광산구청,,2025-07-02
지구별햇빛발전소1호,광주광역시 광산구 하남산단8번로 177,,,,옥외,정상가동,70.7,380,60,2024,,2023-08-29,광주광역시 광산구청,,2025-07-02
광성통운3태양광발전소,광주광역시 광산구 평동산단7번로 21,,,,옥상,정상가동,99.18,380,60,2024,,2022-04-27,광주광역시 광산구청,,2025-07-02
대신택배광주터미널태양광발전소,광주광역시 광산구 하남산단9번로 77,,,,옥상,정상가동,801.47,22900,60,2024,,2022-06-17,광주광역시 광산구청,,2025-07-02
풍경 태양광발전소,광주광역시 광산구 수완로9번길 22-14,,,,옥상,정상가동,29.5,380,60,2024,,2023-07-12,광주광역시 광산구청,,2025-07-02
알이100솔라광주3호태양광발전소,광주광역시 광산구 하남산단6번로 133,,,,옥외,정상가동,999.6,3300,60,2024,,2023-10-05,광주광역시 광산구청,,2025-07-02
알이100솔라광주2호태양광발전소,광주광역시 광산구 하남산단6번로 100,,,,옥상,정상가동,289.17,3300,60,2024,,2023-10-05,광주광역시 광산구청,,2025-07-02
알이100솔라광주1호태양광발전소,광주광역시 광산구 하남산단6번로 100,,,,옥상,정상가동,289.17,3300,60,2024,,2023-10-05,광주광역시 광산구청,,2025-07-02
휴먼전자태양광발전소,광주광역시 광산구 손재로 368-69,,,,옥상,정상가동,468.27,380,60,2024,,2023-06-27,광주광역시 광산구청,,2025-07-02
태양패키지태양광발전소,광주광역시 광산구 하남산단2번로 67,,,,옥상,정상가동,186.24,380,60,2024,,2023-05-04,광주광역시 광산구청,,2025-07-02
광성통운2태양광발전소,광주광역시 광산구 평동산단7번로 21,,,,옥상,정상가동,99.18,380,60,2024,,2022-04-27,광주광역시 광산구청,,2025-07-02
라우텍태양광발전소,광주광역시 광산구 진곡산단중앙로 125,,,,옥상,정상가동,198.4,380,60,2024,,2019-09-23,광주광역시 광산구청,,2025-07-02
광성통운1태양광발전소,광주광역시 광산구 평동산단7번로 21,,,,옥상,정상가동,99.18,380,60,2024,,2022-04-27,광주광역시 광산구청,,2025-07-02
더광성물류E동태양광발전소,광주광역시 광산구 평동산단7번로 21,,,,옥상,정상가동,469.96,22900,60,2024,,2022-12-05,광주광역시 광산구청,,2025-07-02
선광2호태양광발전소,광주광역시 광산구 빛12로 8,,,,옥상,정상가동,99.96,380,60,2024,,2023-04-10,광주광역시 광산구청,,2025-07-02
선광1호태양광발전소,광주광역시 광산구 빛12로 8,,,,옥상,정상가동,99.96,380,60,2024,,2023-04-10,광주광역시 광산구청,,2025-07-02
MRC태양광발전소,광주광역시 광산구 하남산단4번로 95-5,,,,옥상,정상가동,63,380,60,2024,,2023-11-24,광주광역시 광산구청,,2025-07-02
덕진태양광발전소,광주광역시 광산구 비아중앙로31번길 24,,,,옥상,정상가동,19.84,380,60,2024,,2023-11-20,광주광역시 광산구청,,2025-07-02
비아태양광발전소,광주광역시 광산구 비아중앙로31번길 20,,,,옥상,정상가동,19.22,380,60,2024,,2023-11-20,광주광역시 광산구청,,2025-07-02
영동에너지태양광발전소,광주광역시 광산구 사암로106번길 82,,,,옥상,정상가동,42.6,380,60,2024,,2023-05-11,광주광역시 광산구청,,2025-07-02
디오태양광발전소,광주광역시 광산구 평동산단7번로 37,,,,옥상,정상가동,710.36,22900,60,2025,,2023-03-03,광주광역시 광산구청,,2025-07-02
성일3호태양광발전소,광주광역시 광산구 하남산단천변좌로 119,,,,옥상,정상가동,99,380,60,2024,,2023-11-24,광주광역시 광산구청,,2025-07-02
성일2호태양광발전소,광주광역시 광산구 하남산단천변좌로 119,,,,옥상,정상가동,99,380,60,2024,,2023-11-24,광주광역시 광산구청,,2025-07-02
성일1호태양광발전소,광주광역시 광산구 하남산단천변좌로 119,,,,옥상,정상가동,99,380,60,2024,,2023-11-24,광주광역시 광산구청,,2025-07-02
은진태양광발전소,광주광역시 광산구 진곡산단6번로 30,,,,옥상,정상가동,196.35,380,60,2024,,2023-12-06,광주광역시 광산구청,,2025-07-02
한마음 태양광발전소,광주광역시 광산구 진곡산단2번로 47-18,,,,옥상,정상가동,60.27,380,60,2024,,2023-09-21,광주광역시 광산구청,,2025-07-02
해바라기태양광발전소,광주광역시 광산구 진곡산단3번로 52,,,,옥상,정상가동,84.7,380,60,2024,,2023-08-02,광주광역시 광산구청,,2025-07-02
블랙2023 태양광발전소,광주광역시 광산구 하남울로 25-2,,,,옥상,정상가동,15,380,60,2024,,2023-09-20,광주광역시 광산구청,,2025-07-02
디엔디 태양광발전소,광주광역시 광산구 진곡산단2번로 47-6,,,,옥상,정상가동,190.4,380,60,2024,,2023-11-13,광주광역시 광산구청,,2025-07-02
DR에너지태양광발전소,광주광역시 광산구 평동산단7번로 72-18,광주광역시 광산구 연산동 1224,,,옥상,정상가동,85.36,380,60,2022,,2021-09-15,광주광역시 광산구청,,2025-07-02
대신택배광주연산에너지태양광발전소,광주광역시 광산구 평동산단7번로 72-20,,,,기타,정상가동,36.36,380,60,2025,,2024-09-25,광주광역시 광산구청,,2025-07-02
인탑스태양광발전소,광주광역시 광산구 진곡산단5번로 17-15,,,,옥상,정상가동,495.6,380,60,2024,,2023-11-08,광주광역시 광산구청,,2025-07-02
제트스타(광주2호)태양광발전소,광주광역시 광산구 평동산단7번로 85,,,,옥상,정상가동,99.6,380,60,2025,,2024-06-20,광주광역시 광산구청,,2025-07-02
제트스타(광주1호)태양광발전소,광주광역시 광산구 평동산단7번로 85,,,,옥상,정상가동,99.6,380,60,2025,,2024-06-20,광주광역시 광산구청,,2025-07-02
지티엠2태양광발전소,광주광역시 광산구 진곡산단중앙로 114,,,,옥상,정상가동,499.8,380,60,2024,,2023-04-26,광주광역시 광산구청,,2025-07-02
지티엠태양광발전소,광주광역시 광산구 진곡산단중앙로 114,,,,옥상,정상가동,427.2,380,60,2024,,2023-04-26,광주광역시 광산구청,,2025-07-02
(주)신등2호태양광발전소,광주광역시 광산구 평동산단7번로 86,광주광역시 광산구 연산동 1152,,,옥상,정상가동,198,380,60,2022,,2022-04-06,광주광역시 광산구청,,2025-07-02
제이셀2태양광발전소,광주광역시 광산구 하남산단3번로 22,,,,옥상,정상가동,99.22,380,60,2024,,2024-01-10,광주광역시 광산구청,,2025-07-02
제이셀1태양광발전소,광주광역시 광산구 하남산단3번로 22,,,,옥상,정상가동,99.22,380,60,2024,,2024-01-10,광주광역시 광산구청,,2025-07-02
태광 태양광발전소,광주광역시 광산구 지로길7번길 29,,,,옥상,정상가동,28.8,380,60,2024,,2023-12-05,광주광역시 광산구청,,2025-07-02
산덕2태양광발전소,광주광역시 광산구 빛중앙10로 19,,,,옥상,정상가동,98.28,380,60,2024,,2022-07-28,광주광역시 광산구청,,2025-07-02
산덕1태양광발전소,광주광역시 광산구 빛중앙10로 19,,,,옥상,정상가동,98.28,380,60,2024,,2022-07-28,광주광역시 광산구청,,2025-07-02
소담2호태양광발전소,광주광역시 광산구 풍영철길로 188-143,,,,기타,정상가동,19.8,380,60,2024,,2023-11-14,광주광역시 광산구청,,2025-07-02
사남매태양광발전소,광주광역시 광산구 임방울대로 25,,,,옥상,정상가동,996.03,22900,60,2024,,2022-05-10,광주광역시 광산구청,,2025-07-02
동진태양광발전소,광주광역시 광산구 월봉반월길 123,,,,옥상,정상가동,19.47,380,60,2024,,2020-06-29,광주광역시 광산구청,,2025-07-02
(주)신등1호태양광발전소,광주광역시 광산구 평동산단7번로 86,광주광역시 광산구 연산동 1152,,,옥상,정상가동,99.5,380,60,2022,,2022-04-06,광주광역시 광산구청,,2025-07-02
희망 태양광발전소,광주광역시 광산구 평동산단7번로 92,광주광역시 광산구 연산동 1153,,,옥상,정상가동,382,380,60,2021,,2020-09-21,광주광역시 광산구청,,2025-07-02
대덕광전2호,광주광역시 광산구 진곡산단중앙로 178,,,,옥상,정상가동,151.28,380,60,2024,,2023-12-07,광주광역시 광산구청,,2025-07-02
진경태양광발전소,광주광역시 광산구 신가매결길 88-17,,,,옥상,정상가동,99.96,380,60,2024,,2023-12-29,광주광역시 광산구청,,2025-07-02
운창태양광발전소,광주광역시 광산구 평동산단7번로 93,,,,옥상,정상가동,999,22900,60,2024,,2022-05-27,광주광역시 광산구청,,2025-07-02
임곡태양광발전소,광주광역시 광산구 성내길 5,,,,옥상,정상가동,30,380,60,2024,,2023-07-13,광주광역시 광산구청,,2025-07-02
주식회사대양기업,광주광역시 광산구 평동산단7번로 98-16,광주광역시 광산구 연산동 1154,,,기타,정상가동,455.28,380,60,2021,,2021-03-18,광주광역시 광산구청,,2025-07-02
평동태양광발전소,광주광역시 광산구 평동산단7번로 98-19,광주광역시 광산구 연산동 1150,,,기타,정상가동,902.26,22900,60,2022,,2021-01-20,광주광역시 광산구청,,2025-07-02
시지태양광발전소,광주광역시 광산구 평동산단8번로 100,광주광역시 광산구 연산동 1161,,,옥상,정상가동,899,380,60,2022,,2021-10-29,광주광역시 광산구청,,2025-07-02
민성하남3태양광발전소,광주광역시 광산구 용아로 633,,,,옥상,정상가동,46.59,380,60,2024,,2024-02-16,광주광역시 광산구청,,2025-07-02
민성하남2태양광발전소,광주광역시 광산구 손재로 368-11,,,,옥상,정상가동,99.22,380,60,2024,,2024-01-10,광주광역시 광산구청,,2025-07-02
광산1호태양광발전소,광주광역시 광산구 평동산단8번로 110-4,광주광역시 광산구 연산동 1162,,,옥상,정상가동,370.24,380,60,2021,,2021-03-08,광주광역시 광산구청,,2025-07-02
건승태양광발전소,광주광역시 광산구 평동산단8번로 13-7,광주광역시 광산구 연산동 1261,,,옥상,정상가동,257.6,380,60,2021,,2021-03-08,광주광역시 광산구청,,2025-07-02
플레이트태양광발전소1호,광주광역시 광산구 하남산단1번로 109,,,,옥상,정상가동,99.9,380,60,2024,,2021-11-11,광주광역시 광산구청,,2025-07-02
플레이트태양광발전소2호,광주광역시 광산구 하남산단1번로 109,,,,옥상,정상가동,99.9,380,60,2024,,2021-11-11,광주광역시 광산구청,,2025-07-02
플레이트태양광발전소3호,광주광역시 광산구 하남산단1번로 125,,,,옥상,정상가동,99.9,380,60,2024,,2021-11-11,광주광역시 광산구청,,2025-07-02
플레이트태양광발전소4호,광주광역시 광산구 하남산단1번로 125,,,,옥상,정상가동,99.9,380,60,2024,,2021-11-11,광주광역시 광산구청,,2025-07-02
영진태양광발전소,광주광역시 광산구 하남산단6번로 14-8,,,,옥상,정상가동,97.2,380,60,2024,,2018-01-25,광주광역시 광산구청,,2025-07-02
파워테크2호태양광발전소,광주광역시 광산구 하남산단5번로 44,,,,옥상,정상가동,59.52,380,60,2024,,2024-01-10,광주광역시 광산구청,,2025-07-02
파워테크1호태양광발전소,광주광역시 광산구 하남산단5번로 44,,,,옥상,정상가동,99.6,380,60,2024,,2024-01-10,광주광역시 광산구청,,2025-07-02
제이원휴먼테크태양광발전소,광주광역시 광산구 평동산단8번로 14-12,,,,옥상,정상가동,346.84,380,60,2024,,2022-04-06,광주광역시 광산구청,,2025-07-02
와니태양광발전소,광주광역시 광산구 송도로162번길 26,,,,옥상,정상가동,99.55,380,60,2024,,2023-12-20,광주광역시 광산구청,,2025-07-02
엔에스태양광발전소,광주광역시 광산구 임곡로 606,,,,옥상,정상가동,196.8,380,60,2024,,2023-10-05,광주광역시 광산구청,,2025-07-02
(주)두오에프엔비태양광발전소,광주광역시 광산구 평동산단8번로 14-16,,,,옥상,정상가동,315.52,380,60,2024,,2022-05-25,광주광역시 광산구청,,2025-07-02
와이엔엠2호태양광발전소,광주광역시 광산구 삼도송계길 83-33,,,,옥상,정상가동,80,380,60,2024,,2019-11-19,광주광역시 광산구청,,2025-07-02
유디철강태양광발전소,광주광역시 광산구 평동산단8번로 14-9,,,,옥상,정상가동,399.84,380,60,2024,,2022-06-08,광주광역시 광산구청,,2025-07-02
광주중앙산업(주)2호태양광발전소,광주광역시 광산구 어등대로621번길 15-10,,,,옥상,정상가동,99.96,380,60,2024,,2023-07-14,광주광역시 광산구청,,2025-07-02
광주중앙산업(주)태양광발전소,광주광역시 광산구 어등대로621번길 15-10,,,,옥상,정상가동,99.96,380,60,2024,,2023-07-14,광주광역시 광산구청,,2025-07-02
현송2호태양광발전소,광주광역시 광산구 하남산단10번로 39-3,,,,옥상,정상가동,89.85,380,60,2024,,2023-04-07,광주광역시 광산구청,,2025-07-02
현송1호태양광발전소,광주광역시 광산구 하남산단10번로 39-3,,,,옥상,정상가동,59.5,380,60,2024,,2023-04-07,광주광역시 광산구청,,2025-07-02
한국공조태양광발전소,광주광역시 광산구 평동산단8번로 28-16,광주광역시 광산구 연산동 1276,,,옥상,정상가동,258.5,380,60,2022,,2022-05-03,광주광역시 광산구청,,2025-07-02
평동공장태양광발전소,광주광역시 광산구 평동산단8번로 28-16,,,,옥상,정상가동,153.09,380,60,2025,,2024-10-17,광주광역시 광산구청,,2025-07-02
해성1호태양광발전소,광주광역시 광산구 평동산단8번로 28-20,,,,옥상,정상가동,396.48,380,60,2024,,2022-09-05,광주광역시 광산구청,,2025-07-02
럭키솔라태양광발전소,광주광역시 광산구 손재로 436-45,,,,옥상,정상가동,99.2,380,60,2024,,2024-02-02,광주광역시 광산구청,,2025-07-02
성훈에너지태양광발전소,광주광역시 광산구 하남산단4번로 95-17,,,,옥상,정상가동,74.4,380,60,2024,,2024-03-19,광주광역시 광산구청,,2025-07-02
탑스코5호태양광발전소,광주광역시 광산구 용아로 722,,,,옥상,정상가동,99.68,380,60,2024,,2023-11-23,광주광역시 광산구청,,2025-07-02
탑텍2호태양광발전소,광주광역시 광산구 용아로 722,,,,옥상,정상가동,99.68,380,60,2024,,2023-11-23,광주광역시 광산구청,,2025-07-02
탑스텍태양광발전소,광주광역시 광산구 용아로 722,,,,옥상,정상가동,99.68,380,60,2024,,2023-11-23,광주광역시 광산구청,,2025-07-02
야곱5호태양광발전소,광주광역시 광산구 노안삼도로 802-11,,,,옥상,정상가동,44.55,380,60,2024,,2023-05-16,광주광역시 광산구청,,2025-07-02
야곱4호태양광발전소,광주광역시 광산구 삼도봉학길 89,,,,옥상,정상가동,44.55,380,60,2024,,2023-05-16,광주광역시 광산구청,,2025-07-02
야곱3호태양광발전소,광주광역시 광산구 삼도봉학길 89,,,,옥상,정상가동,97.44,380,60,2024,,2022-04-07,광주광역시 광산구청,,2025-07-02
야곱2호태양광발전소,광주광역시 광산구 삼도봉학길 89,,,,옥상,정상가동,97.44,380,60,2024,,2022-04-07,광주광역시 광산구청,,2025-07-02
명성태양광발전소,광주광역시 광산구 하남산단10번로 115-30,,,,옥상,정상가동,162,380,60,2024,,2023-09-11,광주광역시 광산구청,,2025-07-02
로젠택배태양광발전소,광주광역시 광산구 하남산단4번로 19,,,,옥상,정상가동,203.36,380,60,2024,,2023-10-05,광주광역시 광산구청,,2025-07-02
한주A태양광발전소,광주광역시 광산구 용아로 799,,,,옥상,정상가동,149.4,380,60,2024,,2024-02-05,광주광역시 광산구청,,2025-07-02
성목태양광발전소,광주광역시 광산구 구촌반촌길 54-63,,,,옥상,정상가동,58.08,380,60,2024,,2023-12-19,광주광역시 광산구청,,2025-07-02
세련태양광발전소,광주광역시 광산구 하남산단3번로 23-25,,,,옥상,정상가동,199.92,380,60,2024,,2023-01-25,광주광역시 광산구청,,2025-07-02
왕성2태양광발전소,광주광역시 광산구 진곡산단6번로 25-72,,,,옥상,정상가동,168.75,380,60,2024,,2024-02-05,광주광역시 광산구청,,2025-07-02
왕성1태양광발전소,광주광역시 광산구 진곡산단6번로 25-72,,,,옥상,정상가동,168.75,380,60,2024,,2024-02-05,광주광역시 광산구청,,2025-07-02
다원2호태양광발전소,광주광역시 광산구 하남산단천변우로 108,,,,옥상,정상가동,99.96,380,60,2024,,2023-11-09,광주광역시 광산구청,,2025-07-02
다원1호태양광발전소,광주광역시 광산구 하남산단천변우로 108,,,,옥상,정상가동,99.96,380,60,2024,,2023-11-09,광주광역시 광산구청,,2025-07-02
동인발전소1호,광주광역시 광산구 하남산단4번로 95-3,,,,옥상,정상가동,99.96,380,60,2024,,2022-09-13,광주광역시 광산구청,,2025-07-02
나눔태양광발전소,광주광역시 광산구 사암로 381,,,,옥상,정상가동,29.76,380,60,2024,,2024-10-07,광주광역시 광산구청,,2025-07-02
무등태양광발전소,광주광역시 광산구 대산로 229,,,,옥상,정상가동,83,380,60,2024,,2023-05-08,광주광역시 광산구청,,2025-07-02
윤혁태양광발전소,광주광역시 광산구 노안삼도로 963,,,,옥상,정상가동,149.4,380,60,2024,,2020-11-18,광주광역시 광산구청,,2025-07-02
스마트원태양광발전소,광주광역시 광산구 평동산단8번로 3,광주광역시 광산구 연산동 1263,,,옥상,정상가동,206.55,380,60,2021,,2021-05-31,광주광역시 광산구청,,2025-07-02
해조은태양광발전소,광주광역시 광산구 송도로 336,,,,옥상,정상가동,99.76,380,60,2024,,2023-04-27,광주광역시 광산구청,,2025-07-02
우리태양광발전소,광주광역시 광산구 평동산단8번로 57,,,,옥상,정상가동,156.6,380,60,2024,,2023-05-16,광주광역시 광산구청,,2025-07-02
영주4태양광발전소,광주광역시 광산구 평동산단8번로 84-12,광주광역시 광산구 연산동 1172,,,옥상,정상가동,157.76,380,60,2022,,2022-05-25,광주광역시 광산구청,,2025-07-02
가람태양광발전소,광주광역시 광산구 진곡산단3번로 59-42,,,,옥상,정상가동,258,380,60,2024,,2023-12-07,광주광역시 광산구청,,2025-07-02
태경산업 태양광발전소,광주광역시 광산구 진곡산단중앙로 225,,,,옥상,정상가동,198,380,60,2024,,2023-08-10,광주광역시 광산구청,,2025-07-02
정성2호태양광발전소,,광주광역시 광산구 대산동 151-4,,,옥외,정상가동,99.22,380,60,2024,,2023-06-21,광주광역시 광산구청,,2025-07-02
정성1호태양광발전소,,광주광역시 광산구 대산동 151-4,,,옥외,정상가동,99.22,380,60,2024,,2023-06-21,광주광역시 광산구청,,2025-07-02
우성2호태양광발전소,광주광역시 광산구 하남산단3번로 23-23,,,,옥상,정상가동,70.56,380,60,2024,,2024-04-03,광주광역시 광산구청,,2025-07-02
우성1호태양광발전소,광주광역시 광산구 하남산단3번로 23-23,,,,옥상,정상가동,99.54,380,60,2024,,2024-04-03,광주광역시 광산구청,,2025-07-02
티에스코솔라1,광주광역시 광산구 하남산단5번로 117,,,,옥상,정상가동,744,22900,60,2024,,2024-01-05,광주광역시 광산구청,,2025-07-02
티에스솔라1,광주광역시 광산구 하남산단5번로 117,,,,옥상,정상가동,892.8,22900,60,2024,,2024-01-05,광주광역시 광산구청,,2025-07-02
유한태양광발전소,광주광역시 광산구 하남산단천변우로 126-5,,,,옥상,정상가동,93.6,380,60,2024,,2024-01-09,광주광역시 광산구청,,2025-07-02
에이스이앤지2태양광발전소,광주광역시 광산구 진곡산단중앙로 277,,,,옥상,정상가동,40.54,380,60,2024,,2024-03-04,광주광역시 광산구청,,2025-07-02
(주)동양스크린태양광발전소,광주광역시 광산구 손재로287번길 78,,,,옥상,정상가동,99.96,380,60,2024,,2023-01-26,광주광역시 광산구청,,2025-07-02
영주3태양광발전소,광주광역시 광산구 평동산단8번로 84-12,광주광역시 광산구 연산동 1172,,,옥상,정상가동,315.52,380,60,2022,,2022-05-25,광주광역시 광산구청,,2025-07-02
주식회사리치룩스태양광발전소,광주광역시 광산구 빛그린18로 37,광주광역시 광산구 삼거동 926,,,옥상,정상가동,205.92,380,60,2024,,2022-06-13,광주광역시 광산구청,,2025-07-02
화산 태양광발전소,광주광역시 광산구 평동산단8번로 84-13,광주광역시 광산구 연산동 1169,,,옥상,정상가동,360,380,60,2021,,2020-09-23,광주광역시 광산구청,,2025-07-02
유성태양광발전소,광주광역시 광산구 진곡산단4번로 51-15,,,,옥상,정상가동,230.4,380,60,2024,,2024-01-10,광주광역시 광산구청,,2025-07-02
제스트1호태양광발전소,광주광역시 광산구 평동산단8번로 84-14,,,,옥상,정상가동,157.76,380,60,2024,,2022-05-25,광주광역시 광산구청,,2025-07-02
한울우산동태양광발전소,광주광역시 광산구 사암로131번길 6,,,,옥상,정상가동,84,380,60,2024,,2024-02-13,광주광역시 광산구청,,2025-07-02
현진태양광발전소,광주광역시 광산구 국룡길 140-1,,,,옥상,정상가동,99,380,60,2024,,2022-07-25,광주광역시 광산구청,,2025-07-02
알티엠태양광발전소,광주광역시 광산구 진곡산단중앙로 121,,,,옥상,정상가동,330,380,60,2024,,2024-02-23,광주광역시 광산구청,,2025-07-02
아름다운동행 태양광발전소,광주광역시 광산구 평동산단8번로 84-18,광주광역시 광산구 연산동 1173,,,옥상,정상가동,999.47,22900,60,2021,,2020-09-21,광주광역시 광산구청,,2025-07-02
제이제이태양광발전소,광주광역시 광산구 첨단중앙로106번길 65-3,,,,옥상,정상가동,336.6,380,60,2024,,2021-05-10,광주광역시 광산구청,,2025-07-02
라움태양광,광주광역시 광산구 고봉로125번길 12,,,,옥상,정상가동,47.6,380,60,2024,,2023-06-05,광주광역시 광산구청,,2025-07-02
월봉중학교시민햇빛발전소 1호기,광주광역시 광산구 산월로 107,,,,옥상,정상가동,234.32,380,60,2024,,2024-02-19,광주광역시 광산구청,,2025-07-02
씨앤도천태양광발전소,광주광역시 광산구 도천남길 41-21,,,,옥상,정상가동,99.96,380,60,2024,,2024-01-02,광주광역시 광산구청,,2025-07-02
즐거운동행태양광발전소,광주광역시 광산구 평동산단8번로 84-6,광주광역시 광산구 연산동 1171,,,옥상,정상가동,499.29,380,60,2021,,2021-08-25,광주광역시 광산구청,,2025-07-02
태원글로벌테크 태양광발전소,광주광역시 광산구 평동산단8번로 88,광주광역시 광산구 연산동 63-17,,,옥상,정상가동,347.76,380,60,2020,,2020-09-08,광주광역시 광산구청,,2025-07-02
현태C태양광발전소,광주광역시 광산구 하남산단6번로 46-18,,,,옥상,정상가동,99.8,380,60,2024,,2024-02-13,광주광역시 광산구청,,2025-07-02
현태B태양광발전소,광주광역시 광산구 하남산단6번로 46-18,,,,옥상,정상가동,99.8,380,60,2024,,2024-02-13,광주광역시 광산구청,,2025-07-02
현태A태양광발전소,광주광역시 광산구 하남산단6번로 46-18,,,,옥상,정상가동,197.4,380,60,2024,,2024-02-13,광주광역시 광산구청,,2025-07-02
한울2공장태양광발전소,광주광역시 광산구 평동산단9번로 19,광주광역시 광산구 연산동 1278,,,옥상,정상가동,250.24,380,60,2022,,2021-12-06,광주광역시 광산구청,,2025-07-02
덕양발전소,광주광역시 광산구 손재로287번길 124,,,,옥상,정상가동,299.13,380,60,2024,,2023-10-13,광주광역시 광산구청,,2025-07-02
금광 태양광발전소,광주광역시 광산구 풍영로101번길 45,,,,옥외,정상가동,14.4,380,60,2024,,2023-10-12,광주광역시 광산구청,,2025-07-02
다원태양광발전소,광주광역시 광산구 평동산단9번로 3,광주광역시 광산구 연산동 1269,,,옥상,정상가동,345.6,380,60,2021,,2021-05-31,광주광역시 광산구청,,2025-07-02
태연에너지,광주광역시 광산구 평동산단9번로 30-10,광주광역시 광산구 연산동 1315,,,옥상,정상가동,310.5,380,60,2022,,2022-02-04,광주광역시 광산구청,,2025-07-02
(주)제이시스템태양광발전소,광주광역시 광산구 평동산단9번로 30-10,광주광역시 광산구 연산동 1315,,,옥상,정상가동,300,380,60,2022,,2022-02-04,광주광역시 광산구청,,2025-07-02
임극렬태양광발전소,광주광역시 광산구 평동산단9번로 30-13,광주광역시 광산구 연산동 1306,,,옥상,정상가동,384,380,60,2022,,2021-12-20,광주광역시 광산구청,,2025-07-02
SM태양광발전소,광주광역시 광산구 평동산단9번로 30-3,광주광역시 광산구 연산동 1308,,,옥상,정상가동,367.2,380,60,2021,,2021-02-09,광주광역시 광산구청,,2025-07-02
기본이앤지태양광발전소,광주광역시 광산구 빛그린18로 19,,,,옥상,정상가동,424.83,380,60,2024,,2022-12-06,광주광역시 광산구청,,2025-07-02
(주)동화테크태양광발전소,광주광역시 광산구 평동산단9번로 30-9,광주광역시 광산구 연산동 1307,,,옥상,정상가동,300,380,60,2022,,2022-02-04,광주광역시 광산구청,,2025-07-02
LG이노텍광주공장태양광발전소,광주광역시 광산구 하남산단5번로 26,,,,옥상,정상가동,1000.56,6600,60,2024,,2024-01-10,광주광역시 광산구청,,2025-07-02
(주)부광이엔지태양광발전소,광주광역시 광산구 평동산단9번로 66,광주광역시 광산구 연산동 1301,,,옥상,정상가동,299.75,380,60,2022,,2022-03-22,광주광역시 광산구청,,2025-07-02
현대에코4태양광발전소,,광주광역시 광산구 용곡동 703,,,옥외,정상가동,105.56,380,60,2024,,2022-03-15,광주광역시 광산구청,,2025-07-02
빛그린이엔지태양광발전소,광주광역시 광산구 평동산단9번로 70,광주광역시 광산구 연산동 1174,,,기타,정상가동,433.32,380,60,2021,,2021-05-10,광주광역시 광산구청,,2025-07-02
유림광고디자인,광주광역시 광산구 임방울대로 1-1,,,,옥상,정상가동,19.68,380,60,2024,,2024-04-23,광주광역시 광산구청,,2025-07-02
L.에어패스태양광발전소,광주광역시 광산구 평동산단9번로 89,,,,옥상,정상가동,207.68,380,60,2024,,2023-01-12,광주광역시 광산구청,,2025-07-02
연희 태양광발전소,광주광역시 광산구 평동산단9번로 95,광주광역시 광산구 연산동 1166,,,옥상,정상가동,997.92,22900,60,2021,,2020-11-16,광주광역시 광산구청,,2025-07-02
㈜대성포장태양광발전소,광주광역시 광산구 평동산단로 140,광주광역시 광산구 월전동 1247,,,옥상,정상가동,200,22900,60,2013,,2012-03-13,광주광역시 광산구청,,2025-07-02
대명 태양광,광주광역시 광산구 평동산단로 16,광주광역시 광산구 요기동 298-16,,,옥상,정상가동,74.34,380,60,2023,,2023-07-31,광주광역시 광산구청,,2025-07-02
상혁태양광발전소,광주광역시 광산구 하남산단9번로 195-13,,,,옥상,정상가동,150,380,60,2024,,2024-04-16,광주광역시 광산구청,,2025-07-02
선우태양광발전소,광주광역시 광산구 하남산단10번로 9,,,,옥상,정상가동,93.6,380,60,2024,,2024-02-22,광주광역시 광산구청,,2025-07-02
에벤에셀태양광발전소,광주광역시 광산구 손재로287번길 96-6,,,,옥상,정상가동,38.44,380,60,2024,,2024-04-23,광주광역시 광산구청,,2025-07-02
초원태양광발전소,광주광역시 광산구 하남산단3번로 90,,,,옥상,정상가동,99.38,380,60,2024,,2024-05-23,광주광역시 광산구청,,2025-07-02
메이선태양광발전소,광주광역시 광산구 하남산단3번로 90,,,,옥상,정상가동,99.38,380,60,2024,,2024-05-23,광주광역시 광산구청,,2025-07-02
가온태양광발전소,광주광역시 광산구 임곡로 399-10,,,,옥상,정상가동,349.8,380,60,2024,,2024-02-28,광주광역시 광산구청,,2025-07-02
와이에스피(B) 태양광발전소,광주광역시 광산구 평동산단로 165,광주광역시 광산구 월전동 957,,,옥상,정상가동,860.8,22900,60,2019,,2019-07-26,광주광역시 광산구청,,2025-07-02
주주태양광발전소,광주광역시 광산구 소촌로85번길 50,,,,옥상,정상가동,32.07,380,60,2024,,2024-04-26,광주광역시 광산구청,,2025-07-02
JS태양광발전소,광주광역시 광산구 하남산단천변좌로 123,,,,옥상,정상가동,299.48,380,60,2024,,2024-03-04,광주광역시 광산구청,,2025-07-02
버들태양광발전소,광주광역시 광산구 소촌로85번길 50,,,,옥상,정상가동,99,380,60,2024,,2024-02-28,광주광역시 광산구청,,2025-07-02
HJ 태양광발전소,광주광역시 광산구 평동산단로 170-3,광주광역시 광산구 월전동 1237,,,옥상,정상가동,99.9,380,60,2021,,2021-01-05,광주광역시 광산구청,,2025-07-02
제일레이져태양광발전소,광주광역시 광산구 하남산단2번로 45,,,,옥상,정상가동,118.75,380,60,2024,,2024-03-18,광주광역시 광산구청,,2025-07-02
삼양1태양광발전소,광주광역시 광산구 용아로 534-18,,,,옥상,정상가동,158,380,60,2024,,2023-06-19,광주광역시 광산구청,,2025-07-02
HR 태양광발전소,광주광역시 광산구 평동산단로 170-3,광주광역시 광산구 월전동 1237,,,옥상,정상가동,99.9,380,60,2021,,2021-01-05,광주광역시 광산구청,,2025-07-02
영재태양광발전소,광주광역시 광산구 평동산단로 170-8,광주광역시 광산구 월전동 1239,,,옥상,정상가동,437,22900,60,2014,,2014-02-13,광주광역시 광산구청,,2025-07-02
조은태양광발전소,광주광역시 광산구 평동산단로 182-1,광주광역시 광산구 월전동 1230,,,옥상,정상가동,99.36,380,60,2021,,2023-12-20,광주광역시 광산구청,,2025-07-02
씨에스에스에너지태양광발전소,광주광역시 광산구 평동산단로 225-14,,,,옥상,정상가동,499.8,380,60,2024,,2024-08-28,광주광역시 광산구청,,2025-07-02
삼백철강태양광발전소,광주광역시 광산구 평동산단로 225-15,광주광역시 광산구 옥동 1240-1,,,옥상,정상가동,300.3,380,60,2021,,2021-05-31,광주광역시 광산구청,,2025-07-02
삼백스틸태양광발전소,광주광역시 광산구 평동산단로 225-28,,,,옥상,정상가동,200,380,60,2024,,2024-04-16,광주광역시 광산구청,,2025-07-02
에스더태양광발전소,광주광역시 광산구 평동산단로 225-38,광주광역시 광산구 옥동 1235-24,,,옥상,정상가동,99.33,380,60,2021,,2021-02-26,광주광역시 광산구청,,2025-07-02
사무엘태양광발전소,광주광역시 광산구 평동산단로 225-38,광주광역시 광산구 옥동 1235-24,,,옥상,정상가동,99.33,380,60,2021,,2021-02-26,광주광역시 광산구청,,2025-07-02
한나태양광발전소,광주광역시 광산구 평동산단로 225-38,광주광역시 광산구 옥동 1235-24,,,옥상,정상가동,99.33,380,60,2021,,2021-02-26,광주광역시 광산구청,,2025-07-02
신우1호태양광발전소,광주광역시 광산구 평동산단로 225-44,광주광역시 광산구 옥동 1235-26,,,옥상,정상가동,99,380,60,2022,,2022-06-09,광주광역시 광산구청,,2025-07-02
정구태양광발전소 1호,광주광역시 광산구 평동산단로 225-46,,,,옥상,정상가동,98.01,380,60,2024,,2024-01-17,광주광역시 광산구청,,2025-07-02
대한방화문 태양광발전소,광주광역시 광산구 평동산단로 235,광주광역시 광산구 옥동 1235-13,,,옥상,정상가동,273.06,380,60,2020,,2019-10-01,광주광역시 광산구청,,2025-07-02
모던태양광발전소,광주광역시 광산구 하남산단5번로 70,,,,옥상,정상가동,58.8,380,60,2024,,2020-11-25,광주광역시 광산구청,,2025-07-02
(주)멘퍼스 태양광발전소,광주광역시 광산구 평동산단로 239-10,광주광역시 광산구 옥동 1234-15,,,옥상,정상가동,497.7,380,60,2020,,2020-03-27,광주광역시 광산구청,,2025-07-02
제이크로스태양광발전소,광주광역시 광산구 평동산단로 239-10,광주광역시 광산구 옥동 1234-15,,,옥외,정상가동,29.24,380,60,2021,,2021-08-20,광주광역시 광산구청,,2025-07-02
삼영시스템태양광발전소,광주광역시 광산구 평동산단로 239-38,광주광역시 광산구 옥동 1234-28,,,옥상,정상가동,245.41,380,60,2022,,2021-11-01,광주광역시 광산구청,,2025-07-02
국제이엔지태양광발전소,광주광역시 광산구 평동산단로 239-41,광주광역시 광산구 옥동 1235-29,,,옥상,정상가동,149.87,380,60,2023,,2022-01-07,광주광역시 광산구청,,2025-07-02
대흥기전2호태양광발전소,광주광역시 광산구 평동산단로 239-45,광주광역시 광산구 옥동 1235-2,,,옥상,정상가동,61.2,380,60,2014,,2013-10-14,광주광역시 광산구청,,2025-07-02
(유)티에이태양광발전소,광주광역시 광산구 평동산단로 246-43,광주광역시 광산구 월전동 912-9,,,옥상,정상가동,348.75,22900,60,2014,,2013-11-26,광주광역시 광산구청,,2025-07-02
원일태양광발전소,광주광역시 광산구 평동산단로 262,광주광역시 광산구 월전동 912-3,,,옥상,정상가동,350.35,380,60,2019,,2018-12-12,광주광역시 광산구청,,2025-07-02
㈜무등기업평동태양광발전소,광주광역시 광산구 평동산단로 297,광주광역시 광산구 옥동 881-8,,,옥상,정상가동,396.18,22900,60,2013,,2013-03-14,광주광역시 광산구청,,2025-07-02
무등기업평동2호태양광발전소,광주광역시 광산구 평동산단로 297,광주광역시 광산구 옥동 881-8,,,옥상,정상가동,99.96,380,60,2023,,2022-09-13,광주광역시 광산구청,,2025-07-02
디케이솔라파워태양광발전소,광주광역시 광산구 평동산단로 360,광주광역시 광산구 장록동 749-6,,,옥상,정상가동,1000,22900,60,2014,,2011-12-07,광주광역시 광산구청,,2025-07-02
금산태양광발전소,광주광역시 광산구 평동산단로 59,광주광역시 광산구 요기동 301-1,,,옥상,정상가동,29.9,380,60,2021,,2021-10-13,광주광역시 광산구청,,2025-07-02
동명태양광발전소,광주광역시 광산구 임곡로 703,,,,기타,정상가동,99.6,380,60,2024,,2024-02-14,광주광역시 광산구청,,2025-07-02
베사페 태양광발전소,광주광역시 광산구 평동산단로 62번길 9,광주광역시 광산구 월전동 1037-1,,,옥상,정상가동,396.9,380,60,2021,,2021-01-20,광주광역시 광산구청,,2025-07-02
한국상용트럭㈜,광주광역시 광산구 평동산단로 67,광주광역시 광산구 월전동 1024,,,옥상,정상가동,498.96,380,60,2019,,2018-04-27,광주광역시 광산구청,,2025-07-02
대진태양광발전소,광주광역시 광산구 빛중앙14로 23,,,,옥상,정상가동,611.4,22900,60,2024,,2017-12-04,광주광역시 광산구청,,2025-07-02
하나태양광발전소,광주광역시 광산구 진곡산단4번로 51-12,,,,옥상,정상가동,194.4,380,60,2024,,2015-10-07,광주광역시 광산구청,,2025-07-02
자기바라기태양광발전소,광주광역시 광산구 평동산단로143번길 32,광주광역시 광산구 월전동 942,,,옥상,정상가동,245.7,380,60,2020,,2018-10-01,광주광역시 광산구청,,2025-07-02
시그마테크발전,광주광역시 광산구 평동산단로143번길 32,광주광역시 광산구 월전동 942,,,옥상,정상가동,197.12,380,60,2021,,2020-07-24,광주광역시 광산구청,,2025-07-02
태인솔라 태양광발전소,광주광역시 광산구 평동산단로143번길 38,광주광역시 광산구 월전동 943,,,옥상,정상가동,461.48,380,60,2020,,2020-05-25,광주광역시 광산구청,,2025-07-02
아리예스2호태양광발전소,광주광역시 광산구 평동산단로143번길 6,광주광역시 광산구 월전동 958-1,,,옥상,정상가동,99.16,380,60,2017,,2017-04-18,광주광역시 광산구청,,2025-07-02
준호2호태양광발전소,광주광역시 광산구 하남산단6번로 2,,,,옥상,정상가동,55,380,60,2024,,2024-05-08,광주광역시 광산구청,,2025-07-02
준호1호태양광발전소,광주광역시 광산구 하남산단6번로 2,,,,옥상,정상가동,99.6,380,60,2024,,2024-04-05,광주광역시 광산구청,,2025-07-02
상무대로87태양광발전소,광주광역시 광산구 상무대로 87,,,,옥상,정상가동,45.85,380,60,2024,,2024-05-16,광주광역시 광산구청,,2025-07-02
대우컴프레셔6호태양광발전소,광주광역시 광산구 하남산단3번로 5,,,,옥상,정상가동,297.92,380,60,2024,,2023-11-21,광주광역시 광산구청,,2025-07-02
대우컴프레셔5호태양광발전소,광주광역시 광산구 하남산단3번로 5,,,,옥상,정상가동,297.92,380,60,2024,,2023-11-21,광주광역시 광산구청,,2025-07-02
대우컴프레셔4호태양광발전소,광주광역시 광산구 하남산단3번로 5,,,,옥상,정상가동,297.92,380,60,2024,,2023-11-21,광주광역시 광산구청,,2025-07-02
대우컴프레셔3호 태양광발전소,광주광역시 광산구 하남산단3번로 5,,,,옥상,정상가동,399,380,60,2024,,2023-11-21,광주광역시 광산구청,,2025-07-02
대우컴프레셔2호 태양광발전소,광주광역시 광산구 하남산단3번로 5,,,,옥상,정상가동,494.76,380,60,2024,,2023-11-21,광주광역시 광산구청,,2025-07-02
대우컴프레셔1호 태양광발전소,광주광역시 광산구 하남산단3번로 5,,,,옥상,정상가동,199.5,380,60,2024,,2023-11-21,광주광역시 광산구청,,2025-07-02
아리예스1호태양광발전소,광주광역시 광산구 평동산단로143번길 6,광주광역시 광산구 월전동 958-1,,,옥상,정상가동,331.65,380,60,2017,,2017-03-22,광주광역시 광산구청,,2025-07-02
유성호발전소,광주광역시 광산구 사암로92번길 23-33,,,,옥상,정상가동,15.63,380,60,2024,,2024-05-16,광주광역시 광산구청,,2025-07-02
디엔디2태양광발전소,광주광역시 광산구 진곡산단2번로 47-9,,,,옥상,정상가동,192.8,380,60,2024,,2024-05-21,광주광역시 광산구청,,2025-07-02
(주)가나피엔엘태양광발전소,광주광역시 광산구 평동산단로169번길 24-13,광주광역시 광산구 월전동 929,,,옥상,정상가동,323.4,380,60,2015,,2015-09-03,광주광역시 광산구청,,2025-07-02
광주월산2태양광발전소,광주광역시 광산구 와산길 74-46,,,,옥상,정상가동,99.6,380,60,2024,,2023-12-29,광주광역시 광산구청,,2025-07-02
광주월산1태양광발전소,광주광역시 광산구 와산길 74-46,,,,옥상,정상가동,99.6,380,60,2024,,2023-12-29,광주광역시 광산구청,,2025-07-02
지용금속1B태양광발전소,광주광역시 광산구 하남산단천변우로 126-6,,,,옥상,정상가동,57.66,380,60,2024,,2024-03-26,광주광역시 광산구청,,2025-07-02
지용금속1A태양광발전소,광주광역시 광산구 하남산단천변우로 126-6,,,,옥상,정상가동,86.8,380,60,2024,,2024-03-26,광주광역시 광산구청,,2025-07-02
지용금속4태양광발전소,광주광역시 광산구 하남산단천변우로 126-7,,,,옥상,정상가동,88.66,380,60,2024,,2024-03-26,광주광역시 광산구청,,2025-07-02
가람2태양광발전소,광주광역시 광산구 송정로52번길 91,,,,옥상,정상가동,85,380,60,2024,,2024-08-09,광주광역시 광산구청,,2025-07-02
다담솔라1호태양광발전소,광주광역시 광산구 손재로 436-68,,,,옥상,정상가동,835.17,22900,60,2024,,2023-04-10,광주광역시 광산구청,,2025-07-02
유한회사이준2호태양광발전소,광주광역시 광산구 고봉로 53,,,,옥상,정상가동,207.6,380,60,2024,,2024-06-04,광주광역시 광산구청,,2025-07-02
와이에스피(A) 태양광발전소,광주광역시 광산구 평동산단로169번길 25,광주광역시 광산구 월전동 956,,,옥상,정상가동,633.6,22900,60,2019,,2019-07-26,광주광역시 광산구청,,2025-07-02
현대지게차태양광발전소,광주광역시 광산구 사암로 846-2,,,,옥상,정상가동,93,380,60,2024,,2023-07-24,광주광역시 광산구청,,2025-07-02
첨단2호태양광발전소,광주광역시 광산구 진곡산단3번로 1-20,,,,옥상,정상가동,97.5,380,60,2024,,2024-08-05,광주광역시 광산구청,,2025-07-02
첨단1호태양광발전소,광주광역시 광산구 진곡산단3번로 1-20,,,,옥상,정상가동,97.5,380,60,2024,,2024-08-05,광주광역시 광산구청,,2025-07-02
삼양2태양광발전소,광주광역시 광산구 용아로 637,,,,옥상,정상가동,461.13,380,60,2024,,2023-06-19,광주광역시 광산구청,,2025-07-02
새롬2태양광발전소,광주광역시 광산구 용아로 637,,,,옥상,정상가동,464.1,380,60,2024,,2023-06-19,광주광역시 광산구청,,2025-07-02
이에스태양광발전소,광주광역시 광산구 용아로 637,,,,옥상,정상가동,464.1,380,60,2024,,2023-06-19,광주광역시 광산구청,,2025-07-02
도곤물류 태양광발전소,광주광역시 광산구 고봉로113번길 2,,,,옥상,정상가동,66,380,60,2024,,2023-08-08,광주광역시 광산구청,,2025-07-02
금형태양광발전소,광주광역시 광산구 평동산단로169번길 47,광주광역시 광산구 월전동 939,,,옥상,정상가동,156.94,380,60,2023,,2022-12-05,광주광역시 광산구청,,2025-07-02
세정태양광발전소,광주광역시 광산구 평동산단로169번길 48,광주광역시 광산구 월전동 925,,,옥상,정상가동,496.8,380,60,2020,,2018-11-08,광주광역시 광산구청,,2025-07-02
삼호씨티태양광발전소,광주광역시 광산구 진곡산단4번로 67-15,,,,옥상,정상가동,420,380,60,2024,,2023-12-20,광주광역시 광산구청,,2025-07-02
원광산업태양광발전소,광주광역시 광산구 노안삼도로 1363,,,,옥상,정상가동,206.01,380,60,2024,,2022-09-15,광주광역시 광산구청,,2025-07-02
대하네트웍스 광주발전소2호,,광주광역시 광산구 수완동 259,,,옥상,정상가동,99.38,380,60,2024,,2024-06-19,광주광역시 광산구청,,2025-07-02
대하네트웍스 광주발전소,광주광역시 광산구 상완길 190,,,,옥상,정상가동,99.38,380,60,2024,,2024-06-19,광주광역시 광산구청,,2025-07-02
원스이엔지3태양광발전소,광주광역시 광산구 진곡산단2번로 40,,,,옥상,정상가동,95.76,380,60,2024,,2024-07-17,광주광역시 광산구청,,2025-07-02
원스이엔지2태양광발전소,광주광역시 광산구 진곡산단2번로 40,,,,옥상,정상가동,97.65,380,60,2024,,2024-07-17,광주광역시 광산구청,,2025-07-02
원스이엔지1태양광발전소,광주광역시 광산구 진곡산단2번로 40,,,,옥상,정상가동,97.65,380,60,2024,,2024-07-17,광주광역시 광산구청,,2025-07-02
유주산업5태양광발전소,광주광역시 광산구 진곡산단2번로 40,,,,옥상,정상가동,97.65,380,60,2024,,2024-07-17,광주광역시 광산구청,,2025-07-02
유주산업4태양광발전소,광주광역시 광산구 진곡산단2번로 40,,,,옥상,정상가동,97.65,380,60,2024,,2024-07-17,광주광역시 광산구청,,2025-07-02
유주산업3태양광발전소,광주광역시 광산구 진곡산단2번로 40,,,,옥상,정상가동,97.65,380,60,2024,,2024-07-17,광주광역시 광산구청,,2025-07-02
유주산업2태양광발전소,광주광역시 광산구 진곡산단2번로 40,,,,옥상,정상가동,97.65,380,60,2024,,2024-07-17,광주광역시 광산구청,,2025-07-02
유주산업1태양광발전소,광주광역시 광산구 진곡산단2번로 40,,,,옥상,정상가동,97.65,380,60,2024,,2024-07-17,광주광역시 광산구청,,2025-07-02
해풍2호태양광발전소,광주광역시 광산구 어등대로577번길 42-7,,,,옥상,정상가동,57.33,380,60,2024,,2024-10-22,광주광역시 광산구청,,2025-07-02
해풍1호태양광발전소,광주광역시 광산구 어등대로563번길 36,,,,옥상,정상가동,65.52,380,60,2024,,2024-10-22,광주광역시 광산구청,,2025-07-02
위너스 태양광발전소,광주광역시 광산구 신가매결길 88-29,,,,기타,정상가동,170.8,380,60,2024,,2023-08-28,광주광역시 광산구청,,2025-07-02
대흥기전태양광발전소,광주광역시 광산구 평동산단로239-45,광주광역시 광산구 옥동 1235-2,,,옥상,정상가동,59.86,380,60,2013,,2012-07-11,광주광역시 광산구청,,2025-07-02
씨앗6호태양광발전소,광주광역시 광산구 첨단중앙로170번길 12,,,,옥상,정상가동,40.95,380,60,2024,,2024-08-06,광주광역시 광산구청,,2025-07-02
유니온솔라,광주광역시 광산구 평동산단로62번길 33,광주광역시 광산구 월전동 1035,,,옥상,정상가동,698.88,22900,380,2019,,2019-01-11,광주광역시 광산구청,,2025-07-02
한국알프스물류태양광발전소,광주광역시 광산구 진곡산단중앙로 105,,,,옥상,정상가동,160,380,60,2024,,2024-07-16,광주광역시 광산구청,,2025-07-02
서림에너지,광주광역시 광산구 평동산단연산로 16,광주광역시 광산구 연산동 1170,,,옥상,정상가동,410.4,380,60,2021,,2021-08-25,광주광역시 광산구청,,2025-07-02
해성2-5호태양광발전소,광주광역시 광산구 평동산단연산로 49,광주광역시 광산구 연산동 1332,,,옥상,정상가동,99.82,380,60,2021,,2021-05-11,광주광역시 광산구청,,2025-07-02
현보태양광발전소,광주광역시 광산구 하남산단6번로 46-11,,,,옥상,정상가동,180,380,60,2024,,2024-08-13,광주광역시 광산구청,,2025-07-02
한일태양광발전소,광주광역시 광산구 하남산단10번로 123,,,,옥상,정상가동,249.38,380,60,2024,,2024-05-08,광주광역시 광산구청,,2025-07-02
대덕디엠씨2태양광발전소,광주광역시 광산구 진곡산단4번로 5,,,,옥상,정상가동,98.91,380,60,2024,,2024-08-26,광주광역시 광산구청,,2025-07-02
대덕디엠씨3태양광발전소,광주광역시 광산구 진곡산단4번로 5,,,,옥상,정상가동,59.22,380,60,2024,,2024-08-26,광주광역시 광산구청,,2025-07-02
대덕디엠씨1태양광발전소,광주광역시 광산구 진곡산단4번로 5,,,,옥상,정상가동,98.91,380,60,2024,,2024-08-26,광주광역시 광산구청,,2025-07-02
유한OA시스템태양광발전소,광주광역시 광산구 원정길 30,,,,옥외,정상가동,19.53,380,60,2024,,2024-08-23,광주광역시 광산구청,,2025-07-02
장흥동산3호태양광발전소,광주광역시 광산구 임방울대로826번길 51,,,,옥상,정상가동,45.82,380,60,2024,,2024-08-06,광주광역시 광산구청,,2025-07-02
세완2태양광발전소,광주광역시 광산구 하남산단천변우로 126-9,,,,옥상,정상가동,56.07,380,60,2024,,2024-08-23,광주광역시 광산구청,,2025-07-02
세완1태양광발전소,광주광역시 광산구 하남산단천변우로 126-9,,,,옥상,정상가동,97.65,380,60,2024,,2024-08-23,광주광역시 광산구청,,2025-07-02
은하수태양광발전소,광주광역시 광산구 손재로 436-51,,,,옥상,정상가동,99.54,380,60,2024,,2024-04-26,광주광역시 광산구청,,2025-07-02
에덴태양광발전소,광주광역시 광산구 국룡길 25,,,,옥상,정상가동,499.59,380,60,2025,,2024-07-30,광주광역시 광산구청,,2025-07-02
광진금경테크태양광발전소,광주광역시 광산구 손재로 436-51,,,,옥상,정상가동,499.59,380,60,2025,,2024-04-29,광주광역시 광산구청,,2025-07-02
금복태양광발전소,광주광역시 광산구 임방울대로 611-22,,,,기타,정상가동,131.44,380,60,2025,,2024-03-19,광주광역시 광산구청,,2025-07-02
씨앤2호태양광발전소,광주광역시 광산구 임방울대로 549,,,,옥상,정상가동,99.96,380,60,2025,,2024-01-02,광주광역시 광산구청,,2025-07-02
씨앤1호태양광발전소,광주광역시 광산구 임방울대로 549,,,,옥상,정상가동,99.96,380,60,2025,,2024-01-02,광주광역시 광산구청,,2025-07-02
씨앤3호태양광발전소,광주광역시 광산구 임방울대로 549,,,,옥상,정상가동,99.37,380,60,2025,,2024-01-02,광주광역시 광산구청,,2025-07-02
시연다후태양광발전소,광주광역시 광산구 체암로 1830,,,,옥상,정상가동,60,380,60,2025,,2024-10-17,광주광역시 광산구청,,2025-07-02
김용식태양광발전소,광주광역시 광산구 박호등임로 354,,,,옥상,정상가동,18.75,380,60,2025,,2024-09-10,광주광역시 광산구청,,2025-07-02
EP태양광발전소,광주광역시 광산구 하남산단천변우로 68,,,,옥상,정상가동,99.54,380,60,2025,,2024-10-04,광주광역시 광산구청,,2025-07-02
필현태양광발전소,광주광역시 광산구 하남산단천변우로 60,,,,옥상,정상가동,99.54,380,60,2025,,2024-09-27,광주광역시 광산구청,,2025-07-02
인성태양광발전소,광주광역시 광산구 하남산단천변우로 60,,,,옥상,정상가동,99.54,380,60,2025,,2020-04-20,광주광역시 광산구청,,2025-07-02
한싱크2호태양광발전소,광주광역시 광산구 하남산단천변우로 60,,,,옥상,정상가동,99.54,380,60,2025,,2024-09-27,광주광역시 광산구청,,2025-07-02
한싱크1호태양광발전소,광주광역시 광산구 하남산단천변우로 60,,,,옥상,정상가동,99.54,380,60,2025,,2024-09-27,광주광역시 광산구청,,2025-07-02
유니2호태양광발전소,광주광역시 광산구 하남산단천변우로 60,,,,옥상,정상가동,99.54,380,60,2025,,2024-09-27,광주광역시 광산구청,,2025-07-02
유니1호태양광발전소,광주광역시 광산구 하남산단천변우로 60,,,,옥상,정상가동,99.54,380,60,2025,,2024-09-27,광주광역시 광산구청,,2025-07-02
(유)소나무태양광,,광주광역시 광산구 송학동 366-2,,,옥외,정상가동,996.45,22900,60,2025,,2019-08-05,광주광역시 광산구청,,2025-07-02
지구별6호기태양광발전소,광주광역시 광산구 송정로52번길 20,,,,옥상,정상가동,75,380,60,2025,,2024-10-17,광주광역시 광산구청,,2025-07-02
SOLVIC10호태양광발전소,광주광역시 광산구 손재로 236,,,,옥상,정상가동,499.59,380,60,2025,,2024-08-26,광주광역시 광산구청,,2025-07-02
광진삼성화학태양광발전소,광주광역시 광산구 하남산단10번로 115-19,,,,옥상,정상가동,863.73,22900,60,2025,,2024-04-15,광주광역시 광산구청,,2025-07-02
유정태양광발전소,광주광역시 광산구 왕버들로 11,,,,기타,정상가동,99.6,380,60,2025,,2024-09-27,광주광역시 광산구청,,2025-07-02
디유테크2호태양광발전소,광주광역시 광산구 하남산단8번로 63,,,,옥상,정상가동,94.5,380,60,2025,,2024-08-26,광주광역시 광산구청,,2025-07-02
디유테크1호태양광발전소,광주광역시 광산구 하남산단8번로 63,,,,옥상,정상가동,94.5,380,60,2025,,2024-08-26,광주광역시 광산구청,,2025-07-02
해성2-4호태양광발전소,광주광역시 광산구 평동산단연산로 49,광주광역시 광산구 연산동 1332,,,옥상,정상가동,99.82,380,60,2021,,2021-05-11,광주광역시 광산구청,,2025-07-02
인탑스2태양광발전소,광주광역시 광산구 진곡산단5번로 11,,,,옥상,정상가동,491.4,380,60,2025,,2024-08-08,광주광역시 광산구청,,2025-07-02
남양2태양광발전소,광주광역시 광산구 진곡산단4번로 51-25,,,,옥상,정상가동,223.73,380,60,2025,,2024-09-25,광주광역시 광산구청,,2025-07-02
텔레스태양광발전소,광주광역시 광산구 진곡산단2번로 47-63,,,,옥상,정상가동,115.29,380,60,2025,,2024-10-07,광주광역시 광산구청,,2025-07-02
대명태양광발전소,광주광역시 광산구 하남산단2번로 126,,,,옥상,정상가동,199.92,380,60,2025,,2024-03-18,광주광역시 광산구청,,2025-07-02
하남자동차공업사2호태양광발전소,광주광역시 광산구 하남산단5번로 120,,,,옥상,정상가동,50,380,60,2025,,2023-08-04,광주광역시 광산구청,,2025-07-02
석현태양광발전소,광주광역시 광산구 비아안길 37-17,,,,옥상,정상가동,42.84,380,60,2025,,2024-10-18,광주광역시 광산구청,,2025-07-02
운남발전소,광주광역시 광산구 풍영철길로 106-31,,,,옥상,정상가동,80.01,380,60,2025,,2024-10-17,광주광역시 광산구청,,2025-07-02
지구별햇빛발전소5호기,"광주광역시 광산구 첨단내촌로 83, 월계초등학교",,,,옥상,정상가동,310.2,380,60,2025,,2024-10-17,광주광역시 광산구청,,2025-07-02
JK4태양광발전소,광주광역시 광산구 손재로 402,,,,옥상,정상가동,98.91,380,60,2025,,2024-11-20,광주광역시 광산구청,,2025-07-02
JK3태양광발전소,광주광역시 광산구 손재로 402,,,,옥상,정상가동,98.91,380,60,2025,,2024-11-20,광주광역시 광산구청,,2025-07-02
삼우태양광발전소,광주광역시 광산구 수등로 264,,,,옥상,정상가동,54.81,380,60,2025,,2024-09-12,광주광역시 광산구청,,2025-07-02
지케이엠알오2태양광발전소,광주광역시 광산구 진곡산단중앙로 251,,,,옥상,정상가동,59.33,380,60,2025,,2024-11-25,광주광역시 광산구청,,2025-07-02
지케이엠알오1태양광발전소,광주광역시 광산구 진곡산단중앙로 251,,,,옥상,정상가동,97.02,380,60,2025,,2024-11-25,광주광역시 광산구청,,2025-07-02
해성2-3호태양광발전소,광주광역시 광산구 평동산단연산로 49,광주광역시 광산구 연산동 1332,,,옥상,정상가동,99.82,380,60,2021,,2021-05-11,광주광역시 광산구청,,2025-07-02
함손태양광발전소,광주광역시 광산구 지로길 37-85,,,,옥상,정상가동,38.1,380,60,2025,,2024-09-13,광주광역시 광산구청,,2025-07-02
뉴런모터스1호발전소,광주광역시 광산구 하남산단천변좌로 39,,,,옥상,정상가동,270,380,60,2025,,2024-05-07,광주광역시 광산구청,,2025-07-02
HY태양광발전소,광주광역시 광산구 하남산단4번로 131-22,,,,옥상,정상가동,397.51,380,60,2025,,2024-10-17,광주광역시 광산구청,,2025-07-02
화신2호태양광발전소,광주광역시 광산구 하남산단천변좌로 75,,,,옥상,정상가동,34.65,380,60,2025,,2024-10-21,광주광역시 광산구청,,2025-07-02
화신1호태양광발전소,광주광역시 광산구 하남산단천변좌로 75,,,,옥상,정상가동,99.54,380,60,2025,,2024-10-21,광주광역시 광산구청,,2025-07-02
해성2-2호태양광발전소,광주광역시 광산구 평동산단연산로 49,광주광역시 광산구 연산동 1332,,,옥상,정상가동,99.82,380,60,2021,,2021-05-11,광주광역시 광산구청,,2025-07-02
연우2호태양광발전소,광주광역시 광산구 하남산단9번로 140,,,,옥상,정상가동,99.38,380,60,2025,,2024-08-23,광주광역시 광산구청,,2025-07-02
연우1호태양광발전소,광주광역시 광산구 하남산단9번로 140,,,,옥상,정상가동,99.38,380,60,2025,,2017-10-13,광주광역시 광산구청,,2025-07-02
SI에코발전소,광주광역시 광산구 하남산단7번로 123,,,,옥상,정상가동,428.4,380,60,2025,,2024-11-14,광주광역시 광산구청,,2025-07-02
해성2-1호태양광발전소,광주광역시 광산구 평동산단연산로 49,광주광역시 광산구 연산동 1332,,,옥상,정상가동,99.82,380,60,2021,,2021-05-11,광주광역시 광산구청,,2025-07-02
연합나이스,광주광역시 광산구 진곡산단2번로 87,,,,옥상,정상가동,99.54,380,60,2025,,2024-10-21,광주광역시 광산구청,,2025-07-02
신원태양광발전소,광주광역시 광산구 진곡산단3번로 1-34,,,,옥상,정상가동,280,380,60,2025,,2022-05-10,광주광역시 광산구청,,2025-07-02
홍석우태양광발전소,광주광역시 광산구 평동산단연산로 49,광주광역시 광산구 연산동 1332,,,옥상,정상가동,99.18,380,60,2022,,2021-12-08,광주광역시 광산구청,,2025-07-02
해성판넬10태양광발전소,광주광역시 광산구 평동산단연산로 49,광주광역시 광산구 연산동 1332,,,옥상,정상가동,90.16,380,60,2022,,2021-12-08,광주광역시 광산구청,,2025-07-02
현진3태양광발전소,광주광역시 광산구 평동산단외로 165,,,,옥상,정상가동,42,380,60,2024,,2024-02-19,광주광역시 광산구청,,2025-07-02
그린태양광제2발전소,광주광역시 광산구 평동산단외로 173,광주광역시 광산구 지죽동 410-26,,,기타,정상가동,217.6,380,60,2017,,2017-02-27,광주광역시 광산구청,,2025-07-02
나무향기 태양광발전소,광주광역시 광산구 평동산단외로 201-13,,,,옥상,정상가동,74.25,380,60,2024,,2023-07-12,광주광역시 광산구청,,2025-07-02
광명중기공업태양광발전소,광주광역시 광산구 평동산단외로 229,광주광역시 광산구 지죽동 410-33,,,옥상,정상가동,49.5,380,60,2017,,2017-02-27,광주광역시 광산구청,,2025-07-02
태양스텐1호태양광발전소,광주광역시 광산구 진곡산단5번로 75-11,,,,옥상,정상가동,498.96,380,60,2025,,2024-08-26,광주광역시 광산구청,,2025-07-02
광주프리텍태양광발전소,광주광역시 광산구 진곡산단6번로 5,,,,옥상,정상가동,235.63,380,60,2025,,2024-08-26,광주광역시 광산구청,,2025-07-02
엘앤에스태양광,광주광역시 광산구 진곡산단3번로 41-27,,,,옥상,정상가동,453.6,380,60,2025,,2024-08-23,광주광역시 광산구청,,2025-07-02
동아오츠카태양광발전소,광주광역시 광산구 진곡산단중앙로 196,,,,옥상,정상가동,272.79,380,60,2025,,2024-11-15,광주광역시 광산구청,,2025-07-02
선운씨엔지(주) 태양광발전소,광주광역시 광산구 평동산단외로 243,,,,옥상,정상가동,231,380,60,2024,,2023-09-19,광주광역시 광산구청,,2025-07-02
쏠라2호태양광발전소,광주광역시 광산구 하남산단천변좌로 105,,,,옥상,정상가동,78.4,380,60,2025,,2024-11-08,광주광역시 광산구청,,2025-07-02
쏠라1호태양광발전소,광주광역시 광산구 하남산단천변좌로 105,,,,옥상,정상가동,78.4,380,60,2025,,2024-11-08,광주광역시 광산구청,,2025-07-02
SY태양광발전소,광주광역시 광산구 평동산단외로 261,광주광역시 광산구 지죽동 146-4,,,옥상,정상가동,99,380,60,2015,,2015-02-05,광주광역시 광산구청,,2025-07-02
CS태양광발전소,광주광역시 광산구 평동산단외로 263,광주광역시 광산구 지죽동 146-11,,,옥상,정상가동,45,380,60,2015,,2015-02-05,광주광역시 광산구청,,2025-07-02
(유)에이치엔씨태양광발전소,광주광역시 광산구 평동산단외로 56,광주광역시 광산구 용동 675-1,,,옥상,정상가동,601.38,22900,60,2013,,2013-04-16,광주광역시 광산구청,,2025-07-02
광명발전소,광주광역시 광산구 비아로127번길 12,,,,옥상,정상가동,48.51,380,60,2025,,2024-10-17,광주광역시 광산구청,,2025-07-02
영효2태양광발전소,광주광역시 광산구 하남산단7번로 42,,,,옥상,정상가동,386.25,380,60,2025,,2024-10-02,광주광역시 광산구청,,2025-07-02
피엔케이태양광발전소,광주광역시 광산구 하남산단7번로 42,,,,옥상,정상가동,301.25,380,60,2025,,2024-08-23,광주광역시 광산구청,,2025-07-02
경성3호태양광발전소,광주광역시 광산구 임곡로 711-24,,,,옥상,정상가동,99.54,380,60,2025,,2024-11-27,광주광역시 광산구청,,2025-07-02
경성2호태양광발전소,광주광역시 광산구 용아로 552-23,,,,옥상,정상가동,99.54,380,60,2025,,2024-11-25,광주광역시 광산구청,,2025-07-02
경성1호태양광발전소,광주광역시 광산구 용아로 552-23,,,,옥상,정상가동,99.54,380,60,2025,,2024-11-25,광주광역시 광산구청,,2025-07-02
서해에너지 태양광발전소,광주광역시 광산구 평동산단외로 75,광주광역시 광산구 용동 53-7,,,옥상,정상가동,96.48,380,60,2017,,2017-07-24,광주광역시 광산구청,,2025-07-02
바른태양광발전소,광주광역시 광산구 평동영천길 2-24,광주광역시 광산구 지죽동 544-4,,,옥상,정상가동,84.49,380,60,2023,,2023-02-02,광주광역시 광산구청,,2025-07-02
영효1태양광발전소,광주광역시 광산구 하남산단7번로 29,,,,옥상,정상가동,241.25,380,60,2025,,2024-10-02,광주광역시 광산구청,,2025-07-02
다담솔라첨단태양광발전소,광주광역시 광산구 임방울대로825번길 21-10,,,,옥상,정상가동,434.34,380,60,2025,,2024-07-25,광주광역시 광산구청,,2025-07-02
빛고을태양광발전소,광주광역시 광산구 하남산단10번로 39-9,,,,옥상,정상가동,499.59,380,60,2025,,2023-11-20,광주광역시 광산구청,,2025-07-02
에프티이노베이션1호태양광발전소,광주광역시 광산구 손재로287번길 134-20,,,,옥상,정상가동,154.98,380,60,2025,,2024-08-08,광주광역시 광산구청,,2025-07-02
소리태양광발전소,광주광역시 광산구 평동영천길 2-24,광주광역시 광산구 지죽동 544-4,,,옥상,정상가동,84.49,380,60,2023,,2023-02-02,광주광역시 광산구청,,2025-07-02
하창2호태양광발전소,광주광역시 광산구 하남산단9번로 134,,,,옥상,정상가동,99.6,380,60,2025,,2024-08-05,광주광역시 광산구청,,2025-07-02
하창1호태양광발전소,광주광역시 광산구 하남산단9번로 134,,,,옥상,정상가동,99.6,380,60,2025,,2024-08-05,광주광역시 광산구청,,2025-07-02
비아그린팜태양광발전소,광주광역시 광산구 비아중앙로 5,,,,옥상,정상가동,83.79,380,60,2025,,2024-10-18,광주광역시 광산구청,,2025-07-02
반짝청소년발전소8호기,광주광역시 광산구 첨단중앙로182번길 39,,,,옥상,정상가동,114.6,380,60,2025,,2024-10-18,광주광역시 광산구청,,2025-07-02
건에너지,광주광역시 광산구 진곡산단중앙로 296,,,,옥상,정상가동,244.9,380,60,2025,,2024-03-29,광주광역시 광산구청,,2025-07-02
운제3호태양광발전소,광주광역시 광산구 손재로 177,,,,옥상,정상가동,18.9,380,60,2025,,2024-11-15,광주광역시 광산구청,,2025-07-02
운제2호태양광발전소,광주광역시 광산구 손재로 167-1,,,,옥상,정상가동,84.42,380,60,2025,,2024-09-30,광주광역시 광산구청,,2025-07-02
운제1호태양광발전소,광주광역시 광산구 손재로 167-1,,,,옥상,정상가동,99.54,380,60,2025,,2024-09-30,광주광역시 광산구청,,2025-07-02
엠제이테크태양광발전소,광주광역시 광산구 하남산단4번로 95-5,,,,옥상,정상가동,60,380,60,2025,,2024-08-05,광주광역시 광산구청,,2025-07-02
지구별8호기태양광발전소,광주광역시 광산구 소촌로152번길 53-27,,,,옥외,정상가동,343.2,380,60,2025,,2024-10-25,광주광역시 광산구청,,2025-07-02
지구별7호기태양광발전소,광주광역시 광산구 소촌로85번길 14-9,,,,옥외,정상가동,130.8,380,60,2025,,2024-10-25,광주광역시 광산구청,,2025-07-02
쌍용4호태양광발전소,광주광역시 광산구 임곡로 761,,,,기타,정상가동,50.4,380,60,2025,,2024-07-30,광주광역시 광산구청,,2025-07-02
쌍용3호태양광발전소,광주광역시 광산구 임곡로 711-18,,,,기타,정상가동,50.4,380,60,2025,,2024-07-30,광주광역시 광산구청,,2025-07-02
한라태양광발전소,광주광역시 광산구 하남산단6번로 32,,,,옥상,정상가동,198,380,60,2025,,2024-11-22,광주광역시 광산구청,,2025-07-02
남선통상태양광발전소,광주광역시 광산구 본안길 20-1,,,,옥상,정상가동,83.16,380,60,2025,,2024-10-10,광주광역시 광산구청,,2025-07-02
부국태양광발전소,광주광역시 광산구 평동영천길 8,,,,옥상,정상가동,79.5,380,60,2024,,2018-12-14,광주광역시 광산구청,,2025-07-02
그린태양광발전소,광주광역시 광산구 평동영천안길 41-2,광주광역시 광산구 지죽동 486,,,옥상,정상가동,23.12,380,60,2018,,2017-06-16,광주광역시 광산구청,,2025-07-02
대창태양광발전소,광주광역시 광산구 평동영천안길 46,광주광역시 광산구 지죽동 478-1,,,옥상,정상가동,52.02,380,60,2018,,2018-05-03,광주광역시 광산구청,,2025-07-02
모햇발전소1311호,광주광역시 광산구 하남산단4번로 95-23,,,,옥상,정상가동,56.84,380,60,2025,,2024-11-22,광주광역시 광산구청,,2025-07-02
모햇발전소1279,광주광역시 광산구 하남산단4번로 97,,,,옥상,정상가동,59.74,380,60,2025,,2024-11-12,광주광역시 광산구청,,2025-07-02
덕흥태양광발전소,광주광역시 광산구 진곡산단중앙로 182,,,,옥상,정상가동,172.8,380,60,2025,,2024-05-08,광주광역시 광산구청,,2025-07-02
신평1호태양광발전소,광주광역시 광산구 사암로118번길 101,,,,옥상,정상가동,52.92,380,60,2025,,2024-10-30,광주광역시 광산구청,,2025-07-02
지2호태양광발전소,광주광역시 광산구 진곡산단중앙로 292,,,,옥상,정상가동,99.54,380,60,2025,,2024-10-31,광주광역시 광산구청,,2025-07-02
지1호태양광발전소,광주광역시 광산구 진곡산단중앙로 292,,,,옥상,정상가동,99.54,380,60,2025,,2024-10-31,광주광역시 광산구청,,2025-07-02
비제이태양광.2발전소,광주광역시 광산구 평동옥동로 16,광주광역시 광산구 월전동 1000,,,옥상,정상가동,679.32,380,60,2017,,2020-08-27,광주광역시 광산구청,,2025-07-02
평동시후태양광발전소,광주광역시 광산구 평동옥동로 56,광주광역시 광산구 월전동 946,,,옥상,정상가동,99,380,60,2022,,2021-10-08,광주광역시 광산구청,,2025-07-02
연우태양광발전소,광주광역시 광산구 평동옥동로 56,광주광역시 광산구 월전동 946,,,옥상,정상가동,99,380,60,2022,,2017-06-16,광주광역시 광산구청,,2025-07-02
현태태양광발전소,광주광역시 광산구 평동옥동로 62,광주광역시 광산구 월전동 947,,,옥상,정상가동,209.16,380,60,2020,,2020-05-27,광주광역시 광산구청,,2025-07-02
하창4호태양광발전소,광주광역시 광산구 하남산단9번로 134,,,,옥상,정상가동,29.38,380,60,2025,,2024-08-05,광주광역시 광산구청,,2025-07-02
하창3호태양광발전소,광주광역시 광산구 하남산단9번로 134,,,,옥상,정상가동,99.38,380,60,2025,,2024-08-05,광주광역시 광산구청,,2025-07-02
에스아이쏠라3태양광발전소,광주광역시 광산구 평동옥동로 68,광주광역시 광산구 월전동 948,,,옥상,정상가동,95.2,380,60,2023,,2022-11-21,광주광역시 광산구청,,2025-07-02
에스아이쏠라2태양광발전소,광주광역시 광산구 평동옥동로 68,광주광역시 광산구 월전동 948,,,옥상,정상가동,99.37,380,60,2023,,2022-11-21,광주광역시 광산구청,,2025-07-02
현대위아케이제이머신2태양광발전소,광주광역시 광산구 진곡산단3번로 32,,,,옥상,정상가동,97.65,380,60,2025,,2024-11-25,광주광역시 광산구청,,2025-07-02
현대위아케이제이머신1태양광발전소,광주광역시 광산구 진곡산단3번로 32,,,,옥상,정상가동,75.6,380,60,2025,,2024-11-25,광주광역시 광산구청,,2025-07-02
동양열처리1태양광발전소,광주광역시 광산구 손재로 257,,,,옥상,정상가동,98.28,380,60,2025,,2024-11-25,광주광역시 광산구청,,2025-07-02
안쓰태양광발전소,광주광역시 광산구 무진대로212번길 29-19,,,,옥상,정상가동,56.25,380,60,2025,,2024-10-07,광주광역시 광산구청,,2025-07-02
진진태양광발전소,광주광역시 광산구 진곡산단6번로 25-68,,,,옥상,정상가동,79.38,380,60,2025,,2024-10-30,광주광역시 광산구청,,2025-07-02
성원태양광발전소,광주광역시 광산구 진곡산단6번로 25-68,,,,옥상,정상가동,79.38,380,60,2025,,2013-10-14,광주광역시 광산구청,,2025-07-02
삼인당태양광발전소,광주광역시 광산구 하남산단1번로 73,,,,옥상,정상가동,98.28,380,60,2025,,2024-10-21,광주광역시 광산구청,,2025-07-02
민석태양광발전소,,광주광역시 광산구 대산동 695,,,옥외,정상가동,349.69,380,60,2025,,2024-03-14,광주광역시 광산구청,,2025-07-02
복현1호태양광발전소,,광주광역시 광산구 대산동 698-2,,,옥외,정상가동,125.84,380,60,2025,,2024-03-14,광주광역시 광산구청,,2025-07-02
기덕태양광발전소,,광주광역시 광산구 대산동 699-1,,,옥외,정상가동,349.69,380,60,2025,,2024-03-14,광주광역시 광산구청,,2025-07-02
에스아이쏠라1태양광발전소,광주광역시 광산구 평동옥동로 68,광주광역시 광산구 월전동 948,,,옥상,정상가동,99.37,380,60,2023,,2022-11-21,광주광역시 광산구청,,2025-07-02
대천정공4태양광발전소,광주광역시 광산구 진곡산단2번로 39-32,,,,옥상,정상가동,59.85,380,60,2025,,2024-11-18,광주광역시 광산구청,,2025-07-02
대천정공3태양광발전소,광주광역시 광산구 진곡산단2번로 39-32,,,,옥상,정상가동,98.91,380,60,2025,,2024-11-18,광주광역시 광산구청,,2025-07-02
대천정공2태양광발전소,광주광역시 광산구 진곡산단2번로 39-32,,,,옥상,정상가동,98.91,380,60,2025,,2024-11-18,광주광역시 광산구청,,2025-07-02
대천정공1태양광발전소,광주광역시 광산구 진곡산단2번로 39-32,,,,옥상,정상가동,98.91,380,60,2025,,2024-11-18,광주광역시 광산구청,,2025-07-02
희망태양광발전소,광주광역시 광산구 진곡산단4번로 51-31,,,,옥상,정상가동,170.1,380,60,2025,,2024-11-14,광주광역시 광산구청,,2025-07-02
㈜이화썬스,광주광역시 광산구 평동옥동로 82,광주광역시 광산구 월전동 922,,,옥상,정상가동,765.7,22900,60,2015,,2015-05-06,광주광역시 광산구청,,2025-07-02
태봉효에너지태양광발전소,광주광역시 광산구 평동화전길 24,광주광역시 광산구 연산동 572-1,,,기타,정상가동,49.92,380,60,2014,,2014-05-14,광주광역시 광산구청,,2025-07-02
프리메라태양광발전소,광주광역시 광산구 진곡산단3번로 59-13,,,,옥상,정상가동,984.69,22900,60,2025,,2024-11-25,광주광역시 광산구청,,2025-07-02
