태양광발전시설명,소재지도로명주소,소재지지번주소,위도,경도,설치상세위치구분명,가동상태구분명,설비용량,공급전압,주파수,설치연도,세부용도,허가일자,허가기관,설치면적,데이터기준일자
현우 태양광발전소,대구광역시 수성구 국채보상로 1035 (만촌동),,,,,정상가동,19.2,380,60,2025,발전사업용,,,,2025-11-12
(주)유림전기(유림태양광),대구광역시 수성구 고모로24길 6 (가천동),,,,,정상가동,28.8,380,60,2025,발전사업용,,,,2025-11-12
부광 제3 태양광발전소,대구광역시 북구 검단동로 26-10 (검단동),,,,,정상가동,33.12,380,60,2025,발전사업용,,,,2025-11-12
평촌농산 태양광발전소,대구광역시 달성군 구지면 구지동로 193-2,,,,,정상가동,19.84,380,60,2025,발전사업용,,,,2025-11-12
늘품 태양광발전소,대구광역시 달성군 논공읍 금강로1길 22-10,,,,,정상가동,26.67,380,60,2025,발전사업용,,,,2025-11-12
경원 태양광발전소,대구광역시 서구 평리로17길 68 (중리동),,,,,정상가동,88.32,380,60,2025,발전사업용,,,,2025-11-12
SM 제2태양광발전소,대구광역시 서구 염색공단천로14길 16-16 (비산동),,,,,정상가동,42.88,380,60,2025,발전사업용,,,,2025-11-12
SM 제1태양광발전소,대구광역시 서구 팔달로2길 56-1 (비산동),,,,,정상가동,67.84,380,60,2025,발전사업용,,,,2025-11-12
새터 태양광발전소,대구광역시 달성군 다사읍 부곡2길 17,,,,,정상가동,19.44,380,60,2025,발전사업용,,,,2025-11-12
태명4호 태양광발전소,대구광역시 달성군 유가읍 테크노중앙대로2길 29,,,,,정상가동,40,380,60,2025,발전사업용,,,,2025-11-12
태명3호 태양광발전소,대구광역시 달성군 유가읍 테크노중앙대로2길 29,,,,,정상가동,85.72,380,60,2025,발전사업용,,,,2025-11-12
태명2호 태양광발전소,대구광역시 달성군 유가읍 테크노중앙대로2길 29,,,,,정상가동,88.9,380,60,2025,발전사업용,,,,2025-11-12
태명1호 태양광발전소,대구광역시 달성군 유가읍 테크노중앙대로2길 29,,,,,정상가동,88.9,380,60,2025,발전사업용,,,,2025-11-12
드림 발전소,대구광역시 남구 대명로6길 7 (대명동),,,,,정상가동,19.68,380,60,2025,발전사업용,,,,2025-11-12
동일 태양광발전소,대구광역시 북구 검단공단로17길 6 (검단동),,,,,정상가동,346.24,380,60,2025,발전사업용,,,,2025-11-12
다래발전소,대구광역시 달서구 성서공단남로10길 42-3 (대천동),,,,,정상가동,89.28,380,60,2025,발전사업용,,,,2025-11-12
삼화2호 태양광발전소,대구광역시 북구 검단순환로5길 20 (검단동),,,,,정상가동,59.52,380,60,2025,발전사업용,,,,2025-11-12
삼화1호 태양광발전소,대구광역시 북구 검단순환로5길 20 (검단동),,,,,정상가동,85.76,380,60,2025,발전사업용,,,,2025-11-12
동산금속 태양광,대구광역시 수성구 무열로 185 (만촌동),,,,,정상가동,70.04,380,60,2025,발전사업용,,,,2025-11-12
햇살그린협동조합(솔라쉐어 31호),대구광역시 달성군 옥포읍 본리로9길 2-15,,,,,정상가동,33.48,380,60,2025,발전사업용,,,,2025-11-12
햇살그린협동조합(솔라쉐어 30호),대구광역시 달성군 옥포읍 본리로9길 2-15,,,,,정상가동,59.52,380,60,2025,발전사업용,,,,2025-11-12
해드림 태양광발전소,대구광역시 달성군 옥포읍 원전1길 23,,,,,정상가동,89.53,380,60,2025,발전사업용,,,,2025-11-12
엘레강스 발전소,대구광역시 달성군 현풍읍 현풍동로 196,,,,,정상가동,19.84,380,60,2025,발전사업용,,,,2025-11-12
우리 태양광발전소,대구광역시 달성군 옥포읍 교항제림길 2,,,,,정상가동,48.96,380,60,2025,발전사업용,,,,2025-11-12
신흥판금 태양광발전소,대구광역시 북구 검단순환로5길 78 (검단동),,,,,정상가동,174.72,380,60,2025,발전사업용,,,,2025-11-12
제로발전소3,대구광역시 북구 검단동로 27-12 (검단동),,,,,정상가동,61.44,380,60,2025,발전사업용,,,,2025-11-12
제로발전소2,대구광역시 북구 검단동로 27-12 (검단동),,,,,정상가동,80.64,380,60,2025,발전사업용,,,,2025-11-12
제로발전소1,대구광역시 북구 검단동로 27-12 (검단동),,,,,정상가동,78.08,380,60,2025,발전사업용,,,,2025-11-12
대화1호 태양광발전소,대구광역시 북구 노원로 62 (노원동3가),,,,,정상가동,64.77,380,60,2025,발전사업용,,,,2025-11-12
대화2호 태양광발전소,대구광역시 북구 노원로 62 (노원동3가),,,,,정상가동,26.67,380,60,2025,발전사업용,,,,2025-11-12
진공 태양광발전소,대구광역시 북구 팔달북로8길 46 (노원동3가),,,,,정상가동,123.82,380,60,2025,발전사업용,,,,2025-11-12
한국기독교장로회 동부교회(동부교회 태양광발전소),"대구광역시 동구 둔산로29길 5, 동촌동부교회 (방촌동)",,,,,정상가동,53.34,380,60,2025,발전사업용,,,,2025-11-12
경진에프에이(주)(경진1호 태양광발전소),대구광역시 달서구 성서서로51길 7 (신당동),,,,,정상가동,89.6,380,60,2025,발전사업용,,,,2025-11-12
경진에프에이(주)(경진2호 태양광발전소),대구광역시 달서구 성서서로51길 7 (신당동),,,,,정상가동,89.6,380,60,2025,발전사업용,,,,2025-11-12
경진에프에이(주)(경진3호 태양광발전소),대구광역시 달서구 성서서로51길 7 (신당동),,,,,정상가동,57.4,380,60,2025,발전사업용,,,,2025-11-12
아진전력기술 주식회사(아진태양광발전소1호),대구광역시 달서구 달구벌대로264길 20 (이곡동),,,,,정상가동,35.56,380,60,2025,발전사업용,,,,2025-11-12
성일산업 태양광발전소,대구광역시 북구 팔달북로3길 87 (노원동3가),,,,,정상가동,58.24,380,60,2025,발전사업용,,,,2025-11-12
HJ 3호 태양광발전소,대구광역시 달성군 논공읍 논공중앙로52길 14,,,,,정상가동,89.53,380,60,2025,발전사업용,,,,2025-11-12
HJ 2호 태양광발전소,대구광역시 달성군 논공읍 논공중앙로52길 14,,,,,정상가동,89.53,380,60,2025,발전사업용,,,,2025-11-12
HJ 1호 태양광발전소,대구광역시 달성군 논공읍 논공중앙로52길 14,,,,,정상가동,89.53,380,60,2025,발전사업용,,,,2025-11-12
SJ 3호 태양광발전소,대구광역시 달성군 논공읍 논공중앙로52길 14,,,,,정상가동,89.53,380,60,2025,발전사업용,,,,2025-11-12
SJ 2호 태양광발전소,대구광역시 달성군 논공읍 논공중앙로52길 14,,,,,정상가동,89.53,380,60,2025,발전사업용,,,,2025-11-12
SJ 1호 태양광발전소,대구광역시 달성군 논공읍 논공중앙로52길 14,,,,,정상가동,89.53,380,60,2025,발전사업용,,,,2025-11-12
성민 태양광발전소,대구광역시 서구 국채보상로20길 29 (중리동),,,,,정상가동,48.26,380,60,2025,발전사업용,,,,2025-11-12
제일 태양광발전소,대구광역시 수성구 용학로30길 82 (지산동),,,,,정상가동,15.75,380,60,2025,발전사업용,,,,2025-11-12
햇살3호(창조114호),대구광역시 북구 침산로54길 5-1 (침산동),,,,,정상가동,45.44,380,60,2025,발전사업용,,,,2025-11-12
대원솔라 주식회사(대원솔라 가창2호 태양광발전소),대구광역시 달성군 가창면 가창로108길 6,,,,,정상가동,89.6,380,60,2025,발전사업용,,,,2025-11-12
대원솔라 주식회사(대원솔라 가창3호 태양광발전소),대구광역시 달성군 가창면 가창로108길 6,,,,,정상가동,89.6,380,60,2025,발전사업용,,,,2025-11-12
대원솔라 주식회사(대원솔라 가창1호 태양광발전소),대구광역시 달성군 가창면 가창로108길 6,,,,,정상가동,89.6,380,60,2025,발전사업용,,,,2025-11-12
엘림 태양광발전소,대구광역시 군위군 효령면 경북대로 2957-44,,,,,정상가동,64,380,60,2025,발전사업용,,,,2025-11-12
제일 태양광발전소,대구광역시 서구 가르뱅이로 74 (상리동),,,,,정상가동,29.21,380,60,2025,발전사업용,,,,2025-11-12
천일 태양광발전소,대구광역시 북구 노원로40길 34-13 (침산동),,,,,정상가동,37.12,380,60,2025,발전사업용,,,,2025-11-12
승현 태양광발전소,대구광역시 달성군 구지면 국가산단대로66길 26,,,,,정상가동,19.53,380,60,2025,발전사업용,,,,2025-11-12
DS 태양광발전소,대구광역시 달성군 화원읍 비슬로479길 50-7,,,,,정상가동,68.58,380,60,2025,발전사업용,,,,2025-11-12
진솔 태양광발전소,대구광역시 달서구 성서로67길 34 (갈산동),,,,,정상가동,231.77,380,60,2025,발전사업용,,,,2025-11-12
새론섬유주식회사(새론1 태양광발전소),대구광역시 달서구 성서공단북로69길 61 (갈산동),,,,,정상가동,379.52,380,60,2025,발전사업용,,,,2025-11-12
GW13 태양광발전소,대구광역시 달서구 성서로 93 (대천동),,,,,정상가동,45.36,380,60,2025,발전사업용,,,,2025-11-12
GW12 태양광발전소,대구광역시 달서구 성서로 93 (대천동),,,,,정상가동,47.52,380,60,2025,발전사업용,,,,2025-11-12
GW11 태양광발전소,대구광역시 달서구 성서로 93 (대천동),,,,,정상가동,86.4,380,60,2025,발전사업용,,,,2025-11-12
GW10 태양광발전소,대구광역시 달서구 성서로 93 (대천동),,,,,정상가동,88.56,380,60,2025,발전사업용,,,,2025-11-12
한양 태양광발전소,대구광역시 달서구 달구벌대로240길 7 (신당동),,,,,정상가동,326.4,380,60,2025,발전사업용,,,,2025-11-12
스트론 태양광발전소,대구광역시 달서구 성서서로15길 17 (월암동),,,,,정상가동,137.16,380,60,2025,발전사업용,,,,2025-11-12
아영 태양광발전소,대구광역시 북구 3공단로33길 40 (노원동3가),,,,,정상가동,34.29,380,60,2025,발전사업용,,,,2025-11-12
문화교회 태양광발전소,대구광역시 남구 이천로28길 12 (이천동),,,,,정상가동,80,380,60,2025,발전사업용,,,,2025-11-12
황금배3호 태양광발전소,대구광역시 군위군 산성면 산성가음로 790-5,,,,,정상가동,69.76,380,60,2025,발전사업용,,,,2025-11-12
승주7호 태양광발전소,대구광역시 군위군 의흥면 원산금양길 32-11,,,,,정상가동,49.53,380,60,2025,발전사업용,,,,2025-11-12
지수 3호 태양광발전소,"대구광역시 달성군 다사읍 다사로69길 74, 72,72-1,22",,,,,정상가동,80.01,380,60,2025,발전사업용,,,,2025-11-12
ES4호 태양광발전소,대구광역시 달성군 하빈면 하빈로77길 49,,,,,정상가동,61.59,380,60,2025,발전사업용,,,,2025-11-12
ES3호 태양광발전소,대구광역시 달성군 하빈면 하빈로 432,,,,,정상가동,63.5,380,60,2025,발전사업용,,,,2025-11-12
ES2호 태양광발전소,대구광역시 달성군 하빈면 하빈로 432,,,,,정상가동,79.37,380,60,2025,발전사업용,,,,2025-11-12
ES1호 태양광발전소,대구광역시 달성군 하빈면 하빈로 432,,,,,정상가동,45.72,380,60,2025,발전사업용,,,,2025-11-12
유창1호 태양광발전소,대구광역시 달성군 하빈면 하빈남로 307-20,,,,,정상가동,80.01,380,60,2025,발전사업용,,,,2025-11-12
상우 태양광발전소,대구광역시 서구 달구벌대로361길 19 (내당동),,,,,정상가동,19.8,380,60,2025,발전사업용,,,,2025-11-12
동원W3 태양광발전소,대구광역시 달서구 달구벌대로240길 30 (신당동),,,,,정상가동,48,380,60,2025,발전사업용,,,,2025-11-12
동원W2 태양광발전소,대구광역시 달서구 달구벌대로240길 30 (신당동),,,,,정상가동,95.36,380,60,2025,발전사업용,,,,2025-11-12
동원E2 태양광발전소,대구광역시 달서구 달구벌대로240길 30 (신당동),,,,,정상가동,95.36,380,60,2025,발전사업용,,,,2025-11-12
동원E1 태양광발전소,"대구광역시 달서구 성서동로53길 16, (주)동원섬유산업 (장동)",,,,,정상가동,389.12,380,60,2025,발전사업용,,,,2025-11-12
곽윤범 태양광발전소,대구광역시 달서구 문화회관11안길 12-10 (장동),,,,,정상가동,71.4,380,60,2025,발전사업용,,,,2025-11-12
세명 태양광발전소,대구광역시 달서구 달구벌대로250길 59 (갈산동),,,,,정상가동,207.01,380,60,2025,발전사업용,,,,2025-11-12
대광정밀 태양광발전소,대구광역시 달서구 성서동로61길 6-12 (장기동),,,,,정상가동,87.08,380,60,2025,발전사업용,,,,2025-11-12
삼우 태양광발전소,대구광역시 달서구 성서공단로 297 (장동),,,,,정상가동,499.84,380,60,2025,발전사업용,,,,2025-11-12
CJH1호 태양광발전소,대구광역시 동구 안심로 333 (각산동),,,,,정상가동,46.35,380,60,2025,발전사업용,,,,2025-11-12
로빈2 태양광발전소,대구광역시 군위군 소보면 봉소2길 119-5,,,,,정상가동,34.65,380,60,2025,발전사업용,,,,2025-11-12
로빈1 태양광발전소,대구광역시 군위군 소보면 봉소2길 135-13,,,,,정상가동,34.65,380,60,2025,발전사업용,,,,2025-11-12
동운하우징 태양광발전소,대구광역시 달성군 옥포읍 이팝나무길 104,,,,,정상가동,205.74,380,60,2025,발전사업용,,,,2025-11-12
퀀텀 태양광발전소,대구광역시 달성군 구지면 과학마을로2길 5-6,,,,,정상가동,19.53,380,60,2025,발전사업용,,,,2025-11-12
우성 태양광발전소,대구광역시 달성군 논공읍 비슬로 1774-14,,,,,정상가동,26.88,380,60,2025,발전사업용,,,,2025-11-12
대동정공2호 태양광발전소,대구광역시 달서구 성서4차첨단로 90 (대천동),,,,,정상가동,285.44,380,60,2025,발전사업용,,,,2025-11-12
대동정공1호 태양광발전소,대구광역시 달서구 성서4차첨단로 90 (대천동),,,,,정상가동,451.2,380,60,2025,발전사업용,,,,2025-11-12
(주)대경티이씨에이치(대경대구3호),"대구광역시 달서구 성서공단북로43길 6, (주)대경TECH (신당동)",,,,,정상가동,50.8,380,60,2025,발전사업용,,,,2025-11-12
(주)대경티이씨에이치(대경대구2호),"대구광역시 달서구 성서공단북로43길 6, (주)대경TECH (신당동)",,,,,정상가동,82.55,380,60,2025,발전사업용,,,,2025-11-12
(주)대경티이씨에이치(대경대구1호),"대구광역시 달서구 성서공단북로43길 6, (주)대경TECH (신당동)",,,,,정상가동,82.55,380,60,2025,발전사업용,,,,2025-11-12
송시호 태양광발전소,대구광역시 달서구 문화회관11안길 12-1 (장동),,,,,정상가동,75.6,380,60,2025,발전사업용,,,,2025-11-12
효원 태양광발전소,대구광역시 달서구 성서4차첨단로 195 (월암동),,,,,정상가동,47.36,380,60,2025,발전사업용,,,,2025-11-12
상구 태양광발전소,대구광역시 달서구 성서4차첨단로 195 (월암동),,,,,정상가동,48,380,60,2025,발전사업용,,,,2025-11-12
효림 태양광발전소,대구광역시 달서구 성서4차첨단로 195 (월암동),,,,,정상가동,48,380,60,2025,발전사업용,,,,2025-11-12
신일4호 태양광발전소,대구광역시 달성군 논공읍 논공로91길 71-18,,,,,정상가동,69.3,380,60,2025,발전사업용,,,,2025-11-12
신일3호 태양광발전소,대구광역시 달성군 논공읍 논공로91길 71-18,,,,,정상가동,57.96,380,60,2025,발전사업용,,,,2025-11-12
신일2호 태양광발전소,대구광역시 달성군 논공읍 논공로91길 71-18,,,,,정상가동,89.46,380,60,2025,발전사업용,,,,2025-11-12
신일1호 태양광발전소,대구광역시 달성군 논공읍 논공로91길 71-18,,,,,정상가동,89.46,380,60,2025,발전사업용,,,,2025-11-12
예슬2 태양광발전소,대구광역시 달성군 구지면 달성2차4로 28,,,,,정상가동,102.4,380,60,2025,발전사업용,,,,2025-11-12
은마테크 태양광발전소,대구광역시 달서구 성서공단로21길 52 (갈산동),,,,,정상가동,206.64,380,60,2025,발전사업용,,,,2025-11-12
주식회사 햇살그린(모햇발전소 1904호),대구광역시 달서구 성서로 9-13 (대천동),,,,,정상가동,300.7,380,60,2025,발전사업용,,,,2025-11-12
주식회사 꽃님에너지(꽃님26센텀발전소),대구광역시 북구 연경지묘로 6 (연경동),,,,,정상가동,82.53,380,60,2025,발전사업용,,,,2025-11-12
이레 태양광발전소,대구광역시 북구 학정로 567 (학정동),,,,,정상가동,19.69,380,60,2025,발전사업용,,,,2025-11-12
비울루션 양광발전소,대구광역시 북구 유통단지로8길 121-14 (산격동),,,,,정상가동,71.68,380,60,2025,발전사업용,,,,2025-11-12
홍성정공4호 태양광발전소,대구광역시 달서구 성서서로 9 (대천동),,,,,정상가동,89.6,380,60,2025,발전사업용,,,,2025-11-12
홍성정공3호 태양광발전소,대구광역시 달서구 성서서로 9 (대천동),,,,,정상가동,89.6,380,60,2025,발전사업용,,,,2025-11-12
홍성정공2호 태양광발전소,대구광역시 달서구 성서서로 9 (대천동),,,,,정상가동,89.6,380,60,2025,발전사업용,,,,2025-11-12
홍성정공1호 태양광발전소,대구광역시 달서구 성서서로 9 (대천동),,,,,정상가동,89.6,380,60,2025,발전사업용,,,,2025-11-12
서광 태양광발전소,대구광역시 달서구 성서서로 70 (월암동),,,,,정상가동,260.82,380,60,2025,발전사업용,,,,2025-11-12
새들 태양광발전소,대구광역시 군위군 효령면 새들길 32,,,,,정상가동,199.71,380,60,2025,발전사업용,,,,2025-11-12
원전력,대구광역시 군위군 효령면 용매로 1011-17,,,,,정상가동,144.9,380,60,2025,발전사업용,,,,2025-11-12
산청 태양광발전소,대구광역시 달성군 하빈면 묘동1길 6,,,,,정상가동,106.47,380,60,2025,발전사업용,,,,2025-11-12
비지에너지협동조합 (모햇발전소 1864호),대구광역시 달성군 구지면 국가산단서로71길 73,,,,,정상가동,56.42,380,60,2025,발전사업용,,,,2025-11-12
비지에너지협동조합(모햇발전소 1863호),대구광역시 달성군 구지면 국가산단서로71길 73,,,,,정상가동,88.66,380,60,2025,발전사업용,,,,2025-11-12
햇살그린협동조합(모햇발전소 1862호),대구광역시 달성군 구지면 국가산단서로71길 73,,,,,정상가동,89.28,380,60,2025,발전사업용,,,,2025-11-12
햇살그린협동조합(모햇발전소 1861호),대구광역시 달성군 구지면 국가산단서로71길 73,,,,,정상가동,89.28,380,60,2025,발전사업용,,,,2025-11-12
햇살그린협동조합(모햇발전소 1860호),대구광역시 달성군 구지면 국가산단서로71길 73,,,,,정상가동,89.28,380,60,2025,발전사업용,,,,2025-11-12
햇살그린협동조합(모햇발전소 1859호),대구광역시 달성군 구지면 국가산단서로71길 73,,,,,정상가동,89.28,380,60,2025,발전사업용,,,,2025-11-12
햇살그린협동조합(모햇발전소 1858호),대구광역시 달성군 구지면 국가산단서로71길 73,,,,,정상가동,89.9,380,60,2025,발전사업용,,,,2025-11-12
신일신1 태양광발전소,대구광역시 달서구 성서서로 42-5 (월암동),,,,,정상가동,88.9,380,60,2025,발전사업용,,,,2025-11-12
신일신2 태양광발전소,대구광역시 달서구 성서서로 42-5 (월암동),,,,,정상가동,83.82,380,60,2025,발전사업용,,,,2025-11-12
디케이솔라 태양광발전소,대구광역시 달서구 달구벌대로246길 12 (이곡동),,,,,정상가동,89.53,380,60,2025,발전사업용,,,,2025-11-12
명일 1호 태양광발전소,대구광역시 달서구 성서동로 77 (월암동),,,,,정상가동,89.46,380,60,2025,발전사업용,,,,2025-11-12
명일 2호 태양광발전소,대구광역시 달서구 성서동로 77 (월암동),,,,,정상가동,89.46,380,60,2025,발전사업용,,,,2025-11-12
명일 3호 태양광발전소,대구광역시 달서구 성서동로 77 (월암동),,,,,정상가동,89.46,380,60,2025,발전사업용,,,,2025-11-12
명일 4호 태양광발전소,대구광역시 달서구 성서동로 77 (월암동),,,,,정상가동,89.46,380,60,2025,발전사업용,,,,2025-11-12
명일 5호 태양광발전소,대구광역시 달서구 성서동로 77 (월암동),,,,,정상가동,89.46,380,60,2025,발전사업용,,,,2025-11-12
명일 6호 태양광발전소,대구광역시 달서구 성서동로 77 (월암동),,,,,정상가동,34.65,380,60,2025,발전사업용,,,,2025-11-12
명일 7호 태양광발전소,대구광역시 북구 침산로 287 (침산동),,,,,정상가동,85.68,380,60,2025,발전사업용,,,,2025-11-12
제일 태양광발전소,대구광역시 북구 노원로1길 47 (노원동3가),,,,,정상가동,116.2,380,60,2025,발전사업용,,,,2025-11-12
대양 태양광발전소,대구광역시 북구 팔달로7길 14-6 (노원동3가),,,,,정상가동,42.54,380,60,2025,발전사업용,,,,2025-11-12
대산 태양광발전소,대구광역시 북구 팔달북로8길 36 (노원동3가),,,,,정상가동,99.06,380,60,2025,발전사업용,,,,2025-11-12
영성4호 태양광발전소,대구광역시 군위군 군위읍 도군로 2353-48,,,,,정상가동,49.53,380,60,2025,발전사업용,,,,2025-11-12
영성3호 태양광발전소,대구광역시 군위군 군위읍 도군로 2353-48,,,,,정상가동,89.53,380,60,2025,발전사업용,,,,2025-11-12
대진물산 태양광발전소,대구광역시 동구 신덕로 123 (신평동),,,,,정상가동,73.05,380,60,2025,발전사업용,,,,2025-11-12
지수 4호 태양광발전소,대구광역시 달성군 다사읍 다사로69길 74,,,,,정상가동,80.01,380,60,2025,발전사업용,,,,2025-11-12
(주)평화플랜트(평화플랜트 1호),대구광역시 군위군 효령면 금산길 1,,,,,정상가동,89.69,380,60,2025,발전사업용,,,,2025-11-12
(주)평화플랜트(평화플랜트 2호),대구광역시 군위군 효령면 금산길 1,,,,,정상가동,89.69,380,60,2025,발전사업용,,,,2025-11-12
(주)평화플랜트(평화플랜트 3호),대구광역시 군위군 효령면 금산길 1,,,,,정상가동,19.41,380,60,2025,발전사업용,,,,2025-11-12
제프3 태양광발전소,대구광역시 북구 노원동로 29 (노원동3가),,,,,정상가동,89.46,380,60,2025,발전사업용,,,,2025-11-12
제프1 태양광발전소,대구광역시 북구 노원동로 31 (노원동3가),,,,,정상가동,89.46,380,60,2025,발전사업용,,,,2025-11-12
해동 태양광발전소,대구광역시 달서구 성서로5길 18-12 (대천동),,,,,정상가동,102.87,380,60,2025,발전사업용,,,,2025-11-12
신화 제9태양광발전소,대구광역시 달서구 성서서로36안길 23 (갈산동),,,,,정상가동,66.04,380,60,2025,발전사업용,,,,2025-11-12
신화 제8태양광발전소,대구광역시 달서구 성서공단북로5길 28 (파호동),,,,,정상가동,89.53,380,60,2025,발전사업용,,,,2025-11-12
신화 제7태양광발전소,대구광역시 달서구 성서공단북로5길 28 (파호동),,,,,정상가동,89.53,380,60,2025,발전사업용,,,,2025-11-12
신화 제6태양광발전소,대구광역시 달서구 성서공단북로5길 28 (파호동),,,,,정상가동,152.4,380,60,2025,발전사업용,,,,2025-11-12
신화 제5태양광발전소,대구광역시 달성군 구지면 국가산단서로 434,,,,,정상가동,89.53,380,60,2025,발전사업용,,,,2025-11-12
신화 제4태양광발전소,대구광역시 달성군 구지면 국가산단서로 434,,,,,정상가동,89.53,380,60,2025,발전사업용,,,,2025-11-12
신화 제3태양광발전소,대구광역시 달성군 구지면 국가산단서로 434,,,,,정상가동,89.53,380,60,2025,발전사업용,,,,2025-11-12
신화 제2태양광발전소,대구광역시 달성군 구지면 국가산단서로 434,,,,,정상가동,199.39,380,60,2025,발전사업용,,,,2025-11-12
신화 제1태양광발전소,대구광역시 달성군 구지면 국가산단서로 434,,,,,정상가동,304.8,380,60,2025,발전사업용,,,,2025-11-12
햇살그린협동조합(모햇발전소 1821호 태양광발전소),대구광역시 달성군 논공읍 비슬로262길 113,,,,,정상가동,85.56,380,60,2025,발전사업용,,,,2025-11-12
(주)에스와이엔지니어링(화산리비엠아이B동 태양광발전소),대구광역시 달성군 구지면 국가산단대로33길 227,,,,,정상가동,489.51,380,60,2025,발전사업용,,,,2025-11-12
유신 태양광발전소,대구광역시 달성군 구지면 국가산단서로71길 32,,,,,정상가동,115.57,380,60,2025,발전사업용,,,,2025-11-12
주식회사 이디비대구(대봉산업대구 태양광발전소),대구광역시 달성군 구지면 국가산단서로71길 129,,,,,정상가동,709.93,22900,60,2025,발전사업용,,,,2025-11-12
창신 태양광발전소,대구광역시 달성군 구지면 달성2차3로 5,,,,,정상가동,147.32,380,60,2025,발전사업용,,,,2025-11-12
라인텍스 태양광발전소,대구광역시 달성군 하빈면 하빈남로 165,,,,,정상가동,55.24,380,60,2025,발전사업용,,,,2025-11-12
종원1 태양광발전소,대구광역시 달서구 성서공단북로5길 17 (파호동),,,,,정상가동,213.99,380,60,2025,발전사업용,,,,2025-11-12
조은1 태양광발전소,대구광역시 달서구 달서대로94길 21 (갈산동),,,,,정상가동,89.53,380,60,2025,발전사업용,,,,2025-11-12
조은2 태양광발전소,대구광역시 달서구 달서대로94길 21 (갈산동),,,,,정상가동,89.53,380,60,2025,발전사업용,,,,2025-11-12
병권 태양광발전소,대구광역시 달서구 월곡로100안길 19 (월성동),,,,,정상가동,43.81,380,60,2025,발전사업용,,,,2025-11-12
제이케이 태양광발전소,대구광역시 서구 와룡로66길 43-1 (중리동),,,,,정상가동,66.04,380,60,2025,발전사업용,,,,2025-11-12
수성 태양광발전소,대구광역시 달성군 유가읍 테크노상업로 120,,,,,정상가동,122.22,380,60,2025,발전사업용,,,,2025-11-12
열린 태양광발전소,대구광역시 달성군 유가읍 테크노상업로 120,,,,,정상가동,122.22,380,60,2025,발전사업용,,,,2025-11-12
(주)피엘피 태양광발전소,대구광역시 달성군 유가읍 테크노상업로 120,,,,,정상가동,480.69,380,60,2025,발전사업용,,,,2025-11-12
유신 태양광발전소,대구광역시 북구 노원동로3길 64 (노원동3가),,,,,정상가동,25.6,380,60,2025,발전사업용,,,,2025-11-12
동광 태양광발전소,대구광역시 동구 옻골로16길 41 (둔산동),,,,,정상가동,82.55,380,60,2025,발전사업용,,,,2025-11-12
중동 태양광발전소,대구광역시 동구 옻골로13길 43-3 (둔산동),,,,,정상가동,53.34,380,60,2025,발전사업용,,,,2025-11-12
모햇발전소 1750호,대구광역시 달성군 다사읍 세천로1길 161,,,,,정상가동,33.06,380,60,2025,발전사업용,,,,2025-11-12
모햇발전소 1749호,대구광역시 달성군 다사읍 세천로1길 161,,,,,정상가동,89.32,380,60,2025,발전사업용,,,,2025-11-12
모햇발전소 1748호,대구광역시 달성군 다사읍 세천로1길 161,,,,,정상가동,89.9,380,60,2025,발전사업용,,,,2025-11-12
모햇발전소 1747호,대구광역시 달성군 다사읍 세천로1길 161,,,,,정상가동,89.9,380,60,2025,발전사업용,,,,2025-11-12
오성 태양광발전소 5호,대구광역시 달서구 달서대로64길 75 (월암동),,,,,정상가동,61.44,380,60,2025,발전사업용,,,,2025-11-12
오성 태양광발전소 4호,대구광역시 달서구 달서대로64길 75 (월암동),,,,,정상가동,84.48,380,60,2025,발전사업용,,,,2025-11-12
오성 태양광발전소 3호,대구광역시 달서구 달서대로58길 75 (대천동),,,,,정상가동,61.44,380,60,2025,발전사업용,,,,2025-11-12
그린태양광 2호 태양광발전소,대구광역시 달성군 논공읍 노이길 385,,,,,정상가동,49.53,380,60,2025,발전사업용,,,,2025-11-12
그린태양광 1호 태양광발전소,대구광역시 달성군 논공읍 노이길 385,,,,,정상가동,89.53,380,60,2025,발전사업용,,,,2025-11-12
한올림산업 태양광발전소,대구광역시 달성군 옥포읍 교항3길 25,,,,,정상가동,215.6,380,60,2025,발전사업용,,,,2025-11-12
고려자동차 태양광발전소,대구광역시 달서구 성서공단로54길 8 (월암동),,,,,정상가동,461.16,380,60,2025,발전사업용,,,,2025-11-12
이브이 태양광발전소,대구광역시 군위군 효령면 신매길 53,,,,,정상가동,19.68,380,60,2025,발전사업용,,,,2025-11-12
에스와이테크 태양광발전소,대구광역시 달성군 다사읍 세천로10길 31,,,,,정상가동,22.86,380,60,2025,발전사업용,,,,2025-11-12
마디미에너지 21호 태양광발전소,대구광역시 달성군 다사읍 세천로10길 31,,,,,정상가동,89.53,380,60,2025,발전사업용,,,,2025-11-12
문규 태양광발전소,대구광역시 달성군 다사읍 세천로1길 91,,,,,정상가동,190.5,380,60,2025,발전사업용,,,,2025-11-12
석훈 태양광발전소,대구광역시 달성군 다사읍 세천로1길 91,,,,,정상가동,130.17,380,60,2025,발전사업용,,,,2025-11-12
(주)신양네트워크 태양광발전소(240kW),대구광역시 달서구 성서서로19길 7 (월암동),,,,,정상가동,240,380,60,2025,발전사업용,,,,2025-11-12
정원태양광 2호,대구광역시 달서구 성서공단북로59길 22 (갈산동),,,,,정상가동,26.88,380,60,2025,발전사업용,,,,2025-11-12
정원태양광 1호,대구광역시 달서구 성서공단북로59길 22 (갈산동),,,,,정상가동,89.6,380,60,2025,발전사업용,,,,2025-11-12
씨앤씨홀딩스2 태양광발전소,,대구광역시 달성군 구지면 내리 839-3,,,,정상가동,124.46,380,60,2025,발전사업용,,,,2025-11-12
홍이 태양광발전소,대구광역시 서구 평리로57길 3 (평리동),,,,,정상가동,15.87,380,60,2025,발전사업용,,,,2025-11-12
주왕산김치 대구공장 태양광발전소,대구광역시 동구 부동7길 57 (부동),,,,,정상가동,44.1,380,60,2025,발전사업용,,,,2025-11-12
최지현2 태양광발전소,대구광역시 동구 옻골로13길 34 (둔산동),,,,,정상가동,47.25,380,60,2025,발전사업용,,,,2025-11-12
최지현1 태양광발전소,대구광역시 동구 옻골로13길 36 (둔산동),,,,,정상가동,44.73,380,60,2025,발전사업용,,,,2025-11-12
이해옥 3호 태양광발전소,대구광역시 동구 둔산로 214 (방촌동),,,,,정상가동,68.04,380,60,2025,발전사업용,,,,2025-11-12
이해옥 2호 태양광발전소,대구광역시 동구 둔산로 216 (방촌동),,,,,정상가동,54.81,380,60,2025,발전사업용,,,,2025-11-12
이해옥 1호 태양광발전소,대구광역시 동구 둔산로 218 (방촌동),,,,,정상가동,99.54,380,60,2025,발전사업용,,,,2025-11-12
맥스에너지 성서 태양광발전소,대구광역시 달서구 성서공단남로 206 (월암동),,,,,정상가동,367.2,380,60,2025,발전사업용,,,,2025-11-12
기언 태양광발전소,대구광역시 동구 둔산로 221 (방촌동),,,,,정상가동,81.27,380,60,2025,발전사업용,,,,2025-11-12
산월2호 태양광발전소,대구광역시 군위군 소보면 서금로 292,,,,,정상가동,97.65,380,60,2025,발전사업용,,,,2025-11-12
현대산업 태양광발전소,대구광역시 달성군 구지면 국가산단동로42길 26-19,,,,,정상가동,246.38,380,60,2025,발전사업용,,,,2025-11-12
주식회사 대영공업(대영 태양광발전소),대구광역시 달성군 구지면 국가산단서로71길 40,,,,,정상가동,367.92,380,60,2025,발전사업용,,,,2025-11-12
한현수 태양광발전소,대구광역시 달성군 구지면 국가산단동로42길 73,,,,,정상가동,383.04,380,60,2025,발전사업용,,,,2025-11-12
메가 태양광발전소,대구광역시 동구 율암로 74 (율암동),,,,,정상가동,146.16,380,60,2025,발전사업용,,,,2025-11-12
에이원스틸(주)(에이원스틸 태양광발전소2),대구광역시 북구 유통단지로7길 102-7 (산격동),,,,,정상가동,98.28,380,60,2025,발전사업용,,,,2025-11-12
에이원스틸(주)(에이원스틸 태양광발전소1),대구광역시 북구 유통단지로7길 72 (산격동),,,,,정상가동,120.65,380,60,2025,발전사업용,,,,2025-11-12
상광 태양광발전소,대구광역시 서구 국채보상로7길 29 (이현동),,,,,정상가동,50,380,60,2025,발전사업용,,,,2025-11-12
주식회사 호성상사(호성중리동 태양광발전소),대구광역시 서구 국채보상로 38 (중리동),,,,,정상가동,199.08,380,60,2025,발전사업용,,,,2025-11-12
주식회사 호성상사(호성이현동 태양광발전소),대구광역시 서구 장산로 322 (이현동),,,,,정상가동,299.88,380,60,2025,발전사업용,,,,2025-11-12
예가 태양광발전소,대구광역시 달서구 성서서로36길 17-12 (갈산동),,,,,정상가동,99.54,380,60,2025,발전사업용,,,,2025-11-12
초이스우드 태양광발전소,대구광역시 동구 율암로 133 (상매동),,,,,정상가동,193.41,380,60,2025,발전사업용,,,,2025-11-12
세화어패럴 제2 태양광발전소,대구광역시 서구 평리로21길 47 (중리동),,,,,정상가동,238.7,380,60,2025,발전사업용,,,,2025-11-12
광진 태양광발전소,"대구광역시 동구 이노밸리로26길 8, 광진빌딩 (각산동)",,,,,정상가동,99.54,380,60,2025,발전사업용,,,,2025-11-12
신진공인계량사 태양광발전소,대구광역시 달성군 유가읍 테크노순환로1길 12-10,,,,,정상가동,89.46,380,60,2025,발전사업용,,,,2025-11-12
디에이원 태양광발전소,대구광역시 북구 검단로 151-12 (검단동),,,,,정상가동,125.44,380,60,2025,발전사업용,,,,2025-11-12
행복한2호 태양광발전소,대구광역시 군위군 산성면 부흥로 500,,,,,정상가동,99.54,380,60,2025,발전사업용,,,,2025-11-12
케이안성1호발전소,대구광역시 서구 와룡로66안길 7 (중리동),,,,,정상가동,159.29,380,60,2025,발전사업용,,,,2025-11-12
엔비시스 2-4 태양광발전소,대구광역시 달성군 하빈면 달구벌대로12길 188-16,,,,,정상가동,96,380,60,2025,발전사업용,,,,2025-11-12
엔비시스 2-3 태양광발전소,대구광역시 달성군 하빈면 달구벌대로12길 174,,,,,정상가동,99.6,380,60,2025,발전사업용,,,,2025-11-12
엔비시스 2-2 태양광발전소,대구광역시 달성군 하빈면 달구벌대로12길 188-16,,,,,정상가동,99.6,380,60,2025,발전사업용,,,,2025-11-12
엔비시스 2-1 태양광발전소,대구광역시 달성군 하빈면 달구벌대로12길 188-16,,,,,정상가동,99.6,380,60,2025,발전사업용,,,,2025-11-12
서대구2 태양광발전소,대구광역시 서구 북비산로 87 (이현동),,,,,정상가동,80,380,60,2025,발전사업용,,,,2025-11-12
창신 태양광발전소,"대구광역시 군위군 우보면 철길로 113-92, (공장건물위)",,,,,정상가동,89.46,380,60,2025,발전사업용,,,,2025-11-12
태성3 태양광발전소,대구광역시 달서구 달구벌대로250길 63 (갈산동),,,,,정상가동,43.52,380,60,2025,발전사업용,,,,2025-11-12
태성2 태양광발전소,대구광역시 달서구 달구벌대로250길 63 (갈산동),,,,,정상가동,88.32,380,60,2025,발전사업용,,,,2025-11-12
태성1 태양광발전소,대구광역시 달서구 달구벌대로250길 63 (갈산동),,,,,정상가동,88.96,380,60,2025,발전사업용,,,,2025-11-12
미성 태양광발전소,대구광역시 동구 신암남로28길 54 (신암동),,,,,정상가동,19.74,380,60,2025,발전사업용,,,,2025-11-12
서일 태양광발전소,대구광역시 달성군 옥포읍 교항6길 8,,,,,정상가동,60.96,380,60,2025,발전사업용,,,,2025-11-12
희연 태양광발전소,대구광역시 북구 산격로 17 (산격동),,,,,정상가동,56.96,380,60,2025,발전사업용,,,,2025-11-12
롯데아이시스 태양광발전소,대구광역시 북구 모산골길 10-16 (검단동),,,,,정상가동,19.2,380,60,2025,발전사업용,,,,2025-11-12
경배철강 태양광발전소,대구광역시 북구 검단로 225-10 (검단동),,,,,정상가동,56.96,380,60,2025,발전사업용,,,,2025-11-12
성명 태양광발전소,대구광역시 달성군 하빈면 하빈남로 371-36,,,,,정상가동,86.4,380,60,2025,발전사업용,,,,2025-11-12
주식회사 석테크(눈작은오리 태양광발전소),대구광역시 북구 조야로 87-1 (조야동),,,,,정상가동,33.02,380,60,2025,발전사업용,,,,2025-11-12
지은 태양광발전소,대구광역시 북구 3공단로33길 15 (노원동3가),,,,,정상가동,42.54,380,60,2025,발전사업용,,,,2025-11-12
대구인팩1호 태양광발전소,대구광역시 달성군 옥포읍 옥포로111길 26,,,,,정상가동,89.6,380,60,2025,발전사업용,,,,2025-11-12
대구인팩2호 태양광발전소,대구광역시 달성군 옥포읍 옥포로111길 26,,,,,정상가동,89.6,380,60,2025,발전사업용,,,,2025-11-12
대구인팩3호 태양광발전소,대구광역시 달성군 옥포읍 옥포로111길 26,,,,,정상가동,47.36,380,60,2025,발전사업용,,,,2025-11-12
DS1호 태양광발전소,대구광역시 달서구 호산동로7길 42 (호림동),,,,,정상가동,79.36,380,60,2025,발전사업용,,,,2025-11-12
DS2호 태양광발전소,대구광역시 달서구 호산동로7길 42 (호림동),,,,,정상가동,79.36,380,60,2025,발전사업용,,,,2025-11-12
대진 태양광발전소,대구광역시 달서구 월곡로100안길 9 (월성동),,,,,정상가동,45.44,380,60,2025,발전사업용,,,,2025-11-12
명지 태양광발전소,대구광역시 달성군 다사읍 문양역5길 21-4,,,,,정상가동,38.88,380,60,2025,발전사업용,,,,2025-11-12
제성 태양광발전소,대구광역시 달성군 다사읍 문양역5길 21-6,,,,,정상가동,38.88,380,60,2025,발전사업용,,,,2025-11-12
단 태양광발전소,대구광역시 달성군 논공읍 노이1길 46-35,,,,,정상가동,144.78,380,60,2025,발전사업용,,,,2025-11-12
헬리오럭스(HELIOLUX) 태양광발전소,대구광역시 북구 노원로25길 54 (노원동3가),,,,,정상가동,73.44,380,60,2025,발전사업용,,,,2025-11-12
동광에너지,"대구광역시 북구 검단로27길 90, 동광수출포장 (검단동)",,,,,정상가동,151.13,380,60,2025,발전사업용,,,,2025-11-12
미래발전소,대구광역시 북구 학남로15길 14-1 (국우동),,,,,정상가동,17.78,380,60,2025,발전사업용,,,,2025-11-12
대구경북전기재료판매업협동조합,"대구광역시 북구 유통단지로 38, 전기재료관 (산격동)",,,,,정상가동,766.72,22900,60,2025,발전사업용,,,,2025-11-12
하림 태양광발전소,대구광역시 수성구 동원로28길 34 (만촌동),,,,,정상가동,19.84,380,60,2025,발전사업용,,,,2025-11-12
도시개발 태양광발전소,대구광역시 달성군 하빈면 하산4길 22,,,,,정상가동,51.2,380,60,2025,발전사업용,,,,2025-11-12
햇살그린협동조합(모햇발전소 1857호),대구광역시 달성군 논공읍 노이1길 66,,,,,정상가동,69.44,380,60,2025,발전사업용,,,,2025-11-12
세윤산업1호 태양광발전소,대구광역시 달서구 성서공단로51길 17 (장동),,,,,정상가동,83.82,380,60,2025,발전사업용,,,,2025-11-12
세윤산업2호 태양광발전소,대구광역시 달서구 성서공단로51길 17 (장동),,,,,정상가동,30.48,380,60,2025,발전사업용,,,,2025-11-12
이가1차 태양광발전소,대구광역시 달서구 성서공단로 138 (월암동),,,,,정상가동,89.46,380,60,2025,발전사업용,,,,2025-11-12
이가2차 태양광발전소,대구광역시 달서구 성서공단로 138 (월암동),,,,,정상가동,39.69,380,60,2025,발전사업용,,,,2025-11-12
(주)해길에너지(구지90 태양광발전소),대구광역시 달성군 구지면 달성2차동3로 47,,,,,정상가동,89.53,380,60,2025,발전사업용,,,,2025-11-12
안녕2호 태양광발전소,대구광역시 달성군 유가읍 달창로 228,,,,,정상가동,19.05,380,60,2025,발전사업용,,,,2025-11-12
대한에너지 태양광발전소,대구광역시 달성군 논공읍 논공로87길 104,,,,,정상가동,119.7,380,60,2025,발전사업용,,,,2025-11-12
에이치제이테크 태양광발전소,대구광역시 북구 3공단로41길 8 (노원동3가),,,,,정상가동,41.91,380,60,2025,발전사업용,,,,2025-11-12
고투캠 태양광발전소,대구광역시 북구 오봉로22길 6 (침산동),,,,,정상가동,83.82,380,60,2025,발전사업용,,,,2025-11-12
씨앤씨유로 태양광발전소,대구광역시 북구 검단공단로 46-7 (검단동),,,,,정상가동,104.14,380,60,2025,발전사업용,,,,2025-11-12
룩스토어안경 시지 태양광발전소,대구광역시 북구 검단공단로 46-7 (검단동),,,,,정상가동,59.69,380,60,2025,발전사업용,,,,2025-11-12
월곡 태양광발전소,대구광역시 달서구 월곡로53서길 69 (상인동),,,,,정상가동,15.24,380,60,2025,발전사업용,,,,2025-11-12
와이즈랩 태양광발전소,대구광역시 서구 국채보상로19길 18 (이현동),,,,,정상가동,88.2,380,60,2025,발전사업용,,,,2025-11-12
도이건축 태양광발전소,대구광역시 동구 신평로16길 33-1 (신평동),,,,,정상가동,30.24,380,60,2025,발전사업용,,,,2025-11-12
대형 태양광발전소,대구광역시 서구 팔달로2길 58 (비산동),,,,,정상가동,64.13,380,60,2025,발전사업용,,,,2025-11-12
동서산업 제1 태양광발전소,대구광역시 군위군 군위읍 무성2길 31-10,,,,,정상가동,89.53,380,60,2025,발전사업용,,,,2025-11-12
동서산업 제2 태양광발전소,대구광역시 군위군 군위읍 무성2길 31-10,,,,,정상가동,89.53,380,60,2025,발전사업용,,,,2025-11-12
태일산업 태양광발전소,대구광역시 북구 검단로31길 36-9 (검단동),,,,,정상가동,124.46,380,60,2025,발전사업용,,,,2025-11-12
대경산업 태양광 1호,대구광역시 북구 검단북로 130 (검단동),,,,,정상가동,50.8,380,60,2025,발전사업용,,,,2025-11-12
대경산업 태양광 2호,대구광역시 북구 검단북로 130 (검단동),,,,,정상가동,58.42,380,60,2025,발전사업용,,,,2025-11-12
약천 태양광발전소,대구광역시 북구 검단북로 188-38 (검단동),,,,,정상가동,19.05,380,60,2025,발전사업용,,,,2025-11-12
제이아이 1호 태양광발전소,대구광역시 북구 검단동로 13-7 (검단동),,,,,정상가동,62.23,380,60,2025,발전사업용,,,,2025-11-12
제이아이 2호 태양광발전소,대구광역시 북구 검단동로 13-7 (검단동),,,,,정상가동,62.23,380,60,2025,발전사업용,,,,2025-11-12
경동1호 태양광발전소,대구광역시 북구 검단로31길 66-18 (검단동),,,,,정상가동,89.53,380,60,2025,발전사업용,,,,2025-11-12
경동2호 태양광발전소,대구광역시 북구 검단로31길 66-18 (검단동),,,,,정상가동,89.53,380,60,2025,발전사업용,,,,2025-11-12
부성 태양광발전소,대구광역시 북구 노원로9길 69 (노원동3가),,,,,정상가동,42.54,380,60,2025,발전사업용,,,,2025-11-12
아주 태양광발전소,대구광역시 북구 노원로1길 196-9 (노원동3가),,,,,정상가동,48.96,380,60,2025,발전사업용,,,,2025-11-12
가을하늘 태양광발전소,,대구광역시 군위군 군위읍 대흥리 399번지,,,,정상가동,88.2,380,60,2025,발전사업용,,,,2025-11-12
미윤5 태양광발전소,대구광역시 달서구 호산로2길 55 (호산동),,,,,정상가동,60.96,380,60,2025,발전사업용,,,,2025-11-12
지에코4 태양광발전소,대구광역시 달서구 달서대로95길 94 (호산동),,,,,정상가동,60.96,380,60,2025,발전사업용,,,,2025-11-12
성원2호 태양광발전소,대구광역시 달서구 성서로 347 (갈산동),,,,,정상가동,332.64,380,60,2025,발전사업용,,,,2025-11-12
성원1호 태양광발전소,대구광역시 달서구 성서로 347 (갈산동),,,,,정상가동,364.14,380,60,2025,발전사업용,,,,2025-11-12
가연5 태양광발전소,대구광역시 달성군 구지면 달성2차서로 50,,,,,정상가동,41.9,380,60,2025,발전사업용,,,,2025-11-12
세영 태양광발전소,대구광역시 달성군 옥포읍 비슬로455길 34,,,,,정상가동,51.43,380,60,2025,발전사업용,,,,2025-11-12
대동 태양광발전소,대구광역시 달성군 화원읍 성화로10길 34,,,,,정상가동,83.82,380,60,2025,발전사업용,,,,2025-11-12
정통4호 태양광발전소,대구광역시 달성군 논공읍 위천2길 6,,,,,정상가동,19.68,380,60,2025,발전사업용,,,,2025-11-12
제일 태양광발전소,대구광역시 달성군 구지면 달성2차동1로 203,,,,,정상가동,286.38,380,60,2025,발전사업용,,,,2025-11-12
성심힐링 태양광발전소,대구광역시 달성군 다사읍 세천로10길 36-5,,,,,정상가동,69.85,380,60,2025,발전사업용,,,,2025-11-12
철호 태양광발전소,대구광역시 달성군 하빈면 달구벌대로8길 54,,,,,정상가동,52.07,380,60,2025,발전사업용,,,,2025-11-12
더블희2호 태양광발전소,대구광역시 달성군 하빈면 하빈로 459-1,,,,,정상가동,83.32,380,60,2025,발전사업용,,,,2025-11-12
더블희1호 태양광발전소,대구광역시 달성군 하빈면 하빈로 459-1,,,,,정상가동,87.63,380,60,2025,발전사업용,,,,2025-11-12
김기활 태양광발전소,대구광역시 달성군 다사읍 세천로6길 14,,,,,정상가동,73.02,380,60,2025,발전사업용,,,,2025-11-12
HD발전소,대구광역시 달서구 달구벌대로240길 72 (신당동),,,,,정상가동,194.56,380,60,2025,발전사업용,,,,2025-11-12
대영기계1 태양광발전소,대구광역시 달서구 성서공단로51길 52 (장동),,,,,정상가동,82.55,380,60,2025,발전사업용,,,,2025-11-12
대영기계2 태양광발전소,대구광역시 달서구 성서공단로51길 52 (장동),,,,,정상가동,54.61,380,60,2025,발전사업용,,,,2025-11-12
대영기계3 태양광발전소,대구광역시 달서구 성서공단로51길 52 (장동),,,,,정상가동,54.61,380,60,2025,발전사업용,,,,2025-11-12
우일금속1호 태양광발전소,대구광역시 달서구 달서대로64안길 21 (대천동),,,,,정상가동,68.58,380,60,2025,발전사업용,,,,2025-11-12
우일금속2호 태양광발전소,대구광역시 달서구 달서대로64안길 21 (대천동),,,,,정상가동,83.18,380,60,2025,발전사업용,,,,2025-11-12
서철환 태양광발전소,대구광역시 달서구 성서서로33길 16 (갈산동),,,,,정상가동,46.99,380,60,2025,발전사업용,,,,2025-11-12
영광 태양광발전소,대구광역시 서구 와룡로72길 37-6 (중리동),,,,,정상가동,83.82,380,60,2025,발전사업용,,,,2025-11-12
지성 태양광발전소,대구광역시 서구 팔달로 72-12 (비산동),,,,,정상가동,65.92,380,60,2025,발전사업용,,,,2025-11-12
엘솔라3 태양광발전소,대구광역시 달성군 하빈면 하빈로87길 24,,,,,정상가동,37.8,380,60,2025,발전사업용,,,,2025-11-12
엘솔라2 태양광발전소,대구광역시 달성군 하빈면 하빈로87길 24,,,,,정상가동,88.2,380,60,2025,발전사업용,,,,2025-11-12
엘솔라1 태양광발전소,대구광역시 달성군 하빈면 하빈로87길 24,,,,,정상가동,88.2,380,60,2025,발전사업용,,,,2025-11-12
홍성솔라,대구광역시 달성군 하빈면 하빈로94길 15,,,,,정상가동,65.4,380,60,2025,발전사업용,,,,2025-11-12
아인블루 태양광발전소,대구광역시 서구 와룡로97길 18 (이현동),,,,,정상가동,75.6,380,60,2025,발전사업용,,,,2025-11-12
상패 태양광발전소,대구광역시 서구 염색공단천로16길 5 (비산동),,,,,정상가동,66.04,380,60,2025,발전사업용,,,,2025-11-12
동진무역 태양광발전소,대구광역시 서구 국채보상로5길 28 (이현동),,,,,정상가동,89.46,380,60,2025,발전사업용,,,,2025-11-12
달구벌 태양광발전소,대구광역시 북구 유통단지로7길 87 (산격동),,,,,정상가동,55.88,380,60,2025,발전사업용,,,,2025-11-12
이곡3 태양광발전소,대구광역시 북구 이곡길 19-21 (서변동),,,,,정상가동,80.64,380,60,2025,발전사업용,,,,2025-11-12
규인 태양광발전소,대구광역시 동구 옻골로13길 43-3 (둔산동),,,,,정상가동,18.75,380,60,2025,발전사업용,,,,2025-11-12
영남3호 태양광발전소,대구광역시 달성군 하빈면 하산길 13,,,,,정상가동,44.1,380,60,2025,발전사업용,,,,2025-11-12
아이피텍 제2 태양광발전소,대구광역시 달서구 성서공단북로3길 25-12 (파호동),,,,,정상가동,89.53,380,60,2025,발전사업용,,,,2025-11-12
아이피텍 제1 태양광발전소,대구광역시 달서구 성서공단북로3길 25-12 (파호동),,,,,정상가동,89.53,380,60,2025,발전사업용,,,,2025-11-12
대진정밀 태양광발전소,대구광역시 달서구 달서대로64길 9 (대천동),,,,,정상가동,301.77,380,60,2025,발전사업용,,,,2025-11-12
에스알2호 태양광발전소,대구광역시 달서구 달서대로95길 59 (호산동),,,,,정상가동,89.53,380,60,2025,발전사업용,,,,2025-11-12
에스알1호 태양광발전소,대구광역시 달서구 달서대로95길 59 (호산동),,,,,정상가동,398.74,380,60,2025,발전사업용,,,,2025-11-12
태광2 태양광발전소,대구광역시 달서구 달서대로58안길 18 (대천동),,,,,정상가동,67.94,380,60,2025,발전사업용,,,,2025-11-12
태광1 태양광발전소,대구광역시 달서구 달서대로58안길 18 (대천동),,,,,정상가동,89.53,380,60,2025,발전사업용,,,,2025-11-12
유가농업협동조합 태양광발전소,대구광역시 달성군 유가읍 비슬로64길 43,,,,,정상가동,442.45,380,60,2025,발전사업용,,,,2025-11-12
보문 태양광발전소,대구광역시 달성군 논공읍 봉동길 40,,,,,정상가동,34.02,380,60,2025,발전사업용,,,,2025-11-12
경동정밀 태양광발전소,대구광역시 달성군 논공읍 노이1길 68,,,,,정상가동,55.88,380,60,2025,발전사업용,,,,2025-11-12
한주 태양광발전소,대구광역시 달성군 구지면 구지동로10길 5-2,,,,,정상가동,19.68,380,60,2025,발전사업용,,,,2025-11-12
보창2호 태양광발전소,대구광역시 달성군 구지면 국가산단서로71길 24,,,,,정상가동,57.4,380,60,2025,발전사업용,,,,2025-11-12
보창1호 태양광발전소,대구광역시 달성군 구지면 국가산단서로71길 24,,,,,정상가동,89.6,380,60,2025,발전사업용,,,,2025-11-12
코리아상사,대구광역시 달성군 논공읍 봉동길 23,,,,,정상가동,53.34,380,60,2025,발전사업용,,,,2025-11-12
다문산업 태양광발전소,대구광역시 달성군 옥포읍 비슬로457길 7-5,,,,,정상가동,87.84,380,60,2025,발전사업용,,,,2025-11-12
가람 태양광발전소,대구광역시 달성군 논공읍 위천2길 15-36,,,,,정상가동,85.72,380,60,2025,발전사업용,,,,2025-11-12
지원2 태양광발전소,대구광역시 달성군 논공읍 위천2길 15-36,,,,,정상가동,70.48,380,60,2025,발전사업용,,,,2025-11-12
지원1 태양광발전소,대구광역시 달성군 논공읍 위천2길 15-36,,,,,정상가동,70.48,380,60,2025,발전사업용,,,,2025-11-12
화신 태양광발전소,대구광역시 달서구 성서공단북로 228 (갈산동),,,,,정상가동,240,380,60,2025,발전사업용,,,,2025-11-12
세신 태양광발전소,대구광역시 달서구 달구벌대로250길 29 (갈산동),,,,,정상가동,154.98,380,60,2025,발전사업용,,,,2025-11-12
월드텍 태양광발전소,대구광역시 달서구 문화회관7길 117 (장동),,,,,정상가동,66.67,380,60,2025,발전사업용,,,,2025-11-12
한성6호 태양광발전소,대구광역시 달서구 성서서로 262 (갈산동),,,,,정상가동,50.8,380,60,2025,발전사업용,,,,2025-11-12
한성5호 태양광발전소,대구광역시 달서구 성서서로 262 (갈산동),,,,,정상가동,89.53,380,60,2025,발전사업용,,,,2025-11-12
한성4호 태양광발전소,대구광역시 달서구 성서서로 262 (갈산동),,,,,정상가동,89.53,380,60,2025,발전사업용,,,,2025-11-12
한성3호 태양광발전소,대구광역시 달서구 성서서로 262 (갈산동),,,,,정상가동,89.53,380,60,2025,발전사업용,,,,2025-11-12
한성2호 태양광발전소,대구광역시 달서구 성서서로 262 (갈산동),,,,,정상가동,89.53,380,60,2025,발전사업용,,,,2025-11-12
한성1호 태양광발전소,대구광역시 달서구 성서서로 262 (갈산동),,,,,정상가동,89.53,380,60,2025,발전사업용,,,,2025-11-12
디에이치실업 태양광발전소,대구광역시 동구 반야월북로12길 14-5 (율암동),,,,,정상가동,499.11,380,60,2025,발전사업용,,,,2025-11-12
시그니쳐2 태양광발전소,대구광역시 북구 도남중앙로8길 1 (국우동),,,,,정상가동,52.29,380,60,2025,발전사업용,,,,2025-11-12
시그니쳐1 태양광발전소,대구광역시 북구 도남중앙로8길 1 (국우동),,,,,정상가동,52.29,380,60,2025,발전사업용,,,,2025-11-12
아영1호 태양광발전소,대구광역시 달성군 하빈면 묘동1길 8,,,,,정상가동,63,380,60,2025,발전사업용,,,,2025-11-12
무창 태양광발전소,대구광역시 달성군 다사읍 세천북로14길 54-15,,,,,정상가동,88.9,380,60,2025,발전사업용,,,,2025-11-12
영광1 태양광발전소,대구광역시 달성군 하빈면 하산4길 53,,,,,정상가동,88.9,380,60,2025,발전사업용,,,,2025-11-12
영광 태양광발전소,대구광역시 달성군 하빈면 하산4길 53,,,,,정상가동,88.9,380,60,2025,발전사업용,,,,2025-11-12
신광2 태양광발전소,대구광역시 달성군 하빈면 하산1길 30,,,,,정상가동,74.88,380,60,2025,발전사업용,,,,2025-11-12
신광1 태양광발전소,대구광역시 달성군 하빈면 하산1길 30,,,,,정상가동,80.64,380,60,2025,발전사업용,,,,2025-11-12
보미 태양광발전소,대구광역시 달성군 다사읍 세천남로 56,,,,,정상가동,67.41,380,60,2025,발전사업용,,,,2025-11-12
모햇발전소 1722호,대구광역시 달성군 구지면 달성2차4로 36,,,,,정상가동,82.36,380,60,2025,발전사업용,,,,2025-11-12
모햇발전소 1721호,대구광역시 달성군 구지면 달성2차4로 36,,,,,정상가동,78.88,380,60,2025,발전사업용,,,,2025-11-12
모햇발전소 1720호,대구광역시 달성군 구지면 달성2차4로 36,,,,,정상가동,78.88,380,60,2025,발전사업용,,,,2025-11-12
비전 태양광발전소,"대구광역시 달성군 구지면 국가산단대로33길 237, B동",,,,,정상가동,88.9,380,60,2025,발전사업용,,,,2025-11-12
주영 태양광발전소,"대구광역시 달성군 구지면 국가산단대로33길 237, B동",,,,,정상가동,497.84,380,60,2025,발전사업용,,,,2025-11-12
귀남2호 태양광발전소,대구광역시 달서구 호산로 39 (파호동),,,,,정상가동,89.53,380,60,2025,발전사업용,,,,2025-11-12
귀남1호 태양광발전소,대구광역시 달서구 호산로 39 (파호동),,,,,정상가동,89.53,380,60,2025,발전사업용,,,,2025-11-12
한대 태양광발전소,대구광역시 달서구 달구벌대로 1126 (신당동),,,,,정상가동,483.84,380,60,2025,발전사업용,,,,2025-11-12
와이디테크4호 태양광발전소,대구광역시 달서구 달서대로95길 106 (호산동),,,,,정상가동,25.4,380,60,2025,발전사업용,,,,2025-11-12
와이디테크3호 태양광발전소,대구광역시 달서구 달서대로95길 106 (호산동),,,,,정상가동,88.9,380,60,2025,발전사업용,,,,2025-11-12
와이디테크2호 태양광발전소,대구광역시 달서구 달서대로95길 106 (호산동),,,,,정상가동,86.36,380,60,2025,발전사업용,,,,2025-11-12
와이디테크1호 태양광발전소,대구광역시 달서구 달서대로95길 106 (호산동),,,,,정상가동,86.36,380,60,2025,발전사업용,,,,2025-11-12
유유 태양광발전소,대구광역시 달서구 달구벌대로226길 16 (신당동),,,,,정상가동,463.55,380,60,2025,발전사업용,,,,2025-11-12
삼양테크 태양광발전소,대구광역시 북구 노원로42길 7-5 (침산동),,,,,정상가동,17.78,380,60,2025,발전사업용,,,,2025-11-12
보석 태양광발전소,대구광역시 북구 3공단로 88 (노원동3가),,,,,정상가동,34.29,380,60,2025,발전사업용,,,,2025-11-12
대명 태양광발전소,대구광역시 달서구 성서서로36길 17 (갈산동),,,,,정상가동,70.56,380,60,2025,발전사업용,,,,2025-11-12
드림2호 태양광발전소,대구광역시 달서구 성서로9길 17 (대천동),,,,,정상가동,85.09,380,60,2025,발전사업용,,,,2025-11-12
드림1호 태양광발전소,대구광역시 달서구 성서로9길 17 (대천동),,,,,정상가동,89.53,380,60,2025,발전사업용,,,,2025-11-12
모햇발전소 1043호,대구광역시 달서구 달서대로91길 126 (파호동),,,,,정상가동,54.52,380,60,2025,발전사업용,,,,2025-11-12
모햇발전소 1044호,대구광역시 달서구 달서대로91길 126 (파호동),,,,,정상가동,77.72,380,60,2025,발전사업용,,,,2025-11-12
동아2호 태양광발전소,대구광역시 달서구 성서서로 241 (신당동),,,,,정상가동,85.09,380,60,2025,발전사업용,,,,2025-11-12
동아1호 태양광발전소,대구광역시 달서구 성서서로 241 (신당동),,,,,정상가동,33.02,380,60,2025,발전사업용,,,,2025-11-12
대양 태양광발전소,대구광역시 달성군 화원읍 구라1길 35,,,,,정상가동,49.14,380,60,2025,발전사업용,,,,2025-11-12
성일 태양광발전소,대구광역시 달성군 옥포읍 원전1길 35,,,,,정상가동,81.9,380,60,2025,발전사업용,,,,2025-11-12
(주)에스케이지태양광1,,대구광역시 달성군 구지면 내리 839-3,,,,정상가동,160.02,380,60,2025,발전사업용,,,,2025-11-12
한국고분자 제3태양광발전소,,대구광역시 달성군 구지면 창리 1363-2,,,,정상가동,89.46,380,60,2025,발전사업용,,,,2025-11-12
한국고분자 제2태양광발전소,,대구광역시 달성군 구지면 창리 1363-2,,,,정상가동,89.46,380,60,2025,발전사업용,,,,2025-11-12
한국고분자 제1태양광발전소,,대구광역시 달성군 구지면 창리 1363-2,,,,정상가동,89.46,380,60,2025,발전사업용,,,,2025-11-12
대영1 태양광발전소,대구광역시 서구 국채보상로3길 26 (이현동),,,,,정상가동,57.33,380,60,2025,발전사업용,,,,2025-11-12
리아솔라 태양광발전소,대구광역시 서구 평리로21길 20 (중리동),,,,,정상가동,499.74,380,60,2025,발전사업용,,,,2025-11-12
명보 태양광발전소,대구광역시 서구 와룡로 385-5 (중리동),,,,,정상가동,89.46,380,60,2025,발전사업용,,,,2025-11-12
신동산교회 태양광발전소,대구광역시 수성구 신천동로52길 18 (중동),,,,,정상가동,49.53,380,60,2025,발전사업용,,,,2025-11-12
마이스터 태양광발전소,대구광역시 서구 염색공단천로 8-1 (비산동),,,,,정상가동,45.36,380,60,2025,발전사업용,,,,2025-11-12
완전산업 태양광발전소,대구광역시 서구 문화로 95 (이현동),,,,,정상가동,234.36,380,60,2025,발전사업용,,,,2025-11-12
하이텍 태양광발전소,대구광역시 서구 와룡로 447-5 (이현동),,,,,정상가동,49.53,380,60,2025,발전사업용,,,,2025-11-12
(주)정도엔지니어링(정도 태양광발전소),대구광역시 서구 와룡로72길 37-4 (중리동),,,,,정상가동,63.5,380,60,2025,발전사업용,,,,2025-11-12
신한삼 발전소,대구광역시 서구 서대구로63안길 2 (비산동),,,,,정상가동,87.12,380,60,2025,발전사업용,,,,2025-11-12
신한이 발전소,대구광역시 서구 서대구로63안길 2 (비산동),,,,,정상가동,85.05,380,60,2025,발전사업용,,,,2025-11-12
거산산업 주식회사(거산산업(주) 태양광발전소),대구광역시 달성군 구지면 국가산단서로71길 65,,,,,정상가동,440,380,60,2025,발전사업용,,,,2025-11-12
녹희 태양광발전소,대구광역시 달성군 구지면 국가산단서로71길 65,,,,,정상가동,325,380,60,2025,발전사업용,,,,2025-11-12
하빈대성 태양광발전소,대구광역시 달성군 하빈면 하산길 45-7,,,,,정상가동,69.22,380,60,2025,발전사업용,,,,2025-11-12
청송 태양광발전소,대구광역시 달성군 화원읍 성천로24길 2-3,,,,,정상가동,11.34,380,60,2025,발전사업용,,,,2025-11-12
대경 태양광발전소,대구광역시 달성군 옥포읍 원전1길 39,,,,,정상가동,98.28,380,60,2025,발전사업용,,,,2025-11-12
(주)에이치솔라((주)에이치솔라),대구광역시 북구 검단공단로 92-10 (검단동),,,,,정상가동,199.39,380,60,2025,발전사업용,,,,2025-11-12
동은기업,대구광역시 북구 검단로31길 36-7 (검단동),,,,,정상가동,89.54,380,60,2025,발전사업용,,,,2025-11-12
해모아 2호 태양광발전소,대구광역시 북구 검단로31길 7 (검단동),,,,,정상가동,30.48,380,60,2025,발전사업용,,,,2025-11-12
해모아 1호 태양광발전소,대구광역시 북구 검단로31길 7 (검단동),,,,,정상가동,88.9,380,60,2025,발전사업용,,,,2025-11-12
CYC2,대구광역시 북구 검단로31길 36-13 (검단동),,,,,정상가동,99.7,380,60,2025,발전사업용,,,,2025-11-12
CYC1,"대구광역시 북구 검단로31길 52, 철용공업사 (검단동)",,,,,정상가동,229.87,380,60,2025,발전사업용,,,,2025-11-12
강동 태양광발전소,대구광역시 동구 팔공로68길 61 (봉무동),,,,,정상가동,82.55,380,60,2025,발전사업용,,,,2025-11-12
디엠솔라5 태양광발전소,대구광역시 군위군 군위읍 군위공단길 179,,,,,정상가동,68.04,380,60,2025,발전사업용,,,,2025-11-12
디엠솔라4 태양광발전소,대구광역시 군위군 군위읍 군위공단길 179,,,,,정상가동,71.82,380,60,2025,발전사업용,,,,2025-11-12
디엠솔라3 태양광발전소,대구광역시 군위군 군위읍 군위공단길 112,,,,,정상가동,73.71,380,60,2025,발전사업용,,,,2025-11-12
디엠솔라2 태양광발전소,대구광역시 군위군 군위읍 군위공단길 112,,,,,정상가동,68.04,380,60,2025,발전사업용,,,,2025-11-12
디엠솔라1 태양광발전소,대구광역시 군위군 군위읍 군위공단길 112,,,,,정상가동,86.94,380,60,2025,발전사업용,,,,2025-11-12
학산2호 태양광발전소,,"대구광역시 군위군 효령면 불로리 131번지 ,131-1",,,,정상가동,68.58,380,60,2025,발전사업용,,,,2025-11-12
호진 태양광발전소,,"대구광역시 군위군 효령면 불로리 131번지 ,131-1",,,,정상가동,89.54,380,60,2025,발전사업용,,,,2025-11-12
두올무역 태양광발전소,대구광역시 서구 국채보상로14길 29-9 (중리동),,,,,정상가동,45.72,380,60,2025,발전사업용,,,,2025-11-12
대광케미칼 주식회사(대광케미칼 태양광발전소),대구광역시 서구 장산로 324 (이현동),,,,,정상가동,99.54,380,60,2025,발전사업용,,,,2025-11-12
중리동나경 태양광발전소,대구광역시 서구 평리로29길 21 (중리동),,,,,정상가동,388.08,380,60,2025,발전사업용,,,,2025-11-12
무성 태양광발전소,대구광역시 군위군 군위읍 군청로 168-46,,,,,정상가동,47.25,380,60,2025,발전사업용,,,,2025-11-12
무경 태양광발전소,대구광역시 군위군 군위읍 군청로 168-29,,,,,정상가동,32.76,380,60,2025,발전사업용,,,,2025-11-12
신영 태양광발전소,대구광역시 북구 팔달북로18길 32 (노원동3가),,,,,정상가동,69.93,380,60,2025,발전사업용,,,,2025-11-12
이현 태양광발전소,대구광역시 북구 3공단로47길 11-5 (노원동3가),,,,,정상가동,54.81,380,60,2025,발전사업용,,,,2025-11-12
창비 태양광발전소,대구광역시 북구 검단공단로 92-18 (검단동),,,,,정상가동,71.12,380,60,2025,발전사업용,,,,2025-11-12
유위드4호 태양광발전소,대구광역시 북구 검단로31길 22 (검단동),,,,,정상가동,59.69,380,60,2025,발전사업용,,,,2025-11-12
유위드3호 태양광발전소,대구광역시 북구 검단로31길 22 (검단동),,,,,정상가동,67.95,380,60,2025,발전사업용,,,,2025-11-12
신한일 발전소,대구광역시 북구 노원로42길 14 (침산동),,,,,정상가동,26.46,380,60,2025,발전사업용,,,,2025-11-12
SH2 태양광발전소,대구광역시 달서구 성서공단남로19길 19 (월암동),,,,,정상가동,88.2,380,60,2025,발전사업용,,,,2025-11-12
SH1 태양광발전소,대구광역시 달서구 성서공단남로19길 19 (월암동),,,,,정상가동,88.2,380,60,2025,발전사업용,,,,2025-11-12
부경6호 태양광발전소,대구광역시 달서구 성서서로 104 (월암동),,,,,정상가동,96.39,380,60,2025,발전사업용,,,,2025-11-12
부경5호 태양광발전소,대구광역시 달서구 성서서로 104 (월암동),,,,,정상가동,96.39,380,60,2025,발전사업용,,,,2025-11-12
부경4호 태양광발전소,대구광역시 달서구 성서서로 104 (월암동),,,,,정상가동,97.02,380,60,2025,발전사업용,,,,2025-11-12
부경3호 태양광발전소,대구광역시 달서구 성서서로 104 (월암동),,,,,정상가동,97.02,380,60,2025,발전사업용,,,,2025-11-12
부경2호 태양광발전소,대구광역시 달서구 성서서로 104 (월암동),,,,,정상가동,97.02,380,60,2025,발전사업용,,,,2025-11-12
부경1호 태양광발전소,대구광역시 달서구 성서서로 104 (월암동),,,,,정상가동,97.02,380,60,2025,발전사업용,,,,2025-11-12
(주)덴탈릭스(덴탈릭스2 태양광발전소),대구광역시 달서구 성서로52길 42 (장동),,,,,정상가동,74.34,380,60,2025,발전사업용,,,,2025-11-12
인동장씨황상파신당종중(인동장씨신당종중 태양광발전소2),대구광역시 달서구 달구벌대로 1162 (신당동),,,,,정상가동,19.53,380,60,2025,발전사업용,,,,2025-11-12
성신 FA 태양광발전소,대구광역시 달서구 성서로5길 18-8 (대천동),,,,,정상가동,99.54,380,60,2025,발전사업용,,,,2025-11-12
서부빌딩 태양광발전소,대구광역시 달서구 상원로 182 (월성동),,,,,정상가동,19.53,380,60,2025,발전사업용,,,,2025-11-12
EL 태양광발전소,대구광역시 달서구 달서대로85길 62 (호림동),,,,,정상가동,249.48,380,60,2025,발전사업용,,,,2025-11-12
주식회사 한올테크(주식회사 한올테크),"대구광역시 달서구 성서공단북로 155, 8동 (호산동)",,,,,정상가동,152.46,380,60,2025,발전사업용,,,,2025-11-12
대동2호 태양광발전소,대구광역시 달성군 옥포읍 비슬로 2309-5,,,,,정상가동,60.48,380,60,2025,발전사업용,,,,2025-11-12
대동1호 태양광발전소,대구광역시 달성군 옥포읍 비슬로 2309-5,,,,,정상가동,89.46,380,60,2025,발전사업용,,,,2025-11-12
주식회사 대화티엔씨(대화티엔씨2 태양광발전소),대구광역시 달성군 구지면 달성2차동1로 137,,,,,정상가동,84.46,380,60,2025,발전사업용,,,,2025-11-12
주식회사 대화티엔씨(대화티엔씨1 태양광발전소),대구광역시 달성군 구지면 달성2차동1로 135,,,,,정상가동,99.7,380,60,2025,발전사업용,,,,2025-11-12
신한2호 태양광발전소,"대구광역시 달성군 구지면 달성2차2로 100, 신한테크",,,,,정상가동,75.57,380,60,2025,발전사업용,,,,2025-11-12
신한1호 태양광발전소,"대구광역시 달성군 구지면 달성2차2로 100, 신한테크",,,,,정상가동,76.2,380,60,2025,발전사업용,,,,2025-11-12
슬우2호 태양광발전소,대구광역시 달성군 구지면 구지서로 615,,,,,정상가동,75.56,380,60,2025,발전사업용,,,,2025-11-12
슬우1호 태양광발전소,대구광역시 달성군 구지면 구지서로 615,,,,,정상가동,75.56,380,60,2025,발전사업용,,,,2025-11-12
(주)영신코아(영신코아2호 태양광발전소),대구광역시 달성군 논공읍 논공로 387,,,,,정상가동,55.25,380,60,2025,발전사업용,,,,2025-11-12
(주)영신코아(영신코아1호 태양광발전소),대구광역시 달성군 논공읍 논공로 387,,,,,정상가동,57.79,380,60,2025,발전사업용,,,,2025-11-12
동양3 태양광발전소,대구광역시 서구 와룡로66길 29 (중리동),,,,,정상가동,98.28,380,60,2025,발전사업용,,,,2025-11-12
동양2 태양광발전소,대구광역시 서구 와룡로66길 29 (중리동),,,,,정상가동,98.28,380,60,2025,발전사업용,,,,2025-11-12
동양1 태양광발전소,대구광역시 서구 와룡로66길 29 (중리동),,,,,정상가동,98.28,380,60,2025,발전사업용,,,,2025-11-12
금솔2 태양광발전소,대구광역시 동구 매여로1길 37-12 (상매동),,,,,정상가동,30.48,380,60,2025,발전사업용,,,,2025-11-12
주식회사 케이에스에프(케이에스에프 태양광발전소),대구광역시 동구 효동로6길 37 (효목동),,,,,정상가동,30.1,380,60,2025,발전사업용,,,,2025-11-12
햇살그린협동조합(모햇발전소 1635호 태양광발전소),"대구광역시 동구 부동길 14-1, ,16 (부동)",,,,,정상가동,55.68,380,60,2025,발전사업용,,,,2025-11-12
햇살그린협동조합(모햇발전소 1646호 태양광발전소),대구광역시 동구 신덕로5길 99 (신평동),,,,,정상가동,92.22,380,60,2025,발전사업용,,,,2025-11-12
창일 태양광발전소,대구광역시 북구 팔달북로8길 38 (노원동3가),,,,,정상가동,99.06,380,60,2025,발전사업용,,,,2025-11-12
대한 태양광발전소,대구광역시 북구 팔거천동로 134 (동천동),,,,,정상가동,19.53,380,60,2025,발전사업용,,,,2025-11-12
승하하우스 태양광발전소,대구광역시 수성구 국채보상로 978-1 (범어동),,,,,정상가동,19.69,380,60,2025,발전사업용,,,,2025-11-12
대환2 태양광발전소,대구광역시 달서구 성서공단북로5길 12 (파호동),,,,,정상가동,55.88,380,60,2025,발전사업용,,,,2025-11-12
대환1 태양광발전소,대구광역시 달서구 성서공단북로5길 12 (파호동),,,,,정상가동,99.69,380,60,2025,발전사업용,,,,2025-11-12
쏠라드림3 태양광발전소,대구광역시 달서구 달서대로95길 94 (호산동),,,,,정상가동,89.53,380,60,2025,발전사업용,,,,2025-11-12
쏠라드림2 태양광발전소,대구광역시 달서구 달서대로95길 94 (호산동),,,,,정상가동,89.53,380,60,2025,발전사업용,,,,2025-11-12
쏠라드림1 태양광발전소,대구광역시 달서구 달서대로95길 94 (호산동),,,,,정상가동,89.53,380,60,2025,발전사업용,,,,2025-11-12
지에코3 태양광발전소,대구광역시 달서구 달서대로95길 94 (호산동),,,,,정상가동,88.9,380,60,2025,발전사업용,,,,2025-11-12
지에코2 태양광발전소,대구광역시 달서구 달서대로95길 94 (호산동),,,,,정상가동,89.53,380,60,2025,발전사업용,,,,2025-11-12
지에코1 태양광발전소,대구광역시 달서구 달서대로95길 94 (호산동),,,,,정상가동,89.53,380,60,2025,발전사업용,,,,2025-11-12
도현 태양광발전소,대구광역시 달서구 성서공단북로3길 31-5 (파호동),,,,,정상가동,89.36,380,60,2025,발전사업용,,,,2025-11-12
미윤4 태양광발전소,대구광역시 달서구 호산로2길 55 (호산동),,,,,정상가동,89.53,380,60,2025,발전사업용,,,,2025-11-12
미윤3 태양광발전소,대구광역시 달서구 호산로2길 55 (호산동),,,,,정상가동,89.53,380,60,2025,발전사업용,,,,2025-11-12
미윤2 태양광발전소,대구광역시 달서구 호산로2길 55 (호산동),,,,,정상가동,89.53,380,60,2025,발전사업용,,,,2025-11-12
미윤1 태양광발전소,대구광역시 달서구 호산로2길 55 (호산동),,,,,정상가동,89.53,380,60,2025,발전사업용,,,,2025-11-12
가연4 태양광발전소,"대구광역시 달성군 구지면 달성2차서로 50, 이화TRD",,,,,정상가동,89.53,380,60,2025,발전사업용,,,,2025-11-12
가연3 태양광발전소,"대구광역시 달성군 구지면 달성2차서로 50, 이화TRD",,,,,정상가동,89.53,380,60,2025,발전사업용,,,,2025-11-12
가연2 태양광발전소,"대구광역시 달성군 구지면 달성2차서로 50, 이화TRD",,,,,정상가동,89.53,380,60,2025,발전사업용,,,,2025-11-12
가연1 태양광발전소,"대구광역시 달성군 구지면 달성2차서로 50, 이화TRD",,,,,정상가동,89.53,380,60,2025,발전사업용,,,,2025-11-12
대영 태양광발전소,대구광역시 달성군 논공읍 비슬로262길 126,,,,,정상가동,91.44,380,60,2025,발전사업용,,,,2025-11-12
비슬 태양광발전소,대구광역시 달성군 유가읍 비슬로63길 14,,,,,정상가동,44.45,380,60,2025,발전사업용,,,,2025-11-12
대구상사 태양광발전소,대구광역시 달성군 옥포읍 법화길 40,,,,,정상가동,89.46,380,60,2025,발전사업용,,,,2025-11-12
금포1호 태양광발전소,대구광역시 달성군 논공읍 비슬로 1776,,,,,정상가동,38.1,380,60,2025,발전사업용,,,,2025-11-12
드림1호 태양광발전소,대구광역시 달성군 구지면 국가산단서로50길 66,,,,,정상가동,433.44,380,60,2025,발전사업용,,,,2025-11-12
화신 태양광발전소,대구광역시 달서구 성서서로59길 41 (신당동),,,,,정상가동,182.7,380,60,2025,발전사업용,,,,2025-11-12
유로이엔지 주식회사(유로1 태양광발전소),대구광역시 달서구 서당로9길 14 (신당동),,,,,정상가동,18.27,380,60,2025,발전사업용,,,,2025-11-12
대우에너지발전소,대구광역시 북구 3공단로33길 46 (노원동3가),,,,,정상가동,43.82,380,60,2025,발전사업용,,,,2025-11-12
국민 태양광발전소,대구광역시 북구 노원로25길 56-10 (노원동3가),,,,,정상가동,72.45,380,60,2025,발전사업용,,,,2025-11-12
금강 태양광발전소,대구광역시 북구 문주길 28 (금호동),,,,,정상가동,52.92,380,60,2025,발전사업용,,,,2025-11-12
동원염직(주)(동원4호 태양광발전소),대구광역시 서구 와룡로72길 35 (중리동),,,,,정상가동,65.52,380,60,2025,발전사업용,,,,2025-11-12
동원염직(주)(동원3호 태양광발전소),대구광역시 서구 와룡로72길 19 (중리동),,,,,정상가동,81.9,380,60,2025,발전사업용,,,,2025-11-12
동원염직(주)(동원2호 태양광발전소),대구광역시 서구 와룡로72길 18 (중리동),,,,,정상가동,69.93,380,60,2025,발전사업용,,,,2025-11-12
동원염직(주)(동원1호 태양광발전소),대구광역시 서구 와룡로72길 18 (중리동),,,,,정상가동,54.81,380,60,2025,발전사업용,,,,2025-11-12
소프트푸드,대구광역시 달성군 다사읍 세천로10길 11-9,,,,,정상가동,56.7,380,60,2025,발전사업용,,,,2025-11-12
삼성산업 태양광발전소,"대구광역시 달성군 하빈면 달구벌대로12길 185-11, ,185-21,185-25,185-31",,,,,정상가동,191.52,380,60,2025,발전사업용,,,,2025-11-12
지엘 태양광발전소,대구광역시 달성군 다사읍 세천남로2길 10,,,,,정상가동,44.1,380,60,2025,발전사업용,,,,2025-11-12
당근시스템 태양광발전소,대구광역시 동구 옻골로20길 44-1 (둔산동),,,,,정상가동,30.48,380,60,2025,발전사업용,,,,2025-11-12
석범 태양광발전소,대구광역시 북구 검단북로40길 22 (검단동),,,,,정상가동,13.97,380,60,2025,발전사업용,,,,2025-11-12
대우기전2호 태양광발전소,대구광역시 북구 검단북로 84 (검단동),,,,,정상가동,99.06,380,60,2025,발전사업용,,,,2025-11-12
북대구농업협동조합(북대구농협 태양광발전소),대구광역시 북구 대동로1길 28 (산격동),,,,,정상가동,99.54,380,60,2025,발전사업용,,,,2025-11-12
남광 태양광발전소,대구광역시 북구 팔달북로18길 30 (노원동3가),,,,,정상가동,52.07,380,60,2025,발전사업용,,,,2025-11-12
스피드 태양광발전소,대구광역시 북구 3공단로33길 38 (노원동3가),,,,,정상가동,44.45,380,60,2025,발전사업용,,,,2025-11-12
도담테크 태양광발전소,대구광역시 북구 3공단로33길 27-2 (노원동3가),,,,,정상가동,35.28,380,60,2025,발전사업용,,,,2025-11-12
제이엘 태양광발전소,대구광역시 북구 유통단지로21길 17 (산격동),,,,,정상가동,83.16,380,60,2025,발전사업용,,,,2025-11-12
주식회사 신형(신형 태양광발전소),대구광역시 서구 평리로35길 35 (중리동),,,,,정상가동,99.4,380,60,2025,발전사업용,,,,2025-11-12
우진산업개발(주)(우진산업개발2발전소),대구광역시 달성군 하빈면 하빈남로 414,,,,,정상가동,99.54,380,60,1900,발전사업용,,,,2025-11-12
현 태양광발전소,대구광역시 달성군 유가읍 테크노순환로5길 30,,,,,정상가동,99.54,380,60,2025,발전사업용,,,,2025-11-12
성진 태양광발전소,대구광역시 달성군 유가읍 테크노순환로5길 30,,,,,정상가동,45.99,380,60,2025,발전사업용,,,,2025-11-12
정광2 태양광발전소,대구광역시 달성군 유가읍 테크노순환로5길 30,,,,,정상가동,99.54,380,60,2025,발전사업용,,,,2025-11-12
정광1 태양광발전소,대구광역시 달성군 유가읍 테크노순환로5길 30,,,,,정상가동,99.54,380,60,2025,발전사업용,,,,2025-11-12
파인쿡 태양광발전소,대구광역시 달성군 유가읍 테크노중앙대로2길 12,,,,,정상가동,131.04,380,60,2025,발전사업용,,,,2025-11-12
천마 태양광발전소,대구광역시 동구 옻골로 35 (부동),,,,,정상가동,53.55,380,60,2025,발전사업용,,,,2025-11-12
신흥2 태양광발전소,대구광역시 달서구 성서공단북로3길 31-5 (파호동),,,,,정상가동,88.9,380,60,2025,발전사업용,,,,2025-11-12
신흥1 태양광발전소,대구광역시 달서구 성서공단북로3길 31-5 (파호동),,,,,정상가동,58.42,380,60,2025,발전사업용,,,,2025-11-12
주식회사 아이앤 피(아이앤피4호 태양광발전소),대구광역시 달서구 월곡로100길 11 (월성동),,,,,정상가동,54.18,380,60,2025,발전사업용,,,,2025-11-12
주식회사 아이앤 피(아이앤피3호 태양광발전소),대구광역시 달서구 월곡로100길 11 (월성동),,,,,정상가동,99.54,380,60,2025,발전사업용,,,,2025-11-12
주식회사 아이앤 피(아이앤피2호 태양광발전소),대구광역시 달서구 월곡로100길 11 (월성동),,,,,정상가동,99.54,380,60,2025,발전사업용,,,,2025-11-12
주식회사 아이앤 피(아이앤피1호 태양광발전소),대구광역시 달서구 월곡로100길 11 (월성동),,,,,정상가동,99.54,380,60,2025,발전사업용,,,,2025-11-12
동신 이앤에스 2 태양광발전소,대구광역시 달성군 논공읍 비슬로262길 35-38,,,,,정상가동,76.23,380,60,2025,발전사업용,,,,2025-11-12
동신 이앤에스 1 태양광발전소,대구광역시 달성군 논공읍 비슬로262길 35-38,,,,,정상가동,98.28,380,60,2025,발전사업용,,,,2025-11-12
동신 이앤에스 태양광발전소,대구광역시 달성군 논공읍 비슬로262길 35-38,,,,,정상가동,98.28,380,60,2025,발전사업용,,,,2025-11-12
DMD 화명 태양광발전소,대구광역시 달성군 화원읍 비슬로487길 24,,,,,정상가동,52.92,380,60,2025,발전사업용,,,,2025-11-12
전진3호 태양광발전소,대구광역시 달성군 구지면 달성2차동2로 46,,,,,정상가동,49.77,380,60,2025,발전사업용,,,,2025-11-12
전진2호 태양광발전소,대구광역시 달성군 구지면 달성2차6로 33,,,,,정상가동,137.97,380,60,2025,발전사업용,,,,2025-11-12
전진1호 태양광발전소,대구광역시 달성군 구지면 국가산단대로33길 281-25,,,,,정상가동,211.68,380,60,2025,발전사업용,,,,2025-11-12
세정 태양광발전소,대구광역시 달성군 구지면 달성2차동2로 24,,,,,정상가동,294.84,380,60,2025,발전사업용,,,,2025-11-12
보영 태양광발전소,대구광역시 달성군 논공읍 비슬로 1491-26,,,,,정상가동,224.91,380,60,2025,발전사업용,,,,2025-11-12
도은 태양광발전소,대구광역시 달성군 화원읍 화암로 7,,,,,정상가동,76.3,380,60,2025,발전사업용,,,,2025-11-12
창대 태양광발전소,대구광역시 달성군 논공읍 성산로 1221,,,,,정상가동,76.23,380,60,2025,발전사업용,,,,2025-11-12
대성ENG 태양광발전소,대구광역시 달서구 성서공단북로43길 31 (신당동),,,,,정상가동,257.04,380,60,2025,발전사업용,,,,2025-11-12
청운3 태양광발전소,대구광역시 달서구 성서공단로55길 25 (장동),,,,,정상가동,49.77,380,60,2025,발전사업용,,,,2025-11-12
청운2 태양광발전소,대구광역시 달서구 성서공단로55길 25 (장동),,,,,정상가동,99.54,380,60,2025,발전사업용,,,,2025-11-12
햇살그린협동조합(모햇발전호 1469호),대구광역시 달서구 달서대로64길 50 (대천동),,,,,정상가동,59.74,380,60,2025,발전사업용,,,,2025-11-12
햇살그린협동조합(모햇발전소 1468호),대구광역시 달서구 달서대로64길 50 (대천동),,,,,정상가동,59.74,380,60,2025,발전사업용,,,,2025-11-12
대도 태양광발전소,대구광역시 달서구 성서공단로21길 20 (갈산동),,,,,정상가동,200.97,380,60,2025,발전사업용,,,,2025-11-12
일성정밀 태양광발전소,대구광역시 달서구 달서대로109길 133 (파호동),,,,,정상가동,159.39,380,60,2025,발전사업용,,,,2025-11-12
대구정공 태양광발전소 3호,대구광역시 달서구 성서동로 203 (장동),,,,,정상가동,45.5,380,60,2025,발전사업용,,,,2025-11-12
대구정공 태양광발전소 2호,대구광역시 달서구 성서동로 203 (장동),,,,,정상가동,98,380,60,2025,발전사업용,,,,2025-11-12
대구정공 태양광발전소 1호,대구광역시 달서구 성서동로 203 (장동),,,,,정상가동,98,380,60,2025,발전사업용,,,,2025-11-12
상매 태양광발전소,대구광역시 동구 매여로2길 9-1 (상매동),,,,,정상가동,47.88,380,60,2025,발전사업용,,,,2025-11-12
태현 태양광발전소,대구광역시 서구 염색공단천로8길 5 (비산동),,,,,정상가동,40.32,380,60,2025,발전사업용,,,,2025-11-12
검단 1076-1 태양광발전소,대구광역시 북구 검단동로 24-42 (검단동),,,,,정상가동,32.13,380,60,2025,발전사업용,,,,2025-11-12
별이 태양광발전소,대구광역시 북구 태암로5길 3-7 (태전동),,,,,정상가동,19.53,380,60,2025,발전사업용,,,,2025-11-12
청산7 태양광발전소,대구광역시 군위군 효령면 경북대로 2957-38,,,,,정상가동,80.64,380,60,2025,발전사업용,,,,2025-11-12
청산6 태양광발전소,대구광역시 군위군 효령면 경북대로 2957-38,,,,,정상가동,80.64,380,60,2025,발전사업용,,,,2025-11-12
햇살그린협동조합(모햇발전소 1484호 태양광발전소),대구광역시 달성군 옥포읍 원전1길 36,,,,,정상가동,36.54,380,60,2025,발전사업용,,,,2025-11-12
안녕 태양광발전소,대구광역시 달성군 유가읍 달창로 228,,,,,정상가동,43.75,380,60,2025,발전사업용,,,,2025-11-12
세운 태양광발전소,대구광역시 북구 검단로 167 (검단동),,,,,정상가동,99.54,380,60,2025,발전사업용,,,,2025-11-12
PB레이저 태양광발전소,대구광역시 북구 검단로 179 (검단동),,,,,정상가동,99.54,380,60,2025,발전사업용,,,,2025-11-12
와이제이(Y.J)3 태양광발전소,대구광역시 북구 검단공단로 80 (검단동),,,,,정상가동,99.54,380,60,2025,발전사업용,,,,2025-11-12
와이제이(Y.J)2 태양광발전소,대구광역시 북구 검단공단로 80 (검단동),,,,,정상가동,99.54,380,60,2025,발전사업용,,,,2025-11-12
와이제이(Y.J)1 태양광발전소,대구광역시 북구 검단공단로 80 (검단동),,,,,정상가동,99.54,380,60,2025,발전사업용,,,,2025-11-12
공간 태양광발전소,대구광역시 북구 칠곡중앙대로53길 6 (태전동),,,,,정상가동,124.74,380,60,2025,발전사업용,,,,2025-11-12
한신이엔피 태양광발전소,대구광역시 북구 3공단로10길 40 (노원동3가),,,,,정상가동,124.74,380,60,2025,발전사업용,,,,2025-11-12
혜성정공 태양광발전소,대구광역시 북구 검단북로 126 (검단동),,,,,정상가동,162.54,380,60,2025,발전사업용,,,,2025-11-12
금강2 태양광발전소,대구광역시 달서구 성서공단북로2길 6 (파호동),,,,,정상가동,62.23,380,60,2025,발전사업용,,,,2025-11-12
금강1 태양광발전소,대구광역시 달서구 성서공단북로2길 6 (파호동),,,,,정상가동,96.52,380,60,2025,발전사업용,,,,2025-11-12
월암 태양광발전소,대구광역시 달서구 성서서로19길 42 (월암동),,,,,정상가동,37.8,380,60,2025,발전사업용,,,,2025-11-12
주식회사 솔라씨티(솔라씨티2호 태양광발전소),대구광역시 달서구 월곡로100길 8 (월성동),,,,,정상가동,17.5,380,60,2025,발전사업용,,,,2025-11-12
청운1 태양광발전소,대구광역시 달서구 성서공단로55길 25 (장동),,,,,정상가동,99.54,380,60,2025,발전사업용,,,,2025-11-12
대창 발전소 2호,대구광역시 달서구 진천로10길 14 (진천동),,,,,정상가동,28.35,380,60,2025,발전사업용,,,,2025-11-12
해오름 태양광발전소,대구광역시 달서구 호산동로 84-5 (호산동),,,,,정상가동,34,380,60,2025,발전사업용,,,,2025-11-12
라온 태양광발전소,대구광역시 달서구 성서공단로11길 96-23 (호산동),,,,,정상가동,41.58,380,60,2025,발전사업용,,,,2025-11-12
예스알브이D 태양광발전소,대구광역시 동구 팔공로53길 126 (봉무동),,,,,정상가동,99.54,380,60,2025,발전사업용,,,,2025-11-12
백두에프앤에스 태양광발전소,대구광역시 동구 신덕로 124 (신평동),,,,,정상가동,99.54,380,60,2025,발전사업용,,,,2025-11-12
백두에프엠 태양광발전소,대구광역시 동구 신덕로 126-8 (신평동),,,,,정상가동,99.54,380,60,2025,발전사업용,,,,2025-11-12
둔산 태양광발전소,대구광역시 동구 둔산로 145 (부동),,,,,정상가동,57.96,380,60,2025,발전사업용,,,,2025-11-12
동광 태양광발전소,"대구광역시 달서구 성서공단남로23길 8, ,10 (월암동)",,,,,정상가동,371.7,380,60,2025,발전사업용,,,,2025-11-12
신형대천3호 태양광발전소,대구광역시 달서구 달서대로58길 107 (대천동),,,,,정상가동,99.54,380,60,2025,발전사업용,,,,2025-11-12
신형대천2호 태양광발전소,대구광역시 달서구 달서대로58길 107 (대천동),,,,,정상가동,99.54,380,60,2025,발전사업용,,,,2025-11-12
신형대천1호 태양광발전소,대구광역시 달서구 달서대로58길 107 (대천동),,,,,정상가동,99.54,380,60,2025,발전사업용,,,,2025-11-12
이-프로스 태양광발전소,"대구광역시 달서구 성서서로25길 38, 이-프로스 (갈산동)",,,,,정상가동,177.51,380,60,2025,발전사업용,,,,2025-11-12
동동3 태양광발전소,대구광역시 달서구 호산로 31 (파호동),,,,,정상가동,97.65,380,60,2025,발전사업용,,,,2025-11-12
삼영진공2호 태양광발전소,대구광역시 달서구 호산로 31 (파호동),,,,,정상가동,99.54,380,60,2025,발전사업용,,,,2025-11-12
삼영진공1호 태양광발전소,대구광역시 달서구 호산로 31 (파호동),,,,,정상가동,99.54,380,60,2025,발전사업용,,,,2025-11-12
신형월암2호 태양광발전소,"대구광역시 달서구 성서서로 48-5, A동 (월암동)",,,,,정상가동,80.64,380,60,2025,발전사업용,,,,2025-11-12
신형월암1호 태양광발전소,"대구광역시 달서구 성서서로 48-5, A동 (월암동)",,,,,정상가동,50.4,380,60,2025,발전사업용,,,,2025-11-12
삼성피앤씨 태양광발전소,대구광역시 달서구 성서공단남로10길 47 (대천동),,,,,정상가동,689.85,22900,60,2025,발전사업용,,,,2025-11-12
디케이인2호 태양광발전소,대구광역시 서구 국채보상로20길 9-14 (중리동),,,,,정상가동,56.07,380,60,2025,발전사업용,,,,2025-11-12
디케이인1호 태양광발전소,대구광역시 서구 문화로19길 12 (이현동),,,,,정상가동,99.54,380,60,2025,발전사업용,,,,2025-11-12
비엔아이 태양광발전소,대구광역시 서구 국채보상로20길 27 (중리동),,,,,정상가동,50.4,380,60,2025,발전사업용,,,,2025-11-12
신원2 태양광발전소,대구광역시 서구 평리로33길 28 (중리동),,,,,정상가동,99.54,380,60,2025,발전사업용,,,,2025-11-12
지니 태양광발전소,"대구광역시 서구 문화로21길 11, A,B동 (이현동)",,,,,정상가동,99.54,380,60,2025,발전사업용,,,,2025-11-12
상일1호 태양광발전소,대구광역시 서구 평리로35길 63-1 (중리동),,,,,정상가동,117.18,380,60,2025,발전사업용,,,,2025-11-12
블루에너지 태양광발전소,대구광역시 서구 국채보상로20길 33 (중리동),,,,,정상가동,58.59,380,60,2025,발전사업용,,,,2025-11-12
지원 태양광발전소,대구광역시 달성군 논공읍 노이길 353-1,,,,,정상가동,88.2,380,60,2025,발전사업용,,,,2025-11-12
필에너지 태양광발전소 4호,대구광역시 달성군 논공읍 논공중앙로52길 21,,,,,정상가동,99.54,380,60,2025,발전사업용,,,,2025-11-12
필에너지 태양광발전소 3호,대구광역시 달성군 논공읍 논공중앙로52길 21,,,,,정상가동,75.6,380,60,2025,발전사업용,,,,2025-11-12
필에너지 태양광발전소 2호,대구광역시 달성군 논공읍 논공중앙로52길 21,,,,,정상가동,78.12,380,60,2025,발전사업용,,,,2025-11-12
정통3호 태양광발전소,대구광역시 달성군 논공읍 위천2길 6,,,,,정상가동,73.08,380,60,2025,발전사업용,,,,2025-11-12
정통2호 태양광발전소,대구광역시 달성군 논공읍 위천2길 6,,,,,정상가동,99.54,380,60,2025,발전사업용,,,,2025-11-12
정통1호 태양광발전소,대구광역시 달성군 논공읍 위천2길 6,,,,,정상가동,99.54,380,60,2025,발전사업용,,,,2025-11-12
건보 태양광발전소,대구광역시 달성군 논공읍 달성군청로 10,,,,,정상가동,37.8,380,60,2025,발전사업용,,,,2025-11-12
부국 태양광발전소,대구광역시 달성군 현풍읍 비슬로 487,,,,,정상가동,33.75,380,60,2025,발전사업용,,,,2025-11-12
햇님달님1호 태양광발전소,대구광역시 달성군 유가읍 테크노중앙대로1길 60-21,,,,,정상가동,99.54,380,60,2025,발전사업용,,,,2025-11-12
현대켐테크 태양광발전소,대구광역시 달성군 논공읍 비슬로264길 57,,,,,정상가동,88.83,380,60,2025,발전사업용,,,,2025-11-12
홍인 태양광발전소,대구광역시 달성군 하빈면 하산길 214,,,,,정상가동,92.4,380,60,2025,발전사업용,,,,2025-11-12
유성4호 태양광발전소,대구광역시 달성군 하빈면 하산길 68-13,,,,,정상가동,91.35,380,60,2025,발전사업용,,,,2025-11-12
유성3호 태양광발전소,대구광역시 달성군 하빈면 하산길 68-13,,,,,정상가동,92.61,380,60,2025,발전사업용,,,,2025-11-12
유성2호 태양광발전소,대구광역시 달성군 하빈면 하산길 68-13,,,,,정상가동,92.61,380,60,2025,발전사업용,,,,2025-11-12
유성1호 태양광발전소,대구광역시 달성군 하빈면 하산길 68-13,,,,,정상가동,92.61,380,60,2025,발전사업용,,,,2025-11-12
왕선 태양광발전소,대구광역시 달성군 다사읍 왕선로 59-9,,,,,정상가동,19.53,380,60,2025,발전사업용,,,,2025-11-12
유림 태양광발전소,대구광역시 달성군 다사읍 세천로10길 11-11,,,,,정상가동,56.7,380,60,2025,발전사업용,,,,2025-11-12
대광 태양광발전소,대구광역시 북구 3공단로 93 (노원동3가),,,,,정상가동,53.34,380,60,2025,발전사업용,,,,2025-11-12
영광ENC 태양광발전소,대구광역시 북구 노원로26길 20 (노원동3가),,,,,정상가동,72.97,380,60,2025,발전사업용,,,,2025-11-12
성신 태양광발전소,대구광역시 북구 오봉로 67 (노원동3가),,,,,정상가동,99.37,380,60,2025,발전사업용,,,,2025-11-12
금성산업 태양광발전소,대구광역시 북구 검단로31길 36-8 (검단동),,,,,정상가동,99.37,380,60,2025,발전사업용,,,,2025-11-12
대신 태양광발전소,대구광역시 동구 율하서로2길 7 (율하동),,,,,정상가동,59.85,380,60,2025,발전사업용,,,,2025-11-12
상환 태양광발전소,대구광역시 동구 팔공로91길 34 (지묘동),,,,,정상가동,19.37,380,60,2025,발전사업용,,,,2025-11-12
정애 2호 태양광발전소,대구광역시 동구 매여로1길 37 (상매동),,,,,정상가동,44.1,380,60,2025,발전사업용,,,,2025-11-12
정애 1호 태양광발전소,대구광역시 동구 매여로1길 37 (상매동),,,,,정상가동,99.54,380,60,2025,발전사업용,,,,2025-11-12
서철환 태양광발전소 2호,대구광역시 달서구 성서서로33길 16 (갈산동),,,,,정상가동,55.34,380,60,2025,발전사업용,,,,2025-11-12
미승 태양광발전소,대구광역시 달서구 성서공단북로 391 (장동),,,,,정상가동,80,380,60,2025,발전사업용,,,,2025-11-12
타이밍 태양광발전소,"대구광역시 달서구 성서공단북로 155, 6호 (호산동)",,,,,정상가동,146.79,380,60,2025,발전사업용,,,,2025-11-12
동기총포 태양광발전소,대구광역시 북구 검단공단로 82-16 (검단동),,,,,정상가동,99.7,380,60,2025,발전사업용,,,,2025-11-12
모던하우스 태양광발전소,대구광역시 북구 산격로10길 42-1 (산격동),,,,,정상가동,18.9,380,60,2025,발전사업용,,,,2025-11-12
이에이치 태양광발전소,대구광역시 북구 검단로 167 (검단동),,,,,정상가동,99.54,380,60,2024,발전사업용,,,,2025-11-12
바른 태양광발전소,대구광역시 북구 팔달로35길 91 (노원동3가),,,,,정상가동,49.8,380,60,2025,발전사업용,,,,2025-11-12
일신 태양광발전소,대구광역시 북구 팔달로7길 67 (노원동3가),,,,,정상가동,95.86,380,60,2025,발전사업용,,,,2025-11-12
오케이2호 태양광발전소,대구광역시 북구 연경지묘로 7 (연경동),,,,,정상가동,80.64,380,60,2025,발전사업용,,,,2025-11-12
비케이에너지 태양광발전소,대구광역시 군위군 우보면 이화길 59,,,,,정상가동,95,380,60,2025,발전사업용,,,,2025-11-12
주식회사 명전사 태양광발전소,대구광역시 군위군 효령면 용매로 1011-23,,,,,정상가동,60.48,380,60,2025,발전사업용,,,,2025-11-12
아침햇살 태양광발전소,대구광역시 달성군 논공읍 논공로5길 5,,,,,정상가동,19.97,380,60,2024,발전사업용,,,,2025-11-12
용호1호 태양광발전소,대구광역시 달성군 다사읍 세천북로18길 50,,,,,정상가동,29.61,380,60,2025,발전사업용,,,,2025-11-12
렉스코 3 태양광발전소,대구광역시 달성군 구지면 국가산단서로71길 138-17,,,,,정상가동,499.59,380,60,2025,발전사업용,,,,2025-11-12
렉스코 2 태양광발전소,대구광역시 달성군 구지면 국가산단서로71길 138-23,,,,,정상가동,499.59,380,60,2025,발전사업용,,,,2025-11-12
제일 태양광발전소,대구광역시 달성군 구지면 국가산단서로71길 78,,,,,정상가동,481.32,380,60,2025,발전사업용,,,,2025-11-12
진일공업태양광 3호,대구광역시 달서구 성서공단북로5길 23 (파호동),,,,,정상가동,49.14,380,60,2025,발전사업용,,,,2025-11-12
진일공업태양광 2호,대구광역시 달서구 성서공단북로5길 23 (파호동),,,,,정상가동,90.09,380,60,2025,발전사업용,,,,2025-11-12
진일공업태양광 1호,대구광역시 달서구 성서공단북로5길 23 (파호동),,,,,정상가동,81.9,380,60,2025,발전사업용,,,,2025-11-12
리코 3호 태양광발전소,대구광역시 달서구 성서로5길 107 (월암동),,,,,정상가동,99.54,380,60,2025,발전사업용,,,,2025-11-12
리코 2호 태양광발전소,대구광역시 달서구 성서로5길 107 (월암동),,,,,정상가동,35.28,380,60,2025,발전사업용,,,,2025-11-12
리코 1호 태양광발전소,대구광역시 달서구 성서로5길 107 (월암동),,,,,정상가동,99.54,380,60,2025,발전사업용,,,,2025-11-12
케이와이지 태양광발전소,대구광역시 달서구 성서공단남로10길 30 (대천동),,,,,정상가동,151.2,380,60,2025,발전사업용,,,,2025-11-12
세기발전2 태양광발전소,대구광역시 달서구 성서공단북로18길 33 (호산동),,,,,정상가동,61.74,380,60,2025,발전사업용,,,,2025-11-12
세기발전1 태양광발전소,대구광역시 달서구 성서공단북로18길 33 (호산동),,,,,정상가동,99.54,380,60,2025,발전사업용,,,,2025-11-12
아크 태양광발전소,대구광역시 달서구 월암로 89 (대천동),,,,,정상가동,50,380,60,2025,발전사업용,,,,2025-11-12
맥스에너지4호 태양광발전소,대구광역시 달서구 호산동로7길 6 (호림동),,,,,정상가동,150.06,380,60,2025,발전사업용,,,,2025-11-12
민트사이언스 태양광발전소,대구광역시 달서구 성서4차첨단로 384 (대천동),,,,,정상가동,428.12,380,60,2025,발전사업용,,,,2025-11-12
영광테크3호 태양광발전소,대구광역시 달서구 성서로36길 3 (월암동),,,,,정상가동,98.75,380,60,2025,발전사업용,,,,2025-11-12
영광테크2호 태양광발전소,대구광역시 달서구 성서로36길 3 (월암동),,,,,정상가동,99.38,380,60,2025,발전사업용,,,,2025-11-12
영광테크1호 태양광발전소,대구광역시 달서구 성서로36길 3 (월암동),,,,,정상가동,99.38,380,60,2025,발전사업용,,,,2025-11-12
유한 태양광발전소,대구광역시 달서구 성서4차첨단로 108-7 (대천동),,,,,정상가동,46.25,380,60,2024,발전사업용,,,,2025-11-12
모햇발전소1111호 태양광발전소,대구광역시 동구 경안로102길 13 (동호동),,,,,정상가동,40.6,380,60,2024,발전사업용,,,,2025-11-12
형제알루미늄 태양광발전소,대구광역시 서구 와룡로72길 14 (중리동),,,,,정상가동,135.45,380,60,2025,발전사업용,,,,2025-11-12
일출 태양광발전소,대구광역시 서구 국채보상로5길 15 (이현동),,,,,정상가동,99.54,380,60,2025,발전사업용,,,,2025-11-12
정우 태양광발전소,"대구광역시 서구 국채보상로6길 34, A동 (중리동)",,,,,정상가동,99.54,380,60,2025,발전사업용,,,,2025-11-12
성재섬유 태양광발전소,대구광역시 서구 와룡로66안길 30 (중리동),,,,,정상가동,99.54,380,60,2025,발전사업용,,,,2025-11-12
광승 태양광발전소,대구광역시 서구 와룡로72길 39 (중리동),,,,,정상가동,55.44,380,60,2025,발전사업용,,,,2025-11-12
광일 태양광발전소,대구광역시 서구 와룡로72길 39 (중리동),,,,,정상가동,98.28,380,60,2025,발전사업용,,,,2025-11-12
문수2 태양광발전소,대구광역시 달성군 논공읍 논공로 198,,,,,정상가동,80.01,380,60,2025,발전사업용,,,,2025-11-12
문수1 태양광발전소,대구광역시 달성군 논공읍 논공로 198,,,,,정상가동,115.57,380,60,2025,발전사업용,,,,2025-11-12
폴라리스(POLARIS) 태양광발전소,"대구광역시 달성군 구지면 달성2차로 33, (주)초록웰푸드",,,,,정상가동,151.2,380,60,2025,발전사업용,,,,2025-11-12
현우1 태양광발전소,대구광역시 달성군 현풍읍 테크노상업로2길 7-6,,,,,정상가동,91.44,380,60,2025,발전사업용,,,,2025-11-12
피엑스 그린에너지 태양광발전소,대구광역시 달성군 유가읍 테크노순환로3길 45,,,,,정상가동,836.64,22900,60,2025,발전사업용,,,,2025-11-12
달광2호 태양광발전소,,대구광역시 달성군 구지면 평촌리 334번지,,,,정상가동,91.35,380,60,2025,발전사업용,,,,2025-11-12
달광1호 태양광발전소,,대구광역시 달성군 구지면 평촌리 334번지,,,,정상가동,91.35,380,60,2025,발전사업용,,,,2025-11-12
해길 태양광발전소,대구광역시 달성군 화원읍 비슬로502길 7,,,,,정상가동,68.04,380,60,2025,발전사업용,,,,2025-11-12
대창정밀 제2 태양광발전소,대구광역시 달성군 구지면 국가산단대로49길 85,,,,,정상가동,264.6,380,60,2025,발전사업용,,,,2025-11-12
대창정밀 제1 태양광발전소,대구광역시 달성군 구지면 국가산단대로49길 85,,,,,정상가동,331.85,380,60,2025,발전사업용,,,,2025-11-12
태광 태양광발전소,대구광역시 달성군 구지면 유산길 26-2,,,,,정상가동,11.97,380,60,2025,발전사업용,,,,2025-11-12
용호2호 태양광발전소,대구광역시 달성군 논공읍 비슬로 1423-20,,,,,정상가동,91.35,380,60,2025,발전사업용,,,,2025-11-12
엔케이 에너지 태양광발전소,대구광역시 달성군 옥포읍 옥포로111길 17,,,,,정상가동,99,380,60,2025,발전사업용,,,,2025-11-12
주식회사 와이어블(와이어블 솔라1호 태양광발전소),대구광역시 달성군 논공읍 논공로87길 66,,,,,정상가동,234.91,380,60,2025,발전사업용,,,,2025-11-12
은광산업 3호 태양광발전소,대구광역시 북구 3공단로 204-6 (노원동3가),,,,,정상가동,78.75,380,60,2024,발전사업용,,,,2025-11-12
은광산업 2호 태양광발전소,대구광역시 북구 3공단로 204-5 (노원동3가),,,,,정상가동,69.3,380,60,2024,발전사업용,,,,2025-11-12
은광산업 1호 태양광발전소,대구광역시 북구 3공단로 204-4 (노원동3가),,,,,정상가동,63,380,60,2024,발전사업용,,,,2025-11-12
(주)한미메리노 태양광발전소,대구광역시 북구 복현로20길 40-31 (복현동),,,,,정상가동,83.07,380,60,2025,발전사업용,,,,2025-11-12
m&h컴퍼니 1 태양광발전소,대구광역시 동구 신평로16길 12-1 (신평동),,,,,정상가동,39.06,380,60,2025,발전사업용,,,,2025-11-12
에이치에스비 태양광발전소,대구광역시 동구 신평로32길 10-1 (용계동),,,,,정상가동,66.15,380,60,2024,발전사업용,,,,2025-11-12
통 태양광발전소,대구광역시 동구 둔산로45길 18 (방촌동),,,,,정상가동,63,380,60,2025,발전사업용,,,,2025-11-12
(주)한미메리노,대구광역시 동구 둔산로45길 16-1 (방촌동),,,,,정상가동,98,380,60,2025,발전사업용,,,,2025-11-12
대영 태양광발전소,대구광역시 서구 와룡로72길 37-10 (중리동),,,,,정상가동,55.44,380,60,2025,발전사업용,,,,2025-11-12
경북기계 태양광발전소,대구광역시 서구 국채보상로5길 27 (이현동),,,,,정상가동,57.96,380,60,2024,발전사업용,,,,2025-11-12
재성 2호 태양광발전소,대구광역시 서구 와룡로69길 42 (중리동),,,,,정상가동,98.91,380,60,2025,발전사업용,,,,2025-11-12
재성 1호 태양광발전소,대구광역시 서구 와룡로69길 42 (중리동),,,,,정상가동,120.33,380,60,2025,발전사업용,,,,2025-11-12
국제 태양광발전소,대구광역시 서구 염색공단천로 26 (비산동),,,,,정상가동,50,380,60,2025,발전사업용,,,,2025-11-12
태백5호 태양광발전소,대구광역시 서구 와룡로65길 22 (중리동),,,,,정상가동,91.35,380,60,2025,발전사업용,,,,2025-11-12
태백4호 태양광발전소,대구광역시 서구 와룡로65길 22 (중리동),,,,,정상가동,91.35,380,60,2025,발전사업용,,,,2025-11-12
태백3호 태양광발전소,대구광역시 서구 와룡로65길 22 (중리동),,,,,정상가동,91.98,380,60,2025,발전사업용,,,,2025-11-12
태백2호 태양광발전소,대구광역시 서구 와룡로65길 22 (중리동),,,,,정상가동,49.77,380,60,2025,발전사업용,,,,2025-11-12
태백1호 태양광발전소,"대구광역시 서구 와룡로65길 24, ,28 (중리동)",,,,,정상가동,98.28,380,60,2025,발전사업용,,,,2025-11-12
동성디에스 태양광발전소,"대구광역시 서구 와룡로65길 20, 동성디에스 (중리동)",,,,,정상가동,144.9,380,60,2025,발전사업용,,,,2025-11-12
한일N 태양광발전소,대구광역시 북구 오봉로 92 (침산동),,,,,정상가동,97.65,380,60,2025,발전사업용,,,,2025-11-12
대성연마 태양광발전소,대구광역시 북구 3공단로33길 41 (노원동3가),,,,,정상가동,27.5,380,60,2025,발전사업용,,,,2025-11-12
신웅 태양광발전소,대구광역시 북구 팔달북로 66 (노원동3가),,,,,정상가동,59.85,380,60,2024,발전사업용,,,,2025-11-12
부송2 태양광발전소,대구광역시 북구 침산로67길 3 (침산동),,,,,정상가동,99.54,380,60,2025,발전사업용,,,,2025-11-12
부송1 태양광발전소,"대구광역시 북구 침산로67길 50-4, 주2동,주3동 (침산동)",,,,,정상가동,139.86,380,60,2025,발전사업용,,,,2025-11-12
디알에이치2호 태양광발전소,대구광역시 북구 노원로21길 19-1 (노원동3가),,,,,정상가동,52.92,380,60,2025,발전사업용,,,,2025-11-12
디알에이치1호 태양광발전소,대구광역시 북구 노원로21길 18 (노원동3가),,,,,정상가동,65.52,380,60,2025,발전사업용,,,,2025-11-12
이팔오 태양광발전소,대구광역시 서구 달서천로 285 (비산동),,,,,정상가동,10.71,380,60,2025,발전사업용,,,,2025-11-12
이지스 태양광발전소,대구광역시 서구 국채보상로 42 (중리동),,,,,정상가동,141.12,380,60,2025,발전사업용,,,,2025-11-12
덕산테크 태양광발전소,대구광역시 서구 국채보상로5길 17 (이현동),,,,,정상가동,55.44,380,60,2025,발전사업용,,,,2025-11-12
화성2호 태양광발전소,대구광역시 달서구 성서공단로51길 35 (장동),,,,,정상가동,69.3,380,60,2025,발전사업용,,,,2025-11-12
화성1호 태양광발전소,대구광역시 달서구 성서공단로51길 35 (장동),,,,,정상가동,95.76,380,60,2025,발전사업용,,,,2025-11-12
남아 태양광발전소,대구광역시 달서구 달구벌대로250길 16 (이곡동),,,,,정상가동,497.7,380,60,2025,발전사업용,,,,2025-11-12
백마준비 제2 태양광발전소,대구광역시 달서구 달서대로58안길 20 (대천동),,,,,정상가동,88.2,380,60,2024,발전사업용,,,,2025-11-12
디앤에이치개발 태양광발전소,대구광역시 동구 반야월로 311-13 (신서동),,,,,정상가동,19.8,380,60,2025,발전사업용,,,,2025-11-12
청정원 태양광발전소,대구광역시 동구 도평로 127-4 (도동),,,,,정상가동,41.58,380,60,2024,발전사업용,,,,2025-11-12
다물 태양광발전소,대구광역시 동구 반야월로1길 40 (용계동),,,,,정상가동,47.88,380,60,2024,발전사업용,,,,2025-11-12
모햇발전소 1110호 태양광발전소,대구광역시 동구 옻골로20길 44 (둔산동),,,,,정상가동,22.62,380,60,2025,발전사업용,,,,2025-11-12
장원리빙텔 솔라 태양광발전소,대구광역시 중구 국채보상로 570-14 (전동),,,,,정상가동,25,380,60,2024,발전사업용,,,,2025-11-12
부명 태양광발전소,대구광역시 달성군 다사읍 세천로10길 10,,,,,정상가동,370.44,380,60,2025,발전사업용,,,,2025-11-12
성명2 태양광발전소,대구광역시 달성군 하빈면 달구벌대로8길 197,,,,,정상가동,99.38,380,60,2024,발전사업용,,,,2025-11-12
성명1 태양광발전소,대구광역시 달성군 하빈면 달구벌대로8길 197,,,,,정상가동,99.38,380,60,2024,발전사업용,,,,2025-11-12
가나2호 태양광발전소,대구광역시 달성군 하빈면 하빈로94길 21,,,,,정상가동,61.74,380,60,2025,발전사업용,,,,2025-11-12
가나1호 태양광발전소,대구광역시 달성군 하빈면 하빈로94길 23,,,,,정상가동,68.04,380,60,2025,발전사업용,,,,2025-11-12
루프원에너지6호 태양광발전소,대구광역시 달성군 논공읍 비슬로262길 75-17,,,,,정상가동,125,380,60,2025,발전사업용,,,,2025-11-12
파인식품 태양광발전소,대구광역시 달성군 논공읍 노이길 173,,,,,정상가동,99.37,380,60,2025,발전사업용,,,,2025-11-12
수강4호 태양광발전소,대구광역시 달성군 구지면 국가산단대로50길 113,,,,,정상가동,65.52,380,60,2025,발전사업용,,,,2025-11-12
수강3호 태양광발전소,대구광역시 달성군 구지면 국가산단대로50길 113,,,,,정상가동,99.54,380,60,2025,발전사업용,,,,2025-11-12
수강2호 태양광발전소,대구광역시 달성군 구지면 국가산단대로50길 113,,,,,정상가동,99.54,380,60,2025,발전사업용,,,,2025-11-12
수강1호 태양광발전소,대구광역시 달성군 구지면 국가산단대로50길 113,,,,,정상가동,99.54,380,60,2025,발전사업용,,,,2025-11-12
공175 태양광발전소,대구광역시 달성군 구지면 국가산단북로11길 62,,,,,정상가동,19.82,380,60,2025,발전사업용,,,,2025-11-12
앱시스 태양광발전소,대구광역시 북구 검단로 178 (검단동),,,,,정상가동,90.72,380,60,2024,발전사업용,,,,2025-11-12
이터널 선샤인 태양광발전소,대구광역시 북구 검단로 178 (검단동),,,,,정상가동,90.72,380,60,2024,발전사업용,,,,2025-11-12
킴스 태양광발전소,대구광역시 북구 검단공단로 65-6 (산격동),,,,,정상가동,99.54,380,60,2025,발전사업용,,,,2025-11-12
국제솔라 2 태양광발전소,대구광역시 달성군 현풍읍 테크노대로2길 39,,,,,정상가동,190.32,380,60,2025,발전사업용,,,,2025-11-12
명성볼트 태양광발전소,대구광역시 달서구 성서서로36안길 6 (갈산동),,,,,정상가동,97.44,380,60,2025,발전사업용,,,,2025-11-12
명진기공 태양광발전소,대구광역시 달서구 호산로2길 61 (호산동),,,,,정상가동,169.47,380,60,2025,발전사업용,,,,2025-11-12
혜자2 태양광발전소,대구광역시 달서구 성지로14안길 46 (용산동),,,,,정상가동,25.2,380,60,2025,발전사업용,,,,2025-11-12
혜자1 태양광발전소,대구광역시 달서구 선원로 46 (신당동),,,,,정상가동,20.79,380,60,2025,발전사업용,,,,2025-11-12
대구시민햇빛발전소 18호 태양광발전소,"대구광역시 달서구 야외음악당로 38, 성당동행정복지센터 (성당동)",,,,,정상가동,35.91,380,60,2024,발전사업용,,,,2025-11-12
엠제이 태양광발전소,대구광역시 북구 유통단지로7길 110 (산격동),,,,,정상가동,99.54,380,60,2024,발전사업용,,,,2025-11-12
에스와이 태양광발전소,대구광역시 북구 유통단지로7길 110 (산격동),,,,,정상가동,99.54,380,60,2024,발전사업용,,,,2025-11-12
혜성정공2 태양광발전소,대구광역시 북구 검단로27길 40-9 (검단동),,,,,정상가동,72.45,380,60,2025,발전사업용,,,,2025-11-12
황소농기계6호 태양광발전소,대구광역시 달성군 현풍읍 테크노대로2길 25,,,,,정상가동,48.51,380,60,2024,발전사업용,,,,2025-11-12
영풍5 태양광발전소,대구광역시 달성군 현풍읍 테크노대로2길 7-30,,,,,정상가동,49.6,380,60,2025,발전사업용,,,,2025-11-12
영풍4 태양광발전소,대구광역시 달성군 현풍읍 테크노대로2길 7-30,,,,,정상가동,99.2,380,60,2025,발전사업용,,,,2025-11-12
영풍3 태양광발전소,대구광역시 달성군 현풍읍 테크노대로2길 7-30,,,,,정상가동,99.2,380,60,2025,발전사업용,,,,2025-11-12
영풍2 태양광발전소,대구광역시 달성군 현풍읍 테크노대로2길 7-30,,,,,정상가동,99.2,380,60,2025,발전사업용,,,,2025-11-12
큰솔빌 태양광발전소,대구광역시 동구 팔공로29길 10-8 (불로동),,,,,정상가동,45.36,380,60,2024,발전사업용,,,,2025-11-12
삼성 태양광발전소,대구광역시 군위군 효령면 용매로 1011-12,,,,,정상가동,82.5,380,60,2024,발전사업용,,,,2025-11-12
명성발전소1호 태양광발전소,대구광역시 군위군 효령면 경북대로 2159,,,,,정상가동,30,380,60,2025,발전사업용,,,,2025-11-12
아이에스산업 태양광발전소,대구광역시 서구 통학로 203 (평리동),,,,,정상가동,29.76,380,60,2025,발전사업용,,,,2025-11-12
태광 태양광발전소,대구광역시 서구 국채보상로5길 25-1 (이현동),,,,,정상가동,55.44,380,60,2024,발전사업용,,,,2025-11-12
다원디앤아이 태양광발전소,대구광역시 서구 장산로 336 (이현동),,,,,정상가동,149.31,380,60,2025,발전사업용,,,,2025-11-12
태성2호 태양광발전소,대구광역시 달서구 성서로71길 6 (이곡동),,,,,정상가동,98.91,380,60,2024,발전사업용,,,,2025-11-12
태성1호 태양광발전소,대구광역시 달서구 성서로71길 6 (이곡동),,,,,정상가동,99.54,380,60,2024,발전사업용,,,,2025-11-12
태일2호 태양광발전소,대구광역시 달서구 성서로71길 6 (이곡동),,,,,정상가동,98.91,380,60,2024,발전사업용,,,,2025-11-12
태일1호 태양광발전소,대구광역시 달서구 성서로71길 6 (이곡동),,,,,정상가동,99.54,380,60,2024,발전사업용,,,,2025-11-12
린 태양광발전소,대구광역시 달서구 성서서로 71 (월암동),,,,,정상가동,353.43,380,60,2024,발전사업용,,,,2025-11-12
TY3 태양광발전소,대구광역시 동구 안심로55길 15 (동호동),,,,,정상가동,19.53,380,60,2025,발전사업용,,,,2025-11-12
TY2 태양광발전소,대구광역시 동구 안심로55길 15 (동호동),,,,,정상가동,99.54,380,60,2025,발전사업용,,,,2025-11-12
TY1 태양광발전소,대구광역시 동구 안심로55길 15 (동호동),,,,,정상가동,99.54,380,60,2025,발전사업용,,,,2025-11-12
한백건설2호 태양광발전소,대구광역시 동구 신평로32길 8-1 (용계동),,,,,정상가동,98.28,380,60,2024,발전사업용,,,,2025-11-12
수수재7 태양광발전소,"대구광역시 동구 부동길 57-1, (301-7,304-5 (부동)",,,,,정상가동,56.7,380,60,2024,발전사업용,,,,2025-11-12
수수재6 태양광발전소,"대구광역시 동구 부동길 57-2, (304-4,301-15) (부동)",,,,,정상가동,56.7,380,60,2024,발전사업용,,,,2025-11-12
수수재5 태양광발전소,대구광역시 동구 부동길 55-2 (부동),,,,,정상가동,53.55,380,60,2024,발전사업용,,,,2025-11-12
수수재4 태양광발전소,"대구광역시 동구 부동길 55-1, (301-1,301-16,304-2) (부동)",,,,,정상가동,56.7,380,60,2024,발전사업용,,,,2025-11-12
민정솔라 태양광발전소,대구광역시 동구 대경로2길 2 (숙천동),,,,,정상가동,27.72,380,60,2025,발전사업용,,,,2025-11-12
율빛교회 태양광발전소,대구광역시 동구 율하동로10길 26 (율하동),,,,,정상가동,51.25,380,60,2025,발전사업용,,,,2025-11-12
한솔2호 태양광발전소,대구광역시 동구 둔산로29길 17 (방촌동),,,,,정상가동,71.82,380,60,2024,발전사업용,,,,2025-11-12
한솔1호 태양광발전소,대구광역시 동구 둔산로29길 17 (방촌동),,,,,정상가동,69.3,380,60,2024,발전사업용,,,,2025-11-12
현우 태양광발전소,대구광역시 동구 반야월북로 60 (율암동),,,,,정상가동,73.78,380,60,2024,발전사업용,,,,2025-11-12
에너피아1 태양광발전소,대구광역시 달성군 구지면 국가산단서로71길 20-35,,,,,정상가동,30.63,380,60,2025,발전사업용,,,,2025-11-12
에너피아 태양광발전소,대구광역시 달성군 구지면 국가산단서로71길 20-35,,,,,정상가동,99.38,380,60,2025,발전사업용,,,,2025-11-12
진우수지 태양광발전소,대구광역시 달성군 논공읍 비슬로262길 91-11,,,,,정상가동,80,380,60,2025,발전사업용,,,,2025-11-12
정현하이텍 태양광발전소,대구광역시 달성군 옥포읍 옥계길 60-8,,,,,정상가동,32.24,380,60,2024,발전사업용,,,,2025-11-12
진 태양광바전소,"대구광역시 달성군 옥포읍 원전길 38-18, 38-20",,,,,정상가동,81.68,380,60,2024,발전사업용,,,,2025-11-12
(주)엔에스에너지6(래딕스 태양광발전소),대구광역시 달성군 구지면 국가산단서로71길 97,,,,,정상가동,420.84,380,60,2024,발전사업용,,,,2025-11-12
이화4 태양광발전소,대구광역시 달서구 달서대로64안길 15 (대천동),,,,,정상가동,98.28,380,60,2025,발전사업용,,,,2025-11-12
이화3 태양광발전소,대구광역시 달서구 달서대로64안길 15 (대천동),,,,,정상가동,98.28,380,60,2025,발전사업용,,,,2025-11-12
이화2 태양광발전소,대구광역시 달서구 성서공단로22길 10 (월암동),,,,,정상가동,98.28,380,60,2025,발전사업용,,,,2025-11-12
이화1 태양광발전소,대구광역시 달서구 성서공단로22길 10 (월암동),,,,,정상가동,98.28,380,60,2025,발전사업용,,,,2025-11-12
SD4 태양광발전소,대구광역시 달서구 문화회관11안길 12-3 (장동),,,,,정상가동,45,380,60,2025,발전사업용,,,,2025-11-12
SD3 태양광발전소,대구광역시 달서구 문화회관11안길 8 (장동),,,,,정상가동,99.56,380,60,2025,발전사업용,,,,2025-11-12
SD2 태양광발전소,대구광역시 달서구 문화회관11안길 8 (장동),,,,,정상가동,99.56,380,60,2025,발전사업용,,,,2025-11-12
SD1 태양광발전소,대구광역시 달서구 문화회관11안길 8 (장동),,,,,정상가동,94.98,380,60,2025,발전사업용,,,,2025-11-12
에스엠2 태양광발전소,대구광역시 달서구 성서공단로51길 55 (장동),,,,,정상가동,60,380,60,2025,발전사업용,,,,2025-11-12
에스엠1 태양광발전소,대구광역시 달서구 성서공단로51길 55 (장동),,,,,정상가동,99.38,380,60,2025,발전사업용,,,,2025-11-12
이림 태양광발전소,대구광역시 북구 유통단지로21길 13-13 (산격동),,,,,정상가동,99.2,380,60,2025,발전사업용,,,,2025-11-12
노블공업사 태양광발전소,대구광역시 북구 노원로1길 157-7 (노원동3가),,,,,정상가동,99.38,380,60,2025,발전사업용,,,,2025-11-12
김종현 태양광발전소,대구광역시 북구 침산로 234 (침산동),,,,,정상가동,63,380,60,2024,발전사업용,,,,2025-11-12
손승찬 태양광발전소,대구광역시 북구 노원로26길 14 (노원동3가),,,,,정상가동,82.28,380,60,2024,발전사업용,,,,2025-11-12
성도3차 태양광발전소,,대구광역시 북구 연경동 525-3 525-6,,,,정상가동,99.38,380,60,2024,발전사업용,,,,2025-11-12
성도2차 태양광발전소,,대구광역시 북구 연경동 525-3 525-6,,,,정상가동,99.38,380,60,2024,발전사업용,,,,2025-11-12
성도1차 태양광발전소,,대구광역시 북구 연경동 525-3 525-6,,,,정상가동,99.38,380,60,2024,발전사업용,,,,2025-11-12
성미 태양광발전소,대구광역시 북구 문주길 14-10 (금호동),,,,,정상가동,62,380,60,2024,발전사업용,,,,2025-11-12
디에이 태양광발전소,대구광역시 북구 3공단로 241 (노원동3가),,,,,정상가동,99.66,380,60,2024,발전사업용,,,,2025-11-12
이헌 태양광발전소,대구광역시 북구 도남길 262 (도남동),,,,,정상가동,27.5,380,60,2024,발전사업용,,,,2025-11-12
윤효섭2호 태양광발전소,대구광역시 북구 팔달북로18길 11 (노원동3가),,,,,정상가동,56.7,380,60,2024,발전사업용,,,,2025-11-12
윤효섭1호 태양광발전소,대구광역시 북구 노원로21길 19 (노원동3가),,,,,정상가동,52.92,380,60,2024,발전사업용,,,,2025-11-12
영풍1 태양광발전소,대구광역시 북구 오봉로 75 (노원동3가),,,,,정상가동,95.48,380,60,2024,발전사업용,,,,2025-11-12
신한1 태양광발전소,대구광역시 북구 노원동로7길 18 (노원동3가),,,,,정상가동,99.82,380,60,2024,발전사업용,,,,2025-11-12
동일 제1 태양광발전소,대구광역시 동구 반야월북로2길 6 (율암동),,,,,정상가동,99.7,380,60,2024,발전사업용,,,,2025-11-12
한국진공(주)(KOVA 태양광발전소),"대구광역시 달성군 구지면 달성2차동3로 80, 한국진공주식회사",,,,,정상가동,661.5,22900,60,2024,발전사업용,,,,2025-11-12
성준 태양광발전소,,대구광역시 달성군 구지면 고봉리 169-3,,,,정상가동,34.38,380,60,2025,발전사업용,,,,2025-11-12
햇살그린발전소 969호 태양광발전소,대구광역시 달성군 화원읍 구라2길 23-6,,,,,정상가동,70.18,380,60,2025,발전사업용,,,,2025-11-12
희망 태양광발전소,대구광역시 달성군 구지면 구지동로10길 10-4,,,,,정상가동,18.6,380,60,2025,발전사업용,,,,2025-11-12
삼진2호 태양광발전소,대구광역시 달성군 논공읍 비슬로262길 75-9,,,,,정상가동,99.4,380,60,2024,발전사업용,,,,2025-11-12
삼진1호 태양광발전소,대구광역시 달성군 논공읍 비슬로262길 75-9,,,,,정상가동,99.4,380,60,2024,발전사업용,,,,2025-11-12
삼신3 태양광발전소,대구광역시 달성군 논공읍 비슬로262길 65-12,,,,,정상가동,91.35,380,60,2025,발전사업용,,,,2025-11-12
삼신2 태양광발전소,대구광역시 달성군 논공읍 비슬로262길 65-12,,,,,정상가동,91.35,380,60,2025,발전사업용,,,,2025-11-12
삼신1 태양광발전소,대구광역시 달성군 논공읍 비슬로262길 65-12,,,,,정상가동,15.75,380,60,2025,발전사업용,,,,2025-11-12
우주 태양광발전소,대구광역시 달성군 논공읍 노이2길 48-1,,,,,정상가동,60.14,380,60,2025,발전사업용,,,,2025-11-12
이노 태양광발전소,대구광역시 달성군 논공읍 논공로87길 87,,,,,정상가동,99.38,380,60,2024,발전사업용,,,,2025-11-12
현준1호 태양광발전소,대구광역시 달성군 옥포읍 농공공단1길 83,,,,,정상가동,98.28,380,60,2024,발전사업용,,,,2025-11-12
혜진 태양광발전소,대구광역시 달성군 옥포읍 반송1길 68,,,,,정상가동,58.08,380,60,2024,발전사업용,,,,2025-11-12
구영에너지 태양광발전소,대구광역시 달성군 구지면 국가산단대로39길 235,,,,,정상가동,1924.65,22900,60,2025,발전사업용,,,,2025-11-12
JS 4호 태양광발전소,대구광역시 달서구 성서로5길 101 (월암동),,,,,정상가동,31.5,380,60,2024,발전사업용,,,,2025-11-12
JS 3호 태양광발전소,대구광역시 달서구 성서로5길 101 (월암동),,,,,정상가동,94.5,380,60,2024,발전사업용,,,,2025-11-12
JS 2호 태양광발전소,대구광역시 달서구 성서로5길 101 (월암동),,,,,정상가동,94.5,380,60,2024,발전사업용,,,,2025-11-12
JS 1호 태양광발전소,대구광역시 달서구 성서로5길 101 (월암동),,,,,정상가동,94.5,380,60,2024,발전사업용,,,,2025-11-12
일영3호 태양광발전소,대구광역시 달서구 달서대로94길 36 (갈산동),,,,,정상가동,89.53,380,60,2025,발전사업용,,,,2025-11-12
일영2호 태양광발전소,대구광역시 달서구 달서대로94길 36 (갈산동),,,,,정상가동,99.38,380,60,2025,발전사업용,,,,2025-11-12
일영1호 태양광발전소,대구광역시 달서구 달서대로94길 36 (갈산동),,,,,정상가동,99.38,380,60,2025,발전사업용,,,,2025-11-12
알이백아이피피1호 유한회사(햇살그린발전소 945호),대구광역시 달서구 성서서로 141 (갈산동),,,,,정상가동,83.52,380,60,2024,발전사업용,,,,2025-11-12
대성솔라 5호 태양광발전소,대구광역시 달서구 성서공단남로6길 14 (대천동),,,,,정상가동,85.68,380,60,2025,발전사업용,,,,2025-11-12
대성솔라4호 태양광발전소,대구광역시 달서구 성서공단남로6길 14 (대천동),,,,,정상가동,94.99,380,60,2025,발전사업용,,,,2025-11-12
대성솔라3호 태양광발전소,대구광역시 달서구 성서공단남로6길 14 (대천동),,,,,정상가동,94.99,380,60,2025,발전사업용,,,,2025-11-12
대성솔라 2호 태양광발전소,대구광역시 달서구 성서공단남로6길 14 (대천동),,,,,정상가동,94.99,380,60,2025,발전사업용,,,,2025-11-12
대성솔라 1호 태양광발전소,대구광역시 달서구 성서공단남로6길 14 (대천동),,,,,정상가동,94.99,380,60,2025,발전사업용,,,,2025-11-12
유원5호 태양광발전소,대구광역시 달서구 성서서로 136 (갈산동),,,,,정상가동,99.83,380,60,2024,발전사업용,,,,2025-11-12
유원4호 태양광발전소,대구광역시 달서구 성서서로 136 (갈산동),,,,,정상가동,99.83,380,60,2024,발전사업용,,,,2025-11-12
유원3호 태양광발전소,대구광역시 달서구 성서서로 136 (갈산동),,,,,정상가동,99.83,380,60,2024,발전사업용,,,,2025-11-12
유원2호 태양광발전소,대구광역시 달서구 성서서로 136 (갈산동),,,,,정상가동,99.83,380,60,2024,발전사업용,,,,2025-11-12
유원1호 태양광발전소,대구광역시 달서구 성서서로 136 (갈산동),,,,,정상가동,99.83,380,60,2024,발전사업용,,,,2025-11-12
(주)기흥에프에이(기흥에프에이),대구광역시 동구 팔공로53길 161 (봉무동),,,,,정상가동,207.27,380,60,2025,발전사업용,,,,2025-11-12
연화 태양광발전소,대구광역시 군위군 우보면 선동길 161-8,,,,,정상가동,41.58,380,60,2024,발전사업용,,,,2025-11-12
좌정골1호 태양광발전소,,대구광역시 군위군 군위읍 대흥리 401-2,,,,정상가동,99.22,380,60,2024,발전사업용,,,,2025-11-12
리벨에너지 태양광발전소,대구광역시 서구 문화로 50 (이현동),,,,,정상가동,160,380,60,2024,발전사업용,,,,2025-11-12
성원1 태양광발전소,대구광역시 달서구 성서공단북로5길 20 (파호동),,,,,정상가동,282.87,380,60,2025,발전사업용,,,,2025-11-12
창우 태양광발전소,대구광역시 달서구 성서동로 127 (월암동),,,,,정상가동,198.12,380,60,2024,발전사업용,,,,2025-11-12
경민 태양광발전소,대구광역시 달서구 성서동로 127 (월암동),,,,,정상가동,194.31,380,60,2024,발전사업용,,,,2025-11-12
(주)성남컨설팅 태양광발전소,대구광역시 달서구 대명천로 93 (성당동),,,,,정상가동,79.98,380,60,2024,발전사업용,,,,2025-11-12
햇살그린발전소642호 태양광발전소,대구광역시 달서구 성서로9길 89 (월암동),,,,,정상가동,56.33,380,60,2025,발전사업용,,,,2025-11-12
햇살그린발전소641호 태양광발전소,대구광역시 달서구 성서로9길 89 (월암동),,,,,정상가동,99.56,380,60,2025,발전사업용,,,,2025-11-12
다이아몬드스틸3호 태양광발전소,대구광역시 달서구 성서서로 66 (월암동),,,,,정상가동,45.63,380,60,2024,발전사업용,,,,2025-11-12
다이아몬드스틸2호 태양광발전소,대구광역시 달서구 성서서로 66 (월암동),,,,,정상가동,99.38,380,60,2024,발전사업용,,,,2025-11-12
다이아몬드스틸1호 태양광발전소,대구광역시 달서구 성서서로 66 (월암동),,,,,정상가동,99.38,380,60,2024,발전사업용,,,,2025-11-12
리젠 태양광발전소,대구광역시 달서구 대명천로 93 (성당동),,,,,정상가동,29.04,380,60,2024,발전사업용,,,,2025-11-12
주식회사 지엠씨,대구광역시 달서구 성서공단남로40길 12 (월암동),,,,,정상가동,255,380,60,2025,발전사업용,,,,2025-11-12
대보2 태양광발전소,대구광역시 달서구 성서공단북로 309 (갈산동),,,,,정상가동,99.63,380,60,2025,발전사업용,,,,2025-11-12
대보1 태양광발전소,대구광역시 달서구 성서공단북로 309 (갈산동),,,,,정상가동,99.63,380,60,2025,발전사업용,,,,2025-11-12
일진3 태양광발전소,대구광역시 달서구 성서공단로 194-10 (월암동),,,,,정상가동,99.38,380,60,2024,발전사업용,,,,2025-11-12
일진2 태양광발전소,대구광역시 달서구 성서공단로 194-10 (월암동),,,,,정상가동,99.38,380,60,2024,발전사업용,,,,2025-11-12
일진1 태양광발전소,대구광역시 달서구 성서공단로 194-10 (월암동),,,,,정상가동,99.38,380,60,2024,발전사업용,,,,2025-11-12
신안에너지 3발전소,대구광역시 달서구 달서대로109길 10 (신당동),,,,,정상가동,36.88,380,60,2025,발전사업용,,,,2025-11-12
창신정보통신 태양광발전소,대구광역시 달서구 성서로36길 67 (월암동),,,,,정상가동,49.6,380,60,2024,발전사업용,,,,2025-11-12
경일테크 태양광발전소,대구광역시 달서구 성서공단북로65길 8 (갈산동),,,,,정상가동,85.68,380,60,2024,발전사업용,,,,2025-11-12
썬코플랜트 태양광발전소,대구광역시 달서구 성서공단북로65길 8 (갈산동),,,,,정상가동,85.68,380,60,2024,발전사업용,,,,2025-11-12
DSP 태양광발전소,대구광역시 달서구 성서공단북로65길 8 (갈산동),,,,,정상가동,85.68,380,60,2024,발전사업용,,,,2025-11-12
신대일 태양광2발전소,대구광역시 달서구 성서공단로51길 28 (장동),,,,,정상가동,297.36,380,60,2024,발전사업용,,,,2025-11-12
영광기계 태양광발전소,대구광역시 서구 북비산로 32 (이현동),,,,,정상가동,40.32,380,60,2024,발전사업용,,,,2025-11-12
시골 태양광발전소,대구광역시 서구 와룡로70길 40 (중리동),,,,,정상가동,99.96,380,60,2024,발전사업용,,,,2025-11-12
세이브참솔식품 태양광발전소,대구광역시 서구 평리로17길 64-1 (중리동),,,,,정상가동,93.17,380,60,2024,발전사업용,,,,2025-11-12
세이브 F&S 태양광발전소,대구광역시 북구 동암로7길 51-3 (읍내동),,,,,정상가동,146.41,380,60,2024,발전사업용,,,,2025-11-12
리라푸드 태양광발전소,대구광역시 북구 동암로7길 51-7 (읍내동),,,,,정상가동,85.31,380,60,2024,발전사업용,,,,2025-11-12
삼다수 태양광발전소,대구광역시 달성군 논공읍 비슬로361길 49-44,,,,,정상가동,44.02,380,60,2024,발전사업용,,,,2025-11-12
삼오섬유4 태양광발전소,대구광역시 달성군 현풍읍 현풍서로 80,,,,,정상가동,98.28,380,60,2025,발전사업용,,,,2025-11-12
삼오섬유3 태양광발전소,대구광역시 달성군 현풍읍 현풍서로 80,,,,,정상가동,83.79,380,60,2025,발전사업용,,,,2025-11-12
삼오섬유2 태양광발전소,대구광역시 달성군 현풍읍 현풍서로 78,,,,,정상가동,98.28,380,60,2025,발전사업용,,,,2025-11-12
삼오섬유1 태양광발전소,대구광역시 달성군 현풍읍 현풍서로 80,,,,,정상가동,87.57,380,60,2025,발전사업용,,,,2025-11-12
알이백아이피피1호 유한회사(햇살그린발전소 884호),대구광역시 달성군 하빈면 묘동3길 122-57,,,,,정상가동,69.6,380,60,2024,발전사업용,,,,2025-11-12
대경섬유2 태양광발전소,대구광역시 달성군 논공읍 논공로91길 31,,,,,정상가동,59.38,380,60,2024,발전사업용,,,,2025-11-12
대경섬유1 태양광발전소,대구광역시 달성군 논공읍 논공로91길 31,,,,,정상가동,99.38,380,60,2024,발전사업용,,,,2025-11-12
소이8호 태양광발전소,대구광역시 달성군 유가읍 테크노순환로5길 9,,,,,정상가동,55.06,380,60,2024,발전사업용,,,,2025-11-12
소이7호 태양광발전소,대구광역시 달성군 유가읍 테크노순환로5길 9,,,,,정상가동,99.83,380,60,2024,발전사업용,,,,2025-11-12
소이6호 태양광발전소,대구광역시 달성군 유가읍 테크노순환로5길 9,,,,,정상가동,99.83,380,60,2024,발전사업용,,,,2025-11-12
소이5호 태양광발전소,대구광역시 달성군 유가읍 테크노순환로5길 9,,,,,정상가동,99.83,380,60,2024,발전사업용,,,,2025-11-12
소이4호 태양광발전소,대구광역시 달성군 유가읍 테크노순환로5길 9,,,,,정상가동,99.83,380,60,2024,발전사업용,,,,2025-11-12
디에스테크원 태양광발전소,대구광역시 달성군 유가읍 테크노중앙대로4길 38,,,,,정상가동,999.99,22900,60,2025,발전사업용,,,,2025-11-12
해광,대구광역시 달성군 다사읍 문양역2길 9,,,,,정상가동,19.8,380,60,2024,발전사업용,,,,2025-11-12
미래테크2호 태양광발전소,"대구광역시 달성군 다사읍 세천북로18길 22-7, 천일공조",,,,,정상가동,48.4,380,60,2024,발전사업용,,,,2025-11-12
미래테크1호 태양광발전소,"대구광역시 달성군 다사읍 세천북로18길 22-7, 천일공조",,,,,정상가동,96.8,380,60,2024,발전사업용,,,,2025-11-12
달성 태양광발전소,대구광역시 달성군 논공읍 비슬로 1600,,,,,정상가동,99.82,380,60,2024,발전사업용,,,,2025-11-12
유원 태양광발전소,대구광역시 달성군 논공읍 비슬로 1415-4,,,,,정상가동,285.6,380,60,2025,발전사업용,,,,2025-11-12
나라엠앤디 태양광발전소,대구광역시 달성군 구지면 국가산단대로39길 245,,,,,정상가동,1400.4,22900,60,2024,발전사업용,,,,2025-11-12
은혜 태양광발전소,대구광역시 달성군 옥포읍 신당길 78,,,,,정상가동,90,380,60,2024,발전사업용,,,,2025-11-12
만담 태양광발전소,대구광역시 달성군 옥포읍 옥계길 34-11,,,,,정상가동,74.4,380,60,2024,발전사업용,,,,2025-11-12
민남매 태양광발전소,대구광역시 달성군 유가읍 테크노중앙대로1길 34-17,,,,,정상가동,29.14,380,60,2025,발전사업용,,,,2025-11-12
비지티 태양광발전소,대구광역시 북구 팔달북로11길 14 (노원동3가),,,,,정상가동,99.54,380,60,2024,발전사업용,,,,2025-11-12
와이엘 태양광발전소,대구광역시 북구 매천로 147 (매천동),,,,,정상가동,62,380,60,2025,발전사업용,,,,2025-11-12
기준정밀 태양광발전소,대구광역시 북구 침산로48길 6-1 (침산동),,,,,정상가동,38.72,380,60,2024,발전사업용,,,,2025-11-12
에이치비케이204 태양광발전소,대구광역시 북구 노원로 204 (침산동),,,,,정상가동,78.05,380,60,2024,발전사업용,,,,2025-11-12
에이치비케이108 태양광발전소,대구광역시 북구 3공단로 108 (노원동3가),,,,,정상가동,110.72,380,60,2024,발전사업용,,,,2025-11-12
대영 태양광발전소,대구광역시 서구 팔달로 72-8 (비산동),,,,,정상가동,56.27,380,60,2024,발전사업용,,,,2025-11-12
남승민 태양광발전소,대구광역시 동구 효동로 33-4 (효목동),,,,,정상가동,17.98,380,60,2024,발전사업용,,,,2025-11-12
금강 태양광발전소,대구광역시 동구 신덕로 116-7 (신평동),,,,,정상가동,60.5,380,60,2024,발전사업용,,,,2025-11-12
예스알브이C 태양광발전소,대구광역시 동구 팔공로53길 126 (봉무동),,,,,정상가동,91.76,380,60,2025,발전사업용,,,,2025-11-12
예스알브이B 태양광발전소,대구광역시 동구 팔공로53길 126 (봉무동),,,,,정상가동,91.76,380,60,2025,발전사업용,,,,2025-11-12
예스알브이A 태양광발전소,대구광역시 동구 팔공로53길 126 (봉무동),,,,,정상가동,91.76,380,60,2025,발전사업용,,,,2025-11-12
서철환 태양광발전소 1호,대구광역시 달서구 성서서로33길 16 (갈산동),,,,,정상가동,83.9,380,60,2025,발전사업용,,,,2025-11-12
대일1호 태양광발전소,대구광역시 달서구 달서대로95길 128 (파호동),,,,,정상가동,174.24,380,60,2024,발전사업용,,,,2025-11-12
지성 태양광발전소,대구광역시 군위군 효령면 용매로 1155-6,,,,,정상가동,99.54,380,60,2024,발전사업용,,,,2025-11-12
지안 태양광발전소,대구광역시 군위군 효령면 용매로 1155-6,,,,,정상가동,99.54,380,60,2024,발전사업용,,,,2025-11-12
삼우2호 태양광발전소,대구광역시 북구 노원로17길 32 (노원동3가),,,,,정상가동,99.36,380,60,2024,발전사업용,,,,2025-11-12
한성디앤에스,대구광역시 북구 검단북로 102 (검단동),,,,,정상가동,161.25,380,60,2024,발전사업용,,,,2025-11-12
에스와이 태양광발전소,대구광역시 북구 노원로42길 17 (침산동),,,,,정상가동,99.66,380,60,2024,발전사업용,,,,2025-11-12
태솔라,대구광역시 북구 사수로70길 32 (금호동),,,,,정상가동,141.36,380,60,2025,발전사업용,,,,2025-11-12
동원하이텍 태양광발전소,대구광역시 북구 검단공단로 92-21 (검단동),,,,,정상가동,104.55,380,60,2024,발전사업용,,,,2025-11-12
협성 태양광발전소,대구광역시 북구 검단공단로 90 (검단동),,,,,정상가동,210.54,380,60,2024,발전사업용,,,,2025-11-12
동진2호 태양광발전소,대구광역시 달성군 하빈면 묘동1길 46,,,,,정상가동,48.51,380,60,2024,발전사업용,,,,2025-11-12
대림2호 태양광발전소,대구광역시 달성군 하빈면 하산길 22,,,,,정상가동,98.58,380,60,2024,발전사업용,,,,2025-11-12
대림1호 태양광발전소,대구광역시 달성군 하빈면 하산길 22,,,,,정상가동,97.96,380,60,2024,발전사업용,,,,2025-11-12
알이백아이피피1호 유한회사(햇살그린발전소 814호),대구광역시 달성군 구지면 국가산단대로33길 115,,,,,정상가동,379.32,380,60,2024,발전사업용,,,,2025-11-12
알이백아이피피1호 유한회사(햇살그린발전소 813호),대구광역시 달성군 구지면 국가산단대로33길 115,,,,,정상가동,499.96,380,60,2024,발전사업용,,,,2025-11-12
알이백아이피피1호 유한회사(햇살그린발전소 812호),대구광역시 달성군 구지면 국가산단대로33길 115,,,,,정상가동,499.96,380,60,2024,발전사업용,,,,2025-11-12
비슬 태양광발전소,대구광역시 달성군 화원읍 구라2길 10-3,,,,,정상가동,83.75,380,60,2024,발전사업용,,,,2025-11-12
에어마스타 발전소,대구광역시 달성군 화원읍 설화안길 18,,,,,정상가동,19.68,380,60,2024,발전사업용,,,,2025-11-12
선우2호 태양광발전소,대구광역시 달성군 구지면 창리로 115,,,,,정상가동,58.75,380,60,2025,발전사업용,,,,2025-11-12
선우1호 태양광발전소,대구광역시 달성군 구지면 창리로 115,,,,,정상가동,99.38,380,60,2025,발전사업용,,,,2025-11-12
본말 태양광발전소,대구광역시 달성군 유가읍 달창로 378,,,,,정상가동,87.2,380,60,2024,발전사업용,,,,2025-11-12
동아ENG,대구광역시 달성군 다사읍 세천북로18길 13,,,,,정상가동,60,380,60,2024,발전사업용,,,,2025-11-12
영순발전소,대구광역시 달성군 유가읍 테크노중앙대로1길 60-7,,,,,정상가동,99.2,380,60,2025,발전사업용,,,,2025-11-12
에스씨에너지,"대구광역시 달성군 구지면 달성2차1로 56, 비티아이공장",,,,,정상가동,179.69,380,60,2024,발전사업용,,,,2025-11-12
화산리비엠아이A동 태양광발전소,대구광역시 달성군 구지면 국가산단대로33길 227,,,,,정상가동,499.73,380,60,2025,발전사업용,,,,2025-11-12
시티에너지,대구광역시 달성군 구지면 평촌길 34,,,,,정상가동,99.82,380,60,2024,발전사업용,,,,2025-11-12
대림에너지,대구광역시 달성군 구지면 평촌길 34,,,,,정상가동,99.82,380,60,2024,발전사업용,,,,2025-11-12
정화테크6호 태양광발전소,대구광역시 달서구 성서공단로54길 43 (월암동),,,,,정상가동,99.83,380,60,2024,발전사업용,,,,2025-11-12
정화테크5호 태양광발전소,대구광역시 달서구 성서공단로54길 43 (월암동),,,,,정상가동,99.22,380,60,2024,발전사업용,,,,2025-11-12
정화테크4호 태양광발전소,대구광역시 달서구 성서공단로54길 43 (월암동),,,,,정상가동,99.83,380,60,2024,발전사업용,,,,2025-11-12
정화테크3호 태양광발전소,대구광역시 달서구 성서공단로54길 43 (월암동),,,,,정상가동,99.22,380,60,2024,발전사업용,,,,2025-11-12
정화테크2호 태양광발전소,대구광역시 달서구 성서공단로54길 43 (월암동),,,,,정상가동,99.22,380,60,2024,발전사업용,,,,2025-11-12
정화테크1호 태양광발전소,대구광역시 달서구 성서공단로54길 43 (월암동),,,,,정상가동,98.01,380,60,2024,발전사업용,,,,2025-11-12
알이백아이피피1호 유한회사(햇살그린발전소 780호),대구광역시 달서구 성서동로45길 24 (장동),,,,,정상가동,48.14,380,60,2024,발전사업용,,,,2025-11-12
알이백아이피피1호 유한회사(햇살그린발전소 757호),대구광역시 달서구 성서동로45길 24 (장동),,,,,정상가동,99.76,380,60,2024,발전사업용,,,,2025-11-12
대성테크2호 태양광발전소,대구광역시 달서구 성서공단로35길 26 (갈산동),,,,,정상가동,127.66,380,60,2024,발전사업용,,,,2025-11-12
대성테크1호 태양광발전소,대구광역시 달서구 성서공단로35길 26 (갈산동),,,,,정상가동,99.83,380,60,2024,발전사업용,,,,2025-11-12
햇살그린발전소 711호,대구광역시 달성군 논공읍 논공로15길 27,,,,,정상가동,19.97,380,60,2024,발전사업용,,,,2025-11-12
햇살그린발전소 710호,대구광역시 달성군 논공읍 논공중앙로32길 14-10,,,,,정상가동,19.97,380,60,2024,발전사업용,,,,2025-11-12
햇살그린발전소 705호,대구광역시 달성군 논공읍 논공중앙로30길 27,,,,,정상가동,19.36,380,60,2024,발전사업용,,,,2025-11-12
햇살그린발전소 704호,대구광역시 달성군 옥포읍 신당길 57,,,,,정상가동,19.36,380,60,2024,발전사업용,,,,2025-11-12
햇살그린발전소 699호,대구광역시 달성군 구지면 과학마을로4길 34,,,,,정상가동,19.36,380,60,2024,발전사업용,,,,2025-11-12
우성 태양광발전소,대구광역시 달성군 하빈면 하산길 205,,,,,정상가동,69.62,380,60,2024,발전사업용,,,,2025-11-12
SD 태양광발전소,대구광역시 달성군 하빈면 하산길 64,,,,,정상가동,75.57,380,60,2024,발전사업용,,,,2025-11-12
에프엘 태양광발전소,대구광역시 달성군 다사읍 세천남로 54,,,,,정상가동,30,380,60,2024,발전사업용,,,,2025-11-12
이곡2 태양광발전소,대구광역시 북구 이곡길 19-21 (서변동),,,,,정상가동,99.82,380,60,2025,발전사업용,,,,2025-11-12
이곡1 태양광발전소,대구광역시 북구 이곡길 19-21 (서변동),,,,,정상가동,99.82,380,60,2025,발전사업용,,,,2025-11-12
병산 태양광발전소,대구광역시 북구 3공단로33길 21 (노원동3가),,,,,정상가동,71.39,380,60,2024,발전사업용,,,,2025-11-12
원화정밀5 태양광발전소,대구광역시 달성군 구지면 국가산단대로49길 156,,,,,정상가동,98.4,380,60,2024,발전사업용,,,,2025-11-12
평안1-8 태양광발전소,대구광역시 달서구 성서로 71 (대천동),,,,,정상가동,54.6,380,60,2024,발전사업용,,,,2025-11-12
평안1-7 태양광발전소,대구광역시 달서구 성서로 71 (대천동),,,,,정상가동,99,380,60,2024,발전사업용,,,,2025-11-12
평안1-6 태양광발전소,대구광역시 달서구 성서로 71 (대천동),,,,,정상가동,98.4,380,60,2024,발전사업용,,,,2025-11-12
평안1-5 태양광발전소,대구광역시 달서구 성서로 71 (대천동),,,,,정상가동,98.4,380,60,2024,발전사업용,,,,2025-11-12
평안1-4 태양광발전소,대구광역시 달서구 성서로 71 (대천동),,,,,정상가동,97.8,380,60,2024,발전사업용,,,,2025-11-12
평안1-3 태양광발전소,대구광역시 달서구 성서로 71 (대천동),,,,,정상가동,99,380,60,2024,발전사업용,,,,2025-11-12
평안1-2 태양광발전소,대구광역시 달서구 성서로 71 (대천동),,,,,정상가동,98.4,380,60,2024,발전사업용,,,,2025-11-12
평안1-1 태양광발전소,대구광역시 달서구 성서로 71 (대천동),,,,,정상가동,99,380,60,2024,발전사업용,,,,2025-11-12
주식회사 리너지(CTRE 88호 태양광발전소),대구광역시 달서구 성서공단로11길 13 (호림동),,,,,정상가동,81.88,380,60,2024,발전사업용,,,,2025-11-12
휴먼플러스(주)(휴먼플러스 태양광발전소),대구광역시 달서구 성서공단남로23길 21 (월암동),,,,,정상가동,131.89,380,60,2025,발전사업용,,,,2025-11-12
유신1 태양광발전소,대구광역시 북구 노원로1길 55-5 (노원동3가),,,,,정상가동,82.46,380,60,2025,발전사업용,,,,2025-11-12
성담2호 태양광발전소,대구광역시 북구 구암로 85 (읍내동),,,,,정상가동,17.63,380,60,2024,발전사업용,,,,2025-11-12
서진개발 태양광발전소,대구광역시 군위군 의흥면 파전신덕길 15,,,,,정상가동,41.82,380,60,2025,발전사업용,,,,2025-11-12
고산원빌 태양광발전소,대구광역시 남구 용두2길 5 (봉덕동),,,,,정상가동,19.68,380,60,2024,발전사업용,,,,2025-11-12
상형발전소,대구광역시 달성군 현풍읍 테크노대로 11,,,,,정상가동,89.4,380,60,2024,발전사업용,,,,2025-11-12
유진2호 태양광발전소,대구광역시 달성군 구지면 창한로 533,,,,,정상가동,59.52,380,60,2024,발전사업용,,,,2025-11-12
유진1호 태양광발전소,대구광역시 달성군 구지면 창한로 533,,,,,정상가동,99.82,380,60,2024,발전사업용,,,,2025-11-12
미래 태양광발전소,대구광역시 달성군 구지면 달성2차3로 43,,,,,정상가동,146.37,380,60,2024,발전사업용,,,,2025-11-12
경모 태양광발전소,"대구광역시 달성군 옥포읍 반송길 124, 신흥섬유",,,,,정상가동,78.75,380,60,2024,발전사업용,,,,2025-11-12
성서127B 태양광발전소,대구광역시 달서구 성서공단남로 127 (월암동),,,,,정상가동,405,380,60,2024,발전사업용,,,,2025-11-12
성서127A 태양광발전소,대구광역시 달서구 성서공단남로 127 (월암동),,,,,정상가동,564.6,22900,60,2024,발전사업용,,,,2025-11-12
빛나솔라텍2,대구광역시 달서구 성서공단로21길 49 (갈산동),,,,,정상가동,311.86,380,60,2024,발전사업용,,,,2025-11-12
써니본점2호 태양광발전소,대구광역시 서구 국채보상로 46 (중리동),,,,,정상가동,63.53,380,60,2024,발전사업용,,,,2025-11-12
써니본점1호 태양광발전소,대구광역시 서구 국채보상로 44 (중리동),,,,,정상가동,93.17,380,60,2024,발전사업용,,,,2025-11-12
중리1104다 태양광발전소,대구광역시 서구 와룡로72길 48 (중리동),,,,,정상가동,99.18,380,60,2025,발전사업용,,,,2025-11-12
중리1104가B 태양광발전소,대구광역시 서구 와룡로72길 48 (중리동),,,,,정상가동,448.8,380,60,2025,발전사업용,,,,2025-11-12
중리1104가A 태양광발전소,대구광역시 서구 와룡로72길 48 (중리동),,,,,정상가동,435.6,380,60,2025,발전사업용,,,,2025-11-12
유신2 태양광발전소,대구광역시 서구 서대구로63길 19-1 (비산동),,,,,정상가동,228.78,380,60,2024,발전사업용,,,,2025-11-12
경운 태양광발전소,대구광역시 서구 서대구로 57-19 (내당동),,,,,정상가동,19.84,380,60,2024,발전사업용,,,,2025-11-12
리안 발전소,대구광역시 달성군 가창면 가창동로4길 84-6,,,,,정상가동,17.85,380,60,2024,발전사업용,,,,2025-11-12
비젼솔루션2 태양광발전소,대구광역시 서구 와룡로66안길 24 (중리동),,,,,정상가동,99.82,380,60,2024,발전사업용,,,,2025-11-12
비젼솔루션1 태양광발전소,대구광역시 서구 와룡로66안길 22 (중리동),,,,,정상가동,99.82,380,60,2024,발전사업용,,,,2025-11-12
광동 태양광발전소,대구광역시 서구 국채보상로20길 31 (중리동),,,,,정상가동,55.96,380,60,2024,발전사업용,,,,2025-11-12
고운 태양광발전소,대구광역시 동구 팔공로 357 (봉무동),,,,,정상가동,19.22,380,60,2024,발전사업용,,,,2025-11-12
이케이 태양광,대구광역시 달서구 용산로 192 (용산동),,,,,정상가동,19.84,380,60,2024,발전사업용,,,,2025-11-12
신우 태양광발전소,대구광역시 달서구 달서대로58안길 17 (대천동),,,,,정상가동,169.26,380,60,2024,발전사업용,,,,2025-11-12
수암 태양광발전소,대구광역시 달서구 문화회관11길 21 (장동),,,,,정상가동,299.51,380,60,2025,발전사업용,,,,2025-11-12
코텍크 2 태양광발전소,대구광역시 달서구 성서공단로35길 22 (갈산동),,,,,정상가동,99.83,380,60,2024,발전사업용,,,,2025-11-12
코텍크 1 태양광발전소,대구광역시 달서구 성서공단로35길 22 (갈산동),,,,,정상가동,99.83,380,60,2024,발전사업용,,,,2025-11-12
우진산업개발1발전소,대구광역시 달성군 하빈면 하빈남로 396,,,,,정상가동,99.38,380,60,2025,발전사업용,,,,2025-11-12
대중 태양광발전소,대구광역시 달성군 다사읍 세천로7길 17-1,,,,,정상가동,49.2,380,60,2024,발전사업용,,,,2025-11-12
엠케이스틸 발전소 4호,"대구광역시 달성군 다사읍 세천로7길 43, (주)엠케이스틸",,,,,정상가동,80.4,380,60,2025,발전사업용,,,,2025-11-12
엠케이스틸 발전소 3호,"대구광역시 달성군 다사읍 세천로7길 43, (주)엠케이스틸",,,,,정상가동,99.6,380,60,2025,발전사업용,,,,2025-11-12
엠케이스틸 발전소 2호,"대구광역시 달성군 다사읍 세천로7길 43, (주)엠케이스틸",,,,,정상가동,99.6,380,60,2025,발전사업용,,,,2025-11-12
엠케이스틸 발전소 1호,"대구광역시 달성군 다사읍 세천로7길 43, (주)엠케이스틸",,,,,정상가동,99.6,380,60,2025,발전사업용,,,,2025-11-12
비케이테크,대구광역시 달성군 다사읍 세천로7길 17-10,,,,,정상가동,130.68,380,60,2024,발전사업용,,,,2025-11-12
비케이테크2호 태양광발전소,대구광역시 달성군 다사읍 세천로7길 17-10,,,,,정상가동,76.56,380,60,2024,발전사업용,,,,2025-11-12
비케이테크1호 태양광발전소,대구광역시 달성군 다사읍 세천로7길 17-10,,,,,정상가동,83.16,380,60,2024,발전사업용,,,,2025-11-12
삼일산업,대구광역시 달성군 논공읍 안씩실길 48-6,,,,,정상가동,150,380,60,2024,발전사업용,,,,2025-11-12
유성2호 태양광발전소,대구광역시 달성군 구지면 국가산단대로46길 120,,,,,정상가동,99.82,380,60,2024,발전사업용,,,,2025-11-12
유성1호 태양광발전소,대구광역시 달성군 구지면 국가산단대로46길 120,,,,,정상가동,99.82,380,60,2024,발전사업용,,,,2025-11-12
이에스 태양광발전소,대구광역시 달성군 논공읍 논공중앙로45길 16,,,,,정상가동,757.64,22900,60,2024,발전사업용,,,,2025-11-12
동성발전소2,"대구광역시 중구 국채보상로143길 67-31, 동인그린빌 (동인동3가)",,,,,정상가동,19.68,380,60,2024,발전사업용,,,,2025-11-12
동성발전소1,대구광역시 중구 국채보상로143길 67-29 (동인동3가),,,,,정상가동,19.68,380,60,2024,발전사업용,,,,2025-11-12
소이3호 태양광발전소,대구광역시 달성군 유가읍 테크노순환로5길 9,,,,,정상가동,99.63,380,60,2024,발전사업용,,,,2025-11-12
소이2호 태양광발전소,대구광역시 달성군 유가읍 테크노순환로5길 9,,,,,정상가동,99.63,380,60,2024,발전사업용,,,,2025-11-12
소이1호 태양광발전소,대구광역시 달성군 유가읍 테크노순환로5길 9,,,,,정상가동,99.63,380,60,2024,발전사업용,,,,2025-11-12
남호 제2 태양광발전소,대구광역시 북구 검단로31길 66-5 (검단동),,,,,정상가동,57.72,380,60,2024,발전사업용,,,,2025-11-12
임순발전소,대구광역시 북구 대현로서15길 41 (대현동),,,,,정상가동,17.84,380,60,2024,발전사업용,,,,2025-11-12
용호빌태양광,대구광역시 북구 서변로9길 13-7 (서변동),,,,,정상가동,20,380,60,2024,발전사업용,,,,2025-11-12
진우2호 태양광발전소,대구광역시 북구 검단공단로21길 50-37 (산격동),,,,,정상가동,45,380,60,2024,발전사업용,,,,2025-11-12
알파제이에너지,,대구광역시 달성군 다사읍 세천리 183-7,,,,정상가동,35.09,380,60,2024,발전사업용,,,,2025-11-12
동명 태양광발전소,대구광역시 달성군 하빈면 하빈남로 598,,,,,정상가동,99.63,380,60,2024,발전사업용,,,,2025-11-12
KS 태양광발전소,대구광역시 달성군 다사읍 세천로1길 79,,,,,정상가동,338.19,380,60,2024,발전사업용,,,,2025-11-12
스카이 태양광발전소,대구광역시 달성군 옥포읍 비슬로447길 45-19,,,,,정상가동,42.35,380,60,2024,발전사업용,,,,2025-11-12
SK METAL3 태양광발전소,대구광역시 달성군 구지면 국가산단대로46길 10,,,,,정상가동,87.12,380,60,2024,발전사업용,,,,2025-11-12
SK METAL2 태양광발전소,대구광역시 달성군 구지면 국가산단대로46길 10,,,,,정상가동,87.12,380,60,2024,발전사업용,,,,2025-11-12
SK METAL1 태양광발전소,대구광역시 달성군 구지면 국가산단대로46길 10,,,,,정상가동,87.12,380,60,2024,발전사업용,,,,2025-11-12
영신4호 태양광발전소,대구광역시 달성군 논공읍 논공로91길 74-14,,,,,정상가동,66.88,380,60,2024,발전사업용,,,,2025-11-12
영신3호 태양광발전소,대구광역시 달성군 논공읍 논공로91길 74-14,,,,,정상가동,71.88,380,60,2024,발전사업용,,,,2025-11-12
영신2호 태양광발전소,대구광역시 달성군 논공읍 논공로91길 74-14,,,,,정상가동,87.5,380,60,2024,발전사업용,,,,2025-11-12
영신1호 태양광발전소,대구광역시 달성군 논공읍 논공로91길 74-14,,,,,정상가동,96.88,380,60,2024,발전사업용,,,,2025-11-12
세진이엔지 태양광발전소,대구광역시 달성군 논공읍 비슬로 1393-34,,,,,정상가동,56.64,380,60,2024,발전사업용,,,,2025-11-12
(주)스틸앤스틸러스,대구광역시 달서구 호산로 19 (파호동),,,,,정상가동,146.97,380,60,2024,발전사업용,,,,2025-11-12
리온에너지,대구광역시 달서구 월곡로100길 16 (월성동),,,,,정상가동,81.27,380,60,2024,발전사업용,,,,2025-11-12
효성 태양광발전소,대구광역시 북구 3공단로 256 (노원동3가),,,,,정상가동,67.8,380,60,2024,발전사업용,,,,2025-11-12
태일 태양광발전소,대구광역시 북구 노원로40길 8-11 (침산동),,,,,정상가동,30.14,380,60,2024,발전사업용,,,,2025-11-12
일우발전소,대구광역시 동구 팔공산로9길 6-1 (덕곡동),,,,,정상가동,19.2,380,60,2024,발전사업용,,,,2025-11-12
하영발전소,대구광역시 동구 팔공로 529-10 (지묘동),,,,,정상가동,38.4,380,60,2024,발전사업용,,,,2025-11-12
에이치에스비,대구광역시 동구 신평로32길 10 (용계동),,,,,정상가동,62.48,380,60,2024,발전사업용,,,,2025-11-12
덕오솔라,대구광역시 북구 경진로 76-6 (복현동),,,,,정상가동,34.8,380,60,2024,발전사업용,,,,2025-11-12
더함 태양광발전소,대구광역시 수성구 청수로40길 75 (지산동),,,,,정상가동,18.75,380,60,2024,발전사업용,,,,2025-11-12
이화친환경 태양광발전소,대구광역시 군위군 우보면 동부로 1429,,,,,정상가동,71.39,380,60,2024,발전사업용,,,,2025-11-12
산월1호 태양광발전소,대구광역시 군위군 소보면 서금로 292,,,,,정상가동,99.38,380,60,2024,발전사업용,,,,2025-11-12
최성희 태양광발전소,대구광역시 달서구 성서공단남로22길 10 (월암동),,,,,정상가동,127.29,380,60,2024,발전사업용,,,,2025-11-12
혜성2 태양광발전소,대구광역시 달서구 성서로5길 38-5 (대천동),,,,,정상가동,49.8,380,60,2024,발전사업용,,,,2025-11-12
혜성1 태양광발전소,대구광역시 달서구 성서로5길 38-5 (대천동),,,,,정상가동,99.6,380,60,2024,발전사업용,,,,2025-11-12
코코에너지 태양광발전소,대구광역시 서구 염색공단천로 32 (비산동),,,,,정상가동,131.6,380,60,2024,발전사업용,,,,2025-11-12
달서 태양광발전소,대구광역시 서구 와룡로66길 30 (중리동),,,,,정상가동,73.19,380,60,2025,발전사업용,,,,2025-11-12
은마에너지,대구광역시 서구 국채보상로 15 (이현동),,,,,정상가동,60,380,60,2024,발전사업용,,,,2025-11-12
동진분체2 태양광발전소,대구광역시 서구 국채보상로5길 21-1 (이현동),,,,,정상가동,54,380,60,2024,발전사업용,,,,2025-11-12
동진분체1 태양광발전소,대구광역시 서구 문화로 22-9 (이현동),,,,,정상가동,105.6,380,60,2024,발전사업용,,,,2025-11-12
대웅섬유 태양광발전소,대구광역시 서구 국채보상로20길 14 (중리동),,,,,정상가동,383.18,380,60,2024,발전사업용,,,,2025-11-12
유천 태양광발전소,대구광역시 서구 염색공단천로 32 (비산동),,,,,정상가동,84.1,380,60,2024,발전사업용,,,,2025-11-12
반도 태양광발전소,대구광역시 북구 노원로 237 (침산동),,,,,정상가동,51.43,380,60,2024,발전사업용,,,,2025-11-12
동화 태양광발전소,대구광역시 북구 도덕길 132 (연경동),,,,,정상가동,91.02,380,60,2024,발전사업용,,,,2025-11-12
ISU 태양광발전소,대구광역시 북구 노원로1길 179 (노원동3가),,,,,정상가동,97.5,380,60,2024,발전사업용,,,,2025-11-12
동성판금2 태양광발전소,대구광역시 북구 3공단로33길 43 (노원동3가),,,,,정상가동,25.2,380,60,2024,발전사업용,,,,2025-11-12
동성판금1 태양광발전소,대구광역시 북구 3공단로33길 45 (노원동3가),,,,,정상가동,63,380,60,2024,발전사업용,,,,2025-11-12
봉촌목장 태양광발전소,대구광역시 달성군 하빈면 달구벌대로28길 145,,,,,정상가동,99.83,380,60,2024,발전사업용,,,,2025-11-12
창조 태양광발전소,대구광역시 달성군 다사읍 서재로14길 6-28,,,,,정상가동,72.6,380,60,2024,발전사업용,,,,2025-11-12
광동3호 태양광발전소,대구광역시 달성군 다사읍 세천로3길 62-10,,,,,정상가동,99.66,380,60,2024,발전사업용,,,,2025-11-12
광동2호 태양광발전소,대구광역시 달성군 다사읍 세천로3길 62-10,,,,,정상가동,97.02,380,60,2024,발전사업용,,,,2025-11-12
광동1호 태양광발전소,대구광역시 달성군 다사읍 세천로3길 62-10,,,,,정상가동,89.76,380,60,2024,발전사업용,,,,2025-11-12
올진야스카와발전,대구광역시 달성군 다사읍 세천로7길 33,,,,,정상가동,817.8,22900,60,2024,발전사업용,,,,2025-11-12
오퍼스4 태양광발전소,대구광역시 동구 팔공로47길 47 (봉무동),,,,,정상가동,76.26,380,60,2025,발전사업용,,,,2025-11-12
오퍼스3 태양광발전소,대구광역시 동구 팔공로47길 47 (봉무동),,,,,정상가동,75.64,380,60,2025,발전사업용,,,,2025-11-12
주식회사 올소테크,대구광역시 동구 율암로 78 (율암동),,,,,정상가동,199.05,380,60,2024,발전사업용,,,,2025-11-12
동영 태양광발전소,"대구광역시 동구 이노밸리로54길 10, 동영빌딩 (신서동)",,,,,정상가동,97.41,380,60,2024,발전사업용,,,,2025-11-12
대광 태양광발전소,대구광역시 동구 둔산로45길 20 (방촌동),,,,,정상가동,59.29,380,60,2024,발전사업용,,,,2025-11-12
수수재3 태양광발전소,대구광역시 동구 부동길 57 (부동),,,,,정상가동,54,380,60,2024,발전사업용,,,,2025-11-12
수수재2 태양광발전소,대구광역시 동구 부동길 53 (부동),,,,,정상가동,51,380,60,1900,발전사업용,,,,2025-11-12
수수재1 태양광발전소,대구광역시 동구 부동길 51 (부동),,,,,정상가동,51,380,60,2024,발전사업용,,,,2025-11-12
지수근 태양광발전소,대구광역시 달서구 성서공단로35길 24-7 (갈산동),,,,,정상가동,153.75,380,60,2024,발전사업용,,,,2025-11-12
인미 태양광발전소,대구광역시 달서구 달서대로58길 94 (대천동),,,,,정상가동,199.64,380,60,2024,발전사업용,,,,2025-11-12
JA2 태양광발전소,,대구광역시 달서구 호산동 357-110 5동,,,,정상가동,70,380,60,2024,발전사업용,,,,2025-11-12
JA1 태양광발전소,,대구광역시 달서구 호산동 357-110,,,,정상가동,90,380,60,2024,발전사업용,,,,2025-11-12
서전 태양광발전소,대구광역시 달서구 성서공단로11길 90-15 (호산동),,,,,정상가동,63.53,380,60,2024,발전사업용,,,,2025-11-12
세신산업 1호 태양광발전소,대구광역시 달성군 논공읍 비슬로264길 61,,,,,정상가동,99.22,380,60,2024,발전사업용,,,,2025-11-12
대호 태양광발전소,대구광역시 달성군 구지면 국가산단대로61길 55,,,,,정상가동,44.28,380,60,2025,발전사업용,,,,2025-11-12
텍폴 태양광발전소,대구광역시 달성군 유가읍 테크노중앙대로1길 60-25,,,,,정상가동,99.6,380,60,2024,발전사업용,,,,2025-11-12
백두이엔지 태양광발전소,대구광역시 달성군 논공읍 비슬로 1373-31,,,,,정상가동,56.84,380,60,2024,발전사업용,,,,2025-11-12
해성 태양광발전소,대구광역시 달성군 하빈면 하빈로77길 43,,,,,정상가동,59.66,380,60,2024,발전사업용,,,,2025-11-12
동진 태양광발전소,대구광역시 달성군 하빈면 묘동1길 46,,,,,정상가동,48.51,380,60,2024,발전사업용,,,,2025-11-12
신형 태양광발전소,대구광역시 달성군 하빈면 달구벌대로12길 229-9,,,,,정상가동,78.13,380,60,2024,발전사업용,,,,2025-11-12
아진파워텍,대구광역시 달성군 다사읍 세천로1길 127,,,,,정상가동,295.63,380,60,2024,발전사업용,,,,2025-11-12
햇살그린발전소 551호,대구광역시 달성군 다사읍 세천북로18길 22-5,,,,,정상가동,99.56,380,60,2024,발전사업용,,,,2025-11-12
동우3 태양광발전소,대구광역시 군위군 효령면 효령공단길 5,,,,,정상가동,79.2,380,60,2024,발전사업용,,,,2025-11-12
동우2 태양광발전소,대구광역시 군위군 효령면 효령공단길 5,,,,,정상가동,99.6,380,60,2024,발전사업용,,,,2025-11-12
동우1 태양광발전소,대구광역시 군위군 효령면 효령공단길 5,,,,,정상가동,99.6,380,60,2024,발전사업용,,,,2025-11-12
금빛4 태양광발전소,대구광역시 군위군 의흥면 수북3길 215-3,,,,,정상가동,90,380,60,2025,발전사업용,,,,2025-11-12
금빛3 태양광발전소,대구광역시 군위군 의흥면 수북3길 215-3,,,,,정상가동,90,380,60,2025,발전사업용,,,,2025-11-12
금빛2 태양광발전소,대구광역시 군위군 의흥면 수북3길 215-3,,,,,정상가동,90,380,60,2025,발전사업용,,,,2025-11-12
금빛1 태양광발전소,대구광역시 군위군 의흥면 수북3길 215-3,,,,,정상가동,90,380,60,2025,발전사업용,,,,2025-11-12
서가네 태양광발전소,대구광역시 군위군 소보면 평호길 47,,,,,정상가동,99.63,380,60,2024,발전사업용,,,,2025-11-12
경진 태양광발전소,대구광역시 북구 검단로31길 66-16 (검단동),,,,,정상가동,74.4,380,60,2024,발전사업용,,,,2025-11-12
천순발전소,대구광역시 북구 대현로15길 6-10 (대현동),,,,,정상가동,26.02,380,60,2024,발전사업용,,,,2025-11-12
대경2호 태양광발전소,대구광역시 북구 검단공단로 82-12 (검단동),,,,,정상가동,95.04,380,60,2024,발전사업용,,,,2025-11-12
대경1호 태양광발전소,대구광역시 북구 검단공단로 82-12 (검단동),,,,,정상가동,95.04,380,60,2024,발전사업용,,,,2025-11-12
청송3호 태양광발전소,대구광역시 북구 검단공단로 82-24 (검단동),,,,,정상가동,95.04,380,60,2024,발전사업용,,,,2025-11-12
청송2호 태양광발전소,대구광역시 북구 검단로27길 67 (검단동),,,,,정상가동,99,380,60,2024,발전사업용,,,,2025-11-12
청송1호 태양광발전소,대구광역시 북구 검단로27길 67 (검단동),,,,,정상가동,99,380,60,2024,발전사업용,,,,2025-11-12
삼우1호 태양광발전소,대구광역시 북구 노원로9길 43 (노원동3가),,,,,정상가동,99.66,380,60,2024,발전사업용,,,,2025-11-12
동진 태양광발전소,대구광역시 북구 3공단로 84-5 (노원동3가),,,,,정상가동,71.4,380,60,2024,발전사업용,,,,2025-11-12
신화분체2 태양광발전소,대구광역시 북구 3공단로41길 5 (노원동3가),,,,,정상가동,45.6,380,60,2024,발전사업용,,,,2025-11-12
신화분체1 태양광발전소,대구광역시 북구 노원로동39길 24-1 (침산동),,,,,정상가동,45.6,380,60,2024,발전사업용,,,,2025-11-12
한울 태양광발전소,대구광역시 달성군 화원읍 비슬로481길 51,,,,,정상가동,86.52,380,60,2024,발전사업용,,,,2025-11-12
알이백아이피피1호 유한회사(햇살그린발전소 594호),대구광역시 달성군 구지면 달성2차동1로 60,,,,,정상가동,98.25,380,60,2024,발전사업용,,,,2025-11-12
알이백아이피피1호 유한회사(햇살그린발전소 583호),,대구광역시 달성군 구지면 화산리 1093번지,,,,정상가동,91.7,380,60,2024,발전사업용,,,,2025-11-12
알이백아이피피1호 유한회사(햇살그린발전소 582호),,대구광역시 달성군 구지면 화산리 1093번지,,,,정상가동,93.01,380,60,2024,발전사업용,,,,2025-11-12
장수 태양광발전소,대구광역시 달성군 논공읍 비슬로264길 81-1,,,,,정상가동,71.87,380,60,2024,발전사업용,,,,2025-11-12
이상컨트롤 태양광발전소,대구광역시 달성군 옥포읍 능전길 15,,,,,정상가동,89.28,380,60,2024,발전사업용,,,,2025-11-12
에코에너지3 태양광발전소,대구광역시 달성군 옥포읍 옥포로 451,,,,,정상가동,67.58,380,60,2024,발전사업용,,,,2025-11-12
에코에너지2 태양광발전소,대구광역시 달성군 옥포읍 옥포로 451,,,,,정상가동,99.82,380,60,2024,발전사업용,,,,2025-11-12
에코에너지1 태양광발전소,대구광역시 달성군 옥포읍 옥포로 451,,,,,정상가동,64.48,380,60,2024,발전사업용,,,,2025-11-12
영남썬 태양광발전소,대구광역시 달성군 논공읍 비슬로371길 101,,,,,정상가동,169.38,380,60,2024,발전사업용,,,,2025-11-12
세인2호 태양광발전소,대구광역시 달성군 논공읍 비슬로371길 10,,,,,정상가동,79.98,380,60,2024,발전사업용,,,,2025-11-12
세창발전소,대구광역시 달성군 옥포읍 본리로16길 13,,,,,정상가동,58.8,380,60,2024,발전사업용,,,,2025-11-12
알이백아이피피1호 유한회사(햇살그린발전소 520호),대구광역시 달성군 논공읍 논공로91길 71-31,,,,,정상가동,49.78,380,60,2024,발전사업용,,,,2025-11-12
알이백아이피피1호 유한회사(햇살그린발전소 519호),대구광역시 달성군 논공읍 논공로91길 71-31,,,,,정상가동,93.01,380,60,2024,발전사업용,,,,2025-11-12
알이백아이피피1호 유한회사(햇살그린발전소 518호),대구광역시 달성군 논공읍 논공로91길 71-31,,,,,정상가동,93.67,380,60,2024,발전사업용,,,,2025-11-12
큐코리아3 태양광발전소,"대구광역시 달성군 구지면 달성2차3로 80, GARAM",,,,,정상가동,62.4,380,60,2024,발전사업용,,,,2025-11-12
큐코리아2 태양광발전소,"대구광역시 달성군 구지면 달성2차3로 80, GARAM",,,,,정상가동,99.66,380,60,2024,발전사업용,,,,2025-11-12
큐코리아1 태양광발전소,"대구광역시 달성군 구지면 달성2차3로 80, GARAM",,,,,정상가동,99.66,380,60,2024,발전사업용,,,,2025-11-12
건우기계 태양광발전소,대구광역시 달성군 구지면 국가산단서로71길 114,,,,,정상가동,288,380,60,2024,발전사업용,,,,2025-11-12
이춘남 태양광발전소,대구광역시 달성군 구지면 국가산단서로71길 114,,,,,정상가동,99.6,380,60,2024,발전사업용,,,,2025-11-12
현대에너지 태양광발전소,대구광역시 달성군 옥포읍 옥계길 28,,,,,정상가동,56.42,380,60,2024,발전사업용,,,,2025-11-12
(주)제이에스코리아1호 태양광발전소,대구광역시 달서구 성서공단로21길 12 (갈산동),,,,,정상가동,99.96,380,60,2024,발전사업용,,,,2025-11-12
세화어패럴 제1 태양광발전소,대구광역시 서구 와룡로75길 19 (중리동),,,,,정상가동,157.85,380,60,2024,발전사업용,,,,2025-11-12
티피신축2 태양광발전소,대구광역시 달성군 유가읍 테크노순환로1길 71,,,,,정상가동,79.2,380,60,2024,발전사업용,,,,2025-11-12
티피신축1 태양광발전소,대구광역시 달성군 유가읍 테크노순환로1길 71,,,,,정상가동,79.2,380,60,2024,발전사업용,,,,2025-11-12
대원솔라3 태양광발전소,대구광역시 달성군 유가읍 테크노순환로1길 71,,,,,정상가동,252.6,380,60,2024,발전사업용,,,,2025-11-12
대광소결금속 태양광발전소,대구광역시 달성군 유가읍 테크노순환로3길 49,,,,,정상가동,990,22900,60,2024,발전사업용,,,,2025-11-12
하나 태양광발전소,대구광역시 달성군 하빈면 하빈로 434,,,,,정상가동,64.8,380,60,2025,발전사업용,,,,2025-11-12
하나 태양광발전소,대구광역시 달성군 옥포읍 다리목중앙길 11-1,,,,,정상가동,15,380,60,2024,발전사업용,,,,2025-11-12
알이백아이피피1호 유한회사(햇살그린발전소 596호),대구광역시 달서구 성서4차첨단로 143 (월암동),,,,,정상가동,76.63,380,60,2024,발전사업용,,,,2025-11-12
알이백아이피피1호 유한회사(햇살그린발전소 595호),대구광역시 달서구 성서4차첨단로 143 (월암동),,,,,정상가동,99.56,380,60,2024,발전사업용,,,,2025-11-12
앤에스엠 태양광발전소,대구광역시 달서구 성서공단북로2길 52 (파호동),,,,,정상가동,99.96,380,60,2024,발전사업용,,,,2025-11-12
남경 태양광발전소,대구광역시 달서구 달서대로95길 132 (파호동),,,,,정상가동,137.45,380,60,2024,발전사업용,,,,2025-11-12
지엠 태양광,대구광역시 달서구 성서서로15길 23 (월암동),,,,,정상가동,145.08,380,60,2024,발전사업용,,,,2025-11-12
영진산업2 태양광발전소,대구광역시 달서구 호산로 37-5 (파호동),,,,,정상가동,81.6,380,60,2024,발전사업용,,,,2025-11-12
영진산업1 태양광발전소,대구광역시 달서구 호산로 37-5 (파호동),,,,,정상가동,81.6,380,60,2024,발전사업용,,,,2025-11-12
성광 태양광발전소,대구광역시 달서구 성서로5길 4 (대천동),,,,,정상가동,272.8,380,60,2024,발전사업용,,,,2025-11-12
(주)지성이엔지1호 태양광발전소,,대구광역시 달서구 호산동 357-110,,,,정상가동,98.18,380,60,2024,발전사업용,,,,2025-11-12
장규발전소2,대구광역시 수성구 동원로1길 16-2 (범어동),,,,,정상가동,24,380,60,2024,발전사업용,,,,2025-11-12
기태 태양광발전소,대구광역시 달서구 호산동로36길 34-7 (호산동),,,,,정상가동,19.2,380,60,2024,발전사업용,,,,2025-11-12
동우코프레이션 태양광발전소,대구광역시 달서구 성서공단남로19길 25 (월암동),,,,,정상가동,166.6,380,60,2024,발전사업용,,,,2025-11-12
월드 태양광발전소,대구광역시 달서구 달서대로88길 8-15 (갈산동),,,,,정상가동,189.81,380,60,2024,발전사업용,,,,2025-11-12
신현규 태양광발전소,대구광역시 달서구 성서공단로51길 57 (장동),,,,,정상가동,214.2,380,60,2024,발전사업용,,,,2025-11-12
조양금속 태양광발전소,대구광역시 달서구 성서로24길 27 (월암동),,,,,정상가동,166.05,380,60,2024,발전사업용,,,,2025-11-12
서진정공 태양광발전소,대구광역시 달서구 성서로 18-22 (대천동),,,,,정상가동,140.4,380,60,2024,발전사업용,,,,2025-11-12
두리WINTECH 태양광발전소,대구광역시 달서구 성서로5길 33 (대천동),,,,,정상가동,307.02,380,60,2024,발전사업용,,,,2025-11-12
태경산업 태양광발전소,대구광역시 달서구 성서로5길 35 (대천동),,,,,정상가동,191.59,380,60,2024,발전사업용,,,,2025-11-12
(주)지성이엔지2호 태양광발전소,,대구광역시 달서구 호산동 357-110,,,,정상가동,98.18,380,60,2024,발전사업용,,,,2025-11-12
(주)제이에스코리아2호 태양광발전소,대구광역시 달서구 성서공단로21길 12 (갈산동),,,,,정상가동,97.58,380,60,2024,발전사업용,,,,2025-11-12
대구공장 태양광발전소,대구광역시 달서구 성서공단북로5길 24 (파호동),,,,,정상가동,79.14,380,60,2024,발전사업용,,,,2025-11-12
윤지1 태양광발전소,대구광역시 달서구 성서공단남로32길 2 (월암동),,,,,정상가동,99.83,380,60,2024,발전사업용,,,,2025-11-12
서경솔라2호 태양광발전소,대구광역시 군위군 소보면 송백로 1145-1,,,,,정상가동,90.75,380,60,2024,발전사업용,,,,2025-11-12
송원 태양광발전소,대구광역시 군위군 소보면 도군로 920-21,,,,,정상가동,85.2,380,60,2024,발전사업용,,,,2025-11-12
선연2호 태양광발전소,대구광역시 군위군 효령면 불로길 78-69,,,,,정상가동,99.6,380,60,2025,발전사업용,,,,2025-11-12
선연1호 태양광발전소,대구광역시 군위군 효령면 불로길 78-69,,,,,정상가동,99.6,380,60,2025,발전사업용,,,,2025-11-12
선샤인 태양광발전소,,대구광역시 군위군 군위읍 대흥리 30번지,,,,정상가동,99,380,60,2024,발전사업용,,,,2025-11-12
영대2호 태양광발전소,대구광역시 군위군 효령면 불로길 78-63,,,,,정상가동,99.96,380,60,2025,발전사업용,,,,2025-11-12
좌정골2호 태양광발전소,,대구광역시 군위군 군위읍 대흥리 401-2,,,,정상가동,96.8,380,60,2024,발전사업용,,,,2025-11-12
미래 에코테크(ecotech),대구광역시 북구 검단로27길 41 (검단동),,,,,정상가동,59.4,380,60,2024,발전사업용,,,,2025-11-12
미래 어스(earth),대구광역시 북구 검단로 177-17 (검단동),,,,,정상가동,151.2,380,60,2024,발전사업용,,,,2025-11-12
기족 태양광발전소,대구광역시 북구 검단로27길 48-8 (검단동),,,,,정상가동,90.41,380,60,2024,발전사업용,,,,2025-11-12
한울 태양광발전소,대구광역시 북구 연암로42길 11 (산격동),,,,,정상가동,99.6,380,60,2024,발전사업용,,,,2025-11-12
현영 태양광발전소,대구광역시 북구 검단로27길 58-13 (검단동),,,,,정상가동,99.6,380,60,2024,발전사업용,,,,2025-11-12
JH 태양광발전소,대구광역시 북구 검단로31길 51-12 (검단동),,,,,정상가동,99.6,380,60,2024,발전사업용,,,,2025-11-12
동흥 태양광발전소,대구광역시 북구 검단로31길 51-8 (검단동),,,,,정상가동,99.6,380,60,2024,발전사업용,,,,2025-11-12
(주)명신정공 태양광발전소,대구광역시 북구 검단공단로 82-8 (검단동),,,,,정상가동,204,380,60,2024,발전사업용,,,,2025-11-12
신장수 태양광발전소,대구광역시 북구 팔거천동로26길 16-1 (동천동),,,,,정상가동,10.8,380,60,2024,발전사업용,,,,2025-11-12
명신정공 에너지,대구광역시 북구 연암로42길 17-1 (산격동),,,,,정상가동,48,380,60,2024,발전사업용,,,,2025-11-12
와이제이 태양광발전소 4호,대구광역시 북구 칠곡중앙대로105길 47 (관음동),,,,,정상가동,56.42,380,60,2024,발전사업용,,,,2025-11-12
수성 태양광발전소,대구광역시 북구 환성정길 21-7 (서변동),,,,,정상가동,61.71,380,60,2024,발전사업용,,,,2025-11-12
신형2호 태양광발전소,대구광역시 북구 검단로31길 66 (검단동),,,,,정상가동,199,380,60,2024,발전사업용,,,,2025-11-12
신형1 태양광발전소,대구광역시 북구 검단로31길 66 (검단동),,,,,정상가동,199,380,60,2024,발전사업용,,,,2025-11-12
검단상가 태양광발전소,대구광역시 북구 검단동로 14 (검단동),,,,,정상가동,69.6,380,60,2024,발전사업용,,,,2025-11-12
미승 태양광발전소,대구광역시 북구 연암공원로13길 2-7 (산격동),,,,,정상가동,11.9,380,60,2024,발전사업용,,,,2025-11-12
진보3 태양광발전소,대구광역시 동구 안심로 188 (신기동),,,,,정상가동,67.2,380,60,2024,발전사업용,,,,2025-11-12
대경식품 태양광발전소,대구광역시 동구 둔산로 240-8 (방촌동),,,,,정상가동,99.82,380,60,2024,발전사업용,,,,2025-11-12
상수2 태양광발전소,대구광역시 동구 신평로 102-5 (신평동),,,,,정상가동,55.35,380,60,2024,발전사업용,,,,2025-11-12
상수1 태양광발전소,대구광역시 동구 신평로 102-1 (신평동),,,,,정상가동,81,380,60,2024,발전사업용,,,,2025-11-12
풀비체 태양광발전소,대구광역시 동구 율하동로21길 71-6 (율하동),,,,,정상가동,19.64,380,60,2024,발전사업용,,,,2025-11-12
낙원1호 태양광발전소,대구광역시 동구 팔공로23길 55-5 (불로동),,,,,정상가동,59.52,380,60,2024,발전사업용,,,,2025-11-12
석탑 태양광발전소,대구광역시 동구 도평로43길 21-6 (도동),,,,,정상가동,145.7,380,60,2024,발전사업용,,,,2025-11-12
일오 태양광발전소,대구광역시 동구 도평로38길 23-11 (도동),,,,,정상가동,59.5,380,60,2024,발전사업용,,,,2025-11-12
빈우 태양광발전소,대구광역시 수성구 고산로 20 (신매동),,,,,정상가동,14.4,380,60,2024,발전사업용,,,,2025-11-12
대한 태양광발전소,대구광역시 서구 염색공단천로3길 29-1 (비산동),,,,,정상가동,71.39,380,60,2025,발전사업용,,,,2025-11-12
금덕 태양광발전소,대구광역시 서구 북비산로52길 13 (평리동),,,,,정상가동,12,380,60,2024,발전사업용,,,,2025-11-12
덕구배관 태양광발전소,대구광역시 서구 와룡로72길 32 (중리동),,,,,정상가동,36.3,380,60,2024,발전사업용,,,,2025-11-12
가야 태양광발전소,대구광역시 서구 북비산로17길 17 (이현동),,,,,정상가동,40.92,380,60,2024,발전사업용,,,,2025-11-12
디지테크 태양광발전소,대구광역시 북구 3공단로 93-1 (노원동3가),,,,,정상가동,45.6,380,60,2024,발전사업용,,,,2025-11-12
다민 태양광발전소,대구광역시 북구 팔달로7길 29 (노원동3가),,,,,정상가동,99.96,380,60,2024,발전사업용,,,,2025-11-12
종민 태양광발전소,대구광역시 북구 노원로1길 156 (노원동3가),,,,,정상가동,99.6,380,60,2024,발전사업용,,,,2025-11-12
도남2호 태양광발전소,대구광역시 북구 도남길 123-26 (도남동),,,,,정상가동,99.6,380,60,2024,발전사업용,,,,2025-11-12
도남1호 태양광발전소,대구광역시 북구 도남길 123-26 (도남동),,,,,정상가동,99.6,380,60,2024,발전사업용,,,,2025-11-12
미광 태양광발전소,대구광역시 서구 문화로23길 8 (이현동),,,,,정상가동,169.58,380,60,2024,발전사업용,,,,2025-11-12
HDP솔라에너지,대구광역시 달성군 논공읍 논공로91길 53-19,,,,,정상가동,425,380,60,2024,발전사업용,,,,2025-11-12
기홍 태양광발전소,대구광역시 달성군 현풍읍 비슬로 614-17,,,,,정상가동,20.8,380,60,2024,발전사업용,,,,2025-11-12
양동민1 태양광발전소,,대구광역시 달성군 옥포읍 김흥리 1137-3,,,,정상가동,80.92,380,60,2024,발전사업용,,,,2025-11-12
이조1호 태양광발전소,대구광역시 달성군 논공읍 논공로 518,,,,,정상가동,706.64,22900,60,2024,발전사업용,,,,2025-11-12
아이나라 태양광발전소,대구광역시 달성군 화원읍 성천로24길 12-10,,,,,정상가동,19.64,380,60,2024,발전사업용,,,,2025-11-12
다인공간 태양광발전소,대구광역시 달성군 화원읍 성천로24길 12-12,,,,,정상가동,19.64,380,60,2024,발전사업용,,,,2025-11-12
스카이 태양광발전소,대구광역시 달성군 논공읍 논공로7길 12,,,,,정상가동,18.15,380,60,2024,발전사업용,,,,2025-11-12
신경태 태양광발전소,대구광역시 달성군 현풍읍 테크노대로2길 21,,,,,정상가동,313.8,380,60,2024,발전사업용,,,,2025-11-12
에코 태양광발전소,대구광역시 달성군 유가읍 테크노중앙대로 26,,,,,정상가동,181.67,380,60,2024,발전사업용,,,,2025-11-12
보원솔라,대구광역시 달성군 다사읍 세천북로10길 17-2,,,,,정상가동,90.15,380,60,2024,발전사업용,,,,2025-11-12
로운1호 태양광발전소,대구광역시 달성군 하빈면 달구벌대로12길 215,,,,,정상가동,62,380,60,2024,발전사업용,,,,2025-11-12
성도2 태양광발전소,대구광역시 달성군 하빈면 달구벌대로8길 132-14,,,,,정상가동,64.8,380,60,2024,발전사업용,,,,2025-11-12
성도1 태양광발전소,대구광역시 달성군 하빈면 달구벌대로8길 132-14,,,,,정상가동,99.6,380,60,2024,발전사업용,,,,2025-11-12
성도 태양광발전소,대구광역시 달성군 하빈면 달구벌대로8길 132-20,,,,,정상가동,99.6,380,60,2024,발전사업용,,,,2025-11-12
(주)해나에프앤디(하빈121 태양광발전소),"대구광역시 달성군 하빈면 하빈로77길 34, 세화테크",,,,,정상가동,74.4,380,60,2024,발전사업용,,,,2025-11-12
빛나솔라텍1,대구광역시 달서구 성서공단로21길 45 (갈산동),,,,,정상가동,313.72,380,60,2024,발전사업용,,,,2025-11-12
범이 태양광,대구광역시 달서구 성서서로51길 23 (신당동),,,,,정상가동,52.08,380,60,2024,발전사업용,,,,2025-11-12
범일 태양광,대구광역시 달서구 성서서로51길 23 (신당동),,,,,정상가동,96.72,380,60,2024,발전사업용,,,,2025-11-12
세종상사 태양광발전소,대구광역시 달서구 성서로45길 23 (갈산동),,,,,정상가동,29.76,380,60,2024,발전사업용,,,,2025-11-12
아나정공2호 태양광발전소,대구광역시 달서구 호산로2길 27 (호산동),,,,,정상가동,43.56,380,60,2024,발전사업용,,,,2025-11-12
아나정공1호 태양광발전소,대구광역시 달서구 호산로2길 27 (호산동),,,,,정상가동,98.01,380,60,2024,발전사업용,,,,2025-11-12
케이시시정공 태양광발전소,대구광역시 달서구 성서서로 185-11 (갈산동),,,,,정상가동,151.88,380,60,2024,발전사업용,,,,2025-11-12
동서 태양광발전소,대구광역시 달서구 성서공단북로 389 (장동),,,,,정상가동,147.56,380,60,2024,발전사업용,,,,2025-11-12
선진정밀 태양광발전소,대구광역시 달서구 성서공단북로69길 54 (갈산동),,,,,정상가동,147.18,380,60,2024,발전사업용,,,,2025-11-12
연희 태양광발전소,대구광역시 달서구 야외음악당로2길 17 (성당동),,,,,정상가동,15,380,60,2024,발전사업용,,,,2025-11-12
미광1 태양광발전소,대구광역시 달서구 문화회관11길 49-16 (장동),,,,,정상가동,128.52,380,60,2024,발전사업용,,,,2025-11-12
미래발전소,대구광역시 달서구 계대동문로 6 (신당동),,,,,정상가동,34.8,380,60,2024,발전사업용,,,,2025-11-12
대성 태양광발전소,"대구광역시 달성군 옥포읍 김흥길 52, 무벽사",,,,,정상가동,66.55,380,60,2024,발전사업용,,,,2025-11-12
성림첨단산업 태양광발전소,대구광역시 달성군 유가읍 테크노남로1길 6,,,,,정상가동,982.52,22900,60,1900,발전사업용,,,,2025-11-12
주식회사 부강태앤씨 태양광발전소,대구광역시 달성군 유가읍 테크노중앙대로2길 46,,,,,정상가동,447.6,380,60,2024,발전사업용,,,,2025-11-12
부강 태양광발전소,대구광역시 달성군 유가읍 테크노중앙대로2길 46,,,,,정상가동,300,380,60,2024,발전사업용,,,,2025-11-12
태양산업2 태양광발전소,"대구광역시 달성군 유가읍 테크노중앙대로 80, 태양산업",,,,,정상가동,499.8,380,60,2024,발전사업용,,,,2025-11-12
아이피에스 태양광발전소,대구광역시 달성군 다사읍 서재로36길 17-8,,,,,정상가동,99.6,380,60,2024,발전사업용,,,,2025-11-12
일도 태양광발전소,대구광역시 달성군 다사읍 서재로36길 17-14,,,,,정상가동,72.6,380,60,2024,발전사업용,,,,2025-11-12
아이에스 태양광발전소,대구광역시 달성군 논공읍 비슬로264길 37,,,,,정상가동,216,380,60,2024,발전사업용,,,,2025-11-12
순이 태양광발전소,대구광역시 달성군 다사읍 세천로7길 17-34,,,,,정상가동,109.62,380,60,2025,발전사업용,,,,2025-11-12
호연5호 태양광발전소,대구광역시 달성군 논공읍 논공로 437,,,,,정상가동,91.2,380,60,2024,발전사업용,,,,2025-11-12
호연4호 태양광발전소,대구광역시 달성군 논공읍 논공로 437,,,,,정상가동,91.2,380,60,2024,발전사업용,,,,2025-11-12
호연3호 태양광발전소,대구광역시 달성군 논공읍 논공로 437,,,,,정상가동,91.2,380,60,2024,발전사업용,,,,2025-11-12
343. 성창테크,대구광역시 달성군 다사읍 세천로1길 44,,,,,정상가동,338.8,380,60,2024,발전사업용,,,,2025-11-12
명곡2 태양광발전소,대구광역시 달성군 화원읍 홈실길 7,,,,,정상가동,19.36,380,60,2024,발전사업용,,,,2025-11-12
신화6 태양광발전소,대구광역시 달성군 구지면 국가산단서로71길 138-11,,,,,정상가동,99,380,60,2024,발전사업용,,,,2025-11-12
꽃님9 신서발전소,"대구광역시 동구 첨단로8길 1, 미소빌딩 (신서동)",,,,,정상가동,119.79,380,60,2024,발전사업용,,,,2025-11-12
가온누리 태양광발전소,대구광역시 동구 팔공로101길 15-6 (지묘동),,,,,정상가동,93,380,60,2024,발전사업용,,,,2025-11-12
성철 태양광발전소,대구광역시 동구 사복로 138-5 (숙천동),,,,,정상가동,99.6,380,60,2024,발전사업용,,,,2025-11-12
영길 태양광발전소,대구광역시 동구 사복로 138-5 (숙천동),,,,,정상가동,72,380,60,2024,발전사업용,,,,2025-11-12
아트 태양광발전소,대구광역시 서구 새방로 97 (상리동),,,,,정상가동,19.8,380,60,2024,발전사업용,,,,2025-11-12
여리 태양광발전소,대구광역시 서구 염색공단중앙로 11 (평리동),,,,,정상가동,16.66,380,60,2024,발전사업용,,,,2025-11-12
대지 태양광발전소,대구광역시 서구 가르뱅이로9길 23-13 (상리동),,,,,정상가동,82.8,380,60,2024,발전사업용,,,,2025-11-12
미래3 태양광발전소,대구광역시 서구 와룡로73길 27 (중리동),,,,,정상가동,99.22,380,60,2024,발전사업용,,,,2025-11-12
미래2 태양광발전소,대구광역시 서구 와룡로73길 27 (중리동),,,,,정상가동,99.22,380,60,2024,발전사업용,,,,2025-11-12
미래1 태양광발전소,대구광역시 서구 국채보상로6길 24 (중리동),,,,,정상가동,94.3,380,60,2024,발전사업용,,,,2025-11-12
대화공업1 태양광발전소,대구광역시 달서구 성서동로 158 (월암동),,,,,정상가동,651.25,22900,60,2024,발전사업용,,,,2025-11-12
엠제이 태양광발전소,대구광역시 달서구 조암로 71 (월성동),,,,,정상가동,19.8,380,60,2024,발전사업용,,,,2025-11-12
호성1 태양광발전소,대구광역시 달서구 성서동로53안길 51 (갈산동),,,,,정상가동,69.44,380,60,2024,발전사업용,,,,2025-11-12
영2 태양광발전소,대구광역시 달서구 성서동로53안길 51 (갈산동),,,,,정상가동,29.76,380,60,2024,발전사업용,,,,2025-11-12
영1 태양광발전소,대구광역시 달서구 성서동로53안길 51 (갈산동),,,,,정상가동,99.2,380,60,2024,발전사업용,,,,2025-11-12
라온 태양광발전소,대구광역시 달서구 계대동문로9길 28-6 (신당동),,,,,정상가동,19.64,380,60,2024,발전사업용,,,,2025-11-12
한진에너지,대구광역시 달서구 성서공단북로 224-4 (갈산동),,,,,정상가동,249.9,380,60,2024,발전사업용,,,,2025-11-12
디지탈한글사 태양광발전소,대구광역시 달서구 월곡로100길 24 (월성동),,,,,정상가동,59.5,380,60,2024,발전사업용,,,,2025-11-12
339. 비에이텍스,대구광역시 달서구 성서공단로50길 37 (월암동),,,,,정상가동,354.53,380,60,2024,발전사업용,,,,2025-11-12
대경정비 태양광발전소,대구광역시 달서구 문화회관길 227 (장동),,,,,정상가동,98.01,380,60,2024,발전사업용,,,,2025-11-12
정환섭 태양광발전소 2호,대구광역시 달서구 문화회관11길 15 (장동),,,,,정상가동,99.83,380,60,2024,발전사업용,,,,2025-11-12
정환섭 태양광발전소 1호,대구광역시 달서구 문화회관11길 15 (장동),,,,,정상가동,99.83,380,60,2024,발전사업용,,,,2025-11-12
동원 태양광발전소,대구광역시 수성구 성동로 74-12 (사월동),,,,,정상가동,99.66,380,60,2024,발전사업용,,,,2025-11-12
장규발전소1,대구광역시 수성구 희망로 136-7 (중동),,,,,정상가동,18,380,60,2024,발전사업용,,,,2025-11-12
주식회사 스타우드 [스타우드 태양광발전소],대구광역시 수성구 무학로37길 91 (지산동),,,,,정상가동,15.5,380,60,2024,발전사업용,,,,2025-11-12
우주 태양광발전소,대구광역시 군위군 군위읍 내외량길 346,,,,,정상가동,94.38,380,60,2024,발전사업용,,,,2025-11-12
영대1호 태양광발전소,대구광역시 군위군 효령면 불로길 78-63,,,,,정상가동,199.92,380,60,2025,발전사업용,,,,2025-11-12
고려 태양광발전소,대구광역시 군위군 군위읍 경북대로 3972,,,,,정상가동,151.73,380,60,2024,발전사업용,,,,2025-11-12
이레 발전소 태양광발전소,대구광역시 북구 오봉로7길 71 (노원동2가),,,,,정상가동,71.28,380,60,2024,발전사업용,,,,2025-11-12
명희발전소,대구광역시 북구 연경중앙로1길 16 (연경동),,,,,정상가동,34.8,380,60,2024,발전사업용,,,,2025-11-12
솜텍2 태양광발전소,대구광역시 달서구 성서공단북로 281 (갈산동),,,,,정상가동,57,380,60,2024,발전사업용,,,,2025-11-12
솜텍1 태양광발전소,대구광역시 달서구 성서공단북로 281 (갈산동),,,,,정상가동,79.8,380,60,2024,발전사업용,,,,2025-11-12
다다코리아2호 태양광발전소,대구광역시 달서구 달서대로109길 73 (호산동),,,,,정상가동,93.62,380,60,2024,발전사업용,,,,2025-11-12
다다코리아1호 태양광발전소,대구광역시 달서구 달서대로109길 73 (호산동),,,,,정상가동,97.96,380,60,2024,발전사업용,,,,2025-11-12
씨엔6 태양광발전소,대구광역시 달서구 성서공단로 245 (장동),,,,,정상가동,329.12,380,60,2024,발전사업용,,,,2025-11-12
씨엔5 태양광발전소,대구광역시 달서구 달서대로109길 152 (파호동),,,,,정상가동,1733.93,22900,60,2024,발전사업용,,,,2025-11-12
은미4 태양광발전소,대구광역시 달서구 성서공단남로32길 2 (월암동),,,,,정상가동,36.3,380,60,2024,발전사업용,,,,2025-11-12
은미3 태양광발전소,대구광역시 달서구 성서공단남로32길 2 (월암동),,,,,정상가동,93.17,380,60,2024,발전사업용,,,,2025-11-12
은미2 태양광발전소,대구광역시 달서구 성서공단남로32길 2 (월암동),,,,,정상가동,84.7,380,60,2024,발전사업용,,,,2025-11-12
찬영2 태양광발전소,대구광역시 달서구 성서서로55길 36 (신당동),,,,,정상가동,79.26,380,60,2024,발전사업용,,,,2025-11-12
찬영1 태양광발전소,대구광역시 달서구 성서서로55길 36 (신당동),,,,,정상가동,81.07,380,60,2024,발전사업용,,,,2025-11-12
진성2 태양광발전소,대구광역시 달서구 성서서로55길 36 (신당동),,,,,정상가동,73.21,380,60,2024,발전사업용,,,,2025-11-12
진성1 태양광발전소,대구광역시 달서구 성서서로55길 36 (신당동),,,,,정상가동,93.17,380,60,2024,발전사업용,,,,2025-11-12
도윤1 태양광발전소,대구광역시 달서구 성서공단북로5길 10 (파호동),,,,,정상가동,320.05,380,60,2024,발전사업용,,,,2025-11-12
위즈 태양광발전소,대구광역시 달서구 문화회관3길 9 (장기동),,,,,정상가동,67.2,380,60,2025,발전사업용,,,,2025-11-12
래은 태양광발전소,대구광역시 달서구 성서공단로11길 91 (호산동),,,,,정상가동,99.6,380,60,2024,발전사업용,,,,2025-11-12
건아 태양광발전소,대구광역시 달서구 성서공단로11길 91 (호산동),,,,,정상가동,99.6,380,60,2024,발전사업용,,,,2025-11-12
명준 태양광발전소,대구광역시 달성군 논공읍 안씩실길 34-3,,,,,정상가동,77.35,380,60,2024,발전사업용,,,,2025-11-12
국민 태양광발전소,대구광역시 달성군 하빈면 하빈남로 305-41,,,,,정상가동,78.12,380,60,2024,발전사업용,,,,2025-11-12
양지 태양광발전소,대구광역시 달성군 옥포읍 반송길 111,,,,,정상가동,99.83,380,60,2024,발전사업용,,,,2025-11-12
동규 태양광발전소,대구광역시 달성군 논공읍 노이1길 46-49,,,,,정상가동,57.12,380,60,2024,발전사업용,,,,2025-11-12
민규 태양광발전소,대구광역시 달성군 논공읍 노이1길 46-49,,,,,정상가동,57.12,380,60,2024,발전사업용,,,,2025-11-12
에스알에스 서대구산단4호 태양광발전소,대구광역시 서구 평리로33길 25 (중리동),,,,,정상가동,142.07,380,60,2025,발전사업용,,,,2025-11-12
호한3호 태양광발전소,"대구광역시 달성군 하빈면 하빈남로 231-20, 부광산업",,,,,정상가동,77.5,380,60,2025,발전사업용,,,,2025-11-12
부일솔라 태양광발전소,대구광역시 달성군 논공읍 노이길 397,,,,,정상가동,84,380,60,2024,발전사업용,,,,2025-11-12
에스알에스 달성1차산단3호 태양광발전소,대구광역시 달성군 논공읍 논공로117길 32,,,,,정상가동,199.92,380,60,2025,발전사업용,,,,2025-11-12
신광2호 태양광발전소,대구광역시 북구 3공단로27길 20 (노원동3가),,,,,정상가동,92.4,380,60,2024,발전사업용,,,,2025-11-12
신광1호 태양광발전소,대구광역시 북구 노원로25길 56-3 (노원동3가),,,,,정상가동,51,380,60,2024,발전사업용,,,,2025-11-12
한신 태양광발전소,대구광역시 북구 노원로9길 38 (노원동3가),,,,,정상가동,120.19,380,60,2024,발전사업용,,,,2025-11-12
베스트인 태양광발전소,대구광역시 북구 검단로27길 35 (검단동),,,,,정상가동,42.16,380,60,2024,발전사업용,,,,2025-11-12
삼원 태양광발전소,대구광역시 북구 검단로31길 62 (검단동),,,,,정상가동,111.78,380,60,2024,발전사업용,,,,2025-11-12
꽃님6 이노밸리 발전소,대구광역시 동구 이노밸리로 168 (각산동),,,,,정상가동,57.66,380,60,2024,발전사업용,,,,2025-11-12
꽃님5 태양광발전소,대구광역시 동구 이노밸리로 166 (각산동),,,,,정상가동,114.7,380,60,2024,발전사업용,,,,2025-11-12
꽃님8 다사 발전소,대구광역시 달성군 다사읍 세천로 108,,,,,정상가동,99.82,380,60,2024,발전사업용,,,,2025-11-12
창신정밀 태양광발전소,대구광역시 달성군 다사읍 세천북로 60-15,,,,,정상가동,45.38,380,60,2024,발전사업용,,,,2025-11-12
조은이엔지(1호) 태양광발전소,대구광역시 달성군 하빈면 묘동길 41,,,,,정상가동,49.98,380,60,2024,발전사업용,,,,2025-11-12
민재2 태양광발전소,대구광역시 달성군 구지면 국가산단대로50길 40,,,,,정상가동,99.2,380,60,2024,발전사업용,,,,2025-11-12
민재1 태양광발전소,대구광역시 달성군 구지면 국가산단대로50길 40,,,,,정상가동,99.2,380,60,2024,발전사업용,,,,2025-11-12
인성2 태양광발전소,대구광역시 달성군 구지면 국가산단대로50길 40,,,,,정상가동,99.2,380,60,2024,발전사업용,,,,2025-11-12
인성1 태양광발전소,대구광역시 달성군 구지면 국가산단대로50길 40,,,,,정상가동,99.2,380,60,2024,발전사업용,,,,2025-11-12
이수1 태양광발전소,대구광역시 달성군 구지면 국가산단대로50길 40,,,,,정상가동,99.2,380,60,2024,발전사업용,,,,2025-11-12
윤희1 태양광발전소,대구광역시 달성군 구지면 국가산단대로50길 40,,,,,정상가동,99.2,380,60,2024,발전사업용,,,,2025-11-12
지혜1 태양광발전소,대구광역시 달성군 구지면 국가산단대로50길 40,,,,,정상가동,99.2,380,60,2024,발전사업용,,,,2025-11-12
지인1 태양광발전소,대구광역시 달성군 구지면 국가산단대로50길 40,,,,,정상가동,99.2,380,60,2024,발전사업용,,,,2025-11-12
수홍4 태양광발전소,대구광역시 달성군 구지면 국가산단대로50길 40,,,,,정상가동,99.2,380,60,2024,발전사업용,,,,2025-11-12
수홍3 태양광발전소,대구광역시 달성군 구지면 국가산단대로50길 40,,,,,정상가동,99.2,380,60,2024,발전사업용,,,,2025-11-12
수홍2 태양광발전소,대구광역시 달성군 구지면 국가산단대로50길 40,,,,,정상가동,99.2,380,60,2024,발전사업용,,,,2025-11-12
수홍1 태양광발전소,대구광역시 달성군 구지면 국가산단대로50길 40,,,,,정상가동,99.2,380,60,2024,발전사업용,,,,2025-11-12
주식회사 투영[투영 태양광발전소],대구광역시 달성군 구지면 국가산단서로84길 21,,,,,정상가동,99.2,380,60,2024,발전사업용,,,,2025-11-12
대명 태양광발전소,대구광역시 달성군 하빈면 하빈남로 562,,,,,정상가동,91.04,380,60,2024,발전사업용,,,,2025-11-12
호한2호 태양광발전소,"대구광역시 달성군 하빈면 하빈남로 231-20, 부광산업",,,,,정상가동,99.82,380,60,2024,발전사업용,,,,2025-11-12
호한1호 태양광발전소,"대구광역시 달성군 하빈면 하빈남로 231-20, 부광산업",,,,,정상가동,99.2,380,60,2025,발전사업용,,,,2025-11-12
(주)해나에프앤디(하빈120 태양광발전소),"대구광역시 달성군 하빈면 하빈로77길 34, 세화테크",,,,,정상가동,124.62,380,60,2024,발전사업용,,,,2025-11-12
대남2호 태양광발전소,대구광역시 서구 북비산로7길 14-6 (이현동),,,,,정상가동,40.63,380,60,2024,발전사업용,,,,2025-11-12
대남1호 태양광발전소,대구광역시 서구 북비산로7길 14-6 (이현동),,,,,정상가동,99.82,380,60,2024,발전사업용,,,,2025-11-12
미광정공2 태양광발전소,대구광역시 달서구 성서공단남로 115 (월암동),,,,,정상가동,85.56,380,60,2024,발전사업용,,,,2025-11-12
주식회사 해찬솔에너지 [해찬솔 태양광발전소],대구광역시 달성군 구지면 국가산단서로84길 21,,,,,정상가동,999.24,22900,60,2024,발전사업용,,,,2025-11-12
장한 태양광발전소,"대구광역시 수성구 만촌로4길 8, 장한엔지니어링사옥 (만촌동)",,,,,정상가동,18,380,60,2024,발전사업용,,,,2025-11-12
에스알에스 제3산단3호 태양광발전소,대구광역시 북구 3공단로41길 10 (노원동3가),,,,,정상가동,129.78,380,60,2025,발전사업용,,,,2025-11-12
티에스텍 태양광발전소,대구광역시 북구 3공단로25길 19 (노원동3가),,,,,정상가동,99.96,380,60,2024,발전사업용,,,,2025-11-12
(주)삼성기전 [삼성기전 태양광발전소],대구광역시 북구 검단북로 140 (검단동),,,,,정상가동,136.73,380,60,2024,발전사업용,,,,2025-11-12
효성 태양광발전소,대구광역시 북구 동암로38길 27 (구암동),,,,,정상가동,99.96,380,60,2024,발전사업용,,,,2025-11-12
(주)하담3 태양광발전소,대구광역시 동구 안심로22길 60-23 (율하동),,,,,정상가동,29.75,380,60,2024,발전사업용,,,,2025-11-12
(주)하담2 태양광발전소,대구광역시 동구 안심로22길 60-23 (율하동),,,,,정상가동,91.04,380,60,2024,발전사업용,,,,2025-11-12
(주)하담1 태양광발전소,대구광역시 동구 안심로22길 60-23 (율하동),,,,,정상가동,91.04,380,60,2024,발전사업용,,,,2025-11-12
가야에너지,대구광역시 동구 신평로32길 7 (신평동),,,,,정상가동,48.51,380,60,2024,발전사업용,,,,2025-11-12
꽃님3 태양광발전소,"대구광역시 동구 이노밸리로36길 20, 크로바빌딩 (각산동)",,,,,정상가동,79.2,380,60,2024,발전사업용,,,,2025-11-12
(주)리치 부동산 컨설팅 [(주)리치부동산컨설팅 태양광발전소],대구광역시 동구 둔산로51길 67 (검사동),,,,,정상가동,65.34,380,60,2024,발전사업용,,,,2025-11-12
대경 태양광발전소,대구광역시 북구 3공단로33길 49 (노원동3가),,,,,정상가동,58.8,380,60,2024,발전사업용,,,,2025-11-12
선영테크 태양광발전소,대구광역시 북구 노원로9길 8 (노원동3가),,,,,정상가동,99.96,380,60,2024,발전사업용,,,,2025-11-12
오남 태양광발전소,대구광역시 북구 노원로1길 196-10 (노원동3가),,,,,정상가동,90,380,60,2024,발전사업용,,,,2025-11-12
이정배태양광,대구광역시 북구 3공단로41길 18 (노원동3가),,,,,정상가동,95.2,380,60,2023,발전사업용,,,,2025-11-12
연경태양광,,대구광역시 북구 연경동 511번지,,,,정상가동,96.72,380,60,2023,발전사업용,,,,2025-11-12
월드태양광,대구광역시 북구 도덕길 93 (연경동),,,,,정상가동,89.28,380,60,2023,발전사업용,,,,2025-11-12
평화태양광,대구광역시 북구 도덕길 93 (연경동),,,,,정상가동,48.36,380,60,2023,발전사업용,,,,2025-11-12
미리내2호 태양광발전소,대구광역시 북구 노원로1길 131-8 (노원동3가),,,,,정상가동,25.2,380,60,2024,발전사업용,,,,2025-11-12
미리내1호 태양광발전소,대구광역시 북구 노원로1길 131-8 (노원동3가),,,,,정상가동,99.6,380,60,2024,발전사업용,,,,2025-11-12
썬위즈구지3 태양광발전소,대구광역시 달성군 구지면 국가산단서로84길 21,,,,,정상가동,499.73,380,60,2024,발전사업용,,,,2025-11-12
썬위즈구지2 태양광발전소,대구광역시 달성군 구지면 국가산단서로84길 21,,,,,정상가동,499.73,380,60,2024,발전사업용,,,,2025-11-12
썬위즈구지1 태양광발전소,대구광역시 달성군 구지면 국가산단서로84길 21,,,,,정상가동,499.73,380,60,2024,발전사업용,,,,2025-11-12
신재생25 태양광발전소,대구광역시 달성군 구지면 국가산단서로84길 21,,,,,정상가동,99.83,380,60,2024,발전사업용,,,,2025-11-12
햇살그린발전소 267호,대구광역시 달성군 구지면 달성2차로 27,,,,,정상가동,99.56,380,60,2024,발전사업용,,,,2025-11-12
에스알에스 달성1차산단1호 태양광발전소,대구광역시 달성군 논공읍 논공중앙로45길 22-9,,,,,정상가동,176.12,380,60,2025,발전사업용,,,,2025-11-12
에스에이치2호 태양광발전소,대구광역시 달서구 성서4차첨단로 78 (대천동),,,,,정상가동,99.2,380,60,2024,발전사업용,,,,2025-11-12
에스에이치1호 태양광발전소,대구광역시 달서구 성서4차첨단로 78 (대천동),,,,,정상가동,99.2,380,60,2024,발전사업용,,,,2025-11-12
스틸웨이4 태양광발전소,대구광역시 달서구 호산로 10 (호산동),,,,,정상가동,76.23,380,60,2024,발전사업용,,,,2025-11-12
스틸웨이3 태양광발전소,대구광역시 달서구 호산로 10 (호산동),,,,,정상가동,96.8,380,60,2024,발전사업용,,,,2025-11-12
스틸웨이2 태양광발전소,대구광역시 달서구 호산로 10 (호산동),,,,,정상가동,99.83,380,60,2024,발전사업용,,,,2025-11-12
스틸웨이1 태양광발전소,대구광역시 달서구 호산로 10 (호산동),,,,,정상가동,99.22,380,60,2024,발전사업용,,,,2025-11-12
현에너지 태양광발전소,"대구광역시 달성군 구지면 달성2차동2로 3, 화성AT",,,,,정상가동,992,22900,60,2024,발전사업용,,,,2025-11-12
라이트하우스 태양광,대구광역시 달성군 구지면 국가산단대로49길 191,,,,,정상가동,892.8,22900,60,2024,발전사업용,,,,2025-11-12
에스에프2 태양광발전소,대구광역시 달서구 문화회관5길 12 (장기동),,,,,정상가동,99.82,380,60,2024,발전사업용,,,,2025-11-12
에스에프1 태양광발전소,대구광역시 달서구 문화회관5길 12 (장기동),,,,,정상가동,99.82,380,60,2024,발전사업용,,,,2025-11-12
서대구1 태양광발전소,대구광역시 서구 북비산로 79 (이현동),,,,,정상가동,91.04,380,60,2024,발전사업용,,,,2025-11-12
에스알에스 서대구산단2호 태양광발전소,대구광역시 서구 장산로 298 (이현동),,,,,정상가동,87.47,380,60,2025,발전사업용,,,,2025-11-12
에스알에스 서대구산단1호 태양광발전소,대구광역시 서구 장산로 298 (이현동),,,,,정상가동,72.57,380,60,2025,발전사업용,,,,2025-11-12
신원 태양광발전소,대구광역시 서구 와룡로66길 34 (중리동),,,,,정상가동,99.6,380,60,2024,발전사업용,,,,2025-11-12
에이치티 제3 태양광발전소,대구광역시 서구 국채보상로10길 9 (중리동),,,,,정상가동,53.55,380,60,2024,발전사업용,,,,2025-11-12
에이치티 제2 태양광발전소,대구광역시 서구 와룡로69길 22 (중리동),,,,,정상가동,66.64,380,60,2024,발전사업용,,,,2025-11-12
에이치티 제1 태양광발전소,대구광역시 서구 와룡로 391-3 (중리동),,,,,정상가동,99.96,380,60,2024,발전사업용,,,,2025-11-12
영욱3 태양광발전소,대구광역시 군위군 효령면 노행길 106,,,,,정상가동,38.4,380,60,2024,발전사업용,,,,2025-11-12
영욱2 태양광발전소,대구광역시 군위군 효령면 노행길 106,,,,,정상가동,78.6,380,60,2024,발전사업용,,,,2025-11-12
영욱1 태양광발전소,대구광역시 군위군 효령면 노행길 106,,,,,정상가동,78.6,380,60,2024,발전사업용,,,,2025-11-12
와이엔피2 태양광발전소,,대구광역시 군위군 우보면 이화리 214번지,,,,정상가동,99.6,380,60,2024,발전사업용,,,,2025-11-12
소호4 태양광발전소,,대구광역시 군위군 우보면 이화리 214번지,,,,정상가동,99.6,380,60,2024,발전사업용,,,,2025-11-12
소호3 태양광발전소,,대구광역시 군위군 우보면 이화리 214번지,,,,정상가동,99.6,380,60,2024,발전사업용,,,,2025-11-12
제세 태양광발전소,대구광역시 북구 노원동로11길 7-5 (노원동3가),,,,,정상가동,44.17,380,60,2023,발전사업용,,,,2025-11-12
씨엔에이치 태양광발전소,대구광역시 북구 노원동로7길 8-5 (노원동3가),,,,,정상가동,94.38,380,60,2023,발전사업용,,,,2025-11-12
(주)샤를글레르(대구케이엘티1호 태양광발전소),대구광역시 달성군 유가읍 테크노남로3길 16,,,,,정상가동,399.36,380,60,2025,발전사업용,,,,2025-11-12
은섭 태양광발전소,대구광역시 수성구 지범로 251 (범물동),,,,,정상가동,19.64,380,60,2023,발전사업용,,,,2025-11-12
경북우리집알이100제3협동조합[햇살그린발전소 230호],대구광역시 달성군 유가읍 테크노중앙대로2길 30,,,,,정상가동,59.5,380,60,2024,발전사업용,,,,2025-11-12
경북우리집알이100제3협동조합[햇살그린발전소 229호],대구광역시 달성군 유가읍 테크노중앙대로2길 30,,,,,정상가동,96.39,380,60,2024,발전사업용,,,,2025-11-12
경북우리집알이100제3협동조합[햇살그린발전소 228호],대구광역시 달성군 유가읍 테크노중앙대로2길 30,,,,,정상가동,96.39,380,60,2024,발전사업용,,,,2025-11-12
경북우리집알이100제3협동조합 [햇살그린발전소 27호],대구광역시 달성군 유가읍 테크노중앙대로2길 60,,,,,정상가동,96.39,380,60,2024,발전사업용,,,,2025-11-12
수지 태양광,대구광역시 달성군 옥포읍 금계길 32-6,,,,,정상가동,32.24,380,60,2024,발전사업용,,,,2025-11-12
서보림 태양광발전소,대구광역시 달성군 논공읍 논공로69길 21,,,,,정상가동,50,380,60,2023,발전사업용,,,,2025-11-12
세인 태양광발전소,대구광역시 달성군 논공읍 비슬로371길 10,,,,,정상가동,99.82,380,60,2024,발전사업용,,,,2025-11-12
송화2발전소,대구광역시 달성군 현풍읍 비슬로 699,,,,,정상가동,28.8,380,60,2024,발전사업용,,,,2025-11-12
송화발전소,대구광역시 달성군 현풍읍 비슬로121길 17,,,,,정상가동,19.2,380,60,2024,발전사업용,,,,2025-11-12
첼시 태양광발전소,대구광역시 달성군 구지면 비슬로64길 19-21,,,,,정상가동,99.99,380,60,2024,발전사업용,,,,2025-11-12
백산 태양광발전소,대구광역시 달성군 논공읍 논공로91길 54-21,,,,,정상가동,258.6,380,60,2024,발전사업용,,,,2025-11-12
아름다운 태양광,대구광역시 달성군 다사읍 다사로71길 37-30,,,,,정상가동,93,380,60,2024,발전사업용,,,,2025-11-12
영남2호 태양광발전소,대구광역시 달성군 하빈면 하빈남로 307-42,,,,,정상가동,82.8,380,60,2024,발전사업용,,,,2025-11-12
영남1호 태양광발전소,"대구광역시 달성군 하빈면 하빈남로 307-38, 영남산업",,,,,정상가동,93.6,380,60,2024,발전사업용,,,,2025-11-12
MH2 태양광발전소,대구광역시 달성군 다사읍 세천로7길 17-10,,,,,정상가동,98.77,380,60,2024,발전사업용,,,,2025-11-12
MH1 태양광발전소,대구광역시 달성군 다사읍 세천로7길 17-10,,,,,정상가동,98.77,380,60,2024,발전사업용,,,,2025-11-12
창림2호 태양광발전소,대구광역시 달서구 성서로71길 12 (이곡동),,,,,정상가동,74.4,380,60,2024,발전사업용,,,,2025-11-12
창림1호 태양광발전소,대구광역시 달서구 성서로71길 12 (이곡동),,,,,정상가동,83.4,380,60,2024,발전사업용,,,,2025-11-12
조은 태양광발전소,대구광역시 서구 달서로26길 11-5 (비산동),,,,,정상가동,19.64,380,60,2023,발전사업용,,,,2025-11-12
(주)동극섬유 태양광발전소,대구광역시 서구 새방로27길 12-5 (상리동),,,,,정상가동,99.6,380,60,2024,발전사업용,,,,2025-11-12
천일태양광,대구광역시 서구 문화로 87 (이현동),,,,,정상가동,59.52,380,60,2024,발전사업용,,,,2025-11-12
에스알에스 제3산단2호 태양광발전소,대구광역시 북구 노원로25길 60 (노원동3가),,,,,정상가동,224.91,380,60,2024,발전사업용,,,,2025-11-12
주은 태양광발전소,대구광역시 북구 팔달로1길 84 (노원동3가),,,,,정상가동,47.6,380,60,2024,발전사업용,,,,2025-11-12
금천 태양광발전소,대구광역시 북구 유통단지로24길 11 (산격동),,,,,정상가동,17.85,380,60,2023,발전사업용,,,,2025-11-12
정원 태양광발전소,대구광역시 북구 오봉로24길 7 (침산동),,,,,정상가동,53.4,380,60,2024,발전사업용,,,,2025-11-12
에스피 태양광발전소,대구광역시 북구 검단로31길 41-11 (검단동),,,,,정상가동,95.2,380,60,2023,발전사업용,,,,2025-11-12
주식회사엘솔라일호(에스알에스 검단산단4호 태양광발전소),대구광역시 북구 검단로 135 (검단동),,,,,정상가동,2898.84,22900,60,2025,발전사업용,,,,2025-11-12
에스알에스 검단산단2호 태양광발전소,대구광역시 북구 검단로31길 31 (검단동),,,,,정상가동,467.08,380,60,2024,발전사업용,,,,2025-11-12
에스알에스 검단산단1호 태양광발전소,대구광역시 북구 검단공단로 92-9 (검단동),,,,,정상가동,204.68,380,60,2024,발전사업용,,,,2025-11-12
제이브이화학 태양광발전소,대구광역시 달서구 성서공단북로2길 35 (파호동),,,,,정상가동,193.5,380,60,2024,발전사업용,,,,2025-11-12
진일태양광,대구광역시 달서구 성서공단로35길 24-14 (갈산동),,,,,정상가동,172.98,380,60,2024,발전사업용,,,,2025-11-12
김종학 태양광발전소,대구광역시 달서구 달구벌대로246길 8 (이곡동),,,,,정상가동,49.5,380,60,2024,발전사업용,,,,2025-11-12
경북우리집알이100제3협동조합 [햇살그린발전소214호],대구광역시 달서구 성서공단로 334 (월성동),,,,,정상가동,64.26,380,60,2024,발전사업용,,,,2025-11-12
경북우리집알이100제3협동조합 [햇살그린발전소213호],대구광역시 달서구 성서공단로 334 (월성동),,,,,정상가동,64.26,380,60,2024,발전사업용,,,,2025-11-12
솔라비6 태양광발전소,대구광역시 달서구 성서4차첨단로 39 (대천동),,,,,정상가동,15.5,380,60,2023,발전사업용,,,,2025-11-12
솔라비5 태양광발전소,대구광역시 달서구 성서4차첨단로 39 (대천동),,,,,정상가동,96.72,380,60,2023,발전사업용,,,,2025-11-12
솔라비4 태양광발전소,대구광역시 달서구 성서4차첨단로 39 (대천동),,,,,정상가동,96.72,380,60,2023,발전사업용,,,,2025-11-12
솔라비3 태양광발전소,대구광역시 달서구 성서4차첨단로 39 (대천동),,,,,정상가동,96.72,380,60,2023,발전사업용,,,,2025-11-12
솔라비2 태양광발전소,대구광역시 달서구 성서4차첨단로 39 (대천동),,,,,정상가동,96.72,380,60,2023,발전사업용,,,,2025-11-12
솔라비1 태양광발전소,대구광역시 달서구 성서4차첨단로 39 (대천동),,,,,정상가동,96.72,380,60,2023,발전사업용,,,,2025-11-12
신당동 1765-7 태양광발전소,대구광역시 달서구 선원로14길 64 (신당동),,,,,정상가동,19.5,380,60,2024,발전사업용,,,,2025-11-12
스마일 태양광발전소,대구광역시 달서구 문화회관길 133 (장기동),,,,,정상가동,99.6,380,60,2024,발전사업용,,,,2025-11-12
배인재2호 태양광발전소,대구광역시 달서구 성서공단로21길 71 (갈산동),,,,,정상가동,99.96,380,60,2024,발전사업용,,,,2025-11-12
배인재1호 태양광발전소,대구광역시 달서구 성서공단로21길 71 (갈산동),,,,,정상가동,99.96,380,60,2024,발전사업용,,,,2025-11-12
주홍테크 주식회사(유일금속 태양광발전소),대구광역시 달서구 성서로71길 11 (갈산동),,,,,정상가동,379.02,380,60,2024,발전사업용,,,,2025-11-12
한걸 태양광발전소,,대구광역시 동구 중대동 160번지,,,,정상가동,61.2,380,60,2024,발전사업용,,,,2025-11-12
pro 태양광발전소,대구광역시 달성군 다사읍 다사로71길 37-22,,,,,정상가동,82.11,380,60,2024,발전사업용,,,,2025-11-12
파인 태양광발전소,"대구광역시 달성군 하빈면 하산2길 67, (주)크레테크바이오",,,,,정상가동,91.8,380,60,2023,발전사업용,,,,2025-11-12
삼오 태양광발전소,대구광역시 달성군 현풍읍 지동길 148-3,,,,,정상가동,91.8,380,60,2023,발전사업용,,,,2025-11-12
강림 태양광발전소,대구광역시 달성군 옥포읍 금강로 144,,,,,정상가동,89.25,380,60,2024,발전사업용,,,,2025-11-12
(주)원비즈 [원비즈 태양광발전소],"대구광역시 달성군 구지면 달성2차동1로 18, 신계정밀",,,,,정상가동,897.76,22900,60,2024,발전사업용,,,,2025-11-12
지니에너지 발전소,대구광역시 달성군 옥포읍 비슬로447길 16,,,,,정상가동,48.36,380,60,2023,발전사업용,,,,2025-11-12
미래전기 태양광발전소,대구광역시 달성군 논공읍 비슬로350길 65-10,,,,,정상가동,72,380,60,2024,발전사업용,,,,2025-11-12
금강2호 태양광발전소,대구광역시 달성군 구지면 달성2차동3로 15,,,,,정상가동,48.79,380,60,2024,발전사업용,,,,2025-11-12
금강1호 태양광발전소,대구광역시 달성군 구지면 달성2차동3로 15,,,,,정상가동,99.96,380,60,2024,발전사업용,,,,2025-11-12
병규 태양광발전소,대구광역시 달성군 논공읍 노이길 365-15,,,,,정상가동,48.36,380,60,2024,발전사업용,,,,2025-11-12
엔아이테크1 태양광발전소,"대구광역시 달성군 구지면 달성2차서로 46, 금강섬유",,,,,정상가동,187.8,380,60,2023,발전사업용,,,,2025-11-12
신현대 태양광발전소,대구광역시 서구 팔달로2길 43 (비산동),,,,,정상가동,99.6,380,60,2023,발전사업용,,,,2025-11-12
기일 태양광발전소,대구광역시 동구 율하동로24길 72 (서호동),,,,,정상가동,29.75,380,60,2024,발전사업용,,,,2025-11-12
미성 태양광발전소,대구광역시 달서구 성서동로53길 33 (장동),,,,,정상가동,162,380,60,2024,발전사업용,,,,2025-11-12
호성 태양광발전소,대구광역시 달서구 성서동로53안길 51 (갈산동),,,,,정상가동,96.72,380,60,2024,발전사업용,,,,2025-11-12
성빈3 태양광발전소,대구광역시 달서구 달구벌대로250길 71 (갈산동),,,,,정상가동,99.96,380,60,2024,발전사업용,,,,2025-11-12
성빈2 태양광발전소,대구광역시 달서구 달구벌대로250길 71 (갈산동),,,,,정상가동,99.96,380,60,2024,발전사업용,,,,2025-11-12
성빈1 태양광발전소,대구광역시 달서구 달구벌대로250길 71 (갈산동),,,,,정상가동,99.96,380,60,2024,발전사업용,,,,2025-11-12
이화티앤 태양광발전소,대구광역시 달서구 성서공단북로 372 (장동),,,,,정상가동,99.76,380,60,2025,발전사업용,,,,2025-11-12
미르텍2호 태양광발전소,대구광역시 달서구 성서동로 297 (장기동),,,,,정상가동,99.96,380,60,2024,발전사업용,,,,2025-11-12
미르텍1호 태양광발전소,대구광역시 달서구 성서동로 297 (장기동),,,,,정상가동,99.96,380,60,2024,발전사업용,,,,2025-11-12
삼성2호 태양광발전소,대구광역시 달서구 성서공단남로32길 24 (월암동),,,,,정상가동,49.98,380,60,2023,발전사업용,,,,2025-11-12
삼성1호 태양광발전소,대구광역시 달서구 성서공단남로32길 24 (월암동),,,,,정상가동,99.96,380,60,2023,발전사업용,,,,2025-11-12
이에스티 태양광발전소,대구광역시 달서구 성서로5길 112 (월암동),,,,,정상가동,44.55,380,60,2024,발전사업용,,,,2025-11-12
도담도담 태양광발전소,대구광역시 수성구 월드컵로6길 64 (대흥동),,,,,정상가동,33.6,380,60,2023,발전사업용,,,,2025-11-12
세진 태양광발전소,대구광역시 달서구 성서공단북로2길 27 (파호동),,,,,정상가동,96.39,380,60,2024,발전사업용,,,,2025-11-12
(주)써니하우스[써니하우스2호 태양광발전소],대구광역시 달성군 유가읍 테크노중앙대로2길 60,,,,,정상가동,91.8,380,60,2023,발전사업용,,,,2025-11-12
(주)써니하우스[써니하우스1호 태양광발전소],대구광역시 달성군 유가읍 테크노중앙대로2길 60,,,,,정상가동,91.8,380,60,2023,발전사업용,,,,2025-11-12
윤성3호 태양광발전소,대구광역시 달성군 옥포읍 옥포로111길 71,,,,,정상가동,19.53,380,60,2024,발전사업용,,,,2025-11-12
윤성2호 태양광발전소,대구광역시 달성군 옥포읍 옥포로111길 71,,,,,정상가동,99.99,380,60,2024,발전사업용,,,,2025-11-12
윤성1호 태양광발전소,대구광역시 달성군 옥포읍 옥포로111길 71,,,,,정상가동,99.99,380,60,2024,발전사업용,,,,2025-11-12
영원기전 태양광발전소,대구광역시 달성군 구지면 달성2차2로 114,,,,,정상가동,99.96,380,60,2024,발전사업용,,,,2025-11-12
누리 태양광발전소,대구광역시 달성군 논공읍 안씩실길 34-2,,,,,정상가동,88.06,380,60,2024,발전사업용,,,,2025-11-12
스페셜그랜37호발전소,대구광역시 달성군 구지면 국가산단대로39길 221,,,,,정상가동,1303.8,22900,60,2024,발전사업용,,,,2025-11-12
대성 태양광발전소,대구광역시 달성군 논공읍 달성군청로6길 16,,,,,정상가동,72,380,60,2024,발전사업용,,,,2025-11-12
지에스 태양광발전소,대구광역시 달성군 구지면 국가산단서로 452,,,,,정상가동,339.57,380,60,2023,발전사업용,,,,2025-11-12
황소농기계5 태양광발전소,대구광역시 달성군 현풍읍 테크노대로2길 25,,,,,정상가동,92.5,380,60,2024,발전사업용,,,,2025-11-12
황소농기계4 태양광발전소,대구광역시 달성군 현풍읍 테크노대로2길 25,,,,,정상가동,99.5,380,60,2024,발전사업용,,,,2025-11-12
황소농기계3 태양광발전소,대구광역시 달성군 현풍읍 테크노대로2길 25,,,,,정상가동,99.5,380,60,2024,발전사업용,,,,2025-11-12
황소농기계2 태양광발전소,대구광역시 달성군 현풍읍 테크노대로2길 25,,,,,정상가동,99.5,380,60,2024,발전사업용,,,,2025-11-12
황소농기계1 태양광발전소,대구광역시 달성군 현풍읍 테크노대로2길 25,,,,,정상가동,99.5,380,60,2024,발전사업용,,,,2025-11-12
남경 태양광발전소,대구광역시 북구 3공단로 161 (노원동3가),,,,,정상가동,86.87,380,60,2023,발전사업용,,,,2025-11-12
효성 태양광발전소,대구광역시 북구 장태실1길 30 (팔달동),,,,,정상가동,30.94,380,60,2024,발전사업용,,,,2025-11-12
대경레이저 태양광발전소,대구광역시 북구 노원로 147 (노원동3가),,,,,정상가동,624.75,22900,60,2024,발전사업용,,,,2025-11-12
에스씨엠 대구 2호 태양광발전소,대구광역시 북구 3공단로 94 (노원동3가),,,,,정상가동,96,380,60,2024,발전사업용,,,,2025-11-12
에스씨엠 대구 1호 태양광발전소,대구광역시 북구 3공단로 94 (노원동3가),,,,,정상가동,96,380,60,2024,발전사업용,,,,2025-11-12
일성 태양광발전소,대구광역시 북구 오봉로 93-9 (노원동3가),,,,,정상가동,49.98,380,60,2023,발전사업용,,,,2025-11-12
(주)이엘피 [이엘피 태양광발전소],대구광역시 서구 염색공단로 12 (비산동),,,,,정상가동,132,380,60,2023,발전사업용,,,,2025-11-12
대구2 태양광발전소,대구광역시 서구 염색공단로11길 55 (비산동),,,,,정상가동,87,380,60,2023,발전사업용,,,,2025-11-12
대구1 태양광발전소,대구광역시 서구 염색공단로11길 55 (비산동),,,,,정상가동,87,380,60,2023,발전사업용,,,,2025-11-12
햇살그린발전소107호,대구광역시 북구 검단북로 126 (검단동),,,,,정상가동,85.68,380,60,2023,발전사업용,,,,2025-11-12
햇살그린제2협동조합 [햇살그린발전소106호],대구광역시 북구 검단로31길 62 (검단동),,,,,정상가동,47.6,380,60,2023,발전사업용,,,,2025-11-12
삼우스틸3호 태양광발전소,대구광역시 북구 검단공단로 75 (산격동),,,,,정상가동,87.47,380,60,2024,발전사업용,,,,2025-11-12
대원솔라(주)[대원솔라2 태양광발전소],대구광역시 달성군 유가읍 테크노순환로1길 71,,,,,정상가동,70.21,380,60,2023,발전사업용,,,,2025-11-12
대원솔라(주)[대원솔라1 태양광발전소],대구광역시 달성군 유가읍 테크노순환로1길 71,,,,,정상가동,99.96,380,60,2023,발전사업용,,,,2025-11-12
주식회사 더송[더송 태양광발전소],대구광역시 동구 안심뉴타운2로 83 (율암동),,,,,정상가동,56.53,380,60,2025,발전사업용,,,,2025-11-12
주식회사 이룩 [(주)이룩 태양광발전소],대구광역시 동구 둔산로40길 15 (방촌동),,,,,정상가동,93.22,380,60,2024,발전사업용,,,,2025-11-12
도경 태양광발전소,대구광역시 동구 둔산로51길 67-4 (검사동),,,,,정상가동,49.56,380,60,2023,발전사업용,,,,2025-11-12
예진에너지,대구광역시 서구 염색공단천로3길 15-7 (비산동),,,,,정상가동,60.76,380,60,2023,발전사업용,,,,2025-11-12
은주에너지,대구광역시 서구 염색공단천로3길 15-6 (비산동),,,,,정상가동,60.76,380,60,2023,발전사업용,,,,2025-11-12
이보 태양광발전소,대구광역시 서구 염색공단천로3길 5 (비산동),,,,,정상가동,99.6,380,60,2023,발전사업용,,,,2025-11-12
일보 태양광발전소,대구광역시 서구 염색공단로 16 (비산동),,,,,정상가동,61.28,380,60,2023,발전사업용,,,,2025-11-12
윤 태양광발전소,대구광역시 서구 국채보상로10길 3 (중리동),,,,,정상가동,45.82,380,60,2023,발전사업용,,,,2025-11-12
해테크대구1호 태양광발전소,대구광역시 서구 와룡로 323 (중리동),,,,,정상가동,69.44,380,60,2023,발전사업용,,,,2025-11-12
선종 태양광발전소,대구광역시 서구 달서로25길 30-1 (비산동),,,,,정상가동,19.2,380,60,2023,발전사업용,,,,2025-11-12
GS시스템,대구광역시 달서구 월곡로99길 18 (월성동),,,,,정상가동,66.6,380,60,2023,발전사업용,,,,2025-11-12
경북우리집알이100제3협동조합 [햇살그린발전소 97호],대구광역시 달서구 성서로67길 47 (갈산동),,,,,정상가동,85.68,380,60,2024,발전사업용,,,,2025-11-12
경북우리집알이100제3협동조합 [햇살그린발전소 96호],대구광역시 달서구 성서로67길 47 (갈산동),,,,,정상가동,76.16,380,60,2024,발전사업용,,,,2025-11-12
주식회사 뉴프라임에너지 [뉴프라임 월성 태양광발전소],대구광역시 달서구 월곡로100길 25 (월성동),,,,,정상가동,406.98,380,60,2024,발전사업용,,,,2025-11-12
오천사3 태양광발전소,대구광역시 달서구 성서동로 131 (월암동),,,,,정상가동,75.6,380,60,2023,발전사업용,,,,2025-11-12
오천사2 태양광발전소,대구광역시 달서구 성서동로 131 (월암동),,,,,정상가동,99,380,60,2023,발전사업용,,,,2025-11-12
오천사1 태양광발전소,대구광역시 달서구 성서동로 131 (월암동),,,,,정상가동,96,380,60,2023,발전사업용,,,,2025-11-12
한유식2호 태양광발전소,대구광역시 달서구 성서공단로21길 72 (갈산동),,,,,정상가동,58.31,380,60,2024,발전사업용,,,,2025-11-12
한유식1호 태양광발전소,대구광역시 달서구 성서공단로21길 72 (갈산동),,,,,정상가동,99.96,380,60,2024,발전사업용,,,,2025-11-12
에이스썬팀F 태양광발전소,대구광역시 달서구 성서공단북로2길 27 (파호동),,,,,정상가동,64.26,380,60,2024,발전사업용,,,,2025-11-12
신화금속 태양광발전소,대구광역시 달서구 달서대로58안길 25 (대천동),,,,,정상가동,99.96,380,60,2024,발전사업용,,,,2025-11-12
돌방2 태양광발전소,대구광역시 북구 3공단로43길 17 (노원동3가),,,,,정상가동,45.82,380,60,2023,발전사업용,,,,2025-11-12
창경정밀 태양광발전소,대구광역시 북구 3공단로 89-7 (노원동3가),,,,,정상가동,38.4,380,60,2024,발전사업용,,,,2025-11-12
한유식3호 태양광발전소,대구광역시 북구 노원로21길 20 (노원동3가),,,,,정상가동,58.31,380,60,2024,발전사업용,,,,2025-11-12
유일4호 태양광발전소,대구광역시 북구 대천로 7 (읍내동),,,,,정상가동,19.64,380,60,2024,발전사업용,,,,2025-11-12
연우텍스2호 태양광발전소,대구광역시 달성군 화원읍 류목정길 9,,,,,정상가동,50.4,380,60,2023,발전사업용,,,,2025-11-12
연우텍스1호 태양광발전소,대구광역시 달성군 화원읍 류목정길 9,,,,,정상가동,99.6,380,60,2023,발전사업용,,,,2025-11-12
박창희 태양광발전소,대구광역시 달성군 화원읍 인흥길 65,,,,,정상가동,54.15,380,60,2024,발전사업용,,,,2025-11-12
성림첨단산업(주) [성림첨단산업 태양광발전소],대구광역시 달성군 유가읍 테크노남로1길 6,,,,,정상가동,176.4,380,60,2025,발전사업용,,,,2025-11-12
동지ENG,대구광역시 달성군 하빈면 하산2길 71,,,,,정상가동,50.43,380,60,2024,발전사업용,,,,2025-11-12
이로운컴퍼니,대구광역시 달성군 하빈면 하산2길 71,,,,,정상가동,86.1,380,60,2024,발전사업용,,,,2025-11-12
갑오2호 태양광발전소,대구광역시 달성군 가창면 가창로 970,,,,,정상가동,223.3,380,60,2024,발전사업용,,,,2025-11-12
해마루 태양광발전소,대구광역시 달성군 구지면 용산유산로 310,,,,,정상가동,45.43,380,60,2023,발전사업용,,,,2025-11-12
솔라테크 두성패키지 태양광발전소,대구광역시 달성군 논공읍 논공중앙로 416-2,,,,,정상가동,313.03,380,60,2024,발전사업용,,,,2025-11-12
대림 태양광발전소,대구광역시 달성군 옥포읍 원전1길 15,,,,,정상가동,74.38,380,60,2024,발전사업용,,,,2025-11-12
장인 태양광발전소,대구광역시 달성군 화원읍 성천로26길 41,,,,,정상가동,19.64,380,60,2023,발전사업용,,,,2025-11-12
달서2 태양광발전소,대구광역시 달성군 화원읍 비슬로487길 32,,,,,정상가동,29.75,380,60,2023,발전사업용,,,,2025-11-12
달서 태양광발전소,대구광역시 달성군 화원읍 비슬로487길 30,,,,,정상가동,99.96,380,60,2023,발전사업용,,,,2025-11-12
신명2호 태양광발전소,대구광역시 달성군 논공읍 논공중앙로45길 41,,,,,정상가동,99.9,380,60,2024,발전사업용,,,,2025-11-12
신명1호 태양광발전소,대구광역시 달성군 논공읍 논공중앙로45길 41,,,,,정상가동,99.9,380,60,2024,발전사업용,,,,2025-11-12
에이에프더블류 주식회사,대구광역시 달성군 구지면 국가산단대로33길 270,,,,,정상가동,499.31,380,60,2023,발전사업용,,,,2025-11-12
미누발전소,대구광역시 달성군 다사읍 세천로7길 22-22,,,,,정상가동,81.6,380,60,2023,발전사업용,,,,2025-11-12
조은이엔지(2호) 태양광발전소,대구광역시 달성군 하빈면 묘동길 41,,,,,정상가동,149.94,380,60,2024,발전사업용,,,,2025-11-12
아성3 태양광발전소,대구광역시 달성군 논공읍 논공로117길 42,,,,,정상가동,99.12,380,60,2024,발전사업용,,,,2025-11-12
아성2 태양광발전소,대구광역시 달성군 논공읍 논공로117길 42,,,,,정상가동,99.12,380,60,2024,발전사업용,,,,2025-11-12
아성1 태양광발전소,대구광역시 달성군 논공읍 논공로117길 42,,,,,정상가동,99.12,380,60,2024,발전사업용,,,,2025-11-12
평촌발전소,대구광역시 달성군 구지면 구지동로16길 90,,,,,정상가동,57.12,380,60,2024,발전사업용,,,,2025-11-12
극동1 태양광발전소,대구광역시 달성군 구지면 달성2차2로 25,,,,,정상가동,99.96,380,60,2023,발전사업용,,,,2025-11-12
극동 태양광발전소,대구광역시 달성군 구지면 달성2차2로 25,,,,,정상가동,169.58,380,60,2023,발전사업용,,,,2025-11-12
경북우리집알이100제3협동조합 [햇살그린발전소 7호],대구광역시 달성군 논공읍 논공로 445-1,,,,,정상가동,58.91,380,60,2023,발전사업용,,,,2025-11-12
경북우리집알이100제3협동조합 [햇살그린발전소 6호],대구광역시 달성군 논공읍 논공로 445-1,,,,,정상가동,52.36,380,60,2023,발전사업용,,,,2025-11-12
경북우리집알이100제3협동조합 [햇살그린발전소 5호],대구광역시 달성군 논공읍 논공로87길 87,,,,,정상가동,99.96,380,60,2023,발전사업용,,,,2025-11-12
스마일 태양광발전소,대구광역시 달성군 현풍읍 국가산단북로 473-139,,,,,정상가동,70.21,380,60,2024,발전사업용,,,,2025-11-12
윤성2 태양광발전소,대구광역시 달성군 논공읍 비슬로264길 48,,,,,정상가동,49.98,380,60,2024,발전사업용,,,,2025-11-12
윤성1 태양광발전소,대구광역시 달성군 논공읍 비슬로264길 48,,,,,정상가동,99.96,380,60,2024,발전사업용,,,,2025-11-12
주식회사 마스터아이디[MI 태양광발전소],대구광역시 달성군 옥포읍 신당길 86-14,,,,,정상가동,117.81,380,60,2023,발전사업용,,,,2025-11-12
(주)현민개발((주)현민개발 태양광발전소 2),대구광역시 달성군 논공읍 비슬로264길 56,,,,,정상가동,220.17,380,60,2024,발전사업용,,,,2025-11-12
(주)현민개발((주)현민개발 태양광발전소 1),대구광역시 달성군 논공읍 비슬로264길 50,,,,,정상가동,250.92,380,60,2023,발전사업용,,,,2025-11-12
대호2 태양광발전소,대구광역시 달서구 달서대로95길 85 (호산동),,,,,정상가동,49.98,380,60,2024,발전사업용,,,,2025-11-12
대호1 태양광발전소,대구광역시 달서구 달서대로95길 85 (호산동),,,,,정상가동,99.96,380,60,2024,발전사업용,,,,2025-11-12
성정애2 태양광발전소,대구광역시 달서구 성서동로 207 (장동),,,,,정상가동,39.86,380,60,2024,발전사업용,,,,2025-11-12
성정애1 태양광발전소,대구광역시 달서구 성서동로 207 (장동),,,,,정상가동,99.96,380,60,2024,발전사업용,,,,2025-11-12
석영3호 태양광발전소,대구광역시 달서구 성서공단북로 366 (장동),,,,,정상가동,99.6,380,60,2023,발전사업용,,,,2025-11-12
석영2호 태양광발전소,대구광역시 달서구 성서공단북로 366 (장동),,,,,정상가동,96,380,60,2023,발전사업용,,,,2025-11-12
석영1호 태양광발전소,대구광역시 달서구 성서공단북로 366 (장동),,,,,정상가동,96,380,60,2023,발전사업용,,,,2025-11-12
유일3호 태양광발전소,대구광역시 달서구 달서대로109길 135 (파호동),,,,,정상가동,49.98,380,60,2024,발전사업용,,,,2025-11-12
유일2호 태양광발전소,대구광역시 달서구 달서대로109길 135 (파호동),,,,,정상가동,49.98,380,60,2024,발전사업용,,,,2025-11-12
유일1호 태양광발전소,대구광역시 달서구 달서대로109길 135 (파호동),,,,,정상가동,59.5,380,60,2024,발전사업용,,,,2025-11-12
대일 태양광발전소,대구광역시 달서구 성서로5길 18-9 (대천동),,,,,정상가동,79.73,380,60,2024,발전사업용,,,,2025-11-12
대덕 태양광발전소,대구광역시 달서구 성서서로36길 24 (갈산동),,,,,정상가동,99.6,380,60,2023,발전사업용,,,,2025-11-12
정화2호 태양광발전소,대구광역시 달서구 달구벌대로250길 36 (갈산동),,,,,정상가동,77.35,380,60,2023,발전사업용,,,,2025-11-12
정화1호 태양광발전소,대구광역시 달서구 달구벌대로250길 8 (이곡동),,,,,정상가동,99.96,380,60,2023,발전사업용,,,,2025-11-12
석주2호 태양광발전소,대구광역시 달서구 달구벌대로250길 36 (갈산동),,,,,정상가동,77.35,380,60,2023,발전사업용,,,,2025-11-12
석주1호 태양광발전소,대구광역시 달서구 달구벌대로250길 8 (이곡동),,,,,정상가동,99.96,380,60,2023,발전사업용,,,,2025-11-12
우현 태양광발전소[달서],대구광역시 달서구 성서공단로51길 39 (장동),,,,,정상가동,163.35,380,60,2024,발전사업용,,,,2025-11-12
대한화학 제1 태양광발전소,대구광역시 달서구 문화회관11안길 28 (장동),,,,,정상가동,99.19,380,60,2023,발전사업용,,,,2025-11-12
발렌키3호 태양광발전소,대구광역시 달서구 성서공단북로65길 60 (갈산동),,,,,정상가동,95.2,380,60,2023,발전사업용,,,,2025-11-12
발렌키2호 태양광발전소,대구광역시 달서구 성서공단북로65길 60 (갈산동),,,,,정상가동,95.2,380,60,2023,발전사업용,,,,2025-11-12
발렌키1호 태양광발전소,대구광역시 달서구 성서공단북로65길 60 (갈산동),,,,,정상가동,96.39,380,60,2023,발전사업용,,,,2025-11-12
찬명4호 태양광발전소,대구광역시 달서구 학산로19길 46 (본동),,,,,정상가동,28.56,380,60,2024,발전사업용,,,,2025-11-12
대호3 태양광발전소,대구광역시 서구 북비산로 99 (이현동),,,,,정상가동,49.98,380,60,2024,발전사업용,,,,2025-11-12
해인 태양광발전소,대구광역시 서구 와룡로72길 47 (중리동),,,,,정상가동,99,380,60,2024,발전사업용,,,,2025-11-12
정하 태양광발전소,대구광역시 서구 와룡로72길 47 (중리동),,,,,정상가동,92.4,380,60,2024,발전사업용,,,,2025-11-12
연재 태양광발전소,대구광역시 서구 와룡로72길 47 (중리동),,,,,정상가동,98.45,380,60,2024,발전사업용,,,,2025-11-12
수민 태양광발전소,대구광역시 서구 와룡로72길 47 (중리동),,,,,정상가동,98.45,380,60,2024,발전사업용,,,,2025-11-12
옥남 태양광발전소,대구광역시 서구 와룡로72길 47 (중리동),,,,,정상가동,96.3,380,60,2024,발전사업용,,,,2025-11-12
대신정기화물 태양광발전소,대구광역시 서구 와룡로90길 7 (이현동),,,,,정상가동,99.6,380,60,2023,발전사업용,,,,2025-11-12
아르뉴 태양광발전소,대구광역시 서구 통학로17길 18-2 (평리동),,,,,정상가동,19.04,380,60,2023,발전사업용,,,,2025-11-12
티끌모아 태양광발전소,대구광역시 서구 와룡로70길 42 (중리동),,,,,정상가동,49.98,380,60,2024,발전사업용,,,,2025-11-12
평화 태양광발전소,대구광역시 서구 국채보상로 34 (중리동),,,,,정상가동,99.96,380,60,2024,발전사업용,,,,2025-11-12
G.U. 태양광발전소,대구광역시 서구 국채보상로 350 (비산동),,,,,정상가동,99.96,380,60,2024,발전사업용,,,,2025-11-12
대원산업3 태양광발전소,대구광역시 서구 와룡로84길 23 (이현동),,,,,정상가동,87.75,380,60,2023,발전사업용,,,,2025-11-12
고산 태양광발전소,대구광역시 수성구 달구벌대로 3162 (노변동),,,,,정상가동,30.35,380,60,2023,발전사업용,,,,2025-11-12
엄지 태양광발전소,대구광역시 수성구 용학로25길 54 (두산동),,,,,정상가동,51.76,380,60,2023,발전사업용,,,,2025-11-12
상원쏠라테크2 태양광발전소,대구광역시 동구 도평로38길 25 (도동),,,,,정상가동,41.06,380,60,2023,발전사업용,,,,2025-11-12
상원쏠라테크1 태양광발전소,대구광역시 동구 도평로38길 25 (도동),,,,,정상가동,57.12,380,60,2023,발전사업용,,,,2025-11-12
동인2호 태양광발전소,대구광역시 동구 안심로59길 19 (동호동),,,,,정상가동,48.79,380,60,2023,발전사업용,,,,2025-11-12
동인1호 태양광발전소,대구광역시 동구 안심로59길 19 (동호동),,,,,정상가동,99.96,380,60,2023,발전사업용,,,,2025-11-12
동호 태양광발전소,대구광역시 동구 경안로 751 (동호동),,,,,정상가동,29.79,380,60,2023,발전사업용,,,,2025-11-12
석정 태양광발전소,대구광역시 북구 한강로8길 21-3 (금호동),,,,,정상가동,89.28,380,60,2024,발전사업용,,,,2025-11-12
연합테크,대구광역시 북구 검단로31길 62 (검단동),,,,,정상가동,149.44,380,60,2024,발전사업용,,,,2025-11-12
두리 태양광발전소,대구광역시 북구 노본길 15-10 (학정동),,,,,정상가동,89.85,380,60,2023,발전사업용,,,,2025-11-12
동천 태양광발전소,대구광역시 북구 팔거천동로26길 4-10 (동천동),,,,,정상가동,17.85,380,60,2023,발전사업용,,,,2025-11-12
리빙 폼 태양광발전소,대구광역시 남구 대명남로 104-1 (대명동),,,,,정상가동,19.64,380,60,2023,발전사업용,,,,2025-11-12
보경2 태양광발전소,대구광역시 남구 두류공원로20길 13 (대명동),,,,,정상가동,18.6,380,60,2023,발전사업용,,,,2025-11-12
금성1호 태양광발전소,대구광역시 북구 팔달북로 107 (노원동3가),,,,,정상가동,99.96,380,60,2023,발전사업용,,,,2025-11-12
돌방 태양광발전소,대구광역시 북구 3공단로43길 17 (노원동3가),,,,,정상가동,199.92,380,60,2023,발전사업용,,,,2025-11-12
삼일 태양광발전소,대구광역시 북구 3공단로 227 (노원동3가),,,,,정상가동,99.96,380,60,2023,발전사업용,,,,2025-11-12
초록전기공장 태양광발전소,대구광역시 북구 동화천로 300 (연경동),,,,,정상가동,99.96,380,60,2024,발전사업용,,,,2025-11-12
푸른전기공장 태양광발전소,대구광역시 북구 동화천로 300 (연경동),,,,,정상가동,99.96,380,60,2024,발전사업용,,,,2025-11-12
YSJ 태양광발전소,대구광역시 달성군 다사읍 세천남로2길 8,,,,,정상가동,38.12,380,60,2023,발전사업용,,,,2025-11-12
유니엔솔수 태양광발전소,대구광역시 달성군 하빈면 하빈남로52길 36-17,,,,,정상가동,19.4,380,60,2023,발전사업용,,,,2025-11-12
토우3호 태양광발전소,,대구광역시 달성군 옥포읍 김흥리 665번지,,,,정상가동,65.34,380,60,2024,발전사업용,,,,2025-11-12
토우2호 태양광발전소,,대구광역시 달성군 옥포읍 김흥리 665번지,,,,정상가동,66.33,380,60,2024,발전사업용,,,,2025-11-12
토우1호 태양광발전소,,대구광역시 달성군 옥포읍 김흥리 665번지,,,,정상가동,99.99,380,60,2024,발전사업용,,,,2025-11-12
와이디 코리아2 태양광발전소,,대구광역시 달성군 논공읍 금포리 1320-4,,,,정상가동,52.36,380,60,2023,발전사업용,,,,2025-11-12
와이디 코리아1 태양광발전소,대구광역시 달성군 논공읍 봉동길 24,,,,,정상가동,42.25,380,60,2023,발전사업용,,,,2025-11-12
(주)와이제이엠텍 태양광발전소,대구광역시 달성군 구지면 달성2차3로 81,,,,,정상가동,144,380,60,2023,발전사업용,,,,2025-11-12
에이치에스 태양광발전소,대구광역시 달성군 하빈면 달구벌대로12길 210-4,,,,,정상가동,99.96,380,60,2023,발전사업용,,,,2025-11-12
케스코 태양광발전소,대구광역시 달성군 하빈면 하빈로92길 22,,,,,정상가동,82.11,380,60,2024,발전사업용,,,,2025-11-12
지수 태양광발전소 2호,대구광역시 달성군 다사읍 세천로1길 116-2,,,,,정상가동,99.96,380,60,2023,발전사업용,,,,2025-11-12
지수 태양광발전소 1호,대구광역시 달성군 다사읍 세천로1길 116-2,,,,,정상가동,99.96,380,60,2023,발전사업용,,,,2025-11-12
지수시스템 태양광발전소,대구광역시 달성군 다사읍 세천로1길 116-2,,,,,정상가동,49.98,380,60,2023,발전사업용,,,,2025-11-12
금화2호 태양광발전소,대구광역시 달성군 하빈면 하빈남로 504-25,,,,,정상가동,89.25,380,60,2024,발전사업용,,,,2025-11-12
금화1호 태양광발전소,대구광역시 달성군 하빈면 달구벌대로8길 169,,,,,정상가동,74.97,380,60,2023,발전사업용,,,,2025-11-12
(주)진양정밀[진양정밀 태양광발전소],대구광역시 달성군 다사읍 세천로4길 23,,,,,정상가동,342.72,380,60,2024,발전사업용,,,,2025-11-12
동재공업(주)[동재공업 제2 태양광발전소],대구광역시 북구 검단로27길 79 (검단동),,,,,정상가동,99.96,380,60,2023,발전사업용,,,,2025-11-12
한솔 태양광발전소,대구광역시 북구 노원로25길 56-7 (노원동3가),,,,,정상가동,43.7,380,60,2024,발전사업용,,,,2025-11-12
윤유에너지 태양광발전소,대구광역시 북구 대학로17길 18 (산격동),,,,,정상가동,28.56,380,60,2023,발전사업용,,,,2025-11-12
부산1 태양광발전소,대구광역시 북구 오봉로 35-1 (노원동2가),,,,,정상가동,34.51,380,60,2023,발전사업용,,,,2025-11-12
동성2호 태양광발전소,대구광역시 북구 오봉로36길 46-1 (침산동),,,,,정상가동,83.3,380,60,2024,발전사업용,,,,2025-11-12
동성1호 태양광발전소,대구광역시 북구 오봉로36길 46 (침산동),,,,,정상가동,41.65,380,60,2024,발전사업용,,,,2025-11-12
송설 태양광발전소,대구광역시 북구 침산남로9길 93 (침산동),,,,,정상가동,60,380,60,2023,발전사업용,,,,2025-11-12
미래빛 태양광발전소,대구광역시 달서구 성서공단북로65길 57 (갈산동),,,,,정상가동,98.77,380,60,2023,발전사업용,,,,2025-11-12
해용 태양광발전소,대구광역시 달서구 월배로85길 131 (송현동),,,,,정상가동,17.03,380,60,2023,발전사업용,,,,2025-11-12
엠에이치파워 1호 태양광발전소,대구광역시 달서구 성서로36안길 21-11 (월성동),,,,,정상가동,474.36,380,60,2024,발전사업용,,,,2025-11-12
에이스 태양광발전소,대구광역시 달서구 달서대로95길 28 (호산동),,,,,정상가동,44.63,380,60,2023,발전사업용,,,,2025-11-12
L-Solar 다우엔지니어링 태양광발전소,대구광역시 달서구 호산로2길 7 (호산동),,,,,정상가동,149.94,380,60,2024,발전사업용,,,,2025-11-12
효성에너지,대구광역시 달서구 성서공단북로69길 10 (장동),,,,,정상가동,198.94,380,60,2024,발전사업용,,,,2025-11-12
효성분말야금2호 태양광발전소,대구광역시 달성군 구지면 국가산단서로71길 52,,,,,정상가동,94.61,380,60,2024,발전사업용,,,,2025-11-12
효성분말야금1호 태양광발전소,대구광역시 달성군 구지면 국가산단서로71길 52,,,,,정상가동,99.96,380,60,2024,발전사업용,,,,2025-11-12
백두 태양광발전소,대구광역시 달성군 현풍읍 지동길 66-49,,,,,정상가동,71.39,380,60,2024,발전사업용,,,,2025-11-12
신화5 태양광발전소,대구광역시 달성군 구지면 국가산단서로71길 138-11,,,,,정상가동,99,380,60,2023,발전사업용,,,,2025-11-12
신화4 태양광발전소,대구광역시 달성군 구지면 국가산단서로71길 138-11,,,,,정상가동,99,380,60,2023,발전사업용,,,,2025-11-12
신화3 태양광발전소,대구광역시 달성군 구지면 국가산단서로71길 138-11,,,,,정상가동,99,380,60,2023,발전사업용,,,,2025-11-12
신화2 태양광발전소,대구광역시 달성군 구지면 국가산단서로71길 138-11,,,,,정상가동,99,380,60,2023,발전사업용,,,,2025-11-12
신화1 태양광발전소,대구광역시 달성군 구지면 국가산단서로71길 138-11,,,,,정상가동,99,380,60,2023,발전사업용,,,,2025-11-12
진우테크 태양광발전소,대구광역시 달성군 논공읍 비슬로262길 50,,,,,정상가동,99.96,380,60,2023,발전사업용,,,,2025-11-12
화진에너지2,대구광역시 달성군 옥포읍 비슬로387길 44,,,,,정상가동,359,380,60,2025,발전사업용,,,,2025-11-12
세화하이텍 태양광발전소,대구광역시 달성군 옥포읍 반송3길 11,,,,,정상가동,99.96,380,60,2023,발전사업용,,,,2025-11-12
솔라젠 태양광발전소,대구광역시 동구 팔공로45길 23 (봉무동),,,,,정상가동,166.6,380,60,2023,발전사업용,,,,2025-11-12
성서 태양광발전소,대구광역시 달서구 성서서로36안길 3 (갈산동),,,,,정상가동,46.41,380,60,2023,발전사업용,,,,2025-11-12
강산 태양광발전소,대구광역시 달서구 성서공단남로10길 56 (대천동),,,,,정상가동,99.12,380,60,2024,발전사업용,,,,2025-11-12
꽃님14당경발전소,대구광역시 달서구 성서공단남로10길 56 (대천동),,,,,정상가동,99.12,380,60,2024,발전사업용,,,,2025-11-12
건영 태양광발전소,대구광역시 달서구 성서로36안길 17 (월성동),,,,,정상가동,191.47,380,60,2023,발전사업용,,,,2025-11-12
애리 태양광발전소,대구광역시 달서구 성서동로 119 (월암동),,,,,정상가동,99.96,380,60,2023,발전사업용,,,,2025-11-12
경수 태양광발전소,대구광역시 달서구 성서동로 119 (월암동),,,,,정상가동,99.96,380,60,2023,발전사업용,,,,2025-11-12
케이제이 태양광발전소,대구광역시 달서구 성서동로 119 (월암동),,,,,정상가동,299.88,380,60,2023,발전사업용,,,,2025-11-12
주연정공 태양광발전소,대구광역시 달서구 성서공단북로43길 9 (신당동),,,,,정상가동,199.52,380,60,2023,발전사업용,,,,2025-11-12
대영산업1호 태양광발전소,대구광역시 달서구 성서로67길 56 (갈산동),,,,,정상가동,34.5,380,60,2023,발전사업용,,,,2025-11-12
오퍼스2 태양광발전소,대구광역시 동구 팔공로47길 47(봉무동),,,,,정상가동,99.45,380,60,2024,발전사업용,,,,2025-11-12
오퍼스1 태양광발전소,대구광역시 동구 팔공로47길 47(봉무동),,,,,정상가동,99.45,380,60,2024,발전사업용,,,,2025-11-12
꽃님2 태양광발전소,대구광역시 서구 북비산로 96-6(이현동),,,,,정상가동,59.9,380,60,2023,발전사업용,,,,2025-11-12
한빛침장 태양광발전소,대구광역시 서구 와룡로90길 55(이현동),,,,,정상가동,99.84,380,60,2023,발전사업용,,,,2025-11-12
호연2호 태양광발전소,대구광역시 북구 검단북로 2-12(산격동),,,,,정상가동,19.63,380,60,2023,발전사업용,,,,2025-11-12
세창2 태양광발전소,대구광역시 북구 3공단로 245-1(노원동3가),,,,,정상가동,99.96,380,60,2023,발전사업용,,,,2025-11-12
깜이2 태양광발전소,대구광역시 북구 3공단로 245-1(노원동3가),,,,,정상가동,99.96,380,60,2023,발전사업용,,,,2025-11-12
썬1호 태양광발전소,대구광역시 북구 장태실2길 21(팔달동),,,,,정상가동,47,380,60,2023,발전사업용,,,,2025-11-12
썬이피에스 태양광발전소,대구광역시 북구 이곡길 36(서변동),,,,,정상가동,64.96,380,60,2023,발전사업용,,,,2025-11-12
(주)보성메탈,대구광역시 북구 오봉로 149(노원동3가),,,,,정상가동,56.26,380,60,2023,발전사업용,,,,2025-11-12
영진에너지,대구광역시 북구 태전로7길 27-9(태전동),,,,,정상가동,19.72,380,60,2023,발전사업용,,,,2025-11-12
세천 태양광발전소,대구광역시 달성군 다사읍 세천남로2길 8-23,,,,,정상가동,41.65,380,60,2023,발전사업용,,,,2025-11-12
하빈2 태양광발전소,대구광역시 달성군 하빈면 묘동길 113,,,,,정상가동,56.52,380,60,2023,발전사업용,,,,2025-11-12
하빈1 태양광발전소,대구광역시 달성군 하빈면 묘동길 115,,,,,정상가동,89.25,380,60,2023,발전사업용,,,,2025-11-12
천일 태양광발전소,대구광역시 달성군 하빈면 하빈남로 289-126,,,,,정상가동,58.9,380,60,2023,발전사업용,,,,2025-11-12
대건건업 태양광발전소,대구광역시 달성군 하빈면 하산2길 37-18,,,,,정상가동,43.43,380,60,2023,발전사업용,,,,2025-11-12
동신정밀 태양광발전소,대구광역시 달성군 다사읍 세천북로14길 54-6,,,,,정상가동,89.25,380,60,2023,발전사업용,,,,2025-11-12
창신 태양광발전소,대구광역시 달성군 구지면 국가산단대로49길 112,,,,,정상가동,99.96,380,60,2023,발전사업용,,,,2025-11-12
태리2 태양광발전소,대구광역시 달성군 구지면 국가산단대로49길 112,,,,,정상가동,99.96,380,60,2023,발전사업용,,,,2025-11-12
태리1 태양광발전소,대구광역시 달성군 구지면 달성2차3로 63,,,,,정상가동,99.96,380,60,2023,발전사업용,,,,2025-11-12
신창테크2 태양광발전소,대구광역시 달성군 구지면 달성2차3로 63,,,,,정상가동,99.96,380,60,2023,발전사업용,,,,2025-11-12
신창테크1 태양광발전소,대구광역시 달성군 구지면 국가산단대로49길 112,,,,,정상가동,99.96,380,60,2023,발전사업용,,,,2025-11-12
썬키 태양광발전소,대구광역시 달성군 구지면 국가산단대로49길 112,,,,,정상가동,99.96,380,60,2023,발전사업용,,,,2025-11-12
세창1 태양광발전소,대구광역시 달성군 구지면 국가산단대로49길 112,,,,,정상가동,99.96,380,60,2023,발전사업용,,,,2025-11-12
깜이1 태양광발전소,대구광역시 달성군 구지면 국가산단대로49길 112,,,,,정상가동,99.96,380,60,2023,발전사업용,,,,2025-11-12
제이유 태양광발전소,대구광역시 달성군 구지면 국가산단대로49길 112,,,,,정상가동,99.96,380,60,2023,발전사업용,,,,2025-11-12
케이에스 태양광발전소,대구광역시 달성군 유가읍 테크노중앙대로1길 60-5,,,,,정상가동,99.99,380,60,2023,발전사업용,,,,2025-11-12
제이에스테크2 태양광발전소,대구광역시 달서구 성서공단로 194-12(월암동),,,,,정상가동,99.96,380,60,2024,발전사업용,,,,2025-11-12
제이에스테크1 태양광발전소,대구광역시 달서구 성서공단로 194-12(월암동),,,,,정상가동,99.96,380,60,2024,발전사업용,,,,2025-11-12
햇살그린협동조합[모햇 태양광발전소 159호],대구광역시 달서구 성서공단로51길 68-8(장동),,,,,정상가동,99.96,380,60,2023,발전사업용,,,,2025-11-12
햇살그린협동조합 [모햇 태양광발전소 151호],대구광역시 달서구 성서공단로51길 68-8(장동),,,,,정상가동,99.96,380,60,2023,발전사업용,,,,2025-11-12
(주)엘솔라일호[L-Solar 영신인더스트리 태양광발전소],대구광역시 달서구 성서공단로21길 94(갈산동),,,,,정상가동,499.14,380,60,2024,발전사업용,,,,2025-11-12
(주)엘솔라일호[L-Solar 영신다이커터 태양광발전소],"대구광역시 달서구 달서대로 533, 영신다이커터(호산동)",,,,,정상가동,1230.15,22900,60,2024,발전사업용,,,,2025-11-12
(주)대기솔라[(주)대기솔라3호 태양광발전소],대구광역시 달서구 성서공단로54길 42(월암동),,,,,정상가동,99.36,380,60,2023,발전사업용,,,,2025-11-12
(주)대기솔라[(주)대기솔라2호 태양광발전소],대구광역시 달서구 성서공단로54길 42(월암동),,,,,정상가동,99.36,380,60,2023,발전사업용,,,,2025-11-12
(주)대기솔라[(주)대기솔라1호 태양광발전소],대구광역시 달서구 성서공단로54길 42(월암동),,,,,정상가동,99.36,380,60,2023,발전사업용,,,,2025-11-12
호연1호 태양광발전소,대구광역시 달서구 성서로 46(대천동),,,,,정상가동,81.51,380,60,2023,발전사업용,,,,2025-11-12
(주)신일철강[신일철강2 태양광발전소],대구광역시 달서구 성서공단북로3길 20(파호동),,,,,정상가동,99.71,380,60,2023,발전사업용,,,,2025-11-12
후손 태양광발전소,대구광역시 달서구 성서공단남로40길 10(월암동),,,,,정상가동,99.96,380,60,2023,발전사업용,,,,2025-11-12
하늘 태양광발전소,대구광역시 달성군 논공읍 안씩실길 38-29,,,,,정상가동,89.89,380,60,2023,발전사업용,,,,2025-11-12
파워 태양광발전소,대구광역시 달성군 구지면 달성2차3로 59,,,,,정상가동,99.84,380,60,2023,발전사업용,,,,2025-11-12
선샤인 태양광발전소,대구광역시 달성군 구지면 달성2차3로 59,,,,,정상가동,99.84,380,60,2023,발전사업용,,,,2025-11-12
안재우 3호 태양광발전소,대구광역시 달성군 구지면 국가산단서로71길 105,,,,,정상가동,99.55,380,60,2023,발전사업용,,,,2025-11-12
안재우 2호 태양광발전소,대구광역시 달성군 구지면 국가산단서로71길 105,,,,,정상가동,99.55,380,60,2023,발전사업용,,,,2025-11-12
안재우 1호 태양광발전소,대구광역시 달성군 구지면 국가산단서로71길 105,,,,,정상가동,99.55,380,60,2023,발전사업용,,,,2025-11-12
신미영 2호 태양광발전소,대구광역시 달성군 구지면 국가산단서로71길 105,,,,,정상가동,33,380,60,2023,발전사업용,,,,2025-11-12
신미영 1호 태양광발전소,대구광역시 달성군 구지면 국가산단서로71길 105,,,,,정상가동,99.55,380,60,2023,발전사업용,,,,2025-11-12
티오피글로벌A 태양광발전소,대구광역시 달성군 논공읍 위천2길 5-2,,,,,정상가동,49.98,380,60,2023,발전사업용,,,,2025-11-12
(주)삼익솔라 태양광발전소,대구광역시 달성군 구지면 달성2차동2로 66,,,,,정상가동,361.76,380,60,2023,발전사업용,,,,2025-11-12
동국세천 태양광발전소,대구광역시 달성군 다사읍 세천로7길 43-1,,,,,정상가동,182.66,380,60,2023,발전사업용,,,,2025-11-12
원철 태양광발전소,대구광역시 달성군 하빈면 하산2길 17,,,,,정상가동,99.96,380,60,2023,발전사업용,,,,2025-11-12
꽃님1 태양광발전소,대구광역시 달성군 하빈면 하산4길 70,,,,,정상가동,99.96,380,60,2023,발전사업용,,,,2025-11-12
원테크발전소2호,대구광역시 달서구 성서서로51길 32(신당동),,,,,정상가동,78.88,380,60,2023,발전사업용,,,,2025-11-12
원테크발전소1호,대구광역시 달서구 성서서로51길 32(신당동),,,,,정상가동,96.86,380,60,2023,발전사업용,,,,2025-11-12
원진텍스 태양광발전소,대구광역시 달서구 성서공단북로18길 34(호산동),,,,,정상가동,19.63,380,60,2023,발전사업용,,,,2025-11-12
희성글로벌2호 태양광발전소,대구광역시 달서구 성서로35길 49(월암동),,,,,정상가동,83.3,380,60,2023,발전사업용,,,,2025-11-12
희성글로벌1호 태양광발전소,대구광역시 달서구 성서로35길 49(월암동),,,,,정상가동,99.96,380,60,2023,발전사업용,,,,2025-11-12
세림4호 태양광발전소,대구광역시 달서구 달구벌대로240길 26(신당동),,,,,정상가동,99.99,380,60,2023,발전사업용,,,,2025-11-12
성진에너지,대구광역시 북구 검단공단로 82(검단동),,,,,정상가동,224.31,380,60,2024,발전사업용,,,,2025-11-12
우진에너지,대구광역시 북구 검단공단로 82-2(검단동),,,,,정상가동,148.75,380,60,2024,발전사업용,,,,2025-11-12
팔공에너지 태양광발전소,대구광역시 북구 유통단지로24길 34(산격동),,,,,정상가동,53.69,380,60,2023,발전사업용,,,,2025-11-12
설우3 태양광발전소,대구광역시 동구 부동길 94-34(부동),,,,,정상가동,72.5,380,60,2023,발전사업용,,,,2025-11-12
설우2 태양광발전소,대구광역시 동구 부동길 94-34(부동),,,,,정상가동,99.5,380,60,2023,발전사업용,,,,2025-11-12
설우1 태양광발전소,대구광역시 동구 부동길 94-34(부동),,,,,정상가동,99.5,380,60,2023,발전사업용,,,,2025-11-12
쏘울플러스 태양광발전소,대구광역시 동구 반야월북로12길 20(율암동),,,,,정상가동,99.45,380,60,2023,발전사업용,,,,2025-11-12
화진 태양광발전소,대구광역시 달성군 구지면 국가산단서로71길 138-18,,,,,정상가동,499.8,380,60,2023,발전사업용,,,,2025-11-12
영진2 태양광발전소,대구광역시 달서구 호산동로 108(호산동),,,,,정상가동,194.56,380,60,2023,발전사업용,,,,2025-11-12
엠마트2호 태양광발전소,대구광역시 달서구 성서공단로21길 32(갈산동),,,,,정상가동,99.47,380,60,2023,발전사업용,,,,2025-11-12
L-Solar 하렉스엔지니어링 태양광발전소,대구광역시 달서구 성서로9길 45(대천동),,,,,정상가동,240.12,380,60,2024,발전사업용,,,,2025-11-12
방항규 태양광발전소,,대구광역시 달서구 장동 869-8,,,,정상가동,91.63,380,60,2023,발전사업용,,,,2025-11-12
이경민 태양광발전소,,대구광역시 달서구 장동 868-2,,,,정상가동,65.45,380,60,2023,발전사업용,,,,2025-11-12
원진연사 태양광발전소,,대구광역시 달서구 호산동 702-6,,,,정상가동,99.96,380,60,2023,발전사업용,,,,2025-11-12
성서로타리2 태양광발전소,대구광역시 달서구 성서로5길 16(대천동),,,,,정상가동,99.99,380,60,2023,발전사업용,,,,2025-11-12
성서로타리1 태양광발전소,대구광역시 달서구 성서로5길 20(대천동),,,,,정상가동,95.04,380,60,2023,발전사업용,,,,2025-11-12
유피아이 태양광발전소,대구광역시 달서구 성서공단로51길 51(장동),,,,,정상가동,485.46,380,60,2023,발전사업용,,,,2025-11-12
김홍수 태양광발전소,,대구광역시 달서구 월암동 918-9,,,,정상가동,97.97,380,60,2023,발전사업용,,,,2025-11-12
해찬 태양광발전소,,대구광역시 달서구 호산동 713-15,,,,정상가동,29.75,380,60,2024,발전사업용,,,,2025-11-12
강임에너지A 태양광발전소,대구광역시 달서구 성서공단남로 103(월암동),,,,,정상가동,59.5,380,60,2023,발전사업용,,,,2025-11-12
나란농장2 태양광발전소,대구광역시 달성군 유가읍 도의길 100-18,,,,,정상가동,60.5,380,60,2025,발전사업용,,,,2025-11-12
나란농장1 태양광발전소,대구광역시 달성군 유가읍 도의길 100-18,,,,,정상가동,99.84,380,60,2024,발전사업용,,,,2025-11-12
나원테크3 태양광발전소,대구광역시 달성군 다사읍 세천로7길 17-42,,,,,정상가동,94.01,380,60,2023,발전사업용,,,,2025-11-12
나원테크2 태양광발전소,대구광역시 달성군 다사읍 세천로7길 17-42,,,,,정상가동,94.01,380,60,2023,발전사업용,,,,2025-11-12
나원테크1 태양광발전소,대구광역시 달성군 다사읍 세천로7길 17-42,,,,,정상가동,94.01,380,60,2023,발전사업용,,,,2025-11-12
기곡 태양광발전소,,대구광역시 달성군 하빈면 기곡리 88-1,,,,정상가동,99.47,380,60,2023,발전사업용,,,,2025-11-12
비슬태양광2발전소,"대구광역시 달성군 유가읍 테크노순환로7길 9, (주)상아뉴매틱",,,,,정상가동,257.04,380,60,2023,발전사업용,,,,2025-11-12
대구청하 태양광발전소,,대구광역시 달성군 구지면 화산리 1113-5,,,,정상가동,199.42,380,60,2023,발전사업용,,,,2025-11-12
월드테크B동 태양광발전소,,대구광역시 달성군 논공읍 상리 799-29,,,,정상가동,51.51,380,60,2023,발전사업용,,,,2025-11-12
반석1 태양광발전소,,대구광역시 달성군 하빈면 묘리 848-3,,,,정상가동,52.36,380,60,2023,발전사업용,,,,2025-11-12
호수 태양광발전소,,대구광역시 달성군 다사읍 박곡리 585-1,,,,정상가동,35.35,380,60,2023,발전사업용,,,,2025-11-12
대흥에너지,대구광역시 서구 평리로35길 50(중리동),,,,,정상가동,60,380,60,2023,발전사업용,,,,2025-11-12
아일랜드 태양광발전소,대구광역시 서구 달구벌대로377길 8(내당동),,,,,정상가동,19.19,380,60,2023,발전사업용,,,,2025-11-12
명보발전소,대구광역시 서구 서대구로54길 37(비산동),,,,,정상가동,92.82,380,60,2023,발전사업용,,,,2025-11-12
제네릭2 태양광발전소,,대구광역시 달서구 갈산동 358-112 동편,,,,정상가동,69.62,380,60,2023,발전사업용,,,,2025-11-12
제네릭1 태양광발전소,,대구광역시 달서구 갈산동 358-112 북편,,,,정상가동,83.89,380,60,2023,발전사업용,,,,2025-11-12
대경산업연구소2 태양광발전소,"대구광역시 달서구 성서로5길 116, A동창고(월암동)",,,,,정상가동,48,380,60,2023,발전사업용,,,,2025-11-12
대경산업연구소1 태양광발전소,"대구광역시 달서구 성서로5길 116, A동공장(월암동)",,,,,정상가동,96,380,60,2023,발전사업용,,,,2025-11-12
신대일 태양광발전소,"대구광역시 달서구 성서공단로51길 27, 3~7동(장동)",,,,,정상가동,499.8,380,60,2023,발전사업용,,,,2025-11-12
햇살그린협동조합 [모햇 태양광발전소 114호],,대구광역시 달서구 월암동 1-67,,,,정상가동,99.45,380,60,2023,발전사업용,,,,2025-11-12
햇살그린협동조합 [모햇 태양광발전소 113호],,대구광역시 달서구 월암동 1-67,,,,정상가동,99.45,380,60,2023,발전사업용,,,,2025-11-12
햇살그린협동조합 [모햇 태양광발전소 112호],,대구광역시 달서구 월암동 1-67,,,,정상가동,99.45,380,60,2023,발전사업용,,,,2025-11-12
성일정공사 태양광발전소,"대구광역시 달서구 성서공단로55길 63, 1동,2동(장동)",,,,,정상가동,296.7,380,60,2023,발전사업용,,,,2025-11-12
원진2호 태양광발전소,대구광역시 북구 3공단로 62(노원동3가),,,,,정상가동,49.8,380,60,2023,발전사업용,,,,2025-11-12
원진1호 태양광발전소,대구광역시 북구 3공단로 62(노원동3가),,,,,정상가동,99,380,60,2023,발전사업용,,,,2025-11-12
EY 태양광발전소,대구광역시 북구 검단로31길 41-12(검단동),,,,,정상가동,99.76,380,60,2023,발전사업용,,,,2025-11-12
화성테크 태양광발전소,대구광역시 북구 팔달북로11길 11(노원동3가),,,,,정상가동,70.7,380,60,2023,발전사업용,,,,2025-11-12
노원공장3호 태양광발전소,대구광역시 북구 3공단로 102-4(노원동3가),,,,,정상가동,51.75,380,60,2023,발전사업용,,,,2025-11-12
대구시민햇빛발전소 13호 태양광발전소,대구광역시 달성군 유가읍 테크노순환로10길 1,,,,,정상가동,99.84,380,60,2023,발전사업용,,,,2025-11-12
대구시민햇빛발전소 12호 태양광발전소,대구광역시 달성군 유가읍 테크노순환로10길 1,,,,,정상가동,99.84,380,60,2023,발전사업용,,,,2025-11-12
대구시민햇빛발전소 11호 태양광발전소,대구광역시 달성군 유가읍 테크노순환로10길 1,,,,,정상가동,63.36,380,60,2023,발전사업용,,,,2025-11-12
대구시민햇빛발전소 10호 태양광발전소,대구광역시 달성군 유가읍 테크노순환로10길 1,,,,,정상가동,132,380,60,2023,발전사업용,,,,2025-11-12
에스알에스 제3산단1호 태양광발전소,대구광역시 북구 3공단로43길 8(노원동3가),,,,,정상가동,271.44,380,60,2024,발전사업용,,,,2025-11-12
로얄 태양광발전소,대구광역시 달성군 현풍읍 현풍서로 3,,,,,정상가동,77.42,380,60,2024,발전사업용,,,,2025-11-12
(주)한국소방기구제작소[(주)한국소방4공장태양광발전소],"대구광역시 달성군 구지면 국가산단대로50길 40, C동",,,,,정상가동,95.2,380,60,2023,발전사업용,,,,2025-11-12
(주)한국소방기구제작소[(주)한국소방3공장B태양광발전소],"대구광역시 달성군 구지면 달성2차로 200, (주)영원무역 1동",,,,,정상가동,95.2,380,60,2023,발전사업용,,,,2025-11-12
(주)한국소방기구제작소[(주)한국소방3공장A태양광발전소],"대구광역시 달성군 구지면 달성2차로 200, (주)영원무역 1동",,,,,정상가동,98.77,380,60,2023,발전사업용,,,,2025-11-12
주식회사 경성(경성태양광발전소),대구광역시 중구 중앙대로61길 54(남산동),,,,,정상가동,19.2,380,60,2023,발전사업용,,,,2025-11-12
정선 태양광발전소,대구광역시 수성구 청수로12길 5(상동),,,,,정상가동,19.63,380,60,2023,발전사업용,,,,2025-11-12
근원2태양광발전소,,"대구광역시 군위군 우보면 달산리 96 (3동,4동,5동 버섯재배사 건물 위)",,,,정상가동,99,380,60,2023,발전사업용,,,,2025-11-12
근원1태양광발전소,,"대구광역시 군위군 우보면 달산리 96 (1동,2동 버섯재배사 건물위)",,,,정상가동,99,380,60,2023,발전사업용,,,,2025-11-12
용경태양광발전소,,"대구광역시 군위군 군위읍 사직리 9-6 , 19-13(건물 위)",,,,정상가동,59.5,380,60,2024,발전사업용,,,,2025-11-12
도산태양광발전소,,대구광역시 군위군 소보면 도산리 18 (주1 지붕위),,,,정상가동,28,380,60,2024,발전사업용,,,,2025-11-12
동이제2태양광발전소,,대구광역시 군위군 소보면 봉황리 1299 (주2 지붕위),,,,정상가동,97.58,380,60,2023,발전사업용,,,,2025-11-12
동이제1태양광발전소,,대구광역시 군위군 소보면 봉황리 1299 (주1 지붕위),,,,정상가동,97.58,380,60,2023,발전사업용,,,,2025-11-12
경화3호 태양광발전소,,"대구광역시 군위군 의흥면 매성리 822-29 , 822-43, 금양리 953-8 (주7, 부3,4,5) 지붕위",,,,정상가동,93.42,380,60,2025,발전사업용,,,,2025-11-12
경화2호 태양광발전소,,"대구광역시 군위군 의흥면 매성리 822-29 , 822-43, 금양리 953-8 (부1,부2,주5) 지붕위",,,,정상가동,99.37,380,60,2025,발전사업용,,,,2025-11-12
경화1호 태양광발전소,,"대구광역시 군위군 의흥면 매성리 822-29 , 822-43, 금양리 953-8(주5,주6 지붕위)",,,,정상가동,99.37,380,60,2025,발전사업용,,,,2025-11-12
로빈태양광발전소,,"대구광역시 군위군 소보면 봉소리 396 (주1동,주2동 건물위)",,,,정상가동,99.96,380,60,2024,발전사업용,,,,2025-11-12
오세승태양광발전소,"대구광역시 군위군 삼국유사면 학암1길 94, (버섯재배사 건물위)",,,,,정상가동,359.98,380,60,2025,발전사업용,,,,2025-11-12
백연2 태양광발전소,,"대구광역시 군위군 군위읍 정리 876 , 877-3 (건물위)",,,,정상가동,76.8,380,60,2023,발전사업용,,,,2025-11-12
군위제트케이,"대구광역시 군위군 군위읍 군청로 316, (건물위)",,,,,정상가동,85.68,380,60,2023,발전사업용,,,,2025-11-12
백연1 태양광발전소,"대구광역시 군위군 군위읍 도군로 2577-22, (건물위)",,,,,정상가동,90,380,60,2023,발전사업용,,,,2025-11-12
학산태양광발전소,,대구광역시 군위군 효령면 불로리 131 (건물위),,,,정상가동,97.2,380,60,2023,발전사업용,,,,2025-11-12
지남2호 태양광발전소,"대구광역시 군위군 군위읍 도군로 2353-56, (건물위)",,,,,정상가동,99.37,380,60,2025,발전사업용,,,,2025-11-12
승주6호 태양광발전소,,"대구광역시 군위군 의흥면 원산리 1313-97 (부1 , 건물위)",,,,정상가동,13.09,380,60,2024,발전사업용,,,,2025-11-12
다연 태양광발전소,"대구광역시 군위군 군위읍 서금로 740, (건물위)",,,,,정상가동,19.64,380,60,2023,발전사업용,,,,2025-11-12
만석 태양광발전소,"대구광역시 군위군 산성면 산성가음로 382, (건물 위)",,,,,정상가동,19.64,380,60,2023,발전사업용,,,,2025-11-12
범일에너지9호,"대구광역시 군위군 군위읍 서금로 777-59, (부2동 건물 위)",,,,,정상가동,89.3,380,60,2023,발전사업용,,,,2025-11-12
범일에너지8호,"대구광역시 군위군 군위읍 서금로 777-59, (부1동 건물 위)",,,,,정상가동,97.38,380,60,2023,발전사업용,,,,2025-11-12
범일에너지7호,"대구광역시 군위군 군위읍 서금로 777-59, (주2동 건물 위)",,,,,정상가동,97.38,380,60,2023,발전사업용,,,,2025-11-12
범일에너지6호,"대구광역시 군위군 군위읍 서금로 777-59, (주1동 건물 위)",,,,,정상가동,97.38,380,60,2023,발전사업용,,,,2025-11-12
승주5호 태양광발전소,"대구광역시 군위군 의흥면 원산금양길 32-12, (부1 건물 위)",,,,,정상가동,49.98,380,60,2024,발전사업용,,,,2025-11-12
유풍 태양광발전소,"대구광역시 군위군 부계면 한티로 2019, (건물 위)",,,,,정상가동,19.64,380,60,2023,발전사업용,,,,2025-11-12
이은자태양광발전소,"대구광역시 군위군 소보면 도신로 766-36, (건물위)",,,,,정상가동,53.55,380,60,2024,발전사업용,,,,2025-11-12
신덕3 태양광발전소,,대구광역시 군위군 의흥면 신덕리 245 (토지 위),,,,정상가동,99.96,380,60,2025,발전사업용,,,,2025-11-12
신덕2 태양광발전소,,대구광역시 군위군 의흥면 신덕리 245 (토지 위),,,,정상가동,99.96,380,60,2025,발전사업용,,,,2025-11-12
신덕1 태양광발전소,,대구광역시 군위군 의흥면 신덕리 245 (토지 위),,,,정상가동,99.96,380,60,2025,발전사업용,,,,2025-11-12
파전에너지2호 태양광발전소,"대구광역시 군위군 의흥면 파전신덕길 76-20, 버섯재배사 건물위",,,,,정상가동,89.1,380,60,2023,발전사업용,,,,2025-11-12
파전에너지1호 태양광발전소,"대구광역시 군위군 의흥면 파전신덕길 76-20, 버섯재배사 건물위",,,,,정상가동,89.1,380,60,2023,발전사업용,,,,2025-11-12
영성1호태양광발전소,,대구광역시 군위군 군위읍 외량리 134-1 (건물위),,,,정상가동,99.76,380,60,2023,발전사업용,,,,2025-11-12
영성2호태양광발전소,,대구광역시 군위군 군위읍 외량리 134-1 (건물위),,,,정상가동,99.76,380,60,2023,발전사업용,,,,2025-11-12
영민제2호 태양광발전소,"대구광역시 군위군 군위읍 새터길 101-24, (지붕위)",,,,,정상가동,98.98,380,60,2023,발전사업용,,,,2025-11-12
영민제1호 태양광발전소,,대구광역시 군위군 군위읍 대북리 853 (지붕위),,,,정상가동,98.98,380,60,2023,발전사업용,,,,2025-11-12
유창태양광발전소,"대구광역시 군위군 효령면 간동길 16, (건물위)",,,,,정상가동,67.83,380,60,2023,발전사업용,,,,2025-11-12
㈜한국소방 군위공장B 태양광발전소,대구광역시 군위군 군위읍 군위공단길 84-11,,,,,정상가동,58.31,380,60,2023,발전사업용,,,,2025-11-12
㈜한국소방 군위공장A 태양광발전소,대구광역시 군위군 군위읍 군위공단길 84-11,,,,,정상가동,58.31,380,60,2023,발전사업용,,,,2025-11-12
군위YJ10 태양광발전소,"대구광역시 군위군 군위읍 군위공단길 98, (공장건물 위)",,,,,정상가동,99.96,380,60,2024,발전사업용,,,,2025-11-12
군위YJ14 태양광발전소,"대구광역시 군위군 군위읍 군위공단길 98, (공장건물 위)",,,,,정상가동,74.97,380,60,2024,발전사업용,,,,2025-11-12
군위YJ13 태양광발전소,"대구광역시 군위군 군위읍 군위공단길 98, (공장건물 위)",,,,,정상가동,98.18,380,60,2024,발전사업용,,,,2025-11-12
군위YJ12 태양광발전소,"대구광역시 군위군 군위읍 군위공단길 98, (공장건물 위)",,,,,정상가동,45.22,380,60,2024,발전사업용,,,,2025-11-12
군위YJ11 태양광발전소,"대구광역시 군위군 군위읍 군위공단길 98, (공장건물 위)",,,,,정상가동,99.96,380,60,2024,발전사업용,,,,2025-11-12
군위YJ18 태양광발전소,"대구광역시 군위군 군위읍 군위공단길 135-10, (공장건물 위)",,,,,정상가동,54.74,380,60,2024,발전사업용,,,,2025-11-12
군위YJ17 태양광발전소,"대구광역시 군위군 군위읍 군위공단길 135-10, (공장건물 위)",,,,,정상가동,99.96,380,60,2024,발전사업용,,,,2025-11-12
군위YJ16 태양광발전소,,대구광역시 군위군 군위읍 수서리 701-26 (공장건물 위),,,,정상가동,61.88,380,60,2024,발전사업용,,,,2025-11-12
군위YJ15 태양광발전소,,대구광역시 군위군 군위읍 수서리 701-26 (공장건물 위),,,,정상가동,61.88,380,60,2024,발전사업용,,,,2025-11-12
흥안3 태양광발전소,"대구광역시 군위군 군위읍 군위공단길 198-8, (공장건물위)",,,,,정상가동,99.96,380,60,2023,발전사업용,,,,2025-11-12
흥안5 태양광발전소,"대구광역시 군위군 군위읍 군위공단길 198-8, (공장건물위)",,,,,정상가동,72.59,380,60,2023,발전사업용,,,,2025-11-12
흥안4 태양광발전소,"대구광역시 군위군 군위읍 군위공단길 198-8, (공장건물위)",,,,,정상가동,99.96,380,60,2023,발전사업용,,,,2025-11-12
흥안2 태양광발전소,"대구광역시 군위군 군위읍 군위공단길 198-8, (공장건물위)",,,,,정상가동,99.96,380,60,2023,발전사업용,,,,2025-11-12
흥안1 태양광발전소,대구광역시 군위군 군위읍 군위공단길 198-8,,,,,정상가동,98.77,380,60,2023,발전사업용,,,,2025-11-12
인현2 태양광발전소,대구광역시 군위군 산성면 부흥로 413-13,,,,,정상가동,62.64,380,60,2023,발전사업용,,,,2025-11-12
인현1 태양광발전소,대구광역시 군위군 산성면 부흥로 413-13,,,,,정상가동,99.76,380,60,2023,발전사업용,,,,2025-11-12
(주)팔팔전력 (팔팔태양광발전소),대구광역시 동구 팔공로28길 101-2(도동),,,,,정상가동,26.1,380,60,2023,발전사업용,,,,2025-11-12
검단1호 태양광발전소,대구광역시 북구 검단로 151-19(검단동),,,,,정상가동,99.96,380,60,2023,발전사업용,,,,2025-11-12
[(주)달구지푸드 (달구지푸드 태양광발전소)],"대구광역시 달성군 논공읍 위천2길 26, A동",,,,,정상가동,93.22,380,60,2023,발전사업용,,,,2025-11-12
대건1호 태양광발전소,"대구광역시 달성군 논공읍 논공로 401, 1동",,,,,정상가동,99.96,380,60,2024,발전사업용,,,,2025-11-12
환희 태양광발전소,대구광역시 달성군 논공읍 상리공단로 76,,,,,정상가동,99.36,380,60,2023,발전사업용,,,,2025-11-12
명보4호 태양광발전소,"대구광역시 북구 노원로1길 156-1, B동(노원동3가)",,,,,정상가동,83.16,380,60,2023,발전사업용,,,,2025-11-12
명보3호 태양광발전소,"대구광역시 북구 노원로1길 156-1, A동(노원동3가)",,,,,정상가동,99.9,380,60,2023,발전사업용,,,,2025-11-12
명보2호 태양광발전소,"대구광역시 북구 노원로1길 156-1, A동(노원동3가)",,,,,정상가동,99.9,380,60,2023,발전사업용,,,,2025-11-12
명보1호 태양광발전소,"대구광역시 북구 노원로1길 156-1, A동(노원동3가)",,,,,정상가동,99.9,380,60,2023,발전사업용,,,,2025-11-12
형수 태양광발전소,대구광역시 달성군 하빈면 달구벌대로12길 210-4,,,,,정상가동,99.96,380,60,2023,발전사업용,,,,2025-11-12
티오피글로벌 태양광발전소,대구광역시 달성군 논공읍 위천2길 13,,,,,정상가동,77.94,380,60,2023,발전사업용,,,,2025-11-12
고운2호 태양광발전소,"대구광역시 달서구 성서로5길 76, A동(대천동)",,,,,정상가동,99.12,380,60,2023,발전사업용,,,,2025-11-12
고운1호 태양광발전소,"대구광역시 달서구 성서로5길 76, B동(대천동)",,,,,정상가동,99.71,380,60,2023,발전사업용,,,,2025-11-12
[(주) 쓰리에이치 (주식회사 쓰리에이치 제2공장 태양광발전소)],대구광역시 동구 율암로 86(율암동),,,,,정상가동,799.08,22900,60,2023,발전사업용,,,,2025-11-12
금솔 태양광발전소,대구광역시 동구 매여로1길 37-12(상매동),,,,,정상가동,98.02,380,60,2025,발전사업용,,,,2025-11-12
정하웅 태양광발전소,대구광역시 달서구 월곡로100길 23(월성동),,,,,정상가동,199.42,380,60,2023,발전사업용,,,,2025-11-12
지엔티,대구광역시 동구 팔공로29길 55(불로동),,,,,정상가동,94.44,380,60,2024,발전사업용,,,,2025-11-12
한영에너지 4호,대구광역시 달성군 구지면 달성2차6로 29,,,,,정상가동,190.38,380,60,2023,발전사업용,,,,2025-11-12
(주)에스엔비 [에스엔비 태양광발전소],대구광역시 달성군 하빈면 강변대로 11,,,,,정상가동,49.99,380,60,2023,발전사업용,,,,2025-11-12
(주)대산인터텍 [대산2호 태양광발전소],대구광역시 달성군 하빈면 하빈로171길 6,,,,,정상가동,54.6,380,60,2023,발전사업용,,,,2025-11-12
말순 태양광발전소,대구광역시 달성군 논공읍 비슬로264길 8,,,,,정상가동,99.96,380,60,2023,발전사업용,,,,2025-11-12
(주)마루텍스 [마루텍스 태양광발전소],대구광역시 서구 평리로21길 46(중리동),,,,,정상가동,99.76,380,60,2023,발전사업용,,,,2025-11-12
신풍 태양광발전소,대구광역시 달성군 다사읍 다사로71길 20,,,,,정상가동,54.87,380,60,2023,발전사업용,,,,2025-11-12
우현 태양광발전소,"대구광역시 동구 동부로32길 19, 리베라하이츠(신천동)",,,,,정상가동,29.58,380,60,2023,발전사업용,,,,2025-11-12
합동2호 태양광발전소,"대구광역시 달서구 성서서로 175, C동(갈산동)",,,,,정상가동,47.6,380,60,2023,발전사업용,,,,2025-11-12
합동1호 태양광발전소,"대구광역시 달서구 성서서로 175, A동(갈산동)",,,,,정상가동,99.36,380,60,2023,발전사업용,,,,2025-11-12
(주)창우기계 [창우 태양광발전소],"대구광역시 달서구 성서공단북로 161, 2동(호산동)",,,,,정상가동,180.88,380,60,2023,발전사업용,,,,2025-11-12
금성 태양광발전소,대구광역시 달서구 성서공단남로32길 15(월암동),,,,,정상가동,179.78,380,60,2024,발전사업용,,,,2025-11-12
연경2 태양광발전소,대구광역시 북구 도덕길 110(연경동),,,,,정상가동,46.02,380,60,2023,발전사업용,,,,2025-11-12
연경1 태양광발전소,대구광역시 북구 도덕길 110(연경동),,,,,정상가동,99.12,380,60,2023,발전사업용,,,,2025-11-12
(주)삼덕에코에너지 [케이엔유5호 태양광발전소],"대구광역시 북구 대학로 80, 경북대학교 301동(산격동)",,,,,정상가동,863.04,22900,60,2023,발전사업용,,,,2025-11-12
(주)대구에코솔라 [케이엔유4호 태양광발전소],"대구광역시 북구 대학로 80, 경북대학교 408동(산격동)",,,,,정상가동,965.12,22900,60,2023,발전사업용,,,,2025-11-12
(주)서대구에코에너지 [케이엔유3호 태양광발전소],"대구광역시 북구 대학로 80, 경북대학교 216동(산격동)",,,,,정상가동,621.76,22900,60,2023,발전사업용,,,,2025-11-12
(주)대구에코에너지 [케이엔유2호 태양광발전소],"대구광역시 북구 대학로 80, 경북대학교 101동(산격동)",,,,,정상가동,399.04,380,60,2023,발전사업용,,,,2025-11-12
(주)케이엔유에코에너지 [케이엔유1호 태양광발전소],"대구광역시 북구 대학로 80, 경북대학교 102동(산격동)",,,,,정상가동,696,22900,60,2023,발전사업용,,,,2025-11-12
DM그린 태양광발전소,대구광역시 달서구 상화로35안길 7-13(진천동),,,,,정상가동,16.66,380,60,2022,발전사업용,,,,2025-11-12
신세계 태양광발전소,대구광역시 동구 반야월로14길 11(율하동),,,,,정상가동,19.8,380,60,2023,발전사업용,,,,2025-11-12
신화 솔루션,대구광역시 북구 연암로42길 3(산격동),,,,,정상가동,19.72,380,60,2023,발전사업용,,,,2025-11-12
신화 솔라,대구광역시 북구 연암로42길 3(산격동),,,,,정상가동,19.72,380,60,2023,발전사업용,,,,2025-11-12
말술 태양광발전소,대구광역시 수성구 들안로44길 25(황금동),,,,,정상가동,19.68,380,60,2023,발전사업용,,,,2025-11-12
이내호 태양광발전소 2호,대구광역시 달성군 논공읍 남리1길 3,,,,,정상가동,19.14,380,60,2023,발전사업용,,,,2025-11-12
수래 태양광발전소,대구광역시 달서구 야외음악당로47안길 69(두류동),,,,,정상가동,19.69,380,60,2022,발전사업용,,,,2025-11-12
삼성텍2 태양광발전소,대구광역시 서구 서대구로63길 49(비산동),,,,,정상가동,99.96,380,60,2023,발전사업용,,,,2025-11-12
삼성텍1 태양광발전소,대구광역시 서구 서대구로63길 49(비산동),,,,,정상가동,99.96,380,60,2023,발전사업용,,,,2025-11-12
일동산업 태양광발전소,대구광역시 달성군 하빈면 하산2길 86,,,,,정상가동,99.48,380,60,2023,발전사업용,,,,2025-11-12
동양합성(주) [동양합성제2 태양광발전소],대구광역시 달서구 성서동로 28(대천동),,,,,정상가동,29.5,380,60,2023,발전사업용,,,,2025-11-12
한국동서발전(주) [동우HST 구지 태양광발전소],대구광역시 달성군 구지면 국가산단대로49길 170,,,,,정상가동,302.4,380,60,2024,발전사업용,,,,2025-11-12
K2 태양광발전소,대구광역시 서구 평리로21길 44-1(중리동),,,,,정상가동,59.16,380,60,2023,발전사업용,,,,2025-11-12
K1 태양광발전소,대구광역시 서구 평리로21길 46-1(중리동),,,,,정상가동,37.12,380,60,2023,발전사업용,,,,2025-11-12
(주)푸드우리 [푸드우리 태양광발전소],대구광역시 달성군 옥포읍 옥포로111길 68,,,,,정상가동,32.72,380,60,2023,발전사업용,,,,2025-11-12
물미 태양광발전소,대구광역시 달서구 성서로 307(갈산동),,,,,정상가동,188.8,380,60,2023,발전사업용,,,,2025-11-12
(주) 서밋파워 [주식회사 서밋파워],대구광역시 달성군 다사읍 세천로1길 136,,,,,정상가동,639.56,22900,60,2023,발전사업용,,,,2025-11-12
비슬 태양광발전소,대구광역시 달성군 현풍읍 비슬로127길 16,,,,,정상가동,89.68,380,60,2023,발전사업용,,,,2025-11-12
우성 태양광발전소,대구광역시 서구 서대구로54길 27(비산동),,,,,정상가동,40.6,380,60,2023,발전사업용,,,,2025-11-12
명은 태양광발전소,대구광역시 동구 팔공로24길 271(도동),,,,,정상가동,44.88,380,60,2022,발전사업용,,,,2025-11-12
(주)덴탈릭스 [덴탈릭스 태양광발전소],"대구광역시 달서구 성서로52길 42, 나동(장동)",,,,,정상가동,99.76,380,60,2024,발전사업용,,,,2025-11-12
(주)진솔라에너지 [주식회사 진솔라에너지4],"대구광역시 달성군 유가읍 테크노순환로5길 33, 주4동",,,,,정상가동,139.24,380,60,2023,발전사업용,,,,2025-11-12
현풍 태양광발전소,대구광역시 달성군 현풍읍 테크노중앙대로5길 16-21,,,,,정상가동,19.63,380,60,2022,발전사업용,,,,2025-11-12
(주)에스솔라일호 [S-Solar 로테스 태양광발전소],대구광역시 달성군 다사읍 세천로1길 116-3,,,,,정상가동,270.28,380,60,2024,발전사업용,,,,2025-11-12
(주)에스솔라일호 [S-Solar 해냄씨앤씨 태양광발전소],대구광역시 달성군 다사읍 세천로1길 76-16,,,,,정상가동,488.92,380,60,2024,발전사업용,,,,2025-11-12
(주)에스솔라일호 [S-Solar 거성스틸 태양광발전소],대구광역시 달서구 성서로5길 74(대천동),,,,,정상가동,350.32,380,60,2024,발전사업용,,,,2025-11-12
(주)에스솔라일호 [S-Solar 에이엘네트웍스 태양광발전소],대구광역시 달서구 성서서로51길 40(신당동),,,,,정상가동,182.7,380,60,2024,발전사업용,,,,2025-11-12
(주)에스솔라일호 [S-Solar 지엘에스 태양광발전소],대구광역시 달서구 성서서로36안길 29(갈산동),,,,,정상가동,241.28,380,60,2024,발전사업용,,,,2025-11-12
이호직 태양광발전소,대구광역시 달서구 성서로 11(대천동),,,,,정상가동,98.6,380,60,2023,발전사업용,,,,2025-11-12
우림 태양광발전소,대구광역시 동구 신평로 119(신평동),,,,,정상가동,99.84,380,60,2023,발전사업용,,,,2025-11-12
(주)에스솔라일호 [S-Solar 서광정밀기계 태양광발전소],"대구광역시 달서구 성서공단로 194-12, 주2동(월암동)",,,,,정상가동,213.09,380,60,2024,발전사업용,,,,2025-11-12
세일엠보3호 태양광발전소,"대구광역시 북구 3공단로47길 5, 가동 주2호(노원동3가)",,,,,정상가동,99.84,380,60,2023,발전사업용,,,,2025-11-12
세일엠보2호 태양광발전소,"대구광역시 북구 3공단로47길 5, 주1동 서편호(노원동3가)",,,,,정상가동,97.44,380,60,2023,발전사업용,,,,2025-11-12
세일엠보1호 태양광발전소,"대구광역시 북구 3공단로47길 5, 주1동 동편호(노원동3가)",,,,,정상가동,99.84,380,60,2023,발전사업용,,,,2025-11-12
경동 태양광발전소,"대구광역시 달성군 다사읍 세천로3길 19, (주)경동 북편동",,,,,정상가동,98.6,380,60,2023,발전사업용,,,,2025-11-12
디와이 태양광발전소,대구광역시 달성군 하빈면 하빈남로54길 38,,,,,정상가동,44.84,380,60,2023,발전사업용,,,,2025-11-12
주식회사 도아인더스 [ABC 태양광발전소],대구광역시 서구 평리로21길 46(중리동),,,,,정상가동,99.76,380,60,2023,발전사업용,,,,2025-11-12
정든3 태양광발전소,"대구광역시 달성군 논공읍 논공로71길 9, C동 서편호",,,,,정상가동,47.6,380,60,2023,발전사업용,,,,2025-11-12
정든2 태양광발전소,"대구광역시 달성군 논공읍 논공로71길 9, A동 서편호",,,,,정상가동,99.96,380,60,2023,발전사업용,,,,2025-11-12
정든1 태양광발전소,"대구광역시 달성군 논공읍 논공로71길 9, A동 동편층",,,,,정상가동,99.96,380,60,2023,발전사업용,,,,2025-11-12
(주)에스솔라일호 [S-Solar 대영RC 태양광발전소],대구광역시 달서구 성서공단북로65길 10(갈산동),,,,,정상가동,360.18,380,60,2024,발전사업용,,,,2025-11-12
동영 태양광발전소,대구광역시 동구 둔산로40길 17(방촌동),,,,,정상가동,99.84,380,60,2022,발전사업용,,,,2025-11-12
전영근2 태양광발전소,대구광역시 북구 주좌길 1(학정동),,,,,정상가동,19.89,380,60,2022,발전사업용,,,,2025-11-12
하나제2 태양광발전소,대구광역시 북구 검단공단로21길 15(검단동),,,,,정상가동,39.2,380,60,2023,발전사업용,,,,2025-11-12
하나제1 태양광발전소,대구광역시 북구 검단공단로 92-24(검단동),,,,,정상가동,98.1,380,60,2023,발전사업용,,,,2025-11-12
세광2호 태양광발전소,대구광역시 달서구 성서공단북로4길 28(파호동),,,,,정상가동,91.2,380,60,2023,발전사업용,,,,2025-11-12
오상특수강 태양광발전소,대구광역시 달서구 성서공단북로 216(갈산동),,,,,정상가동,99.45,380,60,2022,발전사업용,,,,2025-11-12
우림페이퍼2 태양광발전소,대구광역시 달서구 성서로46길 22(장동),,,,,정상가동,139.2,380,60,2022,발전사업용,,,,2025-11-12
달성축산업협동조합 [달성축산업협동조합1 태양광발전소],"대구광역시 달성군 현풍읍 국가산단북로 482-22, 주1동",,,,,정상가동,109.92,380,60,2022,발전사업용,,,,2025-11-12
달성축산업협동조합 [달성축산업협동조합2 태양광발전소],"대구광역시 달성군 현풍읍 국가산단북로 482-22, 주2동",,,,,정상가동,109.92,380,60,2022,발전사업용,,,,2025-11-12
성광특수고무 태양광발전소,"대구광역시 달서구 성서로 18-16, A동(대천동)",,,,,정상가동,99.91,380,60,2023,발전사업용,,,,2025-11-12
용진 태양광발전소,대구광역시 서구 국채보상로34안길 14(중리동),,,,,정상가동,19.72,380,60,2022,발전사업용,,,,2025-11-12
석에너지 태양광발전소,대구광역시 북구 관음중앙로22길 6-15(관음동),,,,,정상가동,17.43,380,60,2022,발전사업용,,,,2025-11-12
아진솔라텍(주),대구광역시 달성군 옥포읍 비슬로447길 25-7,,,,,정상가동,49.56,380,60,2023,발전사업용,,,,2025-11-12
주식회사 에스제이테크 [(주)SJ테크 태양광발전소],"대구광역시 달성군 구지면 국가산단대로39길 159, A동",,,,,정상가동,672.8,22900,60,2023,발전사업용,,,,2025-11-12
정화테크 태양광발전소,대구광역시 북구 노원로1길 189-14(노원동3가),,,,,정상가동,29.1,380,60,2022,발전사업용,,,,2025-11-12
성림산업 태양광발전소,대구광역시 북구 오봉로16길 8(침산동),,,,,정상가동,29,380,60,2023,발전사업용,,,,2025-11-12
성림산업 태양광발전소,대구광역시 북구 노원로57길 25(침산동),,,,,정상가동,53.94,380,60,2023,발전사업용,,,,2025-11-12
삼정 태양광발전소,대구광역시 북구 태암로 8-1(태전동),,,,,정상가동,19.89,380,60,2022,발전사업용,,,,2025-11-12
경성볼트 태양광발전소,대구광역시 북구 검단로31길 14-5(검단동),,,,,정상가동,113.28,380,60,2023,발전사업용,,,,2025-11-12
세븐2 태양광발전소,대구광역시 북구 검단로 151-18(검단동),,,,,정상가동,29.76,380,60,2022,발전사업용,,,,2025-11-12
세븐1 태양광발전소,대구광역시 북구 검단로 151-18(검단동),,,,,정상가동,99.84,380,60,2022,발전사업용,,,,2025-11-12
대구송설 대양광발전소,대구광역시 북구 3공단로 84-8(노원동3가),,,,,정상가동,99.84,380,60,2022,발전사업용,,,,2025-11-12
화성 태양광발전소,대구광역시 북구 팔달북로3길 48-4(노원동3가),,,,,정상가동,99.36,380,60,2022,발전사업용,,,,2025-11-12
성지3호 태양광발전소,대구광역시 북구 침산로67길 70(침산동),,,,,정상가동,99.36,380,60,2023,발전사업용,,,,2025-11-12
성지2호 태양광발전소,대구광역시 북구 침산로67길 19(침산동),,,,,정상가동,60,380,60,2023,발전사업용,,,,2025-11-12
성지1호 태양광발전소,대구광역시 북구 침산로67길 17(침산동),,,,,정상가동,99.84,380,60,2023,발전사업용,,,,2025-11-12
화림 태양광발전소,대구광역시 중구 명덕로35길 111(남산동),,,,,정상가동,19.72,380,60,2023,발전사업용,,,,2025-11-12
환희 태양광발전소,대구광역시 달성군 현풍읍 현풍서로 28,,,,,정상가동,44.1,380,60,2023,발전사업용,,,,2025-11-12
세광1호 태양광발전소,대구광역시 달서구 성서공단북로4길 28(파호동),,,,,정상가동,96,380,60,2023,발전사업용,,,,2025-11-12
대원제이(주) [티피산단5 태양광발전소],대구광역시 달성군 유가읍 테크노순환로1길 71,,,,,정상가동,99.96,380,60,2023,발전사업용,,,,2025-11-12
대원제이(주) [티피산단4 태양광발전소],대구광역시 달성군 유가읍 테크노순환로1길 71,,,,,정상가동,99.96,380,60,2023,발전사업용,,,,2025-11-12
대원제이(주) [티피산단3 태양광발전소],대구광역시 달성군 유가읍 테크노순환로1길 71,,,,,정상가동,99.96,380,60,2023,발전사업용,,,,2025-11-12
대원제이(주) [티피산단2 태양광발전소],대구광역시 달성군 유가읍 테크노순환로1길 71,,,,,정상가동,99.96,380,60,2023,발전사업용,,,,2025-11-12
대원제이(주) [티피산단1 태양광발전소],대구광역시 달성군 유가읍 테크노순환로1길 71,,,,,정상가동,99.96,380,60,2023,발전사업용,,,,2025-11-12
대원산업2 태양광발전소,대구광역시 서구 와룡로84길 23(이현동),,,,,정상가동,186.61,380,60,2023,발전사업용,,,,2025-11-12
대원산업1 태양광발전소,대구광역시 서구 와룡로84길 23(이현동),,,,,정상가동,99.91,380,60,2022,발전사업용,,,,2025-11-12
주식회사 한남라이팅 [한남라이팅 태양광발전소],대구광역시 달성군 다사읍 세천로1길 143,,,,,정상가동,158,380,60,2022,발전사업용,,,,2025-11-12
(주)상상12호 [상상12호 동원 태양광발전소],대구광역시 북구 검단공단로 82-20(검단동),,,,,정상가동,92.02,380,60,2023,발전사업용,,,,2025-11-12
경보 태양광발전소,대구광역시 달성군 가창면 우록1길 20,,,,,정상가동,19.2,380,60,2022,발전사업용,,,,2025-11-12
지엘테크 태양광발전소,대구광역시 동구 인산로 61(진인동),,,,,정상가동,18.56,380,60,2022,발전사업용,,,,2025-11-12
(주)그린에너지플랫폼 [글로벌2호 태양광발전소],대구광역시 동구 혁신대로 85(율암동),,,,,정상가동,1298,22900,60,2023,발전사업용,,,,2025-11-12
(주)소포스 [소포스 태양광발전소],대구광역시 달성군 구지면 국가산단대로46길 130,,,,,정상가동,179.8,380,60,2023,발전사업용,,,,2025-11-12
(주)남산개발 [(주)남산개발태양광발전소],대구광역시 북구 유통단지로 126(산격동),,,,,정상가동,99.76,380,60,2022,발전사업용,,,,2025-11-12
주식회사 대경페이퍼 [대경페이퍼 태양광발전소],대구광역시 북구 검단로27길 40-11(검단동),,,,,정상가동,66.12,380,60,2022,발전사업용,,,,2025-11-12
경진포장공업사1공장 태양광발전소,대구광역시 북구 검단로27길 40-13(검단동),,,,,정상가동,153.7,380,60,2022,발전사업용,,,,2025-11-12
싹발전6호,"대구광역시 달성군 유가읍 테크노중앙대로 104, 2동",,,,,정상가동,48,380,60,2023,발전사업용,,,,2025-11-12
싹발전5호,"대구광역시 달성군 유가읍 테크노중앙대로 104, 1동",,,,,정상가동,82.56,380,60,2023,발전사업용,,,,2025-11-12
싹발전4호,"대구광역시 달성군 유가읍 테크노중앙대로 104, 1동",,,,,정상가동,97.92,380,60,2023,발전사업용,,,,2025-11-12
싹발전3호,"대구광역시 달성군 유가읍 테크노중앙대로 100, (주)라지 1동",,,,,정상가동,86.4,380,60,2023,발전사업용,,,,2025-11-12
싹발전2호,"대구광역시 달성군 유가읍 테크노중앙대로 100, (주)라지 1동",,,,,정상가동,94.08,380,60,2023,발전사업용,,,,2025-11-12
싹발전1호,"대구광역시 달성군 유가읍 테크노중앙대로 100, (주)라지 1동",,,,,정상가동,95.04,380,60,2023,발전사업용,,,,2025-11-12
(주)제이앤에이치 [제이앤에이치 태양광발전소],대구광역시 달서구 호산동로 126(호산동),,,,,정상가동,1499.94,22900,60,2023,발전사업용,,,,2025-11-12
한국그린지붕태양광(유)[한국그린지붕16호 신화이엔지],대구광역시 달서구 성서로5길 98(월암동),,,,,정상가동,99.19,380,60,2023,발전사업용,,,,2025-11-12
(주)진솔라에너지 [주식회사 진솔라에너지3],대구광역시 달성군 유가읍 테크노순환로5길 33,,,,,정상가동,369.13,380,60,2023,발전사업용,,,,2025-11-12
미광정공 태양광발전소,대구광역시 달서구 성서공단남로 115(월암동),,,,,정상가동,99.84,380,60,2024,발전사업용,,,,2025-11-12
(주)진솔라에너지 [주식회사 진솔라에너지2],대구광역시 달서구 호산동로 112(호산동),,,,,정상가동,140.4,380,60,2022,발전사업용,,,,2025-11-12
(주)진솔라에너지 [주식회사 진솔라에너지1],대구광역시 달서구 호산동로 137(호산동),,,,,정상가동,307.71,380,60,2022,발전사업용,,,,2025-11-12
(주)정금테크 [정금 태양광발전소],대구광역시 북구 팔달북로8길 9(노원동3가),,,,,정상가동,99.84,380,60,2022,발전사업용,,,,2025-11-12
늘해랑 태양광발전소,대구광역시 달서구 성서공단북로43길 50(신당동),,,,,정상가동,83.42,380,60,2022,발전사업용,,,,2025-11-12
여름 태양광발전소,대구광역시 달서구 성서공단북로43길 50(신당동),,,,,정상가동,83.42,380,60,2022,발전사업용,,,,2025-11-12
얼루기3 태양광발전소,"대구광역시 달성군 하빈면 하산길 130-28, D동",,,,,정상가동,98.02,380,60,2022,발전사업용,,,,2025-11-12
얼루기2 태양광발전소,"대구광역시 달성군 하빈면 하산길 130-28, C동",,,,,정상가동,98.02,380,60,2022,발전사업용,,,,2025-11-12
얼루기1 태양광발전소,"대구광역시 달성군 하빈면 하산길 130-28, A동",,,,,정상가동,98.02,380,60,2022,발전사업용,,,,2025-11-12
마루에너지,대구광역시 달서구 성서공단로22안길 8(월암동),,,,,정상가동,19.68,380,60,2022,발전사업용,,,,2025-11-12
덕영섬유 태양광발전소,"대구광역시 달성군 하빈면 하산3길 13, 보성섬유 1동",,,,,정상가동,99.9,380,60,2022,발전사업용,,,,2025-11-12
루체3호 태양광발전소,대구광역시 달서구 상인로9길 26(상인동),,,,,정상가동,19.62,380,60,2023,발전사업용,,,,2025-11-12
루체2호 태양광발전소,대구광역시 달서구 월곡로26길 15-10(상인동),,,,,정상가동,19.07,380,60,2023,발전사업용,,,,2025-11-12
루체1호 태양광발전소,대구광역시 달서구 호산동로35길 21-8(호산동),,,,,정상가동,19.07,380,60,2022,발전사업용,,,,2025-11-12
(주)홍산 [홍산 태양광발전소],대구광역시 달성군 다사읍 세천로1길 173,,,,,정상가동,164.16,380,60,2022,발전사업용,,,,2025-11-12
중동 제1태양광발전소,대구광역시 수성구 청수로 13-7(중동),,,,,정상가동,48.3,380,60,2022,발전사업용,,,,2025-11-12
(주)태백금속 [태백금속 태양광발전소],대구광역시 북구 검단로31길 51(검단동),,,,,정상가동,98.02,380,60,2022,발전사업용,,,,2025-11-12
경진포장공업사2공장 태양광발전소,대구광역시 북구 검단로31길 41(검단동),,,,,정상가동,156.6,380,60,2022,발전사업용,,,,2025-11-12
우진이엔지 태양광발전소,대구광역시 북구 검단로27길 42(검단동),,,,,정상가동,98.02,380,60,2022,발전사업용,,,,2025-11-12
썬테크3 태양광발전소,"대구광역시 달서구 성서공단남로36길 19-12, 나동(월암동)",,,,,정상가동,68.44,380,60,2023,발전사업용,,,,2025-11-12
썬테크2 태양광발전소,"대구광역시 달서구 성서공단남로36길 19-12, 가동(월암동)",,,,,정상가동,89.51,380,60,2023,발전사업용,,,,2025-11-12
썬테크1 태양광발전소,"대구광역시 달서구 성서공단남로36길 19-12, 가동(월암동)",,,,,정상가동,89.51,380,60,2023,발전사업용,,,,2025-11-12
코썬3 태양광발전소,"대구광역시 달서구 성서공단북로65길 38, 가동(갈산동)",,,,,정상가동,77.88,380,60,2022,발전사업용,,,,2025-11-12
코썬2 태양광발전소,"대구광역시 달서구 성서공단북로65길 38, 가동(갈산동)",,,,,정상가동,76.11,380,60,2022,발전사업용,,,,2025-11-12
우림페이퍼1 태양광발전소,대구광역시 달서구 성서공단로47길 20(장동),,,,,정상가동,312.62,380,60,2022,발전사업용,,,,2025-11-12
노블2 태양광발전소,대구광역시 달서구 성서로36길 47(월암동),,,,,정상가동,84.96,380,60,2022,발전사업용,,,,2025-11-12
노블1 태양광발전소,대구광역시 달서구 성서로36길 47(월암동),,,,,정상가동,99.84,380,60,2022,발전사업용,,,,2025-11-12
거연태양광발전소,대구광역시 달서구 성서공단북로 218(갈산동),,,,,정상가동,99.91,380,60,2022,발전사업용,,,,2025-11-12
JB 태양광발전소,대구광역시 달성군 하빈면 하빈남로52길 36-23,,,,,정상가동,99.84,380,60,2022,발전사업용,,,,2025-11-12
(주)에이스정밀 [에이스정밀 태양광발전소],대구광역시 동구 팔공로 220(봉무동),,,,,정상가동,328.83,380,60,2022,발전사업용,,,,2025-11-12
(주)선덕태양광발전소 [이래에이치티 발전소 6호],대구광역시 달성군 논공읍 논공로 664,,,,,정상가동,296.8,380,60,2022,발전사업용,,,,2025-11-12
(주)선덕태양광발전소 [이래에이치티 발전소 5호],대구광역시 달성군 논공읍 논공로 664,,,,,정상가동,407.04,380,60,2022,발전사업용,,,,2025-11-12
달성레이저 태양광발전소,대구광역시 달성군 논공읍 상리공단로 64,,,,,정상가동,61.11,380,60,2022,발전사업용,,,,2025-11-12
원 태양광발전소,대구광역시 달성군 논공읍 성산로 1232-39,,,,,정상가동,99.91,380,60,2022,발전사업용,,,,2025-11-12
경북대구한우협동조합[경북대구한우협동조합 태양광발전소],대구광역시 북구 유통단지로 130(산격동),,,,,정상가동,29.9,380,60,2022,발전사업용,,,,2025-11-12
신화 태양광발전소,대구광역시 달성군 다사읍 세천북로10길 17-18,,,,,정상가동,58.2,380,60,2022,발전사업용,,,,2025-11-12
효성 태양광발전소,대구광역시 달성군 하빈면 달구벌대로2길 22-4,,,,,정상가동,89.24,380,60,2022,발전사업용,,,,2025-11-12
(주)삼영스테인레스[삼영 태양광발전소],대구광역시 북구 3공단로 174(노원동3가),,,,,정상가동,97.44,380,60,2022,발전사업용,,,,2025-11-12
서원학3호 태양광발전소,대구광역시 달성군 구지면 국가산단서로71길 66,,,,,정상가동,99.73,380,60,2022,발전사업용,,,,2025-11-12
서원학2호 태양광발전소,대구광역시 달성군 구지면 국가산단서로71길 66,,,,,정상가동,99.73,380,60,2022,발전사업용,,,,2025-11-12
서원학1호 태양광발전소,대구광역시 달성군 구지면 국가산단서로71길 66,,,,,정상가동,99.73,380,60,2022,발전사업용,,,,2025-11-12
김미영3호 태양광발전소,대구광역시 달성군 구지면 국가산단서로71길 66,,,,,정상가동,99.73,380,60,2022,발전사업용,,,,2025-11-12
김미영2호 태양광발전소,대구광역시 달성군 구지면 국가산단서로71길 66,,,,,정상가동,99.73,380,60,2022,발전사업용,,,,2025-11-12
김미영1호 태양광발전소,대구광역시 달성군 구지면 국가산단서로71길 66,,,,,정상가동,99.73,380,60,2022,발전사업용,,,,2025-11-12
청우 태양광발전소,대구광역시 북구 매천로 282(태전동),,,,,정상가동,190.12,380,60,2022,발전사업용,,,,2025-11-12
하트 태양광발전소,대구광역시 달성군 유가읍 현풍로47길 86-2,,,,,정상가동,19.78,380,60,2022,발전사업용,,,,2025-11-12
주식회사 상원스틸[상원스틸 태양광발전소],"대구광역시 달성군 구지면 달성2차동3로 74, 상원스틸 A동",,,,,정상가동,729,22900,60,2023,발전사업용,,,,2025-11-12
주식회사 뉴대한 [뉴대한태양광발전소],"대구광역시 달서구 성서공단로50길 41, 1동(월암동)",,,,,정상가동,249.6,380,60,2024,발전사업용,,,,2025-11-12
(주)티케이솔루션 [티케이솔루션4호 태양광발전소],"대구광역시 달서구 성서로9길 86, A동(월암동)",,,,,정상가동,99.91,380,60,2023,발전사업용,,,,2025-11-12
(주)티케이솔루션 [티케이솔루션3호 태양광발전소],"대구광역시 달서구 성서로9길 86, A동(월암동)",,,,,정상가동,99.91,380,60,2023,발전사업용,,,,2025-11-12
(주)티케이솔루션 [티케이솔루션2호 태양광발전소],"대구광역시 달서구 성서로9길 86, A동(월암동)",,,,,정상가동,99.91,380,60,2023,발전사업용,,,,2025-11-12
(주)티케이솔루션 [티케이솔루션1호 태양광발전소],"대구광역시 달서구 성서로9길 86, A동(월암동)",,,,,정상가동,99.91,380,60,2023,발전사업용,,,,2025-11-12
신한금속B 태양광발전소,"대구광역시 달서구 성서공단로58길 16, 나동(월암동)",,,,,정상가동,95.94,380,60,2023,발전사업용,,,,2025-11-12
신한금속A 태양광발전소,"대구광역시 달서구 성서공단로58길 16, 다동(월암동)",,,,,정상가동,95.94,380,60,2023,발전사업용,,,,2025-11-12
알이백4호 태양광발전소,"대구광역시 달서구 성서공단남로36길 27, D동(월암동)",,,,,정상가동,99.91,380,60,2023,발전사업용,,,,2025-11-12
알이백3호 태양광발전소,"대구광역시 달서구 성서공단남로36길 27, D동(월암동)",,,,,정상가동,99.91,380,60,2023,발전사업용,,,,2025-11-12
알이백2호 태양광발전소,"대구광역시 달서구 성서공단남로36길 27, A동(월암동)",,,,,정상가동,99.91,380,60,2023,발전사업용,,,,2025-11-12
알이백1호 태양광발전소,"대구광역시 달서구 성서공단남로36길 27, A동(월암동)",,,,,정상가동,99.91,380,60,2023,발전사업용,,,,2025-11-12
강임에너지 태양광발전소,대구광역시 달서구 성서공단남로 103(월암동),,,,,정상가동,99.96,380,60,2023,발전사업용,,,,2025-11-12
삼진정밀 태양광발전소,대구광역시 달서구 성서공단로 332-28(월성동),,,,,정상가동,180.38,380,60,2023,발전사업용,,,,2025-11-12
도현 태양광발전소,대구광역시 동구 반야월로26길 41(신기동),,,,,정상가동,19.8,380,60,2023,발전사업용,,,,2025-11-12
코썬 태양광발전소,대구광역시 달서구 성서공단북로65길 38(갈산동),,,,,정상가동,70.8,380,60,2022,발전사업용,,,,2025-11-12
(주)동재자동차백화점 [엠월드 태양광발전소],대구광역시 서구 문화로 37(이현동),,,,,정상가동,1559.04,22900,60,2022,발전사업용,,,,2025-11-12
대한환경 태양광발전소,대구광역시 달성군 구지면 국가산단대로28길 45,,,,,정상가동,169.65,380,60,2024,발전사업용,,,,2025-11-12
문산세복 태양광발전소,대구광역시 달성군 다사읍 달구벌대로92길 118,,,,,정상가동,15.79,380,60,2022,발전사업용,,,,2025-11-12
선진에너지1호,대구광역시 달성군 하빈면 하산2길 34-20,,,,,정상가동,95.7,380,60,2022,발전사업용,,,,2025-11-12
종수태양광발전소,대구광역시 달성군 유가읍 테크노중앙대로 326-20,,,,,정상가동,19.72,380,60,2022,발전사업용,,,,2025-11-12
주식회사 유진엠에스[주식회사 유진엠에스],대구광역시 달서구 성서4차첨단로 127(월암동),,,,,정상가동,202.42,380,60,2022,발전사업용,,,,2025-11-12
성보발전,"대구광역시 달서구 성서로 237, D동(갈산동)",,,,,정상가동,99.84,380,60,2022,발전사업용,,,,2025-11-12
태담km태양광발전소,대구광역시 달서구 한실로6길 92(대곡동),,,,,정상가동,29.7,380,60,2023,발전사업용,,,,2025-11-12
금화2호 태양광발전소,대구광역시 달성군 논공읍 논공로87길 58,,,,,정상가동,60,380,60,2024,발전사업용,,,,2025-11-12
KM발전소,대구광역시 달성군 다사읍 다사로69길 78,,,,,정상가동,39.84,380,60,2023,발전사업용,,,,2025-11-12
동훈 태양광발전소,대구광역시 달성군 하빈면 하빈남로 263-3,,,,,정상가동,84,380,60,2022,발전사업용,,,,2025-11-12
동엽 태양광발전소,대구광역시 달성군 하빈면 하빈남로 263-1,,,,,정상가동,84,380,60,2022,발전사업용,,,,2025-11-12
유정1 태양광발전소,대구광역시 달서구 성서공단북로43길 32(신당동),,,,,정상가동,95.12,380,60,2022,발전사업용,,,,2025-11-12
경애 제3태양광발전소,대구광역시 달서구 성서공단북로43길 32(신당동),,,,,정상가동,95.12,380,60,2022,발전사업용,,,,2025-11-12
(주)하우쏠라에너지(하우7호 태양광발전소),대구광역시 달성군 하빈면 하빈남로 488,,,,,정상가동,294.06,380,60,2024,발전사업용,,,,2025-11-12
해평 태양광발전소,대구광역시 동구 둔산로47길 46(방촌동),,,,,정상가동,99.84,380,60,2022,발전사업용,,,,2025-11-12
(주)옥원산업 [옥원산업 태양광발전소],대구광역시 달서구 성서로64길 3(갈산동),,,,,정상가동,329.76,380,60,2022,발전사업용,,,,2025-11-12
(주)파인드에너지 [더블유에스코리아 태양광발전소],대구광역시 달서구 성서공단로21길 68(갈산동),,,,,정상가동,136.8,380,60,2022,발전사업용,,,,2025-11-12
삼흥 태양광발전소,대구광역시 달성군 구지면 창한로 497,,,,,정상가동,73.08,380,60,2023,발전사업용,,,,2025-11-12
성산 태양광발전소,대구광역시 달서구 성서공단남로40길 10(월암동),,,,,정상가동,400,380,60,2022,발전사업용,,,,2025-11-12
세화 태양광발전소,대구광역시 달서구 호산동로 82(호산동),,,,,정상가동,29.83,380,60,2022,발전사업용,,,,2025-11-12
송이친환경 태양광발전소,대구광역시 달서구 성서공단북로65길 54(갈산동),,,,,정상가동,480.6,380,60,2022,발전사업용,,,,2025-11-12
(유)티에스씨솔라1호[에코윈 태양광발전소],"대구광역시 달성군 유가읍 테크노중앙대로2길 18, a,b동",,,,,정상가동,199.82,380,60,2023,발전사업용,,,,2025-11-12
주식회사 솔라썬에너지 [솔라썬에너지 3호],"대구광역시 달서구 성서로35길 26, A동(월암동)",,,,,정상가동,91.64,380,60,2022,발전사업용,,,,2025-11-12
주식회사 솔라썬에너지 [솔라썬에너지 2호],"대구광역시 달서구 성서로35길 26, A동(월암동)",,,,,정상가동,99.76,380,60,2022,발전사업용,,,,2025-11-12
주식회사 솔라썬에너지 [솔라썬에너지 1호],"대구광역시 달서구 성서로35길 26, A동(월암동)",,,,,정상가동,99.76,380,60,2022,발전사업용,,,,2025-11-12
퍼스트에너지주식회사 [퍼스트에너지 5호],"대구광역시 달서구 성서로35길 26, A동(월암동)",,,,,정상가동,99.76,380,60,2022,발전사업용,,,,2025-11-12
퍼스트에너지주식회사 [퍼스트에너지 4호],"대구광역시 달서구 성서로35길 26, A동(월암동)",,,,,정상가동,99.76,380,60,2022,발전사업용,,,,2025-11-12
퍼스트에너지주식회사 [퍼스트에너지 3호],"대구광역시 달서구 성서로35길 26, A동(월암동)",,,,,정상가동,99.76,380,60,2022,발전사업용,,,,2025-11-12
퍼스트에너지주식회사 [퍼스트에너지 2호],"대구광역시 달서구 성서로35길 26, A동(월암동)",,,,,정상가동,99.76,380,60,2022,발전사업용,,,,2025-11-12
퍼스트에너지주식회사 [퍼스트에너지 1호],"대구광역시 달서구 성서로35길 26, A동(월암동)",,,,,정상가동,99.76,380,60,2022,발전사업용,,,,2025-11-12
굿모닝에너지 주식회사[굿모닝에너지 5호],"대구광역시 달서구 성서로35길 26, A동(월암동)",,,,,정상가동,99.76,380,60,2022,발전사업용,,,,2025-11-12
굿모닝에너지 주식회사[굿모닝에너지 4호],"대구광역시 달서구 성서로35길 26, A동(월암동)",,,,,정상가동,99.76,380,60,2022,발전사업용,,,,2025-11-12
굿모닝에너지 주식회사[굿모닝에너지 3호],"대구광역시 달서구 성서로35길 26, A동(월암동)",,,,,정상가동,99.76,380,60,2022,발전사업용,,,,2025-11-12
굿모닝에너지 주식회사[굿모닝에너지 2호],"대구광역시 달서구 성서로35길 26, A동(월암동)",,,,,정상가동,99.76,380,60,2022,발전사업용,,,,2025-11-12
굿모닝에너지 주식회사[굿모닝에너지 1호],"대구광역시 달서구 성서로35길 26, A동(월암동)",,,,,정상가동,99.76,380,60,2022,발전사업용,,,,2025-11-12
부강 태양광발전소,대구광역시 북구 3공단로10길 9(노원동3가),,,,,정상가동,94.56,380,60,2022,발전사업용,,,,2025-11-12
(주)디에이치씨 [오로라 태양광발전소],대구광역시 달성군 구지면 달성2차서로 55,,,,,정상가동,435,380,60,2024,발전사업용,,,,2025-11-12
팔공김치2 태양광발전소,대구광역시 동구 동촌로 333-12(신평동),,,,,정상가동,99.84,380,60,2023,발전사업용,,,,2025-11-12
팔공김치1 태양광발전소,대구광역시 동구 신평로 58-3(신평동),,,,,정상가동,99.84,380,60,2023,발전사업용,,,,2025-11-12
극동 태양광발전소,대구광역시 달성군 하빈면 하산2길 93,,,,,정상가동,43.2,380,60,2022,발전사업용,,,,2025-11-12
동원 태양광발전소,대구광역시 달성군 하빈면 하빈남로 371-31,,,,,정상가동,69.3,380,60,2025,발전사업용,,,,2025-11-12
영태양광발전소 2호,대구광역시 달성군 하빈면 하빈남로 588,,,,,정상가동,18.72,380,60,2022,발전사업용,,,,2025-11-12
영태양광발전소 1호,대구광역시 달성군 하빈면 하빈남로 588,,,,,정상가동,28.8,380,60,2022,발전사업용,,,,2025-11-12
sk에너지 주식회사[해바라기(대구) 태양광발전소],대구광역시 북구 대현로 81(대현동),,,,,정상가동,15.47,380,60,2022,발전사업용,,,,2025-11-12
카아카데미 발전소,대구광역시 달서구 새방로 31-1(용산동),,,,,정상가동,19.2,380,60,2022,발전사업용,,,,2025-11-12
팔공발전소,대구광역시 달서구 새방로7길 7-9(용산동),,,,,정상가동,19.2,380,60,2022,발전사업용,,,,2025-11-12
주식회사 에코에너지 [에코-05-윤성정기 태양광발전소],대구광역시 달서구 성서공단로 332-12(월성동),,,,,정상가동,175.77,380,60,2022,발전사업용,,,,2025-11-12
주식회사 한뉴딜에너지 [신우탑텍 태양광발전소],"대구광역시 달성군 구지면 달성2차1로 37, (주)신우탑텍 1동",,,,,정상가동,1499.02,22900,60,2022,발전사업용,,,,2025-11-12
동주 태양광발전소,대구광역시 수성구 상화로 107-5(두산동),,,,,정상가동,19.68,380,60,2022,발전사업용,,,,2025-11-12
혜인 태양광발전소,대구광역시 서구 팔달로18길 10(비산동),,,,,정상가동,72,380,60,2022,발전사업용,,,,2025-11-12
대일태양광발전소,대구광역시 북구 3공단로 210-3(노원동3가),,,,,정상가동,29.75,380,60,2023,발전사업용,,,,2025-11-12
창신2 태양광발전소,"대구광역시 달서구 성서공단로55길 29, 2동(장동)",,,,,정상가동,69.9,380,60,2022,발전사업용,,,,2025-11-12
창신1 태양광발전소,"대구광역시 달서구 성서공단로55길 29, 2동(장동)",,,,,정상가동,99.84,380,60,2022,발전사업용,,,,2025-11-12
명곡 태양광발전소,대구광역시 달성군 화원읍 홈실길 9,,,,,정상가동,99.84,380,60,2022,발전사업용,,,,2025-11-12
원화정밀4 태양광발전소,대구광역시 달성군 구지면 국가산단대로49길 156,,,,,정상가동,99.84,380,60,2022,발전사업용,,,,2025-11-12
원화정밀3 태양광발전소,대구광역시 달성군 구지면 국가산단대로49길 156,,,,,정상가동,99.84,380,60,2022,발전사업용,,,,2025-11-12
원화정밀2 태양광발전소,대구광역시 달성군 구지면 국가산단대로49길 156,,,,,정상가동,99.84,380,60,2022,발전사업용,,,,2025-11-12
원화정밀1 태양광발전소,대구광역시 달성군 구지면 국가산단대로49길 156,,,,,정상가동,99.84,380,60,2022,발전사업용,,,,2025-11-12
경동공업태양광발전소,대구광역시 달성군 다사읍 세천로1길 76-8,,,,,정상가동,68.64,380,60,2023,발전사업용,,,,2025-11-12
육지2태양광발전소,대구광역시 달성군 현풍읍 국가산단북로 473-99,,,,,정상가동,62.64,380,60,2022,발전사업용,,,,2025-11-12
(주)아진피앤피 [(주)아진피앤피],"대구광역시 달성군 현풍읍 국가산단북로100길 40, (주)아진피앤피 1동",,,,,정상가동,583.2,22900,60,2022,발전사업용,,,,2025-11-12
높은집 태양광발전소,대구광역시 달성군 가창면 헐티로10길 15-24,,,,,정상가동,16.32,380,60,2022,발전사업용,,,,2025-11-12
얌대원 태양광발전소,대구광역시 군위군 소보면 봉내길 260,,,,,정상가동,98.98,380,60,2023,발전사업용,,,,2025-11-12
에이스12호 태양광발전소,,대구광역시 군위군 소보면 내의리 802,,,,정상가동,38.28,380,60,2023,발전사업용,,,,2025-11-12
봉산태양광발전소,,대구광역시 군위군 우보면 봉산리 99,,,,정상가동,99.71,380,60,2023,발전사업용,,,,2025-11-12
에이스9호태양광발전소,,대구광역시 군위군 소보면 내의리 806,,,,정상가동,99.76,380,60,2023,발전사업용,,,,2025-11-12
후니태양광발전소,,대구광역시 군위군 삼국유사면 학암리 966 (제2동 지붕 위),,,,정상가동,29.4,380,60,2023,발전사업용,,,,2025-11-12
보미태양광발전소,,"대구광역시 군위군 삼국유사면 학암리 966 제1,3동 지붕 위",,,,정상가동,59.78,380,60,2024,발전사업용,,,,2025-11-12
은혜태양광,대구광역시 군위군 효령면 하평길 116,,,,,정상가동,148.79,380,60,2023,발전사업용,,,,2025-11-12
정산태양광발전소,,대구광역시 군위군 효령면 금매리 1447-16 (건물 위),,,,정상가동,33,380,60,2022,발전사업용,,,,2025-11-12
상원태양광발전소,대구광역시 군위군 군위읍 도군로 2665,,,,,정상가동,51.92,380,60,2023,발전사업용,,,,2025-11-12
웃무름3 태양광발전소,,"대구광역시 군위군 의흥면 수북리 38 , 41-1, 41-2",,,,정상가동,99.71,380,60,2025,발전사업용,,,,2025-11-12
웃무름2 태양광발전소,,"대구광역시 군위군 의흥면 수북리 38 , 41-1, 41-2",,,,정상가동,99.71,380,60,2025,발전사업용,,,,2025-11-12
웃무름1 태양광발전소,,"대구광역시 군위군 의흥면 수북리 38 , 41-1, 41-2",,,,정상가동,99.71,380,60,2025,발전사업용,,,,2025-11-12
동진1 태양광발전소,,대구광역시 군위군 효령면 매곡리 334-2 건물위,,,,정상가동,28.56,380,60,2024,발전사업용,,,,2025-11-12
에이스5호 태양광발전소,,대구광역시 군위군 소보면 내의리 802,,,,정상가동,99.76,380,60,2022,발전사업용,,,,2025-11-12
화원태양광발전소,대구광역시 군위군 효령면 소계길 62,,,,,정상가동,68.44,380,60,2022,발전사업용,,,,2025-11-12
서경솔라 태양광발전소,대구광역시 군위군 소보면 송백로 1145-1,,,,,정상가동,73.16,380,60,2023,발전사업용,,,,2025-11-12
이랑 태양광발전소,대구광역시 군위군 산성면 범하1길 20-9,,,,,정상가동,19.89,380,60,2022,발전사업용,,,,2025-11-12
드림 태양광발전소,,대구광역시 군위군 의흥면 원산리 1031,,,,정상가동,499.2,380,60,2023,발전사업용,,,,2025-11-12
선마루5태양광발전소,,대구광역시 군위군 의흥면 수북리 394-2,,,,정상가동,99.84,380,60,2023,발전사업용,,,,2025-11-12
승주태양광발전소,,"대구광역시 군위군 의흥면 원산리 975, 979번지",,,,정상가동,99.43,380,60,2023,발전사업용,,,,2025-11-12
승주2호태양광발전소,,"대구광역시 군위군 의흥면 원산리 975, 979번지",,,,정상가동,99.43,380,60,2023,발전사업용,,,,2025-11-12
승주3호태양광발전소,,"대구광역시 군위군 의흥면 원산리 975, 979번지",,,,정상가동,99.43,380,60,2023,발전사업용,,,,2025-11-12
헌주태양광발전소,,대구광역시 군위군 의흥면 원산리 979번지,,,,정상가동,99.43,380,60,2023,발전사업용,,,,2025-11-12
헌주2호태양광발전소,,대구광역시 군위군 의흥면 원산리 979번지,,,,정상가동,99.43,380,60,2023,발전사업용,,,,2025-11-12
헌주3호태양광발전소,,대구광역시 군위군 의흥면 원산리 979번지,,,,정상가동,99.43,380,60,2023,발전사업용,,,,2025-11-12
석이태양광발전소,,"대구광역시 군위군 의흥면 원산리 975, 979번지",,,,정상가동,99.43,380,60,2023,발전사업용,,,,2025-11-12
석이2호태양광발전소,대구광역시 군위군 의흥면 원산금양길 16-21,,,,,정상가동,99.43,380,60,2023,발전사업용,,,,2025-11-12
석이3호태양광발전소,"대구광역시 군위군 의흥면 원산금양길 16-9, 건물 위",,,,,정상가동,99.43,380,60,2023,발전사업용,,,,2025-11-12
벗들태양광발전소,대구광역시 군위군 군위읍 군위금성로 530-48,,,,,정상가동,95.52,380,60,2022,발전사업용,,,,2025-11-12
주식회사 삼풍솔라파워,,대구광역시 군위군 의흥면 신덕리 380,,,,정상가동,464.4,380,60,2024,발전사업용,,,,2025-11-12
태영태양광발전소,대구광역시 군위군 우보면 두북길 29-10,,,,,정상가동,99.76,380,60,2023,발전사업용,,,,2025-11-12
남경태양광발전소,대구광역시 군위군 우보면 두북길 29-11,,,,,정상가동,89.9,380,60,2023,발전사업용,,,,2025-11-12
서군위현대태양광발전소,대구광역시 군위군 군위읍 경북대로 3605,,,,,정상가동,91.68,380,60,2023,발전사업용,,,,2025-11-12
황금배1호 태양광발전소,대구광역시 군위군 산성면 산성가음로 790-5,,,,,정상가동,99.18,380,60,2022,발전사업용,,,,2025-11-12
황금배2호태양광발전소,대구광역시 군위군 산성면 산성가음로 790-5,,,,,정상가동,98.02,380,60,2022,발전사업용,,,,2025-11-12
지남태양광발전소,"대구광역시 군위군 군위읍 군위금성로 175, (건물위)",,,,,정상가동,85.44,380,60,2023,발전사업용,,,,2025-11-12
송원태양광발전소,대구광역시 군위군 소보면 송원1길 56-42,,,,,정상가동,91.2,380,60,2022,발전사업용,,,,2025-11-12
와룡2021,대구광역시 달서구 선원로 38-12(신당동),,,,,정상가동,10.08,380,60,2022,발전사업용,,,,2025-11-12
서린태양광발전소,대구광역시 달성군 다사읍 세천북로14길 28,,,,,정상가동,28.98,380,60,2023,발전사업용,,,,2025-11-12
서진태양광발전소,대구광역시 달성군 다사읍 세천북로14길 28,,,,,정상가동,28.98,380,60,2023,발전사업용,,,,2025-11-12
엠마트1태양광발전소,대구광역시 달서구 성서공단로21길 32(갈산동),,,,,정상가동,49.19,380,60,2022,발전사업용,,,,2025-11-12
일광2태양광발전소,대구광역시 달서구 달서대로91길 67(호림동),,,,,정상가동,70.84,380,60,2022,발전사업용,,,,2025-11-12
일광1태양광발전소,대구광역시 달서구 달서대로91길 67(호림동),,,,,정상가동,99.36,380,60,2022,발전사업용,,,,2025-11-12
미리내태양광발전소,대구광역시 달서구 달서대로91길 67(호림동),,,,,정상가동,99.36,380,60,2022,발전사업용,,,,2025-11-12
케이 태양광발전소,대구광역시 달성군 논공읍 노이길 405-3,,,,,정상가동,99.84,380,60,2022,발전사업용,,,,2025-11-12
행복2호태양광발전소,대구광역시 달성군 옥포읍 옥포로111길 47,,,,,정상가동,40.32,380,60,2022,발전사업용,,,,2025-11-12
대우태양광발전소,대구광역시 북구 3공단로41길 9(노원동3가),,,,,정상가동,95.55,380,60,2022,발전사업용,,,,2025-11-12
호영태양광발전소,대구광역시 서구 염색공단천로3길 15-1(비산동),,,,,정상가동,29.57,380,60,2022,발전사업용,,,,2025-11-12
주식회사도동원침장[동원침장태양광발전소],대구광역시 서구 와룡로90길 15(이현동),,,,,정상가동,99.84,380,60,2022,발전사업용,,,,2025-11-12
달성2 태양광발전소,대구광역시 달성군 하빈면 하산길 193-3,,,,,정상가동,93.38,380,60,2022,발전사업용,,,,2025-11-12
성운태양광발전소,대구광역시 달성군 유가읍 달창로26길 119,,,,,정상가동,29.9,380,60,2022,발전사업용,,,,2025-11-12
영웅태양광발전소,대구광역시 달성군 화원읍 성암로1길 42,,,,,정상가동,29.9,380,60,2022,발전사업용,,,,2025-11-12
만조태양광발전소,대구광역시 달성군 구지면 국가산단서로71길 100,,,,,정상가동,679.68,22900,60,2024,발전사업용,,,,2025-11-12
진테크태양광발전소,대구광역시 달성군 유가읍 테크노중앙대로 177,,,,,정상가동,99.84,380,60,2022,발전사업용,,,,2025-11-12
정테크태양광발전소,대구광역시 달성군 유가읍 테크노중앙대로 177,,,,,정상가동,99.84,380,60,2022,발전사업용,,,,2025-11-12
세창철판 태양광발전소,대구광역시 북구 유통단지로21길 14-5(산격동),,,,,정상가동,83.6,380,60,2022,발전사업용,,,,2025-11-12
(주) 신화금속열처리 [신화금속열처리 태양광발전소],대구광역시 달서구 성서로9길 80(월암동),,,,,정상가동,199.74,380,60,2022,발전사업용,,,,2025-11-12
금천태양광발전소,"대구광역시 달성군 하빈면 하빈로77길 15-11, 1동",,,,,정상가동,99.9,380,60,2022,발전사업용,,,,2025-11-12
봉혁태양광발전소,대구광역시 달서구 호산동로 39(호림동),,,,,정상가동,81.2,380,60,2022,발전사업용,,,,2025-11-12
한승에너지,대구광역시 동구 신평로 123(신평동),,,,,정상가동,91.68,380,60,2022,발전사업용,,,,2025-11-12
임순 태양광발전소,대구광역시 북구 대현로 25(대현동),,,,,정상가동,17.28,380,60,2022,발전사업용,,,,2025-11-12
현우태양광발전소,대구광역시 서구 국채보상로5길 30(이현동),,,,,정상가동,24.57,380,60,2022,발전사업용,,,,2025-11-12
대우기전1호발전소,대구광역시 북구 검단공단로21길 54-36(산격동),,,,,정상가동,29.76,380,60,2021,발전사업용,,,,2025-11-12
주식회사 한뉴딜에너지 [한뉴딜2호 태양광발전소],대구광역시 달성군 구지면 국가산단대로33길 211,,,,,정상가동,495.88,380,60,2022,발전사업용,,,,2025-11-12
태광기계,대구광역시 서구 가르뱅이로 102-5(상리동),,,,,정상가동,19.97,380,60,2021,발전사업용,,,,2025-11-12
주식회사 선미 [선미태양광발전소],대구광역시 동구 팔공로53길 173(봉무동),,,,,정상가동,199.36,380,60,2022,발전사업용,,,,2025-11-12
낙원 태양광발전소,대구광역시 북구 동변로15길 15-12(동변동),,,,,정상가동,19.32,380,60,2022,발전사업용,,,,2025-11-12
유니2태양광발전소,대구광역시 동구 팔공로25길 34(불로동),,,,,정상가동,19.74,380,60,2021,발전사업용,,,,2025-11-12
한국서부발전주식회사 [대구수성마을형연료전지],,대구광역시 수성구 가천동 89-4,,,,정상가동,3000,22900,60,2023,발전사업용,,,,2025-11-12
시안태양광발전소,대구광역시 서구 서대구로 117(평리동),,,,,정상가동,19.32,380,60,2023,발전사업용,,,,2025-11-12
건우태양광발전소,대구광역시 서구 국채보상로5길 30(이현동),,,,,정상가동,24.57,380,60,2022,발전사업용,,,,2025-11-12
도형태양광발전소,대구광역시 서구 국채보상로5길 30(이현동),,,,,정상가동,24.57,380,60,2022,발전사업용,,,,2025-11-12
근형태양광발전소,대구광역시 서구 국채보상로5길 3(이현동),,,,,정상가동,29.57,380,60,2022,발전사업용,,,,2025-11-12
주식회사 에코에너지 [에코-05-금강밸브],"대구광역시 달성군 구지면 달성2차1로 79, 금강밸브 1동",,,,,정상가동,998.4,22900,60,2022,발전사업용,,,,2025-11-12
경임주식회사 [경임 주식회사],대구광역시 달서구 문화회관11길 41(장동),,,,,정상가동,99,380,60,2022,발전사업용,,,,2025-11-12
기은에너지 태양광발전소,"대구광역시 북구 검단공단로 82-11, 사무동(검단동)",,,,,정상가동,19.68,380,60,2022,발전사업용,,,,2025-11-12
고운에너지 태양광발전소,"대구광역시 북구 검단공단로 82-11, 가동(검단동)",,,,,정상가동,199.68,380,60,2022,발전사업용,,,,2025-11-12
태일2 태양광발전소,"대구광역시 동구 용계로1길 19, 2동(용계동)",,,,,정상가동,29.57,380,60,2023,발전사업용,,,,2025-11-12
태일1 태양광발전소,"대구광역시 동구 용계로1길 19, 1동(용계동)",,,,,정상가동,29.57,380,60,2023,발전사업용,,,,2025-11-12
미래통상 태양광발전소,대구광역시 북구 침산로 288(침산동),,,,,정상가동,19.36,380,60,2021,발전사업용,,,,2025-11-12
태영컴퍼니 태양광발전소,대구광역시 북구 침산로 288(침산동),,,,,정상가동,19.36,380,60,2021,발전사업용,,,,2025-11-12
경애 제2 태양광발전소,"대구광역시 달서구 성서서로33길 46, 건물위동편 1동(갈산동)",,,,,정상가동,71.69,380,60,2021,발전사업용,,,,2025-11-12
경애 제1 태양광발전소,대구광역시 달서구 성서서로33길 46(갈산동),,,,,정상가동,74.9,380,60,2021,발전사업용,,,,2025-11-12
영은2 태양광발전소,"대구광역시 달서구 문화회관11길 49-8, 2동(장동)",,,,,정상가동,29.45,380,60,2021,발전사업용,,,,2025-11-12
영은1 태양광발전소,"대구광역시 달서구 문화회관11길 49-8, 1동(장동)",,,,,정상가동,29.45,380,60,2021,발전사업용,,,,2025-11-12
서광2 태양광발전소,대구광역시 달서구 문화회관11안길 12-9(장동),,,,,정상가동,29.45,380,60,2021,발전사업용,,,,2025-11-12
서광1 태양광발전소,대구광역시 달서구 문화회관11안길 12-9(장동),,,,,정상가동,29.45,380,60,2021,발전사업용,,,,2025-11-12
LADI태양광발전소,대구광역시 달서구 화암로71길 9(대곡동),,,,,정상가동,29.12,380,60,2021,발전사업용,,,,2025-11-12
니드테크6 태양광발전소,"대구광역시 달서구 성서공단로21길 35, A동(갈산동)",,,,,정상가동,99.9,380,60,2022,발전사업용,,,,2025-11-12
니드테크5 태양광발전소,"대구광역시 달서구 성서공단로21길 35, A동(갈산동)",,,,,정상가동,99.9,380,60,2022,발전사업용,,,,2025-11-12
니드테크4 태양광발전소,"대구광역시 달서구 성서공단로21길 35, A동(갈산동)",,,,,정상가동,99.9,380,60,2022,발전사업용,,,,2025-11-12
니드테크3 태양광발전소,"대구광역시 달서구 성서공단로21길 35, A동(갈산동)",,,,,정상가동,99.9,380,60,2022,발전사업용,,,,2025-11-12
니드테크2 태양광발전소,"대구광역시 달서구 성서서로 47, 3동(대천동)",,,,,정상가동,99.9,380,60,2022,발전사업용,,,,2025-11-12
니드테크1 태양광발전소,"대구광역시 달서구 성서서로 47, 3동(대천동)",,,,,정상가동,99.9,380,60,2022,발전사업용,,,,2025-11-12
침산오봉협동조합 태양광발전소,대구광역시 북구 오봉로22길 42-2(침산동),,,,,정상가동,32.76,380,60,2021,발전사업용,,,,2025-11-12
예다움 태양광발전소,대구광역시 북구 대동로6길 38-2(산격동),,,,,정상가동,17.74,380,60,2022,발전사업용,,,,2025-11-12
해와달 태양광발전소,대구광역시 북구 대학로9길 21(산격동),,,,,정상가동,14.56,380,60,2022,발전사업용,,,,2025-11-12
구일엔지니어링2호 태양광발전소,"대구광역시 북구 노원동로 39, A동(노원동3가)",,,,,정상가동,29.9,380,60,2022,발전사업용,,,,2025-11-12
구일엔지니어링3호 태양광발전소,"대구광역시 북구 노원동로 39, A동(노원동3가)",,,,,정상가동,29.9,380,60,2022,발전사업용,,,,2025-11-12
구일엔지니어링1호 태양광발전소,"대구광역시 북구 노원동로 39, B동(노원동3가)",,,,,정상가동,19.78,380,60,2022,발전사업용,,,,2025-11-12
(주)경원이엔지 [경원태양광발전소],대구광역시 북구 노원로42길 8-7(침산동),,,,,정상가동,86.45,380,60,2022,발전사업용,,,,2025-11-12
TS1 태양광발전소,대구광역시 달성군 구지면 국가산단대로33길 240,,,,,정상가동,99.9,380,60,2022,발전사업용,,,,2025-11-12
TS3 태양광발전소,대구광역시 달성군 구지면 국가산단대로33길 240,,,,,정상가동,99.9,380,60,2022,발전사업용,,,,2025-11-12
TS2 태양광발전소,대구광역시 달성군 구지면 국가산단대로33길 240,,,,,정상가동,99.9,380,60,2022,발전사업용,,,,2025-11-12
DA2 태양광발전소,대구광역시 서구 국채보상로7길 30(이현동),,,,,정상가동,29.96,380,60,2021,발전사업용,,,,2025-11-12
DA1 태양광발전소,대구광역시 서구 국채보상로7길 30(이현동),,,,,정상가동,29.96,380,60,2021,발전사업용,,,,2025-11-12
동아3 태양광발전소,대구광역시 서구 국채보상로7길 30(이현동),,,,,정상가동,29.96,380,60,2021,발전사업용,,,,2025-11-12
동아2 태양광발전소,대구광역시 서구 국채보상로7길 30(이현동),,,,,정상가동,29.96,380,60,2021,발전사업용,,,,2025-11-12
동아1 태양광발전소,대구광역시 서구 국채보상로7길 30(이현동),,,,,정상가동,29.96,380,60,2021,발전사업용,,,,2025-11-12
나채진태양광발전소,대구광역시 동구 대림로2길 8(괴전동),,,,,정상가동,29.67,380,60,2022,발전사업용,,,,2025-11-12
제이엠텍태양광발전소,대구광역시 달성군 화원읍 비슬로491길 23,,,,,정상가동,29.44,380,60,2021,발전사업용,,,,2025-11-12
주식회사월드텍태양광발전소,대구광역시 달성군 화원읍 비슬로491길 21-1,,,,,정상가동,29.44,380,60,2021,발전사업용,,,,2025-11-12
봉촌1태양광발전소,대구광역시 달성군 하빈면 하빈로 695,,,,,정상가동,84.63,380,60,2021,발전사업용,,,,2025-11-12
승진 태양광발전소,대구광역시 달성군 다사읍 세천로9길 23-16,,,,,정상가동,29.57,380,60,2021,발전사업용,,,,2025-11-12
지수 태양광발전소,대구광역시 달성군 다사읍 세천로11길 15,,,,,정상가동,29.57,380,60,2021,발전사업용,,,,2025-11-12
대구시민햇빛발전협동조합 [대구시민햇빛발전소9호기],대구광역시 달성군 구지면 국가산단대로40길 72,,,,,정상가동,81.9,380,60,2021,발전사업용,,,,2025-11-12
(주)엠스코태양광발전소,대구광역시 달성군 구지면 국가산단대로33길 230,,,,,정상가동,668.16,22900,60,2022,발전사업용,,,,2025-11-12
명전정밀,대구광역시 달성군 논공읍 상리공단로 34,,,,,정상가동,29.12,380,60,2021,발전사업용,,,,2025-11-12
물베기마을 태양광발전소,대구광역시 중구 명덕로 175-1(남산동),,,,,정상가동,29.96,380,60,2022,발전사업용,,,,2025-11-12
사라스크린골프 태양광발전소,대구광역시 달서구 상화로7길 38(진천동),,,,,정상가동,29.12,380,60,2021,발전사업용,,,,2025-11-12
사라(SARA) 태양광발전소,대구광역시 달서구 상화로7길 38(진천동),,,,,정상가동,29.12,380,60,2021,발전사업용,,,,2025-11-12
티플러스태양광발전소,대구광역시 북구 연암로42길 55-1(산격동),,,,,정상가동,44.59,380,60,2022,발전사업용,,,,2025-11-12
운봉태양광발전소,대구광역시 동구 반야월로 297(각산동),,,,,정상가동,19.8,380,60,2021,발전사업용,,,,2025-11-12
백광2호 태양광발전소,대구광역시 북구 노원로 245(침산동),,,,,정상가동,99.64,380,60,2021,발전사업용,,,,2025-11-12
백광1호 태양광발전소,대구광역시 북구 노원로 245(침산동),,,,,정상가동,99.64,380,60,2021,발전사업용,,,,2025-11-12
화진11 태양광,대구광역시 북구 노원로1길 160(노원동3가),,,,,정상가동,99.51,380,60,2021,발전사업용,,,,2025-11-12
화진31 태양광발전소,대구광역시 북구 노원로1길 160(노원동3가),,,,,정상가동,53.5,380,60,2021,발전사업용,,,,2025-11-12
정원에너지,대구광역시 북구 검단동로 47-5(검단동),,,,,정상가동,148.12,380,60,2022,발전사업용,,,,2025-11-12
종민태양광발전소,대구광역시 북구 경진로 69-14(복현동),,,,,정상가동,15.64,380,60,2021,발전사업용,,,,2025-11-12
주식회사 세이브에너지 [인포텍스 태양광발전소],"대구광역시 달성군 논공읍 비슬로262길 75-18, (주)은성산업",,,,,정상가동,180.63,380,60,2022,발전사업용,,,,2025-11-12
햇살그린협동조합 [모햇1차 태양광발전소 44호],대구광역시 달서구 달서대로85길 82(호림동),,,,,정상가동,99.82,380,60,2022,발전사업용,,,,2025-11-12
햇살그린협동조합 [모햇1차 태양광발전소 43호],대구광역시 달서구 달서대로85길 82(호림동),,,,,정상가동,99.82,380,60,2022,발전사업용,,,,2025-11-12
햇살그린협동조합(모햇1차 태양광발전소 42호),대구광역시 달서구 달서대로85길 82(호림동),,,,,정상가동,99.82,380,60,2022,발전사업용,,,,2025-11-12
봉촌 태양광발전소,"대구광역시 달성군 하빈면 하빈로 695, 주2건축물(C동)",,,,,정상가동,83.72,380,60,2021,발전사업용,,,,2025-11-12
(주)지이테크[(주)지이테크 태양광발전소],대구광역시 달성군 구지면 국가산단대로46길 63,,,,,정상가동,99.88,380,60,2021,발전사업용,,,,2025-11-12
새롬빌라트 태양광발전소,대구광역시 달서구 선원로57길 11(용산동),,,,,정상가동,19.78,380,60,2021,발전사업용,,,,2025-11-12
하얀집 태양광발전소,대구광역시 달서구 월배로93길 77-7(송현동),,,,,정상가동,14.72,380,60,2021,발전사업용,,,,2025-11-12
세천 제2태양광발전소,대구광역시 달성군 다사읍 세천로10길 24-7,,,,,정상가동,29.81,380,60,2021,발전사업용,,,,2025-11-12
세천 제1태양광발전소,대구광역시 달성군 다사읍 세천로10길 32,,,,,정상가동,29.81,380,60,2021,발전사업용,,,,2025-11-12
정호3호 태양광발전소,대구광역시 달성군 하빈면 달구벌대로28길 141,,,,,정상가동,52.2,380,60,2022,발전사업용,,,,2025-11-12
일광 태양광발전소,대구광역시 달서구 장기로65길 11-8(장기동),,,,,정상가동,19.11,380,60,2021,발전사업용,,,,2025-11-12
월광레이크태양광,대구광역시 달서구 수밭길 28(도원동),,,,,정상가동,19.3,380,60,2021,발전사업용,,,,2025-11-12
동우산업 태양광발전소,대구광역시 서구 염색공단로 121-14(비산동),,,,,정상가동,29.92,380,60,2021,발전사업용,,,,2025-11-12
대구시민햇빛발전협동조합 [대구시민햇빛발전소 8호기],,대구광역시 달성군 구지면 예현리 762-9,,,,정상가동,99.9,380,60,2021,발전사업용,,,,2025-11-12
대구시민햇빛발전협동조합 [대구시민햇빛발전소 7호기],대구광역시 달성군 구지면 국가산단대로28길 11,,,,,정상가동,99.9,380,60,2021,발전사업용,,,,2025-11-12
다연태양광,대구광역시 북구 동천로 35-18(동천동),,,,,정상가동,16.38,380,60,2021,발전사업용,,,,2025-11-12
대진 태양광발전소,"대구광역시 달성군 논공읍 논공로87길 58, 주건축물제2동서편",,,,,정상가동,29.75,380,60,2021,발전사업용,,,,2025-11-12
(주)진흥에너지 [진흥에너지2 태양광발전소],대구광역시 달서구 성서서로 160(갈산동),,,,,정상가동,168.21,380,60,2022,발전사업용,,,,2025-11-12
주성 태양광발전소,대구광역시 달성군 하빈면 하빈로 442-22,,,,,정상가동,16.83,380,60,2022,발전사업용,,,,2025-11-12
원광2호 태양광발전소,"대구광역시 달성군 하빈면 하산2길 17, 나동서편",,,,,정상가동,29.57,380,60,2021,발전사업용,,,,2025-11-12
원광1호 태양광발전소,"대구광역시 달성군 하빈면 하산2길 17, 나동동편",,,,,정상가동,29.57,380,60,2021,발전사업용,,,,2025-11-12
동아문화사 남산동 태양광발전소,대구광역시 중구 명륜로12길 25(남산동),,,,,정상가동,29.75,380,60,2021,발전사업용,,,,2025-11-12
동아문화사 성서 태양광발전소,대구광역시 달서구 장기로65길 11-9(장기동),,,,,정상가동,97.32,380,60,2021,발전사업용,,,,2025-11-12
그린농경발전 협동조합 [그린농경 인동ENG 지붕 태양광발전소],대구광역시 북구 검단로27길 70-5(검단동),,,,,정상가동,74.52,380,60,2021,발전사업용,,,,2025-11-12
청풍2태양광발전소,"대구광역시 달서구 성서로5길 43, 주건축물제2동(대천동)",,,,,정상가동,99.44,380,60,2021,발전사업용,,,,2025-11-12
청풍1태양광발전소,"대구광역시 달서구 성서로5길 43, 주건축물제1동(대천동)",,,,,정상가동,99.44,380,60,2021,발전사업용,,,,2025-11-12
(주)세기테크 [세기테크 3호 태양광발전소],"대구광역시 달성군 구지면 국가산단서로71길 20-40, C동",,,,,정상가동,95.04,380,60,2022,발전사업용,,,,2025-11-12
(주)세기테크 [세기테크 2호 태양광발전소],"대구광역시 달성군 구지면 국가산단서로71길 20-40, B동",,,,,정상가동,104.72,380,60,2022,발전사업용,,,,2025-11-12
(주)세기테크 [세기테크 1호 태양광발전소],"대구광역시 달성군 구지면 국가산단서로71길 20-40, A동",,,,,정상가동,102.96,380,60,2022,발전사업용,,,,2025-11-12
혜성제과 태양광발전소,"대구광역시 달성군 구지면 구미마을길 101, 주1동동편,부속창고",,,,,정상가동,99.51,380,60,2021,발전사업용,,,,2025-11-12
혜성상사 태양광발전소,"대구광역시 달성군 구지면 구미마을길 101, 주1동서편",,,,,정상가동,98.44,380,60,2021,발전사업용,,,,2025-11-12
보스태양광발전소,대구광역시 달성군 하빈면 묘동1길 32,,,,,정상가동,96.3,380,60,2021,발전사업용,,,,2025-11-12
모햇 제1차 태양광발전소 22호,대구광역시 동구 율암로 149-50 (상매동),,,,,정상가동,97.75,380,60,2021,발전사업용,,,,2025-11-12
견진 태양광발전소,"대구광역시 북구 팔달로7길 78, 주건축물제2동동편 (노원동3가)",,,,,정상가동,29.75,380,60,2021,발전사업용,,,,2025-11-12
상원 태양광발전소,"대구광역시 북구 팔달로7길 78, 주건축물제2동중앙 (노원동3가)",,,,,정상가동,29.75,380,60,2021,발전사업용,,,,2025-11-12
베르디 태양광발전소,"대구광역시 북구 팔달로7길 78, 주건축물제2동서편 (노원동3가)",,,,,정상가동,29.75,380,60,2021,발전사업용,,,,2025-11-12
(주)동성통신 [동성통신 태양광발전소],대구광역시 북구 유통단지로24길 5-3 (산격동),,,,,정상가동,29.9,380,60,2021,발전사업용,,,,2025-11-12
보리태양광발전소,대구광역시 달성군 화원읍 구라2길 7,,,,,정상가동,68.48,380,60,2021,발전사업용,,,,2025-11-12
노을 태양광발전소,대구광역시 달성군 현풍읍 비슬로 801,,,,,정상가동,19.26,380,60,2021,발전사업용,,,,2025-11-12
다솔 태양광발전소,대구광역시 수성구 상록로 76 (범어동),,,,,정상가동,18.75,380,60,2021,발전사업용,,,,2025-11-12
금화 태양광발전소,"대구광역시 달성군 논공읍 논공로87길 58, 주건축물제2동",,,,,정상가동,99.96,380,60,2021,발전사업용,,,,2025-11-12
디엠티 태양광발전소,대구광역시 달서구 성서공단남로 164 (월암동),,,,,정상가동,99.64,380,60,2021,발전사업용,,,,2025-11-12
태빛 태양광발전소,대구광역시 남구 성당로 136-11 (대명동),,,,,정상가동,15.12,380,60,2021,발전사업용,,,,2025-11-12
제림태양광발전소,대구광역시 달성군 화원읍 구라1길 20-16,,,,,정상가동,68.25,380,60,2022,발전사업용,,,,2025-11-12
아진태양광발전소,대구광역시 달성군 화원읍 구라1길 20-14,,,,,정상가동,85.54,380,60,2022,발전사업용,,,,2025-11-12
(주)진중 [진중태양광발전소],대구광역시 달성군 화원읍 구라1길 20-12,,,,,정상가동,85.54,380,60,2022,발전사업용,,,,2025-11-12
미래태양광발전소,대구광역시 달성군 하빈면 하빈남로 371-27,,,,,정상가동,68.85,380,60,2021,발전사업용,,,,2025-11-12
대경 태양광발전소,"대구광역시 달서구 성서공단북로2길 62, 가동남편 (파호동)",,,,,정상가동,99.9,380,60,2022,발전사업용,,,,2025-11-12
수준 태양광발전소,"대구광역시 달서구 성서공단북로2길 62, 가동북편 (파호동)",,,,,정상가동,29.4,380,60,2022,발전사업용,,,,2025-11-12
한영에너지3호,"대구광역시 달성군 구지면 달성2차6로 28, 주2동",,,,,정상가동,99.45,380,60,2021,발전사업용,,,,2025-11-12
한영에너지2호,"대구광역시 달성군 구지면 달성2차6로 28, 주1동북편",,,,,정상가동,99.45,380,60,2021,발전사업용,,,,2025-11-12
한영에너지1호,"대구광역시 달성군 구지면 달성2차6로 28, 주1동남편",,,,,정상가동,99.45,380,60,2021,발전사업용,,,,2025-11-12
(주)고평 [고평4호 태양광발전소],"대구광역시 달성군 구지면 국가산단대로39길 234, D동,E동",,,,,정상가동,397.8,380,60,2021,발전사업용,,,,2025-11-12
순자 태양광발전소,대구광역시 동구 안심로 442 (신서동),,,,,정상가동,29.93,380,60,2021,발전사업용,,,,2025-11-12
동호 태양광발전소,"대구광역시 서구 국채보상로20길 6, 남편139㎡ (중리동)",,,,,정상가동,29.96,380,60,2021,발전사업용,,,,2025-11-12
대원2 태양광발전소,,대구광역시 달성군 하빈면 봉촌리 1097번지 서편480㎡,,,,정상가동,98.73,380,60,2021,발전사업용,,,,2025-11-12
줌1 태양광발전소,,대구광역시 달성군 하빈면 봉촌리 1097번지 동편150㎡,,,,정상가동,29.57,380,60,2021,발전사업용,,,,2025-11-12
단미2 태양광발전소,,대구광역시 달성군 하빈면 봉촌리 1097번지 중앙150㎡,,,,정상가동,29.57,380,60,2021,발전사업용,,,,2025-11-12
대원1 태양광발전소,,대구광역시 달성군 하빈면 봉촌리 1097-3 서편480㎡,,,,정상가동,98.73,380,60,2021,발전사업용,,,,2025-11-12
창1 태양광발전소,,대구광역시 달성군 하빈면 봉촌리 1097-3 동편150㎡,,,,정상가동,29.57,380,60,2021,발전사업용,,,,2025-11-12
단미1 태양광발전소,,대구광역시 달성군 하빈면 봉촌리 1097-3 중앙150㎡,,,,정상가동,29.57,380,60,2021,발전사업용,,,,2025-11-12
영인에코(주) [영인에코(주) 태양광발전소],"대구광역시 달성군 구지면 달성2차로 180, (주)글로실대구공장",,,,,정상가동,954.59,22900,60,2022,발전사업용,,,,2025-11-12
지호 태양광발전소,대구광역시 달성군 옥포읍 비슬로438길 14-5,,,,,정상가동,50.15,380,60,2021,발전사업용,,,,2025-11-12
231. 케이아이피2,"대구광역시 달성군 구지면 국가산단서로71길 110, A동",,,,,정상가동,220.32,380,60,2021,발전사업용,,,,2025-11-12
대한기전(주) [대한기전 태양광발전소],대구광역시 달성군 구지면 국가산단대로28길 107,,,,,정상가동,195.75,380,60,2021,발전사업용,,,,2025-11-12
CS 태양광발전소,대구광역시 달서구 성서서로25안길 38 (갈산동),,,,,정상가동,99.96,380,60,2021,발전사업용,,,,2025-11-12
믿음 태양광발전소,대구광역시 달성군 구지면 구지남로 273-9,,,,,정상가동,29.7,380,60,2021,발전사업용,,,,2025-11-12
김옥주태양광발전소,대구광역시 수성구 달구벌대로641길 21 (매호동),,,,,정상가동,29.67,380,60,2021,발전사업용,,,,2025-11-12
수정유가 태양광발전소,대구광역시 달성군 유가읍 유가길 58,,,,,정상가동,97.68,380,60,2021,발전사업용,,,,2025-11-12
구오4 태양광발전소,"대구광역시 서구 염색공단천로3길 23-1, 사무동 (비산동)",,,,,정상가동,27.72,380,60,2021,발전사업용,,,,2025-11-12
구오3 태양광발전소,"대구광역시 서구 염색공단천로3길 23-1, 공장동남동편 (비산동)",,,,,정상가동,98.7,380,60,2022,발전사업용,,,,2025-11-12
구오2 태양광발전소,"대구광역시 서구 염색공단천로3길 23-1, 공장동북동편 (비산동)",,,,,정상가동,98.7,380,60,2022,발전사업용,,,,2025-11-12
구오1 태양광발전소,"대구광역시 서구 염색공단천로3길 23-1, 공장동서편 (비산동)",,,,,정상가동,58.8,380,60,2022,발전사업용,,,,2025-11-12
대원 태양광발전소 3호,"대구광역시 달성군 하빈면 하빈남로 409, 주1,1032-3주3,주4",,,,,정상가동,74.69,380,60,2021,발전사업용,,,,2025-11-12
대원 태양광발전소 2호,"대구광역시 달성군 하빈면 하빈남로 407, 주1,주2공장",,,,,정상가동,99.64,380,60,2021,발전사업용,,,,2025-11-12
대원 태양광발전소 1호,대구광역시 달성군 하빈면 하빈남로 405,,,,,정상가동,99.64,380,60,2021,발전사업용,,,,2025-11-12
태화솔라에너지,"대구광역시 달서구 화암로71길 11, 주건축물서편144㎡ (대곡동)",,,,,정상가동,29.37,380,60,2021,발전사업용,,,,2025-11-12
평화솔라에너지,"대구광역시 달서구 화암로71길 11, 주건축물동편137㎡ (대곡동)",,,,,정상가동,28.03,380,60,2021,발전사업용,,,,2025-11-12
(주)동신금속 [동신발전소],대구광역시 달성군 구지면 국가산단대로39길 203,,,,,정상가동,379.92,380,60,2021,발전사업용,,,,2025-11-12
강동섬유 태양광발전소,대구광역시 서구 와룡로69길 36 (중리동),,,,,정상가동,29.57,380,60,2021,발전사업용,,,,2025-11-12
에이치디현대로보틱스(주)[현대로보틱스 태양광발전소],"대구광역시 달성군 유가읍 테크노순환로3길 50, 현대중공업로봇공장",,,,,정상가동,2048.41,22900,60,2022,발전사업용,,,,2025-11-12
246. 보성식품,대구광역시 동구 부동길 38-1 (부동),,,,,정상가동,119.68,380,60,2021,발전사업용,,,,2025-11-12
센텀빌리지 태양광발전소,대구광역시 남구 삼각지4길 47 (대명동),,,,,정상가동,19.8,380,60,2021,발전사업용,,,,2025-11-12
(주)제이에스테크윈 [JS 태양광발전소],대구광역시 동구 첨복로 79-4 (동내동),,,,,정상가동,72.2,380,60,2021,발전사업용,,,,2025-11-12
명성 태양광발전소,대구광역시 동구 반야월북로 166 (각산동),,,,,정상가동,18.9,380,60,2021,발전사업용,,,,2025-11-12
남호전기(주) [남호 태양광발전소],대구광역시 북구 검단로31길 66-5 (검단동),,,,,정상가동,99,380,60,2021,발전사업용,,,,2025-11-12
정오 태양광발전소,,대구광역시 달성군 구지면 목단리 188-1,,,,정상가동,81.9,380,60,2021,발전사업용,,,,2025-11-12
해청 태양광발전소,대구광역시 북구 도남길 140-12 (도남동),,,,,정상가동,99.27,380,60,2021,발전사업용,,,,2025-11-12
영성 태양광발전소,대구광역시 달성군 옥포읍 반송길 126,,,,,정상가동,69.52,380,60,2021,발전사업용,,,,2025-11-12
주원 태양광발전소,대구광역시 달서구 갈밭로 52 (대곡동),,,,,정상가동,16.2,380,60,2021,발전사업용,,,,2025-11-12
천성 태양광발전소,대구광역시 북구 오봉로 171 (노원동3가),,,,,정상가동,29.7,380,60,2021,발전사업용,,,,2025-11-12
기호 태양광발전소,대구광역시 달성군 하빈면 하빈남로 350-6,,,,,정상가동,99.45,380,60,2021,발전사업용,,,,2025-11-12
(주)코리아실크로드 [코리아실크로드 발전소],대구광역시 서구 국채보상로3길 24-1 (이현동),,,,,정상가동,49.59,380,60,2021,발전사업용,,,,2025-11-12
청암 태양광발전소,대구광역시 북구 도덕길 368 (연경동),,,,,정상가동,99.9,380,60,2021,발전사업용,,,,2025-11-12
월드테크 태양광발전소,,"대구광역시 달성군 논공읍 상리 799-10 ,799-29",,,,정상가동,74.8,380,60,2021,발전사업용,,,,2025-11-12
신성 태양광발전소,대구광역시 달성군 논공읍 비슬로331길 58,,,,,정상가동,99.2,380,60,2021,발전사업용,,,,2025-11-12
솔라원 태양광발전소,대구광역시 북구 유통단지로13길 34 (산격동),,,,,정상가동,99.45,380,60,2021,발전사업용,,,,2025-11-12
은하수 태양광발전소,대구광역시 달성군 구지면 달성2차서로 55,,,,,정상가동,147.9,380,60,2021,발전사업용,,,,2025-11-12
홈엔하우스 태양광발전소,대구광역시 북구 서변로9길 1 (서변동),,,,,정상가동,19.74,380,60,2021,발전사업용,,,,2025-11-12
청풍에너지,대구광역시 달성군 구지면 달성2차동1로 62,,,,,정상가동,99.18,380,60,2021,발전사업용,,,,2025-11-12
(주)신일철강 [신일2 태양광발전소],"대구광역시 달서구 성서공단북로3길 20, 주1건축물남편 (파호동)",,,,,정상가동,99.96,380,60,2021,발전사업용,,,,2025-11-12
에스제이에너지 태양광발전소,대구광역시 서구 문화로 38 (이현동),,,,,정상가동,79.2,380,60,2021,발전사업용,,,,2025-11-12
거원 태양광발전소,대구광역시 달서구 성서공단남로10길 33 (대천동),,,,,정상가동,99.45,380,60,2021,발전사업용,,,,2025-11-12
희망 태양광발전소,"대구광역시 동구 부동7길 18-1, 나동,다동 (부동)",,,,,정상가동,99.96,380,60,2021,발전사업용,,,,2025-11-12
도봉농원2호태양광발전소,대구광역시 군위군 의흥면 동부로 813-12,,,,,정상가동,86.93,380,60,2022,발전사업용,,,,2025-11-12
동부2호태양광발전소,대구광역시 군위군 의흥면 동부로 813-12,,,,,정상가동,57.95,380,60,2022,발전사업용,,,,2025-11-12
매곡1호태양광발전소,,대구광역시 군위군 효령면 매곡리 216,,,,정상가동,67.2,380,60,2022,발전사업용,,,,2025-11-12
매곡2호태양광발전소,대구광역시 군위군 효령면 탑평길 110,,,,,정상가동,32.64,380,60,2022,발전사업용,,,,2025-11-12
장수태양광발전소,대구광역시 군위군 군위읍 장천로 808-33,,,,,정상가동,99.9,380,60,2022,발전사업용,,,,2025-11-12
수서솔라태양광발전소,대구광역시 군위군 군위읍 장천로 808-31,,,,,정상가동,29.75,380,60,2022,발전사업용,,,,2025-11-12
부라보태양광발전소,대구광역시 군위군 군위읍 장천로 808-29,,,,,정상가동,29.75,380,60,2022,발전사업용,,,,2025-11-12
구태원1호태양광발전소,대구광역시 군위군 소보면 도신로 668,,,,,정상가동,52.2,380,60,2022,발전사업용,,,,2025-11-12
순연태양광발전소,,"대구광역시 군위군 군위읍 대북리 산 88-2 , 산88-5(건물위)",,,,정상가동,69.6,380,60,2022,발전사업용,,,,2025-11-12
손정락태양광발전소3호,"대구광역시 군위군 효령면 효령공단길 12-9, (건물 위)",,,,,정상가동,99.76,380,60,2023,발전사업용,,,,2025-11-12
손정락태양광발전소2호,"대구광역시 군위군 효령면 효령공단길 12-9, (건물 위)",,,,,정상가동,99.76,380,60,2023,발전사업용,,,,2025-11-12
손정락태양광발전소1호,"대구광역시 군위군 효령면 효령공단길 12-9, (건물 위)",,,,,정상가동,99.76,380,60,2023,발전사업용,,,,2025-11-12
창영태양광,대구광역시 군위군 군위읍 서금로 747,,,,,정상가동,15.08,380,60,2022,발전사업용,,,,2025-11-12
성한2호태양광발전소,,"대구광역시 군위군 소보면 내의리 800 , 801, 802, 803",,,,정상가동,99.84,380,60,2022,발전사업용,,,,2025-11-12
성한1호태양광발전소,,"대구광역시 군위군 소보면 내의리 800 , 801, 802, 803",,,,정상가동,99.84,380,60,2022,발전사업용,,,,2025-11-12
보가도2태양광발전소,,대구광역시 군위군 의흥면 수북리 394-2,,,,정상가동,99.82,380,60,2022,발전사업용,,,,2025-11-12
영희태양광발전소,대구광역시 군위군 의흥면 원산금양길 151-90,,,,,정상가동,99.75,380,60,2023,발전사업용,,,,2025-11-12
원산태양광발전소,대구광역시 군위군 의흥면 원산금양길 151-90,,,,,정상가동,99.75,380,60,2022,발전사업용,,,,2025-11-12
영남태양광발전소,대구광역시 군위군 의흥면 원산금양길 151-90,,,,,정상가동,99.75,380,60,2023,발전사업용,,,,2025-11-12
미광태양광발전소,,"대구광역시 군위군 소보면 내의리 797 , 798",,,,정상가동,99.84,380,60,2022,발전사업용,,,,2025-11-12
에이스7호태양광발전소,,대구광역시 군위군 소보면 내의리 806,,,,정상가동,99.84,380,60,2022,발전사업용,,,,2025-11-12
에이스8호태양광발전소,,대구광역시 군위군 소보면 내의리 806,,,,정상가동,99.84,380,60,2022,발전사업용,,,,2025-11-12
에이스6호태양광발전소,,"대구광역시 군위군 소보면 내의리 805 , 806",,,,정상가동,99.84,380,60,2022,발전사업용,,,,2025-11-12
종천 태양광발전소,대구광역시 군위군 우보면 사답길 14,,,,,정상가동,19.2,380,60,2023,발전사업용,,,,2025-11-12
태양우주누리골3호 태양광발전소,,대구광역시 군위군 소보면 내의리 830-1,,,,정상가동,99.84,380,60,2022,발전사업용,,,,2025-11-12
태양우주누리골4호 태양광발전소,,"대구광역시 군위군 소보면 내의리 830-1 , 830-23",,,,정상가동,99.84,380,60,2022,발전사업용,,,,2025-11-12
최영팔태양광발전소,대구광역시 군위군 소보면 도군로 1173,,,,,정상가동,15.66,380,60,2022,발전사업용,,,,2025-11-12
정세화태양광발전소,대구광역시 군위군 소보면 하량길 11,,,,,정상가동,13.34,380,60,2022,발전사업용,,,,2025-11-12
스타2호태양광발전소,,대구광역시 군위군 소보면 내의리 750-1,,,,정상가동,99.84,380,60,2021,발전사업용,,,,2025-11-12
스타4호태양광발전소,,대구광역시 군위군 소보면 내의리 750-1,,,,정상가동,99.84,380,60,2021,발전사업용,,,,2025-11-12
구태원태양광발전소,대구광역시 군위군 소보면 신원길 44,,,,,정상가동,13.8,380,60,2021,발전사업용,,,,2025-11-12
이동화2호태양광발전소,대구광역시 군위군 군위읍 도군로 2577-41,,,,,정상가동,17.66,380,60,2021,발전사업용,,,,2025-11-12
황후태양광발전소,대구광역시 군위군 우보면 고산길 20-21,,,,,정상가동,15.02,380,60,2021,발전사업용,,,,2025-11-12
흥창솔라 태양광발전소,,"대구광역시 군위군 소보면 내의리 821 , 산175",,,,정상가동,843.9,22900,60,2022,발전사업용,,,,2025-11-12
범일에너지3호,대구광역시 군위군 군위읍 서금로 777-59,,,,,정상가동,99.45,380,60,2022,발전사업용,,,,2025-11-12
범일에너지4호,대구광역시 군위군 군위읍 서금로 777-59,,,,,정상가동,99.45,380,60,2022,발전사업용,,,,2025-11-12
범일에너지5호,대구광역시 군위군 군위읍 서금로 777-59,,,,,정상가동,99.45,380,60,2022,발전사업용,,,,2025-11-12
선촌2호 태양광발전소,,대구광역시 군위군 의흥면 연계리 725-2,,,,정상가동,99.84,380,60,2022,발전사업용,,,,2025-11-12
다희Ⅱ태양광발전소,대구광역시 군위군 소보면 내의길 422-28,,,,,정상가동,27,380,60,2021,발전사업용,,,,2025-11-12
다희Ⅰ태양광발전소,대구광역시 군위군 소보면 내의길 422-28,,,,,정상가동,29.7,380,60,2021,발전사업용,,,,2025-11-12
씨에스태양광발전소,대구광역시 군위군 군위읍 군위공단길 159,,,,,정상가동,192.28,380,60,2022,발전사업용,,,,2025-11-12
요람태양광발전소,,대구광역시 군위군 의흥면 수북리 175-13,,,,정상가동,29.4,380,60,2022,발전사업용,,,,2025-11-12
화계태양광발전소,대구광역시 군위군 우보면 화계봉산길 975-91,,,,,정상가동,99.96,380,60,2021,발전사업용,,,,2025-11-12
파전에너지,대구광역시 군위군 의흥면 동부로 806,,,,,정상가동,29.7,380,60,2021,발전사업용,,,,2025-11-12
구암태양광발전소,대구광역시 군위군 효령면 치산효령로 2267-28,,,,,정상가동,65.98,380,60,2021,발전사업용,,,,2025-11-12
코원 태양광발전소,대구광역시 군위군 의흥면 산성가음로 1544,,,,,정상가동,73.63,380,60,2022,발전사업용,,,,2025-11-12
대북A 태양광발전소,대구광역시 군위군 군위읍 새터길 101-40,,,,,정상가동,99.9,380,60,2021,발전사업용,,,,2025-11-12
대북B 태양광발전소,대구광역시 군위군 군위읍 새터길 101-40,,,,,정상가동,99.9,380,60,2021,발전사업용,,,,2025-11-12
빛나리 태양광발전소,,대구광역시 군위군 의흥면 수북리 394,,,,정상가동,99.75,380,60,2021,발전사업용,,,,2025-11-12
G2 태양광발전소,,"대구광역시 군위군 의흥면 수북리 394-1, 394-5, 394-6",,,,정상가동,99.75,380,60,2022,발전사업용,,,,2025-11-12
행복 태양광발전소,대구광역시 군위군 의흥면 배일길 26-55,,,,,정상가동,99,380,60,2021,발전사업용,,,,2025-11-12
행복2호 태양광발전소,,"대구광역시 군위군 의흥면 이지리 771 ,771-2(건물위)",,,,정상가동,85.5,380,60,2021,발전사업용,,,,2025-11-12
행복3호 태양광발전소,,대구광역시 군위군 의흥면 이지리 760 (건물위),,,,정상가동,99,380,60,2021,발전사업용,,,,2025-11-12
행복4호 태양광발전소,,대구광역시 군위군 의흥면 이지리 748 (건물위),,,,정상가동,88.2,380,60,2021,발전사업용,,,,2025-11-12
행복5호 태양광발전소,,대구광역시 군위군 의흥면 이지리 753 (건물위),,,,정상가동,99,380,60,2022,발전사업용,,,,2025-11-12
모든 태양광발전소,"대구광역시 군위군 의흥면 산성가음로 1400, 군위모든농기계",,,,,정상가동,33.3,380,60,2022,발전사업용,,,,2025-11-12
대량태양광발전소,,대구광역시 군위군 소보면 내의리 1351,,,,정상가동,82.8,380,60,2021,발전사업용,,,,2025-11-12
죽전태양광발전소,대구광역시 군위군 군위읍 대북길 158,,,,,정상가동,99.88,380,60,2021,발전사업용,,,,2025-11-12
동진태양광발전소,대구광역시 군위군 효령면 탑평길 42,,,,,정상가동,70.2,380,60,2021,발전사업용,,,,2025-11-12
한나태양광발전소,대구광역시 군위군 군위읍 대흥1길 48-38,,,,,정상가동,29.05,380,60,2021,발전사업용,,,,2025-11-12
범일에너지2호,,대구광역시 군위군 군위읍 수서리 4-51,,,,정상가동,198.9,380,60,2022,발전사업용,,,,2025-11-12
은하수2태양광발전소,,"대구광역시 군위군 의흥면 수북리 216-2 , 216-3, 216-7, 220-1",,,,정상가동,99.9,380,60,2021,발전사업용,,,,2025-11-12
가천 태양광발전소,,대구광역시 수성구 가천동 110-3,,,,정상가동,99.76,380,60,2021,발전사업용,,,,2025-11-12
대구시민햇빛발전협동조합 [대구시민햇빛발전소 6호기],,대구광역시 달성군 유가읍 용리 890번지,,,,정상가동,99.6,380,60,2021,발전사업용,,,,2025-11-12
한희 태양광발전소,대구광역시 서구 가르뱅이로6길 23 (이현동),,,,,정상가동,50.4,380,60,2021,발전사업용,,,,2025-11-12
지훈 태양광발전소,대구광역시 달서구 신당로 13 (신당동),,,,,정상가동,19.97,380,60,2021,발전사업용,,,,2025-11-12
진영 태양광발전소,대구광역시 달성군 논공읍 금강로4길 25,,,,,정상가동,79.65,380,60,2021,발전사업용,,,,2025-11-12
준영 태양광발전소,"대구광역시 서구 국채보상로20길 6, 북서편 (중리동)",,,,,정상가동,29.7,380,60,2021,발전사업용,,,,2025-11-12
지현 태양광발전소,"대구광역시 서구 국채보상로20길 6, 북동편 (중리동)",,,,,정상가동,29.7,380,60,2021,발전사업용,,,,2025-11-12
연돌 태양광발전소,"대구광역시 서구 국채보상로20길 6, 남편 (중리동)",,,,,정상가동,29.7,380,60,2021,발전사업용,,,,2025-11-12
평산 태양광발전소,대구광역시 서구 문화로 310 (평리동),,,,,정상가동,19.8,380,60,2020,발전사업용,,,,2025-11-12
일동제2 태양광발전소,"대구광역시 달서구 성서로75길 21, 북편 (이곡동)",,,,,정상가동,29.37,380,60,2021,발전사업용,,,,2025-11-12
일동제1 태양광발전소,"대구광역시 달서구 성서로75길 21, 남편 (이곡동)",,,,,정상가동,29.37,380,60,2021,발전사업용,,,,2025-11-12
동광 태양광발전소,"대구광역시 서구 와룡로66길 10, 남편 (중리동)",,,,,정상가동,29.81,380,60,2021,발전사업용,,,,2025-11-12
쌍용 태양광발전소,"대구광역시 서구 와룡로66길 10, 북편 (중리동)",,,,,정상가동,19.58,380,60,2021,발전사업용,,,,2025-11-12
테마 태양광발전소,대구광역시 서구 평리로 316 (내당동),,,,,정상가동,19.12,380,60,2021,발전사업용,,,,2025-11-12
나래 태양광발전소,대구광역시 달성군 유가읍 용금공단길 7,,,,,정상가동,99.18,380,60,2021,발전사업용,,,,2025-11-12
명성 태양광발전소,"대구광역시 달성군 유가읍 용금공단길 12-4, 12-6",,,,,정상가동,99.18,380,60,2021,발전사업용,,,,2025-11-12
여명텍스 태양광발전소,대구광역시 달서구 달구벌대로226길 20 (신당동),,,,,정상가동,199.36,380,60,2021,발전사업용,,,,2025-11-12
현대 태양광발전소,대구광역시 동구 둔산로 249-2 (방촌동),,,,,정상가동,49.8,380,60,2021,발전사업용,,,,2025-11-12
현대 태양광발전소,대구광역시 동구 둔산로 249-1 (방촌동),,,,,정상가동,49.8,380,60,2021,발전사업용,,,,2025-11-12
책임2 태양광발전소,"대구광역시 북구 오봉로36길 82, 건물위,북편 (침산동)",,,,,정상가동,29.75,380,60,2021,발전사업용,,,,2025-11-12
책임1 태양광발전소,대구광역시 북구 오봉로36길 82 (침산동),,,,,정상가동,29.75,380,60,2021,발전사업용,,,,2025-11-12
단미 태양광발전소,,대구광역시 달성군 하빈면 봉촌리 1092-4 주1건축물서편,,,,정상가동,29.4,380,60,2021,발전사업용,,,,2025-11-12
줌 태양광발전소,,대구광역시 달성군 하빈면 봉촌리 1092-4 주1건축물동편,,,,정상가동,29.4,380,60,2021,발전사업용,,,,2025-11-12
창 태양광발전소,"대구광역시 달성군 하빈면 하빈남로77길 15-14, 주1건축물서편",,,,,정상가동,29.4,380,60,2021,발전사업용,,,,2025-11-12
대원 태양광발전소,"대구광역시 달성군 하빈면 하빈남로77길 15-14, 주1건축물동편,부1(창고)",,,,,정상가동,99.96,380,60,2021,발전사업용,,,,2025-11-12
백두산업 태양광발전소,대구광역시 달성군 하빈면 하빈남로77길 33,,,,,정상가동,69.72,380,60,2021,발전사업용,,,,2025-11-12
동아 태양광발전소,대구광역시 동구 신평로 100-7 (신평동),,,,,정상가동,15.3,380,60,2021,발전사업용,,,,2025-11-12
무지개 태양광발전소,대구광역시 달성군 구지면 달성2차2로 9,,,,,정상가동,247.95,380,60,2021,발전사업용,,,,2025-11-12
태정 태양광발전소,대구광역시 북구 팔달로27길 128-7 (노원동3가),,,,,정상가동,42.72,380,60,2021,발전사업용,,,,2025-11-12
진주 태양광발전소,"대구광역시 동구 효신로 65-5, 진주하우스 (신천동)",,,,,정상가동,17.55,380,60,2021,발전사업용,,,,2025-11-12
투하우스 태양광발전소,대구광역시 달서구 장기로36안길 25 (감삼동),,,,,정상가동,12.6,380,60,2021,발전사업용,,,,2025-11-12
옥우촌 태양광발전소,"대구광역시 달성군 옥포읍 옥포로111길 63-8, 김흥리1002,1003,1003-1,1013",,,,,정상가동,99,380,60,2020,발전사업용,,,,2025-11-12
한빛팜 태양광발전소,"대구광역시 달성군 구지면 국가산단대로50길 80, 부1,부2창고",,,,,정상가동,81,380,60,2021,발전사업용,,,,2025-11-12
HJ팜 태양광발전소,"대구광역시 달성군 구지면 국가산단대로50길 80, 주1건축물서편",,,,,정상가동,97.2,380,60,2021,발전사업용,,,,2025-11-12
HM팜 태양광발전소,대구광역시 달성군 구지면 국가산단대로50길 80,,,,,정상가동,97.2,380,60,2021,발전사업용,,,,2025-11-12
E라인빌 태양광발전소,"대구광역시 남구 현충로7길 86, E라인빌 (대명동)",,,,,정상가동,27.3,380,60,2020,발전사업용,,,,2025-11-12
대영2호 태양광발전소,,대구광역시 달성군 하빈면 동곡리 1056번지 B동,,,,정상가동,19.12,380,60,2020,발전사업용,,,,2025-11-12
희진 태양광,대구광역시 북구 검단공단로21길 17 (검단동),,,,,정상가동,64.52,380,60,2020,발전사업용,,,,2025-11-12
양자 에너지,대구광역시 달서구 호산동로7길 18 (호림동),,,,,정상가동,27.84,380,60,2020,발전사업용,,,,2025-11-12
티엔에프 태양광발전소,대구광역시 서구 염색공단천로1길 32 (비산동),,,,,정상가동,97.44,380,60,2021,발전사업용,,,,2025-11-12
(주)장보고 식자재마트 [장보고2호 태양광발전소],대구광역시 동구 안심로53길 12(동호동),,,,,정상가동,99,380,60,2021,발전사업용,,,,2025-11-12
(주)장보고 식자재마트 [장보고1호 태양광발전소],대구광역시 동구 안심로53길 12 (동호동),,,,,정상가동,99,380,60,2021,발전사업용,,,,2025-11-12
그린빌 태양광발전소,대구광역시 남구 안골2길 10 (대명동),,,,,정상가동,19.92,380,60,2021,발전사업용,,,,2025-11-12
진성 태양광발전소,"대구광역시 달서구 성서공단남로 8, 다동,라동 (대천동)",,,,,정상가동,99.96,380,60,2021,발전사업용,,,,2025-11-12
소원 태양광발전소,대구광역시 동구 아양로42길 12 (효목동),,,,,정상가동,48.95,380,60,2020,발전사업용,,,,2025-11-12
진영 태양광발전소,대구광역시 북구 칠성남로36길 11-10 (칠성동2가),,,,,정상가동,19.92,380,60,2021,발전사업용,,,,2025-11-12
청하환경산업 태양광발전소,대구광역시 동구 팔공로 475-3 (지묘동),,,,,정상가동,29.81,380,60,2021,발전사업용,,,,2025-11-12
명인 태양광발전소,대구광역시 달성군 하빈면 달구벌대로8길 17,,,,,정상가동,99.75,380,60,2020,발전사업용,,,,2025-11-12
강동 태양광발전소,대구광역시 서구 와룡로69길 36 (중리동),,,,,정상가동,169.54,380,60,2021,발전사업용,,,,2025-11-12
승원 태양광발전소,대구광역시 서구 국채보상로7길 50 (이현동),,,,,정상가동,99.94,380,60,2021,발전사업용,,,,2025-11-12
예서 태양광발전소,대구광역시 서구 국채보상로7길 50 (이현동),,,,,정상가동,99.94,380,60,2021,발전사업용,,,,2025-11-12
제이비투 태양광발전소,대구광역시 동구 공항로 287 (지저동),,,,,정상가동,63.84,380,60,2021,발전사업용,,,,2025-11-12
제이비원 태양광발전소,대구광역시 동구 공항로 291 (입석동),,,,,정상가동,99.96,380,60,2021,발전사업용,,,,2025-11-12
문화빌 태양광발전소,대구광역시 달서구 서당로17길 23 (신당동),,,,,정상가동,19.92,380,60,2020,발전사업용,,,,2025-11-12
지이티 주식회사 [지이티 태양광발전소],대구광역시 달성군 다사읍 세천로1길 38,,,,,정상가동,349.2,380,60,2022,발전사업용,,,,2025-11-12
화성2 태양광발전소,대구광역시 달성군 논공읍 논공로 466,,,,,정상가동,299.46,380,60,2021,발전사업용,,,,2025-11-12
금한침장2호 태양광발전소,"대구광역시 달서구 성서공단로21길 75, B동 (갈산동)",,,,,정상가동,99.96,380,60,2021,발전사업용,,,,2025-11-12
금한침장1호 태양광발전소,"대구광역시 달서구 성서공단로21길 75, A동 (갈산동)",,,,,정상가동,99.96,380,60,2021,발전사업용,,,,2025-11-12
해달별꽃 태양광발전소,대구광역시 달성군 가창면 가창로108길 7,,,,,정상가동,29.92,380,60,2021,발전사업용,,,,2025-11-12
상화 태양광발전소,대구광역시 달성군 가창면 가창로108길 7,,,,,정상가동,29.92,380,60,2021,발전사업용,,,,2025-11-12
계승 태양광발전소,대구광역시 달성군 가창면 가창로108길 7,,,,,정상가동,29.92,380,60,2021,발전사업용,,,,2025-11-12
성오 태양광발전소,"대구광역시 달성군 가창면 가창로108길 7, 가창실내테니스장",,,,,정상가동,29.92,380,60,2021,발전사업용,,,,2025-11-12
엣지1호 태양광발전소,대구광역시 중구 남산로2길 100 (남산동),,,,,정상가동,19.8,380,60,2020,발전사업용,,,,2025-11-12
그노텍 태양광발전소,대구광역시 달성군 논공읍 상리공단로 34,,,,,정상가동,29.05,380,60,2021,발전사업용,,,,2025-11-12
연두텍 태양광발전소,대구광역시 달성군 논공읍 상리공단로 34,,,,,정상가동,29.05,380,60,2021,발전사업용,,,,2025-11-12
야베스 태양광발전소,대구광역시 달서구 와룡로51길 10 (죽전동),,,,,정상가동,18,380,60,2020,발전사업용,,,,2025-11-12
광산 태양광발전소,대구광역시 달성군 논공읍 비슬로366길 6,,,,,정상가동,19.74,380,60,2020,발전사업용,,,,2025-11-12
삼우아트빌 태양광발전소,대구광역시 남구 두류공원로20길 12-2 (대명동),,,,,정상가동,19.92,380,60,2020,발전사업용,,,,2025-11-12
누리통신 태양광발전소,대구광역시 수성구 범어로20길 74-2 (범어동),,,,,정상가동,9.9,380,60,2021,발전사업용,,,,2025-11-12
삼종냉기산업 태양광발전소,대구광역시 동구 반야월북로 46 (율암동),,,,,정상가동,30,380,60,2020,발전사업용,,,,2025-11-12
주식회사 포러스,대구광역시 달서구 성서로68길 45 (갈산동),,,,,정상가동,98.56,380,60,2021,발전사업용,,,,2025-11-12
대송 태양광발전소,대구광역시 남구 희망로 20 (이천동),,,,,정상가동,18.06,380,60,2021,발전사업용,,,,2025-11-12
공덕솔라,대구광역시 달성군 논공읍 위천2길 13-1,,,,,정상가동,29.4,380,60,2020,발전사업용,,,,2025-11-12
케이디엠테크 태양광발전소,"대구광역시 북구 검단북로 142, 10동 (검단동)",,,,,정상가동,97.11,380,60,2021,발전사업용,,,,2025-11-12
(주)리뉴프라퍼티(비전금리9호 태양광발전소),"대구광역시 달성군 유가읍 테크노남로3길 23, 주건축물제1동건물위",,,,,정상가동,894.6,22900,60,2022,발전사업용,,,,2025-11-12
이카대구2호 태양광발전소,"대구광역시 달성군 유가읍 테크노남로3길 23, 주건축물제3동건물위",,,,,정상가동,296.1,380,60,2023,발전사업용,,,,2025-11-12
세준기술2호 태양광발전소,대구광역시 동구 도평로38길 23-13 (도동),,,,,정상가동,59.76,380,60,2021,발전사업용,,,,2025-11-12
세준기술1호 태양광발전소,대구광역시 동구 도평로38길 23-13 (도동),,,,,정상가동,29.88,380,60,2021,발전사업용,,,,2025-11-12
원에너지 태양광발전소,대구광역시 달서구 성서공단북로18길 10 (호산동),,,,,정상가동,29.58,380,60,2020,발전사업용,,,,2025-11-12
무한에너지2 태양광발전소,대구광역시 달서구 성서공단북로18길 10 (호산동),,,,,정상가동,29.58,380,60,2020,발전사업용,,,,2025-11-12
무한에너지1 태양광발전소,대구광역시 달서구 성서공단북로18길 10 (호산동),,,,,정상가동,29.58,380,60,2020,발전사업용,,,,2025-11-12
무한정밀,대구광역시 달서구 성서공단북로18길 10 (호산동),,,,,정상가동,29.58,380,60,2020,발전사업용,,,,2025-11-12
(주)영남솔라에너지 [영남2 태양광발전소],대구광역시 달서구 성서서로48길 24 (갈산동),,,,,정상가동,143.55,380,60,2021,발전사업용,,,,2025-11-12
서울이엔시,대구광역시 북구 검단공단로 60-5 (검단동),,,,,정상가동,99.45,380,60,2020,발전사업용,,,,2025-11-12
복순 태양광발전소,대구광역시 달성군 현풍읍 현풍동로27길 64,,,,,정상가동,29.05,380,60,2020,발전사업용,,,,2025-11-12
현 태양광발전소,대구광역시 달성군 화원읍 명천로 321-4,,,,,정상가동,19.92,380,60,2020,발전사업용,,,,2025-11-12
대원 태양광발전소,대구광역시 동구 반야월북로 168 (각산동),,,,,정상가동,19.92,380,60,2020,발전사업용,,,,2025-11-12
찬빛 태양광발전소,대구광역시 동구 경안로102길 35 (동호동),,,,,정상가동,98.28,380,60,2020,발전사업용,,,,2025-11-12
태백1 태양광발전소,"대구광역시 달서구 문화회관11길 33, B동 (장동)",,,,,정상가동,29.4,380,60,2020,발전사업용,,,,2025-11-12
(주)태산철강 [승창 태양광발전소],"대구광역시 달서구 성서공단남로6길 24, 가동 (대천동)",,,,,정상가동,428.4,380,60,2020,발전사업용,,,,2025-11-12
기후변화대응 에너지전환 협동조합 [기에쿱 인동ENG 지붕 태양광],대구광역시 북구 검단로27길 70-5 (검단동),,,,,정상가동,94.5,380,60,2020,발전사업용,,,,2025-11-12
영옥 태양광발전소,대구광역시 남구 대명역6길 15 (대명동),,,,,정상가동,12.6,380,60,2020,발전사업용,,,,2025-11-12
대승산업 태양광발전소,대구광역시 서구 문화로60길 5-13 (평리동),,,,,정상가동,16.18,380,60,2020,발전사업용,,,,2025-11-12
강건텍스타일 태양광발전소,대구광역시 서구 와룡로83길 20 (이현동),,,,,정상가동,95.17,380,60,2020,발전사업용,,,,2025-11-12
그랜드빌 태양광발전소,대구광역시 남구 현충로39길 26-5 (대명동),,,,,정상가동,19.92,380,60,2020,발전사업용,,,,2025-11-12
다명 태양광발전소,대구광역시 북구 검단로31길 36 (검단동),,,,,정상가동,99.6,380,60,2020,발전사업용,,,,2025-11-12
(주)스틸앤스틸러스 [(주)스틸앤스틸러스태양광발전소],대구광역시 달서구 호산로 19 (파호동),,,,,정상가동,499.5,380,60,2020,발전사업용,,,,2025-11-12
서진ENG,대구광역시 서구 문화로23길 6-1 (이현동),,,,,정상가동,52.29,380,60,2020,발전사업용,,,,2025-11-12
종연 태양광발전소,대구광역시 동구 신암남로23길 26-6 (신암동),,,,,정상가동,19.87,380,60,2020,발전사업용,,,,2025-11-12
송정 태양광발전소,대구광역시 중구 국채보상로102길 49 (계산동1가),,,,,정상가동,19.92,380,60,2020,발전사업용,,,,2025-11-12
태전 태양광발전소,대구광역시 북구 학정로 82 (태전동),,,,,정상가동,13.44,380,60,2020,발전사업용,,,,2025-11-12
숙자3 태양광발전소,대구광역시 달성군 하빈면 하빈남로 371-26,,,,,정상가동,70.55,380,60,2020,발전사업용,,,,2025-11-12
숙자2 태양광발전소,대구광역시 달성군 하빈면 하빈남로 371-28,,,,,정상가동,70.55,380,60,2020,발전사업용,,,,2025-11-12
숙자1 태양광발전소,대구광역시 달성군 하빈면 하빈남로 331-17,,,,,정상가동,70.55,380,60,2020,발전사업용,,,,2025-11-12
명원 태양광발전소,대구광역시 남구 중앙대로28길 56 (봉덕동),,,,,정상가동,17.64,380,60,2020,발전사업용,,,,2025-11-12
아름다운 태양광발전소,"대구광역시 달성군 가창면 가창로 514-39, ,514-41",,,,,정상가동,79.68,380,60,2020,발전사업용,,,,2025-11-12
케이비 태양광발전소,"대구광역시 북구 검단공단로 82-15, 경북씨엔지공장 (검단동)",,,,,정상가동,99.6,380,60,2020,발전사업용,,,,2025-11-12
한영 태양광발전소,대구광역시 동구 율하동로19길 53 (율하동),,,,,정상가동,29.58,380,60,2020,발전사업용,,,,2025-11-12
대영제1 태양광발전소,대구광역시 서구 국채보상로10길 17 (중리동),,,,,정상가동,99.9,380,60,2020,발전사업용,,,,2025-11-12
지영 태양광발전소,대구광역시 달성군 옥포읍 옥계2길 13-5,,,,,정상가동,26.88,380,60,2020,발전사업용,,,,2025-11-12
세진테크 태양광발전소,대구광역시 달성군 구지면 달성2차서로 84-8,,,,,정상가동,99.63,380,60,2021,발전사업용,,,,2025-11-12
우일테크 태양광발전소,대구광역시 달성군 구지면 달성2차서로 84-12,,,,,정상가동,99.63,380,60,2021,발전사업용,,,,2025-11-12
경희 태양광발전소,대구광역시 달서구 상원로 83-5 (상인동),,,,,정상가동,15.54,380,60,2020,발전사업용,,,,2025-11-12
알펜시아 태양광발전소,"대구광역시 북구 경대로서19길 21, 알펜시아 (복현동)",,,,,정상가동,13.95,380,60,2020,발전사업용,,,,2025-11-12
(주)고평 [고평3호 태양광발전소],"대구광역시 달성군 구지면 국가산단대로39길 234, C동",,,,,정상가동,23.24,380,60,2020,발전사업용,,,,2025-11-12
㈜창신이앤알[주식회사 창신이앤알 태양광발전소],대구광역시 동구 팔공로7길 11 (불로동),,,,,정상가동,17.43,380,60,2020,발전사업용,,,,2025-11-12
대승 태양광발전소,대구광역시 북구 고성로28길 6-1 (고성동2가),,,,,정상가동,19.92,380,60,2020,발전사업용,,,,2025-11-12
수이 태양광발전소,대구광역시 달서구 서당로15길 20 (신당동),,,,,정상가동,19.92,380,60,2020,발전사업용,,,,2025-11-12
탑스타 태양광발전소,대구광역시 남구 안지랑로11길 84 (대명동),,,,,정상가동,29.88,380,60,2020,발전사업용,,,,2025-11-12
주식회사 성림에너텍 [성림 태양광발전소],대구광역시 달성군 옥포읍 교항5길 27,,,,,정상가동,73.12,380,60,2021,발전사업용,,,,2025-11-12
용리 태양광발전소,대구광역시 달성군 유가읍 용금공단길 9-6,,,,,정상가동,99.6,380,60,2020,발전사업용,,,,2025-11-12
에스퓨얼셀주식회사(두류수영장발전소),"대구광역시 달서구 공원순환로 237, 두류수영장 (성당동)",,,,,정상가동,210,380,60,2021,발전사업용,,,,2025-11-12
세천2 태양광발전소,"대구광역시 달성군 다사읍 세천로10길 13, 북편169㎡",,,,,정상가동,34.86,380,60,2020,발전사업용,,,,2025-11-12
(주)시스픽 [(주)시스픽2 태양광발전소],대구광역시 달서구 성서로9길 18 (대천동),,,,,정상가동,90.72,380,60,2020,발전사업용,,,,2025-11-12
비에이치 태양광발전소,대구광역시 동구 해동로 107 (지저동),,,,,정상가동,99.6,380,60,2020,발전사업용,,,,2025-11-12
한스헤리 태양광발전소,대구광역시 북구 동변로24길 22-25 (동변동),,,,,정상가동,17.94,380,60,2020,발전사업용,,,,2025-11-12
승훈 태양광발전소,대구광역시 동구 과학로4길 16-6 (각산동),,,,,정상가동,15.64,380,60,2020,발전사업용,,,,2025-11-12
신기 태양광발전소,대구광역시 동구 반야월로 162-1 (신기동),,,,,정상가동,19.92,380,60,2020,발전사업용,,,,2025-11-12
135. 조일고,"대구광역시 동구 신덕로 136-11, 조일로봇고등학교 (신평동)",,,,,정상가동,216,380,60,2020,발전사업용,,,,2025-11-12
맥비즈 태양광발전소,대구광역시 달서구 성서서로36길 17-6 (갈산동),,,,,정상가동,99.33,380,60,2020,발전사업용,,,,2025-11-12
태흥에너지,대구광역시 달서구 성서공단북로77길 25 (장동),,,,,정상가동,94.6,380,60,2020,발전사업용,,,,2025-11-12
서흥에너지1호,대구광역시 달서구 성서공단북로77길 25 (장동),,,,,정상가동,94.6,380,60,2020,발전사업용,,,,2025-11-12
봉촌 태양광발전소,대구광역시 달성군 하빈면 하빈남로77길 23-6,,,,,정상가동,38.18,380,60,2020,발전사업용,,,,2025-11-12
달성 태양광발전소,대구광역시 달성군 하빈면 달구벌대로8길 132-34,,,,,정상가동,19.92,380,60,2020,발전사업용,,,,2025-11-12
대진 태양광발전소,대구광역시 서구 와룡로 377-5 (중리동),,,,,정상가동,29.88,380,60,2020,발전사업용,,,,2025-11-12
파크빌 태양광발전소,대구광역시 달서구 성당로39길 16 (성당동),,,,,정상가동,19.98,380,60,2020,발전사업용,,,,2025-11-12
하얀나무 태양광발전소,대구광역시 남구 장전5길 10-29 (대명동),,,,,정상가동,26.97,380,60,2020,발전사업용,,,,2025-11-12
선미2 태양광발전소,대구광역시 달성군 다사읍 세천로21길 29,,,,,정상가동,29.88,380,60,2020,발전사업용,,,,2025-11-12
정희 태양광발전소,대구광역시 달성군 하빈면 달구벌대로8길 159,,,,,정상가동,70.13,380,60,2020,발전사업용,,,,2025-11-12
상노 태양광발전소,대구광역시 달성군 하빈면 달구벌대로8길 159,,,,,정상가동,70.13,380,60,2020,발전사업용,,,,2025-11-12
삼성 태양광발전소,대구광역시 달성군 하빈면 하빈남로 371-43,,,,,정상가동,70.13,380,60,2020,발전사업용,,,,2025-11-12
현대 태양광발전소,대구광역시 달성군 하빈면 하빈남로 371-47,,,,,정상가동,70.13,380,60,2020,발전사업용,,,,2025-11-12
다온빌 태양광발전소,대구광역시 달서구 명천로10길 25 (대곡동),,,,,정상가동,27.75,380,60,2020,발전사업용,,,,2025-11-12
역난 태양광발전소,대구광역시 달성군 하빈면 하빈남로 305-57,,,,,정상가동,19.5,380,60,2020,발전사업용,,,,2025-11-12
동양합성 주식회사 [동양합성 태양광발전소],"대구광역시 달서구 성서동로 28, F동 (대천동)",,,,,정상가동,29.97,380,60,2020,발전사업용,,,,2025-11-12
아가페 태양광발전소,"대구광역시 동구 금강로16길 21-9, 아가페 (신서동)",,,,,정상가동,20.62,380,60,2020,발전사업용,,,,2025-11-12
(주)진흥에너지 [진흥1 태양광발전소],대구광역시 달서구 성서서로33길 9 (갈산동),,,,,정상가동,271.41,380,60,2020,발전사업용,,,,2025-11-12
삼정 태양광발전소,대구광역시 북구 노원로42길 8-8 (침산동),,,,,정상가동,99.6,380,60,2020,발전사업용,,,,2025-11-12
(주)창미에너지(가천 태양광발전소),대구광역시 수성구 고모로26길 14 (가천동),,,,,정상가동,29.76,380,60,2021,발전사업용,,,,2025-11-12
세한목형 태양광발전소,대구광역시 달성군 옥포읍 반송2길 8,,,,,정상가동,28.35,380,60,2021,발전사업용,,,,2025-11-12
우리사랑 태양광발전소,대구광역시 남구 현충로7길 13-2 (대명동),,,,,정상가동,29.88,380,60,2020,발전사업용,,,,2025-11-12
한국지붕태양광(주) [신성1호 태양광발전소],대구광역시 달성군 다사읍 세천로3길 10,,,,,정상가동,1834.38,22900,60,2020,발전사업용,,,,2025-11-12
정원 태양광발전소,대구광역시 달성군 논공읍 노이길 337,,,,,정상가동,72.62,380,60,2020,발전사업용,,,,2025-11-12
부곡 태양광발전소,대구광역시 달성군 다사읍 부곡2길 21-1,,,,,정상가동,20.25,380,60,2020,발전사업용,,,,2025-11-12
춘하추동 태양광발전소,대구광역시 달성군 논공읍 남리1길 8-1,,,,,정상가동,16.87,380,60,2020,발전사업용,,,,2025-11-12
씨에이치 태양광발전소,대구광역시 달서구 성서공단북로 84 (호산동),,,,,정상가동,199.2,380,60,2020,발전사업용,,,,2025-11-12
주식회사 금성정공 [(주)금성정공 태양광발전소],"대구광역시 달성군 구지면 국가산단대로33길 70, 주건축물제6동",,,,,정상가동,70.55,380,60,2020,발전사업용,,,,2025-11-12
제일 태양광발전소 3호,"대구광역시 달성군 현풍읍 현풍서로 124, 제4동",,,,,정상가동,26.14,380,60,2021,발전사업용,,,,2025-11-12
제일 태양광발전소 2호,"대구광역시 달성군 현풍읍 현풍서로 124, 제3동",,,,,정상가동,24.07,380,60,2021,발전사업용,,,,2025-11-12
제일 태양광발전소 1호,"대구광역시 달성군 현풍읍 현풍서로 124, 제1동,제2동",,,,,정상가동,108.31,380,60,2021,발전사업용,,,,2025-11-12
일성 태양광발전소,대구광역시 달서구 감삼4길 50 (감삼동),,,,,정상가동,18.75,380,60,2020,발전사업용,,,,2025-11-12
뉴월드 태양광발전소,대구광역시 북구 도남길 209-22 (도남동),,,,,정상가동,48.19,380,60,2020,발전사업용,,,,2025-11-12
태림 태양광발전소,대구광역시 달서구 중흥로 77-7 (송현동),,,,,정상가동,17.76,380,60,2020,발전사업용,,,,2025-11-12
현대밸브콘트롤(주) [현대 태양광발전소],대구광역시 달서구 성서공단로39길 14-8 (갈산동),,,,,정상가동,95.62,380,60,2020,발전사업용,,,,2025-11-12
(주)배관제일 [제일 태양광발전소],대구광역시 달서구 성서공단로39길 14-4 (갈산동),,,,,정상가동,95.62,380,60,2020,발전사업용,,,,2025-11-12
한미 태양광발전소,대구광역시 동구 팔공로 9-3 (불로동),,,,,정상가동,59.86,380,60,2020,발전사업용,,,,2025-11-12
블루힐 태양광발전소,대구광역시 동구 율하동로19길 27 (율하동),,,,,정상가동,12.95,380,60,2020,발전사업용,,,,2025-11-12
DG푸드 태양광발전소,대구광역시 북구 동변로24길 40 (동변동),,,,,정상가동,14.8,380,60,2020,발전사업용,,,,2025-11-12
순복 태양광발전소,대구광역시 달성군 하빈면 하빈남로 349-12,,,,,정상가동,72.62,380,60,2020,발전사업용,,,,2025-11-12
순섭 태양광발전소,대구광역시 달성군 하빈면 하빈남로 349-14,,,,,정상가동,72.62,380,60,2020,발전사업용,,,,2025-11-12
대영 태양광발전소,대구광역시 달성군 하빈면 하빈남로 307-39,,,,,정상가동,99.9,380,60,2020,발전사업용,,,,2025-11-12
명진 태양광발전소,대구광역시 달성군 옥포읍 옥계길 64-21,,,,,정상가동,49.5,380,60,2020,발전사업용,,,,2025-11-12
경상하이웨이솔라 주식회사 [화원옥포 태양광발전소],"대구광역시 달성군 화원읍 비슬로 2335, 화원IC영업소",,,,,정상가동,21.84,380,60,2021,발전사업용,,,,2025-11-12
해피 태양광발전소,대구광역시 달서구 월배로75길 85 (송현동),,,,,정상가동,12.95,380,60,2020,발전사업용,,,,2025-11-12
안심에너지협동조합 [안심마을신용보증기금햇빛 태양광발전소],"대구광역시 동구 과학로13길 70, 신용보증기금대구합숙소 (각산동)",,,,,정상가동,91.26,380,60,2020,발전사업용,,,,2025-11-12
SB군위태양광발전소,,대구광역시 군위군 소보면 내의리 830-1,,,,정상가동,99.2,380,60,2021,발전사업용,,,,2025-11-12
군위7호 태양광발전소,,대구광역시 군위군 소보면 내의리 830-1,,,,정상가동,99.2,380,60,2021,발전사업용,,,,2025-11-12
해드림태양광발전소1호,,대구광역시 군위군 소보면 내의리 830-1,,,,정상가동,99.2,380,60,2021,발전사업용,,,,2025-11-12
태양우주누리골1호 태양광발전소,,대구광역시 군위군 소보면 내의리 830-1,,,,정상가동,99.2,380,60,2021,발전사업용,,,,2025-11-12
태양우주햇빛발전소1호,,대구광역시 군위군 소보면 내의리 830-1,,,,정상가동,99.2,380,60,2021,발전사업용,,,,2025-11-12
태양우주누리골2호 태양광발전소,,대구광역시 군위군 소보면 내의리 830-1,,,,정상가동,99.2,380,60,2021,발전사업용,,,,2025-11-12
중리 태양광발전소,대구광역시 군위군 효령면 중리길 17,,,,,정상가동,17.6,380,60,2021,발전사업용,,,,2025-11-12
석정 태양광발전소,대구광역시 군위군 소보면 송원1길 78-1,,,,,정상가동,13.18,380,60,2021,발전사업용,,,,2025-11-12
선촌태양광발전소,대구광역시 군위군 의흥면 배태길 170-56,,,,,정상가동,66.3,380,60,2021,발전사업용,,,,2025-11-12
에덴1태양광발전소,대구광역시 군위군 산성면 백학길 7,,,,,정상가동,89.64,380,60,2021,발전사업용,,,,2025-11-12
규의태양광발전소,대구광역시 군위군 군위읍 삽령길 11,,,,,정상가동,42.84,380,60,2022,발전사업용,,,,2025-11-12
에이스4호태양광발전소,,대구광역시 군위군 소보면 내의리 830-3,,,,정상가동,99.9,380,60,2021,발전사업용,,,,2025-11-12
에이스3호태양광발전소,,대구광역시 군위군 소보면 내의리 830-3,,,,정상가동,99.9,380,60,2021,발전사업용,,,,2025-11-12
에이스2호태양광발전소,,대구광역시 군위군 소보면 내의리 830-3,,,,정상가동,99.9,380,60,2021,발전사업용,,,,2025-11-12
도도쏠라태양광발전소,,대구광역시 군위군 부계면 가호리 109,,,,정상가동,92.96,380,60,2021,발전사업용,,,,2025-11-12
더제이유태양광발전소,,대구광역시 군위군 부계면 신화리 1032-2,,,,정상가동,496.8,380,60,2023,발전사업용,,,,2025-11-12
도봉태양광발전소,,대구광역시 군위군 의흥면 파전리 110-5 (건물 위),,,,정상가동,76.5,380,60,2021,발전사업용,,,,2025-11-12
도봉농원태양광발전소,,대구광역시 군위군 의흥면 파전리 105 (건물 위),,,,정상가동,99,380,60,2021,발전사업용,,,,2025-11-12
화순태양광발전소,,대구광역시 군위군 의흥면 파전리 105 (건물 위),,,,정상가동,99,380,60,2021,발전사업용,,,,2025-11-12
동부태양광발전소,,대구광역시 군위군 의흥면 파전리 105 (건물 위),,,,정상가동,99,380,60,2021,발전사업용,,,,2025-11-12
영농조합 신계2리태양광,,대구광역시 군위군 소보면 신계리 129번지 1호 (건물 위),,,,정상가동,72.9,380,60,2021,발전사업용,,,,2025-11-12
대자연 제3태양광발전소,,"대구광역시 군위군 군위읍 정리 산 4번지 , 대북리 170",,,,정상가동,98.77,380,60,2021,발전사업용,,,,2025-11-12
대자연 제4태양광발전소,,"대구광역시 군위군 군위읍 정리 산 4번지 , 대북리 170",,,,정상가동,98.77,380,60,2021,발전사업용,,,,2025-11-12
대자연 제5태양광발전소,,"대구광역시 군위군 군위읍 정리 산 4번지 , 대북리 170",,,,정상가동,98.77,380,60,2021,발전사업용,,,,2025-11-12
(주)탑솔라1호,,대구광역시 군위군 부계면 창평리 840번지 6호,,,,정상가동,993.51,22900,60,2021,발전사업용,,,,2025-11-12
(주)탑솔라2호,,대구광역시 군위군 부계면 창평리 840번지 6호,,,,정상가동,993.51,22900,60,2021,발전사업용,,,,2025-11-12
(주)탑솔라3호,,대구광역시 군위군 부계면 창평리 840번지 6호,,,,정상가동,993.51,22900,60,2021,발전사업용,,,,2025-11-12
만석태양광발전소,대구광역시 군위군 산성면 산성가음로 382,,,,,정상가동,33.75,380,60,2020,발전사업용,,,,2025-11-12
영광태양광발전소,,대구광역시 군위군 소보면 내의리 778번지 2호,,,,정상가동,99.76,380,60,2021,발전사업용,,,,2025-11-12
삼영 태양광발전소,대구광역시 북구 유통단지로7길 66-7 (산격동),,,,,정상가동,49.8,380,60,2020,발전사업용,,,,2025-11-12
주식회사 이래에이치티 [이래에이치티 발전소4호],"대구광역시 달성군 논공읍 논공로 653-14, (2필지)",,,,,정상가동,1497.6,22900,60,2021,발전사업용,,,,2025-11-12
주식회사 이래에이치티 [이래에이치티 발전소3호],"대구광역시 달성군 논공읍 논공로 653-7, (3필지)",,,,,정상가동,1836,22900,60,2021,발전사업용,,,,2025-11-12
주식회사 이래에이치티 [이래에이치티 발전소2호],"대구광역시 달성군 논공읍 논공로 664, (7필지)",,,,,정상가동,2764.8,22900,60,2021,발전사업용,,,,2025-11-12
주식회사 이래에이치티 [이래에이치티 발전소1호],"대구광역시 달성군 논공읍 논공로 664, (2필지)",,,,,정상가동,2707.2,22900,60,2021,발전사업용,,,,2025-11-12
주식회사 원일렉 [원일렉 태양광발전소],대구광역시 북구 유통단지로7길 66-9 (산격동),,,,,정상가동,49.8,380,60,2020,발전사업용,,,,2025-11-12
주식회사 창진엠앤디 [창진 태양광발전소],대구광역시 달서구 성서로9길 26 (대천동),,,,,정상가동,98.82,380,60,2020,발전사업용,,,,2025-11-12
주식회사 을화 [을화 성서지점 태양광발전소],대구광역시 달서구 성서공단남로32길 14 (월암동),,,,,정상가동,298.8,380,60,2020,발전사업용,,,,2025-11-12
새은 태양광발전소,대구광역시 달성군 화원읍 모개골길 16,,,,,정상가동,19.72,380,60,2020,발전사업용,,,,2025-11-12
영희 태양광발전소,대구광역시 남구 안지랑로17길 62 (대명동),,,,,정상가동,12,380,60,2020,발전사업용,,,,2025-11-12
하나유통,대구광역시 북구 침산로54길 11 (침산동),,,,,정상가동,28.12,380,60,2020,발전사업용,,,,2025-11-12
썬빌라 태양광발전소,대구광역시 동구 이노밸리로42길 20-2 (각산동),,,,,정상가동,17.22,380,60,2020,발전사업용,,,,2025-11-12
대영 태양광발전소,대구광역시 수성구 용학로46길 17 (지산동),,,,,정상가동,19.98,380,60,2020,발전사업용,,,,2025-11-12
주식회사 오상테크 [오상테크2호 태양광발전소],"대구광역시 동구 율암로 103, 제2,제3동 (율암동)",,,,,정상가동,349.12,380,60,2020,발전사업용,,,,2025-11-12
주식회사 오상테크 [오상테크1호 태양광발전소],"대구광역시 동구 율암로 103, 제1동 (율암동)",,,,,정상가동,149.62,380,60,2020,발전사업용,,,,2025-11-12
경숙 태양광발전소,대구광역시 남구 대명로15길 18 (대명동),,,,,정상가동,19.98,380,60,2020,발전사업용,,,,2025-11-12
주식회사 케이티 [KT 대구물류센터 연료전지],,대구광역시 달서구 신당동 1660-1,,,,정상가동,900,22900,60,2020,발전사업용,,,,2025-11-12
(주)대아엔지니어링 [(주)대아엔지니어링 태양광발전소],대구광역시 달성군 유가읍 테크노중앙대로1길 25,,,,,정상가동,915.7,22900,60,2020,발전사업용,,,,2025-11-12
대양 태양광발전소,"대구광역시 북구 검단로31길 33-7, ,33-9,33-11 (검단동)",,,,,정상가동,498.42,380,60,2021,발전사업용,,,,2025-11-12
대경 태양광발전소,대구광역시 달성군 하빈면 하산1길 33,,,,,정상가동,70.2,380,60,2019,발전사업용,,,,2025-11-12
금호가든 태양광발전소,대구광역시 북구 화담길 169 (동변동),,,,,정상가동,15.54,380,60,2020,발전사업용,,,,2025-11-12
JW태양광발전소,대구광역시 달성군 구지면 달성2차2로 20,,,,,정상가동,190.48,380,60,2020,발전사업용,,,,2025-11-12
(주)신정기공 [주식회사 신정기공 태양광발전소],대구광역시 달성군 구지면 국가산단대로28길 71,,,,,정상가동,709.65,22900,60,2020,발전사업용,,,,2025-11-12
(주)삼덕에너지 [삼덕에너지],대구광역시 동구 안심로59길 36 (각산동),,,,,정상가동,273.78,380,60,2020,발전사업용,,,,2025-11-12
뉴텍SDS 태양광발전소,대구광역시 달성군 구지면 국가산단서로71길 5,,,,,정상가동,132.8,380,60,2019,발전사업용,,,,2025-11-12
태양발전소,대구광역시 북구 검단북로 134 (검단동),,,,,정상가동,99.9,380,60,2021,발전사업용,,,,2025-11-12
서연이엔지(주) [서연이엔지(주) 태양광발전소],대구광역시 달성군 논공읍 논공중앙로 250,,,,,정상가동,29.6,380,60,2019,발전사업용,,,,2025-11-12
주식회사 엠제이데코 [엠제이데코 태양광발전소],대구광역시 서구 와룡로66길 8 (중리동),,,,,정상가동,141.6,380,60,2019,발전사업용,,,,2025-11-12
(주)리온텍 [효승 태양광발전소],대구광역시 북구 연경중앙로2길 1 (연경동),,,,,정상가동,99.6,380,60,2020,발전사업용,,,,2025-11-12
(주)오션네트웍스 [(주)오션네트웍스 태양광발전소],대구광역시 동구 매여로1길 28 (상매동),,,,,정상가동,199.8,380,60,2020,발전사업용,,,,2025-11-12
(주)신라시스템 [(주)신라시스템 태양광발전소],대구광역시 동구 매여로 52 (율암동),,,,,정상가동,29.97,380,60,2020,발전사업용,,,,2025-11-12
하리 태양광발전소,대구광역시 달서구 장산2길 39-7 (용산동),,,,,정상가동,15.6,380,60,2019,발전사업용,,,,2025-11-12
혜영 태양광발전소,대구광역시 동구 율하동로21길 51 (율하동),,,,,정상가동,13.32,380,60,2020,발전사업용,,,,2025-11-12
동방화학 태양광발전소,대구광역시 서구 와룡로98길 45 (이현동),,,,,정상가동,89.6,380,60,2019,발전사업용,,,,2025-11-12
간경리 태양광발전소,대구광역시 달성군 옥포읍 비슬로457길 77,,,,,정상가동,30.42,380,60,2021,발전사업용,,,,2025-11-12
단해 태양광발전소,대구광역시 달성군 현풍읍 현풍서로43길 30,,,,,정상가동,99.53,380,60,2021,발전사업용,,,,2025-11-12
아가페 태양광발전소,대구광역시 동구 안심로49길 93 (서호동),,,,,정상가동,41.08,380,60,2019,발전사업용,,,,2025-11-12
주식회사 고평 [고평2호 태양광발전소],대구광역시 달성군 구지면 달성2차3로 17,,,,,정상가동,243,380,60,2020,발전사업용,,,,2025-11-12
주식회사 고평 [고평1호 태양광발전소],대구광역시 달성군 구지면 국가산단대로39길 234,,,,,정상가동,384,380,60,2020,발전사업용,,,,2025-11-12
성진태양광발전소,대구광역시 달서구 성서공단로11길 38-3 (호림동),,,,,정상가동,14.8,380,60,2019,발전사업용,,,,2025-11-12
명품 태양광발전소,대구광역시 달성군 현풍읍 비슬로 674,,,,,정상가동,15.54,380,60,2019,발전사업용,,,,2025-11-12
명품 태양광발전소,대구광역시 달성군 현풍읍 비슬로 676,,,,,정상가동,29.6,380,60,2019,발전사업용,,,,2025-11-12
주영테크 태양광발전소,대구광역시 달서구 성서동로53길 27 (장동),,,,,정상가동,99.9,380,60,2019,발전사업용,,,,2025-11-12
국일이앤씨 태양광발전소,대구광역시 서구 와룡로87길 34 (이현동),,,,,정상가동,19.98,380,60,2019,발전사업용,,,,2025-11-12
즐거운인생 태양광발전소,대구광역시 서구 와룡로87길 32 (이현동),,,,,정상가동,19.98,380,60,2019,발전사업용,,,,2025-11-12
일성합판(주) [일성 태양광발전소],대구광역시 달성군 논공읍 논공중앙로54길 8,,,,,정상가동,79.56,380,60,2019,발전사업용,,,,2025-11-12
해은 태양광발전소,대구광역시 서구 서대구로2길 65-26 (내당동),,,,,정상가동,13.32,380,60,2019,발전사업용,,,,2025-11-12
상일 태양광발전소,대구광역시 동구 팔공산로 368 (송정동),,,,,정상가동,14.8,380,60,2019,발전사업용,,,,2025-11-12
태양산업 태양광발전소,대구광역시 북구 검단로27길 36 (검단동),,,,,정상가동,185.64,380,60,2020,발전사업용,,,,2025-11-12
에스케이에너지(주) [SK대구맘모스 태양광발전소],대구광역시 북구 동북로 21 (산격동),,,,,정상가동,23.7,380,60,2020,발전사업용,,,,2025-11-12
에스케이에너지(주) [SK대구칠곡IC 태양광발전소],대구광역시 북구 관음로 141 (관음동),,,,,정상가동,29.63,380,60,2020,발전사업용,,,,2025-11-12
광민 태양광발전소,대구광역시 남구 현충로15길 38-48 (대명동),,,,,정상가동,15.54,380,60,2019,발전사업용,,,,2025-11-12
보람 태양광발전소,대구광역시 달성군 다사읍 세천북로14길 61,,,,,정상가동,51.8,380,60,2019,발전사업용,,,,2025-11-12
세천 태양광발전소,대구광역시 달성군 다사읍 세천로10길 13,,,,,정상가동,94.62,380,60,2020,발전사업용,,,,2025-11-12
(주)에이티에이 [에이티에이 태양광발전소],대구광역시 달서구 호산동로7길 18 (호림동),,,,,정상가동,99.9,380,60,2019,발전사업용,,,,2025-11-12
한국 태양광발전소,대구광역시 북구 팔달북로 34 (노원동3가),,,,,정상가동,74.92,380,60,2020,발전사업용,,,,2025-11-12
스마일 태양광발전소,대구광역시 달서구 성서공단북로 234 (갈산동),,,,,정상가동,130.31,380,60,2019,발전사업용,,,,2025-11-12
순희 태양광발전소,대구광역시 북구 노원로1길 164-5 (노원동3가),,,,,정상가동,124.8,380,60,2019,발전사업용,,,,2025-11-12
(주)에이치디태양광발전소 [에이치디 태양광발전소],대구광역시 달서구 성서4차첨단로 17 (대천동),,,,,정상가동,449.45,380,60,2020,발전사업용,,,,2025-11-12
녹색에너지 태양광발전소,대구광역시 동구 팔공로 9-7 (불로동),,,,,정상가동,29.93,380,60,2019,발전사업용,,,,2025-11-12
예담 태양광발전소,대구광역시 동구 팔공산로 212 (덕곡동),,,,,정상가동,19.71,380,60,2019,발전사업용,,,,2025-11-12
스피드티에스 태양광발전소,"대구광역시 달성군 옥포읍 비슬로447길 36, A동",,,,,정상가동,32.34,380,60,2019,발전사업용,,,,2025-11-12
대현2호 태양광발전소,대구광역시 동구 신평로 121 (신평동),,,,,정상가동,70.2,380,60,2019,발전사업용,,,,2025-11-12
대현1호 태양광발전소,대구광역시 동구 신평로 121 (신평동),,,,,정상가동,81.9,380,60,2019,발전사업용,,,,2025-11-12
플레인 태양광발전소,대구광역시 동구 공항로 248 (지저동),,,,,정상가동,18.5,380,60,2019,발전사업용,,,,2025-11-12
기영 태양광발전소,대구광역시 수성구 청수로25길 36 (황금동),,,,,정상가동,18.13,380,60,2019,발전사업용,,,,2025-11-12
삼우ENG 태양광발전소,대구광역시 달성군 논공읍 비슬로361길 90,,,,,정상가동,379.08,380,60,2019,발전사업용,,,,2025-11-12
(주)대원포장기계 [대원포장기계 태양광발전소],"대구광역시 달성군 논공읍 노이1길 46-43, 46-45",,,,,정상가동,98.28,380,60,2020,발전사업용,,,,2025-11-12
금호 태양광발전소,대구광역시 달성군 하빈면 달구벌대로8길 166,,,,,정상가동,48.75,380,60,2019,발전사업용,,,,2025-11-12
불로천우 태양광발전소,대구광역시 동구 팔공로29길 45-9 (불로동),,,,,정상가동,87.75,380,60,2019,발전사업용,,,,2025-11-12
나임 태양광발전소,대구광역시 북구 성북로5길 20-31 (침산동),,,,,정상가동,19.89,380,60,2019,발전사업용,,,,2025-11-12
기산 태양광발전소,대구광역시 북구 팔달로7길 52 (노원동3가),,,,,정상가동,61.05,380,60,2019,발전사업용,,,,2025-11-12
보경준비 태양광발전소,대구광역시 달성군 유가읍 용금공단길 10,,,,,정상가동,63.99,380,60,2019,발전사업용,,,,2025-11-12
(주)가민 [오피스GY 태양광발전소],대구광역시 달서구 성서공단로11길 70-8 (호산동),,,,,정상가동,35.64,380,60,2019,발전사업용,,,,2025-11-12
보은 태양광발전소,대구광역시 달성군 옥포읍 원전1길 57-2,,,,,정상가동,19.71,380,60,2019,발전사업용,,,,2025-11-12
조화3 태양광발전소,대구광역시 북구 검단로27길 53 (검단동),,,,,정상가동,43.68,380,60,2020,발전사업용,,,,2025-11-12
조화2 태양광발전소,"대구광역시 북구 검단공단로 60-19, B동 (검단동)",,,,,정상가동,49.14,380,60,2020,발전사업용,,,,2025-11-12
조화1 태양광발전소,"대구광역시 북구 검단공단로 60-19, A동 (검단동)",,,,,정상가동,70.2,380,60,2020,발전사업용,,,,2025-11-12
무한기술 태양광발전소,대구광역시 달서구 달서대로91길 108 (호산동),,,,,정상가동,193.14,380,60,2019,발전사업용,,,,2025-11-12
(주)상보아이엔티 [상보 태양광발전소],대구광역시 서구 와룡로87길 11 (이현동),,,,,정상가동,99.63,380,60,2020,발전사업용,,,,2025-11-12
태백 태양광발전소,"대구광역시 달서구 문화회관11길 33, A동 (장동)",,,,,정상가동,29.4,380,60,2020,발전사업용,,,,2025-11-12
동서 태양광발전소,대구광역시 서구 큰장로15길 13-1 (내당동),,,,,정상가동,14.04,380,60,2019,발전사업용,,,,2025-11-12
명광 태양광발전소,대구광역시 달성군 현풍읍 비슬로134길 129,,,,,정상가동,18.26,380,60,2020,발전사업용,,,,2025-11-12
우주 태양광발전소,대구광역시 수성구 파동로2길 13 (파동),,,,,정상가동,12,380,60,2019,발전사업용,,,,2025-11-12
하산리 태양광발전소,대구광역시 달성군 하빈면 하산길 130-29,,,,,정상가동,19.5,380,60,2019,발전사업용,,,,2025-11-12
미소정원 태양광발전소,대구광역시 동구 송라로12길 45 (신천동),,,,,정상가동,19.71,380,60,2019,발전사업용,,,,2025-11-12
두리 태양광발전소,대구광역시 달성군 논공읍 비슬로371길 227,,,,,정상가동,94,380,60,2019,발전사업용,,,,2025-11-12
혜성전기 태양광발전소,대구광역시 서구 국채보상로 38-19 (중리동),,,,,정상가동,91.26,380,60,2019,발전사업용,,,,2025-11-12
병희 태양광발전소,대구광역시 남구 대명서7길 64 (대명동),,,,,정상가동,20.72,380,60,2019,발전사업용,,,,2025-11-12
백호 태양광발전소,대구광역시 달성군 옥포읍 비슬로 2180,,,,,정상가동,19.92,380,60,2019,발전사업용,,,,2025-11-12
성지씨앤티 태양광발전소,대구광역시 달성군 다사읍 다사로71길 41,,,,,정상가동,79.68,380,60,2019,발전사업용,,,,2025-11-12
용만 태양광발전소,대구광역시 달성군 다사읍 세천본길 45-16,,,,,정상가동,12.96,380,60,2019,발전사업용,,,,2025-11-12
영진 태양광발전소,"대구광역시 달서구 호산동로 112, 차동 (호산동)",,,,,정상가동,168.08,380,60,2019,발전사업용,,,,2025-11-12
상인 태양광발전소,대구광역시 달서구 월곡로26길 33 (상인동),,,,,정상가동,40.32,380,60,2019,발전사업용,,,,2025-11-12
(주)진보 [진보 태양광발전소],대구광역시 북구 문주길 57 (금호동),,,,,정상가동,34,380,60,2020,발전사업용,,,,2025-11-12
(주)남환 [남환 태양광발전소],대구광역시 달성군 구지면 국가산단동로42길 46,,,,,정상가동,299.88,380,60,2019,발전사업용,,,,2025-11-12
동재오토테크(주) [동재오토테크(주)],대구광역시 북구 검단동로 47-16 (검단동),,,,,정상가동,99.9,380,60,2020,발전사업용,,,,2025-11-12
동재공업(주) [동재공업(주)],대구광역시 북구 검단동로 47-15 (검단동),,,,,정상가동,99.9,380,60,2020,발전사업용,,,,2025-11-12
(주)신일종합건조기 [(주)신일 제2태양광발전소],대구광역시 동구 반야월북로2길 14 (율암동),,,,,정상가동,60.06,380,60,2019,발전사업용,,,,2025-11-12
(주)신일종합건조기 [(주)신일 제1태양광발전소],대구광역시 동구 공항로47길 21 (지저동),,,,,정상가동,99.45,380,60,2019,발전사업용,,,,2025-11-12
동방 태양광발전소,대구광역시 달서구 문화회관5길 64 (장기동),,,,,정상가동,99.64,380,60,2019,발전사업용,,,,2025-11-12
송정 태양광발전소,대구광역시 동구 안심로 476-1(괴전동),,,,,정상가동,24.82,380,60,2019,발전사업용,,,,2025-11-12
(주)상아하우징 [세천 태양광발전소],,대구광역시 달성군 다사읍 세천리 1674-12,,,,정상가동,439.46,380,60,2019,발전사업용,,,,2025-11-12
성우 태양광발전소,대구광역시 달성군 화원읍 비슬로481길 53,,,,,정상가동,74.88,380,60,2019,발전사업용,,,,2025-11-12
안심 태양광발전소,대구광역시 동구 안심로 438 (신서동),,,,,정상가동,36,380,60,2019,발전사업용,,,,2025-11-12
드그라쎄 태양광발전소,대구광역시 북구 침산남로7길 68 (침산동),,,,,정상가동,58.5,380,60,2019,발전사업용,,,,2025-11-12
대종 태양광발전소,대구광역시 북구 경대로23길 23 (복현동),,,,,정상가동,11.52,380,60,2019,발전사업용,,,,2025-11-12
봄이 태양광발전소,대구광역시 북구 대학로25길 16-1 (산격동),,,,,정상가동,15.4,380,60,2019,발전사업용,,,,2025-11-12
영아 태양광발전소,대구광역시 북구 대학로25길 16 (산격동),,,,,정상가동,12.32,380,60,2019,발전사업용,,,,2025-11-12
충청에너지서비스(주)[대동공업 태양광발전소],"대구광역시 달성군 논공읍 논공중앙로34길 35, A동가공공장,CS공장,판금공장 A동",,,,,정상가동,2997.54,22900,60,2019,발전사업용,,,,2025-11-12
대흥 태양광발전소,대구광역시 동구 입석로3길 54 (입석동),,,,,정상가동,42.9,380,60,2019,발전사업용,,,,2025-11-12
덕성 태양광발전소,"대구광역시 동구 팔공산로2길 16, 달구벌고등학교 덕성관동(덕곡동)",,,,,정상가동,37.44,380,60,2019,발전사업용,,,,2025-11-12
경원 태양광발전소,대구광역시 달서구 월배로 345(송현동),,,,,정상가동,19.89,380,60,2019,발전사업용,,,,2025-11-12
플러스솔라 태양광발전소,대구광역시 달성군 구지면 과학마을로3길 11-10,,,,,정상가동,19.8,380,60,2019,발전사업용,,,,2025-11-12
크리스탈솔라 태양광발전소,대구광역시 달성군 구지면 과학마을로2길 67,,,,,정상가동,19.8,380,60,2019,발전사업용,,,,2025-11-12
빛마루 태양광발전소,대구광역시 동구 율하동로19길 59-3 (율하동),,,,,정상가동,15.12,380,60,2019,발전사업용,,,,2025-11-12
화성 태양광발전소,"대구광역시 달성군 유가읍 테크노중앙대로2길 20, A동",,,,,정상가동,199.8,380,60,2019,발전사업용,,,,2025-11-12
금동 태양광발전소,대구광역시 수성구 청수로34길 45 (지산동),,,,,정상가동,19.44,380,60,2019,발전사업용,,,,2025-11-12
비엠 태양광발전소,대구광역시 달성군 하빈면 하빈로84길 21-1,,,,,정상가동,69.03,380,60,2019,발전사업용,,,,2025-11-12
영인 태양광발전소,대구광역시 달성군 유가읍 테크노순환로5길 13,,,,,정상가동,292.12,380,60,2019,발전사업용,,,,2025-11-12
(주)케이피씨 [(주)케이피씨 태양광발전소],대구광역시 동구 안심로59길 14 (각산동),,,,,정상가동,83.85,380,60,2019,발전사업용,,,,2025-11-12
대승 태양광발전소,대구광역시 남구 월배로94길 55 (대명동),,,,,정상가동,19.71,380,60,2019,발전사업용,,,,2025-11-12
성덕 태양광발전소,대구광역시 북구 장태실2길 17-26 (팔달동),,,,,정상가동,24.64,380,60,2019,발전사업용,,,,2025-11-12
하나 태양광발전소,대구광역시 달성군 화원읍 성화로10길 48,,,,,정상가동,82.88,380,60,2019,발전사업용,,,,2025-11-12
신암 태양광발전소,대구광역시 동구 아양로 117 (신암동),,,,,정상가동,19.5,380,60,2019,발전사업용,,,,2025-11-12
(주)상아하우징 [비슬 태양광발전소],"대구광역시 달성군 유가읍 테크노순환로7길 9, (주)상아뉴매틱",,,,,정상가동,988.2,22900,60,2019,발전사업용,,,,2025-11-12
(주)혜성전기 [혜성 태양광발전소],대구광역시 동구 팔공로45길 38 (봉무동),,,,,정상가동,299.88,380,60,2019,발전사업용,,,,2025-11-12
부건 태양광발전소,대구광역시 동구 반야월북로2길 8-1 (율암동),,,,,정상가동,79.95,380,60,2019,발전사업용,,,,2025-11-12
양곡 태양광발전소,대구광역시 달서구 야외음악당로47길 116 (두류동),,,,,정상가동,17.28,380,60,2019,발전사업용,,,,2025-11-12
스타3호태양광발전소,,대구광역시 군위군 소보면 내의리 750번지 1호,,,,정상가동,99.76,380,60,2021,발전사업용,,,,2025-11-12
스타1호태양광발전소,,대구광역시 군위군 소보면 내의리 750번지 1호,,,,정상가동,99.76,380,60,2021,발전사업용,,,,2025-11-12
정은3호태양광발전소,,대구광역시 군위군 소보면 내의리 1233번지 1호,,,,정상가동,499.38,380,60,2022,발전사업용,,,,2025-11-12
연지태양광발전소,,"대구광역시 군위군 우보면 봉산리 1363번지 3호 , 1381-4 (건물 위)",,,,정상가동,99.19,380,60,2020,발전사업용,,,,2025-11-12
서부태양광발전소,,대구광역시 군위군 군위읍 서부리 196번지,,,,정상가동,14.22,380,60,2020,발전사업용,,,,2025-11-12
지연3호태양광발전소,,대구광역시 군위군 소보면 내의리 806번지 3호,,,,정상가동,99.76,380,60,2021,발전사업용,,,,2025-11-12
상일5호태양광발전소,,대구광역시 군위군 소보면 내의리 806번지 3호,,,,정상가동,99.76,380,60,2021,발전사업용,,,,2025-11-12
지연2호태양광발전소,,대구광역시 군위군 소보면 내의리 806번지 3호,,,,정상가동,99.76,380,60,2021,발전사업용,,,,2025-11-12
지연1호태양광발전소,,대구광역시 군위군 소보면 내의리 806번지 3호,,,,정상가동,99.76,380,60,2021,발전사업용,,,,2025-11-12
상일4호태양광발전소,,대구광역시 군위군 소보면 내의리 806번지 3호,,,,정상가동,99.76,380,60,2021,발전사업용,,,,2025-11-12
상일3호태양광발전소,,대구광역시 군위군 소보면 내의리 806번지 3호,,,,정상가동,99.76,380,60,2021,발전사업용,,,,2025-11-12
상일2호태양광발전소,,대구광역시 군위군 소보면 내의리 806번지 3호,,,,정상가동,99.76,380,60,2021,발전사업용,,,,2025-11-12
상일1호태양광발전소,,대구광역시 군위군 소보면 내의리 806번지 3호,,,,정상가동,99.76,380,60,2021,발전사업용,,,,2025-11-12
은하수1태양광발전소,,"대구광역시 군위군 의흥면 수북리 216번지 2호 , 216-3, 216-7",,,,정상가동,99.6,380,60,2021,발전사업용,,,,2025-11-12
석산아미영농조합법인 태양광발전소,,"대구광역시 군위군 고로면 석산리 717번지 1호 , 719-1",,,,정상가동,65.12,380,60,2021,발전사업용,,,,2025-11-12
박경희태양광발전소,,"대구광역시 군위군 소보면 신계리 401번지 3호 , 401-5",,,,정상가동,49.53,380,60,2020,발전사업용,,,,2025-11-12
새봄태양광발전소,,대구광역시 군위군 군위읍 대흥리 724번지,,,,정상가동,99.6,380,60,2021,발전사업용,,,,2025-11-12
효경태양광발전소,,대구광역시 군위군 군위읍 대흥리 724번지,,,,정상가동,99.6,380,60,2021,발전사업용,,,,2025-11-12
창평솔라뱅크,,"대구광역시 군위군 부계면 창평리 139번지 2호 , 139-3, 139-4, 141-1",,,,정상가동,478.08,380,60,2020,발전사업용,,,,2025-11-12
길우태양광발전소,,대구광역시 군위군 우보면 선곡리 112번지,,,,정상가동,99.9,380,60,2022,발전사업용,,,,2025-11-12
상일3호태양광발전소,대구광역시 군위군 효령면 용매로 863-1,,,,,정상가동,49.92,380,60,2020,발전사업용,,,,2025-11-12
상일4호태양광발전소,대구광역시 군위군 효령면 용매로 863-1,,,,,정상가동,99.84,380,60,2020,발전사업용,,,,2025-11-12
태우태양광발전소,,대구광역시 군위군 우보면 선곡리 113번지,,,,정상가동,99.9,380,60,2022,발전사업용,,,,2025-11-12
에이스1호태양광발전소,,대구광역시 군위군 소보면 내의리 830-3,,,,정상가동,99.9,380,60,2021,발전사업용,,,,2025-11-12
진안태양광발전소,대구광역시 군위군 군위읍 군위금성로 208-6,,,,,정상가동,98.28,380,60,2022,발전사업용,,,,2025-11-12
(주)소보삼호,,대구광역시 군위군 소보면 내의리 52번지,,,,정상가동,98.42,380,60,2021,발전사업용,,,,2025-11-12
(주)소보일호,,대구광역시 군위군 소보면 내의리 52번지,,,,정상가동,98.42,380,60,2021,발전사업용,,,,2025-11-12
(주)소보이호,,대구광역시 군위군 소보면 내의리 52번지,,,,정상가동,98.42,380,60,2021,발전사업용,,,,2025-11-12
세방골 태양광발전소,,"대구광역시 군위군 의흥면 신덕리 276번지 ,276-1",,,,정상가동,46.61,380,60,2020,발전사업용,,,,2025-11-12
(주)대원태양광발전소,대구광역시 군위군 군위읍 군위공단길 156,,,,,정상가동,299.7,380,60,2020,발전사업용,,,,2025-11-12
용매태양광발전소,대구광역시 군위군 효령면 용매로 1148-34,,,,,정상가동,29.2,380,60,2020,발전사업용,,,,2025-11-12
연천태양광발전소,,대구광역시 군위군 부계면 창평리 1411번지 (건축물 위),,,,정상가동,31.95,380,60,2020,발전사업용,,,,2025-11-12
상일2호태양광발전소,대구광역시 군위군 효령면 용매로 863,,,,,정상가동,40.56,380,60,2020,발전사업용,,,,2025-11-12
와이엔피1호 태양광발전소,,"대구광역시 군위군 우보면 선곡리 567번지 , 568, 569, 536번지",,,,정상가동,98.55,380,60,2020,발전사업용,,,,2025-11-12
새봄태양광발전소,,대구광역시 군위군 우보면 이화리 229번지 2호,,,,정상가동,98.28,380,60,2020,발전사업용,,,,2025-11-12
기성태양광발전소,,대구광역시 군위군 우보면 이화리 229번지 2호,,,,정상가동,98.28,380,60,2020,발전사업용,,,,2025-11-12
자연태양광발전소,,대구광역시 군위군 우보면 이화리 229번지 2호,,,,정상가동,98.28,380,60,2020,발전사업용,,,,2025-11-12
창성태양광발전소,대구광역시 군위군 부계면 신화1길 137-9,,,,,정상가동,40.95,380,60,2020,발전사업용,,,,2025-11-12
조은태양광발전소,,대구광역시 군위군 소보면 내의리 181번지,,,,정상가동,175.2,380,60,2021,발전사업용,,,,2025-11-12
우성2호태양광발전소,대구광역시 군위군 우보면 동부로 1666,,,,,정상가동,98.28,380,60,2020,발전사업용,,,,2025-11-12
대경에너지,,대구광역시 군위군 소보면 봉황리 453번지,,,,정상가동,98.26,380,60,2021,발전사업용,,,,2025-11-12
정은1호태양광발전소,,대구광역시 군위군 소보면 내의리 1233번지 1호,,,,정상가동,497.25,380,60,2022,발전사업용,,,,2025-11-12
정은2호태양광발전소,,대구광역시 군위군 소보면 내의리 1233번지 1호,,,,정상가동,497.25,380,60,2022,발전사업용,,,,2025-11-12
명진태양광발전소,,"대구광역시 군위군 의흥면 신덕리 321번지 , 322",,,,정상가동,99.45,380,60,2021,발전사업용,,,,2025-11-12
청수태양광발전소,,"대구광역시 군위군 의흥면 신덕리 321번지 , 322",,,,정상가동,99.45,380,60,2021,발전사업용,,,,2025-11-12
수성태양광발전소,,"대구광역시 군위군 의흥면 신덕리 321번지 ,322",,,,정상가동,99.45,380,60,2020,발전사업용,,,,2025-11-12
천곤태양광발전소,,대구광역시 군위군 의흥면 신덕리 276번지 1호,,,,정상가동,99.45,380,60,2021,발전사업용,,,,2025-11-12
신화태양광발전소,,대구광역시 군위군 부계면 신화리 1099번지 (건축물 위),,,,정상가동,96.75,380,60,2020,발전사업용,,,,2025-11-12
(주)2018동부하이웨이솔라 [대구경북본부 주차장 태양광발전소],"대구광역시 북구 관음로 61-26, 한국도로공사경북지역본부 (관음동)",,,,,정상가동,66.6,380,60,2020,발전사업용,,,,2025-11-12
아이에스이엔지(주) [아이에스이엔지 주식회사],대구광역시 달성군 구지면 국가산단북로 80,,,,,정상가동,985.5,22900,60,2019,발전사업용,,,,2025-11-12
와우 태양광발전소,대구광역시 북구 성북로 62 (침산동),,,,,정상가동,55.44,380,60,2019,발전사업용,,,,2025-11-12
명옥 태양광발전소,대구광역시 남구 장전3길 42 (대명동),,,,,정상가동,28.8,380,60,2019,발전사업용,,,,2025-11-12
우양 태양광발전소,대구광역시 북구 노원로 126 (노원동3가),,,,,정상가동,69.35,380,60,2019,발전사업용,,,,2025-11-12
수인빌 태양광발전소,대구광역시 수성구 달구벌대로489안길 8-5 (범어동),,,,,정상가동,19.11,380,60,2019,발전사업용,,,,2025-11-12
상훈 태양광발전소,대구광역시 달성군 하빈면 하산2길 61,,,,,정상가동,45.36,380,60,2019,발전사업용,,,,2025-11-12
춘석 태양광발전소,대구광역시 달성군 유가읍 못안길 168,,,,,정상가동,50.32,380,60,2019,발전사업용,,,,2025-11-12
경인 태양광발전소,대구광역시 북구 사수로 531 (팔달동),,,,,정상가동,42.24,380,60,2019,발전사업용,,,,2025-11-12
해오름 태양광발전소,대구광역시 달성군 옥포읍 옥포로111길 79,,,,,정상가동,99.9,380,60,2019,발전사업용,,,,2025-11-12
거진 태양광발전소,대구광역시 북구 검단로31길 43 (검단동),,,,,정상가동,184.8,380,60,2019,발전사업용,,,,2025-11-12
도브코리아,대구광역시 수성구 수성로24길 82 (상동),,,,,정상가동,50,380,60,2019,발전사업용,,,,2025-11-12
아성 태양광발전소,대구광역시 달서구 성서동로53안길 43 (갈산동),,,,,정상가동,67.76,380,60,2019,발전사업용,,,,2025-11-12
윤 태양광발전소,대구광역시 동구 옻골로13길 33 (둔산동),,,,,정상가동,99.72,380,60,2019,발전사업용,,,,2025-11-12
제일 태양광발전소,대구광역시 동구 반야월북로 6-4 (율암동),,,,,정상가동,60.48,380,60,2019,발전사업용,,,,2025-11-12
쎈텍 태양광발전소,대구광역시 달성군 논공읍 비슬로262길 5,,,,,정상가동,62.9,380,60,2019,발전사업용,,,,2025-11-12
대성 태양광발전소,대구광역시 달성군 화원읍 구라2길 23-10,,,,,정상가동,84.68,380,60,2019,발전사업용,,,,2025-11-12
경환 태양광발전소,대구광역시 북구 동변로24길 32-9 (동변동),,,,,정상가동,52.56,380,60,2019,발전사업용,,,,2025-11-12
유림 태양광발전소,대구광역시 달서구 선원로 284 (용산동),,,,,정상가동,19.25,380,60,2018,발전사업용,,,,2025-11-12
두산 태양광발전소,대구광역시 달성군 하빈면 하산2길 29-9,,,,,정상가동,99.36,380,60,2019,발전사업용,,,,2025-11-12
캠브릿지발전소,대구광역시 달서구 성서로72안길 38 (이곡동),,,,,정상가동,19.71,380,60,2019,발전사업용,,,,2025-11-12
김상대 태양광발전소,대구광역시 북구 매천로17길 26 (매천동),,,,,정상가동,16.92,380,60,2019,발전사업용,,,,2025-11-12
골드주방 태양광발전소,대구광역시 북구 관음중앙로22길 8-20 (관음동),,,,,정상가동,29.64,380,60,2018,발전사업용,,,,2025-11-12
예담빌 태양광발전소,대구광역시 남구 대명로19길 50 (대명동),,,,,정상가동,11.7,380,60,2019,발전사업용,,,,2025-11-12
황금빌 태양광발전소,대구광역시 수성구 동대구로25길 10-11 (황금동),,,,,정상가동,14.04,380,60,2019,발전사업용,,,,2025-11-12
(주)은일 [은일공장 태양광발전소],대구광역시 달서구 성서로68길 25 (갈산동),,,,,정상가동,438.75,380,60,2019,발전사업용,,,,2025-11-12
호림 태양광발전소,대구광역시 달서구 달서대로91길 75 (호림동),,,,,정상가동,98.55,380,60,2019,발전사업용,,,,2025-11-12
성우 발전소,대구광역시 달성군 하빈면 묘동길 219,,,,,정상가동,46.2,380,60,2019,발전사업용,,,,2025-11-12
영화 태양광발전소,대구광역시 북구 매천로37길 27-8 (매천동),,,,,정상가동,19.25,380,60,2018,발전사업용,,,,2025-11-12
(주)조광주유소 [조광 태양광발전소],대구광역시 달성군 다사읍 세천로 98,,,,,정상가동,49.68,380,60,2019,발전사업용,,,,2025-11-12
신명 태양광발전소,대구광역시 달성군 구지면 국가산단대로49길 173,,,,,정상가동,599.76,22900,60,2019,발전사업용,,,,2025-11-12
수정 태양광발전소,대구광역시 북구 검단로31길 56 (검단동),,,,,정상가동,99.36,380,60,2019,발전사업용,,,,2025-11-12
유창 태양광발전소,대구광역시 북구 오봉로16길 7 (침산동),,,,,정상가동,14.96,380,60,2019,발전사업용,,,,2025-11-12
와이지(YG) 태양광발전소,대구광역시 북구 검단공단로21길 54-20 (산격동),,,,,정상가동,147.92,380,60,2019,발전사업용,,,,2025-11-12
새마을 태양광발전소,대구광역시 달서구 와룡로28길 73 (감삼동),,,,,정상가동,18,380,60,2018,발전사업용,,,,2025-11-12
대림 태양광발전소,대구광역시 북구 매천로 77-1 (매천동),,,,,정상가동,31.8,380,60,2019,발전사업용,,,,2025-11-12
윤이 태양광발전소,대구광역시 동구 팔공로28길 95-5 (도동),,,,,정상가동,19.04,380,60,2018,발전사업용,,,,2025-11-12
희송 제1 태양광발전소,대구광역시 달성군 논공읍 비슬로262길 93,,,,,정상가동,186.15,380,60,2018,발전사업용,,,,2025-11-12
희송 제2 태양광발전소,대구광역시 달성군 논공읍 비슬로262길 64,,,,,정상가동,74.46,380,60,2018,발전사업용,,,,2025-11-12
성창 태양광발전소,대구광역시 달서구 성서공단북로 269 (갈산동),,,,,정상가동,99.72,380,60,2019,발전사업용,,,,2025-11-12
경희 제2 태양광발전소,대구광역시 달성군 옥포면 비슬로447길 25-6,,,,,정상가동,52,380,60,2018,발전사업용,,,,2025-11-12
태영 태양광발전소,대구광역시 달성군 구지면 달성2차3로 27,,,,,정상가동,99.96,380,60,2019,발전사업용,,,,2025-11-12
(주) 이마트 [이마트 트레이더스 비산 태양광발전소],대구광역시 서구 팔달로 54 (비산동),,,,,정상가동,91.08,380,60,2019,발전사업용,,,,2025-11-12
형제 태양광발전소,대구광역시 달서구 성서공단로50길 24 (월암동),,,,,정상가동,295.65,380,60,2018,발전사업용,,,,2025-11-12
(주)한결직업전문학교[한결직업전문학교2관 태양광발전소 2],대구광역시 달성군 하빈면 하빈남로 504-3,,,,,정상가동,52.56,380,60,2018,발전사업용,,,,2025-11-12
HK스틸 태양광발전소,대구광역시 북구 침산로 268 (침산동),,,,,정상가동,100.08,380,60,2019,발전사업용,,,,2025-11-12
엠지2 태양광발전소,대구광역시 달서구 송현로10길 22 (송현동),,,,,정상가동,18.98,380,60,2018,발전사업용,,,,2025-11-12
엠지1 태양광발전소,대구광역시 달서구 중흥로5안길 35 (송현동),,,,,정상가동,16.42,380,60,2018,발전사업용,,,,2025-11-12
신솔라에너지 태양광발전소,대구광역시 달서구 성서공단로22길 26 (월암동),,,,,정상가동,216.08,380,60,2018,발전사업용,,,,2025-11-12
대원에너지,대구광역시 달성군 논공읍 비슬로262길 35-5,,,,,정상가동,98.55,380,60,2019,발전사업용,,,,2025-11-12
메덱스 태양광발전소,"대구광역시 서구 평리로 272-1, (주)메덱스 (내당동)",,,,,정상가동,25.55,380,60,2018,발전사업용,,,,2025-11-12
(주)현성엔지니어링 [현상서재 태양광발전소],대구광역시 달성군 다사읍 서재로14길 9,,,,,정상가동,28.8,380,60,2019,발전사업용,,,,2025-11-12
동원 태양광발전소,대구광역시 북구 침산남로7길 21 (노원동1가),,,,,정상가동,19.8,380,60,2018,발전사업용,,,,2025-11-12
영남 태양광발전소,대구광역시 북구 노원로 166 (노원동3가),,,,,정상가동,30.24,380,60,2019,발전사업용,,,,2025-11-12
대호 태양광발전소,대구광역시 달성군 논공읍 노이길 339,,,,,정상가동,75.46,380,60,2020,발전사업용,,,,2025-11-12
대일솔라 태양광발전소,대구광역시 달성군 논공읍 노이길 341,,,,,정상가동,75.46,380,60,2020,발전사업용,,,,2025-11-12
기룡2 태양광발전소,대구광역시 달서구 성서서로15길 7 (월암동),,,,,정상가동,99.28,380,60,2019,발전사업용,,,,2025-11-12
영남 태양광발전소,대구광역시 달서구 문화회관3안길 16 (장기동),,,,,정상가동,12.24,380,60,2019,발전사업용,,,,2025-11-12
(주)한결직업전문학교[한결직업전문학교2관 태양광발전소 1],대구광역시 달성군 하빈면 하빈남로 504-1,,,,,정상가동,52.56,380,60,2018,발전사업용,,,,2025-11-12
(주)디엠 [디엠 태양광발전소],대구광역시 달서구 성서로 18-36 (대천동),,,,,정상가동,248.4,380,60,2018,발전사업용,,,,2025-11-12
산마을 태양광발전소,대구광역시 수성구 동원로6길 2-2 (만촌동),,,,,정상가동,18.98,380,60,2018,발전사업용,,,,2025-11-12
달구벌 태양광발전소,대구광역시 동구 공항로33길 11 (불로동),,,,,정상가동,18.25,380,60,2019,발전사업용,,,,2025-11-12
대화 태양광발전소,대구광역시 동구 부동7길 28 (부동),,,,,정상가동,43.43,380,60,2018,발전사업용,,,,2025-11-12
동원약품 태양광발전소,대구광역시 북구 검단공단로 33 (산격동),,,,,정상가동,97.2,380,60,2018,발전사업용,,,,2025-11-12
율하 태양광발전소,대구광역시 동구 율하동로17길 46 (율하동),,,,,정상가동,19.04,380,60,2018,발전사업용,,,,2025-11-12
대구정밀(주) [봉윤 태양광발전소],대구광역시 달서구 성서동로 9 (월암동),,,,,정상가동,200.88,380,60,2018,발전사업용,,,,2025-11-12
선미1 태양광발전소,대구광역시 달성군 다사읍 세천로21길 31,,,,,정상가동,28.8,380,60,2018,발전사업용,,,,2025-11-12
우정 태양광발전소,대구광역시 북구 3공단로27길 18 (노원동3가),,,,,정상가동,69.02,380,60,2019,발전사업용,,,,2025-11-12
또바기 태양광발전소,대구광역시 달성군 논공읍 노이길 101-13,,,,,정상가동,50.37,380,60,2019,발전사업용,,,,2025-11-12
진부 태양광발전소,대구광역시 달서구 성서공단로 72-7 (대천동),,,,,정상가동,348.84,380,60,2019,발전사업용,,,,2025-11-12
대영산업 태양광발전소,대구광역시 달서구 성서로67길 56 (갈산동),,,,,정상가동,168.48,380,60,2018,발전사업용,,,,2025-11-12
대원기어 태양광발전소,대구광역시 북구 팔달북로 93 (노원동3가),,,,,정상가동,45.36,380,60,2018,발전사업용,,,,2025-11-12
텍산2 태양광발전소,대구광역시 달성군 구지면 달성2차동3로 2,,,,,정상가동,175.2,380,60,2018,발전사업용,,,,2025-11-12
일동태양광발전소,대구광역시 서구 북비산로 105-10 (이현동),,,,,정상가동,50.4,380,60,2018,발전사업용,,,,2025-11-12
(주)성진아노다이징 [(주)성진아노다이징1호 태양광발전소],대구광역시 북구 3공단로10길 20 (노원동3가),,,,,정상가동,55.44,380,60,2019,발전사업용,,,,2025-11-12
유가농업협동조합(유가농협2 양광발전소),,대구광역시 달성군 유가읍 금리 1144-7,,,,정상가동,214.2,380,60,2018,발전사업용,,,,2025-11-12
구상에너지(주) [구상에너지 태양광발전소],대구광역시 달서구 성서4차첨단로 184 (월암동),,,,,정상가동,196.56,380,60,2018,발전사업용,,,,2025-11-12
지오태양광발전소,대구광역시 동구 팔공로101길 10 (지묘동),,,,,정상가동,19.72,380,60,2019,발전사업용,,,,2025-11-12
YH1태양광발전소,대구광역시 달성군 논공읍 비슬로 1850,,,,,정상가동,37.96,380,60,2018,발전사업용,,,,2025-11-12
선진정밀 태양광발전소,대구광역시 달서구 성서공단북로69길 50 (갈산동),,,,,정상가동,179.28,380,60,2018,발전사업용,,,,2025-11-12
비전텍 태양광발전소,대구광역시 북구 검단공단로 60-14 (검단동),,,,,정상가동,99.96,380,60,2019,발전사업용,,,,2025-11-12
(주)농협아그로 [농협 아그로 태양광발전소],대구광역시 달성군 논공읍 논공로69길 25,,,,,정상가동,358.8,380,60,2019,발전사업용,,,,2025-11-12
(주)이포리 태양광 [이포리 제일 태양광발전소],대구광역시 달성군 구지면 달성2차3로 74,,,,,정상가동,486,380,60,2018,발전사업용,,,,2025-11-12
명곡프라자자치회 태양광발전소,,대구광역시 달성군 화원읍 명곡리 110-4,,,,정상가동,40.32,380,60,2018,발전사업용,,,,2025-11-12
(주)창미에너지(한남 태양광발전소),대구광역시 수성구 고모로 144-8 (가천동),,,,,정상가동,31.62,380,60,2019,발전사업용,,,,2025-11-12
훈이태양광발전소,대구광역시 동구 인산로 121-23 (진인동),,,,,정상가동,99.96,380,60,2019,발전사업용,,,,2025-11-12
해동태양광발전소,대구광역시 북구 매천로2길 41 (팔달동),,,,,정상가동,19.44,380,60,2018,발전사업용,,,,2025-11-12
동성1 태양광발전소,대구광역시 달성군 하빈면 하빈남로 504-33,,,,,정상가동,79.56,380,60,2019,발전사업용,,,,2025-11-12
연우봉촌 태양광발전소,대구광역시 달성군 하빈면 하빈남로 504-31,,,,,정상가동,79.56,380,60,2019,발전사업용,,,,2025-11-12
대경 태양광발전소,,대구광역시 달서구 대천동 599-5,,,,정상가동,259.2,380,60,2018,발전사업용,,,,2025-11-12
육지 태양광발전소,대구광역시 달성군 현풍면 국가산단북로 473-101,,,,,정상가동,41.4,380,60,2022,발전사업용,,,,2025-11-12
흥규 태양광발전소,,대구광역시 달서구 신당동 321-199,,,,정상가동,99.96,380,60,2018,발전사업용,,,,2025-11-12
제3대구솔라에너지 제1발전소,,대구광역시 달성군 다사읍 문산리 556번지,,,,정상가동,950.13,22900,60,2018,발전사업용,,,,2025-11-12
제3대구솔라에너지 제2발전소,,대구광역시 달성군 다사읍 문산리 629번지,,,,정상가동,2100.01,22900,60,2019,발전사업용,,,,2025-11-12
(주)대흥테크 [대흥테크 태양광발전소],대구광역시 달서구 성서4차첨단로 328 (대천동),,,,,정상가동,202,380,60,2018,발전사업용,,,,2025-11-12
광명 태양광발전소,대구광역시 북구 팔달북로 23 (노원동3가),,,,,정상가동,19.24,380,60,2019,발전사업용,,,,2025-11-12
하마수산 태양광발전소,,대구광역시 달성군 옥포면 김흥리 1231번지,,,,정상가동,46.57,380,60,2018,발전사업용,,,,2025-11-12
황제경금속 태양광발전소,대구광역시 북구 노원로1길 180 (노원동3가),,,,,정상가동,171.36,380,60,2018,발전사업용,,,,2025-11-12
경희 태양광발전소,,대구광역시 달서구 장동 284-4,,,,정상가동,156,380,60,2018,발전사업용,,,,2025-11-12
상화태양광발전소,대구광역시 달서구 상화북로 78 (상인동),,,,,정상가동,14.91,380,60,2019,발전사업용,,,,2025-11-12
대아정공태양광발전소,"대구광역시 달성군 현풍면 지동1길 20, 대아TECH A동",,,,,정상가동,172.8,380,60,2018,발전사업용,,,,2025-11-12
(주)제인모터스,대구광역시 달성군 구지면 국가산단대로33길 40,,,,,정상가동,496.8,380,60,2018,발전사업용,,,,2025-11-12
유림태양광발전소,대구광역시 서구 와룡로72길 57 (중리동),,,,,정상가동,45.36,380,60,2018,발전사업용,,,,2025-11-12
케이알 태양광발전소,대구광역시 달서구 성서공단북로18길 7 (호산동),,,,,정상가동,99.96,380,60,2018,발전사업용,,,,2025-11-12
(주)시스픽 [(주)시스픽1 태양광발전소],,대구광역시 달서구 대천동 603-2,,,,정상가동,300.24,380,60,2018,발전사업용,,,,2025-11-12
대동 태양광발전소,대구광역시 남구 대명로14길 122-1 (대명동),,,,,정상가동,15.87,380,60,2018,발전사업용,,,,2025-11-12
에스와이빌딩 태양광발전소,대구광역시 동구 반야월북로2길 16-6 (율암동),,,,,정상가동,73.2,380,60,2018,발전사업용,,,,2025-11-12
원당 태양광발전소,,대구광역시 달성군 현풍면 지리 860번지,,,,정상가동,87,380,60,2018,발전사업용,,,,2025-11-12
불꽃 태양광발전소,대구광역시 수성구 범안로4안길 26 (범물동),,,,,정상가동,12.96,380,60,2018,발전사업용,,,,2025-11-12
(주)현대논공발전소,,대구광역시 달성군 논공읍 본리리 29-48,,,,정상가동,993.6,22900,60,2018,발전사업용,,,,2025-11-12
청운전재,,대구광역시 달성군 옥포면 간경리 889-4,,,,정상가동,19.04,380,60,2018,발전사업용,,,,2025-11-12
대현테크 발전소,대구광역시 달성군 다사읍 세천로10안길 21,,,,,정상가동,48.96,380,60,2018,발전사업용,,,,2025-11-12
(주)태린 [(주)태린 태양광발전소],대구광역시 달성군 유가면 테크노순환로5길 31,,,,,정상가동,199.92,380,60,2018,발전사업용,,,,2025-11-12
