태양광발전시설명,소재지도로명주소,소재지지번주소,위도,경도,설치상세위치구분명,가동상태구분명,설비용량,공급전압,주파수,설치연도,세부용도,허가일자,허가기관,설치면적,데이터기준일자
매요태양광발전소,,전북특별자치도 남원시 운봉읍 매요리 593-10,,,,정상가동,99.33,380,60,2008,,,,,2025-11-03
남원제일태양광발전소,,전북특별자치도 남원시 운봉읍 매요리 593-9,,,,정상가동,99.96,380,60,2008,,,,,2025-11-03
소이태양광발전소,,전북특별자치도 남원시 운봉읍 매요리 593-4,,,,정상가동,99.33,380,60,2008,,,,,2025-11-03
대광태양광발전소,,전북특별자치도 남원시 운봉읍 매요리 593-2,,,,정상가동,99.425,380,60,2008,,,,,2025-11-03
현진태양광발전소,,전북특별자치도 남원시 운봉읍 매요리 593-7,,,,정상가동,99.33,380,60,2008,,,,,2025-11-03
백훈태양광발전소,,전북특별자치도 남원시 주생면 낙동리 575-1,,,,정상가동,99,380,60,2007,,,,,2025-11-03
㈜썬에너지,,전북특별자치도 남원시 사매면 관풍리 산27,,,,정상가동,180,380,60,2009,,,,,2025-11-03
이백 태양광발전소,,전북특별자치도 남원시 이백면 양가리 262-3,,,,정상가동,601.92,22900,60,2008,,,,,2025-11-03
한빛에스이남원태양광발전소,,전북특별자치도 남원시 보절면 진기리 산172,,,,정상가동,1000,22900,60,2008,,,,,2025-11-03
에스시케이파인솔라파크,,전북특별자치도 남원시 덕과면 사율리 658,,,,정상가동,29.97,380,60,2009,,,,,2025-11-03
에스플랜트사호태양광발전소,,전북특별자치도 남원시 덕과면 사율리 692-7,,,,정상가동,1000,22900,60,2015,,,,,2025-11-03
남원썬파워 태양광발전소,,전북특별자치도 남원시 보절면 신파리 1036-3,,,,정상가동,196.8,22900,60,2009,,,,,2025-11-03
디에치이앤이㈜,,전북특별자치도 남원시 주천면 배덕리 산80,,,,정상가동,1000,22900,60,2009,,,,,2025-11-03
㈜그린솔라신기발전소,,전북특별자치도 남원시 운봉읍 신기리 산11-33,,,,정상가동,87.2,22900,60,2009,,,,,2025-11-03
이레에너지,,전북특별자치도 남원시 운봉읍 신기리 산11-22,,,,정상가동,97.2,22900,60,2009,,,,,2025-11-03
비스솔리스,,전북특별자치도 남원시 운봉읍 신기리 산11-32,,,,정상가동,97.2,22900,60,2009,,,,,2025-11-03
준솔라,,전북특별자치도 남원시 운봉읍 신기리 산11-31,,,,정상가동,97.2,22900,60,2009,,,,,2025-11-03
써니엔터프라이즈,,전북특별자치도 남원시 운봉읍 신기리 산11-30,,,,정상가동,97.2,22900,60,2009,,,,,2025-11-03
KS&D에너지,,전북특별자치도 남원시 운봉읍 권포리 216-2,,,,정상가동,99.45,22900,60,2009,,,,,2025-11-03
제이투솔라,,전북특별자치도 남원시 운봉읍 권포리 216-2,,,,정상가동,99.45,380,60,2009,,,,,2025-11-03
대덕태양광발전소,,전북특별자치도 남원시 운봉읍 권포리 216-2,,,,정상가동,99,380,60,2009,,,,,2025-11-03
선택태양광발전소,,전북특별자치도 남원시 운봉읍 권포리 216-2,,,,정상가동,97.92,380,60,2009,,,,,2025-11-03
HH발전소,,전북특별자치도 남원시 덕과면 고정리 산89-2,,,,정상가동,94.5,380,60,2009,,,,,2025-11-03
FE 태양광발전소,,전북특별자치도 남원시 덕과면 고정리 산89-2,,,,정상가동,94.5,380,60,2009,,,,,2025-11-03
태경태양광발전소,,전북특별자치도 남원시 덕과면 고정리 945-3,,,,정상가동,99.6,380,60,2009,,,,,2025-11-03
Yes Dram,,전북특별자치도 남원시 덕과면 고정리 산89-2,,,,정상가동,94.5,380,60,2009,,,,,2025-11-03
무한태양광발전소,,전북특별자치도 남원시 금지면 옹정리 474-1,,,,정상가동,28.35,380,60,2009,,,,,2025-11-03
한빛태양광발전소,,전북특별자치도 남원시 금지면 옹정리 476,,,,정상가동,28.35,380,60,2009,,,,,2025-11-03
일호태양광발전소,,전북특별자치도 남원시 금지면 옹정리 476,,,,정상가동,28.35,380,60,2009,,,,,2025-11-03
일선태양광발전소,,전북특별자치도 남원시 금지면 옹정리 476-3,,,,정상가동,30,380,60,2009,,,,,2025-11-03
유준태양광발전소,,전북특별자치도 남원시 금지면 옹정리 475-1,,,,정상가동,28.35,380,60,2009,,,,,2025-11-03
현태양광발전소,,전북특별자치도 남원시 금지면 옹정리 476,,,,정상가동,28.35,380,60,2009,,,,,2025-11-03
이레태양광발전소,,전북특별자치도 남원시 금지면 옹정리 476,,,,정상가동,28.35,380,60,2009,,,,,2025-11-03
썬태양광발전소,,전북특별자치도 남원시 금지면 옹정리 476,,,,정상가동,28.35,380,60,2009,,,,,2025-11-03
솔숲태양광발전소,,전북특별자치도 남원시 금지면 옹정리 476,,,,정상가동,58.73,380,60,2009,,,,,2025-11-03
종현태양광발전소,,전북특별자치도 남원시 운봉읍 권포리 216-7,,,,정상가동,28.56,380,60,2009,,,,,2025-11-03
빛가운데태양광발전소,,전북특별자치도 남원시 덕과면 고정리 산79-7,,,,정상가동,97.01,380,60,2009,,,,,2025-11-03
다우태양광발전소,,전북특별자치도 남원시 금지면 창산리 88-1,,,,정상가동,485.52,22900,60,2009,,,,,2025-11-03
빛나라태양광발전소,,전북특별자치도 남원시 덕과면 고정리 945-5,,,,정상가동,99.45,380,60,2009,,,,,2025-11-03
준영태양광발전소,,전북특별자치도 남원시 아영면 구상리 370-1,,,,정상가동,28.56,380,60,2009,,,,,2025-11-03
평화태양광발전소,,전북특별자치도 남원시 아영면 구상리 370-2,,,,정상가동,28.56,380,60,2009,,,,,2025-11-03
보영태양광발전소,,전북특별자치도 남원시 아영면 구상리 372-3,,,,정상가동,28.56,380,60,2009,,,,,2025-11-03
참 태양광발전소,,전북특별자치도 남원시 아영면 구상리 372-1,,,,정상가동,99.4,380,60,2009,,,,,2025-11-03
썬태양광발전소,,전북특별자치도 남원시 아영면 구상리 374-2,,,,정상가동,112,380,60,2009,,,,,2025-11-03
탑 인프라태양광발전소,,전북특별자치도 남원시 아영면 구상리 374-1,,,,정상가동,217.7,380,60,2009,,,,,2025-11-03
이지솔라,,전북특별자치도 남원시 덕과면 사율리 441,,,,정상가동,30,380,60,2009,,,,,2025-11-03
오성덕과태양광발전소,,전북특별자치도 남원시 덕과면 사율리 441-2,,,,정상가동,30,380,60,2009,,,,,2025-11-03
한길솔라,,전북특별자치도 남원시 덕과면 사율리 440,,,,정상가동,30,380,60,2009,,,,,2025-11-03
동부 태양광발전소,,전북특별자치도 남원시 아영면 구상리 370,,,,정상가동,29.4,380,60,2009,,,,,2025-11-03
꿈나눔태양광발전소,,전북특별자치도 남원시 아영면 구상리 371,,,,정상가동,29.4,380,60,2009,,,,,2025-11-03
연하 태양광발전소,,전북특별자치도 남원시 아영면 구상리 372-4,,,,정상가동,29.4,380,60,2009,,,,,2025-11-03
아영태양광발전소,,전북특별자치도 남원시 아영면 구상리 371-2,,,,정상가동,99.4,380,60,2009,,,,,2025-11-03
도원1태양광발전소,,전북특별자치도 남원시 인월면 취암리 516-14,,,,정상가동,97.65,380,60,2009,,,,,2025-11-03
순 태양광발전소,,전북특별자치도 남원시 인월면 취암리 515-1,,,,정상가동,29.4,380,60,2009,,,,,2025-11-03
서곡태양광발전소,,전북특별자치도 남원시 인월면 취암리 515,,,,정상가동,29.4,380,60,2009,,,,,2025-11-03
탑 태양광발전소,,전북특별자치도 남원시 인월면 취암리 515-2,,,,정상가동,28.98,380,60,2009,,,,,2025-11-03
햇살1태양광발전소,,전북특별자치도 남원시 인월면 취암리 516,,,,정상가동,97.92,380,60,2009,,,,,2025-11-03
코로나 태양광발전소,,전북특별자치도 남원시 대강면 방동리 산18,,,,정상가동,99.36,380,60,2010,,,,,2025-11-03
행운에너지태양광발전소,,전북특별자치도 남원시 대강면 방동리 1249-2,,,,정상가동,99.36,380,60,2010,,,,,2025-11-03
대승에너지 태양광발전소,,전북특별자치도 남원시 대강면 방동리 산18-10,,,,정상가동,198.45,380,60,2010,,,,,2025-11-03
SS태양광발전소,,전북특별자치도 남원시 운봉읍 북천리 403-1,,,,정상가동,97.2,380,60,2010,,,,,2025-11-03
SG(에스지) Solar,,전북특별자치도 남원시 운봉읍 북천리 403-2,,,,정상가동,464,380,60,2009,,,,,2025-11-03
천년태양광발전소,,전북특별자치도 남원시 운봉읍 북천리 403-3,,,,정상가동,29.7,380,60,2009,,,,,2025-11-03
만년태양광발전소,,전북특별자치도 남원시 운봉읍 북천리 403-4,,,,정상가동,28.56,380,60,2009,,,,,2025-11-03
선광태양광발전소,,전북특별자치도 남원시 운봉읍 북천리 403-5,,,,정상가동,28.56,380,60,2009,,,,,2025-11-03
허니유니태양광발전소,,전북특별자치도 남원시 운봉읍 북천리 403-6,,,,정상가동,29.7,380,60,2009,,,,,2025-11-03
씨엠디태양광발전소,,전북특별자치도 남원시 운봉읍 북천리 403-7,,,,정상가동,28.56,380,60,2009,,,,,2025-11-03
유강에너지,,전북특별자치도 남원시 운봉읍 북천리 403-8,,,,정상가동,28.56,380,60,2009,,,,,2025-11-03
주식회사 케이엔앰,,전북특별자치도 남원시 운봉읍 북천리 403-9,,,,정상가동,29.7,380,60,2009,,,,,2025-11-03
주식회사 케이엔앰,,전북특별자치도 남원시 운봉읍 북천리 403-10,,,,정상가동,25.08,380,60,2009,,,,,2025-11-03
성재태양광발전소,,전북특별자치도 남원시 운봉읍 준향리 322,,,,정상가동,29.4,380,60,2009,,,,,2025-11-03
청양 태양광발전소,,전북특별자치도 남원시 운봉읍 준향리 322-1,,,,정상가동,28.98,380,60,2009,,,,,2025-11-03
오월애 태양광발전소,,전북특별자치도 남원시 운봉읍 준향리 322-2,,,,정상가동,29.4,380,60,2009,,,,,2025-11-03
수빈태양광발전소,,전북특별자치도 남원시 운봉읍 준향리 330-2,,,,정상가동,83.72,380,60,2009,,,,,2025-11-03
복뎅이11호태양광발전소,,전북특별자치도 남원시 인월면 상우리 114-3,,,,정상가동,91.98,380,60,2009,,,,,2025-11-03
예빈태양광발전소,,전북특별자치도 남원시 인월면 상우리 114,,,,정상가동,90.16,380,60,2009,,,,,2025-11-03
주식회사 남원에너지,,전북특별자치도 남원시 수지면 초리 68,,,,정상가동,190,380,60,2010,,,,,2025-11-03
초록배움터햇빛발전소,,전북특별자치도 남원시 송동면 연산리 208-1,,,,정상가동,5.85,380,60,2010,,,,,2025-11-03
뉴그린태양광발전소,,전북특별자치도 남원시 대강면 방동리 산 18-9,,,,정상가동,198.45,22900,60,2010,,,,,2025-11-03
송기제1태양광발전소,,전북특별자치도 남원시 송동면 송기리 98-2,,,,정상가동,30,380,60,2012,,,,,2025-11-03
(유)대율태양광발전소,,전북특별자치도 남원시 사매면 대율리 768,,,,정상가동,100,380,60,2010,,,,,2025-11-03
(유)대율에너지,,전북특별자치도 남원시 사매면 대율리 61,,,,정상가동,100,380,60,2010,,,,,2025-11-03
원천산촌생태마을제1호태양광발전소,,전북특별자치도 남원시 산내면 장항리 535,,,,정상가동,8.775,380,60,2010,,,,,2025-11-03
원천산촌생태마을제2호태양광발전소,,전북특별자치도 남원시 산내면 장항리 484-1,,,,정상가동,8.56,380,60,2010,,,,,2025-11-03
원천산촌생태마을제3호태양광발전소,,전북특별자치도 남원시 산내면 장항리 327-2,,,,정상가동,6.75,380,60,2010,,,,,2025-11-03
(유)지리산에너지,,전북특별자치도 남원시 주천면 주천리 44-1,,,,정상가동,189.42,22900,60,2011,,,,,2025-11-03
민순에너지,,전북특별자치도 남원시 주천면 주천리 44-3,,,,정상가동,189.42,22900,60,2011,,,,,2025-11-03
민자에너지,,전북특별자치도 남원시 주천면 주천리 44-4,,,,정상가동,189.42,22900,60,2011,,,,,2025-11-03
송화에너지,,전북특별자치도 남원시 주천면 주천리 44-5,,,,정상가동,189.42,22900,60,2011,,,,,2025-11-03
민영에너지,,전북특별자치도 남원시 주천면 주천리 44-2,,,,정상가동,189.42,22900,60,2011,,,,,2025-11-03
YS태양광발전소,,전북특별자치도 남원시 보절면 황벌리 855,,,,정상가동,30,380,60,2012,,,,,2025-11-03
동충태양광발전소,,전북특별자치도 남원시 동충동 386-26,,,,정상가동,28.595,380,60,2011,,,,,2025-11-03
수영에너지,,전북특별자치도 남원시 금지면 서매리 1213-107,,,,정상가동,29.4,380,60,2011,,,,,2025-11-03
영아솔라에너지,,전북특별자치도 남원시 금지면 서매리 1213-31,,,,정상가동,29.4,380,60,2011,,,,,2025-11-03
우리태양광,,전북특별자치도 남원시 금지면 서매리 1213-103,,,,정상가동,29.4,380,60,2011,,,,,2025-11-03
전진태양광,,전북특별자치도 남원시 금지면 서매리 1213-104,,,,정상가동,29.4,380,60,2011,,,,,2025-11-03
유승태양광발전소,,전북특별자치도 남원시 금지면 서매리 1213-105,,,,정상가동,29.4,380,60,2011,,,,,2025-11-03
발해 태양광,,전북특별자치도 남원시 금지면 서매리 1213-102,,,,정상가동,29.4,380,60,2011,,,,,2025-11-03
연아 솔라 에너지,,전북특별자치도 남원시 금지면 서매리 1213-101,,,,정상가동,29.4,380,60,2011,,,,,2025-11-03
하늘나리태양광발전소,,전북특별자치도 남원시 금지면 서매리 1213-106,,,,정상가동,29.4,380,60,2011,,,,,2025-11-03
지수에너지태양광발전소,,전북특별자치도 남원시 금지면 서매리 1213-108,,,,정상가동,29.4,380,60,2011,,,,,2025-11-03
부자솔라1태양광발전소,,전북특별자치도 남원시 보절면 서치리 504-3,,,,정상가동,30,380,60,2014,,,,,2025-11-03
부자솔라2태양광발전소,,전북특별자치도 남원시 보절면 서치리 504-9,,,,정상가동,30,380,60,2014,,,,,2025-11-03
청운태양광발전소,,전북특별자치도 남원시 보절면 금다리 681-14,,,,정상가동,999,22900,60,2013,,,,,2025-11-03
광치에너지태양광발전소,,전북특별자치도 남원시 광치동 561-10,,,,정상가동,30.24,380,60,2012,,,,,2025-11-03
삼락태양광발전소3호기,,전북특별자치도 남원시 사매면 대율리 296-16,,,,정상가동,30,380,60,2012,,,,,2025-11-03
삼락태양광발전소1호기,,전북특별자치도 남원시 사매면 대율리 296-14,,,,정상가동,49.5,380,60,2012,,,,,2025-11-03
삼락태양광발전소2호기,,전북특별자치도 남원시 사매면 대율리 296-15,,,,정상가동,49.5,380,60,2012,,,,,2025-11-03
영실태양광발전소1호기,,전북특별자치도 남원시 사매면 대율리 296-11,,,,정상가동,90,380,60,2012,,,,,2025-11-03
백조태양광발전소3호기,,전북특별자치도 남원시 사매면 대율리 296-8,,,,정상가동,150,380,60,2012,,,,,2025-11-03
백조태양광발전소1호기,,전북특별자치도 남원시 사매면 대율리 296-6,,,,정상가동,300,380,60,2012,,,,,2025-11-03
평강태양광발전소,,전북특별자치도 남원시 사매면 대율리 296,,,,정상가동,49.5,380,60,2012,,,,,2025-11-03
통일태양광발전소,,전북특별자치도 남원시 사매면 대율리 296-5,,,,정상가동,30,380,60,2012,,,,,2025-11-03
향돈촌영농조합법인(향돈촌태양광발전소),,전북특별자치도 남원시 운봉읍 준향리 513-3,,,,정상가동,99.64,380,60,2012,,,,,2025-11-03
이백태양광발전소,,전북특별자치도 남원시 이백면 양가리 524,,,,정상가동,19,380,60,2012,,,,,2025-11-03
최승완태양광발전소,,전북특별자치도 남원시 주천면 용담리 314-5,,,,정상가동,9,220,60,2012,,,,,2025-11-03
금강태양광발전소,,전북특별자치도 남원시 인월면 성산리 170-44,,,,정상가동,92.16,380,60,2012,,,,,2025-11-03
황죽태양광발전소,,전북특별자치도 남원시 고죽동 249-1,,,,정상가동,5.52,220,60,2012,,,,,2025-11-03
청운2태양광발전소,,전북특별자치도 남원시 보절면 금다리 681-27,,,,정상가동,999,22900,60,2013,,,,,2025-11-03
내척동태양광발전소,,전북특별자치도 남원시 내척동 312,,,,정상가동,30,380,60,2013,,,,,2025-11-03
에스티태양광발전소,,전북특별자치도 남원시 이백면 척문리 898-1,,,,정상가동,30,380,60,2012,,,,,2025-11-03
동부2태양광발전소,,전북특별자치도 남원시 이백면 척문리 898-4,,,,정상가동,30,380,60,2012,,,,,2025-11-03
동부3태양광발전소,,전북특별자치도 남원시 이백면 척문리 898-5,,,,정상가동,30,380,60,2012,,,,,2025-11-03
온고을태양광발전소,,전북특별자치도 남원시 이백면 척문리 898-6,,,,정상가동,30,380,60,2012,,,,,2025-11-03
복성에너지태양광발전소,,전북특별자치도 남원시 이백면 척문리 898-7,,,,정상가동,30,380,60,2012,,,,,2025-11-03
삼보태양광발전소,,전북특별자치도 남원시 이백면 척문리 898,,,,정상가동,30,380,60,2012,,,,,2025-11-03
재민태양광발전소,,전북특별자치도 남원시 이백면 척문리 898-8,,,,정상가동,30,380,60,2012,,,,,2025-11-03
동일1태양광발전소,,전북특별자치도 남원시 이백면 척문리 898-9,,,,정상가동,30,380,60,2012,,,,,2025-11-03
동일2태양광발전소,,전북특별자치도 남원시 이백면 척문리 898-10,,,,정상가동,30,380,60,2012,,,,,2025-11-03
동일3태양광발전소,,전북특별자치도 남원시 이백면 척문리 898-11,,,,정상가동,30,380,60,2012,,,,,2025-11-03
동일4태양광발전소,,전북특별자치도 남원시 이백면 척문리 898-12,,,,정상가동,30,380,60,2012,,,,,2025-11-03
금지태양광발전소,,전북특별자치도 남원시 금지면 상신리 521-50,,,,정상가동,198,380,60,2013,,,,,2025-11-03
용수태양광발전소,,전북특별자치도 남원시 이백면 척문리 937-8,,,,정상가동,30,380,60,2013,,,,,2025-11-03
서연태양광발전소,,전북특별자치도 남원시 이백면 척문리 937-11,,,,정상가동,30,380,60,2013,,,,,2025-11-03
원영태양광발전소,,전북특별자치도 남원시 이백면 척문리 937-9,,,,정상가동,30,380,60,2013,,,,,2025-11-03
수현태양광발전소,,전북특별자치도 남원시 이백면 척문리 937-10,,,,정상가동,30,380,60,2013,,,,,2025-11-03
오송태양광발전소,,전북특별자치도 남원시 이백면 척문리 918,,,,정상가동,38,380,60,2013,,,,,2025-11-03
용운태양광발전소,,전북특별자치도 남원시 이백면 척문리 937-5,,,,정상가동,30,380,60,2013,,,,,2025-11-03
화영태양광발전소,,전북특별자치도 남원시 이백면 척문리 937-6,,,,정상가동,30,380,60,2013,,,,,2025-11-03
진일태양광발전소,,전북특별자치도 남원시 이백면 척문리 937-7,,,,정상가동,30,380,60,2013,,,,,2025-11-03
세영태양광발전소,,전북특별자치도 남원시 이백면 척문리 937-4,,,,정상가동,30,380,60,2013,,,,,2025-11-03
치산태양광발전소,,전북특별자치도 남원시 이백면 척문리 937-2,,,,정상가동,30,380,60,2013,,,,,2025-11-03
보영태양광발전소,,전북특별자치도 남원시 이백면 척문리 937-3,,,,정상가동,30,380,60,2013,,,,,2025-11-03
신기태양광발전소,,전북특별자치도 남원시 송동면 신평리 481,,,,정상가동,29.25,380,60,2012,,,,,2025-11-03
하늘태양광발전소,,전북특별자치도 남원시 운봉읍 권포리 68-8,,,,정상가동,99,380,60,2013,,,,,2025-11-03
백동태양광발전소,,전북특별자치도 남원시 이백면 척문리 937-1,,,,정상가동,30,380,60,2013,,,,,2025-11-03
국한태양광발전소,,전북특별자치도 남원시 이백면 척문리 937,,,,정상가동,30,380,60,2013,,,,,2025-11-03
덕산2태양광발전소,,전북특별자치도 남원시 운봉읍 권포리 68-6,,,,정상가동,99,380,60,2013,,,,,2025-11-03
덕산1태양광발전소,,전북특별자치도 남원시 운봉읍 권포리 68-5,,,,정상가동,99,380,60,2013,,,,,2025-11-03
연동태양광발전소,,전북특별자치도 남원시 운봉읍 권포리 68-7,,,,정상가동,99,380,60,2013,,,,,2025-11-03
정수태양광발전소,,전북특별자치도 남원시 운봉읍 권포리 68-9,,,,정상가동,49.5,380,60,2013,,,,,2025-11-03
흥성태양광발전소,,전북특별자치도 남원시 운봉읍 권포리 720-1,,,,정상가동,99.2,380,60,2013,,,,,2025-11-03
운봉태양광발전소,,전북특별자치도 남원시 운봉읍 권포리 720-1,,,,정상가동,99.2,380,60,2013,,,,,2025-11-03
대성태양광발전소,,전북특별자치도 남원시 운봉읍 권포리 720-1,,,,정상가동,99.2,380,60,2013,,,,,2025-11-03
고남태양광발전소,,전북특별자치도 남원시 운봉읍 권포리 1086-3,,,,정상가동,92.8,380,60,2012,,,,,2025-11-03
비전클린에너지,전북특별자치도 남원시 광치농공1길 30-2,,,,,정상가동,99,380,60,2012,,,,,2025-11-03
㈜남원쏠라(2호),,전북특별자치도 남원시 금지면 상신리 521-25,,,,정상가동,499.5,22900,60,2013,,,,,2025-11-03
㈜남원쏠라(3호),전북특별자치도 남원시 송동면 송기길 70,,,,,정상가동,99,380,60,2014,,,,,2025-11-03
㈜남원쏠라(5호),,전북특별자치도 남원시 대강면 사석리 858-1,,,,정상가동,99.6,380,60,2013,,,,,2025-11-03
청석태양광발전소,전북특별자치도 남원시 요천로 2075-17,,,,,정상가동,396,22900,60,2014,,,,,2025-11-03
청용태양광발전소,,전북특별자치도 남원시 식정동 378-6,,,,정상가동,396,22900,60,2014,,,,,2025-11-03
금강1태양광발전소,,전북특별자치도 남원시 인월면 성산리 170-64,,,,정상가동,39.84,380,60,2013,,,,,2025-11-03
월락태양광발전소,,전북특별자치도 남원시 월락동 5-3,,,,정상가동,18,380,60,2013,,,,,2025-11-03
상동1태양광발전소,,전북특별자치도 남원시 주생면 상동리 230-1,,,,정상가동,99,380,60,2013,,,,,2025-11-03
고남산태양광발전소,,전북특별자치도 남원시 운봉읍 권포리 746-11,,,,정상가동,99.75,380,60,2013,,,,,2025-11-03
향교태양광발전소,,전북특별자치도 남원시 향교동 338-3,,,,정상가동,20,380,60,2013,,,,,2025-11-03
테마태양광발전소,,전북특별자치도 남원시 노암동 854-1,,,,정상가동,99.84,380,60,2013,,,,,2025-11-03
이상태양광발전소,,전북특별자치도 남원시 운봉읍 북천리 404-5,,,,정상가동,99,380,60,2013,,,,,2025-11-03
지리산태양광1호,,전북특별자치도 남원시 인월면 인월리 209-1,,,,정상가동,99,380,60,2013,,,,,2025-11-03
지리산태양광2호,전북특별자치도 남원시 인월면 서무1길 10,,,,,정상가동,75,380,60,2014,,,,,2025-11-03
지리산태양광3호,전북특별자치도 남원시 산내면 지리산로 1594,,,,,정상가동,99,380,60,2014,,,,,2025-11-03
지리산태양광4호,전북특별자치도 남원시 아영면 아백로 371,,,,,정상가동,99,380,60,2014,,,,,2025-11-03
지리산태양광5호,전북특별자치도 남원시 아영면 아백로 350,,,,,정상가동,50,380,60,2014,,,,,2025-11-03
지리산태양광6호,전북특별자치도 남원시 인월면 인월로 100,,,,,정상가동,99,380,60,2014,,,,,2025-11-03
찬양태양광발전소,,전북특별자치도 남원시 수지면 남창리 88-2,,,,정상가동,95.4,380,60,2014,,,,,2025-11-03
정희1호태양광발전소,,전북특별자치도 남원시 아영면 일대리 616-17,,,,정상가동,198.8,380,60,2013,,,,,2025-11-03
인선1호태양광발전소,,전북특별자치도 남원시 아영면 일대리 616-4,,,,정상가동,198.8,380,60,2013,,,,,2025-11-03
인선2호태양광발전소,,전북특별자치도 남원시 아영면 일대리 616-13,,,,정상가동,198.8,380,60,2013,,,,,2025-11-03
왕춘태양광발전소,,전북특별자치도 남원시 운봉읍 북천리 404-1,,,,정상가동,99,380,60,2013,,,,,2025-11-03
성열태양광발전소,,전북특별자치도 남원시 운봉읍 북천리 404-2,,,,정상가동,49.5,380,60,2013,,,,,2025-11-03
성규2태양광발전소,,전북특별자치도 남원시 운봉읍 북천리 404-4,,,,정상가동,90,380,60,2013,,,,,2025-11-03
성규1태양광발전소,,전북특별자치도 남원시 운봉읍 북천리 404-3,,,,정상가동,99,380,60,2013,,,,,2025-11-03
낙원1호태양광발전소,,전북특별자치도 남원시 보절면 괴양리 15-1,,,,정상가동,99,380,60,2013,,,,,2025-11-03
낙원2호태양광발전소,,전북특별자치도 남원시 보절면 괴양리 15-1,,,,정상가동,99,380,60,2013,,,,,2025-11-03
드림태양광발전소,,전북특별자치도 남원시 보절면 괴양리 15-1,,,,정상가동,99,380,60,2013,,,,,2025-11-03
서진태양광발전소,,전북특별자치도 남원시 왕정동 518-6,,,,정상가동,54,380,60,2013,,,,,2025-11-03
운봉1호태양광발전소,,전북특별자치도 남원시 운봉읍 권포리 55-2,,,,정상가동,49.55,380,60,2013,,,,,2025-11-03
운봉2호태양광발전소,,전북특별자치도 남원시 운봉읍 권포리 55-5,,,,정상가동,99.11,380,60,2013,,,,,2025-11-03
운봉3호태양광발전소,,전북특별자치도 남원시 운봉읍 권포리 55-6,,,,정상가동,99.11,380,60,2013,,,,,2025-11-03
운봉4호태양광발전소,,전북특별자치도 남원시 운봉읍 권포리 55-7,,,,정상가동,62.01,380,60,2013,,,,,2025-11-03
샘골1호태양광발전소,,전북특별자치도 남원시 덕과면 사율리 산76-1,,,,정상가동,792,22900,60,2013,,,,,2025-11-03
빛누리태양광발전소,,전북특별자치도 남원시 이백면 척문리 1042-2,,,,정상가동,99,380,60,2013,,,,,2025-11-03
청정태양광발전소,,전북특별자치도 남원시 이백면 척문리 832-218,,,,정상가동,99,380,60,2013,,,,,2025-11-03
(유)우리태양광에너지,,전북특별자치도 남원시 이백면 척문리 1042-1,,,,정상가동,99,380,60,2013,,,,,2025-11-03
희망에너지태양광발전소,,전북특별자치도 남원시 이백면 척문리 1042,,,,정상가동,99,380,60,2013,,,,,2025-11-03
부동태양광발전소,,전북특별자치도 남원시 아영면 일대리 616-1,,,,정상가동,98,380,60,2013,,,,,2025-11-03
권포리태양광발전소,,전북특별자치도 남원시 운봉읍 권포리 43-11,,,,정상가동,99,380,60,2014,,,,,2025-11-03
담헌태양광발전소,,전북특별자치도 남원시 사매면 서도리 381-1,,,,정상가동,20,380,60,2013,,,,,2025-11-03
P&E 태양광발전소,,전북특별자치도 남원시 인월면 성산리 170-50,,,,정상가동,60,380,60,2013,,,,,2025-11-03
금강SNS태양광발전소,,전북특별자치도 남원시 인월면 성산리 170-49,,,,정상가동,39.84,380,60,2013,,,,,2025-11-03
건우태양광발전소,,전북특별자치도 남원시 이백면 척문리 1019,,,,정상가동,60,380,60,2013,,,,,2025-11-03
수용태양광발전소,,전북특별자치도 남원시 사매면 서도리 685-1,,,,정상가동,14.79,380,60,2013,,,,,2025-11-03
엘림태양광발전소,,전북특별자치도 남원시 인월면 자래리 206-2,,,,정상가동,99,220,60,2013,,,,,2025-11-03
상동2태양광발전소,,전북특별자치도 남원시 주생면 상동리 936,,,,정상가동,99,380,60,2013,,,,,2025-11-03
한영태양광발전소,,전북특별자치도 남원시 보절면 신파리 226-225,,,,정상가동,98.8,380,60,2013,,,,,2025-11-03
해성제2호태양광발전소,,전북특별자치도 남원시 보절면 신파리 226-20,,,,정상가동,98.8,380,60,2013,,,,,2025-11-03
해성태양광발전소,,전북특별자치도 남원시 보절면 신파리 226-231,,,,정상가동,98.8,380,60,2013,,,,,2025-11-03
김홍래1태양광발전소,,전북특별자치도 남원시 이백면 척문리 3,,,,정상가동,100,380,60,2013,,,,,2025-11-03
광호제1호태양광발전소,,전북특별자치도 남원시 보절면 신파리 226-229,,,,정상가동,49.4,380,60,2013,,,,,2025-11-03
하람태양광발전소,,전북특별자치도 남원시 덕과면 사율리 247,,,,정상가동,30,380,60,2013,,,,,2025-11-03
인동태양광발전소,,전북특별자치도 남원시 대산면 대곡리 465,,,,정상가동,99,380,60,2013,,,,,2025-11-03
김홍래2태양광발전소,,전북특별자치도 남원시 이백면 척문리 3,,,,정상가동,100,380,60,2013,,,,,2025-11-03
태완2태양광발전소,,전북특별자치도 남원시 보절면 신파리 226-73,,,,정상가동,99,380,60,2014,,,,,2025-11-03
연동2태양광발전소,,전북특별자치도 남원시 운봉읍 권포리 68-3,,,,정상가동,49.5,380,60,2013,,,,,2025-11-03
덕암2태양광발전소,,전북특별자치도 남원시 이백면 척문리 899,,,,정상가동,31.5,380,60,2013,,,,,2025-11-03
운봉새마을금고태양광발전소,전북특별자치도 남원시 운봉읍 운봉로 688-1,,,,,정상가동,20,380,60,2013,,,,,2025-11-03
상영태양광발전소,,전북특별자치도 남원시 보절면 신파리 226-230,,,,정상가동,98.8,380,60,2013,,,,,2025-11-03
고은태양광발전소,,전북특별자치도 남원시 이백면 척문리 832-199,,,,정상가동,99,380,60,2013,,,,,2025-11-03
이백척문리태양광발전소,,전북특별자치도 남원시 이백면 척문리 919,,,,정상가동,50,380,60,2013,,,,,2025-11-03
승화A태양광발전소,,전북특별자치도 남원시 이백면 척문리 832-369,,,,정상가동,99,380,60,2014,,,,,2025-11-03
병수태양광발전소,전북특별자치도 남원시 송동면 송기윗길 24-27,,,,,정상가동,99,380,60,2014,,,,,2025-11-03
남강태양광발전소,,전북특별자치도 남원시 대산면 길곡리 128-71,,,,정상가동,979.2,22900,60,2014,,,,,2025-11-03
정호3태양광발전소,,전북특별자치도 남원시 대산면 풍촌리 625-1,,,,정상가동,66,380,60,2018,,,,,2025-11-03
삼일제2호태양광발전소,,전북특별자치도 남원시 대강면 사석리 8-4,,,,정상가동,99.4,380,60,2018,,,,,2025-11-03
대정2태양광발전소,,전북특별자치도 남원시 대강면 사석리 9-1,,,,정상가동,99.4,380,60,2018,,,,,2025-11-03
상우태양광발전소,,전북특별자치도 남원시 인월면 상우리 45,,,,정상가동,50,380,60,2013,,,,,2025-11-03
남창리태양광발전소,,전북특별자치도 남원시 수지면 남창리 1575-1,,,,정상가동,1500,22900,60,2013,,,,,2025-11-03
광호태양광발전소,,전북특별자치도 남원시 보절면 신파리 226-228,,,,정상가동,98.8,380,60,2013,,,,,2025-11-03
풍촌태양광발전소,,전북특별자치도 남원시 대산면 풍촌리 205,,,,정상가동,800,22900,60,2014,,,,,2025-11-03
극만태양광발전소,전북특별자치도 남원시 주생면 주생금풍길 106-65,,,,,정상가동,40,380,60,2014,,,,,2025-11-03
상현1호태양광발전소,,전북특별자치도 남원시 주천면 장안리 607-16,,,,정상가동,50,380,60,2014,,,,,2025-11-03
금강ECO태양광발전소,,전북특별자치도 남원시 인월면 성산리 170-48,,,,정상가동,38.95,380,60,2013,,,,,2025-11-03
금강2태양광발전소,,전북특별자치도 남원시 인월면 성산리 170-23,,,,정상가동,48,380,60,2013,,,,,2025-11-03
대성2호태양광발전소,,전북특별자치도 남원시 운봉읍 권포리 720-1,,,,정상가동,50.96,380,60,2013,,,,,2025-11-03
대통에너지,전북특별자치도 남원시 교촌길 3-4,,,,,정상가동,20,380,60,2013,,,,,2025-11-03
하늘태양광발전소,,전북특별자치도 남원시 광치동 693,,,,정상가동,25,380,60,2013,,,,,2025-11-03
정호1태양광발전소,,전북특별자치도 남원시 대산면 풍촌리 781,,,,정상가동,99,380,60,2014,,,,,2025-11-03
정호2태양광발전소,,전북특별자치도 남원시 대산면 풍촌리 625-1,,,,정상가동,99,380,60,2013,,,,,2025-11-03
고남산3호태양광발전소,,전북특별자치도 남원시 운봉읍 권포리 746-16,,,,정상가동,798.66,22900,60,2013,,,,,2025-11-03
다원2발전소,,전북특별자치도 남원시 이백면 과립리 290,,,,정상가동,80,380,60,2015,,,,,2025-11-03
복태양광발전소,,전북특별자치도 남원시 이백면 척문리 832-380,,,,정상가동,99.84,380,60,2014,,,,,2025-11-03
영진솔라에너지태양광발전소,,전북특별자치도 남원시 이백면 척문리 832-379,,,,정상가동,99.84,380,60,2014,,,,,2025-11-03
승화B태양광발전소,,전북특별자치도 남원시 이백면 척문리 832-206,,,,정상가동,99.84,380,60,2014,,,,,2025-11-03
CY SOLAR,,전북특별자치도 남원시 이백면 척문리 832-381,,,,정상가동,99.84,380,60,2014,,,,,2025-11-03
남원중앙새마을금고태양광발전소,,전북특별자치도 남원시 동충동 27-1,,,,정상가동,31.2,380,60,2013,,,,,2025-11-03
엘림2호태양광발전소,전북특별자치도 남원시 인월면 자래길 73-103,,,,,정상가동,99,220,60,2013,,,,,2025-11-03
대강태양광발전소1호기,,전북특별자치도 남원시 대강면 방산리 374,,,,정상가동,99,380,60,2014,,,,,2025-11-03
운교1호태양광발전소,,전북특별자치도 남원시 대산면 운교리 28,,,,정상가동,99.2,380,60,2014,,,,,2025-11-03
운교2호태양광발전소,,전북특별자치도 남원시 대산면 운교리 28-6,,,,정상가동,99.11,380,60,2014,,,,,2025-11-03
대강태양광발전소,,전북특별자치도 남원시 대강면 사석리 1-2,,,,정상가동,995,22900,60,2014,,,,,2025-11-03
요나태양광발전소,,전북특별자치도 남원시 대산면 길곡리 128-28,,,,정상가동,99.072,380,60,2014,,,,,2025-11-03
남원에코태양광발전소,,전북특별자치도 남원시 금지면 귀석리 55,,,,정상가동,999,22900,60,2014,,,,,2025-11-03
남원중앙솔라파크태양광발전소,,전북특별자치도 남원시 대산면 길곡리 산105,,,,정상가동,977.5,22900,60,2015,,,,,2025-11-03
대산성이태양광발전소,,전북특별자치도 남원시 대산면 길곡리 649-11,,,,정상가동,99,380,60,2015,,,,,2025-11-03
생암1호태양광발전소,,전북특별자치도 남원시 대강면 생암리 747-7,,,,정상가동,99.375,380,60,2014,,,,,2025-11-03
신정태양광발전소,전북특별자치도 남원시 윗정재길 17,,,,,정상가동,49.555,220,60,2014,,,,,2025-11-03
호치1태양광발전소,,전북특별자치도 남원시 광치동 28-1,,,,정상가동,99,380,60,2014,,,,,2025-11-03
호치2태양광발전소,,전북특별자치도 남원시 광치동 26,,,,정상가동,60,380,60,2014,,,,,2025-11-03
한스솔라에너지1태양광발전소,,전북특별자치도 남원시 이백면 척문리 974,,,,정상가동,99,380,60,2014,,,,,2025-11-03
송정태양광발전소,,전북특별자치도 남원시 왕정동 194,,,,정상가동,90.63,380,60,2014,,,,,2025-11-03
성복태양광1,,전북특별자치도 남원시 대산면 풍촌리 209,,,,정상가동,99,380,60,2014,,,,,2025-11-03
현아태양광발전소,,전북특별자치도 남원시 대산면 풍촌리 209-1,,,,정상가동,99,380,60,2014,,,,,2025-11-03
김성주1호에너지,,전북특별자치도 남원시 대강면 생암리 72,,,,정상가동,30,380,60,2014,,,,,2025-11-03
보나태양광발전소,,전북특별자치도 남원시 대산면 대곡리 638-15,,,,정상가동,99.84,380,60,2014,,,,,2025-11-03
금마1태양광발전소,,전북특별자치도 남원시 대산면 대곡리 638-14,,,,정상가동,99.84,380,60,2014,,,,,2025-11-03
부교1태양광발전소,,전북특별자치도 남원시 대산면 대곡리 638-13,,,,정상가동,99.84,380,60,2014,,,,,2025-11-03
부교2태양광발전소,,전북특별자치도 남원시 대산면 대곡리 638-12,,,,정상가동,99.84,380,60,2014,,,,,2025-11-03
쏠라리 남원1태양광발전소,,전북특별자치도 남원시 대산면 대곡리 638-19,,,,정상가동,99.84,380,60,2014,,,,,2025-11-03
쏠라리 남원2태양광발전소,,전북특별자치도 남원시 대산면 대곡리 638-18,,,,정상가동,99.84,380,60,2014,,,,,2025-11-03
쏠라킴 남원3태양광발전소,,전북특별자치도 남원시 대산면 대곡리 638-17,,,,정상가동,99.84,380,60,2014,,,,,2025-11-03
쏠라킴 남원4태양광발전소,,전북특별자치도 남원시 대산면 대곡리 638-16,,,,정상가동,99.84,380,60,2014,,,,,2025-11-03
희연태양광발전소,,전북특별자치도 남원시 대산면 대곡리 638-23,,,,정상가동,99.84,380,60,2014,,,,,2025-11-03
뿌리1호태양광발전소,,전북특별자치도 남원시 대산면 대곡리 638-22,,,,정상가동,99.84,380,60,2014,,,,,2025-11-03
뿌리2호태양광발전소,,전북특별자치도 남원시 대산면 대곡리 638-21,,,,정상가동,99.84,380,60,2014,,,,,2025-11-03
수아태양광발전소,,전북특별자치도 남원시 대산면 대곡리 638-45,,,,정상가동,90,380,60,2014,,,,,2025-11-03
은호태양광발전소,,전북특별자치도 남원시 대산면 대곡리 638-24,,,,정상가동,99.84,380,60,2014,,,,,2025-11-03
영일태양광발전소,,전북특별자치도 남원시 대산면 길곡리 128-32,,,,정상가동,97.92,380,60,2014,,,,,2025-11-03
영일2호태양광발전소,,전북특별자치도 남원시 대산면 길곡리 128-17,,,,정상가동,97.92,380,60,2014,,,,,2025-11-03
영일3호태양광발전소,,전북특별자치도 남원시 대산면 길곡리 128-18,,,,정상가동,97.92,380,60,2014,,,,,2025-11-03
영일4호태양광발전소,,전북특별자치도 남원시 대산면 길곡리 128-19,,,,정상가동,97.92,380,60,2014,,,,,2025-11-03
영일5호태양광발전소,,전북특별자치도 남원시 대산면 길곡리 128-20,,,,정상가동,97.92,380,60,2014,,,,,2025-11-03
인태양광발전소,,전북특별자치도 남원시 대산면 길곡리 산73-23,,,,정상가동,938.304,22900,60,2014,,,,,2025-11-03
청수태양광발전소,전북특별자치도 남원시 운봉읍 황산로 804-51,,,,,정상가동,99,380,60,2014,,,,,2025-11-03
남원금성태양광발전소,전북특별자치도 남원시 주생면 주생내동길 57-62,,,,,정상가동,70.49,380,60,2014,,,,,2025-11-03
수경1호태양광발전소,,전북특별자치도 남원시 인월면 성산리 170-54,,,,정상가동,100,380,60,2014,,,,,2025-11-03
수경2호태양광발전소,,전북특별자치도 남원시 인월면 성산리 170-55,,,,정상가동,100,380,60,2014,,,,,2025-11-03
수경3호태양광발전소,,전북특별자치도 남원시 인월면 성산리 170-56,,,,정상가동,100,380,60,2014,,,,,2025-11-03
서죽골태양광발전소,,전북특별자치도 남원시 인월면 성산리 170-60,,,,정상가동,50,380,60,2014,,,,,2025-11-03
성윤1호태양광발전소,,전북특별자치도 남원시 인월면 성산리 170-59,,,,정상가동,100,380,60,2014,,,,,2025-11-03
혜은태양광발전소,,전북특별자치도 남원시 인월면 성산리 170-58,,,,정상가동,100,380,60,2014,,,,,2025-11-03
금강3태양광발전소,,전북특별자치도 남원시 인월면 성산리 170-27,,,,정상가동,70,380,60,2014,,,,,2025-11-03
주원태양광발전소,,전북특별자치도 남원시 인월면 성산리 170-61,,,,정상가동,100,380,60,2014,,,,,2025-11-03
행정1호태양광발전소,,전북특별자치도 남원시 운봉읍 행정리 463-13,,,,정상가동,99,380,60,2014,,,,,2025-11-03
행정2호태양광발전소,,전북특별자치도 남원시 운봉읍 행정리 463-23,,,,정상가동,99,380,60,2014,,,,,2025-11-03
행정3호태양광발전소,,전북특별자치도 남원시 운봉읍 행정리 463-15,,,,정상가동,99,380,60,2014,,,,,2025-11-03
행정4호태양광발전소,,전북특별자치도 남원시 운봉읍 행정리 463-31,,,,정상가동,99,380,60,2014,,,,,2025-11-03
한일태양광발전소,,전북특별자치도 남원시 운봉읍 행정리 463-1,,,,정상가동,99,380,60,2014,,,,,2025-11-03
행정6호태양광발전소,,전북특별자치도 남원시 운봉읍 행정리 463-29,,,,정상가동,99,380,60,2014,,,,,2025-11-03
행정7호태양광발전소,,전북특별자치도 남원시 운봉읍 행정리 463-8,,,,정상가동,99,380,60,2014,,,,,2025-11-03
행정8호태양광발전소,,전북특별자치도 남원시 운봉읍 행정리 463-7,,,,정상가동,99,380,60,2014,,,,,2025-11-03
행정9호태양광발전소,,전북특별자치도 남원시 운봉읍 행정리 463-6,,,,정상가동,99,380,60,2014,,,,,2025-11-03
행정10호태양광발전소,,전북특별자치도 남원시 운봉읍 행정리 463-3,,,,정상가동,99,380,60,2014,,,,,2025-11-03
행정11호태양광발전소,,전북특별자치도 남원시 운봉읍 행정리 463-2,,,,정상가동,99,380,60,2014,,,,,2025-11-03
윤이네태양광,,전북특별자치도 남원시 운봉읍 행정리 463-5,,,,정상가동,99,380,60,2014,,,,,2025-11-03
행정13호태양광발전소,,전북특별자치도 남원시 운봉읍 행정리 463-18,,,,정상가동,99,380,60,2014,,,,,2025-11-03
행정14호태양광발전소,,전북특별자치도 남원시 운봉읍 행정리 463-19,,,,정상가동,99,380,60,2014,,,,,2025-11-03
행정15호태양광발전소,,전북특별자치도 남원시 운봉읍 행정리 463-22,,,,정상가동,99,380,60,2014,,,,,2025-11-03
행정16호태양광발전소,,전북특별자치도 남원시 운봉읍 행정리 463-12,,,,정상가동,99,380,60,2014,,,,,2025-11-03
행정17호태양광발전소,,전북특별자치도 남원시 운봉읍 행정리 463-9,,,,정상가동,99,380,60,2014,,,,,2025-11-03
행정18호태양광발전소,,전북특별자치도 남원시 운봉읍 행정리 463-4,,,,정상가동,40,380,60,2014,,,,,2025-11-03
동림태양광발전소,전북특별자치도 남원시 큰들2길22,,,,,정상가동,65.455,380,60,2014,,,,,2025-11-03
도통태양광발전소,전북특별자치도 남원시 춘향로 32,,,,,정상가동,20,380,60,2014,,,,,2025-11-03
장안태양광발전소,,전북특별자치도 남원시 이백면 내동리 114-3,,,,정상가동,50,380,60,2015,,,,,2025-11-03
청수3호태양광발전소,전북특별자치도 남원시 운봉읍 황산로 804-51,,,,,정상가동,99,380,60,2014,,,,,2025-11-03
청수2호태양광발전소,전북특별자치도 남원시 운봉읍 황산로 804-51,,,,,정상가동,99,380,60,2014,,,,,2025-11-03
인7호태양광발전소,,전북특별자치도 남원시 대산면 길곡리 산73-30,,,,정상가동,938.304,22900,60,2014,,,,,2025-11-03
경천태양광발전소,,전북특별자치도 남원시 대산면 길곡리 128-51,,,,정상가동,99.072,380,60,2014,,,,,2025-11-03
상영제1호태양광발전소,,전북특별자치도 남원시 보절면 신파리 226-227,,,,정상가동,98.8,380,60,2013,,,,,2025-11-03
수덕태양광발전소,,전북특별자치도 남원시 대산면 수덕리 509-22,,,,정상가동,99,380,60,2014,,,,,2025-11-03
고남산5호태양광발전소,,전북특별자치도 남원시 운봉읍 권포리 746-6,,,,정상가동,99.12,380,60,2014,,,,,2025-11-03
고남산6호태양광발전소,,전북특별자치도 남원시 운봉읍 권포리 746-6,,,,정상가동,99.12,380,60,2014,,,,,2025-11-03
고남산7호태양광발전소,,전북특별자치도 남원시 운봉읍 권포리 746-6,,,,정상가동,99.12,380,60,2014,,,,,2025-11-03
오송2태양광발전소,,전북특별자치도 남원시 이백면 척문리 918,,,,정상가동,30,380,60,2014,,,,,2025-11-03
덕암3태양광발전소,,전북특별자치도 남원시 이백면 척문리 899,,,,정상가동,19.2,380,60,2014,,,,,2025-11-03
성원태양광발전소,,전북특별자치도 남원시 주생면 낙동리 665-1 661-7,,,,정상가동,98.8,380,60,2015,,,,,2025-11-03
민국내동태양광발전소,,전북특별자치도 남원시 이백면 내동리 55-1,,,,정상가동,2000,22900,60,2021,,,,,2025-11-03
정임태양광발전소,,전북특별자치도 남원시 운봉읍 권포리 43-3,,,,정상가동,99,380,60,2014,,,,,2025-11-03
미영태양광발전소,,전북특별자치도 남원시 운봉읍 권포리 43-3,,,,정상가동,99,380,60,2014,,,,,2025-11-03
미래로태양광발전소,,전북특별자치도 남원시 운봉읍 권포리 43-3,,,,정상가동,49.5,380,60,2014,,,,,2025-11-03
유나태양광발전소,,전북특별자치도 남원시 운봉읍 준향리 44-6,,,,정상가동,97.47,380,60,2014,,,,,2025-11-03
윤수태양광발전소,,전북특별자치도 남원시 주생면 낙동리 673,,,,정상가동,48.23,380,60,2014,,,,,2025-11-03
샤론태양광발전소,전북특별자치도 남원시 이백면 이백오산길 8-140,,,,,정상가동,30,380,60,2014,,,,,2025-11-03
대영태양광발전소,,전북특별자치도 남원시 금동 423,,,,정상가동,76,380,60,2014,,,,,2025-11-03
쏠광행정태양광발전소,,전북특별자치도 남원시 운봉읍 행정리 521-19,,,,정상가동,99,380,60,2018,,,,,2025-11-03
승재태양광발전소,,전북특별자치도 남원시 대산면 대곡리 11-21,,,,정상가동,99,380,60,2015,,,,,2025-11-03
성문태양광발전소,,전북특별자치도 남원시 대산면 대곡리 산50-12,,,,정상가동,99,380,60,2015,,,,,2025-11-03
시온태양광발전소,,전북특별자치도 남원시 대산면 대곡리 산50-11,,,,정상가동,99,380,60,2015,,,,,2025-11-03
더블엘제이태양광발전소,,전북특별자치도 남원시 대산면 대곡리 산50-10,,,,정상가동,99,380,60,2015,,,,,2025-11-03
진영태양광발전소3호,,전북특별자치도 남원시 대산면 대곡리 산50-9,,,,정상가동,99,380,60,2015,,,,,2025-11-03
진영2호태양광발전소,,전북특별자치도 남원시 대산면 대곡리 산50-8,,,,정상가동,99,380,60,2015,,,,,2025-11-03
진영태양광발전소1호,,전북특별자치도 남원시 대산면 대곡리 산50-7,,,,정상가동,99,380,60,2015,,,,,2025-11-03
다영태양광발전소-1호,,전북특별자치도 남원시 대산면 대곡리 11-27,,,,정상가동,99,380,60,2015,,,,,2025-11-03
서민행복1호태양광발전소,,전북특별자치도 남원시 대산면 대곡리 산50-2,,,,정상가동,99,380,60,2015,,,,,2025-11-03
서민행복2호태양광발전소,,전북특별자치도 남원시 대산면 대곡리 산50-3,,,,정상가동,99,380,60,2015,,,,,2025-11-03
서민행복3호태양광발전소,,전북특별자치도 남원시 대산면 대곡리 산50-4,,,,정상가동,99,380,60,2015,,,,,2025-11-03
서민행복4호태양광발전소,,전북특별자치도 남원시 대산면 대곡리 산50-5,,,,정상가동,99,380,60,2015,,,,,2025-11-03
JH태양광발전소,,전북특별자치도 남원시 대산면 대곡리 산50-6,,,,정상가동,99,380,60,2015,,,,,2025-11-03
이한에너지,,전북특별자치도 남원시 대산면 대곡리 11-26,,,,정상가동,99,380,60,2015,,,,,2025-11-03
진성태양광발전소1호,,전북특별자치도 남원시 대산면 대곡리 11-25,,,,정상가동,99,380,60,2015,,,,,2025-11-03
현자태양광발전소,,전북특별자치도 남원시 대산면 대곡리 11-24,,,,정상가동,99,380,60,2015,,,,,2025-11-03
현텍태양광발전소-1호,,전북특별자치도 남원시 대산면 대곡리 11-23,,,,정상가동,99,380,60,2015,,,,,2025-11-03
보광태양광발전소1호,,전북특별자치도 남원시 대산면 대곡리 11-22,,,,정상가동,99,380,60,2015,,,,,2025-11-03
수영2태양광발전소,,전북특별자치도 남원시 운봉읍 행정리 521-52,,,,정상가동,99,380,60,2018,,,,,2025-11-03
안골태양광발전소,전북특별자치도 남원시 보절면 보절내동길 86-20,,,,,정상가동,19.75,220,60,2015,,,,,2025-11-03
유란태양광발전소,,전북특별자치도 남원시 이백면 척문리 832-203,,,,정상가동,99,380,60,2015,,,,,2025-11-03
일현금예태양광발전소,전북특별자치도 남원시 보절면 사계로 80-21,,,,,정상가동,15,380,60,2014,,,,,2025-11-03
한스솔라에너지2태양광발전소,,전북특별자치도 남원시 이백면 척문리 974-1,,,,정상가동,99,380,60,2014,,,,,2025-11-03
도유태양광발전소,전북특별자치도 남원시 광치산업2길 48,,,,,정상가동,60,380,60,2015,,,,,2025-11-03
샤론2태양광발전소,,전북특별자치도 남원시 이백면 척문리 491-6,,,,정상가동,30,380,60,2014,,,,,2025-11-03
우주태양광발전소,,전북특별자치도 남원시 인월면 상우리 13,,,,정상가동,53,380,60,2017,,,,,2025-11-03
척문태양광발전소,,전북특별자치도 남원시 이백면 척문리 940-3,,,,정상가동,99,380,60,2014,,,,,2025-11-03
재유태양광발전소,,전북특별자치도 남원시 이백면 척문리 940-4,,,,정상가동,99,380,60,2014,,,,,2025-11-03
붕어대장에너지,,전북특별자치도 남원시 이백면 척문리 940-2,,,,정상가동,99,380,60,2014,,,,,2025-11-03
요천태양광발전소,전북특별자치도 남원시 주생면 요천로 1036-240,,,,,정상가동,99,380,60,2015,,,,,2025-11-03
은진1호태양광발전소,전북특별자치도 남원시 운봉읍 소석길 132,,,,,정상가동,98.28,380,60,2018,,,,,2025-11-03
은진2호태양광발전소,,전북특별자치도 남원시 운봉읍 화수리 482-26,,,,정상가동,98.28,380,60,2018,,,,,2025-11-03
태광태양광발전소,,전북특별자치도 남원시 수지면 남창리 88-1,,,,정상가동,95.4,380,60,2014,,,,,2025-11-03
선경3호태양광발전소,,전북특별자치도 남원시 수지면 남창리 9-3,,,,정상가동,95.4,380,60,2014,,,,,2025-11-03
재우태양광발전소,,전북특별자치도 남원시 수지면 남창리 6-15,,,,정상가동,95.4,380,60,2014,,,,,2025-11-03
원경태양광발전소,,전북특별자치도 남원시 수지면 남창리 6-14,,,,정상가동,95.4,380,60,2014,,,,,2025-11-03
영광태양광발전소,,전북특별자치도 남원시 수지면 남창리 6-12,,,,정상가동,95.4,380,60,2014,,,,,2025-11-03
이광태양광발전소,,전북특별자치도 남원시 수지면 남창리 6-11,,,,정상가동,95.4,380,60,2014,,,,,2025-11-03
현진태양광발전소,,전북특별자치도 남원시 수지면 남창리 6-9,,,,정상가동,95.4,380,60,2014,,,,,2025-11-03
영진2호태양광발전소,,전북특별자치도 남원시 수지면 남창리 6-10,,,,정상가동,95.4,380,60,2014,,,,,2025-11-03
KH에너지1호발전소,,전북특별자치도 남원시 수지면 남창리 6-8,,,,정상가동,95.4,380,60,2014,,,,,2025-11-03
우성태양광발전소,,전북특별자치도 남원시 수지면 남창리 6-7,,,,정상가동,95.4,380,60,2014,,,,,2025-11-03
그린P&E태양광발전소,,전북특별자치도 남원시 수지면 남창리 6-5,,,,정상가동,95.4,380,60,2014,,,,,2025-11-03
명산태양광발전소,,전북특별자치도 남원시 수지면 남창리 6-6,,,,정상가동,95.4,380,60,2014,,,,,2025-11-03
이례태양광발전소,,전북특별자치도 남원시 수지면 남창리 6-1,,,,정상가동,95.4,380,60,2014,,,,,2025-11-03
NH태양광발전소,,전북특별자치도 남원시 수지면 남창리 6-3,,,,정상가동,59.36,380,60,2014,,,,,2025-11-03
화성태양광발전소,,전북특별자치도 남원시 수지면 남창리 6-4,,,,정상가동,95.4,380,60,2014,,,,,2025-11-03
채움에너지,,전북특별자치도 남원시 금지면 창산리 395-1,,,,정상가동,99,380,60,2014,,,,,2025-11-03
황금1태양광발전소,,전북특별자치도 남원시 금지면 창산리 676-12 주1동,,,,정상가동,99,380,60,2017,,,,,2025-11-03
황금2태양광발전소,,전북특별자치도 남원시 금지면 창산리 676-12 주2동,,,,정상가동,99,380,60,2017,,,,,2025-11-03
섬진태양광발전소,,전북특별자치도 남원시 대강면 생암리 553-63,,,,정상가동,99,380,60,2015,,,,,2025-11-03
박희자태양광발전소,,전북특별자치도 남원시 대강면 방산리 377,,,,정상가동,99,380,60,2014,,,,,2025-11-03
대산태양광발전소,전북특별자치도 남원시 주생면 요천로 1036-317 주1,,,,,정상가동,379.2,380,60,2018,,,,,2025-11-03
요나2호태양광발전소,,전북특별자치도 남원시 대산면 길곡리 130,,,,정상가동,99.072,380,60,2014,,,,,2025-11-03
춘호태양광발전소,,전북특별자치도 남원시 대산면 수덕리 1248,,,,정상가동,99.84,380,60,2020,,,,,2025-11-03
진성태양광발전소,전북특별자치도 남원시 금지면 요천로 58-60,,,,,정상가동,349.86,380,60,2015,,,,,2025-11-03
유천1호태양광발전소,,전북특별자치도 남원시 왕정동 222,,,,정상가동,75.6,380,60,2015,,,,,2025-11-03
옹골찬2태양광발전소,,전북특별자치도 남원시 이백면 척문리 964-3,,,,정상가동,99,380,60,2015,,,,,2025-11-03
옹골찬3태양광발전소,,전북특별자치도 남원시 이백면 척문리 964-4,,,,정상가동,99,380,60,2015,,,,,2025-11-03
태완1태양광발전소,,전북특별자치도 남원시 보절면 신파리 226-240,,,,정상가동,99,380,60,2014,,,,,2025-11-03
포인2태양광발전소,,전북특별자치도 남원시 보절면 신파리 226-241,,,,정상가동,99,380,60,2014,,,,,2025-11-03
보현2태양광발전소,,전북특별자치도 남원시 보절면 신파리 226-37,,,,정상가동,99,380,60,2014,,,,,2025-11-03
포인1태양광발전소,,전북특별자치도 남원시 보절면 신파리 226-71,,,,정상가동,75,380,60,2014,,,,,2025-11-03
은빛태양광발전소,,전북특별자치도 남원시 수지면 남창리 9-7,,,,정상가동,95.4,380,60,2015,,,,,2025-11-03
한결태양광발전소,,전북특별자치도 남원시 수지면 남창리 9-8,,,,정상가동,95.4,380,60,2015,,,,,2025-11-03
경영태양광발전소,,전북특별자치도 남원시 수지면 남창리 6-21,,,,정상가동,95.4,380,60,2015,,,,,2025-11-03
주랑태양광발전소,,전북특별자치도 남원시 주생면 낙동리 321,,,,정상가동,27.825,380,60,2014,,,,,2025-11-03
보현1태양광발전소,,전북특별자치도 남원시 보절면 신파리 226-234,,,,정상가동,99,380,60,2014,,,,,2025-11-03
명문태양광발전소,,전북특별자치도 남원시 보절면 신파리 226-235,,,,정상가동,99,380,60,2014,,,,,2025-11-03
화연태양광발전소,,전북특별자치도 남원시 보절면 신파리 226-236,,,,정상가동,99,380,60,2014,,,,,2025-11-03
정현태양광발전소,,전북특별자치도 남원시 보절면 신파리 226-237,,,,정상가동,99,380,60,2014,,,,,2025-11-03
석민태양광발전소,,전북특별자치도 남원시 금다리 547-1,,,,정상가동,99,380,60,2014,,,,,2025-11-03
하정발전소,전북특별자치도 남원시 광한북로 49-8,,,,,정상가동,19.76,380,60,2014,,,,,2025-11-03
민우태양광발전소,전북특별자치도 남원시 대강면 섬진로 1474,,,,,정상가동,45,380,60,2014,,,,,2025-11-03
학연태양광발전소,,전북특별자치도 남원시 주생면 낙동리 296,,,,정상가동,19.2,380,60,2015,,,,,2025-11-03
성일1호태양광발전소,,전북특별자치도 남원시 주생면 도산리 916-53,,,,정상가동,44.82,380,60,2015,,,,,2025-11-03
영진태양광발전소,,전북특별자치도 남원시 인월면 상우리 355-7,,,,정상가동,75,380,60,2014,,,,,2025-11-03
푸른숲태양광발전소,,전북특별자치도 남원시 이백면 양가리 19,,,,정상가동,34.02,380,60,2014,,,,,2025-11-03
민속태양광발전소,전북특별자치도 남원시 황죽천변길 4,,,,,정상가동,30,380,60,2014,,,,,2025-11-03
경아태양광,,전북특별자치도 남원시 운봉읍 행정리 521-4,,,,정상가동,99,380,60,2014,,,,,2025-11-03
은송예빈태양광발전소,,전북특별자치도 남원시 운봉읍 행정리 521-36,,,,정상가동,99,380,60,2014,,,,,2025-11-03
가온들참빛태양광발전소,,전북특별자치도 남원시 운봉읍 행정리 521-1,,,,정상가동,99,380,60,2014,,,,,2025-11-03
원민태양광발전소,,전북특별자치도 남원시 운봉읍 행정리 521-23,,,,정상가동,99,380,60,2014,,,,,2025-11-03
드림1호태양광발전소,,전북특별자치도 남원시 운봉읍 행정리 521-24,,,,정상가동,99,380,60,2014,,,,,2025-11-03
최강태양광발전소,,전북특별자치도 남원시 운봉읍 행정리 521-12,,,,정상가동,99,380,60,2014,,,,,2025-11-03
수영태양광발전소,,전북특별자치도 남원시 운봉읍 행정리 521-26,,,,정상가동,99,380,60,2014,,,,,2025-11-03
진성태양광발전소,,전북특별자치도 남원시 운봉읍 행정리 521-77,,,,정상가동,99,380,60,2014,,,,,2025-11-03
365태양광발전소,,전북특별자치도 남원시 운봉읍 행정리 521-27,,,,정상가동,99,380,60,2014,,,,,2025-11-03
대우태양광발전소,,전북특별자치도 남원시 운봉읍 행정리 521-8,,,,정상가동,99,380,60,2014,,,,,2025-11-03
정원태양광발전소,,전북특별자치도 남원시 운봉읍 행정리 521-33,,,,정상가동,99,380,60,2014,,,,,2025-11-03
한빛태양광발전소,,전북특별자치도 남원시 운봉읍 행정리 521-34,,,,정상가동,99,380,60,2014,,,,,2025-11-03
예수원태양광발전소,,전북특별자치도 남원시 운봉읍 행정리 521-35,,,,정상가동,99,380,60,2014,,,,,2025-11-03
남신태양광발전소,,전북특별자치도 남원시 운봉읍 행정리 521,,,,정상가동,99,380,60,2014,,,,,2025-11-03
해바라기태양광발전소,,전북특별자치도 남원시 운봉읍 행정리 521-18,,,,정상가동,99,380,60,2014,,,,,2025-11-03
신영태양광발전소,,전북특별자치도 남원시 운봉읍 행정리 521-73,,,,정상가동,99,380,60,2014,,,,,2025-11-03
재임태양광발전소,,전북특별자치도 남원시 운봉읍 행정리 521-63,,,,정상가동,99,380,60,2014,,,,,2025-11-03
명윤태양광발전소,,전북특별자치도 남원시 운봉읍 행정리 521-45,,,,정상가동,99,380,60,2014,,,,,2025-11-03
KH운봉태양광발전소,,전북특별자치도 남원시 운봉읍 행정리 521-46,,,,정상가동,99,380,60,2014,,,,,2025-11-03
행정리태양광발전소,,전북특별자치도 남원시 운봉읍 행정리 521-47,,,,정상가동,99,380,60,2014,,,,,2025-11-03
형설태양광발전소,,전북특별자치도 남원시 운봉읍 행정리 521-48,,,,정상가동,99,380,60,2014,,,,,2025-11-03
성원태양광발전소,,전북특별자치도 남원시 운봉읍 행정리 521-71,,,,정상가동,99,380,60,2014,,,,,2025-11-03
대양태양광발전소,,전북특별자치도 남원시 운봉읍 행정리 521-51,,,,정상가동,99,380,60,2014,,,,,2025-11-03
한빛ENG태양광발전소,,전북특별자치도 남원시 운봉읍 행정리 521-21,,,,정상가동,99,380,60,2014,,,,,2025-11-03
대영2태양광발전소,,전북특별자치도 남원시 산동면 목동리 산32-6,,,,정상가동,200,380,60,2016,,,,,2025-11-03
대영3태양광발전소,,전북특별자치도 남원시 산동면 목동리 산32-7,,,,정상가동,300,380,60,2016,,,,,2025-11-03
수지1태양광발전소,전북특별자치도 남원시 수지면 산정유암길 80,,,,,정상가동,400.16,380,60,2015,,,,,2025-11-03
이수태양광발전소,,전북특별자치도 남원시 이백면 과립리 228-4,,,,정상가동,199.06,380,60,2018,,,,,2025-11-03
청광2호태양광발전소,,전북특별자치도 남원시 이백면 과립리 328-2,,,,정상가동,91.35,380,60,2021,,,,,2025-11-03
채움일호에너지,,전북특별자치도 남원시 송동면 송내리 974-1,,,,정상가동,99.99,380,60,2021,,,,,2025-11-03
목동1태양광발전소,,전북특별자치도 남원시 산동면 목동리 604-7,,,,정상가동,99.12,380,60,2015,,,,,2025-11-03
목동2태양광발전소,,전북특별자치도 남원시 산동면 목동리 604-7,,,,정상가동,99.12,380,60,2015,,,,,2025-11-03
목동3태양광발전소,,전북특별자치도 남원시 산동면 목동리 604-7,,,,정상가동,99.12,380,60,2015,,,,,2025-11-03
요천1호태양광발전소,전북특별자치도 남원시 주생면 요천로 1036-331,,,,,정상가동,99,380,60,2015,,,,,2025-11-03
중앙태양광발전소,전북특별자치도 남원시 히어실길 8-15,,,,,정상가동,80,380,60,2014,,,,,2025-11-03
대영5태양광발전소,,전북특별자치도 남원시 산동면 목동리 산32-9,,,,정상가동,99,380,60,2017,,,,,2025-11-03
대광1태양광발전소,,전북특별자치도 남원시 산동면 목동리 산32-10,,,,정상가동,99,380,60,2016,,,,,2025-11-03
대광2태양광발전소,,전북특별자치도 남원시 산동면 목동리 산32-11,,,,정상가동,99,380,60,2016,,,,,2025-11-03
대광3태양광발전소,,전북특별자치도 남원시 산동면 목동리 산32-12,,,,정상가동,99,380,60,2016,,,,,2025-11-03
산동1태양광발전소,,전북특별자치도 남원시 산동면 목동리 산32-13,,,,정상가동,99,380,60,2016,,,,,2025-11-03
산동2태양광발전소,,전북특별자치도 남원시 산동면 목동리 산32-14,,,,정상가동,99,380,60,2016,,,,,2025-11-03
다빈솔라태양광발전소,,전북특별자치도 남원시 이백면 척문리 964-10,,,,정상가동,99,380,60,2015,,,,,2025-11-03
영심솔라태양광발전소,,전북특별자치도 남원시 이백면 척문리 964-9,,,,정상가동,99,380,60,2015,,,,,2025-11-03
로얄솔라태양광발전소,,전북특별자치도 남원시 이백면 척문리 964-8,,,,정상가동,99,380,60,2015,,,,,2025-11-03
대광에너지1태양광발전소,,전북특별자치도 남원시 이백면 척문리 964-7,,,,정상가동,99,380,60,2015,,,,,2025-11-03
연화솔라태양광발전소,,전북특별자치도 남원시 이백면 척문리 964-2,,,,정상가동,99,380,60,2015,,,,,2025-11-03
천솔라태양광발전소,,전북특별자치도 남원시 이백면 척문리 964-1,,,,정상가동,99,380,60,2015,,,,,2025-11-03
성환태양광발전소,,전북특별자치도 남원시 주천면 송치리 2-35,,,,정상가동,99,380,60,2015,,,,,2025-11-03
호윤태양광발전소,,전북특별자치도 남원시 주천면 송치리 2-49,,,,정상가동,99,380,60,2015,,,,,2025-11-03
성화태양광발전소,,전북특별자치도 남원시 주천면 송치리 2-40,,,,정상가동,99,380,60,2015,,,,,2025-11-03
현영태양광발전소,,전북특별자치도 남원시 주천면 송치리 2-42,,,,정상가동,99,380,60,2015,,,,,2025-11-03
순안태양광발전소,,전북특별자치도 남원시 주천면 송치리 2-63,,,,정상가동,99,380,60,2015,,,,,2025-11-03
용병태양광발전소,,전북특별자치도 남원시 주천면 송치리 2-50,,,,정상가동,99,380,60,2015,,,,,2025-11-03
늘봄1태양광발전소,,전북특별자치도 남원시 주천면 송치리 2-61,,,,정상가동,99,380,60,2015,,,,,2025-11-03
강희태양광발전소,,전북특별자치도 남원시 주천면 송치리 2-41,,,,정상가동,99,380,60,2015,,,,,2025-11-03
쏠라월드3태양광발전소,,전북특별자치도 남원시 광치동 190-5,,,,정상가동,99,380,60,2015,,,,,2025-11-03
선운태양광발전소,,전북특별자치도 남원시 광치동 190-16번지,,,,정상가동,99,380,60,2015,,,,,2025-11-03
탑태양광발전소,,전북특별자치도 남원시 광치동 190-37번지,,,,정상가동,99,380,60,2015,,,,,2025-11-03
현진태양광발전소,,전북특별자치도 남원시 광치동 190-6번지,,,,정상가동,99,380,60,2015,,,,,2025-11-03
햇님에너지태양광발전소,,전북특별자치도 남원시 광치동 190-7,,,,정상가동,99,380,60,2015,,,,,2025-11-03
Sunny1태양광발전소,,전북특별자치도 남원시 광치동 190-8,,,,정상가동,99,380,60,2015,,,,,2025-11-03
쏠라월드2태양광발전소,,전북특별자치도 남원시 광치동 190-9,,,,정상가동,99,380,60,2015,,,,,2025-11-03
푸른태양광발전소,,전북특별자치도 남원시 광치동 190-10번지,,,,정상가동,99,380,60,2015,,,,,2025-11-03
광치동2호태양광발전소,,전북특별자치도 남원시 광치동 190-11번지,,,,정상가동,99,380,60,2015,,,,,2025-11-03
삼광태양광발전소,,전북특별자치도 남원시 광치동 190-12,,,,정상가동,99,380,60,2015,,,,,2025-11-03
상경태양광발전소,,전북특별자치도 남원시 광치동 190-18번지,,,,정상가동,99,380,60,2015,,,,,2025-11-03
Sunny2태양광발전소,,전북특별자치도 남원시 광치동 190-19번지,,,,정상가동,99,380,60,2015,,,,,2025-11-03
해인2태양광발전소,,전북특별자치도 남원시 광치동 190-38번지,,,,정상가동,99,380,60,2015,,,,,2025-11-03
유림태양광발전소,,전북특별자치도 남원시 광치동 190-20,,,,정상가동,99,380,60,2015,,,,,2025-11-03
우성태양광발전소,,전북특별자치도 남원시 광치동 190-39,,,,정상가동,99,380,60,2015,,,,,2025-11-03
선우태양광발전소,,전북특별자치도 남원시 광치동 190-36번지,,,,정상가동,99,380,60,2015,,,,,2025-11-03
단해태양광발전소,전북특별자치도 남원시 대강면 도곡길 65,,,,,정상가동,29.76,380,60,2015,,,,,2025-11-03
비케이태양광발전소,,전북특별자치도 남원시 대강면 생암리 747-8,,,,정상가동,99.375,380,60,2014,,,,,2025-11-03
HS태양광발전소,,전북특별자치도 남원시 대강면 생암리 747-9,,,,정상가동,99.375,380,60,2014,,,,,2025-11-03
민성태양광발전소,,전북특별자치도 남원시 대강면 생암리 747-15,,,,정상가동,99.375,380,60,2014,,,,,2025-11-03
WG태양광발전소,,전북특별자치도 남원시 대강면 생암리 747-13,,,,정상가동,99.375,380,60,2014,,,,,2025-11-03
PKO태양광발전소,,전북특별자치도 남원시 대강면 생암리 747-10,,,,정상가동,99.375,380,60,2014,,,,,2025-11-03
욱일태양광발전소,,전북특별자치도 남원시 대강면 생암리 747-11,,,,정상가동,99.375,380,60,2014,,,,,2025-11-03
HK태양광발전소,,전북특별자치도 남원시 대강면 생암리 747-12,,,,정상가동,99.375,380,60,2014,,,,,2025-11-03
정희태양광발전소,,전북특별자치도 남원시 대강면 생암리 747-14,,,,정상가동,99.375,380,60,2014,,,,,2025-11-03
엔트웰2발전소,,전북특별자치도 남원시 주천면 송치리 산132,,,,정상가동,1785.6,22900,60,2017,,,,,2025-11-03
관풍에너지,전북특별자치도 남원시 사매면 구터길 97-6,,,,,정상가동,15,220,60,2015,,,,,2025-11-03
남창마을태양광발전소,,전북특별자치도 남원시 수지면 남창리 798-2,,,,정상가동,10.4,380,60,2015,,,,,2025-11-03
서당태양광발전소,전북특별자치도 남원시 수지면 수지서당길 20-41,,,,,정상가동,20,380,60,2015,,,,,2025-11-03
참살이발전소,전북특별자치도 남원시 인월면 취암길 43,,,,,정상가동,20,220,60,2015,,,,,2025-11-03
윤진태양광발전소,,전북특별자치도 남원시 주천면 송치리 2-47,,,,정상가동,99,380,60,2015,,,,,2025-11-03
성열태양광발전소,,전북특별자치도 남원시 주천면 송치리 2-39,,,,정상가동,99,380,60,2015,,,,,2025-11-03
투게더태양광발전소,,전북특별자치도 남원시 주천면 송치리 2-46,,,,정상가동,99,380,60,2015,,,,,2025-11-03
성산1호태양광발전소,,전북특별자치도 남원시 인월면 성산리 산47,,,,정상가동,850,22900,60,2015,,,,,2025-11-03
태평태양광발전소,,전북특별자치도 남원시 광치동 471-1,,,,정상가동,950,22900,60,2017,,,,,2025-11-03
큰빛태양광,,전북특별자치도 남원시 광치동 195-47,,,,정상가동,747,22900,60,2016,,,,,2025-11-03
서울태양광발전소,,전북특별자치도 남원시 광치동 산64-29,,,,정상가동,99,380,60,2017,,,,,2025-11-03
재옥태양광발전소,,전북특별자치도 남원시 광치동 산64-30,,,,정상가동,99,380,60,2017,,,,,2025-11-03
금성솔라태양광발전소,,전북특별자치도 남원시 광치동 산64-12,,,,정상가동,300,380,60,2016,,,,,2025-11-03
영진솔라2태양광발전소,,전북특별자치도 남원시 주천면 송치리 산128-6,,,,정상가동,99,380,60,2015,,,,,2025-11-03
선광에너지태양광발전소,,전북특별자치도 남원시 주천면 송치리 산128-7,,,,정상가동,300,380,60,2015,,,,,2025-11-03
영우솔라1태양광발전소,,전북특별자치도 남원시 광치동 산64-11,,,,정상가동,99,380,60,2016,,,,,2025-11-03
민속에너지태양광발전소,,전북특별자치도 남원시 광치동 산64-8,,,,정상가동,300,380,60,2016,,,,,2025-11-03
태광솔라태양광발전소,,전북특별자치도 남원시 광치동 산64-1,,,,정상가동,400,380,60,2016,,,,,2025-11-03
은상태양광발전소,,전북특별자치도 남원시 광치동 산64-31,,,,정상가동,400,380,60,2017,,,,,2025-11-03
팔팔태양광발전소,,전북특별자치도 남원시 향교동 1061-1,,,,정상가동,27.03,380,60,2015,,,,,2025-11-03
윤미솔라태양광발전소,,전북특별자치도 남원시 주천면 송치리 산128-8,,,,정상가동,99,380,60,2015,,,,,2025-11-03
진후에너지태양광발전소,,전북특별자치도 남원시 주천면 송치리 산128-9,,,,정상가동,99,380,60,2015,,,,,2025-11-03
계돈에너지태양광발전소,,전북특별자치도 남원시 주천면 송치리 산128-10,,,,정상가동,99,380,60,2015,,,,,2025-11-03
광수에너지태양광발전소,,전북특별자치도 남원시 주천면 송치리 산128-11,,,,정상가동,99,380,60,2015,,,,,2025-11-03
마르태양광발전소,,전북특별자치도 남원시 주천면 송치리 산128-12,,,,정상가동,99,380,60,2015,,,,,2025-11-03
종현태양광발전소,,전북특별자치도 남원시 주천면 송치리 산128-13,,,,정상가동,99,380,60,2015,,,,,2025-11-03
아미태양광발전소,,전북특별자치도 남원시 주천면 송치리 산128-14,,,,정상가동,99,380,60,2015,,,,,2025-11-03
마이파크3태양광발전소,,전북특별자치도 남원시 주천면 송치리 산128-15,,,,정상가동,99,380,60,2015,,,,,2025-11-03
희라솔라태양광발전소,,전북특별자치도 남원시 이백면 척문리 893-1,,,,정상가동,99,380,60,2015,,,,,2025-11-03
성진솔라태양광발전소,,전북특별자치도 남원시 이백면 척문리 893,,,,정상가동,99,380,60,2015,,,,,2025-11-03
프로방스태양광발전소,,전북특별자치도 남원시 광치동 190-33,,,,정상가동,99,380,60,2015,,,,,2025-11-03
부흥태양광발전소,,전북특별자치도 남원시 광치동 190-32,,,,정상가동,99,380,60,2015,,,,,2025-11-03
해인태양광발전소,,전북특별자치도 남원시 광치동 190-34,,,,정상가동,99,380,60,2015,,,,,2025-11-03
석초태양광발전소,,전북특별자치도 남원시 대강면 생암리 553-52,,,,정상가동,99,380,60,2015,,,,,2025-11-03
중앙태양광발전소,,전북특별자치도 남원시 대강면 생암리 553-53,,,,정상가동,99,380,60,2015,,,,,2025-11-03
자연태양광발전소,,전북특별자치도 남원시 대강면 생암리 553-54,,,,정상가동,99,380,60,2015,,,,,2025-11-03
딩동댕태양광발전소,,전북특별자치도 남원시 대강면 생암리 553-55,,,,정상가동,99,380,60,2015,,,,,2025-11-03
인산태양광발전소,,전북특별자치도 남원시 대강면 생암리 553-56,,,,정상가동,99,380,60,2015,,,,,2025-11-03
두남태양광발전소,,전북특별자치도 남원시 대강면 생암리 553-62,,,,정상가동,99,380,60,2015,,,,,2025-11-03
성심태양광발전소,,전북특별자치도 남원시 대강면 생암리 553-64,,,,정상가동,99,380,60,2015,,,,,2025-11-03
혜성태양광발전소,,전북특별자치도 남원시 대강면 생암리 553-65,,,,정상가동,99,380,60,2015,,,,,2025-11-03
드림태양광발전소,,전북특별자치도 남원시 대강면 생암리 553-66,,,,정상가동,99,380,60,2015,,,,,2025-11-03
장교리태양광발전소,,전북특별자치도 남원시 운봉읍 장교리 240,,,,정상가동,75,380,60,2015,,,,,2025-11-03
이대성태양광발전소2호,,전북특별자치도 남원시 운봉읍 장교리 240-12,,,,정상가동,99,380,60,2015,,,,,2025-11-03
우주엔지니어링태양광발전소,,전북특별자치도 남원시 운봉읍 장교리 240-13,,,,정상가동,99,380,60,2015,,,,,2025-11-03
보민태양광발전소,,전북특별자치도 남원시 운봉읍 장교리 240-14,,,,정상가동,99,380,60,2015,,,,,2025-11-03
온유태양광발전소,,전북특별자치도 남원시 운봉읍 장교리 240-15,,,,정상가동,99,380,60,2015,,,,,2025-11-03
상우태양광발전소,,전북특별자치도 남원시 운봉읍 장교리 240-16,,,,정상가동,99,380,60,2015,,,,,2025-11-03
행운태양광발전소,,전북특별자치도 남원시 운봉읍 장교리 240-17,,,,정상가동,99,380,60,2015,,,,,2025-11-03
해빛태양광발전소,,전북특별자치도 남원시 운봉읍 장교리 240-18,,,,정상가동,99,380,60,2015,,,,,2025-11-03
부석태양광발전소,,전북특별자치도 남원시 운봉읍 장교리 240-19,,,,정상가동,99,380,60,2015,,,,,2025-11-03
희정태양광발전소,,전북특별자치도 남원시 운봉읍 장교리 240-21,,,,정상가동,49.92,380,60,2015,,,,,2025-11-03
대광태양광발전소,전북특별자치도 남원시 이백면 이백내척길 125,,,,,정상가동,20,380,60,2015,,,,,2025-11-03
개미태양광발전소,,전북특별자치도 남원시 광치동 산9-19,,,,정상가동,99,380,60,2016,,,,,2025-11-03
수미태양광발전소,,전북특별자치도 남원시 광치동 산9-20,,,,정상가동,99,380,60,2016,,,,,2025-11-03
성빈솔라태양광발전소,,전북특별자치도 남원시 광치동 산9-21,,,,정상가동,99,380,60,2016,,,,,2025-11-03
영수솔라태양광발전소,,전북특별자치도 남원시 광치동 산9-23,,,,정상가동,99,380,60,2016,,,,,2025-11-03
명인솔라2태양광발전소,,전북특별자치도 남원시 광치동 192-8,,,,정상가동,99,380,60,2016,,,,,2025-11-03
하진태양광발전소,,전북특별자치도 남원시 광치동 192-9,,,,정상가동,99,380,60,2016,,,,,2025-11-03
지문태양광발전소,,전북특별자치도 남원시 광치동 산9-30,,,,정상가동,99,380,60,2016,,,,,2025-11-03
금평에너지태양광발전소,,전북특별자치도 남원시 광치동 산9-31,,,,정상가동,99,380,60,2016,,,,,2025-11-03
강나루태양광발전소,,전북특별자치도 남원시 광치동 산9-32,,,,정상가동,99,380,60,2016,,,,,2025-11-03
영우솔라2태양광발전소,,전북특별자치도 남원시 광치동 산9-34,,,,정상가동,99,380,60,2016,,,,,2025-11-03
유민에너지태양광발전소,,전북특별자치도 남원시 광치동 산9-33,,,,정상가동,99,380,60,2016,,,,,2025-11-03
미희태양광발전소,,전북특별자치도 남원시 광치동 산53-2,,,,정상가동,99,380,60,2016,,,,,2025-11-03
목포태양광발전소,,전북특별자치도 남원시 광치동 산53-3,,,,정상가동,99,380,60,2016,,,,,2025-11-03
경은태양광발전소,,전북특별자치도 남원시 광치동 산53-4,,,,정상가동,99,380,60,2016,,,,,2025-11-03
중앙솔라태양광발전소,,전북특별자치도 남원시 광치동 산53-5,,,,정상가동,99,380,60,2016,,,,,2025-11-03
청풍에너지태양광발전소,,전북특별자치도 남원시 광치동 산53-6,,,,정상가동,99,380,60,2016,,,,,2025-11-03
현영태양광발전소,,전북특별자치도 남원시 광치동 산53-9,,,,정상가동,99,380,60,2016,,,,,2025-11-03
수정태양광발전소,,전북특별자치도 남원시 광치동 산53-10,,,,정상가동,99,380,60,2016,,,,,2025-11-03
동인태양광발전소,,전북특별자치도 남원시 대산면 운교리 911-60,,,,정상가동,99.375,380,60,2015,,,,,2025-11-03
쎄라태양광발전소,,전북특별자치도 남원시 대강면 생암리 302-3,,,,정상가동,93,380,60,2015,,,,,2025-11-03
리치태양광발전소,,전북특별자치도 남원시 대강면 생암리 302-9,,,,정상가동,93,380,60,2015,,,,,2025-11-03
솔라파워태양광발전소,,전북특별자치도 남원시 대강면 생암리 302-14,,,,정상가동,90,380,60,2015,,,,,2025-11-03
산강2호태양광발전소,,전북특별자치도 남원시 대강면 생암리 302-17,,,,정상가동,93,380,60,2015,,,,,2025-11-03
성현태양광발전소,,전북특별자치도 남원시 대강면 생암리 302-18,,,,정상가동,93,380,60,2015,,,,,2025-11-03
성규태양광발전소,,전북특별자치도 남원시 대강면 생암리 302-16,,,,정상가동,93,380,60,2015,,,,,2025-11-03
아리수태양광발전소,,전북특별자치도 남원시 대강면 생암리 302-1,,,,정상가동,90,380,60,2015,,,,,2025-11-03
대광일호태양광발전소,,전북특별자치도 남원시 대강면 생암리 302-15,,,,정상가동,93,380,60,2015,,,,,2025-11-03
(유)성훈아이티태양광발전소,,전북특별자치도 남원시 대강면 생암리 302-2,,,,정상가동,45,380,60,2015,,,,,2025-11-03
충연2호태양광발전소,,전북특별자치도 남원시 대강면 생암리 302-4,,,,정상가동,45,380,60,2015,,,,,2025-11-03
환한세상3호태양광발전소,,전북특별자치도 남원시 대강면 생암리 302-6,,,,정상가동,93,380,60,2015,,,,,2025-11-03
상수태양광발전소,,전북특별자치도 남원시 대강면 생암리 302-8,,,,정상가동,45,380,60,2015,,,,,2025-11-03
비전플러스태양광발전소,,전북특별자치도 남원시 대강면 생암리 302-10,,,,정상가동,45,380,60,2015,,,,,2025-11-03
덕순투태양광발전소,,전북특별자치도 남원시 대강면 생암리 302-12,,,,정상가동,45,380,60,2015,,,,,2025-11-03
(유)민트영태양광발전소,,전북특별자치도 남원시 대강면 생암리 302-13,,,,정상가동,45,380,60,2015,,,,,2025-11-03
아름태양광발전소,,전북특별자치도 남원시 주생면 낙동리 658-4,,,,정상가동,398.16,380,60,2015,,,,,2025-11-03
우리태양광발전소,,전북특별자치도 남원시 주생면 낙동리 665,,,,정상가동,98.8,380,60,2015,,,,,2025-11-03
다운태양광발전소,,전북특별자치도 남원시 주생면 낙동리 671,,,,정상가동,272.16,380,60,2015,,,,,2025-11-03
효재에너지태양광발전소,,전북특별자치도 남원시 광치동 산18,,,,정상가동,99,380,60,2017,,,,,2025-11-03
웅비에너지태양광발전소,,전북특별자치도 남원시 광치동 산18-1,,,,정상가동,99,380,60,2017,,,,,2025-11-03
강미에너지태양광발전소,,전북특별자치도 남원시 광치동 산18-2,,,,정상가동,99,380,60,2017,,,,,2025-11-03
관암태양광발전소,,전북특별자치도 남원시 대산면 길곡리 산106,,,,정상가동,99,380,60,2015,,,,,2025-11-03
성호에너지태양광발전소,,전북특별자치도 남원시 대산면 길곡리 산106-2,,,,정상가동,99,380,60,2015,,,,,2025-11-03
진선태양광발전소,,전북특별자치도 남원시 대산면 길곡리 산106-6,,,,정상가동,99,380,60,2015,,,,,2025-11-03
기영태양광발전소,,전북특별자치도 남원시 대산면 길곡리 산106-7,,,,정상가동,99,380,60,2015,,,,,2025-11-03
선미태양광발전소,,전북특별자치도 남원시 대산면 길곡리 산106-8,,,,정상가동,99,380,60,2015,,,,,2025-11-03
환솔라태양광발전소,,전북특별자치도 남원시 대산면 길곡리 산106-10,,,,정상가동,99,380,60,2015,,,,,2025-11-03
영진솔라1태양광발전소,,전북특별자치도 남원시 대산면 길곡리 산106-12,,,,정상가동,99,380,60,2015,,,,,2025-11-03
운천태양광발전소,,전북특별자치도 남원시 대산면 길곡리 649-13,,,,정상가동,99,380,60,2015,,,,,2025-11-03
동석태양광발전소,,전북특별자치도 남원시 대산면 길곡리 698,,,,정상가동,99,380,60,2015,,,,,2025-11-03
천일발전소,전북특별자치도 남원시 광치농공2길 38,,,,,정상가동,51.15,380,60,2016,,,,,2025-11-03
주왕2호태양광발전소,전북특별자치도 남원시 시묘길 100,,,,,정상가동,75.6,380,60,2016,,,,,2025-11-03
첨단신재생에너지,,전북특별자치도 남원시 노암동 840-2번지,,,,정상가동,90.75,380,60,2015,,,,,2025-11-03
용남태양광발전소,전북특별자치도 남원시 의총로 78,,,,,정상가동,50,380,60,2015,,,,,2025-11-03
보람에너지태양광발전소,,전북특별자치도 남원시 광치동 산16,,,,정상가동,99,380,60,2016,,,,,2025-11-03
우리솔라2태양광발전소,,전북특별자치도 남원시 광치동 산16-1,,,,정상가동,22,380,60,2016,,,,,2025-11-03
태성태양광발전소,,전북특별자치도 남원시 용정동 746-7번지,,,,정상가동,99,380,60,2016,,,,,2025-11-03
중앙1호태양광발전소,전북특별자치도 남원시 히어실길 8-15,,,,,정상가동,32.4,380,60,2015,,,,,2025-11-03
중앙2호태양광발전소,전북특별자치도 남원시 히어실길 8-15,,,,,정상가동,28.8,380,60,2015,,,,,2025-11-03
유명태양광발전소,,전북특별자치도 남원시 주생면 낙동리 840-20,,,,정상가동,99,380,60,2015,,,,,2025-11-03
광천태양광발전소,,전북특별자치도 남원시 주생면 낙동리 840-21,,,,정상가동,99,380,60,2015,,,,,2025-11-03
길종태양광발전소,,전북특별자치도 남원시 주생면 낙동리 840-22,,,,정상가동,99,380,60,2015,,,,,2025-11-03
수원태양광발전소,,전북특별자치도 남원시 주생면 낙동리 840-23,,,,정상가동,99,380,60,2015,,,,,2025-11-03
정열 태양광발전소,,전북특별자치도 남원시 주생면 낙동리 840-24,,,,정상가동,99,380,60,2015,,,,,2025-11-03
썬디엠태양광발전소,,전북특별자치도 남원시 주생면 낙동리 840-25,,,,정상가동,99,380,60,2015,,,,,2025-11-03
YJ1태양광발전소,,전북특별자치도 남원시 주생면 낙동리 840-26,,,,정상가동,99,380,60,2015,,,,,2025-11-03
남원숙이네발전소,,전북특별자치도 남원시 주생면 낙동리 840-27,,,,정상가동,99,380,60,2015,,,,,2025-11-03
라온쏠라태양광발전소,,전북특별자치도 남원시 주생면 낙동리 840-12,,,,정상가동,99,380,60,2015,,,,,2025-11-03
다모아태양광발전소,,전북특별자치도 남원시 주생면 낙동리 840-19,,,,정상가동,99,380,60,2015,,,,,2025-11-03
유한회사금성,,전북특별자치도 남원시 주생면 낙동리 904-10,,,,정상가동,99,380,60,2015,,,,,2025-11-03
유한회사호주,,전북특별자치도 남원시 주생면 낙동리 904-9,,,,정상가동,99,380,60,2015,,,,,2025-11-03
농업회사법인유한회사양달,,전북특별자치도 남원시 주생면 낙동리 904-11,,,,정상가동,200,380,60,2015,,,,,2025-11-03
농업회사법인유한회사와이씨디,,전북특별자치도 남원시 주생면 낙동리 904-6,,,,정상가동,250,380,60,2015,,,,,2025-11-03
익산태양광발전소,,전북특별자치도 남원시 보절면 신파리 410-4,,,,정상가동,99.12,380,60,2015,,,,,2025-11-03
해니태양광발전소,,전북특별자치도 남원시 보절면 신파리 410-16,,,,정상가동,99.12,380,60,2015,,,,,2025-11-03
현성태양광발전소,,전북특별자치도 남원시 보절면 신파리 410-17,,,,정상가동,99.12,380,60,2015,,,,,2025-11-03
도움태양광발전소,,전북특별자치도 남원시 보절면 신파리 410-18,,,,정상가동,99.84,380,60,2015,,,,,2025-11-03
올바름1호태양광발전소,,전북특별자치도 남원시 보절면 신파리 410-19,,,,정상가동,99.84,380,60,2015,,,,,2025-11-03
디딤돌태양광발전소,,전북특별자치도 남원시 보절면 신파리 410-21,,,,정상가동,99.12,380,60,2015,,,,,2025-11-03
오복태양광발전소,,전북특별자치도 남원시 보절면 신파리 410-22,,,,정상가동,99.12,380,60,2015,,,,,2025-11-03
지현태양광발전소,,전북특별자치도 남원시 보절면 신파리 410-29,,,,정상가동,99.12,380,60,2015,,,,,2025-11-03
수연태양광발전소,,전북특별자치도 남원시 보절면 신파리 410-36,,,,정상가동,99.84,380,60,2015,,,,,2025-11-03
정경태양광발전소,,전북특별자치도 남원시 보절면 신파리 410-38,,,,정상가동,99.84,380,60,2015,,,,,2025-11-03
산돌태양광발전소,,전북특별자치도 남원시 보절면 신파리 410-40,,,,정상가동,99.84,380,60,2015,,,,,2025-11-03
루디아2호태양광발전소,,전북특별자치도 남원시 보절면 신파리 410-41,,,,정상가동,95.68,380,60,2015,,,,,2025-11-03
명월태양광발전소,,전북특별자치도 남원시 보절면 신파리 410-42,,,,정상가동,49.92,380,60,2015,,,,,2025-11-03
송치리2호태양광발전소,,전북특별자치도 남원시 주천면 송치리 2-5,,,,정상가동,84.24,380,60,2015,,,,,2025-11-03
남원태양광발전소,,전북특별자치도 남원시 주천면 송치리 2-10,,,,정상가동,99,380,60,2015,,,,,2025-11-03
용성태양광발전소,,전북특별자치도 남원시 주천면 송치리 2-2,,,,정상가동,99,380,60,2015,,,,,2025-11-03
광치동5호태양광발전소,,전북특별자치도 남원시 광치동 190-56 용정동57-3,,,,정상가동,300,380,60,2016,,,,,2025-11-03
광치동6호태양광발전소,,전북특별자치도 남원시 용정동 57-9,,,,정상가동,499,380,60,2016,,,,,2025-11-03
정인태양광발전소,,전북특별자치도 남원시 광치동 190-58,,,,정상가동,99,380,60,2016,,,,,2025-11-03
온새미로태양광발전소,,전북특별자치도 남원시 광치동 190-57,,,,정상가동,99,380,60,2016,,,,,2025-11-03
웅우태양광발전소,,전북특별자치도 남원시 광치동 190-70,,,,정상가동,99,380,60,2016,,,,,2025-11-03
광치동8호태양광발전소,,전북특별자치도 남원시 광치동 190-61,,,,정상가동,50,380,60,2016,,,,,2025-11-03
산강1호태양광발전소,,전북특별자치도 남원시 대강면 생암리 302-19,,,,정상가동,93,380,60,2015,,,,,2025-11-03
선정태양광발전소,,전북특별자치도 남원시 보절면 괴양리 581,,,,정상가동,30,380,60,2016,,,,,2025-11-03
메이커스태양광발전소,전북특별자치도 남원시 동헌길 126,,,,,정상가동,11.78,380,60,2016,,,,,2025-11-03
청솔태양광발전소,,전북특별자치도 남원시 갈치동 산101,,,,정상가동,998.4,22900,60,2020,,,,,2025-11-03
대성티엠씨태양광발전소,,전북특별자치도 남원시 갈치동 산101,,,,정상가동,998.4,22900,60,2020,,,,,2025-11-03
성대태양광발전소,,전북특별자치도 남원시 갈치동 산101,,,,정상가동,998.4,22900,60,2020,,,,,2025-11-03
서전태양광발전소,,전북특별자치도 남원시 갈치동 425-5,,,,정상가동,998.4,22900,60,2020,,,,,2025-11-03
청향태양광발전소,,전북특별자치도 남원시 갈치동 산101,,,,정상가동,998.4,22900,60,2020,,,,,2025-11-03
승화태양광발전소,,전북특별자치도 남원시 갈치동 산101,,,,정상가동,998.4,22900,60,2020,,,,,2025-11-03
대동태양광발전소,,전북특별자치도 남원시 향교동 121-4,,,,정상가동,32.55,380,60,2016,,,,,2025-11-03
한스솔라에너지3태양광발전소,,전북특별자치도 남원시 주천면 송치리 산130-7,,,,정상가동,297.6,380,60,2016,,,,,2025-11-03
여호와이레에너지태양광발전소,,전북특별자치도 남원시 주천면 송치리 산130-9,,,,정상가동,297.6,380,60,2016,,,,,2025-11-03
고은빛태양광발전소,,전북특별자치도 남원시 주천면 송치리 산130-8,,,,정상가동,297.6,380,60,2016,,,,,2025-11-03
대일에너지태양광발전소,,전북특별자치도 남원시 주천면 송치리 산130-10,,,,정상가동,99,380,60,2016,,,,,2025-11-03
다우장교리태양광발전소,,전북특별자치도 남원시 운봉읍 장교리 222-1,,,,정상가동,487.42,380,60,2018,,,,,2025-11-03
디엔아이장교리태양광발전소,,전북특별자치도 남원시 운봉읍 장교리 222-26,,,,정상가동,496.8,380,60,2018,,,,,2025-11-03
명석ENG태양광발전소,,전북특별자치도 남원시 운봉읍 장교리 222-25,,,,정상가동,99.225,380,60,2016,,,,,2025-11-03
정인태양광발전소,,전북특별자치도 남원시 운봉읍 장교리 222-18,,,,정상가동,99.225,380,60,2016,,,,,2025-11-03
청록3호태양광발전소,,전북특별자치도 남원시 운봉읍 장교리 222-11,,,,정상가동,99.225,380,60,2016,,,,,2025-11-03
디딤돌2호태양광발전소,,전북특별자치도 남원시 운봉읍 장교리 222-34,,,,정상가동,99.225,380,60,2016,,,,,2025-11-03
명월2태양광발전소,,전북특별자치도 남원시 운봉읍 장교리 222-33,,,,정상가동,50.4,380,60,2016,,,,,2025-11-03
알파태양광발전소,전북특별자치도 남원시 남문로 469,,,,,정상가동,52.47,380,60,2017,,,,,2025-11-03
중경2호태양광발전소,,전북특별자치도 남원시 운봉읍 장교리 222-24,,,,정상가동,99.225,380,60,2016,,,,,2025-11-03
요천2호태양광발전소,,전북특별자치도 남원시 주생면 중동리 1233,,,,정상가동,50,380,60,2016,,,,,2025-11-03
지리산태양광발전소,,전북특별자치도 남원시 인월면 성산리 416-1,,,,정상가동,49.5,380,60,2016,,,,,2025-11-03
알파태양광발전소1,전북특별자치도 남원시 남문로 471-4,,,,,정상가동,16.74,380,60,2017,,,,,2025-11-03
우리에너지13호태양광발전소,,전북특별자치도 남원시 광치동 산51-1,,,,정상가동,1996.5,22900,60,2019,,,,,2025-11-03
우리에너지12호태양광발전소,,전북특별자치도 남원시 광치동 산51-1,,,,정상가동,1996.5,22900,60,2020,,,,,2025-11-03
석초태양광2호발전소,,전북특별자치도 남원시 신촌동 94,,,,정상가동,68.04,380,60,2017,,,,,2025-11-03
순양태양광발전소,,전북특별자치도 남원시 광치동 172,,,,정상가동,99,380,60,2019,,,,,2025-11-03
윤정솔라태양광발전소,,전북특별자치도 남원시 주천면 송치리 447-1,,,,정상가동,99,380,60,2020,,,,,2025-11-03
준우솔라태양광발전소,,전북특별자치도 남원시 주천면 송치리 447-2,,,,정상가동,99,380,60,2020,,,,,2025-11-03
희주1태양광발전소,,전북특별자치도 남원시 덕과면 사율리 403-5,,,,정상가동,99,380,60,2019,,,,,2025-11-03
포시즌태양광발전소,,전북특별자치도 남원시 대강면 월탄리 산11,,,,정상가동,999,22900,60,2018,,,,,2025-11-03
고려태양광발전소,전북특별자치도 남원시 보절면 사촌윗길 91,,,,,정상가동,300,380,60,2017,,,,,2025-11-03
대강1태양광발전소,,전북특별자치도 남원시 대강면 송대리 14,,,,정상가동,99,380,60,2019,,,,,2025-11-03
대강2태양광발전소,,전북특별자치도 남원시 대강면 송대리 14-15,,,,정상가동,99,380,60,2019,,,,,2025-11-03
대강4태양광발전소,,전북특별자치도 남원시 대강면 송대리 14-6,,,,정상가동,99,380,60,2019,,,,,2025-11-03
대강5태양광발전소,,전북특별자치도 남원시 대강면 송대리 14-20,,,,정상가동,99,380,60,2019,,,,,2025-11-03
대강6태양광발전소,,전북특별자치도 남원시 대강면 송대리 14-4,,,,정상가동,99,380,60,2019,,,,,2025-11-03
대강7태양광발전소,,전북특별자치도 남원시 대강면 송대리 14-5,,,,정상가동,99,380,60,2019,,,,,2025-11-03
대강8태양광발전소,,전북특별자치도 남원시 대강면 송대리 14-19,,,,정상가동,99,380,60,2019,,,,,2025-11-03
대강9태양광발전소,,전북특별자치도 남원시 대강면 송대리 14-21,,,,정상가동,99,380,60,2019,,,,,2025-11-03
대강10태양광발전소,,전북특별자치도 남원시 대강면 송대리 14-13,,,,정상가동,99,380,60,2019,,,,,2025-11-03
대강11태양광발전소,,전북특별자치도 남원시 대강면 송대리 14-12,,,,정상가동,99,380,60,2019,,,,,2025-11-03
혁신태양광발전소,,전북특별자치도 남원시 대강면 송대리 14-14,,,,정상가동,99,380,60,2019,,,,,2025-11-03
대강12태양광발전소,,전북특별자치도 남원시 대강면 송대리 14-10,,,,정상가동,99,380,60,2019,,,,,2025-11-03
대강13태양광발전소,,전북특별자치도 남원시 대강면 송대리 14-11,,,,정상가동,99,380,60,2019,,,,,2025-11-03
대강14태양광발전소,,전북특별자치도 남원시 대강면 송대리 14-1,,,,정상가동,99,380,60,2019,,,,,2025-11-03
수정태양광발전소,,전북특별자치도 남원시 사매면 오신리 산2-1,,,,정상가동,99.2,380,60,2019,,,,,2025-11-03
경희태양광발전소,,전북특별자치도 남원시 사매면 오신리 산2-2,,,,정상가동,99.2,380,60,2019,,,,,2025-11-03
성화태양광발전소,,전북특별자치도 남원시 사매면 오신리 산2-3,,,,정상가동,99.2,380,60,2019,,,,,2025-11-03
변순옥2호태양광발전소,,전북특별자치도 남원시 사매면 오신리 산2-4,,,,정상가동,99.2,380,60,2019,,,,,2025-11-03
광천태양광발전소,,전북특별자치도 남원시 사매면 오신리 산2-5,,,,정상가동,99.2,380,60,2019,,,,,2025-11-03
우림태양광발전소,,전북특별자치도 남원시 사매면 오신리 산2-6,,,,정상가동,99.2,380,60,2019,,,,,2025-11-03
한빛솔라,,전북특별자치도 남원시 대강면 월탄리 1,,,,정상가동,999,22900,60,2018,,,,,2025-11-03
참쌀태양광발전소,,전북특별자치도 남원시 대강면 월탄리 13-1,,,,정상가동,499.5,380,60,2022,,,,,2025-11-03
대곡2호태양광발전소,,전북특별자치도 남원시 대산면 신계리 산43-4,,,,정상가동,217.6,380,60,2018,,,,,2025-11-03
대곡3호태양광발전소,,전북특별자치도 남원시 대산면 신계리 산43-4,,,,정상가동,217.6,380,60,2018,,,,,2025-11-03
대곡1호태양광발전소,,전북특별자치도 남원시 대산면 신계리 산43-4,,,,정상가동,340,380,60,2018,,,,,2025-11-03
삼양1호태양광발전소,,전북특별자치도 남원시 대산면 신계리 산43-4,,,,정상가동,996.3,22900,60,2018,,,,,2025-11-03
태평2호태양광발전소,,전북특별자치도 남원시 광치동 산147,,,,정상가동,600,22900,60,2018,,,,,2025-11-03
양촌태양광발전소,,전북특별자치도 남원시 대강면 송대리 14-8,,,,정상가동,99,380,60,2019,,,,,2025-11-03
대영4태양광발전소,,전북특별자치도 남원시 산동면 목동리 산32-8,,,,정상가동,99.2,380,60,2017,,,,,2025-11-03
한마음태양광발전소,전북특별자치도 남원시 인월면 자래길 46,,,,,정상가동,99.2,380,60,2018,,,,,2025-11-03
대한1호태양광발전소,,전북특별자치도 남원시 사매면 월평리 292 외 4필지,,,,정상가동,99,380,60,2019,,,,,2025-11-03
대한2호태양광발전소,,전북특별자치도 남원시 사매면 월평리 292 외 4필지,,,,정상가동,99,380,60,2019,,,,,2025-11-03
금안농원영농조합법인태양광발전소(1호),,전북특별자치도 남원시 금지면 택내리 480-1,,,,정상가동,630,22900,60,2018,,,,,2025-11-03
금안농원영농조합법인태양광발전소(2호),,전북특별자치도 남원시 금지면 택내리 520,,,,정상가동,365,380,60,2018,,,,,2025-11-03
우리에너지11호,,전북특별자치도 남원시 광치동 3-6,,,,정상가동,1494,22900,60,2020,,,,,2025-11-03
광희태양광발전소,,전북특별자치도 남원시 산동면 목동리 산90,,,,정상가동,99,380,60,2018,,,,,2025-11-03
보라태양광발전소,,전북특별자치도 남원시 대산면 신계리 911-6,,,,정상가동,99.96,380,60,2018,,,,,2025-11-03
보람태양광발전소,,전북특별자치도 남원시 대산면 신계리 911-6,,,,정상가동,99.96,380,60,2018,,,,,2025-11-03
살림원발전소,,전북특별자치도 남원시 아영면 인풍리 381,,,,정상가동,99.2,380,60,2017,,,,,2025-11-03
대한3호태양광발전소,,전북특별자치도 남원시 사매면 월평리 291,,,,정상가동,297,380,60,2019,,,,,2025-11-03
안계태양광발전소,,전북특별자치도 남원시 송동면 흑송리 19-1,,,,정상가동,40,380,60,2017,,,,,2025-11-03
사촌에너지1호태양광발전소,,전북특별자치도 남원시 보절면 사촌리 30-3,,,,정상가동,990,22900,60,2020,,,,,2025-11-03
최락원태양광발전소,전북특별자치도 남원시 대강면 섬진로 764-8,,,,,정상가동,499.8,380,60,2017,,,,,2025-11-03
수덕3호태양광발전소,,전북특별자치도 남원시 대산면 수덕리 509-22,,,,정상가동,99,380,60,2019,,,,,2025-11-03
달림태양광발전소,,전북특별자치도 남원시 인월면 취암리 183,,,,정상가동,130,380,60,2017,,,,,2025-11-03
오봉산태양광발전소,,전북특별자치도 남원시 인월면 건지리 2-1,,,,정상가동,191.52,380,60,2018,,,,,2025-11-03
신덕23태양광발전소,,전북특별자치도 남원시 대강면 신덕리 809-5,,,,정상가동,99,380,60,2018,,,,,2025-11-03
남원23태양광발전소,,전북특별자치도 남원시 대강면 신덕리 809-3,,,,정상가동,99,380,60,2018,,,,,2025-11-03
황금1호태양광발전소,전북특별자치도 남원시 대산면 대사로 676,,,,,정상가동,98.26,380,60,2017,,,,,2025-11-03
현태양광발전소,전북특별자치도 남원시 솔터길 4,,,,,정상가동,75,380,60,2017,,,,,2025-11-03
서울태양광발전소,,전북특별자치도 남원시 주천면 송치리 산237-9,,,,정상가동,900,22900,60,2018,,,,,2025-11-03
황금3호태양광발전소,,전북특별자치도 남원시 사매면 계수리 677-11,,,,정상가동,95.76,380,60,2017,,,,,2025-11-03
와이비1호태양광발전소,,전북특별자치도 남원시 대강면 사석리 1776,,,,정상가동,815.22,22900,60,2020,,,,,2025-11-03
에이스태양광발전소,,전북특별자치도 남원시 주천면 배덕리 산10,,,,정상가동,99,380,60,2018,,,,,2025-11-03
백오태양광발전소,,전북특별자치도 남원시 주천면 배덕리 산10,,,,정상가동,99,380,60,2018,,,,,2025-11-03
HM태양광발전소,,전북특별자치도 남원시 주천면 배덕리 산10,,,,정상가동,99,380,60,2018,,,,,2025-11-03
수니에너지태양광,,전북특별자치도 남원시 주천면 배덕리 산10,,,,정상가동,99,380,60,2018,,,,,2025-11-03
광치동9호태양광발전소,,전북특별자치도 남원시 광치동 190-71,,,,정상가동,50,380,60,2017,,,,,2025-11-03
우드태양광발전소,,전북특별자치도 남원시 광치동 260-2,,,,정상가동,74.37,380,60,2017,,,,,2025-11-03
판호태양광발전소,,전북특별자치도 남원시 운봉읍 행정리 450-11,,,,정상가동,98.28,380,60,2018,,,,,2025-11-03
대산2태양광발전소,,전북특별자치도 남원시 운봉읍 행정리 450-12,,,,정상가동,98.28,380,60,2018,,,,,2025-11-03
봉라태양광발전소,,전북특별자치도 남원시 운봉읍 행정리 450-3,,,,정상가동,199.08,380,60,2018,,,,,2025-11-03
금성솔라,,전북특별자치도 남원시 보절면 사촌리 31-1,,,,정상가동,997.92,22900,60,2022,,,,,2025-11-03
사촌계다리폭포솔라,,전북특별자치도 남원시 보절면 사촌리 산18,,,,정상가동,997.92,22900,60,2021,,,,,2025-11-03
해와달솔라,,전북특별자치도 남원시 보절면 사촌리 산18-2,,,,정상가동,997.92,22900,60,2021,,,,,2025-11-03
은하수솔라,,전북특별자치도 남원시 보절면 사촌리 산18-3,,,,정상가동,997.92,22900,60,2019,,,,,2025-11-03
화성솔라,,전북특별자치도 남원시 보절면 사촌리 산18-4,,,,정상가동,997.92,22900,60,2019,,,,,2025-11-03
지예태양광발전소,,전북특별자치도 남원시 운봉읍 행정리 450-4,,,,정상가동,199.08,380,60,2018,,,,,2025-11-03
드래곤1태양광발전소,,전북특별자치도 남원시 운봉읍 행정리 450-13,,,,정상가동,98.28,380,60,2018,,,,,2025-11-03
리진1호태양광발전소,,전북특별자치도 남원시 운봉읍 행정리 450-5,,,,정상가동,199.08,380,60,2018,,,,,2025-11-03
소사태양에너지태양광발전소,,전북특별자치도 남원시 주천면 배덕리 산82-2,,,,정상가동,998.4,22900,60,2018,,,,,2025-11-03
목동태양광발전소,,전북특별자치도 남원시 산동면 목동리 산41-3,,,,정상가동,498.96,380,60,2018,,,,,2025-11-03
주안태양광발전소,전북특별자치도 남원시 운봉읍 고남로 708-14,,,,,정상가동,297.6,380,60,2020,,,,,2025-11-03
보리당태양광발전소,,전북특별자치도 남원시 운봉읍 산덕리 256,,,,정상가동,998.4,22900,60,2020,,,,,2025-11-03
환희태양광발전소,,전북특별자치도 남원시 보절면 도룡리 780,,,,정상가동,396.8,380,60,2019,,,,,2025-11-03
국환태양광발전소,전북특별자치도 남원시 산업로 3733-67,,,,,정상가동,30.69,380,60,2018,,,,,2025-11-03
호경태양광발전소,,전북특별자치도 남원시 주천면 호경리 399,,,,정상가동,99.49,220,60,2017,,,,,2025-11-03
사회적협동조합남원지역자활센터태양광발전소,,전북특별자치도 남원시 송동면 연산리 208-1,,,,정상가동,43.52,220,60,2017,,,,,2025-11-03
운산태양광발전소,,전북특별자치도 남원시 운봉읍 산덕리 1261-5,,,,정상가동,297.6,380,60,2018,,,,,2025-11-03
믿음태양광발전소,,전북특별자치도 남원시 보절면 진기리 1090-10,,,,정상가동,498.96,380,60,2019,,,,,2025-11-03
인성태양광발전소,,전북특별자치도 남원시 주생면 중동리 1218,,,,정상가동,300,380,60,2018,,,,,2025-11-03
중동태양광발전소,,전북특별자치도 남원시 주생면 중동리 1220,,,,정상가동,149.4,380,60,2018,,,,,2025-11-03
반석태양광발전소,,전북특별자치도 남원시 보절면 신파리 1008,,,,정상가동,498.96,380,60,2019,,,,,2025-11-03
현덕1태양광발전소,,전북특별자치도 남원시 송동면 송상리 15-5,,,,정상가동,99.2,380,60,2018,,,,,2025-11-03
송음태양광발전소,,전북특별자치도 남원시 송동면 송상리 산31-8,,,,정상가동,99.2,380,60,2018,,,,,2025-11-03
송음2태양광발전소,,전북특별자치도 남원시 송동면 송상리 산31-9,,,,정상가동,99.2,380,60,2018,,,,,2025-11-03
호승1태양광발전소,,전북특별자치도 남원시 송동면 송상리 산31-14,,,,정상가동,99.2,380,60,2018,,,,,2025-11-03
도명태양광발전소,,전북특별자치도 남원시 송동면 송상리 산31-15,,,,정상가동,99.2,380,60,2018,,,,,2025-11-03
도명2태양광발전소,,전북특별자치도 남원시 송동면 송상리 산31-16,,,,정상가동,99.2,380,60,2018,,,,,2025-11-03
영생태양광발전소,,전북특별자치도 남원시 송동면 송상리 산31-17,,,,정상가동,99.2,380,60,2018,,,,,2025-11-03
대일태양광발전소,,전북특별자치도 남원시 송동면 송상리 산31-18,,,,정상가동,99.2,380,60,2018,,,,,2025-11-03
한성태양광발전소,,전북특별자치도 남원시 송동면 송상리 15-4,,,,정상가동,99.2,380,60,2018,,,,,2025-11-03
한성2태양광발전소,,전북특별자치도 남원시 송동면 송상리 산31-20,,,,정상가동,99.2,380,60,2018,,,,,2025-11-03
한우리태양광발전소,,전북특별자치도 남원시 산동면 목동리 608-10,,,,정상가동,498.96,380,60,2018,,,,,2025-11-03
행복1호태양광발전소,,전북특별자치도 남원시 보절면 도룡리 495-23,,,,정상가동,247,380,60,2021,,,,,2025-11-03
행복2호태양광발전소,,전북특별자치도 남원시 보절면 도룡리 494-1,,,,정상가동,247,380,60,2021,,,,,2025-11-03
인동인태양광발전소,,전북특별자치도 남원시 대산면 옥율리 766-115,,,,정상가동,201.28,380,60,2018,,,,,2025-11-03
도담태양광발전소,,전북특별자치도 남원시 대산면 수덕리 1412,,,,정상가동,499.2,380,60,2019,,,,,2025-11-03
(유)메가남원이엔지,,전북특별자치도 남원시 운봉읍 행정리 450-21,,,,정상가동,697.5,22900,60,2018,,,,,2025-11-03
신흥태양광발전소,,전북특별자치도 남원시 보절면 진기리 1094-5,,,,정상가동,99,380,60,2019,,,,,2025-11-03
성수태양광발전소,,전북특별자치도 남원시 이백면 서곡리 산98-1,,,,정상가동,396.8,380,60,2019,,,,,2025-11-03
인제태양광발전소,,전북특별자치도 남원시 아영면 인풍리 산43,,,,정상가동,667.44,22900,60,2020,,,,,2025-11-03
가송1호태양광발전소,,전북특별자치도 남원시 주천면 송치리 산4,,,,정상가동,99,380,60,2018,,,,,2025-11-03
가송3호태양광발전소,,전북특별자치도 남원시 주천면 송치리 산4,,,,정상가동,99,380,60,2018,,,,,2025-11-03
사매햇빛1호태양광발전소,,전북특별자치도 남원시 사매면 오신리 127,,,,정상가동,99.96,380,60,2019,,,,,2025-11-03
서문빌딩태양광발전소,전북특별자치도 남원시 용성로 8,,,,,정상가동,44.55,380,60,2017,,,,,2025-11-03
상준태양발전소,,전북특별자치도 남원시 신촌동 89-1,,,,정상가동,99,380,60,2018,,,,,2025-11-03
연에너지2태양광발전소,,전북특별자치도 남원시 송동면 송상리 15-8,,,,정상가동,297,380,60,2020,,,,,2025-11-03
태경태양광발전소,,전북특별자치도 남원시 송동면 송상리 산31-21,,,,정상가동,297.6,380,60,2018,,,,,2025-11-03
주생태양광발전소,,전북특별자치도 남원시 주생면 내동리 479-2,,,,정상가동,495,380,60,2018,,,,,2025-11-03
현대발전소,전북특별자치도 남원시 함파우길 2,,,,,정상가동,93.5,380,60,2018,,,,,2025-11-03
승연태양광발전소,,전북특별자치도 남원시 운봉읍 행정리 450-18,,,,정상가동,99.2,380,60,2019,,,,,2025-11-03
운봉솔라,,전북특별자치도 남원시 운봉읍 행정리 450-16,,,,정상가동,99.2,380,60,2019,,,,,2025-11-03
정희솔라,,전북특별자치도 남원시 운봉읍 행정리 450-16,,,,정상가동,99.2,380,60,2019,,,,,2025-11-03
칠성태양광발전소,,전북특별자치도 남원시 대강면 사석리 1548-13,,,,정상가동,99,380,60,2021,,,,,2025-11-03
규성태양광발전소,,전북특별자치도 남원시 대강면 사석리 1548-13,,,,정상가동,99,380,60,2021,,,,,2025-11-03
영수태양광발전소,,전북특별자치도 남원시 대강면 사석리 1548-13,,,,정상가동,99,380,60,2021,,,,,2025-11-03
용주태양광발전소,,전북특별자치도 남원시 대강면 사석리 1548-13,,,,정상가동,99,380,60,2021,,,,,2025-11-03
성주태양광발전소,,전북특별자치도 남원시 대강면 사석리 1548-13,,,,정상가동,99,380,60,2021,,,,,2025-11-03
보승에너지,,전북특별자치도 남원시 주천면 주천리 44,,,,정상가동,99,380,60,2021,,,,,2025-11-03
사매햇빛2호태양광발전소,,전북특별자치도 남원시 사매면 오신리 127-3,,,,정상가동,99.96,380,60,2019,,,,,2025-11-03
유천태양광발전소,,전북특별자치도 남원시 송동면 송상리 15-19,,,,정상가동,99.2,380,60,2020,,,,,2025-11-03
미소태양광발전소,,전북특별자치도 남원시 송동면 송상리 15-20,,,,정상가동,99.2,380,60,2020,,,,,2025-11-03
진덕태양광발전소,,전북특별자치도 남원시 금지면 옹정리 1008-14,,,,정상가동,99,380,60,2020,,,,,2025-11-03
SOO태양광발전소,,전북특별자치도 남원시 금지면 옹정리 1008-15,,,,정상가동,99,380,60,2020,,,,,2025-11-03
그랜드썬태양광발전소,,전북특별자치도 남원시 금지면 옹정리 1008-1,,,,정상가동,99,380,60,2020,,,,,2025-11-03
파워쏠라태양광발전소,,전북특별자치도 남원시 금지면 옹정리 1008-17,,,,정상가동,99,380,60,2020,,,,,2025-11-03
수태양광발전소,,전북특별자치도 남원시 금지면 옹정리 1008-16,,,,정상가동,99,380,60,2020,,,,,2025-11-03
남원계수리1호태양광발전소,,전북특별자치도 남원시 사매면 계수리 7-1,,,,정상가동,499,22900,60,2019,,,,,2025-11-03
제틴태양광발전소,,전북특별자치도 남원시 사매면 계수리 7-2,,,,정상가동,499,22900,60,2019,,,,,2025-11-03
공설태양광발전소,,전북특별자치도 남원시 사매면 계수리 610-1,,,,정상가동,499,380,60,2021,,,,,2025-11-03
정인태양광발전소,전북특별자치도 남원시 금지면 건너쪽길 19-43,,,,,정상가동,197.6,380,60,2017,,,,,2025-11-03
남평태양광발전소,,전북특별자치도 남원시 이백면 남계리 산22-2,,,,정상가동,495,380,60,2018,,,,,2025-11-03
희망태양광발전소1호,,전북특별자치도 남원시 식정동 426-4,,,,정상가동,998.4,22900,60,2019,,,,,2025-11-03
희망태양광발전소2호,,전북특별자치도 남원시 식정동 426-3,,,,정상가동,998.4,22900,60,2019,,,,,2025-11-03
두리태양광발전소,,전북특별자치도 남원시 송동면 장국리 산77,,,,정상가동,998.4,22900,60,2020,,,,,2025-11-03
형제태양광발전소,,전북특별자치도 남원시 운봉읍 산덕리 1261-13,,,,정상가동,496,380,60,2019,,,,,2025-11-03
내척태양광발전소,,전북특별자치도 남원시 내척동 118-9,,,,정상가동,99.45,380,60,2019,,,,,2025-11-03
내척1호태양광발전소,,전북특별자치도 남원시 내척동 118-8,,,,정상가동,99.45,380,60,2019,,,,,2025-11-03
내척2호태양광발전소,,전북특별자치도 남원시 내척동 118-6,,,,정상가동,99.45,380,60,2019,,,,,2025-11-03
내척3호태양광발전소,,전북특별자치도 남원시 내척동 118-7,,,,정상가동,99.45,380,60,2019,,,,,2025-11-03
남원계수리2호태양광발전소,,전북특별자치도 남원시 사매면 계수리 7-3,,,,정상가동,99,380,60,2019,,,,,2025-11-03
mh태양광발전소,,전북특별자치도 남원시 사매면 계수리 7-4,,,,정상가동,99,380,60,2019,,,,,2025-11-03
대광송동1태양광발전소,,전북특별자치도 남원시 송동면 송상리 산32-3,,,,정상가동,99.2,380,60,2021,,,,,2025-11-03
대광송동2태양광발전소,,전북특별자치도 남원시 송동면 송상리 산32-4,,,,정상가동,99.2,380,60,2021,,,,,2025-11-03
대광송동7태양광발전소,,전북특별자치도 남원시 송동면 송상리 산32-5,,,,정상가동,99.2,380,60,2021,,,,,2025-11-03
주영태양광발전소,,전북특별자치도 남원시 송동면 송상리 산32-6,,,,정상가동,99.2,380,60,2021,,,,,2025-11-03
JJ태양광발전소,,전북특별자치도 남원시 송동면 송상리 산32-7,,,,정상가동,99.2,380,60,2021,,,,,2025-11-03
대광송동3태양광발전소,,전북특별자치도 남원시 송동면 송상리 산32-8,,,,정상가동,99.2,380,60,2021,,,,,2025-11-03
대광송동4태양광발전소,,전북특별자치도 남원시 송동면 송상리 산32-17,,,,정상가동,99.2,380,60,2021,,,,,2025-11-03
대광송동5태양광발전소,,전북특별자치도 남원시 송동면 송상리 산32-18,,,,정상가동,99.2,380,60,2021,,,,,2025-11-03
구상태양광발전소,,전북특별자치도 남원시 송동면 송상리 산32-11,,,,정상가동,99.2,380,60,2021,,,,,2025-11-03
구상2태양광발전소,,전북특별자치도 남원시 송동면 송상리 산32-12,,,,정상가동,99.2,380,60,2021,,,,,2025-11-03
대광송동6태양광발전소,,전북특별자치도 남원시 송동면 송상리 산32-9,,,,정상가동,297.6,380,60,2021,,,,,2025-11-03
유한회사사족계태양광발전소,,전북특별자치도 남원시 인월면 상우리 산24-9,,,,정상가동,99.19,380,60,2023,,,,,2025-11-03
창남태양광발전소,,전북특별자치도 남원시 산동면 부절리 2394-8,,,,정상가동,304.56,380,60,2018,,,,,2025-11-03
상연태양광발전소,,전북특별자치도 남원시 산동면 식련리 520-11,,,,정상가동,388.8,380,60,2018,,,,,2025-11-03
신계1호태양광발전소,,전북특별자치도 남원시 대산면 신계리 389-1,,,,정상가동,99.36,380,60,2019,,,,,2025-11-03
신계2호태양광발전소,,전북특별자치도 남원시 대산면 신계리 산38,,,,정상가동,99.36,380,60,2019,,,,,2025-11-03
신계3호태양광발전소,,전북특별자치도 남원시 대산면 신계리 산38,,,,정상가동,99.36,380,60,2019,,,,,2025-11-03
신계5호태양광발전소,,전북특별자치도 남원시 대산면 신계리 산38,,,,정상가동,99.36,380,60,2019,,,,,2025-11-03
현대태양광발전소,,전북특별자치도 남원시 인월면 상우리 653,,,,정상가동,99.75,380,60,2020,,,,,2025-11-03
유진에너지4호태양광발전소,,전북특별자치도 남원시 인월면 상우리 654-8,,,,정상가동,99.75,380,60,2023,,,,,2025-11-03
신지태양광발전소,,전북특별자치도 남원시 인월면 상우리 654-3,,,,정상가동,99.75,380,60,2020,,,,,2025-11-03
초롱태양광발전소,,전북특별자치도 남원시 인월면 상우리 산24-7,,,,정상가동,99.75,380,60,2023,,,,,2025-11-03
골드태양광발전소,,전북특별자치도 남원시 인월면 상우리 산24-16,,,,정상가동,99.75,380,60,2023,,,,,2025-11-03
자연태양광발전소,,전북특별자치도 남원시 인월면 상우리 산24-8,,,,정상가동,99.75,380,60,2023,,,,,2025-11-03
송이태양광발전소,,전북특별자치도 남원시 인월면 상우리 654-10,,,,정상가동,99.75,380,60,2023,,,,,2025-11-03
자운2호태양광발전소,,전북특별자치도 남원시 인월면 상우리 산24-14,,,,정상가동,99.75,380,60,2023,,,,,2025-11-03
효태양광발전소1호,,전북특별자치도 남원시 어현동 470-19,,,,정상가동,98.8,380,60,2018,,,,,2025-11-03
효태양광발전소2호,,전북특별자치도 남원시 어현동 470-9,,,,정상가동,49.4,380,60,2018,,,,,2025-11-03
신계4호태양광발전소,,전북특별자치도 남원시 대산면 신계리 산38,,,,정상가동,99.36,380,60,2019,,,,,2025-11-03
서남태양광발전소,,전북특별자치도 남원시 대산면 신계리 산113-16,,,,정상가동,99,380,60,2019,,,,,2025-11-03
관광태양광발전소2,,전북특별자치도 남원시 대산면 신계리 산113-20,,,,정상가동,99,380,60,2019,,,,,2025-11-03
오성태양광발전소,,전북특별자치도 남원시 대산면 신계리 산113-18,,,,정상가동,99,380,60,2019,,,,,2025-11-03
대산그린태양광발전소,,전북특별자치도 남원시 대산면 신계리 산113-17,,,,정상가동,99,380,60,2019,,,,,2025-11-03
DS태양광발전소,,전북특별자치도 남원시 대산면 신계리 465-16,,,,정상가동,99,380,60,2019,,,,,2025-11-03
미지태양광발전소,,전북특별자치도 남원시 대산면 신계리 465-21,,,,정상가동,99,380,60,2019,,,,,2025-11-03
화경태양광발전소,,전북특별자치도 남원시 대산면 신계리 산113-29,,,,정상가동,99,380,60,2019,,,,,2025-11-03
사동태양광발전소,,전북특별자치도 남원시 대산면 신계리 산113-26,,,,정상가동,99,380,60,2019,,,,,2025-11-03
기성태양광발전소,,전북특별자치도 남원시 대산면 신계리 산113-15,,,,정상가동,99,380,60,2019,,,,,2025-11-03
현대농원태양광발전소,,전북특별자치도 남원시 대산면 신계리 산113-14,,,,정상가동,99,380,60,2019,,,,,2025-11-03
병수태양광발전소,,전북특별자치도 남원시 대산면 신계리 산113-12,,,,정상가동,99,380,60,2019,,,,,2025-11-03
대원태양광발전소,,전북특별자치도 남원시 대산면 신계리 산113-10,,,,정상가동,99,380,60,2019,,,,,2025-11-03
남해태양광발전소,,전북특별자치도 남원시 대산면 신계리 465-15,,,,정상가동,99,380,60,2019,,,,,2025-11-03
푸른에코태양광발전소,,전북특별자치도 남원시 대산면 신계리 산113-22,,,,정상가동,99,380,60,2019,,,,,2025-11-03
관광태양광발전소1,,전북특별자치도 남원시 대산면 신계리 산113-21,,,,정상가동,99,380,60,2019,,,,,2025-11-03
심평태양광발전소,,전북특별자치도 남원시 대산면 신계리 산113-25,,,,정상가동,99,380,60,2019,,,,,2025-11-03
갈치1태양광발전소,,전북특별자치도 남원시 갈치동 121-1,,,,정상가동,99,380,60,2019,,,,,2025-11-03
갈치3태양광발전소,,전북특별자치도 남원시 갈치동 121-16,,,,정상가동,99,380,60,2019,,,,,2025-11-03
갈치4태양광발전소,,전북특별자치도 남원시 갈치동 121-17,,,,정상가동,99,380,60,2019,,,,,2025-11-03
갈치6태양광발전소,,전북특별자치도 남원시 갈치동 121-14,,,,정상가동,99,380,60,2019,,,,,2025-11-03
갈치7태양광발전소,,전북특별자치도 남원시 갈치동 121-15,,,,정상가동,99,380,60,2019,,,,,2025-11-03
갈치8태양광발전소,,전북특별자치도 남원시 갈치동 121-12,,,,정상가동,99,380,60,2019,,,,,2025-11-03
갈치9태양광발전소,,전북특별자치도 남원시 갈치동 121-10,,,,정상가동,99,380,60,2019,,,,,2025-11-03
갈치10태양광발전소,,전북특별자치도 남원시 갈치동 121-5,,,,정상가동,99,380,60,2019,,,,,2025-11-03
식정마을번영회태양광발전소,,전북특별자치도 남원시 갈치동 121-4,,,,정상가동,99,380,60,2019,,,,,2025-11-03
갈치12태양광발전소,,전북특별자치도 남원시 갈치동 121-6,,,,정상가동,99,380,60,2019,,,,,2025-11-03
갈치15태양광발전소,,전북특별자치도 남원시 갈치동 121-7,,,,정상가동,99,380,60,2019,,,,,2025-11-03
갈치16태양광발전소,,전북특별자치도 남원시 갈치동 121-8,,,,정상가동,99,380,60,2019,,,,,2025-11-03
갈치17태양광발전소,,전북특별자치도 남원시 갈치동 121-9,,,,정상가동,99,380,60,2019,,,,,2025-11-03
갈치19태양광발전소,,전북특별자치도 남원시 갈치동 121-13,,,,정상가동,99,380,60,2019,,,,,2025-11-03
갈치5태양광발전소,,전북특별자치도 남원시 갈치동 121-11,,,,정상가동,99,380,60,2019,,,,,2025-11-03
효기2태양광발전소,,전북특별자치도 남원시 이백면 효기리 504-3,,,,정상가동,99.2,380,60,2018,,,,,2025-11-03
유천2태양광발전소,,전북특별자치도 남원시 이백면 효기리 504-4,,,,정상가동,99.2,380,60,2018,,,,,2025-11-03
효기태양광발전소,,전북특별자치도 남원시 이백면 효기리 504-5,,,,정상가동,99.2,380,60,2018,,,,,2025-11-03
가온태양광발전소,,전북특별자치도 남원시 이백면 효기리 504-8,,,,정상가동,99.2,380,60,2018,,,,,2025-11-03
이백태양광발전소,,전북특별자치도 남원시 이백면 효기리 504-9,,,,정상가동,99.2,380,60,2018,,,,,2025-11-03
남원태양광발전소,,전북특별자치도 남원시 이백면 효기리 504-10,,,,정상가동,99.2,380,60,2018,,,,,2025-11-03
헐크태양광발전소,,전북특별자치도 남원시 이백면 효기리 504-11,,,,정상가동,99.2,380,60,2018,,,,,2025-11-03
우드2호태양광발전소,,전북특별자치도 남원시 덕과면 사율리 산54-7,,,,정상가동,299.49,380,60,2020,,,,,2025-11-03
에벤에셀태양광발전소,,전북특별자치도 남원시 덕과면 신양리 999-8,,,,정상가동,499.73,380,60,2021,,,,,2025-11-03
운교3호태양광발전소,,전북특별자치도 남원시 대산면 운교리 28,,,,정상가동,99,380,60,2019,,,,,2025-11-03
개암2태양광발전소,,전북특별자치도 남원시 이백면 남계리 178-55,,,,정상가동,99,380,60,2021,,,,,2025-11-03
남계2호태양광발전소,,전북특별자치도 남원시 이백면 남계리 178-65,,,,정상가동,99,380,60,2021,,,,,2025-11-03
하하후태양광발전소,,전북특별자치도 남원시 이백면 남계리 178-61,,,,정상가동,99,380,60,2021,,,,,2025-11-03
영민태양광발전소,,전북특별자치도 남원시 이백면 남계리 178-71,,,,정상가동,99,380,60,2021,,,,,2025-11-03
시냅스2태양광발전소,,전북특별자치도 남원시 이백면 남계리 178-2,,,,정상가동,99,380,60,2021,,,,,2025-11-03
현민태양광발전소,,전북특별자치도 남원시 이백면 남계리 178-15,,,,정상가동,99,380,60,2021,,,,,2025-11-03
아침햇살태양광발전소,,전북특별자치도 남원시 이백면 남계리 178-66,,,,정상가동,99,380,60,2021,,,,,2025-11-03
더푸름3호태양광발전소,,전북특별자치도 남원시 이백면 남계리 178-64,,,,정상가동,99,380,60,2021,,,,,2025-11-03
남계35호태양광발전소,,전북특별자치도 남원시 이백면 남계리 178-40,,,,정상가동,99,380,60,2021,,,,,2025-11-03
평강태양광발전소,,전북특별자치도 남원시 이백면 남계리 178-17,,,,정상가동,99,380,60,2021,,,,,2025-11-03
예신태양광발전소,,전북특별자치도 남원시 이백면 남계리 178-26,,,,정상가동,99,380,60,2021,,,,,2025-11-03
김복임태양광발전소,,전북특별자치도 남원시 이백면 남계리 178-4,,,,정상가동,99,380,60,2021,,,,,2025-11-03
쏠라파워남원1태양광발전소,,전북특별자치도 남원시 이백면 남계리 178-50,,,,정상가동,99,380,60,2021,,,,,2025-11-03
윤서이태양광발전소,,전북특별자치도 남원시 사매면 대신리 609-20,,,,정상가동,99,380,60,2021,,,,,2025-11-03
지곡태양광발전소,,전북특별자치도 남원시 사매면 대신리 609-2,,,,정상가동,99,380,60,2024,,,,,2025-11-03
청년태양광발전소,,전북특별자치도 남원시 사매면 대신리 609-25,,,,정상가동,99,380,60,2021,,,,,2025-11-03
진흥태양광발전소,,전북특별자치도 남원시 사매면 대신리 609-26,,,,정상가동,99,380,60,2021,,,,,2025-11-03
가나1호태양광발전소,,전북특별자치도 남원시 사매면 대신리 609-24,,,,정상가동,99,380,60,2021,,,,,2025-11-03
노상버디태양광발전소,,전북특별자치도 남원시 사매면 대신리 609-22,,,,정상가동,99,380,60,2021,,,,,2025-11-03
주찬태양광발전소,,전북특별자치도 남원시 사매면 대신리 609-23,,,,정상가동,99,380,60,2021,,,,,2025-11-03
일원태양광발전소,,전북특별자치도 남원시 사매면 대신리 609-27,,,,정상가동,99,380,60,2021,,,,,2025-11-03
지혁태양광발전소,,전북특별자치도 남원시 사매면 대신리 609-6,,,,정상가동,99,380,60,2021,,,,,2025-11-03
청광2태양광발전소,,전북특별자치도 남원시 사매면 대신리 609-8,,,,정상가동,99,380,60,2021,,,,,2025-11-03
은하수태양광발전소,,전북특별자치도 남원시 사매면 대신리 609-10,,,,정상가동,99,380,60,2021,,,,,2025-11-03
수아태양광발전소,,전북특별자치도 남원시 사매면 대신리 609-20,,,,정상가동,99,380,60,2021,,,,,2025-11-03
진양태양광발전소,,전북특별자치도 남원시 사매면 대신리 609-25,,,,정상가동,99,380,60,2021,,,,,2025-11-03
경원2태양광발전소,,전북특별자치도 남원시 사매면 대신리 609-26,,,,정상가동,99,380,60,2021,,,,,2025-11-03
보환태양광발전소,,전북특별자치도 남원시 사매면 대신리 609-24,,,,정상가동,99,380,60,2021,,,,,2025-11-03
모니카태양광발전소,,전북특별자치도 남원시 사매면 대신리 609-22,,,,정상가동,99,380,60,2021,,,,,2025-11-03
서니태양광발전소,,전북특별자치도 남원시 덕과면 사율리 산54-6,,,,정상가동,299.49,380,60,2020,,,,,2025-11-03
태건태양광발전소,,전북특별자치도 남원시 덕과면 사율리 산54-5,,,,정상가동,299.49,380,60,2020,,,,,2025-11-03
상록태양광발전소,,전북특별자치도 남원시 덕과면 사율리 산54-2,,,,정상가동,299.49,380,60,2020,,,,,2025-11-03
성영태양광발전소,,전북특별자치도 남원시 송동면 신평리 2090-2,,,,정상가동,99.16,380,60,2019,,,,,2025-11-03
수애태양광발전소,,전북특별자치도 남원시 사매면 대신리 609-21,,,,정상가동,99,380,60,2021,,,,,2025-11-03
황금2호태양광발전소,전북특별자치도 남원시 대산면 대사로 676,,,,,정상가동,173.16,380,60,2019,,,,,2025-11-03
용정1태양광발전소,,전북특별자치도 남원시 용정동 산135,,,,정상가동,99,380,60,2020,,,,,2025-11-03
용정2태양광발전소,,전북특별자치도 남원시 용정동 산135,,,,정상가동,99,380,60,2020,,,,,2025-11-03
송구태양광발전소,전북특별자치도 남원시 주천면 하송2길 13-2,,,,,정상가동,9,220,60,2018,,,,,2025-11-03
태자연1호태양광발전소,,전북특별자치도 남원시 대강면 옥택리 산67,,,,정상가동,992.25,22900,60,2021,,,,,2025-11-03
솔라온태양광발전소,,전북특별자치도 남원시 주생면 낙동리 산98-7,,,,정상가동,995.52,22900,60,2021,,,,,2025-11-03
솔리스태양광발전소,,전북특별자치도 남원시 주생면 낙동리 산97-15,,,,정상가동,995.52,22900,60,2021,,,,,2025-11-03
생암1태양광발전소,,전북특별자치도 남원시 대강면 생암리 220-4,,,,정상가동,998.3,22900,60,2022,,,,,2025-11-03
생암2태양광발전소,,전북특별자치도 남원시 대강면 생암리 220-6-,,,,정상가동,998.3,22900,60,2022,,,,,2025-11-03
생암3태양광발전소,,전북특별자치도 남원시 대강면 생암리 220-19,,,,정상가동,246.56,380,60,2022,,,,,2025-11-03
신계1호태양광발전소,,전북특별자치도 남원시 대산면 신계리 산105-12,,,,정상가동,98.8,380,60,2020,,,,,2025-11-03
신계2호태양광발전소,,전북특별자치도 남원시 대산면 신계리 산105-12,,,,정상가동,98.8,380,60,2020,,,,,2025-11-03
신계3호태양광발전소,,전북특별자치도 남원시 대산면 신계리 산105-12,,,,정상가동,98.8,380,60,2020,,,,,2025-11-03
신계4호태양광발전소,,전북특별자치도 남원시 대산면 신계리 산105-12,,,,정상가동,98.8,380,60,2020,,,,,2025-11-03
신계5호태양광발전소,,전북특별자치도 남원시 대산면 신계리 산105-12,,,,정상가동,98.8,380,60,2020,,,,,2025-11-03
남원형제1호태양광발전소,,전북특별자치도 남원시 사매면 관풍리 732-3,,,,정상가동,98.8,380,60,2019,,,,,2025-11-03
남원형제2호태양광발전소,,전북특별자치도 남원시 사매면 관풍리 732-3,,,,정상가동,98.8,380,60,2019,,,,,2025-11-03
대산4태양광발전소,,전북특별자치도 남원시 이백면 효기리 504,,,,정상가동,297.6,380,60,2018,,,,,2025-11-03
샛별태양광발전소,,전북특별자치도 남원시 이백면 효기리 504-7,,,,정상가동,297.6,380,60,2018,,,,,2025-11-03
효기형제태양광발전소,,전북특별자치도 남원시 이백면 효기리 504-6,,,,정상가동,297.6,380,60,2018,,,,,2025-11-03
요천3호태양광발전소,,전북특별자치도 남원시 주생면 중동리 1079,,,,정상가동,48.28,380,60,2018,,,,,2025-11-03
JK1호태양광발전소,,전북특별자치도 남원시 보절면 신파리 산177-1,,,,정상가동,495,380,60,2019,,,,,2025-11-03
JK2호태양광발전소,,전북특별자치도 남원시 보절면 신파리 산177-1,,,,정상가동,297,380,60,2019,,,,,2025-11-03
다우신파리태양광발전소,,전북특별자치도 남원시 보절면 신파리 410-24,,,,정상가동,498.96,380,60,2023,,,,,2025-11-03
신선태양광발전소,,전북특별자치도 남원시 송동면 송기리 68,,,,정상가동,99.9,380,60,2020,,,,,2025-11-03
덕산태양광발전소,,전북특별자치도 남원시 덕과면 덕촌리 산126,,,,정상가동,449.4,380,60,2020,,,,,2025-11-03
혜민태양광발전소,,전북특별자치도 남원시 운봉읍 임리 산69,,,,정상가동,979.2,22900,60,2018,,,,,2025-11-03
강병윤태양광발전소,,전북특별자치도 남원시 송동면 송상리 249-7,,,,정상가동,99,380,60,2020,,,,,2025-11-03
서경태양광발전소,,전북특별자치도 남원시 송동면 송상리 249-44,,,,정상가동,99,380,60,2020,,,,,2025-11-03
효자태양광발전소,,전북특별자치도 남원시 송동면 송상리 249-50,,,,정상가동,99,380,60,2020,,,,,2025-11-03
장윤희태양광발전소,,전북특별자치도 남원시 송동면 송상리 249-20,,,,정상가동,99,380,60,2020,,,,,2025-11-03
백제2태양광발전소,,전북특별자치도 남원시 송동면 송상리 249-57,,,,정상가동,99,380,60,2020,,,,,2025-11-03
고산태양광발전소,,전북특별자치도 남원시 송동면 송상리 249-27,,,,정상가동,99,380,60,2020,,,,,2025-11-03
봉솔라태양광발전소,,전북특별자치도 남원시 송동면 송상리 249-41,,,,정상가동,99,380,60,2020,,,,,2025-11-03
경자1태양광발전소,,전북특별자치도 남원시 송동면 송상리 249-19,,,,정상가동,99,380,60,2020,,,,,2025-11-03
문산태양광발전소,,전북특별자치도 남원시 송동면 송상리 249-17,,,,정상가동,99,380,60,2020,,,,,2025-11-03
송상해품하늘태양광발전소,,전북특별자치도 남원시 송동면 송상리 249-16,,,,정상가동,99,380,60,2020,,,,,2025-11-03
송상해품산들태양광발전소,,전북특별자치도 남원시 송동면 송상리 249-15,,,,정상가동,99,380,60,2020,,,,,2025-11-03
영이태양광발전소,,전북특별자치도 남원시 송동면 송상리 249-73,,,,정상가동,99,380,60,2020,,,,,2025-11-03
국진태양광발전소,,전북특별자치도 남원시 송동면 송상리 249-75,,,,정상가동,99,380,60,2020,,,,,2025-11-03
송상해품소리태양광발전소,,전북특별자치도 남원시 송동면 송상리 249-72,,,,정상가동,99,380,60,2020,,,,,2025-11-03
송상해품바람태양광발전소,,전북특별자치도 남원시 송동면 송상리 249-45,,,,정상가동,99,380,60,2020,,,,,2025-11-03
남산태양광발전소,,전북특별자치도 남원시 송동면 송상리 249-6,,,,정상가동,99,380,60,2020,,,,,2025-11-03
일조태양광발전소,,전북특별자치도 남원시 수지면 초리 832,,,,정상가동,99.2,380,60,2019,,,,,2025-11-03
청룡1태양광발전소,,전북특별자치도 남원시 갈치동 산59-2,,,,정상가동,99,380,60,2020,,,,,2025-11-03
청룡2태양광발전소,,전북특별자치도 남원시 갈치동 산59-11,,,,정상가동,99,380,60,2020,,,,,2025-11-03
청룡3태양광발전소,,전북특별자치도 남원시 갈치동 산59-10,,,,정상가동,99,380,60,2020,,,,,2025-11-03
청룡4태양광발전소,,전북특별자치도 남원시 갈치동 산59-5,,,,정상가동,99,380,60,2020,,,,,2025-11-03
청룡5태양광발전소,,전북특별자치도 남원시 갈치동 산59-7,,,,정상가동,99,380,60,2020,,,,,2025-11-03
청룡7태양광발전소,,전북특별자치도 남원시 갈치동 산59-9,,,,정상가동,99,380,60,2020,,,,,2025-11-03
청룡8태양광발전소,,전북특별자치도 남원시 갈치동 산59-8,,,,정상가동,99,380,60,2020,,,,,2025-11-03
태완태영발전소,,전북특별자치도 남원시 대강면 신덕리 809-4,,,,정상가동,99,380,60,2018,,,,,2025-11-03
황금태양광발전소,,전북특별자치도 남원시 대강면 신덕리 809-9,,,,정상가동,99,380,60,2018,,,,,2025-11-03
성호태양광발전소,,전북특별자치도 남원시 수지면 고평리 산16-16,,,,정상가동,99.2,380,60,2018,,,,,2025-11-03
용호태양광발전소,,전북특별자치도 남원시 수지면 고평리 산16-15,,,,정상가동,99.2,380,60,2018,,,,,2025-11-03
정운에너지태양광발전소,,전북특별자치도 남원시 수지면 고평리 산16-14,,,,정상가동,99.2,380,60,2018,,,,,2025-11-03
성희에너지태양광발전소,,전북특별자치도 남원시 수지면 고평리 산16-13,,,,정상가동,99.2,380,60,2018,,,,,2025-11-03
태화태양광발전소,,전북특별자치도 남원시 수지면 고평리 산16-12,,,,정상가동,99.2,380,60,2018,,,,,2025-11-03
명인태양광발전소,,전북특별자치도 남원시 수지면 고평리 산16-11,,,,정상가동,99.2,380,60,2018,,,,,2025-11-03
나상에너지태양광발전소,,전북특별자치도 남원시 수지면 고평리 산16-10,,,,정상가동,99.2,380,60,2020,,,,,2025-11-03
월파에너지태양광발전소,,전북특별자치도 남원시 수지면 고평리 산16-9,,,,정상가동,99.2,380,60,2020,,,,,2025-11-03
수지웅비태양광발전소,,전북특별자치도 남원시 수지면 고평리 산16-8,,,,정상가동,99.2,380,60,2018,,,,,2025-11-03
수지강미태양광발전소,,전북특별자치도 남원시 수지면 고평리 산16-7,,,,정상가동,99.2,380,60,2018,,,,,2025-11-03
대박에너지태양광발전소,,전북특별자치도 남원시 수지면 고평리 산16-6,,,,정상가동,99.2,380,60,2020,,,,,2025-11-03
재승1태양광발전소,,전북특별자치도 남원시 수지면 고평리 산16-1,,,,정상가동,99.2,380,60,2020,,,,,2025-11-03
참빛태양광발전소,,전북특별자치도 남원시 운봉읍 준향리 산22,,,,정상가동,992.64,22900,60,2019,,,,,2025-11-03
엔텍솔라광치태양광발전소1호,,전북특별자치도 남원시 광치동 195-53,,,,정상가동,907.2,22900,60,2019,,,,,2025-11-03
엔텍솔라광치태양광발전소2호,,전북특별자치도 남원시 광치동 195-54,,,,정상가동,907.2,22900,60,2019,,,,,2025-11-03
엔텍솔라효기태양광발전소1호,,전북특별자치도 남원시 이백면 효기리 472-1,,,,정상가동,907.2,22900,60,2019,,,,,2025-11-03
엔텍솔라효기태양광발전소2호,,전북특별자치도 남원시 이백면 효기리 472-4,,,,정상가동,907.2,22900,60,2019,,,,,2025-11-03
엔텍솔라효기태양광발전소3호,,전북특별자치도 남원시 이백면 효기리 472-6,,,,정상가동,997.425,22900,60,2021,,,,,2025-11-03
영진태양광발전소,,전북특별자치도 남원시 덕과면 용산리 154-2,,,,정상가동,397.44,380,60,2019,,,,,2025-11-03
풍양태양광발전소,,전북특별자치도 남원시 대강면 풍산리 442-6,,,,정상가동,99.9,380,60,2019,,,,,2025-11-03
경보1호태양광발전소,,전북특별자치도 남원시 주천면 배덕리 산79,,,,정상가동,99,380,60,2021,,,,,2025-11-03
경보2호태양광발전소,,전북특별자치도 남원시 주천면 배덕리 산79,,,,정상가동,99,380,60,2021,,,,,2025-11-03
경보3호태양광발전소,,전북특별자치도 남원시 주천면 배덕리 산79,,,,정상가동,99,380,60,2021,,,,,2025-11-03
경보4호태양광발전소,,전북특별자치도 남원시 주천면 배덕리 9-5,,,,정상가동,99,380,60,2020,,,,,2025-11-03
경보5호태양광발전소,,전북특별자치도 남원시 주천면 배덕리 9-4,,,,정상가동,99,380,60,2020,,,,,2025-11-03
경보6호태양광발전소,,전북특별자치도 남원시 주천면 배덕리 9,,,,정상가동,99,380,60,2020,,,,,2025-11-03
택이태양광발전소,,전북특별자치도 남원시 주천면 배덕리 9-2,,,,정상가동,99,380,60,2020,,,,,2025-11-03
경보8호태양광발전소,,전북특별자치도 남원시 주천면 배덕리 8-1,,,,정상가동,99,380,60,2020,,,,,2025-11-03
경보9호태양광발전소,,전북특별자치도 남원시 주천면 배덕리 7-3,,,,정상가동,99,380,60,2020,,,,,2025-11-03
경보11호태양광발전소,,전북특별자치도 남원시 주천면 배덕리 9-6,,,,정상가동,99,380,60,2020,,,,,2025-11-03
경보12호태양광발전소,,전북특별자치도 남원시 주천면 배덕리 9-7,,,,정상가동,99,380,60,2020,,,,,2025-11-03
경보13호태양광발전소,,전북특별자치도 남원시 주천면 배덕리 7-7,,,,정상가동,99,380,60,2020,,,,,2025-11-03
경보15호태양광발전소,,전북특별자치도 남원시 주천면 배덕리 7-1,,,,정상가동,99,380,60,2020,,,,,2025-11-03
참전기태양광발전소,전북특별자치도 남원시 아영면 아영북길 229-9,,,,,정상가동,99.16,380,60,2021,,,,,2025-11-03
연화태양광발전소,,전북특별자치도 남원시 인월면 유곡리 628,,,,정상가동,99.16,380,60,2019,,,,,2025-11-03
남원수덕리1호태양광발전소,,전북특별자치도 남원시 대산면 수덕리 1083-5,,,,정상가동,99,380,60,2019,,,,,2025-11-03
남원수덕리2호태양광발전소,,전북특별자치도 남원시 대산면 수덕리 1083-4,,,,정상가동,99,380,60,2019,,,,,2025-11-03
남원수덕리3호태양광발전소,,전북특별자치도 남원시 대산면 수덕리 1083-3,,,,정상가동,99,380,60,2019,,,,,2025-11-03
남원수덕리4호태양광발전소,,전북특별자치도 남원시 대산면 수덕리 1083-2,,,,정상가동,99,380,60,2019,,,,,2025-11-03
남원수덕리5호태양광발전소,,전북특별자치도 남원시 대산면 수덕리 1083-1,,,,정상가동,99,380,60,2019,,,,,2025-11-03
낙동태양광발전소,,전북특별자치도 남원시 주생면 낙동리 904-7,,,,정상가동,800,22900,60,2018,,,,,2025-11-03
비나리태양광발전소,,전북특별자치도 남원시 운봉읍 장교리 1084-13,,,,정상가동,198.32,380,60,2019,,,,,2025-11-03
한영태양광발전소,전북특별자치도 남원시 솔터길 85-2,,,,,정상가동,41.65,380,60,2018,,,,,2025-11-03
건지리14호태양광발전소,,전북특별자치도 남원시 인월면 건지리 738-8,,,,정상가동,99,380,60,2019,,,,,2025-11-03
건지리13호태양광발전소,,전북특별자치도 남원시 인월면 건지리 738-9,,,,정상가동,99,380,60,2019,,,,,2025-11-03
건지리12호태양광발전소,,전북특별자치도 남원시 인월면 건지리 738-10,,,,정상가동,99,380,60,2019,,,,,2025-11-03
건지리11호태양광발전소,,전북특별자치도 남원시 인월면 건지리 738-12,,,,정상가동,99,380,60,2019,,,,,2025-11-03
건지리10호태양광발전소,,전북특별자치도 남원시 인월면 건지리 738-13,,,,정상가동,99,380,60,2019,,,,,2025-11-03
건지리9호태양광발전소,,전북특별자치도 남원시 인월면 건지리 738-14,,,,정상가동,99,380,60,2019,,,,,2025-11-03
건지리8호태양광발전소,,전북특별자치도 남원시 인월면 건지리 738-15,,,,정상가동,99,380,60,2019,,,,,2025-11-03
건지리7호태양광발전소,,전북특별자치도 남원시 인월면 자래리 575-21,,,,정상가동,99,380,60,2019,,,,,2025-11-03
건지리6호태양광발전소,,전북특별자치도 남원시 인월면 자래리 575-20,,,,정상가동,99,380,60,2019,,,,,2025-11-03
건지리5호태양광발전소,,전북특별자치도 남원시 인월면 건지리 738-7,,,,정상가동,99,380,60,2019,,,,,2025-11-03
건지리4호태양광발전소,,전북특별자치도 남원시 인월면 건지리 738-6,,,,정상가동,99,380,60,2019,,,,,2025-11-03
건지리3호태양광발전소,,전북특별자치도 남원시 인월면 건지리 738-5,,,,정상가동,99,380,60,2019,,,,,2025-11-03
건지리2호태양광발전소,,전북특별자치도 남원시 인월면 건지리 738-4,,,,정상가동,99,380,60,2019,,,,,2025-11-03
건지리1호태양광발전소,,전북특별자치도 남원시 인월면 건지리 738-3,,,,정상가동,99,380,60,2019,,,,,2025-11-03
신파리1호태양광발전소,,전북특별자치도 남원시 보절면 신파리 산98-1,,,,정상가동,990,22900,60,2021,,,,,2025-11-03
와이비태양광발전소,,전북특별자치도 남원시 덕과면 신양리 684-2,,,,정상가동,696.32,22900,60,2019,,,,,2025-11-03
신파리2호태양광발전소,,전북특별자치도 남원시 보절면 신파리 산98-1,,,,정상가동,990,22900,60,2021,,,,,2025-11-03
영묵태양광발전소,,전북특별자치도 남원시 주생면 영천리 345-3,,,,정상가동,999,22900,60,2020,,,,,2025-11-03
신양태양광발전소,전북특별자치도 남원시 덕과면 양선길 52-205,,,,,정상가동,246.62,380,60,2019,,,,,2025-11-03
나이스남원태양광발전소,,전북특별자치도 남원시 주생면 지당리 297-8,,,,정상가동,99,380,60,2020,,,,,2025-11-03
이산태양광발전소,,전북특별자치도 남원시 주생면 지당리 291-16,,,,정상가동,99,380,60,2019,,,,,2025-11-03
훈에너지,,전북특별자치도 남원시 주생면 지당리 291-9,,,,정상가동,99,380,60,2020,,,,,2025-11-03
전성2호태양광발전소,,전북특별자치도 남원시 주생면 지당리 291-1,,,,정상가동,99,380,60,2019,,,,,2025-11-03
스피놀라썬태양광발전소,,전북특별자치도 남원시 주생면 지당리 291-19,,,,정상가동,99,380,60,2019,,,,,2025-11-03
명광3호태양광발전소,,전북특별자치도 남원시 주생면 지당리 291-6,,,,정상가동,99,380,60,2020,,,,,2025-11-03
후주태양광발전소,,전북특별자치도 남원시 주생면 낙동리 561-1,,,,정상가동,99.2,380,60,2018,,,,,2025-11-03
신명1호태양광발전소,,전북특별자치도 남원시 주생면 낙동리 561-1,,,,정상가동,99.2,380,60,2019,,,,,2025-11-03
신명2호태양광발전소,,전북특별자치도 남원시 주생면 낙동리 561-1,,,,정상가동,99.2,380,60,2019,,,,,2025-11-03
신명3호태양광발전소,,전북특별자치도 남원시 주생면 낙동리 561-1,,,,정상가동,99.2,380,60,2019,,,,,2025-11-03
신명4호태양광발전소,,전북특별자치도 남원시 주생면 낙동리 561-1,,,,정상가동,99.2,380,60,2019,,,,,2025-11-03
금희태양광발전소,,전북특별자치도 남원시 주생면 낙동리 561-1,,,,정상가동,99.2,380,60,2019,,,,,2025-11-03
창수태양광발전소,,전북특별자치도 남원시 고죽동 산26-5,,,,정상가동,99,380,60,2019,,,,,2025-11-03
성연태양광발전소,,전북특별자치도 남원시 고죽동 산26-4,,,,정상가동,99,380,60,2019,,,,,2025-11-03
정연태양광발전소,,전북특별자치도 남원시 고죽동 산26-3,,,,정상가동,99,380,60,2019,,,,,2025-11-03
현주태양광발전소,,전북특별자치도 남원시 고죽동 산26-2,,,,정상가동,99,380,60,2019,,,,,2025-11-03
늘해찬태양광발전소,,전북특별자치도 남원시 고죽동 산26,,,,정상가동,99,380,60,2019,,,,,2025-11-03
명화태양광발전소,,전북특별자치도 남원시 대강면 사석리 1967-3,,,,정상가동,99.2,380,60,2019,,,,,2025-11-03
광원솔라발전소,전북특별자치도 남원시 매골길 6,,,,,정상가동,28.8,380,60,2018,,,,,2025-11-03
유미태양광발전소,,전북특별자치도 남원시 주생면 낙동리 862-6,,,,정상가동,97.92,380,60,2019,,,,,2025-11-03
진광태양광발전소,,전북특별자치도 남원시 주생면 낙동리 산105,,,,정상가동,97.92,380,60,2019,,,,,2025-11-03
동충태양광2호발전소,,전북특별자치도 남원시 주생면 낙동리 산105,,,,정상가동,97.92,380,60,2019,,,,,2025-11-03
태현태양광발전소,,전북특별자치도 남원시 주생면 낙동리 산105,,,,정상가동,97.92,380,60,2019,,,,,2025-11-03
다연태양광발전소,,전북특별자치도 남원시 주생면 낙동리 862-13,,,,정상가동,97.92,380,60,2019,,,,,2025-11-03
한울태양광발전소,,전북특별자치도 남원시 주생면 낙동리 862-12,,,,정상가동,97.92,380,60,2019,,,,,2025-11-03
(유)동양강철태양광발전소,,전북특별자치도 남원시 주생면 낙동리 산105,,,,정상가동,97.92,380,60,2019,,,,,2025-11-03
광명태양광발전소,,전북특별자치도 남원시 주생면 낙동리 산105,,,,정상가동,97.92,380,60,2019,,,,,2025-11-03
환성태양광발전소,,전북특별자치도 남원시 주생면 낙동리 산105,,,,정상가동,97.92,380,60,2019,,,,,2025-11-03
효정태양광발전소,,전북특별자치도 남원시 주생면 낙동리 산105,,,,정상가동,97.92,380,60,2019,,,,,2025-11-03
승주태양광발전소,,전북특별자치도 남원시 주생면 낙동리 산105-10,,,,정상가동,97.92,380,60,2019,,,,,2025-11-03
미래태양광발전소,,전북특별자치도 남원시 주생면 낙동리 산105-23,,,,정상가동,97.92,380,60,2019,,,,,2025-11-03
두리2호태양광발전소,,전북특별자치도 남원시 주생면 낙동리 862-7,,,,정상가동,97.92,380,60,2019,,,,,2025-11-03
낙동태양광발전소,,전북특별자치도 남원시 주생면 낙동리 862-14,,,,정상가동,97.92,380,60,2019,,,,,2025-11-03
풍년태양광발전소,,전북특별자치도 남원시 주생면 낙동리 862-16,,,,정상가동,97.92,380,60,2019,,,,,2025-11-03
동충5호태양광발전소,,전북특별자치도 남원시 주생면 낙동리 862-8,,,,정상가동,96,380,60,2019,,,,,2025-11-03
부자태양광발전소,,전북특별자치도 남원시 주생면 낙동리 산105-22,,,,정상가동,97.92,380,60,2019,,,,,2025-11-03
주현태양광2호발전소,,전북특별자치도 남원시 주생면 낙동리 산105,,,,정상가동,97.92,380,60,2019,,,,,2025-11-03
영우테크태양광발전소,,전북특별자치도 남원시 주생면 지당리 291-14,,,,정상가동,99,380,60,2020,,,,,2025-11-03
선화태양광발전소,,전북특별자치도 남원시 주생면 지당리 291-13,,,,정상가동,99,380,60,2020,,,,,2025-11-03
연희태양광발전소,,전북특별자치도 남원시 주생면 지당리 291-12,,,,정상가동,99,380,60,2020,,,,,2025-11-03
서울태양광남원발전소,,전북특별자치도 남원시 주생면 지당리 291-11,,,,정상가동,99,380,60,2020,,,,,2025-11-03
현진태양광발전소,,전북특별자치도 남원시 주생면 지당리 291-10,,,,정상가동,99,380,60,2020,,,,,2025-11-03
주영태양광발전소,,전북특별자치도 남원시 주생면 지당리 291-22,,,,정상가동,99,380,60,2019,,,,,2025-11-03
옥에너지,,전북특별자치도 남원시 주생면 지당리 291-20,,,,정상가동,99,380,60,2019,,,,,2025-11-03
IS태양광발전소,,전북특별자치도 남원시 주생면 지당리 291-18,,,,정상가동,99,380,60,2019,,,,,2025-11-03
오피태양광발전소,,전북특별자치도 남원시 주생면 지당리 291-17,,,,정상가동,99,380,60,2019,,,,,2025-11-03
행복태양광발전소,,전북특별자치도 남원시 주생면 지당리 291-7,,,,정상가동,99,380,60,2020,,,,,2025-11-03
인앤지2호태양광발전소,,전북특별자치도 남원시 주생면 지당리 291-5,,,,정상가동,99,380,60,2020,,,,,2025-11-03
남원1호태양광발전소,,전북특별자치도 남원시 주생면 지당리 291-4,,,,정상가동,99,380,60,2020,,,,,2025-11-03
영광태양광발전소,,전북특별자치도 남원시 주생면 지당리 291,,,,정상가동,99,380,60,2019,,,,,2025-11-03
성실태양광발전소,,전북특별자치도 남원시 대산면 풍촌리 634-4,,,,정상가동,299.84,380,60,2019,,,,,2025-11-03
진흥태양광발전소,,전북특별자치도 남원시 대산면 풍촌리 634-3,,,,정상가동,199.68,380,60,2019,,,,,2025-11-03
경민태양광발전소,,전북특별자치도 남원시 대산면 풍촌리 634-2,,,,정상가동,299.84,380,60,2019,,,,,2025-11-03
어현3태양광발전소,,전북특별자치도 남원시 어현동 694-6,,,,정상가동,99,380,60,2021,,,,,2025-11-03
수지태양광발전소,,전북특별자치도 남원시 어현동 694-5,,,,정상가동,99,380,60,2021,,,,,2025-11-03
태명태양광발전소,,전북특별자치도 남원시 어현동 694-3,,,,정상가동,99,380,60,2021,,,,,2025-11-03
성원태양광발전소,,전북특별자치도 남원시 어현동 694-2,,,,정상가동,99,380,60,2021,,,,,2025-11-03
지효라희태양광발전소,,전북특별자치도 남원시 주생면 영천리 산21-4,,,,정상가동,99,380,60,2020,,,,,2025-11-03
삼도태양광발전소,,전북특별자치도 남원시 주생면 영천리 산21-3,,,,정상가동,99,380,60,2020,,,,,2025-11-03
첨단태양광발전소1호,,전북특별자치도 남원시 주생면 영천리 산21-6,,,,정상가동,99,380,60,2020,,,,,2025-11-03
첨단태양광발전소2호,,전북특별자치도 남원시 주생면 영천리 산21-7,,,,정상가동,99,380,60,2020,,,,,2025-11-03
인성태양광발전소,,전북특별자치도 남원시 사매면 관풍리 산69-10,,,,정상가동,99,380,60,2020,,,,,2025-11-03
SunnySolar태양광발전소,,전북특별자치도 남원시 사매면 관풍리 산69-40,,,,정상가동,99,380,60,2020,,,,,2025-11-03
정우태양광발전소,,전북특별자치도 남원시 사매면 관풍리 산69-9,,,,정상가동,99,380,60,2020,,,,,2025-11-03
솔라브릿지B태양광발전소,,전북특별자치도 남원시 사매면 관풍리 산69-8,,,,정상가동,99,380,60,2020,,,,,2025-11-03
솔라브릿지D태양광발전소,,전북특별자치도 남원시 사매면 관풍리 산69-4,,,,정상가동,99,380,60,2020,,,,,2025-11-03
승기태양광발전소,,전북특별자치도 남원시 사매면 관풍리 산69-5,,,,정상가동,99,380,60,2020,,,,,2025-11-03
광치태양광발전소,,전북특별자치도 남원시 사매면 관풍리 624-6,,,,정상가동,99,380,60,2020,,,,,2025-11-03
솔라브릿지C태양광발전소,,전북특별자치도 남원시 사매면 관풍리 산69-26,,,,정상가동,99,380,60,2020,,,,,2025-11-03
호호2태양광발전소,,전북특별자치도 남원시 사매면 관풍리 산69-18,,,,정상가동,99,380,60,2020,,,,,2025-11-03
근철태양광발전소,,전북특별자치도 남원시 사매면 관풍리 산69-15,,,,정상가동,99,380,60,2020,,,,,2025-11-03
솔라브릿지A태양광발전소,,전북특별자치도 남원시 사매면 관풍리 산69-7,,,,정상가동,99,380,60,2020,,,,,2025-11-03
빛찬온태양광발전소,,전북특별자치도 남원시 사매면 관풍리 624-7,,,,정상가동,99,380,60,2020,,,,,2025-11-03
선희태양광발전소,,전북특별자치도 남원시 대강면 사석리 산164,,,,정상가동,97.2,380,60,2021,,,,,2025-11-03
문택태양광발전소,,전북특별자치도 남원시 대강면 사석리 산164,,,,정상가동,97.2,380,60,2021,,,,,2025-11-03
고영구태양광발전소,,전북특별자치도 남원시 대강면 사석리 산164,,,,정상가동,97.2,380,60,2021,,,,,2025-11-03
성광태양광발전소,,전북특별자치도 남원시 대강면 사석리 산164,,,,정상가동,97.2,380,60,2021,,,,,2025-11-03
오숙태양광발전소,,전북특별자치도 남원시 대강면 사석리 산164,,,,정상가동,97.2,380,60,2021,,,,,2025-11-03
지성3호태양광발전소,,전북특별자치도 남원시 대강면 사석리 산164,,,,정상가동,97.2,380,60,2021,,,,,2025-11-03
박우열태양광발전소,,전북특별자치도 남원시 대강면 사석리 산164,,,,정상가동,97.2,380,60,2021,,,,,2025-11-03
연우2호태양광발전소,,전북특별자치도 남원시 대강면 사석리 산164 외 1필지,,,,정상가동,97.2,380,60,2021,,,,,2025-11-03
우자태양광발전소,,전북특별자치도 남원시 대강면 사석리 산162,,,,정상가동,97.2,380,60,2021,,,,,2025-11-03
기영태양광발전소,,전북특별자치도 남원시 대강면 사석리 산162,,,,정상가동,97.2,380,60,2021,,,,,2025-11-03
경은태양광발전소,,전북특별자치도 남원시 대강면 사석리 산162,,,,정상가동,97.2,380,60,2021,,,,,2025-11-03
지성2호태양광발전소,,전북특별자치도 남원시 대강면 사석리 산162,,,,정상가동,97.2,380,60,2021,,,,,2025-11-03
인숙태양광발전소,,전북특별자치도 남원시 대강면 사석리 산162,,,,정상가동,97.2,380,60,2021,,,,,2025-11-03
은혜태양광발전소,,전북특별자치도 남원시 대강면 사석리 산162,,,,정상가동,97.2,380,60,2021,,,,,2025-11-03
태영태양광발전소,,전북특별자치도 남원시 운봉읍 행정리 97-1,,,,정상가동,499.45,380,60,2019,,,,,2025-11-03
리뉴에너지태양광발전소,,전북특별자치도 남원시 덕과면 용산리 24-14,,,,정상가동,844.8,22900,60,2019,,,,,2025-11-03
수진태양광발전소,전북특별자치도 남원시 산동면 요천로 2381-82,,,,,정상가동,99.16,380,60,2019,,,,,2025-11-03
경순태양광발전소,전북특별자치도 남원시 산동면 요천로 2744,,,,,정상가동,99.16,380,60,2019,,,,,2025-11-03
효정태양광발전소,전북특별자치도 남원시 산동면 요천로 2381-84,,,,,정상가동,99.16,380,60,2019,,,,,2025-11-03
성안태양광발전소,,전북특별자치도 남원시 인월면 자래리 519-5,,,,정상가동,99.16,380,60,2019,,,,,2025-11-03
매곡3호태양광발전소,,전북특별자치도 남원시 광치동 3-40,,,,정상가동,99.96,380,60,2020,,,,,2025-11-03
매곡4-1호태양광발전소,,전북특별자치도 남원시 광치동 3-41,,,,정상가동,99.96,380,60,2020,,,,,2025-11-03
매곡1호태양광발전소,,전북특별자치도 남원시 광치동 3-38,,,,정상가동,99.96,380,60,2020,,,,,2025-11-03
매곡5호태양광발전소,,전북특별자치도 남원시 광치동 3-39,,,,정상가동,99.96,380,60,2020,,,,,2025-11-03
매곡2호태양광발전소,,전북특별자치도 남원시 광치동 3-35,,,,정상가동,99.96,380,60,2020,,,,,2025-11-03
황금6호태양광발전소,,전북특별자치도 남원시 사매면 계수리 677-11,,,,정상가동,72.8,380,60,2018,,,,,2025-11-03
남원계성1호태양광발전소,전북특별자치도 남원시 사매면 대사로 748,,,,,정상가동,98.8,380,60,2019,,,,,2025-11-03
남원계성2호태양광발전소,전북특별자치도 남원시 사매면 대사로 748,,,,,정상가동,98.8,380,60,2019,,,,,2025-11-03
주상용태양광발전소,전북특별자치도 남원시 산내면 대정길 73,,,,,정상가동,50,380,60,2018,,,,,2025-11-03
초리2호태양광발전소,,전북특별자치도 남원시 수지면 초리 857-4,,,,정상가동,75,380,60,2020,,,,,2025-11-03
고재욱태양광발전소,,전북특별자치도 남원시 보절면 성시리 산85-2,,,,정상가동,99,380,60,2020,,,,,2025-11-03
양명희태양광발전소,,전북특별자치도 남원시 보절면 성시리 산85-2,,,,정상가동,99,380,60,2020,,,,,2025-11-03
정종규태양광발전소,,전북특별자치도 남원시 보절면 성시리 산85-2,,,,정상가동,99,380,60,2020,,,,,2025-11-03
박부하태양광발전소,,전북특별자치도 남원시 보절면 성시리 산85-2,,,,정상가동,99,380,60,2020,,,,,2025-11-03
유진태양광발전소,,전북특별자치도 남원시 보절면 성시리 291-5,,,,정상가동,99,380,60,2020,,,,,2025-11-03
달리태양광발전소,,전북특별자치도 남원시 보절면 성시리 291-9,,,,정상가동,99.63,380,60,2020,,,,,2025-11-03
초리1호태양광발전소,,전북특별자치도 남원시 수지면 초리 448,,,,정상가동,299.38,380,60,2020,,,,,2025-11-03
이남수태양광발전소,,전북특별자치도 남원시 대강면 생암리 281,,,,정상가동,350,380,60,2018,,,,,2025-11-03
참1호태양광발전소,,전북특별자치도 남원시 아영면 일대리 31-3,,,,정상가동,298.35,380,60,2019,,,,,2025-11-03
(주)로타리에너지,,전북특별자치도 남원시 사매면 월평리 산16-1,,,,정상가동,995.52,22900,60,2019,,,,,2025-11-03
(주)안터에너지,,전북특별자치도 남원시 사매면 월평리 산16-1,,,,정상가동,995.52,22900,60,2019,,,,,2025-11-03
제이티솔라태양광발전소1호,,전북특별자치도 남원시 보절면 황벌리 817-6,,,,정상가동,499.8,380,60,2019,,,,,2025-11-03
제이티솔라태양광발전소2호,,전북특별자치도 남원시 보절면 황벌리 산83-1,,,,정상가동,499.8,380,60,2019,,,,,2025-11-03
제이티솔라태양광발전소3호,,전북특별자치도 남원시 보절면 황벌리 산83-1,,,,정상가동,499.8,380,60,2019,,,,,2025-11-03
가나안태양광발전소,,전북특별자치도 남원시 주생면 도산리 758-1,,,,정상가동,300,380,60,2020,,,,,2025-11-03
동강1호태양광발전소,,전북특별자치도 남원시 금지면 옹정리 17-1,,,,정상가동,999.6,22900,60,2021,,,,,2025-11-03
강욱태양광발전소,,전북특별자치도 남원시 대강면 사석리 1689-1,,,,정상가동,994.95,22900,60,2020,,,,,2025-11-03
시우태양광발전소,,전북특별자치도 남원시 대강면 사석리 1689-2,,,,정상가동,994.95,22900,60,2021,,,,,2025-11-03
경강태양광발전소,,전북특별자치도 남원시 대강면 사석리 1689-3,,,,정상가동,994.95,22900,60,2021,,,,,2025-11-03
참2호태양광발전소,,전북특별자치도 남원시 아영면 일대리 31-3,,,,정상가동,499.8,380,60,2020,,,,,2025-11-03
참3호태양광발전소,,전북특별자치도 남원시 아영면 일대리 31-2,,,,정상가동,499.8,380,60,2020,,,,,2025-11-03
미켈란태양광발전소,,전북특별자치도 남원시 대강면 생암리 554-6,,,,정상가동,997.72,22900,60,2018,,,,,2025-11-03
마가렛태양광발전소,,전북특별자치도 남원시 대강면 생암리 553,,,,정상가동,997.72,22900,60,2018,,,,,2025-11-03
동우태양광발전소,,전북특별자치도 남원시 죽항동 48,,,,정상가동,19.8,380,60,2018,,,,,2025-11-03
솔라리스남원,,전북특별자치도 남원시 대산면 신계리 433-1,,,,정상가동,99.4,380,60,2020,,,,,2025-11-03
동성태양광,,전북특별자치도 남원시 대산면 신계리 433-2,,,,정상가동,99.4,380,60,2020,,,,,2025-11-03
남원천사태양광,,전북특별자치도 남원시 대산면 신계리 433-3,,,,정상가동,99.4,380,60,2020,,,,,2025-11-03
해리2태양광,,전북특별자치도 남원시 대산면 신계리 433-4,,,,정상가동,99.4,380,60,2020,,,,,2025-11-03
남원태양광발전소,,전북특별자치도 남원시 대산면 신계리 433-5,,,,정상가동,99.4,380,60,2020,,,,,2025-11-03
이강문태양광발전소,,전북특별자치도 남원시 수지면 유암리 849,,,,정상가동,99.4,380,60,2020,,,,,2025-11-03
꿀벌태양광발전소,,전북특별자치도 남원시 아영면 일대리 203-10,,,,정상가동,98.6,380,60,2021,,,,,2025-11-03
문치태양광발전소,,전북특별자치도 남원시 송동면 송상리 산54,,,,정상가동,99.2,380,60,2020,,,,,2025-11-03
고산발전소,전북특별자치도 남원시 고산길 269,,,,,정상가동,14.49,380,60,2018,,,,,2025-11-03
에스에이치1호태양광발전소,,전북특별자치도 남원시 덕과면 용산리 24-20,,,,정상가동,99,380,60,2019,,,,,2025-11-03
리뉴파트너1호태양광발전소,,전북특별자치도 남원시 덕과면 용산리 24-19,,,,정상가동,99,380,60,2019,,,,,2025-11-03
지한이네태양광발전소,,전북특별자치도 남원시 덕과면 용산리 24-13,,,,정상가동,99,380,60,2019,,,,,2025-11-03
서준1호태양광발전소,,전북특별자치도 남원시 덕과면 용산리 24-8,,,,정상가동,99,380,60,2019,,,,,2025-11-03
단우태양광발전소,,전북특별자치도 남원시 덕과면 용산리 24-12,,,,정상가동,99,380,60,2019,,,,,2025-11-03
파타야썬태양광발전소,,전북특별자치도 남원시 덕과면 용산리 24-7,,,,정상가동,99,380,60,2019,,,,,2025-11-03
코코햇빛농장태양광발전소,,전북특별자치도 남원시 덕과면 용산리 24-11,,,,정상가동,99,380,60,2019,,,,,2025-11-03
오늘남원태양광발전소,,전북특별자치도 남원시 덕과면 용산리 24-5,,,,정상가동,99,380,60,2019,,,,,2025-11-03
솔라인베스트먼트1호태양광발전소,,전북특별자치도 남원시 덕과면 용산리 24-10,,,,정상가동,99,380,60,2019,,,,,2025-11-03
제니스KJ태양광발전소,,전북특별자치도 남원시 덕과면 용산리 24-3,,,,정상가동,99,380,60,2019,,,,,2025-11-03
린린태양광보절발전소2호,,전북특별자치도 남원시 보절면 황벌리 산1-5,,,,정상가동,97.92,380,60,2021,,,,,2025-11-03
도현도준태양광발전소,,전북특별자치도 남원시 보절면 황벌리 산1-5,,,,정상가동,97.92,380,60,2021,,,,,2025-11-03
월성태양광발전소,,전북특별자치도 남원시 보절면 황벌리 산1-5,,,,정상가동,97.92,380,60,2021,,,,,2025-11-03
풍년2호발전소,,전북특별자치도 남원시 보절면 황벌리 581-17,,,,정상가동,97.92,380,60,2021,,,,,2025-11-03
황벌태양광발전소,,전북특별자치도 남원시 보절면 황벌리 산1-5,,,,정상가동,97.92,380,60,2021,,,,,2025-11-03
린린태양광보절발전소1호,,전북특별자치도 남원시 보절면 황벌리 산1-5,,,,정상가동,97.92,380,60,2021,,,,,2025-11-03
보인발전소,,전북특별자치도 남원시 대강면 사석리 산162,,,,정상가동,496.8,380,60,2021,,,,,2025-11-03
솔라파크태양광발전소,,전북특별자치도 남원시 광치동 산100,,,,정상가동,297,380,60,2021,,,,,2025-11-03
솔라파크2태양광발전소,,전북특별자치도 남원시 광치동 산100,,,,정상가동,198,380,60,2021,,,,,2025-11-03
진우태양광발전소,,전북특별자치도 남원시 보절면 사촌리 산80,,,,정상가동,297,380,60,2020,,,,,2025-11-03
성길태양광발전소,,전북특별자치도 남원시 광치동 산101,,,,정상가동,198,380,60,2021,,,,,2025-11-03
수정태양광발전소,,전북특별자치도 남원시 광치동 산100,,,,정상가동,396,380,60,2021,,,,,2025-11-03
배덕1호태양광발전소,,전북특별자치도 남원시 주천면 배덕리 212-27,,,,정상가동,499,380,60,2020,,,,,2025-11-03
배덕2호태양광발전소,,전북특별자치도 남원시 주천면 배덕리 212-20,,,,정상가동,499,380,60,2020,,,,,2025-11-03
배덕3호태양광발전소,,전북특별자치도 남원시 주천면 배덕리 212-25,,,,정상가동,499,380,60,2020,,,,,2025-11-03
노다지태양광발전소,,전북특별자치도 남원시 주천면 송치리 595,,,,정상가동,298.2,380,60,2020,,,,,2025-11-03
태완3태양광발전소,,전북특별자치도 남원시 대산면 신계리 434-4,,,,정상가동,99.4,380,60,2021,,,,,2025-11-03
은정태양광발전소,,전북특별자치도 남원시 대산면 신계리 434-6,,,,정상가동,99.4,380,60,2021,,,,,2025-11-03
주원태양광발전소,,전북특별자치도 남원시 대산면 신계리 434-7,,,,정상가동,99.4,380,60,2021,,,,,2025-11-03
지리산쏠라,,전북특별자치도 남원시 보절면 신파리 227-8,,,,정상가동,99,380,60,2020,,,,,2025-11-03
대동에너지,,전북특별자치도 남원시 보절면 신파리 227-2,,,,정상가동,99,380,60,2020,,,,,2025-11-03
떼아트에너지,,전북특별자치도 남원시 보절면 신파리 227-14,,,,정상가동,99,380,60,2020,,,,,2025-11-03
남강에너지,,전북특별자치도 남원시 보절면 신파리 227-13,,,,정상가동,99,380,60,2020,,,,,2025-11-03
동광에너지,,전북특별자치도 남원시 보절면 신파리 227-4,,,,정상가동,99,380,60,2020,,,,,2025-11-03
훈에너지3,,전북특별자치도 남원시 보절면 신파리 227-6,,,,정상가동,99,380,60,2020,,,,,2025-11-03
상원에너지,,전북특별자치도 남원시 보절면 신파리 227-1,,,,정상가동,99,380,60,2020,,,,,2025-11-03
하동태양광발전소,,전북특별자치도 남원시 보절면 신파리 227-7,,,,정상가동,99,380,60,2020,,,,,2025-11-03
예인태양광발전소,,전북특별자치도 남원시 사매면 대율리 69-24,,,,정상가동,99,380,60,2019,,,,,2025-11-03
사매태양광발전소,,전북특별자치도 남원시 사매면 대율리 산23-10,,,,정상가동,99,380,60,2019,,,,,2025-11-03
도경태양광발전소,,전북특별자치도 남원시 사매면 대율리 산23-9,,,,정상가동,99,380,60,2019,,,,,2025-11-03
등불2호태양광발전소,,전북특별자치도 남원시 사매면 대율리 산25-27,,,,정상가동,99,380,60,2019,,,,,2025-11-03
대성태양광발전소,,전북특별자치도 남원시 사매면 대율리 산25-26,,,,정상가동,99,380,60,2019,,,,,2025-11-03
호선태양광발전소,,전북특별자치도 남원시 사매면 대율리 산25-24,,,,정상가동,99,380,60,2019,,,,,2025-11-03
정인태양광발전소,,전북특별자치도 남원시 사매면 대율리 산25-23,,,,정상가동,99,380,60,2019,,,,,2025-11-03
유진태양광발전소,,전북특별자치도 남원시 사매면 대율리 산23-7,,,,정상가동,99,380,60,2019,,,,,2025-11-03
윤환3호태양광발전소,,전북특별자치도 남원시 사매면 대율리 69-18,,,,정상가동,99,380,60,2019,,,,,2025-11-03
지엠솔라태양광발전소,,전북특별자치도 남원시 사매면 대율리 산25-22,,,,정상가동,99,380,60,2019,,,,,2025-11-03
호성1호태양광발전소,,전북특별자치도 남원시 용정동 157,,,,정상가동,98.28,380,60,2020,,,,,2025-11-03
현성3호태양광발전소,,전북특별자치도 남원시 용정동 157-7,,,,정상가동,98.28,380,60,2020,,,,,2025-11-03
현성2호태양광발전소,,전북특별자치도 남원시 용정동 157-6,,,,정상가동,98.28,380,60,2020,,,,,2025-11-03
현성1호태양광발전소,,전북특별자치도 남원시 용정동 157-5,,,,정상가동,98.28,380,60,2020,,,,,2025-11-03
호성2호태양광발전소,,전북특별자치도 남원시 용정동 157-3,,,,정상가동,98.28,380,60,2020,,,,,2025-11-03
호성3호태양광발전소,,전북특별자치도 남원시 용정동 157-4,,,,정상가동,98.28,380,60,2020,,,,,2025-11-03
승정2호태양광발전소,,전북특별자치도 남원시 사매면 계수리 산14-1,,,,정상가동,397.6,380,60,2019,,,,,2025-11-03
신광남원5호태양광발전소,,전북특별자치도 남원시 대산면 신계리 산118-2,,,,정상가동,990,22900,60,2021,,,,,2025-11-03
대성2호태양광발전소,,전북특별자치도 남원시 대산면 신계리 산118-2,,,,정상가동,990,22900,60,2021,,,,,2025-11-03
대성3호태양광발전소,,전북특별자치도 남원시 대산면 신계리 산118-2,,,,정상가동,990,22900,60,2021,,,,,2025-11-03
태성3호태양광발전소,,전북특별자치도 남원시 대산면 신계리 산118-2,,,,정상가동,990,22900,60,2021,,,,,2025-11-03
태성4호태양광발전소,,전북특별자치도 남원시 대산면 신계리 산118-2,,,,정상가동,990,22900,60,2021,,,,,2025-11-03
현준태양광발전소,,전북특별자치도 남원시 대산면 신계리 산118-2,,,,정상가동,990,22900,60,2021,,,,,2025-11-03
재원2호태양광발전소,,전북특별자치도 남원시 아영면 일대리 434,,,,정상가동,298.8,380,60,2020,,,,,2025-11-03
재원3호태양광발전소,,전북특별자치도 남원시 아영면 일대리 444-14,,,,정상가동,298.8,380,60,2020,,,,,2025-11-03
재원4호태양광발전소,,전북특별자치도 남원시 아영면 일대리 444-11,,,,정상가동,298.8,380,60,2020,,,,,2025-11-03
아미태양광,,전북특별자치도 남원시 금지면 서매리 1213-99,,,,정상가동,99,380,60,2020,,,,,2025-11-03
정은에너지,,전북특별자치도 남원시 금지면 서매리 1213-113,,,,정상가동,99,380,60,2020,,,,,2025-11-03
서도해품산들태양광발전소,,전북특별자치도 남원시 사매면 서도리 660-31,,,,정상가동,99,380,60,2020,,,,,2025-11-03
서도해품바람태양광발전소,,전북특별자치도 남원시 사매면 서도리 660-4,,,,정상가동,99,380,60,2020,,,,,2025-11-03
서도5태양광발전소,,전북특별자치도 남원시 사매면 서도리 660-16,,,,정상가동,99,380,60,2020,,,,,2025-11-03
서도미순태양광발전소,,전북특별자치도 남원시 사매면 서도리 660-22,,,,정상가동,99,380,60,2020,,,,,2025-11-03
서도3태양광발전소,,전북특별자치도 남원시 사매면 서도리 660-41,,,,정상가동,99,380,60,2020,,,,,2025-11-03
홍래태양광발전소,,전북특별자치도 남원시 사매면 서도리 660-13,,,,정상가동,99,380,60,2020,,,,,2025-11-03
서도해품하늘태양광발전소,,전북특별자치도 남원시 사매면 서도리 660-15,,,,정상가동,99,380,60,2020,,,,,2025-11-03
청용6태양광발전소,,전북특별자치도 남원시 갈치동 121-27,,,,정상가동,99,380,60,2020,,,,,2025-11-03
갈치13태양광발전소,,전북특별자치도 남원시 갈치동 121-2,,,,정상가동,99,380,60,2019,,,,,2025-11-03
YJ2호기태양광발전소,,전북특별자치도 남원시 운봉읍 행정리 산3-1,,,,정상가동,495.04,380,60,2021,,,,,2025-11-03
와이제이3호기태양광발전소,,전북특별자치도 남원시 운봉읍 행정리 396-1,,,,정상가동,495.04,380,60,2021,,,,,2025-11-03
늘참태양광발전소,,전북특별자치도 남원시 주천면 배덕리 216,,,,정상가동,496.8,380,60,2020,,,,,2025-11-03
창대태양광발전소,,전북특별자치도 남원시 보절면 황벌리 산1-5,,,,정상가동,97.92,380,60,2021,,,,,2025-11-03
석초4호태양광발전소,,전북특별자치도 남원시 송동면 신평리 산60-1,,,,정상가동,994.95,22900,60,2021,,,,,2025-11-03
구암제이태양광발전,,전북특별자치도 남원시 고죽동 산72-1,,,,정상가동,997.92,22900,60,2019,,,,,2025-11-03
구암3호태양광발전소,,전북특별자치도 남원시 고죽동 산72-1,,,,정상가동,997.92,22900,60,2021,,,,,2025-11-03
구암제일태양광발전,,전북특별자치도 남원시 고죽동 산72-1,,,,정상가동,997.92,22900,60,2019,,,,,2025-11-03
준용태양광발전소,,전북특별자치도 남원시 대강면 신덕리 809-7,,,,정상가동,99,380,60,2019,,,,,2025-11-03
연남태양광발전소,,전북특별자치도 남원시 대강면 신덕리 809-2,,,,정상가동,99,380,60,2019,,,,,2025-11-03
참7호태양광발전소,,전북특별자치도 남원시 아영면 일대리 31-2,,,,정상가동,98.6,380,60,2021,,,,,2025-11-03
참6호태양광발전소,,전북특별자치도 남원시 아영면 일대리 31-2,,,,정상가동,98.6,380,60,2021,,,,,2025-11-03
참5호태양광발전소,,전북특별자치도 남원시 아영면 일대리 31-2,,,,정상가동,98.6,380,60,2021,,,,,2025-11-03
참4호태양광발전소,,전북특별자치도 남원시 아영면 일대리 31-3,,,,정상가동,99.96,380,60,2021,,,,,2025-11-03
참8호태양광발전소,,전북특별자치도 남원시 아영면 일대리 31-2,,,,정상가동,98.6,380,60,2021,,,,,2025-11-03
참9호태양광발전소,,전북특별자치도 남원시 아영면 일대리 31-2,,,,정상가동,98.6,380,60,2021,,,,,2025-11-03
참10호태양광발전소,,전북특별자치도 남원시 아영면 일대리 31-2,,,,정상가동,98.6,380,60,2021,,,,,2025-11-03
선유태양광발전소,,전북특별자치도 남원시 수지면 유암리 430-7,,,,정상가동,98.6,380,60,2020,,,,,2025-11-03
세인태양광발전소,,전북특별자치도 남원시 수지면 유암리 430-12,,,,정상가동,98.6,380,60,2020,,,,,2025-11-03
행복태양광발전소,,전북특별자치도 남원시 수지면 유암리 430-13,,,,정상가동,98.6,380,60,2020,,,,,2025-11-03
주남태양광발전소,,전북특별자치도 남원시 수지면 유암리 430-16,,,,정상가동,98.6,380,60,2020,,,,,2025-11-03
봉주태양광2호발전소,,전북특별자치도 남원시 사매면 계수리 436,,,,정상가동,99.82,380,60,2020,,,,,2025-11-03
헤세드발전소,,전북특별자치도 남원시 사매면 계수리 436-1,,,,정상가동,99.82,380,60,2020,,,,,2025-11-03
봉주태양광1호발전소,,전북특별자치도 남원시 사매면 계수리 436,,,,정상가동,99.82,380,60,2020,,,,,2025-11-03
양순태양광발전소,,전북특별자치도 남원시 대산면 풍촌리 632-1,,,,정상가동,99.16,380,60,2020,,,,,2025-11-03
현철에너지,,전북특별자치도 남원시 이백면 초촌리 867-24,,,,정상가동,64.35,380,60,2020,,,,,2025-11-03
정배태양광발전소,,전북특별자치도 남원시 광치동 533-5,,,,정상가동,99,380,60,2022,,,,,2025-11-03
정배2태양광발전소,,전북특별자치도 남원시 광치동 533-9,,,,정상가동,99,380,60,2022,,,,,2025-11-03
정배3태양광발전소,,전북특별자치도 남원시 광치동 533,,,,정상가동,99,380,60,2022,,,,,2025-11-03
예빈태양광발전소,,전북특별자치도 남원시 광치동 산101,,,,정상가동,99,380,60,2021,,,,,2025-11-03
대광광치12태양광발전소,,전북특별자치도 남원시 광치동 산101,,,,정상가동,99,380,60,2021,,,,,2025-11-03
대광광치11태양광발전소,,전북특별자치도 남원시 광치동 산101,,,,정상가동,99,380,60,2021,,,,,2025-11-03
대광광치10태양광발전소,,전북특별자치도 남원시 광치동 산101,,,,정상가동,99,380,60,2021,,,,,2025-11-03
대광광치9태양광발전소,,전북특별자치도 남원시 광치동 산101,,,,정상가동,99,380,60,2021,,,,,2025-11-03
대광광치4태양광발전소,,전북특별자치도 남원시 광치동 산101,,,,정상가동,99,380,60,2021,,,,,2025-11-03
대광광치5태양광발전소,,전북특별자치도 남원시 광치동 산101,,,,정상가동,99,380,60,2021,,,,,2025-11-03
대광광치2태양광발전소,,전북특별자치도 남원시 광치동 산101,,,,정상가동,99,380,60,2021,,,,,2025-11-03
대광광치1태양광발전소,,전북특별자치도 남원시 광치동 산101,,,,정상가동,99,380,60,2021,,,,,2025-11-03
대광광치3태양광발전소,,전북특별자치도 남원시 광치동 산101,,,,정상가동,99,380,60,2021,,,,,2025-11-03
대광광치8태양광발전소,,전북특별자치도 남원시 광치동 산100,,,,정상가동,99,380,60,2021,,,,,2025-11-03
대광솔라2태양광발전소,,전북특별자치도 남원시 광치동 산100,,,,정상가동,99,380,60,2021,,,,,2025-11-03
대광광치7태양광발전소,,전북특별자치도 남원시 광치동 산100,,,,정상가동,99,380,60,2021,,,,,2025-11-03
대광광치6태양광발전소,,전북특별자치도 남원시 광치동 산100,,,,정상가동,99,380,60,2021,,,,,2025-11-03
미경태양광발전소,,전북특별자치도 남원시 보절면 사촌리 산80,,,,정상가동,99,380,60,2021,,,,,2025-11-03
하람태양광발전소,,전북특별자치도 남원시 보절면 사촌리 산80,,,,정상가동,99,380,60,2021,,,,,2025-11-03
한백태양광발전소,,전북특별자치도 남원시 보절면 사촌리 산80,,,,정상가동,99,380,60,2021,,,,,2025-11-03
㈜담빛에너지사촌태양광발전소,,전북특별자치도 남원시 보절면 사촌리 산80-15,,,,정상가동,99,380,60,2020,,,,,2025-11-03
마르티노태양광발전소,,전북특별자치도 남원시 보절면 사촌리 산80-12,,,,정상가동,99,380,60,2020,,,,,2025-11-03
한실2태양광발전소,,전북특별자치도 남원시 보절면 사촌리 산80-11,,,,정상가동,99,380,60,2020,,,,,2025-11-03
한실태양광발전소,,전북특별자치도 남원시 보절면 사촌리 산80-10,,,,정상가동,99,380,60,2020,,,,,2025-11-03
미자태양광발전소,,전북특별자치도 남원시 보절면 사촌리 산80-3,,,,정상가동,99,380,60,2020,,,,,2025-11-03
장수태양광발전소,,전북특별자치도 남원시 보절면 사촌리 산80-7,,,,정상가동,99,380,60,2020,,,,,2025-11-03
희망태양광발전소,,전북특별자치도 남원시 보절면 사촌리 산80-8,,,,정상가동,99,380,60,2020,,,,,2025-11-03
은미태양광발전소,,전북특별자치도 남원시 보절면 사촌리 산80,,,,정상가동,99,380,60,2021,,,,,2025-11-03
은송태양광발전소,,전북특별자치도 남원시 보절면 사촌리 산80,,,,정상가동,99,380,60,2021,,,,,2025-11-03
규열태양광발전소,,전북특별자치도 남원시 보절면 사촌리 산80,,,,정상가동,99,380,60,2021,,,,,2025-11-03
천솔라2태양광발전소,,전북특별자치도 남원시 보절면 사촌리 산80,,,,정상가동,99,380,60,2021,,,,,2025-11-03
희솔라태양광발전소,,전북특별자치도 남원시 보절면 사촌리 산80,,,,정상가동,99,380,60,2021,,,,,2025-11-03
성주태양광발전소,,전북특별자치도 남원시 보절면 사촌리 산80,,,,정상가동,99,380,60,2021,,,,,2025-11-03
정주태양광발전소,,전북특별자치도 남원시 보절면 사촌리 산80,,,,정상가동,99,380,60,2021,,,,,2025-11-03
진영태양광발전소,,전북특별자치도 남원시 보절면 사촌리 산80,,,,정상가동,99,380,60,2021,,,,,2025-11-03
호재태양광발전소,,전북특별자치도 남원시 보절면 사촌리 산80-13,,,,정상가동,99,380,60,2020,,,,,2025-11-03
지오발전소남원,,전북특별자치도 남원시 보절면 사촌리 산80-2,,,,정상가동,99,380,60,2020,,,,,2025-11-03
미숙태양광발전소,,전북특별자치도 남원시 보절면 사촌리 산80-4,,,,정상가동,99,380,60,2020,,,,,2025-11-03
태도태양광발전소,,전북특별자치도 남원시 보절면 사촌리 산80-5,,,,정상가동,99,380,60,2020,,,,,2025-11-03
소망태양광발전소,,전북특별자치도 남원시 보절면 사촌리 산80-6,,,,정상가동,99,380,60,2020,,,,,2025-11-03
하원태양광발전소,,전북특별자치도 남원시 보절면 사촌리 산80-1,,,,정상가동,99,380,60,2020,,,,,2025-11-03
심향개발태양광발전소,,전북특별자치도 남원시 산동면 대기리 403-1,,,,정상가동,970.2,22900,60,2019,,,,,2025-11-03
하정태양광발전소,,전북특별자치도 남원시 금지면 서매리 359,,,,정상가동,250,380,60,2020,,,,,2025-11-03
남원에스에너지,,전북특별자치도 남원시 사매면 대신리 220,,,,정상가동,496.8,380,60,2019,,,,,2025-11-03
제이에너지,,전북특별자치도 남원시 사매면 대신리 220,,,,정상가동,496.8,380,60,2019,,,,,2025-11-03
아영태양광발전소,,전북특별자치도 남원시 주생면 정송리 223-15,,,,정상가동,99.83,380,60,2020,,,,,2025-11-03
현남태양광발전소,,전북특별자치도 남원시 주생면 정송리 223-9,,,,정상가동,99.83,380,60,2021,,,,,2025-11-03
정송임해품하늘태양광발전소,,전북특별자치도 남원시 주생면 정송리 223-22,,,,정상가동,99.83,380,60,2020,,,,,2025-11-03
철웅태양광발전소,,전북특별자치도 남원시 주생면 정송리 194-7,,,,정상가동,99.83,380,60,2020,,,,,2025-11-03
수빈태양광발전소,,전북특별자치도 남원시 주생면 정송리 194-4,,,,정상가동,99.83,380,60,2020,,,,,2025-11-03
성태태양광발전소,,전북특별자치도 남원시 주생면 정송리 269-5,,,,정상가동,99.83,380,60,2020,,,,,2025-11-03
장진태양광발전소,,전북특별자치도 남원시 주생면 정송리 269-3,,,,정상가동,99.83,380,60,2020,,,,,2025-11-03
동일태양광발전소,,전북특별자치도 남원시 주생면 정송리 194-6,,,,정상가동,99.83,380,60,2020,,,,,2025-11-03
구룡태양광발전소,,전북특별자치도 남원시 주생면 정송리 194-8,,,,정상가동,99.83,380,60,2020,,,,,2025-11-03
철민태양광발전소,,전북특별자치도 남원시 주생면 정송리 194-1,,,,정상가동,99.83,380,60,2020,,,,,2025-11-03
명자태양광발전소,,전북특별자치도 남원시 주생면 정송리 269-6,,,,정상가동,99.83,380,60,2020,,,,,2025-11-03
민철태양광발전소,,전북특별자치도 남원시 주생면 정송리 194-5,,,,정상가동,99.83,380,60,2020,,,,,2025-11-03
성종태양광발전소,,전북특별자치도 남원시 주생면 정송리 269-1,,,,정상가동,99.83,380,60,2020,,,,,2025-11-03
용주2호태양광발전소,,전북특별자치도 남원시 주생면 정송리 223-12,,,,정상가동,99.83,380,60,2020,,,,,2025-11-03
용주1호태양광발전소,,전북특별자치도 남원시 주생면 정송리 223-11,,,,정상가동,99.83,380,60,2020,,,,,2025-11-03
홍식3호태양광발전소,,전북특별자치도 남원시 주생면 정송리 194-3,,,,정상가동,99.83,380,60,2020,,,,,2025-11-03
홍식2호태양광발전소,,전북특별자치도 남원시 주생면 정송리 223-8,,,,정상가동,99.83,380,60,2020,,,,,2025-11-03
홍식1호태양광발전소,,전북특별자치도 남원시 주생면 정송리 223-6,,,,정상가동,99.83,380,60,2020,,,,,2025-11-03
상용3호태양광발전소,,전북특별자치도 남원시 주생면 정송리 223-14,,,,정상가동,99.83,380,60,2020,,,,,2025-11-03
상용2호태양광발전소,,전북특별자치도 남원시 주생면 정송리 223-10,,,,정상가동,99.83,380,60,2020,,,,,2025-11-03
상용1호태양광발전소,,전북특별자치도 남원시 주생면 정송리 223-13,,,,정상가동,99.83,380,60,2020,,,,,2025-11-03
영옥1호태양광발전소,,전북특별자치도 남원시 주생면 정송리 223-7,,,,정상가동,99.83,380,60,2020,,,,,2025-11-03
영옥2호태양광발전소,,전북특별자치도 남원시 주생면 정송리 223-2,,,,정상가동,99.83,380,60,2020,,,,,2025-11-03
이상2호태양광발전소,,전북특별자치도 남원시 주생면 정송리 223-24,,,,정상가동,99.83,380,60,2020,,,,,2025-11-03
이상1호태양광발전소,,전북특별자치도 남원시 주생면 정송리 223-4,,,,정상가동,99.83,380,60,2020,,,,,2025-11-03
명수2호태양광발전소,,전북특별자치도 남원시 주생면 정송리 223-20,,,,정상가동,99.83,380,60,2020,,,,,2025-11-03
명수1호태양광발전소,,전북특별자치도 남원시 주생면 정송리 223-5,,,,정상가동,99.83,380,60,2020,,,,,2025-11-03
광영2호태양광발전소,,전북특별자치도 남원시 주생면 정송리 223-21,,,,정상가동,99.83,380,60,2020,,,,,2025-11-03
광영1호태양광발전소,,전북특별자치도 남원시 주생면 정송리 223-25,,,,정상가동,99.83,380,60,2020,,,,,2025-11-03
금과옥1호태양광발전소,,전북특별자치도 남원시 주생면 정송리 223-16,,,,정상가동,99.83,380,60,2020,,,,,2025-11-03
금과옥2호태양광발전소,,전북특별자치도 남원시 주생면 정송리 223-17,,,,정상가동,99.83,380,60,2020,,,,,2025-11-03
금과옥3호태양광발전소,,전북특별자치도 남원시 주생면 정송리 223-18,,,,정상가동,99.83,380,60,2020,,,,,2025-11-03
아프로.H태양광,,전북특별자치도 남원시 인월면 상우리 259-41,,,,정상가동,99.84,380,60,2019,,,,,2025-11-03
민태양광발전소,,전북특별자치도 남원시 인월면 상우리 259-42,,,,정상가동,99.84,380,60,2019,,,,,2025-11-03
건승태양광,,전북특별자치도 남원시 인월면 상우리 259-43,,,,정상가동,99.84,380,60,2019,,,,,2025-11-03
해테크남원2호,,전북특별자치도 남원시 인월면 상우리 259-24,,,,정상가동,99.84,380,60,2019,,,,,2025-11-03
예성태양광,,전북특별자치도 남원시 인월면 상우리 산64-24,,,,정상가동,99.84,380,60,2019,,,,,2025-11-03
빛오름1호태양광,,전북특별자치도 남원시 인월면 상우리 산64-10,,,,정상가동,99.84,380,60,2019,,,,,2025-11-03
빛오름태양광,,전북특별자치도 남원시 인월면 상우리 산64-9,,,,정상가동,99.84,380,60,2019,,,,,2025-11-03
빛오름2호태양광,,전북특별자치도 남원시 인월면 상우리 산64-11,,,,정상가동,99.84,380,60,2019,,,,,2025-11-03
성산6호태양광발전소,,전북특별자치도 남원시 인월면 상우리 산64-22,,,,정상가동,99.84,380,60,2019,,,,,2025-11-03
충연1호태양광발전소,,전북특별자치도 남원시 인월면 상우리 산64-23,,,,정상가동,99.84,380,60,2019,,,,,2025-11-03
이대성3호태양광발전소,,전북특별자치도 남원시 인월면 상우리 산64-25,,,,정상가동,99.84,380,60,2019,,,,,2025-11-03
파인태양광발전소,,전북특별자치도 남원시 인월면 상우리 산64-26,,,,정상가동,99.84,380,60,2019,,,,,2025-11-03
한빛태양광발전소,,전북특별자치도 남원시 인월면 상우리 산64-27,,,,정상가동,99.84,380,60,2019,,,,,2025-11-03
은혜태양광,,전북특별자치도 남원시 인월면 상우리 259-26,,,,정상가동,99.84,380,60,2019,,,,,2025-11-03
해테크남원5호 태양광발전소,,전북특별자치도 남원시 인월면 상우리 259-1,,,,정상가동,99.84,380,60,2019,,,,,2025-11-03
해테크남원7호 태양광발전소,,전북특별자치도 남원시 인월면 상우리 259-5,,,,정상가동,99.84,380,60,2019,,,,,2025-11-03
대풍태양광,,전북특별자치도 남원시 인월면 상우리 산64-14,,,,정상가동,99.84,380,60,2019,,,,,2025-11-03
해테크남원6호 태양광발전소,,전북특별자치도 남원시 인월면 상우리 259-6,,,,정상가동,99.84,380,60,2019,,,,,2025-11-03
영생2태양광발전소,,전북특별자치도 남원시 보절면 신파리 410-2,,,,정상가동,99,380,60,2019,,,,,2025-11-03
병수태양광발전소,,전북특별자치도 남원시 보절면 신파리 410-65,,,,정상가동,99,380,60,2019,,,,,2025-11-03
영환태양광발전소,,전북특별자치도 남원시 보절면 신파리 410-66,,,,정상가동,99,380,60,2019,,,,,2025-11-03
민하태양광발전소,,전북특별자치도 남원시 보절면 신파리 410-67,,,,정상가동,99,380,60,2019,,,,,2025-11-03
종현2태양광발전소,,전북특별자치도 남원시 보절면 신파리 410-68,,,,정상가동,99,380,60,2019,,,,,2025-11-03
상덕태양광발전소,,전북특별자치도 남원시 보절면 신파리 410-70,,,,정상가동,99,380,60,2019,,,,,2025-11-03
홍래3호태양광발전소,,전북특별자치도 남원시 이백면 척문리 8-1,,,,정상가동,99.16,380,60,2019,,,,,2025-11-03
햇살태양광발전소,,전북특별자치도 남원시 주생면 영천리 산21-5,,,,정상가동,99,380,60,2020,,,,,2025-11-03
도곡1호태양광발전소,,전북특별자치도 남원시 대강면 수홍리 192-3,,,,정상가동,99.72,380,60,2022,,,,,2025-11-03
도곡2호태양광발전소,,전북특별자치도 남원시 대강면 수홍리 192-3,,,,정상가동,99.72,380,60,2022,,,,,2025-11-03
도양태양광발전소,,전북특별자치도 남원시 대강면 수홍리 192-3,,,,정상가동,99.72,380,60,2022,,,,,2025-11-03
도광태양광발전소,,전북특별자치도 남원시 대강면 수홍리 192-3,,,,정상가동,99.72,380,60,2022,,,,,2025-11-03
나무골태양광발전소,,전북특별자치도 남원시 산동면 목동리 174,,,,정상가동,97.2,380,60,2018,,,,,2025-11-03
생암1호태양광발전소,,전북특별자치도 남원시 대강면 생암리 553-70,,,,정상가동,99.9,380,60,2020,,,,,2025-11-03
사석1호태양광발전소,,전북특별자치도 남원시 대강면 생암리 553-73,,,,정상가동,99.9,380,60,2020,,,,,2025-11-03
사석2호태양광발전소,,전북특별자치도 남원시 대강면 생암리 553-72,,,,정상가동,99.9,380,60,2020,,,,,2025-11-03
잔밭1호태양광발전소,,전북특별자치도 남원시 대강면 생암리 554,,,,정상가동,99.72,380,60,2018,,,,,2025-11-03
요천태양광발전소,,전북특별자치도 남원시 대강면 생암리 554-4,,,,정상가동,99.72,380,60,2018,,,,,2025-11-03
잔밭2호태양광발전소,,전북특별자치도 남원시 대강면 생암리 554-2,,,,정상가동,99.72,380,60,2018,,,,,2025-11-03
생암태양광발전소,,전북특별자치도 남원시 대강면 생암리 554-5,,,,정상가동,99.72,380,60,2018,,,,,2025-11-03
드림2호태양광발전소,,전북특별자치도 남원시 대강면 생암리 553-71,,,,정상가동,99.9,380,60,2020,,,,,2025-11-03
생암2호태양광발전소,,전북특별자치도 남원시 대강면 생암리 553-69,,,,정상가동,99.9,380,60,2020,,,,,2025-11-03
애드원태양광발전소,,전북특별자치도 남원시 보절면 신파리 21-2,,,,정상가동,99.2,380,60,2019,,,,,2025-11-03
다다온태양광발전소,,전북특별자치도 남원시 보절면 신파리 21-3,,,,정상가동,99.2,380,60,2019,,,,,2025-11-03
한다온태양광발전소,,전북특별자치도 남원시 보절면 신파리 21-1,,,,정상가동,99.2,380,60,2019,,,,,2025-11-03
인순태양광발전소,,전북특별자치도 남원시 아영면 일대리 939,,,,정상가동,99,380,60,2019,,,,,2025-11-03
흥부골태양광발전소,,전북특별자치도 남원시 아영면 일대리 446,,,,정상가동,99,380,60,2019,,,,,2025-11-03
은순태양광발전소,,전북특별자치도 남원시 아영면 일대리 446,,,,정상가동,99,380,60,2019,,,,,2025-11-03
택근태양광발전소,,전북특별자치도 남원시 운봉읍 화수리 145-83,,,,정상가동,282,380,60,2019,,,,,2025-11-03
주태태양광발전소,,전북특별자치도 남원시 운봉읍 화수리 145-81,,,,정상가동,289,380,60,2019,,,,,2025-11-03
형봉태양광발전소,,전북특별자치도 남원시 주천면 주천리 880,,,,정상가동,298.2,380,60,2022,,,,,2025-11-03
장호태양광발전소,,전북특별자치도 남원시 사매면 관풍리 436-1,,,,정상가동,297,380,60,2019,,,,,2025-11-03
참11호태양광발전소,,전북특별자치도 남원시 아영면 일대리 19-1,,,,정상가동,499.8,380,60,2020,,,,,2025-11-03
지동태양광발전소,,전북특별자치도 남원시 산동면 월석리 657-15,,,,정상가동,96,380,60,2020,,,,,2025-11-03
하늘태양광발전소,,전북특별자치도 남원시 산동면 월석리 657-13,,,,정상가동,96,380,60,2020,,,,,2025-11-03
택2태양광발전소,,전북특별자치도 남원시 산동면 월석리 657-4,,,,정상가동,96,380,60,2020,,,,,2025-11-03
송길태양광발전소,,전북특별자치도 남원시 이백면 남계리 179-6,,,,정상가동,99,380,60,2020,,,,,2025-11-03
인성태양광발전소,,전북특별자치도 남원시 이백면 남계리 179-4,,,,정상가동,99,380,60,2020,,,,,2025-11-03
건지태양광발전소,,전북특별자치도 남원시 이백면 남계리 179-1,,,,정상가동,99,380,60,2020,,,,,2025-11-03
YJ1호기태양광발전소,,전북특별자치도 남원시 운봉읍 행정리 410-3,,,,정상가동,495.04,380,60,2021,,,,,2025-11-03
대율태양광발전소,,전북특별자치도 남원시 사매면 화정리 67,,,,정상가동,494.46,380,60,2019,,,,,2025-11-03
BH태양광발전소,,전북특별자치도 남원시 아영면 일대리 509-1,,,,정상가동,128.7,380,60,2019,,,,,2025-11-03
대산3태양광발전소,,전북특별자치도 남원시 주생면 도산리 759-1,,,,정상가동,297,380,60,2020,,,,,2025-11-03
남양1태양광발전소,,전북특별자치도 남원시 주생면 도산리 759-21,,,,정상가동,198,380,60,2021,,,,,2025-11-03
대산6태양광발전소,,전북특별자치도 남원시 주생면 도산리 759-20,,,,정상가동,198,380,60,2021,,,,,2025-11-03
세우린태양광발전소,,전북특별자치도 남원시 주생면 도산리 759-22,,,,정상가동,198,380,60,2020,,,,,2025-11-03
안평태양광발전소,,전북특별자치도 남원시 보절면 사촌리 191-16,,,,정상가동,99.28,380,60,2019,,,,,2025-11-03
수지태양광발전소,,전북특별자치도 남원시 수지면 초리 419,,,,정상가동,496.8,380,60,2020,,,,,2025-11-03
빛그린태양광발전소,,전북특별자치도 남원시 수지면 초리 419-5,,,,정상가동,496.8,380,60,2020,,,,,2025-11-03
해바라기태양광발전소,,전북특별자치도 남원시 수지면 초리 419-3,,,,정상가동,496.8,380,60,2020,,,,,2025-11-03
광연5태양광발전소,,전북특별자치도 남원시 수지면 초리 419-2,,,,정상가동,496.8,380,60,2020,,,,,2025-11-03
찬늘태양광발전소,,전북특별자치도 남원시 수지면 초리 419-4,,,,정상가동,496.8,380,60,2020,,,,,2025-11-03
시냅스태양광발전소,,전북특별자치도 남원시 사매면 대신리 609-23,,,,정상가동,99,380,60,2021,,,,,2025-11-03
상수도태양광발전소,,전북특별자치도 남원시 사매면 대신리 609-27,,,,정상가동,99,380,60,2021,,,,,2025-11-03
재민태양광발전소,,전북특별자치도 남원시 사매면 대신리 609-15,,,,정상가동,99,380,60,2021,,,,,2025-11-03
유명2태양광발전소,,전북특별자치도 남원시 사매면 대신리 609-4,,,,정상가동,99,380,60,2021,,,,,2025-11-03
재신태양광발전소,,전북특별자치도 남원시 사매면 대신리 609-8,,,,정상가동,99,380,60,2021,,,,,2025-11-03
주성태양광발전소,,전북특별자치도 남원시 사매면 대신리 609-10,,,,정상가동,99,380,60,2021,,,,,2025-11-03
상신태양광발전소,,전북특별자치도 남원시 사매면 대신리 24-1,,,,정상가동,97.92,380,60,2019,,,,,2025-11-03
덕평태양광발전소,,전북특별자치도 남원시 사매면 화정리 67-1,,,,정상가동,99.16,380,60,2019,,,,,2025-11-03
신명1호태양광발전소,,전북특별자치도 남원시 아영면 일대리 436-11,,,,정상가동,98.6,380,60,2020,,,,,2025-11-03
신명2호태양광발전소,,전북특별자치도 남원시 아영면 일대리 436-24,,,,정상가동,98.6,380,60,2020,,,,,2025-11-03
대율2태양광발전소,,전북특별자치도 남원시 사매면 대율리 518-1,,,,정상가동,99,380,60,2019,,,,,2025-11-03
대율1태양광발전소,,전북특별자치도 남원시 사매면 대율리 518-1,,,,정상가동,99,380,60,2019,,,,,2025-11-03
대율3태양광발전소,,전북특별자치도 남원시 사매면 대율리 518-1,,,,정상가동,99,380,60,2019,,,,,2025-11-03
덕동5태양광발전소,,전북특별자치도 남원시 덕과면 덕촌리 산11,,,,정상가동,99,380,60,2019,,,,,2025-11-03
덕동4태양광발전소,,전북특별자치도 남원시 덕과면 덕촌리 산11,,,,정상가동,99,380,60,2019,,,,,2025-11-03
덕동3태양광발전소,,전북특별자치도 남원시 덕과면 덕촌리 산11,,,,정상가동,99,380,60,2019,,,,,2025-11-03
덕동2태양광발전소,,전북특별자치도 남원시 덕과면 덕촌리 산11,,,,정상가동,99,380,60,2019,,,,,2025-11-03
덕동1태양광발전소,,전북특별자치도 남원시 덕과면 덕촌리 산11,,,,정상가동,99,380,60,2019,,,,,2025-11-03
일환태양광발전소,,전북특별자치도 남원시 죽항동 211,,,,정상가동,19.88,380,60,2018,,,,,2025-11-03
제이유1호태양광발전소,,전북특별자치도 남원시 대산면 신계리 산118-2,,,,정상가동,98.6,380,60,2020,,,,,2025-11-03
엘케이1호태양광발전소,,전북특별자치도 남원시 대산면 신계리 산118-2,,,,정상가동,98.6,380,60,2020,,,,,2025-11-03
제이제이태양광발전소,,전북특별자치도 남원시 대산면 신계리 산118-2,,,,정상가동,98.6,380,60,2020,,,,,2025-11-03
신광남원6호태양광발전소,,전북특별자치도 남원시 대산면 신계리 산118-2,,,,정상가동,98.6,380,60,2020,,,,,2025-11-03
신광남원7호태양광발전소,,전북특별자치도 남원시 대산면 신계리 산118-2,,,,정상가동,98.6,380,60,2020,,,,,2025-11-03
신광남원8호태양광발전소,,전북특별자치도 남원시 대산면 신계리 산118-2,,,,정상가동,98.6,380,60,2020,,,,,2025-11-03
상명에너지태양광발전소,,전북특별자치도 남원시 대산면 신계리 산118-2,,,,정상가동,98.6,380,60,2020,,,,,2025-11-03
해피에너지태양광발전소,,전북특별자치도 남원시 대산면 신계리 산118-2,,,,정상가동,98.6,380,60,2020,,,,,2025-11-03
행복에너지태양광발전소,,전북특별자치도 남원시 대산면 신계리 산118-2,,,,정상가동,98.6,380,60,2020,,,,,2025-11-03
평화태양광발전소,,전북특별자치도 남원시 대산면 신계리 산118-2,,,,정상가동,98.6,380,60,2020,,,,,2025-11-03
규근1호태양광발전소,,전북특별자치도 남원시 송동면 송내리 5,,,,정상가동,99.2,380,60,2020,,,,,2025-11-03
규근2호태양광발전소,,전북특별자치도 남원시 송동면 송내리 671,,,,정상가동,99.2,380,60,2020,,,,,2025-11-03
신촌에너지태양광발전소,,전북특별자치도 남원시 내척동 665-20,,,,정상가동,998.4,22900,60,2023,,,,,2025-11-03
선호1호발전소,,전북특별자치도 남원시 인월면 성산리 312-2,,,,정상가동,99,380,60,2019,,,,,2025-11-03
영옥태양광발전소,,전북특별자치도 남원시 인월면 성산리 312-3,,,,정상가동,99,380,60,2019,,,,,2025-11-03
창호2호발전소,,전북특별자치도 남원시 인월면 성산리 312-4,,,,정상가동,99,380,60,2019,,,,,2025-11-03
창호1호발전소,,전북특별자치도 남원시 인월면 성산리 312-1,,,,정상가동,99,380,60,2019,,,,,2025-11-03
송대에너지태양광발전소,,전북특별자치도 남원시 대강면 송대리 산110-1,,,,정상가동,97.92,380,60,2020,,,,,2025-11-03
문자태양광,,전북특별자치도 남원시 덕과면 고정리 607,,,,정상가동,97.92,380,60,2019,,,,,2025-11-03
남원글로리,,전북특별자치도 남원시 덕과면 고정리 607-1,,,,정상가동,97.92,380,60,2019,,,,,2025-11-03
해테크남원3호,,전북특별자치도 남원시 덕과면 고정리 607-2,,,,정상가동,97.92,380,60,2019,,,,,2025-11-03
용산3호태양광발전소,,전북특별자치도 남원시 덕과면 용산리 997-13,,,,정상가동,99.2,380,60,2019,,,,,2025-11-03
용산2호태양광발전소,,전북특별자치도 남원시 덕과면 용산리 997-11,,,,정상가동,99.2,380,60,2019,,,,,2025-11-03
현숙태양광발전소,,전북특별자치도 남원시 송동면 흑송리 241,,,,정상가동,99.72,380,60,2020,,,,,2025-11-03
용호태양광발전소,,전북특별자치도 남원시 송동면 흑송리 241-1,,,,정상가동,99.72,380,60,2020,,,,,2025-11-03
원태태양광발전소,,전북특별자치도 남원시 송동면 흑송리 241-18,,,,정상가동,99.72,380,60,2020,,,,,2025-11-03
윤정태양광발전소,,전북특별자치도 남원시 송동면 흑송리 241-14,,,,정상가동,99.72,380,60,2020,,,,,2025-11-03
정숙태양광발전소,,전북특별자치도 남원시 송동면 흑송리 241-17,,,,정상가동,99.72,380,60,2020,,,,,2025-11-03
윤열태양광발전소,,전북특별자치도 남원시 송동면 흑송리 241-15,,,,정상가동,99.72,380,60,2020,,,,,2025-11-03
윤희태양광발전소,,전북특별자치도 남원시 송동면 흑송리 241-13,,,,정상가동,99.72,380,60,2020,,,,,2025-11-03
일호전기태양광발전소,,전북특별자치도 남원시 대강면 평촌리 409-28,,,,정상가동,99.72,380,60,2019,,,,,2025-11-03
솔라팡팡1호태양광발전소,,전북특별자치도 남원시 대강면 평촌리 409-25,,,,정상가동,99.72,380,60,2019,,,,,2025-11-03
일호전기1호태양광발전소,,전북특별자치도 남원시 대강면 평촌리 409-29,,,,정상가동,99.72,380,60,2019,,,,,2025-11-03
영순태양광발전소,,전북특별자치도 남원시 대강면 평촌리 409-30,,,,정상가동,99.72,380,60,2019,,,,,2025-11-03
솔라팡팡태양광발전소,,전북특별자치도 남원시 대강면 평촌리 409-23,,,,정상가동,99.72,380,60,2019,,,,,2025-11-03
전기팡팡2호태양광발전소,,전북특별자치도 남원시 대강면 평촌리 409-21,,,,정상가동,99.72,380,60,2019,,,,,2025-11-03
전기팡팡태양광발전소,,전북특별자치도 남원시 대강면 평촌리 409-16,,,,정상가동,99.72,380,60,2019,,,,,2025-11-03
솔라팡팡2호태양광발전소,,전북특별자치도 남원시 대강면 평촌리 409-17,,,,정상가동,99.72,380,60,2019,,,,,2025-11-03
전기팡팡1호태양광발전소,,전북특별자치도 남원시 대강면 평촌리 409-19,,,,정상가동,99.72,380,60,2019,,,,,2025-11-03
조은사람태양광발전소,,전북특별자치도 남원시 아영면 아곡리 783,,,,정상가동,199.2,380,60,2020,,,,,2025-11-03
장국리태양광발전소,,전북특별자치도 남원시 송동면 장국리 59-3,,,,정상가동,99.75,380,60,2020,,,,,2025-11-03
동강2호태양광발전소,,전북특별자치도 남원시 주생면 낙동리 824-4,,,,정상가동,440.64,22900,60,2021,,,,,2025-11-03
광현태양광발전소,,전북특별자치도 남원시 주생면 낙동리 824-5,,,,정상가동,881.28,22900,60,2021,,,,,2025-11-03
봉영솔라태양광발전소,,전북특별자치도 남원시 아영면 성리 200-45,,,,정상가동,805.14,22900,60,2019,,,,,2025-11-03
희망태양광발전소,,전북특별자치도 남원시 운봉읍 권포리 34,,,,정상가동,99.45,380,60,2019,,,,,2025-11-03
지형태양광발전소,,전북특별자치도 남원시 운봉읍 권포리 35-6,,,,정상가동,99.45,380,60,2019,,,,,2025-11-03
권포리순태양광발전소,,전북특별자치도 남원시 운봉읍 권포리 34-4,,,,정상가동,99.45,380,60,2019,,,,,2025-11-03
형통태양광발전소,,전북특별자치도 남원시 운봉읍 권포리 34-3,,,,정상가동,99.45,380,60,2019,,,,,2025-11-03
권포3태양광발전소,,전북특별자치도 남원시 운봉읍 권포리 35-7,,,,정상가동,99.45,380,60,2019,,,,,2025-11-03
행복1호태양광발전소,,전북특별자치도 남원시 아영면 일대리 190-1,,,,정상가동,98.6,380,60,2020,,,,,2025-11-03
행복2호태양광발전소,,전북특별자치도 남원시 아영면 일대리 190-1,,,,정상가동,49.3,380,60,2020,,,,,2025-11-03
재원5호태양광발전소,,전북특별자치도 남원시 아영면 일대리 190-1,,,,정상가동,98.6,380,60,2020,,,,,2025-11-03
석기에너지태양광발전소,,전북특별자치도 남원시 주생면 도산리 759-23,,,,정상가동,99,380,60,2020,,,,,2025-11-03
소망에너지태양광발전소,,전북특별자치도 남원시 사매면 관풍리 436-23,,,,정상가동,99,380,60,2019,,,,,2025-11-03
이HSS태양광발전소,,전북특별자치도 남원시 사매면 관풍리 436-24,,,,정상가동,99,380,60,2019,,,,,2025-11-03
㈜빛사랑운교,,전북특별자치도 남원시 대산면 운교리 874-5,,,,정상가동,997.6,22900,60,2023,,,,,2025-11-03
썬링크태양광발전소,,전북특별자치도 남원시 대산면 운교리 874-21,,,,정상가동,997.6,22900,60,2023,,,,,2025-11-03
햇살태양광발전소,,전북특별자치도 남원시 대산면 운교리 산77-6,,,,정상가동,997.56,22900,60,2021,,,,,2025-11-03
압곡3호태양광발전소,,전북특별자치도 남원시 운봉읍 임리 424,,,,정상가동,499.82,380,60,2019,,,,,2025-11-03
종훈태양광발전소,,전북특별자치도 남원시 보절면 진기리 1175,,,,정상가동,99,380,60,2019,,,,,2025-11-03
범성에너지태양광발전소,,전북특별자치도 남원시 대강면 평촌리 408-12,,,,정상가동,598.4,22900,60,2019,,,,,2025-11-03
평촌리에스엠경진,,전북특별자치도 남원시 대강면 평촌리 408-14,,,,정상가동,787.36,22900,60,2019,,,,,2025-11-03
(유)주석태양광발전소,,전북특별자치도 남원시 대강면 평촌리 408-13,,,,정상가동,400.71,380,60,2019,,,,,2025-11-03
명선에너지2호,,전북특별자치도 남원시 이백면 과립리 290,,,,정상가동,49.5,380,60,2019,,,,,2025-11-03
BN에너지2,,전북특별자치도 남원시 인월면 성산리 360-13,,,,정상가동,98,380,60,2020,,,,,2025-11-03
운봉진태양광발전소,,전북특별자치도 남원시 운봉읍 권포리 34-7,,,,정상가동,99.45,380,60,2019,,,,,2025-11-03
푸른운봉이오원태양광발전소,,전북특별자치도 남원시 운봉읍 권포리 34-5,,,,정상가동,99.45,380,60,2019,,,,,2025-11-03
푸른운봉이오투태양광발전소,,전북특별자치도 남원시 운봉읍 권포리 34-6,,,,정상가동,99.45,380,60,2019,,,,,2025-11-03
바래봉태양광발전소,,전북특별자치도 남원시 운봉읍 용산리 708-12,,,,정상가동,99,380,60,2018,,,,,2025-11-03
조광태양광발전소,,전북특별자치도 남원시 대강면 송대리 670-11,,,,정상가동,97.2,380,60,2022,,,,,2025-11-03
쨍쨍태양광발전소,,전북특별자치도 남원시 대강면 송대리 670-14,,,,정상가동,97.2,380,60,2022,,,,,2025-11-03
광일태양광발전소,,전북특별자치도 남원시 대강면 송대리 670-16,,,,정상가동,97.2,380,60,2022,,,,,2025-11-03
지민태양광발전소,,전북특별자치도 남원시 대강면 송대리 670-12,,,,정상가동,97.2,380,60,2022,,,,,2025-11-03
다우태양광발전소,,전북특별자치도 남원시 대강면 송대리 670-15,,,,정상가동,97.2,380,60,2022,,,,,2025-11-03
이앤에스태양광발전소,,전북특별자치도 남원시 대강면 송대리 670-13,,,,정상가동,97.2,380,60,2022,,,,,2025-11-03
금례태양광발전소,,전북특별자치도 남원시 대강면 송대리 670-17,,,,정상가동,97.2,3850,60,2022,,,,,2025-11-03
지성1호태양광발전소,,전북특별자치도 남원시 대강면 송대리 670-5,,,,정상가동,599.4,22900,60,2022,,,,,2025-11-03
기영태양광발전소,,전북특별자치도 남원시 대강면 송대리 670-4,,,,정상가동,97.2,380,60,2022,,,,,2025-11-03
영석태양광발전소,,전북특별자치도 남원시 대강면 송대리 670-18,,,,정상가동,97.2,380,60,2022,,,,,2025-11-03
춘택태양광발전소,,전북특별자치도 남원시 대강면 송대리 722,,,,정상가동,98.55,380,60,2019,,,,,2025-11-03
승원태양광발전소,,전북특별자치도 남원시 대강면 송대리 715,,,,정상가동,98.55,380,60,2019,,,,,2025-11-03
서도13태양광발전소,,전북특별자치도 남원시 사매면 서도리 660-1,,,,정상가동,99,380,60,2020,,,,,2025-11-03
서도영도태양광발전소,,전북특별자치도 남원시 사매면 서도리 660-3,,,,정상가동,99,380,60,2020,,,,,2025-11-03
서도덕희태양광발전소,,전북특별자치도 남원시 사매면 서도리 660-2,,,,정상가동,99,380,60,2020,,,,,2025-11-03
서도해품소리태양광발전소,,전북특별자치도 남원시 사매면 서도리 660-39,,,,정상가동,99,380,60,2020,,,,,2025-11-03
PGA태양광발전소,,전북특별자치도 남원시 용정동 29-7,,,,정상가동,99,380,60,2019,,,,,2025-11-03
윤진태양광발전소,,전북특별자치도 남원시 주생면 정송리 산39-5,,,,정상가동,99,380,60,2020,,,,,2025-11-03
현숙태양광발전소,,전북특별자치도 남원시 주생면 정송리 산39-5,,,,정상가동,99,380,60,2020,,,,,2025-11-03
명순태양광발전소,,전북특별자치도 남원시 주생면 정송리 산39-5,,,,정상가동,99,380,60,2020,,,,,2025-11-03
사월태양광발전소,,전북특별자치도 남원시 내척동 663-18,,,,정상가동,99.45,380,60,2022,,,,,2025-11-03
(유)나래울에너지태양광발전소,,전북특별자치도 남원시 내척동 663-22,,,,정상가동,99.45,380,60,2022,,,,,2025-11-03
(유)재찬에너지태양광발전소,,전북특별자치도 남원시 내척동 663-23,,,,정상가동,99.45,380,60,2022,,,,,2025-11-03
(유)진샘에너지태양광발전소,,전북특별자치도 남원시 내척동 663-27,,,,정상가동,99.45,380,60,2022,,,,,2025-11-03
(유)은새에너지태양광발전소,,전북특별자치도 남원시 내척동 663-24,,,,정상가동,99.45,380,60,2022,,,,,2025-11-03
동우태양광발전소,,전북특별자치도 남원시 운봉읍 권포리 64-3,,,,정상가동,99,380,60,2019,,,,,2025-11-03
성현태양광발전소,,전북특별자치도 남원시 운봉읍 권포리 64-6,,,,정상가동,99,380,60,2019,,,,,2025-11-03
성현2태양광발전소,,전북특별자치도 남원시 운봉읍 권포리 64-5,,,,정상가동,99,380,60,2019,,,,,2025-11-03
김앤장쏠라에너지발전소,,전북특별자치도 남원시 대강면 방동리 1103,,,,정상가동,99.9,380,60,2020,,,,,2025-11-03
동명태양광발전소,,전북특별자치도 남원시 대강면 방동리 1107,,,,정상가동,99.9,380,60,2020,,,,,2025-11-03
가온하람태양광발전소,,전북특별자치도 남원시 대강면 방동리 1109-2,,,,정상가동,99.9,380,60,2020,,,,,2025-11-03
디엠에너지발전소,,전북특별자치도 남원시 대강면 방동리 1103-1,,,,정상가동,99.9,380,60,2020,,,,,2025-11-03
진주태양광발전소,,전북특별자치도 남원시 대강면 방동리 1109,,,,정상가동,99.9,380,60,2020,,,,,2025-11-03
BN에너지1,,전북특별자치도 남원시 인월면 성산리 360-1,,,,정상가동,396.9,380,60,2020,,,,,2025-11-03
송내리1호태양광발전소,,전북특별자치도 남원시 송동면 송내리 산86-3,,,,정상가동,994.5,22900,60,2023,,,,,2025-11-03
주현태양광발전소,,전북특별자치도 남원시 운봉읍 용산리 산56,,,,정상가동,400,380,60,2019,,,,,2025-11-03
산성1호태양광발전소,,전북특별자치도 남원시 내척동 658-1,,,,정상가동,999.735,22900,60,2020,,,,,2025-11-03
산성2호태양광발전소,,전북특별자치도 남원시 내척동 658-2,,,,정상가동,999.735,22900,60,2020,,,,,2025-11-03
남계15호태양광발전소,,전북특별자치도 남원시 이백면 남계리 178-46,,,,정상가동,99,380,60,2020,,,,,2025-11-03
남계16호태양광발전소,,전북특별자치도 남원시 이백면 남계리 178-46,,,,정상가동,99,380,60,2020,,,,,2025-11-03
남계17호태양광발전소,,전북특별자치도 남원시 이백면 남계리 178-46,,,,정상가동,99,380,60,2020,,,,,2025-11-03
남계18호태양광발전소,,전북특별자치도 남원시 이백면 남계리 178-18,,,,정상가동,99,380,60,2020,,,,,2025-11-03
남계19호태양광발전소,,전북특별자치도 남원시 이백면 남계리 178-1,,,,정상가동,99,380,60,2020,,,,,2025-11-03
남계20호태양광발전소,,전북특별자치도 남원시 이백면 남계리 178-67,,,,정상가동,99,380,60,2020,,,,,2025-11-03
남계21호태양광발전소,,전북특별자치도 남원시 이백면 남계리 산8,,,,정상가동,99,380,60,2020,,,,,2025-11-03
다복태양광발전소,,전북특별자치도 남원시 이백면 남계리 178-19,,,,정상가동,99,380,60,2021,,,,,2025-11-03
예지태양광발전소,,전북특별자치도 남원시 이백면 남계리 178-28,,,,정상가동,99,380,60,2021,,,,,2025-11-03
제일태양광발전소,,전북특별자치도 남원시 이백면 남계리 178-24,,,,정상가동,99,380,60,2021,,,,,2025-11-03
나루태양광발전소,,전북특별자치도 남원시 이백면 남계리 178-58,,,,정상가동,99,380,60,2021,,,,,2025-11-03
열매태양광발전소,,전북특별자치도 남원시 이백면 남계리 178-44,,,,정상가동,99,380,60,2021,,,,,2025-11-03
레지나태양광발전소,,전북특별자치도 남원시 이백면 남계리 178-20,,,,정상가동,99,380,60,2021,,,,,2025-11-03
요한태양광발전소,,전북특별자치도 남원시 이백면 남계리 178-36,,,,정상가동,99,380,60,2021,,,,,2025-11-03
남계29호태양광발전소,,전북특별자치도 남원시 이백면 남계리 산8,,,,정상가동,99,380,60,2021,,,,,2025-11-03
남계30호태양광발전소,,전북특별자치도 남원시 이백면 남계리 산8,,,,정상가동,99,380,60,2021,,,,,2025-11-03
남계31호태양광발전소,,전북특별자치도 남원시 이백면 남계리 산8,,,,정상가동,99,380,60,2021,,,,,2025-11-03
남계32호태양광발전소,,전북특별자치도 남원시 이백면 남계리 산8,,,,정상가동,99,380,60,2021,,,,,2025-11-03
금빛태양광발전소,,전북특별자치도 남원시 이백면 남계리 178-41,,,,정상가동,99,380,60,2021,,,,,2025-11-03
영이태양광발전소,,전북특별자치도 남원시 이백면 남계리 178-35,,,,정상가동,99,380,60,2021,,,,,2025-11-03
남계35호태양광발전소,,전북특별자치도 남원시 이백면 남계리 산8,,,,정상가동,99,380,60,2021,,,,,2025-11-03
남계36호태양광발전소,,전북특별자치도 남원시 이백면 남계리 산8,,,,정상가동,99,380,60,2021,,,,,2025-11-03
남계37호태양광발전소,,전북특별자치도 남원시 이백면 남계리 산8,,,,정상가동,99,380,60,2021,,,,,2025-11-03
남계38호태양광발전소,,전북특별자치도 남원시 이백면 남계리 산8,,,,정상가동,99,380,60,2021,,,,,2025-11-03
남계39호태양광발전소,,전북특별자치도 남원시 이백면 남계리 산8,,,,정상가동,99,380,60,2021,,,,,2025-11-03
남계40호태양광발전소,,전북특별자치도 남원시 이백면 남계리 산8,,,,정상가동,99,380,60,2021,,,,,2025-11-03
남계41호태양광발전소,,전북특별자치도 남원시 이백면 남계리 산8,,,,정상가동,99,380,60,2021,,,,,2025-11-03
남계42호태양광발전소,,전북특별자치도 남원시 이백면 남계리 산8,,,,정상가동,99,380,60,2021,,,,,2025-11-03
남계43호태양광발전소,,전북특별자치도 남원시 이백면 남계리 산8,,,,정상가동,99,380,60,2021,,,,,2025-11-03
남계44호태양광발전소,,전북특별자치도 남원시 이백면 남계리 산8,,,,정상가동,99,380,60,2021,,,,,2025-11-03
남계45호태양광발전소,,전북특별자치도 남원시 이백면 남계리 산8,,,,정상가동,99,380,60,2021,,,,,2025-11-03
남계46호태양광발전소,,전북특별자치도 남원시 이백면 남계리 산8,,,,정상가동,99,380,60,2021,,,,,2025-11-03
종록태양광발전소,,전북특별자치도 남원시 송동면 송상리 464-4,,,,정상가동,845.82,22900,60,2019,,,,,2025-11-03
명선에너지1호,,전북특별자치도 남원시 이백면 과립리 297-1,,,,정상가동,148.5,380,60,2019,,,,,2025-11-03
반송태양광발전소,,전북특별자치도 남원시 주생면 정송리 563-8,,,,정상가동,198,380,60,2021,,,,,2025-11-03
기쁨쏠라,,전북특별자치도 남원시 주생면 정송리 산39-5,,,,정상가동,198,380,60,2021,,,,,2025-11-03
현서태양광발전소,,전북특별자치도 남원시 인월면 상우리 653-1,,,,정상가동,99.75,380,60,2020,,,,,2025-11-03
사매3호태양광발전소,,전북특별자치도 남원시 사매면 오신리 151-3,,,,정상가동,99,380,60,2019,,,,,2025-11-03
사매2호태양광발전소,,전북특별자치도 남원시 사매면 오신리 151-2,,,,정상가동,99,380,60,2019,,,,,2025-11-03
사매1호태양광발전소,,전북특별자치도 남원시 사매면 오신리 151-1,,,,정상가동,99,380,60,2019,,,,,2025-11-03
사매20호태양광발전소,,전북특별자치도 남원시 사매면 오신리 151-20,,,,정상가동,99,380,60,2019,,,,,2025-11-03
사매19호태양광발전소,,전북특별자치도 남원시 사매면 오신리 151-19,,,,정상가동,99,380,60,2019,,,,,2025-11-03
사매18호쏠라,,전북특별자치도 남원시 사매면 오신리 151-18,,,,정상가동,99,380,60,2019,,,,,2025-11-03
사매17호태양광발전소,,전북특별자치도 남원시 사매면 오신리 151-17,,,,정상가동,99,380,60,2019,,,,,2025-11-03
사매16호태양광발전소,,전북특별자치도 남원시 사매면 오신리 151-16,,,,정상가동,99,380,60,2019,,,,,2025-11-03
사매15호태양광발전소,,전북특별자치도 남원시 사매면 오신리 151-15,,,,정상가동,99,380,60,2019,,,,,2025-11-03
사매14호태양광발전소,,전북특별자치도 남원시 사매면 오신리 151-14,,,,정상가동,99,380,60,2019,,,,,2025-11-03
사매13호태양광발전소,,전북특별자치도 남원시 사매면 오신리 151-13,,,,정상가동,99,380,60,2019,,,,,2025-11-03
사매12호태양광발전소,,전북특별자치도 남원시 사매면 오신리 151-12,,,,정상가동,99,380,60,2019,,,,,2025-11-03
사매11호태양광발전소,,전북특별자치도 남원시 사매면 오신리 151-11,,,,정상가동,99,380,60,2019,,,,,2025-11-03
사매10호태양광발전소,,전북특별자치도 남원시 사매면 오신리 151-10,,,,정상가동,99,380,60,2019,,,,,2025-11-03
사매9호태양광발전소,,전북특별자치도 남원시 사매면 오신리 151-9,,,,정상가동,99,380,60,2019,,,,,2025-11-03
사매8호태양광발전소,,전북특별자치도 남원시 사매면 오신리 151-8,,,,정상가동,99,380,60,2019,,,,,2025-11-03
사매7호태양광발전소,,전북특별자치도 남원시 사매면 오신리 151-7,,,,정상가동,99,380,60,2019,,,,,2025-11-03
사매6호태양광발전소,,전북특별자치도 남원시 사매면 오신리 151-6,,,,정상가동,99,380,60,2019,,,,,2025-11-03
사매5호태양광발전소,,전북특별자치도 남원시 사매면 오신리 151-5,,,,정상가동,99,380,60,2019,,,,,2025-11-03
사매4호태양광발전소,,전북특별자치도 남원시 사매면 오신리 151-4,,,,정상가동,99,380,60,2019,,,,,2025-11-03
더위사냥태양광발전소,,전북특별자치도 남원시 대강면 수홍리 119-13,,,,정상가동,99.36,380,60,2022,,,,,2025-11-03
금귤태양광발전소,,전북특별자치도 남원시 대강면 수홍리 119-15,,,,정상가동,99.36,380,60,2022,,,,,2025-11-03
바람태양광발전소,,전북특별자치도 남원시 대강면 수홍리 119-5,,,,정상가동,99.36,380,60,2022,,,,,2025-11-03
동동태양광발전소,,전북특별자치도 남원시 대강면 수홍리 119-1,,,,정상가동,99.36,380,60,2022,,,,,2025-11-03
수홍태양광발전소,,전북특별자치도 남원시 대강면 수홍리 119-8,,,,정상가동,943.92,22900,60,2022,,,,,2025-11-03
누가태양광발전소,,전북특별자치도 남원시 대강면 수홍리 119-4,,,,정상가동,99.36,380,60,2022,,,,,2025-11-03
봄태양광발전소,,전북특별자치도 남원시 대강면 수홍리 119-3,,,,정상가동,99.36,380,60,2022,,,,,2025-11-03
종훈2호태양광발전소,,전북특별자치도 남원시 보절면 괴양리 852-15,,,,정상가동,94.52,380,60,2019,,,,,2025-11-03
KHJ솔라태양광발전소,,전북특별자치도 남원시 내척동 665-5,,,,정상가동,99.45,380,60,2020,,,,,2025-11-03
(유)정진솔라테크태양광발전소,,전북특별자치도 남원시 내척동 665-7,,,,정상가동,99.45,380,60,2020,,,,,2025-11-03
다경태양광발전소,,전북특별자치도 남원시 내척동 665-4,,,,정상가동,99.45,380,60,2020,,,,,2025-11-03
이호태양광발전소,,전북특별자치도 남원시 인월면 자래리 19,,,,정상가동,99,380,60,2019,,,,,2025-11-03
영광태양광발전소,,전북특별자치도 남원시 인월면 자래리 19-2,,,,정상가동,99,380,60,2019,,,,,2025-11-03
수윤태양광발전소,,전북특별자치도 남원시 인월면 자래리 19-12,,,,정상가동,99,380,60,2019,,,,,2025-11-03
자운태양광발전소,,전북특별자치도 남원시 인월면 자래리 19-4,,,,정상가동,99,380,60,2019,,,,,2025-11-03
정산태양광발전소,,전북특별자치도 남원시 인월면 자래리 19-3,,,,정상가동,99,380,60,2019,,,,,2025-11-03
춘향태양광발전소,,전북특별자치도 남원시 인월면 자래리 19-10,,,,정상가동,99,380,60,2019,,,,,2025-11-03
케이엘에스태양광발전소,,전북특별자치도 남원시 인월면 자래리 19-9,,,,정상가동,99,380,60,2019,,,,,2025-11-03
한빛태양광발전소,,전북특별자치도 남원시 인월면 자래리 19-8,,,,정상가동,99,380,60,2019,,,,,2025-11-03
만복대태양광발전소,,전북특별자치도 남원시 인월면 자래리 19-20,,,,정상가동,99,380,60,2019,,,,,2025-11-03
세용태양광발전소,,전북특별자치도 남원시 인월면 자래리 19-19,,,,정상가동,99,380,60,2019,,,,,2025-11-03
영희태양광발전소,,전북특별자치도 남원시 인월면 자래리 24-7,,,,정상가동,99,380,60,2019,,,,,2025-11-03
미래태양광발전소,,전북특별자치도 남원시 인월면 자래리 24-6,,,,정상가동,99,380,60,2019,,,,,2025-11-03
하늘빛태양광발전소,,전북특별자치도 남원시 인월면 자래리 24-5,,,,정상가동,99,380,60,2019,,,,,2025-11-03
솔라파워태양광발전소,,전북특별자치도 남원시 인월면 자래리 24,,,,정상가동,99,380,60,2019,,,,,2025-11-03
해피1태양광발전소,,전북특별자치도 남원시 인월면 자래리 24-1,,,,정상가동,99,380,60,2019,,,,,2025-11-03
해오름에너지태양광발전소,,전북특별자치도 남원시 인월면 자래리 24-2,,,,정상가동,99,380,60,2019,,,,,2025-11-03
명성태양광발전소,,전북특별자치도 남원시 인월면 자래리 19-11,,,,정상가동,99,380,60,2019,,,,,2025-11-03
홍익우태양광발전소,,전북특별자치도 남원시 인월면 자래리 19-5,,,,정상가동,99,380,60,2019,,,,,2025-11-03
황새지기1태양광발전소,,전북특별자치도 남원시 운봉읍 장교리 163-6,,,,정상가동,99,380,60,2019,,,,,2025-11-03
황새지기2태양광발전소,,전북특별자치도 남원시 운봉읍 장교리 163-7,,,,정상가동,99,380,60,2019,,,,,2025-11-03
행복태양광발전소,,전북특별자치도 남원시 운봉읍 장교리 163-8,,,,정상가동,99,380,60,2019,,,,,2025-11-03
반석태양광발전소,,전북특별자치도 남원시 운봉읍 장교리 163-9,,,,정상가동,99,380,60,2019,,,,,2025-11-03
길금태양광발전소,,전북특별자치도 남원시 운봉읍 장교리 163-10,,,,정상가동,99,380,60,2019,,,,,2025-11-03
장교리태양광발전소,,전북특별자치도 남원시 운봉읍 장교리 163-11,,,,정상가동,99,380,60,2019,,,,,2025-11-03
금지행복1호태양광발전소,,전북특별자치도 남원시 금지면 옹정리 1093,,,,정상가동,99.4,380,60,2019,,,,,2025-11-03
태양의후예태양광발전소,,전북특별자치도 남원시 인월면 상우리 618,,,,정상가동,99,380,60,2019,,,,,2025-11-03
써니태양광발전소,,전북특별자치도 남원시 인월면 상우리 618,,,,정상가동,99,380,60,2019,,,,,2025-11-03
연우태양광발전소,,전북특별자치도 남원시 갈치동 307-9,,,,정상가동,200.6,380,60,2020,,,,,2025-11-03
기정태양광발전소,,전북특별자치도 남원시 갈치동 307-1,,,,정상가동,495.6,380,60,2020,,,,,2025-11-03
월탄리6호태양광발전소,,전북특별자치도 남원시 대강면 월탄리 61-1,,,,정상가동,195.84,380,60,2020,,,,,2025-11-03
대영에너텍태양광발전소,,전북특별자치도 남원시 대강면 방동리 428-4,,,,정상가동,496.8,380,60,2020,,,,,2025-11-03
구학2호태양광발전소,,전북특별자치도 남원시 내척동 663-3,,,,정상가동,499.2,380,60,2021,,,,,2025-11-03
(유)홍제에너지태양광발전소,,전북특별자치도 남원시 내척동 663-16,,,,정상가동,499.2,380,60,2021,,,,,2025-11-03
백석태양광발전소,,전북특별자치도 남원시 내척동 665-1,,,,정상가동,400.4,380,60,2021,,,,,2025-11-03
세정태양광발전소,,전북특별자치도 남원시 송동면 송내리 672,,,,정상가동,99.2,380,60,2020,,,,,2025-11-03
홍제에너지태양광발전소,,전북특별자치도 남원시 내척동 665-15,,,,정상가동,998.4,22900,60,2021,,,,,2025-11-03
킹솔라태양광발전소,,전북특별자치도 남원시 내척동 665-22,,,,정상가동,998.4,22900,60,2023,,,,,2025-11-03
양수태양광발전소,,전북특별자치도 남원시 송동면 송내리 산111-3,,,,정상가동,99.2,380,60,2020,,,,,2025-11-03
용수태양광발전소,,전북특별자치도 남원시 송동면 송내리 산111-3,,,,정상가동,99.2,380,60,2020,,,,,2025-11-03
평암1태양광,,전북특별자치도 남원시 아영면 의지리 277,,,,정상가동,99.4,380,60,2020,,,,,2025-11-03
배경자태양광발전,,전북특별자치도 남원시 아영면 의지리 277-17,,,,정상가동,99.4,380,60,2020,,,,,2025-11-03
성수태양광발전소,,전북특별자치도 남원시 대강면 평촌리 311-5,,,,정상가동,99,380,60,2020,,,,,2025-11-03
오정자태양광발전,,전북특별자치도 남원시 아영면 의지리 277-12,,,,정상가동,99.4,380,60,2020,,,,,2025-11-03
빛그린태양광발전소,,전북특별자치도 남원시 대강면 평촌리 311-1,,,,정상가동,99,380,60,2020,,,,,2025-11-03
최희종태양광발전,,전북특별자치도 남원시 아영면 의지리 277-15,,,,정상가동,99.4,380,60,2020,,,,,2025-11-03
새한태양광,,전북특별자치도 남원시 아영면 의지리 277-16,,,,정상가동,99.4,380,60,2020,,,,,2025-11-03
김경미태양광발전,,전북특별자치도 남원시 아영면 의지리 277-18,,,,정상가동,99.4,380,60,2020,,,,,2025-11-03
운화태양광,,전북특별자치도 남원시 아영면 의지리 277-29,,,,정상가동,99.4,380,60,2020,,,,,2025-11-03
신흥태양광,,전북특별자치도 남원시 아영면 의지리 277-30,,,,정상가동,99.4,380,60,2020,,,,,2025-11-03
박앤홍태양광,,전북특별자치도 남원시 아영면 의지리 277-32,,,,정상가동,99.4,380,60,2020,,,,,2025-11-03
부송1태양광,,전북특별자치도 남원시 아영면 의지리 277-34,,,,정상가동,99.4,380,60,2020,,,,,2025-11-03
평암2태양광,,전북특별자치도 남원시 아영면 의지리 277-33,,,,정상가동,99.4,380,60,2020,,,,,2025-11-03
평암1태양광,,전북특별자치도 남원시 아영면 의지리 277-10,,,,정상가동,99.4,380,60,2020,,,,,2025-11-03
윤희태양광발전소,,전북특별자치도 남원시 주천면 주천리 42,,,,정상가동,180.8,380,60,2020,,,,,2025-11-03
북극곰태양광1호,,전북특별자치도 남원시 아영면 성리 산16,,,,정상가동,200,380,60,2021,,,,,2025-11-03
북극곰태양광4호,,전북특별자치도 남원시 아영면 성리 산16,,,,정상가동,200,380,60,2021,,,,,2025-11-03
북극곰태양광2호,,전북특별자치도 남원시 아영면 성리 산16,,,,정상가동,300,380,60,2021,,,,,2025-11-03
정수태양광발전소,,전북특별자치도 남원시 보절면 신파리 271-12,,,,정상가동,248.4,380,60,2019,,,,,2025-11-03
경임태양광발전소,,전북특별자치도 남원시 보절면 신파리 271-11,,,,정상가동,248.4,380,60,2019,,,,,2025-11-03
형수태양광발전소,,전북특별자치도 남원시 보절면 신파리 271-2,,,,정상가동,297,380,60,2019,,,,,2025-11-03
햇빛찬1태양광발전소,,전북특별자치도 남원시 보절면 신파리 466-47,,,,정상가동,198.72,380,60,2020,,,,,2025-11-03
햇빛찬2태양광발전소,,전북특별자치도 남원시 보절면 신파리 466-48,,,,정상가동,198.72,380,60,2020,,,,,2025-11-03
지티유2호태양광발전소,,전북특별자치도 남원시 보절면 사촌리 30-19,,,,정상가동,99.96,380,60,2022,,,,,2025-11-03
지티유1호태양광발전소,,전북특별자치도 남원시 보절면 사촌리 30-13,,,,정상가동,99.96,380,60,2022,,,,,2025-11-03
사촌에너지2호태양광발전소,,전북특별자치도 남원시 보절면 사촌리 30-17,,,,정상가동,99.96,380,60,2020,,,,,2025-11-03
예빛태양광발전소,,전북특별자치도 남원시 보절면 사촌리 30-18,,,,정상가동,99.96,380,60,2020,,,,,2025-11-03
경화태양광발전소,,전북특별자치도 남원시 보절면 사촌리 30-16,,,,정상가동,99.96,380,60,2020,,,,,2025-11-03
형제태양광발전소,,전북특별자치도 남원시 신촌동 115-2,,,,정상가동,99,380,60,2020,,,,,2025-11-03
종효태양광발전소,,전북특별자치도 남원시 주생면 낙동리 24-6,,,,정상가동,99,380,60,2020,,,,,2025-11-03
탑에너지태양광발전소,,전북특별자치도 남원시 주생면 낙동리 24-7,,,,정상가동,99,380,60,2020,,,,,2025-11-03
옥산태양광발전소,,전북특별자치도 남원시 주생면 낙동리 24-8,,,,정상가동,99,380,60,2020,,,,,2025-11-03
낙동1태양광발전소,,전북특별자치도 남원시 주생면 낙동리 24-14,,,,정상가동,99,380,60,2020,,,,,2025-11-03
도시태양광발전소,,전북특별자치도 남원시 주생면 낙동리 24-13,,,,정상가동,99,380,60,2020,,,,,2025-11-03
낙동2태양광발전소,,전북특별자치도 남원시 주생면 낙동리 24-12,,,,정상가동,99,380,60,2020,,,,,2025-11-03
낙동11태양광발전소,,전북특별자치도 남원시 주생면 낙동리 24-11,,,,정상가동,99,380,60,2020,,,,,2025-11-03
낙동10태양광발전소,,전북특별자치도 남원시 주생면 낙동리 24-10,,,,정상가동,99,380,60,2020,,,,,2025-11-03
낙동14태양광발전소,,전북특별자치도 남원시 주생면 낙동리 24-9,,,,정상가동,99,380,60,2020,,,,,2025-11-03
용궁태양광발전소,,전북특별자치도 남원시 주천면 용궁리 158-1,,,,정상가동,75.84,380,60,2019,,,,,2025-11-03
인화1태양광발전소,,전북특별자치도 남원시 사매면 인화리 378,,,,정상가동,99.96,380,60,2019,,,,,2025-11-03
굿드림태양광발전소,,전북특별자치도 남원시 내척동 663-8,,,,정상가동,99.45,380,60,2020,,,,,2025-11-03
(유)연태양광발전소,,전북특별자치도 남원시 내척동 663-11,,,,정상가동,99.45,380,60,2021,,,,,2025-11-03
(유)철산에너지태양광발전소,,전북특별자치도 남원시 내척동 665-17,,,,정상가동,99.45,380,60,2021,,,,,2025-11-03
(유)구학1호태양광발전소,,전북특별자치도 남원시 내척동 663-9,,,,정상가동,99.45,380,60,2021,,,,,2025-11-03
(유)백석2호태양광발전소,,전북특별자치도 남원시 내척동 663-7,,,,정상가동,99.45,380,60,2021,,,,,2025-11-03
(유)엠솔라태양광발전소,,전북특별자치도 남원시 내척동 663-10,,,,정상가동,99.45,380,60,2021,,,,,2025-11-03
옻칠공예소선왕태양광발전소,전북특별자치도 남원시 충정로 45,,,,,정상가동,40,380,60,2019,,,,,2025-11-03
월탄1호에너지태양광발전소,,전북특별자치도 남원시 대강면 월탄리 273-3,,,,정상가동,99,380,60,2020,,,,,2025-11-03
월탄에너지태양광발전소,,전북특별자치도 남원시 대강면 월탄리 273-1,,,,정상가동,99,380,60,2020,,,,,2025-11-03
구상3호태양광발전소,,전북특별자치도 남원시 아영면 구상리 358-2,,,,정상가동,99.4,380,60,2019,,,,,2025-11-03
구상2호태양광발전소,,전북특별자치도 남원시 아영면 구상리 358-3,,,,정상가동,99.4,380,60,2019,,,,,2025-11-03
구상태양광발전소,,전북특별자치도 남원시 아영면 구상리 358,,,,정상가동,99.4,380,60,2019,,,,,2025-11-03
희영태양광발전소,,전북특별자치도 남원시 보절면 도룡리 238,,,,정상가동,99.9,380,60,2020,,,,,2025-11-03
보절태양광발전소,,전북특별자치도 남원시 보절면 도룡리 238-1,,,,정상가동,97.44,380,60,2020,,,,,2025-11-03
순명태양광발전소,,전북특별자치도 남원시 보절면 신파리 796-1,,,,정상가동,99.9,380,60,2020,,,,,2025-11-03
정임태양광발전소,,전북특별자치도 남원시 보절면 신파리 796-6,,,,정상가동,99.9,380,60,2020,,,,,2025-11-03
은혜1태양광발전소,,전북특별자치도 남원시 인월면 건지리 2-80,,,,정상가동,99,380,60,2019,,,,,2025-11-03
은혜2태양광발전소,,전북특별자치도 남원시 인월면 건지리 2-79,,,,정상가동,99,380,60,2019,,,,,2025-11-03
주사랑태양광발전소,,전북특별자치도 남원시 인월면 건지리 2-22,,,,정상가동,99,380,60,2019,,,,,2025-11-03
섭골태양광발전소,,전북특별자치도 남원시 보절면 신파리 산23-9,,,,정상가동,151.2,380,60,2019,,,,,2025-11-03
신동에너지태양광발전소,,전북특별자치도 남원시 보절면 신파리 산23-9,,,,정상가동,151.2,380,60,2019,,,,,2025-11-03
산들태양광발전소,,전북특별자치도 남원시 보절면 신파리 산23-9,,,,정상가동,151.2,380,60,2019,,,,,2025-11-03
신동태양광발전소,,전북특별자치도 남원시 보절면 신파리 산23-9,,,,정상가동,151.2,380,60,2019,,,,,2025-11-03
엘앤케이솔라,,전북특별자치도 남원시 송동면 영동리 산10,,,,정상가동,972,22900,60,2020,,,,,2025-11-03
정연태양광발전소,,전북특별자치도 남원시 덕과면 신양리 502,,,,정상가동,97.2,380,60,2019,,,,,2025-11-03
남노태양광발전소,,전북특별자치도 남원시 덕과면 신양리 502-1,,,,정상가동,97.2,380,60,2019,,,,,2025-11-03
초원1호발전소,,전북특별자치도 남원시 아영면 월산리 394-4,,,,정상가동,99,380,60,2019,,,,,2025-11-03
춘양2호태양광발전소,,전북특별자치도 남원시 덕과면 신양리 13-1,,,,정상가동,99,380,60,2019,,,,,2025-11-03
춘양1호태양광발전소,,전북특별자치도 남원시 덕과면 신양리 13,,,,정상가동,99,380,60,2019,,,,,2025-11-03
월탄리1호태양광발전소,,전북특별자치도 남원시 대강면 월탄리 61-4,,,,정상가동,97.92,380,60,2020,,,,,2025-11-03
월탄리3호태양광발전소,,전북특별자치도 남원시 대강면 월탄리 61-5,,,,정상가동,97.92,380,60,2020,,,,,2025-11-03
월탄리4호태양광발전소,,전북특별자치도 남원시 대강면 월탄리 61-3,,,,정상가동,97.92,380,60,2020,,,,,2025-11-03
장SK태양광발전소,,전북특별자치도 남원시 주천면 배덕리 78,,,,정상가동,99,380,60,2022,,,,,2025-11-03
주바라기태양광발전소,,전북특별자치도 남원시 주천면 배덕리 78-1,,,,정상가동,99,380,60,2022,,,,,2025-11-03
남명1호태양광발전소,,전북특별자치도 남원시 주천면 배덕리 77-2,,,,정상가동,99,380,60,2022,,,,,2025-11-03
남명2호태양광발전소,,전북특별자치도 남원시 주천면 배덕리 77,,,,정상가동,99,380,60,2022,,,,,2025-11-03
민정태양광발전소,,전북특별자치도 남원시 주천면 호기리 573,,,,정상가동,75.6,380,60,2019,,,,,2025-11-03
형해태양광발전소,,전북특별자치도 남원시 대산면 풍촌리 202-2,,,,정상가동,97.92,380,60,2019,,,,,2025-11-03
대경태양광발전소,,전북특별자치도 남원시 주생면 낙동리 24-4,,,,정상가동,99,380,60,2020,,,,,2025-11-03
금자태양광발전소,,전북특별자치도 남원시 화정동 746-2,,,,정상가동,99.96,380,60,2019,,,,,2025-11-03
한우물태양광발전소,,전북특별자치도 남원시 화정동 746-1,,,,정상가동,99.96,380,60,2019,,,,,2025-11-03
화창태양광발전소,,전북특별자치도 남원시 아영면 봉대리 312-3,,,,정상가동,99.16,380,60,2020,,,,,2025-11-03
이앤수태양광발전소,,전북특별자치도 남원시 아영면 봉대리 312-1,,,,정상가동,99.16,380,60,2020,,,,,2025-11-03
칠복태양광발전소,,전북특별자치도 남원시 보절면 금다리 681-31,,,,정상가동,99.4,380,60,2019,,,,,2025-11-03
칠성태양광발전소,,전북특별자치도 남원시 보절면 금다리 681-6,,,,정상가동,99.4,380,60,2019,,,,,2025-11-03
칠훈태양광발전소,,전북특별자치도 남원시 보절면 금다리 681-7,,,,정상가동,99.4,380,60,2019,,,,,2025-11-03
광명태양광발전소,,전북특별자치도 남원시 보절면 금다리 산64,,,,정상가동,99.4,380,60,2019,,,,,2025-11-03
창조태양광발전소,,전북특별자치도 남원시 보절면 금다리 산65,,,,정상가동,99.4,380,60,2019,,,,,2025-11-03
이레태양광발전소,,전북특별자치도 남원시 수지면 초리 450-6,,,,정상가동,99.45,380,60,2020,,,,,2025-11-03
성덕태양광발전소,,전북특별자치도 남원시 수지면 초리 450-7,,,,정상가동,99.45,380,60,2020,,,,,2025-11-03
강촌회관태양광발전소,,전북특별자치도 남원시 이백면 강기리 402,,,,정상가동,30,380,60,2019,,,,,2025-11-03
대농태양광발전소,,전북특별자치도 남원시 인월면 취암리 513-8,,,,정상가동,496.4,380,60,2019,,,,,2025-11-03
대박태양광발전소,,전북특별자치도 남원시 인월면 취암리 513-6,,,,정상가동,496.4,380,60,2019,,,,,2025-11-03
재화태양광발전소,,전북특별자치도 남원시 운봉읍 매요리 589,,,,정상가동,176.1,380,60,2021,,,,,2025-11-03
연봉태양광발전소,,전북특별자치도 남원시 수지면 산정리 125,,,,정상가동,394.2,380,60,2020,,,,,2025-11-03
초촌2호햇빛발전소,,전북특별자치도 남원시 이백면 초촌리 56,,,,정상가동,398.16,380,60,2019,,,,,2025-11-03
인봉태양광발전소,,전북특별자치도 남원시 보절면 진기리 1090,,,,정상가동,496.8,380,60,2019,,,,,2025-11-03
사랑태양광발전소,,전북특별자치도 남원시 보절면 진기리 1090-1,,,,정상가동,496.8,380,60,2019,,,,,2025-11-03
천병원태양광발전소,,전북특별자치도 남원시 운봉읍 동천리 641-9,,,,정상가동,198.72,380,60,2020,,,,,2025-11-03
삼광태양광발전소,,전북특별자치도 남원시 수지면 호곡리 산65-20,,,,정상가동,999,22900,60,2021,,,,,2025-11-03
다혜태양광발전소,,전북특별자치도 남원시 수지면 호곡리 15-13,,,,정상가동,299.52,380,60,2021,,,,,2025-11-03
정훈2태양광발전소,,전북특별자치도 남원시 수지면 호곡리 15-14,,,,정상가동,299.52,380,60,2021,,,,,2025-11-03
블루옥션주식회사태양광발전소,,전북특별자치도 남원시 대강면 송대리 79-3,,,,정상가동,99,380,60,2019,,,,,2025-11-03
우공2호태양광발전소,,전북특별자치도 남원시 대강면 송대리 79-2,,,,정상가동,99,380,60,2019,,,,,2025-11-03
우공1호태양광발전소,,전북특별자치도 남원시 대강면 송대리 79,,,,정상가동,99,380,60,2019,,,,,2025-11-03
북극곰태양광3호,,전북특별자치도 남원시 아영면 성리 산16,,,,정상가동,99,380,60,2021,,,,,2025-11-03
초촌1호햇빛발전소,,전북특별자치도 남원시 이백면 초촌리 56,,,,정상가동,99.36,380,60,2019,,,,,2025-11-03
청방태양광4호남원성산발전소,,전북특별자치도 남원시 인월면 성산리 382,,,,정상가동,908.76,22900,60,2022,,,,,2025-11-03
남원발전인월2차태양광발전소,,전북특별자치도 남원시 인월면 성산리 317-3,,,,정상가동,905.76,22900,60,2022,,,,,2025-11-03
자연에너지태양광발전소,,전북특별자치도 남원시 보절면 사촌리 산2,,,,정상가동,999,22900,60,2020,,,,,2025-11-03
대산5호태양광발전소,,전북특별자치도 남원시 주생면 중동리 1195,,,,정상가동,323.64,380,60,2020,,,,,2025-11-03
수지3태양광발전소,,전북특별자치도 남원시 수지면 초리 447,,,,정상가동,497.25,380,60,2020,,,,,2025-11-03
빛나는송남매태양광발전소,,전북특별자치도 남원시 덕과면 용산리 14-26,,,,정상가동,99.2,380,60,2020,,,,,2025-11-03
용산1호태양광발전소,,전북특별자치도 남원시 덕과면 용산리 14-21,,,,정상가동,99.2,380,60,2020,,,,,2025-11-03
일월솔라태양광발전소,,전북특별자치도 남원시 덕과면 용산리 14-3,,,,정상가동,99.2,380,60,2020,,,,,2025-11-03
빛나는도율찬율태양광발전소,,전북특별자치도 남원시 덕과면 용산리 14-25,,,,정상가동,99.2,380,60,2020,,,,,2025-11-03
호수2호태양광발전소,,전북특별자치도 남원시 덕과면 용산리 14-19,,,,정상가동,99.2,380,60,2020,,,,,2025-11-03
에덴태양광발전소,,전북특별자치도 남원시 덕과면 용산리 14-18,,,,정상가동,99.2,380,60,2020,,,,,2025-11-03
유명태양광발전소,,전북특별자치도 남원시 덕과면 용산리 14-24,,,,정상가동,99.2,380,60,2020,,,,,2025-11-03
MJ태양광발전소,,전북특별자치도 남원시 덕과면 용산리 14-23,,,,정상가동,99.2,380,60,2020,,,,,2025-11-03
준형태양광발전소,,전북특별자치도 남원시 덕과면 용산리 14-30,,,,정상가동,99.2,380,60,2020,,,,,2025-11-03
햇빛1태양광발전소,,전북특별자치도 남원시 덕과면 용산리 14-35,,,,정상가동,99.2,380,60,2020,,,,,2025-11-03
희망태양광발전소,,전북특별자치도 남원시 덕과면 용산리 14-17,,,,정상가동,99.2,380,60,2020,,,,,2025-11-03
용산2호태양광발전소,,전북특별자치도 남원시 덕과면 용산리 14-5,,,,정상가동,99.2,380,60,2020,,,,,2025-11-03
CNY태양광발전소,,전북특별자치도 남원시 덕과면 용산리 14-16,,,,정상가동,99.2,380,60,2020,,,,,2025-11-03
정현태양광발전소,,전북특별자치도 남원시 덕과면 용산리 14-15,,,,정상가동,99.2,380,60,2020,,,,,2025-11-03
MH태양광발전소,,전북특별자치도 남원시 덕과면 용산리 14-13,,,,정상가동,99.2,380,60,2020,,,,,2025-11-03
미광태양광발전소,,전북특별자치도 남원시 덕과면 용산리 14-8,,,,정상가동,99.2,380,60,2020,,,,,2025-11-03
용산태양광발전소,,전북특별자치도 남원시 덕과면 용산리 14-34,,,,정상가동,99.2,380,60,2020,,,,,2025-11-03
MK태양광발전소,,전북특별자치도 남원시 덕과면 용산리 14-9,,,,정상가동,99.2,380,60,2020,,,,,2025-11-03
은영태양광발전소,,전북특별자치도 남원시 덕과면 용산리 14-6,,,,정상가동,99.2,380,60,2020,,,,,2025-11-03
한빛1태양광발전소,,전북특별자치도 남원시 덕과면 용산리 14-29,,,,정상가동,99.2,380,60,2020,,,,,2025-11-03
금평에너지2호,,전북특별자치도 남원시 주생면 도산리 757-120,,,,정상가동,99,380,60,2020,,,,,2025-11-03
금평에너지3호,,전북특별자치도 남원시 주생면 도산리 757-120,,,,정상가동,99,380,60,2020,,,,,2025-11-03
금평에너지5호,,전북특별자치도 남원시 주생면 도산리 757-120,,,,정상가동,99,380,60,2020,,,,,2025-11-03
금평에너지4호,,전북특별자치도 남원시 주생면 도산리 757-120,,,,정상가동,99,380,60,2020,,,,,2025-11-03
최경임태양광,,전북특별자치도 남원시 대강면 신덕리 806,,,,정상가동,98.28,380,60,2019,,,,,2025-11-03
창호태양광발전소,,전북특별자치도 남원시 대강면 신덕리 877-8,,,,정상가동,99.84,380,60,2018,,,,,2025-11-03
MIKO태양광발전소,,전북특별자치도 남원시 대강면 신덕리 877-7,,,,정상가동,99.84,380,60,2018,,,,,2025-11-03
신덕태양광발전소2,,전북특별자치도 남원시 대강면 신덕리 877,,,,정상가동,99.84,380,60,2018,,,,,2025-11-03
창호태양광발전소2,,전북특별자치도 남원시 대강면 신덕리 806-1,,,,정상가동,98.28,380,60,2019,,,,,2025-11-03
바오밥나무2호발전소,,전북특별자치도 남원시 송동면 장포리 80-2,,,,정상가동,97.2,380,60,2020,,,,,2025-11-03
재성태양광발전소,전북특별자치도 남원시 광치산업1길 29,,,,,정상가동,99.96,380,60,2018,,,,,2025-11-03
자래리7호태양광발전소,,전북특별자치도 남원시 인월면 자래리 19-22,,,,정상가동,99,380,60,2021,,,,,2025-11-03
자래리8호태양광발전소,,전북특별자치도 남원시 인월면 자래리 19-23,,,,정상가동,99,380,60,2021,,,,,2025-11-03
보절엠에스태양광발전소,,전북특별자치도 남원시 보절면 괴양리 187,,,,정상가동,44.73,380,60,2019,,,,,2025-11-03
알바트로스태양광발전소,,전북특별자치도 남원시 수지면 호곡리 14-62,,,,정상가동,99.36,380,60,2021,,,,,2025-11-03
연두태양광발전소,,전북특별자치도 남원시 수지면 호곡리 14-49,,,,정상가동,99.36,380,60,2020,,,,,2025-11-03
우영태양광발전소,,전북특별자치도 남원시 수지면 호곡리 14-52,,,,정상가동,99.36,380,60,2020,,,,,2025-11-03
초록태양광발전소,,전북특별자치도 남원시 수지면 호곡리 14-50,,,,정상가동,99.36,380,60,2020,,,,,2025-11-03
평생태양광발전소,,전북특별자치도 남원시 수지면 호곡리 15-17,,,,정상가동,99.36,380,60,2021,,,,,2025-11-03
정은태양광발전소,,전북특별자치도 남원시 수지면 호곡리 산65-17,,,,정상가동,99.36,380,60,2020,,,,,2025-11-03
초원2태양광발전소,,전북특별자치도 남원시 수지면 호곡리 14-54,,,,정상가동,99.36,380,60,2020,,,,,2025-11-03
재원태양광발전소,,전북특별자치도 남원시 수지면 호곡리 14-53,,,,정상가동,99.36,380,60,2020,,,,,2025-11-03
한호태양광발전소,,전북특별자치도 남원시 수지면 호곡리 산65-18,,,,정상가동,99.36,380,60,2021,,,,,2025-11-03
제이엘수지태양광발전소,,전북특별자치도 남원시 수지면 호곡리 14-59,,,,정상가동,99.36,380,60,2020,,,,,2025-11-03
인더스솔라태양광발전소,,전북특별자치도 남원시 수지면 호곡리 14-58,,,,정상가동,99.36,380,60,2020,,,,,2025-11-03
법등화태양광발전소,,전북특별자치도 남원시 수지면 호곡리 14-56,,,,정상가동,99.36,380,60,2020,,,,,2025-11-03
숙영태양광발전소,,전북특별자치도 남원시 수지면 호곡리 14-55,,,,정상가동,99.36,380,60,2020,,,,,2025-11-03
운포태양광발전소,,전북특별자치도 남원시 수지면 호곡리 15-16,,,,정상가동,99.36,380,60,2020,,,,,2025-11-03
가넷태양광발전소,,전북특별자치도 남원시 수지면 호곡리 15-15,,,,정상가동,99.36,380,60,2020,,,,,2025-11-03
정우태양광발전소,,전북특별자치도 남원시 수지면 호곡리 92-169,,,,정상가동,99.36,380,60,2020,,,,,2025-11-03
드림태양광발전소,,전북특별자치도 남원시 수지면 호곡리 15-2,,,,정상가동,299.52,380,60,2021,,,,,2025-11-03
금탑태양광발전소,,전북특별자치도 남원시 수지면 호곡리 산65-1,,,,정상가동,498.96,380,60,2020,,,,,2025-11-03
남양방씨보절태양광발전소,,전북특별자치도 남원시 보절면 진기리 1090-15,,,,정상가동,99.36,380,60,2019,,,,,2025-11-03
진기3호태양광발전소,,전북특별자치도 남원시 보절면 진기리 1090-25,,,,정상가동,99.36,380,60,2019,,,,,2025-11-03
진기2호태양광발전소,,전북특별자치도 남원시 보절면 진기리 1090-21,,,,정상가동,99.36,380,60,2019,,,,,2025-11-03
하늘빛태양광발전소,,전북특별자치도 남원시 보절면 진기리 1090-6,,,,정상가동,99.36,380,60,2019,,,,,2025-11-03
탐정태양광발전소,,전북특별자치도 남원시 보절면 진기리 1091-2,,,,정상가동,99.36,380,60,2019,,,,,2025-11-03
보절태양광,,전북특별자치도 남원시 보절면 사촌리 588-5,,,,정상가동,99.4,380,60,2019,,,,,2025-11-03
선고을태양광,,전북특별자치도 남원시 보절면 사촌리 588-7,,,,정상가동,99.4,380,60,2019,,,,,2025-11-03
금남태양광,,전북특별자치도 남원시 보절면 사촌리 587-1,,,,정상가동,99.4,380,60,2019,,,,,2025-11-03
사촌LSY태양광,,전북특별자치도 남원시 보절면 사촌리 588-4,,,,정상가동,99.4,380,60,2019,,,,,2025-11-03
덕산4태양광,,전북특별자치도 남원시 보절면 사촌리 588-9,,,,정상가동,99.4,380,60,2019,,,,,2025-11-03
온빛3호태양광,,전북특별자치도 남원시 보절면 사촌리 588-8,,,,정상가동,99.4,380,60,2019,,,,,2025-11-03
보문2호태양광발전소,,전북특별자치도 남원시 주생면 낙동리 818-2,,,,정상가동,99,380,60,2020,,,,,2025-11-03
성일1호태양광발전소,,전북특별자치도 남원시 주생면 낙동리 818-1,,,,정상가동,99,380,60,2020,,,,,2025-11-03
보문1호태양광발전소,,전북특별자치도 남원시 주생면 낙동리 818,,,,정상가동,99,380,60,2020,,,,,2025-11-03
자연태양광발전소,,전북특별자치도 남원시 아영면 일대리 602-2,,,,정상가동,99,380,60,2021,,,,,2025-11-03
구박사태양광발전소,,전북특별자치도 남원시 아영면 일대리 602-2,,,,정상가동,99,380,60,2021,,,,,2025-11-03
JS태양광발전소,,전북특별자치도 남원시 아영면 일대리 602-2,,,,정상가동,99,380,60,2021,,,,,2025-11-03
SUN태양광발전소,,전북특별자치도 남원시 아영면 일대리 602-2,,,,정상가동,99,380,60,2021,,,,,2025-11-03
그린에너지2호태양광발전소,,전북특별자치도 남원시 보절면 괴양리 18,,,,정상가동,99,380,60,2019,,,,,2025-11-03
그린에너지1호태양광발전소,,전북특별자치도 남원시 보절면 괴양리 18-28,,,,정상가동,99,380,60,2019,,,,,2025-11-03
은하에너지태양광발전소,,전북특별자치도 남원시 사매면 오신리 102-1,,,,정상가동,99,380,60,2020,,,,,2025-11-03
지오에너지태양광발전소,,전북특별자치도 남원시 사매면 오신리 102-4,,,,정상가동,99,380,60,2020,,,,,2025-11-03
유연태양광발전소,,전북특별자치도 남원시 사매면 오신리 102-5,,,,정상가동,99,380,60,2020,,,,,2025-11-03
섬진강태양광발전소,,전북특별자치도 남원시 사매면 오신리 102-7,,,,정상가동,99,380,60,2020,,,,,2025-11-03
섬진강2태양광발전소,,전북특별자치도 남원시 사매면 오신리 102-6,,,,정상가동,99,380,60,2020,,,,,2025-11-03
남양3태양광발전소,,전북특별자치도 남원시 사매면 오신리 102-9,,,,정상가동,99,380,60,2020,,,,,2025-11-03
남양2태양광발전소,,전북특별자치도 남원시 사매면 오신리 102-8,,,,정상가동,99,380,60,2020,,,,,2025-11-03
신광남원22태양광발전소,,전북특별자치도 남원시 인월면 건지리 2-27,,,,정상가동,99,380,60,2024,,,,,2025-11-03
신광남원21태양광발전소,,전북특별자치도 남원시 인월면 건지리 2-72,,,,정상가동,99,380,60,2024,,,,,2025-11-03
송상5태양광발전소,,전북특별자치도 남원시 인월면 건지리 2-28,,,,정상가동,99,380,60,2024,,,,,2025-11-03
송상4태양광발전소,,전북특별자치도 남원시 인월면 건지리 2-109,,,,정상가동,99,380,60,2024,,,,,2025-11-03
삼광솔라2태양광발전소,,전북특별자치도 남원시 운봉읍 권포리 426,,,,정상가동,99,380,60,2019,,,,,2025-11-03
중앙솔라2태양광발전소,,전북특별자치도 남원시 운봉읍 권포리 426-3,,,,정상가동,99,380,60,2019,,,,,2025-11-03
일환태양광발전소,,전북특별자치도 남원시 인월면 성산리 174-2,,,,정상가동,99,380,60,2020,,,,,2025-11-03
그레고리오태양광발전소,,전북특별자치도 남원시 인월면 성산리 174-7,,,,정상가동,99,380,60,2020,,,,,2025-11-03
춘향솔라태양광발전소,,전북특별자치도 남원시 인월면 성산리 174-8,,,,정상가동,99,380,60,2020,,,,,2025-11-03
엘리야태양광발전소,,전북특별자치도 남원시 주생면 도산리 720-9,,,,정상가동,99,380,60,2019,,,,,2025-11-03
영림태양광발전소,,전북특별자치도 남원시 주생면 도산리 720-10,,,,정상가동,99,380,60,2019,,,,,2025-11-03
정례태양광발전소,,전북특별자치도 남원시 주생면 도산리 720-14,,,,정상가동,99,380,60,2019,,,,,2025-11-03
진성태양광발전소,,전북특별자치도 남원시 주생면 도산리 720-15,,,,정상가동,99,380,60,2020,,,,,2025-11-03
동아태양광발전소,,전북특별자치도 남원시 주생면 도산리 720-11,,,,정상가동,99,380,60,2019,,,,,2025-11-03
채교태양광발전소,,전북특별자치도 남원시 운봉읍 장교리 143,,,,정상가동,99,380,60,2019,,,,,2025-11-03
태우태양광발전소,,전북특별자치도 남원시 운봉읍 장교리 143-2,,,,정상가동,99,380,60,2019,,,,,2025-11-03
풍년태양광발전소,,전북특별자치도 남원시 운봉읍 장교리 143-3,,,,정상가동,99,380,60,2019,,,,,2025-11-03
가온태양광발전소,,전북특별자치도 남원시 운봉읍 권포리 216-1,,,,정상가동,99,380,60,2019,,,,,2025-11-03
형진태양광발전소,,전북특별자치도 남원시 운봉읍 권포리 216-12,,,,정상가동,99,380,60,2019,,,,,2025-11-03
은혜3태양광발전소,,전북특별자치도 남원시 운봉읍 권포리 216-13,,,,정상가동,99,380,60,2019,,,,,2025-11-03
은혜4태양광발전소,,전북특별자치도 남원시 운봉읍 권포리 216-14,,,,정상가동,99,380,60,2019,,,,,2025-11-03
권포LSY태양광발전소,,전북특별자치도 남원시 운봉읍 권포리 216-15,,,,정상가동,99,380,60,2019,,,,,2025-11-03
대강태양광발전소,,전북특별자치도 남원시 대강면 생암리 217,,,,정상가동,998.3,22900,60,2021,,,,,2025-11-03
해동태양광발전소,,전북특별자치도 남원시 운봉읍 신기리 산56,,,,정상가동,997.5,22900,60,2019,,,,,2025-11-03
강운태양광발전소,,전북특별자치도 남원시 운봉읍 신기리 703-2,,,,정상가동,199.5,380,60,2020,,,,,2025-11-03
강운1호발전소,,전북특별자치도 남원시 운봉읍 신기리 703-1,,,,정상가동,294,380,60,2023,,,,,2025-11-03
일동태양광발전소,,전북특별자치도 남원시 운봉읍 신기리 산56-2,,,,정상가동,199.5,380,60,2019,,,,,2025-11-03
담빛에너지1호태양광발전소,,전북특별자치도 남원시 수지면 남창리 산35,,,,정상가동,399,380,60,2020,,,,,2025-11-03
아소태양광발전소,,전북특별자치도 남원시 대강면 사석리 1774-3,,,,정상가동,998.4,22900,60,2019,,,,,2025-11-03
고리태양광발전소,,전북특별자치도 남원시 대강면 사석리 1938-3,,,,정상가동,913.92,22900,60,2019,,,,,2025-11-03
엘림3호태양광발전소,,전북특별자치도 남원시 인월면 자래리 206-3,,,,정상가동,999.36,22900,60,2020,,,,,2025-11-03
중송태양광발전소,,전북특별자치도 남원시 주천면 송치리 322,,,,정상가동,99.33,380,60,2021,,,,,2025-11-03
초록별태양광발전소,,전북특별자치도 남원시 대산면 신계리 산106-4,,,,정상가동,990,22900,60,2021,,,,,2025-11-03
남원보라태양광발전소,,전북특별자치도 남원시 광치동 산9-54,,,,정상가동,299,380,60,2019,,,,,2025-11-03
한빛태양광발전소,,전북특별자치도 남원시 송동면 송상리 산119-4,,,,정상가동,490.2,380,60,2022,,,,,2025-11-03
섬뜰태양광발전소,,전북특별자치도 남원시 아영면 갈계리 798-2,,,,정상가동,99.99,380,60,2021,,,,,2025-11-03
태원에너지태양광발전소,,전북특별자치도 남원시 덕과면 사율리 산89,,,,정상가동,99.96,380,60,2020,,,,,2025-11-03
우진에너지태양광발전소,,전북특별자치도 남원시 덕과면 사율리 산89,,,,정상가동,99.96,380,60,2020,,,,,2025-11-03
진이태양광발전소,,전북특별자치도 남원시 덕과면 사율리 산89,,,,정상가동,99.96,380,60,2020,,,,,2025-11-03
남덕2태양광발전소,,전북특별자치도 남원시 덕과면 사율리 산74-1,,,,정상가동,99.96,380,60,2020,,,,,2025-11-03
남덕1태양광발전소,,전북특별자치도 남원시 덕과면 사율리 산74-1,,,,정상가동,99.96,380,60,2020,,,,,2025-11-03
우리행복태양광발전소,,전북특별자치도 남원시 송동면 송내리 956-4,,,,정상가동,97.92,380,60,2019,,,,,2025-11-03
남원에너지태양광발전소,,전북특별자치도 남원시 송동면 흑송리 40-2,,,,정상가동,99,380,60,2020,,,,,2025-11-03
흑송2호태양광발전소,,전북특별자치도 남원시 송동면 흑송리 40,,,,정상가동,99,380,60,2020,,,,,2025-11-03
승현에너지태양광발전소,,전북특별자치도 남원시 송동면 흑송리 40-3,,,,정상가동,99,380,60,2020,,,,,2025-11-03
서범태양광발전소,,전북특별자치도 남원시 송동면 흑송리 40-4,,,,정상가동,59,380,60,2020,,,,,2025-11-03
남성태양광발전소,,전북특별자치도 남원시 운봉읍 신기리 196,,,,정상가동,99,380,60,2021,,,,,2025-11-03
신기강미태양광발전소,,전북특별자치도 남원시 운봉읍 신기리 196-1,,,,정상가동,99,380,60,2021,,,,,2025-11-03
안나태양광발전소,,전북특별자치도 남원시 운봉읍 신기리 196-4,,,,정상가동,99,380,60,2021,,,,,2025-11-03
남부에너지태양광발전소,,전북특별자치도 남원시 운봉읍 신기리 196-3,,,,정상가동,99,380,60,2021,,,,,2025-11-03
해피2태양광발전소,,전북특별자치도 남원시 운봉읍 신기리 196-5,,,,정상가동,99,380,60,2021,,,,,2025-11-03
남원진선태양광발전소,,전북특별자치도 남원시 광치동 산9,,,,정상가동,99,380,60,2019,,,,,2025-11-03
써니태양광발전소,,전북특별자치도 남원시 광치동 산9,,,,정상가동,99,380,60,2019,,,,,2025-11-03
남원재국태양광발전소,,전북특별자치도 남원시 광치동 산9,,,,정상가동,99,380,60,2019,,,,,2025-11-03
남원광숙태양광발전소,,전북특별자치도 남원시 광치동 산9,,,,정상가동,99,380,60,2019,,,,,2025-11-03
남원광순태양광발전소,,전북특별자치도 남원시 광치동 산9,,,,정상가동,99,380,60,2019,,,,,2025-11-03
남원인숙태양광발전소,,전북특별자치도 남원시 광치동 산9,,,,정상가동,99,380,60,2019,,,,,2025-11-03
남원미자태양광발전소,,전북특별자치도 남원시 광치동 산9,,,,정상가동,99,380,60,2019,,,,,2025-11-03
남원정조태양광발전소,,전북특별자치도 남원시 광치동 산9,,,,정상가동,99,380,60,2019,,,,,2025-11-03
남원장환태양광발전소,,전북특별자치도 남원시 광치동 산9,,,,정상가동,99,380,60,2019,,,,,2025-11-03
무한태양광발전소,,전북특별자치도 남원시 광치동 산9,,,,정상가동,99,380,60,2019,,,,,2025-11-03
남원류옥태양광발전소,,전북특별자치도 남원시 광치동 산9,,,,정상가동,99,380,60,2019,,,,,2025-11-03
HJ태양광발전소,,전북특별자치도 남원시 운봉읍 권포리 1094,,,,정상가동,98.8,380,60,2020,,,,,2025-11-03
낙동5태양광발전소,,전북특별자치도 남원시 주생면 낙동리 24-5,,,,정상가동,99,380,60,2020,,,,,2025-11-03
박종혁태양광발전소,,전북특별자치도 남원시 아영면 일대리 619,,,,정상가동,99,380,60,2021,,,,,2025-11-03
정영희태양광발전소2호,,전북특별자치도 남원시 아영면 일대리 619-1,,,,정상가동,99,380,60,2021,,,,,2025-11-03
해순태양광발전소,,전북특별자치도 남원시 아영면 일대리 619-2,,,,정상가동,99,380,60,2021,,,,,2025-11-03
정정숙태양광발전소,,전북특별자치도 남원시 아영면 일대리 619-3,,,,정상가동,99,380,60,2021,,,,,2025-11-03
금복태양광발전소,,전북특별자치도 남원시 보절면 사촌리 산76,,,,정상가동,98.8,380,60,2020,,,,,2025-11-03
반디햇살태양광발전소,,전북특별자치도 남원시 보절면 사촌리 산76,,,,정상가동,98.8,380,60,2020,,,,,2025-11-03
남원으뜸태양광발전소,,전북특별자치도 남원시 보절면 사촌리 산76,,,,정상가동,98.8,380,60,2020,,,,,2025-11-03
신사임당태양광발전소,,전북특별자치도 남원시 보절면 사촌리 산76,,,,정상가동,98.8,380,60,2020,,,,,2025-11-03
수찬태양광발전소,,전북특별자치도 남원시 보절면 사촌리 산76,,,,정상가동,98.8,380,60,2020,,,,,2025-11-03
수현태양광발전소,,전북특별자치도 남원시 보절면 사촌리 산76,,,,정상가동,98.8,380,60,2020,,,,,2025-11-03
해랑남원태양광발전소,,전북특별자치도 남원시 보절면 사촌리 산76,,,,정상가동,98.8,380,60,2020,,,,,2025-11-03
대흥태양광발전소,,전북특별자치도 남원시 노암동 870-1,,,,정상가동,71.4,380,60,2018,,,,,2025-11-03
덕천1태양광발전소,,전북특별자치도 남원시 덕과면 사율리 677-4,,,,정상가동,99.96,380,60,2020,,,,,2025-11-03
덕천2태양광발전소,,전북특별자치도 남원시 덕과면 사율리 677-4,,,,정상가동,99.96,380,60,2020,,,,,2025-11-03
덕천3태양광발전소,,전북특별자치도 남원시 덕과면 사율리 677-4,,,,정상가동,97.02,380,60,2021,,,,,2025-11-03
그린솔라남원,,전북특별자치도 남원시 보절면 사촌리 산80-14,,,,정상가동,99,380,60,2020,,,,,2025-11-03
용명태양광발전소,,전북특별자치도 남원시 보절면 사촌리 산80-31,,,,정상가동,99,380,60,2021,,,,,2025-11-03
남녀태양광발전소,,전북특별자치도 남원시 운봉읍 화수리 145-75,,,,정상가동,97.2,380,60,2019,,,,,2025-11-03
일대태양광발전소,,전북특별자치도 남원시 아영면 일대리 456-2,,,,정상가동,99.36,380,60,2020,,,,,2025-11-03
전안태양광발전소,,전북특별자치도 남원시 아영면 일대리 456-5,,,,정상가동,99.36,380,60,2020,,,,,2025-11-03
이노태양광발전소,,전북특별자치도 남원시 아영면 일대리 456-9,,,,정상가동,99.36,380,60,2020,,,,,2025-11-03
안전태양광발전소,,전북특별자치도 남원시 아영면 일대리 456-4,,,,정상가동,99.36,380,60,2020,,,,,2025-11-03
대영2호태양광발전소,,전북특별자치도 남원시 아영면 일대리 458-5,,,,정상가동,99.36,380,60,2020,,,,,2025-11-03
마중물태양광발전소,,전북특별자치도 남원시 아영면 일대리 456-7,,,,정상가동,99.36,380,60,2020,,,,,2025-11-03
효자태양광발전소,,전북특별자치도 남원시 아영면 일대리 456,,,,정상가동,99.36,380,60,2020,,,,,2025-11-03
남원HLS태양광발전소,,전북특별자치도 남원시 광치동 산9,,,,정상가동,99,380,60,2019,,,,,2025-11-03
서도태양광발전소,,전북특별자치도 남원시 사매면 서도리 663-29,,,,정상가동,99.36,380,60,2021,,,,,2025-11-03
JJK태양광발전소,,전북특별자치도 남원시 사매면 서도리 663-3,,,,정상가동,99.36,380,60,2021,,,,,2025-11-03
재유2호태양광발전소,,전북특별자치도 남원시 수지면 산정리 332-1,,,,정상가동,436.8,380,60,2022,,,,,2025-11-03
재유3호태양광발전소,,전북특별자치도 남원시 인월면 취암리 12,,,,정상가동,499.8,380,60,2020,,,,,2025-11-03
양성태양광발전소,,전북특별자치도 남원시 보절면 금다리 913-31,,,,정상가동,496.32,380,60,2020,,,,,2025-11-03
솔라비젼스타태양광발전소,,전북특별자치도 남원시 대강면 월탄리 산26,,,,정상가동,994.95,22900,60,2019,,,,,2025-11-03
숲속태양광발전소,,전북특별자치도 남원시 덕과면 사율리 461-5,,,,정상가동,198.8,380,60,2019,,,,,2025-11-03
한길태양광발전소,,전북특별자치도 남원시 덕과면 사율리 461-3,,,,정상가동,198.8,380,60,2019,,,,,2025-11-03
청풍1호태양광발전소,,전북특별자치도 남원시 덕과면 사율리 461-4,,,,정상가동,298.2,380,60,2019,,,,,2025-11-03
아성에너지,,전북특별자치도 남원시 대강면 강석리 9,,,,정상가동,99,380,60,2020,,,,,2025-11-03
일월태양광발전소,,전북특별자치도 남원시 산동면 월석리 657-7,,,,정상가동,99.4,380,60,2020,,,,,2025-11-03
기식1태양광발전소,,전북특별자치도 남원시 산동면 월석리 657-8,,,,정상가동,99.4,380,60,2020,,,,,2025-11-03
달뫼태양광발전소,,전북특별자치도 남원시 산동면 월석리 657-1,,,,정상가동,99.4,380,60,2020,,,,,2025-11-03
상이태양광발전소,,전북특별자치도 남원시 보절면 금다리 913-1,,,,정상가동,99,380,60,2019,,,,,2025-11-03
오숙태양광발전소,,전북특별자치도 남원시 보절면 금다리 913-30,,,,정상가동,99,380,60,2019,,,,,2025-11-03
우리태양광발전소,,전북특별자치도 남원시 보절면 금다리 911-1,,,,정상가동,99,380,60,2019,,,,,2025-11-03
영희1태양광발전소,,전북특별자치도 남원시 보절면 금다리 913,,,,정상가동,99,380,60,2019,,,,,2025-11-03
천황봉1태양광발전소,,전북특별자치도 남원시 보절면 금다리 911-12,,,,정상가동,99,380,60,2019,,,,,2025-11-03
다산태양광발전소,,전북특별자치도 남원시 보절면 금다리 911-9,,,,정상가동,99,380,60,2019,,,,,2025-11-03
영서태양광발전소,,전북특별자치도 남원시 보절면 신파리 226-182,,,,정상가동,99,380,60,2020,,,,,2025-11-03
용빈태양광발전소,,전북특별자치도 남원시 보절면 신파리 226-183,,,,정상가동,99,380,60,2020,,,,,2025-11-03
천황봉2태양광발전소,,전북특별자치도 남원시 보절면 신파리 226-266,,,,정상가동,99,380,60,2020,,,,,2025-11-03
유빈태양광발전소,,전북특별자치도 남원시 보절면 신파리 226-180,,,,정상가동,99,380,60,2020,,,,,2025-11-03
인동2호태양광발전소,,전북특별자치도 남원시 대산면 대곡리 465,,,,정상가동,62.9,380,60,2020,,,,,2025-11-03
빛모아1호태양광발전소,,전북특별자치도 남원시 인월면 성산리 359-79,,,,정상가동,99,380,60,2020,,,,,2025-11-03
빛모아2호태양광발전소,,전북특별자치도 남원시 인월면 성산리 359-118,,,,정상가동,99,380,60,2020,,,,,2025-11-03
빛모아6호태양광발전소,,전북특별자치도 남원시 인월면 성산리 359-117,,,,정상가동,99,380,60,2020,,,,,2025-11-03
빛모아4호태양광발전소,,전북특별자치도 남원시 인월면 성산리 359-116,,,,정상가동,99,380,60,2020,,,,,2025-11-03
빛모아5호태양광발전소,,전북특별자치도 남원시 인월면 성산리 359-93,,,,정상가동,50,380,60,2020,,,,,2025-11-03
도건5호태양광발전소,,전북특별자치도 남원시 대산면 대곡리 4,,,,정상가동,99,380,60,2020,,,,,2025-11-03
백일태양광,,전북특별자치도 남원시 대산면 대곡리 4-2,,,,정상가동,99,380,60,2020,,,,,2025-11-03
장수태양광발전소,,전북특별자치도 남원시 운봉읍 매요리 149-1,,,,정상가동,99.72,380,60,2020,,,,,2025-11-03
유촌태양광발전소,,전북특별자치도 남원시 운봉읍 매요리 148-2,,,,정상가동,99.72,380,60,2020,,,,,2025-11-03
수연태양광발전소,,전북특별자치도 남원시 운봉읍 매요리 149-4,,,,정상가동,99.72,380,60,2020,,,,,2025-11-03
매요태양광발전소,,전북특별자치도 남원시 운봉읍 매요리 149-7,,,,정상가동,99.72,380,60,2020,,,,,2025-11-03
강릉태양광발전소,,전북특별자치도 남원시 운봉읍 매요리 149-2,,,,정상가동,99.72,380,60,2021,,,,,2025-11-03
기순태양광발전소,,전북특별자치도 남원시 보절면 사촌리 73-4,,,,정상가동,99.82,380,60,2020,,,,,2025-11-03
승곤태양광발전소,,전북특별자치도 남원시 보절면 사촌리 73-1,,,,정상가동,99.82,380,60,2020,,,,,2025-11-03
수정태양광발전소,,전북특별자치도 남원시 보절면 사촌리 74-1,,,,정상가동,99.82,380,60,2020,,,,,2025-11-03
대곡4호태양광발전소,,전북특별자치도 남원시 대산면 대곡리 255-5,,,,정상가동,499,380,60,2021,,,,,2025-11-03
대곡3호태양광발전소,,전북특별자치도 남원시 대산면 대곡리 255-4,,,,정상가동,499,380,60,2021,,,,,2025-11-03
대곡2호태양광발전소,,전북특별자치도 남원시 대산면 대곡리 255-3,,,,정상가동,499,380,60,2021,,,,,2025-11-03
대곡1호태양광발전소,,전북특별자치도 남원시 대산면 대곡리 255-2,,,,정상가동,499,380,60,2021,,,,,2025-11-03
유영태양광발전소,,전북특별자치도 남원시 대강면 송대리 24-4,,,,정상가동,99.36,380,60,2020,,,,,2025-11-03
유영2태양광발전소,,전북특별자치도 남원시 대강면 송대리 24-3,,,,정상가동,99.36,380,60,2021,,,,,2025-11-03
바우태양광발전소,,전북특별자치도 남원시 금지면 서매리 629-2,,,,정상가동,596.2,22900,60,2020,,,,,2025-11-03
지수태양광발전소,,전북특별자치도 남원시 인월면 유곡리 300,,,,정상가동,99.18,380,60,2021,,,,,2025-11-03
하나태양광발전소,,전북특별자치도 남원시 아영면 일대리 2-41,,,,정상가동,198,380,60,2021,,,,,2025-11-03
미래태양광발전소,,전북특별자치도 남원시 아영면 일대리 2-42,,,,정상가동,249.4,380,60,2021,,,,,2025-11-03
대일발전태양광발전소,,전북특별자치도 남원시 보절면 도룡리 207,,,,정상가동,498.42,380,60,2019,,,,,2025-11-03
도촌리태양광발전소,,전북특별자치도 남원시 보절면 도룡리 118-87,,,,정상가동,498.42,380,60,2019,,,,,2025-11-03
남원서울태양광발전소,,전북특별자치도 남원시 내척동 357-10,,,,정상가동,198.72,380,60,2020,,,,,2025-11-03
하늘태양광발전소,,전북특별자치도 남원시 아영면 아곡리 51-18,,,,정상가동,298.08,380,60,2020,,,,,2025-11-03
서라골태양광발전소,,전북특별자치도 남원시 주생면 낙동리 622-1,,,,정상가동,295,380,60,2020,,,,,2025-11-03
아상태양광발전소,,전북특별자치도 남원시 아영면 일대리 467-3,,,,정상가동,499.84,380,60,2020,,,,,2025-11-03
해테크남원8호,,전북특별자치도 남원시 아영면 일대리 465,,,,정상가동,499.84,380,60,2020,,,,,2025-11-03
혁신태양광발전소,,전북특별자치도 남원시 덕과면 사율리 461-2,,,,정상가동,99.4,380,60,2019,,,,,2025-11-03
청풍2호태양광발전소,,전북특별자치도 남원시 덕과면 사율리 461-6,,,,정상가동,99.4,380,60,2019,,,,,2025-11-03
큰나무태양광발전소,,전북특별자치도 남원시 월락동 129-89,,,,정상가동,64.8,380,60,2019,,,,,2025-11-03
남원영희태양광발전소,,전북특별자치도 남원시 광치동 산9,,,,정상가동,99,380,60,2019,,,,,2025-11-03
내고장태양광발전소,,전북특별자치도 남원시 주천면 장안리 144,,,,정상가동,75,380,60,2019,,,,,2025-11-03
청정2호태양광발전소,,전북특별자치도 남원시 인월면 취암리 114,,,,정상가동,95.76,380,60,2019,,,,,2025-11-03
청정3호태양광발전소,,전북특별자치도 남원시 인월면 취암리 116,,,,정상가동,74.88,380,60,2019,,,,,2025-11-03
청정1호태양광발전소,,전북특별자치도 남원시 인월면 취암리 114,,,,정상가동,95.76,380,60,2019,,,,,2025-11-03
진웅태양광발전소,,전북특별자치도 남원시 보절면 금다리 911-10,,,,정상가동,99,380,60,2019,,,,,2025-11-03
정남태양광발전소,,전북특별자치도 남원시 보절면 신파리 226-176,,,,정상가동,99,380,60,2020,,,,,2025-11-03
보배태양광발전소,,전북특별자치도 남원시 보절면 신파리 226-177,,,,정상가동,99,380,60,2020,,,,,2025-11-03
준하태양광발전소,,전북특별자치도 남원시 보절면 신파리 226-264,,,,정상가동,99,380,60,2020,,,,,2025-11-03
아라태양광발전소,,전북특별자치도 남원시 아영면 일대리 2-31,,,,정상가동,99,380,60,2020,,,,,2025-11-03
큰솔태양광발전소,,전북특별자치도 남원시 아영면 일대리 2-38,,,,정상가동,99,380,60,2020,,,,,2025-11-03
종혁태양광발전소,,전북특별자치도 남원시 아영면 일대리 2-37,,,,정상가동,99,380,60,2020,,,,,2025-11-03
영주태양광발전소,,전북특별자치도 남원시 아영면 일대리 2-39,,,,정상가동,99,380,60,2020,,,,,2025-11-03
햇빛3호태양광발전소,,전북특별자치도 남원시 아영면 일대리 612-2,,,,정상가동,99.36,380,60,2020,,,,,2025-11-03
햇빛1호태양광발전소,,전북특별자치도 남원시 아영면 일대리 612-2,,,,정상가동,99.36,380,60,2020,,,,,2025-11-03
햇빛2호태양광발전소,,전북특별자치도 남원시 아영면 일대리 612-2,,,,정상가동,99.36,380,60,2020,,,,,2025-11-03
유진태양광발전소,,전북특별자치도 남원시 대강면 월탄리 272-1,,,,정상가동,99.4,380,60,2021,,,,,2025-11-03
노다지5호태양광발전소,,전북특별자치도 남원시 대강면 월탄리 272-6,,,,정상가동,99.4,380,60,2021,,,,,2025-11-03
남영에너지1호태양광발전소,,전북특별자치도 남원시 송동면 장국리 산89-3,,,,정상가동,486,380,60,2020,,,,,2025-11-03
희림태양광발전소,,전북특별자치도 남원시 주천면 주천리 848-1,,,,정상가동,495,380,60,2021,,,,,2025-11-03
남원미래태양광발전소,,전북특별자치도 남원시 대산면 수덕리 1749-4,,,,정상가동,529.1,22900,60,2019,,,,,2025-11-03
자임태양광,,전북특별자치도 남원시 덕과면 고정리 542,,,,정상가동,131.765,380,60,2019,,,,,2025-11-03
남원알파1호,,전북특별자치도 남원시 금지면 택내리 산65-1,,,,정상가동,900,22900,60,2024,,,,,2025-11-03
남원브라보1호,,전북특별자치도 남원시 금지면 택내리 산65-1,,,,정상가동,452.4,380,60,2024,,,,,2025-11-03
송상9호태양광발전소,,전북특별자치도 남원시 송동면 송상리 산135,,,,정상가동,99.36,380,60,2021,,,,,2025-11-03
꿀벌2호태양광발전소,,전북특별자치도 남원시 아영면 일대리 452,,,,정상가동,99.36,380,60,2020,,,,,2025-11-03
하늘2호태양광발전소,,전북특별자치도 남원시 아영면 아곡리 51-16,,,,정상가동,99.36,380,60,2020,,,,,2025-11-03
하늘1호태양광발전소,,전북특별자치도 남원시 아영면 아곡리 51-17,,,,정상가동,99.36,380,60,2020,,,,,2025-11-03
수인상사,,전북특별자치도 남원시 운봉읍 장교리 836,,,,정상가동,99.83,380,60,2020,,,,,2025-11-03
운봉태양발전,,전북특별자치도 남원시 운봉읍 장교리 836,,,,정상가동,99.83,380,60,2020,,,,,2025-11-03
하늘태양광발전소,,전북특별자치도 남원시 금지면 택내리 331-2,,,,정상가동,790.5,22900,60,2021,,,,,2025-11-03
대강솔라,,전북특별자치도 남원시 대강면 송대리 3-1,,,,정상가동,972,22900,60,2020,,,,,2025-11-03
남원솔라1호,,전북특별자치도 남원시 대강면 송대리 3-7,,,,정상가동,340.2,380,60,2020,,,,,2025-11-03
송대솔라,,전북특별자치도 남원시 대강면 송대리 3-5,,,,정상가동,972,22900,60,2020,,,,,2025-11-03
원병태양광발전소,,전북특별자치도 남원시 아영면 일대리 518-3,,,,정상가동,153,380,60,2020,,,,,2025-11-03
수두골태양광발전소,,전북특별자치도 남원시 금지면 서매리 1022-91,,,,정상가동,495.4,380,60,2020,,,,,2025-11-03
보절2호태양광발전소,,전북특별자치도 남원시 보절면 사촌리 산69,,,,정상가동,972,22900,60,2019,,,,,2025-11-03
보절1호태양광발전소,,전북특별자치도 남원시 보절면 사촌리 산69,,,,정상가동,972,22900,60,2019,,,,,2025-11-03
보절3호태양광발전소,,전북특별자치도 남원시 보절면 사촌리 산69,,,,정상가동,583.2,22900,60,2019,,,,,2025-11-03
송치태양광발전소,,전북특별자치도 남원시 주천면 송치리 385-1,,,,정상가동,282.24,380,60,2021,,,,,2025-11-03
배덕4호태양광발전소,,전북특별자치도 남원시 주천면 배덕리 212-26,,,,정상가동,499,380,60,2020,,,,,2025-11-03
배덕4호태양광발전소,,전북특별자치도 남원시 주천면 배덕리 212-23,,,,정상가동,499,380,60,2020,,,,,2025-11-03
삼현태양광발전소,,전북특별자치도 남원시 아영면 일대리 467-4,,,,정상가동,499.84,380,60,2020,,,,,2025-11-03
하늘5호태양광발전소,,전북특별자치도 남원시 아영면 일대리 185,,,,정상가동,155.25,380,60,2021,,,,,2025-11-03
수정태양광발전소,,전북특별자치도 남원시 운봉읍 신기리 175,,,,정상가동,297,380,60,2021,,,,,2025-11-03
수곡2호태양광발전소,,전북특별자치도 남원시 대산면 신계리 429-75,,,,정상가동,803.52,22900,60,2021,,,,,2025-11-03
수곡1호태양광발전소,,전북특별자치도 남원시 대산면 신계리 429-177,,,,정상가동,712.8,22900,60,2021,,,,,2025-11-03
지산1태양광발전소,,전북특별자치도 남원시 화정동 364-8,,,,정상가동,99.9,380,60,2020,,,,,2025-11-03
은정태양광발전소,,전북특별자치도 남원시 광치동 741-3,,,,정상가동,98.28,380,60,2020,,,,,2025-11-03
축복발전소1호,,전북특별자치도 남원시 이백면 효기리 493,,,,정상가동,99,380,60,2020,,,,,2025-11-03
축복발전소2호,,전북특별자치도 남원시 이백면 효기리 493-1,,,,정상가동,99,380,60,2020,,,,,2025-11-03
동성태양광발전소,,전북특별자치도 남원시 왕정동 45-21,,,,정상가동,19.04,380,60,2018,,,,,2025-11-03
남평새마을회태양광발전소,,전북특별자치도 남원시 이백면 남계리 464-4,,,,정상가동,29.7,380,60,2019,,,,,2025-11-03
아정태양광발전소,,전북특별자치도 남원시 아영면 일대리 467-15,,,,정상가동,99.36,380,60,2020,,,,,2025-11-03
아영태양광발전소,,전북특별자치도 남원시 아영면 일대리 467-10,,,,정상가동,99.36,380,60,2020,,,,,2025-11-03
아선태양광발전소,,전북특별자치도 남원시 아영면 일대리 467-11,,,,정상가동,99.36,380,60,2020,,,,,2025-11-03
아미태양광발전소,,전북특별자치도 남원시 아영면 일대리 467-8,,,,정상가동,99.36,380,60,2020,,,,,2025-11-03
아준태양광발전소,,전북특별자치도 남원시 아영면 일대리 467-9,,,,정상가동,99.36,380,60,2020,,,,,2025-11-03
아진태양광발전소,,전북특별자치도 남원시 아영면 일대리 467-13,,,,정상가동,99.36,380,60,2020,,,,,2025-11-03
상화태양광발전소,,전북특별자치도 남원시 아영면 일대리 467-14,,,,정상가동,99.36,380,60,2020,,,,,2025-11-03
현찬태양광발전소,,전북특별자치도 남원시 아영면 일대리 468-6,,,,정상가동,99.36,380,60,2020,,,,,2025-11-03
기정태양광발전소,,전북특별자치도 남원시 아영면 일대리 468-3,,,,정상가동,99.36,380,60,2020,,,,,2025-11-03
혜정태양광발전소,,전북특별자치도 남원시 주생면 정송리 269-7,,,,정상가동,99.83,380,60,2020,,,,,2025-11-03
현정태양광발전소,,전북특별자치도 남원시 주생면 정송리 223-23,,,,정상가동,99.83,380,60,2020,,,,,2025-11-03
재원7호태양광발전소,,전북특별자치도 남원시 아영면 일대리 436-2,,,,정상가동,98.6,380,60,2020,,,,,2025-11-03
민들레태양광발전소,,전북특별자치도 남원시 송동면 흑송리 산72,,,,정상가동,99,380,60,2020,,,,,2025-11-03
맹골8호태양광발전소,,전북특별자치도 남원시 대강면 사석리 1542-4,,,,정상가동,99.36,380,60,2020,,,,,2025-11-03
맹골7호태양광발전소,,전북특별자치도 남원시 대강면 사석리 1542-5,,,,정상가동,99.36,380,60,2020,,,,,2025-11-03
명화2호태양광발전소,,전북특별자치도 남원시 대강면 사석리 1542-2,,,,정상가동,99.36,380,60,2020,,,,,2025-11-03
명화3호태양광발전소,,전북특별자치도 남원시 대강면 사석리 1542-3,,,,정상가동,99.36,380,60,2020,,,,,2025-11-03
명화4호태양광발전소,,전북특별자치도 남원시 대강면 사석리 1542-1,,,,정상가동,99.36,380,60,2020,,,,,2025-11-03
맹골2호태양광발전소,,전북특별자치도 남원시 대강면 사석리 1542-6,,,,정상가동,99.36,380,60,2020,,,,,2025-11-03
맹골1호태양광발전소,,전북특별자치도 남원시 대강면 사석리 1542-7,,,,정상가동,99.36,380,60,2020,,,,,2025-11-03
춘향태양광발전소,,전북특별자치도 남원시 이백면 효기리 487-3,,,,정상가동,99.36,380,60,2020,,,,,2025-11-03
도령태양광발전소,,전북특별자치도 남원시 이백면 효기리 487-1,,,,정상가동,99.36,380,60,2020,,,,,2025-11-03
덕두1호태양광발전소,,전북특별자치도 남원시 운봉읍 신기리 684,,,,정상가동,97.2,380,60,2020,,,,,2025-11-03
탑솔라에너지(유)태양광발전소,,전북특별자치도 남원시 보절면 괴양리 45-16,,,,정상가동,972,22900,60,2019,,,,,2025-11-03
남원솔라2호,,전북특별자치도 남원시 보절면 괴양리 45-17,,,,정상가동,680.4,22900,60,2020,,,,,2025-11-03
진성태양광발전소,,전북특별자치도 남원시 보절면 황벌리 3,,,,정상가동,410.4,380,60,2019,,,,,2025-11-03
양가태양광발전소,,전북특별자치도 남원시 이백면 양가리 694-7,,,,정상가동,99.9,380,60,2022,,,,,2025-11-03
황금태양광발전소,,전북특별자치도 남원시 금지면 옹정리 66-7,,,,정상가동,99.54,380,60,2019,,,,,2025-11-03
그린에너지태양광발전소,,전북특별자치도 남원시 금지면 옹정리 66-9,,,,정상가동,99.54,380,60,2019,,,,,2025-11-03
썬에버에너지2호태양광발전소,,전북특별자치도 남원시 금지면 옹정리 66,,,,정상가동,99.54,380,60,2019,,,,,2025-11-03
썬에버2호태양광발전소,,전북특별자치도 남원시 금지면 옹정리 66-8,,,,정상가동,99.54,380,60,2019,,,,,2025-11-03
장수한빛1호태양광발전소,,전북특별자치도 남원시 금지면 옹정리 58-2,,,,정상가동,99.54,380,60,2019,,,,,2025-11-03
장수한빛2호태양광발전소,,전북특별자치도 남원시 금지면 옹정리 58-3,,,,정상가동,99.54,380,60,2019,,,,,2025-11-03
도윤1호태양광발전소,,전북특별자치도 남원시 금지면 옹정리 61-2,,,,정상가동,99.54,380,60,2019,,,,,2025-11-03
수진1호태양광발전소,,전북특별자치도 남원시 금지면 옹정리 61,,,,정상가동,99.54,380,60,2019,,,,,2025-11-03
행복태양광발전소,,전북특별자치도 남원시 금지면 옹정리 61-1,,,,정상가동,99.54,380,60,2019,,,,,2025-11-03
금지사랑태양광발전소,,전북특별자치도 남원시 금지면 옹정리 58-4,,,,정상가동,99.54,380,60,2019,,,,,2025-11-03
금지행복2호태양광발전소,,전북특별자치도 남원시 금지면 옹정리 1093-2,,,,정상가동,99.54,380,60,2019,,,,,2025-11-03
큰솔2호태양광발전소,,전북특별자치도 남원시 금지면 옹정리 1090-1,,,,정상가동,42.66,380,60,2019,,,,,2025-11-03
호연당태양광발전소,,전북특별자치도 남원시 금지면 옹정리 1090,,,,정상가동,99.54,380,60,2019,,,,,2025-11-03
낙동2태양광발전소,,전북특별자치도 남원시 주생면 낙동리 416-12,,,,정상가동,99,380,60,2020,,,,,2025-11-03
낙동1태양광발전소,,전북특별자치도 남원시 주생면 낙동리 416-2,,,,정상가동,99,380,60,2020,,,,,2025-11-03
낙동3태양광발전소,,전북특별자치도 남원시 주생면 낙동리 416-4,,,,정상가동,99,380,60,2020,,,,,2025-11-03
낙동4태양광발전소,,전북특별자치도 남원시 주생면 낙동리 416-5,,,,정상가동,99,380,60,2020,,,,,2025-11-03
낙동5태양광발전소,,전북특별자치도 남원시 주생면 낙동리 416-10,,,,정상가동,99,380,60,2020,,,,,2025-11-03
낙동9태양광발전소,,전북특별자치도 남원시 주생면 낙동리 416-6,,,,정상가동,99,380,60,2020,,,,,2025-11-03
낙동8태양광발전소,,전북특별자치도 남원시 주생면 낙동리 416-7,,,,정상가동,99,380,60,2020,,,,,2025-11-03
낙동7태양광발전소,,전북특별자치도 남원시 주생면 낙동리 416-8,,,,정상가동,99,380,60,2020,,,,,2025-11-03
낙동6태양광발전소,,전북특별자치도 남원시 주생면 낙동리 416-9,,,,정상가동,99,380,60,2020,,,,,2025-11-03
성민에너지태양광발전소,,전북특별자치도 남원시 금지면 서매리 664-30,,,,정상가동,99,380,60,2019,,,,,2025-11-03
도엽태양광발전소,,전북특별자치도 남원시 금지면 서매리 664-29,,,,정상가동,99,380,60,2019,,,,,2025-11-03
서매오키태양광발전소,,전북특별자치도 남원시 금지면 서매리 664-28,,,,정상가동,99,380,60,2019,,,,,2025-11-03
이민태양광발전소,,전북특별자치도 남원시 금지면 서매리 664-27,,,,정상가동,99,380,60,2019,,,,,2025-11-03
성익태양광발전소,,전북특별자치도 남원시 금지면 서매리 664-13,,,,정상가동,99,380,60,2019,,,,,2025-11-03
남성2태양광발전소,,전북특별자치도 남원시 금지면 서매리 664-24,,,,정상가동,99,380,60,2019,,,,,2025-11-03
행복태양광발전소,,전북특별자치도 남원시 금지면 서매리 664-23,,,,정상가동,99,380,60,2019,,,,,2025-11-03
애영태양광발전소,,전북특별자치도 남원시 금지면 서매리 664-22,,,,정상가동,99,380,60,2019,,,,,2025-11-03
경준태양광발전소,,전북특별자치도 남원시 금지면 서매리 664-21,,,,정상가동,99,380,60,2019,,,,,2025-11-03
세나태양광발전소,,전북특별자치도 남원시 금지면 서매리 664-20,,,,정상가동,99,380,60,2019,,,,,2025-11-03
한빛태양광발전소,,전북특별자치도 남원시 금지면 서매리 664-1,,,,정상가동,99,380,60,2019,,,,,2025-11-03
하린2태양광발전소,,전북특별자치도 남원시 운봉읍 신기리 175-5,,,,정상가동,99,380,60,2021,,,,,2025-11-03
하린태양광발전소,,전북특별자치도 남원시 운봉읍 신기리 175-4,,,,정상가동,99,380,60,2021,,,,,2025-11-03
지산2태양광발전소,,전북특별자치도 남원시 화정동 364-1,,,,정상가동,99,380,60,2020,,,,,2025-11-03
순영태양광발전소,,전북특별자치도 남원시 화정동 364-10,,,,정상가동,99,380,60,2020,,,,,2025-11-03
행복3호태양광발전소,,전북특별자치도 남원시 아영면 일대리 436-12,,,,정상가동,99.36,380,60,2020,,,,,2025-11-03
행복4호태양광발전소,,전북특별자치도 남원시 아영면 일대리 436-12,,,,정상가동,99.36,380,60,2020,,,,,2025-11-03
재원6호태양광발전소,,전북특별자치도 남원시 아영면 일대리 436-12,,,,정상가동,99.36,380,60,2020,,,,,2025-11-03
나무그리기1태양광발전소,,전북특별자치도 남원시 내척동 605,,,,정상가동,97.92,380,60,2020,,,,,2025-11-03
나무그리기3태양광발전소,,전북특별자치도 남원시 내척동 605,,,,정상가동,97.92,380,60,2020,,,,,2025-11-03
나무그리기2태양광발전소,,전북특별자치도 남원시 내척동 605,,,,정상가동,97.92,380,60,2020,,,,,2025-11-03
한별솔라태양광발전소,,전북특별자치도 남원시 운봉읍 신기리 766,,,,정상가동,99,380,60,2021,,,,,2025-11-03
삼광솔라3태양광발전소,,전북특별자치도 남원시 운봉읍 신기리 766-1,,,,정상가동,99,380,60,2021,,,,,2025-11-03
상혁3태양광발전소,,전북특별자치도 남원시 운봉읍 신기리 766-1,,,,정상가동,99,380,60,2021,,,,,2025-11-03
지수솔라태양광발전소,,전북특별자치도 남원시 운봉읍 신기리 766,,,,정상가동,99,380,60,2021,,,,,2025-11-03
상혁2태양광발전소,,전북특별자치도 남원시 운봉읍 신기리 766,,,,정상가동,99,380,60,2021,,,,,2025-11-03
정화태양광발전소,,전북특별자치도 남원시 운봉읍 신기리 766-3,,,,정상가동,99,380,60,2021,,,,,2025-11-03
기린태양광발전소,,전북특별자치도 남원시 아영면 일대리 933,,,,정상가동,99,380,60,2020,,,,,2025-11-03
루하1호태양광발전소,,전북특별자치도 남원시 금지면 옹정리 1000,,,,정상가동,99.54,380,60,2019,,,,,2025-11-03
유나남원쏠라태양광발전소,,전북특별자치도 남원시 금지면 옹정리 1000-3,,,,정상가동,99.54,380,60,2019,,,,,2025-11-03
봉봉2호태양광발전소,,전북특별자치도 남원시 금지면 옹정리 1000-2,,,,정상가동,99.54,380,60,2019,,,,,2025-11-03
유강태양광발전소,,전북특별자치도 남원시 금지면 옹정리 64-1,,,,정상가동,99.54,380,60,2019,,,,,2025-11-03
큰솔태양광발전소,,전북특별자치도 남원시 금지면 옹정리 995,,,,정상가동,99.54,380,60,2019,,,,,2025-11-03
드림태양광발전소,,전북특별자치도 남원시 금지면 옹정리 64,,,,정상가동,99.54,380,60,2019,,,,,2025-11-03
산조(남원) 태양광발전소,,전북특별자치도 남원시 대산면 대곡리 33-1,,,,정상가동,499,380,60,2024,,,,,2025-11-03
에너지팩토리2호태양광발전소,,전북특별자치도 남원시 대산면 대곡리 산53-1,,,,정상가동,199.8,380,60,2021,,,,,2025-11-03
민영태양광발전소,,전북특별자치도 남원시 대산면 대곡리 산53-1,,,,정상가동,499,380,60,2021,,,,,2025-11-03
현대경영기술원태양광발전소,,전북특별자치도 남원시 대산면 대곡리 산53-1,,,,정상가동,499,380,60,2021,,,,,2025-11-03
호승2태양광발전소,,전북특별자치도 남원시 운봉읍 권포리 산188,,,,정상가동,99,380,60,2020,,,,,2025-11-03
현영2태양광발전소,,전북특별자치도 남원시 운봉읍 권포리 산188,,,,정상가동,99,380,60,2020,,,,,2025-11-03
현영3태양광발전소,,전북특별자치도 남원시 운봉읍 권포리 산188,,,,정상가동,99,380,60,2020,,,,,2025-11-03
청초태양광발전소,,전북특별자치도 남원시 운봉읍 권포리 73-1,,,,정상가동,99,380,60,2020,,,,,2025-11-03
태영태양광발전소,,전북특별자치도 남원시 운봉읍 권포리 산188,,,,정상가동,99,380,60,2020,,,,,2025-11-03
주영태양광발전소,,전북특별자치도 남원시 운봉읍 권포리 산188,,,,정상가동,99,380,60,2020,,,,,2025-11-03
재승태양광발전소,,전북특별자치도 남원시 운봉읍 권포리 산188,,,,정상가동,99,380,60,2020,,,,,2025-11-03
재승2태양광발전소,,전북특별자치도 남원시 운봉읍 권포리 산188,,,,정상가동,99,380,60,2020,,,,,2025-11-03
인성솔라태양광발전소,,전북특별자치도 남원시 대강면 송대리 1-9,,,,정상가동,99.05,380,60,2020,,,,,2025-11-03
철호태양광발전소,,전북특별자치도 남원시 대강면 송대리 1-4,,,,정상가동,99.05,380,60,2020,,,,,2025-11-03
미니태양광발전소,,전북특별자치도 남원시 대강면 송대리 산19-1,,,,정상가동,99.05,380,60,2020,,,,,2025-11-03
태임태양광발전소,,전북특별자치도 남원시 대강면 평촌리 산69-2,,,,정상가동,99.05,380,60,2020,,,,,2025-11-03
다솔태양광발전소,,전북특별자치도 남원시 대강면 평촌리 410-27,,,,정상가동,99.05,380,60,2020,,,,,2025-11-03
동충3호태양광발전소,,전북특별자치도 남원시 대강면 송대리 1-10,,,,정상가동,99.05,380,60,2020,,,,,2025-11-03
재봉태양광발전소,,전북특별자치도 남원시 대강면 송대리 산19-1,,,,정상가동,99.05,380,60,2019,,,,,2025-11-03
조순태양광발전소,,전북특별자치도 남원시 대강면 송대리 1-3,,,,정상가동,99.05,380,60,2019,,,,,2025-11-03
채성태양광발전소,,전북특별자치도 남원시 화정동 281,,,,정상가동,147.5,380,60,2023,,,,,2025-11-03
신우전기발전소2호,,전북특별자치도 남원시 보절면 금다리 1-1,,,,정상가동,496.8,380,60,2024,,,,,2025-11-03
신조발전소1호,,전북특별자치도 남원시 보절면 금다리 산37-1,,,,정상가동,496.8,380,60,2021,,,,,2025-11-03
신우친환경에너지2호,,전북특별자치도 남원시 보절면 금다리 산37-1,,,,정상가동,496.8,380,60,2024,,,,,2025-11-03
원창발전소1호,,전북특별자치도 남원시 보절면 금다리 산37-1,,,,정상가동,496.8,380,60,2024,,,,,2025-11-03
신우전기발전소1호,,전북특별자치도 남원시 보절면 금다리 산37-1,,,,정상가동,496.8,380,60,2024,,,,,2025-11-03
신우친환경에너지1호,,전북특별자치도 남원시 보절면 금다리 1-1,,,,정상가동,496.8,380,60,2024,,,,,2025-11-03
신선발전소1호,,전북특별자치도 남원시 보절면 금다리 산37-1,,,,정상가동,496.8,380,60,2021,,,,,2025-11-03
신민발전소1호,,전북특별자치도 남원시 보절면 금다리 산37-1,,,,정상가동,496.8,380,60,2021,,,,,2025-11-03
신대발전소1호,,전북특별자치도 남원시 보절면 금다리 산37-1,,,,정상가동,496.8,380,60,2021,,,,,2025-11-03
신한발전소1호,,전북특별자치도 남원시 보절면 금다리 산37-1,,,,정상가동,496.8,380,60,2021,,,,,2025-11-03
원창발전소2호,,전북특별자치도 남원시 보절면 금다리 산37-1,,,,정상가동,496.8,380,60,2021,,,,,2025-11-03
신조발전소2호,,전북특별자치도 남원시 보절면 금다리 산37-1,,,,정상가동,496.8,380,60,2021,,,,,2025-11-03
신선발전소2호,,전북특별자치도 남원시 보절면 금다리 산37-1,,,,정상가동,496.8,380,60,2021,,,,,2025-11-03
신민발전소2호,,전북특별자치도 남원시 보절면 금다리 산37-1,,,,정상가동,496.8,380,60,2021,,,,,2025-11-03
신한발전소2호,,전북특별자치도 남원시 보절면 금다리 산37-1,,,,정상가동,496.8,380,60,2021,,,,,2025-11-03
신대발전소2호,,전북특별자치도 남원시 보절면 금다리 산37-1,,,,정상가동,496.8,380,60,2024,,,,,2025-11-03
식련1태양광발전소,,전북특별자치도 남원시 산동면 식련리 8-3,,,,정상가동,997.92,22900,60,2023,,,,,2025-11-03
태영식련발전소,,전북특별자치도 남원시 산동면 식련리 8-6,,,,정상가동,498.96,380,60,2023,,,,,2025-11-03
화이트태양광발전소,,전북특별자치도 남원시 산동면 식련리 8-5,,,,정상가동,498.96,380,60,2022,,,,,2025-11-03
블루태양광발전소,,전북특별자치도 남원시 산동면 식련리 8-2,,,,정상가동,498.96,380,60,2022,,,,,2025-11-03
식련2태양광발전소,,전북특별자치도 남원시 산동면 식련리 8-29,,,,정상가동,980.91,22900,60,2023,,,,,2025-11-03
세혜지솔라태양광발전소,,전북특별자치도 남원시 산동면 식련리 8-8,,,,정상가동,498.96,380,60,2023,,,,,2025-11-03
나무그리기5태양광발전소,,전북특별자치도 남원시 내척동 605,,,,정상가동,99.45,380,60,2020,,,,,2025-11-03
면천복씨태양광발전소,,전북특별자치도 남원시 대산면 길곡리 301-3,,,,정상가동,492.75,380,60,2020,,,,,2025-11-03
참나무정2호태양광발전소,,전북특별자치도 남원시 보절면 진기리 1105-7,,,,정상가동,198.72,380,60,2024,,,,,2025-11-03
참나무정3호태양광발전소,,전북특별자치도 남원시 보절면 진기리 1105-8,,,,정상가동,198.72,380,60,2024,,,,,2025-11-03
목동태양광발전소,,전북특별자치도 남원시 산동면 목동리 159,,,,정상가동,298.08,380,60,2019,,,,,2025-11-03
박훈태양광발전소,,전북특별자치도 남원시 덕과면 덕촌리 산204-2,,,,정상가동,298.08,380,60,2019,,,,,2025-11-03
풍산태양광발전소,,전북특별자치도 남원시 대강면 풍산리 482,,,,정상가동,352,380,60,2021,,,,,2025-11-03
용정태양광발전소,,전북특별자치도 남원시 덕과면 고정리 947,,,,정상가동,288,380,60,2021,,,,,2025-11-03
SUN태양광발전소,,전북특별자치도 남원시 대산면 대곡리 산108,,,,정상가동,999.45,22900,60,2020,,,,,2025-11-03
주화태양광발전소,,전북특별자치도 남원시 광치동 742,,,,정상가동,199.9,380,60,2020,,,,,2025-11-03
용솔라태양광발전소,,전북특별자치도 남원시 이백면 효기리 456-47,,,,정상가동,297,380,60,2023,,,,,2025-11-03
지솔라태양광발전소,,전북특별자치도 남원시 이백면 효기리 456-41,,,,정상가동,498.96,380,60,2023,,,,,2025-11-03
기솔라태양광발전소,,전북특별자치도 남원시 이백면 효기리 456-1,,,,정상가동,498.96,380,60,2023,,,,,2025-11-03
푸름태양광발전소,,전북특별자치도 남원시 이백면 효기리 456-21,,,,정상가동,997.92,22900,60,2023,,,,,2025-11-03
원솔라태양광발전소,,전북특별자치도 남원시 이백면 효기리 456-44,,,,정상가동,498.96,380,60,2023,,,,,2025-11-03
썬라이트태양광발전소1호,,전북특별자치도 남원시 운봉읍 매요리 138-1,,,,정상가동,99.36,380,60,2021,,,,,2025-11-03
썬라이트태양광발전소2호,,전북특별자치도 남원시 운봉읍 매요리 138,,,,정상가동,99.36,380,60,2021,,,,,2025-11-03
북극곰13호태양광발전소,,전북특별자치도 남원시 아영면 성리 산16,,,,정상가동,99,380,60,2021,,,,,2025-11-03
북극곰11호태양광발전소,,전북특별자치도 남원시 아영면 성리 산16,,,,정상가동,99,380,60,2021,,,,,2025-11-03
북극곰12호태양광발전소,,전북특별자치도 남원시 아영면 성리 산16,,,,정상가동,99,380,60,2021,,,,,2025-11-03
북극곰14호태양광발전소,,전북특별자치도 남원시 아영면 성리 산16,,,,정상가동,99,380,60,2021,,,,,2025-11-03
북극곰15호태양광발전소,,전북특별자치도 남원시 아영면 성리 산16,,,,정상가동,99,380,60,2021,,,,,2025-11-03
북극곰16호태양광발전소,,전북특별자치도 남원시 아영면 성리 산16,,,,정상가동,99,380,60,2021,,,,,2025-11-03
북극곰17호태양광발전소,,전북특별자치도 남원시 아영면 성리 산16,,,,정상가동,99,380,60,2021,,,,,2025-11-03
북극곰18호태양광발전소,,전북특별자치도 남원시 아영면 성리 산16,,,,정상가동,99,380,60,2021,,,,,2025-11-03
복음태양광발전소,,전북특별자치도 남원시 동충동 190,,,,정상가동,45.36,380,60,2019,,,,,2025-11-03
푸른하늘태양광발전소,,전북특별자치도 남원시 아영면 아곡리 51-8,,,,정상가동,99.36,380,60,2020,,,,,2025-11-03
현선태양광발전소,,전북특별자치도 남원시 아영면 아곡리 51-15,,,,정상가동,99.36,380,60,2020,,,,,2025-11-03
동경태양광발전소,,전북특별자치도 남원시 아영면 아곡리 51-14,,,,정상가동,99.36,380,60,2020,,,,,2025-11-03
이기서태양광발전소,,전북특별자치도 남원시 아영면 아곡리 51-12,,,,정상가동,99.36,380,60,2020,,,,,2025-11-03
신성자태양광발전소,,전북특별자치도 남원시 아영면 아곡리 51-13,,,,정상가동,99.36,380,60,2020,,,,,2025-11-03
이윤환태양광발전소,,전북특별자치도 남원시 아영면 아곡리 51-19,,,,정상가동,99.36,380,60,2020,,,,,2025-11-03
에이제이솔라태양광발전소,,전북특별자치도 남원시 아영면 아곡리 51-9,,,,정상가동,99,380,60,2020,,,,,2025-11-03
성현6태양광발전소,,전북특별자치도 남원시 아영면 아곡리 51-5,,,,정상가동,99.36,380,60,2020,,,,,2025-11-03
샤인태양광발전소,,전북특별자치도 남원시 보절면 진기리 1105-10,,,,정상가동,498.96,380,60,2024,,,,,2025-11-03
일진태양광발전소,,전북특별자치도 남원시 광치동 744-2,,,,정상가동,99.96,380,60,2020,,,,,2025-11-03
남서태양광발전소,,전북특별자치도 남원시 광치동 742-1,,,,정상가동,99.96,380,60,2020,,,,,2025-11-03
덕두2호태양광발전소,,전북특별자치도 남원시 운봉읍 신기리 684-4,,,,정상가동,97.2,380,60,2020,,,,,2025-11-03
덕두4호태양광발전소,,전북특별자치도 남원시 운봉읍 신기리 684-5,,,,정상가동,97.2,380,60,2020,,,,,2025-11-03
갈치태양광발전소,,전북특별자치도 남원시 갈치동 180,,,,정상가동,21.6,380,60,2018,,,,,2025-11-03
엠에스솔라태양광발전소,,전북특별자치도 남원시 아영면 아곡리 51-4,,,,정상가동,99.36,380,60,2020,,,,,2025-11-03
아곡태양광발전소,,전북특별자치도 남원시 아영면 아곡리 51-7,,,,정상가동,99.36,380,60,2020,,,,,2025-11-03
이은원태양광발전소,,전북특별자치도 남원시 아영면 아곡리 51-10,,,,정상가동,99.36,380,60,2020,,,,,2025-11-03
프린스피아태양광발전소,,전북특별자치도 남원시 아영면 아곡리 51-3,,,,정상가동,99.36,380,60,2020,,,,,2025-11-03
솔라엔 태양광발전소,,전북특별자치도 남원시 아영면 아곡리 51-11,,,,정상가동,99.36,380,60,2020,,,,,2025-11-03
주훈태양광발전소,,전북특별자치도 남원시 아영면 아곡리 51-6,,,,정상가동,99.36,380,60,2020,,,,,2025-11-03
드림3호태양광발전소,,전북특별자치도 남원시 수지면 고평리 817-10,,,,정상가동,98.28,380,60,2022,,,,,2025-11-03
아폴론태양광발전소,,전북특별자치도 남원시 수지면 고평리 817-11,,,,정상가동,98.28,380,60,2022,,,,,2025-11-03
더라이트태양광발전소,,전북특별자치도 남원시 수지면 고평리 817-8,,,,정상가동,98.28,380,60,2022,,,,,2025-11-03
유진태양광발전소,,전북특별자치도 남원시 수지면 고평리 817-7,,,,정상가동,98.28,380,60,2022,,,,,2025-11-03
YJ.SOLARPOWER발전소,,전북특별자치도 남원시 수지면 고평리 817,,,,정상가동,98.28,380,60,2022,,,,,2025-11-03
서천태양광발전소,,전북특별자치도 남원시 수지면 고평리 817,,,,정상가동,98.28,380,60,2022,,,,,2025-11-03
Y&I태양광발전소,,전북특별자치도 남원시 수지면 고평리 817-5,,,,정상가동,98.28,380,60,2022,,,,,2025-11-03
솔라월드5태양광발전소,,전북특별자치도 남원시 수지면 고평리 817-6,,,,정상가동,98.28,380,60,2022,,,,,2025-11-03
동문태양광발전소,,전북특별자치도 남원시 수지면 고평리 817-9,,,,정상가동,98.28,380,60,2022,,,,,2025-11-03
옹정2태양광발전소,,전북특별자치도 남원시 금지면 옹정리 1091-5,,,,정상가동,99.05,380,60,2020,,,,,2025-11-03
옹정10태양광발전소,,전북특별자치도 남원시 금지면 옹정리 63,,,,정상가동,99.05,380,60,2020,,,,,2025-11-03
옹정4태양광발전소,,전북특별자치도 남원시 금지면 옹정리 1091,,,,정상가동,99.05,380,60,2020,,,,,2025-11-03
옹정3태양광발전소,,전북특별자치도 남원시 금지면 옹정리 1091-1,,,,정상가동,99.05,380,60,2020,,,,,2025-11-03
옹정8태양광발전소,,전북특별자치도 남원시 금지면 옹정리 1091-3,,,,정상가동,99.05,380,60,2020,,,,,2025-11-03
옹정6태양광발전소,,전북특별자치도 남원시 금지면 옹정리 1087,,,,정상가동,99.05,380,60,2020,,,,,2025-11-03
옹정11태양광발전소,,전북특별자치도 남원시 금지면 옹정리 63,,,,정상가동,99.05,380,60,2020,,,,,2025-11-03
옹정15태양광발전소,,전북특별자치도 남원시 금지면 옹정리 63-1,,,,정상가동,99.05,380,60,2021,,,,,2025-11-03
옹정12태양광발전소,,전북특별자치도 남원시 금지면 옹정리 1091,,,,정상가동,99.05,380,60,2020,,,,,2025-11-03
옹정5태양광발전소,,전북특별자치도 남원시 금지면 옹정리 1087,,,,정상가동,99.05,380,60,2020,,,,,2025-11-03
옹정13태양광발전소,,전북특별자치도 남원시 금지면 옹정리 1087,,,,정상가동,99.05,380,60,2020,,,,,2025-11-03
옹정7태양광발전소,,전북특별자치도 남원시 금지면 옹정리 1087,,,,정상가동,99.05,380,60,2020,,,,,2025-11-03
옹정1태양광발전소,,전북특별자치도 남원시 금지면 옹정리 1087-5,,,,정상가동,99.05,380,60,2020,,,,,2025-11-03
옹정16태양광발전소,,전북특별자치도 남원시 금지면 옹정리 1084,,,,정상가동,99.05,380,60,2020,,,,,2025-11-03
옹정14태양광발전소,,전북특별자치도 남원시 금지면 옹정리 1084,,,,정상가동,99.05,380,60,2020,,,,,2025-11-03
옹정9태양광발전소,,전북특별자치도 남원시 금지면 옹정리 1084-1,,,,정상가동,99.05,380,60,2020,,,,,2025-11-03
정우2호태양광발전소,,전북특별자치도 남원시 덕과면 사율리 11,,,,정상가동,99.36,380,60,2021,,,,,2025-11-03
정우1호태양광발전소,,전북특별자치도 남원시 덕과면 사율리 10-2,,,,정상가동,99.36,380,60,2021,,,,,2025-11-03
양지태양광발전소,,전북특별자치도 남원시 인월면 자래리 190,,,,정상가동,99.28,380,60,2020,,,,,2025-11-03
MJ2호태양광발전소,,전북특별자치도 남원시 산동면 부절리 315,,,,정상가동,198.72,380,60,2020,,,,,2025-11-03
MJ1호태양광발전소,,전북특별자치도 남원시 산동면 부절리 315-1,,,,정상가동,298.08,380,60,2020,,,,,2025-11-03
숙이태양광발전소,,전북특별자치도 남원시 보절면 금다리 681-42,,,,정상가동,99,380,60,2020,,,,,2025-11-03
종일태양광발전소,,전북특별자치도 남원시 보절면 금다리 681-10,,,,정상가동,99,380,60,2020,,,,,2025-11-03
화광대신태양광발전소,,전북특별자치도 남원시 사매면 대신리 622-2,,,,정상가동,499.59,380,60,2021,,,,,2025-11-03
(유)두포에너지태양광발전소,,전북특별자치도 남원시 대강면 입암리 32,,,,정상가동,99.9,380,60,2023,,,,,2025-11-03
(유)창촌에너지태양광발전소,,전북특별자치도 남원시 대강면 입암리 20,,,,정상가동,99.9,380,60,2023,,,,,2025-11-03
정후다올태양광발전소,,전북특별자치도 남원시 대강면 입암리 32-12,,,,정상가동,99.9,380,60,2023,,,,,2025-11-03
연준태양광발전소,,전북특별자치도 남원시 보절면 괴양리 45-6,,,,정상가동,97.2,380,60,2020,,,,,2025-11-03
석영쏠라태양광발전소,,전북특별자치도 남원시 보절면 괴양리 45-10,,,,정상가동,97.2,380,60,2020,,,,,2025-11-03
남원솔라5호태양광발전소,,전북특별자치도 남원시 보절면 괴양리 45-11,,,,정상가동,97.2,380,60,2020,,,,,2025-11-03
남원솔라6호,,전북특별자치도 남원시 보절면 괴양리 45-9,,,,정상가동,97.2,380,60,2020,,,,,2025-11-03
이홍1호태양광발전소,,전북특별자치도 남원시 금지면 옹정리 1003,,,,정상가동,99.54,380,60,2020,,,,,2025-11-03
린린태양광발전소,전북특별자치도 남원시 원천로 113,,,,,정상가동,30,380,60,2018,,,,,2025-11-03
수경태양광발전소,,전북특별자치도 남원시 보절면 진기리 산191,,,,정상가동,99.96,380,60,2021,,,,,2025-11-03
JH태양광발전소,,전북특별자치도 남원시 주천면 주천리 633,,,,정상가동,486,380,60,2020,,,,,2025-11-03
마호태양광발전소,,전북특별자치도 남원시 수지면 고평리 1681-11,,,,정상가동,99.9,380,60,2020,,,,,2025-11-03
사촌계다리폭포제2발전소,,전북특별자치도 남원시 보절면 사촌리 산15,,,,정상가동,997.92,22900,60,2021,,,,,2025-11-03
승현태양광발전소,,전북특별자치도 남원시 보절면 사촌리 1-2,,,,정상가동,997.92,22900,60,2023,,,,,2025-11-03
행복발전소,,전북특별자치도 남원시 보절면 황벌리 269-3,,,,정상가동,375.36,380,60,2021,,,,,2025-11-03
서영태양광발전소,,전북특별자치도 남원시 주천면 송치리 1253-6,,,,정상가동,998.64,22900,60,2021,,,,,2025-11-03
보절1호태양광발전소,,전북특별자치도 남원시 보절면 성시리 62-1,,,,정상가동,99.9,380,60,2020,,,,,2025-11-03
멍군태양광발전소,,전북특별자치도 남원시 대산면 대곡리 205-3,,,,정상가동,99.96,380,60,2020,,,,,2025-11-03
백제태양광발전소,,전북특별자치도 남원시 대산면 대곡리 205-6,,,,정상가동,99.96,380,60,2020,,,,,2025-11-03
대정1호태양광발전소,,전북특별자치도 남원시 보절면 진기리 658-2,,,,정상가동,97.2,380,60,2020,,,,,2025-11-03
대정2호태양광발전소,,전북특별자치도 남원시 보절면 진기리 658,,,,정상가동,97.2,380,60,2020,,,,,2025-11-03
창수태양광발전소,,전북특별자치도 남원시 보절면 황벌리 18-3,,,,정상가동,99.9,380,60,2020,,,,,2025-11-03
가동1호태양광발전소,,전북특별자치도 남원시 운봉읍 권포리 928-2,,,,정상가동,99,380,60,2020,,,,,2025-11-03
가동2호태양광발전소,,전북특별자치도 남원시 운봉읍 권포리 928,,,,정상가동,99,380,60,2020,,,,,2025-11-03
성원태양광발전소,,전북특별자치도 남원시 어현동 552,,,,정상가동,20.4,380,60,2018,,,,,2025-11-03
참나무정1호태양광발전소,,전북특별자치도 남원시 보절면 진기리 1105-12,,,,정상가동,99.36,380,60,2021,,,,,2025-11-03
사랑태양광발전소,,전북특별자치도 남원시 대산면 대곡리 205-4,,,,정상가동,99.96,380,60,2020,,,,,2025-11-03
가족태양광발전소,,전북특별자치도 남원시 대산면 대곡리 205-5,,,,정상가동,99.96,380,60,2020,,,,,2025-11-03
장군태양광발전소,,전북특별자치도 남원시 대산면 대곡리 205,,,,정상가동,99.96,380,60,2020,,,,,2025-11-03
유한회사 대진남원태양광,,전북특별자치도 남원시 수지면 유암리 670-1,,,,정상가동,499.68,380,60,2021,,,,,2025-11-03
유한회사 동진남원태양광,,전북특별자치도 남원시 수지면 유암리 670-1,,,,정상가동,499.68,380,60,2021,,,,,2025-11-03
유한회사 형주남원태양광,,전북특별자치도 남원시 수지면 유암리 670-1,,,,정상가동,447.12,380,60,2021,,,,,2025-11-03
유한회사 정옥태양광,,전북특별자치도 남원시 수지면 유암리 670-1,,,,정상가동,299.96,380,60,2021,,,,,2025-11-03
유한회사 제성남원태양광,,전북특별자치도 남원시 수지면 유암리 670-1,,,,정상가동,999.36,22900,60,2021,,,,,2025-11-03
주에너지,,전북특별자치도 남원시 주천면 배덕리 75,,,,정상가동,349.92,380,60,2020,,,,,2025-11-03
안영태양광발전소,,전북특별자치도 남원시 주천면 은송리 597-1,,,,정상가동,200,380,60,2020,,,,,2025-11-03
소망태양광발전소,,전북특별자치도 남원시 송동면 송내리 966-1,,,,정상가동,99.62,380,60,2021,,,,,2025-11-03
한림1호태양광발전소,,전북특별자치도 남원시 보절면 진기리 산110,,,,정상가동,397.44,380,60,2021,,,,,2025-11-03
양지태양광발전소,,전북특별자치도 남원시 대강면 수홍리 624-1,,,,정상가동,997.92,22900,60,2021,,,,,2025-11-03
해누리태양광발전소,,전북특별자치도 남원시 대강면 수홍리 624,,,,정상가동,997.92,22900,60,2021,,,,,2025-11-03
사계절태양광발전소,,전북특별자치도 남원시 보절면 진기리 1186-1,,,,정상가동,99,380,60,2020,,,,,2025-11-03
행복태양광발전소,,전북특별자치도 남원시 보절면 진기리 1186-18,,,,정상가동,99,380,60,2020,,,,,2025-11-03
원태양광발전소,,전북특별자치도 남원시 보절면 진기리 1186-17,,,,정상가동,99,380,60,2020,,,,,2025-11-03
주승에너지3호태양광발전소,,전북특별자치도 남원시 주천면 주천리 628,,,,정상가동,99.54,380,60,2020,,,,,2025-11-03
상2호태양광발전소,,전북특별자치도 남원시 주천면 주천리 628-2,,,,정상가동,99.54,380,60,2020,,,,,2025-11-03
한성태양광발전소,,전북특별자치도 남원시 송동면 송내리 841-1,,,,정상가동,99.2,380,60,2020,,,,,2025-11-03
사촌태양광발전소,,전북특별자치도 남원시 보절면 사촌리 32-3,,,,정상가동,99.72,380,60,2020,,,,,2025-11-03
사촌태양광발전소,,전북특별자치도 남원시 보절면 사촌리 32-9,,,,정상가동,99.72,380,60,2020,,,,,2025-11-03
사촌태양광발전소,,전북특별자치도 남원시 보절면 사촌리 32-10,,,,정상가동,99.72,380,60,2020,,,,,2025-11-03
사촌태양광발전소,,전북특별자치도 남원시 보절면 사촌리 32-4,,,,정상가동,99.72,380,60,2020,,,,,2025-11-03
사촌태양광발전소,,전북특별자치도 남원시 보절면 사촌리 32-8,,,,정상가동,99.72,380,60,2020,,,,,2025-11-03
사촌태양광발전소,,전북특별자치도 남원시 보절면 사촌리 32-11,,,,정상가동,99.72,380,60,2020,,,,,2025-11-03
사촌태양광발전소,,전북특별자치도 남원시 보절면 사촌리 32-5,,,,정상가동,99.72,380,60,2020,,,,,2025-11-03
사촌태양광발전소,,전북특별자치도 남원시 보절면 사촌리 32-7,,,,정상가동,99.72,380,60,2020,,,,,2025-11-03
행복1호발전소,,전북특별자치도 남원시 운봉읍 준향리 392-8,,,,정상가동,99,380,60,2020,,,,,2025-11-03
행복4호발전소,,전북특별자치도 남원시 운봉읍 준향리 392-9,,,,정상가동,99,380,60,2020,,,,,2025-11-03
빛나태양광발전소,,전북특별자치도 남원시 운봉읍 준향리 392-11,,,,정상가동,99,380,60,2020,,,,,2025-11-03
영남태양광발전소,,전북특별자치도 남원시 운봉읍 준향리 392-10,,,,정상가동,99,380,60,2020,,,,,2025-11-03
승길태양광발전소,,전북특별자치도 남원시 대강면 평촌리 410-28,,,,정상가동,99.05,380,60,2020,,,,,2025-11-03
이순태양광발전소,,전북특별자치도 남원시 대강면 송대리 산19-1,,,,정상가동,99.05,380,60,2019,,,,,2025-11-03
성종2호태양광발전소,,전북특별자치도 남원시 주생면 정송리 216-4,,,,정상가동,99.83,380,60,2020,,,,,2025-11-03
성호태양광발전소,,전북특별자치도 남원시 주생면 정송리 216-3,,,,정상가동,99.83,380,60,2020,,,,,2025-11-03
대운5호태양광발전소,,전북특별자치도 남원시 대산면 운교리 33-14,,,,정상가동,99.54,380,60,2020,,,,,2025-11-03
대운1호태양광발전소,,전북특별자치도 남원시 대산면 운교리 33-10,,,,정상가동,99.54,380,60,2020,,,,,2025-11-03
대운2호태양광발전소,,전북특별자치도 남원시 대산면 운교리 33-1,,,,정상가동,99.54,380,60,2020,,,,,2025-11-03
대운3호태양광발전소,,전북특별자치도 남원시 대산면 운교리 33-13,,,,정상가동,99.54,380,60,2020,,,,,2025-11-03
햇빛에너지2호태양광발전소,,전북특별자치도 남원시 대산면 대곡리 638-8,,,,정상가동,998.64,22900,60,2023,,,,,2025-11-03
정령태양광발전소,,전북특별자치도 남원시 운봉읍 덕산리 11,,,,정상가동,997.92,22900,60,2021,,,,,2025-11-03
운봉태양광발전소,,전북특별자치도 남원시 운봉읍 덕산리 9,,,,정상가동,997.92,22900,60,2022,,,,,2025-11-03
남원태양광발전소,,전북특별자치도 남원시 운봉읍 덕산리 24,,,,정상가동,997.92,22900,60,2022,,,,,2025-11-03
경님태양광발전소,,전북특별자치도 남원시 아영면 성리 202-8,,,,정상가동,99,380,60,2022,,,,,2025-11-03
수2호태양광발전소,,전북특별자치도 남원시 아영면 성리 202-7,,,,정상가동,99,380,60,2022,,,,,2025-11-03
계성3태양광발전소,,전북특별자치도 남원시 아영면 성리 202-4,,,,정상가동,99,380,60,2022,,,,,2025-11-03
오남태양광발전소,,전북특별자치도 남원시 아영면 성리 202-6,,,,정상가동,99,380,60,2022,,,,,2025-11-03
계성4태양광발전소,,전북특별자치도 남원시 아영면 성리 202-1,,,,정상가동,99,380,60,2022,,,,,2025-11-03
덕촌태양광발전소,,전북특별자치도 남원시 덕과면 덕촌리 883-5,,,,정상가동,99,380,60,2021,,,,,2025-11-03
귀순태양광발전소,,전북특별자치도 남원시 덕과면 덕촌리 883-4,,,,정상가동,99,380,60,2021,,,,,2025-11-03
청풍에너지2태양광발전소,,전북특별자치도 남원시 덕과면 덕촌리 883-3,,,,정상가동,99,380,60,2021,,,,,2025-11-03
해피3태양광발전소,,전북특별자치도 남원시 덕과면 덕촌리 885,,,,정상가동,99,380,60,2021,,,,,2025-11-03
흥남태양광발전소,,전북특별자치도 남원시 덕과면 덕촌리 883,,,,정상가동,99,380,60,2021,,,,,2025-11-03
햇빛에너지1호태양광발전소,,전북특별자치도 남원시 대산면 대곡리 638-1,,,,정상가동,998.64,22900,60,2023,,,,,2025-11-03
서일태양광발전소,,전북특별자치도 남원시 대산면 대곡리 638-9,,,,정상가동,499.59,380,60,2023,,,,,2025-11-03
춘근솔라태양광발전소,,전북특별자치도 남원시 어현동 368-1,,,,정상가동,396,380,60,2021,,,,,2025-11-03
미래2호태양광발전소,,전북특별자치도 남원시 대강면 송대리 24,,,,정상가동,498.42,380,60,2019,,,,,2025-11-03
종성태양광발전소,,전북특별자치도 남원시 보절면 성시리 964,,,,정상가동,99.96,380,60,2021,,,,,2025-11-03
성시2호태양광발전소,,전북특별자치도 남원시 보절면 성시리 964-1,,,,정상가동,99.96,380,60,2021,,,,,2025-11-03
성시3호태양광발전소,,전북특별자치도 남원시 보절면 성시리 964-2,,,,정상가동,99.96,380,60,2021,,,,,2025-11-03
보절2호태양광발전소,,전북특별자치도 남원시 보절면 성시리 62-3,,,,정상가동,99.28,380,60,2020,,,,,2025-11-03
보절3호태양광발전소,,전북특별자치도 남원시 보절면 성시리 62-4,,,,정상가동,99.28,380,60,2020,,,,,2025-11-03
건강발전소,,전북특별자치도 남원시 보절면 황벌리 269-11,,,,정상가동,99.36,380,60,2021,,,,,2025-11-03
SK태양광발전소,,전북특별자치도 남원시 주천면 주천리 632,,,,정상가동,97.2,380,60,2020,,,,,2025-11-03
근수태양광발전소,,전북특별자치도 남원시 대강면 평촌리 산69-2,,,,정상가동,99.05,380,60,2020,,,,,2025-11-03
미지태양광발전소,,전북특별자치도 남원시 아영면 성리 219-1,,,,정상가동,99.28,380,60,2022,,,,,2025-11-03
대성태양광발전소,,전북특별자치도 남원시 아영면 성리 200-3,,,,정상가동,99.28,380,60,2022,,,,,2025-11-03
청천태양광발전소,,전북특별자치도 남원시 덕과면 고정리 965-5,,,,정상가동,98.55,380,60,2020,,,,,2025-11-03
자중태양광발전소,,전북특별자치도 남원시 덕과면 고정리 967-6,,,,정상가동,98.55,380,60,2020,,,,,2025-11-03
청록1호태양광발전소,,전북특별자치도 남원시 덕과면 고정리 965-1,,,,정상가동,98.55,380,60,2020,,,,,2025-11-03
청록2호태양광발전소,,전북특별자치도 남원시 덕과면 고정리 965-3,,,,정상가동,98.55,380,60,2020,,,,,2025-11-03
기상태양광,,전북특별자치도 남원시 수지면 유암리 670-12,,,,정상가동,99.36,380,60,2021,,,,,2025-11-03
금빛태양광발전소,,전북특별자치도 남원시 금지면 옹정리 1168-7,,,,정상가동,99.05,380,60,2020,,,,,2025-11-03
옹정삼수태양광발전소,,전북특별자치도 남원시 금지면 옹정리 1168-1,,,,정상가동,99.05,380,60,2020,,,,,2025-11-03
전주태양광발전소,,전북특별자치도 남원시 금지면 옹정리 1168-6,,,,정상가동,99.05,380,60,2020,,,,,2025-11-03
백제태양광발전소,,전북특별자치도 남원시 금지면 옹정리 1168-5,,,,정상가동,99.05,380,60,2020,,,,,2025-11-03
옹정기순태양광발전소,,전북특별자치도 남원시 금지면 옹정리 1167-1,,,,정상가동,99.05,380,60,2020,,,,,2025-11-03
아름태양광발전소,,전북특별자치도 남원시 금지면 옹정리 1168-4,,,,정상가동,99.05,380,60,2020,,,,,2025-11-03
다인태양광발전소,,전북특별자치도 남원시 금지면 옹정리 1179,,,,정상가동,99.05,380,60,2020,,,,,2025-11-03
태용태양광발전소,,전북특별자치도 남원시 금지면 옹정리 1179-11,,,,정상가동,99.05,380,60,2020,,,,,2025-11-03
우정태양광발전소,,전북특별자치도 남원시 금지면 옹정리 1179-4,,,,정상가동,99.05,380,60,2020,,,,,2025-11-03
은주태양광발전소,,전북특별자치도 남원시 금지면 옹정리 1179-5,,,,정상가동,99.05,380,60,2020,,,,,2025-11-03
옹정해품하늘태양광발전소,,전북특별자치도 남원시 금지면 옹정리 1179-6,,,,정상가동,99.05,380,60,2020,,,,,2025-11-03
옹정해품산들태양광발전소,,전북특별자치도 남원시 금지면 옹정리 1179-7,,,,정상가동,99.05,380,60,2020,,,,,2025-11-03
명문태양광발전소,,전북특별자치도 남원시 금지면 옹정리 1179-10,,,,정상가동,99.05,380,60,2020,,,,,2025-11-03
선희태양광발전소,,전북특별자치도 남원시 금지면 옹정리 1179-9,,,,정상가동,99.05,380,60,2020,,,,,2025-11-03
혜미태양광발전소,,전북특별자치도 남원시 금지면 옹정리 1179-8,,,,정상가동,99.05,380,60,2020,,,,,2025-11-03
한림4호태양광발전소,,전북특별자치도 남원시 보절면 진기리 산110,,,,정상가동,99.36,380,60,2021,,,,,2025-11-03
한림2호태양광발전소,,전북특별자치도 남원시 보절면 진기리 산110,,,,정상가동,99.36,380,60,2021,,,,,2025-11-03
한림3호태양광발전소,,전북특별자치도 남원시 보절면 진기리 산110,,,,정상가동,99.36,380,60,2021,,,,,2025-11-03
H2S솔라,,전북특별자치도 남원시 보절면 진기리 산110,,,,정상가동,99.36,380,60,2021,,,,,2025-11-03
동림태양광발전소,,전북특별자치도 남원시 동충동 32-9,,,,정상가동,28,380,60,2018,,,,,2025-11-03
희망태양광발전소,,전북특별자치도 남원시 운봉읍 신기리 760,,,,정상가동,99,380,60,2021,,,,,2025-11-03
바래봉태양광발전소,,전북특별자치도 남원시 운봉읍 신기리 760,,,,정상가동,99,380,60,2021,,,,,2025-11-03
자라울태양광발전소,,전북특별자치도 남원시 운봉읍 신기리 760,,,,정상가동,99,380,60,2021,,,,,2025-11-03
수태양광발전소,,전북특별자치도 남원시 운봉읍 신기리 760,,,,정상가동,99,380,60,2021,,,,,2025-11-03
운봉1호태양광발전소,,전북특별자치도 남원시 운봉읍 신기리 760,,,,정상가동,99,380,60,2021,,,,,2025-11-03
무수리태양광발전소,,전북특별자치도 남원시 운봉읍 신기리 760,,,,정상가동,99,380,60,2021,,,,,2025-11-03
무수리2태양광발전소,,전북특별자치도 남원시 운봉읍 신기리 760,,,,정상가동,99,380,60,2021,,,,,2025-11-03
지문2태양광발전소,,전북특별자치도 남원시 운봉읍 신기리 760,,,,정상가동,99,380,60,2021,,,,,2025-11-03
지문3태양광발전소,,전북특별자치도 남원시 운봉읍 신기리 760,,,,정상가동,99,380,60,2021,,,,,2025-11-03
동호2태양광발전소,,전북특별자치도 남원시 운봉읍 신기리 496-2,,,,정상가동,99,380,60,2021,,,,,2025-11-03
동호태양광발전소,,전북특별자치도 남원시 운봉읍 신기리 496-3,,,,정상가동,99,380,60,2021,,,,,2025-11-03
수재태양광발전소,,전북특별자치도 남원시 대산면 신계리 429-168,,,,정상가동,97.92,380,60,2021,,,,,2025-11-03
민등태양광발전소,,전북특별자치도 남원시 송동면 신평리 630-9,,,,정상가동,18.72,220,60,2018,,,,,2025-11-03
옹고평등태양광발전소,,전북특별자치도 남원시 운봉읍 매요리 593-10,,,,정상가동,99.6,380,60,2021,,,,,2025-11-03
솔라파크3태양광발전소,,전북특별자치도 남원시 광치동 534,,,,정상가동,99,380,60,2023,,,,,2025-11-03
성이솔라태양광발전소,,전북특별자치도 남원시 금지면 입암리 921-4,,,,정상가동,99,380,60,2021,,,,,2025-11-03
연재태양광발전소,,전북특별자치도 남원시 운봉읍 북천리 378-3,,,,정상가동,99,380,60,2021,,,,,2025-11-03
승재태양광발전소,,전북특별자치도 남원시 운봉읍 북천리 378,,,,정상가동,99,380,60,2021,,,,,2025-11-03
지민1호태양광발전소,,전북특별자치도 남원시 운봉읍 북천리 378-4,,,,정상가동,99,380,60,2021,,,,,2025-11-03
서전태양광발전소,,전북특별자치도 남원시 운봉읍 북천리 378-2,,,,정상가동,99,380,60,2021,,,,,2025-11-03
윰태양광발전소,,전북특별자치도 남원시 운봉읍 북천리 378-1,,,,정상가동,99,380,60,2021,,,,,2025-11-03
영2호태양광발전소,,전북특별자치도 남원시 송동면 송내리 209-5,,,,정상가동,99.28,380,60,2020,,,,,2025-11-03
영1호태양광발전소,,전북특별자치도 남원시 송동면 송내리 209-6,,,,정상가동,99.28,380,60,2020,,,,,2025-11-03
마루태양광발전소,,전북특별자치도 남원시 보절면 진기리 1093,,,,정상가동,99.36,380,60,2021,,,,,2025-11-03
호원태양광발전소,,전북특별자치도 남원시 운봉읍 화수리 145-334,,,,정상가동,99.45,380,60,2020,,,,,2025-11-03
햇빛태양광발전소,,전북특별자치도 남원시 덕과면 신양리 696-2,,,,정상가동,98.28,380,60,2020,,,,,2025-11-03
풍년태양광발전소,,전북특별자치도 남원시 덕과면 신양리 696-1,,,,정상가동,98.28,380,60,2020,,,,,2025-11-03
비촌태양광발전소,,전북특별자치도 남원시 덕과면 신양리 696,,,,정상가동,98.28,380,60,2020,,,,,2025-11-03
평호태양광발전소,,전북특별자치도 남원시 송동면 흑송리 378-25,,,,정상가동,99.05,380,60,2020,,,,,2025-11-03
흑송해품바람태양광발전소,,전북특별자치도 남원시 송동면 흑송리 378-41,,,,정상가동,99.05,380,60,2020,,,,,2025-11-03
흑송기순태양광발전소,,전북특별자치도 남원시 송동면 흑송리 378-46,,,,정상가동,99.05,380,60,2020,,,,,2025-11-03
흑송삼수태양광발전소,,전북특별자치도 남원시 송동면 흑송리 378-30,,,,정상가동,99.05,380,60,2020,,,,,2025-11-03
흑송해품하늘태양광발전소,,전북특별자치도 남원시 송동면 흑송리 378-50,,,,정상가동,99.05,380,60,2020,,,,,2025-11-03
한빛태양광발전소,,전북특별자치도 남원시 송동면 흑송리 378-56,,,,정상가동,99.05,380,60,2020,,,,,2025-11-03
진향3호태양광발전소,,전북특별자치도 남원시 내척동 652,,,,정상가동,99.4,380,60,2021,,,,,2025-11-03
타도르태양광발전소,,전북특별자치도 남원시 금지면 방촌리 447-4,,,,정상가동,99,380,60,2024,,,,,2025-11-03
예원2호태양광발전소,,전북특별자치도 남원시 금지면 방촌리 447-5,,,,정상가동,99,380,60,2024,,,,,2025-11-03
가민2호태양광발전소,,전북특별자치도 남원시 금지면 방촌리 446-1,,,,정상가동,99,380,60,2024,,,,,2025-11-03
유진태양광발전소,,전북특별자치도 남원시 금지면 방촌리 446-2,,,,정상가동,99,380,60,2024,,,,,2025-11-03
아벤태양광발전소,,전북특별자치도 남원시 금지면 방촌리 446,,,,정상가동,99,380,60,2024,,,,,2025-11-03
학수태양광발전소,,전북특별자치도 남원시 금지면 방촌리 450-7,,,,정상가동,99,380,60,2024,,,,,2025-11-03
숲말1호태양광발전소,,전북특별자치도 남원시 사매면 서도리 650,,,,정상가동,99.36,380,60,2020,,,,,2025-11-03
숲말2호태양광발전소,,전북특별자치도 남원시 사매면 서도리 650-4,,,,정상가동,99.36,380,60,2020,,,,,2025-11-03
금호솔라태양광발전소,,전북특별자치도 남원시 어현동 368-4,,,,정상가동,99,380,60,2020,,,,,2025-11-03
선경태양광발전소,,전북특별자치도 남원시 어현동 368-6,,,,정상가동,99,380,60,2020,,,,,2025-11-03
선경솔라태양광발전소,,전북특별자치도 남원시 어현동 368-5,,,,정상가동,99,380,60,2020,,,,,2025-11-03
수현태양광발전소,,전북특별자치도 남원시 송동면 신평리 381-11,,,,정상가동,97.2,380,60,2023,,,,,2025-11-03
린린태양광송동발전소2호,,전북특별자치도 남원시 송동면 신평리 387-1,,,,정상가동,97.2,380,60,2023,,,,,2025-11-03
다소니태양광발전소,,전북특별자치도 남원시 송동면 신평리 381-13,,,,정상가동,97.2,380,60,2022,,,,,2025-11-03
대성태양광발전소,,전북특별자치도 남원시 송동면 신평리 381-8,,,,정상가동,97.2,380,60,2022,,,,,2025-11-03
린린2호태양광발전소,,전북특별자치도 남원시 송동면 신평리 381-12,,,,정상가동,97.2,380,60,2022,,,,,2025-11-03
라현태양광발전소,,전북특별자치도 남원시 송동면 신평리 381-14,,,,정상가동,97.2,380,60,2022,,,,,2025-11-03
썬뱅크2태양광발전소,,전북특별자치도 남원시 금지면 서매리 1098-4,,,,정상가동,99,380,60,2020,,,,,2025-11-03
썬파워2태양광발전소,,전북특별자치도 남원시 금지면 서매리 1098-5,,,,정상가동,99,380,60,2020,,,,,2025-11-03
금강태양광발전소,,전북특별자치도 남원시 금지면 서매리 1098,,,,정상가동,99,380,60,2020,,,,,2025-11-03
진4호태양광발전소,,전북특별자치도 남원시 금지면 서매리 1098-11,,,,정상가동,99,380,60,2020,,,,,2025-11-03
동충태양광3호,,전북특별자치도 남원시 금지면 서매리 1098-12,,,,정상가동,99,380,60,2020,,,,,2025-11-03
파워3호태양광발전소,,전북특별자치도 남원시 금지면 서매리 1098-8,,,,정상가동,99,380,60,2020,,,,,2025-11-03
금랑2호태양광발전소,,전북특별자치도 남원시 금지면 서매리 1098-9,,,,정상가동,99,380,60,2020,,,,,2025-11-03
대산금지11호태양광발전소,,전북특별자치도 남원시 금지면 서매리 1098-10,,,,정상가동,99,380,60,2020,,,,,2025-11-03
샬롬태양광발전소,,전북특별자치도 남원시 금지면 서매리 1098-2,,,,정상가동,99,380,60,2020,,,,,2025-11-03
남원태양광발전소,,전북특별자치도 남원시 금지면 서매리 1098-7,,,,정상가동,99,380,60,2020,,,,,2025-11-03
우송태양광발전소,,전북특별자치도 남원시 금지면 서매리 1098-6,,,,정상가동,99,380,60,2020,,,,,2025-11-03
광림태양광발전소,,전북특별자치도 남원시 금지면 서매리 1098-3,,,,정상가동,99,380,60,2020,,,,,2025-11-03
봉수태양광발전소,,전북특별자치도 남원시 어현동 368-9,,,,정상가동,99,380,60,2020,,,,,2025-11-03
두형태양광발전소,,전북특별자치도 남원시 어현동 368-3,,,,정상가동,99,380,60,2020,,,,,2025-11-03
현숙태양광발전소,,전북특별자치도 남원시 어현동 368-8,,,,정상가동,99,380,60,2020,,,,,2025-11-03
훈민정음태양광발전소,,전북특별자치도 남원시 보절면 진기리 산191,,,,정상가동,297,380,60,2021,,,,,2025-11-03
부광태양광건설발전소,,전북특별자치도 남원시 보절면 진기리 산191,,,,정상가동,486,380,60,2021,,,,,2025-11-03
배티1호태양광발전소,,전북특별자치도 남원시 송동면 송상리 483-1,,,,정상가동,299.9,380,60,2021,,,,,2025-11-03
배티3호태양광발전소,,전북특별자치도 남원시 송동면 송상리 483-2,,,,정상가동,199.29,380,60,2021,,,,,2025-11-03
에스에이취태양광발전소,,전북특별자치도 남원시 대산면 신계리 산53-11,,,,정상가동,233.28,380,60,2021,,,,,2025-11-03
은빛태양광발전소,,전북특별자치도 남원시 대산면 신계리 산53-11,,,,정상가동,207.36,380,60,2021,,,,,2025-11-03
대산태양광발전소,,전북특별자치도 남원시 대산면 신계리 산53-11,,,,정상가동,239.76,380,60,2021,,,,,2025-11-03
청용태양광발전소5호,,전북특별자치도 남원시 주천면 용궁리 143,,,,정상가동,98.6,380,60,2020,,,,,2025-11-03
청용태양광발전소4호,,전북특별자치도 남원시 주천면 용궁리 143,,,,정상가동,98.6,380,60,2020,,,,,2025-11-03
청용태양광발전소3호,,전북특별자치도 남원시 주천면 용궁리 143,,,,정상가동,98.6,380,60,2020,,,,,2025-11-03
청용태양광발전소2호,,전북특별자치도 남원시 주천면 용궁리 143,,,,정상가동,98.6,380,60,2020,,,,,2025-11-03
청용태양광발전소1호,,전북특별자치도 남원시 주천면 용궁리 144,,,,정상가동,98.6,380,60,2020,,,,,2025-11-03
갑을에너지2호태양광발전소,,전북특별자치도 남원시 덕과면 고정리 350-3,,,,정상가동,99.28,380,60,2020,,,,,2025-11-03
덕과2호,,전북특별자치도 남원시 덕과면 고정리 350,,,,정상가동,99.28,380,60,2020,,,,,2025-11-03
흑송해품산들태양광발전소,,전북특별자치도 남원시 송동면 흑송리 378-62,,,,정상가동,99.05,380,60,2020,,,,,2025-11-03
흑송해품소리태양광발전소,,전북특별자치도 남원시 송동면 흑송리 378-35,,,,정상가동,99.05,380,60,2020,,,,,2025-11-03
흑송태양광발전소,,전북특별자치도 남원시 송동면 흑송리 378-32,,,,정상가동,99.05,380,60,2020,,,,,2025-11-03
미하1호태양광발전소,,전북특별자치도 남원시 이백면 효기리 68-4,,,,정상가동,99.36,380,60,2019,,,,,2025-11-03
미하2호태양광발전소,,전북특별자치도 남원시 이백면 효기리 68-4,,,,정상가동,99.36,380,60,2019,,,,,2025-11-03
봉영솔라2호태양광발전소,,전북특별자치도 남원시 아영면 성리 200-43,,,,정상가동,397.44,380,60,2024,,,,,2025-11-03
소희태양광발전소1호,,전북특별자치도 남원시 보절면 진기리 산114,,,,정상가동,495,380,60,2023,,,,,2025-11-03
(유)구름에너지태양광발전소,,전북특별자치도 남원시 대강면 입암리 18,,,,정상가동,99.9,380,60,2023,,,,,2025-11-03
(유)못재에너지태양광발전소,,전북특별자치도 남원시 대강면 입암리 20,,,,정상가동,99.9,380,60,2023,,,,,2025-11-03
옥계수상태양광발전소,,전북특별자치도 남원시 운봉읍 화수리 1,,,,정상가동,999.6,22900,60,2021,,,,,2025-11-03
공안수상태양광발전소,,전북특별자치도 남원시 운봉읍 공안리 139-3,,,,정상가동,999.6,22900,60,2021,,,,,2025-11-03
유곡수상태양광발전소,,전북특별자치도 남원시 인월면 유곡리 268-1,,,,정상가동,999.6,22900,60,2021,,,,,2025-11-03
효기수상태양광발전소,,전북특별자치도 남원시 이백면 효기리 산14,,,,정상가동,499,380,60,2021,,,,,2025-11-03
장안수상태양광발전소,,전북특별자치도 남원시 주천면 용궁리 476-1,,,,정상가동,499,380,60,2021,,,,,2025-11-03
동마수상태양광발전소,,전북특별자치도 남원시 주천면 배덕리 67,,,,정상가동,499,380,60,2021,,,,,2025-11-03
용평수상태양광발전소,,전북특별자치도 남원시 보절면 도룡리 산16-1,,,,정상가동,999.6,22900,60,2021,,,,,2025-11-03
구상수상태양광발전소,,전북특별자치도 남원시 아영면 구상리 685,,,,정상가동,499,380,60,2021,,,,,2025-11-03
인선태양광발전소,,전북특별자치도 남원시 덕과면 만도리 123-5,,,,정상가동,99,380,60,2022,,,,,2025-11-03
정우1태양광발전소,,전북특별자치도 남원시 덕과면 만도리 123-3,,,,정상가동,99,380,60,2022,,,,,2025-11-03
전진태양광발전소,,전북특별자치도 남원시 덕과면 만도리 123-4,,,,정상가동,99,380,60,2022,,,,,2025-11-03
구담태양광발전소,,전북특별자치도 남원시 덕과면 만도리 123,,,,정상가동,99,380,60,2022,,,,,2025-11-03
진향4호태양광발전소,,전북특별자치도 남원시 내척동 652-1,,,,정상가동,397.6,380,60,2021,,,,,2025-11-03
큰독골태양광발전소2호,,전북특별자치도 남원시 운봉읍 권포리 산96-2,,,,정상가동,99,380,60,2022,,,,,2025-11-03
큰독골태양광발전소5호,,전북특별자치도 남원시 운봉읍 권포리 산96-2,,,,정상가동,99,380,60,2022,,,,,2025-11-03
큰독골태양광발전소4호,,전북특별자치도 남원시 운봉읍 권포리 산96-2,,,,정상가동,99,380,60,2022,,,,,2025-11-03
미하3호태양광발전소,,전북특별자치도 남원시 이백면 효기리 6,,,,정상가동,99.36,380,60,2019,,,,,2025-11-03
나무그리기4태양광발전소,,전북특별자치도 남원시 내척동 605,,,,정상가동,97.92,380,60,2020,,,,,2025-11-03
도담2호태양광발전소,전북특별자치도 남원시 대산면 대사로 127-42,,,,,정상가동,96,380,60,2019,,,,,2025-11-03
류경태양광발전소,,전북특별자치도 남원시 이백면 초촌리 822-1,,,,정상가동,99,380,60,2019,,,,,2025-11-03
성호태양광발전소,,전북특별자치도 남원시 이백면 초촌리 822-2,,,,정상가동,99,380,60,2019,,,,,2025-11-03
예닮태양광발전소,,전북특별자치도 남원시 대산면 풍촌리 639-1,,,,정상가동,99,380,60,2020,,,,,2025-11-03
예나태양광발전소,,전북특별자치도 남원시 대산면 풍촌리 639-4,,,,정상가동,99,380,60,2020,,,,,2025-11-03
예림태양광발전소,,전북특별자치도 남원시 대산면 풍촌리 639-3,,,,정상가동,99,380,60,2020,,,,,2025-11-03
은빛태양광발전소,,전북특별자치도 남원시 이백면 남계리 178-10,,,,정상가동,99,380,60,2021,,,,,2025-11-03
소양2태양광발전소,,전북특별자치도 남원시 이백면 남계리 178-39,,,,정상가동,99,380,60,2021,,,,,2025-11-03
영신태양광발전소,,전북특별자치도 남원시 이백면 남계리 178-42,,,,정상가동,99,380,60,2021,,,,,2025-11-03
다은태양광발전소,,전북특별자치도 남원시 이백면 남계리 178-45,,,,정상가동,99,380,60,2021,,,,,2025-11-03
다온태양광발전소,,전북특별자치도 남원시 이백면 남계리 178-16,,,,정상가동,99,380,60,2021,,,,,2025-11-03
쏠라파워남원3태양광발전소,,전북특별자치도 남원시 이백면 남계리 178-13,,,,정상가동,99,380,60,2021,,,,,2025-11-03
쏠라파워남원2태양광발전소,,전북특별자치도 남원시 이백면 남계리 178-14,,,,정상가동,99,380,60,2021,,,,,2025-11-03
고창태양광발전소,,전북특별자치도 남원시 이백면 남계리 178-9,,,,정상가동,99,380,60,2021,,,,,2025-11-03
더푸름2호태양광발전소,,전북특별자치도 남원시 이백면 남계리 178-31,,,,정상가동,99,380,60,2021,,,,,2025-11-03
한신태양광발전소,,전북특별자치도 남원시 이백면 남계리 178-21,,,,정상가동,99,380,60,2021,,,,,2025-11-03
썬텍남계11호 태양광발전소,,전북특별자치도 남원시 이백면 남계리 178-46,,,,정상가동,99,380,60,2021,,,,,2025-11-03
이백서지혜호태양광발전소,,전북특별자치도 남원시 이백면 남계리 178-62,,,,정상가동,99,380,60,2021,,,,,2025-11-03
현빈1호태양광발전소,,전북특별자치도 남원시 이백면 남계리 178-5,,,,정상가동,99,380,60,2021,,,,,2025-11-03
현빈2호태양광발전소,,전북특별자치도 남원시 이백면 남계리 178-23,,,,정상가동,99,380,60,2021,,,,,2025-11-03
노암태양광발전소,,전북특별자치도 남원시 이백면 남계리 178-37,,,,정상가동,99,380,60,2021,,,,,2025-11-03
팔팔태양광발전소,,전북특별자치도 남원시 이백면 남계리 178-33,,,,정상가동,99,380,60,2021,,,,,2025-11-03
금빛태양광발전소,,전북특별자치도 남원시 이백면 남계리 178-49,,,,정상가동,99,380,60,2021,,,,,2025-11-03
나현태양광발전소,,전북특별자치도 남원시 이백면 남계리 178-60,,,,정상가동,99,380,60,2021,,,,,2025-11-03
남원이백태양광발전소,,전북특별자치도 남원시 이백면 남계리 178-25,,,,정상가동,99,380,60,2021,,,,,2025-11-03
상진태양광발전소,,전북특별자치도 남원시 이백면 남계리 178-7,,,,정상가동,99,380,60,2021,,,,,2025-11-03
쏠라파워남원4태양광발전소,,전북특별자치도 남원시 이백면 남계리 178-29,,,,정상가동,99,380,60,2021,,,,,2025-11-03
금빛하늘태양광발전소,,전북특별자치도 남원시 이백면 남계리 178-32,,,,정상가동,99,380,60,2021,,,,,2025-11-03
천운태양광발전소,,전북특별자치도 남원시 이백면 남계리 178-8,,,,정상가동,99,380,60,2021,,,,,2025-11-03
썬텍남계38호 태양광발전소,,전북특별자치도 남원시 이백면 남계리 산8,,,,정상가동,99,380,60,2021,,,,,2025-11-03
썬텍남계39호 태양광발전소,,전북특별자치도 남원시 이백면 남계리 산8,,,,정상가동,99,380,60,2021,,,,,2025-11-03
썬텍남계40호 태양광발전소,,전북특별자치도 남원시 이백면 남계리 산8,,,,정상가동,99,380,60,2021,,,,,2025-11-03
운남태양광발전소,,전북특별자치도 남원시 운봉읍 동천리 641-1,,,,정상가동,80,380,60,2019,,,,,2025-11-03
정호태양광발전소,전북특별자치도 남원시 당산길 52,,,,,정상가동,19.44,380,60,2019,,,,,2025-11-03
타밀태양광발전소,,전북특별자치도 남원시 송동면 흑송리 413-5,,,,정상가동,99,380,60,2020,,,,,2025-11-03
용산삼수태양광발전소,,전북특별자치도 남원시 덕과면 용산리 805-4,,,,정상가동,99.05,380,60,2020,,,,,2025-11-03
지중해태양광발전소,,전북특별자치도 남원시 덕과면 용산리 805-6,,,,정상가동,99.05,380,60,2020,,,,,2025-11-03
매요2태양광발전소,,전북특별자치도 남원시 운봉읍 매요리 593-29,,,,정상가동,99.96,380,60,2020,,,,,2025-11-03
믿음태양광발전소,,전북특별자치도 남원시 금지면 방촌리 446-3,,,,정상가동,99,380,60,2024,,,,,2025-11-03
용산기순태양광발전소,,전북특별자치도 남원시 덕과면 용산리 805-5,,,,정상가동,99.05,380,60,2020,,,,,2025-11-03
다온2호발전소,,전북특별자치도 남원시 덕과면 만도리 172,,,,정상가동,99.96,380,60,2020,,,,,2025-11-03
성열태양광발전소,전북특별자치도 남원시 신조산길4,,,,,정상가동,38.8,380,60,2019,,,,,2025-11-03
승원태양광발전소,,전북특별자치도 남원시 대산면 풍촌리 218-2,,,,정상가동,99,380,60,2022,,,,,2025-11-03
서영태양광발전소,,전북특별자치도 남원시 대산면 풍촌리 218-3,,,,정상가동,99,380,60,2022,,,,,2025-11-03
승원2호태양광발전소,,전북특별자치도 남원시 대강면 월탄리 60,,,,정상가동,99.28,380,60,2021,,,,,2025-11-03
다비가태양광발전소,,전북특별자치도 남원시 산동면 부절리 1014,,,,정상가동,298.08,380,60,2021,,,,,2025-11-03
삼형제태양광발전소,,전북특별자치도 남원시 대산면 신계리 415-11,,,,정상가동,297,380,60,2021,,,,,2025-11-03
한경석태양광발전소1호,,전북특별자치도 남원시 사매면 대율리 807-6,,,,정상가동,250,380,60,2020,,,,,2025-11-03
한경석태양광발전소2호,,전북특별자치도 남원시 보절면 신파리 819-1,,,,정상가동,297.84,380,60,2020,,,,,2025-11-03
서원태양광발전소,,전북특별자치도 남원시 이백면 평촌리 산33,,,,정상가동,999,22900,60,2021,,,,,2025-11-03
호암태양광발전소,,전북특별자치도 남원시 보절면 진기리 산156-1,,,,정상가동,396,22900,60,2021,,,,,2025-11-03
남영에너지2호태양광발전소,,전북특별자치도 남원시 송동면 장국리 597-1,,,,정상가동,486,380,60,2021,,,,,2025-11-03
남창3호태양광발전소,,전북특별자치도 남원시 수지면 남창리 산63,,,,정상가동,99.76,22900,60,2021,,,,,2025-11-03
(유)강기리태양광발전소,,전북특별자치도 남원시 이백면 강기리 산16,,,,정상가동,997.92,22900,60,2021,,,,,2025-11-03
다원솔라태양광발전소,,전북특별자치도 남원시 이백면 강기리 산16,,,,정상가동,997.92,22900,60,2021,,,,,2025-11-03
경보솔라태양광발전소,,전북특별자치도 남원시 이백면 강기리 산16,,,,정상가동,997.92,22900,60,2021,,,,,2025-11-03
다원에너지태양광발전소,,전북특별자치도 남원시 이백면 강기리 산16,,,,정상가동,997.92,22900,60,2021,,,,,2025-11-03
인월에너지태양광발전소,,전북특별자치도 남원시 인월면 자래리 18,,,,정상가동,400,380,60,2021,,,,,2025-11-03
부일1호태양광발전소,,전북특별자치도 남원시 신촌동 243-3,,,,정상가동,23.76,380,60,2020,,,,,2025-11-03
부일2호태양광발전소,,전북특별자치도 남원시 신촌동 243-3,,,,정상가동,23.76,380,60,2020,,,,,2025-11-03
제일태양광발전소,,전북특별자치도 남원시 이백면 평촌리 산35,,,,정상가동,999,22900,60,2021,,,,,2025-11-03
성은1호태양광발전소,전북특별자치도 남원시 이백면 초촌길 18,,,,,정상가동,150,380,60,2019,,,,,2025-11-03
신동태양광발전소,,전북특별자치도 남원시 대강면 방동리 산19-1,,,,정상가동,198.56,380,60,2021,,,,,2025-11-03
예지태양광발전소,,전북특별자치도 남원시 대강면 입암리 29,,,,정상가동,99.9,380,60,2023,,,,,2025-11-03
인의태양광발전소,,전북특별자치도 남원시 대강면 입암리 29,,,,정상가동,99.9,380,60,2023,,,,,2025-11-03
(유)구절에너지태양광발전소,,전북특별자치도 남원시 대강면 입암리 29,,,,정상가동,99.9,380,60,2023,,,,,2025-11-03
사랑태양광발전소4호,,전북특별자치도 남원시 수지면 남창리 1171,,,,정상가동,99,380,60,2021,,,,,2025-11-03
행복3호태양광발전소,,전북특별자치도 남원시 보절면 도룡리 229-152,,,,정상가동,99,380,60,2020,,,,,2025-11-03
행복4호태양광발전소,,전북특별자치도 남원시 보절면 도룡리 229-152,,,,정상가동,99,380,60,2020,,,,,2025-11-03
행복5호태양광발전소,,전북특별자치도 남원시 보절면 도룡리 산102-4,,,,정상가동,99,380,60,2021,,,,,2025-11-03
행복6호태양광발전소,,전북특별자치도 남원시 보절면 도룡리 산102-4,,,,정상가동,99,380,60,2021,,,,,2025-11-03
행복7호태양광발전소,,전북특별자치도 남원시 보절면 도룡리 산102-4,,,,정상가동,99,380,60,2021,,,,,2025-11-03
동인2호태양광발전소,,전북특별자치도 남원시 도통동 514-2,,,,정상가동,19.6,380,60,2019,,,,,2025-11-03
대흥1호태양광발전소,,전북특별자치도 남원시 대강면 월탄리 60-4,,,,정상가동,99.28,380,60,2021,,,,,2025-11-03
금빛1호태양광발전소,,전북특별자치도 남원시 대강면 월탄리 60-2,,,,정상가동,99.28,380,60,2021,,,,,2025-11-03
풍천태양광발전소,,전북특별자치도 남원시 주생면 낙동리 24,,,,정상가동,98.55,380,60,2020,,,,,2025-11-03
종만태양광발전소,,전북특별자치도 남원시 주생면 낙동리 24,,,,정상가동,98.55,380,60,2020,,,,,2025-11-03
종일태양광발전소,,전북특별자치도 남원시 주생면 낙동리 24,,,,정상가동,98.55,380,60,2020,,,,,2025-11-03
영희2태양광발전소,,전북특별자치도 남원시 아영면 구상리 368,,,,정상가동,99,380,60,2020,,,,,2025-11-03
청록7호태양광발전소,,전북특별자치도 남원시 아영면 구상리 368-10,,,,정상가동,99,380,60,2020,,,,,2025-11-03
청록6호태양광발전소,,전북특별자치도 남원시 아영면 구상리 368-8,,,,정상가동,99,380,60,2020,,,,,2025-11-03
탑태양광발전소,,전북특별자치도 남원시 이백면 과립리 69,,,,정상가동,99.33,380,60,2020,,,,,2025-11-03
주식회사시온테크,전북특별자치도 남원시 시묘길 43-52,,,,,정상가동,64.8,380,60,2019,,,,,2025-11-03
한길2호태양광발전소,,전북특별자치도 남원시 운봉읍 행정리 450-9,,,,정상가동,99,380,60,2020,,,,,2025-11-03
꿈과희망발전소,,전북특별자치도 남원시 주생면 낙동리 88-3,,,,정상가동,99.45,380,60,2020,,,,,2025-11-03
희망태양광발전소,,전북특별자치도 남원시 주생면 낙동리 88,,,,정상가동,99.45,380,60,2021,,,,,2025-11-03
하늘태양광발전소,,전북특별자치도 남원시 주생면 낙동리 88-1,,,,정상가동,99.45,380,60,2020,,,,,2025-11-03
청조태양광발전소,,전북특별자치도 남원시 주생면 낙동리 88-2,,,,정상가동,99.45,380,60,2020,,,,,2025-11-03
해오름1호 태양광발전소,,전북특별자치도 남원시 운봉읍 매요리 521-4,,,,정상가동,98.58,380,60,2023,,,,,2025-11-03
바래봉2호기태양광발전소,,전북특별자치도 남원시 운봉읍 매요리 521-1,,,,정상가동,99,380,60,2021,,,,,2025-11-03
바래봉3호기태양광발전소,,전북특별자치도 남원시 운봉읍 매요리 521-6,,,,정상가동,99,380,60,2021,,,,,2025-11-03
우진태양광발전소,,전북특별자치도 남원시 덕과면 만도리 178,,,,정상가동,199.9,380,60,2020,,,,,2025-11-03
명산에너지,,전북특별자치도 남원시 식정동 230-13,,,,정상가동,181.04,380,60,2022,,,,,2025-11-03
수양촌태양광발전소,,전북특별자치도 남원시 덕과면 덕촌리 412-1,,,,정상가동,432,380,60,2021,,,,,2025-11-03
호진태양광발전소,,전북특별자치도 남원시 대산면 풍촌리 10,,,,정상가동,140,380,60,2022,,,,,2025-11-03
(유)수지태양광발전소,,전북특별자치도 남원시 수지면 산정리 산77-3,,,,정상가동,499.5,380,60,2021,,,,,2025-11-03
등동에너지1호태양광발전소,,전북특별자치도 남원시 수지면 산정리 산77-8,,,,정상가동,899,22900,60,2022,,,,,2025-11-03
(유)산정에너지태양광발전소,,전북특별자치도 남원시 수지면 산정리 산77-3,,,,정상가동,499.5,380,60,2021,,,,,2025-11-03
등동에너지2호태양광발전소,,전북특별자치도 남원시 수지면 유암리 산93-1,,,,정상가동,999,22900,60,2021,,,,,2025-11-03
제이에스태양광발전소,,전북특별자치도 남원시 보절면 진기리 산166,,,,정상가동,497.64,380,60,2021,,,,,2025-11-03
중동2호태양광발전소,,전북특별자치도 남원시 주생면 중동리 1220,,,,정상가동,219.35,380,60,2020,,,,,2025-11-03
소망스태양광발전소,,전북특별자치도 남원시 보절면 황벌리 365-1,,,,정상가동,70.98,380,60,2023,,,,,2025-11-03
해우리태양광발전소,,전북특별자치도 남원시 산동면 목동리 608-13,,,,정상가동,496.8,380,60,2020,,,,,2025-11-03
그린에너지,,전북특별자치도 남원시 운봉읍 가산리 613,,,,정상가동,349.44,380,60,2020,,,,,2025-11-03
남창1태양광발전소,,전북특별자치도 남원시 수지면 남창리 381-5,,,,정상가동,99,380,60,2021,,,,,2025-11-03
남창2지구2태양광발전소,,전북특별자치도 남원시 수지면 남창리 353-6,,,,정상가동,99,380,60,2022,,,,,2025-11-03
남창2태양광발전소,,전북특별자치도 남원시 수지면 남창리 381-2,,,,정상가동,99,380,60,2021,,,,,2025-11-03
HEO태양광발전소,,전북특별자치도 남원시 수지면 남창리 376-2,,,,정상가동,99,380,60,2022,,,,,2025-11-03
남창해품산들태양광발전소,,전북특별자치도 남원시 수지면 남창리 379-3,,,,정상가동,99,380,60,2021,,,,,2025-11-03
남창해품하늘태양광발전소,,전북특별자치도 남원시 수지면 남창리 381-1,,,,정상가동,99,380,60,2021,,,,,2025-11-03
바우태양광발전소,,전북특별자치도 남원시 수지면 남창리 368-7,,,,정상가동,99,380,60,2022,,,,,2025-11-03
태임태양광발전소,,전북특별자치도 남원시 수지면 남창리 365-1,,,,정상가동,99,380,60,2021,,,,,2025-11-03
민현태양광발전소,,전북특별자치도 남원시 수지면 남창리 354-6,,,,정상가동,99,380,60,2022,,,,,2025-11-03
정순태양광발전소,,전북특별자치도 남원시 수지면 남창리 365-2,,,,정상가동,99,380,60,2021,,,,,2025-11-03
광명태양광발전소,,전북특별자치도 남원시 수지면 남창리 354-3,,,,정상가동,99,380,60,2021,,,,,2025-11-03
한솔태양광발전소,,전북특별자치도 남원시 수지면 남창리 368-2,,,,정상가동,99,380,60,2021,,,,,2025-11-03
민솔태양광발전소,,전북특별자치도 남원시 수지면 남창리 368-4,,,,정상가동,99,380,60,2021,,,,,2025-11-03
다온태양광발전소,,전북특별자치도 남원시 수지면 남창리 368-6,,,,정상가동,99,380,60,2021,,,,,2025-11-03
남창임순태양광발전소,,전북특별자치도 남원시 수지면 남창리 353-4,,,,정상가동,99,380,60,2022,,,,,2025-11-03
골드원태양광발전소,,전북특별자치도 남원시 수지면 남창리 377-3,,,,정상가동,99,380,60,2022,,,,,2025-11-03
남원하나2태양광발전소,,전북특별자치도 남원시 수지면 남창리 353-7,,,,정상가동,99,380,60,2022,,,,,2025-11-03
남계태양광발전소,,전북특별자치도 남원시 이백면 남계리 1111-1,,,,정상가동,99.6,380,60,2020,,,,,2025-11-03
무창태양광발전소,,전북특별자치도 남원시 보절면 진기리 1461-9,,,,정상가동,498.4,380,60,2020,,,,,2025-11-03
승재태양광발전소,,전북특별자치도 남원시 어현동 531-1,,,,정상가동,59.4,380,60,2019,,,,,2025-11-03
남원은행공방태양광발전소,,전북특별자치도 남원시 어현동 470-7,,,,정상가동,75.6,380,60,2019,,,,,2025-11-03
사매21호태양광발전소,,전북특별자치도 남원시 사매면 오신리 151,,,,정상가동,98.28,380,60,2019,,,,,2025-11-03
사매22호태양광발전소,,전북특별자치도 남원시 사매면 오신리 151-22,,,,정상가동,98.28,380,60,2019,,,,,2025-11-03
레나1호태양광발전소,,전북특별자치도 남원시 운봉읍 행정리 521-87,,,,정상가동,99,380,60,2021,,,,,2025-11-03
승헌태양광발전소,,전북특별자치도 남원시 운봉읍 임리 402,,,,정상가동,50,380,60,2022,,,,,2025-11-03
지현1호태양광발전소,,전북특별자치도 남원시 대산면 풍촌리 219-2,,,,정상가동,98.55,380,60,2020,,,,,2025-11-03
마운트문태양광발전소,,전북특별자치도 남원시 대산면 풍촌리 219,,,,정상가동,98.55,380,60,2020,,,,,2025-11-03
해오름9호태양광발전소,,전북특별자치도 남원시 대산면 풍촌리 219-1,,,,정상가동,98.55,380,60,2020,,,,,2025-11-03
안계2호태양광발전소,,전북특별자치도 남원시 송동면 흑송리 19-1,,,,정상가동,48.51,380,60,2020,,,,,2025-11-03
(유)성곡에너지태양광발전소,,전북특별자치도 남원시 대강면 입암리 32-9,,,,정상가동,99.9,380,60,2023,,,,,2025-11-03
(유)내척에너지태양광발전소,,전북특별자치도 남원시 대강면 입암리 24,,,,정상가동,99.9,380,60,2023,,,,,2025-11-03
현진태양광발전소,,전북특별자치도 남원시 대강면 입암리 32-8,,,,정상가동,99.9,380,60,2023,,,,,2025-11-03
(유)한운에너지태양광발전소,,전북특별자치도 남원시 대강면 입암리 24-1,,,,정상가동,99.9,380,60,2023,,,,,2025-11-03
(유)거류에너지태양광발전소,,전북특별자치도 남원시 대강면 입암리 25,,,,정상가동,99.9,380,60,2023,,,,,2025-11-03
(유)문래에너지태양광발전소,,전북특별자치도 남원시 대강면 입암리 32-1,,,,정상가동,99.9,380,60,2023,,,,,2025-11-03
(유)봉명솔라태양광발전소,,전북특별자치도 남원시 대강면 입암리 18,,,,정상가동,99.9,380,60,2023,,,,,2025-11-03
(유)꿀비에너지태양광발전소,,전북특별자치도 남원시 대강면 입암리 25,,,,정상가동,99.9,380,60,2023,,,,,2025-11-03
청명해6호태양광발전소,,전북특별자치도 남원시 수지면 남창리 82-1,,,,정상가동,578.16,22900,60,2022,,,,,2025-11-03
미래4호태양광발전소,,전북특별자치도 남원시 주천면 배덕리 212-1,,,,정상가동,249.38,380,60,2022,,,,,2025-11-03
미래3호태양광발전소,,전북특별자치도 남원시 주천면 배덕리 212-3,,,,정상가동,99.19,380,60,2022,,,,,2025-11-03
미래2호,,전북특별자치도 남원시 주천면 배덕리 212-36,,,,정상가동,99.6,380,60,2021,,,,,2025-11-03
미래1호,,전북특별자치도 남원시 주천면 배덕리 212-35,,,,정상가동,99.6,380,60,2021,,,,,2025-11-03
운봉태양광발전소,,전북특별자치도 남원시 운봉읍 장교리 217-21,,,,정상가동,99.84,380,60,2019,,,,,2025-11-03
호동태양광발전소,,전북특별자치도 남원시 대강면 평촌리 311-6,,,,정상가동,99,380,60,2020,,,,,2025-11-03
효기리옥상발전소,,전북특별자치도 남원시 이백면 효기리 370-1,,,,정상가동,15,380,60,2019,,,,,2025-11-03
동연에너지,,전북특별자치도 남원시 주생면 상동리 808,,,,정상가동,35.28,380,60,2019,,,,,2025-11-03
하진태양광발전소,,전북특별자치도 남원시 대강면 평촌리 311-7,,,,정상가동,99,380,60,2020,,,,,2025-11-03
광야태양광발전소,,전북특별자치도 남원시 아영면 일대리 2-11,,,,정상가동,99.9,380,60,2020,,,,,2025-11-03
남원추어유통영농조합법인,,전북특별자치도 남원시 대산면 길곡리 529,,,,정상가동,167.04,380,60,2020,,,,,2025-11-03
승현태양광발전소,,전북특별자치도 남원시 송동면 송기리 79-2,,,,정상가동,99,380,60,2020,,,,,2025-11-03
원에너지,,전북특별자치도 남원시 노암동 842-6,,,,정상가동,99,380,60,2019,,,,,2025-11-03
현숙2태양광발전소,,전북특별자치도 남원시 산동면 목동리 172-3,,,,정상가동,99.36,380,60,2019,,,,,2025-11-03
천수태양광발전소,,전북특별자치도 남원시 산동면 목동리 172-2,,,,정상가동,99.36,380,60,2019,,,,,2025-11-03
병선태양광발전소,,전북특별자치도 남원시 산동면 목동리 168,,,,정상가동,97.2,380,60,2019,,,,,2025-11-03
허브태양광발전소,,전북특별자치도 남원시 운봉읍 용산리 721-7,,,,정상가동,91.26,380,60,2019,,,,,2025-11-03
김표2태양광발전소,,전북특별자치도 남원시 운봉읍 장교리 1014,,,,정상가동,499,380,60,2021,,,,,2025-11-03
이백서곡태양광발전소,,전북특별자치도 남원시 이백면 서곡리 541,,,,정상가동,98.42,380,60,2020,,,,,2025-11-03
초당태양광발전소,,전북특별자치도 남원시 송동면 흑송리 22-3,,,,정상가동,99.015,380,60,2024,,,,,2025-11-03
신정태양광발전소,,전북특별자치도 남원시 화정동 41,,,,정상가동,99.9,380,60,2022,,,,,2025-11-03
클린에너지태양광발전소,,전북특별자치도 남원시 대산면 풍촌리 263-1,,,,정상가동,98.55,380,60,2021,,,,,2025-11-03
평지태양광발전소,,전북특별자치도 남원시 수지면 남창리 376-4,,,,정상가동,99,380,60,2021,,,,,2025-11-03
SS태양광발전소,,전북특별자치도 남원시 수지면 남창리 377-2,,,,정상가동,99,380,60,2021,,,,,2025-11-03
남창5가태양광발전소,,전북특별자치도 남원시 수지면 남창리 353-3,,,,정상가동,99,380,60,2022,,,,,2025-11-03
남계태양광발전소,,전북특별자치도 남원시 보절면 괴양리 325-4,,,,정상가동,97.75,380,60,2020,,,,,2025-11-03
경찬태양광발전소,,전북특별자치도 남원시 보절면 괴양리 325-5,,,,정상가동,97.75,380,60,2020,,,,,2025-11-03
다민태양광발전소,,전북특별자치도 남원시 보절면 괴양리 325-6,,,,정상가동,97.75,380,60,2020,,,,,2025-11-03
건이네태양광발전소,,전북특별자치도 남원시 송동면 신평리 1712-16,,,,정상가동,496.91,380,60,2022,,,,,2025-11-03
맷골2호기태양광발전소,,전북특별자치도 남원시 금지면 방촌리 1075-1,,,,정상가동,99,380,60,2023,,,,,2025-11-03
맷골3호기태양광발전소,,전북특별자치도 남원시 금지면 방촌리 1074,,,,정상가동,99,380,60,2023,,,,,2025-11-03
광훈1호태양광발전소,,전북특별자치도 남원시 대산면 운교리 88-1,,,,정상가동,99.36,380,60,2023,,,,,2025-11-03
광훈2호태양광발전소,,전북특별자치도 남원시 대산면 운교리 88,,,,정상가동,99.36,380,60,2023,,,,,2025-11-03
맷골1호기태양광발전소,,전북특별자치도 남원시 금지면 방촌리 1079-1,,,,정상가동,99.2,380,60,2023,,,,,2025-11-03
정인2호태양광발전소,전북특별자치도 남원시 금지면 건너쪽길 19-43,,,,,정상가동,99.4,380,60,2020,,,,,2025-11-03
정송해품하늘태양광발전소,,전북특별자치도 남원시 주생면 정송리 187-7,,,,정상가동,99,380,60,2021,,,,,2025-11-03
정송2태양광발전소,,전북특별자치도 남원시 주생면 정송리 187-8,,,,정상가동,99,380,60,2022,,,,,2025-11-03
정송하이라이트101태양광발전소,,전북특별자치도 남원시 주생면 정송리 187-11,,,,정상가동,99,380,60,2022,,,,,2025-11-03
정송5가태양광발전소,,전북특별자치도 남원시 주생면 정송리 187-10,,,,정상가동,99,380,60,2022,,,,,2025-11-03
정송판1태양광발전소,,전북특별자치도 남원시 주생면 정송리 187-9,,,,정상가동,99,380,60,2022,,,,,2025-11-03
정송7태양광발전소,,전북특별자치도 남원시 주생면 정송리 187,,,,정상가동,99,380,60,2021,,,,,2025-11-03
행운11호,,전북특별자치도 남원시 산동면 태평리 345,,,,정상가동,90,380,60,2021,,,,,2025-11-03
오렌지태양광발전소,,전북특별자치도 남원시 금지면 옹정리 451-2,,,,정상가동,68.04,380,60,2019,,,,,2025-11-03
미숙태양광발전소,,전북특별자치도 남원시 아영면 일대리 610,,,,정상가동,99.36,380,60,2020,,,,,2025-11-03
우리행복2호태양광발전소,,전북특별자치도 남원시 송동면 송기리 625-3,,,,정상가동,98.28,380,60,2021,,,,,2025-11-03
산정01호태양광발전소,,전북특별자치도 남원시 수지면 산정리 71,,,,정상가동,98.28,380,60,2020,,,,,2025-11-03
산정02호태양광발전소,,전북특별자치도 남원시 수지면 산정리 71-2,,,,정상가동,98.28,380,60,2020,,,,,2025-11-03
산정03호태양광발전소,,전북특별자치도 남원시 수지면 산정리 71-3,,,,정상가동,98.28,380,60,2020,,,,,2025-11-03
산정04호태양광발전소,,전북특별자치도 남원시 수지면 산정리 71-4,,,,정상가동,98.28,380,60,2020,,,,,2025-11-03
도엽태양광발전소,,전북특별자치도 남원시 송동면 송기리 630-2,,,,정상가동,20,380,60,2019,,,,,2025-11-03
일준발전소,,전북특별자치도 남원시 주생면 낙동리 755,,,,정상가동,99.84,380,60,2021,,,,,2025-11-03
해랑남원태양광2호,,전북특별자치도 남원시 보절면 사촌리 30-1,,,,정상가동,99,380,60,2020,,,,,2025-11-03
송가태양광,,전북특별자치도 남원시 보절면 사촌리 30-1,,,,정상가동,99,380,60,2020,,,,,2025-11-03
은혜태양광발전소,,전북특별자치도 남원시 대산면 풍촌리 202-1,,,,정상가동,98.55,380,60,2020,,,,,2025-11-03
대성2호태양광발전소,,전북특별자치도 남원시 대강면 월탄리 17-2,,,,정상가동,99.28,380,60,2021,,,,,2025-11-03
대영태양광발전소,,전북특별자치도 남원시 대강면 월탄리 17,,,,정상가동,99.28,380,60,2021,,,,,2025-11-03
준용태양광발전소,,전북특별자치도 남원시 대강면 월탄리 17-3,,,,정상가동,99.28,380,60,2021,,,,,2025-11-03
인범1태양광발전소,,전북특별자치도 남원시 대강면 강석리 89,,,,정상가동,99.36,380,60,2022,,,,,2025-11-03
두남태양광발전소,,전북특별자치도 남원시 대강면 강석리 89-1,,,,정상가동,99.36,380,60,2022,,,,,2025-11-03
바래봉2호태양광발전소,,전북특별자치도 남원시 운봉읍 용산리 708-12,,,,정상가동,48.51,380,60,2020,,,,,2025-11-03
둥근썬태양광발전소,,전북특별자치도 남원시 운봉읍 용산리 714-10,,,,정상가동,91.26,380,60,2019,,,,,2025-11-03
대양2태양광발전소,,전북특별자치도 남원시 대강면 강석리 104-1,,,,정상가동,99.9,380,60,2022,,,,,2025-11-03
강석2태양광발전소,,전북특별자치도 남원시 대강면 강석리 104-2,,,,정상가동,99.9,380,60,2022,,,,,2025-11-03
대운7호태양광발전소,,전북특별자치도 남원시 대산면 운교리 33-12,,,,정상가동,99.54,380,60,2020,,,,,2025-11-03
대운8호태양광발전소,,전북특별자치도 남원시 대산면 운교리 33-15,,,,정상가동,99.54,380,60,2020,,,,,2025-11-03
대운9호태양광발전소,,전북특별자치도 남원시 대산면 운교리 33-11,,,,정상가동,99.54,380,60,2020,,,,,2025-11-03
형은1호기태양광발전소,,전북특별자치도 남원시 운봉읍 화수리 131-68,,,,정상가동,88.32,380,60,2021,,,,,2025-11-03
에너원5호발전소,,전북특별자치도 남원시 주생면 낙동리 87,,,,정상가동,99.84,380,60,2021,,,,,2025-11-03
LSC3호태양광발전소,,전북특별자치도 남원시 송동면 송내리 377-2,,,,정상가동,496.8,380,60,2022,,,,,2025-11-03
LSC2호태양광발전소,,전북특별자치도 남원시 송동면 송내리 944-18,,,,정상가동,496.8,380,60,2022,,,,,2025-11-03
박준섭태양광발전소,,전북특별자치도 남원시 주생면 도산리 916-5,,,,정상가동,99.75,380,60,2022,,,,,2025-11-03
수민태양광발전소,,전북특별자치도 남원시 사매면 월평리 999-4,,,,정상가동,499.32,380,60,2022,,,,,2025-11-03
대운10호태양광발전소,,전북특별자치도 남원시 대산면 운교리 33-16,,,,정상가동,298.62,380,60,2020,,,,,2025-11-03
강석1태양광발전소,,전북특별자치도 남원시 대강면 강석리 106,,,,정상가동,99.9,380,60,2022,,,,,2025-11-03
청량태양광발전소,,전북특별자치도 남원시 금지면 방촌리 991-2,,,,정상가동,198.8,380,60,2024,,,,,2025-11-03
내척01호태양광발전소,,전북특별자치도 남원시 내척동 649-33,,,,정상가동,398.12,380,60,2021,,,,,2025-11-03
센추리냉난방시스템,전북특별자치도 남원시 요천로 1603,,,,,정상가동,26.4,380,60,2019,,,,,2025-11-03
사매사업소태양광발전소,,전북특별자치도 남원시 사매면 월평리 298,,,,정상가동,199.8,380,60,2021,,,,,2025-11-03
남원미래태양광발전소1,,전북특별자치도 남원시 대산면 길곡리 644-1,,,,정상가동,996,22900,60,2022,,,,,2025-11-03
참한우1호태양광발전소,,전북특별자치도 남원시 아영면 일대리 2-22,,,,정상가동,199.68,380,60,2020,,,,,2025-11-03
참한우2호태양광발전소,,전북특별자치도 남원시 아영면 일대리 2-40,,,,정상가동,274.68,380,60,2021,,,,,2025-11-03
승찬태양광발전소,,전북특별자치도 남원시 보절면 신파리 산51-3,,,,정상가동,498.96,380,60,2023,,,,,2025-11-03
쉼터태양광발전소,,전북특별자치도 남원시 보절면 진기리 1094-19,,,,정상가동,98.82,380,60,2021,,,,,2025-11-03
하늘태양광발전소,,전북특별자치도 남원시 보절면 진기리 1094-8,,,,정상가동,98.82,380,60,2021,,,,,2025-11-03
비너스태양광발전소,,전북특별자치도 남원시 보절면 진기리 1094-10,,,,정상가동,98.82,380,60,2021,,,,,2025-11-03
마루-1태양광발전소,,전북특별자치도 남원시 보절면 진기리 1094-17,,,,정상가동,98.82,380,60,2021,,,,,2025-11-03
도협2호태양광발전소,,전북특별자치도 남원시 송동면 송기리 15,,,,정상가동,100,380,60,2022,,,,,2025-11-03
성화태양광발전소,,전북특별자치도 남원시 송동면 장포리 397,,,,정상가동,99.9,380,60,2022,,,,,2025-11-03
신광남원9호태양광발전소,,전북특별자치도 남원시 송동면 장포리 397-1,,,,정상가동,99.9,380,60,2022,,,,,2025-11-03
대성4호태양광발전소,,전북특별자치도 남원시 송동면 장포리 398-2,,,,정상가동,99.9,380,60,2022,,,,,2025-11-03
필성1호태양광발전소,,전북특별자치도 남원시 송동면 장포리 398,,,,정상가동,99.9,380,60,2022,,,,,2025-11-03
영재태양광발전소,,전북특별자치도 남원시 수지면 유암리 33-1,,,,정상가동,99,380,60,2021,,,,,2025-11-03
도현수지2호태양광발전소,,전북특별자치도 남원시 수지면 유암리 33-4,,,,정상가동,99,380,60,2021,,,,,2025-11-03
핫썬태양광발전소,,전북특별자치도 남원시 수지면 유암리 33-7,,,,정상가동,99,380,60,2021,,,,,2025-11-03
도현수지1호태양광발전소,,전북특별자치도 남원시 수지면 유암리 33-3,,,,정상가동,99,380,60,2021,,,,,2025-11-03
남광태양광발전소,,전북특별자치도 남원시 수지면 유암리 33-12,,,,정상가동,99,380,60,2021,,,,,2025-11-03
호남유암태양광발전소,,전북특별자치도 남원시 수지면 유암리 33-15,,,,정상가동,99,380,60,2021,,,,,2025-11-03
태양광발전소에스,,전북특별자치도 남원시 수지면 유암리 33-17,,,,정상가동,99,380,60,2021,,,,,2025-11-03
바이오태양광발전소,,전북특별자치도 남원시 대산면 풍촌리 260-1,,,,정상가동,246.4,380,60,2021,,,,,2025-11-03
서준태양광발전소,,전북특별자치도 남원시 내척동 583,,,,정상가동,98.28,380,60,2021,,,,,2025-11-03
MF솔라태양광발전소,,전북특별자치도 남원시 내척동 583-2,,,,정상가동,98.28,380,60,2021,,,,,2025-11-03
신성2호태양광발전소,,전북특별자치도 남원시 내척동 583-3,,,,정상가동,98.28,380,60,2021,,,,,2025-11-03
신성3호태양광발전소,,전북특별자치도 남원시 내척동 582,,,,정상가동,98.28,380,60,2021,,,,,2025-11-03
청심태양광발전소,,전북특별자치도 남원시 내척동 582-1,,,,정상가동,98.28,380,60,2021,,,,,2025-11-03
용담태양광발전소,,전북특별자치도 남원시 주천면 용담리 194,,,,정상가동,99,380,60,2020,,,,,2025-11-03
순옥태양광발전소,,전북특별자치도 남원시 대산면 수덕리 1248,,,,정상가동,99.54,380,60,2022,,,,,2025-11-03
시열4호태양광발전소,,전북특별자치도 남원시 덕과면 용산리 819,,,,정상가동,70.2,380,60,2019,,,,,2025-11-03
장포그린파워태양광발전소,,전북특별자치도 남원시 송동면 장포리 638,,,,정상가동,98.55,380,60,2021,,,,,2025-11-03
선주태양광발전소,,전북특별자치도 남원시 사매면 대율리 842-6,,,,정상가동,99.36,380,60,2021,,,,,2025-11-03
전환태양광발전소,,전북특별자치도 남원시 사매면 대율리 842-6,,,,정상가동,99.36,380,60,2021,,,,,2025-11-03
부경에너지태양광발전소,,전북특별자치도 남원시 대산면 풍촌리 250-1,,,,정상가동,99.54,380,60,2021,,,,,2025-11-03
신화태양광발전소,,전북특별자치도 남원시 대산면 풍촌리 250,,,,정상가동,99.54,380,60,2021,,,,,2025-11-03
지윤태양광1호,,전북특별자치도 남원시 이백면 과립리 729-13,,,,정상가동,99.6,380,60,2021,,,,,2025-11-03
선인태양광발전소1호,,전북특별자치도 남원시 주천면 은송리 8,,,,정상가동,91.2,380,60,2023,,,,,2025-11-03
선인태양광발전소2호,,전북특별자치도 남원시 주천면 은송리 8,,,,정상가동,91.2,380,60,2023,,,,,2025-11-03
풍촌01호태양광발전소,,전북특별자치도 남원시 대산면 풍촌리 638,,,,정상가동,99.45,380,60,2020,,,,,2025-11-03
풍촌02호태양광발전소,,전북특별자치도 남원시 대산면 풍촌리 638-4,,,,정상가동,98.28,380,60,2020,,,,,2025-11-03
풍촌03호태양광발전소,,전북특별자치도 남원시 대산면 풍촌리 638-5,,,,정상가동,98.28,380,60,2020,,,,,2025-11-03
연순태양광발전소,,전북특별자치도 남원시 대산면 풍촌리 638-3,,,,정상가동,98.28,380,60,2020,,,,,2025-11-03
지선태양광발전소,,전북특별자치도 남원시 대산면 풍촌리 638-7,,,,정상가동,98.28,380,60,2020,,,,,2025-11-03
필임태양광발전소,,전북특별자치도 남원시 대산면 풍촌리 638-8,,,,정상가동,98.28,380,60,2020,,,,,2025-11-03
대율02호태양광발전소,,전북특별자치도 남원시 사매면 대율리 41-1,,,,정상가동,96,380,60,2022,,,,,2025-11-03
대율03호태양광발전소,,전북특별자치도 남원시 사매면 대율리 41,,,,정상가동,96,380,60,2022,,,,,2025-11-03
내척동태양광발전소,,전북특별자치도 남원시 내척동 359-4 토지 위,,,,정상가동,74.25,380,60,2019,,,,,2025-11-03
사촌2호기태양광발전소,,전북특별자치도 남원시 보절면 사촌리 144-4,,,,정상가동,499,380,60,2021,,,,,2025-11-03
신평태양광발전소,,전북특별자치도 남원시 송동면 신평리 1740-1,,,,정상가동,450,380,60,2022,,,,,2025-11-03
중동태양광발전소,,전북특별자치도 남원시 대산면 신계리 318-2,,,,정상가동,450,380,60,2020,,,,,2025-11-03
수지02호태양광발전소,,전북특별자치도 남원시 수지면 남창리 474-6,,,,정상가동,393.12,380,60,2022,,,,,2025-11-03
수지04호태양광발전소,,전북특별자치도 남원시 수지면 남창리 476,,,,정상가동,491,380,60,2022,,,,,2025-11-03
수지05호태양광발전소,,전북특별자치도 남원시 수지면 남창리 479-1,,,,정상가동,393.12,380,60,2022,,,,,2025-11-03
수지01호태양광발전소,,전북특별자치도 남원시 수지면 남창리 474-1,,,,정상가동,294.84,380,60,2022,,,,,2025-11-03
지윤태양광2호,,전북특별자치도 남원시 이백면 과립리 729-13,,,,정상가동,99.6,380,60,2021,,,,,2025-11-03
대정3호태양광발전소,,전북특별자치도 남원시 보절면 진기리 660,,,,정상가동,99.6,380,60,2020,,,,,2025-11-03
대정4호태양광발전소,,전북특별자치도 남원시 보절면 진기리 660-7,,,,정상가동,99.6,380,60,2020,,,,,2025-11-03
대정5호태양광발전소,,전북특별자치도 남원시 보절면 진기리 660-8,,,,정상가동,99.6,380,60,2020,,,,,2025-11-03
관지태양광발전소,,전북특별자치도 남원시 이백면 효기리 697,,,,정상가동,99.16,380,60,2021,,,,,2025-11-03
수지03호태양광발전소,,전북특별자치도 남원시 수지면 남창리 474-8,,,,정상가동,393.12,380,60,2022,,,,,2025-11-03
이지태양광발전소,,전북특별자치도 남원시 산동면 식련리 527-1,,,,정상가동,729,22900,60,2020,,,,,2025-11-03
지리산1호태양광발전소,,전북특별자치도 남원시 운봉읍 권포리 65-3,,,,정상가동,298.35,380,60,2022,,,,,2025-11-03
금성에너지,,전북특별자치도 남원시 동충동 395,,,,정상가동,41.44,380,60,2019,,,,,2025-11-03
건우태양광발전소,,전북특별자치도 남원시 광치동 561-32,,,,정상가동,19.44,380,60,2020,,,,,2025-11-03
수지06호태양광발전소,,전북특별자치도 남원시 수지면 남창리 472,,,,정상가동,393.13,380,60,2022,,,,,2025-11-03
배덕01호태양광발전소,,전북특별자치도 남원시 주천면 배덕리 686,,,,정상가동,393.13,380,60,2021,,,,,2025-11-03
배덕02호태양광발전소,,전북특별자치도 남원시 주천면 배덕리 687,,,,정상가동,393.12,380,60,2021,,,,,2025-11-03
하프태양광발전소,,전북특별자치도 남원시 대산면 대곡리 138,,,,정상가동,995.4,22900,60,2022,,,,,2025-11-03
솔마루태양광발전소,,전북특별자치도 남원시 대산면 대곡리 138-2,,,,정상가동,995.4,22900,60,2023,,,,,2025-11-03
상원태양광발전소,,전북특별자치도 남원시 이백면 초촌리 822,,,,정상가동,98.79,380,60,2021,,,,,2025-11-03
소망스3태양광발전소,,전북특별자치도 남원시 보절면 황벌리 365-6,,,,정상가동,75.66,380,60,2023,,,,,2025-11-03
한유1호태양광발전소,,전북특별자치도 남원시 보절면 괴양리 325-1,,,,정상가동,97.75,380,60,2020,,,,,2025-11-03
해암태양광발전소,,전북특별자치도 남원시 보절면 괴양리 327-3,,,,정상가동,92.225,380,60,2020,,,,,2025-11-03
은원태양광발전소,,전북특별자치도 남원시 보절면 괴양리 327-2,,,,정상가동,97.75,380,60,2020,,,,,2025-11-03
종훈태양광발전소1,,전북특별자치도 남원시 보절면 진기리 1175,,,,정상가동,49.2,380,60,2020,,,,,2025-11-03
풍산개발2호태양광발전소,,전북특별자치도 남원시 대강면 평촌리 409-12,,,,정상가동,999.18,22900,60,2022,,,,,2025-11-03
풍산개발1호태양광발전소,,전북특별자치도 남원시 대강면 평촌리 409-12,,,,정상가동,999.18,22900,60,2022,,,,,2025-11-03
대성제1태양광발전소,,전북특별자치도 남원시 인월면 성산리 165,,,,정상가동,497.25,380,60,2022,,,,,2025-11-03
도담1호태양광발전소,,전북특별자치도 남원시 대산면 수덕리 1750-2,,,,정상가동,99.45,380,60,2021,,,,,2025-11-03
주주태양광발전소,,전북특별자치도 남원시 수지면 남창리 1851-10,,,,정상가동,99.16,380,60,2021,,,,,2025-11-03
유한회사 안터,,전북특별자치도 남원시 이백면 강기리 169,,,,정상가동,49.8,380,60,2020,,,,,2025-11-03
지리산쏠라2호,,전북특별자치도 남원시 이백면 강기리 169,,,,정상가동,99.9,380,60,2020,,,,,2025-11-03
수에너지원,,전북특별자치도 남원시 이백면 강기리 167,,,,정상가동,99.9,380,60,2020,,,,,2025-11-03
영광에너지,,전북특별자치도 남원시 이백면 강기리 167,,,,정상가동,99.9,380,60,2020,,,,,2025-11-03
레드1호태양광발전소,,전북특별자치도 남원시 금지면 상신리 521-19,,,,정상가동,99.9,380,60,2021,,,,,2025-11-03
삼천리태양광발전소,,전북특별자치도 남원시 사매면 서도리 산6-1,,,,정상가동,350.4,380,60,2023,,,,,2025-11-03
수은에너지,,전북특별자치도 남원시 내척동 10-2,,,,정상가동,122.1,380,60,2022,,,,,2025-11-03
사촌4호기태양광발전소,,전북특별자치도 남원시 보절면 사촌리 1230-4,,,,정상가동,300,380,60,2022,,,,,2025-11-03
금빛태양광발전소,,전북특별자치도 남원시 수지면 남창리 429,,,,정상가동,499,380,60,2022,,,,,2025-11-03
박훈태양광발전소2호,,전북특별자치도 남원시 덕과면 덕촌리 398-3,,,,정상가동,297.11,380,60,2021,,,,,2025-11-03
송이태양광발전소,,전북특별자치도 남원시 덕과면 신양리 250-3,,,,정상가동,99.8,380,60,2021,,,,,2025-11-03
윤명태양광발전소,,전북특별자치도 남원시 덕과면 신양리 250,,,,정상가동,99.8,380,60,2021,,,,,2025-11-03
정선태양광발전소,,전북특별자치도 남원시 대강면 강석리 93,,,,정상가동,99.9,380,60,2022,,,,,2025-11-03
봉황태양광발전소,,전북특별자치도 남원시 대산면 대곡리 703-2,,,,정상가동,99.2,380,60,2023,,,,,2025-11-03
한진1태양광발전소,,전북특별자치도 남원시 내척동 11-1,,,,정상가동,99.6,380,60,2021,,,,,2025-11-03
한진2태양광발전소,,전북특별자치도 남원시 금지면 하도리 151,,,,정상가동,37.35,380,60,2020,,,,,2025-11-03
길곡2태양광발전소,,전북특별자치도 남원시 대산면 길곡리 369-1,,,,정상가동,99.9,380,60,2020,,,,,2025-11-03
송산태양광발전소,,전북특별자치도 남원시 대산면 길곡리 369,,,,정상가동,99.9,380,60,2020,,,,,2025-11-03
대산길곡태양광발전소,,전북특별자치도 남원시 대산면 길곡리 369-2,,,,정상가동,49.95,380,60,2020,,,,,2025-11-03
서도01호태양광발전소,,전북특별자치도 남원시 사매면 서도리 25-3,,,,정상가동,996,22900,60,2022,,,,,2025-11-03
이백복지태양광발전소,,전북특별자치도 남원시 이백면 과립리 607-2,,,,정상가동,150,380,60,2021,,,,,2025-11-03
카라태양광발전소,,전북특별자치도 남원시 보절면 성시리 313,,,,정상가동,498.75,380,60,2020,,,,,2025-11-03
영미태양광발전소,,전북특별자치도 남원시 대산면 신계리 911-6,,,,정상가동,99.84,380,60,2021,,,,,2025-11-03
풍촌리발전소,,전북특별자치도 남원시 대산면 풍촌리 220,,,,정상가동,470,380,60,2022,,,,,2025-11-03
화랑이엔지태양광발전소,,전북특별자치도 남원시 송동면 세전리 1390-8,,,,정상가동,449.55,380,60,2021,,,,,2025-11-03
유미태양광발전소,,전북특별자치도 남원시 대산면 수덕리 1749-1,,,,정상가동,207.48,380,60,2023,,,,,2025-11-03
강남태양광발전소,,전북특별자치도 남원시 사매면 월평리 940-4,,,,정상가동,99.68,380,60,2022,,,,,2025-11-03
은천태양광발전소,,전북특별자치도 남원시 보절면 신파리 432-1,,,,정상가동,498.56,380,60,2022,,,,,2025-11-03
은천1호태양광발전소,,전북특별자치도 남원시 보절면 신파리 432,,,,정상가동,393.12,380,60,2021,,,,,2025-11-03
남원축협생장물사업장태양광발전소,,전북특별자치도 남원시 보절면 신파리 299-9,,,,정상가동,199.2,380,60,2021,,,,,2025-11-03
다성1호태양광발전소,,전북특별자치도 남원시 대강면 월탄리 80,,,,정상가동,99,380,60,2021,,,,,2025-11-03
진주태양광발전소,,전북특별자치도 남원시 보절면 도룡리 523-24,,,,정상가동,99.9,380,60,2021,,,,,2025-11-03
서도02호태양광발전소,,전북특별자치도 남원시 사매면 서도리 25-5,,,,정상가동,99.6,380,60,2022,,,,,2025-11-03
솔바람태양광발전소,,전북특별자치도 남원시 덕과면 신양리 951-6,,,,정상가동,97.2,380,60,2020,,,,,2025-11-03
종인태양광발전소,,전북특별자치도 남원시 보절면 신파리 410-11,,,,정상가동,99.9,380,60,2024,,,,,2025-11-03
강토태양광발전소,,전북특별자치도 남원시 보절면 신파리 410-11,,,,정상가동,99.9,380,60,2024,,,,,2025-11-03
김신태양광발전소,,전북특별자치도 남원시 보절면 신파리 410-11,,,,정상가동,99.9,380,60,2024,,,,,2025-11-03
수연3태양광발전소,,전북특별자치도 남원시 보절면 신파리 410-11,,,,정상가동,99.9,380,60,2024,,,,,2025-11-03
도움3태양광발전소,,전북특별자치도 남원시 보절면 신파리 410-11,,,,정상가동,99.9,380,60,2024,,,,,2025-11-03
인월태양광발전소,,전북특별자치도 남원시 인월면 유곡리 1107,,,,정상가동,998.4,22900,60,2021,,,,,2025-11-03
지리산2호태양광발전소,,전북특별자치도 남원시 운봉읍 권포리 102-2,,,,정상가동,366.3,380,60,2022,,,,,2025-11-03
백두태양광발전소,,전북특별자치도 남원시 운봉읍 매요리 874,,,,정상가동,229.6,380,60,2021,,,,,2025-11-03
대건1호태양광발전소,,전북특별자치도 남원시 덕과면 만도리 154-1,,,,정상가동,99.36,380,60,2021,,,,,2025-11-03
대건2호태양광발전소,,전북특별자치도 남원시 덕과면 만도리 154-3,,,,정상가동,99.36,380,60,2021,,,,,2025-11-03
대건3호태양광발전소,,전북특별자치도 남원시 덕과면 만도리 154-5,,,,정상가동,99.36,380,60,2022,,,,,2025-11-03
무인4호태양광발전소,,전북특별자치도 남원시 덕과면 만도리 154-4,,,,정상가동,99.36,380,60,2021,,,,,2025-11-03
상천태양광발전소,,전북특별자치도 남원시 덕과면 만도리 154-2,,,,정상가동,99.36,380,60,2021,,,,,2025-11-03
동서내발전소,,전북특별자치도 남원시 송동면 장국리 865-2,,,,정상가동,29.88,380,60,2020,,,,,2025-11-03
수림태양광발전소,,전북특별자치도 남원시 대강면 송대리 70-2,,,,정상가동,99.9,380,60,2022,,,,,2025-11-03
사랑방태양광발전소,,전북특별자치도 남원시 대강면 송대리 70-5,,,,정상가동,99.9,380,60,2022,,,,,2025-11-03
지수태양광발전소,,전북특별자치도 남원시 대강면 송대리 70-1,,,,정상가동,99.9,380,60,2022,,,,,2025-11-03
수림영농조합태양광발전소,,전북특별자치도 남원시 대강면 송대리 70-4,,,,정상가동,99.9,380,60,2022,,,,,2025-11-03
늘봄태양광발전소,,전북특별자치도 남원시 대강면 송대리 70-3,,,,정상가동,99.9,380,60,2022,,,,,2025-11-03
위성조합태양광발전소,,전북특별자치도 남원시 향교동 451,,,,정상가동,20,380,60,2019,,,,,2025-11-03
다율태양광발전소,,전북특별자치도 남원시 신정동 223-1,,,,정상가동,39.69,380,60,2020,,,,,2025-11-03
신애태양광발전소,,전북특별자치도 남원시 대산면 풍촌리 265,,,,정상가동,97.09,380,60,2022,,,,,2025-11-03
남원팜태양광발전소,,전북특별자치도 남원시 내척동 544-2,,,,정상가동,19.8,380,60,2020,,,,,2025-11-03
일정태양광발전소,,전북특별자치도 남원시 덕과면 덕촌리 696-3,,,,정상가동,99.45,380,60,2021,,,,,2025-11-03
성일태양광발전소,,전북특별자치도 남원시 덕과면 덕촌리 696-3,,,,정상가동,99.45,380,60,2021,,,,,2025-11-03
국미태양광발전소,,전북특별자치도 남원시 덕과면 덕촌리 696-3,,,,정상가동,99.45,380,60,2021,,,,,2025-11-03
위성조합태양광발전소,,전북특별자치도 남원시 향교동 218,,,,정상가동,50,380,60,2019,,,,,2025-11-03
마음발전소1호,,전북특별자치도 남원시 주천면 주천리 601,,,,정상가동,99.9,380,60,2023,,,,,2025-11-03
신광남원10호태양광발전소,,전북특별자치도 남원시 주천면 주천리 601,,,,정상가동,99.9,380,60,2023,,,,,2025-11-03
평화태양광발전소,,전북특별자치도 남원시 주천면 주천리 601,,,,정상가동,99.9,380,60,2023,,,,,2025-11-03
주천태양광발전소2호,,전북특별자치도 남원시 주천면 주천리 601,,,,정상가동,99.9,380,60,2023,,,,,2025-11-03
주천태양광발전소1호,,전북특별자치도 남원시 주천면 주천리 601,,,,정상가동,99.9,380,60,2023,,,,,2025-11-03
살기좋은태양광발전소,,전북특별자치도 남원시 보절면 진기리 1094-1,,,,정상가동,99.84,380,60,2021,,,,,2025-11-03
진기리한씨태양광발전소,,전북특별자치도 남원시 보절면 진기리 1094-3,,,,정상가동,99.84,380,60,2021,,,,,2025-11-03
패밀리태양광발전소,,전북특별자치도 남원시 이백면 척문리 816,,,,정상가동,93.6,380,60,2020,,,,,2025-11-03
고려태양광발전소,,전북특별자치도 남원시 이백면 척문리 816,,,,정상가동,93.6,380,60,2020,,,,,2025-11-03
신광남원13호태양광발전소,,전북특별자치도 남원시 송동면 송상리 483,,,,정상가동,99.9,380,60,2023,,,,,2025-11-03
신광남원12호태양광발전소,,전북특별자치도 남원시 송동면 송상리 483,,,,정상가동,99.9,380,60,2023,,,,,2025-11-03
향교1태양광발전소,,전북특별자치도 남원시 향교동 322-1,,,,정상가동,18,380,60,2019,,,,,2025-11-03
향교2태양광발전소,,전북특별자치도 남원시 향교동 322-8,,,,정상가동,18,380,60,2019,,,,,2025-11-03
향교3태양광발전소,,전북특별자치도 남원시 향교동 321-1,,,,정상가동,18,380,60,2019,,,,,2025-11-03
향교4태양광발전소,,전북특별자치도 남원시 향교동 321-5,,,,정상가동,18,380,60,2019,,,,,2025-11-03
채겸태양광발전소,,전북특별자치도 남원시 송동면 장국리 735,,,,정상가동,99.33,380,60,2023,,,,,2025-11-03
소담태양광발전소,,전북특별자치도 남원시 송동면 장국리 735-1,,,,정상가동,99.33,380,60,2023,,,,,2025-11-03
혜담태양광발전소,,전북특별자치도 남원시 송동면 장국리 735-5,,,,정상가동,99.33,380,60,2023,,,,,2025-11-03
운교리태양광발전소,,전북특별자치도 남원시 대산면 운교리 244-2,,,,정상가동,99.76,380,60,2023,,,,,2025-11-03
고샘1태양광발전소,,전북특별자치도 남원시 보절면 신파리 226-273,,,,정상가동,99.33,380,60,2022,,,,,2025-11-03
고샘2태양광발전소,,전북특별자치도 남원시 보절면 신파리 226-130,,,,정상가동,99.33,380,60,2022,,,,,2025-11-03
신광남원11호태양광발전소,,전북특별자치도 남원시 송동면 송상리 487-1,,,,정상가동,99.9,380,60,2022,,,,,2025-11-03
송상태양광발전소2호,,전북특별자치도 남원시 송동면 송상리 487-1,,,,정상가동,99.9,380,60,2022,,,,,2025-11-03
송상태양광발전소1호,,전북특별자치도 남원시 송동면 송상리 487-1,,,,정상가동,99.9,380,60,2022,,,,,2025-11-03
하솔태양광발전소,,전북특별자치도 남원시 수지면 남창리 356,,,,정상가동,99.9,380,60,2022,,,,,2025-11-03
정심태양광발전소,,전북특별자치도 남원시 수지면 남창리 356-1,,,,정상가동,99.9,380,60,2022,,,,,2025-11-03
순근태양광발전소,,전북특별자치도 남원시 대산면 길곡리 724-9,,,,정상가동,97.09,380,60,2021,,,,,2025-11-03
장교태양광발전소,,전북특별자치도 남원시 운봉읍 장교리 539-6,,,,정상가동,18,380,60,2020,,,,,2025-11-03
동원1호태양광,,전북특별자치도 남원시 사매면 월평리 437,,,,정상가동,499.6,380,60,2021,,,,,2025-11-03
동원2호태양광,,전북특별자치도 남원시 사매면 월평리 435-6,,,,정상가동,499.6,380,60,2021,,,,,2025-11-03
동원3호태양광,,전북특별자치도 남원시 사매면 월평리 243-3,,,,정상가동,299.63,380,60,2021,,,,,2025-11-03
민영태양광발전소,,전북특별자치도 남원시 사매면 계수리 278-2,,,,정상가동,99.45,380,60,2023,,,,,2025-11-03
종진태양광발전소,,전북특별자치도 남원시 사매면 계수리 278-3,,,,정상가동,99.45,380,60,2023,,,,,2025-11-03
성애태양광발전소,,전북특별자치도 남원시 대산면 길곡리 335,,,,정상가동,99.45,380,60,2021,,,,,2025-11-03
준희태양광발전소,,전북특별자치도 남원시 대산면 길곡리 335,,,,정상가동,99.45,380,60,2021,,,,,2025-11-03
황두골태양광발전소,,전북특별자치도 남원시 산동면 목동리 507,,,,정상가동,99.9,380,60,2021,,,,,2025-11-03
MJ에너지,,전북특별자치도 남원시 덕과면 용산리 427-1,,,,정상가동,347.655,380,60,2023,,,,,2025-11-03
JH에너지,,전북특별자치도 남원시 덕과면 용산리 429,,,,정상가동,496.65,380,60,2023,,,,,2025-11-03
YS에너지,,전북특별자치도 남원시 덕과면 용산리 434,,,,정상가동,496.65,380,60,2024,,,,,2025-11-03
신광남원16호태양광발전소,,전북특별자치도 남원시 금지면 방촌리 1080-28,,,,정상가동,99.9,380,60,2021,,,,,2025-11-03
신광남원15호태양광발전소,,전북특별자치도 남원시 금지면 방촌리 1080-5,,,,정상가동,99.9,380,60,2021,,,,,2025-11-03
신광남원14호태양광발전소,,전북특별자치도 남원시 금지면 방촌리 1080-29,,,,정상가동,99.9,380,60,2021,,,,,2025-11-03
다승태양광발전소1호,,전북특별자치도 남원시 금지면 방촌리 1080-30,,,,정상가동,99.9,380,60,2021,,,,,2025-11-03
AONE,,전북특별자치도 남원시 금지면 방촌리 1080-30,,,,정상가동,99.9,380,60,2021,,,,,2025-11-03
정암태양광발전소,,전북특별자치도 남원시 대산면 옥율리 337,,,,정상가동,99.16,380,60,2021,,,,,2025-11-03
대상1태양광발전소,,전북특별자치도 남원시 대산면 옥율리 338-1,,,,정상가동,99.16,380,60,2021,,,,,2025-11-03
대상2태양광발전소,,전북특별자치도 남원시 대산면 옥율리 338-4,,,,정상가동,99.16,380,60,2021,,,,,2025-11-03
대상3태양광발전소,,전북특별자치도 남원시 대산면 옥율리 338-5,,,,정상가동,99.16,380,60,2021,,,,,2025-11-03
대상4태양광발전소,,전북특별자치도 남원시 대산면 옥율리 338-6,,,,정상가동,99.16,380,60,2021,,,,,2025-11-03
아소1호태양광발전소,,전북특별자치도 남원시 대강면 사석리 1774-3,,,,정상가동,499.5,380,60,2023,,,,,2025-11-03
솔밭1호태양광발전소,,전북특별자치도 남원시 덕과면 고정리 299-3,,,,정상가동,96,380,60,2023,,,,,2025-11-03
솔밭2호태양광발전소,,전북특별자치도 남원시 덕과면 고정리 299,,,,정상가동,72,380,60,2023,,,,,2025-11-03
솔밭3호태양광발전소,,전북특별자치도 남원시 덕과면 고정리 299-2,,,,정상가동,96,380,60,2023,,,,,2025-11-03
레인보우4호태양광발전소,,전북특별자치도 남원시 운봉읍 북천리 425-1,,,,정상가동,99.2,380,60,2021,,,,,2025-11-03
무진운봉솔라태양광발전소,,전북특별자치도 남원시 운봉읍 북천리 425-6,,,,정상가동,99.2,380,60,2021,,,,,2025-11-03
스카이(SKY)3호태양광발전소,,전북특별자치도 남원시 운봉읍 북천리 425-7,,,,정상가동,99.2,380,60,2021,,,,,2025-11-03
스카이(SKY)4호태양광발전소,,전북특별자치도 남원시 운봉읍 북천리 425-8,,,,정상가동,99.2,380,60,2021,,,,,2025-11-03
한솔5태양광발전소,,전북특별자치도 남원시 운봉읍 북천리 425-9,,,,정상가동,99.2,380,60,2021,,,,,2025-11-03
선2호태양광발전소,,전북특별자치도 남원시 대강면 사석리 1730,,,,정상가동,252,380,60,2022,,,,,2025-11-03
태영2호태양광발전소,,전북특별자치도 남원시 운봉읍 행정리 97-2,,,,정상가동,99.36,380,60,2021,,,,,2025-11-03
남원믿음태양광발전소,,전북특별자치도 남원시 덕과면 고정리 474,,,,정상가동,298.8,380,60,2021,,,,,2025-11-03
도통태양광발전소,,전북특별자치도 남원시 도통동 501-2,,,,정상가동,19.2,380,60,2020,,,,,2025-11-03
성수발전소,,전북특별자치도 남원시 금동 401-9,,,,정상가동,19.5,380,60,2020,,,,,2025-11-03
도산1호태양광발전소,,전북특별자치도 남원시 주생면 도산리 413-4,,,,정상가동,99.36,380,60,2022,,,,,2025-11-03
도산2호태양광발전소,,전북특별자치도 남원시 주생면 도산리 413-1,,,,정상가동,99.36,380,60,2022,,,,,2025-11-03
시완이네태양광발전소,,전북특별자치도 남원시 대산면 길곡리 372,,,,정상가동,99.9,380,60,2022,,,,,2025-11-03
원방태양광발전소,,전북특별자치도 남원시 대산면 길곡리 372-1,,,,정상가동,99.9,380,60,2021,,,,,2025-11-03
송동태양광발전소,,전북특별자치도 남원시 송동면 장포리 398,,,,정상가동,99.9,380,60,2021,,,,,2025-11-03
신광남원17호태양광발전소,,전북특별자치도 남원시 송동면 장포리 399-2,,,,정상가동,99.9,380,60,2021,,,,,2025-11-03
푸른농장발전소,,전북특별자치도 남원시 인월면 건지리 18-102,,,,정상가동,29.6,380,60,2020,,,,,2025-11-03
행복발전소,,전북특별자치도 남원시 인월면 서무리 670,,,,정상가동,99,380,60,2023,,,,,2025-11-03
임마누엘발전소,,전북특별자치도 남원시 송동면 송상리 466-6,,,,정상가동,99.56,380,60,2022,,,,,2025-11-03
향남발전소,,전북특별자치도 남원시 송동면 송상리 466-7,,,,정상가동,99.56,380,60,2022,,,,,2025-11-03
중현발전소,,전북특별자치도 남원시 송동면 송상리 466-8,,,,정상가동,99.56,380,60,2022,,,,,2025-11-03
유라태양광발전소,,전북특별자치도 남원시 송동면 송내리 967-3,,,,정상가동,99.2,380,60,2022,,,,,2025-11-03
장윤태양광발전소,,전북특별자치도 남원시 송동면 송내리 967-6,,,,정상가동,99.2,380,60,2022,,,,,2025-11-03
영은공태양광발전소,,전북특별자치도 남원시 송동면 송내리 967-7,,,,정상가동,99.2,380,60,2022,,,,,2025-11-03
르호봇태양광발전소,,전북특별자치도 남원시 송동면 송내리 968-1,,,,정상가동,99.2,380,60,2022,,,,,2025-11-03
신광남원20호태양광발전소,,전북특별자치도 남원시 대산면 풍촌리 231,,,,정상가동,99.9,380,60,2022,,,,,2025-11-03
제이태양광발전소,,전북특별자치도 남원시 대산면 풍촌리 231-1,,,,정상가동,99.9,380,60,2022,,,,,2025-11-03
준포발전소2호,,전북특별자치도 남원시 대산면 풍촌리 231,,,,정상가동,99.9,380,60,2022,,,,,2025-11-03
서후태양광발전소,,전북특별자치도 남원시 보절면 괴양리 15-1,,,,정상가동,290.92,380,60,2021,,,,,2025-11-03
신광남원19호태양광발전소,,전북특별자치도 남원시 보절면 성시리 297-1,,,,정상가동,99.9,380,60,2024,,,,,2025-11-03
제이유태양광발전소,,전북특별자치도 남원시 보절면 성시리 299-1,,,,정상가동,99.9,380,60,2024,,,,,2025-11-03
준포발전소1호,,전북특별자치도 남원시 보절면 성시리 299-2,,,,정상가동,99.9,380,60,2024,,,,,2025-11-03
필성2호태양광발전소,,전북특별자치도 남원시 보절면 성시리 297-6,,,,정상가동,99.9,380,60,2024,,,,,2025-11-03
신파리발전소1호,,전북특별자치도 남원시 보절면 신파리 1068-3,,,,정상가동,99.6,380,60,2022,,,,,2025-11-03
노유미발전소1호,,전북특별자치도 남원시 보절면 신파리 1068-3,,,,정상가동,99.6,380,60,2022,,,,,2025-11-03
낙원1호태양광발전소,,전북특별자치도 남원시 덕과면 신양리 805,,,,정상가동,99.12,380,60,2023,,,,,2025-11-03
옹정01호태양광발전소,,전북특별자치도 남원시 금지면 옹정리 1215-5,,,,정상가동,99.99,380,60,2022,,,,,2025-11-03
옹정02호태양광발전소,,전북특별자치도 남원시 금지면 옹정리 1215-1,,,,정상가동,99.99,380,60,2022,,,,,2025-11-03
정미태양광발전소,,전북특별자치도 남원시 보절면 도룡리 498,,,,정상가동,99.6,380,60,2023,,,,,2025-11-03
이삼태양광발전소,,전북특별자치도 남원시 보절면 도룡리 498-20,,,,정상가동,99.6,380,60,2023,,,,,2025-11-03
정옥태양광발전소,,전북특별자치도 남원시 보절면 도룡리 498-21,,,,정상가동,99.6,380,60,2023,,,,,2025-11-03
라이트2태양광발전소,,전북특별자치도 남원시 이백면 과립리 299-2,,,,정상가동,60.83,380,60,2022,,,,,2025-11-03
내기태양광발전소,,전북특별자치도 남원시 주천면 고기리 718,,,,정상가동,14.76,380,60,2020,,,,,2025-11-03
권포태양광발전소,,전북특별자치도 남원시 운봉읍 권포리 1229-3,,,,정상가동,449.28,380,60,2022,,,,,2025-11-03
린린태양광대산발전소,,전북특별자치도 남원시 대산면 수덕리 1083-8,,,,정상가동,99.6,380,60,2021,,,,,2025-11-03
낙동2호태양광발전소,,전북특별자치도 남원시 대산면 수덕리 1083,,,,정상가동,99.6,380,60,2021,,,,,2025-11-03
낙동1호태양광발전소,,전북특별자치도 남원시 대산면 수덕리 1083-7,,,,정상가동,99.6,380,60,2021,,,,,2025-11-03
풍년태양광발전소,,전북특별자치도 남원시 운봉읍 장교리 217-4,,,,정상가동,98.28,380,60,2021,,,,,2025-11-03
산들2호태양광발전소,,전북특별자치도 남원시 보절면 신파리 54-5,,,,정상가동,398.4,380,60,2023,,,,,2025-11-03
우정규발전소1호,,전북특별자치도 남원시 보절면 신파리 1068-1,,,,정상가동,99.6,380,60,2022,,,,,2025-11-03
우재규발전소1호,,전북특별자치도 남원시 보절면 신파리 1068-1,,,,정상가동,99.6,380,60,2022,,,,,2025-11-03
우규자발전소3호,,전북특별자치도 남원시 보절면 신파리 1068-1,,,,정상가동,99.6,380,60,2022,,,,,2025-11-03
수덕1태양광발전소,,전북특별자치도 남원시 대산면 수덕리 262,,,,정상가동,99.45,380,60,2021,,,,,2025-11-03
수덕2태양광발전소,,전북특별자치도 남원시 대산면 수덕리 261,,,,정상가동,99.45,380,60,2021,,,,,2025-11-03
수덕3태양광발전소,,전북특별자치도 남원시 대산면 수덕리 261,,,,정상가동,99.45,380,60,2021,,,,,2025-11-03
김공순발전소1호,,전북특별자치도 남원시 보절면 신파리 1033-1,,,,정상가동,99.6,380,60,2022,,,,,2025-11-03
우규자발전소1호,,전북특별자치도 남원시 보절면 신파리 1033-1,,,,정상가동,99.6,380,60,2022,,,,,2025-11-03
노유미발전소3호,,전북특별자치도 남원시 보절면 신파리 1033-1,,,,정상가동,99.6,380,60,2022,,,,,2025-11-03
노유미발전소2호,,전북특별자치도 남원시 보절면 신파리 1035-1,,,,정상가동,99.6,380,60,2022,,,,,2025-11-03
우재규발전소2호,,전북특별자치도 남원시 보절면 신파리 1035-1,,,,정상가동,99.6,380,60,2022,,,,,2025-11-03
중절호암태양광발전소,,전북특별자치도 남원시 보절면 진기리 640-1,,,,정상가동,594,22900,60,2022,,,,,2025-11-03
정현태양광발전소,,전북특별자치도 남원시 용정동 83,,,,정상가동,99.99,380,60,2023,,,,,2025-11-03
㈜동양태양광발전소,,전북특별자치도 남원시 노암동 853-2,,,,정상가동,150.88,380,60,2022,,,,,2025-11-03
갈치2호태양광발전소,,전북특별자치도 남원시 식정동 382,,,,정상가동,20,380,60,2020,,,,,2025-11-03
금다리01호태양광발전소,,전북특별자치도 남원시 보절면 금다리 478,,,,정상가동,99.99,380,60,2023,,,,,2025-11-03
정금태양광발전소,,전북특별자치도 남원시 금지면 서매리 368,,,,정상가동,249.37,380,60,2021,,,,,2025-11-03
우규자발전소2호,,전북특별자치도 남원시 보절면 진기리 1456-13,,,,정상가동,99.6,380,60,2021,,,,,2025-11-03
김공순발전소2호,,전북특별자치도 남원시 보절면 진기리 1456-13,,,,정상가동,99.6,380,60,2021,,,,,2025-11-03
한국태양광발전소,,전북특별자치도 남원시 대산면 옥율리 786-1,,,,정상가동,292.575,380,60,2023,,,,,2025-11-03
시대태양광발전소,,전북특별자치도 남원시 대산면 옥율리 785-12,,,,정상가동,151.06,380,60,2023,,,,,2025-11-03
한양1호태양광발전소,,전북특별자치도 남원시 대산면 옥율리 786-2,,,,정상가동,98.77,380,60,2023,,,,,2025-11-03
한양2호태양광발전소,,전북특별자치도 남원시 대산면 옥율리 786-2,,,,정상가동,348.6,380,60,2023,,,,,2025-11-03
이레태양광발전소,,전북특별자치도 남원시 송동면 송내리 968-1,,,,정상가동,99.2,380,60,2022,,,,,2025-11-03
연부1태양광발전소,,전북특별자치도 남원시 덕과면 용산리 820,,,,정상가동,98.4,380,60,2021,,,,,2025-11-03
연부2태양광발전소,,전북특별자치도 남원시 덕과면 용산리 820,,,,정상가동,98.4,380,60,2021,,,,,2025-11-03
연부3태양광발전소,,전북특별자치도 남원시 덕과면 용산리 820,,,,정상가동,98.4,380,60,2021,,,,,2025-11-03
호경2호태양광발전소,,전북특별자치도 남원시 주천면 호경리 399,,,,정상가동,10.08,220,60,2020,,,,,2025-11-03
케이앤엘내동태양광발전소,,전북특별자치도 남원시 이백면 내동리 56-2,,,,정상가동,448.2,380,60,2024,,,,,2025-11-03
규현태양광발전소,,전북특별자치도 남원시 송동면 사촌리 39-1,,,,정상가동,99.2,380,60,2022,,,,,2025-11-03
해누리태양광발전소,,전북특별자치도 남원시 송동면 사촌리 39,,,,정상가동,99.2,380,60,2022,,,,,2025-11-03
용산리태양광발전소,,전북특별자치도 남원시 운봉읍 용산리 317-1,,,,정상가동,16.38,380,60,2020,,,,,2025-11-03
남원행복2호태양광발전소,,전북특별자치도 남원시 수지면 초리 408-1,,,,정상가동,99.9,380,60,2022,,,,,2025-11-03
초리11호태양광발전소,,전북특별자치도 남원시 수지면 초리 408,,,,정상가동,29.97,380,60,2022,,,,,2025-11-03
네츄럴그린1호태양광,전북특별자치도 남원시 시묘길 89-17,,,,,정상가동,44.46,380,60,2020,,,,,2025-11-03
네츄럴그린2호태양광,전북특별자치도 남원시 시묘길 89-17,,,,,정상가동,172.77,380,60,2021,,,,,2025-11-03
신광남원23호태양광발전소,,전북특별자치도 남원시 인월면 건지리 2-112,,,,정상가동,99.2,380,60,2024,,,,,2025-11-03
남양태양광발전소,,전북특별자치도 남원시 주생면 영천리 396,,,,정상가동,99.22,380,60,2021,,,,,2025-11-03
사매1호태양광발전소,,전북특별자치도 남원시 사매면 대신리 244-4,,,,정상가동,99.2,380,60,2021,,,,,2025-11-03
세종1호태양광발전소,,전북특별자치도 남원시 사매면 대신리 244-3,,,,정상가동,99.2,380,60,2021,,,,,2025-11-03
남원행복태양광발전소,,전북특별자치도 남원시 사매면 대신리 244-1,,,,정상가동,99.2,380,60,2021,,,,,2025-11-03
태안,,전북특별자치도 남원시 대산면 길곡리 371-1,,,,정상가동,99.6,380,60,2022,,,,,2025-11-03
태금,,전북특별자치도 남원시 대산면 길곡리 371,,,,정상가동,99.6,380,60,2022,,,,,2025-11-03
그린셀태양광발전소,,전북특별자치도 남원시 보절면 괴양리 30,,,,정상가동,99.2,380,60,2023,,,,,2025-11-03
신광남원25호태양광발전소,,전북특별자치도 남원시 보절면 괴양리 30,,,,정상가동,99.2,380,60,2023,,,,,2025-11-03
블루썬태양광발전소,,전북특별자치도 남원시 보절면 괴양리 30-5,,,,정상가동,99.2,380,60,2023,,,,,2025-11-03
에코에너지태양광발전소,전북특별자치도 남원시 쑥고개로 138-81,,,,,정상가동,1593.6,22900,60,2021,,,,,2025-11-03
부자태양광발전소1호,,전북특별자치도 남원시 주생면 도산리 28-8,,,,정상가동,99.2,380,60,2023,,,,,2025-11-03
부자태양광발전소2호,,전북특별자치도 남원시 주생면 도산리 28-8,,,,정상가동,99.2,380,60,2023,,,,,2025-11-03
부자태양광발전소3호,,전북특별자치도 남원시 주생면 도산리 28-8,,,,정상가동,99.2,380,60,2023,,,,,2025-11-03
부자태양광발전소4호,,전북특별자치도 남원시 주생면 도산리 28-8,,,,정상가동,99.2,380,60,2023,,,,,2025-11-03
노다지1호태양광발전소,,전북특별자치도 남원시 주천면 송치리 595-2,,,,정상가동,98.42,380,60,2021,,,,,2025-11-03
노다지2호태양광발전소,,전북특별자치도 남원시 주천면 송치리 595-1,,,,정상가동,28.86,380,60,2021,,,,,2025-11-03
다온1호발전소,전북특별자치도 남원시 대산면 대사로 127-42,,,,,정상가동,49.14,380,60,2020,,,,,2025-11-03
복임태양광발전소,,전북특별자치도 남원시 산동면 태평리 831,,,,정상가동,99.6,380,60,2022,,,,,2025-11-03
오촌태양광1호태양광발전소,,전북특별자치도 남원시 송동면 송상리 349-1,,,,정상가동,99.22,380,60,2023,,,,,2025-11-03
오촌태양광2호태양광발전소,,전북특별자치도 남원시 송동면 송상리 349-1,,,,정상가동,99.22,380,60,2023,,,,,2025-11-03
문수태양광발전소,,전북특별자치도 남원시 대산면 수덕리 1249,,,,정상가동,99.6,380,60,2023,,,,,2025-11-03
행복태양광발전소,,전북특별자치도 남원시 보절면 진기리 1643,,,,정상가동,99.06,380,60,2022,,,,,2025-11-03
훈이태양광발전소,,전북특별자치도 남원시 보절면 진기리 1644,,,,정상가동,99.06,380,60,2022,,,,,2025-11-03
기열태양광발전소,,전북특별자치도 남원시 사매면 화정리 80,,,,정상가동,99.6,380,60,2023,,,,,2025-11-03
준근태양광발전소,,전북특별자치도 남원시 용정동 1-1,,,,정상가동,99.36,380,60,2023,,,,,2025-11-03
은숙태양광발전소,,전북특별자치도 남원시 용정동 1-7,,,,정상가동,99.36,380,60,2023,,,,,2025-11-03
신호태양광발전소,,전북특별자치도 남원시 용정동 1-6,,,,정상가동,99.36,380,60,2023,,,,,2025-11-03
광숙1호태양광발전소,,전북특별자치도 남원시 대강면 송대리 71,,,,정상가동,99.9,380,60,2022,,,,,2025-11-03
광숙2호태양광발전소,,전북특별자치도 남원시 대강면 송대리 71,,,,정상가동,99.9,380,60,2022,,,,,2025-11-03
선태양광발전소,,전북특별자치도 남원시 대강면 입암리 23,,,,정상가동,99.9,380,60,2023,,,,,2025-11-03
수연태양광발전소,,전북특별자치도 남원시 대강면 입암리 23,,,,정상가동,99.9,380,60,2023,,,,,2025-11-03
영은태양광발전소,,전북특별자치도 남원시 송동면 송상리 481,,,,정상가동,499,380,60,2021,,,,,2025-11-03
승준발전소,,전북특별자치도 남원시 송동면 송상리 465-1,,,,정상가동,70.68,380,60,2022,,,,,2025-11-03
김순호태양광발전소,,전북특별자치도 남원시 사매면 월평리 170-3,,,,정상가동,19.565,220,60,2020,,,,,2025-11-03
진원태양광발전소,,전북특별자치도 남원시 송동면 송상리 474-3,,,,정상가동,399.6,380,60,2023,,,,,2025-11-03
미하6호태양광발전소,,전북특별자치도 남원시 이백면 효기리 488,,,,정상가동,99,380,60,2022,,,,,2025-11-03
미하8호태양광발전소,,전북특별자치도 남원시 이백면 효기리 488,,,,정상가동,99,380,60,2022,,,,,2025-11-03
각골1호태양광발전소,,전북특별자치도 남원시 덕과면 사율리 691-2,,,,정상가동,19,380,60,2020,,,,,2025-11-03
한경석태양광발전소3호,,전북특별자치도 남원시 보절면 신파리 819-1,,,,정상가동,99,380,60,2023,,,,,2025-11-03
세진71태양광발전소,,전북특별자치도 남원시 주생면 낙동리 754,,,,정상가동,99.6,380,60,2022,,,,,2025-11-03
테라1호태양광발전소,,전북특별자치도 남원시 주생면 낙동리 756-1,,,,정상가동,99.6,380,60,2022,,,,,2025-11-03
호성2호태양광발전소,,전북특별자치도 남원시 주생면 낙동리 756,,,,정상가동,99.6,380,60,2022,,,,,2025-11-03
종훈태양광발전소,,전북특별자치도 남원시 보절면 진기리 1640,,,,정상가동,74.88,380,60,2022,,,,,2025-11-03
강석3태양광발전소,,전북특별자치도 남원시 대강면 강석리 107,,,,정상가동,99.9,380,60,2022,,,,,2025-11-03
강석4태양광발전소,,전북특별자치도 남원시 대강면 강석리 106,,,,정상가동,29.97,380,60,2022,,,,,2025-11-03
강석5태양광발전소,,전북특별자치도 남원시 대강면 강석리 106,,,,정상가동,29.97,380,60,2022,,,,,2025-11-03
최강1호태양광발전소,,전북특별자치도 남원시 이백면 양가리 234,,,,정상가동,98.9,380,60,2021,,,,,2025-11-03
최강2호태양광발전소,,전북특별자치도 남원시 이백면 양가리 234-2,,,,정상가동,98.9,380,60,2021,,,,,2025-11-03
노다지6호태양광발전소,,전북특별자치도 남원시 이백면 양가리 234-3,,,,정상가동,34.125,380,60,2021,,,,,2025-11-03
규빈상사태양광발전소,,전북특별자치도 남원시 운봉읍 장교리 836-8,,,,정상가동,99.6,380,60,2022,,,,,2025-11-03
이정태양광발전소,,전북특별자치도 남원시 사매면 대율리 835-6,,,,정상가동,98,380,60,2023,,,,,2025-11-03
용봉태양광발전소,,전북특별자치도 남원시 사매면 대율리 835-6,,,,정상가동,76,380,60,2023,,,,,2025-11-03
용지태양광발전소,,전북특별자치도 남원시 사매면 대신리 635-1,,,,정상가동,99.75,380,60,2021,,,,,2025-11-03
강원도태양광발전소,,전북특별자치도 남원시 사매면 대신리 635-1,,,,정상가동,99.75,380,60,2021,,,,,2025-11-03
양구태양광발전소,,전북특별자치도 남원시 사매면 대신리 635-1,,,,정상가동,99.75,380,60,2021,,,,,2025-11-03
서울태양광발전소,,전북특별자치도 남원시 사매면 대신리 632-3,,,,정상가동,99.75,380,60,2021,,,,,2025-11-03
삼성태양광발전소,,전북특별자치도 남원시 사매면 대신리 245,,,,정상가동,99,380,60,2023,,,,,2025-11-03
연부4태양광발전소,,전북특별자치도 남원시 덕과면 용산리 820,,,,정상가동,98.4,380,60,2021,,,,,2025-11-03
연부5태양광발전소,,전북특별자치도 남원시 덕과면 용산리 820,,,,정상가동,98.4,380,60,2021,,,,,2025-11-03
사매삼화에너지태양광발전소,,전북특별자치도 남원시 사매면 대신리 30-2,,,,정상가동,99.68,380,60,2023,,,,,2025-11-03
도성1호에너지태양광발전소,,전북특별자치도 남원시 사매면 대신리 30-1,,,,정상가동,99.68,380,60,2023,,,,,2025-11-03
도성2호에너지태양광발전소,,전북특별자치도 남원시 사매면 대신리 30,,,,정상가동,99.68,380,60,2023,,,,,2025-11-03
도성3호에너지태양광발전소,,전북특별자치도 남원시 사매면 대신리 381,,,,정상가동,99.68,380,60,2023,,,,,2025-11-03
노다지3호태양광발전소,,전북특별자치도 남원시 대강면 월탄리 272-7,,,,정상가동,29.05,380,60,2022,,,,,2025-11-03
한빛2호태양광발전소,,전북특별자치도 남원시 대강면 월탄리 20,,,,정상가동,99.12,380,60,2022,,,,,2025-11-03
푸른태양광발전소,,전북특별자치도 남원시 대산면 신계리 429-147,,,,정상가동,99.6,380,60,2022,,,,,2025-11-03
디에이취태양광발전소,,전북특별자치도 남원시 대산면 신계리 429-170,,,,정상가동,99.6,380,60,2022,,,,,2025-11-03
와이엘태양광발전소,,전북특별자치도 남원시 대산면 신계리 429-171,,,,정상가동,99.6,380,60,2022,,,,,2025-11-03
에스와이태양광발전소,,전북특별자치도 남원시 대산면 신계리 429-172,,,,정상가동,99.6,380,60,2022,,,,,2025-11-03
이문태양광발전소,,전북특별자치도 남원시 대산면 신계리 429-173,,,,정상가동,99.6,380,60,2022,,,,,2025-11-03
해교태양광발전소,,전북특별자치도 남원시 대산면 신계리 429-174,,,,정상가동,99.6,380,60,2022,,,,,2025-11-03
수곡3호태양광발전소,,전북특별자치도 남원시 대산면 신계리 429-192,,,,정상가동,432,22900,60,2023,,,,,2025-11-03
수곡4호태양광발전소,,전북특별자치도 남원시 대산면 신계리 416-93,,,,정상가동,842.4,22900,60,2023,,,,,2025-11-03
일대01호태양광발전소,,전북특별자치도 남원시 아영면 일대리 1126-6,,,,정상가동,348.6,380,60,2024,,,,,2025-11-03
남원미래태양광발전소4,,전북특별자치도 남원시 대산면 길곡리 644-1,,,,정상가동,98.42,380,60,2021,,,,,2025-11-03
성원전기태양광발전소,,전북특별자치도 남원시 대산면 풍촌리 263-3,,,,정상가동,29.625,380,60,2022,,,,,2025-11-03
도엽3호태양광발전소,,전북특별자치도 남원시 송동면 송기리 261-1,,,,정상가동,29.7,380,60,2020,,,,,2025-11-03
각골2호태양광발전소,,전북특별자치도 남원시 덕과면 사율리 691-2,,,,정상가동,99.9,380,60,2023,,,,,2025-11-03
영훈태양광발전소,,전북특별자치도 남원시 송동면 신평리 195-2,,,,정상가동,29.7,380,60,2020,,,,,2025-11-03
서울엔텍월탄발전B,,전북특별자치도 남원시 대강면 월탄리 89-2,,,,정상가동,98.77,380,60,2022,,,,,2025-11-03
서울엔텍월탄발전A,,전북특별자치도 남원시 대강면 월탄리 87,,,,정상가동,98.77,380,60,2022,,,,,2025-11-03
이은경태양광발전소,,전북특별자치도 남원시 대강면 사석리 335,,,,정상가동,99.9,380,60,2022,,,,,2025-11-03
허승영태양광발전소,,전북특별자치도 남원시 대강면 사석리 335-1,,,,정상가동,99.9,380,60,2022,,,,,2025-11-03
바산1호태양광발전소,,전북특별자치도 남원시 대강면 월탄리 69-1,,,,정상가동,99,380,60,2022,,,,,2025-11-03
바산2호태양광발전소,,전북특별자치도 남원시 대강면 월탄리 69-1,,,,정상가동,99,380,60,2022,,,,,2025-11-03
다성2호태양광발전소,,전북특별자치도 남원시 대강면 월탄리 82-1,,,,정상가동,99,380,60,2022,,,,,2025-11-03
우애태양광발전소,,전북특별자치도 남원시 운봉읍 장교리 220-5,,,,정상가동,19.92,380,60,2020,,,,,2025-11-03
성우제1태양광발전소,,전북특별자치도 남원시 송동면 흑송리 277,,,,정상가동,100,380,60,2022,,,,,2025-11-03
성우제2태양광발전소,,전북특별자치도 남원시 송동면 흑송리 277,,,,정상가동,100,380,60,2022,,,,,2025-11-03
우진1호태양광발전소,,전북특별자치도 남원시 광치동 632-4,,,,정상가동,14.8,380,60,2020,,,,,2025-11-03
우진2호태양광발전소,,전북특별자치도 남원시 광치동 632-13,,,,정상가동,19.2,220,60,2020,,,,,2025-11-03
은하태양광발전소,,전북특별자치도 남원시 덕과면 고정리 351,,,,정상가동,98.28,380,60,2021,,,,,2025-11-03
안계태양광3호태양광발전소,,전북특별자치도 남원시 송동면 흑송리 34,,,,정상가동,91.3,380,60,2023,,,,,2025-11-03
신양태양광발전소,,전북특별자치도 남원시 덕과면 신양리 51,,,,정상가동,99.6,380,60,2022,,,,,2025-11-03
소망태양광발전소,,전북특별자치도 남원시 덕과면 고정리 473,,,,정상가동,98.77,380,60,2022,,,,,2025-11-03
귀자태양광발전소,,전북특별자치도 남원시 덕과면 만도리 106,,,,정상가동,99.6,380,60,2024,,,,,2025-11-03
기만태양광발전소,,전북특별자치도 남원시 덕과면 만도리 106,,,,정상가동,99.6,380,60,2021,,,,,2025-11-03
대현태양광발전소,,전북특별자치도 남원시 덕과면 만도리 106,,,,정상가동,99.6,380,60,2024,,,,,2025-11-03
송내1호태양광발전소,,전북특별자치도 남원시 송동면 송내리 283-3,,,,정상가동,99.36,380,60,2022,,,,,2025-11-03
송내2호태양광발전소,,전북특별자치도 남원시 송동면 송내리 283-2,,,,정상가동,99.36,380,60,2022,,,,,2025-11-03
송내3호태양광발전소,,전북특별자치도 남원시 송동면 송내리 283-5,,,,정상가동,99.36,380,60,2022,,,,,2025-11-03
송내4호태양광발전소,,전북특별자치도 남원시 송동면 송내리 283-4,,,,정상가동,99.36,380,60,2022,,,,,2025-11-03
송내5호태양광발전소,,전북특별자치도 남원시 송동면 송내리 283-6,,,,정상가동,99.36,380,60,2022,,,,,2025-11-03
중송1호태양광발전소,,전북특별자치도 남원시 주천면 송치리 390-1,,,,정상가동,99.76,380,60,2021,,,,,2025-11-03
중송2호태양광발전소,,전북특별자치도 남원시 주천면 송치리 390-6,,,,정상가동,99.76,380,60,2021,,,,,2025-11-03
길순태양광발전소,,전북특별자치도 남원시 주생면 낙동리 953-1,,,,정상가동,99.96,380,60,2021,,,,,2025-11-03
신선태양광2호발전소,,전북특별자치도 남원시 송동면 송기리 68,,,,정상가동,99.9,380,60,2021,,,,,2025-11-03
남계1호태양광발전소,,전북특별자치도 남원시 이백면 남계리 317-1,,,,정상가동,99.36,380,60,2021,,,,,2025-11-03
남계2호태양광발전소,,전북특별자치도 남원시 이백면 남계리 317-1,,,,정상가동,99.36,380,60,2021,,,,,2025-11-03
대산6호태양광발전소,전북특별자치도 남원시 주생면 요천로 1036-317,,,,,정상가동,60.3,380,60,2021,,,,,2025-11-03
강춘2호태양광발전소,,전북특별자치도 남원시 사매면 월평리 229-1,,,,정상가동,299.88,380,60,2024,,,,,2025-11-03
배덕7호태양광발전소,,전북특별자치도 남원시 주천면 배덕리 282,,,,정상가동,99.6,380,60,2021,,,,,2025-11-03
제이씨석곡태양광발전소,,전북특별자치도 남원시 대산면 대곡리 86-1,,,,정상가동,496.8,22900,60,2024,,,,,2025-11-03
초리1호태양광발전소,,전북특별자치도 남원시 수지면 초리 407-3,,,,정상가동,99.96,380,60,2023,,,,,2025-11-03
초리2호태양광발전소,,전북특별자치도 남원시 수지면 초리 407-2,,,,정상가동,99.96,380,60,2023,,,,,2025-11-03
초리3호태양광발전소,,전북특별자치도 남원시 수지면 초리 407-1,,,,정상가동,99.96,380,60,2023,,,,,2025-11-03
초리4호태양광발전소,,전북특별자치도 남원시 수지면 초리 407,,,,정상가동,99.96,380,60,2023,,,,,2025-11-03
매안태양광발전소,,전북특별자치도 남원시 사매면 대신리 24-6,,,,정상가동,99,380,60,2023,,,,,2025-11-03
청동태양광발전소,전북특별자치도 남원시 운봉읍 운봉남길 80,,,,,정상가동,99.96,380,60,2022,,,,,2025-11-03
청서태양광발전소,전북특별자치도 남원시 운봉읍 운봉남길 80,,,,,정상가동,99.96,380,60,2022,,,,,2025-11-03
낙원2호태양광발전소,,전북특별자치도 남원시 덕과면 신양리 805,,,,정상가동,99.12,380,60,2023,,,,,2025-11-03
낙원3호태양광발전소,,전북특별자치도 남원시 덕과면 신양리 805,,,,정상가동,99.12,380,60,2023,,,,,2025-11-03
낙원4호태양광발전소,,전북특별자치도 남원시 덕과면 신양리 805,,,,정상가동,29.4,380,60,2023,,,,,2025-11-03
낙원5호태양광발전소,,전북특별자치도 남원시 덕과면 신양리 805,,,,정상가동,29.4,380,60,2023,,,,,2025-11-03
낙원6호태양광발전소,,전북특별자치도 남원시 덕과면 신양리 805,,,,정상가동,29.4,380,60,2023,,,,,2025-11-03
와이비2호태양광발전소,,전북특별자치도 남원시 대강면 사석리 1776,,,,정상가동,98.28,380,60,2023,,,,,2025-11-03
와이비3호태양광발전소,,전북특별자치도 남원시 대강면 사석리 1776,,,,정상가동,98.28,380,60,2023,,,,,2025-11-03
신광남원27호태양광발전소,,전북특별자치도 남원시 대산면 풍촌리 232-3,,,,정상가동,49.56,380,60,2023,,,,,2025-11-03
신광남원26호태양광발전소,,전북특별자치도 남원시 대산면 풍촌리 232-1,,,,정상가동,99.54,380,60,2023,,,,,2025-11-03
성화2호태양광발전소,,전북특별자치도 남원시 대산면 풍촌리 232,,,,정상가동,99.54,380,60,2023,,,,,2025-11-03
두루봉1호태양광발전소,,전북특별자치도 남원시 금지면 택내리 331-17,,,,정상가동,98.42,380,60,2022,,,,,2025-11-03
두루봉2호태양광발전소,,전북특별자치도 남원시 금지면 택내리 331-98,,,,정상가동,98.42,380,60,2022,,,,,2025-11-03
두루봉3호태양광발전소,,전북특별자치도 남원시 금지면 택내리 331-99,,,,정상가동,98.42,380,60,2022,,,,,2025-11-03
두루봉4호태양광발전소,,전북특별자치도 남원시 금지면 택내리 331-100,,,,정상가동,98.42,380,60,2022,,,,,2025-11-03
삼다지태양광발전소,,전북특별자치도 남원시 고죽동 122-4,,,,정상가동,19.5,380,60,2020,,,,,2025-11-03
단지태양광발전소,,전북특별자치도 남원시 주천면 송치리 322,,,,정상가동,99.3,380,60,2021,,,,,2025-11-03
준태양광발전소,,전북특별자치도 남원시 보절면 신파리 226-6,,,,정상가동,499.84,380,60,2024,,,,,2025-11-03
온유태양광발전소,,전북특별자치도 남원시 아영면 구상리 606-2,,,,정상가동,99.9,380,60,2021,,,,,2025-11-03
승태태양광발전소,,전북특별자치도 남원시 아영면 구상리 606-2,,,,정상가동,99.9,380,60,2021,,,,,2025-11-03
상민태양광발전소,,전북특별자치도 남원시 아영면 구상리 606-2,,,,정상가동,99.9,380,60,2021,,,,,2025-11-03
은혜태양광발전소,,전북특별자치도 남원시 아영면 구상리 606-2,,,,정상가동,99.9,380,60,2021,,,,,2025-11-03
한솔태양광발전소,,전북특별자치도 남원시 인월면 자래리 407-6,,,,정상가동,99.9,380,60,2022,,,,,2025-11-03
상그레태양광발전소,,전북특별자치도 남원시 인월면 자래리 407-11,,,,정상가동,99.9,380,60,2022,,,,,2025-11-03
병섭태양광발전소,,전북특별자치도 남원시 인월면 자래리 407-10,,,,정상가동,99.9,380,60,2022,,,,,2025-11-03
대강쏠5호태양광발전소,,전북특별자치도 남원시 대강면 입암리 381-2,,,,정상가동,99.9,380,60,2023,,,,,2025-11-03
도현 쏠,,전북특별자치도 남원시 대강면 입암리 381-3,,,,정상가동,99.9,380,60,2023,,,,,2025-11-03
대강쏠3호태양광발전소,,전북특별자치도 남원시 대강면 입암리 381-4,,,,정상가동,99.9,380,60,2023,,,,,2025-11-03
대강쏠2호태양광발전소,,전북특별자치도 남원시 대강면 입암리 381-5,,,,정상가동,99.9,380,60,2023,,,,,2025-11-03
해랑남원3호태양광발전소,,전북특별자치도 남원시 대강면 입암리 381-6,,,,정상가동,99.9,380,60,2023,,,,,2025-11-03
대강쏠6호태양광발전소,,전북특별자치도 남원시 대강면 입암리 381,,,,정상가동,99.9,380,60,2023,,,,,2025-11-03
선샤인발전소,,전북특별자치도 남원시 인월면 성산리 312-9,,,,정상가동,99,380,60,2022,,,,,2025-11-03
백야발전소,,전북특별자치도 남원시 인월면 성산리 312-10,,,,정상가동,99,380,60,2022,,,,,2025-11-03
AM발전소,,전북특별자치도 남원시 인월면 성산리 312-8,,,,정상가동,99,380,60,2022,,,,,2025-11-03
달림1호발전소,,전북특별자치도 남원시 인월면 성산리 312-11,,,,정상가동,81.45,380,60,2022,,,,,2025-11-03
남일태양광발전소,,전북특별자치도 남원시 운봉읍 매요리 27-1,,,,정상가동,99.9,380,60,2023,,,,,2025-11-03
신성1호태양광발전소,,전북특별자치도 남원시 송동면 두신리 78,,,,정상가동,82,380,60,2022,,,,,2025-11-03
찬란한태양광발전소,,전북특별자치도 남원시 송동면 신평리 381-10,,,,정상가동,97.2,380,60,2022,,,,,2025-11-03
하가태양광발전소,,전북특별자치도 남원시 금지면 옹정리 1160-1,,,,정상가동,99.9,380,60,2022,,,,,2025-11-03
서신태양광발전소,,전북특별자치도 남원시 금지면 옹정리 1160,,,,정상가동,99.9,380,60,2022,,,,,2025-11-03
배덕1호태양광발전소,,전북특별자치도 남원시 주천면 배덕리 산156,,,,정상가동,99.76,380,60,2021,,,,,2025-11-03
배덕2호태양광발전소,,전북특별자치도 남원시 주천면 배덕리 산156,,,,정상가동,99.76,380,60,2021,,,,,2025-11-03
배덕4호태양광발전소,,전북특별자치도 남원시 주천면 배덕리 산156,,,,정상가동,99.76,380,60,2021,,,,,2025-11-03
배덕5호태양광발전소,,전북특별자치도 남원시 주천면 배덕리 산156,,,,정상가동,99.76,380,60,2021,,,,,2025-11-03
에너지태양광발전소,,전북특별자치도 남원시 송동면 흑송리 413-5,,,,정상가동,27.44,380,60,2022,,,,,2025-11-03
광농장태양광발전소,,전북특별자치도 남원시 운봉읍 주촌리 908-1,,,,정상가동,99.6,380,60,2023,,,,,2025-11-03
광농장2호태양광발전소,,전북특별자치도 남원시 운봉읍 주촌리 908-1,,,,정상가동,99.6,380,60,2023,,,,,2025-11-03
은하1호태양광발전소,,전북특별자치도 남원시 보절면 신파리 54-2,,,,정상가동,29.58,380,60,2021,,,,,2025-11-03
산들3호태양광발전소,,전북특별자치도 남원시 보절면 신파리 54-3,,,,정상가동,29.58,380,60,2021,,,,,2025-11-03
심원태양광발전소,,전북특별자치도 남원시 산동면 월석리 125,,,,정상가동,90.45,380,60,2021,,,,,2025-11-03
심곡태양광발전소,,전북특별자치도 남원시 산동면 월석리 125,,,,정상가동,90.45,380,60,2021,,,,,2025-11-03
명호에너지,,전북특별자치도 남원시 내척동 610,,,,정상가동,98,380,60,2021,,,,,2025-11-03
솔숲농원태양광발전소,,전북특별자치도 남원시 운봉읍 화수리 145-358,,,,정상가동,99,380,60,2021,,,,,2025-11-03
삼광1호태양광발전소,,전북특별자치도 남원시 금지면 옹정리 5-2,,,,정상가동,99.96,380,60,2022,,,,,2025-11-03
삼광2호태양광발전소,,전북특별자치도 남원시 금지면 옹정리 5-2,,,,정상가동,99.96,380,60,2022,,,,,2025-11-03
광숙1호태양광발전소,,전북특별자치도 남원시 금지면 옹정리 5-2,,,,정상가동,99.96,380,60,2022,,,,,2025-11-03
광숙2호태양광발전소,,전북특별자치도 남원시 금지면 옹정리 5-2,,,,정상가동,99.96,380,60,2022,,,,,2025-11-03
삼광3호태양광발전소,,전북특별자치도 남원시 금지면 옹정리 5-2,,,,정상가동,99.96,380,60,2022,,,,,2025-11-03
삼광4호태양광발전소,,전북특별자치도 남원시 금지면 옹정리 5-2,,,,정상가동,99.96,380,60,2022,,,,,2025-11-03
신계1호태양광발전소,,전북특별자치도 남원시 대산면 신계리 311,,,,정상가동,99.94,380,60,2021,,,,,2025-11-03
신계2호태양광발전소,,전북특별자치도 남원시 대산면 신계리 311,,,,정상가동,99.94,380,60,2021,,,,,2025-11-03
신계3호태양광발전소,,전북특별자치도 남원시 대산면 신계리 311,,,,정상가동,99.94,380,60,2021,,,,,2025-11-03
정우태양광발전소,,전북특별자치도 남원시 보절면 진기리 129-1,,,,정상가동,29.58,380,60,2021,,,,,2025-11-03
은하2호태양광발전소,,전북특별자치도 남원시 보절면 진기리 129,,,,정상가동,29.58,380,60,2021,,,,,2025-11-03
화정1호태양광발전소,,전북특별자치도 남원시 사매면 화정리 439,,,,정상가동,99.76,380,60,2024,,,,,2025-11-03
화정2호태양광발전소,,전북특별자치도 남원시 사매면 화정리 439-2,,,,정상가동,99.76,380,60,2024,,,,,2025-11-03
화정3호태양광발전소,,전북특별자치도 남원시 사매면 화정리 439-3,,,,정상가동,99.76,380,60,2024,,,,,2025-11-03
화정4호태양광발전소,,전북특별자치도 남원시 사매면 화정리 439-4,,,,정상가동,99.76,380,60,2024,,,,,2025-11-03
화정5호태양광발전소,,전북특별자치도 남원시 사매면 화정리 439-7,,,,정상가동,99.76,380,60,2024,,,,,2025-11-03
화정6호태양광발전소,,전북특별자치도 남원시 사매면 화정리 439-8,,,,정상가동,99.76,380,60,2024,,,,,2025-11-03
화정7호태양광발전소,,전북특별자치도 남원시 사매면 화정리 439-9,,,,정상가동,99.76,380,60,2024,,,,,2025-11-03
덕촌그린1호발전소,,전북특별자치도 남원시 덕과면 덕촌리 832,,,,정상가동,99.99,380,60,2023,,,,,2025-11-03
덕촌그린2호발전소,,전북특별자치도 남원시 덕과면 덕촌리 832-1,,,,정상가동,99.99,380,60,2023,,,,,2025-11-03
덕촌그린3호발전소,,전북특별자치도 남원시 덕과면 덕촌리 833-1,,,,정상가동,99.99,380,60,2023,,,,,2025-11-03
덕촌그린5호발전소,,전북특별자치도 남원시 덕과면 덕촌리 833,,,,정상가동,99.99,380,60,2023,,,,,2025-11-03
의성2태양광발전소,전북특별자치도 남원시 금지면 금평길 22-2,,,,,정상가동,14.625,380,60,2021,,,,,2025-11-03
고려2호태양광발전소,,전북특별자치도 남원시 보절면 사촌리 22-29,,,,정상가동,99,380,60,2023,,,,,2025-11-03
재유1호태양광발전소,전북특별자치도 남원시 시묘길 43-88,,,,,정상가동,124,380,60,2021,,,,,2025-11-03
시온에너지1호,,전북특별자치도 남원시 아영면 봉대리 340-1,,,,정상가동,99.68,380,60,2021,,,,,2025-11-03
송가5호태양광발전소,,전북특별자치도 남원시 대강면 입암리 381-7,,,,정상가동,99.9,380,60,2023,,,,,2025-11-03
세훈남원태양광발전소,,전북특별자치도 남원시 보절면 사촌리 51-21,,,,정상가동,29.76,380,60,2023,,,,,2025-11-03
시온에너지2호,,전북특별자치도 남원시 아영면 봉대리 340-1,,,,정상가동,99.68,380,60,2021,,,,,2025-11-03
시온에너지3호,,전북특별자치도 남원시 아영면 봉대리 340-1,,,,정상가동,99.68,380,60,2021,,,,,2025-11-03
시온에너지4호,,전북특별자치도 남원시 아영면 봉대리 340-1,,,,정상가동,99.68,380,60,2021,,,,,2025-11-03
시온에너지5호,,전북특별자치도 남원시 아영면 봉대리 340-1,,,,정상가동,99.68,380,60,2021,,,,,2025-11-03
에벤에셀2호태양광발전소,,전북특별자치도 남원시 덕과면 신양리 999-8,,,,정상가동,99,380,60,2023,,,,,2025-11-03
현호태양광발전소,,전북특별자치도 남원시 금지면 옹정리 1159-2,,,,정상가동,99.18,380,60,2022,,,,,2025-11-03
성호태양광발전소,,전북특별자치도 남원시 금지면 옹정리 1159,,,,정상가동,99.18,380,60,2022,,,,,2025-11-03
오성1호태양광발전소,,전북특별자치도 남원시 송동면 장포리 405,,,,정상가동,99.45,380,60,2021,,,,,2025-11-03
오성2호태양광발전소,,전북특별자치도 남원시 송동면 장포리 405,,,,정상가동,99.45,380,60,2021,,,,,2025-11-03
신광남원28호태양광발전소,,전북특별자치도 남원시 송동면 장포리 399-1,,,,정상가동,99.45,380,60,2022,,,,,2025-11-03
신광남원29호태양광발전소,,전북특별자치도 남원시 송동면 장포리 399-1,,,,정상가동,99.45,380,60,2022,,,,,2025-11-03
다승태양광발전소3호,,전북특별자치도 남원시 송동면 장포리 403-1,,,,정상가동,99.45,380,60,2022,,,,,2025-11-03
미소2태양광발전소,,전북특별자치도 남원시 덕과면 만도리 1102,,,,정상가동,29.05,380,60,2021,,,,,2025-11-03
신파태양광발전소,,전북특별자치도 남원시 보절면 신파리 790,,,,정상가동,99.06,380,60,2024,,,,,2025-11-03
한경석태양광발전소6호,,전북특별자치도 남원시 사매면 대율리 808-4,,,,정상가동,49.5,380,60,2023,,,,,2025-11-03
정태양광발전소,,전북특별자치도 남원시 아영면 성리 219-1,,,,정상가동,99.45,380,60,2022,,,,,2025-11-03
복태양광발전소,,전북특별자치도 남원시 아영면 성리 218-1,,,,정상가동,99.45,380,60,2022,,,,,2025-11-03
한경석태양광발전소4호,,전북특별자치도 남원시 보절면 신파리 819-1,,,,정상가동,99,380,60,2023,,,,,2025-11-03
한경석태양광발전소5호,,전북특별자치도 남원시 보절면 신파리 819-1,,,,정상가동,99,380,60,2023,,,,,2025-11-03
중암운교발전소,,전북특별자치도 남원시 대산면 운교리 874-24,,,,정상가동,499.9,380,60,2023,,,,,2025-11-03
다원3호태양광발전소,,전북특별자치도 남원시 대산면 운교리 874-18,,,,정상가동,99.6,380,60,2021,,,,,2025-11-03
다원4호태양광발전소,,전북특별자치도 남원시 대산면 운교리 874-18,,,,정상가동,99.6,380,60,2021,,,,,2025-11-03
다원6호태양광발전소,,전북특별자치도 남원시 대산면 운교리 874-16,,,,정상가동,99.6,380,60,2021,,,,,2025-11-03
다원7호태양광발전소,,전북특별자치도 남원시 대산면 운교리 874-15,,,,정상가동,99.6,380,60,2021,,,,,2025-11-03
구상4호태양광발전소,,전북특별자치도 남원시 아영면 구상리 358-4,,,,정상가동,29.25,380,60,2024,,,,,2025-11-03
구상5호태양광발전소,,전북특별자치도 남원시 아영면 구상리 358-6,,,,정상가동,29.25,380,60,2024,,,,,2025-11-03
정숙5호태양광발전소,,전북특별자치도 남원시 인월면 자래리 407-12,,,,정상가동,99.645,380,60,2022,,,,,2025-11-03
아이언태양광발전소,,전북특별자치도 남원시 인월면 자래리 407-13,,,,정상가동,99.645,380,60,2022,,,,,2025-11-03
청빛태양광발전소,,전북특별자치도 남원시 인월면 자래리 407-7,,,,정상가동,99.645,380,60,2022,,,,,2025-11-03
지섭태양광발전소,,전북특별자치도 남원시 인월면 자래리 407-14,,,,정상가동,99.645,380,60,2022,,,,,2025-11-03
하늘5호태양광발전소,,전북특별자치도 남원시 아영면 일대리 607-1,,,,정상가동,99.9,380,60,2022,,,,,2025-11-03
사석리윤영태양광발전소,,전북특별자치도 남원시 대강면 사석리 229-3,,,,정상가동,99.9,380,60,2022,,,,,2025-11-03
사석리은경태양광발전소,,전북특별자치도 남원시 대강면 사석리 229-4,,,,정상가동,99.9,380,60,2022,,,,,2025-11-03
사석리기원태양광발전소,,전북특별자치도 남원시 대강면 사석리 229-1,,,,정상가동,99.9,380,60,2022,,,,,2025-11-03
사석리순철태양광발전소,,전북특별자치도 남원시 대강면 사석리 229-2,,,,정상가동,99.9,380,60,2022,,,,,2025-11-03
기원1호태양광,,전북특별자치도 남원시 대강면 사석리 227-1,,,,정상가동,99.9,380,60,2024,,,,,2025-11-03
기원2호태양광,,전북특별자치도 남원시 대강면 사석리 227-5,,,,정상가동,99.9,380,60,2024,,,,,2025-11-03
기원3호태양광,,전북특별자치도 남원시 대강면 사석리 227-6,,,,정상가동,99.9,380,60,2024,,,,,2025-11-03
소용수1호 태양광발전소,,전북특별자치도 남원시 사매면 대율리 812-7,,,,정상가동,29.1,380,60,2021,,,,,2025-11-03
박현미1호 태양광발전소,,전북특별자치도 남원시 사매면 대율리 812-7,,,,정상가동,99,380,60,2023,,,,,2025-11-03
박현미2호 태양광발전소,,전북특별자치도 남원시 사매면 대율리 812-7,,,,정상가동,99,380,60,2023,,,,,2025-11-03
박현미3호 태양광발전소,,전북특별자치도 남원시 사매면 대율리 812-7,,,,정상가동,99,380,60,2023,,,,,2025-11-03
소망스2태양광발전소,,전북특별자치도 남원시 보절면 황벌리 365-1,,,,정상가동,29.05,380,60,2021,,,,,2025-11-03
삼남태양광발전소,,전북특별자치도 남원시 고죽동 453-5,,,,정상가동,99.76,380,60,2024,,,,,2025-11-03
영석태양광발전소,,전북특별자치도 남원시 고죽동 453-1,,,,정상가동,99.76,380,60,2023,,,,,2025-11-03
사석2태양광발전소,,전북특별자치도 남원시 대강면 사석리 236-2,,,,정상가동,99.96,380,60,2024,,,,,2025-11-03
인범3태양광발전소,,전북특별자치도 남원시 대강면 사석리 234,,,,정상가동,99.96,380,60,2024,,,,,2025-11-03
사석3태양광발전소,,전북특별자치도 남원시 대강면 사석리 234,,,,정상가동,99.96,380,60,2021,,,,,2025-11-03
명진1호발전소,,전북특별자치도 남원시 사매면 월평리 75-1,,,,정상가동,64.08,380,60,2021,,,,,2025-11-03
명진2호발전소,,전북특별자치도 남원시 사매면 월평리 91,,,,정상가동,99.68,380,60,2023,,,,,2025-11-03
북천1호태양광발전소,,전북특별자치도 남원시 운봉읍 북천리 381-15,,,,정상가동,99,380,60,2022,,,,,2025-11-03
동대원태양광발전소,,전북특별자치도 남원시 운봉읍 북천리 381-17,,,,정상가동,99,380,60,2022,,,,,2025-11-03
성이1호태양광발전소,,전북특별자치도 남원시 운봉읍 북천리 381-1,,,,정상가동,99,380,60,2022,,,,,2025-11-03
성이2호태양광발전소,,전북특별자치도 남원시 운봉읍 북천리 381-1,,,,정상가동,99,380,60,2022,,,,,2025-11-03
운교5호태양광발전소,,전북특별자치도 남원시 대산면 운교리 28,,,,정상가동,19.44,380,60,2021,,,,,2025-11-03
서일1호태양광발전소,전북특별자치도 남원시 아영면 서정윗길 38,,,,,정상가동,99.96,380,60,2022,,,,,2025-11-03
서일2호태양광발전소,전북특별자치도 남원시 아영면 서정윗길 39,,,,,정상가동,99.96,380,60,2022,,,,,2025-11-03
석강태양광발전소,,전북특별자치도 남원시 이백면 초촌리 304,,,,정상가동,99,380,60,2022,,,,,2025-11-03
행복1호태양광발전소,,전북특별자치도 남원시 인월면 취암리 414-2,,,,정상가동,99,380,60,2021,,,,,2025-11-03
사촌에너지3호태양광발전소,,전북특별자치도 남원시 보절면 사촌리 30-15,,,,정상가동,499.99,22900,60,2023,,,,,2025-11-03
은주태양광발전소,,전북특별자치도 남원시 광치동 618-10,,,,정상가동,17.64,220,60,2021,,,,,2025-11-03
신광남원38호태양광발전소,,전북특별자치도 남원시 대강면 평촌리 408-18,,,,정상가동,99.45,380,60,2022,,,,,2025-11-03
초삼2호태양광발전소,,전북특별자치도 남원시 대강면 평촌리 408-18,,,,정상가동,99.45,380,60,2022,,,,,2025-11-03
신광남원37호태양광발전소,,전북특별자치도 남원시 대강면 평촌리 408-18,,,,정상가동,99.45,380,60,2022,,,,,2025-11-03
AONE2호,,전북특별자치도 남원시 대강면 평촌리 408-18,,,,정상가동,99.45,380,60,2022,,,,,2025-11-03
다금태양광발전소,,전북특별자치도 남원시 대강면 평촌리 408-18,,,,정상가동,99.45,380,60,2022,,,,,2025-11-03
신광남원36호태양광발전소,,전북특별자치도 남원시 대강면 평촌리 408-1,,,,정상가동,99.45,380,60,2022,,,,,2025-11-03
신광남원35호태양광발전소,,전북특별자치도 남원시 대강면 평촌리 408-1,,,,정상가동,99.45,380,60,2022,,,,,2025-11-03
신광남원34호태양광발전소,,전북특별자치도 남원시 대강면 평촌리 408-1,,,,정상가동,99.45,380,60,2022,,,,,2025-11-03
신광남원33호태양광발전소,,전북특별자치도 남원시 대강면 평촌리 408-1,,,,정상가동,99.45,380,60,2022,,,,,2025-11-03
신광남원32호태양광발전소,,전북특별자치도 남원시 대강면 평촌리 408-1,,,,정상가동,99.45,380,60,2022,,,,,2025-11-03
우성팜태양광발전소,,전북특별자치도 남원시 내척동 368-4,,,,정상가동,99.6,380,60,2021,,,,,2025-11-03
무한태양광발전소,,전북특별자치도 남원시 보절면 진기리 1461-7,,,,정상가동,498.12,380,60,2024,,,,,2025-11-03
신기3호에너지,,전북특별자치도 남원시 운봉읍 신기리 755-2,,,,정상가동,99.18,380,60,2022,,,,,2025-11-03
청담신기태양광발전소,,전북특별자치도 남원시 운봉읍 신기리 755,,,,정상가동,99.18,380,60,2022,,,,,2025-11-03
신기1호에너지,,전북특별자치도 남원시 운봉읍 신기리 755-4,,,,정상가동,91.35,380,60,2022,,,,,2025-11-03
신기2호에너지,,전북특별자치도 남원시 운봉읍 신기리 755-3,,,,정상가동,99.18,380,60,2022,,,,,2025-11-03
신화1호태양광발전소,,전북특별자치도 남원시 운봉읍 신기리 809-2,,,,정상가동,99.76,380,60,2024,,,,,2025-11-03
신화2호태양광발전소,,전북특별자치도 남원시 운봉읍 신기리 809-2,,,,정상가동,99.76,380,60,2024,,,,,2025-11-03
서현태양광발전소,,전북특별자치도 남원시 주생면 상동리 242-1,,,,정상가동,69,380,60,2022,,,,,2025-11-03
만희2호태양광발전소,,전북특별자치도 남원시 주생면 내동리 636-1,,,,정상가동,52.325,380,60,2022,,,,,2025-11-03
선탑태양광발전소,,전북특별자치도 남원시 금지면 상신리 521-19,,,,정상가동,99.9,380,60,2024,,,,,2025-11-03
성희태양광발전소,,전북특별자치도 남원시 금지면 상신리 521-19,,,,정상가동,99.9,380,60,2024,,,,,2025-11-03
하나태양광발전소,,전북특별자치도 남원시 운봉읍 화수리 483,,,,정상가동,99,380,60,2022,,,,,2025-11-03
은혜태양광발전소,,전북특별자치도 남원시 운봉읍 화수리 483,,,,정상가동,99,380,60,2022,,,,,2025-11-03
한울태양광발전소,,전북특별자치도 남원시 산동면 태평리 415-1,,,,정상가동,499.8,380,60,2022,,,,,2025-11-03
부기발전소,,전북특별자치도 남원시 송동면 송기리 608,,,,정상가동,99.68,380,60,2022,,,,,2025-11-03
수만발전소,,전북특별자치도 남원시 운봉읍 신기리 680-5,,,,정상가동,99.68,380,60,2023,,,,,2025-11-03
상문발전소,,전북특별자치도 남원시 운봉읍 신기리 680-4,,,,정상가동,99.68,380,60,2024,,,,,2025-11-03
덕양발전소,,전북특별자치도 남원시 운봉읍 신기리 680-2,,,,정상가동,99.68,380,60,2024,,,,,2025-11-03
다온3호발전소,,전북특별자치도 남원시 운봉읍 신기리 680-6,,,,정상가동,99.68,380,60,2023,,,,,2025-11-03
행운태양광발전소1호,,전북특별자치도 남원시 송동면 장국리 758-1,,,,정상가동,99.96,380,60,2023,,,,,2025-11-03
행운태양광발전소2호,,전북특별자치도 남원시 송동면 장국리 759-1,,,,정상가동,99.96,380,60,2023,,,,,2025-11-03
벧엘태양광발전소,,전북특별자치도 남원시 이백면 척문리 25,,,,정상가동,26.88,380,60,2024,,,,,2025-11-03
목동4호태양광발전소,,전북특별자치도 남원시 산동면 목동리 604-10,,,,정상가동,99,380,60,2022,,,,,2025-11-03
서정태양광발전소,,전북특별자치도 남원시 아영면 의지리 366-1,,,,정상가동,97.18,380,60,2024,,,,,2025-11-03
풍광1호태양광발전소,,전북특별자치도 남원시 대산면 풍촌리 218-5,,,,정상가동,99.94,380,60,2022,,,,,2025-11-03
풍광2호태양광발전소,,전북특별자치도 남원시 대산면 풍촌리 218-1,,,,정상가동,99.94,380,60,2022,,,,,2025-11-03
풍광3호태양광발전소,,전북특별자치도 남원시 대산면 풍촌리 218-6,,,,정상가동,99.94,380,60,2022,,,,,2025-11-03
범수태양광발전소,,전북특별자치도 남원시 내척동 580,,,,정상가동,99.51,380,60,2022,,,,,2025-11-03
우호태양광발전소,,전북특별자치도 남원시 내척동 580-2,,,,정상가동,99.51,380,60,2022,,,,,2025-11-03
울타리1호태양광발전소,,전북특별자치도 남원시 사매면 계수리 676-2,,,,정상가동,99,380,60,2023,,,,,2025-11-03
울타리2호태양광발전소,,전북특별자치도 남원시 사매면 계수리 676-2,,,,정상가동,99,380,60,2023,,,,,2025-11-03
울타리3호태양광발전소,,전북특별자치도 남원시 사매면 계수리 676-2,,,,정상가동,99,380,60,2023,,,,,2025-11-03
울타리4호태양광발전소,,전북특별자치도 남원시 사매면 계수리 676-2,,,,정상가동,99,380,60,2023,,,,,2025-11-03
바이오1호태양광발전소,,전북특별자치도 남원시 대산면 풍촌리 260-1,,,,정상가동,99.96,380,60,2021,,,,,2025-11-03
바이오2호태양광발전소,,전북특별자치도 남원시 대산면 풍촌리 260-1,,,,정상가동,99.96,380,60,2021,,,,,2025-11-03
바이오3호태양광발전소,,전북특별자치도 남원시 대산면 풍촌리 260-1,,,,정상가동,49.98,380,60,2021,,,,,2025-11-03
대성1호태양광발전소,,전북특별자치도 남원시 인월면 성산리 176-111,,,,정상가동,99.76,380,60,2023,,,,,2025-11-03
대성2호태양광발전소,,전북특별자치도 남원시 인월면 성산리 176-111,,,,정상가동,94.6,380,60,2023,,,,,2025-11-03
HK태양광발전소,,전북특별자치도 남원시 보절면 성시리 248-2,,,,정상가동,99.96,380,60,2024,,,,,2025-11-03
남원세화1호태양광발전소,,전북특별자치도 남원시 보절면 성시리 248-2,,,,정상가동,99.96,380,60,2024,,,,,2025-11-03
장봉님태양광발전소,,전북특별자치도 남원시 보절면 진기리 960,,,,정상가동,18.9,380,60,2021,,,,,2025-11-03
MS태양광발전소,,전북특별자치도 남원시 주생면 낙동리 666,,,,정상가동,99.96,380,60,2022,,,,,2025-11-03
남원세화2호태양광발전소,,전북특별자치도 남원시 주생면 낙동리 666,,,,정상가동,99.96,380,60,2022,,,,,2025-11-03
중송2호태양광발전소,전북특별자치도 남원시 주천면 쑥고개로 592-21,,,,,정상가동,99.5,380,60,2021,,,,,2025-11-03
중송3호태양광발전소,전북특별자치도 남원시 주천면 쑥고개로 592-21,,,,,정상가동,99.5,380,60,2021,,,,,2025-11-03
소망스4태양광발전소,,전북특별자치도 남원시 보절면 황벌리 365-6,,,,정상가동,29.05,380,60,2024,,,,,2025-11-03
원일1호태양광발전소,,전북특별자치도 남원시 주천면 배덕리 277-2,,,,정상가동,99,380,60,2022,,,,,2025-11-03
대성1호태양광발전소,,전북특별자치도 남원시 주천면 배덕리 277-2,,,,정상가동,99,380,60,2022,,,,,2025-11-03
대성2호태양광발전소,,전북특별자치도 남원시 주천면 배덕리 277-2,,,,정상가동,99,380,60,2022,,,,,2025-11-03
영순에너지,,전북특별자치도 남원시 주생면 도산리 716,,,,정상가동,98.7,380,60,2022,,,,,2025-11-03
철희2호태양광발전소,,전북특별자치도 남원시 덕과면 만도리 76-2,,,,정상가동,99.88,380,60,2022,,,,,2025-11-03
정규2호태양광발전소,,전북특별자치도 남원시 덕과면 만도리 77-1,,,,정상가동,99.88,380,60,2022,,,,,2025-11-03
유미2호태양광발전소,,전북특별자치도 남원시 덕과면 만도리 76,,,,정상가동,99.88,380,60,2022,,,,,2025-11-03
탑그린1호태양광발전소,,전북특별자치도 남원시 금지면 택내리 1008-2,,,,정상가동,99,380,60,2024,,,,,2025-11-03
탑그린2호태양광발전소,,전북특별자치도 남원시 금지면 택내리 1008-2,,,,정상가동,99,380,60,2024,,,,,2025-11-03
숙태양광발전소,,전북특별자치도 남원시 식정동 3-5,,,,정상가동,29.92,380,60,2021,,,,,2025-11-03
경원태양광발전소,,전북특별자치도 남원시 대산면 길곡리 107,,,,정상가동,99.36,380,60,2023,,,,,2025-11-03
혼불태양광발전소,,전북특별자치도 남원시 대산면 길곡리 107,,,,정상가동,99.36,380,60,2023,,,,,2025-11-03
선유2태양광발전소,,전북특별자치도 남원시 수지면 호곡리 432 외 4필지,,,,정상가동,99,380,60,2024,,,,,2025-11-03
태선3태양광발전소,,전북특별자치도 남원시 대산면 수덕리 743-1,,,,정상가동,99.19,380,60,2023,,,,,2025-11-03
태선4태양광발전소,,전북특별자치도 남원시 대산면 수덕리 743-2,,,,정상가동,49.595,380,60,2023,,,,,2025-11-03
매산태양광발전소,,전북특별자치도 남원시 아영면 인풍리 805,,,,정상가동,15,380,60,2021,,,,,2025-11-03
행운태양광발전소4호,,전북특별자치도 남원시 송동면 장국리 758,,,,정상가동,99.96,380,60,2023,,,,,2025-11-03
은남1호태양광발전소,,전북특별자치도 남원시 수지면 산정리 73-1,,,,정상가동,99.88,380,60,2023,,,,,2025-11-03
경훈1호태양광발전소,,전북특별자치도 남원시 수지면 산정리 60,,,,정상가동,99.88,380,60,2023,,,,,2025-11-03
철희1호태양광발전소,,전북특별자치도 남원시 수지면 산정리 73-3,,,,정상가동,99.88,380,60,2023,,,,,2025-11-03
신계태양광발전소,,전북특별자치도 남원시 대산면 신계리 311,,,,정상가동,99.94,380,60,2022,,,,,2025-11-03
인기발전소,,전북특별자치도 남원시 수지면 고평리 1605,,,,정상가동,99.68,380,60,2022,,,,,2025-11-03
광야2태양광발전소,,전북특별자치도 남원시 아영면 일대리 2-11,,,,정상가동,91.56,380,60,2023,,,,,2025-11-03
재원1호태양광발전소,,전북특별자치도 남원시 아영면 일대리 436-10,,,,정상가동,99.96,380,60,2023,,,,,2025-11-03
진향5호태양광발전소,,전북특별자치도 남원시 내척동 653,,,,정상가동,99.9,380,60,2023,,,,,2025-11-03
사석1호태양광발전소,,전북특별자치도 남원시 대강면 사석리 1487-21,,,,정상가동,99.3,380,60,2021,,,,,2025-11-03
사석2호태양광발전소,,전북특별자치도 남원시 대강면 사석리 1487-21,,,,정상가동,99.3,380,60,2021,,,,,2025-11-03
사석3호태양광발전소,,전북특별자치도 남원시 대강면 사석리 1487-21,,,,정상가동,99.3,380,60,2021,,,,,2025-11-03
사석4호태양광발전소,,전북특별자치도 남원시 대강면 사석리 1487-21,,,,정상가동,99.3,380,60,2021,,,,,2025-11-03
옥율1호태양광발전소,,전북특별자치도 남원시 대산면 옥율리 785-7,,,,정상가동,99.3,380,60,2021,,,,,2025-11-03
옥율2호태양광발전소,,전북특별자치도 남원시 대산면 옥율리 785-7,,,,정상가동,99.3,380,60,2021,,,,,2025-11-03
옥율3호태양광발전소,,전북특별자치도 남원시 대산면 옥율리 785-7,,,,정상가동,99.3,380,60,2021,,,,,2025-11-03
옥율4호태양광발전소,,전북특별자치도 남원시 대산면 옥율리 785-7,,,,정상가동,99.3,380,60,2021,,,,,2025-11-03
시우태양광발전소,,전북특별자치도 남원시 보절면 신파리 432,,,,정상가동,49.28,380,60,2023,,,,,2025-11-03
써니태양광발전소,,전북특별자치도 남원시 보절면 신파리 432,,,,정상가동,98.56,380,60,2023,,,,,2025-11-03
솔빛태양광발전소,,전북특별자치도 남원시 보절면 신파리 432,,,,정상가동,98.56,380,60,2023,,,,,2025-11-03
정현태양광발전소,,전북특별자치도 남원시 보절면 신파리 432,,,,정상가동,98.56,380,60,2023,,,,,2025-11-03
이삭태양광발전소,,전북특별자치도 남원시 보절면 신파리 432,,,,정상가동,98.56,380,60,2023,,,,,2025-11-03
척문태양광발전소,,전북특별자치도 남원시 이백면 척문리 25번지,,,,정상가동,27,380,60,2021,,,,,2025-11-03
남원교당태양광발전소,전북특별자치도 남원시 용성로 41-5,,,,,정상가동,17.2,380,60,2022,,,,,2025-11-03
남원농협1호발전소,,전북특별자치도 남원시 고죽동 66-1,,,,정상가동,299.28,22900,60,2022,,,,,2025-11-03
남원농협2호발전소,,전북특별자치도 남원시 고죽동 66,,,,정상가동,296.96,22900,60,2022,,,,,2025-11-03
남원솔라밸리태양광발전소,,전북특별자치도 남원시 이백면 초촌리 12-2,,,,정상가동,600.05,22900,60,2023,,,,,2025-11-03
화성태양광발전소,,전북특별자치도 남원시 인월면 유곡리 300-1,,,,정상가동,99.84,380,60,2022,,,,,2025-11-03
미정태양광발전소,,전북특별자치도 남원시 인월면 유곡리 300-2,,,,정상가동,99.84,380,60,2022,,,,,2025-11-03
석복01호태양광발전소,,전북특별자치도 남원시 보절면 사촌리 602-1,,,,정상가동,99.84,380,60,2022,,,,,2025-11-03
석복02호태양광발전소,,전북특별자치도 남원시 보절면 사촌리 602-1,,,,정상가동,99.84,380,60,2022,,,,,2025-11-03
석복03호태양광발전소,,전북특별자치도 남원시 보절면 사촌리 12,,,,정상가동,99.84,380,60,2022,,,,,2025-11-03
석복04호태양광발전소,,전북특별자치도 남원시 보절면 사촌리 12,,,,정상가동,99.84,380,60,2022,,,,,2025-11-03
석복05호태양광발전소,,전북특별자치도 남원시 보절면 사촌리 12,,,,정상가동,99.84,380,60,2022,,,,,2025-11-03
동편제태양광발전소,,전북특별자치도 남원시 운봉읍 화수리 461-22,,,,정상가동,99.76,380,60,2022,,,,,2025-11-03
판소리태양광발전소,,전북특별자치도 남원시 운봉읍 화수리 461-22,,,,정상가동,99.76,380,60,2022,,,,,2025-11-03
재형태양광발전소,,전북특별자치도 남원시 보절면 사촌리 629-8,,,,정상가동,19.8,220,60,2021,,,,,2025-11-03
참한우3호태양광발전소,,전북특별자치도 남원시 아영면 일대리 368,,,,정상가동,99.96,380,60,2022,,,,,2025-11-03
참5호태양광발전소,,전북특별자치도 남원시 아영면 일대리 31-3,,,,정상가동,99.96,380,60,2022,,,,,2025-11-03
승민태양광발전소,,전북특별자치도 남원시 이백면 서곡리 237,,,,정상가동,99.51,380,60,2022,,,,,2025-11-03
진남태양광발전소,,전북특별자치도 남원시 이백면 서곡리 237-3,,,,정상가동,99.51,380,60,2022,,,,,2025-11-03
효영태양광발전소,,전북특별자치도 남원시 사매면 계수리 278-2,,,,정상가동,94.64,380,60,2024,,,,,2025-11-03
근영태양광발전소,,전북특별자치도 남원시 대산면 길곡리 102,,,,정상가동,99.68,380,60,2022,,,,,2025-11-03
은아태양광발전소,,전북특별자치도 남원시 대산면 길곡리 102,,,,정상가동,99.68,380,60,2022,,,,,2025-11-03
김종문태양광발전소,,전북특별자치도 남원시 향교동 969-3,,,,정상가동,69.72,380,60,2022,,,,,2025-11-03
미하7호태양광발전소,,전북특별자치도 남원시 이백면 효기리 488-2,,,,정상가동,99.6,380,60,2024,,,,,2025-11-03
미하9호태양광발전소,,전북특별자치도 남원시 이백면 효기리 488,,,,정상가동,99.6,380,60,2024,,,,,2025-11-03
성시1호태양광발전소,,전북특별자치도 남원시 보절면 성시리 23-27,,,,정상가동,99,380,60,2023,,,,,2025-11-03
성시2호태양광발전소,,전북특별자치도 남원시 보절면 성시리 23-27,,,,정상가동,99,380,60,2024,,,,,2025-11-03
테라3호태양광발전소,,전북특별자치도 남원시 주생면 낙동리 754-2,,,,정상가동,26.88,380,60,2022,,,,,2025-11-03
테라4호태양광발전소,,전북특별자치도 남원시 주생면 낙동리 754-3,,,,정상가동,26.88,380,60,2022,,,,,2025-11-03
신양리유미1호태양광발전소,,전북특별자치도 남원시 덕과면 신양리 646-1,,,,정상가동,99.88,380,60,2023,,,,,2025-11-03
재규3호태양광발전소,,전북특별자치도 남원시 덕과면 신양리 646-4,,,,정상가동,99.88,380,60,2023,,,,,2025-11-03
규자3호태양광발전소,,전북특별자치도 남원시 덕과면 신양리 646-5,,,,정상가동,99.88,380,60,2023,,,,,2025-11-03
신양리만규1호태양광발전소,,전북특별자치도 남원시 덕과면 신양리 646-7,,,,정상가동,99.88,380,60,2023,,,,,2025-11-03
현규1호태양광발전소,,전북특별자치도 남원시 덕과면 신양리 646-3,,,,정상가동,99.88,380,60,2023,,,,,2025-11-03
홍순태양광발전소,,전북특별자치도 남원시 보절면 황벌리 909,,,,정상가동,55.2,380,60,2024,,,,,2025-11-03
참6호태양광발전소,,전북특별자치도 남원시 아영면 일대리 31-12,,,,정상가동,99.96,380,60,2022,,,,,2025-11-03
월탄1호태양광발전소,,전북특별자치도 남원시 대강면 월탄리 70,,,,정상가동,999,22900,60,2024,,,,,2025-11-03
타밀1호태양광발전소,,전북특별자치도 남원시 보절면 사촌리 13,,,,정상가동,99.96,380,60,2022,,,,,2025-11-03
남계1태양광발전소,,전북특별자치도 남원시 이백면 남계리 1111-1,,,,정상가동,99.45,380,60,2022,,,,,2025-11-03
솔찬태양광발전소,,전북특별자치도 남원시 보절면 금다리 681-33,,,,정상가동,99.75,380,60,2023,,,,,2025-11-03
도원1호태양광발전소,,전북특별자치도 남원시 보절면 성시리 300-1,,,,정상가동,99.96,380,60,2022,,,,,2025-11-03
그린피스태양광발전소,,전북특별자치도 남원시 보절면 성시리 300-1,,,,정상가동,99.96,380,60,2022,,,,,2025-11-03
일광태양광발전소,,전북특별자치도 남원시 보절면 성시리 300-1,,,,정상가동,99.96,380,60,2022,,,,,2025-11-03
고당3호태양광발전소,,전북특별자치도 남원시 보절면 성시리 246-2,,,,정상가동,99.96,380,60,2022,,,,,2025-11-03
고당2호태양광발전소,,전북특별자치도 남원시 보절면 성시리 246-2,,,,정상가동,99.96,380,60,2022,,,,,2025-11-03
동성태양광발전소,,전북특별자치도 남원시 아영면 일대리 468-12,,,,정상가동,499.84,380,60,2022,,,,,2025-11-03
강무태양광발전소,,전북특별자치도 남원시 사매면 서도리 646-1,,,,정상가동,76.5,380,60,2023,,,,,2025-11-03
해자태양광발전소,,전북특별자치도 남원시 아영면 일대리 444-13,,,,정상가동,99.84,380,60,2022,,,,,2025-11-03
해자2호태양광발전소,,전북특별자치도 남원시 아영면 일대리 444-13,,,,정상가동,99.84,380,60,2022,,,,,2025-11-03
해자3호태양광발전소,,전북특별자치도 남원시 아영면 일대리 444-13,,,,정상가동,99.84,380,60,2022,,,,,2025-11-03
보은1호태양광발전소,,전북특별자치도 남원시 아영면 일대리 444-13,,,,정상가동,99.84,380,60,2022,,,,,2025-11-03
보은3호태양광발전소,,전북특별자치도 남원시 아영면 일대리 444-13,,,,정상가동,99.84,380,60,2022,,,,,2025-11-03
아영2호태양광발전소,,전북특별자치도 남원시 아영면 일대리 444-13,,,,정상가동,99.84,380,60,2022,,,,,2025-11-03
아상2호태양광발전소,,전북특별자치도 남원시 아영면 일대리 444-13,,,,정상가동,99.84,380,60,2022,,,,,2025-11-03
아선2호태양광발전소,,전북특별자치도 남원시 아영면 일대리 444-13,,,,정상가동,99.84,380,60,2022,,,,,2025-11-03
재원9호태양광발전소,,전북특별자치도 남원시 아영면 일대리 444-13,,,,정상가동,99.84,380,60,2022,,,,,2025-11-03
재원10호태양광발전소,,전북특별자치도 남원시 아영면 일대리 444-13,,,,정상가동,99.84,380,60,2022,,,,,2025-11-03
정영1호태양광발전소,,전북특별자치도 남원시 인월면 건지리 27,,,,정상가동,99.9,380,60,2022,,,,,2025-11-03
정영2호태양광발전소,,전북특별자치도 남원시 인월면 건지리 27,,,,정상가동,99.9,380,60,2022,,,,,2025-11-03
삼화1호태양광발전소,,전북특별자치도 남원시 산내면 입석리 613-1,,,,정상가동,99.9,380,60,2022,,,,,2025-11-03
삼화2호태양광발전소,,전북특별자치도 남원시 산내면 입석리 613-1,,,,정상가동,99.9,380,60,2022,,,,,2025-11-03
삼화3호태양광발전소,,전북특별자치도 남원시 산내면 입석리 613-1,,,,정상가동,99.9,380,60,2022,,,,,2025-11-03
은천1호태양광발전소,,전북특별자치도 남원시 보절면 신파리 429,,,,정상가동,99.96,380,60,2024,,,,,2025-11-03
은천2호태양광발전소,,전북특별자치도 남원시 보절면 신파리 429,,,,정상가동,99.96,380,60,2024,,,,,2025-11-03
은천3호태양광발전소,,전북특별자치도 남원시 보절면 신파리 429,,,,정상가동,99.96,380,60,2024,,,,,2025-11-03
하니1호태양광발전소,,전북특별자치도 남원시 대강면 월탄리 691-4,,,,정상가동,99.96,380,60,2024,,,,,2025-11-03
하니2호태양광발전소,,전북특별자치도 남원시 대강면 월탄리 691-5,,,,정상가동,99.96,380,60,2024,,,,,2025-11-03
하니3호태양광발전소,,전북특별자치도 남원시 대강면 월탄리 691-6,,,,정상가동,99.96,380,60,2024,,,,,2025-11-03
하니4호태양광발전소,,전북특별자치도 남원시 대강면 월탄리 691-7,,,,정상가동,99.96,380,60,2024,,,,,2025-11-03
평촌01호태양광발전소,,전북특별자치도 남원시 대강면 평촌리 16-3,,,,정상가동,99.88,380,60,2021,,,,,2025-11-03
평촌02호태양광발전소,,전북특별자치도 남원시 대강면 평촌리 16-2,,,,정상가동,99.88,380,60,2021,,,,,2025-11-03
평촌03호태양광발전소,,전북특별자치도 남원시 대강면 평촌리 16-1,,,,정상가동,99.88,380,60,2021,,,,,2025-11-03
평촌04호태양광발전소,,전북특별자치도 남원시 대강면 평촌리 16,,,,정상가동,99.88,380,60,2021,,,,,2025-11-03
미하5호태양광발전소,전북특별자치도 남원시 이백면 장백산로 393-4,,,,,정상가동,49.875,380,60,2022,,,,,2025-11-03
구상6호태양광발전소,,전북특별자치도 남원시 아영면 구상리 358-10,,,,정상가동,29.25,380,60,2024,,,,,2025-11-03
구상7호태양광발전소,,전북특별자치도 남원시 아영면 구상리 358-11,,,,정상가동,29.25,380,60,2024,,,,,2025-11-03
남창1호태양광발전소,,전북특별자치도 남원시 수지면 남창리 120,,,,정상가동,98.56,380,60,2023,,,,,2025-11-03
남창2호태양광발전소,,전북특별자치도 남원시 수지면 남창리 120,,,,정상가동,98.56,380,60,2023,,,,,2025-11-03
남창4호태양광발전소,,전북특별자치도 남원시 수지면 남창리 120,,,,정상가동,98.56,380,60,2023,,,,,2025-11-03
남창5호태양광발전소,,전북특별자치도 남원시 수지면 남창리 120,,,,정상가동,98.56,380,60,2024,,,,,2025-11-03
남창6호태양광발전소,,전북특별자치도 남원시 수지면 남창리 120,,,,정상가동,98.56,380,60,2024,,,,,2025-11-03
입암01호태양광발전소,,전북특별자치도 남원시 대강면 입암리 23-1,,,,정상가동,99.88,380,60,2021,,,,,2025-11-03
입암02호태양광발전소,,전북특별자치도 남원시 대강면 입암리 23-1,,,,정상가동,99.88,380,60,2021,,,,,2025-11-03
입암03호태양광발전소,,전북특별자치도 남원시 대강면 입암리 23-1,,,,정상가동,99.88,380,60,2021,,,,,2025-11-03
소용수2호 태양광발전소,,전북특별자치도 남원시 사매면 대율리 812-7,,,,정상가동,29.04,380,60,2021,,,,,2025-11-03
(유)고덕에너지태양광발전소,,전북특별자치도 남원시 내척동 659,,,,정상가동,99.88,380,60,2022,,,,,2025-11-03
(유)신유에너지태양광발전소,,전북특별자치도 남원시 내척동 659,,,,정상가동,99.88,380,60,2022,,,,,2025-11-03
(유)영통에너지태양광발전소,,전북특별자치도 남원시 내척동 661,,,,정상가동,99.88,380,60,2022,,,,,2025-11-03
(유)송탄에너지태양광발전소,,전북특별자치도 남원시 내척동 661,,,,정상가동,99.88,380,60,2022,,,,,2025-11-03
신흥태양광발전소,,전북특별자치도 남원시 산동면 목동리 609-12,,,,정상가동,499.5,380,60,2022,,,,,2025-11-03
강남2호태양광발전소,,전북특별자치도 남원시 사매면 월평리 940-5,,,,정상가동,99.68,380,60,2023,,,,,2025-11-03
각골3호태양광발전소,,전북특별자치도 남원시 덕과면 사율리 691-2,,,,정상가동,99.36,380,60,2023,,,,,2025-11-03
각골4호태양광발전소,,전북특별자치도 남원시 덕과면 사율리 691-2,,,,정상가동,19.32,380,60,2023,,,,,2025-11-03
다원8호태양광발전소,,전북특별자치도 남원시 대산면 운교리 874-5,,,,정상가동,98.28,380,60,2021,,,,,2025-11-03
다원9호태양광발전소,,전북특별자치도 남원시 대산면 운교리 874-5,,,,정상가동,98.28,380,60,2021,,,,,2025-11-03
영선발전소,,전북특별자치도 남원시 주생면 도산리 296-1,,,,정상가동,19.8,380,60,2022,,,,,2025-11-03
마호2호태양광발전소,,전북특별자치도 남원시 수지면 고평리 1681-3,,,,정상가동,99.9,380,60,2023,,,,,2025-11-03
마호3호태양광발전소,,전북특별자치도 남원시 수지면 고평리 1681-3,,,,정상가동,30,380,60,2021,,,,,2025-11-03
노승환태양광2호,,전북특별자치도 남원시 주천면 장안리 63-3,,,,정상가동,14.72,380,60,2021,,,,,2025-11-03
아영인성태양광발전소,,전북특별자치도 남원시 아영면 봉대리 427-3,,,,정상가동,99,380,60,2022,,,,,2025-11-03
아영강미태양광발전소,,전북특별자치도 남원시 아영면 봉대리 427-1,,,,정상가동,99,380,60,2022,,,,,2025-11-03
청명1태양광발전소,,전북특별자치도 남원시 아영면 봉대리 427,,,,정상가동,99,380,60,2022,,,,,2025-11-03
남용명태양광발전소,,전북특별자치도 남원시 아영면 봉대리 427-2,,,,정상가동,99,380,60,2022,,,,,2025-11-03
스카이태양광발전소,,전북특별자치도 남원시 향교동 779,,,,정상가동,38.08,380,60,2023,,,,,2025-11-03
정영4호태양광발전소,,전북특별자치도 남원시 인월면 건지리 26-1,,,,정상가동,99.84,380,60,2022,,,,,2025-11-03
정영5호태양광발전소,,전북특별자치도 남원시 인월면 건지리 26-1,,,,정상가동,99.84,380,60,2022,,,,,2025-11-03
정영6호태양광발전소,,전북특별자치도 남원시 인월면 건지리 26-1,,,,정상가동,99.84,380,60,2022,,,,,2025-11-03
남원방동태양광발전소,,전북특별자치도 남원시 대강면 방동리 1308,,,,정상가동,496.8,380,60,2024,,,,,2025-11-03
송가8호태양광발전소,,전북특별자치도 남원시 대강면 송대리 731-4,,,,정상가동,99,380,60,2023,,,,,2025-11-03
서령태양광발전소,,전북특별자치도 남원시 대강면 송대리 731-3,,,,정상가동,99,380,60,2023,,,,,2025-11-03
여지태양광발전소,,전북특별자치도 남원시 대강면 송대리 731,,,,정상가동,99,380,60,2023,,,,,2025-11-03
정신남원태양광발전소,,전북특별자치도 남원시 대강면 송대리 733,,,,정상가동,99,380,60,2023,,,,,2025-11-03
태광태양광발전소,,전북특별자치도 남원시 대강면 송대리 733-1,,,,정상가동,99,380,60,2023,,,,,2025-11-03
에스에이치3호,,전북특별자치도 남원시 대강면 송대리 731-2,,,,정상가동,99,380,60,2023,,,,,2025-11-03
아상3호태양광발전소,,전북특별자치도 남원시 아영면 일대리 산33-7,,,,정상가동,99.84,380,60,2022,,,,,2025-11-03
아상1호태양광발전소,,전북특별자치도 남원시 아영면 일대리 산33-7,,,,정상가동,99.84,380,60,2022,,,,,2025-11-03
아선1호태양광발전소,,전북특별자치도 남원시 아영면 일대리 산33-7,,,,정상가동,99.84,380,60,2022,,,,,2025-11-03
아진2호태양광발전소,,전북특별자치도 남원시 아영면 일대리 산33-7,,,,정상가동,99.84,380,60,2022,,,,,2025-11-03
아진1호태양광발전소,,전북특별자치도 남원시 아영면 일대리 산33-7,,,,정상가동,99.84,380,60,2022,,,,,2025-11-03
아선3호태양광발전소,,전북특별자치도 남원시 아영면 일대리 산33-7,,,,정상가동,99.84,380,60,2022,,,,,2025-11-03
아미1호태양광발전소,,전북특별자치도 남원시 아영면 일대리 산33-7,,,,정상가동,99.84,380,60,2022,,,,,2025-11-03
아미2호태양광발전소,,전북특별자치도 남원시 아영면 일대리 산33-7,,,,정상가동,99.84,380,60,2022,,,,,2025-11-03
아영3호태양광발전소,,전북특별자치도 남원시 아영면 일대리 산33-7,,,,정상가동,99.84,380,60,2022,,,,,2025-11-03
아영1호태양광발전소,,전북특별자치도 남원시 아영면 일대리 산33-7,,,,정상가동,99.84,380,60,2022,,,,,2025-11-03
해자1호태양광발전소,,전북특별자치도 남원시 아영면 일대리 산33-7,,,,정상가동,99.84,380,60,2022,,,,,2025-11-03
아준1호태양광발전소,,전북특별자치도 남원시 아영면 일대리 산33-7,,,,정상가동,99.84,380,60,2022,,,,,2025-11-03
아정1호태양광발전소,,전북특별자치도 남원시 아영면 일대리 산33-7,,,,정상가동,99.84,380,60,2022,,,,,2025-11-03
보은2호태양광발전소,,전북특별자치도 남원시 아영면 일대리 산33-7,,,,정상가동,99.84,380,60,2022,,,,,2025-11-03
상화1호태양광발전소,,전북특별자치도 남원시 아영면 일대리 산33-7,,,,정상가동,99.84,380,60,2022,,,,,2025-11-03
재원8호태양광발전소,,전북특별자치도 남원시 아영면 일대리 산33-7,,,,정상가동,99.84,380,60,2022,,,,,2025-11-03
비전농장1호태양광발전소,,전북특별자치도 남원시 운봉읍 권포리 720-10,,,,정상가동,99.44,380,60,2024,,,,,2025-11-03
비전농장2호태양광발전소,,전북특별자치도 남원시 운봉읍 권포리 720-10,,,,정상가동,99.44,380,60,2024,,,,,2025-11-03
비전농장3호태양광발전소,,전북특별자치도 남원시 운봉읍 권포리 720-10,,,,정상가동,99.44,380,60,2024,,,,,2025-11-03
비전농장4호태양광발전소,,전북특별자치도 남원시 운봉읍 권포리 720-10,,,,정상가동,99.44,380,60,2024,,,,,2025-11-03
비전농장5호태양광발전소,,전북특별자치도 남원시 운봉읍 권포리 720-10,,,,정상가동,99.44,380,60,2024,,,,,2025-11-03
덕산태양광발전소,,전북특별자치도 남원시 운봉읍 덕산리 700-3,,,,정상가동,99.45,380,60,2022,,,,,2025-11-03
가장태양광발전소,,전북특별자치도 남원시 운봉읍 덕산리 700-3,,,,정상가동,99.45,380,60,2022,,,,,2025-11-03
김진경태양광발전소,,전북특별자치도 남원시 인월면 건지리 844-8,,,,정상가동,99.825,380,60,2024,,,,,2025-11-03
이정미태양광발전소,,전북특별자치도 남원시 인월면 건지리 844-8,,,,정상가동,99.825,380,60,2024,,,,,2025-11-03
이성배태양광발전소,,전북특별자치도 남원시 인월면 건지리 844-8,,,,정상가동,99.825,380,60,2024,,,,,2025-11-03
이정일1호태양광발전소,,전북특별자치도 남원시 인월면 건지리 844-8,,,,정상가동,99.825,380,60,2024,,,,,2025-11-03
이정일2호태양광발전소,,전북특별자치도 남원시 인월면 건지리 844-8,,,,정상가동,99.825,380,60,2024,,,,,2025-11-03
행복1호,,전북특별자치도 남원시 인월면 서무리 670,,,,정상가동,99,380,60,2023,,,,,2025-11-03
정영3호태양광발전소,,전북특별자치도 남원시 인월면 건지리 431,,,,정상가동,79.68,380,60,2022,,,,,2025-11-03
킹솔라태양광발전소,,전북특별자치도 남원시 주생면 낙동리 644-2,,,,정상가동,799.695,22900,60,2024,,,,,2025-11-03
수태양광발전소,,전북특별자치도 남원시 사매면 서도리 645,,,,정상가동,99.68,380,60,2024,,,,,2025-11-03
순남태양광발전소,,전북특별자치도 남원시 사매면 서도리 643,,,,정상가동,99.68,380,60,2024,,,,,2025-11-03
강무1호발전소,,전북특별자치도 남원시 사매면 서도리 646-7,,,,정상가동,99.68,380,60,2024,,,,,2025-11-03
광성태양광발전소,,전북특별자치도 남원시 사매면 서도리 646-7,,,,정상가동,99.68,380,60,2024,,,,,2025-11-03
덕실1호,,전북특별자치도 남원시 인월면 취암리 9-77,,,,정상가동,99,380,60,2024,,,,,2025-11-03
덕실2호,,전북특별자치도 남원시 인월면 취암리 9-77,,,,정상가동,99,380,60,2024,,,,,2025-11-03
환영1호,,전북특별자치도 남원시 인월면 자래리 438-1,,,,정상가동,99,380,60,2024,,,,,2025-11-03
환영2호,,전북특별자치도 남원시 인월면 자래리 438-1,,,,정상가동,99,380,60,2024,,,,,2025-11-03
환영3호,,전북특별자치도 남원시 인월면 자래리 438-1,,,,정상가동,99,380,60,2024,,,,,2025-11-03
무인태양광발전소,,전북특별자치도 남원시 인월면 성산리 312-12,,,,정상가동,99,380,60,2023,,,,,2025-11-03
서원태양광발전소,,전북특별자치도 남원시 보절면 진기리 1658,,,,정상가동,92.16,380,60,2023,,,,,2025-11-03
기성1호태양광발전소,,전북특별자치도 남원시 보절면 서치리 5,,,,정상가동,99.75,380,60,2022,,,,,2025-11-03
기성2호태양광발전소,,전북특별자치도 남원시 보절면 서치리 5,,,,정상가동,99.75,380,60,2022,,,,,2025-11-03
영미태양광발전소,,전북특별자치도 남원시 보절면 서치리 5,,,,정상가동,99.75,380,60,2022,,,,,2025-11-03
진규태양광발전소,,전북특별자치도 남원시 보절면 서치리 5,,,,정상가동,99.75,380,60,2022,,,,,2025-11-03
다온1호태양광발전소,,전북특별자치도 남원시 운봉읍 행정리 99-9,,,,정상가동,99.84,380,60,2022,,,,,2025-11-03
다온2호태양광발전소,,전북특별자치도 남원시 운봉읍 행정리 99-9,,,,정상가동,99.84,380,60,2022,,,,,2025-11-03
다온3호태양광발전소,,전북특별자치도 남원시 운봉읍 행정리 99-9,,,,정상가동,29.76,380,60,2023,,,,,2025-11-03
다온4호태양광발전소,,전북특별자치도 남원시 운봉읍 행정리 99-9,,,,정상가동,99.84,380,60,2022,,,,,2025-11-03
다온5호태양광발전소,,전북특별자치도 남원시 운봉읍 행정리 99-9,,,,정상가동,69.6,380,60,2022,,,,,2025-11-03
평촌05호태양광발전소,,전북특별자치도 남원시 대강면 평촌리 21-7,,,,정상가동,99.88,380,60,2021,,,,,2025-11-03
평촌06호태양광발전소,,전북특별자치도 남원시 대강면 평촌리 21-8,,,,정상가동,99.88,380,60,2021,,,,,2025-11-03
평촌07호태양광발전소,,전북특별자치도 남원시 대강면 평촌리 21-9,,,,정상가동,99.88,380,60,2021,,,,,2025-11-03
평촌08호태양광발전소,,전북특별자치도 남원시 대강면 평촌리 21-10,,,,정상가동,99.88,380,60,2021,,,,,2025-11-03
평촌09호태양광발전소,,전북특별자치도 남원시 대강면 평촌리 21,,,,정상가동,99.88,380,60,2021,,,,,2025-11-03
왕정태양광발전소,,전북특별자치도 남원시 왕정동 395-5,,,,정상가동,19.32,380,60,2022,,,,,2025-11-03
소연태양광발전소,,전북특별자치도 남원시 대산면 풍촌리 260-9,,,,정상가동,99.96,380,60,2024,,,,,2025-11-03
명성태양광발전소,,전북특별자치도 남원시 대산면 풍촌리 260,,,,정상가동,99.96,380,60,2024,,,,,2025-11-03
경순태양광발전소,,전북특별자치도 남원시 이백면 남계리 904-1,,,,정상가동,15,380,60,2022,,,,,2025-11-03
안심태양광발전소,,전북특별자치도 남원시 이백면 남계리 24-7,,,,정상가동,99.51,380,60,2022,,,,,2025-11-03
두암1호발전소,,전북특별자치도 남원시 인월면 성산리 312-13,,,,정상가동,33.915,380,60,2023,,,,,2025-11-03
두암2호발전소,,전북특별자치도 남원시 인월면 성산리 312-15,,,,정상가동,33.915,380,60,2023,,,,,2025-11-03
매요태양광발전소,,전북특별자치도 남원시 운봉읍 매요리 15-14,,,,정상가동,99.45,380,60,2022,,,,,2025-11-03
동수태양광발전소,,전북특별자치도 남원시 보절면 성시리 43,,,,정상가동,98.8,380,60,2022,,,,,2025-11-03
귀자태양광발전소,,전북특별자치도 남원시 보절면 성시리 43,,,,정상가동,98.8,380,60,2022,,,,,2025-11-03
민식태양광발전소,,전북특별자치도 남원시 보절면 성시리 1,,,,정상가동,98.8,380,60,2022,,,,,2025-11-03
영이태양광발전소,,전북특별자치도 남원시 보절면 성시리 1,,,,정상가동,98.8,380,60,2022,,,,,2025-11-03
희망태양광발전소,,전북특별자치도 남원시 아영면 봉대리 346,,,,정상가동,99.44,380,60,2022,,,,,2025-11-03
희망2태양광발전소,,전북특별자치도 남원시 아영면 봉대리 346,,,,정상가동,99.44,380,60,2022,,,,,2025-11-03
희망3태양광발전소,,전북특별자치도 남원시 아영면 봉대리 346,,,,정상가동,286.44,380,60,2022,,,,,2025-11-03
희망4태양광발전소,,전북특별자치도 남원시 아영면 봉대리 346,,,,정상가동,74.8,380,60,2022,,,,,2025-11-03
만도리현규1호태양광발전소,,전북특별자치도 남원시 덕과면 만도리 886,,,,정상가동,99.88,380,60,2023,,,,,2025-11-03
만도리만규1호태양광발전소,,전북특별자치도 남원시 덕과면 만도리 886-1,,,,정상가동,99.88,380,60,2023,,,,,2025-11-03
형제4호태양광발전소,,전북특별자치도 남원시 덕과면 덕촌리 1394,,,,정상가동,99.36,380,60,2023,,,,,2025-11-03
형제5호태양광발전소,,전북특별자치도 남원시 덕과면 덕촌리 1394,,,,정상가동,99.36,380,60,2023,,,,,2025-11-03
재유4호태양광발전소,,전북특별자치도 남원시 아영면 일대리 448,,,,정상가동,93.6,380,60,2022,,,,,2025-11-03
천리마태양광발전소,,전북특별자치도 남원시 아영면 일대리 448,,,,정상가동,99.84,380,60,2022,,,,,2025-11-03
고니1호태양광발전소,,전북특별자치도 남원시 보절면 금다리 999-2,,,,정상가동,99.66,380,60,2023,,,,,2025-11-03
고니2호태양광발전소,,전북특별자치도 남원시 보절면 금다리 999-2,,,,정상가동,99.66,380,60,2023,,,,,2025-11-03
문규태양광발전소,,전북특별자치도 남원시 송동면 송내리 939-9,,,,정상가동,99.36,380,60,2023,,,,,2025-11-03
대박2태양광발전소,,전북특별자치도 남원시 인월면 취암리 513-19,,,,정상가동,99.44,380,60,2022,,,,,2025-11-03
대박3태양광발전소,,전북특별자치도 남원시 인월면 취암리 513-19,,,,정상가동,99.44,380,60,2022,,,,,2025-11-03
대박4태양광발전소,,전북특별자치도 남원시 인월면 취암리 513-19,,,,정상가동,99.44,380,60,2022,,,,,2025-11-03
대박5태양광발전소,,전북특별자치도 남원시 인월면 취암리 513-19,,,,정상가동,99.44,380,60,2022,,,,,2025-11-03
영태양광발전소,,전북특별자치도 남원시 주천면 송치리 1114,,,,정상가동,99.68,380,60,2023,,,,,2025-11-03
현태양광발전소,,전북특별자치도 남원시 주천면 송치리 1114,,,,정상가동,99.68,380,60,2023,,,,,2025-11-03
대원3호태양광발전소,,전북특별자치도 남원시 주천면 주천리 617-3,,,,정상가동,98.6,380,60,2022,,,,,2025-11-03
대원4호태양광발전소,,전북특별자치도 남원시 주천면 주천리 617-3,,,,정상가동,98.6,380,60,2022,,,,,2025-11-03
대원5호태양광발전소,,전북특별자치도 남원시 주천면 주천리 617-3,,,,정상가동,98.6,380,60,2022,,,,,2025-11-03
신파01호태양광발전소,,전북특별자치도 남원시 보절면 신파리 271-3,,,,정상가동,99.99,380,60,2023,,,,,2025-11-03
신파02호태양광발전소,,전북특별자치도 남원시 보절면 신파리 271-3,,,,정상가동,99.99,380,60,2023,,,,,2025-11-03
가나태양광발전소,,전북특별자치도 남원시 보절면 신파리 431-3,,,,정상가동,98.56,380,60,2023,,,,,2025-11-03
동화태양광발전소,,전북특별자치도 남원시 보절면 신파리 431-2,,,,정상가동,98.56,380,60,2023,,,,,2025-11-03
목동솔라팜태양광발전소,,전북특별자치도 남원시 산동면 목동리 505,,,,정상가동,99.6,380,60,2022,,,,,2025-11-03
남원솔라팜태양광발전소,,전북특별자치도 남원시 산동면 목동리 505-2,,,,정상가동,99.6,380,60,2022,,,,,2025-11-03
솔개1태양광발전소,,전북특별자치도 남원시 수지면 산정리 11,,,,정상가동,99.84,380,60,2023,,,,,2025-11-03
솔개2태양광발전소,,전북특별자치도 남원시 수지면 산정리 11-12,,,,정상가동,99.84,380,60,2023,,,,,2025-11-03
솔개3태양광발전소,,전북특별자치도 남원시 수지면 산정리 11-13,,,,정상가동,99.84,380,60,2023,,,,,2025-11-03
솔개4태양광발전소,,전북특별자치도 남원시 수지면 산정리 11-14,,,,정상가동,99.84,380,60,2023,,,,,2025-11-03
(유)수지2태양광발전소,,전북특별자치도 남원시 수지면 산정리 11-16,,,,정상가동,99.84,380,60,2023,,,,,2025-11-03
(유)수지5태양광발전소,,전북특별자치도 남원시 수지면 산정리 11-15,,,,정상가동,99.84,380,60,2023,,,,,2025-11-03
형제1호태양광발전소,,전북특별자치도 남원시 덕과면 덕촌리 391-1,,,,정상가동,309.12,380,60,2023,,,,,2025-11-03
형제2호태양광발전소,,전북특별자치도 남원시 덕과면 덕촌리 391-1,,,,정상가동,99.36,380,60,2023,,,,,2025-11-03
성실태양광발전소,,전북특별자치도 남원시 이백면 척문리 442-2,,,,정상가동,19.68,220,60,2022,,,,,2025-11-03
청솔우태양광발전소,,전북특별자치도 남원시 송동면 신평리 1714-1,,,,정상가동,99.96,380,60,2023,,,,,2025-11-03
형수3호태양광발전소,,전북특별자치도 남원시 보절면 신파리 273-2,,,,정상가동,48,380,60,2023,,,,,2025-11-03
도엽4호태양광발전소,,전북특별자치도 남원시 송동면 송기리 630-8,,,,정상가동,99,380,60,2023,,,,,2025-11-03
명보2호태양광발전소,,전북특별자치도 남원시 주생면 낙동리 800,,,,정상가동,99.84,380,60,2022,,,,,2025-11-03
서남1호태양광발전소,,전북특별자치도 남원시 주생면 낙동리 800-4,,,,정상가동,99.84,380,60,2022,,,,,2025-11-03
서남2호태양광발전소,,전북특별자치도 남원시 주생면 낙동리 800-5,,,,정상가동,59.52,380,60,2022,,,,,2025-11-03
풍촌07호태양광발전소,,전북특별자치도 남원시 대산면 풍촌리 741,,,,정상가동,99.99,380,60,2022,,,,,2025-11-03
풍촌08호태양광발전소,,전북특별자치도 남원시 대산면 풍촌리 741,,,,정상가동,48,380,60,2022,,,,,2025-11-03
풍촌09호태양광발전소,,전북특별자치도 남원시 대산면 풍촌리 741,,,,정상가동,48,380,60,2022,,,,,2025-11-03
플러스덕과태양광발전소,,전북특별자치도 남원시 덕과면 신양리 707-1,,,,정상가동,99.735,380,60,2022,,,,,2025-11-03
수지6-1태양광발전소,,전북특별자치도 남원시 수지면 산정리 900-1,,,,정상가동,99.84,380,60,2023,,,,,2025-11-03
강춘태양광발전소,,전북특별자치도 남원시 사매면 월평리 941-2,,,,정상가동,299.28,380,60,2023,,,,,2025-11-03
운교4호태양광발전소,전북특별자치도 남원시 대산면 운강길 39,,,,,정상가동,99.68,380,60,2023,,,,,2025-11-03
해누리1호태양광발전소,,전북특별자치도 남원시 운봉읍 권포리 333-1,,,,정상가동,98.28,380,60,2024,,,,,2025-11-03
해누리2호태양광발전소,,전북특별자치도 남원시 운봉읍 권포리 333-1,,,,정상가동,98.28,380,60,2024,,,,,2025-11-03
해누리3호태양광발전소,,전북특별자치도 남원시 운봉읍 권포리 333-1,,,,정상가동,98.28,380,60,2024,,,,,2025-11-03
해누리4호태양광발전소,,전북특별자치도 남원시 운봉읍 권포리 333-1,,,,정상가동,98.28,380,60,2024,,,,,2025-11-03
해누리5호태양광발전소,,전북특별자치도 남원시 운봉읍 권포리 333-1,,,,정상가동,98.28,380,60,2024,,,,,2025-11-03
수지태양광발전소,,전북특별자치도 남원시 수지면 고평리 1196-1,,,,정상가동,99.68,380,60,2023,,,,,2025-11-03
드림태양광발전소,,전북특별자치도 남원시 수지면 고평리 1196,,,,정상가동,99.68,380,60,2023,,,,,2025-11-03
남원충애태양광발전소,,전북특별자치도 남원시 수지면 고평리 1196-2,,,,정상가동,99.68,380,60,2023,,,,,2025-11-03
행복태양광발전소,,전북특별자치도 남원시 수지면 고평리 1196-3,,,,정상가동,99.68,380,60,2023,,,,,2025-11-03
광양태양광발전소,,전북특별자치도 남원시 수지면 고평리 1196-4,,,,정상가동,99.68,380,60,2023,,,,,2025-11-03
용수1호태양광발전소,,전북특별자치도 남원시 송동면 장국리 748-1,,,,정상가동,98.975,380,60,2022,,,,,2025-11-03
용수2호태양광발전소,,전북특별자치도 남원시 송동면 장국리 746,,,,정상가동,86.67,380,60,2022,,,,,2025-11-03
해솔태양광발전소,,전북특별자치도 남원시 대강면 송대리 84-2,,,,정상가동,99.75,380,60,2023,,,,,2025-11-03
누리태양광발전소,,전북특별자치도 남원시 대강면 송대리 84,,,,정상가동,99.75,380,60,2023,,,,,2025-11-03
성곤태양광발전소,,전북특별자치도 남원시 인월면 자래리 438-11,,,,정상가동,99.84,380,60,2024,,,,,2025-11-03
푸용태양광발전소,,전북특별자치도 남원시 인월면 자래리 438-45,,,,정상가동,99.84,380,60,2024,,,,,2025-11-03
승민태양광발전소,,전북특별자치도 남원시 인월면 자래리 438-46,,,,정상가동,99.84,380,60,2024,,,,,2025-11-03
천만불태양광발전소,,전북특별자치도 남원시 인월면 자래리 438-3,,,,정상가동,99.84,380,60,2024,,,,,2025-11-03
장덕현1호태양광발전소,,전북특별자치도 남원시 대산면 신계리 389-8,,,,정상가동,99.18,380,60,2022,,,,,2025-11-03
장덕현2호태양광발전소,,전북특별자치도 남원시 대산면 신계리 389-8,,,,정상가동,99.18,380,60,2022,,,,,2025-11-03
장덕현3호태양광발전소,,전북특별자치도 남원시 대산면 신계리 389-8,,,,정상가동,99.18,380,60,2022,,,,,2025-11-03
정달성1호태양광발전소,,전북특별자치도 남원시 송동면 송내리 963-2,,,,정상가동,99.9,380,60,2022,,,,,2025-11-03
정달성2호태양광발전소,,전북특별자치도 남원시 송동면 송내리 963-2,,,,정상가동,99.9,380,60,2022,,,,,2025-11-03
봉님태양광발전소,,전북특별자치도 남원시 대산면 길곡리 101,,,,정상가동,99.76,380,60,2022,,,,,2025-11-03
하은1호태양광발전소,,전북특별자치도 남원시 송동면 장포리 412,,,,정상가동,99.84,380,60,2022,,,,,2025-11-03
하은2호태양광발전소,,전북특별자치도 남원시 송동면 장포리 412,,,,정상가동,99.84,380,60,2022,,,,,2025-11-03
하은3호태양광발전소,,전북특별자치도 남원시 송동면 장포리 412,,,,정상가동,99.84,380,60,2022,,,,,2025-11-03
현태양광발전소,,전북특별자치도 남원시 수지면 남창리 1720,,,,정상가동,99.76,380,60,2023,,,,,2025-11-03
철주태양광발전소,전북특별자치도 남원시 의총로 17,,,,,정상가동,14.88,380,60,2022,,,,,2025-11-03
오신리1호기태양광발전소,,전북특별자치도 남원시 사매면 오신리 91,,,,정상가동,99.84,380,60,2022,,,,,2025-11-03
오신리2호기태양광발전소,,전북특별자치도 남원시 사매면 오신리 91,,,,정상가동,99.84,380,60,2022,,,,,2025-11-03
오신리3호기태양광발전소,,전북특별자치도 남원시 사매면 오신리 92,,,,정상가동,99.84,380,60,2022,,,,,2025-11-03
오신리4호기태양광발전소,,전북특별자치도 남원시 사매면 오신리 91,,,,정상가동,99.84,380,60,2022,,,,,2025-11-03
밀양1호태양광발전소,,전북특별자치도 남원시 주생면 낙동리 723,,,,정상가동,99.12,380,60,2023,,,,,2025-11-03
밀양2호태양광발전소,,전북특별자치도 남원시 주생면 낙동리 723-1,,,,정상가동,87.32,380,60,2023,,,,,2025-11-03
환구태양광발전소,,전북특별자치도 남원시 송동면 흑송리 67,,,,정상가동,80.64,380,60,2023,,,,,2025-11-03
성실발전소1호,,전북특별자치도 남원시 이백면 척문리 537,,,,정상가동,38.4,380,60,2022,,,,,2025-11-03
성실발전소2호,,전북특별자치도 남원시 이백면 척문리 537,,,,정상가동,21.12,380,60,2022,,,,,2025-11-03
혜성태양광발전소,,전북특별자치도 남원시 보절면 사촌리 440-1,,,,정상가동,19.78,380,60,2024,,,,,2025-11-03
송동1호태양광발전소,,전북특별자치도 남원시 송동면 신평리 1698-20,,,,정상가동,99.9,380,60,2024,,,,,2025-11-03
송동2호태양광발전소,,전북특별자치도 남원시 송동면 신평리 1698-20,,,,정상가동,99.9,380,60,2024,,,,,2025-11-03
성원태양광발전소,,전북특별자치도 남원시 수지면 산정리 639-1,,,,정상가동,29.76,380,60,2022,,,,,2025-11-03
사촌에너지4호태양광발전소,,전북특별자치도 남원시 보절면 사촌리 30-15,,,,정상가동,99.82,22900,60,2022,,,,,2025-11-03
사촌에너지5호태양광발전소,,전북특별자치도 남원시 보절면 사촌리 30-15,,,,정상가동,99.82,22900,60,2022,,,,,2025-11-03
박종기1호태양광발전소,,전북특별자치도 남원시 운봉읍 준향리 549-11,,,,정상가동,99,380,60,2022,,,,,2025-11-03
박종기2호태양광발전소,,전북특별자치도 남원시 운봉읍 준향리 549-11,,,,정상가동,99,380,60,2022,,,,,2025-11-03
박종기3호태양광발전소,,전북특별자치도 남원시 운봉읍 준향리 549-11,,,,정상가동,99,380,60,2022,,,,,2025-11-03
박종기4호태양광발전소,,전북특별자치도 남원시 운봉읍 준향리 549-11,,,,정상가동,99,380,60,2022,,,,,2025-11-03
유진태양광발전소,,전북특별자치도 남원시 송동면 장포리 20,,,,정상가동,99.84,380,60,2022,,,,,2025-11-03
수기네태양광발전소,,전북특별자치도 남원시 송동면 장포리 20,,,,정상가동,99.84,380,60,2022,,,,,2025-11-03
만도리태양광발전소,,전북특별자치도 남원시 덕과면 만도리 110,,,,정상가동,99,380,60,2022,,,,,2025-11-03
일오농산,,전북특별자치도 남원시 운봉읍 행정리 262,,,,정상가동,99.9,380,60,2022,,,,,2025-11-03
김표3호태양광발전소,,전북특별자치도 남원시 운봉읍 장교리 1014,,,,정상가동,151.2,380,60,2022,,,,,2025-11-03
두홍태양광발전소,,전북특별자치도 남원시 이백면 강기리 274-1,,,,정상가동,32.1,380,60,2022,,,,,2025-11-03
주원태양광발전소,,전북특별자치도 남원시 덕과면 덕촌리 883-6,,,,정상가동,98.975,380,60,2022,,,,,2025-11-03
영삼태양광발전소,,전북특별자치도 남원시 이백면 남계리 1140-4,,,,정상가동,72.76,380,60,2022,,,,,2025-11-03
유한회사 엘림산업,,전북특별자치도 남원시 노암동 870-2,,,,정상가동,299.25,380,60,2023,,,,,2025-11-03
주안태양광발전소,,전북특별자치도 남원시 아영면 일대리 460,,,,정상가동,99.9,380,60,2023,,,,,2025-11-03
종현3태양광발전소,,전북특별자치도 남원시 아영면 일대리 460,,,,정상가동,99.9,380,60,2023,,,,,2025-11-03
브릿지쏠라남원 태양광발전소,,전북특별자치도 남원시 대강면 입암리 22,,,,정상가동,499.95,380,60,2024,,,,,2025-11-03
삼다지태양광발전소,,전북특별자치도 남원시 금지면 옹정리 54-1,,,,정상가동,99.84,380,60,2022,,,,,2025-11-03
민지1호태양광발전소,,전북특별자치도 남원시 금지면 옹정리 54-1,,,,정상가동,99.84,380,60,2022,,,,,2025-11-03
유진태양광발전소2호,,전북특별자치도 남원시 금지면 옹정리 54-1,,,,정상가동,99.84,380,60,2022,,,,,2025-11-03
삼광5호태양광발전소,,전북특별자치도 남원시 금지면 옹정리 56,,,,정상가동,99.84,380,60,2022,,,,,2025-11-03
용성태양광발전소,,전북특별자치도 남원시 금지면 옹정리 56-1,,,,정상가동,99.84,380,60,2022,,,,,2025-11-03
그린1호태양광발전소,,전북특별자치도 남원시 대강면 방동리 1231-1,,,,정상가동,29.76,380,60,2022,,,,,2025-11-03
동림태양광발전소,,전북특별자치도 남원시 대강면 수홍리 829-1,,,,정상가동,18.24,380,60,2022,,,,,2025-11-03
운향태양광발전소,,전북특별자치도 남원시 운봉읍 동천리 641-16,,,,정상가동,351,380,60,2024,,,,,2025-11-03
다원태양광발전소,,전북특별자치도 남원시 주생면 제천리 1693-3,,,,정상가동,401.115,380,60,2024,,,,,2025-11-03
광촌태양광발전소,,전북특별자치도 남원시 주생면 내동리 226-1,,,,정상가동,99.75,380,60,2023,,,,,2025-11-03
금풍태양광발전소,,전북특별자치도 남원시 주생면 내동리 226-3,,,,정상가동,99.75,380,60,2023,,,,,2025-11-03
천황봉3태양광발전소,,전북특별자치도 남원시 보절면 신파리 226-138,,,,정상가동,99.19,380,60,2024,,,,,2025-11-03
천황봉4태양광발전소,,전북특별자치도 남원시 보절면 신파리 226-275,,,,정상가동,99.19,380,60,2024,,,,,2025-11-03
옥택1호태양광발전소,,전북특별자치도 남원시 대강면 옥택리 8,,,,정상가동,99.88,380,60,2024,,,,,2025-11-03
옥택2호태양광발전소,,전북특별자치도 남원시 대강면 옥택리 8,,,,정상가동,99.88,380,60,2024,,,,,2025-11-03
입암04호태양광발전소,,전북특별자치도 남원시 대강면 입암리 2,,,,정상가동,99.88,380,60,2022,,,,,2025-11-03
입암05호태양광발전소,,전북특별자치도 남원시 대강면 입암리 6,,,,정상가동,99.88,380,60,2022,,,,,2025-11-03
길곡3호태양광발전소,,전북특별자치도 남원시 대산면 길곡리 315,,,,정상가동,399.62,380,60,2022,,,,,2025-11-03
기쁨1호태양광발전소,,전북특별자치도 남원시 운봉읍 신기리 718,,,,정상가동,99.84,380,60,2022,,,,,2025-11-03
큰빛1호태양광발전소,,전북특별자치도 남원시 운봉읍 신기리 719,,,,정상가동,99.84,380,60,2022,,,,,2025-11-03
하늘1호태양광발전소,,전북특별자치도 남원시 운봉읍 신기리 718,,,,정상가동,99.84,380,60,2022,,,,,2025-11-03
보배1호태양광발전소,,전북특별자치도 남원시 운봉읍 신기리 719,,,,정상가동,99.84,380,60,2022,,,,,2025-11-03
최춘홍태양광,,전북특별자치도 남원시 광치동 645-4,,,,정상가동,35.52,380,60,2022,,,,,2025-11-03
김표1호태양광발전소,,전북특별자치도 남원시 송동면  송기리 26-2,,,,정상가동,45.6,380,60,2023,,,,,2025-11-03
승일태양광발전소,,전북특별자치도 남원시 운봉읍 매요리 27-1,,,,정상가동,99.45,380,60,2022,,,,,2025-11-03
신양1호태양광발전소,,전북특별자치도 남원시 덕과면 신양리 509,,,,정상가동,81.2,380,60,2022,,,,,2025-11-03
jh1호태양광발전소,,전북특별자치도 남원시 대강면 옥택리 13,,,,정상가동,99.88,380,60,2024,,,,,2025-11-03
행운12호,,전북특별자치도 남원시 산동면 태평리 345,,,,정상가동,99.76,380,60,2022,,,,,2025-11-03
태평2호태양광발전소,,전북특별자치도 남원시 산동면 태평리 318-10,,,,정상가동,99.76,380,60,2022,,,,,2025-11-03
태평3호태양광발전소,,전북특별자치도 남원시 산동면 태평리 318-10,,,,정상가동,99.76,380,60,2022,,,,,2025-11-03
태평4호태양광발전소,,전북특별자치도 남원시 산동면 태평리 345,,,,정상가동,99.76,380,60,2022,,,,,2025-11-03
태평5호태양광발전소,,전북특별자치도 남원시 산동면 태평리 318-30,,,,정상가동,99.76,380,60,2022,,,,,2025-11-03
태평6호태양광발전소,,전북특별자치도 남원시 산동면 태평리 318-10,,,,정상가동,99.76,380,60,2022,,,,,2025-11-03
태평7호태양광발전소,,전북특별자치도 남원시 산동면 태평리 318-10,,,,정상가동,99.76,380,60,2022,,,,,2025-11-03
태평8호태양광발전소,,전북특별자치도 남원시 산동면 태평리 318-10,,,,정상가동,99.76,380,60,2022,,,,,2025-11-03
한일태평태양광발전소,,전북특별자치도 남원시 산동면 태평리 318-7,,,,정상가동,999.92,22900,60,2022,,,,,2025-11-03
수연태양1태양광발전소,,전북특별자치도 남원시 대강면 입암리 15-3,,,,정상가동,99,380,60,2024,,,,,2025-11-03
선태양광1태양광발전소,,전북특별자치도 남원시 대강면 입암리 12,,,,정상가동,99,380,60,2024,,,,,2025-11-03
성호태양1태양광발전소,,전북특별자치도 남원시 대강면 입암리 11,,,,정상가동,99,380,60,2024,,,,,2025-11-03
동호태양광발전소,,전북특별자치도 남원시 금지면 옹정리 1184-4,,,,정상가동,99.19,380,60,2023,,,,,2025-11-03
장미태양광발전소,,전북특별자치도 남원시 금지면 옹정리 1184-2,,,,정상가동,99.19,380,60,2023,,,,,2025-11-03
수연태양광2태양광발전소,,전북특별자치도 남원시 대강면 사석리 1830,,,,정상가동,99,380,60,2023,,,,,2025-11-03
박훈태양광발전소3호,,전북특별자치도 남원시 덕과면 덕촌리 398-3,,,,정상가동,52.2,380,60,2023,,,,,2025-11-03
남양농장태양광발전소,,전북특별자치도 남원시 주천면 송치리 125-3,,,,정상가동,194.88,380,60,2024,,,,,2025-11-03
기린농장태양광발전소,,전북특별자치도 남원시 아영면 성리 909-6,,,,정상가동,194.88,380,60,2024,,,,,2025-11-03
대운태양광발전소,,전북특별자치도 남원시 동충동 4-26,,,,정상가동,97.44,380,60,2022,,,,,2025-11-03
문수2호발전소,,전북특별자치도 남원시 대산면 신계리 910-3,,,,정상가동,99.68,380,60,2023,,,,,2025-11-03
문수3호발전소,,전북특별자치도 남원시 대산면 신계리 910-3,,,,정상가동,99.68,380,60,2023,,,,,2025-11-03
유나발전소,,전북특별자치도 남원시 대산면 신계리 910-3,,,,정상가동,99.68,380,60,2023,,,,,2025-11-03
춘호2호발전소,,전북특별자치도 남원시 대산면 신계리 910-3,,,,정상가동,49.84,380,60,2022,,,,,2025-11-03
정식발전소,,전북특별자치도 남원시 대산면 풍촌리 579,,,,정상가동,92.8,380,60,2023,,,,,2025-11-03
주천태양광발전소,,전북특별자치도 남원시 주천면 호경리 162,,,,정상가동,28.5,380,60,2024,,,,,2025-11-03
식정태양광발전소,,전북특별자치도 남원시 식정동 382-2,,,,정상가동,99.19,380,60,2024,,,,,2025-11-03
영호태양광,,전북특별자치도 남원시 금지면 하도리 621-250,,,,정상가동,16.32,220,60,2022,,,,,2025-11-03
산남마을태양광발전소,,전북특별자치도 남원시 이백면 남계리 599-5,,,,정상가동,38,380,60,2024,,,,,2025-11-03
신선태양광발전소,,전북특별자치도 남원시 주천면 호기리 656-8,,,,정상가동,14.88,220,60,2022,,,,,2025-11-03
형봉2호태양광발전소,,전북특별자치도 남원시 주천면 주천리 880-2,,,,정상가동,99.45,380,60,2022,,,,,2025-11-03
강석리1호태양광,,전북특별자치도 남원시 대강면 강석리 108,,,,정상가동,99.76,380,60,2022,,,,,2025-11-03
강석리2호태양광,,전북특별자치도 남원시 대강면 강석리 108,,,,정상가동,99.76,380,60,2022,,,,,2025-11-03
덕과순명태양광발전소,,전북특별자치도 남원시 덕과면 신양리 68-2,,,,정상가동,99.19,380,60,2024,,,,,2025-11-03
덕과태양광발전소,,전북특별자치도 남원시 덕과면 신양리 68-1,,,,정상가동,99.19,380,60,2024,,,,,2025-11-03
재창1태양광발전소,,전북특별자치도 남원시 덕과면 신양리 68-5,,,,정상가동,99.19,380,60,2024,,,,,2025-11-03
재창2태양광발전소,,전북특별자치도 남원시 덕과면 신양리 68-6,,,,정상가동,99.19,380,60,2024,,,,,2025-11-03
권포1호태양광발전소,,전북특별자치도 남원시 운봉읍 권포리 358-5,,,,정상가동,99.68,380,60,2022,,,,,2025-11-03
권포3호태양광발전소,,전북특별자치도 남원시 운봉읍 권포리 358-6,,,,정상가동,99.68,380,60,2022,,,,,2025-11-03
신정태양광발전소,,전북특별자치도 남원시 신정동 660,,,,정상가동,99.76,380,60,2022,,,,,2025-11-03
남원태양광발전소,,전북특별자치도 남원시 신정동 660,,,,정상가동,99.76,380,60,2022,,,,,2025-11-03
동계태양광,,전북특별자치도 남원시 대강면 송대리 13,,,,정상가동,99.84,380,60,2022,,,,,2025-11-03
사석태양광,,전북특별자치도 남원시 대강면 송대리 13,,,,정상가동,99.84,380,60,2022,,,,,2025-11-03
평화태양광,,전북특별자치도 남원시 대강면 송대리 14-2,,,,정상가동,56.16,380,60,2022,,,,,2025-11-03
장수태양광,,전북특별자치도 남원시 대강면 송대리 30-3,,,,정상가동,49.92,380,60,2022,,,,,2025-11-03
부영태양광발전소,,전북특별자치도 남원시 운봉읍 매요리 15-1,,,,정상가동,99.45,380,60,2022,,,,,2025-11-03
문화태양광발전소,,전북특별자치도 남원시 이백면 서곡리 600-3,,,,정상가동,19.32,380,60,2022,,,,,2025-11-03
야곱태양광발전소,,전북특별자치도 남원시 대산면 신계리 910-6,,,,정상가동,75,380,60,2023,,,,,2025-11-03
야곱2태양광발전소,,전북특별자치도 남원시 대산면 신계리 910-6,,,,정상가동,199.02,380,60,2022,,,,,2025-11-03
누가3태양광발전소,,전북특별자치도 남원시 용정동 173-1,,,,정상가동,55,380,60,2022,,,,,2025-11-03
영화태양광발전소,,전북특별자치도 남원시 이백면 과립리 284,,,,정상가동,99.19,380,60,2022,,,,,2025-11-03
대율1호태양광발전소,,전북특별자치도 남원시 사매면 대율리 241,,,,정상가동,99.19,380,60,2022,,,,,2025-11-03
대율2호태양광발전소,,전북특별자치도 남원시 사매면 대율리 240,,,,정상가동,99.19,380,60,2022,,,,,2025-11-03
수동2호태양광발전소,,전북특별자치도 남원시 사매면 계수리 443-4,,,,정상가동,306.8,380,60,2020,,,,,2025-11-03
오영록태양광발전소,,전북특별자치도 남원시 아영면 갈계리 16-1,,,,정상가동,49.92,380,60,2020,,,,,2025-11-03
수진태양광발전소,,전북특별자치도 남원시 송동면 장포리 414,,,,정상가동,99.84,380,60,2020,,,,,2025-11-03
성발전소,,전북특별자치도 남원시 송동면 장포리 414,,,,정상가동,99.84,380,60,2020,,,,,2025-11-03
한스태양광발전소,,전북특별자치도 남원시 용정동 75-27,,,,정상가동,600,22900,60,2020,,,,,2025-11-03
인태양광발전소,,전북특별자치도 남원시 보절면 신파리 226-106,,,,정상가동,99.44,380,60,2024,,,,,2025-11-03
안순태양광발전소,,전북특별자치도 남원시 사매면 관풍리 21-1,,,,정상가동,99.84,380,60,2024,,,,,2025-11-03
만호태양광발전소,,전북특별자치도 남원시 사매면 관풍리 21-1,,,,정상가동,29.76,380,60,2024,,,,,2025-11-03
오수쏠미르1호태양광발전소,,전북특별자치도 남원시 덕과면 사율리 32,,,,정상가동,97.37,380,60,2024,,,,,2025-11-03
오수쏠미르2호태양광발전소,,전북특별자치도 남원시 덕과면 사율리 32-1,,,,정상가동,51.36,380,60,2024,,,,,2025-11-03
복희태양광발전소,,전북특별자치도 남원시 산동면 태평리 831,,,,정상가동,49.3,380,60,2024,,,,,2025-11-03
형산태양광발전소,,전북특별자치도 남원시 운봉읍 산덕리 1261-13,,,,정상가동,99.84,380,60,2024,,,,,2025-11-03
운산1호발전소,,전북특별자치도 남원시 운봉읍 행정리 101-1,,,,정상가동,99.84,380,60,2024,,,,,2025-11-03
운산2호발전소,,전북특별자치도 남원시 운봉읍 행정리 100,,,,정상가동,99.84,380,60,2024,,,,,2025-11-03
희망1호태양광발전소,,전북특별자치도 남원시 보절면 도룡리 494-19,,,,정상가동,98.12,380,60,2020,,,,,2025-11-03
희망2호태양광발전소,,전북특별자치도 남원시 보절면 도룡리 494-19,,,,정상가동,98.12,380,60,2020,,,,,2025-11-03
희망3호태양광발전소,,전북특별자치도 남원시 보절면 도룡리 494-19,,,,정상가동,98.12,380,60,2020,,,,,2025-11-03
희망4호태양광발전소,,전북특별자치도 남원시 보절면 도룡리 494-19,,,,정상가동,98.12,380,60,2020,,,,,2025-11-03
화랑이앤지태양광발전소2호,,전북특별자치도 남원시 송동면 세전리 1402-2,,,,정상가동,49.92,380,60,2022,,,,,2025-11-03
남원종합농기계태양광발전소,,전북특별자치도 남원시 화정동 334-1,,,,정상가동,44.64,380,60,2022,,,,,2025-11-03
새날태양광발전소,,전북특별자치도 남원시 보절면 진기리 1458-7,,,,정상가동,399.6,380,60,2024,,,,,2025-11-03
인심태양광발전소,,전북특별자치도 남원시 운봉읍 장교리 127,,,,정상가동,46,380,60,2022,,,,,2025-11-03
원태양광발전소,,전북특별자치도 남원시 인월면 취암리 1-1,,,,정상가동,499.22,380,60,2020,,,,,2025-11-03
화태양광발전소,,전북특별자치도 남원시 인월면 취암리 1-1,,,,정상가동,99.19,380,60,2020,,,,,2025-11-03
이주희태양광발전소1호,,전북특별자치도 남원시 주천면 용담리 375-6,,,,정상가동,199.68,380,60,2020,,,,,2025-11-03
문덕농장3호태양광발전소,,전북특별자치도 남원시 대강면 옥택리 454-1,,,,정상가동,99.36,380,60,2020,,,,,2025-11-03
문덕농장4호태양광발전소,,전북특별자치도 남원시 대강면 옥택리 454,,,,정상가동,73.44,380,60,2020,,,,,2025-11-03
원진태양광발전소,,전북특별자치도 남원시 금지면 창산리 394,,,,정상가동,99.76,380,60,2020,,,,,2025-11-03
써니쏠라텍태양광발전소,,전북특별자치도 남원시 보절면 진기리 1145-2,,,,정상가동,999,22900,60,2020,,,,,2025-11-03
썬라이트태양광발전소,,전북특별자치도 남원시 보절면 진기리 1145-2,,,,정상가동,999,22900,60,2020,,,,,2025-11-03
이소암발전소,,전북특별자치도 남원시 운봉읍 화수리 145-176,,,,정상가동,99.36,380,60,2020,,,,,2025-11-03
오리정1호태양광발전소,,전북특별자치도 남원시 사매면 관풍리 684,,,,정상가동,99.76,380,60,2024,,,,,2025-11-03
오리정2호태양광발전소,,전북특별자치도 남원시 사매면 관풍리 684-2,,,,정상가동,99.76,380,60,2024,,,,,2025-11-03
소가촌태양광발전소,,전북특별자치도 남원시 운봉읍 매요리 299,,,,정상가동,99.9,380,60,2020,,,,,2025-11-03
비홍태양광발전소,,전북특별자치도 남원시 주생면 내동리 226-4,,,,정상가동,99.75,380,60,2023,,,,,2025-11-03
남계2호태양광발전소,,전북특별자치도 남원시 이백면 남계리 13,,,,정상가동,99.84,380,60,2020,,,,,2025-11-03
남계3호태양광발전소,,전북특별자치도 남원시 이백면 남계리 13,,,,정상가동,99.84,380,60,2020,,,,,2025-11-03
햇빛2호발전소,,전북특별자치도 남원시 덕과면 덕촌리 696-3,,,,정상가동,99.68,380,60,2020,,,,,2025-11-03
선영1호태양광발전소,,전북특별자치도 남원시 운봉읍 화수리 145-420,,,,정상가동,99.84,380,60,2024,,,,,2025-11-03
남녀2호태양광발전소,,전북특별자치도 남원시 운봉읍 화수리 145-26,,,,정상가동,99.84,380,60,2024,,,,,2025-11-03
권포2호태양광발전소,,전북특별자치도 남원시 운봉읍 권포리 358-4,,,,정상가동,99.68,380,60,2020,,,,,2025-11-03
기옥태양광발전소,,전북특별자치도 남원시 대산면 옥율리 173-3,,,,정상가동,99.19,380,60,2020,,,,,2025-11-03
양평태양광발전소,,전북특별자치도 남원시 대산면 옥율리 173-3,,,,정상가동,399.485,380,60,2020,,,,,2025-11-03
달래1태양광발전소,,전북특별자치도 남원시 주생면 상동리 868-4,,,,정상가동,99.51,380,60,2020,,,,,2025-11-03
달래2태양광발전소,,전북특별자치도 남원시 주생면 상동리 868-4,,,,정상가동,99.51,380,60,2020,,,,,2025-11-03
달래3태양광발전소,,전북특별자치도 남원시 주생면 상동리 868-4,,,,정상가동,99.51,380,60,2020,,,,,2025-11-03
용빈2태양광발전소,,전북특별자치도 남원시 보절면 금다리 989-3,,,,정상가동,99.5,380,60,2023,,,,,2025-11-03
김가태양광발전소,,전북특별자치도 남원시 수지면 남창리 1168-1,,,,정상가동,99.84,380,60,2020,,,,,2025-11-03
안가태양광발전소,,전북특별자치도 남원시 수지면 남창리 1168-1,,,,정상가동,99.84,380,60,2020,,,,,2025-11-03
민지2호태양광발전소,,전북특별자치도 남원시 수지면 남창리 1169-1,,,,정상가동,99.84,380,60,2020,,,,,2025-11-03
호서태양광발전소,,전북특별자치도 남원시 수지면 남창리 1169-1,,,,정상가동,99.84,380,60,2020,,,,,2025-11-03
SY태양광발전소,,전북특별자치도 남원시 수지면 남창리 1169-1,,,,정상가동,99.84,380,60,2020,,,,,2025-11-03
지리산운봉주조발전소1호,,전북특별자치도 남원시 운봉읍 서천리 622,,,,정상가동,59.74,380,60,2022,,,,,2025-11-03
에코에너지원㈜남원지점,전북특별자치도 남원시 쑥고개로 138-81,,,,,정상가동,1234.2,22900,60,2020,,,,,2025-11-03
(유)평촌태양광발전소,,전북특별자치도 남원시 대강면 평촌리 25,,,,정상가동,299.64,380,60,2020,,,,,2025-11-03
한원8호태양광발전소,,전북특별자치도 남원시 사매면 대신리 604,,,,정상가동,99,380,60,2020,,,,,2025-11-03
대신1호태양광발전소,,전북특별자치도 남원시 사매면 대신리 604,,,,정상가동,99,380,60,2020,,,,,2025-11-03
경임태양광,,전북특별자치도 남원시 송동면 흑송리 378,,,,정상가동,499.95,380,60,2020,,,,,2025-11-03
김홍매태양광발전소,,전북특별자치도 남원시 조산동 5,,,,정상가동,20,380,60,2022,,,,,2025-11-03
춘호3호발전소,,전북특별자치도 남원시 대산면 수덕리 1248,,,,정상가동,49.84,380,60,2024,,,,,2025-11-03
부흥축사1호태양광발전소,,전북특별자치도 남원시 송동면 흑송리 880-2,,,,정상가동,83.52,380,60,2020,,,,,2025-11-03
부흥축사2호태양광발전소,,전북특별자치도 남원시 송동면 흑송리 880-2,,,,정상가동,83.52,380,60,2020,,,,,2025-11-03
깡골1호태양광발전소,,전북특별자치도 남원시 운봉읍 장교리 60,,,,정상가동,199.68,380,60,2020,,,,,2025-11-03
깡골2호태양광발전소,,전북특별자치도 남원시 운봉읍 장교리 60번지,,,,정상가동,99.84,380,60,2020,,,,,2025-11-03
해선태양광발전소,,전북특별자치도 남원시 어현동 518,,,,정상가동,99.76,380,60,2020,,,,,2025-11-03
남원경원태양광발전소,,전북특별자치도 남원시 사매면 계수리 278-3,,,,정상가동,399.36,380,60,2020,,,,,2025-11-03
남원종주태양광발전소,,전북특별자치도 남원시 사매면 계수리 278-3,,,,정상가동,99.84,380,60,2020,,,,,2025-11-03
놀부태양광발전소,,전북특별자치도 남원시 아영면 일대리 598,,,,정상가동,153.12,380,60,2020,,,,,2025-11-03
천상태양광발전소,,전북특별자치도 남원시 아영면 일대리 599,,,,정상가동,95.7,380,60,2020,,,,,2025-11-03
제이태양광발전소,,전북특별자치도 남원시 아영면 일대리 599-2,,,,정상가동,95.7,380,60,2020,,,,,2025-11-03
용술1태양광발전소,,전북특별자치도 남원시 대산면 신계리 312-18,,,,정상가동,99.76,380,60,2020,,,,,2025-11-03
용술2태양광발전소,,전북특별자치도 남원시 대산면 신계리 312-18,,,,정상가동,45.24,380,60,2020,,,,,2025-11-03
벽송1태양광발전소,,전북특별자치도 남원시 이백면 평촌리 78,,,,정상가동,99.9,380,60,2020,,,,,2025-11-03
벽송2태양광발전소,,전북특별자치도 남원시 이백면 평촌리 78,,,,정상가동,99.9,380,60,2020,,,,,2025-11-03
벽송3태양광발전소,,전북특별자치도 남원시 이백면 평촌리 78,,,,정상가동,99.9,380,60,2020,,,,,2025-11-03
벽송4태양광발전소,,전북특별자치도 남원시 이백면 평촌리 78,,,,정상가동,99.9,380,60,2020,,,,,2025-11-03
목성태양광발전소,,전북특별자치도 남원시 대강면 입암리 949,,,,정상가동,99.96,380,60,2020,,,,,2025-11-03
화성태양광발전소,,전북특별자치도 남원시 대강면 입암리 949,,,,정상가동,99.96,380,60,2020,,,,,2025-11-03
토성태양광발전소,,전북특별자치도 남원시 대강면 입암리 948,,,,정상가동,99.96,380,60,2020,,,,,2025-11-03
금성1호태양광발전소,,전북특별자치도 남원시 대강면 입암리 948,,,,정상가동,99.96,380,60,2020,,,,,2025-11-03
남원종합농기계1태양광발전소,,전북특별자치도 남원시 월락동 131-40,,,,정상가동,74.69,380,60,2023,,,,,2025-11-03
행복대강1태양광발전소,,전북특별자치도 남원시 대강면 입암리 965,,,,정상가동,99.76,380,60,2020,,,,,2025-11-03
행복대강2태양광발전소,,전북특별자치도 남원시 대강면 입암리 965,,,,정상가동,48.72,380,60,2020,,,,,2025-11-03
효기2호태양광발전소,,전북특별자치도 남원시 이백면 효기리 774-2,,,,정상가동,42,380,60,2020,,,,,2025-11-03
오신1호태양광발전소,,전북특별자치도 남원시 사매면 오신리 435,,,,정상가동,99,380,60,2020,,,,,2025-11-03
오신2호태양광발전소,,전북특별자치도 남원시 사매면 오신리 435,,,,정상가동,99,380,60,2020,,,,,2025-11-03
오신3호태양광발전소,,전북특별자치도 남원시 사매면 오신리 435,,,,정상가동,99,380,60,2020,,,,,2025-11-03
시온에너지8호,,전북특별자치도 남원시 아영면 봉대리 340-1,,,,정상가동,98,380,60,2020,,,,,2025-11-03
시온에너지9호,,전북특별자치도 남원시 아영면 봉대리 340-1,,,,정상가동,392,380,60,2020,,,,,2025-11-03
다인에너지,,전북특별자치도 남원시 아영면 봉대리 340-3,,,,정상가동,98,380,60,2020,,,,,2025-11-03
탑에너지2,,전북특별자치도 남원시 아영면 봉대리 340-3,,,,정상가동,98,380,60,2020,,,,,2025-11-03
수앤비에너지,,전북특별자치도 남원시 아영면 봉대리 340-3,,,,정상가동,98,380,60,2020,,,,,2025-11-03
주에너지2호,,전북특별자치도 남원시 아영면 봉대리 340-3,,,,정상가동,98,380,60,2020,,,,,2025-11-03
오성에너지,,전북특별자치도 남원시 아영면 봉대리 340-3,,,,정상가동,98,380,60,2020,,,,,2025-11-03
지리산쏠라3호,,전북특별자치도 남원시 아영면 봉대리 340-1,,,,정상가동,98,380,60,2020,,,,,2025-11-03
만희1호태양광발전소,,전북특별자치도 남원시 주생면 내동리 636-1,,,,정상가동,99.645,380,60,2020,,,,,2025-11-03
덕동에너지1호,,전북특별자치도 남원시 덕과면 덕촌리 310,,,,정상가동,294,380,60,2020,,,,,2025-11-03
덕동에너지2호,,전북특별자치도 남원시 덕과면 덕촌리 316,,,,정상가동,98,380,60,2020,,,,,2025-11-03
우진1호발전소,,전북특별자치도 남원시 송동면 세전리 1410-6,,,,정상가동,99.69,380,60,2020,,,,,2025-11-03
우진2호발전소,,전북특별자치도 남원시 송동면 세전리 1410-6,,,,정상가동,99.69,380,60,2020,,,,,2025-11-03
우진3호발전소,,전북특별자치도 남원시 송동면 세전리 1410-6,,,,정상가동,99.69,380,60,2020,,,,,2025-11-03
우진4호발전소,,전북특별자치도 남원시 송동면 세전리 1410-6,,,,정상가동,99.69,380,60,2020,,,,,2025-11-03
우진5호발전소,,전북특별자치도 남원시 송동면 세전리 1410-6,,,,정상가동,99.69,380,60,2020,,,,,2025-11-03
서도1호태양광발전소,,전북특별자치도 남원시 사매면 서도리 27-1,,,,정상가동,999.84,22900,60,2020,,,,,2025-11-03
서도2호태양광발전소,,전북특별자치도 남원시 사매면 서도리 27-1,,,,정상가동,999.84,22900,60,2020,,,,,2025-11-03
영숙태양광발전소,,전북특별자치도 남원시 운봉읍 권포리 68,,,,정상가동,99.75,380,60,2020,,,,,2025-11-03
제이씨석곡2호태양광발전소,,전북특별자치도 남원시 대산면 대곡리 86-5,,,,정상가동,519.68,22900,60,2020,,,,,2025-11-03
만이1호태양광발전소,,전북특별자치도 남원시 송동면 송내리 949-14,,,,정상가동,99.36,380,60,2020,,,,,2025-11-03
만이2호태양광발전소,,전북특별자치도 남원시 송동면 송내리 949-14,,,,정상가동,99.36,380,60,2020,,,,,2025-11-03
보람솔라태양광발전소,,전북특별자치도 남원시 운봉읍 신기리 766-11,,,,정상가동,98.975,380,60,2020,,,,,2025-11-03
상혁4태양광발전소,,전북특별자치도 남원시 운봉읍 신기리 766-11,,,,정상가동,98.975,380,60,2020,,,,,2025-11-03
제이제이2호태양광발전소,,전북특별자치도 남원시 대강면 송대리 741,,,,정상가동,189.2,380,60,2020,,,,,2025-11-03
썬샤넬남원태양광발전소,,전북특별자치도 남원시 대강면 송대리 732,,,,정상가동,157.3,380,60,2023,,,,,2025-11-03
한경석태양광발전소7호,,전북특별자치도 남원시 보절면 신파리 819-18,,,,정상가동,99,380,60,2020,,,,,2025-11-03
한경석태양광발전소8호,,전북특별자치도 남원시 보절면 신파리 819-18,,,,정상가동,99,380,60,2020,,,,,2025-11-03
한경석태양광발전소9호,,전북특별자치도 남원시 보절면 신파리 819-18,,,,정상가동,99,380,60,2020,,,,,2025-11-03
한경석태양광발전소10호,,전북특별자치도 남원시 보절면 신파리 819-18,,,,정상가동,99,380,60,2020,,,,,2025-11-03
요천3호태양광발전소,,전북특별자치도 남원시 주생면 중동리 1202-2,,,,정상가동,110.88,380,60,2020,,,,,2025-11-03
주주2호태양광발전소,,전북특별자치도 남원시 수지면 남창리 1851-10,,,,정상가동,99.36,380,60,2020,,,,,2025-11-03
주주3호태양광발전소,,전북특별자치도 남원시 수지면 남창리 1851-10,,,,정상가동,99.36,380,60,2020,,,,,2025-11-03
은천2호태양광발전소,,전북특별자치도 남원시 보절면 신파리 432-1,,,,정상가동,44.135,380,60,2020,,,,,2025-11-03
익성태양광발전소,,전북특별자치도 남원시 운봉읍 신기리 760,,,,정상가동,99.425,380,60,2020,,,,,2025-11-03
연에너지4태양광발전소,,전북특별자치도 남원시 운봉읍 신기리 760,,,,정상가동,99.425,380,60,2020,,,,,2025-11-03
명인솔라태양광발전소,,전북특별자치도 남원시 운봉읍 신기리 760,,,,정상가동,99.425,380,60,2020,,,,,2025-11-03
부영태양광발전소,,전북특별자치도 남원시 운봉읍 신기리 760,,,,정상가동,99.425,380,60,2020,,,,,2025-11-03
향촌태양광발전소,,전북특별자치도 남원시 덕과면 신양리 68-4,,,,정상가동,99.19,380,60,2020,,,,,2025-11-03
초당2호태양광발전소,,전북특별자치도 남원시 송동면 흑송리 22-2,,,,정상가동,45.5,380,60,2020,,,,,2025-11-03
비촌2호발전소,,전북특별자치도 남원시 운봉읍 권포리 58-3,,,,정상가동,99.45,380,60,2020,,,,,2025-11-03
다온4호발전소,,전북특별자치도 남원시 운봉읍 권포리 58-9,,,,정상가동,99.45,380,60,2020,,,,,2025-11-03
풍년2호발전소,,전북특별자치도 남원시 운봉읍 권포리 58-8,,,,정상가동,99.45,380,60,2020,,,,,2025-11-03
진영태양광발전소,,전북특별자치도 남원시 산동면 목동리 152-3,,,,정상가동,99.84,380,60,2020,,,,,2025-11-03
나무골3태양광발전소,,전북특별자치도 남원시 산동면 목동리 152-2,,,,정상가동,99.84,380,60,2024,,,,,2025-11-03
종은태양광발전소,,전북특별자치도 남원시 산동면 목동리 152-1,,,,정상가동,99.84,380,60,2024,,,,,2025-11-03
충애태양광발전소,,전북특별자치도 남원시 산동면 목동리 152,,,,정상가동,99.84,380,60,2024,,,,,2025-11-03
남원세화3호태양광발전소,,전북특별자치도 남원시 수지면 남창리 1160,,,,정상가동,99.84,380,60,2020,,,,,2025-11-03
크레이태양광발전소,,전북특별자치도 남원시 수지면 남창리 1156,,,,정상가동,999.36,22900,60,2020,,,,,2025-11-03
백선3호태양광발전소,,전북특별자치도 남원시 대강면 입암리 16-3,,,,정상가동,99,380,60,2020,,,,,2025-11-03
수연3호태양광발전소,,전북특별자치도 남원시 대강면 입암리 16-3,,,,정상가동,99,380,60,2020,,,,,2025-11-03
성영2태양광발전소,,전북특별자치도 남원시 송동면 신평리 2090-2,,,,정상가동,99.5,380,60,2020,,,,,2025-11-03
제일1호태양광발전소,,전북특별자치도 남원시 천거동 160-227,,,,정상가동,89.505,380,60,2020,,,,,2025-11-03
제일2호태양광발전소,,전북특별자치도 남원시 천거동 160-230,,,,정상가동,59.67,380,60,2020,,,,,2025-11-03
번개5호태양광발전소,,전북특별자치도 남원시 수지면 유암리 432-1,,,,정상가동,299.92,380,60,2020,,,,,2025-11-03
대왕1호태양광발전소,,전북특별자치도 남원시 운봉읍 권포리 68,,,,정상가동,99.75,380,60,2020,,,,,2025-11-03
대왕2호태양광발전소,,전북특별자치도 남원시 운봉읍 북천리 486-2,,,,정상가동,99.76,380,60,2020,,,,,2025-11-03
청룡1태양광발전소,,전북특별자치도 남원시 주생면 영천리 394-1,,,,정상가동,99.84,380,60,2020,,,,,2025-11-03
청룡2태양광발전소,,전북특별자치도 남원시 주생면 영천리 394,,,,정상가동,49.92,380,60,2020,,,,,2025-11-03
부흥1태양광발전소,,전북특별자치도 남원시 보절면 서치리 184,,,,정상가동,99.84,380,60,2020,,,,,2025-11-03
부흥2태양광발전소,,전북특별자치도 남원시 보절면 서치리 185,,,,정상가동,99.84,380,60,2020,,,,,2025-11-03
초리5호태양광발전소,,전북특별자치도 남원시 수지면 초리 615-3,,,,정상가동,99.19,380,60,2020,,,,,2025-11-03
초리6호태양광발전소,,전북특별자치도 남원시 수지면 초리 615-2,,,,정상가동,99.19,380,60,2020,,,,,2025-11-03
초리7호태양광발전소,,전북특별자치도 남원시 수지면 초리 615-1,,,,정상가동,99.19,380,60,2020,,,,,2025-11-03
정안태양광발전소,,전북특별자치도 남원시 내척동 649-15,,,,정상가동,99.84,380,60,2020,,,,,2025-11-03
양지태양광발전소,,전북특별자치도 남원시 내척동 649-11,,,,정상가동,99.76,380,60,2020,,,,,2025-11-03
일진태양광발전소,,전북특별자치도 남원시 내척동 649-11,,,,정상가동,99.76,380,60,2020,,,,,2025-11-03
내척태양광발전소,,전북특별자치도 남원시 내척동 649-15,,,,정상가동,99.84,380,60,2020,,,,,2025-11-03
남원월평1호,,전북특별자치도 남원시 사매면 월평리 450,,,,정상가동,99.76,380,60,2020,,,,,2025-11-03
남원월평2호,,전북특별자치도 남원시 사매면 월평리 450,,,,정상가동,99.76,380,60,2020,,,,,2025-11-03
남원월평3호,,전북특별자치도 남원시 사매면 월평리 450,,,,정상가동,99.76,380,60,2020,,,,,2025-11-03
남원월평4호,,전북특별자치도 남원시 사매면 월평리 450,,,,정상가동,99.76,380,60,2020,,,,,2025-11-03
일송태양광발전소,,전북특별자치도 남원시 보절면 진기리 1644-1,,,,정상가동,99.5,380,60,2020,,,,,2025-11-03
광천태양광발전소,,전북특별자치도 남원시 보절면 진기리 1645,,,,정상가동,99.5,380,60,2020,,,,,2025-11-03
명성1호에너지,,전북특별자치도 남원시 덕과면 용산리 428,,,,정상가동,98,380,60,2020,,,,,2025-11-03
명성2호에너지,,전북특별자치도 남원시 덕과면 용산리 428,,,,정상가동,98,380,60,2020,,,,,2025-11-03
명성3호에너지,,전북특별자치도 남원시 덕과면 용산리 428,,,,정상가동,49,380,60,2020,,,,,2025-11-03
최규식1호태양광발전소,,전북특별자치도 남원시 주천면 송치리 268,,,,정상가동,199.52,380,60,2020,,,,,2025-11-03
이영자1호태양광발전소,,전북특별자치도 남원시 주천면 송치리 268,,,,정상가동,99.76,380,60,2020,,,,,2025-11-03
경재태양광발전소2호,,전북특별자치도 남원시 사매면 오신리 231-35,,,,정상가동,99.96,380,60,2020,,,,,2025-11-03
예가진오신발전소,,전북특별자치도 남원시 사매면 오신리 231-32,,,,정상가동,99.96,380,60,2020,,,,,2025-11-03
삼다지오신발전소,,전북특별자치도 남원시 사매면 오신리 231-33,,,,정상가동,99.96,380,60,2020,,,,,2025-11-03
윤하태양광발전소,,전북특별자치도 남원시 사매면 오신리 231-34,,,,정상가동,99.96,380,60,2020,,,,,2025-11-03
태성남원,,전북특별자치도 남원시 대산면 풍촌리 233,,,,정상가동,99,380,60,2020,,,,,2025-11-03
제이에이치남원태양광발전소,,전북특별자치도 남원시 대산면 풍촌리 233,,,,정상가동,99,380,60,2020,,,,,2025-11-03
우진축사태양광발전소,,전북특별자치도 남원시 송동면 송상리 437,,,,정상가동,280.84,380,60,2020,,,,,2025-11-03
철호2호태양광발전소,,전북특별자치도 남원시 송동면 흑송리 755-1,,,,정상가동,99.84,380,60,2020,,,,,2025-11-03
수민1호태양광발전소,,전북특별자치도 남원시 운봉읍 권포리 71,,,,정상가동,98.28,380,60,2020,,,,,2025-11-03
제이1호태양광발전소,,전북특별자치도 남원시 운봉읍 권포리 71,,,,정상가동,98.28,380,60,2020,,,,,2025-11-03
수민2호태양광발전소,,전북특별자치도 남원시 운봉읍 권포리 746-5,,,,정상가동,98.28,380,60,2020,,,,,2025-11-03
제이2호태양광발전소,,전북특별자치도 남원시 운봉읍 권포리 746-5,,,,정상가동,98.28,380,60,2020,,,,,2025-11-03
타밀2호태양광발전소,,전북특별자치도 남원시 보절면 사촌리 13,,,,정상가동,99.96,380,60,2020,,,,,2025-11-03
주한태양광발전소,,전북특별자치도 남원시 덕과면 덕촌리 596,,,,정상가동,299.86,380,60,2020,,,,,2025-11-03
민주태양광발전소,,전북특별자치도 남원시 덕과면 덕촌리 658-2,,,,정상가동,299.86,380,60,2020,,,,,2025-11-03
덕신태양광발전소,,전북특별자치도 남원시 덕과면 신양리 707-1,,,,정상가동,99.735,380,60,2020,,,,,2025-11-03
도경태양광발전소,,전북특별자치도 남원시 운봉읍 매요리 15-15,,,,정상가동,97.2,380,60,2020,,,,,2025-11-03
동남태양광발전소,,전북특별자치도 남원시 운봉읍 가산리 878,,,,정상가동,399.84,380,60,2020,,,,,2025-11-03
서현1호태양광발전소,,전북특별자치도 남원시 화정동 319,,,,정상가동,99.84,380,60,2020,,,,,2025-11-03
재혁태양광발전소,,전북특별자치도 남원시 화정동 318,,,,정상가동,99.84,380,60,2020,,,,,2025-11-03
경옥태양광발전소,,전북특별자치도 남원시 화정동 318,,,,정상가동,99.84,380,60,2020,,,,,2025-11-03
부안김씨양망공종중태양광발전소,,전북특별자치도 남원시 산동면 식련리 8,,,,정상가동,200,380,60,2020,,,,,2025-11-03
금정농장1호태양광발전소,,전북특별자치도 남원시 주생면 낙동리 1027-10,,,,정상가동,99,380,60,2020,,,,,2025-11-03
금정농장2호태양광발전소,,전북특별자치도 남원시 주생면 낙동리 1027-10,,,,정상가동,99,380,60,2020,,,,,2025-11-03
금정농장3호태양광발전소,,전북특별자치도 남원시 주생면 낙동리 1027-10,,,,정상가동,99,380,60,2020,,,,,2025-11-03
금정농장4호태양광발전소,,전북특별자치도 남원시 주생면 낙동리 1027-10,,,,정상가동,99,380,60,2020,,,,,2025-11-03
남원5호태양광발전소,,전북특별자치도 남원시 이백면 평촌리 48,,,,정상가동,99.51,380,60,2020,,,,,2025-11-03
태민태양광발전소,,전북특별자치도 남원시 금지면 옹정리 996,,,,정상가동,99.5,380,60,2020,,,,,2025-11-03
SH태양광발전소,,전북특별자치도 남원시 덕과면 고정리 349,,,,정상가동,271.95,380,60,2020,,,,,2025-11-03
향교태양광발전소,,전북특별자치도 남원시 운봉읍 화수리 131-19,,,,정상가동,99.12,380,60,2020,,,,,2025-11-03
황산태양광발전소,,전북특별자치도 남원시 운봉읍 화수리 131-19,,,,정상가동,99.12,380,60,2020,,,,,2025-11-03
부남태양광발전소,,전북특별자치도 남원시 운봉읍 화수리 131-19,,,,정상가동,99.12,380,60,2020,,,,,2025-11-03
대소태양광발전소,,전북특별자치도 남원시 운봉읍 화수리 131-19,,,,정상가동,99.12,380,60,2020,,,,,2025-11-03
무주태양광발전소,,전북특별자치도 남원시 운봉읍 화수리 131-19,,,,정상가동,99.12,380,60,2020,,,,,2025-11-03
길수발전소,,전북특별자치도 남원시 송동면 세전리 1336-177 토지상부,,,,정상가동,29.84,380,60,2020,,,,,2025-11-03
현2호태양광발전소,,전북특별자치도 남원시 수지면 남창리 1720,,,,정상가동,71.34,380,60,2020,,,,,2025-11-03
송지태양광발전소,,전북특별자치도 남원시 송동면 장국리 643,,,,정상가동,184.08,380,60,2020,,,,,2025-11-03
아성에너지2호,,전북특별자치도 남원시 대강면 강석리 9,,,,정상가동,99.225,380,60,2020,,,,,2025-11-03
괴양1호태양광발전소,,전북특별자치도 남원시 보절면 괴양리 29-1,,,,정상가동,99.76,380,60,2020,,,,,2025-11-03
괴양2호태양광발전소,,전북특별자치도 남원시 보절면 괴양리 29-1,,,,정상가동,99.76,380,60,2020,,,,,2025-11-03
늘푸른발전소1호,,전북특별자치도 남원시 이백면 효기리 534,,,,정상가동,99.84,380,60,2020,,,,,2025-11-03
늘푸른발전소2호,,전북특별자치도 남원시 이백면 효기리 534,,,,정상가동,99.84,380,60,2020,,,,,2025-11-03
늘푸른발전소3호,,전북특별자치도 남원시 이백면 효기리 534,,,,정상가동,99.84,380,60,2020,,,,,2025-11-03
늘푸른발전소4호,,전북특별자치도 남원시 이백면 효기리 534,,,,정상가동,99.84,380,60,2020,,,,,2025-11-03
늘푸른발전소5호,,전북특별자치도 남원시 이백면 효기리 534,,,,정상가동,99.84,380,60,2020,,,,,2025-11-03
도엽5호태양광발전소,,전북특별자치도 남원시 송동면 송기리 630-8,,,,정상가동,78.88,380,60,2020,,,,,2025-11-03
춘원태양광발전소,,전북특별자치도 남원시 송동면 신평리 1741-3,,,,정상가동,274.68,380,60,2020,,,,,2025-11-03
래안다안태양광발전소,,전북특별자치도 남원시 보절면 사촌리 19-10,,,,정상가동,99.5,380,60,2020,,,,,2025-11-03
늘해봄에너지4공장,,전북특별자치도 남원시 보절면 사촌리 19-10,,,,정상가동,99.5,380,60,2020,,,,,2025-11-03
덕산태양광발전소,,전북특별자치도 남원시 보절면 사촌리 19-10,,,,정상가동,99.5,380,60,2020,,,,,2025-11-03
봄빛5호태양광발전소,,전북특별자치도 남원시 보절면 사촌리 19-10,,,,정상가동,99.5,380,60,2020,,,,,2025-11-03
빛나리2태양광발전소,,전북특별자치도 남원시 보절면 사촌리 19-10,,,,정상가동,99.5,380,60,2020,,,,,2025-11-03
사촌1호태양광발전소,,전북특별자치도 남원시 보절면 사촌리 19-10,,,,정상가동,31.85,380,60,2020,,,,,2025-11-03
일동태양광발전소,,전북특별자치도 남원시 대산면 수덕리 486-1,,,,정상가동,17.675,380,60,2020,,,,,2025-11-03
종근태양광,,전북특별자치도 남원시 송동면 흑송리 378-20,,,,정상가동,98.01,380,60,2020,,,,,2025-11-03
승욱태양광,,전북특별자치도 남원시 송동면 흑송리 378-3,,,,정상가동,71.8,380,60,2020,,,,,2025-11-03
귀자태양광,,전북특별자치도 남원시 송동면 흑송리 378-3,,,,정상가동,98.01,380,60,2020,,,,,2025-11-03
원진일호에너지,,전북특별자치도 남원시 송동면 신평리 2113-6,,,,정상가동,299.97,380,60,2020,,,,,2025-11-03
임마누엘태양광발전소,,전북특별자치도 남원시 이백면 양가리 323-4,,,,정상가동,274.68,380,60,2020,,,,,2025-11-03
소망농장태양광발전소,,전북특별자치도 남원시 수지면 유암리 234,,,,정상가동,278.4,380,60,2020,,,,,2025-11-03
명희태양광발전소,,전북특별자치도 남원시 대강면 입암리 7,,,,정상가동,171.99,380,60,2020,,,,,2025-11-03
유니소리2호태양광발전소,,전북특별자치도 남원시 대강면 사석리 102,,,,정상가동,99.84,380,60,2020,,,,,2025-11-03
효영태양광발전소,,전북특별자치도 남원시 주천면 주천리 882,,,,정상가동,180.88,380,60,2020,,,,,2025-11-03
한우농장태양광발전소,,전북특별자치도 남원시 주천면 주천리 882,,,,정상가동,99.96,380,60,2020,,,,,2025-11-03
송치1호태양광발전소,,전북특별자치도 남원시 주천면 송치리 25,,,,정상가동,99.76,380,60,2020,,,,,2025-11-03
송치2호태양광발전소,,전북특별자치도 남원시 주천면 송치리 25,,,,정상가동,80.04,380,60,2020,,,,,2025-11-03
종로태양광,,전북특별자치도 남원시 수지면 남창리 1493,,,,정상가동,499.96,380,60,2020,,,,,2025-11-03
기형태양광,,전북특별자치도 남원시 수지면 남창리 1493,,,,정상가동,499.96,380,60,2020,,,,,2025-11-03
채찬마루9호태양광발전소,,전북특별자치도 남원시 수지면 호곡리 1331-1,,,,정상가동,99.71,380,60,2020,,,,,2025-11-03
채찬마루10호태양광발전소,,전북특별자치도 남원시 수지면 호곡리 1331-1,,,,정상가동,99.71,380,60,2020,,,,,2025-11-03
채찬마루11호태양광발전소,,전북특별자치도 남원시 수지면 호곡리 1331-1,,,,정상가동,99.71,380,60,2020,,,,,2025-11-03
문태양광발전소,,전북특별자치도 남원시 덕과면 고정리 765-6,,,,정상가동,99.5,380,60,2020,,,,,2025-11-03
정태양광발전소,,전북특별자치도 남원시 덕과면 고정리 765-7,,,,정상가동,99.5,380,60,2020,,,,,2025-11-03
성태양광발전소,,전북특별자치도 남원시 덕과면 고정리 765-8,,,,정상가동,99.5,380,60,2020,,,,,2025-11-03
해대1호태양광발전소,,전북특별자치도 남원시 송동면 신평리 1715-13,,,,정상가동,99.76,380,60,2020,,,,,2025-11-03
해대2호태양광발전소,,전북특별자치도 남원시 송동면 신평리 1715-13,,,,정상가동,99.76,380,60,2020,,,,,2025-11-03
해대3호태양광발전소,,전북특별자치도 남원시 송동면 신평리 1715-13,,,,정상가동,99.76,380,60,2020,,,,,2025-11-03
해대4호태양광발전소,,전북특별자치도 남원시 송동면 신평리 1715-13,,,,정상가동,99.76,380,60,2020,,,,,2025-11-03
인권태양광발전소,,전북특별자치도 남원시 운봉읍 신기리 722,,,,정상가동,99.91,380,60,2020,,,,,2025-11-03
진수태양광발전소,,전북특별자치도 남원시 운봉읍 신기리 722,,,,정상가동,99.91,380,60,2020,,,,,2025-11-03
명숙태양광발전소,,전북특별자치도 남원시 운봉읍 신기리 722,,,,정상가동,99.91,380,60,2020,,,,,2025-11-03
완호태양광발전소,,전북특별자치도 남원시 금지면 상신리 176-3,,,,정상가동,29.155,380,60,2020,,,,,2025-11-03
미르태양광발전소,,전북특별자치도 남원시 수지면 고평리 727,,,,정상가동,99.68,380,60,2020,,,,,2025-11-03
샛별1태양광발전소,,전북특별자치도 남원시 주생면 내동리 552,,,,정상가동,99.94,380,60,2020,,,,,2025-11-03
샛별2태양광발전소,,전북특별자치도 남원시 주생면 내동리 550,,,,정상가동,99.94,380,60,2020,,,,,2025-11-03
무인1호태양광발전소,,전북특별자치도 남원시 인월면 성산리 312-12,,,,정상가동,28.32,380,60,2020,,,,,2025-11-03
샛별3태양광발전소,,전북특별자치도 남원시 주생면 내동리 647-10,,,,정상가동,99.94,380,60,2020,,,,,2025-11-03
벽송5태양광발전소,,전북특별자치도 남원시 이백면 평촌리 79,,,,정상가동,99.9,380,60,2020,,,,,2025-11-03
은주태양광,,전북특별자치도 남원시 금지면 하도리 526,,,,정상가동,19.11,380,60,2020,,,,,2025-11-03
월탄3호에너지태양광발전소,,전북특별자치도 남원시 대강면 월탄리 273-3,,,,정상가동,99.9,380,60,2020,,,,,2025-11-03
은혜태양광발전소,,전북특별자치도 남원시 수지면 산정리 1176,,,,정상가동,250.7,380,60,2020,,,,,2025-11-03
지혜태양광발전소,,전북특별자치도 남원시 수지면 유암리 846-8,,,,정상가동,150.42,380,60,2020,,,,,2025-11-03
청방태양광1호남원성산발전소,,전북특별자치도 남원시 인월면 성산리 383,,,,정상가동,99.9,380,60,2020,,,,,2025-11-03
채찬마루5호태양광발전소,,전북특별자치도 남원시 수지면 호곡리 1148,,,,정상가동,99.71,380,60,2020,,,,,2025-11-03
채찬마루6호태양광발전소,,전북특별자치도 남원시 수지면 호곡리 1148,,,,정상가동,99.71,380,60,2020,,,,,2025-11-03
채찬마루7호태양광발전소,,전북특별자치도 남원시 수지면 호곡리 1148,,,,정상가동,99.71,380,60,2020,,,,,2025-11-03
영신2호태양광발전소,,전북특별자치도 남원시 이백면 내동리 47,,,,정상가동,99.68,380,60,2020,,,,,2025-11-03
영신3호태양광발전소,,전북특별자치도 남원시 이백면 내동리 47,,,,정상가동,99.68,380,60,2020,,,,,2025-11-03
제일태양광발전소,,전북특별자치도 남원시 주천면 장안리 408-20,,,,정상가동,14.7,380,60,2020,,,,,2025-11-03
장생태양광발전소,,전북특별자치도 남원시 운봉읍 화수리 464-5,,,,정상가동,499.38,380,60,2020,,,,,2025-11-03
도현태양광발전소,,전북특별자치도 남원시 아영면 성리 219-5,,,,정상가동,99.45,380,60,2020,,,,,2025-11-03
희망태양광발전소,,전북특별자치도 남원시 인월면 성산리 312-16,,,,정상가동,98.8,380,60,2020,,,,,2025-11-03
선명태양광발전소,,전북특별자치도 남원시 보절면 도룡리 905-7,,,,정상가동,499.8,380,60,2020,,,,,2025-11-03
선명2태양광발전소,,전북특별자치도 남원시 보절면 도룡리 907-5,,,,정상가동,399.84,380,60,2020,,,,,2025-11-03
지민대산태양광발전소,,전북특별자치도 남원시 대산면 풍촌리 197-2,,,,정상가동,99.84,380,60,2020,,,,,2025-11-03
SY2태양광발전소,,전북특별자치도 남원시 대산면 풍촌리 197-2,,,,정상가동,99.84,380,60,2020,,,,,2025-11-03
춘성1태양광발전소,,전북특별자치도 남원시 사매면 화정리 410,,,,정상가동,99.12,380,60,2020,,,,,2025-11-03
춘성2태양광발전소,,전북특별자치도 남원시 사매면 화정리 410,,,,정상가동,99.12,380,60,2020,,,,,2025-11-03
채찬마루1호태양광발전소,,전북특별자치도 남원시 수지면 고평리 702,,,,정상가동,99.71,380,60,2020,,,,,2025-11-03
채찬마루2호태양광발전소,,전북특별자치도 남원시 수지면 고평리 702,,,,정상가동,99.71,380,60,2020,,,,,2025-11-03
채찬마루3호태양광발전소,,전북특별자치도 남원시 수지면 고평리 702,,,,정상가동,99.71,380,60,2020,,,,,2025-11-03
소은1태양광발전소,,전북특별자치도 남원시 사매면 관풍리 6-1,,,,정상가동,998.4,22900,60,2020,,,,,2025-11-03
소은2태양광발전소,,전북특별자치도 남원시 사매면 관풍리 6-1,,,,정상가동,699.84,22900,60,2020,,,,,2025-11-03
미소태양광발전소,,전북특별자치도 남원시 수지면 남창리 998,,,,정상가동,99.12,380,60,2020,,,,,2025-11-03
솔빛태양광발전소,,전북특별자치도 남원시 수지면 남창리 998,,,,정상가동,99.12,380,60,2020,,,,,2025-11-03
소미태양광발전소,,전북특별자치도 남원시 수지면 남창리 998,,,,정상가동,99.12,380,60,2020,,,,,2025-11-03
(유)사율태양광발전소,,전북특별자치도 남원시 덕과면 사율리 459-1,,,,정상가동,499.5,380,60,2020,,,,,2025-11-03
상봉1호태양광발전소,,전북특별자치도 남원시 송동면 송내리 937-3,,,,정상가동,285.12,380,60,2020,,,,,2025-11-03
상봉2호태양광발전소,,전북특별자치도 남원시 송동면 송내리 957-7,,,,정상가동,316.8,380,60,2020,,,,,2025-11-03
창희태양광발전소,,전북특별자치도 남원시 내척동 611-1,,,,정상가동,499.99,380,60,2020,,,,,2025-11-03
초원태양광발전소,,전북특별자치도 남원시 대강면 강석리 119,,,,정상가동,99.33,380,60,2020,,,,,2025-11-03
선희태양광발전소,,전북특별자치도 남원시 대강면 강석리 119,,,,정상가동,99.33,380,60,2020,,,,,2025-11-03
청솔우2호태양광발전소,,전북특별자치도 남원시 송동면 신평리 1714-1,,,,정상가동,99.975,380,60,2020,,,,,2025-11-03
MB태양광발전소,,전북특별자치도 남원시 운봉읍 신기리 178,,,,정상가동,99.76,380,60,2020,,,,,2025-11-03
MC태양광발전소,,전북특별자치도 남원시 운봉읍 신기리 178,,,,정상가동,99.76,380,60,2020,,,,,2025-11-03
어현1호태양광발전소,,전북특별자치도 남원시 어현동 522,,,,정상가동,99.96,380,60,2020,,,,,2025-11-03
어현2호태양광발전소,,전북특별자치도 남원시 어현동 522,,,,정상가동,99.96,380,60,2020,,,,,2025-11-03
어현3호태양광발전소,,전북특별자치도 남원시 어현동 521,,,,정상가동,99.96,380,60,2020,,,,,2025-11-03
장국1호태양광발전소,,전북특별자치도 남원시 송동면 장국리 1081-1,,,,정상가동,99,380,60,2020,,,,,2025-11-03
장국2호태양광발전소,,전북특별자치도 남원시 송동면 장국리 1081-1,,,,정상가동,19.5,380,60,2020,,,,,2025-11-03
건이네2호태양광발전소,,전북특별자치도 남원시 송동면 신평리 1712-15,,,,정상가동,220.59,380,60,2020,,,,,2025-11-03
수지명순태양광발전소,,전북특별자치도 남원시 수지면 산정리 201,,,,정상가동,20,220,60,2020,,,,,2025-11-03
현진2태양광발전소,,전북특별자치도 남원시 운봉읍 매요리 593-7,,,,정상가동,153.27,380,60,2020,,,,,2025-11-03
옥연태양광발전소,,전북특별자치도 남원시 대강면 송대리 66,,,,정상가동,99.84,380,60,2020,,,,,2025-11-03
오산태양광발전소,,전북특별자치도 남원시 보절면 금다리 411,,,,정상가동,99.45,380,60,2020,,,,,2025-11-03
금계태양광발전소,,전북특별자치도 남원시 보절면 금다리 928-8,,,,정상가동,99.45,380,60,2020,,,,,2025-11-03
남원발전인월5차태양광발전소,,전북특별자치도 남원시 인월면 성산리 321-1,,,,정상가동,99.45,380,60,2020,,,,,2025-11-03
임리1호기태양광발전소,,전북특별자치도 남원시 운봉읍 임리 109,,,,정상가동,99.84,380,60,2020,,,,,2025-11-03
임리3호기태양광발전소,,전북특별자치도 남원시 운봉읍 임리 106,,,,정상가동,99.84,380,60,2020,,,,,2025-11-03
임리4호기태양광발전소,,전북특별자치도 남원시 운봉읍 임리 105,,,,정상가동,99.84,380,60,2020,,,,,2025-11-03
임리5호기태양광발전소,,전북특별자치도 남원시 운봉읍 임리 101,,,,정상가동,99.84,380,60,2020,,,,,2025-11-03
연남1호태양광발전소,,전북특별자치도 남원시 수지면 산정리 895-2,,,,정상가동,29.5,380,60,2023,,,,,2025-11-03
남창킹솔라태양광발전소,,전북특별자치도 남원시 수지면 남창리 1069,,,,정상가동,99.96,380,60,2020,,,,,2025-11-03
은빛태양광발전소,,전북특별자치도 남원시 수지면 남창리 1069,,,,정상가동,99.96,380,60,2020,,,,,2025-11-03
수지1태양광발전소,,전북특별자치도 남원시 수지면 남창리 1069,,,,정상가동,62.72,380,60,2020,,,,,2025-11-03
홍선태양광발전소,,전북특별자치도 남원시 대강면 사석리 1534,,,,정상가동,99.9,380,60,2020,,,,,2025-11-03
순정태양광발전소,,전북특별자치도 남원시 주천면 용궁리 237-1,,,,정상가동,23.01,380,60,2020,,,,,2025-11-03
우리1태양광발전소,,전북특별자치도 남원시 수지면 남창리 1581,,,,정상가동,99,380,60,2020,,,,,2025-11-03
우리2태양광발전소,,전북특별자치도 남원시 수지면 남창리 1581,,,,정상가동,99,380,60,2020,,,,,2025-11-03
우리3태양광발전소,,전북특별자치도 남원시 수지면 남창리 1581,,,,정상가동,99,380,60,2020,,,,,2025-11-03
우리4태양광발전소,,전북특별자치도 남원시 수지면 남창리 1581,,,,정상가동,99,380,60,2020,,,,,2025-11-03
우리5태양광발전소,,전북특별자치도 남원시 수지면 남창리 1581,,,,정상가동,96,380,60,2020,,,,,2025-11-03
김미숙1호태양광발전소,,전북특별자치도 남원시 신촌동 68-2,,,,정상가동,49.98,380,60,2020,,,,,2025-11-03
김미숙2호태양광발전소,,전북특별자치도 남원시 신촌동 68-2,,,,정상가동,14.28,380,60,2020,,,,,2025-11-03
행복태양광발전소,,전북특별자치도 남원시 아영면 일대리 422,,,,정상가동,99.96,380,60,2020,,,,,2025-11-03
반월2태양광발전소,,전북특별자치도 남원시 인월면 자래리 459-6,,,,정상가동,499.56,380,60,2020,,,,,2025-11-03
PGA1태양광발전소,,전북특별자치도 남원시 용정동 29-7,,,,정상가동,99.51,380,60,2020,,,,,2025-11-03
PGA2태양광발전소,,전북특별자치도 남원시 용정동 29-7,,,,정상가동,99.51,380,60,2020,,,,,2025-11-03
운용쏠라파크신덕태양광,,전북특별자치도 남원시 대강면 신덕리 852,,,,정상가동,349.86,380,60,2020,,,,,2025-11-03
채찬마루12호태양광발전소,,전북특별자치도 남원시 수지면 호곡리 1377-11,,,,정상가동,99.71,380,60,2020,,,,,2025-11-03
채찬마루13호태양광발전소,,전북특별자치도 남원시 수지면 호곡리 1377-11,,,,정상가동,99.71,380,60,2020,,,,,2025-11-03
채찬마루14호태양광발전소,,전북특별자치도 남원시 수지면 호곡리 1377-11,,,,정상가동,99.71,380,60,2020,,,,,2025-11-03
민자태양광발전소,,전북특별자치도 남원시 송동면 영동리 16,,,,정상가동,99.56,380,60,2020,,,,,2025-11-03
이동태양광발전소,,전북특별자치도 남원시 아영면 두락리 135,,,,정상가동,99.84,380,60,2020,,,,,2025-11-03
순기네태양광,,전북특별자치도 남원시 대산면 길곡리 162-1,,,,정상가동,19.47,220,60,2020,,,,,2025-11-03
오가네1호발전소,,전북특별자치도 남원시 이백면 양가리 685-3,,,,정상가동,93.02,380,60,2020,,,,,2025-11-03
오가네2호발전소,,전북특별자치도 남원시 이백면 양가리 685-3,,,,정상가동,95.36,380,60,2020,,,,,2025-11-03
동무1호태양광발전소,,전북특별자치도 남원시 인월면 취암리 605-8,,,,정상가동,99.96,380,60,2020,,,,,2025-11-03
동무2호태양광발전소,,전북특별자치도 남원시 인월면 취암리 605-8,,,,정상가동,99.96,380,60,2020,,,,,2025-11-03
정도태양광발전소,,전북특별자치도 남원시 송동면 송내리 801,,,,정상가동,199.68,380,60,2020,,,,,2025-11-03
봉순태양광발전소,,전북특별자치도 남원시 송동면 송내리 801,,,,정상가동,199.68,380,60,2020,,,,,2025-11-03
영상태양광발전소,,전북특별자치도 남원시 아영면 두락리 135,,,,정상가동,99.84,380,60,2020,,,,,2025-11-03
서당골1호태양광,,전북특별자치도 남원시 덕과면 용산리 458-1,,,,정상가동,99.96,380,60,2020,,,,,2025-11-03
서당골2호태양광,,전북특별자치도 남원시 덕과면 용산리 458-1,,,,정상가동,199.92,380,60,2020,,,,,2025-11-03
(유)효기태양광발전소,,전북특별자치도 남원시 이백면 효기리 18,,,,정상가동,299.7,380,60,2020,,,,,2025-11-03
원진이호에너지,,전북특별자치도 남원시 송동면 송내리 60-1,,,,정상가동,99.9,380,60,2020,,,,,2025-11-03
화정태양광발전소,,전북특별자치도 남원시 화정동 57,,,,정상가동,90.86,380,60,2020,,,,,2025-11-03
송내태양광발전소1호,,전북특별자치도 남원시 송동면 송내리 290-1,,,,정상가동,99.84,380,60,2020,,,,,2025-11-03
송내태양광발전소2호,,전북특별자치도 남원시 송동면 송내리 290-1,,,,정상가동,99.84,380,60,2020,,,,,2025-11-03
송내태양광발전소3호,,전북특별자치도 남원시 송동면 송내리 290-1,,,,정상가동,99.84,380,60,2020,,,,,2025-11-03
송내태양광발전소4호,,전북특별자치도 남원시 송동면 송내리 290-1,,,,정상가동,99.84,380,60,2020,,,,,2025-11-03
송내태양광발전소5호,,전북특별자치도 남원시 송동면 송내리 290-1,,,,정상가동,99.84,380,60,2020,,,,,2025-11-03
맑은1호태양광발전소,,전북특별자치도 남원시 인월면 건지리 18-55,,,,정상가동,198.24,380,60,2020,,,,,2025-11-03
맑은2호태양광발전소,,전북특별자치도 남원시 인월면 건지리 18-55,,,,정상가동,99.12,380,60,2020,,,,,2025-11-03
태광태양광발전소,,전북특별자치도 남원시 대강면 수홍리 649,,,,정상가동,396.48,380,60,2020,,,,,2025-11-03
다지태양광발전소,,전북특별자치도 남원시 사매면 오신리 231-31,,,,정상가동,99.84,380,60,2020,,,,,2025-11-03
시영태양광발전소,,전북특별자치도 남원시 수지면 호곡리 1265,,,,정상가동,198,380,60,2020,,,,,2025-11-03
성화태양광발전소1호,,전북특별자치도 남원시 송동면 장포리 402,,,,정상가동,99.84,380,60,2020,,,,,2025-11-03
성현태양광발전소1호,,전북특별자치도 남원시 송동면 장포리 402,,,,정상가동,99.84,380,60,2020,,,,,2025-11-03
성화태양광발전소2호,,전북특별자치도 남원시 송동면 장포리 327,,,,정상가동,99.84,380,60,2020,,,,,2025-11-03
성현태양광발전소2호,,전북특별자치도 남원시 송동면 장포리 327,,,,정상가동,99.84,380,60,2020,,,,,2025-11-03
성태양광발전소2호,,전북특별자치도 남원시 송동면 장포리 327,,,,정상가동,99.84,380,60,2020,,,,,2025-11-03
도산발전소,,전북특별자치도 남원시 주생면 도산리 986-10,,,,정상가동,46.4,380,60,2020,,,,,2025-11-03
진병표태양광발전소,,전북특별자치도 남원시 대강면 방동리 1451-5,,,,정상가동,99.9,380,60,2020,,,,,2025-11-03
웰빙태양광발전소,,전북특별자치도 남원시 광치동 469,,,,정상가동,99.76,380,60,2020,,,,,2025-11-03
웰빙1태양광발전소,,전북특별자치도 남원시 광치동 469,,,,정상가동,99.76,380,60,2020,,,,,2025-11-03
만해태양광발전소,,전북특별자치도 남원시 수지면 남창리 1178-1,,,,정상가동,99.975,380,60,2020,,,,,2025-11-03
신선태양광2호,,전북특별자치도 남원시 주천면 호기리 656,,,,정상가동,29.5,380,60,2020,,,,,2025-11-03
남도유암태양광발전소,,전북특별자치도 남원시 수지면 유암리 439-1,,,,정상가동,167.05,380,60,2020,,,,,2025-11-03
승진유암태양광발전소,,전북특별자치도 남원시 수지면 유암리 440-1,,,,정상가동,299.65,380,60,2020,,,,,2025-11-03
문덕태양광발전소,,전북특별자치도 남원시 주생면 내동리 643-4,,,,정상가동,400,380,60,2020,,,,,2025-11-03
광현태양광발전소,,전북특별자치도 남원시 주생면 내동리 643-4,,,,정상가동,400,380,60,2020,,,,,2025-11-03
무지개태양광발전소,,전북특별자치도 남원시 내척동 649-3,,,,정상가동,99.96,380,60,2020,,,,,2025-11-03
쉼터1태양광발전소,,전북특별자치도 남원시 내척동 649-3,,,,정상가동,99.96,380,60,2020,,,,,2025-11-03
우주태양광발전소,,전북특별자치도 남원시 내척동 649-3,,,,정상가동,99.96,380,60,2020,,,,,2025-11-03
내척경원태양광발전소,,전북특별자치도 남원시 내척동 649-3,,,,정상가동,99.96,380,60,2020,,,,,2025-11-03
김성식태양광발전소,,전북특별자치도 남원시 인월면 성산리 342-1,,,,정상가동,44.25,380,60,2020,,,,,2025-11-03
용암1호태양광발전소,,전북특별자치도 남원시 대강면 평촌리 409-12,,,,정상가동,99.9,380,60,2020,,,,,2025-11-03
용암2호태양광발전소,,전북특별자치도 남원시 대강면 평촌리 409-12,,,,정상가동,99.9,380,60,2020,,,,,2025-11-03
용암3호태양광발전소,,전북특별자치도 남원시 대강면 평촌리 409-12,,,,정상가동,99.9,380,60,2020,,,,,2025-11-03
용암4호태양광발전소,,전북특별자치도 남원시 대강면 평촌리 409-12,,,,정상가동,399.6,380,60,2020,,,,,2025-11-03
용암5호태양광발전소,,전북특별자치도 남원시 대강면 평촌리 409-12,,,,정상가동,99.9,380,60,2020,,,,,2025-11-03
용암6호태양광발전소,,전북특별자치도 남원시 대강면 평촌리 409-12,,,,정상가동,99.9,380,60,2020,,,,,2025-11-03
용암7호태양광발전소,,전북특별자치도 남원시 대강면 평촌리 409-12,,,,정상가동,99.9,380,60,2020,,,,,2025-11-03
용암8호태양광발전소,,전북특별자치도 남원시 대강면 평촌리 409-12,,,,정상가동,299.7,380,60,2020,,,,,2025-11-03
용암9호태양광발전소,,전북특별자치도 남원시 대강면 평촌리 409-12,,,,정상가동,99.9,380,60,2020,,,,,2025-11-03
용암10호태양광발전소,,전북특별자치도 남원시 대강면 평촌리 409-12,,,,정상가동,99.9,380,60,2020,,,,,2025-11-03
용암11호태양광발전소,,전북특별자치도 남원시 대강면 평촌리 409-12,,,,정상가동,299.7,380,60,2020,,,,,2025-11-03
용암12호태양광발전소,,전북특별자치도 남원시 대강면 평촌리 409-12,,,,정상가동,99.9,380,60,2020,,,,,2025-11-03
용암13호태양광발전소,,전북특별자치도 남원시 대강면 평촌리 409-12,,,,정상가동,99.9,380,60,2020,,,,,2025-11-03
남원방동1호태양광발전소,,전북특별자치도 남원시 대강면 방동리 475,,,,정상가동,99.76,380,60,2020,,,,,2025-11-03
남원방동2호태양광발전소,,전북특별자치도 남원시 대강면 방동리 477,,,,정상가동,99.76,380,60,2020,,,,,2025-11-03
남원방동3호태양광발전소,,전북특별자치도 남원시 대강면 방동리 478,,,,정상가동,99.76,380,60,2020,,,,,2025-11-03
남원방동4호태양광발전소,,전북특별자치도 남원시 대강면 방동리 478,,,,정상가동,99.76,380,60,2020,,,,,2025-11-03
남원방동5호태양광발전소,전북특별자치도 남원시 대강면 방동길 478,,,,,정상가동,99.76,380,60,2020,,,,,2025-11-03
봉곡태양광발전소,,전북특별자치도 남원시 운봉읍 덕산리 246,,,,정상가동,99.9,380,60,2020,,,,,2025-11-03
소영태양광발전소,,전북특별자치도 남원시 주천면 배덕리 662,,,,정상가동,99.45,380,60,2020,,,,,2025-11-03
상용태양광발전소,,전북특별자치도 남원시 주천면 배덕리 662,,,,정상가동,149.4,380,60,2020,,,,,2025-11-03
김복수태양광발전소1호,,전북특별자치도 남원시 송동면 송내리 761-4,,,,정상가동,99.12,380,60,2020,,,,,2025-11-03
김복수태양광발전소2호,,전북특별자치도 남원시 송동면 송내리 761-4,,,,정상가동,99.12,380,60,2020,,,,,2025-11-03
김복수태양광발전소3호,,전북특별자치도 남원시 송동면 송내리 761-4,,,,정상가동,99.12,380,60,2020,,,,,2025-11-03
김복수태양광발전소4호,,전북특별자치도 남원시 송동면 송내리 761-4,,,,정상가동,198.24,380,60,2020,,,,,2025-11-03
삼백농장1호태양광발전소,,전북특별자치도 남원시 운봉읍 매요리 866,,,,정상가동,99.71,380,60,2020,,,,,2025-11-03
삼백농장2호태양광발전소,,전북특별자치도 남원시 운봉읍 매요리 866,,,,정상가동,99.71,380,60,2020,,,,,2025-11-03
삼백농장3호태양광발전소,,전북특별자치도 남원시 운봉읍 매요리 866,,,,정상가동,99.71,380,60,2020,,,,,2025-11-03
삼백농장4호태양광발전소,,전북특별자치도 남원시 운봉읍 매요리 866,,,,정상가동,99.71,380,60,2020,,,,,2025-11-03
신성2호태양광발전소,,전북특별자치도 남원시 송동면 두신리 78-1,,,,정상가동,99.76,380,60,2020,,,,,2025-11-03
성신태양광발전소,,전북특별자치도 남원시 아영면 성리 602,,,,정상가동,399.485,380,60,2020,,,,,2025-11-03
태평9호태양광발전소,,전북특별자치도 남원시 산동면 태평리 318-10,,,,정상가동,99.76,380,60,2020,,,,,2025-11-03
태평10호태양광발전소,,전북특별자치도 남원시 산동면 태평리 318-41,,,,정상가동,99.76,380,60,2020,,,,,2025-11-03
태평11호태양광발전소,,전북특별자치도 남원시 산동면 태평리 318-41,,,,정상가동,99.76,380,60,2020,,,,,2025-11-03
태평12호태양광발전소,,전북특별자치도 남원시 산동면 태평리 318-7,,,,정상가동,99.76,380,60,2020,,,,,2025-11-03
태평13호태양광발전소,,전북특별자치도 남원시 산동면 태평리 318-41,,,,정상가동,99.76,380,60,2020,,,,,2025-11-03
태평14호태양광발전소,,전북특별자치도 남원시 산동면 태평리 318-41,,,,정상가동,99.76,380,60,2020,,,,,2025-11-03
유한회사 월탄태양광발전소,,전북특별자치도 남원시 대강면 월탄리 73,,,,정상가동,499.96,380,60,2020,,,,,2025-11-03
선태양광발전소,,전북특별자치도 남원시 금지면 옹정리 1159,,,,정상가동,99.12,380,60,2020,,,,,2025-11-03
김제태양광발전소,,전북특별자치도 남원시 사매면 대신리 635-1,,,,정상가동,99.36,380,60,2020,,,,,2025-11-03
한일서매1호태양광발전소,,전북특별자치도 남원시 금지면 서매리 1078-3,,,,정상가동,299.86,380,60,2020,,,,,2025-11-03
한일서매2호태양광발전소,,전북특별자치도 남원시 금지면 서매리 1078-3,,,,정상가동,199.52,380,60,2020,,,,,2025-11-03
우리태양광발전소,,전북특별자치도 남원시 월락동 501-3,,,,정상가동,38.7,380,60,2020,,,,,2025-11-03
연에너지3태양광발전소,,전북특별자치도 남원시 사매면 오신리 1001-2,,,,정상가동,93.09,380,60,2020,,,,,2025-11-03
형근태양광발전소,,전북특별자치도 남원시 사매면 오신리 1002-1,,,,정상가동,98.44,380,60,2020,,,,,2025-11-03
재환태양광발전소,,전북특별자치도 남원시 사매면 오신리 1001,,,,정상가동,98.44,380,60,2020,,,,,2025-11-03
심영지태양광발전소,,전북특별자치도 남원시 아영면 일대리 602-2,,,,정상가동,99.19,380,60,2020,,,,,2025-11-03
황벌태양광발전소,,전북특별자치도 남원시 보절면 황벌리 7-25,,,,정상가동,99.91,380,60,2020,,,,,2025-11-03
신평1호태양광발전소,,전북특별자치도 남원시 송동면 신평리 703-3,,,,정상가동,999.46,22900,60,2020,,,,,2025-11-03
신평2호태양광발전소,,전북특별자치도 남원시 송동면 신평리 703-3,,,,정상가동,399.43,380,60,2020,,,,,2025-11-03
영미태양광발전소,,전북특별자치도 남원시 보절면 도룡리 235,,,,정상가동,29.7,380,60,2020,,,,,2025-11-03
두리태양광발전소,,전북특별자치도 남원시 수지면 호곡리 957-2,,,,정상가동,495.6,380,60,2020,,,,,2025-11-03
부부1호태양광발전소,,전북특별자치도 남원시 수지면 호곡리 958,,,,정상가동,495.6,380,60,2020,,,,,2025-11-03
부부2호태양광발전소,,전북특별자치도 남원시 수지면 호곡리 963,,,,정상가동,495.6,380,60,2020,,,,,2025-11-03
금탄1호태양광발전소,,전북특별자치도 남원시 대강면 월탄리 820-7,,,,정상가동,99.9,380,60,2020,,,,,2025-11-03
금탄2호태양광발전소,,전북특별자치도 남원시 대강면 월탄리 820-7,,,,정상가동,99.9,380,60,2020,,,,,2025-11-03
금탄3호태양광발전소,,전북특별자치도 남원시 대강면 월탄리 820-7,,,,정상가동,99.9,380,60,2020,,,,,2025-11-03
금탄4호태양광발전소,,전북특별자치도 남원시 대강면 월탄리 820-7,,,,정상가동,99.9,380,60,2020,,,,,2025-11-03
금탄5호태양광발전소,,전북특별자치도 남원시 대강면 월탄리 820-7,,,,정상가동,99.9,380,60,2020,,,,,2025-11-03
금탄6호태양광발전소,,전북특별자치도 남원시 대강면 월탄리 820-7,,,,정상가동,99.9,380,60,2020,,,,,2025-11-03
편동1호태양광발전소,,전북특별자치도 남원시 대강면 방동리 1442-4,,,,정상가동,99.9,380,60,2020,,,,,2025-11-03
편동2호태양광발전소,,전북특별자치도 남원시 대강면 방동리 1442-4,,,,정상가동,99.9,380,60,2020,,,,,2025-11-03
덕원태양광발전소,,전북특별자치도 남원시 덕과면 사율리 30-2,,,,정상가동,99,380,60,2020,,,,,2025-11-03
다지1호태양광발전소,,전북특별자치도 남원시 덕과면 사율리 30-2,,,,정상가동,99,380,60,2020,,,,,2025-11-03
덕과1호태양광,,전북특별자치도 남원시 덕과면 덕촌리 986-1,,,,정상가동,99.12,380,60,2020,,,,,2025-11-03
덕과2호태양광,,전북특별자치도 남원시 덕과면 덕촌리 986-1,,,,정상가동,99.12,380,60,2020,,,,,2025-11-03
덕과3호태양광,,전북특별자치도 남원시 덕과면 덕촌리 986-1,,,,정상가동,99.12,380,60,2020,,,,,2025-11-03
덕과4호태양광,,전북특별자치도 남원시 덕과면 덕촌리 986-3,,,,정상가동,99.12,380,60,2020,,,,,2025-11-03
덕과5호태양광,,전북특별자치도 남원시 덕과면 덕촌리 986-3,,,,정상가동,99.12,380,60,2020,,,,,2025-11-03
덕과6호태양광,,전북특별자치도 남원시 덕과면 덕촌리 986-3,,,,정상가동,99.12,380,60,2020,,,,,2025-11-03
덕과7호태양광,,전북특별자치도 남원시 덕과면 덕촌리 986-3,,,,정상가동,99.12,380,60,2020,,,,,2025-11-03
덕과8호태양광,,전북특별자치도 남원시 덕과면 덕촌리 986-3,,,,정상가동,99.12,380,60,2020,,,,,2025-11-03
덕과9호태양광,,전북특별자치도 남원시 덕과면 덕촌리 986-5,,,,정상가동,99.12,380,60,2020,,,,,2025-11-03
덕과10호태양광,,전북특별자치도 남원시 덕과면 덕촌리 986-5,,,,정상가동,99.12,380,60,2020,,,,,2025-11-03
덕과11호태양광,,전북특별자치도 남원시 덕과면 덕촌리 986-5,,,,정상가동,99.12,380,60,2020,,,,,2025-11-03
동광1호태양광발전소,,전북특별자치도 남원시 운봉읍 장교리 563,,,,정상가동,99,380,60,2020,,,,,2025-11-03
동광2호태양광발전소,,전북특별자치도 남원시 운봉읍 장교리 563,,,,정상가동,99,380,60,2020,,,,,2025-11-03
창신1호태양광발전소,,전북특별자치도 남원시 운봉읍 장교리 563,,,,정상가동,99,380,60,2020,,,,,2025-11-03
창신2호태양광발전소,,전북특별자치도 남원시 운봉읍 장교리 563,,,,정상가동,99,380,60,2020,,,,,2025-11-03
재민태양광발전소,,전북특별자치도 남원시 보절면 도룡리 236,,,,정상가동,248.98,380,60,2020,,,,,2025-11-03
신기태양광발전소,,전북특별자치도 남원시 운봉읍 신기리 690,,,,정상가동,49,380,60,2020,,,,,2025-11-03
에스엠에너지,,전북특별자치도 남원시 대강면 사석리 1728,,,,정상가동,499.95,380,60,2020,,,,,2025-11-03
송가9호,,전북특별자치도 남원시 대강면 사석리 1728,,,,정상가동,170.5,380,60,2020,,,,,2025-11-03
수지2태양광발전소,,전북특별자치도 남원시 수지면 남창리 989-1,,,,정상가동,99.12,380,60,2020,,,,,2025-11-03
경춘태양광발전소,,전북특별자치도 남원시 수지면 남창리 989-1,,,,정상가동,99.12,380,60,2020,,,,,2025-11-03
평화발전태양광발전소,,전북특별자치도 남원시 수지면 남창리 989-1,,,,정상가동,99.12,380,60,2020,,,,,2025-11-03
샬롬태양광발전소,,전북특별자치도 남원시 수지면 남창리 989-1,,,,정상가동,99.12,380,60,2020,,,,,2025-11-03
갱아홀릭1호태양광발전소,,전북특별자치도 남원시 아영면 일대리 472,,,,정상가동,99.71,380,60,2020,,,,,2025-11-03
갱아홀릭2호태양광발전소,,전북특별자치도 남원시 아영면 일대리 472,,,,정상가동,53.1,380,60,2020,,,,,2025-11-03
한우태양광발전소,,전북특별자치도 남원시 수지면 산정리 1254-2,,,,정상가동,242.76,380,60,2020,,,,,2025-11-03
화정1태양광발전소,,전북특별자치도 남원시 화정동 317,,,,정상가동,99.76,380,60,2020,,,,,2025-11-03
화정2태양광발전소,,전북특별자치도 남원시 화정동 317,,,,정상가동,99.76,380,60,2020,,,,,2025-11-03
화정3태양광발전소,,전북특별자치도 남원시 화정동 317,,,,정상가동,99.76,380,60,2020,,,,,2025-11-03
우리원1호태양광발전소,,전북특별자치도 남원시 금지면 상귀리 636,,,,정상가동,99.84,380,60,2020,,,,,2025-11-03
우리원2호태양광발전소,,전북특별자치도 남원시 금지면 상귀리 636,,,,정상가동,128,380,60,2020,,,,,2025-11-03
바래태양광발전소,,전북특별자치도 남원시 운봉읍 화수리 573,,,,정상가동,499.95,22900,60,2020,,,,,2025-11-03
월산1호태양광발전소,,전북특별자치도 남원시 산동면 월석리 686-2,,,,정상가동,99.975,380,60,2020,,,,,2025-11-03
월산2호태양광발전소,,전북특별자치도 남원시 산동면 월석리 686-2,,,,정상가동,99.975,380,60,2020,,,,,2025-11-03
월산3호태양광발전소,,전북특별자치도 남원시 산동면 월석리 686-1,,,,정상가동,99.975,380,60,2020,,,,,2025-11-03
그린펙토리1호발전소,,전북특별자치도 남원시 대강면 옥택리 484,,,,정상가동,284.97,380,60,2020,,,,,2025-11-03
그린펙토리2호발전소,,전북특별자치도 남원시 대강면 옥택리 484,,,,정상가동,99.71,380,60,2020,,,,,2025-11-03
장포1태양광발전소,,전북특별자치도 남원시 송동면 장포리 157,,,,정상가동,99.83,380,60,2020,,,,,2025-11-03
장포2태양광발전소,,전북특별자치도 남원시 송동면 장포리 157,,,,정상가동,99.83,380,60,2020,,,,,2025-11-03
춘향1호태양광발전소,,전북특별자치도 남원시 갈치동 17-1,,,,정상가동,99.84,380,60,2020,,,,,2025-11-03
춘향2호태양광발전소,,전북특별자치도 남원시 갈치동 21-1,,,,정상가동,99.84,380,60,2020,,,,,2025-11-03
황인국태양광발전소1호,,전북특별자치도 남원시 인월면 건지리 75-15,,,,정상가동,14.75,220,60,2020,,,,,2025-11-03
타밀3호태양광발전소,,전북특별자치도 남원시 송동면 흑송리 413-5,,,,정상가동,29.67,380,60,2020,,,,,2025-11-03
마루태양광발전소,,전북특별자치도 남원시 인월면 자래리 519-5,,,,정상가동,99.96,380,60,2020,,,,,2025-11-03
만복이태양광발전소,,전북특별자치도 남원시 송동면 두신리 122-1,,,,정상가동,399.9,380,60,2020,,,,,2025-11-03
덕훈이태양광발전소,,전북특별자치도 남원시 송동면 두신리 122-1,,,,정상가동,99.975,380,60,2020,,,,,2025-11-03
이쁜이태양광발전소,,전북특별자치도 남원시 신정동 862,,,,정상가동,74.375,380,60,2020,,,,,2025-11-03
안승용발전소,,전북특별자치도 남원시 금지면 택내리 444-1,,,,정상가동,637.74,22900,60,2020,,,,,2025-11-03
이문숙발전소,,전북특별자치도 남원시 금지면 택내리 444-1,,,,정상가동,99.36,380,60,2020,,,,,2025-11-03
우리두리태양광발전소,,전북특별자치도 남원시 산내면 입석리 597-1,,,,정상가동,199.2,380,60,2020,,,,,2025-11-03
대상태양광발전소,,전북특별자치도 남원시 아영면 일대리 599,,,,정상가동,93.6,380,60,2020,,,,,2025-11-03
써니1태양광발전소,,전북특별자치도 남원시 운봉읍 서천리 579,,,,정상가동,99.96,380,60,2020,,,,,2025-11-03
써니2태양광발전소,,전북특별자치도 남원시 운봉읍 서천리 579,,,,정상가동,99.96,380,60,2020,,,,,2025-11-03
써니3태양광발전소,,전북특별자치도 남원시 운봉읍 서천리 579,,,,정상가동,99.96,380,60,2020,,,,,2025-11-03
써니4태양광발전소,,전북특별자치도 남원시 운봉읍 서천리 579,,,,정상가동,44.625,380,60,2020,,,,,2025-11-03
우현1태양광발전소,,전북특별자치도 남원시 덕과면 용산리 998-14,,,,정상가동,39.27,380,60,2020,,,,,2025-11-03
우현2태양광발전소,,전북특별자치도 남원시 덕과면 용산리 998-14,,,,정상가동,99.76,380,60,2020,,,,,2025-11-03
우현3태양광발전소,,전북특별자치도 남원시 덕과면 용산리 998-14,,,,정상가동,99.76,380,60,2020,,,,,2025-11-03
혜린태양광발전소,,전북특별자치도 남원시 덕과면 용산리 998-12,,,,정상가동,99.76,380,60,2020,,,,,2025-11-03
사랑태양광발전소5호,,전북특별자치도 남원시 사매면 서도리 602-8,,,,정상가동,99.84,380,60,2020,,,,,2025-11-03
사랑태양광발전소6호,,전북특별자치도 남원시 사매면 서도리 602-8,,,,정상가동,99.84,380,60,2020,,,,,2025-11-03
석주태양광발전소,,전북특별자치도 남원시 대강면 생암리 553-6,,,,정상가동,499.96,380,60,2020,,,,,2025-11-03
석주1태양광발전소,,전북특별자치도 남원시 대강면 생암리 553-6,,,,정상가동,99.76,380,60,2020,,,,,2025-11-03
성삼태양광발전소,,전북특별자치도 남원시 운봉읍 행정리 513-1,,,,정상가동,75,380,60,2020,,,,,2025-11-03
남창1호태양광발전소,,전북특별자치도 남원시 수지면 남창리 1265,,,,정상가동,99,380,60,2020,,,,,2025-11-03
남창2호태양광발전소,,전북특별자치도 남원시 수지면 남창리 1265,,,,정상가동,99,380,60,2020,,,,,2025-11-03
남창3호태양광발전소,,전북특별자치도 남원시 수지면 남창리 1265,,,,정상가동,99,380,60,2020,,,,,2025-11-03
운지7호태양광발전소,,전북특별자치도 남원시 산내면 입석리 617-2,,,,정상가동,99.84,380,60,2020,,,,,2025-11-03
형천1태양광발전소,,전북특별자치도 남원시 주생면 지당리 717-237,,,,정상가동,99.84,380,60,2020,,,,,2025-11-03
형천2태양광발전소,,전북특별자치도 남원시 주생면 지당리 717-147,,,,정상가동,99.84,380,60,2020,,,,,2025-11-03
(유)소원2호태양광발전소,,전북특별자치도 남원시 대강면 사석리 1779-3,,,,정상가동,697.6,22900,60,2020,,,,,2025-11-03
남성3태양광발전소,,전북특별자치도 남원시 운봉읍 신기리 197,,,,정상가동,99,380,60,2020,,,,,2025-11-03
희선발전소,,전북특별자치도 남원시 주생면 정송리 563-2,,,,정상가동,99.76,380,60,2020,,,,,2025-11-03
영순발전소,,전북특별자치도 남원시 주생면 정송리 563-2,,,,정상가동,99.76,380,60,2020,,,,,2025-11-03
영선발전소,,전북특별자치도 남원시 주생면 정송리 563-2,,,,정상가동,99.76,380,60,2020,,,,,2025-11-03
윤숙발전소,,전북특별자치도 남원시 주생면 정송리 563-2,,,,정상가동,99.76,380,60,2020,,,,,2025-11-03
병호발전소,,전북특별자치도 남원시 주생면 정송리 563-2,,,,정상가동,99.76,380,60,2020,,,,,2025-11-03
효기리태양광발전소,,전북특별자치도 남원시 이백면 효기리 산62-4,,,,정상가동,801.36,22900,60,2020,,,,,2025-11-03
생암리태양광발전소,,전북특별자치도 남원시 대강면 생암리 301,,,,정상가동,498.55,380,60,2020,,,,,2025-11-03
평온태양광발전소,,전북특별자치도 남원시 대강면 생암리 301,,,,정상가동,498.55,380,60,2020,,,,,2025-11-03
더라이트2호태양광발전소,,전북특별자치도 남원시 대강면 생암리 301,,,,정상가동,498.55,380,60,2020,,,,,2025-11-03
신평태양광발전소,,전북특별자치도 남원시 대강면 생암리 301,,,,정상가동,498.55,380,60,2020,,,,,2025-11-03
박기평태양광발전소,,전북특별자치도 남원시 수지면 호곡리 1029,,,,정상가동,199.42,380,60,2020,,,,,2025-11-03
산동1발전소,,전북특별자치도 남원시 운봉읍 동천리 641-15,,,,정상가동,99.45,380,60,2020,,,,,2025-11-03
산동2발전소,,전북특별자치도 남원시 운봉읍 동천리 641-15,,,,정상가동,99.45,380,60,2020,,,,,2025-11-03
산동3발전소,,전북특별자치도 남원시 운봉읍 동천리 641-15,,,,정상가동,99.45,380,60,2020,,,,,2025-11-03
한나1호태양광발전소,,전북특별자치도 남원시 운봉읍 장교리 1084-7,,,,정상가동,99.12,380,60,2020,,,,,2025-11-03
한나2호태양광발전소,,전북특별자치도 남원시 운봉읍 장교리 1084-7,,,,정상가동,99.12,380,60,2020,,,,,2025-11-03
한희1호태양광발전소,,전북특별자치도 남원시 운봉읍 장교리 1084-7,,,,정상가동,99.12,380,60,2020,,,,,2025-11-03
한희2호태양광발전소,,전북특별자치도 남원시 운봉읍 장교리 1084-7,,,,정상가동,99.12,380,60,2020,,,,,2025-11-03
㈜인당태양광발전소,,전북특별자치도 남원시 운봉읍 용산리 48-3,,,,정상가동,999.92,380,60,2020,,,,,2025-11-03
덕인태양광발전소,,전북특별자치도 남원시 운봉읍 용산리 48-3,,,,정상가동,999.92,380,60,2020,,,,,2025-11-03
성두발전소,,전북특별자치도 남원시 운봉읍 매요리 524,,,,정상가동,99.76,380,60,2020,,,,,2025-11-03
매요발전소,,전북특별자치도 남원시 운봉읍 매요리 524,,,,정상가동,99.76,380,60,2020,,,,,2025-11-03
현진태양광발전소,,전북특별자치도 남원시 산동면 목동리 523-1,,,,정상가동,199.92,380,60,2020,,,,,2025-11-03
소생1호태양광발전소,,전북특별자치도 남원시 주천면 송치리 1170-2,,,,정상가동,99.96,380,60,2020,,,,,2025-11-03
소생2호태양광발전소,,전북특별자치도 남원시 주천면 송치리 1170-2,,,,정상가동,99.96,380,60,2020,,,,,2025-11-03
소생3호태양광발전소,,전북특별자치도 남원시 주천면 송치리 1170-2,,,,정상가동,99.96,380,60,2020,,,,,2025-11-03
소생4호태양광발전소,,전북특별자치도 남원시 주천면 송치리 1170-2,,,,정상가동,99.96,380,60,2020,,,,,2025-11-03
성림태양광발전소,,전북특별자치도 남원시 신촌동 83-1,,,,정상가동,19.47,380,60,2020,,,,,2025-11-03
대한태양광발전소,,전북특별자치도 남원시 이백면 서곡리 597-3,,,,정상가동,19.5,380,60,2020,,,,,2025-11-03
김정오1호태양광,,전북특별자치도 남원시 용정동 450,,,,정상가동,99.76,380,60,2020,,,,,2025-11-03
김정선태양광발전소,,전북특별자치도 남원시 용정동 450,,,,정상가동,99.76,380,60,2020,,,,,2025-11-03
김윤경태양광발전소,,전북특별자치도 남원시 용정동 450,,,,정상가동,99.76,380,60,2020,,,,,2025-11-03
남원세화5호태양광발전소,,전북특별자치도 남원시 금지면 방촌리 433,,,,정상가동,99.84,380,60,2020,,,,,2025-11-03
도원2호태양광발전소,,전북특별자치도 남원시 금지면 방촌리 433,,,,정상가동,99.84,380,60,2020,,,,,2025-11-03
YM태양광발전소,,전북특별자치도 남원시 금지면 방촌리 434,,,,정상가동,99.84,380,60,2020,,,,,2025-11-03
태영7호태양광발전소,,전북특별자치도 남원시 운봉읍 행정리 97-2,,,,정상가동,29.75,380,60,2020,,,,,2025-11-03
채운태양광발전소,,전북특별자치도 남원시 금지면 하도리 239-1,,,,정상가동,18.72,220,60,2020,,,,,2025-11-03
의성3호태양광발전소,,전북특별자치도 남원시 금지면 신월리 467,,,,정상가동,14.75,220,60,2020,,,,,2025-11-03
배덕1호태양광발전소,,전북특별자치도 남원시 주천면 배덕리 10,,,,정상가동,99.71,380,60,2020,,,,,2025-11-03
배덕2호태양광발전소,,전북특별자치도 남원시 주천면 배덕리 10,,,,정상가동,99.71,380,60,2020,,,,,2025-11-03
배덕3호태양광발전소,,전북특별자치도 남원시 주천면 배덕리 10,,,,정상가동,99.71,380,60,2020,,,,,2025-11-03
병래1호발전소,,전북특별자치도 남원시 이백면 서곡리 595-1,,,,정상가동,19.44,380,60,2020,,,,,2025-11-03
병래2호발전소,,전북특별자치도 남원시 도통동 563-7,,,,정상가동,19.44,380,60,2023,,,,,2025-11-03
놀부태양광발전소,,전북특별자치도 남원시 인월면 자래리 171-1,,,,정상가동,29.58,380,60,2020,,,,,2025-11-03
강옥3호발전소,,전북특별자치도 남원시 사매면 계수리 557,,,,정상가동,99.96,380,60,2020,,,,,2025-11-03
세은태양광발전소,,전북특별자치도 남원시 대산면 대곡리 705,,,,정상가동,99.96,380,60,2020,,,,,2025-11-03
재웅태양광발전소,,전북특별자치도 남원시 대산면 대곡리 705,,,,정상가동,99.96,380,60,2020,,,,,2025-11-03
안골1호기태양광발전소,,전북특별자치도 남원시 보절면 진기리 221,,,,정상가동,299.75,380,60,2020,,,,,2025-11-03
안골2호기태양광발전소,,전북특별자치도 남원시 보절면 진기리 221,,,,정상가동,299.75,380,60,2020,,,,,2025-11-03
안골3호기태양광발전소,,전북특별자치도 남원시 보절면 진기리 221,,,,정상가동,299.75,380,60,2020,,,,,2025-11-03
안골4호기태양광발전소,,전북특별자치도 남원시 보절면 진기리 221,,,,정상가동,299.75,380,60,2020,,,,,2025-11-03
마로1호태양광발전소,,전북특별자치도 남원시 대강면 송대리 532-3,,,,정상가동,99.56,380,60,2020,,,,,2025-11-03
에너지리더1호태양광발전소,,전북특별자치도 남원시 대강면 송대리 532-3,,,,정상가동,99.56,380,60,2020,,,,,2025-11-03
광농장3호발전소,,전북특별자치도 남원시 운봉읍 주촌리 908-1,,,,정상가동,44.82,380,60,2020,,,,,2025-11-03
동남한태양광발전소,,전북특별자치도 남원시 덕과면 고정리 399,,,,정상가동,99.645,380,60,2020,,,,,2025-11-03
태도2태양광발전소,,전북특별자치도 남원시 덕과면 고정리 399,,,,정상가동,99.645,380,60,2020,,,,,2025-11-03
보절발전협의회태양광발전소,,전북특별자치도 남원시 보절면 신파리 927-2,,,,정상가동,38.7,380,60,2020,,,,,2025-11-03
일오2호태양광발전소,,전북특별자치도 남원시 산동면 대상리 67,,,,정상가동,99.55,380,60,2020,,,,,2025-11-03
잔디태양광발전소,,전북특별자치도 남원시 산동면 대상리 67,,,,정상가동,194.805,380,60,2020,,,,,2025-11-03
대상태양광발전소,,전북특별자치도 남원시 산동면 대상리 67,,,,정상가동,194.805,380,60,2020,,,,,2025-11-03
경숙태양광발전소,,전북특별자치도 남원시 향교동 1057-8,,,,정상가동,19.47,380,60,2020,,,,,2025-11-03
다해태양광발전소,,전북특별자치도 남원시 금지면 창산리 88-6,,,,정상가동,29.75,380,60,2020,,,,,2025-11-03
섬말태양광발전소,,전북특별자치도 남원시 덕과면 만도리 397,,,,정상가동,99.76,380,60,2020,,,,,2025-11-03
순태태양광발전소,,전북특별자치도 남원시 아영면 두락리 172,,,,정상가동,99.19,380,60,2020,,,,,2025-11-03
꽃순태양광발전소,,전북특별자치도 남원시 아영면 두락리 178,,,,정상가동,99.19,380,60,2020,,,,,2025-11-03
지혜태양광발전소,,전북특별자치도 남원시 아영면 두락리 172,,,,정상가동,99.19,380,60,2020,,,,,2025-11-03
지연태양광발전소,,전북특별자치도 남원시 아영면 두락리 172,,,,정상가동,99.19,380,60,2020,,,,,2025-11-03
혜성1호태양광발전소,,전북특별자치도 남원시 아영면 갈계리 911,,,,정상가동,99.96,380,60,2020,,,,,2025-11-03
혜성2호태양광발전소,,전북특별자치도 남원시 아영면 갈계리 911,,,,정상가동,49.98,380,60,2020,,,,,2025-11-03
해오름발전소1호,,전북특별자치도 남원시 대강면 강석리 7,,,,정상가동,99.84,380,60,2020,,,,,2025-11-03
해오름발전소2호,,전북특별자치도 남원시 대강면 강석리 7,,,,정상가동,99.84,380,60,2020,,,,,2025-11-03
해오름발전소3호,,전북특별자치도 남원시 대강면 강석리 8,,,,정상가동,99.84,380,60,2020,,,,,2025-11-03
해신원태양광발전소,,전북특별자치도 남원시 대강면 방동리 429-1,,,,정상가동,99.71,380,60,2020,,,,,2025-11-03
해신태양광발전소,,전북특별자치도 남원시 대강면 방동리 429-1,,,,정상가동,69.03,380,60,2020,,,,,2025-11-03
진아태양광발전소,,전북특별자치도 남원시 송동면 신평리 628-1,,,,정상가동,29.67,380,60,2020,,,,,2025-11-03
수연4호태양광발전소,,전북특별자치도 남원시 수지면 남창리 18,,,,정상가동,99.6,380,60,2020,,,,,2025-11-03
선4호태양광발전소,,전북특별자치도 남원시 수지면 남창리 18,,,,정상가동,99.6,380,60,2020,,,,,2025-11-03
명희1호태양광발전소,,전북특별자치도 남원시 수지면 남창리 18,,,,정상가동,99.6,380,60,2020,,,,,2025-11-03
햇살3호태양광발전소,,전북특별자치도 남원시 인월면 취암리 516,,,,정상가동,99.37,380,60,2020,,,,,2025-11-03
춘향태양광발전소3호,,전북특별자치도 남원시 주천면 용궁리 183,,,,정상가동,29.5,380,60,2020,,,,,2025-11-03
춘향태양광발전소4호,,전북특별자치도 남원시 주천면 용궁리 183,,,,정상가동,19.47,380,60,2020,,,,,2025-11-03
송치태양광발전소,,전북특별자치도 남원시 주천면 송치리 482-1,,,,정상가동,765.765,22900,60,2020,,,,,2025-11-03
락규태양광,,전북특별자치도 남원시 송동면 송내리 960-9,,,,정상가동,400.14,380,60,2020,,,,,2025-11-03
연율태양광발전소,,전북특별자치도 남원시 인월면 성산리 312-17,,,,정상가동,99.96,380,60,2020,,,,,2025-11-03
성진1호태양광발전소,,전북특별자치도 남원시 산내면 입석리 617-10,,,,정상가동,499.73,380,60,2020,,,,,2025-11-03
미연1호태양광발전소,,전북특별자치도 남원시 산내면 입석리 617-10,,,,정상가동,499.73,380,60,2020,,,,,2025-11-03
산호태양광발전소,,전북특별자치도 남원시 산동면 태평리 1080-1,,,,정상가동,39.27,380,60,2020,,,,,2025-11-03
벧엘2호태양광발전소,,전북특별자치도 남원시 인월면 자래리 407-3,,,,정상가동,99.96,380,60,2020,,,,,2025-11-03
아이언2호태양광발전소,,전북특별자치도 남원시 인월면 자래리 397,,,,정상가동,99.96,380,60,2020,,,,,2025-11-03
지섭2호태양광발전소,,전북특별자치도 남원시 인월면 자래리 407,,,,정상가동,99.96,380,60,2020,,,,,2025-11-03
호곡태양광발전소,,전북특별자치도 남원시 수지면 호곡리 908-1,,,,정상가동,681.87,22900,60,2020,,,,,2025-11-03
병수태양광발전소,,전북특별자치도 남원시 대강면 강석리 88,,,,정상가동,99.76,380,60,2020,,,,,2025-11-03
하늘태양광발전소,,전북특별자치도 남원시 대강면 강석리 88,,,,정상가동,99.76,380,60,2020,,,,,2025-11-03
시온에너지10호,,전북특별자치도 남원시 아영면 봉대리 340-1,,,,정상가동,199.36,380,60,2020,,,,,2025-11-03
세진태양광발전소,,전북특별자치도 남원시 수지면 남창리 1064-2,,,,정상가동,99.71,380,60,2020,,,,,2025-11-03
은진태양광발전소,,전북특별자치도 남원시 수지면 남창리 1064-2,,,,정상가동,49.56,380,60,2020,,,,,2025-11-03
남원하늘태양광발전소,,전북특별자치도 남원시 내척동 357-10,,,,정상가동,47.6,380,60,2020,,,,,2025-11-03
KH운봉2태양광발전소,,전북특별자치도 남원시 운봉읍 행정리 521-46,,,,정상가동,98.28,380,60,2020,,,,,2025-11-03
365플러스태양광발전소,,전북특별자치도 남원시 운봉읍 행정리 521-27,,,,정상가동,98.28,380,60,2020,,,,,2025-11-03
소은3태양광발전소,,전북특별자치도 남원시 사매면 관풍리 6-18,,,,정상가동,289.44,22900,60,2020,,,,,2025-11-03
남원미래태양광발전소5,,전북특별자치도 남원시 대산면 길곡리 644-1,,,,정상가동,99.96,380,60,2020,,,,,2025-11-03
완호태양광발전소2호,,전북특별자치도 남원시 금지면 상신리 176-3,,,,정상가동,19.635,380,60,2020,,,,,2025-11-03
완호태양광발전소3호,,전북특별자치도 남원시 금지면 상신리 176-3,,,,정상가동,10.115,220,60,2020,,,,,2025-11-03
금뜰태양광발전소,,전북특별자치도 남원시 금지면 서매리 780,,,,정상가동,26.88,380,60,2020,,,,,2025-11-03
일원태양광발전소,,전북특별자치도 남원시 운봉읍 공안리 산44-5,,,,정상가동,495,380,60,2020,,,,,2025-11-03
선준태양광발전소,,전북특별자치도 남원시 운봉읍 공안리 산44-5,,,,정상가동,495,380,60,2020,,,,,2025-11-03
주광태양광발전소,,전북특별자치도 남원시 운봉읍 공안리 산44-6,,,,정상가동,495,380,60,2020,,,,,2025-11-03
나라1호태양광발전소,,전북특별자치도 남원시 사매면 서도리 621,,,,정상가동,99.84,380,60,2020,,,,,2025-11-03
나라2호태양광발전소,,전북특별자치도 남원시 사매면 서도리 621,,,,정상가동,99.84,380,60,2020,,,,,2025-11-03
신계1호태양광발전소,,전북특별자치도 남원시 대산면 신계리 415-4,,,,정상가동,966.28,22900,60,2020,,,,,2025-11-03
신계2호태양광발전소,,전북특별자치도 남원시 대산면 신계리 415-2,,,,정상가동,180.88,380,60,2020,,,,,2025-11-03
광암1호기태양광발전소,,전북특별자치도 남원시 이백면 척문리 779,,,,정상가동,99.84,380,60,2020,,,,,2025-11-03
광암2호기태양광발전소,,전북특별자치도 남원시 이백면 척문리 779,,,,정상가동,99.84,380,60,2020,,,,,2025-11-03
광암3호기태양광발전소,,전북특별자치도 남원시 이백면 척문리 779,,,,정상가동,99.84,380,60,2020,,,,,2025-11-03
춘향태양광발전소1호,,전북특별자치도 남원시 주생면 제천리 368-1,,,,정상가동,17.7,380,60,2020,,,,,2025-11-03
춘향태양광발전소2호,,전북특별자치도 남원시 주생면 제천리 368-5,,,,정상가동,11.8,380,60,2023,,,,,2025-11-03
인조발전소,,전북특별자치도 남원시 덕과면 만도리 372-1,,,,정상가동,29.58,380,60,2020,,,,,2025-11-03
인조2호발전소,,전북특별자치도 남원시 덕과면 만도리 375,,,,정상가동,18.56,380,60,2020,,,,,2025-11-03
진구태양광발전소,,전북특별자치도 남원시 송동면 송내리 939-8,,,,정상가동,99.12,380,60,2020,,,,,2025-11-03
신우1태양광발전소,,전북특별자치도 남원시 사매면 인화리 502-6,,,,정상가동,999.92,22900,60,2020,,,,,2025-11-03
인화태양광발전소,,전북특별자치도 남원시 사매면 인화리 502-6,,,,정상가동,499.96,380,60,2020,,,,,2025-11-03
축복1호태양광발전소,,전북특별자치도 남원시 운봉읍 신기리 716,,,,정상가동,99.365,380,60,2020,,,,,2025-11-03
축복2호태양광발전소,,전북특별자치도 남원시 운봉읍 신기리 716,,,,정상가동,99.365,380,60,2020,,,,,2025-11-03
축복3호태양광발전소,,전북특별자치도 남원시 운봉읍 신기리 716,,,,정상가동,99.365,380,60,2020,,,,,2025-11-03
안동태양광발전소,,전북특별자치도 남원시 주생면 영천리 396,,,,정상가동,30,380,60,2020,,,,,2025-11-03
성시3호태양광발전소,,전북특별자치도 남원시 보절면 성시리 23-27,,,,정상가동,17,380,60,2023,,,,,2025-11-03
임리2호기태양광발전소,,전북특별자치도 남원시 운봉읍 임리 109,,,,정상가동,99.84,380,60,2020,,,,,2025-11-03
도현1호태양광발전소,,전북특별자치도 남원시 대강면 수홍리 624-11,,,,정상가동,99.365,380,60,2020,,,,,2025-11-03
도현2호태양광발전소,,전북특별자치도 남원시 대강면 수홍리 624-11,,,,정상가동,99.365,380,60,2020,,,,,2025-11-03
도현3호태양광발전소,,전북특별자치도 남원시 대강면 수홍리 624-11,,,,정상가동,99.365,380,60,2020,,,,,2025-11-03
광준1호태양광발전소,,전북특별자치도 남원시 대강면 수홍리 609-1,,,,정상가동,99.365,380,60,2020,,,,,2025-11-03
광준2호태양광발전소,,전북특별자치도 남원시 대강면 수홍리 609-1,,,,정상가동,99.365,380,60,2020,,,,,2025-11-03
광준3호태양광발전소,,전북특별자치도 남원시 대강면 수홍리 626,,,,정상가동,99.365,380,60,2020,,,,,2025-11-03
이엠태양광발전소,,전북특별자치도 남원시 보절면 성시리 954,,,,정상가동,99.84,380,60,2020,,,,,2025-11-03
성화3호태양광발전소,,전북특별자치도 남원시 보절면 성시리 954,,,,정상가동,99.84,380,60,2020,,,,,2025-11-03
삼광오륜발전소,,전북특별자치도 남원시 보절면 성시리 954,,,,정상가동,99.84,380,60,2020,,,,,2025-11-03
유니나발전소,,전북특별자치도 남원시 보절면 성시리 954,,,,정상가동,99.84,380,60,2020,,,,,2025-11-03
일사1호태양광발전소,,전북특별자치도 남원시 아영면 월산리 804-3,,,,정상가동,99.96,380,60,2020,,,,,2025-11-03
일사2호태양광발전소,,전북특별자치도 남원시 아영면 월산리 804-3,,,,정상가동,99.96,380,60,2020,,,,,2025-11-03
계남태양광발전소,,전북특별자치도 남원시 운봉읍 덕산리 136-1,,,,정상가동,15.93,380,60,2020,,,,,2025-11-03
진성1호태양광발전소,,전북특별자치도 남원시 이백면 내동리 47,,,,정상가동,99.68,380,60,2020,,,,,2025-11-03
강문발전소,,전북특별자치도 남원시 보절면 진기리 722-9,,,,정상가동,15.4,380,60,2020,,,,,2025-11-03
양지1호태양광발전소,,전북특별자치도 남원시 사매면 대율리 831-7,,,,정상가동,98.01,380,60,2020,,,,,2025-11-03
양지2호태양광발전소,,전북특별자치도 남원시 사매면 대율리 831-7,,,,정상가동,89.1,380,60,2020,,,,,2025-11-03
해신2호태양광발전소,,전북특별자치도 남원시 대강면 사석리 734-7,,,,정상가동,20,380,60,2023,,,,,2025-11-03
상돈태양광발전소,,전북특별자치도 남원시 금지면 하도리 621-250,,,,정상가동,29.4,380,60,2020,,,,,2025-11-03
대성3호태양광발전소,,전북특별자치도 남원시 주천면 배덕리 277-2,,,,정상가동,99.96,380,60,2020,,,,,2025-11-03
운지1호태양광발전소,,전북특별자치도 남원시 산내면 입석리 617-2,,,,정상가동,99.12,380,60,2020,,,,,2025-11-03
운지2호태양광발전소,,전북특별자치도 남원시 산내면 입석리 617-2,,,,정상가동,99.12,380,60,2020,,,,,2025-11-03
운지3호태양광발전소,,전북특별자치도 남원시 산내면 입석리 617-2,,,,정상가동,396.48,380,60,2020,,,,,2025-11-03
운지4호태양광발전소,,전북특별자치도 남원시 산내면 입석리 617-2,,,,정상가동,99.12,380,60,2020,,,,,2025-11-03
운지5호태양광발전소,,전북특별자치도 남원시 산내면 입석리 617-2,,,,정상가동,99.12,380,60,2020,,,,,2025-11-03
운지6호태양광발전소,,전북특별자치도 남원시 산내면 입석리 617-2,,,,정상가동,297.36,380,60,2020,,,,,2025-11-03
일등1태양광발전소,,전북특별자치도 남원시 아영면 일대리 612-1,,,,정상가동,99,380,60,2020,,,,,2025-11-03
일등2태양광발전소,,전북특별자치도 남원시 아영면 일대리 612-1,,,,정상가동,99,380,60,2020,,,,,2025-11-03
덕신2태양광발전소,,전북특별자치도 남원시 덕과면 신양리 707-1,,,,정상가동,99.735,380,60,2020,,,,,2025-11-03
사율1호태양광발전소,,전북특별자치도 남원시 덕과면 사율리 459-3,,,,정상가동,99.88,380,60,2020,,,,,2025-11-03
입암1호태양광발전소,,전북특별자치도 남원시 대강면 입암리 412,,,,정상가동,99.96,380,60,2020,,,,,2025-11-03
입암2호태양광발전소,,전북특별자치도 남원시 대강면 입암리 412,,,,정상가동,99.96,380,60,2020,,,,,2025-11-03
입암3호태양광발전소,,전북특별자치도 남원시 대강면 입암리 412,,,,정상가동,99.96,380,60,2020,,,,,2025-11-03
입암4호태양광발전소,,전북특별자치도 남원시 대강면 입암리 413,,,,정상가동,584.29,22900,60,2020,,,,,2025-11-03
전기수발전소,,전북특별자치도 남원시 화정동 244-1,,,,정상가동,99.76,380,60,2020,,,,,2025-11-03
전영선발전소,,전북특별자치도 남원시 화정동 244-1,,,,정상가동,99.76,380,60,2020,,,,,2025-11-03
전소영발전소,,전북특별자치도 남원시 화정동 244-1,,,,정상가동,99.76,380,60,2020,,,,,2025-11-03
전지영발전소,,전북특별자치도 남원시 화정동 244-1,,,,정상가동,99.76,380,60,2020,,,,,2025-11-03
사랑태양광발전소,,전북특별자치도 남원시 아영면 일대리 453,,,,정상가동,99,380,60,2020,,,,,2025-11-03
가람태양광발전소,,전북특별자치도 남원시 아영면 일대리 453,,,,정상가동,99,380,60,2020,,,,,2025-11-03
남문태양광,,전북특별자치도 남원시 쌍교동 101-18,,,,정상가동,16.065,380,60,2020,,,,,2025-11-03
조성수1태양광발전소,,전북특별자치도 남원시 주생면 내동리 551-6,,,,정상가동,14.28,220,60,2020,,,,,2025-11-03
조성수2태양광발전소,,전북특별자치도 남원시 주생면 내동리 551-6,,,,정상가동,24.99,380,60,2020,,,,,2025-11-03
이영희1태양광발전소,,전북특별자치도 남원시 주생면 내동리 551-6,,,,정상가동,24.99,380,60,2020,,,,,2025-11-03
이영희2태양광발전소,,전북특별자치도 남원시 주생면 내동리 551-6,,,,정상가동,28.56,380,60,2020,,,,,2025-11-03
정인태양광발전소,,전북특별자치도 남원시 사매면 대율리 835-6,,,,정상가동,99,380,60,2020,,,,,2025-11-03
인정태양광발전소,,전북특별자치도 남원시 사매면 대율리 835-6,,,,정상가동,99,380,60,2020,,,,,2025-11-03
광혜1호기태양광발전소,,전북특별자치도 남원시 송동면 송내리 853-1,,,,정상가동,99.84,380,60,2020,,,,,2025-11-03
광혜2호기태양광발전소,,전북특별자치도 남원시 송동면 송내리 853-1,,,,정상가동,99.84,380,60,2020,,,,,2025-11-03
광혜3호기태양광발전소,,전북특별자치도 남원시 송동면 송내리 853-1,,,,정상가동,99.84,380,60,2020,,,,,2025-11-03
옹정16태양광발전소,,전북특별자치도 남원시 금지면 옹정리 1178,,,,정상가동,99.96,380,60,2020,,,,,2025-11-03
옹정17태양광발전소,,전북특별자치도 남원시 금지면 옹정리 1178,,,,정상가동,99.96,380,60,2020,,,,,2025-11-03
옹정18태양광발전소,,전북특별자치도 남원시 금지면 옹정리 1178,,,,정상가동,99.96,380,60,2020,,,,,2025-11-03
옹정19태양광발전소,,전북특별자치도 남원시 금지면 옹정리 1178,,,,정상가동,99.96,380,60,2020,,,,,2025-11-03
연남2호태양광발전소,,전북특별자치도 남원시 수지면 산정리 896-2,,,,정상가동,14.875,380,60,2020,,,,,2025-11-03
정남태양광발전소,,전북특별자치도 남원시 대산면 풍촌리 485 토지상부,,,,정상가동,14.875,220,60,2020,,,,,2025-11-03
영생태양광발전소,,전북특별자치도 남원시 운봉읍 장교리 161,,,,정상가동,99.365,380,60,2020,,,,,2025-11-03
사촌5호기태양광발전소,,전북특별자치도 남원시 보절면 사촌리  6-3,,,,정상가동,99.19,380,60,2020,,,,,2025-11-03
사촌6호기태양광발전소,,전북특별자치도 남원시 보절면 사촌리 6-2,,,,정상가동,99.19,380,60,2020,,,,,2025-11-03
사촌7호기태양광발전소,,전북특별자치도 남원시 보절면 사촌리 6-3,,,,정상가동,99.19,380,60,2020,,,,,2025-11-03
수빈1호태양광발전소,,전북특별자치도 남원시 산내면 입석리 613-1,,,,정상가동,99.99,380,60,2020,,,,,2025-11-03
수빈2호태양광발전소,,전북특별자치도 남원시 산내면 입석리 618,,,,정상가동,99.99,380,60,2020,,,,,2025-11-03
행복2태양광발전소,,전북특별자치도 남원시 주생면 지당리 717-237,,,,정상가동,99.84,380,60,2020,,,,,2025-11-03
형제3호태양광발전소,,전북특별자치도 남원시 덕과면 덕촌리 391-1,,,,정상가동,250.24,380,60,2020,,,,,2025-11-03
형제7호태양광발전소,,전북특별자치도 남원시 덕과면 덕촌리 391,,,,정상가동,99.12,380,60,2020,,,,,2025-11-03
대상태양광발전소1호,,전북특별자치도 남원시 산동면 대상리 45,,,,정상가동,99.84,380,60,2020,,,,,2025-11-03
대상태양광발전소2호,,전북특별자치도 남원시 산동면 대상리 45,,,,정상가동,99.84,380,60,2020,,,,,2025-11-03
야곱1태양광발전소,,전북특별자치도 남원시 대산면 신계리 910-6,,,,정상가동,19.5,380,60,2020,,,,,2025-11-03
용수3호태양광발전소,,전북특별자치도 남원시 송동면 장국리 745-3,,,,정상가동,44.625,380,60,2020,,,,,2025-11-03
태호태양광발전소,,전북특별자치도 남원시 덕과면 만도리 396,,,,정상가동,99.66,380,60,2020,,,,,2025-11-03
신양2호태양광발전소,,전북특별자치도 남원시 덕과면 신양리 52,,,,정상가동,99.96,380,60,2020,,,,,2025-11-03
신양3호태양광발전소,,전북특별자치도 남원시 덕과면 신양리 52,,,,정상가동,99.96,380,60,2020,,,,,2025-11-03
은하3호태양광발전소,,전북특별자치도 남원시 보절면 신파리 54-1,,,,정상가동,99,380,60,2020,,,,,2025-11-03
정우3호태양광발전소,,전북특별자치도 남원시 보절면 신파리 54-1,,,,정상가동,99,380,60,2020,,,,,2025-11-03
산들4호태양광발전소,,전북특별자치도 남원시 보절면 신파리 54-1,,,,정상가동,99,380,60,2020,,,,,2025-11-03
산들5호태양광발전소,,전북특별자치도 남원시 보절면 신파리 54-1,,,,정상가동,99,380,60,2020,,,,,2025-11-03
산들6호태양광발전소,,전북특별자치도 남원시 보절면 신파리 54-1,,,,정상가동,99,380,60,2020,,,,,2025-11-03
초원1호태양광발전소,,전북특별자치도 남원시 사매면 월평리 1031-7,,,,정상가동,99.96,380,60,2020,,,,,2025-11-03
초원2호태양광발전소,,전북특별자치도 남원시 사매면 월평리 1031-7,,,,정상가동,99.96,380,60,2020,,,,,2025-11-03
초원3호태양광발전소,,전북특별자치도 남원시 사매면 월평리 1031-7,,,,정상가동,99.96,380,60,2020,,,,,2025-11-03
초원4호태양광발전소,,전북특별자치도 남원시 사매면 월평리 1031-7,,,,정상가동,99.96,380,60,2020,,,,,2025-11-03
초원5호태양광발전소,,전북특별자치도 남원시 사매면 월평리 1031-7,,,,정상가동,99.96,380,60,2020,,,,,2025-11-03
은행정태양광발전소,,전북특별자치도 남원시 주천면 은송리 70-3,,,,정상가동,29.75,220,60,2020,,,,,2025-11-03
방동1호태양광발전소,,전북특별자치도 남원시 대강면 방동리 1317,,,,정상가동,99.94,380,60,2020,,,,,2025-11-03
방동2호태양광발전소,,전북특별자치도 남원시 대강면 방동리 1318-1,,,,정상가동,99.94,380,60,2020,,,,,2025-11-03
방동3호태양광발전소,,전북특별자치도 남원시 대강면 방동리 1318-1,,,,정상가동,99.94,380,60,2020,,,,,2025-11-03
방동4호태양광발전소,,전북특별자치도 남원시 대강면 방동리 1318-1,,,,정상가동,99.94,380,60,2020,,,,,2025-11-03
방동5호태양광발전소,,전북특별자치도 남원시 대강면 방동리 1318-1,,,,정상가동,99.94,380,60,2020,,,,,2025-11-03
방동6호태양광발전소,,전북특별자치도 남원시 대강면 방동리 1318-2,,,,정상가동,99.94,380,60,2020,,,,,2025-11-03
방동7호태양광발전소,,전북특별자치도 남원시 대강면 방동리 1318-2,,,,정상가동,99.94,380,60,2020,,,,,2025-11-03
방동8호태양광발전소,,전북특별자치도 남원시 대강면 방동리 1317,,,,정상가동,99.94,380,60,2020,,,,,2025-11-03
방동9호태양광발전소,,전북특별자치도 남원시 대강면 방동리 1317,,,,정상가동,99.94,380,60,2020,,,,,2025-11-03
방동11호태양광발전소,,전북특별자치도 남원시 대강면 방동리 1317,,,,정상가동,99.94,380,60,2020,,,,,2025-11-03
창호태양광발전소,,전북특별자치도 남원시 덕과면 용산리 1057-12,,,,정상가동,99.76,380,60,2020,,,,,2025-11-03
보송태양광발전소,,전북특별자치도 남원시 송동면 송내리 747,,,,정상가동,99.56,380,60,2020,,,,,2025-11-03
희인태양광발전소,,전북특별자치도 남원시 송동면 송내리 746,,,,정상가동,99.56,380,60,2020,,,,,2025-11-03
남영태양광발전소,,전북특별자치도 남원시 송동면 송내리 746,,,,정상가동,99.56,380,60,2020,,,,,2025-11-03
지원태양광발전소,,전북특별자치도 남원시 송동면 송내리 746,,,,정상가동,99.56,380,60,2020,,,,,2025-11-03
도석태양광발전소,,전북특별자치도 남원시 송동면 송내리 746,,,,정상가동,99.56,380,60,2020,,,,,2025-11-03
수호1호태양광발전소,,전북특별자치도 남원시 사매면 서도리 843-9,,,,정상가동,99.96,380,60,2020,,,,,2025-11-03
수호2호태양광발전소,,전북특별자치도 남원시 사매면 서도리 843-9,,,,정상가동,99.96,380,60,2020,,,,,2025-11-03
수호3호태양광발전소,,전북특별자치도 남원시 사매면 서도리 843-9,,,,정상가동,99.96,380,60,2020,,,,,2025-11-03
수호4호태양광발전소,,전북특별자치도 남원시 사매면 서도리 843-9,,,,정상가동,99.96,380,60,2020,,,,,2025-11-03
안골5호기태양광발전소,,전북특별자치도 남원시 보절면 진기리 375-1,,,,정상가동,19.72,380,60,2020,,,,,2025-11-03
지리산농협1호태양광발전소(APC),,전북특별자치도 남원시 아영면 인풍리 938,,,,정상가동,150,380,60,2020,,,,,2025-11-03
지리산농협2호태양광발전소(집하장),,전북특별자치도 남원시 아영면 인풍리 934-1,,,,정상가동,75,380,60,2024,,,,,2025-11-03
지리산농협3호태양광발전소(APC),,전북특별자치도 남원시 아영면 인풍리 938,,,,정상가동,75,380,60,2020,,,,,2025-11-03
방산태양광발전소,,전북특별자치도 남원시 대강면 방산리 235,,,,정상가동,99.9,380,60,2020,,,,,2025-11-03
정림태양광발전소,,전북특별자치도 남원시 대강면 방산리 235,,,,정상가동,99.9,380,60,2020,,,,,2025-11-03
나루star태양광발전소,,전북특별자치도 남원시 대강면 방산리 237,,,,정상가동,99.9,380,60,2020,,,,,2025-11-03
나루sun태양광발전소,,전북특별자치도 남원시 대강면 방산리 237,,,,정상가동,99.9,380,60,2020,,,,,2025-11-03
상그레갑태양광발전소,,전북특별자치도 남원시 인월면 건지리 429,,,,정상가동,99.96,380,60,2020,,,,,2025-11-03
병섭갑태양광발전소,,전북특별자치도 남원시 인월면 건지리 429,,,,정상가동,99.96,380,60,2020,,,,,2025-11-03
상그레을태양광발전소,,전북특별자치도 남원시 인월면 유곡리 305-1,,,,정상가동,99.96,380,60,2020,,,,,2025-11-03
병섭을태양광발전소,,전북특별자치도 남원시 인월면 유곡리 305-1,,,,정상가동,99.96,380,60,2020,,,,,2025-11-03
재옥태양광발전소,,전북특별자치도 남원시 인월면 유곡리 305-1,,,,정상가동,99.96,380,60,2020,,,,,2025-11-03
상동태양광발전소,,전북특별자치도 남원시 인월면 유곡리 305-1,,,,정상가동,99.96,380,60,2020,,,,,2025-11-03
가야태양광발전소,,전북특별자치도 남원시 인월면 유곡리 305-1,,,,정상가동,99.96,380,60,2020,,,,,2025-11-03
다우태양광발전소,,전북특별자치도 남원시 인월면 유곡리 305-1,,,,정상가동,99.96,380,60,2020,,,,,2025-11-03
주윤태양광발전소,,전북특별자치도 남원시 인월면 유곡리 305-1,,,,정상가동,99.96,380,60,2020,,,,,2025-11-03
송동6호기태양광발전소,,전북특별자치도 남원시 송동면 송내리 853-4,,,,정상가동,99.84,380,60,2020,,,,,2025-11-03
송동7호기태양광발전소,,전북특별자치도 남원시 송동면 송내리 853-10,,,,정상가동,99.84,380,60,2020,,,,,2025-11-03
송동8호기태양광발전소,,전북특별자치도 남원시 송동면 송내리 853-11,,,,정상가동,99.84,380,60,2020,,,,,2025-11-03
송동9호기태양광발전소,,전북특별자치도 남원시 송동면 송내리 853-12,,,,정상가동,99.84,380,60,2020,,,,,2025-11-03
송동10호기태양광발전소,,전북특별자치도 남원시 송동면 송내리 853-3,,,,정상가동,99.84,380,60,2020,,,,,2025-11-03
과립1호태양광발전소,,전북특별자치도 남원시 이백면 과립리 11,,,,정상가동,99.96,380,60,2020,,,,,2025-11-03
(유)과립2호태양광발전소,,전북특별자치도 남원시 이백면 과립리 11,,,,정상가동,99.96,380,60,2020,,,,,2025-11-03
(유)과립3호태양광발전소,,전북특별자치도 남원시 이백면 과립리 11,,,,정상가동,177.31,380,60,2020,,,,,2025-11-03
동판태양광발전소,,전북특별자치도 남원시 아영면 인풍리 420,,,,정상가동,99.96,380,60,2020,,,,,2025-11-03
판동태양광발전소,,전북특별자치도 남원시 아영면 인풍리 420,,,,정상가동,99.96,380,60,2020,,,,,2025-11-03
울타리5호태양광발전소,,전북특별자치도 남원시 사매면 계수리 676-2,,,,정상가동,29.75,380,60,2020,,,,,2025-11-03
황벌태양광발전소,,전북특별자치도 남원시 보절면 황벌리 710-1,,,,정상가동,99.71,380,60,2020,,,,,2025-11-03
정민태양광발전소,,전북특별자치도 남원시 이백면 서곡리 600-7,,,,정상가동,19.635,380,60,2020,,,,,2025-11-03
황산1호태양광발전소,,전북특별자치도 남원시 주생면 내동리 645-1,,,,정상가동,99.96,380,60,2020,,,,,2025-11-03
황산2호태양광발전소,,전북특별자치도 남원시 주생면 내동리 645-1,,,,정상가동,99.96,380,60,2020,,,,,2025-11-03
황산3호태양광발전소,,전북특별자치도 남원시 주생면 내동리 645-1,,,,정상가동,99.96,380,60,2020,,,,,2025-11-03
황산4호태양광발전소,,전북특별자치도 남원시 주생면 내동리 588,,,,정상가동,99.96,380,60,2020,,,,,2025-11-03
황산5호태양광발전소,,전북특별자치도 남원시 주생면 내동리 588,,,,정상가동,99.96,380,60,2020,,,,,2025-11-03
황산6호태양광발전소,,전북특별자치도 남원시 주생면 내동리 588,,,,정상가동,99.96,380,60,2020,,,,,2025-11-03
황산7호태양광발전소,,전북특별자치도 남원시 주생면 내동리 589,,,,정상가동,99.96,380,60,2020,,,,,2025-11-03
황산8호태양광발전소,,전북특별자치도 남원시 주생면 내동리 589,,,,정상가동,99.96,380,60,2020,,,,,2025-11-03
광성솔라태양광발전소,,전북특별자치도 남원시 조산동 197,,,,정상가동,49.2,380,60,2020,,,,,2025-11-03
신선태양광발전소3호,,전북특별자치도 남원시 주천면 호기리 656,,,,정상가동,49.98,380,60,2020,,,,,2025-11-03
햇살고은1발전소,,전북특별자치도 남원시 사매면 관풍리 293-1,,,,정상가동,99.6,380,60,2020,,,,,2025-11-03
햇살고은2발전소,,전북특별자치도 남원시 사매면 관풍리 293-1,,,,정상가동,99.6,380,60,2020,,,,,2025-11-03
햇살고은3발전소,,전북특별자치도 남원시 사매면 관풍리 293-1,,,,정상가동,99.6,380,60,2020,,,,,2025-11-03
햇살고은4발전소,,전북특별자치도 남원시 사매면 관풍리 293-1,,,,정상가동,99.6,380,60,2020,,,,,2025-11-03
햇살고은5발전소,,전북특별자치도 남원시 사매면 관풍리 293-1,,,,정상가동,99.6,380,60,2020,,,,,2025-11-03
미광1호태양광발전소,,전북특별자치도 남원시 주천면 배덕리 669,,,,정상가동,99.96,380,60,2020,,,,,2025-11-03
미광2호태양광발전소,,전북특별자치도 남원시 주천면 배덕리 669,,,,정상가동,99.96,380,60,2020,,,,,2025-11-03
자연태양광발전소1호,,전북특별자치도 남원시 인월면 취암리 23,,,,정상가동,99.84,380,60,2020,,,,,2025-11-03
자연태양광발전소2호,,전북특별자치도 남원시 인월면 취암리 23,,,,정상가동,99.84,380,60,2020,,,,,2025-11-03
자연태양광발전소3호,,전북특별자치도 남원시 인월면 취암리 23,,,,정상가동,99.84,380,60,2020,,,,,2025-11-03
태곤발전소,,전북특별자치도 남원시 송동면 세전리 917-1,,,,정상가동,17.6,380,60,2020,,,,,2025-11-03
청정1호태양광발전소,,전북특별자치도 남원시 대산면 운교리 326-8,,,,정상가동,24.395,380,60,2020,,,,,2025-11-03
청정2호태양광발전소,,전북특별자치도 남원시 대산면 운교리 326-8,,,,정상가동,19.04,380,60,2020,,,,,2025-11-03
월영태양광발전소,,전북특별자치도 남원시 보절면 괴양리 178,,,,정상가동,99.96,380,60,2020,,,,,2025-11-03
성율태양광발전소,,전북특별자치도 남원시 보절면 괴양리 178,,,,정상가동,76.16,380,60,2020,,,,,2025-11-03
동영태양광발전소,,전북특별자치도 남원시 보절면 괴양리 178,,,,정상가동,99.96,380,60,2020,,,,,2025-11-03
형제6호태양광발전소,,전북특별자치도 남원시 덕과면 덕촌리 391-1,,,,정상가동,99.12,380,60,2020,,,,,2025-11-03
케이디1호태양광발전소,,전북특별자치도 남원시 대산면 대곡리 86-9,,,,정상가동,449.58,380,60,2020,,,,,2025-11-03
강석리1호태양광발전소,,전북특별자치도 남원시 대강면 강석리 85,,,,정상가동,99.96,380,60,2020,,,,,2025-11-03
강석리2호태양광발전소,,전북특별자치도 남원시 대강면 강석리 85,,,,정상가동,99.96,380,60,2020,,,,,2025-11-03
강석리3호태양광발전소,,전북특별자치도 남원시 대강면 강석리 85,,,,정상가동,99.96,380,60,2020,,,,,2025-11-03
강석리4호태양광발전소,,전북특별자치도 남원시 대강면 강석리 85,,,,정상가동,99.96,380,60,2020,,,,,2025-11-03
정아태양광발전소,,전북특별자치도 남원시 운봉읍 권포리 380-1,,,,정상가동,99.735,380,60,2020,,,,,2025-11-03
뱀사골1호태양광발전소,,전북특별자치도 남원시 산내면 백일리 293,,,,정상가동,99.96,380,60,2020,,,,,2025-11-03
뱀사골2호태양광발전소,,전북특별자치도 남원시 산내면 백일리 293,,,,정상가동,99.96,380,60,2020,,,,,2025-11-03
뱀사골3호태양광발전소,,전북특별자치도 남원시 산내면 백일리 293,,,,정상가동,99.96,380,60,2020,,,,,2025-11-03
에덴태양광발전소,,전북특별자치도 남원시 송동면 장국리 700,,,,정상가동,29.975,380,60,2020,,,,,2025-11-03
디에스피6호태양광발전소,,전북특별자치도 남원시 수지면 초리 68,,,,정상가동,400,380,60,2020,,,,,2025-11-03
종군태양광발전소,,전북특별자치도 남원시 금지면 신월리 399-3,,,,정상가동,29.5,220,60,2020,,,,,2025-11-03
다온6호태양광발전소,,전북특별자치도 남원시 운봉읍 매요리 861,,,,정상가동,99.96,380,60,2020,,,,,2025-11-03
다온7호태양광발전소,,전북특별자치도 남원시 운봉읍 매요리 861,,,,정상가동,99.96,380,60,2020,,,,,2025-11-03
다온8호태양광발전소,,전북특별자치도 남원시 운봉읍 매요리 861,,,,정상가동,99.96,380,60,2020,,,,,2025-11-03
다온9호태양광발전소,,전북특별자치도 남원시 운봉읍 매요리 861,,,,정상가동,95.2,380,60,2020,,,,,2025-11-03
창록태양광발전소,,전북특별자치도 남원시 이백면 척문리 1010,,,,정상가동,99,380,60,2020,,,,,2025-11-03
창록2태양광발전소,,전북특별자치도 남원시 이백면 척문리 1013,,,,정상가동,99,380,60,2020,,,,,2025-11-03
현경태양광발전소,,전북특별자치도 남원시 이백면 척문리 1015,,,,정상가동,99,380,60,2020,,,,,2025-11-03
은지태양광발전소,,전북특별자치도 남원시 이백면 척문리 1015,,,,정상가동,99,380,60,2020,,,,,2025-11-03
병용태양광발전소,,전북특별자치도 남원시 이백면 척문리 1015,,,,정상가동,99,380,60,2020,,,,,2025-11-03
재화발전소,,전북특별자치도 남원시 주생면 영천리 625-2,,,,정상가동,99.76,380,60,2020,,,,,2025-11-03
옥자발전소,,전북특별자치도 남원시 주생면 영천리 626-1,,,,정상가동,99.76,380,60,2020,,,,,2025-11-03
은진발전소,,전북특별자치도 남원시 주생면 영천리 626-1,,,,정상가동,99.76,380,60,2020,,,,,2025-11-03
영미발전소,,전북특별자치도 남원시 주생면 영천리 626-1,,,,정상가동,99.76,380,60,2020,,,,,2025-11-03
영진발전소,,전북특별자치도 남원시 주생면 영천리 627,,,,정상가동,99.76,380,60,2020,,,,,2025-11-03
고니3호태양광발전소,,전북특별자치도 남원시 이백면 척문리 832-366,,,,정상가동,45,380,60,2020,,,,,2025-11-03
원1호태양광발전소,,전북특별자치도 남원시 금지면 옹정리 1456-1,,,,정상가동,99.96,380,60,2020,,,,,2025-11-03
원2호태양광발전소,,전북특별자치도 남원시 금지면 옹정리 1456-1,,,,정상가동,99.96,380,60,2020,,,,,2025-11-03
원3호태양광발전소,,전북특별자치도 남원시 금지면 옹정리 1456-1,,,,정상가동,99.96,380,60,2020,,,,,2025-11-03
금자태양광발전소,,전북특별자치도 남원시 사매면 계수리 278-3,,,,정상가동,99.96,380,60,2020,,,,,2025-11-03
종진2태양광발전소,,전북특별자치도 남원시 사매면 계수리 278-3,,,,정상가동,99.96,380,60,2020,,,,,2025-11-03
척동태양광발전소,,전북특별자치도 남원시 이백면 척문리 6,,,,정상가동,99.56,380,60,2020,,,,,2025-11-03
재뜰1호태양광발전소,,전북특별자치도 남원시 산내면 입석리 545,,,,정상가동,99.96,380,60,2020,,,,,2025-11-03
재뜰2호태양광발전소,,전북특별자치도 남원시 산내면 입석리 545,,,,정상가동,99.96,380,60,2020,,,,,2025-11-03
성권2호발전소,,전북특별자치도 남원시 운봉읍 주촌리 499,,,,정상가동,26.77,380,60,2020,,,,,2025-11-03
원4호태양광발전소,,전북특별자치도 남원시 금지면 옹정리 1456-1,,,,정상가동,99.96,380,60,2020,,,,,2025-11-03
골드푸드태양광발전소,,전북특별자치도 남원시 광치동 781-75,,,,정상가동,44.625,380,60,2020,,,,,2025-11-03
철호3호태양광발전소,,전북특별자치도 남원시 송동면 흑송리 755-2,,,,정상가동,29.75,380,60,2020,,,,,2025-11-03
석정태양광발전소,,전북특별자치도 남원시 사매면 대신리 137,,,,정상가동,15,380,60,2020,,,,,2025-11-03
엘림산업2호태양광발전소,,전북특별자치도 남원시 노암동 870-2,,,,정상가동,199.92,380,60,2020,,,,,2025-11-03
소생5호태양광발전소,,전북특별자치도 남원시 주천면 송치리 1171-3,,,,정상가동,99.96,380,60,2020,,,,,2025-11-03
나래1태양광발전소,,전북특별자치도 남원시 대강면 송대리 312,,,,정상가동,996,22900,60,2020,,,,,2025-11-03
나래2태양광발전소,,전북특별자치도 남원시 대강면 송대리 310,,,,정상가동,495,380,60,2020,,,,,2025-11-03
나래3태양광발전소,,전북특별자치도 남원시 대강면 송대리 311,,,,정상가동,495,380,60,2020,,,,,2025-11-03
송내6호태양광발전소,,전북특별자치도 남원시 송동면 송내리 283,,,,정상가동,99.94,380,60,2020,,,,,2025-11-03
평촌1호태양광발전소,,전북특별자치도 남원시 대강면 평촌리 31-1,,,,정상가동,99.94,380,60,2020,,,,,2025-11-03
평촌2호태양광발전소,,전북특별자치도 남원시 대강면 평촌리 31-1,,,,정상가동,99.94,380,60,2020,,,,,2025-11-03
평촌3호태양광발전소,,전북특별자치도 남원시 대강면 평촌리 34,,,,정상가동,99.94,380,60,2020,,,,,2025-11-03
평촌4호태양광발전소,,전북특별자치도 남원시 대강면 평촌리 34,,,,정상가동,99.94,380,60,2020,,,,,2025-11-03
입압1호태양광발전소,,전북특별자치도 남원시 대강면 입암리 217,,,,정상가동,99.94,380,60,2020,,,,,2025-11-03
입압2호태양광발전소,,전북특별자치도 남원시 대강면 입암리 217,,,,정상가동,99.94,380,60,2020,,,,,2025-11-03
구옥남발전소,,전북특별자치도 남원시 화정동 50-2,,,,정상가동,99.76,380,60,2020,,,,,2025-11-03
전소영1호발전소,,전북특별자치도 남원시 화정동 50-2,,,,정상가동,99.76,380,60,2020,,,,,2025-11-03
전영선1호발전소,,전북특별자치도 남원시 화정동 50-2,,,,정상가동,99.76,380,60,2020,,,,,2025-11-03
전기수1호발전소,,전북특별자치도 남원시 화정동 50-2,,,,정상가동,99.76,380,60,2020,,,,,2025-11-03
한양3호태양광발전소,,전북특별자치도 남원시 사매면 오신리 119-4,,,,정상가동,99.96,380,60,2020,,,,,2025-11-03
한양4호태양광발전소,,전북특별자치도 남원시 사매면 오신리 119-4,,,,정상가동,99.96,380,60,2020,,,,,2025-11-03
한양5호태양광발전소,,전북특별자치도 남원시 사매면 오신리 119-4,,,,정상가동,99.96,380,60,2020,,,,,2025-11-03
한양6호태양광발전소,,전북특별자치도 남원시 사매면 오신리 119-4,,,,정상가동,99.96,380,60,2020,,,,,2025-11-03
한양7호태양광발전소,,전북특별자치도 남원시 사매면 오신리 119-4,,,,정상가동,99.96,380,60,2020,,,,,2025-11-03
한양8호태양광발전소,,전북특별자치도 남원시 사매면 오신리 119-4,,,,정상가동,99.96,380,60,2020,,,,,2025-11-03
한양9호태양광발전소,,전북특별자치도 남원시 사매면 오신리 218-7,,,,정상가동,69.62,380,60,2020,,,,,2025-11-03
쏠라허브1호태양광발전소,,전북특별자치도 남원시 대산면 대곡리 86-6,,,,정상가동,455.58,380,60,2020,,,,,2025-11-03
헌영태양광1호,,전북특별자치도 남원시 송동면 송내리 370-4,,,,정상가동,422.4,380,60,2020,,,,,2025-11-03
월탄태양광발전소,,전북특별자치도 남원시 대강면 월탄리 164,,,,정상가동,19.635,380,60,2020,,,,,2025-11-03
대강태양광발전소,,전북특별자치도 남원시 대강면 사석리 906-1,,,,정상가동,15,220,60,2020,,,,,2025-11-03
대강1호태양광발전소,,전북특별자치도 남원시 대강면 사석리 906-1,,,,정상가동,15,380,60,2020,,,,,2025-11-03
바래봉1호태양광발전소,,전북특별자치도 남원시 운봉읍 산덕리 264-2,,,,정상가동,99.36,380,60,2020,,,,,2025-11-03
바래봉3호태양광발전소,,전북특별자치도 남원시 운봉읍 산덕리 264-14,,,,정상가동,99.36,380,60,2020,,,,,2025-11-03
용학2호태양광발전소,,전북특별자치도 남원시 산동면 부절리 653-1,,,,정상가동,29.75,220,60,2020,,,,,2025-11-03
귀자1태양광발전소,,전북특별자치도 남원시 이백면 효기리 504-12,,,,정상가동,99.96,380,60,2020,,,,,2025-11-03
환혁태양광발전소,,전북특별자치도 남원시 이백면 효기리 504-20,,,,정상가동,99.96,380,60,2020,,,,,2025-11-03
동백태양광발전소,,전북특별자치도 남원시 광치동 644-7,,,,정상가동,29.75,380,60,2020,,,,,2025-11-03
하빈태양광발전소,,전북특별자치도 남원시 사매면 대율리 121,,,,정상가동,99.96,380,60,2020,,,,,2025-11-03
풍년태양광발전소,,전북특별자치도 남원시 사매면 대율리 121,,,,정상가동,99.96,380,60,2020,,,,,2025-11-03
모정태양광발전소,,전북특별자치도 남원시 사매면 대율리 121,,,,정상가동,99.96,380,60,2020,,,,,2025-11-03
나린태양광발전소,,전북특별자치도 남원시 사매면 대율리 122-1,,,,정상가동,99.96,380,60,2020,,,,,2025-11-03
가송7호태양광발전소,,전북특별자치도 남원시 주천면 송치리 1108-2,,,,정상가동,99.96,380,60,2020,,,,,2025-11-03
두농1호태양광발전소,,전북특별자치도 남원시 금지면 택내리 331-8,,,,정상가동,74.48,380,60,2020,,,,,2025-11-03
두농2호태양광발전소,,전북특별자치도 남원시 금지면 택내리 331-8,,,,정상가동,98.98,380,60,2020,,,,,2025-11-03
두농3호태양광발전소,,전북특별자치도 남원시 금지면 택내리 331-8,,,,정상가동,98.98,380,60,2020,,,,,2025-11-03
두농4호태양광발전소,,전북특별자치도 남원시 금지면 택내리 331-8,,,,정상가동,98.98,380,60,2020,,,,,2025-11-03
두농5호태양광발전소,,전북특별자치도 남원시 금지면 방촌리 1102-1,,,,정상가동,98.98,380,60,2020,,,,,2025-11-03
두농6호태양광발전소,,전북특별자치도 남원시 금지면 방촌리 1102-1,,,,정상가동,98.98,380,60,2020,,,,,2025-11-03
두농7호태양광발전소,,전북특별자치도 남원시 금지면 방촌리 1102-1,,,,정상가동,98.98,380,60,2020,,,,,2025-11-03
두농8호태양광발전소,,전북특별자치도 남원시 금지면 방촌리 1102-1,,,,정상가동,98.98,380,60,2020,,,,,2025-11-03
두농9호태양광발전소,,전북특별자치도 남원시 금지면 방촌리 1102-1,,,,정상가동,98.98,380,60,2020,,,,,2025-11-03
진유태양광발전소,,전북특별자치도 남원시 사매면 월평리 304-3,,,,정상가동,99.96,380,60,2020,,,,,2025-11-03
진서태양광발전소,,전북특별자치도 남원시 사매면 월평리 304-3,,,,정상가동,99.96,380,60,2020,,,,,2025-11-03
서해태양광발전소,,전북특별자치도 남원시 이백면 초촌리 302-1,,,,정상가동,49.98,380,60,2020,,,,,2025-11-03
안경수태양광발전소,,전북특별자치도 남원시 이백면 평촌리 364,,,,정상가동,99.96,380,60,2020,,,,,2025-11-03
주조장태양광발전소,,전북특별자치도 남원시 이백면 과립리 630-1,,,,정상가동,56.525,380,60,2020,,,,,2025-11-03
진성2호태양광발전소,,전북특별자치도 남원시 보절면 황벌리 3,,,,정상가동,89.1,380,60,2020,,,,,2025-11-03
지율태양광발전소,,전북특별자치도 남원시 보절면 황벌리 7-21,,,,정상가동,29.7,380,60,2020,,,,,2025-11-03
정배4태양광발전소,,전북특별자치도 남원시 광치동 533-6,,,,정상가동,99,380,60,2020,,,,,2025-11-03
정배5태양광발전소,,전북특별자치도 남원시 광치동 553-6,,,,정상가동,99,380,60,2020,,,,,2025-11-03
이백1호태양광발전소,,전북특별자치도 남원시 이백면 과립리 143,,,,정상가동,99.96,380,60,2020,,,,,2025-11-03
이백2호태양광발전소,,전북특별자치도 남원시 이백면 과립리 143,,,,정상가동,99.96,380,60,2020,,,,,2025-11-03
성권1호발전소,,전북특별자치도 남원시 운봉읍 주촌리 499,,,,정상가동,99.96,380,60,2020,,,,,2025-11-03
자용1호태양광발전소,,전북특별자치도 남원시 덕과면 덕촌리 11-2,,,,정상가동,99.6,380,60,2020,,,,,2025-11-03
자용2호태양광발전소,,전북특별자치도 남원시 덕과면 덕촌리 11-2,,,,정상가동,99.6,380,60,2020,,,,,2025-11-03
자용3호태양광발전소,,전북특별자치도 남원시 덕과면 덕촌리 11-2,,,,정상가동,99.6,380,60,2020,,,,,2025-11-03
자용4호태양광발전소,,전북특별자치도 남원시 덕과면 덕촌리 11-2,,,,정상가동,99.6,380,60,2020,,,,,2025-11-03
자용5호태양광발전소,,전북특별자치도 남원시 덕과면 덕촌리 11-2,,,,정상가동,99.6,380,60,2020,,,,,2025-11-03
한별태양광,,전북특별자치도 남원시 운봉읍 임리 635,,,,정상가동,99.6,380,60,2020,,,,,2025-11-03
진영태양광,,전북특별자치도 남원시 운봉읍 임리 635,,,,정상가동,99.6,380,60,2020,,,,,2025-11-03
리전트태양광발전소,,전북특별자치도 남원시 향교동 392-2,,,,정상가동,49.5,380,60,2020,,,,,2025-11-03
서도14태양광발전소,,전북특별자치도 남원시 사매면 서도리 660-5,,,,정상가동,99.96,380,60,2020,,,,,2025-11-03
서도15태양광발전소,,전북특별자치도 남원시 사매면 서도리 660-5,,,,정상가동,99.96,380,60,2020,,,,,2025-11-03
사기점1호기 태양광발전소,,전북특별자치도 남원시 보절면 사촌리 139,,,,정상가동,99.735,380,60,2020,,,,,2025-11-03
사기점2호기 태양광발전소,,전북특별자치도 남원시 보절면 사촌리 139,,,,정상가동,99.735,380,60,2020,,,,,2025-11-03
서도1호 태양광발전소,,전북특별자치도 남원시 사매면 서도리 640,,,,정상가동,99.84,380,60,2020,,,,,2025-11-03
서도2호 태양광발전소,,전북특별자치도 남원시 사매면 서도리 640,,,,정상가동,99.84,380,60,2020,,,,,2025-11-03
서도3호 태양광발전소,,전북특별자치도 남원시 사매면 서도리 640,,,,정상가동,99.84,380,60,2020,,,,,2025-11-03
서도4호 태양광발전소,,전북특별자치도 남원시 사매면 서도리 640,,,,정상가동,99.84,380,60,2020,,,,,2025-11-03
서도5호 태양광발전소,,전북특별자치도 남원시 사매면 서도리 640,,,,정상가동,99.84,380,60,2020,,,,,2025-11-03
우리태양광발전소,,전북특별자치도 남원시 덕과면 고정리 940,,,,정상가동,199.98,380,60,2020,,,,,2025-11-03
석주1호태양광발전소,,전북특별자치도 남원시 대강면 생암리 553-16,,,,정상가동,499.765,22900,60,2020,,,,,2025-11-03
석주2호태양광발전소,,전북특별자치도 남원시 대강면 생암리 553-16,,,,정상가동,499.765,22900,60,2020,,,,,2025-11-03
석주3호태양광발전소,,전북특별자치도 남원시 대강면 생암리 553-16,,,,정상가동,99.735,22900,60,2020,,,,,2025-11-03
사석민태양광발전소,,전북특별자치도 남원시 대강면 사석리 1538번지,,,,정상가동,99.96,380,60,2020,,,,,2025-11-03
방동일태양광발전소,,전북특별자치도 남원시 대강면 사석리 1536번지,,,,정상가동,99.96,380,60,2020,,,,,2025-11-03
방동이태양광발전소,,전북특별자치도 남원시 대강면 사석리 1535번지,,,,정상가동,99.96,380,60,2020,,,,,2025-11-03
옥정 태양광발전소,,전북특별자치도 남원시 이백면 양가리 7-1,,,,정상가동,99.735,380,60,2020,,,,,2025-11-03
하윤 태양광발전소,,전북특별자치도 남원시 수지면 남창리 417,,,,정상가동,99.735,380,60,2020,,,,,2025-11-03
윤하 태양광발전소,전북특별자치도 남원시 의총로 32-2,,,,,정상가동,19.04,380,60,2020,,,,,2025-11-03
골드태양광발전소,,전북특별자치도 남원시 사매면 서도리 762,,,,정상가동,49.5,380,60,2020,,,,,2025-11-03
황금태양광발전소,,전북특별자치도 남원시 사매면 서도리 762,,,,정상가동,99,380,60,2020,,,,,2025-11-03
안승용1발전소,,전북특별자치도 남원시 금지면 택내리 444-1,,,,정상가동,99.96,22900,60,2020,,,,,2025-11-03
안승용2발전소,,전북특별자치도 남원시 금지면 택내리 444-1,,,,정상가동,99.96,22900,60,2020,,,,,2025-11-03
안승용3발전소,,전북특별자치도 남원시 금지면 택내리 444-1,,,,정상가동,99.96,22900,60,2020,,,,,2025-11-03
안승용4발전소,,전북특별자치도 남원시 금지면 택내리 444-1,,,,정상가동,99.96,22900,60,2020,,,,,2025-11-03
안승용5발전소,,전북특별자치도 남원시 금지면 택내리 444-1,,,,정상가동,99.96,22900,60,2020,,,,,2025-11-03
안승용6발전소,,전북특별자치도 남원시 금지면 택내리 444-1,,,,정상가동,99.96,22900,60,2020,,,,,2025-11-03
안승용7발전소,,전북특별자치도 남원시 금지면 택내리 444-1,,,,정상가동,69.02,22900,60,2020,,,,,2025-11-03
녹지 1 발전소,,전북특별자치도 남원시 아영면 인풍리 531-1,,,,정상가동,19.5,380,60,2020,,,,,2025-11-03
녹지 2 발전소,,전북특별자치도 남원시 아영면 인풍리 531-1,,,,정상가동,19.5,380,60,2020,,,,,2025-11-03
영수1호 발전소,,전북특별자치도 남원시 주생면 정송리 563,,,,정상가동,99.96,380,60,2020,,,,,2025-11-03
영수2호 발전소,,전북특별자치도 남원시 주생면 정송리 563,,,,정상가동,69.62,380,60,2020,,,,,2025-11-03
주태2호 태양광발전소,,전북특별자치도 남원시 운봉읍 준향리 106-1,,,,정상가동,36,380,60,2020,,,,,2025-11-03
벧엘1호태양광발전소,,전북특별자치도 남원시 인월면 자래리 397,,,,정상가동,99.96,380,60,2020,,,,,2025-11-03
양지태양광발전소,,전북특별자치도 남원시 인월면 건지리 2-47,,,,정상가동,99.96,380,60,2020,,,,,2025-11-03
신조태양광발전소,,전북특별자치도 남원시 인월면 건지리 2-47,,,,정상가동,99.96,380,60,2020,,,,,2025-11-03
리킴태양광발전소,,전북특별자치도 남원시 인월면 건지리 2-47,,,,정상가동,99.96,380,60,2020,,,,,2025-11-03
수민태양광발전소,,전북특별자치도 남원시 인월면 건지리 2-47,,,,정상가동,99.96,380,60,2020,,,,,2025-11-03
다온1호태양광발전소,,전북특별자치도 남원시 인월면 건지리 2-47,,,,정상가동,99.96,380,60,2020,,,,,2025-11-03
세온에너지,,전북특별자치도 남원시 인월면 건지리 2-47,,,,정상가동,99.96,380,60,2020,,,,,2025-11-03
해누리태양광발전소,,전북특별자치도 남원시 인월면 건지리 2-47,,,,정상가동,99.96,380,60,2020,,,,,2025-11-03
오송2호태양광발전소,,전북특별자치도 남원시 인월면 건지리 2-47,,,,정상가동,99.96,380,60,2020,,,,,2025-11-03
수지태양광발전소,,전북특별자치도 남원시 인월면 건지리 2-47,,,,정상가동,99.96,380,60,2020,,,,,2025-11-03
해광태양광발전소,,전북특별자치도 남원시 인월면 건지리 2-47,,,,정상가동,99.96,380,60,2020,,,,,2025-11-03
써니태양광발전소,,전북특별자치도 남원시 인월면 건지리 2-47,,,,정상가동,99.96,380,60,2020,,,,,2025-11-03
해바라기태양광발전소,,전북특별자치도 남원시 인월면 건지리 2-47,,,,정상가동,99.96,380,60,2020,,,,,2025-11-03
건지1호태양광발전소,,전북특별자치도 남원시 인월면 건지리 2-58,,,,정상가동,99.96,380,60,2020,,,,,2025-11-03
율율2호태양광발전소,,전북특별자치도 남원시 인월면 건지리 2-58,,,,정상가동,99.96,380,60,2020,,,,,2025-11-03
온달태양광발전소,,전북특별자치도 남원시 인월면 건지리 2-41,,,,정상가동,99.96,380,60,2020,,,,,2025-11-03
평강태양광발전소,,전북특별자치도 남원시 인월면 건지리 2-43,,,,정상가동,99.96,380,60,2020,,,,,2025-11-03
밝은태양광1,,전북특별자치도 남원시 인월면 건지리 2-43,,,,정상가동,99.96,380,60,2020,,,,,2025-11-03
밝은태양광2,,전북특별자치도 남원시 인월면 건지리 2-43,,,,정상가동,99.96,380,60,2020,,,,,2025-11-03
김훈태양광발전소,,전북특별자치도 남원시 인월면 건지리 2-43,,,,정상가동,99.96,380,60,2020,,,,,2025-11-03
밝은태양광,,전북특별자치도 남원시 인월면 건지리 2-43,,,,정상가동,99.96,380,60,2020,,,,,2025-11-03
더모아태양광발전소,,전북특별자치도 남원시 인월면 건지리 2-34,,,,정상가동,99.96,380,60,2020,,,,,2025-11-03
다모아태양광발전소,,전북특별자치도 남원시 인월면 건지리 2-34,,,,정상가동,99.96,380,60,2020,,,,,2025-11-03
따스리태양광발전소,,전북특별자치도 남원시 인월면 건지리 2-34,,,,정상가동,99.96,380,60,2020,,,,,2025-11-03
신에너지,,전북특별자치도 남원시 인월면 건지리 2-33,,,,정상가동,99.96,380,60,2020,,,,,2025-11-03
영광2호태양광발전소,,전북특별자치도 남원시 인월면 건지리 2-41,,,,정상가동,99.96,380,60,2020,,,,,2025-11-03
건지2호태양광발전소,,전북특별자치도 남원시 인월면 건지리 2-41,,,,정상가동,99.96,380,60,2020,,,,,2025-11-03
건지3호태양광발전소,,전북특별자치도 남원시 인월면 건지리 2-33,,,,정상가동,63.7,380,60,2020,,,,,2025-11-03
건지보림1태양광발전소,,전북특별자치도 남원시 인월면 건지리 2-30,,,,정상가동,99.96,380,60,2020,,,,,2025-11-03
건지보림2태양광발전소,,전북특별자치도 남원시 인월면 건지리 2-30,,,,정상가동,70.07,380,60,2020,,,,,2025-11-03
새봄 태양광 발전소,,전북특별자치도 남원시 노암동 871-5,,,,정상가동,99,380,60,2020,,,,,2025-11-03
새롬 태양광 발전소,,전북특별자치도 남원시 노암동 871-5,,,,정상가동,99,380,60,2020,,,,,2025-11-03
율촌1호태양광발전소,전북특별자치도 남원시 운봉읍 수철길 30-75,,,,,정상가동,99.96,380,60,2020,,,,,2025-11-03
율촌2호태양광발전소,전북특별자치도 남원시 운봉읍 수철길 30-75,,,,,정상가동,99.96,380,60,2020,,,,,2025-11-03
천하1호 태양광발전소,,전북특별자치도 남원시 운봉읍 권포리 656-1,,,,정상가동,19.2,380,60,2020,,,,,2025-11-03
호두카페 태양광발전소,,전북특별자치도 남원시 이백면 척문리 816-2,,,,정상가동,99.96,380,60,2020,,,,,2025-11-03
보절태양광발전소,,전북특별자치도 남원시 보절면 진기리 635-1,,,,정상가동,99.96,380,60,2020,,,,,2025-11-03
창조태양광발전소,,전북특별자치도 남원시 보절면 진기리 635-1,,,,정상가동,99.96,380,60,2020,,,,,2025-11-03
오케이태양광발전소,,전북특별자치도 남원시 보절면 진기리 635-1,,,,정상가동,99.96,380,60,2020,,,,,2025-11-03
천지태양광발전소,,전북특별자치도 남원시 보절면 진기리 635-1,,,,정상가동,99.96,380,60,2020,,,,,2025-11-03
영희태양광발전소,,전북특별자치도 남원시 보절면 진기리 635-1,,,,정상가동,99.96,380,60,2020,,,,,2025-11-03
진태양광발전소2,,전북특별자치도 남원시 보절면 진기리 635-1,,,,정상가동,99.96,380,60,2020,,,,,2025-11-03
명환태양광발전소,,전북특별자치도 남원시 보절면 진기리 635-1,,,,정상가동,99.96,380,60,2020,,,,,2025-11-03
만경태양광발전소,,전북특별자치도 남원시 보절면 진기리 635-1,,,,정상가동,99.96,380,60,2020,,,,,2025-11-03
치환태양광발전소,,전북특별자치도 남원시 보절면 진기리 635-1,,,,정상가동,99.96,380,60,2020,,,,,2025-11-03
보절양지태양광발전소,,전북특별자치도 남원시 보절면 진기리 635-1,,,,정상가동,99.96,380,60,2020,,,,,2025-11-03
쉼터2태양광발전소,,전북특별자치도 남원시 보절면 진기리 635-1,,,,정상가동,99.96,380,60,2020,,,,,2025-11-03
선태양광발전소,,전북특별자치도 남원시 보절면 진기리 635-1,,,,정상가동,99.96,380,60,2020,,,,,2025-11-03
마루태양광발전소2,,전북특별자치도 남원시 보절면 진기리 635-1,,,,정상가동,99.96,380,60,2020,,,,,2025-11-03
은하수태양광발전소,,전북특별자치도 남원시 보절면 진기리 635-1,,,,정상가동,99.96,380,60,2020,,,,,2025-11-03
종선의태양광발전소,,전북특별자치도 남원시 보절면 진기리 635-1,,,,정상가동,99.96,380,60,2020,,,,,2025-11-03
동수태양광발전소,,전북특별자치도 남원시 보절면 진기리 635-1,,,,정상가동,99.96,380,60,2020,,,,,2025-11-03
두례태양광발전소,,전북특별자치도 남원시 보절면 진기리 635-1,,,,정상가동,99.96,380,60,2020,,,,,2025-11-03
행복태양광발전소,,전북특별자치도 남원시 보절면 진기리 635-1,,,,정상가동,99.96,380,60,2020,,,,,2025-11-03
보광태양광발전소,,전북특별자치도 남원시 보절면 진기리 635-1,,,,정상가동,99.96,380,60,2020,,,,,2025-11-03
미소태양광발전소,,전북특별자치도 남원시 보절면 진기리 635-1,,,,정상가동,99.96,380,60,2020,,,,,2025-11-03
화수분태양광발전소,,전북특별자치도 남원시 보절면 진기리 635-1,,,,정상가동,99.96,380,60,2020,,,,,2025-11-03
월천태양광발전소,,전북특별자치도 남원시 보절면 진기리 635-1,,,,정상가동,99.96,380,60,2020,,,,,2025-11-03
진목태양광발전소,,전북특별자치도 남원시 보절면 진기리 635-1,,,,정상가동,99.96,380,60,2020,,,,,2025-11-03
태초태양광발전소,,전북특별자치도 남원시 보절면 진기리 635-1,,,,정상가동,99.96,380,60,2020,,,,,2025-11-03
용학3호 태양광발전소,전북특별자치도 남원시 산동면 부절길 18-102,,,,,정상가동,98.175,380,60,2020,,,,,2025-11-03
용학4호 태양광발전소,전북특별자치도 남원시 산동면 부절길 18-102,,,,,정상가동,84.49,380,60,2020,,,,,2025-11-03
해성 태양광 발전소,전북특별자치도 남원시 대강면 섬진로 874-4,,,,,정상가동,19.635,380,60,2020,,,,,2025-11-03
섬진강태양광발전소,,전북특별자치도 남원시 대강면 생암리 301,,,,정상가동,498.55,380,60,2020,,,,,2025-11-03
안가2호태양광발전소,,전북특별자치도 남원시 대강면 생암리 301-6,,,,정상가동,498.55,380,60,2020,,,,,2025-11-03
성골1호태양광발전소,,전북특별자치도 남원시 대강면 수홍리 608,,,,정상가동,99.96,380,60,2020,,,,,2025-11-03
희봉1호 태양광발전소,,전북특별자치도 남원시 대산면 길곡리 729-2,,,,정상가동,99.22,380,60,2020,,,,,2025-11-03
희봉2호 태양광발전소,,전북특별자치도 남원시 대산면 길곡리 729-2,,,,정상가동,99.22,380,60,2020,,,,,2025-11-03
희봉3호 태양광발전소,,전북특별자치도 남원시 대산면 길곡리 729-2,,,,정상가동,99.22,380,60,2020,,,,,2025-11-03
희봉4호 태양광발전소,,전북특별자치도 남원시 대산면 길곡리 729-2,,,,정상가동,99.22,380,60,2020,,,,,2025-11-03
희봉5호 태양광발전소,,전북특별자치도 남원시 대산면 길곡리 729-2,,,,정상가동,99.22,380,60,2020,,,,,2025-11-03
진산 태양광발전소,,전북특별자치도 남원시 대산면 옥율리 696-2 건물 위,,,,정상가동,44.77,380,60,2020,,,,,2025-11-03
국보1호 태양광발전소,,전북특별자치도 남원시 산동면 대상리 686,,,,정상가동,19.8,380,60,2020,,,,,2025-11-03
하나 태양광발전소,,전북특별자치도 남원시 산동면 월석리 811 버섯사,,,,정상가동,199.92,380,60,2020,,,,,2025-11-03
소풍 태양광발전소,,전북특별자치도 남원시 대산면 옥율리 294,,,,정상가동,360.36,380,60,2020,,,,,2025-11-03
좋은 태양광발전소,,전북특별자치도 남원시 대산면 대곡리 1-3,,,,정상가동,271.53,380,60,2020,,,,,2025-11-03
솔빛2호 태양광발전소,,전북특별자치도 남원시 대산면 금성리 651-8,,,,정상가동,40.32,380,60,2020,,,,,2025-11-03
돌담 태양광발전소,,전북특별자치도 남원시 대강면 옥택리 701-2,,,,정상가동,370.44,380,60,2020,,,,,2025-11-03
유정1호발전소,,전북특별자치도 남원시 운봉읍 준향리 823-10,,,,정상가동,65.4,380,60,2020,,,,,2025-11-03
가덕태양광발전소,,전북특별자치도 남원시 광치동 195-14,,,,정상가동,299.52,380,60,2020,,,,,2025-11-03
BJ(비제이)발전소,,전북특별자치도 남원시 운봉읍 권포리 102-3,,,,정상가동,99.55,380,60,2020,,,,,2025-11-03
권포발전소,,전북특별자치도 남원시 운봉읍 권포리 102-3,,,,정상가동,99.55,380,60,2020,,,,,2025-11-03
현대발전소,,전북특별자치도 남원시 운봉읍 권포리 102-3,,,,정상가동,84.7,380,60,2020,,,,,2025-11-03
대성7호 태양광발전소,,전북특별자치도 남원시 인월면 성산리 165-5,,,,정상가동,389.76,380,60,2020,,,,,2025-11-03
대신 태양광발전소,,전북특별자치도 남원시 운봉읍 준향리 824-5,,,,정상가동,494.16,380,60,2020,,,,,2025-11-03
자갈마당 1호 태양광발전소,,전북특별자치도 남원시 사매면 화정리 358-5,,,,정상가동,99.365,380,60,2020,,,,,2025-11-03
자갈마당 2호 태양광발전소,,전북특별자치도 남원시 사매면 화정리 358-5,,,,정상가동,99.365,380,60,2020,,,,,2025-11-03
진규태양광발전소,,전북특별자치도 남원시 덕과면 신양리 674,,,,정상가동,99.84,380,60,2020,,,,,2025-11-03
영자태양광발전소,,전북특별자치도 남원시 덕과면 신양리 674,,,,정상가동,99.84,380,60,2020,,,,,2025-11-03
경순태양광발전소,,전북특별자치도 남원시 덕과면 신양리 674,,,,정상가동,99.84,380,60,2020,,,,,2025-11-03
태호태양광발전소,,전북특별자치도 남원시 덕과면 신양리 674,,,,정상가동,99.84,380,60,2020,,,,,2025-11-03
기성태양광발전소,,전북특별자치도 남원시 덕과면 신양리 674,,,,정상가동,99.84,380,60,2020,,,,,2025-11-03
연주태양광발전소,,전북특별자치도 남원시 덕과면 신양리 674,,,,정상가동,99.84,380,60,2020,,,,,2025-11-03
벧엘1호 태양광발전소,,전북특별자치도 남원시 송동면 흑송리 314,,,,정상가동,99.96,380,60,2020,,,,,2025-11-03
벧엘2호 태양광발전소,,전북특별자치도 남원시 송동면 흑송리 314,,,,정상가동,99.96,380,60,2020,,,,,2025-11-03
만이3호 태양광발전소,,전북특별자치도 남원시 송동면 송내리 949-14,,,,정상가동,99.96,380,60,2020,,,,,2025-11-03
만이4호 태양광발전소,,전북특별자치도 남원시 송동면 송내리 949-14,,,,정상가동,99.96,380,60,2020,,,,,2025-11-03
달림,,전북특별자치도 남원시 인월면 취암리 183,,,,정상가동,30,380,60,2020,,,,,2025-11-03
뭉치네 태양광발전소,,전북특별자치도 남원시 수지면 호곡리 957-1,,,,정상가동,298.8,380,60,2020,,,,,2025-11-03
여름태양광발전소,,전북특별자치도 남원시 아영면 두락리 170-3,,,,정상가동,299.75,380,60,2020,,,,,2025-11-03
새벽별1호 태양광발전소,,전북특별자치도 남원시 운봉읍 장교리 60-1,,,,정상가동,99.96,380,60,2020,,,,,2025-11-03
새벽별2호 태양광발전소,,전북특별자치도 남원시 운봉읍 장교리 60-1,,,,정상가동,99.96,380,60,2020,,,,,2025-11-03
새벽별3호 태양광발전소,,전북특별자치도 남원시 운봉읍 장교리 60-1,,,,정상가동,99.96,380,60,2020,,,,,2025-11-03
새벽별4호 태양광발전소,,전북특별자치도 남원시 운봉읍 장교리 60-1,,,,정상가동,99.96,380,60,2020,,,,,2025-11-03
연실태양광발전소,,전북특별자치도 남원시 인월면 자래리 580-50,,,,정상가동,199.5,380,60,2020,,,,,2025-11-03
섭골2호 태양광발전소,,전북특별자치도 남원시 보절면 신파리 54-1,,,,정상가동,99,380,60,2020,,,,,2025-11-03
산들10호 태양광발전소,,전북특별자치도 남원시 보절면 신파리 54-1,,,,정상가동,198,380,60,2020,,,,,2025-11-03
산들7호 태양광발전소,,전북특별자치도 남원시 보절면 신파리 54-1,,,,정상가동,99,380,60,2020,,,,,2025-11-03
산들9호 태양광발전소,,전북특별자치도 남원시 보절면 신파리 54-1,,,,정상가동,99,380,60,2020,,,,,2025-11-03
산들8호 태양광발전소,,전북특별자치도 남원시 보절면 신파리 54-1,,,,정상가동,99,380,60,2020,,,,,2025-11-03
솔빛태양광발전소,,전북특별자치도 남원시 대산면 신계리 912-3,,,,정상가동,696.78,22900,60,2020,,,,,2025-11-03
진성솔라태양광발전소,,전북특별자치도 남원시 송동면 신평리 1133-2,,,,정상가동,498.48,380,60,2020,,,,,2025-11-03
와이 태양광발전소,,전북특별자치도 남원시 운봉읍 공안리 산44-12,,,,정상가동,297,380,60,2020,,,,,2025-11-03
케이 태양광발전소,,전북특별자치도 남원시 운봉읍 공안리 산44-5,,,,정상가동,495,380,60,2020,,,,,2025-11-03
와이케이태양광발전소,,전북특별자치도 남원시 운봉읍 공안리 산44-5,,,,정상가동,995,380,60,2020,,,,,2025-11-03
칠성태양광발전소,,전북특별자치도 남원시 고죽동 427-5,,,,정상가동,99.735,380,60,2020,,,,,2025-11-03
따따봉 태양광발전소,,전북특별자치도 남원시 운봉읍 서천리 82,,,,정상가동,19.635,380,60,2020,,,,,2025-11-03
제천 태양광발전소,전북특별자치도 남원시 주생면 제천안길 8,,,,,정상가동,19.635,220,60,2020,,,,,2025-11-03
도산 1호 발전소,,전북특별자치도 남원시 주생면 도산리 986-12,,,,정상가동,24.8,380,60,2020,,,,,2025-11-03
우재태양광발전소,,전북특별자치도 남원시 보절면 성시리 954,,,,정상가동,99.84,380,60,2020,,,,,2025-11-03
도원3호태양광발전소,,전북특별자치도 남원시 보절면 성시리 975,,,,정상가동,99.84,380,60,2020,,,,,2025-11-03
영수 리뉴솔라1호 태양광발전소,,전북특별자치도 남원시 주생면 내동리 637,,,,정상가동,149.94,380,60,2020,,,,,2025-11-03
고리봉태양광발전소,,전북특별자치도 남원시 금지면 택내리 553-2,,,,정상가동,499.8,380,60,2020,,,,,2025-11-03
춘향태양광발전소,,전북특별자치도 남원시 용정동 753-278,,,,정상가동,71.4,380,60,2020,,,,,2025-11-03
영숙2호 태양광발전소,,전북특별자치도 남원시 운봉읍 권포리 381,,,,정상가동,99.96,380,60,2020,,,,,2025-11-03
영숙3호 태양광발전소,,전북특별자치도 남원시 운봉읍 권포리 381,,,,정상가동,99.96,380,60,2020,,,,,2025-11-03
영숙4호 태양광발전소,,전북특별자치도 남원시 운봉읍 권포리 381,,,,정상가동,99.96,380,60,2020,,,,,2025-11-03
대왕3호 태양광발전소,,전북특별자치도 남원시 운봉읍 권포리 381,,,,정상가동,99.96,380,60,2020,,,,,2025-11-03
지리산3호 태양광발전소,,전북특별자치도 남원시 운봉읍 권포리 381,,,,정상가동,99.96,380,60,2020,,,,,2025-11-03
산내1호 태양광발전소,,전북특별자치도 남원시 산내면 입석리 621,,,,정상가동,99.6,380,60,2020,,,,,2025-11-03
산내2호 태양광발전소,,전북특별자치도 남원시 산내면 입석리 621,,,,정상가동,99.6,380,60,2020,,,,,2025-11-03
산내3호 태양광발전소,,전북특별자치도 남원시 산내면 입석리 621,,,,정상가동,99.6,380,60,2020,,,,,2025-11-03
산내4호 태양광발전소,,전북특별자치도 남원시 산내면 입석리 623,,,,정상가동,99.6,380,60,2020,,,,,2025-11-03
산내5호 태양광발전소,,전북특별자치도 남원시 산내면 입석리 623,,,,정상가동,49.8,380,60,2020,,,,,2025-11-03
현석1호 태양광발전소,,전북특별자치도 남원시 이백면 과립리 21-1,,,,정상가동,30,380,60,2020,,,,,2025-11-03
현석2호 태양광발전소,,전북특별자치도 남원시 이백면 과립리 32,,,,정상가동,15,380,60,2020,,,,,2025-11-03
어린사자 태양광발전소,,전북특별자치도 남원시 조산동 32-9,,,,정상가동,19.965,220,60,2020,,,,,2025-11-03
남원태양광발전소,,전북특별자치도 남원시 대강면 입암리 223,,,,정상가동,298.89,380,60,2020,,,,,2025-11-03
영옥발전소,,전북특별자치도 남원시 대산면 신계리 912-5,,,,정상가동,99.82,380,60,2020,,,,,2025-11-03
판규 1호발전소,,전북특별자치도 남원시 대산면 신계리 912-5,,,,정상가동,99.82,380,60,2020,,,,,2025-11-03
판규 2호발전소,,전북특별자치도 남원시 대산면 신계리 912-5,,,,정상가동,99.82,380,60,2020,,,,,2025-11-03
이행복 태양광발전소,,전북특별자치도 남원시 주생면 도산리 916-85 주1동,,,,정상가동,30,380,60,2020,,,,,2025-11-03
성하1호태양광발전소,,전북특별자치도 남원시 송동면 신평리 2179-4,,,,정상가동,99.975,380,60,2020,,,,,2025-11-03
성하2호태양광발전소,,전북특별자치도 남원시 송동면 신평리 2179-4,,,,정상가동,99.975,380,60,2020,,,,,2025-11-03
성하3호태양광발전소,,전북특별자치도 남원시 송동면 신평리 2179-4,,,,정상가동,99.975,380,60,2020,,,,,2025-11-03
황금 태양광발전소,,전북특별자치도 남원시 보절면 금다리 987-6,,,,정상가동,399.3,380,60,2020,,,,,2025-11-03
대신1호 태양광발전소,,전북특별자치도 남원시 사매면 대신리 609-28,,,,정상가동,29.25,380,60,2020,,,,,2025-11-03
대신2호 태양광발전소,,전북특별자치도 남원시 사매면 대신리 609-29,,,,정상가동,29.25,380,60,2020,,,,,2025-11-03
대신3호 태양광발전소,,전북특별자치도 남원시 사매면 대신리 609-29,,,,정상가동,29.25,380,60,2020,,,,,2025-11-03
대신4호 태양광발전소,,전북특별자치도 남원시 사매면 대신리 609-29,,,,정상가동,29.25,380,60,2020,,,,,2025-11-03
딸기1호 태양광발전소,,전북특별자치도 남원시 덕과면 용산리 473-2,,,,정상가동,99,380,60,2020,,,,,2025-11-03
딸기2호 태양광발전소,,전북특별자치도 남원시 덕과면 용산리 473-2,,,,정상가동,99,380,60,2020,,,,,2025-11-03
딸기3호 태양광발전소,,전북특별자치도 남원시 덕과면 용산리 473-2,,,,정상가동,170.94,380,60,2020,,,,,2025-11-03
수지태양광발전소,,전북특별자치도 남원시 수지면 남창리 989-1,,,,정상가동,99.12,380,60,2020,,,,,2025-11-03
평화태양광발전소,,전북특별자치도 남원시 수지면 남창리 990-1,,,,정상가동,99.12,380,60,2020,,,,,2025-11-03
정일태양광발전소,,전북특별자치도 남원시 수지면 남창리 990-1,,,,정상가동,99.12,380,60,2020,,,,,2025-11-03
김종철 태양광발전소,,전북특별자치도 남원시 월락동 157-26,,,,정상가동,19.2,380,60,2020,,,,,2025-11-03
해맞이1호태양광발전소,,전북특별자치도 남원시 수지면 남창리 17,,,,정상가동,99.365,380,60,2020,,,,,2025-11-03
해맞이2호태양광발전소,,전북특별자치도 남원시 수지면 남창리 17,,,,정상가동,99.365,380,60,2020,,,,,2025-11-03
빛바다1호태양광발전소,,전북특별자치도 남원시 수지면 남창리 17,,,,정상가동,99.365,380,60,2020,,,,,2025-11-03
빛바다2호태양광발전소,,전북특별자치도 남원시 수지면 남창리 17,,,,정상가동,99.365,380,60,2020,,,,,2025-11-03
신계3호 태양광발전소,,전북특별자치도 남원시 대산면 신계리 415-2,,,,정상가동,434.39,380,60,2020,,,,,2025-11-03
신계4호 태양광발전소,,전북특별자치도 남원시 대산면 신계리 415-2,,,,정상가동,539.66,380,60,2020,,,,,2025-11-03
신계5호 태양광발전소,,전북특별자치도 남원시 대산면 신계리 415-2,,,,정상가동,562.65,380,60,2020,,,,,2025-11-03
대원쏠라텍,,전북특별자치도 남원시 송동면 두신리 5-13,,,,정상가동,299.46,380,60,2020,,,,,2025-11-03
도원쏠라텍,,전북특별자치도 남원시 송동면 두신리 5-13,,,,정상가동,199.02,380,60,2020,,,,,2025-11-03
하봉순태양광발전소2호,,전북특별자치도 남원시 보절면 괴양리 302,,,,정상가동,14.875,380,60,2020,,,,,2025-11-03
하봉순태양광발전소,,전북특별자치도 남원시 이백면 척문리 809,,,,정상가동,29.75,380,60,2020,,,,,2025-11-03
희연1 태양광발전소,,전북특별자치도 남원시 대산면 대곡리 211,,,,정상가동,138.65,380,60,2020,,,,,2025-11-03
희연2 태양광발전소,,전북특별자치도 남원시 대산면 대곡리 211,,,,정상가동,99.71,380,60,2020,,,,,2025-11-03
희연3 태양광발전소,,전북특별자치도 남원시 대산면 대곡리 211,,,,정상가동,99.71,380,60,2020,,,,,2025-11-03
달림1호,,전북특별자치도 남원시 인월면 취암리 183-1,,,,정상가동,199.8,380,60,2020,,,,,2025-11-03
만동태양광발전소,,전북특별자치도 남원시 덕과면 만도리 395,,,,정상가동,97.2,380,60,2020,,,,,2025-11-03
명희2호 태양광발전소,,전북특별자치도 남원시 대강면 송대리 109,,,,정상가동,99.55,380,60,2020,,,,,2025-11-03
수연5호 태양광발전소,,전북특별자치도 남원시 대강면 송대리 65,,,,정상가동,99.55,380,60,2020,,,,,2025-11-03
선5호 태양광발전소,,전북특별자치도 남원시 대강면 송대리 65,,,,정상가동,99.55,380,60,2020,,,,,2025-11-03
선명3태양광발전소,,전북특별자치도 남원시 보절면 도룡리 905-7,,,,정상가동,74.745,380,60,2020,,,,,2025-11-03
경순태양광발전소,,전북특별자치도 남원시 대산면 대곡리 702-1,,,,정상가동,99.6,380,60,2020,,,,,2025-11-03
정섭태양광발전소,,전북특별자치도 남원시 대산면 대곡리 702-5,,,,정상가동,99.6,380,60,2020,,,,,2025-11-03
고도실 태양광발전소,,전북특별자치도 남원시 대강면 수홍리 278,,,,정상가동,99.56,380,60,2020,,,,,2025-11-03
솔터 태양광발전소,,전북특별자치도 남원시 송동면 송기리 567,,,,정상가동,14.875,380,60,2020,,,,,2025-11-03
송동3호태양광발전소,,전북특별자치도 남원시 송동면 신평리 1698-20,,,,정상가동,99.66,380,60,2020,,,,,2025-11-03
신호2 태양광발전소,,전북특별자치도 남원시 보절면 사촌리 79,,,,정상가동,99.6,380,60,2020,,,,,2025-11-03
천두태양광발전소,전북특별자치도 남원시 운봉읍 승전로 254-27,,,,,정상가동,64.68,380,60,2020,,,,,2025-11-03
종명에너지,,전북특별자치도 남원시 주생면 도산리 717,,,,정상가동,99.76,380,60,2020,,,,,2025-11-03
금평에너지6호,,전북특별자치도 남원시 주생면 도산리 717,,,,정상가동,99.76,380,60,2020,,,,,2025-11-03
철규에너지,,전북특별자치도 남원시 주생면 도산리 717,,,,정상가동,99.76,380,60,2020,,,,,2025-11-03
금평에너지7호,,전북특별자치도 남원시 주생면 도산리 717,,,,정상가동,99.76,380,60,2020,,,,,2025-11-03
희진에너지,,전북특별자치도 남원시 주생면 도산리 717,,,,정상가동,99.76,380,60,2020,,,,,2025-11-03
현3호태양광발전소,,전북특별자치도 남원시 수지면 남창리 1720,,,,정상가동,18.75,380,60,2020,,,,,2025-11-03
꽃정이1호 태양광발전소,,전북특별자치도 남원시 사매면 대율리 722,,,,정상가동,99.6,380,60,2020,,,,,2025-11-03
현대솔라태양광발전소,,전북특별자치도 남원시 보절면 괴양리 342,,,,정상가동,99,380,60,2020,,,,,2025-11-03
현대솔라2태양광발전소,,전북특별자치도 남원시 보절면 괴양리 342,,,,정상가동,99,380,60,2020,,,,,2025-11-03
현대솔라3태양광발전소,,전북특별자치도 남원시 보절면 괴양리 342,,,,정상가동,99,380,60,2020,,,,,2025-11-03
주생태양광발전소,,전북특별자치도 남원시 주생면 낙동리 18,,,,정상가동,99.96,380,60,2020,,,,,2025-11-03
누리리태양광발전소,,전북특별자치도 남원시 주생면 낙동리 16,,,,정상가동,99.96,380,60,2020,,,,,2025-11-03
풀꽃태양광발전소,,전북특별자치도 남원시 주생면 낙동리 16,,,,정상가동,99.96,380,60,2020,,,,,2025-11-03
한빛태양광발전소,,전북특별자치도 남원시 주생면 낙동리 16,,,,정상가동,99.96,380,60,2020,,,,,2025-11-03
강기리 태양광발전소,,전북특별자치도 남원시 이백면 강기리 520-1,,,,정상가동,15,220,60,2020,,,,,2025-11-03
고니4호태양광발전소,,전북특별자치도 남원시 보절면 금다리 999-2,,,,정상가동,45,380,60,2020,,,,,2025-11-03
기성1호기 태양광발전소,,전북특별자치도 남원시 대강면 사석리 1972-1,,,,정상가동,99.2,380,60,2020,,,,,2025-11-03
내척동2호 태양광발전소,,전북특별자치도 남원시 내척동 359-4,,,,정상가동,66.64,380,60,2020,,,,,2025-11-03
그린1호 태양광발전소,,전북특별자치도 남원시 주생면 중동리 1228,,,,정상가동,99.96,380,60,2020,,,,,2025-11-03
그린2호 태양광발전소,,전북특별자치도 남원시 주생면 중동리 1228,,,,정상가동,99.96,380,60,2020,,,,,2025-11-03
그린3호 태양광발전소,,전북특별자치도 남원시 주생면 중동리 1228,,,,정상가동,99.96,380,60,2020,,,,,2025-11-03
그린4호 태양광발전소,,전북특별자치도 남원시 주생면 중동리 1228,,,,정상가동,99.96,380,60,2020,,,,,2025-11-03
그린5호 태양광발전소,,전북특별자치도 남원시 주생면 중동리 1228,,,,정상가동,99.96,380,60,2020,,,,,2025-11-03
우리행복3호 태양광발전소,,전북특별자치도 남원시 송동면 송내리 956-4,,,,정상가동,99.375,380,60,2020,,,,,2025-11-03
현수 태양광발전소,,전북특별자치도 남원시 산동면 월석리 371-3,,,,정상가동,15,220,60,2020,,,,,2025-11-03
자연 태양광발전소,,전북특별자치도 남원시 산내면 입석리 613-1,,,,정상가동,69.66,380,60,2020,,,,,2025-11-03
정숙1호태양광발전소,,전북특별자치도 남원시 대강면 수홍리 647-1,,,,정상가동,99.96,380,60,2020,,,,,2025-11-03
수홍1호태양광발전소,,전북특별자치도 남원시 대강면 수홍리 647-1,,,,정상가동,99.96,380,60,2020,,,,,2025-11-03
수홍2호태양광발전소,,전북특별자치도 남원시 대강면 수홍리 647-1,,,,정상가동,99.96,380,60,2020,,,,,2025-11-03
수홍3호태양광발전소,,전북특별자치도 남원시 대강면 수홍리 647-1,,,,정상가동,99.96,380,60,2020,,,,,2025-11-03
풍산1호태양광발전소,,전북특별자치도 남원시 대강면 수홍리 647-1,,,,정상가동,99.96,380,60,2020,,,,,2025-11-03
풍산2호태양광발전소,,전북특별자치도 남원시 대강면 수홍리 647-1,,,,정상가동,99.96,380,60,2020,,,,,2025-11-03
퍼부서95태양광,,전북특별자치도 남원시 보절면 도룡리 876-2,,,,정상가동,300,380,60,2020,,,,,2025-11-03
천평태양광발전소,전북특별자치도 남원시 보절면 진기금다길 559,,,,,정상가동,31.68,380,60,2020,,,,,2025-11-03
우리행복4호태양광발전소,,전북특별자치도 남원시 송동면 송기리 625-3,,,,정상가동,99.54,380,60,2020,,,,,2025-11-03
김훈태양광발전소,,전북특별자치도 남원시 대산면 풍촌리 277 건물 위,,,,정상가동,14.4,380,60,2020,,,,,2025-11-03
양봉1호태양광발전소,,전북특별자치도 남원시 보절면 괴양리 1,,,,정상가동,58.86,380,60,2020,,,,,2025-11-03
양봉2호태양광발전소,,전북특별자치도 남원시 보절면 괴양리 1,,,,정상가동,58.86,380,60,2020,,,,,2025-11-03
양봉3호태양광발전소,,전북특별자치도 남원시 보절면 괴양리 1,,,,정상가동,58.86,380,60,2020,,,,,2025-11-03
건웅태양광발전소,,전북특별자치도 남원시 인월면 자래리 438-5,,,,정상가동,496.825,380,60,2020,,,,,2025-11-03
치환2태양광발전소,,전북특별자치도 남원시 주생면 낙동리 15,,,,정상가동,99.96,380,60,2020,,,,,2025-11-03
오케이2태양광발전소,,전북특별자치도 남원시 주생면 낙동리 16,,,,정상가동,99.96,380,60,2020,,,,,2025-11-03
도곡1호태양광발전소,,전북특별자치도 남원시 대강면 수홍리 636-1,,,,정상가동,99.96,380,60,2020,,,,,2025-11-03
도곡2호태양광발전소,,전북특별자치도 남원시 대강면 수홍리 636-1,,,,정상가동,99.96,380,60,2020,,,,,2025-11-03
도곡3호태양광발전소,,전북특별자치도 남원시 대강면 수홍리 636-1,,,,정상가동,99.96,380,60,2020,,,,,2025-11-03
대강1호태양광발전소,,전북특별자치도 남원시 대강면 수홍리 636-1,,,,정상가동,99.96,380,60,2020,,,,,2025-11-03
대강2호태양광발전소,,전북특별자치도 남원시 대강면 수홍리 636-1,,,,정상가동,99.96,380,60,2020,,,,,2025-11-03
대강3호태양광발전소,,전북특별자치도 남원시 대강면 수홍리 636-3,,,,정상가동,99.96,380,60,2020,,,,,2025-11-03
희망5태양광발전소,,전북특별자치도 남원시 아영면 봉대리 347,,,,정상가동,297,380,60,2020,,,,,2025-11-03
수동3호태양광발전소,,전북특별자치도 남원시 사매면 계수리 443-5,,,,정상가동,401.28,380,60,2020,,,,,2025-11-03
그린 태양광발전소,,전북특별자치도 남원시 사매면 대율리 145,,,,정상가동,44.625,380,60,2020,,,,,2025-11-03
그린1호 태양광발전소,,전북특별자치도 남원시 사매면 대율리 145,,,,정상가동,99.96,380,60,2020,,,,,2025-11-03
호욱 태양광발전소,,전북특별자치도 남원시 운봉읍 덕산리 251,,,,정상가동,98.75,380,60,2020,,,,,2025-11-03
기호원태양광발전소,,전북특별자치도 남원시 송동면 영동리 78,,,,정상가동,199.92,380,60,2020,,,,,2025-11-03
금성1호태양광발전소,,전북특별자치도 남원시 대산면 금성리 15-3,,,,정상가동,99.84,380,60,2020,,,,,2025-11-03
금성2호태양광발전소,,전북특별자치도 남원시 대산면 금성리 15,,,,정상가동,99.84,380,60,2020,,,,,2025-11-03
금성3호태양광발전소,,전북특별자치도 남원시 대산면 금성리 15,,,,정상가동,99.84,380,60,2020,,,,,2025-11-03
용빈3태양광발전소,,전북특별자치도 남원시 보절면 금다리 998-1,,,,정상가동,499.2,380,60,2020,,,,,2025-11-03
화신마을태양광발전소,,전북특별자치도 남원시 운봉읍 화수리 145-147,,,,정상가동,15,380,60,2020,,,,,2025-11-03
인범2태양광발전소,,전북특별자치도 남원시 대강면 사석리 466,,,,정상가동,99.12,380,60,2020,,,,,2025-11-03
정수2호 태양광발전소,,전북특별자치도 남원시 운봉읍 권포리 68-9,,,,정상가동,29.4,380,60,2020,,,,,2025-11-03
대율태양광발전소,,전북특별자치도 남원시 사매면 대율리 814-2,,,,정상가동,329.12,380,60,2020,,,,,2025-11-03
도담1호 태양광발전소,,전북특별자치도 남원시 수지면 초리 405,,,,정상가동,297.6,380,60,2020,,,,,2025-11-03
도담2호 태양광발전소,,전북특별자치도 남원시 수지면 초리 405,,,,정상가동,99.2,380,60,2020,,,,,2025-11-03
도담3호 태양광발전소,,전북특별자치도 남원시 수지면 초리 405,,,,정상가동,99.2,380,60,2020,,,,,2025-11-03
씨제이 태양광발전소,,전북특별자치도 남원시 사매면 계수리 297-43,,,,정상가동,99,380,60,2020,,,,,2025-11-03
윤자 태양광발전소,,전북특별자치도 남원시 사매면 계수리 297-44,,,,정상가동,99,380,60,2020,,,,,2025-11-03
엠프리스 태양광발전소,,전북특별자치도 남원시 사매면 계수리 297-45,,,,정상가동,99,380,60,2020,,,,,2025-11-03
현택 태양광발전소,,전북특별자치도 남원시 사매면 계수리 297-46,,,,정상가동,99,380,60,2020,,,,,2025-11-03
정윤 태양광발전소,,전북특별자치도 남원시 덕과면 덕촌리 269,,,,정상가동,13.8,220,60,2020,,,,,2025-11-03
돌풍 태양광발전소,,전북특별자치도 남원시 사매면 인화리 620-41,,,,정상가동,14.875,220,60,2020,,,,,2025-11-03
매산 태양광발전소,,전북특별자치도 남원시 보절면 금다리 406,,,,정상가동,99.2,380,60,2020,,,,,2025-11-03
가가태양광발전소,,전북특별자치도 남원시 동충동 197-170,,,,정상가동,78.54,380,60,2020,,,,,2025-11-03
대일 태양광발전소,,전북특별자치도 남원시 금지면 방촌리 437,,,,정상가동,98.175,380,60,2020,,,,,2025-11-03
효당 태양광발전소,,전북특별자치도 남원시 금지면 방촌리 437,,,,정상가동,98.175,380,60,2020,,,,,2025-11-03
주아1호 태양광발전소,,전북특별자치도 남원시 보절면 도룡리 233,,,,정상가동,99.6,380,60,2020,,,,,2025-11-03
주아2호 태양광발전소,,전북특별자치도 남원시 보절면 도룡리 233,,,,정상가동,99.6,380,60,2020,,,,,2025-11-03
주아3호 태양광발전소,,전북특별자치도 남원시 보절면 도룡리 233,,,,정상가동,99.6,380,60,2020,,,,,2025-11-03
성희1호 태양광발전소,,전북특별자치도 남원시 보절면 도룡리 233,,,,정상가동,99.6,380,60,2020,,,,,2025-11-03
성희2호 태양광발전소,,전북특별자치도 남원시 보절면 도룡리 233,,,,정상가동,99.6,380,60,2020,,,,,2025-11-03
박금히태양광,,전북특별자치도 남원시 주천면 고기리 554 건물 위,,,,정상가동,29.75,380,60,2020,,,,,2025-11-03
금정농장5호태양광발전소,,전북특별자치도 남원시 주생면 낙동리 1027-9,,,,정상가동,99.6,380,60,2020,,,,,2025-11-03
금정농장6호태양광발전소,,전북특별자치도 남원시 주생면 낙동리 1027-9,,,,정상가동,99.6,380,60,2020,,,,,2025-11-03
라온태양광발전소,,전북특별자치도 남원시 보절면 사촌리 19-4,,,,정상가동,99.99,380,60,2020,,,,,2025-11-03
남원호박 태양광발전소,,전북특별자치도 남원시 보절면 사촌리 19-4,,,,정상가동,99.99,380,60,2020,,,,,2025-11-03
유리태양광발전소,,전북특별자치도 남원시 보절면 진기리 635-1,,,,정상가동,99.76,380,60,2020,,,,,2025-11-03
화니태양광발전소,,전북특별자치도 남원시 보절면 진기리 635-1,,,,정상가동,99.76,380,60,2020,,,,,2025-11-03
양지1태양광발전소,,전북특별자치도 남원시 대산면 풍촌리 225,,,,정상가동,99.76,380,60,2020,,,,,2025-11-03
양지2태양광발전소,,전북특별자치도 남원시 대산면 풍촌리 226,,,,정상가동,99.76,380,60,2020,,,,,2025-11-03
양지3태양광발전소,,전북특별자치도 남원시 대산면 풍촌리 226,,,,정상가동,99.76,380,60,2020,,,,,2025-11-03
양지4태양광발전소,,전북특별자치도 남원시 대산면 풍촌리 226,,,,정상가동,99.76,380,60,2020,,,,,2025-11-03
석주4호태양광발전소,,전북특별자치도 남원시 대강면 생암리 553-16,,,,정상가동,99.735,22900,60,2020,,,,,2025-11-03
석주5호태양광발전소,,전북특별자치도 남원시 대강면 생암리 553-14,,,,정상가동,150.6,22900,60,2020,,,,,2025-11-03
새청뜰태양광발전소,,전북특별자치도 남원시 운봉읍 화수리 138-10,,,,정상가동,59.78,380,60,2020,,,,,2025-11-03
정숙태양광발전소,,전북특별자치도 남원시 이백면 서곡리 603-3,,,,정상가동,20,380,60,2020,,,,,2025-11-03
초심1호 태양광발전소,,전북특별자치도 남원시 산동면 대기리 742-2,,,,정상가동,249.48,380,60,2020,,,,,2025-11-03
초심2호 태양광발전소,,전북특별자치도 남원시 산동면 대기리 742,,,,정상가동,40.32,380,60,2020,,,,,2025-11-03
어질 태양광발전소,,전북특별자치도 남원시 송동면 송내리 192,,,,정상가동,99.2,380,60,2020,,,,,2025-11-03
이백두 태양광발전소,,전북특별자치도 남원시 보절면 금다리 959-6,,,,정상가동,217.8,380,60,2020,,,,,2025-11-03
보절신파태양광발전소,,전북특별자치도 남원시 보절면 신파리 928,,,,정상가동,29.75,380,60,2020,,,,,2025-11-03
방동10호태양광발전소,,전북특별자치도 남원시 대강면 방동리 1317,,,,정상가동,99.36,380,60,2020,,,,,2025-11-03
동방1호 태양광발전소,,전북특별자치도 남원시 대강면 방동리 1317,,,,정상가동,99.36,380,60,2020,,,,,2025-11-03
동방2호 태양광발전소,,전북특별자치도 남원시 대강면 방동리 1317,,,,정상가동,99.36,380,60,2020,,,,,2025-11-03
동방3호 태양광발전소,,전북특별자치도 남원시 대강면 방동리 1317,,,,정상가동,99.94,380,60,2020,,,,,2025-11-03
동방4호 태양광발전소,,전북특별자치도 남원시 대강면 방동리 1317,,,,정상가동,99.94,380,60,2020,,,,,2025-11-03
은송 태양광발전소,,전북특별자치도 남원시 사매면 서도리 25-1,,,,정상가동,90.75,380,60,2020,,,,,2025-11-03
은송1 태양광발전소,,전북특별자치도 남원시 사매면 서도리 25-1,,,,정상가동,90.75,380,60,2020,,,,,2025-11-03
재선 태양광발전소,,전북특별자치도 남원시 덕과면 덕촌리 245,,,,정상가동,91.96,380,60,2020,,,,,2025-11-03
해숙 태양광발전소,,전북특별자치도 남원시 덕과면 덕촌리 245,,,,정상가동,91.96,380,60,2020,,,,,2025-11-03
유나 태양광발전소,,전북특별자치도 남원시 대강면 생암리 553-46,,,,정상가동,701.8,22900,60,2020,,,,,2025-11-03
광야1호 태양광발전소,,전북특별자치도 남원시 아영면 일대리 2-44,,,,정상가동,99.63,380,60,2020,,,,,2025-11-03
광야2호 태양광발전소,,전북특별자치도 남원시 아영면 일대리 2-44,,,,정상가동,99.63,380,60,2020,,,,,2025-11-03
광야3호 태양광발전소,,전북특별자치도 남원시 아영면 일대리 2-44,,,,정상가동,99.63,380,60,2020,,,,,2025-11-03
광야4호 태양광발전소,,전북특별자치도 남원시 아영면 일대리 2-44,,,,정상가동,99.63,380,60,2020,,,,,2025-11-03
영진1호발전소,,전북특별자치도 남원시 대강면 수홍리 92,,,,정상가동,99.96,380,60,2020,,,,,2025-11-03
영진2호발전소,,전북특별자치도 남원시 대강면 수홍리 92,,,,정상가동,99.96,380,60,2020,,,,,2025-11-03
늘봄1호 태양광발전소,,전북특별자치도 남원시 운봉읍 화수리 464-8,,,,정상가동,99.96,380,60,2020,,,,,2025-11-03
늘봄2호 태양광발전소,,전북특별자치도 남원시 운봉읍 화수리 464-8,,,,정상가동,99.96,380,60,2020,,,,,2025-11-03
늘봄3호 태양광발전소,,전북특별자치도 남원시 운봉읍 화수리 464-8,,,,정상가동,99.96,380,60,2020,,,,,2025-11-03
늘봄4호 태양광발전소,,전북특별자치도 남원시 운봉읍 화수리 464-8,,,,정상가동,99.96,380,60,2020,,,,,2025-11-03
고도실2 태양광발전소,,전북특별자치도 남원시 대강면 수홍리 278,,,,정상가동,99.56,380,60,2020,,,,,2025-11-03
보람1호 태양광발전소,,전북특별자치도 남원시 송동면 영동리 591-5,,,,정상가동,99.4,380,60,2020,,,,,2025-11-03
조연자태양광발전소1호,,전북특별자치도 남원시 송동면 송내리 761-2,,,,정상가동,99.96,380,60,2020,,,,,2025-11-03
조연자태양광발전소2호,,전북특별자치도 남원시 송동면 송내리 761-2,,,,정상가동,99.96,380,60,2020,,,,,2025-11-03
조연자태양광발전소3호,,전북특별자치도 남원시 송동면 송내리 761-2,,,,정상가동,99.96,380,60,2020,,,,,2025-11-03
조연자태양광발전소4호,,전북특별자치도 남원시 송동면 송내리 761-2,,,,정상가동,199.92,380,60,2020,,,,,2025-11-03
해바라기 서도1호 태양광발전소,,전북특별자치도 남원시 사매면 서도리 637-1,,,,정상가동,99.66,380,60,2020,,,,,2025-11-03
해바라기 서도2호 태양광발전소,,전북특별자치도 남원시 사매면 서도리 637-1,,,,정상가동,99.66,380,60,2020,,,,,2025-11-03
해바라기 서도3호 태양광발전소,,전북특별자치도 남원시 사매면 서도리 637-1,,,,정상가동,99.66,380,60,2020,,,,,2025-11-03
대박6태양광발전소,,전북특별자치도 남원시 인월면 취암리 513-3,,,,정상가동,495,380,60,2020,,,,,2025-11-03
신흥1호태양광발전소,,전북특별자치도 남원시 보절면 신파리 420-1,,,,정상가동,99.76,380,60,2020,,,,,2025-11-03
신흥2호태양광발전소,,전북특별자치도 남원시 보절면 신파리 420-1,,,,정상가동,99.76,380,60,2020,,,,,2025-11-03
신흥3호태양광발전소,,전북특별자치도 남원시 보절면 신파리 420-1,,,,정상가동,99.76,380,60,2020,,,,,2025-11-03
신흥4호태양광발전소,,전북특별자치도 남원시 보절면 신파리 420-1,,,,정상가동,99.76,380,60,2020,,,,,2025-11-03
신흥5호태양광발전소,,전북특별자치도 남원시 보절면 신파리 420-1,,,,정상가동,99.76,380,60,2020,,,,,2025-11-03
보배1호태양광발전소,,전북특별자치도 남원시 보절면 신파리 420-1,,,,정상가동,99.76,380,60,2020,,,,,2025-11-03
보배2호태양광발전소,,전북특별자치도 남원시 보절면 신파리 420-1,,,,정상가동,99.76,380,60,2020,,,,,2025-11-03
보배3호태양광발전소,,전북특별자치도 남원시 보절면 신파리 420-1,,,,정상가동,99.76,380,60,2020,,,,,2025-11-03
순명3호기태양광발전소,,전북특별자치도 남원시 보절면 신파리 420-1,,,,정상가동,99.76,380,60,2020,,,,,2025-11-03
현기태양광발전소,,전북특별자치도 남원시 보절면 신파리 420-1,,,,정상가동,99.76,380,60,2020,,,,,2025-11-03
남원1호태양광발전소,,전북특별자치도 남원시 보절면 신파리 420-1,,,,정상가동,99.76,380,60,2020,,,,,2025-11-03
장성 태양광발전소,,전북특별자치도 남원시 보절면 도룡리 64-1,,,,정상가동,30,380,60,2020,,,,,2025-11-03
현섭 태양광발전소,,전북특별자치도 남원시 주생면 내동리 643-14,,,,정상가동,62.7,380,60,2020,,,,,2025-11-03
광수 태양광발전소,,전북특별자치도 남원시 주생면 내동리 643-13,,,,정상가동,36.96,380,60,2024,,,,,2025-11-03
대성1호태양광발전소,,전북특별자치도 남원시 송동면 장포리 100,,,,정상가동,99.975,380,60,2020,,,,,2025-11-03
영1호태양광발전소,,전북특별자치도 남원시 송동면 장포리 100,,,,정상가동,99.975,380,60,2020,,,,,2025-11-03
희열1호태양광발전소,,전북특별자치도 남원시 송동면 장포리 100,,,,정상가동,99.975,380,60,2020,,,,,2025-11-03
신촌태양광발전소,,전북특별자치도 남원시 송동면 장포리 104,,,,정상가동,99.975,380,60,2020,,,,,2025-11-03
라일태양광발전소,,전북특별자치도 남원시 송동면 장포리 104,,,,정상가동,99.975,380,60,2020,,,,,2025-11-03
광치1호태양광발전소,,전북특별자치도 남원시 광치동 738,,,,정상가동,99.975,380,60,2020,,,,,2025-11-03
광치2호태양광발전소,,전북특별자치도 남원시 광치동 738,,,,정상가동,99.975,380,60,2020,,,,,2025-11-03
광치3호태양광발전소,,전북특별자치도 남원시 광치동 738,,,,정상가동,99.975,380,60,2020,,,,,2025-11-03
광치4호태양광발전소,,전북특별자치도 남원시 광치동 738,,,,정상가동,99.975,380,60,2020,,,,,2025-11-03
희금1호태양광발전소,,전북특별자치도 남원시 주생면 영천리 673-8,,,,정상가동,99.2,380,60,2020,,,,,2025-11-03
희금2호태양광발전소,,전북특별자치도 남원시 주생면 영천리 673-8,,,,정상가동,99.2,380,60,2020,,,,,2025-11-03
희금3호태양광발전소,,전북특별자치도 남원시 주생면 영천리 673-8,,,,정상가동,49.6,380,60,2020,,,,,2025-11-03
마호 발전소,,전북특별자치도 남원시 수지면 고평리 1681-10,,,,정상가동,45,380,60,2020,,,,,2025-11-03
옹정2호기 태양광발전소,,전북특별자치도 남원시 금지면 옹정리 1051,,,,정상가동,99.84,380,60,2020,,,,,2025-11-03
옹정3호기 태양광발전소,,전북특별자치도 남원시 금지면 옹정리 1051,,,,정상가동,99.84,380,60,2020,,,,,2025-11-03
옹정4호기 태양광발전소,,전북특별자치도 남원시 금지면 옹정리 1051,,,,정상가동,99.84,380,60,2020,,,,,2025-11-03
옹정5호기 태양광발전소,,전북특별자치도 남원시 금지면 옹정리 1052,,,,정상가동,99.84,380,60,2020,,,,,2025-11-03
한라2호 태양광발전소,,전북특별자치도 남원시 보절면 성시리 801-1,,,,정상가동,33.915,380,60,2020,,,,,2025-11-03
남광1태양광발전소,,전북특별자치도 남원시 산동면 부절리 342,,,,정상가동,199.92,380,60,2020,,,,,2025-11-03
남광2태양광발전소,,전북특별자치도 남원시 산동면 부절리 346,,,,정상가동,199.92,380,60,2020,,,,,2025-11-03
상원이네1호 태양광발전소,,전북특별자치도 남원시 아영면 아곡리 1053-12,,,,정상가동,99.63,380,60,2020,,,,,2025-11-03
상원이네2호 태양광발전소,,전북특별자치도 남원시 아영면 아곡리 1053-12,,,,정상가동,99.63,380,60,2020,,,,,2025-11-03
어질1호태양광발전소,,전북특별자치도 남원시 송동면 송내리 226-1,,,,정상가동,99.84,380,60,2020,,,,,2025-11-03
어질2호태양광발전소,,전북특별자치도 남원시 송동면 송내리 226-1,,,,정상가동,99.84,380,60,2020,,,,,2025-11-03
어질3호태양광발전소,,전북특별자치도 남원시 송동면 송내리 226-1,,,,정상가동,99.84,380,60,2020,,,,,2025-11-03
어질4호태양광발전소,,전북특별자치도 남원시 송동면 송내리 226-1,,,,정상가동,99.84,380,60,2020,,,,,2025-11-03
이레에너지1 발전소,,전북특별자치도 남원시 운봉읍 신기리 208-14,,,,정상가동,218.75,380,60,2020,,,,,2025-11-03
써니엔터프라이즈2 발전소,,전북특별자치도 남원시 운봉읍 신기리 208-15,,,,정상가동,227.5,380,60,2020,,,,,2025-11-03
새비스솔리스 발전소,,전북특별자치도 남원시 운봉읍 신기리 208-17,,,,정상가동,271.25,380,60,2020,,,,,2025-11-03
강석7 태양광발전소,,전북특별자치도 남원시 대강면 강석리 90,,,,정상가동,198.4,380,60,2020,,,,,2025-11-03
HK카본프리1호,,전북특별자치도 남원시 사매면 관풍리 44,,,,정상가동,24.99,220,60,2020,,,,,2025-11-03
HK카본프리2호,,전북특별자치도 남원시 사매면 관풍리 44,,,,정상가동,74.97,380,60,2020,,,,,2025-11-03
선6호 태양광발전소,,전북특별자치도 남원시 대강면 입암리 330,,,,정상가동,99,380,60,2020,,,,,2025-11-03
수연6호 태양광발전소,,전북특별자치도 남원시 대강면 신덕리 486-1,,,,정상가동,99,380,60,2020,,,,,2025-11-03
형준 1호 발전소,,전북특별자치도 남원시 대산면 옥율리 812-1,,,,정상가동,99.82,380,60,2020,,,,,2025-11-03
형준 2호 발전소,,전북특별자치도 남원시 대산면 옥율리 812-1,,,,정상가동,99.82,380,60,2020,,,,,2025-11-03
형준 3호 발전소,,전북특별자치도 남원시 대산면 옥율리 812-1,,,,정상가동,99.82,380,60,2020,,,,,2025-11-03
재뜰 태양광발전소,,전북특별자치도 남원시 이백면 척문리 646-9,,,,정상가동,29.52,380,60,2020,,,,,2025-11-03
이정일3호 태양광발전소,,전북특별자치도 남원시 인월면 건지리 844-8,,,,정상가동,44.77,380,60,2020,,,,,2025-11-03
빙그레1호태양광발전소,,전북특별자치도 남원시 인월면 성산리 423-1,,,,정상가동,99.96,380,60,2020,,,,,2025-11-03
빙그레2호태양광발전소,,전북특별자치도 남원시 인월면 성산리 423-1,,,,정상가동,99.96,380,60,2020,,,,,2025-11-03
빙그레3호태양광발전소,,전북특별자치도 남원시 인월면 성산리 423-1,,,,정상가동,99.96,380,60,2020,,,,,2025-11-03
빙그레4호태양광발전소,,전북특별자치도 남원시 인월면 성산리 423-1,,,,정상가동,99.96,380,60,2020,,,,,2025-11-03
빙그레5호태양광발전소,,전북특별자치도 남원시 인월면 성산리 423-1,,,,정상가동,99.96,380,60,2020,,,,,2025-11-03
풍산1호태양광발전소,,전북특별자치도 남원시 대강면 풍산리 320,,,,정상가동,200,380,60,2020,,,,,2025-11-03
풍산2호태양광발전소,,전북특별자치도 남원시 대강면 풍산리 320,,,,정상가동,99.66,380,60,2020,,,,,2025-11-03
현석3호 태양광발전소,,전북특별자치도 남원시 이백면 과립리 21-1,,,,정상가동,99.82,380,60,2020,,,,,2025-11-03
산성솔라1,,전북특별자치도 남원시 내척동 666-78,,,,정상가동,498.96,380,60,2020,,,,,2025-11-03
산성솔라2,,전북특별자치도 남원시 내척동 666-78,,,,정상가동,498.96,380,60,2020,,,,,2025-11-03
산성솔라3,,전북특별자치도 남원시 내척동 666-78,,,,정상가동,99,380,60,2020,,,,,2025-11-03
산성솔라4,,전북특별자치도 남원시 내척동 666-78,,,,정상가동,99,380,60,2020,,,,,2025-11-03
지송태양광발전소,,전북특별자치도 남원시 보절면 괴양리 1-1,,,,정상가동,99.96,380,60,2020,,,,,2025-11-03
명태양광발전소,,전북특별자치도 남원시 보절면 괴양리 1-1,,,,정상가동,99.96,380,60,2020,,,,,2025-11-03
맑은하늘에너지2공장,,전북특별자치도 남원시 보절면 사촌리 19-4,,,,정상가동,99.99,380,60,2020,,,,,2025-11-03
사촌2호태양광발전소,,전북특별자치도 남원시 보절면 사촌리 19-4,,,,정상가동,99.99,380,60,2020,,,,,2025-11-03
해바라기3태양광발전소,,전북특별자치도 남원시 보절면 사촌리 19-4,,,,정상가동,99.99,380,60,2020,,,,,2025-11-03
부춘1 태양광발전소,,전북특별자치도 남원시 운봉읍 매요리 112-1,,,,정상가동,99.51,380,60,2020,,,,,2025-11-03
부춘2 태양광발전소,,전북특별자치도 남원시 운봉읍 매요리 112-1,,,,정상가동,99.51,380,60,2020,,,,,2025-11-03
부춘3 태양광발전소,,전북특별자치도 남원시 운봉읍 매요리 112-1,,,,정상가동,99.51,380,60,2020,,,,,2025-11-03
경자1 태양광발전소,,전북특별자치도 남원시 운봉읍 매요리 204-3,,,,정상가동,99.51,380,60,2020,,,,,2025-11-03
경자2 태양광발전소,,전북특별자치도 남원시 운봉읍 매요리 204-3,,,,정상가동,99.51,380,60,2020,,,,,2025-11-03
국인1호 태양광발전소,,전북특별자치도 남원시 사매면 오신리 119-19,,,,정상가동,99.6,380,60,2020,,,,,2025-11-03
국인2호 태양광발전소,,전북특별자치도 남원시 사매면 오신리 119-19,,,,정상가동,99.6,380,60,2020,,,,,2025-11-03
국인3호 태양광발전소,,전북특별자치도 남원시 사매면 오신리 119-5,,,,정상가동,99.6,380,60,2020,,,,,2025-11-03
국인4호 태양광발전소,,전북특별자치도 남원시 사매면 오신리 119-5,,,,정상가동,99.6,380,60,2020,,,,,2025-11-03
국인5호 태양광발전소,,전북특별자치도 남원시 사매면 오신리 119-3,,,,정상가동,99.6,380,60,2020,,,,,2025-11-03
돌담2호 태양광발전소,,전북특별자치도 남원시 사매면 화정리 376-16,,,,정상가동,498.96,380,60,2020,,,,,2025-11-03
돌담3호 태양광발전소,,전북특별자치도 남원시 사매면 화정리 376-16,,,,정상가동,98.28,380,60,2020,,,,,2025-11-03
레마1호 태양광발전소,,전북특별자치도 남원시 주생면 낙동리 992-1,,,,정상가동,410.625,380,60,2020,,,,,2025-11-03
레마2호 태양광발전소,,전북특별자치도 남원시 주생면 낙동리 824,,,,정상가동,115,380,60,2020,,,,,2025-11-03
현석4호 태양광발전소,,전북특별자치도 남원시 이백면 과립리 34,,,,정상가동,100,380,60,2020,,,,,2025-11-03
남광태양광발전소,,전북특별자치도 남원시 보절면 괴양리 5-1,,,,정상가동,99.96,380,60,2020,,,,,2025-11-03
송하태양광발전소,,전북특별자치도 남원시 보절면 괴양리 5-1,,,,정상가동,99.96,380,60,2020,,,,,2025-11-03
반석2호발전소,,전북특별자치도 남원시 보절면 진기리 635-1,,,,정상가동,99.76,380,60,2020,,,,,2025-11-03
대신1호 태양광발전소,,전북특별자치도 남원시 사매면 대신리 612,,,,정상가동,299.6,380,60,2020,,,,,2025-11-03
삼달태양광발전소,,전북특별자치도 남원시 운봉읍 임리 705,,,,정상가동,99.82,380,60,2020,,,,,2025-11-03
명환2태양광발전소,,전북특별자치도 남원시 운봉읍 임리 705,,,,정상가동,99.82,380,60,2020,,,,,2025-11-03
신성태양광발전소,,전북특별자치도 남원시 운봉읍 임리 705,,,,정상가동,99.82,380,60,2020,,,,,2025-11-03
운봉오케이태양광발전소,,전북특별자치도 남원시 운봉읍 임리 706,,,,정상가동,99.82,380,60,2020,,,,,2025-11-03
대풍년태양광발전소,,전북특별자치도 남원시 운봉읍 임리 705,,,,정상가동,99.82,380,60,2020,,,,,2025-11-03
봉락골태양광발전,,전북특별자치도 남원시 운봉읍 임리 706,,,,정상가동,99.82,380,60,2020,,,,,2025-11-03
운봉태양광발전소,,전북특별자치도 남원시 운봉읍 임리 705,,,,정상가동,99.82,380,60,2020,,,,,2025-11-03
운봉양지태양광발전,,전북특별자치도 남원시 운봉읍 임리 705,,,,정상가동,99.82,380,60,2020,,,,,2025-11-03
일취 태양광발전소,,전북특별자치도 남원시 보절면 도룡리 35-32,,,,정상가동,99.375,380,60,2020,,,,,2025-11-03
월장 태양광발전소,,전북특별자치도 남원시 보절면 도룡리 35-32,,,,정상가동,99.375,380,60,2020,,,,,2025-11-03
강수 태양광발전소,,전북특별자치도 남원시 보절면 도룡리 35-32,,,,정상가동,99.375,380,60,2020,,,,,2025-11-03
강호태양광발전소,,전북특별자치도 남원시 보절면 도룡리 35-32,,,,정상가동,99.375,380,60,2020,,,,,2025-11-03
참빛 태양광발전소,,전북특별자치도 남원시 보절면 도룡리 35-32,,,,정상가동,99.375,380,60,2020,,,,,2025-11-03
반석태양광발전소,,전북특별자치도 남원시 주생면 정송리 565-5,,,,정상가동,347.5,380,60,2020,,,,,2025-11-03
성희에너지태양광발전소,,전북특별자치도 남원시 대강면 방동리 1439-1,,,,정상가동,99.54,380,60,2020,,,,,2025-11-03
은빈에너지태양광,,전북특별자치도 남원시 대강면 방동리 1439-1,,,,정상가동,50.4,380,60,2020,,,,,2025-11-03
송기 제2태양광발전소,,전북특별자치도 남원시 송동면 송기리 98-2,,,,정상가동,168.21,380,60,2020,,,,,2025-11-03
일대 태양광,,전북특별자치도 남원시 아영면 일대리 174-6,,,,정상가동,99.49,380,60,2020,,,,,2025-11-03
봉대리 태양광발전소,,전북특별자치도 남원시 아영면 봉대리 751,,,,정상가동,198.8,380,60,2020,,,,,2025-11-03
용산비에너지,,전북특별자치도 남원시 덕과면 용산리 428-1,,,,정상가동,499.62,380,60,2020,,,,,2025-11-03
섬진뜰1태양광발전소,,전북특별자치도 남원시 대강면 송대리 4,,,,정상가동,99.2,380,60,2020,,,,,2025-11-03
섬진뜰2태양광발전소,,전북특별자치도 남원시 대강면 송대리 4,,,,정상가동,99.2,380,60,2020,,,,,2025-11-03
섬진뜰3태양광발전소,,전북특별자치도 남원시 대강면 송대리 4,,,,정상가동,161.2,380,60,2020,,,,,2025-11-03
섬진뜰5태양광발전소,,전북특별자치도 남원시 대강면 송대리 4,,,,정상가동,99.2,380,60,2020,,,,,2025-11-03
남원산림조합1호,,전북특별자치도 남원시 용정동 580,,,,정상가동,220.5,380,60,2020,,,,,2025-11-03
남원산림조합2호,,전북특별자치도 남원시 용정동 580-2,,,,정상가동,122.5,380,60,2020,,,,,2025-11-03
그린3호태양광발전소,,전북특별자치도 남원시 보절면 진기리 1460-6,,,,정상가동,435.6,380,60,2020,,,,,2025-11-03
아곡1호태양광발전소,,전북특별자치도 남원시 아영면 아곡리 966-1,,,,정상가동,999.6,22900,60,2020,,,,,2025-11-03
아곡2호태양광발전소,,전북특별자치도 남원시 아영면 아곡리 966-3,,,,정상가동,999.6,22900,60,2020,,,,,2025-11-03
아곡3호태양광발전소,,전북특별자치도 남원시 아영면 아곡리 966-3,,,,정상가동,999.6,22900,60,2020,,,,,2025-11-03
아곡4호태양광발전소,,전북특별자치도 남원시 아영면 아곡리 966-3,,,,정상가동,999.6,22900,60,2020,,,,,2025-11-03
가온해1호태양광발전소,,전북특별자치도 남원시 덕과면 덕촌리 696,,,,정상가동,99.54,380,60,2020,,,,,2025-11-03
가온해2호태양광발전소,,전북특별자치도 남원시 덕과면 덕촌리 696,,,,정상가동,31.5,380,60,2020,,,,,2025-11-03
월광 태양광발전소,,전북특별자치도 남원시 산내면 대정리 521-3,,,,정상가동,25.2,380,60,2020,,,,,2025-11-03
비촌3호발전소,,전북특별자치도 남원시 광치동 153,,,,정상가동,73.84,380,60,2020,,,,,2025-11-03
미동1호발전소,,전북특별자치도 남원시 광치동 153-4,,,,정상가동,81.65,380,60,2020,,,,,2025-11-03
태성 태양광발전소,,전북특별자치도 남원시 금지면 상신리 521-19,,,,정상가동,262.71,380,60,2020,,,,,2025-11-03
성림태양광2호발전소,,전북특별자치도 남원시 보절면 사촌리 7,,,,정상가동,99.825,380,60,2020,,,,,2025-11-03
제이가 태양광발전소,,전북특별자치도 남원시 이백면 양가리 258-1,,,,정상가동,240.24,380,60,2020,,,,,2025-11-03
서명석발전소,,전북특별자치도 남원시 운봉읍 행정리 102,,,,정상가동,99.76,380,60,2020,,,,,2025-11-03
안다솔발전소,,전북특별자치도 남원시 운봉읍 행정리 102,,,,정상가동,99.76,380,60,2020,,,,,2025-11-03
이선미발전소,,전북특별자치도 남원시 운봉읍 행정리 102,,,,정상가동,99.76,380,60,2020,,,,,2025-11-03
서규화발전소,,전북특별자치도 남원시 운봉읍 행정리 102,,,,정상가동,99.76,380,60,2020,,,,,2025-11-03
자연4호 태양광발전소,,전북특별자치도 남원시 수지면 호곡리 959-2,,,,정상가동,499.8,380,60,2020,,,,,2025-11-03
자연3호 태양광발전소,,전북특별자치도 남원시 수지면 호곡리 959-2,,,,정상가동,99.96,380,60,2020,,,,,2025-11-03
자연2호 태양광발전소,,전북특별자치도 남원시 수지면 호곡리 959-2,,,,정상가동,99.96,380,60,2020,,,,,2025-11-03
로또 태양광발전소,,전북특별자치도 남원시 수지면 호곡리 959-2,,,,정상가동,99.96,380,60,2020,,,,,2025-11-03
사석리143 태양광발전소,,전북특별자치도 남원시 대강면 사석리 143,,,,정상가동,99.22,380,60,2020,,,,,2025-11-03
주주4호 태양광발전소,,전북특별자치도 남원시 수지면 남창리 1851-10,,,,정상가동,74.4,380,60,2020,,,,,2025-11-03
명창 태양광발전소,,전북특별자치도 남원시 덕과면 고정리 407,,,,정상가동,182.16,380,60,2020,,,,,2025-11-03
사촌1 태양광발전소,,전북특별자치도 남원시 송동면 사촌리 49,,,,정상가동,99.54,380,60,2020,,,,,2025-11-03
사촌2 태양광발전소,,전북특별자치도 남원시 송동면 사촌리 49,,,,정상가동,99.54,380,60,2020,,,,,2025-11-03
사촌3 태양광발전소,,전북특별자치도 남원시 송동면 사촌리 49,,,,정상가동,99.54,380,60,2020,,,,,2025-11-03
달달1호 태양광발전소,,전북특별자치도 남원시 아영면 성리 909-8,,,,정상가동,98.75,380,60,2020,,,,,2025-11-03
달달2호 태양광발전소,,전북특별자치도 남원시 아영면 성리 909-8,,,,정상가동,98.75,380,60,2020,,,,,2025-11-03
달달3호 태양광발전소,,전북특별자치도 남원시 아영면 성리 909-8,,,,정상가동,98.75,380,60,2020,,,,,2025-11-03
달달4호 태양광발전소,,전북특별자치도 남원시 아영면 성리 909-8,,,,정상가동,98.75,380,60,2020,,,,,2025-11-03
달달5호 태양광발전소,,전북특별자치도 남원시 아영면 성리 909-8,,,,정상가동,98.75,380,60,2020,,,,,2025-11-03
금다리형제 태양광발전소,,전북특별자치도 남원시 보절면 금다리 985-1,,,,정상가동,499.59,380,60,2020,,,,,2025-11-03
남원흑염소농장1호 태양광발전소,,전북특별자치도 남원시 송동면 송내리 958-2,,,,정상가동,99.54,380,60,2020,,,,,2025-11-03
남원흑염소농장2호 태양광발전소,,전북특별자치도 남원시 송동면 송내리 958-2,,,,정상가동,99.54,380,60,2020,,,,,2025-11-03
남원흑염소농장3호 태양광발전소,,전북특별자치도 남원시 송동면 송내리 958-2,,,,정상가동,99.54,380,60,2020,,,,,2025-11-03
낙원1호 태양광발전소,,전북특별자치도 남원시 아영면 일대리 602-8,,,,정상가동,99.82,380,60,2020,,,,,2025-11-03
낙원2호 태양광발전소,,전북특별자치도 남원시 아영면 일대리 602-8,,,,정상가동,99.82,380,60,2020,,,,,2025-11-03
낙원3호 태양광발전소,,전북특별자치도 남원시 아영면 일대리 602-8,,,,정상가동,99.82,380,60,2020,,,,,2025-11-03
낙원4호 태양광발전소,,전북특별자치도 남원시 아영면 일대리 602-8,,,,정상가동,99.82,380,60,2020,,,,,2025-11-03
낙원5호 태양광발전소,,전북특별자치도 남원시 아영면 일대리 602-8,,,,정상가동,99.82,380,60,2020,,,,,2025-11-03
대산정숙 태양광발전소,전북특별자치도 남원시 대산면 운강길 22,,,,,정상가동,99.82,380,60,2020,,,,,2025-11-03
상정경아 태양광발전소,,전북특별자치도 남원시 대산면 운교리 33-18,,,,정상가동,99.82,380,60,2020,,,,,2025-11-03
상정정숙 태양광발전소,,전북특별자치도 남원시 대산면 운교리 33-18,,,,정상가동,99.82,380,60,2020,,,,,2025-11-03
상정민우 태양광발전소,,전북특별자치도 남원시 대산면 운교리 33-18,,,,정상가동,75.64,380,60,2020,,,,,2025-11-03
동방5호 태양광발전소,,전북특별자치도 남원시 대강면 방동리 1317,,,,정상가동,99.51,380,60,2020,,,,,2025-11-03
송치1호태양광발전소,,전북특별자치도 남원시 주천면 송치리 367,,,,정상가동,198.8,380,60,2020,,,,,2025-11-03
샬롬남창태양광발전소,,전북특별자치도 남원시 수지면 남창리 416,,,,정상가동,74.36,380,60,2020,,,,,2025-11-03
승현 태양광발전소,,전북특별자치도 남원시 대강면 입암리 13,,,,정상가동,499.62,380,60,2020,,,,,2025-11-03
빛나리태양광발전소,,전북특별자치도 남원시 대강면 강석리 109-2,,,,정상가동,99.2,380,60,2020,,,,,2025-11-03
노병호발전소,,전북특별자치도 남원시 화정동 5,,,,정상가동,99.76,380,60,2020,,,,,2025-11-03
최영순발전소,,전북특별자치도 남원시 화정동 5,,,,정상가동,99.76,380,60,2020,,,,,2025-11-03
노윤숙발전소,,전북특별자치도 남원시 화정동 5-1,,,,정상가동,99.76,380,60,2020,,,,,2025-11-03
차성완발전소,,전북특별자치도 남원시 화정동 5-1,,,,정상가동,99.76,380,60,2020,,,,,2025-11-03
노윤숙1호발전소,,전북특별자치도 남원시 화정동 5,,,,정상가동,99.76,380,60,2020,,,,,2025-11-03
대평태양광발전소,전북특별자치도 남원시 보절면 진기금다길 559,,,,,정상가동,29.4,380,60,2020,,,,,2025-11-03
하영1호태양광발전소,,전북특별자치도 남원시 사매면 오신리 119-1,,,,정상가동,99.6,380,60,2020,,,,,2025-11-03
하영2호태양광발전소,,전북특별자치도 남원시 사매면 오신리 119-1,,,,정상가동,99.6,380,60,2020,,,,,2025-11-03
하영3호태양광발전소,,전북특별자치도 남원시 사매면 오신리 119-1,,,,정상가동,30,380,60,2020,,,,,2025-11-03
관지2호 태양광발전소,,전북특별자치도 남원시 이백면 효기리 486-1,,,,정상가동,99.54,380,60,2020,,,,,2025-11-03
미하10호 태양광발전소,,전북특별자치도 남원시 이백면 효기리 486-1,,,,정상가동,99.54,380,60,2020,,,,,2025-11-03
향님태양광발전소,,전북특별자치도 남원시 사매면 계수리 297-30,,,,정상가동,99.75,380,60,2020,,,,,2025-11-03
블레싱 태양광발전소,,전북특별자치도 남원시 보절면 진기리 1488-1,,,,정상가동,153.67,380,60,2020,,,,,2025-11-03
혜성 태양광발전소,,전북특별자치도 남원시 아영면 갈계리 208-11,,,,정상가동,99.54,380,60,2020,,,,,2025-11-03
형씨네 태양광발전소,,전북특별자치도 남원시 아영면 갈계리 208-11,,,,정상가동,99.54,380,60,2020,,,,,2025-11-03
청양3 태양광발전소,,전북특별자치도 남원시 운봉읍 준향리 322-1,,,,정상가동,69.43,380,60,2020,,,,,2025-11-03
순2 태양광발전소,,전북특별자치도 남원시 인월면 취암리 515-1,,,,정상가동,69.43,380,60,2020,,,,,2025-11-03
우리농장1호 태양광발전소,,전북특별자치도 남원시 사매면 대율리 219,,,,정상가동,99.54,380,60,2020,,,,,2025-11-03
우리농장2호 태양광발전소,,전북특별자치도 남원시 사매면 대율리 219,,,,정상가동,99.54,380,60,2020,,,,,2025-11-03
우리농장3호 태양광발전소,,전북특별자치도 남원시 사매면 대율리 219,,,,정상가동,99.54,380,60,2020,,,,,2025-11-03
경진3태양광발전소,,전북특별자치도 남원시 아영면 봉대리 751,,,,정상가동,99.4,380,60,2020,,,,,2025-11-03
경진2태양광발전소,,전북특별자치도 남원시 아영면 봉대리 751,,,,정상가동,99.4,380,60,2020,,,,,2025-11-03
경진1태양광발전소,,전북특별자치도 남원시 아영면 봉대리 751,,,,정상가동,99.4,380,60,2020,,,,,2025-11-03
대박1호태양광발전소,,전북특별자치도 남원시 수지면 남창리 284-2,,,,정상가동,99.4,380,60,2020,,,,,2025-11-03
대박2호태양광발전소,,전북특별자치도 남원시 수지면 남창리 284-2,,,,정상가동,99.4,380,60,2020,,,,,2025-11-03
영남발전소,,전북특별자치도 남원시 송동면 장국리 674-1,,,,정상가동,99.82,380,60,2020,,,,,2025-11-03
철수발전소,,전북특별자치도 남원시 송동면 장국리 674-1,,,,정상가동,99.82,380,60,2020,,,,,2025-11-03
솔빛발전소,,전북특별자치도 남원시 운봉읍 권포리 63-1,,,,정상가동,82.5,380,60,2020,,,,,2025-11-03
광바위발전소,,전북특별자치도 남원시 운봉읍 권포리 63-1,,,,정상가동,82.5,380,60,2020,,,,,2025-11-03
은천6호 태양광발전소,,전북특별자치도 남원시 보절면 황벌리 82,,,,정상가동,19.53,380,60,2020,,,,,2025-11-03
송기 제3태양광발전소,,전북특별자치도 남원시 송동면 송기리 98-2,,,,정상가동,199.39,380,60,2020,,,,,2025-11-03
송기 제4태양광발전소,,전북특별자치도 남원시 송동면 송기리 98-2,,,,정상가동,99.06,380,60,2020,,,,,2025-11-03
송기 제5태양광발전소,,전북특별자치도 남원시 송동면 송기리 98-2,,,,정상가동,99.06,380,60,2020,,,,,2025-11-03
송기 제6태양광발전소,,전북특별자치도 남원시 송동면 송기리 98-2,,,,정상가동,99.06,380,60,2020,,,,,2025-11-03
제일솔라 태양광발전소,,전북특별자치도 남원시 아영면 성리 870-9,,,,정상가동,499.11,380,60,2020,,,,,2025-11-03
신계4호 태양광발전소,,전북특별자치도 남원시 대산면 신계리 311,,,,정상가동,99.51,380,60,2020,,,,,2025-11-03
신계5호 태양광발전소,,전북특별자치도 남원시 대산면 신계리 311,,,,정상가동,99.51,380,60,2020,,,,,2025-11-03
요천1호 태양광발전소,,전북특별자치도 남원시 아영면 봉대리 744,,,,정상가동,99.365,380,60,2020,,,,,2025-11-03
요천2호 태양광발전소,,전북특별자치도 남원시 아영면 봉대리 744,,,,정상가동,99.365,380,60,2020,,,,,2025-11-03
은혜봉대 태양광발전소,,전북특별자치도 남원시 아영면 봉대리 744,,,,정상가동,99.365,380,60,2020,,,,,2025-11-03
기열 태양광발전소,,전북특별자치도 남원시 송동면 영동리 29-2,,,,정상가동,99.84,380,60,2020,,,,,2025-11-03
민자1호 태양광발전소,,전북특별자치도 남원시 송동면 영동리 29-2,,,,정상가동,99.84,380,60,2020,,,,,2025-11-03
MB2호 태양광발전소,,전북특별자치도 남원시 운봉읍 신기리 178,,,,정상가동,99.76,380,60,2020,,,,,2025-11-03
MC2호 태양과발전소,,전북특별자치도 남원시 운봉읍 신기리 178,,,,정상가동,99.76,380,60,2020,,,,,2025-11-03
현숙 태양광발전소,,전북특별자치도 남원시 보절면 사촌리 1213-24,,,,정상가동,699.375,380,60,2020,,,,,2025-11-03
영훈 태양광발전소,,전북특별자치도 남원시 보절면 사촌리 1213-19,,,,정상가동,499.375,380,60,2020,,,,,2025-11-03
명찬 태양광발전소,,전북특별자치도 남원시 보절면 사촌리 1213-22,,,,정상가동,499.375,380,60,2020,,,,,2025-11-03
정송1 태양광발전소,,전북특별자치도 남원시 주생면 정송리 187,,,,정상가동,94.5,380,60,2020,,,,,2025-11-03
정송3 태양광발전소,,전북특별자치도 남원시 주생면 정송리 187,,,,정상가동,94.5,380,60,2020,,,,,2025-11-03
정송5가2호 태양광발전소,,전북특별자치도 남원시 주생면 정송리 187,,,,정상가동,94.5,380,60,2020,,,,,2025-11-03
정송5가3호 태양광발전소,,전북특별자치도 남원시 주생면 정송리 187,,,,정상가동,94.5,380,60,2020,,,,,2025-11-03
정송5가4호 태양광발전소,,전북특별자치도 남원시 주생면 정송리 187,,,,정상가동,94.5,380,60,2020,,,,,2025-11-03
정송5가5호 태양광발전소,,전북특별자치도 남원시 주생면 정송리 187,,,,정상가동,94.5,380,60,2020,,,,,2025-11-03
해바라기내기1호 태양광발전소,,전북특별자치도 남원시 이백면 강기리 328,,,,정상가동,99.2,380,60,2020,,,,,2025-11-03
자래리태양광발전소,,전북특별자치도 남원시 인월면 자래리 438,,,,정상가동,499.1,380,60,2020,,,,,2025-11-03
숙태양광발전소,,전북특별자치도 남원시 송동면 장포리 95,,,,정상가동,99.975,380,60,2020,,,,,2025-11-03
다은태양광발전소,,전북특별자치도 남원시 송동면 장포리 95,,,,정상가동,99.975,380,60,2020,,,,,2025-11-03
수양태양광발전소,,전북특별자치도 남원시 송동면 장포리 95,,,,정상가동,99.975,380,60,2020,,,,,2025-11-03
탑에너지 3,,전북특별자치도 남원시 광치동 176-2,,,,정상가동,300,380,60,2020,,,,,2025-11-03
규호 태양광발전소,,전북특별자치도 남원시 송동면 양평리 834-4,,,,정상가동,19.53,220,60,2020,,,,,2025-11-03
향님에너지태양광발전소,,전북특별자치도 남원시 인월면 성산리 359-46,,,,정상가동,99.75,380,60,2020,,,,,2025-11-03
미소9호 태양광발전소,,전북특별자치도 남원시 보절면 신파리 756,,,,정상가동,99.54,380,60,2020,,,,,2025-11-03
미소3호태양광발전소,,전북특별자치도 남원시 보절면 신파리 1036-9,,,,정상가동,99.54,380,60,2020,,,,,2025-11-03
미소4호태양광발전소,,전북특별자치도 남원시 보절면 신파리 1036-9,,,,정상가동,99.54,380,60,2020,,,,,2025-11-03
미소5호태양광발전소,,전북특별자치도 남원시 보절면 신파리 1036-9,,,,정상가동,99.54,380,60,2020,,,,,2025-11-03
미소6호태양광발전소,,전북특별자치도 남원시 보절면 신파리 1036-9,,,,정상가동,99.54,380,60,2020,,,,,2025-11-03
미소7호태양광발전소,,전북특별자치도 남원시 보절면 신파리 1036-9,,,,정상가동,99.54,380,60,2020,,,,,2025-11-03
미소8호태양광발전소,,전북특별자치도 남원시 보절면 신파리 1036-9,,,,정상가동,149.31,380,60,2020,,,,,2025-11-03
목원 태양광발전소,,전북특별자치도 남원시 사매면 화정리 62,,,,정상가동,99.36,380,60,2020,,,,,2025-11-03
남원1태양광발전소,,전북특별자치도 남원시 대강면 방산리 240,,,,정상가동,91.25,380,60,2020,,,,,2025-11-03
남원2태양광발전소,,전북특별자치도 남원시 대강면 방산리 240,,,,정상가동,91.25,380,60,2020,,,,,2025-11-03
남원3태양광발전소,,전북특별자치도 남원시 대강면 방산리 240,,,,정상가동,91.25,380,60,2020,,,,,2025-11-03
남원4태양광발전소,,전북특별자치도 남원시 대강면 방산리 240,,,,정상가동,91.25,380,60,2020,,,,,2025-11-03
남원5태양광발전소,,전북특별자치도 남원시 대강면 방산리 240,,,,정상가동,91.25,380,60,2020,,,,,2025-11-03
마호6호태양광발전소,,전북특별자치도 남원시 수지면 고평리 1681-1,,,,정상가동,99,380,60,2020,,,,,2025-11-03
마호7호태양광발전소,,전북특별자치도 남원시 수지면 고평리 1681-1,,,,정상가동,99,380,60,2020,,,,,2025-11-03
현숙태양광발전소,,전북특별자치도 남원시 사매면 대율리 2,,,,정상가동,20,380,60,2020,,,,,2025-11-03
RS태양광발전소1호,,전북특별자치도 남원시 송동면 장포리 97,,,,정상가동,99.36,380,60,2020,,,,,2025-11-03
RS태양광발전소2호,,전북특별자치도 남원시 송동면 장포리 97,,,,정상가동,66.93,380,60,2020,,,,,2025-11-03
목동1호태양광발전소,,전북특별자치도 남원시 산동면 목동리 510,,,,정상가동,99.4,380,60,2020,,,,,2025-11-03
경원2호태양광발전소,,전북특별자치도 남원시 갈치동 249-2,,,,정상가동,99.54,380,60,2020,,,,,2025-11-03
혼불2호태양광발전소,,전북특별자치도 남원시 갈치동 249-2,,,,정상가동,99.54,380,60,2020,,,,,2025-11-03
태강1호태양광발전소,,전북특별자치도 남원시 갈치동 249-2,,,,정상가동,99.54,380,60,2020,,,,,2025-11-03
보산태양광발전소,,전북특별자치도 남원시 갈치동 249-2,,,,정상가동,99.54,380,60,2020,,,,,2025-11-03
예지태양광발전소,,전북특별자치도 남원시 갈치동 249-2,,,,정상가동,99.54,380,60,2020,,,,,2025-11-03
태성4호태양광발전소,,전북특별자치도 남원시 갈치동 249-2,,,,정상가동,99.54,380,60,2020,,,,,2025-11-03
해송1호태양광발전소,,전북특별자치도 남원시 갈치동 249-2,,,,정상가동,99.54,380,60,2020,,,,,2025-11-03
해송2호태양광발전소,,전북특별자치도 남원시 갈치동 249-2,,,,정상가동,99.54,380,60,2020,,,,,2025-11-03
해송3호태양광발전소,,전북특별자치도 남원시 갈치동 249-2,,,,정상가동,99.54,380,60,2020,,,,,2025-11-03
옹정1호기 태양광발전소,,전북특별자치도 남원시 금지면 옹정리 1051,,,,정상가동,99.84,380,60,2020,,,,,2025-11-03
안계4호태양광발전소,,전북특별자치도 남원시 송동면 흑송리 88,,,,정상가동,50.4,380,60,2020,,,,,2025-11-03
금영발전소,,전북특별자치도 남원시 사매면 서도리 67-9,,,,정상가동,940.1,22900,60,2020,,,,,2025-11-03
서도발전소,,전북특별자치도 남원시 사매면 서도리 67-9,,,,정상가동,455,380,60,2020,,,,,2025-11-03
금빛발전소,,전북특별자치도 남원시 사매면 서도리 67-9,,,,정상가동,455,380,60,2020,,,,,2025-11-03
남창새마을태양광발전소,,전북특별자치도 남원시 수지면 남창리 418,,,,정상가동,99.54,380,60,2020,,,,,2025-11-03
승원 태양광발전소,,전북특별자치도 남원시 대강면 송대리 721,,,,정상가동,99.825,380,60,2020,,,,,2025-11-03
신기태양광발전소,,전북특별자치도 남원시 송동면 신평리 619-1,,,,정상가동,30.24,380,60,2020,,,,,2025-11-03
인숙3태양광발전소,,전북특별자치도 남원시 송동면 세전리 1390-8,,,,정상가동,99.54,380,60,2020,,,,,2025-11-03
인숙4태양광발전소,,전북특별자치도 남원시 송동면 세전리 1390-8,,,,정상가동,99.54,380,60,2020,,,,,2025-11-03
인숙5태양광발전소,,전북특별자치도 남원시 송동면 세전리 1390-8,,,,정상가동,99.54,380,60,2020,,,,,2025-11-03
인숙6태양광발전소,,전북특별자치도 남원시 송동면 세전리 1390-8,,,,정상가동,99.54,380,60,2020,,,,,2025-11-03
인숙7태양광발전소,,전북특별자치도 남원시 송동면 세전리 1390-8,,,,정상가동,99.54,380,60,2020,,,,,2025-11-03
혜경1호태양광발전소,,전북특별자치도 남원시 운봉읍 산덕리 1006,,,,정상가동,99.54,380,60,2020,,,,,2025-11-03
혜경2호태양광발전소,,전북특별자치도 남원시 운봉읍 산덕리 1006,,,,정상가동,99.54,380,60,2020,,,,,2025-11-03
혜경3호태양광발전소,,전북특별자치도 남원시 운봉읍 산덕리 1006,,,,정상가동,99.54,380,60,2020,,,,,2025-11-03
세령태양광발전소,,전북특별자치도 남원시 보절면 황벌리 1086,,,,정상가동,79.38,380,60,2020,,,,,2025-11-03
기열1호태양광발전소,,전북특별자치도 남원시 송동면 영동리 87-3,,,,정상가동,49.28,380,60,2020,,,,,2025-11-03
미성3호태양광발전소,,전북특별자치도 남원시 고죽동 288,,,,정상가동,99.43,380,60,2020,,,,,2025-11-03
어현1호태양광발전소,,전북특별자치도 남원시 어현동 502-2,,,,정상가동,99.4,380,60,2020,,,,,2025-11-03
어현2호태양광발전소,,전북특별자치도 남원시 어현동 502-2,,,,정상가동,99.4,380,60,2020,,,,,2025-11-03
유암1호태양광발전소,,전북특별자치도 남원시 수지면 유암리 33-2,,,,정상가동,99.4,380,60,2020,,,,,2025-11-03
유암2호태양광발전소,,전북특별자치도 남원시 수지면 유암리 33-2,,,,정상가동,99.4,380,60,2020,,,,,2025-11-03
태진1호태양광발전소,,전북특별자치도 남원시 송동면 신평리 1718-6,,,,정상가동,99.54,380,60,2020,,,,,2025-11-03
태진2호태양광발전소,,전북특별자치도 남원시 송동면 신평리 1718-6,,,,정상가동,99.54,380,60,2020,,,,,2025-11-03
태진3호태양광발전소,,전북특별자치도 남원시 송동면 신평리 1718-6,,,,정상가동,99.54,380,60,2020,,,,,2025-11-03
태진4호태양광발전소,,전북특별자치도 남원시 송동면 신평리 1718-6,,,,정상가동,99.54,380,60,2020,,,,,2025-11-03
태진5호태양광발전소,,전북특별자치도 남원시 송동면 신평리 1718-6,,,,정상가동,99.54,380,60,2020,,,,,2025-11-03
하니태양광발전소2,,전북특별자치도 남원시 대산면 금성리 360,,,,정상가동,99.54,380,60,2020,,,,,2025-11-03
하니태양광발전소3,,전북특별자치도 남원시 대산면 금성리 360,,,,정상가동,99.54,380,60,2020,,,,,2025-11-03
현주1호태양광발전소,,전북특별자치도 남원시 운봉읍 장교리 1084-9,,,,정상가동,73.08,380,60,2020,,,,,2025-11-03
낙동1태양광발전소,,전북특별자치도 남원시 주생면 낙동리 9,,,,정상가동,99.82,380,60,2020,,,,,2025-11-03
낙동2태양광발전소,,전북특별자치도 남원시 주생면 낙동리 9,,,,정상가동,99.82,380,60,2020,,,,,2025-11-03
낙동3태양광발전소,,전북특별자치도 남원시 주생면 낙동리 9,,,,정상가동,99.82,380,60,2020,,,,,2025-11-03
낙동4태양광발전소,,전북특별자치도 남원시 주생면 낙동리 8,,,,정상가동,99.82,380,60,2020,,,,,2025-11-03
낙동5태양광발전소,,전북특별자치도 남원시 주생면 낙동리 8,,,,정상가동,99.82,380,60,2020,,,,,2025-11-03
낙동6태양광발전소,,전북특별자치도 남원시 주생면 낙동리 8,,,,정상가동,99.82,380,60,2020,,,,,2025-11-03
낙동7태양광발전소,,전북특별자치도 남원시 주생면 낙동리 8,,,,정상가동,99.82,380,60,2020,,,,,2025-11-03
낙동8태양광발전소,,전북특별자치도 남원시 주생면 낙동리 8,,,,정상가동,44.02,380,60,2020,,,,,2025-11-03
정우에너지태양광발전소,,전북특별자치도 남원시 사매면 계수리 297-29,,,,정상가동,99.75,380,60,2020,,,,,2025-11-03
사매상신태양광발전소,,전북특별자치도 남원시 사매면 관풍리 22-3,,,,정상가동,98,380,60,2020,,,,,2025-11-03
서울태양광발전소,,전북특별자치도 남원시 사매면 관풍리 22-3,,,,정상가동,98,380,60,2020,,,,,2025-11-03
황벌1호태양광발전소,,전북특별자치도 남원시 보절면 황벌리 706,,,,정상가동,99.735,380,60,2020,,,,,2025-11-03
황벌2호태양광발전소,,전북특별자치도 남원시 보절면 황벌리 706,,,,정상가동,99.735,380,60,2020,,,,,2025-11-03
진우1호태양광발전소,,전북특별자치도 남원시 운봉읍 동천리 623,,,,정상가동,99.54,380,60,2020,,,,,2025-11-03
진우2호태양광발전소,,전북특별자치도 남원시 운봉읍 동천리 623,,,,정상가동,99.54,380,60,2020,,,,,2025-11-03
진우3호태양광발전소,,전북특별자치도 남원시 운봉읍 동천리 623,,,,정상가동,99.54,380,60,2020,,,,,2025-11-03
진우4호태양광발전소,,전북특별자치도 남원시 운봉읍 동천리 623,,,,정상가동,99.54,380,60,2020,,,,,2025-11-03
진일1호태양광발전소,,전북특별자치도 남원시 운봉읍 동천리 621,,,,정상가동,99.54,380,60,2020,,,,,2025-11-03
진일2호태양광발전소,,전북특별자치도 남원시 운봉읍 동천리 621,,,,정상가동,99.54,380,60,2020,,,,,2025-11-03
진일3호태양광발전소,,전북특별자치도 남원시 운봉읍 동천리 621,,,,정상가동,99.54,380,60,2020,,,,,2025-11-03
진일4호태양광발전소,,전북특별자치도 남원시 운봉읍 동천리 621,,,,정상가동,99.54,380,60,2020,,,,,2025-11-03
진일5호태양광발전소,,전북특별자치도 남원시 운봉읍 동천리 621,,,,정상가동,50.4,380,60,2020,,,,,2025-11-03
초원태양광발전소,,전북특별자치도 남원시 보절면 사촌리 1048,,,,정상가동,299.88,380,60,2020,,,,,2025-11-03
구상1호태양광발전소,,전북특별자치도 남원시 아영면 구상리 368-1,,,,정상가동,99.36,380,60,2020,,,,,2025-11-03
구상2호태양광발전소,,전북특별자치도 남원시 아영면 구상리 368-1,,,,정상가동,99.36,380,60,2020,,,,,2025-11-03
구상3호태양광발전소,,전북특별자치도 남원시 아영면 구상리 368-4,,,,정상가동,99.36,380,60,2020,,,,,2025-11-03
지인태양광발전소,,전북특별자치도 남원시 아영면 봉대리 705,,,,정상가동,99.96,380,60,2020,,,,,2025-11-03
SHIN_태양발전소,,전북특별자치도 남원시 아영면 봉대리 705,,,,정상가동,99.96,380,60,2020,,,,,2025-11-03
미라클태양광발전소,,전북특별자치도 남원시 아영면 봉대리 705,,,,정상가동,99.96,380,60,2020,,,,,2025-11-03
비상1호태양광발전소,,전북특별자치도 남원시 아영면 봉대리 704,,,,정상가동,99.96,380,60,2020,,,,,2025-11-03
비상2호태양광발전소,,전북특별자치도 남원시 아영면 봉대리 704,,,,정상가동,99.96,380,60,2020,,,,,2025-11-03
남원산림조합3호,,전북특별자치도 남원시 용정동 580-2,,,,정상가동,176.4,380,60,2020,,,,,2025-11-03
형제8호태양광발전소,,전북특별자치도 남원시 덕과면 덕촌리 985,,,,정상가동,366.25,380,60,2020,,,,,2025-11-03
용수4호태양광발전소,,전북특별자치도 남원시 송동면 장국리 748-1,,,,정상가동,99.54,380,60,2020,,,,,2025-11-03
용수5호태양광발전소,,전북특별자치도 남원시 송동면 장국리 748-1,,,,정상가동,80.64,380,60,2020,,,,,2025-11-03
덕이발전소-1,,"전북특별자치도 남원시 아영면 봉대리 751-3, 754-1, 754-3",,,,정상가동,99.96,380,60,2020,,,,,2025-11-03
덕이발전소-2,,"전북특별자치도 남원시 아영면 봉대리 754-1, 754-3",,,,정상가동,99.96,380,60,2020,,,,,2025-11-03
순흥태양광발전소,,"전북특별자치도 남원시 아영면 봉대리 754-1, 754-2, 754-3",,,,정상가동,99.96,380,60,2020,,,,,2025-11-03
고도실5태양광발전소,,전북특별자치도 남원시 아영면 봉대리 754-2,,,,정상가동,99.96,380,60,2020,,,,,2025-11-03
YOUNG_태양발전소,,전북특별자치도 남원시 아영면 봉대리 754-2,,,,정상가동,99.96,380,60,2020,,,,,2025-11-03
남창21태양광발전소,,전북특별자치도 남원시 수지면 남창리 377-7,,,,정상가동,49.14,380,60,2020,,,,,2025-11-03
옹정하이라이트101 태양광발전소,,전북특별자치도 남원시 금지면 옹정리 1167-5,,,,정상가동,21.42,380,60,2020,,,,,2025-11-03
내동1호 태양광발전소,,전북특별자치도 남원시 주생면 내동리 647-8,,,,정상가동,99.94,380,60,2020,,,,,2025-11-03
내동2호 태양광발전소,,"전북특별자치도 남원시 주생면 내동리 647-8, 647-14",,,,정상가동,99.94,380,60,2020,,,,,2025-11-03
박도숙태양광발전소,,전북특별자치도 남원시 도통동 589-2 건물상부,,,,정상가동,54.78,380,60,2020,,,,,2025-11-03
바이오태양광발전소,,전북특별자치도 남원시 보절면 진기리 1150-4 건물 위,,,,정상가동,149.73,380,60,2020,,,,,2025-11-03
남원농장태양광발전소,,전북특별자치도 남원시 송동면 송내리 958-6 건물 위,,,,정상가동,254.52,380,60,2020,,,,,2025-11-03
주천1호태양광발전소,,전북특별자치도 남원시 주천면 주천리 334,,,,정상가동,99.4,380,60,2020,,,,,2025-11-03
수지발전소,,전북특별자치도 남원시 수지면 호곡리 92-124 건물상부,,,,정상가동,49.6,380,60,2020,,,,,2025-11-03
등골1발전소,,"전북특별자치도 남원시 보절면 사촌리 5, 5-2",,,,정상가동,99.82,380,60,2020,,,,,2025-11-03
등골2발전소,,"전북특별자치도 남원시 보절면 사촌리 5, 5-2",,,,정상가동,99.82,380,60,2020,,,,,2025-11-03
등골3발전소,,"전북특별자치도 남원시 보절면 사촌리 3, 4",,,,정상가동,199.6,380,60,2020,,,,,2025-11-03
금종1호,,"전북특별자치도 남원시 인월면 서무리 683, 685-2 건물상부",,,,정상가동,99.7,380,60,2020,,,,,2025-11-03
연미솔라1호태양광발전소,,"전북특별자치도 남원시 금지면 방촌리 1101-4, 1101-65",,,,정상가동,297.18,380,60,2020,,,,,2025-11-03
연미솔라2호태양광발전소,,전북특별자치도 남원시 금지면 방촌리 1101-6,,,,정상가동,99.06,380,60,2020,,,,,2025-11-03
두루봉5호태양광발전소,,전북특별자치도 남원시 금지면 방촌리 1101-36,,,,정상가동,99.06,380,60,2020,,,,,2025-11-03
방촌1호기 태양광발전소,,"전북특별자치도 남원시 금지면 방촌리 1101-3, 1101-39, 1101-40, 1101-42",,,,정상가동,99.84,380,60,2020,,,,,2025-11-03
방촌2호기 태양광발전소,,"전북특별자치도 남원시 금지면 방촌리 1101-40, 1101-42, 1101-43, 1101-44, 1101-45, 1101-46, 1101-47",,,,정상가동,99.84,380,60,2020,,,,,2025-11-03
방촌3호기 태양광발전소,,"전북특별자치도 남원시 금지면 방촌리 1101-42, 1101-43, 1101-44, 1101-45, 1101-46, 1101-47",,,,정상가동,99.84,380,60,2020,,,,,2025-11-03
방촌4호기 태양광발전소,,"전북특별자치도 남원시 금지면 방촌리 1101-42, 1101-43, 1101-44, 1101-45, 1101-46, 1101-47",,,,정상가동,99.84,380,60,2020,,,,,2025-11-03
방촌5호기 태양광발전소,,"전북특별자치도 남원시 금지면 방촌리 1101-56, 1101-57, 1101-58, 1101-60, 1101-61",,,,정상가동,99.84,380,60,2020,,,,,2025-11-03
방촌6호기 태양광발전소,,"전북특별자치도 남원시 금지면 방촌리 1101-56, 1101-57, 1101-58, 1101-59, 1101-60, 1101-61",,,,정상가동,99.84,380,60,2020,,,,,2025-11-03
방촌7호기 태양광발전소,,"전북특별자치도 남원시 금지면 방촌리 1101-56, 1101-57, 1101-58, 1101-59, 1101-60, 1101-61, 1101-62",,,,정상가동,99.84,380,60,2020,,,,,2025-11-03
방촌8호기 태양광발전소,,"전북특별자치도 남원시 금지면 방촌리 1101-7, 1101-56, 1101-57, 1101-58, 1101-59, 1101-60, 1101-61, 1101-62",,,,정상가동,99.84,380,60,2020,,,,,2025-11-03
방촌9호기 태양광발전소,,"전북특별자치도 남원시 금지면 방촌리 1101-7, 1101-56, 1101-57",,,,정상가동,99.84,380,60,2020,,,,,2025-11-03
방촌10호기 태양광발전소,,"전북특별자치도 남원시 금지면 방촌리 1101-40, 1101-41, 1101-42, 1101-43, 1101-44, 1101-45, 1101-46, 1101-47",,,,정상가동,99.82,380,60,2020,,,,,2025-11-03
대곡유성1호태양광발전소,,전북특별자치도 남원시 대산면 대곡리 255,,,,정상가동,99.4,380,60,2020,,,,,2025-11-03
보절신파1호태양광발전소,,"전북특별자치도 남원시 보절면 신파리 929-2 건물상부 (주1, 주2)",,,,정상가동,99.54,380,60,2020,,,,,2025-11-03
진일태양광발전소,,전북특별자치도 남원시 대강면 수홍리 203,,,,정상가동,199.38,380,60,2020,,,,,2025-11-03
은천4호태양광발전소,,전북특별자치도 남원시 보절면 황벌리 32 건물상부 (주1),,,,정상가동,99.54,380,60,2020,,,,,2025-11-03
서일유통2호태양광발전소,,전북특별자치도 남원시 대산면 대곡리 638-72,,,,정상가동,499.2,380,60,2020,,,,,2025-11-03
써니솔라텍보절태양광발전소,,전북특별자치도 남원시 보절면 진기리 1145-2,,,,정상가동,999,22900,60,2020,,,,,2025-11-03
진일6호태양광발전소,,전북특별자치도 남원시 운봉읍 신기리 613 건물상부 (주1),,,,정상가동,99.54,380,60,2020,,,,,2025-11-03
진일7호태양광발전소,,"전북특별자치도 남원시 운봉읍 신기리 613 건물상부 (주1, 주2)",,,,정상가동,99.54,380,60,2020,,,,,2025-11-03
진일8호태양광발전소,,전북특별자치도 남원시 운봉읍 신기리 613 건물상부 (주2),,,,정상가동,98.28,380,60,2020,,,,,2025-11-03
연부6호 태양광발전소,,전북특별자치도 남원시 덕과면 용산리 1233 건물상부 (주1),,,,정상가동,99.54,380,60,2020,,,,,2025-11-03
연부7호 태양광발전소,,전북특별자치도 남원시 덕과면 용산리 1233 건물상부 (주1),,,,정상가동,99.7,380,60,2020,,,,,2025-11-03
연부8호 태양광발전소,,전북특별자치도 남원시 덕과면 용산리 1233 건물상부 (주1),,,,정상가동,99.54,380,60,2020,,,,,2025-11-03
연부9호 태양광발전소,,전북특별자치도 남원시 덕과면 용산리 1233 건물상부 (주1),,,,정상가동,99.54,380,60,2020,,,,,2025-11-03
덕과매일태양광,,"전북특별자치도 남원시 덕과면 덕촌리 1194, 1195, 1196 건물상부 (주1, 주2)",,,,정상가동,451.5,380,60,2020,,,,,2025-11-03
덕과매일태양광2호,,"전북특별자치도 남원시 덕과면 덕촌리 1194, 1195, 1196 건물상부 (주3, 주4)",,,,정상가동,101.5,380,60,2020,,,,,2025-11-03
대산매일성호태양광,,"전북특별자치도 남원시 대산면 옥율리 249, 250, 282 건물상부 (주1)",,,,정상가동,333.9,380,60,2020,,,,,2025-11-03
대산매일영호태양광,,"전북특별자치도 남원시 대산면 옥율리 248, 282-1 건물상부 (주1)",,,,정상가동,289.8,380,60,2020,,,,,2025-11-03
찬이태양광발전소,,전북특별자치도 남원시 대산면 수덕리 1081,,,,정상가동,99.54,380,60,2020,,,,,2025-11-03
윤이태양광발전소,,전북특별자치도 남원시 대산면 수덕리 1081,,,,정상가동,99.54,380,60,2020,,,,,2025-11-03
호진1호태양광발전소,,전북특별자치도 남원시 주천면 송치리 331-1 건물상부 (주2),,,,정상가동,99.54,380,60,2020,,,,,2025-11-03
호진2호태양광발전소,,전북특별자치도 남원시 주천면 송치리 331-1 건물상부 (주2),,,,정상가동,99.54,380,60,2020,,,,,2025-11-03
호진3호태양광발전소,,"전북특별자치도 남원시 주천면 송치리 331-1 건물상부(주1, 주2)",,,,정상가동,99.54,380,60,2020,,,,,2025-11-03
아영두락리1호 태양광발전소,,전북특별자치도 남원시 아영면 두락리 554-23,,,,정상가동,99,380,60,2020,,,,,2025-11-03
아영두락리2호 태양광발전소,,전북특별자치도 남원시 아영면 두락리 554-23,,,,정상가동,99,380,60,2020,,,,,2025-11-03
아영두락리3호 태양광발전소,,전북특별자치도 남원시 아영면 두락리 554-23,,,,정상가동,99,380,60,2020,,,,,2025-11-03
신화1호 태양광발전소,,전북특별자치도 남원시 아영면 두락리 554-23,,,,정상가동,99,380,60,2020,,,,,2025-11-03
신화2호 태양광발전소,,전북특별자치도 남원시 아영면 두락리 554-23,,,,정상가동,99,380,60,2020,,,,,2025-11-03
별똥2호 태양광발전소,,전북특별자치도 남원시 아영면 두락리 554-23,,,,정상가동,99,380,60,2020,,,,,2025-11-03
두락리초당1호 태양광발전소,,전북특별자치도 남원시 아영면 두락리 554-23,,,,정상가동,99,380,60,2020,,,,,2025-11-03
정남1호 태양광발전소,,전북특별자치도 남원시 아영면 두락리 554-18,,,,정상가동,99,380,60,2020,,,,,2025-11-03
영수1호 태양광발전소,,전북특별자치도 남원시 아영면 두락리 554-18,,,,정상가동,99,380,60,2020,,,,,2025-11-03
빛나는솔아1호 태양광발전소,,전북특별자치도 남원시 아영면 두락리 554-18,,,,정상가동,99,380,60,2020,,,,,2025-11-03
아영소윤 태양광발전소,,전북특별자치도 남원시 아영면 두락리 554-18,,,,정상가동,99,380,60,2020,,,,,2025-11-03
아영지숙 태양광발전소,,전북특별자치도 남원시 아영면 두락리 554-18,,,,정상가동,99,380,60,2020,,,,,2025-11-03
아영강호 태양광발전소,,전북특별자치도 남원시 아영면 두락리 554-18,,,,정상가동,99,380,60,2020,,,,,2025-11-03
두락리1호 태양광발전소,,전북특별자치도 남원시 아영면 두락리 554-16,,,,정상가동,99,380,60,2020,,,,,2025-11-03
두락리2호 태양광발전소,,전북특별자치도 남원시 아영면 두락리 554-16,,,,정상가동,99,380,60,2020,,,,,2025-11-03
두락리3호 태양광발전소,,전북특별자치도 남원시 아영면 두락리 554-16,,,,정상가동,99,380,60,2020,,,,,2025-11-03
두락리4호 태양광발전소,,전북특별자치도 남원시 아영면 두락리 554-16,,,,정상가동,99,380,60,2020,,,,,2025-11-03
두락 태양광발전소,,전북특별자치도 남원시 아영면 두락리 554-16,,,,정상가동,99,380,60,2020,,,,,2025-11-03
강산 태양광발전소,,전북특별자치도 남원시 아영면 두락리 554-16,,,,정상가동,99,380,60,2020,,,,,2025-11-03
산들 태양광발전소,,전북특별자치도 남원시 아영면 두락리 554-16,,,,정상가동,99,380,60,2020,,,,,2025-11-03
병덕1호 태양광발전소,,"전북특별자치도 남원시 아영면 두락리 554-25, 554-26",,,,정상가동,99,380,60,2020,,,,,2025-11-03
미리내 태양광발전소,,전북특별자치도 남원시 아영면 두락리 554-25,,,,정상가동,99,380,60,2020,,,,,2025-11-03
아름 태양광발전소,,전북특별자치도 남원시 아영면 두락리 554-25,,,,정상가동,99,380,60,2020,,,,,2025-11-03
다운 태양광발전소,,"전북특별자치도 남원시 아영면 두락리 554-25, 576, 576-1",,,,정상가동,99,380,60,2020,,,,,2025-11-03
정숙3호 태양광발전소,,"전북특별자치도 남원시 아영면 두락리 554-25, 554-26, 576, 576-1, 577",,,,정상가동,99,380,60,2020,,,,,2025-11-03
별똥1호 태양광발전소,,"전북특별자치도 남원시 아영면 두락리 554-25, 554-26, 577, 579",,,,정상가동,99,380,60,2020,,,,,2025-11-03
예은 태양광발전소,,"전북특별자치도 남원시 아영면 두락리 554-25, 554-26, 577, 578, 579",,,,정상가동,99,380,60,2020,,,,,2025-11-03
한빛3호 태양광발전소,,"전북특별자치도 남원시 아영면 두락리 554-26, 578, 579",,,,정상가동,99,380,60,2020,,,,,2025-11-03
수인 태양광발전소,,"전북특별자치도 남원시 아영면 두락리 554-26, 578",,,,정상가동,99,380,60,2020,,,,,2025-11-03
신화3호 태양광발전소,,"전북특별자치도 남원시 아영면 두락리 578, 578-1, 579, 579-2",,,,정상가동,99,380,60,2020,,,,,2025-11-03
신평1 태양광발전소,,"전북특별자치도 남원시 아영면 두락리 554-26, 554-27, 578, 578-1",,,,정상가동,99,380,60,2020,,,,,2025-11-03
이광호 태양광발전소,,"전북특별자치도 남원시 아영면 두락리 554-26, 554-27, 578-1",,,,정상가동,99,380,60,2020,,,,,2025-11-03
대성1호 태양광발전소,,전북특별자치도 남원시 아영면 두락리 554-17,,,,정상가동,99,380,60,2020,,,,,2025-11-03
대성2호 태양광발전소,,전북특별자치도 남원시 아영면 두락리 554-17,,,,정상가동,99,380,60,2020,,,,,2025-11-03
대성3호 태양광발전소,,전북특별자치도 남원시 아영면 두락리 554-17,,,,정상가동,99,380,60,2020,,,,,2025-11-03
솔라월드6 태양광발전소,,전북특별자치도 남원시 아영면 두락리 554-17,,,,정상가동,99,380,60,2020,,,,,2025-11-03
빛나는솔아2호 태양광발전소,,전북특별자치도 남원시 아영면 두락리 554-17,,,,정상가동,99,380,60,2020,,,,,2025-11-03
동동 태양광발전소,,전북특별자치도 남원시 아영면 두락리 554-17,,,,정상가동,99,380,60,2020,,,,,2025-11-03
호박살구 태양광발전소,,전북특별자치도 남원시 수지면 남창리 423,,,,정상가동,299.6,380,60,2020,,,,,2025-11-03
삼천리2호태양광발전소,,"전북특별자치도 남원시 사매면 서도리 산6-1, 67-18 건물상부 (주2, 주6, 주8, 주12)",,,,정상가동,299.88,380,60,2020,,,,,2025-11-03
인산태양광2발전소,,전북특별자치도 남원시 대강면 생암리 553-56,,,,정상가동,78.4,380,60,2020,,,,,2025-11-03
송동1호태양광발전소,,전북특별자치도 남원시 송동면 송상리 344,,,,정상가동,99.36,380,60,2020,,,,,2025-11-03
송동2호태양광발전소,,"전북특별자치도 남원시 송동면 송상리 344, 345",,,,정상가동,99.36,380,60,2020,,,,,2025-11-03
송동3호태양광발전소,,"전북특별자치도 남원시 송동면 송상리 344, 345, 346",,,,정상가동,99.36,380,60,2020,,,,,2025-11-03
송동4호태양광발전소,,전북특별자치도 남원시 송동면 송상리 346,,,,정상가동,99.36,380,60,2020,,,,,2025-11-03
부서태양광발전소,,"전북특별자치도 남원시 산동면 부절리 2285-183, 2285-178, 2285-181, 2520-1 건물상부 (주1)",,,,정상가동,183.52,380,60,2020,,,,,2025-11-03
방촌농장1호 태양광발전소,,전북특별자치도 남원시 금지면 방촌리 998-3 건물 위(주1동),,,,정상가동,99.7,380,60,2020,,,,,2025-11-03
방촌농장2호 태양광발전소,,전북특별자치도 남원시 금지면 방촌리 998-3 건물 위(주2동),,,,정상가동,99.7,380,60,2020,,,,,2025-11-03
방촌농장3호 태양광발전소,,"전북특별자치도 남원시 금지면 방촌리 991-2, 993 건물 위",,,,정상가동,99.7,380,60,2020,,,,,2025-11-03
방촌농장4호 태양광발전소,,"전북특별자치도 남원시 금지면 방촌리 991-2, 993 건물 위",,,,정상가동,99.7,380,60,2020,,,,,2025-11-03
준태양광발전소,,"전북특별자치도 남원시 송동면 송기리 566, 567, 567-1, 568, 569",,,,정상가동,253.89,380,60,2020,,,,,2025-11-03
신선1호태양광발전소,,"전북특별자치도 남원시 송동면 송내리 953-6, 953-7 건물상부 (주1)",,,,정상가동,99.54,380,60,2020,,,,,2025-11-03
신선2호태양광발전소,,"전북특별자치도 남원시 송동면 송내리 953-6, 953-7 건물상부 (주1)",,,,정상가동,99.54,380,60,2020,,,,,2025-11-03
신선3호태양광발전소,,"전북특별자치도 남원시 송동면 송내리 953-6, 953-7 건물상부 (주1)",,,,정상가동,99.54,380,60,2020,,,,,2025-11-03
신선4호태양광발전소,,"전북특별자치도 남원시 송동면 송내리 953-6, 953-7 건물상부 (주1)",,,,정상가동,99.54,380,60,2020,,,,,2025-11-03
신선5호태양광발전소,,"전북특별자치도 남원시 송동면 송내리 953-6, 953-7 건물상부 (주1)",,,,정상가동,99.54,380,60,2020,,,,,2025-11-03
한마음4호기태양광발전소,,"전북특별자치도 남원시 내척동 649-88, 648-9",,,,정상가동,135.68,380,60,2020,,,,,2025-11-03
한마음5호기태양광발전소,,전북특별자치도 남원시 내척동 646-30,,,,정상가동,163.84,380,60,2020,,,,,2025-11-03
한마음6호기태양광발전소,,전북특별자치도 남원시 내척동 649-2,,,,정상가동,227.84,380,60,2020,,,,,2025-11-03
남원세화7호태양광발전소,,전북특별자치도 남원시 아영면 두락리 119-2,,,,정상가동,99.84,380,60,2020,,,,,2025-11-03
도원4호태양광발전소,,전북특별자치도 남원시 아영면 두락리 119-2,,,,정상가동,99.84,380,60,2020,,,,,2025-11-03
현경태양광발전소,,"전북특별자치도 남원시 아영면 두락리 119-2, 579-4",,,,정상가동,99.84,380,60,2020,,,,,2025-11-03
대권태양광발전소,,"전북특별자치도 남원시 아영면 두락리 119-2, 579-4",,,,정상가동,99.84,380,60,2020,,,,,2025-11-03
고담태양광발전소,,전북특별자치도 남원시 아영면 두락리 119-2,,,,정상가동,99.84,380,60,2020,,,,,2025-11-03
평화태양광발전소2호,,전북특별자치도 남원시 아영면 두락리 119-2,,,,정상가동,99.84,380,60,2020,,,,,2025-11-03
뚱내미태양광발전소,,전북특별자치도 남원시 아영면 두락리 119-2,,,,정상가동,99.84,380,60,2020,,,,,2025-11-03
제이유태양광발전소2호,,전북특별자치도 남원시 아영면 두락리 119-2,,,,정상가동,99.84,380,60,2020,,,,,2025-11-03
수지태양광발전소,,전북특별자치도 남원시 아영면 두락리 119-2,,,,정상가동,99.84,380,60,2020,,,,,2025-11-03
기천태양광발전소,,전북특별자치도 남원시 아영면 두락리 119-2,,,,정상가동,99.84,380,60,2020,,,,,2025-11-03
예담1호태양광발전소,,전북특별자치도 남원시 아영면 두락리 554-13,,,,정상가동,498,380,60,2020,,,,,2025-11-03
예담2호태양광발전소,,전북특별자치도 남원시 아영면 두락리 554-13,,,,정상가동,99.84,380,60,2020,,,,,2025-11-03
정우1호태양광발전소,,전북특별자치도 남원시 보절면 성시리 255,,,,정상가동,99.4,380,60,2020,,,,,2025-11-03
정우2호태양광발전소,,전북특별자치도 남원시 보절면 성시리 255,,,,정상가동,99.4,380,60,2020,,,,,2025-11-03
정우3호태양광발전소,,전북특별자치도 남원시 보절면 성시리 255,,,,정상가동,99.4,380,60,2020,,,,,2025-11-03
정우4호태양광발전소,,전북특별자치도 남원시 보절면 성시리 255,,,,정상가동,99.4,380,60,2020,,,,,2025-11-03
정우5호태양광발전소,,전북특별자치도 남원시 보절면 성시리 255,,,,정상가동,99.4,380,60,2020,,,,,2025-11-03
훈1호태양광발전소,,전북특별자치도 남원시 주천면 송치리 1114-6,,,,정상가동,99.66,380,60,2020,,,,,2025-11-03
훈2호태양광발전소,,전북특별자치도 남원시 주천면 송치리 1114-6,,,,정상가동,99.66,380,60,2020,,,,,2025-11-03
훈3호태양광발전소,,전북특별자치도 남원시 주천면 송치리 1114-6,,,,정상가동,99.66,380,60,2020,,,,,2025-11-03
고리봉2호 태양광발전소,,전북특별자치도 남원시 금지면 택내리 553-12,,,,정상가동,499.8,380,60,2020,,,,,2025-11-03
대웅1태양광발전소,,"전북특별자치도 남원시 이백면 강기리 467, 468",,,,정상가동,99.38,380,60,2020,,,,,2025-11-03
대웅2태양광발전소,,"전북특별자치도 남원시 이백면 강기리 467, 468",,,,정상가동,99.38,380,60,2020,,,,,2025-11-03
대웅3태양광발전소,,전북특별자치도 남원시 이백면 강기리 468,,,,정상가동,99.38,380,60,2020,,,,,2025-11-03
대웅5태양광발전소,,전북특별자치도 남원시 이백면 내동리 99,,,,정상가동,99.38,380,60,2020,,,,,2025-11-03
채찬마루4호태양광발전소,,"전북특별자치도 남원시 수지면 고평리 702, 703 건물상부 (주2)",,,,정상가동,99.54,380,60,2020,,,,,2025-11-03
채찬마루15호태양광발전소,,"전북특별자치도 남원시 수지면 호곡리 1377-11, 1377-12, 1377-16, 1377-17 건물상부 (주1)",,,,정상가동,99.54,380,60,2020,,,,,2025-11-03
채찬마루8호태양광발전소,,"전북특별자치도 남원시 수지면 호곡리 1148, 1149 건물상부 (주1)",,,,정상가동,99.54,380,60,2020,,,,,2025-11-03
수월1호태양광발전소,,"전북특별자치도 남원시 수지면 호곡리 976-66, 976-67, 976-69, 976-70 건물상부 (주1)",,,,정상가동,99.54,380,60,2020,,,,,2025-11-03
수월2호태양광발전소,,"전북특별자치도 남원시 수지면 호곡리 976-66, 976-67, 976-69, 976-70 건물상부 (주1)",,,,정상가동,99.54,380,60,2020,,,,,2025-11-03
수월3호태양광발전소,,"전북특별자치도 남원시 수지면 호곡리 976-65, 976-68, 976-151 건물상부 (주2)",,,,정상가동,99.54,380,60,2020,,,,,2025-11-03
수월4호태양광발전소,,"전북특별자치도 남원시 수지면 호곡리 976-66, 976-67, 976-69, 976-70 건물상부 (주1)",,,,정상가동,99.54,380,60,2020,,,,,2025-11-03
수월5호태양광발전소,,"전북특별자치도 남원시 수지면 호곡리 976-66, 976-67, 976-69, 976-70 건물상부 (주1)",,,,정상가동,99.54,380,60,2020,,,,,2025-11-03
수월7호태양광발전소,,전북특별자치도 남원시 수지면 호곡리 976-64 건물상부 (주3),,,,정상가동,99.54,380,60,2020,,,,,2025-11-03
수월8호태양광발전소,,"전북특별자치도 남원시 수지면 호곡리 976-63, 976-346, 640 건물상부(부1), 1116 건물상부(주1)",,,,정상가동,99.54,380,60,2020,,,,,2025-11-03
수월6호태양광발전소,,전북특별자치도 남원시 수지면 호곡리 976-75 건물상부 (주1),,,,정상가동,68.04,380,60,2020,,,,,2025-11-03
사랑1호태양광발전소,,전북특별자치도 남원시 사매면 오신리 231-36,,,,정상가동,98,380,60,2020,,,,,2025-11-03
사랑2호태양광발전소,,전북특별자치도 남원시 사매면 오신리 231-30,,,,정상가동,98,380,60,2020,,,,,2025-11-03
사랑3호태양광발전소,,전북특별자치도 남원시 사매면 오신리 231-1,,,,정상가동,98,380,60,2020,,,,,2025-11-03
테라1호태양광발전소,,전북특별자치도 남원시 사매면 오신리 231-27,,,,정상가동,98,380,60,2020,,,,,2025-11-03
희망1호태양광발전소,,전북특별자치도 남원시 사매면 오신리 231-28,,,,정상가동,98,380,60,2020,,,,,2025-11-03
에코에너지,,전북특별자치도 남원시 주생면 도산리 82-2,,,,정상가동,99.54,380,60,2020,,,,,2025-11-03
석초5호태양광발전소,,전북특별자치도 남원시 이백면 척문리 949,,,,정상가동,98.18,380,60,2020,,,,,2025-11-03
석초6호태양광발전소,,전북특별자치도 남원시 이백면 척문리 949,,,,정상가동,98.18,380,60,2020,,,,,2025-11-03
우람 태양광발전소,,"전북특별자치도 남원시 고죽동 623-87 건물상부(주1, 부1)",,,,정상가동,249.6,380,60,2020,,,,,2025-11-03
대율1호 태양광발전소,,"전북특별자치도 남원시 사매면 대율리 327, 331",,,,정상가동,297.6,380,60,2020,,,,,2025-11-03
승원 태양광발전소,,전북특별자치도 남원시 대강면 송대리 721,,,,정상가동,99.83,380,60,2020,,,,,2025-11-03
삼밭골 태양광,,"전북특별자치도 남원시 덕과면 고정리 412, 413-2",,,,정상가동,99.83,380,60,2020,,,,,2025-11-03
고정 태양광,,"전북특별자치도 남원시 덕과면 고정리 413-2, 417, 412",,,,정상가동,99.83,380,60,2020,,,,,2025-11-03
남창22태양광발전소,,전북특별자치도 남원시 수지면 남창리 345,,,,정상가동,74.34,380,60,2020,,,,,2025-11-03
남창23태양광발전소,,전북특별자치도 남원시 수지면 남창리 345,,,,정상가동,74.34,380,60,2020,,,,,2025-11-03
남창24태양광발전소,,전북특별자치도 남원시 수지면 남창리 345,,,,정상가동,74.34,380,60,2020,,,,,2025-11-03
미래5호 태양광발전소,,"전북특별자치도 남원시 주천면 배덕리 212-2, 212-7, 212-8",,,,정상가동,99.6,380,60,2020,,,,,2025-11-03
미래6호 태양광발전소,,"전북특별자치도 남원시 주천면 배덕리 212-2, 212-5, 212-6",,,,정상가동,297.48,380,60,2020,,,,,2025-11-03
패밀리1호태양광발전소,,"전북특별자치도 남원시 대강면 사석리 280-1, 279",,,,정상가동,99.54,380,60,2020,,,,,2025-11-03
패밀리2호태양광발전소,,전북특별자치도 남원시 대강면 사석리 279,,,,정상가동,99.54,380,60,2020,,,,,2025-11-03
패밀리3호태양광발전소,,"전북특별자치도 남원시 대강면 사석리 272, 273, 274",,,,정상가동,99.54,380,60,2020,,,,,2025-11-03
패밀리4호태양광발전소,,"전북특별자치도 남원시 대강면 사석리 272, 273, 274",,,,정상가동,99.54,380,60,2020,,,,,2025-11-03
패밀리5호태양광발전소,,"전북특별자치도 남원시 대강면 사석리 272, 273, 274",,,,정상가동,99.54,380,60,2020,,,,,2025-11-03
패밀리6호태양광발전소,,"전북특별자치도 남원시 대강면 사석리 273, 274",,,,정상가동,99.54,380,60,2020,,,,,2025-11-03
패밀리7호태양광발전소,,"전북특별자치도 남원시 대강면 사석리 273, 274, 275-1",,,,정상가동,99.54,380,60,2020,,,,,2025-11-03
화랑이엔지3 태양광발전소,,"전북특별자치도 남원시 보절면 금다리 915-28, 915-29",,,,정상가동,499.77,22900,60,2020,,,,,2025-11-03
화랑이엔지7 태양광발전소,,전북특별자치도 남원시 보절면 금다리 915-29,,,,정상가동,499.77,22900,60,2020,,,,,2025-11-03
인숙1 태양광발전소,,전북특별자치도 남원시 보절면 금다리 915-29,,,,정상가동,499.77,22900,60,2020,,,,,2025-11-03
인숙2 태양광발전소,,전북특별자치도 남원시 보절면 금다리 915-29,,,,정상가동,499.77,22900,60,2020,,,,,2025-11-03
화랑이엔지4 태양광발전소,,전북특별자치도 남원시 보절면 금다리 915-29,,,,정상가동,499.77,22900,60,2020,,,,,2025-11-03
향촌1 태양광발전소,,"전북특별자치도 남원시 내척동 621-1, 550-1, 547",,,,정상가동,199.51,380,60,2020,,,,,2025-11-03
향촌2 태양광발전소,,"전북특별자치도 남원시 내척동 621-1, 550-1",,,,정상가동,199.51,380,60,2020,,,,,2025-11-03
향촌3 태양광발전소,,전북특별자치도 남원시 내척동 621-1,,,,정상가동,99.4,380,60,2020,,,,,2025-11-03
감초태양광발전소,,전북특별자치도 남원시 주천면 배덕리 76-1,,,,정상가동,324.87,380,60,2020,,,,,2025-11-03
시온태양광발전소,,전북특별자치도 남원시 주천면 배덕리 76-1,,,,정상가동,258.23,380,60,2020,,,,,2025-11-03
세온태양광발전소,,전북특별자치도 남원시 주천면 배덕리 76-1,,,,정상가동,199.92,380,60,2020,,,,,2025-11-03
시은태양광발전소,,전북특별자치도 남원시 주천면 배덕리 76-1,,,,정상가동,199.92,380,60,2020,,,,,2025-11-03
율트리오태양광발전소,,전북특별자치도 남원시 주천면 배덕리 76-1,,,,정상가동,233.24,380,60,2020,,,,,2025-11-03
민들레태양광발전소,,전북특별자치도 남원시 주천면 배덕리 76-1,,,,정상가동,99.96,380,60,2020,,,,,2025-11-03
NS파워플랜트태양광발전소,,전북특별자치도 남원시 주천면 배덕리 76-1,,,,정상가동,99.96,380,60,2020,,,,,2025-11-03
후후에너지태양광발전소,,전북특별자치도 남원시 주천면 배덕리 76-1,,,,정상가동,99.96,380,60,2020,,,,,2025-11-03
피앤케이태양광발전소,,전북특별자치도 남원시 주천면 배덕리 76-1,,,,정상가동,99.96,380,60,2020,,,,,2025-11-03
HS태양광발전소,,전북특별자치도 남원시 주천면 배덕리 76-1,,,,정상가동,99.96,380,60,2020,,,,,2025-11-03
JS파워플랜트태양광발전소,,전북특별자치도 남원시 주천면 배덕리 76-1,,,,정상가동,99.96,380,60,2020,,,,,2025-11-03
세웅태양광에너지태양광발전소,,전북특별자치도 남원시 주천면 배덕리 76-1,,,,정상가동,99.96,380,60,2020,,,,,2025-11-03
배르솔라태양광발전소,,전북특별자치도 남원시 주천면 배덕리 76-1,,,,정상가동,99.96,380,60,2020,,,,,2025-11-03
시후태양광발전소,,전북특별자치도 남원시 주천면 배덕리 76-1,,,,정상가동,99.96,380,60,2020,,,,,2025-11-03
서원태양광발전소,,전북특별자치도 남원시 주천면 배덕리 76-1,,,,정상가동,99.96,380,60,2020,,,,,2025-11-03
화정매일에너지,,"전북특별자치도 남원시 사매면 화정리 444, 445",,,,정상가동,259,380,60,2020,,,,,2025-11-03
생암리이은경1호,,전북특별자치도 남원시 대강면 생암리 553-2,,,,정상가동,99.6,380,60,2020,,,,,2025-11-03
생암리이은경2호,,전북특별자치도 남원시 대강면 생암리 553-2,,,,정상가동,99.6,380,60,2020,,,,,2025-11-03
생암리이은경3호,,전북특별자치도 남원시 대강면 생암리 553-2,,,,정상가동,99.6,380,60,2020,,,,,2025-11-03
풍곡1태양광발전소,,"전북특별자치도 남원시 산동면 목동리 133, 134, 136, 138, 139",,,,정상가동,699.34,22900,60,2020,,,,,2025-11-03
풍곡2태양광발전소,,"전북특별자치도 남원시 산동면 목동리 146, 148, 147",,,,정상가동,499.32,380,60,2020,,,,,2025-11-03
풍곡3태양광발전소,,전북특별자치도 남원시 산동면 목동리 141,,,,정상가동,299.3,380,60,2020,,,,,2025-11-03
풍곡4태양광발전소,,전북특별자치도 남원시 산동면 목동리 150,,,,정상가동,149.65,380,60,2020,,,,,2025-11-03
동수태양광발전소,,전북특별자치도 남원시 사매면 대신리 382,,,,정상가동,99.84,380,60,2020,,,,,2025-11-03
진주태양광발전소,,전북특별자치도 남원시 사매면 대신리 33,,,,정상가동,99.84,380,60,2020,,,,,2025-11-03
남창25태양광발전소,,"전북특별자치도 남원시 수지면 남창리 376, 376-3",,,,정상가동,23.31,380,60,2020,,,,,2025-11-03
대웅4태양광발전소,,전북특별자치도 남원시 이백면 강기리 469,,,,정상가동,99.38,380,60,2020,,,,,2025-11-03
화랑이엔지6 태양광발전소,,전북특별자치도 남원시 송동면 세전리 680,,,,정상가동,99.56,380,60,2020,,,,,2025-11-03
사석1호태양광발전소,,전북특별자치도 남원시 대강면 사석리 292-2,,,,정상가동,99,380,60,2020,,,,,2025-11-03
사석2호태양광발전소,,전북특별자치도 남원시 대강면 사석리 292-2,,,,정상가동,99,380,60,2020,,,,,2025-11-03
행복한태양광발전소,,전북특별자치도 남원시 대강면 사석리 292-2,,,,정상가동,99,380,60,2020,,,,,2025-11-03
사석3호태양광발전소,,전북특별자치도 남원시 대강면 사석리 292-2,,,,정상가동,99,380,60,2020,,,,,2025-11-03
사석4호태양광발전소,,전북특별자치도 남원시 대강면 사석리 292-2,,,,정상가동,99,380,60,2020,,,,,2025-11-03
사석5호태양광발전소,,전북특별자치도 남원시 대강면 사석리 292-2,,,,정상가동,99,380,60,2020,,,,,2025-11-03
재학태양광발전소,,전북특별자치도 남원시 이백면 서곡리 597-5,,,,정상가동,19.53,380,60,2020,,,,,2025-11-03
성리1호태양광발전소,,전북특별자치도 남원시 아영면 성리 846-1,,,,정상가동,99.96,380,60,2020,,,,,2025-11-03
성리2호태양광발전소,,전북특별자치도 남원시 아영면 성리 846-1,,,,정상가동,99.96,380,60,2020,,,,,2025-11-03
성리3호태양광발전소,,전북특별자치도 남원시 아영면 성리 846-1,,,,정상가동,99.96,380,60,2020,,,,,2025-11-03
성리4호태양광발전소,,전북특별자치도 남원시 아영면 성리 846-1,,,,정상가동,99.96,380,60,2020,,,,,2025-11-03
성리5호태양광발전소,,전북특별자치도 남원시 아영면 성리 846-1,,,,정상가동,99.96,380,60,2020,,,,,2025-11-03
탑3호태양광발전소,,전북특별자치도 남원시 이백면 과립리 69 건물상부 (주1),,,,정상가동,99.4,380,60,2020,,,,,2025-11-03
봉용발전소,,전북특별자치도 남원시 대산면 옥율리 484-1,,,,정상가동,85.68,380,60,2020,,,,,2025-11-03
강해원1호발전소,,"전북특별자치도 남원시 대강면 수홍리 603, 604-1",,,,정상가동,99.4,380,60,2020,,,,,2025-11-03
강해원2호발전소,,"전북특별자치도 남원시 대강면 수홍리 603, 604-1",,,,정상가동,99.4,380,60,2020,,,,,2025-11-03
례오태양광발전소,,"전북특별자치도 남원시 금지면 옹정리 1458-5 건물상부 (주1, 주2)",,,,정상가동,499.38,380,60,2020,,,,,2025-11-03
대강농장태양광발전소,,"전북특별자치도 남원시 대강면 사석리 1961-5, 1961-6, 1961-16, 1961-8, 1961-9, 1961-10, 1961-11, 1961-12 건물상부 (주1, 주2)",,,,정상가동,499.2,380,60,2020,,,,,2025-11-03
진기태양광발전소,,"전북특별자치도 남원시 보절면 진기리 1460-8 건물상부 (주1, 부1, 부2)",,,,정상가동,499.11,380,60,2020,,,,,2025-11-03
대곡파써블1호,,"전북특별자치도 남원시 대산면 대곡리 산50-16, 산50-17, 산50-18, 산50-19",,,,정상가동,499,380,60,2020,,,,,2025-11-03
대곡파써블2호,,"전북특별자치도 남원시 대산면 대곡리 산50-13, 산50-14, 산50-15",,,,정상가동,400,380,60,2020,,,,,2025-11-03
해바라기내기2호태양광발전소,,"전북특별자치도 남원시 이백면 강기리 326, 329-1,329-2",,,,정상가동,99.2,380,60,2020,,,,,2025-11-03
해바라기내기3호태양광발전소,,"전북특별자치도 남원시 이백면 강기리 326, 329-1",,,,정상가동,99.2,380,60,2020,,,,,2025-11-03
해바라기내기4호태양광발전소,,"전북특별자치도 남원시 이백면 강기리 326, 327",,,,정상가동,99.2,380,60,2020,,,,,2025-11-03
해바라기내기5호태양광발전소,,전북특별자치도 남원시 이백면 강기리 326,,,,정상가동,99.2,380,60,2020,,,,,2025-11-03
해바라기내기6호태양광발전소,,"전북특별자치도 남원시 이백면 강기리 326, 327",,,,정상가동,99.2,380,60,2020,,,,,2025-11-03
수지7호태양광발전소,,"전북특별자치도 남원시 수지면 산정리 901, 900-1, 902-1, 973-10, 1047, 1047-1, 1047-2 건물상부 (주1, 부1)",,,,정상가동,277.2,380,60,2020,,,,,2025-11-03
사촌1호태양광발전소,,전북특별자치도 남원시 보절면 사촌리 144,,,,정상가동,99.4,380,60,2020,,,,,2025-11-03
사촌2호태양광발전소,,전북특별자치도 남원시 보절면 사촌리 143,,,,정상가동,99.4,380,60,2020,,,,,2025-11-03
형제9호태양광발전소,,전북특별자치도 남원시 덕과면 덕촌리 1015 건물상부,,,,정상가동,170,380,60,2020,,,,,2025-11-03
덕양태양광발전소,,전북특별자치도 남원시 산동면 목동리 543-12,,,,정상가동,145.27,380,60,2020,,,,,2025-11-03
지평공1호태양광발전소,,"전북특별자치도 남원시 사매면 대신리 32-1, 32-2, 32-3",,,,정상가동,99.51,380,60,2020,,,,,2025-11-03
지평공2호태양광발전소,,전북특별자치도 남원시 사매면 대신리 32-3,,,,정상가동,99.51,380,60,2020,,,,,2025-11-03
지평공3호태양광발전소,,전북특별자치도 남원시 사매면 대신리 32-3,,,,정상가동,99.51,380,60,2020,,,,,2025-11-03
지평공4호태양광발전소,,전북특별자치도 남원시 사매면 대신리 32-9,,,,정상가동,99.51,380,60,2020,,,,,2025-11-03
성산1호태양광발전소,,전북특별자치도 남원시 사매면 대신리 35,,,,정상가동,99.51,380,60,2020,,,,,2025-11-03
동수1호태양광발전소,,전북특별자치도 남원시 사매면 대신리 4,,,,정상가동,99.51,380,60,2020,,,,,2025-11-03
동수2호태양광발전소,,전북특별자치도 남원시 사매면 대신리 4,,,,정상가동,99.51,380,60,2020,,,,,2025-11-03
목원 태양광발전소,,전북특별자치도 남원시 대산면 풍촌리 280,,,,정상가동,99.4,380,60,2020,,,,,2025-11-03
현화네태양광발전소,,전북특별자치도 남원시 아영면 봉대리 850-1 건물상부 (주1),,,,정상가동,99.2,380,60,2020,,,,,2025-11-03
이지태양광발전소,,"전북특별자치도 남원시 운봉읍 화수리 152 건물상부 (주1, 주2, 부1)",,,,정상가동,499.59,380,60,2020,,,,,2025-11-03
현승태양광발전소,,"전북특별자치도 남원시 대강면 사석리 1730-2 건물상부 (주1, 주2, 주3)",,,,정상가동,298.2,380,60,2020,,,,,2025-11-03
현승1호태양광발전소,,전북특별자치도 남원시 대강면 사석리 1730-2 건물상부 (주4),,,,정상가동,99.4,380,60,2020,,,,,2025-11-03
현승2호태양광발전소,,전북특별자치도 남원시 대강면 사석리 1730-2 건물상부 (주5),,,,정상가동,99.4,380,60,2020,,,,,2025-11-03
솔라에너지1태양광발전소,,"전북특별자치도 남원시 대강면 사석리 370, 372, 373-1 건물상부 (주1, 주2)",,,,정상가동,99.54,380,60,2020,,,,,2025-11-03
솔라에너지2태양광발전소,,"전북특별자치도 남원시 대강면 사석리 370, 372, 373-1 건물상부 (주2, 주3)",,,,정상가동,99.54,380,60,2020,,,,,2025-11-03
솔라에너지3태양광발전소,,"전북특별자치도 남원시 대강면 사석리 370, 372, 373-1 건물상부 (주3, 주4)",,,,정상가동,74.34,380,60,2020,,,,,2025-11-03
솔라에너지4태양광발전소,,"전북특별자치도 남원시 대강면 사석리 370, 372, 373-1 건물상부 (주4, 주5)",,,,정상가동,99.54,380,60,2020,,,,,2025-11-03
파태양광발전소,,"전북특별자치도 남원시 노암동 851-3, 857-1, 857-2, 857-3, 857-4, 858-1, 861-1, 861-3, 861-4, 897 건물상부 (주1)",,,,정상가동,399.42,380,60,2020,,,,,2025-11-03
이글태양광발전소,,"전북특별자치도 남원시 노암동 851-3, 857-1, 857-2, 857-3, 857-4, 858-1, 861-1, 861-3, 861-4, 897 건물상부 (주1)",,,,정상가동,399.42,380,60,2020,,,,,2025-11-03
버디태양광발전소,,"전북특별자치도 남원시 노암동 851-3, 857-1, 857-2, 857-3, 857-4, 858-1, 861-1, 861-3, 861-4, 897 건물상부 (주1)",,,,정상가동,399.42,380,60,2020,,,,,2025-11-03
승희태양광발전소,,전북특별자치도 남원시 수지면 호곡리 1303 건물상부 (주1),,,,정상가동,297.5,380,60,2020,,,,,2025-11-03
두농10호태양광발전소,,전북특별자치도 남원시 금지면 택내리 331-95 건물상부 (주1),,,,정상가동,58.42,380,60,2020,,,,,2025-11-03
상범태양광발전소,,전북특별자치도 남원시 보절면 신파리 3-11,,,,정상가동,999.6,22900,60,2020,,,,,2025-11-03
으뜸태양광발전소,,전북특별자치도 남원시 보절면 신파리 868-1,,,,정상가동,34.02,380,60,2020,,,,,2025-11-03
안터1호태양광발전소,,전북특별자치도 남원시 사매면 월평리 232-1,,,,정상가동,99.51,380,60,2020,,,,,2025-11-03
안터2호태양광발전소,,전북특별자치도 남원시 사매면 월평리 232-1,,,,정상가동,99.51,380,60,2020,,,,,2025-11-03
안터3호태양광발전소,,전북특별자치도 남원시 사매면 월평리 232-3,,,,정상가동,99.51,380,60,2020,,,,,2025-11-03
송해1태양광발전소,,전북특별자치도 남원시 대산면 운교리 670-1 건물상부(주1),,,,정상가동,25.2,380,60,2020,,,,,2025-11-03
송해2태양광발전소,,전북특별자치도 남원시 대산면 운교리 670-1,,,,정상가동,14.49,220,60,2020,,,,,2025-11-03
참4호태양광발전소,,전북특별자치도 남원시 아영면 성리 842-3,,,,정상가동,99.7,380,60,2020,,,,,2025-11-03
참9호태양광발전소,,전북특별자치도 남원시 아영면 성리 842,,,,정상가동,99.7,380,60,2020,,,,,2025-11-03
참10호태양광발전소,,전북특별자치도 남원시 아영면 성리 842,,,,정상가동,99.7,380,60,2020,,,,,2025-11-03
참12호태양광발전소,,전북특별자치도 남원시 아영면 성리 842,,,,정상가동,99.7,380,60,2020,,,,,2025-11-03
참13호태양광발전소,,전북특별자치도 남원시 아영면 성리 842,,,,정상가동,99.7,380,60,2020,,,,,2025-11-03
참5호태양광발전소,,전북특별자치도 남원시 아영면 성리 842-3,,,,정상가동,99.7,380,60,2020,,,,,2025-11-03
참6호태양광발전소,,전북특별자치도 남원시 아영면 성리 842-3,,,,정상가동,99.7,380,60,2020,,,,,2025-11-03
참7호태양광발전소,,전북특별자치도 남원시 아영면 성리 842-3,,,,정상가동,99.7,380,60,2020,,,,,2025-11-03
참8호태양광발전소,,전북특별자치도 남원시 아영면 성리 842,,,,정상가동,99.7,380,60,2020,,,,,2025-11-03
산들11호태양광발전소,,전북특별자치도 남원시 보절면 신파리 산23-12,,,,정상가동,399,380,60,2020,,,,,2025-11-03
가랑수발전소,,전북특별자치도 남원시 수지면 고평리 1462-1 건물상부(주1),,,,정상가동,26.46,380,60,2020,,,,,2025-11-03
블레싱2호태양광발전소,,전북특별자치도 남원시 보절면 금다리 927 건물상부 (주1),,,,정상가동,44.45,380,60,2020,,,,,2025-11-03
임리6호기태양광발전소,,"전북특별자치도 남원시 운봉읍 임리 105, 106-1, 107-1",,,,정상가동,99.84,380,60,2020,,,,,2025-11-03
임리7호기태양광발전소,,"전북특별자치도 남원시 운봉읍 임리 110, 111-1",,,,정상가동,99.84,380,60,2020,,,,,2025-11-03
장안1태양광발전소,,전북특별자치도 남원시 내척동 584,,,,정상가동,99.4,380,60,2020,,,,,2025-11-03
장안2태양광발전소,,전북특별자치도 남원시 내척동 584,,,,정상가동,99.4,380,60,2020,,,,,2025-11-03
수남태양광발전소,,전북특별자치도 남원시 산동면 목동리 130,,,,정상가동,99.28,380,60,2020,,,,,2025-11-03
종천태양광발전소,,전북특별자치도 남원시 산동면 목동리 130,,,,정상가동,99.28,380,60,2020,,,,,2025-11-03
도통동정부균발전소,,전북특별자치도 남원시 도통동 537-6 건물상부 (주1동),,,,정상가동,19.6,220,60,2020,,,,,2025-11-03
재선1호발전소,,전북특별자치도 남원시 주천면 주천리 1016 건물상부,,,,정상가동,99,380,60,2020,,,,,2025-11-03
재선2호발전소,,전북특별자치도 남원시 주천면 주천리 1016 건물상부,,,,정상가동,99,380,60,2020,,,,,2025-11-03
대곡태양광발전소1호,,전북특별자치도 남원시 대산면 대곡리 120,,,,정상가동,99.96,380,60,2020,,,,,2025-11-03
대곡태양광발전소2호,,전북특별자치도 남원시 대산면 대곡리 120,,,,정상가동,66.64,380,60,2020,,,,,2025-11-03
현 태양광발전소,,전북특별자치도 남원시 인월면 상우리 114-3,,,,정상가동,99.4,380,60,2020,,,,,2025-11-03
덕두3호발전소,,전북특별자치도 남원시 운봉읍 신기리 산41-3 건물상부 (주1),,,,정상가동,97.65,380,60,2020,,,,,2025-11-03
바람태양광발전소,,전북특별자치도 남원시 인월면 취암리 1-1,,,,정상가동,99.4,380,60,2020,,,,,2025-11-03
동원태양광발전소,,전북특별자치도 남원시 인월면 취암리 1-1,,,,정상가동,299.6,380,60,2020,,,,,2025-11-03
정화태양광발전소,,전북특별자치도 남원시 인월면 취암리 1-1,,,,정상가동,99.4,380,60,2020,,,,,2025-11-03
하늘태양광발전소,,전북특별자치도 남원시 인월면 취암리 1-1,,,,정상가동,99.4,380,60,2020,,,,,2025-11-03
윤택 태양광발전소,,전북특별자치도 남원시 하정동 78 건물상부,,,,정상가동,34.29,380,60,2020,,,,,2025-11-03
광농장4호 발전소,,전북특별자치도 남원시 운봉읍 주촌리 503 건물상부(주1),,,,정상가동,99.82,380,60,2020,,,,,2025-11-03
신화3호 발전소,,"전북특별자치도 남원시 운봉읍 신기리 809-1, 809-2, 818-1 건물상부(주1, 부2)",,,,정상가동,99.82,380,60,2020,,,,,2025-11-03
대율3호태양광발전소,,"전북특별자치도 남원시 사매면 대율리 241, 242",,,,정상가동,99.28,380,60,2020,,,,,2025-11-03
소율태양광발전소,,전북특별자치도 남원시 사매면 대율리 242,,,,정상가동,99.28,380,60,2020,,,,,2025-11-03
오상민1태양광,,전북특별자치도 남원시 주생면 정송리 337-1 건물상부,,,,정상가동,17.78,220,60,2020,,,,,2025-11-03
한마음1호태양광발전소,,"전북특별자치도 남원시 내척동 646-30, 649-92",,,,정상가동,155.52,380,60,2020,,,,,2025-11-03
한마음2호태양광발전소,,"전북특별자치도 남원시 내척동 646-30, 648-9, 649-88, 649-92, 649-91",,,,정상가동,168.96,380,60,2020,,,,,2025-11-03
한마음3호태양광발전소,,"전북특별자치도 남원시 내척동 646-30, 649-92",,,,정상가동,99.84,380,60,2020,,,,,2025-11-03
김혜숙 태양광발전소,,전북특별자치도 남원시 천거동 138 건물상부,,,,정상가동,40.32,380,60,2020,,,,,2025-11-03
용산공3호태양광발전소,,전북특별자치도 남원시 사매면 대신리 19-2,,,,정상가동,99.51,380,60,2020,,,,,2025-11-03
용산공4호태양광발전소,,전북특별자치도 남원시 사매면 대신리 19-2,,,,정상가동,99.51,380,60,2020,,,,,2025-11-03
써니4태양광발전소,,전북특별자치도 남원시 운봉읍 서천리 579 건물상부 (주1),,,,정상가동,64.77,380,60,2020,,,,,2025-11-03
오주형1호태양광발전소,,전북특별자치도 남원시 어현동 470-12 건물상부 (주1),,,,정상가동,33,380,60,2020,,,,,2025-11-03
오주형2호태양광발전소,,전북특별자치도 남원시 어현동 470-12 건물상부 (주2),,,,정상가동,45.36,380,60,2020,,,,,2025-11-03
주생제천새마을회관태양광발전소,,전북특별자치도 남원시 주생면 제천리 661-7 건물상부 (주1),,,,정상가동,39.69,380,60,2020,,,,,2025-11-03
인준태양광발전소,,전북특별자치도 남원시 보절면 사촌리 산80-23,,,,정상가동,99.4,380,60,2020,,,,,2025-11-03
병찬태양광발전소,,전북특별자치도 남원시 보절면 사촌리 산80-26,,,,정상가동,99.4,380,60,2020,,,,,2025-11-03
배덕9호태양광발전소,,전북특별자치도 남원시 주천면 배덕리 산156,,,,정상가동,499.59,380,60,2020,,,,,2025-11-03
배덕10호태양광발전소,,"전북특별자치도 남원시 주천면 배덕리 228-1, 산156",,,,정상가동,499.59,380,60,2020,,,,,2025-11-03
현송1호태양광발전소,,전북특별자치도 남원시 덕과면 용산리 457,,,,정상가동,99.54,380,60,2020,,,,,2025-11-03
현송2호태양광발전소,,전북특별자치도 남원시 덕과면 용산리 457,,,,정상가동,99.54,380,60,2020,,,,,2025-11-03
배덕8호태양광발전소,,"전북특별자치도 남원시 주천면 배덕리 252, 253-1, 253-2",,,,정상가동,399.42,380,60,2020,,,,,2025-11-03
용산공1호태양광발전소,,"전북특별자치도 남원시 사매면 대신리 25, 25-1",,,,정상가동,99.51,380,60,2020,,,,,2025-11-03
용산공2호태양광발전소,,"전북특별자치도 남원시 사매면 대신리 25, 25-1",,,,정상가동,99.51,380,60,2020,,,,,2025-11-03
주하태양광발전소,,전북특별자치도 남원시 덕과면 고정리 881,,,,정상가동,499.59,380,60,2020,,,,,2025-11-03
박훈8호태양광발전소,,"전북특별자치도 남원시 인월면 건지리 831-4, 831-5, 831-6, 831-20, 831-21, 831-22, 954-2 건물상부 (주2, 주3)",,,,정상가동,499.59,380,60,2020,,,,,2025-11-03
박훈9호태양광발전소,,"전북특별자치도 남원시 인월면 건지리 831-4, 831-5, 831-6, 831-20, 831-21, 831-22, 954-2 건물상부 (주2)",,,,정상가동,99.54,380,60,2020,,,,,2025-11-03
박훈10호태양광발전소,,"전북특별자치도 남원시 인월면 건지리 831-4, 831-5, 831-6, 831-20, 831-21, 831-22, 954-2 건물상부 (주1)",,,,정상가동,299.88,380,60,2020,,,,,2025-11-03
박훈11호태양광발전소,,"전북특별자치도 남원시 인월면 건지리 954, 954-1, 954-3 건물상부 (주1)",,,,정상가동,99.54,380,60,2020,,,,,2025-11-03
허경욱태양광,,전북특별자치도 남원시 보절면 신파리 226-148 건물상부,,,,정상가동,15.24,220,60,2020,,,,,2025-11-03
상동1호태양광발전소,,전북특별자치도 남원시 주생면 상동리 518-3 건물상부,,,,정상가동,19.2,220,60,2020,,,,,2025-11-03
박훈4호태양광발전소,,전북특별자치도 남원시 덕과면 덕촌리 402,,,,정상가동,299.52,380,60,2020,,,,,2025-11-03
정의1호태양광발전소,,전북특별자치도 남원시 인월면 인월리 269-3 건물상부 (주1),,,,정상가동,10.24,380,60,2020,,,,,2025-11-03
정의2호태양광발전소,,전북특별자치도 남원시 인월면 인월리 269-2 건물상부 (주1),,,,정상가동,19.84,220,60,2020,,,,,2025-11-03
잠밭태양광,,전북특별자치도 남원시 수지면 남창리 1489 건물상부 (주1),,,,정상가동,66.27,380,60,2020,,,,,2025-11-03
대원8호태양광발전소,,전북특별자치도 남원시 주천면 주천리 617-4 건물상부,,,,정상가동,99.54,380,60,2020,,,,,2025-11-03
하늘1호태양광발전소,,"전북특별자치도 남원시 주천면 용궁리 120-1, 120-2 건물상부 (부1)",,,,정상가동,29.44,380,60,2020,,,,,2025-11-03
안평2호태양광발전소,,"전북특별자치도 남원시 보절면 진기리 1386, 1385-4 건물상부 (주1, 부1)",,,,정상가동,44.8,380,60,2020,,,,,2025-11-03
석철태양광발전소,,"전북특별자치도 남원시 운봉읍 매요리 662, 663 건물상부 (부3)",,,,정상가동,30.08,380,60,2020,,,,,2025-11-03
용암14호태양광발전소,,전북특별자치도 남원시 대강면 평촌리 409-12,,,,정상가동,198.8,380,60,2020,,,,,2025-11-03
용암15호태양광발전소,,전북특별자치도 남원시 대강면 평촌리 409-12,,,,정상가동,299.62,380,60,2020,,,,,2025-11-03
용암16호태양광발전소,,전북특별자치도 남원시 대강면 평촌리 409-12,,,,정상가동,198.8,380,60,2020,,,,,2025-11-03
용암17호태양광발전소,,전북특별자치도 남원시 대강면 평촌리 409-12,,,,정상가동,198.8,380,60,2020,,,,,2025-11-03
용암18호태양광발전소,,전북특별자치도 남원시 대강면 평촌리 409-12,,,,정상가동,198.8,380,60,2020,,,,,2025-11-03
용암19호태양광발전소,,전북특별자치도 남원시 대강면 평촌리 409-12,,,,정상가동,99.4,380,60,2020,,,,,2025-11-03
용암20호태양광발전소,,전북특별자치도 남원시 대강면 평촌리 409-12,,,,정상가동,299.62,380,60,2020,,,,,2025-11-03
용암21호태양광발전소,,전북특별자치도 남원시 대강면 평촌리 409-12,,,,정상가동,299.62,380,60,2020,,,,,2025-11-03
용암22호태양광발전소,,전북특별자치도 남원시 대강면 평촌리 409-12,,,,정상가동,198.8,380,60,2020,,,,,2025-11-03
용암23호태양광발전소,,전북특별자치도 남원시 대강면 평촌리 409-12,,,,정상가동,198.8,380,60,2020,,,,,2025-11-03
이용칠태양광,,전북특별자치도 남원시 사매면 대율리 631,,,,정상가동,12.7,220,60,2020,,,,,2025-11-03
안터원태양광발전소,,"전북특별자치도 남원시 사매면 월평리 839, 841 건물상부 (부2)",,,,정상가동,44.8,380,60,2020,,,,,2025-11-03
만이5호태양광발전소,,"전북특별자치도 남원시 송동면 송내리 949-14, 949-15 건물상부(주1)",,,,정상가동,14.61,380,60,2020,,,,,2025-11-03
미래1호태양광발전소,,전북특별자치도 남원시 금지면 옹정리 575-1 건물상부(주1),,,,정상가동,19.2,380,60,2020,,,,,2025-11-03
성우태양광발전소,,"전북특별자치도 남원시 조산동 528 건물상부 (주1,주2)",,,,정상가동,29.44,380,60,2020,,,,,2025-11-03
오연수태양광,,전북특별자치도 남원시 운봉읍 덕산리 467-3,,,,정상가동,15.24,380,60,2020,,,,,2025-11-03
오재삼태양광,,전북특별자치도 남원시 운봉읍 덕산리 461-1,,,,정상가동,30.48,380,60,2020,,,,,2025-11-03
나종선태양광발전소,,전북특별자치도 남원시 보절면 황벌리 232-2 건물상부(주1),,,,정상가동,26.88,380,60,2020,,,,,2025-11-03
충석1호,,전북특별자치도 남원시 산내면 장항리 727 건물상부(주1),,,,정상가동,99,380,60,2020,,,,,2025-11-03
입석1호태양광발전소,,전북특별자치도 남원시 산내면 입석리 507,,,,정상가동,19.53,220,60,2020,,,,,2025-11-03
입석2호태양광발전소,,전북특별자치도 남원시 산내면 입석리 508,,,,정상가동,9.45,220,60,2020,,,,,2025-11-03
입석3호태양광발전소,,전북특별자치도 남원시 산내면 입석리 617,,,,정상가동,24.57,220,60,2020,,,,,2025-11-03
송백1호태양광발전소,,"전북특별자치도 남원시 송동면 신평리 721, 721-1, 721-2 건물상부 (주2)",,,,정상가동,99.76,380,60,2020,,,,,2025-11-03
송백2호태양광발전소,,"전북특별자치도 남원시 송동면 신평리 721, 721-1, 721-2 건물상부 (주1)",,,,정상가동,147.9,380,60,2020,,,,,2025-11-03
송백3호태양광발전소,,전북특별자치도 남원시 송동면 신평리 729-1 건물상부 (주1),,,,정상가동,199.52,380,60,2020,,,,,2025-11-03
호박2호태양광발전소,,전북특별자치도 남원시 도통동 566-2 건물상부,,,,정상가동,25.6,380,60,2020,,,,,2025-11-03
서기성태양광,,전북특별자치도 남원시 인월면 서무리 695-5 건물상부,,,,정상가동,15.24,380,60,2020,,,,,2025-11-03
춘근이태양광발전소,,전북특별자치도 남원시 이백면 서곡리 96-4 건물상부 (주1),,,,정상가동,18.56,380,60,2020,,,,,2025-11-03
오주형3호태양광발전소,,전북특별자치도 남원시 어현동 470-12 건물상부(주1),,,,정상가동,30.08,380,60,2020,,,,,2025-11-03
노적봉태양광발전소,,"전북특별자치도 남원시 사매면 월평리 289-96 건물상부(주1, 주2, 부1)",,,,정상가동,35.84,380,60,2020,,,,,2025-11-03
현대농산태양광발전소,,전북특별자치도 남원시 식정동 478-3 건물상부(주1),,,,정상가동,19.84,380,60,2020,,,,,2025-11-03
다원태양광발전소,,전북특별자치도 남원시 도통동 507-5 건물상부,,,,정상가동,19.2,220,60,2020,,,,,2025-11-03
호남태양광발전소,,전북특별자치도 남원시 용정동 569-1 건물상부(부1),,,,정상가동,26.88,380,60,2020,,,,,2025-11-03
혜전태양광발전소,,전북특별자치도 남원시 인월면 서무리 696-8 건물상부,,,,정상가동,19.2,380,60,2020,,,,,2025-11-03
태진태양광발전소,,전북특별자치도 남원시 하정동 88 건물상부,,,,정상가동,38.4,380,60,2020,,,,,2025-11-03
엘비에스태양광발전소,,전북특별자치도 남원시 산내면 장항리 257 건물상부,,,,정상가동,19.84,220,60,2020,,,,,2025-11-03
운봉태양광발전소,,"전북특별자치도 남원시 금동 418-12 건물상부(주1,주2)",,,,정상가동,32,380,60,2020,,,,,2025-11-03
안계5호태양광발전소,,"전북특별자치도 남원시 송동면 흑송리 88, 89, 68-1 건물상부(주1)",,,,정상가동,19.2,380,60,2020,,,,,2025-11-03
