태양광발전시설명,소재지도로명주소,소재지지번주소,위도,경도,설치상세위치구분명,가동상태구분명,설비용량,공급전압,주파수,설치연도,세부용도,허가일자,허가기관,설치면적,데이터기준일자
광대 태양광발전소,전북특별자치도 고창군 대산면 광대신평길 50,,35.3570791188272,126.567652738727,,정상가동,30.06,380,60,2024,,2023-11-15,,,2024-05-22
하늘태양광발전소,전북특별자치도 고창군 신림면 평월1길 68-246,,35.4840942873749,126.694515266229,,정상가동,30.0,380,60,2024,,2023-11-09,,,2024-05-22
손**2호 태양광발전소,전북특별자치도 고창군 대산면 매산초등길 6,,35.3407438825803,126.597616048611,,정상가동,19.64,380,60,2024,,2023-10-16,,,2024-05-22
해란1호 태양광발전소,전북특별자치도 고창군 대산면 신기1길 66,,35.335381848535,126.556632545004,,정상가동,26.95,220,60,2023,,2023-10-12,,,2024-05-22
솔담 태양광발전소,전북특별자치도 고창군 부안면 복분자로 317,,35.502564909481,126.628083200223,,정상가동,15.0,380,60,2024,,2023-10-04,,,2024-05-22
황금 태양광발전소,전북특별자치도 고창군 부안면 복분자로 315,,35.5026464715427,126.627876711474,,정상가동,15.0,380,60,2024,,2023-10-04,,,2024-05-22
대신 태양광발전소,전북특별자치도 고창군 고창읍 보릿골로 57-7,,35.4303563197297,126.694265295813,,정상가동,45.0,380,60,2023,,2023-10-04,,,2024-05-22
정안태양광,전북특별자치도 고창군 성내면 외토길 75-14,,35.5416618585523,126.754092101779,,정상가동,26.0,380,60,2024,,2023-09-01,,,2024-05-22
미란 태양광발전소,전북특별자치도 고창군 고창읍 월곡로 38,,35.4350565518991,126.711277847325,,정상가동,64.9,380,60,2023,,2023-07-27,,,2024-05-22
고수 태양광발전소,전북특별자치도 고창군 고수면 상복2길 69,,35.4240565455575,126.641672368672,,정상가동,30.0,380,60,2023,,2023-07-17,,,2024-05-22
조**2호 태양광발전소,전북특별자치도 고창군 고창읍 덕산길 3-75,,35.4243928556804,126.684074955947,,정상가동,29.75,380,60,2023,,2023-07-13,,,2024-05-22
오산3호 태양광발전소,전북특별자치도 고창군 고수면 오산학산로 140-11,,35.3973971612652,126.651101801198,,정상가동,52.92,380,60,2023,,2023-06-22,,,2024-05-22
초원농장1호 태양광발전소,전북특별자치도 고창군 공음면 복흥길 36-32,,35.3512441042959,126.524445924305,,정상가동,29.75,380,60,2023,,2023-05-16,,,2024-05-22
덕암농장1호 태양광발전소,전북특별자치도 고창군 공음면 예전황산길 180-48,,35.3557870508129,126.517379753866,,정상가동,44.63,380,60,2023,,2023-05-16,,,2024-05-22
대산1호 태양광발전소,전북특별자치도 고창군 대산면 율촌길 139,,35.3305097299572,126.576028830907,,정상가동,99.0,380,60,2023,,2023-05-04,,,2024-05-22
(유)설원(선동에너지),전북특별자치도 고창군 공음면 원선동길 13,,35.3704766569684,126.550810372883,,정상가동,20.09,380,60,2023,,2023-05-04,,,2024-05-22
공음주 태양광발전소,전북특별자치도 고창군 공음면 선운대로 31,,35.3826162914303,126.508411083635,,정상가동,19.64,380,60,2023,,2023-04-17,,,2024-05-22
더블유10호,전북특별자치도 고창군 흥덕면 선운대로 3619-62,,35.5171184207762,126.689667598864,,정상가동,74.97,380,60,2023,,2023-04-12,,,2024-05-22
화평태양광발전소,전북특별자치도 고창군 고창읍 보릿골로 108,,35.4348525051505,126.695719176691,,정상가동,19.72,380,60,2023,,2023-03-07,,,2024-05-22
성산에너지 태양광발전소,전북특별자치도 고창군 고창읍 동리로 10,,35.4331407575722,126.693308016567,,정상가동,33.32,380,60,2023,,2023-03-07,,,2024-05-22
담마 태양광발전소,전북특별자치도 고창군 고창읍 중앙로 330,,35.4345654096116,126.711874953459,,정상가동,75.52,380,60,2023,,2023-02-06,,,2024-05-22
고창현민태양광발전소,,전북특별자치도 고창군 성내면 월성리 432-1,35.54095706605,126.761008073847,,정상가동,29.58,380,60,2024,,2023-01-19,,,2024-05-22
다온1호 태양광발전소,,전북특별자치도 고창군 부안면 수앙리 877-3,35.5514665479033,126.657557047681,,정상가동,75.0,380,60,2023,,2022-12-07,,,2024-05-22
한일태양광발전소,전북특별자치도 고창군 무장면 학천로 141,,35.4123702781852,126.576047055411,,정상가동,56.64,380,60,2023,,2022-12-05,,,2024-05-22
엘 태양광발전소,전북특별자치도 고창군 고창읍 상원사길 1-29,,35.4331743955437,126.718286064528,,정상가동,29.5,380,60,2023,,2022-11-03,,,2024-05-22
정숙태양광발전소,전북특별자치도 고창군 심원면 동전길 7,,35.5384074485523,126.565794305156,,정상가동,17.7,380,60,2022,,2022-08-11,,,2024-05-22
오정애태양광발전소,전북특별자치도 고창군 고창읍 중앙로 272,,35.4348220530725,126.705317979221,,정상가동,20.0,380,60,2023,,2022-08-11,,,2024-05-22
나경태양광발전소,전북특별자치도 고창군 흥덕면 송암3길 18-11,,35.5090702459907,126.719134548326,,정상가동,19.47,380,60,2022,,2022-08-04,,,2024-05-22
신선생태양광발전소,,전북특별자치도 고창군 무장면 옥산리 818-1,35.3987131165418,126.584690292558,,정상가동,29.9,380,60,2022,,2022-06-08,,,2024-05-22
서독태양광발전소,전북특별자치도 고창군 고창읍 중앙로 201,,35.4353692604765,126.697597468533,,정상가동,14.5,380,60,2022,,2022-05-31,,,2024-05-22
정애3호태양광발전소,전북특별자치도 고창군 성내면 선운대로 4377-10,,35.5500600178394,126.757087636018,,정상가동,18.0,380,60,2023,,2022-05-17,,,2024-05-22
송암교회태양광발전소,전북특별자치도 고창군 흥덕면 빈월산길 46,,35.5120768006351,126.716508226859,,정상가동,21.0,380,60,2023,,2022-03-22,,,2024-05-22
희망2호태양광발전소,전북특별자치도 고창군 대산면 지석남당길 133-45,,35.3077393603526,126.585954818053,,정상가동,29.5,380,60,2023,,2022-02-08,,,2024-05-22
초복2태양광발전소,전북특별자치도 고창군 부안면 질마재로 270-13,,35.52573466922,126.6320004243,,정상가동,44.64,380,60,2022,,2021-11-22,,,2024-05-22
미래2태양광발전소,전북특별자치도 고창군 부안면 질마재로 270-13,,35.52573466922,126.6320004243,,정상가동,74.88,380,60,2022,,2021-11-22,,,2024-05-22
상부태양광,전북특별자치도 고창군 해리면 하부길 16-12,,35.4966670179823,126.473106750245,,정상가동,99.0,380,60,2021,,2021-11-16,,,2024-05-22
이**태양광발전소,전북특별자치도 고창군 부안면 인촌로 818-6,,35.5434238309894,126.651704346043,,정상가동,18.4,380,60,2022,,2021-11-09,,,2024-05-22
사반태양광발전소,전북특별자치도 고창군 해리면 사반로 182,,35.4774849440938,126.493674467352,,정상가동,14.72,380,60,2022,,2021-11-09,,,2024-05-22
시중2호태양광발전소,전북특별자치도 고창군 대산면 대산길 74,,35.3428773251529,126.599055532417,,정상가동,19.57,380,60,2022,,2021-11-09,,,2024-05-22
시중1호태양광발전소,전북특별자치도 고창군 대산면 대산길 69-14,,35.3416662814407,126.598641089598,,정상가동,29.58,380,60,2022,,2021-11-09,,,2024-05-22
연지재1호태양광발전소,전북특별자치도 고창군 아산면 녹두로 469-32,,35.4357452554092,126.605703851741,,정상가동,14.56,380,60,2022,,2021-09-09,,,2024-05-22
황**태양광발전소,전북특별자치도 고창군 상하면 용정용산길 22,,35.4534451319265,126.46099064862,,정상가동,19.57,380,60,2021,,2021-09-08,,,2024-05-22
국탁태양광발전소,전북특별자치도 고창군 고창읍 덕산월계길 8,,35.4346057903145,126.68251166563,,정상가동,19.57,380,60,2021,,2021-09-08,,,2024-05-22
인성태양광발전소,전북특별자치도 고창군 상하면 서당2길 13,,35.4498815409603,126.461208383047,,정상가동,19.78,380,60,2021,,2021-09-06,,,2024-05-22
명동태양광발전소,전북특별자치도 고창군 상하면 명동2길 33,,35.4444765767467,126.491350458309,,정상가동,19.79,380,60,2021,,2021-08-05,,,2024-05-22
양**태양광발전소,전북특별자치도 고창군 고창읍 남정7길 18-4,,35.4326949332388,126.700512029349,,정상가동,19.98,380,630,2021,,2021-08-04,,,2024-05-22
정애2호태양광발전소,전북특별자치도 고창군 성내면 선운대로 4377-21,,35.5502926096961,126.756847502838,,정상가동,29.9,380,60,2022,,2021-07-12,,,2024-05-22
정애1호태양광발전소,,전북특별자치도 고창군 성내면 월성리 409-5,35.5490920014449,126.756005574999,,정상가동,49.68,380,60,2022,,2021-07-12,,,2024-05-22
다**태양광발전소,전북특별자치도 고창군 흥덕면 효감천로 290,,35.5122154923627,126.713752107004,,정상가동,37.24,380,60,2021,,2021-07-12,,,2024-05-22
워니9호태양광발전소,전북특별자치도 고창군 흥덕면 용반안길 21-7,,35.5622791824106,126.708714920625,,정상가동,29.92,380,60,2022,,2021-06-18,,,2024-05-22
봉산4호태양광,,전북특별자치도 고창군 고수면 봉산리 1218,35.4231118679009,126.683716145961,,정상가동,45.0,380,60,2021,,2021-06-08,,,2024-05-22
고창 노** 태양광발전소,,전북특별자치도 고창군 고창읍 덕산리 329-1,,,,정상가동,28.48,380,60,2021,,2021-06-08,,,2024-05-22
공주태양광발전소,,전북특별자치도 고창군 공음면 덕암리 717,35.3318488290834,126.518798506628,,정상가동,29.96,380,60,2021,,2021-05-12,,,2024-05-22
만경태양광발전소,,전북특별자치도 고창군 상하면 석남리 179,35.4388468801631,126.47251756159,,정상가동,19.76,380,60,2021,,2021-05-12,,,2024-05-22
인촌 태양광발전소,전북특별자치도 고창군 부안면 인촌로 475,,35.5565371513233,126.62432691228,,정상가동,30.0,380,60,2021,,2021-04-27,,,2024-05-22
김** 발전소,전북특별자치도 고창군 상하면 진암구시포로 413,,35.4415004864206,126.448727406899,,정상가동,16.0,380,60,2021,,2021-04-26,,,2024-05-22
덕정태양광,,전북특별자치도 고창군 고창읍 덕정리 134동,35.4489348050637,126.673567035308,,정상가동,29.33,380,60,2021,,2021-03-24,,,2024-05-22
수영태양광,전북특별자치도 고창군 신림면 고인돌대로 2129-1,,35.4687997575706,126.696818369975,,정상가동,20.0,380,60,2021,,2021-03-18,,,2024-05-22
김**발전소,전북특별자치도 고창군 부안면 농원길 92-9,,35.5596386445019,126.630732706342,,정상가동,19.2,380,60,2022,,2021-03-18,,,2024-05-22
미당태양광발전소,,전북특별자치도 고창군 해리면 왕촌리 1499,35.4694001593658,126.515967118097,,정상가동,75.0,380,60,2021,,2021-03-18,,,2024-05-22
NJ태양광발전소,전북특별자치도 고창군 성내면 시기1길 41,,35.5397484801418,126.740244928533,,정상가동,14.45,220,60,2021,,2021-03-18,,,2024-05-22
문**태양광발전소,전북특별자치도 고창군 무장면 옥산월봉길 84-42,,35.3873774997744,126.599934861647,,정상가동,99.9,380,60,2021,,2021-02-22,,,2024-05-22
하련태양광발전소,전북특별자치도 고창군 해리면 하련신대길 14-11,,35.4648252851856,126.542319544602,,정상가동,20.0,380,60,2021,,2021-02-22,,,2024-05-22
부창태양광발전소,전북특별자치도 고창군 흥덕면 후포로 358,,35.5579338210445,126.682121364842,,정상가동,18.0,220,60,2021,,2021-02-01,,,2024-05-22
이**태양광발전소,,전북특별자치도 고창군 아산면 구암리 431,35.4807523491442,126.597676950165,,정상가동,18.0,220,60,2021,,2021-01-20,,,2024-05-22
동호발전소,,전북특별자치도 고창군 해리면 동호리 514-1,35.5166698065731,126.486075903244,,정상가동,19.0,380,60,2021,,2020-12-04,,,2024-05-22
마실태양광발전소,전북특별자치도 고창군 고창읍 월암수월길 104-8,,35.4309380552253,126.723041046376,,정상가동,28.8,380,60,2021,,2020-11-27,,,2024-05-22
양지태양광발전소,전북특별자치도 고창군 고수면 독실로 112-24,,35.4196615160271,126.665964737048,,정상가동,30.0,380,60,2021,,2020-11-19,,,2024-05-22
금광발전소,전북특별자치도 고창군 고창읍 중앙로 321,,35.4350942021268,126.710740283974,,정상가동,29.7,380,60,2020,,2020-11-19,,,2024-05-22
석암 발전소,,전북특별자치도 고창군 부안면 상암리 177-5,35.5516674855746,126.638849608021,,정상가동,29.63,380,60,2022,,2020-10-29,,,2024-05-22
영환태양광발전소,전북특별자치도 고창군 고수면 고수로 369,,35.3825244340802,126.695626009369,,정상가동,19.8,220,60,2021,,2020-10-26,,,2024-05-22
신승훈2호태양광,전북특별자치도 고창군 성내면 광주동길 184-36,,35.5254849254698,126.726974185008,,정상가동,30.0,380,60,2021,,2020-10-12,,,2024-05-22
신승훈1호태양광,전북특별자치도 고창군 성내면 광주동길 184-20,,35.5246381644219,126.726184237107,,정상가동,30.0,380,60,2021,,2020-10-12,,,2024-05-22
사천태양광발전소,전북특별자치도 고창군 흥덕면 선운대로 3552-92,,35.5082446873441,126.680873536447,,정상가동,80.0,380,60,2021,,2020-09-21,,,2024-05-22
진영태양광발전소,전북특별자치도 고창군 부안면 용현1길 30-99,,35.5509949525913,126.661630407193,,정상가동,30.0,380,60,2021,,2020-09-21,,,2024-05-22
G.D태양광발전소,전북특별자치도 고창군 고창읍 월산석정길 82,,35.4250642893576,126.732282868704,,정상가동,18.25,380,60,2020,,2020-09-10,,,2024-05-22
나들목 태양광발전소,전북특별자치도 고창군 고창읍 동서대로 1884,,35.4339778899925,126.668016760196,,정상가동,29.6,380,60,2020,,2020-09-04,,,2024-05-22
해넘이 태양광발전소,전북특별자치도 고창군 해리면 구동호1길 17-21,,35.5162012622785,126.483047550056,,정상가동,15.0,220,60,2020,,2020-09-04,,,2024-05-22
고창지환 태양광발전소,,전북특별자치도 고창군 아산면 반암리 355,35.5005378059288,126.616769427689,,정상가동,29.7,380,60,2020,,2020-07-31,,,2024-05-22
상집태양광발전소,,전북특별자치도 고창군 상하면 장호리 1486-1,35.4706620008881,126.466902638114,,정상가동,19.88,380,60,2020,,2020-06-12,,,2024-05-22
에그몽6호,,전북특별자치도 고창군 고수면 인성리 671,35.4032727798115,126.640653825144,,정상가동,19.5,380,60,2020,,2020-06-12,,,2024-05-22
알미3호태양광발전소,,전북특별자치도 고창군 부안면 수앙리 1090,35.5518079126686,126.660921368043,,정상가동,99.9,380,60,2020,,2020-05-28,,,2024-05-22
대성태양광발전소,,전북특별자치도 고창군 대산면 중산리 55,35.3641703711117,126.591760125672,,정상가동,45.0,380,60,2020,,2020-05-28,,,2024-05-22
왕촌B 태양광발전소,,전북특별자치도 고창군 해리면 왕촌리 408-1,35.4736272083066,126.518295021891,,정상가동,13.0,380,60,2020,,2020-05-14,,,2024-05-22
왕촌A 태양광발전소,,전북특별자치도 고창군 해리면 왕촌리 408-1,35.4736272083066,126.518295021891,,정상가동,16.0,380,60,2020,,2020-05-14,,,2024-05-22
수동태양광발전소,,전북특별자치도 고창군 부안면 수동리 1176,35.5416601113277,126.665629898256,,정상가동,31.05,380,60,2021,,2020-04-21,,,2024-05-22
효자태양광발전소,,전북특별자치도 고창군 무장면 목우리 640-8,35.4035461920452,126.603285036853,,정상가동,19.5,380,60,2020,,2020-04-13,,,2024-05-22
송암3호 태양광발전소,,전북특별자치도 고창군 흥덕면 송암리 421-1,35.5109250381392,126.717936587653,,정상가동,15.0,380,60,2020,,2020-04-08,,,2024-05-22
알미2태양광발전소,,전북특별자치도 고창군 부안면 중흥리 47,35.5153312481201,126.677274766474,,정상가동,30.0,380,60,2020,,2020-03-24,,,2024-05-22
베리촌쏠라 태양광발전소,,전북특별자치도 고창군 흥덕면 신송리 313-2,35.5547376360192,126.706987344537,,정상가동,29.64,380,60,2020,,2020-03-13,,,2024-05-22
가평2 태양광발전소,,전북특별자치도 고창군 신림면 가평리 215,35.4765334105817,126.746304452571,,정상가동,14.97,380,60,2020,,2020-02-06,,,2024-05-22
현대2 태양광발전소,,전북특별자치도 고창군 신림면 무림리 413-3,35.4906268538645,126.708314935552,,정상가동,19.88,380,60,2020,,2020-02-06,,,2024-05-22
종성 태양광발전소,,전북특별자치도 고창군 공음면 칠암리 565-15,35.3776743402425,126.512674020688,,정상가동,16.6,380,60,2020,,2020-01-21,,,2024-05-22
대산태양광발전소,,전북특별자치도 고창군 대산면 산정리 15,35.3324914967655,126.599236177737,,정상가동,297.0,380,60,2024,,2019-05-21,,,2024-05-22
경자태양광발전소,,전북특별자치도 고창군 대산면 성남리 755,35.3672367662003,126.579928235647,,정상가동,499.0,380,60,2024,,2019-05-07,,,2024-05-22
송현2호태양광발전소,,전북특별자치도 고창군 부안면 송현리 44-3,35.5450598294155,126.62139950533,,정상가동,99.54,380,60,2023,,2019-02-07,,,2024-05-22
민재태양광발전소,,전북특별자치도 고창군 신림면 송용리 727,35.4786333394227,126.720192483531,,정상가동,199.0,380,60,2023,,2019-01-10,,,2024-05-22
금성태양광발전소,,전북특별자치도 고창군 고수면 장두리 548-1,35.4008888520729,126.662581426536,,정상가동,294.0,380,60,2022,,2019-01-03,,,2024-05-22
인스타태양광발전소,,전북특별자치도 고창군 심원면 월산리 768-15,35.5244924246641,126.55186880963,,정상가동,15.0,380,60,2020,,2019-12-17,,,2024-05-22
주** 태양광발전소,,전북특별자치도 고창군 고창읍 월곡리 813,35.4351976628904,126.713381799164,,정상가동,19.98,380,60,2020,,2019-12-03,,,2024-05-22
범철ENG,,전북특별자치도 고창군 해리면 사반리 590-3,35.4856779013239,126.479618276595,,정상가동,14.63,380,60,2020,,2019-12-03,,,2024-05-22
유한회사 예전마을 태양광발전소,,전북특별자치도 고창군 공음면 예전리 208,35.3607343765772,126.542019367897,,정상가동,9.25,380,60,2020,,2019-11-08,,,2024-05-22
평지태양광발전소,,전북특별자치도 고창군 해리면 평지리 483-1,35.458396887606,126.556536960163,,정상가동,45.0,380,60,2020,,2019-10-10,,,2024-05-22
유한회사 목우리 믿음에너지,,전북특별자치도 고창군 무장면 목우리 413-2,35.4080482473622,126.614666935069,,정상가동,497.0,380,60,2021,,2018-07-10,,,2024-05-22
봉암태양광발전소,,전북특별자치도 고창군 부안면 상암리 302-46,35.5599476653958,126.631960021243,,정상가동,15.0,380,60,2020,,2019-09-20,,,2024-05-22
승우태양광발전소,,전북특별자치도 고창군 상하면 장호리 827-1,35.4758119032113,126.467711325104,,정상가동,20.0,380,60,2020,,2019-09-03,,,2024-05-22
가평태양광발전소,,전북특별자치도 고창군 신림면 가평리 142-3,35.4762285844843,126.746002952216,,정상가동,14.97,380,60,2019,,2019-08-14,,,2024-05-22
사동태양광발전소,,전북특별자치도 고창군 고창읍 내동리 25,35.4062280815941,126.696020438519,,정상가동,14.97,380,60,2019,,2019-08-14,,,2024-05-22
황산솔라태양광발전소,전북특별자치도 고창군 공음면 예전황산길 120-10,,35.3606484660985,126.522340324522,,정상가동,47.25,380,60,2019,,2019-08-14,,,2024-05-22
YM태양광,,전북특별자치도 고창군 무장면 신촌리 559,35.4012099510641,126.556203731117,,정상가동,498.0,380,60,2024,,2019-05-21,,,2024-05-22
율계 태양광발전소,,전북특별자치도 고창군 고창읍 율계리 239-5,35.4479217492798,126.682564897347,,정상가동,16.38,220,60,2020,,2019-07-12,,,2024-05-22
장호 태양광발전소,,전북특별자치도 고창군 상하면 장호리 505-1,35.4707418114277,126.465710333732,,정상가동,34.86,380,60,2020,,2019-07-12,,,2024-05-22
고**태양광 발전소,,전북특별자치도 고창군 해리면 하련리 219-2,35.4601237010223,126.538574550984,,정상가동,15.0,380,60,2020,,2019-06-19,,,2024-05-22
용장2호 태양광발전소,,전북특별자치도 고창군 아산면 남산리 279-2,35.4296943809482,126.607610802678,,정상가동,75.92,380,60,2019,,2019-06-18,,,2024-05-22
낙양태양광발전소,,전북특별자치도 고창군 성송면 낙양리 964,35.4110909482795,126.622125209108,,정상가동,97.92,380,60,2021,,2018-04-16,,,2024-05-22
고창1호발전소,,전북특별자치도 고창군 아산면 남산리 695-2,35.4292994141287,126.597150933177,,정상가동,99.84,380,60,2024,,2019-04-08,,,2024-05-22
고창2호발전소,,전북특별자치도 고창군 아산면 남산리 695,35.4295719166411,126.597161689431,,정상가동,99.84,380,60,2024,,2019-04-08,,,2024-05-22
명성2호태양광발전소,,전북특별자치도 고창군 고창읍 화산리 359-1,35.4135943103987,126.705267676495,,정상가동,30.0,380,60,2020,,2019-04-08,,,2024-05-22
명희 태양광발전소,,전북특별자치도 고창군 고창읍 교촌리 105,35.4372145852841,126.707762666629,,정상가동,41.61,380,60,2019,,2019-03-20,,,2024-05-22
대산태양광발전소,,전북특별자치도 고창군 공음면 군유리 371-2,35.3571529871578,126.550665666647,,정상가동,86.87,380,60,2020,,2019-03-14,,,2024-05-22
해리태양광발전소,,전북특별자치도 고창군 해리면 안산리 632,35.4611584365113,126.52266057168,,정상가동,65.0,380,60,2021,,2019-02-21,,,2024-05-22
송현4호태양광발전소,,전북특별자치도 고창군 부안면 송현리 62,35.5450011345925,126.621708892188,,정상가동,99.54,380,60,2023,,2019-02-18,,,2024-05-22
송현5호태양광발전소,,전북특별자치도 고창군 부안면 송현리 42-5,35.5452862042608,126.621074110733,,정상가동,99.54,380,60,2023,,2019-02-18,,,2024-05-22
해오름태양광발전소,전북특별자치도 고창군 고수면 먹점길 16,,35.3881850110527,126.673700050743,,정상가동,45.0,380,60,2020,,2019-02-12,,,2024-05-22
(유)해룡태양광4호,,전북특별자치도 고창군 대산면 해룡리 749,35.3206648399322,126.530282692728,,정상가동,99.28,380,60,2022,,2018-12-24,,,2024-05-22
고창금녀 태양광발전소,,전북특별자치도 고창군 해리면 광승리 40-40,35.4943673328087,126.489155476572,,정상가동,49.67,380,60,2023,,2018-08-09,,,2024-05-22
행복1태양광발전소,,전북특별자치도 고창군 공음면 덕암리 686,35.3314478582033,126.517742365639,,정상가동,99.16,380,60,2021,,2018-08-06,,,2024-05-22
금강태양광,,전북특별자치도 고창군 해리면 왕촌리 1023-4,35.4629485255019,126.50344872516,,정상가동,99.45,380,60,2021,,2018-07-17,,,2024-05-22
비즈솔라1호태양광,,전북특별자치도 고창군 해리면 왕촌리 1023-5,35.4628365762351,126.503534571343,,정상가동,99.45,380,60,2023,,2018-07-17,,,2024-05-22
현창태양광발전소,,전북특별자치도 고창군 해리면 왕촌리 1026-4,35.4615657060133,126.503767776065,,정상가동,99.45,380,60,2021,,2018-07-17,,,2024-05-22
순정1호태양광발전소,,전북특별자치도 고창군 아산면 성산리 607-9,35.4465878802996,126.588934295554,,정상가동,97.92,380,60,2021,,2018-06-07,,,2024-05-22
성환태양광발전소,,전북특별자치도 고창군 무장면 백양리 62-19,35.3986684433763,126.566660937013,,정상가동,97.92,380,60,2023,,2018-01-05,,,2024-05-22
아리랑태양광발전소,,전북특별자치도 고창군 대산면 광대리 1164,35.3713982274311,126.575433696106,,정상가동,491.0,380,60,2022,,2018-12-20,,,2024-05-22
고라리5호태양광발전소,,전북특별자치도 고창군 무장면 고라리 426,35.3963291747663,126.570422737322,,정상가동,299.0,380,60,2022,,2018-11-22,,,2024-05-22
고라리6호태양광발전소,,전북특별자치도 고창군 무장면 고라리 195-2,35.3970978176185,126.572175373468,,정상가동,499.0,380,60,2022,,2018-11-22,,,2024-05-22
사천2호태양광발전소,,전북특별자치도 고창군 흥덕면 사천리 350,35.5017250502254,126.688577450186,,정상가동,498.0,380,60,2022,,2018-11-14,,,2024-05-22
내츄럴이앤지태양광발전소,,전북특별자치도 고창군 대산면 광대리 530,35.3557781322315,126.567370429211,,정상가동,295.0,380,60,2023,,2018-11-14,,,2024-05-22
기**태양광발전소(1),,전북특별자치도 고창군 부안면 수앙리 573-1,35.5515073852864,126.643961274519,,정상가동,499.0,380,60,2023,,2018-10-23,,,2024-05-22
기**태양광발전소(2),,전북특별자치도 고창군 부안면 수앙리 573-1,35.5515073852864,126.643961274519,,정상가동,499.0,380,60,2023,,2018-10-23,,,2024-05-22
기**태양광발전소,,전북특별자치도 고창군 부안면 수앙리 564-6,35.5529183853819,126.644426964986,,정상가동,378.0,380,60,2023,,2018-10-23,,,2024-05-22
엠에이치에너지태양광발전소,,전북특별자치도 고창군 대산면 성남리 639-6,35.3753523790285,126.585130477838,,정상가동,998.64,380,60,2022,,2018-10-19,,,2024-05-22
여산에너지,,전북특별자치도 고창군 아산면 하갑리 669,35.4361558031829,126.627358138899,,정상가동,499.0,380,60,2022,,2018-10-19,,,2024-05-22
목동1호태양광발전소,,전북특별자치도 고창군 아산면 목동리 148,35.4241338125818,126.629141749564,,정상가동,449.0,380,60,2022,,2018-09-27,,,2024-05-22
목동2호태양광발전소,,전북특별자치도 고창군 아산면 목동리 148,35.4241338125818,126.629141749564,,정상가동,449.0,380,60,2022,,2018-09-27,,,2024-05-22
후포동주발전소,전북특별자치도 고창군 흥덕면 공판장길 56-5,,35.5500928585073,126.690523012359,,정상가동,249.6,380,60,2022,,2018-09-20,,,2024-05-22
검산3호태양광발전소,,전북특별자치도 고창군 상하면 검산리 산 169-4,,,,정상가동,497.0,380,60,2024,,2018-09-14,,,2024-05-22
검산1호태양광발전소,,전북특별자치도 고창군 상하면 검산리 169-4,,,,정상가동,497.0,380,60,2023,,2018-09-14,,,2024-05-22
이엔씨강남태양광,,전북특별자치도 고창군 무장면 강남리 1144-2,35.4221864637175,126.583110769753,,정상가동,499.0,380,60,2022,,2018-09-14,,,2024-05-22
매산태양광발전소,,전북특별자치도 고창군 대산면 매산리 850,35.3499650992256,126.587123180547,,정상가동,870.0,380,60,2022,,2018-09-07,,,2024-05-22
우송 태양광발전소,,전북특별자치도 고창군 고창읍 덕산리 676,35.4253649175466,126.685315025536,,정상가동,497.0,380,60,2023,,2018-09-06,,,2024-05-22
군유2호에너지,,전북특별자치도 고창군 대산면 광대리 1310,35.3621120285333,126.555950613299,,정상가동,999.0,380,60,2023,,2018-09-03,,,2024-05-22
선운태양광발전소,전북특별자치도 고창군 부안면 인촌로 361-131,,35.5511752020438,126.607944412007,,정상가동,99.0,380,60,2022,,2018-08-30,,,2024-05-22
잠은공태양광발전소,,전북특별자치도 고창군 무장면 신촌리 229,35.3914561459327,126.543994731267,,정상가동,703.0,380,60,2023,,2018-08-27,,,2024-05-22
고창금호태양광발전소,,전북특별자치도 고창군 무장면 옥산리 1270-15,35.3952761567457,126.597345100516,,정상가동,497.14,380,60,2021,,2018-07-26,,,2024-05-22
썬풀태양광,,전북특별자치도 고창군 무장면 옥산리 1274-5,35.3896179900934,126.597788395871,,정상가동,300.0,380,60,2021,,2018-07-18,,,2024-05-22
영훈태양광발전소,전북특별자치도 고창군 심원면 염전길 251,,35.5058903424648,126.513158749093,,정상가동,486.0,380,60,2022,,2018-07-13,,,2024-05-22
벧엘태양광발전소,,전북특별자치도 고창군 아산면 학전리 796-1,35.4593927870266,126.598852995342,,정상가동,99.0,380,60,2022,,2018-07-06,,,2024-05-22
티에스씨솔라3-2호 태양광발전소,,전북특별자치도 고창군 공음면 칠암리 264-2,35.3755163480747,126.52174991943,,정상가동,499.5,380,60,2021,,2018-07-03,,,2024-05-22
명선태양광발전소2호,,전북특별자치도 고창군 성송면 사내리 251-10,35.3930764399195,126.645044905733,,정상가동,495.0,380,60,2022,,2018-06-21,,,2024-05-22
영숙태양광발전소3호,,전북특별자치도 고창군 성송면 사내리 284-2,35.391598299732,126.645759129416,,정상가동,495.0,380,60,2022,,2018-06-21,,,2024-05-22
점드락태양광발전소,,전북특별자치도 고창군 성송면 사내리 2-1,35.3906689079193,126.654868698586,,정상가동,297.0,380,60,2022,,2018-06-21,,,2024-05-22
영배태양광발전소,,전북특별자치도 고창군 성송면 사내리 2,35.3911431696763,126.65486425655,,정상가동,297.0,380,60,2022,,2018-06-21,,,2024-05-22
명진선동태양광,,전북특별자치도 고창군 공음면 선동리 208,35.3876535319237,126.559948956659,,정상가동,499.0,380,60,2021,,2018-06-21,,,2024-05-22
햇빛선동태양광,,전북특별자치도 고창군 공음면 선동리 11-1,35.388487617446,126.559555126826,,정상가동,880.9,380,60,2021,,2018-06-21,,,2024-05-22
제일장성1호태양광발전소,,전북특별자치도 고창군 공음면 덕암리 647,35.3354626491324,126.526251971904,,정상가동,235.98,380,60,2021,,2018-06-11,,,2024-05-22
진보부송태양광발전소,,전북특별자치도 고창군 신림면 부송리 70-8,35.4610399306626,126.689304217829,,정상가동,498.96,380,60,2021,,2018-06-11,,,2024-05-22
두리부송태양광발전소,,전북특별자치도 고창군 신림면 부송리 70-1,35.4616625777416,126.689522924748,,정상가동,998.0,380,60,2021,,2018-06-11,,,2024-05-22
남도부송태양광발전소,,전북특별자치도 고창군 신림면 부송리 70-5,35.4614968685374,126.690205701871,,정상가동,997.92,380,60,2021,,2018-06-11,,,2024-05-22
승진부송태양광발전소,,전북특별자치도 고창군 신림면 부송리 70-4,35.4619695234976,126.691369880596,,정상가동,997.92,380,60,2021,,2018-06-11,,,2024-05-22
자연태양광발전소2호,,전북특별자치도 고창군 대산면 산정리 524-5,35.3421904682222,126.5741614732,,정상가동,397.0,380,60,2021,,2018-06-07,,,2024-05-22
자연태양광발전소1호,,전북특별자치도 고창군 대산면 산정리 524-9,35.3417075441879,126.574495771556,,정상가동,397.0,380,60,2021,,2018-06-07,,,2024-05-22
티에스씨솔라3-1호 태양광발전소,,전북특별자치도 고창군 공음면 칠암리 264-1,35.3760891346388,126.521704281417,,정상가동,955.0,380,60,2021,,2018-05-29,,,2024-05-22
햇빛2호 태양광발전소,,전북특별자치도 고창군 흥덕면 사포리 290-6,35.5407843234781,126.677916737328,,정상가동,99.12,380,60,2020,,2018-05-23,,,2024-05-22
햇빛1호태양광발전소,,전북특별자치도 고창군 흥덕면 사포리 288-1,35.5413424953103,126.677376479737,,정상가동,99.12,380,60,2020,,2018-05-23,,,2024-05-22
국전1호태양광발전소,,전북특별자치도 고창군 대산면 갈마리 395-9,35.3192065079823,126.547781543116,,정상가동,499.0,380,60,2021,,2018-05-23,,,2024-05-22
방축4호태양광발전소,,전북특별자치도 고창군 해리면 방축리 314-1,35.4878937223141,126.49181546032,,정상가동,999.0,380,60,2021,,2018-05-16,,,2024-05-22
오호리1호태양광발전소,,전북특별자치도 고창군 흥덕면 오호리 227-33,35.5288840989518,126.687052878005,,정상가동,491.0,380,60,2023,,2018-05-16,,,2024-05-22
명성태양광발전소,,전북특별자치도 고창군 공음면 구암리 산 68,,,,정상가동,400.0,380,60,2021,,2018-05-10,,,2024-05-22
파워셀에너지2호태양광발전소,,전북특별자치도 고창군 공음면 구암리 산 68,,,,정상가동,497.0,380,60,2021,,2018-05-10,,,2024-05-22
제이씨에너지태양광발전소,,전북특별자치도 고창군 공음면 구암리 260-1,35.4041550364342,126.508955067176,,정상가동,497.0,380,60,2021,,2018-05-10,,,2024-05-22
휘경태양광발전소,,전북특별자치도 고창군 대산면 성남리 643-9,35.3723423017568,126.584911931504,,정상가동,297.0,380,60,2021,,2018-05-03,,,2024-05-22
(유)관동발전(관동발전),,전북특별자치도 고창군 성송면 낙양리 964-2,35.4122223024844,126.62155677944,,정상가동,800.0,380,60,2021,,2018-05-01,,,2024-05-22
고라리4호태양광발전소,,전북특별자치도 고창군 무장면 고라리 417,35.3997837186548,126.571788232621,,정상가동,292.0,380,60,2021,,2018-04-26,,,2024-05-22
괴치1호태양광발전소,,전북특별자치도 고창군 성송면 괴치리 192,35.3720191460466,126.624872409092,,정상가동,298.8,380,60,2022,,2018-04-26,,,2024-05-22
복기태양광발전소,,전북특별자치도 고창군 공음면 군유리 500,35.3562040085619,126.544531422312,,정상가동,197.0,380,60,2022,,2018-04-25,,,2024-05-22
은기태양광발전소,,전북특별자치도 고창군 공음면 군유리 500-7,35.3555996536336,126.545052790712,,정상가동,296.0,380,60,2022,,2018-04-25,,,2024-05-22
월한태양광발전소,,전북특별자치도 고창군 공음면 군유리 500-6,35.3559276416192,126.544884489967,,정상가동,296.0,380,60,2022,,2018-04-25,,,2024-05-22
짱구태양광발전소,,전북특별자치도 고창군 공음면 군유리 500,35.3562040085619,126.544531422312,,정상가동,597.1,380,60,2022,,2018-04-25,,,2024-05-22
(유)진규(진규태양광발전소),,전북특별자치도 고창군 무장면 옥산리 952-1,35.3921559938952,126.580737288664,,정상가동,998.0,380,60,2021,,2018-04-25,,,2024-05-22
안나태양광발전소,,전북특별자치도 고창군 무장면 원촌리 223,35.4175739416033,126.577750970756,,정상가동,497.0,380,60,2021,,2018-04-25,,,2024-05-22
해바라기7호태양광발전소,,전북특별자치도 고창군 대산면 해룡리 791-14,35.3174014200148,126.543511512456,,정상가동,454.0,380,60,2020,,2018-04-16,,,2024-05-22
해바라기5호태양광발전소,,전북특별자치도 고창군 대산면 해룡리 791-12,35.3186069362473,126.543294584974,,정상가동,499.0,380,60,2020,,2018-04-16,,,2024-05-22
해바라기4호태양광발전소,,전북특별자치도 고창군 대산면 해룡리 791-11,35.3189437862881,126.543396503121,,정상가동,499.0,380,60,2020,,2018-04-16,,,2024-05-22
해바라기2호발전소,,전북특별자치도 고창군 대산면 해룡리 791-9,35.3203977296993,126.544499491228,,정상가동,486.0,380,60,2020,,2018-04-16,,,2024-05-22
시온태양광발전소,,전북특별자치도 고창군 대산면 중산리 21,35.3687617530675,126.603331850541,,정상가동,297.0,380,60,2021,,2018-04-10,,,2024-05-22
영옥태양광발전소,,전북특별자치도 고창군 흥덕면 신덕리 563,35.5630025002525,126.674144496788,,정상가동,998.0,380,60,2022,,2018-03-27,,,2024-05-22
만물4호태양광발전소,,전북특별자치도 고창군 고창읍 내동리 17-1,35.4115478530241,126.69760457318,,정상가동,444.0,380,60,2021,,2018-03-22,,,2024-05-22
광대리쏠라태양광발전소,,전북특별자치도 고창군 대산면 광대리 1140-1,35.3644545515292,126.578551180058,,정상가동,500.0,380,60,2021,,2018-03-20,,,2024-05-22
이하태양광발전소,,전북특별자치도 고창군 무장면 덕림리 555,35.390147221865,126.607011061661,,정상가동,349.0,380,60,2021,,2018-03-13,,,2024-05-22
알뜰3호태양광발전소,,전북특별자치도 고창군 성내면 월성리 180-7,35.5408435298772,126.758668519381,,정상가동,257.0,380,60,2021,,2018-03-13,,,2024-05-22
대성태양광발전소,,전북특별자치도 고창군 고수면 장두리 582-2,35.3983279700889,126.665803862451,,정상가동,198.72,380,60,2023,,2018-03-08,,,2024-05-22
영교태양광발전소,,전북특별자치도 고창군 고수면 장두리 582-2,35.3983279700889,126.665803862451,,정상가동,198.72,380,60,2023,,2018-03-08,,,2024-05-22
대광5호태양광발전소,,전북특별자치도 고창군 심원면 궁산리 13-6,35.4843500191171,126.536764238735,,정상가동,500.0,380,60,2019,,2018-02-26,,,2024-05-22
솔라에쿼티고창016태양광발전소,,전북특별자치도 고창군 무장면 옥산리 1236-3,35.3935087330534,126.582884722505,,정상가동,999.0,380,60,2021,,2018-02-26,,,2024-05-22
솔라에쿼티고창015(유)(솔라에쿼티고창015태양광발전소),,전북특별자치도 고창군 무장면 옥산리 1236-3,35.3935087330534,126.582884722505,,정상가동,999.0,380,60,2021,,2018-02-26,,,2024-05-22
광산전력㈜(광산전력㈜2태양광발전소),,전북특별자치도 고창군 흥덕면 사포리 289,35.5418010598274,126.677943769753,,정상가동,495.0,380,60,2020,,2018-02-23,,,2024-05-22
(광산전력㈜1태양광발전소,,전북특별자치도 고창군 흥덕면 사포리 289,35.5418010598274,126.677943769753,,정상가동,495.0,380,60,2020,,2018-02-23,,,2024-05-22
고창부안축산업협동조합(축협1호태양광발전소),,전북특별자치도 고창군 흥덕면 신덕리 35-6,35.5567815789378,126.696093343404,,정상가동,999.0,380,60,2021,,2018-02-23,,,2024-05-22
금평2호태양광발전소,,전북특별자치도 고창군 해리면 금평리 440,35.4948314963327,126.500825917968,,정상가동,248.0,380,60,2019,,2018-02-19,,,2024-05-22
금평1호태양광발전소,,전북특별자치도 고창군 해리면 금평리 443,35.4950639873354,126.500249184949,,정상가동,497.0,380,60,2019,,2018-02-19,,,2024-05-22
㈜부자에너지(부자에너지),,전북특별자치도 고창군 상하면 석남리 1375-30,35.4450827424157,126.4683267511,,정상가동,324.0,380,60,2021,,2018-02-08,,,2024-05-22
캘리포니아1호에너지,,전북특별자치도 고창군 상하면 석남리 1375-1,35.4449799334431,126.469583477985,,정상가동,955.0,380,60,2021,,2018-02-08,,,2024-05-22
해랑태양광발전소,,전북특별자치도 고창군 공음면 칠암리 986-9,35.3669099582953,126.510611743857,,정상가동,199.0,380,60,2021,,2018-02-07,,,2024-05-22
원쏠라태양광발전소,,전북특별자치도 고창군 공음면 칠암리 986-11,35.3661901528667,126.511410426303,,정상가동,199.0,380,60,2021,,2018-02-07,,,2024-05-22
은하쏠라태양광발전소,,전북특별자치도 고창군 공음면 칠암리 986-10,35.3665058310065,126.511196597111,,정상가동,199.0,380,60,2021,,2018-02-07,,,2024-05-22
뉴원동태양광발전소,,전북특별자치도 고창군 공음면 칠암리 960-1,35.3672901359552,126.511280337687,,정상가동,198.0,380,60,2021,,2018-02-07,,,2024-05-22
현태양광발전소,,전북특별자치도 고창군 공음면 칠암리 984-3,35.3670957554798,126.509664426547,,정상가동,298.0,380,60,2021,,2018-02-07,,,2024-05-22
소영태양광발전소,,전북특별자치도 고창군 아산면 성산리 1420,35.4286207879524,126.591215341363,,정상가동,99.0,380,60,2021,,2018-01-30,,,2024-05-22
대흥솔라태양광,,전북특별자치도 고창군 무장면 신촌리 42,35.3939585097986,126.556768399597,,정상가동,999.0,380,60,2021,,2018-01-24,,,2024-05-22
율촌태양광발전소,,전북특별자치도 고창군 대산면 율촌리 632-3,35.3330453293467,126.564814237789,,정상가동,408.0,380,60,2020,,2018-01-17,,,2024-05-22
대광6호태양광발전소,,전북특별자치도 고창군 심원면 궁산리 7-3,35.4844828828473,126.538084059175,,정상가동,500.0,380,60,2019,,2018-01-09,,,2024-05-22
한결1호태양광발전소,,전북특별자치도 고창군 대산면 산정리 508,35.3425391946481,126.571281205752,,정상가동,495.0,380,60,2021,,2018-01-09,,,2024-05-22
진달래 태양광발전소,,전북특별자치도 고창군 대산면 광대리 1162,35.3700259904132,126.576030586184,,정상가동,491.4,380,60,2022,,2018-12-20,,,2024-05-22
(유)대산태양광1호,,전북특별자치도 고창군 대산면 해룡리 755-1,35.3211020260639,126.530874240283,,정상가동,499.32,380,60,2022,,2018-11-14,,,2024-05-22
황산3호태양광발전소,,전북특별자치도 고창군 성내면 대흥리 86,35.5230555534805,126.736125361175,,정상가동,99.0,380,60,2023,,2018-12-31,,,2024-05-22
별빛 태양광발전소,,전북특별자치도 고창군 고창읍 월산리 541-2,35.4260330520366,126.72654291839,,정상가동,49.7,380,60,2019,,2018-12-31,,,2024-05-22
광명교회태양광발전소,,전북특별자치도 고창군 흥덕면 흥덕리 510-1,35.5164616555184,126.693905982151,,정상가동,65.0,380,60,2019,,2018-12-31,,,2024-05-22
진미태양광발전소,전북특별자치도 고창군 흥덕면 선운대로 3552-62,,35.5099982650293,126.681283712122,,정상가동,42.16,380,60,2019,,2018-11-14,,,2024-05-22
달호1호태양광발전소,,전북특별자치도 고창군 대산면 중산리 1194-7,35.3578544698296,126.587123513211,,정상가동,99.54,380,60,2021,,2018-07-26,,,2024-05-22
케이솔라태양광,,전북특별자치도 고창군 무장면 옥산리 1274-5,35.3896179900934,126.597788395871,,정상가동,300.0,380,60,2021,,2018-07-18,,,2024-05-22
피앤제이솔라(주)피제이솔라1호,,전북특별자치도 고창군 무장면 옥산리 1274-5,35.3896179900934,126.597788395871,,정상가동,300.0,380,60,2021,,2018-07-18,,,2024-05-22
피앤제이솔라,,전북특별자치도 고창군 무장면 옥산리 1274-5,35.3896179900934,126.597788395871,,정상가동,300.0,380,60,2021,,2018-07-18,,,2024-05-22
신공음태양광발전소,,전북특별자치도 고창군 공음면 칠암리 263-5,35.3756555861076,126.524486523507,,정상가동,374.49,380,60,2022,,2018-07-10,,,2024-05-22
김**태양광발전소7호,,전북특별자치도 고창군 성내면 산림리 244-3,35.5315881677499,126.760525353658,,정상가동,250.0,380,60,2022,,2018-06-19,,,2024-05-22
고라리3호태양광발전소,,전북특별자치도 고창군 무장면 고라리 421-6,,,,정상가동,829.28,380,60,2021,,2018-04-26,,,2024-05-22
고라리2호태양광발전소,,전북특별자치도 고창군 무장면 고라리 421-1,35.3983160960987,126.571734458872,,정상가동,829.28,380,60,2021,,2018-04-26,,,2024-05-22
고라리1호태양광발전소,,전북특별자치도 고창군 무장면 고라리 421,35.3985231010637,126.569950861959,,정상가동,992.8,380,60,2022,,2018-04-26,,,2024-05-22
괴치2호태양광발전소,,전북특별자치도 고창군 성송면 괴치리 226,35.3711531731389,126.625429925609,,정상가동,499.2,380,60,2022,,2018-04-26,,,2024-05-22
신칠암태양광발전소,,전북특별자치도 고창군 공음면 칠암리 263-3,35.3756543452938,126.523393761456,,정상가동,497.72,380,60,2023,,2018-04-25,,,2024-05-22
해바라기6호태양광발전소,,전북특별자치도 고창군 대산면 해룡리 791-3,35.3178224095251,126.542909705851,,정상가동,486.0,380,60,2020,,2018-04-16,,,2024-05-22
해바라기3호태양광발전소,,전북특별자치도 고창군 대산면 해룡리 791-10,35.3193987614194,126.544228846025,,정상가동,356.4,380,60,2020,,2018-04-16,,,2024-05-22
양지선동태양광,,전북특별자치도 고창군 공음면 선동리 11-1,35.388487617446,126.559555126826,,정상가동,900.0,380,60,2022,,2018-04-12,,,2024-05-22
광수태양광발전소,전북특별자치도 고창군 상하면 장호로 448,,35.4782996020643,126.468125205535,,정상가동,19.9,380,60,2019,,2018-12-24,,,2024-05-22
재동1호태양광발전소,전북특별자치도 고창군 무장면 강남덕산길 10,,35.4132226006705,126.603524974491,,정상가동,17.76,220,60,2019,,2018-12-24,,,2024-05-22
고라리7호태양광발전소,,전북특별자치도 고창군 무장면 고라리 195,35.397061229605,126.572635246574,,정상가동,99.28,380,60,2022,,2018-12-24,,,2024-05-22
명순 태양광발전소,전북특별자치도 고창군 대산면 씨앗등로 460-31,,35.3828692653062,126.583394472514,,정상가동,99.28,380,60,2024,,2018-12-24,,,2024-05-22
태봉1호 태양광발전소,전북특별자치도 고창군 대산면 씨앗등로 460-35,,35.3826317153626,126.583405378799,,정상가동,99.28,380,60,2024,,2018-12-24,,,2024-05-22
영삼 태양광발전소,전북특별자치도 고창군 대산면 씨앗등로 460-33,,35.3827507717312,126.583403115877,,정상가동,99.28,380,60,2024,,2018-12-24,,,2024-05-22
태봉2호 태양광발전소,전북특별자치도 고창군 대산면 씨앗등로 460-37,,35.382511989374,126.583396419353,,정상가동,99.28,380,60,2024,,2018-12-24,,,2024-05-22
써니4호 태양광발전소,,전북특별자치도 고창군 대산면 해룡리 740-2,35.3199287506992,126.530335117232,,정상가동,99.28,380,60,2022,,2018-12-24,,,2024-05-22
드림5호 태양광발전소,,전북특별자치도 고창군 대산면 해룡리 740-1,35.3200923581179,126.530385858005,,정상가동,99.28,380,60,2022,,2018-12-24,,,2024-05-22
고창하늘빛발전소,,전북특별자치도 고창군 대산면 해룡리 740,35.3201849614158,126.53046505235,,정상가동,99.28,380,60,2022,,2018-12-24,,,2024-05-22
마이쏠라원(MY SOLAR1),,전북특별자치도 고창군 대산면 해룡리 747-1,35.3203206685915,126.53038706731,,정상가동,99.28,380,60,2022,,2018-12-24,,,2024-05-22
광남태양광,,전북특별자치도 고창군 대산면 해룡리 747,35.320467924802,126.53028900023,,정상가동,99.28,380,60,2022,,2018-12-24,,,2024-05-22
건동1호태양광발전소,,전북특별자치도 고창군 공음면 건동리 830,35.3746121783615,126.562653278704,,정상가동,195.84,380,60,2021,,2018-03-27,,,2024-05-22
(유)해룡태양광3호,,전북특별자치도 고창군 대산면 해룡리 751-2,35.3208325957722,126.52996291094,,정상가동,99.28,380,60,2022,,2018-12-24,,,2024-05-22
(유)해룡태양광2호,,전북특별자치도 고창군 대산면 해룡리 751-1,35.3211099040084,126.53000166631,,정상가동,99.28,380,60,2022,,2018-12-24,,,2024-05-22
(유)해룡태양광1호,,전북특별자치도 고창군 대산면 해룡리 751,35.3214202894981,126.529970507174,,정상가동,99.28,380,60,2022,,2018-12-24,,,2024-05-22
(유)대산태양광4호,,전북특별자치도 고창군 대산면 해룡리 756-3,35.3204447627845,126.531009343683,,정상가동,99.28,380,60,2022,,2018-12-24,,,2024-05-22
(유)대산태양광3호,,전북특별자치도 고창군 대산면 해룡리 756-2,35.320721383064,126.530870830251,,정상가동,99.28,380,60,2022,,2018-12-24,,,2024-05-22
(유)대산태양광2호,,전북특별자치도 고창군 대산면 해룡리 755,35.3212659849135,126.530319026552,,정상가동,99.28,380,60,2022,,2018-12-24,,,2024-05-22
이정숙태양광발전소,,전북특별자치도 고창군 고수면 장두리 582-17,35.3981673938022,126.663868684835,,정상가동,99.36,380,60,2023,,2018-12-19,,,2024-05-22
복승태양광발전소,,전북특별자치도 고창군 고수면 장두리 582-6,35.3981773045728,126.664288703239,,정상가동,99.36,380,60,2023,,2018-12-19,,,2024-05-22
유**태양광발전소,,전북특별자치도 고창군 고수면 장두리 582-19,35.3979202779139,126.664526436668,,정상가동,99.36,380,60,2023,,2018-12-19,,,2024-05-22
소야태양광발전소,,전북특별자치도 고창군 아산면 남산리 710-1,35.4330161781984,126.597888434672,,정상가동,83.52,380,60,2023,,2018-12-19,,,2024-05-22
늘푸른태양광발전소,,전북특별자치도 고창군 아산면 남산리 710-6,35.4332395488566,126.598058569994,,정상가동,83.52,380,60,2023,,2018-12-19,,,2024-05-22
덕산2호 태양광발전소,전북특별자치도 고창군 고창읍 고인돌대로 1636-7,,35.4259584190936,126.692516970576,,정상가동,51.84,380,60,2019,,2018-11-14,,,2024-05-22
성송9호태양광발전소,,전북특별자치도 고창군 성송면 하고리 1-11,35.3538445792074,126.627225266328,,정상가동,98.28,380,60,2023,,2018-11-05,,,2024-05-22
성송8호태양광발전소,,전북특별자치도 고창군 성송면 하고리 1-12,35.3537767529383,126.627180910672,,정상가동,98.28,380,60,2023,,2018-11-05,,,2024-05-22
성송7호태양광발전소,,전북특별자치도 고창군 성송면 하고리 1-13,35.3536750958862,126.627272582727,,정상가동,98.28,380,60,2023,,2018-11-05,,,2024-05-22
성송6호태양광발전소,,전북특별자치도 고창군 성송면 하고리 1-14,35.3535914490431,126.62718363259,,정상가동,98.28,380,60,2023,,2018-11-05,,,2024-05-22
성송5호태양광발전소,,전북특별자치도 고창군 성송면 하고리 1-15,35.353530933388,126.626938021075,,정상가동,98.28,380,60,2023,,2018-11-05,,,2024-05-22
성송4호태양광발전소,,전북특별자치도 고창군 성송면 하고리 1-16,35.3534277486998,126.627031130405,,정상가동,98.28,380,60,2023,,2018-11-05,,,2024-05-22
성송3호태양광발전소,,전북특별자치도 고창군 성송면 하고리 1-17,35.3533371492214,126.62708424531,,정상가동,98.28,380,60,2023,,2018-11-05,,,2024-05-22
성송2호태양광발전소,,전북특별자치도 고창군 성송면 하고리 1-18,35.3532829189889,126.626860169135,,정상가동,98.28,380,60,2023,,2018-11-05,,,2024-05-22
성송1호태양광발전소,,전북특별자치도 고창군 성송면 하고리 1-19,35.3530844176812,126.626821365988,,정상가동,98.28,380,60,2023,,2018-11-05,,,2024-05-22
한빛태양광,,전북특별자치도 고창군 흥덕면 사포리 203,35.5416629137853,126.682233329732,,정상가동,98.55,380,60,2022,,2018-11-05,,,2024-05-22
YJ5태양광,,전북특별자치도 고창군 흥덕면 사포리 203,35.5416629137853,126.682233329732,,정상가동,98.55,380,60,2022,,2018-11-05,,,2024-05-22
럭키태양광발전소,,전북특별자치도 고창군 흥덕면 사포리 203,35.5416629137853,126.682233329732,,정상가동,98.55,380,60,2022,,2018-11-05,,,2024-05-22
성송14호태양광발전소,,전북특별자치도 고창군 성송면 하고리 1-5,35.3542716732946,126.627474256437,,정상가동,98.28,380,60,2023,,2018-11-05,,,2024-05-22
성송13호태양광발전소,,전북특별자치도 고창군 성송면 하고리 1-7,35.3541110183321,126.627520101797,,정상가동,98.28,380,60,2023,,2018-11-05,,,2024-05-22
성송12호태양광발전소,,전북특별자치도 고창군 성송면 하고리 1-8,35.3540888082937,126.627332512236,,정상가동,98.28,380,60,2023,,2018-11-05,,,2024-05-22
성송11호태양광발전소,,전북특별자치도 고창군 성송면 하고리 1-9,35.3540057388048,126.62722617603,,정상가동,98.28,380,60,2023,,2018-11-05,,,2024-05-22
성송10호태양광발전소,,전북특별자치도 고창군 성송면 하고리 1-10,35.3539506555482,126.627105299004,,정상가동,98.28,380,60,2023,,2018-11-05,,,2024-05-22
태경태양광발전소,,전북특별자치도 고창군 성송면 낙양리 964-20,35.4119181638881,126.621891024615,,정상가동,99.19,380,60,2022,,2018-11-05,,,2024-05-22
고성리태양광발전소,전북특별자치도 고창군 해리면 고성길 162-11,,35.4460944984406,126.556145046566,,정상가동,99.0,380,60,2023,,2018-10-16,,,2024-05-22
지인터1호태양광발전소,전북특별자치도 고창군 해리면 고성길 162-13,,35.4460208837771,126.555856985857,,정상가동,99.0,380,60,2023,,2018-10-16,,,2024-05-22
칠암태양광발전소,,전북특별자치도 고창군 공음면 칠암리 263-4,35.3755315053393,126.523922049531,,정상가동,497.42,380,60,2023,,2018-03-20,,,2024-05-22
예전9태양광발전소,,전북특별자치도 고창군 공음면 예전리 1058-10,35.3658402249039,126.523728740171,,정상가동,99.72,380,60,2023,,2018-09-21,,,2024-05-22
예전8태양광발전소,,전북특별자치도 고창군 공음면 예전리 1058-9,35.365466052331,126.523399737314,,정상가동,99.72,380,60,2023,,2018-09-21,,,2024-05-22
예전5태양광발전소,,전북특별자치도 고창군 공음면 예전리 1058-6,35.3656515130032,126.522661201495,,정상가동,99.72,380,60,2023,,2018-09-21,,,2024-05-22
예전6태양광발전소,,전북특별자치도 고창군 공음면 예전리 8,,,,정상가동,99.72,380,60,2023,,2018-09-21,,,2024-05-22
예전7태양광발전소,,전북특별자치도 고창군 공음면 예전리 1058-7,35.3656462647224,126.522998375563,,정상가동,99.72,380,60,2023,,2018-09-21,,,2024-05-22
오복 태양광발전소,,전북특별자치도 고창군 공음면 장곡리 500-2,35.363383494122,126.505483048312,,정상가동,99.45,380,60,2023,,2018-09-21,,,2024-05-22
가온누리 태양광발전소,,전북특별자치도 고창군 공음면 장곡리 500-2,35.363383494122,126.505483048312,,정상가동,99.45,380,60,2023,,2018-09-21,,,2024-05-22
미라클 태양광발전소,,전북특별자치도 고창군 공음면 장곡리 500-2,35.363383494122,126.505483048312,,정상가동,99.45,380,60,2023,,2018-09-21,,,2024-05-22
모현 태양광발전소,,전북특별자치도 고창군 공음면 장곡리 500-2,35.363383494122,126.505483048312,,정상가동,99.45,380,60,2023,,2018-09-21,,,2024-05-22
성빈 태양광발전소,,전북특별자치도 고창군 공음면 덕암리 1147-7,35.3529098210959,126.524556957939,,정상가동,99.28,380,60,2023,,2018-09-21,,,2024-05-22
수성 태양광발전소,,전북특별자치도 고창군 공음면 덕암리 1146-1,35.3535922751311,126.524229727294,,정상가동,99.28,380,60,2023,,2018-09-21,,,2024-05-22
성주 태양광발전소,,전북특별자치도 고창군 공음면 덕암리 1147-6,35.3530441631442,126.524660136269,,정상가동,99.28,380,60,2023,,2018-09-21,,,2024-05-22
민주태양광발전소,,전북특별자치도 고창군 공음면 덕암리 1147,35.353687558962,126.524485289101,,정상가동,99.28,380,60,2023,,2018-09-21,,,2024-05-22
용준태양광발전소,,전북특별자치도 고창군 공음면 덕암리 1146-1,35.3535922751311,126.524229727294,,정상가동,99.28,380,60,2023,,2018-09-21,,,2024-05-22
선산4호태양광발전소,,전북특별자치도 고창군 공음면 선동리 860,35.3812585356276,126.545902144871,,정상가동,97.92,380,60,2023,,2018-09-21,,,2024-05-22
부안2호태양광발전소,,전북특별자치도 고창군 부안면 수앙리 854-9,35.5483702690703,126.660277449664,,정상가동,99.33,380,60,2022,,2018-09-17,,,2024-05-22
부안혜숙태양광발전소,,전북특별자치도 고창군 부안면 수앙리 854-12,35.5480978291593,126.660413254396,,정상가동,99.33,380,60,2022,,2018-09-17,,,2024-05-22
고창태양광발전소,,전북특별자치도 고창군 부안면 수앙리 854-13,35.5480353489389,126.660982577758,,정상가동,99.33,380,60,2022,,2018-09-17,,,2024-05-22
인영3호태양광,,전북특별자치도 고창군 부안면 수앙리 854-10,35.5483172298926,126.660678332675,,정상가동,99.33,380,60,2022,,2018-09-17,,,2024-05-22
인영4호태양광,,전북특별자치도 고창군 부안면 수앙리 854-11,35.5481703110229,126.660483529978,,정상가동,99.33,380,60,2022,,2018-09-17,,,2024-05-22
부안1호태양광발전소,,전북특별자치도 고창군 부안면 수앙리 854-8,35.5485166917978,126.660391968102,,정상가동,99.33,380,60,2022,,2018-09-17,,,2024-05-22
봉암태양광발전소2호,,전북특별자치도 고창군 부안면 송현리 42-1,35.5454871100962,126.621105036313,,정상가동,99.0,380,60,2023,,2018-09-17,,,2024-05-22
햇빛쨍쨍향정2호,,전북특별자치도 고창군 부안면 송현리 46-1,35.54595376528,126.621380636278,,정상가동,99.0,380,60,2023,,2018-09-17,,,2024-05-22
봉암태양광발전소4호,,전북특별자치도 고창군 부안면 송현리 59,35.5459733504486,126.621877575964,,정상가동,99.0,380,60,2023,,2018-09-17,,,2024-05-22
고창백태양광발전소,,전북특별자치도 고창군 심원면 궁산리 119-7,35.4828613256086,126.532576731234,,정상가동,99.33,380,60,2022,,2018-08-10,,,2024-05-22
궁산리153태양광발전소,,전북특별자치도 고창군 심원면 궁산리 33-1,35.4826629456721,126.533157935677,,정상가동,99.33,380,60,2022,,2018-08-10,,,2024-05-22
고창박태양광발전소,,전북특별자치도 고창군 심원면 궁산리 119-11,35.482929056021,126.532750664977,,정상가동,99.33,380,60,2022,,2018-08-10,,,2024-05-22
팔백태양광발전소,,전북특별자치도 고창군 심원면 궁산리 121-1,35.4822281082203,126.531656434096,,정상가동,99.33,380,60,2022,,2018-08-10,,,2024-05-22
소영태양광발전소,,전북특별자치도 고창군 심원면 궁산리 117-4,35.4824494118889,126.531711679171,,정상가동,99.33,380,60,2022,,2018-08-10,,,2024-05-22
승영1 에너지,,전북특별자치도 고창군 심원면 고전리 153,35.5164913678669,126.527799549991,,정상가동,99.0,380,60,2023,,2018-08-10,,,2024-05-22
수1 에너지,,전북특별자치도 고창군 심원면 고전리 103,35.5167178244153,126.527674424881,,정상가동,49.5,380,60,2023,,2018-08-10,,,2024-05-22
승민1 에너지,,전북특별자치도 고창군 심원면 고전리 103,35.5167178244153,126.527674424881,,정상가동,99.0,380,60,2023,,2018-08-10,,,2024-05-22
태산태양광발전소,,전북특별자치도 고창군 흥덕면 용반리 814-11,35.5670906492701,126.70112588529,,정상가동,99.36,380,60,2023,,2018-08-10,,,2024-05-22
김**2호 태양광발전소,,전북특별자치도 고창군 고창읍 덕산리 681,35.4245581929333,126.684364461934,,정상가동,99.4,380,60,2023,,2018-08-10,,,2024-05-22
목우태양광발전소,,전북특별자치도 고창군 무장면 목우리 431,35.4116309733717,126.615231301209,,정상가동,99.36,380,60,2021,,2018-08-09,,,2024-05-22
목우1호태양광발전소,,전북특별자치도 고창군 무장면 목우리 431,35.4116309733717,126.615231301209,,정상가동,99.36,380,60,2021,,2018-08-09,,,2024-05-22
고창주산 태양광발전소,,전북특별자치도 고창군 해리면 광승리 40-21,35.4940669385303,126.489476872056,,정상가동,99.33,380,60,2023,,2018-08-09,,,2024-05-22
송강에너지 태양광발전소,,전북특별자치도 고창군 고수면 초내리 47,35.3770447020247,126.671248755686,,정상가동,498.23,380,60,2020,,2018-03-05,,,2024-05-22
석우태양광발전소,전북특별자치도 고창군 고수면 인성석우길 31-31,,35.4065447807084,126.633764857962,,정상가동,99.0,380,60,2021,,2018-08-07,,,2024-05-22
심원1호태양광발전소,전북특별자치도 고창군 심원면 연화2길 14-1,,35.5219613653653,126.548643388499,,정상가동,98.34,380,60,2018,,2018-08-06,,,2024-05-22
대성2호 태양광발전소,,전북특별자치도 고창군 신림면 벽송리 260-6,35.4673494992397,126.687295079765,,정상가동,98.8,380,60,2022,,2018-08-06,,,2024-05-22
진우일렉태양광발전소,,전북특별자치도 고창군 신림면 벽송리 260-4,35.4675944547292,126.687322005328,,정상가동,97.2,380,60,2022,,2018-08-06,,,2024-05-22
대성1호 태양광발전소,,전북특별자치도 고창군 신림면 벽송리 260-7,35.4672455522636,126.687319830292,,정상가동,98.8,380,60,2022,,2018-08-06,,,2024-05-22
대성3호태양광발전소,,전북특별자치도 고창군 신림면 벽송리 260-5,35.4674658668671,126.687333189826,,정상가동,97.2,380,60,2022,,2018-08-06,,,2024-05-22
미래태양광발전소,,전북특별자치도 고창군 신림면 벽송리 260-3,35.4676928194053,126.687334294508,,정상가동,98.8,380,60,2022,,2018-08-06,,,2024-05-22
서연일렉 태양광발전소,,전북특별자치도 고창군 신림면 벽송리 260-8,35.4671147547532,126.687313065185,,정상가동,98.8,380,60,2022,,2018-08-06,,,2024-05-22
삼정전력태양광발전소,,전북특별자치도 고창군 신림면 벽송리 260-2,35.4678426809276,126.687428573783,,정상가동,97.2,380,60,2022,,2018-08-06,,,2024-05-22
수연전력태양광발전소,,전북특별자치도 고창군 신림면 벽송리 260-11,35.4677014367543,126.687738486776,,정상가동,97.2,380,60,2022,,2018-08-06,,,2024-05-22
GS솔라2호태양광발전소,,전북특별자치도 고창군 신림면 벽송리 260-9,35.4669645196291,126.68728334934,,정상가동,97.2,380,60,2022,,2018-08-06,,,2024-05-22
GS솔라1호태양광발전소,,전북특별자치도 고창군 신림면 벽송리 260-10,35.4667411678129,126.687350096766,,정상가동,97.2,380,60,2022,,2018-08-06,,,2024-05-22
헬리온세용태양광발전소,,전북특별자치도 고창군 무장면 월림리 303,35.419034764549,126.545609120586,,정상가동,299.2,380,60,2021,,2018-03-05,,,2024-05-22
고창헬리온태양광발전소,,전북특별자치도 고창군 무장면 월림리 299-1,35.4190560539548,126.545230895779,,정상가동,299.2,380,60,2021,,2018-03-05,,,2024-05-22
행복2태양광발전소,,전북특별자치도 고창군 공음면 덕암리 683,35.331587806924,126.517306533929,,정상가동,99.16,380,60,2021,,2018-08-06,,,2024-05-22
왕촌태양광발전소,,전북특별자치도 고창군 해리면 왕촌리 1177,35.4695998476725,126.494498099115,,정상가동,99.28,380,60,2021,,2018-07-17,,,2024-05-22
달호2호태양광발전소,,전북특별자치도 고창군 대산면 중산리 1194-7,35.3578544698296,126.587123513211,,정상가동,99.68,380,60,2021,,2018-07-17,,,2024-05-22
금송태양광,,전북특별자치도 고창군 해리면 왕촌리 997,35.4632665440577,126.503523887078,,정상가동,99.45,380,60,2021,,2018-07-17,,,2024-05-22
두현발전소,,전북특별자치도 고창군 해리면 왕촌리 1001-1,35.4631127376042,126.502790574786,,정상가동,99.45,380,60,2021,,2018-07-17,,,2024-05-22
주은태양광발전소,,전북특별자치도 고창군 해리면 왕촌리 1001,35.4634426746348,126.502739520154,,정상가동,99.45,380,60,2021,,2018-07-17,,,2024-05-22
장선영태양광발전소6호,,전북특별자치도 고창군 성내면 산림리 245,35.5306220289401,126.759964357858,,정상가동,241.0,380,60,2022,,2018-02-26,,,2024-05-22
솔라로직발전소2호,,전북특별자치도 고창군 해리면 왕촌리 1024-12,35.4627701224601,126.503944355409,,정상가동,99.45,380,60,2023,,2018-07-17,,,2024-05-22
정태양광발전소,,전북특별자치도 고창군 해리면 왕촌리 1024-4,35.4624479097903,126.503857430345,,정상가동,99.45,380,60,2021,,2018-07-17,,,2024-05-22
곰돌이태양광,,전북특별자치도 고창군 해리면 왕촌리 1024-4,35.4624479097903,126.503857430345,,정상가동,99.45,380,60,2021,,2018-07-17,,,2024-05-22
하늘연달태양광,,전북특별자치도 고창군 해리면 왕촌리 1024-5,35.4620719580061,126.503874941693,,정상가동,99.45,380,60,2021,,2018-07-17,,,2024-05-22
백강태양광2,,전북특별자치도 고창군 해리면 왕촌리 1024-26,35.4618351300481,126.503795645401,,정상가동,99.45,380,60,2021,,2018-07-17,,,2024-05-22
해비치태양광,,전북특별자치도 고창군 해리면 왕촌리 1027,35.4613868466259,126.503779780775,,정상가동,99.45,380,60,2021,,2018-07-17,,,2024-05-22
노적태양광발전소,,전북특별자치도 고창군 해리면 왕촌리 1024-25,35.4619576231172,126.503840941917,,정상가동,99.45,380,60,2021,,2018-07-17,,,2024-05-22
해리3호태양광,,전북특별자치도 고창군 해리면 안산리 223,35.4657809896075,126.523422186332,,정상가동,98.55,380,60,2021,,2018-07-17,,,2024-05-22
해리2호태양광,,전북특별자치도 고창군 해리면 안산리 219,35.4653744992588,126.523627075601,,정상가동,98.55,380,60,2021,,2018-07-17,,,2024-05-22
해리1호태양광,,전북특별자치도 고창군 해리면 안산리 219,35.4653744992588,126.523627075601,,정상가동,98.55,380,60,2021,,2018-07-17,,,2024-05-22
지후태양광,,전북특별자치도 고창군 해리면 안산리 219,35.4653744992588,126.523627075601,,정상가동,99.99,380,60,2021,,2018-07-17,,,2024-05-22
두빛태양광,,전북특별자치도 고창군 무장면 옥산리 1274-5,35.3896179900934,126.597788395871,,정상가동,99.84,380,60,2021,,2018-07-17,,,2024-05-22
써니태양광,,전북특별자치도 고창군 무장면 옥산리 1274-5,35.3896179900934,126.597788395871,,정상가동,99.84,380,60,2021,,2018-07-17,,,2024-05-22
무수태양광,,전북특별자치도 고창군 무장면 옥산리 1274-5,35.3896179900934,126.597788395871,,정상가동,99.84,380,60,2021,,2018-07-17,,,2024-05-22
정석3호발전소,,전북특별자치도 고창군 무장면 옥산리 1274-5,35.3896179900934,126.597788395871,,정상가동,99.4,380,60,2021,,2018-07-17,,,2024-05-22
승우태양광,,전북특별자치도 고창군 무장면 옥산리 1274-5,35.3896179900934,126.597788395871,,정상가동,99.84,380,60,2021,,2018-07-17,,,2024-05-22
주산태양광,,전북특별자치도 고창군 무장면 옥산리 1274-5,35.3896179900934,126.597788395871,,정상가동,99.4,380,60,2021,,2018-07-17,,,2024-05-22
청신태양광,,전북특별자치도 고창군 무장면 옥산리 1274-5,35.3896179900934,126.597788395871,,정상가동,99.84,380,60,2021,,2018-07-17,,,2024-05-22
금화태양광,,전북특별자치도 고창군 무장면 옥산리 1274-5,35.3896179900934,126.597788395871,,정상가동,99.4,380,60,2021,,2018-07-17,,,2024-05-22
다온3호태양광,,전북특별자치도 고창군 무장면 옥산리 1274-5,35.3896179900934,126.597788395871,,정상가동,99.4,380,60,2021,,2018-07-17,,,2024-05-22
진6호태양광,,전북특별자치도 고창군 무장면 옥산리 1274-5,35.3896179900934,126.597788395871,,정상가동,99.84,380,60,2021,,2018-07-17,,,2024-05-22
민 태양광,,전북특별자치도 고창군 무장면 옥산리 1274-5,35.3896179900934,126.597788395871,,정상가동,99.84,380,60,2021,,2018-07-17,,,2024-05-22
다인태양광,,전북특별자치도 고창군 무장면 옥산리 1274-5,35.3896179900934,126.597788395871,,정상가동,99.84,380,60,2021,,2018-07-17,,,2024-05-22
과천태양광,,전북특별자치도 고창군 무장면 옥산리 1274-5,35.3896179900934,126.597788395871,,정상가동,99.84,380,60,2021,,2018-07-17,,,2024-05-22
월산2호태양광발전소,,전북특별자치도 고창군 성내면 월산리 380,35.5300483305104,126.731765888768,,정상가동,99.4,380,60,2021,,2018-07-12,,,2024-05-22
월산1호태양광발전소,,전북특별자치도 고창군 성내면 월산리 380,35.5300483305104,126.731765888768,,정상가동,99.4,380,60,2021,,2018-07-12,,,2024-05-22
무지개8호태양광발전소,,전북특별자치도 고창군 대산면 광대리 1164,35.3713982274311,126.575433696106,,정상가동,97.92,380,60,2021,,2018-06-27,,,2024-05-22
무지개6호태양광발전소,,전북특별자치도 고창군 대산면 광대리 1164,35.3713982274311,126.575433696106,,정상가동,97.92,380,60,2021,,2018-06-27,,,2024-05-22
무지개7호태양광발전소,,전북특별자치도 고창군 대산면 광대리 1164,35.3713982274311,126.575433696106,,정상가동,97.92,380,60,2021,,2018-06-27,,,2024-05-22
무지개3호태양광발전소,,전북특별자치도 고창군 대산면 광대리 1162,35.3700259904132,126.576030586184,,정상가동,97.92,380,60,2021,,2018-06-27,,,2024-05-22
무지개5호태양광발전소,,전북특별자치도 고창군 대산면 광대리 1164,35.3713982274311,126.575433696106,,정상가동,97.92,380,60,2021,,2018-06-27,,,2024-05-22
무지개4호태양광발전소,,전북특별자치도 고창군 대산면 광대리 1164-3,35.369527837131,126.575467589723,,정상가동,97.92,380,60,2021,,2018-06-27,,,2024-05-22
영선태양광발전소,,전북특별자치도 고창군 무장면 옥산리 1257-9,35.3953495496812,126.596785337681,,정상가동,99.4,380,60,2021,,2018-06-27,,,2024-05-22
YJ태양광발전소,,전북특별자치도 고창군 무장면 옥산리 1257-9,35.3953495496812,126.596785337681,,정상가동,99.4,380,60,2021,,2018-06-27,,,2024-05-22
써니2태양광발전소,,전북특별자치도 고창군 무장면 옥산리 1270-5,,,,정상가동,99.4,380,60,2021,,2018-06-27,,,2024-05-22
한빛고창태양광발전소,,전북특별자치도 고창군 무장면 옥산리 1270-5,,,,정상가동,99.4,380,60,2021,,2018-06-27,,,2024-05-22
써니1태양광발전소,,전북특별자치도 고창군 무장면 옥산리 1270-5,,,,정상가동,99.4,380,60,2021,,2018-06-27,,,2024-05-22
나래태양광발전소,,전북특별자치도 고창군 무장면 옥산리 1270-5,,,,정상가동,99.4,380,60,2021,,2018-06-27,,,2024-05-22
온누리태양광,,전북특별자치도 고창군 대산면 율촌리 72-1,35.3376434247925,126.568658363381,,정상가동,98.55,380,60,2021,,2018-06-27,,,2024-05-22
주연태양광,,전북특별자치도 고창군 대산면 율촌리 72-1,35.3376434247925,126.568658363381,,정상가동,98.55,380,60,2021,,2018-06-27,,,2024-05-22
예진태양광,,전북특별자치도 고창군 대산면 율촌리 72-1,35.3376434247925,126.568658363381,,정상가동,98.55,380,60,2021,,2018-06-27,,,2024-05-22
YJ3태양광,,전북특별자치도 고창군 대산면 해룡리 801-1,35.3178010453237,126.539417323317,,정상가동,98.55,380,60,2021,,2018-06-27,,,2024-05-22
해룡태양광,,전북특별자치도 고창군 대산면 해룡리 801-1,35.3178010453237,126.539417323317,,정상가동,98.55,380,60,2021,,2018-06-27,,,2024-05-22
DH태양광,,전북특별자치도 고창군 대산면 해룡리 801-1,35.3178010453237,126.539417323317,,정상가동,98.55,380,60,2021,,2018-06-27,,,2024-05-22
정규순태양광,,전북특별자치도 고창군 대산면 해룡리 801-1,35.3178010453237,126.539417323317,,정상가동,98.55,380,60,2021,,2018-06-27,,,2024-05-22
정옥태양광,,전북특별자치도 고창군 대산면 해룡리 801-1,35.3178010453237,126.539417323317,,정상가동,98.55,380,60,2021,,2018-06-27,,,2024-05-22
유진 태양광발전소,,전북특별자치도 고창군 대산면 율촌리 72-1,35.3376434247925,126.568658363381,,정상가동,87.6,380,60,2022,,2018-06-27,,,2024-05-22
다연5호태양광,,전북특별자치도 고창군 대산면 율촌리 72-1,35.3376434247925,126.568658363381,,정상가동,98.55,380,60,2021,,2018-06-27,,,2024-05-22
에이드 태양광발전소,,전북특별자치도 고창군 대산면 연동리 671-13,,,,정상가동,99.4,380,60,2021,,2018-06-27,,,2024-05-22
준태태양광발전소,,전북특별자치도 고창군 대산면 회룡리 242-6,35.3243648915505,126.526406462973,,정상가동,99.4,380,60,2021,,2018-06-27,,,2024-05-22
영주태양광발전소,,전북특별자치도 고창군 대산면 회룡리 242-6,35.3243648915505,126.526406462973,,정상가동,99.4,380,60,2021,,2018-06-27,,,2024-05-22
회룡발전소,,전북특별자치도 고창군 대산면 회룡리 242-6,35.3243648915505,126.526406462973,,정상가동,99.4,380,60,2021,,2018-06-27,,,2024-05-22
SH에코솔라,,전북특별자치도 고창군 대산면 회룡리 242-6,35.3243648915505,126.526406462973,,정상가동,99.4,380,60,2021,,2018-06-27,,,2024-05-22
티지아이태양광발전소,전북특별자치도 고창군 성송면 대성로 370-2,,35.3433561117082,126.613247843064,,정상가동,70.56,380,60,2019,,2018-06-27,,,2024-05-22
사임당태양광발전소,,전북특별자치도 고창군 고창읍 덕정리 440,35.4463262217309,126.669918142777,,정상가동,99.28,380,60,2019,,2018-06-27,,,2024-05-22
청빈태양광발전소,,전북특별자치도 고창군 무장면 옥산리 924,35.3891533643717,126.577869542532,,정상가동,99.4,380,60,2021,,2018-06-22,,,2024-05-22
양현에너지3,,전북특별자치도 고창군 무장면 옥산리 924,35.3891533643717,126.577869542532,,정상가동,99.4,380,60,2021,,2018-06-22,,,2024-05-22
신평태양광발전소,,전북특별자치도 고창군 상하면 하장리 125-2,35.4275330919538,126.496468685396,,정상가동,98.55,380,60,2022,,2018-06-22,,,2024-05-22
차오름태양광발전소,,전북특별자치도 고창군 대산면 해룡리 837-2,,,,정상가동,99.4,380,60,2021,,2018-06-11,,,2024-05-22
성국태양광발전소,,전북특별자치도 고창군 대산면 해룡리 725-4,,,,정상가동,99.4,380,60,2021,,2018-06-11,,,2024-05-22
호담태양광발전소,,전북특별자치도 고창군 대산면 해룡리 725-2,35.3184570992746,126.528421575473,,정상가동,99.4,380,60,2021,,2018-06-11,,,2024-05-22
은하2호태양광발전소,,전북특별자치도 고창군 대산면 해룡리 729,35.3184894966508,126.530725364375,,정상가동,64.61,380,60,2021,,2018-06-11,,,2024-05-22
승태2호 태양광발전소,,전북특별자치도 고창군 대산면 해룡리 725-2,35.3184570992746,126.528421575473,,정상가동,99.4,380,60,2021,,2018-06-11,,,2024-05-22
봄이3호 태양광발전소,,전북특별자치도 고창군 대산면 해룡리 729,35.3184894966508,126.530725364375,,정상가동,99.4,380,60,2021,,2018-06-11,,,2024-05-22
해룡태양광발전소,,전북특별자치도 고창군 대산면 해룡리 725-2,35.3184570992746,126.528421575473,,정상가동,99.4,380,60,2021,,2018-06-11,,,2024-05-22
은하태양광발전소,,전북특별자치도 고창군 대산면 해룡리 725-3,35.3182837032977,126.52902774432,,정상가동,99.4,380,60,2021,,2018-06-11,,,2024-05-22
라온1호태양광발전소,,전북특별자치도 고창군 대산면 해룡리 725-2,35.3184570992746,126.528421575473,,정상가동,99.4,380,60,2021,,2018-06-11,,,2024-05-22
라온2호태양광발전소,,전북특별자치도 고창군 대산면 해룡리 725-2,35.3184570992746,126.528421575473,,정상가동,99.4,380,60,2021,,2018-06-11,,,2024-05-22
윤지태양광발전소,,전북특별자치도 고창군 대산면 해룡리 725-2,35.3184570992746,126.528421575473,,정상가동,99.4,380,60,2021,,2018-06-11,,,2024-05-22
은주태양광발전소,,전북특별자치도 고창군 대산면 해룡리 725-2,35.3184570992746,126.528421575473,,정상가동,99.4,380,60,2021,,2018-06-11,,,2024-05-22
수강태양광발전소,,전북특별자치도 고창군 대산면 해룡리 725-2,35.3184570992746,126.528421575473,,정상가동,99.4,380,60,2021,,2018-06-11,,,2024-05-22
호박3호태양광발전소,,전북특별자치도 고창군 대산면 해룡리 837-3,,,,정상가동,74.55,380,60,2021,,2018-06-11,,,2024-05-22
나레2태양광발전소,,전북특별자치도 고창군 대산면 산정리 521-4,35.3428917200495,126.573707331008,,정상가동,99.0,380,60,2021,,2018-06-08,,,2024-05-22
해진태양광발전소,,전북특별자치도 고창군 대산면 산정리 521-5,35.3428407365295,126.573588465572,,정상가동,99.0,380,60,2021,,2018-06-08,,,2024-05-22
유창태양광발전소2호기,,전북특별자치도 고창군 대산면 산정리 521-3,35.3429933741389,126.573575233199,,정상가동,99.0,380,60,2021,,2018-06-08,,,2024-05-22
성미태양광발전소2호,,전북특별자치도 고창군 성송면 사내리 251-17,35.3924917613955,126.645170086487,,정상가동,99.0,380,60,2022,,2018-06-08,,,2024-05-22
광선태양광발전소2호,,전북특별자치도 고창군 성송면 사내리 251-18,35.3923747981101,126.645148914926,,정상가동,99.0,380,60,2022,,2018-06-08,,,2024-05-22
영숙태양광발전소2호,,전북특별자치도 고창군 성송면 사내리 251-16,35.3926170937665,126.645309547631,,정상가동,99.0,380,60,2022,,2018-06-08,,,2024-05-22
미순태양광발전소2호,,전북특별자치도 고창군 성송면 사내리 251-15,35.3927014378038,126.64542574349,,정상가동,99.0,380,60,2022,,2018-06-08,,,2024-05-22
미자태양광발전소2호,,전북특별자치도 고창군 성송면 사내리 251-19,35.3922909509602,126.645140586659,,정상가동,99.0,380,60,2022,,2018-06-08,,,2024-05-22
미경태양광발전소2호,,전북특별자치도 고창군 성송면 사내리 251-20,35.3921642345429,126.645143673374,,정상가동,99.0,380,60,2022,,2018-06-08,,,2024-05-22
명진태양광발전소2호,,전북특별자치도 고창군 성송면 사내리 251-21,35.3920940052183,126.645138037231,,정상가동,99.0,380,60,2022,,2018-06-08,,,2024-05-22
가현태양광발전소2호,,전북특별자치도 고창군 성송면 사내리 251-22,35.3919848039095,126.645151173653,,정상가동,99.0,380,60,2022,,2018-06-08,,,2024-05-22
도도태양광발전소,,전북특별자치도 고창군 대산면 회룡리 233,35.3259097824849,126.530015019693,,정상가동,49.7,380,60,2021,,2018-06-08,,,2024-05-22
대산태양광발전소,,전북특별자치도 고창군 대산면 회룡리 233,35.3259097824849,126.530015019693,,정상가동,99.4,380,60,2021,,2018-06-08,,,2024-05-22
참햇살고창태양광발전소,,전북특별자치도 고창군 대산면 회룡리 233,35.3259097824849,126.530015019693,,정상가동,99.4,380,60,2021,,2018-06-08,,,2024-05-22
제이솔라2태양광발전소,,전북특별자치도 고창군 대산면 회룡리 233,35.3259097824849,126.530015019693,,정상가동,99.4,380,60,2021,,2018-06-08,,,2024-05-22
고창장태양광발전소,,전북특별자치도 고창군 대산면 회룡리 231,,,,정상가동,99.4,380,60,2021,,2018-06-08,,,2024-05-22
은곤2호태양광발전소,,전북특별자치도 고창군 대산면 회룡리 231,,,,정상가동,99.4,380,60,2021,,2018-06-08,,,2024-05-22
비엠고창태양광발전소,,전북특별자치도 고창군 대산면 회룡리 231,,,,정상가동,99.4,380,60,2021,,2018-06-08,,,2024-05-22
햇빛태양광발전소,,전북특별자치도 고창군 대산면 회룡리 230-3,,,,정상가동,99.4,380,60,2021,,2018-06-08,,,2024-05-22
송정4태양광발전소,,전북특별자치도 고창군 무장면 목우리 616,35.405230012398,126.605039733449,,정상가동,99.36,380,60,2021,,2018-06-08,,,2024-05-22
송정3태양광발전소,,전북특별자치도 고창군 무장면 목우리 616,35.405230012398,126.605039733449,,정상가동,99.36,380,60,2021,,2018-06-08,,,2024-05-22
송정2태양광발전소,,전북특별자치도 고창군 무장면 목우리 616,35.405230012398,126.605039733449,,정상가동,99.36,380,60,2021,,2018-06-08,,,2024-05-22
송정1태양광발전소,,전북특별자치도 고창군 무장면 목우리 616,35.405230012398,126.605039733449,,정상가동,99.36,380,60,2021,,2018-06-08,,,2024-05-22
참능력태양광발전소,,전북특별자치도 고창군 대산면 산정리 521-2,35.3431163500864,126.573483064213,,정상가동,99.0,380,60,2021,,2018-06-08,,,2024-05-22
우수태양광발전소,,전북특별자치도 고창군 대산면 산정리 524-6,35.3418565259823,126.574288957331,,정상가동,99.0,380,60,2021,,2018-06-08,,,2024-05-22
혁신태양광발전소,,전북특별자치도 고창군 대산면 산정리 524-8,35.34171204967,126.574418636903,,정상가동,99.0,380,60,2021,,2018-06-08,,,2024-05-22
유원태양광발전소,,전북특별자치도 고창군 대산면 산정리 526-7,35.3416170652974,126.573808957551,,정상가동,99.0,380,60,2021,,2018-06-08,,,2024-05-22
산정태양광발전소1호기,,전북특별자치도 고창군 대산면 산정리 521,35.3432537449322,126.573696849043,,정상가동,99.0,380,60,2021,,2018-06-08,,,2024-05-22
송일태양광발전소1호기,,전북특별자치도 고창군 대산면 산정리 521-7,35.3425928856546,126.573566667295,,정상가동,99.0,380,60,2021,,2018-06-08,,,2024-05-22
유진태양광발전소,,전북특별자치도 고창군 대산면 산정리 526-9,35.3413548656092,126.574165747632,,정상가동,99.0,380,60,2021,,2018-06-08,,,2024-05-22
현주태양광발전소,,전북특별자치도 고창군 대산면 산정리 521-1,35.3431513068924,126.573734458308,,정상가동,99.0,380,60,2021,,2018-06-08,,,2024-05-22
현우태양광발전소,,전북특별자치도 고창군 대산면 회룡리 230-1,,,,정상가동,99.4,380,60,2021,,2018-06-08,,,2024-05-22
고창원태양광발전소,,전북특별자치도 고창군 대산면 회룡리 230-1,,,,정상가동,99.4,380,60,2021,,2018-06-08,,,2024-05-22
전**1태양광발전소,,전북특별자치도 고창군 대산면 회룡리 229,35.3265773198845,126.528699415909,,정상가동,99.4,380,60,2021,,2018-06-08,,,2024-05-22
제이솔라1태양광발전소,,전북특별자치도 고창군 대산면 회룡리 229,35.3265773198845,126.528699415909,,정상가동,99.4,380,60,2021,,2018-06-08,,,2024-05-22
고창희태양광발전소,,전북특별자치도 고창군 대산면 회룡리 229,35.3265773198845,126.528699415909,,정상가동,99.4,380,60,2021,,2018-06-08,,,2024-05-22
푸른별태양광발전소,,전북특별자치도 고창군 대산면 회룡리 229,35.3265773198845,126.528699415909,,정상가동,99.4,380,60,2021,,2018-06-08,,,2024-05-22
정희8태양광발전소,,전북특별자치도 고창군 대산면 회룡리 248,,,,정상가동,85.2,380,60,2021,,2018-06-08,,,2024-05-22
한서태양광발전소,,전북특별자치도 고창군 대산면 회룡리 248,,,,정상가동,99.4,380,60,2021,,2018-06-08,,,2024-05-22
상상솔라발전소,,전북특별자치도 고창군 대산면 회룡리 228-2,,,,정상가동,99.4,380,60,2021,,2018-06-08,,,2024-05-22
남형8호태양광발전소,,전북특별자치도 고창군 대산면 회룡리 228,35.3273528730825,126.527627651317,,정상가동,99.4,380,60,2021,,2018-06-08,,,2024-05-22
남형7호태양광발전소,,전북특별자치도 고창군 대산면 회룡리 228,35.3273528730825,126.527627651317,,정상가동,99.4,380,60,2021,,2018-06-08,,,2024-05-22
창희2태양광발전소,,전북특별자치도 고창군 대산면 회룡리 228,35.3273528730825,126.527627651317,,정상가동,99.4,380,60,2021,,2018-06-08,,,2024-05-22
토탈25호태양광발전소,,전북특별자치도 고창군 공음면 덕암리 889-1,,,,정상가동,99.36,380,60,2021,,2018-06-07,,,2024-05-22
대명3태양광발전소,,전북특별자치도 고창군 공음면 덕암리 887-2,35.3440036580998,126.521056553547,,정상가동,99.36,380,60,2021,,2018-06-07,,,2024-05-22
남님태양광발전소,,전북특별자치도 고창군 공음면 덕암리 887-2,35.3440036580998,126.521056553547,,정상가동,99.36,380,60,2021,,2018-06-07,,,2024-05-22
덕암오렌지태양광발전소,,전북특별자치도 고창군 공음면 덕암리 887-2,35.3440036580998,126.521056553547,,정상가동,99.36,380,60,2021,,2018-06-07,,,2024-05-22
솔송3호태양광발전소,,전북특별자치도 고창군 공음면 덕암리 887-2,35.3440036580998,126.521056553547,,정상가동,99.36,380,60,2021,,2018-06-07,,,2024-05-22
전**태양광발전소,전북특별자치도 고창군 상하면 진암구시포로 495-22,,35.4430681813898,126.438278452993,,정상가동,19.88,380,60,2019,,2018-06-07,,,2024-05-22
성산8호 삼육태양광발전소,,전북특별자치도 고창군 아산면 성산리 607-9,35.4465878802996,126.588934295554,,정상가동,97.92,380,60,2021,,2018-06-07,,,2024-05-22
성산12호태양광발전소,,전북특별자치도 고창군 아산면 성산리 607-9,35.4465878802996,126.588934295554,,정상가동,97.92,380,60,2021,,2018-06-07,,,2024-05-22
성산9호 삼육태양광발전소,,전북특별자치도 고창군 아산면 성산리 607-9,35.4465878802996,126.588934295554,,정상가동,97.92,380,60,2021,,2018-06-07,,,2024-05-22
원동태양광발전소,,전북특별자치도 고창군 공음면 칠암리 960-16,35.3671448105253,126.511539687377,,정상가동,99.0,380,60,2020,,2018-02-07,,,2024-05-22
연지태양광발전소,,전북특별자치도 고창군 공음면 칠암리 988-3,35.3665837436686,126.509515564732,,정상가동,99.0,380,60,2021,,2018-05-30,,,2024-05-22
BS태양광발전소,,전북특별자치도 고창군 공음면 칠암리 988-5,35.3664023884524,126.509357661747,,정상가동,99.0,380,60,2021,,2018-05-30,,,2024-05-22
칠암태양광발전소,,전북특별자치도 고창군 공음면 칠암리 988-6,35.3663544826014,126.509168802221,,정상가동,99.0,380,60,2021,,2018-05-30,,,2024-05-22
원동태양광발전소4호기,,전북특별자치도 고창군 공음면 칠암리 988-4,35.3665288602061,126.509428419068,,정상가동,99.0,380,60,2021,,2018-05-30,,,2024-05-22
YL태양광발전소,,전북특별자치도 고창군 대산면 산정리 521-6,35.3427194340327,126.573618473689,,정상가동,99.0,380,60,2021,,2018-05-30,,,2024-05-22
우성1태양광발전소,,전북특별자치도 고창군 고수면 장두리 592-30,35.3957174327535,126.656786050851,,정상가동,99.36,380,60,2021,,2018-05-30,,,2024-05-22
유창태양광발전소3호기,,전북특별자치도 고창군 대산면 산정리 521-8,35.3424508021469,126.573607894785,,정상가동,99.0,380,60,2021,,2018-05-30,,,2024-05-22
수현2호 태양광발전소,전북특별자치도 고창군 대산면 대성로 166-32,,35.3329777885927,126.59826641736,,정상가동,97.92,380,60,2022,,2018-05-30,,,2024-05-22
수현1호 태양광발전소,전북특별자치도 고창군 대산면 대성로 166-32,,35.3329777885927,126.59826641736,,정상가동,97.92,380,60,2022,,2018-05-30,,,2024-05-22
장곡태양광발전소,,전북특별자치도 고창군 공음면 장곡리 산 20-6,,,,정상가동,99.0,380,60,2021,,2018-05-30,,,2024-05-22
원동태양광발전소2호기,,전북특별자치도 고창군 공음면 칠암리 988-7,35.3661457608433,126.509418743164,,정상가동,99.0,380,60,2021,,2018-05-30,,,2024-05-22
원동태양광발전소3호기,,전북특별자치도 고창군 공음면 칠암리 988-2,35.3666938269971,126.509612389843,,정상가동,99.0,380,60,2021,,2018-05-30,,,2024-05-22
원동태양광발전소5호기,,전북특별자치도 고창군 공음면 칠암리 988-1,35.3668232159254,126.50958024726,,정상가동,99.0,380,60,2021,,2018-05-30,,,2024-05-22
지혜1호 태양광발전소,,전북특별자치도 고창군 상하면 장산리 1-4,35.4563790083125,126.490684010815,,정상가동,99.0,380,60,2021,,2018-05-17,,,2024-05-22
송순1호태양광발전소,,전북특별자치도 고창군 상하면 장산리 1-4,35.4563790083125,126.490684010815,,정상가동,99.0,380,60,2021,,2018-05-17,,,2024-05-22
태남태양광발전소,,전북특별자치도 고창군 상하면 장산리 1-4,35.4563790083125,126.490684010815,,정상가동,99.0,380,60,2021,,2018-05-17,,,2024-05-22
원복1호태양광발전소,,전북특별자치도 고창군 상하면 장산리 1-4,35.4563790083125,126.490684010815,,정상가동,99.0,380,60,2021,,2018-05-17,,,2024-05-22
범구태양광발전소,,전북특별자치도 고창군 상하면 장산리 1-4,35.4563790083125,126.490684010815,,정상가동,99.0,380,60,2021,,2018-05-17,,,2024-05-22
영덕태양광발전소,,전북특별자치도 고창군 아산면 성산리 607-9,35.4465878802996,126.588934295554,,정상가동,97.92,380,60,2021,,2018-05-17,,,2024-05-22
장수1호태양광발전소,,전북특별자치도 고창군 아산면 성산리 607-9,35.4465878802996,126.588934295554,,정상가동,97.92,380,60,2021,,2018-05-17,,,2024-05-22
선영2호태양광발전소,,전북특별자치도 고창군 아산면 성산리 607,35.4455166066543,126.589948098131,,정상가동,97.92,380,60,2021,,2018-05-17,,,2024-05-22
호수태양광발전소,,전북특별자치도 고창군 아산면 성산리 607-9,35.4465878802996,126.588934295554,,정상가동,97.92,380,60,2021,,2018-05-17,,,2024-05-22
율촌4호태양광발전소,,전북특별자치도 고창군 대산면 율촌리 361-1,35.3379456271322,126.565659467419,,정상가동,50.63,380,60,2021,,2018-05-17,,,2024-05-22
율촌3호태양광발전소,,전북특별자치도 고창군 대산면 율촌리 361-6,35.3374161700862,126.565428449881,,정상가동,98.63,380,60,2021,,2018-05-17,,,2024-05-22
율촌2호태양광발전소,,전북특별자치도 고창군 대산면 율촌리 361-1,35.3379456271322,126.565659467419,,정상가동,97.92,380,60,2020,,2018-05-17,,,2024-05-22
율촌1호태양광발전소,,전북특별자치도 고창군 대산면 율촌리 361-4,35.3378328121558,126.565291913915,,정상가동,98.63,380,60,2021,,2018-05-17,,,2024-05-22
은지태양광발전소,,전북특별자치도 고창군 대산면 성남리 643-10,35.3722879770742,126.584473358201,,정상가동,99.0,380,60,2021,,2018-05-17,,,2024-05-22
수정태양광발전소,,전북특별자치도 고창군 대산면 성남리 643-7,35.372636060781,126.584209560488,,정상가동,99.0,380,60,2021,,2018-05-17,,,2024-05-22
태호2호태양광발전소,,전북특별자치도 고창군 공음면 덕암리 743-13,35.3385378496446,126.519055955359,,정상가동,99.18,380,60,2021,,2018-05-17,,,2024-05-22
경희태양광발전소,,전북특별자치도 고창군 공음면 덕암리 743-14,35.3384206835574,126.519057419587,,정상가동,99.9,380,60,2021,,2018-05-17,,,2024-05-22
임** 태양광발전소,,전북특별자치도 고창군 공음면 덕암리 743-3,35.3385234910457,126.518596143537,,정상가동,99.96,380,60,2021,,2018-05-17,,,2024-05-22
이**태양광발전소,,전북특별자치도 고창군 대산면 성남리 558,35.3654045517819,126.581952883714,,정상가동,99.4,380,60,2021,,2018-05-17,,,2024-05-22
라온3호태양광발전소,,전북특별자치도 고창군 대산면 성남리 557,35.3655696474583,126.582023444526,,정상가동,99.4,380,60,2021,,2018-05-17,,,2024-05-22
신성4호대양광발전소,,전북특별자치도 고창군 대산면 성남리 556,35.3657792966836,126.582024014348,,정상가동,99.4,380,60,2021,,2018-05-17,,,2024-05-22
자연태양광발전소,,전북특별자치도 고창군 무장면 옥산리 1270-5,,,,정상가동,99.4,380,60,2021,,2018-05-16,,,2024-05-22
둥지태양광발전소,,전북특별자치도 고창군 무장면 옥산리 1270-5,,,,정상가동,99.4,380,60,2021,,2018-05-16,,,2024-05-22
광명태양광발전소,,전북특별자치도 고창군 무장면 옥산리 1270-5,,,,정상가동,99.4,380,60,2021,,2018-05-16,,,2024-05-22
별빛고창태양광발전소,,전북특별자치도 고창군 무장면 옥산리 1270-2,35.3966625148868,126.597006438809,,정상가동,99.4,380,60,2021,,2018-05-16,,,2024-05-22
도담2태양광발전소,,전북특별자치도 고창군 무장면 옥산리 1270-2,35.3966625148868,126.597006438809,,정상가동,99.4,380,60,2021,,2018-05-16,,,2024-05-22
현규1태양광발전소,,전북특별자치도 고창군 무장면 옥산리 1270-3,,,,정상가동,99.4,380,60,2021,,2018-05-16,,,2024-05-22
델타솔라발전소,,전북특별자치도 고창군 무장면 옥산리 1270-2,35.3966625148868,126.597006438809,,정상가동,99.4,380,60,2021,,2018-05-16,,,2024-05-22
현원태양광발전소,,전북특별자치도 고창군 무장면 옥산리 1270-3,,,,정상가동,99.4,380,60,2021,,2018-05-16,,,2024-05-22
송정1발전소,,전북특별자치도 고창군 무장면 옥산리 1270-3,,,,정상가동,99.4,380,60,2021,,2018-05-16,,,2024-05-22
감마솔라발전소,,전북특별자치도 고창군 무장면 옥산리 1270-2,35.3966625148868,126.597006438809,,정상가동,99.4,380,60,2021,,2018-05-16,,,2024-05-22
화자1태양광발전소,,전북특별자치도 고창군 무장면 옥산리 1270-2,35.3966625148868,126.597006438809,,정상가동,99.4,380,60,2021,,2018-05-16,,,2024-05-22
문화태양광발전소,,전북특별자치도 고창군 무장면 옥산리 1270-3,,,,정상가동,99.4,380,60,2021,,2018-05-16,,,2024-05-22
알에스엔(RSN) 2호 태양광발전소,,전북특별자치도 고창군 무장면 옥산리 1270-3,,,,정상가동,99.4,380,60,2021,,2018-05-16,,,2024-05-22
우리태양광발전소,,전북특별자치도 고창군 무장면 옥산리 1270-3,,,,정상가동,99.4,380,60,2021,,2018-05-16,,,2024-05-22
세븐1호태양광발전소,,전북특별자치도 고창군 대산면 성남리 561,35.3651081542195,126.581575787433,,정상가동,99.4,380,60,2021,,2018-05-16,,,2024-05-22
조은성남 태양광발전소,,전북특별자치도 고창군 대산면 성남리 563,,,,정상가동,99.4,380,60,2021,,2018-05-16,,,2024-05-22
정상태양광발전소,,전북특별자치도 고창군 대산면 성남리 559,35.3651860943319,126.581907355843,,정상가동,99.4,380,60,2021,,2018-05-16,,,2024-05-22
제이플러스태양광발전소,,전북특별자치도 고창군 무장면 신촌리 144-8,35.3958409741018,126.549283576699,,정상가동,99.84,380,60,2021,,2018-05-16,,,2024-05-22
진영-고창태양광,,전북특별자치도 고창군 무장면 신촌리 455-5,35.3957366158853,126.548683810155,,정상가동,99.84,380,60,2021,,2018-05-16,,,2024-05-22
온누리태양광4호-고창태양광,,전북특별자치도 고창군 무장면 신촌리 455-6,35.3954458338979,126.548245023243,,정상가동,99.84,380,60,2021,,2018-05-16,,,2024-05-22
샤인에너지,,전북특별자치도 고창군 무장면 신촌리 455-4,35.3957726464274,126.548412605425,,정상가동,99.84,380,60,2021,,2018-05-16,,,2024-05-22
인암태양광,,전북특별자치도 고창군 무장면 신촌리 455-2,35.3959721735082,126.548550847897,,정상가동,99.84,380,60,2021,,2018-05-16,,,2024-05-22
신촌에너지,,전북특별자치도 고창군 무장면 신촌리 455-1,35.3962508711523,126.548577914069,,정상가동,99.84,380,60,2021,,2018-05-16,,,2024-05-22
현민 태양광발전소,,전북특별자치도 고창군 상하면 용정리 1593-20,35.452649438504,126.471977747533,,정상가동,99.0,380,60,2020,,2018-05-09,,,2024-05-22
고창이 태양광발전소,,전북특별자치도 고창군 상하면 용정리 1593-19,35.4528778095002,126.472344383655,,정상가동,99.33,380,60,2020,,2018-05-09,,,2024-05-22
한승태양광발전소,,전북특별자치도 고창군 상하면 용정리 1593-18,35.4530909780936,126.472656155021,,정상가동,99.4,380,60,2020,,2018-05-09,,,2024-05-22
궁전2호태양광발전소,,전북특별자치도 고창군 상하면 용정리 1593-17,35.453234071944,126.472793022171,,정상가동,99.0,380,60,2020,,2018-05-09,,,2024-05-22
궁전1호태양광발전소,,전북특별자치도 고창군 상하면 용정리 1593-16,35.4533529195019,126.473012221822,,정상가동,99.0,380,60,2020,,2018-05-09,,,2024-05-22
윤탁태양광발전소,,전북특별자치도 고창군 상하면 용정리 1593-15,35.4534150212029,126.473322447697,,정상가동,99.0,380,60,2020,,2018-05-09,,,2024-05-22
상하태양광발전소,,전북특별자치도 고창군 상하면 용정리 1593-13,35.4529289571,126.471715521869,,정상가동,99.0,380,60,2020,,2018-05-09,,,2024-05-22
다복2호태양광발전소,,전북특별자치도 고창군 상하면 용정리 1593-5,35.454118699965,126.472194624545,,정상가동,99.0,380,60,2020,,2018-05-09,,,2024-05-22
순종태양광발전소,,전북특별자치도 고창군 신림면 부송리 101-2,35.4686797679915,126.696485542147,,정상가동,71.28,380,60,2021,,2018-05-09,,,2024-05-22
수연태양광발전소,,전북특별자치도 고창군 상하면 용정리 산 143-1,,,,정상가동,99.0,380,60,2020,,2018-05-09,,,2024-05-22
온누리태양광발전소,,전북특별자치도 고창군 상하면 용정리 1593-12,35.4531279909459,126.471886278913,,정상가동,99.0,380,60,2020,,2018-05-09,,,2024-05-22
혜숙태양광발전소,,전북특별자치도 고창군 상하면 용정리 1593-11,35.4532390384627,126.472135158909,,정상가동,99.0,380,60,2020,,2018-05-09,,,2024-05-22
정자2호태양광발전소,,전북특별자치도 고창군 상하면 용정리 1593-10,35.4535159133076,126.472133901337,,정상가동,99.0,380,60,2020,,2018-05-09,,,2024-05-22
상삼태양광발전소,,전북특별자치도 고창군 상하면 용정리 1593-9,35.4536473835532,126.47216829165,,정상가동,99.0,380,60,2020,,2018-05-09,,,2024-05-22
왕태양광발전소,,전북특별자치도 고창군 상하면 용정리 1593-8,35.4537484391764,126.472234604821,,정상가동,99.0,380,60,2020,,2018-05-09,,,2024-05-22
매진태양광발전소,,전북특별자치도 고창군 상하면 용정리 1593-7,35.4538419587004,126.472308898402,,정상가동,99.0,380,60,2020,,2018-05-09,,,2024-05-22
행복태양광발전소,,전북특별자치도 고창군 상하면 용정리 1593-4,35.4537522407521,126.472630140216,,정상가동,99.0,380,60,2020,,2018-05-09,,,2024-05-22
소망 태양광발전소,,전북특별자치도 고창군 무장면 원촌리 223-3,35.4172622771307,126.577985797297,,정상가동,99.36,380,60,2020,,2018-05-09,,,2024-05-22
부흥솔라태양광발전소,,전북특별자치도 고창군 무장면 원촌리 223-7,35.4170676492439,126.577537698699,,정상가동,99.36,380,60,2020,,2018-05-09,,,2024-05-22
옥정2호태양광발전소,,전북특별자치도 고창군 무장면 원촌리 321-1,35.4169915396635,126.576522939757,,정상가동,99.36,380,60,2020,,2018-05-09,,,2024-05-22
옥정3호태양광발전소,,전북특별자치도 고창군 무장면 원촌리 321,35.4172779685095,126.576777653241,,정상가동,99.36,380,60,2020,,2018-05-09,,,2024-05-22
옥정4호태양광발전소,,전북특별자치도 고창군 무장면 원촌리 321-13,35.4167684512062,126.575979645727,,정상가동,99.36,380,60,2020,,2018-05-09,,,2024-05-22
엘사1호태양광발전소,,전북특별자치도 고창군 무장면 원촌리 321-2,35.4173231094199,126.575694542761,,정상가동,99.36,380,60,2020,,2018-05-09,,,2024-05-22
완산2호태양광발전소,,전북특별자치도 고창군 무장면 원촌리 321-12,35.4170616098777,126.575891678312,,정상가동,99.36,380,60,2020,,2018-05-09,,,2024-05-22
고창두성 태양광발전소,,전북특별자치도 고창군 무장면 원촌리 321-8,35.416995261523,126.576864792322,,정상가동,99.36,380,60,2020,,2018-05-09,,,2024-05-22
태성2 태양광발전소,,전북특별자치도 고창군 무장면 원촌리 321-7,35.416861963727,126.576583734296,,정상가동,99.36,380,60,2020,,2018-05-09,,,2024-05-22
엘사2호태양광발전소,,전북특별자치도 고창군 무장면 원촌리 321-3,35.4172835559679,126.576314746351,,정상가동,99.36,380,60,2020,,2018-05-09,,,2024-05-22
감수태양광발전소,,전북특별자치도 고창군 상하면 용정리 1600-22,35.4522070457633,126.470920323067,,정상가동,99.0,380,60,2020,,2018-05-09,,,2024-05-22
정원4호태양광발전소,,전북특별자치도 고창군 상하면 용정리 1600-21,35.452405380577,126.471034132955,,정상가동,99.0,380,60,2020,,2018-05-09,,,2024-05-22
정원3호태양광발전소,,전북특별자치도 고창군 상하면 용정리 1600-20,35.4526036898134,126.471162703885,,정상가동,99.0,380,60,2020,,2018-05-09,,,2024-05-22
정원2호태양광발전소,,전북특별자치도 고창군 상하면 용정리 1600-19,35.4528483907594,126.470894645135,,정상가동,99.0,380,60,2020,,2018-05-09,,,2024-05-22
초영태양광발전소,,전북특별자치도 고창군 상하면 용정리 192,35.4539272627125,126.470239769727,,정상가동,99.36,380,60,2021,,2018-05-09,,,2024-05-22
연호3호태양광발전소,,전북특별자치도 고창군 상하면 용정리 192,35.4539272627125,126.470239769727,,정상가동,99.36,380,60,2021,,2018-05-09,,,2024-05-22
영초태양광발전소,,전북특별자치도 고창군 상하면 용정리 192-1,35.4536369139656,126.470087128165,,정상가동,99.36,380,60,2021,,2018-05-09,,,2024-05-22
정순태양광발전소,전북특별자치도 고창군 무장면 동서대로 585-2,,35.4395076733888,126.548760468706,,정상가동,60.0,380,60,2019,,2018-05-09,,,2024-05-22
성희태양광발전소,전북특별자치도 고창군 무장면 동서대로 585-45,,35.4402505452399,126.550576418258,,정상가동,99.4,380,60,2019,,2018-05-09,,,2024-05-22
동갑태양광발전소,전북특별자치도 고창군 무장면 동서대로 585-45,,35.4402505452399,126.550576418258,,정상가동,99.4,380,60,2019,,2018-05-09,,,2024-05-22
강일태양광발전소,전북특별자치도 고창군 성송면 학천로 853,,35.3855254678813,126.64047709836,,정상가동,18.72,380,60,2018,,2018-05-09,,,2024-05-22
푸른1호 태양광발전소,,전북특별자치도 고창군 대산면 연동리 671-8,35.3373156820169,126.552680406629,,정상가동,99.4,380,60,2020,,2018-04-25,,,2024-05-22
SUN태양광발전소,,전북특별자치도 고창군 대산면 연동리 671-8,35.3373156820169,126.552680406629,,정상가동,99.4,380,60,2020,,2018-04-25,,,2024-05-22
서래2호태양광발전소,,전북특별자치도 고창군 대산면 연동리 671-8,35.3373156820169,126.552680406629,,정상가동,99.4,380,60,2020,,2018-04-25,,,2024-05-22
금오태양광발전소,,전북특별자치도 고창군 대산면 연동리 671-8,35.3373156820169,126.552680406629,,정상가동,99.4,380,60,2020,,2018-04-25,,,2024-05-22
써니태양광발전소,,전북특별자치도 고창군 대산면 연동리 671-8,35.3373156820169,126.552680406629,,정상가동,99.4,380,60,2020,,2018-04-25,,,2024-05-22
수경태양광발전소,,전북특별자치도 고창군 대산면 연동리 671-8,35.3373156820169,126.552680406629,,정상가동,99.4,380,60,2020,,2018-04-25,,,2024-05-22
현진태양광발전소,,전북특별자치도 고창군 대산면 성남리 556,35.3657792966836,126.582024014348,,정상가동,99.0,380,60,2021,,2018-04-25,,,2024-05-22
봉곡태양광발전소,,전북특별자치도 고창군 고창읍 신월리 218,35.4596793618251,126.680075646025,,정상가동,97.92,380,60,2020,,2018-04-16,,,2024-05-22
조경태양광발전소,,전북특별자치도 고창군 고창읍 신월리 218,35.4596793618251,126.680075646025,,정상가동,97.92,380,60,2020,,2018-04-16,,,2024-05-22
조국태양광발전소,,전북특별자치도 고창군 고창읍 신월리 218,35.4596793618251,126.680075646025,,정상가동,97.92,380,60,2020,,2018-04-16,,,2024-05-22
JH-4 태양광발전소,,전북특별자치도 고창군 무장면 월림리 462-1,35.4201987623328,126.543088600639,,정상가동,97.92,380,60,2021,,2018-04-16,,,2024-05-22
한영솔라에너지태양광발전소,,전북특별자치도 고창군 무장면 월림리 462-1,35.4201987623328,126.543088600639,,정상가동,97.92,380,60,2021,,2018-04-16,,,2024-05-22
고창낙원 태양광발전소,,전북특별자치도 고창군 부안면 선운리 895,,,,정상가동,97.2,380,60,2023,,2018-04-16,,,2024-05-22
보화2호 태양광발전소,,전북특별자치도 고창군 부안면 선운리 890-4,35.5388927088865,126.617457545966,,정상가동,97.2,380,60,2023,,2018-04-16,,,2024-05-22
황지태양광발전소,,전북특별자치도 고창군 부안면 선운리 890,35.5397130944716,126.617806739517,,정상가동,97.2,380,60,2023,,2018-04-16,,,2024-05-22
동신에너지고창 태양광발전소,,전북특별자치도 고창군 부안면 선운리 890,35.5397130944716,126.617806739517,,정상가동,97.2,380,60,2023,,2018-04-16,,,2024-05-22
고창햇살 태양광발전소,,전북특별자치도 고창군 부안면 선운리 895,,,,정상가동,97.2,380,60,2023,,2018-04-16,,,2024-05-22
선운1호태양광발전소,,전북특별자치도 고창군 부안면 선운리 890,35.5397130944716,126.617806739517,,정상가동,97.2,380,60,2023,,2018-04-16,,,2024-05-22
민주 태양광발전소,,전북특별자치도 고창군 부안면 선운리 890,35.5397130944716,126.617806739517,,정상가동,97.2,380,60,2023,,2018-04-16,,,2024-05-22
영웅태양광발전소,,전북특별자치도 고창군 부안면 선운리 890,35.5397130944716,126.617806739517,,정상가동,97.2,380,60,2023,,2018-04-16,,,2024-05-22
선명태양광발전소,,전북특별자치도 고창군 부안면 선운리 890,35.5397130944716,126.617806739517,,정상가동,97.2,380,60,2023,,2018-04-16,,,2024-05-22
Y.R태양광발전소,,전북특별자치도 고창군 부안면 선운리 890,35.5397130944716,126.617806739517,,정상가동,97.2,380,60,2023,,2018-04-16,,,2024-05-22
하이태양광발전소,,전북특별자치도 고창군 아산면 성산리 287-1,35.4380833426145,126.584417715282,,정상가동,79.2,380,60,2021,,2018-04-16,,,2024-05-22
성산태양광발전소,,전북특별자치도 고창군 아산면 성산리 287,35.4380672502596,126.584141695964,,정상가동,99.0,380,60,2021,,2018-04-16,,,2024-05-22
윈드엠솔라,,전북특별자치도 고창군 무장면 백양리 78-19,35.3993027689688,126.564599934896,,정상가동,498.96,380,60,2021,,2018-01-17,,,2024-05-22
창희솔라,,전북특별자치도 고창군 무장면 백양리 78-14,35.399661479178,126.564971508066,,정상가동,498.96,380,60,2021,,2018-01-17,,,2024-05-22
화산태양광발전소,전북특별자치도 고창군 해리면 왕촌화산길 16,,35.4749910912002,126.523502483438,,정상가동,49.7,380,60,2019,,2018-04-16,,,2024-05-22
조은건동태양광발전소,,전북특별자치도 고창군 공음면 건동리 830,35.3746121783615,126.562653278704,,정상가동,97.92,380,60,2021,,2018-04-06,,,2024-05-22
학산태양광발전소3호기,,전북특별자치도 고창군 공음면 칠암리 960-19,35.3669788384531,126.512132347713,,정상가동,99.0,380,60,2021,,2018-04-06,,,2024-05-22
학산태양광발전소1호기,,전북특별자치도 고창군 공음면 칠암리 960-17,35.3670710396497,126.511417552202,,정상가동,99.0,380,60,2021,,2018-04-06,,,2024-05-22
학산태양광발전소4호기,,전북특별자치도 고창군 공음면 칠암리 960-20,35.3669118777805,126.512067169558,,정상가동,99.0,380,60,2021,,2018-04-06,,,2024-05-22
학산태양광발전소2호기,,전북특별자치도 고창군 공음면 칠암리 960-18,35.367031050438,126.511826244916,,정상가동,99.0,380,60,2021,,2018-04-06,,,2024-05-22
학산태양광발전소5호기,,전북특별자치도 고창군 공음면 칠암리 960-21,35.3668285960099,126.511866306281,,정상가동,99.0,380,60,2021,,2018-04-06,,,2024-05-22
수광태양광발전소,,전북특별자치도 고창군 흥덕면 사천리 353,35.5013214416734,126.690256322994,,정상가동,99.0,380,60,2019,,2018-04-06,,,2024-05-22
지수태양광발전소,,전북특별자치도 고창군 흥덕면 사천리 353,35.5013214416734,126.690256322994,,정상가동,99.0,380,60,2019,,2018-04-06,,,2024-05-22
신기1호태양광발전소,,전북특별자치도 고창군 무장면 만화리 198,35.4065386221744,126.537891875736,,정상가동,97.92,380,60,2021,,2018-04-06,,,2024-05-22
신흥2호태양광발전소,,전북특별자치도 고창군 공음면 두암리 1066,35.422578892196,126.50687108617,,정상가동,97.92,380,60,2021,,2018-04-06,,,2024-05-22
신흥1호태양광발전소,,전북특별자치도 고창군 공음면 두암리 1065,35.422575397354,126.506545068936,,정상가동,97.92,380,60,2021,,2018-04-06,,,2024-05-22
신흥태양광발전소,,전북특별자치도 고창군 공음면 두암리 1065,35.422575397354,126.506545068936,,정상가동,97.92,380,60,2021,,2018-04-06,,,2024-05-22
수동리황소태양광발전소,,전북특별자치도 고창군 부안면 수동리 760-7,35.5266709726352,126.655951175643,,정상가동,99.4,380,60,2020,,2018-04-06,,,2024-05-22
(유)팔오에너지,,전북특별자치도 고창군 부안면 수동리 760-6,35.5267047448879,126.65587870505,,정상가동,99.4,380,60,2020,,2018-04-06,,,2024-05-22
미카엘라협동조합,,전북특별자치도 고창군 부안면 수동리 760-2,35.5266045736636,126.655139992703,,정상가동,99.4,380,60,2020,,2018-04-06,,,2024-05-22
카우4호 태양광발전소,,전북특별자치도 고창군 부안면 수동리 760-11,35.5263790577389,126.655862013956,,정상가동,99.4,380,60,2020,,2018-04-06,,,2024-05-22
동진태양광발전소,,전북특별자치도 고창군 흥덕면 신덕리 572-4,35.5623537438757,126.675579953705,,정상가동,97.92,380,60,2021,,2018-04-06,,,2024-05-22
대전태양광발전소,,전북특별자치도 고창군 흥덕면 신덕리 572-4,35.5623537438757,126.675579953705,,정상가동,97.92,380,60,2021,,2018-04-06,,,2024-05-22
내촌태양광발전소,,전북특별자치도 고창군 흥덕면 신덕리 572-4,35.5623537438757,126.675579953705,,정상가동,97.92,380,60,2021,,2018-04-06,,,2024-05-22
평촌태양광발전소,,전북특별자치도 고창군 흥덕면 신덕리 572-4,35.5623537438757,126.675579953705,,정상가동,97.92,380,60,2021,,2018-04-06,,,2024-05-22
월촌태양광발전소,,전북특별자치도 고창군 흥덕면 신덕리 572-4,35.5623537438757,126.675579953705,,정상가동,97.92,380,60,2021,,2018-04-06,,,2024-05-22
보라태양광발전소,,전북특별자치도 고창군 흥덕면 신덕리 572-4,35.5623537438757,126.675579953705,,정상가동,97.92,380,60,2021,,2018-04-06,,,2024-05-22
정숙2호태양광발전소,,전북특별자치도 고창군 흥덕면 신덕리 572-4,35.5623537438757,126.675579953705,,정상가동,97.92,380,60,2021,,2018-04-06,,,2024-05-22
세영3호태양광발전소,,전북특별자치도 고창군 흥덕면 신덕리 572-2,35.5620113869783,126.674092806253,,정상가동,97.92,380,60,2021,,2018-04-06,,,2024-05-22
영지3호태양광발전소,,전북특별자치도 고창군 흥덕면 신덕리 572-2,35.5620113869783,126.674092806253,,정상가동,97.92,380,60,2021,,2018-04-06,,,2024-05-22
승열태양광발전소,,전북특별자치도 고창군 흥덕면 신덕리 572-4,35.5623537438757,126.675579953705,,정상가동,97.92,380,60,2021,,2018-04-06,,,2024-05-22
동익태양광발전소,,전북특별자치도 고창군 흥덕면 신덕리 572-4,35.5623537438757,126.675579953705,,정상가동,97.92,380,60,2021,,2018-04-06,,,2024-05-22
DH solar태양광발전소,,전북특별자치도 고창군 흥덕면 신덕리 572-2,35.5620113869783,126.674092806253,,정상가동,97.92,380,60,2021,,2018-04-06,,,2024-05-22
하솔라2호태양광발전소,,전북특별자치도 고창군 흥덕면 신덕리 572-2,35.5620113869783,126.674092806253,,정상가동,97.92,380,60,2021,,2018-04-06,,,2024-05-22
지사랑태양광발전소,,전북특별자치도 고창군 흥덕면 신덕리 572-2,35.5620113869783,126.674092806253,,정상가동,97.92,380,60,2021,,2018-04-06,,,2024-05-22
거북선2호태양광발전소,,전북특별자치도 고창군 흥덕면 신덕리 572-2,35.5620113869783,126.674092806253,,정상가동,97.92,380,60,2021,,2018-04-06,,,2024-05-22
가온태양광발전소,,전북특별자치도 고창군 흥덕면 신덕리 572-2,35.5620113869783,126.674092806253,,정상가동,97.92,380,60,2021,,2018-04-06,,,2024-05-22
고창빛날태양광발전소,,전북특별자치도 고창군 흥덕면 신덕리 572-4,35.5623537438757,126.675579953705,,정상가동,97.92,380,60,2021,,2018-04-06,,,2024-05-22
대원태양광발전소,,전북특별자치도 고창군 흥덕면 신덕리 572-4,35.5623537438757,126.675579953705,,정상가동,97.92,380,60,2021,,2018-04-06,,,2024-05-22
춘미태양광발전소,,전북특별자치도 고창군 흥덕면 신덕리 572-4,35.5623537438757,126.675579953705,,정상가동,97.92,380,60,2021,,2018-04-06,,,2024-05-22
환희2호태양광발전소,,전북특별자치도 고창군 흥덕면 신덕리 572-4,35.5623537438757,126.675579953705,,정상가동,97.92,380,60,2021,,2018-04-06,,,2024-05-22
미담 태양광발전소,,전북특별자치도 고창군 흥덕면 신덕리 572-4,35.5623537438757,126.675579953705,,정상가동,97.92,380,60,2021,,2018-04-06,,,2024-05-22
은혜태양광발전소,,전북특별자치도 고창군 흥덕면 송암리 666,35.5095345174397,126.704535886458,,정상가동,99.96,380,60,2021,,2018-04-06,,,2024-05-22
수지태양광발전소,,전북특별자치도 고창군 공음면 덕암리 821-14,35.3399586270689,126.521082294585,,정상가동,99.36,380,60,2021,,2018-04-02,,,2024-05-22
덕암예송태양광발전소,,전북특별자치도 고창군 공음면 덕암리 821-13,35.3400830773374,126.521008410907,,정상가동,99.36,380,60,2021,,2018-04-02,,,2024-05-22
정명태양광발전소제2호,,전북특별자치도 고창군 공음면 덕암리 821-12,35.340186611904,126.520978760109,,정상가동,99.36,380,60,2021,,2018-04-02,,,2024-05-22
정명태양광발전소제3호,,전북특별자치도 고창군 공음면 덕암리 821-1,35.3404258257228,126.520843038914,,정상가동,99.36,380,60,2021,,2018-04-02,,,2024-05-22
화중태양광발전소,,전북특별자치도 고창군 공음면 덕암리 821-10,35.3403133898496,126.521355969473,,정상가동,99.36,380,60,2021,,2018-04-02,,,2024-05-22
윤재태양광발전소,,전북특별자치도 고창군 공음면 덕암리 821-18,35.3399008825919,126.521590719534,,정상가동,99.36,380,60,2021,,2018-04-02,,,2024-05-22
성현태양광발전소,,전북특별자치도 고창군 공음면 덕암리 821-17,35.3397139071984,126.521739769621,,정상가동,99.36,380,60,2021,,2018-04-02,,,2024-05-22
학승태양광발전소,,전북특별자치도 고창군 공음면 덕암리 821-16,35.3396437926723,126.521627984405,,정상가동,99.36,380,60,2021,,2018-04-02,,,2024-05-22
주영태양광발전소,,전북특별자치도 고창군 공음면 덕암리 829-2,35.3392792588716,126.521276599651,,정상가동,99.36,380,60,2021,,2018-04-02,,,2024-05-22
둔촌태양광발전소,,전북특별자치도 고창군 공음면 덕암리 821-15,35.3397768032339,126.520961709044,,정상가동,99.36,380,60,2021,,2018-04-02,,,2024-05-22
대박태양광발전소,,전북특별자치도 고창군 공음면 덕암리 829-1,35.3393978190538,126.52105821419,,정상가동,99.36,380,60,2021,,2018-04-02,,,2024-05-22
용반1태양광발전소,,전북특별자치도 고창군 흥덕면 용반리 800-4,35.571365714739,126.70528113041,,정상가동,99.4,380,60,2020,,2018-04-02,,,2024-05-22
신우태양광발전소,,전북특별자치도 고창군 아산면 계산리 934,35.4715113103261,126.627890755529,,정상가동,99.4,380,60,2020,,2018-04-02,,,2024-05-22
지성태양광발전소,,전북특별자치도 고창군 공음면 칠암리 960-23,35.3666629317287,126.511798861854,,정상가동,99.36,380,60,2021,,2018-03-26,,,2024-05-22
영주태양광발전소,,전북특별자치도 고창군 공음면 칠암리 960-24,35.3666159478931,126.512172053125,,정상가동,99.36,380,60,2021,,2018-03-26,,,2024-05-22
명은태양광발전소,,전북특별자치도 고창군 공음면 칠암리 960-26,35.3664735512731,126.512331249833,,정상가동,99.36,380,60,2021,,2018-03-26,,,2024-05-22
옥경태양광발전소,,전북특별자치도 고창군 공음면 칠암리 960-25,35.3664896925395,126.511931286435,,정상가동,99.36,380,60,2021,,2018-03-26,,,2024-05-22
해바라기태양광발전소,,전북특별자치도 고창군 공음면 칠암리 960-22,35.3667749372123,126.512081968101,,정상가동,99.36,380,60,2021,,2018-03-26,,,2024-05-22
정현태양광발전소,,전북특별자치도 고창군 공음면 덕암리 849,35.3418310856092,126.521049904963,,정상가동,99.36,380,60,2020,,2018-03-26,,,2024-05-22
다온태양광발전소,,전북특별자치도 고창군 공음면 덕암리 849,35.3418310856092,126.521049904963,,정상가동,99.36,380,60,2020,,2018-03-26,,,2024-05-22
강철태양광발전소,,전북특별자치도 고창군 공음면 덕암리 849,35.3418310856092,126.521049904963,,정상가동,99.36,380,60,2020,,2018-03-26,,,2024-05-22
향산마을태양광발전소,,전북특별자치도 고창군 성송면 향산리 214-1,35.3774971949614,126.641103903868,,정상가동,9.66,220,60,2018,,2018-03-21,,,2024-05-22
송암태양광발전소,,전북특별자치도 고창군 흥덕면 송암리 666,35.5095345174397,126.704535886458,,정상가동,99.96,380,60,2021,,2018-03-21,,,2024-05-22
옥임태양광발전소,,전북특별자치도 고창군 흥덕면 송암리 666,35.5095345174397,126.704535886458,,정상가동,99.96,380,60,2021,,2018-03-21,,,2024-05-22
정환태양광발전소,,전북특별자치도 고창군 공음면 칠암리 산 153,,,,정상가동,99.96,380,60,2021,,2018-03-21,,,2024-05-22
메트로7호태양광발전소,,전북특별자치도 고창군 무장면 월림리 462-1,35.4201987623328,126.543088600639,,정상가동,97.92,380,60,2021,,2018-03-05,,,2024-05-22
맑음1호태양광발전소,,전북특별자치도 고창군 무장면 월림리 458,35.4197468712108,126.543500751287,,정상가동,97.92,380,60,2021,,2018-03-05,,,2024-05-22
희숙태양광발전소,,전북특별자치도 고창군 무장면 월림리 461-5,35.4198204119108,126.542427339862,,정상가동,97.92,380,60,2021,,2018-03-05,,,2024-05-22
너구리1호태양광발전소,,전북특별자치도 고창군 무장면 월림리 298-1,35.4194745931765,126.54412329032,,정상가동,97.92,380,60,2021,,2018-03-05,,,2024-05-22
JH솔라태양광발전소,,전북특별자치도 고창군 무장면 월림리 458,35.4197468712108,126.543500751287,,정상가동,97.92,380,60,2021,,2018-03-05,,,2024-05-22
NEO 태양광발전소,,전북특별자치도 고창군 무장면 월림리 459,35.4200367064781,126.542493392629,,정상가동,97.92,380,60,2021,,2018-03-05,,,2024-05-22
온빛태양광발전소,,전북특별자치도 고창군 무장면 월림리 459,35.4200367064781,126.542493392629,,정상가동,97.92,380,60,2021,,2018-03-05,,,2024-05-22
부광1호태양광발전소,,전북특별자치도 고창군 무장면 월림리 460,35.4194821602375,126.542691857504,,정상가동,97.92,380,60,2021,,2018-03-05,,,2024-05-22
고창태양광발전소,,전북특별자치도 고창군 무장면 월림리 460,35.4194821602375,126.542691857504,,정상가동,97.92,380,60,2021,,2018-03-05,,,2024-05-22
JH-3 태양광발전소,,전북특별자치도 고창군 무장면 월림리 산 58,,,,정상가동,97.92,380,60,2021,,2018-03-05,,,2024-05-22
선명태양광발전소,,전북특별자치도 고창군 무장면 월림리 산 58,,,,정상가동,97.92,380,60,2021,,2018-03-05,,,2024-05-22
신연태양광발전소,,전북특별자치도 고창군 무장면 월림리 299-3,35.4191697529791,126.544023379281,,정상가동,97.92,380,60,2021,,2018-03-05,,,2024-05-22
헬리오스태양광발전소,,전북특별자치도 고창군 무장면 월림리 299-1,35.4190560539548,126.545230895779,,정상가동,97.92,380,60,2021,,2018-03-05,,,2024-05-22
너구리1호태양광발전소,,전북특별자치도 고창군 무장면 월림리 303,35.419034764549,126.545609120586,,정상가동,97.92,380,60,2021,,2018-03-05,,,2024-05-22
꼬꼬선우태양광발전소,,전북특별자치도 고창군 무장면 월림리 299-1,35.4190560539548,126.545230895779,,정상가동,97.92,380,60,2021,,2018-03-05,,,2024-05-22
채원태양광발전소,,전북특별자치도 고창군 무장면 월림리 458-1,35.4200262091608,126.543148922966,,정상가동,97.92,380,60,2021,,2018-03-05,,,2024-05-22
에스에이치(SH)태양광발전소,,전북특별자치도 고창군 무장면 월림리 299-1,35.4190560539548,126.545230895779,,정상가동,97.92,380,60,2021,,2018-03-05,,,2024-05-22
혜현태양광발전소,,전북특별자치도 고창군 무장면 월림리 299-1,35.4190560539548,126.545230895779,,정상가동,97.92,380,60,2021,,2018-03-05,,,2024-05-22
성황 태양광발전소,,전북특별자치도 고창군 무장면 월림리 299-2,35.4190998061768,126.544595335836,,정상가동,97.92,380,60,2021,,2018-03-05,,,2024-05-22
다올태양광발전소,,전북특별자치도 고창군 신림면 벽송리 578-10,35.4660326487695,126.678193666864,,정상가동,99.4,380,60,2020,,2018-03-02,,,2024-05-22
연오태양광발전소,,전북특별자치도 고창군 신림면 벽송리 578-9,35.4663165877257,126.678136017904,,정상가동,99.4,380,60,2021,,2018-03-02,,,2024-05-22
벽송태양광발전소,,전북특별자치도 고창군 신림면 벽송리 578-11,35.4657722299069,126.678385078988,,정상가동,99.4,380,60,2020,,2018-03-02,,,2024-05-22
소망태양광발전소,,전북특별자치도 고창군 신림면 벽송리 578-8,35.4664579147943,126.677933951126,,정상가동,99.4,380,60,2021,,2018-03-02,,,2024-05-22
석우태양광발전소,,전북특별자치도 고창군 신림면 벽송리 578-5,35.4666530233377,126.677958402609,,정상가동,99.4,380,60,2021,,2018-03-02,,,2024-05-22
성산5호태양광발전소,,전북특별자치도 고창군 아산면 성산리 607-17,35.446078919508,126.588830925536,,정상가동,97.92,380,60,2023,,2018-03-02,,,2024-05-22
여명태양광발전소,,전북특별자치도 고창군 아산면 성산리 607-9,35.4465878802996,126.588934295554,,정상가동,97.92,380,60,2023,,2018-03-02,,,2024-05-22
성산3호태양광발전소,,전북특별자치도 고창군 아산면 성산리 607-15,35.4463019220728,126.588995227153,,정상가동,97.92,380,60,2023,,2018-03-02,,,2024-05-22
성산2호태양광발전소,,전북특별자치도 고창군 아산면 성산리 607-14,35.4464436906844,126.588993074538,,정상가동,97.92,380,60,2023,,2018-03-02,,,2024-05-22
성산리1호태양광발전소,,전북특별자치도 고창군 아산면 성산리 607-9,35.4465878802996,126.588934295554,,정상가동,97.92,380,60,2023,,2018-03-02,,,2024-05-22
축협2호태양광발전소,,전북특별자치도 고창군 흥덕면 용반리 739-4,35.5583029049673,126.69854601342,,정상가동,99.0,380,60,2021,,2018-03-02,,,2024-05-22
호룡마태양광발전소,,전북특별자치도 고창군 흥덕면 용반리 749,35.5639929620524,126.702390451648,,정상가동,99.4,380,60,2020,,2018-03-02,,,2024-05-22
TIMS태양광발전소,,전북특별자치도 고창군 흥덕면 용반리 748,35.5635720563071,126.702901724312,,정상가동,99.4,380,60,2020,,2018-03-02,,,2024-05-22
에스와이2태양광발전소,,전북특별자치도 고창군 흥덕면 용반리 612,35.5635702392668,126.70344497999,,정상가동,99.4,380,60,2020,,2018-03-02,,,2024-05-22
유니태양광발전소,,전북특별자치도 고창군 상하면 하장리 127-2,35.4261167481015,126.495878691399,,정상가동,97.92,380,60,2021,,2018-03-02,,,2024-05-22
현지태양광발전소,,전북특별자치도 고창군 상하면 하장리 127-2,35.4261167481015,126.495878691399,,정상가동,97.92,380,60,2021,,2018-03-02,,,2024-05-22
수정태양광발전소,,전북특별자치도 고창군 상하면 하장리 127-2,35.4261167481015,126.495878691399,,정상가동,97.92,380,60,2021,,2018-03-02,,,2024-05-22
무지개2호태양광발전소,,전북특별자치도 고창군 대산면 광대리 1162,35.3700259904132,126.576030586184,,정상가동,97.92,380,60,2021,,2018-02-27,,,2024-05-22
무지개1호태양광발전소,,전북특별자치도 고창군 대산면 광대리 1162,35.3700259904132,126.576030586184,,정상가동,97.92,380,60,2021,,2018-02-27,,,2024-05-22
초내태양광발전소,,전북특별자치도 고창군 고수면 초내리 39,35.3783288889139,126.671408183924,,정상가동,99.23,380,60,2020,,2018-02-26,,,2024-05-22
더함솔라태양광발전소,,전북특별자치도 고창군 고수면 평지리 80,35.3759746191077,126.679014147395,,정상가동,51.68,380,60,2021,,2018-02-26,,,2024-05-22
우리에너지1호,,전북특별자치도 고창군 성내면 산림리 241-3,35.5300951774158,126.763318673437,,정상가동,99.28,380,60,2022,,2018-02-26,,,2024-05-22
우리에너지11호,,전북특별자치도 고창군 성내면 산림리 251,35.5302096451617,126.762448835939,,정상가동,99.28,380,60,2022,,2018-02-26,,,2024-05-22
우리에너지15호,,전북특별자치도 고창군 성내면 산림리 251,35.5302096451617,126.762448835939,,정상가동,99.28,380,60,2022,,2018-02-26,,,2024-05-22
선산3호태양광발전소,,전북특별자치도 고창군 공음면 선동리 878-4,35.3818022105648,126.5463581408,,정상가동,99.0,380,60,2021,,2018-02-26,,,2024-05-22
선산2호태양광발전소,,전북특별자치도 고창군 공음면 선동리 878-6,35.3814110362442,126.546165422804,,정상가동,99.0,380,60,2021,,2018-02-26,,,2024-05-22
선산1호태양광발전소,,전북특별자치도 고창군 공음면 선동리 878-5,35.3815412580686,126.546232487636,,정상가동,99.0,380,380,2021,,2018-02-26,,,2024-05-22
선희태양광발전소,,전북특별자치도 고창군 아산면 학전리 926-1,35.4451877750004,126.595092083718,,정상가동,99.96,380,60,2021,,2018-02-26,,,2024-05-22
건태양광발전소,,전북특별자치도 고창군 부안면 상암리 14,35.5613706404287,126.64269066663,,정상가동,90.17,380,60,2021,,2018-02-19,,,2024-05-22
유미쏠라태양광발전소,,전북특별자치도 고창군 공음면 칠암리 984-2,35.367299459037,126.509532582098,,정상가동,99.36,380,60,2021,,2018-02-19,,,2024-05-22
DWD태양광발전소,,전북특별자치도 고창군 공음면 칠암리 984,35.3673819009672,126.509458909482,,정상가동,99.36,380,60,2021,,2018-02-19,,,2024-05-22
(주)서정엠앤피태양광발전소1호기,,전북특별자치도 고창군 공음면 칠암리 986,35.3676206218675,126.509671595794,,정상가동,99.36,380,60,2021,,2018-02-19,,,2024-05-22
(주)서정엠앤피태양광발전소2호기,,전북특별자치도 고창군 공음면 칠암리 986-4,35.3677300138044,126.509709116884,,정상가동,99.36,380,60,2021,,2018-02-19,,,2024-05-22
수아태양광발전소,,전북특별자치도 고창군 공음면 칠암리 984-4,35.3674055526073,126.50951246395,,정상가동,99.36,380,60,2021,,2018-02-19,,,2024-05-22
태현태양광발전소,,전북특별자치도 고창군 공음면 칠암리 960-28,35.3661458579897,126.512136699465,,정상가동,99.36,380,60,2020,,2018-02-19,,,2024-05-22
예은태양광발전소2호기,,전북특별자치도 고창군 공음면 칠암리 960-27,35.3663113022747,126.51217201541,,정상가동,99.36,380,60,2021,,2018-02-19,,,2024-05-22
경동태양광발전소2호기,,전북특별자치도 고창군 공음면 칠암리 960-29,35.3660683511799,126.512316961669,,정상가동,99.36,380,60,2021,,2018-02-19,,,2024-05-22
경동태양광발전소1호기,,전북특별자치도 고창군 공음면 칠암리 986-12,35.365917948991,126.511743488874,,정상가동,99.36,380,60,2021,,2018-02-19,,,2024-05-22
KM ECO 2 태양광발전소,,전북특별자치도 고창군 흥덕면 사포리 298-2,35.5415435282865,126.678912454589,,정상가동,99.2,380,60,2020,,2018-02-19,,,2024-05-22
케이엠 에코(KM ECO) 1 태양광발전소,,전북특별자치도 고창군 흥덕면 사포리 298-1,35.5420632940609,126.679381918062,,정상가동,99.2,380,60,2020,,2018-02-19,,,2024-05-22
빅토리태양광발전소,,전북특별자치도 고창군 공음면 덕암리 638,35.335026541621,126.525780120804,,정상가동,97.92,380,60,2020,,2018-02-19,,,2024-05-22
효성장두4 태양광발전소,,전북특별자치도 고창군 고수면 장두리 582-2,35.3983279700889,126.665803862451,,정상가동,99.4,380,60,2023,,2018-02-19,,,2024-05-22
효성장두3 태양광발전소,,전북특별자치도 고창군 고수면 장두리 582-2,35.3983279700889,126.665803862451,,정상가동,99.4,380,60,2023,,2018-02-19,,,2024-05-22
원촌2호태양광발전소,,전북특별자치도 고창군 무장면 원촌리 372,35.4203404351991,126.575284534661,,정상가동,97.92,380,60,2021,,2018-02-12,,,2024-05-22
원촌1호태양광발전소,,전북특별자치도 고창군 무장면 원촌리 372,35.4203404351991,126.575284534661,,정상가동,97.92,380,60,2021,,2018-02-12,,,2024-05-22
한결8호태양광발전소,,전북특별자치도 고창군 대산면 산정리 510,35.343086709124,126.572033046145,,정상가동,97.92,380,60,2021,,2018-02-06,,,2024-05-22
한결9호태양광발전소,,전북특별자치도 고창군 대산면 산정리 508-1,35.3427946205582,126.5718889426,,정상가동,97.92,380,60,2021,,2018-02-06,,,2024-05-22
석교발전소,,전북특별자치도 고창군 공음면 석교리 380,35.3905511167753,126.503542536279,,정상가동,93.6,380,60,2021,,2018-02-06,,,2024-05-22
골드썬태양광발전소,,전북특별자치도 고창군 무장면 백양리 62-2,35.3993322871722,126.566466947096,,정상가동,97.92,380,60,2023,,2018-02-06,,,2024-05-22
광성1호태양광발전소,,전북특별자치도 고창군 고창읍 덕산리 966,35.4234144849286,126.687402864211,,정상가동,99.0,380,60,2021,,2018-02-05,,,2024-05-22
광성2호태양광발전소,,전북특별자치도 고창군 고창읍 덕산리 966-1,35.4233524081268,126.687307636223,,정상가동,99.0,380,60,2021,,2018-02-05,,,2024-05-22
자자태양광발전소,,전북특별자치도 고창군 고수면 상평리 892,35.3959254502647,126.688760441176,,정상가동,99.96,380,60,2021,,2018-02-05,,,2024-05-22
거북선태양광발전소,,전북특별자치도 고창군 무장면 백양리 62-4,35.3989071352541,126.567220622772,,정상가동,97.92,380,60,2023,,2018-01-05,,,2024-05-22
재분 태양광발전소,,전북특별자치도 고창군 무장면 백양리 62-7,35.3988153837626,126.566567684454,,정상가동,97.92,380,60,2023,,2018-01-05,,,2024-05-22
석호 태양광발전소,,전북특별자치도 고창군 무장면 백양리 62-5,,,,정상가동,97.92,380,60,2023,,2018-01-05,,,2024-05-22
소진 태양광발전소,,전북특별자치도 고창군 무장면 백양리 62-29,35.3980255604842,126.567120539576,,정상가동,97.92,380,60,2023,,2018-01-05,,,2024-05-22
신고1호 태양광발전소,,전북특별자치도 고창군 무장면 백양리 62-25,35.3983840885401,126.566663779457,,정상가동,97.92,380,60,2023,,2018-01-05,,,2024-05-22
가람태양광발전소,,전북특별자치도 고창군 무장면 백양리 62-23,35.3986284721908,126.567629953473,,정상가동,97.92,380,60,2023,,2018-01-05,,,2024-05-22
JK태양광발전소,,전북특별자치도 고창군 무장면 백양리 62-26,35.3983111219712,126.566599553938,,정상가동,97.92,380,60,2023,,2018-01-05,,,2024-05-22
미담태양광발전소,,전북특별자치도 고창군 무장면 백양리 62-21,35.3985631340262,126.566600737108,,정상가동,97.92,380,60,2023,,2018-01-05,,,2024-05-22
김옥2호 태양광발전소,,전북특별자치도 고창군 무장면 백양리 62-24,35.3984690691876,126.566735426154,,정상가동,97.92,380,60,2023,,2018-01-05,,,2024-05-22
파워쏠라태양광발전소,,전북특별자치도 고창군 무장면 백양리 62-10,35.399160211469,126.566638711513,,정상가동,97.92,380,60,2023,,2018-01-05,,,2024-05-22
유화태양광발전소,,전북특별자치도 고창군 무장면 백양리 62-15,35.3988793729055,126.566817771786,,정상가동,97.92,380,60,2023,,2018-01-05,,,2024-05-22
승미1호태양광발전소,,전북특별자치도 고창군 무장면 백양리 62-17,35.3987147571906,126.566230170982,,정상가동,97.92,380,60,2023,,2018-01-05,,,2024-05-22
제이앤에이치태양광발전소,,전북특별자치도 고창군 무장면 백양리 62-8,35.3990383015805,126.566448376371,,정상가동,97.92,380,60,2023,,2018-01-05,,,2024-05-22
일출2호태양광발전소,,전북특별자치도 고창군 무장면 백양리 62-30,35.3981774729035,126.567484196136,,정상가동,97.92,380,60,2023,,2018-01-05,,,2024-05-22
미산태양광발전소,,전북특별자치도 고창군 해리면 사반리 574-55,35.4871240538194,126.479225682482,,정상가동,34.38,380,60,2019,,2017-10-31,,,2024-05-22
이노태양광발전소,,전북특별자치도 고창군 대산면 율촌리 72-2,35.3376595937289,126.56801194126,,정상가동,499.0,380,60,2020,,2017-12-29,,,2024-05-22
영산태양광발전소,,전북특별자치도 고창군 공음면 덕암리 743-3,35.3385234910457,126.518596143537,,정상가동,499.5,380,60,2021,,2017-12-21,,,2024-05-22
배순태양광발전소,,전북특별자치도 고창군 성송면 산수리 1036,35.3504362220299,126.613226856959,,정상가동,499.0,380,60,2021,,2017-12-21,,,2024-05-22
남산2호태양광발전소,,전북특별자치도 고창군 공음면 칠암리 988-10,35.3655105490705,126.509738822368,,정상가동,496.0,380,60,2023,,2017-12-14,,,2024-05-22
남산1호태양광발전소,,전북특별자치도 고창군 공음면 칠암리 988-9,35.3658591277519,126.509659581012,,정상가동,496.0,380,60,2023,,2017-12-14,,,2024-05-22
칠암태양광발전소,,전북특별자치도 고창군 공음면 칠암리 364-1,35.3670164335454,126.517590541984,,정상가동,500.0,380,60,2021,,2017-12-06,,,2024-05-22
현성태양광발전소,,전북특별자치도 고창군 공음면 덕암리 305-12,35.3516056369793,126.524747115427,,정상가동,498.42,380,60,2021,,2017-12-06,,,2024-05-22
덕암태양광발전소,,전북특별자치도 고창군 공음면 덕암리 1151,35.3582338343881,126.519952509845,,정상가동,496.0,380,60,2022,,2017-12-06,,,2024-05-22
희망태양광발전소,,전북특별자치도 고창군 대산면 지석리 251-7,,,,정상가동,499.0,380,60,2020,,2017-11-23,,,2024-05-22
옥산태양광발전소,,전북특별자치도 고창군 무장면 옥산리 257-3,35.3872472166017,126.60068481646,,정상가동,400.0,380,60,2021,,2017-11-23,,,2024-05-22
해성태양광발전소,,전북특별자치도 고창군 해리면 사반리 1239,35.4781886412511,126.498760789942,,정상가동,300.0,380,60,2021,,2017-11-21,,,2024-05-22
해바라기1호태양광발전소,,전북특별자치도 고창군 대산면 해룡리 790-8,35.3209966266358,126.544083842757,,정상가동,462.0,380,60,2020,,2017-11-14,,,2024-05-22
광성전자태양광발전소,,전북특별자치도 고창군 고수면 봉산리 53-2,35.421206825281,126.683364083448,,정상가동,317.0,380,60,2021,,2017-11-08,,,2024-05-22
해성솔라에너지,,전북특별자치도 고창군 공음면 덕암리 1142-4,35.3549889562541,126.524549172857,,정상가동,300.0,380,60,2021,,2017-11-06,,,2024-05-22
성래태양광발전소,,전북특별자치도 고창군 성송면 향산리 200-2,35.3758539077773,126.640528475556,,정상가동,99.0,380,60,2020,,2017-10-31,,,2024-05-22
오성에너지태양광발전소,,전북특별자치도 고창군 해리면 고성리 738,35.455331366824,126.544578635331,,정상가동,226.0,380,60,2018,,2017-10-31,,,2024-05-22
국전3호태양광발전소,,전북특별자치도 고창군 대산면 갈마리 395-10,35.3182436092841,126.548284845999,,정상가동,495.0,380,60,2021,,2017-10-31,,,2024-05-22
국전2호태양광발전소,,전북특별자치도 고창군 대산면 갈마리 395-8,35.3196361745213,126.547782670028,,정상가동,495.0,380,60,2021,,2017-10-31,,,2024-05-22
벽송태양광발전소,,전북특별자치도 고창군 신림면 부송리 361 362,,,,정상가동,196.0,380,60,2019,,2017-10-31,,,2024-05-22
건동리2호태양광발전소,,전북특별자치도 고창군 공음면 건동리 661,35.3753070831531,126.562874135235,,정상가동,200.0,380,60,2021,,2017-10-25,,,2024-05-22
덕림1태양광발전소,,전북특별자치도 고창군 무장면 덕림리 616-8,35.3857666169004,126.607144572203,,정상가동,343.0,380,60,2021,,2017-10-23,,,2024-05-22
진영1호태양광발전소,,전북특별자치도 고창군 무장면 옥산리 923,35.3881764481125,126.578107969475,,정상가동,300.0,380,60,2021,,2017-09-29,,,2024-05-22
고은태양광발전소,,전북특별자치도 고창군 공음면 칠암리 산 153,,,,정상가동,294.78,380,60,2021,,2017-09-29,,,2024-05-22
정이태양광발전소,,전북특별자치도 고창군 공음면 칠암리 산 153,,,,정상가동,294.78,380,60,2021,,2017-09-29,,,2024-05-22
그린솔라3태양광발전소,,전북특별자치도 고창군 흥덕면 사포리 131-6,35.5417983922078,126.689154724526,,정상가동,496.0,380,60,2018,,2017-09-29,,,2024-05-22
기범3호태양광발전소,,전북특별자치도 고창군 무장면 만화리 436,35.4152871633667,126.536890987075,,정상가동,207.0,380,60,2021,,2017-09-29,,,2024-05-22
사천태양광발전소,,전북특별자치도 고창군 흥덕면 사천리 350-2,35.5014571094099,126.689423205343,,정상가동,993.0,380,60,2019,,2017-09-19,,,2024-05-22
인암솔라태양광발전소,,전북특별자치도 고창군 흥덕면 사천리 350-1,35.5021379955864,126.690140212273,,정상가동,993.0,380,60,2019,,2017-09-19,,,2024-05-22
계당리태양광발전소,,전북특별자치도 고창군 성송면 계당리 산 148,35.3562138363114,126.655865388565,,정상가동,995.0,380,60,2022,,2017-09-11,,,2024-05-22
조광태양광발전소,,전북특별자치도 고창군 성송면 계당리 산 148,35.3562138363114,126.655865388565,,정상가동,495.0,380,60,2022,,2017-09-11,,,2024-05-22
용반2호태양광발전소,,전북특별자치도 고창군 흥덕면 용반리 799-4,35.571975285323,126.70551276755,,정상가동,491.0,380,60,2020,,2017-09-11,,,2024-05-22
대산태양광,,전북특별자치도 고창군 대산면 율촌리 337,35.3372778693705,126.564341225661,,정상가동,900.0,380,60,2018,,2017-06-22,,,2024-05-22
용대리1 태양광발전소,,전북특별자치도 고창군 상하면 용대리 41-5,35.4213595330642,126.49593927148,,정상가동,991.0,380,60,2021,,2017-06-19,,,2024-05-22
상갑태양광발전소,,전북특별자치도 고창군 아산면 상갑리 212-1,35.440099490449,126.640285062757,,정상가동,199.0,380,60,2018,,2017-06-07,,,2024-05-22
박**태양광발전소,,전북특별자치도 고창군 고수면 장두리 672,35.3943785969045,126.652085430046,,정상가동,250.0,380,60,2018,,2017-06-07,,,2024-05-22
다원태양광발전소,,전북특별자치도 고창군 흥덕면 사포리 23,35.5352058677904,126.69720682396,,정상가동,300.0,380,60,2018,,2017-06-07,,,2024-05-22
분도솔라1호태양광발전소,,전북특별자치도 고창군 신림면 벽송리 197-23,35.4823835059872,126.689181331977,,정상가동,496.0,380,60,2018,,2017-05-12,,,2024-05-22
신욱솔라1호태양광발전소,,전북특별자치도 고창군 신림면 벽송리 197-19,35.4824335551032,126.689541802126,,정상가동,499.0,380,60,2018,,2017-05-12,,,2024-05-22
토우태양광발전소,,전북특별자치도 고창군 무장면 강남리 432,35.4196482199381,126.605690689759,,정상가동,200.0,380,60,2018,,2017-04-26,,,2024-05-22
화원태양광발전소,,전북특별자치도 고창군 공음면 장곡리 971-9,35.3807387594047,126.499736786463,,정상가동,240.0,380,60,2018,,2017-04-20,,,2024-05-22
한샘태양광발전소,,전북특별자치도 고창군 부안면 상암리 309-5,35.5602104681524,126.630305540692,,정상가동,400.0,380,60,2019,,2017-02-27,,,2024-05-22
손**3호태양광발전소,,전북특별자치도 고창군 대산면 중산리 1808,35.3541653548868,126.604342245676,,정상가동,200.0,380,60,2018,,2017-02-14,,,2024-05-22
손**2호태양광발전소,,전북특별자치도 고창군 대산면 중산리 1799,35.3542642180884,126.60310152352,,정상가동,200.0,380,60,2018,,2017-02-14,,,2024-05-22
손**1호태양광발전소,,전북특별자치도 고창군 대산면 중산리 1798,35.3545940047748,126.602989450807,,정상가동,200.0,380,60,2018,,2017-02-14,,,2024-05-22
군유리2호태양광발전소,,전북특별자치도 고창군 공음면 군유리 산 14-6,,,,정상가동,499.0,380,60,2018,,2017-02-13,,,2024-05-22
고선태양광발전소,,전북특별자치도 고창군 신림면 자포리 373,35.4713623098994,126.703106982322,,정상가동,496.0,380,60,2018,,2017-02-13,,,2024-05-22
진리태양광발전소,,전북특별자치도 고창군 고수면 인성리 516-10,35.4084751196652,126.654345059378,,정상가동,999.0,380,60,2018,,2017-01-20,,,2024-05-22
유**태양광발전소,,전북특별자치도 고창군 고수면 장두리 588-1,35.3977908066102,126.663636222029,,정상가동,198.0,380,60,2017,,2017-01-19,,,2024-05-22
다인 태양광발전소,,전북특별자치도 고창군 공음면 덕암리 산 115,,,,정상가동,495.0,380,60,2021,,2017-12-21,,,2024-05-22
덕암 태양광발전소,,전북특별자치도 고창군 공음면 덕암리 743-1,35.337631757581,126.52035091333,,정상가동,999.6,380,60,2022,,2017-12-21,,,2024-05-22
한양전력3호기,,전북특별자치도 고창군 공음면 장곡리 산 200-1,,,,정상가동,497.0,380,60,2021,,2017-12-21,,,2024-05-22
영남태양광발전소,,전북특별자치도 고창군 공음면 장곡리 산 20-1,,,,정상가동,497.0,380,60,2021,,2017-12-21,,,2024-05-22
한양전력1호기,,전북특별자치도 고창군 공음면 장곡리 산 20-1,,,,정상가동,497.0,380,60,2021,,2017-12-21,,,2024-05-22
엠제이파워태양광발전소,,전북특별자치도 고창군 공음면 장곡리 산 20-1,,,,정상가동,198.8,380,60,2021,,2017-12-21,,,2024-05-22
제이에스파워태양광발전소,,전북특별자치도 고창군 공음면 장곡리 산 20-6,,,,정상가동,198.8,380,60,2021,,2017-12-21,,,2024-05-22
연우에너지태양광발전소,,전북특별자치도 고창군 공음면 장곡리 산 20-1,,,,정상가동,497.0,380,60,2021,,2017-12-21,,,2024-05-22
한양전력2호기,,전북특별자치도 고창군 공음면 장곡리 산 20-1,,,,정상가동,497.0,380,60,2021,,2017-12-21,,,2024-05-22
용반태양광발전소,,전북특별자치도 고창군 흥덕면 용반리 800-14,35.5716414250725,126.704032122207,,정상가동,497.0,380,60,2020,,2017-12-14,,,2024-05-22
(유)대산에너지,,전북특별자치도 고창군 대산면 성남리 산 59-1,,,,정상가동,499.0,380,60,2021,,2017-11-24,,,2024-05-22
(유)성남에너지,,전북특별자치도 고창군 대산면 성남리 산 59-1,,,,정상가동,499.0,380,60,2021,,2017-11-24,,,2024-05-22
택동태양광발전소,,전북특별자치도 고창군 상하면 용대리 41-3,35.4218794978994,126.495550647617,,정상가동,387.26,380,60,2021,,2017-11-23,,,2024-05-22
외원태양광발전소,,전북특별자치도 고창군 성송면 하고리 60,35.3467220321785,126.622229392522,,정상가동,99.0,380,60,2020,,2017-10-31,,,2024-05-22
FM2 태양광,,전북특별자치도 고창군 무장면 신촌리 20-1,35.3975216516734,126.556736021488,,정상가동,99.0,380,60,2021,,2017-12-21,,,2024-05-22
MS4 태양광,,전북특별자치도 고창군 무장면 신촌리 20-1,35.3975216516734,126.556736021488,,정상가동,99.0,380,60,2021,,2017-12-21,,,2024-05-22
상우3호태양광,,전북특별자치도 고창군 무장면 신촌리 20-1,35.3975216516734,126.556736021488,,정상가동,99.0,380,60,2021,,2017-12-21,,,2024-05-22
양광1태양광,,전북특별자치도 고창군 무장면 신촌리 20-1,35.3975216516734,126.556736021488,,정상가동,99.0,380,60,2021,,2017-12-21,,,2024-05-22
승희1호 태양광발전소,,전북특별자치도 고창군 무장면 신촌리 20-1,35.3975216516734,126.556736021488,,정상가동,99.0,380,60,2021,,2017-12-21,,,2024-05-22
JY태양광,,전북특별자치도 고창군 무장면 신촌리 20-1,35.3975216516734,126.556736021488,,정상가동,99.0,380,60,2021,,2017-12-11,,,2024-05-22
정심태양광,,전북특별자치도 고창군 무장면 신촌리 20-1,35.3975216516734,126.556736021488,,정상가동,99.0,380,60,2021,,2017-12-21,,,2024-05-22
행복3태양광,,전북특별자치도 고창군 무장면 신촌리 산 20-1,,,,정상가동,99.0,380,60,2021,,2017-12-21,,,2024-05-22
원진2호태양광,,전북특별자치도 고창군 무장면 신촌리 20-1,35.3975216516734,126.556736021488,,정상가동,99.0,380,60,2021,,2017-12-21,,,2024-05-22
필태양광,,전북특별자치도 고창군 무장면 신촌리 20-8,35.3977711274662,126.556022014499,,정상가동,99.0,380,60,2021,,2017-12-21,,,2024-05-22
금빛태양광,,전북특별자치도 고창군 무장면 신촌리 산 20-1,,,,정상가동,99.0,380,60,2021,,2017-12-21,,,2024-05-22
삼정1호태양광발전소,,전북특별자치도 고창군 아산면 반암리 88-1,35.4903845856291,126.62423557987,,정상가동,98.77,380,60,2020,,2017-12-21,,,2024-05-22
산수리8호태양광발전소,,전북특별자치도 고창군 성송면 산수리 575-17,,,,정상가동,97.92,380,60,2022,,2017-12-21,,,2024-05-22
산수리7호태양광발전소,,전북특별자치도 고창군 성송면 산수리 571-16,35.3380367431611,126.611444605796,,정상가동,97.92,380,60,2022,,2017-12-21,,,2024-05-22
산수리9호태양광발전소,,전북특별자치도 고창군 성송면 산수리 577-7,35.337554496396,126.611994254403,,정상가동,97.92,380,60,2022,,2017-12-21,,,2024-05-22
산수리6호태양광발전소,,전북특별자치도 고창군 성송면 산수리 571-5,35.3387068426537,126.611854108857,,정상가동,97.92,380,60,2022,,2017-12-21,,,2024-05-22
한결7호태양광발전소,,전북특별자치도 고창군 대산면 산정리 508-7,35.342041471218,126.572117209471,,정상가동,97.92,380,60,2020,,2017-12-14,,,2024-05-22
한결6호태양광발전소,,전북특별자치도 고창군 대산면 산정리 508-6,35.3422698118549,126.572203567348,,정상가동,97.92,380,60,2020,,2017-12-14,,,2024-05-22
한결5호태양광발전소,,전북특별자치도 고창군 대산면 산정리 508-5,35.3423518619705,126.572161003946,,정상가동,97.92,380,60,2020,,2017-12-14,,,2024-05-22
한결4호태양광발전소,,전북특별자치도 고창군 대산면 산정리 508-4,35.342465152386,126.572108375524,,정상가동,97.92,380,60,2020,,2017-12-14,,,2024-05-22
한결3호태양광발전소,,전북특별자치도 고창군 대산면 산정리 508-3,35.3425287079652,126.572086369922,,정상가동,97.92,380,60,2020,,2017-12-14,,,2024-05-22
한결2호태양광발전소,,전북특별자치도 고창군 대산면 산정리 508-2,35.3427146540432,126.57206173886,,정상가동,97.92,380,60,2020,,2017-12-14,,,2024-05-22
국전4호태양광발전소,,전북특별자치도 고창군 대산면 산정리 395-4,,,,정상가동,99.45,380,60,2021,,2017-12-14,,,2024-05-22
유영태양광발전소,,전북특별자치도 고창군 신림면 도림리 534-27,35.4887440817921,126.719748919931,,정상가동,100.0,380,60,2020,,2017-12-11,,,2024-05-22
임해태양광발전소,전북특별자치도 고창군 해리면 임해길 22,,35.4589798450511,126.527574047833,,정상가동,90.0,380,60,2021,,2017-12-01,,,2024-05-22
덕암7호태양광발전소,,전북특별자치도 고창군 공음면 덕암리 743-3,35.3385234910457,126.518596143537,,정상가동,99.96,380,60,2021,,2017-12-01,,,2024-05-22
덕암6호태양광발전소,,전북특별자치도 고창군 공음면 덕암리 743-3,35.3385234910457,126.518596143537,,정상가동,99.96,380,60,2021,,2017-12-01,,,2024-05-22
덕암5호태양광발전소,,전북특별자치도 고창군 공음면 덕암리 743-3,35.3385234910457,126.518596143537,,정상가동,99.96,380,60,2021,,2017-12-01,,,2024-05-22
덕암4호태양광발전소,,전북특별자치도 고창군 공음면 덕암리 743-3,35.3385234910457,126.518596143537,,정상가동,99.96,380,60,2021,,2017-12-01,,,2024-05-22
덕암3호태양광발전소,,전북특별자치도 고창군 공음면 덕암리 743-3,35.3385234910457,126.518596143537,,정상가동,99.96,380,60,2021,,2017-12-01,,,2024-05-22
덕암2호태양광발전소,,전북특별자치도 고창군 공음면 덕암리 743-3,35.3385234910457,126.518596143537,,정상가동,99.96,380,60,2021,,2017-12-01,,,2024-05-22
수연태양광발전소,,전북특별자치도 고창군 공음면 덕암리 743-3,35.3385234910457,126.518596143537,,정상가동,99.9,380,60,2021,,2017-12-01,,,2024-05-22
봄이 태양광발전소,,전북특별자치도 고창군 공음면 덕암리 743-3,35.3385234910457,126.518596143537,,정상가동,99.96,380,60,2021,,2017-12-01,,,2024-05-22
삼정2호태양광발전소,,전북특별자치도 고창군 아산면 반암리 88-2,35.4898688260789,126.624978106065,,정상가동,98.77,380,60,2020,,2017-10-27,,,2024-05-22
성남태양광발전소,,전북특별자치도 고창군 대산면 성남리 636-1,35.3752000663977,126.594103607101,,정상가동,498.99,380,60,2021,,2017-10-27,,,2024-05-22
다울태양광발전소,,전북특별자치도 고창군 대산면 성남리 611-4,35.3751308546775,126.592874069578,,정상가동,499.48,380,60,2021,,2017-10-27,,,2024-05-22
덕림3태양광발전소,,전북특별자치도 고창군 무장면 덕림리 616-2,35.3850131813632,126.605505464069,,정상가동,374.88,380,60,2021,,2017-10-23,,,2024-05-22
덕림2태양광발전소,,전북특별자치도 고창군 무장면 덕림리 579-4,35.3852897603242,126.604805011653,,정상가동,496.32,380,60,2021,,2017-10-23,,,2024-05-22
주식회사 남당태양광,,전북특별자치도 고창군 대산면 성남리 606-1,35.3778924228354,126.593869362541,,정상가동,1000.0,380,60,2021,,2017-10-13,,,2024-05-22
신림벽송1호 태양광발전소,,전북특별자치도 고창군 신림면 벽송리 242,35.4812999502327,126.689880372835,,정상가동,299.52,380,60,2021,,2017-09-29,,,2024-05-22
무송1호태양광발전소,,전북특별자치도 고창군 성송면 무송리 730,35.3402671521894,126.626919468036,,정상가동,498.58,380,60,2023,,2017-09-29,,,2024-05-22
황금 태양광발전소,,전북특별자치도 고창군 부안면 수앙리 5-3,35.544331946497,126.660191261939,,정상가동,999.0,380,60,2019,,2017-08-28,,,2024-05-22
광산2호태양광발전소,,전북특별자치도 고창군 상하면 장산리 1-6,35.4561783707395,126.489551322953,,정상가동,401.76,380,60,2020,,2017-08-28,,,2024-05-22
광산3호태양광발전소,,전북특별자치도 고창군 상하면 장산리 1-2,35.4568525889086,126.490180029534,,정상가동,401.76,380,60,2020,,2017-08-29,,,2024-05-22
광산1호태양광발전소,,전북특별자치도 고창군 상하면 장산리 1-2,35.4568525889086,126.490180029534,,정상가동,474.3,380,60,2020,,2017-08-29,,,2024-05-22
SS쏠라태양광발전소3호,,전북특별자치도 고창군 무장면 신촌리 551-1,35.4003961009102,126.55672931492,,정상가동,499.0,380,60,2021,,2017-07-27,,,2024-05-22
엔젤태양광발전소,,전북특별자치도 고창군 무장면 신촌리 552,35.400934588988,126.556667253418,,정상가동,299.0,380,60,2021,,2017-07-27,,,2024-05-22
덕림3태양광발전소,,전북특별자치도 고창군 무장면 덕림리 579-3,35.3861287887601,126.606265292731,,정상가동,299.88,380,60,2021,,2017-07-26,,,2024-05-22
덕림2태양광발전소,,전북특별자치도 고창군 무장면 덕림리 597-6,35.3842226217751,126.607688377031,,정상가동,399.84,380,60,2021,,2017-07-26,,,2024-05-22
김**태양광발전소5호,,전북특별자치도 고창군 성내면 산림리 244,35.5309267514174,126.760913448973,,정상가동,400.0,380,60,2022,,2017-07-10,,,2024-05-22
장**태양광발전소5호,,전북특별자치도 고창군 성내면 산림리 254,,,,정상가동,400.0,380,60,2022,,2017-07-10,,,2024-05-22
김**태양광발전소,,전북특별자치도 고창군 성내면 산림리 246-2,35.5298129207262,126.760639784346,,정상가동,400.0,380,60,2022,,2017-07-10,,,2024-05-22
덕암2호 태양광발전소,,전북특별자치도 고창군 공음면 덕암리 1096-3,,,,정상가동,993.28,380,60,2021,,2017-07-04,,,2024-05-22
덕암1호 태양광발전소,,전북특별자치도 고창군 공음면 덕암리 1096-1,35.3533301529036,126.521849727374,,정상가동,993.28,380,60,2021,,2017-07-04,,,2024-05-22
다송창고태양광발전소,전북특별자치도 고창군 신림면 사천길 11-15,,35.5032296737422,126.6969964422,,정상가동,200.0,380,60,2018,,2017-07-03,,,2024-05-22
우성창고태양광발전소,,전북특별자치도 고창군 신림면 법지리 437-29,35.5036096949723,126.697583712135,,정상가동,200.0,380,60,2018,,2017-07-03,,,2024-05-22
야송창고태양광발전소,,전북특별자치도 고창군 신림면 법지리 437-29,35.5036096949723,126.697583712135,,정상가동,200.0,380,60,2018,,2017-07-03,,,2024-05-22
월성창고태양광발전소,,전북특별자치도 고창군 신림면 법지리 437-30,35.5037516585343,126.698162840029,,정상가동,200.0,380,60,2018,,2017-07-03,,,2024-05-22
후암태양광발전소,,전북특별자치도 고창군 해리면 왕촌리 1499,35.4694001593658,126.515967118097,,정상가동,993.28,380,60,2021,,2017-06-22,,,2024-05-22
율촌태양광,,전북특별자치도 고창군 대산면 율촌리 337-7,35.3362377038465,126.563831046387,,정상가동,495.0,380,60,2020,,2017-06-22,,,2024-05-22
세광 태양광발전소,,전북특별자치도 고창군 공음면 건동리 387,35.3886001168388,126.574959221871,,정상가동,99.6,380,60,2021,,2017-06-21,,,2024-05-22
방주2호태양광발전소,,전북특별자치도 고창군 공음면 선동리 689-16,35.369391548642,126.550104983492,,정상가동,800.0,380,60,2020,,2017-06-21,,,2024-05-22
신촌6호태양광발전소,,전북특별자치도 고창군 무장면 신촌리 10-6,35.3987559630631,126.558324638136,,정상가동,993.28,380,60,2021,,2017-06-19,,,2024-05-22
신촌5호태양광발전소,,전북특별자치도 고창군 무장면 신촌리 10-5,35.3994024940297,126.557984488354,,정상가동,993.28,380,60,2021,,2017-06-19,,,2024-05-22
신촌4호태양광발전소,,전북특별자치도 고창군 무장면 신촌리 10-4,35.3998842052299,126.557923846773,,정상가동,993.28,380,60,2021,,2017-06-19,,,2024-05-22
신촌3호태양광발전소,,전북특별자치도 고창군 무장면 신촌리 10-3,35.4004173662305,126.558031457671,,정상가동,993.28,380,60,2021,,2017-06-19,,,2024-05-22
신촌2호태양광발전소,,전북특별자치도 고창군 무장면 신촌리 10-2,35.4011194836879,126.558029607154,,정상가동,993.28,380,60,2020,,2017-06-19,,,2024-05-22
신촌1호태양광발전소,,전북특별자치도 고창군 무장면 신촌리 10-1,35.4019653947676,126.557520038646,,정상가동,993.28,380,60,2020,,2017-06-19,,,2024-05-22
용대리2 태양광발전소,,전북특별자치도 고창군 상하면 용대리 41-6,35.420596337116,126.495731186411,,정상가동,495.33,380,60,2021,,2017-06-19,,,2024-05-22
유한회사스카이에너지,,전북특별자치도 고창군 부안면 수앙리 573,35.5510847130526,126.644584279852,,정상가동,999.0,380,60,2020,,2017-05-26,,,2024-05-22
덕영태양광발전소,,전북특별자치도 고창군 무장면 옥산리 949-4,35.3890903048068,126.580855955978,,정상가동,896.0,380,60,2020,,2017-05-19,,,2024-05-22
송학태양광발전소,,전북특별자치도 고창군 공음면 구암리 829,35.3968963490298,126.494907260402,,정상가동,993.9,380,60,2021,,2017-05-15,,,2024-05-22
햇살태양광발전소,,전북특별자치도 고창군 공음면 구암리 833,35.3960612517074,126.494619669247,,정상가동,885.6,380,60,2021,,2017-05-15,,,2024-05-22
방축3호태양광발전소,,전북특별자치도 고창군 해리면 방축리 314-1,35.4878937223141,126.49181546032,,정상가동,993.28,380,60,2021,,2017-05-12,,,2024-05-22
우재 태양광발전소,,전북특별자치도 고창군 공음면 석교리 965-5,35.3864600225786,126.498299056288,,정상가동,997.56,380,60,2019,,2017-04-26,,,2024-05-22
에이케이 태양광발전소,,전북특별자치도 고창군 공음면 석교리 산 50,,,,정상가동,997.56,380,60,2019,,2017-04-26,,,2024-05-22
세종물산태양광발전소,,전북특별자치도 고창군 공음면 석교리 965-5,35.3864600225786,126.498299056288,,정상가동,997.56,380,60,2019,,2017-04-26,,,2024-05-22
에이치에이글로벌태양광발전소,,전북특별자치도 고창군 공음면 석교리 210,,,,정상가동,499.8,380,60,2023,,2017-04-26,,,2024-05-22
현수물산 태양광발전소,,전북특별자치도 고창군 공음면 석교리 965-5,35.3864600225786,126.498299056288,,정상가동,997.56,380,60,2019,,2017-04-26,,,2024-05-22
청파태양광발전소,,전북특별자치도 고창군 공음면 석교리 965-5,35.3864600225786,126.498299056288,,정상가동,997.56,380,60,2019,,2017-04-26,,,2024-05-22
하장태양광발전소,,전북특별자치도 고창군 상하면 하장리 103,,,,정상가동,498.96,380,60,2020,,2017-04-20,,,2024-05-22
원촌태양광발전소,,전북특별자치도 고창군 무장면 원촌리 544-2,,,,정상가동,993.28,380,60,2021,,2017-03-06,,,2024-05-22
덕산태양광발전소,전북특별자치도 고창군 고창읍 고인돌대로 1636-7,,35.4259584190936,126.692516970576,,정상가동,73.92,380,60,2018,,2017-11-21,,,2024-05-22
각동태양광발전소,,전북특별자치도 고창군 해리면 사반리 1375,35.4881112431285,126.469561816917,,정상가동,87.45,380,60,2019,,2017-11-21,,,2024-05-22
광일2호태양광발전소,,전북특별자치도 고창군 심원면 고전리 202,35.5140361645974,126.529418850484,,정상가동,99.4,380,60,2018,,2017-11-21,,,2024-05-22
광일1호태양광발전소,,전북특별자치도 고창군 심원면 고전리 202,35.5140361645974,126.529418850484,,정상가동,99.4,380,60,2018,,2017-11-21,,,2024-05-22
우리에너지13호,,전북특별자치도 고창군 성내면 산림리 242,35.5305235511079,126.762989724818,,정상가동,99.0,380,60,2021,,2017-11-21,,,2024-05-22
우리에너지14호,,전북특별자치도 고창군 성내면 산림리 242-1,35.5306903562433,126.762701567199,,정상가동,99.0,380,60,2021,,2017-11-21,,,2024-05-22
YSS태양광발전소,,전북특별자치도 고창군 부안면 용산리 22-22,35.5012059402759,126.660173059932,,정상가동,99.45,380,60,2019,,2017-11-21,,,2024-05-22
기산태양광발전소,전북특별자치도 고창군 심원면 고전로 11,,35.5034547056359,126.526366939553,,정상가동,18.72,380,60,2018,,2017-11-21,,,2024-05-22
훈에너지,,전북특별자치도 고창군 흥덕면 후포리 226-1,35.5553105769074,126.687769678096,,정상가동,99.4,380,60,2020,,2017-11-21,,,2024-05-22
후포7호태양광발전소,,전북특별자치도 고창군 흥덕면 후포리 226,35.5555644559386,126.687728657131,,정상가동,99.4,380,60,2020,,2017-11-21,,,2024-05-22
후포6호태양광발전소,,전북특별자치도 고창군 흥덕면 후포리 226,35.5555644559386,126.687728657131,,정상가동,99.4,380,60,2020,,2017-11-21,,,2024-05-22
후포5호태양광발전소,,전북특별자치도 고창군 흥덕면 후포리 226-1,35.5553105769074,126.687769678096,,정상가동,99.4,380,60,2020,,2017-11-21,,,2024-05-22
후포4호태양광발전소,,전북특별자치도 고창군 흥덕면 후포리 227,35.5552139170647,126.687162780439,,정상가동,99.4,380,60,2018,,2017-11-21,,,2024-05-22
후포3호태양광발전소,,전북특별자치도 고창군 흥덕면 후포리 229,35.5551904758326,126.686812691797,,정상가동,99.4,380,60,2018,,2017-11-21,,,2024-05-22
후포2호태양광발전소,,전북특별자치도 고창군 흥덕면 후포리 229-2,35.5552308120126,126.686449781628,,정상가동,99.4,380,60,2018,,2017-11-21,,,2024-05-22
후포1호태양광발전소,,전북특별자치도 고창군 흥덕면 후포리 227-1,35.5554642098001,126.68671258378,,정상가동,99.4,380,60,2018,,2017-11-21,,,2024-05-22
대명2태양광발전소,,전북특별자치도 고창군 성송면 산수리 571-5,35.3387068426537,126.611854108857,,정상가동,99.8,380,60,2021,,2017-11-17,,,2024-05-22
선미태양광발전소,,전북특별자치도 고창군 성송면 산수리 571-5,35.3387068426537,126.611854108857,,정상가동,99.8,380,60,2022,,2017-11-17,,,2024-05-22
온더로드2태양광발전소,,전북특별자치도 고창군 성송면 산수리 571-5,35.3387068426537,126.611854108857,,정상가동,99.8,380,60,2022,,2017-11-17,,,2024-05-22
원태양광발전소,,전북특별자치도 고창군 성송면 산수리 843,35.3388644954893,126.612616189577,,정상가동,99.8,380,60,2022,,2017-11-17,,,2024-05-22
율촌태양광발전소,,전북특별자치도 고창군 대산면 율촌리 629-2,35.3304432184243,126.569146902257,,정상가동,80.0,380,60,2019,,2017-11-14,,,2024-05-22
향산태양광발전소,,전북특별자치도 고창군 성송면 향산리 237-1,35.3772379736833,126.642623961288,,정상가동,20.0,380,60,2020,,2017-11-14,,,2024-05-22
고창성산1호발전소,,전북특별자치도 고창군 아산면 성산리 308-15,35.4369658100029,126.583790315375,,정상가동,48.96,380,60,2021,,2017-11-14,,,2024-05-22
화수1태양광발전소,,전북특별자치도 고창군 공음면 석교리 968-5,35.3857582058699,126.500635811535,,정상가동,97.92,380,60,2021,,2017-11-09,,,2024-05-22
하균2태양광발전소,,전북특별자치도 고창군 공음면 석교리 968-5,35.3857582058699,126.500635811535,,정상가동,97.92,380,60,2021,,2017-11-09,,,2024-05-22
재숙태양광발전소,,전북특별자치도 고창군 공음면 석교리 968-5,35.3857582058699,126.500635811535,,정상가동,97.92,380,60,2021,,2017-11-09,,,2024-05-22
JH쏠라태양광발전소,,전북특별자치도 고창군 공음면 석교리 968-5,35.3857582058699,126.500635811535,,정상가동,97.92,380,60,2021,,2017-11-09,,,2024-05-22
YJ쏠라태양광발전소,,전북특별자치도 고창군 공음면 석교리 968-5,35.3857582058699,126.500635811535,,정상가동,97.92,380,60,2021,,2017-11-09,,,2024-05-22
정채림태양광발전소,,전북특별자치도 고창군 공음면 석교리 968-5,35.3857582058699,126.500635811535,,정상가동,97.92,380,60,2021,,2017-11-09,,,2024-05-22
정유진태양광발전소,,전북특별자치도 고창군 공음면 석교리 968-5,35.3857582058699,126.500635811535,,정상가동,97.92,380,60,2021,,2017-11-09,,,2024-05-22
수호2태양광발전소,,전북특별자치도 고창군 공음면 석교리 968-5,35.3857582058699,126.500635811535,,정상가동,97.92,380,60,2021,,2017-11-09,,,2024-05-22
문영2태양광발전소,,전북특별자치도 고창군 공음면 석교리 968-5,35.3857582058699,126.500635811535,,정상가동,97.92,380,60,2021,,2017-11-09,,,2024-05-22
화수2태양광발전소,,전북특별자치도 고창군 공음면 석교리 968-5,35.3857582058699,126.500635811535,,정상가동,97.92,380,60,2021,,2017-11-09,,,2024-05-22
썬태양광발전소,,전북특별자치도 고창군 부안면 용산리 22-22,35.5012059402759,126.660173059932,,정상가동,99.45,380,60,2018,,2017-11-02,,,2024-05-22
대박태양광발전소,,전북특별자치도 고창군 부안면 용산리 22-22,35.5012059402759,126.660173059932,,정상가동,99.45,380,60,2018,,2017-11-02,,,2024-05-22
야베스태양광발전소,,전북특별자치도 고창군 부안면 용산리 22-22,35.5012059402759,126.660173059932,,정상가동,99.45,380,60,2018,,2017-11-02,,,2024-05-22
희망태양광발전소,,전북특별자치도 고창군 부안면 용산리 22-22,35.5012059402759,126.660173059932,,정상가동,99.45,380,60,2018,,2017-11-02,,,2024-05-22
평화태양광발전소,,전북특별자치도 고창군 부안면 용산리 22-22,35.5012059402759,126.660173059932,,정상가동,99.45,380,60,2018,,2017-11-02,,,2024-05-22
덕암태양광발전소,,전북특별자치도 고창군 공음면 덕암리 1142,35.3553336054555,126.524820221632,,정상가동,99.4,380,60,2021,,2017-11-02,,,2024-05-22
비젼,,전북특별자치도 고창군 공음면 선동리 223-6,35.3885387806418,126.557671527479,,정상가동,99.4,380,60,2021,,2017-10-31,,,2024-05-22
수현태양광발전소,,전북특별자치도 고창군 공음면 선동리 223-7,35.3883503058181,126.557841285647,,정상가동,99.4,380,60,2021,,2017-10-31,,,2024-05-22
해담1태양광발전소,,전북특별자치도 고창군 공음면 선동리 223-8,35.3880798866575,126.55771156481,,정상가동,99.4,380,60,2021,,2017-10-31,,,2024-05-22
가이아랜드1태양광발전소,,전북특별자치도 고창군 공음면 선동리 223-9,35.3876873827547,126.557396943961,,정상가동,99.4,380,60,2021,,2017-10-31,,,2024-05-22
블레씽랜드2태양광발전소,,전북특별자치도 고창군 흥덕면 용반리 800-17,35.5719042312416,126.703844060032,,정상가동,99.4,380,60,2020,,2017-10-31,,,2024-05-22
다은찬태양광발전소,,전북특별자치도 고창군 흥덕면 용반리 800-16,35.5720828833489,126.703813727513,,정상가동,99.4,380,60,2020,,2017-10-31,,,2024-05-22
해담2태양광발전소,,전북특별자치도 고창군 흥덕면 용반리 800-2,35.5723177695793,126.703744025546,,정상가동,99.4,380,60,2020,,2017-10-31,,,2024-05-22
해울솔라2태양광발전소,,전북특별자치도 고창군 공음면 선동리 193,35.3863207445402,126.556446210489,,정상가동,99.4,380,60,2021,,2017-10-31,,,2024-05-22
채실태양광발전소,,전북특별자치도 고창군 공음면 선동리 193-6,35.3864469775955,126.556901616736,,정상가동,99.4,380,60,2021,,2017-10-31,,,2024-05-22
성산2호 태양광발전소,,전북특별자치도 고창군 아산면 성산리 1319-5,,,,정상가동,499.2,380,60,2024,,2017-02-21,,,2024-05-22
이한1태양광,,전북특별자치도 고창군 흥덕면 사포리 198-16,35.5408170353766,126.682605970934,,정상가동,97.2,380,60,2019,,2017-10-24,,,2024-05-22
마운틴2태양광,,전북특별자치도 고창군 흥덕면 사포리 198-15,35.5410283932813,126.682744303283,,정상가동,97.2,380,60,2019,,2017-10-24,,,2024-05-22
MS2태양광,,전북특별자치도 고창군 흥덕면 사포리 198-14,35.5411692196445,126.6827951362,,정상가동,97.2,380,60,2019,,2017-10-24,,,2024-05-22
행복2태양광,,전북특별자치도 고창군 흥덕면 사포리 198-13,35.5413570451812,126.682861773974,,정상가동,97.2,380,60,2019,,2017-10-24,,,2024-05-22
SM태양광,,전북특별자치도 고창군 흥덕면 사포리 198-12,35.5414482730601,126.682902326491,,정상가동,97.2,380,60,2019,,2017-10-24,,,2024-05-22
EU에너지태양광,,전북특별자치도 고창군 흥덕면 사포리 198-23,35.5415902870341,126.684127024011,,정상가동,97.2,380,60,2019,,2017-10-24,,,2024-05-22
OS태양광발전소,,전북특별자치도 고창군 흥덕면 사포리 198-22,35.5415992068157,126.683781941057,,정상가동,97.2,380,60,2019,,2017-10-24,,,2024-05-22
황금2태양광,,전북특별자치도 고창군 흥덕면 사포리 198-21,35.5416468454674,126.683801052059,,정상가동,97.2,380,60,2019,,2017-10-24,,,2024-05-22
TS2태양광,,전북특별자치도 고창군 흥덕면 사포리 198-20,35.5417348332326,126.683809087556,,정상가동,97.2,380,60,2019,,2017-10-24,,,2024-05-22
미소태양광발전소,,전북특별자치도 고창군 흥덕면 사포리 198-8,35.5418788293439,126.683419253093,,정상가동,97.2,380,60,2019,,2017-10-24,,,2024-05-22
YN태양광발전소,,전북특별자치도 고창군 흥덕면 사포리 198-17,35.5420614196798,126.683861068454,,정상가동,97.2,380,60,2019,,2017-10-24,,,2024-05-22
AM태양광,,전북특별자치도 고창군 흥덕면 사포리 198,35.5421794940828,126.683278794209,,정상가동,97.2,380,60,2019,,2017-10-24,,,2024-05-22
DJ태양광발전소,,전북특별자치도 고창군 흥덕면 사포리 198-2,35.5424909956438,126.683902059216,,정상가동,97.2,380,60,2019,,2017-10-24,,,2024-05-22
블레씽랜드1,,전북특별자치도 고창군 흥덕면 용반리 606-2,35.5646638962861,126.703895300488,,정상가동,99.0,380,60,2020,,2017-10-24,,,2024-05-22
엘지유태양광발전소,,전북특별자치도 고창군 흥덕면 용반리 609-3,35.5639238289971,126.703853018572,,정상가동,99.0,380,60,2020,,2017-10-24,,,2024-05-22
수정태양광발전소,,전북특별자치도 고창군 흥덕면 용반리 606-11,35.5644414375695,126.703814161823,,정상가동,99.0,380,60,2020,,2017-10-24,,,2024-05-22
한강태양광발전소,,전북특별자치도 고창군 흥덕면 용반리 594,35.566544992962,126.70511026671,,정상가동,99.28,380,60,2021,,2017-10-20,,,2024-05-22
지평선태양광발전소,,전북특별자치도 고창군 흥덕면 용반리 593,35.5657935183676,126.704752314744,,정상가동,99.28,380,60,2021,,2017-10-20,,,2024-05-22
JK태양광발전소,,전북특별자치도 고창군 흥덕면 용반리 593,35.5657935183676,126.704752314744,,정상가동,99.28,380,60,2021,,2017-10-20,,,2024-05-22
승리태양광발전소,,전북특별자치도 고창군 흥덕면 용반리 593,35.5657935183676,126.704752314744,,정상가동,99.28,380,60,2021,,2017-10-20,,,2024-05-22
우성태양광발전소,,전북특별자치도 고창군 흥덕면 용반리 593,35.5657935183676,126.704752314744,,정상가동,99.28,380,60,2021,,2017-10-20,,,2024-05-22
참빛태양광발전소,,전북특별자치도 고창군 흥덕면 용반리 593,35.5657935183676,126.704752314744,,정상가동,99.28,380,60,2021,,2017-10-20,,,2024-05-22
건동리1태양광발전소,,전북특별자치도 고창군 공음면 건동리 661,35.3753070831531,126.562874135235,,정상가동,99.0,380,60,2021,,2017-10-17,,,2024-05-22
산림리2호태양광발전소,,전북특별자치도 고창군 성내면 산림리 254-12,35.5291659914005,126.759158302305,,정상가동,99.0,380,60,2021,,2017-09-28,,,2024-05-22
산림리1호태양광발전소,,전북특별자치도 고창군 성내면 산림리 254-13,35.5288200941916,126.759079289372,,정상가동,99.0,380,60,2021,,2017-09-28,,,2024-05-22
오교율태양광발전소,전북특별자치도 고창군 대산면 갈마1길 13,,35.3154267596807,126.550576690472,,정상가동,99.0,380,60,2018,,2017-09-28,,,2024-05-22
경서2호태양광발전소,,전북특별자치도 고창군 성내면 산림리 산 9-1,,,,정상가동,99.0,380,60,2021,,2017-09-28,,,2024-05-22
다현1호태양광발전소,,전북특별자치도 고창군 성내면 산림리 254-15,35.5284608144739,126.759068896637,,정상가동,99.0,380,60,2021,,2017-09-28,,,2024-05-22
하늘태양광,,전북특별자치도 고창군 성송면 사내리 289-1,35.3921180590287,126.646486842041,,정상가동,99.0,380,60,2019,,2017-09-28,,,2024-05-22
은결태양광,,전북특별자치도 고창군 성송면 사내리 289,35.3923456793153,126.646407148291,,정상가동,99.0,380,60,2019,,2017-09-28,,,2024-05-22
미광태양광,,전북특별자치도 고창군 성송면 사내리 289-2,35.3918491429647,126.646530502537,,정상가동,99.0,380,60,2019,,2017-09-28,,,2024-05-22
진홍태양광,,전북특별자치도 고창군 성송면 사내리 289-4,35.3914505113053,126.64659960432,,정상가동,99.0,380,60,2019,,2017-09-28,,,2024-05-22
일주2태양광,,전북특별자치도 고창군 성송면 사내리 895-1,35.3917630454079,126.647294101601,,정상가동,99.0,380,60,2019,,2017-09-28,,,2024-05-22
일주1태양광,,전북특별자치도 고창군 성송면 사내리 895,35.391963371916,126.647250632295,,정상가동,99.0,380,60,2019,,2017-09-28,,,2024-05-22
해미르2태양광,,전북특별자치도 고창군 성송면 사내리 289-3,35.3916815798911,126.646558641012,,정상가동,99.0,380,60,2019,,2017-09-28,,,2024-05-22
유진태양광,,전북특별자치도 고창군 성송면 사내리 289-5,35.3911357264073,126.646923589386,,정상가동,99.0,380,60,2019,,2017-09-28,,,2024-05-22
일주3태양광,,전북특별자치도 고창군 성송면 사내리 895-2,35.391535072177,126.647345726112,,정상가동,99.0,380,60,2019,,2017-09-28,,,2024-05-22
함미경1호태양광발전소,,전북특별자치도 고창군 성내면 산림리 254-2,35.5289963041826,126.759578889248,,정상가동,99.0,380,60,2021,,2017-09-27,,,2024-05-22
만화리2호태양광발전소,,전북특별자치도 고창군 무장면 만화리 142,35.407377813573,126.535677130354,,정상가동,99.0,380,60,2021,,2017-09-27,,,2024-05-22
만화리1호태양광발전소,,전북특별자치도 고창군 무장면 만화리 142,35.407377813573,126.535677130354,,정상가동,99.0,380,60,2021,,2017-09-27,,,2024-05-22
만화리3호태양광발전소,,전북특별자치도 고창군 무장면 만화리 142,35.407377813573,126.535677130354,,정상가동,99.0,380,60,2021,,2017-09-27,,,2024-05-22
고창자룡태양광,,전북특별자치도 고창군 상하면 자룡리 6-1,35.4362757650491,126.461480425848,,정상가동,99.4,380,60,2019,,2017-09-27,,,2024-05-22
검산5호태양광발전소,,전북특별자치도 고창군 부안면 검산리 433-4,35.526875898725,126.658796396631,,정상가동,99.2,380,60,2023,,2017-09-21,,,2024-05-22
검산4호태양광발전소,,전북특별자치도 고창군 부안면 검산리 433-3,35.5270332099816,126.658999811198,,정상가동,99.2,380,60,2023,,2017-09-21,,,2024-05-22
검산1호태양광발전소,,전북특별자치도 고창군 부안면 검산리 433,35.5274775816959,126.659074558287,,정상가동,99.2,380,60,2023,,2017-09-21,,,2024-05-22
검산2호태양광발전소,,전북특별자치도 고창군 부안면 검산리 433-1,35.5272541252698,126.659129748655,,정상가동,99.2,380,60,2023,,2017-09-21,,,2024-05-22
검산3호태양광발전소,,전북특별자치도 고창군 부안면 검산리 433-2,35.5271350274596,126.659180748802,,정상가동,99.2,380,60,2023,,2017-09-21,,,2024-05-22
이**태양광발전소,,전북특별자치도 고창군 해리면 왕촌리 76-3,35.4732821403606,126.522455718569,,정상가동,99.0,380,60,2018,,2017-09-21,,,2024-05-22
송현태양광발전소,,전북특별자치도 고창군 부안면 송현리 32,35.5469636497877,126.620429124033,,정상가동,99.83,380,60,2021,,2017-09-21,,,2024-05-22
아산태양광발전소,전북특별자치도 고창군 아산면 아산농공단지길 41-9,,35.4354412454282,126.629203449799,,정상가동,80.64,380,60,2019,,2017-09-21,,,2024-05-22
유풍태양광발전소,,전북특별자치도 고창군 부안면 사창리 87-2,35.4927158442212,126.679885668311,,정상가동,99.11,380,60,2019,,2017-09-21,,,2024-05-22
다니엘2호태양광발전소,전북특별자치도 고창군 심원면 고전로 226-13,,35.5220917952851,126.523365364673,,정상가동,99.0,380,60,2018,,2017-09-15,,,2024-05-22
다니엘1호태양광발전소,,전북특별자치도 고창군 심원면 고전리 209-2,35.5142048251496,126.527213145203,,정상가동,99.0,380,60,2018,,2017-09-15,,,2024-05-22
조동리태양광발전소,,전북특별자치도 고창군 성내면 조동리 297-31,35.5636361431279,126.76094969182,,정상가동,99.96,380,60,2020,,2017-09-15,,,2024-05-22
선준태양광발전소,,전북특별자치도 고창군 성내면 조동리 297-31,35.5636361431279,126.76094969182,,정상가동,99.96,380,60,2020,,2017-09-15,,,2024-05-22
빛살태양광발전소,,전북특별자치도 고창군 성내면 조동리 297-36,,,,정상가동,99.96,380,60,2020,,2017-09-15,,,2024-05-22
지수태양광발전소,,전북특별자치도 고창군 성내면 조동리 297-31,35.5636361431279,126.76094969182,,정상가동,99.96,380,60,2020,,2017-09-15,,,2024-05-22
그린조동1호태양광발전소,,전북특별자치도 고창군 성내면 조동리 297-31,35.5636361431279,126.76094969182,,정상가동,99.96,380,60,2020,,2017-09-15,,,2024-05-22
장수에너지태양광발전소,,전북특별자치도 고창군 성내면 조동리 297-31,35.5636361431279,126.76094969182,,정상가동,99.96,380,60,2020,,2017-09-15,,,2024-05-22
미래태양광발전소,,전북특별자치도 고창군 성내면 조동리 297-31,35.5636361431279,126.76094969182,,정상가동,99.96,380,60,2020,,2017-09-15,,,2024-05-22
하람태양광발전소,,전북특별자치도 고창군 성내면 조동리 297-31,35.5636361431279,126.76094969182,,정상가동,99.96,380,60,2020,,2017-09-15,,,2024-05-22
해바른태양광발전소(조동리),,전북특별자치도 고창군 성내면 조동리 297-31,35.5636361431279,126.76094969182,,정상가동,99.96,380,60,2020,,2017-09-15,,,2024-05-22
평화태양광발전소,,전북특별자치도 고창군 성내면 조동리 297-31,35.5636361431279,126.76094969182,,정상가동,99.96,380,60,2020,,2017-09-15,,,2024-05-22
광전태양광발전소(조동리),,전북특별자치도 고창군 성내면 조동리 297-12,35.5647839762698,126.761967938878,,정상가동,99.96,380,60,2020,,2017-09-15,,,2024-05-22
유현태양광발전소(조동리),,전북특별자치도 고창군 성내면 조동리 297-43,35.5643118000021,126.761837630384,,정상가동,99.96,380,60,2020,,2017-09-15,,,2024-05-22
유일태양광발전소(조동리),,전북특별자치도 고창군 성내면 조동리 297-12,35.5647839762698,126.761967938878,,정상가동,99.96,380,60,2020,,2017-09-15,,,2024-05-22
달성4호태양광발전소,,전북특별자치도 고창군 성내면 월성리 74-1,35.5359790303994,126.760794587539,,정상가동,99.0,380,60,2020,,2017-09-15,,,2024-05-22
황산발전소,,전북특별자치도 고창군 고수면 황산리 210-1,35.4051499152503,126.685559734605,,정상가동,93.6,380,60,2020,,2017-09-15,,,2024-05-22
한양태양광발전소,,전북특별자치도 고창군 성내면 월성리 74-1,35.5359790303994,126.760794587539,,정상가동,99.0,380,60,2020,,2017-09-15,,,2024-05-22
달성2호태양광발전소,,전북특별자치도 고창군 성내면 월성리 74-1,35.5359790303994,126.760794587539,,정상가동,99.0,380,60,2020,,2017-09-15,,,2024-05-22
달성3호태양광발전소,,전북특별자치도 고창군 성내면 월성리 74-1,35.5359790303994,126.760794587539,,정상가동,99.0,380,60,2020,,2017-09-14,,,2024-05-22
황산태양광발전소,전북특별자치도 고창군 공음면 예전황산길 119-17,,35.3584780518965,126.523907085238,,정상가동,45.0,380,60,2018,,2017-09-14,,,2024-05-22
현서태양광발전소,,전북특별자치도 고창군 고창읍 성두리 산 39,35.4537964976971,126.704321974792,,정상가동,99.2,380,60,2018,,2017-09-14,,,2024-05-22
상하1호태양광발전소,,전북특별자치도 고창군 상하면 용정리 325-2,35.4445605286874,126.458331067096,,정상가동,99.2,380,60,2019,,2017-09-14,,,2024-05-22
상하2호태양광발전소,,전북특별자치도 고창군 상하면 용정리 326-3,35.4442285868605,126.458393207285,,정상가동,99.2,380,60,2019,,2017-09-14,,,2024-05-22
상하3호태양광발전소,,전북특별자치도 고창군 상하면 용정리 326-4,35.4438746029655,126.458062516216,,정상가동,99.2,380,60,2019,,2017-09-14,,,2024-05-22
상하4호태양광발전소,,전북특별자치도 고창군 상하면 용정리 326-5,35.4436361862259,126.458037570731,,정상가동,99.2,380,60,2019,,2017-09-14,,,2024-05-22
상하5호태양광발전소,,전북특별자치도 고창군 상하면 석남리 898-4,35.443288804307,126.458053336241,,정상가동,99.2,380,60,2019,,2017-09-14,,,2024-05-22
장동태양광발전소,전북특별자치도 고창군 대산면 장동1길 123,,35.3399436745487,126.550639742346,,정상가동,99.0,380,60,2018,,2017-09-07,,,2024-05-22
상우태양광발전소,,전북특별자치도 고창군 심원면 도천리 556,35.4931155724334,126.539624724905,,정상가동,99.0,380,60,2018,,2017-09-07,,,2024-05-22
상봉태양광발전소,,전북특별자치도 고창군 심원면 도천리 554,35.4929456845185,126.539036416877,,정상가동,99.0,380,60,2019,,2017-09-07,,,2024-05-22
선산태양광발전소,,전북특별자치도 고창군 공음면 선동리 1360,35.3890417068746,126.551872836915,,정상가동,99.36,380,60,2021,,2017-09-07,,,2024-05-22
보소태양광,,전북특별자치도 고창군 상하면 용대리 65,,,,정상가동,99.4,380,60,2021,,2017-08-31,,,2024-05-22
금왕2태양광발전소,,전북특별자치도 고창군 상하면 용대리 19-3,35.4192429595746,126.499856166779,,정상가동,99.4,380,60,2021,,2017-08-31,,,2024-05-22
고창상하발전소,,전북특별자치도 고창군 상하면 용대리 72,35.42042120391,126.499520762758,,정상가동,99.4,380,60,2021,,2017-08-31,,,2024-05-22
박**1호태양광,,전북특별자치도 고창군 상하면 용대리 60,35.419907085322,126.498605317408,,정상가동,99.4,380,60,2021,,2017-08-31,,,2024-05-22
고창홍**태양광,,전북특별자치도 고창군 상하면 용대리 69,,,,정상가동,99.4,380,60,2021,,2017-08-31,,,2024-05-22
고창박** 태양광,,전북특별자치도 고창군 상하면 용대리 66,,,,정상가동,99.4,380,60,2021,,2017-08-31,,,2024-05-22
고창박**태양광,,전북특별자치도 고창군 상하면 용대리 67,,,,정상가동,99.4,380,60,2021,,2017-08-31,,,2024-05-22
선영태양광발전소,,전북특별자치도 고창군 대산면 성남리 468,35.3816798688578,126.585407343649,,정상가동,99.23,380,60,2020,,2017-08-28,,,2024-05-22
대산2호태양광발전소,,전북특별자치도 고창군 대산면 성남리 996,35.3815853986134,126.584773906582,,정상가동,99.23,380,60,2020,,2017-08-28,,,2024-05-22
대산1호태양광발전소,,전북특별자치도 고창군 대산면 성남리 996,35.3815853986134,126.584773906582,,정상가동,99.23,380,60,2020,,2017-08-28,,,2024-05-22
연인2호태양광발전소,,전북특별자치도 고창군 대산면 성남리 468,35.3816798688578,126.585407343649,,정상가동,99.23,380,60,2020,,2017-08-28,,,2024-05-22
연인1호태양광발전소,,전북특별자치도 고창군 대산면 성남리 468,35.3816798688578,126.585407343649,,정상가동,49.14,380,60,2020,,2017-08-28,,,2024-05-22
유**흥덕발전소,,전북특별자치도 고창군 흥덕면 용반리 751,35.5660831703638,126.700467559055,,정상가동,99.4,380,60,2018,,2017-08-21,,,2024-05-22
용반7호태양광발전소,,전북특별자치도 고창군 흥덕면 용반리 751,35.5660831703638,126.700467559055,,정상가동,39.76,380,60,2018,,2017-08-21,,,2024-05-22
해테크고창3호태양광발전소,,전북특별자치도 고창군 흥덕면 용반리 751,35.5660831703638,126.700467559055,,정상가동,99.4,380,60,2018,,2017-08-21,,,2024-05-22
용반4호태양광발전소,,전북특별자치도 고창군 흥덕면 용반리 902,,,,정상가동,54.67,380,60,2018,,2017-08-21,,,2024-05-22
용반3호태양광발전소,,전북특별자치도 고창군 흥덕면 용반리 902,,,,정상가동,99.4,380,60,2018,,2017-08-21,,,2024-05-22
용반2호태양광발전소,,전북특별자치도 고창군 흥덕면 용반리 901,,,,정상가동,99.4,380,60,2018,,2017-08-21,,,2024-05-22
해테크고창2호태양광발전소,,전북특별자치도 고창군 흥덕면 용반리 900,35.5672600739386,126.701409302865,,정상가동,99.4,380,60,2018,,2017-08-21,,,2024-05-22
덕산태양광발전소,,전북특별자치도 고창군 성송면 향산리 507-28,35.3760116802464,126.634771370393,,정상가동,99.96,380,60,2021,,2017-08-21,,,2024-05-22
하늘2호태양광발전소,,전북특별자치도 고창군 성송면 향산리 507-6,35.3771462712916,126.633731789666,,정상가동,99.96,380,60,2021,,2017-08-21,,,2024-05-22
우권태양광발전소,,전북특별자치도 고창군 성송면 향산리 507-5,35.3768940481321,126.635091049896,,정상가동,99.96,380,60,2021,,2017-08-21,,,2024-05-22
홍조태양광발전소,,전북특별자치도 고창군 성송면 향산리 507-6,35.3771462712916,126.633731789666,,정상가동,99.96,380,60,2021,,2017-08-21,,,2024-05-22
아름태양광발전소,,전북특별자치도 고창군 성송면 향산리 507-6,35.3771462712916,126.633731789666,,정상가동,99.96,380,60,2021,,2017-08-21,,,2024-05-22
정원태양광발전소,,전북특별자치도 고창군 성송면 향산리 507-6,35.3771462712916,126.633731789666,,정상가동,99.96,380,60,2021,,2017-08-21,,,2024-05-22
고창성송태양광발전소,,전북특별자치도 고창군 성송면 향산리 507-6,35.3771462712916,126.633731789666,,정상가동,99.96,380,60,2021,,2017-08-21,,,2024-05-22
신영태양광발전소,,전북특별자치도 고창군 성송면 향산리 507-6,35.3771462712916,126.633731789666,,정상가동,99.96,380,60,2021,,2017-08-21,,,2024-05-22
알앤케이태양광발전소,,전북특별자치도 고창군 성송면 향산리 507-6,35.3771462712916,126.633731789666,,정상가동,99.96,380,60,2021,,2017-08-21,,,2024-05-22
새날태양광발전소,,전북특별자치도 고창군 흥덕면 용반리 799-19,35.5715087340602,126.705495831658,,정상가동,99.0,380,60,2020,,2017-08-14,,,2024-05-22
이**태양광발전소,,전북특별자치도 고창군 흥덕면 용반리 799-7,35.5703992431435,126.706383615314,,정상가동,99.0,380,60,2020,,2017-08-14,,,2024-05-22
보영태양광발전소,,전북특별자치도 고창군 흥덕면 용반리 799-21,35.5712587620645,126.706106015722,,정상가동,99.0,380,60,2020,,2017-08-14,,,2024-05-22
이레2태양광발전소,,전북특별자치도 고창군 흥덕면 용반리 799-15,35.571613704761,126.70607438267,,정상가동,99.0,380,60,2020,,2017-08-14,,,2024-05-22
조**1호태양광발전소,,전북특별자치도 고창군 흥덕면 용반리 799-23,35.5707124326334,126.70615743172,,정상가동,99.0,380,60,2020,,2017-08-14,,,2024-05-22
창섭태양광발전소,,전북특별자치도 고창군 흥덕면 용반리 799-22,35.571056980499,126.706076526448,,정상가동,99.0,380,60,2020,,2017-08-14,,,2024-05-22
이**3호태양광발전소,,전북특별자치도 고창군 흥덕면 용반리 799-16,35.5702941114131,126.706811243417,,정상가동,99.0,380,60,2020,,2017-08-14,,,2024-05-22
손**태양광발전소,,전북특별자치도 고창군 흥덕면 용반리 799-17,35.57019385433,126.707094231738,,정상가동,99.0,380,60,2020,,2017-08-14,,,2024-05-22
강**태양광발전소,,전북특별자치도 고창군 흥덕면 용반리 799-18,35.5700330379857,126.707417814204,,정상가동,99.0,380,60,2020,,2017-08-14,,,2024-05-22
성송12호태양광발전소,,전북특별자치도 고창군 성송면 괴치리 185,35.372226229906,126.624482338472,,정상가동,99.2,380,60,2018,,2017-08-07,,,2024-05-22
성송11호태양광발전소,,전북특별자치도 고창군 성송면 괴치리 185,35.372226229906,126.624482338472,,정상가동,99.2,380,60,2018,,2017-08-07,,,2024-05-22
성송10호태양광발전소,,전북특별자치도 고창군 성송면 괴치리 185,35.372226229906,126.624482338472,,정상가동,99.2,380,60,2018,,2017-08-07,,,2024-05-22
성송9호태양광발전소,,전북특별자치도 고창군 성송면 괴치리 185,35.372226229906,126.624482338472,,정상가동,99.2,380,60,2018,,2017-08-07,,,2024-05-22
성송8호태양광발전소,,전북특별자치도 고창군 성송면 괴치리 185,35.372226229906,126.624482338472,,정상가동,99.2,380,60,2018,,2017-08-07,,,2024-05-22
성송7호태양광발전소,,전북특별자치도 고창군 성송면 괴치리 198,,,,정상가동,99.2,380,60,2018,,2017-08-07,,,2024-05-22
성송6호태양광발전소,,전북특별자치도 고창군 성송면 괴치리 185,35.372226229906,126.624482338472,,정상가동,99.2,380,60,2018,,2017-08-07,,,2024-05-22
성송5호태양광발전소,,전북특별자치도 고창군 성송면 괴치리 195,35.3718208412664,126.62422968792,,정상가동,99.2,380,60,2018,,2017-08-07,,,2024-05-22
성송4호태양광발전소,,전북특별자치도 고창군 성송면 괴치리 185,35.372226229906,126.624482338472,,정상가동,99.2,380,60,2018,,2017-08-07,,,2024-05-22
성송3호태양광발전소,,전북특별자치도 고창군 성송면 괴치리 185,35.372226229906,126.624482338472,,정상가동,99.2,380,60,2018,,2017-08-07,,,2024-05-22
성송2호태양광발전소,,전북특별자치도 고창군 성송면 괴치리 194,35.372380425039,126.62404079076,,정상가동,99.2,380,60,2018,,2017-08-07,,,2024-05-22
성송1호태양광발전소,,전북특별자치도 고창군 성송면 괴치리 194,35.372380425039,126.62404079076,,정상가동,99.2,380,60,2018,,2017-08-07,,,2024-05-22
이**태양광발전소,,전북특별자치도 고창군 해리면 왕촌리 1204-1,35.4688136305943,126.498297188007,,정상가동,99.4,380,60,2018,,2017-08-02,,,2024-05-22
강**태양광발전소,,전북특별자치도 고창군 해리면 왕촌리 1204,35.4691748541886,126.497989320624,,정상가동,99.4,380,60,2018,,2017-08-02,,,2024-05-22
금수2호태양광발전소,,전북특별자치도 고창군 성내면 조동리 14-2,35.5638475837596,126.764843378892,,정상가동,97.92,380,60,2019,,2017-07-26,,,2024-05-22
양선발전소,,전북특별자치도 고창군 대산면 해룡리 185,35.3206526264573,126.541400128388,,정상가동,99.2,380,60,2018,,2017-07-26,,,2024-05-22
용화발전소,,전북특별자치도 고창군 대산면 해룡리 178,35.31856496773,126.541422032613,,정상가동,99.2,380,60,2018,,2017-07-26,,,2024-05-22
율계태양광발전소,,전북특별자치도 고창군 고창읍 율계리 320-1,35.4478081875154,126.679054876963,,정상가동,99.0,380,60,2018,,2017-07-17,,,2024-05-22
상하발전소,,전북특별자치도 고창군 상하면 하장리 479-5,35.4304527343892,126.492194091361,,정상가동,99.54,380,60,2019,,2017-07-17,,,2024-05-22
예동발전소,,전북특별자치도 고창군 상하면 하장리 479-4,35.4305772355366,126.491665826532,,정상가동,99.54,380,60,2019,,2017-07-17,,,2024-05-22
평지태양광발전소,,전북특별자치도 고창군 고수면 평지리 84,35.3768369962403,126.678637994384,,정상가동,99.0,380,60,2021,,2017-07-17,,,2024-05-22
정우1호태양광발전소,,전북특별자치도 고창군 고수면 평지리 84,35.3768369962403,126.678637994384,,정상가동,99.0,380,60,2021,,2017-07-17,,,2024-05-22
김**태양광발전소,전북특별자치도 고창군 대산면 율촌길 39,,35.3309850431951,126.56979031005,,정상가동,50.0,380,60,2018,,2017-07-17,,,2024-05-22
용반1호태양광발전소,,전북특별자치도 고창군 흥덕면 용반리 799-4,35.571975285323,126.70551276755,,정상가동,99.28,380,60,2020,,2017-07-17,,,2024-05-22
태원태양광발전소,,전북특별자치도 고창군 흥덕면 용반리 800-8,35.5699666651309,126.70640140963,,정상가동,99.28,380,60,2018,,2017-07-17,,,2024-05-22
유경태양광발전소,,전북특별자치도 고창군 흥덕면 용반리 800-8,35.5699666651309,126.70640140963,,정상가동,99.28,380,60,2018,,2017-07-17,,,2024-05-22
존속솔라발전소,,전북특별자치도 고창군 고창읍 율계리 327-18,35.4449360921194,126.680628205052,,정상가동,72.0,380,60,2017,,2017-06-20,,,2024-05-22
영구솔라발전소,,전북특별자치도 고창군 고창읍 율계리 327-11,35.4451408208068,126.681155088866,,정상가동,97.92,380,60,2017,,2017-06-20,,,2024-05-22
연동에너지 고창2호태양광발전소,,전북특별자치도 고창군 대산면 연동리 687-9,35.3317530993259,126.547650185688,,정상가동,96.48,380,60,2021,,2017-06-20,,,2024-05-22
부광1호태양광발전소,,전북특별자치도 고창군 고창읍 죽림리 437-2,35.455748150554,126.663545204095,,정상가동,46.08,380,60,2019,,2017-06-20,,,2024-05-22
한일태양광발전소,,전북특별자치도 고창군 대산면 성남리 634-1,35.3764471714567,126.598214393701,,정상가동,99.0,380,60,2020,,2017-06-20,,,2024-05-22
은원1태양광발전소,,전북특별자치도 고창군 상하면 용대리 41-8,35.4201675613729,126.49525103649,,정상가동,99.0,380,60,2021,,2017-06-12,,,2024-05-22
대현태양광발전소,,전북특별자치도 고창군 상하면 용대리 41-9,35.4202022536242,126.495702151401,,정상가동,99.0,380,60,2021,,2017-06-12,,,2024-05-22
신기태양광발전소,,전북특별자치도 고창군 무장면 원촌리 747,35.4233152633033,126.574657576628,,정상가동,48.96,380,60,2017,,2017-06-05,,,2024-05-22
김**태양광발전소,,전북특별자치도 고창군 대산면 연동리 446-2,35.3330029080221,126.54561578492,,정상가동,99.0,380,60,2018,,2017-06-05,,,2024-05-22
선순태양광발전소,,전북특별자치도 고창군 성내면 조동리 16-5,35.5641582642146,126.764014850255,,정상가동,97.92,380,60,2021,,2017-06-02,,,2024-05-22
한훈태양광발전소,,전북특별자치도 고창군 성내면 조동리 산 78-3,,,,정상가동,97.92,380,60,2021,,2017-06-02,,,2024-05-22
선수태양광발전소,,전북특별자치도 고창군 성내면 조동리 산 78-2,,,,정상가동,97.92,380,60,2021,,2017-06-02,,,2024-05-22
대산태양광발전소,,전북특별자치도 고창군 대산면 율촌리 628-3,35.3269080064983,126.572387785543,,정상가동,44.8,380,60,2018,,2017-06-02,,,2024-05-22
에스알에너지3호태양광발전소,,전북특별자치도 고창군 대산면 산정리 516-2,35.3425313490344,126.573215862417,,정상가동,49.6,380,60,2017,,2017-06-02,,,2024-05-22
에스알에너지2호태양광발전소,,전북특별자치도 고창군 대산면 산정리 519-3,35.3432930698632,126.572989539268,,정상가동,99.2,380,60,2017,,2017-05-23,,,2024-05-22
에스알에너지1호태양광발전소,,전북특별자치도 고창군 대산면 산정리 519-2,35.3433785994971,126.573294129554,,정상가동,99.2,380,60,2017,,2017-05-23,,,2024-05-22
종기태양광발전소,,전북특별자치도 고창군 고창읍 성두리 산 39,35.4537964976971,126.704321974792,,정상가동,99.2,380,60,2018,,2017-05-23,,,2024-05-22
재인태양광발전소,,전북특별자치도 고창군 아산면 성산리 55-2,35.4354995776891,126.597974543064,,정상가동,99.75,380,60,2021,,2017-05-15,,,2024-05-22
주완2태양광발전소,,전북특별자치도 고창군 무장면 신촌리 531-4,35.398300885737,126.551814453967,,정상가동,99.2,380,60,2021,,2017-02-28,,,2024-05-22
수정태양광발전소,,전북특별자치도 고창군 무장면 신촌리 531-1,35.3988280372974,126.552414768991,,정상가동,99.2,380,60,2021,,2017-02-28,,,2024-05-22
행복발전소(태양광),,전북특별자치도 고창군 무장면 신촌리 531-17,35.3982205334381,126.552702017773,,정상가동,99.2,380,60,2021,,2017-02-28,,,2024-05-22
푸르름태양광발전소,,전북특별자치도 고창군 무장면 신촌리 531-4,35.398300885737,126.551814453967,,정상가동,99.2,380,60,2021,,2017-02-28,,,2024-05-22
청해태양광발전소,,전북특별자치도 고창군 무장면 신촌리 531-16,35.3981222633095,126.552256854967,,정상가동,99.2,380,60,2021,,2017-02-28,,,2024-05-22
월전태양광발전소,,전북특별자치도 고창군 무장면 신촌리 531-1,35.3988280372974,126.552414768991,,정상가동,99.2,380,60,2021,,2017-02-28,,,2024-05-22
행복2호태양광발전소,,전북특별자치도 고창군 무장면 신촌리 531-1,35.3988280372974,126.552414768991,,정상가동,99.2,380,60,2021,,2017-02-28,,,2024-05-22
탑태양광발전소,,전북특별자치도 고창군 무장면 신촌리 531-1,35.3988280372974,126.552414768991,,정상가동,99.2,380,60,2021,,2017-02-28,,,2024-05-22
동강태양광발전소,,전북특별자치도 고창군 무장면 신촌리 531-1,35.3988280372974,126.552414768991,,정상가동,99.2,380,60,2021,,2017-02-28,,,2024-05-22
남양태양광발전소,,전북특별자치도 고창군 무장면 신촌리 531-12,35.398061155509,126.551067251279,,정상가동,99.2,380,60,2021,,2017-02-28,,,2024-05-22
럭키2호태양광발전소,,전북특별자치도 고창군 무장면 신촌리 531-1,35.3988280372974,126.552414768991,,정상가동,99.2,380,60,2021,,2017-02-28,,,2024-05-22
목우태양광발전소,,전북특별자치도 고창군 무장면 목우리 1085-2,35.4072057045642,126.615319598833,,정상가동,54.06,380,60,2018,,2017-02-27,,,2024-05-22
황산2호태양광발전소,,전북특별자치도 고창군 성내면 대흥리 86-50,35.5231852027699,126.736515659871,,정상가동,99.0,380,60,2018,,2017-02-27,,,2024-05-22
황산1호태양광발전소,,전북특별자치도 고창군 성내면 대흥리 86,35.5230555534805,126.736125361175,,정상가동,99.0,380,60,2018,,2017-02-27,,,2024-05-22
현대태양광발전소,전북특별자치도 고창군 고창읍 녹두로 1308,,35.4331348015406,126.688970941049,,정상가동,99.0,380,60,2017,,2017-02-24,,,2024-05-22
유**1호태양광발전소,전북특별자치도 고창군 흥덕면 부안로 482,,35.5622010768726,126.698032848887,,정상가동,99.0,380,60,2018,,2017-02-24,,,2024-05-22
아산1호태양광발전소,,전북특별자치도 고창군 아산면 하갑리 575-9,35.4342558758357,126.632191796273,,정상가동,99.83,380,60,2019,,2017-02-23,,,2024-05-22
가현태양광발전소,,전북특별자치도 고창군 성송면 하고리 133-11,35.3538056507416,126.622956633109,,정상가동,98.8,380,60,2018,,2017-02-15,,,2024-05-22
이현태양광발전소,,전북특별자치도 고창군 성송면 하고리 133-1,35.3542193067971,126.623084532472,,정상가동,98.8,380,60,2018,,2017-02-15,,,2024-05-22
귀례태양광발전소,,전북특별자치도 고창군 성송면 하고리 133-13,35.3539381501769,126.623565408447,,정상가동,98.8,380,60,2018,,2017-02-15,,,2024-05-22
재규태양광발전소,,전북특별자치도 고창군 성송면 하고리 133-12,35.354279687141,126.623544570291,,정상가동,98.8,380,60,2018,,2017-02-15,,,2024-05-22
재현태양광발전소,,전북특별자치도 고창군 고수면 예지리 75-26,35.410881312329,126.650567750038,,정상가동,99.84,380,60,2018,,2017-02-02,,,2024-05-22
부용1호태양광발전소,,전북특별자치도 고창군 공음면 덕암리 1094-3,35.3542710613993,126.520717044578,,정상가동,99.0,380,60,2017,,2017-01-25,,,2024-05-22
덕림1태양광발전소,,전북특별자치도 고창군 무장면 덕림리 597,35.3836251780825,126.60756217093,,정상가동,297.0,380,60,2018,,2016-02-17,,,2024-05-22
황**태양광발전소,,전북특별자치도 고창군 무장면 덕림리 777-6,35.3770268465154,126.614662934064,,정상가동,346.0,380,60,2019,,2016-01-21,,,2024-05-22
유**대양광발전소,,전북특별자치도 고창군 고수면 남산리 590-2,35.409657748483,126.659681224072,,정상가동,20.0,380,60,2017,,2016-09-05,,,2024-05-22
김**2호태양광발전소,전북특별자치도 고창군 고수면 인성로 307-138,,35.4113851230554,126.653971407651,,정상가동,99.11,380,60,2017,,2016-06-09,,,2024-05-22
김**1호태양광발전소,전북특별자치도 고창군 고수면 인성로 307-138,,35.4113851230554,126.653971407651,,정상가동,99.11,380,60,2017,,2016-06-09,,,2024-05-22
안**태양광발전소,,전북특별자치도 고창군 흥덕면 용반리 817-3,35.5625907132525,126.698719898594,,정상가동,75.0,380,60,2016,,2016-06-09,,,2024-05-22
SHE태양광발전소,전북특별자치도 고창군 대산면 연화길 70-5,,35.3271123914021,126.553356587353,,정상가동,20.0,380,60,2016,,2016-05-26,,,2024-05-22
(유)서광에너지II태양광발전소,전북특별자치도 고창군 부안면 인촌로 688-22,,35.5515272127889,126.64408305471,,정상가동,29.4,380,60,2016,,2016-03-14,,,2024-05-22
(유)서광에너지II태양광발전소,전북특별자치도 고창군 부안면 인촌로 688-22,,35.5515272127889,126.64408305471,,정상가동,29.4,380,60,2016,,2016-02-26,,,2024-05-22
시나브로햇빛2호태양광발전소,,전북특별자치도 고창군 흥덕면 사천리 79-6,35.5060002259676,126.695113744296,,정상가동,74.25,380,60,2015,,2014-09-26,,,2024-05-22
김**2호태양광발전소,,전북특별자치도 고창군 해리면 동호리 128-6,35.5061947565176,126.488915026577,,정상가동,49.4,380,60,2016,,2015-09-04,,,2024-05-22
김**1호태양광발전소,,전북특별자치도 고창군 해리면 동호리 127-5,35.5062039702371,126.487942123226,,정상가동,49.4,380,60,2016,,2015-09-04,,,2024-05-22
김**태양광발전소,,전북특별자치도 고창군 해리면 동호리 126-2,,,,정상가동,99.11,380,60,2016,,2015-09-04,,,2024-05-22
김**태양광발전소,,전북특별자치도 고창군 해리면 동호리 127-1,35.5066496039047,126.488332248226,,정상가동,99.11,380,60,2016,,2015-09-04,,,2024-05-22
**태양광발전소,,전북특별자치도 고창군 대산면 대장리 712-2,35.3454748810882,126.546215677141,,정상가동,99.0,380,60,2015,,2015-08-19,,,2024-05-22
박**태양광발전소,,전북특별자치도 고창군 신림면 무림리 424-65,35.490245099683,126.70591739294,,정상가동,99.11,380,60,2016,,2015-08-17,,,2024-05-22
임**태양광발전소,,전북특별자치도 고창군 신림면 무림리 424-63,35.4908570176026,126.706110997459,,정상가동,99.11,380,60,2016,,2015-08-17,,,2024-05-22
광양1호태양광발전소,,전북특별자치도 고창군 신림면 무림리 424-60,35.4915036425588,126.705900464171,,정상가동,99.11,380,60,2016,,2015-08-17,,,2024-05-22
삼정1호태양광발전소,,전북특별자치도 고창군 신림면 무림리 424-59,35.4918741231442,126.706029377987,,정상가동,99.11,380,60,2016,,2015-08-17,,,2024-05-22
이수태양광발전소,,전북특별자치도 고창군 해리면 라성리 산 7-2,35.4760473520374,126.48301934989,,정상가동,29.7,380,60,2015,,2015-04-14,,,2024-05-22
김**태양광발전소,,전북특별자치도 고창군 고창읍 교촌리 401,35.437784474828,126.710338810003,,정상가동,19.76,380,60,2015,,2015-03-27,,,2024-05-22
동인태양광발전소,,전북특별자치도 고창군 성내면 덕산리 327,35.5612208378935,126.731890714749,,정상가동,75.0,380,60,2015,,2015-03-24,,,2024-05-22
햇빛농산태양광발전소,,전북특별자치도 고창군 성송면 암치리 232-1,35.3389957095398,126.6539387505,,정상가동,600.0,380,60,2015,,2015-10-28,,,2024-05-22
**1호태양광발전소,,전북특별자치도 고창군 대산면 대장리 712-1,35.3458409619722,126.546398111553,,정상가동,49.5,380,60,2016,,2015-12-23,,,2024-05-22
무장KY태양광발전소,전북특별자치도 고창군 무장면 학천로 112,,35.413181478421,126.572829030923,,정상가동,99.0,380,60,2017,,2015-12-23,,,2024-05-22
예전발전소,전북특별자치도 고창군 공음면 수원길 48,,35.3586497928736,126.534186959554,,정상가동,44.8,380,60,2016,,2015-12-09,,,2024-05-22
예전발전소,전북특별자치도 고창군 공음면 수원길 48,,35.3586497928736,126.534186959554,,정상가동,44.8,380,60,2016,,2015-12-08,,,2024-05-22
박**2호태양광발전소,,전북특별자치도 고창군 무장면 목우리 857-5,35.4072046679474,126.601379278703,,정상가동,99.0,380,60,2016,,2015-09-04,,,2024-05-22
박**태양광발전소,,전북특별자치도 고창군 해리면 동호리 127,35.5066699723664,126.487801052393,,정상가동,99.11,380,60,2016,,2015-09-04,,,2024-05-22
예담2호 태양광발전소,,전북특별자치도 고창군 대산면 성남리 636-21,35.3742734803668,126.593907193349,,정상가동,99.11,380,60,2016,,2015-09-04,,,2024-05-22
이**태양광발전소,,전북특별자치도 고창군 대산면 성남리 636-3,35.3745233601268,126.593461575462,,정상가동,99.11,380,60,2016,,2015-09-04,,,2024-05-22
류연2호태양광발전소,,전북특별자치도 고창군 대산면 대장리 94-6,35.3445775971437,126.546043036378,,정상가동,30.6,380,60,2020,,2015-07-31,,,2024-05-22
평지발전소,,전북특별자치도 고창군 해리면 평지리 66-1,35.4578843204917,126.563836175915,,정상가동,30.0,380,60,2015,,2015-07-08,,,2024-05-22
알뜰2호태양광발전소,전북특별자치도 고창군 성내면 외토길 51-218,,35.541322011637,126.758614264756,,정상가동,30.0,380,60,2016,,2015-06-26,,,2024-05-22
알뜰1호태양광발전소,전북특별자치도 고창군 흥덕면 고인돌대로 2614-6,,35.5112055815185,126.700897707652,,정상가동,75.0,380,60,2016,,2015-06-26,,,2024-05-22
성범발전소,,전북특별자치도 고창군 공음면 군유리 580-1,35.3516576600318,126.547412272492,,정상가동,99.0,380,60,2015,,2015-06-10,,,2024-05-22
흥제태양광발전소,전북특별자치도 고창군 흥덕면 속동길 79-101,,35.5174122487721,126.72845935278,,정상가동,75.0,380,60,2018,,2015-04-14,,,2024-05-22
지한조동2호태양광발전소,,전북특별자치도 고창군 성내면 조동리 284-1,35.562475732493,126.761910788802,,정상가동,99.0,380,60,2016,,2015-03-27,,,2024-05-22
지한조동1호태양광발전소,,전북특별자치도 고창군 성내면 조동리 284-7,35.5620788671123,126.761852840471,,정상가동,99.0,380,60,2016,,2015-03-27,,,2024-05-22
조동6호태양광발전소,,전북특별자치도 고창군 성내면 조동리 297-22,35.5647135319747,126.762764116016,,정상가동,99.0,380,60,2015,,2015-03-27,,,2024-05-22
조동5호태양광발전소,,전북특별자치도 고창군 성내면 조동리 297-23,35.5644965779535,126.762666472983,,정상가동,90.0,380,60,2015,,2015-03-27,,,2024-05-22
조동4호태양광발전소,,전북특별자치도 고창군 성내면 조동리 297-24,35.5643094626885,126.762617607814,,정상가동,99.0,380,60,2015,,2015-03-27,,,2024-05-22
조동3호태양광발전소,,전북특별자치도 고창군 성내면 조동리 297-25,35.5641414905971,126.762541110073,,정상가동,99.0,380,60,2015,,2015-03-27,,,2024-05-22
조동2호태양광발전소,,전북특별자치도 고창군 성내면 조동리 297-26,35.5639902734011,126.762505707012,,정상가동,99.0,380,60,2015,,2015-03-27,,,2024-05-22
피오레태양광발전소2호,,전북특별자치도 고창군 성내면 조동리 297-28,35.5627572455202,126.762158359458,,정상가동,99.0,380,60,2016,,2015-03-27,,,2024-05-22
정**태양광발전소,,전북특별자치도 고창군 신림면 무림리 424-66,35.4901082895797,126.706031732023,,정상가동,99.11,380,60,2016,,2015-08-17,,,2024-05-22
김**태양광발전소,,전북특별자치도 고창군 신림면 무림리 424-64,35.4906089786874,126.706111239396,,정상가동,99.11,380,60,2016,,2015-08-17,,,2024-05-22
아미태양광발전소,,전북특별자치도 고창군 신림면 무림리 424-62,35.4910598536852,126.706091303588,,정상가동,99.11,380,60,2016,,2015-08-17,,,2024-05-22
무궁화태양광발전소,,전북특별자치도 고창군 신림면 무림리 424-61,35.4912489631028,126.706023610033,,정상가동,99.11,380,60,2016,,2015-08-17,,,2024-05-22
광양태양광발전소,,전북특별자치도 고창군 신림면 무림리 424-29,35.4919972074136,126.70583044783,,정상가동,90.0,380,60,2016,,2015-08-17,,,2024-05-22
(주)풍성식품태양광발전소,전북특별자치도 고창군 대산면 광대계룡길 1-2,,35.3614109975697,126.563077011678,,정상가동,99.0,380,60,2016,,2015-09-08,,,2024-05-22
김**태양광발전소,,전북특별자치도 고창군 해리면 동호리 127-4,,,,정상가동,99.11,380,60,2016,,2015-09-04,,,2024-05-22
정우 태양광발전소,,전북특별자치도 고창군 대산면 성남리 363-20,,,,정상가동,99.11,380,60,2016,,2015-09-04,,,2024-05-22
주은 태양광발전소,,전북특별자치도 고창군 대산면 성남리 636-19,35.3743739851862,126.594204584012,,정상가동,99.11,380,60,2016,,2015-09-04,,,2024-05-22
등대태양광발전소,,전북특별자치도 고창군 대산면 성남리 636-22,35.374032311269,126.593780308695,,정상가동,99.11,380,60,2016,,2015-09-04,,,2024-05-22
이슬태양광발전소,,전북특별자치도 고창군 흥덕면 사천리 15-1,35.5082432153679,126.699353697828,,정상가동,99.0,380,60,2016,,2015-03-23,,,2024-05-22
강**태양광발전소,,전북특별자치도 고창군 흥덕면 사천리 15-1,35.5082432153679,126.699353697828,,정상가동,99.0,380,60,2016,,2015-03-23,,,2024-05-22
동남태양광발전소,,전북특별자치도 고창군 흥덕면 사천리 15-1,35.5082432153679,126.699353697828,,정상가동,99.0,380,60,2016,,2015-03-23,,,2024-05-22
에코네이처태양광발전소,,전북특별자치도 고창군 대산면 대장리 712,35.3456865519134,126.545914395102,,정상가동,99.0,380,60,2015,,2015-08-19,,,2024-05-22
대광2호태양광발전소,,전북특별자치도 고창군 해리면 금평리 604,35.5004768635124,126.506786254927,,정상가동,99.0,380,60,2015,,2015-03-06,,,2024-05-22
대광1호태양광발전소,,전북특별자치도 고창군 심원면 궁산리 13-4,35.4847430222047,126.536843969325,,정상가동,99.36,380,60,2016,,2015-03-06,,,2024-05-22
동호발전소,,전북특별자치도 고창군 해리면 동호리 615-106,35.5174913220521,126.484741499627,,정상가동,30.0,380,60,2017,,2015-01-15,,,2024-05-22
송암2태양광발전소,,전북특별자치도 고창군 흥덕면 송암리 20,35.4996638740179,126.726989725935,,정상가동,500.0,380,60,2016,,2014-08-22,,,2024-05-22
광일태양광발전소,,전북특별자치도 고창군 심원면 주산리 1859,35.5080416065458,126.518109422089,,정상가동,900.0,380,60,2015,,2014-08-20,,,2024-05-22
남산1솔라,,전북특별자치도 고창군 고수면 남산리 593-6,35.4046644685906,126.663290067822,,정상가동,499.8,380,60,2016,,2014-08-25,,,2024-05-22
써니태양광,,전북특별자치도 고창군 고수면 남산리 593-19,35.4046604468166,126.663917251934,,정상가동,449.8,380,60,2016,,2014-08-25,,,2024-05-22
이**태양광발전소,,전북특별자치도 고창군 신림면 무림리 58,35.4850476299029,126.715278056954,,정상가동,99.28,380,60,2015,,2014-08-25,,,2024-05-22
노동태양광발전소,,전북특별자치도 고창군 고창읍 노동리 292,35.418183148869,126.70743865858,,정상가동,99.11,380,60,2015,,2014-12-12,,,2024-05-22
강**태양광발전소2호,전북특별자치도 고창군 아산면 용장길 86-8,,35.4262079273541,126.608028316333,,정상가동,19.75,380,60,2014,,2014-12-09,,,2024-05-22
현윤태양광발전소,,전북특별자치도 고창군 고수면 예지리 461-13,35.4224195951758,126.651440663066,,정상가동,96.0,380,60,2015,,2014-10-30,,,2024-05-22
다모태양광발전소,,전북특별자치도 고창군 고수면 예지리 461-25,35.4220619054494,126.651361602665,,정상가동,96.0,380,60,2015,,2014-10-30,,,2024-05-22
청암태양광발전소,,전북특별자치도 고창군 고수면 예지리 461-27,35.4217710133083,126.651161243606,,정상가동,96.0,380,60,2015,,2014-10-30,,,2024-05-22
성호태양광발전소,,전북특별자치도 고창군 고수면 예지리 461-26,35.4218495059309,126.65118832277,,정상가동,96.0,380,60,2015,,2014-10-30,,,2024-05-22
양곡발전소,,전북특별자치도 고창군 무장면 도곡리 147,35.4332744907918,126.553610494438,,정상가동,40.0,380,60,2015,,2014-10-28,,,2024-05-22
흥덕2태양광발전소,,전북특별자치도 고창군 흥덕면 흥덕리 28-2,35.5213466488811,126.704801733882,,정상가동,25.0,380,60,2015,,2014-10-28,,,2024-05-22
흥덕1태양광발전소,,전북특별자치도 고창군 흥덕면 흥덕리 29-3,35.5214990433494,126.704390506651,,정상가동,75.0,380,60,2015,,2014-10-28,,,2024-05-22
온누리태양광발전소14호,,전북특별자치도 고창군 흥덕면 후포리 616,35.5506347369889,126.68173528034,,정상가동,200.0,380,60,2017,,2014-10-21,,,2024-05-22
싱싱싱태양광발전소,,전북특별자치도 고창군 대산면 중산리 35,35.3701343526269,126.601462265115,,정상가동,99.32,380,60,2015,,2014-10-16,,,2024-05-22
칠거리태양광발전소,,전북특별자치도 고창군 대산면 중산리 35-1,35.369869910355,126.601299935892,,정상가동,99.32,380,60,2015,,2014-10-16,,,2024-05-22
관형태양광발전소,,전북특별자치도 고창군 대산면 중산리 1164-2,35.3703543557174,126.601596093201,,정상가동,99.32,380,60,2015,,2014-10-16,,,2024-05-22
일흥태양광발전소,,전북특별자치도 고창군 고창읍 읍내리 556-14,35.4312213434972,126.695097754018,,정상가동,34.56,380,60,2015,,2014-10-14,,,2024-05-22
SM태양광발전소,,전북특별자치도 고창군 대산면 대장리 92-6,35.3456029559765,126.544824477454,,정상가동,99.0,380,60,2015,,2014-10-14,,,2024-05-22
고박사태양광발전소,,전북특별자치도 고창군 대산면 대장리 92-16,35.3453716109619,126.544735239969,,정상가동,99.0,380,60,2015,,2014-10-14,,,2024-05-22
배내태양광고창발전소,,전북특별자치도 고창군 대산면 대장리 92-9,35.3451439096141,126.544704065695,,정상가동,99.0,380,60,2015,,2014-10-14,,,2024-05-22
자연태양광발전소,,전북특별자치도 고창군 대산면 대장리 92-1,35.34540653788,126.545417963341,,정상가동,99.0,380,60,2015,,2014-10-14,,,2024-05-22
에코허브태양광발전소,,전북특별자치도 고창군 대산면 대장리 92-14,35.3452731066308,126.545480424274,,정상가동,99.0,380,60,2015,,2014-10-14,,,2024-05-22
해리태양광발전소,,전북특별자치도 고창군 대산면 대장리 92-13,35.3450777963625,126.545601974691,,정상가동,99.0,380,60,2015,,2014-10-14,,,2024-05-22
아현태양광발전소,,전북특별자치도 고창군 대산면 대장리 92-12,35.344968560876,126.545675190162,,정상가동,99.0,380,60,2015,,2014-10-14,,,2024-05-22
수양태양광발전소,,전북특별자치도 고창군 성송면 계당리 370,35.3721656092232,126.651575550832,,정상가동,98.8,380,60,2015,,2014-10-13,,,2024-05-22
둥근햇빛발전협동조합(고창참살이햇빛발전소),,전북특별자치도 고창군 고수면 봉산리 224-7,,,,정상가동,62.22,380,60,2015,,2014-10-06,,,2024-05-22
온누리태양광발전소12호,,전북특별자치도 고창군 흥덕면 후포리 620-34,35.5503074342405,126.682368844151,,정상가동,99.0,380,60,2014,,2014-09-30,,,2024-05-22
유**태양광발전소,,전북특별자치도 고창군 아산면 계산리 384-2,35.4717747424626,126.62505938504,,정상가동,45.0,380,60,2015,,2014-09-29,,,2024-05-22
꾸미2호태양광발전소,,전북특별자치도 고창군 흥덕면 사천리 79-5,35.5056929328869,126.695169797855,,정상가동,74.25,380,60,2015,,2014-09-26,,,2024-05-22
꾸미1호태양광발전소,전북특별자치도 고창군 흥덕면 외사길 2-5,,35.505442837387,126.69517625417,,정상가동,40.32,380,60,2015,,2014-09-26,,,2024-05-22
시나브로햇빛태양광발전소,전북특별자치도 고창군 고창읍 성산1길 8,,35.4357174209391,126.697194964291,,정상가동,19.88,380,60,2015,,2014-09-26,,,2024-05-22
디엔에스태양광발전소,,전북특별자치도 고창군 고수면 인성리 21-22,35.4062521147035,126.652618439802,,정상가동,98.0,380,60,2014,,2014-09-24,,,2024-05-22
디엔케이태양광발전소,,전북특별자치도 고창군 고수면 인성리 21-23,35.4060286607622,126.652299149274,,정상가동,98.0,380,60,2014,,2014-09-24,,,2024-05-22
행복태양광발전소,,전북특별자치도 고창군 고수면 인성리 21-20,35.4063177890344,126.652106351854,,정상가동,98.0,380,60,2014,,2014-09-24,,,2024-05-22
모양태양광발전소,,전북특별자치도 고창군 고수면 인성리 21-18,35.4065450658047,126.652532413703,,정상가동,98.0,380,60,2014,,2014-09-24,,,2024-05-22
희망태양광발전소,,전북특별자치도 고창군 고수면 인성리 21-2,35.4065309316005,126.652162352429,,정상가동,98.8,380,60,2014,,2014-09-24,,,2024-05-22
한길태양광발전소,,전북특별자치도 고창군 신림면 법지리 6,35.4966757882676,126.700369760417,,정상가동,98.8,380,60,2015,,2014-09-24,,,2024-05-22
무림태양광발전소1호,,전북특별자치도 고창군 신림면 무림리 5,35.4872626380879,126.719880352558,,정상가동,99.0,380,60,2015,,2014-09-23,,,2024-05-22
유**태양광발전소,전북특별자치도 고창군 고창읍 월곡10길 14,,35.4360002961815,126.712363665105,,정상가동,19.5,380,60,2014,,2014-09-18,,,2024-05-22
조**태양광발전소,전북특별자치도 고창군 고창읍 동리로 16,,35.43298469394,126.693893707506,,정상가동,19.5,380,60,2014,,2014-09-18,,,2024-05-22
김**태양광발전소,전북특별자치도 고창군 해리면 신동호길 63-7,,35.5061440198475,126.49092033765,,정상가동,19.5,380,60,2014,,2014-09-17,,,2024-05-22
봉산3호태양광발전소,전북특별자치도 고창군 고수면 봉산1길 22-72,,35.4228913060241,126.683334037955,,정상가동,99.0,380,60,2018,,2014-09-16,,,2024-05-22
봉산2호태양광발전소,전북특별자치도 고창군 고수면 봉산1길 22-74,,35.4233808344958,126.683480664346,,정상가동,99.0,380,60,2018,,2014-09-16,,,2024-05-22
봉산1호태양광발전소,전북특별자치도 고창군 고수면 봉산1길 22-74,,35.4233808344958,126.683480664346,,정상가동,99.0,380,60,2018,,2014-09-16,,,2024-05-22
성림태양광발전소,,전북특별자치도 고창군 대산면 춘산리 856-18,35.3265177215545,126.574915221721,,정상가동,99.0,380,60,2015,,2014-09-15,,,2024-05-22
연수태양광발전소,,전북특별자치도 고창군 대산면 춘산리 856-19,35.3263483014396,126.575000463762,,정상가동,99.0,380,60,2015,,2014-09-15,,,2024-05-22
효성태양광발전소,,전북특별자치도 고창군 대산면 춘산리 856-21,35.3260417419084,126.575149111781,,정상가동,99.0,380,60,2015,,2014-09-15,,,2024-05-22
천호태양광발전소,,전북특별자치도 고창군 대산면 춘산리 856-20,35.3261908485815,126.575079923841,,정상가동,99.0,380,60,2015,,2014-09-15,,,2024-05-22
하정태양광발전소,,전북특별자치도 고창군 대산면 춘산리 856-22,35.3259349174498,126.57522115773,,정상가동,50.0,380,60,2015,,2014-09-15,,,2024-05-22
오해피2태양광발전소,,전북특별자치도 고창군 흥덕면 흥덕리 495-11,35.5181896016389,126.697107581186,,정상가동,74.1,380,60,2015,,2014-09-15,,,2024-05-22
이조수산태양광발전소,,전북특별자치도 고창군 심원면 만돌리 1358,35.5318836607363,126.518943910455,,정상가동,74.1,380,60,2015,,2014-09-15,,,2024-05-22
박**태양광발전소,전북특별자치도 고창군 성내면 조동금평길 95,,35.5627843598657,126.765370757308,,정상가동,99.5,380,60,2015,,2014-09-12,,,2024-05-22
반**태양광발전소,전북특별자치도 고창군 고창읍 덕산길 3-6,,35.4259822385963,126.690973047932,,정상가동,99.0,380,60,2015,,2014-09-11,,,2024-05-22
146-1태양광,,전북특별자치도 고창군 무장면 도곡리 146-1,35.4334603856562,126.554086093883,,정상가동,99.0,380,60,2019,,2014-09-05,,,2024-05-22
로뎀태양광발전소,,전북특별자치도 고창군 흥덕면 사포리 499-29,35.5419584822923,126.687766740673,,정상가동,99.0,380,60,2015,,2014-09-05,,,2024-05-22
여수2태양광발전소,,전북특별자치도 고창군 성내면 옥제리 29-1,35.5254507824136,126.734286340542,,정상가동,99.0,380,60,2015,,2014-09-03,,,2024-05-22
해리1호태양광발전소,,전북특별자치도 고창군 성내면 월산리 432-1,35.5261053054667,126.735885720427,,정상가동,99.0,380,60,2015,,2014-09-03,,,2024-05-22
예지리태양광발전소,,전북특별자치도 고창군 고수면 예지리 327-3,35.4138978789189,126.641934463605,,정상가동,99.3,380,60,2015,,2014-09-03,,,2024-05-22
관동태양광발전소,,전북특별자치도 고창군 성내면 신성리 673-4,35.5546844945642,126.727487223832,,정상가동,30.0,380,60,2015,,2014-09-02,,,2024-05-22
햇빛태양광발전소,,전북특별자치도 고창군 무장면 고라리 206-9,35.4074374123077,126.569126385469,,정상가동,98.58,380,60,2015,,2014-08-29,,,2024-05-22
고창한양태양광발전소,,전북특별자치도 고창군 무장면 고라리 206-2,35.4082764262008,126.569702434285,,정상가동,98.58,380,60,2015,,2014-08-29,,,2024-05-22
덕암21호태양광발전소,,전북특별자치도 고창군 무장면 고라리 206,35.4075476129794,126.569572987929,,정상가동,99.9,380,60,2015,,2014-08-29,,,2024-05-22
동우태양광발전소,,전북특별자치도 고창군 대산면 산정리 13-1,35.3343197396249,126.596011329176,,정상가동,99.0,380,60,2015,,2014-08-27,,,2024-05-22
복룡태양광발전소,전북특별자치도 고창군 고수면 복룡길 24-15,,35.3964796181016,126.691903961569,,정상가동,97.2,380,60,2015,,2014-08-22,,,2024-05-22
제내태양광발전소,,전북특별자치도 고창군 고수면 와촌리 77-1,35.4056475549137,126.688105915798,,정상가동,97.2,380,60,2014,,2014-08-22,,,2024-05-22
송산태양광발전소,,전북특별자치도 고창군 대산면 율촌리 376-28,35.3399949139971,126.562096850299,,정상가동,99.0,380,60,2015,,2014-08-22,,,2024-05-22
서영4호태양광발전소,,전북특별자치도 고창군 고수면 인성리 111-10,35.4056107509263,126.642308537758,,정상가동,99.45,380,60,2015,,2014-08-20,,,2024-05-22
서영3호태양광발전소,,전북특별자치도 고창군 고수면 인성리 111-9,35.4057407343189,126.642343522165,,정상가동,99.45,380,60,2015,,2014-08-20,,,2024-05-22
서영2호태양광발전소,,전북특별자치도 고창군 고수면 인성리 111-8,35.4058708526275,126.642424082879,,정상가동,99.45,380,60,2015,,2014-08-20,,,2024-05-22
서영1호태양광발전소,,전북특별자치도 고창군 고수면 인성리 111-7,35.4059989336149,126.642577641883,,정상가동,99.45,380,60,2015,,2014-08-20,,,2024-05-22
에스엔디5호태양광발전소,,전북특별자치도 고창군 고수면 인성리 111-6,35.4061192152422,126.642684557962,,정상가동,99.45,380,60,2015,,2014-08-20,,,2024-05-22
SS쏠라태양광발전소,,전북특별자치도 고창군 고수면 인성리 111-5,35.4062453562354,126.642791778776,,정상가동,99.45,380,60,2015,,2014-08-20,,,2024-05-22
호석태양광발전소,,전북특별자치도 고창군 고수면 인성리 111-2,35.4063633902671,126.642900687022,,정상가동,99.45,380,60,2015,,2014-08-20,,,2024-05-22
영에너지,,전북특별자치도 고창군 무장면 옥산리 1631-1,35.3873447861689,126.596845100331,,정상가동,99.36,380,60,2015,,2014-08-19,,,2024-05-22
후에너지,,전북특별자치도 고창군 무장면 옥산리 1631,35.3874532993776,126.596492466773,,정상가동,99.36,380,60,2015,,2014-08-19,,,2024-05-22
연창태양광,,전북특별자치도 고창군 무장면 옥산리 1631-2,35.3873462588373,126.597286667771,,정상가동,99.36,380,60,2015,,2014-08-19,,,2024-05-22
이**태양광발전소,,전북특별자치도 고창군 성내면 덕산리 81-4,35.5607898950288,126.736866819423,,정상가동,99.0,380,60,2015,,2014-08-19,,,2024-05-22
손**태양광발전소,,전북특별자치도 고창군 성내면 덕산리 81-1,35.5612195033797,126.736766033759,,정상가동,50.0,380,60,2015,,2014-08-19,,,2024-05-22
오해피태양광발전소,전북특별자치도 고창군 흥덕면 선운대로 3699-4,,35.5181595303704,126.697156310952,,정상가동,30.0,380,60,2014,,2014-06-25,,,2024-05-22
봉암태양광발전소,,전북특별자치도 고창군 부안면 봉암리 205-4,35.5578169990222,126.629280408902,,정상가동,40.0,380,60,2015,,2014-06-09,,,2024-05-22
명경태양광발전소,,전북특별자치도 고창군 성송면 계당리 629-1,35.3670951785067,126.647707010099,,정상가동,30.0,380,60,2014,,2014-05-28,,,2024-05-22
명성태양광발전소,전북특별자치도 고창군 고창읍 화산송암길 6,,35.4136184882666,126.705424700637,,정상가동,32.5,380,60,2014,,2014-05-28,,,2024-05-22
해성태양광발전소,,전북특별자치도 고창군 흥덕면 치룡리 592,35.5243880648904,126.703468359712,,정상가동,29.95,380,60,2014,,2014-05-28,,,2024-05-22
경자태양광발전소,전북특별자치도 고창군 성내면 장수길 19,,35.5471677751089,126.735796379149,,정상가동,39.6,380,60,2014,,2014-05-21,,,2024-05-22
참빛3호태양광발전소,,전북특별자치도 고창군 상하면 장호리 257-1,35.4602158670236,126.465687849128,,정상가동,99.0,380,60,2015,,2014-05-16,,,2024-05-22
참빛2호태양광발전소,,전북특별자치도 고창군 상하면 장호리 257-1,35.4602158670236,126.465687849128,,정상가동,99.0,380,60,2015,,2014-05-16,,,2024-05-22
참빛1호태양광발전소,,전북특별자치도 고창군 상하면 장호리 246,35.4597617862151,126.465544226996,,정상가동,96.46,380,60,2015,,2014-05-16,,,2024-05-22
봉숙태양광발전소,,전북특별자치도 고창군 고창읍 성두리 533,35.4534391075365,126.694504169312,,정상가동,200.0,380,60,2016,,2014-09-30,,,2024-05-22
정균태양광발전소,,전북특별자치도 고창군 고창읍 성두리 475,35.4523915175415,126.694292340368,,정상가동,300.0,380,60,2016,,2014-09-30,,,2024-05-22
이슘에너지,,전북특별자치도 고창군 고수면 남산리 592-1,35.40650574009,126.661473304674,,정상가동,400.0,380,60,2015,,2014-09-12,,,2024-05-22
호남옥산태양광발전소,,전북특별자치도 고창군 무장면 옥산리 1239-4,35.4001692662221,126.592839928962,,정상가동,992.0,380,60,2015,,2014-09-05,,,2024-05-22
성민태양광발전소,,전북특별자치도 고창군 고수면 남산리 592-5,35.4060880826992,126.663413172111,,정상가동,492.8,380,60,2016,,2014-09-05,,,2024-05-22
장두리태양광발전소,,전북특별자치도 고창군 고수면 장두리 594-7,35.3987322237384,126.65557198043,,정상가동,495.0,380,60,2015,,2014-09-03,,,2024-05-22
송암1태양광,,전북특별자치도 고창군 흥덕면 송암리 20-7,35.4991607912125,126.726682712293,,정상가동,500.0,380,60,2016,,2014-08-22,,,2024-05-22
(유)세광솔라파크,,전북특별자치도 고창군 공음면 건동리 420-6,35.3911683850791,126.575923926629,,정상가동,495.0,380,60,2016,,2014-08-20,,,2024-05-22
목동태양광발전소,전북특별자치도 고창군 아산면 목동로 95,,35.4238679912864,126.631164648227,,정상가동,990.0,380,60,2015,,2014-08-12,,,2024-05-22
조동종로에너지,,전북특별자치도 고창군 성내면 조동리 297-27,35.5633864691632,126.762401265481,,정상가동,600.0,380,60,2015,,2014-08-12,,,2024-05-22
병철태양광발전소,,전북특별자치도 고창군 성내면 옥제리 산 1-1,,,,정상가동,297.0,380,60,2015,,2014-08-12,,,2024-05-22
금호태양광발전소1호,전북특별자치도 고창군 상하면 선운대로 892,,35.4489675972116,126.499610088679,,정상가동,99.0,380,60,2015,,2014-05-01,,,2024-05-22
진주2호태양광발전소,,전북특별자치도 고창군 상하면 용정리 2146-1,35.4604950712848,126.464442930632,,정상가동,99.0,380,60,2014,,2014-04-23,,,2024-05-22
순정태양광1호발전소,,전북특별자치도 고창군 상하면 용정리 2150-1,35.4598678719749,126.463999942171,,정상가동,89.0,380,60,2014,,2014-04-17,,,2024-05-22
진주1호태양광발전소,전북특별자치도 고창군 상하면 장호로 245-54,,35.4606894945287,126.464486367987,,정상가동,99.0,380,60,2014,,2014-04-17,,,2024-05-22
유성태양광발전소,,전북특별자치도 고창군 상하면 용정리 2148,35.460320745859,126.464114921643,,정상가동,99.0,380,60,2014,,2014-04-17,,,2024-05-22
신원태양광발전소,,전북특별자치도 고창군 상하면 용정리 2150,35.4600722523495,126.463992086864,,정상가동,99.0,380,60,2014,,2014-04-17,,,2024-05-22
해마니3호발전소,전북특별자치도 고창군 상하면 장호로 245-61,,35.4600794479383,126.464923236833,,정상가동,99.0,380,60,2014,,2014-04-17,,,2024-05-22
해광쏠라텍,전북특별자치도 고창군 상하면 장호로 245-57,,35.4604182228174,126.465080398207,,정상가동,99.0,380,60,2014,,2014-04-17,,,2024-05-22
사반2호태양광발전소,,전북특별자치도 고창군 해리면 사반리 999-6,35.4847055646955,126.465367457723,,정상가동,99.0,380,60,2014,,2014-04-17,,,2024-05-22
사반1호태양광발전소,,전북특별자치도 고창군 해리면 사반리 999,35.4847353132858,126.465796141383,,정상가동,99.0,380,60,2014,,2014-04-17,,,2024-05-22
금호태양광발전소2호,전북특별자치도 고창군 상하면 송림1길 36-3,,35.4424360770956,126.518645906173,,정상가동,50.0,380,60,2015,,2014-04-14,,,2024-05-22
대풍태양광발전소,전북특별자치도 고창군 고창읍 녹두로 1331,,35.4341655964293,126.691979846652,,정상가동,74.0,380,60,2014,,2014-04-02,,,2024-05-22
민형태양광발전소,전북특별자치도 고창군 흥덕면 치룡복룡길 36-19,,35.5281041645898,126.712189705561,,정상가동,80.0,380,60,2014,,2014-03-31,,,2024-05-22
천년의빛태양광발전소,전북특별자치도 고창군 고창읍 중앙로 239,,35.4352769381255,126.7015348187,,정상가동,41.0,380,60,2014,,2014-03-27,,,2024-05-22
가은태양광발전소,전북특별자치도 고창군 고창읍 덕정2길 27,,35.4487264255031,126.673401774616,,정상가동,30.0,380,60,2014,,2014-03-25,,,2024-05-22
고창유공열태양광발전소,전북특별자치도 고창군 고창읍 보릿골로 63,,35.4309127993887,126.695052555183,,정상가동,31.0,380,60,2014,,2014-03-24,,,2024-05-22
김**태양광발전소,전북특별자치도 고창군 고창읍 보릿골로 126-8,,35.4362799919794,126.696214459043,,정상가동,19.0,380,60,2014,,2014-02-28,,,2024-05-22
방**태양광발전소,전북특별자치도 고창군 상하면 송라길 214-54,,35.4294294308463,126.467451786511,,정상가동,300.0,380,60,2014,,2014-02-10,,,2024-05-22
방**태양광발전소,전북특별자치도 고창군 상하면 송라길 214-54,,35.4294294308463,126.467451786511,,정상가동,99.0,380,60,2014,,2014-02-10,,,2024-05-22
제하태양광발전소,전북특별자치도 고창군 흥덕면 속동길 79-101,,35.5174122487721,126.72845935278,,정상가동,75.0,380,60,2016,,2016-09-15,,,2024-05-22
성철태양광발전소,전북특별자치도 고창군 대산면 청보리로 744-20,,35.3448717142929,126.549129688883,,정상가동,30.0,380,60,2015,,2014-12-12,,,2024-05-22
흥진솔라1태양광발전소,전북특별자치도 고창군 부안면 복분자로 535,,35.5109214800163,126.64647976863,,정상가동,99.0,380,60,2015,,2014-12-09,,,2024-05-22
흥진솔라2태양광발전소,전북특별자치도 고창군 부안면 복분자로 535,,35.5109214800163,126.64647976863,,정상가동,99.0,380,60,2015,,2014-12-09,,,2024-05-22
씨엠태양광발전소,,전북특별자치도 고창군 부안면 상암리 779-87,35.5685245973383,126.627252004352,,정상가동,98.8,380,60,2015,,2014-11-27,,,2024-05-22
명성태양광발전소,,전북특별자치도 고창군 부안면 상암리 779-88,35.5683332849652,126.62737897546,,정상가동,98.8,380,60,2015,,2014-11-27,,,2024-05-22
엘라이트시스태양광발전소,,전북특별자치도 고창군 부안면 상암리 779-97,35.5689889218304,126.627682605801,,정상가동,98.8,380,60,2015,,2014-11-27,,,2024-05-22
지라이트시스태양광발전소,,전북특별자치도 고창군 부안면 상암리 779-96,35.5687412225151,126.62779152575,,정상가동,98.8,380,60,2015,,2014-11-27,,,2024-05-22
봄가을태양광발전소,,전북특별자치도 고창군 부안면 상암리 779-95,35.5684868628113,126.627903454209,,정상가동,98.8,380,60,2015,,2014-11-27,,,2024-05-22
정희태양광발전소,,전북특별자치도 고창군 부안면 상암리 779-103,35.5685185035763,126.628548185245,,정상가동,98.8,380,60,2015,,2014-11-27,,,2024-05-22
명선태양광발전소,,전북특별자치도 고창군 부안면 상암리 779-104,35.5688066125418,126.628449340309,,정상가동,98.8,380,60,2015,,2014-11-27,,,2024-05-22
주안발전소 1호,,전북특별자치도 고창군 부안면 상암리 105,35.5413694599694,126.638669939342,,정상가동,98.8,380,60,2015,,2014-11-27,,,2024-05-22
생생에너지태양광발전소,,전북특별자치도 고창군 부안면 상암리 779-106,35.5693562508948,126.628196063499,,정상가동,98.8,380,60,2015,,2014-11-27,,,2024-05-22
하늘빛발전소,,전북특별자치도 고창군 부안면 상암리 779-76,35.5696675750971,126.62651070579,,정상가동,98.8,380,60,2015,,2014-11-27,,,2024-05-22
블루오션태양광발전소,,전북특별자치도 고창군 부안면 상암리 779-86,35.5687167841145,126.627174668596,,정상가동,98.8,380,60,2015,,2014-11-27,,,2024-05-22
맑은하늘,,전북특별자치도 고창군 부안면 상암리 779-85,35.5688998849714,126.627102890136,,정상가동,98.8,380,60,2015,,2014-11-27,,,2024-05-22
그린상암에너지태양광발전소,,전북특별자치도 고창군 부안면 상암리 779-83,35.5683432839332,126.626765381486,,정상가동,59.28,380,60,2015,,2014-11-27,,,2024-05-22
JL태양광발전소,,전북특별자치도 고창군 부안면 상암리 779-82,35.5685128437896,126.626657593599,,정상가동,98.8,380,60,2015,,2014-11-27,,,2024-05-22
샤인트릭발전소,,전북특별자치도 고창군 부안면 상암리 779-81,35.5686926764183,126.62654920603,,정상가동,98.8,380,60,2015,,2014-11-27,,,2024-05-22
늘해랑태양광발전소,,전북특별자치도 고창군 부안면 상암리 779-79,35.5691444583101,126.626654001621,,정상가동,98.8,380,60,2015,,2014-11-27,,,2024-05-22
해밀발전소,,전북특별자치도 고창군 부안면 상암리 779-77,35.5695164738002,126.626583551249,,정상가동,98.8,380,60,2015,,2014-11-27,,,2024-05-22
대광발전소,,전북특별자치도 고창군 부안면 상암리 779-78,35.5693430542061,126.626667310546,,정상가동,98.8,380,60,2015,,2014-11-27,,,2024-05-22
JY푸른에너지,,전북특별자치도 고창군 부안면 상암리 779-75,35.5700422325608,126.626071465829,,정상가동,98.8,380,60,2015,,2014-11-27,,,2024-05-22
싱싱고에너지태양광발전소,,전북특별자치도 고창군 부안면 상암리 779-18,35.569285567835,126.627809305538,,정상가동,98.8,380,60,2015,,2014-11-27,,,2024-05-22
대성태양광발전소,,전북특별자치도 고창군 부안면 상암리 779-16,35.5690672792865,126.627023352013,,정상가동,98.8,380,60,2015,,2014-11-27,,,2024-05-22
늘푸른에너지,,전북특별자치도 고창군 부안면 상암리 779-15,35.5689037214367,126.626507963039,,정상가동,98.8,380,60,2015,,2014-11-27,,,2024-05-22
고창태양발전소,,전북특별자치도 고창군 부안면 상암리 779-5,35.5698584085105,126.626462165038,,정상가동,98.8,380,60,2015,,2014-11-27,,,2024-05-22
우인에너지,,전북특별자치도 고창군 부안면 상암리 779-2,35.5703540361515,126.625970293717,,정상가동,98.8,380,60,2015,,2014-11-27,,,2024-05-22
옥현태양광발전소,,전북특별자치도 고창군 고수면 부곡리 843-23,35.4073957210338,126.681121166882,,정상가동,99.0,380,60,2016,,2014-11-13,,,2024-05-22
온누리태양광발전소15호,,전북특별자치도 고창군 흥덕면 후포리 616-2,35.5510311397067,126.682013291564,,정상가동,60.0,380,60,2017,,2014-10-21,,,2024-05-22
용대태양광발전소,전북특별자치도 고창군 상하면 샘목로 839,,35.4208320223769,126.480462406621,,정상가동,50.0,380,60,2015,,2014-10-15,,,2024-05-22
고창양계1호태양광발전소,,전북특별자치도 고창군 성내면 양계리 247,35.5344362629835,126.75182351686,,정상가동,99.5,380,60,2015,,2014-10-15,,,2024-05-22
선오태양광발전소,,전북특별자치도 고창군 흥덕면 후포리 155,35.5497972237355,126.68713154759,,정상가동,99.0,380,60,2015,,2014-10-14,,,2024-05-22
대산태양광발전소,,전북특별자치도 고창군 대산면 덕천리 14,35.3532243255597,126.579812128097,,정상가동,97.92,380,60,2018,,2014-10-10,,,2024-05-22
덕천태양광발전소,,전북특별자치도 고창군 대산면 덕천리 698-25,35.3535509698615,126.57983948082,,정상가동,97.92,380,60,2018,,2014-10-10,,,2024-05-22
유한태양광발전소,,전북특별자치도 고창군 부안면 수앙리 564-3,35.554293021146,126.643840100154,,정상가동,76.86,380,60,2016,,2014-10-06,,,2024-05-22
한울안햇빛발전소,,전북특별자치도 고창군 고수면 봉산리 227-2,35.4195050400428,126.681714394078,,정상가동,59.16,380,60,2015,,2014-10-06,,,2024-05-22
온누리태양광발전소13호,,전북특별자치도 고창군 흥덕면 후포리 618,35.5507728241074,126.682182719422,,정상가동,50.0,380,60,2016,,2014-09-30,,,2024-05-22
온누리태양광발전소11호,,전북특별자치도 고창군 흥덕면 후포리 620-36,35.5505756066432,126.682280108692,,정상가동,99.0,380,60,2016,,2014-09-30,,,2024-05-22
미동태양광발전소,,전북특별자치도 고창군 대산면 중산리 산 15,35.3672856357604,126.600779298119,,정상가동,99.38,380,60,2016,,2014-09-30,,,2024-05-22
박**1호태양광발전소,,전북특별자치도 고창군 무장면 목우리 857-14,35.4067809498171,126.601649543989,,정상가동,99.0,380,60,2016,,2014-09-29,,,2024-05-22
형제태양광발전소,전북특별자치도 고창군 고수면 남산농장길 34-4,,35.40480518498,126.661588080348,,정상가동,90.72,380,60,2018,,2014-09-25,,,2024-05-22
그린솔라2태양광발전소,전북특별자치도 고창군 흥덕면 후포로 71-17,,35.5419072390031,126.691741347738,,정상가동,60.0,380,60,2015,,2014-09-23,,,2024-05-22
희망태양광발전소,,전북특별자치도 고창군 대산면 춘산리 856-15,35.3267392500918,126.574807710249,,정상가동,99.0,380,60,2017,,2014-09-15,,,2024-05-22
K&Y태양광발전소2호,,전북특별자치도 고창군 성내면 동산리 235-1,35.5406202525744,126.729278442798,,정상가동,80.0,380,60,2016,,2014-09-12,,,2024-05-22
미영태양광발전소,,전북특별자치도 고창군 성내면 동산리 249-1,35.5408541659591,126.729330257132,,정상가동,80.0,380,60,2016,,2014-09-12,,,2024-05-22
K&Y태양광발전소3호,,전북특별자치도 고창군 성내면 동산리 296,35.5415261120814,126.730026035512,,정상가동,99.0,380,60,2015,,2014-09-12,,,2024-05-22
오광태양광발전소,,전북특별자치도 고창군 흥덕면 사포리 499-33,35.541410126897,126.687694982441,,정상가동,99.0,380,60,2015,,2014-09-05,,,2024-05-22
팔광태양광발전소,,전북특별자치도 고창군 흥덕면 사포리 499-32,35.5415561216362,126.687654166398,,정상가동,99.0,380,60,2015,,2014-09-05,,,2024-05-22
남산5솔라,,전북특별자치도 고창군 고수면 남산리 593-21,35.4051291580185,126.664347952035,,정상가동,99.0,380,60,2016,,2014-09-03,,,2024-05-22
남산3솔라,,전북특별자치도 고창군 고수면 남산리 593-20,35.4052858794569,126.663564025094,,정상가동,99.0,380,60,2016,,2014-09-03,,,2024-05-22
고창영은태양광발전소,,전북특별자치도 고창군 무장면 고라리 206-8,35.4077261154931,126.569306719419,,정상가동,98.58,380,60,2015,,2014-08-29,,,2024-05-22
송암6태양광,전북특별자치도 고창군 흥덕면 효감천로 72-6,,35.4985421385374,126.727800629257,,정상가동,99.0,380,60,2016,,2014-08-28,,,2024-05-22
에벤에셀 태양광발전소,,전북특별자치도 고창군 흥덕면 송암리 20-1,35.4989809395218,126.72774084466,,정상가동,99.0,380,60,2015,,2014-08-28,,,2024-05-22
송암3태양광,,전북특별자치도 고창군 흥덕면 송암리 20-2,35.4995599419266,126.727463018133,,정상가동,99.0,380,60,2015,,2014-08-28,,,2024-05-22
명순태양광광발전소,,전북특별자치도 고창군 고수면 예지리 75-14,35.411597492488,126.650970915295,,정상가동,98.2,380,60,2016,,2014-08-27,,,2024-05-22
고인돌3호태양광발전소,,전북특별자치도 고창군 신림면 자포리 780-1,,,,정상가동,99.0,380,60,2019,,2014-08-26,,,2024-05-22
고인돌2호태양광발전소,,전북특별자치도 고창군 신림면 자포리 780-1,,,,정상가동,99.0,380,60,2019,,2014-08-26,,,2024-05-22
고인돌1호태양광발전소,,전북특별자치도 고창군 신림면 자포리 781,35.4618843034807,126.702443144802,,정상가동,99.0,380,60,2019,,2014-08-26,,,2024-05-22
선동태양광9호기,,전북특별자치도 고창군 공음면 건동리 419-2,35.3891546926873,126.576292181679,,정상가동,99.0,380,60,2015,,2015-08-26,,,2024-05-22
선동태양광8호기,,전북특별자치도 고창군 공음면 건동리 419-1,35.3896049535739,126.576101723191,,정상가동,99.0,380,60,2015,,2014-08-25,,,2024-05-22
선동태양광7호기,,전북특별자치도 고창군 공음면 건동리 419,35.3901188598756,126.575991938823,,정상가동,99.0,380,60,2015,,2014-08-25,,,2024-05-22
광대태양광발전소(3호기),,전북특별자치도 고창군 대산면 광대리 1272-1,35.3651843737457,126.565451114169,,정상가동,99.0,380,60,2016,,2014-08-25,,,2024-05-22
광대태양광발전소(2호기),,전북특별자치도 고창군 대산면 광대리 1269,,,,정상가동,99.0,380,60,2016,,2014-08-25,,,2024-05-22
광대태양광발전소(1호기),,전북특별자치도 고창군 대산면 광대리 1266-4,,,,정상가동,99.0,380,60,2016,,2014-08-26,,,2024-05-22
(주)서기쏠라5호,,전북특별자치도 고창군 성내면 조동리 205-30,35.5536830351365,126.759549761698,,정상가동,99.0,380,60,2016,,2014-08-25,,,2024-05-22
(주)서기쏠라4호,,전북특별자치도 고창군 성내면 조동리 205-29,35.5539874349783,126.759655945677,,정상가동,99.0,380,60,2016,,2014-08-25,,,2024-05-22
(주)서기쏠라3호,전북특별자치도 고창군 흥덕면 흥덕로 5,,35.5168785750549,126.705113316303,,정상가동,99.0,380,60,2016,,2014-08-25,,,2024-05-22
(주)서기쏠라2호,,전북특별자치도 고창군 성내면 조동리 205-27,35.5544236520924,126.759740781695,,정상가동,99.0,380,60,2016,,2014-08-27,,,2024-05-22
(주)서기쏠라1호,,전북특별자치도 고창군 성내면 조동리 205-15,35.5546536630638,126.759785866696,,정상가동,99.0,380,60,2016,,2014-08-26,,,2024-05-22
에코태양광,,전북특별자치도 고창군 고수면 인성리 111-11,35.4053649903716,126.642379089114,,정상가동,99.45,380,60,2015,,2014-08-20,,,2024-05-22
연성태양광발전소,,전북특별자치도 고창군 흥덕면 사포리 229-2,35.5402036598396,126.683653327662,,정상가동,50.0,380,60,2017,,2014-05-16,,,2024-05-22
사반3호태양광발전소,,전북특별자치도 고창군 해리면 사반리 998,35.4847530821817,126.465087026152,,정상가동,30.0,380,60,2015,,2014-05-16,,,2024-05-22
푸른상암20호태양광발전소,,전북특별자치도 고창군 부안면 상암리 779-68,35.5706117223503,126.631150091015,,정상가동,99.0,380,60,2014,,2013-10-29,,,2024-05-22
만월태양광발전소,,전북특별자치도 고창군 심원면 만돌리 1533,35.5303801067662,126.516460721123,,정상가동,49.0,380,60,2014,,2013-12-16,,,2024-05-22
푸른상암24호태양광발전소,,전북특별자치도 고창군 부안면 상암리 779-66,35.5705057449856,126.630595589035,,정상가동,99.0,380,60,2014,,2013-12-03,,,2024-05-22
푸른상암5호태양광발전소,,전북특별자치도 고창군 부안면 상암리 779-73,35.5719170253161,126.630931419565,,정상가동,99.0,380,60,2014,,2013-11-25,,,2024-05-22
푸른상암22호태양광발전소,,전북특별자치도 고창군 부안면 상암리 779-53,35.5701813926006,126.629780319339,,정상가동,99.0,380,60,2014,,2013-11-25,,,2024-05-22
석남7호태양광발전소,,전북특별자치도 고창군 상하면 석남리 554-5,35.4413154377973,126.469528439856,,정상가동,50.0,380,60,2014,,2013-11-07,,,2024-05-22
석남6호태양광발전소,,전북특별자치도 고창군 상하면 석남리 554-4,35.4414843835152,126.469599360738,,정상가동,99.0,380,60,2014,,2013-11-07,,,2024-05-22
석남5호태양광발전소,,전북특별자치도 고창군 상하면 석남리 554-3,35.4416852072207,126.469684390607,,정상가동,99.0,380,60,2014,,2013-11-07,,,2024-05-22
석남4호태양광발전소,,전북특별자치도 고창군 상하면 석남리 554-2,35.4418746450833,126.46972169609,,정상가동,99.0,380,60,2014,,2013-11-07,,,2024-05-22
석남3호태양광발전소,,전북특별자치도 고창군 상하면 석남리 554-1,35.4420800000883,126.469709776123,,정상가동,99.0,380,60,2014,,2013-11-07,,,2024-05-22
석남2호태양광발전소,,전북특별자치도 고창군 상하면 석남리 550-2,35.4423290954556,126.469847686813,,정상가동,99.0,380,60,2014,,2013-11-07,,,2024-05-22
석남1호태양광발전소,,전북특별자치도 고창군 상하면 석남리 550,35.4425529621525,126.469823200114,,정상가동,99.0,380,60,2014,,2013-11-07,,,2024-05-22
푸른상암25호태양광발전소,,전북특별자치도 고창군 부안면 상암리 779-52,35.5704000186,126.629653997467,,정상가동,99.0,380,60,2014,,2013-10-29,,,2024-05-22
푸른상암23호태양광발전소,,전북특별자치도 고창군 부안면 상암리 779-65,35.5707853742743,126.630611404081,,정상가동,99.0,380,60,2014,,2013-10-29,,,2024-05-22
스펙트럼태양광발전소,,전북특별자치도 고창군 부안면 상암리 779-51,35.5706604879622,126.629594001496,,정상가동,99.0,380,60,2014,,2013-10-29,,,2024-05-22
푸른상암19호태양광발전소,,전북특별자치도 고창군 부안면 상암리 779-64,35.5710464543865,126.630544678929,,정상가동,99.0,380,60,2014,,2013-10-29,,,2024-05-22
푸른상암18호태양광발전소,,전북특별자치도 고창군 부안면 상암리 779-55,35.5704135226984,126.630177483055,,정상가동,99.0,380,60,2014,,2013-10-29,,,2024-05-22
푸른상암17호태양광발전소,,전북특별자치도 고창군 부안면 상암리 779-50,35.5709200343056,126.629526949271,,정상가동,99.0,380,60,2014,,2013-10-29,,,2024-05-22
푸른상암16호태양광발전소,,전북특별자치도 고창군 부안면 상암리 779-69,35.5708877707354,126.631203320908,,정상가동,99.0,380,60,2014,,2013-10-29,,,2024-05-22
푸른상암15호태양광발전소,,전북특별자치도 고창군 부안면 상암리 779-63,35.5713145312516,126.630525908106,,정상가동,99.0,380,60,2014,,2013-10-29,,,2024-05-22
푸른상암14호태양광발전소,,전북특별자치도 고창군 부안면 상암리 779-49,35.5711874285692,126.629491410425,,정상가동,99.0,380,60,2014,,2013-10-29,,,2024-05-22
푸른상암13호태양광발전소,,전북특별자치도 고창군 부안면 상암리 779-56,35.5707234135815,126.630127410484,,정상가동,99.0,380,60,2014,,2013-10-29,,,2024-05-22
푸른상암10호태양광발전소,,전북특별자치도 고창군 부안면 상암리 779-57,35.5709820366071,126.630053083429,,정상가동,99.0,380,60,2014,,2013-10-29,,,2024-05-22
푸른상암9호태양광발전소,,전북특별자치도 고창군 부안면 상암리 779-48,35.5714459722305,126.629420721642,,정상가동,99.0,380,60,2014,,2013-10-29,,,2024-05-22
푸른상암8호태양광발전소,,전북특별자치도 고창군 부안면 상암리 779-71,35.5713846684081,126.631061054146,,정상가동,99.0,380,60,2014,,2013-10-29,,,2024-05-22
푸른상암4호태양광발전소,,전북특별자치도 고창군 부안면 상암리 779-72,35.5716470091895,126.630993882896,,정상가동,99.0,380,60,2014,,2013-10-29,,,2024-05-22
푸른상암3호태양광발전소,,전북특별자치도 고창군 부안면 상암리 779-60,35.5717766111885,126.629904807104,,정상가동,99.0,380,60,2014,,2013-10-29,,,2024-05-22
푸른상암2호태양광발전소,,전북특별자치도 고창군 부안면 상암리 779-59,35.571512453923,126.629967246823,,정상가동,99.0,380,60,2014,,2013-10-29,,,2024-05-22
푸른상암1호태양광발전소,,전북특별자치도 고창군 부안면 상암리 779-28,35.5717084987627,126.629355640129,,정상가동,99.0,380,60,2014,,2013-10-29,,,2024-05-22
민석태양광4호발전소,전북특별자치도 고창군 무장면 성산반월길 16,,35.4499634924956,126.577430609784,,정상가동,30.0,380,60,2014,,2013-10-28,,,2024-05-22
지에프상하태양광발전소,전북특별자치도 고창군 상하면 진암구시포로 412,,35.4432053536691,126.451429821094,,정상가동,990.0,380,60,2014,,2013-10-07,,,2024-05-22
잘될태양광,,전북특별자치도 고창군 성내면 옥제리 105-1,35.5232924349646,126.728338669343,,정상가동,99.0,380,60,2014,,2013-10-07,,,2024-05-22
도림태양광발전소,전북특별자치도 고창군 아산면 갑평1길 67-1,,35.438127817638,126.636655267397,,정상가동,59.0,380,60,2014,,2013-10-02,,,2024-05-22
부광태양광발전소,전북특별자치도 고창군 고창읍 호암길 104,,35.4557631991189,126.663835184504,,정상가동,385.0,380,60,2016,,2013-09-30,,,2024-05-22
상승에너지태양광,,전북특별자치도 고창군 대산면 율촌리 산 33-13,,,,정상가동,99.0,380,60,2015,,2013-09-24,,,2024-05-22
예지태양광발전소,전북특별자치도 고창군 고수면 인성로 71-4,,35.4136490355384,126.634773706397,,정상가동,77.0,380,60,2014,,2013-09-24,,,2024-05-22
준선광태양광발전소,,전북특별자치도 고창군 상하면 송곡리 742,35.4460452943572,126.516104346292,,정상가동,99.0,380,60,2014,,2013-09-24,,,2024-05-22
계림태양광발전소3호,,전북특별자치도 고창군 흥덕면 후포리 620-22,35.5495460850046,126.682120396943,,정상가동,30.0,380,60,2014,,2013-09-10,,,2024-05-22
계림태양광발전소2호,,전북특별자치도 고창군 흥덕면 후포리 620-21,35.5495977674473,126.682100672478,,정상가동,30.0,380,60,2014,,2013-09-10,,,2024-05-22
계림태양광발전소1호,,전북특별자치도 고창군 흥덕면 후포리 620-20,35.5496458999799,126.682101916192,,정상가동,30.0,380,60,2014,,2013-09-10,,,2024-05-22
광현태양광발전소3호,,전북특별자치도 고창군 흥덕면 후포리 620-19,35.5496917656281,126.682097985447,,정상가동,30.0,380,60,2014,,2013-09-10,,,2024-05-22
광현태양광발전소2호,,전북특별자치도 고창군 흥덕면 후포리 620-18,35.5497453867001,126.682061489905,,정상가동,30.0,380,60,2014,,2013-09-10,,,2024-05-22
뉴썬파워태양광발전소4호,,전북특별자치도 고창군 흥덕면 후포리 620-26,35.5493154728278,126.682029109118,,정상가동,90.0,380,60,2014,,2013-09-10,,,2024-05-22
온누리태양광발전소10호,,전북특별자치도 고창군 흥덕면 후포리 620-12,35.5501194968387,126.682225552052,,정상가동,99.0,380,60,2015,,2013-09-10,,,2024-05-22
온누리태양광발전소9호,,전북특별자치도 고창군 흥덕면 후포리 620-16,35.5498518676751,126.682007470786,,정상가동,30.0,380,60,2014,,2013-09-10,,,2024-05-22
온누리태양광발전소8호,,전북특별자치도 고창군 흥덕면 후포리 620-15,35.5498654035838,126.68218464616,,정상가동,30.0,380,60,2014,,2013-09-10,,,2024-05-22
온누리태양광발전소7호,,전북특별자치도 고창군 흥덕면 후포리 620-14,35.5499587150466,126.682058221435,,정상가동,30.0,380,60,2014,,2013-09-10,,,2024-05-22
온누리태양광발전소6호,,전북특별자치도 고창군 흥덕면 후포리 620-13,35.5500052249712,126.682161926953,,정상가동,30.0,380,60,2014,,2013-09-10,,,2024-05-22
온누리태양광발전소5호,,전북특별자치도 고창군 흥덕면 후포리 620-5,35.5498328527593,126.68149615215,,정상가동,30.0,380,60,2014,,2013-09-10,,,2024-05-22
온누리태양광발전소4호,,전북특별자치도 고창군 흥덕면 후포리 620-4,35.5499530149305,126.681537585465,,정상가동,30.0,380,60,2014,,2013-09-10,,,2024-05-22
온누리태양광발전소3호,,전북특별자치도 고창군 흥덕면 후포리 620-3,35.5500748008592,126.681579563911,,정상가동,30.0,380,60,2014,,2013-09-10,,,2024-05-22
온누리태양광발전소2호,,전북특별자치도 고창군 흥덕면 후포리 620-2,35.5501977421382,126.681615361902,,정상가동,30.0,380,60,2014,,2013-09-10,,,2024-05-22
온누리태양광발전소1호,,전북특별자치도 고창군 흥덕면 후포리 620-1,35.5503213881293,126.681644981191,,정상가동,30.0,380,60,2014,,2013-09-10,,,2024-05-22
후포태양광발전소6호,,전북특별자치도 고창군 흥덕면 후포리 620-8,35.5495227326806,126.681468153083,,정상가동,30.0,380,60,2014,,2013-09-10,,,2024-05-22
후포태양광발전소5호,,전북특별자치도 고창군 흥덕면 후포리 620-7,35.5496221471951,126.681502830569,,정상가동,30.0,380,60,2014,,2013-09-10,,,2024-05-22
후포태양광발전소4호,,전북특별자치도 고창군 흥덕면 후포리 620-6,35.5497191897471,126.681458442951,,정상가동,30.0,380,60,2014,,2013-09-10,,,2024-05-22
후포태양광발전소1호,,전북특별자치도 고창군 흥덕면 후포리 620-9,35.5494546882356,126.681298914242,,정상가동,90.0,380,60,2014,,2013-09-10,,,2024-05-22
누리태양광발전소2호,,전북특별자치도 고창군 상하면 용정리 30-2,35.4583566897428,126.469372198484,,정상가동,30.0,380,60,2014,,2013-08-27,,,2024-05-22
신성태양광발전소2호,,전북특별자치도 고창군 상하면 용정리 30-19,35.4584756417585,126.470948793362,,정상가동,100.0,380,60,2014,,2013-08-27,,,2024-05-22
사랑태양광발전소1호,,전북특별자치도 고창군 상하면 용정리 30-12,35.4579707428764,126.470540104447,,정상가동,30.0,380,60,2014,,2013-08-27,,,2024-05-22
연성태양광발전소1호,,전북특별자치도 고창군 상하면 용정리 30-6,35.458308600257,126.469935208571,,정상가동,30.0,380,60,2014,,2013-08-27,,,2024-05-22
사랑태양광발전소3호,,전북특별자치도 고창군 상하면 용정리 30-15,35.4578879671745,126.470121051749,,정상가동,30.0,380,60,2014,,2013-08-27,,,2024-05-22
옥섭태양광발전소1호,,전북특별자치도 고창군 상하면 용정리 30-16,35.4578175987257,126.470229028112,,정상가동,30.0,380,60,2014,,2013-08-27,,,2024-05-22
옥섭태양광발전소2호,,전북특별자치도 고창군 상하면 용정리 30-18,35.4576973125617,126.4701965488,,정상가동,30.0,380,60,2014,,2013-08-27,,,2024-05-22
사랑태양광발전소2호,,전북특별자치도 고창군 상하면 용정리 30-14,35.4579598090028,126.470020225866,,정상가동,30.0,380,60,2014,,2013-08-27,,,2024-05-22
누리태양광발전소3호,,전북특별자치도 고창군 상하면 용정리 30-9,35.4581649327026,126.469832601307,,정상가동,30.0,380,60,2014,,2013-08-27,,,2024-05-22
연성태양광발전소2호,,전북특별자치도 고창군 상하면 용정리 30-7,35.4582552183948,126.469888520696,,정상가동,30.0,380,60,2014,,2013-08-27,,,2024-05-22
선환태양광발전소,,전북특별자치도 고창군 상하면 용정리 30-20,35.4582139368708,126.471059233996,,정상가동,100.0,380,60,2014,,2013-08-27,,,2024-05-22
대성파크태양광발전소1호,,전북특별자치도 고창군 상하면 용정리 30-21,35.4578860741122,126.470922359608,,정상가동,100.0,380,60,2014,,2013-08-27,,,2024-05-22
아던트태양광발전소-B,,전북특별자치도 고창군 상하면 용정리 30-11,35.4581633950021,126.470385720848,,정상가동,30.0,380,60,2014,,2013-08-27,,,2024-05-22
아던트태양광발전소-A,,전북특별자치도 고창군 상하면 용정리 30-10,35.4581022930241,126.46983279196,,정상가동,30.0,380,60,2014,,2013-08-27,,,2024-05-22
아던트태양광발전소-C,,전북특별자치도 고창군 상하면 용정리 30-13,35.4580301384071,126.469923926245,,정상가동,30.0,380,60,2014,,2013-08-27,,,2024-05-22
상암11호태양광발전소,,전북특별자치도 고창군 부안면 상암리 779-41,35.5701523747118,126.629282940702,,정상가동,99.0,380,60,2014,,2013-08-22,,,2024-05-22
상암10호태양광발전소,,전북특별자치도 고창군 부안면 상암리 779-40,35.5705167566399,126.629074424084,,정상가동,99.0,380,60,2014,,2013-08-22,,,2024-05-22
상암9호태양광발전소,,전북특별자치도 고창군 부안면 상암리 779-42,35.5707929534451,126.629029135717,,정상가동,99.0,380,60,2014,,2013-08-22,,,2024-05-22
상암8호태양광발전소,,전북특별자치도 고창군 부안면 상암리 779-43,35.5710168597255,126.628978793031,,정상가동,99.0,380,60,2014,,2013-08-22,,,2024-05-22
상암7호태양광발전소,,전북특별자치도 고창군 부안면 상암리 779-44,35.5712695169724,126.628957661175,,정상가동,99.0,380,60,2014,,2013-08-22,,,2024-05-22
상암6호태양광발전소,,전북특별자치도 고창군 부안면 상암리 779-45,35.5715884394207,126.628913829657,,정상가동,99.0,380,60,2014,,2013-08-22,,,2024-05-22
상암5호태양광발전소,,전북특별자치도 고창군 부안면 상암리 779-39,35.5707387773729,126.628411848183,,정상가동,99.0,380,60,2014,,2013-08-22,,,2024-05-22
상암4호태양광발전소,,전북특별자치도 고창군 부안면 상암리 779-38,35.570992213038,126.628350887587,,정상가동,99.0,380,60,2014,,2013-08-22,,,2024-05-22
상암3호태양광발전소,,전북특별자치도 고창군 부안면 상암리 779-37,35.571205326115,126.628337106856,,정상가동,99.0,380,60,2014,,2013-08-22,,,2024-05-22
상암2호태양광발전소,,전북특별자치도 고창군 부안면 상암리 779-36,35.5713959466562,126.628336226453,,정상가동,99.0,380,60,2014,,2013-08-22,,,2024-05-22
고수솔라에너지태양광발전소,,전북특별자치도 고창군 고수면 인성리 528-1,35.4029565246749,126.641539320482,,정상가동,250.0,380,60,2013,,2013-07-26,,,2024-05-22
누리태양광발전소1호,,전북특별자치도 고창군 상하면 용정리 30,35.4585767591205,126.469509224207,,정상가동,30.0,380,60,2014,,2013-06-20,,,2024-05-22
수정그린1호태양광발전소,,전북특별자치도 고창군 공음면 신대리 244-15,,,,정상가동,99.0,380,60,2013,,2013-05-23,,,2024-05-22
용대2호태양광발전소,전북특별자치도 고창군 상하면 선운대로 545,,35.4238359758496,126.488226203393,,정상가동,99.11,380,60,2014,,2013-04-09,,,2024-05-22
용대1호태양광발전소,전북특별자치도 고창군 상하면 선운대로 545,,35.4238359758496,126.488226203393,,정상가동,99.11,380,60,2014,,2013-04-09,,,2024-05-22
상암1호태양광발전소,,전북특별자치도 고창군 부안면 상암리 779-27,35.5715946059194,126.628311701485,,정상가동,99.0,380,60,2014,,2013-03-26,,,2024-05-22
슬송태양광발전소,,전북특별자치도 고창군 상하면 송곡리 283 285,,,,정상가동,30.0,380,60,2013,,2013-03-13,,,2024-05-22
평산2호,,전북특별자치도 고창군 흥덕면 사포리 229,35.5406325181726,126.684039363104,,정상가동,99.0,380,60,2013,,2013-02-26,,,2024-05-22
평산3호,,전북특별자치도 고창군 흥덕면 사포리 228,35.5404862091358,126.684476065366,,정상가동,50.0,380,60,2013,,2013-02-26,,,2024-05-22
유정에너지태양광발전소,,전북특별자치도 고창군 부안면 상암리 779-32,35.5709734733992,126.627593887566,,정상가동,99.0,380,60,2013,,2013-02-13,,,2024-05-22
승후태양광발전소,,전북특별자치도 고창군 부안면 상암리 779-34,35.570625772663,126.627687167367,,정상가동,99.0,380,60,2013,,2013-02-13,,,2024-05-22
도원솔라원태양광발전소,,전북특별자치도 고창군 부안면 상암리 779-30,35.571354444415,126.627592234811,,정상가동,99.0,380,60,2013,,2013-02-08,,,2024-05-22
지윤에너지태양광발전소,,전북특별자치도 고창군 부안면 상암리 779-33,35.570798317381,126.627640919709,,정상가동,99.0,380,60,2013,,2013-02-08,,,2024-05-22
재준솔라태양광발전소,,전북특별자치도 고창군 부안면 상암리 779-31,35.571149260288,126.627546852295,,정상가동,99.0,380,60,2013,,2013-02-08,,,2024-05-22
(유)참솔라태양광발전소,,전북특별자치도 고창군 부안면 상암리 779,35.5706232126392,126.626888287048,,정상가동,500.0,380,60,2013,,2013-02-08,,,2024-05-22
을주-1태양광발전소,,전북특별자치도 고창군 흥덕면 동사리 827,35.5254066168723,126.709202904944,,정상가동,99.0,380,60,2014,,2013-01-30,,,2024-05-22
을주태양광발전소,,전북특별자치도 고창군 흥덕면 동사리 826,35.5255142749373,126.708697671388,,정상가동,99.0,380,60,2014,,2013-01-30,,,2024-05-22
성산1호태양광발전소,,전북특별자치도 고창군 아산면 성산리 1104,35.4482742253991,126.579589166009,,정상가동,99.0,380,60,2013,,2013-01-22,,,2024-05-22
덕산에너지,전북특별자치도 고창군 고창읍 농사동길 48,,35.4303190934389,126.687469458152,,정상가동,20.0,380,60,2013,,2013-01-14,,,2024-05-22
쌍천에너지,,전북특별자치도 고창군 아산면 대동리 431-1,35.4487167672295,126.623992966703,,정상가동,20.0,380,60,2013,,2013-01-14,,,2024-05-22
비츠로3호태양광발전소,,전북특별자치도 고창군 성내면 동산리 296-5,35.5407789204464,126.730059857064,,정상가동,98.0,380,60,2014,,2013-01-14,,,2024-05-22
비츠로2호태양광발전소,,전북특별자치도 고창군 성내면 동산리 296-4,35.5410431516053,126.729966011061,,정상가동,98.0,380,60,2014,,2013-01-14,,,2024-05-22
선동태양광발전소(6호기),,전북특별자치도 고창군 공음면 건동리 420-24,35.3896365550652,126.575783685741,,정상가동,99.0,380,60,2015,,2013-11-13,,,2024-05-22
선동태양광발전소(5호기),,전북특별자치도 고창군 공음면 건동리 420-23,35.3899271801252,126.575743860629,,정상가동,99.0,380,60,2015,,2013-11-13,,,2024-05-22
푸른상암12호태양광발전소,,전북특별자치도 고창군 부안면 상암리 779-62,35.5715768717277,126.630458735174,,정상가동,99.11,380,60,2014,,2013-10-29,,,2024-05-22
푸른상암11호 태양광발전소,,전북특별자치도 고창군 부안면 상암리 779-70,35.5711165911145,126.631079712893,,정상가동,99.11,380,60,2014,,2013-10-29,,,2024-05-22
푸른상암7호태양광발전소,,전북특별자치도 고창군 부안면 상암리 779-61,35.5718435541892,126.630396726679,,정상가동,99.11,380,60,2014,,2014-12-01,,,2024-05-22
푸른상암6호태양광발전소,,전북특별자치도 고창군 부안면 상암리 779-58,35.5712501137273,126.630034421299,,정상가동,99.11,380,60,2014,,2013-10-29,,,2024-05-22
월성1호태양광,전북특별자치도 고창군 성내면 선운대로 4299,,35.5442321000563,126.751631782744,,정상가동,99.45,380,60,2016,,2013-09-24,,,2024-05-22
뉴썬파워태양광발전소1호,,전북특별자치도 고창군 흥덕면 후포리 620-29,35.5491359763802,126.681942472459,,정상가동,98.28,380,60,2014,,2013-11-19,,,2024-05-22
주완태양광발전소1호,,전북특별자치도 고창군 상하면 용정리 30-3,35.4584903532042,126.469946684691,,정상가동,30.0,380,60,2014,,2013-08-27,,,2024-05-22
주완태양광발전소2호,,전북특별자치도 고창군 상하면 용정리 30-4,35.4584043170846,126.469893821667,,정상가동,30.0,380,60,2014,,2013-08-27,,,2024-05-22
상하파써블에너지,,전북특별자치도 고창군 상하면 용정리 30-1,35.4586192654267,126.469788420669,,정상가동,50.0,380,60,2016,,2013-08-22,,,2024-05-22
진흥태양광발전소,전북특별자치도 고창군 대산면 장자산로 798-11,,35.3267258919181,126.575828845371,,정상가동,100.0,380,60,2014,,2013-03-11,,,2024-05-22
선동태양광발전소(2호기),,전북특별자치도 고창군 공음면 건동리 420-22,35.389624738873,126.575550186505,,정상가동,99.0,380,60,2015,,2013-03-11,,,2024-05-22
선동태양광발전소(1호기),,전북특별자치도 고창군 공음면 건동리 420-10,35.3902243214824,126.575557721633,,정상가동,99.0,380,60,2015,,2013-03-11,,,2024-05-22
동산태양광발전소,전북특별자치도 고창군 성내면 내동산길 31-12,,35.5412499066059,126.729843906502,,정상가동,98.0,380,60,2014,,2013-01-14,,,2024-05-22
드림태양광발전소,,전북특별자치도 고창군 고수면 인성리 506-5,35.4017270071636,126.658005073609,,정상가동,204.0,380,60,2013,,2012-12-20,,,2024-05-22
흥광태양광발전소,,전북특별자치도 고창군 흥덕면 치룡리 732,35.532318240916,126.703318556279,,정상가동,99.0,380,60,2013,,2012-12-03,,,2024-05-22
경주태양광발전소,,전북특별자치도 고창군 대산면 해룡리 248-18,35.3181107009099,126.535026472281,,정상가동,99.0,380,60,2013,,2012-11-26,,,2024-05-22
갑평2호태양광발전소,,전북특별자치도 고창군 대산면 해룡리 248-20,35.3178668843054,126.534883808589,,정상가동,99.0,380,60,2013,,2012-11-26,,,2024-05-22
태영3호태양광발전소,,전북특별자치도 고창군 대산면 해룡리 248-19,35.3179307604083,126.534267726092,,정상가동,99.0,380,60,2013,,2012-11-26,,,2024-05-22
경신태양광발전소,,전북특별자치도 고창군 대산면 해룡리 248-10,35.3190005752756,126.534767456398,,정상가동,30.0,380,60,2013,,2012-11-26,,,2024-05-22
일광태양광발전소,,전북특별자치도 고창군 대산면 해룡리 248-14,35.318461860289,126.534371351638,,정상가동,99.0,380,60,2013,,2012-11-26,,,2024-05-22
진옥2호태양광발전소,,전북특별자치도 고창군 대산면 해룡리 248-11,35.3189761536182,126.535073204221,,정상가동,30.0,380,60,2013,,2012-11-26,,,2024-05-22
플로라3호태양광발전소,,전북특별자치도 고창군 대산면 해룡리 248-15,35.3184832876795,126.535067777551,,정상가동,99.0,380,60,2013,,2012-11-26,,,2024-05-22
갑평태양광발전소,,전북특별자치도 고창군 대산면 해룡리 248-12,35.3187568591068,126.534627540632,,정상가동,99.0,380,60,2013,,2012-11-26,,,2024-05-22
마리태양광발전소,,전북특별자치도 고창군 대산면 해룡리 248-13,35.3187323200563,126.535137062925,,정상가동,99.0,380,60,2013,,2012-11-26,,,2024-05-22
영국태양광발전소,,전북특별자치도 고창군 대산면 해룡리 248-17,35.3181876342774,126.534243269675,,정상가동,99.0,380,60,2013,,2012-11-26,,,2024-05-22
현정태양광발전소,,전북특별자치도 고창군 대산면 해룡리 248-5,35.3191564892924,126.534880603008,,정상가동,30.0,380,60,2013,,2012-11-26,,,2024-05-22
수정태양광발전소,,전북특별자치도 고창군 대산면 해룡리 248-16,35.3182931283688,126.534979350773,,정상가동,99.0,380,60,2013,,2012-11-26,,,2024-05-22
㈜연합엔지니어링태양광발전소,,전북특별자치도 고창군 흥덕면 후포리 777-27,35.548849456743,126.69046360498,,정상가동,400.0,380,60,2013,,2012-11-07,,,2024-05-22
명에너지2호태양광발전소,,전북특별자치도 고창군 성내면 월성리 215-10,35.5455534544086,126.75607154455,,정상가동,98.0,380,60,2015,,2012-10-02,,,2024-05-22
명에너지1호태양광발전소,,전북특별자치도 고창군 성내면 월성리 215,35.5461928373215,126.755804934528,,정상가동,98.0,380,60,2015,,2012-10-02,,,2024-05-22
평산1호,,전북특별자치도 고창군 흥덕면 사포리 229-1,35.540388848539,126.683470871331,,정상가동,100.0,380,60,2013,,2012-10-02,,,2024-05-22
월성태양광발전소,,전북특별자치도 고창군 성내면 월성리 192,35.5430564780403,126.756241873818,,정상가동,10.0,220,60,2012,,2012-08-21,,,2024-05-22
원경태양광3호발전소,,전북특별자치도 고창군 무장면 송현리 40-11,35.449361679779,126.576964746547,,정상가동,30.0,380,60,2012,,2012-08-14,,,2024-05-22
원경태양광2호발전소,,전북특별자치도 고창군 무장면 송현리 40-9,35.4494584721435,126.576885263939,,정상가동,30.0,380,60,2012,,2012-08-14,,,2024-05-22
원경태양광1호발전소,,전북특별자치도 고창군 무장면 송현리 40-7,35.4495769445263,126.576871095597,,정상가동,30.0,380,60,2012,,2012-08-14,,,2024-05-22
민석태양광3호발전소,,전북특별자치도 고창군 무장면 송현리 40-6,35.449676169748,126.577383206002,,정상가동,30.0,380,60,2012,,2012-08-14,,,2024-05-22
민석태양광2호발전소,,전북특별자치도 고창군 무장면 송현리 40-4,35.4497936072959,126.577382371713,,정상가동,30.0,380,60,2012,,2012-08-14,,,2024-05-22
민석태양광1호발전소,,전북특별자치도 고창군 무장면 송현리 40-2,35.449882505002,126.577467822761,,정상가동,30.0,380,60,2012,,2012-08-14,,,2024-05-22
해마니태양광2호발전소,,전북특별자치도 고창군 무장면 송현리 40-14,35.4492459404569,126.577399003476,,정상가동,30.0,380,60,2012,,2012-08-14,,,2024-05-22
해마니태양광1호발전소,,전북특별자치도 고창군 무장면 송현리 40-15,35.4491518982052,126.576848427164,,정상가동,30.0,380,60,2012,,2012-08-14,,,2024-05-22
유현태양광발전소,,전북특별자치도 고창군 무장면 송현리 40-16,35.4491525357217,126.577493667908,,정상가동,30.0,380,60,2012,,2012-08-14,,,2024-05-22
인수태양광3호발전소,,전북특별자치도 고창군 무장면 송현리 40-12,35.4493596672943,126.577393782709,,정상가동,30.0,380,60,2012,,2012-08-14,,,2024-05-22
인수태양광2호발전소,,전북특별자치도 고창군 무장면 송현리 40-10,35.449458859305,126.577459022438,,정상가동,30.0,380,60,2012,,2012-08-14,,,2024-05-22
인수태양광1호발전소,,전북특별자치도 고창군 무장면 송현리 40-8,35.4495803677065,126.57746246276,,정상가동,30.0,380,60,2012,,2012-08-14,,,2024-05-22
창주태양광발전소,,전북특별자치도 고창군 무장면 송현리 40-13,35.4492397795842,126.576952387072,,정상가동,30.0,380,60,2012,,2012-08-14,,,2024-05-22
**태양광3호발전소,,전북특별자치도 고창군 무장면 송현리 40-5,35.449673206552,126.576948907087,,정상가동,30.0,380,60,2012,,2012-08-14,,,2024-05-22
**태양광2호발전소,,전북특별자치도 고창군 무장면 송현리 40-3,35.4497940674572,126.576947613656,,정상가동,30.0,380,60,2012,,2012-08-14,,,2024-05-22
**태양광1호발전소,,전북특별자치도 고창군 무장면 송현리 40-1,35.4498831129383,126.576869382783,,정상가동,30.0,380,60,2012,,2012-08-14,,,2024-05-22
조은에너지태양광발전소,,전북특별자치도 고창군 아산면 계산리 1010-4,35.4612481229745,126.623820529737,,정상가동,30.0,380,60,2012,,2012-08-08,,,2024-05-22
(유)라라아산에너지태양광발전소,,전북특별자치도 고창군 아산면 계산리 444,35.4608431515339,126.625613565938,,정상가동,99.0,380,60,2012,,2012-08-08,,,2024-05-22
양사촌에너지,,전북특별자치도 고창군 흥덕면 치룡리 219-1,35.5292500957641,126.712461477505,,정상가동,20.0,380,60,2012,,2012-08-07,,,2024-05-22
승수제1태양광발전소,,전북특별자치도 고창군 성내면 신대리 244-17,35.5247445815372,126.748350783436,,정상가동,99.0,380,60,2012,,2012-08-07,,,2024-05-22
아이원에너지,,전북특별자치도 고창군 아산면 계산리 444-8,35.4606205575152,126.625855524562,,정상가동,99.0,380,60,2012,,2012-08-07,,,2024-05-22
(유)지윤에너지태양광발전소,,전북특별자치도 고창군 아산면 계산리 444-9,35.4604969958752,126.626119827365,,정상가동,99.0,380,60,2012,,2012-08-07,,,2024-05-22
(유)희정에너지태양광발전소,,전북특별자치도 고창군 아산면 계산리 444-10,35.4604573634536,126.626448186715,,정상가동,99.0,380,60,2012,,2012-08-07,,,2024-05-22
고창태양광발전소,,전북특별자치도 고창군 부안면 상암리 604,35.5621025843653,126.618682265063,,정상가동,99.0,380,60,2015,,2012-05-30,,,2024-05-22
덕진태양광발전소,,전북특별자치도 고창군 부안면 상암리 604,35.5621025843653,126.618682265063,,정상가동,99.0,380,60,2015,,2012-05-30,,,2024-05-22
선운에너지농장태양광발전소,,전북특별자치도 고창군 아산면 계산리 444-2,35.4610964466673,126.624316973865,,정상가동,99.0,380,60,2012,,2012-05-08,,,2024-05-22
상승에너지태양광발전소,,전북특별자치도 고창군 아산면 계산리 444-3,35.460980340653,126.624659021596,,정상가동,99.0,380,60,2012,,2012-05-08,,,2024-05-22
주은솔라에너지태양광발전소,,전북특별자치도 고창군 아산면 계산리 444-5,35.4607306650908,126.625147875211,,정상가동,99.0,380,60,2012,,2012-05-08,,,2024-05-22
쏠라링크태양광발전소,,전북특별자치도 고창군 아산면 계산리 444-6,35.4608473707559,126.625375703049,,정상가동,99.0,380,60,2012,,2012-05-08,,,2024-05-22
제이솔라태양광발전소,,전북특별자치도 고창군 아산면 계산리 444-4,35.4608910329353,126.624923829374,,정상가동,99.0,380,60,2012,,2012-05-08,,,2024-05-22
진영태양광발전소,,전북특별자치도 고창군 부안면 수남리 68,35.5219903545871,126.673531563136,,정상가동,99.0,380,60,2012,,2012-03-28,,,2024-05-22
정숙태양광발전소,,전북특별자치도 고창군 성내면 대흥리 산 29-28,,,,정상가동,51.0,380,60,2013,,2011-12-07,,,2024-05-22
써클라인 1호 태양광발전소,,전북특별자치도 고창군 아산면 계산리 1010-1,35.4616012761877,126.623971794113,,정상가동,29.0,380,60,2012,,2011-11-23,,,2024-05-22
태정1호 에너지,,전북특별자치도 고창군 아산면 계산리 1010-2,35.4615098418311,126.623929475792,,정상가동,29.0,380,60,2012,,2011-11-23,,,2024-05-22
희경가 1호 태양광발전소,,전북특별자치도 고창군 아산면 계산리 1010,35.4617174828755,126.624038674176,,정상가동,29.0,380,60,2012,,2011-11-23,,,2024-05-22
호영 1호 태양광발전소,,전북특별자치도 고창군 아산면 계산리 442-3,35.4615941117145,126.624942598551,,정상가동,29.0,380,60,2012,,2011-11-23,,,2024-05-22
유한회사 이원에너지,,전북특별자치도 고창군 아산면 계산리 443,35.4614941132026,126.624667651389,,정상가동,99.0,380,60,2012,,2011-11-23,,,2024-05-22
라라1호 에너지,,전북특별자치도 고창군 아산면 계산리 1010-3,35.4614195063709,126.623863797592,,정상가동,29.0,380,60,2012,,2011-11-23,,,2024-05-22
해비치 2호 태양광 발전소,,전북특별자치도 고창군 성내면 대흥리 79-16,35.5243060466164,126.739245883259,,정상가동,99.0,380,60,2013,,2011-10-31,,,2024-05-22
해비치 1호 태양광 발전소,,전북특별자치도 고창군 성내면 대흥리 79-15,35.5244540352384,126.739326879986,,정상가동,30.0,380,60,2013,,2011-10-31,,,2024-05-22
평일그린에너지,,전북특별자치도 고창군 성내면 신대리 244-16,35.5249698366294,126.748317004734,,정상가동,99.0,380,60,2012,,2011-10-06,,,2024-05-22
이수그린에너지,,전북특별자치도 고창군 성내면 신대리 244-18,35.5245055881045,126.748409301055,,정상가동,99.0,380,60,2012,,2011-10-06,,,2024-05-22
유한회사 청풍에너지(민지태양광발전소),,전북특별자치도 고창군 신림면 송용리 28-2,35.4851022828955,126.723746069718,,정상가동,99.0,380,60,2011,,2011-08-05,,,2024-05-22
기브온 솔라파워 12호태양광발전소,,전북특별자치도 고창군 고창읍 덕산리 157,,,,정상가동,400.0,380,60,2013,,2011-04-26,,,2024-05-22
기브온솔라파워11호태양광발전소,,전북특별자치도 고창군 고창읍 덕산리 866-2,35.4335423947058,126.684876184912,,정상가동,30.0,380,60,2011,,2011-03-16,,,2024-05-22
기브온솔라파워10호태양광발전소,,전북특별자치도 고창군 고창읍 덕산리 866-1,35.4333809276697,126.684894764609,,정상가동,30.0,380,60,2011,,2011-03-16,,,2024-05-22
기브온솔라파워9호태양광발전소,,전북특별자치도 고창군 고창읍 덕산리 866,35.4333412787222,126.684414988191,,정상가동,30.0,380,60,2011,,2011-03-16,,,2024-05-22
해비치5호태양광발전소,,전북특별자치도 고창군 성내면 대흥리 산 4-27,35.523954962359,126.739149998697,,정상가동,30.0,380,60,2011,,2011-01-14,,,2024-05-22
신후이엔씨16호 태양광발전소,,전북특별자치도 고창군 성내면 양계리 249-2,35.5349740706686,126.752087158904,,정상가동,999.0,380,60,2013,,2011-04-25,,,2024-05-22
신후이엔씨가호 태양광발전소,,전북특별자치도 고창군 성내면 옥제리 70-19,35.5194043962487,126.729903674884,,정상가동,99.5,380,60,2011,,2011-04-25,,,2024-05-22
신후이엔씨13호 태양광발전소,,전북특별자치도 고창군 성내면 양계리 246,35.5342087041726,126.75192069896,,정상가동,30.0,380,60,2011,,2011-02-22,,,2024-05-22
신후이엔씨12호 태양광발전소,,전북특별자치도 고창군 성내면 양계리 246,35.5342087041726,126.75192069896,,정상가동,30.0,380,60,2011,,2011-02-22,,,2024-05-22
신후이엔씨11호 태양광발전소,,전북특별자치도 고창군 성내면 양계리 246,35.5342087041726,126.75192069896,,정상가동,30.0,380,60,2011,,2011-02-22,,,2024-05-22
신후이엔씨10호 태양광발전소,,전북특별자치도 고창군 성내면 옥제리 70-18,35.5191915721078,126.729932059007,,정상가동,99.5,380,60,2014,,2011-02-22,,,2024-05-22
신후이엔씨9호 태양광발전소,,전북특별자치도 고창군 성내면 양계리 249-11,35.5339635008227,126.752335164229,,정상가동,99.5,380,60,2011,,2011-02-22,,,2024-05-22
신후이엔씨8호 태양광발전소,,전북특별자치도 고창군 성내면 양계리 249-10,35.5341303185661,126.752372692671,,정상가동,99.5,380,60,2011,,2011-02-22,,,2024-05-22
용산태양광발전소,,전북특별자치도 고창군 대산면 대장리 106,35.3423111625955,126.545379971221,,정상가동,30.0,380,60,2011,,2010-12-15,,,2024-05-22
삼안태양광발전소,,전북특별자치도 고창군 대산면 대장리 106,35.3423111625955,126.545379971221,,정상가동,30.0,380,60,2011,,2010-12-15,,,2024-05-22
블루스카이솔라태양광발전소,,전북특별자치도 고창군 상하면 자룡리 산 71-15,35.4389710147303,126.443020823179,,정상가동,198.0,380,60,2011,,2010-04-23,,,2024-05-22
신성솔라파워,,전북특별자치도 고창군 고창읍 월산리 133-1,,,,정상가동,100.0,380,60,2011,,2010-01-27,,,2024-05-22
신후이엔씨성내1호 태양광발전소,,전북특별자치도 고창군 성내면 양계리 245-12,35.5337687826295,126.751615851003,,정상가동,99.5,380,60,2010,,2010-10-22,,,2024-05-22
신후이엔씨5호 태양광발전소,,전북특별자치도 고창군 성내면 양계리 250-3,35.5350550740036,126.750545839688,,정상가동,29.7,380,60,2014,,2010-10-22,,,2024-05-22
신후이엔씨4호 태양광발전소,,전북특별자치도 고창군 성내면 양계리 250-2,35.5351463774016,126.750720989569,,정상가동,29.7,380,60,2014,,2010-10-22,,,2024-05-22
신후이엔씨3호 태양광발전소,,전북특별자치도 고창군 성내면 양계리 250-1,35.5352378900013,126.750953918429,,정상가동,29.7,380,60,2014,,2010-10-22,,,2024-05-22
성내옥제1호태양광발전소,,전북특별자치도 고창군 성내면 옥제리 70-17,35.5185377471156,126.730406639434,,정상가동,48.0,380,60,2010,,2009-09-17,,,2024-05-22
대한수력발전㈜,,전북특별자치도 고창군 무장면 강남리 287,35.415339879298,126.601580558703,,정상가동,100.0,380,60,2009,,2009-02-23,,,2024-05-22
고창제2태양광발전소,,전북특별자치도 고창군 공음면 용수리 391,35.390726410143,126.534767231078,,정상가동,28.0,380,60,2009,,2009-01-08,,,2024-05-22
성내양지5호태양광발전소,,전북특별자치도 고창군 성내면 옥제리 70-11,35.5185532928033,126.729942465173,,정상가동,58.0,380,60,2010,,2009-12-14,,,2024-05-22
성내옥제3호태양광발전소,,전북특별자치도 고창군 성내면 옥제리 70-9,35.5189772552514,126.730098913687,,정상가동,300.0,380,60,2010,,2009-09-17,,,2024-05-22
성내옥제2호태양광발전소,,전북특별자치도 고창군 성내면 옥제리 70-10,35.5187742757467,126.730096175625,,정상가동,99.0,380,60,2010,,2009-09-17,,,2024-05-22
(유)태광태양광발전소,,전북특별자치도 고창군 해리면 사반리 800-6,35.4788424590535,126.475353451682,,정상가동,98.0,380,60,2010,,2009-05-12,,,2024-05-22
(유)미광태양광발전소,,전북특별자치도 고창군 해리면 사반리 800-4,35.4791707113797,126.475436163523,,정상가동,99.0,380,60,2010,,2009-05-12,,,2024-05-22
㈜제이제이솔라,,전북특별자치도 고창군 대산면 연동리 687-2,35.3323996963198,126.547405817703,,정상가동,69.0,380,60,2010,,2009-01-15,,,2024-05-22
고창제1태양광발전소,,전북특별자치도 고창군 공음면 용수리 391,35.390726410143,126.534767231078,,정상가동,95.0,380,60,2009,,2009-01-08,,,2024-05-22
성내양지태양광발전소2호,,전북특별자치도 고창군 성내면 양계리 253,35.5360143404515,126.752344739218,,정상가동,300.0,380,60,2010,,2009-04-16,,,2024-05-22
고창창연태양광발전소,,전북특별자치도 고창군 성내면 양계리 249-4,35.534469716413,126.752576631697,,정상가동,97.0,380,60,2009,,2009-02-24,,,2024-05-22
신후이엔씨성내양지3호 태양광발전소,,전북특별자치도 고창군 성내면 옥제리 70,35.5193066357149,126.729957691136,,정상가동,99.5,380,60,2010,,2009-12-14,,,2024-05-22
농협경제지주(주)종돈개량사업소고창바이오가스발전소,,전북특별자치도 고창군 신림면 반룡리 618-6,35.4528573417537,126.719742876778,,정상가동,80.0,380,60,2010,,2009-10-07,,,2024-05-22
성내옥제6호태양광발전소,,전북특별자치도 고창군 성내면 옥제리 70-13,35.5193585936072,126.730420100615,,정상가동,47.03,380,60,2010,,2009-09-17,,,2024-05-22
신후이엔씨성내옥제5호 태양광발전소,,전북특별자치도 고창군 성내면 옥제리 70-8,35.5191371471563,126.73017984848,,정상가동,99.5,380,60,2010,,2009-09-17,,,2024-05-22
극동 태양광발전(주) 고수발전소,전북특별자치도 고창군 고수면 산지촌길 30,,35.4112800789452,126.651043736368,,정상가동,96.8,380,60,2010,,2009-05-20,,,2024-05-22
주중심태양광발전소,,전북특별자치도 고창군 대산면 연동리 687-9,35.3317530993259,126.547650185688,,정상가동,70.0,380,60,2009,,2008-10-07,,,2024-05-22
주끝태양광발전소,,전북특별자치도 고창군 대산면 연동리 687-10,35.3314917403057,126.547753270324,,정상가동,70.0,380,60,2009,,2008-10-07,,,2024-05-22
에스디엔고창 태양광발전소,,전북특별자치도 고창군 성송면 낙양리 610-1,35.4019857795898,126.621239148378,,정상가동,1000.0,380,60,2008,,2008-08-29,,,2024-05-22
광에너지후포태양광발전소,전북특별자치도 고창군 흥덕면 공판장길 72,,35.5495007162274,126.689720207001,,정상가동,98.0,380,60,2008,,2008-07-11,,,2024-05-22
엠에스고창태양광발전소,,전북특별자치도 고창군 부안면 상암리 산 19-3,,,,정상가동,191.0,380,60,2008,,2008-05-29,,,2024-05-22
주호태양광발전소,,전북특별자치도 고창군 성내면 양계리 249-1,35.5349413503027,126.752612342941,,정상가동,98.0,380,60,2008,,2008-02-14,,,2024-05-22
성내양지태양광발전소,,전북특별자치도 고창군 성내면 양계리 252-11,35.5355950465271,126.752121084882,,정상가동,300.0,380,60,2008,,2008-02-14,,,2024-05-22
(유)서해햇빛발전소,,전북특별자치도 고창군 심원면 두어리 385-2,35.5285041301237,126.538847579346,,정상가동,993.0,380,60,2010,,2008-12-16,,,2024-05-22
비엠비 태양광발전소,,전북특별자치도 고창군 공음면 탁암리 970,,,,정상가동,100.0,380,60,2008,,2008-04-28,,,2024-05-22
㈜썬하이택고창발전소,,전북특별자치도 고창군 공음면 석교리 965-21,35.3852656401698,126.499264525685,,정상가동,99.0,380,60,2008,,2008-03-31,,,2024-05-22
ECO에너지 태양광발전소,,전북특별자치도 고창군 공음면 군유리 80-7,35.3541610776668,126.559413068599,,정상가동,97.0,380,60,2009,,2008-10-07,,,2024-05-22
(유)프라임에너지,,전북특별자치도 고창군 고수면 남산리 373-4,35.4141390236129,126.662482159295,,정상가동,99.0,380,60,2008,,2008-08-12,,,2024-05-22
(유)에이케이태양광,,전북특별자치도 고창군 공음면 석교리 965-22,35.3850035808843,126.49905747175,,정상가동,99.0,380,60,2008,,2008-03-31,,,2024-05-22
(유)에이케이태양광,,전북특별자치도 고창군 공음면 석교리 965-20,35.3854055104149,126.499413453463,,정상가동,99.0,380,60,2008,,2008-03-31,,,2024-05-22
(주)아폴로테크 고창 발전소,,전북특별자치도 고창군 공음면 석교리 965-19,35.3856776550044,126.499727206204,,정상가동,99.0,380,60,2008,,2008-03-31,,,2024-05-22
(유)서광에너지,,전북특별자치도 고창군 부안면 수앙리 573-1,35.5515073852864,126.643961274519,,정상가동,498.75,380,60,2009,,2008-02-22,,,2024-05-22
프라임솔라태양광발전소,,전북특별자치도 고창군 고수면 남산리 373,35.4144705119061,126.66192862227,,정상가동,96.0,380,60,2008,,2008-01-05,,,2024-05-22
㈜양지태양광발전,,전북특별자치도 고창군 대산면 해룡리 788-5,35.3249322760625,126.544014897545,,정상가동,392.0,380,60,2008,,2007-11-30,,,2024-05-22
㈜미래쏠라에너지,,전북특별자치도 고창군 대산면 광대리 1266-3,35.3658209259687,126.566516244233,,정상가동,999.5,380,60,2010,,2007-11-29,,,2024-05-22
㈜평산썬이앤지태양광발전소,,전북특별자치도 고창군 고창읍 덕산리 730,35.4265388741263,126.681975121201,,정상가동,396.0,380,60,2008,,2007-11-29,,,2024-05-22
쏠라퓨처 태양광발전소,,전북특별자치도 고창군 해리면 광승리 472,35.4926403978968,126.480321797359,,정상가동,300.0,380,60,2008,,2007-02-22,,,2024-05-22
아폴론,,전북특별자치도 고창군 성내면 산림리 60-1,,,,정상가동,195.0,380,60,2008,,2007-11-26,,,2024-05-22
고창 괴치발전소,,전북특별자치도 고창군 성송면 괴치리 628,35.3902696532213,126.625580955947,,정상가동,592.96,380,60,2008,,2007-10-29,,,2024-05-22
고창 석남발전소,,전북특별자치도 고창군 상하면 석남리 255,35.4322071523849,126.474608398578,,정상가동,497.0,380,60,2008,,2007-09-14,,,2024-05-22
종미 태양광발전소,,전북특별자치도 고창군 대산면 대장리 169-1,35.3410291046245,126.543725046838,,정상가동,70.0,380,60,2008,,2007-09-03,,,2024-05-22
고창 덕암발전소,,전북특별자치도 고창군 공음면 덕암리 299,35.3500489622271,126.525870771126,,정상가동,744.53,380,60,2008,,2007-09-03,,,2024-05-22
에이치에스파워 성산1발전소,,전북특별자치도 고창군 아산면 성산리 653,35.4480380674552,126.588584697712,,정상가동,990.08,380,60,2008,,2007-08-17,,,2024-05-22
라온태양광발전소,,전북특별자치도 고창군 공음면 덕암리 973,35.3594949063292,126.520188531785,,정상가동,100.0,380,60,2008,,2007-07-31,,,2024-05-22
고창 봉산발전소,,전북특별자치도 고창군 고수면 봉산리 260,35.4198791972457,126.676733945911,,정상가동,348.0,380,60,2008,,2007-07-31,,,2024-05-22
고창 성산발전소,,전북특별자치도 고창군 아산면 성산리 377-1,35.4355594935799,126.591736204391,,정상가동,595.84,380,60,2008,,2007-07-23,,,2024-05-22
석포발전태양광발전소,,전북특별자치도 고창군 공음면 장곡리 308,35.3690881237683,126.498400086604,,정상가동,732.0,380,60,2008,,2007-07-23,,,2024-05-22
(주)포에이스태양광발전소,,전북특별자치도 고창군 대산면 율촌리 산 33-4,35.3401827601309,126.562821832443,,정상가동,499.84,380,60,2009,,2007-06-13,,,2024-05-22
그린솔라태양광발전소,,전북특별자치도 고창군 흥덕면 사포리 131-3,35.5416143698295,126.691022377552,,정상가동,200.0,380,60,2008,,2007-05-14,,,2024-05-22
임마누엘 태양광발전소,,전북특별자치도 고창군 흥덕면 사포리 131-14,35.5414907274783,126.692226934452,,정상가동,992.96,380,60,2008,,2007-05-14,,,2024-05-22
㈜운성,전북특별자치도 고창군 공음면 공음대산로 418-53,,35.3566327089142,126.545521629561,,정상가동,498.88,380,60,2008,,2007-07-21,,,2024-05-22
후포리상영 태양광발전소,,전북특별자치도 고창군 흥덕면 후포리 777-4,35.5489168603116,126.690037317892,,정상가동,99.0,380,60,2008,,2006-01-03,,,2024-05-22
㈜광에너지태양광발전소,,전북특별자치도 고창군 흥덕면 후포리 131-1,35.5489687316138,126.689389969911,,정상가동,300.0,380,60,2008,,2006-06-07,,,2024-05-22
덕암태양광발전소,,전북특별자치도 고창군 공음면 덕암리 336,35.3477326078494,126.527354142395,,정상가동,200.0,380,60,2007,,2005-11-16,,,2024-05-22
성내신후태양광발전소,,전북특별자치도 고창군 성내면 양계리 245-2,35.5338966280578,126.751767069762,,정상가동,99.5,380,60,2008,,2008-01-16,,,2024-05-22
