태양광발전시설명,소재지도로명주소,소재지지번주소,위도,경도,설치상세위치구분명,가동상태구분명,설비용량,공급전압,주파수,설치연도,세부용도,허가일자,허가기관,설치면적,데이터기준일자
영창1호,충청남도 아산시 도고면 도고산로 309,충청남도 아산시 도고면 도산리 77-2,36.7289100569327,126.917161593308,,정상가동,49.14,380,60,2014,,,,,2024-08-31
영창2호,충청남도 아산시 도고면 도고산로 309,충청남도 아산시 도고면 도산리 77-2,36.7289100569327,126.917161593308,,정상가동,18.72,380,60,2014,,,,,2024-08-31
이○○,충청남도 아산시 염치읍 산양길30번길 30,충청남도 아산시 염치읍 산양리 132-4,36.8275084832875,126.92411150964,,정상가동,20.0,380,60,2014,,,,,2024-08-31
한아름,충청남도 아산시 영인면 신봉길 271-36,충청남도 아산시 영인면 신봉리 1049,36.9030024531052,126.994289568343,,정상가동,99.0,380,60,2014,,,,,2024-08-31
호서,충청남도 아산시 배방읍 호서로 67-6,충청남도 아산시 배방읍 세출리 232-1,36.7395486462898,127.077583943478,,정상가동,30.0,380,60,2014,,,,,2024-08-31
선장,충청남도 아산시 선장면 선장로 49,충청남도 아산시 선장면 군덕리 636,36.7834214930158,126.86204487133,,정상가동,63.6,380,60,2014,,,,,2024-08-31
한우물,충청남도 아산시 둔포면 신남동길 67,충청남도 아산시 둔포면 신남리 386-4,36.9150271039338,127.00422216772,,정상가동,19.0,380,60,2014,,,,,2024-08-31
㈜농협네트웍스아산,충청남도 아산시 인주면 현대로1029번길 19,충청남도 아산시 인주면 금성리 73,36.8452298553016,126.877223097593,,정상가동,97.47,380,60,2014,,,,,2024-08-31
T3밸리,충청남도 아산시 둔포면 아산밸리북로 111-42,충청남도 아산시 둔포면 석곡리 1335,36.9317387280236,127.06130460724,,정상가동,483.0,380,60,2014,,,,,2024-08-31
한성에너지1호,충청남도 아산시 둔포면 아산밸리로 337,충청남도 아산시 둔포면 석곡리 1557,36.9119537483484,127.063900138452,,정상가동,99.45,380,60,2014,,,,,2024-08-31
한성에너지2호,충청남도 아산시 둔포면 아산밸리로 337,충청남도 아산시 둔포면 석곡리 1557,36.9119537483484,127.063900138452,,정상가동,99.45,380,60,2014,,,,,2024-08-31
한성에너지3호,충청남도 아산시 둔포면 아산밸리로 337,충청남도 아산시 둔포면 석곡리 1557,36.9119537483484,127.063900138452,,정상가동,99.45,380,60,2014,,,,,2024-08-31
한성태양광1호,충청남도 아산시 둔포면 아산밸리로 339,충청남도 아산시 둔포면 석곡리 1567,36.9104363112362,127.064551842058,,정상가동,99.45,380,60,2014,,,,,2024-08-31
한성태양광2호,충청남도 아산시 둔포면 아산밸리로 339,충청남도 아산시 둔포면 석곡리 1567,36.9104363112362,127.064551842058,,정상가동,99.45,380,60,2014,,,,,2024-08-31
선창3리,충청남도 아산시 선장면 서부남로158번길 30,충청남도 아산시 선장면 선창리 187-17,36.7866590467746,126.876851446346,,정상가동,19.76,380,60,2014,,,,,2024-08-31
문택,충청남도 아산시 신창면 온천대로 757-4,충청남도 아산시 신창면 읍내리 662-30,36.7719749974611,126.929552560859,,정상가동,62.4,380,60,2014,,,,,2024-08-31
둔포,충청남도 아산시 둔포면 충무로 1770,충청남도 아산시 둔포면 둔포리 439-4,36.9295274694909,127.035329076118,,정상가동,18.0,380,60,2014,,,,,2024-08-31
수미,충청남도 아산시 둔포면 신남북길 19,충청남도 아산시 둔포면 신남리 245-6,36.9200489810602,127.000050839023,,정상가동,70.0,380,60,2014,,,,,2024-08-31
무지개,충청남도 아산시 시민로 449번길 26-2,충청남도 아산시 온천동 1400,36.7883367751657,126.999043108748,,정상가동,20.0,380,60,2015,,,,,2024-08-31
신남1,충청남도 아산시 둔포면 신남북길 38-7,충청남도 아산시 둔포면 신남리 143-3,36.9218759477845,127.000727026591,,정상가동,19.44,380,60,2014,,,,,2024-08-31
신남2,충청남도 아산시 둔포면 신남북길 38-7,충청남도 아산시 둔포면 신남리 143-4,36.9218759477845,127.000727026591,,정상가동,19.44,380,60,2014,,,,,2024-08-31
태양광 디오앤피,충청남도 아산시 인주면 아산호로 79,충청남도 아산시 인주면 모원리 15-134,36.8898287188061,126.926835151241,,정상가동,98.28,380,60,2014,,,,,2024-08-31
코리아,충청남도 아산시 탕정면 매곡로 71번길 11,충청남도 아산시 탕정면 매곡리 650,36.7955215861139,127.082108278463,,정상가동,19.76,380,60,2014,,,,,2024-08-31
아산철망㈜,충청남도 아산시 둔포면 이화서길 77-60,충청남도 아산시 둔포면 염작리 89-4,36.905262310842,127.075264814158,,정상가동,58.32,380,60,2014,,,,,2024-08-31
여명,충청남도 아산시 염치읍 석정길 216,충청남도 아산시 염치읍 석정리 519-30,36.801932525964,126.987908834804,,정상가동,35.0,380,60,2014,,,,,2024-08-31
준희,충청남도 아산시 신창면 환경공원로 128-95,충청남도 아산시 신창면 수장리 48-123,36.8063558346538,126.973972534659,,정상가동,99.37,380,60,2014,,,,,2024-08-31
온양쌀,충청남도 아산시 배방읍 구령길 21-33,충청남도 아산시 배방읍 구령리 252-1,36.7809210370344,127.049690031381,,정상가동,66.3,380,60,2015,,,,,2024-08-31
배방2호,충청남도 아산시 배방읍 호서로112번길 12,충청남도 아산시 배방읍 세출리 301-3,36.7437551405659,127.074529936016,,정상가동,31.0,380,60,2015,,,,,2024-08-31
우남,충청남도 아산시 신창면 환경공원로 128-95,충청남도 아산시 신창면 수장리 48-123,36.8063558346538,126.973972534659,,정상가동,99.37,380,60,2014,,,,,2024-08-31
신협,충청남도 아산시 번영로 46번길 17,충청남도 아산시 온천동 260-155,36.7850806408976,126.996557084915,,정상가동,19.8,380,60,2016,,,,,2024-08-31
광희,,충청남도 아산시 둔포면 신남리 344,36.9169321794092,127.001075656075,,정상가동,95.0,380,60,2016,,,,,2024-08-31
군덕,충청남도 아산시 선장면 선장로50번길 11,충청남도 아산시 선장면 군덕리 109,36.7839393474091,126.863123002042,,정상가동,15.0,380,60,2016,,,,,2024-08-31
만연,충청남도 아산시 배방읍 북수리 배방로 173번길 6-13,충청남도 아산시 배방읍 북수리 975,36.7709622918864,127.06642726749,,정상가동,19.84,380,60,2015,,,,,2024-08-31
마리,충청남도 아산시 배방읍 고불로365번길 55-10,충청남도 아산시 배방읍 수철리 848,36.7316268737851,127.045065617793,,정상가동,99.0,380,60,2015,,,,,2024-08-31
도현,충청남도 아산시 둔포면 신남동길 79-16,충청남도 아산시 둔포면 신남리 470-5,36.9143542084681,127.00539672773,,정상가동,19.0,380,60,2015,,,,,2024-08-31
두레,충청남도 아산시 인주면 현대로 1115-2,충청남도 아산시 인주면 문방리 68-1,36.8533975793422,126.881415241776,,정상가동,19.5,380,60,2015,,,,,2024-08-31
성일,충청남도 아산시 도고면 벚꽃로 694번길 81-111,충청남도 아산시 도고면 효자리 1-26,36.7375942239188,126.880354310418,,정상가동,99.0,380,60,2018,,,,,2024-08-31
DS에너지,충청남도 아산시 염치읍 아산로 645-42,충청남도 아산시 염치읍 염성리 129-15,36.8279103370846,126.967529881387,,정상가동,99.11,380,60,2015,,,,,2024-08-31
거창,충청남도 아산시 영인면 신봉길 232번길 43,충청남도 아산시 영인면 신봉리 202,36.8972597873149,126.997932936893,,정상가동,66.78,380,60,2015,,,,,2024-08-31
창혜,,충청남도 아산시 선장면 신동리 22,36.7930843887148,126.896159536955,,정상가동,99.84,380,60,2015,,,,,2024-08-31
양지,,충청남도 아산시 선장면 신동리 22-39,36.7957254247719,126.896842252446,,정상가동,99.84,380,60,2015,,,,,2024-08-31
대흥,,충청남도 아산시 선장면 신동리 22-51,36.7954493830461,126.897118814357,,정상가동,99.84,380,60,2015,,,,,2024-08-31
윤정,,충청남도 아산시 선장면 신동리 22-40,36.7951565782037,126.896872370969,,정상가동,99.84,380,60,2015,,,,,2024-08-31
아산,,충청남도 아산시 선장면 신동리 22-43,36.7949143898633,126.896700259033,,정상가동,99.84,380,60,2015,,,,,2024-08-31
해마중,,충청남도 아산시 선장면 신동리 22-45,36.7947253309494,126.896797879369,,정상가동,99.84,380,60,2015,,,,,2024-08-31
햇님태양광,,충청남도 아산시 선장면 신동리 22-7,36.7953079210006,126.897029367423,,정상가동,99.84,380,60,2015,,,,,2024-08-31
광현,,충청남도 아산시 선장면 신동리 22-9,36.7947382134303,126.897418923681,,정상가동,99.84,380,60,2015,,,,,2024-08-31
선우,,충청남도 아산시 도고면 효자리 152-3,36.7402871049703,126.863574066491,,정상가동,99.0,380,60,2015,,,,,2024-08-31
신정,충청남도 아산시 도고면 벚꽃로708번길 69-15,충청남도 아산시 도고면 효자리 152-1,36.7405138386789,126.863899036688,,정상가동,99.0,380,60,2015,,,,,2024-08-31
동천2호,,충청남도 아산시 음봉면 동천리 46,36.8340359796112,127.022772776569,,정상가동,30.0,380,60,2015,,,,,2024-08-31
동천3호,충청남도 아산시 음봉면 충무로604번길 106-15,충청남도 아산시 음봉면 동천리 44-4,36.8343206199062,127.022401578926,,정상가동,18.0,380,60,2015,,,,,2024-08-31
동천4호,,충청남도 아산시 음봉면 동천리 63-2,36.8342539885315,127.020628106463,,정상가동,99.0,380,60,2015,,,,,2024-08-31
현대아산,충청남도 아산시 인주면 현대로 1115-9,충청남도 아산시 인주면 문방리 71,36.8536393341151,126.880953004061,,정상가동,20.0,380,60,2015,,,,,2024-08-31
경성,충청남도 아산시 둔포면 아산밸리동로 186,충청남도 아산시 둔포면 석곡리 1489,36.9217585595463,127.066691171793,,정상가동,98.28,380,60,2015,,,,,2024-08-31
HJ태양광,충청남도 아산시 둔포면 윤보선로 342,충청남도 아산시 둔포면 신남리 743-2,36.902098001279,127.014449710164,,정상가동,99.0,380,60,2015,,,,,2024-08-31
농은,충청남도 아산시 도고면 도고산로 93-10,충청남도 아산시 도고면 농은리 215-6,36.7101848353118,126.919749399511,,정상가동,17.0,380,60,2015,,,,,2024-08-31
신재,,충청남도 아산시 인주면 관암리 374-6,36.8577306395353,126.887357372049,,정상가동,19.5,380,60,2015,,,,,2024-08-31
인주,충청남도 아산시 인주면 서해로623번길 5-30,충청남도 아산시 인주면 신성리 377,36.8794344202741,126.905246908529,,정상가동,99.0,380,60,2015,,,,,2024-08-31
맥스 1호,충청남도 아산시 음봉면 산동로 145-33,충청남도 아산시 음봉면 산동리 685-11,36.8445443859403,127.094923271285,,정상가동,414.0,380,60,2015,,,,,2024-08-31
아진산업,충청남도 아산시 도고면 벚꽃로708번길 103,충청남도 아산시 도고면 효자리 25-20,36.7417451076471,126.869757225779,,정상가동,59.4,380,60,2018,,,,,2024-08-31
미준,충청남도 아산시 음봉면 신휴길213번길 8,충청남도 아산시 음봉면 신휴리 215-27,36.8975130942054,127.063467368281,,정상가동,50.4,380,60,2015,,,,,2024-08-31
행목리,,충청남도 아산시 신창면 행목리 51,36.7678616808251,126.957989858714,,정상가동,99.28,380,60,2017,,,,,2024-08-31
대화,충청남도 아산시 영인면 월선서길 95-5,충청남도 아산시 영인면 월선리 374,36.872956159969,126.919320478195,,정상가동,19.5,380,60,2015,,,,,2024-08-31
제일,충청남도 아산시 영인면 신봉길 216,충청남도 아산시 영인면 신봉리 435-12,36.8991119107755,126.993257087081,,정상가동,29.75,380,60,2015,,,,,2024-08-31
브이원,충청남도 아산시 음봉면 월산로 231,충청남도 아산시 음봉면 산동리 714,36.8489753467573,127.094526786412,,정상가동,99.82,380,60,2015,,,,,2024-08-31
도고,충청남도 아산시 도고면 도고저수지길 268-15,충청남도 아산시 도고면 석당리 214-1,36.7471272928652,126.921374562021,,정상가동,17.98,380,60,2016,,,,,2024-08-31
완선,,충청남도 아산시 선장면 군덕리 307-2,36.7732633404606,126.865774065351,,정상가동,99.6,380,60,2016,,,,,2024-08-31
삼척,,충청남도 아산시 선장면 신동리 25,36.7951508263546,126.895752825968,,정상가동,98.8,380,60,2017,,,,,2024-08-31
스마트,충청남도 아산시 인주면 영인산로333번길 109-5,충청남도 아산시 인주면 냉정리 산46-1,36.863678860494,126.924388528497,,정상가동,99.2,380,60,2016,,,,,2024-08-31
신봉1리,충청남도 아산시 영인면 신봉길232번길 32,충청남도 아산시 영인면 신봉리 236-12,36.8975640545045,126.996498746502,,정상가동,19.84,380,60,2016,,,,,2024-08-31
신봉2리,충청남도 아산시 영인면 신봉길232번길 32-1,충청남도 아산시 영인면 신봉리 236-13,36.8974312301858,126.99641572879,,정상가동,19.84,380,60,2016,,,,,2024-08-31
거해,충청남도 아산시 신창면 현대로 507-94,충청남도 아산시 신창면 가덕리 1015,36.8194181224184,126.919285474893,,정상가동,499.5,380,60,2016,,,,,2024-08-31
도흥2리마을회,충청남도 아산시 인주면 현대로 664번길 15,충청남도 아산시 인주면 도흥리 203-5,36.829584623296,126.904467032109,,정상가동,18.0,380,60,2016,,,,,2024-08-31
대음,충청남도 아산시 인주면 현대로1029번길 237,충청남도 아산시 인주면 대음리 156-6,36.8445306164908,126.856183801744,,정상가동,19.84,380,60,2016,,,,,2024-08-31
이원,충청남도 아산시 둔포면 신남길46번길 15-7,충청남도 아산시 둔포면 신남리 513-6,36.9140716437564,127.001800772919,,정상가동,54.15,380,60,2016,,,,,2024-08-31
광일,,충청남도 아산시 도고면 석당리 50,36.7531908316167,126.924705382801,,정상가동,99.0,380,60,2016,,,,,2024-08-31
문방,충청남도 아산시 인주면 현대로 1115-7,충청남도 아산시 인주면 문방리 70,36.853361445039,126.880964423703,,정상가동,14.88,380,60,2016,,,,,2024-08-31
대음2,,충청남도 아산시 인주면 대음리 156-1,36.8448272275359,126.85593344893,,정상가동,69.44,380,60,2016,,,,,2024-08-31
도산,충청남도 아산시 도고면 도고산로 333,충청남도 아산시 도고면 도산리 128-2,36.7310192597754,126.917080961409,,정상가동,15.0,380,60,2016,,,,,2024-08-31
향원,충청남도 아산시 신창면 신달길 134,충청남도 아산시 신창면 남성리 675-1,36.8073126979856,126.948051330914,,정상가동,320.0,380,60,2016,,,,,2024-08-31
신양스틸,충청남도 아산시 둔포면 봉신로 265-1,충청남도 아산시 둔포면 신양리 181,36.8852378228779,127.054300692938,,정상가동,71.82,380,60,2016,,,,,2024-08-31
신현,충청남도 아산시 영인면 신현로35번길 26,충청남도 아산시 영인면 신현리 149,36.8665924328766,126.93333314236,,정상가동,99.0,380,60,2016,,,,,2024-08-31
뉴스마트,충청남도 아산시 인주면 영인산로333번길 109-5,충청남도 아산시 인주면 냉정리 산46-1,36.863678860494,126.924388528497,,정상가동,198.4,380,60,2016,,,,,2024-08-31
현대솔라,충청남도 아산시 둔포면 충무로 1876-18,충청남도 아산시 둔포면 둔포리 176,36.9308481107743,127.045875275147,,정상가동,49.4,380,60,2016,,,,,2024-08-31
삼거리2호,충청남도 아산시 음봉면 음봉면로30번길 8,충청남도 아산시 음봉면 삼거리 191-3,36.8492247864475,127.014570826422,,정상가동,19.8,380,60,2016,,,,,2024-08-31
화천2리새마을회,충청남도 아산시 도고면 도고산로 187,충청남도 아산시 도고면 화천리 237,36.7186163231358,126.920715460264,,정상가동,19.8,380,60,2016,,,,,2024-08-31
회성산업,충청남도 아산시 둔포면 신남길46번길 15-7,충청남도 아산시 둔포면 신남리 513-6,36.9140716437564,127.001800772919,,정상가동,25.65,380,60,2017,,,,,2024-08-31
산양1리,충청남도 아산시 염치읍 산양길 63,충청남도 아산시 염치읍 산양리 182-3,36.8320363930384,126.92316361479,,정상가동,19.76,380,60,2017,,,,,2024-08-31
㈜성광산업,충청남도 아산시 인주면 인주로 373,충청남도 아산시 인주면 냉정리 347-13,36.8558464224657,126.899615872796,,정상가동,99.0,380,60,2016,,,,,2024-08-31
에스와이빌드㈜,,충청남도 아산시 인주면 걸매리 176-1,,,,정상가동,99.0,380,60,2016,,,,,2024-08-31
HJ2,충청남도 아산시 둔포면 윤보선로 342,충청남도 아산시 둔포면 신남리 743-2,36.902098001279,127.014449710164,,정상가동,39.9,380,60,2016,,,,,2024-08-31
반석,,충청남도 아산시 염치읍 쌍죽리 7-11,36.8291402879597,126.984723873288,,정상가동,96.48,380,60,2017,,,,,2024-08-31
대륭,,충청남도 아산시 염치읍 쌍죽리 7-2,36.8304414445694,126.983715419576,,정상가동,96.48,380,60,2017,,,,,2024-08-31
충청,,충청남도 아산시 염치읍 쌍죽리 7-3,36.8303473716557,126.983735728938,,정상가동,96.48,380,60,2017,,,,,2024-08-31
동광,,충청남도 아산시 염치읍 쌍죽리 7-4,36.8302423016923,126.983730258469,,정상가동,96.48,380,60,2017,,,,,2024-08-31
수호,,충청남도 아산시 염치읍 쌍죽리 7-5,36.8301225640377,126.9838743271,,정상가동,96.48,380,60,2017,,,,,2024-08-31
신성,,충청남도 아산시 염치읍 쌍죽리 7-8,36.8297322681437,126.984354849747,,정상가동,96.48,380,60,2017,,,,,2024-08-31
산해,,충청남도 아산시 염치읍 쌍죽리 7-9,36.8295579261664,126.984526614956,,정상가동,96.48,380,60,2017,,,,,2024-08-31
일영,,충청남도 아산시 염치읍 쌍죽리 7-1,36.8307942368399,126.983777110203,,정상가동,96.48,380,60,2017,,,,,2024-08-31
경희,,충청남도 아산시 염치읍 쌍죽리 7-10,36.8294198885056,126.984620129909,,정상가동,96.48,380,60,2017,,,,,2024-08-31
하나로1호,,충청남도 아산시 염치읍 쌍죽리 7-6,36.8299603031895,126.984087679267,,정상가동,96.48,380,60,2017,,,,,2024-08-31
청석1호,,충청남도 아산시 염치읍 쌍죽리 7-7,36.829826868548,126.984233991532,,정상가동,96.48,380,60,2017,,,,,2024-08-31
선창,,충청남도 아산시 선장면 선창리 산52,36.7833168806974,126.884742421123,,정상가동,99.2,380,60,2017,,,,,2024-08-31
명○,충청남도 아산시 영인면 영인로 45,충청남도 아산시 영인면 아산리 83-2,36.8542466875245,126.956721413238,,정상가동,49.5,380,60,2017,,,,,2024-08-31
피엠솔라9호,,충청남도 아산시 도고면 향산리 353-2,36.7582075715525,126.898116352778,,정상가동,97.47,380,60,2017,,,,,2024-08-31
가산,충청남도 아산시 선장면 아산만로 971,충청남도 아산시 선장면 가산리 16-3,36.8234197916904,126.862927968104,,정상가동,74.1,380,60,2016,,,,,2024-08-31
효자리,,충청남도 아산시 도고면 효자리 102-11,36.7302155812958,126.866555102652,,정상가동,497.2,380,60,2017,,,,,2024-08-31
명성,,충청남도 아산시 둔포면 운용리 산5-6,,,,정상가동,99.2,380,60,2017,,,,,2024-08-31
석정,충청남도 아산시 염치읍 석정길 45,충청남도 아산시 염치읍 석정리 97-8,36.7989165478186,127.002569204636,,정상가동,54.0,380,60,2017,,,,,2024-08-31
JSPV1,충청남도 아산시 둔포면 윤보선로336번길 28,충청남도 아산시 둔포면 신남리 746-1,36.9004871110858,127.017148123435,,정상가동,499.2,380,60,2017,,,,,2024-08-31
세익,,충청남도 아산시 도고면 오암리 193-15,36.7189430473677,126.931569939026,,정상가동,96.48,380,60,2017,,,,,2024-08-31
창산,,충청남도 아산시 도고면 오암리 193-7,36.7200225153942,126.931588346393,,정상가동,96.48,380,60,2017,,,,,2024-08-31
황금,,충청남도 아산시 도고면 오암리 193-6,36.7203632269318,126.931269026028,,정상가동,96.48,380,60,2017,,,,,2024-08-31
충청1호,,충청남도 아산시 도고면 오암리 193-13,36.7192733982995,126.93156740731,,정상가동,96.48,380,60,2017,,,,,2024-08-31
한국,,충청남도 아산시 도고면 오암리 193-9,36.7197663855513,126.931535851976,,정상가동,96.48,380,60,2017,,,,,2024-08-31
가을하늘,,충청남도 아산시 도고면 오암리 193-11,36.7195249592687,126.931509873442,,정상가동,96.48,380,60,2017,,,,,2024-08-31
영상,,충청남도 아산시 도고면 오암리 193-8,36.7198933543553,126.931536410908,,정상가동,96.48,380,60,2017,,,,,2024-08-31
대륭1호,,충청남도 아산시 도고면 오암리 193-14,36.7192143729246,126.9312516923,,정상가동,96.48,380,60,2017,,,,,2024-08-31
한옥,,충청남도 아산시 도고면 오암리 193-12,36.7194030539457,126.931539196658,,정상가동,96.48,380,60,2017,,,,,2024-08-31
신정,,충청남도 아산시 도고면 오암리 193-10,36.7196431103243,126.931533498805,,정상가동,96.48,380,60,2017,,,,,2024-08-31
솔라마루,,충청남도 아산시 배방읍 수철리 713,36.7313948123008,127.045361483901,,정상가동,148.5,380,60,2017,,,,,2024-08-31
강남,,충청남도 아산시 인주면 도흥리 13-8,36.8360772235699,126.908986077754,,정상가동,99.0,380,60,2017,,,,,2024-08-31
샬롬,,충청남도 아산시 선창면 선창리 산52,,,,정상가동,99.0,380,60,2017,,,,,2024-08-31
케이텍,충청남도 아산시 온천대로1182번길 17-31,충청남도 아산시 득산동 34,36.78460153522,126.973660048942,,정상가동,84.15,380,60,2017,,,,,2024-08-31
성진산업,충청남도 아산시 둔포면 윤보선로336번길 86,충청남도 아산시 둔포면 신항리 68-40,36.9013578163733,127.023142717782,,정상가동,68.4,380,60,2017,,,,,2024-08-31
선호,,충청남도 아산시 송악면 강장리 133-2,,,,정상가동,197.6,380,60,2017,,,,,2024-08-31
신봉,,충청남도 아산시 영인면 신봉리 산77-1,,,,정상가동,494.46,380,60,2019,,,,,2024-08-31
안피미,충청남도 아산시 도고면 온천대로 592,충청남도 아산시 도고면 와산리 142-2,36.7612210900322,126.916892451821,,정상가동,21.7,380,60,2017,,,,,2024-08-31
해오름1호,충청남도 아산시 염치읍 곡교리길 3-16,충청남도 아산시 염치읍 곡교리 181-8,36.808388693158,126.982582302704,,정상가동,96.48,380,60,2017,,,,,2024-08-31
케이앤아이,충청남도 아산시 염치읍 방현서길36번길 11-41,충청남도 아산시 염치읍 방현리 603-2,36.8213404944859,127.003605602094,,정상가동,19.8,380,60,2017,,,,,2024-08-31
방현2호,충청남도 아산시 염치읍 방현서길36번길 11-1,충청남도 아산시 염치읍 방현리 560-7,36.8185831085772,127.003259596631,,정상가동,79.2,380,60,2017,,,,,2024-08-31
행목리2호,,충청남도 아산시 신창면 행목리 51-4,36.7682869745071,126.957894197721,,정상가동,49.14,380,60,2017,,,,,2024-08-31
은혜,,충청남도 아산시 인주면 도흥리 산2,,,,정상가동,98.28,380,60,2018,,,,,2024-08-31
가산1호,,충청남도 아산시 인주면 도흥리 산2,,,,정상가동,196.56,380,60,2018,,,,,2024-08-31
다미,,충청남도 아산시 인주면 도흥리 산2,,,,정상가동,98.28,380,60,2018,,,,,2024-08-31
파인,,충청남도 아산시 인주면 도흥리 산2,,,,정상가동,196.56,380,60,2018,,,,,2024-08-31
알파,,충청남도 아산시 인주면 도흥리 산2,,,,정상가동,98.28,380,60,2018,,,,,2024-08-31
청은,,충청남도 아산시 인주면 도흥리 산2,,,,정상가동,196.56,380,60,2018,,,,,2024-08-31
덕종,,충청남도 아산시 인주면 도흥리 산2,,,,정상가동,98.28,380,60,2018,,,,,2024-08-31
기정,,충청남도 아산시 인주면 도흥리 산2,,,,정상가동,98.28,380,60,2018,,,,,2024-08-31
오아시스,,충청남도 아산시 인주면 도흥리 산2,,,,정상가동,196.56,380,60,2018,,,,,2024-08-31
영화,,충청남도 아산시 인주면 도흥리 산2,,,,정상가동,196.56,380,60,2018,,,,,2024-08-31
규람,,충청남도 아산시 인주면 도흥리 산2,,,,정상가동,196.56,380,60,2018,,,,,2024-08-31
영옥,,충청남도 아산시 인주면 도흥리 산2,,,,정상가동,98.28,380,60,2018,,,,,2024-08-31
근배,,충청남도 아산시 인주면 도흥리 산2,,,,정상가동,98.28,380,60,2018,,,,,2024-08-31
솔라이언,충청남도 아산시 음봉면 연암산로 62-8,충청남도 아산시 음봉면 동암리 71-4,36.851400757179,127.052388981823,,정상가동,148.07,380,60,2017,,,,,2024-08-31
백화,충청남도 아산시 선장면 아산만로 845-5,충청남도 아산시 선장면 가산리 489-2,36.8137563060371,126.870494143777,,정상가동,80.4,380,60,2017,,,,,2024-08-31
승진,,충청남도 아산시 인주면 도흥리 산2,,,,정상가동,243.36,380,60,2018,,,,,2024-08-31
중앙무인항공 아산드론교육원,충청남도 아산시 배방읍 고불로 554,충청남도 아산시 배방읍 신흥리 275-2,36.7495689462959,127.043071018584,,정상가동,42.0,380,60,2020,,,,,2024-08-31
백호산업,충청남도 아산시 배방읍 고불로365번길 53,충청남도 아산시 배방읍 수철리 725,36.7323905602384,127.045579147864,,정상가동,23.63,380,60,2017,,,,,2024-08-31
아산풍성한,충청남도 아산시 음봉면 충무로681번길 208,충청남도 아산시 음봉면 신수리 82-2,36.8488144195195,126.99549074053,,정상가동,80.64,380,60,2018,,,,,2024-08-31
선우,충청남도 아산시 음봉면 산동로 293-7,충청남도 아산시 음봉면 산동리 198,36.8531479607796,127.102513750184,,정상가동,92.16,380,60,2017,,,,,2024-08-31
매당,,충청남도 아산시 인주면 냉정리 산44-6,,,,정상가동,96.48,380,60,2018,,,,,2024-08-31
금강파워텍,충청남도 아산시 둔포면 윤보선로248번길 62-34,충청남도 아산시 둔포면 신항리 438-1,36.8899651189679,127.011574070487,,정상가동,246.96,380,60,2017,,,,,2024-08-31
진,충청남도 아산시 인주면 공세리성당길 25,충청남도 아산시 인주면 공세리 175-5,36.8826860750907,126.912092940166,,정상가동,60.3,380,60,2017,,,,,2024-08-31
우남2호,충청남도 아산시 배미로 40,충청남도 아산시 배미동 190,36.7907431123415,126.974209288362,,정상가동,171.52,380,60,2017,,,,,2024-08-31
정례,충청남도 아산시 음봉면 아산밸리로459번길 34,충청남도 아산시 음봉면 신휴리 790,36.9004765101325,127.066315743232,,정상가동,99.0,380,60,2018,,,,,2024-08-31
산동,충청남도 아산시 음봉면 월산로 158,충청남도 아산시 음봉면 산동리 889-1,36.8471485842636,127.087398030863,,정상가동,97.2,380,60,2017,,,,,2024-08-31
썬플라워,충청남도 아산시 인주면 아산호로 23-100,충청남도 아산시 인주면 공세리 369,36.8893347528919,126.914196590558,,정상가동,99.2,380,60,2017,,,,,2024-08-31
효자,충청남도 아산시 도고면 벚꽃로708번길 105,충청남도 아산시 도고면 효자리 25-10,36.7415318661909,126.870136370066,,정상가동,42.24,380,60,2018,,,,,2024-08-31
북수리952호,충청남도 아산시 배방읍 배방로173번길 6-16,충청남도 아산시 배방읍 북수리 952,36.7707702442536,127.066623454384,,정상가동,9.36,380,60,2017,,,,,2024-08-31
해오름2호,충청남도 아산시 염치읍 곡교리길 3-16,충청남도 아산시 염치읍 곡교리 181-8,36.808388693158,126.982582302704,,정상가동,40.8,380,60,2017,,,,,2024-08-31
대동,,충청남도 아산시 염치읍 대동리 산6,36.8214702137282,127.039837996127,,정상가동,198.4,380,60,2017,,,,,2024-08-31
자연1호,충청남도 아산시 인주면 공세길56번길 16,충청남도 아산시 인주면 공세리 297-1,36.879749149612,126.913361229424,,정상가동,19.2,380,60,2017,,,,,2024-08-31
힐스톤2호,,충청남도 아산시 도고면 신통리 20-6,36.7716589420879,126.908223430085,,정상가동,99.2,380,60,2019,,,,,2024-08-31
도고,,충청남도 아산시 도고면 신통리 20-6,36.7716589420879,126.908223430085,,정상가동,99.2,380,60,2019,,,,,2024-08-31
용우,,충청남도 아산시 도고면 신통리 20-6,36.7716589420879,126.908223430085,,정상가동,99.2,380,60,2019,,,,,2024-08-31
용범,,충청남도 아산시 도고면 신통리 20-6,36.7716589420879,126.908223430085,,정상가동,99.2,380,60,2019,,,,,2024-08-31
효림,,충청남도 아산시 도고면 신통리 20-6,36.7716589420879,126.908223430085,,정상가동,99.2,380,60,2019,,,,,2024-08-31
교성,,충청남도 아산시 도고면 신통리 20-6,36.7716589420879,126.908223430085,,정상가동,99.2,380,60,2019,,,,,2024-08-31
중호,,충청남도 아산시 도고면 신통리 20-6,36.7716589420879,126.908223430085,,정상가동,99.2,380,60,2019,,,,,2024-08-31
상권,,충청남도 아산시 도고면 신통리 20-6,36.7716589420879,126.908223430085,,정상가동,99.2,380,60,2019,,,,,2024-08-31
오송,,충청남도 아산시 도고면 신통리 20-6,36.7716589420879,126.908223430085,,정상가동,99.2,380,60,2019,,,,,2024-08-31
복희,,충청남도 아산시 도고면 신통리 20-6,36.7716589420879,126.908223430085,,정상가동,99.2,380,60,2019,,,,,2024-08-31
두희,,충청남도 아산시 도고면 신통리 20-6,36.7716589420879,126.908223430085,,정상가동,99.2,380,60,2019,,,,,2024-08-31
연화,,충청남도 아산시 도고면 신통리 20-6,36.7716589420879,126.908223430085,,정상가동,99.2,380,60,2019,,,,,2024-08-31
신화,,충청남도 아산시 도고면 신통리 20-6,36.7716589420879,126.908223430085,,정상가동,49.6,380,60,2019,,,,,2024-08-31
온천,,충청남도 아산시 도고면 신통리 20-6,36.7716589420879,126.908223430085,,정상가동,279.6,380,60,2019,,,,,2024-08-31
서원2호,충청남도 아산시 염치읍 서원길 182-23,충청남도 아산시 염치읍 서원리 153-1,36.826486693938,126.956329490973,,정상가동,99.16,380,60,2019,,,,,2024-08-31
서원25호,,충청남도 아산시 염치읍 서원리 153-7,36.8276143245896,126.953666434607,,정상가동,99.16,380,60,2019,,,,,2024-08-31
서원27호,,충청남도 아산시 염치읍 서원리 153-7,36.8276143245896,126.953666434607,,정상가동,99.16,380,60,2019,,,,,2024-08-31
서원34호,,충청남도 아산시 염치읍 서원리 153-9,36.8265306593516,126.955096468435,,정상가동,99.16,380,60,2019,,,,,2024-08-31
서원35호,,충청남도 아산시 염치읍 서원리 153-9,36.8265306593516,126.955096468435,,정상가동,99.16,380,60,2019,,,,,2024-08-31
서원39호,,충청남도 아산시 염치읍 서원리 153-9,36.8265306593516,126.955096468435,,정상가동,99.16,380,60,2019,,,,,2024-08-31
현대공업아산,충청남도 아산시 선장면 서부남로 307,충청남도 아산시 선장면 선창리 12-49,36.7854154847598,126.893942938418,,정상가동,211.05,380,60,2018,,,,,2024-08-31
그린인텍,충청남도 아산시 설화산길 59,충청남도 아산시 좌부동 126,36.7551558150015,127.024212883033,,정상가동,281.5,380,60,2018,,,,,2024-08-31
규원,충청남도 아산시 인주면 인주로 373,충청남도 아산시 인주면 냉정리 347-13,36.8558464224657,126.899615872796,,정상가동,47.88,380,60,2018,,,,,2024-08-31
우남3호,,충청남도 아산시 배미동 86,36.7915104107923,126.972990263811,,정상가동,295.36,380,60,2018,,,,,2024-08-31
델솔,충청남도 아산시 음봉면 아산밸리로459번길 32,충청남도 아산시 음봉면 신휴리 790-1,36.9001567210918,127.066297066002,,정상가동,49.7,380,60,2018,,,,,2024-08-31
초록,충청남도 아산시 선장면 서들남로159번길 32-161,충청남도 아산시 선장면 장곳리 402,36.7525274757761,126.842287863508,,정상가동,320.93,380,60,2017,,,,,2024-08-31
배방스마트,,충청남도 아산시 모종동 272-1,36.7883284492764,127.02756296859,,정상가동,99.96,380,60,2017,,,,,2024-08-31
C-3아산폐철도,,충청남도 아산시 신창면 궁화리 543-1,36.7913098122695,126.911525547838,,정상가동,417.075,380,60,2018,,,,,2024-08-31
성옥,충청남도 아산시 도고면 벚꽃로708번길 93,충청남도 아산시 도고면 효자리 143-3,36.742025889644,126.868276875502,,정상가동,495.72,380,60,2019,,,,,2024-08-31
재연,충청남도 아산시 염치읍 현대로 119-34,충청남도 아산시 염치읍 중방리 95-10,36.8159047520034,126.95798950869,,정상가동,348.16,380,60,2018,,,,,2024-08-31
상락1호,,충청남도 아산시 인주면 공세리 629-5,36.883121349622,126.915887825569,,정상가동,97.28,380,60,2018,,,,,2024-08-31
드림에스피,충청남도 아산시 염치읍 서원길 133,충청남도 아산시 염치읍 서원리 102,36.8285584074972,126.960373997437,,정상가동,95.76,380,60,2018,,,,,2024-08-31
엘림에너지,충청남도 아산시 염치읍 서원길 133,충청남도 아산시 염치읍 서원리 102,36.8285584074972,126.960373997437,,정상가동,95.76,380,60,2018,,,,,2024-08-31
유앤팩주식회사,충청남도 아산시 둔포면 아산밸리로 388번길 104,충청남도 아산시 둔포면 석곡리 1936,36.9028543367253,127.054997045846,,정상가동,276.48,380,60,2018,,,,,2024-08-31
삼종,충청남도 아산시 음봉면 충무로676번길 7-14,충청남도 아산시 음봉면 동천리 282-1,36.8401726135795,127.012383624929,,정상가동,296.96,380,60,2020,,,,,2024-08-31
아산별,,충청남도 아산시 인주면 냉정리 285-1,36.8484619400288,126.907939198716,,정상가동,98.49,380,60,2019,,,,,2024-08-31
아산햇살,,충청남도 아산시 인주면 냉정리 285-1,36.8484619400288,126.907939198716,,정상가동,98.49,380,60,2019,,,,,2024-08-31
아산신천,,충청남도 아산시 인주면 냉정리 285-1,36.8484619400288,126.907939198716,,정상가동,98.49,380,60,2019,,,,,2024-08-31
태영,충청남도 아산시 둔포면 이화길65번길 66,충청남도 아산시 둔포면 염작리 208,36.9221507367912,127.077218507745,,정상가동,87.0,380,60,2018,,,,,2024-08-31
범수,충청남도 아산시 번영로93번길 38,충청남도 아산시 온천동 1619,36.7898759713996,127.000538339122,,정상가동,27.72,380,60,2018,,,,,2024-08-31
해오름,충청남도 아산시 음봉면 음봉로 663,충청남도 아산시 음봉면 덕지리 65-11,36.8356596297801,127.08252267215,,정상가동,30.0,380,60,2017,,,,,2024-08-31
동이1호,충청남도 아산시 온천대로1794번길 90,충청남도 아산시 남동 64-6,36.7662924103905,127.036466259126,,정상가동,53.04,380,60,2017,,,,,2024-08-31
진주,충청남도 아산시 배미로 60,충청남도 아산시 배미동 91,36.7923574678723,126.973841029045,,정상가동,75.6,380,60,2018,,,,,2024-08-31
신남,충청남도 아산시 둔포면 신남길 8,충청남도 아산시 둔포면 신남리 305-1,36.9180746804507,127.00070824901,,정상가동,44.8,380,60,2019,,,,,2024-08-31
음봉,충청남도 아산시 음봉면 연암율금로 31-17,충청남도 아산시 음봉면 원남리 66-1,36.8667208944673,127.028485941702,,정상가동,199.68,380,60,2019,,,,,2024-08-31
영인,충청남도 아산시 영인면 토정로120번길 15-30,충청남도 아산시 영인면 신운리 830,36.8674792962641,126.960863182019,,정상가동,97.28,380,60,2018,,,,,2024-08-31
㈜영우솔라에너지,,충청남도 아산시 선장면 신동리 34-1,36.7953618073513,126.893952421691,,정상가동,397.98,380,60,2018,,,,,2024-08-31
그린빈,,충청남도 아산시 선장면 신동리 25-29,36.794783761893,126.896324413513,,정상가동,99.4,380,60,2019,,,,,2024-08-31
우남4호,충청남도 아산시 배미로 40,충청남도 아산시 배미동 190,36.7907431123415,126.974209288362,,정상가동,96.56,380,60,2018,,,,,2024-08-31
흰돌1호,충청남도 아산시 영인면 아산호로 243-7,충청남도 아산시 영인면 백석포리 133-1,36.890514777816,126.945561621874,,정상가동,40.8,380,60,2018,,,,,2024-08-31
지장골,충청남도 아산시 시민로303번길 3,충청남도 아산시 용화동 259-5,36.7766768078216,126.995696825983,,정상가동,23.0,380,60,2018,,,,,2024-08-31
천승,충청남도 아산시 초사길 3-33,충청남도 아산시 초사동 544,36.7472952045506,126.968975551338,,정상가동,97.92,380,60,2018,,,,,2024-08-31
삼진1호,충청남도 아산시 인주면 도흥길110번길 96,충청남도 아산시 인주면 도흥리 1-6,36.843713085852,126.907786360096,,정상가동,97.28,380,60,2018,,,,,2024-08-31
삼진2호,충청남도 아산시 인주면 도흥길110번길 96,충청남도 아산시 인주면 도흥리 1-6,36.843713085852,126.907786360096,,정상가동,97.28,380,60,2018,,,,,2024-08-31
㈜케이블루,충청남도 아산시 도고면 신통길46번길 7,충청남도 아산시 도고면 신통리 93-13,36.7628120441209,126.903890023666,,정상가동,97.92,380,60,2018,,,,,2024-08-31
장홍○,충청남도 아산시 선장면 대흥길16번길 15-13,충청남도 아산시 선장면 대흥리 200-5,36.8105815160666,126.87224538869,,정상가동,44.59,380,60,2021,,,,,2024-08-31
아산무진,충청남도 아산시 음봉면 연암율금로295번길 78-19,충청남도 아산시 음봉면 소동리 120-12,36.8753261682483,127.050836956872,,정상가동,65.325,380,60,2018,,,,,2024-08-31
삼영,충청남도 아산시 음봉면 연암산로 86,충청남도 아산시 음봉면 동암리 35-5,36.8529525762437,127.050452783736,,정상가동,40.8,380,60,2018,,,,,2024-08-31
프로미스,충청남도 아산시 음봉면 월암로 336-43,충청남도 아산시 음봉면 쌍암리 355,36.8695954858284,127.078276799038,,정상가동,99.96,380,60,2018,,,,,2024-08-31
수환,충청남도 아산시 배방읍 갈매길 55-9,충청남도 아산시 배방읍 갈매리 141,36.763858023819,127.085284301469,,정상가동,17.28,380,60,2018,,,,,2024-08-31
씨앤테크,충청남도 아산시 둔포면 운교길 275-13,충청남도 아산시 둔포면 운교리 7-7,36.9134367684688,127.053511922513,,정상가동,197.1,380,60,2018,,,,,2024-08-31
코리아에너지발전소㈜10호기,충청남도 아산시 신창면 온천대로 958,충청남도 아산시 신창면 남성리 593-3,36.7810195914728,126.946306265932,,정상가동,454.79,380,60,2019,,,,,2024-08-31
코리아에너지발전소11호기,충청남도 아산시 신창면 온천대로 959,충청남도 아산시 신창면 남성리 593-3,,,,정상가동,313.9,380,60,2019,,,,,2024-08-31
대홍산업,충청남도 아산시 도고면 아산만로 84,충청남도 아산시 도고면 신언리 511-19,36.7514753308852,126.866198811703,,정상가동,49.98,380,60,2018,,,,,2024-08-31
아이넥스,충청남도 아산시 탕정면 선문로 355,충청남도 아산시 탕정면 호산리 215,36.8082902408584,127.081869654272,,정상가동,38.88,380,60,2018,,,,,2024-08-31
봉봉,충청남도 아산시 음봉면 신의길 63-7,충청남도 아산시 음봉면 신휴리 106-10,36.8958586130048,127.072996482048,,정상가동,89.11,380,60,2018,,,,,2024-08-31
협신,충청남도 아산시 시민로 449번길 24,충청남도 아산시 온천동 1401,36.7884180570489,126.999228862025,,정상가동,31.5,380,60,2018,,,,,2024-08-31
형제,충청남도 아산시 고불로 706,충청남도 아산시 좌부동 63-5 외 1필지,36.757821121306,127.029872159752,,정상가동,95.76,380,60,2019,,,,,2024-08-31
대성,충청남도 아산시 신창면 가덕길14번길 1-33,충청남도 아산시 신창면 가덕리 108-5,36.8161996659898,126.923150755297,,정상가동,170.0,380,60,2019,,,,,2024-08-31
용두,충청남도 아산시 신창면 서부북로290번길 35,충청남도 아산시 신창면 신곡리 651,36.8093653619787,126.900742554969,,정상가동,299.2,380,60,2018,,,,,2024-08-31
SY,충청남도 아산시 배방읍 배방로229번길 30-17,충청남도 아산시 배방읍 북수리 1300,36.7719467602182,127.07215524746,,정상가동,50.0,380,60,2019,,,,,2024-08-31
에이스,충청남도 아산시 둔포면 아산밸리로406번길 60,충청남도 아산시 둔포면 석곡리 2015,36.905056194601,127.056284949391,,정상가동,204.68,380,60,2019,,,,,2024-08-31
느랭이,충청남도 아산시 도고면 도고산로278번길 74,충청남도 아산시 도고면 도산리 273,,,,정상가동,16.32,380,60,2018,,,,,2024-08-31
공세리마을,충청남도 아산시 인주면 아산만로 1444,충청남도 아산시 인주면 문방리 570-8,36.8574120475968,126.861543192381,,정상가동,79.56,380,60,2018,,,,,2024-08-31
협진,충청남도 아산시 음봉면 음봉면로 302-83,충청남도 아산시 음봉면 원남리 180-3,36.8704782064039,127.035562850658,,정상가동,299.2,380,60,2019,,,,,2024-08-31
동서산업,충청남도 아산시 영인면 토정로430번길 35,충청남도 아산시 영인면 신봉리 855-1,36.892215141333,126.975734025014,,정상가동,495.72,380,60,2018,,,,,2024-08-31
경남,충청남도 아산시 영인면 신현로23번길 64-11,충청남도 아산시 영인면 신현리 210,36.8621303663818,126.92991240649,,정상가동,73.44,380,60,2018,,,,,2024-08-31
타이어넷,충청남도 아산시 배방읍 온천대로 1842,충청남도 아산시 배방읍 공수리 842,36.7721981825253,127.040816671944,,정상가동,60.48,380,60,2018,,,,,2024-08-31
HNC1,충청남도 아산시 염치읍 서원길 238-22,충청남도 아산시 염치읍 서원리 219-7,36.8259692578651,126.950963146379,,정상가동,81.6,380,60,2020,,,,,2024-08-31
HNC2,충청남도 아산시 염치읍 현대로 144,충청남도 아산시 염치읍 중방리 54,36.8203531027799,126.95704043565,,정상가동,76.16,380,60,2019,,,,,2024-08-31
세화,충청남도 아산시 인주면 아산만로 1678,충청남도 아산시 인주면 밀두리 293,36.8700383337162,126.882410241611,,정상가동,74.8,380,60,2018,,,,,2024-08-31
온양,충청남도 아산시 곡교천로125번길 31-46,충청남도 아산시 실옥동 231,36.7920869759504,126.988041021395,,정상가동,46.08,380,60,2018,,,,,2024-08-31
대선타운1호,충청남도 아산시 인주면 서해로 670,충청남도 아산시 인주면 공세리 177-13,36.8829456509494,126.912172846354,,정상가동,71.4,380,60,2018,,,,,2024-08-31
대선타운2호,충청남도 아산시 인주면 아산만로1434번길 27-9,충청남도 아산시 인주면 문방리 440-3,36.8546763839294,126.861153983741,,정상가동,15.3,380,60,2020,,,,,2024-08-31
SKY,,충청남도 아산시 둔포면 산전리 59-2,,,,정상가동,131.67,380,60,2018,,,,,2024-08-31
쌍둥이,,충청남도 아산시 둔포면 산전리 59-2,,,,정상가동,131.67,380,60,2018,,,,,2024-08-31
삼성,,충청남도 아산시 둔포면 산전리 59-2,,,,정상가동,131.67,380,60,2018,,,,,2024-08-31
이화,충청남도 아산시 둔포면 이화길157번길 43-7,충청남도 아산시 둔포면 염작리 186-15,36.9193010137117,127.077652531361,,정상가동,19.2,380,60,2018,,,,,2024-08-31
성민,충청남도 아산시 영인면 고룡산로432번길 67,충청남도 아산시 영인면 성내리 444,36.8800487702585,126.988274539996,,정상가동,59.84,380,60,2019,,,,,2024-08-31
갈산,충청남도 아산시 탕정면 구령길 134-56,충청남도 아산시 탕정면 갈산리 726-6,36.7873441749842,127.059527477616,,정상가동,55.44,380,60,2018,,,,,2024-08-31
음봉1호,충청남도 아산시 음봉면 연암율금로 31-17,충청남도 아산시 음봉면 원남리 66-1,36.8667208944673,127.028485941702,,정상가동,199.68,380,60,2019,,,,,2024-08-31
보람,충청남도 아산시 염치읍 현대로 244-22,충청남도 아산시 염치읍 서원리 265-1,36.8237845155849,126.946163419651,,정상가동,198.56,380,60,2019,,,,,2024-08-31
염작리플러스,"충청남도 아산시 둔포면 이화길 205, 205-2",충청남도 아산시 둔포면 염작리 289-17,,,,정상가동,440.2,380,60,2019,,,,,2024-08-31
솔향,충청남도 아산시 도고면 도고온천로 78-13,충청남도 아산시 도고면 향산리 387,36.7617044017989,126.895666849881,,정상가동,82.8,380,60,2019,,,,,2024-08-31
조이,충청남도 아산시 청운로 182-14,충청남도 아산시 권곡동 528-1,36.7896773940064,127.01105457765,,정상가동,18.72,380,60,2018,,,,,2024-08-31
두원공조,충청남도 아산시 음봉면 연암율금로 43,충청남도 아산시 음봉면 원남리 175,36.8669445558337,127.031660758458,,정상가동,87.76,380,60,2019,,,,,2024-08-31
순조,충청남도 아산시 신창면 신달길52번길 34-3,충청남도 아산시 신창면 신달리 212,36.8028122952981,126.940588632825,,정상가동,25.2,380,60,2019,,,,,2024-08-31
영일1호,충청남도 아산시 음봉면 산동로 345,충청남도 아산시 음봉면 산동리 158,36.8542285581454,127.10791721969,,정상가동,99.36,380,60,2019,,,,,2024-08-31
봉농,충청남도 아산시 도고면 아산만로35번길 76,충청남도 아산시 도고면 봉농리 586-2,36.7508576893752,126.856743025031,,정상가동,199.68,380,60,2019,,,,,2024-08-31
오티산업,충청남도 아산시 염치읍 송곡길 116,충청남도 아산시 염치읍 송곡리 190-1,36.8071267277065,127.016495586117,,정상가동,168.63,380,60,2018,,,,,2024-08-31
해암,충청남도 아산시 인주면 현대로 732,충청남도 아산시 인주면 해암리 172-4,36.8283470466541,126.896298874965,,정상가동,9.38,380,60,2019,,,,,2024-08-31
씨엠,충청남도 아산시 둔포면 운교길 275-12,충청남도 아산시 둔포면 운교리 7-4,36.9138463832982,127.053961530819,,정상가동,168.245,380,60,2019,,,,,2024-08-31
우주,,충청남도 아산시 둔포면 염작리 149-10,36.9162183163511,127.076483309429,,정상가동,99.0,380,60,2021,,,,,2024-08-31
산양1호,,충청남도 아산시 염치읍 산양리 산91-1,36.8338339996526,126.912823833364,,정상가동,499.8,380,60,2021,,,,,2024-08-31
맑은빛,,충청남도 아산시 염치읍 산양리 산91-1,36.8338339996526,126.912823833364,,정상가동,499.8,380,60,2021,,,,,2024-08-31
해와달,,충청남도 아산시 염치읍 산양리 산91-1,36.8338339996526,126.912823833364,,정상가동,299.8,380,60,2021,,,,,2024-08-31
세권,충청남도 아산시 인주면 아산만로1578번길 46-35,충청남도 아산시 인주면 문방리 산6,36.8635826644477,126.87829881573,,정상가동,99.96,380,60,2021,,,,,2024-08-31
다올1,충청남도 아산시 둔포면 충무로1313번길 11,충청남도 아산시 둔포면 관대리 396,36.889534349802,127.033287535212,,정상가동,49.275,380,60,2018,,,,,2024-08-31
와산리1호,,충청남도 아산시 도고면 와산리 369-4,36.764314077407,126.907825174784,,정상가동,198.56,380,60,2019,,,,,2024-08-31
와산리2호,,충청남도 아산시 도고면 와산리 369-4,36.764314077407,126.907825174784,,정상가동,99.28,380,60,2019,,,,,2024-08-31
와산리3호,,충청남도 아산시 도고면 와산리 369-4,36.764314077407,126.907825174784,,정상가동,99.28,380,60,2019,,,,,2024-08-31
와산리4호,,충청남도 아산시 도고면 와산리 380-1,36.7637449632904,126.907634001216,,정상가동,99.28,380,60,2019,,,,,2024-08-31
용화,충청남도 아산시 시민로 129-3,충청남도 아산시 용화동 483-5,36.7624020218978,126.992095230359,,정상가동,122.64,380,60,2019,,,,,2024-08-31
예원,,충청남도 아산시 신창면 신달리 313-1,36.8062855442961,126.937947581641,,정상가동,394.2,380,60,2019,,,,,2024-08-31
효창아산,충청남도 아산시 음봉면 탕정로 499,충청남도 아산시 음봉면 동암리 346-1,36.8363576226492,127.058711421148,,정상가동,499.32,380,60,2019,,,,,2024-08-31
YS,충청남도 아산시 배방읍 배방로14번길 89-3,충청남도 아산시 배방읍 공수리 1450,36.7731083728766,127.045371373531,,정상가동,14.6,380,60,2018,,,,,2024-08-31
아산크린,충청남도 아산시 배미로 153,충청남도 아산시 배미동 3-3,36.7995054442403,126.976348995706,,정상가동,43.2,380,60,2019,,,,,2024-08-31
수장리,충청남도 아산시 신창면 수장로 199,충청남도 아산시 신창면 수장리 1053,36.808764280403,126.962931208657,,정상가동,43.2,380,60,2019,,,,,2024-08-31
아산시주민,,충청남도 아산시 영인면 구성리 282-1,36.8991714661567,126.945796809082,,정상가동,93.075,380,60,2018,,,,,2024-08-31
명성3호,충청남도 아산시 둔포면 운교길129번길 38,충청남도 아산시 둔포면 운교리 136-1,36.9179249505959,127.045256696457,,정상가동,47.25,380,60,2019,,,,,2024-08-31
BP인더스트리,충청남도 아산시 음봉면 월산로 158-18,충청남도 아산시 음봉면 산동리 893-2,36.8470977570912,127.088863165981,,정상가동,92.4,380,60,2019,,,,,2024-08-31
영○,충청남도 아산시 신창면 온천대로842번길 12-1,충청남도 아산시 신창면 읍내리 483,36.7770125041612,126.935419178717,,정상가동,29.88,380,60,2019,,,,,2024-08-31
선○1,충청남도 아산시 온천대로1794번길 118-10,"충청남도 아산시 남동 47, 47-1",36.7644932034558,127.035689244903,,정상가동,62.8,380,60,2020,,,,,2024-08-31
이화1호,충청남도 아산시 온화로29번길 11,충청남도 아산시 온천동 680,36.7784663193564,127.000824584154,,정상가동,15.0,380,60,2019,,,,,2024-08-31
이화2호,충청남도 아산시 남산로 104-5,충청남도 아산시 온천동 813,36.778678531548,127.004719331827,,정상가동,16.0,380,60,2019,,,,,2024-08-31
연식,충청남도 아산시 인주면 서해로532번길 28-8,충청남도 아산시 인주면 신성리 202-5,36.8754576068162,126.897971491113,,정상가동,51.1,380,60,2019,,,,,2024-08-31
송악마곡1리노인회,충청남도 아산시 송악면 마곡길 108,충청남도 아산시 송악면 마곡리 487-1,36.6971081620824,127.004016069434,,정상가동,10.13,380,60,2019,,,,,2024-08-31
솔라파크,,충청남도 아산시 둔포면 염작리 149-10,36.9162183163511,127.076483309429,,정상가동,99.0,380,60,2021,,,,,2024-08-31
대성1호,충청남도 아산시 둔포면 산전길69번길 8-52,충청남도 아산시 둔포면 산전리 500,36.8996139167626,127.050069363317,,정상가동,99.84,380,60,2019,,,,,2024-08-31
대성2호,충청남도 아산시 둔포면 산전길69번길 8-52,충청남도 아산시 둔포면 산전리 500,36.8996139167626,127.050069363317,,정상가동,99.84,380,60,2019,,,,,2024-08-31
구구농장,충청남도 아산시 둔포면 봉신로 98-34,충청남도 아산시 둔포면 봉재리 116-2,36.8763145931419,127.036903665697,,정상가동,496.8,380,60,2019,,,,,2024-08-31
A-3아산폐철도,,충청남도 아산시 방축동 276-3,36.7843902656433,126.982129311481,,정상가동,298.08,380,60,2019,,,,,2024-08-31
동성,충청남도 아산시 신정로 333-38,충청남도 아산시 기산동 213-1,36.7550462643642,126.965328610348,,정상가동,143.13,380,60,2019,,,,,2024-08-31
중앙,충청남도 아산시 온천대로1182번길 12,충청남도 아산시 득산동 283,36.7865424409017,126.970926801867,,정상가동,185.625,380,60,2019,,,,,2024-08-31
㈜우진이티에스,충청남도 아산시 인주면 서해로 515-10,충청남도 아산시 인주면 신성리 431,36.8782506211392,126.896884026244,,정상가동,209.44,380,60,2019,,,,,2024-08-31
에버썬,충청남도 아산시 음봉면 월암로 336-9,충청남도 아산시 음봉면 쌍암리 355-10,36.8670042555687,127.077896995905,,정상가동,246.4,380,60,2019,,,,,2024-08-31
석진,충청남도 아산시 서부북로 953,충청남도 아산시 배미동 153-8,36.7891702206536,126.965046483015,,정상가동,28.875,380,60,2019,,,,,2024-08-31
기산1통경로당울바위,충청남도 아산시 순천향로402번길 9-10,충청남도 아산시 기산동 141-36,36.7566556946549,126.968690354093,,정상가동,18.72,380,60,2019,,,,,2024-08-31
울바위,충청남도 아산시 순천향로402번길 3,충청남도 아산시 기산동 141-7,36.7573214234794,126.969312635457,,정상가동,18.72,380,60,2019,,,,,2024-08-31
그린원2호,,충청남도 아산시 음봉면 의식리 322,36.8937941951011,127.081061686644,,정상가동,98.56,380,60,2019,,,,,2024-08-31
그린원1호,,충청남도 아산시 음봉면 의식리 322,36.8937941951011,127.081061686644,,정상가동,98.56,380,60,2019,,,,,2024-08-31
그린,,충청남도 아산시 선장면 신동리 25-29,36.794783761893,126.896324413513,,정상가동,99.0,380,60,2021,,,,,2024-08-31
성우,충청남도 아산시 음봉면 월산로201번길 60,충청남도 아산시 음봉면 산동리 73-3,36.8533500099909,127.090854090921,,정상가동,98.28,380,60,2019,,,,,2024-08-31
상성,,충청남도 아산시 영인면 상성리 259-6,36.8657265341977,126.942414286313,,정상가동,99.84,380,60,2020,,,,,2024-08-31
삼성2,,충청남도 아산시 둔포면 산전리 42-1,36.8999611953952,127.04676300325,,정상가동,98.28,380,60,2019,,,,,2024-08-31
JM,,충청남도 아산시 둔포면 산전리 42-1,36.8999611953952,127.04676300325,,정상가동,98.28,380,60,2020,,,,,2024-08-31
청원,충청남도 아산시 순천향로 942,충청남도 아산시 좌부동 239-8,36.7605257864675,127.025403729223,,정상가동,29.25,380,60,2019,,,,,2024-08-31
태광,충청남도 아산시 온양역길 72,충청남도 아산시 온천동 199-59,36.7803959644359,127.001328822501,,정상가동,19.24,380,60,2019,,,,,2024-08-31
야곱1호기,충청남도 아산시 영인면 성내안길 138-38,충청남도 아산시 영인면 성내리 245,36.8716425457527,126.995959671643,,정상가동,99.45,380,60,2019,,,,,2024-08-31
야곱2호기,충청남도 아산시 영인면 성내안길 138-38,충청남도 아산시 영인면 성내리 245,36.8716425457527,126.995959671643,,정상가동,99.45,380,60,2019,,,,,2024-08-31
야곱3호기,,충청남도 아산시 영인면 성내리 243,36.8720289683046,126.996970411411,,정상가동,99.45,380,60,2019,,,,,2024-08-31
야곱4호기,충청남도 아산시 영인면 와신길125번길 6-12,충청남도 아산시 영인면 신화리 415,36.8903042279004,126.962128185797,,정상가동,94.38,380,60,2020,,,,,2024-08-31
덕진,충청남도 아산시 음봉면 연암율금로295번길 102,충청남도 아산시 음봉면 소동리 121,36.8750038850777,127.049890212605,,정상가동,99.28,380,60,2019,,,,,2024-08-31
희망,충청남도 아산시 선장면 선장로 49,충청남도 아산시 선장면 군덕리 636,36.7834214930158,126.86204487133,,정상가동,85.41,380,60,2020,,,,,2024-08-31
대우아산,충청남도 아산시 둔포면 장영실로 929-35,충청남도 아산시 둔포면 신남리 492-13,36.9111324533431,127.004880426924,,정상가동,80.3,380,60,2019,,,,,2024-08-31
효성에너지발전소㈜,충청남도 아산시 음봉면 연암산로 52-70,충청남도 아산시 동암리 산17-1,36.8512967870071,127.061912066602,,정상가동,391.28,380,60,2019,,,,,2024-08-31
찬찬,충청남도 아산시 둔포면 윤보선로450번길 95-47,충청남도 아산시 둔포면 송용리 162-4,36.9147320083947,127.028405369726,,정상가동,149.76,380,60,2019,,,,,2024-08-31
LK1호,,충청남도 아산시 음봉면 쌍룡리 107-3,36.8857801066067,127.07312138697,,정상가동,270.18,380,60,2019,,,,,2024-08-31
대호스틸1호,충청남도 아산시 신창면 가내길 37,충청남도 아산시 신창면 가내리 270,36.8074785973549,126.889192317537,,정상가동,420.48,380,60,2019,,,,,2024-08-31
승교2,충청남도 아산시 신창면 수라리길 146-15,충청남도 아산시 신창면 신달리 735,36.8105616157603,126.942112477649,,정상가동,97.02,380,60,2019,,,,,2024-08-31
승교3,충청남도 아산시 신창면 수라리길 146-15,충청남도 아산시 신창면 신달리 735,36.8105616157603,126.942112477649,,정상가동,97.02,380,60,2019,,,,,2024-08-31
혁신5,충청남도 아산시 신창면 수라리길 146-15,충청남도 아산시 신창면 신달리 735,36.8105616157603,126.942112477649,,정상가동,97.02,380,60,2019,,,,,2024-08-31
혁신6,충청남도 아산시 신창면 수라리길 146-15,충청남도 아산시 신창면 신달리 735,36.8105616157603,126.942112477649,,정상가동,97.02,380,60,2019,,,,,2024-08-31
원농장2,충청남도 아산시 신창면 신달길 138-32,충청남도 아산시 신창면 남성리 690,36.8036348281392,126.949559081025,,정상가동,475.2,380,60,2019,,,,,2024-08-31
영화1호,충청남도 아산시 신창면 신달길 111-21,충청남도 아산시 신창면 신달리 573,36.8096686491377,126.946616525962,,정상가동,87.75,380,60,2019,,,,,2024-08-31
영화2호,,충청남도 아산시 신창면 신달리 572-1,36.8094234479562,126.946396599082,,정상가동,87.75,380,60,2019,,,,,2024-08-31
대륭2호,충청남도 아산시 신창면 신달길 111-20,충청남도 아산시 신창면 신달리 572-2,36.8090540918984,126.946417588625,,정상가동,87.75,380,60,2019,,,,,2024-08-31
대륭3호,충청남도 아산시 신창면 신달길 111-18,충청남도 아산시 신창면 신달리 572,36.8094293998847,126.946406792916,,정상가동,87.75,380,60,2019,,,,,2024-08-31
송이,,충청남도 아산시 둔포면 관대리 251,36.9115527414462,127.030666669083,,정상가동,137.28,380,60,2019,,,,,2024-08-31
㈜티피,충청남도 아산시 염치읍 아산로 645-20,충청남도 아산시 염치읍 서원리 83-1,36.8308691110261,126.965244990553,,정상가동,259.74,380,60,2019,,,,,2024-08-31
유한회사에스티에너지,충청남도 아산시 음봉면 연암율금로295번길 64,충청남도 아산시 음봉면 소동리 52,36.8733281243515,127.052770375935,,정상가동,196.875,380,60,2019,,,,,2024-08-31
승리솔라,충청남도 아산시 영인면 신봉길232번길 114,충청남도 아산시 영인면 신봉리 130-11,36.891675246397,127.000547354874,,정상가동,98.28,380,60,2019,,,,,2024-08-31
수○1,충청남도 아산시 영인면 신운북길 47-6,충청남도 아산시 영인면 신운리 279-7,36.8740616875424,126.948824260336,,정상가동,37.77,380,60,2019,,,,,2024-08-31
다운,충청남도 아산시 음봉면 음봉면로 302-75,충청남도 아산시 음봉면 원남리 168-6,36.8700562528109,127.032948900332,,정상가동,99.96,380,60,2021,,,,,2024-08-31
창○,,충청남도 아산시 도고면 덕암리 267-7,36.738030369818,126.930319516719,,정상가동,99.84,380,60,2020,,,,,2024-08-31
장솔라,,충청남도 아산시 도고면 덕암리 267-5,36.7377672538421,126.930648025596,,정상가동,99.84,380,60,2020,,,,,2024-08-31
햇살조은,,충청남도 아산시 도고면 덕암리 267-6,36.7379346606232,126.930456420452,,정상가동,99.84,380,60,2020,,,,,2024-08-31
김솔라,,충청남도 아산시 도고면 덕암리 267-4,36.7375175504068,126.930489265431,,정상가동,99.84,380,60,2020,,,,,2024-08-31
정○,,충청남도 아산시 도고면 덕암리 267-8,36.7380847148234,126.929719015704,,정상가동,99.84,380,60,2020,,,,,2024-08-31
석전아산,,충청남도 아산시 도고면 덕암리 267-11,36.7382148527066,126.929898708248,,정상가동,99.84,380,60,2020,,,,,2024-08-31
정서,,충청남도 아산시 도고면 덕암리 267-1,36.7379610892121,126.930809747936,,정상가동,99.84,380,60,2020,,,,,2024-08-31
주식회사푸른발전,,충청남도 아산시 도고면 덕암리 267,36.7382427864445,126.930820915259,,정상가동,499.2,380,60,2020,,,,,2024-08-31
관성산업,충청남도 아산시 둔포면 아산호로 949-92,충청남도 아산시 둔포면 신법리 799-1,36.9291462002655,127.005650311966,,정상가동,17.64,380,60,2019,,,,,2024-08-31
휴심사,충청남도 아산시 도고면 온천대로595번길 117,충청남도 아산시 도고면 와산리 63-1,36.7695445020238,126.917103788766,,정상가동,17.76,380,60,2019,,,,,2024-08-31
엘비엠,충청남도 아산시 무궁화로 52-33,충청남도 아산시 초사동 475-6,36.7476639645901,126.977011351751,,정상가동,99.6,380,60,2019,,,,,2024-08-31
광래1호,충청남도 아산시 신창면 서부북로 296,충청남도 아산시 신창면 신곡리 40-5,36.8116278456717,126.901906607943,,정상가동,92.0,380,60,2019,,,,,2024-08-31
광래2호,충청남도 아산시 신창면 서부북로 298,충청남도 아산시 신창면 신곡리 40-7,36.8120818535636,126.901940994417,,정상가동,15.6,380,60,2019,,,,,2024-08-31
지구촌햇빛,충청남도 아산시 염치읍 은행나무길 216번길 17-8,충청남도 아산시 염치읍 송곡리 244-19,,,,정상가동,44.4,380,60,2019,,,,,2024-08-31
㈜금강파워텍,충청남도 아산시 둔포면 아산밸리로388번길 22,충청남도 아산시 둔포면 석곡리 1959,36.9066518437764,127.060526677965,,정상가동,199.8,380,60,2019,,,,,2024-08-31
준,충청남도 아산시 도고면 아산만로 84,충청남도 아산시 도고면 신언리 511-19,36.7514753308852,126.866198811703,,정상가동,99.9,380,60,2019,,,,,2024-08-31
경남1,충청남도 아산시 영인면 신현로23번길 64-11,충청남도 아산시 영인면 신현리 210,36.8621303663818,126.92991240649,,정상가동,19.71,380,60,2021,,,,,2024-08-31
남용1호,충청남도 아산시 염치읍 현대로 181-57,충청남도 아산시 염치읍 중방리 16-19,36.8153298300185,126.951556530879,,정상가동,99.72,380,60,2019,,,,,2024-08-31
남용2호,충청남도 아산시 염치읍 현대로 181-57,충청남도 아산시 염치읍 중방리 16-19,36.8153298300185,126.951556530879,,정상가동,99.72,380,60,2019,,,,,2024-08-31
남용3호,충청남도 아산시 염치읍 현대로 181-59,충청남도 아산시 염치읍 중방리 16-20,36.8150348021566,126.951325284141,,정상가동,99.72,380,60,2019,,,,,2024-08-31
남용4호,충청남도 아산시 염치읍 현대로 181-57,충청남도 아산시 염치읍 중방리 16-19,36.8153298300185,126.951556530879,,정상가동,99.72,380,60,2019,,,,,2024-08-31
청솔,충청남도 아산시 신창면 서부북로290번길 102,충청남도 아산시 신창면 가내리 954,36.8062302681737,126.897197628114,,정상가동,99.9,380,60,2019,,,,,2024-08-31
세준1호,충청남도 아산시 신창면 서부북로290번길 102,충청남도 아산시 신창면 가내리 954,36.8062302681737,126.897197628114,,정상가동,99.9,380,60,2019,,,,,2024-08-31
세준2호,충청남도 아산시 신창면 부엉산길143번길 49-83,충청남도 아산시 신창면 가내리 1034,36.8020210069524,126.892522272505,,정상가동,99.9,380,60,2019,,,,,2024-08-31
병진,충청남도 아산시 신창면 부엉산길143번길 49-83,충청남도 아산시 신창면 가내리 1034,36.8020210069524,126.892522272505,,정상가동,99.9,380,60,2019,,,,,2024-08-31
규람2,충청남도 아산시 둔포면 아산호로 949-113,충청남도 아산시 둔포면 신법리 1079,36.9304733755578,127.004597573365,,정상가동,98.55,380,60,2019,,,,,2024-08-31
인산,충청남도 아산시 둔포면 아산호로 949-111,충청남도 아산시 둔포면 신법리 1079-1,36.9303726334279,127.004595883677,,정상가동,98.55,380,60,2019,,,,,2024-08-31
김화,충청남도 아산시 둔포면 아산호로 949-109,충청남도 아산시 둔포면 신법리 1079-2,36.9302741635262,127.004058910071,,정상가동,98.55,380,60,2019,,,,,2024-08-31
성모2호,충청남도 아산시 둔포면 아산호로 949-107,충청남도 아산시 둔포면 신법리 1080,36.9301745731947,127.004595647302,,정상가동,98.55,380,60,2019,,,,,2024-08-31
온빛,충청남도 아산시 둔포면 아산호로 949-105,충청남도 아산시 둔포면 신법리 1080-1,36.9300678993946,127.004172600391,,정상가동,98.55,380,60,2019,,,,,2024-08-31
몰디브,충청남도 아산시 둔포면 아산호로 949-103,충청남도 아산시 둔포면 신법리 1080-2,36.9299645265228,127.004644123218,,정상가동,51.1,380,60,2019,,,,,2024-08-31
서화,충청남도 아산시 둔포면 아산호로 949-101,충청남도 아산시 둔포면 신법리 1080-3,36.92986189459,127.004578006568,,정상가동,93.075,380,60,2019,,,,,2024-08-31
동원산업,충청남도 아산시 영인면 아산호로 634,충청남도 아산시 영인면 창용리 195-3,36.9110593944454,126.97346290054,,정상가동,145.8,380,60,2019,,,,,2024-08-31
동원,,충청남도 아산시 음봉면 동암리 225-8,36.8462834346566,127.050174045172,,정상가동,97.2,380,60,2019,,,,,2024-08-31
이랑,충청남도 아산시 인주면 현대로 1157,충청남도 아산시 인주면 관암리 산42-14,36.8569824290682,126.879877826533,,정상가동,492.75,380,60,2020,,,,,2024-08-31
승진1,충청남도 아산시 음봉면 음봉로586번길 41-10,충청남도 아산시 음봉면 덕지리 285-1,36.8334139509286,127.072475812161,,정상가동,99.96,380,60,2020,,,,,2024-08-31
아름,충청남도 아산시 선장면 신덕길 39-95,충청남도 아산시 선장면 신덕리 612,36.7674684821857,126.831649880902,,정상가동,76.65,380,60,2019,,,,,2024-08-31
수정,충청남도 아산시 선장면 신덕길 39-95,충청남도 아산시 선장면 신덕리 612,36.7674684821857,126.831649880902,,정상가동,82.125,380,60,2019,,,,,2024-08-31
은혜,충청남도 아산시 선장면 신덕길 39-95,충청남도 아산시 선장면 신덕리 612,36.7674684821857,126.831649880902,,정상가동,82.125,380,60,2019,,,,,2024-08-31
24시간,충청남도 아산시 선장면 신덕길 39-95,충청남도 아산시 선장면 신덕리 612,36.7674684821857,126.831649880902,,정상가동,87.6,380,60,2019,,,,,2024-08-31
춘,충청남도 아산시 선장면 신덕길 39-95,충청남도 아산시 선장면 신덕리 612,36.7674684821857,126.831649880902,,정상가동,87.6,380,60,2019,,,,,2024-08-31
신정3호,충청남도 아산시 선장면 신덕길 39-95,충청남도 아산시 선장면 신덕리 612,36.7674684821857,126.831649880902,,정상가동,87.6,380,60,2019,,,,,2024-08-31
광은테크,충청남도 아산시 둔포면 봉신로229번길 3,충청남도 아산시 둔포면 신양리 600-2,36.8830468124631,127.051433451837,,정상가동,291.6,380,60,2019,,,,,2024-08-31
아산구정○,,충청남도 아산시 도고면 덕암리 274-1,36.7376640643075,126.929403108417,,정상가동,99.84,380,60,2020,,,,,2024-08-31
아산이경○,,충청남도 아산시 도고면 덕암리 274-1,36.7376640643075,126.929403108417,,정상가동,99.84,380,60,2020,,,,,2024-08-31
불광,,충청남도 아산시 도고면 덕암리 274-1,36.7376640643075,126.929403108417,,정상가동,99.84,380,60,2020,,,,,2024-08-31
태양,충청남도 아산시 도고면 도고면로 171-1,충청남도 아산시 도고면 기곡리 157-1,36.7621086709883,126.883463577117,,정상가동,19.71,380,60,2019,,,,,2024-08-31
민기,,충청남도 아산시 염치읍 송곡리 104-3,36.8050481645133,127.011661683194,,정상가동,19.8,380,60,2019,,,,,2024-08-31
광명,충청남도 아산시 영인면 와신길 143,충청남도 아산시 영인면 신화리 405-1,36.8889965257454,126.962043236929,,정상가동,99.84,380,60,2020,,,,,2024-08-31
다빈,충청남도 아산시 영인면 토정로 267-54,충청남도 아산시 영인면 산화리 584,36.8819291156644,126.959865782585,,정상가동,99.28,380,60,2020,,,,,2024-08-31
한국미야마,충청남도 아산시 선장면 아산만로 592-20,충청남도 아산시 선장면 선창리 310-25,36.7939818106805,126.867743724896,,정상가동,197.21,380,60,2020,,,,,2024-08-31
동도산업주식회사,충청남도 아산시 선장면 아산만로 435,충청남도 아산시 선장면 군덕리 140,36.7801136792801,126.865426388176,,정상가동,249.75,380,60,2020,,,,,2024-08-31
효창아산2호,충청남도 아산시 음봉면 탕정로 499,충청남도 아산시 음봉면 동암리 346-1,36.8363576226492,127.058711421148,,정상가동,81.77,380,60,2019,,,,,2024-08-31
예은○,충청남도 아산시 청운로 157,충청남도 아산시 권곡동 537-6,36.7880051064352,127.008897224118,,정상가동,49.77,380,60,2019,,,,,2024-08-31
조항○,충청남도 아산시 도고면 도고산로 751,충청남도 아산시 도고면 금산리 5-9,36.7513548217107,126.883845349345,,정상가동,19.44,380,60,2019,,,,,2024-08-31
태림1,충청남도 아산시 신창면 신달길 63-64,충청남도 아산시 신창면 신달리 714-1,36.8080290556764,126.939602028012,,정상가동,97.02,380,60,2019,,,,,2024-08-31
태림2,충청남도 아산시 신창면 신달길 63-64,충청남도 아산시 신창면 신달리 714-1,36.8080290556764,126.939602028012,,정상가동,97.02,380,60,2019,,,,,2024-08-31
광성1,충청남도 아산시 신창면 신달길 63-68,충청남도 아산시 신창면 신달리 714-2,36.8078383462318,126.939534603556,,정상가동,97.02,380,60,2019,,,,,2024-08-31
광성2,충청남도 아산시 신창면 신달길 63-68,충청남도 아산시 신창면 신달리 714-2,36.8078383462318,126.939534603556,,정상가동,97.02,380,60,2019,,,,,2024-08-31
혁신1,충청남도 아산시 신창면 신달길 63-60,충청남도 아산시 신창면 신달리 714,36.808304933257,126.939695384854,,정상가동,97.02,380,60,2019,,,,,2024-08-31
혁신2,충청남도 아산시 신창면 신달길 63-60,충청남도 아산시 신창면 신달리 714,36.808304933257,126.939695384854,,정상가동,97.02,380,60,2019,,,,,2024-08-31
혁신3,충청남도 아산시 신창면 신달길 63-60,충청남도 아산시 신창면 신달리 714,36.808304933257,126.939695384854,,정상가동,97.02,380,60,2019,,,,,2024-08-31
창암농장,충청남도 아산시 신창면 순천향로 246-35,충청남도 아산시 신창면 창암리 181-3,36.7629219393902,126.950509179461,,정상가동,199.2,380,60,2020,,,,,2024-08-31
다이렉트,충청남도 아산시 음봉면 음봉로 652-2,충청남도 아산시 음봉면 덕지리 46-16,36.834186549858,127.080875995367,,정상가동,25.84,380,60,2019,,,,,2024-08-31
효원,충청남도 아산시 음봉면 음봉로 652,충청남도 아산시 음봉면 덕지리 46-10,36.8347369452768,127.08087735952,,정상가동,66.5,380,60,2019,,,,,2024-08-31
인덕,충청남도 아산시 염치읍 송곡길 68번길 38,충청남도 아산시 염치읍 송곡리 19-9,36.8095228746035,127.023000180623,,정상가동,99.45,380,60,2019,,,,,2024-08-31
인솔라,,충청남도 아산시 도고면 덕암리 274-1,36.7376640643075,126.929403108417,,정상가동,99.45,380,60,2020,,,,,2024-08-31
아산한송,,충청남도 아산시 도고면 덕암리 274-1,36.7376640643075,126.929403108417,,정상가동,99.45,380,60,2020,,,,,2024-08-31
거해1호,충청남도 아산시 신창면 현대로 507-95,충청남도 아산시 신창면 가덕리 1014,36.8196347476821,126.919416157568,,정상가동,97.2,380,60,2019,,,,,2024-08-31
거해2호,충청남도 아산시 신창면 현대로 507-95,충청남도 아산시 신창면 가덕리 1014,36.8196347476821,126.919416157568,,정상가동,97.2,380,60,2019,,,,,2024-08-31
크린,충청남도 아산시 음봉면 연암율금로 622-25,충청남도 아산시 음봉면 의식리 170-3,36.8842145794026,127.087215795359,,정상가동,99.9,380,60,2019,,,,,2024-08-31
성혜,,충청남도 아산시 신창면 가덕리 364-2,,,,정상가동,60.83,380,60,2020,,,,,2024-08-31
향산,충청남도 아산시 도고면 온천대로379번길 53,충청남도 아산시 도고면 향산리 401-3,36.7571488405106,126.892976309835,,정상가동,18.96,380,60,2019,,,,,2024-08-31
조항○2호,충청남도 아산시 도고면 도고산로 751,충청남도 아산시 도고면 금산리5-9,36.7513548217107,126.883845349345,,정상가동,19.44,380,60,2020,,,,,2024-08-31
배미,충청남도 아산시 배미로 32,충청남도 아산시 배미동 194,36.7897542266402,126.974614633917,,정상가동,99.75,380,60,2019,,,,,2024-08-31
무지개1,,충청남도 아산시 도고면 봉농리 542-2,36.7531239906195,126.856881366817,,정상가동,102.7,380,60,2019,,,,,2024-08-31
아산이레,,충청남도 아산시 도고면 봉농리 542-1,36.7533219948346,126.856008531669,,정상가동,99.54,380,60,2019,,,,,2024-08-31
에스티3호,충청남도 아산시 도고면 아산만로35번길 68-59,충청남도 아산시 도고면 봉농리 542,36.7527745083505,126.85648380367,,정상가동,205.4,380,60,2019,,,,,2024-08-31
아이에프1,,충청남도 아산시 도고면 봉농리 542-3,36.7531810531495,126.856899402202,,정상가동,102.7,380,60,2019,,,,,2024-08-31
아이에프2,,충청남도 아산시 도고면 봉농리 542-3,36.7531810531495,126.856899402202,,정상가동,102.7,380,60,2019,,,,,2024-08-31
해바라기1,충청남도 아산시 선장면 부엉산길143번길 5-53,충청남도 아산시 선장면 대흥리 597,36.801575838555,126.880060892625,,정상가동,96.0,380,60,2019,,,,,2024-08-31
해바라기2,충청남도 아산시 선장면 부엉산길143번길 5-53,충청남도 아산시 선장면 대흥리 597,36.801575838555,126.880060892625,,정상가동,96.0,380,60,2019,,,,,2024-08-31
레이텍1,,충청남도 아산시 선장면 대흥리 597-3,36.8021139151821,126.88080051321,,정상가동,96.8,380,60,2019,,,,,2024-08-31
레이텍2,,충청남도 아산시 선장면 대흥리 597-3,36.8021139151821,126.88080051321,,정상가동,96.8,380,60,2019,,,,,2024-08-31
민원1,,충청남도 아산시 선장면 대흥리 597-2,36.8021476129674,126.879811799001,,정상가동,101.12,380,60,2019,,,,,2024-08-31
햇살에너지,,충청남도 아산시 선장면 대흥리 597-2,36.8021476129674,126.879811799001,,정상가동,96.0,380,60,2019,,,,,2024-08-31
써니1,충청남도 아산시 선장면 부엉산길143번길 5-57,충청남도 아산시 선장면 대흥리 597-1,36.8022409904958,126.880549536692,,정상가동,96.0,380,60,2019,,,,,2024-08-31
써니2,충청남도 아산시 선장면 부엉산길143번길 5-57,충청남도 아산시 선장면 대흥리 597-1,36.8022409904958,126.880549536692,,정상가동,96.0,380,60,2019,,,,,2024-08-31
태양전기ENG,충청남도 아산시 무궁화로 46-1,충청남도 아산시 초사동 170-5,36.7483271355717,126.979687176511,,정상가동,46.44,380,60,2020,,,,,2024-08-31
동천5호,충청남도 아산시 음봉면 충무로604번길 106-16,충청남도 아산시 음봉면 동천리 10-1,36.8335424728185,127.023085167656,,정상가동,94.35,380,60,2020,,,,,2024-08-31
동천6호,충청남도 아산시 음봉면 충무로604번길 106-16,충청남도 아산시 음봉면 동천리 10-1,36.8335424728185,127.023085167656,,정상가동,99.9,380,60,2020,,,,,2024-08-31
동천7호,충청남도 아산시 음봉면 충무로604번길 106-16,충청남도 아산시 음봉면 동천리 10-1,36.8335424728185,127.023085167656,,정상가동,26.64,380,60,2020,,,,,2024-08-31
동영,충청남도 아산시 신창면 오목길 87-27,충청남도 아산시 신창면 궁화리 607,36.7985262187998,126.918622440989,,정상가동,87.36,380,60,2019,,,,,2024-08-31
재석,충청남도 아산시 신창면 오목길 87-27,충청남도 아산시 신창면 궁화리 607,36.7985262187998,126.918622440989,,정상가동,87.36,380,60,2019,,,,,2024-08-31
충청4호,충청남도 아산시 신창면 오목길 87-27,충청남도 아산시 신창면 궁화리 607,36.7985262187998,126.918622440989,,정상가동,87.36,380,60,2019,,,,,2024-08-31
한정,충청남도 아산시 신창면 오목길 87-27,충청남도 아산시 신창면 궁화리 607,36.7985262187998,126.918622440989,,정상가동,87.36,380,60,2019,,,,,2024-08-31
산동1,충청남도 아산시 음봉면 월산로 269-13,충청남도 아산시 음봉면 산동리 812-7,36.850542187267,127.097868267173,,정상가동,29.97,380,60,2020,,,,,2024-08-31
송곡1호,충청남도 아산시 염치읍 송곡남길 33,충청남도 아산시 염치읍 송곡리 79-4,36.8040663935587,127.015664692383,,정상가동,98.28,380,60,2019,,,,,2024-08-31
송곡2호,충청남도 아산시 염치읍 송곡남길 33,충청남도 아산시 염치읍 송곡리 79-4,36.8040663935587,127.015664692383,,정상가동,49.14,380,60,2019,,,,,2024-08-31
해노을,충청남도 아산시 신창면 서부북로 504-7,충청남도 아산시 신창면 오목리 1008,36.8078789262295,126.924316575236,,정상가동,98.55,380,60,2019,,,,,2024-08-31
미래,충청남도 아산시 둔포면 아산밸리중앙로 171-20,충청남도 아산시 둔포면 석곡리 1367,36.9253512927173,127.067362100196,,정상가동,226.44,380,60,2020,,,,,2024-08-31
효림이엔아이㈜,충청남도 아산시 영인면 아산호로 302,충청남도 아산시 영인면 백석포리 8,36.8891664032535,126.95371171789,,정상가동,390.4,380,60,2020,,,,,2024-08-31
해오름1,충청남도 아산시 염치읍 곡교리길 3-16,충청남도 아산시 염치읍 곡교리 181-8,36.808388693158,126.982582302704,,정상가동,44.24,380,60,2020,,,,,2024-08-31
해오름2,,충청남도 아산시 염치읍 곡교리 181-11,36.8081596257991,126.983174836482,,정상가동,35.55,380,60,2020,,,,,2024-08-31
칠목1호,충청남도 아산시 신창면 행목로 100-17,충청남도 아산시 신창면 행목리 311-1,36.772912538235,126.955045540678,,정상가동,99.84,380,60,2020,,,,,2024-08-31
칠목2호,충청남도 아산시 신창면 행목로 100-17,충청남도 아산시 신창면 행목리 311-1,36.772912538235,126.955045540678,,정상가동,40.95,380,60,2020,,,,,2024-08-31
주영,충청남도 아산시 음봉면 연암산로 62-5,충청남도 아산시 음봉면 동암리 71-5,36.8520665037042,127.051954940289,,정상가동,151.7,380,60,2020,,,,,2024-08-31
진석,,충청남도 아산시 도고면 신언리 70-10,,,,정상가동,30.03,380,60,2020,,,,,2024-08-31
청암,충청남도 아산시 둔포면 운교길 72-51,충청남도 아산시 둔포면 운교리 112-3,36.9139088804557,127.041755465561,,정상가동,253.125,380,60,2020,,,,,2024-08-31
안승○,충청남도 아산시 인주면 관암안길 46-16,충청남도 아산시 인주면 관암리 186-2,36.8598493980063,126.891220937019,,정상가동,18.0,380,60,2020,,,,,2024-08-31
코지2,충청남도 아산시 신창면 신달길 123-5,충청남도 아산시 신창면 신달리 568-1,36.8082984129904,126.946602572704,,정상가동,97.02,380,60,2019,,,,,2024-08-31
코지1,충청남도 아산시 신창면 신달길 123-5,충청남도 아산시 신창면 신달리 568-1,36.8082984129904,126.946602572704,,정상가동,97.02,380,60,2019,,,,,2024-08-31
영우,충청남도 아산시 둔포면 봉신로229번길 5-28,충청남도 아산시 둔포면 신양리 183-3,36.8854011523034,127.050508900293,,정상가동,99.9,380,60,2019,,,,,2024-08-31
신세기정공,충청남도 아산시 음봉면 연암율금로295번길 68-51,충청남도 아산시 음봉면 소동리 61-55,36.8775463263395,127.053848605546,,정상가동,97.02,380,60,2020,,,,,2024-08-31
㈜신세기,충청남도 아산시 음봉면 연암율금로295번길 68-51,충청남도 아산시 음봉면 소동리 61-55,36.8775463263395,127.053848605546,,정상가동,97.02,380,60,2020,,,,,2024-08-31
대홍에너지,충청남도 아산시 도고면 아산만로 84,충청남도 아산시 도고면 신언리 511-19,36.7514753308852,126.866198811703,,정상가동,98.42,380,60,2020,,,,,2024-08-31
원천몰드,충청남도 아산시 음봉면 신휴길 194,충청남도 아산시 음봉면 신휴리 223-22,36.8969235159213,127.065605625424,,정상가동,199.8,380,60,2020,,,,,2024-08-31
제이앤제이,충청남도 아산시 음봉면 연암율금로14번길 51-47,충청남도 아산시 음봉면 원남리 33-1,36.8589132336859,127.032218022963,,정상가동,148.68,380,60,2020,,,,,2024-08-31
선광1호,충청남도 아산시 영인면 토정로 165-19,충청남도 아산시 영인면 역리 762,36.8749980430808,126.958854684375,,정상가동,99.9,380,60,2020,,,,,2024-08-31
기곡,충청남도 아산시 도고면 도고면로 163-3,충청남도 아산시 도고면 기곡리 147-20,36.7616606058023,126.883066332657,,정상가동,18.75,380,60,2020,,,,,2024-08-31
여명1,,충청남도 아산시 신동 457-1,36.7873122397476,127.036365864129,,정상가동,249.21,380,60,2020,,,,,2024-08-31
대평,충청남도 아산시 신창면 행목로 11-28,충청남도 아산시 신창면 행목리 416-7,36.7707672037927,126.94428873293,,정상가동,191.32,380,60,2020,,,,,2024-08-31
다산,,충청남도 아산시 둔포면 운교리 22-1,36.913714471614,127.048948317411,,정상가동,97.58,380,60,2020,,,,,2024-08-31
수지5호,충청남도 아산시 선장면 서부북로121번길 122,충청남도 아산시 선장면 홍곳리 240,36.8225485605695,126.885087792393,,정상가동,99.63,380,60,2020,,,,,2024-08-31
수지1호,충청남도 아산시 선장면 서부북로121번길 122,충청남도 아산시 선장면 홍곳리 240,36.8225485605695,126.885087792393,,정상가동,99.63,380,60,2020,,,,,2024-08-31
수지2호,충청남도 아산시 선장면 서부북로121번길 122,충청남도 아산시 선장면 홍곳리 240,36.8225485605695,126.885087792393,,정상가동,99.63,380,60,2020,,,,,2024-08-31
수지3호,충청남도 아산시 선장면 서부북로121번길 122,충청남도 아산시 선장면 홍곳리 240,36.8225485605695,126.885087792393,,정상가동,99.63,380,60,2020,,,,,2024-08-31
수지4호,충청남도 아산시 선장면 서부북로121번길 122,충청남도 아산시 선장면 홍곳리 240,36.8225485605695,126.885087792393,,정상가동,99.63,380,60,2020,,,,,2024-08-31
재형27호,충청남도 아산시 신창면 오목길 53,충청남도 아산시 신창면 오목리 869,36.7977570940691,126.923052876869,,정상가동,497.7,380,60,2020,,,,,2024-08-31
벧엘1호,충청남도 아산시 신창면 오목길 55,충청남도 아산시 신창면 오목리 867,36.7977311747838,126.922133991501,,정상가동,99.54,380,60,2020,,,,,2024-08-31
벧엘2호,충청남도 아산시 신창면 오목길 55,충청남도 아산시 신창면 오목리 867,36.7977311747838,126.922133991501,,정상가동,348.39,380,60,2020,,,,,2024-08-31
재형19호,충청남도 아산시 선장면 서들남로136번길 42-28,충청남도 아산시 선장면 대정리 611,36.7686762844642,126.852810495949,,정상가동,499.675,380,60,2020,,,,,2024-08-31
만정,충청남도 아산시 영인면 신운북길27번길 74-25,충청남도 아산시 영인면 신운리 672,36.8762988236742,126.95177389821,,정상가동,99.75,380,60,2020,,,,,2024-08-31
오암2,충청남도 아산시 신창면 수장로 199-105,충청남도 아산시 신창면 수장리 987,36.811669791307,126.954529562514,,정상가동,97.02,380,60,2020,,,,,2024-08-31
광성3,충청남도 아산시 신창면 수장로 199-105,충청남도 아산시 신창면 수장리 987,36.811669791307,126.954529562514,,정상가동,97.02,380,60,2020,,,,,2024-08-31
재형26호,충청남도 아산시 선장면 삽교천로 261-6,충청남도 아산시 선장면 신문리 336,36.8226686130437,126.850358867099,,정상가동,99.54,380,60,2020,,,,,2024-08-31
재형25호,충청남도 아산시 선장면 삽교천로 261-6,충청남도 아산시 선장면 신문리 336,36.8226686130437,126.850358867099,,정상가동,489.8,380,60,2020,,,,,2024-08-31
한강1호,충청남도 아산시 선장면 서부남로 314-6,충청남도 아산시 선장면 선창리 549,36.7845314993722,126.893951998645,,정상가동,98.28,380,60,2020,,,,,2024-08-31
한강3호,충청남도 아산시 선장면 서부남로 314-6,충청남도 아산시 선장면 선창리 549,36.7845314993722,126.893951998645,,정상가동,73.8,380,60,2020,,,,,2024-08-31
한강4호,충청남도 아산시 선장면 서부남로 314-6,충청남도 아산시 선장면 선창리 549,36.7845314993722,126.893951998645,,정상가동,36.9,380,60,2020,,,,,2024-08-31
한강5호,충청남도 아산시 선장면 서부남로 314-6,충청남도 아산시 선장면 선창리 549,36.7845314993722,126.893951998645,,정상가동,98.28,380,60,2020,,,,,2024-08-31
한강6호,충청남도 아산시 선장면 서부남로 314-6,충청남도 아산시 선장면 선창리 549,36.7845314993722,126.893951998645,,정상가동,88.56,380,60,2020,,,,,2024-08-31
한강2호,충청남도 아산시 선장면 서부남로 314-6,충청남도 아산시 선장면 선창리 549,36.7845314993722,126.893951998645,,정상가동,88.56,380,60,2020,,,,,2024-08-31
비전,충청남도 아산시 신창면 부엉산길143번길 49-80,충청남도 아산시 신창면 가내리 132-8,36.800898348085,126.892463220415,,정상가동,99.45,380,60,2020,,,,,2024-08-31
하늘,충청남도 아산시 선장면 부엉산길 229,충청남도 아산시 선장면 신동리 140-2,36.7920537893647,126.887923606168,,정상가동,92.13,380,60,2020,,,,,2024-08-31
두경,충청남도 아산시 둔포면 이화길 132-19,충청남도 아산시 둔포면 염작리 281-9,36.9219912301641,127.072815666723,,정상가동,286.875,380,60,2020,,,,,2024-08-31
진영2호,충청남도 아산시 둔포면 충무로 1613-10,충청남도 아산시 둔포면 송용리 256,36.916618970057,127.03334329367,,정상가동,99.9,380,60,2020,,,,,2024-08-31
진영1호,충청남도 아산시 둔포면 충무로 1613-10,충청남도 아산시 둔포면 송용리 256,36.916618970057,127.03334329367,,정상가동,99.9,380,60,2020,,,,,2024-08-31
다올2호,충청남도 아산시 영인면 토정로 107-54,충청남도 아산시 영인면 신운리 704,36.8728486262345,126.955068474842,,정상가동,98.79,380,60,2020,,,,,2024-08-31
다올3호,충청남도 아산시 영인면 토정로 107-54,충청남도 아산시 영인면 신운리 704,36.8728486262345,126.955068474842,,정상가동,97.68,380,60,2020,,,,,2024-08-31
다올1호,충청남도 아산시 영인면 토정로 107-54,충청남도 아산시 영인면 신운리 704,36.8728486262345,126.955068474842,,정상가동,98.79,380,60,2020,,,,,2024-08-31
재형21호,충청남도 아산시 선장면 서들남로 139-31,충청남도 아산시 선장면 대정리 502,36.7593699362848,126.858103588157,,정상가동,398.16,380,60,2020,,,,,2024-08-31
재형20호,충청남도 아산시 선장면 서들남로 139-31,충청남도 아산시 선장면 대정리 502,36.7593699362848,126.858103588157,,정상가동,398.16,380,60,2020,,,,,2024-08-31
도영,충청남도 아산시 영인면 영인로 438-59,충청남도 아산시 영인면 백석포리 1118-1,36.8860187044666,126.946468628828,,정상가동,19.98,380,60,2021,,,,,2024-08-31
석영2호,충청남도 아산시 영인면 영인로 438-59,충청남도 아산시 영인면 백석포리 1118-1,36.8860187044666,126.946468628828,,정상가동,99.9,380,60,2020,,,,,2024-08-31
석영1호,충청남도 아산시 영인면 영인로 438-59,충청남도 아산시 영인면 백석포리 1118-1,36.8860187044666,126.946468628828,,정상가동,99.9,380,60,2020,,,,,2024-08-31
두영,충청남도 아산시 영인면 토정로528번길 10-16,충청남도 아산시 영인면 창용리 388-1,36.9023799973428,126.9741210512,,정상가동,99.9,380,60,2020,,,,,2024-08-31
삼원,충청남도 아산시 둔포면 봉신로 258-36,충청남도 아산시 둔포면 신양리 124-5,36.879783284719,127.056235550573,,정상가동,98.77,380,60,2020,,,,,2024-08-31
일원,충청남도 아산시 둔포면 봉신로 258-36,충청남도 아산시 둔포면 신양리 124-5,36.879783284719,127.056235550573,,정상가동,98.77,380,60,2020,,,,,2024-08-31
정우,충청남도 아산시 선장면 선장로 79-2,충청남도 아산시 선장면 군덕리 784,36.7867102487642,126.86115750374,,정상가동,99.84,380,60,2020,,,,,2024-08-31
에덴,충청남도 아산시 선장면 선장로 79-2,충청남도 아산시 선장면 군덕리 784,36.7867102487642,126.86115750374,,정상가동,99.84,380,60,2020,,,,,2024-08-31
선군,충청남도 아산시 선장면 선장로 79-2,충청남도 아산시 선장면 군덕리 784,36.7867102487642,126.86115750374,,정상가동,99.84,380,60,2020,,,,,2024-08-31
유진,충청남도 아산시 선장면 선장로 79-4,충청남도 아산시 선장면 군덕리 785,36.7867132935028,126.860755749417,,정상가동,99.84,380,60,2020,,,,,2024-08-31
중흥,충청남도 아산시 선장면 선장로 79-4,충청남도 아산시 선장면 군덕리 785,36.7867132935028,126.860755749417,,정상가동,99.84,380,60,2020,,,,,2024-08-31
쨍쨍,충청남도 아산시 선장면 선장로 79-4,충청남도 아산시 선장면 군덕리 785,36.7867132935028,126.860755749417,,정상가동,99.84,380,60,2020,,,,,2024-08-31
인앤아웃,충청남도 아산시 선장면 선장로 79-4,충청남도 아산시 선장면 군덕리 785,36.7867132935028,126.860755749417,,정상가동,99.84,380,60,2020,,,,,2024-08-31
천지애,충청남도 아산시 선장면 선장로 79-4,충청남도 아산시 선장면 군덕리 785,36.7867132935028,126.860755749417,,정상가동,99.84,380,60,2020,,,,,2024-08-31
HIS,충청남도 아산시 선장면 선장로 79-4,충청남도 아산시 선장면 군덕리 785,36.7867132935028,126.860755749417,,정상가동,99.84,380,60,2020,,,,,2024-08-31
호영1호,충청남도 아산시 선장면 서부북로 34-69,충청남도 아산시 선장면 홍곳리 374,36.8110375320706,126.877696628577,,정상가동,97.875,380,60,2020,,,,,2024-08-31
신용,충청남도 아산시 선장면 서부북로 34-69,충청남도 아산시 선장면 홍곳리 374,36.8110375320706,126.877696628577,,정상가동,97.875,380,60,2020,,,,,2024-08-31
삼성3호,충청남도 아산시 선장면 서부북로 34-69,충청남도 아산시 선장면 홍곳리 374,36.8110375320706,126.877696628577,,정상가동,97.875,380,60,2020,,,,,2024-08-31
충청5호,충청남도 아산시 선장면 서부북로 34-69,충청남도 아산시 선장면 홍곳리 374,36.8110375320706,126.877696628577,,정상가동,97.875,380,60,2020,,,,,2024-08-31
충청6호,충청남도 아산시 선장면 서부북로 34-69,충청남도 아산시 선장면 홍곳리 374,36.8110375320706,126.877696628577,,정상가동,97.875,380,60,2020,,,,,2024-08-31
재재,충청남도 아산시 선장면 서들남로 277,충청남도 아산시 선장면 신덕리 691,36.7627111405075,126.835200972144,,정상가동,499.675,380,60,2020,,,,,2024-08-31
재형31호,충청남도 아산시 선장면 서들남로 275,충청남도 아산시 선장면 신덕리 692,36.762813109004,126.83556429873,,정상가동,298.62,380,60,2020,,,,,2024-08-31
재형1호,충청남도 아산시 선장면 서들북로 204-12,충청남도 아산시 선장면 돈포리 622,36.7776972908975,126.84467889754,,정상가동,298.62,380,60,2020,,,,,2024-08-31
재형29호,충청남도 아산시 선장면 서들북로 204-14,충청남도 아산시 선장면 돈포리 623,36.7777149340782,126.845079219491,,정상가동,298.62,380,60,2020,,,,,2024-08-31
재형30호,충청남도 아산시 선장면 서들북로 204-14,충청남도 아산시 선장면 돈포리 623,36.7777149340782,126.845079219491,,정상가동,298.62,380,60,2020,,,,,2024-08-31
감성2호,충청남도 아산시 선장면 서들북로 204-16,충청남도 아산시 선장면 돈포리 624,36.7777411393627,126.84562055699,,정상가동,399.35,380,60,2020,,,,,2024-08-31
재형28호,충청남도 아산시 선장면 서들북로 202,충청남도 아산시 선장면 돈포리 628,36.7768591733793,126.844824531914,,정상가동,495.33,380,60,2020,,,,,2024-08-31
익선,충청남도 아산시 염치읍 만전당길97번길 10,충청남도 아산시 염치읍 대동리 108-1,36.8121150440053,127.040969422626,,정상가동,67.08,380,60,2020,,,,,2024-08-31
써니원,충청남도 아산시 음봉면 연암율금로295번길 68-29,충청남도 아산시 음봉면 소동리 61-45,36.8761330399175,127.054441068477,,정상가동,99.9,380,60,2020,,,,,2024-08-31
해월,충청남도 아산시 음봉면 연암율금로295번길 68-29,충청남도 아산시 음봉면 소동리 61-45,36.8761330399175,127.054441068477,,정상가동,99.9,380,60,2020,,,,,2024-08-31
나이스,충청남도 아산시 인주면 해암로 134,충청남도 아산시 인주면 해암리 33-1,36.8405601495257,126.892785305594,,정상가동,252.0,380,60,2021,,,,,2024-08-31
석정리1호,충청남도 아산시 염치읍 충무로 243-45,충청남도 아산시 염치읍 석정리 760,36.802958840277,127.002949434743,,정상가동,99.45,380,60,2020,,,,,2024-08-31
석정리2호,충청남도 아산시 염치읍 충무로 243-45,충청남도 아산시 염치읍 석정리 760,36.802958840277,127.002949434743,,정상가동,99.45,380,60,2020,,,,,2024-08-31
석정리3호,충청남도 아산시 염치읍 충무로 243-45,충청남도 아산시 염치읍 석정리 760,36.802958840277,127.002949434743,,정상가동,99.45,380,60,2020,,,,,2024-08-31
대동1호,,충청남도 아산시 도고면 와산리 99,36.7666608241237,126.921196699319,,정상가동,97.2,380,60,2020,,,,,2024-08-31
대동2호,,충청남도 아산시 도고면 와산리 54,36.7669918059006,126.921471218328,,정상가동,97.2,380,60,2020,,,,,2024-08-31
대동3호,,충청남도 아산시 도고면 와산리 54,36.7669918059006,126.921471218328,,정상가동,97.2,380,60,2020,,,,,2024-08-31
대동4호,,충청남도 아산시 도고면 와산리 99,36.7666608241237,126.921196699319,,정상가동,97.2,380,60,2020,,,,,2024-08-31
대동5호,,충청남도 아산시 도고면 와산리 99,36.7666608241237,126.921196699319,,정상가동,97.2,380,60,2020,,,,,2024-08-31
대동6호,,충청남도 아산시 도고면 와산리 99,36.7666608241237,126.921196699319,,정상가동,97.2,380,60,2020,,,,,2024-08-31
대동7호,,충청남도 아산시 도고면 와산리 54,36.7669918059006,126.921471218328,,정상가동,97.2,380,60,2020,,,,,2024-08-31
대동8호,,충청남도 아산시 도고면 와산리 54,36.7669918059006,126.921471218328,,정상가동,97.2,380,60,2020,,,,,2024-08-31
대동9호,,충청남도 아산시 도고면 와산리 54,36.7669918059006,126.921471218328,,정상가동,97.2,380,60,2020,,,,,2024-08-31
썬2호,,충청남도 아산시 도고면 와산리 54,36.7669918059006,126.921471218328,,정상가동,97.2,380,60,2020,,,,,2024-08-31
대동11호,,충청남도 아산시 도고면 와산리 54,36.7669918059006,126.921471218328,,정상가동,97.2,380,60,2020,,,,,2024-08-31
월선,충청남도 아산시 영인면 아산로1312번길 45,충청남도 아산시 영인면 월선리 424,36.8827081297783,126.9305721372,,정상가동,99.6,380,60,2020,,,,,2024-08-31
지우,충청남도 아산시 둔포면 관용로 91,충청남도 아산시 둔포면 산전리 367-3,36.8939811944617,127.044772707981,,정상가동,82.56,380,60,2020,,,,,2024-08-31
대학,충청남도 아산시 둔포면 관용로 91,충청남도 아산시 둔포면 산전리 367-3,36.8939811944617,127.044772707981,,정상가동,96.32,380,60,2020,,,,,2024-08-31
정애,충청남도 아산시 둔포면 산전길69번길 8-60,충청남도 아산시 둔포면 산전리 497-1,36.9005106445425,127.050174742835,,정상가동,27.52,380,60,2020,,,,,2024-08-31
세나,충청남도 아산시 둔포면 산전길69번길 8-58,충청남도 아산시 둔포면 산전리 497-2,36.9003220333659,127.050626667176,,정상가동,51.6,380,60,2020,,,,,2024-08-31
서우,충청남도 아산시 둔포면 산전길69번길 8-62,충청남도 아산시 둔포면 산전리 497,36.9011762224176,127.050535452046,,정상가동,96.75,380,60,2020,,,,,2024-08-31
경은,충청남도 아산시 둔포면 산전길69번길 8-62,충청남도 아산시 둔포면 산전리 497,36.9011762224176,127.050535452046,,정상가동,96.75,380,60,2020,,,,,2024-08-31
빛이랑,충청남도 아산시 인주면 아산호로 27-55,충청남도 아산시 인주면 공세리 58-135,36.8928891001617,126.919687786222,,정상가동,99.6,380,60,2020,,,,,2024-08-31
정애2,충청남도 아산시 둔포면 관용로 90,충청남도 아산시 둔포면 산전리 341-1,36.8932243848362,127.044230060726,,정상가동,27.52,380,60,2020,,,,,2024-08-31
구성태양광 제2,충청남도 아산시 영인면 아산호로 470-61,충청남도 아산시 영인면 구성리 46-1,36.8976578460296,126.965459425561,,정상가동,97.5,380,60,2020,,,,,2024-08-31
신영엔지니어링,충청남도 아산시 둔포면 아산밸리로388번길 56,충청남도 아산시 둔포면 석곡리 1951,36.906543794115,127.056707830598,,정상가동,60.0,380,60,2020,,,,,2024-08-31
우리,충청남도 아산시 삼동로 88,충청남도 아산시 권곡동 532-7,36.787753898608,127.012627597432,,정상가동,24.9,380,60,2020,,,,,2024-08-31
봉농2호,충청남도 아산시 도고면 아산만로35번길 76,충청남도 아산시 도고면 봉농리 586-2,36.7508576893752,126.856743025031,,정상가동,99.0,380,60,2020,,,,,2024-08-31
와이제이에스,,충청남도 아산시 선장면 신동리 417-1,36.8009456470609,126.886820372149,,정상가동,99.6,380,60,2021,,,,,2024-08-31
케이와이더블유,,충청남도 아산시 선장면 신동리 417-1,36.8009456470609,126.886820372149,,정상가동,99.6,380,60,2021,,,,,2024-08-31
케이와이제이,,충청남도 아산시 선장면 신동리 417-1,36.8009456470609,126.886820372149,,정상가동,99.6,380,60,2021,,,,,2024-08-31
우명,,충청남도 아산시 선장면 신동리 417-1,36.8009456470609,126.886820372149,,정상가동,99.6,380,60,2021,,,,,2024-08-31
은광,,충청남도 아산시 선장면 신동리 417-1,36.8009456470609,126.886820372149,,정상가동,99.6,380,60,2021,,,,,2024-08-31
주영에너지,,충청남도 아산시 선장면 신동리 417-1,36.8009456470609,126.886820372149,,정상가동,99.6,380,60,2021,,,,,2024-08-31
재형36호,충청남도 아산시 선장면 서들북로148번길 88,충청남도 아산시 선장면 돈포리 903,36.7808739156813,126.846076373295,,정상가동,348.0,380,60,2020,,,,,2024-08-31
해토리1호,,충청남도 아산시 선장면 돈포리 903-1,36.7808048290389,126.846238049995,,정상가동,249.69,380,60,2020,,,,,2024-08-31
감성3호,충청남도 아산시 선장면 선장로 25-22,충청남도 아산시 선장면 군덕리 859,36.7819909939255,126.861287564915,,정상가동,499.675,380,60,2020,,,,,2024-08-31
재형34호,충청남도 아산시 선장면 선장로 25-24,충청남도 아산시 선장면 군덕리 858,36.7819793046351,126.860846204767,,정상가동,499.675,380,60,2020,,,,,2024-08-31
동리1호,충청남도 아산시 음봉면 연암율금로203번길 45,충청남도 아산시 음봉면 소동리 164-5,36.8699879332673,127.048066240407,,정상가동,99.9,380,60,2020,,,,,2024-08-31
스파,충청남도 아산시 음봉면 아산온천로243번길 30,충청남도 아산시 음봉면 신수리 296-1,36.8557731360027,126.984182240976,,정상가동,19.24,380,60,2020,,,,,2024-08-31
방현3호,충청남도 아산시 염치읍 충무로 478-14,충청남도 아산시 염치읍 방현리 268-1,36.8211846167611,127.011755814854,,정상가동,99.6,380,60,2020,,,,,2024-08-31
재형32호,충청남도 아산시 선장면 아산만로 405-23,충청남도 아산시 선장면 군덕리 903,36.7786512028246,126.860373107963,,정상가동,496.125,380,60,2020,,,,,2024-08-31
재형33호,충청남도 아산시 선장면 아산만로 405-23,충청남도 아산시 선장면 군덕리 903,36.7786512028246,126.860373107963,,정상가동,496.125,380,60,2020,,,,,2024-08-31
벧엘3호,충청남도 아산시 선장면 아산만로 405-25,충청남도 아산시 선장면 군덕리 904,36.7786234589207,126.859463661383,,정상가동,496.125,380,60,2020,,,,,2024-08-31
벧엘4호,충청남도 아산시 선장면 아산만로 405-25,충청남도 아산시 선장면 군덕리 904,36.7786234589207,126.859463661383,,정상가동,496.125,380,60,2020,,,,,2024-08-31
청암1호,충청남도 아산시 선장면 서부북로 34-100,충청남도 아산시 선장면 대흥리 701,36.8081446393768,126.879850950063,,정상가동,99.96,380,60,2020,,,,,2024-08-31
청암2호,충청남도 아산시 선장면 서부북로 34-100,충청남도 아산시 선장면 대흥리 701,36.8081446393768,126.879850950063,,정상가동,99.96,380,60,2020,,,,,2024-08-31
청암3호,충청남도 아산시 선장면 서부북로 34-100,충청남도 아산시 선장면 대흥리 701,36.8081446393768,126.879850950063,,정상가동,99.96,380,60,2020,,,,,2024-08-31
청암4호,충청남도 아산시 선장면 서부북로 34-100,충청남도 아산시 선장면 대흥리 701,36.8081446393768,126.879850950063,,정상가동,99.96,380,60,2020,,,,,2024-08-31
금준,,충청남도 아산시 인주면 도흥리 125-9,36.8440429440545,126.900693044291,,정상가동,99.9,380,60,2021,,,,,2024-08-31
명성산업,충청남도 아산시 둔포면 관대길106번길 6,충청남도 아산시 둔포면 관대리 122-17,36.9083047868248,127.034132215738,,정상가동,143.64,380,60,2020,,,,,2024-08-31
에스에이치8,,충청남도 아산시 도고면 덕암리 270,36.738336841359,126.929098850557,,정상가동,99.63,380,60,2020,,,,,2024-08-31
그린2호,,충청남도 아산시 도고면 덕암리 270-1,36.7382296688234,126.929201282529,,정상가동,99.63,380,60,2020,,,,,2024-08-31
희망2호,,충청남도 아산시 도고면 덕암리 270-2,36.7380417373409,126.929121402371,,정상가동,99.63,380,60,2020,,,,,2024-08-31
굿파워 아산덕암,,충청남도 아산시 도고면 덕암리 270-3,36.7378608267301,126.929179676775,,정상가동,99.63,380,60,2021,,,,,2024-08-31
선광2호,충청남도 아산시 영인면 토정로 165-19,"충청남도 아산시 영인면 역리 761, 762",36.8749980430808,126.958854684375,,정상가동,99.0,380,60,2020,,,,,2024-08-31
선광3호,충청남도 아산시 영인면 토정로 165-19,"충청남도 아산시 영인면 역리 761, 762",36.8749980430808,126.958854684375,,정상가동,99.0,380,60,2020,,,,,2024-08-31
바른,,충청남도 아산시 도고면 덕암리 271,36.7378376241226,126.929713866801,,정상가동,99.18,380,60,2021,,,,,2024-08-31
굿파워 아산궁화,,충청남도 아산시 신창면 궁화리 2-2,36.8022799485122,126.922344644891,,정상가동,499.6,380,60,2021,,,,,2024-08-31
향원2,충청남도 아산시 신창면 신달길 132,충청남도 아산시 신창면 남성리 675,36.8076073610471,126.947639412051,,정상가동,99.84,380,60,2020,,,,,2024-08-31
향원3,충청남도 아산시 신창면 신달길 132,충청남도 아산시 신창면 남성리 675,36.8076073610471,126.947639412051,,정상가동,89.6,380,60,2020,,,,,2024-08-31
솔라리드,충청남도 아산시 음봉면 산동로 323-4,충청남도 아산시 음봉면 산동리 157,36.8557410236706,127.107361595011,,정상가동,99.75,380,60,2020,,,,,2024-08-31
솔라리드2호,충청남도 아산시 음봉면 산동로 323-4,충청남도 아산시 음봉면 산동리 157,36.8557410236706,127.107361595011,,정상가동,19.875,380,60,2020,,,,,2024-08-31
상호,충청남도 아산시 음봉면 신정리길11번길 74,충청남도 아산시 음봉면 신정리 157-1,36.8669231633125,127.023690160436,,정상가동,18.75,380,60,2020,,,,,2024-08-31
실옥,충청남도 아산시 실옥로 159-8,충청남도 아산시 실옥동 337-4,36.7939247680799,126.981480159804,,정상가동,49.92,380,60,2020,,,,,2024-08-31
은찬1호,충청남도 아산시 신창면 수장로 199-99,충청남도 아산시 신창면 남성리 755-1,36.8060984977533,126.954549778079,,정상가동,73.8,380,60,2020,,,,,2024-08-31
은찬2호,충청남도 아산시 신창면 수장로 199-99,충청남도 아산시 신창면 남성리 755-1,36.8060984977533,126.954549778079,,정상가동,43.65,380,60,2020,,,,,2024-08-31
은찬3호,충청남도 아산시 신창면 수장로 199-99,충청남도 아산시 신창면 남성리 755-1,36.8060984977533,126.954549778079,,정상가동,99.0,380,60,2020,,,,,2024-08-31
은찬4호,충청남도 아산시 신창면 수장로 199-99,충청남도 아산시 신창면 남성리 755-1,36.8060984977533,126.954549778079,,정상가동,73.8,380,60,2020,,,,,2024-08-31
은찬5호,충청남도 아산시 신창면 수장로 199-99,충청남도 아산시 신창면 남성리 755-1,36.8060984977533,126.954549778079,,정상가동,43.65,380,60,2020,,,,,2024-08-31
은찬6호,충청남도 아산시 신창면 수장로 199-99,충청남도 아산시 신창면 남성리 755-1,36.8060984977533,126.954549778079,,정상가동,99.0,380,60,2020,,,,,2024-08-31
키움,충청남도 아산시 염치읍 현대로 119-5,충청남도 아산시 염치읍 중방리 96-2,36.8180717912236,126.959961463776,,정상가동,99.6,380,60,2020,,,,,2024-08-31
현대5호,충청남도 아산시 둔포면 관대안길 120-31,충청남도 아산시 둔포면 관대리 484,36.9117177675067,127.041523781202,,정상가동,99.12,380,60,2020,,,,,2024-08-31
현대6호,충청남도 아산시 둔포면 관대안길 120-31,충청남도 아산시 둔포면 관대리 484,36.9117177675067,127.041523781202,,정상가동,99.12,380,60,2020,,,,,2024-08-31
현대7호,충청남도 아산시 둔포면 관대안길 120-31,충청남도 아산시 둔포면 관대리 484,36.9117177675067,127.041523781202,,정상가동,99.12,380,60,2020,,,,,2024-08-31
현대8호,충청남도 아산시 둔포면 관대안길 120-31,충청남도 아산시 둔포면 관대리 484,36.9117177675067,127.041523781202,,정상가동,99.12,380,60,2020,,,,,2024-08-31
가은1호,충청남도 아산시 선장면 가산남길53번길 42-27,충청남도 아산시 선장면 가산리 772,36.8161506505251,126.860001975628,,정상가동,85.5,380,60,2020,,,,,2024-08-31
가은2호,충청남도 아산시 선장면 가산남길53번길 42-27,충청남도 아산시 선장면 가산리 772,36.8161506505251,126.860001975628,,정상가동,85.5,380,60,2020,,,,,2024-08-31
가은3호,충청남도 아산시 선장면 가산남길53번길 42-27,충청남도 아산시 선장면 가산리 772,36.8161506505251,126.860001975628,,정상가동,85.5,380,60,2020,,,,,2024-08-31
가은4호,충청남도 아산시 선장면 가산남길53번길 42-27,충청남도 아산시 선장면 가산리 772,36.8161506505251,126.860001975628,,정상가동,85.5,380,60,2020,,,,,2024-08-31
가은5호,충청남도 아산시 선장면 가산남길53번길 42-27,충청남도 아산시 선장면 가산리 772,36.8161506505251,126.860001975628,,정상가동,85.5,380,60,2020,,,,,2024-08-31
가은6호,충청남도 아산시 선장면 가산남길53번길 42-27,충청남도 아산시 선장면 가산리 772,36.8161506505251,126.860001975628,,정상가동,85.5,380,60,2020,,,,,2024-08-31
가은7호,충청남도 아산시 선장면 가산남길53번길 42-27,충청남도 아산시 선장면 가산리 772,36.8161506505251,126.860001975628,,정상가동,85.5,380,60,2020,,,,,2024-08-31
가은8호,충청남도 아산시 선장면 가산남길53번길 42-27,충청남도 아산시 선장면 가산리 772,36.8161506505251,126.860001975628,,정상가동,85.5,380,60,2020,,,,,2024-08-31
가은찬1호,충청남도 아산시 신창면 서부남로 479-5,"충청남도 아산시 신창면 궁화리 892,",36.7926777939084,126.91152677584,,정상가동,99.0,380,60,2020,,,,,2024-08-31
가은찬2호,충청남도 아산시 신창면 서부남로 479-5,"충청남도 아산시 신창면 궁화리 892,",36.7926777939084,126.91152677584,,정상가동,99.0,380,60,2020,,,,,2024-08-31
가은찬3호,충청남도 아산시 신창면 서부남로 479-5,"충청남도 아산시 신창면 궁화리 892,",36.7926777939084,126.91152677584,,정상가동,99.0,380,60,2020,,,,,2024-08-31
화성1,충청남도 아산시 영인면 신정리길 220-35,충청남도 아산시 영인면 성내리 181,36.8784711312209,127.005334417103,,정상가동,91.2,380,60,2021,,,,,2024-08-31
화성2,충청남도 아산시 영인면 신정리길 220-35,충청남도 아산시 영인면 성내리 181,36.8784711312209,127.005334417103,,정상가동,91.2,380,60,2021,,,,,2024-08-31
섶골,충청남도 아산시 선장면 부엉산길249번길 73-13,충청남도 아산시 선장면 신동리 153-2,36.7925116480423,126.893316371663,,정상가동,99.2,380,60,2020,,,,,2024-08-31
온천,,충청남도 아산시 신창면 신곡리 556,36.8169766507677,126.89463250474,,정상가동,99.45,380,60,2020,,,,,2024-08-31
온곡,,충청남도 아산시 신창면 신곡리 556,36.8169766507677,126.89463250474,,정상가동,99.45,380,60,2020,,,,,2024-08-31
큰샘,,충청남도 아산시 신창면 신곡리 556,36.8169766507677,126.89463250474,,정상가동,99.45,380,60,2020,,,,,2024-08-31
용화2호,,충청남도 아산시 신창면 신곡리 556,36.8169766507677,126.89463250474,,정상가동,99.45,380,60,2020,,,,,2024-08-31
훈희,,충청남도 아산시 신창면 신곡리 556,36.8169766507677,126.89463250474,,정상가동,99.45,380,60,2020,,,,,2024-08-31
신화1호,충청남도 아산시 영인면 고룡산로 557-21,충청남도 아산시 영인면 신화리 725,36.8807545507154,126.97640573554,,정상가동,99.45,380,60,2020,,,,,2024-08-31
신화2호,충청남도 아산시 영인면 고룡산로 557-21,충청남도 아산시 영인면 신화리 725,36.8807545507154,126.97640573554,,정상가동,60.84,380,60,2020,,,,,2024-08-31
신화3호,충청남도 아산시 영인면 고룡산로 557-21,충청남도 아산시 영인면 신화리 725,36.8807545507154,126.97640573554,,정상가동,60.84,380,60,2020,,,,,2024-08-31
신화4호,충청남도 아산시 영인면 고룡산로 557-21,충청남도 아산시 영인면 신화리 725,36.8807545507154,126.97640573554,,정상가동,85.8,380,60,2020,,,,,2024-08-31
신화5호,충청남도 아산시 영인면 고룡산로 557-21,충청남도 아산시 영인면 신화리 725,36.8807545507154,126.97640573554,,정상가동,99.45,380,60,2020,,,,,2024-08-31
신화6호,충청남도 아산시 영인면 고룡산로 579-17,충청남도 아산시 영인면 신화리 662,36.8814809984336,126.97414650117,,정상가동,99.45,380,60,2020,,,,,2024-08-31
신화7호,충청남도 아산시 영인면 고룡산로 579-17,충청남도 아산시 영인면 신화리 662,36.8814809984336,126.97414650117,,정상가동,78.0,380,60,2020,,,,,2024-08-31
신화8호,충청남도 아산시 영인면 고룡산로 579-17,충청남도 아산시 영인면 신화리 662,36.8814809984336,126.97414650117,,정상가동,99.45,380,60,2020,,,,,2024-08-31
숲마을,충청남도 아산시 도고면 기곡로31번길 30-4,충청남도 아산시 도고면 기곡리 330-1,36.7599925731656,126.88950660072,,정상가동,19.35,380,60,2020,,,,,2024-08-31
선장중앙,충청남도 아산시 선장면 삽교천로 96,충청남도 아산시 선장면 가산리 391-1,36.8097753461689,126.860197148433,,정상가동,29.25,380,60,2020,,,,,2024-08-31
대성3호,충청남도 아산시 둔포면 산전길69번길 8-52,충청남도 아산시 둔포면 산전리 500,36.8996139167626,127.050069363317,,정상가동,85.44,380,60,2020,,,,,2024-08-31
우정1호,충청남도 아산시 음봉면 신휴길213번길 16-11,충청남도 아산시 음봉면 신휴리 215-20,36.8989405671778,127.064056908722,,정상가동,29.4,380,60,2020,,,,,2024-08-31
우정2호,충청남도 아산시 둔포면 운용길 54-65,충청남도 아산시 둔포면 운용리 337-209,36.9322668131503,127.054365126708,,정상가동,29.4,380,60,2020,,,,,2024-08-31
모아팜7,충청남도 아산시 도고면 아산만로35번길 68-45,충청남도 아산시 도고면 봉농리 527-2,36.7538602426234,126.855347599455,,정상가동,95.94,380,60,2020,,,,,2024-08-31
모아팜8,충청남도 아산시 도고면 아산만로35번길 68-45,충청남도 아산시 도고면 봉농리 527-2,36.7538602426234,126.855347599455,,정상가동,95.94,380,60,2020,,,,,2024-08-31
모아팜9,충청남도 아산시 도고면 아산만로35번길 68-45,충청남도 아산시 도고면 봉농리 527-2,36.7538602426234,126.855347599455,,정상가동,95.94,380,60,2020,,,,,2024-08-31
모아팜10,충청남도 아산시 도고면 아산만로35번길 68-45,충청남도 아산시 도고면 봉농리 527-2,36.7538602426234,126.855347599455,,정상가동,95.94,380,60,2020,,,,,2024-08-31
소망11,충청남도 아산시 도고면 아산만로35번길 68-31,충청남도 아산시 도고면 봉농리 539,36.753317314269,126.854604821049,,정상가동,99.2,380,60,2020,,,,,2024-08-31
소망12,충청남도 아산시 도고면 아산만로35번길 68-31,충청남도 아산시 도고면 봉농리 539,36.753317314269,126.854604821049,,정상가동,99.2,380,60,2020,,,,,2024-08-31
소망13,충청남도 아산시 도고면 아산만로35번길 68-31,충청남도 아산시 도고면 봉농리 539,36.753317314269,126.854604821049,,정상가동,99.2,380,60,2020,,,,,2024-08-31
영리한발전소1,,충청남도 아산시 도고면 봉농리 539-1,36.7529523252605,126.854649295312,,정상가동,99.2,380,60,2020,,,,,2024-08-31
영리한발전소2,,충청남도 아산시 도고면 봉농리 539-1,36.7529523252605,126.854649295312,,정상가동,99.2,380,60,2020,,,,,2024-08-31
영리한발전소3,,충청남도 아산시 도고면 봉농리 539-1,36.7529523252605,126.854649295312,,정상가동,99.2,380,60,2020,,,,,2024-08-31
유니커머스1,충청남도 아산시 도고면 아산만로35번길 68-37,충청남도 아산시 도고면 봉농리 539-2,36.7527748049278,126.854649406218,,정상가동,99.2,380,60,2020,,,,,2024-08-31
유니커머스2,충청남도 아산시 도고면 아산만로35번길 68-37,충청남도 아산시 도고면 봉농리 539-2,36.7527748049278,126.854649406218,,정상가동,99.2,380,60,2020,,,,,2024-08-31
유니커머스3,충청남도 아산시 도고면 아산만로35번길 68-37,충청남도 아산시 도고면 봉농리 539-2,36.7527748049278,126.854649406218,,정상가동,52.0,380,60,2020,,,,,2024-08-31
소망7,충청남도 아산시 도고면 아산만로35번길 68-41,충청남도 아산시 도고면 봉농리 527-1,36.7543054410486,126.855311040278,,정상가동,95.94,380,60,2020,,,,,2024-08-31
소망8,충청남도 아산시 도고면 아산만로35번길 68-41,충청남도 아산시 도고면 봉농리 527-1,36.7543054410486,126.855311040278,,정상가동,95.94,380,60,2020,,,,,2024-08-31
소망9,충청남도 아산시 도고면 아산만로35번길 68-41,충청남도 아산시 도고면 봉농리 527-1,36.7543054410486,126.855311040278,,정상가동,95.94,380,60,2020,,,,,2024-08-31
소망10,충청남도 아산시 도고면 아산만로35번길 68-41,충청남도 아산시 도고면 봉농리 527-1,36.7543054410486,126.855311040278,,정상가동,95.94,380,60,2020,,,,,2024-08-31
인성,충청남도 아산시 배방읍 갈매길 24,충청남도 아산시 배방읍 갈매리 128-1,36.7633044194552,127.088070885105,,정상가동,19.92,380,60,2021,,,,,2024-08-31
세계꽃식물원,충청남도 아산시 도고면 아산만로 37-37,충청남도 아산시 도고면 봉농리 576,36.7512798610243,126.859461139749,,정상가동,99.9,380,60,2021,,,,,2024-08-31
세계꽃식물원2,충청남도 아산시 도고면 아산만로 37-37,충청남도 아산시 도고면 봉농리 577,36.7512798610243,126.859461139749,,정상가동,99.9,380,60,2021,,,,,2024-08-31
세한,충청남도 아산시 인주면 아산호로20번길 51,충청남도 아산시 인주면 공세리 448,36.8848829949087,126.917293252124,,정상가동,85.05,380,60,2021,,,,,2024-08-31
지은,충청남도 아산시 도고면 벚꽃로708번길 73-2,충청남도 아산시 도고면 효자리 29-2,36.7409059958108,126.866434709534,,정상가동,96.0,380,60,2020,,,,,2024-08-31
동은,충청남도 아산시 도고면 벚꽃로708번길 73-2,충청남도 아산시 도고면 효자리 29-2,36.7409059958108,126.866434709534,,정상가동,98.7,380,60,2020,,,,,2024-08-31
신용2호,충청남도 아산시 도고면 벚꽃로708번길 73-2,충청남도 아산시 도고면 효자리 29-2,36.7409059958108,126.866434709534,,정상가동,98.7,380,60,2020,,,,,2024-08-31
동훈,충청남도 아산시 도고면 벚꽃로708번길 73-2,충청남도 아산시 도고면 효자리 29-2,36.7409059958108,126.866434709534,,정상가동,84.0,380,60,2020,,,,,2024-08-31
기열,충청남도 아산시 도고면 벚꽃로708번길 73-2,충청남도 아산시 도고면 효자리 29-2,36.7409059958108,126.866434709534,,정상가동,98.7,380,60,2020,,,,,2024-08-31
모아팜1,충청남도 아산시 선장면 서들남로159번길 32-135,충청남도 아산시 선장면 장곳리 382,36.7546230751013,126.843278568499,,정상가동,99.2,380,60,2020,,,,,2024-08-31
모아팜2,충청남도 아산시 선장면 서들남로159번길 32-135,충청남도 아산시 선장면 장곳리 382,36.7546230751013,126.843278568499,,정상가동,99.2,380,60,2020,,,,,2024-08-31
모아팜3,충청남도 아산시 선장면 서들남로159번길 32-135,충청남도 아산시 선장면 장곳리 382,36.7546230751013,126.843278568499,,정상가동,99.2,380,60,2020,,,,,2024-08-31
모아팜4,충청남도 아산시 선장면 서들남로159번길 32-139,충청남도 아산시 선장면 장곳리 382-2,36.7543264627041,126.843305824369,,정상가동,99.2,380,60,2020,,,,,2024-08-31
모아팜5,충청남도 아산시 선장면 서들남로159번길 32-139,충청남도 아산시 선장면 장곳리 382-2,36.7543264627041,126.843305824369,,정상가동,99.2,380,60,2020,,,,,2024-08-31
모아팜6,충청남도 아산시 선장면 서들남로159번길 32-139,충청남도 아산시 선장면 장곳리 382-2,36.7543264627041,126.843305824369,,정상가동,99.2,380,60,2020,,,,,2024-08-31
에코빌리지7,충청남도 아산시 선장면 서들남로159번길 32-137,충청남도 아산시 선장면 장곳리 382-6,36.7546734130261,126.844144117486,,정상가동,99.2,380,60,2020,,,,,2024-08-31
에코빌리지8,충청남도 아산시 선장면 서들남로159번길 32-137,충청남도 아산시 선장면 장곳리 382-6,36.7546734130261,126.844144117486,,정상가동,99.2,380,60,2020,,,,,2024-08-31
에코빌리지9,충청남도 아산시 선장면 서들남로159번길 32-137,충청남도 아산시 선장면 장곳리 382-6,36.7546734130261,126.844144117486,,정상가동,99.2,380,60,2020,,,,,2024-08-31
에코빌리지10,충청남도 아산시 선장면 서들남로159번길 32-141,충청남도 아산시 선장면 장곳리 382-5,36.7543766182956,126.8441699146,,정상가동,99.2,380,60,2020,,,,,2024-08-31
에코빌리지11,충청남도 아산시 선장면 서들남로159번길 32-141,충청남도 아산시 선장면 장곳리 382-5,36.7543766182956,126.8441699146,,정상가동,99.2,380,60,2020,,,,,2024-08-31
에코빌리지12,충청남도 아산시 선장면 서들남로159번길 32-141,충청남도 아산시 선장면 장곳리 382-5,36.7543766182956,126.8441699146,,정상가동,99.2,380,60,2020,,,,,2024-08-31
병길1,충청남도 아산시 음봉면 신휴길 292,충청남도 아산시 음봉면 신휴리 118-13,36.9022990023905,127.069121008935,,정상가동,99.75,380,60,2021,,,,,2024-08-31
병길2,,충청남도 아산시 음봉면 신휴리 609,36.8936137069475,127.067509888201,,정상가동,99.75,380,60,2021,,,,,2024-08-31
경애,충청남도 아산시 음봉면 신휴길 292,충청남도 아산시 음봉면 신휴리 118-13,36.9022990023905,127.069121008935,,정상가동,99.75,380,60,2021,,,,,2024-08-31
만정1호,충청남도 아산시 영인면 신운북길27번길 74-25,충청남도 아산시 영인면 신운리 672,36.8762988236742,126.95177389821,,정상가동,48.15,380,60,2021,,,,,2024-08-31
효민1호,충청남도 아산시 영인면 토정샘로 43-10,충청남도 아산시 영인면 역리 672,36.8778587802577,126.971129680799,,정상가동,99.18,380,60,2020,,,,,2024-08-31
효민2호,충청남도 아산시 영인면 토정샘로 43-10,충청남도 아산시 영인면 역리 672,36.8778587802577,126.971129680799,,정상가동,99.18,380,60,2020,,,,,2024-08-31
효민3호,충청남도 아산시 영인면 토정샘로 43-10,충청남도 아산시 영인면 역리 672,36.8778587802577,126.971129680799,,정상가동,99.18,380,60,2020,,,,,2024-08-31
HI쏠라,충청남도 아산시 음봉면 월암로436번길 96-10,충청남도 아산시 음봉면 쌍암리 5-48,36.8707873805612,127.086951992983,,정상가동,99.96,380,60,2020,,,,,2024-08-31
남용5호,,충청남도 아산시 신창면 수장리 95-1,36.8167780406035,126.964411125057,,정상가동,54.0,380,60,2020,,,,,2024-08-31
온양아산,충청남도 아산시 염치읍 현대로 16-13,충청남도 아산시 염치읍 염성리 157-15,36.8174779366498,126.969622964656,,정상가동,70.2,380,60,2021,,,,,2024-08-31
소망1,충청남도 아산시 선장면 서들남로159번길 32-143,충청남도 아산시 선장면 장곳리 382-3,36.7538337890249,126.843349940438,,정상가동,99.2,380,60,2020,,,,,2024-08-31
소망2,충청남도 아산시 선장면 서들남로159번길 32-143,충청남도 아산시 선장면 장곳리 382-3,36.7538337890249,126.843349940438,,정상가동,99.2,380,60,2020,,,,,2024-08-31
소망3,충청남도 아산시 선장면 서들남로159번길 32-143,충청남도 아산시 선장면 장곳리 382-3,36.7538337890249,126.843349940438,,정상가동,99.2,380,60,2020,,,,,2024-08-31
소망4,충청남도 아산시 선장면 서들남로159번길 32-145,충청남도 아산시 선장면 장곳리 382-4,36.7540796455202,126.844197391646,,정상가동,99.2,380,60,2020,,,,,2024-08-31
소망5,충청남도 아산시 선장면 서들남로159번길 32-145,충청남도 아산시 선장면 장곳리 382-4,36.7540796455202,126.844197391646,,정상가동,99.2,380,60,2020,,,,,2024-08-31
소망6,충청남도 아산시 선장면 서들남로159번길 32-145,충청남도 아산시 선장면 장곳리 382-4,36.7540796455202,126.844197391646,,정상가동,99.2,380,60,2020,,,,,2024-08-31
수에너지,충청남도 아산시 도고면 아산만로35번길 68-27,충청남도 아산시 도고면 봉농리 558,36.7524690849257,126.857129393259,,정상가동,99.6,380,60,2020,,,,,2024-08-31
환에너지,충청남도 아산시 도고면 아산만로35번길 68-27,충청남도 아산시 도고면 봉농리 558,36.7524690849257,126.857129393259,,정상가동,99.6,380,60,2020,,,,,2024-08-31
진에너지,충청남도 아산시 도고면 아산만로35번길 68-27,충청남도 아산시 도고면 봉농리 558,36.7524690849257,126.857129393259,,정상가동,99.6,380,60,2020,,,,,2024-08-31
대한에너지,충청남도 아산시 도고면 아산만로35번길 68-26,충청남도 아산시 도고면 봉농리 558-1,36.7521651683316,126.857155152794,,정상가동,99.6,380,60,2020,,,,,2024-08-31
민국에너지,충청남도 아산시 도고면 아산만로35번길 68-26,충청남도 아산시 도고면 봉농리 558-1,36.7521651683316,126.857155152794,,정상가동,99.6,380,60,2020,,,,,2024-08-31
무궁화에너지,충청남도 아산시 도고면 아산만로35번길 68-26,충청남도 아산시 도고면 봉농리 558-1,36.7521651683316,126.857155152794,,정상가동,99.6,380,60,2020,,,,,2024-08-31
빛나불,충청남도 아산시 도고면 아산만로35번길 68-25,충청남도 아산시 도고면 봉농리 558-2,36.7518619735506,126.857181694656,,정상가동,99.6,380,60,2020,,,,,2024-08-31
제일에너지,충청남도 아산시 도고면 아산만로35번길 68-25,충청남도 아산시 도고면 봉농리 558-2,36.7518619735506,126.857181694656,,정상가동,99.6,380,60,2020,,,,,2024-08-31
용문,충청남도 아산시 도고면 아산만로35번길 68-25,충청남도 아산시 도고면 봉농리 558-2,36.7518619735506,126.857181694656,,정상가동,99.6,380,60,2020,,,,,2024-08-31
하영에너지,충청남도 아산시 선장면 학성로 150-8,충청남도 아산시 선장면 죽산리 133-1,36.7806046695184,126.912023588872,,정상가동,74.7,380,60,2020,,,,,2024-08-31
이진에너지,충청남도 아산시 선장면 학성로 150-8,충청남도 아산시 선장면 죽산리 133-1,36.7806046695184,126.912023588872,,정상가동,99.6,380,60,2020,,,,,2024-08-31
아원에너지,충청남도 아산시 선장면 학성로 150-8,충청남도 아산시 선장면 죽산리 133-1,36.7806046695184,126.912023588872,,정상가동,74.7,380,60,2020,,,,,2024-08-31
준형에너지,충청남도 아산시 선장면 학성로 150-8,충청남도 아산시 선장면 죽산리 133-1,36.7806046695184,126.912023588872,,정상가동,99.6,380,60,2020,,,,,2024-08-31
도고미종,충청남도 아산시 도고면 온천대로 420-73,"충청남도 아산시 도고면 시전리 83, 85",36.7498082048,126.904824023985,,정상가동,99.45,380,60,2021,,,,,2024-08-31
도고종희,충청남도 아산시 도고면 온천대로 420-73,"충청남도 아산시 도고면 시전리 83, 85",36.7498082048,126.904824023985,,정상가동,99.45,380,60,2021,,,,,2024-08-31
SH산동514 1동,충청남도 아산시 음봉면 산동로59번길 27-12,충청남도 아산시 음봉면 산동리 514,36.8344284989842,127.091910579991,,정상가동,26.4,380,60,2020,,,,,2024-08-31
SH산동514 2동,충청남도 아산시 음봉면 산동로59번길 27-12,충청남도 아산시 음봉면 산동리 514,36.8344284989842,127.091910579991,,정상가동,29.6,380,60,2020,,,,,2024-08-31
SH산동515 1동,충청남도 아산시 음봉면 산동로59번길 27-14,충청남도 아산시 음봉면 산동리 515,36.8340929054987,127.092865509074,,정상가동,29.6,380,60,2020,,,,,2024-08-31
SH산동515 2동,충청남도 아산시 음봉면 산동로59번길 27-14,충청남도 아산시 음봉면 산동리 515,36.8340929054987,127.092865509074,,정상가동,29.6,380,60,2020,,,,,2024-08-31
SH산동515 3동,충청남도 아산시 음봉면 산동로59번길 27-14,충청남도 아산시 음봉면 산동리 515,36.8340929054987,127.092865509074,,정상가동,29.6,380,60,2020,,,,,2024-08-31
SH산동515 4동,충청남도 아산시 음봉면 산동로59번길 27-14,충청남도 아산시 음봉면 산동리 515,36.8340929054987,127.092865509074,,정상가동,29.6,380,60,2020,,,,,2024-08-31
SH산동515 5동,충청남도 아산시 음봉면 산동로59번길 27-14,충청남도 아산시 음봉면 산동리 515,36.8340929054987,127.092865509074,,정상가동,29.6,380,60,2020,,,,,2024-08-31
CB신정387-1 1동,충청남도 아산시 음봉면 신정리길 131,충청남도 아산시 음봉면 신정리 387-1,36.8740768697446,127.014479312097,,정상가동,29.6,380,60,2020,,,,,2024-08-31
CB신정387-1 2동,충청남도 아산시 음봉면 신정리길 131,충청남도 아산시 음봉면 신정리 387-1,36.8740768697446,127.014479312097,,정상가동,19.2,380,60,2020,,,,,2024-08-31
CB신정387-1 3동,충청남도 아산시 음봉면 신정리길 131,충청남도 아산시 음봉면 신정리 387-1,36.8740768697446,127.014479312097,,정상가동,19.6,380,60,2020,,,,,2024-08-31
CB신정387-1 4동,충청남도 아산시 음봉면 신정리길 131,충청남도 아산시 음봉면 신정리 387-1,36.8740768697446,127.014479312097,,정상가동,19.6,380,60,2020,,,,,2024-08-31
CB신정387-1 5동,충청남도 아산시 음봉면 신정리길 131,충청남도 아산시 음봉면 신정리 387-1,36.8740768697446,127.014479312097,,정상가동,19.6,380,60,2020,,,,,2024-08-31
정록,,충청남도 아산시 둔포면 신항리 849-8,36.8877744512715,127.022818455036,,정상가동,98.4,380,60,2020,,,,,2024-08-31
SH원남318-3 1동,충청남도 아산시 음봉면 음봉면로 232-63,충청남도 아산시 음봉면 원남리 318-3,36.8577479749908,127.025733254478,,정상가동,29.6,380,60,2021,,,,,2024-08-31
SH원남318-3 2동,충청남도 아산시 음봉면 음봉면로 232-63,충청남도 아산시 음봉면 원남리 318-3,36.8577479749908,127.025733254478,,정상가동,29.6,380,60,2021,,,,,2024-08-31
SH원남318-3 3동,충청남도 아산시 음봉면 음봉면로 232-63,충청남도 아산시 음봉면 원남리 318-3,36.8577479749908,127.025733254478,,정상가동,19.6,380,60,2021,,,,,2024-08-31
SH원남318-3 4동,충청남도 아산시 음봉면 음봉면로 232-63,충청남도 아산시 음봉면 원남리 318-3,36.8577479749908,127.025733254478,,정상가동,19.2,380,60,2021,,,,,2024-08-31
SH원남318-3 5동,충청남도 아산시 음봉면 음봉면로 232-63,충청남도 아산시 음봉면 원남리 318-3,36.8577479749908,127.025733254478,,정상가동,19.2,380,60,2021,,,,,2024-08-31
SH원남318-3 6동,충청남도 아산시 음봉면 음봉면로 232-63,충청남도 아산시 음봉면 원남리 318-3,36.8577479749908,127.025733254478,,정상가동,19.2,380,60,2021,,,,,2024-08-31
SH원남318-3 7동,충청남도 아산시 음봉면 음봉면로 232-63,충청남도 아산시 음봉면 원남리 318-3,36.8577479749908,127.025733254478,,정상가동,19.2,380,60,2021,,,,,2024-08-31
SA원남288 1동,충청남도 아산시 음봉면 음봉면로 234-28,충청남도 아산시 음봉면 원남리 288,36.8601895958796,127.027391051219,,정상가동,29.6,380,60,2020,,,,,2024-08-31
SA원남288 2동,충청남도 아산시 음봉면 음봉면로 234-28,충청남도 아산시 음봉면 원남리 288,36.8601895958796,127.027391051219,,정상가동,19.6,380,60,2020,,,,,2024-08-31
SH성내350 2동,충청남도 아산시 영인면 윤보선로 1,충청남도 아산시 영인면 성내리 350,36.8782727029241,126.994536156826,,정상가동,99.2,380,60,2021,,,,,2024-08-31
SH성내350-3 1동,,충청남도 아산시 영인면 성내리 350-3,36.8782263676123,126.994143017601,,정상가동,99.2,380,60,2021,,,,,2024-08-31
CB신봉74-4 1동,충청남도 아산시 영인면 윤보선로 52-2,충청남도 아산시 영인면 신봉리 74-4,36.8815308246754,126.997641379719,,정상가동,19.6,380,60,2021,,,,,2024-08-31
CB신봉74-4 2동,충청남도 아산시 영인면 윤보선로 52-2,충청남도 아산시 영인면 신봉리 74-4,36.8815308246754,126.997641379719,,정상가동,29.6,380,60,2021,,,,,2024-08-31
CB신봉74-4 3동,충청남도 아산시 영인면 윤보선로 52-2,충청남도 아산시 영인면 신봉리 74-4,36.8815308246754,126.997641379719,,정상가동,29.6,380,60,2021,,,,,2024-08-31
GS신봉74-10 1동,충청남도 아산시 영인면 윤보선로 48,충청남도 아산시 영인면 신봉리 74-10,36.881526865835,126.99796611496,,정상가동,79.2,380,60,2021,,,,,2024-08-31
GS신봉74-10 3동,충청남도 아산시 영인면 윤보선로 48,충청남도 아산시 영인면 신봉리 74-10,36.881526865835,126.99796611496,,정상가동,79.2,380,60,2021,,,,,2024-08-31
SH신봉74-10 5동,충청남도 아산시 영인면 윤보선로 48,충청남도 아산시 영인면 신봉리 74-10,36.881526865835,126.99796611496,,정상가동,28.8,380,60,2021,,,,,2024-08-31
CB신봉74-10 6동,충청남도 아산시 영인면 윤보선로 48,충청남도 아산시 영인면 신봉리 74-10,36.881526865835,126.99796611496,,정상가동,29.6,380,60,2021,,,,,2024-08-31
다산2,충청남도 아산시 둔포면 운교길 173-1,충청남도 아산시 둔포면 운교리 63-1,36.9130115130012,127.047652995101,,정상가동,99.68,380,60,2021,,,,,2024-08-31
농은4호,충청남도 아산시 도고면 도고산로74번길 19-59,충청남도 아산시 도고면 농은리 168-3,36.707850716999,126.928331912927,,정상가동,29.16,380,60,2021,,,,,2024-08-31
농은3호,충청남도 아산시 도고면 도고산로74번길 19-59,충청남도 아산시 도고면 농은리 168-3,36.707850716999,126.928331912927,,정상가동,95.94,380,60,2021,,,,,2024-08-31
서은,충청남도 아산시 도고면 도고산로74번길 19-63,충청남도 아산시 도고면 농은리 168-1,36.7082324113487,126.929045935031,,정상가동,97.2,380,60,2021,,,,,2024-08-31
농은1호,충청남도 아산시 도고면 도고산로74번길 19-61,충청남도 아산시 도고면 농은리 168-2,36.7079306165764,126.928882364268,,정상가동,97.2,380,60,2021,,,,,2024-08-31
농은2호,충청남도 아산시 도고면 도고산로74번길 19-61,충청남도 아산시 도고면 농은리 168-2,36.7079306165764,126.928882364268,,정상가동,29.16,380,60,2021,,,,,2024-08-31
수지죽산1호,충청남도 아산시 선장면 학성로122번길 97-6,충청남도 아산시 선장면 죽산리 67-3,36.7834357500086,126.903484726114,,정상가동,98.745,380,60,2021,,,,,2024-08-31
수지죽산2호,충청남도 아산시 선장면 학성로122번길 97-6,충청남도 아산시 선장면 죽산리 67-3,36.7834357500086,126.903484726114,,정상가동,98.745,380,60,2021,,,,,2024-08-31
수지죽산3호,충청남도 아산시 선장면 학성로122번길 97-6,충청남도 아산시 선장면 죽산리 67-3,36.7834357500086,126.903484726114,,정상가동,98.745,380,60,2021,,,,,2024-08-31
수지죽산4호,충청남도 아산시 선장면 학성로122번길 97-6,충청남도 아산시 선장면 죽산리 67-3,36.7834357500086,126.903484726114,,정상가동,98.745,380,60,2021,,,,,2024-08-31
요안1호,충청남도 아산시 둔포면 관대길38번길 51,충청남도 아산시 둔포면 산전리 194-2,36.9005992932975,127.038931458771,,정상가동,49.5,380,60,2021,,,,,2024-08-31
요안2호,충청남도 아산시 둔포면 관대길38번길 51,충청남도 아산시 둔포면 산전리 194-2,36.9005992932975,127.038931458771,,정상가동,49.5,380,60,2021,,,,,2024-08-31
요안3호,충청남도 아산시 둔포면 관대길38번길 51,충청남도 아산시 둔포면 산전리 194,36.9005992932975,127.038931458771,,정상가동,99.44,380,60,2021,,,,,2024-08-31
금사동1호,충청남도 아산시 도고면 벚꽃로694번길 81-29,충청남도 아산시 도고면 효자리 32,36.7383153002141,126.871368446664,,정상가동,99.6,380,60,2021,,,,,2024-08-31
금사동2호,충청남도 아산시 도고면 벚꽃로694번길 81-29,충청남도 아산시 도고면 효자리 32,36.7383153002141,126.871368446664,,정상가동,99.6,380,60,2021,,,,,2024-08-31
금사동3호,충청남도 아산시 도고면 벚꽃로694번길 81-29,충청남도 아산시 도고면 효자리 32,36.7383153002141,126.871368446664,,정상가동,99.6,380,60,2021,,,,,2024-08-31
금사동4호,충청남도 아산시 도고면 벚꽃로694번길 81-29,충청남도 아산시 도고면 효자리 32,36.7383153002141,126.871368446664,,정상가동,99.6,380,60,2021,,,,,2024-08-31
금사동5호,충청남도 아산시 도고면 벚꽃로694번길 81-29,충청남도 아산시 도고면 효자리 32,36.7383153002141,126.871368446664,,정상가동,99.6,380,60,2021,,,,,2024-08-31
샤인,충청남도 아산시 배방읍 고불로 394-2,충청남도 아산시 배방읍 중리 151-5,36.7371168119868,127.049960159131,,정상가동,19.875,380,60,2021,,,,,2024-08-31
칠목3호,충청남도 아산시 신창면 행목로 100-17,충청남도 아산시 신창면 행목리 311-1,36.772912538235,126.955045540678,,정상가동,99.9,380,60,2021,,,,,2024-08-31
칠목4호,충청남도 아산시 신창면 행목로 100-17,충청남도 아산시 신창면 행목리 311-1,36.772912538235,126.955045540678,,정상가동,99.9,380,60,2021,,,,,2024-08-31
다운1호,충청남도 아산시 음봉면 음봉면로 302-75,충청남도 아산시 음봉면 원남리 168-6,36.8700562528109,127.032948900332,,정상가동,99.96,380,60,2021,,,,,2024-08-31
향산1,충청남도 아산시 도고면 온천대로379번길 62,충청남도 아산시 도고면 향산리 397-2,36.7578007304746,126.893099489756,,정상가동,68.0,380,60,2021,,,,,2024-08-31
두바이,충청남도 아산시 무궁화로52번길 5,충청남도 아산시 초사동 190-6,36.7467856265638,126.98101022682,,정상가동,77.4,380,60,2021,,,,,2024-08-31
인,,충청남도 아산시 도고면 덕암리 271,36.7378376241226,126.929713866801,,정상가동,99.18,380,60,2021,,,,,2024-08-31
유림1호,충청남도 아산시 배방읍 고불로 251,충청남도 아산시 배방읍 수철리 331-4,36.7275746881529,127.058001712868,,정상가동,99.96,380,60,2021,,,,,2024-08-31
유림2호,충청남도 아산시 배방읍 고불로 251,충청남도 아산시 배방읍 수철리 331-4,36.7275746881529,127.058001712868,,정상가동,99.96,380,60,2021,,,,,2024-08-31
유림3호,충청남도 아산시 배방읍 고불로 251-2,충청남도 아산시 배방읍 수철리 331-3,36.7272685973354,127.057587505452,,정상가동,99.96,380,60,2021,,,,,2024-08-31
이레,충청남도 아산시 음봉면 연암율금로 505-65,충청남도 아산시 음봉면 쌍룡리 107-1,36.8851340136293,127.073421066758,,정상가동,99.45,380,60,2021,,,,,2024-08-31
해동에너지,충청남도 아산시 수장로25번길 5,충청남도 아산시 배미동 70,36.7944804400969,126.970536242321,,정상가동,123.3,380,60,2021,,,,,2024-08-31
나눔,,충청남도 아산시 신창면 궁화리 31-12,36.8017594446007,126.922036348053,,정상가동,98.44,380,60,2021,,,,,2024-08-31
사랑,,충청남도 아산시 신창면 궁화리 31-6,36.801800220482,126.921421014828,,정상가동,98.44,380,60,2021,,,,,2024-08-31
호동,충청남도 아산시 둔포면 봉재길17번길 53,충청남도 아산시 둔포면 봉재리 61-1,36.8864502539125,127.041304695525,,정상가동,29.58,380,60,2021,,,,,2024-08-31
우주2호,,충청남도 아산시 둔포면 염작리 149-10,36.9162183163511,127.076483309429,,정상가동,99.0,380,60,2021,,,,,2024-08-31
우주3호,,충청남도 아산시 둔포면 염작리 145-1,36.916134013652,127.077395811773,,정상가동,99.0,380,60,2021,,,,,2024-08-31
김승○,충청남도 아산시 청운로 107,충청남도 아산시 온천동 303-6,36.7835190004016,127.007523690045,,정상가동,19.57,380,60,2021,,,,,2024-08-31
도진,충청남도 아산시 둔포면 관대안길 168-33,충청남도 아산시 둔포면 관대리 453,36.9152296403045,127.039578212913,,정상가동,99.68,380,60,2021,,,,,2024-08-31
도하,충청남도 아산시 둔포면 관대안길 168-33,충청남도 아산시 둔포면 관대리 453,36.9152296403045,127.039578212913,,정상가동,99.68,380,60,2021,,,,,2024-08-31
여운1,충청남도 아산시 둔포면 관대안길 146-30,충청남도 아산시 둔포면 관대리 469,36.9126722599498,127.041375050497,,정상가동,99.68,380,60,2021,,,,,2024-08-31
여운2,충청남도 아산시 둔포면 관대안길 146-30,충청남도 아산시 둔포면 관대리 469,36.9126722599498,127.041375050497,,정상가동,99.68,380,60,2021,,,,,2024-08-31
미래1호,충청남도 아산시 음봉면 신수리길 104-25,충청남도 아산시 음봉면 신수리 397-6,36.8440388170097,126.9772830065,,정상가동,98.77,380,60,2021,,,,,2024-08-31
아정테크,충청남도 아산시 음봉면 연암율금로295번길 68-29,충청남도 아산시 음봉면 소동리 61-45,36.8761330399175,127.054441068477,,정상가동,99.9,380,60,2021,,,,,2024-08-31
화진,충청남도 아산시 도고면 벚꽃로708번길 69-13,충청남도 아산시 도고면 효자리 142-4,36.7404012652457,126.864431182299,,정상가동,64.8,380,60,2021,,,,,2024-08-31
금호,충청남도 아산시 송악면 송악로225번길 25,충청남도 아산시 송악면 수곡리 93-1,36.7189989781372,126.956403285388,,정상가동,82.49,380,60,2021,,,,,2024-08-31
kepco-7-F5이든테크,충청남도 아산시 둔포면 아산밸리북로 111-11,충청남도 아산시 둔포면 석곡리 1296,36.9280940037142,127.059320330137,,정상가동,943.36,22900,60,2021,,,,,2024-08-31
부자,충청남도 아산시 도고면 벚꽃로708번길 69-24,충청남도 아산시 도고면 효자리 147,36.7412701453569,126.864131935287,,정상가동,99.645,380,60,2021,,,,,2024-08-31
도우2호,충청남도 아산시 도고면 벚꽃로708번길 69-24,충청남도 아산시 도고면 효자리 147,36.7412701453569,126.864131935287,,정상가동,97.37,380,60,2021,,,,,2024-08-31
민우2호,충청남도 아산시 도고면 벚꽃로708번길 69-24,충청남도 아산시 도고면 효자리 147,36.7412701453569,126.864131935287,,정상가동,99.19,380,60,2021,,,,,2024-08-31
금성,충청남도 아산시 도고면 벚꽃로708번길 69-24,충청남도 아산시 도고면 효자리 147,36.7412701453569,126.864131935287,,정상가동,81.9,380,60,2021,,,,,2024-08-31
학산6호,충청남도 아산시 도고면 벚꽃로708번길 69-24,충청남도 아산시 도고면 효자리 147,36.7412701453569,126.864131935287,,정상가동,42.315,380,60,2021,,,,,2024-08-31
아산테라1,충청남도 아산시 탕정면 탕정면로 160-11,충청남도 아산시 탕정면 갈산리 61-10,36.8041963607064,127.072783995015,,정상가동,17.275,380,60,2021,,,,,2024-08-31
우리원,충청남도 아산시 도고면 도고산로 104,충청남도 아산시 도고면 농은리 209,36.7113723419022,126.9206945869,,정상가동,99.68,380,60,2021,,,,,2024-08-31
길환,충청남도 아산시 도고면 도고산로 104,충청남도 아산시 도고면 농은리 209,36.7113723419022,126.9206945869,,정상가동,29.815,380,60,2021,,,,,2024-08-31
에스에이치B,,충청남도 아산시 도고면 오암리 10,36.7240152792695,126.934747489001,,정상가동,90.21,380,60,2023,,,,,2024-08-31
굿드림,,충청남도 아산시 도고면 오암리 10-3,36.7240292351285,126.935055876138,,정상가동,90.21,380,60,2023,,,,,2024-08-31
나이스2호,충청남도 아산시 인주면 해암로 138,충청남도 아산시 인주면 해암리 36-2,36.8413097587072,126.892861952941,,정상가동,66.24,380,60,2021,,,,,2024-08-31
만수네,충청남도 아산시 인주면 영인산로 260-56,충청남도 아산시 인주면 냉정리 309-7,36.8521326225747,126.906365004997,,정상가동,74.165,380,60,2021,,,,,2024-08-31
아람,충청남도 아산시 인주면 인주로 227-28,충청남도 아산시 인주면 문방리 4-3,36.8478038274304,126.888049599574,,정상가동,99.96,380,60,2021,,,,,2024-08-31
폴리,충청남도 아산시 인주면 인주로 227-28,충청남도 아산시 인주면 문방리 4-3,36.8478038274304,126.888049599574,,정상가동,99.96,380,60,2021,,,,,2024-08-31
해리,충청남도 아산시 인주면 인주로 227-28,충청남도 아산시 인주면 문방리 4-3,36.8478038274304,126.888049599574,,정상가동,99.96,380,60,2021,,,,,2024-08-31
순화,충청남도 아산시 인주면 인주로 227-28,충청남도 아산시 인주면 문방리 4-3,36.8478038274304,126.888049599574,,정상가동,99.96,380,60,2021,,,,,2024-08-31
리오,충청남도 아산시 인주면 인주로 227-28,충청남도 아산시 인주면 문방리 4-3,36.8478038274304,126.888049599574,,정상가동,99.96,380,60,2021,,,,,2024-08-31
충남1호,충청남도 아산시 배방읍 수철리길 67-3,충청남도 아산시 배방읍 수철리 341-2,36.7261642162709,127.050353041774,,정상가동,99.9,380,60,2021,,,,,2024-08-31
충남2호,충청남도 아산시 배방읍 수철리길 67-3,충청남도 아산시 배방읍 수철리 341-2,36.7261642162709,127.050353041774,,정상가동,99.9,380,60,2021,,,,,2024-08-31
도흥1호,,충청남도 아산시 인주면 도흥리 13-1,36.8369736263866,126.909079857265,,정상가동,98.44,380,60,2021,,,,,2024-08-31
도흥2호,,충청남도 아산시 인주면 도흥리 13-1,36.8369736263866,126.909079857265,,정상가동,98.44,380,60,2021,,,,,2024-08-31
해유공단1호,충청남도 아산시 음봉면 연암산로 71-22,충청남도 아산시 음봉면 동암리 48,36.849865357766,127.050104962323,,정상가동,22.95,380,60,2021,,,,,2024-08-31
해유공단2호,충청남도 아산시 음봉면 연암산로 71-16,충청남도 아산시 음봉면 동암리 47,36.8502698230782,127.049772998914,,정상가동,94.5,380,60,2021,,,,,2024-08-31
해유공단3호,충청남도 아산시 음봉면 연암산로 71-16,충청남도 아산시 음봉면 동암리 47,36.8502698230782,127.049772998914,,정상가동,50.4,380,60,2021,,,,,2024-08-31
해유공단4호,충청남도 아산시 음봉면 연암산로 71-21,충청남도 아산시 음봉면 동암리 47-3,36.850008904374,127.050316972156,,정상가동,50.4,380,60,2021,,,,,2024-08-31
해유공단5호,충청남도 아산시 음봉면 연암산로 71-21,충청남도 아산시 음봉면 동암리 47-3,36.850008904374,127.050316972156,,정상가동,31.5,380,60,2021,,,,,2024-08-31
해유공단6호,충청남도 아산시 음봉면 연암산로 71-13,충청남도 아산시 음봉면 동암리 47-2,36.8504608351878,127.050040430197,,정상가동,99.9,380,60,2021,,,,,2024-08-31
봉봉하이텍,충청남도 아산시 음봉면 신의길 63-4,충청남도 아산시 음봉면 신휴리 106-39,36.8959227559792,127.07360540946,,정상가동,97.37,380,60,2021,,,,,2024-08-31
라온국제,충청남도 아산시 둔포면 둔포중앙로171번길 8,충청남도 아산시 둔포면 둔포리 380-12,36.9250327186953,127.038538710913,,정상가동,19.125,380,60,2021,,,,,2024-08-31
세한2호,충청남도 아산시 인주면 아산호로20번길 53,충청남도 아산시 인주면 공세리 448-2,36.8847184003522,126.917475154222,,정상가동,18.48,380,60,2021,,,,,2024-08-31
그린진,,충청남도 아산시 선장면 신동리 22-1,36.7943580356107,126.896381457261,,정상가동,29.7,380,60,2021,,,,,2024-08-31
그린수,,충청남도 아산시 선장면 신동리 22-1,36.7943580356107,126.896381457261,,정상가동,29.7,380,60,2021,,,,,2024-08-31
해유공단7호,충청남도 아산시 음봉면 연암산로 55-2,충청남도 아산시 음봉면 동암리 63-3,36.8499369728585,127.051006044314,,정상가동,64.8,380,60,2021,,,,,2024-08-31
해유공단8호,충청남도 아산시 음봉면 연암산로 55-1,충청남도 아산시 음봉면 동암리 63-7,36.8495569880951,127.051189451474,,정상가동,40.05,380,60,2021,,,,,2024-08-31
해유공단9호,충청남도 아산시 음봉면 연암산로 55-5,충청남도 아산시 음봉면 동암리 63-8,36.8495170916773,127.050927166297,,정상가동,19.8,380,60,2021,,,,,2024-08-31
해유공단10호,충청남도 아산시 음봉면 연암산로 55-3,충청남도 아산시 음봉면 동암리 63-10,36.8493105016239,127.051059447632,,정상가동,19.8,380,60,2021,,,,,2024-08-31
평촌,충청남도 아산시 송악면 평촌길50번길 123-1,충청남도 아산시 송악면 평촌리 37,36.7428467754379,127.00542825144,,정상가동,90.28,380,60,2021,,,,,2024-08-31
에스와이인주3공장,충청남도 아산시 인주면 인주산단로 75-78,충청남도 아산시 인주면 걸매리 1084,36.8724848652621,126.869417168621,,정상가동,997.5,22900,60,2021,,,,,2024-08-31
굿파워아산신수2호,,충청남도 아산시 음봉면 신수리 200,36.8463973559432,126.983144262384,,정상가동,499.56,380,60,2022,,,,,2024-08-31
아산1호,충청남도 아산시 선장면 아산만로 893-14,충청남도 아산시 선장면 가산리 793,36.8165558425553,126.863222415665,,정상가동,99.36,380,60,2022,,,,,2024-08-31
아산2호,충청남도 아산시 선장면 아산만로 893-14,충청남도 아산시 선장면 가산리 793,36.8165558425553,126.863222415665,,정상가동,99.36,380,60,2022,,,,,2024-08-31
아산3호,충청남도 아산시 선장면 아산만로 893-14,충청남도 아산시 선장면 가산리 793,36.8165558425553,126.863222415665,,정상가동,99.36,380,60,2022,,,,,2024-08-31
아산4호,충청남도 아산시 선장면 아산만로 893-14,충청남도 아산시 선장면 가산리 793,36.8165558425553,126.863222415665,,정상가동,99.36,380,60,2022,,,,,2024-08-31
아산5호,충청남도 아산시 선장면 아산만로 893-14,충청남도 아산시 선장면 가산리 793,36.8165558425553,126.863222415665,,정상가동,99.36,380,60,2022,,,,,2024-08-31
아산6호,충청남도 아산시 선장면 아산만로 893-14,충청남도 아산시 선장면 가산리 793,36.8165558425553,126.863222415665,,정상가동,99.36,380,60,2022,,,,,2024-08-31
아산7호,충청남도 아산시 선장면 아산만로 893-14,충청남도 아산시 선장면 가산리 793,36.8165558425553,126.863222415665,,정상가동,99.36,380,60,2022,,,,,2024-08-31
아산8호,충청남도 아산시 선장면 아산만로 893-14,충청남도 아산시 선장면 가산리 793,36.8165558425553,126.863222415665,,정상가동,99.36,380,60,2022,,,,,2024-08-31
신선1호,충청남도 아산시 선장면 아산만로 893-12,충청남도 아산시 선장면 가산리 798,36.8164021429238,126.864824476985,,정상가동,99.36,380,60,2022,,,,,2024-08-31
신선2호,충청남도 아산시 선장면 아산만로 893-12,충청남도 아산시 선장면 가산리 798,36.8164021429238,126.864824476985,,정상가동,99.36,380,60,2022,,,,,2024-08-31
신선3호,충청남도 아산시 선장면 아산만로 893-12,충청남도 아산시 선장면 가산리 798,36.8164021429238,126.864824476985,,정상가동,99.36,380,60,2022,,,,,2024-08-31
신선4호,충청남도 아산시 선장면 아산만로 893-12,충청남도 아산시 선장면 가산리 798,36.8164021429238,126.864824476985,,정상가동,99.36,380,60,2022,,,,,2024-08-31
신선5호,충청남도 아산시 선장면 아산만로 893-12,충청남도 아산시 선장면 가산리 798,36.8164021429238,126.864824476985,,정상가동,99.36,380,60,2022,,,,,2024-08-31
신선6호,충청남도 아산시 선장면 아산만로 893-12,충청남도 아산시 선장면 가산리 798,36.8164021429238,126.864824476985,,정상가동,99.36,380,60,2022,,,,,2024-08-31
호권,충청남도 아산시 음봉면 산동로 296,충청남도 아산시 음봉면 산동리 212-5,36.8513093529678,127.107006346792,,정상가동,320.775,380,60,2021,,,,,2024-08-31
삼일,충청남도 아산시 음봉면 산동로 296-18,충청남도 아산시 음봉면 산동리 212-1,36.8504407070937,127.106583992622,,정상가동,170.625,380,60,2021,,,,,2024-08-31
창산이,충청남도 아산시 신창면 서부남로790번길 4,충청남도 아산시 신창면 읍내리 66-4,36.7847821704307,126.934718074606,,정상가동,57.04,380,60,2021,,,,,2024-08-31
반도크레인,충청남도 아산시 음봉면 연암율금로295번길 68-48,충청남도 아산시 음봉면 소동리 61-56,36.8777431110149,127.054868103561,,정상가동,99.235,380,60,2022,,,,,2024-08-31
신성1,충청남도 아산시 인주면 현대로 1173,충청남도 아산시 인주면 관암리 405-13,36.8585095432654,126.882597682011,,정상가동,488.64,380,60,2021,,,,,2024-08-31
신성2,충청남도 아산시 인주면 현대로 1173,충청남도 아산시 인주면 관암리 400-1,36.8585095432654,126.882597682011,,정상가동,98.56,380,60,2021,,,,,2024-08-31
은경,충청남도 아산시 영인면 영인로 61,충청남도 아산시 영인면 아산리 460-6,36.8550296027499,126.955116695235,,정상가동,29.58,380,60,2021,,,,,2024-08-31
보아스,충청남도 아산시 선장면 부엉산길 110,충청남도 아산시 선장면 선창리 275-5,36.7930868741611,126.879404677,,정상가동,98.98,380,60,2022,,,,,2024-08-31
명석,충청남도 아산시 염치읍 석정길 224,충청남도 아산시 염치읍 석정리 519-6,36.8009204231426,126.988175680908,,정상가동,66.24,380,60,2021,,,,,2024-08-31
승태,충청남도 아산시 염치읍 염성길 109-27,충청남도 아산시 염치읍 염성리 257-19,36.8138853304817,126.971195413057,,정상가동,98.28,380,60,2021,,,,,2024-08-31
진봉,충청남도 아산시 순천향로 432,충청남도 아산시 초사동 40-3,36.7556210754317,126.971755310864,,정상가동,99.88,380,60,2021,,,,,2024-08-31
동광일,충청남도 아산시 신인남길 36-16,충청남도 아산시 초사동 159-1,36.7479734708613,126.982088042227,,정상가동,99.36,380,60,2021,,,,,2024-08-31
우리이앤아이㈜,충청남도 아산시 음봉면 연암율금로295번길 2,충청남도 아산시 음봉면 소동리 11-18,36.8696022589694,127.057599613531,,정상가동,69.92,380,60,2021,,,,,2024-08-31
신흥팩,충청남도 아산시 둔포면 윤보선로 403-63,충청남도 아산시 둔포면 신남리 683-3,36.9062373128736,127.012578987023,,정상가동,187.2,380,60,2022,,,,,2024-08-31
도흥3호,,충청남도 아산시 인주면 도흥리 13-1,36.8369736263866,126.909079857265,,정상가동,98.44,380,60,2021,,,,,2024-08-31
도흥4호,,충청남도 아산시 인주면 도흥리 13-1,36.8369736263866,126.909079857265,,정상가동,98.44,380,60,2021,,,,,2024-08-31
수오재 에너지,충청남도 아산시 삼동로86번길 25-7,충청남도 아산시 권곡동 530-20,36.7878611721347,127.01463022893,,정상가동,18.0,380,60,2021,,,,,2024-08-31
애플,충청남도 아산시 선장면 서부남로172번길 12-57,충청남도 아산시 선장면 선창리 195-21,36.7824830530602,126.880425162183,,정상가동,99.75,380,60,2021,,,,,2024-08-31
체리,충청남도 아산시 선장면 서부남로172번길 12-57,충청남도 아산시 선장면 선창리 195-21,36.7824830530602,126.880425162183,,정상가동,29.925,380,60,2021,,,,,2024-08-31
윤자,충청남도 아산시 영인면 아산호로 710-37,충청남도 아산시 영인면 창용리 21-7,36.90940443905,126.983369533809,,정상가동,20.0,380,60,2021,,,,,2024-08-31
수곡1호,,충청남도 아산시 송악면 수곡리 121,36.7187235916056,126.953307238733,,정상가동,99.18,380,60,2022,,,,,2024-08-31
수곡2호,,충청남도 아산시 송악면 수곡리 121,36.7187235916056,126.953307238733,,정상가동,99.18,380,60,2022,,,,,2024-08-31
남촌,충청남도 아산시 도고면 도고산로59번길 5,충청남도 아산시 도고면 농은리 267-1,36.707171406905,126.920059521436,,정상가동,19.35,380,60,2021,,,,,2024-08-31
무지개동산,충청남도 아산시 신창면 온천대로 1048-6,충청남도 아산시 신창면 행목리 221-1,36.7827371488119,126.955557591353,,정상가동,29.925,380,60,2021,,,,,2024-08-31
성진미도어,충청남도 아산시 음봉면 월산로 128-130,충청남도 아산시 음봉면 산동리 665,36.844802999815,127.085046727592,,정상가동,66.885,380,60,2022,,,,,2024-08-31
주식회사 효광,충청남도 아산시 도고면 도고산로 641,충청남도 아산시 도고면 시전리 253,36.746590140411,126.894681337603,,정상가동,193.6,380,60,2022,,,,,2024-08-31
동암1호,충청남도 아산시 음봉면 음봉로415번길 14-13,충청남도 아산시 음봉면 동암리 174-1,36.8441293069082,127.05889226367,,정상가동,97.37,380,60,2022,,,,,2024-08-31
동암2호,충청남도 아산시 음봉면 음봉로415번길 14-13,충청남도 아산시 음봉면 동암리 174-1,36.8441293069082,127.05889226367,,정상가동,59.92,380,60,2022,,,,,2024-08-31
에어로스페이스 아산,충청남도 아산시 둔포면 아산밸리남로 144,충청남도 아산시 둔포면 석곡리 1512,36.9148825379439,127.062280219501,,정상가동,856.8,22900,60,2021,,,,,2024-08-31
오암1호,,충청남도 아산시 도고면 오암리 75,36.7225294599766,126.933203199128,,정상가동,98.44,380,60,2021,,,,,2024-08-31
오암2호,,충청남도 아산시 도고면 오암리 75,36.7225294599766,126.933203199128,,정상가동,98.44,380,60,2021,,,,,2024-08-31
오암3호,,충청남도 아산시 도고면 오암리 75,36.7225294599766,126.933203199128,,정상가동,98.44,380,60,2021,,,,,2024-08-31
오암4호,,충청남도 아산시 도고면 오암리 75,36.7225294599766,126.933203199128,,정상가동,98.44,380,60,2021,,,,,2024-08-31
오암5호,,충청남도 아산시 도고면 오암리 75,36.7225294599766,126.933203199128,,정상가동,98.44,380,60,2021,,,,,2024-08-31
오암6호,,충청남도 아산시 도고면 오암리 75,36.7225294599766,126.933203199128,,정상가동,29.44,380,60,2021,,,,,2024-08-31
한일산업,충청남도 아산시 둔포면 산전길 99,충청남도 아산시 둔포면 산전리 248-2,36.8965903559338,127.045165673584,,정상가동,199.8,380,60,2022,,,,,2024-08-31
소향,충청남도 아산시 음봉면 신정리길 63,충청남도 아산시 음봉면 신정리 262-2,36.8722697570916,127.021344018682,,정상가동,99.19,380,60,2022,,,,,2024-08-31
드림1,충청남도 아산시 둔포면 운교길 12-11,충청남도 아산시 둔포면 송용리 25-13,36.916233427404,127.035399254141,,정상가동,29.575,380,60,2021,,,,,2024-08-31
드림2,충청남도 아산시 둔포면 운교길 12-11,충청남도 아산시 둔포면 송용리 25-13,36.916233427404,127.035399254141,,정상가동,29.575,380,60,2021,,,,,2024-08-31
환철,충청남도 아산시 음봉면 삼성로 554,충청남도 아산시 음봉면 덕지리 176,36.8284557504386,127.093562082267,,정상가동,27.0,380,60,2021,,,,,2024-08-31
이완○,충청남도 아산시 탕정면 선문로201번길 2-13,충청남도 아산시 탕정면 매곡리 167-1,36.7968753782616,127.084987773856,,정상가동,28.05,380,60,2021,,,,,2024-08-31
신명,충청남도 아산시 중앙로 22,충청남도 아산시 온천동 2800,36.7767851658206,127.002844702798,,정상가동,19.565,380,60,2021,,,,,2024-08-31
모햇태양광발전소 5호,충청남도 아산시 음봉면 월산로 195-8,충청남도 아산시 음봉면 산동리 704-1,36.8491115434835,127.090657904649,,정상가동,75.075,380,60,2023,,,,,2024-08-31
영한,충청남도 아산시 염치읍 염성길 109-27,충청남도 아산시 염치읍 염성리 257-19,36.8138853304817,126.971195413057,,정상가동,98.28,380,60,2023,,,,,2024-08-31
가나,충청남도 아산시 신창면 행목로192번길 73-93,충청남도 아산시 신창면 행목리 29-4,36.7737270548794,126.966517963183,,정상가동,19.565,380,60,2023,,,,,2024-08-31
동현8호,,충청남도 아산시 인주면 도흥리 11-3,36.8378113502614,126.910100161531,,정상가동,98.44,380,60,2021,,,,,2024-08-31
아산화창11호,,충청남도 아산시 인주면 도흥리 11-3,36.8378113502614,126.910100161531,,정상가동,98.44,380,60,2021,,,,,2024-08-31
아산좋은12호,,충청남도 아산시 인주면 도흥리 11-2,36.8384582059037,126.909797721674,,정상가동,98.44,380,60,2021,,,,,2024-08-31
아산도흥13호,,충청남도 아산시 인주면 도흥리 11-2,36.8384582059037,126.909797721674,,정상가동,98.44,380,60,2021,,,,,2024-08-31
더모아솔라,,충청남도 아산시 인주면 도흥리 8,36.8390625151043,126.910190626502,,정상가동,98.44,380,60,2021,,,,,2024-08-31
이안솔라,,충청남도 아산시 인주면 도흥리 8,36.8390625151043,126.910190626502,,정상가동,98.44,380,60,2021,,,,,2024-08-31
아산도흥16호,,충청남도 아산시 인주면 도흥리 7,36.8392725174889,126.910369083101,,정상가동,98.44,380,60,2021,,,,,2024-08-31
아산도흥17호,,충청남도 아산시 인주면 도흥리 7,36.8392725174889,126.910369083101,,정상가동,98.44,380,60,2021,,,,,2024-08-31
아산도흥18호,,충청남도 아산시 인주면 도흥리 7,36.8392725174889,126.910369083101,,정상가동,98.44,380,60,2021,,,,,2024-08-31
아산도흥19호,,충청남도 아산시 인주면 도흥리 7,36.8392725174889,126.910369083101,,정상가동,98.44,380,60,2021,,,,,2024-08-31
아산도흥20호,,충청남도 아산시 인주면 도흥리 7,36.8392725174889,126.910369083101,,정상가동,98.44,380,60,2021,,,,,2024-08-31
아산도흥21호,,충청남도 아산시 인주면 도흥리 9,36.8396168659085,126.911378229587,,정상가동,98.44,380,60,2021,,,,,2024-08-31
예스드림1,,충청남도 아산시 인주면 도흥리 9,36.8396168659085,126.911378229587,,정상가동,98.44,380,60,2021,,,,,2024-08-31
도흥23호,,충청남도 아산시 인주면 도흥리 9,36.8396168659085,126.911378229587,,정상가동,98.44,380,60,2021,,,,,2024-08-31
도흥24호,,충청남도 아산시 인주면 도흥리 9,36.8396168659085,126.911378229587,,정상가동,98.44,380,60,2021,,,,,2024-08-31
도흥25호,,충청남도 아산시 인주면 도흥리 9,36.8396168659085,126.911378229587,,정상가동,98.44,380,60,2021,,,,,2024-08-31
민이,충청남도 아산시 도고면 도고산로316번길 47-13,충청남도 아산시 도고면 도산리 109,36.7316500990393,126.920729937522,,정상가동,99.84,380,60,2021,,,,,2024-08-31
빛조은,충청남도 아산시 인주면 현대로939번길 62-42,충청남도 아산시 인주면 금성리 41,36.836507999466,126.877173923929,,정상가동,99.84,380,60,2022,,,,,2024-08-31
작은태양,충청남도 아산시 인주면 현대로939번길 62-42,충청남도 아산시 인주면 금성리 41,36.836507999466,126.877173923929,,정상가동,49.47,380,60,2022,,,,,2024-08-31
도흥26호,,충청남도 아산시 인주면 도흥리 11-13,36.8377360731611,126.909816394693,,정상가동,29.96,380,60,2021,,,,,2024-08-31
도흥27호,,충청남도 아산시 인주면 도흥리 11-3,36.8378113502614,126.910100161531,,정상가동,29.96,380,60,2021,,,,,2024-08-31
리아1호,충청남도 아산시 영인면 영인로 438-59,충청남도 아산시 영인면 백석포리 1118-1,36.8860187044666,126.946468628828,,정상가동,99.68,380,60,2022,,,,,2024-08-31
광명,충청남도 아산시 인주면 서해로532번길 4-42,충청남도 아산시 인주면 신성리 205-23,36.8745464468344,126.896550728804,,정상가동,18.655,380,60,2021,,,,,2024-08-31
초사2통경로당,충청남도 아산시 무궁화로52번길 10-4,충청남도 아산시 초사동 181-2,36.7471169434845,126.980300783022,,정상가동,29.58,380,60,2021,,,,,2024-08-31
보람1,충청남도 아산시 염치읍 현대로 244-22,충청남도 아산시 염치읍 서원리 265-1,36.8237845155849,126.946163419651,,정상가동,99.84,380,60,2023,,,,,2024-08-31
보람2,충청남도 아산시 염치읍 현대로 244-22,충청남도 아산시 염치읍 서원리 265-1,36.8237845155849,126.946163419651,,정상가동,99.84,380,60,2023,,,,,2024-08-31
그린솔라-04-케이투,충청남도 아산시 둔포면 아산밸리로 85,충청남도 아산시 둔포면 운용리 663,36.9342410181651,127.064117867673,,정상가동,163.2,380,60,2023,,,,,2024-08-31
송용리1,충청남도 아산시 둔포면 윤보선로 454,충청남도 아산시 둔포면 송용리 335,36.9098765597708,127.020439847036,,정상가동,29.44,380,60,2022,,,,,2024-08-31
송용리2,충청남도 아산시 둔포면 윤보선로 454,충청남도 아산시 둔포면 송용리 335,36.9098765597708,127.020439847036,,정상가동,29.44,380,60,2022,,,,,2024-08-31
태광이엔지,,충청남도 아산시 둔포면 송용리 335-2,36.9098702619493,127.020382504764,,정상가동,29.44,380,60,2022,,,,,2024-08-31
미래1,충청남도 아산시 음봉면 산동로59번길 27-10,충청남도 아산시 음봉면 산동리 505,36.8346788078602,127.091818170657,,정상가동,99.12,380,60,2023,,,,,2024-08-31
미래2,,충청남도 아산시 음봉면 산동리 505,36.8346493204602,127.091962187126,,정상가동,99.12,380,60,2023,,,,,2024-08-31
미래3,충청남도 아산시 음봉면 산동로59번길 27-17,충청남도 아산시 음봉면 산동리 504,36.8345154109973,127.092895839019,,정상가동,99.12,380,60,2023,,,,,2024-08-31
아혜성,충청남도 아산시 음봉면 연암율금로14번길 21-28,충청남도 아산시 음봉면 원남리 277-6,36.8623970358644,127.030331781391,,정상가동,94.4,380,60,2022,,,,,2024-08-31
팔팔,충청남도 아산시 음봉면 연암율금로14번길 21-28,충청남도 아산시 음봉면 원남리 277-14,36.8623970358644,127.030331781391,,정상가동,99.12,380,60,2022,,,,,2024-08-31
홈비Y,충청남도 아산시 음봉면 연암율금로14번길 21-28,충청남도 아산시 음봉면 원남리 277-14,36.8623970358644,127.030331781391,,정상가동,99.12,380,60,2022,,,,,2024-08-31
홈비P,충청남도 아산시 음봉면 연암율금로14번길 21-28,충청남도 아산시 음봉면 원남리 277-14,36.8623970358644,127.030331781391,,정상가동,99.12,380,60,2022,,,,,2024-08-31
정원2호,충청남도 아산시 음봉면 연암율금로14번길 37,충청남도 아산시 음봉면 원남리 274-6,36.861723861399,127.028720370199,,정상가동,99.12,380,60,2022,,,,,2024-08-31
선승,충청남도 아산시 음봉면 연암율금로14번길 37,충청남도 아산시 음봉면 원남리 274-6,36.861723861399,127.028720370199,,정상가동,29.5,380,60,2022,,,,,2024-08-31
다시,충청남도 아산시 음봉면 연암율금로14번길 37,충청남도 아산시 음봉면 원남리 274-6,36.861723861399,127.028720370199,,정상가동,29.5,380,60,2022,,,,,2024-08-31
서현2호,충청남도 아산시 음봉면 연암율금로14번길 41,충청남도 아산시 음봉면 원남리 274-8,36.8613814917504,127.028887333019,,정상가동,99.12,380,60,2022,,,,,2024-08-31
아산원남3호,충청남도 아산시 음봉면 연암율금로14번길 41,충청남도 아산시 음봉면 원남리 274-8,36.8613814917504,127.028887333019,,정상가동,99.12,380,60,2022,,,,,2024-08-31
홈비5,충청남도 아산시 음봉면 연암율금로14번길 41,충청남도 아산시 음봉면 원남리 274-8,36.8613814917504,127.028887333019,,정상가동,99.12,380,60,2022,,,,,2024-08-31
해드림1,충청남도 아산시 영인면 아산온천로 141-47,충청남도 아산시 영인면 아산리 11,36.8552301417947,126.967417858533,,정상가동,19.35,380,60,2021,,,,,2024-08-31
해드림2,충청남도 아산시 영인면 아산온천로 141-47,충청남도 아산시 영인면 아산리 11,36.8552301417947,126.967417858533,,정상가동,19.35,380,60,2021,,,,,2024-08-31
박세○,충청남도 아산시 신창면 서부북로764번길 28,충청남도 아산시 신창면 남성리 529-4,36.7933751523257,126.944383624872,,정상가동,99.0,380,60,2022,,,,,2024-08-31
쉼터,충청남도 아산시 배방읍 고불로 391,충청남도 아산시 배방읍 수철리 815,36.7364373510561,127.049129650642,,정상가동,97.44,380,60,2022,,,,,2024-08-31
충남3호,충청남도 아산시 배방읍 수철리길 67-3,충청남도 아산시 배방읍 수철리 341-2,36.7261642162709,127.050353041774,,정상가동,60.06,380,60,2022,,,,,2024-08-31
푸른숲,충청남도 아산시 염치읍 충무로 243-25,충청남도 아산시 염치읍 석정리 729,36.8038146388255,127.005218185325,,정상가동,19.78,380,60,2022,,,,,2024-08-31
보성PMT,충청남도 아산시 둔포면 아산밸리로 87,충청남도 아산시 둔포면 운용리 669,36.9332614841471,127.064204262918,,정상가동,349.6,380,60,2023,,,,,2024-08-31
재경1호,충청남도 아산시 영인면 와신길60번길 62-10,충청남도 아산시 영인면 와우리 247,36.883385338231,126.959203083256,,정상가동,96.28,380,60,2022,,,,,2024-08-31
재경2호,충청남도 아산시 영인면 와신길60번길 62-10,충청남도 아산시 영인면 와우리 247,36.883385338231,126.959203083256,,정상가동,96.28,380,60,2022,,,,,2024-08-31
재경3호,충청남도 아산시 영인면 와신길60번길 62-10,충청남도 아산시 영인면 와우리 247,36.883385338231,126.959203083256,,정상가동,96.28,380,60,2022,,,,,2024-08-31
새론1호,충청남도 아산시 음봉면 음봉면로 119-5,충청남도 아산시 음봉면 삼거리 242,36.8583108134589,127.015219357782,,정상가동,99.19,380,60,2022,,,,,2024-08-31
새론2호,충청남도 아산시 음봉면 음봉면로 119-5,충청남도 아산시 음봉면 삼거리 242,36.8583108134589,127.015219357782,,정상가동,69.615,380,60,2022,,,,,2024-08-31
에코닉 삼도테크,충청남도 아산시 음봉면 아산온천로 377-22,충청남도 아산시 음봉면 산정리 242-4,36.8545701320217,126.999602156997,,정상가동,349.6,380,60,2022,,,,,2024-08-31
조이1,충청남도 아산시 음봉면 음봉면로 234-32,충청남도 아산시 음봉면 원남리 289,36.8602652179636,127.026911231401,,정상가동,29.5,380,60,2022,,,,,2024-08-31
반석1,충청남도 아산시 음봉면 음봉면로 234-30,충청남도 아산시 음봉면 원남리 289-1,36.8602650843607,127.027102654233,,정상가동,29.5,380,60,2022,,,,,2024-08-31
동동,충청남도 아산시 음봉면 음봉면로 232-61,충청남도 아산시 음봉면 원남리 318-4,36.8581857946101,127.025856751852,,정상가동,29.5,380,60,2022,,,,,2024-08-31
에스1,,충청남도 아산시 염치읍 서원리 321-1,,,,정상가동,29.5,380,60,2022,,,,,2024-08-31
금일,,충청남도 아산시 염치읍 서원리 321,,,,정상가동,29.5,380,60,2022,,,,,2024-08-31
배방,충청남도 아산시 배방읍 구령길62번길 37-19,충청남도 아산시 배방읍 구령리 88-13,36.7827968236571,127.05456889616,,정상가동,91.45,380,60,2022,,,,,2024-08-31
신안,충청남도 아산시 배방읍 호서로231번길 72,충청남도 아산시 배방읍 회룡리 133,36.757965002866,127.071876843441,,정상가동,19.125,380,60,2022,,,,,2024-08-31
진영3호,충청남도 아산시 둔포면 충무로 1613-12,충청남도 아산시 둔포면 송용리 254,36.916631893444,127.032557517975,,정상가동,99.76,380,60,2023,,,,,2024-08-31
진영5호,충청남도 아산시 둔포면 충무로 1613-12,충청남도 아산시 둔포면 송용리 254,36.916631893444,127.032557517975,,정상가동,99.76,380,60,2023,,,,,2024-08-31
선진에프에이1,충청남도 아산시 음봉면 월산로 192-114,충청남도 아산시 음봉면 산동리 950-79,36.8435172033774,127.09007457838,,정상가동,99.84,380,60,2022,,,,,2024-08-31
선진에프에이2,충청남도 아산시 음봉면 월산로 192-114,충청남도 아산시 음봉면 산동리 950-79,36.8435172033774,127.09007457838,,정상가동,29.9,380,60,2022,,,,,2024-08-31
진선1호,충청남도 아산시 도고면 도고산로287번길 30-19,충청남도 아산시 도고면 도산리 227,36.728766655795,126.915703619397,,정상가동,91.2,380,60,2022,,,,,2024-08-31
진선2호,충청남도 아산시 도고면 도고산로287번길 30-19,충청남도 아산시 도고면 도산리 227,36.728766655795,126.915703619397,,정상가동,91.2,380,60,2022,,,,,2024-08-31
진영4호,충청남도 아산시 둔포면 충무로 1613-12,충청남도 아산시 둔포면 송용리 254,36.916631893444,127.032557517975,,정상가동,99.76,380,60,2022,,,,,2024-08-31
진영6호,충청남도 아산시 둔포면 충무로 1613-12,충청남도 아산시 둔포면 송용리 254,36.916631893444,127.032557517975,,정상가동,99.76,380,60,2022,,,,,2024-08-31
더블유제이,충청남도 아산시 배방읍 고불로 690-7,충청남도 아산시 배방읍 신흥리 130,36.7577258103872,127.031850770945,,정상가동,29.96,380,60,2023,,,,,2024-08-31
에스제이,충청남도 아산시 배방읍 고불로 690-7,충청남도 아산시 배방읍 신흥리 130,36.7577258103872,127.031850770945,,정상가동,29.96,380,60,2023,,,,,2024-08-31
금광1,충청남도 아산시 배방읍 모산로 16,충청남도 아산시 배방읍 공수리 735,36.7718410449397,127.044166396263,,정상가동,86.4,380,60,2022,,,,,2024-08-31
금광2,충청남도 아산시 배방읍 모산로 16,충청남도 아산시 배방읍 공수리 735,36.7718410449397,127.044166396263,,정상가동,43.68,380,60,2022,,,,,2024-08-31
구웅1호,,충청남도 아산시 송악면 평촌리 40-12,36.74298797049,127.00324967884,,정상가동,99.9,380,60,2023,,,,,2024-08-31
구웅2호,,충청남도 아산시 송악면 평촌리 40-12,36.74298797049,127.00324967884,,정상가동,99.9,380,60,2023,,,,,2024-08-31
구웅3호,,충청남도 아산시 송악면 평촌리 40-12,36.74298797049,127.00324967884,,정상가동,99.9,380,60,2023,,,,,2024-08-31
피엔에스,충청남도 아산시 둔포면 아산호로808번길 1,충청남도 아산시 둔포면 신남리 583-23,36.9138457285028,126.993029670397,,정상가동,99.76,380,60,2022,,,,,2024-08-31
공덕도흥,충청남도 아산시 인주면 도흥길 152-7,충청남도 아산시 인주면 도흥리 109-5,36.8408535531502,126.901322638568,,정상가동,304.55,380,60,2022,,,,,2024-08-31
승환신문,충청남도 아산시 선장면 삽교천로 289-39,충청남도 아산시 선장면 신문리 204,36.8278227048568,126.848739743215,,정상가동,396.9,380,60,2022,,,,,2024-08-31
불휘7호 햇빛발전소,충청남도 아산시 음봉면 월암로 64-33,충청남도 아산시 음봉면 월량리 116-2,36.8405281406953,127.079598439969,,정상가동,132.96,380,60,2022,,,,,2024-08-31
일룸,충청남도 아산시 신창면 온천대로 767,충청남도 아산시 신창면 읍내리 659-12,36.772465602866,126.930074199526,,정상가동,19.14,380,60,2022,,,,,2024-08-31
광명에너지1호,충청남도 아산시 영인면 아산호로 647,충청남도 아산시 영인면 창용리 232-5,36.9119968669706,126.97499746108,,정상가동,99.76,380,60,2022,,,,,2024-08-31
광명에너지2호,충청남도 아산시 영인면 아산호로 647,충청남도 아산시 영인면 창용리 232-5,36.9119968669706,126.97499746108,,정상가동,99.76,380,60,2022,,,,,2024-08-31
광명에너지3호,충청남도 아산시 영인면 아산호로 647,충청남도 아산시 영인면 창용리 232-5,36.9119968669706,126.97499746108,,정상가동,81.2,380,60,2022,,,,,2024-08-31
기산,충청남도 아산시 순천향로 396-3,충청남도 아산시 기산동 137-17,36.7578632020375,126.968040989236,,정상가동,25.76,380,60,2022,,,,,2024-08-31
건영,충청남도 아산시 염치읍 염성길 109-47,충청남도 아산시 염치읍 염성리 246-8,36.8126952127301,126.969662285975,,정상가동,99.36,380,60,2022,,,,,2024-08-31
염두리,충청남도 아산시 염치읍 염성길 109-47,충청남도 아산시 염치읍 염성리 246-8,36.8126952127301,126.969662285975,,정상가동,91.08,380,60,2022,,,,,2024-08-31
세일,충청남도 아산시 배방읍 고불로 273,충청남도 아산시 배방읍 수철리 330-1,36.7287697728337,127.057039183527,,정상가동,92.15,380,60,2022,,,,,2024-08-31
행복마을,,충청남도 아산시 신창면 창암리 539,36.7615056751375,126.961825268326,,정상가동,19.13,380,60,2022,,,,,2024-08-31
에프점에이코리아,충청남도 아산시 둔포면 윤보선로 495,충청남도 아산시 둔포면 신법리 68-26,36.9138710377116,127.021403970898,,정상가동,99.84,380,60,2022,,,,,2024-08-31
대원,충청남도 아산시 음봉면 음봉로 663,충청남도 아산시 음봉면 덕지리 65-11,36.8356596297801,127.08252267215,,정상가동,29.58,380,60,2022,,,,,2024-08-31
정진,충청남도 아산시 둔포면 해위안길32번길 1-43,충청남도 아산시 둔포면 신항리 761,36.8934785106638,127.021791608573,,정상가동,194.88,380,60,2023,,,,,2024-08-31
여울1,충청남도 아산시 영인면 윤보선로 113-18,충청남도 아산시 영인면 신봉리 95-25,36.8865739317639,126.99825876674,,정상가동,98.28,380,60,2022,,,,,2024-08-31
여울2,충청남도 아산시 영인면 윤보선로 113-18,충청남도 아산시 영인면 신봉리 95-25,36.8865739317639,126.99825876674,,정상가동,98.28,380,60,2022,,,,,2024-08-31
금성1,충청남도 아산시 음봉면 월암로436번길 29-1,충청남도 아산시 음봉면 쌍암리 331,36.8753841427152,127.079122686957,,정상가동,99.36,380,60,2022,,,,,2024-08-31
금성2,충청남도 아산시 음봉면 월암로436번길 29-1,충청남도 아산시 음봉면 쌍암리 331,36.8753841427152,127.079122686957,,정상가동,99.36,380,60,2022,,,,,2024-08-31
교동,충청남도 아산시 음봉면 월암로 464,충청남도 아산시 음봉면 쌍암리 320-2,36.8771413928139,127.076066332232,,정상가동,57.6,380,60,2022,,,,,2024-08-31
수진1호,충청남도 아산시 장존길 195-1,충청남도 아산시 장존동 120,36.7514648451193,126.998224646815,,정상가동,98.88,380,60,2022,,,,,2024-08-31
수진2호,충청남도 아산시 장존길 195-1,충청남도 아산시 장존동 120,36.7514648451193,126.998224646815,,정상가동,98.88,380,60,2022,,,,,2024-08-31
수진3호,충청남도 아산시 장존길 195-1,충청남도 아산시 장존동 120,36.7514648451193,126.998224646815,,정상가동,98.88,380,60,2022,,,,,2024-08-31
세진1호,,충청남도 아산시 염치읍 염성리 169-5,36.8177901158726,126.974361384755,,정상가동,99.36,380,60,2022,,,,,2024-08-31
세진2호,,충청남도 아산시 염치읍 염성리 169-5,36.8177901158726,126.974361384755,,정상가동,49.92,380,60,2022,,,,,2024-08-31
세진3호,충청남도 아산시 염치읍 충무로358번길 39-14,충청남도 아산시 염치읍 방현리 387,36.8129773551211,127.009133556903,,정상가동,97.92,380,60,2022,,,,,2024-08-31
세진4호,충청남도 아산시 염치읍 방현서길36번길 11-49,충청남도 아산시 염치읍 방현리 601-1,36.8220105592339,127.003614936509,,정상가동,49.92,380,60,2022,,,,,2024-08-31
신봉리,충청남도 아산시 영인면 신봉길223번길 65,충청남도 아산시 영인면 신봉리 471-2,36.9024487432783,126.988327326537,,정상가동,68.16,380,60,2022,,,,,2024-08-31
진희아산,충청남도 아산시 영인면 윤보선로 52-8,충청남도 아산시 영인면 신봉리 74-20,36.8817479087356,126.998147938855,,정상가동,99.45,380,60,2022,,,,,2024-08-31
동보테크,충청남도 아산시 음봉면 관용로 278,충청남도 아산시 음봉면 신휴리 421,36.8885210304025,127.062450180718,,정상가동,537.6,22900,60,2022,,,,,2024-08-31
영복1호,충청남도 아산시 음봉면 월암로 421-16,충청남도 아산시 음봉면 쌍룡리 25,36.8728754398863,127.075010505504,,정상가동,99.84,380,60,2022,,,,,2024-08-31
영복2호,,충청남도 아산시 음봉면 쌍룡리 32,36.8733374306521,127.074443544734,,정상가동,82.56,380,60,2022,,,,,2024-08-31
아신,충청남도 아산시 신창면 서부남로 543,충청남도 아산시 신창면 궁화리 93-5,36.7924714739176,126.917597283611,,정상가동,99.76,380,60,2023,,,,,2024-08-31
광명1,,충청남도 아산시 영인면 와우리 183-1,36.8861942258444,126.957096908105,,정상가동,94.08,380,60,2023,,,,,2024-08-31
광명2,,충청남도 아산시 영인면 와우리 183-1,36.8861942258444,126.957096908105,,정상가동,46.08,380,60,2023,,,,,2024-08-31
사회적협동조합아산제터먹이,충청남도 아산시 음봉면 아산온천로 460-25,충청남도 아산시 음봉면 산정리 66-15,36.8489226347813,127.00470267865,,정상가동,62.7,380,60,2022,,,,,2024-08-31
꿈터,충청남도 아산시 신창면 읍내남길 5,충청남도 아산시 신창면 읍내리 409,36.7764296470003,126.933108518769,,정상가동,39.36,380,60,2022,,,,,2024-08-31
진흥테크,충청남도 아산시 둔포면 장영실로 929-39,충청남도 아산시 둔포면 신남리 492-3,36.9109584849534,127.003990221349,,정상가동,100.8,380,60,2022,,,,,2024-08-31
한양1호,충청남도 아산시 배방읍 휴대세교길 272,충청남도 아산시 배방읍 세교리 46-3,36.7635213707793,127.108316723331,,정상가동,99.91,380,60,2023,,,,,2024-08-31
한양2호,충청남도 아산시 배방읍 휴대세교길 272,충청남도 아산시 배방읍 세교리 46-3,36.7635213707793,127.108316723331,,정상가동,99.91,380,60,2023,,,,,2024-08-31
나스테크1호,충청남도 아산시 수장로25번길 51,충청남도 아산시 배미동 145-3,36.7965223383941,126.967009566809,,정상가동,99.91,380,60,2023,,,,,2024-08-31
나스테크2호,충청남도 아산시 수장로25번길 51,충청남도 아산시 배미동 145-3,36.7965223383941,126.967009566809,,정상가동,398.67,380,60,2023,,,,,2024-08-31
나스테크3호,충청남도 아산시 수장로25번길 51,충청남도 아산시 배미동 145-3,36.7965223383941,126.967009566809,,정상가동,499.065,380,60,2023,,,,,2024-08-31
용성,충청남도 아산시 번영로69번길 20-9,충청남도 아산시 온천동 1409,36.7886153052391,126.998596195903,,정상가동,29.0,380,60,2022,,,,,2024-08-31
금강1호기,충청남도 아산시 신리길 35,충청남도 아산시 신동 277-1,36.7767845619451,127.035890301963,,정상가동,29.0,380,60,2022,,,,,2024-08-31
금강2호기,충청남도 아산시 배방읍 배방로 219-30,충청남도 아산시 배방읍 북수리 697-1,36.7728232829966,127.070338779121,,정상가동,29.0,380,60,2022,,,,,2024-08-31
신덕산업,충청남도 아산시 둔포면 윤보선로336번길 55-22,충청남도 아산시 둔포면 신항리 99-2,36.9035555604561,127.020364667743,,정상가동,318.645,380,60,2022,,,,,2024-08-31
대명,충청남도 아산시 둔포면 아산밸리로387번길 25,충청남도 아산시 둔포면 석곡리 2027,36.9067522119374,127.065807037784,,정상가동,139.68,380,60,2023,,,,,2024-08-31
리빙텔,충청남도 아산시 음봉면 아산온천로243번길 32-12,충청남도 아산시 음봉면 신수리 297-4,36.8557630136759,126.985354933801,,정상가동,29.9,380,60,2023,,,,,2024-08-31
불휘8호 햇빛발전소,충청남도 아산시 곡교천로27번길 25-10,충청남도 아산시 방축동 164-29,36.7877860007669,126.9825594066,,정상가동,99.18,380,60,2022,,,,,2024-08-31
푸른신화1호,충청남도 아산시 배방읍 휴대세교길 100-18,충청남도 아산시 배방읍 세교리 361-1,36.7769485564825,127.101675893937,,정상가동,29.76,380,60,2023,,,,,2024-08-31
푸른신화2호,충청남도 아산시 배방읍 휴대세교길 100-18,충청남도 아산시 배방읍 세교리 361-1,36.7769485564825,127.101675893937,,정상가동,29.76,380,60,2023,,,,,2024-08-31
연암제2,충청남도 아산시 음봉면 음봉로681번길 40-34,충청남도 아산시 음봉면 월랑리 657,36.8412056369469,127.084748898247,,정상가동,259.42,380,60,2023,,,,,2024-08-31
상상12호에이치앤에프,충청남도 아산시 음봉면 월암로 336-24,충청남도 아산시 음봉면 쌍암리 26-6,36.8679231709082,127.079438099925,,정상가동,174.9,380,60,2022,,,,,2024-08-31
상상12호남일,충청남도 아산시 음봉면 월암로 332-48,충청남도 아산시 음봉면 쌍암리 26-30,36.8686250290037,127.080790371894,,정상가동,209.88,380,60,2022,,,,,2024-08-31
상상12호남일2호,충청남도 아산시 음봉면 월암로 336-30,충청남도 아산시 음봉면 쌍암리 26-2,36.8685526703341,127.079588586762,,정상가동,98.58,380,60,2022,,,,,2024-08-31
티에스몰드,충청남도 아산시 음봉면 신의길 242,충청남도 아산시 음봉면 의식리 24-26,36.8941158462722,127.091188242817,,정상가동,99.71,380,60,2022,,,,,2024-08-31
전은○,충청남도 아산시 둔포면 윤보선로450번길 89-3,충청남도 아산시 둔포면 송용리 183-2,36.9099024092109,127.026840233654,,정상가동,16.5,380,60,2022,,,,,2024-08-31
아우름1호,,충청남도 아산시 둔포면 신양리 597,36.8841019392507,127.051157985213,,정상가동,295.8,380,60,2023,,,,,2024-08-31
아우름2호,,충청남도 아산시 둔포면 신양리 597,36.8841019392507,127.051157985213,,정상가동,198.94,380,60,2023,,,,,2024-08-31
아우름3호,,충청남도 아산시 둔포면 신양리 597,36.8841019392507,127.051157985213,,정상가동,198.94,380,60,2023,,,,,2024-08-31
삼거리3호,충청남도 아산시 음봉면 음봉면로30번길 8,충청남도 아산시 음봉면 삼거리 191-3,36.8492247864475,127.014570826422,,정상가동,15.21,380,60,2023,,,,,2024-08-31
융진1호,,충청남도 아산시 도고면 효자리 143-10,36.7396560329034,126.867953093938,,정상가동,99.68,380,60,2023,,,,,2024-08-31
융진2호,,충청남도 아산시 도고면 효자리 143-10,36.7396560329034,126.867953093938,,정상가동,99.68,380,60,2023,,,,,2024-08-31
융진3호,,충청남도 아산시 도고면 효자리 143-10,36.7396560329034,126.867953093938,,정상가동,99.68,380,60,2023,,,,,2024-08-31
융진4호,,충청남도 아산시 도고면 효자리 143-10,36.7396560329034,126.867953093938,,정상가동,99.68,380,60,2023,,,,,2024-08-31
융진5호,,충청남도 아산시 도고면 효자리 143-10,36.7396560329034,126.867953093938,,정상가동,99.68,380,60,2023,,,,,2024-08-31
융진6호,,충청남도 아산시 도고면 효자리 143-10,36.7396560329034,126.867953093938,,정상가동,99.68,380,60,2023,,,,,2024-08-31
융진7호,,충청남도 아산시 도고면 효자리 143-10,36.7396560329034,126.867953093938,,정상가동,99.68,380,60,2023,,,,,2024-08-31
융진8호,,충청남도 아산시 도고면 효자리 143-10,36.7396560329034,126.867953093938,,정상가동,99.68,380,60,2023,,,,,2024-08-31
융진9호,,충청남도 아산시 도고면 효자리 143-10,36.7396560329034,126.867953093938,,정상가동,99.68,380,60,2023,,,,,2024-08-31
왕건,충청남도 아산시 인주면 도흥길 143-29,충청남도 아산시 인주면 도흥리 124-3,36.8421820980653,126.897122617928,,정상가동,84.0,380,60,2023,,,,,2024-08-31
케이엠에이글로벌,충청남도 아산시 도고면 아산만로291번길 8-7,충청남도 아산시 도고면 신언리 290-6,36.7690934462275,126.863968837644,,정상가동,18.0,380,60,2023,,,,,2024-08-31
선샤인,충청남도 아산시 초사길 3-90,충청남도 아산시 초사동 110-1,36.7517438553552,126.971495254608,,정상가동,95.37,380,60,2022,,,,,2024-08-31
은선,충청남도 아산시 초사길 3-90,충청남도 아산시 초사동 110-1,36.7517438553552,126.971495254608,,정상가동,19.89,380,60,2022,,,,,2024-08-31
HNC3,충청남도 아산시 염치읍 현대로 144,충청남도 아산시 염치읍 중방리 54,36.8203531027799,126.95704043565,,정상가동,99.96,380,60,2022,,,,,2024-08-31
HNC4,충청남도 아산시 염치읍 현대로 144,충청남도 아산시 염치읍 중방리 54,36.8203531027799,126.95704043565,,정상가동,29.58,380,60,2022,,,,,2024-08-31
영상2호,충청남도 아산시 염치읍 충무로 448-17,충청남도 아산시 염치읍 방현리 271-6,36.8198936651688,127.010026879816,,정상가동,19.635,380,60,2022,,,,,2024-08-31
한국3호,충청남도 아산시 염치읍 충무로 448-17,충청남도 아산시 염치읍 방현리 271-6,36.8198936651688,127.010026879816,,정상가동,19.635,380,60,2022,,,,,2024-08-31
인주발전,,충청남도 아산시 인주면 냉정리 227,36.860013278566,126.923009234881,,정상가동,965.7,22900,60,2022,,,,,2024-08-31
알파컴퍼니,충청남도 아산시 둔포면 아산밸리로387번길 61,충청남도 아산시 둔포면 석곡리 2038,36.9054713071337,127.070208117502,,정상가동,252.88,380,60,2022,,,,,2024-08-31
미래공조,충청남도 아산시 음봉면 월산로 166,충청남도 아산시 음봉면 산동리 895-1,36.8475934596607,127.088373544894,,정상가동,135.72,380,60,2023,,,,,2024-08-31
진영하이텍1호,충청남도 아산시 염치읍 서원길 144-1,충청남도 아산시 염치읍 서원리 100-1,36.8282268236324,126.959377099752,,정상가동,69.6,380,60,2023,,,,,2024-08-31
진영하이텍2호,충청남도 아산시 염치읍 서원길 144,충청남도 아산시 염치읍 서원리 100-2,36.8281027569072,126.959160489608,,정상가동,48.72,380,60,2023,,,,,2024-08-31
써머포스,충청남도 아산시 음봉면 연암율금로14번길 21-28,충청남도 아산시 음봉면 원남리 277-6,36.8623970358644,127.030331781391,,정상가동,29.5,380,60,2022,,,,,2024-08-31
솔라시너지명인,충청남도 아산시 음봉면 연암율금로295번길 2-1,충청남도 아산시 음봉면 소동리 11-8,36.8697646125692,127.058205814609,,정상가동,139.32,380,60,2022,,,,,2024-08-31
장홍○1호,충청남도 아산시 선장면 대흥길16번길 15-11,충청남도 아산시 선장면 대흥리 200-33,36.8103847938857,126.871984935464,,정상가동,19.68,380,60,2023,,,,,2024-08-31
대신이앤씨1호,충청남도 아산시 선장면 서부남로 211,충청남도 아산시 선장면 선창리 170-10,36.7881556552946,126.884618770118,,정상가동,87.47,380,60,2023,,,,,2024-08-31
신봉,충청남도 아산시 영인면 신봉길 103-38,충청남도 아산시 영인면 신봉리 511-21,36.9007732952816,126.984116970577,,정상가동,251.79,380,60,2023,,,,,2024-08-31
아트스틸,충청남도 아산시 둔포면 아산밸리로388번길 44,충청남도 아산시 둔포면 석곡리 1954,36.9070806976355,127.058136753227,,정상가동,318.325,380,60,2023,,,,,2024-08-31
대진,,충청남도 아산시 둔포면 운교리 135-1,36.917253324547,127.045125110543,,정상가동,76.755,380,60,2023,,,,,2024-08-31
마더스팜,충청남도 아산시 선장면 서부남로 319,충청남도 아산시 선장면 선창리 12-22,36.7871539782862,126.895337261219,,정상가동,578.2,22900,60,2023,,,,,2024-08-31
골드,충청남도 아산시 둔포면 둔포중앙로133번길 57-1,충청남도 아산시 둔포면 둔포리 242-23,36.930341779875,127.041995870894,,정상가동,29.58,380,60,2023,,,,,2024-08-31
꽃피우다,충청남도 아산시 음봉면 월랑길 17,충청남도 아산시 음봉면 월랑리 103,36.8433116195908,127.079923880138,,정상가동,15.21,380,60,2022,,,,,2024-08-31
프라임,충청남도 아산시 영인면 아산호로 129-6,충청남도 아산시 영인면 백석포리 441-15,36.8902494493791,126.93263880106,,정상가동,94.5,380,60,2023,,,,,2024-08-31
루브필코리아,충청남도 아산시 음봉면 월산로 128-132,충청남도 아산시 음봉면 산동리 664-30,36.8446516760906,127.084707405763,,정상가동,99.96,380,60,2024,,,,,2024-08-31
씨케이테크,충청남도 아산시 음봉면 연암율금로177번길 11,충청남도 아산시 음봉면 소동리 363-1,36.8667994254001,127.045201403175,,정상가동,95.88,380,60,2023,,,,,2024-08-31
솔라시너지엠아이티2호,충청남도 아산시 음봉면 연암율금로 152,충청남도 아산시 음봉면 소동리 341-8,36.8639226979723,127.043638982831,,정상가동,361.34,380,60,2023,,,,,2024-08-31
에코닉3 에이치비페이퍼2,충청남도 아산시 음봉면 음봉면로 92,충청남도 아산시 음봉면 삼거리 91-2,36.8558695183274,127.02021587984,,정상가동,456.96,380,60,2023,,,,,2024-08-31
리사,충청남도 아산시 염치읍 만전당길97번길 6-10,충청남도 아산시 염치읍 대동리 52-2,36.812744648534,127.040974128876,,정상가동,19.11,380,60,2023,,,,,2024-08-31
채신,충청남도 아산시 선장면 아산만로 845-14,충청남도 아산시 선장면 채신언리 168,36.8143253753356,126.868948037258,,정상가동,308.88,380,60,2023,,,,,2024-08-31
코닝1단지,충청남도 아산시 탕정면 탕정로 320,충청남도 아산시 탕정면 명암리 1305,36.8200069806186,127.058407070142,,정상가동,950.82,22900,60,2023,,,,,2024-08-31
가빈,충청남도 아산시 영인면 토정로 356-11,충청남도 아산시 영인면 신화리 361-11,36.8886899448468,126.97016196379,,정상가동,199.42,380,60,2023,,,,,2024-08-31
SH1호,충청남도 아산시 음봉면 월산로 128-118,충청남도 아산시 음봉면 산동리 664-22,36.8452681496138,127.084922006923,,정상가동,83.3,380,60,2023,,,,,2024-08-31
JS에코,충청남도 아산시 음봉면 월산로 128-118,충청남도 아산시 음봉면 산동리 664-22,36.8452681496138,127.084922006923,,정상가동,82.11,380,60,2023,,,,,2024-08-31
㈜원방테크,충청남도 아산시 둔포면 아산밸리로388번길 70,충청남도 아산시 둔포면 석곡리 1940,36.9055724059721,127.054995518289,,정상가동,999.0,22900,60,2023,,,,,2024-08-31
솔라시너지엠아이티,충청남도 아산시 음봉면 연암율금로 329,충청남도 아산시 음봉면 소동리 10,36.8700726493382,127.059038008604,,정상가동,326.7,380,60,2023,,,,,2024-08-31
보성PMT 2호,충청남도 아산시 둔포면 아산밸리로 87,충청남도 아산시 둔포면 운용리 669,36.9332614841471,127.064204262918,,정상가동,149.94,380,60,2023,,,,,2024-08-31
썬,충청남도 아산시 음봉면 연암율금로14번길 41,충청남도 아산시 음봉면 원남리 274-8,36.8613814917504,127.028887333019,,정상가동,29.5,380,60,2023,,,,,2024-08-31
동우HST아산,충청남도 아산시 인주면 인주산단로 177-111,충청남도 아산시 인주면 걸매리 1009,36.8815239595242,126.870299932019,,정상가동,379.8,380,60,2024,,,,,2024-08-31
아라1,충청남도 아산시 음봉면 연암율금로173번길 52,충청남도 아산시 음봉면 소동리 144-10,36.8685403879802,127.042170623,,정상가동,99.96,380,60,2023,,,,,2024-08-31
아라2,충청남도 아산시 음봉면 연암율금로173번길 52,충청남도 아산시 음봉면 소동리 144-10,36.8685403879802,127.042170623,,정상가동,99.96,380,60,2023,,,,,2024-08-31
아라3,충청남도 아산시 음봉면 연암율금로173번길 52,충청남도 아산시 음봉면 소동리 144-10,36.8685403879802,127.042170623,,정상가동,99.96,380,60,2023,,,,,2024-08-31
근홍,충청남도 아산시 온천대로 1708,"충청남도 아산시 풍기동 183-6, 183-24",36.7755860174731,127.026494921509,,정상가동,28.32,380,60,2023,,,,,2024-08-31
오뚜기기산,충청남도 아산시 순천향로 396-4,충청남도 아산시 기산동 137-20,36.7576910203798,126.967789194145,,정상가동,29.76,380,60,2023,,,,,2024-08-31
다운3호,,충청남도 아산시 음봉면 원남리 176-8,36.8698242333918,127.032896985586,,정상가동,99.54,380,60,2023,,,,,2024-08-31
미래2호,충청남도 아산시 음봉면 신수리길 104-25,충청남도 아산시 음봉면 신수리 397-6,36.8440388170097,126.9772830065,,정상가동,99.76,380,60,2023,,,,,2024-08-31
만수르1호,충청남도 아산시 염치읍 이순신대로 206,충청남도 아산시 염치읍 백암리 246-1,36.7988764244913,127.027998925987,,정상가동,39.53,380,60,2023,,,,,2024-08-31
만수르2호,충청남도 아산시 염치읍 이순신대로 210-1,충청남도 아산시 염치읍 백암리 246-4,36.7984422406307,127.028494700143,,정상가동,42.25,380,60,2023,,,,,2024-08-31
한동○,충청남도 아산시 음봉면 월산로201번길 22,충청남도 아산시 음봉면 산동리 850,36.8501850465841,127.091693414844,,정상가동,29.5,380,60,2023,,,,,2024-08-31
케이제이솔루션,충청남도 아산시 음봉면 연암산로 30-5,충청남도 아산시 음봉면 동암리 545-4,36.8470949340969,127.052958308018,,정상가동,99.76,380,60,2023,,,,,2024-08-31
B.M,충청남도 아산시 음봉면 산동로 278,충청남도 아산시 음봉면 산동리 215-2,36.8506838643248,127.103168975411,,정상가동,49.98,380,60,2023,,,,,2024-08-31
태영금속1,충청남도 아산시 둔포면 윤보선로336번길 71-46,충청남도 아산시 둔포면 신항리 71-6,36.9050201416857,127.024941915456,,정상가동,99.96,380,60,2024,,,,,2024-08-31
티와이테크1,충청남도 아산시 둔포면 윤보선로336번길 71-42,충청남도 아산시 둔포면 신항리 71-7,36.9043926073216,127.02411992554,,정상가동,99.96,380,60,2024,,,,,2024-08-31
월산,,충청남도 아산시 음봉면 산동리 711-9,36.848030222168,127.092869692625,,정상가동,83.78,380,60,2023,,,,,2024-08-31
성은공조,,충청남도 아산시 영인면 신화리 369-5,36.8884533373337,126.966520879987,,정상가동,99.71,380,60,2023,,,,,2024-08-31
무영 태양광발전소 1호,충청남도 아산시 설화산길 79-45,충청남도 아산시 좌부동 95,36.7559755477019,127.028362966382,,정상가동,52.36,380,60,2023,,,,,2024-08-31
신봉3,충청남도 아산시 영인면 신봉길232번길 32,충청남도 아산시 영인면 신봉리 236-12,36.8975640545045,126.996498746502,,정상가동,15.66,380,60,2024,,,,,2024-08-31
신봉4,충청남도 아산시 영인면 신봉길232번길 32-1,충청남도 아산시 영인면 신봉리 236-13,36.8974312301858,126.99641572879,,정상가동,15.66,380,60,2024,,,,,2024-08-31
아인,충청남도 아산시 신창면 서부북로 693-14,충청남도 아산시 신창면 신달리 281,36.8004065098746,126.94150674518,,정상가동,64.96,380,60,2023,,,,,2024-08-31
아침목장1호,충청남도 아산시 영인면 토정로191번길 92-60,충청남도 아산시 영인면 역리 468,36.8805496596826,126.954945288145,,정상가동,99.71,380,60,2023,,,,,2024-08-31
아침목장2호,충청남도 아산시 영인면 토정로191번길 92-60,충청남도 아산시 영인면 역리 468,36.8805496596826,126.954945288145,,정상가동,99.71,380,60,2023,,,,,2024-08-31
아침목장3호,충청남도 아산시 영인면 토정로191번길 92-60,충청남도 아산시 영인면 역리 470-1,36.8805496596826,126.954945288145,,정상가동,88.5,380,60,2023,,,,,2024-08-31
수한농장1호,충청남도 아산시 신창면 가내길139번길 68-8,충청남도 아산시 신창면 가내리 931,36.8081219087309,126.897857284289,,정상가동,99.71,380,60,2023,,,,,2024-08-31
수한농장2호,충청남도 아산시 신창면 가내길139번길 68-8,충청남도 아산시 신창면 가내리 931,36.8081219087309,126.897857284289,,정상가동,99.71,380,60,2023,,,,,2024-08-31
수한농장3호,충청남도 아산시 신창면 가내길139번길 68-8,충청남도 아산시 신창면 가내리 931,36.8081219087309,126.897857284289,,정상가동,99.71,380,60,2023,,,,,2024-08-31
김근○,충청남도 아산시 신창면 순천향로291번길 101,충청남도 아산시 신창면 행목리 92-4,36.7719013005638,126.958506154249,,정상가동,43.61,380,60,2023,,,,,2024-08-31
뉴세븐,충청남도 아산시 둔포면 봉신로230번길 58,충청남도 아산시 둔포면 신양리 159-1,36.8820110605181,127.054132618325,,정상가동,51.77,380,60,2023,,,,,2024-08-31
연암1호,충청남도 아산시 음봉면 쌍용길 75,충청남도 아산시 음봉면 쌍룡리 268,36.8714187874499,127.07017750349,,정상가동,99.735,380,60,2023,,,,,2024-08-31
연암2호,충청남도 아산시 음봉면 쌍용길 75,충청남도 아산시 음봉면 쌍룡리 268,36.8714187874499,127.07017750349,,정상가동,49.595,380,60,2023,,,,,2024-08-31
아이씨엠,충청남도 아산시 음봉면 월산로 192-193,충청남도 아산시 음봉면 산동리 636-8,36.8398788857476,127.091036028137,,정상가동,149.94,380,60,2024,,,,,2024-08-31
신안1,충청남도 아산시 배방읍 호서로231번길 72,충청남도 아산시 배방읍 회룡리 133,36.757965002866,127.071876843441,,정상가동,19.5,380,60,2023,,,,,2024-08-31
㈜하준2,충청남도 아산시 영인면 아산호로 352,충청남도 아산시 영인면 구성리 387-5,36.892566645224,126.955695489926,,정상가동,443.52,380,60,2023,,,,,2024-08-31
속뜸,충청남도 아산시 배방읍 갈산교로 72-39,충청남도 아산시 배방읍 공수리 4-3,36.7804386868667,127.065478315523,,정상가동,99.71,380,60,2023,,,,,2024-08-31
금화,충청남도 아산시 둔포면 충무로 1259-15,충청남도 아산시 둔포면 봉재리 283-2,36.8867001892349,127.032059631922,,정상가동,99.96,380,60,2023,,,,,2024-08-31
㈜그랭이,충청남도 아산시 음봉면 월산로 100-5,충청남도 아산시 음봉면 산동리 926-9,36.8501140503052,127.081405853976,,정상가동,119.48,380,60,2023,,,,,2024-08-31
동명쏠라1호,충청남도 아산시 음봉면 월암로 265-14,충청남도 아산시 음봉면 월랑리 439,36.8614760797206,127.076789480367,,정상가동,64.935,380,60,2023,,,,,2024-08-31
대운,충청남도 아산시 송악면 수곡길104번길 55,충청남도 아산시 송악면 수곡리 8-1,36.7329288684501,126.957024482955,,정상가동,60.32,380,60,2024,,,,,2024-08-31
금오,충청남도 아산시 무궁화로52번길 7,충청남도 아산시 초사동 190-4,36.7467531433701,126.980743623406,,정상가동,19.795,380,60,2024,,,,,2024-08-31
김명○,충청남도 아산시 음봉면 월암로436번길 96,충청남도 아산시 음봉면 쌍암리 6-3,36.8718163367115,127.086226158865,,정상가동,99.84,380,60,2023,,,,,2024-08-31
기곡,충청남도 아산시 도고면 도고면로 149,충청남도 아산시 도고면 기곡리 245-10,36.7606619516376,126.882482004348,,정상가동,33.32,380,60,2023,,,,,2024-08-31
소나기벌1호,,충청남도 아산시 영인면 신봉리 549-3,36.9018984226744,126.982324441242,,정상가동,60.625,380,60,2023,,,,,2024-08-31
소나기벌2호,,충청남도 아산시 영인면 신봉리 549-3,36.9018984226744,126.982324441242,,정상가동,79.54,380,60,2023,,,,,2024-08-31
소동,충청남도 아산시 음봉면 연암율금로295번길 60,충청남도 아산시 음봉면 소동리 52-6,36.8731170032157,127.052957311445,,정상가동,91.45,380,60,2023,,,,,2024-08-31
산동,충청남도 아산시 음봉면 월산로 192-162,충청남도 아산시 음봉면 산동리 950-113,36.8412871189656,127.089991466348,,정상가동,91.45,380,60,2023,,,,,2024-08-31
다우2호,충청남도 아산시 염치읍 쌍죽길 144-13,충청남도 아산시 염치읍 쌍죽리 50-4,36.8241619078271,126.985987077325,,정상가동,99.12,380,60,2024,,,,,2024-08-31
다우3호,충청남도 아산시 염치읍 쌍죽길 144-13,충청남도 아산시 염치읍 쌍죽리 50-4,36.8241619078271,126.985987077325,,정상가동,79.65,380,60,2024,,,,,2024-08-31
세림 발전소,충청남도 아산시 둔포면 운교길126번길 25,충청남도 아산시 둔포면 운교리 171-1,36.9128742767555,127.043665618803,,정상가동,99.0,380,60,2024,,,,,2024-08-31
귀뚜라미아산 태양광발전소 3호,,충청남도 아산시 탕정면 동산리 15-8,,,,정상가동,594.0,380,60,2023,,,,,2024-08-31
청풍,충청남도 아산시 염치읍 송곡길 145,충청남도 아산시 염치읍 송곡리 154-3,36.806051202871,127.013278985249,,정상가동,52.0,380,60,2023,,,,,2024-08-31
성건1,충청남도 아산시 음봉면 월암로 332-51,충청남도 아산시 음봉면 쌍암리 26-26,36.8695844401318,127.080778933091,,정상가동,99.71,380,60,2024,,,,,2024-08-31
성건2,충청남도 아산시 음봉면 월암로 332-51,충청남도 아산시 음봉면 쌍암리 26-26,36.8695844401318,127.080778933091,,정상가동,99.71,380,60,2024,,,,,2024-08-31
성건3,충청남도 아산시 음봉면 월암로 332-51,충청남도 아산시 음봉면 쌍암리 26-26,36.8695844401318,127.080778933091,,정상가동,49.56,380,60,2024,,,,,2024-08-31
에스지파워1,충청남도 아산시 음봉면 월암로 332-51,충청남도 아산시 음봉면 쌍암리 26-26,36.8695844401318,127.080778933091,,정상가동,99.71,380,60,2024,,,,,2024-08-31
에스지파워2,충청남도 아산시 음봉면 월암로 332-51,충청남도 아산시 음봉면 쌍암리 26-26,36.8695844401318,127.080778933091,,정상가동,99.71,380,60,2024,,,,,2024-08-31
에스지파워3,충청남도 아산시 음봉면 월암로 332-51,충청남도 아산시 음봉면 쌍암리 26-26,36.8695844401318,127.080778933091,,정상가동,49.56,380,60,2024,,,,,2024-08-31
㈜아산금창,충청남도 아산시 염치읍 충무로 471-20,충청남도 아산시 염치읍 방현리 274-7,36.8214976856068,127.008267156224,,정상가동,802.14,22900,60,2024,,,,,2024-08-31
ki1호,충청남도 아산시 음봉면 월산로 190-18,충청남도 아산시 음봉면 산동리 904,36.846697357542,127.089873240976,,정상가동,89.68,380,60,2023,,,,,2024-08-31
ki2호,충청남도 아산시 음봉면 월산로 190-18,충청남도 아산시 음봉면 산동리 904,36.846697357542,127.089873240976,,정상가동,65.49,380,60,2023,,,,,2024-08-31
ki3호,충청남도 아산시 음봉면 월산로 190-18,충청남도 아산시 음봉면 산동리 904,36.846697357542,127.089873240976,,정상가동,65.49,380,60,2023,,,,,2024-08-31
신아산1호,충청남도 아산시 선장면 학성로122번길 100-8,충청남도 아산시 선장면 죽산리 320-3,36.7849157241022,126.904693130387,,정상가동,99.99,380,60,2023,,,,,2024-08-31
신아산2호,충청남도 아산시 선장면 학성로122번길 100-8,충청남도 아산시 선장면 죽산리 320-3,36.7849157241022,126.904693130387,,정상가동,99.99,380,60,2023,,,,,2024-08-31
대경,충청남도 아산시 무궁화로 45-4,충청남도 아산시 초사동 158-6,36.748147082881,126.983087840774,,정상가동,34.51,380,60,2023,,,,,2024-08-31
대경일,충청남도 아산시 무궁화로 45-3,충청남도 아산시 초사동 158-5,36.748194535106,126.982830619994,,정상가동,34.51,380,60,2023,,,,,2024-08-31
㈜대신퍼니처,충청남도 아산시 음봉면 월산로 165,충청남도 아산시 음봉면 산동리 884-4,36.8481771836198,127.087537224115,,정상가동,195.16,380,60,2023,,,,,2024-08-31
삼화,충청남도 아산시 영인면 아산호로 352,충청남도 아산시 영인면 구성리 387-5,36.892566645224,126.955695489926,,정상가동,301.6,380,60,2023,,,,,2024-08-31
월랑,충청남도 아산시 음봉면 음봉로681번길 40-48,충청남도 아산시 음봉면 월랑리 659,36.8408934322273,127.083946507225,,정상가동,368.75,380,60,2023,,,,,2024-08-31
이레ETS1,충청남도 아산시 음봉면 아산밸리로388번길 152,충청남도 아산시 음봉면 신휴리 771,36.8994477157151,127.057889963,,정상가동,95.795,380,60,2024,,,,,2024-08-31
이레ETS2,충청남도 아산시 음봉면 아산밸리로388번길 152,충청남도 아산시 음봉면 신휴리 771,36.8994477157151,127.057889963,,정상가동,92.82,380,60,2024,,,,,2024-08-31
구성,충청남도 아산시 영인면 아산호로 477,충청남도 아산시 영인면 구성리 119-2,36.902648706396,126.960665592786,,정상가동,99.96,380,60,2023,,,,,2024-08-31
대신이앤씨2호,충청남도 아산시 선장면 서부남로 211,충청남도 아산시 선장면 선창리 170-10,36.7881556552946,126.884618770118,,정상가동,87.465,380,60,2023,,,,,2024-08-31
대신이앤씨3호,충청남도 아산시 선장면 서부남로 211,충청남도 아산시 선장면 선창리 170-10,36.7881556552946,126.884618770118,,정상가동,87.465,380,60,2023,,,,,2024-08-31
대신이앤씨4호,충청남도 아산시 선장면 서부남로 211,충청남도 아산시 선장면 선창리 170-10,36.7881556552946,126.884618770118,,정상가동,87.465,380,60,2023,,,,,2024-08-31
에스엠씨케미칼,충청남도 아산시 음봉면 월암로 310,충청남도 아산시 음봉면 월랑리 462-4,36.863824336953,127.080226386343,,정상가동,170.765,380,60,2024,,,,,2024-08-31
진주2호,충청남도 아산시 배미로 18,충청남도 아산시 배미동 216,36.7887368624408,126.974168059464,,정상가동,85.1,380,60,2023,,,,,2024-08-31
진주3호,충청남도 아산시 배미로 18,충청남도 아산시 배미동 216,36.7887368624408,126.974168059464,,정상가동,85.1,380,60,2023,,,,,2024-08-31
갈매,충청남도 아산시 둔포면 장영실로 925,충청남도 아산시 둔포면 신남리 625-2,36.9089053091372,127.006638632944,,정상가동,84.49,380,60,2023,,,,,2024-08-31
주형일렉,충청남도 아산시 둔포면 장영실로 925,충청남도 아산시 둔포면 신남리 625-2,36.9089053091372,127.006638632944,,정상가동,99.96,380,60,2023,,,,,2024-08-31
써니,충청남도 아산시 둔포면 장영실로 925,충청남도 아산시 둔포면 신남리 625-2,36.9089053091372,127.006638632944,,정상가동,99.96,380,60,2023,,,,,2024-08-31
영인A,,충청남도 아산시 영인면 신봉리 287,36.9022522759314,127.003803064925,,정상가동,99.0,380,60,2023,,,,,2024-08-31
영인B,,충청남도 아산시 영인면 신봉리 287,36.9022522759314,127.003803064925,,정상가동,99.0,380,60,2023,,,,,2024-08-31
영인C,,충청남도 아산시 영인면 신봉리 287,36.9022522759314,127.003803064925,,정상가동,99.0,380,60,2023,,,,,2024-08-31
영인D,,충청남도 아산시 영인면 신봉리 287,36.9022522759314,127.003803064925,,정상가동,99.0,380,60,2023,,,,,2024-08-31
영인E,,충청남도 아산시 영인면 신봉리 287,36.9022522759314,127.003803064925,,정상가동,54.0,380,60,2023,,,,,2024-08-31
송영○,충청남도 아산시 염치읍 동정길 261-11,충청남도 아산시 염치읍 동정리 215-8,36.8296878644836,126.997983405521,,정상가동,24.99,380,60,2023,,,,,2024-08-31
아산도자기,,충청남도 아산시 인주면 관암리 236-16,36.8498943538205,126.892799743374,,정상가동,99.96,380,60,2023,,,,,2024-08-31
아침목장4호,충청남도 아산시 배방읍 배방로 239-5,충청남도 아산시 배방읍 북수리 1282,36.7712152044481,127.07235147568,,정상가동,40.7,380,60,2023,,,,,2024-08-31
아침목장5호,충청남도 아산시 배방읍 배방로 239-1,충청남도 아산시 배방읍 북수리 1285,36.7710258511918,127.072398453894,,정상가동,46.02,380,60,2023,,,,,2024-08-31
㈜디앤제이로지스,충청남도 아산시 음봉면 연암율금로14번길 51-35,충청남도 아산시 음봉면 원남리 84-5,36.8595139154821,127.032526769058,,정상가동,449.82,380,60,2024,,,,,2024-08-31
㈜케이앤테크,충청남도 아산시 음봉면 연암율금로14번길 51-37,충청남도 아산시 음봉면 원남리 30,36.8591306420133,127.031988118606,,정상가동,199.92,380,60,2024,,,,,2024-08-31
㈜에스티로지스,충청남도 아산시 음봉면 연암율금로14번길 21-56,충청남도 아산시 음봉면 원남리 44-1,36.8600258417418,127.032820903871,,정상가동,799.68,22900,60,2024,,,,,2024-08-31
다원,충청남도 아산시 둔포면 봉신로 273,충청남도 아산시 둔포면 신양리 191-11,36.8857851437466,127.054709069145,,정상가동,195.755,380,60,2024,,,,,2024-08-31
동광이,충청남도 아산시 무궁화로 45-1,충청남도 아산시 초사동 158,36.748317474923,126.982398362042,,정상가동,37.41,380,60,2023,,,,,2024-08-31
동광삼,충청남도 아산시 무궁화로 45-2,충청남도 아산시 초사동 158-4,36.74828200187,126.982609894278,,정상가동,37.41,380,60,2023,,,,,2024-08-31
우리원2,충청남도 아산시 도고면 도고산로 104,충청남도 아산시 도고면 농은리 209,36.7113723419022,126.9206945869,,정상가동,92.04,380,60,2024,,,,,2024-08-31
태영금속2,충청남도 아산시 둔포면 윤보선로336번길 71-46,충청남도 아산시 둔포면 신항리 71-6,36.9050201416857,127.024941915456,,정상가동,99.96,380,60,2024,,,,,2024-08-31
태영금속3,충청남도 아산시 둔포면 윤보선로336번길 71-46,충청남도 아산시 둔포면 신항리 71-6,36.9050201416857,127.024941915456,,정상가동,99.96,380,60,2024,,,,,2024-08-31
티와이테크2,충청남도 아산시 둔포면 윤보선로336번길 71-46,충청남도 아산시 둔포면 신항리 71-6,36.9050201416857,127.024941915456,,정상가동,99.96,380,60,2024,,,,,2024-08-31
아현,충청남도 아산시 온천대로 1790-9,충청남도 아산시 남동 209,36.7730524204365,127.035244152641,,정상가동,99.96,380,60,2023,,,,,2024-08-31
대훈1호,충청남도 아산시 영인면 신운북길27번길 87-29,충청남도 아산시 영인면 신운리 650,36.8806622989094,126.951294657438,,정상가동,99.96,380,60,2023,,,,,2024-08-31
대훈2호,충청남도 아산시 영인면 신운북길27번길 87-29,충청남도 아산시 영인면 신운리 650,36.8806622989094,126.951294657438,,정상가동,59.5,380,60,2023,,,,,2024-08-31
박홍○,충청남도 아산시 음봉면 음봉로681번길 40-36,충청남도 아산시 음봉면 월랑리 660,36.8404088693308,127.083360198095,,정상가동,99.96,380,60,2023,,,,,2024-08-31
최순○,충청남도 아산시 음봉면 음봉로681번길 40-36,충청남도 아산시 음봉면 월랑리 660,36.8404088693308,127.083360198095,,정상가동,69.615,380,60,2023,,,,,2024-08-31
햇살그린 발전소 72호,충청남도 아산시 둔포면 아산밸리서로 147,충청남도 아산시 둔포면 석곡리 1344,36.926283738839,127.058894561216,,정상가동,99.96,380,60,2023,,,,,2024-08-31
햇살그린 발전소 73호,충청남도 아산시 둔포면 아산밸리서로 147,충청남도 아산시 둔포면 석곡리 1344,36.926283738839,127.058894561216,,정상가동,95.2,380,60,2023,,,,,2024-08-31
햇살그린 발전소 74호,충청남도 아산시 둔포면 아산밸리서로 147,충청남도 아산시 둔포면 석곡리 1344,36.926283738839,127.058894561216,,정상가동,95.2,380,60,2024,,,,,2024-08-31
햇살그린 발전소 75호,충청남도 아산시 둔포면 아산밸리서로 147,충청남도 아산시 둔포면 석곡리 1344,36.926283738839,127.058894561216,,정상가동,99.96,380,60,2024,,,,,2024-08-31
영상1호,충청남도 아산시 도고면 덕암산로 320,충청남도 아산시 도고면 석당리 2,36.7580358368441,126.926949313539,,정상가동,99.96,380,60,2024,,,,,2024-08-31
영상2호,충청남도 아산시 도고면 덕암산로 320,충청남도 아산시 도고면 석당리 2,36.7580358368441,126.926949313539,,정상가동,99.96,380,60,2024,,,,,2024-08-31
영상3호,충청남도 아산시 도고면 덕암산로 320,충청남도 아산시 도고면 석당리 2,36.7580358368441,126.926949313539,,정상가동,19.635,380,60,2024,,,,,2024-08-31
코리아에너지발전소㈜ 14호기,충청남도 아산시 음봉면 아산온천로157번길 67,충청남도 아산시 음봉면 신수리 288-6,36.855301280385,126.978244127306,,정상가동,487.2,380,60,2024,,,,,2024-08-31
궁평,충청남도 아산시 선장면 궁평길 20,충청남도 아산시 선장면 궁평리 94,36.8097224801615,126.857714420276,,정상가동,99.96,380,60,2023,,,,,2024-08-31
궁평2호,충청남도 아산시 선장면 궁평길 20,충청남도 아산시 선장면 궁평리 94,36.8097224801615,126.857714420276,,정상가동,99.96,380,60,2024,,,,,2024-08-31
㈜송덕패키징 둔포,충청남도 아산시 둔포면 윤보선로336번길 71-16,충청남도 아산시 둔포면 신항리 70,36.9033614278797,127.023490703283,,정상가동,303.45,380,60,2023,,,,,2024-08-31
케이탑,충청남도 아산시 음봉면 음봉로681번길 40-37,충청남도 아산시 음봉면 월랑리 646,36.8404148379243,127.082684512046,,정상가동,220.15,380,60,2023,,,,,2024-08-31
연농원,충청남도 아산시 음봉면 신의길196번길 48,충청남도 아산시 음봉면 의식리 259-1,36.8903080054871,127.084072492403,,정상가동,114.24,380,60,2023,,,,,2024-08-31
동리2호,충청남도 아산시 음봉면 연암율금로203번길 45,충청남도 아산시 음봉면 소동리 164-5,36.8699879332673,127.048066240407,,정상가동,45.6,380,60,2023,,,,,2024-08-31
동호1호,충청남도 아산시 음봉면 월암로436번길 96-22,충청남도 아산시 음봉면 쌍암리 21-4,36.8687764701759,127.08634958683,,정상가동,99.96,380,60,2023,,,,,2024-08-31
동호2호,충청남도 아산시 음봉면 월암로436번길 96-22,충청남도 아산시 음봉면 쌍암리 21-4,36.8687764701759,127.08634958683,,정상가동,54.74,380,60,2023,,,,,2024-08-31
도흥28호,,충청남도 아산시 인주면 도흥리 11-8,36.8378746082505,126.910339212172,,정상가동,34.44,380,60,2024,,,,,2024-08-31
이병○,충청남도 아산시 음봉면 월랑길 5-3,충청남도 아산시 음봉면 월랑리 93-2,36.8441518457347,127.079198352554,,정상가동,28.785,380,60,2024,,,,,2024-08-31
충진정밀,충청남도 아산시 음봉면 월산로 75,충청남도 아산시 음봉면 월랑리 62-10,36.8533406683151,127.082664568367,,정상가동,97.58,380,60,2024,,,,,2024-08-31
동리2호,충청남도 아산시 음봉면 연암율금로203번길 45,충청남도 아산시 음봉면 소동리 164-5,36.8699879332673,127.048066240407,,정상가동,45.6,380,60,2024,,,,,2024-08-31
이혁○,충청남도 아산시 둔포면 아산호로 1168-8,충청남도 아산시 둔포면 송용리 5-3,36.9260546162164,127.028425058314,,정상가동,70.7,380,60,2024,,,,,2024-08-31
아평1,충청남도 아산시 둔포면 운용길 7,충청남도 아산시 둔포면 운용리 339-1,36.9360447250089,127.056505403106,,정상가동,195.0,380,60,2024,,,,,2024-08-31
봉임,충청남도 아산시 외암로 1305,충청남도 아산시 장존동 407-7,36.7527291596944,127.017121117762,,정상가동,99.0,380,60,2024,,,,,2024-08-31
햇빛,충청남도 아산시 염치읍 염성길 109-45,충청남도 아산시 염치읍 염성리 243-12,36.8124971108543,126.970588288375,,정상가동,203.0,380,60,2024,,,,,2024-08-31
쌍용,충청남도 아산시 음봉면 연암율금로508번길 33,충청남도 아산시 음봉면 쌍암리 300-4,36.8794353618289,127.078367040492,,정상가동,499.78,380,60,2024,,,,,2024-08-31
명인,충청남도 아산시 음봉면 월산로 192-150,충청남도 아산시 음봉면 산동리 950-110,36.8418378079633,127.089961056302,,정상가동,91.0,380,60,2023,,,,,2024-08-31
대림,충청남도 아산시 배미로 7-16,충청남도 아산시 배미동 208-1,36.7882242510926,126.972310693399,,정상가동,95.535,380,60,2024,,,,,2024-08-31
동해기업,충청남도 아산시 음봉면 음봉면로 188-33,충청남도 아산시 음봉면 원남리 320-6,36.8584088193026,127.023687756561,,정상가동,95.2,380,60,2024,,,,,2024-08-31
아산미그린주유소,충청남도 아산시 탕정면 이순신대로 695-5,충청남도 아산시 탕정면 매곡리 602,36.7924809789388,127.079559573154,,정상가동,78.54,380,60,2024,,,,,2024-08-31
화영1호,충청남도 아산시 둔포면 해위길 144,충청남도 아산시 둔포면 신항리 63-1,36.9007975714833,127.025079668174,,정상가동,99.96,380,60,2024,,,,,2024-08-31
화영2호,충청남도 아산시 둔포면 해위길 144,충청남도 아산시 둔포면 신항리 63-1,36.9007975714833,127.025079668174,,정상가동,46.61,380,60,2024,,,,,2024-08-31
아이팔천안2호기,,충청남도 아산시 음봉면 산정리 242-16,36.8553324668636,127.000213949264,,정상가동,189.1,380,60,2024,,,,,2024-08-31
이스턴,충청남도 아산시 영인면 신봉길232번길 130,충청남도 아산시 영인면 신봉리 124-3,36.8901852767164,127.000946157263,,정상가동,299.285,380,60,2024,,,,,2024-08-31
햇살그린 발전소 219호,충청남도 아산시 영인면 신봉길232번길 130,충청남도 아산시 영인면 신봉리 124-3,36.8901852767164,127.000946157263,,정상가동,114.24,380,60,2023,,,,,2024-08-31
우일1,충청남도 아산시 음봉면 연암율금로106번길 3,충청남도 아산시 음봉면 소동리 490-2,36.8631800198367,127.038661825418,,정상가동,59.4,380,60,2023,,,,,2024-08-31
우일2,충청남도 아산시 음봉면 연암율금로106번길 3,충청남도 아산시 음봉면 소동리 490-2,36.8631800198367,127.038661825418,,정상가동,13.86,380,60,2023,,,,,2024-08-31
아미1호,충청남도 아산시 배방읍 구령길 21-21,충청남도 아산시 배방읍 구령리 224,36.7793140194951,127.049178734297,,정상가동,99.43,380,60,2023,,,,,2024-08-31
아미2호,충청남도 아산시 배방읍 구령길 21-21,충청남도 아산시 배방읍 구령리 224,36.7793140194951,127.049178734297,,정상가동,99.43,380,60,2023,,,,,2024-08-31
썬1호,충청남도 아산시 음봉면 산동로 285-2,충청남도 아산시 음봉면 산동리 196-7,36.8524956772966,127.103833529167,,정상가동,100.2,380,60,2024,,,,,2024-08-31
윤원3,충청남도 아산시 음봉면 산동로 285-2,충청남도 아산시 음봉면 산동리 196-7,36.8524956772966,127.103833529167,,정상가동,99.96,380,60,2024,,,,,2024-08-31
신동1호,,충청남도 아산시 선장면 신동리 3-5,36.7892846340456,126.899803718009,,정상가동,981.87,22900,60,2024,,,,,2024-08-31
신동2호,,충청남도 아산시 선장면 신동리 3-5,36.7892846340456,126.899803718009,,정상가동,981.87,22900,60,2024,,,,,2024-08-31
현대1,충청남도 아산시 염치읍 염성길 109-70,충청남도 아산시 염치읍 염성리 248-9,36.8129366677786,126.967786908846,,정상가동,69.6,380,60,2024,,,,,2024-08-31
현대2,충청남도 아산시 염치읍 염성길 109-70,충청남도 아산시 염치읍 염성리 248-9,36.8129366677786,126.967786908846,,정상가동,45.0,380,60,2024,,,,,2024-08-31
우일1호,충청남도 아산시 음봉면 월암로 336-48,충청남도 아산시 음봉면 쌍암리 26-9,36.870215275818,127.079883819642,,정상가동,99.0,380,60,2024,,,,,2024-08-31
우일2호,충청남도 아산시 음봉면 월암로 336-48,충청남도 아산시 음봉면 쌍암리 26-9,36.870215275818,127.079883819642,,정상가동,98.4,380,60,2024,,,,,2024-08-31
우일3호,충청남도 아산시 음봉면 월암로 336-48,충청남도 아산시 음봉면 쌍암리 26-9,36.870215275818,127.079883819642,,정상가동,99.6,380,60,2024,,,,,2024-08-31
우일4호,충청남도 아산시 음봉면 월암로 336-48,충청남도 아산시 음봉면 쌍암리 26-9,36.870215275818,127.079883819642,,정상가동,30.0,380,60,2024,,,,,2024-08-31
유로,충청남도 아산시 음봉면 음봉로 669,충청남도 아산시 음봉면 덕지리 64-17,36.8349555033575,127.083171103972,,정상가동,58.31,380,60,2024,,,,,2024-08-31
대림테크,충청남도 아산시 둔포면 이화서길 73-21,충청남도 아산시 둔포면 염작리 98-33,36.9089803949148,127.072838421243,,정상가동,155.295,380,60,2024,,,,,2024-08-31
아산북면,충청남도 아산시 음봉면 산동로 285-2,충청남도 아산시 음봉면 산동리 196-7,36.8524956772966,127.103833529167,,정상가동,30.0,380,60,2024,,,,,2024-08-31
드림텍,충청남도 아산시 신창면 서부북로 929,충청남도 아산시 신창면 남성리 134-11,36.7913574053255,126.961822675297,,정상가동,881.64,22900,60,2024,,,,,2024-08-31
태연,충청남도 아산시 선장면 부엉산길 290,충청남도 아산시 선장면 선창리 170-2,36.787434702762,126.885769092356,,정상가동,99.96,380,60,2024,,,,,2024-08-31
이상○1,충청남도 아산시 인주면 영인산로333번길 60,충청남도 아산시 인주면 냉정리 189-7,36.8608045672304,126.920454324466,,정상가동,157.675,380,60,2024,,,,,2024-08-31
이상○2,충청남도 아산시 인주면 영인산로333번길 60,충청남도 아산시 인주면 냉정리 189-7,36.8608045672304,126.920454324466,,정상가동,157.675,380,60,2024,,,,,2024-08-31
HA,충청남도 아산시 음봉면 월산로 192-187,충청남도 아산시 음봉면 산동리 636-7,36.8402794015052,127.090952307701,,정상가동,144.0,380,60,2024,,,,,2024-08-31
HJ,충청남도 아산시 음봉면 월산로 192-100,충청남도 아산시 음봉면 산동리 950-54,36.8441895311108,127.090176720203,,정상가동,99.0,380,60,2024,,,,,2024-08-31
JJ,충청남도 아산시 음봉면 월산로 192-108,충청남도 아산시 음봉면 산동리 685-70,36.843875680802,127.090051454482,,정상가동,99.0,380,60,2024,,,,,2024-08-31
영신철재산업,충청남도 아산시 음봉면 월산로 158-5,충청남도 아산시 음봉면 산동리 910,36.8460511615094,127.087963431997,,정상가동,76.16,380,60,2024,,,,,2024-08-31
건영1호,충청남도 아산시 음봉면 월암로 332-33,충청남도 아산시 음봉면 쌍암리 26-35,36.8679046578991,127.081231040028,,정상가동,99.96,380,60,2024,,,,,2024-08-31
건영2호,충청남도 아산시 음봉면 월암로 332-33,충청남도 아산시 음봉면 쌍암리 26-35,36.8679046578991,127.081231040028,,정상가동,96.96,380,60,2024,,,,,2024-08-31
무진개발,충청남도 아산시 시민로329번길 82-6,충청남도 아산시 용화동 373,36.7734704983899,126.992856905402,,정상가동,49.61,380,60,2024,,,,,2024-08-31
동양,충청남도 아산시 음봉면 월산로201번길 33,충청남도 아산시 음봉면 산동리 845,36.8509596894437,127.090566125039,,정상가동,85.68,380,60,2024,,,,,2024-08-31
이상○3,충청남도 아산시 인주면 관암길 49,충청남도 아산시 인주면 관암리 80-1,36.8638157797518,126.887919932004,,정상가동,92.61,380,60,2024,,,,,2024-08-31
햇살그린 발전소 281호,충청남도 아산시 둔포면 이화서길 77-34,충청남도 아산시 둔포면 염작리 87-7,36.9064068470164,127.074608515186,,정상가동,56.33,380,60,2024,,,,,2024-08-31
햇들원 코아콘 1공장,충청남도 아산시 음봉면 음봉로586번길 58-21,충청남도 아산시 음봉면 덕지리 404-3,36.8347971588238,127.070362299054,,정상가동,443.92,380,60,2024,,,,,2024-08-31
명호,충청남도 아산시 음봉면 음봉면로16번길 29,충청남도 아산시 음봉면 삼거리 178-2,36.8475334027033,127.015356812467,,정상가동,19.5,380,60,2024,,,,,2024-08-31
삼원발전소 1호,충청남도 아산시 둔포면 아산호로840번길 88-1,충청남도 아산시 둔포면 신남리 600-1,36.9093544955101,126.998090268136,,정상가동,69.615,380,60,2024,,,,,2024-08-31
진아1,충청남도 아산시 둔포면 아산호로1032번길 36-2,충청남도 아산시 둔포면 신법리 174-17,36.921910071753,127.016246997684,,정상가동,14.4,380,60,2024,,,,,2024-08-31
코텍1호기,충청남도 아산시 인주면 인주로 58-7,충청남도 아산시 인주면 금성리 187,36.8412998966452,126.872545445819,,정상가동,99.735,380,60,2024,,,,,2024-08-31
코텍2호기,충청남도 아산시 인주면 인주로 58-7,충청남도 아산시 인주면 금성리 187,36.8412998966452,126.872545445819,,정상가동,99.735,380,60,2024,,,,,2024-08-31
코텍3호기,충청남도 아산시 인주면 인주로 58-7,충청남도 아산시 인주면 금성리 187,36.8412998966452,126.872545445819,,정상가동,99.735,380,60,2024,,,,,2024-08-31
코텍4호기,충청남도 아산시 인주면 인주로 58-7,충청남도 아산시 인주면 금성리 187,36.8412998966452,126.872545445819,,정상가동,99.735,380,60,2024,,,,,2024-08-31
햇들원 코아콘 2공장,충청남도 아산시 음봉면 월산로 100-3,충청남도 아산시 음봉면 산동리 926-12,36.8501911202875,127.082024194024,,정상가동,98.58,380,60,2024,,,,,2024-08-31
다일솔라1,충청남도 아산시 선장면 서부남로172번길 54,충청남도 아산시 선장면 선창리 165-1,36.7852241313948,126.88376635644,,정상가동,89.25,380,60,2024,,,,,2024-08-31
다일솔라2,충청남도 아산시 선장면 서부남로172번길 54,충청남도 아산시 선장면 선창리 165-1,36.7852241313948,126.88376635644,,정상가동,88.655,380,60,2024,,,,,2024-08-31
다일솔라3,충청남도 아산시 선장면 서부남로172번길 54,충청남도 아산시 선장면 선창리 165-1,36.7852241313948,126.88376635644,,정상가동,88.655,380,60,2024,,,,,2024-08-31
SP1호,,충청남도 아산시 둔포면 염작리 379,36.9111932435562,127.068863758152,,정상가동,99.96,380,60,2024,,,,,2024-08-31
SP2호,,충청남도 아산시 둔포면 염작리 379,36.9111932435562,127.068863758152,,정상가동,99.96,380,60,2024,,,,,2024-08-31
SP3호,,충청남도 아산시 둔포면 염작리 379,36.9111932435562,127.068863758152,,정상가동,99.96,380,60,2024,,,,,2024-08-31
SP4호,,충청남도 아산시 둔포면 염작리 379,36.9111932435562,127.068863758152,,정상가동,99.96,380,60,2024,,,,,2024-08-31
호성1호,충청남도 아산시 배방읍 호서로79번길 6,충청남도 아산시 배방읍 세출리 226,36.7401252424925,127.076097629895,,정상가동,58.5,380,60,2024,,,,,2024-08-31
기브온9호,충청남도 아산시 신창면 신달길 63-83,충청남도 아산시 신창면 신달리 711,36.8066188706353,126.940066062255,,정상가동,54.0,380,60,2023,,,,,2024-08-31
기브온10호,,충청남도 아산시 신창면 신달리 711-3,36.8065121068417,126.940280855283,,정상가동,54.0,380,60,2023,,,,,2024-08-31
축복,충청남도 아산시 둔포면 이화길157번길 33-7,충청남도 아산시 둔포면 염작리 186-1,36.9198693904686,127.077841537015,,정상가동,27.0,380,60,2024,,,,,2024-08-31
고광산업,충청남도 아산시 음봉면 음봉로 165,충청남도 아산시 음봉면 삼거리 78-2,36.8481685594137,127.030128712549,,정상가동,300.0,380,60,2024,,,,,2024-08-31
운교리1호,충청남도 아산시 둔포면 운교길 143,충청남도 아산시 둔포면 운교리 150,36.9146363700002,127.044871748303,,정상가동,63.6,380,60,2024,,,,,2024-08-31
햇살그린 발전소 282호,충청남도 아산시 둔포면 이화서길 77-34,충청남도 아산시 둔포면 염작리 87-7,36.9064068470164,127.074608515186,,정상가동,99.56,380,60,2024,,,,,2024-08-31
햇살그린 발전소 283호,충청남도 아산시 둔포면 윤보선로336번길 12-25,충청남도 아산시 둔포면 신남리 749-3,36.8997466064996,127.016386247663,,정상가동,99.56,380,60,2024,,,,,2024-08-31
햇살그린 발전소 284호,충청남도 아산시 둔포면 윤보선로336번길 12-25,충청남도 아산시 둔포면 신남리 749-3,36.8997466064996,127.016386247663,,정상가동,50.435,380,60,2024,,,,,2024-08-31
왕성1호,충청남도 아산시 음봉면 월산로 214-36,충청남도 아산시 음봉면 산동리 950-125,36.8455487707701,127.092622609777,,정상가동,99.96,380,60,2024,,,,,2024-08-31
왕성2호,충청남도 아산시 음봉면 월산로 214-36,충청남도 아산시 음봉면 산동리 950-125,36.8455487707701,127.092622609777,,정상가동,61.88,380,60,2024,,,,,2024-08-31
종원1호,,충청남도 아산시 염치읍 방현리 389-1,36.8130034423471,127.009701647753,,정상가동,74.0,380,60,2024,,,,,2024-08-31
종원3호,충청남도 아산시 염치읍 충무로358번길 39-22,충청남도 아산시 염치읍 방현리 386-1,36.8137297679274,127.009322823875,,정상가동,68.75,380,60,2024,,,,,2024-08-31
종원4호,충청남도 아산시 염치읍 충무로358번길 39-14,충청남도 아산시 염치읍 방현리 387,36.8129773551211,127.009133556903,,정상가동,24.8,380,60,2024,,,,,2024-08-31
허은○,충청남도 아산시 배방읍 배방로201번길 5,충청남도 아산시 배방읍 북수리 1172,36.7709127450473,127.06831111519,,정상가동,19.2,380,60,2024,,,,,2024-08-31
재박1호,충청남도 아산시 염치읍 충무로358번길 39-18,충청남도 아산시 염치읍 방현리 391-7,36.8134545124745,127.010014496587,,정상가동,99.2,380,60,2024,,,,,2024-08-31
재박2호,충청남도 아산시 염치읍 충무로358번길 39-18,충청남도 아산시 염치읍 방현리 391-7,36.8134545124745,127.010014496587,,정상가동,86.8,380,60,2024,,,,,2024-08-31
재박3호,충청남도 아산시 염치읍 충무로358번길 39-16,충청남도 아산시 염치읍 방현리 387-2,36.8132090104194,127.009394038056,,정상가동,74.4,380,60,2024,,,,,2024-08-31
신진1호,충청남도 아산시 음봉면 산동로 379-20,충청남도 아산시 음봉면 산동리 150-8,36.8569043495794,127.106960769651,,정상가동,84.7,380,60,2024,,,,,2024-08-31
신진2호,충청남도 아산시 음봉면 산동로 379-18,충청남도 아산시 음봉면 산동리 150-17,36.857091072833,127.107144707382,,정상가동,84.7,380,60,2024,,,,,2024-08-31
㈜성운이노베이션,충청남도 아산시 선장면 서부남로151번길 36,충청남도 아산시 선장면 선창리 275-16,36.7915768150858,126.879787194446,,정상가동,190.75,380,60,2024,,,,,2024-08-31
아드,충청남도 아산시 음봉면 산동로 293-6,충청남도 아산시 음봉면 산동리 197-1,36.8531300289475,127.103138623774,,정상가동,96.985,380,60,2024,,,,,2024-08-31
빈스,충청남도 아산시 음봉면 산동로 293-6,충청남도 아산시 음봉면 산동리 197-1,36.8531300289475,127.103138623774,,정상가동,52.955,380,60,2024,,,,,2024-08-31
탑이엔지,충청남도 아산시 음봉면 월산로 214-24,충청남도 아산시 음봉면 산동리 691-24,36.8465476522978,127.091801527501,,정상가동,99.6,380,60,2024,,,,,2024-08-31
티프리즘1호,충청남도 아산시 신창면 서부북로 411-13,충청남도 아산시 신창면 가덕리 311-2,36.81430939227,126.912562545796,,정상가동,394.485,380,60,2024,,,,,2024-08-31
홍해,충청남도 아산시 음봉면 월산로201번길 60,충청남도 아산시 음봉면 산동리 73-3,36.8533500099909,127.090854090921,,정상가동,81.515,380,60,2024,,,,,2024-08-31
햇살그린발전소 306호,충청남도 아산시 음봉면 음봉로586번길 58-21,충청남도 아산시 음봉면 덕지리 404-3,36.8347971588238,127.070362299054,,정상가동,99.56,380,60,2024,,,,,2024-08-31
햇살그린발전소 307호,충청남도 아산시 음봉면 월산로 100-3,충청남도 아산시 음봉면 산동리 926-12,36.8501911202875,127.082024194024,,정상가동,98.25,380,60,2024,,,,,2024-08-31
곡교리,충청남도 아산시 염치읍 곡교리길10번길 35-20,충청남도 아산시 염치읍 곡교리 371,36.8090761896209,126.978922880522,,정상가동,28.56,380,60,2024,,,,,2024-08-31
태광알앤디,충청남도 아산시 둔포면 운교길 275-20,충청남도 아산시 둔포면 운교리 7-15,36.9142232250947,127.054348726962,,정상가동,489.8,380,60,2024,,,,,2024-08-31
미래7호,충청남도 아산시 음봉면 산동로59번길 27-3,충청남도 아산시 음봉면 산동리 586-1,36.8348778484133,127.092301795968,,정상가동,30.0,380,60,2024,,,,,2024-08-31
일신기술1호,충청남도 아산시 영인면 윤보선로 52-10,충청남도 아산시 영인면 신봉리 74-19,36.8819304690867,126.997988987266,,정상가동,35.0,380,60,2024,,,,,2024-08-31
일신기술2호,충청남도 아산시 음봉면 음봉면로 232-44,충청남도 아산시 음봉면 원남리 324-1,36.8598641073839,127.025406741315,,정상가동,30.0,380,60,2024,,,,,2024-08-31
아산 제일레이저,충청남도 아산시 둔포면 아산밸리로 281,충청남도 아산시 둔포면 석곡리 1537-1,36.9158832474929,127.063390677393,,정상가동,791.945,22900,60,2024,,,,,2024-08-31
소원정,충청남도 아산시 염치읍 방현동길 75-8,충청남도 아산시 염치읍 방현리 188-3,36.8183907296857,127.014197921377,,정상가동,79.2,380,60,2024,,,,,2024-08-31
와산2리 마을회,충청남도 아산시 도고면 온천대로595번길 37,충청남도 아산시 도고면 와산리 250-1,36.7641247620539,126.915103930386,,정상가동,12.0,380,60,2024,,,,,2024-08-31
에스와이 태양광발전소 1호,충청남도 아산시 설화산길 79-45,충청남도 아산시 좌부동 95,36.7559755477019,127.028362966382,,정상가동,104.16,380,60,2024,,,,,2024-08-31
BMC,충청남도 아산시 영인면 영인로202번길 61-36,충청남도 아산시 영인면 신운리 259-1,36.8690975394997,126.953023770097,,정상가동,192.0,380,60,2024,,,,,2024-08-31
유진,충청남도 아산시 인주면 인주산단로 67,충청남도 아산시 인주면 걸매리 1043,36.8761761936396,126.880075018297,,정상가동,943.2,22900,60,2024,,,,,2024-08-31
내츄럴푸드1호,충청남도 아산시 염치읍 방현동길 83-1,충청남도 아산시 염치읍 방현리 161-4,36.8177253327175,127.015070772882,,정상가동,99.96,380,60,2024,,,,,2024-08-31
내츄럴푸드2호,충청남도 아산시 염치읍 방현동길 83-1,충청남도 아산시 염치읍 방현리 161-4,36.8177253327175,127.015070772882,,정상가동,45.63,380,60,2024,,,,,2024-08-31
용두1리,충청남도 아산시 탕정면 탕정로21번길 6-10,충청남도 아산시 탕정면 용두리 594-3,36.7986693419151,127.046678382838,,정상가동,15.0,380,60,2024,,,,,2024-08-31
KS1,충청남도 아산시 둔포면 운용길 27,충청남도 아산시 둔포면 운용리 339-9,36.9353009629381,127.057446068322,,정상가동,99.825,380,60,2024,,,,,2024-08-31
KS2,충청남도 아산시 둔포면 운용길 27,충청남도 아산시 둔포면 운용리 339-9,36.9353009629381,127.057446068322,,정상가동,85.91,380,60,2024,,,,,2024-08-31
KS3,충청남도 아산시 둔포면 운용길 27,충청남도 아산시 둔포면 운용리 339-9,36.9353009629381,127.057446068322,,정상가동,98.615,380,60,2024,,,,,2024-08-31
금곡1호,충청남도 아산시 염치읍 방현동길 113-33,충청남도 아산시 염치읍 방현리 180-1,36.8207691753417,127.015889010009,,정상가동,99.96,380,60,2024,,,,,2024-08-31
금곡2호,충청남도 아산시 염치읍 방현동길 113-33,충청남도 아산시 염치읍 방현리 180-1,36.8207691753417,127.015889010009,,정상가동,99.96,380,60,2024,,,,,2024-08-31
금곡3호,충청남도 아산시 염치읍 방현동길 113-33,충청남도 아산시 염치읍 방현리 180-1,36.8207691753417,127.015889010009,,정상가동,29.75,380,60,2024,,,,,2024-08-31
도일,충청남도 아산시 음봉면 연암산로 178,충청남도 아산시 음봉면 원남리 2-1,36.8570288679434,127.04346809396,,정상가동,71.34,380,60,2024,,,,,2024-08-31
빛나,충청남도 아산시 배방읍 북수로111번길 3,충청남도 아산시 배방읍 북수리 1443,36.7742373922686,127.073051941858,,정상가동,19.635,380,60,2024,,,,,2024-08-31
프라피아1,충청남도 아산시 둔포면 이화동길 59,충청남도 아산시 둔포면 신왕리 34-13,36.9220700120913,127.084480740292,,정상가동,88.935,380,60,2024,,,,,2024-08-31
프라피아2,충청남도 아산시 둔포면 이화동길 59,충청남도 아산시 둔포면 신왕리 34-13,36.9220700120913,127.084480740292,,정상가동,99.825,380,60,2024,,,,,2024-08-31
프라피아3,충청남도 아산시 둔포면 이화동길 59,충청남도 아산시 둔포면 신왕리 34-13,36.9220700120913,127.084480740292,,정상가동,75.02,380,60,2024,,,,,2024-08-31
프라피아4,충청남도 아산시 둔포면 이화동길 52,충청남도 아산시 둔포면 신왕리 32-11,36.923352093373,127.084347027123,,정상가동,97.405,380,60,2024,,,,,2024-08-31
프라피아5,충청남도 아산시 둔포면 이화동길 52,충청남도 아산시 둔포면 신왕리 32-11,36.923352093373,127.084347027123,,정상가동,96.8,380,60,2024,,,,,2024-08-31
프라피아6,충청남도 아산시 둔포면 이화동길 52,충청남도 아산시 둔포면 신왕리 32-11,36.923352093373,127.084347027123,,정상가동,70.18,380,60,2024,,,,,2024-08-31
대화제지,충청남도 아산시 환경공원로 105,충청남도 아산시 실옥동 289,36.7969533957226,126.983201490021,,정상가동,382.36,380,60,2024,,,,,2024-08-31
성운,충청남도 아산시 선장면 서부남로 6,충청남도 아산시 선장면 군덕리 77-14,36.7875513984768,126.862052368579,,정상가동,61.5,380,60,2024,,,,,2024-08-31
햇살그린발전소624호,충청남도 아산시 음봉면 연암율금로295번길 78-7,충청남도 아산시 음봉면 소동리 120-9,36.8743600094264,127.051042467646,,정상가동,94.32,380,60,2024,,,,,2024-08-31
햇살그린발전소625호,충청남도 아산시 음봉면 연암율금로295번길 78-7,충청남도 아산시 음봉면 소동리 120-9,36.8743600094264,127.051042467646,,정상가동,94.32,380,60,2024,,,,,2024-08-31
햇살그린발전소626호,충청남도 아산시 음봉면 연암율금로295번길 78-7,충청남도 아산시 음봉면 소동리 120-9,36.8743600094264,127.051042467646,,정상가동,98.25,380,60,2024,,,,,2024-08-31
햇살그린발전소627호,충청남도 아산시 음봉면 연암율금로295번길 78-7,충청남도 아산시 음봉면 소동리 120-9,36.8743600094264,127.051042467646,,정상가동,53.71,380,60,2024,,,,,2024-08-31
한성1호,충청남도 아산시 둔포면 해위길 120,충청남도 아산시 둔포면 신항리 134,36.8990341681325,127.023080868952,,정상가동,243.02,380,60,2024,,,,,2024-08-31
한성2호,충청남도 아산시 둔포면 해위길 120,충청남도 아산시 둔포면 신항리 134,36.8990341681325,127.023080868952,,정상가동,39.44,380,60,2024,,,,,2024-08-31
왕성3호,충청남도 아산시 음봉면 월산로 214-36,충청남도 아산시 음봉면 산동리 950-125,36.8455487707701,127.092622609777,,정상가동,38.745,380,60,2024,,,,,2024-08-31
우성,충청남도 아산시 선장면 삽교천로 2-24,충청남도 아산시 선장면 가산리 414-24,36.8058235239848,126.866309608394,,정상가동,193.6,380,60,2024,,,,,2024-08-31
햇살그린발전소645호,충청남도 아산시 탕정면 꾀꼴성길 16-18,"충청남도 아산시 탕정면 용두리 178, 175",36.8136850701048,127.047682809025,,정상가동,74.015,380,60,2024,,,,,2024-08-31
햇살그린발전소646호,충청남도 아산시 탕정면 꾀꼴성길 16-19,충청남도 아산시 탕정면 용두리 175,36.8139604438486,127.048587291649,,정상가동,87.77,380,60,2024,,,,,2024-08-31
기근산업1호,충청남도 아산시 둔포면 윤보선로 481,충청남도 아산시 둔포면 신법리 68-25,36.9130517078456,127.020690377422,,정상가동,99.82,380,60,2024,,,,,2024-08-31
케이피엠,충청남도 아산시 둔포면 봉신로 258-48,충청남도 아산시 둔포면 신양리 118-20,36.8814832823447,127.057218068546,,정상가동,53.4,380,60,2024,,,,,2024-08-31
디에스,충청남도 아산시 음봉면 월암로436번길 96-25,충청남도 아산시 음봉면 쌍암리 23-3,36.8685221320199,127.086661980301,,정상가동,66.0,380,60,2024,,,,,2024-08-31
힘찬1호,충청남도 아산시 도고면 아산만로35번길 127-35,충청남도 아산시 도고면 봉농리 465,36.7517296232925,126.849025642055,,정상가동,99.82,380,60,2024,,,,,2024-08-31
힘찬2호,충청남도 아산시 도고면 아산만로35번길 127-35,충청남도 아산시 도고면 봉농리 465,36.7517296232925,126.849025642055,,정상가동,99.82,380,60,2024,,,,,2024-08-31
힘찬3호,충청남도 아산시 도고면 아산만로35번길 127-35,충청남도 아산시 도고면 봉농리 465,36.7517296232925,126.849025642055,,정상가동,99.82,380,60,2024,,,,,2024-08-31
힘찬4호,충청남도 아산시 도고면 아산만로35번길 127-35,충청남도 아산시 도고면 봉농리 465,36.7517296232925,126.849025642055,,정상가동,99.82,380,60,2024,,,,,2024-08-31
힘찬5호,충청남도 아산시 도고면 아산만로35번길 127-35,충청남도 아산시 도고면 봉농리 465,36.7517296232925,126.849025642055,,정상가동,49.6,380,60,2024,,,,,2024-08-31
밀리언1호,충청남도 아산시 배방읍 갈산교로 32,충청남도 아산시 배방읍 공수리 5-3,36.7802931348069,127.064528906196,,정상가동,194.68,380,60,2024,,,,,2024-08-31
밀리언2호,충청남도 아산시 배방읍 갈산교로 32,충청남도 아산시 배방읍 공수리 5-3,36.7802931348069,127.064528906196,,정상가동,19.84,380,60,2024,,,,,2024-08-31
밀리언3호,충청남도 아산시 배방읍 갈산교로 32,충청남도 아산시 배방읍 공수리 5-3,36.7802931348069,127.064528906196,,정상가동,19.84,380,60,2024,,,,,2024-08-31
휠메카,충청남도 아산시 염치읍 송곡길 185,충청남도 아산시 염치읍 송곡리 203-10,36.8057410006089,127.008863864529,,정상가동,55.66,380,60,2024,,,,,2024-08-31
길흥1호,,충청남도 아산시 둔포면 신왕리 29-7,36.921792740492,127.087963715146,,정상가동,99.375,380,60,2024,,,,,2024-08-31
길흥2호,,충청남도 아산시 둔포면 신왕리 29-7,36.921792740492,127.087963715146,,정상가동,59.375,380,60,2024,,,,,2024-08-31
도고1호,충청남도 아산시 선장면 삼봉산길 166,충청남도 아산시 선장면 신성리 70-86,36.7760681809568,126.892398778623,,정상가동,99.2,380,60,2024,,,,,2024-08-31
도고2호,충청남도 아산시 선장면 삼봉산길 166,충청남도 아산시 선장면 신성리 70-86,36.7760681809568,126.892398778623,,정상가동,99.2,380,60,2024,,,,,2024-08-31
도고3호,충청남도 아산시 선장면 삼봉산길 166,충청남도 아산시 선장면 신성리 70-86,36.7760681809568,126.892398778623,,정상가동,99.2,380,60,2024,,,,,2024-08-31
도고4호,충청남도 아산시 선장면 삼봉산길 166,충청남도 아산시 선장면 신성리 70-86,36.7760681809568,126.892398778623,,정상가동,49.6,380,60,2024,,,,,2024-08-31
온누리1호,충청남도 아산시 음봉면 월산로 128-135,충청남도 아산시 음봉면 산동리 666-2,36.8438300005973,127.085903448847,,정상가동,99.825,380,60,2024,,,,,2024-08-31
온누리2호,충청남도 아산시 음봉면 월산로 128-135,충청남도 아산시 음봉면 산동리 666-2,36.8438300005973,127.085903448847,,정상가동,13.31,380,60,2024,,,,,2024-08-31
원,충청남도 아산시 선장면 삼봉산길136번길 20,충청남도 아산시 선장면 신성리 77-20,36.7722322523012,126.89394104982,,정상가동,31.0,380,60,2024,,,,,2024-08-31
보람3호,충청남도 아산시 염치읍 현대로 244-16,충청남도 아산시 염치읍 서원리 270-9,36.8238248101262,126.946596270397,,정상가동,145.14,380,60,2024,,,,,2024-08-31
금곡4호,충청남도 아산시 염치읍 방현동길 113-33,충청남도 아산시 염치읍 방현리 180-1,36.8207691753417,127.015889010009,,정상가동,99.38,380,60,2024,,,,,2024-08-31
엠텍,충청남도 아산시 둔포면 장영실로 929-5,충청남도 아산시 둔포면 신남리 626-14,36.9106103718392,127.007964584313,,정상가동,252.78,380,60,2024,,,,,2024-08-31
구성,충청남도 아산시 영인면 아산호로 473,충청남도 아산시 영인면 구성리 119-1,36.902186647926,126.960466897133,,정상가동,84.94,380,60,2024,,,,,2024-08-31
㈜세미콘테스트2호,충청남도 아산시 음봉면 연암율금로 288-31,충청남도 아산시 음봉면 소동리 21-33,36.8671362103561,127.055905307114,,정상가동,47.25,380,60,2024,,,,,2024-08-31
햇살그린발전소 750호,충청남도 아산시 신창면 서부북로 926,충청남도 아산시 신창면 남성리 135,36.7900411714281,126.962462950506,,정상가동,43.5,380,60,2024,,,,,2024-08-31
대성,충청남도 아산시 도고면 도고산로 616,충청남도 아산시 도고면 시전리 234-7,36.7464360760286,126.897498927068,,정상가동,30.25,380,60,2024,,,,,2024-08-31
만수르,충청남도 아산시 배방읍 이순신대로 817,충청남도 아산시 배방읍 장재리 2134,36.7979492615614,127.090804191204,,정상가동,86.1,380,60,2024,,,,,2024-08-31
장미 1호,충청남도 아산시 신창면 남성길199번길 38-3,충청남도 아산시 신창면 남성리 49-22,36.7967397055485,126.9574234938,,정상가동,98.75,380,60,2024,,,,,2024-08-31
장미 2호,충청남도 아산시 신창면 남성길199번길 38-3,충청남도 아산시 신창면 남성리 49-22,36.7967397055485,126.9574234938,,정상가동,98.75,380,60,2024,,,,,2024-08-31
장미 3호,충청남도 아산시 신창면 남성길199번길 38-3,충청남도 아산시 신창면 남성리 49-22,36.7967397055485,126.9574234938,,정상가동,98.75,380,60,2024,,,,,2024-08-31
디제이4호,충청남도 아산시 배방읍 휴대세교길 223,충청남도 아산시 배방읍 세교리 245-1,36.7671400048699,127.107304479121,,정상가동,45.98,380,60,2024,,,,,2024-08-31
햇살그린발전소 663호,충청남도 아산시 음봉면 월산로 214-25,충청남도 아산시 음봉면 산동리 950-6,36.8458982076926,127.091591088722,,정상가동,37.99,380,60,2024,,,,,2024-08-31
햇살그린발전소 664호,충청남도 아산시 음봉면 월산로201번길 3,충청남도 아산시 음봉면 산동리 707-17,36.8488280879764,127.091439517155,,정상가동,43.23,380,60,2024,,,,,2024-08-31
소망,충청남도 아산시 신창면 오목길 87-27,충청남도 아산시 신창면 궁화리 607,36.7985262187998,126.918622440989,,정상가동,99.54,380,60,2024,,,,,2024-08-31
신애5호,충청남도 아산시 신창면 오목길 87-27,충청남도 아산시 신창면 궁화리 607,36.7985262187998,126.918622440989,,정상가동,99.54,380,60,2024,,,,,2024-08-31
우일시스템,충청남도 아산시 음봉면 월암로436번길 78,충청남도 아산시 음봉면 쌍암리 8-1,36.872367159202,127.085004260161,,정상가동,246.0,380,60,2024,,,,,2024-08-31
아산산단6,충청남도 아산시 음봉면 월산로 100-1,충청남도 아산시 음봉면 산동리 926-5,36.8503007676566,127.082309670194,,정상가동,91.875,380,60,2024,,,,,2024-08-31
대흥 1호,충청남도 아산시 신창면 학성로 82,충청남도 아산시 신창면 궁화리 166-21,36.7852185014669,126.912189609541,,정상가동,98.75,380,60,2024,,,,,2024-08-31
대흥 2호,충청남도 아산시 신창면 학성로 82,충청남도 아산시 신창면 궁화리 166-21,36.7852185014669,126.912189609541,,정상가동,98.75,380,60,2024,,,,,2024-08-31
대흥 3호,충청남도 아산시 신창면 학성로 82,충청남도 아산시 신창면 궁화리 166-21,36.7852185014669,126.912189609541,,정상가동,98.75,380,60,2024,,,,,2024-08-31
대흥 4호,충청남도 아산시 신창면 학성로 82,충청남도 아산시 신창면 궁화리 166-21,36.7852185014669,126.912189609541,,정상가동,98.75,380,60,2024,,,,,2024-08-31
대흥 5호,충청남도 아산시 신창면 학성로 82,충청남도 아산시 신창면 궁화리 166-21,36.7852185014669,126.912189609541,,정상가동,65.0,380,60,2024,,,,,2024-08-31
한성스틸1호,충청남도 아산시 선장면 서부남로 150-10,충청남도 아산시 선장면 선창리 218,36.7879593099747,126.876287512986,,정상가동,99.54,380,60,2024,,,,,2024-08-31
한성스틸2호,충청남도 아산시 선장면 서부남로 150-10,충청남도 아산시 선장면 선창리 218,36.7879593099747,126.876287512986,,정상가동,99.54,380,60,2024,,,,,2024-08-31
한성스틸3호,충청남도 아산시 선장면 서부남로 150-10,충청남도 아산시 선장면 선창리 218,36.7879593099747,126.876287512986,,정상가동,99.54,380,60,2024,,,,,2024-08-31
ATK,충청남도 아산시 음봉면 월산로201번길 26-28,충청남도 아산시 음봉면 산동리 690-59,36.8527212617539,127.09347256541,,정상가동,99.825,380,60,2024,,,,,2024-08-31
(주)제니스이엔지,충청남도 아산시 음봉면 산동로 246-66,충청남도 아산시 음봉면 산동리 243-10,36.8481730785219,127.102691661114,,정상가동,174.6,380,60,2024,,,,,2024-08-31
청우,충청남도 아산시 선장면 선장로147번길 14,충청남도 아산시 선장면 군덕리 454-1,36.7930587505507,126.862144340855,,정상가동,75.0,380,60,2024,,,,,2024-08-31
스마테크,충청남도 아산시 수장로 67,충청남도 아산시 배미동 134-4,36.7978881332448,126.968934205991,,정상가동,499.96,380,60,2024,,,,,2024-08-31
준,충청남도 아산시 수장로 67,충청남도 아산시 배미동 134-4,36.7978881332448,126.968934205991,,정상가동,99.76,380,60,2024,,,,,2024-08-31
남신제관,충청남도 아산시 신창면 서부남로790번길 66,충청남도 아산시 신창면 읍내리 80-20,36.7835021200991,126.927826975197,,정상가동,355.26,380,60,2024,,,,,2024-08-31
기브온11호,충청남도 아산시 신창면 신달길 63-83,충청남도 아산시 신창면 신달리 711,36.8066188706353,126.940066062255,,정상가동,19.53,380,60,2024,,,,,2024-08-31
루프원에너지 13호,충청남도 아산시 음봉면 산동로 141,충청남도 아산시 음봉면 산동리 293-3,36.8418833894754,127.097522014213,,정상가동,133.56,380,60,2024,,,,,2024-08-31
루프원에너지 14호,충청남도 아산시 둔포면 윤보선로336번길 71-21,충청남도 아산시 둔포면 신항리 99-1,36.9035802367523,127.020961932452,,정상가동,304.29,380,60,2024,,,,,2024-08-31
루프원에너지 15호,충청남도 아산시 둔포면 윤보선로336번길 71-13,충청남도 아산시 둔포면 신항리 861,36.9028416333726,127.02132268494,,정상가동,406.98,380,60,2024,,,,,2024-08-31
해성1호,충청남도 아산시 영인면 신봉길 51-94,충청남도 아산시 영인면 신봉리 1343,36.9028037433576,126.979978534056,,정상가동,99.54,380,60,2024,,,,,2024-08-31
해성2호,충청남도 아산시 영인면 신봉길 51-94,충청남도 아산시 영인면 신봉리 1343,36.9028037433576,126.979978534056,,정상가동,99.54,380,60,2024,,,,,2024-08-31
양태,충청남도 아산시 영인면 신봉길 51-94,충청남도 아산시 영인면 신봉리 1343,36.9028037433576,126.979978534056,,정상가동,20.0,380,60,2024,,,,,2024-08-31
무유,충청남도 아산시 음봉면 연암율금로295번길 3-6,충청남도 아산시 음봉면 소동리 7-6,36.8696942368422,127.056144600368,,정상가동,99.825,380,60,2024,,,,,2024-08-31
아산효창,충청남도 아산시 음봉면 탕정로 499,충청남도 아산시 음봉면 동암리 346-1,36.8363576226492,127.058711421148,,정상가동,417.0,380,60,2024,,,,,2024-08-31
엔에이1,,충청남도 아산시 둔포면 염작리 380,36.9097578302851,127.068025476175,,정상가동,99.375,380,60,2024,,,,,2024-08-31
엔에이2,,충청남도 아산시 둔포면 염작리 380,36.9097578302851,127.068025476175,,정상가동,99.375,380,60,2024,,,,,2024-08-31
엔에이3,,충청남도 아산시 둔포면 염작리 380,36.9097578302851,127.068025476175,,정상가동,99.375,380,60,2024,,,,,2024-08-31
엔에이4,,충청남도 아산시 둔포면 염작리 380,36.9097578302851,127.068025476175,,정상가동,99.375,380,60,2024,,,,,2024-08-31
엔에이5,,충청남도 아산시 둔포면 염작리 380,36.9097578302851,127.068025476175,,정상가동,99.375,380,60,2024,,,,,2024-08-31
선도1,충청남도 아산시 도고면 도고산로287번길 30-15,충청남도 아산시 도고면 도산리 226,36.7282781855937,126.915999247434,,정상가동,99.375,380,60,2024,,,,,2024-08-31
선도2,충청남도 아산시 도고면 도고산로287번길 30-15,충청남도 아산시 도고면 도산리 226,36.7282781855937,126.915999247434,,정상가동,90.0,380,60,2024,,,,,2024-08-31
인주바이오1호,충청남도 아산시 인주면 인주로 224-12,충청남도 아산시 인주면 해암리 13,36.8441861163052,126.890812488588,,정상가동,99.6,380,60,2024,,,,,2024-08-31
인주바이오2호,충청남도 아산시 인주면 인주로 224-12,충청남도 아산시 인주면 해암리 13,36.8441861163052,126.890812488588,,정상가동,99.6,380,60,2024,,,,,2024-08-31
인주바이오3호,충청남도 아산시 인주면 인주로 224-12,충청남도 아산시 인주면 해암리 13,36.8441861163052,126.890812488588,,정상가동,99.6,380,60,2024,,,,,2024-08-31
오세○1호,충청남도 아산시 도고면 온천대로 618-12,충청남도 아산시 도고면 와산리 118-3,36.7616904761106,126.921119019337,,정상가동,99.375,380,60,2024,,,,,2024-08-31
오세○2호,충청남도 아산시 도고면 온천대로 618-12,충청남도 아산시 도고면 와산리 118-3,36.7616904761106,126.921119019337,,정상가동,99.375,380,60,2024,,,,,2024-08-31
오세○3호,충청남도 아산시 도고면 온천대로 618-12,충청남도 아산시 도고면 와산리 118-3,36.7616904761106,126.921119019337,,정상가동,80.0,380,60,2024,,,,,2024-08-31
무영 태양광발전소 2호,충청남도 아산시 설화산길 79-45,충청남도 아산시 좌부동 95,36.7559755477019,127.028362966382,,정상가동,95.76,380,60,2024,,,,,2024-08-31
씨인텍,충청남도 아산시 배방읍 휴대길 144,충청남도 아산시 배방읍 휴대리 13,36.772281121507,127.118263130407,,정상가동,39.69,380,60,2024,,,,,2024-08-31
삼덕1호,충청남도 아산시 음봉면 스마트산단1로 29,충청남도 아산시 음봉면 산동리 1000,36.853998650986,127.100558877531,,정상가동,218.82,380,60,2024,,,,,2024-08-31
삼덕2호,충청남도 아산시 음봉면 스마트산단1로 29,충청남도 아산시 음봉면 산동리 1000,36.853998650986,127.100558877531,,정상가동,158.76,380,60,2024,,,,,2024-08-31
삼덕3호,충청남도 아산시 음봉면 스마트산단1로 29,충청남도 아산시 음봉면 산동리 1000,36.853998650986,127.100558877531,,정상가동,149.94,380,60,2024,,,,,2024-08-31
삼덕4호,충청남도 아산시 음봉면 스마트산단1로 29,충청남도 아산시 음봉면 산동리 1000,36.853998650986,127.100558877531,,정상가동,149.94,380,60,2024,,,,,2024-08-31
모아텍,충청남도 아산시 음봉면 연암율금로14번길 51-54,충청남도 아산시 음봉면 원남리 12-42,36.8576549869625,127.032348133412,,정상가동,399.42,380,60,2024,,,,,2024-08-31
모아텍2,충청남도 아산시 음봉면 연암율금로14번길 51-23,충청남도 아산시 음봉면 원남리 27,36.86041824814,127.031238773977,,정상가동,176.4,380,60,2024,,,,,2024-08-31
햇살그린발전소 938호,충청남도 아산시 둔포면 봉신로230번길 42,충청남도 아산시 둔포면 신양리 135-21,36.8786130031358,127.052746418764,,정상가동,67.86,380,60,2024,,,,,2024-08-31
햇살그린발전소 939호,충청남도 아산시 둔포면 봉신로230번길 42,충청남도 아산시 둔포면 신양리 135-21,36.8786130031358,127.052746418764,,정상가동,80.04,380,60,2024,,,,,2024-08-31
햇살그린발전소 940호,충청남도 아산시 둔포면 봉신로230번길 42,충청남도 아산시 둔포면 신양리 135-21,36.8786130031358,127.052746418764,,정상가동,80.04,380,60,2024,,,,,2024-08-31
햇살그린발전소 941호,충청남도 아산시 둔포면 봉신로230번길 42,충청남도 아산시 둔포면 신양리 135-21,36.8786130031358,127.052746418764,,정상가동,71.34,380,60,2024,,,,,2024-08-31
햇살그린발전소 853호,충청남도 아산시 영인면 아산호로840번길 116-9,충청남도 아산시 영인면 신봉리 311-19,36.9074624305874,126.996611961929,,정상가동,99.76,380,60,2024,,,,,2024-08-31
햇살그린발전소 854호,충청남도 아산시 영인면 아산호로840번길 116-9,충청남도 아산시 영인면 신봉리 311-19,36.9074624305874,126.996611961929,,정상가동,33.64,380,60,2024,,,,,2024-08-31
다산3호,충청남도 아산시 둔포면 운교길 173-1,충청남도 아산시 둔포면 운교리 63-1,36.9130115130012,127.047652995101,,정상가동,99.6,380,60,2024,,,,,2024-08-31
해담채130,충청남도 아산시 둔포면 운교길 141,충청남도 아산시 둔포면 운교리 150-4,36.9147171718474,127.044462642971,,정상가동,63.0,380,60,2024,,,,,2024-08-31
해담채145,충청남도 아산시 둔포면 운교길 147,충청남도 아산시 둔포면 운교리 150-5,36.9146070359903,127.045237005395,,정상가동,54.81,380,60,2024,,,,,2024-08-31
브릭팩토리,충청남도 아산시 둔포면 운교길 149,충청남도 아산시 둔포면 운교리 151,36.9145698698571,127.045580038106,,정상가동,54.81,380,60,2024,,,,,2024-08-31
동보테크 제2,충청남도 아산시 음봉면 관용로 328-13,충청남도 아산시 음봉면 신휴리 409-4,36.8850799911629,127.066938913351,,정상가동,300.0,380,60,2024,,,,,2024-08-31
림스솔루션,충청남도 아산시 둔포면 봉신로 273-1,충청남도 아산시 둔포면 신양리 181-3,36.8854455964208,127.054147157932,,정상가동,232.47,380,60,2024,,,,,2024-08-31
다온건기1호,충청남도 아산시 음봉면 신수리길 167,충청남도 아산시 음봉면 신수리 227,36.8497172306857,126.979814444024,,정상가동,107.5,380,60,2024,,,,,2024-08-31
다온건기2호,충청남도 아산시 음봉면 신수리길 167,충청남도 아산시 음봉면 신수리 227,36.8497172306857,126.979814444024,,정상가동,70.0,380,60,2024,,,,,2024-08-31
다온건기3호,충청남도 아산시 음봉면 신수리길 161,충청남도 아산시 음봉면 신수리 216,36.8490186936925,126.979289553247,,정상가동,85.625,380,60,2024,,,,,2024-08-31
지훈2호,,충청남도 아산시 선장면 신동리 2-2,36.7896786717501,126.900532117275,,정상가동,998.2,22900,60,2024,,,,,2024-08-31
비전1호,충청남도 아산시 신창면 신달길 138-12,충청남도 아산시 신창면 남성리 676,36.8067395702965,126.948003979741,,정상가동,99.375,380,60,2024,,,,,2024-08-31
비전2호,충청남도 아산시 신창면 신달길 138-12,충청남도 아산시 신창면 남성리 676,36.8067395702965,126.948003979741,,정상가동,99.375,380,60,2024,,,,,2024-08-31
비전3호,충청남도 아산시 신창면 신달길 138-12,충청남도 아산시 신창면 남성리 676,36.8067395702965,126.948003979741,,정상가동,87.57,380,60,2024,,,,,2024-08-31
다산4호,충청남도 아산시 둔포면 운교길 173-1,충청남도 아산시 둔포면 운교리 63-1,36.9130115130012,127.047652995101,,정상가동,30.6,380,60,2024,,,,,2024-08-31
햇살그린발전소 1012호,충청남도 아산시 음봉면 음봉로681번길 40-51,충청남도 아산시 음봉면 월랑리 664,36.8416531387463,127.084351279747,,정상가동,94.54,380,60,2024,,,,,2024-08-31
햇살그린발전소 1013호,충청남도 아산시 음봉면 음봉로681번길 40-51,충청남도 아산시 음봉면 월랑리 664,36.8416531387463,127.084351279747,,정상가동,98.02,380,60,2024,,,,,2024-08-31
햇살그린발전소 1014호,충청남도 아산시 음봉면 음봉로681번길 40-51,충청남도 아산시 음봉면 월랑리 664,36.8416531387463,127.084351279747,,정상가동,98.6,380,60,2024,,,,,2024-08-31
햇살그린발전소 1015호,충청남도 아산시 음봉면 음봉로681번길 40-51,충청남도 아산시 음봉면 월랑리 664,36.8416531387463,127.084351279747,,정상가동,92.8,380,60,2024,,,,,2024-08-31
햇살그린발전소 1016호,충청남도 아산시 음봉면 음봉로681번길 40-51,충청남도 아산시 음봉면 월랑리 664,36.8416531387463,127.084351279747,,정상가동,46.4,380,60,2024,,,,,2024-08-31
블루썬,충청남도 아산시 영인면 아산호로 692,충청남도 아산시 영인면 창용리 58-2,36.9103762109988,126.980051850332,,정상가동,290.43,380,60,2024,,,,,2024-08-31
