태양광발전시설명,소재지도로명주소,소재지지번주소,위도,경도,설치상세위치구분명,가동상태구분명,설비용량,공급전압,주파수,설치연도,세부용도,허가일자,허가기관,설치면적,데이터기준일자
샘골1호 태양광발전소,,충청남도 논산시 광석면 천동리 280-9,36.244840087,127.093351060,,정상가동,99,380,60,2015,발전사업용,2015-01-30,충청남도 논산시 지역경제과,1870,2025-12-28
케이피에너지,,충청남도 논산시 연무읍 죽본리 593-1,36.147029261,127.113734192,,정상가동,99,380,60,2015,발전사업용,2015-02-02,충청남도 논산시 지역경제과,1650,2025-12-28
인철원에너지,,충청남도 논산시 연무읍 죽본리 593-7,36.146673840,127.113604500,,정상가동,99,380,60,2015,발전사업용,2015-02-02,충청남도 논산시 지역경제과,1650,2025-12-28
현정원에너지,,충청남도 논산시 연무읍 죽본리 593-9,36.146650250,127.114071500,,정상가동,99,380,60,2015,발전사업용,2015-02-02,충청남도 논산시 지역경제과,1616,2025-12-28
우아에너지,,충청남도 논산시 연무읍 죽본리 593-10,36.146349090,127.113563700,,정상가동,99,380,60,2015,발전사업용,2015-02-02,충청남도 논산시 지역경제과,1527,2025-12-28
연무미래에너지,,충청남도 논산시 연무읍 죽본리 593-3,36.146025890,127.113734000,,정상가동,99,380,60,2015,발전사업용,2015-02-02,충청남도 논산시 지역경제과,1650,2025-12-28
대명 태양광발전소,충청남도 논산시 상월면 대명길 37-17,충청남도 논산시 상월면 석종리 59-19,36.305156220,127.168526000,,정상가동,99.96,380,60,2015,발전사업용,2015-02-02,충청남도 논산시 지역경제과,450,2025-12-28
동주 태양광발전소,,충청남도 논산시 광석면 천동리 297-28,36.241846180,127.090715600,,정상가동,99,380,60,2015,발전사업용,2015-02-03,충청남도 논산시 지역경제과,1704,2025-12-28
에스플랜트5호,,충청남도 논산시 연무읍 양지리 548-2,36.116693100,127.127378397,,정상가동,97.2,380,60,2015,발전사업용,2015-02-04,충청남도 논산시 지역경제과,2519,2025-12-28
상원1호 태양광발전소,충청남도 논산시 상월면 상월로664번길 59-11,충청남도 논산시 상월면 상도리 190-5,36.318677190,127.188573400,,정상가동,24,220,60,2015,발전사업용,2015-02-05,충청남도 논산시 지역경제과,199.29,2025-12-28
진범 태양광발전소,충청남도 논산시 상월면 상월로 190-18,충청남도 논산시 상월면 학당리 64-7,36.294094550,127.159002000,,정상가동,64.8,380,60,2015,발전사업용,2015-02-05,충청남도 논산시 지역경제과,331.28,2025-12-28
대성 태양광발전소,,충청남도 논산시 연산면 청동리 178-95,36.209760370,127.203254000,,정상가동,72,380,60,2015,발전사업용,2015-02-05,충청남도 논산시 지역경제과,1210,2025-12-28
용금 태양광발전소,충청남도 논산시 성동면 성동로436번길 100-9,충청남도 논산시 성동면 화정리 85-2,36.202147030,127.049018400,,정상가동,99,380,60,2015,발전사업용,2015-02-06,충청남도 논산시 지역경제과,625.25,2025-12-28
신만수 태양광발전소,,충청남도 논산시 노성면 송당리 342-1,36.264545660,127.109527700,,정상가동,364.8,22900,60,2015,발전사업용,2015-02-09,충청남도 논산시 지역경제과,5037,2025-12-28
왕덕 태양광발전소,충청남도 논산시 부적면 부인길 19-176,충청남도 논산시 부적면 왕덕리 149-1,36.217908550,127.097810100,,정상가동,50,380,60,2015,발전사업용,2015-02-09,충청남도 논산시 지역경제과,300,2025-12-28
상원2호 태양광발전소,충청남도 논산시 상월면 상월로664번길 59-11,충청남도 논산시 상월면 상도리 190-5,36.318677190,127.188573400,,정상가동,30,220,60,2015,발전사업용,2015-02-10,충청남도 논산시 지역경제과,199.29,2025-12-28
상원5호 태양광발전소,,충청남도 논산시 상월면 상도리 190-4,36.318488155,127.187814595,,정상가동,15,220,60,2015,발전사업용,2015-02-10,충청남도 논산시 지역경제과,155,2025-12-28
상원3호 태양광발전소,,충청남도 논산시 상월면 상도리 190-10,36.318388574,127.187802708,,정상가동,30,220,60,2015,발전사업용,2015-02-10,충청남도 논산시 지역경제과,264,2025-12-28
정용 태양광발전소,,충청남도 논산시 가야곡면 강청리 343-6,36.144030120,127.169871200,,정상가동,49.5,380,60,2015,발전사업용,2015-03-02,충청남도 논산시 지역경제과,1177,2025-12-28
제이피에너지,,충청남도 논산시 가야곡면 등리 450,36.156046830,127.161014326,,정상가동,99,380,60,2015,발전사업용,2015-03-02,충청남도 논산시 지역경제과,1461,2025-12-28
희창 태양광발전소,충청남도 논산시 광석면 사계로161번길 48-4,충청남도 논산시 광석면 득윤리 229-52,36.244140360,127.050691300,,정상가동,99.375,380,60,2015,발전사업용,2015-03-02,충청남도 논산시 지역경제과,1208,2025-12-28
논산3호 태양광발전소,충청남도 논산시 연무읍 동안로576번길 19,충청남도 논산시 연무읍 안심리 582-3,36.135981390,127.076115000,,정상가동,244.8,22900,60,2015,발전사업용,2015-03-03,충청남도 논산시 지역경제과,1170.4,2025-12-28
선우 태양광발전소,,충청남도 논산시 부적면 반송리 404-31,36.206261117,127.130525800,,정상가동,98.28,380,60,2015,발전사업용,2015-03-03,충청남도 논산시 지역경제과,1149,2025-12-28
명성 태양광발전소,,충청남도 논산시 부적면 반송리 404-16,36.206413420,127.129828282,,정상가동,98.28,380,60,2015,발전사업용,2015-03-03,충청남도 논산시 지역경제과,1262,2025-12-28
에벤에셀,,충청남도 논산시 부적면 반송리 404-30,36.206387280,127.130292100,,정상가동,98.28,380,60,2015,발전사업용,2015-03-03,충청남도 논산시 지역경제과,1202,2025-12-28
이레 태양광발전소,,충청남도 논산시 부적면 반송리 404-32,36.206367560,127.130058700,,정상가동,98.28,380,60,2015,발전사업용,2015-03-03,충청남도 논산시 지역경제과,1043,2025-12-28
정훈3 발전소,,충청남도 논산시 광석면 중리 363-2,36.253200396,127.055067215,,정상가동,97.2,380,60,2015,발전사업용,2015-03-03,충청남도 논산시 지역경제과,1934,2025-12-28
광석중리2호 태양광발전소,,충청남도 논산시 광석면 중리 363-5,36.252783292,127.054519300,,정상가동,97.2,380,60,2015,발전사업용,2015-03-03,충청남도 논산시 지역경제과,1743,2025-12-28
광석중리3호 태양광발전소,,충청남도 논산시 광석면 중리 363-6,36.252338047,127.054144502,,정상가동,97.2,380,60,2015,발전사업용,2015-03-03,충청남도 논산시 지역경제과,1785,2025-12-28
논산2호 태양광발전소,,충청남도 논산시 부창동 118-1,36.194847650,127.079127600,,정상가동,96,380,60,2015,발전사업용,2015-03-09,충청남도 논산시 지역경제과,1859,2025-12-28
승연태양광,,충청남도 논산시 은진면 용산리 426-4,36.165182562,127.112839500,,정상가동,99,380,60,2015,발전사업용,2015-03-09,충청남도 논산시 지역경제과,1643,2025-12-28
보광 태양광발전소,,충청남도 논산시 상월면 대우리 67,36.276983820,127.181576148,,정상가동,99,380,60,2015,발전사업용,2015-03-12,충청남도 논산시 지역경제과,2370,2025-12-28
미노 태양광발전소,,충청남도 논산시 연산면 사포리 192,36.248865733,127.163468596,,정상가동,99,380,60,2015,발전사업용,2015-03-16,충청남도 논산시 지역경제과,1359,2025-12-28
엠제이솔라 태양광발전소,,충청남도 논산시 연산면 사포리 192-1,36.248572271,127.163621559,,정상가동,99,380,60,2015,발전사업용,2015-03-16,충청남도 논산시 지역경제과,965,2025-12-28
사랑 태양광발전소,,충청남도 논산시 연산면 사포리 191,36.249392104,127.163422002,,정상가동,99,380,60,2015,발전사업용,2015-03-16,충청남도 논산시 지역경제과,1269,2025-12-28
지상 태양광발전소,,충청남도 논산시 연산면 사포리 191-1,36.249110948,127.163366800,,정상가동,99,380,60,2015,발전사업용,2015-03-16,충청남도 논산시 지역경제과,1035,2025-12-28
승리1호,,충청남도 논산시 연산면 사포리 192,36.248865733,127.163468596,,정상가동,99,380,60,2015,발전사업용,2015-03-16,충청남도 논산시 지역경제과,1583,2025-12-28
검은돌SG 태양광발전소,,충청남도 논산시 연무읍 죽본리 108,36.139724305,127.126290672,,정상가동,82.62,380,60,2015,발전사업용,2015-03-16,충청남도 논산시 지역경제과,1194,2025-12-28
국제SG 태양광발전소,,충청남도 논산시 연무읍 죽본리 108-2,36.139626340,127.125939300,,정상가동,82.62,380,60,2015,발전사업용,2015-03-16,충청남도 논산시 지역경제과,1261,2025-12-28
남희SG 태양광발전소,,충청남도 논산시 연무읍 죽본리 108-1,36.139270318,127.126320300,,정상가동,82.62,380,60,2015,발전사업용,2015-03-16,충청남도 논산시 지역경제과,1312,2025-12-28
백산SG 태양광발전소,,충청남도 논산시 연무읍 죽본리 88-3,36.138310840,127.125762902,,정상가동,98.28,380,60,2015,발전사업용,2015-03-16,충청남도 논산시 지역경제과,1372,2025-12-28
진영SG 태양광발전소,,충청남도 논산시 연무읍 죽본리 88-2,36.138508368,127.126082874,,정상가동,98.28,380,60,2015,발전사업용,2015-03-16,충청남도 논산시 지역경제과,1642,2025-12-28
한아름SG 태양광발전소,,충청남도 논산시 연무읍 죽본리 88-4,36.138137590,127.125504087,,정상가동,98.28,380,60,2015,발전사업용,2015-03-16,충청남도 논산시 지역경제과,1409,2025-12-28
성준SG 태양광발전소,,충청남도 논산시 연무읍 죽본리 88-1,36.138707641,127.126504552,,정상가동,98.28,380,60,2015,발전사업용,2015-03-16,충청남도 논산시 지역경제과,1345,2025-12-28
인화 태양광발전소,충청남도 논산시 양촌면 황산벌로 1075-17,충청남도 논산시 양촌면 거사리 325-1,36.177825910,127.201486900,,정상가동,11,220,60,2015,발전사업용,2015-03-18,충청남도 논산시 지역경제과,70.56,2025-12-28
푸른6호 태양광발전소,충청남도 논산시 연무읍 마봉로 194-13,충청남도 논산시 연무읍 마전리 781,36.099884330,127.080624000,,정상가동,98.58,380,60,2015,발전사업용,2015-03-25,충청남도 논산시 지역경제과,1266,2025-12-28
금강 태양광발전소,충청남도 논산시 상월면 상월로 561-31,충청남도 논산시 상월면 상도리 44-2,36.308704570,127.186527400,,정상가동,99.2,380,60,2015,발전사업용,2015-03-25,충청남도 논산시 지역경제과,1631,2025-12-28
영직 태양광발전소,충청남도 논산시 노성면 장마루로 788-10,충청남도 논산시 노성면 죽림리 459-10,36.283731800,127.074869100,,정상가동,18.75,220,60,2015,발전사업용,2015-03-25,충청남도 논산시 지역경제과,84.77,2025-12-28
해피 태양광발전소,,충청남도 논산시 가야곡면 두월리 504-4,36.156832340,127.138518300,,정상가동,48.6,380,60,2015,발전사업용,2015-03-30,충청남도 논산시 지역경제과,853,2025-12-28
부성2 태양광발전소,충청남도 논산시 광석면 천동1길 98-1,충청남도 논산시 광석면 천동리 246,36.244567040,127.097749100,,정상가동,98,380,60,2015,발전사업용,2015-04-03,충청남도 논산시 지역경제과,1468,2025-12-28
성민태양광,,충청남도 논산시 은진면 용산리 426-3,36.165192111,127.112617377,,정상가동,99,380,60,2015,발전사업용,2015-04-08,충청남도 논산시 지역경제과,1705,2025-12-28
김영천 태양광발전소,,충청남도 논산시 연무읍 마전리 782-15,36.099491890,127.081161600,,정상가동,99,380,60,2015,발전사업용,2015-04-14,충청남도 논산시 지역경제과,2108,2025-12-28
최병관 태양광발전소,,충청남도 논산시 연무읍 마전리 782-2,36.099481180,127.080715984,,정상가동,99,380,60,2015,발전사업용,2015-04-14,충청남도 논산시 지역경제과,2107,2025-12-28
숙진 태양광발전소,충청남도 논산시 상월면 숙진길 53,충청남도 논산시 상월면 한천리 368-5,36.254809477,127.152393312,,정상가동,99,380,60,2015,발전사업용,2015-04-14,충청남도 논산시 지역경제과,585,2025-12-28
덕암3호 태양광발전소,,충청남도 논산시 연산면 덕암리 265동 66호,36.237750990,127.184135700,,정상가동,99.2,380,60,2015,발전사업용,2015-04-16,충청남도 논산시 지역경제과,1593,2025-12-28
덕암11호 태양광발전소,,충청남도 논산시 연산면 덕암리 265동 57호,36.237750990,127.184135700,,정상가동,99.2,380,60,2015,발전사업용,2015-04-16,충청남도 논산시 지역경제과,1237,2025-12-28
덕암12호 태양광발전소,,충청남도 논산시 연산면 덕암리 265동 51호,36.237750990,127.184135700,,정상가동,99.2,380,60,2015,발전사업용,2015-04-16,충청남도 논산시 지역경제과,1236,2025-12-28
덕암13호 태양광발전소,,충청남도 논산시 연산면 덕암리 265동 75호,36.237750990,127.184135700,,정상가동,99.2,380,60,2015,발전사업용,2015-04-16,충청남도 논산시 지역경제과,1432,2025-12-28
덕암15호 태양광발전소,,충청남도 논산시 연산면 덕암리 265동 59호,36.237750990,127.184135700,,정상가동,99.2,380,60,2015,발전사업용,2015-04-16,충청남도 논산시 지역경제과,1169,2025-12-28
덕암16호 태양광발전소,,충청남도 논산시 연산면 덕암리 265동 43호,36.237750990,127.184135700,,정상가동,99.2,380,60,2015,발전사업용,2015-04-16,충청남도 논산시 지역경제과,1169,2025-12-28
덕암17호 태양광발전소,,충청남도 논산시 연산면 덕암리 265동 52호,36.237750990,127.184135700,,정상가동,99.2,380,60,2015,발전사업용,2015-04-16,충청남도 논산시 지역경제과,1400,2025-12-28
덕암18호 태양광발전소,,충청남도 논산시 연산면 덕암리 265동 60호,36.237750990,127.184135700,,정상가동,99.2,380,60,2015,발전사업용,2015-04-16,충청남도 논산시 지역경제과,1293,2025-12-28
덕암19호 태양광발전소,,충청남도 논산시 연산면 덕암리 265동 61호,36.237750990,127.184135700,,정상가동,99.2,380,60,2015,발전사업용,2015-04-16,충청남도 논산시 지역경제과,1131,2025-12-28
덕암10호 태양광발전소,,충청남도 논산시 연산면 덕암리 314-7,36.240182090,127.183799000,,정상가동,99.2,380,60,2015,발전사업용,2015-04-16,충청남도 논산시 지역경제과,1237,2025-12-28
덕암8호 태양광발전소,,충청남도 논산시 연산면 덕암리 265동 45호,36.237750990,127.184135700,,정상가동,99.2,380,60,2015,발전사업용,2015-04-16,충청남도 논산시 지역경제과,1283,2025-12-28
덕암20호 태양광발전소,,충청남도 논산시 연산면 덕암리 265동 73호,36.237750990,127.184135700,,정상가동,99.2,380,60,2015,발전사업용,2015-04-16,충청남도 논산시 지역경제과,1144,2025-12-28
덕암4호 태양광발전소,,충청남도 논산시 연산면 덕암리 265동 36호,36.237750990,127.184135700,,정상가동,99.2,380,60,2015,발전사업용,2015-04-16,충청남도 논산시 지역경제과,1499,2025-12-28
덕암9호 태양광발전소,,충청남도 논산시 연산면 덕암리 265동 46호,36.237750990,127.184135700,,정상가동,99.2,380,60,2015,발전사업용,2015-04-16,충청남도 논산시 지역경제과,1391,2025-12-28
덕암7호 태양광발전소,,충청남도 논산시 연산면 덕암리 265동 44호,36.237750990,127.184135700,,정상가동,99.2,380,60,2015,발전사업용,2015-04-16,충청남도 논산시 지역경제과,1283,2025-12-28
덕암2호 태양광발전소,,충청남도 논산시 연산면 덕암리 265동 67호,36.237750990,127.184135700,,정상가동,99.2,380,60,2015,발전사업용,2015-04-16,충청남도 논산시 지역경제과,1888,2025-12-28
덕암1호 태양광발전소,,충청남도 논산시 연산면 덕암리 265동 69호,36.237750990,127.184135700,,정상가동,99.2,380,60,2015,발전사업용,2015-04-16,충청남도 논산시 지역경제과,2183,2025-12-28
덕암6호 태양광발전소,,충청남도 논산시 연산면 덕암리 265동 50호,36.237750990,127.184135700,,정상가동,99.2,380,60,2015,발전사업용,2015-04-16,충청남도 논산시 지역경제과,1917,2025-12-28
덕암5호 태양광발전소,,충청남도 논산시 연산면 덕암리 265-47,36.240957600,127.181220900,,정상가동,99.2,380,60,2015,발전사업용,2015-04-16,충청남도 논산시 지역경제과,1731,2025-12-28
유인자 에너지,,충청남도 논산시 성동면 원남리 1011-11,36.208295200,127.014814676,,정상가동,99,380,60,2015,발전사업용,2015-04-20,충청남도 논산시 지역경제과,1018,2025-12-28
느루 태양광발전소,,충청남도 논산시 성동면 원남리 1011-5,36.208962437,127.015253541,,정상가동,99,380,60,2015,발전사업용,2015-04-30,충청남도 논산시 지역경제과,1189,2025-12-28
해테크논산1호 태양광발전소,충청남도 논산시 성동면 월성길 121-89,충청남도 논산시 성동면 원남리 1011-8,36.207168210,127.014583800,,정상가동,99,380,60,2015,발전사업용,2015-04-30,충청남도 논산시 지역경제과,1035,2025-12-28
정현양 태양광발전소,,충청남도 논산시 성동면 원남리 1011-32,36.208387970,127.014957700,,정상가동,99,380,60,2015,발전사업용,2015-04-30,충청남도 논산시 지역경제과,1062,2025-12-28
화영 태양광발전소,,충청남도 논산시 성동면 원남리 1011-25,36.208597150,127.015188600,,정상가동,99,380,60,2015,발전사업용,2015-04-30,충청남도 논산시 지역경제과,1063,2025-12-28
이정주 태양광발전소,,충청남도 논산시 성동면 원남리 1011-24,36.208597150,127.015188600,,정상가동,99,380,60,2015,발전사업용,2015-04-30,충청남도 논산시 지역경제과,1053,2025-12-28
법계 태양광발전소,충청남도 논산시 양촌면 바랑산1길 175,충청남도 논산시 양촌면 오산리 45,36.133843050,127.279660900,,정상가동,99,380,60,2015,발전사업용,2015-05-07,충청남도 논산시 지역경제과,628.21,2025-12-28
강산 태양광발전소,,충청남도 논산시 성동면 원남리 1011-38,36.208045900,127.015006500,,정상가동,99,380,60,2015,발전사업용,2015-05-07,충청남도 논산시 지역경제과,1093,2025-12-28
대우8호 태양광발전소,충청남도 논산시 상월면 선비로 1077,충청남도 논산시 상월면 대우리 238-3,36.277214750,127.172016500,,정상가동,75,380,60,2014,발전사업용,2014-03-24,충청남도 논산시 지역경제과,485.1,2025-12-28
한빛 태양광발전소,충청남도 논산시 연무읍 양지길 45-37,충청남도 논산시 연무읍 양지리 614,36.119799771,127.136211900,,정상가동,89.04,380,60,2014,발전사업용,2014-03-31,충청남도 논산시 지역경제과,504,2025-12-28
논산 태양광발전소,충청남도 논산시 해월로87번길 18,충청남도 논산시 부창동 274-139,36.200320280,127.078218500,,정상가동,72,380,60,2014,발전사업용,2014-03-31,충청남도 논산시 지역경제과,972.76,2025-12-28
이레 태양광발전소,충청남도 논산시 상월면 상월로 446-11,충청남도 논산시 상월면 대명리 252-11,36.300115560,127.186505100,,정상가동,90.72,380,60,2014,발전사업용,2014-04-04,충청남도 논산시 지역경제과,537.6,2025-12-28
화정 태양광발전소,충청남도 논산시 성동면 성동로436번길 100-10,충청남도 논산시 성동면 화정리 84-2,36.202386900,127.048581800,,정상가동,96,380,60,2014,발전사업용,2014-04-04,충청남도 논산시 지역경제과,443.44,2025-12-28
태경 태양광발전소,,충청남도 논산시 상월면 학당리 64,36.294229589,127.159413002,,정상가동,95,380,60,2014,발전사업용,2014-04-08,충청남도 논산시 지역경제과,706.28,2025-12-28
도화동 태양광발전소,충청남도 논산시 상월면 상월로740번길 52-22,충청남도 논산시 상월면 상도리 258-1,36.323944330,127.187817200,,정상가동,20,220,60,2014,발전사업용,2014-04-08,충청남도 논산시 지역경제과,129.3,2025-12-28
논산실로암 태양광발전소,,충청남도 논산시 취암동 162-1,36.196342600,127.097946000,,정상가동,28.08,380,60,2014,발전사업용,2014-04-11,충청남도 논산시 지역경제과,159.8,2025-12-28
용연 태양광발전소,,충청남도 논산시 노성면 효죽리 336-1,36.295276265,127.068253000,,정상가동,72.9,380,60,2014,발전사업용,2014-04-17,충청남도 논산시 지역경제과,384,2025-12-28
한성태양광발전소2호,충청남도 논산시 부적면 부적로 313-15,충청남도 논산시 부적면 신교리 712-5,36.190139850,127.140600300,,정상가동,291.6,22900,60,2014,발전사업용,2014-04-17,충청남도 논산시 지역경제과,1533.6,2025-12-28
한천리 태양광발전소,충청남도 논산시 상월면 한천길 25,충청남도 논산시 상월면 한천리 262-2,36.262945900,127.153659800,,정상가동,19.8,220,60,2014,발전사업용,2014-04-18,충청남도 논산시 지역경제과,72.1,2025-12-28
부인 태양광발전소,충청남도 논산시 부적면 부인1길 9-6,충청남도 논산시 부적면 부인리 449-9,36.222015120,127.115526200,,정상가동,70,380,60,2014,발전사업용,2014-04-30,충청남도 논산시 지역경제과,361.49,2025-12-28
영진 태양광발전소,충청남도 논산시 계백로 1000,충청남도 논산시 취암동 1045-1,36.203038170,127.088317200,,정상가동,97.2,380,60,2014,발전사업용,2014-05-02,충청남도 논산시 지역경제과,536,2025-12-28
강중환 태양광발전소,충청남도 논산시 채운면 화산2길 7,충청남도 논산시 채운면 화산리 271-2,36.175859170,127.062964200,,정상가동,14.5,380,60,2014,발전사업용,2014-05-02,충청남도 논산시 지역경제과,82,2025-12-28
이일 태양광발전소,충청남도 논산시 성동면 성동로587번길 16-1,충청남도 논산시 성동면 정지리 33-1,36.214777650,127.062122900,,정상가동,59.76,380,60,2014,발전사업용,2014-05-16,충청남도 논산시 지역경제과,386.64,2025-12-28
장보고 태양광발전소,충청남도 논산시 부적면 마구평2길 23-2,충청남도 논산시 부적면 마구평리 384-2,36.217120890,127.129005600,,정상가동,48.6,380,60,2014,발전사업용,2014-05-19,충청남도 논산시 지역경제과,295,2025-12-28
성용 태양광발전소,,충청남도 논산시 취암동 1085,36.201708000,127.097139500,,정상가동,17.16,380,60,2014,발전사업용,2014-05-19,충청남도 논산시 지역경제과,108.24,2025-12-28
동현 태양광발전소,충청남도 논산시 노성면 노성로 555,충청남도 논산시 노성면 읍내리 223-2,36.276504770,127.127846600,,정상가동,41.6,380,60,2014,발전사업용,2014-05-19,충청남도 논산시 지역경제과,249.81,2025-12-28
광석 태양광발전소,충청남도 논산시 광석면 광석로 225-14,충청남도 논산시 광석면 신당리 190-19,36.252740210,127.073976700,,정상가동,99,380,60,2014,발전사업용,2014-05-22,충청남도 논산시 지역경제과,1386,2025-12-28
태일 태양광발전소,충청남도 논산시 광석면 논산평야로 551-35,충청남도 논산시 광석면 산동리 65-9,36.213983150,127.081728700,,정상가동,99.36,380,60,2014,발전사업용,2014-05-23,충청남도 논산시 지역경제과,603.52,2025-12-28
그린Ⅲ 태양광발전소,충청남도 논산시 연산면 사계로 1472-90,충청남도 논산시 연산면 장전리 산17-7,36.229551130,127.176456200,,정상가동,85,380,60,2014,발전사업용,2014-05-28,충청남도 논산시 지역경제과,550,2025-12-28
그린Ⅱ 태양광발전소,충청남도 논산시 연산면 사계로 1472-90,충청남도 논산시 연산면 장전리 산17-7,36.229551130,127.176456200,,정상가동,75,380,60,2014,발전사업용,2014-05-28,충청남도 논산시 지역경제과,485,2025-12-28
은진 태양광발전소,,충청남도 논산시 성동면 원남리 1011-23,36.208674699,127.015320553,,정상가동,99,380,60,2014,발전사업용,2014-06-13,충청남도 논산시 지역경제과,1020,2025-12-28
동신 태양광발전소,충청남도 논산시 연무읍 동안로950번길 63,충청남도 논산시 연무읍 동산리 579-3,36.128282210,127.114033200,,정상가동,59.4,380,60,2014,발전사업용,2014-06-18,충청남도 논산시 지역경제과,317,2025-12-28
동원 태양광발전소,충청남도 논산시 상월면 계룡산로237번길 53,충청남도 논산시 상월면 지경리 144,36.308191960,127.154163000,,정상가동,34.65,380,60,2014,발전사업용,2014-06-18,충청남도 논산시 지역경제과,170.1,2025-12-28
세종이엔지 태양광발전소,충청남도 논산시 상월면 신독재로 103-24,충청남도 논산시 상월면 숙진리 72-2,36.257227890,127.160765400,,정상가동,99,380,60,2014,발전사업용,2014-06-23,충청남도 논산시 지역경제과,498.2,2025-12-28
동희 태양광발전소,충청남도 논산시 상월면 석종로1길 54-12,충청남도 논산시 상월면 석종리 156-2,36.318430140,127.177461600,,정상가동,20,380,60,2014,발전사업용,2014-06-26,충청남도 논산시 지역경제과,180,2025-12-28
광명 태양광발전소,충청남도 논산시 광석면 명재로200번길 63-27,충청남도 논산시 광석면 율리 3-36,36.269265980,127.098389200,,정상가동,98.8,380,60,2014,발전사업용,2014-07-01,충청남도 논산시 지역경제과,1786,2025-12-28
인화 태양광발전소,충청남도 논산시 광석면 명재로200번길 63-29,충청남도 논산시 광석면 율리 3-38,36.268682360,127.097483300,,정상가동,83.2,380,60,2014,발전사업용,2014-07-01,충청남도 논산시 지역경제과,1501,2025-12-28
건진 태양광발전소,충청남도 논산시 광석면 명재로200번길 63-23,충청남도 논산시 광석면 율리 3-37,36.269167270,127.098446000,,정상가동,98.8,380,60,2014,발전사업용,2014-07-01,충청남도 논산시 지역경제과,1566,2025-12-28
동진 태양광발전소,충청남도 논산시 광석면 명재로200번길 63-25,충청남도 논산시 광석면 율리 3-5,36.269580720,127.098296600,,정상가동,98.8,380,60,2014,발전사업용,2014-07-01,충청남도 논산시 지역경제과,1886,2025-12-28
현진 태양광발전소,,충청남도 논산시 연산면 백석리 173-44,36.247845960,127.186923900,,정상가동,99.375,380,60,2014,발전사업용,2014-07-02,충청남도 논산시 지역경제과,1326,2025-12-28
덕천2호 태양광발전소,충청남도 논산시 광석면 명재로200번길 63-40,충청남도 논산시 광석면 율리 3-16,36.269417450,127.099355800,,정상가동,71.55,380,60,2014,발전사업용,2014-07-04,충청남도 논산시 지역경제과,341.49,2025-12-28
SPH에너지,충청남도 논산시 광석면 명재로200번길 63-40,충청남도 논산시 광석면 율리 3-16,36.269417450,127.099355800,,정상가동,99.11,380,60,2014,발전사업용,2014-07-04,충청남도 논산시 지역경제과,426.76,2025-12-28
발전 태양광발전소,충청남도 논산시 광석면 명재로200번길 63-40,충청남도 논산시 광석면 율리 3-16,36.269417450,127.099355800,,정상가동,99.11,380,60,2014,발전사업용,2014-07-04,충청남도 논산시 지역경제과,426.76,2025-12-28
나보나 태양광발전소,충청남도 논산시 광석면 명재로200번길 63-40,충청남도 논산시 광석면 율리 3-16,36.269417450,127.099355800,,정상가동,99.11,380,60,2014,발전사업용,2014-07-04,충청남도 논산시 지역경제과,426.76,2025-12-28
금강 태양광발전소,충청남도 논산시 광석면 명재로200번길 63-40,충청남도 논산시 광석면 율리 3-16,36.269417450,127.099355800,,정상가동,99.11,380,60,2014,발전사업용,2014-07-04,충청남도 논산시 지역경제과,426.76,2025-12-28
혜성 태양광발전소,충청남도 논산시 광석면 명재로200번길 63-40,충청남도 논산시 광석면 율리 3-16,36.269417450,127.099355800,,정상가동,49.55,380,60,2014,발전사업용,2014-07-04,충청남도 논산시 지역경제과,426.76,2025-12-28
SM 태양광발전소,충청남도 논산시 광석면 명재로200번길 63-40,충청남도 논산시 광석면 율리 3-16,36.269417450,127.099355800,,정상가동,99.11,380,60,2014,발전사업용,2014-07-04,충청남도 논산시 지역경제과,426.76,2025-12-28
오주 태양광발전소,충청남도 논산시 광석면 명재로200번길 63-40,충청남도 논산시 광석면 율리 3-16,36.269417450,127.099355800,,정상가동,99.11,380,60,2014,발전사업용,2014-07-04,충청남도 논산시 지역경제과,426.76,2025-12-28
청정 태양광발전소,충청남도 논산시 광석면 명재로200번길 63-40,충청남도 논산시 광석면 율리 3-16,36.269417450,127.099355800,,정상가동,99.11,380,60,2014,발전사업용,2014-07-04,충청남도 논산시 지역경제과,426.76,2025-12-28
해피 태양광발전소,충청남도 논산시 광석면 명재로200번길 63-40,충청남도 논산시 광석면 율리 3-16,36.269417450,127.099355800,,정상가동,99.11,380,60,2014,발전사업용,2014-07-04,충청남도 논산시 지역경제과,426.76,2025-12-28
스프링웨이브1호 태양광발전소,충청남도 논산시 양촌면 바랑산길 99,충청남도 논산시 양촌면 오산리 325-1,36.128188060,127.268569400,,정상가동,99.11,380,60,2014,발전사업용,2014-07-07,충청남도 논산시 지역경제과,435.47,2025-12-28
길 태양광발전소,충청남도 논산시 광석면 명재로200번길 63-39,충청남도 논산시 광석면 율리 3-4,36.268905520,127.098393400,,정상가동,99,380,60,2014,발전사업용,2014-07-10,충청남도 논산시 지역경제과,1585,2025-12-28
행복 태양광발전소,충청남도 논산시 광석면 명재로200번길 63-32,충청남도 논산시 광석면 율리 3-55,36.267929830,127.098081800,,정상가동,99,380,60,2014,발전사업용,2014-07-10,충청남도 논산시 지역경제과,1692,2025-12-28
가윤 태양광발전소,충청남도 논산시 광석면 명재로200번길 63-34,충청남도 논산시 광석면 율리 3-17,36.268534870,127.098241800,,정상가동,99,380,60,2014,발전사업용,2014-07-10,충청남도 논산시 지역경제과,1351,2025-12-28
해모아 태양광발전소,충청남도 논산시 광석면 명재로200번길 63-38,충청남도 논산시 광석면 율리 3-50,36.268390340,127.098200260,,정상가동,99,380,60,2014,발전사업용,2014-07-10,충청남도 논산시 지역경제과,1363,2025-12-28
해오름 태양광발전소,충청남도 논산시 광석면 명재로200번길 63-31,충청남도 논산시 광석면 율리 3-48,36.268692630,127.097650100,,정상가동,99,380,60,2014,발전사업용,2014-07-10,충청남도 논산시 지역경제과,1433,2025-12-28
하주 태양광발전소,충청남도 논산시 광석면 명재로200번길 63-36,충청남도 논산시 광석면 율리 3-51,36.268191670,127.098145600,,정상가동,99,380,60,2014,발전사업용,2014-07-10,충청남도 논산시 지역경제과,2218,2025-12-28
드림 태양광발전소,,충청남도 논산시 부적면 덕평리 778-1,36.222660396,127.144941400,,정상가동,76.5,380,60,2014,발전사업용,2014-07-11,충청남도 논산시 지역경제과,392.35,2025-12-28
선호1 태양광발전소,충청남도 논산시 광석면 신당고개1길 26,충청남도 논산시 광석면 신당리 325-8,36.244454670,127.077078300,,정상가동,20,380,60,2014,발전사업용,2014-07-16,충청남도 논산시 지역경제과,120,2025-12-28
선호2 태양광발전소,,충청남도 논산시 광석면 신당리 328-3,36.244174163,127.076969900,,정상가동,20,380,60,2014,발전사업용,2014-07-16,충청남도 논산시 지역경제과,120,2025-12-28
CHK1호 태양광발전소,충청남도 논산시 광석면 장마루로 47-14,충청남도 논산시 광석면 산동리 385-12,36.220286720,127.086949500,,정상가동,99,380,60,2014,발전사업용,2014-07-21,충청남도 논산시 지역경제과,443.91,2025-12-28
CHK2호 태양광발전소,충청남도 논산시 광석면 장마루로 47-14,충청남도 논산시 광석면 산동리 385-12,36.220286720,127.086949500,,정상가동,99,380,60,2014,발전사업용,2014-07-21,충청남도 논산시 지역경제과,443.91,2025-12-28
이레2호 태양광발전소,충청남도 논산시 연산면 선비로 333-1,충청남도 논산시 연산면 고양리 193-1,36.216346660,127.193533300,,정상가동,80.5,380,60,2014,발전사업용,2014-07-21,충청남도 논산시 지역경제과,464.58,2025-12-28
양암 태양광발전소,충청남도 논산시 상월면 대명길 37-7,충청남도 논산시 상월면 석종리 60-27,36.303591750,127.170357500,,정상가동,99,380,60,2014,발전사업용,2014-07-28,충청남도 논산시 지역경제과,590.4,2025-12-28
엠에이2호에너지,,충청남도 논산시 가야곡면 등리 451-9,36.156398300,127.162505354,,정상가동,99,380,60,2014,발전사업용,2014-07-28,충청남도 논산시 지역경제과,1555,2025-12-28
순정원에너지,,충청남도 논산시 가야곡면 등리 451-6,36.156742070,127.162680300,,정상가동,99,380,60,2014,발전사업용,2014-07-28,충청남도 논산시 지역경제과,1562,2025-12-28
송규에너지,,충청남도 논산시 가야곡면 등리 451-5,36.156784960,127.162368700,,정상가동,99,380,60,2014,발전사업용,2014-07-28,충청남도 논산시 지역경제과,1562,2025-12-28
금오원에너지,,충청남도 논산시 가야곡면 등리 451,36.156702786,127.161127082,,정상가동,99,380,60,2014,발전사업용,2014-07-28,충청남도 논산시 지역경제과,1564,2025-12-28
금오원2호에너지,,충청남도 논산시 가야곡면 등리 451-2,36.156664604,127.161479900,,정상가동,99,380,60,2014,발전사업용,2014-07-28,충청남도 논산시 지역경제과,1564,2025-12-28
정유원에너지,,충청남도 논산시 가야곡면 등리 451-3,36.156653276,127.161791200,,정상가동,99,380,60,2014,발전사업용,2014-07-28,충청남도 논산시 지역경제과,1564,2025-12-28
산수에너지,,충청남도 논산시 가야곡면 등리 451-4,36.156755900,127.162078150,,정상가동,99,380,60,2014,발전사업용,2014-07-28,충청남도 논산시 지역경제과,1564,2025-12-28
성북5호에너지,,충청남도 논산시 가야곡면 등리 400-1,36.156636330,127.162967416,,정상가동,99,380,60,2014,발전사업용,2014-07-28,충청남도 논산시 지역경제과,1491,2025-12-28
미래광석2호에너지,,충청남도 논산시 광석면 중리 253-1,36.245620908,127.063253933,,정상가동,40,380,60,2014,발전사업용,2014-07-28,충청남도 논산시 지역경제과,695,2025-12-28
미래광석1호에너지,,충청남도 논산시 광석면 중리 253-7,36.244697169,127.064546800,,정상가동,99,380,60,2014,발전사업용,2014-07-28,충청남도 논산시 지역경제과,1556,2025-12-28
광석원4호에너지,,충청남도 논산시 광석면 중리 255-3,36.245570010,127.064014300,,정상가동,99,380,60,2014,발전사업용,2014-07-28,충청남도 논산시 지역경제과,1556,2025-12-28
광석원3호에너지,,충청남도 논산시 광석면 중리 255-4,36.245932120,127.064221400,,정상가동,99,380,60,2014,발전사업용,2014-07-28,충청남도 논산시 지역경제과,1556,2025-12-28
광석원2호에너지,,충청남도 논산시 광석면 중리 255-6,36.245700250,127.064535600,,정상가동,99,380,60,2014,발전사업용,2014-07-28,충청남도 논산시 지역경제과,1556,2025-12-28
광석원1호에너지,,충청남도 논산시 광석면 중리 255-5,36.246043480,127.064631700,,정상가동,99,380,60,2014,발전사업용,2014-07-28,충청남도 논산시 지역경제과,1556,2025-12-28
미래원3호에너지,,충청남도 논산시 광석면 중리 253-4,36.245172190,127.063852100,,정상가동,99,380,60,2014,발전사업용,2014-07-28,충청남도 논산시 지역경제과,1556,2025-12-28
미래원4호에너지,충청남도 논산시 광석면 사계로333번길 91-59,충청남도 논산시 광석면 중리 253-6,36.244869100,127.064278500,,정상가동,99,380,60,2014,발전사업용,2014-08-06,충청남도 논산시 지역경제과,1556,2025-12-28
미래원2호에너지,,충청남도 논산시 광석면 중리 253-3,36.245385950,127.063526900,,정상가동,99,380,60,2014,발전사업용,2014-08-06,충청남도 논산시 지역경제과,1556,2025-12-28
미래원1호에너지,,충청남도 논산시 광석면 중리 253-5,36.245156520,127.064152700,,정상가동,99,380,60,2014,발전사업용,2014-08-06,충청남도 논산시 지역경제과,1555,2025-12-28
엔케이2호에너지,충청남도 논산시 가야곡면 가야로 320,충청남도 논산시 가야곡면 등리 451-8,36.156242920,127.160896300,,정상가동,80,380,60,2014,발전사업용,2014-08-06,충청남도 논산시 지역경제과,1563,2025-12-28
나성 태양광발전소,충청남도 논산시 노성면 득안대로 2557-3,충청남도 논산시 노성면 읍내리 15-15,36.270761390,127.133720100,,정상가동,68,380,60,2014,발전사업용,2014-08-11,충청남도 논산시 지역경제과,330,2025-12-28
김형석 태양광발전소,,충청남도 논산시 연무읍 봉동리 1257,36.098563960,127.075404665,,정상가동,498.2,22900,60,2014,발전사업용,2014-08-11,충청남도 논산시 지역경제과,8610,2025-12-28
주호 태양광발전소,,충청남도 논산시 상월면 숙진리 73-1,36.256559760,127.160594500,,정상가동,99,380,60,2014,발전사업용,2014-08-14,충청남도 논산시 지역경제과,467.18,2025-12-28
준 태양광발전소,,충청남도 논산시 상월면 숙진리 73,36.256881271,127.161011369,,정상가동,99,380,60,2014,발전사업용,2014-08-14,충청남도 논산시 지역경제과,510.89,2025-12-28
성신 태양광발전소,충청남도 논산시 양촌면 바랑산길 92-3,충청남도 논산시 양촌면 채광리 147-8,36.127215340,127.267195194,,정상가동,96.46,380,60,2014,발전사업용,2014-08-19,충청남도 논산시 지역경제과,392,2025-12-28
가야태양광발전소2호,충청남도 논산시 가야곡면 강청1길 8-43,충청남도 논산시 가야곡면 강청리 264,36.138346550,127.167764300,,정상가동,49.5,380,60,2014,발전사업용,2014-08-20,충청남도 논산시 지역경제과,224.99,2025-12-28
가야태양광발전소1호,충청남도 논산시 가야곡면 강청1길 8-43,충청남도 논산시 가야곡면 강청리 264,36.138346550,127.167764300,,정상가동,99,380,60,2014,발전사업용,2014-08-20,충청남도 논산시 지역경제과,446.88,2025-12-28
에스에이치 태양광발전소,충청남도 논산시 연산면 선비로 482-74,충청남도 논산시 연산면 덕암리 35-2,36.231880810,127.190337200,,정상가동,288,22900,60,2014,발전사업용,2014-08-20,충청남도 논산시 지역경제과,2868.9,2025-12-28
반곡 태양광발전소,충청남도 논산시 양촌면 반곡1길 13,충청남도 논산시 양촌면 반곡리 172-3,36.187189540,127.208207400,,정상가동,99,380,60,2014,발전사업용,2014-08-20,충청남도 논산시 지역경제과,441,2025-12-28
성동 태양광발전소,충청남도 논산시 성동면 성동로 26,충청남도 논산시 성동면 병촌리 112-1,36.189664170,127.015458800,,정상가동,81.12,380,60,2014,발전사업용,2014-08-22,충청남도 논산시 지역경제과,389.02,2025-12-28
부부 태양광발전소,충청남도 논산시 노성면 노성로 433-76,충청남도 논산시 노성면 송당리 252,36.283486420,127.117594800,,정상가동,30,220,60,2014,발전사업용,2014-09-03,충청남도 논산시 지역경제과,194,2025-12-28
관기 태양광발전소,충청남도 논산시 연무읍 동안로 945,충청남도 논산시 연무읍 동산리 635-6,36.131819530,127.108538500,,정상가동,99,380,60,2014,발전사업용,2014-09-05,충청남도 논산시 지역경제과,590.4,2025-12-28
동광 태양광발전소,충청남도 논산시 광석면 장마루로516번길 113-51,충청남도 논산시 광석면 율리 119,36.271825610,127.086506500,,정상가동,99,380,60,2014,발전사업용,2014-09-11,충청남도 논산시 지역경제과,1859,2025-12-28
늘푸른 태양광발전소,충청남도 논산시 광석면 장마루로516번길 113-51,충청남도 논산시 광석면 율리 119,36.271825610,127.086506500,,정상가동,99,380,60,2014,발전사업용,2014-09-11,충청남도 논산시 지역경제과,1714,2025-12-28
승주 태양광발전소,충청남도 논산시 광석면 장마루로516번길 113-51,충청남도 논산시 광석면 율리 119,36.271825610,127.086506500,,정상가동,99,380,60,2014,발전사업용,2014-09-11,충청남도 논산시 지역경제과,1640,2025-12-28
삼은쏠라 태양광발전소,충청남도 논산시 광석면 장마루로516번길 113-49,충청남도 논산시 광석면 율리 119-30,36.271771370,127.086484900,,정상가동,99,380,60,2014,발전사업용,2014-09-11,충청남도 논산시 지역경제과,1676,2025-12-28
훈2 태양광발전소,충청남도 논산시 광석면 장마루로516번길 113-43,충청남도 논산시 광석면 율리 119-41,36.271398240,127.0860807619,,정상가동,99,380,60,2014,발전사업용,2014-09-11,충청남도 논산시 지역경제과,1608,2025-12-28
비오케이 태양광발전소,충청남도 논산시 광석면 장마루로516번길 113-49,충청남도 논산시 광석면 율리 119-30,36.271771370,127.086484900,,정상가동,99,380,60,2014,발전사업용,2014-09-11,충청남도 논산시 지역경제과,1636,2025-12-28
성렬 태양광발전소,충청남도 논산시 광석면 장마루로516번길 113-49,충청남도 논산시 광석면 율리 119-30,36.271771370,127.086484900,,정상가동,99,380,60,2014,발전사업용,2014-09-11,충청남도 논산시 지역경제과,1900,2025-12-28
재분 태양광발전소,충청남도 논산시 광석면 장마루로516번길 113-37,충청남도 논산시 광석면 율리 300-4,36.271022990,127.085258200,,정상가동,99.11,380,60,2014,발전사업용,2014-09-12,충청남도 논산시 지역경제과,1699,2025-12-28
장규 태양광발전소,,충청남도 논산시 광석면 율리 산42-5,36.270352470,127.084787400,,정상가동,99.11,380,60,2014,발전사업용,2014-09-12,충청남도 논산시 지역경제과,1587,2025-12-28
진성 태양광발전소,충청남도 논산시 광석면 장마루로516번길 113-33,충청남도 논산시 광석면 율리 300-6,36.270826010,127.085427500,,정상가동,99.11,380,60,2014,발전사업용,2014-09-12,충청남도 논산시 지역경제과,1620,2025-12-28
행복 태양광발전소,,충청남도 논산시 광석면 율리 산42-5,36.270352470,127.084787400,,정상가동,99.11,380,60,2014,발전사업용,2014-09-12,충청남도 논산시 지역경제과,1580,2025-12-28
해바라기 태양광발전소,충청남도 논산시 광석면 장마루로516번길 113-29,충청남도 논산시 광석면 율리 300-8,36.270535090,127.085097000,,정상가동,99.11,380,60,2014,발전사업용,2014-09-12,충청남도 논산시 지역경제과,1645,2025-12-28
건일 태양광발전소,,충청남도 논산시 광석면 율리 산42-5,36.270352470,127.084787400,,정상가동,99.11,380,60,2014,발전사업용,2014-09-12,충청남도 논산시 지역경제과,1705,2025-12-28
미래2 태양광발전소,,충청남도 논산시 광석면 율리 산42-5,36.270352470,127.084787400,,정상가동,99.11,380,60,2014,발전사업용,2014-09-12,충청남도 논산시 지역경제과,1838,2025-12-28
미래1 태양광발전소,,충청남도 논산시 광석면 율리 산42-5,36.270352470,127.084787400,,정상가동,99.11,380,60,2014,발전사업용,2014-09-12,충청남도 논산시 지역경제과,1857,2025-12-28
대우9호 태양광발전소,충청남도 논산시 상월면 선비로 1075,충청남도 논산시 상월면 대우리 238-5,36.276818930,127.172120800,,정상가동,35,380,60,2014,발전사업용,2014-09-12,충청남도 논산시 지역경제과,270,2025-12-28
광석1호 태양광발전소,,충청남도 논산시 광석면 갈산리 341-9,36.215714310,127.064347200,,정상가동,99,380,60,2014,발전사업용,2014-09-15,충청남도 논산시 지역경제과,436,2025-12-28
광석2호 태양광발전소,,충청남도 논산시 광석면 갈산리 341-2,36.215675130,127.063947300,,정상가동,99,380,60,2014,발전사업용,2014-09-15,충청남도 논산시 지역경제과,436,2025-12-28
충남2호 태양광발전소,,충청남도 논산시 노성면 장구리 129-26,36.271800367,127.083713400,,정상가동,97.2,380,60,2014,발전사업용,2014-09-15,충청남도 논산시 지역경제과,2305,2025-12-28
충남1호 태양광발전소,,충청남도 논산시 노성면 장구리 129-27,36.271511980,127.083404518,,정상가동,97.2,380,60,2014,발전사업용,2014-09-15,충청남도 논산시 지역경제과,1991,2025-12-28
충남3호 태양광발전소,,충청남도 논산시 노성면 장구리 129-6,36.272302890,127.084077937,,정상가동,97.2,380,60,2014,발전사업용,2014-09-15,충청남도 논산시 지역경제과,2275,2025-12-28
율리1호 태양광발전소,,충청남도 논산시 광석면 율리 3-11,36.270171218,127.097539721,,정상가동,99,380,60,2014,발전사업용,2014-09-15,충청남도 논산시 지역경제과,511.4,2025-12-28
율리2호 태양광발전소,,충청남도 논산시 광석면 율리 3-11,36.270171218,127.097539721,,정상가동,99,380,60,2014,발전사업용,2014-09-15,충청남도 논산시 지역경제과,511.4,2025-12-28
이만기 태양광발전소,충청남도 논산시 상월면 계룡산로297번길 45-33,충청남도 논산시 상월면 석종리 610-12,36.314611700,127.162267600,,정상가동,30,220,60,2014,발전사업용,2014-09-16,충청남도 논산시 지역경제과,196.51,2025-12-28
천동리 태양광발전소,충청남도 논산시 광석면 천동길 132-1,충청남도 논산시 광석면 천동리 278-20,36.244325000,127.094336200,,정상가동,50,380,60,2014,발전사업용,2014-09-18,충청남도 논산시 지역경제과,271.22,2025-12-28
부인 태양광발전소,충청남도 논산시 부적면 부인1길 9-6,충청남도 논산시 부적면 부인리 449-9,36.222015120,127.115526200,,정상가동,29.75,380,60,2014,발전사업용,2014-09-22,충청남도 논산시 지역경제과,192.3,2025-12-28
율리5호 태양광발전소,충청남도 논산시 광석면 노성로322번길 195-1,충청남도 논산시 광석면 율리 3-32,36.269997480,127.097390300,,정상가동,99,380,60,2014,발전사업용,2014-09-22,충청남도 논산시 지역경제과,1652,2025-12-28
율리8호 태양광발전소,충청남도 논산시 광석면 노성로322번길 199-1,충청남도 논산시 광석면 율리 3-60,36.269489970,127.097017700,,정상가동,99,380,60,2014,발전사업용,2014-09-22,충청남도 논산시 지역경제과,1534,2025-12-28
율리7호 태양광발전소,충청남도 논산시 광석면 노성로322번길 199,충청남도 논산시 광석면 율리 3-59,36.269643840,127.097105000,,정상가동,99,380,60,2014,발전사업용,2014-09-22,충청남도 논산시 지역경제과,1462,2025-12-28
율리6호 태양광발전소,충청남도 논산시 광석면 노성로322번길 195,충청남도 논산시 광석면 율리 3-58,36.269852790,127.097325200,,정상가동,99,380,60,2014,발전사업용,2014-09-22,충청남도 논산시 지역경제과,1686,2025-12-28
WS2 태양광발전소,충청남도 논산시 노성면 명재로200번길 45-44,충청남도 논산시 노성면 병사리 518-31,36.271284800,127.097197400,,정상가동,99,380,60,2014,발전사업용,2014-09-24,충청남도 논산시 지역경제과,3520.4,2025-12-28
WS1 태양광발전소,충청남도 논산시 노성면 명재로200번길 45-42,충청남도 논산시 노성면 병사리 518-25,36.271226120,127.096586000,,정상가동,99,380,60,2014,발전사업용,2014-09-24,충청남도 논산시 지역경제과,1799.28,2025-12-28
놀뫼 태양광발전소,충청남도 논산시 시민로319번길 6-18,충청남도 논산시 취암동 929,36.194247810,127.090275800,,정상가동,15,380,60,2014,발전사업용,2014-09-24,충청남도 논산시 지역경제과,118.32,2025-12-28
양지 태양광발전소,,충청남도 논산시 노성면 장구리 110-45,36.278999330,127.081770400,,정상가동,99,380,60,2014,발전사업용,2014-09-25,충청남도 논산시 지역경제과,1490,2025-12-28
수정 태양광발전소,,충청남도 논산시 노성면 장구리 110-27,36.279117254,127.082137324,,정상가동,99,380,60,2014,발전사업용,2014-09-25,충청남도 논산시 지역경제과,1490,2025-12-28
정상 태양광발전소,,충청남도 논산시 노성면 장구리 110-43,36.278921800,127.082238800,,정상가동,99,380,60,2014,발전사업용,2014-09-25,충청남도 논산시 지역경제과,1490,2025-12-28
준 태양광발전소,,충청남도 논산시 노성면 장구리 110-6,36.278719584,127.080333224,,정상가동,99,380,60,2014,발전사업용,2014-09-25,충청남도 논산시 지역경제과,1593,2025-12-28
은성 태양광발전소,,충청남도 논산시 노성면 장구리 110-29,36.278940900,127.080993985,,정상가동,99,380,60,2014,발전사업용,2014-09-25,충청남도 논산시 지역경제과,1490,2025-12-28
귀석 태양광발전소,,충청남도 논산시 노성면 장구리 110-50,36.278983762,127.080569561,,정상가동,99,380,60,2014,발전사업용,2014-09-25,충청남도 논산시 지역경제과,1490,2025-12-28
조문국4호 태양광발전소,,충청남도 논산시 노성면 장구리 110-47,36.278941050,127.081235500,,정상가동,99,380,60,2014,발전사업용,2014-09-25,충청남도 논산시 지역경제과,1490,2025-12-28
미장 태양광발전소,,충청남도 논산시 노성면 장구리 110-28,36.278871488,127.081555333,,정상가동,99,380,60,2014,발전사업용,2014-09-25,충청남도 논산시 지역경제과,1490,2025-12-28
하나 태양광발전소,,충청남도 논산시 노성면 장구리 110-44,36.278941620,127.082472300,,정상가동,99,380,60,2014,발전사업용,2014-09-25,충청남도 논산시 지역경제과,1520,2025-12-28
한새 태양광발전소,,충청남도 논산시 은진면 방축리 251-1,36.163742940,127.093105820,,정상가동,99,380,60,2014,발전사업용,2014-10-08,충청남도 논산시 지역경제과,2557,2025-12-28
광일 태양광발전소,,충청남도 논산시 가야곡면 양촌리 산40-1,36.123373920,127.193794900,,정상가동,400,22900,60,2014,발전사업용,2014-10-15,충청남도 논산시 지역경제과,4990,2025-12-28
양촌바울 태양광발전소,,충청남도 논산시 가야곡면 양촌리 산40-1,36.123373920,127.193794900,,정상가동,400,22900,60,2014,발전사업용,2014-10-15,충청남도 논산시 지역경제과,4990,2025-12-28
대건 태양광발전소,,충청남도 논산시 가야곡면 양촌리 400-11,36.123019063,127.193584852,,정상가동,400,22900,60,2014,발전사업용,2014-10-15,충청남도 논산시 지역경제과,4990,2025-12-28
에코M 태양광발전소,,충청남도 논산시 가야곡면 양촌리 산40-1,36.123373920,127.193794900,,정상가동,400,22900,60,2014,발전사업용,2014-10-15,충청남도 논산시 지역경제과,4990,2025-12-28
SJ 태양광발전소,,충청남도 논산시 가야곡면 양촌리 400-10,36.123114430,127.194075300,,정상가동,400,22900,60,2014,발전사업용,2014-10-15,충청남도 논산시 지역경제과,4990,2025-12-28
경천 논산발전소,,충청남도 논산시 가야곡면 양촌리 400-7,36.123605700,127.193414800,,정상가동,400,22900,60,2014,발전사업용,2014-10-15,충청남도 논산시 지역경제과,4990,2025-12-28
율리3호 태양광발전소,충청남도 논산시 광석면 노성로322번길 197,충청남도 논산시 광석면 율리 3-61,36.270212040,127.098356100,,정상가동,99,380,60,2014,발전사업용,2014-10-16,충청남도 논산시 지역경제과,2324,2025-12-28
연무3호 태양광발전소,충청남도 논산시 연무읍 마봉로 7-14,충청남도 논산시 연무읍 고내리 1317,36.086178000,127.090343600,,정상가동,90.75,380,60,2014,발전사업용,2014-10-21,충청남도 논산시 지역경제과,382.5,2025-12-28
연무2호 태양광발전소,충청남도 논산시 연무읍 마봉로 7-14,충청남도 논산시 연무읍 고내리 1317,36.086178000,127.090343600,,정상가동,90.75,380,60,2014,발전사업용,2014-10-21,충청남도 논산시 지역경제과,386.4,2025-12-28
연무1호 태양광발전소,충청남도 논산시 연무읍 마봉로 7-14,충청남도 논산시 연무읍 고내리 1317,36.086178000,127.090343600,,정상가동,90.75,380,60,2014,발전사업용,2014-10-21,충청남도 논산시 지역경제과,372.96,2025-12-28
명품 태양광발전소,충청남도 논산시 연산면 관동길 13-15,충청남도 논산시 연산면 연산리 423-2,36.216970900,127.214247600,,정상가동,99,380,60,2014,발전사업용,2014-10-21,충청남도 논산시 지역경제과,1419,2025-12-28
구암328 태양광발전소,,충청남도 논산시 노성면 구암리 328,36.320346380,127.112614100,,정상가동,98,380,60,2014,발전사업용,2014-10-24,충청남도 논산시 지역경제과,724.5,2025-12-28
구암327 태양광발전소,,충청남도 논산시 노성면 구암리 327,36.320462540,127.112479200,,정상가동,98,380,60,2014,발전사업용,2014-10-24,충청남도 논산시 지역경제과,989.8,2025-12-28
산성1호 태양광발전소,충청남도 논산시 상월면 백일헌로 971,충청남도 논산시 상월면 산성리 108,36.288489660,127.141339400,,정상가동,45.36,380,60,2014,발전사업용,2014-10-24,충청남도 논산시 지역경제과,259.2,2025-12-28
재화남선 태양광발전소,충청남도 논산시 노성면 노성로322번길 184,충청남도 논산시 노성면 병사리 481-41,36.270622470,127.097806100,,정상가동,99,380,60,2014,발전사업용,2014-10-24,충청남도 논산시 지역경제과,640,2025-12-28
JK 태양광발전소,충청남도 논산시 노성면 노성로322번길 176,충청남도 논산시 노성면 병사리 481-47,36.271049120,127.098213000,,정상가동,99,380,60,2014,발전사업용,2014-10-24,충청남도 논산시 지역경제과,640,2025-12-28
광석 태양광발전소,충청남도 논산시 노성면 명재로200번길 45-62,충청남도 논산시 노성면 병사리 481-43,36.271109100,127.097797443,,정상가동,99,380,60,2014,발전사업용,2014-10-24,충청남도 논산시 지역경제과,640,2025-12-28
참빛 태양광발전소,충청남도 논산시 노성면 노성로322번길 178,충청남도 논산시 노성면 병사리 481-42,36.270679220,127.098161600,,정상가동,99,380,60,2014,발전사업용,2014-10-24,충청남도 논산시 지역경제과,639.94,2025-12-28
부인3 태양광발전소,충청남도 논산시 노성면 노성로322번길 188,충청남도 논산시 노성면 병사리 481-15,36.270655580,127.097416100,,정상가동,99,380,60,2014,발전사업용,2014-10-24,충청남도 논산시 지역경제과,639.94,2025-12-28
JG 태양광발전소,충청남도 논산시 노성면 노성로322번길 176-1,충청남도 논산시 노성면 병사리 481-45,36.271193890,127.098289200,,정상가동,99,380,60,2014,발전사업용,2014-10-24,충청남도 논산시 지역경제과,639.94,2025-12-28
부인리1구 태양광발전소,충청남도 논산시 부적면 부인1길 50-2,충청남도 논산시 부적면 부인리 90-18,36.219503300,127.117111600,,정상가동,30,380,60,2014,발전사업용,2014-10-24,충청남도 논산시 지역경제과,194.32,2025-12-28
일강 태양광발전소,충청남도 논산시 부적면 마구평5길 57,충청남도 논산시 부적면 마구평리 202-21,36.221817630,127.122991800,,정상가동,30,380,60,2014,발전사업용,2014-10-31,충청남도 논산시 지역경제과,193.92,2025-12-28
강호 태양광발전소,충청남도 논산시 은진면 살포재1길 52,충청남도 논산시 은진면 용산리 304-3,36.158328640,127.118697100,,정상가동,41.58,380,60,2014,발전사업용,2014-11-03,충청남도 논산시 지역경제과,251.9,2025-12-28
수에너지,,충청남도 논산시 노성면 송당리 354-6,36.261880600,127.109880700,,정상가동,99,380,60,2014,발전사업용,2014-11-06,충청남도 논산시 지역경제과,1654,2025-12-28
수에너지2호,,충청남도 논산시 노성면 송당리 354-7,36.261981630,127.110135500,,정상가동,99,380,60,2014,발전사업용,2014-11-06,충청남도 논산시 지역경제과,1695,2025-12-28
은총 태양광발전소,,충청남도 논산시 노성면 송당리 354-10,36.262109860,127.110412200,,정상가동,99,380,60,2014,발전사업용,2014-11-06,충청남도 논산시 지역경제과,2081,2025-12-28
수완 태양광발전소,,충청남도 논산시 노성면 송당리 354-11,36.262440548,127.110958740,,정상가동,99,380,60,2014,발전사업용,2014-11-06,충청남도 논산시 지역경제과,2265,2025-12-28
우영 태양광발전소,,충청남도 논산시 노성면 송당리 354-9,36.262109860,127.110412200,,정상가동,99,380,60,2014,발전사업용,2014-11-06,충청남도 논산시 지역경제과,1680,2025-12-28
대명태양광1호,,충청남도 논산시 상월면 대명리 224-4,36.303786080,127.177480190,,정상가동,99,380,60,2014,발전사업용,2014-11-10,충청남도 논산시 지역경제과,1843,2025-12-28
대명태양광2호,,충청남도 논산시 상월면 대명리 224-4,36.303786080,127.177480190,,정상가동,99,380,60,2014,발전사업용,2014-11-10,충청남도 논산시 지역경제과,2062,2025-12-28
대성 태양광발전소,,충청남도 논산시 상월면 대명리 224-6,36.303371610,127.178885797,,정상가동,99,380,60,2014,발전사업용,2014-11-10,충청남도 논산시 지역경제과,1909,2025-12-28
선에너지,,충청남도 논산시 노성면 송당리 354-4,36.261617648,127.109437100,,정상가동,99,380,60,2014,발전사업용,2014-11-12,충청남도 논산시 지역경제과,1741,2025-12-28
해너지 태양광발전소,,충청남도 논산시 노성면 송당리 354,36.261927605,127.108780968,,정상가동,99,380,60,2014,발전사업용,2014-11-12,충청남도 논산시 지역경제과,1662,2025-12-28
진철3 태양광발전소,,충청남도 논산시 취암동 403-16,36.197072200,127.093111900,,정상가동,40,380,60,2014,발전사업용,2014-11-12,충청남도 논산시 지역경제과,699,2025-12-28
오산리 태양광발전소,충청남도 논산시 연산면 백일헌로338번길 11-5,충청남도 논산시 연산면 오산리 117-2,36.238940280,127.147821600,,정상가동,19.5,220,60,2014,발전사업용,2014-11-13,충청남도 논산시 지역경제과,128.36,2025-12-28
명진 태양광발전소,충청남도 논산시 상월면 선비로 1248-9,충청남도 논산시 상월면 대촌리 68-4,36.293047730,127.170435600,,정상가동,99,380,60,2014,발전사업용,2014-11-13,충청남도 논산시 지역경제과,480,2025-12-28
아폴로 1호,,충청남도 논산시 가야곡면 등리 397,36.156728080,127.163147109,,정상가동,99,380,60,2014,발전사업용,2014-11-14,충청남도 논산시 지역경제과,1627,2025-12-28
한영원에너지,,충청남도 논산시 가야곡면 등리 395-2,36.156639820,127.163352568,,정상가동,99,380,60,2014,발전사업용,2014-11-14,충청남도 논산시 지역경제과,1628,2025-12-28
한영원2호에너지,,충청남도 논산시 가야곡면 등리 395-1,36.156877731,127.163665645,,정상가동,99,380,60,2014,발전사업용,2014-11-14,충청남도 논산시 지역경제과,1629,2025-12-28
제이엔제이에너지,,충청남도 논산시 가야곡면 등리 395-3,36.156452740,127.163839200,,정상가동,99,380,60,2014,발전사업용,2014-11-14,충청남도 논산시 지역경제과,1629,2025-12-28
인영발전소,,충청남도 논산시 가야곡면 등리 395-7,36.156304172,127.163752000,,정상가동,99,380,60,2014,발전사업용,2014-11-14,충청남도 논산시 지역경제과,1532,2025-12-28
영도원에너지,,충청남도 논산시 가야곡면 등리 402-2,36.155980860,127.163377400,,정상가동,99,380,60,2014,발전사업용,2014-11-14,충청남도 논산시 지역경제과,1562,2025-12-28
박선림에너지,,충청남도 논산시 가야곡면 등리 402-3,36.155680226,127.163469100,,정상가동,99,380,60,2014,발전사업용,2014-11-14,충청남도 논산시 지역경제과,1572,2025-12-28
이해경에너지,,충청남도 논산시 가야곡면 등리 402-4,36.155499000,127.163515800,,정상가동,99,380,60,2014,발전사업용,2014-11-14,충청남도 논산시 지역경제과,1624,2025-12-28
비제이솔라,,충청남도 논산시 노성면 송당리 378,36.263667250,127.113751924,,정상가동,96,380,60,2014,발전사업용,2014-11-20,충청남도 논산시 지역경제과,2158,2025-12-28
덕암포도원,,충청남도 논산시 연산면 덕암리 385-16,36.232440250,127.183821711,,정상가동,97.5,380,60,2014,발전사업용,2014-11-20,충청남도 논산시 지역경제과,8388,2025-12-28
대문2호 태양광발전소,충청남도 논산시 부적면 백일헌로71번길 53,충청남도 논산시 부적면 덕평리 386-26,36.218601180,127.138042900,,정상가동,57.24,380,60,2014,발전사업용,2014-11-25,충청남도 논산시 지역경제과,239.64,2025-12-28
신영2호 태양광발전소,충청남도 논산시 부적면 백일헌로71번길 53-14,충청남도 논산시 부적면 덕평리 386-31,36.217765080,127.138330100,,정상가동,99.11,380,60,2014,발전사업용,2014-11-25,충청남도 논산시 지역경제과,419.82,2025-12-28
대정2 태양광발전소,충청남도 논산시 광석면 사계로161번길 48-11,충청남도 논산시 광석면 득윤리 229-22,36.244452650,127.051433000,,정상가동,99.36,380,60,2014,발전사업용,2014-11-25,충청남도 논산시 지역경제과,1357,2025-12-28
온더로드,충청남도 논산시 광석면 사계로161번길 44,충청남도 논산시 광석면 득윤리 229-14,36.244310520,127.050555800,,정상가동,99.36,380,60,2014,발전사업용,2014-11-25,충청남도 논산시 지역경제과,3119,2025-12-28
경민 태양광발전소,,충청남도 논산시 광석면 득윤리 284-4,36.244476430,127.051021000,,정상가동,99.36,380,60,2014,발전사업용,2014-11-25,충청남도 논산시 지역경제과,1324,2025-12-28
하나 태양광발전소,충청남도 논산시 광석면 사계로161번길 48-12,충청남도 논산시 광석면 득윤리 229-39,36.244291940,127.051624100,,정상가동,99.36,380,60,2014,발전사업용,2014-11-25,충청남도 논산시 지역경제과,1236,2025-12-28
화선 태양광발전소,충청남도 논산시 광석면 사계로161번길 48-10,충청남도 논산시 광석면 득윤리 229-42,36.244165160,127.051547700,,정상가동,99.36,380,60,2014,발전사업용,2014-11-25,충청남도 논산시 지역경제과,1438,2025-12-28
광석에너지,충청남도 논산시 광석면 사계로161번길 48-8,충청남도 논산시 광석면 득윤리 229-44,36.244161990,127.051147200,,정상가동,99.36,380,60,2014,발전사업용,2014-11-25,충청남도 논산시 지역경제과,1191,2025-12-28
대명 태양광발전소,충청남도 논산시 광석면 사계로161번길 48-6,충청남도 논산시 광석면 득윤리 229-32,36.243848440,127.051384600,,정상가동,99.36,380,60,2014,발전사업용,2014-11-25,충청남도 논산시 지역경제과,3279,2025-12-28
광명 태양광발전소,충청남도 논산시 광석면 사계로161번길 30-1,충청남도 논산시 광석면 득윤리 229-46,36.243853750,127.050917300,,정상가동,99.36,380,60,2014,발전사업용,2014-11-25,충청남도 논산시 지역경제과,1531,2025-12-28
제일 태양광발전소,충청남도 논산시 광석면 사계로161번길 32,충청남도 논산시 광석면 득윤리 229-48,36.243878760,127.050661100,,정상가동,99.36,380,60,2014,발전사업용,2014-11-25,충청남도 논산시 지역경제과,1543,2025-12-28
비전 태양광발전소,충청남도 논산시 연무읍 마봉로227번길 48-9,충청남도 논산시 연무읍 봉동리 1208-29,36.101364440,127.071522300,,정상가동,99,380,60,2014,발전사업용,2014-11-27,충청남도 논산시 지역경제과,637,2025-12-28
대정 태양광발전소,충청남도 논산시 연무읍 마봉로227번길 48-11,충청남도 논산시 연무읍 봉동리 1208-28,36.101490690,127.071531900,,정상가동,99,380,60,2014,발전사업용,2014-11-27,충청남도 논산시 지역경제과,637,2025-12-28
샘물 태양광발전소,충청남도 논산시 연무읍 마봉로227번길 50,충청남도 논산시 연무읍 봉동리 1208-32,36.100427470,127.071566600,,정상가동,99,380,60,2014,발전사업용,2014-11-27,충청남도 논산시 지역경제과,637,2025-12-28
하랑 태양광발전소,충청남도 논산시 연무읍 마봉로227번길 48-5,충청남도 논산시 연무읍 봉동리 1208-31,36.100734040,127.071585200,,정상가동,99,380,60,2014,발전사업용,2014-11-27,충청남도 논산시 지역경제과,637,2025-12-28
봉동 태양광발전소,충청남도 논산시 연무읍 마봉로227번길 48-13,충청남도 논산시 연무읍 봉동리 1208-20,36.101671010,127.071540900,,정상가동,99,380,60,2014,발전사업용,2014-11-27,충청남도 논산시 지역경제과,637,2025-12-28
미래 태양광발전소,충청남도 논산시 연무읍 마봉로227번길 48-7,충청남도 논산시 연무읍 봉동리 1208-30,36.101040270,127.071559400,,정상가동,99,380,60,2014,발전사업용,2014-11-27,충청남도 논산시 지역경제과,637,2025-12-28
경원2,충청남도 논산시 노성면 읍내3길 88-61,충청남도 논산시 노성면 송당리 369-1,36.265194710,127.113192900,,정상가동,100,380,60,2014,발전사업용,2014-12-01,충청남도 논산시 지역경제과,1566,2025-12-28
백제,충청남도 논산시 노성면 읍내3길 88-61,충청남도 논산시 노성면 송당리 369-1,36.265194710,127.113192900,,정상가동,100,380,60,2014,발전사업용,2014-12-01,충청남도 논산시 지역경제과,1566,2025-12-28
일월,충청남도 논산시 노성면 읍내3길 88-61,충청남도 논산시 노성면 송당리 369-1,36.265194710,127.113192900,,정상가동,100,380,60,2014,발전사업용,2014-12-01,충청남도 논산시 지역경제과,1493,2025-12-28
일현,충청남도 논산시 노성면 읍내3길 88-61,충청남도 논산시 노성면 송당리 369-1,36.265194710,127.113192900,,정상가동,100,380,60,2014,발전사업용,2014-12-01,충청남도 논산시 지역경제과,1473,2025-12-28
정연,충청남도 논산시 노성면 읍내3길 88-61,충청남도 논산시 노성면 송당리 369-1,36.265194710,127.113192900,,정상가동,100,380,60,2014,발전사업용,2014-12-01,충청남도 논산시 지역경제과,1473,2025-12-28
그린아트,충청남도 논산시 노성면 읍내3길 88-61,충청남도 논산시 노성면 송당리 369-1,36.265194710,127.113192900,,정상가동,100,380,60,2014,발전사업용,2014-12-01,충청남도 논산시 지역경제과,1436,2025-12-28
명신 태양광발전소,충청남도 논산시 노성면 읍내3길 88-61,충청남도 논산시 노성면 송당리 369-1,36.265194710,127.113192900,,정상가동,100,380,60,2014,발전사업용,2014-12-01,충청남도 논산시 지역경제과,1436,2025-12-28
문화 태양광발전소,충청남도 논산시 노성면 읍내3길 88-61,충청남도 논산시 노성면 송당리 369-1,36.265194710,127.113192900,,정상가동,100,380,60,2014,발전사업용,2014-12-01,충청남도 논산시 지역경제과,1461,2025-12-28
바위,충청남도 논산시 노성면 읍내3길 88-61,충청남도 논산시 노성면 송당리 369-1,36.265194710,127.113192900,,정상가동,100,380,60,2014,발전사업용,2014-12-01,충청남도 논산시 지역경제과,1414,2025-12-28
고양,충청남도 논산시 노성면 읍내3길 88-61,충청남도 논산시 노성면 송당리 369-1,36.265194710,127.113192900,,정상가동,100,380,60,2014,발전사업용,2014-12-01,충청남도 논산시 지역경제과,1560,2025-12-28
진보1,충청남도 논산시 노성면 읍내3길 88-61,충청남도 논산시 노성면 송당리 369-1,36.265194710,127.113192900,,정상가동,100,380,60,2014,발전사업용,2014-12-01,충청남도 논산시 지역경제과,1499,2025-12-28
상월 태양광발전소,충청남도 논산시 상월면 백일헌로 999,충청남도 논산시 상월면 산성리 44-5,36.291015180,127.141623500,,정상가동,30,220,60,2014,발전사업용,2014-12-02,충청남도 논산시 지역경제과,193.07,2025-12-28
양지뜸 태양광발전소,충청남도 논산시 양촌면 황산벌로707번길 34,충청남도 논산시 양촌면 도평리 551-18,36.147518670,127.215506400,,정상가동,19.5,220,60,2014,발전사업용,2014-12-05,충청남도 논산시 지역경제과,132.8,2025-12-28
대원 태양광발전소,,충청남도 논산시 가야곡면 등리 407-14,36.153997730,127.164620900,,정상가동,98.8,380,60,2014,발전사업용,2014-12-08,충청남도 논산시 지역경제과,1653,2025-12-28
씨에스피 태양광발전소,,충청남도 논산시 가야곡면 등리 408-7,36.153883776,127.163932600,,정상가동,98.8,380,60,2014,발전사업용,2014-12-08,충청남도 논산시 지역경제과,1653,2025-12-28
상원 태양광발전소,,충청남도 논산시 가야곡면 등리 408-5,36.154176650,127.164430100,,정상가동,98.8,380,60,2014,발전사업용,2014-12-08,충청남도 논산시 지역경제과,1653,2025-12-28
에덴 태양광발전소,,충청남도 논산시 가야곡면 등리 408-6,36.153985080,127.164100133,,정상가동,98.8,380,60,2014,발전사업용,2014-12-08,충청남도 논산시 지역경제과,1653,2025-12-28
수정 태양광발전소,충청남도 논산시 부적면 백일헌로71번길 53-8,충청남도 논산시 부적면 덕평리 386-8,36.218083750,127.137525800,,정상가동,99.11,380,60,2014,발전사업용,2014-12-12,충청남도 논산시 지역경제과,419.82,2025-12-28
무궁화 태양광발전소,충청남도 논산시 부적면 백일헌로71번길 53-10,충청남도 논산시 부적면 덕평리 386-30,36.217941240,127.137760900,,정상가동,99.11,380,60,2014,발전사업용,2014-12-12,충청남도 논산시 지역경제과,419.82,2025-12-28
신영1호 태양광발전소,충청남도 논산시 부적면 백일헌로71번길 53-12,충청남도 논산시 부적면 덕평리 386-32,36.218097960,127.138248600,,정상가동,99.11,380,60,2014,발전사업용,2014-12-12,충청남도 논산시 지역경제과,419.82,2025-12-28
빛나 태양광발전소,충청남도 논산시 부적면 백일헌로71번길 53-2,충청남도 논산시 부적면 덕평리 386-25,36.218424760,127.137321800,,정상가동,99.11,380,60,2014,발전사업용,2014-12-15,충청남도 논산시 지역경제과,419.82,2025-12-28
대문1호 태양광발전소,충청남도 논산시 부적면 백일헌로71번길 53-4,충청남도 논산시 부적면 덕평리 386-27,36.218473020,127.137766200,,정상가동,99.11,380,60,2014,발전사업용,2014-12-15,충청남도 논산시 지역경제과,419.82,2025-12-28
채광리 태양광발전소,충청남도 논산시 양촌면 황산벌로264번길 43-14,충청남도 논산시 양촌면 채광리 271-2,36.133709940,127.259274400,,정상가동,91,380,60,2014,발전사업용,2014-12-15,충청남도 논산시 지역경제과,1181,2025-12-28
광달리 태양광발전소,충청남도 논산시 양촌면 황산벌로264번길 43-12,충청남도 논산시 양촌면 채광리 271-1,36.134151680,127.259292400,,정상가동,98,380,60,2014,발전사업용,2014-12-15,충청남도 논산시 지역경제과,1248,2025-12-28
산성1호 태양광발전소,충청남도 논산시 노성면 읍내3길 101-14,충청남도 논산시 노성면 읍내리 490-13,36.263289650,127.117610300,,정상가동,498.2,22900,60,2014,발전사업용,2014-12-19,충청남도 논산시 지역경제과,5919,2025-12-28
산성2호 태양광발전소,충청남도 논산시 노성면 읍내3길 101-12,충청남도 논산시 노성면 읍내리 490-12,36.263658890,127.117572700,,정상가동,498.4,22900,60,2014,발전사업용,2014-12-19,충청남도 논산시 지역경제과,7527,2025-12-28
논산8호 태양광발전소,,충청남도 논산시 노성면 읍내리 490-8,36.263955940,127.117524900,,정상가동,95.4,380,60,2014,발전사업용,2014-12-19,충청남도 논산시 지역경제과,990,2025-12-28
해비치 태양광발전소,,충청남도 논산시 노성면 읍내리 490-7,36.264165670,127.117925099,,정상가동,95.4,380,60,2014,발전사업용,2014-12-19,충청남도 논산시 지역경제과,1283,2025-12-28
산성7호 태양광발전소,,충청남도 논산시 노성면 읍내리 490-11,36.263779970,127.118105600,,정상가동,95.4,380,60,2014,발전사업용,2014-12-19,충청남도 논산시 지역경제과,1079,2025-12-28
산성5호 태양광발전소,,충청남도 논산시 노성면 읍내리 490-1,36.264407465,127.117938252,,정상가동,95.4,380,60,2014,발전사업용,2014-12-19,충청남도 논산시 지역경제과,1060,2025-12-28
논산9호 태양광발전소,,충청남도 논산시 노성면 읍내리 490-9,36.264031564,127.118158900,,정상가동,95.4,380,60,2014,발전사업용,2014-12-19,충청남도 논산시 지역경제과,1390,2025-12-28
산성6호 태양광발전소,충청남도 논산시 노성면 읍내3길 101-10,충청남도 논산시 노성면 읍내리 490-10,36.263820110,127.117437400,,정상가동,95.4,380,60,2014,발전사업용,2014-12-19,충청남도 논산시 지역경제과,1119,2025-12-28
태양1호 태양광발전소,충청남도 논산시 부적면 백일헌로71번길 53-6,충청남도 논산시 부적면 덕평리 386-28,36.218274920,127.137790600,,정상가동,99.11,380,60,2014,발전사업용,2014-12-22,충청남도 논산시 지역경제과,419.82,2025-12-28
두월 태양광발전소,,충청남도 논산시 가야곡면 두월리 504-3,36.156552490,127.138454700,,정상가동,198.72,380,60,2014,발전사업용,2014-12-22,충청남도 논산시 지역경제과,1564,2025-12-28
해누리 태양광발전소,,충청남도 논산시 가야곡면 두월리 504,36.156516005,127.137978414,,정상가동,99.36,380,60,2014,발전사업용,2014-12-22,충청남도 논산시 지역경제과,1561,2025-12-28
예빈발전소,,충청남도 논산시 가야곡면 두월리 504-1,36.156996676,127.137973200,,정상가동,99.36,380,60,2014,발전사업용,2014-12-22,충청남도 논산시 지역경제과,1751,2025-12-28
삼산 태양광발전소,충청남도 논산시 성동면 성동로240번길 44,충청남도 논산시 성동면 삼산리 457-1,36.197382750,127.034776500,,정상가동,99,380,60,2014,발전사업용,2014-12-23,충청남도 논산시 지역경제과,456.66,2025-12-28
태봉 태양광발전소,,충청남도 논산시 연무읍 양지리 4-7,36.120533500,127.147934500,,정상가동,99,380,60,2014,발전사업용,2014-12-24,충청남도 논산시 지역경제과,3418,2025-12-28
은진 태양광발전소,,충청남도 논산시 은진면 교촌리 18-4,36.170770080,127.113330196,,정상가동,99.375,380,60,2014,발전사업용,2014-12-24,충청남도 논산시 지역경제과,3961,2025-12-28
소룡 태양광발전소,,충청남도 논산시 연무읍 소룡리 503-3,36.111810360,127.126780300,,정상가동,82.08,380,60,2014,발전사업용,2014-12-24,충청남도 논산시 지역경제과,1348,2025-12-28
청아 태양광발전소,충청남도 논산시 광석면 사계로571번길 24-59,충청남도 논산시 광석면 사월리 179-1,36.250174110,127.096727800,,정상가동,99,380,60,2014,발전사업용,2014-12-30,충청남도 논산시 지역경제과,639.9,2025-12-28
샘골 태양광발전소,충청남도 논산시 광석면 천동길 134-8,충청남도 논산시 광석면 천동리 278-1,36.244700716,127.094554400,,정상가동,99,380,60,2014,발전사업용,2014-12-30,충청남도 논산시 지역경제과,539,2025-12-28
명품2 태양광발전소,충청남도 논산시 연산면 선비로 122,충청남도 논산시 연산면 연산리 426,36.216688850,127.215218000,,정상가동,49.5,380,60,2014,발전사업용,2014-12-30,충청남도 논산시 지역경제과,251.05,2025-12-28
엔에프에너지,,충청남도 논산시 채운면 심암리 335-1,36.150388930,127.075646300,,정상가동,99,380,60,2014,발전사업용,2014-12-30,충청남도 논산시 지역경제과,1548,2025-12-28
엔이에너지,,충청남도 논산시 채운면 심암리 336-5,36.150632510,127.075676800,,정상가동,99,380,60,2014,발전사업용,2014-12-30,충청남도 논산시 지역경제과,1564,2025-12-28
엔디에너지,,충청남도 논산시 채운면 심암리 336-1,36.150770490,127.075643100,,정상가동,99,380,60,2014,발전사업용,2014-12-30,충청남도 논산시 지역경제과,1571,2025-12-28
엔에이에너지,,충청남도 논산시 채운면 심암리 341,36.150154843,127.073351348,,정상가동,99,380,60,2014,발전사업용,2014-12-30,충청남도 논산시 지역경제과,1568,2025-12-28
엔비에너지,,충청남도 논산시 채운면 심암리 340,36.150688052,127.074414039,,정상가동,99,380,60,2014,발전사업용,2014-12-30,충청남도 논산시 지역경제과,1567,2025-12-28
엔씨에너지,,충청남도 논산시 채운면 심암리 336-3,36.150528840,127.074908974,,정상가동,99,380,60,2014,발전사업용,2014-12-30,충청남도 논산시 지역경제과,1571,2025-12-28
주영 태양광발전소,충청남도 논산시 연무읍 삼봉1길 128,충청남도 논산시 연무읍 마전리 985-8,36.085695810,127.074426600,,정상가동,267.12,22900,60,2015,발전사업용,2015-01-06,충청남도 논산시 지역경제과,1441.3,2025-12-28
딸기농장 태양광발전소,충청남도 논산시 광석면 논산평야로1119번길 123-20,충청남도 논산시 광석면 사월리 440-5,36.256963260,127.100689200,,정상가동,96,380,60,2015,발전사업용,2015-01-08,충청남도 논산시 지역경제과,560,2025-12-28
안대2호 태양광발전소,충청남도 논산시 은진면 매죽헌로 567,충청남도 논산시 은진면 시묘리 125-7,36.133727000,127.138948200,,정상가동,38,380,60,2015,발전사업용,2015-01-12,충청남도 논산시 지역경제과,244.72,2025-12-28
자연에너지 태양광발전소,충청남도 논산시 노성면 두사2길 62,충청남도 논산시 노성면 두사리 82-1,36.258936140,127.112662700,,정상가동,31.535,380,60,2015,발전사업용,2015-01-13,충청남도 논산시 지역경제과,196,2025-12-28
자연에너지1,충청남도 논산시 연무읍 봉황로 356-40,충청남도 논산시 연무읍 황화정리 200-40,36.087363210,127.108973300,,정상가동,48,220,60,2015,발전사업용,2015-01-13,충청남도 논산시 지역경제과,909,2025-12-28
착한에너지,,충청남도 논산시 연무읍 황화정리 200-43,36.086992650,127.108833100,,정상가동,48,220,60,2015,발전사업용,2015-01-13,충청남도 논산시 지역경제과,1296,2025-12-28
엔젤 태양광발전소,충청남도 논산시 광석면 천동1길 98-2,충청남도 논산시 광석면 천동리 246-3,36.244414260,127.097806500,,정상가동,99,380,60,2015,발전사업용,2015-01-20,충청남도 논산시 지역경제과,1468,2025-12-28
이죠이 태양광발전소,충청남도 논산시 광석면 천동1길 98-1,충청남도 논산시 광석면 천동리 246,36.244567040,127.097749100,,정상가동,99,380,60,2015,발전사업용,2015-01-20,충청남도 논산시 지역경제과,1468,2025-12-28
천동 태양광발전소,충청남도 논산시 광석면 천동1길 98-1,충청남도 논산시 광석면 천동리 246,36.244567040,127.097749100,,정상가동,99,380,60,2015,발전사업용,2015-01-20,충청남도 논산시 지역경제과,1468,2025-12-28
에덴 태양광발전소,충청남도 논산시 노성면 호월로467번길 15-38,충청남도 논산시 노성면 구암리 171-4,36.321984430,127.111098788,,정상가동,70,380,60,2015,발전사업용,2015-01-26,충청남도 논산시 지역경제과,900,2025-12-28
세기에너지,,충청남도 논산시 노성면 송당리 354-5,36.261815950,127.109652365,,정상가동,99,380,60,2015,발전사업용,2015-01-27,충청남도 논산시 지역경제과,1584,2025-12-28
해존 태양광발전소,,충청남도 논산시 노성면 송당리 354-3,36.261804210,127.109294760,,정상가동,99,380,60,2015,발전사업용,2015-01-27,충청남도 논산시 지역경제과,1769,2025-12-28
우재 태양광발전소,충청남도 논산시 상월면 상월로 561-44,충청남도 논산시 상월면 상도리 62-9,36.309448240,127.185885000,,정상가동,60,380,60,2015,발전사업용,2015-01-28,충청남도 논산시 지역경제과,351.6,2025-12-28
신 태양광발전소,충청남도 논산시 부적면 예학로1길 111,충청남도 논산시 부적면 신교리 8,36.198680980,127.152872000,,정상가동,99,380,60,2015,발전사업용,2015-01-29,충청남도 논산시 지역경제과,4002,2025-12-28
행복3호 태양광발전소,,충청남도 논산시 상월면 숙진리 116-20,36.251647871,127.152636417,,정상가동,97.92,380,60,2017,발전사업용,2017-03-24,충청남도 논산시 지역경제과,574.27,2025-12-28
웅곡1호 태양광발전소,,충청남도 논산시 노성면 읍내리 477-4,36.264071420,127.123615619,,정상가동,97.92,380,60,2017,발전사업용,2017-03-24,충청남도 논산시 지역경제과,574.27,2025-12-28
세종 태양광발전소,,충청남도 논산시 노성면 장구리 8-9,36.275717520,127.086316600,,정상가동,30.6,380,60,2017,발전사업용,2017-04-12,충청남도 논산시 지역경제과,179.46,2025-12-28
광석 태양광발전소,,충청남도 논산시 은진면 성덕리 366,36.172854239,127.125497685,,정상가동,196.56,380,60,2017,발전사업용,2017-04-12,충청남도 논산시 지역경제과,3453,2025-12-28
호영 태양광발전소,,충청남도 논산시 은진면 성덕리 366,36.172854239,127.125497685,,정상가동,80.64,380,60,2017,발전사업용,2017-04-12,충청남도 논산시 지역경제과,1479,2025-12-28
광범 태양광발전소,,충청남도 논산시 은진면 성덕리 366-13,36.172569440,127.126207800,,정상가동,196.56,380,60,2017,발전사업용,2017-04-12,충청남도 논산시 지역경제과,3182,2025-12-28
사천목씨 관찰사공종중 태양광발전소,,충청남도 논산시 연무읍 마전리 988-41,36.087631830,127.070706400,,정상가동,97.92,380,60,2017,발전사업용,2017-04-12,충청남도 논산시 지역경제과,564.48,2025-12-28
사천목씨 참군공파종중 태양광발전소,충청남도 논산시 연무읍 삼봉1길 108-14,충청남도 논산시 연무읍 마전리 988-14,36.088238120,127.072187200,,정상가동,495.04,380,60,2017,발전사업용,2017-04-12,충청남도 논산시 지역경제과,2853.76,2025-12-28
황금알 태양광발전소 10호기,,충청남도 논산시 연무읍 마전리 988-16,36.088287973,127.071341702,,정상가동,97.92,380,60,2017,발전사업용,2017-04-12,충청남도 논산시 지역경제과,564.48,2025-12-28
황금알 태양광발전소 1호기,,충청남도 논산시 연무읍 마전리 988-17,36.087364404,127.072067280,,정상가동,97.92,380,60,2017,발전사업용,2017-04-12,충청남도 논산시 지역경제과,564.48,2025-12-28
황금알 태양광발전소 2호기,,충청남도 논산시 연무읍 마전리 988-37,36.087557753,127.071198617,,정상가동,97.92,380,60,2017,발전사업용,2017-04-12,충청남도 논산시 지역경제과,564.48,2025-12-28
황금알 태양광발전소 3호기,,충청남도 논산시 연무읍 마전리 988-31,36.088012390,127.070968400,,정상가동,97.92,380,60,2017,발전사업용,2017-04-12,충청남도 논산시 지역경제과,564.48,2025-12-28
황금알 태양광발전소 5호기,,충청남도 논산시 연무읍 마전리 988-40,36.087831120,127.070837300,,정상가동,97.92,380,60,2017,발전사업용,2017-04-12,충청남도 논산시 지역경제과,564.48,2025-12-28
황금알 태양광발전소 6호기,,충청남도 논산시 연무읍 마전리 988-32,36.088193660,127.071126655,,정상가동,97.92,380,60,2017,발전사업용,2017-04-12,충청남도 논산시 지역경제과,564.48,2025-12-28
황금알 태양광발전소 7호기,,충청남도 논산시 연무읍 마전리 988-34,36.087909740,127.071680300,,정상가동,97.92,380,60,2017,발전사업용,2017-04-12,충청남도 논산시 지역경제과,564.48,2025-12-28
황금알 태양광발전소 8호기,,충청남도 논산시 연무읍 마전리 988-35,36.087753104,127.071619280,,정상가동,97.92,380,60,2017,발전사업용,2017-04-12,충청남도 논산시 지역경제과,564.48,2025-12-28
황금알 태양광발전소 9호기,,충청남도 논산시 연무읍 마전리 988-36,36.087610720,127.071472800,,정상가동,97.92,380,60,2017,발전사업용,2017-04-12,충청남도 논산시 지역경제과,564.48,2025-12-28
푸른2호 태양광발전소,충청남도 논산시 성동면 성동로436번길 17-6,충청남도 논산시 성동면 정지리 480-2,36.208482300,127.047818600,,정상가동,144.72,380,60,2017,발전사업용,2017-04-27,충청남도 논산시 지역경제과,495,2025-12-28
득윤리1호 태양광발전소,,충청남도 논산시 광석면 득윤리 83-33,36.234169120,127.053743494,,정상가동,495,380,60,2017,발전사업용,2017-04-27,충청남도 논산시 지역경제과,7322,2025-12-28
득윤리2호 태양광발전소,,충청남도 논산시 광석면 득윤리 83-23,36.234957118,127.054379967,,정상가동,495,380,60,2017,발전사업용,2017-04-27,충청남도 논산시 지역경제과,7322,2025-12-28
종하2호 태양광발전소,,충청남도 논산시 은진면 방축리 170,36.159010654,127.090671500,,정상가동,99.96,380,60,2017,발전사업용,2017-04-27,충청남도 논산시 지역경제과,1496,2025-12-28
지섭 태양광발전소,,충청남도 논산시 노성면 장구리 110-55,36.277843342,127.081404600,,정상가동,498.96,380,60,2017,발전사업용,2017-04-27,충청남도 논산시 지역경제과,5967,2025-12-28
송촌3호 태양광발전소,충청남도 논산시 노성면 호월로 82-60,충청남도 논산시 노성면 호암리 507-3,36.298121430,127.090932300,,정상가동,99.36,380,60,2017,발전사업용,2017-04-27,충청남도 논산시 지역경제과,1110,2025-12-28
하도1호 태양광발전소,,충청남도 논산시 노성면 하도리 337-18,36.249065059,127.133441762,,정상가동,99.2,380,60,2017,발전사업용,2017-04-27,충청남도 논산시 지역경제과,1915,2025-12-28
하도2호 태양광발전소,,충청남도 논산시 노성면 하도리 337-16,36.249037251,127.133279500,,정상가동,99.2,380,60,2017,발전사업용,2017-04-27,충청남도 논산시 지역경제과,1343,2025-12-28
하도3호 태양광발전소,,충청남도 논산시 노성면 하도리 337-15,36.249054206,127.133076749,,정상가동,99.2,380,60,2017,발전사업용,2017-04-27,충청남도 논산시 지역경제과,1144,2025-12-28
하도4호 태양광발전소,,충청남도 논산시 노성면 하도리 337-13,36.249233670,127.132898824,,정상가동,99.2,380,60,2017,발전사업용,2017-04-27,충청남도 논산시 지역경제과,1155,2025-12-28
하도5호 태양광발전소,,충청남도 논산시 노성면 하도리 337-12,36.249250410,127.132722200,,정상가동,99.2,380,60,2017,발전사업용,2017-04-27,충청남도 논산시 지역경제과,1232,2025-12-28
하도6호 태양광발전소,,충청남도 논산시 노성면 하도리 337-11,36.249258130,127.132544100,,정상가동,99.2,380,60,2017,발전사업용,2017-04-27,충청남도 논산시 지역경제과,1291,2025-12-28
하도7호 태양광발전소,,충청남도 논산시 노성면 하도리 337-1,36.249619413,127.132225482,,정상가동,99.2,380,60,2017,발전사업용,2017-04-27,충청남도 논산시 지역경제과,1828,2025-12-28
여은 태양광발전소,,충청남도 논산시 노성면 장구리 115-6,36.277070670,127.081770700,,정상가동,498.96,380,60,2017,발전사업용,2017-05-15,충청남도 논산시 지역경제과,5879,2025-12-28
노성원에너지,,충청남도 논산시 노성면 읍내리 475,36.264791915,127.124396800,,정상가동,99.2,380,60,2017,발전사업용,2017-05-15,충청남도 논산시 지역경제과,1593,2025-12-28
노성비에너지,,충청남도 논산시 노성면 읍내리 475-37,36.264646320,127.124405900,,정상가동,99.2,380,60,2017,발전사업용,2017-05-15,충청남도 논산시 지역경제과,1368,2025-12-28
노성씨에너지,,충청남도 논산시 노성면 읍내리 476-4,36.264448950,127.124530500,,정상가동,99.2,380,60,2017,발전사업용,2017-05-15,충청남도 논산시 지역경제과,1413,2025-12-28
노성디에너지,,충청남도 논산시 노성면 읍내리 475-45,36.264226079,127.124606360,,정상가동,99.2,380,60,2017,발전사업용,2017-05-15,충청남도 논산시 지역경제과,1520,2025-12-28
해피 태양광발전소,,충청남도 논산시 노성면 구암리 212-4,36.323214566,127.106925000,,정상가동,297,380,60,2017,발전사업용,2017-05-15,충청남도 논산시 지역경제과,5272,2025-12-28
논산지현2호 태양광발전소,,충청남도 논산시 노성면 읍내리 498-2,36.263877690,127.122823100,,정상가동,495.72,380,60,2017,발전사업용,2017-05-15,충청남도 논산시 지역경제과,2907.2,2025-12-28
산야1 태양광발전소,,충청남도 논산시 노성면 병사리 산16-14,36.270590470,127.099542700,,정상가동,97.92,380,60,2017,발전사업용,2017-05-15,충청남도 논산시 지역경제과,574,2025-12-28
산야2 태양광발전소,,충청남도 논산시 노성면 병사리 산16-14,36.270590470,127.099542700,,정상가동,97.92,380,60,2017,발전사업용,2017-05-15,충청남도 논산시 지역경제과,574,2025-12-28
산야3 태양광발전소,,충청남도 논산시 노성면 병사리 산16-14,36.270590470,127.099542700,,정상가동,97.92,380,60,2017,발전사업용,2017-05-15,충청남도 논산시 지역경제과,574,2025-12-28
가온누리 태양광발전소,충청남도 논산시 은진면 살포재길 93,충청남도 논산시 은진면 용산리 산14-6,36.157228320,127.123510500,,정상가동,99.495,220,60,2017,발전사업용,2017-05-15,충청남도 논산시 지역경제과,501.86,2025-12-28
유피씨파워 태양광발전소,충청남도 논산시 노성면 논산평야로 1248,충청남도 논산시 노성면 두사리 47-17,36.258371900,127.121705000,,정상가동,456.32,380,60,2017,발전사업용,2017-05-15,충청남도 논산시 지역경제과,2850,2025-12-28
선우 태양광발전소,,충청남도 논산시 노성면 읍내리 532,36.264323950,127.115629200,,정상가동,356.4,380,60,2017,발전사업용,2017-05-15,충청남도 논산시 지역경제과,6175,2025-12-28
민우 태양광발전소,,충청남도 논산시 노성면 송당리 375-3,36.263372540,127.112968700,,정상가동,99.18,380,60,2017,발전사업용,2017-06-09,충청남도 논산시 지역경제과,1550,2025-12-28
에버쏠라텍,,충청남도 논산시 노성면 송당리 375-2,36.263398330,127.112634123,,정상가동,99.18,380,60,2017,발전사업용,2017-06-09,충청남도 논산시 지역경제과,1473,2025-12-28
성희 태양광발전소,,충청남도 논산시 노성면 송당리 382-8,36.262780349,127.113291092,,정상가동,99.18,380,60,2017,발전사업용,2017-06-09,충청남도 논산시 지역경제과,1359,2025-12-28
미경 태양광발전소,,충청남도 논산시 노성면 송당리 382-9,36.262838499,127.113776500,,정상가동,99.18,380,60,2017,발전사업용,2017-06-09,충청남도 논산시 지역경제과,1462,2025-12-28
햇빛나눔 발전소,,충청남도 논산시 노성면 송당리 360,36.262364446,127.111236410,,정상가동,99.18,380,60,2017,발전사업용,2017-06-09,충청남도 논산시 지역경제과,1753,2025-12-28
H.S태양광,,충청남도 논산시 노성면 송당리 360-2,36.262806390,127.111973500,,정상가동,99.18,380,60,2017,발전사업용,2017-06-09,충청남도 논산시 지역경제과,1323,2025-12-28
서초 태양광발전소,,충청남도 논산시 노성면 송당리 360-3,36.262461640,127.111665800,,정상가동,99.18,380,60,2017,발전사업용,2017-06-09,충청남도 논산시 지역경제과,1288,2025-12-28
힐싸이드2,,충청남도 논산시 노성면 송당리 360-8,36.262864670,127.112540400,,정상가동,99.18,380,60,2017,발전사업용,2017-06-09,충청남도 논산시 지역경제과,1173,2025-12-28
일산 태양광발전소,,충청남도 논산시 노성면 송당리 360-10,36.262849042,127.112942000,,정상가동,99.18,380,60,2017,발전사업용,2017-06-09,충청남도 논산시 지역경제과,1358,2025-12-28
써니싸이드2,,충청남도 논산시 노성면 송당리 382,36.262633514,127.112528079,,정상가동,99.18,380,60,2017,발전사업용,2017-06-09,충청남도 논산시 지역경제과,1214,2025-12-28
H.K태양광,,충청남도 논산시 노성면 송당리 360-5,36.262536370,127.112021100,,정상가동,99.18,380,60,2017,발전사업용,2017-06-09,충청남도 논산시 지역경제과,1179,2025-12-28
부자 태양광발전소,,충청남도 논산시 연산면 어은리 329-3,36.265853985,127.178587947,,정상가동,149.04,380,60,2017,발전사업용,2017-06-09,충청남도 논산시 지역경제과,845,2025-12-28
하늘 태양광발전소,,충청남도 논산시 광석면 갈산리 554-6,36.234017634,127.054791606,,정상가동,198,380,60,2017,발전사업용,2017-06-28,충청남도 논산시 지역경제과,3489,2025-12-28
갈산 태양광발전소,,충청남도 논산시 광석면 갈산리 554-13,36.233459050,127.053912800,,정상가동,99,380,60,2017,발전사업용,2017-06-28,충청남도 논산시 지역경제과,1574,2025-12-28
창모석종 태양광발전소,충청남도 논산시 상월면 석종로 81-1,충청남도 논산시 상월면 석종리 7,36.316429000,127.178718700,,정상가동,100,380,60,2017,발전사업용,2017-06-23,충청남도 논산시 지역경제과,364.8,2025-12-28
대성 태양광발전소,,충청남도 논산시 광석면 갈산리 554-17,36.233209656,127.054494378,,정상가동,99,380,60,2017,발전사업용,2017-06-28,충청남도 논산시 지역경제과,1592,2025-12-28
은영 태양광발전소,,충청남도 논산시 광석면 갈산리 554-18,36.232984692,127.054249402,,정상가동,198,380,60,2017,발전사업용,2017-06-28,충청남도 논산시 지역경제과,3621,2025-12-28
승리 태양광발전소,,충청남도 논산시 광석면 갈산리 554-16,36.233574740,127.054868200,,정상가동,198,380,60,2017,발전사업용,2017-06-28,충청남도 논산시 지역경제과,2818,2025-12-28
빛모아 태양광발전소,,충청남도 논산시 광석면 갈산리 554-7,36.233165224,127.053413173,,정상가동,99,380,60,2017,발전사업용,2017-06-28,충청남도 논산시 지역경제과,1598,2025-12-28
산야6 태양광발전소,,충청남도 논산시 노성면 죽림리 222-17,36.287970320,127.083600371,,정상가동,99,380,60,2017,발전사업용,2017-06-29,충청남도 논산시 지역경제과,1254,2025-12-28
산야5 태양광발전소,,충청남도 논산시 노성면 죽림리 222-17,36.287970320,127.083600371,,정상가동,99,380,60,2017,발전사업용,2017-06-29,충청남도 논산시 지역경제과,1254,2025-12-28
산야The 태양광발전소,,충청남도 논산시 노성면 죽림리 222-17,36.287970320,127.083600371,,정상가동,99,380,60,2017,발전사업용,2017-06-29,충청남도 논산시 지역경제과,1254,2025-12-28
산야NEW 태양광발전소,,충청남도 논산시 노성면 죽림리 222-17,36.287970320,127.083600371,,정상가동,99,380,60,2017,발전사업용,2017-06-29,충청남도 논산시 지역경제과,1254,2025-12-28
빛나라 태양광발전소,,충청남도 논산시 노성면 죽림리 222-17,36.287970320,127.083600371,,정상가동,99,380,60,2017,발전사업용,2017-06-29,충청남도 논산시 지역경제과,1254,2025-12-28
이섭 태양광발전소,,충청남도 논산시 노성면 죽림리 222-17,36.287970320,127.083600371,,정상가동,99,380,60,2017,발전사업용,2017-06-29,충청남도 논산시 지역경제과,1254,2025-12-28
이재성 태양광발전소,,충청남도 논산시 노성면 죽림리 222-17,36.287970320,127.083600371,,정상가동,99,380,60,2017,발전사업용,2017-06-29,충청남도 논산시 지역경제과,1254,2025-12-28
광연 태양광발전소,,충청남도 논산시 노성면 읍내리 533-4,36.263785200,127.116143457,,정상가동,300.96,380,60,2017,발전사업용,2017-07-04,충청남도 논산시 지역경제과,4959,2025-12-28
일원 태양광발전소,충청남도 논산시 부적면 충곡로134번길 26,충청남도 논산시 부적면 감곡리 209,36.199813590,127.162711900,,정상가동,18.9,220,60,2017,발전사업용,2017-07-04,충청남도 논산시 지역경제과,102,2025-12-28
원남 태양광발전소,충청남도 논산시 성동면 성동로 327,충청남도 논산시 성동면 원남리 1120-2,36.206310520,127.038815000,,정상가동,91.12,380,60,2017,발전사업용,2017-07-06,충청남도 논산시 지역경제과,570,2025-12-28
율리13호 태양광발전소,,충청남도 논산시 광석면 율리 3-62,36.270149535,127.098638230,,정상가동,80.73,380,60,2017,발전사업용,2017-07-06,충청남도 논산시 지역경제과,557.46,2025-12-28
율리10호 태양광발전소,,충청남도 논산시 광석면 율리 3-62,36.270149535,127.098638230,,정상가동,99.36,380,60,2017,발전사업용,2017-07-06,충청남도 논산시 지역경제과,563,2025-12-28
율리12호 태양광발전소,,충청남도 논산시 광석면 율리 3-62,36.270149535,127.098638230,,정상가동,117.99,380,60,2017,발전사업용,2017-07-06,충청남도 논산시 지역경제과,668,2025-12-28
우원1호 태양광발전소,,충청남도 논산시 연산면 어은리 446-24,36.272087960,127.170901900,,정상가동,99.2,380,60,2017,발전사업용,2017-07-10,충청남도 논산시 지역경제과,971,2025-12-28
동탑3호 태양광발전소,,충청남도 논산시 연산면 어은리 446-8,36.272157469,127.170540201,,정상가동,99.2,380,60,2017,발전사업용,2017-07-10,충청남도 논산시 지역경제과,1092,2025-12-28
용안2호 태양광발전소,,충청남도 논산시 연산면 어은리 446-23,36.272139125,127.170723800,,정상가동,99.2,380,60,2017,발전사업용,2017-07-10,충청남도 논산시 지역경제과,958,2025-12-28
수1호 태양광발전소,,충청남도 논산시 연산면 어은리 446-17,36.272244240,127.171345400,,정상가동,99.2,380,60,2017,발전사업용,2017-07-10,충청남도 논산시 지역경제과,909,2025-12-28
엔젤3호 태양광발전소,,충청남도 논산시 연산면 어은리 446-19,36.272165440,127.171680100,,정상가동,99.2,380,60,2017,발전사업용,2017-07-10,충청남도 논산시 지역경제과,853,2025-12-28
신지2호 태양광발전소,,충청남도 논산시 연산면 어은리 446-20,36.272130550,127.171847500,,정상가동,99.2,380,60,2017,발전사업용,2017-07-10,충청남도 논산시 지역경제과,836,2025-12-28
CS3호 태양광발전소,,충청남도 논산시 연산면 어은리 446-32,36.271645910,127.172141900,,정상가동,99.2,380,60,2017,발전사업용,2017-07-10,충청남도 논산시 지역경제과,1863,2025-12-28
솔라파크2 태양광발전소,,충청남도 논산시 연산면 어은리 446-25,36.272053140,127.171080300,,정상가동,99.2,380,60,2017,발전사업용,2017-07-10,충청남도 논산시 지역경제과,941,2025-12-28
영윤1호 태양광발전소,,충청남도 논산시 연산면 어은리 446-18,36.272209350,127.171512700,,정상가동,99.2,380,60,2017,발전사업용,2017-07-10,충청남도 논산시 지역경제과,882,2025-12-28
주은3호 태양광발전소,,충청남도 논산시 연산면 어은리 446-21,36.272104130,127.171936800,,정상가동,99.2,380,60,2017,발전사업용,2017-07-10,충청남도 논산시 지역경제과,970,2025-12-28
대광 태양광발전소,,충청남도 논산시 노성면 병사리 481-35,36.271031120,127.099415200,,정상가동,96,380,60,2017,발전사업용,2017-07-18,충청남도 논산시 지역경제과,1320,2025-12-28
병사리 태양광발전소,,충청남도 논산시 노성면 병사리 481-67,36.271067420,127.099448100,,정상가동,96,380,60,2017,발전사업용,2017-07-18,충청남도 논산시 지역경제과,1320,2025-12-28
태영 태양광발전소,,충청남도 논산시 노성면 병사리 481-35,36.271031120,127.099415200,,정상가동,96,380,60,2017,발전사업용,2017-07-18,충청남도 논산시 지역경제과,1320,2025-12-28
신교 태양광발전소,,충청남도 논산시 부적면 신교리 149,36.192908378,127.149050900,,정상가동,338,380,60,2017,발전사업용,2017-07-21,충청남도 논산시 지역경제과,1972,2025-12-28
대명3호 태양광발전소,,충청남도 논산시 상월면 대명리 205-196,36.306458280,127.180916500,,정상가동,98.49,380,60,2017,발전사업용,2017-07-31,충청남도 논산시 지역경제과,1069,2025-12-28
대명4호 태양광발전소,,충청남도 논산시 상월면 대명리 205-195,36.306629660,127.180937000,,정상가동,98.49,380,60,2017,발전사업용,2017-07-31,충청남도 논산시 지역경제과,1148,2025-12-28
대명2호 태양광발전소,,충청남도 논산시 상월면 대명리 205-197,36.306287060,127.180918300,,정상가동,98.49,380,60,2017,발전사업용,2017-07-31,충청남도 논산시 지역경제과,1115,2025-12-28
대명1호 태양광발전소,,충청남도 논산시 상월면 대명리 205-202,36.306070090,127.180783317,,정상가동,98.49,380,60,2017,발전사업용,2017-07-31,충청남도 논산시 지역경제과,1400,2025-12-28
대명6호 태양광발전소,,충청남도 논산시 상월면 대명리 205-101,36.306928055,127.181033257,,정상가동,98.49,380,60,2017,발전사업용,2017-07-31,충청남도 논산시 지역경제과,1275,2025-12-28
대명5호 태양광발전소,,충청남도 논산시 상월면 대명리 205-194,36.306791723,127.181047389,,정상가동,98.49,380,60,2017,발전사업용,2017-07-31,충청남도 논산시 지역경제과,1213,2025-12-28
KS클린에너지,,충청남도 논산시 상월면 대명리 205-99,36.307197250,127.180872484,,정상가동,98.49,380,60,2017,발전사업용,2017-07-31,충청남도 논산시 지역경제과,1405,2025-12-28
논산희찬 태양광발전소,,충청남도 논산시 노성면 읍내리 475-51,36.264257810,127.120581900,,정상가동,97.92,380,60,2017,발전사업용,2017-08-02,충청남도 논산시 지역경제과,1066,2025-12-28
현아 태양광발전소,,충청남도 논산시 노성면 읍내리 475-31,36.264544503,127.120620419,,정상가동,97.92,380,60,2017,발전사업용,2017-08-02,충청남도 논산시 지역경제과,1260,2025-12-28
노성읍내2호 태양광발전소,,충청남도 논산시 노성면 읍내리 493,36.263548534,127.120908045,,정상가동,97.92,380,60,2017,발전사업용,2017-08-02,충청남도 논산시 지역경제과,1762,2025-12-28
논산세화 태양광발전소,,충청남도 논산시 노성면 읍내리 475-31,36.264544503,127.120620419,,정상가동,97.92,380,60,2017,발전사업용,2017-08-02,충청남도 논산시 지역경제과,1062,2025-12-28
윤서 태양광발전소,,충청남도 논산시 노성면 읍내리 494-1,36.262968533,127.121437961,,정상가동,97.92,380,60,2017,발전사업용,2017-08-02,충청남도 논산시 지역경제과,1895,2025-12-28
엠제이에너지 태양광발전소,,충청남도 논산시 노성면 읍내리 494-1,36.262968533,127.121437961,,정상가동,97.92,380,60,2017,발전사업용,2017-08-02,충청남도 논산시 지역경제과,1658,2025-12-28
노성읍내1호 태양광발전소,,충청남도 논산시 노성면 읍내리 475-31,36.264544503,127.120620419,,정상가동,97.92,380,60,2017,발전사업용,2017-08-02,충청남도 논산시 지역경제과,1854,2025-12-28
남선1호 태양광발전소,,충청남도 논산시 노성면 읍내리 475-31,36.264544503,127.120620419,,정상가동,97.92,380,60,2017,발전사업용,2017-08-02,충청남도 논산시 지역경제과,1058,2025-12-28
논산명준 태양광발전소,,충청남도 논산시 노성면 읍내리 475-31,36.264544503,127.120620419,,정상가동,97.92,380,60,2017,발전사업용,2017-08-02,충청남도 논산시 지역경제과,1432,2025-12-28
산성 태양광발전소,,충청남도 논산시 노성면 읍내리 475-31,36.264544503,127.120620419,,정상가동,97.92,380,60,2017,발전사업용,2017-08-02,충청남도 논산시 지역경제과,1168,2025-12-28
남선2호 태양광발전소,,충청남도 논산시 노성면 읍내리 475-31,36.264544503,127.120620419,,정상가동,97.92,380,60,2017,발전사업용,2017-08-02,충청남도 논산시 지역경제과,1075,2025-12-28
노성읍내3호 태양광발전소,,충청남도 논산시 노성면 읍내리 493,36.263548534,127.120908045,,정상가동,97.92,380,60,2017,발전사업용,2017-08-02,충청남도 논산시 지역경제과,1626,2025-12-28
루온2호 태양광발전소,,충청남도 논산시 노성면 읍내리 475-59,36.264480210,127.121363381,,정상가동,97.92,380,60,2017,발전사업용,2017-08-02,충청남도 논산시 지역경제과,1373,2025-12-28
남선3호 태양광발전소,,충청남도 논산시 노성면 읍내리 475-31,36.264544503,127.120620419,,정상가동,97.92,380,60,2017,발전사업용,2017-08-04,충청남도 논산시 지역경제과,1355,2025-12-28
용산17호 태양광발전소,,충청남도 논산시 은진면 용산리 99-31,36.163637990,127.127451600,,정상가동,98.49,380,60,2017,발전사업용,2017-08-09,충청남도 논산시 지역경제과,1979,2025-12-28
용산1호 태양광발전소,,충청남도 논산시 은진면 용산리 99-3,36.163259304,127.125353790,,정상가동,98.49,380,60,2017,발전사업용,2017-08-09,충청남도 논산시 지역경제과,2171,2025-12-28
용산3호 태양광발전소,,충청남도 논산시 은진면 용산리 99-16,36.163247404,127.126311691,,정상가동,98.49,380,60,2017,발전사업용,2017-08-09,충청남도 논산시 지역경제과,1280,2025-12-28
용산4호 태양광발전소,,충청남도 논산시 은진면 용산리 99-39,36.163280683,127.126665879,,정상가동,98.49,380,60,2017,발전사업용,2017-08-09,충청남도 논산시 지역경제과,1419,2025-12-28
용산2호 태양광발전소,,충청남도 논산시 은진면 용산리 99-34,36.163327810,127.125698900,,정상가동,98.49,380,60,2017,발전사업용,2017-08-09,충청남도 논산시 지역경제과,1498,2025-12-28
용산5호 태양광발전소,,충청남도 논산시 은진면 용산리 99-17,36.162971830,127.126595027,,정상가동,98.49,380,60,2017,발전사업용,2017-08-09,충청남도 논산시 지역경제과,1697,2025-12-28
용산9호 태양광발전소,,충청남도 논산시 은진면 용산리 99-7,36.162915900,127.127925845,,정상가동,459.62,380,60,2017,발전사업용,2017-08-09,충청남도 논산시 지역경제과,6363,2025-12-28
용산11호 태양광발전소,,충청남도 논산시 은진면 용산리 99-1,36.163979775,127.125479470,,정상가동,497.14,380,60,2017,발전사업용,2017-08-09,충청남도 논산시 지역경제과,7203,2025-12-28
용산19호 태양광발전소,,충청남도 논산시 은진면 용산리 99-6,36.163461074,127.128266966,,정상가동,98.49,380,60,2017,발전사업용,2017-08-09,충청남도 논산시 지역경제과,1729,2025-12-28
용산18호 태양광발전소,,충청남도 논산시 은진면 용산리 99-32,36.163490329,127.127775000,,정상가동,98.49,380,60,2017,발전사업용,2017-08-09,충청남도 논산시 지역경제과,1718,2025-12-28
시안 태양광발전소,,충청남도 논산시 은진면 방축리 170,36.159010654,127.090671500,,정상가동,87.04,380,60,2017,발전사업용,2017-08-09,충청남도 논산시 지역경제과,1120,2025-12-28
해모아 태양광발전소,,충청남도 논산시 은진면 방축리 170-2,36.158580370,127.090633832,,정상가동,136,380,60,2017,발전사업용,2017-08-09,충청남도 논산시 지역경제과,1120,2025-12-28
다온 태양광발전소,,충청남도 논산시 노성면 읍내리 530-8,36.264517260,127.115367732,,정상가동,499.8,380,60,2017,발전사업용,2017-08-14,충청남도 논산시 지역경제과,6931,2025-12-28
지아 태양광발전소,,충청남도 논산시 노성면 읍내리 528,36.265433360,127.116194241,,정상가동,499.8,380,60,2017,발전사업용,2017-08-14,충청남도 논산시 지역경제과,6459,2025-12-28
용산6호 태양광발전소,,충청남도 논산시 은진면 용산리 99-43,36.162852500,127.127100530,,정상가동,248.57,380,60,2017,발전사업용,2017-08-16,충청남도 논산시 지역경제과,3621,2025-12-28
용산12호 태양광발전소,충청남도 논산시 은진면 매죽헌로53번길 168-48,충청남도 논산시 은진면 용산리 99-2,36.163306810,127.127766500,,정상가동,497.14,380,60,2017,발전사업용,2017-08-16,충청남도 논산시 지역경제과,7259,2025-12-28
금강 태양광발전소,,충청남도 논산시 상월면 대명리 205-110,36.305854490,127.180892638,,정상가동,98.825,380,60,2017,발전사업용,2017-08-16,충청남도 논산시 지역경제과,1777,2025-12-28
양지 태양광발전소,,충청남도 논산시 노성면 읍내리 533-1,36.263822444,127.115836850,,정상가동,99.75,380,60,2017,발전사업용,2017-08-18,충청남도 논산시 지역경제과,557,2025-12-28
유원 태양광발전소,,충청남도 논산시 노성면 읍내리 533-1,36.263822444,127.115836850,,정상가동,99.75,380,60,2017,발전사업용,2017-08-18,충청남도 논산시 지역경제과,557,2025-12-28
노성 태양광발전소,,충청남도 논산시 노성면 읍내리 533-1,36.263822444,127.115836850,,정상가동,99.75,380,60,2017,발전사업용,2017-08-18,충청남도 논산시 지역경제과,557,2025-12-28
두성 태양광발전소,,충청남도 논산시 노성면 읍내리 533-1,36.263822444,127.115836850,,정상가동,99.75,380,60,2017,발전사업용,2017-08-18,충청남도 논산시 지역경제과,557,2025-12-28
노성1호 태양광발전소,,충청남도 논산시 노성면 병사리 산13-2,36.270029510,127.100450600,,정상가동,98,380,60,2017,발전사업용,2017-08-21,충청남도 논산시 지역경제과,1620,2025-12-28
노성2호 태양광발전소,,충청남도 논산시 노성면 병사리 산13-2,36.270029510,127.100450600,,정상가동,98,380,60,2017,발전사업용,2017-08-21,충청남도 논산시 지역경제과,1836,2025-12-28
노성3호 태양광발전소,,충청남도 논산시 노성면 병사리 산13-2,36.270029510,127.100450600,,정상가동,98,380,60,2017,발전사업용,2017-08-21,충청남도 논산시 지역경제과,1791,2025-12-28
노성4호 태양광발전소,,충청남도 논산시 노성면 병사리 산13-2,36.270029510,127.100450600,,정상가동,49,380,60,2017,발전사업용,2017-08-21,충청남도 논산시 지역경제과,910,2025-12-28
제일원에너지,,충청남도 논산시 연무읍 마전리 683,36.107127872,127.077458004,,정상가동,99.2,380,60,2017,발전사업용,2017-08-22,충청남도 논산시 지역경제과,1585,2025-12-28
성철원에너지,,충청남도 논산시 연무읍 마전리 683-1,36.106818140,127.077500100,,정상가동,99.2,380,60,2017,발전사업용,2017-08-22,충청남도 논산시 지역경제과,1283,2025-12-28
마전원에너지,,충청남도 논산시 연무읍 마전리 683-2,36.106589085,127.077513500,,정상가동,99.2,380,60,2017,발전사업용,2017-08-22,충청남도 논산시 지역경제과,1266,2025-12-28
마전비에너지,,충청남도 논산시 연무읍 마전리 683-3,36.106438190,127.077521466,,정상가동,99.2,380,60,2017,발전사업용,2017-08-22,충청남도 논산시 지역경제과,1207,2025-12-28
마전디에너지,,충청남도 논산시 연무읍 마전리 683-4,36.106277940,127.077573100,,정상가동,99.2,380,60,2017,발전사업용,2017-08-22,충청남도 논산시 지역경제과,1461,2025-12-28
혜성 태양광발전소,,충청남도 논산시 노성면 읍내리 533-1,36.263822444,127.115836850,,정상가동,99.75,380,60,2017,발전사업용,2017-08-23,충청남도 논산시 지역경제과,557,2025-12-28
황산벌2호 태양광발전소,충청남도 논산시 광석면 장마루로 97,충청남도 논산시 광석면 이사리 390-2,36.224674400,127.086765100,,정상가동,61.2,380,60,2017,발전사업용,2017-08-25,충청남도 논산시 지역경제과,374,2025-12-28
황산벌1호 태양광발전소,충청남도 논산시 부적면 계백로 1759,충청남도 논산시 부적면 외성리 5-8,36.214365250,127.168663000,,정상가동,72,380,60,2017,발전사업용,2017-08-25,충청남도 논산시 지역경제과,603,2025-12-28
산야7 태양광발전소,,충청남도 논산시 노성면 병사리 455-14,36.271547497,127.097340100,,정상가동,99,380,60,2017,발전사업용,2017-08-25,충청남도 논산시 지역경제과,1320,2025-12-28
㈜지케이태양광발전소1호,,충청남도 논산시 가야곡면 두월리 56-1,36.150693834,127.155464100,,정상가동,369.92,380,60,2017,발전사업용,2017-08-25,충청남도 논산시 지역경제과,4970,2025-12-28
남광태양광발전소㈜2호,,충청남도 논산시 상월면 숙진리 182-1,36.247040514,127.153150800,,정상가동,253.44,380,60,2017,발전사업용,2017-09-04,충청남도 논산시 지역경제과,1542,2025-12-28
남광태양광발전소㈜1호,,충청남도 논산시 상월면 숙진리 182-1,36.247040514,127.153150800,,정상가동,253.44,380,60,2017,발전사업용,2017-09-04,충청남도 논산시 지역경제과,1542,2025-12-28
지산1호 태양광발전소,,충청남도 논산시 부적면 신교리 22-6,36.196874770,127.153184153,,정상가동,99,380,60,2017,발전사업용,2017-09-04,충청남도 논산시 지역경제과,1860,2025-12-28
지산2호 태양광발전소,,충청남도 논산시 부적면 신교리 22-5,36.197082130,127.153634200,,정상가동,99,380,60,2017,발전사업용,2017-09-04,충청남도 논산시 지역경제과,1400,2025-12-28
지산3호 태양광발전소,,충청남도 논산시 부적면 신교리 22,36.197340891,127.153386184,,정상가동,99,380,60,2017,발전사업용,2017-09-04,충청남도 논산시 지역경제과,1567,2025-12-28
광석1호 태양광발전소,,충청남도 논산시 광석면 사월리 184-18,36.255110737,127.098452200,,정상가동,99.96,380,60,2017,발전사업용,2017-09-11,충청남도 논산시 지역경제과,1505,2025-12-28
광석2호 태양광발전소,,충청남도 논산시 광석면 사월리 184-18,36.255110737,127.098452200,,정상가동,99.96,380,60,2017,발전사업용,2017-09-11,충청남도 논산시 지역경제과,1983,2025-12-28
선양 발전소,,충청남도 논산시 가야곡면 두월리 244-1,36.151268760,127.141873890,,정상가동,99.225,380,60,2017,발전사업용,2017-09-11,충청남도 논산시 지역경제과,1650,2025-12-28
성훈 태양광발전소,,충청남도 논산시 가야곡면 두월리 244-5,36.150703148,127.141663500,,정상가동,99.225,380,60,2017,발전사업용,2017-09-11,충청남도 논산시 지역경제과,1650,2025-12-28
승도1 발전소,,충청남도 논산시 가야곡면 두월리 244-4,36.150959090,127.141449500,,정상가동,99.225,380,60,2017,발전사업용,2017-09-11,충청남도 논산시 지역경제과,1650,2025-12-28
수미1 발전소,,충청남도 논산시 가야곡면 두월리 244-2,36.150990180,127.141959717,,정상가동,99.225,380,60,2017,발전사업용,2017-09-11,충청남도 논산시 지역경제과,1650,2025-12-28
덕천1 발전소,,충청남도 논산시 가야곡면 두월리 244,36.151227450,127.141298378,,정상가동,99.225,380,60,2017,발전사업용,2017-09-11,충청남도 논산시 지역경제과,1650,2025-12-28
태성 태양광발전소,,충청남도 논산시 노성면 읍내리 475-1,36.265289182,127.122810223,,정상가동,97.92,380,60,2017,발전사업용,2017-09-12,충청남도 논산시 지역경제과,1196,2025-12-28
알피시태양광발전소,,충청남도 논산시 노성면 읍내리 504-3,36.265916020,127.121798700,,정상가동,97.92,380,60,2017,발전사업용,2017-09-12,충청남도 논산시 지역경제과,1286,2025-12-28
옥진 태양광발전소,,충청남도 논산시 노성면 읍내리 504-3,36.265916020,127.121798700,,정상가동,97.92,380,60,2017,발전사업용,2017-09-12,충청남도 논산시 지역경제과,1129,2025-12-28
정현 태양광발전소,,충청남도 논산시 노성면 읍내리 504-3,36.265916020,127.121798700,,정상가동,97.92,380,60,2017,발전사업용,2017-09-12,충청남도 논산시 지역경제과,1085,2025-12-28
엘리2호 태양광발전소,,충청남도 논산시 노성면 읍내리 504-3,36.265916020,127.121798700,,정상가동,43.52,380,60,2017,발전사업용,2017-09-12,충청남도 논산시 지역경제과,563,2025-12-28
청광에너지3호 태양광발전소,,충청남도 논산시 노성면 읍내리 504-4,36.265640930,127.121156300,,정상가동,97.92,380,60,2017,발전사업용,2017-09-12,충청남도 논산시 지역경제과,1105,2025-12-28
솔빈 태양광발전소,,충청남도 논산시 노성면 읍내리 504-3,36.265916020,127.121798700,,정상가동,97.92,380,60,2017,발전사업용,2017-09-12,충청남도 논산시 지역경제과,1418,2025-12-28
호연2호 태양광발전소,,충청남도 논산시 노성면 읍내리 504-3,36.265916020,127.121798700,,정상가동,97.92,380,60,2017,발전사업용,2017-09-12,충청남도 논산시 지역경제과,1144,2025-12-28
대륜 태양광발전소,충청남도 논산시 연무읍 황화로35번길 51-14,충청남도 논산시 연무읍 마전리 859-2,36.077596110,127.084180500,,정상가동,190.4,380,60,2017,발전사업용,2017-09-13,충청남도 논산시 지역경제과,1266,2025-12-28
소원 태양광발전소,,충청남도 논산시 가야곡면 등리 407-4,36.154695910,127.165224800,,정상가동,498.96,380,60,2017,발전사업용,2017-09-13,충청남도 논산시 지역경제과,11000,2025-12-28
탁건 태양광발전소,,충청남도 논산시 노성면 읍내리 533-2,36.264548463,127.116426513,,정상가동,99.75,380,60,2017,발전사업용,2017-09-13,충청남도 논산시 지역경제과,557,2025-12-28
다산 발전소,충청남도 논산시 성동면 산업단지로1길 114,충청남도 논산시 성동면 원북리 194-36,36.225138300,127.040031000,,정상가동,500,380,60,2017,발전사업용,2017-09-18,충청남도 논산시 지역경제과,5223,2025-12-28
대호 태양광발전소,,충청남도 논산시 노성면 송당리 369-13,36.265908200,127.113396300,,정상가동,99.75,380,60,2017,발전사업용,2017-09-18,충청남도 논산시 지역경제과,557,2025-12-28
영진 태양광발전소,,충청남도 논산시 노성면 송당리 369-26,36.265863550,127.113452500,,정상가동,99.75,380,60,2017,발전사업용,2017-09-18,충청남도 논산시 지역경제과,557,2025-12-28
SK 태양광발전소,,충청남도 논산시 노성면 송당리 369-27,36.265699700,127.113231800,,정상가동,99.75,380,60,2017,발전사업용,2017-09-18,충청남도 논산시 지역경제과,557,2025-12-28
가나안 태양광발전소,,충청남도 논산시 노성면 송당리 369-28,36.265500290,127.113078200,,정상가동,99.75,380,60,2017,발전사업용,2017-09-18,충청남도 논산시 지역경제과,557,2025-12-28
왕암 태양광발전소,충청남도 논산시 가야곡면 원앙로503번길 19-14,충청남도 논산시 가야곡면 왕암리 378-4,36.123209010,127.152849100,,정상가동,199.44,380,60,2017,발전사업용,2017-09-18,충청남도 논산시 지역경제과,1767,2025-12-28
산야8 태양광발전소,,충청남도 논산시 노성면 병사리 455-14,36.271547497,127.097340100,,정상가동,99,380,60,2017,발전사업용,2017-09-19,충청남도 논산시 지역경제과,1320,2025-12-28
산야9 태양광발전소,,충청남도 논산시 노성면 병사리 455-23,36.272009976,127.097807480,,정상가동,49.5,380,60,2017,발전사업용,2017-09-19,충청남도 논산시 지역경제과,299,2025-12-28
해냄2 태양광발전소,,충청남도 논산시 가야곡면 두월리 519-1,36.153553110,127.137453900,,정상가동,98.49,380,60,2017,발전사업용,2017-09-19,충청남도 논산시 지역경제과,1118,2025-12-28
해냄3 태양광발전소,,충청남도 논산시 가야곡면 두월리 519-2,36.153309380,127.137391248,,정상가동,98.49,380,60,2017,발전사업용,2017-09-19,충청남도 논산시 지역경제과,1520,2025-12-28
해냄1 태양광발전소,,충청남도 논산시 가야곡면 두월리 519,36.153925860,127.137430200,,정상가동,98.49,380,60,2017,발전사업용,2017-09-19,충청남도 논산시 지역경제과,1400,2025-12-28
윤석진 태양광발전소,,충청남도 논산시 노성면 읍내리 475-1,36.265289182,127.122810223,,정상가동,97.92,380,60,2017,발전사업용,2017-09-19,충청남도 논산시 지역경제과,1306,2025-12-28
최훈1 태양광발전소,,충청남도 논산시 노성면 읍내리 504-3,36.265916020,127.121798700,,정상가동,97.92,380,60,2017,발전사업용,2017-09-19,충청남도 논산시 지역경제과,1063,2025-12-28
미소 태양광발전소,,충청남도 논산시 노성면 읍내리 504-3,36.265916020,127.121798700,,정상가동,97.92,380,60,2017,발전사업용,2017-09-19,충청남도 논산시 지역경제과,1107,2025-12-28
빈솔1호 태양광발전소,,충청남도 논산시 노성면 읍내리 504-3,36.265916020,127.121798700,,정상가동,97.92,380,60,2017,발전사업용,2017-09-19,충청남도 논산시 지역경제과,1058,2025-12-28
SK 태양광발전소,,충청남도 논산시 노성면 읍내리 504-3,36.265916020,127.121798700,,정상가동,97.92,380,60,2017,발전사업용,2017-09-19,충청남도 논산시 지역경제과,1445,2025-12-28
열매7호 태양광발전소,,충청남도 논산시 노성면 읍내리 475-1,36.265289182,127.122810223,,정상가동,97.92,380,60,2017,발전사업용,2017-09-19,충청남도 논산시 지역경제과,1276,2025-12-28
채송화전력 태양광발전소,,충청남도 논산시 노성면 읍내리 475-1,36.265289182,127.122810223,,정상가동,97.92,380,60,2017,발전사업용,2017-09-19,충청남도 논산시 지역경제과,998,2025-12-28
열매9호 태양광발전소,,충청남도 논산시 노성면 읍내리 504-3,36.265916020,127.121798700,,정상가동,97.92,380,60,2017,발전사업용,2017-09-19,충청남도 논산시 지역경제과,1142,2025-12-28
지오 태양광발전소,,충청남도 논산시 노성면 읍내리 476-2,36.264283000,127.124020500,,정상가동,72.8,380,60,2017,발전사업용,2017-09-21,충청남도 논산시 지역경제과,557.46,2025-12-28
광일 태양광발전소,,충청남도 논산시 노성면 읍내리 476-7,36.264137292,127.124268500,,정상가동,99.75,380,60,2017,발전사업용,2017-09-21,충청남도 논산시 지역경제과,557,2025-12-28
원골7 태양광발전소,,충청남도 논산시 노성면 송당리 321-5,36.264999720,127.110017239,,정상가동,389.12,380,60,2017,발전사업용,2017-09-27,충청남도 논산시 지역경제과,1594,2025-12-28
용산7호 태양광발전소,,충청남도 논산시 은진면 용산리 99-25,36.163164009,127.125989100,,정상가동,98.49,380,60,2017,발전사업용,2017-09-27,충청남도 논산시 지역경제과,1280,2025-12-28
봉림 태양광발전소,,충청남도 논산시 취암동 389,36.199330950,127.091473600,,정상가동,99.96,380,60,2017,발전사업용,2017-09-29,충청남도 논산시 지역경제과,586,2025-12-28
희망 태양광발전소,,충청남도 논산시 노성면 읍내리 490-3,36.263385114,127.118523052,,정상가동,300.9,380,60,2017,발전사업용,2017-10-11,충청남도 논산시 지역경제과,3900,2025-12-28
해가든 1호,,충청남도 논산시 노성면 읍내리 491-5,36.263039530,127.119285202,,정상가동,97.92,380,60,2017,발전사업용,2017-10-11,충청남도 논산시 지역경제과,2053,2025-12-28
해가든 2호,,충청남도 논산시 노성면 읍내리 491,36.263010780,127.118377499,,정상가동,97.92,380,60,2017,발전사업용,2017-10-11,충청남도 논산시 지역경제과,2053,2025-12-28
휘연1호 태양광발전소,,충청남도 논산시 노성면 읍내리 490,36.262897823,127.117217944,,정상가동,99.4,380,60,2017,발전사업용,2017-10-12,충청남도 논산시 지역경제과,1167,2025-12-28
경희2 태양광발전소,,충청남도 논산시 노성면 장구리 110-52,36.277783052,127.080525684,,정상가동,99.36,380,60,2017,발전사업용,2017-10-12,충청남도 논산시 지역경제과,2640,2025-12-28
휘연2호 태양광발전소,,충청남도 논산시 노성면 읍내리 490,36.262897823,127.117217944,,정상가동,99.4,380,60,2017,발전사업용,2017-10-18,충청남도 논산시 지역경제과,1230,2025-12-28
예승 태양광발전소,,충청남도 논산시 노성면 읍내리 493-4,36.264490256,127.118511492,,정상가동,97.92,380,60,2017,발전사업용,2017-10-18,충청남도 논산시 지역경제과,1310,2025-12-28
만영 태양광발전소,,충청남도 논산시 노성면 읍내리 493-10,36.264108400,127.118647200,,정상가동,97.92,380,60,2017,발전사업용,2017-10-18,충청남도 논산시 지역경제과,1310,2025-12-28
중부1호 태양광발전소,충청남도 논산시 연무읍 마봉로347번길 10-1,충청남도 논산시 연무읍 봉동리 608,36.110185090,127.068841800,,정상가동,100,380,60,2017,발전사업용,2017-10-19,충청남도 논산시 지역경제과,950,2025-12-28
중부2호 태양광발전소,충청남도 논산시 연무읍 마봉로347번길 10-1,충청남도 논산시 연무읍 봉동리 608,36.110185090,127.068841800,,정상가동,100,380,60,2017,발전사업용,2017-10-19,충청남도 논산시 지역경제과,950,2025-12-28
논산이 태양광발전소,,충청남도 논산시 노성면 읍내리 474-14,36.264931620,127.125311790,,정상가동,99.75,380,60,2017,발전사업용,2017-10-23,충청남도 논산시 지역경제과,557,2025-12-28
늘봄3 태양광발전소,,충청남도 논산시 노성면 읍내리 473,36.264300060,127.125122000,,정상가동,99.75,380,60,2017,발전사업용,2017-10-23,충청남도 논산시 지역경제과,557,2025-12-28
고현 태양광발전소,,충청남도 논산시 노성면 읍내리 474,36.265118910,127.124807497,,정상가동,99.75,380,60,2017,발전사업용,2017-10-23,충청남도 논산시 지역경제과,557,2025-12-28
에스에프에너지2,,충청남도 논산시 노성면 장구리 8-53,36.273225120,127.086846400,,정상가동,199.5,380,60,2017,발전사업용,2017-10-30,충청남도 논산시 지역경제과,1114,2025-12-28
에스에프에너지1,,충청남도 논산시 노성면 장구리 13-12,36.273310960,127.085842912,,정상가동,199.5,380,60,2017,발전사업용,2017-10-30,충청남도 논산시 지역경제과,1114,2025-12-28
덕암 태양광발전소,,충청남도 논산시 노성면 장구리 13-60,36.272965580,127.085903400,,정상가동,99.75,380,60,2017,발전사업용,2017-10-30,충청남도 논산시 지역경제과,557,2025-12-28
나마 쏠라,,충청남도 논산시 노성면 장구리 13-12,36.273310960,127.085842912,,정상가동,99.75,380,60,2017,발전사업용,2017-10-30,충청남도 논산시 지역경제과,557,2025-12-28
청솔 태양광발전소,,충청남도 논산시 노성면 장구리 13-37,36.272823440,127.086380691,,정상가동,199.5,380,60,2017,발전사업용,2017-10-30,충청남도 논산시 지역경제과,1114,2025-12-28
우리 태양광발전소,,충청남도 논산시 노성면 장구리 13-12,36.273310960,127.085842912,,정상가동,99.75,380,60,2017,발전사업용,2017-10-30,충청남도 논산시 지역경제과,557,2025-12-28
세진 태양광발전소,,충청남도 논산시 노성면 장구리 13-12,36.273310960,127.085842912,,정상가동,99.75,380,60,2017,발전사업용,2017-10-30,충청남도 논산시 지역경제과,557,2025-12-28
드림1호 태양광발전소,,충청남도 논산시 노성면 장구리 13-12,36.273310960,127.085842912,,정상가동,99.75,380,60,2017,발전사업용,2017-10-30,충청남도 논산시 지역경제과,557,2025-12-28
드림2호 태양광발전소,,충청남도 논산시 노성면 장구리 13-12,36.273310960,127.085842912,,정상가동,141.75,380,60,2017,발전사업용,2017-10-30,충청남도 논산시 지역경제과,557,2025-12-28
노성 태양광발전소,충청남도 논산시 노성면 읍내3길 61-11,충청남도 논산시 노성면 읍내리 504-2,36.266316850,127.122384100,,정상가동,99.83,380,60,2017,발전사업용,2017-10-31,충청남도 논산시 지역경제과,1187,2025-12-28
네이처선샤인1 태양광발전소,충청남도 논산시 노성면 읍내3길 61-11,충청남도 논산시 노성면 읍내리 504-2,36.266316850,127.122384100,,정상가동,99.83,380,60,2017,발전사업용,2017-10-31,충청남도 논산시 지역경제과,1278,2025-12-28
해준 태양광발전소,충청남도 논산시 노성면 읍내3길 61-11,충청남도 논산시 노성면 읍내리 504-2,36.266316850,127.122384100,,정상가동,99.83,380,60,2017,발전사업용,2017-10-31,충청남도 논산시 지역경제과,1119,2025-12-28
연준 태양광발전소,충청남도 논산시 노성면 읍내3길 61-11,충청남도 논산시 노성면 읍내리 504-2,36.266316850,127.122384100,,정상가동,99.83,380,60,2017,발전사업용,2017-10-31,충청남도 논산시 지역경제과,1138,2025-12-28
호진 태양광발전소,충청남도 논산시 노성면 읍내3길 61-11,충청남도 논산시 노성면 읍내리 504-2,36.266316850,127.122384100,,정상가동,99.83,380,60,2017,발전사업용,2017-10-31,충청남도 논산시 지역경제과,1112,2025-12-28
네이처선샤인2 태양광발전소,충청남도 논산시 노성면 읍내3길 61-11,충청남도 논산시 노성면 읍내리 504-2,36.266316850,127.122384100,,정상가동,99.83,380,60,2017,발전사업용,2017-10-31,충청남도 논산시 지역경제과,1153,2025-12-28
조은논산 태양광발전소,충청남도 논산시 노성면 읍내3길 61-11,충청남도 논산시 노성면 읍내리 504-2,36.266316850,127.122384100,,정상가동,99.83,380,60,2017,발전사업용,2017-10-31,충청남도 논산시 지역경제과,1010,2025-12-28
큰솔 태양광발전소,,충청남도 논산시 상월면 대우리 118,36.277506010,127.180294700,,정상가동,52.92,380,60,2015,발전사업용,2015-05-11,충청남도 논산시 지역경제과,825.9,2025-12-28
㈜성현글로비스 양촌지점 1호,충청남도 논산시 양촌면 황산벌로784번길 118,충청남도 논산시 양촌면 모촌리 58,36.158645510,127.219063300,,정상가동,87.64,380,60,2015,발전사업용,2015-05-26,충청남도 논산시 지역경제과,475,2025-12-28
㈜성현글로비스 양촌지점 2호,충청남도 논산시 양촌면 황산벌로784번길 118-1,충청남도 논산시 양촌면 모촌리 58-2,36.158584960,127.219452900,,정상가동,72.52,380,60,2015,발전사업용,2015-05-26,충청남도 논산시 지역경제과,384,2025-12-28
혜성2호 태양광발전소,,충청남도 논산시 상월면 지경리 570-1,36.310345740,127.147811548,,정상가동,29.7,380,60,2015,발전사업용,2015-06-02,충청남도 논산시 지역경제과,426,2025-12-28
헤쎄드 태양광발전소,,충청남도 논산시 상월면 지경리 558,36.309999467,127.148095406,,정상가동,99,380,60,2015,발전사업용,2015-06-02,충청남도 논산시 지역경제과,1160,2025-12-28
한일 태양광발전소,충청남도 논산시 연산면 청동로1길 66-48,충청남도 논산시 연산면 청동리 385-1,36.203942430,127.198475500,,정상가동,98,380,60,2015,발전사업용,2015-06-04,충청남도 논산시 지역경제과,1415,2025-12-28
한빛 태양광발전소,충청남도 논산시 연산면 청동로1길 66-46,충청남도 논산시 연산면 청동리 385,36.204032250,127.198430100,,정상가동,98.28,380,60,2015,발전사업용,2015-06-04,충청남도 논산시 지역경제과,1451,2025-12-28
신대 태양광발전소,충청남도 논산시 연산면 신독재로 202-59,충청남도 논산시 연산면 사포리 196-3,36.249031170,127.165303500,,정상가동,56.7,380,60,2015,발전사업용,2015-06-08,충청남도 논산시 지역경제과,551,2025-12-28
삼남 태양광발전소,,충청남도 논산시 연산면 사포리 196-64,36.248714900,127.165184500,,정상가동,99,380,60,2015,발전사업용,2015-06-08,충청남도 논산시 지역경제과,1056,2025-12-28
정현 태양광발전소,,충청남도 논산시 연산면 사포리 196-63,36.248851010,127.165292410,,정상가동,99,380,60,2015,발전사업용,2015-06-08,충청남도 논산시 지역경제과,1014,2025-12-28
케이제이솔라,,충청남도 논산시 노성면 송당리 378-1,36.263778270,127.114163490,,정상가동,38.4,380,60,2015,발전사업용,2015-06-12,충청남도 논산시 지역경제과,863,2025-12-28
목곡6호 태양광발전소,,충청남도 논산시 가야곡면 목곡리 208-18,36.148025670,127.183190138,,정상가동,99.2,380,60,2015,발전사업용,2015-06-15,충청남도 논산시 지역경제과,2044,2025-12-28
목곡4호 태양광발전소,,충청남도 논산시 가야곡면 목곡리 208-20,36.147693242,127.183278400,,정상가동,99.2,380,60,2015,발전사업용,2015-06-15,충청남도 논산시 지역경제과,1937,2025-12-28
목곡3호 태양광발전소,,충청남도 논산시 가야곡면 목곡리 208-21,36.147556360,127.183413690,,정상가동,99.2,380,60,2015,발전사업용,2015-06-15,충청남도 논산시 지역경제과,2046,2025-12-28
목곡5호 태양광발전소,,충청남도 논산시 가야곡면 목곡리 208-19,36.147897910,127.183198800,,정상가동,99.2,380,60,2015,발전사업용,2015-06-15,충청남도 논산시 지역경제과,1956,2025-12-28
목곡10호 태양광발전소,,충청남도 논산시 가야곡면 목곡리 208-15,36.148609710,127.183169200,,정상가동,99.2,380,60,2015,발전사업용,2015-06-15,충청남도 논산시 지역경제과,2573,2025-12-28
목곡9호 태양광발전소,,충청남도 논산시 가야곡면 목곡리 208-15,36.148609710,127.183169200,,정상가동,99.2,380,60,2015,발전사업용,2015-06-15,충청남도 논산시 지역경제과,2095,2025-12-28
목곡8호 태양광발전소,,충청남도 논산시 가야곡면 목곡리 208-16,36.148389771,127.183049000,,정상가동,99.2,380,60,2015,발전사업용,2015-06-15,충청남도 논산시 지역경제과,2042,2025-12-28
목곡7호 태양광발전소,,충청남도 논산시 가야곡면 목곡리 208-17,36.148212950,127.183086908,,정상가동,99.2,380,60,2015,발전사업용,2015-06-15,충청남도 논산시 지역경제과,2018,2025-12-28
목곡11호 태양광발전소,,충청남도 논산시 가야곡면 목곡리 217-10,36.147124970,127.184840300,,정상가동,99.2,380,60,2015,발전사업용,2015-06-15,충청남도 논산시 지역경제과,1719,2025-12-28
목곡14호 태양광발전소,,충청남도 논산시 가야곡면 목곡리 208-9,36.149257883,127.183296500,,정상가동,99.2,380,60,2015,발전사업용,2015-06-15,충청남도 논산시 지역경제과,1641,2025-12-28
목곡15호 태양광발전소,,충청남도 논산시 가야곡면 목곡리 217-13,36.146522290,127.185013200,,정상가동,99.2,380,60,2015,발전사업용,2015-06-15,충청남도 논산시 지역경제과,1486,2025-12-28
목곡16호 태양광발전소,,충청남도 논산시 가야곡면 목곡리 217-14,36.146324260,127.185048600,,정상가동,99.2,380,60,2015,발전사업용,2015-06-15,충청남도 논산시 지역경제과,1618,2025-12-28
목곡17호 태양광발전소,,충청남도 논산시 가야곡면 목곡리 217-15,36.146099860,127.185184200,,정상가동,99.2,380,60,2015,발전사업용,2015-06-15,충청남도 논산시 지역경제과,1760,2025-12-28
목곡2호 태양광발전소,,충청남도 논산시 가야곡면 목곡리 208-22,36.147424050,127.183598870,,정상가동,99.2,380,60,2015,발전사업용,2015-06-15,충청남도 논산시 지역경제과,2154,2025-12-28
목곡1호 태양광발전소,,충청남도 논산시 가야곡면 목곡리 208-23,36.147424050,127.183759300,,정상가동,99.2,380,60,2015,발전사업용,2015-06-15,충청남도 논산시 지역경제과,2968,2025-12-28
목곡12호 태양광발전소,,충청남도 논산시 가야곡면 목곡리 217-11,36.146917840,127.184864600,,정상가동,99.2,380,60,2015,발전사업용,2015-06-15,충청남도 논산시 지역경제과,1640,2025-12-28
목곡13호 태양광발전소,,충청남도 논산시 가야곡면 목곡리 217-12,36.146720330,127.184977800,,정상가동,99.2,380,60,2015,발전사업용,2015-06-15,충청남도 논산시 지역경제과,1493,2025-12-28
일진 태양광발전소,충청남도 논산시 연산면 청동로1길 66-47,충청남도 논산시 연산면 청동리 386-6,36.203889990,127.198720700,,정상가동,98.28,380,60,2015,발전사업용,2015-06-15,충청남도 논산시 지역경제과,1834,2025-12-28
대문3호 태양광발전소,,충청남도 논산시 상월면 지경리 558-3,36.309479370,127.148882100,,정상가동,99,380,60,2015,발전사업용,2015-06-17,충청남도 논산시 지역경제과,1377,2025-12-28
밝은 태양광발전소,,충청남도 논산시 상월면 지경리 558-6,36.309456670,127.148225400,,정상가동,99,380,60,2015,발전사업용,2015-06-17,충청남도 논산시 지역경제과,1192,2025-12-28
승리2호,,충청남도 논산시 상월면 지경리 558-5,36.309655330,127.148278900,,정상가동,99,380,60,2015,발전사업용,2015-06-17,충청남도 논산시 지역경제과,1176,2025-12-28
한결 태양광발전소,,충청남도 논산시 상월면 지경리 558-1,36.309935880,127.148442900,,정상가동,99,380,60,2015,발전사업용,2015-06-17,충청남도 논산시 지역경제과,1210,2025-12-28
삼성 태양광발전소,,충청남도 논산시 상월면 지경리 558-2,36.309678260,127.149021779,,정상가동,99,380,60,2015,발전사업용,2015-06-17,충청남도 논산시 지역경제과,1368,2025-12-28
맑은 태양광발전소,,충청남도 논산시 상월면 지경리 558-7,36.309212640,127.148096147,,정상가동,99,380,60,2015,발전사업용,2015-06-17,충청남도 논산시 지역경제과,1489,2025-12-28
주원 태양광발전소,충청남도 논산시 성동면 성동로352번길 112,충청남도 논산시 성동면 화정리 64-1,36.201868900,127.045774700,,정상가동,99,380,60,2015,발전사업용,2015-06-19,충청남도 논산시 지역경제과,630,2025-12-28
주식회사서부발전소,충청남도 논산시 성동면 금백로 508-5,충청남도 논산시 성동면 병촌리 478-2,36.193991660,127.009078100,,정상가동,376.96,22900,60,2015,발전사업용,2015-06-22,충청남도 논산시 지역경제과,3605,2025-12-28
성동원에너지,,충청남도 논산시 성동면 우곤리 760-1,36.193847580,126.998250300,,정상가동,400,380,60,2015,발전사업용,2015-07-01,충청남도 논산시 지역경제과,3099,2025-12-28
우곤원에너지,,충청남도 논산시 성동면 우곤리 760,36.193154077,126.998730073,,정상가동,350,380,60,2015,발전사업용,2015-07-01,충청남도 논산시 지역경제과,3099,2025-12-28
형제인아트 태양광발전소,충청남도 논산시 연산면 선비로646번길 65-54,충청남도 논산시 연산면 백석리 185-53,36.245702430,127.185811200,,정상가동,90.63,380,60,2015,발전사업용,2015-07-06,충청남도 논산시 지역경제과,600,2025-12-28
쏠라시즌,충청남도 논산시 성동면 금백로 590,충청남도 논산시 성동면 우곤리 163-4,36.196674170,127.004340900,,정상가동,99.45,380,60,2015,발전사업용,2015-07-09,충청남도 논산시 지역경제과,1510,2025-12-28
힐싸이드,충청남도 논산시 성동면 금백로 590,충청남도 논산시 성동면 우곤리 163-4,36.196674170,127.004340900,,정상가동,99.45,380,60,2015,발전사업용,2015-07-09,충청남도 논산시 지역경제과,1254,2025-12-28
PK에너지,,충청남도 논산시 성동면 우곤리 163-16,36.196841910,127.004449300,,정상가동,99.45,380,60,2015,발전사업용,2015-07-09,충청남도 논산시 지역경제과,1151,2025-12-28
케이엔쏠라,,충청남도 논산시 성동면 우곤리 163-17,36.196893860,127.004749600,,정상가동,99.45,380,60,2015,발전사업용,2015-07-09,충청남도 논산시 지역경제과,1190,2025-12-28
써니싸이드,,충청남도 논산시 성동면 우곤리 163-19,36.196535950,127.003784789,,정상가동,99.45,380,60,2015,발전사업용,2015-07-13,충청남도 논산시 지역경제과,1332,2025-12-28
선애 태양광발전소,,충청남도 논산시 상월면 대명리 265-2,36.306844512,127.176034444,,정상가동,99,380,60,2015,발전사업용,2015-07-15,충청남도 논산시 지역경제과,1432,2025-12-28
선학 태양광발전소,,충청남도 논산시 상월면 대명리 265-23,36.306667380,127.175925900,,정상가동,99,380,60,2015,발전사업용,2015-07-15,충청남도 논산시 지역경제과,1438,2025-12-28
가야고내 태양광,,충청남도 논산시 연무읍 고내리 721,36.082566230,127.107461800,,정상가동,250,380,60,2015,발전사업용,2015-07-17,충청남도 논산시 지역경제과,3942,2025-12-28
DS쏠라테크지구,,충청남도 논산시 연무읍 동산리 575-2,36.127696010,127.112762200,,정상가동,199.8,380,60,2015,발전사업용,2015-07-17,충청남도 논산시 지역경제과,3034,2025-12-28
DS쏠라테크,충청남도 논산시 연무읍 동안로950번길 62,충청남도 논산시 연무읍 동산리 580,36.128162350,127.113668000,,정상가동,199.8,380,60,2015,발전사업용,2015-07-17,충청남도 논산시 지역경제과,3831,2025-12-28
현주에너지,충청남도 논산시 광석면 논산평야로1119번길 76-47,충청남도 논산시 광석면 사월리 55-6,36.256294540,127.106472100,,정상가동,150,380,60,2015,발전사업용,2015-08-03,충청남도 논산시 지역경제과,1643,2025-12-28
우화에너지,,충청남도 논산시 광석면 사월리 55-16,36.256733710,127.106144400,,정상가동,200,380,60,2015,발전사업용,2015-08-03,충청남도 논산시 지역경제과,1643,2025-12-28
심곡에너지,,충청남도 논산시 광석면 사월리 55-17,36.256509250,127.106258200,,정상가동,200,380,60,2015,발전사업용,2015-08-03,충청남도 논산시 지역경제과,1644,2025-12-28
남서울온천에너지,,충청남도 논산시 광석면 사월리 55-18,36.256248570,127.106350200,,정상가동,200,380,60,2015,발전사업용,2015-08-03,충청남도 논산시 지역경제과,1643,2025-12-28
천일에너지,,충청남도 논산시 광석면 사월리 55-19,36.255961440,127.106520400,,정상가동,200,380,60,2015,발전사업용,2015-08-03,충청남도 논산시 지역경제과,1642,2025-12-28
평원원에너지,,충청남도 논산시 광석면 사월리 55-21,36.255395200,127.106654437,,정상가동,100,380,60,2015,발전사업용,2015-08-03,충청남도 논산시 지역경제과,947,2025-12-28
한솔에너지,,충청남도 논산시 광석면 사월리 55-20,36.255655870,127.106635200,,정상가동,200,380,60,2015,발전사업용,2015-08-03,충청남도 논산시 지역경제과,1643,2025-12-28
대광 태양광발전소,충청남도 논산시 연무읍 마봉로227번길 64-8,충청남도 논산시 연무읍 봉동리 1208-7,36.100465480,127.070655500,,정상가동,74.715,380,60,2015,발전사업용,2015-08-07,충청남도 논산시 지역경제과,614.88,2025-12-28
광석5호 태양광발전소,충청남도 논산시 광석면 노성로322번길 167,충청남도 논산시 광석면 율리 3-12,36.270200299,127.098990700,,정상가동,99.12,380,60,2015,발전사업용,2015-08-07,충청남도 논산시 지역경제과,548.1,2025-12-28
상도2태양광발전소,,충청남도 논산시 상월면 상도리 44-1,36.308348110,127.187050723,,정상가동,27,380,60,2015,발전사업용,2015-08-31,충청남도 논산시 지역경제과,423,2025-12-28
상도3태양광발전소,,충청남도 논산시 상월면 상도리 45,36.308599380,127.187133770,,정상가동,10.98,380,60,2015,발전사업용,2015-08-31,충청남도 논산시 지역경제과,313,2025-12-28
병국태양광발전소,충청남도 논산시 벌곡면 벌곡로179번길 18,충청남도 논산시 벌곡면 신양리 507-4,36.218034740,127.283351500,,정상가동,99,380,60,2015,발전사업용,2015-09-02,충청남도 논산시 지역경제과,554.4,2025-12-28
전진산업 태양광발전소,충청남도 논산시 광석면 논산평야로1119번길 70,충청남도 논산시 광석면 사월리 153-2,36.253586050,127.105835300,,정상가동,99.96,380,60,2015,발전사업용,2015-09-03,충청남도 논산시 지역경제과,585,2025-12-28
케이엠솔라이트,충청남도 논산시 성동면 원북1길 3,충청남도 논산시 성동면 원북리 561,36.232190620,127.039477800,,정상가동,99,380,60,2015,발전사업용,2015-09-11,충청남도 논산시 지역경제과,590.4,2025-12-28
딸기농장2태양광발전소,충청남도 논산시 광석면 논산평야로1119번길 123-24,충청남도 논산시 광석면 사월리 440-1,36.258125920,127.099500094,,정상가동,99.2,380,60,2015,발전사업용,2015-10-07,충청남도 논산시 지역경제과,571.84,2025-12-28
트레이드맨태양광발전소,충청남도 논산시 광석면 천동2길 40-33,충청남도 논산시 광석면 천동리 302-1,36.240186870,127.091769400,,정상가동,40,380,60,2015,발전사업용,2015-09-25,충청남도 논산시 지역경제과,226,2025-12-28
대명 태양광발전소,충청남도 논산시 상월면 대명길 37-17,충청남도 논산시 상월면 석종리 59-19,36.305156220,127.168526000,,정상가동,99.96,380,60,2015,발전사업용,2015-09-25,충청남도 논산시 지역경제과,585.48,2025-12-28
성호,충청남도 논산시 가야곡면 강청1길 8-55,충청남도 논산시 가야곡면 강청리 264-1,36.138394220,127.166841600,,정상가동,98.28,380,60,2015,발전사업용,2015-11-16,충청남도 논산시 지역경제과,1435,2025-12-28
신양 태양광발전소,충청남도 논산시 가야곡면 강청1길 8-53,충청남도 논산시 가야곡면 강청리 264-4,36.138241710,127.166943200,,정상가동,98.28,380,60,2015,발전사업용,2015-11-16,충청남도 논산시 지역경제과,1625,2025-12-28
강남에너지,,충청남도 논산시 노성면 하도리 334-4,36.247352140,127.133188200,,정상가동,50,380,60,2015,발전사업용,2015-12-18,충청남도 논산시 지역경제과,964,2025-12-28
유상 태양광2호,,충청남도 논산시 노성면 하도리 334-2,36.247692500,127.132895100,,정상가동,99,380,60,2015,발전사업용,2015-12-18,충청남도 논산시 지역경제과,1928,2025-12-28
천지인 태양광,,충청남도 논산시 노성면 하도리 334-3,36.247507471,127.133075300,,정상가동,50,380,60,2015,발전사업용,2015-12-18,충청남도 논산시 지역경제과,964,2025-12-28
칠색에너지 태양광2호,,충청남도 논산시 노성면 하도리 334,36.248091733,127.132677572,,정상가동,99,380,60,2015,발전사업용,2015-12-18,충청남도 논산시 지역경제과,1928,2025-12-28
왕덕리 태양광발전소,충청남도 논산시 부적면 부인길 19-257,충청남도 논산시 부적면 왕덕리 572-12,36.221433750,127.102786100,,정상가동,98.325,380,60,2015,발전사업용,2015-12-14,충청남도 논산시 지역경제과,477.48,2025-12-28
석종리 태양광발전소,충청남도 논산시 상월면 계룡산로 383-30,충청남도 논산시 상월면 석종리 598-5,36.317985850,127.170539400,,정상가동,99,380,60,2015,발전사업용,2015-12-29,충청남도 논산시 지역경제과,553.76,2025-12-28
삼영 태양광발전소2호,충청남도 논산시 은진면 매죽헌로 560,충청남도 논산시 은진면 시묘리 792,36.133468120,127.139295500,,정상가동,499.5,380,60,2016,발전사업용,2016-03-07,충청남도 논산시 지역경제과,6516.96,2025-12-28
미혜2 태양광발전소,충청남도 논산시 광석면 명재로200번길 74-2,충청남도 논산시 광석면 율리 66-13,36.266542940,127.095827400,,정상가동,99.705,380,60,2016,발전사업용,2016-03-28,충청남도 논산시 지역경제과,602,2025-12-28
성용 태양광발전소,충청남도 논산시 광석면 명재로200번길 74-6,충청남도 논산시 광석면 율리 66-4,36.266458980,127.095449652,,정상가동,99.705,380,60,2016,발전사업용,2016-03-28,충청남도 논산시 지역경제과,572,2025-12-28
OS 태양광발전소,충청남도 논산시 광석면 명재로200번길 74-7,충청남도 논산시 광석면 율리 66-15,36.266213480,127.095163500,,정상가동,99.705,380,60,2016,발전사업용,2016-03-28,충청남도 논산시 지역경제과,704,2025-12-28
무지개 태양광발전소,,충청남도 논산시 광석면 율리 64-11,36.266054550,127.095600901,,정상가동,99.705,380,60,2016,발전사업용,2016-03-28,충청남도 논산시 지역경제과,638,2025-12-28
한미 태양광발전소,충청남도 논산시 광석면 명재로200번길 76,충청남도 논산시 광석면 율리 66-5,36.266256080,127.096031000,,정상가동,99.705,380,60,2016,발전사업용,2016-03-28,충청남도 논산시 지역경제과,528,2025-12-28
지호 태양광발전소,충청남도 논산시 광석면 명재로200번길 82,충청남도 논산시 광석면 율리 66-8,36.265871270,127.096391600,,정상가동,99.705,380,60,2016,발전사업용,2016-03-28,충청남도 논산시 지역경제과,550,2025-12-28
원골1 태양광발전소,,충청남도 논산시 노성면 송당리 321,36.265716319,127.110263291,,정상가동,99.705,380,60,2016,발전사업용,2016-04-08,충청남도 논산시 지역경제과,1161,2025-12-28
원골2 태양광발전소,,충청남도 논산시 노성면 송당리 321-3,36.265515493,127.110273700,,정상가동,99.705,380,60,2016,발전사업용,2016-04-08,충청남도 논산시 지역경제과,830,2025-12-28
원골3 태양광발전소,,충청남도 논산시 노성면 송당리 321-4,36.265370280,127.110130500,,정상가동,99.705,380,60,2016,발전사업용,2016-04-08,충청남도 논산시 지역경제과,1142,2025-12-28
효 태양광,,충청남도 논산시 가야곡면 두월리 517,36.155403190,127.137571404,,정상가동,495,380,60,2016,발전사업용,2016-05-02,충청남도 논산시 지역경제과,6145,2025-12-28
뉴선옥 태양광발전소,,충청남도 논산시 노성면 병사리 489,36.271786560,127.098004100,,정상가동,99.2,380,60,2016,발전사업용,2016-05-18,충청남도 논산시 지역경제과,610.21,2025-12-28
뉴양호 태양광발전소,,충청남도 논산시 노성면 병사리 491-2,36.272185260,127.098288900,,정상가동,99.2,380,60,2016,발전사업용,2016-05-18,충청남도 논산시 지역경제과,610.21,2025-12-28
완주 태양광발전소,,충청남도 논산시 노성면 병사리 490,36.271995260,127.098191000,,정상가동,99.2,380,60,2016,발전사업용,2016-05-18,충청남도 논산시 지역경제과,610.21,2025-12-28
재명 태양광발전소,,충청남도 논산시 상월면 숙진리 92-31,36.254322560,127.155165900,,정상가동,99,380,60,2016,발전사업용,2016-06-13,충청남도 논산시 지역경제과,1371,2025-12-28
준 태양광발전소,,충청남도 논산시 상월면 숙진리 92-1,36.254153685,127.154623100,,정상가동,99,380,60,2016,발전사업용,2016-06-13,충청남도 논산시 지역경제과,1371,2025-12-28
동암 태양광발전소,,충청남도 논산시 상월면 숙진리 92-27,36.254021010,127.154579400,,정상가동,99,380,60,2016,발전사업용,2016-06-13,충청남도 논산시 지역경제과,1607,2025-12-28
자연 태양광발전소,,충청남도 논산시 상월면 숙진리 92-1,36.254153685,127.154623100,,정상가동,99,380,60,2016,발전사업용,2016-06-13,충청남도 논산시 지역경제과,1342,2025-12-28
푸른 태양광발전소,충청남도 논산시 성동면 성동로436번길 17-20,충청남도 논산시 성동면 정지리 480-11,36.208306820,127.049555600,,정상가동,95.76,380,60,2016,발전사업용,2016-06-13,충청남도 논산시 지역경제과,330,2025-12-28
우리 태양광발전소,,충청남도 논산시 부적면 부황리 121-22,36.213929340,127.153865874,,정상가동,400,380,60,2016,발전사업용,2016-07-06,충청남도 논산시 지역경제과,6737,2025-12-28
예담1호 태양광발전소,,충청남도 논산시 상월면 숙진리 257-17,36.250381881,127.150969484,,정상가동,98.28,380,60,2016,발전사업용,2016-07-05,충청남도 논산시 지역경제과,1883,2025-12-28
소초킹썬 에너지,,충청남도 논산시 상월면 숙진리 257-16,36.250770480,127.151176100,,정상가동,98.28,380,60,2016,발전사업용,2016-07-05,충청남도 논산시 지역경제과,1527,2025-12-28
해선 에너지,,충청남도 논산시 상월면 숙진리 257-15,36.250995770,127.151208656,,정상가동,98.28,380,60,2016,발전사업용,2016-07-05,충청남도 논산시 지역경제과,1587,2025-12-28
미래발전,,충청남도 논산시 상월면 숙진리 257-12,36.250532230,127.150548165,,정상가동,98.28,380,60,2016,발전사업용,2016-07-05,충청남도 논산시 지역경제과,1512,2025-12-28
미소 태양광발전소,,충청남도 논산시 상월면 숙진리 257-17,36.250381881,127.150969484,,정상가동,98.28,380,60,2016,발전사업용,2016-07-05,충청남도 논산시 지역경제과,1394,2025-12-28
우주 태양광발전소,,충청남도 논산시 상월면 숙진리 257-11,36.250878102,127.150206069,,정상가동,98.28,380,60,2016,발전사업용,2016-07-05,충청남도 논산시 지역경제과,1641,2025-12-28
지산 태양광발전소 1호기,충청남도 논산시 계백로 1206-5,충청남도 논산시 지산동 739-2,36.210192092,127.109208521,,정상가동,94.86,380,60,2016,발전사업용,2016-07-11,충청남도 논산시 지역경제과,4866,2025-12-28
지산 태양광발전소 2호기,충청남도 논산시 계백로 1206-7,충청남도 논산시 지산동 747,36.209563260,127.109905400,,정상가동,94.86,380,60,2016,발전사업용,2016-07-11,충청남도 논산시 지역경제과,6379,2025-12-28
멋진 태양광발전소,,충청남도 논산시 연무읍 금곡리 424-2,36.115183370,127.087121700,,정상가동,99.225,380,60,2016,발전사업용,2016-07-29,충청남도 논산시 지역경제과,1500,2025-12-28
최고 태양광발전소,,충청남도 논산시 연무읍 금곡리 424-2,36.115183370,127.087121700,,정상가동,99.225,380,60,2016,발전사업용,2016-07-29,충청남도 논산시 지역경제과,1500,2025-12-28
신바람 태양광발전소,,충청남도 논산시 부적면 신교리 162-4,36.194237070,127.151496600,,정상가동,496.125,380,60,2016,발전사업용,2016-08-18,충청남도 논산시 지역경제과,6881,2025-12-28
신교1호 태양광발전소,,충청남도 논산시 부적면 신교리 39-4,36.195264931,127.152390607,,정상가동,496.125,380,60,2016,발전사업용,2016-08-18,충청남도 논산시 지역경제과,7226.8,2025-12-28
신교3호 태양광발전소,,충청남도 논산시 부적면 신교리 165-3,36.195150220,127.150630600,,정상가동,496.125,380,60,2016,발전사업용,2016-08-18,충청남도 논산시 지역경제과,6639,2025-12-28
신교9호 태양광발전소,,충청남도 논산시 부적면 신교리 42-48,36.194651949,127.152206913,,정상가동,49.28,380,60,2016,발전사업용,2016-08-18,충청남도 논산시 지역경제과,800,2025-12-28
신교5호 태양광발전소,,충청남도 논산시 부적면 신교리 41-8,36.194746340,127.150868400,,정상가동,98.56,380,60,2016,발전사업용,2016-08-18,충청남도 논산시 지역경제과,1967,2025-12-28
신교4호 태양광발전소,,충청남도 논산시 부적면 신교리 41-7,36.195071630,127.150987200,,정상가동,496.125,380,60,2016,발전사업용,2016-08-18,충청남도 논산시 지역경제과,3335,2025-12-28
한성1호 태양광발전소,,충청남도 논산시 가야곡면 두월리 88,36.159100924,127.147715175,,정상가동,495,380,60,2016,발전사업용,2016-08-18,충청남도 논산시 지역경제과,3211,2025-12-28
신교2호 태양광발전소,,충청남도 논산시 부적면 신교리 42-59,36.194571491,127.152759600,,정상가동,99.225,380,60,2016,발전사업용,2016-08-26,충청남도 논산시 지역경제과,1175,2025-12-28
신교6호 태양광발전소,,충청남도 논산시 부적면 신교리 165-16,36.195296850,127.150973700,,정상가동,98.56,380,60,2016,발전사업용,2016-08-26,충청남도 논산시 지역경제과,1214,2025-12-28
신교7호 태양광발전소,충청남도 논산시 부적면 예학로2길 46-12,충청남도 논산시 부적면 신교리 41-4,36.194633670,127.151503400,,정상가동,98.56,380,60,2016,발전사업용,2016-08-26,충청남도 논산시 지역경제과,1455,2025-12-28
신교8호 태양광발전소,충청남도 논산시 부적면 예학로2길 44,충청남도 논산시 부적면 신교리 41-11,36.194871600,127.152012400,,정상가동,98.56,380,60,2016,발전사업용,2016-08-26,충청남도 논산시 지역경제과,1109,2025-12-28
오로라 태양광발전소,,충청남도 논산시 노성면 하도리 363-7,36.250833980,127.132359800,,정상가동,99,380,60,2016,발전사업용,2016-08-29,충청남도 논산시 지역경제과,1650,2025-12-28
대우 태양광발전소,,충청남도 논산시 노성면 하도리 363-8,36.250511723,127.132074200,,정상가동,99,380,60,2016,발전사업용,2016-08-29,충청남도 논산시 지역경제과,1650,2025-12-28
아산시스템,,충청남도 논산시 상월면 대명리 266-117,36.306502750,127.179513000,,정상가동,98.28,380,60,2016,발전사업용,2016-10-04,충청남도 논산시 지역경제과,1646,2025-12-28
DH 태양광발전소,,충청남도 논산시 상월면 대명리 266-116,36.306710250,127.179544300,,정상가동,98.28,380,60,2016,발전사업용,2016-10-04,충청남도 논산시 지역경제과,1601,2025-12-28
가연에너지,,충청남도 논산시 상월면 대명리 266-115,36.306874750,127.179876600,,정상가동,98.28,380,60,2016,발전사업용,2016-10-04,충청남도 논산시 지역경제과,1575,2025-12-28
신한EPSS,,충청남도 논산시 상월면 대명리 266-75,36.307016475,127.180014700,,정상가동,98.28,380,60,2016,발전사업용,2016-10-04,충청남도 논산시 지역경제과,1588,2025-12-28
대명1호 태양광,,충청남도 논산시 상월면 대명리 266-122,36.305416885,127.179658200,,정상가동,98.28,380,60,2016,발전사업용,2016-10-04,충청남도 논산시 지역경제과,1605,2025-12-28
영숙 태양광,,충청남도 논산시 상월면 대명리 266-110,36.306196270,127.179505100,,정상가동,98.28,380,60,2016,발전사업용,2016-10-10,충청남도 논산시 지역경제과,1530,2025-12-28
윤희 태양광2호,,충청남도 논산시 상월면 대명리 266-121,36.305836180,127.179564500,,정상가동,98.28,380,60,2016,발전사업용,2016-10-10,충청남도 논산시 지역경제과,1485,2025-12-28
명성 태양광발전소,,충청남도 논산시 상월면 대명리 266-114,36.306643190,127.180279900,,정상가동,196.56,380,60,2016,발전사업용,2016-10-10,충청남도 논산시 지역경제과,3209,2025-12-28
삼산2리마을회 태양광발전소,충청남도 논산시 성동면 성동로238번길 34-2,충청남도 논산시 성동면 삼산리 245-3,36.197771360,127.031558300,,정상가동,19.84,380,60,2016,발전사업용,2016-10-17,충청남도 논산시 지역경제과,80,2025-12-28
한민 태양광발전소,,충청남도 논산시 가야곡면 등리 408-2,36.153702068,127.163659521,,정상가동,99,380,60,2016,발전사업용,2016-11-22,충청남도 논산시 지역경제과,1182,2025-12-28
윤자 태양광발전소,,충청남도 논산시 가야곡면 등리 408-2,36.153702068,127.163659521,,정상가동,99,380,60,2016,발전사업용,2016-11-22,충청남도 논산시 지역경제과,1182,2025-12-28
완호 태양광발전소,,충청남도 논산시 가야곡면 등리 408-2,36.153702068,127.163659521,,정상가동,198,380,60,2016,발전사업용,2016-11-22,충청남도 논산시 지역경제과,1182,2025-12-28
티엠에너지,,충청남도 논산시 노성면 읍내리 487-6,36.262134920,127.118680500,,정상가동,99.2,380,60,2016,발전사업용,2016-11-23,충청남도 논산시 지역경제과,1527,2025-12-28
티엘에너지,,충청남도 논산시 노성면 읍내리 487-5,36.262287380,127.118578600,,정상가동,99.2,380,60,2016,발전사업용,2016-11-23,충청남도 논산시 지역경제과,1119,2025-12-28
티아이에너지,,충청남도 논산시 노성면 읍내리 487-10,36.262458840,127.119834200,,정상가동,99.2,380,60,2016,발전사업용,2016-11-23,충청남도 논산시 지역경제과,1474,2025-12-28
티지에너지,,충청남도 논산시 노성면 읍내리 487-9,36.262447620,127.119533800,,정상가동,99.2,380,60,2016,발전사업용,2016-11-23,충청남도 논산시 지역경제과,1365,2025-12-28
티이에너지,,충청남도 논산시 노성면 읍내리 487-8,36.262445820,127.119289000,,정상가동,99.2,380,60,2016,발전사업용,2016-11-23,충청남도 논산시 지역경제과,1337,2025-12-28
티시에너지,,충청남도 논산시 노성면 읍내리 487-7,36.262470970,127.119032800,,정상가동,99.2,380,60,2016,발전사업용,2016-11-23,충청남도 논산시 지역경제과,1335,2025-12-28
티비에너지,,충청남도 논산시 노성면 읍내리 487-4,36.262525237,127.118710300,,정상가동,99.2,380,60,2016,발전사업용,2016-11-23,충청남도 논산시 지역경제과,1281,2025-12-28
티에이에너지,,충청남도 논산시 노성면 읍내리 487-3,36.262429030,127.118168600,,정상가동,99.2,380,60,2016,발전사업용,2016-11-23,충청남도 논산시 지역경제과,1309,2025-12-28
티원에너지,,충청남도 논산시 노성면 읍내리 487,36.262412390,127.117666145,,정상가동,99.2,380,60,2016,발전사업용,2016-11-23,충청남도 논산시 지역경제과,1533,2025-12-28
지호 태양광발전소,,충청남도 논산시 가야곡면 등리 408-2,36.153702068,127.163659521,,정상가동,99,380,60,2016,발전사업용,2016-11-30,충청남도 논산시 지역경제과,1182,2025-12-28
광리2호 태양광발전소,,충청남도 논산시 은진면 용산리 164-2,36.169247190,127.120509100,,정상가동,296.4,380,60,2016,발전사업용,2016-11-30,충청남도 논산시 지역경제과,3160,2025-12-28
비전 태양광발전소,,충청남도 논산시 가야곡면 등리 407-5,36.154251398,127.164941100,,정상가동,98.28,380,60,2016,발전사업용,2016-11-30,충청남도 논산시 지역경제과,1182,2025-12-28
청강 태양광발전소,,충청남도 논산시 가야곡면 등리 407-5,36.154251398,127.164941100,,정상가동,98.28,380,60,2016,발전사업용,2016-11-30,충청남도 논산시 지역경제과,1182,2025-12-28
정일 태양광발전소,,충청남도 논산시 상월면 대명리 266-107,36.307735290,127.180513400,,정상가동,225.33,380,60,2016,발전사업용,2016-11-30,충청남도 논산시 지역경제과,4066,2025-12-28
대명 태양광발전소,충청남도 논산시 은진면 연은로134번길 33-2,충청남도 논산시 은진면 토양리 491,36.148246180,127.090084200,,정상가동,50,380,60,2016,발전사업용,2016-12-28,충청남도 논산시 지역경제과,312.96,2025-12-28
지훈1 태양광발전소,충청남도 논산시 광석면 논산평야로 1095,충청남도 논산시 광석면 사월리 14-2,36.249690990,127.109239900,,정상가동,96.48,380,60,2017,발전사업용,2017-02-15,충청남도 논산시 지역경제과,574.27,2025-12-28
YS 태양광발전소,,충청남도 논산시 노성면 장구리 8-8,36.274042228,127.086675164,,정상가동,98.49,380,60,2016,발전사업용,2016-12-28,충청남도 논산시 지역경제과,1299,2025-12-28
백야 태양광발전소,,충청남도 논산시 노성면 장구리 8-28,36.274344600,127.087077454,,정상가동,98.49,380,60,2016,발전사업용,2016-12-28,충청남도 논산시 지역경제과,1299,2025-12-28
김봄 태양광발전소,충청남도 논산시 노성면 장마루로516번길 173-28,충청남도 논산시 노성면 장구리 8-29,36.274164540,127.087204289,,정상가동,98.49,380,60,2016,발전사업용,2016-12-28,충청남도 논산시 지역경제과,1299,2025-12-28
위로 태양광발전소,,충청남도 논산시 노성면 장구리 8-15,36.274592335,127.087744500,,정상가동,98.49,380,60,2016,발전사업용,2016-12-28,충청남도 논산시 지역경제과,1458,2025-12-28
지희 태양광발전소,,충청남도 논산시 노성면 장구리 8-30,36.274413795,127.087823400,,정상가동,98.49,380,60,2016,발전사업용,2016-12-28,충청남도 논산시 지역경제과,1458,2025-12-28
신교12호 태양광발전소,,충청남도 논산시 부적면 신교리 51-10,36.193703931,127.150935705,,정상가동,497.14,380,60,2016,발전사업용,2016-12-28,충청남도 논산시 지역경제과,5880.1,2025-12-28
신교15호 태양광발전소,,충청남도 논산시 부적면 신교리 156-2,36.194012750,127.150364900,,정상가동,497.14,380,60,2016,발전사업용,2016-12-28,충청남도 논산시 지역경제과,6948.7,2025-12-28
신교16호 태양광발전소,,충청남도 논산시 부적면 신교리 157-3,36.194596080,127.150013900,,정상가동,286.09,380,60,2016,발전사업용,2016-12-28,충청남도 논산시 지역경제과,4345.4,2025-12-28
일강2 태양광발전소,충청남도 논산시 부적면 마구평5길 57-1,충청남도 논산시 부적면 마구평리 202-6,36.221681640,127.122882100,,정상가동,28.14,380,60,2016,발전사업용,2016-12-28,충청남도 논산시 지역경제과,226,2025-12-28
벌곡 태양광발전소,,충청남도 논산시 벌곡면 검천리 323,36.174421310,127.262128818,,정상가동,297,380,60,2016,발전사업용,2016-12-28,충청남도 논산시 지역경제과,3972,2025-12-28
지훈 태양광발전소,충청남도 논산시 광석면 논산평야로 1095,충청남도 논산시 광석면 사월리 14-2,36.249690990,127.109239900,,정상가동,494.46,380,60,2017,발전사업용,2017-02-15,충청남도 논산시 지역경제과,2943.14,2025-12-28
신교13호 태양광발전소,,충청남도 논산시 부적면 신교리 156-13,36.193856717,127.150565500,,정상가동,101.43,380,60,2017,발전사업용,2017-02-15,충청남도 논산시 지역경제과,1048.5,2025-12-28
신교17호 태양광발전소,,충청남도 논산시 부적면 신교리 156-9,36.194346430,127.150161316,,정상가동,101.43,380,60,2017,발전사업용,2017-02-15,충청남도 논산시 지역경제과,1239.1,2025-12-28
신교18호 태양광발전소,,충청남도 논산시 부적면 신교리 156-10,36.194311640,127.150703434,,정상가동,101.43,380,60,2017,발전사업용,2017-02-15,충청남도 논산시 지역경제과,1091.9,2025-12-28
신교14호 태양광발전소,,충청남도 논산시 부적면 신교리 156-12,36.193802714,127.150403904,,정상가동,101.43,380,60,2017,발전사업용,2017-02-15,충청남도 논산시 지역경제과,1155.1,2025-12-28
에스에이치(SH) 발전소,,충청남도 논산시 가야곡면 육곡리 1-1,36.132347696,127.169603644,,정상가동,99.495,380,60,2017,발전사업용,2017-02-15,충청남도 논산시 지역경제과,566,2025-12-28
웅곡2호 태양광발전소,,충청남도 논산시 노성면 읍내리 477,36.263737584,127.121904459,,정상가동,97.92,380,60,2017,발전사업용,2017-02-15,충청남도 논산시 지역경제과,574.27,2025-12-28
우일 태양광발전소,,충청남도 논산시 노성면 읍내리 477,36.263737584,127.121904459,,정상가동,97.92,380,60,2017,발전사업용,2017-02-15,충청남도 논산시 지역경제과,574.27,2025-12-28
신교19호 태양광발전소,,충청남도 논산시 부적면 신교리 51-3,36.193840937,127.151580100,,정상가동,295.47,380,60,2017,발전사업용,2017-02-15,충청남도 논산시 지역경제과,3508.3,2025-12-28
평생감사 태양광발전소,,충청남도 논산시 부적면 신교리 51-12,36.193472630,127.151576273,,정상가동,101.43,380,60,2017,발전사업용,2017-02-15,충청남도 논산시 지역경제과,1103.4,2025-12-28
신교11호 태양광발전소,,충청남도 논산시 부적면 신교리 51-13,36.193328590,127.151751000,,정상가동,51.59,380,60,2017,발전사업용,2017-02-15,충청남도 논산시 지역경제과,1035,2025-12-28
안산농원 태양광발전소,충청남도 논산시 광석면 논산평야로1119번길 100,충청남도 논산시 광석면 사월리 148-4,36.255916040,127.104061700,,정상가동,96.9,380,60,2017,발전사업용,2017-02-15,충청남도 논산시 지역경제과,585.48,2025-12-28
아림1호 태양광발전소,,충청남도 논산시 노성면 장구리 8-9,36.275717520,127.086316600,,정상가동,97.92,380,60,2017,발전사업용,2017-02-24,충청남도 논산시 지역경제과,574.27,2025-12-28
삼보 태양광발전소,,충청남도 논산시 노성면 장구리 8-9,36.275717520,127.086316600,,정상가동,97.92,380,60,2017,발전사업용,2017-02-24,충청남도 논산시 지역경제과,574.27,2025-12-28
아라 태양광발전소,,충청남도 논산시 노성면 장구리 8-9,36.275717520,127.086316600,,정상가동,97.92,380,60,2017,발전사업용,2017-02-24,충청남도 논산시 지역경제과,574.27,2025-12-28
연산 태양광발전소,,충청남도 논산시 노성면 장구리 8-45,36.275266081,127.086201570,,정상가동,97.92,380,60,2017,발전사업용,2017-02-24,충청남도 논산시 지역경제과,574.27,2025-12-28
광윤 태양광발전소,,충청남도 논산시 노성면 장구리 8-9,36.275717520,127.086316600,,정상가동,97.92,380,60,2017,발전사업용,2017-02-24,충청남도 논산시 지역경제과,574.27,2025-12-28
대화 태양광발전소,,충청남도 논산시 노성면 장구리 8-40,36.275837220,127.086476111,,정상가동,97.92,380,60,2017,발전사업용,2017-02-24,충청남도 논산시 지역경제과,574.27,2025-12-28
홍익세상 태양광발전소,,충청남도 논산시 노성면 장구리 8-9,36.275717520,127.086316600,,정상가동,97.92,380,60,2017,발전사업용,2017-02-24,충청남도 논산시 지역경제과,574.27,2025-12-28
㈜알루텍 논산공장 태양광발전소,충청남도 논산시 연무읍 원앙로503번길 127-32,충청남도 논산시 연무읍 양지리 625,36.122899050,127.143465400,,정상가동,498.96,380,60,2017,발전사업용,2017-03-07,충청남도 논산시 지역경제과,4968.05,2025-12-28
반석 태양광발전소,충청남도 논산시 연무읍 감바위로 4,충청남도 논산시 연무읍 동산리 20-15,36.124264710,127.130341900,,정상가동,15.6,220,60,2017,발전사업용,2017-03-24,충청남도 논산시 지역경제과,98.4,2025-12-28
가야곡면1호 태양광발전소,,충청남도 논산시 가야곡면 등리 48-6,36.149006100,127.176553100,,정상가동,97.92,380,60,2017,발전사업용,2017-03-24,충청남도 논산시 지역경제과,1312,2025-12-28
가야곡면2호 태양광발전소,,충청남도 논산시 가야곡면 등리 48-5,36.149157320,127.176262600,,정상가동,97.92,380,60,2017,발전사업용,2017-03-24,충청남도 논산시 지역경제과,1055,2025-12-28
가야곡면3호 태양광발전소,충청남도 논산시 가야곡면 덕은로 248-21,충청남도 논산시 가야곡면 등리 66-1,36.148291400,127.176160500,,정상가동,97.92,380,60,2017,발전사업용,2017-03-24,충청남도 논산시 지역경제과,1142,2025-12-28
가야곡면4호 태양광발전소,충청남도 논산시 가야곡면 덕은로 248-21,충청남도 논산시 가야곡면 등리 66-1,36.148291400,127.176160500,,정상가동,97.92,380,60,2017,발전사업용,2017-03-24,충청남도 논산시 지역경제과,1263,2025-12-28
가야곡면5호 태양광발전소,충청남도 논산시 가야곡면 덕은로 248-21,충청남도 논산시 가야곡면 등리 66-1,36.148291400,127.176160500,,정상가동,97.92,380,60,2017,발전사업용,2017-03-24,충청남도 논산시 지역경제과,1317,2025-12-28
가야곡면6호 태양광발전소,충청남도 논산시 가야곡면 덕은로 248-21,충청남도 논산시 가야곡면 등리 66-1,36.148291400,127.176160500,,정상가동,97.92,380,60,2017,발전사업용,2017-03-24,충청남도 논산시 지역경제과,1647,2025-12-28
가야곡면7호 태양광발전소,충청남도 논산시 가야곡면 덕은로 248-21,충청남도 논산시 가야곡면 등리 66-1,36.148291400,127.176160500,,정상가동,97.92,380,60,2017,발전사업용,2017-03-24,충청남도 논산시 지역경제과,1478,2025-12-28
여진2호 태양광발전소,,충청남도 논산시 가야곡면 등리 48-1,36.149455250,127.176401811,,정상가동,97.92,380,60,2017,발전사업용,2017-03-24,충청남도 논산시 지역경제과,1520,2025-12-28
숙진1호 태양광발전소,,충청남도 논산시 상월면 숙진리 116-20,36.251647871,127.152636417,,정상가동,97.92,380,60,2017,발전사업용,2017-03-24,충청남도 논산시 지역경제과,574.27,2025-12-28
행복1호 태양광발전소,,충청남도 논산시 상월면 숙진리 116-20,36.251647871,127.152636417,,정상가동,97.92,380,60,2017,발전사업용,2017-03-24,충청남도 논산시 지역경제과,574.27,2025-12-28
행복2호 태양광발전소,,충청남도 논산시 상월면 숙진리 116-20,36.251647871,127.152636417,,정상가동,97.92,380,60,2017,발전사업용,2017-03-24,충청남도 논산시 지역경제과,574.27,2025-12-28
썬샤인 에너지,,충청남도 논산시 취암동 70-12,36.190779500,127.102434900,,정상가동,29.16,380,60,2018,발전사업용,2018-03-19,충청남도 논산시 지역경제과,211.53,2025-12-28
삼성 태양광발전소,,충청남도 논산시 노성면 호암리 511-7,36.296774424,127.089418293,,정상가동,97.92,380,60,2018,발전사업용,2018-03-21,충청남도 논산시 지역경제과,1164,2025-12-28
민영 태양광발전소,,충청남도 논산시 노성면 호암리 511-20,36.296289160,127.089383700,,정상가동,97.92,380,60,2018,발전사업용,2018-03-21,충청남도 논산시 지역경제과,1010,2025-12-28
이솜 태양광발전소,,충청남도 논산시 노성면 호암리 511-19,36.296424590,127.089415500,,정상가동,97.92,380,60,2018,발전사업용,2018-03-21,충청남도 논산시 지역경제과,954,2025-12-28
현 태양광발전소,,충청남도 논산시 노성면 호암리 511-34,36.295578600,127.089570100,,정상가동,97.92,380,60,2018,발전사업용,2018-03-21,충청남도 논산시 지역경제과,981,2025-12-28
광진 태양광발전소,,충청남도 논산시 노성면 호암리 516-10,36.295865790,127.089410900,,정상가동,97.92,380,60,2018,발전사업용,2018-03-21,충청남도 논산시 지역경제과,916,2025-12-28
소연 태양광발전소,,충청남도 논산시 노성면 호암리 516-11,36.295712160,127.089357000,,정상가동,97.92,380,60,2018,발전사업용,2018-03-21,충청남도 논산시 지역경제과,871,2025-12-28
청계 태양광발전소,,충청남도 논산시 노성면 호암리 516-9,36.296037260,127.089442300,,정상가동,97.92,380,60,2018,발전사업용,2018-03-21,충청남도 논산시 지역경제과,828,2025-12-28
영아 태양광발전소,,충청남도 논산시 노성면 호암리 511-22,36.296716180,127.089835200,,정상가동,97.92,380,60,2018,발전사업용,2018-03-21,충청남도 논산시 지역경제과,1021,2025-12-28
민 태양광발전소,,충청남도 논산시 노성면 호암리 511-31,36.295626700,127.089970300,,정상가동,97.92,380,60,2018,발전사업용,2018-03-21,충청남도 논산시 지역경제과,913,2025-12-28
황금 태양광발전소,,충청남도 논산시 노성면 호암리 516-8,36.295290820,127.089551202,,정상가동,97.92,380,60,2018,발전사업용,2018-03-21,충청남도 논산시 지역경제과,926,2025-12-28
남양 태양광발전소,,충청남도 논산시 노성면 호암리 511-32,36.295480091,127.090049600,,정상가동,97.92,380,60,2018,발전사업용,2018-03-21,충청남도 논산시 지역경제과,935,2025-12-28
무한 태양광발전소,,충청남도 논산시 노성면 호암리 511-23,36.296522196,127.089896682,,정상가동,97.92,380,60,2018,발전사업용,2018-03-21,충청남도 논산시 지역경제과,931,2025-12-28
일규 태양광발전소,,충청남도 논산시 노성면 호암리 511-24,36.296357740,127.090106600,,정상가동,97.92,380,60,2018,발전사업용,2018-03-21,충청남도 논산시 지역경제과,1309,2025-12-28
기록 태양광발전소,,충청남도 논산시 노성면 호암리 511-25,36.296178464,127.089843443,,정상가동,195.84,380,60,2018,발전사업용,2018-03-21,충청남도 논산시 지역경제과,1699,2025-12-28
우신1 태양광발전소,,충청남도 논산시 노성면 호암리 511-26,36.296076940,127.089920600,,정상가동,97.92,380,60,2018,발전사업용,2018-03-21,충청남도 논산시 지역경제과,868,2025-12-28
우신2 태양광발전소,,충청남도 논산시 노성면 호암리 511-28,36.295917530,127.090289800,,정상가동,97.92,380,60,2018,발전사업용,2018-03-21,충청남도 논산시 지역경제과,893,2025-12-28
우신3 태양광발전소,,충청남도 논산시 노성면 호암리 511-18,36.296595550,127.089380200,,정상가동,97.92,380,60,2018,발전사업용,2018-03-21,충청남도 논산시 지역경제과,992,2025-12-28
자향 태양광발전소,,충청남도 논산시 노성면 호암리 511-29,36.295772330,127.090209917,,정상가동,97.92,380,60,2018,발전사업용,2018-03-21,충청남도 논산시 지역경제과,932,2025-12-28
SKB1호 태양광발전소,,충청남도 논산시 성동면 우곤리 41-7,36.200822030,127.008947700,,정상가동,97.2,380,60,2018,발전사업용,2018-03-23,충청남도 논산시 지역경제과,1329,2025-12-28
예강 태양광발전소,,충청남도 논산시 성동면 우곤리 42-3,36.200443128,127.009543100,,정상가동,97.2,380,60,2018,발전사업용,2018-03-23,충청남도 논산시 지역경제과,1547,2025-12-28
원준 태양광발전소,,충청남도 논산시 성동면 우곤리 42-10,36.200232970,127.009644500,,정상가동,97.2,380,60,2018,발전사업용,2018-03-23,충청남도 논산시 지역경제과,1547,2025-12-28
재우 태양광발전소,,충청남도 논산시 성동면 우곤리 41-2,36.200634810,127.009310997,,정상가동,27,380,60,2018,발전사업용,2018-03-23,충청남도 논산시 지역경제과,375,2025-12-28
현철 태양광발전소,,충청남도 논산시 성동면 우곤리 41-2,36.200634810,127.009310997,,정상가동,27,380,60,2018,발전사업용,2018-03-23,충청남도 논산시 지역경제과,375,2025-12-28
규하 태양광발전소,,충청남도 논산시 광석면 산동리 133-5,36.218301390,127.090164600,,정상가동,200.16,380,60,2018,발전사업용,2018-03-23,충청남도 논산시 지역경제과,2013,2025-12-28
혜광1 태양광발전소,,충청남도 논산시 광석면 사월리 281-12,36.255102974,127.092026000,,정상가동,98.55,380,60,2018,발전사업용,2018-03-26,충청남도 논산시 지역경제과,2133,2025-12-28
영광 태양광발전소,,충청남도 논산시 광석면 사월리 281-17,36.254489297,127.092438300,,정상가동,98.55,380,60,2018,발전사업용,2018-03-26,충청남도 논산시 지역경제과,1549,2025-12-28
장수1 태양광발전소,,충청남도 논산시 광석면 사월리 281-16,36.254597129,127.092047900,,정상가동,98.55,380,60,2018,발전사업용,2018-03-26,충청남도 논산시 지역경제과,1348,2025-12-28
서진 태양광발전소,,충청남도 논산시 광석면 사월리 281-20,36.254285000,127.092118400,,정상가동,98.55,380,60,2018,발전사업용,2018-03-26,충청남도 논산시 지역경제과,1357,2025-12-28
무주안성 태양광발전소,,충청남도 논산시 광석면 사월리 281-15,36.254725400,127.091957500,,정상가동,98.55,380,60,2018,발전사업용,2018-03-26,충청남도 논산시 지역경제과,1400,2025-12-28
운현 태양광발전소,,충청남도 논산시 광석면 사월리 281-14,36.254842210,127.091888757,,정상가동,98.55,380,60,2018,발전사업용,2018-03-26,충청남도 논산시 지역경제과,1345,2025-12-28
신광 태양광발전소,,충청남도 논산시 광석면 사월리 281-21,36.254207332,127.092648642,,정상가동,98.55,380,60,2018,발전사업용,2018-03-26,충청남도 논산시 지역경제과,1387,2025-12-28
성화3 태양광발전소,,충청남도 논산시 광석면 사월리 281-22,36.254050950,127.092083715,,정상가동,98.55,380,60,2018,발전사업용,2018-03-26,충청남도 논산시 지역경제과,1683,2025-12-28
아름1 태양광발전소,,충청남도 논산시 광석면 사월리 281-18,36.254446960,127.092107406,,정상가동,98.55,380,60,2018,발전사업용,2018-03-26,충청남도 논산시 지역경제과,1355,2025-12-28
사월 태양광발전소,,충청남도 논산시 광석면 사월리 281-19,36.254409289,127.092630185,,정상가동,98.55,380,60,2018,발전사업용,2018-03-26,충청남도 논산시 지역경제과,1375,2025-12-28
황금 태양광발전소,,충청남도 논산시 광석면 항월리 327-3,36.252133840,127.118711983,,정상가동,98.55,380,60,2018,발전사업용,2018-03-27,충청남도 논산시 지역경제과,1358,2025-12-28
금빛 태양광발전소,,충청남도 논산시 광석면 항월리 327-3,36.252133840,127.118711983,,정상가동,98.55,380,60,2018,발전사업용,2018-03-27,충청남도 논산시 지역경제과,1384,2025-12-28
우주 태양광발전소,,충청남도 논산시 광석면 항월리 327-3,36.252133840,127.118711983,,정상가동,98.55,380,60,2018,발전사업용,2018-03-27,충청남도 논산시 지역경제과,1457,2025-12-28
누리 태양광발전소,,충청남도 논산시 광석면 항월리 327-3,36.252133840,127.118711983,,정상가동,98.55,380,60,2018,발전사업용,2018-03-27,충청남도 논산시 지역경제과,1413,2025-12-28
하늘빛 태양광발전소,,충청남도 논산시 광석면 항월리 327-3,36.252133840,127.118711983,,정상가동,98.55,380,60,2018,발전사업용,2018-03-27,충청남도 논산시 지역경제과,1335,2025-12-28
도원 태양광발전소,,충청남도 논산시 은진면 방축리 446,36.161175440,127.084844700,,정상가동,98.55,380,60,2018,발전사업용,2018-03-27,충청남도 논산시 지역경제과,585,2025-12-28
광명 햇빛발전소,,충청남도 논산시 노성면 하도리 461-1,36.260235119,127.132815837,,정상가동,299.88,22900,60,2018,발전사업용,2018-04-03,충청남도 논산시 지역경제과,4500,2025-12-28
햇살 태양광,충청남도 논산시 노성면 노성로322번길 114,충청남도 논산시 노성면 병사리 316-54,36.273962690,127.102153000,,정상가동,496.8,380,60,2018,발전사업용,2018-04-03,충청남도 논산시 지역경제과,7060,2025-12-28
부니솔라텍,충청남도 논산시 노성면 노성로322번길 114-1,충청남도 논산시 노성면 병사리 316-53,36.274289950,127.101325600,,정상가동,496.8,380,60,2018,발전사업용,2018-04-03,충청남도 논산시 지역경제과,6470,2025-12-28
자야솔라텍,충청남도 논산시 노성면 노성로322번길 114-2,충청남도 논산시 노성면 병사리 316-17,36.274415110,127.101190600,,정상가동,496.8,380,60,2018,발전사업용,2018-04-03,충청남도 논산시 지역경제과,6890,2025-12-28
광진 태양광발전소,충청남도 논산시 연무읍 안심로203번길 26,충청남도 논산시 연무읍 안심리 1122-4,36.138922510,127.097825000,,정상가동,63.36,380,60,2018,발전사업용,2018-04-05,충청남도 논산시 지역경제과,452,2025-12-28
반석2호 태양광발전소,,충청남도 논산시 노성면 두사리 9-9,36.253083020,127.120673600,,정상가동,98.55,380,60,2018,발전사업용,2018-04-05,충청남도 논산시 지역경제과,1425,2025-12-28
두사16호 태양광발전소,,충청남도 논산시 노성면 두사리 9-10,36.253139710,127.121029000,,정상가동,98.55,380,60,2018,발전사업용,2018-04-05,충청남도 논산시 지역경제과,1402,2025-12-28
준모 태양광발전소,,충청남도 논산시 노성면 두사리 9-1,36.252759003,127.119628758,,정상가동,98.55,380,60,2018,발전사업용,2018-04-05,충청남도 논산시 지역경제과,1500,2025-12-28
선주 태양광발전소,,충청남도 논산시 노성면 두사리 9-1,36.252759003,127.119628758,,정상가동,98.55,380,60,2018,발전사업용,2018-04-05,충청남도 논산시 지역경제과,1568,2025-12-28
신교29호 태양광발전소,충청남도 논산시 부적면 예학로2길 62,충청남도 논산시 부적면 신교리 49-1,36.193763940,127.153414100,,정상가동,51.59,380,60,2018,발전사업용,2018-04-05,충청남도 논산시 지역경제과,1196,2025-12-28
식이 태양광발전소,충청남도 논산시 노성면 읍내3길 101-23,충청남도 논산시 노성면 읍내리 493-3,36.263390422,127.119456400,,정상가동,98.55,380,60,2018,발전사업용,2018-04-06,충청남도 논산시 지역경제과,1300,2025-12-28
현진 태양광발전소,충청남도 논산시 노성면 읍내3길 101-23,충청남도 논산시 노성면 읍내리 493-3,36.263390422,127.119456400,,정상가동,499.32,380,60,2018,발전사업용,2018-04-06,충청남도 논산시 지역경제과,6462,2025-12-28
써니1호 태양광발전소,충청남도 논산시 성동면 산업단지로1길 103,충청남도 논산시 성동면 원북리 246-2,36.223800871,127.040303200,,정상가동,99.36,380,60,2018,발전사업용,2018-04-17,충청남도 논산시 지역경제과,706,2025-12-28
나연태양광,,충청남도 논산시 연무읍 마전리 668,36.108994923,127.076683316,,정상가동,99.45,380,60,2018,발전사업용,2018-04-30,충청남도 논산시 지역경제과,1747,2025-12-28
논산태양광,,충청남도 논산시 연무읍 마전리 688-2,36.105881720,127.076444900,,정상가동,99.45,380,60,2018,발전사업용,2018-04-30,충청남도 논산시 지역경제과,1359,2025-12-28
순애태양광,,충청남도 논산시 연무읍 마전리 689,36.105869120,127.076053952,,정상가동,99.45,380,60,2018,발전사업용,2018-04-30,충청남도 논산시 지역경제과,1197,2025-12-28
승철태양광,,충청남도 논산시 연무읍 마전리 690,36.105758070,127.075602200,,정상가동,69.68,380,60,2018,발전사업용,2018-04-30,충청남도 논산시 지역경제과,817,2025-12-28
수영1호 태양광발전소,,충청남도 논산시 노성면 읍내리 496,36.263514086,127.122458307,,정상가동,99.28,380,60,2018,발전사업용,2018-04-30,충청남도 논산시 지역경제과,2042,2025-12-28
수영2호 태양광발전소,,충청남도 논산시 노성면 읍내리 496,36.263514086,127.122458307,,정상가동,99.28,380,60,2018,발전사업용,2018-04-30,충청남도 논산시 지역경제과,1951,2025-12-28
승준에너지,,충청남도 논산시 광석면 항월리 506-11,36.246738100,127.114536100,,정상가동,99.28,380,60,2018,발전사업용,2018-05-01,충청남도 논산시 지역경제과,1082,2025-12-28
반월원에너지,,충청남도 논산시 광석면 항월리 506-12,36.246600993,127.114584717,,정상가동,99.28,380,60,2018,발전사업용,2018-05-01,충청남도 논산시 지역경제과,1196,2025-12-28
금월원에너지,,충청남도 논산시 광석면 항월리 505-6,36.247098930,127.115799744,,정상가동,99.28,380,60,2018,발전사업용,2018-05-01,충청남도 논산시 지역경제과,966,2025-12-28
홍월원에너지,,충청남도 논산시 광석면 항월리 505-7,36.246951780,127.115399600,,정상가동,198.56,380,60,2018,발전사업용,2018-05-01,충청남도 논산시 지역경제과,1930,2025-12-28
유케이에너지,,충청남도 논산시 광석면 항월리 505-10,36.246599957,127.115072784,,정상가동,496.4,380,60,2018,발전사업용,2018-05-01,충청남도 논산시 지역경제과,6161,2025-12-28
만월원에너지,,충청남도 논산시 광석면 항월리 505-9,36.246771790,127.115399350,,정상가동,198.56,380,60,2018,발전사업용,2018-05-01,충청남도 논산시 지역경제과,1956,2025-12-28
문안원에너지,,충청남도 논산시 광석면 항월리 505-2,36.247120890,127.116334200,,정상가동,496.4,380,60,2018,발전사업용,2018-05-01,충청남도 논산시 지역경제과,5805,2025-12-28
등리 태양광발전소,,충청남도 논산시 가야곡면 등리 143,36.154631940,127.168992900,,정상가동,97.92,380,60,2018,발전사업용,2018-05-01,충청남도 논산시 지역경제과,2221,2025-12-28
내고향1호 태양광발전소,,충청남도 논산시 부창동 429-5,36.195377170,127.069503500,,정상가동,97.2,380,60,2018,발전사업용,2018-05-04,충청남도 논산시 지역경제과,804,2025-12-28
내고향2호 태양광발전소,,충청남도 논산시 부창동 429-5,36.195377170,127.069503500,,정상가동,97.2,380,60,2018,발전사업용,2018-05-04,충청남도 논산시 지역경제과,579,2025-12-28
수목원에너지,충청남도 논산시 시민로307번길 14-20,충청남도 논산시 취암동 955,36.193109800,127.089955300,,정상가동,29.93,380,60,2018,발전사업용,2018-05-04,충청남도 논산시 지역경제과,246,2025-12-28
지산3호 태양광발전소,충청남도 논산시 계백로 1206-1,충청남도 논산시 지산동 730,36.210453610,127.109650700,,정상가동,145.8,380,60,2018,발전사업용,2018-05-04,충청남도 논산시 지역경제과,841,2025-12-28
금연 태양광발전소,충청남도 논산시 연무읍 안심로47번길 6,충청남도 논산시 연무읍 안심리 76-14,36.125658050,127.098109800,,정상가동,40,380,60,2018,발전사업용,2018-05-04,충청남도 논산시 지역경제과,211,2025-12-28
대신 태양광발전소,충청남도 논산시 연산면 선비로 672-13,충청남도 논산시 연산면 덕암리 419-4,36.243330300,127.178937700,,정상가동,128.52,380,60,2018,발전사업용,2018-05-04,충청남도 논산시 지역경제과,1246,2025-12-28
동부실업 태양광발전소,충청남도 논산시 연산면 선비로 584-1,충청남도 논산시 연산면 덕암리 381,36.236446820,127.181879800,,정상가동,99.36,380,60,2018,발전사업용,2018-05-04,충청남도 논산시 지역경제과,600,2025-12-28
윤 태양광발전소,,충청남도 논산시 부창동 387-1,36.193084823,127.076196864,,정상가동,92.16,380,60,2018,발전사업용,2018-05-04,충청남도 논산시 지역경제과,530,2025-12-28
한국축산 태양광발전소,,충청남도 논산시 노성면 읍내리 261,36.278417860,127.125710500,,정상가동,299.52,380,60,2018,발전사업용,2018-05-04,충청남도 논산시 지역경제과,5242,2025-12-28
수성 태양광발전소,,충청남도 논산시 가야곡면 산노리 60,36.158995110,127.190230200,,정상가동,297.04,380,60,2018,발전사업용,2018-05-10,충청남도 논산시 지역경제과,4482,2025-12-28
써니원 태양광발전소,,충청남도 논산시 광석면 사월리 179-55,36.251997320,127.097085200,,정상가동,498.525,380,60,2018,발전사업용,2018-05-10,충청남도 논산시 지역경제과,5881,2025-12-28
써니쓰리 태양광발전소,,충청남도 논산시 광석면 사월리 179-57,36.251472333,127.097157700,,정상가동,498.525,380,60,2018,발전사업용,2018-05-10,충청남도 논산시 지역경제과,5567,2025-12-28
써니투 태양광발전소,,충청남도 논산시 광석면 사월리 179-58,36.251061030,127.097195700,,정상가동,498.525,380,60,2018,발전사업용,2018-05-10,충청남도 논산시 지역경제과,5590,2025-12-28
써니포 태양광발전소,,충청남도 논산시 광석면 사월리 179-59,36.250583750,127.097166831,,정상가동,499.32,380,60,2018,발전사업용,2018-05-10,충청남도 논산시 지역경제과,4540,2025-12-28
수자원에너지,,충청남도 논산시 광석면 항월리 505-5,36.247206980,127.115825021,,정상가동,99.28,380,60,2018,발전사업용,2018-05-14,충청남도 논산시 지역경제과,1754,2025-12-28
산월원에너지,,충청남도 논산시 광석면 항월리 506,36.246951179,127.114675336,,정상가동,99.28,380,60,2018,발전사업용,2018-05-14,충청남도 논산시 지역경제과,1453,2025-12-28
정은원에너지,,충청남도 논산시 광석면 항월리 506-10,36.246846570,127.114607838,,정상가동,99.28,380,60,2018,발전사업용,2018-05-14,충청남도 논산시 지역경제과,1092,2025-12-28
홍임에너지,,충청남도 논산시 노성면 장구리 172-14,36.275311950,127.078080783,,정상가동,99.16,380,60,2018,발전사업용,2018-05-15,충청남도 논산시 지역경제과,1380,2025-12-28
의철에너지,,충청남도 논산시 노성면 장구리 172-21,36.275266151,127.078401340,,정상가동,99.16,380,60,2018,발전사업용,2018-05-15,충청남도 논산시 지역경제과,1612,2025-12-28
유건에너지,,충청남도 논산시 노성면 장구리 172-22,36.275010040,127.078667100,,정상가동,99.16,380,60,2018,발전사업용,2018-05-15,충청남도 논산시 지역경제과,1645,2025-12-28
씨제이솔라에너지,,충청남도 논산시 노성면 장구리 172-23,36.274772800,127.079310835,,정상가동,495.8,380,60,2018,발전사업용,2018-05-15,충청남도 논산시 지역경제과,5755,2025-12-28
JH1호 태양광발전소,,충청남도 논산시 성동면 우곤리 37,36.202414076,127.006798499,,정상가동,99.36,380,60,2018,발전사업용,2018-05-17,충청남도 논산시 지역경제과,1553,2025-12-28
JH2호 태양광발전소,,충청남도 논산시 성동면 우곤리 37,36.202414076,127.006798499,,정상가동,49.68,380,60,2018,발전사업용,2018-05-17,충청남도 논산시 지역경제과,655,2025-12-28
JH3호 태양광발전소,,충청남도 논산시 성동면 우곤리 37,36.202414076,127.006798499,,정상가동,99.36,380,60,2018,발전사업용,2018-05-17,충청남도 논산시 지역경제과,1553,2025-12-28
SJ에너지,,충청남도 논산시 성동면 우곤리 37-4,36.202170170,127.007363995,,정상가동,99.36,380,60,2018,발전사업용,2018-05-17,충청남도 논산시 지역경제과,1553,2025-12-28
한 태양광발전소,,충청남도 논산시 부적면 신교리 8-3,36.198469652,127.152523323,,정상가동,99.96,380,60,2018,발전사업용,2018-05-17,충청남도 논산시 지역경제과,1829,2025-12-28
서일 태양광발전소,,충청남도 논산시 노성면 송당리 362-6,36.263165700,127.111695162,,정상가동,34.3,380,60,2018,발전사업용,2018-05-18,충청남도 논산시 지역경제과,191,2025-12-28
중문 태양광발전소,,충청남도 논산시 광석면 항월리 218-6,36.242321120,127.127936700,,정상가동,197.1,380,60,2018,발전사업용,2018-05-18,충청남도 논산시 지역경제과,3358,2025-12-28
썬1호 태양광발전소,,충청남도 논산시 노성면 읍내리 486,36.262313640,127.120250480,,정상가동,99.18,380,60,2018,발전사업용,2018-05-18,충청남도 논산시 지역경제과,1627,2025-12-28
썬2호 태양광발전소,,충청남도 논산시 노성면 읍내리 486,36.262313640,127.120250480,,정상가동,99.18,380,60,2018,발전사업용,2018-05-18,충청남도 논산시 지역경제과,2070,2025-12-28
탑 태양광발전소,,충청남도 논산시 노성면 읍내리 486,36.262313640,127.120250480,,정상가동,99.18,380,60,2018,발전사업용,2018-05-18,충청남도 논산시 지역경제과,1360,2025-12-28
화신 태양광발전소,충청남도 논산시 연산면 선비로720번길 56,충청남도 논산시 연산면 백석리 545-19,36.245829130,127.183239700,,정상가동,96.9,380,60,2018,발전사업용,2018-05-18,충청남도 논산시 지역경제과,568,2025-12-28
나포3호 태양광발전소,,충청남도 논산시 양촌면 남산리 475-3,36.149313578,127.222972600,,정상가동,98.55,380,60,2018,발전사업용,2018-05-24,충청남도 논산시 지역경제과,1266,2025-12-28
나포4호 태양광발전소,,충청남도 논산시 양촌면 남산리 475-3,36.149313578,127.222972600,,정상가동,75.6,380,60,2018,발전사업용,2018-05-24,충청남도 논산시 지역경제과,1266,2025-12-28
나포5호 태양광발전소,,충청남도 논산시 양촌면 남산리 475-3,36.149313578,127.222972600,,정상가동,75.6,380,60,2018,발전사업용,2018-05-24,충청남도 논산시 지역경제과,1266,2025-12-28
원봉1호 태양광발전소,,충청남도 논산시 성동면 원봉리 605-9,36.206374360,127.052492500,,정상가동,95.76,380,60,2018,발전사업용,2018-05-24,충청남도 논산시 지역경제과,1530,2025-12-28
원봉2호 태양광발전소,,충청남도 논산시 성동면 원봉리 605-10,36.206050560,127.052574300,,정상가동,95.76,380,60,2018,발전사업용,2018-05-24,충청남도 논산시 지역경제과,1418,2025-12-28
원봉3호 태양광발전소,,충청남도 논산시 성동면 원봉리 605-11,36.206061323,127.052972132,,정상가동,95.76,380,60,2018,발전사업용,2018-05-24,충청남도 논산시 지역경제과,1559,2025-12-28
더덕농장 태양광발전소,충청남도 논산시 광석면 사계로653번길 49,충청남도 논산시 광석면 사월리 292-23,36.251178810,127.096104300,,정상가동,498.225,380,60,2018,발전사업용,2018-05-28,충청남도 논산시 지역경제과,3982,2025-12-28
해테크논산2호 발전소,,충청남도 논산시 광석면 항월리 209-5,36.241288600,127.128643089,,정상가동,496.8,380,60,2018,발전사업용,2018-05-28,충청남도 논산시 지역경제과,7892,2025-12-28
대승 태양광발전소,충청남도 논산시 은진면 방축길 239,충청남도 논산시 은진면 방축리 600-1,36.163166470,127.082387500,,정상가동,98.55,380,60,2018,발전사업용,2018-05-29,충청남도 논산시 지역경제과,585,2025-12-28
진주오피스텔 태양광발전소,충청남도 논산시 은진면 교와길 41-19,충청남도 논산시 은진면 교촌리 128-27,36.175628880,127.109621800,,정상가동,19.32,380,60,2018,발전사업용,2018-05-29,충청남도 논산시 지역경제과,120,2025-12-28
안심1호 태양광발전소,,충청남도 논산시 연무읍 안심리 479-5,36.143491201,127.084507239,,정상가동,97.2,380,60,2018,발전사업용,2018-05-29,충청남도 논산시 지역경제과,1320,2025-12-28
안심2호 태양광발전소,충청남도 논산시 연무읍 연은로 80-1,충청남도 논산시 연무읍 안심리 479-20,36.143814448,127.084889100,,정상가동,97.2,380,60,2018,발전사업용,2018-05-29,충청남도 논산시 지역경제과,1320,2025-12-28
반송리2호 태양광발전소,,충청남도 논산시 부적면 반송리 39-6,36.202625450,127.148626200,,정상가동,195.84,380,60,2018,발전사업용,2018-05-30,충청남도 논산시 지역경제과,2492,2025-12-28
반송리1호 태양광발전소,,충청남도 논산시 부적면 반송리 39-1,36.202810350,127.148215971,,정상가동,195.84,380,60,2018,발전사업용,2018-05-30,충청남도 논산시 지역경제과,2492,2025-12-28
경민 태양광발전소,,충청남도 논산시 상월면 지경리 560-12,36.309364040,127.149139500,,정상가동,495.72,380,60,2018,발전사업용,2018-06-01,충청남도 논산시 지역경제과,3710,2025-12-28
SJ솔라 태양광발전소,,충청남도 논산시 부적면 신교리 8-1,36.198351920,127.152219500,,정상가동,99.36,380,60,2018,발전사업용,2018-06-01,충청남도 논산시 지역경제과,1924,2025-12-28
에스비솔라 태양광발전소,,충청남도 논산시 부적면 신교리 7-11,36.198997401,127.153101041,,정상가동,99.28,380,60,2018,발전사업용,2018-06-01,충청남도 논산시 지역경제과,1910,2025-12-28
가온3호 태양광발전소,,충청남도 논산시 부적면 신교리 7-3,36.199344996,127.152449159,,정상가동,99.28,380,60,2018,발전사업용,2018-06-01,충청남도 논산시 지역경제과,1360,2025-12-28
행복 태양광발전소,,충청남도 논산시 부적면 신교리 7-10,36.199105410,127.152686595,,정상가동,99.28,380,60,2018,발전사업용,2018-06-01,충청남도 논산시 지역경제과,1317,2025-12-28
논산미영 태양광발전소,,충청남도 논산시 부적면 신교리 7-6,36.199249830,127.153021600,,정상가동,99.28,380,60,2018,발전사업용,2018-06-01,충청남도 논산시 지역경제과,1355,2025-12-28
지엠솔라3호 태양광발전소,,충청남도 논산시 부적면 신교리 7-2,36.199560405,127.152472284,,정상가동,99.28,380,60,2018,발전사업용,2018-06-01,충청남도 논산시 지역경제과,1549,2025-12-28
하이 태양광발전소,,충청남도 논산시 부적면 신교리 2-2,36.200416270,127.152286200,,정상가동,496.4,380,60,2018,발전사업용,2018-06-01,충청남도 논산시 지역경제과,7395,2025-12-28
가나안1호 태양광발전소,,충청남도 논산시 광석면 사월리 230-20,36.260346817,127.094130778,,정상가동,496.8,380,60,2018,발전사업용,2018-06-05,충청남도 논산시 지역경제과,2859,2025-12-28
가나안2호 태양광발전소,,충청남도 논산시 광석면 사월리 230-20,36.260346817,127.094130778,,정상가동,496.8,380,60,2018,발전사업용,2018-06-05,충청남도 논산시 지역경제과,2859,2025-12-28
삼상4호 태양광발전소,,충청남도 논산시 광석면 사월리 179-5,36.250193108,127.096897603,,정상가동,91.8,380,60,2018,발전사업용,2018-06-05,충청남도 논산시 지역경제과,1290,2025-12-28
유경 태양광발전소,충청남도 논산시 은진면 방축길 233,충청남도 논산시 은진면 방축리 600-7,36.162643700,127.082382500,,정상가동,98.55,380,60,2018,발전사업용,2018-06-05,충청남도 논산시 지역경제과,585,2025-12-28
와이디 태양광발전소,충청남도 논산시 은진면 방축길 235,충청남도 논산시 은진면 방축리 600-6,36.163160770,127.082821000,,정상가동,98.55,380,60,2018,발전사업용,2018-06-05,충청남도 논산시 지역경제과,585,2025-12-28
제이에스 태양광발전소,충청남도 논산시 은진면 방축길 237,충청남도 논산시 은진면 방축리 600-5,36.163168090,127.082601005,,정상가동,98.55,380,60,2018,발전사업용,2018-06-05,충청남도 논산시 지역경제과,585,2025-12-28
은진1호 태양광발전소,,충청남도 논산시 은진면 용산리 90-3,36.162036520,127.124123900,,정상가동,98.55,380,60,2018,발전사업용,2018-06-05,충청남도 논산시 지역경제과,1633,2025-12-28
은진2호 태양광발전소,,충청남도 논산시 은진면 용산리 92-19,36.161947340,127.126725700,,정상가동,98.55,380,60,2018,발전사업용,2018-06-05,충청남도 논산시 지역경제과,897,2025-12-28
은진3호 태양광발전소,,충청남도 논산시 은진면 용산리 92-24,36.162011400,127.126858300,,정상가동,98.55,380,60,2018,발전사업용,2018-06-05,충청남도 논산시 지역경제과,902,2025-12-28
은진5호 태양광발전소,,충청남도 논산시 은진면 용산리 91-16,36.161908560,127.125207046,,정상가동,65.7,380,60,2018,발전사업용,2018-06-05,충청남도 논산시 지역경제과,1239,2025-12-28
은진6호 태양광발전소,,충청남도 논산시 은진면 용산리 92-16,36.161947340,127.126725700,,정상가동,98.55,380,60,2018,발전사업용,2018-06-05,충청남도 논산시 지역경제과,902,2025-12-28
은진7호 태양광발전소,,충청남도 논산시 은진면 용산리 92-17,36.161947340,127.126725700,,정상가동,98.55,380,60,2018,발전사업용,2018-06-05,충청남도 논산시 지역경제과,902,2025-12-28
은진8호 태양광발전소,,충청남도 논산시 은진면 용산리 92-23,36.162011400,127.126858300,,정상가동,98.55,380,60,2018,발전사업용,2018-06-05,충청남도 논산시 지역경제과,987,2025-12-28
은진9호 태양광발전소,,충청남도 논산시 은진면 용산리 91-6,36.162408680,127.125720200,,정상가동,98.55,380,60,2018,발전사업용,2018-06-05,충청남도 논산시 지역경제과,1035,2025-12-28
민 태양광발전소,,충청남도 논산시 광석면 항월리 6-5,36.242482490,127.128793466,,정상가동,97.2,380,60,2018,발전사업용,2018-06-12,충청남도 논산시 지역경제과,1407,2025-12-28
희태 태양광발전소,,충청남도 논산시 양촌면 남산리 228,36.156685632,127.243454800,,정상가동,492.8,380,60,2018,발전사업용,2018-06-12,충청남도 논산시 지역경제과,12399,2025-12-28
하늘빛1 태양광발전소,,충청남도 논산시 가야곡면 등리 386-2,36.155666300,127.166117285,,정상가동,98.55,380,60,2018,발전사업용,2018-06-12,충청남도 논산시 지역경제과,538,2025-12-28
BR2 태양광발전소,,충청남도 논산시 은진면 용산리 285,36.160849711,127.121639246,,정상가동,496.8,380,60,2018,발전사업용,2018-06-18,충청남도 논산시 지역경제과,5738,2025-12-28
명성 태양광발전소,,충청남도 논산시 은진면 용산리 285-10,36.160895170,127.121971026,,정상가동,496.8,380,60,2018,발전사업용,2018-06-18,충청남도 논산시 지역경제과,5950,2025-12-28
태승 태양광발전소,충청남도 논산시 성동면 산업단지로1길 61,충청남도 논산시 성동면 원북리 288-3,36.221519500,127.045069300,,정상가동,155.52,380,60,2018,발전사업용,2018-06-18,충청남도 논산시 지역경제과,1500,2025-12-28
해마루 태양광발전소,,충청남도 논산시 상월면 대명리 266-124,36.306137310,127.180107000,,정상가동,99.18,380,60,2018,발전사업용,2018-06-18,충청남도 논산시 지역경제과,1351,2025-12-28
비성 태양광발전소,,충청남도 논산시 상월면 대명리 266-127,36.305794940,127.180121700,,정상가동,99.18,380,60,2018,발전사업용,2018-06-18,충청남도 논산시 지역경제과,1283,2025-12-28
상록 태양광발전소,,충청남도 논산시 상월면 대명리 266-128,36.305641660,127.180112200,,정상가동,99.18,380,60,2018,발전사업용,2018-06-18,충청남도 논산시 지역경제과,1244,2025-12-28
석화1 태양광발전소,,충청남도 논산시 부적면 덕평리 157-8,36.231178990,127.142555000,,정상가동,199.8,380,60,2018,발전사업용,2018-06-21,충청남도 논산시 지역경제과,2023,2025-12-28
석화2 태양광발전소,,충청남도 논산시 부적면 덕평리 157-7,36.231360580,127.142742100,,정상가동,99.36,380,60,2018,발전사업용,2018-06-21,충청남도 논산시 지역경제과,1162,2025-12-28
케이앤씨 그린북 태양광발전소,,충청남도 논산시 은진면 용산리 296,36.158187812,127.120390379,,정상가동,498.96,380,60,2018,발전사업용,2018-06-21,충청남도 논산시 지역경제과,8349,2025-12-28
경주서 태양광발전소,,충청남도 논산시 은진면 용산리 316-7,36.157772804,127.121339305,,정상가동,97.2,380,60,2018,발전사업용,2018-06-21,충청남도 논산시 지역경제과,1960,2025-12-28
강미순 태양광발전소,,충청남도 논산시 은진면 용산리 316-4,36.157888190,127.121313700,,정상가동,97.2,380,60,2018,발전사업용,2018-06-21,충청남도 논산시 지역경제과,1500,2025-12-28
서승준 태양광발전소,,충청남도 논산시 은진면 용산리 316-4,36.157888190,127.121313700,,정상가동,97.2,380,60,2018,발전사업용,2018-06-21,충청남도 논산시 지역경제과,1750,2025-12-28
도도 태양광발전소,,충청남도 논산시 은진면 용산리 61-1,36.160140122,127.123967326,,정상가동,97.2,380,60,2018,발전사업용,2018-06-21,충청남도 논산시 지역경제과,1867,2025-12-28
정민 태양광발전소,,충청남도 논산시 은진면 용산리 61-1,36.160140122,127.123967326,,정상가동,97.2,380,60,2018,발전사업용,2018-06-21,충청남도 논산시 지역경제과,1356,2025-12-28
정호 태양광발전소,,충청남도 논산시 은진면 용산리 61-1,36.160140122,127.123967326,,정상가동,97.2,380,60,2018,발전사업용,2018-06-21,충청남도 논산시 지역경제과,1905,2025-12-28
유비 태양광발전소,,충청남도 논산시 광석면 항월리 2,36.244154557,127.129385800,,정상가동,97.2,380,60,2018,발전사업용,2018-06-21,충청남도 논산시 지역경제과,1940,2025-12-28
장원논산 태양광발전소,,충청남도 논산시 광석면 항월리 3,36.243583139,127.129041818,,정상가동,97.2,380,60,2018,발전사업용,2018-06-21,충청남도 논산시 지역경제과,1304,2025-12-28
자인 태양광발전소,,충청남도 논산시 광석면 항월리 3-1,36.243193530,127.128928300,,정상가동,97.2,380,60,2018,발전사업용,2018-06-21,충청남도 논산시 지역경제과,1235,2025-12-28
삼광 태양광발전소,,충청남도 논산시 광석면 항월리 3-2,36.242815280,127.128965900,,정상가동,97.2,380,60,2018,발전사업용,2018-06-21,충청남도 논산시 지역경제과,1086,2025-12-28
은진10호 태양광발전소,,충청남도 논산시 은진면 용산리 89-1,36.162929604,127.124329462,,정상가동,492.75,380,60,2018,발전사업용,2018-06-21,충청남도 논산시 지역경제과,7039,2025-12-28
고산1호 태양광발전소,,충청남도 논산시 광석면 항월리 510,36.246831800,127.113775640,,정상가동,97.2,380,60,2018,발전사업용,2018-06-22,충청남도 논산시 지역경제과,1320,2025-12-28
고산2호 태양광발전소,,충청남도 논산시 광석면 항월리 510,36.246831800,127.113775640,,정상가동,97.2,380,60,2018,발전사업용,2018-06-22,충청남도 논산시 지역경제과,1320,2025-12-28
세종봉암 태양광발전소,,충청남도 논산시 광석면 항월리 510,36.246831800,127.113775640,,정상가동,97.2,380,60,2018,발전사업용,2018-06-22,충청남도 논산시 지역경제과,1320,2025-12-28
광일산업 태양광발전소,충청남도 논산시 벌곡면 대둔로 932-8,충청남도 논산시 벌곡면 양산리 259-1,36.216008950,127.271725000,,정상가동,75.04,380,60,2018,발전사업용,2018-06-22,충청남도 논산시 지역경제과,494,2025-12-28
도평1호 태양광발전소,,충청남도 논산시 양촌면 도평리 497,36.140064872,127.219376204,,정상가동,99.28,380,60,2018,발전사업용,2018-06-22,충청남도 논산시 지역경제과,9886,2025-12-28
도평2호 태양광발전소,,충청남도 논산시 양촌면 도평리 497,36.140064872,127.219376204,,정상가동,99.28,380,60,2018,발전사업용,2018-06-22,충청남도 논산시 지역경제과,9886,2025-12-28
도평3호 태양광발전소,,충청남도 논산시 양촌면 도평리 497,36.140064872,127.219376204,,정상가동,99.28,380,60,2018,발전사업용,2018-06-22,충청남도 논산시 지역경제과,9886,2025-12-28
도평4호 태양광발전소,,충청남도 논산시 양촌면 도평리 497,36.140064872,127.219376204,,정상가동,99.28,380,60,2018,발전사업용,2018-06-22,충청남도 논산시 지역경제과,9886,2025-12-28
도평5호 태양광발전소,,충청남도 논산시 양촌면 도평리 497-8,36.139463480,127.219986500,,정상가동,99.28,380,60,2018,발전사업용,2018-06-22,충청남도 논산시 지역경제과,9886,2025-12-28
도평6호 태양광발전소,,충청남도 논산시 양촌면 도평리 497-9,36.139346110,127.219954300,,정상가동,99.28,380,60,2018,발전사업용,2018-06-22,충청남도 논산시 지역경제과,9886,2025-12-28
도평7호 태양광발전소,,충청남도 논산시 양촌면 도평리 497-10,36.139093190,127.219532775,,정상가동,99.28,380,60,2018,발전사업용,2018-06-22,충청남도 논산시 지역경제과,9886,2025-12-28
중문2호 태양광발전소,,충청남도 논산시 광석면 항월리 218-5,36.242549730,127.128390300,,정상가동,197.1,380,60,2018,발전사업용,2018-06-22,충청남도 논산시 지역경제과,3358,2025-12-28
삼정 태양광발전소,,충청남도 논산시 가야곡면 두월리 526,36.152203459,127.137070900,,정상가동,99.28,380,60,2018,발전사업용,2018-06-22,충청남도 논산시 지역경제과,1536,2025-12-28
영숙 태양광발전소,충청남도 논산시 광석면 논산평야로 435-131,충청남도 논산시 광석면 갈산리 727-1,36.224499150,127.072162400,,정상가동,297.99,380,60,2018,발전사업용,2018-06-22,충청남도 논산시 지역경제과,680,2025-12-28
홍익 태양광,,충청남도 논산시 노성면 장구리 16-1,36.274511500,127.084171300,,정상가동,99.28,380,60,2018,발전사업용,2018-07-05,충청남도 논산시 지역경제과,1607,2025-12-28
희망 태양광발전소,,충청남도 논산시 상월면 대명리 266-123,36.306298160,127.180120300,,정상가동,99.18,380,60,2018,발전사업용,2018-07-10,충청남도 논산시 지역경제과,1437,2025-12-28
해오름 태양광발전소,,충청남도 논산시 상월면 대명리 266-126,36.305993120,127.180108500,,정상가동,99.18,380,60,2018,발전사업용,2018-07-10,충청남도 논산시 지역경제과,1299,2025-12-28
태영 태양광발전소,,충청남도 논산시 노성면 장구리 5-7,36.276540277,127.089461458,,정상가동,99.75,380,60,2018,발전사업용,2018-07-10,충청남도 논산시 지역경제과,557,2025-12-28
우정 태양광발전소,,충청남도 논산시 노성면 장구리 5-15,36.276275220,127.089727200,,정상가동,99.75,380,60,2018,발전사업용,2018-07-10,충청남도 논산시 지역경제과,557,2025-12-28
태양 태양광발전소,,충청남도 논산시 노성면 장구리 5-7,36.276540277,127.089461458,,정상가동,99.75,380,60,2018,발전사업용,2018-07-10,충청남도 논산시 지역경제과,557,2025-12-28
세종2호 태양광발전소,,충청남도 논산시 노성면 장구리 5-7,36.276540277,127.089461458,,정상가동,99.75,380,60,2018,발전사업용,2018-07-10,충청남도 논산시 지역경제과,557,2025-12-28
행복2호 태양광발전소,,충청남도 논산시 은진면 방축리 198,36.160138650,127.089535700,,정상가동,99.75,380,60,2018,발전사업용,2018-07-16,충청남도 논산시 지역경제과,1787,2025-12-28
현영솔라 태양광발전소,,충청남도 논산시 은진면 방축리 201-1,36.160501730,127.089926387,,정상가동,99.75,380,60,2018,발전사업용,2018-07-16,충청남도 논산시 지역경제과,1469,2025-12-28
SJ솔라2호 태양광발전소,,충청남도 논산시 은진면 방축리 471,36.159955460,127.089148900,,정상가동,99.75,380,60,2018,발전사업용,2018-07-16,충청남도 논산시 지역경제과,1869,2025-12-28
SF 태양광발전소,,충청남도 논산시 은진면 방축리 474,36.159154307,127.088539287,,정상가동,99.75,380,60,2018,발전사업용,2018-07-16,충청남도 논산시 지역경제과,1393,2025-12-28
성현솔라 태양광발전소,,충청남도 논산시 은진면 방축리 474-2,36.159103475,127.088249332,,정상가동,99.75,380,60,2018,발전사업용,2018-07-16,충청남도 논산시 지역경제과,1001,2025-12-28
서광 태양광발전소,,충청남도 논산시 은진면 방축리 474-1,36.158922290,127.088393900,,정상가동,99.75,380,60,2018,발전사업용,2018-07-16,충청남도 논산시 지역경제과,960,2025-12-28
삼상5호 태양광발전소,,충청남도 논산시 성동면 우곤리 42-4,36.200126760,127.009905513,,정상가동,97.2,380,60,2018,발전사업용,2018-07-20,충청남도 논산시 지역경제과,1320,2025-12-28
삼상6호 태양광발전소,,충청남도 논산시 성동면 우곤리 42-5,36.200110850,127.010135300,,정상가동,97.2,380,60,2018,발전사업용,2018-07-20,충청남도 논산시 지역경제과,1320,2025-12-28
삼상7호 태양광발전소,,충청남도 논산시 성동면 우곤리 42-6,36.200050430,127.010458500,,정상가동,97.2,380,60,2018,발전사업용,2018-07-20,충청남도 논산시 지역경제과,1320,2025-12-28
희망 태양광발전소,,충청남도 논산시 성동면 우곤리 42-7,36.200062100,127.010780800,,정상가동,97.2,380,60,2018,발전사업용,2018-07-20,충청남도 논산시 지역경제과,1320,2025-12-28
삼상9호 태양광발전소,,충청남도 논산시 성동면 우곤리 42-8,36.200011700,127.011182745,,정상가동,97.2,380,60,2018,발전사업용,2018-07-20,충청남도 논산시 지역경제과,1320,2025-12-28
희망 태양광발전소,,충청남도 논산시 광석면 항월리 510,36.246831800,127.113775640,,정상가동,97.2,380,60,2018,발전사업용,2018-07-23,충청남도 논산시 지역경제과,1320,2025-12-28
태흥 태양광발전소,,충청남도 논산시 상월면 대명리 265-4,36.306056696,127.175754517,,정상가동,97.92,380,60,2018,발전사업용,2018-07-23,충청남도 논산시 지역경제과,1000,2025-12-28
태영 태양광발전소,,충청남도 논산시 상월면 대명리 265-4,36.306056696,127.175754517,,정상가동,97.92,380,60,2018,발전사업용,2018-07-23,충청남도 논산시 지역경제과,1000,2025-12-28
그린에너지 1호,,충청남도 논산시 성동면 원북리 832-18,36.222311520,127.041689146,,정상가동,99.28,380,60,2018,발전사업용,2018-07-26,충청남도 논산시 지역경제과,904,2025-12-28
새별오름1호 태양광발전소,,충청남도 논산시 성동면 원북리 산79-7,36.222169710,127.041846900,,정상가동,99.28,380,60,2018,발전사업용,2018-07-26,충청남도 논산시 지역경제과,953,2025-12-28
(유)슬치3호 태양광발전소,,충청남도 논산시 성동면 원북리 832-19,36.222209141,127.041681784,,정상가동,99.28,380,60,2018,발전사업용,2018-07-26,충청남도 논산시 지역경제과,815,2025-12-28
유진 태양광발전소,,충청남도 논산시 성동면 원북리 832-16,36.222624776,127.041697450,,정상가동,99.28,380,60,2018,발전사업용,2018-07-26,충청남도 논산시 지역경제과,1105,2025-12-28
그린에너지,,충청남도 논산시 성동면 원북리 832-21,36.222017580,127.042133354,,정상가동,99.28,380,60,2018,발전사업용,2018-07-26,충청남도 논산시 지역경제과,849,2025-12-28
그린에너지 3호,,충청남도 논산시 성동면 원북리 832-22,36.222006419,127.041598075,,정상가동,99.28,380,60,2018,발전사업용,2018-07-26,충청남도 논산시 지역경제과,758,2025-12-28
그린에너지 2호,,충청남도 논산시 성동면 원북리 302-17,36.221845740,127.041886759,,정상가동,99.28,380,60,2018,발전사업용,2018-07-26,충청남도 논산시 지역경제과,813,2025-12-28
양지 태양광발전소,충청남도 논산시 은진면 와야길 68,충청남도 논산시 은진면 와야리 96-1,36.181897110,127.117544200,,정상가동,14.28,380,60,2018,발전사업용,2018-07-26,충청남도 논산시 지역경제과,167,2025-12-28
덕연 태양광발전소,충청남도 논산시 연무읍 동안로 1092,충청남도 논산시 연무읍 동산리 261-3,36.127546580,127.123084600,,정상가동,144,380,60,2018,발전사업용,2018-07-26,충청남도 논산시 지역경제과,800,2025-12-28
선영 태양광발전소,,충청남도 논산시 연무읍 금곡리 424-3,36.115642839,127.087738538,,정상가동,90.86,380,60,2018,발전사업용,2018-08-01,충청남도 논산시 지역경제과,1250,2025-12-28
기연 태양광발전소,,충청남도 논산시 연무읍 금곡리 424-3,36.115642839,127.087738538,,정상가동,99.33,380,60,2018,발전사업용,2018-08-01,충청남도 논산시 지역경제과,1300,2025-12-28
대우10호 태양광발전소,충청남도 논산시 상월면 선비로 1077,충청남도 논산시 상월면 대우리 238-3,36.277214750,127.172016500,,정상가동,97.2,380,60,2018,발전사업용,2018-08-02,충청남도 논산시 지역경제과,148.45,2025-12-28
하나에너지,,충청남도 논산시 가야곡면 두월리 산25-37,36.148957260,127.159118000,,정상가동,388.8,380,60,2018,발전사업용,2018-08-02,충청남도 논산시 지역경제과,3379,2025-12-28
영산전력,,충청남도 논산시 가야곡면 두월리 61-1,36.152391610,127.156709340,,정상가동,354.96,380,60,2018,발전사업용,2018-08-02,충청남도 논산시 지역경제과,5059,2025-12-28
서일전력,충청남도 논산시 가야곡면 가야로201번길 58-7,충청남도 논산시 가야곡면 등리 산92-3,36.149139770,127.160727400,,정상가동,97.2,380,60,2018,발전사업용,2018-08-02,충청남도 논산시 지역경제과,1832,2025-12-28
가야동신전력,충청남도 논산시 가야곡면 가야로201번길 58-7,충청남도 논산시 가야곡면 등리 산92-3,36.149139770,127.160727400,,정상가동,97.2,380,60,2018,발전사업용,2018-08-02,충청남도 논산시 지역경제과,1733,2025-12-28
은진11호 태양광발전소,,충청남도 논산시 은진면 용산리 90-2,36.162036520,127.124123900,,정상가동,98.55,380,60,2018,발전사업용,2018-08-02,충청남도 논산시 지역경제과,814,2025-12-28
은진12호 태양광발전소,,충청남도 논산시 은진면 용산리 90-5,36.162441400,127.125264200,,정상가동,98.55,380,60,2018,발전사업용,2018-08-02,충청남도 논산시 지역경제과,767,2025-12-28
은진13호 태양광발전소,,충청남도 논산시 은진면 용산리 92-20,36.161947340,127.126725700,,정상가동,98.55,380,60,2018,발전사업용,2018-08-02,충청남도 논산시 지역경제과,781,2025-12-28
OS2 태양광발전소,충청남도 논산시 광석면 명재로200번길 74-7,충청남도 논산시 광석면 율리 66-15,36.266213480,127.095163500,,정상가동,17.325,380,60,2018,발전사업용,2018-08-07,충청남도 논산시 지역경제과,100,2025-12-28
가야1호 태양광발전소,,충청남도 논산시 가야곡면 육곡리 285-3,36.140424240,127.156831100,,정상가동,98.55,380,60,2018,발전사업용,2018-08-07,충청남도 논산시 지역경제과,411,2025-12-28
가야2호 태양광발전소,,충청남도 논산시 가야곡면 육곡리 271-3,36.140541010,127.156616562,,정상가동,98.55,380,60,2018,발전사업용,2018-08-07,충청남도 논산시 지역경제과,1017,2025-12-28
가야3호 태양광발전소,,충청남도 논산시 가야곡면 육곡리 271-2,36.140721170,127.156761300,,정상가동,98.55,380,60,2018,발전사업용,2018-08-07,충청남도 논산시 지역경제과,1017,2025-12-28
가야4호 태양광발전소,,충청남도 논산시 가야곡면 육곡리 271-1,36.140946860,127.156814400,,정상가동,98.55,380,60,2018,발전사업용,2018-08-07,충청남도 논산시 지역경제과,1031,2025-12-28
가야5호 태양광발전소,,충청남도 논산시 가야곡면 육곡리 271,36.141110341,127.157161126,,정상가동,82.125,380,60,2018,발전사업용,2018-08-07,충청남도 논산시 지역경제과,1362,2025-12-28
범 태양광발전소,,충청남도 논산시 가야곡면 두월리 511,36.155817582,127.137782170,,정상가동,98.175,380,60,2018,발전사업용,2018-08-07,충청남도 논산시 지역경제과,1546,2025-12-28
선옥 태양광발전소,충청남도 논산시 노성면 읍내3길 61-11,충청남도 논산시 노성면 읍내리 504-2,36.266316850,127.122384100,,정상가동,99.83,380,60,2017,발전사업용,2017-10-31,충청남도 논산시 지역경제과,1049,2025-12-28
산토 태양광발전소,충청남도 논산시 노성면 읍내3길 61-11,충청남도 논산시 노성면 읍내리 504-2,36.266316850,127.122384100,,정상가동,99.83,380,60,2017,발전사업용,2017-10-31,충청남도 논산시 지역경제과,1343,2025-12-28
은 태양광발전소,충청남도 논산시 노성면 읍내3길 61-11,충청남도 논산시 노성면 읍내리 504-2,36.266316850,127.122384100,,정상가동,99.83,380,60,2017,발전사업용,2017-11-02,충청남도 논산시 지역경제과,1746,2025-12-28
행복한 태양광발전소,충청남도 논산시 노성면 읍내3길 61-11,충청남도 논산시 노성면 읍내리 504-2,36.266316850,127.122384100,,정상가동,99.83,380,60,2017,발전사업용,2017-11-02,충청남도 논산시 지역경제과,1082,2025-12-28
은정 태양광발전소,충청남도 논산시 노성면 읍내3길 61-11,충청남도 논산시 노성면 읍내리 504-2,36.266316850,127.122384100,,정상가동,99.83,380,60,2017,발전사업용,2017-11-02,충청남도 논산시 지역경제과,1279,2025-12-28
일신 태양광발전소,충청남도 논산시 노성면 장마루로 903,충청남도 논산시 노성면 효죽리 87,36.294066030,127.076818100,,정상가동,99,380,60,2017,발전사업용,2017-11-02,충청남도 논산시 지역경제과,780,2025-12-28
항월 태양광발전소,,충청남도 논산시 광석면 항월리 514,36.246237150,127.112605700,,정상가동,99.2,380,60,2017,발전사업용,2017-11-06,충청남도 논산시 지역경제과,1712,2025-12-28
민수 태양광발전소,,충청남도 논산시 광석면 사월리 산26-1,36.253167310,127.093348564,,정상가동,201,380,60,2017,발전사업용,2017-11-06,충청남도 논산시 지역경제과,2880,2025-12-28
가야촌 태양광발전소,충청남도 논산시 노성면 노성로 630-9,충청남도 논산시 노성면 교촌리 70,36.278739750,127.135290600,,정상가동,97.9,380,60,2017,발전사업용,2017-11-06,충청남도 논산시 지역경제과,385,2025-12-28
용산1 태양광발전소,,충청남도 논산시 은진면 용산리 387-10,36.159210177,127.114406136,,정상가동,96,380,60,2017,발전사업용,2017-11-16,충청남도 논산시 지역경제과,1650,2025-12-28
용산2 태양광발전소,,충청남도 논산시 은진면 용산리 387-9,36.159386740,127.114314962,,정상가동,96,380,60,2017,발전사업용,2017-11-16,충청남도 논산시 지역경제과,1650,2025-12-28
형솔라 태양광발전소,,충청남도 논산시 가야곡면 등리 산57-10,36.149818000,127.172733000,,정상가동,302.08,380,60,2017,발전사업용,2017-11-16,충청남도 논산시 지역경제과,4939,2025-12-28
더크리에이티브플러스(유) 태양광발전소,,충청남도 논산시 가야곡면 등리 산57-10,36.149818000,127.172733000,,정상가동,302.08,380,60,2017,발전사업용,2017-11-16,충청남도 논산시 지역경제과,4850,2025-12-28
솔라온2 태양광발전소,,충청남도 논산시 가야곡면 등리 118-2,36.150334020,127.171918101,,정상가동,302.08,380,60,2017,발전사업용,2017-11-16,충청남도 논산시 지역경제과,3911,2025-12-28
용산29호 태양광발전소,,충청남도 논산시 은진면 용산리 113,36.167254464,127.124330660,,정상가동,99.96,380,60,2017,발전사업용,2017-11-17,충청남도 논산시 지역경제과,1191,2025-12-28
용산32호 태양광발전소,,충청남도 논산시 은진면 용산리 113-2,36.167063850,127.123890200,,정상가동,99.96,380,60,2017,발전사업용,2017-11-17,충청남도 논산시 지역경제과,1378,2025-12-28
용산33호 태양광발전소,,충청남도 논산시 은진면 용산리 113-6,36.166598890,127.123161800,,정상가동,99.96,380,60,2017,발전사업용,2017-11-17,충청남도 논산시 지역경제과,1286,2025-12-28
용산34호 태양광발전소,,충청남도 논산시 은진면 용산리 113-21,36.166219410,127.123032600,,정상가동,99.96,380,60,2017,발전사업용,2017-11-17,충청남도 논산시 지역경제과,1613,2025-12-28
용산35호 태양광발전소,,충청남도 논산시 은진면 용산리 113-32,36.165336087,127.122346070,,정상가동,199.92,380,60,2017,발전사업용,2017-11-17,충청남도 논산시 지역경제과,2468,2025-12-28
용산38호 태양광발전소,,충청남도 논산시 은진면 용산리 113-7,36.166591990,127.123450900,,정상가동,99.96,380,60,2017,발전사업용,2017-11-17,충청남도 논산시 지역경제과,1268,2025-12-28
용산41호 태양광발전소,,충청남도 논산시 은진면 용산리 113-28,36.165865840,127.122747600,,정상가동,99.96,380,60,2017,발전사업용,2017-11-17,충청남도 논산시 지역경제과,1712,2025-12-28
용산39호 태양광발전소,,충청남도 논산시 은진면 용산리 113-29,36.165858940,127.123036600,,정상가동,99.96,380,60,2017,발전사업용,2017-11-17,충청남도 논산시 지역경제과,1437,2025-12-28
용산8호 태양광발전소,,충청남도 논산시 은진면 용산리 121-5,36.167315512,127.125679111,,정상가동,99.96,380,60,2017,발전사업용,2017-11-17,충청남도 논산시 지역경제과,1616,2025-12-28
용산9호 태양광발전소,,충청남도 논산시 은진면 용산리 122-2,36.167492670,127.125841700,,정상가동,99.96,380,60,2017,발전사업용,2017-11-17,충청남도 논산시 지역경제과,1349,2025-12-28
용산10호 태양광발전소,,충청남도 논산시 은진면 용산리 122-1,36.167655780,127.125870288,,정상가동,99.96,380,60,2017,발전사업용,2017-11-17,충청남도 논산시 지역경제과,1469,2025-12-28
이조 태양광발전소,충청남도 논산시 성동면 산업단지로5길 55,충청남도 논산시 성동면 원남리 1212-6,36.217253910,127.044731800,,정상가동,19.72,380,60,2017,발전사업용,2017-11-22,충청남도 논산시 지역경제과,114,2025-12-28
단하 태양광발전,,충청남도 논산시 상월면 숙진리 181-3,36.246716100,127.153901300,,정상가동,99.18,380,60,2017,발전사업용,2017-11-24,충청남도 논산시 지역경제과,1693,2025-12-28
은혜1호,,충청남도 논산시 상월면 숙진리 181-26,36.246662358,127.154123700,,정상가동,99.18,380,60,2017,발전사업용,2017-11-24,충청남도 논산시 지역경제과,1681,2025-12-28
범준에너지,,충청남도 논산시 상월면 숙진리 181-23,36.247150477,127.154076560,,정상가동,99.18,380,60,2017,발전사업용,2017-11-24,충청남도 논산시 지역경제과,1459,2025-12-28
청도에너지,,충청남도 논산시 상월면 숙진리 181-27,36.246705360,127.153656700,,정상가동,99.18,380,60,2017,발전사업용,2017-11-24,충청남도 논산시 지역경제과,1777,2025-12-28
지우 발전소,,충청남도 논산시 광석면 항월리 204,36.240485090,127.125866400,,정상가동,99.18,380,60,2017,발전사업용,2017-11-24,충청남도 논산시 지역경제과,1382,2025-12-28
센텀,,충청남도 논산시 광석면 항월리 179-5,36.240071770,127.125981300,,정상가동,99.18,380,60,2017,발전사업용,2017-11-24,충청남도 논산시 지역경제과,1304,2025-12-28
다산1호 태양광발전소,,충청남도 논산시 광석면 항월리 179,36.240235739,127.125963861,,정상가동,99.18,380,60,2017,발전사업용,2017-11-24,충청남도 논산시 지역경제과,1167,2025-12-28
SMS 태양광발전소,,충청남도 논산시 광석면 항월리 179-8,36.239852900,127.125961619,,정상가동,99.18,380,60,2017,발전사업용,2017-11-24,충청남도 논산시 지역경제과,1803,2025-12-28
IY솔라,,충청남도 논산시 광석면 항월리 179-6,36.239936190,127.125927200,,정상가동,99.18,380,60,2017,발전사업용,2017-11-24,충청남도 논산시 지역경제과,1325,2025-12-28
LPY 태양광발전소,,충청남도 논산시 광석면 항월리 179-10,36.239647820,127.125930400,,정상가동,99.18,380,60,2017,발전사업용,2017-11-24,충청남도 논산시 지역경제과,1457,2025-12-28
양산 태양광발전소,,충청남도 논산시 광석면 율리 119-47,36.271887080,127.085114600,,정상가동,99.75,380,60,2017,발전사업용,2017-11-28,충청남도 논산시 지역경제과,557,2025-12-28
월성1호 태양광발전소,충청남도 논산시 성동면 수탕원로 98-27,충청남도 논산시 성동면 원남리 910-1,36.204758170,127.028481000,,정상가동,180.88,380,60,2017,발전사업용,2017-11-28,충청남도 논산시 지역경제과,2364,2025-12-28
월성2호 태양광발전소,,충청남도 논산시 성동면 원남리 930-9,36.203913787,127.026025677,,정상가동,342.72,380,60,2017,발전사업용,2017-11-28,충청남도 논산시 지역경제과,1041,2025-12-28
경찬 태양광발전소,,충청남도 논산시 광석면 율리 117-11,36.274214350,127.090118300,,정상가동,99.75,380,60,2017,발전사업용,2017-11-28,충청남도 논산시 지역경제과,557,2025-12-28
신광일 태양광발전소,,충청남도 논산시 광석면 율리 117-10,36.274236350,127.090641200,,정상가동,99.75,380,60,2017,발전사업용,2017-11-28,충청남도 논산시 지역경제과,557,2025-12-28
화산 태양광발전소,,충청남도 논산시 광석면 율리 117-14,36.273646450,127.090102700,,정상가동,99.75,380,60,2017,발전사업용,2017-11-28,충청남도 논산시 지역경제과,557,2025-12-28
새빛 태양광발전소,,충청남도 논산시 광석면 율리 117-10,36.274236350,127.090641200,,정상가동,99.75,380,60,2017,발전사업용,2017-11-28,충청남도 논산시 지역경제과,557,2025-12-28
대명 태양광발전소,,충청남도 논산시 광석면 율리 117-12,36.274044400,127.090287300,,정상가동,99.75,380,60,2017,발전사업용,2017-11-28,충청남도 논산시 지역경제과,557,2025-12-28
현대리뉴어블랩2호 태양광발전소,충청남도 논산시 성동면 산업단지로2길 30,충청남도 논산시 성동면 원북리 856-3,36.220796130,127.048170100,,정상가동,184.96,380,60,2017,발전사업용,2017-11-28,충청남도 논산시 지역경제과,1156,2025-12-28
광석1호 태양광발전소,,충청남도 논산시 노성면 두사리 산16-7,36.248226380,127.115921200,,정상가동,198,380,60,2017,발전사업용,2017-12-01,충청남도 논산시 지역경제과,2600,2025-12-28
광석2호 태양광발전소,,충청남도 논산시 광석면 항월리 508-8,36.247379113,127.115568522,,정상가동,96,380,60,2017,발전사업용,2017-12-01,충청남도 논산시 지역경제과,3135,2025-12-28
솔에너지,,충청남도 논산시 광석면 중리 214,36.244451642,127.064394990,,정상가동,99.2,380,60,2017,발전사업용,2017-12-01,충청남도 논산시 지역경제과,1702,2025-12-28
준에너지,,충청남도 논산시 광석면 중리 215,36.244279982,127.065393660,,정상가동,99.2,380,60,2017,발전사업용,2017-12-01,충청남도 논산시 지역경제과,1664,2025-12-28
건희에너지,,충청남도 논산시 광석면 중리 215,36.244279982,127.065393660,,정상가동,99.2,380,60,2017,발전사업용,2017-12-01,충청남도 논산시 지역경제과,1642,2025-12-28
덕인원에너지,,충청남도 논산시 광석면 중리 215,36.244279982,127.065393660,,정상가동,99.2,380,60,2017,발전사업용,2017-12-01,충청남도 논산시 지역경제과,1661,2025-12-28
드림원에너지,,충청남도 논산시 광석면 중리 215,36.244279982,127.065393660,,정상가동,99.2,380,60,2017,발전사업용,2017-12-01,충청남도 논산시 지역경제과,1659,2025-12-28
도현1호에너지,,충청남도 논산시 광석면 중리 214,36.244451642,127.064394990,,정상가동,99.2,380,60,2017,발전사업용,2017-12-01,충청남도 논산시 지역경제과,1667,2025-12-28
하늘 태양광발전소,,충청남도 논산시 광석면 사월리 179-14,36.249890515,127.096848523,,정상가동,96.9,380,60,2017,발전사업용,2017-12-01,충청남도 논산시 지역경제과,1442,2025-12-28
비젼 태양광발전소,,충청남도 논산시 광석면 사월리 179-14,36.249890515,127.096848523,,정상가동,96.9,380,60,2017,발전사업용,2017-12-01,충청남도 논산시 지역경제과,1442,2025-12-28
로뎀 태양광발전소,,충청남도 논산시 광석면 사월리 179-14,36.249890515,127.096848523,,정상가동,96.9,380,60,2017,발전사업용,2017-12-01,충청남도 논산시 지역경제과,1442,2025-12-28
일오삼 태양광발전소,,충청남도 논산시 광석면 사월리 179-14,36.249890515,127.096848523,,정상가동,96.9,380,60,2017,발전사업용,2017-12-01,충청남도 논산시 지역경제과,1442,2025-12-28
윤상철 태양광발전소,,충청남도 논산시 은진면 용산리 388-17,36.160015373,127.114677800,,정상가동,96,380,60,2017,발전사업용,2017-12-04,충청남도 논산시 지역경제과,1600,2025-12-28
빛나라 태양광발전소,,충청남도 논산시 은진면 용산리 387-1,36.159752989,127.114387708,,정상가동,96,380,60,2017,발전사업용,2017-12-04,충청남도 논산시 지역경제과,1600,2025-12-28
청정2 태양광발전소,,충청남도 논산시 은진면 용산리 387-7,36.159603270,127.114326100,,정상가동,96,380,60,2017,발전사업용,2017-12-04,충청남도 논산시 지역경제과,1600,2025-12-28
지민솔라 태양광발전소,,충청남도 논산시 은진면 용산리 388,36.160250777,127.114947598,,정상가동,96,380,60,2017,발전사업용,2017-12-04,충청남도 논산시 지역경제과,1600,2025-12-28
권경택 태양광발전소,,충청남도 논산시 은진면 용산리 388,36.160250777,127.114947598,,정상가동,96,380,60,2017,발전사업용,2017-12-04,충청남도 논산시 지역경제과,1600,2025-12-28
빛나2 태양광발전소,,충청남도 논산시 은진면 용산리 387-6,36.159675610,127.114358700,,정상가동,96,380,60,2017,발전사업용,2017-12-04,충청남도 논산시 지역경제과,1600,2025-12-28
김민수 태양광발전소,,충청남도 논산시 은진면 용산리 388,36.160250777,127.114947598,,정상가동,96,380,60,2017,발전사업용,2017-12-04,충청남도 논산시 지역경제과,1600,2025-12-28
용산22호 태양광발전소,,충청남도 논산시 은진면 용산리 103-9,36.164100570,127.124145400,,정상가동,99.96,380,60,2017,발전사업용,2017-12-04,충청남도 논산시 지역경제과,992,2025-12-28
용산21호 태양광발전소,,충청남도 논산시 은진면 용산리 103-8,36.164298670,127.124121000,,정상가동,99.96,380,60,2017,발전사업용,2017-12-04,충청남도 논산시 지역경제과,1458,2025-12-28
용산23호 태양광발전소,,충청남도 논산시 은진면 용산리 103-1,36.164532926,127.123874817,,정상가동,52.36,380,60,2017,발전사업용,2017-12-04,충청남도 논산시 지역경제과,1406,2025-12-28
보람2 태양광발전소,,충청남도 논산시 노성면 장구리 110-54,36.278398974,127.081431600,,정상가동,99.36,380,60,2017,발전사업용,2017-12-07,충청남도 논산시 지역경제과,5559,2025-12-28
여충 태양광발전소,,충청남도 논산시 노성면 장구리 110-61,36.276839810,127.083463953,,정상가동,99.36,380,60,2017,발전사업용,2017-12-07,충청남도 논산시 지역경제과,3059,2025-12-28
지섭2 태양광발전소,,충청남도 논산시 노성면 장구리 110-64,36.277945338,127.082627900,,정상가동,99.36,380,60,2017,발전사업용,2017-12-07,충청남도 논산시 지역경제과,373.29,2025-12-28
성식2 태양광발전소,,충청남도 논산시 노성면 장구리 110-64,36.277945338,127.082627900,,정상가동,99.36,380,60,2017,발전사업용,2017-12-07,충청남도 논산시 지역경제과,1350,2025-12-28
명석 태양광발전소,,충청남도 논산시 노성면 장구리 110-57,36.278356314,127.082158600,,정상가동,99.36,380,60,2017,발전사업용,2017-12-07,충청남도 논산시 지역경제과,4610,2025-12-28
경임 태양광발전소,,충청남도 논산시 노성면 장구리 110-59,36.276934930,127.082923778,,정상가동,99.36,380,60,2017,발전사업용,2017-12-07,충청남도 논산시 지역경제과,2366,2025-12-28
여은2 태양광발전소,,충청남도 논산시 노성면 장구리 110-58,36.277249480,127.082759200,,정상가동,99.36,380,60,2017,발전사업용,2017-12-07,충청남도 논산시 지역경제과,2389,2025-12-28
원진2 태양광발전소,,충청남도 논산시 광석면 사월리 184-65,36.254205541,127.097501751,,정상가동,97.5,380,60,2017,발전사업용,2017-12-08,충청남도 논산시 지역경제과,1603,2025-12-28
원진 태양광발전소,,충청남도 논산시 광석면 사월리 184-65,36.254205541,127.097501751,,정상가동,97.5,380,60,2017,발전사업용,2017-12-08,충청남도 논산시 지역경제과,1600,2025-12-28
화강 태양광발전소,,충청남도 논산시 광석면 사월리 184-65,36.254205541,127.097501751,,정상가동,97.5,380,60,2017,발전사업용,2017-12-08,충청남도 논산시 지역경제과,1600,2025-12-28
한빛 태양광발전소,,충청남도 논산시 광석면 사월리 184-65,36.254205541,127.097501751,,정상가동,97.5,380,60,2017,발전사업용,2017-12-08,충청남도 논산시 지역경제과,1600,2025-12-28
율리2호 태양광발전소,,충청남도 논산시 광석면 율리 119-50,36.272220850,127.085246181,,정상가동,99.75,380,60,2017,발전사업용,2017-12-21,충청남도 논산시 지역경제과,557,2025-12-28
황금 태양광발전소,,충청남도 논산시 가야곡면 두월리 522-1,36.153110640,127.137336500,,정상가동,99.96,380,60,2017,발전사업용,2017-12-21,충청남도 논산시 지역경제과,2701,2025-12-28
율리1호 태양광발전소,,충청남도 논산시 광석면 율리 119-27,36.272333622,127.084896663,,정상가동,99.75,380,60,2017,발전사업용,2017-12-21,충청남도 논산시 지역경제과,557,2025-12-28
유희 태양광발전소,충청남도 논산시 연산면 연산사계7길 20-21,충청남도 논산시 연산면 장전리 421,36.231381610,127.167459800,,정상가동,99.96,380,60,2017,발전사업용,2017-12-21,충청남도 논산시 지역경제과,597,2025-12-28
장골농원 태양광발전소,충청남도 논산시 노성면 명재로287번길 51,충청남도 논산시 노성면 장구리 3-2,36.276976470,127.090687400,,정상가동,478.72,380,60,2017,발전사업용,2017-12-21,충청남도 논산시 지역경제과,5800,2025-12-28
세종에너지1호 태양광발전소,,충청남도 논산시 성동면 원북리 302-10,36.221113807,127.042100098,,정상가동,99,380,60,2017,발전사업용,2017-12-22,충청남도 논산시 지역경제과,1115,2025-12-28
세종에너지2호 태양광발전소,,충청남도 논산시 성동면 원북리 302-9,36.221270150,127.042058100,,정상가동,99,380,60,2017,발전사업용,2017-12-22,충청남도 논산시 지역경제과,1029,2025-12-28
세종에너지3호 태양광발전소,,충청남도 논산시 성동면 원북리 302-8,36.221435461,127.042054879,,정상가동,99,380,60,2017,발전사업용,2017-12-22,충청남도 논산시 지역경제과,1024,2025-12-28
세종에너지4호 태양광발전소,,충청남도 논산시 성동면 원북리 302-1,36.221617804,127.042013098,,정상가동,99,380,60,2017,발전사업용,2017-12-22,충청남도 논산시 지역경제과,1017,2025-12-28
연수1호 태양광발전소,,충청남도 논산시 성동면 원북리 302-15,36.221051090,127.042612952,,정상가동,99,380,60,2017,발전사업용,2017-12-22,충청남도 논산시 지역경제과,955,2025-12-28
에너지 숲,,충청남도 논산시 성동면 원북리 302-14,36.221375590,127.042778492,,정상가동,495,380,60,2017,발전사업용,2017-12-22,충청남도 논산시 지역경제과,4721,2025-12-28
율리3호 태양광발전소,,충청남도 논산시 광석면 율리 119-27,36.272333622,127.084896663,,정상가동,99.75,380,60,2017,발전사업용,2017-12-27,충청남도 논산시 지역경제과,557,2025-12-28
에이치에스발전,,충청남도 논산시 노성면 두사리 195-7,36.248674420,127.115760022,,정상가동,99,380,60,2018,발전사업용,2018-01-03,충청남도 논산시 지역경제과,640,2025-12-28
성지 태양광발전소,충청남도 논산시 은진면 살포재길 119,충청남도 논산시 은진면 용산리 산 13-1,36.157558580,127.125540600,,정상가동,97.92,380,60,2018,발전사업용,2018-01-05,충청남도 논산시 지역경제과,1596,2025-12-28
호준2 태양광발전소,충청남도 논산시 은진면 살포재길 119,충청남도 논산시 은진면 용산리 산 13-1,36.157558580,127.125540600,,정상가동,97.92,380,60,2018,발전사업용,2018-01-05,충청남도 논산시 지역경제과,1596,2025-12-28
성산 태양광발전소,충청남도 논산시 은진면 살포재길 119,충청남도 논산시 은진면 용산리 산 13-1,36.157558580,127.125540600,,정상가동,97.92,380,60,2018,발전사업용,2018-01-05,충청남도 논산시 지역경제과,1596,2025-12-28
민정 태양광발전소,충청남도 논산시 은진면 살포재길 119,충청남도 논산시 은진면 용산리 산 13-1,36.157558580,127.125540600,,정상가동,97.92,380,60,2018,발전사업용,2018-01-05,충청남도 논산시 지역경제과,1596,2025-12-28
관우 태양광발전소,충청남도 논산시 은진면 살포재길 119,충청남도 논산시 은진면 용산리 산 13-1,36.157558580,127.125540600,,정상가동,97.92,380,60,2018,발전사업용,2018-01-05,충청남도 논산시 지역경제과,1596,2025-12-28
T.K 태양광발전소,충청남도 논산시 은진면 살포재길 119,충청남도 논산시 은진면 용산리 산 13-1,36.157558580,127.125540600,,정상가동,97.92,380,60,2018,발전사업용,2018-01-05,충청남도 논산시 지역경제과,1596,2025-12-28
실로암 발전소,,충청남도 논산시 노성면 장구리 13-13,36.273186224,127.085098697,,정상가동,90,380,60,2018,발전사업용,2018-01-05,충청남도 논산시 지역경제과,1121,2025-12-28
새생명 발전소,,충청남도 논산시 노성면 장구리 13-13,36.273186224,127.085098697,,정상가동,90,380,60,2018,발전사업용,2018-01-05,충청남도 논산시 지역경제과,1241,2025-12-28
한사랑 발전소,,충청남도 논산시 노성면 장구리 13-13,36.273186224,127.085098697,,정상가동,90,380,60,2018,발전사업용,2018-01-05,충청남도 논산시 지역경제과,1390,2025-12-28
동규 태양광발전소,충청남도 논산시 강경읍 여강로 1249-19,충청남도 논산시 강경읍 채산리 458-4,36.146864850,127.013404000,,정상가동,98.8,380,60,2018,발전사업용,2018-01-05,충청남도 논산시 지역경제과,691,2025-12-28
오케이 태양광발전소,충청남도 논산시 연무읍 신화길 81-20,충청남도 논산시 연무읍 신화리 60,36.128761990,127.078421400,,정상가동,497,380,60,2018,발전사업용,2018-01-05,충청남도 논산시 지역경제과,2215,2025-12-28
성진 태양광발전소,,충청남도 논산시 노성면 병사리 469,36.272369720,127.106066700,,정상가동,181.56,380,60,2018,발전사업용,2018-01-15,충청남도 논산시 지역경제과,1010,2025-12-28
용산4호 태양광발전소,,충청남도 논산시 은진면 용산리 113-15,36.166783340,127.125147002,,정상가동,99.96,380,60,2018,발전사업용,2018-01-15,충청남도 논산시 지역경제과,1458,2025-12-28
용산5호 태양광발전소,,충청남도 논산시 은진면 용산리 121-6,36.167030070,127.125435600,,정상가동,99.96,380,60,2018,발전사업용,2018-01-15,충청남도 논산시 지역경제과,1296,2025-12-28
용산11호 태양광발전소,,충청남도 논산시 은진면 용산리 124,36.168264008,127.126393341,,정상가동,99.96,380,60,2018,발전사업용,2018-01-15,충청남도 논산시 지역경제과,1454,2025-12-28
용산12호 태양광발전소,,충청남도 논산시 은진면 용산리 124-2,36.167890278,127.126790775,,정상가동,99.96,380,60,2018,발전사업용,2018-01-15,충청남도 논산시 지역경제과,1347,2025-12-28
용산24호 태양광발전소,,충청남도 논산시 은진면 용산리 113-14,36.166692090,127.124816900,,정상가동,99.96,380,60,2018,발전사업용,2018-01-15,충청남도 논산시 지역경제과,1159,2025-12-28
용산25호 태양광발전소,,충청남도 논산시 은진면 용산리 120-4,36.167941490,127.124358400,,정상가동,99.96,380,60,2018,발전사업용,2018-01-15,충청남도 논산시 지역경제과,1273,2025-12-28
용산26호 태양광발전소,,충청남도 논산시 은진면 용산리 113-10,36.166824750,127.124470900,,정상가동,99.96,380,60,2018,발전사업용,2018-01-15,충청남도 논산시 지역경제과,1323,2025-12-28
용산K27 태양광발전소,,충청남도 논산시 은진면 용산리 113-9,36.166822070,127.124104100,,정상가동,99.96,380,60,2018,발전사업용,2018-01-15,충청남도 논산시 지역경제과,1245,2025-12-28
용산28호 태양광발전소,,충청남도 논산시 은진면 용산리 113-11,36.166560730,127.124107000,,정상가동,99.96,380,60,2018,발전사업용,2018-01-15,충청남도 논산시 지역경제과,1191,2025-12-28
용산30호 태양광발전소,,충청남도 논산시 은진면 용산리 113-23,36.166251730,127.123754700,,정상가동,99.96,380,60,2018,발전사업용,2018-01-15,충청남도 논산시 지역경제과,1398,2025-12-28
용산31호 태양광발전소,,충청남도 논산시 은진면 용산리 113-22,36.166249130,127.123404151,,정상가동,99.96,380,60,2018,발전사업용,2018-01-15,충청남도 논산시 지역경제과,1593,2025-12-28
용산42호 태양광발전소,,충청남도 논산시 은진면 용산리 113-20,36.166217300,127.122743700,,정상가동,99.96,380,60,2018,발전사업용,2018-01-15,충청남도 논산시 지역경제과,1712,2025-12-28
일상1호 태양광발전소,,충청남도 논산시 상월면 대우리 247,36.275024605,127.169913956,,정상가동,198.8,380,60,2018,발전사업용,2018-01-17,충청남도 논산시 지역경제과,1935,2025-12-28
일상2호 태양광발전소,,충청남도 논산시 상월면 대우리 247-4,36.275084120,127.170180100,,정상가동,99.4,380,60,2018,발전사업용,2018-01-17,충청남도 논산시 지역경제과,1074,2025-12-28
일상3호 태양광발전소,,충청남도 논산시 상월면 대우리 247-5,36.275175160,127.170312800,,정상가동,99.4,380,60,2018,발전사업용,2018-01-17,충청남도 논산시 지역경제과,975,2025-12-28
일상4호 태양광발전소,,충청남도 논산시 상월면 대우리 247-6,36.275257270,127.170456600,,정상가동,99.4,380,60,2018,발전사업용,2018-01-17,충청남도 논산시 지역경제과,1023,2025-12-28
일상6호 태양광발전소,,충청남도 논산시 상월면 대우리 247-9,36.275421250,127.170710800,,정상가동,99.4,380,60,2018,발전사업용,2018-01-17,충청남도 논산시 지역경제과,918,2025-12-28
대우7호 태양광발전소,,충청남도 논산시 상월면 대우리 247-11,36.275321843,127.170821900,,정상가동,99.4,380,60,2018,발전사업용,2018-01-17,충청남도 논산시 지역경제과,918,2025-12-28
일상8호 태양광발전소,,충청남도 논산시 상월면 대우리 247-12,36.275393671,127.170961116,,정상가동,99.4,380,60,2018,발전사업용,2018-01-17,충청남도 논산시 지역경제과,1227,2025-12-28
일상5호 태양광발전소,,충청남도 논산시 상월면 대우리 247-8,36.275348390,127.170593757,,정상가동,99.4,380,60,2018,발전사업용,2018-01-17,충청남도 논산시 지역경제과,1029,2025-12-28
용현2호 태양광발전소,,충청남도 논산시 노성면 효죽리 산40-1,36.292107990,127.069526900,,정상가동,97.92,380,60,2018,발전사업용,2018-01-22,충청남도 논산시 지역경제과,1650,2025-12-28
용현3호 태양광발전소,,충청남도 논산시 노성면 효죽리 산40-1,36.292107990,127.069526900,,정상가동,97.92,380,60,2018,발전사업용,2018-01-22,충청남도 논산시 지역경제과,1650,2025-12-28
경애 태양광발전소,,충청남도 논산시 연무읍 봉동리 1266,36.092934459,127.073810900,,정상가동,297,380,60,2018,발전사업용,2018-01-22,충청남도 논산시 지역경제과,5075,2025-12-28
신교24호 태양광발전소,,충청남도 논산시 부적면 신교리 52-11,36.192716490,127.151921867,,정상가동,295.47,380,60,2018,발전사업용,2018-01-22,충청남도 논산시 지역경제과,4085,2025-12-28
신교25호 태양광발전소,,충청남도 논산시 부적면 신교리 52-8,36.192966100,127.152744500,,정상가동,79.73,380,60,2018,발전사업용,2018-01-22,충청남도 논산시 지역경제과,1654,2025-12-28
신교26호 태양광발전소,,충청남도 논산시 부적면 신교리 52-6,36.193192740,127.152880916,,정상가동,98.49,380,60,2018,발전사업용,2018-01-22,충청남도 논산시 지역경제과,1228,2025-12-28
신교27호 태양광발전소,,충청남도 논산시 부적면 신교리 48-2,36.193375090,127.153321531,,정상가동,98.49,380,60,2018,발전사업용,2018-01-22,충청남도 논산시 지역경제과,1368,2025-12-28
신교28호 태양광발전소,,충청남도 논산시 부적면 신교리 48,36.193583872,127.153370097,,정상가동,98.49,380,60,2018,발전사업용,2018-01-22,충청남도 논산시 지역경제과,1435,2025-12-28
용산1호 태양광발전소,,충청남도 논산시 은진면 용산리 113-26,36.166247990,127.124477300,,정상가동,99.96,380,60,2018,발전사업용,2018-01-24,충청남도 논산시 지역경제과,1501,2025-12-28
용산2호 태양광발전소,,충청남도 논산시 은진면 용산리 113-24,36.166118010,127.123956300,,정상가동,99.96,380,60,2018,발전사업용,2018-01-24,충청남도 논산시 지역경제과,2773,2025-12-28
용산3호 태양광발전소,,충청남도 논산시 은진면 용산리 113-27,36.166250750,127.124855100,,정상가동,99.96,380,60,2018,발전사업용,2018-01-24,충청남도 논산시 지역경제과,2773,2025-12-28
용산6호 태양광발전소,,충청남도 논산시 은진면 용산리 113-13,36.167355882,127.125070700,,정상가동,495.72,380,60,2018,발전사업용,2018-01-24,충청남도 논산시 지역경제과,6147,2025-12-28
용산19호 태양광발전소,,충청남도 논산시 은진면 용산리 113,36.167254464,127.124330660,,정상가동,499.8,380,60,2018,발전사업용,2018-01-24,충청남도 논산시 지역경제과,6235,2025-12-28
용산13호 태양광발전소,,충청남도 논산시 은진면 용산리 122,36.167821073,127.126128882,,정상가동,199.92,380,60,2018,발전사업용,2018-01-24,충청남도 논산시 지역경제과,2314,2025-12-28
미애 태양광발전소,,충청남도 논산시 광석면 율리 117-14,36.273646450,127.090102700,,정상가동,99.75,380,60,2018,발전사업용,2018-01-24,충청남도 논산시 지역경제과,557,2025-12-28
화성 태양광발전소,,충청남도 논산시 광석면 율리 117-14,36.273646450,127.090102700,,정상가동,99.75,380,60,2018,발전사업용,2018-01-24,충청남도 논산시 지역경제과,557,2025-12-28
우정 태양광발전소,,충청남도 논산시 광석면 율리 117-14,36.273646450,127.090102700,,정상가동,99.75,380,60,2018,발전사업용,2018-01-24,충청남도 논산시 지역경제과,557,2025-12-28
한솔 태양광발전소,,충청남도 논산시 광석면 율리 113-20,36.274302169,127.090769399,,정상가동,99.75,380,60,2018,발전사업용,2018-01-24,충청남도 논산시 지역경제과,557,2025-12-28
율리 태양광발전소,,충청남도 논산시 광석면 율리 119-1,36.272124470,127.085579116,,정상가동,99.75,380,60,2018,발전사업용,2018-01-24,충청남도 논산시 지역경제과,557,2025-12-28
영도 태양광발전소,,충청남도 논산시 광석면 율리 119-3,36.271814648,127.084551866,,정상가동,99.75,380,60,2018,발전사업용,2018-01-24,충청남도 논산시 지역경제과,557,2025-12-28
푸른 태양광발전소,,충청남도 논산시 광석면 율리 119-53,36.272133436,127.084721577,,정상가동,99.75,380,60,2018,발전사업용,2018-01-24,충청남도 논산시 지역경제과,557,2025-12-28
우진 태양광발전소,,충청남도 논산시 노성면 송당리 362-4,36.263115450,127.111113100,,정상가동,99.75,380,60,2018,발전사업용,2018-01-25,충청남도 논산시 지역경제과,557,2025-12-28
서윤 태양광발전소,,충청남도 논산시 노성면 송당리 362-5,36.263135860,127.111435600,,정상가동,99.75,380,60,2018,발전사업용,2018-01-25,충청남도 논산시 지역경제과,557,2025-12-28
용수 태양광발전소,,충청남도 논산시 성동면 우곤리 38,36.201327040,127.007715207,,정상가동,99.45,380,60,2018,발전사업용,2018-01-25,충청남도 논산시 지역경제과,1194,2025-12-28
해온솔라 태양광발전소,,충청남도 논산시 성동면 우곤리 41-4,36.200799220,127.008224170,,정상가동,99.45,380,60,2018,발전사업용,2018-01-25,충청남도 논산시 지역경제과,1568,2025-12-28
중부 태양광발전소,,충청남도 논산시 성동면 우곤리 38,36.201327040,127.007715207,,정상가동,99.45,380,60,2018,발전사업용,2018-01-25,충청남도 논산시 지역경제과,1595,2025-12-28
이즈 태양광발전소,,충청남도 논산시 성동면 우곤리 38,36.201327040,127.007715207,,정상가동,99.45,380,60,2018,발전사업용,2018-01-25,충청남도 논산시 지역경제과,1089,2025-12-28
진산 태양광발전소,,충청남도 논산시 성동면 우곤리 38,36.201327040,127.007715207,,정상가동,99.45,380,60,2018,발전사업용,2018-01-25,충청남도 논산시 지역경제과,1272,2025-12-28
광석큐 에너지,,충청남도 논산시 광석면 중리 249-11,36.244698600,127.066683800,,정상가동,99.28,380,60,2018,발전사업용,2018-01-26,충청남도 논산시 지역경제과,1300,2025-12-28
창영1호에너지,,충청남도 논산시 광석면 중리 249-7,36.244669040,127.065204300,,정상가동,99.28,380,60,2018,발전사업용,2018-01-26,충청남도 논산시 지역경제과,1611,2025-12-28
이카루스 에너지,,충청남도 논산시 광석면 중리 249,36.244638147,127.064868677,,정상가동,99.28,380,60,2018,발전사업용,2018-01-26,충청남도 논산시 지역경제과,1349,2025-12-28
도현2호에너지,,충청남도 논산시 광석면 중리 249-8,36.244662370,127.065504800,,정상가동,99.28,380,60,2018,발전사업용,2018-01-26,충청남도 논산시 지역경제과,1278,2025-12-28
광석엠에너지,,충청남도 논산시 광석면 중리 249-9,36.244646950,127.065838800,,정상가동,99.28,380,60,2018,발전사업용,2018-01-26,충청남도 논산시 지역경제과,1299,2025-12-28
광석피에너지,,충청남도 논산시 광석면 중리 249-10,36.244685802,127.066249600,,정상가동,99.28,380,60,2018,발전사업용,2018-01-26,충청남도 논산시 지역경제과,1240,2025-12-28
용산37호 태양광발전소,,충청남도 논산시 은진면 용산리 113-8,36.166600659,127.123739800,,정상가동,99.96,380,60,2018,발전사업용,2018-01-29,충청남도 논산시 지역경제과,1226,2025-12-28
SY에너지,,충청남도 논산시 연무읍 봉동리 1294-26,36.089293920,127.068865800,,정상가동,396.8,380,60,2018,발전사업용,2018-02-09,충청남도 논산시 지역경제과,4505,2025-12-28
주식회사 태영티에스,,충청남도 논산시 연무읍 봉동리 1294-25,36.089350990,127.068075900,,정상가동,396.8,380,60,2018,발전사업용,2018-02-09,충청남도 논산시 지역경제과,4611,2025-12-28
화정 태양광발전소,충청남도 논산시 채운면 화정길 50,충청남도 논산시 채운면 화정리 90-7,36.141135440,127.070132300,,정상가동,99,380,60,2018,발전사업용,2018-02-09,충청남도 논산시 지역경제과,510,2025-12-28
수정 태양광발전소,,충청남도 논산시 가야곡면 두월리 505,36.156362600,127.138666751,,정상가동,96.9,380,60,2018,발전사업용,2018-02-09,충청남도 논산시 지역경제과,1600,2025-12-28
수정2 태양광발전소,,충청남도 논산시 가야곡면 두월리 505,36.156362600,127.138666751,,정상가동,96.9,380,60,2018,발전사업용,2018-02-09,충청남도 논산시 지역경제과,1481,2025-12-28
에이치제이에너지 태양광발전소,,충청남도 논산시 연무읍 마전리 988-43,36.086612800,127.072961300,,정상가동,397.12,380,60,2018,발전사업용,2018-02-09,충청남도 논산시 지역경제과,4153,2025-12-28
케이제이 태양광발전소,충청남도 논산시 연무읍 삼봉1길 116,충청남도 논산시 연무읍 마전리 산 248,36.0865913972,127.0735500824,,정상가동,397.12,380,60,2018,발전사업용,2018-02-09,충청남도 논산시 지역경제과,4798,2025-12-28
행복한 발전소,,충청남도 논산시 부적면 신교리 51-19,36.193492780,127.152027200,,정상가동,249.9,380,60,2018,발전사업용,2018-02-20,충청남도 논산시 지역경제과,4217,2025-12-28
김용원 발전소,,충청남도 논산시 부적면 신교리 51-15,36.193787471,127.151992510,,정상가동,249.9,380,60,2018,발전사업용,2018-02-20,충청남도 논산시 지역경제과,3711,2025-12-28
노성농업협동조합,충청남도 논산시 노성면 노성로 526,충청남도 논산시 노성면 읍내리 300-1,36.276183680,127.124595928,,정상가동,195.84,380,60,2018,발전사업용,2018-02-20,충청남도 논산시 지역경제과,1200,2025-12-28
일광 태양광발전소,,충청남도 논산시 은진면 방축리 587-3,36.160364990,127.083753800,,정상가동,98.55,380,60,2018,발전사업용,2018-02-20,충청남도 논산시 지역경제과,585,2025-12-28
예사랑2호 태양광발전소,,충청남도 논산시 은진면 시묘리 471-4,36.141837970,127.133881800,,정상가동,293.76,380,60,2018,발전사업용,2018-02-20,충청남도 논산시 지역경제과,1661,2025-12-28
등리1호 태양광발전소,,충청남도 논산시 가야곡면 등리 404-1,36.155932910,127.164255900,,정상가동,97.2,380,60,2018,발전사업용,2018-03-06,충청남도 논산시 지역경제과,600,2025-12-28
등리2호 태양광발전소,,충청남도 논산시 가야곡면 등리 404-1,36.155932910,127.164255900,,정상가동,97.2,380,60,2018,발전사업용,2018-03-06,충청남도 논산시 지역경제과,600,2025-12-28
등리3호 태양광발전소,,충청남도 논산시 가야곡면 등리 404-1,36.155932910,127.164255900,,정상가동,97.2,380,60,2018,발전사업용,2018-03-06,충청남도 논산시 지역경제과,600,2025-12-28
죽암 태양광발전소㈜,,충청남도 논산시 연무읍 봉동리 539-6,36.110435260,127.068561200,,정상가동,99,380,60,2018,발전사업용,2018-03-06,충청남도 논산시 지역경제과,1309,2025-12-28
논산드림피드태양광,,충청남도 논산시 은진면 방축리 587-2,36.160601420,127.084028900,,정상가동,98.55,380,60,2018,발전사업용,2018-03-06,충청남도 논산시 지역경제과,585,2025-12-28
서웅 태양광발전소,,충청남도 논산시 은진면 방축리 446-4,36.160767938,127.084295616,,정상가동,98.55,380,60,2018,발전사업용,2018-03-06,충청남도 논산시 지역경제과,585,2025-12-28
서연 태양광발전소,,충청남도 논산시 은진면 방축리 446-3,36.160975910,127.084680300,,정상가동,98.55,380,60,2018,발전사업용,2018-03-06,충청남도 논산시 지역경제과,585,2025-12-28
한빛 태양광발전소,,충청남도 논산시 노성면 송당리 369-21,36.264323990,127.112706681,,정상가동,99.75,380,60,2018,발전사업용,2018-03-07,충청남도 논산시 지역경제과,557,2025-12-28
광조 태양광발전소,,충청남도 논산시 노성면 송당리 369-24,36.263930440,127.112851100,,정상가동,99.75,380,60,2018,발전사업용,2018-03-07,충청남도 논산시 지역경제과,557,2025-12-28
백마 태양광발전소,,충청남도 논산시 노성면 송당리 369-23,36.263819580,127.112505185,,정상가동,99.75,380,60,2018,발전사업용,2018-03-07,충청남도 논산시 지역경제과,557,2025-12-28
백제1호 태양광발전소,충청남도 논산시 노성면 읍내3길 88-59,충청남도 논산시 노성면 송당리 369-2,36.264448470,127.113435100,,정상가동,99.75,380,60,2018,발전사업용,2018-03-07,충청남도 논산시 지역경제과,557,2025-12-28
백제2호 태양광발전소,,충청남도 논산시 노성면 송당리 376-3,36.263863200,127.113496685,,정상가동,99.75,380,60,2018,발전사업용,2018-03-07,충청남도 논산시 지역경제과,557,2025-12-28
선버드 태양광발전소,,충청남도 논산시 노성면 송당리 369-22,36.264080260,127.112393100,,정상가동,99.75,380,60,2018,발전사업용,2018-03-07,충청남도 논산시 지역경제과,557,2025-12-28
티브레인에너지 발전소,,충청남도 논산시 노성면 송당리 376-1,36.263969040,127.113195700,,정상가동,99.75,380,60,2018,발전사업용,2018-03-07,충청남도 논산시 지역경제과,557,2025-12-28
히트 태양광발전소,,충청남도 논산시 노성면 송당리 369-17,36.264993410,127.112816315,,정상가동,99.75,380,60,2018,발전사업용,2018-03-07,충청남도 논산시 지역경제과,557,2025-12-28
대도 태양광발전소,,충청남도 논산시 노성면 송당리 369-18,36.264604113,127.112718729,,정상가동,99.75,380,60,2018,발전사업용,2018-03-07,충청남도 논산시 지역경제과,557,2025-12-28
혜원 태양광발전소,,충청남도 논산시 노성면 송당리 369-29,36.265309890,127.112924600,,정상가동,99.75,380,60,2018,발전사업용,2018-03-07,충청남도 논산시 지역경제과,557,2025-12-28
실버 태양광발전소,,충청남도 논산시 노성면 호암리 511-2,36.296907530,127.090219517,,정상가동,97.92,380,60,2018,발전사업용,2018-03-16,충청남도 논산시 지역경제과,1698,2025-12-28
홍순 태양광발전소,충청남도 논산시 부적면 남마구평길 21,충청남도 논산시 부적면 마구평리 37-47,36.213803520,127.130143400,,정상가동,99,380,60,2018,발전사업용,2018-03-16,충청남도 논산시 지역경제과,984,2025-12-28
테크트리 태양광발전소,,충청남도 논산시 광석면 항월리 327-3,36.252133840,127.118711983,,정상가동,98.55,380,60,2018,발전사업용,2018-03-19,충청남도 논산시 지역경제과,1826,2025-12-28
서광 태양광발전소,,충청남도 논산시 광석면 항월리 327-3,36.252133840,127.118711983,,정상가동,98.55,380,60,2018,발전사업용,2018-03-19,충청남도 논산시 지역경제과,1431,2025-12-28
강남 태양광발전소,,충청남도 논산시 광석면 항월리 327-3,36.252133840,127.118711983,,정상가동,98.55,380,60,2018,발전사업용,2018-03-19,충청남도 논산시 지역경제과,1342,2025-12-28
띠울 태양광발전소,,충청남도 논산시 광석면 항월리 327-3,36.252133840,127.118711983,,정상가동,98.55,380,60,2018,발전사업용,2018-03-19,충청남도 논산시 지역경제과,1364,2025-12-28
신유 태양광발전소,,충청남도 논산시 광석면 항월리 327-3,36.252133840,127.118711983,,정상가동,98.55,380,60,2018,발전사업용,2018-03-19,충청남도 논산시 지역경제과,1515,2025-12-28
수지현6호 발전소,,충청남도 논산시 가야곡면 함적리 53-2,36.144879820,127.191352900,,정상가동,99.2,380,60,2019,발전사업용,2019-03-15,충청남도 논산시 지역경제과,1076,2025-12-28
가야곡 태양광발전소 3호,,충청남도 논산시 가야곡면 함적리 54-3,36.145050230,127.191228900,,정상가동,99.2,380,60,2019,발전사업용,2019-03-15,충청남도 논산시 지역경제과,1172,2025-12-28
가야곡 태양광발전소 4호,,충청남도 논산시 가야곡면 함적리 54-2,36.145122700,127.191366505,,정상가동,99.2,380,60,2019,발전사업용,2019-03-15,충청남도 논산시 지역경제과,1092,2025-12-28
가야곡 태양광발전소 5호,,충청남도 논산시 가야곡면 함적리 55-5,36.145283640,127.191093200,,정상가동,99.2,380,60,2019,발전사업용,2019-03-15,충청남도 논산시 지역경제과,1165,2025-12-28
가야곡 태양광발전소 6호,,충청남도 논산시 가야곡면 함적리 55-4,36.145436770,127.191080500,,정상가동,99.2,380,60,2019,발전사업용,2019-03-15,충청남도 논산시 지역경제과,1294,2025-12-28
금강에너지3호,,충청남도 논산시 상월면 대명리 205-229,36.305680674,127.185134662,,정상가동,99.18,380,60,2019,발전사업용,2019-03-29,충청남도 논산시 지역경제과,1137,2025-12-28
서훈 태양광발전소,,충청남도 논산시 상월면 대명리 205-263,36.305719930,127.186122448,,정상가동,99.18,380,60,2019,발전사업용,2019-03-29,충청남도 논산시 지역경제과,1121,2025-12-28
상월38호 태양광발전소,,충청남도 논산시 상월면 대명리 205-235,36.305659999,127.185640101,,정상가동,99.18,380,60,2019,발전사업용,2019-03-29,충청남도 논산시 지역경제과,1124,2025-12-28
상월37호 태양광발전소,,충청남도 논산시 상월면 대명리 205-264,36.305621290,127.186092041,,정상가동,99.18,380,60,2019,발전사업용,2019-03-29,충청남도 논산시 지역경제과,1116,2025-12-28
펜션라온빌리지 태양광발전소,충청남도 논산시 연무읍 동안로1113번길 36,충청남도 논산시 연무읍 동산리 44,36.128765930,127.129636900,,정상가동,345.28,380,60,2019,발전사업용,2019-03-29,충청남도 논산시 지역경제과,2269,2025-12-28
다산8호 태양광발전소,,충청남도 논산시 은진면 용산리 113-4,36.166704100,127.123067395,,정상가동,99.715,380,60,2019,발전사업용,2019-04-08,충청남도 논산시 지역경제과,579,2025-12-28
연무 태양광발전소,충청남도 논산시 연무읍 연무로 8,충청남도 논산시 연무읍 안심리 533-11,36.136436880,127.082620600,,정상가동,99.84,380,60,2019,발전사업용,2019-04-08,충청남도 논산시 지역경제과,1028,2025-12-28
강청 태양광발전소,충청남도 논산시 가야곡면 강청1길 8-40,충청남도 논산시 가야곡면 강청리 194-1,36.139557310,127.166907100,,정상가동,299.52,380,60,2019,발전사업용,2019-04-08,충청남도 논산시 지역경제과,1512,2025-12-28
남양 태양광발전소,충청남도 논산시 상월면 한천길 15-12,충청남도 논산시 상월면 한천리 251-6,36.264025300,127.154638700,,정상가동,349.44,380,60,2019,발전사업용,2019-04-09,충청남도 논산시 지역경제과,1813,2025-12-28
한라에너지,,충청남도 논산시 노성면 읍내리 484-26,36.261012996,127.118671500,,정상가동,299.52,380,60,2019,발전사업용,2019-04-11,충청남도 논산시 지역경제과,1582,2025-12-28
율리15호 태양광발전소,,충청남도 논산시 노성면 읍내리 484-27,36.260478810,127.118977200,,정상가동,99.84,380,60,2019,발전사업용,2019-04-11,충청남도 논산시 지역경제과,527,2025-12-28
송포유원 태양광발전소,,충청남도 논산시 노성면 읍내리 484-28,36.260328480,127.119368400,,정상가동,99.84,380,60,2019,발전사업용,2019-04-11,충청남도 논산시 지역경제과,527,2025-12-28
율리7호2 태양광발전소,,충청남도 논산시 노성면 읍내리 484-29,36.260300221,127.119747100,,정상가동,99.84,380,60,2019,발전사업용,2019-04-11,충청남도 논산시 지역경제과,527,2025-12-28
신영쏠라 태양광발전소,충청남도 논산시 성동면 삼호길 458-17,충청남도 논산시 성동면 삼호리 644-13,36.183439110,127.040228100,,정상가동,157.95,380,60,2019,발전사업용,2019-04-15,충청남도 논산시 지역경제과,607,2025-12-28
삼호2호 태양광발전소,충청남도 논산시 성동면 삼호길 458-21,충청남도 논산시 성동면 삼호리 644-8,36.183594890,127.040548600,,정상가동,181.35,380,60,2019,발전사업용,2019-04-15,충청남도 논산시 지역경제과,697,2025-12-28
민우 태양광발전소,,충청남도 논산시 은진면 방축리 408,36.164800640,127.085124900,,정상가동,498.03,380,60,2019,발전사업용,2019-04-15,충청남도 논산시 지역경제과,6364,2025-12-28
금경 태양광발전소,,충청남도 논산시 은진면 방축리 414-2,36.163873950,127.085335800,,정상가동,99.45,380,60,2019,발전사업용,2019-04-15,충청남도 논산시 지역경제과,1310,2025-12-28
Starshower 태양광발전소,,충청남도 논산시 은진면 방축리 414-3,36.163523250,127.085439900,,정상가동,99.45,380,60,2019,발전사업용,2019-04-15,충청남도 논산시 지역경제과,1612,2025-12-28
의승 태양광발전소,,충청남도 논산시 은진면 방축리 487-1,36.160092149,127.085050568,,정상가동,99.06,380,60,2019,발전사업용,2019-04-25,충청남도 논산시 지역경제과,1556,2025-12-28
의승2호 태양광발전소,,충청남도 논산시 은진면 방축리 487-5,36.159845090,127.085304700,,정상가동,99.06,380,60,2019,발전사업용,2019-04-25,충청남도 논산시 지역경제과,1461,2025-12-28
노을 태양광발전소,,충청남도 논산시 양촌면 도평리 475,36.142184543,127.220072890,,정상가동,99.45,380,60,2019,발전사업용,2019-04-25,충청남도 논산시 지역경제과,1281,2025-12-28
주현 태양광발전소,,충청남도 논산시 양촌면 도평리 475-1,36.142161000,127.220404300,,정상가동,99.45,380,60,2019,발전사업용,2019-04-25,충청남도 논산시 지역경제과,1033,2025-12-28
천년 태양광발전소,,충청남도 논산시 양촌면 도평리 475-2,36.142135190,127.220650399,,정상가동,99.45,380,60,2019,발전사업용,2019-04-25,충청남도 논산시 지역경제과,1505,2025-12-28
주성 태양광발전소,,충청남도 논산시 양촌면 도평리 475-9,36.141889120,127.220173600,,정상가동,99.45,380,60,2019,발전사업용,2019-04-25,충청남도 논산시 지역경제과,827,2025-12-28
푸른솔4 태양광발전소,,충청남도 논산시 양촌면 도평리 475-3,36.141882850,127.220607892,,정상가동,99.45,380,60,2019,발전사업용,2019-04-25,충청남도 논산시 지역경제과,1154,2025-12-28
해오름 태양광발전소,,충청남도 논산시 양촌면 도평리 474-4,36.141699140,127.220101691,,정상가동,99.45,380,60,2019,발전사업용,2019-04-25,충청남도 논산시 지역경제과,1260,2025-12-28
진선미 태양광발전소,,충청남도 논산시 양촌면 도평리 482,36.141608435,127.220819476,,정상가동,99.45,380,60,2019,발전사업용,2019-04-25,충청남도 논산시 지역경제과,1023,2025-12-28
천경 태양광발전소,,충청남도 논산시 양촌면 도평리 475-6,36.141531020,127.220543900,,정상가동,99.45,380,60,2019,발전사업용,2019-04-25,충청남도 논산시 지역경제과,1023,2025-12-28
로만34 태양광발전소,,충청남도 논산시 양촌면 도평리 482-3,36.141163760,127.221001454,,정상가동,99.45,380,60,2019,발전사업용,2019-04-25,충청남도 논산시 지역경제과,1543,2025-12-28
이레 태양광발전소,,충청남도 논산시 양촌면 도평리 474,36.141880547,127.219633212,,정상가동,85.41,380,60,2019,발전사업용,2019-04-25,충청남도 논산시 지역경제과,1172,2025-12-28
우리3호 태양광발전소,,충청남도 논산시 노성면 송당리 36-7,36.282050040,127.118414176,,정상가동,99.36,380,60,2019,발전사업용,2019-05-03,충청남도 논산시 지역경제과,1486,2025-12-28
에이스 태양광발전소,,충청남도 논산시 노성면 송당리 36-6,36.282246910,127.118255675,,정상가동,99.36,380,60,2019,발전사업용,2019-05-03,충청남도 논산시 지역경제과,1283,2025-12-28
으뜸 태양광발전소,,충청남도 논산시 노성면 송당리 35-1,36.282531430,127.117639000,,정상가동,99.36,380,60,2019,발전사업용,2019-05-03,충청남도 논산시 지역경제과,1687,2025-12-28
바른 태양광발전소,,충청남도 논산시 노성면 송당리 35-2,36.282622846,127.118017300,,정상가동,99.36,380,60,2019,발전사업용,2019-05-03,충청남도 논산시 지역경제과,1255,2025-12-28
태영솔라 태양광발전소,,충청남도 논산시 노성면 송당리 35-3,36.282618668,127.118295700,,정상가동,99.36,380,60,2019,발전사업용,2019-05-03,충청남도 논산시 지역경제과,1314,2025-12-28
황정파워 태양광발전소,,충청남도 논산시 노성면 송당리 34-4,36.282529550,127.118607400,,정상가동,99.36,380,60,2019,발전사업용,2019-05-03,충청남도 논산시 지역경제과,1301,2025-12-28
누리 태양광발전소,,충청남도 논산시 노성면 송당리 26-3,36.282780400,127.118572935,,정상가동,99.36,380,60,2019,발전사업용,2019-05-03,충청남도 논산시 지역경제과,1577,2025-12-28
은하 태양광발전소,,충청남도 논산시 노성면 송당리 26-2,36.282933840,127.118435900,,정상가동,99.36,380,60,2019,발전사업용,2019-05-03,충청남도 논산시 지역경제과,1207,2025-12-28
영진 태양광발전소,,충청남도 논산시 노성면 송당리 33-6,36.282154500,127.119128228,,정상가동,99.36,380,60,2019,발전사업용,2019-05-03,충청남도 논산시 지역경제과,1599,2025-12-28
길성 태양광발전소,,충청남도 논산시 노성면 송당리 24-4,36.283059430,127.118356600,,정상가동,99.36,380,60,2019,발전사업용,2019-05-03,충청남도 논산시 지역경제과,1161,2025-12-28
한백3호 태양광발전소,,충청남도 논산시 노성면 송당리 24-1,36.283301600,127.118237265,,정상가동,99.36,380,60,2019,발전사업용,2019-05-03,충청남도 논산시 지역경제과,1521,2025-12-28
논산 태양광발전소,,충청남도 논산시 노성면 송당리 33-2,36.282454388,127.119077500,,정상가동,99.36,380,60,2019,발전사업용,2019-05-03,충청남도 논산시 지역경제과,1351,2025-12-28
윤가 태양광발전소,충청남도 논산시 양촌면 매죽헌로1665번길 84,충청남도 논산시 양촌면 도평리 302,36.141789710,127.228500037,,정상가동,149.76,380,60,2019,발전사업용,2019-05-14,충청남도 논산시 지역경제과,800,2025-12-28
인영솔라에너지,,충청남도 논산시 은진면 방축리 518-6,36.158669810,127.089563800,,정상가동,28.875,380,60,2019,발전사업용,2019-05-14,충청남도 논산시 지역경제과,383,2025-12-28
제이와이 태양광발전소,,충청남도 논산시 은진면 방축리 173,36.159170520,127.090224900,,정상가동,492.8,380,60,2019,발전사업용,2019-05-14,충청남도 논산시 지역경제과,5800,2025-12-28
논산방축필남 태양광발전소,,충청남도 논산시 은진면 방축리 517,36.158953210,127.088904800,,정상가동,98.56,380,60,2019,발전사업용,2019-05-14,충청남도 논산시 지역경제과,1343,2025-12-28
해드림1호 태양광발전소,,충청남도 논산시 광석면 사월리 312,36.248533014,127.089844908,,정상가동,91.26,380,60,2019,발전사업용,2019-05-28,충청남도 논산시 지역경제과,1426,2025-12-28
해드림2호 태양광발전소,,충청남도 논산시 광석면 사월리 311-1,36.247962630,127.089131600,,정상가동,91.26,380,60,2019,발전사업용,2019-05-28,충청남도 논산시 지역경제과,1162,2025-12-28
사랑1호 태양광발전소,,충청남도 논산시 광석면 사월리 312-15,36.248021350,127.089742900,,정상가동,98.28,380,60,2019,발전사업용,2019-05-28,충청남도 논산시 지역경제과,1244,2025-12-28
사랑2호 태양광발전소,,충청남도 논산시 광석면 사월리 312-15,36.248021350,127.089742900,,정상가동,98.28,380,60,2019,발전사업용,2019-05-28,충청남도 논산시 지역경제과,1305,2025-12-28
뉴욕1호 태양광발전소,,충청남도 논산시 광석면 사월리 312-16,36.247714440,127.089679700,,정상가동,98.28,380,60,2019,발전사업용,2019-05-28,충청남도 논산시 지역경제과,1256,2025-12-28
뉴욕2호 태양광발전소,,충청남도 논산시 광석면 사월리 312-16,36.247714440,127.089679700,,정상가동,98.28,380,60,2019,발전사업용,2019-05-28,충청남도 논산시 지역경제과,1195,2025-12-28
뉴욕3호 태양광발전소,,충청남도 논산시 광석면 사월리 306-5,36.247587010,127.089498065,,정상가동,98.28,380,60,2019,발전사업용,2019-05-28,충청남도 논산시 지역경제과,1241,2025-12-28
뉴욕4호 태양광발전소,,충청남도 논산시 광석면 사월리 306-6,36.247440120,127.089219646,,정상가동,98.28,380,60,2019,발전사업용,2019-05-28,충청남도 논산시 지역경제과,2678,2025-12-28
반포 태양광발전소,,충청남도 논산시 노성면 읍내리 483-58,36.261228458,127.121974000,,정상가동,99.6,380,60,2019,발전사업용,2019-05-28,충청남도 논산시 지역경제과,513,2025-12-28
노성2호 태양광발전소,,충청남도 논산시 노성면 읍내리 483-59,36.260870760,127.122033100,,정상가동,99.6,380,60,2019,발전사업용,2019-05-28,충청남도 논산시 지역경제과,513,2025-12-28
고현2차 태양광발전소,,충청남도 논산시 노성면 읍내리 483-57,36.261511535,127.121525700,,정상가동,99.6,380,60,2019,발전사업용,2019-05-28,충청남도 논산시 지역경제과,513,2025-12-28
서울 태양광발전소,,충청남도 논산시 노성면 읍내리 483,36.262085388,127.121105798,,정상가동,99.6,380,60,2019,발전사업용,2019-05-28,충청남도 논산시 지역경제과,513,2025-12-28
태양2호 태양광발전소,,충청남도 논산시 노성면 읍내리 483-56,36.261595080,127.121257200,,정상가동,99.6,380,60,2019,발전사업용,2019-05-28,충청남도 논산시 지역경제과,513,2025-12-28
천일1호 태양광발전소,,충청남도 논산시 노성면 읍내리 483-61,36.261119490,127.121540700,,정상가동,99.6,380,60,2019,발전사업용,2019-05-28,충청남도 논산시 지역경제과,513,2025-12-28
태영2호 태양광발전소,,충청남도 논산시 노성면 읍내리 483-64,36.261366600,127.120825700,,정상가동,99.6,380,60,2019,발전사업용,2019-05-28,충청남도 논산시 지역경제과,513,2025-12-28
천일2호 태양광발전소,,충청남도 논산시 노성면 읍내리 483-62,36.261315140,127.121182400,,정상가동,99.6,380,60,2019,발전사업용,2019-05-28,충청남도 논산시 지역경제과,513,2025-12-28
건영철강(건영2호 태양광발전소),충청남도 논산시 성동면 원북1길 27,충청남도 논산시 성동면 원북리 575-4,36.232866040,127.038290300,,정상가동,81.51,380,60,2019,발전사업용,2019-06-05,충청남도 논산시 지역경제과,537,2025-12-28
성우 태양광발전소,충청남도 논산시 연산면 연산1길 21-2,충청남도 논산시 연산면 연산리 451-2,36.214661370,127.215271600,,정상가동,97.92,380,60,2019,발전사업용,2019-06-05,충청남도 논산시 지역경제과,299,2025-12-28
샛별 태양광발전소,충청남도 논산시 상월면 선비로 1532-12,충청남도 논산시 상월면 석종리 559-3,36.314954740,127.161061200,,정상가동,98.28,380,60,2019,발전사업용,2019-06-05,충청남도 논산시 지역경제과,600,2025-12-28
청정1호 태양광발전소,,충청남도 논산시 연산면 덕암리 493-14,36.242443230,127.182329200,,정상가동,98.55,380,60,2019,발전사업용,2019-06-05,충청남도 논산시 지역경제과,538,2025-12-28
청정2호 태양광발전소,,충청남도 논산시 연산면 덕암리 493-14,36.242443230,127.182329200,,정상가동,98.55,380,60,2019,발전사업용,2019-06-05,충청남도 논산시 지역경제과,538,2025-12-28
수정 태양광발전소,,충청남도 논산시 부창동 40-5,36.199442140,127.085945800,,정상가동,19.5,380,60,2019,발전사업용,2019-06-05,충청남도 논산시 지역경제과,83,2025-12-28
영호 태양광발전소,충청남도 논산시 양촌면 황산벌로1126번길 23,충청남도 논산시 양촌면 반곡리 242,36.182005160,127.206525200,,정상가동,15,380,60,2019,발전사업용,2019-06-05,충청남도 논산시 지역경제과,81,2025-12-28
광성에너지 태양광발전소,충청남도 논산시 연무읍 연무로133번길 25,충청남도 논산시 연무읍 안심리 386-43,36.133137790,127.092036000,,정상가동,15.33,380,60,2019,발전사업용,2019-06-05,충청남도 논산시 지역경제과,83,2025-12-28
광성에너지1 태양광발전소,충청남도 논산시 연무읍 연무로 16,충청남도 논산시 연무읍 안심리 533-14,36.136172470,127.083401400,,정상가동,20.44,380,60,2019,발전사업용,2019-06-05,충청남도 논산시 지역경제과,89,2025-12-28
오얏골 발전소,충청남도 논산시 은진면 와야1길 10-1,충청남도 논산시 은진면 와야리 223-1,36.179638260,127.115546200,,정상가동,49.95,380,60,2019,발전사업용,2019-06-05,충청남도 논산시 지역경제과,393,2025-12-28
신지산 태양광발전소,,충청남도 논산시 양촌면 오산리 462-22,36.124643780,127.277385861,,정상가동,99.45,380,60,2019,발전사업용,2019-06-10,충청남도 논산시 지역경제과,1122,2025-12-28
신지산2 태양광발전소,,충청남도 논산시 양촌면 오산리 462-19,36.124043370,127.277556228,,정상가동,99.45,380,60,2019,발전사업용,2019-06-10,충청남도 논산시 지역경제과,1646,2025-12-28
오목 태양광발전소,,충청남도 논산시 양촌면 오산리 462-24,36.124851060,127.277121100,,정상가동,99.45,380,60,2019,발전사업용,2019-06-10,충청남도 논산시 지역경제과,1120,2025-12-28
오목2 태양광발전소,,충청남도 논산시 양촌면 오산리 462-21,36.124454930,127.277034590,,정상가동,99.45,380,60,2019,발전사업용,2019-06-10,충청남도 논산시 지역경제과,1604,2025-12-28
희망2 태양광발전소,,충청남도 논산시 양촌면 오산리 462-23,36.124687080,127.277509580,,정상가동,99.45,380,60,2019,발전사업용,2019-06-10,충청남도 논산시 지역경제과,918,2025-12-28
해든 태양광발전소,,충청남도 논산시 양촌면 오산리 462-2,36.125362998,127.278088533,,정상가동,99.45,380,60,2019,발전사업용,2019-06-10,충청남도 논산시 지역경제과,1527,2025-12-28
로만30 태양광발전소,,충청남도 논산시 양촌면 오산리 462-10,36.125162700,127.278086333,,정상가동,99.45,380,60,2019,발전사업용,2019-06-10,충청남도 논산시 지역경제과,1801,2025-12-28
맑은1호 태양광발전소,,충청남도 논산시 양촌면 오산리 462-13,36.124919430,127.277998100,,정상가동,99.45,380,60,2019,발전사업용,2019-06-10,충청남도 논산시 지역경제과,912,2025-12-28
류 태양광발전소,,충청남도 논산시 양촌면 오산리 462-14,36.124766420,127.278032800,,정상가동,99.45,380,60,2019,발전사업용,2019-06-10,충청남도 논산시 지역경제과,1023,2025-12-28
샘물2 태양광발전소,,충청남도 논산시 양촌면 오산리 462-15,36.124577230,127.278045700,,정상가동,99.45,380,60,2019,발전사업용,2019-06-10,충청남도 논산시 지역경제과,885,2025-12-28
로만38 태양광발전소,,충청남도 논산시 양촌면 오산리 462-17,36.124216410,127.277993400,,정상가동,99.45,380,60,2019,발전사업용,2019-06-10,충청남도 논산시 지역경제과,978,2025-12-28
광덕2 태양광발전소,,충청남도 논산시 양촌면 오산리 462-18,36.124014251,127.277951000,,정상가동,99.45,380,60,2019,발전사업용,2019-06-10,충청남도 논산시 지역경제과,1132,2025-12-28
새누리 태양광발전소,,충청남도 논산시 양촌면 오산리 462-25,36.124951540,127.277342400,,정상가동,99.45,380,60,2019,발전사업용,2019-06-10,충청남도 논산시 지역경제과,875,2025-12-28
정원 태양광발전소,,충청남도 논산시 양촌면 오산리 462-16,36.124360870,127.278036500,,정상가동,99.45,380,60,2019,발전사업용,2019-06-10,충청남도 논산시 지역경제과,860,2025-12-28
산돌 태양광발전소,충청남도 논산시 성동면 성동로357번길 161,충청남도 논산시 성동면 원남리 72-2,36.218663720,127.038452800,,정상가동,249,380,60,2019,발전사업용,2019-06-14,충청남도 논산시 지역경제과,893,2025-12-28
성동2호 태양광발전소,충청남도 논산시 성동면 성동로357번길 163,충청남도 논산시 성동면 원남리 72,36.219200310,127.037934600,,정상가동,249,380,60,2019,발전사업용,2019-06-14,충청남도 논산시 지역경제과,893,2025-12-28
다인1호 태양광발전소,충청남도 논산시 번영로 69,충청남도 논산시 취암동 1089-2,36.201204520,127.097301000,,정상가동,28,380,60,2019,발전사업용,2019-06-14,충청남도 논산시 지역경제과,176,2025-12-28
JS에너지,충청남도 논산시 성동면 성동로357번길 34,충청남도 논산시 성동면 원남리 323,36.210128850,127.037322600,,정상가동,500,380,60,2019,발전사업용,2019-06-14,충청남도 논산시 지역경제과,1657,2025-12-28
선준 발전소,,충청남도 논산시 부창동 415-5,36.198460590,127.070812500,,정상가동,85.02,380,60,2019,발전사업용,2019-06-14,충청남도 논산시 지역경제과,600,2025-12-28
기은 발전소,,충청남도 논산시 부창동 415-5,36.198460590,127.070812500,,정상가동,99.84,380,60,2019,발전사업용,2019-06-14,충청남도 논산시 지역경제과,1300,2025-12-28
황산벌3호 태양광발전소,,충청남도 논산시 부창동 253-19,36.201366310,127.080641600,,정상가동,49.92,380,60,2019,발전사업용,2019-06-14,충청남도 논산시 지역경제과,400,2025-12-28
삼산 태양광발전소,충청남도 논산시 성동면 성동로260번길 10,충청남도 논산시 성동면 삼산리 169-15,36.201588800,127.033312700,,정상가동,18.72,380,60,2019,발전사업용,2019-06-14,충청남도 논산시 지역경제과,509,2025-12-28
하봉 태양광발전소,충청남도 논산시 연무읍 봉동1길 46-30,충청남도 논산시 연무읍 봉동리 1105-6,36.105878570,127.062095400,,정상가동,29.6,380,60,2019,발전사업용,2019-06-17,충청남도 논산시 지역경제과,160,2025-12-28
늘품 태양광발전소,충청남도 논산시 강변로 163-32,충청남도 논산시 부창동 411-1,36.196527240,127.072536600,,정상가동,147.63,380,60,2019,발전사업용,2019-06-17,충청남도 논산시 지역경제과,720,2025-12-28
고내산업 태양광발전소,,충청남도 논산시 연무읍 고내리 265,36.070630630,127.129086905,,정상가동,155.2,380,60,2019,발전사업용,2019-06-17,충청남도 논산시 지역경제과,2618,2025-12-28
노바바스 태양광발전소,충청남도 논산시 은진면 매죽헌로 347,충청남도 논산시 은진면 시묘리 499-1,36.149341670,127.125898400,,정상가동,119.52,380,60,2019,발전사업용,2019-06-18,충청남도 논산시 지역경제과,744,2025-12-28
해오름 태양광발전소,충청남도 논산시 성동면 성동로357번길 34,충청남도 논산시 성동면 원남리 323,36.210128850,127.037322600,,정상가동,500,380,60,2019,발전사업용,2019-06-18,충청남도 논산시 지역경제과,1657,2025-12-28
상월4호 태양광발전소,,충청남도 논산시 상월면 지경리 119-1,36.310693201,127.151943364,,정상가동,473.04,380,60,2019,발전사업용,2019-06-20,충청남도 논산시 지역경제과,7230,2025-12-28
에스에스태양광,,충청남도 논산시 상월면 지경리 112,36.311107622,127.153380140,,정상가동,99.28,380,60,2019,발전사업용,2019-06-20,충청남도 논산시 지역경제과,2024,2025-12-28
상월2호 태양광발전소,,충청남도 논산시 상월면 지경리 119-4,36.310468360,127.150975728,,정상가동,445.3,380,60,2019,발전사업용,2019-06-20,충청남도 논산시 지역경제과,8490,2025-12-28
지산 발전소,,충청남도 논산시 상월면 지경리 560-5,36.310070590,127.149644000,,정상가동,292,380,60,2019,발전사업용,2019-06-20,충청남도 논산시 지역경제과,5098,2025-12-28
상월3호 태양광발전소,,충청남도 논산시 상월면 지경리 93-1,36.311962857,127.153904287,,정상가동,471.58,380,60,2019,발전사업용,2019-06-21,충청남도 논산시 지역경제과,7111,2025-12-28
상월5호 태양광발전소,,충청남도 논산시 상월면 지경리 93-3,36.311966770,127.153826954,,정상가동,324.12,380,60,2019,발전사업용,2019-06-21,충청남도 논산시 지역경제과,4369,2025-12-28
상월1호 태양광발전소,,충청남도 논산시 상월면 지경리 93-4,36.311732190,127.152654900,,정상가동,298.57,380,60,2019,발전사업용,2019-06-21,충청남도 논산시 지역경제과,4405,2025-12-28
대륜 태양광발전소,충청남도 논산시 시민로 354-9,충청남도 논산시 취암동 372-46,36.196542170,127.089771100,,정상가동,19.2,380,60,2019,발전사업용,2019-06-21,충청남도 논산시 지역경제과,110,2025-12-28
정선 태양광발전소,,충청남도 논산시 연무읍 양지리 7,36.120440860,127.146462724,,정상가동,205.2,380,60,2019,발전사업용,2019-06-26,충청남도 논산시 지역경제과,1097,2025-12-28
(유)슬치1호 태양광발전소,,충청남도 논산시 성동면 원북리 832-17,36.222375740,127.041835502,,정상가동,98.28,380,60,2019,발전사업용,2019-06-26,충청남도 논산시 지역경제과,806,2025-12-28
(유)슬치2호 태양광발전소,,충청남도 논산시 성동면 원북리 832-18,36.222311520,127.041689146,,정상가동,98.28,380,60,2019,발전사업용,2019-06-26,충청남도 논산시 지역경제과,748,2025-12-28
해뜰날 태양광발전소,충청남도 논산시 시민로184번길 31-10,충청남도 논산시 내동 781,36.185372280,127.101273500,,정상가동,19.71,220,60,2019,발전사업용,2019-07-03,충청남도 논산시 지역경제과,107,2025-12-28
임마뉴엘1호 태양광발전소,충청남도 논산시 성동면 원남길 185,충청남도 논산시 성동면 원남리 653,36.215337450,127.021666200,,정상가동,28.35,380,60,2019,발전사업용,2019-07-03,충청남도 논산시 지역경제과,145,2025-12-28
마리노2 태양광발전소,충청남도 논산시 채운면 채운로 226-46,충청남도 논산시 채운면 용화리 361-1,36.162125980,127.062060400,,정상가동,99.84,380,60,2019,발전사업용,2019-07-03,충청남도 논산시 지역경제과,403,2025-12-28
KKC 태양광발전소,충청남도 논산시 채운면 채운로 226-48,충청남도 논산시 채운면 용화리 361-10,36.162017140,127.061972800,,정상가동,99.84,380,60,2019,발전사업용,2019-07-03,충청남도 논산시 지역경제과,395,2025-12-28
수현 태양광발전소,충청남도 논산시 채운면 채운로 226-50,충청남도 논산시 채운면 용화리 361-11,36.161881710,127.061941100,,정상가동,99.84,380,60,2019,발전사업용,2019-07-03,충청남도 논산시 지역경제과,395,2025-12-28
승현 태양광발전소,충청남도 논산시 채운면 채운로 226-52,충청남도 논산시 채운면 용화리 361-12,36.161781710,127.061831100,,정상가동,99.84,380,60,2019,발전사업용,2019-07-03,충청남도 논산시 지역경제과,395,2025-12-28
예당 태양광발전소,,충청남도 논산시 가야곡면 삼전리 757-5,36.100986660,127.160666228,,정상가동,99.225,380,60,2019,발전사업용,2019-07-05,충청남도 논산시 지역경제과,1245,2025-12-28
초오유 태양광발전소,,충청남도 논산시 가야곡면 삼전리 358-12,36.101105440,127.160751320,,정상가동,99.225,380,60,2019,발전사업용,2019-07-05,충청남도 논산시 지역경제과,1257,2025-12-28
솔내 태양광발전소,,충청남도 논산시 가야곡면 삼전리 358-11,36.101213900,127.160927743,,정상가동,99.225,380,60,2019,발전사업용,2019-07-05,충청남도 논산시 지역경제과,1405,2025-12-28
은덕 태양광발전소,,충청남도 논산시 가야곡면 삼전리 358-10,36.101358010,127.161104119,,정상가동,99.225,380,60,2019,발전사업용,2019-07-05,충청남도 논산시 지역경제과,1268,2025-12-28
보경 태양광발전소,,충청남도 논산시 가야곡면 삼전리 358-9,36.101498387,127.161199800,,정상가동,99.225,380,60,2019,발전사업용,2019-07-05,충청남도 논산시 지역경제과,1268,2025-12-28
금월 태양광발전소,,충청남도 논산시 가야곡면 삼전리 358-2,36.101851508,127.161321900,,정상가동,99.225,380,60,2019,발전사업용,2019-07-05,충청남도 논산시 지역경제과,1369,2025-12-28
남형1호 태양광발전소,,충청남도 논산시 가야곡면 삼전리 761-14,36.099787753,127.159996630,,정상가동,99.225,380,60,2019,발전사업용,2019-07-05,충청남도 논산시 지역경제과,1069,2025-12-28
삼전1호 태양광발전소,,충청남도 논산시 가야곡면 삼전리 761-14,36.099787753,127.159996630,,정상가동,99.225,380,60,2019,발전사업용,2019-07-05,충청남도 논산시 지역경제과,1765,2025-12-28
은혜 태양광발전소,,충청남도 논산시 가야곡면 삼전리 761-5,36.100173080,127.159453807,,정상가동,99.225,380,60,2019,발전사업용,2019-07-05,충청남도 논산시 지역경제과,917,2025-12-28
거북이 태양광발전소,,충청남도 논산시 가야곡면 삼전리 761-6,36.100112180,127.159649000,,정상가동,99.225,380,60,2019,발전사업용,2019-07-05,충청남도 논산시 지역경제과,1004,2025-12-28
남형2호 태양광발전소,,충청남도 논산시 가야곡면 삼전리 760-21,36.100089340,127.160161089,,정상가동,99.225,380,60,2019,발전사업용,2019-07-05,충청남도 논산시 지역경제과,1005,2025-12-28
남형3호 태양광발전소,,충청남도 논산시 가야곡면 삼전리 760-7,36.100280450,127.160245992,,정상가동,99.225,380,60,2019,발전사업용,2019-07-05,충청남도 논산시 지역경제과,1069,2025-12-28
남형4호 태양광발전소,,충청남도 논산시 가야곡면 삼전리 760-5,36.100364956,127.159789294,,정상가동,99.225,380,60,2019,발전사업용,2019-07-05,충청남도 논산시 지역경제과,1159,2025-12-28
족보 태양광발전소,,충청남도 논산시 가야곡면 삼전리 759-3,36.100889312,127.160106246,,정상가동,99.225,380,60,2019,발전사업용,2019-07-05,충청남도 논산시 지역경제과,917,2025-12-28
시월애 태양광발전소,,충청남도 논산시 가야곡면 삼전리 760-11,36.100593927,127.160302367,,정상가동,99.225,380,60,2019,발전사업용,2019-07-05,충청남도 논산시 지역경제과,909,2025-12-28
YS 태양광발전소,,충청남도 논산시 가야곡면 삼전리 760-18,36.100248760,127.159847400,,정상가동,99.225,380,60,2019,발전사업용,2019-07-05,충청남도 논산시 지역경제과,1076,2025-12-28
행복3동 태양광발전소,,충청남도 논산시 가야곡면 삼전리 760-2,36.100665100,127.159798864,,정상가동,95.2,380,60,2019,발전사업용,2019-07-05,충청남도 논산시 지역경제과,966,2025-12-28
한울 태양광발전소,,충청남도 논산시 광석면 항월리 6-3,36.241921580,127.129062364,,정상가동,97.68,380,60,2019,발전사업용,2019-07-10,충청남도 논산시 지역경제과,1917,2025-12-28
왕전 한빛 태양광발전소,충청남도 논산시 광석면 논산평야로 877-14,충청남도 논산시 광석면 천동리 81-2,36.235252900,127.099580300,,정상가동,70.2,380,60,2019,발전사업용,2019-07-11,충청남도 논산시 지역경제과,387,2025-12-28
적도5호 태양광발전소,,충청남도 논산시 노성면 읍내리 529,36.265219004,127.116627762,,정상가동,498.42,380,60,2019,발전사업용,2019-07-11,충청남도 논산시 지역경제과,5978,2025-12-28
유이 태양광발전소,충청남도 논산시 강경읍 계백로140번길 15-1,충청남도 논산시 강경읍 대흥리 29-125,36.156208430,127.017499100,,정상가동,143.175,380,60,2019,발전사업용,2019-07-23,충청남도 논산시 지역경제과,849,2025-12-28
미정 태양광발전소,충청남도 논산시 양촌면 이메길 131-24,충청남도 논산시 양촌면 양촌리 135-1,36.122036450,127.245931000,,정상가동,99.9,380,60,2019,발전사업용,2019-07-23,충청남도 논산시 지역경제과,528,2025-12-28
강철 태양광발전소,충청남도 논산시 연무읍 연무로534번길 5-41,충청남도 논산시 연무읍 소룡리 450-1,36.106909380,127.127045500,,정상가동,149.37,380,60,2019,발전사업용,2019-07-23,충청남도 논산시 지역경제과,624,2025-12-28
다빛 태양광발전소,충청남도 논산시 연무읍 연무로534번길 5-45,충청남도 논산시 연무읍 소룡리 450-2,36.106657050,127.127048300,,정상가동,149.37,380,60,2019,발전사업용,2019-07-23,충청남도 논산시 지역경제과,640,2025-12-28
대성 태양광발전소,충청남도 논산시 연무읍 연무로534번길 5-16,충청남도 논산시 연무읍 소룡리 441-1,36.109173850,127.126120800,,정상가동,261.3,380,60,2019,발전사업용,2019-07-23,충청남도 논산시 지역경제과,1070,2025-12-28
예준 태양광발전소,충청남도 논산시 연무읍 연무로534번길 47-13,충청남도 논산시 연무읍 소룡리 562-5,36.109999910,127.121991000,,정상가동,99.9,380,60,2019,발전사업용,2019-07-23,충청남도 논산시 지역경제과,600,2025-12-28
파라엠디솔라,충청남도 논산시 벌곡면 대둔로 575-18,충청남도 논산시 벌곡면 덕목리 236-1,36.188399210,127.249154600,,정상가동,201.6,380,60,2019,발전사업용,2019-07-23,충청남도 논산시 지역경제과,2171,2025-12-28
파라솔라㈜ 카시모2발전소,충청남도 논산시 벌곡면 대둔로 575-18,충청남도 논산시 벌곡면 덕목리 236-1,36.188399210,127.249154600,,정상가동,499.68,22900,60,2019,발전사업용,2019-07-23,충청남도 논산시 지역경제과,12000,2025-12-28
새동네솔라타운 태양광발전소,충청남도 논산시 상월면 계룡산로 409-6,충청남도 논산시 상월면 석종리 223-1,36.317875630,127.172845800,,정상가동,485.55,380,60,2019,발전사업용,2019-08-06,충청남도 논산시 지역경제과,2506,2025-12-28
율코리아 태양광발전소,충청남도 논산시 광석면 장마루로516번길 97-41,충청남도 논산시 광석면 율리 410-3,36.268865700,127.082467600,,정상가동,313.6,22900,60,2019,발전사업용,2019-08-06,충청남도 논산시 지역경제과,1617,2025-12-28
샘골2호 발전소,충청남도 논산시 광석면 천동길 124-5,충청남도 논산시 광석면 천동리 320-11,36.243899180,127.094040700,,정상가동,91.715,380,60,2019,발전사업용,2019-08-06,충청남도 논산시 지역경제과,524,2025-12-28
태성 태양광발전소,충청남도 논산시 벌곡면 벌곡로330번길 50-1,충청남도 논산시 벌곡면 조동리 121-1,36.218192390,127.296274300,,정상가동,74.7,380,60,2019,발전사업용,2019-08-06,충청남도 논산시 지역경제과,480,2025-12-28
신화리 태양광발전소,충청남도 논산시 연무읍 동안로 516-2,충청남도 논산시 연무읍 신화리 135,36.139436490,127.066100894,,정상가동,31.955,380,60,2019,발전사업용,2019-08-06,충청남도 논산시 지역경제과,219,2025-12-28
채운농장1호,충청남도 논산시 채운면 채운로143번길 16,충청남도 논산시 채운면 용화리 228-1,36.166687350,127.069130800,,정상가동,67.23,380,60,2019,발전사업용,2019-08-06,충청남도 논산시 지역경제과,400,2025-12-28
대광 태양광발전소,충청남도 논산시 연산면 황산벌로 1351,충청남도 논산시 연산면 신양리 449-4,36.199873220,127.215507900,,정상가동,224.1,380,60,2019,발전사업용,2019-08-06,충청남도 논산시 지역경제과,1456,2025-12-28
대광1호 태양광발전소,충청남도 논산시 연산면 황산벌로 1351,충청남도 논산시 연산면 신양리 449-4,36.199873220,127.215507900,,정상가동,99.6,380,60,2019,발전사업용,2019-08-06,충청남도 논산시 지역경제과,558,2025-12-28
대광2호 태양광발전소,충청남도 논산시 연산면 황산벌로 1351,충청남도 논산시 연산면 신양리 449-4,36.199873220,127.215507900,,정상가동,92.96,380,60,2019,발전사업용,2019-08-06,충청남도 논산시 지역경제과,452,2025-12-28
보문논산 태양광발전소,충청남도 논산시 노성면 장마루로735번길 37-72,충청남도 논산시 노성면 장구리 400-2,36.271662440,127.071149300,,정상가동,147.825,380,60,2019,발전사업용,2019-08-12,충청남도 논산시 지역경제과,505,2025-12-28
보문충남 태양광발전소,충청남도 논산시 노성면 장마루로735번길 37-72,충청남도 논산시 노성면 장구리 400-2,36.271662440,127.071149300,,정상가동,98.55,380,60,2019,발전사업용,2019-08-12,충청남도 논산시 지역경제과,538,2025-12-28
적도6호 태양광발전소,,충청남도 논산시 광석면 사월리 279-12,36.255208600,127.092576000,,정상가동,399.36,380,60,2019,발전사업용,2019-08-12,충청남도 논산시 지역경제과,4314,2025-12-28
성례 태양광발전소,충청남도 논산시 부적면 예학로1길 44-22,충청남도 논산시 부적면 신교리 275-1,36.196644790,127.145343900,,정상가동,99.06,380,60,2019,발전사업용,2019-08-22,충청남도 논산시 지역경제과,1205,2025-12-28
선구 태양광발전소,충청남도 논산시 부적면 예학로1길 44-30,충청남도 논산시 부적면 신교리 275-8,36.196018290,127.144694700,,정상가동,99.06,380,60,2019,발전사업용,2019-08-22,충청남도 논산시 지역경제과,1410,2025-12-28
용례 태양광발전소,충청남도 논산시 가야곡면 함적1길 42,충청남도 논산시 가야곡면 함적리 284-9,36.151433470,127.187562900,,정상가동,15,380,60,2019,발전사업용,2019-08-22,충청남도 논산시 지역경제과,76,2025-12-28
용산45호 태양광발전소,,충청남도 논산시 은진면 용산리 124-5,36.167975690,127.127814900,,정상가동,99.6,380,60,2019,발전사업용,2019-08-22,충청남도 논산시 지역경제과,1577,2025-12-28
용산46호 태양광발전소,,충청남도 논산시 은진면 용산리 124-3,36.167911325,127.127232256,,정상가동,199.2,380,60,2019,발전사업용,2019-08-22,충청남도 논산시 지역경제과,2762,2025-12-28
용산47호 태양광발전소,,충청남도 논산시 은진면 용산리 120-1,36.168132251,127.124662711,,정상가동,159.36,380,60,2019,발전사업용,2019-08-22,충청남도 논산시 지역경제과,1955,2025-12-28
용산48호 태양광발전소,,충청남도 논산시 은진면 용산리 113-30,36.166017928,127.123413800,,정상가동,99.6,380,60,2019,발전사업용,2019-08-22,충청남도 논산시 지역경제과,1338,2025-12-28
용산49호 태양광발전소,,충청남도 논산시 은진면 용산리 113-18,36.165800954,127.122192600,,정상가동,99.6,380,60,2019,발전사업용,2019-08-22,충청남도 논산시 지역경제과,1695,2025-12-28
용연2호 태양광발전소,,충청남도 논산시 노성면 효죽리 336-1,36.295276265,127.068253000,,정상가동,19.24,380,60,2019,발전사업용,2019-08-27,충청남도 논산시 지역경제과,85,2025-12-28
해물결 마전 태양광발전소,,충청남도 논산시 연무읍 마전리 123,36.074677820,127.096186327,,정상가동,498.56,380,60,2019,발전사업용,2019-08-27,충청남도 논산시 지역경제과,6219,2025-12-28
서전택코리아 태양광발전소,,충청남도 논산시 연무읍 마전리 227-1,36.074843590,127.094393000,,정상가동,396.72,380,60,2019,발전사업용,2019-08-27,충청남도 논산시 지역경제과,4937,2025-12-28
금광 태양광발전소,,충청남도 논산시 연무읍 마전리 132-10,36.074535120,127.095318000,,정상가동,99.18,380,60,2019,발전사업용,2019-08-27,충청남도 논산시 지역경제과,979,2025-12-28
서윤솔라2호 태양광발전소,,충청남도 논산시 연무읍 마전리 132-9,36.074714520,127.095204900,,정상가동,99.18,380,60,2019,발전사업용,2019-08-27,충청남도 논산시 지역경제과,1008,2025-12-28
배내 논산발전소,,충청남도 논산시 연무읍 마전리 132-8,36.074938310,127.094973954,,정상가동,99.18,380,60,2019,발전사업용,2019-08-27,충청남도 논산시 지역경제과,1473,2025-12-28
숙현쏠라 태양광발전소,,충청남도 논산시 연무읍 마전리 132-11,36.074346370,127.095386700,,정상가동,99.18,380,60,2019,발전사업용,2019-08-27,충청남도 논산시 지역경제과,1083,2025-12-28
지후 논산발전소,,충청남도 논산시 연무읍 마전리 132-1,36.075203702,127.094832208,,정상가동,99.18,380,60,2019,발전사업용,2019-08-27,충청남도 논산시 지역경제과,1026,2025-12-28
논산금희 태양광발전소,,충청남도 논산시 연무읍 마전리 128-1,36.075500150,127.095394121,,정상가동,99.18,380,60,2019,발전사업용,2019-08-27,충청남도 논산시 지역경제과,1399,2025-12-28
석옥선파워2호 태양광발전소,,충청남도 논산시 연무읍 마전리 128-4,36.075275270,127.095464900,,정상가동,99.18,380,60,2019,발전사업용,2019-08-27,충청남도 논산시 지역경제과,1128,2025-12-28
효성솔라 태양광발전소,,충청남도 논산시 연무읍 마전리 128-3,36.075389489,127.095474500,,정상가동,99.18,380,60,2019,발전사업용,2019-08-27,충청남도 논산시 지역경제과,1033,2025-12-28
으뜸 태양광발전소,,충청남도 논산시 연무읍 마전리 128-5,36.075221200,127.095465600,,정상가동,99.18,380,60,2019,발전사업용,2019-08-27,충청남도 논산시 지역경제과,1043,2025-12-28
읍내3호 태양광발전소,충청남도 논산시 노성면 논산평야로 1281-9,충청남도 논산시 노성면 읍내리 482-3,36.261162800,127.122530700,,정상가동,97.2,380,60,2019,발전사업용,2019-09-03,충청남도 논산시 지역경제과,497,2025-12-28
하로로 태양광발전소,,충청남도 논산시 가야곡면 산노리 57,36.159011685,127.190899384,,정상가동,99.9,380,60,2019,발전사업용,2019-09-03,충청남도 논산시 지역경제과,505,2025-12-28
이알 태양광발전소,,충청남도 논산시 가야곡면 산노리 59,36.158796320,127.190154400,,정상가동,99.9,380,60,2019,발전사업용,2019-09-03,충청남도 논산시 지역경제과,505,2025-12-28
안욱 태양광발전소,,충청남도 논산시 가야곡면 산노리 57-1,36.158693800,127.190989000,,정상가동,99.9,380,60,2019,발전사업용,2019-09-03,충청남도 논산시 지역경제과,505,2025-12-28
초원 태양광발전소,충청남도 논산시 양촌면 매죽헌로 1705,충청남도 논산시 양촌면 남산리 297,36.138795570,127.238071000,,정상가동,19.98,380,60,2019,발전사업용,2019-09-05,충청남도 논산시 지역경제과,167,2025-12-28
레이크 태양광발전소,충청남도 논산시 연무읍 고내곡로 296,충청남도 논산시 연무읍 고내리 59,36.076275590,127.119699741,,정상가동,19.71,380,60,2019,발전사업용,2019-09-05,충청남도 논산시 지역경제과,106,2025-12-28
햇살 태양광발전소,충청남도 논산시 채운면 탑정로43번길 62-22,충청남도 논산시 채운면 화산리 12-2,36.173854100,127.075252506,,정상가동,99,380,60,2019,발전사업용,2019-09-17,충청남도 논산시 지역경제과,393,2025-12-28
승리2호 태양광발전소,,충청남도 논산시 채운면 화산리 11-1,36.173873580,127.075371000,,정상가동,99,380,60,2019,발전사업용,2019-09-17,충청남도 논산시 지역경제과,393,2025-12-28
화산 태양광발전소,,충청남도 논산시 채운면 화산리 11-1,36.173873580,127.075371000,,정상가동,99,380,60,2019,발전사업용,2019-09-17,충청남도 논산시 지역경제과,393,2025-12-28
나라발전 태양광발전소,,충청남도 논산시 채운면 화산리 11-1,36.173873580,127.075371000,,정상가동,99,380,60,2019,발전사업용,2019-09-17,충청남도 논산시 지역경제과,393,2025-12-28
향천 태양광발전소,,충청남도 논산시 채운면 화산리 11-1,36.173873580,127.075371000,,정상가동,99,380,60,2019,발전사업용,2019-09-17,충청남도 논산시 지역경제과,393,2025-12-28
영광 발전소,,충청남도 논산시 광석면 사월리 225-56,36.260404691,127.095909400,,정상가동,99.6,380,60,2019,발전사업용,2019-09-17,충청남도 논산시 지역경제과,1680,2025-12-28
케이에너지,,충청남도 논산시 광석면 사월리 225-55,36.260800420,127.095615300,,정상가동,99.6,380,60,2019,발전사업용,2019-09-17,충청남도 논산시 지역경제과,1310,2025-12-28
주혜에너지,,충청남도 논산시 광석면 사월리 225-54,36.260980480,127.095602703,,정상가동,99.6,380,60,2019,발전사업용,2019-09-17,충청남도 논산시 지역경제과,1239,2025-12-28
세경에너지,,충청남도 논산시 광석면 사월리 225-12,36.261155707,127.095737298,,정상가동,99.6,380,60,2019,발전사업용,2019-09-17,충청남도 논산시 지역경제과,1111,2025-12-28
광석발전소,,충청남도 논산시 광석면 사월리 225-6,36.261231196,127.095623137,,정상가동,99.6,380,60,2019,발전사업용,2019-09-17,충청남도 논산시 지역경제과,1214,2025-12-28
정민 발전소,,충청남도 논산시 광석면 사월리 225-10,36.261421608,127.095665652,,정상가동,99.6,380,60,2019,발전사업용,2019-09-17,충청남도 논산시 지역경제과,1451,2025-12-28
박정 태양광발전소,충청남도 논산시 강변로 183-39,충청남도 논산시 부창동 432-7,36.194905740,127.067985800,,정상가동,97.2,380,60,2019,발전사업용,2019-09-24,충청남도 논산시 지역경제과,456,2025-12-28
경은 태양광발전소,충청남도 논산시 강변로 183-39,충청남도 논산시 부창동 432-7,36.194905740,127.067985800,,정상가동,97.2,380,60,2019,발전사업용,2019-09-24,충청남도 논산시 지역경제과,456,2025-12-28
박정순 태양광발전소,충청남도 논산시 강변로 183-39,충청남도 논산시 부창동 432-7,36.194905740,127.067985800,,정상가동,97.2,380,60,2019,발전사업용,2019-09-24,충청남도 논산시 지역경제과,456,2025-12-28
덕성1호 태양광발전소,충청남도 논산시 강변로 111-43,충청남도 논산시 부창동 463-2,36.190444720,127.065692600,,정상가동,97.2,380,60,2019,발전사업용,2019-09-24,충청남도 논산시 지역경제과,456,2025-12-28
덕성2호 태양광발전소,충청남도 논산시 강변로 111-43,충청남도 논산시 부창동 463-2,36.190444720,127.065692600,,정상가동,97.2,380,60,2019,발전사업용,2019-09-24,충청남도 논산시 지역경제과,456,2025-12-28
덕성3호 태양광발전소,충청남도 논산시 강변로 111-43,충청남도 논산시 부창동 463-2,36.190444720,127.065692600,,정상가동,97.2,380,60,2019,발전사업용,2019-09-24,충청남도 논산시 지역경제과,456,2025-12-28
덕성4호 태양광발전소,충청남도 논산시 강변로 111-43,충청남도 논산시 부창동 463-2,36.190444720,127.065692600,,정상가동,97.2,380,60,2019,발전사업용,2019-09-24,충청남도 논산시 지역경제과,456,2025-12-28
동산 태양광발전소,충청남도 논산시 연무읍 행정길 44-10,충청남도 논산시 연무읍 동산리 330,36.133131860,127.122733700,,정상가동,39.96,380,60,2019,발전사업용,2019-09-24,충청남도 논산시 지역경제과,337,2025-12-28
윤석연 태양광발전소,충청남도 논산시 성동면 성동로357번길 116-5,충청남도 논산시 성동면 원남리 124-3,36.215474950,127.037535300,,정상가동,19.92,220,60,2019,발전사업용,2019-10-04,충청남도 논산시 지역경제과,102,2025-12-28
양지1호 태양광발전소,충청남도 논산시 강변로 157-104,충청남도 논산시 부창동 592-3,36.189438320,127.062613700,,정상가동,99.6,380,60,2019,발전사업용,2019-10-04,충청남도 논산시 지역경제과,514,2025-12-28
김용갑 태양광발전소,충청남도 논산시 강변로 157-104,충청남도 논산시 부창동 592-3,36.189438320,127.062613700,,정상가동,49.8,380,60,2019,발전사업용,2019-10-04,충청남도 논산시 지역경제과,257,2025-12-28
WS3 태양광발전소,충청남도 논산시 광석면 사계로 503-12,충청남도 논산시 광석면 신당리 789,36.246493560,127.085577100,,정상가동,10.125,220,60,2019,발전사업용,2019-10-04,충청남도 논산시 지역경제과,49,2025-12-28
광성 태양광발전소,충청남도 논산시 부적면 예학로1길 44-28,충청남도 논산시 부적면 신교리 275-7,36.196296630,127.144547100,,정상가동,98.28,380,60,2019,발전사업용,2019-10-04,충청남도 논산시 지역경제과,475,2025-12-28
소강논산 태양광발전소,충청남도 논산시 부적면 예학로1길 44-24,충청남도 논산시 부적면 신교리 275-5,36.196532680,127.144789200,,정상가동,98.28,380,60,2019,발전사업용,2019-10-04,충청남도 논산시 지역경제과,475,2025-12-28
에스지 부적태양광발전소,충청남도 논산시 부적면 예학로1길 44-26,충청남도 논산시 부적면 신교리 275-6,36.196404290,127.144479200,,정상가동,98.28,380,60,2019,발전사업용,2019-10-04,충청남도 논산시 지역경제과,610,2025-12-28
써니2호 태양광발전소,충청남도 논산시 성동면 산업단지로1길 103,충청남도 논산시 성동면 원북리 246-2,36.223800871,127.040303200,,정상가동,25.875,380,60,2018,발전사업용,2018-04-17,충청남도 논산시 지역경제과,132,2025-12-28
용산15호 태양광발전소,,충청남도 논산시 은진면 용산리 113-19,36.165862603,127.122491400,,정상가동,99.36,380,60,2018,발전사업용,2018-04-17,충청남도 논산시 지역경제과,1194,2025-12-28
용산40호 태양광발전소,,충청남도 논산시 은진면 용산리 113-3,36.166872740,127.123636700,,정상가동,99.36,380,60,2018,발전사업용,2018-04-17,충청남도 논산시 지역경제과,1185,2025-12-28
용산43호 태양광발전소,,충청남도 논산시 은진면 용산리 113-31,36.166035770,127.123801600,,정상가동,496.8,380,60,2018,발전사업용,2018-04-17,충청남도 논산시 지역경제과,6643,2025-12-28
용산44호 태양광발전소,,충청남도 논산시 은진면 용산리 113-33,36.165499186,127.123285000,,정상가동,198.72,380,60,2018,발전사업용,2018-04-17,충청남도 논산시 지역경제과,2836,2025-12-28
제이엠 솔라이트,충청남도 논산시 성동면 원북1길 3,충청남도 논산시 성동면 원북리 561,36.232190620,127.039477800,,정상가동,97.2,380,60,2018,발전사업용,2018-04-26,충청남도 논산시 지역경제과,538,2025-12-28
근 태양광발전소,,충청남도 논산시 가야곡면 두월리 511-1,36.155395930,127.138045000,,정상가동,98.175,380,60,2018,발전사업용,2018-08-07,충청남도 논산시 지역경제과,1415,2025-12-28
진주 태양광발전소1,,충청남도 논산시 상월면 대명리 205-206,36.307974010,127.181156800,,정상가동,99.18,380,60,2018,발전사업용,2018-08-07,충청남도 논산시 지역경제과,1375,2025-12-28
진주 태양광발전소2,,충청남도 논산시 상월면 대명리 205-207,36.307805797,127.181091900,,정상가동,99.18,380,60,2018,발전사업용,2018-08-07,충청남도 논산시 지역경제과,1161,2025-12-28
진주 태양광발전소3,,충청남도 논산시 상월면 대명리 205-208,36.307638900,127.181111724,,정상가동,99.18,380,60,2018,발전사업용,2018-08-07,충청남도 논산시 지역경제과,1109,2025-12-28
진주 태양광발전소4,,충청남도 논산시 상월면 대명리 205-209,36.307448712,127.181058438,,정상가동,99.18,380,60,2018,발전사업용,2018-08-07,충청남도 논산시 지역경제과,1389,2025-12-28
광석 태양광발전소,충청남도 논산시 광석면 사계로 551-10,충청남도 논산시 광석면 사월리 306-3,36.247310020,127.089829000,,정상가동,97.09,22900,60,2018,발전사업용,2018-08-17,충청남도 논산시 지역경제과,594,2025-12-28
노루 태양광발전소,,충청남도 논산시 노성면 두사리 181,36.253337610,127.113722614,,정상가동,192.72,380,60,2018,발전사업용,2018-08-17,충청남도 논산시 지역경제과,1032,2025-12-28
송당1호 태양광발전소,,충청남도 논산시 노성면 송당리 55,36.280988360,127.121125287,,정상가동,97.2,380,60,2018,발전사업용,2018-08-17,충청남도 논산시 지역경제과,1302,2025-12-28
송당2호 태양광발전소,,충청남도 논산시 노성면 송당리 55,36.280988360,127.121125287,,정상가동,97.2,380,60,2018,발전사업용,2018-08-17,충청남도 논산시 지역경제과,1302,2025-12-28
선중 태양광발전소,,충청남도 논산시 연무읍 소룡리 575-1,36.113296560,127.120488100,,정상가동,296.8,380,60,2018,발전사업용,2018-08-17,충청남도 논산시 지역경제과,4654,2025-12-28
성동 태양광발전소,충청남도 논산시 성동면 성동로 462,충청남도 논산시 성동면 정지리 421,36.210088280,127.050312600,,정상가동,298.08,380,60,2018,발전사업용,2018-08-17,충청남도 논산시 지역경제과,1615,2025-12-28
상월9호 태양광발전소,,충청남도 논산시 상월면 대명리 205-231,36.305271274,127.185035900,,정상가동,99.18,380,60,2018,발전사업용,2018-08-17,충청남도 논산시 지역경제과,1400,2025-12-28
수영3호 태양광발전소,,충청남도 논산시 노성면 읍내리 496,36.263514086,127.122458307,,정상가동,99.28,380,60,2018,발전사업용,2018-08-17,충청남도 논산시 지역경제과,1868,2025-12-28
담 태양광발전소,,충청남도 논산시 노성면 읍내리 484-36,36.260532540,127.120156200,,정상가동,99.28,380,60,2018,발전사업용,2018-08-31,충청남도 논산시 지역경제과,532,2025-12-28
개월 태양광발전소,,충청남도 논산시 노성면 읍내리 484-17,36.261098480,127.119905100,,정상가동,99.28,380,60,2018,발전사업용,2018-08-31,충청남도 논산시 지역경제과,532,2025-12-28
범호2 태양광발전소,,충청남도 논산시 노성면 읍내리 484-36,36.260532540,127.120156200,,정상가동,99.28,380,60,2018,발전사업용,2018-08-31,충청남도 논산시 지역경제과,532,2025-12-28
Y&L 쏠라텍,,충청남도 논산시 노성면 읍내리 484-17,36.261098480,127.119905100,,정상가동,99.28,380,60,2018,발전사업용,2018-08-31,충청남도 논산시 지역경제과,532,2025-12-28
신영 태양광발전소,,충청남도 논산시 노성면 읍내리 484-17,36.261098480,127.119905100,,정상가동,99.28,380,60,2018,발전사업용,2018-08-31,충청남도 논산시 지역경제과,532,2025-12-28
세종3호 태양광발전소,,충청남도 논산시 노성면 읍내리 484-17,36.261098480,127.119905100,,정상가동,99.28,380,60,2018,발전사업용,2018-08-31,충청남도 논산시 지역경제과,532,2025-12-28
대도2호 태양광발전소,,충청남도 논산시 노성면 읍내리 484-17,36.261098480,127.119905100,,정상가동,99.28,380,60,2018,발전사업용,2018-08-31,충청남도 논산시 지역경제과,532,2025-12-28
노성1호 태양광발전소,,충청남도 논산시 노성면 읍내리 484-36,36.260532540,127.120156200,,정상가동,99.28,380,60,2018,발전사업용,2018-08-31,충청남도 논산시 지역경제과,532,2025-12-28
대도3호 태양광발전소,,충청남도 논산시 노성면 읍내리 484-45,36.260766920,127.120164700,,정상가동,99.28,380,60,2018,발전사업용,2018-08-31,충청남도 논산시 지역경제과,532,2025-12-28
누리썬 태양광발전소,,충청남도 논산시 노성면 읍내리 484-34,36.261183764,127.120155406,,정상가동,99.28,380,60,2018,발전사업용,2018-08-31,충청남도 논산시 지역경제과,532,2025-12-28
미르 태양광발전소,,충청남도 논산시 은진면 용산리 160-13,36.167955130,127.122524300,,정상가동,99.28,380,60,2018,발전사업용,2018-08-31,충청남도 논산시 지역경제과,935,2025-12-28
민성 태양광발전소,,충청남도 논산시 은진면 용산리 160-14,36.167949290,127.122957800,,정상가동,99.28,380,60,2018,발전사업용,2018-08-31,충청남도 논산시 지역경제과,932,2025-12-28
학수2 태양광발전소,,충청남도 논산시 은진면 용산리 160-12,36.167916070,127.122113400,,정상가동,99.28,380,60,2018,발전사업용,2018-08-31,충청남도 논산시 지역경제과,909,2025-12-28
도현 태양광발전소,충청남도 논산시 은진면 탑정로474번길 71-9,충청남도 논산시 은진면 용산리 160-1,36.168976880,127.122979700,,정상가동,99.28,380,60,2018,발전사업용,2018-08-31,충청남도 논산시 지역경제과,861,2025-12-28
진3호 태양광발전소,충청남도 논산시 은진면 탑정로474번길 71-9,충청남도 논산시 은진면 용산리 160-1,36.168976880,127.122979700,,정상가동,99.28,380,60,2018,발전사업용,2018-08-31,충청남도 논산시 지역경제과,960,2025-12-28
세현3호 태양광발전소,충청남도 논산시 은진면 탑정로474번길 71-9,충청남도 논산시 은진면 용산리 160-1,36.168976880,127.122979700,,정상가동,99.28,380,60,2018,발전사업용,2018-08-31,충청남도 논산시 지역경제과,1095,2025-12-28
현도 태양광발전소,충청남도 논산시 은진면 탑정로474번길 71-9,충청남도 논산시 은진면 용산리 160-1,36.168976880,127.122979700,,정상가동,99.28,380,60,2018,발전사업용,2018-08-31,충청남도 논산시 지역경제과,857,2025-12-28
MG1호 태양광발전소,충청남도 논산시 은진면 탑정로474번길 71-9,충청남도 논산시 은진면 용산리 160-1,36.168976880,127.122979700,,정상가동,99.28,380,60,2018,발전사업용,2018-08-31,충청남도 논산시 지역경제과,991,2025-12-28
이대성4호 태양광발전소,충청남도 논산시 은진면 탑정로474번길 71-9,충청남도 논산시 은진면 용산리 160-1,36.168976880,127.122979700,,정상가동,99.28,380,60,2018,발전사업용,2018-08-31,충청남도 논산시 지역경제과,1275,2025-12-28
미소 태양광발전소,충청남도 논산시 은진면 탑정로474번길 71-9,충청남도 논산시 은진면 용산리 160-1,36.168976880,127.122979700,,정상가동,99.28,380,60,2018,발전사업용,2018-08-31,충청남도 논산시 지역경제과,932,2025-12-28
해테크논산3호 발전소,충청남도 논산시 은진면 탑정로474번길 71-9,충청남도 논산시 은진면 용산리 160-1,36.168976880,127.122979700,,정상가동,99.28,380,60,2018,발전사업용,2018-08-31,충청남도 논산시 지역경제과,919,2025-12-28
양촌1호 태양광발전소,,충청남도 논산시 양촌면 중산리 388,36.109773000,127.193689300,,정상가동,97.2,380,60,2018,발전사업용,2018-09-04,충청남도 논산시 지역경제과,1396,2025-12-28
양촌2호 태양광발전소,,충청남도 논산시 양촌면 중산리 388,36.109773000,127.193689300,,정상가동,97.2,380,60,2018,발전사업용,2018-09-04,충청남도 논산시 지역경제과,1396,2025-12-28
㈜비제이이십호 태양광발전소,,충청남도 논산시 연무읍 고내리 산66,36.077239190,127.113564160,,정상가동,495.72,22900,60,2018,발전사업용,2018-09-04,충청남도 논산시 지역경제과,7940,2025-12-28
Peace 태양광발전소,,충청남도 논산시 연무읍 봉동리 1260,36.098410890,127.076758578,,정상가동,198.8,380,60,2018,발전사업용,2018-09-04,충청남도 논산시 지역경제과,3279,2025-12-28
BenjaminGen 태양광발전소,,충청남도 논산시 연무읍 마전리 792-4,36.098660730,127.078472856,,정상가동,298.2,380,60,2018,발전사업용,2018-09-04,충청남도 논산시 지역경제과,4723,2025-12-28
케이솔라이호 용호1호 태양광발전소,,충청남도 논산시 부적면 감곡리 75-3,36.206401096,127.173080846,,정상가동,498.225,380,60,2018,발전사업용,2018-09-04,충청남도 논산시 지역경제과,5775,2025-12-28
케이솔라이호 용호2호 태양광발전소,,충청남도 논산시 부적면 감곡리 75-3,36.206401096,127.173080846,,정상가동,498.225,380,60,2018,발전사업용,2018-09-04,충청남도 논산시 지역경제과,5775,2025-12-28
성미 태양광발전소,,충청남도 논산시 부적면 감곡리 75-3,36.206401096,127.173080846,,정상가동,295.65,380,60,2018,발전사업용,2018-09-04,충청남도 논산시 지역경제과,3465,2025-12-28
논산JY 태양광발전소,,충청남도 논산시 가야곡면 등리 19-4,36.157110951,127.174823545,,정상가동,99.645,380,60,2018,발전사업용,2018-09-04,충청남도 논산시 지역경제과,1600,2025-12-28
논산JK 태양광발전소,,충청남도 논산시 가야곡면 등리 19-4,36.157110951,127.174823545,,정상가동,99.645,380,60,2018,발전사업용,2018-09-04,충청남도 논산시 지역경제과,1600,2025-12-28
리안인터내셔날서비스㈜,,충청남도 논산시 가야곡면 등리 19-5,36.156563360,127.174607100,,정상가동,199.29,380,60,2018,발전사업용,2018-09-04,충청남도 논산시 지역경제과,3000,2025-12-28
논산DK 태양광발전소,,충청남도 논산시 가야곡면 등리 19-4,36.157110951,127.174823545,,정상가동,99.645,380,60,2018,발전사업용,2018-09-04,충청남도 논산시 지역경제과,1600,2025-12-28
논산HK 태양광발전소,,충청남도 논산시 가야곡면 등리 19-4,36.157110951,127.174823545,,정상가동,99.645,380,60,2018,발전사업용,2018-09-04,충청남도 논산시 지역경제과,1600,2025-12-28
삼부 태양광발전소,,충청남도 논산시 부적면 덕평리 386-20,36.218472880,127.138869537,,정상가동,99.84,380,60,2018,발전사업용,2018-09-04,충청남도 논산시 지역경제과,1320,2025-12-28
유림 태양광발전소,,충청남도 논산시 부적면 덕평리 386-20,36.218472880,127.138869537,,정상가동,99.84,380,60,2018,발전사업용,2018-09-04,충청남도 논산시 지역경제과,1550,2025-12-28
소연 태양광발전소,,충청남도 논산시 부적면 덕평리 390-3,36.218077640,127.139183100,,정상가동,99.84,380,60,2018,발전사업용,2018-09-04,충청남도 논산시 지역경제과,1320,2025-12-28
자연6 태양광발전소,,충청남도 논산시 부적면 덕평리 386-15,36.217763020,127.139694243,,정상가동,99.84,380,60,2018,발전사업용,2018-09-04,충청남도 논산시 지역경제과,1362,2025-12-28
자연솔라3 태양광발전소,,충청남도 논산시 부적면 덕평리 386-20,36.218472880,127.138869537,,정상가동,99.84,380,60,2018,발전사업용,2018-09-04,충청남도 논산시 지역경제과,1050,2025-12-28
자연솔라4 태양광발전소,,충청남도 논산시 부적면 덕평리 390-3,36.218077640,127.139183100,,정상가동,99.84,380,60,2018,발전사업용,2018-09-04,충청남도 논산시 지역경제과,1003,2025-12-28
자연1 태양광발전소,,충청남도 논산시 부적면 덕평리 386-20,36.218472880,127.138869537,,정상가동,99.84,380,60,2018,발전사업용,2018-09-04,충청남도 논산시 지역경제과,1150,2025-12-28
자연2 태양광발전소,,충청남도 논산시 부적면 덕평리 386-20,36.218472880,127.138869537,,정상가동,99.84,380,60,2018,발전사업용,2018-09-04,충청남도 논산시 지역경제과,1100,2025-12-28
자연3 태양광발전소,,충청남도 논산시 부적면 덕평리 386-15,36.217763020,127.139694243,,정상가동,99.84,380,60,2018,발전사업용,2018-09-04,충청남도 논산시 지역경제과,1450,2025-12-28
진호 태양광발전소,충청남도 논산시 부적면 외성길 12,충청남도 논산시 부적면 외성리 232,36.215104610,127.162237900,,정상가동,91.8,380,60,2018,발전사업용,2018-09-04,충청남도 논산시 지역경제과,582,2025-12-28
장구그린 태양광발전소,충청남도 논산시 노성면 장마루로716번길 145,충청남도 논산시 노성면 죽림리 산 35-34,36.283197480,127.087454000,,정상가동,486.18,22900,60,2018,발전사업용,2018-09-04,충청남도 논산시 지역경제과,5050,2025-12-28
대명1호 태양광발전소,,충청남도 논산시 상월면 대명리 205-215,36.306366297,127.187380137,,정상가동,99.18,380,60,2018,발전사업용,2018-09-10,충청남도 논산시 지역경제과,2090,2025-12-28
서진 태양광발전소,,충청남도 논산시 상월면 대명리 205-214,36.306543550,127.186817100,,정상가동,99.18,380,60,2018,발전사업용,2018-09-10,충청남도 논산시 지역경제과,1382,2025-12-28
금강에너지,,충청남도 논산시 상월면 대명리 205-256,36.306290920,127.186775200,,정상가동,99.18,380,60,2018,발전사업용,2018-09-10,충청남도 논산시 지역경제과,1123,2025-12-28
상월4호 태양광발전소,,충청남도 논산시 상월면 대명리 205-259,36.306092960,127.186779586,,정상가동,99.18,380,60,2018,발전사업용,2018-09-10,충청남도 논산시 지역경제과,1224,2025-12-28
금강에너지2호,,충청남도 논산시 상월면 대명리 205-261,36.305596263,127.186440875,,정상가동,99.18,380,60,2018,발전사업용,2018-09-10,충청남도 논산시 지역경제과,1586,2025-12-28
써니에너지,,충청남도 논산시 상월면 대명리 205-212,36.306647990,127.186270400,,정상가동,99.18,380,60,2018,발전사업용,2018-09-10,충청남도 논산시 지역경제과,1288,2025-12-28
아산이에스에스,,충청남도 논산시 상월면 대명리 205-225,36.305316960,127.183930773,,정상가동,99.18,380,60,2018,발전사업용,2018-09-10,충청남도 논산시 지역경제과,1475,2025-12-28
블루스카이에너지,,충청남도 논산시 상월면 대명리 205-258,36.306288500,127.186213576,,정상가동,99.18,380,60,2018,발전사업용,2018-09-10,충청남도 논산시 지역경제과,1128,2025-12-28
애경에너지,,충청남도 논산시 상월면 대명리 205-280,36.306079570,127.186176100,,정상가동,99.18,380,60,2018,발전사업용,2018-09-10,충청남도 논산시 지역경제과,1124,2025-12-28
상월10호 태양광발전소,,충청남도 논산시 상월면 대명리 205-265,36.305291566,127.185983300,,정상가동,99.18,380,60,2018,발전사업용,2018-09-10,충청남도 논산시 지역경제과,2019,2025-12-28
HASS 태양광발전소,,충청남도 논산시 상월면 대명리 304,36.298292110,127.186995290,,정상가동,99.18,380,60,2018,발전사업용,2018-09-10,충청남도 논산시 지역경제과,1491,2025-12-28
상월12호 태양광발전소,,충청남도 논산시 상월면 대명리 205-272,36.306334244,127.185758845,,정상가동,99.18,380,60,2018,발전사업용,2018-09-10,충청남도 논산시 지역경제과,1124,2025-12-28
대명에너지,,충청남도 논산시 상월면 대명리 205-273,36.306112590,127.185730300,,정상가동,99.18,380,60,2018,발전사업용,2018-09-10,충청남도 논산시 지역경제과,1123,2025-12-28
대청15호 태양광발전소,,충청남도 논산시 상월면 대명리 205-305,36.306442920,127.185270400,,정상가동,99.18,380,60,2018,발전사업용,2018-09-10,충청남도 논산시 지역경제과,1200,2025-12-28
대명16호 태양광발전소,,충청남도 논산시 상월면 대명리 205-300,36.306224088,127.185218300,,정상가동,99.18,380,60,2018,발전사업용,2018-09-10,충청남도 논산시 지역경제과,1132,2025-12-28
가원에너지,,충청남도 논산시 상월면 대명리 205-276,36.305919630,127.185186700,,정상가동,99.18,380,60,2018,발전사업용,2018-09-10,충청남도 논산시 지역경제과,1423,2025-12-28
상월18호 태양광발전소,,충청남도 논산시 상월면 대명리 205-274,36.305914020,127.185687900,,정상가동,99.18,380,60,2018,발전사업용,2018-09-10,충청남도 논산시 지역경제과,1505,2025-12-28
유진태양광 1발전소,,충청남도 논산시 양촌면 모촌리 59-7,36.158325562,127.221175833,,정상가동,496.8,380,60,2018,발전사업용,2018-09-10,충청남도 논산시 지역경제과,6023,2025-12-28
수인 태양광발전소,,충청남도 논산시 양촌면 모촌리 59-59,36.158886544,127.220775364,,정상가동,99.36,380,60,2018,발전사업용,2018-09-10,충청남도 논산시 지역경제과,1540,2025-12-28
사포1호 태양광발전소,,충청남도 논산시 연산면 사포리 483,36.244336179,127.163362900,,정상가동,93.6,380,60,2018,발전사업용,2018-09-10,충청남도 논산시 지역경제과,1012,2025-12-28
사포2호 태양광발전소,,충청남도 논산시 연산면 사포리 483,36.244336179,127.163362900,,정상가동,93.6,380,60,2018,발전사업용,2018-09-10,충청남도 논산시 지역경제과,1012,2025-12-28
로즈임프,,충청남도 논산시 상월면 대명리 205-238,36.306200284,127.184598658,,정상가동,99.18,380,60,2018,발전사업용,2018-09-10,충청남도 논산시 지역경제과,1234,2025-12-28
스카이2,,충청남도 논산시 상월면 대명리 205-236,36.305788990,127.184531100,,정상가동,99.18,380,60,2018,발전사업용,2018-09-10,충청남도 논산시 지역경제과,1233,2025-12-28
상월30호 태양광발전소,,충청남도 논산시 상월면 대명리 205-220,36.306092162,127.184070900,,정상가동,99.18,380,60,2018,발전사업용,2018-09-10,충청남도 논산시 지역경제과,1226,2025-12-28
상월31호 태양광발전소,,충청남도 논산시 상월면 대명리 205-219,36.306435110,127.184123600,,정상가동,99.18,380,60,2018,발전사업용,2018-09-10,충청남도 논산시 지역경제과,1393,2025-12-28
썬사랑 태양광발전소,,충청남도 논산시 상월면 대명리 205-2,36.306370977,127.183513806,,정상가동,99.18,380,60,2018,발전사업용,2018-09-10,충청남도 논산시 지역경제과,1582,2025-12-28
써니 태양광발전소,,충청남도 논산시 상월면 대명리 205-216,36.306168680,127.183405180,,정상가동,99.18,380,60,2018,발전사업용,2018-09-10,충청남도 논산시 지역경제과,1312,2025-12-28
상월34호 태양광발전소,,충청남도 논산시 상월면 대명리 205-217,36.305979590,127.183404500,,정상가동,99.18,380,60,2018,발전사업용,2018-09-10,충청남도 논산시 지역경제과,1379,2025-12-28
삼천 태양광발전소,,충청남도 논산시 연무읍 동산리 153-4,36.135159820,127.128933100,,정상가동,99.45,380,60,2018,발전사업용,2018-09-10,충청남도 논산시 지역경제과,1101,2025-12-28
21세기 태양광발전소,,충청남도 논산시 연무읍 동산리 151,36.134565830,127.129377365,,정상가동,99.45,380,60,2018,발전사업용,2018-09-10,충청남도 논산시 지역경제과,3688,2025-12-28
논산연무 태양광,,충청남도 논산시 연무읍 동산리 153-1,36.135443178,127.128911000,,정상가동,99.45,380,60,2018,발전사업용,2018-09-10,충청남도 논산시 지역경제과,1250,2025-12-28
은하2호 태양광발전소,,충청남도 논산시 연산면 덕암리 261-2,36.245280010,127.188225138,,정상가동,397.8,380,60,2018,발전사업용,2018-09-13,충청남도 논산시 지역경제과,5474,2025-12-28
다온1호 태양광발전소,,충청남도 논산시 연무읍 죽평리 295-5,36.106160660,127.107350900,,정상가동,144.54,380,60,2018,발전사업용,2018-09-13,충청남도 논산시 지역경제과,3765,2025-12-28
다온 태양광발전소,,충청남도 논산시 연무읍 죽평리 295-5,36.106160660,127.107350900,,정상가동,99.28,380,60,2018,발전사업용,2018-09-13,충청남도 논산시 지역경제과,2405,2025-12-28
조이 태양광발전소,,충청남도 논산시 상월면 대명리 205-223,36.305581570,127.184484651,,정상가동,99.18,380,60,2018,발전사업용,2018-09-13,충청남도 논산시 지역경제과,1233,2025-12-28
상월24호 태양광발전소,,충청남도 논산시 상월면 대명리 205-224,36.305382930,127.184457400,,정상가동,99.18,380,60,2018,발전사업용,2018-09-13,충청남도 논산시 지역경제과,1233,2025-12-28
설록,,충청남도 논산시 상월면 대명리 205-72,36.306460099,127.184645111,,정상가동,99.18,380,60,2018,발전사업용,2018-09-13,충청남도 논산시 지역경제과,1226,2025-12-28
해준 태양광발전소,,충청남도 논산시 상월면 대명리 205-222,36.305650860,127.183986466,,정상가동,99.18,380,60,2018,발전사업용,2018-09-13,충청남도 논산시 지역경제과,1226,2025-12-28
상월29호 태양광발전소,,충청남도 논산시 상월면 대명리 205-221,36.305884710,127.184029100,,정상가동,99.18,380,60,2018,발전사업용,2018-09-13,충청남도 논산시 지역경제과,1226,2025-12-28
상월35호 태양광발전소,,충청남도 논산시 상월면 대명리 205-218,36.305589209,127.183538257,,정상가동,99.18,380,60,2018,발전사업용,2018-09-13,충청남도 논산시 지역경제과,1722,2025-12-28
태산에너지,,충청남도 논산시 상월면 대명리 205-226,36.305017595,127.183775751,,정상가동,99.18,380,60,2018,발전사업용,2018-09-13,충청남도 논산시 지역경제과,1888,2025-12-28
양달 태양광발전소,,충청남도 논산시 상월면 대명리 205-131,36.305082590,127.184386859,,정상가동,99.18,380,60,2018,발전사업용,2018-09-13,충청남도 논산시 지역경제과,1917,2025-12-28
상월14호 태양광발전소,,충청남도 논산시 상월면 대명리 205-232,36.305406640,127.185465899,,정상가동,99.18,380,60,2018,발전사업용,2018-09-13,충청남도 논산시 지역경제과,1700,2025-12-28
상월21호 태양광발전소,,충청남도 논산시 상월면 대명리 205-237,36.306005580,127.184573400,,정상가동,99.18,380,60,2018,발전사업용,2018-09-13,충청남도 논산시 지역경제과,1233,2025-12-28
삼마 태양광발전소,충청남도 논산시 성동면 원남길 259,충청남도 논산시 성동면 원남리 1354,36.210814570,127.016328600,,정상가동,499.32,380,60,2018,발전사업용,2018-09-17,충청남도 논산시 지역경제과,2548,2025-12-28
백석 태양광발전소,,충청남도 논산시 연산면 백석리 185-67,36.245731810,127.188815000,,정상가동,97.2,380,60,2018,발전사업용,2018-10-08,충청남도 논산시 지역경제과,676,2025-12-28
성현2호 태양광발전소,,충청남도 논산시 노성면 두사리 193,36.250383530,127.115129200,,정상가동,99.645,380,60,2018,발전사업용,2018-10-08,충청남도 논산시 지역경제과,1439,2025-12-28
우정1호 태양광발전소,,충청남도 논산시 노성면 두사리 194,36.249914010,127.115012100,,정상가동,99.645,380,60,2018,발전사업용,2018-10-08,충청남도 논산시 지역경제과,1515,2025-12-28
우리1호 태양광발전소,,충청남도 논산시 노성면 두사리 194,36.249914010,127.115012100,,정상가동,99.645,380,60,2018,발전사업용,2018-10-08,충청남도 논산시 지역경제과,1318,2025-12-28
하성1호 태양광발전소,,충청남도 논산시 노성면 두사리 194,36.249914010,127.115012100,,정상가동,99.645,380,60,2018,발전사업용,2018-10-08,충청남도 논산시 지역경제과,1333,2025-12-28
문&박 태양광발전소,,충청남도 논산시 노성면 두사리 194-7,36.249579840,127.114915700,,정상가동,99.645,380,60,2018,발전사업용,2018-10-08,충청남도 논산시 지역경제과,1462,2025-12-28
유진1호 태양광발전소,,충청남도 논산시 노성면 두사리 194-5,36.249088600,127.114298200,,정상가동,99.645,380,60,2018,발전사업용,2018-10-08,충청남도 논산시 지역경제과,1535,2025-12-28
수호1호 태양광발전소,,충청남도 논산시 노성면 두사리 194-7,36.249579840,127.114915700,,정상가동,99.645,380,60,2018,발전사업용,2018-10-12,충청남도 논산시 지역경제과,1357,2025-12-28
소망 태양광발전소,충청남도 논산시 강경읍 잣디4길 14,충청남도 논산시 강경읍 채산리 223-16,36.149664970,127.019658700,,정상가동,19.44,220,60,2018,발전사업용,2018-10-17,충청남도 논산시 지역경제과,89,2025-12-28
화정1리 태양광발전소,충청남도 논산시 성동면 성동로436번길 100-20,충청남도 논산시 성동면 화정리 82,36.202308980,127.047848800,,정상가동,28.08,380,60,2018,발전사업용,2018-10-29,충청남도 논산시 지역경제과,145,2025-12-28
부자2호 태양광발전소,,충청남도 논산시 연산면 어은리 329-3,36.265853985,127.178587947,,정상가동,64.8,380,60,2018,발전사업용,2018-11-06,충청남도 논산시 지역경제과,373,2025-12-28
회승 태양광발전소,충청남도 논산시 성동면 개척길 247-39,충청남도 논산시 성동면 개척리 28-13,36.174318420,127.007024500,,정상가동,498.42,380,60,2018,발전사업용,2018-11-26,충청남도 논산시 지역경제과,2575,2025-12-28
㈜신화,충청남도 논산시 연무읍 마봉로79번길 20,충청남도 논산시 연무읍 마전리 1062-27,36.090868740,127.084959600,,정상가동,264.96,380,60,2018,발전사업용,2018-11-26,충청남도 논산시 지역경제과,2202,2025-12-28
경민2호 태양광발전소,,충청남도 논산시 상월면 지경리 560-12,36.309364040,127.149139500,,정상가동,199.8,380,60,2018,발전사업용,2018-11-28,충청남도 논산시 지역경제과,2473,2025-12-28
대경1호 태양광,충청남도 논산시 광석면 장마루로 109-99,충청남도 논산시 광석면 광리 235-8,36.221732100,127.081493700,,정상가동,499.2,380,60,2018,발전사업용,2018-12-04,충청남도 논산시 지역경제과,3152,2025-12-28
대경2호 태양광,충청남도 논산시 광석면 장마루로 109-125,충청남도 논산시 광석면 광리 237-5,36.222046450,127.080177500,,정상가동,399.75,380,60,2018,발전사업용,2018-12-04,충청남도 논산시 지역경제과,2340,2025-12-28
대경3호 태양광,충청남도 논산시 광석면 장마루로 109-129,충청남도 논산시 광석면 광리 237-9,36.222406150,127.080073200,,정상가동,499.2,380,60,2018,발전사업용,2018-12-04,충청남도 논산시 지역경제과,2340,2025-12-28
홍순1 태양광발전소,충청남도 논산시 부적면 남마구평길 25,충청남도 논산시 부적면 마구평리 37-6,36.213571960,127.130524100,,정상가동,19.8,380,60,2018,발전사업용,2018-12-17,충청남도 논산시 지역경제과,198,2025-12-28
홍순2 태양광발전소,충청남도 논산시 부적면 남마구평길 44-4,충청남도 논산시 부적면 마구평리 27-1,36.212767430,127.132679400,,정상가동,30,380,60,2018,발전사업용,2018-12-17,충청남도 논산시 지역경제과,215,2025-12-28
기원1호 태양광발전소,충청남도 논산시 연산면 연산사계7길 20-58,충청남도 논산시 연산면 장전리 775-1,36.232379910,127.164568100,,정상가동,99.9,380,60,2018,발전사업용,2018-12-17,충청남도 논산시 지역경제과,738,2025-12-28
유니 태양광발전소,,충청남도 논산시 벌곡면 검천리 331-2,36.173829040,127.267179200,,정상가동,99.45,380,60,2018,발전사업용,2018-12-24,충청남도 논산시 지역경제과,1322,2025-12-28
종일 태양광발전소,,충청남도 논산시 벌곡면 검천리 331,36.173845360,127.266234615,,정상가동,99.45,380,60,2018,발전사업용,2018-12-24,충청남도 논산시 지역경제과,1624,2025-12-28
우진 태양광발전소,,충청남도 논산시 벌곡면 검천리 331-3,36.173913060,127.267656400,,정상가동,99.45,380,60,2018,발전사업용,2018-12-24,충청남도 논산시 지역경제과,1613,2025-12-28
PSK 태양광발전소,,충청남도 논산시 벌곡면 검천리 331-1,36.173799620,127.266790400,,정상가동,99.45,380,60,2018,발전사업용,2018-12-24,충청남도 논산시 지역경제과,1422,2025-12-28
다산7호 태양광발전소,,충청남도 논산시 은진면 용산리 113-4,36.166704100,127.123067395,,정상가동,467.775,380,60,2018,발전사업용,2018-12-27,충청남도 논산시 지역경제과,2448,2025-12-28
용선 태양광발전소,충청남도 논산시 부적면 계백로 1635-6,충청남도 논산시 부적면 외성리 490-15,36.212456020,127.155971300,,정상가동,199.8,380,60,2018,발전사업용,2018-12-27,충청남도 논산시 지역경제과,1085,2025-12-28
야화마을 태양광발전소,충청남도 논산시 채운면 채운로36번길 53-3,충청남도 논산시 채운면 야화리 224-4,36.169616210,127.059859400,,정상가동,42.705,380,60,2018,발전사업용,2018-12-27,충청남도 논산시 지역경제과,233,2025-12-28
안산농원2호 태양광발전소,충청남도 논산시 광석면 논산평야로1119번길 106,충청남도 논산시 광석면 사월리 138-31,36.256193410,127.103791500,,정상가동,98.55,380,60,2018,발전사업용,2018-12-28,충청남도 논산시 지역경제과,585,2025-12-28
여명 태양광발전소,충청남도 논산시 채운면 탑정로40번길 39,충청남도 논산시 채운면 용화리 254-8,36.169302570,127.069333400,,정상가동,17.55,380,60,2018,발전사업용,2018-12-28,충청남도 논산시 지역경제과,90,2025-12-28
한솔원 태양광발전소,충청남도 논산시 양촌면 대둔로174번길 19-22,충청남도 논산시 양촌면 모촌리 28-7,36.162759340,127.225246800,,정상가동,75.85,380,60,2018,발전사업용,2018-12-28,충청남도 논산시 지역경제과,487,2025-12-28
다맛 태양광발전소,충청남도 논산시 강경읍 계백로140번길 15,충청남도 논산시 강경읍 대흥리 29-3,36.156467400,127.017207000,,정상가동,48.62,380,60,2018,발전사업용,2018-12-28,충청남도 논산시 지역경제과,330,2025-12-28
희망1호 태양광발전소,,충청남도 논산시 성동면 우곤리 38,36.201327040,127.007715207,,정상가동,98.28,380,60,2019,발전사업용,2019-01-09,충청남도 논산시 지역경제과,504,2025-12-28
한아름1호 태양광발전소,,충청남도 논산시 성동면 우곤리 38,36.201327040,127.007715207,,정상가동,98.28,380,60,2019,발전사업용,2019-01-09,충청남도 논산시 지역경제과,504,2025-12-28
노성 태양광발전소,충청남도 논산시 노성면 논산평야로 1281-7,충청남도 논산시 노성면 읍내리 482,36.261306580,127.122473400,,정상가동,52.65,380,60,2019,발전사업용,2019-01-10,충청남도 논산시 지역경제과,240,2025-12-28
광석 제일발전소,충청남도 논산시 광석면 장마루로 517,충청남도 논산시 광석면 오강리 144-1,36.260623740,127.078346200,,정상가동,199.68,380,60,2019,발전사업용,2019-01-10,충청남도 논산시 지역경제과,1496,2025-12-28
계림 태양광발전소,충청남도 논산시 성동면 월성길 37-12,충청남도 논산시 성동면 월성리 373,36.198123940,127.016198100,,정상가동,299.52,380,60,2019,발전사업용,2019-01-10,충청남도 논산시 지역경제과,2680,2025-12-28
광일 태양광발전소,,충청남도 논산시 은진면 방축리 486-4,36.160244600,127.084496201,,정상가동,99.45,380,60,2019,발전사업용,2019-01-14,충청남도 논산시 지역경제과,400,2025-12-28
은진 태양광발전소,,충청남도 논산시 은진면 방축리 486-1,36.160419379,127.084525742,,정상가동,99.45,380,60,2019,발전사업용,2019-01-14,충청남도 논산시 지역경제과,585,2025-12-28
한빛2호 태양광발전소,충청남도 논산시 은진면 방축4길 44,충청남도 논산시 은진면 방축리 369-7,36.167674280,127.089682200,,정상가동,299.52,380,60,2019,발전사업용,2019-01-17,충청남도 논산시 지역경제과,1053,2025-12-28
㈜태평엘이디,충청남도 논산시 연무읍 고내곡로 40-55,충청남도 논산시 연무읍 마전리 281-10,36.081702260,127.094392200,,정상가동,252,380,60,2019,발전사업용,2019-01-17,충청남도 논산시 지역경제과,198,2025-12-28
건강마을 태양광발전소,충청남도 논산시 연무읍 양지길 45-41,충청남도 논산시 연무읍 양지리 123-1,36.119206480,127.137540300,,정상가동,374.4,380,60,2019,발전사업용,2019-01-17,충청남도 논산시 지역경제과,2029,2025-12-28
황룡 태양광발전소,충청남도 논산시 연산면 황룡재로 125,충청남도 논산시 연산면 연산리 13-3,36.211533610,127.224911700,,정상가동,96,380,60,2019,발전사업용,2019-01-17,충청남도 논산시 지역경제과,600,2025-12-28
사은 태양광발전소,,충청남도 논산시 가야곡면 등리 23-1,36.155294050,127.174978643,,정상가동,99.28,380,60,2019,발전사업용,2019-01-17,충청남도 논산시 지역경제과,1351,2025-12-28
세린 태양광발전소,,충청남도 논산시 가야곡면 등리 23-3,36.155005130,127.174745700,,정상가동,99.28,380,60,2019,발전사업용,2019-01-17,충청남도 논산시 지역경제과,1396,2025-12-28
지수 태양광발전소,충청남도 논산시 상월면 계룡산로 478,충청남도 논산시 상월면 상도리 482-12,36.322139930,127.176977200,,정상가동,14.49,380,60,2019,발전사업용,2019-02-19,충청남도 논산시 지역경제과,98,2025-12-28
종엽 태양광발전소,충청남도 논산시 채운면 탑정로 16,충청남도 논산시 채운면 화산리 36,36.171687950,127.067793500,,정상가동,99.96,380,60,2019,발전사업용,2019-02-19,충청남도 논산시 지역경제과,650,2025-12-28
골드1호 태양광발전소,충청남도 논산시 은진면 득안대로 928-9,충청남도 논산시 은진면 토양리 78-3,36.149724320,127.103257800,,정상가동,456.3,380,60,2019,발전사업용,2019-02-19,충청남도 논산시 지역경제과,1602,2025-12-28
세빈 태양광발전소,충청남도 논산시 채운면 연은로29번길 15,충청남도 논산시 채운면 심암리 87-1,36.139838670,127.081969900,,정상가동,18.615,380,60,2019,발전사업용,2019-02-19,충청남도 논산시 지역경제과,91,2025-12-28
온유 태양광발전소,충청남도 논산시 성동면 삼호길 394-60,충청남도 논산시 성동면 삼호리 154-1,36.188423580,127.043680600,,정상가동,98.55,380,60,2019,발전사업용,2019-02-19,충청남도 논산시 지역경제과,540,2025-12-28
드림 태양광발전소,충청남도 논산시 성동면 삼호길 394-60,충청남도 논산시 성동면 삼호리 154-1,36.188423580,127.043680600,,정상가동,98.55,380,60,2019,발전사업용,2019-02-19,충청남도 논산시 지역경제과,540,2025-12-28
화평 태양광발전소,충청남도 논산시 성동면 삼호길 394-60,충청남도 논산시 성동면 삼호리 154-1,36.188423580,127.043680600,,정상가동,98.55,380,60,2019,발전사업용,2019-02-19,충청남도 논산시 지역경제과,540,2025-12-28
매직 태양광발전소,충청남도 논산시 성동면 삼호길 394-60,충청남도 논산시 성동면 삼호리 154-1,36.188423580,127.043680600,,정상가동,98.55,380,60,2019,발전사업용,2019-02-19,충청남도 논산시 지역경제과,540,2025-12-28
사공 태양광발전소,충청남도 논산시 계백로 918,충청남도 논산시 부창동 196-3,36.197973000,127.082393600,,정상가동,99.45,380,60,2019,발전사업용,2019-02-21,충청남도 논산시 지역경제과,538,2025-12-28
에벤에셀 태양광발전소,충청남도 논산시 연무읍 동안로 454-7,충청남도 논산시 연무읍 신화리 1352-2,36.139991850,127.059856900,,정상가동,446.22,380,60,2019,발전사업용,2019-02-22,충청남도 논산시 지역경제과,2300,2025-12-28
주라 태양광발전소,,충청남도 논산시 양촌면 산직리 122-3,36.172613158,127.246659017,,정상가동,99.84,380,60,2019,발전사업용,2019-02-22,충청남도 논산시 지역경제과,2174,2025-12-28
수정 태양광발전소,,충청남도 논산시 양촌면 산직리 122-1,36.172663230,127.246303100,,정상가동,99.84,380,60,2019,발전사업용,2019-02-22,충청남도 논산시 지역경제과,1284,2025-12-28
월명 태양광발전소,,충청남도 논산시 양촌면 산직리 122,36.172966499,127.246110080,,정상가동,99.84,380,60,2019,발전사업용,2019-02-22,충청남도 논산시 지역경제과,1360,2025-12-28
우진 태양광발전소,,충청남도 논산시 양촌면 산직리 122-2,36.172610060,127.246448200,,정상가동,99.84,380,60,2019,발전사업용,2019-02-22,충청남도 논산시 지역경제과,1281,2025-12-28
논산가야1호 태양광발전소,,충청남도 논산시 은진면 방축리 204,36.161224530,127.090217194,,정상가동,198.72,380,60,2019,발전사업용,2019-03-06,충청남도 논산시 지역경제과,3347,2025-12-28
유한회사 계미 태양광발전소,,충청남도 논산시 연무읍 양지리 106-3,36.122704860,127.136491200,,정상가동,294.84,380,60,2019,발전사업용,2019-03-07,충청남도 논산시 지역경제과,1512,2025-12-28
임마누엘1호 태양광발전소,,충청남도 논산시 연무읍 양지리 104-3,36.123262580,127.137596000,,정상가동,98.28,380,60,2019,발전사업용,2019-03-07,충청남도 논산시 지역경제과,504,2025-12-28
금오 태양광발전소,,충청남도 논산시 성동면 우곤리 39-2,36.201686490,127.007812803,,정상가동,98.28,380,60,2019,발전사업용,2019-03-13,충청남도 논산시 지역경제과,1309,2025-12-28
성동2호 태양광발전소,,충청남도 논산시 성동면 우곤리 39,36.202052745,127.007768400,,정상가동,98.28,380,60,2019,발전사업용,2019-03-13,충청남도 논산시 지역경제과,1309,2025-12-28
김규섭2호 태양광발전소,,충청남도 논산시 성동면 우곤리 39,36.202052745,127.007768400,,정상가동,98.28,380,60,2019,발전사업용,2019-03-13,충청남도 논산시 지역경제과,1309,2025-12-28
성동4호 태양광발전소,,충청남도 논산시 성동면 우곤리 39,36.202052745,127.007768400,,정상가동,98.28,380,60,2019,발전사업용,2019-03-13,충청남도 논산시 지역경제과,1309,2025-12-28
부흥포장산업 태양광발전소,,충청남도 논산시 취암동 199-28,36.200248460,127.092430400,,정상가동,28.47,380,60,2019,발전사업용,2019-03-13,충청남도 논산시 지역경제과,345,2025-12-28
희망들 태양광발전소,충청남도 논산시 가야곡면 원앙로111번길 5-8,충청남도 논산시 가야곡면 삼전리 231-4,36.092843330,127.164157000,,정상가동,234,380,60,2019,발전사업용,2019-03-13,충청남도 논산시 지역경제과,1209,2025-12-28
양촌물류 태양광발전소,,충청남도 논산시 양촌면 인천리 432-54,36.136613860,127.233725400,,정상가동,60.84,380,60,2019,발전사업용,2019-03-13,충청남도 논산시 지역경제과,369,2025-12-28
놀뫼2호 태양광발전소,충청남도 논산시 채운면 우기2길 43,충청남도 논산시 채운면 우기리 423-6,36.150821040,127.065117500,,정상가동,19.5,380,60,2019,발전사업용,2019-03-13,충청남도 논산시 지역경제과,196,2025-12-28
건영1호 태양광발전소,충청남도 논산시 연무읍 동안로 1222,충청남도 논산시 연무읍 양지리 64-5,36.123784860,127.136279400,,정상가동,140.4,380,60,2019,발전사업용,2019-03-13,충청남도 논산시 지역경제과,725,2025-12-28
두레 태양광발전소,충청남도 논산시 상월면 상월로 352-7,충청남도 논산시 상월면 대명리 246-4,36.298841950,127.176854200,,정상가동,62.16,380,60,2019,발전사업용,2019-03-13,충청남도 논산시 지역경제과,395,2025-12-28
한스팜A 태양광발전소,충청남도 논산시 성동면 우곤3길 129-56,충청남도 논산시 성동면 우곤리 1543-8,36.205017540,126.990079300,,정상가동,397.8,22900,60,2019,발전사업용,2019-03-13,충청남도 논산시 지역경제과,3621,2025-12-28
한스팜B 태양광발전소,충청남도 논산시 성동면 우곤3길 129-56,충청남도 논산시 성동면 우곤리 1543-8,36.205017540,126.990079300,,정상가동,456.3,22900,60,2019,발전사업용,2019-03-13,충청남도 논산시 지역경제과,4208,2025-12-28
한스팜C 태양광발전소,충청남도 논산시 성동면 우곤3길 129-56,충청남도 논산시 성동면 우곤리 1543-8,36.205017540,126.990079300,,정상가동,456.3,22900,60,2019,발전사업용,2019-03-13,충청남도 논산시 지역경제과,4208,2025-12-28
제이에이치 논산솔라1호,,충청남도 논산시 채운면 심암리 41,36.144121195,127.080888612,,정상가동,99.36,380,60,2019,발전사업용,2019-03-15,충청남도 논산시 지역경제과,1345,2025-12-28
에스에이치 논산솔라1호,,충청남도 논산시 채운면 심암리 41,36.144121195,127.080888612,,정상가동,99.36,380,60,2019,발전사업용,2019-03-15,충청남도 논산시 지역경제과,1350,2025-12-28
수지현5호 발전소,,충청남도 논산시 가야곡면 함적리 53-4,36.144636350,127.191333100,,정상가동,99.2,380,60,2019,발전사업용,2019-03-15,충청남도 논산시 지역경제과,1691,2025-12-28
그린에너지1호 태양광발전소,충청남도 논산시 연산면 고정길 123-11,충청남도 논산시 연산면 고정리 27-7,36.197640610,127.192802000,,정상가동,46.8,380,60,2020,발전사업용,2020-03-05,충청남도 논산시 지역경제과,253,2025-12-28
그린에너지2호 태양광발전소,충청남도 논산시 연산면 고정길 123-11,충청남도 논산시 연산면 고정리 27-7,36.197640610,127.192802000,,정상가동,99.45,380,60,2020,발전사업용,2020-03-05,충청남도 논산시 지역경제과,733,2025-12-28
그린에너지3호 태양광발전소,충청남도 논산시 연산면 고정길 123-11,충청남도 논산시 연산면 고정리 27-7,36.197640610,127.192802000,,정상가동,99.45,380,60,2020,발전사업용,2020-03-05,충청남도 논산시 지역경제과,650,2025-12-28
영주 태양광발전소,충청남도 논산시 채운면 채운로143번길 33-60,충청남도 논산시 채운면 용화리 16-3,36.169810320,127.074384900,,정상가동,99.9,380,60,2020,발전사업용,2020-03-10,충청남도 논산시 지역경제과,354,2025-12-28
연 태양광발전소,충청남도 논산시 채운면 채운로143번길 33-58,충청남도 논산시 채운면 용화리 16-4,36.169648710,127.074464600,,정상가동,99.9,380,60,2020,발전사업용,2020-03-10,충청남도 논산시 지역경제과,428,2025-12-28
현식 태양광발전소,충청남도 논산시 채운면 채운로143번길 33-56,충청남도 논산시 채운면 용화리 16-5,36.169485810,127.074377600,,정상가동,99.9,380,60,2020,발전사업용,2020-03-10,충청남도 논산시 지역경제과,428,2025-12-28
여익 태양광발전소,충청남도 논산시 채운면 채운로143번길 33-54,충청남도 논산시 채운면 용화리 16-6,36.169152120,127.074348200,,정상가동,99.9,380,60,2020,발전사업용,2020-03-10,충청남도 논산시 지역경제과,428,2025-12-28
아투 태양광발전소,충청남도 논산시 채운면 채운로143번길 33-62,충청남도 논산시 채운면 용화리 16-1,36.169990380,127.074360600,,정상가동,99.9,380,60,2020,발전사업용,2020-03-10,충청남도 논산시 지역경제과,408,2025-12-28
하헌명 태양광발전소,충청남도 논산시 부적면 계백로 1511,충청남도 논산시 부적면 마구평리 11-34,36.213248880,127.141971800,,정상가동,29.2,380,60,2020,발전사업용,2020-03-16,충청남도 논산시 지역경제과,245,2025-12-28
백석 태양광발전소,충청남도 논산시 연무읍 소룡길 61,충청남도 논산시 연무읍 소룡리 272,36.108021670,127.132531000,,정상가동,199.5,380,60,2020,발전사업용,2020-03-16,충청남도 논산시 지역경제과,951,2025-12-28
양지2호 태양광발전소,충청남도 논산시 강변로 183-50,충청남도 논산시 부창동 432-5,36.195099830,127.068606100,,정상가동,99.6,380,60,2020,발전사업용,2020-03-16,충청남도 논산시 지역경제과,388,2025-12-28
유주 태양광발전소,충청남도 논산시 강변로 183-50,충청남도 논산시 부창동 432-5,36.195099830,127.068606100,,정상가동,99.6,380,60,2020,발전사업용,2020-03-16,충청남도 논산시 지역경제과,388,2025-12-28
논산 서문 태양광발전소,충청남도 논산시 강변로 183-50,충청남도 논산시 부창동 432-5,36.195099830,127.068606100,,정상가동,99.6,380,60,2020,발전사업용,2020-03-16,충청남도 논산시 지역경제과,388,2025-12-28
부자1호 태양광발전소,,충청남도 논산시 광석면 사월리 225-1,36.259275260,127.095495045,,정상가동,99.6,380,60,2020,발전사업용,2020-03-16,충청남도 논산시 지역경제과,1553,2025-12-28
부자2호 태양광발전소,,충청남도 논산시 광석면 사월리 225-1,36.259275260,127.095495045,,정상가동,99.6,380,60,2020,발전사업용,2020-03-16,충청남도 논산시 지역경제과,1553,2025-12-28
방축1리 태양광발전소,충청남도 논산시 은진면 방축길 75,충청남도 논산시 은진면 방축리 58-4,36.160256900,127.095636000,,정상가동,12.3,220,60,2020,발전사업용,2020-03-31,충청남도 논산시 지역경제과,130,2025-12-28
크라운원 논산채운발전소,충청남도 논산시 채운면 탑정로39번길 76,충청남도 논산시 채운면 화산리 2-2,36.177650260,127.071925000,,정상가동,99.6,380,60,2020,발전사업용,2020-03-31,충청남도 논산시 지역경제과,388,2025-12-28
백합2호 태양광발전소,충청남도 논산시 채운면 탑정로39번길 76,충청남도 논산시 채운면 화산리 2-2,36.177650260,127.071925000,,정상가동,99.6,380,60,2020,발전사업용,2020-03-31,충청남도 논산시 지역경제과,388,2025-12-28
검소한18호 태양광발전소,충청남도 논산시 채운면 탑정로39번길 76,충청남도 논산시 채운면 화산리 2-2,36.177650260,127.071925000,,정상가동,99.6,380,60,2020,발전사업용,2020-03-31,충청남도 논산시 지역경제과,388,2025-12-28
검소한19호 태양광발전소,충청남도 논산시 채운면 탑정로39번길 76,충청남도 논산시 채운면 화산리 2-2,36.177650260,127.071925000,,정상가동,99.6,380,60,2020,발전사업용,2020-03-31,충청남도 논산시 지역경제과,388,2025-12-28
진주1호 태양광발전소,충청남도 논산시 채운면 채운로 250-27,충청남도 논산시 채운면 우기리 672-1,36.157106210,127.063242600,,정상가동,99.6,380,60,2020,발전사업용,2020-03-31,충청남도 논산시 지역경제과,514,2025-12-28
진주2호 태양광발전소,충청남도 논산시 채운면 채운로 250-27,충청남도 논산시 채운면 우기리 672-1,36.157106210,127.063242600,,정상가동,99.6,380,60,2020,발전사업용,2020-03-31,충청남도 논산시 지역경제과,514,2025-12-28
진주3호 태양광발전소,충청남도 논산시 채운면 채운로 250-27,충청남도 논산시 채운면 우기리 672-1,36.157106210,127.063242600,,정상가동,99.6,380,60,2020,발전사업용,2020-03-31,충청남도 논산시 지역경제과,514,2025-12-28
양암1 태양광발전소,충청남도 논산시 광석면 논산평야로1119번길 105,충청남도 논산시 광석면 사월리 138-28,36.256010270,127.102196940,,정상가동,97.2,380,60,2020,발전사업용,2020-04-08,충청남도 논산시 지역경제과,522,2025-12-28
양암2 태양광발전소,충청남도 논산시 광석면 논산평야로1119번길 105,충청남도 논산시 광석면 사월리 138-28,36.256010270,127.102196940,,정상가동,97.2,380,60,2020,발전사업용,2020-04-08,충청남도 논산시 지역경제과,522,2025-12-28
양암3 태양광발전소,충청남도 논산시 광석면 논산평야로1119번길 105,충청남도 논산시 광석면 사월리 138-28,36.256010270,127.102196940,,정상가동,97.2,380,60,2020,발전사업용,2020-04-08,충청남도 논산시 지역경제과,522,2025-12-28
채운1호 태양광발전소,충청남도 논산시 채운면 채운로460번길 49,충청남도 논산시 채운면 심암리 419,36.144320670,127.079973200,,정상가동,97.2,380,60,2020,발전사업용,2020-04-17,충청남도 논산시 지역경제과,371,2025-12-28
오민정1호 태양광발전소,충청남도 논산시 연무읍 신화길 65-33,충청남도 논산시 연무읍 신화리 1-1,36.129536460,127.080689900,,정상가동,99.6,380,60,2020,발전사업용,2020-04-17,충청남도 논산시 지역경제과,359,2025-12-28
오민정2호 태양광발전소,충청남도 논산시 연무읍 신화길 65-33,충청남도 논산시 연무읍 신화리 1-1,36.129536460,127.080689900,,정상가동,99.6,380,60,2020,발전사업용,2020-04-17,충청남도 논산시 지역경제과,359,2025-12-28
방축38-1 태양광발전소,,충청남도 논산시 은진면 방축리 159-2,36.157776173,127.092098100,,정상가동,97.11,380,60,2020,발전사업용,2020-04-17,충청남도 논산시 지역경제과,501,2025-12-28
방축38-2 태양광발전소,,충청남도 논산시 은진면 방축리 159-2,36.157776173,127.092098100,,정상가동,97.11,380,60,2020,발전사업용,2020-04-17,충청남도 논산시 지역경제과,501,2025-12-28
청암4호 태양광발전소,충청남도 논산시 연산면 선비로720번길 69,충청남도 논산시 연산면 백석리 173-42,36.246353800,127.184847600,,정상가동,93.97,380,60,2020,발전사업용,2020-04-28,충청남도 논산시 지역경제과,454,2025-12-28
청암5호 태양광발전소,충청남도 논산시 연산면 선비로720번길 62-12,충청남도 논산시 연산면 덕암리 263-2,36.244857210,127.183450100,,정상가동,99.12,380,60,2020,발전사업용,2020-04-28,충청남도 논산시 지역경제과,508,2025-12-28
대영 태양광발전소,충청남도 논산시 채운면 채운로460번길 49,충청남도 논산시 채운면 심암리 419,36.144320670,127.079973200,,정상가동,97.2,380,60,2020,발전사업용,2020-05-15,충청남도 논산시 지역경제과,392,2025-12-28
진영1호 태양광발전소,충청남도 논산시 채운면 연은로101번길 25-5,충청남도 논산시 채운면 우기리 67,36.147070506,127.085565924,,정상가동,99,380,60,2020,발전사업용,2020-05-15,충청남도 논산시 지역경제과,393,2025-12-28
SR 태양광발전소,충청남도 논산시 채운면 연은로101번길 25-5,충청남도 논산시 채운면 우기리 67,36.147070506,127.085565924,,정상가동,99,380,60,2020,발전사업용,2020-05-15,충청남도 논산시 지역경제과,393,2025-12-28
엄궁 태양광발전소,충청남도 논산시 채운면 연은로101번길 25-5,충청남도 논산시 채운면 우기리 67,36.147070506,127.085565924,,정상가동,99,380,60,2020,발전사업용,2020-05-15,충청남도 논산시 지역경제과,393,2025-12-28
삼덕 태양광발전소,충청남도 논산시 채운면 연은로101번길 25-5,충청남도 논산시 채운면 우기리 67,36.147070506,127.085565924,,정상가동,99,380,60,2020,발전사업용,2020-05-15,충청남도 논산시 지역경제과,393,2025-12-28
광일3호 태양광발전소,충청남도 논산시 채운면 연은로101번길 25-5,충청남도 논산시 채운면 우기리 67,36.147070506,127.085565924,,정상가동,99,380,60,2020,발전사업용,2020-05-15,충청남도 논산시 지역경제과,393,2025-12-28
광일2호 태양광발전소,충청남도 논산시 채운면 연은로101번길 25-5,충청남도 논산시 채운면 우기리 67,36.147070506,127.085565924,,정상가동,99,380,60,2020,발전사업용,2020-05-15,충청남도 논산시 지역경제과,393,2025-12-28
광일1호 태양광발전소,충청남도 논산시 채운면 연은로101번길 23-1,충청남도 논산시 채운면 우기리 67-1,36.147368520,127.084893700,,정상가동,99,380,60,2020,발전사업용,2020-05-15,충청남도 논산시 지역경제과,393,2025-12-28
준 태양광발전소,충청남도 논산시 채운면 연은로101번길 23-1,충청남도 논산시 채운면 우기리 67-1,36.147368520,127.084893700,,정상가동,99,380,60,2020,발전사업용,2020-05-15,충청남도 논산시 지역경제과,393,2025-12-28
정선 태양광발전소,충청남도 논산시 채운면 연은로101번길 23-1,충청남도 논산시 채운면 우기리 67-1,36.147368520,127.084893700,,정상가동,99,380,60,2020,발전사업용,2020-05-15,충청남도 논산시 지역경제과,393,2025-12-28
제일 태양광발전소,충청남도 논산시 채운면 연은로101번길 23-1,충청남도 논산시 채운면 우기리 67-1,36.147368520,127.084893700,,정상가동,99,380,60,2020,발전사업용,2020-05-15,충청남도 논산시 지역경제과,393,2025-12-28
햇살모아2호 태양광발전소,충청남도 논산시 채운면 연은로101번길 23-1,충청남도 논산시 채운면 우기리 67-1,36.147368520,127.084893700,,정상가동,99,380,60,2020,발전사업용,2020-05-15,충청남도 논산시 지역경제과,393,2025-12-28
써니 태양광발전소,충청남도 논산시 채운면 연은로101번길 23-1,충청남도 논산시 채운면 우기리 67-1,36.147368520,127.084893700,,정상가동,99,380,60,2020,발전사업용,2020-05-15,충청남도 논산시 지역경제과,393,2025-12-28
사계1호 태양광발전소,충청남도 논산시 광석면 사계로 410,충청남도 논산시 광석면 이사리 193,36.241247390,127.076059000,,정상가동,29.625,380,60,2020,발전사업용,2020-05-19,충청남도 논산시 지역경제과,396,2025-12-28
사계2호 태양광발전소,충청남도 논산시 광석면 사계로 410,충청남도 논산시 광석면 이사리 193,36.241247390,127.076059000,,정상가동,29.625,380,60,2020,발전사업용,2020-05-19,충청남도 논산시 지역경제과,396,2025-12-28
사계3호 태양광발전소,충청남도 논산시 광석면 사계로 410,충청남도 논산시 광석면 이사리 193,36.241247390,127.076059000,,정상가동,29.625,380,60,2020,발전사업용,2020-05-19,충청남도 논산시 지역경제과,396,2025-12-28
사계4호 태양광발전소,충청남도 논산시 광석면 사계로 410,충청남도 논산시 광석면 이사리 193,36.241247390,127.076059000,,정상가동,29.625,380,60,2020,발전사업용,2020-05-19,충청남도 논산시 지역경제과,396,2025-12-28
검소한20호 태양광발전소,충청남도 논산시 가야곡면 원앙로842번길 28-25,충청남도 논산시 가야곡면 두월리 27,36.149748220,127.152408600,,정상가동,99.6,380,60,2020,발전사업용,2020-05-19,충청남도 논산시 지역경제과,397,2025-12-28
검소한21호 태양광발전소,충청남도 논산시 가야곡면 원앙로842번길 28-25,충청남도 논산시 가야곡면 두월리 27,36.149748220,127.152408600,,정상가동,99.6,380,60,2020,발전사업용,2020-05-19,충청남도 논산시 지역경제과,397,2025-12-28
검소한22호 태양광발전소,충청남도 논산시 가야곡면 원앙로842번길 28-25,충청남도 논산시 가야곡면 두월리 27,36.149748220,127.152408600,,정상가동,99.6,380,60,2020,발전사업용,2020-05-19,충청남도 논산시 지역경제과,397,2025-12-28
조은5호 태양광발전소,충청남도 논산시 가야곡면 원앙로842번길 28-25,충청남도 논산시 가야곡면 두월리 27,36.149748220,127.152408600,,정상가동,99.6,380,60,2020,발전사업용,2020-05-19,충청남도 논산시 지역경제과,397,2025-12-28
크라운원 태양광발전소,충청남도 논산시 가야곡면 원앙로842번길 28-25,충청남도 논산시 가야곡면 두월리 27,36.149748220,127.152408600,,정상가동,99.6,380,60,2020,발전사업용,2020-05-19,충청남도 논산시 지역경제과,397,2025-12-28
혜원1호 태양광발전소,충청남도 논산시 채운면 계백로499번길 52-49,충청남도 논산시 채운면 장화리 929,36.178058420,127.052666300,,정상가동,74.8,380,60,2020,발전사업용,2020-06-15,충청남도 논산시 지역경제과,398,2025-12-28
혜원2호 태양광발전소,충청남도 논산시 채운면 계백로499번길 52-49,충청남도 논산시 채운면 장화리 929,36.178058420,127.052666300,,정상가동,74.8,380,60,2020,발전사업용,2020-06-15,충청남도 논산시 지역경제과,398,2025-12-28
평화 태양광발전소,,충청남도 논산시 가야곡면 두월리 516-6,36.155550800,127.137020800,,정상가동,29.88,380,60,2020,발전사업용,2020-06-15,충청남도 논산시 지역경제과,330,2025-12-28
중광3호 태양광발전소,,충청남도 논산시 가야곡면 두월리 516-5,36.155673008,127.136974561,,정상가동,29.88,380,60,2020,발전사업용,2020-06-15,충청남도 논산시 지역경제과,330,2025-12-28
중광 태양광발전소,,충청남도 논산시 가야곡면 두월리 516-4,36.155776305,127.137222927,,정상가동,29.88,380,60,2020,발전사업용,2020-06-15,충청남도 논산시 지역경제과,330,2025-12-28
성영 태양광발전소,,충청남도 논산시 가야곡면 두월리 516-7,36.155487710,127.137021500,,정상가동,29.88,380,60,2020,발전사업용,2020-06-15,충청남도 논산시 지역경제과,330,2025-12-28
화수분3호 태양광발전소,,충청남도 논산시 가야곡면 두월리 516-8,36.155379890,127.136940016,,정상가동,29.88,380,60,2020,발전사업용,2020-06-15,충청남도 논산시 지역경제과,330,2025-12-28
엠티1호에너지,충청남도 논산시 광석면 사계로 307-22,충청남도 논산시 광석면 중리 116,36.243315055,127.066709700,,정상가동,99,380,60,2020,발전사업용,2020-06-15,충청남도 논산시 지역경제과,397,2025-12-28
엠티2호에너지,충청남도 논산시 광석면 사계로 307-22,충청남도 논산시 광석면 중리 116,36.243315055,127.066709700,,정상가동,99,380,60,2020,발전사업용,2020-06-15,충청남도 논산시 지역경제과,397,2025-12-28
임화22호 태양광발전소,,충청남도 논산시 양촌면 임화리 226,36.123345256,127.223016703,,정상가동,98.8,380,60,2020,발전사업용,2020-06-15,충청남도 논산시 지역경제과,1223,2025-12-28
임화23호 태양광발전소,,충청남도 논산시 양촌면 임화리 226-2,36.123773900,127.222973706,,정상가동,98.8,380,60,2020,발전사업용,2020-06-15,충청남도 논산시 지역경제과,1223,2025-12-28
진주4호 태양광발전소,충청남도 논산시 채운면 채운로 250-27,충청남도 논산시 채운면 우기리 672-1,36.157106210,127.063242600,,정상가동,31.125,380,60,2020,발전사업용,2020-06-15,충청남도 논산시 지역경제과,97,2025-12-28
이엘1호에너지,충청남도 논산시 노성면 논산평야로 1249-53,충청남도 논산시 노성면 읍내리 538,36.262164420,127.117789800,,정상가동,99,380,60,2020,발전사업용,2020-07-07,충청남도 논산시 지역경제과,397.48,2025-12-28
이엘2호에너지,충청남도 논산시 노성면 논산평야로 1249-55,충청남도 논산시 노성면 읍내리 537-7,36.262097240,127.117101230,,정상가동,99,380,60,2020,발전사업용,2020-07-07,충청남도 논산시 지역경제과,397.48,2025-12-28
이엘3호에너지,충청남도 논산시 노성면 논산평야로 1249-61,충청남도 논산시 노성면 읍내리 537,36.262129020,127.117790665,,정상가동,99,380,60,2020,발전사업용,2020-07-07,충청남도 논산시 지역경제과,397.48,2025-12-28
이엘4호에너지,충청남도 논산시 노성면 논산평야로 1249-61,충청남도 논산시 노성면 읍내리 537,36.262129020,127.117790665,,정상가동,99,380,60,2020,발전사업용,2020-07-07,충청남도 논산시 지역경제과,397.48,2025-12-28
이엘5호에너지,충청남도 논산시 노성면 논산평야로 1249-59,충청남도 논산시 노성면 읍내리 537-5,36.262162128,127.116913661,,정상가동,99,380,60,2020,발전사업용,2020-07-07,충청남도 논산시 지역경제과,397.48,2025-12-28
이엘6호에너지,충청남도 논산시 노성면 논산평야로 1249-61,충청남도 논산시 노성면 읍내리 537,36.262129020,127.117790665,,정상가동,49.5,380,60,2020,발전사업용,2020-07-07,충청남도 논산시 지역경제과,200.96,2025-12-28
영주1호에너지,충청남도 논산시 광석면 사계로 814-29,충청남도 논산시 광석면 항월리 531-1,36.246080354,127.115780046,,정상가동,99,380,60,2020,발전사업용,2020-07-07,충청남도 논산시 지역경제과,397.48,2025-12-28
영주2호에너지,충청남도 논산시 광석면 사계로 814-29,충청남도 논산시 광석면 항월리 531-1,36.246080354,127.115780046,,정상가동,99,380,60,2020,발전사업용,2020-07-07,충청남도 논산시 지역경제과,397.48,2025-12-28
영주3호에너지,충청남도 논산시 광석면 사계로 814-29,충청남도 논산시 광석면 항월리 531-1,36.246080354,127.115780046,,정상가동,99,380,60,2020,발전사업용,2020-07-07,충청남도 논산시 지역경제과,397.48,2025-12-28
영주4호에너지,충청남도 논산시 광석면 사계로 814-29,충청남도 논산시 광석면 항월리 531-1,36.246080354,127.115780046,,정상가동,99,380,60,2020,발전사업용,2020-07-07,충청남도 논산시 지역경제과,397.48,2025-12-28
바이오준7호,충청남도 논산시 광석면 사계로 814-23,충청남도 논산시 광석면 항월리 531-4,36.246144718,127.115888640,,정상가동,99,380,60,2020,발전사업용,2020-07-07,충청남도 논산시 지역경제과,397.48,2025-12-28
연무대선양 태양광발전소1호,충청남도 논산시 연무읍 봉황로 320-24,충청남도 논산시 연무읍 황화정리 207-23,36.089049520,127.109224004,,정상가동,99.54,380,60,2020,발전사업용,2020-07-07,충청남도 논산시 지역경제과,391.88,2025-12-28
연무대선양 태양광발전소2호,충청남도 논산시 연무읍 봉황로 320-30,충청남도 논산시 연무읍 황화정리 207-6,36.089485060,127.109493500,,정상가동,99.54,380,60,2020,발전사업용,2020-07-07,충청남도 논산시 지역경제과,391.88,2025-12-28
제이제이태양광발전소1호,충청남도 논산시 연무읍 봉황로 320-26,충청남도 논산시 연무읍 황화정리 207-22,36.089194700,127.109352473,,정상가동,99.54,380,60,2020,발전사업용,2020-07-07,충청남도 논산시 지역경제과,391.88,2025-12-28
수연 태양광발전소3호,충청남도 논산시 연무읍 봉황로 320-28,충청남도 논산시 연무읍 황화정리 207-25,36.089278461,127.109724816,,정상가동,99.54,380,60,2020,발전사업용,2020-07-07,충청남도 논산시 지역경제과,391.88,2025-12-28
하나래 태양광발전소,충청남도 논산시 성동면 성동로 295-29,충청남도 논산시 성동면 원남리 1123-13,36.206879580,127.033370100,,정상가동,498,380,60,2020,발전사업용,2020-07-15,충청남도 논산시 지역경제과,2280,2025-12-28
하나래1호 태양광발전소,충청남도 논산시 성동면 성동로 295-27,충청남도 논산시 성동면 원남리 401-2,36.206922760,127.033136000,,정상가동,498,380,60,2020,발전사업용,2020-07-15,충청남도 논산시 지역경제과,2280,2025-12-28
빛돌1호에너지,충청남도 논산시 광석면 사계로 307-41,충청남도 논산시 광석면 중리 247-1,36.245139560,127.066598527,,정상가동,99,380,60,2020,발전사업용,2020-07-15,충청남도 논산시 지역경제과,397.48,2025-12-28
빛돌2호에너지,충청남도 논산시 광석면 사계로333번길 91-57,충청남도 논산시 광석면 중리 516-7,36.246287220,127.064684400,,정상가동,99,380,60,2020,발전사업용,2020-07-15,충청남도 논산시 지역경제과,397.48,2025-12-28
빛돌3호에너지,충청남도 논산시 광석면 사계로333번길 91-19,충청남도 논산시 광석면 중리 517-2,36.246732530,127.065157600,,정상가동,99,380,60,2020,발전사업용,2020-07-15,충청남도 논산시 지역경제과,397.48,2025-12-28
수자3호에너지,충청남도 논산시 광석면 사계로333번길 91-19,충청남도 논산시 광석면 중리 517-2,36.246732530,127.065157600,,정상가동,99,380,60,2020,발전사업용,2020-07-15,충청남도 논산시 지역경제과,397.48,2025-12-28
창조 태양광발전소,충청남도 논산시 상월면 숙진길 82-8,충청남도 논산시 상월면 숙진리 92-4,36.254520740,127.155152600,,정상가동,99.6,380,60,2020,발전사업용,2020-07-15,충청남도 논산시 지역경제과,392.86,2025-12-28
엠피1호에너지,충청남도 논산시 광석면 사계로 307-50,충청남도 논산시 광석면 중리 46-1,36.244420880,127.068599480,,정상가동,99,380,60,2020,발전사업용,2020-07-15,충청남도 논산시 지역경제과,397.48,2025-12-28
찬주에너지,충청남도 논산시 광석면 사계로 307-52,충청남도 논산시 광석면 중리 46-10,36.244257890,127.068255747,,정상가동,99,380,60,2020,발전사업용,2020-07-15,충청남도 논산시 지역경제과,397.48,2025-12-28
엠피3호에너지,충청남도 논산시 광석면 사계로 307-38,충청남도 논산시 광석면 중리 47-1,36.244416720,127.068599480,,정상가동,99,380,60,2020,발전사업용,2020-07-15,충청남도 논산시 지역경제과,397.48,2025-12-28
엠피4호에너지,충청남도 논산시 광석면 사계로 307-50,충청남도 논산시 광석면 중리 46-1,36.244420880,127.068599480,,정상가동,99,380,60,2020,발전사업용,2020-07-15,충청남도 논산시 지역경제과,397.48,2025-12-28
와우에너지,충청남도 논산시 광석면 사계로 307-56,충청남도 논산시 광석면 중리 46-8,36.244388050,127.068500319,,정상가동,99,380,60,2020,발전사업용,2020-07-15,충청남도 논산시 지역경제과,397.48,2025-12-28
하늘 태양광발전소,,충청남도 논산시 가야곡면 두월리 518-7,36.154545300,127.137614571,,정상가동,29.88,380,60,2020,발전사업용,2020-07-15,충청남도 논산시 지역경제과,452,2025-12-28
향기 태양광발전소,,충청남도 논산시 가야곡면 두월리 518-9,36.154620190,127.137953400,,정상가동,29.88,380,60,2020,발전사업용,2020-07-15,충청남도 논산시 지역경제과,452,2025-12-28
희망3호 태양광발전소,,충청남도 논산시 가야곡면 두월리 518-8,36.154447680,127.137777500,,정상가동,29.88,380,60,2020,발전사업용,2020-07-15,충청남도 논산시 지역경제과,452,2025-12-28
평화2호 태양광발전소,,충청남도 논산시 가야곡면 두월리 518-1,36.154720564,127.137586240,,정상가동,29.88,380,60,2020,발전사업용,2020-07-15,충청남도 논산시 지역경제과,452,2025-12-28
티원1호에너지,충청남도 논산시 광석면 사계로 307-34,충청남도 논산시 광석면 중리 219,36.243811650,127.066813895,,정상가동,99,380,60,2020,발전사업용,2020-07-22,충청남도 논산시 지역경제과,397.48,2025-12-28
티원2호에너지,충청남도 논산시 광석면 사계로 307-28,충청남도 논산시 광석면 중리 219-5,36.243721360,127.067412330,,정상가동,99,380,60,2020,발전사업용,2020-07-22,충청남도 논산시 지역경제과,397.48,2025-12-28
바이오준6호,충청남도 논산시 광석면 사계로 307-32,충청남도 논산시 광석면 중리 219-3,36.244011032,127.067093500,,정상가동,99,380,60,2020,발전사업용,2020-07-22,충청남도 논산시 지역경제과,397.48,2025-12-28
제이씨에너지,충청남도 논산시 광석면 사계로 307-34,충청남도 논산시 광석면 중리 219,36.243811650,127.066813895,,정상가동,99,380,60,2020,발전사업용,2020-07-22,충청남도 논산시 지역경제과,397.48,2025-12-28
비엔1호에너지,충청남도 논산시 광석면 사계로 307-39,충청남도 논산시 광석면 중리 218,36.244425040,127.066275300,,정상가동,99,380,60,2020,발전사업용,2020-07-22,충청남도 논산시 지역경제과,397.48,2025-12-28
비엔2호에너지,충청남도 논산시 광석면 사계로 307-35,충청남도 논산시 광석면 중리 218-5,36.244262830,127.066374274,,정상가동,99,380,60,2020,발전사업용,2020-07-22,충청남도 논산시 지역경제과,397.48,2025-12-28
지현에너지,충청남도 논산시 광석면 사계로 307-31,충청남도 논산시 광석면 중리 218-7,36.244061934,127.066411752,,정상가동,99,380,60,2020,발전사업용,2020-07-22,충청남도 논산시 지역경제과,397.48,2025-12-28
비엔4호에너지,충청남도 논산시 광석면 사계로 307-37,충청남도 논산시 광석면 중리 218-4,36.244419590,127.066801937,,정상가동,99,380,60,2020,발전사업용,2020-07-22,충청남도 논산시 지역경제과,397.48,2025-12-28
광석제일2 발전소,충청남도 논산시 광석면 장마루로 517,충청남도 논산시 광석면 오강리 144-1,36.260623740,127.078346200,,정상가동,49.8,380,60,2020,발전사업용,2020-07-27,충청남도 논산시 지역경제과,257.08,2025-12-28
비엠1호에너지,충청남도 논산시 광석면 사계로 307-58,충청남도 논산시 광석면 중리 47-12,36.243969271,127.068106844,,정상가동,99,380,60,2020,발전사업용,2020-07-30,충청남도 논산시 지역경제과,397.48,2025-12-28
비엠2호에너지,충청남도 논산시 광석면 사계로 307-58,충청남도 논산시 광석면 중리 47-12,36.243969271,127.068106844,,정상가동,99,380,60,2020,발전사업용,2020-07-30,충청남도 논산시 지역경제과,397.48,2025-12-28
비엠3호에너지,충청남도 논산시 광석면 사계로 307-60,충청남도 논산시 광석면 중리 46-11,36.244083970,127.068634777,,정상가동,99,380,60,2020,발전사업용,2020-07-30,충청남도 논산시 지역경제과,397.48,2025-12-28
대형에너지,충청남도 논산시 광석면 사계로 307-58,충청남도 논산시 광석면 중리 47-12,36.243969271,127.068106844,,정상가동,99,380,60,2020,발전사업용,2020-07-30,충청남도 논산시 지역경제과,397.48,2025-12-28
승아에너지,,충청남도 논산시 광석면 중리 47-2,36.244083718,127.069041528,,정상가동,99,380,60,2020,발전사업용,2020-07-30,충청남도 논산시 지역경제과,397.48,2025-12-28
티엠1호에너지,충청남도 논산시 광석면 사계로 307-46,충청남도 논산시 광석면 중리 46,36.244773980,127.067221590,,정상가동,99,380,60,2020,발전사업용,2020-07-30,충청남도 논산시 지역경제과,397.48,2025-12-28
티엠2호에너지,충청남도 논산시 광석면 사계로 307-46,충청남도 논산시 광석면 중리 46,36.244773980,127.067221590,,정상가동,99,380,60,2020,발전사업용,2020-07-30,충청남도 논산시 지역경제과,397.48,2025-12-28
티엠3호에너지,충청남도 논산시 광석면 사계로 307-46,충청남도 논산시 광석면 중리 46,36.244773980,127.067221590,,정상가동,99,380,60,2020,발전사업용,2020-07-30,충청남도 논산시 지역경제과,397.48,2025-12-28
티엠4호에너지,충청남도 논산시 광석면 사계로 307-46,충청남도 논산시 광석면 중리 46,36.244773980,127.067221590,,정상가동,99,380,60,2020,발전사업용,2020-07-30,충청남도 논산시 지역경제과,397.48,2025-12-28
티엠5호에너지,충청남도 논산시 광석면 사계로 307-46,충청남도 논산시 광석면 중리 46,36.244773980,127.067221590,,정상가동,99,380,60,2020,발전사업용,2020-07-30,충청남도 논산시 지역경제과,397.48,2025-12-28
김준2 태양광발전소,충청남도 논산시 상월면 숙진길 82-10,충청남도 논산시 상월면 숙진리 92-7,36.254498400,127.154540900,,정상가동,99.6,380,60,2020,발전사업용,2020-07-30,충청남도 논산시 지역경제과,392.86,2025-12-28
산성 태양광발전소,충청남도 논산시 상월면 백일헌로 983,충청남도 논산시 상월면 산성리 99-4,36.289510460,127.141673400,,정상가동,9.96,380,60,2020,발전사업용,2020-07-30,충청남도 논산시 지역경제과,51.41,2025-12-28
경남 태양광발전소,,충청남도 논산시 가야곡면 두월리 522-2,36.152607650,127.137575400,,정상가동,99.6,380,60,2020,발전사업용,2020-08-04,충청남도 논산시 지역경제과,1560,2025-12-28
미래1호에너지,충청남도 논산시 광석면 사계로 307-49,충청남도 논산시 광석면 중리 122-2,36.243719514,127.065734777,,정상가동,99,380,60,2020,발전사업용,2020-08-10,충청남도 논산시 지역경제과,397.48,2025-12-28
미래2호에너지,충청남도 논산시 광석면 사계로 307-43,충청남도 논산시 광석면 중리 123-10,36.243508356,127.065096500,,정상가동,99,380,60,2020,발전사업용,2020-08-10,충청남도 논산시 지역경제과,397.48,2025-12-28
미래3호에너지,충청남도 논산시 광석면 사계로 307-45,충청남도 논산시 광석면 중리 123-9,36.243437875,127.064852800,,정상가동,99,380,60,2020,발전사업용,2020-08-10,충청남도 논산시 지역경제과,397.48,2025-12-28
홍환에너지,충청남도 논산시 광석면 사계로 307-49,충청남도 논산시 광석면 중리 122-2,36.243719514,127.065734777,,정상가동,99,380,60,2020,발전사업용,2020-08-10,충청남도 논산시 지역경제과,397.48,2025-12-28
선경원에너지,충청남도 논산시 광석면 사계로 307-49,충청남도 논산시 광석면 중리 122-2,36.243719514,127.065734777,,정상가동,99,380,60,2020,발전사업용,2020-08-10,충청남도 논산시 지역경제과,397.48,2025-12-28
해피1 태양광발전소,,충청남도 논산시 은진면 용산리 231-1,36.162053490,127.122871326,,정상가동,99.9,380,60,2020,발전사업용,2020-08-19,충청남도 논산시 지역경제과,544,2025-12-28
해피2 태양광발전소,,충청남도 논산시 은진면 용산리 231-1,36.162053490,127.122871326,,정상가동,86.58,380,60,2020,발전사업용,2020-08-19,충청남도 논산시 지역경제과,544,2025-12-28
해피3 태양광발전소,,충청남도 논산시 은진면 용산리 231-1,36.162053490,127.122871326,,정상가동,86.58,380,60,2020,발전사업용,2020-08-19,충청남도 논산시 지역경제과,544,2025-12-28
동양 태양광발전소,충청남도 논산시 강경읍 대흥로 58,충청남도 논산시 강경읍 황산리 19-32,36.158557940,127.011679600,,정상가동,52.92,380,60,2020,발전사업용,2020-08-19,충청남도 논산시 지역경제과,286,2025-12-28
사랑 태양광발전소,,충청남도 논산시 연무읍 봉동리 1208-47,36.100620371,127.072582571,,정상가동,99.9,380,60,2020,발전사업용,2020-08-19,충청남도 논산시 지역경제과,1129,2025-12-28
은빛2호 태양광발전소,,충청남도 논산시 연무읍 봉동리 1208-46,36.100652080,127.072164796,,정상가동,99.9,380,60,2020,발전사업용,2020-08-19,충청남도 논산시 지역경제과,1129,2025-12-28
미연 태양광발전소,,충청남도 논산시 연무읍 봉동리 1208-45,36.100741170,127.072506900,,정상가동,99.9,380,60,2020,발전사업용,2020-08-19,충청남도 논산시 지역경제과,1129,2025-12-28
태형 태양광발전소,,충청남도 논산시 연무읍 봉동리 1208-44,36.100839530,127.072405800,,정상가동,99.9,380,60,2020,발전사업용,2020-08-19,충청남도 논산시 지역경제과,1129,2025-12-28
청암3호 태양광발전소,,충청남도 논산시 연무읍 봉동리 1208-42,36.101081900,127.072280800,,정상가동,99.9,380,60,2020,발전사업용,2020-08-19,충청남도 논산시 지역경제과,1129,2025-12-28
솔로몬3호 태양광발전소,,충청남도 논산시 연무읍 봉동리 1208-41,36.101263170,127.072411900,,정상가동,99.9,380,60,2020,발전사업용,2020-08-19,충청남도 논산시 지역경제과,1129,2025-12-28
성인 태양광발전소,,충청남도 논산시 연무읍 봉동리 1208-40,36.101469840,127.072331800,,정상가동,28.8,380,60,2020,발전사업용,2020-08-19,충청남도 논산시 지역경제과,409,2025-12-28
청암5호 태양광발전소,,충청남도 논산시 연무읍 봉동리 1208-43,36.100946980,127.072315700,,정상가동,99.9,380,60,2020,발전사업용,2020-08-19,충청남도 논산시 지역경제과,1138,2025-12-28
해담 태양광발전소,,충청남도 논산시 연무읍 봉동리 1208-39,36.101586990,127.072297324,,정상가동,99.9,380,60,2020,발전사업용,2020-08-19,충청남도 논산시 지역경제과,36,2025-12-28
썬힐 태양광발전소,,충청남도 논산시 연무읍 봉동리 1208-15,36.101774342,127.072186687,,정상가동,99.9,380,60,2020,발전사업용,2020-08-19,충청남도 논산시 지역경제과,36,2025-12-28
금빛미소2 태양광발전소,,충청남도 논산시 은진면 용산리 295,36.158300064,127.120831400,,정상가동,27.135,380,60,2020,발전사업용,2020-08-19,충청남도 논산시 지역경제과,426,2025-12-28
민준재준4호 태양광발전소,충청남도 논산시 강변로 157-92,충청남도 논산시 부창동 538-1,36.190902640,127.063163300,,정상가동,99.6,380,60,2020,발전사업용,2020-08-19,충청남도 논산시 지역경제과,514.08,2025-12-28
검소한26호 태양광발전소,충청남도 논산시 강변로 157-92,충청남도 논산시 부창동 538-1,36.190902640,127.063163300,,정상가동,99.6,380,60,2020,발전사업용,2020-08-19,충청남도 논산시 지역경제과,514.08,2025-12-28
검소한27호 태양광발전소,충청남도 논산시 강변로 157-92,충청남도 논산시 부창동 538-1,36.190902640,127.063163300,,정상가동,99.6,380,60,2020,발전사업용,2020-08-19,충청남도 논산시 지역경제과,514.08,2025-12-28
검소한28호 태양광발전소,충청남도 논산시 강변로 157-92,충청남도 논산시 부창동 538-1,36.190902640,127.063163300,,정상가동,99.6,380,60,2020,발전사업용,2020-08-19,충청남도 논산시 지역경제과,514.08,2025-12-28
카불쳐01호 태양광발전소,충청남도 논산시 강변로 157-92,충청남도 논산시 부창동 538-1,36.190902640,127.063163300,,정상가동,99.6,380,60,2020,발전사업용,2020-08-19,충청남도 논산시 지역경제과,514.08,2025-12-28
조은1호 태양광발전소,충청남도 논산시 강변로 157-96,충청남도 논산시 부창동 538-5,36.190195954,127.063319652,,정상가동,99.6,380,60,2020,발전사업용,2020-08-19,충청남도 논산시 지역경제과,514.08,2025-12-28
백합3호 태양광발전소,충청남도 논산시 강변로 157-94,충청남도 논산시 부창동 538-4,36.190594813,127.063140739,,정상가동,99.6,380,60,2020,발전사업용,2020-08-19,충청남도 논산시 지역경제과,514.08,2025-12-28
마두 태양광발전소,충청남도 논산시 광석면 왕전길 127-13,충청남도 논산시 광석면 왕전리 333,36.238596230,127.114049200,,정상가동,29.25,380,60,2020,발전사업용,2020-08-19,충청남도 논산시 지역경제과,146.17,2025-12-28
큰가자골 태양광발전소,충청남도 논산시 광석면 왕전길 127-13,충청남도 논산시 광석면 왕전리 333,36.238596230,127.114049200,,정상가동,99.75,380,60,2020,발전사업용,2020-08-19,충청남도 논산시 지역경제과,498.48,2025-12-28
용산1호 태양광발전소,,충청남도 논산시 은진면 용산리 231-1,36.162053490,127.122871326,,정상가동,29.82,380,60,2020,발전사업용,2020-08-25,충청남도 논산시 지역경제과,400,2025-12-28
광석 태양광발전소,충청남도 논산시 광석면 천동길 6,충청남도 논산시 광석면 천동리 95-3,36.235123870,127.097998897,,정상가동,19.92,380,60,2020,발전사업용,2020-09-04,충청남도 논산시 지역경제과,192.23,2025-12-28
박나영 태양광발전소,충청남도 논산시 벌곡면 수락계곡길 15,충청남도 논산시 벌곡면 도산리 162-1,36.161948320,127.314103800,,정상가동,13.5,220,60,2020,발전사업용,2020-09-04,충청남도 논산시 지역경제과,160,2025-12-28
김영삼 태양광발전소,충청남도 논산시 성동면 성동로238번길 9,충청남도 논산시 성동면 삼산리 220-1,36.199586470,127.032003000,,정상가동,18,380,60,2020,발전사업용,2020-09-04,충청남도 논산시 지역경제과,163.45,2025-12-28
한솔3 태양광발전소,,충청남도 논산시 양촌면 오산리 467,36.124338970,127.277452398,,정상가동,99,380,60,2020,발전사업용,2020-09-04,충청남도 논산시 지역경제과,919,2025-12-28
발해3 태양광발전소,충청남도 논산시 광석면 사계로333번길 91-38,충청남도 논산시 광석면 중리 207-1,36.246509440,127.063135200,,정상가동,97.2,380,60,2020,발전사업용,2020-09-04,충청남도 논산시 지역경제과,324.48,2025-12-28
발해4 태양광발전소,충청남도 논산시 광석면 사계로333번길 91-38,충청남도 논산시 광석면 중리 207-1,36.246509440,127.063135200,,정상가동,77.4,380,60,2020,발전사업용,2020-09-04,충청남도 논산시 지역경제과,262.08,2025-12-28
발해5 태양광발전소,충청남도 논산시 광석면 사계로333번길 91-38,충청남도 논산시 광석면 중리 207-1,36.246509440,127.063135200,,정상가동,99,380,60,2020,발전사업용,2020-09-04,충청남도 논산시 지역경제과,355.4,2025-12-28
대동1호 태양광발전소,충청남도 논산시 연무읍 봉황로 184,충청남도 논산시 연무읍 황화정리 449,36.098892531,127.113808800,,정상가동,97.2,380,60,2020,발전사업용,2020-09-11,충청남도 논산시 지역경제과,483,2025-12-28
대동2호 태양광발전소,충청남도 논산시 연무읍 봉황로 184,충청남도 논산시 연무읍 황화정리 449,36.098892531,127.113808800,,정상가동,97.2,380,60,2020,발전사업용,2020-09-11,충청남도 논산시 지역경제과,483,2025-12-28
대동3호 태양광발전소,충청남도 논산시 연무읍 봉황로 184,충청남도 논산시 연무읍 황화정리 449,36.098892531,127.113808800,,정상가동,97.2,380,60,2020,발전사업용,2020-09-11,충청남도 논산시 지역경제과,483,2025-12-28
대동4호 태양광발전소,충청남도 논산시 연무읍 봉황로 184,충청남도 논산시 연무읍 황화정리 449,36.098892531,127.113808800,,정상가동,97.2,380,60,2020,발전사업용,2020-09-11,충청남도 논산시 지역경제과,483,2025-12-28
대동5호 태양광발전소,충청남도 논산시 연무읍 봉황로 184,충청남도 논산시 연무읍 황화정리 449,36.098892531,127.113808800,,정상가동,97.2,380,60,2020,발전사업용,2020-09-11,충청남도 논산시 지역경제과,483,2025-12-28
대우11호 태양광발전소,충청남도 논산시 상월면 대우1길 19,충청남도 논산시 상월면 대우리 124,36.278579040,127.179059100,,정상가동,29.88,380,60,2020,발전사업용,2020-09-11,충청남도 논산시 지역경제과,148.45,2025-12-28
조은3호 태양광발전소,충청남도 논산시 강변로 183-49,충청남도 논산시 부창동 434-8,36.194490899,127.067501200,,정상가동,99.68,380,60,2020,발전사업용,2020-10-23,충청남도 논산시 지역경제과,397.48,2025-12-28
라임2호 태양광발전소,충청남도 논산시 강변로 183-49,충청남도 논산시 부창동 434-8,36.194490899,127.067501200,,정상가동,99.68,380,60,2020,발전사업용,2020-10-23,충청남도 논산시 지역경제과,397.48,2025-12-28
기원 태양광발전소,충청남도 논산시 채운면 채운로 113,충청남도 논산시 채운면 용화리 307-1,36.169963310,127.068536400,,정상가동,12,220,60,2020,발전사업용,2020-10-23,충청남도 논산시 지역경제과,66.82,2025-12-28
비전논산2호 태양광발전,충청남도 논산시 가야곡면 매죽헌로 879-14,충청남도 논산시 가야곡면 강청리 226-7,36.136433380,127.168888300,,정상가동,199.36,380,60,2020,발전사업용,2020-10-23,충청남도 논산시 지역경제과,1608,2025-12-28
이용구 태양광발전소,충청남도 논산시 연산면 신양길 167-5,충청남도 논산시 연산면 신양리 234-1,36.193545320,127.227846200,,정상가동,18.9,380,60,2020,발전사업용,2020-10-23,충청남도 논산시 지역경제과,94,2025-12-28
서원1 태양광발전소,,충청남도 논산시 채운면 심암리 40-14,36.143064210,127.080665700,,정상가동,99.54,380,60,2020,발전사업용,2020-10-23,충청남도 논산시 지역경제과,102,2025-12-28
서원2 태양광발전소,,충청남도 논산시 채운면 심암리 40-2,36.143278370,127.080385400,,정상가동,97.17,380,60,2020,발전사업용,2020-10-23,충청남도 논산시 지역경제과,102,2025-12-28
해림 태양광발전소,충청남도 논산시 은진면 살포재길 99,충청남도 논산시 은진면 용산리 46-13,36.157295220,127.124032100,,정상가동,98.28,380,60,2020,발전사업용,2020-10-30,충청남도 논산시 지역경제과,468,2025-12-28
창혁 태양광발전소,충청남도 논산시 은진면 살포재길 99,충청남도 논산시 은진면 용산리 46-13,36.157295220,127.124032100,,정상가동,98.28,380,60,2020,발전사업용,2020-10-30,충청남도 논산시 지역경제과,468,2025-12-28
글로벌 태양광발전소,충청남도 논산시 가야곡면 가야로201번길 68,충청남도 논산시 가야곡면 두월리 7,36.148043490,127.159905600,,정상가동,99.6,380,60,2020,발전사업용,2020-11-02,충청남도 논산시 지역경제과,498.24,2025-12-28
다복1호 태양광발전소,충청남도 논산시 양촌면 매죽헌로1291번길 78,충청남도 논산시 양촌면 중산리 615,36.128939600,127.199898934,,정상가동,97.2,380,60,2020,발전사업용,2020-11-02,충청남도 논산시 지역경제과,483,2025-12-28
다복2호 태양광발전소,충청남도 논산시 양촌면 매죽헌로1291번길 78,충청남도 논산시 양촌면 중산리 615,36.128939600,127.199898934,,정상가동,97.2,380,60,2020,발전사업용,2020-11-02,충청남도 논산시 지역경제과,483,2025-12-28
다복3호 태양광발전소,충청남도 논산시 양촌면 매죽헌로1291번길 78,충청남도 논산시 양촌면 중산리 615,36.128939600,127.199898934,,정상가동,97.2,380,60,2020,발전사업용,2020-11-02,충청남도 논산시 지역경제과,483,2025-12-28
다복4호 태양광발전소,충청남도 논산시 양촌면 매죽헌로1291번길 78,충청남도 논산시 양촌면 중산리 615,36.128939600,127.199898934,,정상가동,97.2,380,60,2020,발전사업용,2020-11-02,충청남도 논산시 지역경제과,483,2025-12-28
다복5호 태양광발전소,충청남도 논산시 양촌면 매죽헌로1291번길 78,충청남도 논산시 양촌면 중산리 615,36.128939600,127.199898934,,정상가동,97.2,380,60,2020,발전사업용,2020-11-02,충청남도 논산시 지역경제과,483,2025-12-28
장보고3 태양광발전소,,충청남도 논산시 부적면 마구평리 361-2,36.213459760,127.136197400,,정상가동,12.6,380,60,2020,발전사업용,2020-11-06,충청남도 논산시 지역경제과,49.645,2025-12-28
김종석 태양광발전소,충청남도 논산시 가야곡면 가야로201번길 68,충청남도 논산시 가야곡면 두월리 7,36.148043490,127.159905600,,정상가동,99.6,380,60,2020,발전사업용,2020-11-06,충청남도 논산시 지역경제과,498.24,2025-12-28
태전3호 태양광발전소,충청남도 논산시 등화2길 16,충청남도 논산시 등화동 94-1,36.181745980,127.073611000,,정상가동,64.8,380,60,2020,발전사업용,2020-11-27,충청남도 논산시 지역경제과,311.71,2025-12-28
임응영 태양광발전소,충청남도 논산시 원앙로1326번길 11-23,충청남도 논산시 관촉동 113-1,36.188917150,127.118666300,,정상가동,18.7,220,60,2020,발전사업용,2020-11-27,충청남도 논산시 지역경제과,86.01,2025-12-28
햇살 태양광발전소,,충청남도 논산시 성동면 우곤리 577-1,36.205015130,126.996228800,,정상가동,19.58,380,60,2020,발전사업용,2020-11-27,충청남도 논산시 지역경제과,128.82,2025-12-28
논산용산 태양광발전소,,충청남도 논산시 은진면 용산리 371,36.160128010,127.117043200,,정상가동,99.54,380,60,2020,발전사업용,2020-11-27,충청남도 논산시 지역경제과,1498,2025-12-28
광석1호 태양광발전소,충청남도 논산시 광석면 사계로161번길 244,충청남도 논산시 광석면 중리 411,36.251300130,127.062633100,,정상가동,99.45,380,60,2020,발전사업용,2020-12-02,충청남도 논산시 지역경제과,501.32,2025-12-28
광석2호 태양광발전소,충청남도 논산시 광석면 사계로161번길 244,충청남도 논산시 광석면 중리 411,36.251300130,127.062633100,,정상가동,99.45,380,60,2020,발전사업용,2020-12-02,충청남도 논산시 지역경제과,501.32,2025-12-28
광석3호 태양광발전소,충청남도 논산시 광석면 사계로161번길 244,충청남도 논산시 광석면 중리 411,36.251300130,127.062633100,,정상가동,99.45,380,60,2020,발전사업용,2020-12-02,충청남도 논산시 지역경제과,501.32,2025-12-28
광석4호 태양광발전소,충청남도 논산시 광석면 사계로161번길 244,충청남도 논산시 광석면 중리 411,36.251300130,127.062633100,,정상가동,99.45,380,60,2020,발전사업용,2020-12-02,충청남도 논산시 지역경제과,501.32,2025-12-28
용산41호 태양광발전소,,충청남도 논산시 은진면 용산리 101-6,36.164077254,127.124745500,,정상가동,98.175,380,60,2020,발전사업용,2020-12-04,충청남도 논산시 지역경제과,1254,2025-12-28
용산42호 태양광발전소,,충청남도 논산시 은진면 용산리 101-5,36.164268060,127.124866000,,정상가동,98.175,380,60,2020,발전사업용,2020-12-04,충청남도 논산시 지역경제과,1053,2025-12-28
용산43호 태양광발전소,,충청남도 논산시 은진면 용산리 101-4,36.164385210,127.124864700,,정상가동,98.175,380,60,2020,발전사업용,2020-12-04,충청남도 논산시 지역경제과,623,2025-12-28
용산44호 태양광발전소,,충청남도 논산시 은진면 용산리 101-3,36.164484340,127.124863600,,정상가동,98.175,380,60,2020,발전사업용,2020-12-04,충청남도 논산시 지역경제과,1020,2025-12-28
용산45호 태양광발전소,,충청남도 논산시 은진면 용산리 101-2,36.164609059,127.124450718,,정상가동,98.175,380,60,2020,발전사업용,2020-12-04,충청남도 논산시 지역경제과,993,2025-12-28
용산46호 태양광발전소,,충청남도 논산시 은진면 용산리 101,36.164661099,127.124910100,,정상가동,98.175,380,60,2020,발전사업용,2020-12-04,충청남도 논산시 지역경제과,1331,2025-12-28
용산47호 태양광발전소,,충청남도 논산시 은진면 용산리 104-2,36.164841250,127.124370600,,정상가동,98.175,380,60,2020,발전사업용,2020-12-04,충청남도 논산시 지역경제과,1331,2025-12-28
용산48호 태양광발전소,,충청남도 논산시 은진면 용산리 104-1,36.164600850,127.123539700,,정상가동,28.875,380,60,2020,발전사업용,2020-12-04,충청남도 논산시 지역경제과,460,2025-12-28
권씨네 태양광발전소,,충청남도 논산시 양촌면 산직리 121,36.172925968,127.246691300,,정상가동,99.76,380,60,2019,발전사업용,2019-10-07,충청남도 논산시 지역경제과,1408,2025-12-28
그레이스 태양광발전소,,충청남도 논산시 양촌면 산직리 121-5,36.172603710,127.246926328,,정상가동,96.32,380,60,2019,발전사업용,2019-10-07,충청남도 논산시 지역경제과,1131,2025-12-28
은곤3호 태양광발전소,,충청남도 논산시 양촌면 산직리 119-1,36.172731970,127.247170843,,정상가동,99.76,380,60,2019,발전사업용,2019-10-07,충청남도 논산시 지역경제과,1233,2025-12-28
현종선필 태양광발전소,충청남도 논산시 양촌면 매죽헌로1291번길 103,충청남도 논산시 양촌면 중산리 658-2,36.129522090,127.198053900,,정상가동,99.84,380,60,2019,발전사업용,2019-10-11,충청남도 논산시 지역경제과,2717,2025-12-28
푸른 발전소,,충청남도 논산시 양촌면 중산리 626,36.129502977,127.198209700,,정상가동,99.84,380,60,2019,발전사업용,2019-10-11,충청남도 논산시 지역경제과,1686,2025-12-28
순이논산 태양광발전소,,충청남도 논산시 양촌면 중산리 631-2,36.129883531,127.197961000,,정상가동,99.84,380,60,2019,발전사업용,2019-10-11,충청남도 논산시 지역경제과,1300,2025-12-28
충현1 태양광발전소,,충청남도 논산시 양촌면 중산리 631,36.129746500,127.197918300,,정상가동,99.84,380,60,2019,발전사업용,2019-10-11,충청남도 논산시 지역경제과,1254,2025-12-28
충형1 태양광발전소,,충청남도 논산시 양촌면 중산리 633,36.130015230,127.197671100,,정상가동,99.84,380,60,2019,발전사업용,2019-10-11,충청남도 논산시 지역경제과,1233,2025-12-28
여운 태양광발전소,,충청남도 논산시 양촌면 중산리 634,36.130454970,127.197388900,,정상가동,99.84,380,60,2019,발전사업용,2019-10-11,충청남도 논산시 지역경제과,1029,2025-12-28
소담 태양광발전소,,충청남도 논산시 양촌면 중산리 634,36.130454970,127.197388900,,정상가동,99.84,380,60,2019,발전사업용,2019-10-11,충청남도 논산시 지역경제과,1046,2025-12-28
썬,,충청남도 논산시 양촌면 중산리 634,36.130454970,127.197388900,,정상가동,99.84,380,60,2019,발전사업용,2019-10-11,충청남도 논산시 지역경제과,1545,2025-12-28
윤희,,충청남도 논산시 양촌면 중산리 634,36.130454970,127.197388900,,정상가동,99.84,380,60,2019,발전사업용,2019-10-11,충청남도 논산시 지역경제과,1399,2025-12-28
재원,,충청남도 논산시 양촌면 중산리 645-2,36.130901286,127.197351114,,정상가동,99.84,380,60,2019,발전사업용,2019-10-11,충청남도 논산시 지역경제과,1566,2025-12-28
어진1논산,,충청남도 논산시 양촌면 중산리 645-2,36.130901286,127.197351114,,정상가동,99.84,380,60,2019,발전사업용,2019-10-11,충청남도 논산시 지역경제과,1610,2025-12-28
가온 태양광발전소,,충청남도 논산시 양촌면 중산리 652-5,36.129890190,127.196513798,,정상가동,99.84,380,60,2019,발전사업용,2019-10-11,충청남도 논산시 지역경제과,2367,2025-12-28
썬3호 태양광발전소,,충청남도 논산시 양촌면 중산리 652-4,36.130096650,127.196370400,,정상가동,99.84,380,60,2019,발전사업용,2019-10-11,충청남도 논산시 지역경제과,1309,2025-12-28
충형,,충청남도 논산시 양촌면 중산리 652,36.130304600,127.196468300,,정상가동,99.84,380,60,2019,발전사업용,2019-10-11,충청남도 논산시 지역경제과,1300,2025-12-28
홍익논산2 태양광발전소,,충청남도 논산시 양촌면 중산리 652,36.130304600,127.196468300,,정상가동,99.84,380,60,2019,발전사업용,2019-10-11,충청남도 논산시 지역경제과,1759,2025-12-28
지우3논산,,충청남도 논산시 양촌면 중산리 652,36.130304600,127.196468300,,정상가동,99.84,380,60,2019,발전사업용,2019-10-11,충청남도 논산시 지역경제과,1665,2025-12-28
대명 태양광발전소,충청남도 논산시 은진면 매죽헌로16번길 5-7,충청남도 논산시 은진면 연서리 271,36.167690090,127.104954200,,정상가동,19.92,380,60,2019,발전사업용,2019-10-16,충청남도 논산시 지역경제과,90,2025-12-28
꿈에 태양광발전소,,충청남도 논산시 취암동 393-2,36.198604370,127.091926700,,정상가동,27.25,380,60,2019,발전사업용,2019-10-22,충청남도 논산시 지역경제과,177,2025-12-28
송옥1 태양광발전소,충청남도 논산시 광석면 논산평야로744번길 69,충청남도 논산시 광석면 산동리 7-1,36.227888550,127.098229600,,정상가동,197.1,380,60,2019,발전사업용,2019-10-29,충청남도 논산시 지역경제과,1025,2025-12-28
송옥2 태양광발전소,충청남도 논산시 광석면 논산평야로744번길 69,충청남도 논산시 광석면 산동리 7-1,36.227888550,127.098229600,,정상가동,98.55,380,60,2019,발전사업용,2019-10-29,충청남도 논산시 지역경제과,491,2025-12-28
창성1호 태양광발전소,충청남도 논산시 연무읍 고내곡로 358-44,충청남도 논산시 연무읍 고내리 234-2,36.073514553,127.124262387,,정상가동,96.28,380,60,2019,발전사업용,2019-10-30,충청남도 논산시 지역경제과,467,2025-12-28
창성2호 태양광발전소,충청남도 논산시 연무읍 고내곡로 358-44,충청남도 논산시 연무읍 고내리 234-2,36.073514553,127.124262387,,정상가동,87.15,380,60,2019,발전사업용,2019-10-30,충청남도 논산시 지역경제과,423,2025-12-28
서아 태양광발전소,,충청남도 논산시 노성면 송당리 380-1,36.263066161,127.114691671,,정상가동,98.55,380,60,2019,발전사업용,2019-11-07,충청남도 논산시 지역경제과,1375,2025-12-28
정현 태양광발전소,,충청남도 논산시 노성면 송당리 380-5,36.262837060,127.114912446,,정상가동,98.55,380,60,2019,발전사업용,2019-11-07,충청남도 논산시 지역경제과,1254,2025-12-28
녹원 태양광발전소,,충청남도 논산시 양촌면 산직리 123-2,36.172785653,127.245641321,,정상가동,99.45,380,60,2019,발전사업용,2019-11-15,충청남도 논산시 지역경제과,1213,2025-12-28
짱아 태양광발전소,,충청남도 논산시 양촌면 산직리 123-2,36.172785653,127.245641321,,정상가동,99.45,380,60,2019,발전사업용,2019-11-15,충청남도 논산시 지역경제과,1435,2025-12-28
썬 태양광발전소,,충청남도 논산시 양촌면 산직리 123-2,36.172785653,127.245641321,,정상가동,70,380,60,2019,발전사업용,2019-11-15,충청남도 논산시 지역경제과,1068,2025-12-28
이미지 태양광발전소,충청남도 논산시 해월로9번길 3-14,충청남도 논산시 부창동 403-5,36.193335650,127.074720100,,정상가동,99.9,380,60,2019,발전사업용,2019-11-21,충청남도 논산시 지역경제과,581,2025-12-28
검소한9호 태양광발전소,충청남도 논산시 강변로 183-49,충청남도 논산시 부창동 434-8,36.194490899,127.067501200,,정상가동,99.6,380,60,2019,발전사업용,2019-11-21,충청남도 논산시 지역경제과,397,2025-12-28
백합1호 태양광발전소,충청남도 논산시 강변로 183-51,충청남도 논산시 부창동 434-17,36.194162760,127.067514500,,정상가동,99.6,380,60,2019,발전사업용,2019-11-21,충청남도 논산시 지역경제과,397,2025-12-28
검소한5호 태양광발전소,충청남도 논산시 은진면 연은로 284-26,충청남도 논산시 은진면 토양리 449-10,36.148768760,127.102024000,,정상가동,89.64,380,60,2019,발전사업용,2019-11-21,충청남도 논산시 지역경제과,339,2025-12-28
라임3호 태양광발전소,충청남도 논산시 은진면 연은로 284-26,충청남도 논산시 은진면 토양리 449-10,36.148768760,127.102024000,,정상가동,99.6,380,60,2019,발전사업용,2019-11-21,충청남도 논산시 지역경제과,398,2025-12-28
검소한3호 태양광발전소,충청남도 논산시 은진면 연은로 284-26,충청남도 논산시 은진면 토양리 449-10,36.148768760,127.102024000,,정상가동,99.6,380,60,2019,발전사업용,2019-11-21,충청남도 논산시 지역경제과,398,2025-12-28
다니엘엔텍1호 태양광발전소,충청남도 논산시 양촌면 중산1길 63,충청남도 논산시 양촌면 중산리 74,36.115024970,127.200056000,,정상가동,97.2,380,60,2019,발전사업용,2019-11-28,충청남도 논산시 지역경제과,497,2025-12-28
다니엘엔텍2호 태양광발전소,충청남도 논산시 양촌면 중산1길 63,충청남도 논산시 양촌면 중산리 74,36.115024970,127.200056000,,정상가동,97.2,380,60,2019,발전사업용,2019-11-28,충청남도 논산시 지역경제과,497,2025-12-28
동성 태양광발전소,충청남도 논산시 채운면 화산1길 63-4,충청남도 논산시 채운면 화산리 300-3,36.173298480,127.065128900,,정상가동,19.76,380,60,2019,발전사업용,2019-11-28,충청남도 논산시 지역경제과,307,2025-12-28
해와별 태양광발전소,충청남도 논산시 연무읍 안심로182번길 3,충청남도 논산시 연무읍 동산리 844-25,36.136853950,127.100804100,,정상가동,62.25,380,60,2019,발전사업용,2019-11-28,충청남도 논산시 지역경제과,289,2025-12-28
부창1호 태양광발전소,충청남도 논산시 강변로 183-53,충청남도 논산시 부창동 435-1,36.194127110,127.067528000,,정상가동,99.6,380,60,2019,발전사업용,2019-12-10,충청남도 논산시 지역경제과,397,2025-12-28
부창2호 태양광발전소,충청남도 논산시 강변로 183-53,충청남도 논산시 부창동 435-1,36.194127110,127.067528000,,정상가동,99.6,380,60,2019,발전사업용,2019-12-10,충청남도 논산시 지역경제과,397,2025-12-28
부창3호 태양광발전소,충청남도 논산시 강변로 183-53,충청남도 논산시 부창동 435-1,36.194127110,127.067528000,,정상가동,99.6,380,60,2019,발전사업용,2019-12-10,충청남도 논산시 지역경제과,397,2025-12-28
부창4호 태양광발전소,충청남도 논산시 강변로 183-53,충청남도 논산시 부창동 435-1,36.194127110,127.067528000,,정상가동,99.6,380,60,2019,발전사업용,2019-12-10,충청남도 논산시 지역경제과,397,2025-12-28
연서 태양광발전소,,충청남도 논산시 가야곡면 종연리 33-2,36.164412890,127.160246367,,정상가동,99.84,380,60,2019,발전사업용,2019-12-11,충청남도 논산시 지역경제과,1582,2025-12-28
예진 태양광발전소,,충청남도 논산시 가야곡면 종연리 33-4,36.163715312,127.159992806,,정상가동,99.84,380,60,2019,발전사업용,2019-12-11,충청남도 논산시 지역경제과,1540,2025-12-28
햇살 태양광발전소,,충청남도 논산시 가야곡면 종연리 33-2,36.164412890,127.160246367,,정상가동,99.84,380,60,2019,발전사업용,2019-12-11,충청남도 논산시 지역경제과,1340,2025-12-28
가야곡선양 태양광발전소1호,충청남도 논산시 가야곡면 덕은로322번길 130-11,충청남도 논산시 가야곡면 함적리 51-17,36.145538450,127.191457200,,정상가동,98.77,380,60,2019,발전사업용,2019-12-12,충청남도 논산시 지역경제과,398,2025-12-28
송명희 발전소1호,충청남도 논산시 가야곡면 덕은로322번길 130-13,충청남도 논산시 가야곡면 함적리 51-18,36.145478360,127.191902300,,정상가동,98.77,380,60,2019,발전사업용,2019-12-12,충청남도 논산시 지역경제과,398,2025-12-28
미화 태양광발전소,충청남도 논산시 가야곡면 덕은로322번길 130-15,충청남도 논산시 가야곡면 함적리 51-2,36.145639080,127.191678500,,정상가동,98.77,380,60,2019,발전사업용,2019-12-12,충청남도 논산시 지역경제과,398,2025-12-28
부자 태양광발전소,충청남도 논산시 부적면 감곡1길 7-29,충청남도 논산시 부적면 감곡리 120-143,36.206010930,127.166115700,,정상가동,99.9,380,60,2019,발전사업용,2019-12-12,충청남도 논산시 지역경제과,402,2025-12-28
중심 태양광발전소,충청남도 논산시 부적면 감곡1길 7-31,충청남도 논산시 부적면 감곡리 120-65,36.206154190,127.165980700,,정상가동,99.9,380,60,2019,발전사업용,2019-12-12,충청남도 논산시 지역경제과,400,2025-12-28
JH솔라,충청남도 논산시 성동면 산업단지로3길 7,충청남도 논산시 성동면 원남리 1198-1,36.218975160,127.049248800,,정상가동,499.2,380,60,2019,발전사업용,2019-12-12,충청남도 논산시 지역경제과,3733,2025-12-28
MK솔라,충청남도 논산시 성동면 산업단지로3길 7,충청남도 논산시 성동면 원남리 1198-1,36.218975160,127.049248800,,정상가동,499.2,380,60,2019,발전사업용,2019-12-12,충청남도 논산시 지역경제과,2221,2025-12-28
양지 태양광발전소,충청남도 논산시 가야곡면 원앙로 909-47,충청남도 논산시 가야곡면 두월리 307-2,36.155203523,127.139514100,,정상가동,99.9,380,60,2019,발전사업용,2019-12-18,충청남도 논산시 지역경제과,1520,2025-12-28
가야곡2호 태양광발전소,충청남도 논산시 가야곡면 원앙로 909-47,충청남도 논산시 가야곡면 두월리 307-2,36.155203523,127.139514100,,정상가동,99.9,380,60,2019,발전사업용,2019-12-18,충청남도 논산시 지역경제과,1520,2025-12-28
정 태양광발전소,충청남도 논산시 가야곡면 원앙로 909-47,충청남도 논산시 가야곡면 두월리 307-2,36.155203523,127.139514100,,정상가동,92.5,380,60,2019,발전사업용,2019-12-18,충청남도 논산시 지역경제과,1520,2025-12-28
가야곡1호 태양광발전소,충청남도 논산시 가야곡면 원앙로 909-47,충청남도 논산시 가야곡면 두월리 307-2,36.155203523,127.139514100,,정상가동,77.7,380,60,2019,발전사업용,2019-12-18,충청남도 논산시 지역경제과,1520,2025-12-28
지혜 태양광발전소,충청남도 논산시 가야곡면 원앙로 909-47,충청남도 논산시 가야곡면 두월리 307-2,36.155203523,127.139514100,,정상가동,99.9,380,60,2019,발전사업용,2019-12-18,충청남도 논산시 지역경제과,1520,2025-12-28
원앙 태양광발전소,충청남도 논산시 원앙로 1325-7,충청남도 논산시 관촉동 91-1,36.186831000,127.118089300,,정상가동,14.8,220,60,2019,발전사업용,2019-12-23,충청남도 논산시 지역경제과,185,2025-12-28
대주4호 태양광발전소,충청남도 논산시 가야곡면 덕은로 253-49,충청남도 논산시 가야곡면 등리 24-7,36.153970660,127.175034300,,정상가동,65.52,380,60,2019,발전사업용,2019-12-23,충청남도 논산시 지역경제과,338,2025-12-28
대주5호 태양광발전소,충청남도 논산시 가야곡면 덕은로 253-49,충청남도 논산시 가야곡면 등리 24-7,36.153970660,127.175034300,,정상가동,65.52,380,60,2019,발전사업용,2019-12-23,충청남도 논산시 지역경제과,338,2025-12-28
대주6호 태양광발전소,충청남도 논산시 가야곡면 덕은로 253-49,충청남도 논산시 가야곡면 등리 24-7,36.153970660,127.175034300,,정상가동,65.52,380,60,2019,발전사업용,2019-12-23,충청남도 논산시 지역경제과,338,2025-12-28
대주7호 태양광발전소,충청남도 논산시 가야곡면 덕은로 253-49,충청남도 논산시 가야곡면 등리 24-7,36.153970660,127.175034300,,정상가동,65.52,380,60,2019,발전사업용,2019-12-23,충청남도 논산시 지역경제과,338,2025-12-28
대주8호 태양광발전소,충청남도 논산시 가야곡면 덕은로 253-49,충청남도 논산시 가야곡면 등리 24-7,36.153970660,127.175034300,,정상가동,65.52,380,60,2019,발전사업용,2019-12-23,충청남도 논산시 지역경제과,338,2025-12-28
대주9호 태양광발전소,충청남도 논산시 가야곡면 덕은로 253-49,충청남도 논산시 가야곡면 등리 24-7,36.153970660,127.175034300,,정상가동,65.52,380,60,2019,발전사업용,2019-12-23,충청남도 논산시 지역경제과,338,2025-12-28
대주10호 태양광발전소,충청남도 논산시 가야곡면 덕은로 253-49,충청남도 논산시 가야곡면 등리 24-7,36.153970660,127.175034300,,정상가동,65.52,380,60,2019,발전사업용,2019-12-23,충청남도 논산시 지역경제과,338,2025-12-28
백산1호 태양광발전소,충청남도 논산시 성동면 원봉길 64-16,충청남도 논산시 성동면 원봉리 613-7,36.205884795,127.054817255,,정상가동,99,380,60,2020,발전사업용,2020-01-09,충청남도 논산시 지역경제과,364,2025-12-28
백산2호 태양광발전소,충청남도 논산시 성동면 원봉길 64-16,충청남도 논산시 성동면 원봉리 613-7,36.205884795,127.054817255,,정상가동,99,380,60,2020,발전사업용,2020-01-09,충청남도 논산시 지역경제과,393,2025-12-28
백산3호 태양광발전소,충청남도 논산시 성동면 원봉길 64-16,충청남도 논산시 성동면 원봉리 613-7,36.205884795,127.054817255,,정상가동,99,380,60,2020,발전사업용,2020-01-09,충청남도 논산시 지역경제과,393,2025-12-28
준 태양광발전소,충청남도 논산시 성동면 원봉길 64-14,충청남도 논산시 성동면 원봉리 629-1,36.206631110,127.054190900,,정상가동,99,380,60,2020,발전사업용,2020-01-09,충청남도 논산시 지역경제과,393,2025-12-28
상민1호 태양광발전소,충청남도 논산시 성동면 원봉길 64-18,충청남도 논산시 성동면 원봉리 629-9,36.206391176,127.054659800,,정상가동,99,380,60,2020,발전사업용,2020-01-09,충청남도 논산시 지역경제과,393,2025-12-28
코리안4호 태양광발전소,충청남도 논산시 성동면 원봉길 64-14,충청남도 논산시 성동면 원봉리 629-1,36.206631110,127.054190900,,정상가동,99,380,60,2020,발전사업용,2020-01-09,충청남도 논산시 지역경제과,393,2025-12-28
종섭 태양광발전소,충청남도 논산시 성동면 원봉길 64-24,충청남도 논산시 성동면 원봉리 629-12,36.206182990,127.054437565,,정상가동,99,380,60,2020,발전사업용,2020-01-09,충청남도 논산시 지역경제과,393,2025-12-28
종현 태양광발전소,충청남도 논산시 성동면 원봉길 64-14,충청남도 논산시 성동면 원봉리 629-1,36.206631110,127.054190900,,정상가동,99,380,60,2020,발전사업용,2020-01-09,충청남도 논산시 지역경제과,393,2025-12-28
현희2호 태양광발전소,충청남도 논산시 성동면 원봉길 64-14,충청남도 논산시 성동면 원봉리 629-1,36.206631110,127.054190900,,정상가동,99,380,60,2020,발전사업용,2020-01-09,충청남도 논산시 지역경제과,393,2025-12-28
옥환 태양광발전소,충청남도 논산시 성동면 원봉길 64-14,충청남도 논산시 성동면 원봉리 629-1,36.206631110,127.054190900,,정상가동,99,380,60,2020,발전사업용,2020-01-09,충청남도 논산시 지역경제과,393,2025-12-28
하늘나라 태양광발전소,충청남도 논산시 성동면 원봉1길 12-72,충청남도 논산시 성동면 원봉리 628-4,36.205649382,127.052682661,,정상가동,99,380,60,2020,발전사업용,2020-01-09,충청남도 논산시 지역경제과,399,2025-12-28
용운1호 태양광발전소,충청남도 논산시 성동면 원봉1길 12-70,충청남도 논산시 성동면 원봉리 628-7,36.205697577,127.053063616,,정상가동,99,380,60,2020,발전사업용,2020-01-09,충청남도 논산시 지역경제과,399,2025-12-28
돌핀논산 태양광발전소,충청남도 논산시 성동면 원봉1길 12-68,충청남도 논산시 성동면 원봉리 628-8,36.205445033,127.052909752,,정상가동,99,380,60,2020,발전사업용,2020-01-09,충청남도 논산시 지역경제과,399,2025-12-28
완성 태양광발전소,충청남도 논산시 성동면 원봉1길 12-66,충청남도 논산시 성동면 원봉리 628-9,36.205487315,127.053136800,,정상가동,99,380,60,2020,발전사업용,2020-01-09,충청남도 논산시 지역경제과,399,2025-12-28
양지뜸2호 태양광발전소,충청남도 논산시 양촌면 황산벌로707번길 32-1,충청남도 논산시 양촌면 도평리 551-19,36.147302160,127.215475200,,정상가동,99.18,380,60,2020,발전사업용,2020-01-09,충청남도 논산시 지역경제과,491,2025-12-28
마리아 태양광발전소,충청남도 논산시 강변로 183-29,충청남도 논산시 부창동 427-5,36.194424610,127.069859400,,정상가동,97.2,380,60,2020,발전사업용,2020-01-09,충청남도 논산시 지역경제과,237,2025-12-28
논산부창 태양광발전소,충청남도 논산시 강변로 183-29,충청남도 논산시 부창동 427-5,36.194424610,127.069859400,,정상가동,97.2,380,60,2020,발전사업용,2020-01-09,충청남도 논산시 지역경제과,237,2025-12-28
보광2호 태양광발전소,충청남도 논산시 강변로 183-29,충청남도 논산시 부창동 427-5,36.194424610,127.069859400,,정상가동,97.2,380,60,2020,발전사업용,2020-01-09,충청남도 논산시 지역경제과,237,2025-12-28
보광1호 태양광발전소,충청남도 논산시 강변로 183-29,충청남도 논산시 부창동 427-5,36.194424610,127.069859400,,정상가동,97.2,380,60,2020,발전사업용,2020-01-09,충청남도 논산시 지역경제과,237,2025-12-28
늘빛2호 태양광발전소,충청남도 논산시 연무읍 고내곡로 358-31,충청남도 논산시 연무읍 고내리 222,36.073902320,127.126355100,,정상가동,77.76,380,60,2020,발전사업용,2020-01-23,충청남도 논산시 지역경제과,431,2025-12-28
늘빛1호 태양광발전소,충청남도 논산시 연무읍 고내곡로 358-31,충청남도 논산시 연무읍 고내리 222,36.073902320,127.126355100,,정상가동,97.2,380,60,2020,발전사업용,2020-01-23,충청남도 논산시 지역경제과,541,2025-12-28
행복 태양광발전소,,충청남도 논산시 은진면 용산리 217-6,36.166816700,127.121648027,,정상가동,99.16,380,60,2019,발전사업용,2019-12-27,충청남도 논산시 지역경제과,1208,2025-12-28
아폴론 태양광발전소,,충청남도 논산시 은진면 용산리 217-6,36.166816700,127.121648027,,정상가동,99.16,380,60,2019,발전사업용,2019-12-27,충청남도 논산시 지역경제과,1276,2025-12-28
아벤 태양광발전소,,충청남도 논산시 은진면 용산리 217-6,36.166816700,127.121648027,,정상가동,59.94,380,60,2019,발전사업용,2019-12-27,충청남도 논산시 지역경제과,860,2025-12-28
희 태양광발전소,,충청남도 논산시 은진면 용산리 217-6,36.166816700,127.121648027,,정상가동,99.16,380,60,2019,발전사업용,2019-12-27,충청남도 논산시 지역경제과,1164,2025-12-28
화우림3호 태양광발전소,충청남도 논산시 벌곡면 수락로 870,충청남도 논산시 벌곡면 사정리 452,36.195831500,127.266118500,,정상가동,99.6,380,60,2019,발전사업용,2019-12-31,충청남도 논산시 지역경제과,460,2025-12-28
화우림2호 태양광발전소,충청남도 논산시 벌곡면 수락로 870,충청남도 논산시 벌곡면 사정리 452,36.195831500,127.266118500,,정상가동,99.6,380,60,2019,발전사업용,2019-12-31,충청남도 논산시 지역경제과,460,2025-12-28
화우림1호 태양광발전소,충청남도 논산시 벌곡면 수락로 870,충청남도 논산시 벌곡면 사정리 452,36.195831500,127.266118500,,정상가동,99.6,380,60,2019,발전사업용,2019-12-31,충청남도 논산시 지역경제과,460,2025-12-28
뉴미래1호 태양광발전소,충청남도 논산시 채운면 계백로665번길 103-77,충청남도 논산시 채운면 화산리 469-2,36.181196710,127.058631800,,정상가동,99.6,380,60,2019,발전사업용,2019-12-31,충청남도 논산시 지역경제과,429,2025-12-28
뉴미래2호 태양광발전소,충청남도 논산시 채운면 계백로665번길 103-77,충청남도 논산시 채운면 화산리 469-2,36.181196710,127.058631800,,정상가동,99.6,380,60,2019,발전사업용,2019-12-31,충청남도 논산시 지역경제과,429,2025-12-28
푸른 태양광발전소,,충청남도 논산시 가야곡면 두월리 534,36.152837534,127.136675100,,정상가동,90,380,60,2019,발전사업용,2019-12-31,충청남도 논산시 지역경제과,881,2025-12-28
푸른솔 태양광발전소,,충청남도 논산시 가야곡면 두월리 534,36.152837534,127.136675100,,정상가동,96,380,60,2019,발전사업용,2019-12-31,충청남도 논산시 지역경제과,1182,2025-12-28
대문 태양광발전소,충청남도 논산시 양촌면 매죽헌로1665번길 23,충청남도 논산시 양촌면 인천리 398,36.138014290,127.232856300,,정상가동,19.875,220,60,2020,발전사업용,2020-01-07,충청남도 논산시 지역경제과,83,2025-12-28
율가 태양광발전소,충청남도 논산시 강변로 183-32,충청남도 논산시 부창동 427-2,36.195992456,127.068978712,,정상가동,199.2,380,60,2020,발전사업용,2020-01-07,충청남도 논산시 지역경제과,398,2025-12-28
꿈의숲 태양광발전소,충청남도 논산시 강변로 183-28,충청남도 논산시 부창동 427-1,36.196064130,127.069762200,,정상가동,99.6,380,60,2020,발전사업용,2020-01-07,충청남도 논산시 지역경제과,398,2025-12-28
박정선 태양광발전소,충청남도 논산시 강변로 183-28,충청남도 논산시 부창동 427-1,36.196064130,127.069762200,,정상가동,99.6,380,60,2020,발전사업용,2020-01-07,충청남도 논산시 지역경제과,398,2025-12-28
우리 태양광발전소,충청남도 논산시 강변로 183-32,충청남도 논산시 부창동 427-2,36.195992456,127.068978712,,정상가동,199.2,380,60,2020,발전사업용,2020-01-07,충청남도 논산시 지역경제과,398,2025-12-28
민준재준 태양광발전소,충청남도 논산시 강변로 183-28,충청남도 논산시 부창동 427-1,36.196064130,127.069762200,,정상가동,199.2,380,60,2020,발전사업용,2020-01-07,충청남도 논산시 지역경제과,398,2025-12-28
진희 태양광발전소,,충청남도 논산시 양촌면 반곡리 404-8,36.189864710,127.194438200,,정상가동,99.9,380,60,2020,발전사업용,2020-01-07,충청남도 논산시 지역경제과,448,2025-12-28
동욱 태양광발전소,,충청남도 논산시 양촌면 반곡리 404-6,36.190044280,127.193983766,,정상가동,99.9,380,60,2020,발전사업용,2020-01-07,충청남도 논산시 지역경제과,445,2025-12-28
지현 태양광발전소,충청남도 논산시 양촌면 충곡로 582-27,충청남도 논산시 양촌면 반곡리 404-2,36.190649050,127.194474700,,정상가동,99.9,380,60,2020,발전사업용,2020-01-07,충청남도 논산시 지역경제과,432,2025-12-28
형석 태양광발전소,,충청남도 논산시 양촌면 반곡리 404-9,36.189700850,127.194047436,,정상가동,99.9,380,60,2020,발전사업용,2020-01-07,충청남도 논산시 지역경제과,445,2025-12-28
현미 태양광발전소,,충청남도 논산시 양촌면 반곡리 404-10,36.189536320,127.193607601,,정상가동,99.9,380,60,2020,발전사업용,2020-01-07,충청남도 논산시 지역경제과,446,2025-12-28
영덕 태양광발전소,,충청남도 논산시 양촌면 반곡리 404-11,36.189346020,127.193698600,,정상가동,99.9,380,60,2020,발전사업용,2020-01-07,충청남도 논산시 지역경제과,442,2025-12-28
미양 태양광발전소,,충청남도 논산시 양촌면 반곡리 404-7,36.189878250,127.193856658,,정상가동,99.9,380,60,2020,발전사업용,2020-01-07,충청남도 논산시 지역경제과,445,2025-12-28
효성 태양광발전소,충청남도 논산시 가야곡면 등길 24-7,충청남도 논산시 가야곡면 등리 356-5,36.158744680,127.161647700,,정상가동,499.5,380,60,2020,발전사업용,2020-01-23,충청남도 논산시 지역경제과,2720,2025-12-28
조은4호 태양광발전소,충청남도 논산시 채운면 계백로 496-92,충청남도 논산시 채운면 야화리 491,36.163855480,127.050491800,,정상가동,84.66,380,60,2020,발전사업용,2020-01-23,충청남도 논산시 지역경제과,330,2025-12-28
카불쳐 태양광발전소,충청남도 논산시 채운면 계백로 496-92,충청남도 논산시 채운면 야화리 491,36.163855480,127.050491800,,정상가동,84.66,380,60,2020,발전사업용,2020-01-23,충청남도 논산시 지역경제과,330,2025-12-28
검소한12호 태양광발전소,충청남도 논산시 채운면 계백로 496-92,충청남도 논산시 채운면 야화리 491,36.163855480,127.050491800,,정상가동,84.66,380,60,2020,발전사업용,2020-01-23,충청남도 논산시 지역경제과,330,2025-12-28
검소한13호 태양광발전소,충청남도 논산시 채운면 계백로 496-92,충청남도 논산시 채운면 야화리 491,36.163855480,127.050491800,,정상가동,84.66,380,60,2020,발전사업용,2020-01-23,충청남도 논산시 지역경제과,330,2025-12-28
검소한14호 태양광발전소,충청남도 논산시 채운면 계백로 496-92,충청남도 논산시 채운면 야화리 491,36.163855480,127.050491800,,정상가동,99.6,380,60,2020,발전사업용,2020-01-23,충청남도 논산시 지역경제과,397,2025-12-28
꿈의숲5호 태양광발전소,충청남도 논산시 채운면 계백로 496-92,충청남도 논산시 채운면 야화리 491,36.163855480,127.050491800,,정상가동,99.6,380,60,2020,발전사업용,2020-01-23,충청남도 논산시 지역경제과,397,2025-12-28
아름 태양광발전소,충청남도 논산시 부창로82번길 13-1,충청남도 논산시 취암동 852,36.194926470,127.087076800,,정상가동,19.44,380,60,2020,발전사업용,2020-01-23,충청남도 논산시 지역경제과,99,2025-12-28
영조 태양광발전소,충청남도 논산시 상월면 선비로 1360,충청남도 논산시 상월면 대촌리 263-1,36.300903550,127.167398978,,정상가동,19.875,380,60,2020,발전사업용,2020-01-23,충청남도 논산시 지역경제과,102,2025-12-28
청암2호 태양광발전소,충청남도 논산시 연산면 선비로 677-18,충청남도 논산시 연산면 백석리 556,36.244824040,127.174660800,,정상가동,29.05,380,60,2020,발전사업용,2020-02-06,충청남도 논산시 지역경제과,358,2025-12-28
청암3호 태양광발전소,충청남도 논산시 연산면 선비로 677-24,충청남도 논산시 연산면 백석리 557-3,36.245249520,127.174934500,,정상가동,26.975,380,60,2020,발전사업용,2020-02-06,충청남도 논산시 지역경제과,189,2025-12-28
임화1호 태양광발전소,,충청남도 논산시 양촌면 임화리 200-9,36.121999690,127.224602500,,정상가동,98.8,380,60,2020,발전사업용,2020-02-14,충청남도 논산시 지역경제과,1456,2025-12-28
임화2호 태양광발전소,,충청남도 논산시 양촌면 임화리 200-8,36.122242880,127.224577900,,정상가동,98.8,380,60,2020,발전사업용,2020-02-14,충청남도 논산시 지역경제과,1191,2025-12-28
임화3호 태양광발전소,,충청남도 논산시 양촌면 임화리 200-7,36.122378715,127.224454100,,정상가동,98.8,380,60,2020,발전사업용,2020-02-14,충청남도 논산시 지역경제과,1470,2025-12-28
임화4호 태양광발전소,,충청남도 논산시 양촌면 임화리 200-6,36.122557510,127.224452600,,정상가동,98.8,380,60,2020,발전사업용,2020-02-14,충청남도 논산시 지역경제과,931,2025-12-28
임화5호 태양광발전소,,충청남도 논산시 양촌면 임화리 200-3,36.122710860,127.224473300,,정상가동,98.8,380,60,2020,발전사업용,2020-02-14,충청남도 논산시 지역경제과,886,2025-12-28
임화6호 태양광발전소,,충청남도 논산시 양촌면 임화리 200-2,36.122837180,127.224501697,,정상가동,98.8,380,60,2020,발전사업용,2020-02-14,충청남도 논산시 지역경제과,1002,2025-12-28
임화7호 태양광발전소,,충청남도 논산시 양촌면 임화리 200-1,36.122954340,127.224510789,,정상가동,98.8,380,60,2020,발전사업용,2020-02-14,충청남도 논산시 지역경제과,1242,2025-12-28
임화8호 태양광발전소,,충청남도 논산시 양촌면 임화리 204-6,36.123124336,127.224474511,,정상가동,98.8,380,60,2020,발전사업용,2020-02-14,충청남도 논산시 지역경제과,959,2025-12-28
임화9호 태양광발전소,,충청남도 논산시 양촌면 임화리 205-7,36.123242080,127.224528552,,정상가동,98.8,380,60,2020,발전사업용,2020-02-14,충청남도 논산시 지역경제과,1031,2025-12-28
임화10호 태양광발전소,,충청남도 논산시 양촌면 임화리 205-6,36.123367890,127.224333500,,정상가동,98.8,380,60,2020,발전사업용,2020-02-14,충청남도 논산시 지역경제과,939,2025-12-28
임화11호 태양광발전소,,충청남도 논산시 양촌면 임화리 205-5,36.123484760,127.224288000,,정상가동,98.8,380,60,2020,발전사업용,2020-02-14,충청남도 논산시 지역경제과,971,2025-12-28
임화12호 태양광발전소,,충청남도 논산시 양촌면 임화리 205,36.123676887,127.223545816,,정상가동,98.8,380,60,2020,발전사업용,2020-02-14,충청남도 논산시 지역경제과,2024,2025-12-28
임화13호 태양광발전소,,충청남도 논산시 양촌면 임화리 205-1,36.123453920,127.223734581,,정상가동,98.8,380,60,2020,발전사업용,2020-02-14,충청남도 논산시 지역경제과,1025,2025-12-28
임화14호 태양광발전소,,충청남도 논산시 양촌면 임화리 204-2,36.123266016,127.223381747,,정상가동,98.8,380,60,2020,발전사업용,2020-02-14,충청남도 논산시 지역경제과,1032,2025-12-28
임화15호 태양광발전소,,충청남도 논산시 양촌면 임화리 204-2,36.123266016,127.223381747,,정상가동,98.8,380,60,2020,발전사업용,2020-02-14,충청남도 논산시 지역경제과,1050,2025-12-28
임화16호 태양광발전소,,충청남도 논산시 양촌면 임화리 200,36.122067767,127.224699129,,정상가동,98.8,380,60,2020,발전사업용,2020-02-14,충청남도 논산시 지역경제과,1384,2025-12-28
임화17호 태양광발전소,,충청남도 논산시 양촌면 임화리 207,36.123063814,127.225117414,,정상가동,98.8,380,60,2020,발전사업용,2020-02-14,충청남도 논산시 지역경제과,1104,2025-12-28
임화18호 태양광발전소,,충청남도 논산시 양촌면 임화리 207-3,36.123328570,127.225222600,,정상가동,98.8,380,60,2020,발전사업용,2020-02-14,충청남도 논산시 지역경제과,1307,2025-12-28
임화19호 태양광발전소,,충청남도 논산시 양촌면 임화리 207,36.123063814,127.225117414,,정상가동,98.8,380,60,2020,발전사업용,2020-02-14,충청남도 논산시 지역경제과,1639,2025-12-28
임화20호 태양광발전소,,충청남도 논산시 양촌면 임화리 227-2,36.124398465,127.222501163,,정상가동,98.8,380,60,2020,발전사업용,2020-02-14,충청남도 논산시 지역경제과,1835,2025-12-28
임화21호 태양광발전소,충청남도 논산시 양촌면 매죽헌로 1488-40,충청남도 논산시 양촌면 임화리 227,36.124277070,127.222769300,,정상가동,98.8,380,60,2020,발전사업용,2020-02-14,충청남도 논산시 지역경제과,1186,2025-12-28
한가득 태양광발전소,충청남도 논산시 연무읍 왕릉로232번길 55,충청남도 논산시 연무읍 안심리 840-1,36.121190400,127.081820200,,정상가동,99.225,380,60,2020,발전사업용,2020-02-17,충청남도 논산시 지역경제과,597,2025-12-28
혜령 태양광발전소,충청남도 논산시 연무읍 왕릉로232번길 55-1,충청남도 논산시 연무읍 안심리 809-38,36.121344540,127.081940600,,정상가동,99.225,380,60,2020,발전사업용,2020-02-17,충청남도 논산시 지역경제과,597,2025-12-28
혜진 태양광발전소,충청남도 논산시 연무읍 왕릉로232번길 55-2,충청남도 논산시 연무읍 안심리 840-2,36.121516530,127.082038500,,정상가동,99.225,380,60,2020,발전사업용,2020-02-17,충청남도 논산시 지역경제과,597,2025-12-28
정우 태양광발전소,충청남도 논산시 연무읍 왕릉로232번길 55-3,충청남도 논산시 연무읍 안심리 813-1,36.121661650,127.082159000,,정상가동,99.225,380,60,2020,발전사업용,2020-02-17,충청남도 논산시 지역경제과,597,2025-12-28
비전I 태양광발전소,충청남도 논산시 연무읍 왕릉로108번길 59-3,충청남도 논산시 연무읍 안심리 814-1,36.121816040,127.082312800,,정상가동,99.225,380,60,2020,발전사업용,2020-02-17,충청남도 논산시 지역경제과,597,2025-12-28
상수 태양광발전소,충청남도 논산시 연무읍 왕릉로232번길 59,충청남도 논산시 연무읍 안심리 814-5,36.121431590,127.082717100,,정상가동,99.225,380,60,2020,발전사업용,2020-02-17,충청남도 논산시 지역경제과,587,2025-12-28
인찬 태양광발전소,충청남도 논산시 연무읍 왕릉로108번길 65,충청남도 논산시 연무읍 안심리 814-2,36.122416780,127.081905900,,정상가동,99.225,380,60,2020,발전사업용,2020-02-17,충청남도 논산시 지역경제과,599,2025-12-28
하늘빛 태양광발전소,충청남도 논산시 연무읍 왕릉로108번길 61,충청남도 논산시 연무읍 안심리 817-7,36.122365000,127.082206400,,정상가동,99.225,380,60,2020,발전사업용,2020-02-17,충청남도 논산시 지역경제과,599,2025-12-28
시후 태양광발전소,충청남도 논산시 연무읍 왕릉로108번길 61-1,충청남도 논산시 연무읍 안심리 817-6,36.122588770,127.082003900,,정상가동,99.225,380,60,2020,발전사업용,2020-02-17,충청남도 논산시 지역경제과,599,2025-12-28
JM 태양광발전소,충청남도 논산시 연무읍 왕릉로108번길 63,충청남도 논산시 연무읍 안심리 817-5,36.122753950,127.082390700,,정상가동,99.225,380,60,2020,발전사업용,2020-02-17,충청남도 논산시 지역경제과,599,2025-12-28
논산수정 발전소,충청남도 논산시 연무읍 왕릉로108번길 65-1,충청남도 논산시 연무읍 안심리 817-3,36.123041910,127.082331900,,정상가동,99.225,380,60,2020,발전사업용,2020-02-17,충청남도 논산시 지역경제과,599,2025-12-28
해피1호 태양광발전소,충청남도 논산시 연무읍 왕릉로108번길 65-2,충청남도 논산시 연무읍 안심리 805,36.123231240,127.082340800,,정상가동,99.225,380,60,2020,발전사업용,2020-02-17,충청남도 논산시 지역경제과,616,2025-12-28
제2건우 태양광발전소,충청남도 논산시 연무읍 왕릉로108번길 59-2,충청남도 논산시 연무읍 안심리 817-1,36.121904643,127.082645100,,정상가동,99.225,380,60,2020,발전사업용,2020-02-17,충청남도 논산시 지역경제과,599,2025-12-28
논산CS 태양광발전소,충청남도 논산시 연무읍 왕릉로108번길 59-1,충청남도 논산시 연무읍 안심리 817-10,36.122188590,127.082708400,,정상가동,99.225,380,60,2020,발전사업용,2020-02-17,충청남도 논산시 지역경제과,599,2025-12-28
스타 태양광발전소,충청남도 논산시 연무읍 왕릉로108번길 59,충청남도 논산시 연무읍 안심리 819-9,36.122244270,127.082918800,,정상가동,99.225,380,60,2020,발전사업용,2020-02-17,충청남도 논산시 지역경제과,599,2025-12-28
김명수1호 태양광발전소,충청남도 논산시 강변로 131-15,충청남도 논산시 등화동 249-5,36.190882320,127.069812300,,정상가동,97.2,380,60,2020,발전사업용,2020-02-19,충청남도 논산시 지역경제과,317,2025-12-28
김명수2호 태양광발전소,충청남도 논산시 강변로 131-15,충청남도 논산시 등화동 249-5,36.190882320,127.069812300,,정상가동,97.2,380,60,2020,발전사업용,2020-02-19,충청남도 논산시 지역경제과,317,2025-12-28
성동1 태양광발전소,충청남도 논산시 성동면 원남4길 66,충청남도 논산시 성동면 원남리 939-26,36.205296650,127.022658300,,정상가동,99.9,380,60,2020,발전사업용,2020-02-25,충청남도 논산시 지역경제과,476,2025-12-28
성동2 태양광발전소,충청남도 논산시 성동면 원남4길 66-1,충청남도 논산시 성동면 원남리 939-25,36.205038060,127.021894300,,정상가동,99.9,380,60,2020,발전사업용,2020-02-25,충청남도 논산시 지역경제과,476,2025-12-28
성동3 태양광발전소,충청남도 논산시 성동면 원남4길 66-3,충청남도 논산시 성동면 원남리 939-22,36.205211490,127.021058100,,정상가동,99.9,380,60,2020,발전사업용,2020-02-25,충청남도 논산시 지역경제과,476,2025-12-28
성동4 태양광발전소,충청남도 논산시 성동면 원남4길 66-2,충청남도 논산시 성동면 원남리 939-24,36.205076310,127.021059800,,정상가동,99.9,380,60,2020,발전사업용,2020-02-25,충청남도 논산시 지역경제과,476,2025-12-28
성동5 태양광발전소,충청남도 논산시 성동면 원남4길 66-4,충청남도 논산시 성동면 원남리 939-21,36.205153880,127.020625100,,정상가동,99.9,380,60,2020,발전사업용,2020-02-25,충청남도 논산시 지역경제과,476,2025-12-28
성동6 태양광발전소,충청남도 논산시 성동면 원남4길 66-5,충청남도 논산시 성동면 원남리 939-4,36.205391820,127.019966000,,정상가동,99.9,380,60,2020,발전사업용,2020-02-25,충청남도 논산시 지역경제과,476,2025-12-28
성동7 태양광발전소,충청남도 논산시 성동면 원남4길 64,충청남도 논산시 성동면 원남리 939-20,36.205673860,127.022498000,,정상가동,99.9,380,60,2020,발전사업용,2020-02-25,충청남도 논산시 지역경제과,476,2025-12-28
성동8 태양광발전소,충청남도 논산시 성동면 원남4길 64-1,충청남도 논산시 성동면 원남리 939-19,36.205571470,127.022102411,,정상가동,99.9,380,60,2020,발전사업용,2020-02-25,충청남도 논산시 지역경제과,476,2025-12-28
성동9 태양광발전소,충청남도 논산시 성동면 원남4길 64-4,충청남도 논산시 성동면 원남리 939-15,36.205690190,127.021185600,,정상가동,99.9,380,60,2020,발전사업용,2020-02-25,충청남도 논산시 지역경제과,476,2025-12-28
성동10 태양광발전소,충청남도 논산시 성동면 원남4길 64-3,충청남도 논산시 성동면 원남리 939-16,36.205554830,127.021165000,,정상가동,99.9,380,60,2020,발전사업용,2020-02-25,충청남도 논산시 지역경제과,476,2025-12-28
성동11 태양광발전소,충청남도 논산시 성동면 원남4길 64-2,충청남도 논산시 성동면 원남리 939-18,36.205419840,127.021188900,,정상가동,99.9,380,60,2020,발전사업용,2020-02-25,충청남도 논산시 지역경제과,476,2025-12-28
성동12 태양광발전소,충청남도 논산시 성동면 원남4길 64-5,충청남도 논산시 성동면 원남리 939-1,36.205506050,127.020709700,,정상가동,99.9,380,60,2020,발전사업용,2020-02-25,충청남도 논산시 지역경제과,476,2025-12-28
논산화산 태양광발전소,충청남도 논산시 채운면 계백로665번길 103-77,충청남도 논산시 채운면 화산리 469-2,36.181196710,127.058631800,,정상가동,99.6,380,60,2020,발전사업용,2020-03-05,충청남도 논산시 지역경제과,462,2025-12-28
그린에너지 태양광발전소,충청남도 논산시 연산면 고정길 123-11,충청남도 논산시 연산면 고정리 27-7,36.197640610,127.192802000,,정상가동,99.45,380,60,2020,발전사업용,2020-03-05,충청남도 논산시 지역경제과,551,2025-12-28
용산49호 태양광발전소,,충청남도 논산시 은진면 용산리 105,36.164530140,127.123158671,,정상가동,28.875,380,60,2020,발전사업용,2020-12-04,충청남도 논산시 지역경제과,530,2025-12-28
사계5호 태양광발전소,충청남도 논산시 광석면 사계로 410,충청남도 논산시 광석면 이사리 193,36.241247390,127.076059000,,정상가동,19.32,380,60,2020,발전사업용,2020-12-08,충청남도 논산시 지역경제과,98,2025-12-28
사계6호 태양광발전소,충청남도 논산시 광석면 사계로 410,충청남도 논산시 광석면 이사리 193,36.241247390,127.076059000,,정상가동,19.32,380,60,2020,발전사업용,2020-12-08,충청남도 논산시 지역경제과,98,2025-12-28
사계7호 태양광발전소,충청남도 논산시 광석면 사계로 410,충청남도 논산시 광석면 이사리 193,36.241247390,127.076059000,,정상가동,19.32,380,60,2020,발전사업용,2020-12-08,충청남도 논산시 지역경제과,98,2025-12-28
광석5호 태양광발전소,충청남도 논산시 광석면 사계로161번길 244,충청남도 논산시 광석면 중리 411,36.251300130,127.062633100,,정상가동,49.725,380,60,2020,발전사업용,2020-12-08,충청남도 논산시 지역경제과,250.66,2025-12-28
지수 태양광발전소,충청남도 논산시 은진면 매죽헌로 189-153,충청남도 논산시 은진면 용산리 388-7,36.160688156,127.114384528,,정상가동,97.2,380,60,2020,발전사업용,2020-12-08,충청남도 논산시 지역경제과,481.22,2025-12-28
선명 태양광발전소,충청남도 논산시 은진면 매죽헌로 189-153,충청남도 논산시 은진면 용산리 388-7,36.160688156,127.114384528,,정상가동,97.2,380,60,2020,발전사업용,2020-12-08,충청남도 논산시 지역경제과,481.22,2025-12-28
대현 태양광발전소,충청남도 논산시 은진면 매죽헌로 189-153,충청남도 논산시 은진면 용산리 388-7,36.160688156,127.114384528,,정상가동,97.2,380,60,2020,발전사업용,2020-12-08,충청남도 논산시 지역경제과,481.22,2025-12-28
논산삼전 태양광발전소,,충청남도 논산시 가야곡면 삼전리 762-2,36.099845300,127.158863300,,정상가동,99.45,380,60,2020,발전사업용,2020-12-29,충청남도 논산시 지역경제과,1216,2025-12-28
석영 태양광발전소,,충청남도 논산시 가야곡면 삼전리 762-12,36.099554040,127.158455500,,정상가동,99.45,380,60,2020,발전사업용,2020-12-29,충청남도 논산시 지역경제과,1120,2025-12-28
윤성 태양광발전소,충청남도 논산시 가야곡면 원앙로 195-34,충청남도 논산시 가야곡면 삼전리 770,36.099557669,127.1594210828,,정상가동,99.45,380,60,2020,발전사업용,2020-12-29,충청남도 논산시 지역경제과,2436,2025-12-28
논산 태양광발전소,,충청남도 논산시 가야곡면 삼전리 762-11,36.099366110,127.158646300,,정상가동,99.45,380,60,2020,발전사업용,2020-12-29,충청남도 논산시 지역경제과,956,2025-12-28
가야 태양광발전소,,충청남도 논산시 가야곡면 삼전리 762-8,36.099407760,127.159445500,,정상가동,99.45,380,60,2020,발전사업용,2020-12-29,충청남도 논산시 지역경제과,995,2025-12-28
명희 태양광발전소,충청남도 논산시 가야곡면 원앙로 195-34,충청남도 논산시 가야곡면 삼전리 770,36.099557669,127.1594210828,,정상가동,99.45,380,60,2020,발전사업용,2020-12-29,충청남도 논산시 지역경제과,1064,2025-12-28
성지 태양광발전소,충청남도 논산시 가야곡면 원앙로 195-34,충청남도 논산시 가야곡면 삼전리 770,36.099557669,127.1594210828,,정상가동,99.45,380,60,2020,발전사업용,2020-12-29,충청남도 논산시 지역경제과,955,2025-12-28
논산진성 태양광발전소,,충청남도 논산시 가야곡면 삼전리 762-3,36.099802738,127.159263700,,정상가동,99.45,380,60,2020,발전사업용,2020-12-29,충청남도 논산시 지역경제과,1178,2025-12-28
논산1 태양광발전소,충청남도 논산시 상월면 숙진길 52,충청남도 논산시 상월면 숙진리 92-16,36.254822829,127.154977990,,정상가동,97.2,380,60,2020,발전사업용,2020-12-30,충청남도 논산시 지역경제과,483,2025-12-28
논산2 태양광발전소,충청남도 논산시 상월면 숙진길 52,충청남도 논산시 상월면 숙진리 92-16,36.254822829,127.154977990,,정상가동,97.2,380,60,2020,발전사업용,2020-12-30,충청남도 논산시 지역경제과,483,2025-12-28
이지2호 태양광발전소,충청남도 논산시 상월면 숙진길 52,충청남도 논산시 상월면 숙진리 92-16,36.254822829,127.154977990,,정상가동,97.2,380,60,2020,발전사업용,2020-12-30,충청남도 논산시 지역경제과,483,2025-12-28
상월1 태양광발전소,충청남도 논산시 상월면 숙진길 52,충청남도 논산시 상월면 숙진리 92-16,36.254822829,127.154977990,,정상가동,97.2,380,60,2020,발전사업용,2020-12-30,충청남도 논산시 지역경제과,483,2025-12-28
상월2 태양광발전소,충청남도 논산시 상월면 숙진길 52,충청남도 논산시 상월면 숙진리 92-16,36.254822829,127.154977990,,정상가동,97.2,380,60,2020,발전사업용,2020-12-30,충청남도 논산시 지역경제과,483,2025-12-28
한빛1호 태양광발전소,충청남도 논산시 상월면 숙진길 52,충청남도 논산시 상월면 숙진리 92-16,36.254822829,127.154977990,,정상가동,97.2,380,60,2020,발전사업용,2020-12-30,충청남도 논산시 지역경제과,483,2025-12-28
해피2호 태양광발전소,충청남도 논산시 상월면 숙진길 52,충청남도 논산시 상월면 숙진리 92-16,36.254822829,127.154977990,,정상가동,97.2,380,60,2020,발전사업용,2020-12-30,충청남도 논산시 지역경제과,483,2025-12-28
에스와이 태양광발전소,,충청남도 논산시 가야곡면 야촌리 591-11,36.125471886,127.149707236,,정상가동,99.9,380,60,2021,발전사업용,2021-01-21,충청남도 논산시 지역경제과,1335,2025-12-28
지영논산 태양광발전소,,충청남도 논산시 가야곡면 야촌리 591-10,36.125718680,127.149565397,,정상가동,99.9,380,60,2021,발전사업용,2021-01-21,충청남도 논산시 지역경제과,1035,2025-12-28
은빛3호 태양광발전소,,충청남도 논산시 가야곡면 야촌리 591-9,36.125920259,127.149645905,,정상가동,99.9,380,60,2021,발전사업용,2021-01-21,충청남도 논산시 지역경제과,1188,2025-12-28
명성 태양광발전소,,충청남도 논산시 가야곡면 야촌리 591-1,36.125671810,127.149580024,,정상가동,29.92,380,60,2021,발전사업용,2021-01-21,충청남도 논산시 지역경제과,411,2025-12-28
정드림1호 태양광발전소,,충청남도 논산시 노성면 호암리 511-2,36.296907530,127.090219517,,정상가동,99,380,60,2021,발전사업용,2021-02-01,충청남도 논산시 지역경제과,1102,2025-12-28
정드림2호 태양광발전소,,충청남도 논산시 노성면 호암리 511-35,36.297097095,127.090013566,,정상가동,99,380,60,2021,발전사업용,2021-02-01,충청남도 논산시 지역경제과,1557,2025-12-28
정드림3호 태양광발전소,,충청남도 논산시 노성면 호암리 511,36.297336620,127.089649900,,정상가동,99,380,60,2021,발전사업용,2021-02-01,충청남도 논산시 지역경제과,1461,2025-12-28
호암1호 태양광발전소,,충청남도 논산시 노성면 호암리 511-36,36.296853800,127.090156500,,정상가동,99,380,60,2021,발전사업용,2021-02-01,충청남도 논산시 지역경제과,1195,2025-12-28
호암2호 태양광발전소,,충청남도 논산시 노성면 호암리 511-38,36.296572238,127.090326300,,정상가동,99,380,60,2021,발전사업용,2021-02-01,충청남도 논산시 지역경제과,1335,2025-12-28
장보고2 태양광발전소,충청남도 논산시 부적면 마구평2길 23-2,충청남도 논산시 부적면 마구평리 384-2,36.217120890,127.129005600,,정상가동,29.7,380,60,2021,발전사업용,2021-02-01,충청남도 논산시 지역경제과,114.03,2025-12-28
경동1호 태양광발전소,충청남도 논산시 가야곡면 가야로201번길 68-10,충청남도 논산시 가야곡면 두월리 8,36.147973160,127.158872900,,정상가동,97.2,380,60,2021,발전사업용,2021-02-03,충청남도 논산시 지역경제과,481.22,2025-12-28
경동2호 태양광발전소,충청남도 논산시 가야곡면 가야로201번길 68-10,충청남도 논산시 가야곡면 두월리 8,36.147973160,127.158872900,,정상가동,97.2,380,60,2021,발전사업용,2021-02-03,충청남도 논산시 지역경제과,481.22,2025-12-28
김영귀1호 태양광발전소,충청남도 논산시 가야곡면 가야로201번길 68-10,충청남도 논산시 가야곡면 두월리 8,36.147973160,127.158872900,,정상가동,97.2,380,60,2021,발전사업용,2021-02-03,충청남도 논산시 지역경제과,481.22,2025-12-28
김영귀2호 태양광발전소,충청남도 논산시 가야곡면 가야로201번길 68-10,충청남도 논산시 가야곡면 두월리 8,36.147973160,127.158872900,,정상가동,97.2,380,60,2021,발전사업용,2021-02-03,충청남도 논산시 지역경제과,481.22,2025-12-28
김혜란 태양광발전소,충청남도 논산시 가야곡면 가야로201번길 68-10,충청남도 논산시 가야곡면 두월리 8,36.147973160,127.158872900,,정상가동,97.2,380,60,2021,발전사업용,2021-02-03,충청남도 논산시 지역경제과,481.22,2025-12-28
김상희 태양광발전소,충청남도 논산시 가야곡면 가야로201번길 68-10,충청남도 논산시 가야곡면 두월리 8,36.147973160,127.158872900,,정상가동,97.2,380,60,2021,발전사업용,2021-02-03,충청남도 논산시 지역경제과,481.22,2025-12-28
천동1호 태양광발전소,,충청남도 논산시 광석면 천동리 5-2,36.246129950,127.101057796,,정상가동,99.68,380,60,2021,발전사업용,2021-02-25,충청남도 논산시 지역경제과,1377,2025-12-28
천동2호 태양광발전소,,충청남도 논산시 광석면 천동리 5-11,36.246454040,127.100598000,,정상가동,99.68,380,60,2021,발전사업용,2021-02-25,충청남도 논산시 지역경제과,866,2025-12-28
천동3호 태양광발전소,,충청남도 논산시 광석면 천동리 5-13,36.246294069,127.100599700,,정상가동,99.68,380,60,2021,발전사업용,2021-02-25,충청남도 논산시 지역경제과,760,2025-12-28
천동4호 태양광발전소,,충청남도 논산시 광석면 천동리 5-14,36.246201175,127.100591437,,정상가동,99.68,380,60,2021,발전사업용,2021-02-25,충청남도 논산시 지역경제과,913,2025-12-28
천동5호 태양광발전소,,충청남도 논산시 광석면 천동리 5-15,36.246091320,127.100563078,,정상가동,99.68,380,60,2021,발전사업용,2021-02-25,충청남도 논산시 지역경제과,979,2025-12-28
천동6호 태양광발전소,,충청남도 논산시 광석면 천동리 5-22,36.245913772,127.100597465,,정상가동,99.68,380,60,2021,발전사업용,2021-02-25,충청남도 논산시 지역경제과,951,2025-12-28
천동7호 태양광발전소,,충청남도 논산시 광석면 천동리 5-23,36.245807540,127.100513773,,정상가동,99.68,380,60,2021,발전사업용,2021-02-25,충청남도 논산시 지역경제과,996,2025-12-28
천동8호 태양광발전소,,충청남도 논산시 광석면 천동리 5-24,36.245635150,127.100379035,,정상가동,99.68,380,60,2021,발전사업용,2021-02-25,충청남도 논산시 지역경제과,1003,2025-12-28
천동9호 태양광발전소,,충청남도 논산시 광석면 천동리 5-25,36.245526590,127.100331399,,정상가동,99.68,380,60,2021,발전사업용,2021-02-25,충청남도 논산시 지역경제과,1003,2025-12-28
천동10호 태양광발전소,,충청남도 논산시 광석면 천동리 252-4,36.245432800,127.100220300,,정상가동,99.68,380,60,2021,발전사업용,2021-02-25,충청남도 논산시 지역경제과,1021,2025-12-28
천동11호 태양광발전소,,충청남도 논산시 광석면 천동리 252-5,36.245305001,127.100177400,,정상가동,99.68,380,60,2021,발전사업용,2021-02-25,충청남도 논산시 지역경제과,961,2025-12-28
천동12호 태양광발전소,,충청남도 논산시 광석면 천동리 252-1,36.245206840,127.100133900,,정상가동,99.68,380,60,2021,발전사업용,2021-02-25,충청남도 논산시 지역경제과,1034,2025-12-28
천동13호 태양광발전소,,충청남도 논산시 광석면 천동리 252-7,36.244963350,127.100114400,,정상가동,99.68,380,60,2021,발전사업용,2021-02-25,충청남도 논산시 지역경제과,1351,2025-12-28
천동14호 태양광발전소,,충청남도 논산시 광석면 천동리 5-9,36.245974930,127.101134646,,정상가동,99.68,380,60,2021,발전사업용,2021-02-25,충청남도 논산시 지역경제과,1281,2025-12-28
천동15호 태양광발전소,,충청남도 논산시 광석면 천동리 5-8,36.246271220,127.101340575,,정상가동,99.68,380,60,2021,발전사업용,2021-02-25,충청남도 논산시 지역경제과,971,2025-12-28
천동16호 태양광발전소,,충청남도 논산시 광석면 천동리 5-7,36.246404643,127.101387794,,정상가동,99.68,380,60,2021,발전사업용,2021-02-25,충청남도 논산시 지역경제과,946,2025-12-28
천동17호 태양광발전소,,충청남도 논산시 광석면 천동리 5-6,36.246505940,127.101509800,,정상가동,99.68,380,60,2021,발전사업용,2021-02-25,충청남도 논산시 지역경제과,932,2025-12-28
천동18호 태양광발전소,,충청남도 논산시 광석면 천동리 5-1,36.246234840,127.101412800,,정상가동,99.68,380,60,2021,발전사업용,2021-02-25,충청남도 논산시 지역경제과,1267,2025-12-28
연산국악 태양광발전소,충청남도 논산시 연산면 화악길 12-11,충청남도 논산시 연산면 화악리 105-3,36.247075270,127.227087300,,정상가동,31.85,380,60,2021,발전사업용,2021-03-08,충청남도 논산시 지역경제과,155.4,2025-12-28
교학1 태양광발전소,충청남도 논산시 광석면 논산평야로820번길 60-28,충청남도 논산시 광석면 왕전리 867-7,36.230879850,127.104124500,,정상가동,99.18,380,60,2021,발전사업용,2021-03-16,충청남도 논산시 지역경제과,490,2025-12-28
교학2 태양광발전소,충청남도 논산시 강변로 157-31,충청남도 논산시 부창동 449-1,36.192317720,127.068961500,,정상가동,99.18,380,60,2021,발전사업용,2021-03-16,충청남도 논산시 지역경제과,490,2025-12-28
교학3 태양광발전소,충청남도 논산시 강변로 157-86,충청남도 논산시 부창동 536-2,36.190745820,127.063854500,,정상가동,99.18,380,60,2021,발전사업용,2021-03-16,충청남도 논산시 지역경제과,490,2025-12-28
더덕3 태양광발전소,충청남도 논산시 광석면 논산평야로820번길 60-28,충청남도 논산시 광석면 왕전리 867-7,36.230879850,127.104124500,,정상가동,199.23,380,60,2021,발전사업용,2021-03-16,충청남도 논산시 지역경제과,980,2025-12-28
인숙1 태양광발전소,충청남도 논산시 강변로 157-86,충청남도 논산시 부창동 536-2,36.190745820,127.063854500,,정상가동,99.18,380,60,2021,발전사업용,2021-03-16,충청남도 논산시 지역경제과,490,2025-12-28
인숙2 태양광발전소,충청남도 논산시 광석면 논산평야로820번길 60-28,충청남도 논산시 광석면 왕전리 867-7,36.230879850,127.104124500,,정상가동,99.18,380,60,2021,발전사업용,2021-03-16,충청남도 논산시 지역경제과,490,2025-12-28
인숙3 태양광발전소,충청남도 논산시 강변로 157-31,충청남도 논산시 부창동 449-1,36.192317720,127.068961500,,정상가동,99.18,380,60,2021,발전사업용,2021-03-16,충청남도 논산시 지역경제과,490,2025-12-28
뉴선옥2호 태양광발전소,충청남도 논산시 은진면 살포재1길 62-56,충청남도 논산시 은진면 용산리 277-5,36.159542740,127.122028800,,정상가동,54,380,60,2021,발전사업용,2021-03-16,충청남도 논산시 지역경제과,267.35,2025-12-28
단우1호 태양광발전소,충청남도 논산시 은진면 살포재1길 62-56,충청남도 논산시 은진면 용산리 277-5,36.159542740,127.122028800,,정상가동,54,380,60,2021,발전사업용,2021-03-16,충청남도 논산시 지역경제과,267.35,2025-12-28
단우2호 태양광발전소,충청남도 논산시 은진면 살포재1길 62-56,충청남도 논산시 은진면 용산리 277-5,36.159542740,127.122028800,,정상가동,54,380,60,2021,발전사업용,2021-03-16,충청남도 논산시 지역경제과,267.35,2025-12-28
진현 태양광발전소,충청남도 논산시 상월면 숙진길 68,충청남도 논산시 상월면 숙진리 92-11,36.254825970,127.154982400,,정상가동,97.2,380,60,2021,발전사업용,2021-03-16,충청남도 논산시 지역경제과,481.22,2025-12-28
영국1호 태양광발전소,충청남도 논산시 상월면 숙진길 68,충청남도 논산시 상월면 숙진리 92-11,36.254825970,127.154982400,,정상가동,97.2,380,60,2021,발전사업용,2021-03-16,충청남도 논산시 지역경제과,481.22,2025-12-28
은아1호 태양광발전소,충청남도 논산시 상월면 숙진길 68,충청남도 논산시 상월면 숙진리 92-11,36.254825970,127.154982400,,정상가동,97.2,380,60,2021,발전사업용,2021-03-16,충청남도 논산시 지역경제과,481.22,2025-12-28
은아2호 태양광발전소,충청남도 논산시 상월면 숙진길 68,충청남도 논산시 상월면 숙진리 92-11,36.254825970,127.154982400,,정상가동,97.2,380,60,2021,발전사업용,2021-03-16,충청남도 논산시 지역경제과,481.22,2025-12-28
광명1호 태양광발전소,충청남도 논산시 상월면 숙진길 68,충청남도 논산시 상월면 숙진리 92-11,36.254825970,127.154982400,,정상가동,97.2,380,60,2021,발전사업용,2021-03-16,충청남도 논산시 지역경제과,481.22,2025-12-28
종엽2호 태양광발전소,,충청남도 논산시 은진면 시묘리 9,36.149592930,127.141864410,,정상가동,99.45,380,60,2021,발전사업용,2021-03-22,충청남도 논산시 지역경제과,500,2025-12-28
태현 태양광발전소,,충청남도 논산시 은진면 시묘리 9,36.149592930,127.141864410,,정상가동,99.45,380,60,2021,발전사업용,2021-03-22,충청남도 논산시 지역경제과,500,2025-12-28
DS 태양광발전소,,충청남도 논산시 광석면 중리 353-1,36.250936477,127.053514613,,정상가동,29.92,380,60,2021,발전사업용,2021-03-22,충청남도 논산시 지역경제과,325,2025-12-28
제이4 태양광발전소,,충청남도 논산시 광석면 중리 353-8,36.251327620,127.053519800,,정상가동,99.9,380,60,2021,발전사업용,2021-03-22,충청남도 논산시 지역경제과,1105,2025-12-28
SH 태양광발전소,,충청남도 논산시 광석면 중리 353-9,36.251202101,127.053532700,,정상가동,99.9,380,60,2021,발전사업용,2021-03-22,충청남도 논산시 지역경제과,1107,2025-12-28
현민3호 태양광발전소,,충청남도 논산시 광석면 중리 353-10,36.251076350,127.053590707,,정상가동,99.9,380,60,2021,발전사업용,2021-03-22,충청남도 논산시 지역경제과,1034,2025-12-28
썬힐3호 태양광발전소,,충청남도 논산시 광석면 중리 353-11,36.250966280,127.053524370,,정상가동,99.9,380,60,2021,발전사업용,2021-03-22,충청남도 논산시 지역경제과,1044,2025-12-28
성인3호 태양광발전소,,충청남도 논산시 광석면 중리 353-12,36.250885520,127.053458300,,정상가동,99.9,380,60,2021,발전사업용,2021-03-22,충청남도 논산시 지역경제과,986,2025-12-28
청암1호 태양광발전소,,충청남도 논산시 광석면 중리 353-13,36.250808401,127.053440236,,정상가동,99.9,380,60,2021,발전사업용,2021-03-22,충청남도 논산시 지역경제과,1014,2025-12-28
MS 태양광발전소,,충청남도 논산시 광석면 중리 353-14,36.250669250,127.053460900,,정상가동,99.9,380,60,2021,발전사업용,2021-03-22,충청남도 논산시 지역경제과,1389,2025-12-28
광영 태양광발전소,,충청남도 논산시 광석면 중리 353-16,36.250395867,127.053596900,,정상가동,99.9,380,60,2021,발전사업용,2021-03-22,충청남도 논산시 지역경제과,571,2025-12-28
희망4호 태양광발전소,,충청남도 논산시 광석면 중리 353-15,36.250561630,127.053529000,,정상가동,99.9,380,60,2021,발전사업용,2021-03-22,충청남도 논산시 지역경제과,261,2025-12-28
대동6호 태양광발전소,충청남도 논산시 연무읍 봉황로 184,충청남도 논산시 연무읍 황화정리 449,36.098892531,127.113808800,,정상가동,29.92,380,60,2021,발전사업용,2021-03-22,충청남도 논산시 지역경제과,481.22,2025-12-28
태일1호 태양광발전소,충청남도 논산시 은진면 매죽헌로 45,충청남도 논산시 은진면 연서리 345-3,36.165658150,127.105610800,,정상가동,9,380,60,2021,발전사업용,2021-03-22,충청남도 논산시 지역경제과,44.53,2025-12-28
유선태양광발전소(논산),,충청남도 논산시 은진면 남산리 296-6,36.176513561,127.079176922,,정상가동,99.9,380,60,2021,발전사업용,2021-03-26,충청남도 논산시 지역경제과,1523,2025-12-28
키솔라,,충청남도 논산시 은진면 남산리 296-5,36.176618780,127.079585200,,정상가동,99.9,380,60,2021,발전사업용,2021-03-26,충청남도 논산시 지역경제과,1120,2025-12-28
대성논산 태양광발전소,,충청남도 논산시 은진면 남산리 296-1,36.176898060,127.079570900,,정상가동,99.9,380,60,2021,발전사업용,2021-03-26,충청남도 논산시 지역경제과,1312,2025-12-28
바른 태양광발전소,,충청남도 논산시 은진면 남산리 296-4,36.176834810,127.079604781,,정상가동,99.9,380,60,2021,발전사업용,2021-03-26,충청남도 논산시 지역경제과,1011,2025-12-28
통해제11 태양광발전소,,충청남도 논산시 광석면 사월리 313-1,36.248807653,127.089098100,,정상가동,599.72,22900,60,2021,발전사업용,2021-03-31,충청남도 논산시 지역경제과,2961.8,2025-12-28
비전2호 태양광발전소,,충청남도 논산시 연무읍 봉동리 1204-11,36.103078830,127.070563553,,정상가동,99.9,380,60,2021,발전사업용,2021-04-07,충청남도 논산시 지역경제과,1337,2025-12-28
비전3호 태양광발전소,,충청남도 논산시 연무읍 봉동리 1204-12,36.102961160,127.070548400,,정상가동,29.92,380,60,2021,발전사업용,2021-04-07,충청남도 논산시 지역경제과,315,2025-12-28
현 태양광발전소,,충청남도 논산시 연무읍 봉동리 1204-13,36.102871470,127.070605000,,정상가동,29.92,380,60,2021,발전사업용,2021-04-07,충청남도 논산시 지역경제과,315,2025-12-28
성진 태양광발전소,,충청남도 논산시 은진면 용산리 304,36.158509338,127.118328400,,정상가동,98.28,380,60,2021,발전사업용,2021-04-07,충청남도 논산시 지역경제과,1306,2025-12-28
성현 태양광발전소,,충청남도 논산시 은진면 용산리 305-1,36.157827840,127.117993351,,정상가동,98.28,380,60,2021,발전사업용,2021-04-07,충청남도 논산시 지역경제과,1115,2025-12-28
성찬 태양광발전소,,충청남도 논산시 은진면 용산리 305,36.157804416,127.118023829,,정상가동,32.76,380,60,2021,발전사업용,2021-04-07,충청남도 논산시 지역경제과,712,2025-12-28
원 태양광발전소,충청남도 논산시 상월면 숙진길 74,충청남도 논산시 상월면 숙진리 92-3,36.254976580,127.154613600,,정상가동,98.28,380,60,2021,발전사업용,2021-04-15,충청남도 논산시 지역경제과,481.22,2025-12-28
용산1호 태양광발전소,충청남도 논산시 은진면 탑정로474번길 71-9,충청남도 논산시 은진면 용산리 160-1,36.168976880,127.122979700,,정상가동,97.2,380,60,2021,발전사업용,2021-04-15,충청남도 논산시 지역경제과,481.22,2025-12-28
용산2호 태양광발전소,충청남도 논산시 은진면 탑정로474번길 71-9,충청남도 논산시 은진면 용산리 160-1,36.168976880,127.122979700,,정상가동,97.2,380,60,2021,발전사업용,2021-04-15,충청남도 논산시 지역경제과,481.22,2025-12-28
용산3호 태양광발전소,충청남도 논산시 은진면 탑정로474번길 71-9,충청남도 논산시 은진면 용산리 160-1,36.168976880,127.122979700,,정상가동,97.2,380,60,2021,발전사업용,2021-04-15,충청남도 논산시 지역경제과,481.22,2025-12-28
사정 태양광발전소,충청남도 논산시 벌곡면 수락로 684-19,충청남도 논산시 벌곡면 사정리 115-1,36.197865320,127.283496414,,정상가동,18.9,220,60,2021,발전사업용,2021-04-15,충청남도 논산시 지역경제과,146.4,2025-12-28
이인자 태양광발전소,충청남도 논산시 부적면 남마구평1길 56-5,충청남도 논산시 부적면 반송리 439-12,36.207873920,127.131476700,,정상가동,99.9,380,60,2021,발전사업용,2021-04-27,충청남도 논산시 지역경제과,540,2025-12-28
정광진 태양광발전소,충청남도 논산시 부적면 남마구평1길 56-5,충청남도 논산시 부적면 반송리 439-12,36.207873920,127.131476700,,정상가동,99.9,380,60,2021,발전사업용,2021-04-27,충청남도 논산시 지역경제과,540,2025-12-28
정규진 태양광발전소,충청남도 논산시 부적면 남마구평1길 56-5,충청남도 논산시 부적면 반송리 439-12,36.207873920,127.131476700,,정상가동,99.9,380,60,2021,발전사업용,2021-04-27,충청남도 논산시 지역경제과,540,2025-12-28
정석구1호 태양광발전소,충청남도 논산시 부적면 남마구평1길 56-5,충청남도 논산시 부적면 반송리 439-12,36.207873920,127.131476700,,정상가동,99.9,380,60,2021,발전사업용,2021-04-27,충청남도 논산시 지역경제과,540,2025-12-28
정석구2호 태양광발전소,충청남도 논산시 부적면 남마구평1길 56-5,충청남도 논산시 부적면 반송리 439-12,36.207873920,127.131476700,,정상가동,99.9,380,60,2021,발전사업용,2021-04-27,충청남도 논산시 지역경제과,540,2025-12-28
정석구3호 태양광발전소,충청남도 논산시 부적면 남마구평1길 56-5,충청남도 논산시 부적면 반송리 439-12,36.207873920,127.131476700,,정상가동,99.9,380,60,2021,발전사업용,2021-04-27,충청남도 논산시 지역경제과,540,2025-12-28
평화2 태양광발전소,,충청남도 논산시 가야곡면 두월리 518-6,36.154315771,127.137598999,,정상가동,29.815,380,60,2021,발전사업용,2021-05-06,충청남도 논산시 지역경제과,645,2025-12-28
평화1 태양광발전소,,충청남도 논산시 가야곡면 두월리 518-14,36.154219110,127.137324400,,정상가동,29.815,380,60,2021,발전사업용,2021-05-06,충청남도 논산시 지역경제과,1265,2025-12-28
두월1호 태양광발전소,,충청남도 논산시 가야곡면 두월리 535-1,36.152249123,127.135652247,,정상가동,99.68,380,60,2021,발전사업용,2021-05-20,충청남도 논산시 지역경제과,1556,2025-12-28
두월2호 태양광발전소,,충청남도 논산시 가야곡면 두월리 535,36.152499003,127.136305895,,정상가동,99.68,380,60,2021,발전사업용,2021-05-20,충청남도 논산시 지역경제과,1556,2025-12-28
우성 태양광발전소,충청남도 논산시 논산대로 71,충청남도 논산시 등화동 167-1,36.180307100,127.072849800,,정상가동,29.75,380,60,2021,발전사업용,2021-05-20,충청남도 논산시 지역경제과,155.19,2025-12-28
샛별2호 태양광발전소,충청남도 논산시 상월면 선비로 1532-12,충청남도 논산시 상월면 석종리 559-3,36.314954740,127.161061200,,정상가동,17.22,380,60,2021,발전사업용,2021-06-01,충청남도 논산시 지역경제과,85.5,2025-12-28
신화태양1 태양광발전소,충청남도 논산시 연무읍 신화2길 37-9,충청남도 논산시 연무읍 신화리 23-12,36.126525010,127.079000200,,정상가동,99,380,60,2021,발전사업용,2021-06-17,충청남도 논산시 지역경제과,465.075,2025-12-28
신화태양2 태양광발전소,충청남도 논산시 연무읍 신화2길 37-9,충청남도 논산시 연무읍 신화리 23-12,36.126525010,127.079000200,,정상가동,80.96,380,60,2021,발전사업용,2021-06-17,충청남도 논산시 지역경제과,380.328,2025-12-28
신화태양3 태양광발전소,충청남도 논산시 연무읍 신화2길 37-9,충청남도 논산시 연무읍 신화리 23-12,36.126525010,127.079000200,,정상가동,57.64,380,60,2021,발전사업용,2021-06-17,충청남도 논산시 지역경제과,270.777,2025-12-28
다니엘 태양광발전소,,충청남도 논산시 은진면 용산리 231-3,36.162156030,127.123211200,,정상가동,19.11,380,60,2021,발전사업용,2021-07-07,충청남도 논산시 지역경제과,150,2025-12-28
크라운원 논산두월태양광발전소,,충청남도 논산시 가야곡면 두월리 84-2,36.155036330,127.150798858,,정상가동,98.975,380,60,2021,발전사업용,2021-07-07,충청남도 논산시 지역경제과,794,2025-12-28
율가2호 태양광발전소,,충청남도 논산시 가야곡면 두월리 84,36.154893550,127.150992382,,정상가동,98.975,380,60,2021,발전사업용,2021-07-07,충청남도 논산시 지역경제과,794,2025-12-28
이트리즈22호 태양광발전소,,충청남도 논산시 가야곡면 두월리 84,36.154893550,127.150992382,,정상가동,98.975,380,60,2021,발전사업용,2021-07-07,충청남도 논산시 지역경제과,794,2025-12-28
에스지103호 태양광발전소,,충청남도 논산시 가야곡면 두월리 84,36.154893550,127.150992382,,정상가동,98.975,380,60,2021,발전사업용,2021-07-07,충청남도 논산시 지역경제과,794,2025-12-28
꿈의숲3호 태양광발전소,,충청남도 논산시 가야곡면 두월리 84,36.154893550,127.150992382,,정상가동,98.975,380,60,2021,발전사업용,2021-07-07,충청남도 논산시 지역경제과,794,2025-12-28
꿈의숲4호 태양광발전소,,충청남도 논산시 가야곡면 두월리 84,36.154893550,127.150992382,,정상가동,98.975,380,60,2021,발전사업용,2021-07-07,충청남도 논산시 지역경제과,794,2025-12-28
서예린 태양광발전소,,충청남도 논산시 가야곡면 두월리 84,36.154893550,127.150992382,,정상가동,98.975,380,60,2021,발전사업용,2021-07-07,충청남도 논산시 지역경제과,794,2025-12-28
라임1호 태양광발전소,,충청남도 논산시 가야곡면 두월리 148,36.154946090,127.149656046,,정상가동,98.975,380,60,2021,발전사업용,2021-07-07,충청남도 논산시 지역경제과,794,2025-12-28
효율1호 태양광발전소,,충청남도 논산시 가야곡면 두월리 148,36.154946090,127.149656046,,정상가동,98.975,380,60,2021,발전사업용,2021-07-07,충청남도 논산시 지역경제과,794,2025-12-28
조은2호 태양광발전소,,충청남도 논산시 가야곡면 두월리 148,36.154946090,127.149656046,,정상가동,98.975,380,60,2021,발전사업용,2021-07-07,충청남도 논산시 지역경제과,794,2025-12-28
민준재준2호 태양광발전소,,충청남도 논산시 가야곡면 두월리 146,36.154490970,127.150157300,,정상가동,98.975,380,60,2021,발전사업용,2021-07-07,충청남도 논산시 지역경제과,794,2025-12-28
우정 태양광발전소,,충청남도 논산시 가야곡면 두월리 142,36.155298810,127.149170423,,정상가동,46.01,380,60,2021,발전사업용,2021-07-07,충청남도 논산시 지역경제과,863,2025-12-28
황화1 태양광발전소,충청남도 논산시 연무읍 봉황로 284-5,충청남도 논산시 연무읍 황화정리 299-4,36.091140172,127.112449800,,정상가동,99.82,380,60,2021,발전사업용,2021-07-13,충청남도 논산시 지역경제과,460.54,2025-12-28
황화2 태양광발전소,충청남도 논산시 연무읍 봉황로 284-7,충청남도 논산시 연무읍 황화정리 299-3,36.091480640,127.112396454,,정상가동,99.82,380,60,2021,발전사업용,2021-07-13,충청남도 논산시 지역경제과,460.54,2025-12-28
황화3 태양광발전소,충청남도 논산시 연무읍 봉황로 284-9,충청남도 논산시 연무읍 황화정리 299-2,36.091585877,127.112234600,,정상가동,99.82,380,60,2021,발전사업용,2021-07-13,충청남도 논산시 지역경제과,460.54,2025-12-28
황화4 태양광발전소,충청남도 논산시 연무읍 봉황로 284-11,충청남도 논산시 연무읍 황화정리 299-1,36.091774988,127.112208783,,정상가동,99.82,380,60,2021,발전사업용,2021-07-13,충청남도 논산시 지역경제과,460.54,2025-12-28
다온 태양광발전소,충청남도 논산시 노성면 노성로 312-10,충청남도 논산시 노성면 병사리 237-11,36.281106430,127.102939500,,정상가동,19.8,380,60,2021,발전사업용,2021-07-13,충청남도 논산시 지역경제과,96.32,2025-12-28
광규빗 태양광발전소,충청남도 논산시 양촌면 황산벌로784번길 226,충청남도 논산시 양촌면 산직리 531-4,36.163467960,127.228918800,,정상가동,29.4,380,60,2021,발전사업용,2021-07-20,충청남도 논산시 지역경제과,148,2025-12-28
선샤인 태양광발전소,충청남도 논산시 광석면 갈산4길 52-7,충청남도 논산시 광석면 갈산리 253,36.226814390,127.063926000,,정상가동,23.66,380,60,2021,발전사업용,2021-08-04,충청남도 논산시 지역경제과,148,2025-12-28
태양발전소,충청남도 논산시 원앙로1326번길 3-8,충청남도 논산시 관촉동 407-2,36.187791570,127.118801200,,정상가동,18,380,60,2021,발전사업용,2021-08-06,충청남도 논산시 지역경제과,96,2025-12-28
성동농협1호 태양광발전소,충청남도 논산시 성동면 성동로 229,충청남도 논산시 성동면 월성리 263-7,36.199821060,127.030921500,,정상가동,84.6,380,60,2021,발전사업용,2021-08-31,충청남도 논산시 지역경제과,413,2025-12-28
성동농협2호 태양광발전소,충청남도 논산시 성동면 성동로 229,충청남도 논산시 성동면 월성리 263-7,36.199821060,127.030921500,,정상가동,67.5,380,60,2021,발전사업용,2021-08-31,충청남도 논산시 지역경제과,320,2025-12-28
성동농협3호 태양광발전소,충청남도 논산시 성동면 성동로 586,충청남도 논산시 성동면 원봉리 491-4,36.213857470,127.064313700,,정상가동,93.6,380,60,2021,발전사업용,2021-08-31,충청남도 논산시 지역경제과,466,2025-12-28
경석 태양광발전소,충청남도 논산시 연산면 화악길 17,충청남도 논산시 연산면 화악리 109-8,36.246188860,127.226595300,,정상가동,19.11,380,60,2021,발전사업용,2021-08-31,충청남도 논산시 지역경제과,95.571,2025-12-28
이부열 태양광발전소,,충청남도 논산시 상월면 상도리 641-2,36.309084873,127.182780785,,정상가동,989.86,22900,60,2021,발전사업용,2021-08-31,충청남도 논산시 지역경제과,9900,2025-12-28
정란 태양광발전소,충청남도 논산시 연무읍 봉황로 292,충청남도 논산시 연무읍 황화정리 307-1,36.090833990,127.112742900,,정상가동,51.52,380,60,2021,발전사업용,2021-08-31,충청남도 논산시 지역경제과,244.62,2025-12-28
정현 태양광발전소,,충청남도 논산시 가야곡면 등리 120-5,36.151941410,127.170832557,,정상가동,99.51,380,60,2021,발전사업용,2021-09-01,충청남도 논산시 지역경제과,1146,2025-12-28
향희 태양광발전소,,충청남도 논산시 가야곡면 등리 120-5,36.151941410,127.170832557,,정상가동,99.51,380,60,2021,발전사업용,2021-09-01,충청남도 논산시 지역경제과,893,2025-12-28
정화 태양광발전소,,충청남도 논산시 가야곡면 등리 120-5,36.151941410,127.170832557,,정상가동,99.51,380,60,2021,발전사업용,2021-09-01,충청남도 논산시 지역경제과,894,2025-12-28
이레3 태양광발전소,,충청남도 논산시 가야곡면 등리 120-5,36.151941410,127.170832557,,정상가동,99.51,380,60,2021,발전사업용,2021-09-01,충청남도 논산시 지역경제과,894,2025-12-28
시온 태양광발전소,,충청남도 논산시 가야곡면 등리 120-5,36.151941410,127.170832557,,정상가동,99.51,380,60,2021,발전사업용,2021-09-01,충청남도 논산시 지역경제과,904,2025-12-28
안심 태양광발전소,,충청남도 논산시 가야곡면 등리 120,36.151104680,127.171218362,,정상가동,99.51,380,60,2021,발전사업용,2021-09-01,충청남도 논산시 지역경제과,1110,2025-12-28
한결 태양광발전소,,충청남도 논산시 가야곡면 등리 120,36.151104680,127.171218362,,정상가동,99.51,380,60,2021,발전사업용,2021-09-01,충청남도 논산시 지역경제과,916,2025-12-28
하리 태양광발전소,,충청남도 논산시 가야곡면 등리 120-5,36.151941410,127.170832557,,정상가동,99.51,380,60,2021,발전사업용,2021-09-01,충청남도 논산시 지역경제과,979,2025-12-28
남양1 태양광발전소,충청남도 논산시 상월면 한천길 15-12,충청남도 논산시 상월면 한천리 251-6,36.264025300,127.154638700,,정상가동,99.45,380,60,2021,발전사업용,2021-09-01,충청남도 논산시 지역경제과,501.22,2025-12-28
남양2 태양광발전소,충청남도 논산시 상월면 한천길 15-12,충청남도 논산시 상월면 한천리 251-6,36.264025300,127.154638700,,정상가동,99.45,380,60,2021,발전사업용,2021-09-01,충청남도 논산시 지역경제과,501.22,2025-12-28
남양3 태양광발전소,충청남도 논산시 상월면 한천길 15-12,충청남도 논산시 상월면 한천리 251-6,36.264025300,127.154638700,,정상가동,99.45,380,60,2021,발전사업용,2021-09-01,충청남도 논산시 지역경제과,501.22,2025-12-28
노성1호 태양광발전소,충청남도 논산시 노성면 노성로 474-1,충청남도 논산시 노성면 읍내리 342,36.275165497,127.118987652,,정상가동,88.32,380,60,2021,발전사업용,2021-09-02,충청남도 논산시 지역경제과,354.08,2025-12-28
노성2호 태양광발전소,충청남도 논산시 노성면 노성로 474-1,충청남도 논산시 노성면 읍내리 342,36.275165497,127.118987652,,정상가동,88.32,380,60,2021,발전사업용,2021-09-02,충청남도 논산시 지역경제과,354.08,2025-12-28
노성3호 태양광발전소,충청남도 논산시 노성면 노성로 474-1,충청남도 논산시 노성면 읍내리 342,36.275165497,127.118987652,,정상가동,88.32,380,60,2021,발전사업용,2021-09-02,충청남도 논산시 지역경제과,354.08,2025-12-28
노성4호 태양광발전소,충청남도 논산시 노성면 노성로 474-1,충청남도 논산시 노성면 읍내리 342,36.275165497,127.118987652,,정상가동,88.32,380,60,2021,발전사업용,2021-09-02,충청남도 논산시 지역경제과,354.08,2025-12-28
노성5호 태양광발전소,충청남도 논산시 노성면 노성로 474-1,충청남도 논산시 노성면 읍내리 342,36.275165497,127.118987652,,정상가동,44.16,380,60,2021,발전사업용,2021-09-02,충청남도 논산시 지역경제과,177.04,2025-12-28
장미 태양광발전소,충청남도 논산시 광석면 명재로200번길 68,충청남도 논산시 광석면 율리 66-3,36.266573860,127.095148200,,정상가동,57,380,60,2021,발전사업용,2021-09-08,충청남도 논산시 지역경제과,281.26,2025-12-28
칠성 태양광발전소,충청남도 논산시 광석면 명재로200번길 68,충청남도 논산시 광석면 율리 66-3,36.266573860,127.095148200,,정상가동,99.75,380,60,2021,발전사업용,2021-09-08,충청남도 논산시 지역경제과,492.21,2025-12-28
대성 태양광발전소,충청남도 논산시 광석면 명재로200번길 68,충청남도 논산시 광석면 율리 66-3,36.266573860,127.095148200,,정상가동,99.75,380,60,2021,발전사업용,2021-09-08,충청남도 논산시 지역경제과,492.21,2025-12-28
심암1리 마을회,충청남도 논산시 채운면 심암3길 19-11,충청남도 논산시 채운면 심암리 247-1,36.146561940,127.074913300,,정상가동,15.05,220,60,2021,발전사업용,2021-09-15,충청남도 논산시 지역경제과,72,2025-12-28
사포지구 수상태양광발전소,,충청남도 논산시 채운면 삼거리 142-1,36.150884200,127.034412300,,정상가동,496.8,380,60,2021,발전사업용,2021-09-29,충청남도 논산시 지역경제과,5130,2025-12-28
조아 태양광발전소,충청남도 논산시 가야곡면 원앙로 211-3,충청남도 논산시 가야곡면 삼전리 358-3,36.101617870,127.162309500,,정상가동,72.8,380,60,2021,발전사업용,2021-09-29,충청남도 논산시 지역경제과,364.3,2025-12-28
읍내2호 태양광발전소,충청남도 논산시 노성면 논산평야로 1281-9,충청남도 논산시 노성면 읍내리 482-3,36.261162800,127.122530700,,정상가동,33.12,380,60,2021,발전사업용,2021-10-12,충청남도 논산시 지역경제과,148,2025-12-28
황화5 태양광발전소,충청남도 논산시 연무읍 봉황로 292-1,충청남도 논산시 연무읍 황화정리 232,36.092019114,127.111692142,,정상가동,99.82,380,60,2021,발전사업용,2021-10-12,충청남도 논산시 지역경제과,470.03,2025-12-28
정은1호 태양광발전소,충청남도 논산시 채운면 채운로460번길 78,충청남도 논산시 채운면 심암리 215-2,36.145202944,127.077268529,,정상가동,99.19,380,60,2021,발전사업용,2021-10-22,충청남도 논산시 지역경제과,509.54,2025-12-28
정은2호 태양광발전소,충청남도 논산시 채운면 채운로460번길 76-29,충청남도 논산시 채운면 심암리 10-5,36.146371497,127.078579890,,정상가동,99.19,380,60,2021,발전사업용,2021-10-22,충청남도 논산시 지역경제과,509.54,2025-12-28
상조 태양광발전소,충청남도 논산시 계백로665번길 112-97,충청남도 논산시 등화동 514-6,36.188273919,127.062129659,,정상가동,99.19,380,60,2021,발전사업용,2021-10-22,충청남도 논산시 지역경제과,490.14,2025-12-28
노성에너지16,충청남도 논산시 노성면 읍내3길 61-24,충청남도 논산시 노성면 읍내리 475-12,36.264746690,127.122112200,,정상가동,99.84,380,60,2021,발전사업용,2021-10-25,충청남도 논산시 지역경제과,754.2,2025-12-28
노성에너지17,,충청남도 논산시 노성면 읍내리 475-10,36.264961260,127.121876100,,정상가동,99.84,380,60,2021,발전사업용,2021-10-25,충청남도 논산시 지역경제과,769.1,2025-12-28
노성에너지18,,충청남도 논산시 노성면 읍내리 517-31,36.264900341,127.121895863,,정상가동,99.84,380,60,2021,발전사업용,2021-10-25,충청남도 논산시 지역경제과,737.3,2025-12-28
노성에너지19,,충청남도 논산시 노성면 읍내리 475-10,36.264961260,127.121876100,,정상가동,99.84,380,60,2021,발전사업용,2021-10-25,충청남도 논산시 지역경제과,707.5,2025-12-28
노성에너지20,,충청남도 논산시 노성면 읍내리 475-10,36.264961260,127.121876100,,정상가동,99.84,380,60,2021,발전사업용,2021-10-25,충청남도 논산시 지역경제과,794.6,2025-12-28
노성에너지21,,충청남도 논산시 노성면 읍내리 475-3,36.265087745,127.123610400,,정상가동,99.84,380,60,2021,발전사업용,2021-10-25,충청남도 논산시 지역경제과,1117,2025-12-28
노성에너지22,,충청남도 논산시 노성면 읍내리 475-3,36.265087745,127.123610400,,정상가동,99.84,380,60,2021,발전사업용,2021-10-25,충청남도 논산시 지역경제과,840,2025-12-28
노성에너지23,,충청남도 논산시 노성면 읍내리 475-4,36.265287840,127.123437686,,정상가동,99.84,380,60,2021,발전사업용,2021-10-25,충청남도 논산시 지역경제과,831,2025-12-28
노성에너지24,충청남도 논산시 노성면 읍내3길 61-53,충청남도 논산시 노성면 읍내리 475-5,36.265539760,127.123338700,,정상가동,99.84,380,60,2021,발전사업용,2021-10-25,충청남도 논산시 지역경제과,942,2025-12-28
노성에너지25,충청남도 논산시 노성면 읍내3길 61-49,충청남도 논산시 노성면 읍내리 475-29,36.266002405,127.123122100,,정상가동,99.84,380,60,2021,발전사업용,2021-10-25,충청남도 논산시 지역경제과,836,2025-12-28
노성에너지26,충청남도 논산시 노성면 읍내3길 61-53,충청남도 논산시 노성면 읍내리 475-5,36.265539760,127.123338700,,정상가동,99.84,380,60,2021,발전사업용,2021-10-25,충청남도 논산시 지역경제과,897,2025-12-28
노성에너지27,충청남도 논산시 노성면 읍내3길 61-53,충청남도 논산시 노성면 읍내리 475-5,36.265539760,127.123338700,,정상가동,99.84,380,60,2021,발전사업용,2021-10-25,충청남도 논산시 지역경제과,877,2025-12-28
노성에너지28,충청남도 논산시 노성면 읍내3길 61-53,충청남도 논산시 노성면 읍내리 475-5,36.265539760,127.123338700,,정상가동,99.84,380,60,2021,발전사업용,2021-10-25,충청남도 논산시 지역경제과,872,2025-12-28
노성에너지29,충청남도 논산시 노성면 읍내3길 61-53,충청남도 논산시 노성면 읍내리 475-5,36.265539760,127.123338700,,정상가동,99.84,380,60,2021,발전사업용,2021-10-25,충청남도 논산시 지역경제과,841,2025-12-28
노성에너지30,충청남도 논산시 노성면 읍내3길 61-49,충청남도 논산시 노성면 읍내리 475-29,36.266002405,127.123122100,,정상가동,99.84,380,60,2021,발전사업용,2021-10-25,충청남도 논산시 지역경제과,1106,2025-12-28
노성에너지31,충청남도 논산시 노성면 읍내3길 61-49,충청남도 논산시 노성면 읍내리 475-29,36.266002405,127.123122100,,정상가동,99.84,380,60,2021,발전사업용,2021-10-25,충청남도 논산시 지역경제과,862,2025-12-28
노성에너지32,충청남도 논산시 노성면 읍내3길 61-53,충청남도 논산시 노성면 읍내리 475-5,36.265539760,127.123338700,,정상가동,99.84,380,60,2021,발전사업용,2021-10-25,충청남도 논산시 지역경제과,810,2025-12-28
노성에너지33,충청남도 논산시 노성면 읍내3길 75-14,충청남도 논산시 노성면 읍내리 517-4,36.2647613803,127.1206322654,,정상가동,33.28,380,60,2021,발전사업용,2021-10-25,충청남도 논산시 지역경제과,915,2025-12-28
진금1 태양광발전소,충청남도 논산시 노성면 장마루로716번길 84-20,충청남도 논산시 노성면 장구리 110-63,36.278206888,127.082828656,,정상가동,99.51,380,60,2021,발전사업용,2021-10-27,충청남도 논산시 지역경제과,481.74,2025-12-28
진금2 태양광발전소,충청남도 논산시 노성면 장마루로716번길 84-20,충청남도 논산시 노성면 장구리 110-63,36.278206888,127.082828656,,정상가동,59.92,380,60,2021,발전사업용,2021-10-27,충청남도 논산시 지역경제과,270.08,2025-12-28
이규남 태양광발전소,충청남도 논산시 노성면 노성로 116-141,충청남도 논산시 노성면 죽림리 222-26,36.286827960,127.082536000,,정상가동,19.11,380,60,2021,발전사업용,2021-10-27,충청남도 논산시 지역경제과,93.57,2025-12-28
도마 태양광발전소,충청남도 논산시 부적면 충곡로 191-29,충청남도 논산시 부적면 감곡리 23-1,36.200675210,127.171276200,,정상가동,99,380,60,2021,발전사업용,2021-11-08,충청남도 논산시 지역경제과,456.28,2025-12-28
요셉 태양광발전소,충청남도 논산시 부적면 충곡로 191-29,충청남도 논산시 부적면 감곡리 23-1,36.200675210,127.171276200,,정상가동,99,380,60,2021,발전사업용,2021-11-08,충청남도 논산시 지역경제과,456.28,2025-12-28
시몬 태양광발전소,충청남도 논산시 부적면 충곡로 191-29,충청남도 논산시 부적면 감곡리 23-1,36.200675210,127.171276200,,정상가동,76.5,380,60,2021,발전사업용,2021-11-08,충청남도 논산시 지역경제과,393.38,2025-12-28
기성1 태양광발전소,충청남도 논산시 연무읍 원앙로503번길 127-33,충청남도 논산시 연무읍 양지리 60-2,36.124163600,127.145118000,,정상가동,99.76,380,60,2021,발전사업용,2021-11-08,충청남도 논산시 지역경제과,514.21,2025-12-28
기성2 태양광발전소,충청남도 논산시 연무읍 원앙로503번길 127-33,충청남도 논산시 연무읍 양지리 60-2,36.124163600,127.145118000,,정상가동,99.76,380,60,2021,발전사업용,2021-11-08,충청남도 논산시 지역경제과,514.21,2025-12-28
기성3 태양광발전소,충청남도 논산시 연무읍 원앙로503번길 127-33,충청남도 논산시 연무읍 양지리 60-2,36.124163600,127.145118000,,정상가동,99.76,380,60,2021,발전사업용,2021-11-08,충청남도 논산시 지역경제과,514.21,2025-12-28
기성4 태양광발전소,충청남도 논산시 연무읍 원앙로503번길 127-33,충청남도 논산시 연무읍 양지리 60-2,36.124163600,127.145118000,,정상가동,99.76,380,60,2021,발전사업용,2021-11-08,충청남도 논산시 지역경제과,514.21,2025-12-28
기성5 태양광발전소,충청남도 논산시 연무읍 원앙로503번길 127-33,충청남도 논산시 연무읍 양지리 60-2,36.124163600,127.145118000,,정상가동,84.28,380,60,2021,발전사업용,2021-11-08,충청남도 논산시 지역경제과,423.42,2025-12-28
대운 태양광발전소,충청남도 논산시 강경읍 잣디길 54-11,충청남도 논산시 강경읍 채산리 230-7,36.149431280,127.020839500,,정상가동,85.6,380,60,2021,발전사업용,2021-11-15,충청남도 논산시 지역경제과,409,2025-12-28
가야 태양광발전소,,충청남도 논산시 가야곡면 두월리 61-11,36.152201810,127.156549700,,정상가동,29.96,380,60,2021,발전사업용,2021-11-15,충청남도 논산시 지역경제과,143.14,2025-12-28
세형발전 태양광발전소,,충청남도 논산시 가야곡면 두월리 61-12,36.152148670,127.156683600,,정상가동,29.96,380,60,2021,발전사업용,2021-11-15,충청남도 논산시 지역경제과,143.14,2025-12-28
장식에너지 태양광발전소,,충청남도 논산시 가야곡면 두월리 61-10,36.152138020,127.156450300,,정상가동,98.44,380,60,2021,발전사업용,2021-11-15,충청남도 논산시 지역경제과,470.31,2025-12-28
명인전력 태양광발전소,,충청남도 논산시 가야곡면 두월리 61-9,36.151965390,127.156252100,,정상가동,98.44,380,60,2021,발전사업용,2021-11-15,충청남도 논산시 지역경제과,470.31,2025-12-28
가야동신전력2호 태양광발전소,,충청남도 논산시 가야곡면 두월리 61,36.152056050,127.156329000,,정상가동,98.44,380,60,2021,발전사업용,2021-11-15,충청남도 논산시 지역경제과,470.31,2025-12-28
오케이코퍼레이션 태양광발전소,충청남도 논산시 연산면 청동로3길 86,충청남도 논산시 연산면 청동리 160-1,36.210231690,127.206374300,,정상가동,29.575,380,60,2021,발전사업용,2021-11-22,충청남도 논산시 지역경제과,148,2025-12-28
한스약품 태양광발전소,충청남도 논산시 성동면 산업단지로2길 33,충청남도 논산시 성동면 원북리 855-5,36.219925720,127.047513300,,정상가동,79.17,380,60,2021,발전사업용,2021-11-22,충청남도 논산시 지역경제과,380.5,2025-12-28
원남태양광2호 발전소,,충청남도 논산시 성동면 원남리 386-13,36.206199291,127.038371400,,정상가동,80.99,380,60,2021,발전사업용,2021-11-22,충청남도 논산시 지역경제과,400,2025-12-28
한성농장1호 태양광발전소,충청남도 논산시 가야곡면 원앙종연1길 8-101,충청남도 논산시 가야곡면 두월리 91,36.159243870,127.146805200,,정상가동,99,380,60,2021,발전사업용,2021-12-14,충청남도 논산시 지역경제과,488.25,2025-12-28
한성농장2호 태양광발전소,충청남도 논산시 가야곡면 원앙종연1길 8-101,충청남도 논산시 가야곡면 두월리 91,36.159243870,127.146805200,,정상가동,99,380,60,2021,발전사업용,2021-12-14,충청남도 논산시 지역경제과,488.25,2025-12-28
한성농장3호 태양광발전소,충청남도 논산시 가야곡면 원앙종연1길 8-101,충청남도 논산시 가야곡면 두월리 91,36.159243870,127.146805200,,정상가동,99,380,60,2021,발전사업용,2021-12-14,충청남도 논산시 지역경제과,488.25,2025-12-28
한성농장4호 태양광발전소,충청남도 논산시 가야곡면 원앙종연1길 8-99,충청남도 논산시 가야곡면 두월리 99-1,36.159245470,127.146805422,,정상가동,99,380,60,2021,발전사업용,2021-12-14,충청남도 논산시 지역경제과,488.25,2025-12-28
한성농장5호 태양광발전소,충청남도 논산시 가야곡면 원앙종연1길 8-99,충청남도 논산시 가야곡면 두월리 99-1,36.159245470,127.146805422,,정상가동,99,380,60,2021,발전사업용,2021-12-14,충청남도 논산시 지역경제과,488.25,2025-12-28
한성농장6호 태양광발전소,충청남도 논산시 가야곡면 원앙종연1길 8-99,충청남도 논산시 가야곡면 두월리 99-1,36.159245470,127.146805422,,정상가동,99,380,60,2021,발전사업용,2021-12-14,충청남도 논산시 지역경제과,488.25,2025-12-28
한성농장7호 태양광발전소,충청남도 논산시 가야곡면 원앙종연1길 8-101,충청남도 논산시 가야곡면 두월리 91,36.159243870,127.146805200,,정상가동,99,380,60,2021,발전사업용,2021-12-14,충청남도 논산시 지역경제과,488.25,2025-12-28
한성농장8호 태양광발전소,충청남도 논산시 가야곡면 원앙종연1길 8-101,충청남도 논산시 가야곡면 두월리 91,36.159243870,127.146805200,,정상가동,99,380,60,2021,발전사업용,2021-12-14,충청남도 논산시 지역경제과,488.25,2025-12-28
한성농장9호 태양광발전소,,충청남도 논산시 가야곡면 두월리 88-2,36.159487510,127.146847000,,정상가동,99,380,60,2021,발전사업용,2021-12-14,충청남도 논산시 지역경제과,488.25,2025-12-28
한성농장10호 태양광발전소,충청남도 논산시 가야곡면 원앙종연1길 8-91,충청남도 논산시 가야곡면 두월리 92,36.160236840,127.145760800,,정상가동,299.2,380,60,2021,발전사업용,2021-12-14,충청남도 논산시 지역경제과,1475.6,2025-12-28
가야곡1 태양광발전소,충청남도 논산시 가야곡면 매죽헌로 924-23,충청남도 논산시 가야곡면 강청리 49-6,36.133998316,127.175543000,,정상가동,28.8,380,60,2021,발전사업용,2021-12-14,충청남도 논산시 지역경제과,138.8,2025-12-28
가야곡2 태양광발전소,충청남도 논산시 가야곡면 매죽헌로 924-23,충청남도 논산시 가야곡면 강청리 49-6,36.133998316,127.175543000,,정상가동,28.8,380,60,2021,발전사업용,2021-12-14,충청남도 논산시 지역경제과,138.8,2025-12-28
길농장 태양광발전소,충청남도 논산시 성동면 원남4길 72,충청남도 논산시 성동면 원남리 938-2,36.204692060,127.022565800,,정상가동,99.19,380,60,2021,발전사업용,2021-12-17,충청남도 논산시 지역경제과,470.71,2025-12-28
윤실발전소,충청남도 논산시 노성면 논산평야로 1163,충청남도 논산시 노성면 두사리 93-3,36.254832400,127.113465700,,정상가동,78.72,380,60,2021,발전사업용,2021-12-17,충청남도 논산시 지역경제과,380,2025-12-28
윤실발전소,,충청남도 논산시 노성면 두사리 93-14,36.254787420,127.113511964,,정상가동,67.2,380,60,2021,발전사업용,2021-12-17,충청남도 논산시 지역경제과,324,2025-12-28
진주 태양광발전소,,충청남도 논산시 은진면 용산리 318-1,36.155694930,127.119648900,,정상가동,99.19,380,60,2021,발전사업용,2021-12-17,충청남도 논산시 지역경제과,485.704,2025-12-28
민희2호 태양광발전소,,충청남도 논산시 가야곡면 삼전리 63-1,36.109992842,127.171608335,,정상가동,99.76,380,60,2021,발전사업용,2021-12-23,충청남도 논산시 지역경제과,471.28,2025-12-28
삼전태양광,,충청남도 논산시 가야곡면 삼전리 63-1,36.109992842,127.171608335,,정상가동,99.76,380,60,2021,발전사업용,2021-12-23,충청남도 논산시 지역경제과,471.28,2025-12-28
성욱1호태양광,,충청남도 논산시 가야곡면 삼전리 63-1,36.109992842,127.171608335,,정상가동,99.76,380,60,2021,발전사업용,2021-12-23,충청남도 논산시 지역경제과,471.28,2025-12-28
지오태양광,,충청남도 논산시 가야곡면 삼전리 63-3,36.109740604,127.170939740,,정상가동,99.76,380,60,2021,발전사업용,2021-12-23,충청남도 논산시 지역경제과,471.28,2025-12-28
정은 태양광발전소,,충청남도 논산시 은진면 용산리 373,36.160376170,127.116512349,,정상가동,99.51,380,60,2021,발전사업용,2021-12-30,충청남도 논산시 지역경제과,489.28,2025-12-28
드림 태양광발전소,,충청남도 논산시 연무읍 동산리 457-8,36.134988790,127.114191300,,정상가동,99.68,380,60,2021,발전사업용,2021-12-31,충청남도 논산시 지역경제과,487,2025-12-28
뉴플러스 태양광발전소,,충청남도 논산시 연무읍 동산리 457-4,36.135002390,127.116035500,,정상가동,99.68,380,60,2021,발전사업용,2021-12-31,충청남도 논산시 지역경제과,487,2025-12-28
태민3호 태양광발전소,,충청남도 논산시 연무읍 동산리 457-25,36.134419645,127.114078212,,정상가동,99.68,380,60,2021,발전사업용,2021-12-31,충청남도 논산시 지역경제과,487,2025-12-28
동산12 태양광발전소,,충청남도 논산시 연무읍 동산리 457-12,36.134686400,127.114739100,,정상가동,99.68,380,60,2021,발전사업용,2021-12-31,충청남도 논산시 지역경제과,487,2025-12-28
동산16 태양광발전소,,충청남도 논산시 연무읍 동산리 457-16,36.134686560,127.115983500,,정상가동,99.68,380,60,2021,발전사업용,2021-12-31,충청남도 논산시 지역경제과,487,2025-12-28
희망 태양광발전소,,충청남도 논산시 연무읍 동산리 457-11,36.134684110,127.114428000,,정상가동,99.68,380,60,2021,발전사업용,2021-12-31,충청남도 논산시 지역경제과,487,2025-12-28
정우 태양광발전소,,충청남도 논산시 연무읍 동산리 457-2,36.135156900,127.114989400,,정상가동,99.68,380,60,2021,발전사업용,2021-12-31,충청남도 논산시 지역경제과,487,2025-12-28
동산20 태양광발전소,,충청남도 논산시 연무읍 동산리 457-23,36.134370980,127.114742600,,정상가동,99.68,380,60,2021,발전사업용,2021-12-31,충청남도 논산시 지역경제과,487,2025-12-28
동산21 태양광발전소,,충청남도 논산시 연무읍 동산리 457-22,36.134373200,127.115042600,,정상가동,99.68,380,60,2021,발전사업용,2021-12-31,충청남도 논산시 지역경제과,487,2025-12-28
수민 태양광발전소,,충청남도 논산시 연무읍 동산리 457-30,36.134078267,127.115961114,,정상가동,99.68,380,60,2021,발전사업용,2021-12-31,충청남도 논산시 지역경제과,487,2025-12-28
가연 태양광발전소,,충청남도 논산시 연무읍 동산리 457-19,36.134416450,127.116019800,,정상가동,99.68,380,60,2021,발전사업용,2021-12-31,충청남도 논산시 지역경제과,487,2025-12-28
영만 태양광발전소,,충청남도 논산시 연무읍 동산리 457,36.134048326,127.114904198,,정상가동,99.68,380,60,2021,발전사업용,2021-12-31,충청남도 논산시 지역경제과,487,2025-12-28
천사 태양광발전소,,충청남도 논산시 연무읍 동산리 457-6,36.134968470,127.115102600,,정상가동,99.68,380,60,2021,발전사업용,2021-12-31,충청남도 논산시 지역경제과,487,2025-12-28
영미 태양광발전소,,충청남도 논산시 연무읍 동산리 457-24,36.134368690,127.114431600,,정상가동,99.68,380,60,2021,발전사업용,2021-12-31,충청남도 논산시 지역경제과,487,2025-12-28
건호 태양광발전소,,충청남도 논산시 연무읍 동산리 457-9,36.134571450,127.113790385,,정상가동,99.68,380,60,2021,발전사업용,2021-12-31,충청남도 논산시 지역경제과,487,2025-12-28
명인 태양광발전소,,충청남도 논산시 연무읍 동산리 457-7,36.134992310,127.114669000,,정상가동,99.68,380,60,2021,발전사업용,2021-12-31,충청남도 논산시 지역경제과,487,2025-12-28
동산7 태양광발전소,,충청남도 논산시 연무읍 동산리 457-5,36.134963230,127.115613700,,정상가동,99.68,380,60,2021,발전사업용,2021-12-31,충청남도 논산시 지역경제과,487,2025-12-28
동만 태양광발전소,,충청남도 논산시 연무읍 동산리 457-3,36.135229711,127.115748428,,정상가동,99.68,380,60,2021,발전사업용,2021-12-31,충청남도 논산시 지역경제과,487,2025-12-28
현호 태양광발전소,,충청남도 논산시 연무읍 동산리 457-17,36.134700522,127.116317100,,정상가동,99.68,380,60,2021,발전사업용,2021-12-31,충청남도 논산시 지역경제과,487,2025-12-28
동산13 태양광발전소,,충청남도 논산시 연무읍 동산리 457-13,36.134688610,127.115039100,,정상가동,99.68,380,60,2021,발전사업용,2021-12-31,충청남도 논산시 지역경제과,487,2025-12-28
동산10 태양광발전소,,충청남도 논산시 연무읍 동산리 457-10,36.134690900,127.114128000,,정상가동,99.68,380,60,2021,발전사업용,2021-12-31,충청남도 논산시 지역경제과,487,2025-12-28
지혜 태양광발전소,,충청남도 논산시 연무읍 동산리 456-6,36.133806430,127.115034268,,정상가동,99.68,380,60,2021,발전사업용,2021-12-31,충청남도 논산시 지역경제과,487,2025-12-28
찬빈 태양광발전소,,충청남도 논산시 연무읍 동산리 456-8,36.133440727,127.115384596,,정상가동,99.68,380,60,2021,발전사업용,2021-12-31,충청남도 논산시 지역경제과,487,2025-12-28
지앤에스 태양광발전소,,충청남도 논산시 연무읍 동산리 456-4,36.133800360,127.115404700,,정상가동,99.68,380,60,2021,발전사업용,2021-12-31,충청남도 논산시 지역경제과,487,2025-12-28
지원 태양광발전소,,충청남도 논산시 연무읍 동산리 457-37,36.133360260,127.114565100,,정상가동,99.68,380,60,2021,발전사업용,2021-12-31,충청남도 논산시 지역경제과,487,2025-12-28
수지 태양광발전소,,충청남도 논산시 연무읍 동산리 457-36,36.133484089,127.114817894,,정상가동,99.68,380,60,2021,발전사업용,2021-12-31,충청남도 논산시 지역경제과,487,2025-12-28
삼공에너지3호 태양광발전소,,충청남도 논산시 연무읍 동산리 457-26,36.134082520,127.114673800,,정상가동,99.68,380,60,2021,발전사업용,2021-12-31,충청남도 논산시 지역경제과,487,2025-12-28
동산23 태양광발전소,,충청남도 논산시 연무읍 동산리 457-20,36.134403914,127.115676205,,정상가동,99.68,380,60,2021,발전사업용,2021-12-31,충청남도 논산시 지역경제과,487,2025-12-28
여준 태양광발전소,,충청남도 논산시 연무읍 동산리 457-14,36.134709010,127.115361000,,정상가동,99.68,380,60,2021,발전사업용,2021-12-31,충청남도 논산시 지역경제과,487,2025-12-28
동산15 태양광발전소,,충청남도 논산시 연무읍 동산리 457-15,36.134719194,127.115683400,,정상가동,99.68,380,60,2021,발전사업용,2021-12-31,충청남도 논산시 지역경제과,487,2025-12-28
수연 태양광발전소,,충청남도 논산시 연무읍 동산리 457-32,36.134044840,127.115675673,,정상가동,99.68,380,60,2021,발전사업용,2021-12-31,충청남도 논산시 지역경제과,487,2025-12-28
호수 태양광발전소,,충청남도 논산시 연무읍 동산리 456-5,36.133951520,127.115302900,,정상가동,99.68,380,60,2021,발전사업용,2021-12-31,충청남도 논산시 지역경제과,487,2025-12-28
찬휘 태양광발전소,,충청남도 논산시 연무읍 동산리 456-7,36.133772590,127.115510843,,정상가동,99.68,380,60,2021,발전사업용,2021-12-31,충청남도 논산시 지역경제과,487,2025-12-28
여원 태양광발전소,,충청남도 논산시 연무읍 동산리 457-21,36.134338540,127.115359417,,정상가동,99.68,380,60,2021,발전사업용,2021-12-31,충청남도 논산시 지역경제과,487,2025-12-28
은영 태양광발전소,,충청남도 논산시 연무읍 동산리 457-38,36.133206560,127.114496512,,정상가동,28.48,380,60,2021,발전사업용,2021-12-31,충청남도 논산시 지역경제과,139,2025-12-28
이채 태양광발전소,,충청남도 논산시 연무읍 동산리 457-39,36.133116940,127.114567800,,정상가동,28.48,380,60,2021,발전사업용,2021-12-31,충청남도 논산시 지역경제과,139,2025-12-28
장일주1호 태양광발전소,충청남도 논산시 부적면 마구평2길 33,충청남도 논산시 부적면 마구평리 381-1,36.217708030,127.129188200,,정상가동,29.44,380,60,2022,발전사업용,2022-01-12,충청남도 논산시 지역경제과,138.34,2025-12-28
장일주2호 태양광발전소,충청남도 논산시 부적면 덕평3길 101,충청남도 논산시 부적면 덕평리 401-154,36.219012450,127.131342700,,정상가동,16.56,220,60,2022,발전사업용,2022-01-12,충청남도 논산시 지역경제과,78.451,2025-12-28
서홍 태양광발전소,,충청남도 논산시 광석면 사월리 산44-7,36.254599798,127.109062861,,정상가동,99.51,380,60,2022,발전사업용,2022-01-12,충청남도 논산시 지역경제과,1401,2025-12-28
사월 태양광발전소,,충청남도 논산시 광석면 사월리 19-1,36.254406760,127.109542500,,정상가동,99.51,380,60,2022,발전사업용,2022-01-12,충청남도 논산시 지역경제과,785,2025-12-28
동민 태양광발전소,,충청남도 논산시 광석면 사월리 19-1,36.254406760,127.109542500,,정상가동,99.51,380,60,2022,발전사업용,2022-01-12,충청남도 논산시 지역경제과,1157,2025-12-28
에코 태양광발전소,,충청남도 논산시 광석면 사월리 19-1,36.254406760,127.109542500,,정상가동,99.51,380,60,2022,발전사업용,2022-01-12,충청남도 논산시 지역경제과,945,2025-12-28
오성1호 태양광발전소,충청남도 논산시 양촌면 매죽헌로1989번길 56-42,충청남도 논산시 양촌면 반암리 185-2,36.162606270,127.263915800,,정상가동,59.52,380,60,2022,발전사업용,2022-01-12,충청남도 논산시 지역경제과,291,2025-12-28
오성2호 태양광발전소,충청남도 논산시 양촌면 매죽헌로1989번길 56-42,충청남도 논산시 양촌면 반암리 185-2,36.162606270,127.263915800,,정상가동,29.76,380,60,2022,발전사업용,2022-01-12,충청남도 논산시 지역경제과,142.8,2025-12-28
순자 태양광발전소,충청남도 논산시 광석면 논산평야로820번길 48-3,충청남도 논산시 광석면 왕전리 682,36.229959360,127.101554200,,정상가동,46.64,380,60,2022,발전사업용,2022-01-20,충청남도 논산시 지역경제과,202.4,2025-12-28
정규 태양광발전소,충청남도 논산시 계백로665번길 112-97,충청남도 논산시 등화동 514-6,36.188273919,127.062129659,,정상가동,99.19,380,60,2021,발전사업용,2021-10-22,충청남도 논산시 지역경제과,490.14,2025-12-28
정민 태양광발전소,충청남도 논산시 계백로665번길 112-99,충청남도 논산시 등화동 514-7,36.188138550,127.062362300,,정상가동,99.19,380,60,2021,발전사업용,2021-10-22,충청남도 논산시 지역경제과,490.14,2025-12-28
명지 태양광발전소,충청남도 논산시 계백로665번길 112-99,충청남도 논산시 등화동 514-7,36.188138550,127.062362300,,정상가동,49.595,380,60,2021,발전사업용,2021-10-22,충청남도 논산시 지역경제과,245.07,2025-12-28
수국1호 태양광발전소,충청남도 논산시 채운면 채운로460번길 78,충청남도 논산시 채운면 심암리 215-2,36.145202944,127.077268529,,정상가동,99.19,380,60,2021,발전사업용,2021-10-22,충청남도 논산시 지역경제과,507.07,2025-12-28
수국2호 태양광발전소,충청남도 논산시 채운면 채운로460번길 78,충청남도 논산시 채운면 심암리 215-2,36.145202944,127.077268529,,정상가동,99.19,380,60,2021,발전사업용,2021-10-22,충청남도 논산시 지역경제과,498.62,2025-12-28
수국3호 태양광발전소,충청남도 논산시 채운면 채운로460번길 78,충청남도 논산시 채운면 심암리 215-2,36.145202944,127.077268529,,정상가동,99.19,380,60,2021,발전사업용,2021-10-22,충청남도 논산시 지역경제과,507.07,2025-12-28
신혜 태양광발전소,충청남도 논산시 광석면 장마루로516번길 30,충청남도 논산시 광석면 율리 268-2,36.262322720,127.081297600,,정상가동,99.645,380,60,2021,발전사업용,2021-10-25,충청남도 논산시 지역경제과,503,2025-12-28
연산국악2 태양광발전소,충청남도 논산시 연산면 화악길 12-11,충청남도 논산시 연산면 화악리 105-3,36.247075270,127.227087300,,정상가동,60.48,380,60,2021,발전사업용,2021-10-25,충청남도 논산시 지역경제과,291.06,2025-12-28
대한석재 태양광발전소,충청남도 논산시 가야곡면 매죽헌로 924,충청남도 논산시 가야곡면 강청리 49-1,36.135747030,127.173724900,,정상가동,24.3,380,60,2021,발전사업용,2021-10-25,충청남도 논산시 지역경제과,123.58,2025-12-28
노성에너지1,충청남도 논산시 노성면 읍내3길 75-14,충청남도 논산시 노성면 읍내리 517-4,36.2647613803,127.1206322654,,정상가동,99.84,380,60,2021,발전사업용,2021-10-25,충청남도 논산시 지역경제과,1301.7,2025-12-28
노성에너지2,충청남도 논산시 노성면 읍내3길 75-14,충청남도 논산시 노성면 읍내리 517-4,36.2647613803,127.1206322654,,정상가동,99.84,380,60,2021,발전사업용,2021-10-25,충청남도 논산시 지역경제과,889.1,2025-12-28
노성에너지3,충청남도 논산시 노성면 읍내3길 75-14,충청남도 논산시 노성면 읍내리 517-4,36.2647613803,127.1206322654,,정상가동,99.84,380,60,2021,발전사업용,2021-10-25,충청남도 논산시 지역경제과,683,2025-12-28
노성에너지4,충청남도 논산시 노성면 읍내3길 75-14,충청남도 논산시 노성면 읍내리 517-4,36.2647613803,127.1206322654,,정상가동,99.84,380,60,2021,발전사업용,2021-10-25,충청남도 논산시 지역경제과,847.1,2025-12-28
노성에너지5,충청남도 논산시 노성면 읍내3길 75-14,충청남도 논산시 노성면 읍내리 517-4,36.2647613803,127.1206322654,,정상가동,99.84,380,60,2021,발전사업용,2021-10-25,충청남도 논산시 지역경제과,792.5,2025-12-28
노성에너지6,충청남도 논산시 노성면 읍내3길 75-14,충청남도 논산시 노성면 읍내리 517-4,36.2647613803,127.1206322654,,정상가동,99.84,380,60,2021,발전사업용,2021-10-25,충청남도 논산시 지역경제과,788.3,2025-12-28
노성에너지7,충청남도 논산시 노성면 읍내3길 75-14,충청남도 논산시 노성면 읍내리 517-4,36.2647613803,127.1206322654,,정상가동,99.84,380,60,2021,발전사업용,2021-10-25,충청남도 논산시 지역경제과,801.2,2025-12-28
노성에너지8,충청남도 논산시 노성면 읍내3길 75-14,충청남도 논산시 노성면 읍내리 517-4,36.2647613803,127.1206322654,,정상가동,99.84,380,60,2021,발전사업용,2021-10-25,충청남도 논산시 지역경제과,793.3,2025-12-28
노성에너지9,충청남도 논산시 노성면 읍내3길 75-14,충청남도 논산시 노성면 읍내리 517-4,36.2647613803,127.1206322654,,정상가동,99.84,380,60,2021,발전사업용,2021-10-25,충청남도 논산시 지역경제과,768,2025-12-28
노성에너지10,충청남도 논산시 노성면 읍내3길 75-14,충청남도 논산시 노성면 읍내리 517-4,36.2647613803,127.1206322654,,정상가동,99.84,380,60,2021,발전사업용,2021-10-25,충청남도 논산시 지역경제과,599.3,2025-12-28
노성에너지11,충청남도 논산시 노성면 읍내3길 75-14,충청남도 논산시 노성면 읍내리 517-4,36.2647613803,127.1206322654,,정상가동,99.84,380,60,2021,발전사업용,2021-10-25,충청남도 논산시 지역경제과,797.7,2025-12-28
노성에너지12,충청남도 논산시 노성면 읍내3길 75-14,충청남도 논산시 노성면 읍내리 517-4,36.2647613803,127.1206322654,,정상가동,99.84,380,60,2021,발전사업용,2021-10-25,충청남도 논산시 지역경제과,1519.1,2025-12-28
한울2호기,충청남도 논산시 노성면 읍내3길 61-24,충청남도 논산시 노성면 읍내리 475-12,36.264746690,127.122112200,,정상가동,99.84,380,60,2021,발전사업용,2021-10-25,충청남도 논산시 지역경제과,833.2,2025-12-28
여울에너지,충청남도 논산시 노성면 읍내3길 61-24,충청남도 논산시 노성면 읍내리 475-12,36.264746690,127.122112200,,정상가동,99.84,380,60,2021,발전사업용,2021-10-25,충청남도 논산시 지역경제과,769.2,2025-12-28
노성에너지15,충청남도 논산시 노성면 읍내3길 61-24,충청남도 논산시 노성면 읍내리 475-12,36.264746690,127.122112200,,정상가동,99.84,380,60,2021,발전사업용,2021-10-25,충청남도 논산시 지역경제과,760,2025-12-28
강경1호 태양광발전소,충청남도 논산시 강경읍 벌뫼길 51,충청남도 논산시 강경읍 채운리 196,36.136878030,127.026528400,,정상가동,99.36,380,60,2022,발전사업용,2022-02-15,충청남도 논산시 지역경제과,464.8,2025-12-28
강경2호 태양광발전소,충청남도 논산시 강경읍 벌뫼길 51,충청남도 논산시 강경읍 채운리 196,36.136878030,127.026528400,,정상가동,49.68,380,60,2022,발전사업용,2022-02-15,충청남도 논산시 지역경제과,232.4,2025-12-28
강경3호 태양광발전소,충청남도 논산시 강경읍 벌뫼길 51,충청남도 논산시 강경읍 채운리 196,36.136878030,127.026528400,,정상가동,44.16,380,60,2022,발전사업용,2022-02-15,충청남도 논산시 지역경제과,206.6,2025-12-28
장원3호 태양광발전소,충청남도 논산시 강경읍 골뜸길 70,충청남도 논산시 강경읍 채운리 245,36.137303410,127.023423300,,정상가동,18.73,380,60,2022,발전사업용,2022-02-18,충청남도 논산시 지역경제과,89.5,2025-12-28
현진 태양광발전소,,충청남도 논산시 은진면 방축리 728-20,36.155200880,127.096900959,,정상가동,99.84,380,60,2022,발전사업용,2022-03-02,충청남도 논산시 지역경제과,1134,2025-12-28
하이텍 태양광,,충청남도 논산시 은진면 방축리 728-21,36.155385640,127.097057074,,정상가동,99.84,380,60,2022,발전사업용,2022-03-02,충청남도 논산시 지역경제과,967,2025-12-28
믿음 태양광발전소,,충청남도 논산시 은진면 방축리 728-21,36.155385640,127.097057074,,정상가동,99.84,380,60,2022,발전사업용,2022-03-02,충청남도 논산시 지역경제과,1137,2025-12-28
짱젼1호 태양광발전소,,충청남도 논산시 노성면 송당리 375-1,36.263438670,127.113429614,,정상가동,99.84,380,60,2022,발전사업용,2022-03-04,충청남도 논산시 지역경제과,481,2025-12-28
최은희1호 태양광발전소,,충청남도 논산시 노성면 송당리 375-1,36.263438670,127.113429614,,정상가동,99.84,380,60,2022,발전사업용,2022-03-04,충청남도 논산시 지역경제과,481,2025-12-28
인천1호 태양광발전소,충청남도 논산시 양촌면 매죽헌로 1668,충청남도 논산시 양촌면 인천리 347-2,36.136695810,127.235117089,,정상가동,29.75,380,60,2022,발전사업용,2022-03-08,충청남도 논산시 지역경제과,146.6,2025-12-28
일진 태양광발전소,충청남도 논산시 성동면 산업단지로1길 85-36,충청남도 논산시 성동면 원북리 393-1,36.223552074,127.038393594,,정상가동,98.1,380,60,2022,발전사업용,2022-03-08,충청남도 논산시 지역경제과,473.46,2025-12-28
이진 태양광발전소,충청남도 논산시 성동면 산업단지로1길 85-36,충청남도 논산시 성동면 원북리 393-1,36.223552074,127.038393594,,정상가동,98.1,380,60,2022,발전사업용,2022-03-08,충청남도 논산시 지역경제과,473.46,2025-12-28
사진 태양광발전소,충청남도 논산시 성동면 산업단지로1길 85-34,충청남도 논산시 성동면 원북리 388-5,36.223003751,127.038833560,,정상가동,245.25,380,60,2022,발전사업용,2022-03-08,충청남도 논산시 지역경제과,413.44,2025-12-28
덕평1호 태양광발전소,,충청남도 논산시 부적면 덕평리 148-13,36.230654050,127.143506200,,정상가동,98.1,380,60,2022,발전사업용,2022-03-15,충청남도 논산시 지역경제과,1062,2025-12-28
덕평2호 태양광발전소,,충청남도 논산시 부적면 덕평리 148-7,36.230580850,127.143298417,,정상가동,98.1,380,60,2022,발전사업용,2022-03-15,충청남도 논산시 지역경제과,856,2025-12-28
덕평3호 태양광발전소,,충청남도 논산시 부적면 덕평리 148-20,36.230521920,127.142673400,,정상가동,98.1,380,60,2022,발전사업용,2022-03-15,충청남도 논산시 지역경제과,1050,2025-12-28
덕평4호 태양광발전소,,충청남도 논산시 부적면 덕평리 148-19,36.230501510,127.142339900,,정상가동,98.1,380,60,2022,발전사업용,2022-03-15,충청남도 논산시 지역경제과,1041,2025-12-28
덕평5호 태양광발전소,,충청남도 논산시 부적면 덕평리 148-18,36.230445370,127.142051300,,정상가동,98.1,380,60,2022,발전사업용,2022-03-15,충청남도 논산시 지역경제과,1003,2025-12-28
덕평6호 태양광발전소,,충청남도 논산시 부적면 덕평리 148-8,36.230474160,127.142316449,,정상가동,98.1,380,60,2022,발전사업용,2022-03-15,충청남도 논산시 지역경제과,1237,2025-12-28
덕평7호 태양광발전소,,충청남도 논산시 부적면 덕평리 656-1,36.230764210,127.141875763,,정상가동,98.1,380,60,2022,발전사업용,2022-03-15,충청남도 논산시 지역경제과,1195,2025-12-28
덕평8호 태양광발전소,,충청남도 논산시 부적면 덕평리 148-5,36.230767390,127.142971000,,정상가동,98.1,380,60,2022,발전사업용,2022-03-15,충청남도 논산시 지역경제과,1510,2025-12-28
덕평9호 태양광발전소,,충청남도 논산시 부적면 덕평리 148-2,36.230689070,127.143430204,,정상가동,98.1,380,60,2022,발전사업용,2022-03-15,충청남도 논산시 지역경제과,1115,2025-12-28
송연1 태양광발전소,충청남도 논산시 부적면 남마구평길 88,충청남도 논산시 부적면 반송리 445-3,36.212392000,127.136854100,,정상가동,99.84,380,60,2022,발전사업용,2022-03-18,충청남도 논산시 지역경제과,482.81,2025-12-28
송연2 태양광발전소,충청남도 논산시 부적면 남마구평길 88,충청남도 논산시 부적면 반송리 445-3,36.212392000,127.136854100,,정상가동,76.8,380,60,2022,발전사업용,2022-03-18,충청남도 논산시 지역경제과,371.04,2025-12-28
송연3 태양광발전소,충청남도 논산시 부적면 남마구평길 88,충청남도 논산시 부적면 반송리 445-3,36.212392000,127.136854100,,정상가동,99.84,380,60,2022,발전사업용,2022-03-18,충청남도 논산시 지역경제과,482.16,2025-12-28
송연4 태양광발전소,충청남도 논산시 부적면 남마구평길 88,충청남도 논산시 부적면 반송리 445-3,36.212392000,127.136854100,,정상가동,99.84,380,60,2022,발전사업용,2022-03-18,충청남도 논산시 지역경제과,483.16,2025-12-28
송연5 태양광발전소,충청남도 논산시 부적면 남마구평길 88,충청남도 논산시 부적면 반송리 445-3,36.212392000,127.136854100,,정상가동,99.84,380,60,2022,발전사업용,2022-03-18,충청남도 논산시 지역경제과,483.16,2025-12-28
근옥 제1 태양광발전소,충청남도 논산시 은진면 안심로277번길 32,충청남도 논산시 은진면 토양리 280-12,36.144986570,127.098833500,,정상가동,87.36,380,60,2022,발전사업용,2022-03-23,충청남도 논산시 지역경제과,421.512,2025-12-28
근옥 제2 태양광발전소,충청남도 논산시 은진면 안심로277번길 32,충청남도 논산시 은진면 토양리 280-12,36.144986570,127.098833500,,정상가동,81.12,380,60,2022,발전사업용,2022-03-23,충청남도 논산시 지역경제과,391.404,2025-12-28
근옥 제3 태양광발전소,충청남도 논산시 은진면 안심로277번길 32,충청남도 논산시 은진면 토양리 280-12,36.144986570,127.098833500,,정상가동,99.84,380,60,2022,발전사업용,2022-03-23,충청남도 논산시 지역경제과,481.728,2025-12-28
외송 태양광발전소,충청남도 논산시 연무읍 삼봉2길 20,충청남도 논산시 연무읍 봉동리 1241-6,36.096019130,127.067931500,,정상가동,29,380,60,2022,발전사업용,2022-03-23,충청남도 논산시 지역경제과,136.95,2025-12-28
사계8호 태양광발전소,충청남도 논산시 광석면 사계로 410,충청남도 논산시 광석면 이사리 193,36.241247390,127.076059000,,정상가동,29.75,380,60,2022,발전사업용,2022-03-31,충청남도 논산시 지역경제과,149.94,2025-12-28
연무동산 태양광발전소,,충청남도 논산시 연무읍 동산리 745-3,36.135438890,127.114119600,,정상가동,499.5,380,60,2022,발전사업용,2022-04-13,충청남도 논산시 지역경제과,4450,2025-12-28
양촌 태양광발전소,,충청남도 논산시 양촌면 명암리 313,36.201880310,127.207994102,,정상가동,499.765,22900,60,2022,발전사업용,2022-04-13,충청남도 논산시 지역경제과,5471,2025-12-28
써니 태양광발전소,,충청남도 논산시 은진면 용산리 382,36.158669970,127.115033655,,정상가동,99.91,380,60,2022,발전사업용,2022-04-15,충청남도 논산시 지역경제과,1450,2025-12-28
논산1호 Solar tech 태양광발전소,,충청남도 논산시 상월면 상도리 642-1,36.309490860,127.180972800,,정상가동,99.645,380,60,2022,발전사업용,2022-04-15,충청남도 논산시 지역경제과,1341,2025-12-28
논산2호 Solar tech 태양광발전소,,충청남도 논산시 상월면 상도리 642-1,36.309490860,127.180972800,,정상가동,99.645,380,60,2022,발전사업용,2022-04-15,충청남도 논산시 지역경제과,1175,2025-12-28
오진 태양광발전소,충청남도 논산시 성동면 산업단지로1길 85-34,충청남도 논산시 성동면 원북리 388-5,36.223003751,127.038833560,,정상가동,99,380,60,2022,발전사업용,2022-04-15,충청남도 논산시 지역경제과,491.85,2025-12-28
육진 태양광발전소,충청남도 논산시 성동면 산업단지로1길 85-34,충청남도 논산시 성동면 원북리 388-5,36.223003751,127.038833560,,정상가동,99,380,60,2022,발전사업용,2022-04-15,충청남도 논산시 지역경제과,491.85,2025-12-28
진아 태양광발전소,충청남도 논산시 성동면 산업단지로1길 85-25,충청남도 논산시 성동면 원북리 1053,36.222209300,127.040316431,,정상가동,98.1,380,60,2022,발전사업용,2022-04-21,충청남도 논산시 지역경제과,490.14,2025-12-28
정규2호 태양광발전소,충청남도 논산시 성동면 산업단지로1길 85-25,충청남도 논산시 성동면 원북리 1053,36.222209300,127.040316431,,정상가동,98.1,380,60,2022,발전사업용,2022-04-21,충청남도 논산시 지역경제과,490.14,2025-12-28
상조2호 태양광발전소,충청남도 논산시 성동면 산업단지로1길 85-23,충청남도 논산시 성동면 원북리 1053-1,36.222103195,127.040373817,,정상가동,98.1,380,60,2022,발전사업용,2022-04-21,충청남도 논산시 지역경제과,490.14,2025-12-28
희영 태양광발전소,충청남도 논산시 성동면 산업단지로1길 85-23,충청남도 논산시 성동면 원북리 1053-1,36.222103195,127.040373817,,정상가동,98.1,380,60,2022,발전사업용,2022-04-21,충청남도 논산시 지역경제과,490.14,2025-12-28
문경 태양광발전소,충청남도 논산시 성동면 산업단지로1길 85-23,충청남도 논산시 성동면 원북리 1053-1,36.222103195,127.040373817,,정상가동,98.1,380,60,2022,발전사업용,2022-04-21,충청남도 논산시 지역경제과,490.14,2025-12-28
대산 태양광발전소,충청남도 논산시 벌곡면 매죽헌로 2374,충청남도 논산시 벌곡면 덕곡리 456-1,36.160820810,127.292218400,,정상가동,99.84,380,60,2022,발전사업용,2022-04-21,충청남도 논산시 지역경제과,439.7,2025-12-28
ENELX_논산3 발전소,충청남도 논산시 연무읍 원앙로503번길 127-38,충청남도 논산시 연무읍 양지리 626,36.121486090,127.145013700,,정상가동,682.5,22900,60,2022,발전사업용,2022-04-28,충청남도 논산시 지역경제과,3308,2025-12-28
발전1호 태양광발전소,,충청남도 논산시 부적면 신교리 35-1,36.196004860,127.154319506,,정상가동,99.84,380,60,2022,발전사업용,2022-05-04,충청남도 논산시 지역경제과,973.2,2025-12-28
아가 태양광발전소,,충청남도 논산시 부적면 신교리 35-1,36.196004860,127.154319506,,정상가동,99.84,380,60,2022,발전사업용,2022-05-04,충청남도 논산시 지역경제과,786.4,2025-12-28
제2연덕 태양광발전소,,충청남도 논산시 부적면 신교리 35-1,36.196004860,127.154319506,,정상가동,99.84,380,60,2022,발전사업용,2022-05-04,충청남도 논산시 지역경제과,839.1,2025-12-28
코코 태양광발전소,,충청남도 논산시 부적면 신교리 34,36.196251470,127.154720867,,정상가동,99.84,380,60,2022,발전사업용,2022-05-04,충청남도 논산시 지역경제과,981.3,2025-12-28
채리1호 태양광발전소,,충청남도 논산시 부적면 신교리 35-1,36.196004860,127.154319506,,정상가동,99.84,380,60,2022,발전사업용,2022-05-04,충청남도 논산시 지역경제과,1973,2025-12-28
미래1호 태양광발전소,충청남도 논산시 성동면 논산평야로314번길 4,충청남도 논산시 성동면 정지리 203,36.219376730,127.059020500,,정상가동,60.48,380,60,2022,발전사업용,2022-05-04,충청남도 논산시 지역경제과,281,2025-12-28
부광 태양광발전소,충청남도 논산시 원앙로1326번길 7-9,충청남도 논산시 관촉동 407-6,36.188060040,127.118542500,,정상가동,18.72,380,60,2022,발전사업용,2022-05-16,충청남도 논산시 지역경제과,87.92,2025-12-28
수국6호 태양광발전소,충청남도 논산시 은진면 살포재길 37,충청남도 논산시 은진면 용산리 322,36.155115920,127.118530006,,정상가동,99,380,60,2022,발전사업용,2022-05-16,충청남도 논산시 지역경제과,485.24,2025-12-28
수국7호 태양광발전소,충청남도 논산시 은진면 살포재길 37,충청남도 논산시 은진면 용산리 322,36.155115920,127.118530006,,정상가동,99,380,60,2022,발전사업용,2022-05-16,충청남도 논산시 지역경제과,485.24,2025-12-28
수국8호 태양광발전소,충청남도 논산시 은진면 살포재길 37,충청남도 논산시 은진면 용산리 322,36.155115920,127.118530006,,정상가동,99,380,60,2022,발전사업용,2022-05-16,충청남도 논산시 지역경제과,485.24,2025-12-28
수국9호 태양광발전소,충청남도 논산시 은진면 살포재길 37,충청남도 논산시 은진면 용산리 322,36.155115920,127.118530006,,정상가동,99,380,60,2022,발전사업용,2022-05-16,충청남도 논산시 지역경제과,485.24,2025-12-28
누기 태양광발전소,,충청남도 논산시 연무읍 동산리 276-27,36.127284150,127.118021600,,정상가동,99.84,380,60,2022,발전사업용,2022-05-24,충청남도 논산시 지역경제과,1206,2025-12-28
길동무 태양광발전소,,충청남도 논산시 연무읍 동산리 276-24,36.127636760,127.118214193,,정상가동,99.84,380,60,2022,발전사업용,2022-05-24,충청남도 논산시 지역경제과,902,2025-12-28
영준 태양광발전소,,충청남도 논산시 연무읍 동산리 276-23,36.127717460,127.118116800,,정상가동,99.84,380,60,2022,발전사업용,2022-05-24,충청남도 논산시 지역경제과,884,2025-12-28
써니파워 태양광발전소,,충청남도 논산시 연무읍 동산리 276-22,36.127789310,127.118142533,,정상가동,99.84,380,60,2022,발전사업용,2022-05-24,충청남도 논산시 지역경제과,962,2025-12-28
디센트럴랜드 태양광발전소,,충청남도 논산시 연무읍 동산리 276-9,36.127458230,127.118783808,,정상가동,99.84,380,60,2022,발전사업용,2022-05-24,충청남도 논산시 지역경제과,1007,2025-12-28
진광산업 태양광발전소,,충청남도 논산시 연무읍 동산리 276-12,36.128199897,127.118144500,,정상가동,99.84,380,60,2022,발전사업용,2022-05-24,충청남도 논산시 지역경제과,1031,2025-12-28
솔라나 태양광발전소,,충청남도 논산시 연무읍 동산리 276-5,36.128388558,127.118019080,,정상가동,99.84,380,60,2022,발전사업용,2022-05-24,충청남도 논산시 지역경제과,975,2025-12-28
논산박 태양광발전소,,충청남도 논산시 연무읍 동산리 276-5,36.128388558,127.118019080,,정상가동,99.84,380,60,2022,발전사업용,2022-05-24,충청남도 논산시 지역경제과,1827,2025-12-28
SR태양광2호발전소,,충청남도 논산시 연무읍 동산리 276-26,36.127438330,127.118099827,,정상가동,99.84,380,60,2022,발전사업용,2022-05-25,충청남도 논산시 지역경제과,963,2025-12-28
지산 태양광발전소,,충청남도 논산시 연무읍 동산리 276-25,36.127547370,127.118165286,,정상가동,99.84,380,60,2022,발전사업용,2022-05-25,충청남도 논산시 지역경제과,1029,2025-12-28
수국4호 태양광발전소,충청남도 논산시 채운면 채운로460번길 78,충청남도 논산시 채운면 심암리 215-2,36.145202944,127.077268529,,정상가동,99,380,60,2022,발전사업용,2022-05-25,충청남도 논산시 지역경제과,485.37,2025-12-28
수국5호 태양광발전소,충청남도 논산시 채운면 채운로460번길 78,충청남도 논산시 채운면 심암리 215-2,36.145202944,127.077268529,,정상가동,99,380,60,2022,발전사업용,2022-05-25,충청남도 논산시 지역경제과,469.44,2025-12-28
푸른3호 태양광발전소,,충청남도 논산시 성동면 정지리 480-15,36.207743850,127.050211666,,정상가동,98.1,380,60,2022,발전사업용,2022-05-26,충청남도 논산시 지역경제과,490.14,2025-12-28
푸른4호 태양광발전소,,충청남도 논산시 성동면 정지리 480-15,36.207743850,127.050211666,,정상가동,98.1,380,60,2022,발전사업용,2022-05-26,충청남도 논산시 지역경제과,490.14,2025-12-28
우신7 태양광발전소,,충청남도 논산시 연무읍 동산리 464,36.133996170,127.114024700,,정상가동,99.84,380,60,2022,발전사업용,2022-05-26,충청남도 논산시 지역경제과,1284,2025-12-28
산이상회(논산1호) 태양광발전소,,충청남도 논산시 연무읍 동산리 463,36.133931110,127.113758700,,정상가동,99.84,380,60,2022,발전사업용,2022-05-26,충청남도 논산시 지역경제과,873,2025-12-28
예원전력 태양광발전소,,충청남도 논산시 연무읍 동산리 463,36.133931110,127.113758700,,정상가동,99.84,380,60,2022,발전사업용,2022-05-26,충청남도 논산시 지역경제과,974,2025-12-28
두빛 태양광발전소,,충청남도 논산시 연무읍 동산리 463,36.133931110,127.113758700,,정상가동,99.84,380,60,2022,발전사업용,2022-05-26,충청남도 논산시 지역경제과,1000,2025-12-28
한빛 태양광발전소,,충청남도 논산시 연무읍 동산리 463,36.133931110,127.113758700,,정상가동,99.84,380,60,2022,발전사업용,2022-05-26,충청남도 논산시 지역경제과,1074,2025-12-28
선우 태양광발전소,,충청남도 논산시 연무읍 동산리 463,36.133931110,127.113758700,,정상가동,99.84,380,60,2022,발전사업용,2022-05-26,충청남도 논산시 지역경제과,1079,2025-12-28
청하1 태양광발전소,,충청남도 논산시 연무읍 동산리 462,36.133447010,127.114108600,,정상가동,99.84,380,60,2022,발전사업용,2022-05-26,충청남도 논산시 지역경제과,1054,2025-12-28
써니1호 태양광발전소,,충청남도 논산시 연무읍 동산리 462,36.133447010,127.114108600,,정상가동,99.84,380,60,2022,발전사업용,2022-05-26,충청남도 논산시 지역경제과,1376,2025-12-28
신광사 태양광발전소,충청남도 논산시 채운면 채운로223번길 27-9,충청남도 논산시 채운면 용화리 149-2,36.161475200,127.068758900,,정상가동,17.46,220,60,2022,발전사업용,2022-05-26,충청남도 논산시 지역경제과,72.22,2025-12-28
태성2호 태양광발전소,충청남도 논산시 벌곡면 벌곡로330번길 50-1,충청남도 논산시 벌곡면 조동리 121-1,36.218192390,127.296274300,,정상가동,37.7,380,60,2022,발전사업용,2022-05-27,충청남도 논산시 지역경제과,178.1,2025-12-28
영인1호 태양광발전소,충청남도 논산시 성동면 성동로43번길 50-7,충청남도 논산시 성동면 병촌리 323,36.193559117,127.013031865,,정상가동,99,380,60,2022,발전사업용,2022-06-02,충청남도 논산시 지역경제과,477.9,2025-12-28
영인2호 태양광발전소,충청남도 논산시 성동면 성동로43번길 50-7,충청남도 논산시 성동면 병촌리 323,36.193559117,127.013031865,,정상가동,99,380,60,2022,발전사업용,2022-06-02,충청남도 논산시 지역경제과,477.9,2025-12-28
논산스마트 태양광발전소,,충청남도 논산시 연무읍 동산리 271-10,36.125928108,127.120288547,,정상가동,99.84,380,60,2022,발전사업용,2022-06-02,충청남도 논산시 지역경제과,1909,2025-12-28
대현 태양광발전소,,충청남도 논산시 연무읍 동산리 271-4,36.126101060,127.120283151,,정상가동,99.84,380,60,2022,발전사업용,2022-06-02,충청남도 논산시 지역경제과,1327,2025-12-28
자미 태양광발전소,,충청남도 논산시 연무읍 동산리 269-5,36.126273640,127.119415662,,정상가동,99.84,380,60,2022,발전사업용,2022-06-02,충청남도 논산시 지역경제과,1139,2025-12-28
JH논산 태양광발전소,,충청남도 논산시 연무읍 동산리 268-6,36.126377389,127.119206567,,정상가동,99.84,380,60,2022,발전사업용,2022-06-02,충청남도 논산시 지역경제과,927,2025-12-28
해상왕 태양광발전소,,충청남도 논산시 연무읍 동산리 268-5,36.126494221,127.119261631,,정상가동,99.84,380,60,2022,발전사업용,2022-06-02,충청남도 논산시 지역경제과,907,2025-12-28
일암 태양광발전소,,충청남도 논산시 연무읍 동산리 268-4,36.126725082,127.119277528,,정상가동,99.84,380,60,2022,발전사업용,2022-06-02,충청남도 논산시 지역경제과,970,2025-12-28
은경 태양광발전소,,충청남도 논산시 연무읍 동산리 276-38,36.126900121,127.118481400,,정상가동,99.84,380,60,2022,발전사업용,2022-06-02,충청남도 논산시 지역경제과,842,2025-12-28
영미 태양광발전소,,충청남도 논산시 연무읍 동산리 276-10,36.126918090,127.118864197,,정상가동,99.84,380,60,2022,발전사업용,2022-06-02,충청남도 논산시 지역경제과,869,2025-12-28
현아 태양광발전소,,충청남도 논산시 연무읍 동산리 276-36,36.127025010,127.118182827,,정상가동,99.84,380,60,2022,발전사업용,2022-06-02,충청남도 논산시 지역경제과,871,2025-12-28
축복 태양광발전소,,충청남도 논산시 연무읍 동산리 276-35,36.127107010,127.118357788,,정상가동,99.84,380,60,2022,발전사업용,2022-06-02,충청남도 논산시 지역경제과,944,2025-12-28
금동 태양광발전소,,충청남도 논산시 노성면 송당리 379,36.263474510,127.114623863,,정상가동,99.91,380,60,2022,발전사업용,2022-06-03,충청남도 논산시 지역경제과,1316,2025-12-28
KES 태양광발전소,,충청남도 논산시 노성면 송당리 379-1,36.263396861,127.114593100,,정상가동,49.47,380,60,2022,발전사업용,2022-06-03,충청남도 논산시 지역경제과,579,2025-12-28
논산1호 태양광발전소,,충청남도 논산시 노성면 송당리 379-2,36.263240120,127.114561600,,정상가동,99.91,380,60,2022,발전사업용,2022-06-03,충청남도 논산시 지역경제과,1302,2025-12-28
청정 태양광발전소,,충청남도 논산시 연무읍 황화정리 491,36.098651250,127.118271164,,정상가동,99.645,380,60,2022,발전사업용,2022-06-07,충청남도 논산시 지역경제과,1720,2025-12-28
댓뜰 태양광발전소,,충청남도 논산시 연무읍 황화정리 492-1,36.099366710,127.118544200,,정상가동,99.735,380,60,2022,발전사업용,2022-06-07,충청남도 논산시 지역경제과,1605,2025-12-28
한원6호 태양광발전소,,충청남도 논산시 은진면 성덕리 342-1,36.168625810,127.130464200,,정상가동,99.91,380,60,2022,발전사업용,2022-06-10,충청남도 논산시 지역경제과,1049,2025-12-28
해머니2 태양광발전소,,충청남도 논산시 은진면 성덕리 342-11,36.168726987,127.129995660,,정상가동,99.91,380,60,2022,발전사업용,2022-06-10,충청남도 논산시 지역경제과,996,2025-12-28
강진아 태양광발전소,,충청남도 논산시 은진면 성덕리 342-12,36.168706280,127.130374400,,정상가동,99.91,380,60,2022,발전사업용,2022-06-10,충청남도 논산시 지역경제과,856,2025-12-28
JSA 태양광발전소,,충청남도 논산시 은진면 성덕리 342-13,36.168627020,127.130631000,,정상가동,99.91,380,60,2022,발전사업용,2022-06-10,충청남도 논산시 지역경제과,1139,2025-12-28
지산4호 태양광발전소,,충청남도 논산시 부적면 신교리 21,36.196912690,127.152985491,,정상가동,99.84,380,60,2022,발전사업용,2022-06-16,충청남도 논산시 지역경제과,2482,2025-12-28
봉동1호 태양광발전소,,충청남도 논산시 연무읍 봉동리 1541-5,36.090019551,127.063972065,,정상가동,98.1,380,60,2022,발전사업용,2022-06-16,충청남도 논산시 지역경제과,1781,2025-12-28
봉동2호 태양광발전소,,충청남도 논산시 연무읍 봉동리 1541-13,36.090101650,127.063792800,,정상가동,98.1,380,60,2022,발전사업용,2022-06-16,충청남도 논산시 지역경제과,941,2025-12-28
봉동3호 태양광발전소,,충청남도 논산시 연무읍 봉동리 1541-14,36.090272350,127.063724200,,정상가동,65.4,380,60,2022,발전사업용,2022-06-16,충청남도 논산시 지역경제과,688,2025-12-28
가곡1호 태양광발전소,,충청남도 논산시 노성면 가곡리 409-4,36.297885999,127.101923500,,정상가동,40.875,380,60,2022,발전사업용,2022-06-16,충청남도 논산시 지역경제과,529,2025-12-28
가곡2호 태양광발전소,,충청남도 논산시 노성면 가곡리 409-3,36.298067580,127.101710200,,정상가동,98.1,380,60,2022,발전사업용,2022-06-16,충청남도 논산시 지역경제과,1055,2025-12-28
가곡3호 태양광발전소,,충청남도 논산시 노성면 가곡리 409-2,36.298175880,127.101667961,,정상가동,98.1,380,60,2022,발전사업용,2022-06-16,충청남도 논산시 지역경제과,1652,2025-12-28
서광1호 태양광발전소,충청남도 논산시 부적면 예학로 241,충청남도 논산시 부적면 외성리 471,36.210751330,127.151952600,,정상가동,99.76,380,60,2022,발전사업용,2022-06-17,충청남도 논산시 지역경제과,2740,2025-12-28
서광2호 태양광발전소,충청남도 논산시 부적면 예학로 243,충청남도 논산시 부적면 외성리 471-19,36.210482860,127.152222400,,정상가동,19.72,380,60,2022,발전사업용,2022-06-17,충청남도 논산시 지역경제과,575,2025-12-28
은진농원 태양광발전소,충청남도 논산시 은진면 탑정로 530-200,충청남도 논산시 은진면 용산리 129-2,36.169412130,127.124575500,,정상가동,99.84,380,60,2022,발전사업용,2022-06-17,충청남도 논산시 지역경제과,3302,2025-12-28
형호 태양광발전소,충청남도 논산시 부적면 계백로1459번길 7-21,충청남도 논산시 부적면 마구평리 349-1,36.214553610,127.134161200,,정상가동,34.88,380,60,2022,발전사업용,2022-06-17,충청남도 논산시 지역경제과,1180,2025-12-28
푸른5호 태양광발전소,,충청남도 논산시 성동면 정지리 480-15,36.207743850,127.050211666,,정상가동,98.1,380,60,2022,발전사업용,2022-06-17,충청남도 논산시 지역경제과,490.14,2025-12-28
읍내1호 태양광발전소,충청남도 논산시 노성면 논산평야로 1281-8,충청남도 논산시 노성면 읍내리 479-14,36.261740850,127.122686350,,정상가동,29.58,380,60,2022,발전사업용,2022-06-20,충청남도 논산시 지역경제과,138.3,2025-12-28
읍내4호 태양광발전소,,충청남도 논산시 노성면 읍내리 479-79,36.261812780,127.122679200,,정상가동,19.72,380,60,2022,발전사업용,2022-06-20,충청남도 논산시 지역경제과,87.6,2025-12-28
읍내5호 태양광발전소,충청남도 논산시 노성면 논산평야로 1281-7,충청남도 논산시 노성면 읍내리 482,36.261306580,127.122473400,,정상가동,19.8,380,60,2022,발전사업용,2022-06-20,충청남도 논산시 지역경제과,86.03,2025-12-28
회수 태양광발전소,충청남도 논산시 노성면 교촌길 21-3,충청남도 논산시 노성면 교촌리 287-2,36.280740830,127.132842000,,정상가동,19.32,380,60,2022,발전사업용,2022-06-24,충청남도 논산시 지역경제과,92,2025-12-28
바랑산 태양광발전소,충청남도 논산시 양촌면 바랑산1길 157-13,충청남도 논산시 양촌면 오산리 213,36.134261140,127.277246100,,정상가동,15.08,380,60,2022,발전사업용,2022-06-24,충청남도 논산시 지역경제과,71,2025-12-28
상우 태양광발전소,,충청남도 논산시 상월면 숙진리 181-2,36.247265730,127.152426200,,정상가동,99.76,380,60,2022,발전사업용,2022-06-27,충청남도 논산시 지역경제과,475.11,2025-12-28
세종3 태양광발전소,,충청남도 논산시 상월면 숙진리 181-2,36.247265730,127.152426200,,정상가동,99.76,380,60,2022,발전사업용,2022-06-27,충청남도 논산시 지역경제과,475.11,2025-12-28
두드림 태양광발전소,,충청남도 논산시 상월면 숙진리 181-2,36.247265730,127.152426200,,정상가동,99.76,380,60,2022,발전사업용,2022-06-27,충청남도 논산시 지역경제과,475.11,2025-12-28
민주 태양광발전소,,충청남도 논산시 상월면 숙진리 181-2,36.247265730,127.152426200,,정상가동,99.76,380,60,2022,발전사업용,2022-06-27,충청남도 논산시 지역경제과,475.11,2025-12-28
무일 태양광발전소,,충청남도 논산시 상월면 숙진리 181-2,36.247265730,127.152426200,,정상가동,99.76,380,60,2022,발전사업용,2022-06-27,충청남도 논산시 지역경제과,475.11,2025-12-28
백봉 태양광발전소,,충청남도 논산시 상월면 숙진리 181-30,36.247608000,127.152520232,,정상가동,99.76,380,60,2022,발전사업용,2022-06-27,충청남도 논산시 지역경제과,475.11,2025-12-28
수안 태양광발전소,,충청남도 논산시 상월면 숙진리 181-2,36.247265730,127.152426200,,정상가동,29.58,380,60,2022,발전사업용,2022-06-27,충청남도 논산시 지역경제과,140.87,2025-12-28
성준 태양광발전소,,충청남도 논산시 연무읍 동산리 268-3,36.126964413,127.119179830,,정상가동,99.84,380,60,2022,발전사업용,2022-06-28,충청남도 논산시 지역경제과,1309,2025-12-28
백산DH태양광발전소,,충청남도 논산시 연무읍 동산리 276-34,36.127198313,127.118588900,,정상가동,99.84,380,60,2022,발전사업용,2022-06-28,충청남도 논산시 지역경제과,1018,2025-12-28
백산3호 태양광발전소,,충청남도 논산시 연무읍 동산리 276-33,36.127424720,127.118753300,,정상가동,99.84,380,60,2022,발전사업용,2022-06-28,충청남도 논산시 지역경제과,1255,2025-12-28
이지그룹 태양광발전소,충청남도 논산시 은진면 동산산업단지로 101-62,충청남도 논산시 은진면 시묘리 774-2,36.135263460,127.135787200,,정상가동,359.87,380,60,2022,발전사업용,2022-06-30,충청남도 논산시 지역경제과,3963.2,2025-12-28
주식회사 논산그린1호 태양광발전소,,충청남도 논산시 노성면 가곡리 424-1,36.301222140,127.101740900,,정상가동,999,22900,60,2022,발전사업용,2022-07-06,충청남도 논산시 지역경제과,8691,2025-12-28
논산그린2호 태양광발전소,,충청남도 논산시 노성면 가곡리 428-3,36.300014170,127.102901500,,정상가동,99.36,380,60,2022,발전사업용,2022-07-06,충청남도 논산시 지역경제과,1451,2025-12-28
논산그린3호 태양광발전소,,충청남도 논산시 노성면 가곡리 428-2,36.300422450,127.103333984,,정상가동,99.36,380,60,2022,발전사업용,2022-07-06,충청남도 논산시 지역경제과,1023,2025-12-28
그린 태양광발전소,,충청남도 논산시 노성면 가곡리 428-2,36.300422450,127.103333984,,정상가동,99.36,380,60,2022,발전사업용,2022-07-06,충청남도 논산시 지역경제과,1065,2025-12-28
청동 태양광발전소,충청남도 논산시 연산면 청동로 73-6,충청남도 논산시 연산면 청동리 127-12,36.211739140,127.201300999,,정상가동,19.62,380,60,2022,발전사업용,2022-07-08,충청남도 논산시 지역경제과,590,2025-12-28
영송 태양광발전소 1호,충청남도 논산시 가야곡면 덕은로296번길 4-31,충청남도 논산시 가야곡면 목곡리 46-4,36.151346410,127.181385000,,정상가동,99.71,380,60,2022,발전사업용,2022-07-11,충청남도 논산시 지역경제과,466.82,2025-12-28
영송 태양광발전소 2호,충청남도 논산시 가야곡면 덕은로296번길 4-31,충청남도 논산시 가야곡면 목곡리 46-4,36.151346410,127.181385000,,정상가동,99.71,380,60,2022,발전사업용,2022-07-11,충청남도 논산시 지역경제과,466.82,2025-12-28
영송 태양광발전소 3호,충청남도 논산시 가야곡면 덕은로296번길 4-31,충청남도 논산시 가야곡면 목곡리 46-4,36.151346410,127.181385000,,정상가동,99.71,380,60,2022,발전사업용,2022-07-11,충청남도 논산시 지역경제과,466.82,2025-12-28
영송 태양광발전소 4호,충청남도 논산시 가야곡면 덕은로296번길 4-31,충청남도 논산시 가야곡면 목곡리 46-4,36.151346410,127.181385000,,정상가동,99.71,380,60,2022,발전사업용,2022-07-11,충청남도 논산시 지역경제과,466.82,2025-12-28
영송 태양광발전소 5호,충청남도 논산시 가야곡면 덕은로296번길 4-31,충청남도 논산시 가야곡면 목곡리 46-4,36.151346410,127.181385000,,정상가동,99.71,380,60,2022,발전사업용,2022-07-11,충청남도 논산시 지역경제과,466.82,2025-12-28
영송 태양광발전소 6호,,충청남도 논산시 가야곡면 목곡리 46-9,36.151310810,127.181085400,,정상가동,99.71,380,60,2022,발전사업용,2022-07-11,충청남도 논산시 지역경제과,466.82,2025-12-28
현인 태양광발전소,,충청남도 논산시 양촌면 신기리 29-3,36.113266200,127.276549500,,정상가동,99.76,380,60,2022,발전사업용,2022-07-18,충청남도 논산시 지역경제과,1321,2025-12-28
원하루 태양광발전소,,충청남도 논산시 양촌면 신기리 29-4,36.113247970,127.276516400,,정상가동,99.76,380,60,2022,발전사업용,2022-07-18,충청남도 논산시 지역경제과,817,2025-12-28
성광 태양광발전소,,충청남도 논산시 양촌면 신기리 29-5,36.113193560,127.276461300,,정상가동,99.76,380,60,2022,발전사업용,2022-07-18,충청남도 논산시 지역경제과,863,2025-12-28
SMS2호 태양광발전소,,충청남도 논산시 양촌면 신기리 38-4,36.113074190,127.276112222,,정상가동,99.76,380,60,2022,발전사업용,2022-07-18,충청남도 논산시 지역경제과,809,2025-12-28
사비 태양광발전소 2호,,충청남도 논산시 양촌면 신기리 38-5,36.112890835,127.275940353,,정상가동,99.76,380,60,2022,발전사업용,2022-07-18,충청남도 논산시 지역경제과,1242,2025-12-28
발해6 태양광발전소,,충청남도 논산시 연무읍 마전리 127-3,36.075820701,127.095436800,,정상가동,99.84,380,60,2022,발전사업용,2022-07-20,충청남도 논산시 지역경제과,1234,2025-12-28
발해7 태양광발전소,,충청남도 논산시 연무읍 마전리 127-8,36.075799130,127.095614400,,정상가동,99.84,380,60,2022,발전사업용,2022-07-20,충청남도 논산시 지역경제과,1231,2025-12-28
상온피에너지,충청남도 논산시 광석면 사계로 824-14,충청남도 논산시 광석면 항월리 534-3,36.246839890,127.117235257,,정상가동,99,380,60,2022,발전사업용,2022-07-21,충청남도 논산시 지역경제과,397.48,2025-12-28
중온큐에너지,충청남도 논산시 광석면 사계로 824-12,충청남도 논산시 광석면 항월리 534,36.246844221,127.117339328,,정상가동,99,380,60,2022,발전사업용,2022-07-21,충청남도 논산시 지역경제과,397.48,2025-12-28
하온디에너지,충청남도 논산시 광석면 사계로 824-16,충청남도 논산시 광석면 항월리 534-4,36.246668010,127.117154955,,정상가동,99,380,60,2022,발전사업용,2022-07-21,충청남도 논산시 지역경제과,397.48,2025-12-28
논산영진 태양광발전소,,충청남도 논산시 노성면 읍내리 493-27,36.263387290,127.119857200,,정상가동,99.84,380,60,2022,발전사업용,2022-07-22,충청남도 논산시 지역경제과,1094,2025-12-28
한시티 태양광발전소,,충청남도 논산시 노성면 읍내리 493-23,36.263548770,127.119755200,,정상가동,99.84,380,60,2022,발전사업용,2022-07-22,충청남도 논산시 지역경제과,761,2025-12-28
노성 수아3호 태양광발전소,,충청남도 논산시 노성면 읍내리 493-21,36.263638640,127.119720800,,정상가동,99.84,380,60,2022,발전사업용,2022-07-22,충청남도 논산시 지역경제과,727,2025-12-28
늘기쁜2호 태양광발전소,,충청남도 논산시 노성면 읍내리 493-20,36.263719990,127.119688770,,정상가동,99.84,380,60,2022,발전사업용,2022-07-22,충청남도 논산시 지역경제과,753,2025-12-28
호자 태양광발전소,충청남도 논산시 노성면 읍내3길 87-20,충청남도 논산시 노성면 읍내리 493-5,36.263650100,127.120054600,,정상가동,99.84,380,60,2022,발전사업용,2022-07-22,충청남도 논산시 지역경제과,730,2025-12-28
지후 태양광발전소,,충청남도 논산시 노성면 읍내리 493-18,36.263874090,127.119874000,,정상가동,99.84,380,60,2022,발전사업용,2022-07-22,충청남도 논산시 지역경제과,761,2025-12-28
은빛4호 태양광발전소,,충청남도 논산시 노성면 읍내리 493-17,36.263963880,127.119828500,,정상가동,99.84,380,60,2022,발전사업용,2022-07-22,충청남도 논산시 지역경제과,736,2025-12-28
무늬나라 태양광발전소,,충청남도 논산시 노성면 읍내리 493-16,36.264036540,127.119905600,,정상가동,99.84,380,60,2022,발전사업용,2022-07-22,충청남도 논산시 지역경제과,763,2025-12-28
논산은금 태양광발전소,,충청남도 논산시 노성면 읍내리 493-15,36.264100120,127.119971600,,정상가동,99.84,380,60,2022,발전사업용,2022-07-22,충청남도 논산시 지역경제과,737,2025-12-28
현무 태양광발전소,,충청남도 논산시 노성면 읍내리 493-1,36.263688280,127.119697522,,정상가동,99.84,380,60,2022,발전사업용,2022-07-22,충청남도 논산시 지역경제과,780,2025-12-28
읍내리11호 태양광발전소,,충청남도 논산시 노성면 읍내리 493-35,36.264322380,127.119436586,,정상가동,99.84,380,60,2022,발전사업용,2022-07-22,충청남도 논산시 지역경제과,733,2025-12-28
케이앤 태양광발전소,,충청남도 논산시 노성면 읍내리 493-34,36.264411930,127.119503727,,정상가동,99.84,380,60,2022,발전사업용,2022-07-22,충청남도 논산시 지역경제과,758,2025-12-28
한용 태양광발전소,,충청남도 논산시 노성면 읍내리 493-33,36.264468136,127.119610035,,정상가동,99.84,380,60,2022,발전사업용,2022-07-22,충청남도 논산시 지역경제과,740,2025-12-28
정한 태양광발전소,,충청남도 논산시 노성면 읍내리 493-32,36.264582740,127.119420900,,정상가동,99.84,380,60,2022,발전사업용,2022-07-22,충청남도 논산시 지역경제과,768,2025-12-28
다은 태양광발전소,,충청남도 논산시 노성면 읍내리 493-30,36.264705707,127.119261984,,정상가동,99.84,380,60,2022,발전사업용,2022-07-22,충청남도 논산시 지역경제과,852,2025-12-28
논산해비치 태양광발전소,,충청남도 논산시 노성면 읍내리 493-29,36.264790830,127.119529800,,정상가동,99.84,380,60,2022,발전사업용,2022-07-22,충청남도 논산시 지역경제과,806,2025-12-28
용산1호 태양광발전소,충청남도 논산시 은진면 매죽헌로53번길 112-24,충청남도 논산시 은진면 용산리 416-7,36.162355500,127.116006800,,정상가동,19.72,380,60,2022,발전사업용,2022-07-26,충청남도 논산시 지역경제과,49.36,2025-12-28
용산2호 태양광발전소,,충청남도 논산시 은진면 용산리 416-13,36.162409740,127.116028500,,정상가동,19.72,380,60,2022,발전사업용,2022-07-26,충청남도 논산시 지역경제과,49.36,2025-12-28
논산예스 태양광발전소,,충청남도 논산시 등화동 593-11,36.186998496,127.060140900,,정상가동,99.84,380,60,2022,발전사업용,2022-07-26,충청남도 논산시 지역경제과,1226,2025-12-28
참햇살논산 태양광발전소,,충청남도 논산시 등화동 593-10,36.187174040,127.059998335,,정상가동,99.84,380,60,2022,발전사업용,2022-07-26,충청남도 논산시 지역경제과,960,2025-12-28
우원2호 태양광발전소,,충청남도 논산시 등화동 593-5,36.187147530,127.060095183,,정상가동,29.76,380,60,2022,발전사업용,2022-07-26,충청남도 논산시 지역경제과,507,2025-12-28
향림 태양광발전소,충청남도 논산시 양촌면 계백한전길 215-8,충청남도 논산시 양촌면 명암리 464,36.190647108,127.199688370,,정상가동,99,380,60,2022,발전사업용,2022-07-27,충청남도 논산시 지역경제과,462.75,2025-12-28
명암 태양광발전소,충청남도 논산시 양촌면 계백한전길 215-10,충청남도 논산시 양촌면 명암리 464-1,36.190773028,127.199700233,,정상가동,99,380,60,2022,발전사업용,2022-07-27,충청남도 논산시 지역경제과,462.75,2025-12-28
문경2호 태양광발전소,충청남도 논산시 양촌면 계백한전길 215-12,충청남도 논산시 양촌면 명암리 464-2,36.190577666,127.199708697,,정상가동,99,380,60,2022,발전사업용,2022-07-27,충청남도 논산시 지역경제과,462.75,2025-12-28
정욱형택 태양광발전소,,충청남도 논산시 가야곡면 양촌리 140-1,36.123041900,127.195353500,,정상가동,99.96,380,60,2022,발전사업용,2022-07-27,충청남도 논산시 지역경제과,966,2025-12-28
유정 태양광발전소,,충청남도 논산시 가야곡면 양촌리 140-5,36.122629130,127.195624300,,정상가동,99.96,380,60,2022,발전사업용,2022-07-27,충청남도 논산시 지역경제과,963,2025-12-28
기원2호 태양광발전소,,충청남도 논산시 가야곡면 양촌리 141-3,36.122855470,127.195777600,,정상가동,99.96,380,60,2022,발전사업용,2022-07-27,충청남도 논산시 지역경제과,961,2025-12-28
유종찬 태양광발전소,,충청남도 논산시 가야곡면 양촌리 141-4,36.122767920,127.196011000,,정상가동,99.96,380,60,2022,발전사업용,2022-07-27,충청남도 논산시 지역경제과,923,2025-12-28
김남기2호 태양광발전소,,충청남도 논산시 가야곡면 양촌리 141-5,36.122732500,127.196256500,,정상가동,99.96,380,60,2022,발전사업용,2022-07-27,충청남도 논산시 지역경제과,1100,2025-12-28
명관 태양광발전소,,충청남도 논산시 가야곡면 양촌리 141-7,36.122461515,127.196003300,,정상가동,99.96,380,60,2022,발전사업용,2022-07-27,충청남도 논산시 지역경제과,987,2025-12-28
서광3호 태양광발전소,충청남도 논산시 부적면 예학로 241,충청남도 논산시 부적면 외성리 471,36.210751330,127.151952600,,정상가동,19.72,380,60,2022,발전사업용,2022-08-08,충청남도 논산시 지역경제과,95,2025-12-28
윤이1호 태양광발전소,충청남도 논산시 강변로 157-240,충청남도 논산시 등화동 526-9,36.185308197,127.061044511,,정상가동,69.3,380,60,2022,발전사업용,2022-08-09,충청남도 논산시 지역경제과,333.75,2025-12-28
윤이2호 태양광발전소,충청남도 논산시 강변로 157-240,충청남도 논산시 등화동 526-9,36.185308197,127.061044511,,정상가동,99,380,60,2022,발전사업용,2022-08-09,충청남도 논산시 지역경제과,473.67,2025-12-28
그린1호 태양광발전소,충청남도 논산시 강변로 157-242,충청남도 논산시 등화동 526-10,36.185199014,127.061169994,,정상가동,69.3,380,60,2022,발전사업용,2022-08-09,충청남도 논산시 지역경제과,333.75,2025-12-28
그린2호 태양광발전소,충청남도 논산시 강변로 157-242,충청남도 논산시 등화동 526-10,36.185199014,127.061169994,,정상가동,99,380,60,2022,발전사업용,2022-08-09,충청남도 논산시 지역경제과,473.67,2025-12-28
주호1호 태양광발전소,충청남도 논산시 강변로 31-80,충청남도 논산시 등화동 533-1,36.184623504,127.060496011,,정상가동,99,380,60,2022,발전사업용,2022-08-09,충청남도 논산시 지역경제과,469.44,2025-12-28
주호2호 태양광발전소,충청남도 논산시 강변로 31-80,충청남도 논산시 등화동 533-1,36.184623504,127.060496011,,정상가동,99,380,60,2022,발전사업용,2022-08-09,충청남도 논산시 지역경제과,469.44,2025-12-28
에너지스쏠라,충청남도 논산시 채운면 채운로423번길 39-23,충청남도 논산시 채운면 우기리 285-3,36.153942178,127.078052899,,정상가동,99,380,60,2022,발전사업용,2022-08-09,충청남도 논산시 지역경제과,469.45,2025-12-28
월성 태양광발전소,충청남도 논산시 채운면 채운로423번길 39-21,충청남도 논산시 채운면 우기리 285-5,36.154071746,127.078080800,,정상가동,99,380,60,2022,발전사업용,2022-08-09,충청남도 논산시 지역경제과,469.45,2025-12-28
한산 태양광발전소,충청남도 논산시 채운면 채운로423번길 39-19,충청남도 논산시 채운면 우기리 285-6,36.154068920,127.078359300,,정상가동,99,380,60,2022,발전사업용,2022-08-09,충청남도 논산시 지역경제과,469.45,2025-12-28
한빛 태양광발전소,충청남도 논산시 채운면 채운로423번길 39-17,충청남도 논산시 채운면 우기리 285-7,36.153761832,127.078218317,,정상가동,99,380,60,2022,발전사업용,2022-08-09,충청남도 논산시 지역경제과,469.45,2025-12-28
우성 태양광발전소,충청남도 논산시 연무읍 봉황1길 28-16,충청남도 논산시 연무읍 황화정리 1409-1,36.100847010,127.105445200,,정상가동,99.96,380,60,2022,발전사업용,2022-08-09,충청남도 논산시 지역경제과,471.65,2025-12-28
해광 태양광발전소,충청남도 논산시 연무읍 삼봉1길 126,충청남도 논산시 연무읍 마전리 985-7,36.085920654,127.073932955,,정상가동,299.88,380,60,2022,발전사업용,2022-08-12,충청남도 논산시 지역경제과,5866,2025-12-28
스마일 태양광발전소,충청남도 논산시 성동면 산업단지로 121-38,충청남도 논산시 성동면 정지리 279-1,36.216791928,127.052258391,,정상가동,48.15,380,60,2022,발전사업용,2022-08-17,충청남도 논산시 지역경제과,232.87,2025-12-28
벨라에너지,충청남도 논산시 성동면 산업단지로 121-38,충청남도 논산시 성동면 정지리 279-1,36.216791928,127.052258391,,정상가동,96.3,380,60,2022,발전사업용,2022-08-17,충청남도 논산시 지역경제과,465.74,2025-12-28
JS 태양광발전소,충청남도 논산시 성동면 산업단지로 121-38,충청남도 논산시 성동면 정지리 279-1,36.216791928,127.052258391,,정상가동,96.3,380,60,2022,발전사업용,2022-08-17,충청남도 논산시 지역경제과,465.74,2025-12-28
강경4호 태양광발전소,충청남도 논산시 강경읍 벌뫼길 49-4,충청남도 논산시 강경읍 채운리 195-2,36.137124590,127.026925400,,정상가동,81.2,380,60,2022,발전사업용,2022-08-19,충청남도 논산시 지역경제과,490,2025-12-28
정지리2호 태양광발전소,충청남도 논산시 성동면 논산평야로 258-7,충청남도 논산시 성동면 정지리 234-2,36.222035485,127.054995272,,정상가동,47.38,380,60,2022,발전사업용,2022-08-26,충청남도 논산시 지역경제과,148.5,2025-12-28
정지리3호 태양광발전소,충청남도 논산시 성동면 논산평야로 258-12,충청남도 논산시 성동면 정지리 234-3,36.221719560,127.054387700,,정상가동,46.92,380,60,2022,발전사업용,2022-08-26,충청남도 논산시 지역경제과,139,2025-12-28
정지리5호 태양광발전소,충청남도 논산시 성동면 논산평야로 258-6,충청남도 논산시 성동면 정지리 234-5,36.222106566,127.054405400,,정상가동,47.38,380,60,2022,발전사업용,2022-08-26,충청남도 논산시 지역경제과,148.5,2025-12-28
정지리6호 태양광발전소,충청남도 논산시 성동면 논산평야로 258-10,충청남도 논산시 성동면 정지리 234-6,36.221909924,127.054419734,,정상가동,41.4,380,60,2022,발전사업용,2022-08-26,충청남도 논산시 지역경제과,147.17,2025-12-28
정지리7호 태양광발전소,충청남도 논산시 성동면 논산평야로 258-9,충청남도 논산시 성동면 정지리 234-7,36.221740740,127.054787900,,정상가동,41.4,380,60,2022,발전사업용,2022-08-26,충청남도 논산시 지역경제과,147.17,2025-12-28
정지리8호 태양광발전소,충청남도 논산시 성동면 논산평야로 258-14,충청남도 논산시 성동면 정지리 234-8,36.221529620,127.054301000,,정상가동,44.62,380,60,2022,발전사업용,2022-08-26,충청남도 논산시 지역경제과,136.8,2025-12-28
정지리9호 태양광발전소,충청남도 논산시 성동면 논산평야로 258-13,충청남도 논산시 성동면 정지리 234-9,36.221432420,127.054602274,,정상가동,44.62,380,60,2022,발전사업용,2022-08-26,충청남도 논산시 지역경제과,136.8,2025-12-28
정지리10호 태양광발전소,충청남도 논산시 성동면 논산평야로 258-11,충청남도 논산시 성동면 정지리 234-10,36.221605310,127.054756100,,정상가동,44.62,380,60,2022,발전사업용,2022-08-26,충청남도 논산시 지역경제과,136.8,2025-12-28
소호에너지34,충청남도 논산시 노성면 읍내3길 75-14,충청남도 논산시 노성면 읍내리 517-4,36.2647613803,127.1206322654,,정상가동,99.45,380,60,2022,발전사업용,2022-08-26,충청남도 논산시 지역경제과,816.4,2025-12-28
소호에너지35,충청남도 논산시 노성면 읍내3길 75-14,충청남도 논산시 노성면 읍내리 517-4,36.2647613803,127.1206322654,,정상가동,99.45,380,60,2022,발전사업용,2022-08-26,충청남도 논산시 지역경제과,837.8,2025-12-28
노성에너지36,충청남도 논산시 노성면 읍내3길 75-14,충청남도 논산시 노성면 읍내리 517-4,36.2647613803,127.1206322654,,정상가동,99.45,380,60,2022,발전사업용,2022-08-26,충청남도 논산시 지역경제과,1026.7,2025-12-28
노성에너지37,충청남도 논산시 노성면 읍내3길 75-14,충청남도 논산시 노성면 읍내리 517-4,36.2647613803,127.1206322654,,정상가동,99.45,380,60,2022,발전사업용,2022-08-26,충청남도 논산시 지역경제과,1182.1,2025-12-28
노성에너지38,충청남도 논산시 노성면 읍내3길 61-53,충청남도 논산시 노성면 읍내리 475-5,36.265539760,127.123338700,,정상가동,99.45,380,60,2022,발전사업용,2022-08-26,충청남도 논산시 지역경제과,871,2025-12-28
노성에너지39,충청남도 논산시 노성면 읍내3길 61-53,충청남도 논산시 노성면 읍내리 475-5,36.265539760,127.123338700,,정상가동,99.45,380,60,2022,발전사업용,2022-08-26,충청남도 논산시 지역경제과,699.9,2025-12-28
병욱 태양광발전소,충청남도 논산시 성동면 성동로436번길 97-8,충청남도 논산시 성동면 화정리 97-6,36.202410810,127.050460800,,정상가동,29.76,380,60,2022,발전사업용,2022-08-26,충청남도 논산시 지역경제과,137.49,2025-12-28
초희 태양광발전소,충청남도 논산시 성동면 성동로436번길 97-4,충청남도 논산시 성동면 화정리 97-1,36.202462770,127.050193300,,정상가동,19.2,380,60,2022,발전사업용,2022-08-26,충청남도 논산시 지역경제과,90.43,2025-12-28
이레1호 태양광발전소,충청남도 논산시 강변로 157-172,충청남도 논산시 등화동 523-3,36.186617423,127.060925500,,정상가동,99,380,60,2022,발전사업용,2022-08-30,충청남도 논산시 지역경제과,473.49,2025-12-28
이레2호 태양광발전소,충청남도 논산시 강변로 157-172,충청남도 논산시 등화동 523-3,36.186617423,127.060925500,,정상가동,99,380,60,2022,발전사업용,2022-08-30,충청남도 논산시 지역경제과,473.49,2025-12-28
이레3호 태양광발전소,충청남도 논산시 강변로 157-172,충청남도 논산시 등화동 523-3,36.186617423,127.060925500,,정상가동,99,380,60,2022,발전사업용,2022-08-30,충청남도 논산시 지역경제과,473.49,2025-12-28
진주2호 태양광발전소,,충청남도 논산시 은진면 용산리 321-2,36.155737790,127.119348400,,정상가동,99,380,60,2022,발전사업용,2022-08-30,충청남도 논산시 지역경제과,469,2025-12-28
산소 태양광발전소,충청남도 논산시 은진면 살포재길 43-1,충청남도 논산시 은진면 용산리 321-1,36.155808330,127.119136400,,정상가동,99,380,60,2022,발전사업용,2022-08-30,충청남도 논산시 지역경제과,469,2025-12-28
복지 태양광발전소,충청남도 논산시 은진면 살포재길 43-2,충청남도 논산시 은진면 용산리 311-7,36.156149480,127.119057086,,정상가동,99,380,60,2022,발전사업용,2022-08-30,충청남도 논산시 지역경제과,469,2025-12-28
이오 태양광발전소,충청남도 논산시 은진면 살포재길 43,충청남도 논산시 은진면 용산리 311-6,36.156275703,127.119090022,,정상가동,99,380,60,2022,발전사업용,2022-08-30,충청남도 논산시 지역경제과,469,2025-12-28
또바기 태양광발전소,충청남도 논산시 은진면 살포재길 43-4,충청남도 논산시 은진면 용산리 311-1,36.156179618,127.119519751,,정상가동,99,380,60,2022,발전사업용,2022-08-30,충청남도 논산시 지역경제과,469,2025-12-28
채광 태양광발전소,충청남도 논산시 양촌면 바랑산길 88,충청남도 논산시 양촌면 채광리 147-4,36.127692253,127.267100287,,정상가동,147.15,380,60,2022,발전사업용,2022-08-31,충청남도 논산시 지역경제과,683.96,2025-12-28
연무동산2호 태양광발전소,,충청남도 논산시 연무읍 동산리 745-2,36.135396273,127.113775600,,정상가동,99.96,380,60,2022,발전사업용,2022-09-05,충청남도 논산시 지역경제과,469.58,2025-12-28
연무동산3호 태양광발전소,,충청남도 논산시 연무읍 동산리 745-2,36.135396273,127.113775600,,정상가동,46.41,380,60,2022,발전사업용,2022-09-05,충청남도 논산시 지역경제과,215.46,2025-12-28
준호1호 태양광발전소,충청남도 논산시 강변로 157-119,충청남도 논산시 부창동 485-3,36.188822067,127.063058950,,정상가동,99.735,380,60,2022,발전사업용,2022-09-06,충청남도 논산시 지역경제과,561.7,2025-12-28
준호2호 태양광발전소,충청남도 논산시 강변로 157-119,충청남도 논산시 부창동 485-3,36.188822067,127.063058950,,정상가동,99.735,380,60,2022,발전사업용,2022-09-06,충청남도 논산시 지역경제과,537.76,2025-12-28
미소1호 태양광발전소,충청남도 논산시 강변로 157-119,충청남도 논산시 부창동 485-3,36.188822067,127.063058950,,정상가동,91.56,380,60,2022,발전사업용,2022-09-06,충청남도 논산시 지역경제과,584.26,2025-12-28
미소2호 태양광발전소,충청남도 논산시 강변로 157-119,충청남도 논산시 부창동 485-3,36.188822067,127.063058950,,정상가동,87.2,380,60,2022,발전사업용,2022-09-06,충청남도 논산시 지역경제과,552.16,2025-12-28
주동마을협동조합 태양광발전소,충청남도 논산시 노성면 득안대로 2284-28,충청남도 논산시 노성면 두사리 170-1,36.250866500,127.117071000,,정상가동,149.5,380,60,2022,발전사업용,2022-09-06,충청남도 논산시 지역경제과,525.9,2025-12-28
현3호 태양광발전소,충청남도 논산시 노성면 득안대로 2284-28,충청남도 논산시 노성면 두사리 170-1,36.250866500,127.117071000,,정상가동,99.5,380,60,2022,발전사업용,2022-09-06,충청남도 논산시 지역경제과,358.4,2025-12-28
관형2호 태양광발전소,충청남도 논산시 노성면 득안대로 2284-28,충청남도 논산시 노성면 두사리 170-1,36.250866500,127.117071000,,정상가동,99.5,380,60,2022,발전사업용,2022-09-06,충청남도 논산시 지역경제과,358.4,2025-12-28
운장 태양광발전소,충청남도 논산시 노성면 득안대로 2284-28,충청남도 논산시 노성면 두사리 170-1,36.250866500,127.117071000,,정상가동,99.5,380,60,2022,발전사업용,2022-09-06,충청남도 논산시 지역경제과,358.4,2025-12-28
청정5호 태양광발전소,,충청남도 논산시 가야곡면 삼전리 492-13,36.109169860,127.166144799,,정상가동,99.36,380,60,2022,발전사업용,2022-09-08,충청남도 논산시 지역경제과,466.59,2025-12-28
청정6호 태양광발전소,,충청남도 논산시 가야곡면 삼전리 492-13,36.109169860,127.166144799,,정상가동,99.36,380,60,2022,발전사업용,2022-09-08,충청남도 논산시 지역경제과,466.59,2025-12-28
주호3호 태양광발전소,충청남도 논산시 노성면 논산평야로 1223-8,충청남도 논산시 노성면 두사리 54-1,36.258654986,127.118218160,,정상가동,99.36,380,60,2022,발전사업용,2022-09-08,충청남도 논산시 지역경제과,483.54,2025-12-28
주호4호 태양광발전소,충청남도 논산시 노성면 논산평야로 1223-8,충청남도 논산시 노성면 두사리 54-1,36.258654986,127.118218160,,정상가동,99.36,380,60,2022,발전사업용,2022-09-08,충청남도 논산시 지역경제과,486.11,2025-12-28
주호5호 태양광발전소,충청남도 논산시 노성면 논산평야로 1223-8,충청남도 논산시 노성면 두사리 54-1,36.258654986,127.118218160,,정상가동,99.36,380,60,2022,발전사업용,2022-09-08,충청남도 논산시 지역경제과,468.22,2025-12-28
미소3호 태양광발전소,충청남도 논산시 강변로 157-78,충청남도 논산시 부창동 535-2,36.191541100,127.064134100,,정상가동,99.735,380,60,2022,발전사업용,2022-09-15,충청남도 논산시 지역경제과,475.23,2025-12-28
호계1호 태양광발전소,충청남도 논산시 강변로 157-78,충청남도 논산시 부창동 535-2,36.191541100,127.064134100,,정상가동,95.92,380,60,2022,발전사업용,2022-09-15,충청남도 논산시 지역경제과,457.05,2025-12-28
호계2호 태양광발전소,충청남도 논산시 강변로 157-78,충청남도 논산시 부창동 535-2,36.191541100,127.064134100,,정상가동,87.2,380,60,2022,발전사업용,2022-09-15,충청남도 논산시 지역경제과,415.5,2025-12-28
호계3호 태양광발전소,충청남도 논산시 강변로 157-78,충청남도 논산시 부창동 535-2,36.191541100,127.064134100,,정상가동,21.8,380,60,2022,발전사업용,2022-09-15,충청남도 논산시 지역경제과,103.87,2025-12-28
헬리오스1호 태양광발전소,충청남도 논산시 강변로 157-158,충청남도 논산시 등화동 520-5,36.186713015,127.062021359,,정상가동,99.19,380,60,2022,발전사업용,2022-09-15,충청남도 논산시 지역경제과,472.63,2025-12-28
헬리오스2호 태양광발전소,충청남도 논산시 강변로 157-158,충청남도 논산시 등화동 520-5,36.186713015,127.062021359,,정상가동,99.19,380,60,2022,발전사업용,2022-09-15,충청남도 논산시 지역경제과,472.63,2025-12-28
헬리오스3호 태양광발전소,충청남도 논산시 강변로 157-158,충청남도 논산시 등화동 520-5,36.186713015,127.062021359,,정상가동,99.19,380,60,2022,발전사업용,2022-09-15,충청남도 논산시 지역경제과,472.63,2025-12-28
죽본1호 태양광발전소,충청남도 논산시 연무읍 죽본2길 146-29,충청남도 논산시 연무읍 죽본리 89-1,36.138188925,127.126747524,,정상가동,99.45,380,60,2022,발전사업용,2022-09-15,충청남도 논산시 지역경제과,481.1,2025-12-28
죽본2호 태양광발전소,충청남도 논산시 연무읍 죽본2길 146-29,충청남도 논산시 연무읍 죽본리 89-1,36.138188925,127.126747524,,정상가동,99.45,380,60,2022,발전사업용,2022-09-15,충청남도 논산시 지역경제과,481.1,2025-12-28
죽본3호 태양광발전소,충청남도 논산시 연무읍 죽본2길 146-29,충청남도 논산시 연무읍 죽본리 89-1,36.138188925,127.126747524,,정상가동,70.785,380,60,2022,발전사업용,2022-09-15,충청남도 논산시 지역경제과,342.4,2025-12-28
용산써니 태양광발전소,충청남도 논산시 은진면 살포재1길 53-35,충청남도 논산시 은진면 용산리 302-6,36.156360858,127.116272186,,정상가동,458.595,380,60,2022,발전사업용,2022-09-16,충청남도 논산시 지역경제과,2115.97,2025-12-28
신화써니 태양광발전소,충청남도 논산시 연무읍 동안로 346,충청남도 논산시 연무읍 신화리 1362-1,36.142368951,127.048177779,,정상가동,497.295,380,60,2022,발전사업용,2022-09-16,충청남도 논산시 지역경제과,2294.54,2025-12-28
지인발전소,충청남도 논산시 양촌면 황산벌로1285번길 51,충청남도 논산시 양촌면 명암리 282-2,36.198158878,127.209310472,,정상가동,214.14,380,60,2022,발전사업용,2022-09-16,충청남도 논산시 지역경제과,988.05,2025-12-28
청정1호 태양광발전소,충청남도 논산시 강변로 31-108,충청남도 논산시 등화동 526-3,36.186048156,127.060062530,,정상가동,99.36,380,60,2022,발전사업용,2022-09-16,충청남도 논산시 지역경제과,466.59,2025-12-28
청정2호 태양광발전소,충청남도 논산시 강변로 31-108,충청남도 논산시 등화동 526-3,36.186048156,127.060062530,,정상가동,99.36,380,60,2022,발전사업용,2022-09-16,충청남도 논산시 지역경제과,466.59,2025-12-28
청정3호 태양광발전소,충청남도 논산시 강변로 31-108,충청남도 논산시 등화동 526-3,36.186048156,127.060062530,,정상가동,99.36,380,60,2022,발전사업용,2022-09-16,충청남도 논산시 지역경제과,464.15,2025-12-28
청정4호 태양광발전소,충청남도 논산시 강변로 31-108,충청남도 논산시 등화동 526-3,36.186048156,127.060062530,,정상가동,99.36,380,60,2022,발전사업용,2022-09-16,충청남도 논산시 지역경제과,461.72,2025-12-28
은별 태양광발전소,,충청남도 논산시 양촌면 임화리 772,36.108609447,127.232342300,,정상가동,99.96,380,60,2022,발전사업용,2022-10-04,충청남도 논산시 지역경제과,1210,2025-12-28
삼부2 태양광발전소,,충청남도 논산시 양촌면 임화리 770,36.108677850,127.232917260,,정상가동,99.96,380,60,2022,발전사업용,2022-10-04,충청남도 논산시 지역경제과,1480,2025-12-28
재훈 태양광발전소,,충청남도 논산시 양촌면 임화리 772,36.108609447,127.232342300,,정상가동,99.96,380,60,2022,발전사업용,2022-10-04,충청남도 논산시 지역경제과,1138,2025-12-28
영자 태양광발전소,,충청남도 논산시 양촌면 임화리 772,36.108609447,127.232342300,,정상가동,99.96,380,60,2022,발전사업용,2022-10-04,충청남도 논산시 지역경제과,1060,2025-12-28
든해 태양광발전소,,충청남도 논산시 양촌면 임화리 770,36.108677850,127.232917260,,정상가동,99.96,380,60,2022,발전사업용,2022-10-04,충청남도 논산시 지역경제과,1163,2025-12-28
임화2 태양광발전소,,충청남도 논산시 양촌면 임화리 773,36.108855460,127.232450800,,정상가동,99.96,380,60,2022,발전사업용,2022-10-04,충청남도 논산시 지역경제과,1021,2025-12-28
임화1 태양광발전소,,충청남도 논산시 양촌면 임화리 773,36.108855460,127.232450800,,정상가동,99.96,380,60,2022,발전사업용,2022-10-04,충청남도 논산시 지역경제과,1574,2025-12-28
용버들 태양광발전소,,충청남도 논산시 양촌면 임화리 809,36.109161600,127.232403400,,정상가동,99.96,380,60,2022,발전사업용,2022-10-04,충청남도 논산시 지역경제과,1588,2025-12-28
한별 태양광발전소,,충청남도 논산시 양촌면 임화리 815-2,36.109303388,127.232824100,,정상가동,99.96,380,60,2022,발전사업용,2022-10-04,충청남도 논산시 지역경제과,1242,2025-12-28
희수 태양광발전소,,충청남도 논산시 양촌면 임화리 815-2,36.109303388,127.232824100,,정상가동,99.96,380,60,2022,발전사업용,2022-10-04,충청남도 논산시 지역경제과,1391,2025-12-28
신양1호 태양광발전소,충청남도 논산시 연산면 신양1길 42-54,충청남도 논산시 연산면 신양리 60,36.195028238,127.229352600,,정상가동,499.8,380,60,2022,발전사업용,2022-10-18,충청남도 논산시 지역경제과,2361.8,2025-12-28
신양2호 태양광발전소,충청남도 논산시 연산면 신양1길 42-54,충청남도 논산시 연산면 신양리 60,36.195028238,127.229352600,,정상가동,99.96,380,60,2022,발전사업용,2022-10-18,충청남도 논산시 지역경제과,472.36,2025-12-28
성하1호 태양광발전소,충청남도 논산시 성동면 원봉1길 12-79,충청남도 논산시 성동면 원봉리 602-12,36.206488440,127.052050381,,정상가동,69.84,380,60,2022,발전사업용,2022-10-18,충청남도 논산시 지역경제과,333.02,2025-12-28
성하2호 태양광발전소,충청남도 논산시 성동면 원봉1길 12-79,충청남도 논산시 성동면 원봉리 602-12,36.206488440,127.052050381,,정상가동,69.84,380,60,2022,발전사업용,2022-10-18,충청남도 논산시 지역경제과,333.02,2025-12-28
일민1호 태양광발전소,충청남도 논산시 채운면 계백로 518-17,충청남도 논산시 채운면 야화리 414,36.171008475,127.053485500,,정상가동,99.96,380,60,2022,발전사업용,2022-10-18,충청남도 논산시 지역경제과,492.36,2025-12-28
일민2호 태양광발전소,충청남도 논산시 채운면 계백로 518-17,충청남도 논산시 채운면 야화리 414,36.171008475,127.053485500,,정상가동,99.96,380,60,2022,발전사업용,2022-10-18,충청남도 논산시 지역경제과,492.36,2025-12-28
일민3호 태양광발전소,충청남도 논산시 채운면 계백로 518-17,충청남도 논산시 채운면 야화리 414,36.171008475,127.053485500,,정상가동,99.96,380,60,2022,발전사업용,2022-10-18,충청남도 논산시 지역경제과,492.36,2025-12-28
일민4호 태양광발전소,충청남도 논산시 채운면 계백로 518-17,충청남도 논산시 채운면 야화리 414,36.171008475,127.053485500,,정상가동,99.96,380,60,2022,발전사업용,2022-10-18,충청남도 논산시 지역경제과,492.36,2025-12-28
연산1호 태양광발전소,,충청남도 논산시 광석면 항월리 209-2,36.240672210,127.127988300,,정상가동,99.96,380,60,2022,발전사업용,2022-10-18,충청남도 논산시 지역경제과,378.94,2025-12-28
연산2호 태양광발전소,,충청남도 논산시 광석면 항월리 209-2,36.240672210,127.127988300,,정상가동,99.96,380,60,2022,발전사업용,2022-10-18,충청남도 논산시 지역경제과,379.32,2025-12-28
항월리3호 태양광발전소,,충청남도 논산시 광석면 항월리 209-2,36.240672210,127.127988300,,정상가동,299.88,380,60,2022,발전사업용,2022-10-18,충청남도 논산시 지역경제과,1138.76,2025-12-28
장구리1호 태양광발전소,,충청남도 논산시 노성면 장구리 146-1,36.272935049,127.072724800,,정상가동,499.8,380,60,2022,발전사업용,2022-10-18,충청남도 논산시 지역경제과,1829.6,2025-12-28
백마 태양광발전소,,충청남도 논산시 연무읍 동산리 276-5,36.128388558,127.118019080,,정상가동,99.84,380,60,2022,발전사업용,2022-10-20,충청남도 논산시 지역경제과,976,2025-12-28
낭산 태양광발전소,,충청남도 논산시 연무읍 동산리 276-6,36.127996830,127.118113600,,정상가동,99.84,380,60,2022,발전사업용,2022-10-20,충청남도 논산시 지역경제과,898,2025-12-28
두진 제1 태양광발전소,충청남도 논산시 연무읍 안심로127번길 6,충청남도 논산시 연무읍 안심리 1-129,36.132190570,127.099090700,,정상가동,12.74,220,60,2022,발전사업용,2022-10-21,충청남도 논산시 지역경제과,60.6,2025-12-28
해맞이 태양광발전소,,충청남도 논산시 연산면 한전리 345-13,36.203101639,127.189221000,,정상가동,99.18,380,60,2022,발전사업용,2022-10-21,충청남도 논산시 지역경제과,901,2025-12-28
참빛 태양광발전소,,충청남도 논산시 연산면 한전리 345-12,36.203213570,127.189264200,,정상가동,99.18,380,60,2022,발전사업용,2022-10-21,충청남도 논산시 지역경제과,960,2025-12-28
한전리26호 태양광발전소,,충청남도 논산시 연산면 한전리 345-11,36.203423788,127.189440300,,정상가동,99.18,380,60,2022,발전사업용,2022-10-21,충청남도 논산시 지역경제과,1013,2025-12-28
다율 태양광발전소,,충청남도 논산시 연산면 한전리 345-9,36.203334700,127.189852400,,정상가동,99.18,380,60,2022,발전사업용,2022-10-21,충청남도 논산시 지역경제과,1049,2025-12-28
길한2호 태양광발전소,,충청남도 논산시 연산면 한전리 345-8,36.203551820,127.189972500,,정상가동,99.18,380,60,2022,발전사업용,2022-10-21,충청남도 논산시 지역경제과,1081,2025-12-28
길한1호 태양광발전소,,충청남도 논산시 연산면 한전리 345-7,36.203686770,127.189937700,,정상가동,99.18,380,60,2022,발전사업용,2022-10-21,충청남도 논산시 지역경제과,968,2025-12-28
아산에너지,충청남도 논산시 연산면 고정길 40-106,충청남도 논산시 연산면 한전리 348-1,36.2020727327,127.1884477416,,정상가동,99.18,380,60,2022,발전사업용,2022-10-21,충청남도 논산시 지역경제과,1338,2025-12-28
샤이니5호 태양광발전소,,충청남도 논산시 연산면 한전리 345-10,36.202736083,127.189735500,,정상가동,99.18,380,60,2022,발전사업용,2022-10-21,충청남도 논산시 지역경제과,1808,2025-12-28
새론논산 태양광발전소,,충청남도 논산시 광석면 신당리 363-42,36.243354344,127.071004500,,정상가동,99,380,60,2022,발전사업용,2022-10-24,충청남도 논산시 지역경제과,772,2025-12-28
하늘논산1 태양광발전소,,충청남도 논산시 광석면 신당리 363-34,36.243731770,127.070974708,,정상가동,99,380,60,2022,발전사업용,2022-10-24,충청남도 논산시 지역경제과,832,2025-12-28
하늘논산2 태양광발전소,,충청남도 논산시 광석면 신당리 363-33,36.243875700,127.070965900,,정상가동,99,380,60,2022,발전사업용,2022-10-24,충청남도 논산시 지역경제과,824,2025-12-28
신당9호 태양광발전소,,충청남도 논산시 광석면 신당리 363-30,36.244002030,127.071076036,,정상가동,99,380,60,2022,발전사업용,2022-10-24,충청남도 논산시 지역경제과,822,2025-12-28
신당8호 태양광발전소,,충청남도 논산시 광석면 신당리 363-29,36.244201150,127.071095500,,정상가동,99,380,60,2022,발전사업용,2022-10-24,충청남도 논산시 지역경제과,998,2025-12-28
썬라이즈논산 태양광발전소,,충청남도 논산시 광석면 신당리 363,36.243667431,127.071256300,,정상가동,99,380,60,2022,발전사업용,2022-10-24,충청남도 논산시 지역경제과,1062,2025-12-28
썬라이즈신당 태양광발전소,,충청남도 논산시 광석면 신당리 363-31,36.244086330,127.071397300,,정상가동,99,380,60,2022,발전사업용,2022-10-24,충청남도 논산시 지역경제과,841,2025-12-28
논산행복 태양광발전소,,충청남도 논산시 광석면 신당리 363-32,36.243915110,127.071399300,,정상가동,99,380,60,2022,발전사업용,2022-10-24,충청남도 논산시 지역경제과,843,2025-12-28
신당10호 태양광발전소,,충청남도 논산시 광석면 신당리 363-35,36.243780530,127.071478800,,정상가동,99,380,60,2022,발전사업용,2022-10-24,충청남도 논산시 지역경제과,797,2025-12-28
신당1호 태양광발전소,,충청남도 논산시 광석면 신당리 355-1,36.243414760,127.071961500,,정상가동,99,380,60,2022,발전사업용,2022-10-24,충청남도 논산시 지역경제과,1209,2025-12-28
신당2호 태양광발전소,,충청남도 논산시 광석면 신당리 352-1,36.242967020,127.072295993,,정상가동,99,380,60,2022,발전사업용,2022-10-24,충청남도 논산시 지역경제과,986,2025-12-28
신당3호 태양광발전소,,충청남도 논산시 광석면 신당리 352-2,36.242908194,127.072223700,,정상가동,99,380,60,2022,발전사업용,2022-10-24,충청남도 논산시 지역경제과,763,2025-12-28
신당4호 태양광발전소,,충청남도 논산시 광석면 신당리 352-3,36.242787650,127.072365704,,정상가동,99,380,60,2022,발전사업용,2022-10-24,충청남도 논산시 지역경제과,878,2025-12-28
신당14호 태양광발전소,,충청남도 논산시 광석면 신당리 352-4,36.242688010,127.072381700,,정상가동,99,380,60,2022,발전사업용,2022-10-24,충청남도 논산시 지역경제과,784,2025-12-28
신당5호 태양광발전소,,충청남도 논산시 광석면 신당리 351-5,36.242577800,127.072116000,,정상가동,99,380,60,2022,발전사업용,2022-10-24,충청남도 논산시 지역경제과,786,2025-12-28
덕은3호 태양광발전소,,충청남도 논산시 광석면 신당리 351-4,36.242453450,127.072351100,,정상가동,99,380,60,2022,발전사업용,2022-10-24,충청남도 논산시 지역경제과,824,2025-12-28
신당7호 태양광발전소,,충청남도 논산시 광석면 신당리 351-7,36.242381769,127.072340400,,정상가동,99,380,60,2022,발전사업용,2022-10-24,충청남도 논산시 지역경제과,1047,2025-12-28
선영1호 태양광발전소,,충청남도 논산시 광석면 신당리 363-39,36.243168520,127.071679193,,정상가동,99,380,60,2022,발전사업용,2022-10-24,충청남도 논산시 지역경제과,1045,2025-12-28
신당19호 태양광발전소,,충청남도 논산시 광석면 신당리 363-38,36.243374920,127.071472400,,정상가동,99,380,60,2022,발전사업용,2022-10-24,충청남도 논산시 지역경제과,780,2025-12-28
이와이 태양광발전소,,충청남도 논산시 광석면 신당리 363-37,36.243500740,127.071426500,,정상가동,99,380,60,2022,발전사업용,2022-10-24,충청남도 논산시 지역경제과,690,2025-12-28
금호 태양광발전소,,충청남도 논산시 광석면 신당리 363-36,36.243654630,127.071513600,,정상가동,89.1,380,60,2022,발전사업용,2022-10-24,충청남도 논산시 지역경제과,642,2025-12-28
논산겨운 태양광발전소,,충청남도 논산시 광석면 신당리 351-8,36.242368290,127.071829200,,정상가동,53.955,380,60,2022,발전사업용,2022-10-24,충청남도 논산시 지역경제과,549,2025-12-28
다솜1호 태양광발전소,충청남도 논산시 성동면 금백로 313-26,충청남도 논산시 성동면 개척리 383-10,36.179507050,127.016901253,,정상가동,450,380,60,2022,발전사업용,2022-10-27,충청남도 논산시 지역경제과,1850.17,2025-12-28
다솜2호 태양광발전소,충청남도 논산시 성동면 금백로 313-26,충청남도 논산시 성동면 개척리 383-10,36.179507050,127.016901253,,정상가동,99.5,380,60,2022,발전사업용,2022-10-27,충청남도 논산시 지역경제과,382.11,2025-12-28
다솜3호 태양광발전소,충청남도 논산시 성동면 금백로 313-26,충청남도 논산시 성동면 개척리 383-10,36.179507050,127.016901253,,정상가동,99.5,380,60,2022,발전사업용,2022-10-27,충청남도 논산시 지역경제과,382.11,2025-12-28
로지파워논산1호 태양광발전소,,충청남도 논산시 연무읍 안심리 165-5,36.123668890,127.084179800,,정상가동,99,380,60,2022,발전사업용,2022-10-27,충청남도 논산시 지역경제과,947,2025-12-28
로지파워논산2호 태양광발전소,,충청남도 논산시 연무읍 안심리 165-1,36.123779740,127.084671794,,정상가동,99,380,60,2022,발전사업용,2022-10-27,충청남도 논산시 지역경제과,1265,2025-12-28
로지파워논산3호 태양광발전소,,충청남도 논산시 연무읍 안심리 165,36.123801777,127.084539362,,정상가동,99,380,60,2022,발전사업용,2022-10-27,충청남도 논산시 지역경제과,975,2025-12-28
로지파워논산4호 태양광발전소,,충청남도 논산시 연무읍 안심리 169-3,36.124202211,127.084380607,,정상가동,99,380,60,2022,발전사업용,2022-10-27,충청남도 논산시 지역경제과,967,2025-12-28
로지파워논산5호 태양광발전소,,충청남도 논산시 연무읍 안심리 169-1,36.124159090,127.084392346,,정상가동,99,380,60,2022,발전사업용,2022-10-27,충청남도 논산시 지역경제과,1063,2025-12-28
로지파워논산6호 태양광발전소,,충청남도 논산시 연무읍 안심리 171,36.124599230,127.084446700,,정상가동,99,380,60,2022,발전사업용,2022-10-27,충청남도 논산시 지역경제과,1169,2025-12-28
썬연무 태양광발전소,충청남도 논산시 연무읍 동안로 1152,충청남도 논산시 연무읍 동산리 25-4,36.124993540,127.128934100,,정상가동,61.44,380,60,2022,발전사업용,2022-11-01,충청남도 논산시 지역경제과,395,2025-12-28
해나9호 태양광발전소,,충청남도 논산시 채운면 화산리 449-6,36.178202421,127.055010300,,정상가동,99,380,60,2022,발전사업용,2022-11-14,충청남도 논산시 지역경제과,911,2025-12-28
연준성 태양광발전소,,충청남도 논산시 채운면 화산리 449-7,36.178278160,127.055543611,,정상가동,99,380,60,2022,발전사업용,2022-11-14,충청남도 논산시 지역경제과,924,2025-12-28
단우 태양광발전소,,충청남도 논산시 채운면 화산리 449-3,36.178177290,127.056225112,,정상가동,99,380,60,2022,발전사업용,2022-11-14,충청남도 논산시 지역경제과,1182,2025-12-28
해나10호 태양광발전소,,충청남도 논산시 채운면 화산리 449-8,36.178211410,127.056066200,,정상가동,70.4,380,60,2022,발전사업용,2022-11-14,충청남도 논산시 지역경제과,884,2025-12-28
정지리1호 태양광발전소,충청남도 논산시 성동면 논산평야로 258-2,충청남도 논산시 성동면 정지리 234,36.222109502,127.054378200,,정상가동,41.4,380,60,2022,발전사업용,2022-11-25,충청남도 논산시 지역경제과,147.17,2025-12-28
정지리4호 태양광발전소,충청남도 논산시 성동면 논산평야로 258-4,충청남도 논산시 성동면 정지리 234-4,36.222332000,127.054335900,,정상가동,41.4,380,60,2022,발전사업용,2022-11-25,충청남도 논산시 지역경제과,147.17,2025-12-28
송정1호 태양광발전소,충청남도 논산시 연산면 계백송정3길 3,충청남도 논산시 연산면 송정리 180,36.222888921,127.226923000,,정상가동,92.31,380,60,2022,발전사업용,2022-11-25,충청남도 논산시 지역경제과,447,2025-12-28
송정2호 태양광발전소,충청남도 논산시 연산면 계백송정3길 3,충청남도 논산시 연산면 송정리 180,36.222888921,127.226923000,,정상가동,29.58,380,60,2022,발전사업용,2022-11-25,충청남도 논산시 지역경제과,143,2025-12-28
비채1호 태양광발전소,,충청남도 논산시 연산면 사포리 196-29,36.248421890,127.167112500,,정상가동,456.3,380,60,2022,발전사업용,2022-11-29,충청남도 논산시 지역경제과,2181,2025-12-28
비채2호 태양광발전소,,충청남도 논산시 연산면 사포리 196-28,36.248210520,127.166452446,,정상가동,78.975,380,60,2022,발전사업용,2022-11-29,충청남도 논산시 지역경제과,379,2025-12-28
원당가곡 태양광발전소,,충청남도 논산시 노성면 가곡리 482,36.306513930,127.105617158,,정상가동,161.04,380,60,2022,발전사업용,2022-11-29,충청남도 논산시 지역경제과,1841,2025-12-28
삽다리 태양광발전소,충청남도 논산시 노성면 장마루로 724,충청남도 논산시 노성면 장구리 435,36.278651250,127.075185000,,정상가동,74.12,380,60,2022,발전사업용,2022-11-29,충청남도 논산시 지역경제과,358.3,2025-12-28
장구리2호 태양광발전소,,충청남도 논산시 노성면 장구리 146-1,36.272935049,127.072724800,,정상가동,299.8,380,60,2022,발전사업용,2022-12-14,충청남도 논산시 지역경제과,1110.17,2025-12-28
무니 태양광발전소,,충청남도 논산시 성동면 정지리 480-14,36.207514150,127.049562629,,정상가동,99.76,380,60,2022,발전사업용,2022-12-14,충청남도 논산시 지역경제과,375.3,2025-12-28
찬일 태양광발전소,,충청남도 논산시 성동면 정지리 480-14,36.207514150,127.049562629,,정상가동,99.76,380,60,2022,발전사업용,2022-12-14,충청남도 논산시 지역경제과,375.3,2025-12-28
정지리1 태양광발전소,,충청남도 논산시 성동면 정지리 480-14,36.207514150,127.049562629,,정상가동,99.76,380,60,2022,발전사업용,2022-12-14,충청남도 논산시 지역경제과,375.3,2025-12-28
아리아 태양광발전소,충청남도 논산시 벌곡면 수락계곡2길 77-6,충청남도 논산시 벌곡면 수락리 290,36.156215340,127.299905900,,정상가동,26.1,380,60,2022,발전사업용,2022-12-14,충청남도 논산시 지역경제과,125.8,2025-12-28
피카츄 태양광발전소,,충청남도 논산시 부적면 신교리 153-1,36.191697240,127.150467700,,정상가동,99,380,60,2022,발전사업용,2022-12-14,충청남도 논산시 지역경제과,449.27,2025-12-28
정봉1호 태양광발전소,,충청남도 논산시 부적면 신교리 153-18,36.191732830,127.150512200,,정상가동,99,380,60,2022,발전사업용,2022-12-14,충청남도 논산시 지역경제과,449.27,2025-12-28
해나11호 태양광발전소,,충청남도 논산시 부적면 신교리 153-20,36.191498590,127.150414200,,정상가동,42.9,380,60,2022,발전사업용,2022-12-14,충청남도 논산시 지역경제과,194.68,2025-12-28
서아2호 태양광발전소,,충청남도 논산시 노성면 송당리 380-2,36.263236750,127.113984985,,정상가동,149.64,380,60,2022,발전사업용,2022-12-20,충청남도 논산시 지역경제과,525.92,2025-12-28
양촌 태양광발전소,,충청남도 논산시 양촌면 임화리 225,36.124377930,127.223035000,,정상가동,99.84,380,60,2022,발전사업용,2022-12-20,충청남도 논산시 지역경제과,441.66,2025-12-28
신당 태양광발전소,,충청남도 논산시 광석면 신당리 216-1,36.251109140,127.068187700,,정상가동,499.8,380,60,2022,발전사업용,2022-12-20,충청남도 논산시 지역경제과,2361.8,2025-12-28
원남리1 태양광발전소,,충청남도 논산시 성동면 원남리 303-54,36.208614565,127.039667434,,정상가동,96.39,380,60,2022,발전사업용,2022-12-23,충청남도 논산시 지역경제과,458.46,2025-12-28
원남리2 태양광발전소,,충청남도 논산시 성동면 원남리 303-54,36.208614565,127.039667434,,정상가동,96.39,380,60,2022,발전사업용,2022-12-23,충청남도 논산시 지역경제과,458.46,2025-12-28
원남리3 태양광발전소,,충청남도 논산시 성동면 원남리 303-54,36.208614565,127.039667434,,정상가동,96.39,380,60,2022,발전사업용,2022-12-23,충청남도 논산시 지역경제과,458.46,2025-12-28
원남리4 태양광발전소,,충청남도 논산시 성동면 원남리 303-54,36.208614565,127.039667434,,정상가동,96.39,380,60,2022,발전사업용,2022-12-23,충청남도 논산시 지역경제과,458.46,2025-12-28
원남리5 태양광발전소,,충청남도 논산시 성동면 원남리 303-54,36.208614565,127.039667434,,정상가동,96.39,380,60,2022,발전사업용,2022-12-23,충청남도 논산시 지역경제과,458.46,2025-12-28
원남리6 태양광발전소,,충청남도 논산시 성동면 원남리 303-54,36.208614565,127.039667434,,정상가동,96.39,380,60,2022,발전사업용,2022-12-23,충청남도 논산시 지역경제과,458.46,2025-12-28
원남리7 태양광발전소,,충청남도 논산시 성동면 원남리 303-54,36.208614565,127.039667434,,정상가동,96.39,380,60,2022,발전사업용,2022-12-23,충청남도 논산시 지역경제과,458.46,2025-12-28
원남리8 태양광발전소,,충청남도 논산시 성동면 원남리 303-54,36.208614565,127.039667434,,정상가동,96.39,380,60,2022,발전사업용,2022-12-23,충청남도 논산시 지역경제과,458.46,2025-12-28
원남리9 태양광발전소,,충청남도 논산시 성동면 원남리 303-54,36.208614565,127.039667434,,정상가동,96.39,380,60,2022,발전사업용,2022-12-23,충청남도 논산시 지역경제과,458.46,2025-12-28
원남리10 태양광발전소,,충청남도 논산시 성동면 원남리 303-54,36.208614565,127.039667434,,정상가동,96.39,380,60,2022,발전사업용,2022-12-23,충청남도 논산시 지역경제과,458.46,2025-12-28
원남리11 태양광발전소,,충청남도 논산시 성동면 원남리 303-54,36.208614565,127.039667434,,정상가동,96.39,380,60,2022,발전사업용,2022-12-23,충청남도 논산시 지역경제과,458.46,2025-12-28
수현발전소,충청남도 논산시 광석면 명재로200번길 97-38,충청남도 논산시 광석면 율리 37-2,36.264719870,127.094557700,,정상가동,99.18,380,60,2022,발전사업용,2022-12-23,충청남도 논산시 지역경제과,468.5,2025-12-28
유경발전소,충청남도 논산시 광석면 명재로200번길 97-38,충청남도 논산시 광석면 율리 37-2,36.264719870,127.094557700,,정상가동,99.18,380,60,2022,발전사업용,2022-12-23,충청남도 논산시 지역경제과,468.5,2025-12-28
올리브썬발전소,충청남도 논산시 광석면 명재로200번길 97-34,충청남도 논산시 광석면 율리 37-5,36.264790880,127.093963466,,정상가동,99.18,380,60,2022,발전사업용,2022-12-23,충청남도 논산시 지역경제과,468.5,2025-12-28
현진발전소,충청남도 논산시 광석면 명재로200번길 97-38,충청남도 논산시 광석면 율리 37-2,36.264719870,127.094557700,,정상가동,99.18,380,60,2022,발전사업용,2022-12-23,충청남도 논산시 지역경제과,468.5,2025-12-28
호박씨발전소,충청남도 논산시 광석면 명재로200번길 97-38,충청남도 논산시 광석면 율리 37-2,36.264719870,127.094557700,,정상가동,99.18,380,60,2022,발전사업용,2022-12-23,충청남도 논산시 지역경제과,468.5,2025-12-28
한림발전소,충청남도 논산시 광석면 명재로200번길 97-38,충청남도 논산시 광석면 율리 37-2,36.264719870,127.094557700,,정상가동,99.18,380,60,2022,발전사업용,2022-12-23,충청남도 논산시 지역경제과,468.5,2025-12-28
광포 태양광,충청남도 논산시 광석면 명재로200번길 97-38,충청남도 논산시 광석면 율리 37-2,36.264719870,127.094557700,,정상가동,99.18,380,60,2022,발전사업용,2022-12-23,충청남도 논산시 지역경제과,468.5,2025-12-28
풍선논산 태양광발전소,충청남도 논산시 광석면 명재로200번길 97-38,충청남도 논산시 광석면 율리 37-2,36.264719870,127.094557700,,정상가동,99.18,380,60,2022,발전사업용,2022-12-23,충청남도 논산시 지역경제과,468.5,2025-12-28
국제3 태양광발전소,충청남도 논산시 광석면 명재로200번길 97-18,충청남도 논산시 광석면 율리 59-17,36.264933193,127.095050724,,정상가동,99.18,380,60,2022,발전사업용,2022-12-23,충청남도 논산시 지역경제과,468.5,2025-12-28
최선3 태양광발전소,충청남도 논산시 광석면 명재로200번길 97-16,충청남도 논산시 광석면 율리 59-20,36.264861088,127.095098015,,정상가동,99.18,380,60,2022,발전사업용,2022-12-23,충청남도 논산시 지역경제과,468.5,2025-12-28
진환발전소,충청남도 논산시 광석면 명재로200번길 97-14,충청남도 논산시 광석면 율리 59-21,36.264768133,127.0949142452,,정상가동,99.18,380,60,2022,발전사업용,2022-12-23,충청남도 논산시 지역경제과,468.5,2025-12-28
에이치제이 태양광,충청남도 논산시 광석면 명재로200번길 97-38,충청남도 논산시 광석면 율리 37-2,36.264719870,127.094557700,,정상가동,99.18,380,60,2022,발전사업용,2022-12-23,충청남도 논산시 지역경제과,468.5,2025-12-28
청연 태양광발전소,충청남도 논산시 광석면 명재로200번길 97-10,충청남도 논산시 광석면 율리 37-18,36.264550872,127.094866087,,정상가동,99.18,380,60,2022,발전사업용,2022-12-23,충청남도 논산시 지역경제과,468.5,2025-12-28
성운 태양광발전소,충청남도 논산시 광석면 명재로200번길 82-19,충청남도 논산시 광석면 율리 61,36.265302220,127.093838500,,정상가동,99.18,380,60,2022,발전사업용,2022-12-23,충청남도 논산시 지역경제과,468.5,2025-12-28
SM1호 발전소,충청남도 논산시 광석면 명재로200번길 82-17,충청남도 논산시 광석면 율리 61-8,36.265290393,127.094204593,,정상가동,92.8,380,60,2022,발전사업용,2022-12-23,충청남도 논산시 지역경제과,438.4,2025-12-28
죽본리1호 태양광발전소,,충청남도 논산시 연무읍 죽본리 106-3,36.140121530,127.124633800,,정상가동,99.96,380,60,2022,발전사업용,2022-12-29,충청남도 논산시 지역경제과,325.75,2025-12-28
죽본리2호 태양광발전소,,충청남도 논산시 연무읍 죽본리 106-3,36.140121530,127.124633800,,정상가동,99.96,380,60,2022,발전사업용,2022-12-29,충청남도 논산시 지역경제과,325.75,2025-12-28
죽본리3호 태양광발전소,,충청남도 논산시 연무읍 죽본리 105-1,36.139856700,127.124159000,,정상가동,99.96,380,60,2022,발전사업용,2022-12-29,충청남도 논산시 지역경제과,325.75,2025-12-28
죽본리4호 태양광발전소,,충청남도 논산시 연무읍 죽본리 105-1,36.139856700,127.124159000,,정상가동,99.96,380,60,2022,발전사업용,2022-12-29,충청남도 논산시 지역경제과,325.75,2025-12-28
남서1 태양광발전소,,충청남도 논산시 성동면 원봉리 625,36.205266410,127.053695780,,정상가동,196.35,380,60,2022,발전사업용,2022-12-29,충청남도 논산시 지역경제과,910.8,2025-12-28
남서2 태양광발전소,,충청남도 논산시 성동면 원봉리 628-2,36.205705984,127.053379300,,정상가동,199.92,380,60,2022,발전사업용,2022-12-29,충청남도 논산시 지역경제과,927.36,2025-12-28
남서3 태양광발전소,,충청남도 논산시 성동면 원봉리 628-3,36.205263330,127.053317700,,정상가동,99.96,380,60,2022,발전사업용,2022-12-29,충청남도 논산시 지역경제과,463.68,2025-12-28
반디1 태양광발전소,,충청남도 논산시 성동면 원봉리 628-1,36.205824510,127.053622300,,정상가동,99.96,380,60,2022,발전사업용,2022-12-29,충청남도 논산시 지역경제과,463.68,2025-12-28
4h 태양광발전소,,충청남도 논산시 성동면 원봉리 628-11,36.205793627,127.053761549,,정상가동,99.96,380,60,2022,발전사업용,2022-12-29,충청남도 논산시 지역경제과,463.68,2025-12-28
반디2 태양광발전소,충청남도 논산시 은진면 매죽헌로 263-42,충청남도 논산시 은진면 시묘리 602-16,36.154061015,127.121647370,,정상가동,224.91,380,60,2022,발전사업용,2022-12-30,충청남도 논산시 지역경제과,824.18,2025-12-28
문경3호 태양광발전소,충청남도 논산시 은진면 안심로277번길 69-41,충청남도 논산시 은진면 토양리 412,36.145410917,127.093028500,,정상가동,91.8,380,60,2023,발전사업용,2023-01-03,충청남도 논산시 지역경제과,426.75,2025-12-28
문경4호 태양광발전소,충청남도 논산시 은진면 연은로 192-65,충청남도 논산시 은진면 토양리 400,36.144688220,127.093186712,,정상가동,49.68,380,60,2023,발전사업용,2023-01-03,충청남도 논산시 지역경제과,238.42,2025-12-28
향림3호 태양광발전소,충청남도 논산시 은진면 연은로 192-99,충청남도 논산시 은진면 토양리 400-1,36.144879445,127.093351957,,정상가동,99.36,380,60,2023,발전사업용,2023-01-03,충청남도 논산시 지역경제과,476.85,2025-12-28
향림4호 태양광발전소,충청남도 논산시 은진면 연은로 192-99,충청남도 논산시 은진면 토양리 400-1,36.144879445,127.093351957,,정상가동,99.36,380,60,2023,발전사업용,2023-01-03,충청남도 논산시 지역경제과,476.85,2025-12-28
기흥 태양광발전소,충청남도 논산시 은진면 연은로 192-71,충청남도 논산시 은진면 토양리 400-6,36.144812550,127.093814195,,정상가동,98.1,380,60,2023,발전사업용,2023-01-03,충청남도 논산시 지역경제과,466.01,2025-12-28
지구1호 태양광발전소,충청남도 논산시 은진면 연은로 192-91,충청남도 논산시 은진면 토양리 400-2,36.144590029,127.093282896,,정상가동,98.1,380,60,2023,발전사업용,2023-01-03,충청남도 논산시 지역경제과,466.01,2025-12-28
두진 제2 태양광발전소,충청남도 논산시 연무읍 안심로203번길 14-4,충청남도 논산시 연무읍 안심리 1111-1,36.139220580,127.099110400,,정상가동,12.74,220,60,2022,발전사업용,2022-10-21,충청남도 논산시 지역경제과,62.18,2025-12-28
광석제일4호 태양광발전소,충청남도 논산시 광석면 장마루로 517,충청남도 논산시 광석면 오강리 144-1,36.260623740,127.078346200,,정상가동,99.735,380,60,2022,발전사업용,2022-10-21,충청남도 논산시 지역경제과,475.1,2025-12-28
광석제일5호 태양광발전소,충청남도 논산시 광석면 장마루로 517,충청남도 논산시 광석면 오강리 144-1,36.260623740,127.078346200,,정상가동,82.295,380,60,2022,발전사업용,2022-10-21,충청남도 논산시 지역경제과,387.1,2025-12-28
거성 태양광발전소,충청남도 논산시 연산면 계백로 2438,충청남도 논산시 연산면 송정리 193-5,36.224880710,127.227616700,,정상가동,99.45,380,60,2022,발전사업용,2022-10-21,충청남도 논산시 지역경제과,460.2,2025-12-28
한전리1호 태양광발전소,,충청남도 논산시 연산면 한전리 345-42,36.201790080,127.186752216,,정상가동,99.18,380,60,2022,발전사업용,2022-10-21,충청남도 논산시 지역경제과,2818,2025-12-28
비욘드랩 태양광발전소,,충청남도 논산시 연산면 한전리 345-41,36.201853701,127.187276583,,정상가동,99.18,380,60,2022,발전사업용,2022-10-21,충청남도 논산시 지역경제과,1231,2025-12-28
한전리3호 태양광발전소,,충청남도 논산시 연산면 한전리 345-34,36.202023670,127.187956284,,정상가동,99.18,380,60,2022,발전사업용,2022-10-21,충청남도 논산시 지역경제과,1623,2025-12-28
한전리4호 태양광발전소,,충청남도 논산시 연산면 한전리 345-33,36.202076364,127.188260690,,정상가동,99.18,380,60,2022,발전사업용,2022-10-21,충청남도 논산시 지역경제과,932,2025-12-28
한전리5호 태양광발전소,,충청남도 논산시 연산면 한전리 345-32,36.202177920,127.187987753,,정상가동,99.18,380,60,2022,발전사업용,2022-10-21,충청남도 논산시 지역경제과,939,2025-12-28
신광 태양광발전소,,충청남도 논산시 연산면 한전리 345-30,36.202242210,127.188228900,,정상가동,99.18,380,60,2022,발전사업용,2022-10-21,충청남도 논산시 지역경제과,889,2025-12-28
지노에너지논산 태양광발전소,,충청남도 논산시 연산면 한전리 345-31,36.202076186,127.188597400,,정상가동,99.18,380,60,2022,발전사업용,2022-10-21,충청남도 논산시 지역경제과,1084,2025-12-28
행복1호,,충청남도 논산시 연산면 한전리 345-29,36.202305450,127.188250500,,정상가동,99.18,380,60,2022,발전사업용,2022-10-21,충청남도 논산시 지역경제과,950,2025-12-28
금강 태양광발전소,,충청남도 논산시 연산면 한전리 345-28,36.202368460,127.188043990,,정상가동,99.18,380,60,2022,발전사업용,2022-10-21,충청남도 논산시 지역경제과,911,2025-12-28
파빈에너지,,충청남도 논산시 연산면 한전리 345-27,36.202439800,127.188029620,,정상가동,99.18,380,60,2022,발전사업용,2022-10-21,충청남도 논산시 지역경제과,904,2025-12-28
JNP에너지 태양광발전소,,충청남도 논산시 연산면 한전리 345-26,36.202474011,127.188497448,,정상가동,99.18,380,60,2022,발전사업용,2022-10-21,충청남도 논산시 지역경제과,889,2025-12-28
화평 태양광발전소,,충청남도 논산시 연산면 한전리 345-25,36.202584290,127.188169800,,정상가동,99.18,380,60,2022,발전사업용,2022-10-21,충청남도 논산시 지역경제과,936,2025-12-28
평안 태양광발전소,,충청남도 논산시 연산면 한전리 345-24,36.202666230,127.188361862,,정상가동,99.18,380,60,2022,발전사업용,2022-10-21,충청남도 논산시 지역경제과,900,2025-12-28
인규 태양광발전소,,충청남도 논산시 연산면 한전리 345-23,36.202765740,127.188345900,,정상가동,99.18,380,60,2022,발전사업용,2022-10-21,충청남도 논산시 지역경제과,941,2025-12-28
연산15호 태양광발전소,,충청남도 논산시 연산면 한전리 345-22,36.202883640,127.188455900,,정상가동,99.18,380,60,2022,발전사업용,2022-10-21,충청남도 논산시 지역경제과,969,2025-12-28
태산그린 태양광발전소,,충청남도 논산시 연산면 한전리 345-21,36.203046460,127.188543100,,정상가동,99.18,380,60,2022,발전사업용,2022-10-21,충청남도 논산시 지역경제과,1076,2025-12-28
갑 태양광발전소,,충청남도 논산시 연산면 한전리 345-20,36.202103713,127.188962846,,정상가동,99.18,380,60,2022,발전사업용,2022-10-21,충청남도 논산시 지역경제과,1550,2025-12-28
그린 태양광발전소,,충청남도 논산시 연산면 한전리 345-19,36.202411120,127.189216900,,정상가동,99.18,380,60,2022,발전사업용,2022-10-21,충청남도 논산시 지역경제과,984,2025-12-28
한전리19호 태양광발전소,,충청남도 논산시 연산면 한전리 345-18,36.202537370,127.189226700,,정상가동,99.18,380,60,2022,발전사업용,2022-10-21,충청남도 논산시 지역경제과,940,2025-12-28
한전리20호 태양광발전소,,충청남도 논산시 연산면 한전리 345-17,36.202654520,127.189225500,,정상가동,99.18,380,60,2022,발전사업용,2022-10-21,충청남도 논산시 지역경제과,902,2025-12-28
한전리21호 태양광발전소,,충청남도 논산시 연산면 한전리 345-16,36.202762670,127.189224400,,정상가동,99.18,380,60,2022,발전사업용,2022-10-21,충청남도 논산시 지역경제과,865,2025-12-28
한전리22호 태양광발전소,,충청남도 논산시 연산면 한전리 345-15,36.202870810,127.189223300,,정상가동,99.18,380,60,2022,발전사업용,2022-10-21,충청남도 논산시 지역경제과,901,2025-12-28
후솔 태양광발전소,,충청남도 논산시 연산면 한전리 345-14,36.202987970,127.189222100,,정상가동,99.18,380,60,2022,발전사업용,2022-10-21,충청남도 논산시 지역경제과,901,2025-12-28
지구2호 태양광발전소,충청남도 논산시 은진면 연은로 192-91,충청남도 논산시 은진면 토양리 400-2,36.144590029,127.093282896,,정상가동,98.1,380,60,2023,발전사업용,2023-01-03,충청남도 논산시 지역경제과,466.01,2025-12-28
상조4호 태양광발전소,충청남도 논산시 은진면 연은로 192-75,충청남도 논산시 은진면 토양리 400-7,36.144433640,127.093803741,,정상가동,98.1,380,60,2023,발전사업용,2023-01-03,충청남도 논산시 지역경제과,466.01,2025-12-28
해두리 태양광발전소,충청남도 논산시 은진면 연은로 192-87,충청남도 논산시 은진면 토양리 400-3,36.144320290,127.092940700,,정상가동,98.1,380,60,2023,발전사업용,2023-01-03,충청남도 논산시 지역경제과,466.01,2025-12-28
정규3호 태양광발전소,충청남도 논산시 은진면 연은로 192-81,충청남도 논산시 은진면 토양리 399-2,36.144160850,127.092865054,,정상가동,98.1,380,60,2023,발전사업용,2023-01-03,충청남도 논산시 지역경제과,466.01,2025-12-28
현진 태양광발전소,충청남도 논산시 은진면 연은로 192-85,충청남도 논산시 은진면 토양리 399-1,36.144223590,127.092907674,,정상가동,98.1,380,60,2023,발전사업용,2023-01-03,충청남도 논산시 지역경제과,466.01,2025-12-28
우리1호 태양광발전소,충청남도 논산시 광석면 사계로 410,충청남도 논산시 광석면 이사리 193,36.241247390,127.076059000,,정상가동,48.14,380,60,2023,발전사업용,2023-01-06,충청남도 논산시 지역경제과,225.3,2025-12-28
승온 태양광발전소,충청남도 논산시 강변로 183-24,충청남도 논산시 부창동 425-2,36.197439690,127.070491000,,정상가동,459,380,60,2023,발전사업용,2023-01-11,충청남도 논산시 지역경제과,2167.8,2025-12-28
재영발전소,,충청남도 논산시 노성면 구암리 266,36.311545400,127.108315200,,정상가동,99.96,380,60,2023,발전사업용,2023-01-11,충청남도 논산시 지역경제과,870,2025-12-28
구암리1호발전소,,충청남도 논산시 노성면 구암리 266,36.311545400,127.108315200,,정상가동,99.96,380,60,2023,발전사업용,2023-01-11,충청남도 논산시 지역경제과,812,2025-12-28
진영3호발전소,,충청남도 논산시 노성면 구암리 266,36.311545400,127.108315200,,정상가동,99.96,380,60,2023,발전사업용,2023-01-11,충청남도 논산시 지역경제과,963,2025-12-28
구암리2호발전소,,충청남도 논산시 노성면 구암리 266,36.311545400,127.108315200,,정상가동,99.96,380,60,2023,발전사업용,2023-01-11,충청남도 논산시 지역경제과,1044,2025-12-28
논산계룡농협 태양광발전소,충청남도 논산시 연산면 청동로 34,충청남도 논산시 연산면 청동리 467,36.208586590,127.197527400,,정상가동,654.24,22900,60,2023,발전사업용,2023-01-12,충청남도 논산시 지역경제과,3030,2025-12-28
로이 태양광1발전소,충청남도 논산시 연무읍 마봉로 69-1,충청남도 논산시 연무읍 마전리 804-19,36.090216290,127.085677800,,정상가동,931.48,22900,60,2023,발전사업용,2023-01-12,충청남도 논산시 지역경제과,4400,2025-12-28
우리1 태양광발전소,,충청남도 논산시 가야곡면 양촌리 139-2,36.123064910,127.196146238,,정상가동,29.75,380,60,2023,발전사업용,2023-01-16,충청남도 논산시 지역경제과,428,2025-12-28
정현2호 태양광발전소,,충청남도 논산시 가야곡면 양촌리 139,36.123205642,127.195974000,,정상가동,99.96,380,60,2023,발전사업용,2023-01-16,충청남도 논산시 지역경제과,1056,2025-12-28
우리 태양광발전소,,충청남도 논산시 가야곡면 양촌리 140-3,36.123401248,127.195361100,,정상가동,49.5,380,60,2023,발전사업용,2023-01-16,충청남도 논산시 지역경제과,415,2025-12-28
썬 태양광발전소,,충청남도 논산시 가야곡면 양촌리 140-6,36.123267500,127.195406672,,정상가동,99.96,380,60,2023,발전사업용,2023-01-16,충청남도 논산시 지역경제과,882,2025-12-28
이석1호 태양광발전소,충청남도 논산시 성동면 수탕원로383번길 19,충청남도 논산시 성동면 원북리 693-1,36.227673080,127.032469500,,정상가동,99.71,380,60,2023,발전사업용,2023-01-25,충청남도 논산시 지역경제과,466.44,2025-12-28
이석2호 태양광발전소,충청남도 논산시 성동면 수탕원로383번길 19,충청남도 논산시 성동면 원북리 693-1,36.227673080,127.032469500,,정상가동,99.71,380,60,2023,발전사업용,2023-01-25,충청남도 논산시 지역경제과,466.44,2025-12-28
이석3호 태양광발전소,충청남도 논산시 성동면 수탕원로383번길 19,충청남도 논산시 성동면 원북리 693-1,36.227673080,127.032469500,,정상가동,99.71,380,60,2023,발전사업용,2023-01-25,충청남도 논산시 지역경제과,466.44,2025-12-28
민진 태양광발전소,충청남도 논산시 연산면 선비로1001번길 28-16,충청남도 논산시 연산면 어은리 443,36.271137010,127.171288463,,정상가동,99.18,380,60,2023,발전사업용,2023-02-03,충청남도 논산시 지역경제과,468.5,2025-12-28
어은2호,충청남도 논산시 연산면 선비로1001번길 28-22,충청남도 논산시 연산면 어은리 443-4,36.271321502,127.170878894,,정상가동,99.18,380,60,2023,발전사업용,2023-02-03,충청남도 논산시 지역경제과,468.5,2025-12-28
어은3호,충청남도 논산시 연산면 선비로1001번길 28-20,충청남도 논산시 연산면 어은리 443-5,36.271148800,127.170769815,,정상가동,99.18,380,60,2023,발전사업용,2023-02-03,충청남도 논산시 지역경제과,468.5,2025-12-28
지아2호 태양광발전소,충청남도 논산시 연산면 선비로1001번길 28-18,충청남도 논산시 연산면 어은리 443-6,36.271070012,127.170686924,,정상가동,99.18,380,60,2023,발전사업용,2023-02-03,충청남도 논산시 지역경제과,468.5,2025-12-28
어은5호,충청남도 논산시 연산면 선비로1001번길 28-14,충청남도 논산시 연산면 어은리 443-11,36.270912262,127.171031345,,정상가동,99.18,380,60,2023,발전사업용,2023-02-03,충청남도 논산시 지역경제과,468.5,2025-12-28
루시파워투 태양광발전소,충청남도 논산시 연산면 선비로1001번길 28-12,충청남도 논산시 연산면 어은리 443-10,36.271123819,127.171285653,,정상가동,99.18,380,60,2023,발전사업용,2023-02-03,충청남도 논산시 지역경제과,468.5,2025-12-28
선미 태양광,충청남도 논산시 연산면 선비로1001번길 28-10,충청남도 논산시 연산면 어은리 443-9,36.271321981,127.171466962,,정상가동,99.18,380,60,2023,발전사업용,2023-02-03,충청남도 논산시 지역경제과,468.5,2025-12-28
써니싸이드4,충청남도 논산시 연산면 선비로1001번길 28-8,충청남도 논산시 연산면 어은리 443-8,36.271400740,127.171523342,,정상가동,99.18,380,60,2023,발전사업용,2023-02-03,충청남도 논산시 지역경제과,468.5,2025-12-28
마전 태양광발전소,,충청남도 논산시 연무읍 마전리 120,36.075700970,127.096093000,,정상가동,99.12,380,60,2023,발전사업용,2023-02-07,충청남도 논산시 지역경제과,1028,2025-12-28
선영 태양광발전소,,충청남도 논산시 연무읍 마전리 120-1,36.075964020,127.095967800,,정상가동,99.12,380,60,2023,발전사업용,2023-02-07,충청남도 논산시 지역경제과,932,2025-12-28
은도 태양광발전소,,충청남도 논산시 연무읍 마전리 120-4,36.075630750,127.096012834,,정상가동,99.12,380,60,2023,발전사업용,2023-02-07,충청남도 논산시 지역경제과,986,2025-12-28
신도 태양광발전소,,충청남도 논산시 연무읍 마전리 120-5,36.075442080,127.096102869,,정상가동,99.12,380,60,2023,발전사업용,2023-02-07,충청남도 논산시 지역경제과,1269,2025-12-28
문영비에너지,,충청남도 논산시 광석면 중리 49-3,36.243556280,127.068255271,,정상가동,97.44,380,60,2023,발전사업용,2023-02-10,충청남도 논산시 지역경제과,460,2025-12-28
문영디에너지,,충청남도 논산시 광석면 중리 49-3,36.243556280,127.068255271,,정상가동,97.44,380,60,2023,발전사업용,2023-02-10,충청남도 논산시 지역경제과,460,2025-12-28
문영큐에너지,,충청남도 논산시 광석면 중리 49-3,36.243556280,127.068255271,,정상가동,97.44,380,60,2023,발전사업용,2023-02-10,충청남도 논산시 지역경제과,460,2025-12-28
아리랑 태양광발전소,충청남도 논산시 양촌면 황산벌로22번길 19,충청남도 논산시 양촌면 신기리 149,36.110883240,127.264097900,,정상가동,15.66,380,60,2023,발전사업용,2023-02-15,충청남도 논산시 지역경제과,73.98,2025-12-28
논산스마트1 태양광발전소,충청남도 논산시 상월면 상월로 82-38,충청남도 논산시 상월면 학당리 232,36.287516090,127.151424700,,정상가동,99.96,380,60,2023,발전사업용,2023-02-16,충청남도 논산시 지역경제과,464,2025-12-28
논산스마트2 태양광발전소,충청남도 논산시 상월면 상월로 82-38,충청남도 논산시 상월면 학당리 232,36.287516090,127.151424700,,정상가동,99.96,380,60,2023,발전사업용,2023-02-16,충청남도 논산시 지역경제과,464,2025-12-28
논산스마트3 태양광발전소,충청남도 논산시 상월면 상월로 82-38,충청남도 논산시 상월면 학당리 232,36.287516090,127.151424700,,정상가동,99.96,380,60,2023,발전사업용,2023-02-16,충청남도 논산시 지역경제과,464,2025-12-28
올댄 태양광발전소,,충청남도 논산시 노성면 가곡리 136-2,36.305501676,127.109419400,,정상가동,64.38,380,60,2023,발전사업용,2023-02-22,충청남도 논산시 지역경제과,233.05,2025-12-28
아연 태양광발전소,,충청남도 논산시 노성면 가곡리 136-7,36.305812176,127.109382700,,정상가동,99.76,380,60,2023,발전사업용,2023-02-22,충청남도 논산시 지역경제과,359.9,2025-12-28
우곤리1호 태양광발전소,충청남도 논산시 성동면 우곤3길 65,충청남도 논산시 성동면 우곤리 628,36.201390105,127.000220542,,정상가동,99.76,380,60,2023,발전사업용,2023-02-22,충청남도 논산시 지역경제과,395.12,2025-12-28
정담은2 태양광발전소,충청남도 논산시 가야곡면 원앙로665번길 31,충청남도 논산시 가야곡면 야촌리 107-1,36.136117710,127.151932800,,정상가동,29.25,380,60,2023,발전사업용,2023-02-22,충청남도 논산시 지역경제과,128,2025-12-28
낙원 태양광발전소,충청남도 논산시 양촌면 중산길 76-38,충청남도 논산시 양촌면 중산리 54-1,36.114842150,127.202379400,,정상가동,19.635,380,60,2023,발전사업용,2023-02-27,충청남도 논산시 지역경제과,90,2025-12-28
논산해토리 태양광발전소,,충청남도 논산시 노성면 가곡리 482,36.306513930,127.105617158,,정상가동,48.79,380,60,2023,발전사업용,2023-02-27,충청남도 논산시 지역경제과,232,2025-12-28
갈산리1호 태양광발전소,,충청남도 논산시 광석면 갈산리 598,36.228661600,127.055839300,,정상가동,99.76,380,60,2023,발전사업용,2023-03-06,충청남도 논산시 지역경제과,396.12,2025-12-28
갈산리2호 태양광발전소,,충청남도 논산시 광석면 갈산리 598,36.228661600,127.055839300,,정상가동,99.76,380,60,2023,발전사업용,2023-03-06,충청남도 논산시 지역경제과,396.12,2025-12-28
갈산리3호 태양광발전소,,충청남도 논산시 광석면 갈산리 598,36.228661600,127.055839300,,정상가동,99.76,380,60,2023,발전사업용,2023-03-06,충청남도 논산시 지역경제과,396.12,2025-12-28
백구9호,,충청남도 논산시 광석면 신당리 697-2,36.256654080,127.070803700,,정상가동,99.96,380,60,2023,발전사업용,2023-03-06,충청남도 논산시 지역경제과,365.92,2025-12-28
라온제나1호,,충청남도 논산시 광석면 신당리 697-2,36.256654080,127.070803700,,정상가동,99.96,380,60,2023,발전사업용,2023-03-06,충청남도 논산시 지역경제과,365.92,2025-12-28
햇빛아렌,,충청남도 논산시 광석면 신당리 697-2,36.256654080,127.070803700,,정상가동,99.96,380,60,2023,발전사업용,2023-03-06,충청남도 논산시 지역경제과,365.92,2025-12-28
우원4호 태양광발전소,,충청남도 논산시 광석면 신당리 697-3,36.256331650,127.071063400,,정상가동,99.96,380,60,2023,발전사업용,2023-03-06,충청남도 논산시 지역경제과,365.92,2025-12-28
원남리1호 태양광발전소,,충청남도 논산시 성동면 원남리 1263,36.218373764,127.032693762,,정상가동,99.76,380,60,2023,발전사업용,2023-03-27,충청남도 논산시 지역경제과,305.42,2025-12-28
원남리2호 태양광발전소,,충청남도 논산시 성동면 원남리 1263,36.218373764,127.032693762,,정상가동,99.76,380,60,2023,발전사업용,2023-03-27,충청남도 논산시 지역경제과,305.42,2025-12-28
원남리3호 태양광발전소,,충청남도 논산시 성동면 원남리 1263,36.218373764,127.032693762,,정상가동,99.76,380,60,2023,발전사업용,2023-03-27,충청남도 논산시 지역경제과,305.42,2025-12-28
원남리4호 태양광발전소,,충청남도 논산시 성동면 원남리 1263,36.218373764,127.032693762,,정상가동,99.76,380,60,2023,발전사업용,2023-03-27,충청남도 논산시 지역경제과,305.42,2025-12-28
원남리5호 태양광발전소,,충청남도 논산시 성동면 원남리 1263,36.218373764,127.032693762,,정상가동,49.88,380,60,2023,발전사업용,2023-03-27,충청남도 논산시 지역경제과,152.71,2025-12-28
논산드림1호발전소,,충청남도 논산시 노성면 구암리 266,36.311545400,127.108315200,,정상가동,99.96,380,60,2023,발전사업용,2023-04-07,충청남도 논산시 지역경제과,761,2025-12-28
정지리1호 태양광발전소,,충청남도 논산시 성동면 정지리 208-1,36.218962210,127.057879900,,정상가동,99.76,380,60,2023,발전사업용,2023-04-20,충청남도 논산시 지역경제과,455.1,2025-12-28
정지리2호 태양광발전소,,충청남도 논산시 성동면 정지리 208-1,36.218962210,127.057879900,,정상가동,99.76,380,60,2023,발전사업용,2023-04-20,충청남도 논산시 지역경제과,455.1,2025-12-28
정지리3호 태양광발전소,,충청남도 논산시 성동면 정지리 208-1,36.218962210,127.057879900,,정상가동,99.76,380,60,2023,발전사업용,2023-04-20,충청남도 논산시 지역경제과,455.1,2025-12-28
정지리4호 태양광발전소,,충청남도 논산시 성동면 정지리 208-1,36.218962210,127.057879900,,정상가동,99.76,380,60,2023,발전사업용,2023-04-20,충청남도 논산시 지역경제과,455.1,2025-12-28
한원11호 태양광발전소,,충청남도 논산시 은진면 용산리 127-1,36.169746940,127.126121562,,정상가동,699.48,22900,60,2023,발전사업용,2023-04-25,충청남도 논산시 지역경제과,3543.51,2025-12-28
덕암햇살누리터1 태양광발전소,충청남도 논산시 연산면 선비로 510,충청남도 논산시 연산면 덕암리 44,36.232356054,127.187101658,,정상가동,92.4,380,60,2023,발전사업용,2023-04-25,충청남도 논산시 지역경제과,433.98,2025-12-28
덕암햇살누리터2 태양광발전소,충청남도 논산시 연산면 선비로 510,충청남도 논산시 연산면 덕암리 44,36.232356054,127.187101658,,정상가동,92.4,380,60,2023,발전사업용,2023-04-25,충청남도 논산시 지역경제과,433.98,2025-12-28
덕암햇살누리터3 태양광발전소,충청남도 논산시 연산면 선비로 510,충청남도 논산시 연산면 덕암리 44,36.232356054,127.187101658,,정상가동,92.4,380,60,2023,발전사업용,2023-04-25,충청남도 논산시 지역경제과,433.98,2025-12-28
덕암햇살누리터4 태양광발전소,충청남도 논산시 연산면 선비로 510,충청남도 논산시 연산면 덕암리 44,36.232356054,127.187101658,,정상가동,92.4,380,60,2023,발전사업용,2023-04-25,충청남도 논산시 지역경제과,433.98,2025-12-28
덕암햇살누리터5 태양광발전소,충청남도 논산시 연산면 선비로 510,충청남도 논산시 연산면 덕암리 44,36.232356054,127.187101658,,정상가동,92.4,380,60,2023,발전사업용,2023-04-25,충청남도 논산시 지역경제과,433.98,2025-12-28
세종 태양광발전소,,충청남도 논산시 상월면 숙진리 64,36.257404777,127.161653900,,정상가동,99.12,380,60,2023,발전사업용,2023-04-27,충청남도 논산시 지역경제과,1277,2025-12-28
경 태양광발전소,,충청남도 논산시 상월면 숙진리 64-1,36.257206745,127.161433136,,정상가동,99.12,380,60,2023,발전사업용,2023-04-27,충청남도 논산시 지역경제과,1168,2025-12-28
영 태양광발전소,충청남도 논산시 상월면 신독재로 103-30,충청남도 논산시 상월면 숙진리 71,36.257528710,127.161251800,,정상가동,99.12,380,60,2023,발전사업용,2023-04-27,충청남도 논산시 지역경제과,1182,2025-12-28
이부열1호 태양광발전소,,충청남도 논산시 상월면 상도리 641-6,36.308516533,127.182289400,,정상가동,99.365,380,60,2023,발전사업용,2023-05-04,충청남도 논산시 지역경제과,457.54,2025-12-28
이부열2호 태양광발전소,,충청남도 논산시 상월면 상도리 641-6,36.308516533,127.182289400,,정상가동,99.365,380,60,2023,발전사업용,2023-05-04,충청남도 논산시 지역경제과,457.54,2025-12-28
이부열3호 태양광발전소,,충청남도 논산시 상월면 상도리 641-6,36.308516533,127.182289400,,정상가동,99.365,380,60,2023,발전사업용,2023-05-04,충청남도 논산시 지역경제과,457.54,2025-12-28
이후탁 태양광발전소,,충청남도 논산시 상월면 상도리 641-6,36.308516533,127.182289400,,정상가동,99.365,380,60,2023,발전사업용,2023-05-04,충청남도 논산시 지역경제과,457.54,2025-12-28
행복 태양광발전소,,충청남도 논산시 상월면 지경리 569-1,36.310831980,127.147630828,,정상가동,99.735,380,60,2023,발전사업용,2023-05-10,충청남도 논산시 지역경제과,472,2025-12-28
한원14호 태양광발전소,,충청남도 논산시 은진면 용산리 107,36.164943220,127.125195833,,정상가동,499.8,380,60,2023,발전사업용,2023-05-10,충청남도 논산시 지역경제과,2318,2025-12-28
진택 태양광발전소,충청남도 논산시 광석면 논산평야로 435-91,충청남도 논산시 광석면 갈산리 732-9,36.220552220,127.072231200,,정상가동,499.8,380,60,2023,발전사업용,2023-05-17,충청남도 논산시 지역경제과,2325,2025-12-28
메가1호 태양광발전소,,충청남도 논산시 광석면 항월리 8,36.240642720,127.128935130,,정상가동,99.76,380,60,2023,발전사업용,2023-05-17,충청남도 논산시 지역경제과,455.1,2025-12-28
메가2호 태양광발전소,,충청남도 논산시 광석면 항월리 8,36.240642720,127.128935130,,정상가동,99.76,380,60,2023,발전사업용,2023-05-17,충청남도 논산시 지역경제과,455.1,2025-12-28
메가3호 태양광발전소,,충청남도 논산시 광석면 항월리 8,36.240642720,127.128935130,,정상가동,99.76,380,60,2023,발전사업용,2023-05-17,충청남도 논산시 지역경제과,455.1,2025-12-28
메가4호 태양광발전소,,충청남도 논산시 광석면 항월리 8,36.240642720,127.128935130,,정상가동,99.76,380,60,2023,발전사업용,2023-05-17,충청남도 논산시 지역경제과,455.1,2025-12-28
노성보현 태양광발전소,충청남도 논산시 노성면 읍내3길 101-23,충청남도 논산시 노성면 읍내리 493-3,36.263390422,127.119456400,,정상가동,99.99,380,60,2023,발전사업용,2023-06-12,충청남도 논산시 지역경제과,973,2025-12-28
복식 태양광발전소,충청남도 논산시 가야곡면 원앙로 1023,충청남도 논산시 가야곡면 두월리 432-4,36.165506820,127.137867800,,정상가동,19.635,380,60,2023,발전사업용,2023-06-12,충청남도 논산시 지역경제과,90.1,2025-12-28
명구 태양광발전소,충청남도 논산시 광석면 사월길 348,충청남도 논산시 광석면 사월리 84-3,36.260565220,127.108727100,,정상가동,71.39,380,60,2023,발전사업용,2023-06-12,충청남도 논산시 지역경제과,334.23,2025-12-28
대명3호 태양광발전소,,충청남도 논산시 상월면 대명리 266-35,36.307562330,127.179704809,,정상가동,99.96,380,60,2023,발전사업용,2023-06-12,충청남도 논산시 지역경제과,1333,2025-12-28
대명4호 태양광발전소,,충청남도 논산시 상월면 대명리 266-35,36.307562330,127.179704809,,정상가동,99.96,380,60,2023,발전사업용,2023-06-12,충청남도 논산시 지역경제과,985,2025-12-28
대명5호 태양광발전소,,충청남도 논산시 상월면 대명리 266-35,36.307562330,127.179704809,,정상가동,99.96,380,60,2023,발전사업용,2023-06-12,충청남도 논산시 지역경제과,888,2025-12-28
대명6호 태양광발전소,,충청남도 논산시 상월면 대명리 266-35,36.307562330,127.179704809,,정상가동,99.96,380,60,2023,발전사업용,2023-06-12,충청남도 논산시 지역경제과,789,2025-12-28
대명7호 태양광발전소,,충청남도 논산시 상월면 대명리 266-35,36.307562330,127.179704809,,정상가동,99.96,380,60,2023,발전사업용,2023-06-12,충청남도 논산시 지역경제과,798,2025-12-28
민석 태양광발전소,,충청남도 논산시 상월면 대명리 266-35,36.307562330,127.179704809,,정상가동,99.96,380,60,2023,발전사업용,2023-06-12,충청남도 논산시 지역경제과,757,2025-12-28
대명9호 태양광발전소,,충청남도 논산시 상월면 대명리 266-35,36.307562330,127.179704809,,정상가동,99.96,380,60,2023,발전사업용,2023-06-12,충청남도 논산시 지역경제과,743,2025-12-28
대명10호 태양광발전소,,충청남도 논산시 상월면 대명리 266-35,36.307562330,127.179704809,,정상가동,99.96,380,60,2023,발전사업용,2023-06-12,충청남도 논산시 지역경제과,795,2025-12-28
대명11호 태양광발전소,,충청남도 논산시 상월면 대명리 266-35,36.307562330,127.179704809,,정상가동,99.96,380,60,2023,발전사업용,2023-06-12,충청남도 논산시 지역경제과,774,2025-12-28
대명12호 태양광발전소,,충청남도 논산시 상월면 대명리 266-35,36.307562330,127.179704809,,정상가동,99.96,380,60,2023,발전사업용,2023-06-12,충청남도 논산시 지역경제과,1053,2025-12-28
대명13호 태양광발전소,,충청남도 논산시 상월면 대명리 266-35,36.307562330,127.179704809,,정상가동,99.96,380,60,2023,발전사업용,2023-06-12,충청남도 논산시 지역경제과,989,2025-12-28
대명14호 태양광발전소,,충청남도 논산시 상월면 대명리 266-154,36.307822234,127.179538737,,정상가동,99.96,380,60,2023,발전사업용,2023-06-12,충청남도 논산시 지역경제과,780,2025-12-28
밝은미래2호 태양광발전소,,충청남도 논산시 상월면 대명리 266-35,36.307562330,127.179704809,,정상가동,99.96,380,60,2023,발전사업용,2023-06-12,충청남도 논산시 지역경제과,763,2025-12-28
대명16호 태양광발전소,,충청남도 논산시 상월면 대명리 266-35,36.307562330,127.179704809,,정상가동,99.96,380,60,2023,발전사업용,2023-06-12,충청남도 논산시 지역경제과,763,2025-12-28
대명17호 태양광발전소,,충청남도 논산시 상월면 대명리 266-35,36.307562330,127.179704809,,정상가동,99.96,380,60,2023,발전사업용,2023-06-12,충청남도 논산시 지역경제과,949,2025-12-28
대명18호 태양광발전소,,충청남도 논산시 상월면 대명리 266-35,36.307562330,127.179704809,,정상가동,99.96,380,60,2023,발전사업용,2023-06-12,충청남도 논산시 지역경제과,1817,2025-12-28
대명19호 태양광발전소,,충청남도 논산시 상월면 대명리 266-2,36.307551410,127.178713688,,정상가동,99.96,380,60,2023,발전사업용,2023-06-12,충청남도 논산시 지역경제과,1042,2025-12-28
대명20호 태양광발전소,,충청남도 논산시 상월면 대명리 266-132,36.307335984,127.178830618,,정상가동,99.96,380,60,2023,발전사업용,2023-06-12,충청남도 논산시 지역경제과,1051,2025-12-28
대명21호 태양광발전소,,충청남도 논산시 상월면 대명리 266-35,36.307562330,127.179704809,,정상가동,99.96,380,60,2023,발전사업용,2023-06-12,충청남도 논산시 지역경제과,1140,2025-12-28
대명22호 태양광발전소,,충청남도 논산시 상월면 대명리 266-35,36.307562330,127.179704809,,정상가동,99.96,380,60,2023,발전사업용,2023-06-12,충청남도 논산시 지역경제과,984,2025-12-28
대명23호 태양광발전소,,충청남도 논산시 상월면 대명리 266-6,36.306713049,127.177804751,,정상가동,99.96,380,60,2023,발전사업용,2023-06-12,충청남도 논산시 지역경제과,1424,2025-12-28
대명24호 태양광발전소,,충청남도 논산시 상월면 대명리 266-6,36.306713049,127.177804751,,정상가동,99.96,380,60,2023,발전사업용,2023-06-12,충청남도 논산시 지역경제과,925,2025-12-28
톨레미시스탬 대명25호 태양광발전소,,충청남도 논산시 상월면 대명리 266-6,36.306713049,127.177804751,,정상가동,99.96,380,60,2023,발전사업용,2023-06-12,충청남도 논산시 지역경제과,1064,2025-12-28
톨레미시스탬 대명26호 태양광발전소,,충청남도 논산시 상월면 대명리 266-6,36.306713049,127.177804751,,정상가동,99.96,380,60,2023,발전사업용,2023-06-12,충청남도 논산시 지역경제과,1053,2025-12-28
성현 태양광발전소,,충청남도 논산시 상월면 대명리 266-6,36.306713049,127.177804751,,정상가동,99.96,380,60,2023,발전사업용,2023-06-12,충청남도 논산시 지역경제과,1055,2025-12-28
대명28호 태양광발전소,,충청남도 논산시 상월면 대명리 266-6,36.306713049,127.177804751,,정상가동,99.96,380,60,2023,발전사업용,2023-06-12,충청남도 논산시 지역경제과,1094,2025-12-28
대명29호 태양광발전소,,충청남도 논산시 상월면 대명리 266-2,36.307551410,127.178713688,,정상가동,99.96,380,60,2023,발전사업용,2023-06-12,충청남도 논산시 지역경제과,1333,2025-12-28
톨레미시스탬 대명30호 태양광발전소,,충청남도 논산시 상월면 대명리 266-6,36.306713049,127.177804751,,정상가동,99.96,380,60,2023,발전사업용,2023-06-12,충청남도 논산시 지역경제과,1330,2025-12-28
정우산업1 태양광발전소,충청남도 논산시 성동면 산업단지로3길 7,충청남도 논산시 성동면 원남리 1198-1,36.218975160,127.049248800,,정상가동,99.96,380,60,2023,발전사업용,2023-06-12,충청남도 논산시 지역경제과,475.72,2025-12-28
정우산업2 태양광발전소,충청남도 논산시 성동면 산업단지로3길 7,충청남도 논산시 성동면 원남리 1198-1,36.218975160,127.049248800,,정상가동,99.96,380,60,2023,발전사업용,2023-06-12,충청남도 논산시 지역경제과,475.72,2025-12-28
정우산업3 태양광발전소,충청남도 논산시 성동면 산업단지로3길 7,충청남도 논산시 성동면 원남리 1198-1,36.218975160,127.049248800,,정상가동,99.96,380,60,2023,발전사업용,2023-06-12,충청남도 논산시 지역경제과,475.72,2025-12-28
정우산업4 태양광발전소,충청남도 논산시 성동면 산업단지로3길 7,충청남도 논산시 성동면 원남리 1198-1,36.218975160,127.049248800,,정상가동,99.96,380,60,2023,발전사업용,2023-06-12,충청남도 논산시 지역경제과,475.72,2025-12-28
정우산업5 태양광발전소,충청남도 논산시 성동면 산업단지로3길 7,충청남도 논산시 성동면 원남리 1198-1,36.218975160,127.049248800,,정상가동,99.96,380,60,2023,발전사업용,2023-06-12,충청남도 논산시 지역경제과,477.5,2025-12-28
정우산업6 태양광발전소,충청남도 논산시 성동면 산업단지로3길 7,충청남도 논산시 성동면 원남리 1198-1,36.218975160,127.049248800,,정상가동,99.96,380,60,2023,발전사업용,2023-06-12,충청남도 논산시 지역경제과,477.88,2025-12-28
정우산업7 태양광발전소,충청남도 논산시 성동면 산업단지로3길 7,충청남도 논산시 성동면 원남리 1198-1,36.218975160,127.049248800,,정상가동,99.96,380,60,2023,발전사업용,2023-06-12,충청남도 논산시 지역경제과,594.77,2025-12-28
정우산업8 태양광발전소,충청남도 논산시 성동면 산업단지로3길 7,충청남도 논산시 성동면 원남리 1198-1,36.218975160,127.049248800,,정상가동,99.96,380,60,2023,발전사업용,2023-06-12,충청남도 논산시 지역경제과,594.77,2025-12-28
정우산업9 태양광발전소,충청남도 논산시 성동면 산업단지로3길 7,충청남도 논산시 성동면 원남리 1198-1,36.218975160,127.049248800,,정상가동,99.96,380,60,2023,발전사업용,2023-06-12,충청남도 논산시 지역경제과,594.77,2025-12-28
정우산업10 태양광발전소,충청남도 논산시 성동면 산업단지로3길 7,충청남도 논산시 성동면 원남리 1198-1,36.218975160,127.049248800,,정상가동,98.175,380,60,2023,발전사업용,2023-06-12,충청남도 논산시 지역경제과,524.66,2025-12-28
에벤에셀 태양광발전소,충청남도 논산시 연무읍 동안로 454-7,충청남도 논산시 연무읍 신화리 1352-2,36.139991850,127.059856900,,정상가동,297,380,60,2023,발전사업용,2023-06-14,충청남도 논산시 지역경제과,1361.16,2025-12-28
수지 태양광발전소,,충청남도 논산시 성동면 원봉리 550-1,36.206179040,127.059734300,,정상가동,495.9,380,60,2023,발전사업용,2023-07-04,충청남도 논산시 지역경제과,2341.8,2025-12-28
민정 태양광발전소,,충청남도 논산시 성동면 원봉리 550-1,36.206179040,127.059734300,,정상가동,99.18,380,60,2023,발전사업용,2023-07-04,충청남도 논산시 지역경제과,468.5,2025-12-28
가나안1호 태양광발전소,충청남도 논산시 연무읍 삼봉1길 122,충청남도 논산시 연무읍 마전리 985-10,36.085917340,127.073935500,,정상가동,449.82,380,60,2023,발전사업용,2023-07-04,충청남도 논산시 지역경제과,1903,2025-12-28
가나안2호 태양광발전소,충청남도 논산시 연무읍 삼봉1길 122-5,충청남도 논산시 연무읍 마전리 985-24,36.085863740,127.073334300,,정상가동,399.84,380,60,2023,발전사업용,2023-07-04,충청남도 논산시 지역경제과,1626,2025-12-28
가나안3호 태양광발전소,충청남도 논산시 연무읍 삼봉1길 122-1,충청남도 논산시 연무읍 마전리 985-25,36.085797352,127.073752749,,정상가동,199.92,380,60,2023,발전사업용,2023-07-04,충청남도 논산시 지역경제과,812.86,2025-12-28
일광1호 태양광발전소,,충청남도 논산시 광석면 득윤리 104-1,36.238115190,127.052003759,,정상가동,99.76,380,60,2023,발전사업용,2023-07-17,충청남도 논산시 지역경제과,455.1,2025-12-28
일광2호 태양광발전소,,충청남도 논산시 광석면 득윤리 104-1,36.238115190,127.052003759,,정상가동,99.76,380,60,2023,발전사업용,2023-07-17,충청남도 논산시 지역경제과,455.1,2025-12-28
정호1호 태양광발전소,,충청남도 논산시 광석면 득윤리 104-1,36.238115190,127.052003759,,정상가동,99.76,380,60,2023,발전사업용,2023-07-17,충청남도 논산시 지역경제과,455.1,2025-12-28
득윤리4호 태양광발전소,,충청남도 논산시 광석면 득윤리 104-1,36.238115190,127.052003759,,정상가동,99.76,380,60,2023,발전사업용,2023-07-17,충청남도 논산시 지역경제과,455.1,2025-12-28
시온에너지 논산1호,,충청남도 논산시 은진면 용산리 91-1,36.162545550,127.125952100,,정상가동,855.36,22900,60,2023,발전사업용,2023-07-24,충청남도 논산시 지역경제과,4025.8,2025-12-28
한원15호 태양광발전소,,충청남도 논산시 은진면 용산리 110-1,36.165423310,127.127565200,,정상가동,349.86,380,60,2023,발전사업용,2023-07-24,충청남도 논산시 지역경제과,1611.12,2025-12-28
한원16호 태양광발전소,,충청남도 논산시 은진면 용산리 110-1,36.165423310,127.127565200,,정상가동,299.88,22900,60,2023,발전사업용,2023-07-24,충청남도 논산시 지역경제과,1391.04,2025-12-28
연무1호 태양광발전소,,충청남도 논산시 연무읍 안심리 726,36.126073540,127.082699435,,정상가동,99.96,380,60,2023,발전사업용,2023-07-26,충청남도 논산시 지역경제과,966,2025-12-28
연무2호 태양광발전소,,충청남도 논산시 연무읍 안심리 726-1,36.126073540,127.082282810,,정상가동,99.96,380,60,2023,발전사업용,2023-07-26,충청남도 논산시 지역경제과,966,2025-12-28
연무진주 태양광발전소,,충청남도 논산시 연무읍 안심리 726-2,36.126130100,127.082617584,,정상가동,99.96,380,60,2023,발전사업용,2023-07-26,충청남도 논산시 지역경제과,966,2025-12-28
연무4호 태양광발전소,,충청남도 논산시 연무읍 안심리 726-4,36.126151564,127.083008611,,정상가동,99.96,380,60,2023,발전사업용,2023-07-26,충청남도 논산시 지역경제과,996,2025-12-28
논산1호 태양광발전소,,충청남도 논산시 은진면 용산리 1,36.164642460,127.129326563,,정상가동,98.77,380,60,2023,발전사업용,2023-07-31,충청남도 논산시 지역경제과,,2025-12-28
논산2호 태양광발전소,,충청남도 논산시 은진면 용산리 1,36.164642460,127.129326563,,정상가동,98.77,380,60,2023,발전사업용,2023-07-31,충청남도 논산시 지역경제과,,2025-12-28
논산3호 태양광발전소,,충청남도 논산시 은진면 용산리 1,36.164642460,127.129326563,,정상가동,98.77,380,60,2023,발전사업용,2023-07-31,충청남도 논산시 지역경제과,,2025-12-28
논산4호 태양광발전소,,충청남도 논산시 은진면 용산리 1,36.164642460,127.129326563,,정상가동,98.77,380,60,2023,발전사업용,2023-07-31,충청남도 논산시 지역경제과,,2025-12-28
논산5호 태양광발전소,,충청남도 논산시 은진면 용산리 1,36.164642460,127.129326563,,정상가동,98.77,380,60,2023,발전사업용,2023-07-31,충청남도 논산시 지역경제과,,2025-12-28
논산6호 태양광발전소,,충청남도 논산시 은진면 용산리 1,36.164642460,127.129326563,,정상가동,98.77,380,60,2023,발전사업용,2023-07-31,충청남도 논산시 지역경제과,,2025-12-28
논산7호 태양광발전소,,충청남도 논산시 은진면 용산리 1,36.164642460,127.129326563,,정상가동,98.77,380,60,2023,발전사업용,2023-07-31,충청남도 논산시 지역경제과,,2025-12-28
논산8호 태양광발전소,,충청남도 논산시 은진면 용산리 1,36.164642460,127.129326563,,정상가동,98.77,380,60,2023,발전사업용,2023-07-31,충청남도 논산시 지역경제과,,2025-12-28
승수1 태양광발전소,충청남도 논산시 채운면 채운로146번길 14-6,충청남도 논산시 채운면 야화리 8-4,36.168519820,127.067186300,,정상가동,19.635,380,60,2023,발전사업용,2023-08-07,충청남도 논산시 지역경제과,86.17,2025-12-28
우성1 태양광발전소,충청남도 논산시 연무읍 봉황1길 28-16,충청남도 논산시 연무읍 황화정리 1409-1,36.100847010,127.105445200,,정상가동,73.2,380,60,2023,발전사업용,2023-08-07,충청남도 논산시 지역경제과,336.99,2025-12-28
이동현1 태양광발전소,충청남도 논산시 연무읍 동안로 410-50,충청남도 논산시 연무읍 신화리 1357-13,36.136990040,127.052903900,,정상가동,99.6,380,60,2023,발전사업용,2023-08-07,충청남도 논산시 지역경제과,458.53,2025-12-28
이동현2 태양광발전소,충청남도 논산시 연무읍 동안로 410-50,충청남도 논산시 연무읍 신화리 1357-13,36.136990040,127.052903900,,정상가동,99.6,380,60,2023,발전사업용,2023-08-07,충청남도 논산시 지역경제과,458.53,2025-12-28
이동현3 태양광발전소,충청남도 논산시 연무읍 동안로 410-50,충청남도 논산시 연무읍 신화리 1357-13,36.136990040,127.052903900,,정상가동,99.6,380,60,2023,발전사업용,2023-08-07,충청남도 논산시 지역경제과,458.53,2025-12-28
이찬희1 태양광발전소,충청남도 논산시 연무읍 동안로 410-50,충청남도 논산시 연무읍 신화리 1357-13,36.136990040,127.052903900,,정상가동,99.6,380,60,2023,발전사업용,2023-08-07,충청남도 논산시 지역경제과,458.53,2025-12-28
이찬희2 태양광발전소,충청남도 논산시 연무읍 동안로 410-50,충청남도 논산시 연무읍 신화리 1357-13,36.136990040,127.052903900,,정상가동,99.6,380,60,2023,발전사업용,2023-08-07,충청남도 논산시 지역경제과,458.53,2025-12-28
이찬희3 태양광발전소,충청남도 논산시 연무읍 동안로 410-50,충청남도 논산시 연무읍 신화리 1357-13,36.136990040,127.052903900,,정상가동,60,380,60,2023,발전사업용,2023-08-07,충청남도 논산시 지역경제과,276.2,2025-12-28
천호 태양광발전소,충청남도 논산시 연산면 천호1길 34,충청남도 논산시 연산면 천호리 164,36.237477510,127.229985100,,정상가동,19.8,380,60,2023,발전사업용,2023-08-07,충청남도 논산시 지역경제과,92.1,2025-12-28
진금3 태양광발전소,,충청남도 논산시 노성면 장구리 115-28,36.277175970,127.084930500,,정상가동,99.76,380,60,2023,발전사업용,2023-08-07,충청남도 논산시 지역경제과,471.1,2025-12-28
진금4 태양광발전소,,충청남도 논산시 노성면 장구리 115-5,36.276931210,127.084854686,,정상가동,99.76,380,60,2023,발전사업용,2023-08-07,충청남도 논산시 지역경제과,471.1,2025-12-28
세종 태양광발전소 1호,,충청남도 논산시 은진면 교촌리 407-2,36.167040730,127.085777000,,정상가동,99.96,380,60,2023,발전사업용,2023-08-07,충청남도 논산시 지역경제과,1004,2025-12-28
세종 태양광발전소 2호,,충청남도 논산시 은진면 교촌리 407-2,36.167040730,127.085777000,,정상가동,99.96,380,60,2023,발전사업용,2023-08-07,충청남도 논산시 지역경제과,1019,2025-12-28
해나20호 태양광발전소,충청남도 논산시 성동면 원남길 273,충청남도 논산시 성동면 원남리 998,36.210113140,127.017762539,,정상가동,354.96,380,60,2023,발전사업용,2023-08-07,충청남도 논산시 지역경제과,1619.59,2025-12-28
제이엔제이 태양광발전소,충청남도 논산시 성동면 원남길 273-2,충청남도 논산시 성동면 원남리 997,36.209907726,127.018051447,,정상가동,99.76,380,60,2023,발전사업용,2023-08-07,충청남도 논산시 지역경제과,455.18,2025-12-28
디이10호 태양광발전소,충청남도 논산시 성동면 원남길 273-1,충청남도 논산시 성동면 원남리 997-1,36.209700890,127.017944969,,정상가동,99.76,380,60,2023,발전사업용,2023-08-07,충청남도 논산시 지역경제과,455.18,2025-12-28
연경1호 태양광발전소,충청남도 논산시 성동면 원남길 275,충청남도 논산시 성동면 원남리 996-2,36.209662217,127.016959979,,정상가동,99.76,380,60,2023,발전사업용,2023-08-07,충청남도 논산시 지역경제과,455.18,2025-12-28
써니2호 태양광발전소,충청남도 논산시 성동면 원남길 277,충청남도 논산시 성동면 원남리 996-3,36.209439360,127.016779500,,정상가동,99.76,380,60,2023,발전사업용,2023-08-07,충청남도 논산시 지역경제과,455.18,2025-12-28
정돈1호 태양광발전소,충청남도 논산시 연무읍 봉동길 14-91,충청남도 논산시 연무읍 봉동리 1663-2,36.114321400,127.058385300,,정상가동,99.96,380,60,2023,발전사업용,2023-08-08,충청남도 논산시 지역경제과,460.28,2025-12-28
정돈2호 태양광발전소,충청남도 논산시 연무읍 봉동길 14-91,충청남도 논산시 연무읍 봉동리 1663-2,36.114321400,127.058385300,,정상가동,78.54,380,60,2023,발전사업용,2023-08-08,충청남도 논산시 지역경제과,361.65,2025-12-28
정돈3호 태양광발전소,충청남도 논산시 연무읍 봉동길 14-96,충청남도 논산시 연무읍 봉동리 1662-4,36.115384180,127.058294800,,정상가동,99.96,380,60,2023,발전사업용,2023-08-08,충청남도 논산시 지역경제과,460.28,2025-12-28
정돈4호 태양광발전소,충청남도 논산시 연무읍 봉동길 14-96,충청남도 논산시 연무읍 봉동리 1662-4,36.115384180,127.058294800,,정상가동,99.96,380,60,2023,발전사업용,2023-08-08,충청남도 논산시 지역경제과,460.28,2025-12-28
정돈5호 태양광발전소,충청남도 논산시 연무읍 봉동길 14-96,충청남도 논산시 연무읍 봉동리 1662-4,36.115384180,127.058294800,,정상가동,72.59,380,60,2023,발전사업용,2023-08-08,충청남도 논산시 지역경제과,334.25,2025-12-28
SJ 태양광발전소,충청남도 논산시 은진면 탑정로 578-66,충청남도 논산시 은진면 성덕리 354-27,36.170529850,127.128309000,,정상가동,49.98,380,60,2023,발전사업용,2023-08-23,충청남도 논산시 지역경제과,786,2025-12-28
예겸 태양광발전소,충청남도 논산시 은진면 탑정로 578-64,충청남도 논산시 은진면 성덕리 354-26,36.170772930,127.128273000,,정상가동,99.96,380,60,2023,발전사업용,2023-08-23,충청남도 논산시 지역경제과,1027,2025-12-28
경에너지 태양광발전소,충청남도 논산시 은진면 탑정로 578-60,충청남도 논산시 은진면 성덕리 354-25,36.171052540,127.128294666,,정상가동,99.96,380,60,2023,발전사업용,2023-08-23,충청남도 논산시 지역경제과,893,2025-12-28
승에너지 태양광발전소,충청남도 논산시 은진면 탑정로 578-58,충청남도 논산시 은진면 성덕리 354,36.170944560,127.128291911,,정상가동,99.96,380,60,2023,발전사업용,2023-08-23,충청남도 논산시 지역경제과,850,2025-12-28
세진 태양광발전소,충청남도 논산시 연무읍 안심로 254,충청남도 논산시 연무읍 안심리 1076-7,36.144060510,127.103944400,,정상가동,216,380,60,2023,발전사업용,2023-08-23,충청남도 논산시 지역경제과,1028.94,2025-12-28
상월농협1호 태양광발전소,충청남도 논산시 상월면 계룡산로 4,충청남도 논산시 상월면 산성리 49-1,36.292687450,127.142317700,,정상가동,92.82,380,60,2023,발전사업용,2023-08-28,충청남도 논산시 지역경제과,427.44,2025-12-28
상월농협2호 태양광발전소,충청남도 논산시 상월면 계룡산로 4,충청남도 논산시 상월면 산성리 49-1,36.292687450,127.142317700,,정상가동,77.35,380,60,2023,발전사업용,2023-08-28,충청남도 논산시 지역경제과,356.2,2025-12-28
상월농협3호 태양광발전소,충청남도 논산시 상월면 백일헌로 1013,충청남도 논산시 상월면 산성리 78-3,36.292294690,127.141587200,,정상가동,92.82,380,60,2023,발전사업용,2023-08-28,충청남도 논산시 지역경제과,427.44,2025-12-28
상월농협4호 태양광발전소,충청남도 논산시 상월면 백일헌로 1009,충청남도 논산시 상월면 산성리 80-3,36.291085760,127.141411200,,정상가동,77.35,380,60,2023,발전사업용,2023-08-28,충청남도 논산시 지역경제과,356.2,2025-12-28
상월농협8호 태양광발전소,충청남도 논산시 상월면 백일헌로 692-3,충청남도 논산시 상월면 한천리 68,36.266340630,127.151965000,,정상가동,49.98,380,60,2023,발전사업용,2023-08-28,충청남도 논산시 지역경제과,230.16,2025-12-28
상월농협9호 태양광발전소,충청남도 논산시 상월면 선비로 1448,충청남도 논산시 상월면 석종리 427-15,36.308466310,127.162422300,,정상가동,39.27,380,60,2023,발전사업용,2023-08-28,충청남도 논산시 지역경제과,180.84,2025-12-28
대영섬유1호 태양광발전소,충청남도 논산시 연산면 선비로720번길 62-5,충청남도 논산시 연산면 백석리 545-26,36.245869500,127.183873500,,정상가동,71.4,380,60,2023,발전사업용,2023-08-28,충청남도 논산시 지역경제과,331.47,2025-12-28
대영섬유2호 태양광발전소,충청남도 논산시 연산면 선비로720번길 62-5,충청남도 논산시 연산면 백석리 545-26,36.245869500,127.183873500,,정상가동,99.96,380,60,2023,발전사업용,2023-08-28,충청남도 논산시 지역경제과,464.06,2025-12-28
대영섬유3호 태양광발전소,충청남도 논산시 연산면 선비로720번길 62-5,충청남도 논산시 연산면 백석리 545-26,36.245869500,127.183873500,,정상가동,92.82,380,60,2023,발전사업용,2023-08-28,충청남도 논산시 지역경제과,430.91,2025-12-28
햇님 태양광발전소,,충청남도 논산시 양촌면 신기리 29-2,36.113268140,127.276871600,,정상가동,99.96,380,60,2023,발전사업용,2023-08-28,충청남도 논산시 지역경제과,1103,2025-12-28
현인2 태양광발전소,,충청남도 논산시 양촌면 신기리 29-2,36.113268140,127.276871600,,정상가동,99.96,380,60,2023,발전사업용,2023-08-28,충청남도 논산시 지역경제과,883,2025-12-28
일월 태양광발전소,,충청남도 논산시 양촌면 신기리 29-2,36.113268140,127.276871600,,정상가동,99.96,380,60,2023,발전사업용,2023-08-28,충청남도 논산시 지역경제과,1342,2025-12-28
서준4호 태양광발전소,,충청남도 논산시 양촌면 신기리 29-2,36.113268140,127.276871600,,정상가동,41.055,380,60,2023,발전사업용,2023-08-28,충청남도 논산시 지역경제과,855,2025-12-28
코코 태양광발전소,,충청남도 논산시 양촌면 신기리 28,36.113449090,127.275520911,,정상가동,91.035,380,60,2023,발전사업용,2023-08-28,충청남도 논산시 지역경제과,808,2025-12-28
장원 태양광발전소,,충청남도 논산시 양촌면 신기리 28-2,36.113387384,127.275492600,,정상가동,99.96,380,60,2023,발전사업용,2023-08-28,충청남도 논산시 지역경제과,1148,2025-12-28
삼일에너지,충청남도 논산시 연무읍 연무로 95,충청남도 논산시 연무읍 안심리 386-23,36.132499407,127.090032400,,정상가동,240,380,60,2023,발전사업용,2023-09-04,충청남도 논산시 지역경제과,1116,2025-12-28
한백발전소,충청남도 논산시 부적면 마구평길 17-16,충청남도 논산시 부적면 마구평리 466-2,36.215893150,127.126249900,,정상가동,16.065,380,60,2023,발전사업용,2023-09-04,충청남도 논산시 지역경제과,75.38,2025-12-28
와트발전소,,충청남도 논산시 연무읍 마전리 121,36.075285300,127.096797100,,정상가동,499.8,380,60,2023,발전사업용,2023-09-08,충청남도 논산시 지역경제과,2301,2025-12-28
원 태양광발전소,충청남도 논산시 가야곡면 가야공단길 23-23,충청남도 논산시 가야곡면 야촌리 642-1,36.128719770,127.139480600,,정상가동,99.96,380,60,2023,발전사업용,2023-09-13,충청남도 논산시 지역경제과,1000,2025-12-28
송학 태양광발전소,충청남도 논산시 가야곡면 가야공단길 23-23,충청남도 논산시 가야곡면 야촌리 642-1,36.128719770,127.139480600,,정상가동,83.3,380,60,2023,발전사업용,2023-09-13,충청남도 논산시 지역경제과,682.4,2025-12-28
블루 태양광발전소,충청남도 논산시 가야곡면 가야공단길 23-23,충청남도 논산시 가야곡면 야촌리 642-1,36.128719770,127.139480600,,정상가동,47.6,380,60,2023,발전사업용,2023-09-13,충청남도 논산시 지역경제과,420,2025-12-28
나이스1호 태양광발전소,충청남도 논산시 연산면 선비로 672-11,충청남도 논산시 연산면 백석리 546-4,36.243807100,127.178810300,,정상가동,97.5,380,60,2023,발전사업용,2023-09-14,충청남도 논산시 지역경제과,454,2025-12-28
나이스2호 태양광발전소,충청남도 논산시 연산면 선비로 672-11,충청남도 논산시 연산면 백석리 546-4,36.243807100,127.178810300,,정상가동,62.5,380,60,2023,발전사업용,2023-09-14,충청남도 논산시 지역경제과,291,2025-12-28
경영1호 태양광발전소,충청남도 논산시 채운면 계백로404번길 121-81,충청남도 논산시 채운면 삼거리 910-6,36.160160020,127.051592100,,정상가동,99.365,380,60,2023,발전사업용,2023-09-14,충청남도 논산시 지역경제과,466.24,2025-12-28
경영2호 태양광발전소,충청남도 논산시 채운면 계백로404번길 121-81,충청남도 논산시 채운면 삼거리 910-6,36.160160020,127.051592100,,정상가동,99.365,380,60,2023,발전사업용,2023-09-14,충청남도 논산시 지역경제과,466.24,2025-12-28
경영3호 태양광발전소,충청남도 논산시 채운면 계백로404번길 121-81,충청남도 논산시 채운면 삼거리 910-6,36.160160020,127.051592100,,정상가동,99.365,380,60,2023,발전사업용,2023-09-14,충청남도 논산시 지역경제과,466.24,2025-12-28
경영4호 태양광발전소,충청남도 논산시 채운면 계백로404번길 121-81,충청남도 논산시 채운면 삼거리 910-6,36.160160020,127.051592100,,정상가동,99.365,380,60,2023,발전사업용,2023-09-14,충청남도 논산시 지역경제과,466.24,2025-12-28
유희 태양광발전소 2호,,충청남도 논산시 연산면 장전리 420-1,36.231396962,127.167426100,,정상가동,60.69,380,60,2023,발전사업용,2023-10-05,충청남도 논산시 지역경제과,275.05,2025-12-28
청남 태양광발전소,충청남도 논산시 벌곡면 대둔로843번길 17,충청남도 논산시 벌곡면 양산리 344-1,36.209183385,127.265743246,,정상가동,19.25,380,60,2023,발전사업용,2023-10-30,충청남도 논산시 지역경제과,86.88,2025-12-28
한라에너지2,,충청남도 논산시 노성면 읍내리 484-18,36.261287233,127.118102086,,정상가동,150.04,380,60,2023,발전사업용,2023-10-30,충청남도 논산시 지역경제과,662.84,2025-12-28
범이 태양광발전소,충청남도 논산시 광석면 사계로161번길 153-58,충청남도 논산시 광석면 중리 533-6,36.251900723,127.056886627,,정상가동,493.6,380,60,2023,발전사업용,2023-11-09,충청남도 논산시 지역경제과,3605,2025-12-28
상도 태양광발전소,충청남도 논산시 상월면 상월로664번길 59-58,충청남도 논산시 상월면 상도리 139-7,36.318177580,127.189324700,,정상가동,19.52,220,60,2023,발전사업용,2023-11-09,충청남도 논산시 지역경제과,88.05,2025-12-28
우곤리1호 태양광발전소,충청남도 논산시 성동면 우곤3길 59-14,충청남도 논산시 성동면 우곤리 629,36.201274250,127.000457600,,정상가동,19.84,380,60,2023,발전사업용,2023-11-09,충청남도 논산시 지역경제과,89.4,2025-12-28
종회1호 태양광발전소,충청남도 논산시 광석면 갈산길 160,충청남도 논산시 광석면 갈산리 120-1,36.230876080,127.062401564,,정상가동,99.6,380,60,2023,발전사업용,2023-11-13,충청남도 논산시 지역경제과,451.58,2025-12-28
종회2호 태양광발전소,충청남도 논산시 광석면 갈산길 160,충청남도 논산시 광석면 갈산리 120-1,36.230876080,127.062401564,,정상가동,99.6,380,60,2023,발전사업용,2023-11-13,충청남도 논산시 지역경제과,451.58,2025-12-28
종회3호 태양광발전소,충청남도 논산시 광석면 갈산길 160,충청남도 논산시 광석면 갈산리 120-1,36.230876080,127.062401564,,정상가동,99.6,380,60,2023,발전사업용,2023-11-13,충청남도 논산시 지역경제과,451.58,2025-12-28
종회4호 태양광발전소,,충청남도 논산시 광석면 갈산리 498-1,36.230153297,127.061236731,,정상가동,99.6,380,60,2023,발전사업용,2023-11-13,충청남도 논산시 지역경제과,451.58,2025-12-28
종회5호 태양광발전소,,충청남도 논산시 광석면 갈산리 498-1,36.230153297,127.061236731,,정상가동,99.6,380,60,2023,발전사업용,2023-11-13,충청남도 논산시 지역경제과,451.58,2025-12-28
명화 태양광발전소,충청남도 논산시 채운면 채운로 97-1,충청남도 논산시 채운면 용화리 300-41,36.171345930,127.067853100,,정상가동,19.14,380,60,2023,발전사업용,2023-11-14,충청남도 논산시 지역경제과,90.08,2025-12-28
유희 태양광발전소 3호,충청남도 논산시 연산면 연산사계7길 32-15,충청남도 논산시 연산면 장전리 590-2,36.230871150,127.166630900,,정상가동,19.04,380,60,2023,발전사업용,2023-11-14,충청남도 논산시 지역경제과,83,2025-12-28
다올1호 태양광발전소,충청남도 논산시 연산면 연산사계7길 8-21,충청남도 논산시 연산면 장전리 615,36.233298440,127.167050200,,정상가동,79.8,380,60,2023,발전사업용,2023-11-28,충청남도 논산시 지역경제과,446.85,2025-12-28
논산10호 태양광발전소,,충청남도 논산시 은진면 용산리 1,36.164642460,127.129326563,,정상가동,922.845,22900,60,2023,발전사업용,2023-12-14,충청남도 논산시 지역경제과,4249,2025-12-28
감곡 태양광발전소,충청남도 논산시 부적면 충곡로 45-58,충청남도 논산시 부적면 감곡리 95-13,36.209526460,127.164910700,,정상가동,99.96,380,60,2023,발전사업용,2023-12-21,충청남도 논산시 지역경제과,451.8,2025-12-28
이우곤 태양광발전소,충청남도 논산시 성동면 논산평야로 430-20,충청남도 논산시 성동면 원봉리 141-4,36.213177100,127.067213400,,정상가동,17.4,220,60,2023,발전사업용,2023-12-21,충청남도 논산시 지역경제과,60.96,2025-12-28
담이 태양광발전소,충청남도 논산시 연산면 천호1길 23-20,충청남도 논산시 연산면 천호리 154-1,36.237696060,127.231740700,,정상가동,19.965,220,60,2023,발전사업용,2023-12-26,충청남도 논산시 지역경제과,92.1,2025-12-28
안심 태양광발전소,충청남도 논산시 연무읍 안심로 195-1,충청남도 논산시 연무읍 안심리 1102-11,36.138383380,127.100442200,,정상가동,8.925,380,60,2023,발전사업용,2023-12-28,충청남도 논산시 지역경제과,41.88,2025-12-28
영욱 태양광발전소,충청남도 논산시 연산면 선비로866번길 12-13,충청남도 논산시 연산면 어은리 121-2,36.260084270,127.180209300,,정상가동,30.345,380,60,2023,발전사업용,2023-12-28,충청남도 논산시 지역경제과,137.6,2025-12-28
조은 태양광발전소,충청남도 논산시 부적면 감곡1길 38-5,충청남도 논산시 부적면 감곡리 80-37,36.207755510,127.170756800,,정상가동,79.8,380,60,2023,발전사업용,2023-12-28,충청남도 논산시 지역경제과,371.32,2025-12-28
엘림1 태양광발전소,충청남도 논산시 성동면 산업단지로5길 73-26,충청남도 논산시 성동면 원남리 1211-6,36.215477350,127.043463200,,정상가동,58.08,380,60,2023,발전사업용,2023-12-28,충청남도 논산시 지역경제과,266.03,2025-12-28
엘림2 태양광발전소,충청남도 논산시 성동면 산업단지로5길 73-26,충청남도 논산시 성동면 원남리 1211-6,36.215477350,127.043463200,,정상가동,58.08,380,60,2023,발전사업용,2023-12-28,충청남도 논산시 지역경제과,266.03,2025-12-28
오케이 태양광발전소,충청남도 논산시 성동면 산업단지로5길 73-26,충청남도 논산시 성동면 원남리 1211-6,36.215477350,127.043463200,,정상가동,99.825,380,60,2023,발전사업용,2023-12-28,충청남도 논산시 지역경제과,458.92,2025-12-28
고래 태양광발전소,충청남도 논산시 성동면 산업단지로5길 73-26,충청남도 논산시 성동면 원남리 1211-6,36.215477350,127.043463200,,정상가동,99.825,380,60,2023,발전사업용,2023-12-28,충청남도 논산시 지역경제과,458.92,2025-12-28
영재 태양광발전소,충청남도 논산시 성동면 산업단지로5길 73-26,충청남도 논산시 성동면 원남리 1211-6,36.215477350,127.043463200,,정상가동,99.825,380,60,2023,발전사업용,2023-12-28,충청남도 논산시 지역경제과,458.92,2025-12-28
한강 태양광발전소,충청남도 논산시 성동면 산업단지로5길 73-26,충청남도 논산시 성동면 원남리 1211-6,36.215477350,127.043463200,,정상가동,99.825,380,60,2023,발전사업용,2023-12-28,충청남도 논산시 지역경제과,458.92,2025-12-28
문명선에너지,충청남도 논산시 상월면 계룡산로 346,충청남도 논산시 상월면 석종리 279-4,36.312099730,127.169421200,,정상가동,16.065,380,60,2023,발전사업용,2023-12-28,충청남도 논산시 지역경제과,74,2025-12-28
대우12호 태양광발전소,,충청남도 논산시 은진면 용산리 106,36.164619280,127.125433571,,정상가동,99.2,380,60,2024,발전사업용,2024-01-08,충청남도 논산시 지역경제과,969,2025-12-28
일규 태양광발전소,,충청남도 논산시 은진면 용산리 106-1,36.164940167,127.124794279,,정상가동,99.2,380,60,2024,발전사업용,2024-01-08,충청남도 논산시 지역경제과,791,2025-12-28
영민 태양광발전소,,충청남도 논산시 은진면 용산리 106-2,36.164788345,127.124943579,,정상가동,99.2,380,60,2024,발전사업용,2024-01-08,충청남도 논산시 지역경제과,851,2025-12-28
신율 태양광발전소,,충청남도 논산시 은진면 용산리 106-3,36.164590404,127.125596625,,정상가동,99.2,380,60,2024,발전사업용,2024-01-08,충청남도 논산시 지역경제과,748,2025-12-28
한솔2호 태양광발전소,,충청남도 논산시 은진면 용산리 106-4,36.164527210,127.125907954,,정상가동,99.2,380,60,2024,발전사업용,2024-01-08,충청남도 논산시 지역경제과,750,2025-12-28
태광4 태양광발전소,,충청남도 논산시 은진면 용산리 106-5,36.164323667,127.125560352,,정상가동,99.2,380,60,2024,발전사업용,2024-01-08,충청남도 논산시 지역경제과,715,2025-12-28
러브락 태양광발전소,,충청남도 논산시 은진면 용산리 106-6,36.164238531,127.125680513,,정상가동,99.2,380,60,2024,발전사업용,2024-01-08,충청남도 논산시 지역경제과,1152,2025-12-28
은진 태양광발전소,충청남도 논산시 은진면 매죽헌로 462-7,충청남도 논산시 은진면 시묘리 231-7,36.141077810,127.134660040,,정상가동,99.96,380,60,2024,발전사업용,2024-01-29,충청남도 논산시 지역경제과,464,2025-12-28
선웅에너지,충청남도 논산시 은진면 매죽헌로53번길 259-6,충청남도 논산시 은진면 성덕리 347-3,36.165583699,127.130369364,,정상가동,99.96,380,60,2024,발전사업용,2024-02-01,충청남도 논산시 지역경제과,1036,2025-12-28
KEA3호 태양광발전소,충청남도 논산시 은진면 매죽헌로53번길 259-8,충청남도 논산시 은진면 성덕리 347,36.165956360,127.130090401,,정상가동,49.98,380,60,2024,발전사업용,2024-02-01,충청남도 논산시 지역경제과,741,2025-12-28
점숙 태양광발전소,충청남도 논산시 연무읍 고내곡로204번길 9,충청남도 논산시 연무읍 고내리 325-2,36.075336140,127.110851800,,정상가동,18,380,60,2024,발전사업용,2024-02-02,충청남도 논산시 지역경제과,99.52,2025-12-28
성식 태양광발전소,충청남도 논산시 연무읍 마봉로 195-18,충청남도 논산시 연무읍 봉동리 1258,36.098833980,127.077637800,,정상가동,18,380,60,2024,발전사업용,2024-02-02,충청남도 논산시 지역경제과,89.24,2025-12-28
로이 태양광2 발전소,충청남도 논산시 연무읍 득안대로84번길 1,충청남도 논산시 연무읍 마전리 251-4,36.080283030,127.093831100,,정상가동,499.8,380,60,2024,발전사업용,2024-02-15,충청남도 논산시 지역경제과,2895,2025-12-28
로이 태양광3 발전소,충청남도 논산시 연무읍 득안대로84번길 1,충청남도 논산시 연무읍 마전리 251-4,36.080283030,127.093831100,,정상가동,192.08,380,60,2024,발전사업용,2024-02-15,충청남도 논산시 지역경제과,1080,2025-12-28
JK 태양광발전소,충청남도 논산시 연무읍 득안대로84번길 1,충청남도 논산시 연무읍 마전리 251-4,36.080283030,127.093831100,,정상가동,99.96,380,60,2024,발전사업용,2024-02-15,충청남도 논산시 지역경제과,585,2025-12-28
정숙 태양광발전소,충청남도 논산시 은진면 교와길 41-17,충청남도 논산시 은진면 교촌리 128-22,36.175756370,127.109803097,,정상가동,15.73,380,60,2024,발전사업용,2024-02-15,충청남도 논산시 지역경제과,112.84,2025-12-28
안산건업㈜ 태양광발전소,충청남도 논산시 가야곡면 가야공단길 14-21,충청남도 논산시 가야곡면 야촌리 483-19,36.132075600,127.142432600,,정상가동,113.4,380,60,2024,발전사업용,2024-02-15,충청남도 논산시 지역경제과,522,2025-12-28
수암 태양광발전소,충청남도 논산시 양촌면 황산벌로 1256,충청남도 논산시 양촌면 명암리 125-5,36.192536160,127.211266900,,정상가동,99.375,380,60,2024,발전사업용,2024-02-26,충청남도 논산시 지역경제과,443,2025-12-28
형자 태양광발전소,,충청남도 논산시 은진면 성덕리 346,36.166132340,127.131088949,,정상가동,99.96,380,60,2024,발전사업용,2024-02-27,충청남도 논산시 지역경제과,1087,2025-12-28
KEA2호 태양광발전소,,충청남도 논산시 은진면 성덕리 346-2,36.166357657,127.130291504,,정상가동,99.96,380,60,2024,발전사업용,2024-02-27,충청남도 논산시 지역경제과,853,2025-12-28
KES1호 태양광발전소,,충청남도 논산시 은진면 성덕리 346-3,36.166308163,127.130558292,,정상가동,99.96,380,60,2024,발전사업용,2024-02-27,충청남도 논산시 지역경제과,838,2025-12-28
호연5호 태양광발전소,,충청남도 논산시 은진면 성덕리 346-4,36.166261059,127.130811564,,정상가동,99.96,380,60,2024,발전사업용,2024-02-27,충청남도 논산시 지역경제과,825,2025-12-28
논산덕성5호 태양광발전소,,충청남도 논산시 은진면 성덕리 346-5,36.166208249,127.131052817,,정상가동,99.96,380,60,2024,발전사업용,2024-02-27,충청남도 논산시 지역경제과,864,2025-12-28
시온 태양광발전소,,충청남도 논산시 은진면 성덕리 346-6,36.166202435,127.131363981,,정상가동,99.96,380,60,2024,발전사업용,2024-02-27,충청남도 논산시 지역경제과,849,2025-12-28
금성 태양광발전소,,충청남도 논산시 은진면 성덕리 346-7,36.166104799,127.131507216,,정상가동,99.96,380,60,2024,발전사업용,2024-02-27,충청남도 논산시 지역경제과,800,2025-12-28
논산8호 태양광발전소,,충청남도 논산시 은진면 성덕리 346-8,36.165886108,127.131581916,,정상가동,99.96,380,60,2024,발전사업용,2024-02-27,충청남도 논산시 지역경제과,765,2025-12-28
논산덕성9호 태양광발전소,,충청남도 논산시 은진면 성덕리 346-9,36.166040786,127.132115455,,정상가동,99.96,380,60,2024,발전사업용,2024-02-27,충청남도 논산시 지역경제과,990,2025-12-28
논산덕성10호 태양광발전소,,충청남도 논산시 은진면 성덕리 346-10,36.165915740,127.132164346,,정상가동,99.96,380,60,2024,발전사업용,2024-02-27,충청남도 논산시 지역경제과,849,2025-12-28
YH에너지,,충청남도 논산시 은진면 성덕리 346-11,36.165754074,127.132163323,,정상가동,49.98,380,60,2024,발전사업용,2024-02-27,충청남도 논산시 지역경제과,904,2025-12-28
호반1호 태양광발전소,충청남도 논산시 성동면 산업단지로1길 61,충청남도 논산시 성동면 원북리 288-3,36.221519500,127.045069300,,정상가동,19.8,380,60,2024,발전사업용,2024-03-06,충청남도 논산시 지역경제과,124,2025-12-28
극리1호 태양광발전소,,충청남도 논산시 가야곡면 등리 120-14,36.150855372,127.171265700,,정상가동,99.63,380,60,2024,발전사업용,2024-03-07,충청남도 논산시 지역경제과,1004,2025-12-28
극리2호 태양광발전소,,충청남도 논산시 가야곡면 등리 120-14,36.150855372,127.171265700,,정상가동,99.63,380,60,2024,발전사업용,2024-03-07,충청남도 논산시 지역경제과,899,2025-12-28
유원영1호에너지,충청남도 논산시 상월면 대명1길 78-19,충청남도 논산시 상월면 대명리 766-3,36.288506680,127.189041200,,정상가동,19.635,380,60,2024,발전사업용,2024-03-12,충청남도 논산시 지역경제과,88,2025-12-28
토성골프 태양광발전소,충청남도 논산시 은진면 탑정로 311,충청남도 논산시 은진면 교촌리 308-10,36.171309370,127.099633100,,정상가동,54.735,380,60,2024,발전사업용,2024-03-18,충청남도 논산시 지역경제과,240.3,2025-12-28
대성 태양광발전소,충청남도 논산시 은진면 버들길 103,충청남도 논산시 은진면 시묘리 399,36.155346130,127.129899400,,정상가동,99.82,380,60,2024,발전사업용,2024-03-18,충청남도 논산시 지역경제과,396,2025-12-28
재진 태양광발전소,충청남도 논산시 벌곡면 대둔로1189번길 13,충청남도 논산시 벌곡면 조령리 118-9,36.235412130,127.273047300,,정상가동,99.55,380,60,2024,발전사업용,2024-04-01,충청남도 논산시 지역경제과,469,2025-12-28
해나12호 태양광발전소,충청남도 논산시 성동면 원남길 279,충청남도 논산시 성동면 원남리 1011-9,36.209170484,127.017028600,,정상가동,99.82,380,60,2024,발전사업용,2024-04-04,충청남도 논산시 지역경제과,433,2025-12-28
무니1호 태양광발전소,충청남도 논산시 성동면 원남길 279,충청남도 논산시 성동면 원남리 1011-9,36.209170484,127.017028600,,정상가동,27.28,380,60,2024,발전사업용,2024-04-04,충청남도 논산시 지역경제과,118,2025-12-28
현정1호 태양광발전소,충청남도 논산시 성동면 원남길 279,충청남도 논산시 성동면 원남리 1011-9,36.209170484,127.017028600,,정상가동,99.82,380,60,2024,발전사업용,2024-04-04,충청남도 논산시 지역경제과,433,2025-12-28
봉권1호 태양광발전소,충청남도 논산시 성동면 원남길 279,충청남도 논산시 성동면 원남리 1011-9,36.209170484,127.017028600,,정상가동,99.82,380,60,2024,발전사업용,2024-04-04,충청남도 논산시 지역경제과,433,2025-12-28
피카츄2호 태양광발전소,충청남도 논산시 성동면 원남길 279,충청남도 논산시 성동면 원남리 1011-9,36.209170484,127.017028600,,정상가동,99.82,380,60,2024,발전사업용,2024-04-04,충청남도 논산시 지역경제과,433,2025-12-28
권영 태양광발전소,충청남도 논산시 연산면 선비로245번길 14,충청남도 논산시 연산면 청동리 583-3,36.214457130,127.200726300,,정상가동,36.905,380,60,2024,발전사업용,2024-04-25,충청남도 논산시 지역경제과,166,2025-12-28
상연 태양광,충청남도 논산시 광석면 논산평야로 435-131,충청남도 논산시 광석면 갈산리 727-1,36.224499150,127.072162400,,정상가동,99.6,380,60,2024,발전사업용,2024-04-25,충청남도 논산시 지역경제과,463,2025-12-28
신라 태양광발전소,충청남도 논산시 연산면 선비로 696,충청남도 논산시 연산면 백석리 546,36.244733800,127.177265200,,정상가동,99.96,380,60,2024,발전사업용,2024-04-25,충청남도 논산시 지역경제과,464,2025-12-28
백석1호 태양광발전소,충청남도 논산시 연산면 선비로646번길 65-58,충청남도 논산시 연산면 백석리 185-77,36.245964900,127.188769000,,정상가동,32.5,380,60,2024,발전사업용,2024-05-27,충청남도 논산시 지역경제과,145.22,2025-12-28
은숙4호 태양광발전소,충청남도 논산시 연무읍 고내곡로 27-10,충청남도 논산시 연무읍 고내리 823-4,36.085235470,127.095617500,,정상가동,57.96,380,60,2024,발전사업용,2024-09-02,충청남도 논산시 지역경제과,251.24,2025-12-28
쌍둥이농장1호 태양광발전소,,충청남도 논산시 양촌면 거사리 302-10,36.178513680,127.205982300,,정상가동,98.425,380,60,2024,발전사업용,2024-09-06,충청남도 논산시 지역경제과,417,2025-12-28
쌍둥이농장2호 태양광발전소,,충청남도 논산시 양촌면 거사리 302-10,36.178513680,127.205982300,,정상가동,85.725,380,60,2024,발전사업용,2024-09-06,충청남도 논산시 지역경제과,417,2025-12-28
대홍 태양광발전소,충청남도 논산시 양촌면 반곡길 72,충청남도 논산시 양촌면 반곡리 100,36.185139800,127.213097500,,정상가동,99.06,380,60,2024,발전사업용,2024-09-06,충청남도 논산시 지역경제과,421,2025-12-28
공간 태양광발전소,충청남도 논산시 중앙로398번길 19-7,충청남도 논산시 취암동 1061-14,36.201213970,127.090206400,,정상가동,18.15,380,60,2024,발전사업용,2024-09-19,충청남도 논산시 지역경제과,83.7,2025-12-28
춘옥 태양광발전소,충청남도 논산시 연산면 고양길 58-9,충청남도 논산시 연산면 고양리 101,36.220035960,127.198033600,,정상가동,16.875,380,60,2024,발전사업용,2024-09-19,충청남도 논산시 지역경제과,71.32,2025-12-28
혜정쏠라 태양광발전소,충청남도 논산시 광석면 사계로1031번길 17-39,충청남도 논산시 광석면 항월리 170,36.237922650,127.127885300,,정상가동,196.85,380,60,2024,발전사업용,2024-09-19,충청남도 논산시 지역경제과,816.23,2025-12-28
재우1호 태양광발전소,충청남도 논산시 연무읍 동안로 1173-6,충청남도 논산시 연무읍 동산리 1012,36.125222610,127.133186400,,정상가동,99.6,380,60,2024,발전사업용,2024-09-26,충청남도 논산시 지역경제과,458.49,2025-12-28
재우2호 태양광발전소,충청남도 논산시 연무읍 동안로 1173-6,충청남도 논산시 연무읍 동산리 1012,36.125222610,127.133186400,,정상가동,41.58,380,60,2024,발전사업용,2024-09-26,충청남도 논산시 지역경제과,182.29,2025-12-28
희연 태양광발전소,충청남도 논산시 연무읍 동안로 1173-6,충청남도 논산시 연무읍 동산리 1012,36.125222610,127.133186400,,정상가동,99.6,380,60,2024,발전사업용,2024-09-26,충청남도 논산시 지역경제과,458.49,2025-12-28
아리 태양광발전소,충청남도 논산시 연무읍 동안로 1173-6,충청남도 논산시 연무읍 동산리 1012,36.125222610,127.133186400,,정상가동,99.6,380,60,2024,발전사업용,2024-09-26,충청남도 논산시 지역경제과,458.49,2025-12-28
불휘햇빛30호 발전소,충청남도 논산시 논산대로 119 (등화동),충청남도 논산시 등화동 5,36.1848039405,127.078445400,,정상가동,99.695,380,60,2024,발전사업용,2024-10-21,충청남도 논산시 지역경제과,431.7,2025-12-28
불휘햇빛31호 발전소,충청남도 논산시 논산대로 119 (등화동),충청남도 논산시 등화동 5,36.1848039405,127.078445400,,정상가동,99.695,380,60,2024,발전사업용,2024-10-21,충청남도 논산시 지역경제과,432.1,2025-12-28
불휘햇빛32호 발전소,충청남도 논산시 논산대로 119 (등화동),충청남도 논산시 등화동 5,36.1848039405,127.078445400,,정상가동,99.695,380,60,2024,발전사업용,2024-10-21,충청남도 논산시 지역경제과,438.3,2025-12-28
강변 태양광발전소,충청남도 논산시 강경읍 대흥로 62,충청남도 논산시 강경읍 황산리 19-34,36.158916400,127.011563000,,정상가동,62.23,380,60,9999,발전사업용,2024-10-29,충청남도 논산시 지역경제과,274,2025-12-28
선명 발전소,충청남도 논산시 벌곡면 만어1길 74-4,충청남도 논산시 벌곡면 만목리 332,36.187637100,127.309953700,,정상가동,30.24,380,60,9999,발전사업용,2024-10-29,충청남도 논산시 지역경제과,130.9,2025-12-28
월성3호 태양광발전소,,충청남도 논산시 성동면 원남리 930-9,36.203947300,127.0260256767,,정상가동,33.02,380,60,9999,발전사업용,2024-10-29,충청남도 논산시 지역경제과,145.6,2025-12-28
성덕 태양광발전소,충청남도 논산시 은진면 원앙로 1157-1,충청남도 논산시 은진면 성덕리 314-3,36.175187200,127.129422800,,정상가동,19.965,380,60,9999,발전사업용,2024-12-23,충청남도 논산시 지역경제과,92.07,2025-12-28
유성 태양광발전소,충청남도 논산시 연산면 선비로357번길 152,충청남도 논산시 연산면 표정리 633-9,36.218038400,127.179372800,,정상가동,296.73,380,60,9999,발전사업용,2024-12-23,충청남도 논산시 지역경제과,1296.59,2025-12-28
만형1호 태양광발전소,충청남도 논산시 연산면 선비로 672-9,충청남도 논산시 연산면 백석리 546-29,36.243590300,127.177305800,,정상가동,68.58,380,60,9999,발전사업용,2024-12-23,충청남도 논산시 지역경제과,310.9,2025-12-28
만형2호 태양광발전소,,"충청남도 논산시 연산면 백석리 546-36, 546-50",36.2432231521,127.176919585,,정상가동,59.69,380,60,9999,발전사업용,2024-12-23,충청남도 논산시 지역경제과,271.3,2025-12-28
만형3호 태양광발전소,,"충청남도 논산시 연산면 백석리 546-36, 546-50",36.2432231521,127.176919585,,정상가동,34.925,380,60,9999,발전사업용,2024-12-23,충청남도 논산시 지역경제과,155.6,2025-12-28
충남농원1호 태양광발전소,,"충청남도 논산시 양촌면 신기리 46-1, 46-4, 46-6",36.1122586522,127.2748975411,,정상가동,99.4,380,60,9999,발전사업용,2024-12-23,충청남도 논산시 지역경제과,441.1,2025-12-28
충남농원2호 태양광발전소,,"충청남도 논산시 양촌면 신기리 46-1, 46-4, 46-6",36.1122586522,127.2748975411,,정상가동,99.4,380,60,9999,발전사업용,2024-12-23,충청남도 논산시 지역경제과,441.1,2025-12-28
삼영쏠라 태양광발전소,,"충청남도 논산시 연무읍 동산리 673, 681, 682",36.1352018546,127.1103913369,,정상가동,98.28,380,60,9999,발전사업용,2025-01-06,충청남도 논산시 지역경제과,1112,2025-12-28
경희 태양광발전소,,"충청남도 논산시 연무읍 동산리 673, 681, 682",36.1352018546,127.1103913369,,정상가동,98.28,380,60,9999,발전사업용,2025-01-06,충청남도 논산시 지역경제과,945,2025-12-28
가번 태양광발전소,,"충청남도 논산시 연무읍 동산리 673, 681, 682",36.1352018546,127.1103913369,,정상가동,98.28,380,60,9999,발전사업용,2025-01-06,충청남도 논산시 지역경제과,864,2025-12-28
청하2 태양광발전소,,"충청남도 논산시 연무읍 동산리 673, 680, 681, 682",36.1352018546,127.1103913369,,정상가동,98.28,380,60,9999,발전사업용,2025-01-06,충청남도 논산시 지역경제과,917,2025-12-28
논산65 태양광발전소,,"충청남도 논산시 연무읍 동산리 673, 680, 681, 682",36.1352018546,127.1103913369,,정상가동,98.28,380,60,9999,발전사업용,2025-01-06,충청남도 논산시 지역경제과,824,2025-12-28
KES3 태양광발전소,,"충청남도 논산시 연무읍 동산리 673, 680, 681, 682",36.1352018546,127.1103913369,,정상가동,98.28,380,60,9999,발전사업용,2025-01-06,충청남도 논산시 지역경제과,825,2025-12-28
KES4 태양광발전소,,"충청남도 논산시 연무읍 동산리 673, 681",36.1352018546,127.1103913369,,정상가동,98.28,380,60,9999,발전사업용,2025-01-06,충청남도 논산시 지역경제과,950,2025-12-28
KH 태양광발전소,,"충청남도 논산시 연무읍 동산리 673, 680, 681, 682",36.1352018546,127.1103913369,,정상가동,98.28,380,60,9999,발전사업용,2025-01-06,충청남도 논산시 지역경제과,932,2025-12-28
아진 태양광발전소,,"충청남도 논산시 연무읍 동산리 673, 680, 681, 682",36.1352018546,127.1103913369,,정상가동,98.28,380,60,9999,발전사업용,2025-01-06,충청남도 논산시 지역경제과,863,2025-12-28
광선 태양광발전소,,"충청남도 논산시 연무읍 동산리 679, 680",36.1343802115,127.1113377743,,정상가동,98.28,380,60,9999,발전사업용,2025-01-06,충청남도 논산시 지역경제과,854,2025-12-28
성궈니 태양광발전소,,"충청남도 논산시 연무읍 동산리 676, 679, 680",36.1345602975,127.1100922868,,정상가동,98.28,380,60,9999,발전사업용,2025-01-06,충청남도 논산시 지역경제과,863,2025-12-28
수지니 태양광발전소,,"충청남도 논산시 연무읍 동산리 676, 679, 680",36.1345602975,127.1100922868,,정상가동,98.28,380,60,9999,발전사업용,2025-01-06,충청남도 논산시 지역경제과,889,2025-12-28
원석 태양광발전소,,"충청남도 논산시 연무읍 동산리 676, 679, 680",36.1345602975,127.1100922868,,정상가동,98.28,380,60,9999,발전사업용,2025-01-06,충청남도 논산시 지역경제과,886,2025-12-28
덕진 태양광발전소,,"충청남도 논산시 연무읍 동산리 676, 679",36.1345602975,127.1100922868,,정상가동,98.28,380,60,9999,발전사업용,2025-01-06,충청남도 논산시 지역경제과,853,2025-12-28
한윤우 태양광발전소,,"충청남도 논산시 연무읍 동산리 677, 678, 679",36.1337147957,127.11172442,,정상가동,98.28,380,60,9999,발전사업용,2025-01-06,충청남도 논산시 지역경제과,916,2025-12-28
논산19 태양광발전소,,"충청남도 논산시 연무읍 동산리 677, 678",36.1337147957,127.11172442,,정상가동,98.28,380,60,9999,발전사업용,2025-01-06,충청남도 논산시 지역경제과,949,2025-12-28
희궁2 태양광발전소,,"충청남도 논산시 연무읍 동산리 677, 678",36.1337147957,127.11172442,,정상가동,98.28,380,60,9999,발전사업용,2025-01-06,충청남도 논산시 지역경제과,983,2025-12-28
연금 태양광발전소,,"충청남도 논산시 연무읍 동산리 677, 678",36.1337147957,127.11172442,,정상가동,98.28,380,60,9999,발전사업용,2025-01-06,충청남도 논산시 지역경제과,993,2025-12-28
숙진리2호 태양광발전소,,충청남도 논산시 상월면 숙진리 91-3,36.253804200,127.1547752331,,정상가동,99.76,380,60,9999,발전사업용,2025-02-03,충청남도 논산시 지역경제과,471.2,2025-12-28
숙진리3호 태양광발전소,,충청남도 논산시 상월면 숙진리 93-3,36.249450400,127.148825200,,정상가동,99.76,380,60,9999,발전사업용,2025-02-03,충청남도 논산시 지역경제과,471.2,2025-12-28
숙진리1호 태양광발전소,,충청남도 논산시 상월면 숙진리 91-3,36.253804200,127.1547752331,,정상가동,99.76,380,60,9999,발전사업용,2025-02-03,충청남도 논산시 지역경제과,471.2,2025-12-28
현 태양광발전소,,"충청남도 논산시 상월면 숙진리 92-34, 95-2",36.2542711934,127.1534190754,,정상가동,99.76,380,60,9999,발전사업용,2025-02-03,충청남도 논산시 지역경제과,455.1,2025-12-28
김준 태양광발전소,,충청남도 논산시 상월면 숙진리 92-34,36.254212000,127.1534190754,,정상가동,99.76,380,60,9999,발전사업용,2025-02-03,충청남도 논산시 지역경제과,471.2,2025-12-28
흥 태양광발전소,,충청남도 논산시 상월면 숙진리 92-34,36.254212000,127.1534190754,,정상가동,99.76,380,60,9999,발전사업용,2025-02-03,충청남도 논산시 지역경제과,471.2,2025-12-28
진 태양광발전소,,충청남도 논산시 상월면 숙진리 92-34,36.254212000,127.1534190754,,정상가동,99.76,380,60,9999,발전사업용,2025-02-03,충청남도 논산시 지역경제과,471.2,2025-12-28
수 태양광발전소,,충청남도 논산시 상월면 숙진리 92-34,36.254212000,127.1534190754,,정상가동,99.76,380,60,9999,발전사업용,2025-02-03,충청남도 논산시 지역경제과,471.2,2025-12-28
영 태양광발전소,,충청남도 논산시 상월면 숙진리 92-34,36.254212000,127.1534190754,,정상가동,99.76,380,60,9999,발전사업용,2025-02-03,충청남도 논산시 지역경제과,471.2,2025-12-28
프리비젼스 태양광발전소,충청남도 논산시 은진면 탑정로 596,충청남도 논산시 은진면 성덕리 315,36.175188100,127.1287557006,,정상가동,39.69,380,60,9999,발전사업용,2025-02-04,충청남도 논산시 지역경제과,175.77,2025-12-28
하나1호 태양광발전소,충청남도 논산시 은진면 매죽헌로 575,충청남도 논산시 은진면 시묘리 125-10,36.134350600,127.140210700,,정상가동,52.92,380,60,9999,발전사업용,2025-03-11,충청남도 논산시 지역경제과,234.612,2025-12-28
혜원썬 태양광발전소,,충청남도 논산시 가야곡면 양촌리 412,36.125997500,127.1919799565,,정상가동,99.2,380,60,9999,발전사업용,2025-04-04,충청남도 논산시 지역경제과,447.2,2025-12-28
혜광 태양광발전소,,충청남도 논산시 가야곡면 양촌리 412,36.125997500,127.1919799565,,정상가동,99.2,380,60,9999,발전사업용,2025-04-04,충청남도 논산시 지역경제과,447.2,2025-12-28
미호썬 태양광발전소,,충청남도 논산시 가야곡면 양촌리 412,36.125997500,127.1919799565,,정상가동,99.2,380,60,9999,발전사업용,2025-04-04,충청남도 논산시 지역경제과,447.2,2025-12-28
호연4호 태양광발전소,,"충청남도 논산시 가야곡면 양촌리 409-1, 410",36.125145043,127.1924750926,,정상가동,99.2,380,60,9999,발전사업용,2025-04-04,충청남도 논산시 지역경제과,447.2,2025-12-28
호연5호 태양광발전소,,"충청남도 논산시 가야곡면 양촌리 409-1, 410",36.125145043,127.1924750926,,정상가동,99.2,380,60,9999,발전사업용,2025-04-04,충청남도 논산시 지역경제과,447.2,2025-12-28
호연6호 태양광발전소,,충청남도 논산시 가야곡면 양촌리 412,36.125997500,127.1919799565,,정상가동,56.42,380,60,9999,발전사업용,2025-04-04,충청남도 논산시 지역경제과,254.4,2025-12-28
호연7호 태양광발전소,,충청남도 논산시 가야곡면 양촌리 407,36.125238700,127.1929458251,,정상가동,42.16,380,60,9999,발전사업용,2025-04-04,충청남도 논산시 지역경제과,190,2025-12-28
더덕1 태양광발전소,,"충청남도 논산시 광석면 사월리 292-23, 292-24",36.2511832262,127.0961045503,,정상가동,400,380,60,9999,발전사업용,2025-05-14,충청남도 논산시 지역경제과,1722.55,2025-12-28
더덕2 태양광발전소,,"충청남도 논산시 광석면 사월리 292-23, 292-24",36.2511832262,127.0961045503,,정상가동,89.6,380,60,9999,발전사업용,2025-05-14,충청남도 논산시 지역경제과,391.3,2025-12-28
㈜한일 2호 태양광발전소,충청남도 논산시 부적면 예학로 172,충청남도 논산시 부적면 반송리 13-6,36.207104700,127.147778300,,정상가동,74.295,380,60,9999,발전사업용,2025-05-14,충청남도 논산시 지역경제과,327,2025-12-28
태광 태양광발전소,,"충청남도 논산시 연무읍 죽평리 366-2, 366-16",36.1110155386,127.0991386195,,정상가동,47.625,380,60,9999,발전사업용,2025-05-14,충청남도 논산시 지역경제과,209.6,2025-12-28
광희3호 태양광발전소,충청남도 논산시 가야곡면 원앙종연1길 74-10,충청남도 논산시 가야곡면 종연리 729-9,36.164096500,127.1500813786,,정상가동,19.635,380,60,9999,발전사업용,2025-06-11,충청남도 논산시 지역경제과,89.199,2025-12-28
김구중 태양광발전소,충청남도 논산시 은진면 득안대로 999-30,충청남도 논산시 은진면 방축리 728-27,36.155588200,127.098386400,,정상가동,11.52,380,60,9999,발전사업용,2025-06-18,충청남도 논산시 지역경제과,60,2025-12-28
대지 태양광발전소,,"충청남도 논산시 부적면 마구평리 101, 114-9",36.2122001021,127.1162014145,,정상가동,69.76,380,60,9999,발전사업용,2025-06-18,충청남도 논산시 지역경제과,304.7,2025-12-28
지정 태양광발전소,,"충청남도 논산시 양촌면 거사리 97, 100-2",36.1714993014,127.2108701232,,정상가동,99.06,380,60,9999,발전사업용,2025-07-09,충청남도 논산시 지역경제과,421,2025-12-28
채현 태양광발전소,충청남도 논산시 연산면 청동로 63,충청남도 논산시 연산면 청동리 524-1,36.210381400,127.2001852721,,정상가동,30.48,380,60,9999,발전사업용,2025-07-09,충청남도 논산시 지역경제과,431.02,2025-12-28
HS 태양광발전소,,"충청남도 논산시 연무읍 동산리 680, 681, 682",36.1347503747,127.1111359752,,정상가동,98.28,380,60,9999,발전사업용,2025-07-30,충청남도 논산시 지역경제과,921,2025-12-28
햇살 태양광발전소,,"충청남도 논산시 연무읍 동산리 679, 680, 681, 682",36.1343802115,127.1113377743,,정상가동,98.28,380,60,9999,발전사업용,2025-07-30,충청남도 논산시 지역경제과,841,2025-12-28
베스트솔라 태양광발전소,충청남도 논산시 연산면 고정길 192,충청남도 논산시 연산면 고정리 129-3,36.191635400,127.189852700,,정상가동,90.17,380,60,9999,발전사업용,2025-07-30,충청남도 논산시 지역경제과,474,2025-12-28
유우열 태양광발전소,충청남도 논산시 양촌면 대둔로 70,충청남도 논산시 양촌면 모촌리 151-2,36.160305600,127.213793700,,정상가동,19.84,380,60,9999,발전사업용,2025-08-07,충청남도 논산시 지역경제과,89.06,2025-12-28
박홍연 태양광발전소,충청남도 논산시 광석면 사계로 941-16,충청남도 논산시 광석면 항월리 201-1,36.2407063938,127.1258918179,,정상가동,10.88,380,60,9999,발전사업용,2025-08-07,충청남도 논산시 지역경제과,46.58,2025-12-28
현성배 태양광,충청남도 논산시 양촌면 이메4길 10,충청남도 논산시 양촌면 임화리 129-3,36.112828400,127.2340976702,,정상가동,26.67,380,60,9999,발전사업용,2025-08-11,충청남도 논산시 지역경제과,117,2025-12-28
논산현민 태양광발전소,,충청남도 논산시 광석면 갈산리 118-1,36.233138900,127.068325700,,정상가동,39,380,60,9999,발전사업용,2025-08-11,충청남도 논산시 지역경제과,162,2025-12-28
희숙1 태양광발전소,,충청남도 논산시 연무읍 고내리 270,36.0707423028,127.1272694887,,정상가동,89.6,380,60,9999,발전사업용,2025-08-29,충청남도 논산시 지역경제과,429.52,2025-12-28
희숙2 태양광발전소,,충청남도 논산시 연무읍 고내리 270-3,36.070613400,127.127055200,,정상가동,89.6,380,60,9999,발전사업용,2025-08-29,충청남도 논산시 지역경제과,429.52,2025-12-28
상월농협4호 태양광발전소,충청남도 논산시 상월면 백일헌로 1009,충청남도 논산시 상월면 산성리 80-3,36.291085200,127.141411700,,정상가동,78.08,380,60,9999,발전사업용,2025-08-29,충청남도 논산시 지역경제과,354,2025-12-28
백석2호 태양광발전소,충청남도 논산시 연산면 선비로646번길 65-60,충청남도 논산시 연산면 백석리 185-82,36.245844298,127.188762926,,정상가동,32.5,380,60,2024,발전사업용,2024-05-27,충청남도 논산시 지역경제과,145.22,2025-12-28
백석3호 태양광발전소,충청남도 논산시 연산면 선비로646번길 65-62,충청남도 논산시 연산면 백석리 185-83,36.245768078,127.188668728,,정상가동,16.25,380,60,2024,발전사업용,2024-05-27,충청남도 논산시 지역경제과,72.613,2025-12-28
신당1호 태양광발전소,,충청남도 논산시 광석면 신당리 317,36.243990166,127.075434900,,정상가동,99,380,60,2024,발전사업용,2024-05-27,충청남도 논산시 지역경제과,433.88,2025-12-28
신당2호 태양광발전소,,충청남도 논산시 광석면 신당리 317,36.243990166,127.075434900,,정상가동,99,380,60,2024,발전사업용,2024-05-27,충청남도 논산시 지역경제과,433.88,2025-12-28
신당3호 태양광발전소,,충청남도 논산시 광석면 신당리 317,36.243990166,127.075434900,,정상가동,99,380,60,2024,발전사업용,2024-05-27,충청남도 논산시 지역경제과,433.88,2025-12-28
신당4호 태양광발전소,,충청남도 논산시 광석면 신당리 317,36.243990166,127.075434900,,정상가동,49.5,380,60,2024,발전사업용,2024-05-27,충청남도 논산시 지역경제과,233.64,2025-12-28
블루지움 태양광발전소,충청남도 논산시 중앙로384번길 25-2,충청남도 논산시 취암동 1064-7,36.200192120,127.092130800,,정상가동,28.435,380,60,2024,발전사업용,2024-05-27,충청남도 논산시 지역경제과,131.22,2025-12-28
성우 태양광발전소,충청남도 논산시 광석면 장마루로 109,충청남도 논산시 광석면 이사리 397-4,36.225433770,127.081172400,,정상가동,798.6,22900,60,2024,발전사업용,2024-05-27,충청남도 논산시 지역경제과,3658.32,2025-12-28
논산영진 태양광발전소,충청남도 논산시 노성면 노성로 586-7,충청남도 논산시 노성면 교촌리 182,36.276609768,127.131991734,,정상가동,300,380,60,2024,발전사업용,2024-06-05,충청남도 논산시 지역경제과,1395,2025-12-28
진우1호 태양광발전소,충청남도 논산시 연산면 선비로720번길 62-10,충청남도 논산시 연산면 백석리 545-20,36.245082970,127.183514500,,정상가동,76.23,380,60,2024,발전사업용,2024-06-05,충청남도 논산시 지역경제과,337.59,2025-12-28
늘푸른 태양광발전소,충청남도 논산시 연무읍 동안로 476-16,충청남도 논산시 연무읍 신화리 1351-4,36.139638690,127.060794400,,정상가동,99.695,380,60,2024,발전사업용,2024-06-07,충청남도 논산시 지역경제과,428,2025-12-28
하율 태양광발전소,충청남도 논산시 연무읍 동안로 476-16,충청남도 논산시 연무읍 신화리 1351-4,36.139638690,127.060794400,,정상가동,99.695,380,60,2024,발전사업용,2024-06-07,충청남도 논산시 지역경제과,428,2025-12-28
은하발전소,충청남도 논산시 노성면 노성로405번길 43-10,충청남도 논산시 노성면 송당리 230-1,36.281428140,127.113466000,,정상가동,11.9,380,60,2024,발전사업용,2024-06-18,충청남도 논산시 지역경제과,73.78,2025-12-28
정운 태양광발전소,충청남도 논산시 부적면 부인길 18,충청남도 논산시 부적면 마구평리 130-1,36.212408790,127.114444200,,정상가동,69.44,380,60,2024,발전사업용,2024-06-18,충청남도 논산시 지역경제과,314,2025-12-28
차니 태양광발전소,충청남도 논산시 벌곡면 대둔로1189번길 38,충청남도 논산시 벌곡면 조령리 218,36.237238680,127.272552100,,정상가동,39.68,380,60,2024,발전사업용,2024-06-18,충청남도 논산시 지역경제과,393,2025-12-28
우리 발전소,충청남도 논산시 노성면 논산평야로 1178,충청남도 논산시 노성면 두사리 153,36.255366270,127.114973000,,정상가동,45.36,380,60,2024,발전사업용,2024-07-08,충청남도 논산시 지역경제과,201.02,2025-12-28
양촌2 태양광발전소,,충청남도 논산시 양촌면 명암리 315,36.202890690,127.208383200,,정상가동,499.72,380,60,2024,발전사업용,2024-07-09,충청남도 논산시 지역경제과,2250,2025-12-28
재범 태양광발전소,충청남도 논산시 가야곡면 함적길 27-27,충청남도 논산시 가야곡면 함적리 203-1,36.157502361,127.188691085,,정상가동,49.6,380,60,2024,발전사업용,2024-08-07,충청남도 논산시 지역경제과,219.25,2025-12-28
재성 태양광발전소,충청남도 논산시 가야곡면 함적길 27-27,충청남도 논산시 가야곡면 함적리 203-1,36.157502361,127.188691085,,정상가동,49.6,380,60,2024,발전사업용,2024-08-07,충청남도 논산시 지역경제과,219.25,2025-12-28
감바위 태양광발전소,충청남도 논산시 연무읍 감바위로30번길 12-2,충청남도 논산시 연무읍 양지리 535-41,36.122038750,127.129122300,,정상가동,20,380,60,2024,발전사업용,2024-08-07,충청남도 논산시 지역경제과,93.36,2025-12-28
시묘3리노인회 태양광발전소,충청남도 논산시 은진면 매죽헌로309번길 22,충청남도 논산시 은진면 시묘리 529-4,36.152305630,127.124498700,,정상가동,16,380,60,2024,발전사업용,2024-08-28,충청남도 논산시 지역경제과,76.16,2025-12-28
은숙1호 태양광발전소,,충청남도 논산시 연무읍 고내리 932-3,36.084701420,127.095312700,,정상가동,97.02,380,60,2024,발전사업용,2024-09-02,충청남도 논산시 지역경제과,428.32,2025-12-28
은숙2호 태양광발전소,충청남도 논산시 연무읍 고내곡로 27-10,충청남도 논산시 연무읍 고내리 823-4,36.085235470,127.095617500,,정상가동,97.02,380,60,2024,발전사업용,2024-09-02,충청남도 논산시 지역경제과,420.56,2025-12-28
은숙3호 태양광발전소,충청남도 논산시 연무읍 고내곡로 27-10,충청남도 논산시 연무읍 고내리 823-4,36.085235470,127.095617500,,정상가동,97.02,380,60,2024,발전사업용,2024-09-02,충청남도 논산시 지역경제과,450.56,2025-12-28
하나2호 태양광발전소,충청남도 논산시 은진면 매죽헌로 575-1,충청남도 논산시 은진면 시묘리 125-12,36.133971900,127.140387800,,정상가동,22.05,380,60,9999,발전사업용,2025-03-11,충청남도 논산시 지역경제과,97.755,2025-12-28
다원 태양광발전소,,충청남도 논산시 성동면 화정리 97-11,36.202453000,127.050019400,,정상가동,29.4,380,60,9999,발전사업용,2025-03-28,충청남도 논산시 지역경제과,119.35,2025-12-28
동현 태양광발전소,,"충청남도 논산시 가야곡면 양촌리 408, 409, 409-1, 410",36.1249930713,127.192920093,,정상가동,99.2,380,60,9999,발전사업용,2025-04-04,충청남도 논산시 지역경제과,447.2,2025-12-28
해난디 태양광발전소,,"충청남도 논산시 가야곡면 양촌리 408, 409, 409-1",36.1249930713,127.192920093,,정상가동,48.36,380,60,9999,발전사업용,2025-04-04,충청남도 논산시 지역경제과,218,2025-12-28
유림 태양광발전소,,"충청남도 논산시 가야곡면 양촌리 408, 409, 409-1",36.1249930713,127.192920093,,정상가동,48.36,380,60,9999,발전사업용,2025-04-04,충청남도 논산시 지역경제과,218,2025-12-28
상도 태양광발전소,,충청남도 논산시 상월면 상도리 44-7,36.308389863,127.187071400,,정상가동,28.8,380,60,9999,발전사업용,2025-09-02,충청남도 논산시 지역경제과,125.78,2025-12-28
전복순 태양광,충청남도 논산시 은진면 교와1길 46-8,충청남도 논산시 은진면 와야리 244-6,36.176420400,127.112895800,,정상가동,15.24,380,60,9999,발전사업용,2025-09-23,충청남도 논산시 지역경제과,68,2025-12-28
지택림6호 태양광발전소,,"충청남도 논산시 상월면 한천리 251-1, 251-8, 251-9",36.2640249041,127.1546398452,,정상가동,96,380,60,9999,발전사업용,2025-09-23,충청남도 논산시 지역경제과,419.25,2025-12-28
띠울 태양광발전소,충청남도 논산시 양촌면 황산벌로784번길 7,충청남도 논산시 양촌면 모촌리 339-2,36.153543500,127.210452900,,정상가동,38.4,380,60,9999,발전사업용,2025-10-21,충청남도 논산시 지역경제과,168.21,2025-12-28
가경1호 태양광발전소,,"충청남도 논산시 연무읍 봉동리 1349-6, 1349-7",36.0936545964,127.0702835132,,정상가동,99.84,380,60,9999,발전사업용,2025-10-21,충청남도 논산시 지역경제과,435.24,2025-12-28
피엘 태양광발전소,충청남도 논산시 연무읍 황화로 32,충청남도 논산시 연무읍 마전리 185-3,36.0760249878,127.0904485708,,정상가동,65.28,380,60,9999,발전사업용,2025-10-28,충청남도 논산시 지역경제과,149.4,2025-12-28
최진호 태양광발전소,충청남도 논산시 은진면 와야1길 32,충청남도 논산시 은진면 와야리 258-1,36.177823500,127.115787900,,정상가동,19.2,380,60,9999,발전사업용,2025-11-05,충청남도 논산시 지역경제과,82.4,2025-12-28
안심3리태양광발전소,충청남도 논산시 연무읍 왕릉로232번길 10,충청남도 논산시 연무읍 안심리 933-3,36.119527800,127.077681800,,정상가동,12.8,220,60,9999,발전사업용,2025-11-20,충청남도 논산시 지역경제과,54.6,2025-12-28
대광 태양광발전소,"충청남도 논산시 계백로 819, 등화동 405 (부창동)","충청남도 논산시 부창동 395-17, 등화동 405",36.191184722,127.0746886028,,정상가동,54.75,380,60,9999,발전사업용,2025-11-21,충청남도 논산시 지역경제과,226.03,2025-12-28
