태양광발전시설명,소재지도로명주소,소재지지번주소,위도,경도,설치상세위치구분명,가동상태구분명,설비용량,공급전압,주파수,설치연도,세부용도,허가일자,허가기관,설치면적,데이터기준일자
썬파워,,충청남도 서천군 한산면 송산리 37번지,,,옥외,정상가동,98.4,380,60,2020,,2019-07-05,충청남도 서천군청,,2025-12-10
청균,,충청남도 서천군 화양면 봉명리 7외 15필지,,,옥상,정상가동,86.87,380,60,2020,,2019-11-18,충청남도 서천군청,,2025-12-10
월리1호,,충청남도 서천군 서면 월리 산30-2,,,옥외,정상가동,453.64,380,60,2020,,2018-09-21,충청남도 서천군청,,2025-12-10
혁호,,충청남도 서천군 한산면 호암리 147-11,36.0903964678,126.8007421274,옥상,정상가동,29.25,380,60,2020,,2020-03-13,충청남도 서천군청,,2025-12-10
화성2,,충청남도 서천군 서천읍 화성리 201-2,36.10802393,126.7023533,옥상,정상가동,98.55,380,60,2020,,2019-09-30,충청남도 서천군청,,2025-12-10
백OO,,충청남도 서천군 시초면 태성리 319-2 320-1,,,옥상,정상가동,19.92,380,60,2020,,2019-10-25,충청남도 서천군청,,2025-12-10
서천4호,,"충청남도 서천군 서면 원두리 485-119, 210-118, 209-117, 208-116, 207-3-152",36.1732481512,126.5873719553,옥외,정상가동,297.84,380,60,2020,,2018-12-03,충청남도 서천군청,,2025-12-10
서천5호,,충청남도 서천군 서면 원두리 485-207,36.1728195543,126.5908755179,옥외,정상가동,499.32,380,60,2020,,2018-12-03,충청남도 서천군청,,2025-12-10
서면,,충청남도 서천군 서면 원두리 485-138,36.1728537362,126.5922568805,옥외,정상가동,78.84,380,60,2020,,2018-12-03,충청남도 서천군청,,2025-12-10
서천1-3호,,충청남도 서천군 서면 원두리 485-145,36.1738912173,126.5920704692,옥외,정상가동,190.485,380,60,2020,,2019-12-03,충청남도 서천군청,,2025-12-10
서천4-1호,,충청남도 서천군 서면 원두리 485-119,36.1732481512,126.5873719553,옥외,정상가동,197.54,380,60,2020,,2019-12-03,충청남도 서천군청,,2025-12-10
서천4-2호,,충청남도 서천군 서면 원두리 485-139,36.1725866215,126.5928330593,옥외,정상가동,49.8,380,60,2020,,2019-12-03,충청남도 서천군청,,2025-12-10
필 태양광발전소 1호,,충청남도 서천군 장항읍 옥산리 378번지,,,옥상,정상가동,77.7,380,60,2020,,2020-04-22,충청남도 서천군청,,2025-12-10
필 태양광발전소 2호,,충청남도 서천군 장항읍 옥산리 378번지,,,옥상,정상가동,77.7,380,60,2020,,2020-04-22,충청남도 서천군청,,2025-12-10
필 태양광발전소 3호,,충청남도 서천군 장항읍 옥산리 378번지,,,옥상,정상가동,66.6,380,60,2020,,2020-04-22,충청남도 서천군청,,2025-12-10
필 태양광발전소 4호,,충청남도 서천군 장항읍 옥산리 378번지,,,옥상,정상가동,66.6,380,60,2020,,2020-04-22,충청남도 서천군청,,2025-12-10
필 태양광발전소 5호,,충청남도 서천군 장항읍 옥산리 378번지,,,옥상,정상가동,99.9,380,60,2020,,2020-04-22,충청남도 서천군청,,2025-12-10
필 태양광발전소 6호,,충청남도 서천군 장항읍 옥산리 378번지 1,,,옥상,정상가동,38.85,380,60,2020,,2020-04-22,충청남도 서천군청,,2025-12-10
와니 태양광발전소 1호,,충청남도 서천군 장항읍 옥산리 378-2번지,,,옥상,정상가동,55.5,380,60,2020,,2020-04-22,충청남도 서천군청,,2025-12-10
와니 태양광발전소 2호,,충청남도 서천군 장항읍 옥산리 378-2번지,,,옥상,정상가동,77.7,380,60,2020,,2020-04-22,충청남도 서천군청,,2025-12-10
와니 태양광발전소 3호,,충청남도 서천군 장항읍 옥산리 378-2번지,,,옥상,정상가동,77.7,380,60,2020,,2020-04-22,충청남도 서천군청,,2025-12-10
와니 태양광발전소 4호,,충청남도 서천군 장항읍 옥산리 378-2번지,,,옥상,정상가동,77.7,380,60,2020,,2020-04-22,충청남도 서천군청,,2025-12-10
동포,,충청남도 서천군 서면 원두리 852-4,36.1670653571,126.5929758738,옥상,정상가동,199.8,380,60,2020,,2020-04-23,충청남도 서천군청,,2025-12-10
퍼스트솔라1호,,충청남도 서천군 마서면 송내리 451-9,36.0226691329,126.7199179775,옥상,정상가동,98.56,380,60,2020,,2020-05-26,충청남도 서천군청,,2025-12-10
김한3호,,충청남도 서천군 서천군 마서면 송내리 451-9,,,옥상,정상가동,98.56,380,60,2020,,2020-05-26,충청남도 서천군청,,2025-12-10
효3호,,충청남도 서천군 마서면 송내리 451-4,36.0222049201,126.7199605572,옥상,정상가동,98.56,380,60,2020,,2020-05-26,충청남도 서천군청,,2025-12-10
효4호,,충청남도 서천군 마서면 송내리 451-4,36.0222049201,126.7199605572,옥상,정상가동,98.56,380,60,2020,,2020-05-26,충청남도 서천군청,,2025-12-10
빛나라,,충청남도 서천군 기산면 월기리 1-9,36.09866069,126.7788376,옥외,정상가동,195.84,380,60,2020,,2018-07-02,충청남도 서천군청,,2025-12-10
금강2호,,충청남도 서천군 화양면 봉명리 595-1,36.0370355522,126.7618637269,옥상,정상가동,243,380,60,2020,,2019-12-06,충청남도 서천군청,,2025-12-10
마명,,충청남도 서천군 마산면 마명리 9,36.1198575,126.8072596,옥외,정상가동,297,380,60,2020,,2018-02-21,충청남도 서천군청,,2025-12-10
금녕,충청남도 서천군 마서면 월포길 5-5,,36.05631227,126.6474628,옥상,정상가동,19.89,380,60,2020,,2020-06-17,충청남도 서천군청,,2025-12-10
만수,충청남도 서천군 서천읍 서천로14번길 19,,36.0759421749,126.697355802,옥상,정상가동,15,380,60,2020,,2020-04-07,충청남도 서천군청,,2025-12-10
송림,충청남도 서천군 장항읍 장천로 183-15,,36.02876732,126.6764593,옥상,정상가동,63.18,380,60,2020,,2020-06-02,충청남도 서천군청,,2025-12-10
성진,,충청남도 서천군 장항읍 원수리 758-13,36.0095037823,126.7159952002,옥상,정상가동,99.9,380,60,2020,,2020-05-27,충청남도 서천군청,,2025-12-10
은영,,충청남도 서천군 장항읍 원수리 758-13,36.0095037823,126.7159952002,옥상,정상가동,99.9,380,60,2020,,2020-05-27,충청남도 서천군청,,2025-12-10
유진엔지니어링,,"충청남도 서천군 마서면 월포리 205, 205-1",36.0605701671,126.6530724161,옥외,정상가동,99.54,380,60,2020,,2019-10-07,충청남도 서천군청,,2025-12-10
상규,,"충청남도 서천군 마서면 월포리 204, 205, 205-1",36.0604006687,126.65354783,옥외,정상가동,99.54,380,60,2020,,2019-10-07,충청남도 서천군청,,2025-12-10
소망,,"충청남도 서천군 마서면 월포리 204, 205-1",36.0604006687,126.65354783,옥외,정상가동,99.54,380,60,2020,,2019-10-07,충청남도 서천군청,,2025-12-10
우현,,"충청남도 서천군 마서면 월포리 205, 205-1",36.0605701671,126.6530724161,옥외,정상가동,99.54,380,60,2020,,2019-10-07,충청남도 서천군청,,2025-12-10
종성,,"충청남도 서천군 마서면 월포리 204, 205, 205-1",36.0604006687,126.65354783,옥외,정상가동,99.54,380,60,2020,,2019-10-07,충청남도 서천군청,,2025-12-10
순선,,"충청남도 서천군 마서면 월포리 204, 205",36.0604006687,126.65354783,옥외,정상가동,99.54,380,60,2020,,2019-10-07,충청남도 서천군청,,2025-12-10
영림,,"충청남도 서천군 마서면 월포리 204, 205, 205-1",36.0604006687,126.65354783,옥외,정상가동,99.54,380,60,2020,,2019-10-07,충청남도 서천군청,,2025-12-10
현빈,,충청남도 서천군 마서면 월포리 205-2,36.0606478,126.6532682,옥외,정상가동,33.18,380,60,2020,,2019-10-11,충청남도 서천군청,,2025-12-10
오투1,,충청남도 서천군 서면 개야리 350-3,36.1815531613,126.570412271,옥상,정상가동,99.9,380,60,2020,,2020-06-26,충청남도 서천군청,,2025-12-10
오투2,,충청남도 서천군 서면 개야리 350-3,36.1815531613,126.570412271,옥상,정상가동,99.9,380,60,2020,,2020-06-26,충청남도 서천군청,,2025-12-10
오투3,,충청남도 서천군 서면 개야리 350-15,36.1812688996,126.5708442339,옥상,정상가동,99.9,380,60,2020,,2020-06-26,충청남도 서천군청,,2025-12-10
오투4,,충청남도 서천군 서면 개야리 350-15,36.1812688996,126.5708442339,옥상,정상가동,99.9,380,60,2020,,2020-06-26,충청남도 서천군청,,2025-12-10
백송1,,충청남도 서천군 서면 개야리 350-16,36.1810944866,126.5707863062,옥상,정상가동,99.9,380,60,2020,,2020-06-26,충청남도 서천군청,,2025-12-10
백송2,,충청남도 서천군 서면 개야리 350-16,36.1810944866,126.5707863062,옥상,정상가동,99.9,380,60,2020,,2020-06-26,충청남도 서천군청,,2025-12-10
문화1,,충청남도 서천군 서면 개야리 350-17,36.1809200239,126.5707285403,옥상,정상가동,99.9,380,60,2020,,2020-06-26,충청남도 서천군청,,2025-12-10
문화2,,충청남도 서천군 서면 개야리 350-17,36.1809200239,126.5707285403,옥상,정상가동,99.9,380,60,2020,,2020-06-26,충청남도 서천군청,,2025-12-10
푸른1,,충청남도 서천군 서면 개야리 350-4,36.1808538212,126.5701835367,옥상,정상가동,99.9,380,60,2020,,2020-06-26,충청남도 서천군청,,2025-12-10
푸른2,,충청남도 서천군 서면 개야리 350-4,36.1808538212,126.5701835367,옥상,정상가동,99.9,380,60,2020,,2020-06-26,충청남도 서천군청,,2025-12-10
문화3,,충청남도 서천군 서면 개야리 350-18,36.1805718972,126.5706131704,옥상,정상가동,99.9,380,60,2020,,2020-06-26,충청남도 서천군청,,2025-12-10
문화4,,충청남도 서천군 서면 개야리 350-18,36.1805718972,126.5706131704,옥상,정상가동,99.9,380,60,2020,,2020-06-26,충청남도 서천군청,,2025-12-10
어양1,,충청남도 서천군 서면 개야리 350-19,36.1803980347,126.570555596,옥상,정상가동,99.9,380,60,2020,,2020-06-26,충청남도 서천군청,,2025-12-10
어양2,,충청남도 서천군 서면 개야리 350-19,36.1803980347,126.570555596,옥상,정상가동,99.9,380,60,2020,,2020-06-26,충청남도 서천군청,,2025-12-10
진,,충청남도 서천군 서면 개야리 350-20,36.1802242758,126.5704979265,옥상,정상가동,99.9,380,60,2020,,2020-06-26,충청남도 서천군청,,2025-12-10
승,,충청남도 서천군 서면 개야리 350-20,36.1802242758,126.5704979265,옥상,정상가동,99.9,380,60,2020,,2020-06-26,충청남도 서천군청,,2025-12-10
설소,,충청남도 서천군 화양면 망월리 430-24,36.0313296773,126.7459085554,옥상,정상가동,29.16,380,60,2020,,2019-12-26,충청남도 서천군청,,2025-12-10
다사,,충청남도 서천군 비인면 다사리 269-27,,,옥상,정상가동,89.6,380,60,2020,,2020-05-14,충청남도 서천군청,,2025-12-10
백운,충청남도 서천군 종천면 백운길 33-12,,36.1133614248,126.643788252,옥상,정상가동,18,380,60,2020,,2020-06-30,충청남도 서천군청,,2025-12-10
필,충청남도 서천군 종천면 백운길53번길 41-8 (2개동),,36.11662308,126.6477778,옥상,정상가동,94.72,380,60,2020,,2019-10-11,충청남도 서천군청,,2025-12-10
드림,,"충청남도 서천군 화양면 옥포리 90-8, 173-3",36.0454993879,126.7871038865,옥상,정상가동,76.14,380,60,2020,,2019-11-28,충청남도 서천군청,,2025-12-10
대환,,충청남도 서천군 종천면 종천리 208-27번지,,,옥상,정상가동,54,380,60,2020,,2020-07-09,충청남도 서천군청,,2025-12-10
아름드리,충청남도 서천군 서천읍 삼산길 130,,36.0669502991,126.7157789785,옥상,정상가동,99.84,380,60,2020,,2020-08-03,충청남도 서천군청,,2025-12-10
소형,,충청남도 서천군 종천면 랑평리 252-2,36.12063604,126.6473524,옥상,정상가동,99,380,60,2020,,2019-01-29,충청남도 서천군청,,2025-12-10
용규,,충청남도 서천군 종천면 종천리 334-2,36.1112895018,126.6451117293,옥상,정상가동,98.56,380,60,2020,,2020-08-07,충청남도 서천군청,,2025-12-10
영남,,충청남도 서천군 서면 사리 462-1,36.1594845,126.5414981,옥상,정상가동,94.5,380,60,2020,,2020-06-12,충청남도 서천군청,,2025-12-10
지원2,충청남도 서천군 서면 홍원길 31번길 16-3,,36.1533986,126.5027471,옥상,정상가동,18.75,380,60,2020,,2020-09-01,충청남도 서천군청,,2025-12-10
청송,,"충청남도 서천군 비인면 성내리 334-55, 334-58",36.1385280953,126.6050857992,옥상,정상가동,49.8,380,60,2020,,2020-07-13,충청남도 서천군청,,2025-12-10
금강수산,,충청남도 서천군 장항읍 화천리 210,36.0245786698,126.6922010033,옥상,정상가동,99.18,380,60,2020,,2020-06-23,충청남도 서천군청,,2025-12-10
비츠로팜3호,,"충청남도 서천군 종천면 종천리 424-1, 427-2번지",36.1100157918,126.6342251598,옥상,정상가동,98.56,380,60,2020,,2020-08-20,충청남도 서천군청,,2025-12-10
드림1호,,"충청남도 서천군 종천면 종천리 424-7,427-3번지",36.1101133041,126.6345015558,옥상,정상가동,98.56,380,60,2020,,2020-08-20,충청남도 서천군청,,2025-12-10
신은실1호,,"충청남도 서천군 종천면 종천리 424-8, 427-4번지",36.110174403,126.6347901962,옥상,정상가동,98.56,380,60,2020,,2020-08-20,충청남도 서천군청,,2025-12-10
영숙,,"충청남도 서천군 종천면 종천리 427-5, 424-9번지",36.1101220893,126.6351028745,옥상,정상가동,74.25,380,60,2020,,2020-08-20,충청남도 서천군청,,2025-12-10
도삼,충청남도 서천군 마서면 신장로247번길44,,36.04567354,126.7260437,옥상,정상가동,189,380,60,2020,,2019-01-16,충청남도 서천군청,,2025-12-10
서천한우2농장,,"충청남도 서천군 마서면 도삼리 13-27, 13-28",36.0360045696,126.732143772,옥상,정상가동,99.96,380,60,2020,,2020-08-08,충청남도 서천군청,,2025-12-10
필1호,,충청남도 서천군 종천면 랑평리 286-1,36.116224375,126.6467958125,옥상,정상가동,97.44,380,60,2020,,2020-09-21,충청남도 서천군청,,2025-12-10
필2호,,충청남도 서천군 종천면 랑평리 286-1,36.116224375,126.6467958125,옥상,정상가동,97.44,380,60,2020,,2020-09-21,충청남도 서천군청,,2025-12-10
박가네 5호,,충청남도 서천군 한산면 동산리 409-14,36.08453743,126.8086846,옥상,정상가동,29.92,380,60,2020,,2020-07-29,충청남도 서천군청,,2025-12-10
로하스4호,,충청남도 서천군 서천읍 동산리 416번지,,,옥상,정상가동,97.44,380,60,2020,,2020-09-08,충청남도 서천군청,,2025-12-10
로하스5호,,충청남도 서천군 서천읍 동산리 416번지,,,옥상,정상가동,97.44,380,60,2020,,2020-09-08,충청남도 서천군청,,2025-12-10
다솜,,충청남도 서천군 서면 월리 362-1,36.15935626,126.5651353,옥외,정상가동,199.8,380,60,2020,,2019-08-02,충청남도 서천군청,,2025-12-10
자연솔라,,충청남도 서천군 서면 월리 361,36.16018948,126.5655386,옥외,정상가동,499.5,380,60,2020,,2019-08-02,충청남도 서천군청,,2025-12-10
거북이,,"충청남도 서천군 마서면 월포리 300, 299, 298, 296, 295, 294, 286",36.0586725719,126.6492810473,옥외,정상가동,499.5,380,60,2020,,2019-07-24,충청남도 서천군청,,2025-12-10
월포6,,"충청남도 서천군 마서면 월포리 284-1, 285-10, 285-14, 285-25, 285-26, 285-37",36.0605871137,126.6489624892,옥외,정상가동,99.9,380,60,2020,,2019-07-24,충청남도 서천군청,,2025-12-10
월포7,,"충청남도 서천군 마서면 월포리 284, 285-1, 285-5, 285-2, 291",36.060624453,126.6483898631,옥외,정상가동,99.9,380,60,2020,,2019-07-24,충청남도 서천군청,,2025-12-10
월포8,,"충청남도 서천군 마서면 월포리 284, 285-2, 285-5, 291",36.060624453,126.6483898631,옥외,정상가동,99.9,380,60,2020,,2019-07-24,충청남도 서천군청,,2025-12-10
이OO,,"충청남도 서천군 마서면 월포리285-2, 291, 284",,,옥외,정상가동,99.9,380,60,2020,,2019-07-24,충청남도 서천군청,,2025-12-10
한빛,,"충청남도 서천군 마서면 월포리291,292,284",,,옥외,정상가동,99.9,380,60,2020,,2019-07-24,충청남도 서천군청,,2025-12-10
효사랑,,"충청남도 서천군 마서면 월포리285-3, 285-4, 286, 287",,,옥외,정상가동,99.9,380,60,2020,,2019-07-24,충청남도 서천군청,,2025-12-10
동영,,"충청남도 서천군 마서면 월포리297, 298, 299, 300",36.0594631771,126.6493313245,옥외,정상가동,99.9,380,60,2020,,2019-07-24,충청남도 서천군청,,2025-12-10
승2,,"충청남도 서천군 마서면 월포리290, 291, 292, 294, 290-7",36.0604395133,126.649932644,옥외,정상가동,99.9,380,60,2020,,2019-07-24,충청남도 서천군청,,2025-12-10
월포11,,"충청남도 서천군 마서면 월포리292,293,284",36.0598762074,126.6492536832,옥외,정상가동,99.9,380,60,2020,,2019-07-24,충청남도 서천군청,,2025-12-10
소라,,충청남도 서천군 마서면 월포리293,,,옥외,정상가동,99.9,380,60,2020,,2019-07-24,충청남도 서천군청,,2025-12-10
솔빛2,,"충청남도 서천군 마서면 월포리291,292,293,290,296,294",,,옥외,정상가동,99.9,380,60,2020,,2019-07-24,충청남도 서천군청,,2025-12-10
타박솔,,충청남도 서천군 마서면 월포리 292-3,36.05965876,126.649755,옥외,정상가동,99.54,380,60,2020,,2019-07-24,충청남도 서천군청,,2025-12-10
월포18,,"충청남도 서천군 마서면 월포리297,296,295,294",36.0594631771,126.6493313245,옥외,정상가동,99.54,380,60,2020,,2019-07-24,충청남도 서천군청,,2025-12-10
월포스마트,,"충청남도 서천군 마서면 월포리 286-3, 285-29, 285-28, 285-20, 285-6, 285-33",36.0609505065,126.6484132232,옥외,정상가동,99.9,380,60,2020,,2019-07-24,충청남도 서천군청,,2025-12-10
JC쏠라,,"충청남도 서천군 마서면 월포리 286-4,285-30, 285-22, 285-7, 285-34",36.0608842955,126.6484873748,옥외,정상가동,99.9,380,60,2020,,2019-07-24,충청남도 서천군청,,2025-12-10
케이엠(KM),,"충청남도 서천군 마서면 월포리 286-5, 285-31, 285-23, 285-8, 285-35",36.0607363172,126.6482161883,옥외,정상가동,99.54,380,60,2020,,2019-07-24,충청남도 서천군청,,2025-12-10
월포5,,"충청남도 서천군 마서면 월포리 286,285-4,285-3,285-1,285-5",36.0602792798,126.6497008806,옥외,정상가동,99.9,380,60,2020,,2019-07-24,충청남도 서천군청,,2025-12-10
경석,,충청남도 서천군 서면 도둔리 479-1,36.16556428,126.5277972,옥상,정상가동,19.875,380,60,2020,,2020-07-13,충청남도 서천군청,,2025-12-10
아람,,충청남도 서천군 비인면 칠지리 80,36.16084121,126.5940367,옥외,정상가동,99.54,380,60,2020,,2019-07-02,충청남도 서천군청,,2025-12-10
케이엠,,충청남도 서천군 비인면 칠지리 79-3 80,,,옥외,정상가동,99.54,380,60,2020,,2019-07-02,충청남도 서천군청,,2025-12-10
이문 서천,,충청남도 서천군 비인면 칠지리 79-3 80,,,옥외,정상가동,99.54,380,60,2020,,2019-07-02,충청남도 서천군청,,2025-12-10
춘장대 성광,,충청남도 서천군 비인면 칠지리 79-3 80,,,옥외,정상가동,99.54,380,60,2020,,2019-07-02,충청남도 서천군청,,2025-12-10
경원,,충청남도 서천군 비인면 칠지리 79-3 80,,,옥외,정상가동,99.54,380,60,2020,,2019-07-02,충청남도 서천군청,,2025-12-10
서천 성광,,충청남도 서천군 비인면 칠지리 79-3 80,,,옥외,정상가동,99.54,380,60,2020,,2019-07-02,충청남도 서천군청,,2025-12-10
병조,,충청남도 서천군 마서면 당선리 301-14,36.00794862,126.7327409,옥상,정상가동,76.125,380,60,2020,,2020-06-29,충청남도 서천군청,,2025-12-10
유나,충청남도 서천군 서면 원길 547-29,,36.16080282,126.5366866,옥상,정상가동,99.84,380,60,2020,,2020-09-10,충청남도 서천군청,,2025-12-10
MJ,충청남도 서천군 서면 원길 547-33,,36.16062707,126.5365851,옥상,정상가동,99.84,380,60,2020,,2020-09-10,충청남도 서천군청,,2025-12-10
허니,충청남도 서천군 서면 원길 547-37,,36.16034517,126.5364376,옥상,정상가동,99.84,380,60,2020,,2020-09-10,충청남도 서천군청,,2025-12-10
삼성,충청남도 서천군 서면 원길 535-24,,36.16073839,126.5372782,옥상,정상가동,99.84,380,60,2020,,2020-09-10,충청남도 서천군청,,2025-12-10
미래,충청남도 서천군 서면 원길 535-26,,36.16061815,126.5372243,옥상,정상가동,99.84,380,60,2020,,2020-09-10,충청남도 서천군청,,2025-12-10
덕원,충청남도 서천군 서면 원길 535-28,,36.16050428,126.537165,옥상,정상가동,99.84,380,60,2020,,2020-09-10,충청남도 서천군청,,2025-12-10
MN,충청남도 서천군 서면 원길 535-30,,36.16039077,126.5371056,옥상,정상가동,99.84,380,60,2020,,2020-09-10,충청남도 서천군청,,2025-12-10
현대,충청남도 서천군 서면 원길 535-32,,36.16027712,126.5370462,옥상,정상가동,99.84,380,60,2020,,2020-09-10,충청남도 서천군청,,2025-12-10
국제,충청남도 서천군 서면 원길 535-34,,36.1601633,126.5369872,옥상,정상가동,99.84,380,60,2020,,2020-09-10,충청남도 서천군청,,2025-12-10
지율,충청남도 서천군 서면 원길 535-36,,36.16003394,126.536932,옥상,정상가동,99.84,380,60,2020,,2020-09-10,충청남도 서천군청,,2025-12-10
JS,충청남도 서천군 서천읍 화금동길17번길 42,,36.0786774869,126.711920603,옥상,정상가동,99.84,380,60,2020,,2020-09-10,충청남도 서천군청,,2025-12-10
수출,,충청남도 서천군 기산면 막동리 55-1,36.08721889,126.7657957,옥외,정상가동,99.96,380,60,2020,,2019-01-03,충청남도 서천군청,,2025-12-10
경희,,충청남도 서천군 기산면 막동리 55-1,36.08721889,126.7657957,옥외,정상가동,99.96,380,60,2020,,2019-01-03,충청남도 서천군청,,2025-12-10
에스쓰리,,충청남도 서천군 기산면 막동리 71,36.0865346973,126.7638999472,옥외,정상가동,99.96,380,60,2020,,2019-01-08,충청남도 서천군청,,2025-12-10
에스투,,충청남도 서천군 기산면 막동리 71 72-15,,,옥외,정상가동,99.96,380,60,2020,,2019-01-08,충청남도 서천군청,,2025-12-10
아리아크,,충청남도 서천군 장항읍 옥남리 560-2,36.04116645,126.6625958,옥상,정상가동,58.38,380,60,2020,,2020-07-13,충청남도 서천군청,,2025-12-10
로하스1호,,충청남도 서천군 종천면 산천리 462 452-3번지,,,옥상,정상가동,97.44,380,60,2020,,2020-09-29,충청남도 서천군청,,2025-12-10
로하스2호,,충청남도 서천군 종천면 산천리 462 452-3번지,,,옥상,정상가동,97.44,380,60,2020,,2020-09-29,충청남도 서천군청,,2025-12-10
로하스3호,,충청남도 서천군 종천면 산천리 450번지,,,옥상,정상가동,78.3,380,60,2020,,2020-09-29,충청남도 서천군청,,2025-12-10
따봉1,,충청남도 서천군 서면 도둔리 61-55,36.1535874202,126.5268617047,옥상,정상가동,94.5,380,60,2020,,2020-08-07,충청남도 서천군청,,2025-12-10
따봉2,,충청남도 서천군 서면 도둔리 61-19,36.1531668397,126.5271152592,옥상,정상가동,94.5,380,60,2020,,2020-08-07,충청남도 서천군청,,2025-12-10
순이네,,"충청남도 서천군 마서면 월포리 434, 434-1, 436",36.054407147,126.6491100235,옥상,정상가동,99.9,380,60,2020,,2020-08-25,충청남도 서천군청,,2025-12-10
기빈,,충청남도 서천군 서천읍 군사리 813-14,36.07220976,126.6830879,옥상,정상가동,54,380,60,2020,,2020-10-16,충청남도 서천군청,,2025-12-10
장구리1호,,충청남도 서천군 종천면 장구리 72-9,36.0968212642,126.65028225,옥상,정상가동,48.72,380,60,2020,,2020-11-04,충청남도 서천군청,,2025-12-10
장구리2호,,충청남도 서천군 종천면 장구리 72-9 1,,,옥상,정상가동,97.44,380,60,2020,,2020-11-04,충청남도 서천군청,,2025-12-10
서광,,충청남도 서천군 기산면 두남리 224-1,36.06366365,126.7427564,옥외,정상가동,66,380,60,2009,,2008-09-09,충청남도 서천군청,,2025-12-10
갈숲,,충청남도 서천군 한산면 마양리 220-1외 6,,,옥외,정상가동,29.16,380,60,2009,,2009-05-28,충청남도 서천군청,,2025-12-10
춘장대에너지,,충청남도 서천군 서면 도둔리 1105-4외,,,옥외,정상가동,396.9,380,60,2012,,2012-05-07,충청남도 서천군청,,2025-12-10
동양,,충청남도 서천군 화양면 망월리  404-2,36.03532917,126.7421682,옥외,정상가동,50,380,60,2012,,2012-07-02,충청남도 서천군청,,2025-12-10
벌촌,,"충청남도 서천군 마서면 한성리 603, 605-3",36.0823712164,126.6448531505,옥외,정상가동,28.32,380,60,2013,,2013-04-18,충청남도 서천군청,,2025-12-10
우주,,충청남도 서천군 판교면 금덕리 467,36.14376604,126.7011184,옥상,정상가동,12,380,60,2013,,2013-06-14,충청남도 서천군청,,2025-12-10
신송SG,,"충청남도 서천군 서천읍 신송리370-3,370-4",36.0770283358,126.6719450814,옥외,정상가동,99,380,60,2013,,2013-08-21,충청남도 서천군청,,2025-12-10
(유)김고,,충청남도 서천군 비인면 다사리 196-199외9필지,,,옥외,정상가동,496.08,380,60,2013,,2013-11-01,충청남도 서천군청,,2025-12-10
유찬,,충청남도 서천군 비인면 다사리 196-194,36.10737309,126.6141453,옥외,정상가동,98.28,380,60,2013,,2013-11-04,충청남도 서천군청,,2025-12-10
네코,,충청남도 서천군 비인면 다사리 196-187,36.10737309,126.6141453,옥외,정상가동,98.28,380,60,2013,,2013-11-04,충청남도 서천군청,,2025-12-10
다정,,충청남도 서천군 비인면 다사리 196-196,36.10737309,126.6141453,옥외,정상가동,98.28,380,60,2013,,2013-11-08,충청남도 서천군청,,2025-12-10
미진,,충청남도 서천군 비인면 다사리 196-198,36.10737309,126.6141453,옥외,정상가동,98.28,380,60,2013,,2013-11-08,충청남도 서천군청,,2025-12-10
가온,,충청남도 서천군 비인면 다사리 196-202,36.10737309,126.6141453,옥외,정상가동,98.28,380,60,2013,,2013-11-08,충청남도 서천군청,,2025-12-10
연두,,충청남도 서천군 비인면 다사리 196-201,36.10737309,126.6141453,옥외,정상가동,98.28,380,60,2013,,2013-11-12,충청남도 서천군청,,2025-12-10
티지,,충청남도 서천군 비인면 다사리 196-203,36.10737309,126.6141453,옥외,정상가동,98.28,380,60,2013,,2013-11-12,충청남도 서천군청,,2025-12-10
가족,,충청남도 서천군 비인면 다사리 196-204,36.10737309,126.6141453,옥외,정상가동,98.28,380,60,2013,,2013-11-12,충청남도 서천군청,,2025-12-10
남성SG,,충청남도 서천군 화양면 남성리 275-1외,,,옥외,정상가동,227.15,380,60,2013,,2013-11-26,충청남도 서천군청,,2025-12-10
경인솔라시스템  (다사리 태양광발전소),,"충청남도 서천군 비인면 다사리 196-43, 196-44, 196-65, 196-82",36.1078256678,126.6106044045,옥외,정상가동,999.96,380,60,2017,,2013-12-23,충청남도 서천군청,,2025-12-10
다희,,충청남도 서천군 비인면 다사리 196-197,36.10814548,126.6135146,옥외,정상가동,98.28,380,60,2014,,2014-01-14,충청남도 서천군청,,2025-12-10
승희,,충청남도 서천군 비인면 다사리 196-206,36.10829609,126.6135597,옥외,정상가동,98.28,380,60,2014,,2014-01-14,충청남도 서천군청,,2025-12-10
윤하,,충청남도 서천군 비인면 다사리 196-207,36.10801902,126.6135435,옥외,정상가동,98.28,380,60,2014,,2014-01-14,충청남도 서천군청,,2025-12-10
은하,,"충청남도 서천군 비인면 다사리 196-151, 196-195",36.1085599861,126.6132563751,옥외,정상가동,98.28,380,60,2014,,2014-02-04,충청남도 서천군청,,2025-12-10
신성1,,충청남도 서천군 종천면 종천리 262-16,36.1101687,126.6443023,옥외,정상가동,99.12,380,60,2014,,2014-02-18,충청남도 서천군청,,2025-12-10
신성2,,충청남도 서천군 종천면 종천리 262-17,36.10990059,126.6445147,옥외,정상가동,99.12,380,60,2014,,2014-02-18,충청남도 서천군청,,2025-12-10
경신,,충청남도 서천군 종천면 종천리 262-20,36.1093261468,126.644755278,옥외,정상가동,99.12,380,60,2014,,2014-02-18,충청남도 서천군청,,2025-12-10
동화,,충청남도 서천군 종천면 종천리 262-19,36.1094565294,126.6443223249,옥상,정상가동,99.12,380,60,2014,,2014-02-18,충청남도 서천군청,,2025-12-10
정우,,충청남도 서천군 종천면 종천리 262-23,36.10968151,126.6440305,옥외,정상가동,99.12,380,60,2014,,2014-02-18,충청남도 서천군청,,2025-12-10
종천,,충청남도 서천군 종천면 종천리 262-18,36.10960777,126.6443293,옥외,정상가동,99.12,380,60,2014,,2014-02-18,충청남도 서천군청,,2025-12-10
연봉SG,,충청남도 서천군 한산면 연봉리 259-1,36.07438253,126.8382787,옥상,정상가동,59.28,380,60,2015,,2014-03-14,충청남도 서천군청,,2025-12-10
전진3,,"충청남도 서천군 서면 사리 36-41, 47-17",,,옥외,정상가동,99,380,60,2014,,2014-04-11,충청남도 서천군청,,2025-12-10
성산,,"충청남도 서천군 서면 사리 36-51, 36-46, 47-21",,,옥외,정상가동,99,380,60,2014,,2014-04-11,충청남도 서천군청,,2025-12-10
에덴3,,"충청남도 서천군 서면 사리 36-43, 36-50, 47-20",,,옥외,정상가동,99,380,60,2014,,2014-04-11,충청남도 서천군청,,2025-12-10
그린파워,,"충청남도 서천군 서면 사리 36-44, 36-45, 47-19",,,옥외,정상가동,99,380,60,2015,,2014-04-11,충청남도 서천군청,,2025-12-10
전진2,,"충청남도 서천군 서면 사리 36-40, 36-48, 47-16",,,옥외,정상가동,99,380,60,2014,,2014-04-11,충청남도 서천군청,,2025-12-10
여진,,"충청남도 서천군 서면 사리 36-39, 47-15, 47-3",,,옥외,정상가동,99,380,60,2015,,2014-04-11,충청남도 서천군청,,2025-12-10
미도2,,"충청남도 서천군 서면 사리 36-29, 36-38, 47-14, 47-22",,,옥외,정상가동,99,380,60,2015,,2014-04-11,충청남도 서천군청,,2025-12-10
전진1,,"충청남도 서천군 서면 사리 36-34, 36-47",,,옥외,정상가동,99,380,60,2015,,2014-04-11,충청남도 서천군청,,2025-12-10
나무,,"충청남도 서천군 서면 사리 36-33, 36-16, 47-9, 47-13",,,옥외,정상가동,99,380,60,2015,,2014-04-11,충청남도 서천군청,,2025-12-10
바다,,"충청남도 서천군 서면 사리 36-32, 47-12",,,옥외,정상가동,99,380,60,2015,,2014-04-11,충청남도 서천군청,,2025-12-10
하늘,,"충청남도 서천군 서면 사리 36-28, 47-11",,,옥외,정상가동,99,380,60,2015,,2014-04-11,충청남도 서천군청,,2025-12-10
송정(춘장),,"충청남도 서천군 서면 사리 36-26, 36-3,7 36-17, 47-4",,,옥외,정상가동,49.5,380,60,2015,,2014-04-11,충청남도 서천군청,,2025-12-10
마근담,,충청남도 서천군 서면 사리 36-25,36.17504268,126.5550069,옥외,정상가동,99,380,60,2015,,2014-04-11,충청남도 서천군청,,2025-12-10
광진,,충청남도 서천군 서면 사리 36-24,36.17511408,126.5545581,옥외,정상가동,99,380,60,2015,,2014-04-11,충청남도 서천군청,,2025-12-10
신세계2,,"충청남도 서천군 서면 사리 36-20, 47-1, 47-2",,,옥외,정상가동,99,380,60,2015,,2014-04-11,충청남도 서천군청,,2025-12-10
신세계1,,충청남도 서천군 서면 사리 36-19,36.17514539,126.5534227,옥외,정상가동,49.5,380,60,2015,,2014-04-11,충청남도 서천군청,,2025-12-10
명진,,"충청남도 서천군 서면 사리 36-18, 36-23",,,옥외,정상가동,99,380,60,2015,,2014-04-11,충청남도 서천군청,,2025-12-10
감사2,,"충청남도 서천군 서면 사리 36-22, 36-21, 47-7",,,옥외,정상가동,99,380,60,2015,,2014-04-11,충청남도 서천군청,,2025-12-10
감사1,,충청남도 서천군 서면 사리 36-15,36.17557222,126.5540749,옥외,정상가동,99,380,60,2015,,2014-04-11,충청남도 서천군청,,2025-12-10
률,,"충청남도 서천군 종천면 석촌리 128-1, 112-5",36.1189010167,126.7029305413,옥외,정상가동,30,380,60,2014,,2014-06-18,충청남도 서천군청,,2025-12-10
해밭,,"충청남도 서천군 기산면 막동리 72-9, 72-10",36.0869456736,126.763432737,옥상,정상가동,99.64,380,60,2014,,2014-07-25,충청남도 서천군청,,2025-12-10
이해밭,,충청남도 서천군 기산면 막동리 72-13,36.08667054,126.7633476,옥상,정상가동,99.64,380,60,2014,,2014-07-25,충청남도 서천군청,,2025-12-10
에스화이브이,,"충청남도 서천군 기산면 막동리 72-6, 72-8, 72-11",36.0870810996,126.7631983834,옥상,정상가동,99.64,380,60,2014,,2014-07-25,충청남도 서천군청,,2025-12-10
에스파이브,,"충청남도 서천군 기산면 막동리 71-1, 72-14",36.0864640517,126.7636139959,옥상,정상가동,99.64,380,60,2014,,2014-07-25,충청남도 서천군청,,2025-12-10
성운해밭,,"충청남도 서천군 기산면 막동리 72-6, 72-8, 72-11",36.0870810996,126.7631983834,옥상,정상가동,99.64,380,60,2014,,2014-07-25,충청남도 서천군청,,2025-12-10
조의제태양광발전소,충청남도 서천군 서천읍 서천로 35-1,,36.07568816,126.695380,옥상,정상가동,15,380,60,2015,,2014-07-28,충청남도 서천군청,,2025-12-10
나OO,,충청남도 서천군 마서면 신포리 223-1,36.03806307,126.7302198,옥상,정상가동,99,380,60,2015,,2014-07-28,충청남도 서천군청,,2025-12-10
해일전력,,충청남도 서천군 기산면 황사리 52-5,36.0747672,126.7768236,옥외,정상가동,98.8,380,60,2015,,2014-08-12,충청남도 서천군청,,2025-12-10
청일,,충청남도 서천군 기산면 황사리 52-9,36.07419699,126.776290,옥외,정상가동,98.8,380,60,2015,,2014-08-12,충청남도 서천군청,,2025-12-10
순이쏠라파크,,충청남도 서천군 기산면 황사리 52-11,36.0739238,126.776063,옥외,정상가동,98.8,380,60,2015,,2014-08-12,충청남도 서천군청,,2025-12-10
백금,,"충청남도 서천군 기산면 황사리 52-7, 64-3",36.0744745242,126.7768096241,옥외,정상가동,98.8,380,60,2015,,2014-08-12,충청남도 서천군청,,2025-12-10
동양에너텍,,충청남도 서천군 기산면 황사리 52-1,36.07506398,126.7769437,옥외,정상가동,98.8,380,60,2015,,2014-08-12,충청남도 서천군청,,2025-12-10
OK,,충청남도 서천군 기산면 황사리 52-6,36.07458522,126.776906,옥외,정상가동,98.8,380,60,2015,,2014-08-12,충청남도 서천군청,,2025-12-10
HY에너지,,"충청남도 서천군 기산면 황사리 52-8, 64",36.0743211877,126.776622292,옥외,정상가동,98.8,380,60,2015,,2014-08-12,충청남도 서천군청,,2025-12-10
파란에너지,,"충청남도 서천군 기산면 황사리 52-10, 64-1",36.0741302872,126.7770805542,옥외,정상가동,98.8,380,60,2017,,2014-08-12,충청남도 서천군청,,2025-12-10
동양2호,,충청남도 서천군 화양면 망월리 404-6,36.03539315,126.7432155,옥외,정상가동,90.1,380,60,2015,,2014-08-27,충청남도 서천군청,,2025-12-10
김OOSG,,충청남도 서천군 화양면 망월리 404-4,36.03487972,126.7429002,옥외,정상가동,98.8,380,60,2015,,2014-08-27,충청남도 서천군청,,2025-12-10
봉명,,"충청남도 서천군 화양면 봉명리 74-1,74-2",36.0473856207,126.7735093626,옥외,정상가동,98.8,380,60,2015,,2014-08-27,충청남도 서천군청,,2025-12-10
당선SG,,충청남도 서천군 마서면 당선리 313-1,36.0092456,126.7347796,옥상,정상가동,98.8,380,60,2014,,2014-09-05,충청남도 서천군청,,2025-12-10
미전척,,"충청남도 서천군 마서면 한성리 370-1,370-16",36.0705826377,126.6492248711,옥외,정상가동,97.47,380,60,2016,,2014-09-05,충청남도 서천군청,,2025-12-10
미광,,충청남도 서천군 마서면 한성리 401-3,36.07000009,126.6495235,옥외,정상가동,97.47,380,60,2016,,2014-09-05,충청남도 서천군청,,2025-12-10
햇살가득,,충청남도 서천군 기산면 영모리 산41-18,,,옥외,정상가동,90,380,60,2017,,2014-09-18,충청남도 서천군청,,2025-12-10
종천SG,,충청남도 서천군 종천면 종천리 287-20,36.11032159,126.6399434,옥상,정상가동,59.28,380,60,2014,,2014-09-26,충청남도 서천군청,,2025-12-10
금덕SG,,충청남도 서천군 판교면 금덕리 556-4,36.14332389,126.7037601,옥상,정상가동,98.8,380,60,2014,,2014-10-01,충청남도 서천군청,,2025-12-10
제일,,충청남도 서천군 장항읍 화천리 275,36.01923393,126.6863845,옥상,정상가동,99.11,380,60,2016,,2014-10-06,충청남도 서천군청,,2025-12-10
영현,,충청남도 서천군 비인면 다사리 463-70,36.10985005,126.608939,옥외,정상가동,99,380,60,2016,,2014-10-15,충청남도 서천군청,,2025-12-10
대성,,충청남도 서천군 비인면 다사리 463-96,36.10928872,126.6088512,옥외,정상가동,99,380,60,2016,,2014-10-15,충청남도 서천군청,,2025-12-10
명성,충청남도 서천군 서천읍 사곡로28번길 15,,36.08219341,126.6859815,옥상,정상가동,40,380,60,2015,,2014-10-15,충청남도 서천군청,,2025-12-10
도둔리1호,,충청남도 서천군 서면 도둔리 1105-15,36.16117352,126.5403208,옥외,정상가동,99,380,60,2015,,2014-10-28,충청남도 서천군청,,2025-12-10
도둔리2호,,충청남도 서천군 서면 도둔리 1105-22,36.16084317,126.5404785,옥외,정상가동,99,380,60,2015,,2014-10-28,충청남도 서천군청,,2025-12-10
도둔리3호,,충청남도 서천군 서면 도둔리 1105-23,36.16069913,126.5404999,옥외,정상가동,99,380,60,2015,,2014-10-28,충청남도 서천군청,,2025-12-10
도둔리4호,,충청남도 서천군 서면 도둔리 1105-24,36.16056804,126.5404405,옥외,정상가동,99,380,60,2015,,2014-10-28,충청남도 서천군청,,2025-12-10
도둔리5호,,충청남도 서천군 서면 도둔리 1105-25,36.16043774,126.5403915,옥외,정상가동,99,380,60,2015,,2014-10-28,충청남도 서천군청,,2025-12-10
도둔리6호,,충청남도 서천군 서면 도둔리 1105-26,36.16031028,126.540347,옥외,정상가동,99,380,60,2015,,2014-10-28,충청남도 서천군청,,2025-12-10
도둔리7호,,충청남도 서천군 서면 도둔리 1105-27,36.16018345,126.5403026,옥외,정상가동,99,380,60,2015,,2014-10-28,충청남도 서천군청,,2025-12-10
도둔리8호,,충청남도 서천군 서면 도둔리 1105-28,36.16007777,126.5403657,옥외,정상가동,99,380,60,2015,,2014-10-28,충청남도 서천군청,,2025-12-10
도둔리9호,,충청남도 서천군 서면 도둔리 1105-29,36.15981578,126.5406809,옥외,정상가동,99,380,60,2015,,2014-10-28,충청남도 서천군청,,2025-12-10
평화,,충청남도 서천군 종천면 장구리 394-6,36.08914678,126.647248,옥외,정상가동,99.71,380,60,2015,,2014-10-31,충청남도 서천군청,,2025-12-10
에덴,,충청남도 서천군 마산면 지산리 20,36.1584852,126.7804268,옥외,정상가동,90,380,60,2021,,2018-03-29,충청남도 서천군청,,2025-12-10
강산에너지,,충청남도 서천군 기산면 영모리 산41-21,,,옥외,정상가동,480,380,60,2018,,2014-11-03,충청남도 서천군청,,2025-12-10
테크3호,,충청남도 서천군 기산면 영모리 113-8,36.07850345,126.7853219,옥외,정상가동,90,380,60,2017,,2014-11-03,충청남도 서천군청,,2025-12-10
진용,,충청남도 서천군 기산면 영모리 산41-19,,,옥외,정상가동,190,380,60,2018,,2014-11-03,충청남도 서천군청,,2025-12-10
화성,,충청남도 서천군 종천면 석촌리 464,36.11070694,126.6994151,옥외,정상가동,98.56,380,60,2015,,2014-11-10,충청남도 서천군청,,2025-12-10
중현,,충청남도 서천군 한산면 축동리275,36.10977508,126.8092712,옥외,정상가동,99,380,60,2018,,2014-11-12,충청남도 서천군청,,2025-12-10
둔암서천,,"충청남도 서천군 화양면 월산리 산16-8,산16-10",36.0638881545,126.824466801,옥외,정상가동,95.76,380,60,2017,,2014-11-13,충청남도 서천군청,,2025-12-10
다사SG,,충청남도 서천군 비인면 다사리 193-10,36.10404902,126.6142722,옥상,정상가동,99,380,60,2014,,2014-11-19,충청남도 서천군청,,2025-12-10
한수,,충청남도 서천군 서천읍 구암리 259,36.089482,126.6756395,옥외,정상가동,19.25,380,60,2015,,2014-11-25,충청남도 서천군청,,2025-12-10
신기1호(셈7호북산리),,충청남도 서천군 문산면 북산리 278,,,옥외,정상가동,460,380,60,2015,,2014-11-27,충청남도 서천군청,,2025-12-10
성천sg에너지,,충청남도 서천군 기산면 신산리 230-8,36.07923353,126.7545878,옥외,정상가동,99,380,60,2015,,2014-12-17,충청남도 서천군청,,2025-12-10
천기SG에너지,,충청남도 서천군 기산면 신산리 230-567,,,옥외,정상가동,99,380,60,2015,,2014-12-17,충청남도 서천군청,,2025-12-10
팔복SG태양광발전소,,충청남도 서천군 기산면 신산리 230-4,36.07965681,126.754961,옥외,정상가동,99,380,60,2015,,2014-12-17,충청남도 서천군청,,2025-12-10
제일SG태양광발전소,,충청남도 서천군 기산면 신산리 230-3,36.0797214,126.7554002,옥외,정상가동,99,380,60,2015,,2014-12-17,충청남도 서천군청,,2025-12-10
중앙SG태양광발전소,,충청남도 서천군 기산면 신산리 230-2,36.0798068,126.7556442,옥외,정상가동,99,380,60,2015,,2014-12-17,충청남도 서천군청,,2025-12-10
천지SG 태양광발전소,,충청남도 서천군 기산면 신산리 230-1,36.07996726,126.7558795,옥외,정상가동,99,380,60,2015,,2014-12-17,충청남도 서천군청,,2025-12-10
지상SG태양광발전소,,충청남도 서천군 기산면 신산리 230,36.0801368,126.7560109,옥외,정상가동,99,380,60,2015,,2014-12-17,충청남도 서천군청,,2025-12-10
황사과수원,,충청남도 서천군 기산면 황사리 199-6,36.07283272,126.7728058,옥외,정상가동,99.36,380,60,2015,,2014-12-18,충청남도 서천군청,,2025-12-10
승환에너지 태양광발전소,,충청남도 서천군 기산면 영모리 산 41-23,,,옥외,정상가동,90,380,60,2017,,2014-12-19,충청남도 서천군청,,2025-12-10
대보2 태양광발전소,,충청남도 서천군 기산면 영모리 산41-13,,,옥외,정상가동,90,380,60,2017,,2014-12-19,충청남도 서천군청,,2025-12-10
바다한빛 태양광발전소,,"충청남도 서천군 기산면 영모리 산41-251,22-7",,,옥외,정상가동,90,380,60,2017,,2014-12-19,충청남도 서천군청,,2025-12-10
신북에너지 태양광발전소,,충청남도 서천군 기산면 영모리 113-5,36.07799474,126.785387,옥외,정상가동,90,380,60,2017,,2014-12-19,충청남도 서천군청,,2025-12-10
규남태양광발전소,,충청남도 서천군 기산면 영모리 산 41-24,,,옥외,정상가동,90,380,60,2017,,2014-12-19,충청남도 서천군청,,2025-12-10
월포 SG,,충청남도 서천군 마서면 월포리 100,36.05552751,126.6561912,옥외,정상가동,51.3,380,60,2015,,2014-12-23,충청남도 서천군청,,2025-12-10
장선SG태양광발전소,,"충청남도 서천군 마서면 장선리 119-2,119-3",,,옥외,정상가동,96.9,380,60,2015,,2015-01-06,충청남도 서천군청,,2025-12-10
(유)화창솔라,,충청남도 서천군 화양면 창외리 185-3,36.05728372,126.767019,옥외,정상가동,99.2,380,60,2015,,2015-03-05,충청남도 서천군청,,2025-12-10
(유)호시에너지,,충청남도 서천군 화양면 창외리 185-5,36.05661133,126.7671437,옥외,정상가동,201.6,380,60,2015,,2015-03-05,충청남도 서천군청,,2025-12-10
(유)현서에너지,,충청남도 서천군 화양면 창외리 185-4,36.05691486,126.7670778,옥외,정상가동,99.2,380,60,2015,,2015-03-05,충청남도 서천군청,,2025-12-10
덕암SG태양광발전소,,충청남도 서천군 마서면 덕암리 207-2,36.03813305,126.7049474,옥외,정상가동,98.8,380,60,2015,,2015-03-06,충청남도 서천군청,,2025-12-10
대건에너지,,충청남도 서천군 장항읍 옥산리 834,36.02867789,126.6822827,옥외,정상가동,49.5,380,60,2015,,2015-03-30,충청남도 서천군청,,2025-12-10
동이,,충청남도 서천군 비인면 성북리 산57-1,36.15824692,126.6076541,옥외,정상가동,98.56,380,60,2015,,2015-03-31,충청남도 서천군청,,2025-12-10
소망3호,,충청남도 서천군 한산면 송산리 51,36.10499665,126.8233369,옥외,정상가동,99,380,60,2015,,2015-03-31,충청남도 서천군청,,2025-12-10
명국,,충청남도 서천군 종천면 장구리 653-8,36.09591998,126.6562161,옥외,정상가동,99,380,60,2015,,2015-04-06,충청남도 서천군청,,2025-12-10
세명2호태양광발전사업,,충청남도 서천군 마산면 마명리 240-2,36.12696489,126.7963299,옥외,정상가동,98.8,380,60,2015,,2015-04-29,충청남도 서천군청,,2025-12-10
태성,,충청남도 서천군 시초면 태성리 216-22,36.11660956,126.7683991,옥외,정상가동,95,380,60,2016,,2015-04-29,충청남도 서천군청,,2025-12-10
백옥,,충청남도 서천군 장항읍 옥산리 760-4,36.0315111,126.6830539,옥외,정상가동,30.6,380,60,2016,,2015-04-29,충청남도 서천군청,,2025-12-10
금호2호,,"충청남도 서천군 화양면 금당리 399-3, 399-6",36.0576363385,126.7538629004,옥외,정상가동,50,380,60,2015,,2015-04-29,충청남도 서천군청,,2025-12-10
베버(당초-마산1호),,충청남도 서천군 마산면 마명리 240-1,36.12687538,126.7960015,옥외,정상가동,98.8,380,60,2015,,2015-04-29,충청남도 서천군청,,2025-12-10
해오름(당초-마산(광명)2호),,충청남도 서천군 마산면 마명리 240,36.12686607,126.7958287,옥외,정상가동,59.28,380,60,2015,,2015-04-29,충청남도 서천군청,,2025-12-10
영서,,충청남도 서천군 화양면 월산리 124-2,36.07020103,126.8199597,옥외,정상가동,99,380,60,2016,,2015-05-22,충청남도 서천군청,,2025-12-10
승(변경전-월산2),,충청남도 서천군 화양면 월산리 124-3,36.07001317,126.819314,옥외,정상가동,99,380,60,2016,,2015-05-22,충청남도 서천군청,,2025-12-10
솔빛(변경전-월산3),,충청남도 서천군 화양면 월산리 124-4,36.06994273,126.8198442,옥외,정상가동,99,380,60,2016,,2015-05-22,충청남도 서천군청,,2025-12-10
월산리(변경전-월산4),,충청남도 서천군 화양면 월산리 124-5,36.06983162,126.8203315,옥외,정상가동,99,380,60,2016,,2015-05-22,충청남도 서천군청,,2025-12-10
조은(변경전-월산5),,충청남도 서천군 화양면 월산리 124-7,36.06972616,126.8194328,옥외,정상가동,99,380,60,2016,,2015-05-22,충청남도 서천군청,,2025-12-10
호성(변경전-월산6),,충청남도 서천군 화양면 월산리 124-8,36.06961614,126.8198556,옥외,정상가동,99,380,60,2016,,2015-05-22,충청남도 서천군청,,2025-12-10
월산7호,,충청남도 서천군 화양면 월산리 124-9,36.06930357,126.8205374,옥외,정상가동,99,380,60,2016,,2015-05-22,충청남도 서천군청,,2025-12-10
SJ,,충청남도 서천군 기산면 영모리 산41-26,,,옥외,정상가동,90,380,60,2017,,2015-06-15,충청남도 서천군청,,2025-12-10
빛가람,,충청남도 서천군 기산면 영모리 산41-20,,,옥외,정상가동,90,380,60,2017,,2015-06-15,충청남도 서천군청,,2025-12-10
상록에너지,,충청남도 서천군 기산면 영모리 산41-27,,,옥외,정상가동,90,380,60,2018,,2015-06-15,충청남도 서천군청,,2025-12-10
지석SG,,충청남도 서천군 종천면 지석리 38-1,36.11167132,126.6851898,옥외,정상가동,99,380,60,2015,,2015-06-18,충청남도 서천군청,,2025-12-10
(유)광명4호,,충청남도 서천군 종천면 장구리 653-34,36.09519392,126.6561968,옥외,정상가동,99,380,60,2015,,2015-06-18,충청남도 서천군청,,2025-12-10
별바라기2호,,충청남도 서천군 종천면 장구리 653-35,36.09499253,126.6560987,옥외,정상가동,99,380,60,2015,,2015-06-18,충청남도 서천군청,,2025-12-10
지엠허브,,충청남도 서천군 종천면 장구리 653-36,36.09473704,126.6559181,옥외,정상가동,99,380,60,2015,,2015-06-18,충청남도 서천군청,,2025-12-10
햇빛,,충청남도 서천군 종천면 장구리 653-33,36.09542744,126.6561415,옥외,정상가동,99,380,60,2015,,2015-06-18,충청남도 서천군청,,2025-12-10
창원에너지,,충청남도 서천군 기산면 신산리 211,36.07955435,126.7525103,옥외,정상가동,99,380,60,2015,,2015-06-23,충청남도 서천군청,,2025-12-10
신애에너지,,충청남도 서천군 기산면 신산리 212 215,,,옥외,정상가동,99,380,60,2015,,2015-06-23,충청남도 서천군청,,2025-12-10
새봄,,충청남도 서천군 한산면 송산리 54-1 53,,,옥외,정상가동,135,380,60,2015,,2015-07-13,충청남도 서천군청,,2025-12-10
해창에너지,,"충청남도 서천군 마서면 한성리 134-15,671-2",36.0879202747,126.644941512,옥외,정상가동,98.28,380,60,2015,,2015-07-13,충청남도 서천군청,,2025-12-10
승연,,충청남도 서천군 한산면 송산리 62-9,36.10605782,126.8253891,옥외,정상가동,99.2,380,60,2015,,2015-07-15,충청남도 서천군청,,2025-12-10
용정,,충청남도 서천군 한산면 송산리 62,36.10768459,126.8248988,옥외,정상가동,99.2,380,60,2015,,2015-07-15,충청남도 서천군청,,2025-12-10
천마,,충청남도 서천군 한산면 송산리 62-1,36.10730177,126.8248865,옥외,정상가동,99.2,380,60,2015,,2015-07-15,충청남도 서천군청,,2025-12-10
스카이,,충청남도 서천군 한산면 송산리 62-3,36.10694315,126.8249267,옥외,정상가동,99.2,380,60,2015,,2015-07-15,충청남도 서천군청,,2025-12-10
새빛,,충청남도 서천군 한산면 송산리 62-4,36.10678811,126.8249042,옥외,정상가동,99.2,380,60,2015,,2015-07-15,충청남도 서천군청,,2025-12-10
성우,,충청남도 서천군 한산면 송산리 62-5,36.10660601,126.8248464,옥외,정상가동,99.2,380,60,2015,,2015-07-15,충청남도 서천군청,,2025-12-10
광명5호,,충청남도 서천군 한산면 송산리 62-7,36.10614987,126.8243603,옥외,정상가동,99.2,380,60,2015,,2015-07-15,충청남도 서천군청,,2025-12-10
테라솔라에너지,,충청남도 서천군 기산면 영모리 113-2,36.07887653,126.7857402,옥외,정상가동,90,380,60,2017,,2015-07-21,충청남도 서천군청,,2025-12-10
해피,,충청남도 서천군 기산면 영모리 산41-11,,,옥외,정상가동,90,380,60,2017,,2015-07-21,충청남도 서천군청,,2025-12-10
남촌,충청남도 서천군 서면 공암 남촌길 136,,36.15281768,126.5265601,옥외,정상가동,72,380,60,2015,,2015-08-19,충청남도 서천군청,,2025-12-10
옥룡,,충청남도 서천군 마산면 관포리 2-26,36.17144309,126.7910307,옥외,정상가동,99.75,380,60,2016,,2015-09-07,충청남도 서천군청,,2025-12-10
해바라기,,충청남도 서천군 마산면 관포리 2-35,36.1716979,126.7907311,옥외,정상가동,99.75,380,60,2016,,2015-09-07,충청남도 서천군청,,2025-12-10
명가,,충청남도 서천군 마산면 관포리 2-10,36.17139197,126.7896252,옥외,정상가동,99.75,380,60,2016,,2015-09-07,충청남도 서천군청,,2025-12-10
레미기획,,충청남도 서천군 마산면 관포리 2-16,36.17175806,126.7903837,옥외,정상가동,99.75,380,60,2016,,2015-09-07,충청남도 서천군청,,2025-12-10
해맑음서천,,충청남도 서천군 마산면 관포리 2-22,36.17171053,126.7916568,옥외,정상가동,99.75,380,60,2016,,2015-09-07,충청남도 서천군청,,2025-12-10
자연,,충청남도 서천군 마산면 관포리 2-27,36.17144229,126.790577,옥외,정상가동,99.28,380,60,2016,,2015-09-07,충청남도 서천군청,,2025-12-10
담화,,충청남도 서천군 서천읍 화성리 237-2,36.10806383,126.7041702,옥외,정상가동,99.71,380,60,2016,,2015-09-21,충청남도 서천군청,,2025-12-10
화양1호,,충청남도 서천군 화양면 화촌리 14-1,,,옥외,정상가동,99,380,60,2016,,2015-10-12,충청남도 서천군청,,2025-12-10
화양2호,,충청남도 서천군 화양면 화촌리 15,36.06256948,126.8234426,옥외,정상가동,99,380,60,2016,,2015-10-12,충청남도 서천군청,,2025-12-10
화양4호,,충청남도 서천군 화양면 화촌리 14-2,36.06265381,126.8242391,옥외,정상가동,99,380,60,2016,,2015-10-12,충청남도 서천군청,,2025-12-10
천사,,충청남도 서천군 기산면 영모리 산41-4,,,옥외,정상가동,90,380,60,2017,,2015-10-27,충청남도 서천군청,,2025-12-10
재동파워,,충청남도 서천군 기산면 영모리 산41-16,,,옥외,정상가동,90,380,60,2017,,2015-10-27,충청남도 서천군청,,2025-12-10
사비태양광발전소1호,,충청남도 서천군 한산면 나교리 296-1번지,,,옥외,정상가동,81,380,60,2020,,2015-11-04,충청남도 서천군청,,2025-12-10
화양3호,,충청남도 서천군 화양면 화촌리 14-4,36.06263249,126.8239879,옥외,정상가동,99,380,60,2016,,2015-11-06,충청남도 서천군청,,2025-12-10
화양5호,,충청남도 서천군 화양면 화촌리 14-5,36.06270952,126.8245409,옥외,정상가동,99,380,60,2016,,2015-11-06,충청남도 서천군청,,2025-12-10
소봉,,충청남도 서천군 비인면 다사리 463-61,36.11005147,126.6092453,옥외,정상가동,98.28,380,60,2016,,2015-11-10,충청남도 서천군청,,2025-12-10
금빛,,충청남도 서천군 비인면 칠지리 산65-17,,,옥외,정상가동,99,380,60,2016,,2015-11-17,충청남도 서천군청,,2025-12-10
칠성,,충청남도 서천군 비인면 칠지리 391-6번지,,,옥외,정상가동,99,380,60,2016,,2015-11-17,충청남도 서천군청,,2025-12-10
누리,,충청남도 서천군 비인면 칠지리 산65-21,,,옥외,정상가동,99,380,60,2016,,2015-11-17,충청남도 서천군청,,2025-12-10
(유)심초에너지,,충청남도 서천군 화양면 창외리 185-14,36.05706714,126.7670398,옥외,정상가동,27,380,60,2016,,2015-12-01,충청남도 서천군청,,2025-12-10
태광,,충청남도 서천군 서면 신합리 280-1,36.14205815,126.5602473,옥상,정상가동,46.2,380,60,2016,,2016-08-03,충청남도 서천군청,,2025-12-10
창원2,,충청남도 서천군 기산면 신산리 211-2,36.07999293,126.752859,옥상,정상가동,99,380,60,2017,,2016-11-04,충청남도 서천군청,,2025-12-10
신애2,,충청남도 서천군 기산면 신산리 211-2,36.07999293,126.752859,옥상,정상가동,99,380,60,2017,,2016-11-04,충청남도 서천군청,,2025-12-10
창원3,,충청남도 서천군 기산면 신산리 211-2,36.07999293,126.752859,옥상,정상가동,99,380,60,2017,,2017-02-28,충청남도 서천군청,,2025-12-10
신애3,,충청남도 서천군 기산면 신산리 211-2,36.07999293,126.752859,옥상,정상가동,14.85,380,60,2017,,2017-02-28,충청남도 서천군청,,2025-12-10
목단,,충청남도 서천군 종천면 당정리 93-1외3,,,옥상,정상가동,97.92,380,60,2017,,2017-06-13,충청남도 서천군청,,2025-12-10
민식,충청남도 서천군 마서면 장서로 417,,36.03844602,126.7047543,옥상,정상가동,9.9,380,60,2017,,2017-06-22,충청남도 서천군청,,2025-12-10
석촌,충청남도 서천군 종천면 종천공단길 33,,36.11720144,126.6986806,옥상,정상가동,19.8,380,60,2017,,2017-11-21,충청남도 서천군청,,2025-12-10
하나 태양광발전소,충청남도 서천군 비인면 갯벌체험로 869-32,,36.10565853,126.6115775,옥상,정상가동,30.72,380,60,2018,,2017-08-29,충청남도 서천군청,,2025-12-10
만선태양광발전소2호,,충청남도 서천군 문산면 은곡리 351,36.17746572,126.7523241,옥상,정상가동,35.28,380,60,2018,,2017-08-16,충청남도 서천군청,,2025-12-10
성순,,충청남도 서천군 기산면 두남리 83-3,36.06297789,126.7455788,옥상,정상가동,20,380,60,2018,,2017-12-12,충청남도 서천군청,,2025-12-10
막동,,"충청남도 서천군 기산면 막동리 72-7, 72-14",36.0873138218,126.7635228847,옥상,정상가동,39.6,380,60,2018,,2017-11-08,충청남도 서천군청,,2025-12-10
푸르미농산,,충청남도 서천군 마서면 당선리 160-1,36.01172848,126.730210,옥상,정상가동,98.26,380,60,2018,,2017-11-21,충청남도 서천군청,,2025-12-10
정화,,"충청남도 서천군 군사리 119-4, 120-2, 120-5",,,옥상,정상가동,82,380,60,2018,,2017-10-11,충청남도 서천군청,,2025-12-10
TS-1호기,,충청남도 서천군 화양면 남성리 277,36.07121634,126.809601,옥외,정상가동,93.8,380,60,2018,,2017-07-06,충청남도 서천군청,,2025-12-10
TS-2호기,,충청남도 서천군 화양면 남성리 277,36.07121634,126.809601,옥외,정상가동,93.8,380,60,2018,,2017-07-06,충청남도 서천군청,,2025-12-10
선한,,충청남도 서천군 비인면 다사리 463-82,36.11493283,126.610532,옥외,정상가동,88,380,60,2018,,2017-11-02,충청남도 서천군청,,2025-12-10
이석,,충청남도 서천군 서천읍 군사리 228-3,36.07905988,126.7010296,옥상,정상가동,19.2,380,60,2018,,2018-02-01,충청남도 서천군청,,2025-12-10
새봄1호,,충청남도 서천군 서면 개야리 2번지,,,옥외,정상가동,99,380,60,2018,,2017-10-13,충청남도 서천군청,,2025-12-10
새봄2호,,충청남도 서천군 서면 개야리 산2-3 2번지,,,옥외,정상가동,99,380,60,2018,,2017-10-13,충청남도 서천군청,,2025-12-10
새봄3호,,충청남도 서천군 서면 개야리 산2-3번지,,,옥외,정상가동,99,380,60,2018,,2017-10-13,충청남도 서천군청,,2025-12-10
새봄4호,,충청남도 서천군 서면 개야리 산2-3번지,,,옥외,정상가동,99,380,60,2018,,2017-10-13,충청남도 서천군청,,2025-12-10
새봄5호,,충청남도 서천군 서면 개야리 산2-3번지,,,옥외,정상가동,99,380,60,2018,,2017-10-13,충청남도 서천군청,,2025-12-10
새봄6호,,충청남도 서천군 서면 개야리 산2-3번지,,,옥외,정상가동,99,380,60,2018,,2017-10-13,충청남도 서천군청,,2025-12-10
새봄7호,,충청남도 서천군 서면 개야리 산2-3번지,,,옥외,정상가동,99,380,60,2018,,2017-10-13,충청남도 서천군청,,2025-12-10
새봄8호,,충청남도 서천군 서면 개야리 산2-3번지,,,옥외,정상가동,99,380,60,2018,,2017-10-13,충청남도 서천군청,,2025-12-10
낭만,,충청남도 서천군 종천면 량평리 252-2,,,옥상,정상가동,99,380,60,2018,,2017-11-02,충청남도 서천군청,,2025-12-10
금강 6,,충청남도 서천군 마서면 죽산리 603,36.0602620918,126.6430320127,옥외,정상가동,99.45,380,60,2018,,2017-12-04,충청남도 서천군청,,2025-12-10
금강 7,,충청남도 서천군 마서면 죽산리 604-4,36.0602369,126.643197,옥외,정상가동,70.2,380,60,2018,,2017-12-04,충청남도 서천군청,,2025-12-10
금강 8,,"충청남도 서천군 마서면 죽산리 614, 614-13번지",36.0571210452,126.6430232242,옥외,정상가동,99.45,380,60,2018,,2017-12-04,충청남도 서천군청,,2025-12-10
동남,,충청남도 서천군 마서면 한성리 72-4,36.075988997,126.6527001676,옥상,정상가동,199.8,380,60,2018,,2018-02-09,충청남도 서천군청,,2025-12-10
광,충청남도 서천군 종천면 장천로1062번길134,,36.08598128,126.6585191,옥상,정상가동,99.36,380,60,2018,,2018-10-10,충청남도 서천군청,,2025-12-10
솜티,충청남도 서천군 종천면 장천로1062번길134,,36.08598128,126.6585191,옥상,정상가동,99.36,380,60,2018,,2018-10-10,충청남도 서천군청,,2025-12-10
나리,충청남도 서천군 종천면 장천로1062번길134,,36.08598128,126.6585191,옥상,정상가동,99.36,380,60,2018,,2018-10-10,충청남도 서천군청,,2025-12-10
일심,충청남도 서천군 종천면 장천로1062번길134,,36.08598128,126.6585191,옥상,정상가동,99.36,380,60,2018,,2018-10-10,충청남도 서천군청,,2025-12-10
채이,,충청남도 서천군 서면 원두리 485-121,36.17239413,126.5870694,옥외,정상가동,398.65,380,60,2018,,2017-08-02,충청남도 서천군청,,2025-12-10
시안,,충청남도 서천군 서면 원두리 485-200,36.17221524,126.5887071,옥외,정상가동,418.75,380,60,2018,,2017-08-02,충청남도 서천군청,,2025-12-10
상현,충청남도 서천군 종천면 장천로1062번길134,,36.08598128,126.6585191,옥상,정상가동,99.36,380,60,2019,,2018-11-19,충청남도 서천군청,,2025-12-10
성OO,,충청남도 서천군 화양면 금당리495,36.06227889,126.7555356,옥상,정상가동,50.4,380,60,2019,,2018-07-11,충청남도 서천군청,,2025-12-10
김OO,,충청남도 서천군 화양면 금당리 496,36.06227889,126.7555356,옥상,정상가동,97.92,380,60,2019,,2018-07-11,충청남도 서천군청,,2025-12-10
엘림,,충청남도 서천군 비인면 선도리 418-11,36.1299278,126.5891216,옥상,정상가동,30,380,60,2019,,2018-09-20,충청남도 서천군청,,2025-12-10
민승,충청남도 서천군 종천면 장천로1062번길134,,36.08598128,126.6585191,옥상,정상가동,99.36,380,60,2019,,2018-12-04,충청남도 서천군청,,2025-12-10
은명,,충청남도 서천군 종천면 석촌리 25-4,36.11381625,126.706830,옥상,정상가동,497,380,60,2019,,2018-04-24,충청남도 서천군청,,2025-12-10
돼지마을,,"충청남도 서천군 서면 사리 33, 30-1",,,옥상,정상가동,29.4,380,60,2019,,2018-10-31,충청남도 서천군청,,2025-12-10
금당1호,,"충청남도 서천군 화양면 금당리 396, 396-2",36.0564970061,126.754827163,옥상,정상가동,99.28,380,60,2019,,2018-09-13,충청남도 서천군청,,2025-12-10
금당2호,,"충청남도 서천군 화양면 금당리 396-1, 396-4",36.0564970061,126.754827163,옥상,정상가동,99.28,380,60,2019,,2018-09-13,충청남도 서천군청,,2025-12-10
금당3호,,충청남도 서천군 화양면 금당리 420-1,36.05692901,126.7548953,옥상,정상가동,99.28,380,60,2019,,2018-09-13,충청남도 서천군청,,2025-12-10
천광,충청남도 서천군 종천면 장천로1062번길 134,,36.08598128,126.6585191,옥상,정상가동,99.36,380,60,2019,,2019-01-14,충청남도 서천군청,,2025-12-10
하늘태양광발전소 제3호,,"충청남도 서천군 서면 원두리 485-131, 485-134",36.1709137757,126.5916331869,옥외,정상가동,499.15,380,60,2019,,2017-08-02,충청남도 서천군청,,2025-12-10
하늘태양광발전소 제2호,,"충청남도 서천군 서면 원두리 485-130, 485-134",36.1712358117,126.5905575318,옥외,정상가동,499.15,380,60,2019,,2017-08-02,충청남도 서천군청,,2025-12-10
나OO2호,,충청남도 서천군 마서면 신포리 223-10,36.03800327,126.7306771,옥상,정상가동,195.84,380,60,2019,,2018-05-14,충청남도 서천군청,,2025-12-10
송OO,충청남도 서천군 장항읍 금강로 1283-44,,36.02483864,126.7112478,옥상,정상가동,99.9,380,60,2019,,2018-12-18,충청남도 서천군청,,2025-12-10
비츠로,,충청남도 서천군 서면 사리 365-14,36.17412764,126.5496208,옥외,정상가동,99.72,380,60,2019,,2018-04-30,충청남도 서천군청,,2025-12-10
유이,,"충청남도 서천군 서면 사리 365-14, 39, 40",,,옥외,정상가동,99.72,380,60,2019,,2018-04-30,충청남도 서천군청,,2025-12-10
OK솔라,,"충청남도 서천군 서면 사리 365-14, 40",,,옥외,정상가동,99.72,380,60,2019,,2018-04-30,충청남도 서천군청,,2025-12-10
BS파워,,충청남도 서천군 서면 사리 365-14,,,옥외,정상가동,99.72,380,60,2019,,2018-04-30,충청남도 서천군청,,2025-12-10
J&H,,충청남도 서천군 서면 사리 365-14,,,옥외,정상가동,99.72,380,60,2019,,2018-04-30,충청남도 서천군청,,2025-12-10
일현솔라,,충청남도 서천군 서면 사리 365-14,,,옥외,정상가동,99.72,380,60,2019,,2018-04-30,충청남도 서천군청,,2025-12-10
서광에너지,,충청남도 서천군 서면 사리 365-14,,,옥외,정상가동,99.72,380,60,2019,,2018-04-30,충청남도 서천군청,,2025-12-10
와이파워,,충청남도 서천군 서면 사리 365-14,,,옥외,정상가동,99.72,380,60,2019,,2018-04-30,충청남도 서천군청,,2025-12-10
은빛,,충청남도 서천군 서면 사리 41,,,옥외,정상가동,99.72,380,60,2019,,2018-04-30,충청남도 서천군청,,2025-12-10
이앤장솔라,,충청남도 서천군 서면 사리 365-14 40,,,옥외,정상가동,99.72,380,60,2019,,2018-04-30,충청남도 서천군청,,2025-12-10
정희,,충청남도 서천군 서면 신합리 산59-2 306,,,옥외,정상가동,99.72,380,60,2019,,2018-03-28,충청남도 서천군청,,2025-12-10
영화,,충청남도 서천군 서면 신합리 산59-2 306,,,옥외,정상가동,99.72,380,60,2019,,2018-03-28,충청남도 서천군청,,2025-12-10
양은,,충청남도 서천군 한산면 송산리 50,36.10497721,126.8235803,옥외,정상가동,99.96,380,60,2019,,2018-09-04,충청남도 서천군청,,2025-12-10
미소,충청남도 서천군 마서면 장천로 832-23,,36.0799546,126.6505864,옥상,정상가동,99.36,380,60,2019,,2019-03-20,충청남도 서천군청,,2025-12-10
환희,충청남도 서천군 마서면 장천로 832-23,,36.0799546,126.6505864,옥상,정상가동,99.36,380,60,2019,,2019-03-20,충청남도 서천군청,,2025-12-10
중앙,충청남도 서천군 마서면 장천로 832-31,,36.08022595,126.6503665,옥상,정상가동,99.36,380,60,2019,,2019-03-20,충청남도 서천군청,,2025-12-10
김OO 태양광발전소 1호,,충청남도 서천군 화양면 금당리 496-2,36.062030649,126.7551151249,옥상,정상가동,99.99,380,60,2019,,2019-01-03,충청남도 서천군청,,2025-12-10
성OO 태양광발전소 1호,,충청남도 서천군 화양면 금당리 496-2,36.062030649,126.7551151249,옥상,정상가동,18.5,380,60,2019,,2019-01-03,충청남도 서천군청,,2025-12-10
시몬,충청남도 서천군 서면 월하성길67번길 9,,36.13538878,126.5647136,옥상,정상가동,30,380,60,2019,,2019-04-30,충청남도 서천군청,,2025-12-10
해성,,충청남도 서천군 서천읍 신송리 293-2,36.07864252,126.6684769,옥상,정상가동,62.64,380,60,2019,,2018-10-31,충청남도 서천군청,,2025-12-10
최OO,충청남도 서천군 한산면 충절로 1134,,36.08109638,126.8038287,옥상,정상가동,19.2,380,60,2019,,2019-05-09,충청남도 서천군청,,2025-12-10
금당,,충청남도 서천군 화양면 금당리 483-5,36.05943522,126.7545882,옥상,정상가동,21.56,380,60,2019,,2018-11-15,충청남도 서천군청,,2025-12-10
승리,,충청남도 서천군 마서면 월포리 196-41,36.0583152592,126.6597294526,옥상,정상가동,93.6,380,60,2019,,2019-04-26,충청남도 서천군청,,2025-12-10
빛나는,,충청남도 서천군 한산면 신성리 57-12 -13,,,옥상,정상가동,97.02,380,60,2019,,2018-10-31,충청남도 서천군청,,2025-12-10
화,,충청남도 서천군 서천읍 화금리 524-1,36.08718804,126.7064962,옥상,정상가동,19.5,380,60,2019,,2019-05-09,충청남도 서천군청,,2025-12-10
종석,,충청남도 서천군 한산면 송산리 36번지 41번지,,,옥외,정상가동,99.4,380,60,2019,,2019-02-01,충청남도 서천군청,,2025-12-10
성원,충청남도 서천군 화양면 망월길2번길14,,36.03170661,126.7525191,옥상,정상가동,97.92,380,60,2019,,2019-01-14,충청남도 서천군청,,2025-12-10
원,,충청남도 서천군 한산면 송산리 316-1,36.10398595,126.8155604,옥상,정상가동,19.71,380,60,2019,,2018-12-18,충청남도 서천군청,,2025-12-10
월천,,충청남도 서천군 마서면 봉남리 53-3,36.05897023,126.6877315,옥상,정상가동,51,380,60,2019,,2018-06-25,충청남도 서천군청,,2025-12-10
한일,,충청남도 서천군 서천읍 군사리 171-2,36.07468212,126.6999826,옥상,정상가동,96,380,60,2019,,2019-06-18,충청남도 서천군청,,2025-12-10
소담,충청남도 서천군 화양면 신장로376번길 59,,36.04185269,126.7422491,옥상,정상가동,17.02,380,60,2019,,2019-06-04,충청남도 서천군청,,2025-12-10
대원1,,충청남도 서천군 서천읍 화금리 526-27,36.08517507,126.7058773,옥상,정상가동,99.45,380,60,2019,,2019-06-07,충청남도 서천군청,,2025-12-10
대원2,,충청남도 서천군 서천읍 화금리 526-28,36.08504011,126.7057721,옥상,정상가동,99.45,380,60,2019,,2019-06-07,충청남도 서천군청,,2025-12-10
대원3,,충청남도 서천군 서천읍 화금리 526-29,36.08494319,126.7055347,옥상,정상가동,99.45,380,60,2019,,2019-06-07,충청남도 서천군청,,2025-12-10
환수,,충청남도 서천군 마서면 월포리 210 211번지,,,옥외,정상가동,98.8,380,60,2019,,2019-02-20,충청남도 서천군청,,2025-12-10
혜순,,충청남도 서천군 마서면 월포리 209-2,36.0614260141,126.6528580592,옥외,정상가동,98.8,380,60,2019,,2019-02-20,충청남도 서천군청,,2025-12-10
광종,,충청남도 서천군 마서면 월포리 209,36.0613223287,126.6528540923,옥외,정상가동,98.8,380,60,2019,,2019-02-20,충청남도 서천군청,,2025-12-10
신세계1호,,충청남도 서천군 마서면 월포리 207-3번지,,,옥외,정상가동,98.8,380,60,2019,,2019-02-20,충청남도 서천군청,,2025-12-10
세인,,충청남도 서천군 마서면 월포리 207-2번지,,,옥외,정상가동,98.8,380,60,2019,,2019-02-20,충청남도 서천군청,,2025-12-10
진아,,충청남도 서천군 마서면 월포리 207-1번지,,,옥외,정상가동,98.8,380,60,2019,,2019-02-20,충청남도 서천군청,,2025-12-10
경진,,충청남도 서천군 마서면 월포리 207-5,36.0612309537,126.6528650514,옥외,정상가동,98.8,380,60,2019,,2019-02-20,충청남도 서천군청,,2025-12-10
주화,,충청남도 서천군 마서면 월포리 207,36.0611438015,126.6528804982,옥외,정상가동,98.8,380,60,2019,,2019-02-20,충청남도 서천군청,,2025-12-10
석양,,충청남도 서천군 서천읍 화금리111-4 외,,,옥상,정상가동,98.175,380,60,2019,,2018-11-28,충청남도 서천군청,,2025-12-10
BADA-N 태양광발전소 1호,,충청남도 서천군 마서면 송내리 457-2,36.02248421,126.7179589,옥상,정상가동,98.55,380,60,2019,,2019-04-18,충청남도 서천군청,,2025-12-10
SH,충청남도 서천군 종천면 장천로 1062번길 134,,36.08598128,126.6585191,옥상,정상가동,99.36,380,60,2019,,2019-05-22,충청남도 서천군청,,2025-12-10
열매,충청남도 서천군 종천면 장천로 1062번길 134,,36.08598128,126.6585191,옥상,정상가동,99.36,380,60,2019,,2019-05-22,충청남도 서천군청,,2025-12-10
광현,충청남도 서천군 종천면 장천로 1062번길 134,,36.08598128,126.6585191,옥상,정상가동,99.36,380,60,2019,,2019-05-22,충청남도 서천군청,,2025-12-10
영화솔라,충청남도 서천군 종천면 장천로 1062번길 134,,36.08598128,126.6585191,옥상,정상가동,99.36,380,60,2019,,2019-05-22,충청남도 서천군청,,2025-12-10
다온,충청남도 서천군 종천면 장천로 1062번길 134,,36.08598128,126.6585191,옥상,정상가동,99.36,380,60,2019,,2019-05-22,충청남도 서천군청,,2025-12-10
한길,충청남도 서천군 종천면 장천로 1062번길 134,,36.08598128,126.6585191,옥상,정상가동,99.36,380,60,2019,,2019-05-22,충청남도 서천군청,,2025-12-10
빛샘,충청남도 서천군 종천면 장천로 1062번길 134,,36.08598128,126.6585191,옥상,정상가동,99.36,380,60,2019,,2019-05-22,충청남도 서천군청,,2025-12-10
세화,충청남도 서천군 종천면 장천로 1062번길 134,,36.08598128,126.6585191,옥상,정상가동,99.36,380,60,2019,,2019-05-22,충청남도 서천군청,,2025-12-10
예린,충청남도 서천군 종천면 장천로 1062번길 134,,36.08598128,126.6585191,옥상,정상가동,99.36,380,60,2019,,2019-05-22,충청남도 서천군청,,2025-12-10
MS,충청남도 서천군 마서면 장서로 411,,36.03813305,126.7049474,옥상,정상가동,99.9,380,60,2019,,2019-05-23,충청남도 서천군청,,2025-12-10
삼흥태양광발전소 1호,,충청남도 서천군 화양면 남성리 241-4,36.06757361,126.8102436,옥상,정상가동,99.28,380,60,2019,,2019-09-03,충청남도 서천군청,,2025-12-10
삼흥태양광발전소 2호,,충청남도 서천군 화양면 남성리 241-5,36.06738665,126.8102688,옥상,정상가동,99.28,380,60,2019,,2019-09-03,충청남도 서천군청,,2025-12-10
삼흥태양광발전소 3호,,충청남도 서천군 화양면 남성리 241-5,36.06738665,126.8102688,옥상,정상가동,99.28,380,60,2019,,2019-09-03,충청남도 서천군청,,2025-12-10
녹천조장,충청남도 서천군 한산면 한마로 105,,36.0892973,126.8012571,옥상,정상가동,19.52,380,60,2019,,2019-09-23,충청남도 서천군청,,2025-12-10
이바인,,충청남도 서천군 장항읍 신창리 186-18,36.0112776,126.6910997,옥상,정상가동,15,380,60,2019,,2019-09-30,충청남도 서천군청,,2025-12-10
엄OO,,충청남도 서천군 시초면 신흥리 155-2,36.10397304,126.7502854,옥상,정상가동,19.04,380,60,2019,,2019-07-08,충청남도 서천군청,,2025-12-10
관리,,충청남도 서천군 비인면 관리 산92-1,,,옥외,정상가동,499.8,380,60,2019,,2018-07-11,충청남도 서천군청,,2025-12-10
금강1호,,충청남도 서천군 화양면 봉명리 587-2,36.03625228,126.7604073,옥상,정상가동,252,380,60,2019,,2019-08-06,충청남도 서천군청,,2025-12-10
월포소연,충청남도 서천군 종천면 신송길 75-36,,36.0848930575,126.6581692616,옥상,정상가동,99.9,380,60,2019,,2019-10-01,충청남도 서천군청,,2025-12-10
KS,충청남도 서천군 종천면 신송길 75-36,,36.0848930575,126.6581692616,옥상,정상가동,99.9,380,60,2019,,2019-10-01,충청남도 서천군청,,2025-12-10
팔복2호,충청남도 서천군 종천면 신송길 75-36,,36.0848930575,126.6581692616,옥상,정상가동,99.9,380,60,2019,,2019-10-01,충청남도 서천군청,,2025-12-10
영훈,충청남도 서천군 종천면 신송길 75-36,,36.0848930575,126.6581692616,옥상,정상가동,99.9,380,60,2019,,2019-10-01,충청남도 서천군청,,2025-12-10
장기1호,충청남도 서천군 종천면 신송길 75-36,,36.0848930575,126.6581692616,옥상,정상가동,99.9,380,60,2019,,2019-10-01,충청남도 서천군청,,2025-12-10
금강,,충청남도 서천군 화양면 와초리 68,36.0403224823,126.8027562172,옥상,정상가동,65.7,380,60,2019,,2019-05-24,충청남도 서천군청,,2025-12-10
해피썬1,,충청남도 서천군 서면 원두리 산36,36.16001426,126.5916594,옥외,정상가동,99.4,380,60,2019,,2018-04-06,충청남도 서천군청,,2025-12-10
해피썬2,,충청남도 서천군 서면 원두리 산36,36.16001426,126.5916594,옥외,정상가동,99.4,380,60,2019,,2018-04-06,충청남도 서천군청,,2025-12-10
서천햇살가득,,충청남도 서천군 서면 원두리 산36,36.16001426,126.5916594,옥외,정상가동,99.4,380,60,2019,,2018-05-11,충청남도 서천군청,,2025-12-10
(유)와이즈에너지월드,,충청남도 서천군 서면 원두리 산36,36.16001426,126.5916594,옥외,정상가동,99.4,380,60,2019,,2018-05-11,충청남도 서천군청,,2025-12-10
찬누리,,충청남도 서천군 서면 원두리 237-4,36.1604468544,126.5905976206,옥외,정상가동,99.4,380,60,2019,,2018-05-11,충청남도 서천군청,,2025-12-10
영민,,충청남도 서천군 서면 원두리 237-17번지,,,옥외,정상가동,99.4,380,60,2019,,2018-05-11,충청남도 서천군청,,2025-12-10
소영,,충청남도 서천군 서면 원두리 산36,36.16001426,126.5916594,옥외,정상가동,99.4,380,60,2019,,2018-05-11,충청남도 서천군청,,2025-12-10
파란,,충청남도 서천군 서면 원두리 237-14,36.16031325,126.5905943,옥외,정상가동,99.4,380,60,2019,,2018-05-11,충청남도 서천군청,,2025-12-10
식회사 빛나리,,충청남도 서천군 서면 원두리 237-16,36.16009379,126.5908642,옥외,정상가동,99.4,380,60,2019,,2018-05-11,충청남도 서천군청,,2025-12-10
와이에스,,충청남도 서천군 서면 원두리 산36,36.16001426,126.5916594,옥외,정상가동,99.4,380,60,2019,,2018-05-11,충청남도 서천군청,,2025-12-10
한화랜드,,충청남도 서천군 서면 원두리 237-7,36.16074427,126.5915195,옥외,정상가동,99.4,380,60,2019,,2018-05-11,충청남도 서천군청,,2025-12-10
서천2,,충청남도 서천군 서면 원두리 산36,36.16001426,126.5916594,옥외,정상가동,99.4,380,60,2019,,2018-05-11,충청남도 서천군청,,2025-12-10
무지개,,충청남도 서천군 판교면 금덕리 산7,36.14445053,126.7111579,옥외,정상가동,99,380,60,2019,,2018-01-05,충청남도 서천군청,,2025-12-10
솔라시티,,충청남도 서천군 판교면 금덕리 산7,36.14445053,126.7111579,옥외,정상가동,495,380,60,2019,,2018-01-05,충청남도 서천군청,,2025-12-10
한아름,,충청남도 서천군 판교면 금덕리 산7,36.14445053,126.7111579,옥외,정상가동,99,380,60,2019,,2018-01-05,충청남도 서천군청,,2025-12-10
밝은샘발전,,충청남도 서천군 판교면 금덕리 산7,36.14445053,126.7111579,옥외,정상가동,99,380,60,2019,,2018-01-05,충청남도 서천군청,,2025-12-10
종덕,,충청남도 서천군 서면 부사리 44번지,,,옥외,정상가동,99.54,380,60,2020,,2019-05-24,충청남도 서천군청,,2025-12-10
숙희,,충청남도 서천군 서면 부사리 44-8번지,,,옥외,정상가동,99.54,380,60,2020,,2019-05-24,충청남도 서천군청,,2025-12-10
미나,,충청남도 서천군 서면 부사리 44-4번지,,,옥외,정상가동,99.54,380,60,2020,,2019-05-24,충청남도 서천군청,,2025-12-10
은주,,충청남도 서천군 서면 부사리 44-7번지,,,옥외,정상가동,99.54,380,60,2020,,2019-05-24,충청남도 서천군청,,2025-12-10
청풍,,충청남도 서천군 서면 부사리 44-10번지,,,옥외,정상가동,99.54,380,60,2020,,2019-05-24,충청남도 서천군청,,2025-12-10
은종,,충청남도 서천군 서면 부사리 44-9번지,,,옥외,정상가동,99.54,380,60,2020,,2019-05-24,충청남도 서천군청,,2025-12-10
선그린,,충청남도 서천군 서면 부사리 44-6번지,,,옥외,정상가동,99.54,380,60,2020,,2019-05-24,충청남도 서천군청,,2025-12-10
서천1호,,충청남도 서천군 서면 원두리 485-225,36.1739055674,126.5874537036,옥외,정상가동,199.29,380,60,2020,,2018-12-03,충청남도 서천군청,,2025-12-10
서천2호,,충청남도 서천군 서면 원두리 485-249,36.17326485,126.5928917,옥외,정상가동,99.28,380,60,2020,,2018-12-03,충청남도 서천군청,,2025-12-10
서천3호,,충청남도 서천군 서면 원두리 485-250,36.1735807769,126.5930880548,옥외,정상가동,99.28,380,60,2020,,2018-12-03,충청남도 서천군청,,2025-12-10
서천1-1호,,충청남도 서천군 서면 원두리 485-229,36.1736445387,126.590058996,옥외,정상가동,308.79,380,60,2020,,2018-12-03,충청남도 서천군청,,2025-12-10
서천1-2호,,충청남도 서천군 서면 원두리 485-263,36.1737280279,126.5890914408,옥외,정상가동,118.99,380,60,2020,,2018-12-03,충청남도 서천군청,,2025-12-10
김OO1호,,충청남도 서천군 종천면 종천리 401-3,36.1130469428,126.640122891,옥상,정상가동,99.9,380,60,2020,,2019-11-13,충청남도 서천군청,,2025-12-10
김OO2호,,충청남도 서천군 종천면 종천리 401-3,36.1130469428,126.640122891,옥상,정상가동,99.9,380,60,2020,,2019-11-13,충청남도 서천군청,,2025-12-10
부내,,충청남도 서천군 종천면 종천리 402-3,36.1113949528,126.6395900959,옥상,정상가동,99.9,380,60,2020,,2019-11-13,충청남도 서천군청,,2025-12-10
이화,,충청남도 서천군 한산면 온동리 64,36.0700904622,126.8331487189,옥상,정상가동,297.84,380,60,2020,,2019-06-05,충청남도 서천군청,,2025-12-10
바아람,,충청남도 서천군 한산면 온동리 64-4,36.0699289095,126.8338236517,옥상,정상가동,198.56,380,60,2020,,2019-06-05,충청남도 서천군청,,2025-12-10
윤OO,,충청남도 서천군 마서면 신포리 218-1,36.03772302,126.7342481,옥상,정상가동,166.6,380,60,2020,,2019-04-30,충청남도 서천군청,,2025-12-10
월리2호,,충청남도 서천군 서면 월리 산30,36.16126151,126.5556581,옥외,정상가동,99,380,60,2020,,2018-05-02,충청남도 서천군청,,2025-12-10
월리3호,,충청남도 서천군 서면 월리 산30,36.16126151,126.5556581,옥외,정상가동,99,380,60,2020,,2018-05-02,충청남도 서천군청,,2025-12-10
오션1,,충청남도 서천군 서면 월리 산30,36.16126151,126.5556581,옥외,정상가동,99,380,60,2020,,2018-05-02,충청남도 서천군청,,2025-12-10
월리6호,,충청남도 서천군 서면 월리 산30,36.16126151,126.5556581,옥외,정상가동,99,380,60,2020,,2018-05-02,충청남도 서천군청,,2025-12-10
월리7호,,충청남도 서천군 서면 월리 산30,36.16126151,126.5556581,옥외,정상가동,99,380,60,2020,,2018-05-02,충청남도 서천군청,,2025-12-10
월리8호,,충청남도 서천군 서면 월리 산30,36.16126151,126.5556581,옥외,정상가동,99,380,60,2020,,2018-05-02,충청남도 서천군청,,2025-12-10
월리9호,,충청남도 서천군 서면 월리 산30,36.16126151,126.5556581,옥외,정상가동,99,380,60,2020,,2018-05-02,충청남도 서천군청,,2025-12-10
월리10호,,"충청남도 서천군 서면 월리 산30, 산31-1",36.1612615144,126.5556580913,옥외,정상가동,99,380,60,2020,,2018-05-02,충청남도 서천군청,,2025-12-10
월리11호,,충청남도 서천군 서면 월리 산30,36.16126151,126.5556581,옥외,정상가동,99,380,60,2020,,2018-05-02,충청남도 서천군청,,2025-12-10
월리12호,,"충청남도 서천군 서면 월리 산30, 산31-1",36.1612615144,126.5556580913,옥외,정상가동,99,380,60,2020,,2018-05-02,충청남도 서천군청,,2025-12-10
월리13호,,충청남도 서천군 서면 월리 산30,36.16126151,126.5556581,옥외,정상가동,99,380,60,2020,,2018-05-02,충청남도 서천군청,,2025-12-10
월리14호,,"충청남도 서천군 서면 월리 산30, 산31-1",36.1612615144,126.5556580913,옥외,정상가동,99,380,60,2020,,2018-05-02,충청남도 서천군청,,2025-12-10
월리15호,,충청남도 서천군 서면 월리 산30,36.16126151,126.5556581,옥외,정상가동,99,380,60,2020,,2018-05-02,충청남도 서천군청,,2025-12-10
월리16호,,"충청남도 서천군 서면 월리 산30, 산31-1",36.1612615144,126.5556580913,옥외,정상가동,99,380,60,2020,,2018-05-02,충청남도 서천군청,,2025-12-10
월리17호,,충청남도 서천군 서면 월리 산30,36.16126151,126.5556581,옥외,정상가동,99,380,60,2020,,2018-05-02,충청남도 서천군청,,2025-12-10
월리18호,,"충청남도 서천군 서면 월리 산30, 산31-1",36.1612615144,126.5556580913,옥외,정상가동,99,380,60,2020,,2018-05-02,충청남도 서천군청,,2025-12-10
월리19호,,충청남도 서천군 서면 월리 산30,36.16126151,126.5556581,옥외,정상가동,99,380,60,2020,,2018-05-02,충청남도 서천군청,,2025-12-10
월리20호,,"충청남도 서천군 서면 월리 산30, 산31-1",36.1612615144,126.5556580913,옥외,정상가동,99,380,60,2020,,2018-05-02,충청남도 서천군청,,2025-12-10
월리21호,,충청남도 서천군 서면 월리 산30,36.16126151,126.5556581,옥외,정상가동,99,380,60,2020,,2018-05-02,충청남도 서천군청,,2025-12-10
오현,충청남도 서천군 마서면 합전길 68번길 16,,36.04626456,126.6687988,옥상,정상가동,29.6,380,60,2020,,2019-09-24,충청남도 서천군청,,2025-12-10
늘푸른,충청남도 서천군 서천읍 동산길278번길 9-26,,36.10001057,126.7230128,옥상,정상가동,28.35,380,60,2020,,2019-12-17,충청남도 서천군청,,2025-12-10
신진,,충청남도 서천군 종천면 종천리 579,36.104629961,126.6260191344,옥상,정상가동,99.9,380,60,2020,,2019-12-05,충청남도 서천군청,,2025-12-10
정민,,"충청남도 서천군 서면 원두리 485-128, 485-134",36.1715649394,126.5885664596,옥외,정상가동,257.95,380,60,2020,,2017-08-02,충청남도 서천군청,,2025-12-10
구구2호(구: TK2호),,"충청남도 서천군 서면 원두리 485-169, 485-134",36.1709625593,126.5926576055,옥외,정상가동,294.8,380,60,2020,,2017-08-02,충청남도 서천군청,,2025-12-10
옥산,,충청남도 서천군 마서면 옥산리 517-2,36.06812262,126.6600864,옥상,정상가동,39.9,380,60,2020,,2019-08-27,충청남도 서천군청,,2025-12-10
하늘태양광발전소 제1호,,"충청남도 서천군 서면 원두리 485-129, 485-134",36.1713413058,126.5894534247,옥외,정상가동,499.15,380,60,2020,,2017-08-02,충청남도 서천군청,,2025-12-10
한양,,"충청남도 서천군 문산면 수암리 35-1, 35-2, 35-3",36.1562706591,126.7435774452,옥외,정상가동,295.68,380,60,2020,,2018-05-28,충청남도 서천군청,,2025-12-10
라온,충청남도 서천군 종천면 당정로 113,,36.1043127577,126.6395833565,옥상,정상가동,99.45,380,60,2020,,2020-01-15,충청남도 서천군청,,2025-12-10
다한,충청남도 서천군 종천면 당정로 113-2,,36.1038054743,126.6393467955,옥상,정상가동,99.45,380,60,2020,,2020-01-15,충청남도 서천군청,,2025-12-10
원두,,"충청남도 서천군 서면 원두리 240-1, 240-4",36.1596582663,126.5898008656,옥상,정상가동,496.8,380,60,2020,,2019-11-08,충청남도 서천군청,,2025-12-10
장항,,충청남도 서천군 장항읍 신창리 149-22,36.01120884,126.6932078,옥상,정상가동,19.24,380,60,2020,,2020-01-22,충청남도 서천군청,,2025-12-10
장구리,,충청남도 서천군 종천면 장구리 687-14,36.0881173901,126.6578719471,옥상,정상가동,495.72,380,60,2020,,2019-12-10,충청남도 서천군청,,2025-12-10
참농,,충청남도 서천군 서천읍 화금리 111-4,36.0794595825,126.7043050794,옥상,정상가동,35.275,380,60,2020,,2019-11-18,충청남도 서천군청,,2025-12-10
수암1호,,충청남도 서천군 문산면 수암리 35-17,36.15431262,126.7434504,옥외,정상가동,99.6,380,60,2020,,2019-03-28,충청남도 서천군청,,2025-12-10
수암2호,,충청남도 서천군 문산면 수암리 35-15,36.15445733,126.743413,옥외,정상가동,99.6,380,60,2020,,2019-03-28,충청남도 서천군청,,2025-12-10
수암3호,,충청남도 서천군 문산면 수암리 35-8,36.1546166,126.7433983,옥외,정상가동,99.6,380,60,2020,,2019-03-28,충청남도 서천군청,,2025-12-10
수암4호,,충청남도 서천군 문산면 수암리 35-7,36.1547895,126.7434544,옥외,정상가동,99.6,380,60,2020,,2019-03-28,충청남도 서천군청,,2025-12-10
수암5호,,충청남도 서천군 문산면 수암리 35-11,36.15498932,126.7433273,옥외,정상가동,99.6,380,60,2020,,2019-03-28,충청남도 서천군청,,2025-12-10
수암6호,,충청남도 서천군 문산면 수암리 35-6,,,옥외,정상가동,298.8,380,60,2020,,2019-03-28,충청남도 서천군청,,2025-12-10
수암7호,,충청남도 서천군 문산면 수암리 35-4,36.15551173,126.743669,옥외,정상가동,99.6,380,60,2020,,2019-03-28,충청남도 서천군청,,2025-12-10
천리안,충청남도 서천군 마서면 장천로 835-25,,,,옥상,정상가동,49.92,380,60,2020,,2020-02-07,충청남도 서천군청,,2025-12-10
푸무리태양광발전소2호,,충청남도 서천군 화양면 금당리 503-1,36.0625686962,126.7565385662,옥상,정상가동,99.84,380,60,2020,,2020-02-18,충청남도 서천군청,,2025-12-10
희창,충청남도 서천군 서천읍 화금동길 42,,,,옥상,정상가동,99.84,380,60,2020,,2020-04-07,충청남도 서천군청,,2025-12-10
은하수1호,,충청남도 서천군 종천면 종천리 463번지,,,옥상,정상가동,99.6,380,60,2020,,2020-02-26,충청남도 서천군청,,2025-12-10
은하수2호,,충청남도 서천군 종천면 종천리 463번지,,,옥상,정상가동,99.6,380,60,2020,,2020-02-26,충청남도 서천군청,,2025-12-10
은하수3호,,충청남도 서천군 종천면 종천리 463번지,,,옥상,정상가동,99.6,380,60,2020,,2020-02-26,충청남도 서천군청,,2025-12-10
은하수4호,,충청남도 서천군 종천면 종천리 463번지,,,옥상,정상가동,99.6,380,60,2020,,2020-02-26,충청남도 서천군청,,2025-12-10
마대리1호,,충청남도 서천군 판교면 마대리 32-4,36.17218194,126.6830269,옥상,정상가동,148.995,380,60,2020,,2019-10-14,충청남도 서천군청,,2025-12-10
해성1,,충청남도 서천군 종천면 장구리 393-15,36.09006241,126.6473376,옥상,정상가동,51.52,380,60,2022,,2021-10-26,충청남도 서천군청,,2025-12-10
창원4,,충청남도 서천군 기산면 신산리 211-2,36.07999293,126.752859,옥상,정상가동,78.66,380,60,2022,,2019-01-16,충청남도 서천군청,,2025-12-10
영애4호,,충청남도 서천군 마산면 군간리 55,36.1795364068,126.7871803526,옥상,정상가동,29.28,380,60,2022,,2022-02-14,충청남도 서천군청,,2025-12-10
한섭3호,,충청남도 서천군 마산면 군간리 55,36.1795364068,126.7871803526,옥상,정상가동,48,380,60,2022,,2022-02-14,충청남도 서천군청,,2025-12-10
금복리,,충청남도 서천군 문산면 금복리 569-4,36.15232396,126.7310587,옥상,정상가동,49.595,380,60,2022,,2021-08-20,충청남도 서천군청,,2025-12-10
햇빛1호,,충청남도 서천군 판교면 상좌리 384,36.1472038003,126.6552595779,옥상,정상가동,99.64,380,60,2022,,2021-12-01,충청남도 서천군청,,2025-12-10
햇빛2호,,충청남도 서천군 판교면 상좌리 384,36.1472038003,126.6552595779,옥상,정상가동,99.64,380,60,2022,,2021-12-01,충청남도 서천군청,,2025-12-10
햇빛3호,,충청남도 서천군 판교면 상좌리 384,36.1472038003,126.6552595779,옥상,정상가동,99.64,380,60,2022,,2021-12-01,충청남도 서천군청,,2025-12-10
햇빛4호,,"충청남도 서천군 판교면 상좌리 388, 390",36.1470070341,126.6546894485,옥상,정상가동,99.64,380,60,2022,,2021-12-01,충청남도 서천군청,,2025-12-10
햇빛5호,,"충청남도 서천군 판교면 상좌리 388, 390",36.1470070341,126.6546894485,옥상,정상가동,99.64,380,60,2022,,2021-12-01,충청남도 서천군청,,2025-12-10
햇빛6호,,충청남도 서천군 판교면 상좌리 395,36.1465318102,126.6550329257,옥상,정상가동,99.64,380,60,2022,,2021-12-01,충청남도 서천군청,,2025-12-10
햇빛7호,,충청남도 서천군 판교면 상좌리 395-1,36.1466537456,126.6549680326,옥상,정상가동,99.64,380,60,2022,,2021-12-01,충청남도 서천군청,,2025-12-10
햇빛8호,,충청남도 서천군 판교면 상좌리 395-1,36.1466537456,126.6549680326,옥상,정상가동,99.64,380,60,2022,,2021-12-01,충청남도 서천군청,,2025-12-10
햇빛9호,,충청남도 서천군 판교면 상좌리 395-1,36.1466537456,126.6549680326,옥상,정상가동,99.64,380,60,2022,,2021-12-01,충청남도 서천군청,,2025-12-10
알콩달콩,충청남도 서천군 기산면 내동길 103-44,,36.0670046,126.7559121,옥상,정상가동,99.76,380,60,2022,,2022-03-08,충청남도 서천군청,,2025-12-10
양보훈1호,,충청남도 서천군 한산면 나교리 345-1,36.1062305,126.829160,옥상,정상가동,99.45,380,60,2022,,2022-01-25,충청남도 서천군청,,2025-12-10
양보훈2호,,충청남도 서천군 한산면 나교리 345-1,36.1062305,126.829160,옥상,정상가동,99.45,380,60,2022,,2022-01-25,충청남도 서천군청,,2025-12-10
엉바우1,,충청남도 서천군 마산면 요곡리 41-11,36.1158132765,126.8178253159,옥상,정상가동,99.36,380,60,2022,,2021-10-27,충청남도 서천군청,,2025-12-10
엉바우2,,충청남도 서천군 마산면 요곡리 41-11,36.1158132765,126.8178253159,옥상,정상가동,99.36,380,60,2022,,2021-10-27,충청남도 서천군청,,2025-12-10
엉바우3,,충청남도 서천군 마산면 요곡리 41-11,36.1158132765,126.8178253159,옥상,정상가동,98.9,380,60,2022,,2021-10-27,충청남도 서천군청,,2025-12-10
천해,,충청남도 서천군 서면 월리 422,36.16053454,126.5589542,옥상,정상가동,83.26,380,60,2022,,2021-11-16,충청남도 서천군청,,2025-12-10
아미에너지,,충청남도 서천군 서천읍 군사리 121-1,36.0717914364,126.7007193374,옥상,정상가동,80.08,380,60,2022,,2022-03-23,충청남도 서천군청,,2025-12-10
금복리1,,충청남도 서천군 문산면 금복리 569-2,36.15215479,126.7307144,옥외,정상가동,99.6,380,60,2022,,2021-01-26,충청남도 서천군청,,2025-12-10
금복리2,,충청남도 서천군 문산면 금복리 569-5,36.15228223,126.7305739,옥외,정상가동,99.6,380,60,2022,,2021-01-26,충청남도 서천군청,,2025-12-10
금당4호,,충청남도 서천군 화양면 금당리 326번지,,,옥상,정상가동,99.36,380,60,2022,,2022-01-18,충청남도 서천군청,,2025-12-10
금당5호,,충청남도 서천군 화양면 금당리 326번지,,,옥상,정상가동,99.36,380,60,2022,,2022-01-18,충청남도 서천군청,,2025-12-10
금당6호,,충청남도 서천군 화양면 금당리 326번지,,,옥상,정상가동,99.36,380,60,2022,,2022-01-18,충청남도 서천군청,,2025-12-10
금당7호,,충청남도 서천군 화양면 금당리 326-2번지,,,옥상,정상가동,99.36,380,60,2022,,2022-01-18,충청남도 서천군청,,2025-12-10
금당8호,,충청남도 서천군 화양면 금당리 326-2번지,,,옥상,정상가동,99.36,380,60,2022,,2022-01-18,충청남도 서천군청,,2025-12-10
금당9호,,충청남도 서천군 화양면 금당리 326-2번지,,,옥상,정상가동,99.36,380,60,2022,,2022-01-18,충청남도 서천군청,,2025-12-10
금당10호,,충청남도 서천군 화양면 금당리 326-2번지,,,옥상,정상가동,99.36,380,60,2022,,2022-01-18,충청남도 서천군청,,2025-12-10
온누리2호,,충청남도 서천군 마서면 옥북리 800,36.0516260674,126.6768064005,옥상,정상가동,99.84,380,60,2022,,2022-02-11,충청남도 서천군청,,2025-12-10
온누리3호,,충청남도 서천군 마서면 옥북리 800,36.0516260674,126.6768064005,옥상,정상가동,18.72,380,60,2022,,2022-02-11,충청남도 서천군청,,2025-12-10
케이제이와이,충청남도 서천군 종천면 충서로 440-28,,36.10907303,126.6422233,옥상,정상가동,19.565,380,60,2022,,2022-05-18,충청남도 서천군청,,2025-12-10
신성리1호,충청남도 서천군 한산면 신성로 400-17,,36.06996282,126.8503991,옥상,정상가동,99.91,380,60,2022,,2022-03-10,충청남도 서천군청,,2025-12-10
신성리2호,충청남도 서천군 한산면 신성로 400-17,,36.06996282,126.8503991,옥상,정상가동,99.91,380,60,2022,,2022-03-10,충청남도 서천군청,,2025-12-10
신성리3호,충청남도 서천군 한산면 신성로 400-17,,36.06996282,126.8503991,옥상,정상가동,99.91,380,60,2022,,2022-03-10,충청남도 서천군청,,2025-12-10
신성리4호,충청남도 서천군 한산면 신성로 400-17,,36.06996282,126.8503991,옥상,정상가동,49.95,380,60,2022,,2022-03-10,충청남도 서천군청,,2025-12-10
신성리5호,,충청남도 서천군 한산면 신성리 39-1,36.0695615655,126.8567189186,옥상,정상가동,99.84,380,60,2022,,2022-03-10,충청남도 서천군청,,2025-12-10
하랑1,충청남도 서천군 화양면 장산로 1704-54,,36.06717276,126.7892118,옥상,정상가동,99.84,380,60,2022,,2022-04-21,충청남도 서천군청,,2025-12-10
하랑2,충청남도 서천군 화양면 장산로 1704-54,,36.06717276,126.7892118,옥상,정상가동,99.84,380,60,2022,,2022-04-21,충청남도 서천군청,,2025-12-10
하랑3,충청남도 서천군 화양면 장산로 1704-54,,36.06717276,126.7892118,옥상,정상가동,99.84,380,60,2022,,2022-04-21,충청남도 서천군청,,2025-12-10
하랑4,충청남도 서천군 화양면 장산로 1704-54,,36.06717276,126.7892118,옥상,정상가동,99.84,380,60,2022,,2022-04-21,충청남도 서천군청,,2025-12-10
금아,충청남도 서천군 종천면 종천공단길 37-8,,36.1166056176,126.6994212937,옥상,정상가동,99.76,380,60,2022,,2022-05-19,충청남도 서천군청,,2025-12-10
구기삼,,충청남도 서천군 기산면 두남리 101-2,36.05971716,126.7463792,옥상,정상가동,34.22,380,60,2022,,2021-12-09,충청남도 서천군청,,2025-12-10
용수1,충청남도 서천군 문산면 북산길 139-42,,36.11603171,126.7215783,옥상,정상가동,99.84,380,60,2022,,2022-04-18,충청남도 서천군청,,2025-12-10
용수2,충청남도 서천군 문산면 북산길 139-42,,36.11603171,126.7215783,옥상,정상가동,99.84,380,60,2022,,2022-04-18,충청남도 서천군청,,2025-12-10
용수3,충청남도 서천군 문산면 북산길 139-42,,36.11603171,126.7215783,옥상,정상가동,99.84,380,60,2022,,2022-04-18,충청남도 서천군청,,2025-12-10
용수4,충청남도 서천군 문산면 북산길 139-42,,36.11603171,126.7215783,옥상,정상가동,99.84,380,60,2022,,2022-04-18,충청남도 서천군청,,2025-12-10
규환1호,,충청남도 서천군 기산면 두북리 145-19,36.06681015,126.7412814,옥상,정상가동,19.125,380,60,2022,,2022-03-10,충청남도 서천군청,,2025-12-10
규환2호,,충청남도 서천군 기산면 두북리 155-2,36.06747118,126.7412343,옥상,정상가동,19.125,380,60,2022,,2022-03-10,충청남도 서천군청,,2025-12-10
서천1,,충청남도 서천군 마서면 옥북리 482-1,36.05081691,126.6843686,옥상,정상가동,69.6,380,60,2022,,2021-08-20,충청남도 서천군청,,2025-12-10
재경1호,충청남도 서천군 시초면 시초동로 339번길 54,,36.1307363,126.7593152,옥상,정상가동,99.84,380,60,2022,,2022-04-22,충청남도 서천군청,,2025-12-10
재경2호,충청남도 서천군 시초면 시초동로 339번길 54,,36.1307363,126.7593152,옥상,정상가동,99.84,380,60,2022,,2022-04-22,충청남도 서천군청,,2025-12-10
강이엔지,,충청남도 서천군 종천면 석촌리 385-3,36.1162977315,126.6974394945,옥상,정상가동,145.92,380,60,2022,,2022-05-17,충청남도 서천군청,,2025-12-10
제일2,충청남도 서천군 장항읍 성화로 135-7,,36.01679129,126.6984201,옥상,정상가동,87,380,60,2022,,2022-05-27,충청남도 서천군청,,2025-12-10
제일3,충청남도 서천군 장항읍 성화로 129,,36.01646991,126.6979885,옥상,정상가동,97.44,380,60,2022,,2022-05-27,충청남도 서천군청,,2025-12-10
보담2,,충청남도 서천군 서천읍 삼산리 817-8,36.06923122,126.7054776,옥상,정상가동,26.88,380,60,2022,,2022-05-27,충청남도 서천군청,,2025-12-10
소리,,충청남도 서천군 비인면 다사리 196-205,36.10737309,126.6141453,옥외,정상가동,98.28,380,60,2017,,2017-02-20,충청남도 서천군청,,2025-12-10
만선태양광발전소1호,,"충청남도 서천군 문산면 은곡리 351, 351-2",36.1774657231,126.752324138,옥상,정상가동,59.85,380,60,2017,,2017-04-18,충청남도 서천군청,,2025-12-10
퍼스트4호,,충청남도 서천군 종천면 장구리 72-1,36.0970127324,126.6506535592,옥상,정상가동,97.44,380,60,2020,,2020-11-04,충청남도 서천군청,,2025-12-10
김한6호,,충청남도 서천군 종천면 장구리 72-1,36.0970127324,126.6506535592,옥상,정상가동,97.44,380,60,2020,,2020-11-04,충청남도 서천군청,,2025-12-10
김한7호,,충청남도 서천군 종천면 장구리 396-11,36.0939643783,126.6548755268,옥상,정상가동,97.44,380,60,2020,,2020-11-04,충청남도 서천군청,,2025-12-10
김한8호,,충청남도 서천군 종천면 장구리 396-11,36.0939643783,126.6548755268,옥상,정상가동,97.44,380,60,2020,,2020-11-04,충청남도 서천군청,,2025-12-10
퍼스트5호,,충청남도 서천군 종천면 장구리 396-7,36.0946626419,126.6545725148,옥상,정상가동,97.44,380,60,2020,,2020-11-04,충청남도 서천군청,,2025-12-10
퍼스트6호,,충청남도 서천군 종천면 장구리 396-7,36.0946626419,126.6545725148,옥상,정상가동,97.44,380,60,2020,,2020-11-04,충청남도 서천군청,,2025-12-10
서남에너지,,충청남도 서천군 종천면 장구리 396-10,36.0941430362,126.6547667706,옥상,정상가동,97.44,380,60,2020,,2020-11-04,충청남도 서천군청,,2025-12-10
미나솔라,,충청남도 서천군 종천면 장구리 396-10,36.0941430362,126.6547667706,옥상,정상가동,97.44,380,60,2020,,2020-11-04,충청남도 서천군청,,2025-12-10
퍼스트2호,,충청남도 서천군 종천면 종천리 414-2,36.1124696932,126.6372462332,옥상,정상가동,97.44,380,60,2020,,2020-11-04,충청남도 서천군청,,2025-12-10
김한4호,,충청남도 서천군 종천면 종천리 414-2,36.1124696932,126.6372462332,옥상,정상가동,97.44,380,60,2020,,2020-11-04,충청남도 서천군청,,2025-12-10
소우,,충청남도 서천군 종천면 종천리 414-10,36.1123552543,126.6375179497,옥상,정상가동,97.44,380,60,2020,,2020-11-04,충청남도 서천군청,,2025-12-10
드림2호,,충청남도 서천군 종천면 종천리 414-10,36.1123552543,126.6375179497,옥상,정상가동,97.44,380,60,2020,,2020-11-04,충청남도 서천군청,,2025-12-10
김한5호,,충청남도 서천군 종천면 종천리 401-4,36.1125874226,126.6404255343,옥상,정상가동,97.44,380,60,2020,,2020-10-19,충청남도 서천군청,,2025-12-10
퍼스트3호,,충청남도 서천군 종천면 종천리 401-4,36.1125874226,126.6404255343,옥상,정상가동,97.44,380,60,2020,,2020-10-19,충청남도 서천군청,,2025-12-10
아이티,,충청남도 서천군 종천면 종천리 402-2,36.1121338017,126.6393025018,옥상,정상가동,97.44,380,60,2020,,2020-10-19,충청남도 서천군청,,2025-12-10
에스엘,,충청남도 서천군 종천면 종천리 402-2,36.1121338017,126.6393025018,옥상,정상가동,97.44,380,60,2020,,2020-10-19,충청남도 서천군청,,2025-12-10
제이에스,,충청남도 서천군 종천면 종천리 402-2,36.1121338017,126.6393025018,옥상,정상가동,97.44,380,60,2020,,2020-10-19,충청남도 서천군청,,2025-12-10
내2호,,충청남도 서천군 종천면 종천리 402-3,36.1113949528,126.6395900959,옥상,정상가동,97.44,380,60,2020,,2020-10-19,충청남도 서천군청,,2025-12-10
판교강,,충청남도 서천군 판교면 상좌리 346,36.1515278449,126.6534223334,옥외,정상가동,250,380,60,2020,,2018-12-12,충청남도 서천군청,,2025-12-10
신세계파워1호,,충청남도 서천군 서면 월리 378,36.15993078,126.5554308,옥외,정상가동,97.92,380,60,2020,,2019-02-12,충청남도 서천군청,,2025-12-10
신세계파워2호,,충청남도 서천군 서면 월리 378,36.15993078,126.5554308,옥외,정상가동,97.92,380,60,2020,,2019-02-12,충청남도 서천군청,,2025-12-10
남전리재배사1호,,"충청남도 서천군 마서면 남전리 700-1, 701-7",36.0529552992,126.6613699917,옥상,정상가동,99.6,380,60,2020,,2020-04-10,충청남도 서천군청,,2025-12-10
남전리재배사2호,,"충청남도 서천군 마서면 남전리 700-1, 701-7",36.0529552992,126.6613699917,옥상,정상가동,99.6,380,60,2020,,2020-04-10,충청남도 서천군청,,2025-12-10
남전리재배사3호,,"충청남도 서천군 마서면 남전리 700-1, 701-7",36.0529552992,126.6613699917,옥상,정상가동,99.6,380,60,2020,,2020-04-10,충청남도 서천군청,,2025-12-10
둔암 형제,,충청남도 서천군 서면 원두리 485-87,36.1748101842,126.5866092499,옥상,정상가동,498,380,60,2020,,2020-07-13,충청남도 서천군청,,2025-12-10
둔암 동서,,충청남도 서천군 서면 원두리 485-87,36.1748101842,126.5866092499,옥상,정상가동,99.6,380,60,2020,,2020-07-13,충청남도 서천군청,,2025-12-10
문OO,,충청남도 서천군 마서면 죽산리 131,36.0700009906,126.6452989561,옥상,정상가동,99.375,380,60,2020,,2020-11-05,충청남도 서천군청,,2025-12-10
와이,,충청남도 서천군 마서면 죽산리 131-3,36.0700675364,126.6453447987,옥상,정상가동,99.375,380,60,2020,,2020-11-05,충청남도 서천군청,,2025-12-10
상훈,,충청남도 서천군 마서면 죽산리 131-4,36.0698438842,126.645349826,옥상,정상가동,99.375,380,60,2020,,2020-11-05,충청남도 서천군청,,2025-12-10
임OO,,충청남도 서천군 마서면 죽산리 131-5,36.0696517075,126.6453526903,옥상,정상가동,99.375,380,60,2020,,2020-11-05,충청남도 서천군청,,2025-12-10
종천1호,,충청남도 서천군 종천면 종천리 193-54,36.1114300489,126.6462615575,옥상,정상가동,99.12,380,60,2020,,2020-11-10,충청남도 서천군청,,2025-12-10
종천2호,,충청남도 서천군 종천면 종천리 193-51,36.111129048,126.6460475126,옥상,정상가동,99.12,380,60,2020,,2020-11-10,충청남도 서천군청,,2025-12-10
종천3호,,충청남도 서천군 종천면 종천리 193-57,36.1110692192,126.6457726056,옥상,정상가동,99.12,380,60,2020,,2020-11-10,충청남도 서천군청,,2025-12-10
종천4호,,충청남도 서천군 종천면 종천리 193-58,36.1108716815,126.6456735598,옥상,정상가동,99.12,380,60,2020,,2020-11-10,충청남도 서천군청,,2025-12-10
종천5호,,충청남도 서천군 종천면 종천리 193-59,36.1107002733,126.6458236342,옥상,정상가동,99.12,380,60,2020,,2020-11-10,충청남도 서천군청,,2025-12-10
종천6호,,충청남도 서천군 종천면 종천리 193-60,36.1106471335,126.6456104167,옥상,정상가동,99.12,380,60,2020,,2020-11-10,충청남도 서천군청,,2025-12-10
종천7호,,충청남도 서천군 종천면 종천리 193-61,36.1104552911,126.6456206351,옥상,정상가동,99.12,380,60,2020,,2020-11-10,충청남도 서천군청,,2025-12-10
다윗,,충청남도 서천군 마서면 죽산리 12-1번지,,,옥상,정상가동,98.28,380,60,2020,,2020-12-01,충청남도 서천군청,,2025-12-10
솔로몬,,충청남도 서천군 마서면 죽산리 12-1번지,,,옥상,정상가동,98.28,380,60,2020,,2020-12-01,충청남도 서천군청,,2025-12-10
하이에너지,,충청남도 서천군 마서면 죽산리 12-2번지,,,옥상,정상가동,98.28,380,60,2020,,2020-12-01,충청남도 서천군청,,2025-12-10
삼광,,충청남도 서천군 마서면 죽산리 12-2번지,,,옥상,정상가동,98.28,380,60,2020,,2020-12-01,충청남도 서천군청,,2025-12-10
하나,,충청남도 서천군 마서면 죽산리 14-2번지,,,옥상,정상가동,98.28,380,60,2020,,2020-12-01,충청남도 서천군청,,2025-12-10
백운개발1,,충청남도 서천군 종천면 장구리 126-7,36.0830580809,126.6588140038,옥상,정상가동,99.6,380,60,2020,,2020-07-28,충청남도 서천군청,,2025-12-10
샬롬,,충청남도 서천군 종천면 장구리 126-1,36.0830217818,126.6589317789,옥상,정상가동,99.6,380,60,2020,,2020-07-28,충청남도 서천군청,,2025-12-10
해리,,충청남도 서천군 판교면 마대리 168번지,,,옥상,정상가동,94.08,380,60,2020,,2020-10-16,충청남도 서천군청,,2025-12-10
수빈,충청남도 서천군 판교면 대백제로 1560,,36.12759671,126.6973497,옥상,정상가동,28.56,380,60,2020,,2020-10-08,충청남도 서천군청,,2025-12-10
윤진,,충청남도 서천군 서면 개야리 350-5번지,,,옥상,정상가동,99.9,380,60,2020,,2020-11-10,충청남도 서천군청,,2025-12-10
주원,,충청남도 서천군 서면 개야리 350-5번지,,,옥상,정상가동,99.9,380,60,2020,,2020-11-10,충청남도 서천군청,,2025-12-10
희봉2,,충청남도 서천군 서면 개야리 350-5번지,,,옥상,정상가동,49.95,380,60,2020,,2020-11-10,충청남도 서천군청,,2025-12-10
송호1,,충청남도 서천군 서면 개야리 350-21번지,,,옥상,정상가동,99.9,380,60,2020,,2020-11-10,충청남도 서천군청,,2025-12-10
송호2,,충청남도 서천군 서면 개야리 350-21번지,,,옥상,정상가동,99.9,380,60,2020,,2020-11-10,충청남도 서천군청,,2025-12-10
송호3,,충청남도 서천군 서면 개야리 350-21번지,,,옥상,정상가동,49.95,380,60,2020,,2020-11-10,충청남도 서천군청,,2025-12-10
흥남1,,충청남도 서천군 서면 개야리 350-22번지,,,옥상,정상가동,99.9,380,60,2020,,2020-11-10,충청남도 서천군청,,2025-12-10
흥남2,,충청남도 서천군 서면 개야리 350-22번지,,,옥상,정상가동,99.9,380,60,2020,,2020-11-10,충청남도 서천군청,,2025-12-10
흥남3,,충청남도 서천군 서면 개야리 350-22번지,,,옥상,정상가동,49.95,380,60,2020,,2020-11-10,충청남도 서천군청,,2025-12-10
월천1,,충청남도 서천군 서면 개야리 350-23번지,,,옥상,정상가동,99.9,380,60,2020,,2020-11-10,충청남도 서천군청,,2025-12-10
월천2,,충청남도 서천군 서면 개야리 350-23번지,,,옥상,정상가동,99.9,380,60,2020,,2020-11-10,충청남도 서천군청,,2025-12-10
월천3,,충청남도 서천군 서면 개야리 350-23번지,,,옥상,정상가동,49.95,380,60,2020,,2020-11-10,충청남도 서천군청,,2025-12-10
우진1,,충청남도 서천군 서면 개야리 350-6번지,,,옥상,정상가동,99.9,380,60,2020,,2020-11-25,충청남도 서천군청,,2025-12-10
우진2,,충청남도 서천군 서면 개야리 350-6번지,,,옥상,정상가동,99.9,380,60,2020,,2020-11-25,충청남도 서천군청,,2025-12-10
우진3,,충청남도 서천군 서면 개야리 350-6번지,,,옥상,정상가동,99.9,380,60,2020,,2020-11-25,충청남도 서천군청,,2025-12-10
우진5,,충청남도 서천군 서면 개야리 350-24번지,,,옥상,정상가동,99.9,380,60,2020,,2020-11-25,충청남도 서천군청,,2025-12-10
우진4,,충청남도 서천군 서면 개야리 350-24번지,,,옥상,정상가동,99.9,380,60,2020,,2020-11-25,충청남도 서천군청,,2025-12-10
개야리1,,충청남도 서천군 서면 개야리 350-25번지,,,옥상,정상가동,99.9,380,60,2020,,2020-11-25,충청남도 서천군청,,2025-12-10
개야리2,,충청남도 서천군 서면 개야리 350-25번지,,,옥상,정상가동,99.9,380,60,2020,,2020-11-25,충청남도 서천군청,,2025-12-10
개야리3,,충청남도 서천군 서면 개야리 350-26번지,,,옥상,정상가동,99.9,380,60,2020,,2020-11-25,충청남도 서천군청,,2025-12-10
개야리4,,충청남도 서천군 서면 개야리 350-26번지,,,옥상,정상가동,99.9,380,60,2020,,2020-11-25,충청남도 서천군청,,2025-12-10
고송,,충청남도 서천군 서면 개야리 350-25번지,,,옥상,정상가동,99.9,380,60,2020,,2020-11-25,충청남도 서천군청,,2025-12-10
부사,,충청남도 서천군 서면 부사리 377-24번지,,,옥상,정상가동,99.9,380,60,2020,,2020-12-08,충청남도 서천군청,,2025-12-10
찬빈,,충청남도 서천군 서면 원두리 428-7번지,,,옥상,정상가동,98.28,380,60,2020,,2020-12-11,충청남도 서천군청,,2025-12-10
한빛원두,,충청남도 서천군 서면 원두리 428-7번지,,,옥상,정상가동,98.28,380,60,2020,,2020-12-11,충청남도 서천군청,,2025-12-10
원두리3호,,충청남도 서천군 서면 원두리 428-3번지,,,옥상,정상가동,98.28,380,60,2020,,2020-12-11,충청남도 서천군청,,2025-12-10
원두리4호,,충청남도 서천군 서면 원두리 428-3번지,,,옥상,정상가동,98.28,380,60,2020,,2020-12-11,충청남도 서천군청,,2025-12-10
원두리5호,,충청남도 서천군 서면 원두리 428-3번지,,,옥상,정상가동,92.82,380,60,2020,,2020-12-11,충청남도 서천군청,,2025-12-10
원두리1호,,충청남도 서천군 서면 원두리 428-7번지,,,옥상,정상가동,80.08,380,60,2020,,2020-12-11,충청남도 서천군청,,2025-12-10
원두리6호,,충청남도 서천군 서면 원두리 428-3번지,,,옥상,정상가동,99.645,380,60,2020,,2020-12-11,충청남도 서천군청,,2025-12-10
사행복,,충청남도 서천군 서면 사리 377-27,,,옥상,정상가동,99.9,380,60,2020,,2020-12-11,충청남도 서천군청,,2025-12-10
사리,,충청남도 서천군 서면 사리 377-27,,,옥상,정상가동,99.9,380,60,2020,,2020-12-11,충청남도 서천군청,,2025-12-10
자연과태양1호,,충청남도 서천군 서면 사리 508-4,,,옥상,정상가동,99.9,380,60,2020,,2020-12-11,충청남도 서천군청,,2025-12-10
자연과태양2호,,충청남도 서천군 서면 사리 508-4,,,옥상,정상가동,99.9,380,60,2020,,2020-12-11,충청남도 서천군청,,2025-12-10
남산1호,,충청남도 서천군 서천읍 남산리 339번지,,,옥상,정상가동,99.9,380,60,2020,,2020-12-15,충청남도 서천군청,,2025-12-10
한빛남산,,충청남도 서천군 서천읍 남산리 339-1번지,,,옥상,정상가동,99.9,380,60,2020,,2020-12-15,충청남도 서천군청,,2025-12-10
백운개발2,,충청남도 서천군 서천읍 남산리 339-2번지,,,옥상,정상가동,99.9,380,60,2020,,2020-12-15,충청남도 서천군청,,2025-12-10
동신,,충청남도 서천군 서천읍 남산리 339번지,,,옥상,정상가동,99.9,380,60,2020,,2020-12-15,충청남도 서천군청,,2025-12-10
인성,,충청남도 서천군 서천읍 남산리 339-2번지,,,옥상,정상가동,49.95,380,60,2020,,2020-12-15,충청남도 서천군청,,2025-12-10
새봄9호,,충청남도 서천군 서면 개야리 2-19,36.1706551975,126.5807071525,옥외,정상가동,98.55,380,60,2021,,2019-12-17,충청남도 서천군청,,2025-12-10
정규,,충청남도 서천군 기산면 내동리 226-2번지,,,옥상,정상가동,497.25,380,60,2021,,2019-09-26,충청남도 서천군청,,2025-12-10
한산,,충청남도 서천군 기산면 광암리 59번지,,,옥상,정상가동,34.86,380,60,2021,,2020-02-25,충청남도 서천군청,,2025-12-10
민희1호,,충청남도 서천군 문산면 수암리33번지,,,옥외,정상가동,99.45,380,60,2021,,2020-06-05,충청남도 서천군청,,2025-12-10
문장1호,,충청남도 서천군 문산면 문장리 493번지,,,옥상,정상가동,99.6,380,60,2021,,2020-06-29,충청남도 서천군청,,2025-12-10
문장2호,,충청남도 서천군 문산면 문장리 490-1 494번지,,,옥상,정상가동,99.6,380,60,2021,,2020-07-06,충청남도 서천군청,,2025-12-10
나명균3호,,충청남도 서천군 마서면 신포리 27-17,36.0393699422,126.7294222968,옥상,정상가동,65.57,380,60,2021,,2020-08-06,충청남도 서천군청,,2025-12-10
삼오,,충청남도 서천군 마서면 송석리 474,36.0781835977,126.6317640397,옥상,정상가동,99.9,380,60,2021,,2020-08-25,충청남도 서천군청,,2025-12-10
삼육,,충청남도 서천군 마서면 송석리 474,36.0781835977,126.6317640397,옥상,정상가동,99.9,380,60,2021,,2020-08-25,충청남도 서천군청,,2025-12-10
태양에너지1호,,충청남도 서천군 서천읍 두왕리 16-12,36.0764180132,126.7267748945,옥상,정상가동,18.9,380,60,2021,,2020-09-23,충청남도 서천군청,,2025-12-10
태양에너지2호,,충청남도 서천군 서천읍 두왕리 16-13,36.0761363685,126.7270747564,옥상,정상가동,18.9,380,60,2021,,2020-09-23,충청남도 서천군청,,2025-12-10
태양에너지3호,,충청남도 서천군 서천읍 두왕리 16-13,36.0761363685,126.7270747564,옥상,정상가동,18.9,380,60,2021,,2020-09-23,충청남도 서천군청,,2025-12-10
유빈2호,,"충청남도 서천군 서면 사리 356-2, 356-3, 356-4",,,옥외,정상가동,99.9,380,60,2021,,2020-05-15,충청남도 서천군청,,2025-12-10
엠에스비,,"충청남도 서천군 서면 사리 356-2, 356-3, 356-4",,,옥외,정상가동,99.9,380,60,2021,,2020-05-15,충청남도 서천군청,,2025-12-10
은신1호,,"충청남도 서천군 서면 사리 356-2, 356-3, 356-4",,,옥외,정상가동,99.9,380,60,2021,,2020-05-15,충청남도 서천군청,,2025-12-10
경은1호,,"충청남도 서천군 서면 사리 356-2, 356-3, 356-4",,,옥외,정상가동,99.9,380,60,2021,,2020-05-15,충청남도 서천군청,,2025-12-10
화성1호,,"충청남도 서천군 서천읍 화성리 361, 364번지",36.1040204353,126.7007799376,옥외,정상가동,99.63,380,60,2021,,2020-06-24,충청남도 서천군청,,2025-12-10
화성2호,,충청남도 서천군 서천읍 화성리 364번지,,,옥외,정상가동,99.63,380,60,2021,,2020-06-24,충청남도 서천군청,,2025-12-10
엘제이2호에너지,,"충청남도 서천군 서면 사리 354-5, 354-6",,,옥외,정상가동,99.9,380,60,2021,,2020-07-09,충청남도 서천군청,,2025-12-10
에스디,,"충청남도 서천군 서면 사리 354-5, 354-6",,,옥외,정상가동,99.9,380,60,2021,,2020-07-09,충청남도 서천군청,,2025-12-10
BG에너지,,"충청남도 서천군 서면 사리 354-5, 354-6",,,옥외,정상가동,99.9,380,60,2021,,2020-07-09,충청남도 서천군청,,2025-12-10
인수1호,,"충청남도 서천군 서면 사리 354-5, 354-6",,,옥외,정상가동,99.9,380,60,2021,,2020-07-09,충청남도 서천군청,,2025-12-10
장구리1,,"충청남도 서천군 종천면 장구리 687-11, 687-12번지",36.0874651617,126.6576444941,옥상,정상가동,99.96,380,60,2021,,2020-11-27,충청남도 서천군청,,2025-12-10
장구리2,,"충청남도 서천군 종천면 장구리 687-11, 687-12번지",36.0874651617,126.6576444941,옥상,정상가동,99.96,380,60,2021,,2020-11-27,충청남도 서천군청,,2025-12-10
장구리3,,"충청남도 서천군 종천면 장구리 687-11, 687-12번지",36.0874651617,126.6576444941,옥상,정상가동,99.96,380,60,2021,,2020-11-27,충청남도 서천군청,,2025-12-10
장구리4,,"충청남도 서천군 종천면 장구리 687-11, 687-12번지",36.0874651617,126.6576444941,옥상,정상가동,99.96,380,60,2021,,2020-11-27,충청남도 서천군청,,2025-12-10
온누리1호,,충청남도 서천군 마서면 옥북리 801번지,,,옥상,정상가동,65.25,380,60,2021,,2020-04-27,충청남도 서천군청,,2025-12-10
은성,충청남도 서천군 화양면 망월길2번길 16,,36.0317972951,126.7526624648,옥상,정상가동,99.84,380,60,2021,,2020-10-06,충청남도 서천군청,,2025-12-10
이원,충청남도 서천군 비인면 충서로 1315,,36.16250239,126.6119767,옥상,정상가동,29.93,380,60,2021,,2020-08-28,충청남도 서천군청,,2025-12-10
양지1호,,충청남도 서천군 서면 항리 14-1,,,옥상,정상가동,99.9,380,60,2021,,2020-11-27,충청남도 서천군청,,2025-12-10
양지2호,,충청남도 서천군 서면 항리 14-4,,,옥상,정상가동,99.9,380,60,2021,,2020-11-27,충청남도 서천군청,,2025-12-10
양지3호,,충청남도 서천군 서면 항리 17-10,,,옥상,정상가동,99.9,380,60,2021,,2020-11-27,충청남도 서천군청,,2025-12-10
양지5호,,충청남도 서천군 서면 항리 17-9,,,옥상,정상가동,99.9,380,60,2021,,2020-11-27,충청남도 서천군청,,2025-12-10
양지6호,,충청남도 서천군 서면 항리 15-2,,,옥상,정상가동,99.9,380,60,2021,,2020-11-27,충청남도 서천군청,,2025-12-10
양지7호,,충청남도 서천군 서면 항리 15-3,,,옥상,정상가동,99.9,380,60,2021,,2020-11-27,충청남도 서천군청,,2025-12-10
양지8호,,충청남도 서천군 서면 항리 15-4,,,옥상,정상가동,99.9,380,60,2021,,2020-11-27,충청남도 서천군청,,2025-12-10
양지9호,,충청남도 서천군 서면 항리 15-1,,,옥상,정상가동,99.9,380,60,2021,,2020-11-27,충청남도 서천군청,,2025-12-10
박OO1호,,"충청남도 서천군 장항읍 원수리 409,  409-19, 409-26",36.0095938326,126.7153942324,옥상,정상가동,99.9,380,60,2021,,2020-12-11,충청남도 서천군청,,2025-12-10
떠오름,,"충청남도 서천군 장항읍 원수리 409-14, 409-21번지",36.0093467167,126.7151032029,옥상,정상가동,99.9,380,60,2021,,2020-12-11,충청남도 서천군청,,2025-12-10
이OO1호,,"충청남도 서천군 장항읍 원수리 409-15, 409-22번지",36.0092103498,126.7149654282,옥상,정상가동,99.9,380,60,2021,,2020-12-11,충청남도 서천군청,,2025-12-10
신OO1호,,"충청남도 서천군 장항읍 원수리 409-20, 409-27번지",36.0092137858,126.7159089827,옥상,정상가동,99.9,380,60,2021,,2020-12-11,충청남도 서천군청,,2025-12-10
양지10호,,"충청남도 서천군 장항읍 원수리 409-17, 409-24번지",36.0089504337,126.7147239305,옥상,정상가동,99.9,380,60,2021,,2020-12-11,충청남도 서천군청,,2025-12-10
스마트전력,충청남도 서천군 장항읍 성새길 65-9,,,,옥상,정상가동,73.425,380,60,2021,,2020-09-23,충청남도 서천군청,,2025-12-10
서진,,충청남도 서천군 서면 부사리 468-13번지,,,옥상,정상가동,99.19,380,60,2021,,2020-12-11,충청남도 서천군청,,2025-12-10
오복,,충청남도 서천군 서면 부사리 468-13번지,,,옥상,정상가동,99.19,380,60,2021,,2020-12-11,충청남도 서천군청,,2025-12-10
영완6,,충청남도 서천군 서면 부사리 468-13번지,,,옥상,정상가동,99.19,380,60,2021,,2020-12-11,충청남도 서천군청,,2025-12-10
범희,,충청남도 서천군 서면 부사리 468-13번지,,,옥상,정상가동,49.595,380,60,2021,,2020-12-11,충청남도 서천군청,,2025-12-10
개야1호,,충청남도 서천군 서면 개야리 산2-1,,,옥외,정상가동,397.44,380,60,2021,,2018-06-01,충청남도 서천군청,,2025-12-10
개야2호,,충청남도 서천군 서면 개야리 산2-1,,,옥외,정상가동,99.36,380,60,2021,,2018-06-01,충청남도 서천군청,,2025-12-10
개야4호,,충청남도 서천군 서면 개야리 산2-1 2-2,,,옥외,정상가동,99.36,380,60,2021,,2018-06-01,충청남도 서천군청,,2025-12-10
개야3호,,충청남도 서천군 서면 개야리 산2-1,,,옥외,정상가동,99.36,380,60,2021,,2018-06-01,충청남도 서천군청,,2025-12-10
지운,,충청남도 서천군 종천면 랑평리 252-2,36.12063604,126.6473524,옥상,정상가동,99.9,380,60,2021,,2020-09-17,충청남도 서천군청,,2025-12-10
서천3,,충청남도 서천군 마서면 옥산리 834-2,36.0656575303,126.6508372995,옥상,정상가동,99.63,380,60,2021,,2020-08-12,충청남도 서천군청,,2025-12-10
서천4,,충청남도 서천군 마서면 옥산리 834-3,36.0655205054,126.6506922726,옥상,정상가동,99.63,380,60,2021,,2020-08-12,충청남도 서천군청,,2025-12-10
서천5,,충청남도 서천군 마서면 옥산리 834-4,36.0654406105,126.6506055319,옥상,정상가동,99.63,380,60,2021,,2020-08-12,충청남도 서천군청,,2025-12-10
내동1,충청남도 서천군 기산면 내동길 103-46,,36.06730645,126.7550072,옥상,정상가동,99.84,380,60,2021,,2020-09-23,충청남도 서천군청,,2025-12-10
내동2,충청남도 서천군 기산면 내동길 103-46,,36.06730645,126.7550072,옥상,정상가동,99.84,380,60,2021,,2020-09-23,충청남도 서천군청,,2025-12-10
민들레,,충청남도 서천군 비인면 칠지리 80-5번지,,,옥상,정상가동,99.19,380,60,2021,,2020-12-11,충청남도 서천군청,,2025-12-10
우선,,충청남도 서천군 마산면 군간리 64-2,36.1766491,126.7885688,옥상,정상가동,67.51,380,60,2021,,2021-08-17,충청남도 서천군청,,2025-12-10
해이레,,충청남도 서천군 서면 신합리 503,36.1514931639,126.5506461117,옥상,정상가동,99.68,380,60,2021,,2020-09-11,충청남도 서천군청,,2025-12-10
서천 Bio Teck,,충청남도 서천군 종천면 석촌리 26-6,36.1128414019,126.7035818695,옥상,정상가동,98.56,380,60,2021,,2020-12-22,충청남도 서천군청,,2025-12-10
서천 Bio Teck 2,,충청남도 서천군 종천면 석촌리 26-3,36.1128233352,126.70362439,옥상,정상가동,98.56,380,60,2021,,2020-12-22,충청남도 서천군청,,2025-12-10
청균1호,,충청남도 서천군 화양면 봉명리7외15,,,옥상,정상가동,49.8,380,60,2021,,2020-06-03,충청남도 서천군청,,2025-12-10
순겸2호,,충청남도 서천군 종천면 종천리 193-50번지,,,옥상,정상가동,78.3,380,60,2021,,2021-01-07,충청남도 서천군청,,2025-12-10
로하스6호,,충청남도 서천군 종천면 산천리 462 452-3번지,,,옥상,정상가동,97.44,380,60,2021,,2021-01-07,충청남도 서천군청,,2025-12-10
로하스7호,,충청남도 서천군 종천면 산천리 462 452-3번지,,,옥상,정상가동,48.72,380,60,2021,,2021-01-07,충청남도 서천군청,,2025-12-10
전OO,,충청남도 서천군 종천면 신검리 55-3 55-2,,,옥상,정상가동,98.28,380,60,2021,,2020-08-12,충청남도 서천군청,,2025-12-10
서천6호,,충청남도 서천군 마서면 옥산리 834-5번지,,,옥상,정상가동,498.15,380,60,2021,,2020-12-16,충청남도 서천군청,,2025-12-10
서천7호,,충청남도 서천군 마서면 옥산리 834-6번지,,,옥상,정상가동,498.15,380,60,2021,,2020-12-16,충청남도 서천군청,,2025-12-10
성북리1,,충청남도 서천군 비인면 성북리 39-4,36.1540808257,126.6144309053,옥상,정상가동,99.615,380,60,2021,,2021-02-24,충청남도 서천군청,,2025-12-10
성북리2,,충청남도 서천군 비인면 성북리 39-3,36.1541922975,126.6136750858,옥상,정상가동,99.615,380,60,2021,,2021-02-24,충청남도 서천군청,,2025-12-10
청이1호,,충청남도 서천군 비인면 성북리 39-2,36.1540197744,126.6136944508,옥상,정상가동,99.615,380,60,2021,,2021-02-24,충청남도 서천군청,,2025-12-10
금덕1호,,충청남도 서천군 판교면 금덕리 540번지,,,옥상,정상가동,99.45,380,60,2021,,2021-03-18,충청남도 서천군청,,2025-12-10
금덕2호,,충청남도 서천군 판교면 금덕리 540번지,,,옥상,정상가동,99.45,380,60,2021,,2021-03-18,충청남도 서천군청,,2025-12-10
금덕3호,,충청남도 서천군 판교면 금덕리 540번지,,,옥상,정상가동,99.45,380,60,2021,,2021-03-18,충청남도 서천군청,,2025-12-10
월포14,,"충청남도 서천군 마서면 월포리291, 290, 290-7",,,옥외,정상가동,54.6,380,60,2021,,2019-07-24,충청남도 서천군청,,2025-12-10
나OO4호,,충청남도 서천군 마서면 신포리 27-23,36.0394605845,126.7312161688,옥상,정상가동,99.19,380,60,2021,,2020-12-16,충청남도 서천군청,,2025-12-10
흥복1호,,충청남도 서천군 장항읍 송림리 93-60,36.029728631,126.6696422603,옥상,정상가동,99.9,380,60,2021,,2021-03-09,충청남도 서천군청,,2025-12-10
흥복2호,,충청남도 서천군 장항읍 송림리 93-60,36.029728631,126.6696422603,옥상,정상가동,99.9,380,60,2021,,2021-03-09,충청남도 서천군청,,2025-12-10
이레,,충청남도 서천군 마서면 당선리 313-2,36.0092504873,126.7344233508,옥상,정상가동,99.9,380,60,2021,,2021-03-24,충청남도 서천군청,,2025-12-10
혜성,,충청남도 서천군 마서면 당선리 313-2,36.0092504873,126.7344233508,옥상,정상가동,99.9,380,60,2021,,2021-03-24,충청남도 서천군청,,2025-12-10
제이,,충청남도 서천군 마서면 당선리 313-2,36.0092504873,126.7344233508,옥상,정상가동,99.9,380,60,2021,,2021-03-24,충청남도 서천군청,,2025-12-10
새싹1호에너지,,"충청남도 서천군 화양면 봉명리 597-4, 598-2 1",36.0384893463,126.76075191,옥상,정상가동,99.9,380,60,2021,,2020-10-06,충청남도 서천군청,,2025-12-10
새싹2호에너지,,"충청남도 서천군 화양면 봉명리 597-4, 598-2 1",36.0384893463,126.76075191,옥상,정상가동,99.9,380,60,2021,,2020-10-06,충청남도 서천군청,,2025-12-10
활동1호,,충청남도 서천군 화양면 활동리 129-7번지,,,옥상,정상가동,99,380,60,2021,,2020-12-16,충청남도 서천군청,,2025-12-10
활동2호,,충청남도 서천군 화양면 활동리 129-7번지,,,옥상,정상가동,99,380,60,2021,,2020-12-16,충청남도 서천군청,,2025-12-10
활동3호,,충청남도 서천군 화양면 활동리 129-7번지,,,옥상,정상가동,99,380,60,2021,,2020-12-16,충청남도 서천군청,,2025-12-10
동남1호,,충청남도 서천군 마서면 한성리 72-4,36.075988997,126.6527001676,옥상,정상가동,99,380,60,2021,,2021-03-11,충청남도 서천군청,,2025-12-10
동남2호,,충청남도 서천군 마서면 한성리 72-4,36.075988997,126.6527001676,옥상,정상가동,99,380,60,2021,,2021-03-11,충청남도 서천군청,,2025-12-10
동남3호,,충청남도 서천군 마서면 한성리 72-4,36.075988997,126.6527001676,옥상,정상가동,99,380,60,2021,,2021-03-11,충청남도 서천군청,,2025-12-10
자립1호,,충청남도 서천군 비인면 칠지리 100-22번지,,,옥상,정상가동,99.45,380,60,2021,,2020-04-10,충청남도 서천군청,,2025-12-10
서천한우농장2,,충청남도 서천군 마서면 도삼리 6-12,36.03676743,126.7333858,옥상,정상가동,99.96,380,60,2021,,2020-11-25,충청남도 서천군청,,2025-12-10
서천도삼2,,충청남도 서천군 마서면 도삼리 13-27 13-28,,,옥상,정상가동,99.96,380,60,2021,,2020-11-25,충청남도 서천군청,,2025-12-10
자립2호,,충청남도 서천군 비인면 칠지리 100-22번지,,,옥상,정상가동,99.45,380,60,2021,,2021-02-16,충청남도 서천군청,,2025-12-10
진달래,,충청남도 서천군 비인면 칠지리 80-6번지,,,옥상,정상가동,99.19,380,60,2021,,2020-12-11,충청남도 서천군청,,2025-12-10
여희1호,,충청남도 서천군 비인면 칠지리 80-7번지,,,옥상,정상가동,99.19,380,60,2021,,2020-12-11,충청남도 서천군청,,2025-12-10
황금,,충청남도 서천군 비인면 칠지리 80-8번지,,,옥상,정상가동,99.19,380,60,2021,,2020-12-11,충청남도 서천군청,,2025-12-10
영완5,,충청남도 서천군 비인면 칠지리 80-2번지,,,옥상,정상가동,99.19,380,60,2021,,2020-12-11,충청남도 서천군청,,2025-12-10
태광1,,충청남도 서천군 서면 신합리 279-4,36.1421886473,126.5606641564,옥상,정상가동,99.9,380,60,2021,,2021-01-25,충청남도 서천군청,,2025-12-10
대등 태양광발전소 1호,,"충청남도 서천군 화양면 대등리 61-4, 61-5",36.0656159569,126.8023112545,옥상,정상가동,99.6,380,60,2021,,2020-10-08,충청남도 서천군청,,2025-12-10
대등 태양광발전소 2호,,"충청남도 서천군 화양면 대등리 61-4, 61-5",36.0656159569,126.8023112545,옥상,정상가동,99.6,380,60,2021,,2020-10-08,충청남도 서천군청,,2025-12-10
대등 태양광발전소 3호,,"충청남도 서천군 화양면 대등리 61-4, 61-5, 61-10",36.0656159569,126.8023112545,옥상,정상가동,99.6,380,60,2021,,2020-10-08,충청남도 서천군청,,2025-12-10
대등 태양광발전소 4호,,"충청남도 서천군 화양면 대등리 61-4, 61-5",36.0656159569,126.8023112545,옥상,정상가동,99.6,380,60,2021,,2020-10-08,충청남도 서천군청,,2025-12-10
대등 태양광발전소 5호,,"충청남도 서천군 화양면 대등리 61-4, 61-5",36.0656159569,126.8023112545,옥상,정상가동,99.6,380,60,2021,,2020-10-08,충청남도 서천군청,,2025-12-10
인어수산,,충청남도 서천군 비인면 구복리 27-9,36.162677055,126.6130395013,옥상,정상가동,44.88,380,60,2021,,2021-04-01,충청남도 서천군청,,2025-12-10
한영,,"충청남도 서천군 서면 월리 359-1, 359-2, 360-1, 361-2",36.1604913431,126.5662923433,옥외,정상가동,99.68,380,60,2021,,2021-01-27,충청남도 서천군청,,2025-12-10
월천3호,,"충청남도 서천군 서면 월리 358, 361-2",36.1606800885,126.565743285,옥외,정상가동,28.8,380,60,2021,,2021-01-27,충청남도 서천군청,,2025-12-10
월천4호,,"충청남도 서천군 서면 월리 358-1, 359, 360, 361-4",36.1606868558,126.5658642415,옥외,정상가동,28.8,380,60,2021,,2021-01-27,충청남도 서천군청,,2025-12-10
기석,,"충청남도 서천군 마산면 마명리 192-2, 192-3, 192-6",36.1283783095,126.8026591134,옥상,정상가동,99.6,380,60,2021,,2020-12-23,충청남도 서천군청,,2025-12-10
플러스월포,,"충청남도 서천군 마서면 월포리 229-9, 229-10",36.0612938542,126.648320985,옥상,정상가동,98.82,380,60,2021,,2021-04-22,충청남도 서천군청,,2025-12-10
유숙,,"충청남도 서천군 마산면 마명리 192-2, 192-3, 192-6",36.1283783095,126.8026591134,옥상,정상가동,99,380,60,2021,,2021-03-16,충청남도 서천군청,,2025-12-10
남성1호,,충청남도 서천군 화양면 남성리 241-11번지,,,옥상,정상가동,98.56,380,60,2021,,2020-12-02,충청남도 서천군청,,2025-12-10
남성2호,,충청남도 서천군 화양면 남성리 241-11번지,,,옥상,정상가동,98.56,380,60,2021,,2020-12-02,충청남도 서천군청,,2025-12-10
남성3호,,충청남도 서천군 화양면 남성리 241-11번지,,,옥상,정상가동,98.56,380,60,2021,,2020-12-02,충청남도 서천군청,,2025-12-10
진국,,"충청남도 서천군 비인면 다사리 304-7, 304-9, 304-10",36.1032370215,126.6161225344,옥상,정상가동,19.36,380,60,2021,,2021-03-16,충청남도 서천군청,,2025-12-10
진국1,,충청남도 서천군 비인면 다사리 304,36.10323702,126.6161225,옥상,정상가동,15.4,380,60,2021,,2021-03-16,충청남도 서천군청,,2025-12-10
신용1호,,충청남도 서천군 서천읍 군사리 1010,36.0735290893,126.6849121609,옥상,정상가동,94.5,380,60,2021,,2021-04-19,충청남도 서천군청,,2025-12-10
신용2호,,충청남도 서천군 서천읍 군사리 1010,36.0735290893,126.6849121609,옥상,정상가동,94.5,380,60,2021,,2021-04-19,충청남도 서천군청,,2025-12-10
신용3호,,충청남도 서천군 서천읍 군사리 1010,36.0735290893,126.6849121609,옥상,정상가동,94.5,380,60,2021,,2021-04-19,충청남도 서천군청,,2025-12-10
신용4호,,충청남도 서천군 서천읍 군사리 1010,36.0735290893,126.6849121609,옥상,정상가동,94.5,380,60,2021,,2021-04-19,충청남도 서천군청,,2025-12-10
항리,,"충청남도 서천군 서면 항리 195-1, 195-2번지",,,옥상,정상가동,98.56,380,60,2021,,2021-01-08,충청남도 서천군청,,2025-12-10
항리2호,,"충청남도 서천군 서면 항리 195-1, 195-2번지",,,옥상,정상가동,98.56,380,60,2021,,2021-01-08,충청남도 서천군청,,2025-12-10
항리3호,,"충청남도 서천군 서면 항리 195-1, 195-2번지",,,옥상,정상가동,98.56,380,60,2021,,2021-01-08,충청남도 서천군청,,2025-12-10
항리4호,,"충청남도 서천군 서면 항리 195-1, 195-2번지",,,옥상,정상가동,98.56,380,60,2021,,2021-01-08,충청남도 서천군청,,2025-12-10
신봉일,,충청남도 서천군 마산면 신봉리 375-1,36.1528488769,126.7804891459,옥상,정상가동,151.65,380,60,2021,,2020-06-23,충청남도 서천군청,,2025-12-10
신봉이,,충청남도 서천군 마산면 신봉리 375-2,36.1531537069,126.7809545743,옥상,정상가동,144,380,60,2021,,2020-06-23,충청남도 서천군청,,2025-12-10
신봉삼,,충청남도 서천군 마산면 신봉리 375-2,36.1531537069,126.7809545743,옥상,정상가동,88.65,380,60,2021,,2020-06-23,충청남도 서천군청,,2025-12-10
운양1호,,충청남도 서천군 종천면 장구리 86-31번지,,,옥상,정상가동,99.9,380,60,2021,,2021-08-17,충청남도 서천군청,,2025-12-10
운양2호,,충청남도 서천군 종천면 장구리 86-32번지,,,옥상,정상가동,47.36,380,60,2021,,2021-08-17,충청남도 서천군청,,2025-12-10
한성수산,,충청남도 서천군 장항읍 옥산리 705-2,36.0307997591,126.6881621138,옥상,정상가동,64.08,380,60,2021,,2021-03-25,충청남도 서천군청,,2025-12-10
장항에너지1호,,충청남도 서천군 장항읍 신창리 399,36.0104518824,126.6766301352,옥상,정상가동,982.8,380,60,2021,,2021-02-26,충청남도 서천군청,,2025-12-10
장항에너지2호,,충청남도 서천군 장항읍 신창리 399,36.0104518824,126.6766301352,옥상,정상가동,982.8,380,60,2021,,2021-02-26,충청남도 서천군청,,2025-12-10
꽃시루,,충청남도 서천군 화양면 봉명리 109,36.0454970227,126.7749525801,옥상,정상가동,17,380,60,2021,,2021-06-03,충청남도 서천군청,,2025-12-10
선옥,,충청남도 서천군 서천읍 화금리 465-5,36.0923058958,126.701926742,옥상,정상가동,99.12,380,60,2021,,2021-07-30,충청남도 서천군청,,2025-12-10
나교1호,,"충청남도 서천군 한산면 나교리 427, 428",36.1056927061,126.8270904273,옥외,정상가동,98.56,380,60,2021,,2020-06-24,충청남도 서천군청,,2025-12-10
나교2호,,충청남도 서천군 한산면 나교리 425,36.1055292622,126.827463762,옥외,정상가동,98.56,380,60,2021,,2020-06-24,충청남도 서천군청,,2025-12-10
나교3호,,"충청남도 서천군 한산면 나교리 425-2, 427-3",36.1056729054,126.827392949,옥외,정상가동,98.56,380,60,2021,,2020-06-24,충청남도 서천군청,,2025-12-10
나교4호,,"충청남도 서천군 한산면 나교리 425-3, 426, 427-4",36.1054771286,126.8274723609,옥외,정상가동,98.56,380,60,2021,,2020-06-24,충청남도 서천군청,,2025-12-10
나교5호,,충청남도 서천군 한산면 나교리 424,36.10561831,126.8278931,옥외,정상가동,49.28,380,60,2021,,2020-06-24,충청남도 서천군청,,2025-12-10
우현1,,충청남도 서천군 종천면 석촌리 676,36.1143016962,126.699720187,옥상,정상가동,99.44,380,60,2021,,2021-07-13,충청남도 서천군청,,2025-12-10
우현2,,충청남도 서천군 종천면 석촌리 676,36.1143016962,126.699720187,옥상,정상가동,99.44,380,60,2021,,2021-07-13,충청남도 서천군청,,2025-12-10
우현3,,충청남도 서천군 종천면 석촌리 676,36.1143016962,126.699720187,옥상,정상가동,48.4,380,60,2021,,2021-07-13,충청남도 서천군청,,2025-12-10
마명1호,,"충청남도 서천군 마산면 마명리 195, 196",36.1331812474,126.797563047,옥외,정상가동,99.51,380,60,2021,,2021-07-30,충청남도 서천군청,,2025-12-10
마명2호,,충청남도 서천군 마산면 마명리 196,36.13303219,126.7975397,옥외,정상가동,99.51,380,60,2021,,2021-07-30,충청남도 서천군청,,2025-12-10
일원,충청남도 서천군 비인면 충서로 1315,,36.162502387,126.6119766669,옥상,정상가동,29.7,380,60,2021,,2021-01-27,충청남도 서천군청,,2025-12-10
월천4,,"충청남도 서천군 서면 원두리 174-4, 175-2, 176-2",36.1644280615,126.5961262188,옥외,정상가동,99.9,380,60,2021,,2020-10-23,충청남도 서천군청,,2025-12-10
희봉3,,"충청남도 서천군 서면 원두리 175-5, 176-5, 176-3",36.1642251853,126.5960190204,옥외,정상가동,99.9,380,60,2021,,2020-10-23,충청남도 서천군청,,2025-12-10
두두리,,"충청남도 서천군 서면 원두리 175-6, 176-4",36.1641496844,126.5959573811,옥외,정상가동,99.9,380,60,2021,,2020-10-23,충청남도 서천군청,,2025-12-10
송3,,충청남도 서천군 서면 원두리 175-6,36.16414968,126.5959574,옥외,정상가동,99.9,380,60,2021,,2020-10-23,충청남도 서천군청,,2025-12-10
송4,,"충청남도 서천군 서면 원두리 176-7, 225",36.1635725514,126.5970540169,옥외,정상가동,99.9,380,60,2021,,2020-10-23,충청남도 서천군청,,2025-12-10
나운1,,"충청남도 서천군 서면 원두리 223-3, 224-1, 225-1",36.1631571945,126.5979249064,옥외,정상가동,99.9,380,60,2021,,2020-10-23,충청남도 서천군청,,2025-12-10
나운2,,"충청남도 서천군 서면 원두리 222, 223, 224",36.1630496588,126.5983038087,옥외,정상가동,99.9,380,60,2021,,2020-10-23,충청남도 서천군청,,2025-12-10
푸른3,,"충청남도 서천군 서면 원두리 222-1, 223-1",36.1631484635,126.598245376,옥외,정상가동,99.9,380,60,2021,,2020-10-23,충청남도 서천군청,,2025-12-10
푸른4,,충청남도 서천군 서면 원두리 222-3,36.16289442,126.5985844,옥외,정상가동,99.9,380,60,2021,,2020-10-23,충청남도 서천군청,,2025-12-10
사두리,,충청남도 서천군 서면 원두리 351-8번지,,,옥상,정상가동,99.9,380,60,2021,,2021-08-27,충청남도 서천군청,,2025-12-10
삼두리,,충청남도 서천군 서면 원두리 351-8번지,,,옥상,정상가동,99.9,380,60,2021,,2021-08-27,충청남도 서천군청,,2025-12-10
남양1호,,충청남도 서천군 마서면 월포리 469-4 524-1번지,,,옥상,정상가동,99.68,380,60,2021,,2020-10-06,충청남도 서천군청,,2025-12-10
남양2호,,충청남도 서천군 마서면 월포리 469-4 524-1번지,,,옥상,정상가동,99.68,380,60,2021,,2020-10-06,충청남도 서천군청,,2025-12-10
유진솔라1,,충청남도 서천군 서면 개야리 350-7,36.1783995669,126.5698946588,옥상,정상가동,99.51,380,60,2021,,2021-08-03,충청남도 서천군청,,2025-12-10
개야햇살1호,,충청남도 서천군 서면 개야리 350-28,36.178238327,126.5698401315,옥상,정상가동,99.51,380,60,2021,,2021-08-03,충청남도 서천군청,,2025-12-10
선진산업3호,,충청남도 서천군 서면 개야리 350-28,36.178238327,126.5698401315,옥상,정상가동,99.51,380,60,2021,,2021-08-03,충청남도 서천군청,,2025-12-10
케이엘에스개야,,충청남도 서천군 서면 개야리 350-28,36.178238327,126.5698401315,옥상,정상가동,99.51,380,60,2021,,2021-08-03,충청남도 서천군청,,2025-12-10
선진,,충청남도 서천군 서면 개야리 380-28,,,옥상,정상가동,99.51,380,60,2021,,2021-08-03,충청남도 서천군청,,2025-12-10
덕암에너지,,충청남도 서천군 마서면 덕암리 1-1,36.0465646146,126.7062987219,옥상,정상가동,80.08,380,60,2021,,2021-10-12,충청남도 서천군청,,2025-12-10
해찬솔1,,충청남도 서천군 화양면 창외리 17-1,36.0526449212,126.767128802,옥상,정상가동,99.9,380,60,2021,,2019-12-18,충청남도 서천군청,,2025-12-10
금화1호,,충청남도 서천군 화양면 장상리 104,36.05320075,126.7438226,옥상,정상가동,99.68,380,60,2021,,2021-04-27,충청남도 서천군청,,2025-12-10
금화2호,,충청남도 서천군 화양면 장상리 104,36.05320075,126.7438226,옥상,정상가동,99.68,380,60,2021,,2021-04-27,충청남도 서천군청,,2025-12-10
요한,,충청남도 서천군 서면 개야리 350-7,36.1783995669,126.5698946588,옥상,정상가동,99.51,380,60,2021,,2021-08-03,충청남도 서천군청,,2025-12-10
서천개야1호,,충청남도 서천군 서면 개야리 350-7,36.1783995669,126.5698946588,옥상,정상가동,99.51,380,60,2021,,2021-08-03,충청남도 서천군청,,2025-12-10
윤OO2호,,충청남도 서천군 서면 개야리 350-27,36.178436472,126.5702860378,옥상,정상가동,99.51,380,60,2021,,2021-08-03,충청남도 서천군청,,2025-12-10
행복,,충청남도 서천군 마서면 도삼리 80-5,36.0305057793,126.7412319203,옥상,정상가동,99.51,380,60,2021,,2021-09-09,충청남도 서천군청,,2025-12-10
행복한,,충청남도 서천군 마서면 도삼리 80-5,36.0305057793,126.7412319203,옥상,정상가동,34.24,380,60,2021,,2021-09-09,충청남도 서천군청,,2025-12-10
나OO3호,,충청남도 서천군 화양면 보현리 125-3,36.0472496037,126.7887409366,옥상,정상가동,99.64,380,60,2021,,2021-11-02,충청남도 서천군청,,2025-12-10
이OO2호,,충청남도 서천군 화양면 보현리 125-3,36.0472496037,126.7887409366,옥상,정상가동,99.64,380,60,2021,,2021-11-02,충청남도 서천군청,,2025-12-10
수정1호,,충청남도 서천군 화양면 창외리 347-2,36.0564991097,126.7584830003,옥상,정상가동,99,380,60,2021,,2021-02-04,충청남도 서천군청,,2025-12-10
금강3호,,"충청남도 서천군 화양면 봉명리 586, 585-2",36.0362451111,126.761150859,옥상,정상가동,99.75,380,60,2021,,2021-11-08,충청남도 서천군청,,2025-12-10
금강4호,,"충청남도 서천군 화양면 봉명리 586, 585-2",36.0362451111,126.761150859,옥상,정상가동,99.75,380,60,2021,,2021-11-08,충청남도 서천군청,,2025-12-10
금강5호,,"충청남도 서천군 화양면 봉명리 586, 585-2",36.0362451111,126.761150859,옥상,정상가동,99.75,380,60,2021,,2021-11-08,충청남도 서천군청,,2025-12-10
금강6호,,"충청남도 서천군 화양면 봉명리 586, 585-2",36.0362451111,126.761150859,옥상,정상가동,99.75,380,60,2021,,2021-11-08,충청남도 서천군청,,2025-12-10
금강7호,,"충청남도 서천군 화양면 봉명리 586, 585-2",36.0362451111,126.761150859,옥상,정상가동,99.75,380,60,2021,,2021-11-08,충청남도 서천군청,,2025-12-10
금강8호,,"충청남도 서천군 화양면 봉명리 586, 585-2",36.0362451111,126.761150859,옥상,정상가동,99.75,380,60,2021,,2021-11-08,충청남도 서천군청,,2025-12-10
금강9호,,"충청남도 서천군 화양면 봉명리 586, 585-2",36.0362451111,126.761150859,옥상,정상가동,99.75,380,60,2021,,2021-11-08,충청남도 서천군청,,2025-12-10
금강10호,,"충청남도 서천군 화양면 봉명리 586, 585-2",36.0362451111,126.761150859,옥상,정상가동,99.75,380,60,2021,,2021-11-08,충청남도 서천군청,,2025-12-10
금강11호,,"충청남도 서천군 화양면 봉명리 586, 585-2",36.0362451111,126.761150859,옥상,정상가동,99.75,380,60,2021,,2021-11-08,충청남도 서천군청,,2025-12-10
금강12호,,"충청남도 서천군 화양면 봉명리 586, 585-2",36.0362451111,126.761150859,옥상,정상가동,99.75,380,60,2021,,2021-11-08,충청남도 서천군청,,2025-12-10
오누이2 남용,,충청남도 서천군 서면 도둔리 72-470,36.1467781536,126.5429519871,옥상,정상가동,94.5,380,60,2021,,2021-10-01,충청남도 서천군청,,2025-12-10
오누이3 형록,,충청남도 서천군 서면 도둔리 72-470,36.1467781536,126.5429519871,옥상,정상가동,94.5,380,60,2021,,2021-10-01,충청남도 서천군청,,2025-12-10
오누이4 은선,,충청남도 서천군 서면 도둔리 72-470,36.1467781536,126.5429519871,옥상,정상가동,94.5,380,60,2021,,2021-10-01,충청남도 서천군청,,2025-12-10
오누이5 형자,,충청남도 서천군 서면 도둔리 72-470,36.1467781536,126.5429519871,옥상,정상가동,94.5,380,60,2021,,2021-10-01,충청남도 서천군청,,2025-12-10
오누이6 형숙,,충청남도 서천군 서면 도둔리 72-470,36.1467781536,126.5429519871,옥상,정상가동,94.5,380,60,2021,,2021-10-01,충청남도 서천군청,,2025-12-10
오누이7 한결,,충청남도 서천군 서면 도둔리 72-470,36.1467781536,126.5429519871,옥상,정상가동,94.5,380,60,2021,,2021-10-01,충청남도 서천군청,,2025-12-10
오누이8 국호,,충청남도 서천군 서면 도둔리 72-470,36.1467781536,126.5429519871,옥상,정상가동,99.36,380,60,2021,,2021-10-01,충청남도 서천군청,,2025-12-10
오누이10 행복,,충청남도 서천군 서면 도둔리 72-470,36.1467781536,126.5429519871,옥상,정상가동,35.1,380,60,2021,,2021-10-01,충청남도 서천군청,,2025-12-10
오누이14 남용,,충청남도 서천군 서면 도둔리 72-482,36.1475876903,126.5427122807,옥상,정상가동,99.36,380,60,2021,,2021-10-01,충청남도 서천군청,,2025-12-10
오누이15 형록,,충청남도 서천군 서면 도둔리 72-482,36.1475876903,126.5427122807,옥상,정상가동,99.36,380,60,2021,,2021-10-01,충청남도 서천군청,,2025-12-10
오누이16 형자,,충청남도 서천군 서면 도둔리 72-482,36.1475876903,126.5427122807,옥상,정상가동,99.36,380,60,2021,,2021-10-01,충청남도 서천군청,,2025-12-10
우진,,"충청남도 서천군 마산면 지산리 302-1, 302-2",36.153205488,126.7744286456,옥상,정상가동,99.9,380,60,2021,,2021-10-05,충청남도 서천군청,,2025-12-10
원동,,충청남도 서천군 기산면 원길리 144-3,36.076132795,126.7447166278,옥상,정상가동,87.4,380,60,2021,,2021-10-12,충청남도 서천군청,,2025-12-10
고촌마을,,충청남도 서천군 한산면 죽촌리 282,36.09456429,126.7930623,옥상,정상가동,29.76,380,60,2021,,2021-11-11,충청남도 서천군청,,2025-12-10
한광,,충청남도 서천군 서면 신합리 84-6,36.1501901,126.5462931,옥상,정상가동,99.96,380,60,2021,,2017-07-21,충청남도 서천군청,,2025-12-10
준우1호,,"충청남도 서천군 마산면 마명리 401-1, 401-2",36.1314714187,126.7946630122,옥상,정상가동,99.36,380,60,2021,,2021-10-20,충청남도 서천군청,,2025-12-10
다은2호,,"충청남도 서천군 마산면 마명리 400, 401-1, 401-2",36.1312584829,126.7945054849,옥상,정상가동,99.36,380,60,2021,,2021-10-20,충청남도 서천군청,,2025-12-10
복지1호,,"충청남도 서천군 마산면 마명리 400, 401-1, 401-2",36.1312584829,126.7945054849,옥상,정상가동,99.36,380,60,2021,,2021-10-20,충청남도 서천군청,,2025-12-10
이글당정5,,"충청남도 서천군 종천면 당정리 550-2, 557",36.102057185,126.6359703662,옥상,정상가동,99.45,380,60,2021,,2021-06-29,충청남도 서천군청,,2025-12-10
이글당정6,,"충청남도 서천군 종천면 당정리 550-2, 557",36.102057185,126.6359703662,옥상,정상가동,99.45,380,60,2021,,2021-06-29,충청남도 서천군청,,2025-12-10
HJS솔루션,,"충청남도 서천군 종천면 당정리 550-2, 557",36.102057185,126.6359703662,옥상,정상가동,99.45,380,60,2021,,2021-06-29,충청남도 서천군청,,2025-12-10
JHS솔루션,,"충청남도 서천군 종천면 당정리 550-2, 557",36.102057185,126.6359703662,옥상,정상가동,99.45,380,60,2021,,2021-06-29,충청남도 서천군청,,2025-12-10
당정,,"충청남도 서천군 종천면 당정리 550-2, 557",36.102057185,126.6359703662,옥상,정상가동,69.3,380,60,2021,,2021-06-29,충청남도 서천군청,,2025-12-10
이글당정4,,충청남도 서천군 종천면 당정리 562,36.1013652652,126.6354175257,옥상,정상가동,99.45,380,60,2021,,2021-06-29,충청남도 서천군청,,2025-12-10
서천당정선샤인2호,,충청남도 서천군 종천면 당정리 562,36.1013652652,126.6354175257,옥상,정상가동,99.45,380,60,2021,,2021-06-29,충청남도 서천군청,,2025-12-10
서천당정선샤인1호,,충청남도 서천군 종천면 당정리 562,36.1013652652,126.6354175257,옥상,정상가동,99.45,380,60,2021,,2021-06-29,충청남도 서천군청,,2025-12-10
오누이1 성용,,충청남도 서천군 서면 도둔리 72-470,36.1467781536,126.5429519871,옥상,정상가동,94.5,380,60,2021,,2021-10-01,충청남도 서천군청,,2025-12-10
오누이9 경희,,충청남도 서천군 서면 도둔리 72-470,36.1467781536,126.5429519871,옥상,정상가동,60.48,380,60,2021,,2021-10-01,충청남도 서천군청,,2025-12-10
원두리1,,충청남도 서천군 서면 원두리 485-312,36.17299227,126.5862684,옥상,정상가동,99.645,380,60,2021,,2021-12-06,충청남도 서천군청,,2025-12-10
원두리2,,충청남도 서천군 서면 원두리 485-311,36.17313018,126.5862954,옥상,정상가동,99.645,380,60,2021,,2021-12-06,충청남도 서천군청,,2025-12-10
원두리3,,충청남도 서천군 서면 원두리 485-310,36.17326008,126.5863208,옥상,정상가동,99.645,380,60,2021,,2021-12-06,충청남도 서천군청,,2025-12-10
원두리4,,충청남도 서천군 서면 원두리 485-309,36.17339005,126.5863462,옥상,정상가동,99.645,380,60,2021,,2021-12-06,충청남도 서천군청,,2025-12-10
원두리5,,충청남도 서천군 서면 원두리 485-308,36.17352005,126.5863717,옥상,정상가동,99.645,380,60,2021,,2021-12-06,충청남도 서천군청,,2025-12-10
원두리6,,충청남도 서천군 서면 원두리 485-307,36.17364994,126.5863971,옥상,정상가동,99.645,380,60,2021,,2021-12-06,충청남도 서천군청,,2025-12-10
원두리7,,충청남도 서천군 서면 원두리 485-306,36.17377655,126.5864218,옥상,정상가동,99.645,380,60,2021,,2021-12-06,충청남도 서천군청,,2025-12-10
원두리8,,충청남도 서천군 서면 원두리 485-298,36.17387238,126.5856827,옥상,정상가동,99.645,380,60,2021,,2021-12-06,충청남도 서천군청,,2025-12-10
원두리9,,충청남도 서천군 서면 원두리 485-299,36.17374535,126.5856575,옥상,정상가동,99.645,380,60,2021,,2021-12-06,충청남도 서천군청,,2025-12-10
원두리10,,충청남도 서천군 서면 원두리 485-300,36.17361445,126.5856315,옥상,정상가동,99.645,380,60,2021,,2021-12-06,충청남도 서천군청,,2025-12-10
원두리11,,충청남도 서천군 서면 원두리 485-301,36.17348345,126.5856055,옥상,정상가동,99.645,380,60,2021,,2021-12-06,충청남도 서천군청,,2025-12-10
원두리12,,충청남도 서천군 서면 원두리 485-302,36.17335245,126.5855795,옥상,정상가동,99.645,380,60,2021,,2021-12-06,충청남도 서천군청,,2025-12-10
원두리13,,충청남도 서천군 서면 원두리 485-303,36.17322147,126.5855536,옥상,정상가동,99.645,380,60,2021,,2021-12-06,충청남도 서천군청,,2025-12-10
원두리14,,충청남도 서천군 서면 원두리 485-304,36.17308778,126.585527,옥상,정상가동,99.645,380,60,2021,,2021-12-06,충청남도 서천군청,,2025-12-10
원두리15,,충청남도 서천군 서면 원두리 485-297,36.17317968,126.5848586,옥상,정상가동,99.645,380,60,2021,,2021-12-06,충청남도 서천군청,,2025-12-10
재호1호,,충청남도 서천군 마산면 군간리 55,36.1795364068,126.7871803526,옥상,정상가동,99.44,380,60,2022,,2021-08-20,충청남도 서천군청,,2025-12-10
재호2호,,충청남도 서천군 마산면 군간리 55,36.1795364068,126.7871803526,옥상,정상가동,96.8,380,60,2022,,2021-08-20,충청남도 서천군청,,2025-12-10
재호3호,,충청남도 서천군 마산면 군간리 55,36.1795364068,126.7871803526,옥상,정상가동,91.52,380,60,2022,,2021-08-20,충청남도 서천군청,,2025-12-10
영애1호,,충청남도 서천군 마산면 군간리 55,36.1795364068,126.7871803526,옥상,정상가동,96.8,380,60,2022,,2021-08-20,충청남도 서천군청,,2025-12-10
한섭1호,,충청남도 서천군 마산면 군간리 55,36.1795364068,126.7871803526,옥상,정상가동,91.52,380,60,2022,,2021-08-20,충청남도 서천군청,,2025-12-10
한섭2호,,충청남도 서천군 마산면 군간리 55,36.1795364068,126.7871803526,옥상,정상가동,98.56,380,60,2022,,2021-08-20,충청남도 서천군청,,2025-12-10
영애3호,,충청남도 서천군 마산면 군간리 55,36.1795364068,126.7871803526,옥상,정상가동,39.6,380,60,2022,,2021-10-22,충청남도 서천군청,,2025-12-10
연호,,"충청남도 서천군 마서면 송내리 72-8, 72-19",36.030479886,126.7120805522,옥상,정상가동,39.56,380,60,2022,,2021-07-08,충청남도 서천군청,,2025-12-10
드림팩토리2호,,충청남도 서천군 화양면 장상리 322,36.03724283,126.7406593,옥상,정상가동,35.2,380,60,2022,,2021-09-28,충청남도 서천군청,,2025-12-10
드림팩토리1호,,충청남도 서천군 마서면 송내리 72-4,36.0304447127,126.7109086982,옥상,정상가동,77,380,60,2022,,2021-09-28,충청남도 서천군청,,2025-12-10
원두리16,,충청남도 서천군 서면 원두리 485-296,36.17331244,126.5848849,옥상,정상가동,99.645,380,60,2022,,2021-12-23,충청남도 서천군청,,2025-12-10
원두리17,,충청남도 서천군 서면 원두리 485-295,36.17344268,126.5849107,옥상,정상가동,99.645,380,60,2022,,2021-12-23,충청남도 서천군청,,2025-12-10
원두리18,,충청남도 서천군 서면 원두리 485-294,36.17357295,126.5849366,옥상,정상가동,99.645,380,60,2022,,2021-12-23,충청남도 서천군청,,2025-12-10
원두리19,,충청남도 서천군 서면 원두리 485-293,36.17370323,126.5849624,옥상,정상가동,99.645,380,60,2022,,2021-12-23,충청남도 서천군청,,2025-12-10
원두리20,,충청남도 서천군 서면 원두리 485-292,36.17383345,126.5849883,옥상,정상가동,99.645,380,60,2022,,2021-12-23,충청남도 서천군청,,2025-12-10
원두리21,,충청남도 서천군 서면 원두리 485-291,36.17396051,126.5850135,옥상,정상가동,99.645,380,60,2022,,2021-12-23,충청남도 서천군청,,2025-12-10
원두리22,,충청남도 서천군 서면 원두리 485-283,36.17405647,126.5842791,옥상,정상가동,99.645,380,60,2022,,2021-12-23,충청남도 서천군청,,2025-12-10
원두리23,,충청남도 서천군 서면 원두리 485-284,36.17392951,126.5842539,옥상,정상가동,99.645,380,60,2022,,2021-12-23,충청남도 서천군청,,2025-12-10
원두리24,,충청남도 서천군 서면 원두리 485-285,36.17379961,126.5842281,옥상,정상가동,99.645,380,60,2022,,2021-12-23,충청남도 서천군청,,2025-12-10
원두리25,,충청남도 서천군 서면 원두리 485-286,36.1736697,126.5842023,옥상,정상가동,99.645,380,60,2022,,2021-12-23,충청남도 서천군청,,2025-12-10
원두리26,,충청남도 서천군 서면 원두리 485-287,36.17353977,126.5841765,옥상,정상가동,99.645,380,60,2022,,2021-12-23,충청남도 서천군청,,2025-12-10
원두리27,,충청남도 서천군 서면 원두리 485-288,36.17340989,126.5841508,옥상,정상가동,99.645,380,60,2022,,2021-12-23,충청남도 서천군청,,2025-12-10
원두리28,,충청남도 서천군 서면 원두리 485-289,36.17328274,126.5841255,옥상,정상가동,99.645,380,60,2022,,2021-12-23,충청남도 서천군청,,2025-12-10
바다로21,,"충청남도 서천군 종천면 산천리 580-4, 580-8, 580-17",36.1061397394,126.664679065,옥상,정상가동,99.19,380,60,2022,,2021-05-25,충청남도 서천군청,,2025-12-10
만선3호,,충청남도 서천군 문산면 은곡리 353,36.1773829745,126.7527950437,옥상,정상가동,62.25,380,60,2022,,2021-09-10,충청남도 서천군청,,2025-12-10
바우랑1호,,"충청남도 서천군 화양면 대등리 25-3, 25-4, 25-7",36.0680394302,126.80003788,옥상,정상가동,99.19,380,60,2022,,2021-09-10,충청남도 서천군청,,2025-12-10
바우랑2호,,"충청남도 서천군 화양면 대등리 25-3, 25-4, 25-7",36.0680394302,126.80003788,옥상,정상가동,99.19,380,60,2022,,2021-09-10,충청남도 서천군청,,2025-12-10
진율1호,,충청남도 서천군 마산면 군간리 64-1,36.1771218995,126.788962858,옥상,정상가동,99.75,380,60,2022,,2021-09-14,충청남도 서천군청,,2025-12-10
진율2호,,충청남도 서천군 마산면 군간리 64-1,36.1771218995,126.788962858,옥상,정상가동,99.75,380,60,2022,,2021-09-14,충청남도 서천군청,,2025-12-10
영일,,충청남도 서천군 종천면 장구리 86-32번지,,,옥상,정상가동,47.36,380,60,2021,,2021-08-17,충청남도 서천군청,,2025-12-10
김용일,,충청남도 서천군 장항읍 옥산리 794,36.0299737817,126.6831408479,옥상,정상가동,17.49,380,60,2021,,2021-08-25,충청남도 서천군청,,2025-12-10
원영에너지,,충청남도 서천군 서면 원두리 351-8번지,,,옥상,정상가동,99.9,380,60,2021,,2021-08-27,충청남도 서천군청,,2025-12-10
건영에너지,,충청남도 서천군 서면 원두리 351-8번지,,,옥상,정상가동,99.9,380,60,2021,,2021-08-27,충청남도 서천군청,,2025-12-10
갈대밭,,"충청남도 서천군 한산면 신성리 57-4 , 57-13",36.0695838188,126.8617003124,옥상,정상가동,29.425,380,60,2023,,2021-10-18,충청남도 서천군청,,2025-12-10
바우랑3호,,충청남도 서천군 마산면 요곡리 41-11,36.1158132765,126.8178253159,옥상,정상가동,98.9,380,60,2022,,2021-10-27,충청남도 서천군청,,2025-12-10
나득균2호,,충청남도 서천군 화양면 보현리 125-3,36.0472496037,126.7887409366,옥상,정상가동,99.64,380,60,2021,,2021-11-02,충청남도 서천군청,,2025-12-10
나득균3호,,충청남도 서천군 화양면 보현리 125-3,36.0472496037,126.7887409366,옥상,정상가동,99.64,380,60,2021,,2021-11-02,충청남도 서천군청,,2025-12-10
이미화2호,,충청남도 서천군 화양면 보현리 125-3,36.0472496037,126.7887409366,옥상,정상가동,99.64,380,60,2021,,2021-11-02,충청남도 서천군청,,2025-12-10
서천 한슬,,충청남도 서천군 서면 원두리 485-297,36.1731796798,126.5848585652,옥상,정상가동,99.645,380,60,2021,,2021-12-06,충청남도 서천군청,,2025-12-10
휘목에너지,,충청남도 서천군 서면 원두리 485-283,36.1740564749,126.5842790671,옥상,정상가동,99.645,380,60,2022,,2021-12-23,충청남도 서천군청,,2025-12-10
김영희,,충청남도 서천군 화양면 장상리 140-1,36.0474873046,126.7417390035,옥외,정상가동,19.2,380,60,2022,,2022-03-07,충청남도 서천군청,,2025-12-10
제이케이서천,,충청남도 서천군 마서면 죽산리 163-7,36.0664948594,126.6483359646,옥상,정상가동,99.68,380,60,2022,,2022-02-11,충청남도 서천군청,,2025-12-10
태태서,,충청남도 서천군 마서면 죽산리 163-9,36.065777312,126.6480296945,옥상,정상가동,99.68,380,60,2022,,2022-02-11,충청남도 서천군청,,2025-12-10
여희6호,,충청남도 서천군 마서면 죽산리 163-9,36.065777312,126.6480296945,옥상,정상가동,49.84,380,60,2022,,2022-02-11,충청남도 서천군청,,2025-12-10
서천죽산,,충청남도 서천군 마서면 죽산리 385-2,36.0631097856,126.6356284455,옥상,정상가동,99.68,380,60,2022,,2022-02-11,충청남도 서천군청,,2025-12-10
서천보람,,충청남도 서천군 마서면 죽산리 385-2,36.0631097856,126.6356284455,옥상,정상가동,99.68,380,60,2022,,2022-02-11,충청남도 서천군청,,2025-12-10
제이에스죽산,,충청남도 서천군 마서면 죽산리 385-2,36.0631097856,126.6356284455,옥상,정상가동,99.68,380,60,2022,,2022-02-11,충청남도 서천군청,,2025-12-10
태양2호,,충청남도 서천군 마서면 죽산리 385-2,36.0631097856,126.6356284455,옥상,정상가동,49.84,380,60,2022,,2022-02-11,충청남도 서천군청,,2025-12-10
희망,,"충청남도 서천군 판교면 우라리 232-1, 232-2",36.147335336,126.6725384834,옥상,정상가동,99.84,380,60,2022,,2022-03-11,충청남도 서천군청,,2025-12-10
희망1호,,충청남도 서천군 판교면 우라리 232-1,36.147335336,126.6725384834,옥상,정상가동,49.92,380,60,2022,,2022-03-11,충청남도 서천군청,,2025-12-10
신봉사,,"충청남도 서천군 마산면 신봉리 375-3, 375-4 , 375-5",36.1534000924,126.7812970424,옥상,정상가동,471.54,380,60,2022,,2022-04-20,충청남도 서천군청,,2025-12-10
신봉오,,"충청남도 서천군 마산면 신봉리 375-5 ,375-6",36.1534187016,126.7816670362,옥상,정상가동,450.08,380,60,2022,,2022-04-20,충청남도 서천군청,,2025-12-10
진일1호,,"충청남도 서천군 마서면 죽산리 403-7, 403-8",36.0618506065,126.6398768953,옥상,정상가동,77.14,380,60,2022,,2022-04-18,충청남도 서천군청,,2025-12-10
진일2호,,"충청남도 서천군 마서면 죽산리 31-8, 315-5",36.0616777985,126.6405040035,옥상,정상가동,29.58,380,60,2022,,2022-04-18,충청남도 서천군청,,2025-12-10
망월1호,충청남도 서천군 화양면 춘길 50,,,,옥상,정상가동,99.9,380,60,2022,,2022-04-22,충청남도 서천군청,,2025-12-10
망월2호,충청남도 서천군 화양면 춘길 50,,,,옥상,정상가동,99.9,380,60,2022,,2022-04-22,충청남도 서천군청,,2025-12-10
망월3호,충청남도 서천군 화양면 춘길 50,,,,옥상,정상가동,99.9,380,60,2022,,2022-04-22,충청남도 서천군청,,2025-12-10
망월4호,충청남도 서천군 화양면 춘길 50,,,,옥상,정상가동,99.9,380,60,2022,,2022-04-22,충청남도 서천군청,,2025-12-10
망월5호,충청남도 서천군 화양면 춘길 50,,,,옥상,정상가동,99.9,380,60,2022,,2022-04-22,충청남도 서천군청,,2025-12-10
건지산,,충청남도 서천군 한산면 동산리 371-2,36.086647573,126.8078466649,옥상,정상가동,19.4,380,60,2022,,2022-06-02,충청남도 서천군청,,2025-12-10
티에스피지1호,,충청남도 서천군 장항읍 옥남리 1018,36.0394892201,126.683257212,옥상,정상가동,99.91,380,60,2022,,2022-05-04,충청남도 서천군청,,2025-12-10
티에스피지2호,,충청남도 서천군 장항읍 옥남리 1018,36.0394892201,126.683257212,옥상,정상가동,99.91,380,60,2022,,2022-05-04,충청남도 서천군청,,2025-12-10
티에스피지3호,,충청남도 서천군 장항읍 옥남리 1018,36.0394892201,126.683257212,옥상,정상가동,99.91,380,60,2022,,2022-05-04,충청남도 서천군청,,2025-12-10
티에스피지4호,,충청남도 서천군 장항읍 옥남리 1018,36.0394892201,126.683257212,옥상,정상가동,99.91,380,60,2022,,2022-05-04,충청남도 서천군청,,2025-12-10
KS쏠라텍,,"충청남도 서천군 마산면 지산리 1-22, 1-26",36.156775395,126.7845563627,옥외,정상가동,99.36,380,60,2022,,2022-07-08,충청남도 서천군청,,2025-12-10
지산리2,,"충청남도 서천군 마산면 지산리 1-27, 1-32",36.1564748936,126.7845698929,옥외,정상가동,99.36,380,60,2022,,2022-07-08,충청남도 서천군청,,2025-12-10
지산리3,,"충청남도 서천군 마산면 지산리 1-6, 1-7, 1-8",36.1566530525,126.7847528036,옥외,정상가동,99.36,380,60,2022,,2022-07-08,충청남도 서천군청,,2025-12-10
지산리4,,"충청남도 서천군 마산면 지산리 1-24, 1-29",36.1565643819,126.7841334513,옥외,정상가동,99.36,380,60,2022,,2022-07-08,충청남도 서천군청,,2025-12-10
예랑,,충청남도 서천군 마산면 지산리 1-30,36.1563530868,126.7840134568,옥외,정상가동,99.36,380,60,2022,,2022-07-08,충청남도 서천군청,,2025-12-10
동수3호,,충청남도 서천군 마산면 마명리 214-2,36.1277151213,126.7998432337,옥상,정상가동,99.84,380,60,2022,,2022-05-16,충청남도 서천군청,,2025-12-10
동수,,충청남도 서천군 마산면 마명리 214-2,36.1277151213,126.7998432337,옥상,정상가동,99.84,380,60,2022,,2022-05-16,충청남도 서천군청,,2025-12-10
순영,,"충청남도 서천군 화양면 월산리 205-1, 205-2",36.0662746515,126.8181900191,옥상,정상가동,99.84,380,60,2023,,2022-05-16,충청남도 서천군청,,2025-12-10
다웅,,충청남도 서천군 종천면 석촌리 60,36.1157997425,126.7011460848,옥상,정상가동,69.84,380,60,2024,,2022-05-19,충청남도 서천군청,,2025-12-10
권영철,충청남도 서천군 한산면 송마길 136번길 29-4,,36.1082965907,126.8142980431,옥상,정상가동,29.76,380,60,2022,,2022-06-02,충청남도 서천군청,,2025-12-10
기순1호,,충청남도 서천군 화양면 기복리 8-1,36.0581254831,126.8043128398,옥상,정상가동,99.84,380,60,2022,,2022-06-13,충청남도 서천군청,,2025-12-10
기순2호,,충청남도 서천군 화양면 기복리 8-1,36.0581254831,126.8043128398,옥상,정상가동,99.84,380,60,2022,,2022-06-13,충청남도 서천군청,,2025-12-10
기순3호,,충청남도 서천군 화양면 기복리 8-1,36.0581254831,126.8043128398,옥상,정상가동,96,380,60,2022,,2022-06-13,충청남도 서천군청,,2025-12-10
진식1호,,충청남도 서천군 화양면 기복리 8-2,36.0577508506,126.8043165421,옥상,정상가동,99.84,380,60,2022,,2022-06-13,충청남도 서천군청,,2025-12-10
진식2호,,충청남도 서천군 화양면 기복리 8-2,36.0577508506,126.8043165421,옥상,정상가동,99.84,380,60,2022,,2022-06-13,충청남도 서천군청,,2025-12-10
진식3호,,충청남도 서천군 화양면 기복리 8-2,36.0577508506,126.8043165421,옥상,정상가동,99.84,380,60,2022,,2022-06-13,충청남도 서천군청,,2025-12-10
혜월1호,,충청남도 서천군 화양면 기복리 8-1,36.0581254831,126.8043128398,옥상,정상가동,96,380,60,2022,,2022-06-13,충청남도 서천군청,,2025-12-10
혜월2호,,충청남도 서천군 화양면 기복리 8-2,36.0577508506,126.8043165421,옥상,정상가동,99.84,380,60,2022,,2022-06-13,충청남도 서천군청,,2025-12-10
혜월3호,,"충청남도 서천군 화양면 기복리 8-3, 8-7",36.0573250336,126.8043233677,옥상,정상가동,99.84,380,60,2023,,2022-07-15,충청남도 서천군청,,2025-12-10
해비치4호,,충청남도 서천군 서면 사리 255-3,,,옥상,정상가동,96.72,380,60,2022,,2022-05-24,충청남도 서천군청,,2025-12-10
해비치8호,,충청남도 서천군 서면 사리 255-3,,,옥상,정상가동,96.72,380,60,2022,,2022-05-24,충청남도 서천군청,,2025-12-10
해비치9호,,충청남도 서천군 서면 사리 255-3,,,옥상,정상가동,96.72,380,60,2022,,2022-05-24,충청남도 서천군청,,2025-12-10
해비치10호,,충청남도 서천군 서면 사리 255-3,,,옥상,정상가동,96.72,380,60,2022,,2022-05-24,충청남도 서천군청,,2025-12-10
선한2호,,충청남도 서천군 비인면 다사리 463-82,36.1149328297,126.6105320001,옥상,정상가동,17.4,380,60,2023,,2022-07-12,충청남도 서천군청,,2025-12-10
성남1호,,충청남도 서천군 비인면 구복리 175,36.1676195933,126.6108000731,옥상,정상가동,99.76,380,60,2022,,2022-07-12,충청남도 서천군청,,2025-12-10
성남2호,,충청남도 서천군 비인면 구복리 175,36.1676195933,126.6108000731,옥상,정상가동,99.76,380,60,2022,,2022-07-12,충청남도 서천군청,,2025-12-10
세경1호,,충청남도 서천군 비인면 구복리 175,36.1676195933,126.6108000731,옥상,정상가동,99.76,380,60,2022,,2022-07-12,충청남도 서천군청,,2025-12-10
남수,,충청남도 서천군 비인면 구복리 176-2,36.1668399118,126.6117396008,옥상,정상가동,99.76,380,60,2022,,2022-07-12,충청남도 서천군청,,2025-12-10
서준3호,,충청남도 서천군 비인면 구복리 176-2,36.1668399118,126.6117396008,옥상,정상가동,84.68,380,60,2022,,2022-07-12,충청남도 서천군청,,2025-12-10
정품,,충청남도 서천군 장항읍 송림리 5-423 5-985,,,옥상,정상가동,46.02,380,60,2022,,2022-06-08,충청남도 서천군청,,2025-12-10
에이스솔라1,,충청남도 서천군 서천읍 화성리 192-3,36.1071375507,126.702994165,옥상,정상가동,99.12,380,60,2022,,2022-06-21,충청남도 서천군청,,2025-12-10
채영,,"충청남도 서천군 화양면 완포리 99-1, 99-2, 100-1",36.0502195987,126.8077185082,옥상,정상가동,99.91,380,60,2022,,2022-06-24,충청남도 서천군청,,2025-12-10
나율1호,,충청남도 서천군 한산면 송산리 26,36.1051933963,126.8275391098,옥상,정상가동,68.44,380,60,2022,,2022-07-04,충청남도 서천군청,,2025-12-10
나율2호,,충청남도 서천군 한산면 송산리 26,36.1051933963,126.8275391098,옥상,정상가동,99.91,380,60,2022,,2022-07-04,충청남도 서천군청,,2025-12-10
소야1호,,충청남도 서천군 마산면 소야리 2-11,36.1305111576,126.7896961928,옥외,정상가동,99.84,380,60,2023,,2022-07-07,충청남도 서천군청,,2025-12-10
소야2호,,충청남도 서천군 마산면 소야리 2-10,36.1307107172,126.7897361134,옥외,정상가동,99.12,380,60,2023,,2022-07-07,충청남도 서천군청,,2025-12-10
소야3호,,"충청남도 서천군 마산면 소야리 2-1, 2-6",36.1310076143,126.790160345,옥외,정상가동,99.12,380,60,2023,,2022-07-07,충청남도 서천군청,,2025-12-10
우범1호,,충청남도 서천군 화양면 옥포리 6-1,36.0468890147,126.783795646,옥상,정상가동,99.84,380,60,2023,,2022-06-15,충청남도 서천군청,,2025-12-10
우범2호,,충청남도 서천군 화양면 옥포리 6-1,36.0468890147,126.783795646,옥상,정상가동,99.84,380,60,2023,,2022-06-15,충청남도 서천군청,,2025-12-10
우범3호,,충청남도 서천군 화양면 옥포리 6-1,36.0468890147,126.783795646,옥상,정상가동,99.84,380,60,2023,,2022-06-15,충청남도 서천군청,,2025-12-10
연우1,"충청남도 서천군 종천면 종천공단길 57, ,",,36.1172026588,126.700784556,옥상,정상가동,491.84,380,60,2023,,2022-06-03,충청남도 서천군청,,2025-12-10
여순1호,,충청남도 서천군 화양면 봉명리 477-2,36.0460265793,126.7662833659,옥상,정상가동,99.84,380,60,2023,,2022-07-14,충청남도 서천군청,,2025-12-10
여순2호,,충청남도 서천군 화양면 봉명리 477-3,36.0463956667,126.7666334093,옥상,정상가동,99.84,380,60,2023,,2022-07-14,충청남도 서천군청,,2025-12-10
여순3호,,충청남도 서천군 화양면 봉명리 477-3,36.0463956667,126.7666334093,옥상,정상가동,71.54,380,60,2023,,2022-07-14,충청남도 서천군청,,2025-12-10
애란1호,,충청남도 서천군 화양면 봉명리 477-2,36.0460265793,126.7662833659,옥상,정상가동,99.84,380,60,2023,,2022-07-14,충청남도 서천군청,,2025-12-10
애란2호,,"충청남도 서천군 화양면 봉명리 477-2, 477-3",36.0460265793,126.7662833659,옥상,정상가동,99.84,380,60,2023,,2022-07-14,충청남도 서천군청,,2025-12-10
애란3호,,충청남도 서천군 화양면 봉명리 477-3,36.0463956667,126.7666334093,옥상,정상가동,99.84,380,60,2023,,2022-07-14,충청남도 서천군청,,2025-12-10
삼영,충청남도 서천군 종천면 종천공단길62번길 42-7,,36.1135968972,126.6997359762,옥상,정상가동,99.76,380,60,2022,,2022-06-27,충청남도 서천군청,,2025-12-10
솔리,,충청남도 서천군 장항읍 옥남리 464-1,36.0364885861,126.6685185228,옥상,정상가동,66.7,380,60,2022,,2022-07-19,충청남도 서천군청,,2025-12-10
기영,,"충청남도 서천군 문산면 신농리 25-2, 25-3",36.1424615818,126.7505456897,옥상,정상가동,28.615,380,60,2022,,2022-06-28,충청남도 서천군청,,2025-12-10
영애5호,,"충청남도 서천군 마산면 군간리 57-3, 57-4, 57-5",36.1783836417,126.7879894346,옥상,정상가동,99.96,380,60,2022,,2022-07-27,충청남도 서천군청,,2025-12-10
재호5호,,"충청남도 서천군 마산면 군간리 57-3, 57-4, 57-5",36.1783836417,126.7879894346,옥상,정상가동,35.7,380,60,2022,,2022-07-27,충청남도 서천군청,,2025-12-10
해본,충청남도 서천군 종천면 종천공단길32번길 31-16,,36.1134298594,126.697676186,옥상,정상가동,99.12,380,60,2022,,2022-07-25,충청남도 서천군청,,2025-12-10
동수2호,,충청남도 서천군 마산면 마명리 214-2,36.1277151213,126.7998432337,옥상,정상가동,69.355,380,60,2022,,2022-07-28,충청남도 서천군청,,2025-12-10
은수일호,,"충청남도 서천군 서천읍 둔덕리 450-4, 450-7",36.1131694829,126.720495076,옥상,정상가동,99.84,380,60,2024,,2022-08-11,충청남도 서천군청,,2025-12-10
은수이호,,"충청남도 서천군 서천읍 둔덕리 450-4, 450-7",36.1131694829,126.720495076,옥상,정상가동,99.84,380,60,2024,,2022-08-11,충청남도 서천군청,,2025-12-10
은수삼호,충청남도 서천군 문산면 북산길 139-40,,36.1162083695,126.7213443388,옥상,정상가동,99.84,380,60,2022,,2022-08-11,충청남도 서천군청,,2025-12-10
은수사호,충청남도 서천군 문산면 북산길 139-40,,36.1162083695,126.7213443388,옥상,정상가동,99.84,380,60,2022,,2022-08-11,충청남도 서천군청,,2025-12-10
은수오호,충청남도 서천군 문산면 북산길 139-40,,36.1162083695,126.7213443388,옥상,정상가동,99.84,380,60,2022,,2022-08-11,충청남도 서천군청,,2025-12-10
은수육호,충청남도 서천군 문산면 북산길 139-40,,36.1162083695,126.7213443388,옥상,정상가동,49.92,380,60,2022,,2022-08-11,충청남도 서천군청,,2025-12-10
최공규1호,,충청남도 서천군 화양면 봉명리 594-1번지,,,옥상,정상가동,99.12,380,60,2022,,2022-08-18,충청남도 서천군청,,2025-12-10
최공규2호,,충청남도 서천군 화양면 봉명리 594-1번지,,,옥상,정상가동,99.12,380,60,2022,,2022-08-18,충청남도 서천군청,,2025-12-10
최공규3호,,충청남도 서천군 화양면 봉명리 594-1번지,,,옥상,정상가동,99.12,380,60,2022,,2022-08-18,충청남도 서천군청,,2025-12-10
최공규4호,,충청남도 서천군 화양면 봉명리 594-1번지,,,옥상,정상가동,99.12,380,60,2022,,2022-08-18,충청남도 서천군청,,2025-12-10
최공규5호,,충청남도 서천군 화양면 봉명리 594-1번지,,,옥상,정상가동,49.56,380,60,2022,,2022-08-18,충청남도 서천군청,,2025-12-10
수정3호,충청남도 서천군 화양면 화산로282번길 32,,36.0564991097,126.7584830003,옥상,정상가동,96.76,380,60,2023,,2022-08-18,충청남도 서천군청,,2025-12-10
창고,충청남도 서천군 화양면 고마길 43,,36.0478208352,126.759317861,옥상,정상가동,30.68,380,60,2022,,2022-08-18,충청남도 서천군청,,2025-12-10
승경1호,충청남도 서천군 마서면 장천로 852-34,,36.0820680339,126.6510150078,옥상,정상가동,99.96,380,60,2023,,2022-08-22,충청남도 서천군청,,2025-12-10
승경2호,충청남도 서천군 마서면 장천로 852-34,,36.0820680339,126.6510150078,옥상,정상가동,99.96,380,60,2023,,2022-08-22,충청남도 서천군청,,2025-12-10
승경3호,충청남도 서천군 마서면 장천로 852-34,,36.0820680339,126.6510150078,옥상,정상가동,99.96,380,60,2023,,2022-08-22,충청남도 서천군청,,2025-12-10
승경4호,충청남도 서천군 마서면 장천로 852-34,,36.0820680339,126.6510150078,옥상,정상가동,99.96,380,60,2023,,2022-08-22,충청남도 서천군청,,2025-12-10
하이1,,충청남도 서천군 종천면 석촌리 434-6,36.1149155695,126.6997430629,옥상,정상가동,99.9,380,60,2023,,2022-08-30,충청남도 서천군청,,2025-12-10
하이2,,충청남도 서천군 종천면 석촌리 434-6,36.1149155695,126.6997430629,옥상,정상가동,69.12,380,60,2023,,2022-08-30,충청남도 서천군청,,2025-12-10
둔암영윤,,충청남도 서천군 서면 원두리 485-86,36.1744928201,126.5855272477,옥상,정상가동,349.245,380,60,2023,,2022-10-25,충청남도 서천군청,,2025-12-10
둔암어머니1호,,충청남도 서천군 서면 원두리 485-86 1,,,옥상,정상가동,99.55,380,60,2023,,2022-10-25,충청남도 서천군청,,2025-12-10
둔암어머니2호,,충청남도 서천군 서면 원두리 485-86 1,,,옥상,정상가동,99.55,380,60,2023,,2022-10-25,충청남도 서천군청,,2025-12-10
둔암어머니3호,,충청남도 서천군 서면 원두리 485-86,36.1744928201,126.5855272477,옥상,정상가동,99.55,380,60,2023,,2022-10-25,충청남도 서천군청,,2025-12-10
양보훈3호,,충청남도 서천군 한산면 나교리 419,36.106487277,126.828546694,옥상,정상가동,85.55,380,60,2023,,2022-09-20,충청남도 서천군청,,2025-12-10
양보훈4호,,충청남도 서천군 한산면 나교리 419,36.106487277,126.828546694,옥상,정상가동,85.55,380,60,2023,,2022-09-20,충청남도 서천군청,,2025-12-10
지연,,충청남도 서천군 시초면 신곡리 245-1,36.1177277548,126.7552275362,옥상,정상가동,18.88,380,60,2023,,2022-12-06,충청남도 서천군청,,2025-12-10
서아,,"충청남도 서천군 화양면 망월리 35-3, 35-4",36.037545434,126.7565078454,옥상,정상가동,499.96,380,60,2023,,2022-09-27,충청남도 서천군청,,2025-12-10
남궁,,충청남도 서천군 마서면 신포리 439-4,36.0463344641,126.7250041204,옥상,정상가동,33.04,380,60,2023,,2022-10-18,충청남도 서천군청,,2025-12-10
육이1호,,충청남도 서천군 비인면 칠지리 97-6,36.1553860045,126.5866503339,옥상,정상가동,99.12,380,60,2023,,2022-10-19,충청남도 서천군청,,2025-12-10
육이2호,,충청남도 서천군 비인면 칠지리 97-6,36.1553860045,126.5866503339,옥상,정상가동,99.12,380,60,2023,,2022-10-19,충청남도 서천군청,,2025-12-10
내동1호,,충청남도 서천군 기산면 내동리 249-2,36.0544428794,126.7399460584,옥상,정상가동,99.9,380,60,2023,,2022-10-28,충청남도 서천군청,,2025-12-10
내동2호,,충청남도 서천군 기산면 내동리 249-2,36.0544428794,126.7399460584,옥상,정상가동,99.9,380,60,2023,,2022-10-28,충청남도 서천군청,,2025-12-10
내동3호,,충청남도 서천군 기산면 내동리 249-2,36.0544428794,126.7399460584,옥상,정상가동,99.9,380,60,2023,,2022-10-28,충청남도 서천군청,,2025-12-10
내동4호,,충청남도 서천군 기산면 내동리 249-2,36.0544428794,126.7399460584,옥상,정상가동,99.9,380,60,2023,,2022-10-28,충청남도 서천군청,,2025-12-10
내동5호,,충청남도 서천군 기산면 내동리 249-2,36.0544428794,126.7399460584,옥상,정상가동,99.9,380,60,2023,,2022-10-28,충청남도 서천군청,,2025-12-10
흥국5호,,충청남도 서천군 서면 월호리 84-9,36.1394526391,126.5734663454,옥상,정상가동,20.37,380,60,2025,,2022-11-02,충청남도 서천군청,,2025-12-10
유환농장1호,,충청남도 서천군 시초면 선암리 399-11,36.0850132735,126.7302400529,옥상,정상가동,99.96,380,60,2023,,2022-11-11,충청남도 서천군청,,2025-12-10
유환농장2호,,충청남도 서천군 시초면 선암리 399-11,36.0850132735,126.7302400529,옥상,정상가동,99.96,380,60,2023,,2022-11-11,충청남도 서천군청,,2025-12-10
유환농장3호,,충청남도 서천군 시초면 선암리 399-11,36.0850132735,126.7302400529,옥상,정상가동,99.96,380,60,2023,,2022-11-11,충청남도 서천군청,,2025-12-10
유환농장4호,,충청남도 서천군 시초면 선암리 399-11,36.0850132735,126.7302400529,옥상,정상가동,54.145,380,60,2023,,2022-11-11,충청남도 서천군청,,2025-12-10
신흥리,,충청남도 서천군 시초면 신흥리 21-1,36.1038924391,126.7534448296,옥상,정상가동,28.42,380,60,2023,,2022-11-29,충청남도 서천군청,,2025-12-10
이기복1호,,충청남도 서천군 기산면 월기리 26-7,36.0984916456,126.7769664445,옥상,정상가동,99.96,380,60,2025,,2022-11-14,충청남도 서천군청,,2025-12-10
이기복2호,,충청남도 서천군 기산면 월기리 26-7,36.0984916456,126.7769664445,옥상,정상가동,64.26,380,60,2025,,2022-11-14,충청남도 서천군청,,2025-12-10
이기복3호,충청남도 서천군 기산면 안당길 261-25,,36.0977517028,126.7762052993,옥상,정상가동,99.96,380,60,2025,,2022-11-14,충청남도 서천군청,,2025-12-10
이기복4호,충청남도 서천군 기산면 안당길 261-25,,36.0977517028,126.7762052993,옥상,정상가동,99.96,380,60,2025,,2022-11-14,충청남도 서천군청,,2025-12-10
이기복5호,충청남도 서천군 기산면 안당길 261-25,,36.0977517028,126.7762052993,옥상,정상가동,60.69,380,60,2025,,2022-11-14,충청남도 서천군청,,2025-12-10
이석구1호,충청남도 서천군 기산면 안당길 261-25,,36.0977517028,126.7762052993,옥상,정상가동,99.96,380,60,2023,,2022-11-14,충청남도 서천군청,,2025-12-10
이석구2호,충청남도 서천군 기산면 안당길 261-25,,36.0977517028,126.7762052993,옥상,정상가동,99.96,380,60,2023,,2022-11-14,충청남도 서천군청,,2025-12-10
이석구3호,충청남도 서천군 기산면 안당길 261-25,,36.0977517028,126.7762052993,옥상,정상가동,99.96,380,60,2023,,2022-11-14,충청남도 서천군청,,2025-12-10
이석구4호,충청남도 서천군 기산면 안당길 261-25,,36.0977517028,126.7762052993,옥상,정상가동,99.96,380,60,2023,,2022-11-14,충청남도 서천군청,,2025-12-10
이석구5호,충청남도 서천군 기산면 안당길 261-25,,36.0977517028,126.7762052993,옥상,정상가동,99.96,380,60,2023,,2022-11-14,충청남도 서천군청,,2025-12-10
동자북,충청남도 서천군 한산면 신성로 75-4,,36.0831876605,126.8187668369,옥상,정상가동,36.89,380,60,2023,,2022-11-17,충청남도 서천군청,,2025-12-10
희목장1호,충청남도 서천군 문산면 북산길 139-44,,36.1156272562,126.7218048945,옥상,정상가동,99.96,380,60,2023,,2022-11-30,충청남도 서천군청,,2025-12-10
희목장2호,충청남도 서천군 문산면 북산길 139-44,,36.1156272562,126.7218048945,옥상,정상가동,99.96,380,60,2023,,2022-11-30,충청남도 서천군청,,2025-12-10
희목장3호,충청남도 서천군 문산면 북산길 139-44,,36.1156272562,126.7218048945,옥상,정상가동,99.96,380,60,2023,,2022-11-30,충청남도 서천군청,,2025-12-10
희목장4호,충청남도 서천군 문산면 북산길 139-44,,36.1156272562,126.7218048945,옥상,정상가동,99.96,380,60,2023,,2022-11-30,충청남도 서천군청,,2025-12-10
공덕,,충청남도 서천군 마서면 신포리 208-3,36.0437358725,126.7337065716,옥상,정상가동,29.4,380,60,2022,,2022-11-18,충청남도 서천군청,,2025-12-10
일성1호,,충청남도 서천군 화양면 장상리 104-1,36.0529138549,126.7442857501,옥상,정상가동,99.96,380,60,2023,,2022-12-02,충청남도 서천군청,,2025-12-10
일성2호,,충청남도 서천군 화양면 장상리 104-1,36.0529138549,126.7442857501,옥상,정상가동,99.96,380,60,2023,,2022-12-02,충청남도 서천군청,,2025-12-10
일성3호,,충청남도 서천군 화양면 장상리 104-1,36.0529138549,126.7442857501,옥상,정상가동,99.96,380,60,2023,,2022-12-02,충청남도 서천군청,,2025-12-10
파란2호,,충청남도 서천군 화양면 장상리 104-1,36.0529138549,126.7442857501,옥상,정상가동,99.96,380,60,2023,,2022-12-02,충청남도 서천군청,,2025-12-10
파란3호,,충청남도 서천군 화양면 장상리 104-1,36.0529138549,126.7442857501,옥상,정상가동,99.96,380,60,2023,,2022-12-02,충청남도 서천군청,,2025-12-10
장선마을,,충청남도 서천군 마서면 장선리 309-3,36.0472892585,126.7164315108,옥외,정상가동,29.58,380,60,2023,,2022-11-28,충청남도 서천군청,,2025-12-10
해본3호,충청남도 서천군 종천면 종천공단길32번길 31-16,,36.1134298594,126.697676186,옥상,정상가동,19.89,380,60,2023,,2023-01-09,충청남도 서천군청,,2025-12-10
우람1호,"충청남도 서천군 기산면 화산로 377-77, 1",,36.0542796624,126.7440592977,옥상,정상가동,99.12,380,60,2025,,2023-02-03,충청남도 서천군청,,2025-12-10
우람2호,"충청남도 서천군 기산면 화산로 377-77, 1",,36.0542796624,126.7440592977,옥상,정상가동,99.12,380,60,2025,,2023-02-03,충청남도 서천군청,,2025-12-10
우람3호,"충청남도 서천군 기산면 화산로 377-77, 1",,36.0542796624,126.7440592977,옥상,정상가동,99.12,380,60,2025,,2023-02-03,충청남도 서천군청,,2025-12-10
우람4호,"충청남도 서천군 기산면 화산로 377-77, 1",,36.0542796624,126.7440592977,옥상,정상가동,99.12,380,60,2025,,2023-02-03,충청남도 서천군청,,2025-12-10
우람5호,"충청남도 서천군 기산면 화산로 377-77, 1",,36.0542796624,126.7440592977,옥상,정상가동,99.12,380,60,2025,,2023-02-03,충청남도 서천군청,,2025-12-10
우람6호,"충청남도 서천군 기산면 화산로 377-77, 1, 1",,36.0542796624,126.7440592977,옥상,정상가동,99.12,380,60,2025,,2023-02-03,충청남도 서천군청,,2025-12-10
금강13호,,충청남도 서천군 화양면 봉명리 570-2,36.0356586837,126.7632720442,옥상,정상가동,99,380,60,2023,,2023-02-10,충청남도 서천군청,,2025-12-10
금강14호,,충청남도 서천군 화양면 봉명리 570-2,36.0356586837,126.7632720442,옥상,정상가동,99,380,60,2023,,2023-02-10,충청남도 서천군청,,2025-12-10
금강15호,,충청남도 서천군 화양면 봉명리 570-2,36.0356586837,126.7632720442,옥상,정상가동,99,380,60,2023,,2023-02-10,충청남도 서천군청,,2025-12-10
금강16호,,충청남도 서천군 화양면 봉명리 570-2,36.0356586837,126.7632720442,옥상,정상가동,99,380,60,2023,,2023-02-10,충청남도 서천군청,,2025-12-10
금강17호,,충청남도 서천군 화양면 봉명리 570-2,36.0356586837,126.7632720442,옥상,정상가동,49,380,60,2023,,2023-02-10,충청남도 서천군청,,2025-12-10
금성3호,,"충청남도 서천군 종천면 석촌리 668, ,",36.11512874,126.7062087796,옥상,정상가동,319.78,380,60,2025,,2023-04-27,충청남도 서천군청,,2025-12-10
나미라1호,,"충청남도 서천군 기산면 월기리 26-4, 26-5, 26-6",36.0990305364,126.7761125013,옥상,정상가동,99.96,380,60,2025,,2023-06-29,충청남도 서천군청,,2025-12-10
나미라2호,,"충청남도 서천군 기산면 월기리 26-4, 26-5, 26-6",36.0990305364,126.7761125013,옥상,정상가동,99.96,380,60,2025,,2023-06-29,충청남도 서천군청,,2025-12-10
나미라3호,,"충청남도 서천군 기산면 월기리 26-4, 26-5, 26-6",36.0990305364,126.7761125013,옥상,정상가동,99.96,380,60,2025,,2023-06-29,충청남도 서천군청,,2025-12-10
나미라4호,,"충청남도 서천군 기산면 월기리 26-4, 26-5, 26-6",36.0990305364,126.7761125013,옥상,정상가동,77.35,380,60,2025,,2023-06-29,충청남도 서천군청,,2025-12-10
일성,,충청남도 서천군 화양면 장상리 104-2,,,옥상,정상가동,54.12,380,60,2025,,2023-07-13,충청남도 서천군청,,2025-12-10
해찬솔2,,충청남도 서천군 화양면 창외리 15-2,36.0535804676,126.7672610029,옥상,정상가동,99.63,380,60,2025,,2023-07-12,충청남도 서천군청,,2025-12-10
해찬솔3,,충청남도 서천군 화양면 창외리 15-2,36.0535804676,126.7672610029,옥상,정상가동,99.63,380,60,2025,,2023-07-12,충청남도 서천군청,,2025-12-10
금강24호,,충청남도 서천군 화양면 봉명리 507-3,36.0412142521,126.7652394077,옥상,정상가동,54.74,380,60,2025,,2023-08-07,충청남도 서천군청,,2025-12-10
금강25호,,충청남도 서천군 화양면 봉명리 508-1,36.0413041938,126.7659305761,옥상,정상가동,54.74,380,60,2025,,2023-08-07,충청남도 서천군청,,2025-12-10
청정1,,충청남도 서천군 서면 원두리 485-349,36.1734856624,126.5827041819,옥상,정상가동,99.76,380,60,2024,,2023-09-06,충청남도 서천군청,,2025-12-10
성해2,,충청남도 서천군 서면 원두리 485-348,36.1736136567,126.582729271,옥상,정상가동,99.66,380,60,2024,,2023-09-06,충청남도 서천군청,,2025-12-10
두린1,,충청남도 서천군 서면 원두리 485-339,36.1738248056,126.5821083791,옥상,정상가동,99.66,380,60,2024,,2023-09-06,충청남도 서천군청,,2025-12-10
두린2,,충청남도 서천군 서면 원두리 485-340,36.173699298,126.5820831281,옥상,정상가동,99.66,380,60,2024,,2023-09-06,충청남도 서천군청,,2025-12-10
재권1,,충청남도 서천군 서면 원두리 485-347,36.1737391528,126.5827538675,옥상,정상가동,99.66,380,60,2024,,2023-09-06,충청남도 서천군청,,2025-12-10
호원1,,충청남도 서천군 서면 원두리 485-338,36.1739502095,126.5821336095,옥상,정상가동,99.66,380,60,2024,,2023-09-06,충청남도 서천군청,,2025-12-10
요한2,,충청남도 서천군 서면 원두리 485-346,36.1738647617,126.5827784831,옥상,정상가동,99.66,380,60,2024,,2023-09-06,충청남도 서천군청,,2025-12-10
호원2,,충청남도 서천군 서면 원두리 485-337,36.1740756043,126.5821588404,옥상,정상가동,99.76,380,60,2024,,2023-09-06,충청남도 서천군청,,2025-12-10
원두리2305,,충청남도 서천군 서면 원두리 485-345,36.173990339,126.5828031013,옥상,정상가동,99.76,380,60,2024,,2023-09-06,충청남도 서천군청,,2025-12-10
현대전력기술,,충청남도 서천군 서면 원두리 485-336,36.174200932,126.5821842945,옥상,정상가동,99.76,380,60,2024,,2023-09-06,충청남도 서천군청,,2025-12-10
범진1,,충청남도 서천군 서면 원두리 485-92,36.1738484004,126.5824499453,옥상,정상가동,99.76,380,60,2025,,2023-09-06,충청남도 서천군청,,2025-12-10
대동서천,,충청남도 서천군 서면 원두리 485-343,36.1742413673,126.582852297,옥상,정상가동,99.76,380,60,2024,,2023-09-06,충청남도 서천군청,,2025-12-10
이도경3호,,충청남도 서천군 한산면 동지리 127-2 외 6필지,,,옥상,정상가동,99.96,380,60,2025,,2023-09-01,충청남도 서천군청,,2025-12-10
이도경4호,,충청남도 서천군 한산면 동지리 127-2 외 6필지,,,옥상,정상가동,36.89,380,60,2025,,2023-09-01,충청남도 서천군청,,2025-12-10
노희춘1호,,충청남도 서천군 한산면 동지리 127-2 외 6필지,,,옥상,정상가동,99.96,380,60,2025,,2023-09-01,충청남도 서천군청,,2025-12-10
노희춘2호,,충청남도 서천군 한산면 동지리 127-2 외 6필지,,,옥상,정상가동,99.96,380,60,2025,,2023-09-01,충청남도 서천군청,,2025-12-10
삼자5호,,충청남도 서천군 기산면 산정리 532-7,36.0832471602,126.7394805268,옥상,정상가동,38.5,380,60,2025,,2023-09-13,충청남도 서천군청,,2025-12-10
삼자6호,,충청남도 서천군 기산면 원길리 222-1,36.0833221095,126.7368097681,옥상,정상가동,99.5,380,60,2025,,2023-09-13,충청남도 서천군청,,2025-12-10
정규20,,충청남도 서천군 기산면 내동리 226-2,36.0535423648,126.7433388145,옥상,정상가동,19.8,380,60,2025,,2023-09-19,충청남도 서천군청,,2025-12-10
동방1호,충청남도 서천군 종천면 갯벌체험로 1248-7,,36.094858364,126.6441246155,옥상,정상가동,99,380,60,2024,,2023-11-29,충청남도 서천군청,,2025-12-10
동방2호,충청남도 서천군 종천면 갯벌체험로 1248-7,,36.094858364,126.6441246155,옥상,정상가동,54.6,380,60,2024,,2023-11-29,충청남도 서천군청,,2025-12-10
코츠2공장,,"충청남도 서천군 장항읍 원수리 471-3,753-2,755-2,993-6,1025,산50-2",36.0114235453,126.7174926559,옥상,정상가동,577.2,380,60,2025,,2024-01-18,충청남도 서천군청,,2025-12-10
자연6호,,충청남도 서천군 문산면 금복리 613,36.1654676837,126.7214328278,옥상,정상가동,87.5,380,60,2025,,2024-04-29,충청남도 서천군청,,2025-12-10
자연7호,,충청남도 서천군 문산면 금복리 658,36.1674734904,126.7201162261,옥상,정상가동,50,380,60,2025,,2024-04-29,충청남도 서천군청,,2025-12-10
해창,,충청남도 서천군 비인면 장포리69,36.1194932797,126.6080900243,옥상,정상가동,19.5,380,60,2024,,2024-06-10,충청남도 서천군청,,2025-12-10
성지형쨍하고해뜰날1호,,충청남도 서천군 서천읍 군사리 167-7 외,,,옥상,정상가동,99.75,380,60,2024,,2024-07-05,충청남도 서천군청,,2025-12-10
성지형쨍하고해뜰날2호,,충청남도 서천군 서천읍 군사리 167-7 외,,,옥상,정상가동,99.75,380,60,2024,,2024-07-05,충청남도 서천군청,,2025-12-10
성지형쨍하고해뜰날3호,,충청남도 서천군 서천읍 군사리 167-7 외,,,옥상,정상가동,99.75,380,60,2024,,2024-07-05,충청남도 서천군청,,2025-12-10
저산2호,,충청남도 서천군 판교면 저산리 209,36.158163279,126.6812032585,옥상,정상가동,49.14,380,60,2025,,2024-07-17,충청남도 서천군청,,2025-12-10
조순애,,충청남도 서천군 마서면 덕암리 119,36.0359986574,126.7130699751,옥상,정상가동,99.54,380,60,2024,,2024-08-08,충청남도 서천군청,,2025-12-10
윤세춘2호,,충청남도 서천군 마서면 덕암리 119,36.0359986574,126.7130699751,옥상,정상가동,99.54,380,60,2024,,2024-08-08,충청남도 서천군청,,2025-12-10
홍원어촌계,,충청남도 서천군 서면 도둔리 1222-4,36.1581896573,126.4991584405,옥상,정상가동,47.5,380,60,2025,,2024-08-01,충청남도 서천군청,,2025-12-10
서천축협3호,,충청남도 서천군 장항읍 창선2리 394-55,36.0116680779,126.7013732518,옥상,정상가동,138,380,60,2024,,2024-08-13,충청남도 서천군청,,2025-12-10
서천축협4호,,충청남도 서천군 서천읍 태월리 330-1,36.1003513254,126.7124564983,옥상,정상가동,120,380,60,2024,,2024-08-13,충청남도 서천군청,,2025-12-10
판교,,충청남도 서천군 판교면 현암리 177-1,36.1575609279,126.69142669,옥상,정상가동,62.37,380,60,2025,,2024-09-10,충청남도 서천군청,,2025-12-10
임장현,,충청남도 서천군 판교면 우라리 278-1,36.1483808256,126.6701410029,옥상,정상가동,18.27,380,60,2025,,2024-09-10,충청남도 서천군청,,2025-12-10
유현,,충청남도 서천군 서천읍 남산리 325-4,36.0681374524,126.6810195899,옥상,정상가동,99.54,380,60,2025,,2024-10-22,충청남도 서천군청,,2025-12-10
유현2호,,충청남도 서천군 서천읍 남산리 325,36.0681383817,126.6807398606,옥상,정상가동,99.54,380,60,2025,,2024-10-22,충청남도 서천군청,,2025-12-10
당정1호,,"충청남도 서천군 종천면 당정리 295-23, 295-27",36.0963664501,126.6423973003,옥상,정상가동,95.76,380,60,2025,,2024-10-29,충청남도 서천군청,,2025-12-10
당정2호,,"충청남도 서천군 종천면 당정리 295-23, 295-27",36.0963664501,126.6423973003,옥상,정상가동,95.76,380,60,2025,,2024-10-29,충청남도 서천군청,,2025-12-10
당정3호,,"충청남도 서천군 종천면 당정리 295-23, 295-27",36.0963664501,126.6423973003,옥상,정상가동,79.38,380,60,2025,,2024-10-29,충청남도 서천군청,,2025-12-10
당정4호,,"충청남도 서천군 종천면 당정리 295-23, 295-27",36.0963664501,126.6423973003,옥상,정상가동,85.05,380,60,2025,,2024-10-29,충청남도 서천군청,,2025-12-10
장항리노드,,충청남도 서천군 장항읍 옥남리 1024,36.0383762957,126.6852063182,옥상,정상가동,499.59,22900,60,2025,,2024-10-25,충청남도 서천군청,,2025-12-10
장항장영,,충청남도 서천군 장항읍 옥남리 1024,36.0383762957,126.6852063182,옥상,정상가동,304.29,22900,60,2025,,2024-10-25,충청남도 서천군청,,2025-12-10
장항찬,,충청남도 서천군 장항읍 옥남리 1024,36.0383762957,126.6852063182,옥상,정상가동,99.54,22900,60,2025,,2024-10-25,충청남도 서천군청,,2025-12-10
하나1호,충청남도 서천군 비인면 갯벌체험로 869-32,,36.1056585294,126.6115775197,옥상,정상가동,96.52,380,60,2025,,2024-11-11,충청남도 서천군청,,2025-12-10
하나2호,충청남도 서천군 비인면 갯벌체험로 869-32,,36.1056585294,126.6115775197,옥상,정상가동,38.1,380,60,2025,,2024-11-11,충청남도 서천군청,,2025-12-10
에스에이치,,충청남도 서천군 장항읍 옥남리 963,36.0406683683,126.6762957776,옥상+옥외,정상가동,993.74,22900,60,2024,,2024-10-11,충청남도 서천군청,,2025-12-10
하나3호,충청남도 서천군 서면 사로 53-31,,,,옥상,정상가동,86.36,380,60,2025,,2024-12-09,충청남도 서천군청,,2025-12-10
하나4호,충청남도 서천군 서면 사로 53-31,,,,옥상,정상가동,43.18,380,60,2025,,2024-12-09,충청남도 서천군청,,2025-12-10
대하,,충청남도 서천군 마서면 옥북리 955,,,옥외,정상가동,966,380,60,2025,,2024-11-04,충청남도 서천군청,,2025-12-10
부여,,충청남도 서천군 서면 원두리 485-350,,,옥상,정상가동,33.02,380,60,2025,,2025-01-07,충청남도 서천군청,,2025-12-10
파워,,충청남도 서천군 장항읍 옥남리 1005,36.039146718,126.680723157,옥외,정상가동,846.8,22900,60,2025,,2025-02-20,충청남도 서천군청,,2025-12-10
