태양광발전시설명,소재지도로명주소,소재지지번주소,위도,경도,설치상세위치구분명,가동상태구분명,설비용량,공급전압,주파수,설치연도,세부용도,허가일자,허가기관,설치면적,데이터기준일자
이민철 태양광발전소,충청남도 홍성군 홍성읍 월산로50번길 35,,36.6013294399617,126.647264319453,,정상가동,29.75,380,60,2024,태양광,2024-06-10,충청남도 홍성군,,2025-02-07
평환 태양광발전소,,"충청남도 홍성군 금마면 장성리 249-3, 249-5, 249-6, 249-8, 249-21 주2동, 주3동, 주4동",36.59605268,126.6979632,,정상가동,99.71,380,60,2024,태양광,2024-06-04,충청남도 홍성군,,2025-02-07
나무나무8호 태양광발전소,,"충청남도 홍성군 광천읍 상정리 392, 386-2, 387-3, 392-3, 392-4, 392-7, 396-15 부3동(건물위)",36.51548014,126.6104599814,,정상가동,29.76,380,60,2024,태양광,2024-04-26,충청남도 홍성군,,2025-02-07
나무나무7호 태양광발전소,,"충청남도 홍성군 광천읍 상정리 392, 386-2, 387-3, 392-3, 392-4, 392-7, 396-15 부3동(건물위)",36.51548014,126.6104599814,,정상가동,99.2,380,60,2024,태양광,2024-04-26,충청남도 홍성군,,2025-02-07
그린2호 태양광발전소,"충청남도 홍성군 금마면 충서로1955번길 52-56, 주5동(건물위)",,36.6193135811089,126.704648786061,,정상가동,99.38,380,60,2024,태양광,2024-04-04,충청남도 홍성군,,2025-02-07
나무나무6호 태양광발전소,,"충청남도 홍성군 광천읍 상정리 392, 392-3, 392-4, 392-7, 396-15 부2동(건물위)",36.51548014,126.6104599814,,정상가동,49.6,380,60,2024,태양광,2024-03-22,충청남도 홍성군,,2025-02-07
나무나무5호 태양광발전소,,"충청남도 홍성군 광천읍 상정리 392, 386-2, 387-3, 392-3, 392-4, 392-7, 396-15 주2동(건물위)",36.51548014,126.6104599814,,정상가동,72.54,380,60,2024,태양광,2024-03-22,충청남도 홍성군,,2025-02-07
나무나무4호 태양광발전소,,"충청남도 홍성군 광천읍 상정리 392, 386-2, 387-3, 392-3, 392-4, 392-7, 396-15 주2동(건물위)",36.51548014,126.6104599814,,정상가동,99.82,380,60,2024,태양광,2024-03-22,충청남도 홍성군,,2025-02-07
나무나무3호 태양광발전소,,"충청남도 홍성군 광천읍 상정리 392, 386-2, 387-3, 392-3, 392-4, 392-7, 396-15 주1동(건물위)",36.51548014,126.6104599814,,정상가동,69.44,380,60,2024,태양광,2024-03-22,충청남도 홍성군,,2025-02-07
나무나무2호 태양광발전소,,"충청남도 홍성군 광천읍 상정리 392, 386-2, 387-3, 392-3, 392-4, 392-7, 396-15 주1동(건물위)",36.51548014,126.6104599814,,정상가동,99.2,380,60,2024,태양광,2024-03-22,충청남도 홍성군,,2025-02-07
나무나무1호 태양광발전소,,"충청남도 홍성군 광천읍 상정리 392, 386-2, 387-3, 392-3, 392-4, 392-7, 396-15 주1동(건물위)",36.51548014,126.6104599814,,정상가동,99.2,380,60,2024,태양광,2024-03-22,충청남도 홍성군,,2025-02-07
맛핌태양광발전소,"충청남도 홍성군 구항면 구항남길 528-5, 주1동",,36.5672863095178,126.597790118375,,정상가동,44.28,380,60,2024,태양광,2024-02-08,충청남도 홍성군,,2025-02-07
썬16 주식회사 블루월드 태양광발전소,충청남도 홍성군 구항면 충서로966번길 51-15,,36.5642734646035,126.653445436025,,정상가동,333.2,380,60,2024,태양광,2024-01-04,충청남도 홍성군,,2025-02-07
월현쏠라1,충청남도 홍성군 홍동면 월현2길 11,,36.5474358579208,126.669091405346,,정상가동,17.5,380,60,2024,태양광,2023-12-29,충청남도 홍성군,,2025-02-07
김연희임대1 태양광발전소,충청남도 홍성군 홍성읍 월산로 70-29,,36.5990438859621,126.643298858353,,정상가동,19.7,380,60,2024,태양광,2023-12-07,충청남도 홍성군,,2025-02-07
재현 태양광 발전소,충청남도 홍성군 홍성읍 대학길 63-86,,36.5762515138511,126.664139076974,,정상가동,19.64,380,60,2024,태양광,2023-10-20,충청남도 홍성군,,2025-02-07
정명4호태양광발전소,,충청남도 홍성군 홍동면 금당리 567-1,36.56447766,126.7264559,,정상가동,19.64,380,60,2024,태양광,2023-09-21,충청남도 홍성군,,2025-02-07
예선 태양광발전소,,충청남도 홍성군 홍북읍 신경리 861 주1동(건물위),36.6573284898224,126.686333837898,,정상가동,27.0,380,60,2024,태양광,2023-09-01,충청남도 홍성군,,2025-02-07
형제태양광2호발전소,,충청남도 홍성군 홍북읍 신경리 707 주1동(건물위),36.6597596833035,126.684334199745,,정상가동,24.6,380,60,2024,태양광,2023-08-21,충청남도 홍성군,,2025-02-07
소향1호 태양광발전소,,충청남도 홍성군 금마면 신곡리 623 주1동(건물위),36.6126502064339,126.699706811259,,정상가동,99.96,380,60,2024,태양광,2023-07-03,충청남도 홍성군,,2025-02-07
동양1호 태양광발전소,,"충청남도 홍성군 구항면 오봉리 750-7, 736-2, 750-14 주2동(건물위)",36.58699904,126.6110747,,정상가동,52.5,380,60,2024,태양광,2023-06-30,충청남도 홍성군,,2025-02-07
동양2호 태양광발전소,,"충청남도 홍성군 구항면 오봉리 750-7, 736-2, 750-14 주1동(건물위)",36.58699904,126.6110747,,정상가동,71.5,380,60,2024,태양광,2023-06-28,충청남도 홍성군,,2025-02-07
화봉리신우정공1호 태양광발전소,,충청남도 홍성군 은하면 화봉리 1009-2 주3동(건물위),36.5156969063465,126.589275769814,,정상가동,99.96,380,60,2024,태양광,2023-06-28,충청남도 홍성군,,2025-02-07
성지태양광발전소,,충청남도 홍성군 홍성읍 오관리 338-1 주1동(건물위),36.6000959139903,126.668046876237,,정상가동,29.75,380,60,2023,태양광,2023-06-22,충청남도 홍성군,,2025-02-07
심재하 태양광발전소,,충청남도 홍성군 구항면 청광리 388-3 주1동(건물위),36.5554590524876,126.646582575185,,정상가동,34.51,380,60,2023,태양광,2023-06-15,충청남도 홍성군,,2025-02-07
은총4호 태양광발전소,,충청남도 홍성군 서부면 중리 514,36.56384809,126.5310827,,정상가동,99.82,380,60,2024,태양광,2023-06-07,충청남도 홍성군,,2025-02-07
은총3호 태양광발전소,,충청남도 홍성군 서부면 중리 514,36.56384809,126.5310827,,정상가동,99.82,380,60,2024,태양광,2023-06-07,충청남도 홍성군,,2025-02-07
새싹2호 태양광발전소,,"충청남도 홍성군 서부면 중리 514, 515",36.56384809,126.5310827,,정상가동,99.82,380,60,2024,태양광,2023-06-07,충청남도 홍성군,,2025-02-07
새싹1호 태양광발전소,,충청남도 홍성군 서부면 중리 515,36.56464115,126.5314297,,정상가동,99.82,380,60,2024,태양광,2023-06-07,충청남도 홍성군,,2025-02-07
새싹 태양광발전소,,"충청남도 홍성군 서부면 중리 514, 515",36.56384809,126.5310827,,정상가동,99.38,380,60,2024,태양광,2023-06-07,충청남도 홍성군,,2025-02-07
애향길태양광발전소,,충청남도 홍성군 홍북읍 신경리 593 주1동(건물위),36.6605951993541,126.682499034806,,정상가동,19.8,380,60,2023,태양광,2023-06-02,충청남도 홍성군,,2025-02-07
충남4호 태양광 발전소,,"충청남도 홍성군 구항면 장양리 377, 380, 769-6 주1동, 주5동, 주6동(건물위)",36.57815039,126.5879106,,정상가동,99.71,380,60,2024,태양광,2023-06-01,충청남도 홍성군,,2025-02-07
충남3호 태양광발전소,,"충청남도 홍성군 구항면 장양리 377, 380, 769-6 주2동, 주3동, 주6동(건물위)",36.57815039,126.5879106,,정상가동,99.71,380,60,2024,태양광,2023-06-01,충청남도 홍성군,,2025-02-07
충남2호 태양광발전소,,"충청남도 홍성군 구항면 장양리 377, 380, 769-6 주6동, 주7동, 주8동(건물위)",36.57815039,126.5879106,,정상가동,99.71,380,60,2024,태양광,2023-06-01,충청남도 홍성군,,2025-02-07
충남1호 태양광발전소,,"충청남도 홍성군 구항면 장양리 377, 380, 769-6 주4동, 주8동, 주9동(건물위)",36.57815039,126.5879106,,정상가동,99.71,380,60,2024,태양광,2023-06-01,충청남도 홍성군,,2025-02-07
미경태양광발전소,,충청남도 홍성군 홍북읍 갈산리 645-1 주1동(건물위),36.6708690415102,126.709829295306,,정상가동,99.71,380,60,2024,태양광,2023-05-22,충청남도 홍성군,,2025-02-07
지영태양광발전소,,충청남도 홍성군 장곡면 오성리 322 주1동(건물위),36.4931514885457,126.660102224661,,정상가동,19.64,380,60,2023,태양광,2023-05-22,충청남도 홍성군,,2025-02-07
선주2 태양광발전소,,충청남도 홍성군 광천읍 가정리 5-1 주1동(건물위),36.500635045031,126.66223257448,,정상가동,70.18,380,60,2024,태양광,2023-05-19,충청남도 홍성군,,2025-02-07
선주1 태양광발전소,,충청남도 홍성군 광천읍 가정리 5-1 주1동(건물위),36.500635045031,126.66223257448,,정상가동,81.78,380,60,2024,태양광,2023-05-19,충청남도 홍성군,,2025-02-07
정영선태양광발전소,,"충청남도 홍성군 금마면 부평리 712-27, 712-5 주1동(건물위)",36.62346331,126.7254083,,정상가동,30.0,380,60,2023,태양광,2023-05-19,충청남도 홍성군,,2025-02-07
홍성한우 태양광발전소,,충청남도 홍성군 홍북읍 상하리 88-1 주1동(건물위),36.6426865323605,126.662746404267,,정상가동,45.6,380,60,2023,태양광,2023-04-21,충청남도 홍성군,,2025-02-07
홍주 효성에너지팜 5호 태양광발전소,,"충청남도 홍성군 서부면 중리 495-2, 495, 495-1 주1동, 주2동(건물위)",36.56845362,126.5273207,,정상가동,99.74,380,60,2023,태양광,2023-03-15,충청남도 홍성군,,2025-02-07
홍주 효성에너지팜 4호 태양광발전소,,"충청남도 홍성군 서부면 중리 495-2, 495, 495-1 주1동(건물위)",36.56845362,126.5273207,,정상가동,99.74,380,60,2023,태양광,2023-03-15,충청남도 홍성군,,2025-02-07
홍주 효성에너지팜 3호 태양광발전소,,"충청남도 홍성군 서부면 중리 495-2, 495, 495-1 주1동(건물위)",36.56845362,126.5273207,,정상가동,99.74,380,60,2023,태양광,2023-03-15,충청남도 홍성군,,2025-02-07
홍주 효성에너지팜 2호 태양광발전소,,"충청남도 홍성군 서부면 중리 495-2, 495, 495-1 주1동(건물위)",36.56845362,126.5273207,,정상가동,99.74,380,60,2023,태양광,2023-03-15,충청남도 홍성군,,2025-02-07
홍주 효성에너지팜 1호 태양광발전소,,"충청남도 홍성군 서부면 중리 495-2, 495, 495-1 주1동, 주5동(건물위)",36.56845362,126.5273207,,정상가동,99.74,380,60,2023,태양광,2023-03-15,충청남도 홍성군,,2025-02-07
홍주 드림에너지팜 5호 태양광발전소,,"충청남도 홍성군 서부면 중리 495-2, 495, 495-1 주3동(건물위)",36.56845362,126.5273207,,정상가동,99.74,380,60,2023,태양광,2023-03-15,충청남도 홍성군,,2025-02-07
홍주 드림에너지팜 4호 태양광발전소,,"충청남도 홍성군 서부면 중리 495-2, 495, 495-1 주3동(건물위)",36.56845362,126.5273207,,정상가동,99.74,380,60,2023,태양광,2023-03-15,충청남도 홍성군,,2025-02-07
홍주 드림에너지팜 3호 태양광발전소,,"충청남도 홍성군 서부면 중리 495-2, 495, 495-1 주3동(건물위)",36.56845362,126.5273207,,정상가동,99.74,380,60,2023,태양광,2023-03-15,충청남도 홍성군,,2025-02-07
홍주 드림에너지팜 2호 태양광발전소,,"충청남도 홍성군 서부면 중리 495-2, 495, 495-1 주3동(건물위)",36.56845362,126.5273207,,정상가동,99.74,380,60,2023,태양광,2023-03-15,충청남도 홍성군,,2025-02-07
홍주 드림에너지팜 1호 태양광발전소,,"충청남도 홍성군 서부면 중리 495-2, 495, 495-1 주2동, 주3동(건물위)",36.56845362,126.5273207,,정상가동,99.74,380,60,2023,태양광,2023-03-15,충청남도 홍성군,,2025-02-07
홍주 미래에너지팜 5호 태양광발전소,,"충청남도 홍성군 서부면 중리 495-2, 495, 495-1 주3동, 주4동(건물위)",36.56845362,126.5273207,,정상가동,99.74,380,60,2023,태양광,2023-03-15,충청남도 홍성군,,2025-02-07
홍주 미래에너지팜 4호 태양광발전소,,"충청남도 홍성군 서부면 중리 495-2, 495, 495-1 주4동(건물위)",36.56845362,126.5273207,,정상가동,99.74,380,60,2023,태양광,2023-03-15,충청남도 홍성군,,2025-02-07
홍주 미래에너지팜 3호 태양광발전소,,"충청남도 홍성군 서부면 중리 495-2, 495, 495-1 주4동(건물위)",36.56845362,126.5273207,,정상가동,99.74,380,60,2023,태양광,2023-03-15,충청남도 홍성군,,2025-02-07
홍주 미래에너지팜 2호 태양광발전소,,"충청남도 홍성군 서부면 중리 495-2, 495, 495-1 주4동(건물위)",36.56845362,126.5273207,,정상가동,99.74,380,60,2023,태양광,2023-03-15,충청남도 홍성군,,2025-02-07
홍주 미래에너지팜 1호 태양광발전소,,"충청남도 홍성군 서부면 중리 495-2, 495, 495-1 주4동(건물위)",36.56845362,126.5273207,,정상가동,99.74,380,60,2023,태양광,2023-03-15,충청남도 홍성군,,2025-02-07
HS홍주 4호 태양광발전소,,"충청남도 홍성군 서부면 중리 495-2, 495, 495-1 주2동(건물위)",36.56845362,126.5273207,,정상가동,99.74,380,60,2023,태양광,2023-03-15,충청남도 홍성군,,2025-02-07
HS홍주 3호 태양광발전소,,"충청남도 홍성군 서부면 중리 495-2, 495, 495-1 주2동(건물위)",36.56845362,126.5273207,,정상가동,99.74,380,60,2023,태양광,2023-03-15,충청남도 홍성군,,2025-02-07
HS홍주 2호 태양광발전소,,"충청남도 홍성군 서부면 중리 495-2, 495, 495-1 주2동(건물위)",36.56845362,126.5273207,,정상가동,99.74,380,60,2023,태양광,2023-03-15,충청남도 홍성군,,2025-02-07
HS홍주 1호 태양광발전소,,"충청남도 홍성군 서부면 중리 495-2, 495, 495-1 주2동(건물위)",36.56845362,126.5273207,,정상가동,99.74,380,60,2023,태양광,2023-03-15,충청남도 홍성군,,2025-02-07
중리2호 태양광발전소,,"충청남도 홍성군 서부면 중리 501, 502",36.56741396,126.5288159,,정상가동,99.96,380,60,2023,태양광,2023-03-14,충청남도 홍성군,,2025-02-07
중리1호 태양광발전소,,"충청남도 홍성군 서부면 중리 501, 502",36.56741396,126.5288159,,정상가동,99.96,380,60,2023,태양광,2023-03-14,충청남도 홍성군,,2025-02-07
예솔에너지 태양광발전소,,"충청남도 홍성군 갈산면 기산리 512-2, 512-4",36.62997007,126.5123867,,정상가동,999.1,229000,60,2023,태양광,2023-03-14,충청남도 홍성군,,2025-02-07
SY electronic,,충청남도 홍성군 금마면 인산리 109,36.61616319,126.7536877,,정상가동,19.5,380,60,2023,태양광,2023-03-09,충청남도 홍성군,,2025-02-07
연우 태양광발전소,,충청남도 홍성군 장곡면 가송리 803 주1동(건물위),36.5104922427596,126.669611317422,,정상가동,99.96,380,60,2024,태양광,2023-02-27,충청남도 홍성군,,2025-02-07
봉암마을 태양광발전소,,"충청남도 홍성군 금마면 월암리 432-2, 432-3",36.59660692,126.7498766,,정상가동,19.04,220,60,2023,태양광,2023-02-14,충청남도 홍성군,,2025-02-07
엄지 태양광발전소 1호,,충청남도 홍성군 결성면 무량리 67-8 주1동(건물위),36.5401509917988,126.549331650498,,정상가동,38.0,380,60,2023,태양광,2023-02-14,충청남도 홍성군,,2025-02-07
정명3호태양광발전소,,충청남도 홍성군 홍동면 금당리 568,36.56472904,126.7262445,,정상가동,16.24,380,60,2023,태양광,2022-12-21,충청남도 홍성군,,2025-02-07
정명1호태양광발전소,,충청남도 홍성군 홍동면 금당리 569-1 주1동(건물위),36.5647040304899,126.726183194797,,정상가동,19.72,380,60,2023,태양광,2022-12-21,충청남도 홍성군,,2025-02-07
박형화 태양광발전소,,충청남도 홍성군 갈산면 와리 309-2,36.58249213,126.5524516,,정상가동,34.8,380,60,2023,태양광,2022-12-08,충청남도 홍성군,,2025-02-07
한국그린지붕29호 광천다솔김,,"충청남도 홍성군 광천읍 신진리 64-1 주1동, 주2동(건물위)",36.5148253588898,126.627556612808,,정상가동,99.96,380,60,2023,태양광,2022-12-01,충청남도 홍성군,,2025-02-07
한국그린지붕28호 광천김,,"충청남도 홍성군 은하면 장척리 40-4, 88-1, 40-6 주1동(건물위)",36.49264893,126.6138171,,정상가동,479.57,380,60,2023,태양광,2022-12-01,충청남도 홍성군,,2025-02-07
한국그린지붕27호 광천김,,충청남도 홍성군 은하면 장척리 94-1 주1동(건물위),36.4914552473122,126.614062068488,,정상가동,259.42,380,60,2023,태양광,2022-12-01,충청남도 홍성군,,2025-02-07
한국그린지붕26호 광천김,,"충청남도 홍성군 광천읍 옹암리 356-6, 355-5 주1동, 주2동(건물위)",36.49125734,126.6175566,,정상가동,679.49,22900,60,2023,태양광,2022-12-01,충청남도 홍성군,,2025-02-07
한국그린지붕25호 광천김,,충청남도 홍성군 은하면 장척리 102-3 주1동(건물위),36.4895032984047,126.614548405977,,정상가동,639.63,22900,60,2023,태양광,2022-12-01,충청남도 홍성군,,2025-02-07
한국그린지붕24호 김노리,,충청남도 홍성군 광천읍 벽계리 249-4 주1동(건물위),36.5289713935513,126.621309028898,,정상가동,299.88,380,60,2023,태양광,2022-12-01,충청남도 홍성군,,2025-02-07
한국그린지붕23호 김노리,,"충청남도 홍성군 광천읍 옹암리 355-3, 356-9 주1동(건물위)",36.49185369,126.6170111,,정상가동,239.79,380,60,2023,태양광,2022-12-01,충청남도 홍성군,,2025-02-07
사천마을 태양광발전소,,"충청남도 홍성군 갈산면 기산리 197-1, 196-5, 196-6 주1동(건물위)",36.62189536,126.521726,,정상가동,19.0,380,60,2023,태양광,2022-11-16,충청남도 홍성군,,2025-02-07
연아8호 태양광발전소,,충청남도 홍성군 장곡면 가송리 451 외19필지,,,,정상가동,99.71,380,60,2023,태양광,2022-10-20,충청남도 홍성군,,2025-02-07
연아7호 태양광발전소,,충청남도 홍성군 장곡면 가송리 451 외 19필지,,,,정상가동,99.71,380,60,2023,태양광,2022-10-20,충청남도 홍성군,,2025-02-07
연아6호 태양광발전소,,충청남도 홍성군 장곡면 가송리 451 외 19필지,,,,정상가동,99.71,380,60,2023,태양광,2022-10-20,충청남도 홍성군,,2025-02-07
연아5호 태양광발전소,,충청남도 홍성군 장곡면 가송리 451 외 19필지,,,,정상가동,99.71,380,60,2023,태양광,2022-10-20,충청남도 홍성군,,2025-02-07
연아4호 태양광발전소,,충청남도 홍성군 장곡면 가송리 451 외 19필지,,,,정상가동,99.71,380,60,2023,태양광,2022-10-20,충청남도 홍성군,,2025-02-07
연아3호 태양광발전소,,충청남도 홍성군 장곡면 가송리 451 외 19필지,,,,정상가동,99.71,380,60,2023,태양광,2022-10-20,충청남도 홍성군,,2025-02-07
연아2호 태양광발전소,,충청남도 홍성군 장곡면 가송리 451 외 19필지,,,,정상가동,99.71,380,60,2023,태양광,2022-10-20,충청남도 홍성군,,2025-02-07
연아1호 태양광발전소,,"충청남도 홍성군 장곡면 가송리 460-1, 460-2 주1동(건물위)",36.52288411,126.6780113,,정상가동,99.71,380,60,2023,태양광,2022-10-20,충청남도 홍성군,,2025-02-07
햇빛 3호,,충청남도 홍성군 홍동면 금평리 431-6 주1동(건물위),36.555624161954,126.699071001561,,정상가동,100.0,380,60,2023,태양광,2022-10-11,충청남도 홍성군,,2025-02-07
전재수2호 태양광발전소,,"충청남도 홍성군 홍북읍 봉신리 291, 291-4 주2동(건물위)",36.62400227,126.6631365,,정상가동,19.68,380,60,2022,태양광,2022-09-30,충청남도 홍성군,,2025-02-07
원천 태양광발전소,,"충청남도 홍성군 홍동면 원천리 596, 597, 598 주1동(건물위)",36.54564327,126.6624861,,정상가동,399.84,380,60,2023,태양광,2022-09-30,충청남도 홍성군,,2025-02-07
금평 햇님2 태양광발전소,,충청남도 홍성군 홍동면 금평리 55-1 주1동(건물위),36.555173047524,126.709425172057,,정상가동,77.88,380,60,2023,태양광,2022-09-26,충청남도 홍성군,,2025-02-07
금평 햇님 태양광발전소,,충청남도 홍성군 홍동면 금평리 56-2 주1동(건물위),36.554860142688,126.709710164768,,정상가동,82.6,380,60,2023,태양광,2022-09-26,충청남도 홍성군,,2025-02-07
가송9호 태양광발전소,,"충청남도 홍성군 장곡면 가송리 562-5 주1동, 주2동(건물위)",36.5125461333062,126.676278068107,,정상가동,49.56,380,60,2023,태양광,2022-09-22,충청남도 홍성군,,2025-02-07
가송8호 태양광발전소,,충청남도 홍성군 장곡면 가송리 홍성군 장곡면 가송리 562-5 주1동(건물위),36.5125461333062,126.676278068107,,정상가동,99.71,380,60,2023,태양광,2022-09-22,충청남도 홍성군,,2025-02-07
가송7호 태양광발전소,,충청남도 홍성군 장곡면 가송리 562-5 주1동(건물위),36.5125461333062,126.676278068107,,정상가동,99.71,380,60,2023,태양광,2022-09-22,충청남도 홍성군,,2025-02-07
가송5호 태양광발전소,,충청남도 홍성군 장곡면 가송리 803 주1동(건물위),36.5104922427596,126.669611317422,,정상가동,99.71,380,60,2023,태양광,2022-09-22,충청남도 홍성군,,2025-02-07
가송4호 태양광발전소,,충청남도 홍성군 장곡면 가송리 803 주1동(건물위),36.5104922427596,126.669611317422,,정상가동,99.71,380,60,2023,태양광,2022-09-22,충청남도 홍성군,,2025-02-07
가송3호 태양광발전소,,충청남도 홍성군 장곡면 가송리 803 주1동(건물위),36.5104922427596,126.669611317422,,정상가동,99.71,380,60,2023,태양광,2022-09-22,충청남도 홍성군,,2025-02-07
가송2호 태양광발전소,,충청남도 홍성군 장곡면 가송리 803 주1동(건물위),36.5104922427596,126.669611317422,,정상가동,99.71,380,60,2023,태양광,2022-09-22,충청남도 홍성군,,2025-02-07
가송1호 태양광발전소,,충청남도 홍성군 장곡면 가송리 803 주1동(건물위),36.5104922427596,126.669611317422,,정상가동,99.71,380,60,2023,태양광,2022-09-22,충청남도 홍성군,,2025-02-07
마온월드 태양광발전소,,"충청남도 홍성군 구항면 마온리 1-1, 1-2, 1-5 주1동(건물위)",36.57336695,126.652564,,정상가동,82.11,380,60,2024,태양광,2022-09-22,충청남도 홍성군,,2025-02-07
유일태양광발전소,,"충청남도 홍성군 결성면 교항리 43, 44-1 주1동(건물위)",36.57229556,126.542348,,정상가동,39.53,380,60,2023,태양광,2022-09-22,충청남도 홍성군,,2025-02-07
장수태양광발전소,,"충청남도 홍성군 결성면 교항리 43, 44-1주1동, 주2동, 주3동(건물위)",36.57229556,126.542348,,정상가동,99.71,380,60,2023,태양광,2022-09-22,충청남도 홍성군,,2025-02-07
이호태양광발전소 7호,,"충청남도 홍성군 서부면 이호리 394-1, 385, 386, 387, 394, 394-2 주8동, 주9동(건물위)",36.58904324,126.5114264,,정상가동,99.71,380,60,2023,태양광,2022-09-22,충청남도 홍성군,,2025-02-07
희망4호 태양광발전소,,"충청남도 홍성군 장곡면 상송리 255-11 주1동, 주2동(건물위)",36.4956572320246,126.701461076102,,정상가동,99.71,380,60,2023,태양광,2022-09-22,충청남도 홍성군,,2025-02-07
희망3호 태양광발전소,,충청남도 홍성군 장곡면 상송리 255-11 주1동(건물위),36.4956572320246,126.701461076102,,정상가동,99.71,380,60,2023,태양광,2022-09-22,충청남도 홍성군,,2025-02-07
희망2호 태양광발전소,,충청남도 홍성군 장곡면 상송리 255-11 주1동(건물위),36.4956572320246,126.701461076102,,정상가동,99.71,380,60,2023,태양광,2022-09-22,충청남도 홍성군,,2025-02-07
희망1호 태양광발전소,,충청남도 홍성군 장곡면 상송리 255-11 주1동(건물위),36.4956572320246,126.701461076102,,정상가동,99.71,380,60,2023,태양광,2022-09-22,충청남도 홍성군,,2025-02-07
화전5호 태양광발전소,,"충청남도 홍성군 장곡면 신풍리 778-2, 781-1 주1동(건물위)",36.49255579,126.6851993,,정상가동,19.47,380,60,2023,태양광,2022-09-22,충청남도 홍성군,,2025-02-07
화전4호 태양광발전소,,"충청남도 홍성군 장곡면 신풍리 778-2, 781-1 주1동, 주2동(건물위)",36.49255579,126.6851993,,정상가동,99.71,380,60,2023,태양광,2022-09-22,충청남도 홍성군,,2025-02-07
해맑은 태양광발전소,,"충청남도 홍성군 구항면 공리 88-2, 88-6 주1동, 주2동(건물위)",36.59235713,126.5963859,,정상가동,49.68,380,60,2024,태양광,2022-09-21,충청남도 홍성군,,2025-02-07
앞서가는 농장 태양광발전소,,"충청남도 홍성군 구항면 장양리 621-1, 348, 348-1, 620-1, 622-2, 622-3 주2동(건물위)",36.5792127,126.5842818,,정상가동,83.13,380,60,2024,태양광,2022-09-21,충청남도 홍성군,,2025-02-07
동막 태양광발전소 2호,,"충청남도 홍성군 홍동면 구정리 482-1, 482-3, 483-1, 483-2 주1동(건물위)",36.55971381,126.6961501,,정상가동,60.0,380,60,2024,태양광,2022-09-21,충청남도 홍성군,,2025-02-07
동막 태양광발전소 1호,,"충청남도 홍성군 홍동면 구정리 482-1, 482-3, 483-1, 483-2 주1동(건물위)",36.55971381,126.6961501,,정상가동,100.0,380,60,2024,태양광,2022-09-21,충청남도 홍성군,,2025-02-07
이세영 태양광발전소,,"충청남도 홍성군 갈산면 오두리 264-7, 545 주1동(건물위)",36.6049571,126.519274,,정상가동,90.73,380,60,2023,태양광,2022-09-21,충청남도 홍성군,,2025-02-07
하윤 태양광발전소,,"충청남도 홍성군 결성면 형산리 38-5, 38-4 주2동, 주3동(건물위)",36.58057831,126.5749353,,정상가동,72.2,380,60,2024,태양광,2022-09-21,충청남도 홍성군,,2025-02-07
하람 태양광발전소,,"충청남도 홍성군 결성면 형산리 38-5, 38-4 주4동, 주5동(건물위)",36.58057831,126.5749353,,정상가동,72.2,380,60,2024,태양광,2022-09-20,충청남도 홍성군,,2025-02-07
장동 태양광발전소,,충청남도 홍성군 서부면 거차리 341,36.56422953,126.4821998,,정상가동,122.96,380,60,2023,태양광,2022-09-21,충청남도 홍성군,,2025-02-07
온누리2호 태양광발전소,,"충청남도 홍성군 구항면 공리 18, 19 주2동(건물위)",36.59248884,126.6033002,,정상가동,99.96,380,60,2023,태양광,2022-09-20,충청남도 홍성군,,2025-02-07
온누리4호 태양광발전소,,"충청남도 홍성군 구항면 공리 18, 19 주1동, 주2동, 주4동(건물위)",36.59248884,126.6033002,,정상가동,99.96,380,60,2023,태양광,2022-09-20,충청남도 홍성군,,2025-02-07
온누리3호 태양광발전소,,"충청남도 홍성군 구항면 공리 18, 19 주3동, 주4동(건물위)",36.59248884,126.6033002,,정상가동,70.56,380,60,2023,태양광,2022-09-20,충청남도 홍성군,,2025-02-07
온누리1호 태양광발전소,,"충청남도 홍성군 구항면 공리 18, 19 주1동(건물위)",36.59248884,126.6033002,,정상가동,99.96,380,60,2023,태양광,2022-09-20,충청남도 홍성군,,2025-02-07
양지태양광발전소,,충청남도 홍성군 구항면 태봉리 216-4,36.5727774,126.5968635,,정상가동,29.58,380,60,2023,태양광,2022-09-13,충청남도 홍성군,,2025-02-07
주13동 태양광발전소,,"충청남도 홍성군 홍동면 수란리 85 주13동, 주14동(건물위)",36.5889281781447,126.740217958858,,정상가동,95.04,380,60,2023,태양광,2022-08-22,충청남도 홍성군,,2025-02-07
주10동 태양광발전소,,충청남도 홍성군 홍동면 수란리 85 주10동(건물위),36.5889281781447,126.740217958858,,정상가동,95.04,380,60,2023,태양광,2022-08-22,충청남도 홍성군,,2025-02-07
주9동 태양광발전소,,충청남도 홍성군 홍동면 수란리 85 주9동(건물위),36.5889281781447,126.740217958858,,정상가동,95.04,380,60,2023,태양광,2022-08-22,충청남도 홍성군,,2025-02-07
주8동 태양광발전소,,충청남도 홍성군 홍동면 수란리 85 주8동(건물위),36.5889281781447,126.740217958858,,정상가동,95.04,380,60,2023,태양광,2022-08-22,충청남도 홍성군,,2025-02-07
주7동 태양광발전소,,충청남도 홍성군 홍동면 수란리 85 주7동(건물위),36.5889281781447,126.740217958858,,정상가동,95.04,380,60,2023,태양광,2022-08-22,충청남도 홍성군,,2025-02-07
주4동 태양광발전소,,충청남도 홍성군 홍동면 수란리 85 주4동(건물위),36.5889281781447,126.740217958858,,정상가동,95.04,380,60,2023,태양광,2022-08-22,충청남도 홍성군,,2025-02-07
주2동 태양광발전소,,충청남도 홍성군 홍동면 수란리 85 주2동(건물위),36.5889281781447,126.740217958858,,정상가동,95.04,380,60,2023,태양광,2022-08-22,충청남도 홍성군,,2025-02-07
주1동 태양광발전소,,충청남도 홍성군 홍동면 수란리 85 주1동(건물위),36.5889281781447,126.740217958858,,정상가동,95.04,380,60,2023,태양광,2022-08-22,충청남도 홍성군,,2025-02-07
월현1호 태양광발전소,,충청남도 홍성군 홍동면 월현리 428-7 주1동(건물위),36.5537874628114,126.668106431095,,정상가동,80.0,380,60,2022,태양광,2022-08-16,충청남도 홍성군,,2025-02-07
은우3호 태양광발전소,,충청남도 홍성군 홍동면 월현리 428-7 주1동(건물위),36.5537874628114,126.668106431095,,정상가동,99.0,380,60,2022,태양광,2022-08-16,충청남도 홍성군,,2025-02-07
은우2호 태양광발전소,,충청남도 홍성군 홍동면 월현리 428-7 주1동(건물위),36.5537874628114,126.668106431095,,정상가동,99.0,380,60,2022,태양광,2022-08-16,충청남도 홍성군,,2025-02-07
은우1호 태양광발전소,,충청남도 홍성군 홍동면 월현리 420-1 주1동(건물위),36.5469811663193,126.670990093116,,정상가동,72.0,380,60,2022,태양광,2022-08-16,충청남도 홍성군,,2025-02-07
황성숙발전소 2호,,충청남도 홍성군 장곡면 지정리 785-4 주1동(건물위),36.5116458031648,126.709649027531,,정상가동,99.5,380,60,2023,태양광,2022-08-16,충청남도 홍성군,,2025-02-07
황성숙발전소 1호,,충청남도 홍성군 장곡면 지정리 785-4 주1동(건물위),36.5116458031648,126.709649027531,,정상가동,99.5,380,60,2023,태양광,2022-08-16,충청남도 홍성군,,2025-02-07
삼성농장 3호,,충청남도 홍성군 장곡면 지정리 785-4 주1동(건물위),36.5116458031648,126.709649027531,,정상가동,99.5,380,60,2023,태양광,2022-08-16,충청남도 홍성군,,2025-02-07
삼성농장 2호,,충청남도 홍성군 장곡면 지정리 785-4 주1동(건물위),36.5116458031648,126.709649027531,,정상가동,99.5,380,60,2023,태양광,2022-08-16,충청남도 홍성군,,2025-02-07
월림2호 태양광발전소,,"충청남도 홍성군 광천읍 월림리 13-6, 13-14 주1동(건물위)",36.5407396,126.6607485,,정상가동,99.0,380,60,2022,태양광,2022-06-27,충청남도 홍성군,,2025-02-07
월림1호 태양광발전소,,"충청남도 홍성군 광천읍 월림리 13-6, 13-14 주1동(건물위)",36.5407396,126.6607485,,정상가동,99.0,380,60,2022,태양광,2022-08-10,충청남도 홍성군,,2025-02-07
서용 태양광발전소,,"충청남도 홍성군 갈산면 기산리 186, 186-1 주3동, 주4동(건물위)",36.62185809,126.5202049,,정상가동,82.45,380,60,2022,태양광,2022-08-08,충청남도 홍성군,,2025-02-07
대신 태양광발전소,,충청남도 홍성군 홍성읍 옥암리 534-3 주1동(건물위),36.5872454844932,126.639982537498,,정상가동,39.44,380,60,2023,태양광,2022-06-28,충청남도 홍성군,,2025-02-07
우창2호 태양광발전소,,"충청남도 홍성군 결성면 형산리 466-2, 451-1, 452, 453, 466-1, 467, 468, 687-20, 694-3 주1동(건",36.57623706,126.5745021,,정상가동,98.8,380,60,2022,태양광,2022-08-04,충청남도 홍성군,,2025-02-07
우창1호 태양광발전소,,"충청남도 홍성군 결성면 형산리 466-2, 451-1, 452, 453, 466-1, 467, 468, 687-20, 694-3 주2동(건",36.57623706,126.5745021,,정상가동,98.8,380,60,2022,태양광,2022-08-04,충청남도 홍성군,,2025-02-07
재현3호 태양광발전소,,충청남도 홍성군 금마면 장성리 371-15 주1동(건물위),36.6019052852299,126.688949004034,,정상가동,99.71,380,60,2023,태양광,2022-07-25,충청남도 홍성군,,2025-02-07
재현2호 태양광발전소,,충청남도 홍성군 금마면 장성리 371-15 주1동(건물위),36.6019052852299,126.688949004034,,정상가동,99.71,380,60,2023,태양광,2022-07-25,충청남도 홍성군,,2025-02-07
재현1호 태양광발전소,,충청남도 홍성군 금마면 장성리 371-15 주1동(건물위),36.6019052852299,126.688949004034,,정상가동,99.71,380,60,2023,태양광,2022-07-25,충청남도 홍성군,,2025-02-07
연동 태양광발전소 2호,,"충청남도 홍성군 홍동면 금평리 395-29, 442-1, 443-1, 443-4 주3동(건물위)",36.55428214,126.6980268,,정상가동,70.0,380,60,2022,태양광,2022-07-22,충청남도 홍성군,,2025-02-07
연동 태양광발전소 1호,,"충청남도 홍성군 홍동면 금평리 391-2, 395-2, 395-28 주3동(건물위)",36.55503153,126.6990925,,정상가동,67.5,380,60,2022,태양광,2022-07-22,충청남도 홍성군,,2025-02-07
하유 태양광발전소,,충청남도 홍성군 홍동면 운월리 293-11 주1동(건물위),36.5580888017046,126.689894010511,,정상가동,50.0,380,60,2022,태양광,2022-07-21,충청남도 홍성군,,2025-02-07
꼬리별2호,,충청남도 홍성군 홍동면 문당리 457-2 주1동(건물위),36.5400150425322,126.702850512387,,정상가동,62.5,380,60,2022,태양광,2022-07-21,충청남도 홍성군,,2025-02-07
꼬리별1호,,충청남도 홍성군 홍동면 문당리 456-5 주1동(건물위),36.5403155615015,126.702772529522,,정상가동,41.5,380,60,2022,태양광,2022-07-21,충청남도 홍성군,,2025-02-07
신기솔라1호 태양광발전소,,충청남도 홍성군 홍동면 신기리 56-2 주2동(건물위),36.5822627084749,126.717978090205,,정상가동,49.14,380,60,2023,태양광,2022-07-19,충청남도 홍성군,,2025-02-07
신기솔라 태양광발전소,,충청남도 홍성군 홍동면 신기리 56-2 주1동(건물위),36.5822627084749,126.717978090205,,정상가동,99.45,380,60,2023,태양광,2022-07-19,충청남도 홍성군,,2025-02-07
월산 태양광발전소,,"충청남도 홍성군 홍성읍 월산리 92, 88-11 주1동(건물위)",36.60502856,126.6481937,,정상가동,62.54,380,60,2023,태양광,2022-07-19,충청남도 홍성군,,2025-02-07
삼성농장 1호,,"충청남도 홍성군 홍동면 화신리 341, 344 주2동(건물위)",36.53745542,126.6894108,,정상가동,99.5,380,60,2023,태양광,2022-07-19,충청남도 홍성군,,2025-02-07
홍동2호 태양광발전소,,"충청남도 홍성군 홍동면 구정리 172, 170, 171 주1동, 주2동(건물위)",36.55987301,126.7013799755,,정상가동,99.6,380,60,2024,태양광,2022-07-19,충청남도 홍성군,,2025-02-07
상점2호 태양광발전소,,"충청남도 홍성군 홍동면 수란리 280-2, 280-5, 280-6 주1동(건물위)",36.57850544,126.7366707,,정상가동,70.33,380,60,2023,태양광,2022-07-18,충청남도 홍성군,,2025-02-07
상점1호 태양광발전소,,"충청남도 홍성군 홍동면 수란리 280-2, 280-5, 280-6 주1동(건물위)",36.57850544,126.7366707,,정상가동,99.43,380,60,2023,태양광,2022-07-18,충청남도 홍성군,,2025-02-07
영동5호 태양광발전소,,"충청남도 홍성군 서부면 거차리 306-1, 306-2 부1동(건물 위)",36.56866801,126.4812076,,정상가동,99.6,380,60,2023,태양광,2022-07-04,충청남도 홍성군,,2025-02-07
영동4호 태양광발전소,,"충청남도 홍성군 서부면 거차리 306-1, 306-2 주5동, 주6동(건물 위)",36.56866801,126.4812076,,정상가동,99.6,380,60,2023,태양광,2022-07-04,충청남도 홍성군,,2025-02-07
영동3호 태양광발전소,,"충청남도 홍성군 서부면 거차리 306-1. 306-2, 주3동, 주4동, 주5동(건물 위)",,,,정상가동,99.6,380,60,2023,태양광,2022-07-04,충청남도 홍성군,,2025-02-07
영동2호 태양광 발전소,,"충청남도 홍성군 서부면 거차리 306-1, 306-2 주2동, 주3동(건물위)",36.56866801,126.4812076,,정상가동,99.6,380,60,2024,태양광,2022-07-04,충청남도 홍성군,,2025-02-07
영동1호 태양광발전소,,"충청남도 홍성군 서부면 거차리 306-1, 306-2 주1동, 주2동(건물위)",36.56866801,126.4812076,,정상가동,99.6,380,60,2024,태양광,2022-07-04,충청남도 홍성군,,2025-02-07
인숙3 태양광발전소,,"충청남도 홍성군 갈산면 기산리 322-2, 322, 327 주1동(건물위)",36.61511451,126.5203111,,정상가동,79.68,380,60,2023,태양광,2022-06-30,충청남도 홍성군,,2025-02-07
세기2호 태양광발전소,,"충청남도 홍성군 홍북읍 노은리 289-3, 289-1 주1동, 주2동(건물위)",36.64128951,126.7183942,,정상가동,446.36,380,60,2022,태양광,2022-06-20,충청남도 홍성군,,2025-02-07
세기1호 태양광발전소,,"충청남도 홍성군 서부면 중리 903-7, 903-8 주1동(건물위)",36.58655286,126.5199661,,정상가동,495.95,380,60,2022,태양광,2022-06-07,충청남도 홍성군,,2025-02-07
인경 태양광발전소,,"충청남도 홍성군 장곡면 가송리 778-3, 448-2, 448-3 주1동(건물위)",36.52193043,126.6826055,,정상가동,99.91,380,60,2022,태양광,2022-06-15,충청남도 홍성군,,2025-02-07
은하태양광발전소,,"충청남도 홍성군 은하면 학산리 204-2, 204-3 주2동(건물위)",36.53893727,126.5780082,,정상가동,79.46,380,60,2022,태양광,2022-05-18,충청남도 홍성군,,2025-02-07
한가람 태양광발전소,,충청남도 홍성군 결성면 성곡리 482-7 주1동(건물위),36.5608593981211,126.545644114708,,정상가동,19.35,380,60,2022,태양광,2022-02-17,충청남도 홍성군,,2025-02-07
두영1호 태양광발전소,,"충청남도 홍성군 금마면 죽림리 874-2, 875 주1동(건물위)",36.61589489,126.6998699548,,정상가동,99.76,380,60,2023,태양광,2022-02-17,충청남도 홍성군,,2025-02-07
두영2호 태양광발전소,,"충청남도 홍성군 금마면 죽림리 874-2, 875 주2동(건물위)",36.61589489,126.6998699548,,정상가동,99.76,380,60,2023,태양광,2022-02-17,충청남도 홍성군,,2025-02-07
두영3호 태양광발전소,,"충청남도 홍성군 금마면 죽림리 874-2, 875 주1동, 주2동(건물위)",36.61589489,126.6998699548,,정상가동,99.76,380,60,2023,태양광,2022-02-17,충청남도 홍성군,,2025-02-07
황규흥2호 태양광발전소,,충청남도 홍성군 결성면 형산리 509-7 주1동(건물위),36.5831244695047,126.579149469379,,정상가동,53.94,380,60,2022,태양광,2022-02-11,충청남도 홍성군,,2025-02-07
황규흥1호 태양광발전소,,충청남도 홍성군 결성면 형산리 509-7 주1동(건물위),36.5831244695047,126.579149469379,,정상가동,89.9,380,60,2022,태양광,2022-02-10,충청남도 홍성군,,2025-02-07
청운브레이크 태양광발전소,,"충청남도 홍성군 갈산면 취생리 605 주1동, 주2동(건물위)",36.6323336410225,126.540911082094,,정상가동,294.98,380,60,2023,태양광,2022-02-01,충청남도 홍성군,,2025-02-07
산수1호 태양광발전소,,충청남도 홍성군 서부면 광리 770-4 주1동(건물위),36.5941078760643,126.514357367837,,정상가동,99.84,380,60,2022,태양광,2022-02-10,충청남도 홍성군,,2025-02-07
가정길2 태양광발전소,,충청남도 홍성군 광천읍 가정리 432 부2동(건물위),36.4967472492117,126.64360217098,,정상가동,94.08,380,60,2022,태양광,2022-02-01,충청남도 홍성군,,2025-02-07
김동식 태양광,,충청남도 홍성군 홍성읍 남장리 448-3 (건물위),36.57896811,126.6533466,,정상가동,30.24,380,60,2022,태양광,2021-12-26,충청남도 홍성군,,2025-02-07
SH발전소,,충청남도 홍성군 홍성읍 내법리 105-18,36.61109865,126.6876207,,정상가동,19.78,220,60,2022,태양광,2021-12-26,충청남도 홍성군,,2025-02-07
세딸4호 태양광발전소,,"충청남도 홍성군 홍북읍 갈산리 124-13 , 124-14 주2동(건물위)",36.66712718,126.7089017,,정상가동,95.04,380,60,2022,태양광,2021-12-23,충청남도 홍성군,,2025-02-07
세딸3호 태양광발전소,,"충청남도 홍성군 홍북읍 갈산리 124-13 , 124-14 주2동(건물위)",36.66712718,126.7089017,,정상가동,95.04,380,60,2022,태양광,2021-12-23,충청남도 홍성군,,2025-02-07
세딸2호 태양광발전소,,"충청남도 홍성군 홍북읍 갈산리 124-13 , 124-14 주1동(건물위)",36.66712718,126.7089017,,정상가동,95.04,380,60,2022,태양광,2021-12-23,충청남도 홍성군,,2025-02-07
세딸1호 태양광발전소,,"충청남도 홍성군 홍북읍 갈산리 124-13 , 124-14 주1동(건물위)",36.66712718,126.7089017,,정상가동,95.04,380,60,2022,태양광,2021-12-23,충청남도 홍성군,,2025-02-07
푸른에너지2호 태양광발전소,,"충청남도 홍성군 금마면 화양리 254, 137-13, 255-2, 256-1 주9동, 주14동(건물위)",36.6284848,126.7207048,,정상가동,24.25,380,60,2023,태양광,2021-12-19,충청남도 홍성군,,2025-02-07
맑음에너지1호 태양광발전소,,"충청남도 홍성군 금마면 화양리 254 , 137-13, 255-2, 256-1 주1, 6동(건물위)",36.6284848,126.7207048,,정상가동,26.68,380,60,2023,태양광,2021-12-19,충청남도 홍성군,,2025-02-07
푸른에너지1호 태양광발전소,,"충청남도 홍성군 금마면 화양리 254, 137-13, 255-2, 256-1 주8동, 주13동(건물위)",36.6284848,126.7207048,,정상가동,24.25,380,60,2023,태양광,2021-12-19,충청남도 홍성군,,2025-02-07
푸른에너지3호 태양광발전소,,"충청남도 홍성군 금마면 화양리 254, 137-13, 255-2, 256-1 주11동, 주10동(건물위)",36.6284848,126.7207048,,정상가동,17.46,380,60,2023,태양광,2021-12-19,충청남도 홍성군,,2025-02-07
맑음에너지2호 태양광발전소,,"충청남도 홍성군 금마면 화양리 254 , 137-13, 255-2, 256-1 주1, 2동(건물위)",36.6284848,126.7207048,,정상가동,26.68,380,60,2023,태양광,2021-12-19,충청남도 홍성군,,2025-02-07
성호홍성태양광발전소,"충청남도 홍성군 갈산면 산단로388번길 43, 주1동(건물위)",,36.6244244992876,126.532541853444,,정상가동,216.0,380,60,2023,태양광,2021-12-12,충청남도 홍성군,,2025-02-07
일흥목장6호 태양광발전소,충청남도 홍성군 홍동면 광금남로 740-41,,36.5603759280117,126.695601462132,,정상가동,99.36,380,60,2022,태양광,2021-12-12,충청남도 홍성군,,2025-02-07
일흥목장7호 태양광발전소,충청남도 홍성군 홍동면 광금남로 740-41,,36.5603759280117,126.695601462132,,정상가동,99.36,380,60,2022,태양광,2021-12-12,충청남도 홍성군,,2025-02-07
두지동마을 태양광발전소,,충청남도 홍성군 결성면 용호리 209 주2동(건물위),36.5716795543155,126.558398966839,,정상가동,18.28,220,60,2022,태양광,2021-12-12,충청남도 홍성군,,2025-02-07
내가마을태양광발전소,"충청남도 홍성군 금마면 금마로324번길 15, 주1동(건물위)",,36.6035821112476,126.735560008594,,정상가동,19.68,380,60,2022,태양광,2021-12-02,충청남도 홍성군,,2025-02-07
대원 태양광발전소,,"충청남도 홍성군 갈산면 오두리 278-1, 278-2 주1동, 278, 279 주1동",36.60408263,126.5205009,,정상가동,99.0,380,60,2022,태양광,2021-12-02,충청남도 홍성군,,2025-02-07
석산마을회 태양광발전소,"충청남도 홍성군 금마면 봉수산로676번길 2-31, 주1동(건물위)",,36.6143537261191,126.747327463053,,정상가동,30.1,380,60,2022,태양광,2021-11-24,충청남도 홍성군,,2025-02-07
가순 태양광발전소,"충청남도 홍성군 결성면 만해로 631, 주1동(건물위)",,36.5774656391131,126.55581726525,,정상가동,46.56,380,60,2022,태양광,2021-11-04,충청남도 홍성군,,2025-02-07
무량리2호 태양광발전소,,충청남도 홍성군 결성면 무량리 54 주2동(건물위),36.540292271488,126.54985134821,,정상가동,91.2,380,60,2023,태양광,2021-11-03,충청남도 홍성군,,2025-02-07
무량리1호 태양광발전소,,충청남도 홍성군 결성면 무량리 54 주1동(건물위),36.540292271488,126.54985134821,,정상가동,91.2,380,60,2023,태양광,2021-11-03,충청남도 홍성군,,2025-02-07
박태진 태양광발전소,"충청남도 홍성군 금마면 충서로2036번길 24-16, 주1동(건물위)",,36.6177652089502,126.711288263744,,정상가동,16.63,380,60,2021,태양광,2021-10-18,충청남도 홍성군,,2025-02-07
대흥2호 태양광발전소,"충청남도 홍성군 금마면 충서로 2176, 1동, 2동, 4동(건물위)",,36.6224934213712,126.725488057367,,정상가동,249.48,380,60,2022,태양광,2021-10-14,충청남도 홍성군,,2025-02-07
대흥1호 태양광발전소,"충청남도 홍성군 금마면 충서로 2176, 1동(건물위)",,36.6224934213712,126.725488057367,,정상가동,249.48,380,60,2022,태양광,2021-10-14,충청남도 홍성군,,2025-02-07
현수2 태양광발전소,"충청남도 홍성군 장곡면 무한로 777-6, 주1동(건물위)",,36.4804101407629,126.738780392145,,정상가동,70.07,380,60,2023,태양광,2021-10-15,충청남도 홍성군,,2025-02-07
승연 발전소,"충청남도 홍성군 홍성읍 내포로136번길 14, 주1동(건물위)",,36.5960551205662,126.655411523631,,정상가동,19.8,380,60,2021,태양광,2021-10-15,충청남도 홍성군,,2025-02-07
평화노래 태양광발전소,"충청남도 홍성군 홍동면 홍동길 262-1, 주2동(건물위)",,36.5461648391815,126.69943490591,,정상가동,19.78,380,60,2021,태양광,2021-10-15,충청남도 홍성군,,2025-02-07
영화 태양광발전소,충청남도 홍성군 금마면 금마로497번길 101-111,,36.618585752042,126.746696021679,,정상가동,99.0,380,60,2022,태양광,2021-10-14,충청남도 홍성군,,2025-02-07
대인태양광제3발전소,"충청남도 홍성군 홍북읍 매죽헌길 530, 외 1필지 주1동(건물위)",,,,,정상가동,49.6,380,60,2022,태양광,2021-09-27,충청남도 홍성군,,2025-02-07
충남 태양광발전소,"충청남도 홍성군 구항면 구성북로 80, 주1동(건물위)",,36.5929260788271,126.609387502282,,정상가동,54.6,380,60,2022,태양광,2021-08-09,충청남도 홍성군,,2025-02-07
김명기 태양광발전소,,"충청남도 홍성군 홍북읍 산수리 29-5 (토지위), 산수리 29-5 주1동(건물위)",36.6510802,126.7305001,,정상가동,19.57,220,60,2021,태양광,2021-08-04,충청남도 홍성군,,2025-02-07
준원 태양광발전소,,"충청남도 홍성군 갈산면 내갈리 437-1, 432-3, 437 주1동, 주2동, 주3동(건물위)",36.60413051,126.5636387,,정상가동,99.84,380,60,2022,태양광,2021-07-27,충청남도 홍성군,,2025-02-07
㈜국보화학홍성지점태양광발전소3호기,"충청남도 홍성군 구항면 충서로966번길 51-5, 1동, 4동(건물위)",,36.5639573227914,126.653810574529,,정상가동,73.71,380,60,2022,태양광,2021-07-23,충청남도 홍성군,,2025-02-07
㈜국보화학홍성지점태양광발전소2호기,"충청남도 홍성군 구항면 충서로966번길 51-5, 1동(건물위)",,36.5639573227914,126.653810574529,,정상가동,99.65,380,60,2022,태양광,2021-07-23,충청남도 홍성군,,2025-02-07
㈜국보화학홍성지점태양광발전소1호기,"충청남도 홍성군 구항면 충서로966번길 51-5, 주1동(건물위)",,36.5639573227914,126.653810574529,,정상가동,99.65,380,60,2022,태양광,2021-07-23,충청남도 홍성군,,2025-02-07
원광 태양광발전소,충청남도 홍성군 홍동면 충절로344번길 62-55,,36.5583085814391,126.733736019525,,정상가동,19.58,380,60,2021,태양광,2021-07-12,충청남도 홍성군,,2025-02-07
대영 태양광발전소,"충청남도 홍성군 홍동면 광금남로699번길 189-162, , 482 주1동(건물위)",,,,,정상가동,99.6,380,60,2022,태양광,2021-07-12,충청남도 홍성군,,2025-02-07
신현미 태양광발전소,"충청남도 홍성군 광천읍 홍남동로279번길 287-35, 주2,3동(건물위)",,36.5327753641063,126.668186633126,,정상가동,67.6,380,60,2022,태양광,2021-06-30,충청남도 홍성군,,2025-02-07
구자희 태양광발전소,"충청남도 홍성군 광천읍 홍남동로279번길 287-35, 주1, 2동, 부1동",,36.5327753641063,126.668186633126,,정상가동,99.84,380,60,2022,태양광,2021-06-30,충청남도 홍성군,,2025-02-07
모니카K 태양광발전소,"충청남도 홍성군 구항면 구성북로 327, 주14동(건물위)",,36.6132019189575,126.607576362415,,정상가동,99.68,380,60,2021,태양광,2021-06-15,충청남도 홍성군,,2025-02-07
성수 태양광발전소,"충청남도 홍성군 홍북읍 내용길265번길 91-7, 주1동(건물위)",,36.6252066867224,126.692340928475,,정상가동,51.48,380,60,2021,태양광,2021-06-01,충청남도 홍성군,,2025-02-07
죽전 태양광발전소,충청남도 홍성군 광천읍 내죽1길 50,,36.5052759820379,126.666298568061,,정상가동,15.3,380,60,2021,태양광,2021-05-17,충청남도 홍성군,,2025-02-07
장곡태양광발전소,,충청남도 홍성군 장곡면 상송리 산 117-1,,,,정상가동,999.6,22900,60,2022,태양광,2017-06-05,충청남도 홍성군,,2025-02-07
보광에너지 태양광발전소,,"충청남도 홍성군 결성면 성곡리 342 , 342-1, 344-6, 344-8, 산112-2, 산112-6(부지위)",36.55181732,126.5494461,,정상가동,898.2,22900,60,2021,태양광,2019-12-16,충청남도 홍성군,,2025-02-07
청송농장4호 태양광발전소,"충청남도 홍성군 금마면 금북로 39, 외 1필지 주4~5동(건물위)",,,,,정상가동,84.15,380,60,2022,태양광,2021-04-08,충청남도 홍성군,,2025-02-07
청송농장3호 태양광발전소,"충청남도 홍성군 금마면 금북로 39, 외 1필지 주3~4동(건물위)",,,,,정상가동,91.8,380,60,2022,태양광,2021-04-08,충청남도 홍성군,,2025-02-07
청송농장2호 태양광발전소,"충청남도 홍성군 금마면 금북로 39, 외 1필지 주1~3동(건물위)",,,,,정상가동,91.8,380,60,2022,태양광,2021-04-08,충청남도 홍성군,,2025-02-07
청송농장1호 태양광발전소,"충청남도 홍성군 금마면 금북로 39, 외 1필지 주1동(건물위)",,,,,정상가동,91.8,380,60,2022,태양광,2021-04-08,충청남도 홍성군,,2025-02-07
피엠솔라6호,충청남도 홍성군 장곡면 홍장남로144번길 163-119,,36.5203770288805,126.708819136105,,정상가동,999.0,22900,60,2016,태양광,2016-07-19,충청남도 홍성군,,2025-02-07
평촌2호 태양광발전소,,충청남도 홍성군 홍동면 금평리 375 주1~2동(건물위),36.5534043569813,126.7010009777,,정상가동,96.3,380,60,2021,태양광,2021-04-01,충청남도 홍성군,,2025-02-07
평촌1호 태양광발전소,"충청남도 홍성군 홍동면 홍동길 185, 주1~2동, 375 주1동(건물위)",,,,,정상가동,91.48,380,60,2021,태양광,2021-04-01,충청남도 홍성군,,2025-02-07
신화 태양광발전소,"충청남도 홍성군 구항면 구항서길 36-34, 209-10(건물위)",,,,,정상가동,600.0,22900,60,2017,태양광,2015-07-13,충청남도 홍성군,,2025-02-07
봉연발전소,"충청남도 홍성군 구항면 마온1길 38-1, 주1~3동(건물위)",,36.5700042443998,126.648048307906,,정상가동,99.36,380,60,2021,태양광,2021-03-10,충청남도 홍성군,,2025-02-07
옥란1호 태양광발전소,"충청남도 홍성군 결성면 성남길29번길 316, 주1동(건물위)",,36.5106701814018,126.553190850403,,정상가동,19.2,380,60,2022,태양광,2021-03-09,충청남도 홍성군,,2025-02-07
옥란2호 태양광발전소,"충청남도 홍성군 결성면 성남길29번길 316, 주2동(건물위)",,36.5106701814018,126.553190850403,,정상가동,19.2,380,60,2022,태양광,2021-03-09,충청남도 홍성군,,2025-02-07
옥란3호 태양광발전소,"충청남도 홍성군 결성면 성남길29번길 316, 주3동(건물위)",,36.5106701814018,126.553190850403,,정상가동,19.2,380,60,2022,태양광,2021-03-09,충청남도 홍성군,,2025-02-07
옥란4호 태양광발전소,"충청남도 홍성군 결성면 성남길29번길 316, 주4동(건물위)",,36.5106701814018,126.553190850403,,정상가동,19.2,380,60,2022,태양광,2021-03-09,충청남도 홍성군,,2025-02-07
옥란5호 태양광발전소,"충청남도 홍성군 결성면 성남길29번길 316, 주5동(건물위)",,36.5106701814018,126.553190850403,,정상가동,19.2,380,60,2022,태양광,2021-03-09,충청남도 홍성군,,2025-02-07
옥란6호 태양광발전소,충청남도 홍성군 결성면 성남길 131-8,,36.5144996172956,126.545677255926,,정상가동,18.2,220,60,2021,태양광,2021-03-09,충청남도 홍성군,,2025-02-07
청태양광발전소,충청남도 홍성군 광천읍 광천로 147-40,,36.4925011599028,126.617964788945,,정상가동,69.7,380,60,2023,태양광,2021-03-08,충청남도 홍성군,,2025-02-07
수태양광발전소,충청남도 홍성군 광천읍 광천로 147-40,,36.4925011599028,126.617964788945,,정상가동,99.88,380,60,2023,태양광,2021-03-08,충청남도 홍성군,,2025-02-07
미어실2호태양광발전소,충청남도 홍성군 은하면 홍남로22번길 131-10,,36.5063491491481,126.572715362458,,정상가동,43.68,380,60,2021,태양광,2021-03-08,충청남도 홍성군,,2025-02-07
미어실1호태양광발전소,충청남도 홍성군 은하면 홍남로22번길 131-10,,36.5063491491481,126.572715362458,,정상가동,98.28,380,60,2021,태양광,2021-03-08,충청남도 홍성군,,2025-02-07
화전2호태양광발전소,,"충청남도 홍성군 장곡면 신풍리 777 , 778, 871, 782",36.4928361,126.6855773,,정상가동,99.75,380,60,2022,태양광,2021-02-24,충청남도 홍성군,,2025-02-07
화전3호태양광발전소,,"충청남도 홍성군 장곡면 신풍리 777 , 778, 781, 782",36.4928361,126.6855773,,정상가동,29.92,380,60,2022,태양광,2021-02-24,충청남도 홍성군,,2025-02-07
화전1호태양광발전소,,"충청남도 홍성군 장곡면 신풍리 777 , 778, 781, 782",36.4928361,126.6855773,,정상가동,99.75,380,60,2022,태양광,2021-02-24,충청남도 홍성군,,2025-02-07
화전태양광발전소,,"충청남도 홍성군 장곡면 신풍리 777 , 778, 781, 782",36.4928361,126.6855773,,정상가동,99.75,380,60,2022,태양광,2021-02-24,충청남도 홍성군,,2025-02-07
태영성남리 태양광발전소,,"충청남도 홍성군 결성면 성남리 46, 2-58, 2-80",36.51087155,126.5559931,,정상가동,994.95,22900,60,2022,태양광,2018-04-16,충청남도 홍성군,,2025-02-07
회광발전소,,충청남도 홍성군 결성면 성남리 2-39,36.51209259,126.5561362,,정상가동,994.95,22900,60,2022,태양광,2018-04-16,충청남도 홍성군,,2025-02-07
거산1 태양광발전소,충청남도 홍성군 은하면 은하로129번길 241,,36.5389361885693,126.578008788501,,정상가동,67.34,380,60,2021,태양광,2021-02-16,충청남도 홍성군,,2025-02-07
거산 태양광발전소,"충청남도 홍성군 은하면 은하로129번길 241, (건물위)",,36.5389361885693,126.578008788501,,정상가동,21.84,380,60,2021,태양광,2021-02-16,충청남도 홍성군,,2025-02-07
백두 태양광발전소,,"충청남도 홍성군 홍북읍 신정리 185 , 186, 187, 188, 479",36.66256722,126.7375405,,정상가동,996.0,22900,60,2020,태양광,2020-01-02,충청남도 홍성군,,2025-02-07
리더스에너지 태양광발전소,,"충청남도 홍성군 홍북읍 신정리 180 , 181, 182, 183, 184, 185, 188",36.66372001,126.7372795,,정상가동,996.0,22900,60,2020,태양광,2020-01-02,충청남도 홍성군,,2025-02-07
원기2호 태양광발전소,"충청남도 홍성군 홍북읍 홍북로 685-58, 주1동(건물위)",,36.668105523922,126.708674983356,,정상가동,97.2,380,60,2021,태양광,2021-02-16,충청남도 홍성군,,2025-02-07
원기1호 태양광발전소,"충청남도 홍성군 홍북읍 홍북로 685-58, 주1동(건물위)",,36.668105523922,126.708674983356,,정상가동,97.2,380,60,2021,태양광,2021-02-16,충청남도 홍성군,,2025-02-07
양지태양광발전소,"충청남도 홍성군 갈산면 내포로 911, 주1동(건물위)",,36.5991168342634,126.578503378422,,정상가동,72.24,380,60,2021,태양광,2021-02-16,충청남도 홍성군,,2025-02-07
신풍3호 태양광발전소,충청남도 홍성군 장곡면 장곡길 604-45,,36.4923168243332,126.69674255149,,정상가동,29.7,380,60,2021,태양광,2021-02-10,충청남도 홍성군,,2025-02-07
학산5호 태양광발전소,"충청남도 홍성군 홍북읍 이응노로 89-45, 외 2필지 주1동(건물위)",,,,,정상가동,16.06,380,60,2021,태양광,2021-02-08,충청남도 홍성군,,2025-02-07
형산 태양광발전소,"충청남도 홍성군 결성면 형산1길 61, 외 1필지 주1동(건물위)",,,,,정상가동,49.68,380,60,2023,태양광,2021-02-08,충청남도 홍성군,,2025-02-07
정인제2태양광발전소,"충청남도 홍성군 서부면 산단로 62-35, 주1동(건물위)",,36.6027361686051,126.511563147896,,정상가동,50.4,380,60,2021,태양광,2021-02-08,충청남도 홍성군,,2025-02-07
승종 갈산 태양광발전소,,"충청남도 홍성군 갈산면 기산리 395 ,395-1, 395-10",36.61595848,126.5186348,,정상가동,999.0,22900,60,2021,태양광,2018-10-01,충청남도 홍성군,,2025-02-07
(주)한미이앤씨,,충청남도 홍성군 구항면 장양리 209-20,36.57645554,126.5945505,,정상가동,994.0,22900,60,2021,태양광,2018-09-19,충청남도 홍성군,,2025-02-07
정인제1 태양광발전소,"충청남도 홍성군 서부면 산단로 62-33, 주1동(건물위)",,36.6028818289837,126.511220563716,,정상가동,93.15,380,60,2022,태양광,2021-01-27,충청남도 홍성군,,2025-02-07
석순2태양광발전소,"충청남도 홍성군 갈산면 갈산서길473번길 125-116, 주1~3동(건물위)",,36.6246142093013,126.523606152515,,정상가동,86.32,380,60,2021,태양광,2021-01-27,충청남도 홍성군,,2025-02-07
민우태양광발전소,"충청남도 홍성군 광천읍 홍남로686번길 20-15, (건물위)",,36.5026502173971,126.626331514305,,정상가동,29.82,380,60,2021,태양광,2021-01-20,충청남도 홍성군,,2025-02-07
꿈의4호 태양광발전소,"충청남도 홍성군 구항면 구항서길 36-32, 주2동(건물위)",,36.5776282874155,126.593576029472,,정상가동,90.72,380,60,2021,태양광,2021-01-21,충청남도 홍성군,,2025-02-07
꿈의3호 태양광발전소,"충청남도 홍성군 구항면 구항서길 36-32, 주1동(건물위)",,36.5776282874155,126.593576029472,,정상가동,99.96,380,60,2021,태양광,2021-01-21,충청남도 홍성군,,2025-02-07
꿈의2호 태양광발전소,"충청남도 홍성군 구항면 구항서길 36-32, 주2동(건물위)",,36.5776282874155,126.593576029472,,정상가동,90.76,380,60,2021,태양광,2021-01-21,충청남도 홍성군,,2025-02-07
꿈의1호 태양광발전소,"충청남도 홍성군 구항면 구항서길 36-32, 주1동(건물위)",,36.5776282874155,126.593576029472,,정상가동,99.96,380,60,2021,태양광,2021-01-21,충청남도 홍성군,,2025-02-07
장수농원2호 태양광발전소,"충청남도 홍성군 홍북읍 금북로614번길 15, 주1동(건물위)",,36.6683219504663,126.729485578053,,정상가동,59.85,380,60,2021,태양광,2021-01-20,충청남도 홍성군,,2025-02-07
장수농원1호 태양광발전소,"충청남도 홍성군 홍북읍 금북로614번길 15, 주1동(건물위)",,36.6683219504663,126.729485578053,,정상가동,99.9,380,60,2021,태양광,2021-01-20,충청남도 홍성군,,2025-02-07
영수3태양광발전소,"충청남도 홍성군 갈산면 갈산서길249번길 40-32, 주1~3동",,36.6216160439727,126.525160402826,,정상가동,86.32,380,60,2021,태양광,2021-01-18,충청남도 홍성군,,2025-02-07
대경 태양광발전소,"충청남도 홍성군 서부면 천수만로 381, 천수만로 383, 주1,3,4동(건물위)",,,,,정상가동,94.5,380,60,2022,태양광,2021-01-18,충청남도 홍성군,,2025-02-07
가한 태양광발전소,"충청남도 홍성군 서부면 천수만로 381, 주1,2,5동 (건물위)",,36.5983538507881,126.480778514276,,정상가동,94.5,380,60,2022,태양광,2021-01-18,충청남도 홍성군,,2025-02-07
희순태양광발전소,충청남도 홍성군 갈산면 갈산서길473번길 125-116,,36.6246142093013,126.523606152515,,정상가동,86.32,380,60,2021,태양광,2021-01-12,충청남도 홍성군,,2025-02-07
산수2호 태양광발전소,,충청남도 홍성군 서부면 광리 770-4 주1동(건물위),36.5941078760643,126.514357367837,,정상가동,99.84,380,60,2022,태양광,2022-02-10,충청남도 홍성군,,2025-02-07
그린태양광발전소,,"충청남도 홍성군 금마면 죽림리 933(1동,2동,3동,4동) 건물위",36.61931358,126.7046488,,정상가동,498.75,380,60,2022,태양광,2020-11-16,충청남도 홍성군,,2025-02-07
미소 태양광발전소,,충청남도 홍성군 금마면 부평리 11-9 주1동(건물위),36.6162345281516,126.740426637928,,정상가동,99.0,380,60,2021,태양광,2020-11-16,충청남도 홍성군,,2025-02-07
상송1호태양광발전소,,충청남도 홍성군 장곡면 상송리 317-2(건물위),36.49438023,126.7011106,,정상가동,99.9,380,60,2021,태양광,2020-10-28,충청남도 홍성군,,2025-02-07
상송2호태양광발전소,,충청남도 홍성군 장곡면 상송리 317-2(건물위),36.49438023,126.7011106,,정상가동,69.75,380,60,2021,태양광,2020-10-28,충청남도 홍성군,,2025-02-07
기산태양광발전소,,충청남도 홍성군 홍동면 운월리 55-8,,,,정상가동,99.68,380,60,2021,태양광,2020-10-21,충청남도 홍성군,,2025-02-07
예림태양광발전소,,"충청남도 홍성군 홍동면 운월리 330-3, 330-4(건물위)",36.56382536,126.6833963,,정상가동,29.82,380,60,2021,태양광,2020-10-21,충청남도 홍성군,,2025-02-07
기정태양광발전소,,"충청남도 홍성군 홍동면 운월리 330-3, 330-4(건물위)",36.56382536,126.6833963,,정상가동,99.68,380,60,2021,태양광,2020-10-21,충청남도 홍성군,,2025-02-07
광일2호태양광발전소,,"충청남도 홍성군 구항면 청광리 58-1, 59-1, 61-2",36.56156085,126.6534013,,정상가동,98.28,380,60,2020,태양광,2020-09-23,충청남도 홍성군,,2025-02-07
오성2호태양광발전소,,"충청남도 홍성군 구항면 황곡리 508-1, 508-2(건물위)",36.58393647,126.6165384,,정상가동,99.9,380,60,2021,태양광,2020-09-22,충청남도 홍성군,,2025-02-07
광일3호태양광발전소,,"충청남도 홍성군 구항면 청광리 56-4, 58-1",36.56097962,126.6528227,,정상가동,98.28,380,60,2020,태양광,2020-09-23,충청남도 홍성군,,2025-02-07
우리1호태양광발전소,,충청남도 홍성군 금마면 장성리 371-11(건물위),36.60272717,126.6886215,,정상가동,99.0,380,60,2021,태양광,2020-09-22,충청남도 홍성군,,2025-02-07
우리2호태양광발전소,,충청남도 홍성군 금마면 장성리 371-11(건물위),36.60272717,126.6886215,,정상가동,49.5,380,60,2021,태양광,2020-09-22,충청남도 홍성군,,2025-02-07
야곱1호태양광발전소,,"충청남도 홍성군 갈산면 신안리 161-3, 162-1, 162-2(건물위)",36.61161845,126.5878249,,정상가동,99.6,380,60,2021,태양광,2020-09-04,충청남도 홍성군,,2025-02-07
야곱2호태양광발전소,,"충청남도 홍성군 갈산면 신안리 161-3, 162-1, 162-2(주1동, 건물위)",36.61161845,126.5878249,,정상가동,99.6,380,60,2021,태양광,2020-09-04,충청남도 홍성군,,2025-02-07
야곱4호태양광발전소,,"충청남도 홍성군 갈산면 신안리 161-3, 162-1, 162-2(주2동, 건물위)",36.61161845,126.5878249,,정상가동,49.8,380,60,2021,태양광,2020-09-04,충청남도 홍성군,,2025-02-07
야곱3호태양광발전소,,"충청남도 홍성군 갈산면 신안리 161-3, 162-1, 162-2(주2동, 건물위)",36.61161845,126.5878249,,정상가동,99.6,380,60,2021,태양광,2020-09-04,충청남도 홍성군,,2025-02-07
야곱5호태양광발전소,,"충청남도 홍성군 갈산면 신안리 161-3, 162-1, 162-2(건물위)",36.61161845,126.5878249,,정상가동,49.8,380,60,2021,태양광,2020-09-04,충청남도 홍성군,,2025-02-07
다담은태양광발전소,,충청남도 홍성군 갈산면 상촌리 99(건물위),36.6022059,126.558364,,정상가동,28.35,380,60,2020,태양광,2020-09-02,충청남도 홍성군,,2025-02-07
청광2호태양광발전소,,충청남도 홍성군 구항면 청광리 55-7,36.56121199,126.6527358,,정상가동,99.0,380,60,2020,태양광,2020-08-21,충청남도 홍성군,,2025-02-07
우성태양광발전소,,"충청남도 홍성군 홍성읍 옥암리 504-2, 505-5, 505-6(건물위)",36.58797967,126.6424758,,정상가동,29.82,380,60,2021,태양광,2020-08-21,충청남도 홍성군,,2025-02-07
청광3호태양광발전소,,충청남도 홍성군 구항면 청광리 55-5,36.56110592,126.6522671,,정상가동,99.0,380,60,2020,태양광,2020-08-21,충청남도 홍성군,,2025-02-07
선영태양광발전소,,충청남도 홍성군 구항면 장양리 379-2(건물위),36.57727696,126.5891142,,정상가동,80.08,380,60,2021,태양광,2020-08-21,충청남도 홍성군,,2025-02-07
운곡태양광발전소,,충청남도 홍성군 갈산면 운곡리 523-6(건물위),36.61653875,126.5481214,,정상가동,31.5,380,60,2020,태양광,2020-08-21,충청남도 홍성군,,2025-02-07
대성2호태양광발전소,,"충청남도 홍성군 홍성읍 옥암리 504-1, 505-3(건물위)",36.58775288,126.6421852,,정상가동,29.97,380,60,2021,태양광,2020-07-30,충청남도 홍성군,,2025-02-07
대성1호태양광발전소,,충청남도 홍성군 홍성읍 옥암리 505(건물위),36.58756998,126.6418645,,정상가동,99.96,380,60,2021,태양광,2020-07-30,충청남도 홍성군,,2025-02-07
민영태양광발전소,,충청남도 홍성군 갈산면 동산리 67(건물위),36.60911525,126.5921137,,정상가동,193.44,380,60,2020,태양광,2020-07-20,충청남도 홍성군,,2025-02-07
최선종3호태양광발전소,,"충청남도 홍성군 갈산면 신안리 163-3(주3동, 건물위)",36.60939837,126.5869547,,정상가동,49.8,380,60,2020,태양광,2020-07-20,충청남도 홍성군,,2025-02-07
최선종2호태양광발전소,,"충청남도 홍성군 갈산면 신안리 163-3(주2동, 건물위)",36.60939837,126.5869547,,정상가동,99.6,380,60,2020,태양광,2020-07-20,충청남도 홍성군,,2025-02-07
최선종태양광발전소,,"충청남도 홍성군 갈산면 신안리 163-3(주1동, 건물위)",36.60939837,126.5869547,,정상가동,99.6,380,60,2020,태양광,2020-07-20,충청남도 홍성군,,2025-02-07
자구실3호태양광발전소,,"충청남도 홍성군 구항면 신곡리 70-4, 70-8(건물위)",36.54397469,126.6480514,,정상가동,98.28,380,60,2020,태양광,2020-07-14,충청남도 홍성군,,2025-02-07
이호12호태양광발전소,,충청남도 홍성군 서부면 이호리 733-1,36.58395867,126.4942881,,정상가동,99.63,380,60,2022,태양광,2020-07-03,충청남도 홍성군,,2025-02-07
이호11호태양광발전소,,충청남도 홍성군 서부면 이호리 729-1,36.5831297,126.4945415,,정상가동,99.63,380,60,2022,태양광,2020-07-03,충청남도 홍성군,,2025-02-07
일흥목장5호태양광발전소,,충청남도 홍성군 홍동면 구정리 449-1(건물위),36.56142726,126.6972879,,정상가동,29.25,380,60,2021,태양광,2020-07-03,충청남도 홍성군,,2025-02-07
주신에너지,,"충청남도 홍성군 홍동면 효학리 230-7, 230-8 (건물위)",36.54712129,126.7175619,,정상가동,252.56,380,60,2021,태양광,2020-06-18,충청남도 홍성군,,2025-02-07
황부자2태양광발전소,,충청남도 홍성군 결성면 형산리 302번지 (건물위),36.5758834229839,126.56681327742,,정상가동,99.63,380,60,2021,태양광,2020-06-17,충청남도 홍성군,,2025-02-07
예금솔라1호태양광발전소,,"충청남도 홍성군 금마면 월암리 560-1, 560-4 (건물위)",36.59055305,126.7546904,,정상가동,99.0,380,60,2020,태양광,2020-06-12,충청남도 홍성군,,2025-02-07
감투봉태양광발전소2호,,충청남도 홍성군 홍동면 대영리 527번지 1호 (건물위),,,,정상가동,79.8,380,60,2021,태양광,2020-06-02,충청남도 홍성군,,2025-02-07
지원태양광발전소,,충청남도 홍성군 구항면 장양리 379번지 2호 (건물위),36.5787002971851,126.587832263875,,정상가동,499.77,380,60,2021,태양광,2019-12-09,충청남도 홍성군,,2025-02-07
청운1호태양광발전소,,"충청남도 홍성군 광천읍 신진리 375, 367-4(건물위)",36.50726692,126.6228686,,정상가동,24.49,380,60,2020,태양광,2020-05-29,충청남도 홍성군,,2025-02-07
지정3호태양광발전소,,충청남도 홍성군 구항면 지정리 127-31,36.55557624,126.6373407,,정상가동,96.0,380,60,2020,태양광,2020-05-29,충청남도 홍성군,,2025-02-07
YG1호태양광발전소,,충청남도 홍성군 구항면 지정리 127-29,36.55585794,126.6372502,,정상가동,96.0,380,60,2020,태양광,2020-05-29,충청남도 홍성군,,2025-02-07
MS태양광발전소,,충청남도 홍성군 구항면 지정리 127-2,36.55607869,126.6370948,,정상가동,96.0,380,60,2020,태양광,2020-05-29,충청남도 홍성군,,2025-02-07
광원태양광발전소,,"충청남도 홍성군 홍북읍 내덕리 428-2, 428-3 (건물위)",36.62291307,126.6903395,,정상가동,99.6,380,60,2020,태양광,2020-05-18,충청남도 홍성군,,2025-02-07
황가네3호태양광발전소,,"충청남도 홍성군 광천읍 가정리 51-1, 51-2(건물위)",36.50287591,126.6430623,,정상가동,199.26,380,60,2021,태양광,2020-05-18,충청남도 홍성군,,2025-02-07
황가네2호태양광발전소,,충청남도 홍성군 광천읍 가정리 51번지 2호 (건물위),,,,정상가동,99.22,380,60,2021,태양광,2020-05-18,충청남도 홍성군,,2025-02-07
황가네1호태양광발전소,,충청남도 홍성군 광천읍 가정리 51번지 1호 (건물위),,,,정상가동,99.22,380,60,2021,태양광,2020-05-18,충청남도 홍성군,,2025-02-07
더조은발전소,,충청남도 홍성군 갈산면 기산리 463번지 (건물위),36.622297174591,126.520024024775,,정상가동,99.84,380,60,2020,태양광,2020-05-13,충청남도 홍성군,,2025-02-07
연돈태양광발전소,,충청남도 홍성군 광천읍 벽계리 511번지 1호,,,,정상가동,99.63,380,60,2020,태양광,2020-04-24,충청남도 홍성군,,2025-02-07
병철태양광발전소,,충청남도 홍성군 광천읍 상정리 327번지 9호 (건물위),,,,정상가동,82.17,380,60,2020,태양광,2020-03-31,충청남도 홍성군,,2025-02-07
병렬태양광발전소,,충청남도 홍성군 광천읍 상정리 327번지 9호 (건물위),,,,정상가동,91.3,380,60,2020,태양광,2020-03-31,충청남도 홍성군,,2025-02-07
병오태양광발전소,,충청남도 홍성군 광천읍 상정리 327번지 9호 (건물위),,,,정상가동,91.3,380,60,2020,태양광,2020-03-31,충청남도 홍성군,,2025-02-07
한울태양광,,충청남도 홍성군 구항면 장양리 606번지 1호 (건물위),,,,정상가동,14.53,220,60,2020,태양광,2020-03-27,충청남도 홍성군,,2025-02-07
명2호태양광발전소,,"충청남도 홍성군 홍동면 구정리 476, 470-3, 471, 475-3",36.56043587,126.6970602,,정상가동,99.6,380,60,2020,태양광,2020-03-17,충청남도 홍성군,,2025-02-07
홍동2호태양광발전소,,"충청남도 홍성군 홍동면 구정리 476, 470-3, 471, 475-2 (건물위)",36.56043587,126.6970602,,정상가동,99.6,380,60,2020,태양광,2020-03-17,충청남도 홍성군,,2025-02-07
홍동1호태양광발전소,,"충청남도 홍성군 홍동면 구정리 476, 470-3, 471, 475-2",36.56043587,126.6970602,,정상가동,99.6,380,60,2020,태양광,2020-03-17,충청남도 홍성군,,2025-02-07
양지태양광발전소,,충청남도 홍성군 홍성읍 월산리 831-4(건물위),36.59971121,126.6465462,,정상가동,21.17,380,60,2021,태양광,2020-02-25,충청남도 홍성군,,2025-02-07
청명태양광발전소,,충청남도 홍성군 홍북읍 중계리 556-65,36.62462547,126.6283092,,정상가동,97.09,380,60,2020,태양광,2020-02-18,충청남도 홍성군,,2025-02-07
신기태양광발전소,,"충청남도 홍성군 홍동면 신기리 612, 612-7(건물위)",36.57779557,126.7096095,,정상가동,91.26,380,60,2020,태양광,2020-02-11,충청남도 홍성군,,2025-02-07
충서로태양광발전소,,"충청남도 홍성군 광천읍 벽계리 249-11, 249-12(건물위)",36.52760457,126.6225722,,정상가동,349.6,380,60,2020,태양광,2020-01-30,충청남도 홍성군,,2025-02-07
가정길태양광발전소,,"충청남도 홍성군 광천읍 가정리 432, 432-2, 433, 622-1(건물위)",36.49691712,126.6436927,,정상가동,149.6,380,60,2020,태양광,2020-01-30,충청남도 홍성군,,2025-02-07
영혜태양광발전소,,충청남도 홍성군 금마면 신곡리 616(건물위),36.61357385,126.6983065,,정상가동,98.28,380,60,2020,태양광,2020-01-23,충청남도 홍성군,,2025-02-07
황부자1태양광발전소,,충청남도 홍성군 결성면 형산리 302번지 (건물위),36.5758834229839,126.56681327742,,정상가동,99.63,380,60,2021,태양광,2020-01-22,충청남도 홍성군,,2025-02-07
기영태양광발전소,,"충청남도 홍성군 홍동면 원천리 273, 274(건물위)",36.5406995,126.6627899,,정상가동,19.98,380,60,2020,태양광,2020-01-22,충청남도 홍성군,,2025-02-07
나눔태양광발전소,,충청남도 홍성군 홍북읍 갈산리 3-5(건물위),36.66742673,126.7257656,,정상가동,49.92,380,60,2021,태양광,2020-01-17,충청남도 홍성군,,2025-02-07
구구칠발전소,,"충청남도 홍성군 구항면 지정리 997, 998(건물위)",36.56022859,126.6205881,,정상가동,81.9,380,60,2020,태양광,2020-01-07,충청남도 홍성군,,2025-02-07
홍진태양광발전소,,충청남도 홍성군 금마면 신곡리 616(건물위),36.61357385,126.6983065,,정상가동,98.77,380,60,2020,태양광,2020-01-07,충청남도 홍성군,,2025-02-07
건우태양광발전소,,"충청남도 홍성군 갈산면 동성리 395, 395-1(건물위)",36.62488229,126.5231782,,정상가동,99.9,380,60,2020,태양광,2019-12-11,충청남도 홍성군,,2025-02-07
월산5호태양광발전소,,"충청남도 홍성군 홍성읍 월산리 553, 554, 555(건물위)",36.60171716,126.6388559,,정상가동,175.5,380,60,2020,태양광,2019-11-25,충청남도 홍성군,,2025-02-07
다부진태양광발전소,,충청남도 홍성군 구항면 지정리 1077(건물위),36.5612694,126.6233145,,정상가동,99.96,380,60,2020,태양광,2019-11-25,충청남도 홍성군,,2025-02-07
자구실2호태양광발전소,,"충청남도 홍성군 구항면 신곡리 70-4, 70-8(건물위)",36.54397469,126.6480514,,정상가동,98.0,380,60,2020,태양광,2019-11-13,충청남도 홍성군,,2025-02-07
자구실1호태양광발전소,,"충청남도 홍성군 구항면 신곡리 70-4, 70-8(건물위)",36.54397469,126.6480514,,정상가동,98.0,380,60,2020,태양광,2019-11-13,충청남도 홍성군,,2025-02-07
월현발전소,,"충청남도 홍성군 홍동면 월현리 404, 404-1, 산38-1, 산38-3",36.54630371,126.667721,,정상가동,300.0,380,60,2020,태양광,2018-08-03,충청남도 홍성군,,2025-02-07
이신태양광발전소,,"충청남도 홍성군 구항면 대정리 64-10, 64-19, 64-20(건물위)",36.5478724,126.6259043,,정상가동,299.7,380,60,2020,태양광,2019-11-05,충청남도 홍성군,,2025-02-07
대성태양광발전소,,충청남도 홍성군 홍동면 홍원리 1118-14(건물위),36.53022496,126.6781954,,정상가동,49.95,380,60,2021,태양광,2019-10-30,충청남도 홍성군,,2025-02-07
원천2호태양광발전소,,충청남도 홍성군 홍동면 원천리 208-10,36.54619156,126.6661652,,정상가동,98.4,380,60,2020,태양광,2019-10-30,충청남도 홍성군,,2025-02-07
원천1호태양광발전소,,충청남도 홍성군 홍동면 원천리 208-10,36.54619156,126.6661652,,정상가동,98.4,380,60,2020,태양광,2019-10-30,충청남도 홍성군,,2025-02-07
태봉2태양광발전소,,충청남도 홍성군 구항면 태봉리 220(건물위),36.57259107,126.5974152,,정상가동,29.24,380,60,2020,태양광,2019-10-25,충청남도 홍성군,,2025-02-07
마루태양광발전소,,"충청남도 홍성군 금마면 봉서리 642-10, 642-11(건물위)",36.60540141,126.7470968,,정상가동,31.08,380,60,2020,태양광,2019-10-25,충청남도 홍성군,,2025-02-07
가곡태양광발전소,,충청남도 홍성군 갈산면 가곡리 296-4(건물위),36.62176903,126.5778212,,정상가동,19.98,380,60,2020,태양광,2019-10-25,충청남도 홍성군,,2025-02-07
우진태양광발전소,,충청남도 홍성군 서부면 궁리 191번지 3호,36.5926235276033,126.478524464459,,정상가동,32.85,220,60,2022,태양광,2019-10-25,충청남도 홍성군,,2025-02-07
송강리2호태양광발전소,,충청남도 홍성군 금마면 송강리 23-9(건물위),36.63229059,126.7289995,,정상가동,98.77,380,60,2020,태양광,2019-10-21,충청남도 홍성군,,2025-02-07
송강리1호태양광발전소,,충청남도 홍성군 금마면 송강리 23-9(건물위),36.63229059,126.7289995,,정상가동,98.77,380,60,2020,태양광,2019-10-21,충청남도 홍성군,,2025-02-07
수민4호태양광,,"충청남도 홍성군 장곡면 지정리 845, 858(건물위)",36.52263148,126.6989976,,정상가동,99.6,380,60,2020,태양광,2019-10-14,충청남도 홍성군,,2025-02-07
수민3호태양광,,"충청남도 홍성군 장곡면 지정리 845, 858(건물위)",36.52263148,126.6989976,,정상가동,99.6,380,60,2020,태양광,2019-10-12,충청남도 홍성군,,2025-02-07
장말2호태양광,,충청남도 홍성군 은하면 장척리 501,36.49256369,126.6024889,,정상가동,99.45,380,60,2020,태양광,2019-10-14,충청남도 홍성군,,2025-02-07
산나태양광발전소,,충청남도 홍성군 결성면 금곡리 61-3(건물위),36.53756624,126.5564387,,정상가동,99.84,380,60,2020,태양광,2019-10-08,충청남도 홍성군,,2025-02-07
늘해랑태양광발전소,,충청남도 홍성군 결성면 금곡리 61-3(건물위),36.53756624,126.5564387,,정상가동,99.84,380,60,2020,태양광,2019-10-08,충청남도 홍성군,,2025-02-07
기은태양광발전소,,"충청남도 홍성군 광천읍 가정리 258-8, 258-14, 258-17, 259-4",36.50497159,126.6523752,,정상가동,99.2,380,60,2020,태양광,2019-09-30,충청남도 홍성군,,2025-02-07
홍성가정태양광발전소,,"충청남도 홍성군 광천읍 가정리 256-10, 258-9, 258-12, 259-3",36.50505218,126.652855,,정상가동,99.2,380,60,2020,태양광,2019-09-30,충청남도 홍성군,,2025-02-07
애플태양광발전소,,"충청남도 홍성군 광천읍 가정리 256-4, 256-5, 258-10, 258-11, 258-13, 258-20",36.50531607,126.6536047,,정상가동,99.2,380,60,2020,태양광,2019-09-30,충청남도 홍성군,,2025-02-07
안다7호태양광발전소,,"충청남도 홍성군 광천읍 가정리 258-6, 258-16, 258-19",36.50463517,126.653359,,정상가동,499.2,380,60,2020,태양광,2019-09-30,충청남도 홍성군,,2025-02-07
민속태양광발전소,,충청남도 홍성군 구항면 대정리 376번지 3호,,,,정상가동,99.6,380,60,2020,태양광,2019-09-25,충청남도 홍성군,,2025-02-07
대정태양광발전소,,충청남도 홍성군 구항면 대정리 276번지 3호,,,,정상가동,99.6,380,60,2020,태양광,2019-09-25,충청남도 홍성군,,2025-02-07
광일4호태양광발전소,,충청남도 홍성군 구항면 청광리 56번지 4호,,,,정상가동,98.28,380,60,2020,태양광,2019-09-02,충청남도 홍성군,,2025-02-07
영훈태양광발전소,,충청남도 홍성군 결성면 금곡리 69번지 2호,,,,정상가동,298.35,380,60,2020,태양광,2019-08-29,충청남도 홍성군,,2025-02-07
예금솔라,,"충청남도 홍성군 금마면 월암리 560번지 1호 ,560-4",36.5907517629037,126.753340949721,,정상가동,399.6,380,60,2020,태양광,2019-08-29,충청남도 홍성군,,2025-02-07
봉신태양광발전소,,충청남도 홍성군 홍북읍 봉신리 9-36(건물위),36.63189108,126.6773686,,정상가동,16.5,380,60,2019,태양광,2019-08-29,충청남도 홍성군,,2025-02-07
전재수태양광발전소,,"충청남도 홍성군 홍북읍 봉신리 291, 291-4 (건물위)",36.62400227,126.6631365,,정상가동,19.8,380,60,2022,태양광,2019-08-28,충청남도 홍성군,,2025-02-07
정현태양광발전소,,충청남도 홍성군 홍북읍 상하리 347(건물위),36.62642632,126.6520968,,정상가동,60.0,380,60,2020,태양광,2019-08-26,충청남도 홍성군,,2025-02-07
행정3호태양광발전소,,충청남도 홍성군 장곡면 행정리 339번지,36.5291715539443,126.740232240402,,정상가동,99.2,380,60,2020,태양광,2019-08-23,충청남도 홍성군,,2025-02-07
행정4호태양광발전소,,충청남도 홍성군 장곡면 행정리 339번지,36.5291715539443,126.740232240402,,정상가동,99.2,380,60,2020,태양광,2019-08-23,충청남도 홍성군,,2025-02-07
행정2호태양광발전소,,"충청남도 홍성군 장곡면 행정리 338번지 ,339",,,,정상가동,92.8,380,60,2020,태양광,2019-08-23,충청남도 홍성군,,2025-02-07
행정1호태양광발전소,,충청남도 홍성군 장곡면 행정리 338,36.52946586,126.7406223,,정상가동,99.2,380,60,2020,태양광,2019-08-22,충청남도 홍성군,,2025-02-07
황금태양광발전소,,"충청남도 홍성군 결성면 금곡리 93-6, 93-7(건물위)",36.52967777,126.559015,,정상가동,319.68,380,60,2020,태양광,2019-08-20,충청남도 홍성군,,2025-02-07
신풍솔라4호,,"충청남도 홍성군 장곡면 신풍리 754번지 ,755",,,,정상가동,99.9,380,60,2020,태양광,2019-08-22,충청남도 홍성군,,2025-02-07
나연6호 태양광발전소,,"충청남도 홍성군 장곡면 신풍리 754번지 ,755",,,,정상가동,99.9,380,60,2020,태양광,2019-08-21,충청남도 홍성군,,2025-02-07
정훈 서부 태양광발전소,,"충청남도 홍성군 장곡면 신풍리 754번지 , 755",,,,정상가동,99.9,380,60,2020,태양광,2019-08-21,충청남도 홍성군,,2025-02-07
신풍솔라1호,,"충청남도 홍성군 장곡면 신풍리 393번지 752, 754",,,,정상가동,99.9,380,60,2020,태양광,2019-08-21,충청남도 홍성군,,2025-02-07
신풍솔라5호,,"충청남도 홍성군 장곡면 신풍리 754번지 755, 756",,,,정상가동,199.8,380,60,2020,태양광,2019-08-21,충청남도 홍성군,,2025-02-07
대인태양광제2발전소,,충청남도 홍성군 홍북읍 대인리 454(건물위),36.63564606,126.7346027,,정상가동,92.13,380,60,2020,태양광,2019-08-20,충청남도 홍성군,,2025-02-07
이호태양광발전소6호,,충청남도 홍성군 광천읍 월림리 247-2,36.52082655,126.6414627,,정상가동,99.9,380,60,2020,태양광,2019-08-19,충청남도 홍성군,,2025-02-07
신화농장3호태양광,,"충청남도 홍성군 홍북읍 갈산리 118-16, 118-18(건물위)",36.66901713,126.7089066,,정상가동,96.73,380,60,2019,태양광,2019-08-19,충청남도 홍성군,,2025-02-07
솔라원태양광발전소,,충청남도 홍성군 광천읍 월림리 247-2,36.52082655,126.6414627,,정상가동,99.9,380,60,2020,태양광,2019-08-14,충청남도 홍성군,,2025-02-07
TK7호태양광발전소,,충청남도 홍성군 광천읍 월림리 247-2,36.52082655,126.6414627,,정상가동,99.9,380,60,2020,태양광,2019-08-14,충청남도 홍성군,,2025-02-07
하리태양광발전소,,충청남도 홍성군 광천읍 월림리 247-2,36.52082655,126.6414627,,정상가동,99.9,380,60,2020,태양광,2019-08-14,충청남도 홍성군,,2025-02-07
홍성1호 태양광발전소,,충청남도 홍성군 광천읍 월림리 247-2,36.52082655,126.6414627,,정상가동,99.9,380,60,2020,태양광,2019-08-14,충청남도 홍성군,,2025-02-07
우리태양광발전소,,충청남도 홍성군 광천읍 월림리 247-2,36.52082655,126.6414627,,정상가동,99.9,380,60,2020,태양광,2019-08-13,충청남도 홍성군,,2025-02-07
기주태양광발전소,,충청남도 홍성군 광천읍 월림리 247-2,36.52082655,126.6414627,,정상가동,99.9,380,60,2020,태양광,2019-08-14,충청남도 홍성군,,2025-02-07
에스텍1호태양광발전소,,"충청남도 홍성군 광천읍 월림리 247, 247-1, 247-2",36.52350564,126.6433261,,정상가동,99.9,380,60,2020,태양광,2019-08-16,충청남도 홍성군,,2025-02-07
승우태양광발전소,,"충청남도 홍성군 광천읍 월림리 247, 247-1, 247-2",36.52350564,126.6433261,,정상가동,99.9,380,60,2020,태양광,2019-08-16,충청남도 홍성군,,2025-02-07
하리2태양광발전소,,충청남도 홍성군 광천읍 월림리 247-2,36.52082655,126.6414627,,정상가동,99.9,380,60,2020,태양광,2019-08-14,충청남도 홍성군,,2025-02-07
종오태양광발전소,,충청남도 홍성군 광천읍 월림리 247-2,36.52082655,126.6414627,,정상가동,99.9,380,60,2020,태양광,2019-08-13,충청남도 홍성군,,2025-02-07
드림태양광발전소,,충청남도 홍성군 광천읍 월림리 247-3,36.52337842,126.6433248,,정상가동,99.9,380,60,2020,태양광,2019-08-14,충청남도 홍성군,,2025-02-07
증산태양광발전소,,충청남도 홍성군 광천읍 월림리 247-2,36.52082655,126.6414627,,정상가동,99.9,380,60,2020,태양광,2019-08-13,충청남도 홍성군,,2025-02-07
상월태양광발전소,,충청남도 홍성군 광천읍 월림리 247-2,36.52082655,126.6414627,,정상가동,99.9,380,60,2020,태양광,2019-08-14,충청남도 홍성군,,2025-02-07
하리1태양광발전소,,충청남도 홍성군 광천읍 월림리 247-2,36.52082655,126.6414627,,정상가동,99.9,380,60,2020,태양광,2019-08-14,충청남도 홍성군,,2025-02-07
수림태양광발전소,,충청남도 홍성군 광천읍 월림리 247-2,36.52082655,126.6414627,,정상가동,99.9,380,60,2020,태양광,2019-08-13,충청남도 홍성군,,2025-02-07
세기태양광발전소,,충청남도 홍성군 광천읍 월림리 247-2,36.52082655,126.6414627,,정상가동,99.9,380,60,2020,태양광,2019-08-13,충청남도 홍성군,,2025-02-07
원준태양광발전소,,"충청남도 홍성군 광천읍 월림리 247-1, 247-2",36.52381783,126.6431695,,정상가동,99.9,380,60,2020,태양광,2019-08-16,충청남도 홍성군,,2025-02-07
상진태양광발전소,,충청남도 홍성군 광천읍 월림리 247-2,36.52082655,126.6414627,,정상가동,99.9,380,60,2020,태양광,2019-08-13,충청남도 홍성군,,2025-02-07
세종태양광발전소,,"충청남도 홍성군 광천읍 월림리 247-1, 247-2",36.52381783,126.6431695,,정상가동,99.9,380,60,2020,태양광,2019-08-16,충청남도 홍성군,,2025-02-07
SUNNY태양광발전소,,충청남도 홍성군 광천읍 월림리 247-2,36.52082655,126.6414627,,정상가동,99.9,380,60,2020,태양광,2019-08-16,충청남도 홍성군,,2025-02-07
형선태양광발전소,,충청남도 홍성군 광천읍 월림리 247-2,36.52082655,126.6414627,,정상가동,99.9,380,60,2020,태양광,2019-08-16,충청남도 홍성군,,2025-02-07
은혜태양광발전소,,충청남도 홍성군 광천읍 월림리 247-2,36.52082655,126.6414627,,정상가동,99.9,380,60,2020,태양광,2019-08-14,충청남도 홍성군,,2025-02-07
민호태양광발전소,,충청남도 홍성군 광천읍 월림리 247-2,36.52082655,126.6414627,,정상가동,99.9,380,60,2020,태양광,2019-08-14,충청남도 홍성군,,2025-02-07
홍성미영 태양광,,충청남도 홍성군 홍동면 팔괘리 216-1,36.57502368,126.6904862,,정상가동,59.94,380,60,2020,태양광,2019-08-07,충청남도 홍성군,,2025-02-07
기산솔라5호,,충청남도 홍성군 갈산면 기산리 512,36.62964234,126.5131159,,정상가동,99.9,380,60,2020,태양광,2019-08-07,충청남도 홍성군,,2025-02-07
오암태양광발전소,,충청남도 홍성군 결성면 금곡리 74-12(건물위),36.53393186,126.5563087,,정상가동,99.84,380,60,2019,태양광,2019-08-06,충청남도 홍성군,,2025-02-07
신흥태양광발전소,,충청남도 홍성군 결성면 금곡리 98-1(건물위),36.52779182,126.5580824,,정상가동,99.84,380,60,2019,태양광,2019-08-06,충청남도 홍성군,,2025-02-07
두현태양광발전소,,충청남도 홍성군 결성면 금곡리 98-1(건물위),36.52779182,126.5580824,,정상가동,99.84,380,60,2019,태양광,2019-08-06,충청남도 홍성군,,2025-02-07
방축태양광발전소,,충청남도 홍성군 결성면 금곡리 98-1(건물위),36.52779182,126.5580824,,정상가동,99.84,380,60,2019,태양광,2019-08-06,충청남도 홍성군,,2025-02-07
신유태양광발전소,,충청남도 홍성군 결성면 금곡리 74-12(건물위),36.53393186,126.5563087,,정상가동,99.84,380,60,2019,태양광,2019-08-06,충청남도 홍성군,,2025-02-07
두영태양광발전소,,충청남도 홍성군 결성면 금곡리 74-12(건물위),36.53393186,126.5563087,,정상가동,99.84,380,60,2019,태양광,2019-08-06,충청남도 홍성군,,2025-02-07
혜동태양광발전소,,충청남도 홍성군 결성면 금곡리 72-2(건물위),36.53625134,126.5561199,,정상가동,99.84,380,60,2019,태양광,2019-08-06,충청남도 홍성군,,2025-02-07
유림태양광발전소,,충청남도 홍성군 결성면 금곡리 72-2(건물위),36.53625134,126.5561199,,정상가동,99.84,380,60,2019,태양광,2019-08-06,충청남도 홍성군,,2025-02-07
광성태양광발전소,,충청남도 홍성군 결성면 금곡리 72-2(건물위),36.53625134,126.5561199,,정상가동,99.84,380,60,2019,태양광,2019-08-06,충청남도 홍성군,,2025-02-07
진미태양광발전소,,충청남도 홍성군 결성면 금곡리 72-1(건물위),36.53630411,126.5557955,,정상가동,99.84,380,60,2019,태양광,2019-08-06,충청남도 홍성군,,2025-02-07
화창태양광발전소,,충청남도 홍성군 결성면 금곡리 72-1(건물위),36.53630411,126.5557955,,정상가동,99.84,380,60,2019,태양광,2019-08-06,충청남도 홍성군,,2025-02-07
명문태양광발전소,,충청남도 홍성군 결성면 금곡리 72-1(건물위),36.53630411,126.5557955,,정상가동,99.84,380,60,2019,태양광,2019-08-06,충청남도 홍성군,,2025-02-07
꼬꼬1호태양광발전소,,충청남도 홍성군 은하면 덕실리 224번지 2호 224-3(건물위),36.5092778428806,126.569295424939,,정상가동,98.55,380,60,2020,태양광,2019-07-31,충청남도 홍성군,,2025-02-07
꼬꼬2호태양광발전소,,충청남도 홍성군 은하면 덕실리 224번지 2호 224-3(건물위),36.5092778428806,126.569295424939,,정상가동,45.99,380,60,2020,태양광,2019-07-31,충청남도 홍성군,,2025-02-07
자연태양광발전소,,충청남도 홍성군 결성면 금곡리 76-17(건물위),36.53261223,126.5581546,,정상가동,284.16,380,60,2020,태양광,2019-07-25,충청남도 홍성군,,2025-02-07
원천바이오가스발전소,,"충청남도 홍성군 결성면 금곡리 102-3, 102-4",36.52659738,126.5615092,,정상가동,430.0,22900,60,2022,바이오가스,2019-07-11,충청남도 홍성군,,2025-02-07
유자태양광발전소,,"충청남도 홍성군 홍동면 팔괘리 214, 215",36.57546596,126.6897081,,정상가동,99.45,380,60,2020,태양광,2019-06-19,충청남도 홍성군,,2025-02-07
홍성팔괘태양광발전소,,"충청남도 홍성군 홍동면 팔괘리 214, 215",36.57546596,126.6897081,,정상가동,99.45,380,60,2020,태양광,2019-06-19,충청남도 홍성군,,2025-02-07
행복태양광발전소,,"충청남도 홍성군 결성면 성남리 347-1, 348(건물위)",36.51740508,126.5491409,,정상가동,17.55,220,60,2021,태양광,2019-06-17,충청남도 홍성군,,2025-02-07
순이2호태양광발전소,,"충청남도 홍성군 광천읍 운용리 621, 621-1",36.52370687,126.6669032,,정상가동,99.45,380,60,2020,태양광,2019-06-17,충청남도 홍성군,,2025-02-07
안다2호태양광발전소,,"충청남도 홍성군 광천읍 대평리 2, 3-1, 644, 644-1, 운용리 620-3",36.52378367,126.6659361,,정상가동,449.28,380,60,2020,태양광,2019-06-17,충청남도 홍성군,,2025-02-07
(유)대학에너지8호 태양광발전소,,"충청남도 홍성군 광천읍 운용리 302-1, 621-3, 621-5",36.52419839,126.6669848,,정상가동,99.45,380,60,2020,태양광,2019-06-17,충청남도 홍성군,,2025-02-07
오성태양광발전소,,"충청남도 홍성군 금마면 화양리 137-3, 137-8(건물위)",36.62961885,126.7224261,,정상가동,78.0,380,60,2019,태양광,2019-06-14,충청남도 홍성군,,2025-02-07
경인솔라,,"충청남도 홍성군 홍성읍 학계리 31, 32, 33, 37(건물위)",36.57537019,126.6725256,,정상가동,100.8,380,60,2020,태양광,2019-06-07,충청남도 홍성군,,2025-02-07
행복2호태양광발전소,,충청남도 홍성군 갈산면 동산리 67번지 3호,36.6090252291621,126.592113201343,,정상가동,99.9,380,60,2020,태양광,2019-06-03,충청남도 홍성군,,2025-02-07
대광2호태양광발전소,,충청남도 홍성군 갈산면 동산리 67번지 5호,36.6090252291621,126.592113201343,,정상가동,99.9,380,60,2020,태양광,2019-06-03,충청남도 홍성군,,2025-02-07
행복1호태양광발전소,,충청남도 홍성군 갈산면 동산리 67번지 2호,36.6090252291621,126.592113201343,,정상가동,99.9,380,60,2020,태양광,2019-06-03,충청남도 홍성군,,2025-02-07
대광1호태양광발전소,,충청남도 홍성군 갈산면 동산리 67번지 4호,36.6090252291621,126.592113201343,,정상가동,99.9,380,60,2020,태양광,2019-06-03,충청남도 홍성군,,2025-02-07
신화농장2호태양광,,"충청남도 홍성군 홍북읍 갈산리 118-16, 118-18(건물위)",36.66901713,126.7089066,,정상가동,99.36,380,60,2019,태양광,2019-05-30,충청남도 홍성군,,2025-02-07
신화농장1호태양광,,"충청남도 홍성군 홍북읍 갈산리 118-16, 118-18(건물위)",36.66901713,126.7089066,,정상가동,99.36,380,60,2019,태양광,2019-05-30,충청남도 홍성군,,2025-02-07
정오태양광발전소,,충청남도 홍성군 구항면 지정리 127-2,36.55607869,126.6370948,,정상가동,99.9,380,60,2020,태양광,2019-05-22,충청남도 홍성군,,2025-02-07
YS-지정태양광발전소,,충청남도 홍성군 구항면 지정리 129,,,,정상가동,99.9,380,60,2020,태양광,2019-05-22,충청남도 홍성군,,2025-02-07
이호태양광발전소5호,,"충청남도 홍성군 서부면 이호리 385, 386, 387(건물위)",36.58869671,126.511553,,정상가동,82.81,380,60,2021,태양광,2019-05-15,충청남도 홍성군,,2025-02-07
용봉1호태양광발전소,,"충청남도 홍성군 홍북읍 상하리 490-8, 490-9(건물위)",36.63454849,126.6517218,,정상가동,97.2,380,60,2020,태양광,2019-05-08,충청남도 홍성군,,2025-02-07
홍성축산업협동조합 태양광발전소,,충청남도 홍성군 광천읍 신진리 217-1(건물위),36.51861875,126.6217428,,정상가동,294.84,380,60,2019,태양광,2019-05-08,충청남도 홍성군,,2025-02-07
효학솔라3호태양광발전소,,충청남도 홍성군 홍동면 효학리 511-2,36.54343545,126.7203009,,정상가동,99.9,380,60,2020,태양광,2019-05-01,충청남도 홍성군,,2025-02-07
효학솔라2호태양광발전소,,충청남도 홍성군 홍동면 효학리 511-1,36.54356241,126.7201988,,정상가동,99.9,380,60,2020,태양광,2019-05-01,충청남도 홍성군,,2025-02-07
효학솔라1호태양광발전소,,충청남도 홍성군 홍동면 효학리 511,36.54377043,126.7202962,,정상가동,99.9,380,60,2020,태양광,2019-05-01,충청남도 홍성군,,2025-02-07
효학솔라4호태양광발전소,,충청남도 홍성군 홍동면 효학리 511-4,36.54329582,126.7202909,,정상가동,99.9,380,60,2020,태양광,2019-05-01,충청남도 홍성군,,2025-02-07
상호태양광발전소,,충청남도 홍성군 장곡면 지정리 778-8(건물위),36.52154167,126.7086299,,정상가동,168.48,380,60,2019,태양광,2019-04-08,충청남도 홍성군,,2025-02-07
청광리태양광발전소,,충청남도 홍성군 구항면 청광리 55-1,36.56136213,126.6519945,,정상가동,99.0,380,60,2021,태양광,2019-03-27,충청남도 홍성군,,2025-02-07
성수태양광발전소,,충청남도 홍성군 구항면 신곡리 93(건물위),36.54029109,126.6468704,,정상가동,98.55,380,60,2019,태양광,2019-03-09,충청남도 홍성군,,2025-02-07
오두12호태양광발전소,,충청남도 홍성군 갈산면 오두리 456번지 29호,36.5966607282848,126.521785557852,,정상가동,99.9,380,60,2020,태양광,2019-03-06,충청남도 홍성군,,2025-02-07
오두11호태양광발전소,,충청남도 홍성군 갈산면 오두리 456번지 28호,36.5966607282848,126.521785557852,,정상가동,99.9,380,60,2020,태양광,2019-03-06,충청남도 홍성군,,2025-02-07
오두10호태양광발전소,,충청남도 홍성군 갈산면 오두리 456번지 27호,36.5966607282848,126.521785557852,,정상가동,99.9,380,60,2020,태양광,2019-03-06,충청남도 홍성군,,2025-02-07
오두9호태양광발전소,,충청남도 홍성군 갈산면 오두리 456번지 26호,36.5966607282848,126.521785557852,,정상가동,99.9,380,60,2020,태양광,2019-03-06,충청남도 홍성군,,2025-02-07
오두8호태양광발전소,,"충청남도 홍성군 갈산면 오두리 456-23, 456-25",36.5952859,126.5207794,,정상가동,99.9,380,60,2020,태양광,2019-03-06,충청남도 홍성군,,2025-02-07
오두7호태양광발전소,,충청남도 홍성군 갈산면 오두리 456번지 22호,36.5966607282848,126.521785557852,,정상가동,99.9,380,60,2020,태양광,2019-03-06,충청남도 홍성군,,2025-02-07
오두6호태양광발전소,,충청남도 홍성군 갈산면 오두리 456번지 21호,36.5966607282848,126.521785557852,,정상가동,99.9,380,60,2020,태양광,2019-03-06,충청남도 홍성군,,2025-02-07
오두5호태양광발전소,,충청남도 홍성군 갈산면 오두리 456번지 20호,36.5966607282848,126.521785557852,,정상가동,99.9,380,60,2020,태양광,2019-03-06,충청남도 홍성군,,2025-02-07
오두4호태양광발전소,,충청남도 홍성군 갈산면 오두리 456번지 19호,36.5966607282848,126.521785557852,,정상가동,99.9,380,60,2020,태양광,2019-03-06,충청남도 홍성군,,2025-02-07
오두3호태양광발전소,,충청남도 홍성군 갈산면 오두리 456번지 18호,36.5966607282848,126.521785557852,,정상가동,99.9,380,60,2020,태양광,2019-03-06,충청남도 홍성군,,2025-02-07
오두2호태양광발전소,,충청남도 홍성군 갈산면 오두리 456-5,36.59622685,126.5202763,,정상가동,99.9,380,60,2020,태양광,2019-03-06,충청남도 홍성군,,2025-02-07
오두1호태양광발전소,,충청남도 홍성군 갈산면 오두리 456번지 30호,36.5966607282848,126.521785557852,,정상가동,99.9,380,60,2020,태양광,2019-03-06,충청남도 홍성군,,2025-02-07
동아3호태양광발전소,,충청남도 홍성군 홍동면 홍원리 998-6,36.53641526,126.6875458,,정상가동,99.9,380,60,2020,태양광,2019-03-04,충청남도 홍성군,,2025-02-07
동아2호태양광발전소,,충청남도 홍성군 홍동면 홍원리 998-5,36.53651408,126.6875056,,정상가동,99.9,380,60,2020,태양광,2019-03-04,충청남도 홍성군,,2025-02-07
동아1호태양광발전소,,충청남도 홍성군 홍동면 홍원리 998,36.53668132,126.6875067,,정상가동,99.9,380,60,2020,태양광,2019-03-04,충청남도 홍성군,,2025-02-07
동아4호태양광발전소,,충청남도 홍성군 홍동면 홍원리 998-7,36.53620022,126.6875554,,정상가동,99.9,380,60,2020,태양광,2019-03-04,충청남도 홍성군,,2025-02-07
결성양식장태양광발전소,,"충청남도 홍성군 결성면 교항리 878, 879-3, 880, 881(양식장부지위)",36.56337812,126.534679,,정상가동,200.34,380,60,2022,태양광,2019-02-27,충청남도 홍성군,,2025-02-07
하린태양광발전소,,"충청남도 홍성군 결성면 금곡리 535번지 , 534-1",,,,정상가동,199.68,380,60,2020,태양광,2019-01-31,충청남도 홍성군,,2025-02-07
파란태양광발전소,,충청남도 홍성군 구항면 신곡리 693번지 3호,,,,정상가동,98.55,380,60,2019,태양광,2019-01-11,충청남도 홍성군,,2025-02-07
산골태양광발전소,,충청남도 홍성군 구항면 신곡리 693번지 3호,,,,정상가동,98.55,380,60,2019,태양광,2019-01-11,충청남도 홍성군,,2025-02-07
하암태양광발전소,,"충청남도 홍성군 홍동면 수란리 338, 339-4(건물위)",36.57243298,126.7373633,,정상가동,199.8,380,60,2020,태양광,2019-01-10,충청남도 홍성군,,2025-02-07
명화태양광발전소,,충청남도 홍성군 금마면 죽림리 813(건물위),36.60920417,126.7190346,,정상가동,99.36,380,60,2020,태양광,2019-01-10,충청남도 홍성군,,2025-02-07
(주)우성알에스이 태양광발전소,,충청남도 홍성군 결성면 무량리 1번지,36.5468671484226,126.549624257062,,정상가동,429.04,380,60,2015,태양광,2015-06-12,충청남도 홍성군,,2025-02-07
수석 태양광발전소,충청남도 홍성군 갈산면 갈산서길475번길 75,,36.6386499080709,126.52389399803,,정상가동,299.7,380,60,2019,태양광,2018-12-18,충청남도 홍성군,,2025-02-07
영화태양광발전소,,"충청남도 홍성군 서부면 거차리 161번지 1호 , 161-2",,,,정상가동,52.02,380,60,2019,태양광,2018-12-10,충청남도 홍성군,,2025-02-07
홍성가야1호태양광발전소,,충청남도 홍성군 구항면 장양리 311번지 1호,,,,정상가동,198.56,380,60,2020,태양광,2018-12-10,충청남도 홍성군,,2025-02-07
해인태양광발전소,,충청남도 홍성군 갈산면 기산리 502번지,36.6265583791648,126.515002299565,,정상가동,97.2,380,60,2020,태양광,2018-12-07,충청남도 홍성군,,2025-02-07
일신태양광발전소,,충청남도 홍성군 갈산면 기산리 502번지,36.6265583791648,126.515002299565,,정상가동,97.2,380,60,2020,태양광,2018-12-07,충청남도 홍성군,,2025-02-07
금평태양광,,"충청남도 홍성군 홍동면 금평리 395-13, 395-21",36.55529222,126.7004128,,정상가동,98.33,380,60,2019,태양광,2018-11-29,충청남도 홍성군,,2025-02-07
경주태양광발전소,,"충청남도 홍성군 홍동면 홍원리 468, 1037-2 건물위",36.52336227,126.6819297,,정상가동,457.47,380,60,2019,태양광,2018-11-29,충청남도 홍성군,,2025-02-07
공리태양광발전소,충청남도 홍성군 구항면 내포로686번길 43-19,,36.5882643750196,126.592371761787,,정상가동,201.96,380,60,2019,태양광,2018-11-27,충청남도 홍성군,,2025-02-07
한산1호태양광,,"충청남도 홍성군 홍동면 팔괘리 215, 216-2",36.57524011,126.6897039,,정상가동,99.28,380,60,2020,태양광,2018-11-26,충청남도 홍성군,,2025-02-07
광명팔괘리태양광발전소,,"충청남도 홍성군 홍동면 팔괘리 215-3, 216-6",36.57528154,126.6901907,,정상가동,99.28,380,60,2020,태양광,2018-11-26,충청남도 홍성군,,2025-02-07
궁리2태양광발전소,충청남도 홍성군 서부면 천수만로 292,,36.5950330382832,126.471927641586,,정상가동,19.04,380,60,2019,태양광,2018-11-20,충청남도 홍성군,,2025-02-07
참빛태양광발전소,,"충청남도 홍성군 은하면 장척리 334-19, 336-5",36.49125487,126.6031417,,정상가동,245.68,380,60,2020,태양광,2018-11-20,충청남도 홍성군,,2025-02-07
오서태양광발전소,,"충청남도 홍성군 서부면 궁리 30-6, 30-7, 30-14, 30-15",36.59865101,126.4885858,,정상가동,498.23,380,60,2019,태양광,2018-11-20,충청남도 홍성군,,2025-02-07
고공태양광발전소,,"충청남도 홍성군 은하면 장척리 334-14, 336-1",36.49178704,126.6027843,,정상가동,172.64,380,60,2020,태양광,2018-11-19,충청남도 홍성군,,2025-02-07
대성태양광발전소,,"충청남도 홍성군 홍동면 구정리 485-1, 485-3(건물위)",36.56037593,126.6956015,,정상가동,214.83,380,60,2019,태양광,2018-11-19,충청남도 홍성군,,2025-02-07
엠제이2호태양광발전소,,충청남도 홍성군 구항면 장양리 311-8,36.57298706,126.5830832,,정상가동,99.28,380,60,2019,태양광,2018-11-13,충청남도 홍성군,,2025-02-07
금성태양광발전소,,충청남도 홍성군 구항면 장양리 311번지 3호,,,,정상가동,99.28,380,60,2020,태양광,2018-11-13,충청남도 홍성군,,2025-02-07
영수태양광발전소,충청남도 홍성군 갈산면 갈산서길 179-12,,36.6126544999332,126.525506985833,,정상가동,99.28,380,60,2020,태양광,2018-11-09,충청남도 홍성군,,2025-02-07
지산솔라태양광발전소,,"충청남도 홍성군 구항면 장양리 317, 317-1",36.57450127,126.5832705,,정상가동,99.28,380,60,2019,태양광,2018-11-05,충청남도 홍성군,,2025-02-07
햇빛제8발전소,,"충청남도 홍성군 구항면 장양리 311-2, 312-1",36.57342284,126.5834501,,정상가동,99.28,380,60,2019,태양광,2018-11-05,충청남도 홍성군,,2025-02-07
SU솔라태양광발전소,,충청남도 홍성군 구항면 장양리 312번지,36.5738763036872,126.583653854617,,정상가동,99.28,380,60,2019,태양광,2018-11-05,충청남도 홍성군,,2025-02-07
ER솔라태양광발전소,,충청남도 홍성군 구항면 장양리 314번지 2호,,,,정상가동,99.28,380,60,2020,태양광,2018-11-05,충청남도 홍성군,,2025-02-07
수성태양광발전소,,"충청남도 홍성군 구항면 장양리 314-1, 314-6",36.57445174,126.583665,,정상가동,99.28,380,60,2020,태양광,2018-11-05,충청남도 홍성군,,2025-02-07
승의솔라태양광발전소,,"충청남도 홍성군 구항면 장양리 314-3, 314-5, 318-1",36.57470907,126.5837500317,,정상가동,99.28,380,60,2020,태양광,2018-11-05,충청남도 홍성군,,2025-02-07
써니솔라태양광발전소,,충청남도 홍성군 구항면 장양리 318번지,36.5751353566648,126.583519169862,,정상가동,99.28,380,60,2020,태양광,2018-11-05,충청남도 홍성군,,2025-02-07
홍동솔라5호,,"충청남도 홍성군 홍동면 팔괘리 216-1, 217-1, 217-2",36.57502368,126.6904862,,정상가동,99.9,380,60,2019,태양광,2018-11-05,충청남도 홍성군,,2025-02-07
홍동솔라4호,,충청남도 홍성군 홍동면 팔괘리 216-1,36.57502368,126.6904862,,정상가동,99.9,380,60,2019,태양광,2018-11-05,충청남도 홍성군,,2025-02-07
홍동솔라3호,,"충청남도 홍성군 홍동면 팔괘리 206, 217-1, 217-2",36.5750794,126.6908346,,정상가동,99.9,380,60,2019,태양광,2018-11-05,충청남도 홍성군,,2025-02-07
홍동솔라2호,,"충청남도 홍성군 홍동면 팔괘리 206, 217-1",36.5750794,126.6908346,,정상가동,99.9,380,60,2019,태양광,2018-11-05,충청남도 홍성군,,2025-02-07
홍동솔라1호,,충청남도 홍성군 홍동면 팔괘리 206번지,36.57507943569,126.690833851533,,정상가동,199.8,380,60,2019,태양광,2018-11-05,충청남도 홍성군,,2025-02-07
장성태양광발전소,,충청남도 홍성군 금마면 장성리 370번지 7(건물위),36.6038232883343,126.689440120218,,정상가동,297.0,380,60,2019,태양광,2018-11-05,충청남도 홍성군,,2025-02-07
준우1호태양광,,충청남도 홍성군 갈산면 기산리 498번지 1,36.6261296432179,126.516182337531,,정상가동,99.2,380,60,2020,태양광,2018-10-30,충청남도 홍성군,,2025-02-07
홍성오봉태양광발전소,,충청남도 홍성군 구항면 오봉리 300번지,36.6012435190293,126.604723385791,,정상가동,97.2,380,60,2020,태양광,2018-10-29,충청남도 홍성군,,2025-02-07
고려발전소,,충청남도 홍성군 은하면 장척리 99번지 건물위,36.4903830739219,126.613789494454,,정상가동,17.28,380,60,2019,태양광,2018-10-29,충청남도 홍성군,,2025-02-07
썬플라워2호태양광발전소,,"충청남도 홍성군 홍동면 금평리 429, 430",36.55575966,126.6987889,,정상가동,98.33,380,60,2019,태양광,2018-10-24,충청남도 홍성군,,2025-02-07
진도태양광발전소,,충청남도 홍성군 갈산면 기산리 494번지 11호,36.6251281664416,126.517614346811,,정상가동,99.28,380,60,2020,태양광,2018-10-24,충청남도 홍성군,,2025-02-07
갈산1태양광발전소,,충청남도 홍성군 갈산면 기산리 494번지 10호,36.6251281664416,126.517614346811,,정상가동,99.28,380,60,2020,태양광,2018-10-24,충청남도 홍성군,,2025-02-07
극동2태양광발전소,,"충청남도 홍성군 갈산면 기산리 494번지 10호 , 494-11",36.6251281664416,126.517614346811,,정상가동,99.28,380,60,2020,태양광,2018-10-24,충청남도 홍성군,,2025-02-07
갈산2태양광발전소,,"충청남도 홍성군 갈산면 기산리 494번지 10호 , 494-11",36.6251281664416,126.517614346811,,정상가동,99.28,380,60,2020,태양광,2018-10-24,충청남도 홍성군,,2025-02-07
새암태양광발전소,충청남도 홍성군 구항면 구항서길 214,,36.5874208612233,126.584864153642,,정상가동,97.92,380,60,2019,태양광,2018-10-22,충청남도 홍성군,,2025-02-07
석순태양광발전소,,충청남도 홍성군 갈산면 동성리 395번지 5호,36.6248821112598,126.523177104301,,정상가동,97.2,380,60,2020,태양광,2018-10-18,충청남도 홍성군,,2025-02-07
영수2태양광발전소,,충청남도 홍성군 갈산면 기산리 254번지 42호,36.6213284781754,126.523711668284,,정상가동,97.2,380,60,2020,태양광,2018-10-18,충청남도 홍성군,,2025-02-07
기산태양광발전소,,충청남도 홍성군 갈산면 동성리 395번지 4호,36.6248821112598,126.523177104301,,정상가동,97.2,380,60,2020,태양광,2018-10-18,충청남도 홍성군,,2025-02-07
재혁2태양광발전소,,충청남도 홍성군 갈산면 기산리 477번지,36.6232953973349,126.517557348898,,정상가동,97.2,380,60,2020,태양광,2018-10-18,충청남도 홍성군,,2025-02-07
대평지성태양광,,충청남도 홍성군 광천읍 대평리 517(건물위),36.51728194,126.6545234,,정상가동,99.16,380,60,2022,태양광,2018-10-17,충청남도 홍성군,,2025-02-07
당골태양광발전소,,충청남도 홍성군 갈산면 와리 99번지,36.5887106185673,126.555296693942,,정상가동,98.55,380,60,2019,태양광,2018-10-15,충청남도 홍성군,,2025-02-07
실로암발전소,,"충청남도 홍성군 결성면 금곡리 805-1, 805-2, 222-3(건물위)",36.54123418,126.5540322,,정상가동,339.84,380,60,2020,태양광,2018-10-15,충청남도 홍성군,,2025-02-07
재혁태양광발전소,,충청남도 홍성군 갈산면 동성리 399번지,36.6256345486624,126.52245550906,,정상가동,97.2,380,60,2020,태양광,2018-10-10,충청남도 홍성군,,2025-02-07
영수태양광발전소,,충청남도 홍성군 갈산면 동성리 398번지,36.6253556877256,126.522577635351,,정상가동,69.84,380,60,2020,태양광,2018-10-10,충청남도 홍성군,,2025-02-07
이정2태양광발전소,,충청남도 홍성군 갈산면 동성리 397번지,36.6250606555384,126.522802043058,,정상가동,97.2,380,60,2020,태양광,2018-10-10,충청남도 홍성군,,2025-02-07
바다태양광발전소,충청남도 홍성군 서부면 서부로43번길 114,,36.5655172312497,126.473162618856,,정상가동,97.2,380,60,2020,태양광,2018-10-10,충청남도 홍성군,,2025-02-07
월산태양광발전소,충청남도 홍성군 홍성읍 백월로 31,,36.5925317563818,126.641330058647,,정상가동,61.44,380,60,2019,태양광,2018-10-04,충청남도 홍성군,,2025-02-07
덕정태양광발전소,충청남도 홍성군 금마면 광금북로 347-32,,36.6008806351826,126.730514075411,,정상가동,16.43,380,60,2019,태양광,2018-10-04,충청남도 홍성군,,2025-02-07
에이치엘쏠라태양광발전소,,"충청남도 홍성군 결성면 성곡리 339번지 , 344",,,,정상가동,398.16,380,60,2019,태양광,2018-09-28,충청남도 홍성군,,2025-02-07
길르앗푸드태양광발전소,,충청남도 홍성군 홍동면 화신리 479번지 4호,36.5258094940074,126.696230795673,,정상가동,97.2,380,60,2019,태양광,2018-09-20,충청남도 홍성군,,2025-02-07
황동선 태양광발전소,,"충청남도 홍성군 은하면 학산리 393-4 , 430-16",36.53693153,126.575348,,정상가동,97.28,380,60,2020,태양광,2018-09-20,충청남도 홍성군,,2025-02-07
광일1호태양광,,"충청남도 홍성군 구항면 청광리 59-1, 60-1, 61-2",,,,정상가동,98.28,380,60,2020,태양광,2018-09-21,충청남도 홍성군,,2025-02-07
우림제2태양광발전소,,충청남도 홍성군 금마면 신곡리 산 13번지 1호,,,,정상가동,379.2,380,60,2020,태양광,2018-09-20,충청남도 홍성군,,2025-02-07
우림제1태양광발전소,,"충청남도 홍성군 금마면 신곡리 산 13번지 1호 , 13-4",,,,정상가동,397.44,380,60,2020,태양광,2018-09-20,충청남도 홍성군,,2025-02-07
금마태양광발전소,,충청남도 홍성군 금마면 화양리 399번지 100호,36.6231245947975,126.713401552056,,정상가동,96.0,380,60,2019,태양광,2018-09-18,충청남도 홍성군,,2025-02-07
장양태양광발전소,,충청남도 홍성군 구항면 장양리 143번지,36.5800163412582,126.593903179528,,정상가동,99.72,380,60,2020,태양광,2018-09-18,충청남도 홍성군,,2025-02-07
한국태양광발전소,"충청남도 천안시 서북구 불당4로 106, A동 1605호 (불당동, 우방아이유쉘트윈팰리스아파트)",,36.8113824009788,127.112332733589,,정상가동,99.96,380,60,2021,태양광,2018-09-18,충청남도 홍성군,,2025-02-07
효자태양광발전소,충청남도 홍성군 홍동면 충절로 512-7,,36.5741379014707,126.716000284661,,정상가동,97.2,380,60,2019,태양광,2018-09-18,충청남도 홍성군,,2025-02-07
시온 태양광발전소,,충청남도 홍성군 구항면 지정리 127-17,36.55520911,126.6375403,,정상가동,99.9,380,60,2019,태양광,2018-09-07,충청남도 홍성군,,2025-02-07
기산솔라3호,,충청남도 홍성군 갈산면 기산리 513-4,36.62915115,126.5122503,,정상가동,99.9,380,60,2020,태양광,2018-09-04,충청남도 홍성군,,2025-02-07
기산솔라4호,,"충청남도 홍성군 갈산면 기산리 513, 513-12, 513-15, 513-16",36.62951638,126.512676,,정상가동,99.9,380,60,2020,태양광,2018-09-04,충청남도 홍성군,,2025-02-07
홍성햇빛 발전소,,충청남도 홍성군 구항면 지정리 127-11,36.55624869,126.636799,,정상가동,99.9,380,60,2019,태양광,2018-09-07,충청남도 홍성군,,2025-02-07
미래 태양광발전소,,충청남도 홍성군 구항면 지정리 127-15,36.55546574,126.6377419,,정상가동,99.9,380,60,2019,태양광,2018-09-07,충청남도 홍성군,,2025-02-07
비케이 태양광발전소,,충청남도 홍성군 구항면 지정리 127-10,36.556456,126.6368526,,정상가동,99.9,380,60,2019,태양광,2018-09-07,충청남도 홍성군,,2025-02-07
봉수산태양광발전소,충청남도 홍성군 금마면 봉수산로 846,,36.62601373031,126.737329318544,,정상가동,101.16,380,60,2019,태양광,2018-09-07,충청남도 홍성군,,2025-02-07
에이치에스3호 태양광발전소,,"충청남도 홍성군 구항면 지정리 127-18, 127-24",36.55512108,126.6375401,,정상가동,99.9,380,60,2019,태양광,2018-09-07,충청남도 홍성군,,2025-02-07
드림 태양광발전소,,충청남도 홍성군 구항면 지정리 127-6,36.55680577,126.6366511,,정상가동,99.9,380,60,2019,태양광,2018-09-07,충청남도 홍성군,,2025-02-07
지정2호 태양광발전소,,충청남도 홍성군 구항면 지정리 127-16,36.5552918,126.6375404,,정상가동,99.9,380,60,2019,태양광,2018-09-07,충청남도 홍성군,,2025-02-07
지정1호 태양광발전소,,충청남도 홍성군 구항면 지정리 127-23,36.55491895,126.6374047,,정상가동,99.9,380,60,2019,태양광,2018-09-07,충청남도 홍성군,,2025-02-07
성신 태양광발전소,,"충청남도 홍성군 구항면 지정리 127-8, 127-12, 127-14",36.5560427,126.6373947,,정상가동,99.9,380,60,2019,태양광,2018-09-07,충청남도 홍성군,,2025-02-07
기산솔라2호,,"충청남도 홍성군 갈산면 기산리 513-13, 513-14",36.62890425,126.5122643,,정상가동,249.75,380,60,2020,태양광,2018-09-04,충청남도 홍성군,,2025-02-07
월림2호태양광발전소,,"충청남도 홍성군 광천읍 월림리 762-22, 762-28",36.53332244,126.6557362,,정상가동,99.36,380,60,2019,태양광,2018-08-27,충청남도 홍성군,,2025-02-07
새롬6호태양광발전소,,"충청남도 홍성군 광천읍 월림리 514-3, 762-2, 762-11, 763-20, 763-27",36.53331089,126.6566373,,정상가동,298.08,380,60,2019,태양광,2018-08-27,충청남도 홍성군,,2025-02-07
해드림태양광발전소,,"충청남도 홍성군 광천읍 월림리 762-12, 763-21, 763-30",36.53342127,126.6564827,,정상가동,99.36,380,60,2019,태양광,2018-08-28,충청남도 홍성군,,2025-02-07
푸른태양광발전소,,"충청남도 홍성군 광천읍 월림리 763-17, 763-19, 763-28",36.53391665,126.6563711,,정상가동,99.36,380,60,2019,태양광,2018-08-28,충청남도 홍성군,,2025-02-07
경석태양광발전소,,충청남도 홍성군 광천읍 월림리 762-18,36.53310761,126.6556794,,정상가동,99.36,380,60,2019,태양광,2018-08-28,충청남도 홍성군,,2025-02-07
하늘태양광발전소,,"충청남도 홍성군 광천읍 월림리 763-12, 763-16",36.53408506,126.6566381,,정상가동,99.36,380,60,2019,태양광,2018-08-28,충청남도 홍성군,,2025-02-07
홍성월림태양광발전소,,"충청남도 홍성군 광천읍 월림리 762-19, 763-34",36.53307068,126.6559178,,정상가동,99.36,380,60,2019,태양광,2018-08-27,충청남도 홍성군,,2025-02-07
에스에스태양광발전소,,"충청남도 홍성군 광천읍 월림리 762-23, 762-27, 763-13, 763-24",36.53334313,126.6558667,,정상가동,99.36,380,60,2019,태양광,2018-08-27,충청남도 홍성군,,2025-02-07
혜성태양광발전소,,"충청남도 홍성군 광천읍 월림리 762-26, 763-9, 763-22",36.53363413,126.6558319,,정상가동,99.36,380,60,2019,태양광,2018-08-27,충청남도 홍성군,,2025-02-07
영만태양광발전소,,"충청남도 홍성군 광천읍 월림리 762-25, 763-23",36.53379431,126.655941,,정상가동,99.36,380,60,2019,태양광,2018-08-27,충청남도 홍성군,,2025-02-07
글로벌에프앤에이치 태양광발전소,,"충청남도 홍성군 광천읍 월림리 514-1, 762-13, 763-31",36.53319323,126.6563537,,정상가동,99.36,380,60,2019,태양광,2018-08-27,충청남도 홍성군,,2025-02-07
유한회사 가룡7호 태양광발전소,,"충청남도 홍성군 광천읍 월림리 762-3, 762-17, 762-21, 762-29, 762-34, 762-35",36.53333393,126.6553097,,정상가동,496.8,380,60,2019,태양광,2018-08-27,충청남도 홍성군,,2025-02-07
진경태양광발전소,,"충청남도 홍성군 광천읍 월림리 762-5, 763-2",36.53395847,126.6559418,,정상가동,99.36,380,60,2019,태양광,2018-08-28,충청남도 홍성군,,2025-02-07
감투봉태양광발전소,,충청남도 홍성군 홍동면 대영리 527-1(건물위),36.54361275,126.7333313,,정상가동,98.42,380,60,2020,태양광,2018-08-27,충청남도 홍성군,,2025-02-07
이호10호태양광발전소,,충청남도 홍성군 서부면 이호리 733-1,36.58395867,126.4942881,,정상가동,99.63,380,60,2020,태양광,2018-08-28,충청남도 홍성군,,2025-02-07
이호08호태양광발전소,,충청남도 홍성군 서부면 이호리 733-1,36.58395867,126.4942881,,정상가동,99.65,380,60,2020,태양광,2018-08-28,충청남도 홍성군,,2025-02-07
이호09호태양광발전소,,충청남도 홍성군 서부면 이호리 733-1,36.58395867,126.4942881,,정상가동,99.65,380,60,2020,태양광,2018-08-28,충청남도 홍성군,,2025-02-07
그린이호7호태양광발전소,,충청남도 홍성군 서부면 이호리 733-1,36.58395867,126.4942881,,정상가동,99.63,380,60,2020,태양광,2018-08-28,충청남도 홍성군,,2025-02-07
대정솔라,,"충청남도 홍성군 구항면 대정리 산 48-1, 183-1",,,,정상가동,486.0,380,60,2020,태양광,2018-08-27,충청남도 홍성군,,2025-02-07
소망 태양광발전소,,"충청남도 홍성군 서부면 중리 841, 842, 843, 844, 1037, 1038, 1039",36.56797589,126.5313533,,정상가동,99.0,380,60,2019,태양광,2018-08-28,충청남도 홍성군,,2025-02-07
보스태양광발전소,,"충청남도 홍성군 홍동면 원천리 208번지 4호 , 208-5",36.5450351165221,126.666859613992,,정상가동,486.0,380,60,2019,태양광,2018-08-23,충청남도 홍성군,,2025-02-07
대율 태양광발전소,,"충청남도 홍성군 은하면 대율리 181번지 1호 , 181-2, 182, 183, 245-2",,,,정상가동,410.4,380,60,2020,태양광,2018-08-22,충청남도 홍성군,,2025-02-07
양희네 태양광발전소,,충청남도 홍성군 광천읍 가정리 산 13번지 1호,,,,정상가동,97.92,380,60,2019,태양광,2018-08-21,충청남도 홍성군,,2025-02-07
이호태양광발전소,,충청남도 홍성군 서부면 이호리 490번지 2호,36.5749229204311,126.503324272884,,정상가동,99.28,380,60,2020,태양광,2018-08-21,충청남도 홍성군,,2025-02-07
천수만태양광발전소,,충청남도 홍성군 서부면 이호리 490번지 2호,36.5749229204311,126.503324272884,,정상가동,99.28,380,60,2020,태양광,2018-08-21,충청남도 홍성군,,2025-02-07
장척태양광발전소,,충청남도 홍성군 은하면 장척리 657번지 1호,,,,정상가동,99.28,380,60,2019,태양광,2018-08-07,충청남도 홍성군,,2025-02-07
월산제3호태양광발전소,"충청남도 홍성군 홍성읍 백월로 141, 건물위",,36.6021074053522,126.639379814211,,정상가동,48.6,380,60,2019,태양광,2018-07-26,충청남도 홍성군,,2025-02-07
태봉태양광발전소,,충청남도 홍성군 구항면 태봉리 220번지,36.5725904237018,126.597415494595,,정상가동,98.28,380,60,2019,태양광,2018-07-25,충청남도 홍성군,,2025-02-07
내포태양광발전소,,충청남도 홍성군 홍북읍 대인리 79번지 1호,,,,정상가동,158.78,380,60,2019,태양광,2018-07-25,충청남도 홍성군,,2025-02-07
홍성예닮태양광발전소,"충청남도 홍성군 홍성읍 월계2길 13-2, 홍성제일성결교회",,36.6008459527099,126.65123577362,,정상가동,49.28,380,60,2018,태양광,2018-07-25,충청남도 홍성군,,2025-02-07
대율제이씨태양광,,충청남도 홍성군 은하면 대율리 419(건물위),36.5587089,126.5859497,,정상가동,99.16,380,60,2021,태양광,2018-07-23,충청남도 홍성군,,2025-02-07
대율에스제이태양광,,충청남도 홍성군 은하면 대율리 419-3(건물위),36.55830004,126.5859202,,정상가동,99.16,380,60,2021,태양광,2018-07-23,충청남도 홍성군,,2025-02-07
홍성은하에너지,,충청남도 홍성군 은하면 대율리 419-2(건물위),36.55850419,126.5859322,,정상가동,99.16,380,60,2021,태양광,2018-07-23,충청남도 홍성군,,2025-02-07
하누리태양광발전소,,"충청남도 홍성군 결성면 무량리 109번지 3호 , 109-4",,,,정상가동,97.2,380,60,2019,태양광,2018-07-23,충청남도 홍성군,,2025-02-07
명준쏠라,,"충청남도 홍성군 은하면 대율리 458번지 1호 , 456-1, 456-2, 454, 453",,,,정상가동,99.45,380,60,2020,태양광,2018-07-13,충청남도 홍성군,,2025-02-07
민주쏠라,,"충청남도 홍성군 은하면 대율리 458번지 1호 456-1, 456-2",,,,정상가동,99.45,380,60,2020,태양광,2018-07-13,충청남도 홍성군,,2025-02-07
가인쏠라,,"충청남도 홍성군 은하면 대율리 452번지 , 454, 456-1, 456-2",,,,정상가동,99.45,380,60,2020,태양광,2018-07-13,충청남도 홍성군,,2025-02-07
성훈발전소,,"충청남도 홍성군 은하면 대율리 456번지 1호 , 454, 453, 452",,,,정상가동,99.45,380,60,2020,태양광,2018-07-13,충청남도 홍성군,,2025-02-07
남이태양광,,"충청남도 홍성군 은하면 대율리 458번지 1호 456-1, 456-2",,,,정상가동,99.45,380,60,2020,태양광,2018-07-13,충청남도 홍성군,,2025-02-07
은하나연태양광,,"충청남도 홍성군 은하면 대율리 458번지 1호 , 456-2",,,,정상가동,99.45,380,60,2020,태양광,2018-07-13,충청남도 홍성군,,2025-02-07
인숙태양광발전소,,충청남도 홍성군 갈산면 기산리 393번지,36.6140988946367,126.51985284383,,정상가동,97.92,380,60,2019,태양광,2018-07-09,충청남도 홍성군,,2025-02-07
호준태양광발전소,,충청남도 홍성군 갈산면 기산리 393번지,36.6140988946367,126.51985284383,,정상가동,97.92,380,60,2019,태양광,2018-07-09,충청남도 홍성군,,2025-02-07
원준태양광발전소,,충청남도 홍성군 갈산면 기산리 393번지,36.6140988946367,126.51985284383,,정상가동,97.92,380,60,2019,태양광,2018-07-09,충청남도 홍성군,,2025-02-07
창조 태양광발전소,,충청남도 홍성군 서부면 어사리 25번지 1호,,,,정상가동,99.65,380,60,2020,태양광,2018-07-16,충청남도 홍성군,,2025-02-07
신화태양광발전소,,"충청남도 홍성군 장곡면 화계리 372-1, 373",36.4836145,126.6848818,,정상가동,99.36,380,60,2020,태양광,2018-07-16,충청남도 홍성군,,2025-02-07
(주)지와이에너지,,충청남도 홍성군 장곡면 화계리 373-6,36.48279035,126.6851641,,정상가동,99.36,380,60,2020,태양광,2018-07-16,충청남도 홍성군,,2025-02-07
진영5호발전소,,충청남도 홍성군 장곡면 화계리 373-2,36.48313455,126.6854049,,정상가동,99.36,380,60,2020,태양광,2018-07-16,충청남도 홍성군,,2025-02-07
녹원3호발전소,,"충청남도 홍성군 장곡면 화계리 381번지 ,373",,,,정상가동,99.36,380,60,2020,태양광,2018-07-16,충청남도 홍성군,,2025-02-07
(주)엔에이치에너지,,충청남도 홍성군 장곡면 화계리 373-9,36.48305709,126.684625,,정상가동,99.36,380,60,2020,태양광,2018-07-16,충청남도 홍성군,,2025-02-07
진영6호발전소,,충청남도 홍성군 장곡면 화계리 373-8,36.48271259,126.684749,,정상가동,99.36,380,60,2020,태양광,2018-07-16,충청남도 홍성군,,2025-02-07
해모아태양광발전소,,충청남도 홍성군 장곡면 화계리 373-1,36.4832854,126.685330048,,정상가동,99.36,380,60,2020,태양광,2018-07-16,충청남도 홍성군,,2025-02-07
썬드림에너지,,충청남도 홍성군 장곡면 화계리 373-4,36.48288029,126.6855611,,정상가동,99.36,380,60,2020,태양광,2018-07-16,충청남도 홍성군,,2025-02-07
(주)케이엠솔라,,충청남도 홍성군 장곡면 화계리 373-3,36.48303992,126.6854067,,정상가동,99.36,380,60,2020,태양광,2018-07-16,충청남도 홍성군,,2025-02-07
순이태양광발전소,,충청남도 홍성군 광천읍 가정리 551번지 5호,36.5088822343542,126.647413981058,,정상가동,99.28,380,60,2019,태양광,2018-07-07,충청남도 홍성군,,2025-02-07
안다태양광발전소,,충청남도 홍성군 광천읍 가정리 551번지 6호,36.5088822343542,126.647413981058,,정상가동,99.28,380,60,2019,태양광,2018-07-09,충청남도 홍성군,,2025-02-07
어울림태양광발전소,,충청남도 홍성군 은하면 유송리 416번지 3호 416-13,,,,정상가동,99.0,380,60,2019,태양광,2018-06-26,충청남도 홍성군,,2025-02-07
WS태양광발전소,,"충청남도 홍성군 은하면 유송리 416번지 3호 , 416-13, 산35",,,,정상가동,99.0,380,60,2019,태양광,2018-06-26,충청남도 홍성군,,2025-02-07
채임태양광발전소,,충청남도 홍성군 홍북읍 중계리 556번지 10호,,,,정상가동,97.92,380,60,2019,태양광,2018-06-08,충청남도 홍성군,,2025-02-07
명태양광발전소,,충청남도 홍성군 홍북읍 중계리 556-61,36.6240933,126.6271698,,정상가동,97.92,380,60,2019,태양광,2018-06-08,충청남도 홍성군,,2025-02-07
미주태양광발전소,충청남도 홍성군 홍북읍 이응노로 89-47,,36.6263217421387,126.628269217288,,정상가동,97.92,380,60,2019,태양광,2018-06-07,충청남도 홍성군,,2025-02-07
하늘태양광발전소,,"충청남도 홍성군 은하면 학산리 283, 284, 284-8",36.54552486,126.5731421,,정상가동,99.28,380,60,2021,태양광,2018-06-05,충청남도 홍성군,,2025-02-07
유승태양광발전소,,충청남도 홍성군 갈산면 기산리 471번지 1호,36.6239607085306,126.519543834205,,정상가동,97.2,380,60,2019,태양광,2018-06-05,충청남도 홍성군,,2025-02-07
은하태양광발전소,,"충청남도 홍성군 은하면 학산리 283, 284, 284-8",36.54552486,126.5731421,,정상가동,99.28,380,60,2021,태양광,2018-06-05,충청남도 홍성군,,2025-02-07
수완발전소,,"충청남도 홍성군 홍북읍 상하리 349번지 1호 , 345-2(건물위)",,,,정상가동,48.96,380,60,2019,태양광,2018-06-05,충청남도 홍성군,,2025-02-07
금일태양광발전소,,충청남도 홍성군 광천읍 월림리 356번지 9호,,,,정상가동,99.45,380,60,2018,태양광,2018-06-05,충청남도 홍성군,,2025-02-07
서일태양광발전소,,충청남도 홍성군 광천읍 월림리 356번지 8호,,,,정상가동,99.45,380,60,2018,태양광,2018-06-05,충청남도 홍성군,,2025-02-07
곡천태양광발전소,,충청남도 홍성군 갈산면 동성리 326번지 10호 외 2필지,36.6288951110716,126.522748887559,,정상가동,14.4,380,60,2018,태양광,2018-06-05,충청남도 홍성군,,2025-02-07
더샵2태양광발전소,,충청남도 홍성군 서부면 어사리 83-25,36.57058411,126.5056235,,정상가동,97.92,380,60,2019,태양광,2018-05-03,충청남도 홍성군,,2025-02-07
홍성소피아태양광발전소,,충청남도 홍성군 서부면 어사리 83번지 17호,,,,정상가동,97.92,380,60,2019,태양광,2018-05-03,충청남도 홍성군,,2025-02-07
승지태양광발전소,,충청남도 홍성군 서부면 어사리 83번지 17호,,,,정상가동,97.92,380,60,2019,태양광,2018-05-03,충청남도 홍성군,,2025-02-07
더샵1태양광발전소,,충청남도 홍성군 서부면 어사리 83-24,36.57070656,126.5054196,,정상가동,97.92,380,60,2019,태양광,2018-05-03,충청남도 홍성군,,2025-02-07
어사태양광발전소,,충청남도 홍성군 서부면 어사리 83번지 17호,,,,정상가동,97.92,380,60,2019,태양광,2018-05-03,충청남도 홍성군,,2025-02-07
한빛태양광발전소,,충청남도 홍성군 서부면 어사리 83번지 17호,,,,정상가동,97.92,380,60,2019,태양광,2018-05-03,충청남도 홍성군,,2025-02-07
제이비태양광발전소,,충청남도 홍성군 서부면 어사리 83번지 17호,,,,정상가동,97.92,380,60,2019,태양광,2018-05-03,충청남도 홍성군,,2025-02-07
이비태양광발전소,,충청남도 홍성군 서부면 어사리 83번지 17호,,,,정상가동,97.92,380,60,2019,태양광,2018-05-03,충청남도 홍성군,,2025-02-07
평산태양광발전소,,충청남도 홍성군 서부면 어사리 83번지 17호,,,,정상가동,293.76,380,60,2019,태양광,2018-05-03,충청남도 홍성군,,2025-02-07
신한에너지(주),충청남도 홍성군 홍북읍 이응노로183번길 43,,36.6326263278194,126.635733910265,,정상가동,492.48,380,60,2019,태양광,2018-04-24,충청남도 홍성군,,2025-02-07
학계리1호태양광발전소,충청남도 홍성군 홍성읍 대학길 161,,36.5697083185717,126.662830817325,,정상가동,19.04,380,60,2019,태양광,2018-04-24,충청남도 홍성군,,2025-02-07
학계리2호태양광발전소,충청남도 홍성군 홍성읍 대학길 161,,36.5697083185717,126.662830817325,,정상가동,19.04,380,60,2019,태양광,2018-04-23,충청남도 홍성군,,2025-02-07
이창구태양광발전소,,충청남도 홍성군 서부면 광리 383번지 20호,36.5944002687094,126.497503880393,,정상가동,199.92,380,60,2019,태양광,2018-04-23,충청남도 홍성군,,2025-02-07
이한결태양광발전소,,"충청남도 홍성군 서부면 이호리 323번지 , 321-2",,,,정상가동,199.92,380,60,2019,태양광,2018-04-23,충청남도 홍성군,,2025-02-07
강현태양광발전소,충청남도 홍성군 서부면 서부로 593-47,,36.5850011457948,126.512692183939,,정상가동,97.92,380,60,2019,태양광,2018-04-24,충청남도 홍성군,,2025-02-07
죽림태양광발전소,충청남도 홍성군 금마면 충서로1955번길 9,,36.6134033569111,126.703839564766,,정상가동,50.4,380,60,2019,태양광,2018-04-19,충청남도 홍성군,,2025-02-07
야베스태양광발전소,,충청남도 홍성군 은하면 대율리 365번지 1호,,,,정상가동,95.76,380,60,2018,태양광,2018-04-11,충청남도 홍성군,,2025-02-07
경기대율태양광,,충청남도 홍성군 은하면 대율리 385번지 2호,,,,정상가동,99.45,380,60,2019,태양광,2018-04-11,충청남도 홍성군,,2025-02-07
우광태양광,,충청남도 홍성군 은하면 대율리 397(건물위),36.5627366,126.5833509,,정상가동,99.45,380,60,2020,태양광,2018-04-11,충청남도 홍성군,,2025-02-07
은하대율태양광,,충청남도 홍성군 은하면 대율리 397번지 4호,36.5626298514854,126.583412378595,,정상가동,99.45,380,60,2019,태양광,2018-04-11,충청남도 홍성군,,2025-02-07
보영4호태양광,,"충청남도 홍성군 은하면 대율리 385-2, 386(건물위)",36.56273366,126.5843936,,정상가동,99.45,380,60,2020,태양광,2018-04-11,충청남도 홍성군,,2025-02-07
스프링썬2태양광발전소,,충청남도 홍성군 결성면 무량리 302번지 6호,36.5481958448347,126.547946947565,,정상가동,398.82,380,60,2019,태양광,2018-04-11,충청남도 홍성군,,2025-02-07
MF발전소,,"충청남도 홍성군 홍동면 구정리 472번지 ,475, 470-1",,,,정상가동,153.0,380,60,2019,태양광,2018-04-09,충청남도 홍성군,,2025-02-07
명1호발전소,,"충청남도 홍성군 홍동면 구정리 475번지 , 472",,,,정상가동,142.8,380,60,2019,태양광,2018-04-09,충청남도 홍성군,,2025-02-07
썬앤문태양광,,충청남도 홍성군 결성면 무량리 42-4(건물위),36.54148613,126.5509802,,정상가동,99.0,380,60,2021,태양광,2018-04-02,충청남도 홍성군,,2025-02-07
홍성화봉태양광5호발전소,,"충청남도 홍성군 은하면 화봉리 산45-1, 110-3",36.51085448,126.6029801,,정상가동,495.72,380,60,2019,태양광,2018-04-02,충청남도 홍성군,,2025-02-07
홍성화봉태양광3호,,충청남도 홍성군 은하면 화봉리 산 45번지 1호,,,,정상가동,499.28,380,60,2019,태양광,2018-04-02,충청남도 홍성군,,2025-02-07
(주)엘빛태양광발전소,,충청남도 홍성군 갈산면 내갈리 528번지 2호,36.6094814646434,126.559625883702,,정상가동,499.8,380,60,2019,태양광,2018-03-26,충청남도 홍성군,,2025-02-07
조양8호태양광발전소,,"충청남도 홍성군 광천읍 가정리 263번지 , 264, 264-1, 15-2",,,,정상가동,497.61,22900,60,2015,태양광,2014-04-23,충청남도 홍성군,,2025-02-07
조양7호태양광발전소,,충청남도 홍성군 광천읍 가정리 264번지,36.5031402699425,126.652140761583,,정상가동,497.61,22900,60,2015,태양광,2014-08-11,충청남도 홍성군,,2025-02-07
한빛태양광,,충청남도 홍성군 광천읍 대평리 517-3(건물위),36.51714046,126.6544597,,정상가동,99.16,380,60,2022,태양광,2018-03-23,충청남도 홍성군,,2025-02-07
홍성화봉태양광2호발전소,,"충청남도 홍성군 은하면 화봉리 139-2, 143, 111",36.51175309,126.6024336,,정상가동,399.84,380,60,2019,태양광,2018-03-20,충청남도 홍성군,,2025-02-07
홍성화봉태양광1호발전소,충청남도 홍성군 은하면 홍남로231번길 46-86,,36.5108544772982,126.602980082482,,정상가동,399.84,380,60,2019,태양광,2018-03-20,충청남도 홍성군,,2025-02-07
장말1호태양광,,충청남도 홍성군 은하면 장척리 501번지,36.4925624382325,126.602489201644,,정상가동,99.16,380,60,2020,태양광,2018-03-19,충청남도 홍성군,,2025-02-07
원당2태양광발전소,,충청남도 홍성군 서부면 궁리 379번지 5호,36.5841483061072,126.469870392658,,정상가동,96.9,380,60,2020,태양광,2018-03-08,충청남도 홍성군,,2025-02-07
원당태양광발전소,충청남도 홍성군 서부면 서부서길 551-13,,36.5855998125087,126.468283257512,,정상가동,19.04,380,60,2020,태양광,2018-03-08,충청남도 홍성군,,2025-02-07
준우태양광발전소,충청남도 홍성군 갈산면 갈산서길249번길 102-38,,36.6240435027148,126.517531892768,,정상가동,79.22,380,60,2019,태양광,2018-03-07,충청남도 홍성군,,2025-02-07
건영태양광발전소,,충청남도 홍성군 구항면 장양리 326번지,36.5759906532504,126.58409410267,,정상가동,99.36,380,60,2018,태양광,2018-03-02,충청남도 홍성군,,2025-02-07
홍성구항태양광발전소,충청남도 홍성군 구항면 내포로686번길 43-47,,36.5886809918017,126.591509134718,,정상가동,368.64,380,60,2018,태양광,2015-03-18,충청남도 홍성군,,2025-02-07
압곡2태양광발전소,,충청남도 홍성군 갈산면 와리 163-2,36.58051995,126.5623228,,정상가동,97.92,380,60,2020,태양광,2018-02-13,충청남도 홍성군,,2025-02-07
학싼태양광발전소,,충청남도 홍성군 은하면 학산리 430번지 3호,,,,정상가동,99.4,380,60,2021,태양광,2018-02-09,충청남도 홍성군,,2025-02-07
홍성송해태양광발전소,,"충청남도 홍성군 은하면 학산리 430-1 , 430-5, 393-3",36.53717916,126.5744213,,정상가동,94.64,380,60,2020,태양광,2018-02-09,충청남도 홍성군,,2025-02-07
원투태양광발전소,,"충청남도 홍성군 결성면 성곡리 111번지 2호 ,341-1번지",,,,정상가동,97.2,380,60,2018,태양광,2018-02-07,충청남도 홍성군,,2025-02-07
은혜2태양광발전소,,"충청남도 홍성군 결성면 성남리 1086번지 1호 , 1092-1",36.5219636294399,126.534526358472,,정상가동,385.92,380,60,2019,태양광,2018-01-29,충청남도 홍성군,,2025-02-07
유나태양광발전소,충청남도 홍성군 홍북읍 이응노로 89-47,,36.6263217421387,126.628269217288,,정상가동,97.92,380,60,2019,태양광,2018-01-24,충청남도 홍성군,,2025-02-07
아이티태양광발전소,충청남도 홍성군 홍북읍 이응노로 89-47,,36.6263217421387,126.628269217288,,정상가동,97.92,380,60,2019,태양광,2018-01-24,충청남도 홍성군,,2025-02-07
세기태양광발전소,충청남도 홍성군 홍북읍 이응노로 89-47,,36.6263217421387,126.628269217288,,정상가동,97.92,380,60,2019,태양광,2018-01-24,충청남도 홍성군,,2025-02-07
구항태양광발전소,충청남도 홍성군 구항면 구성남로 724,,36.5711622512926,126.590890655027,,정상가동,368.64,380,60,2018,태양광,2018-01-16,충청남도 홍성군,,2025-02-07
월림해오름 태양광발전소,,충청남도 홍성군 광천읍 월림리 777번지 외 1필지,,,,정상가동,99.23,380,60,2019,태양광,2018-01-16,충청남도 홍성군,,2025-02-07
정희태양광발전소,충청남도 홍성군 금마면 홍양길 418-66,,36.5941144044484,126.724593449436,,정상가동,187.2,380,60,2019,태양광,2018-01-15,충청남도 홍성군,,2025-02-07
은혜태양광발전소,충청남도 홍성군 결성면 성남길 299,,36.5223737107765,126.534195429749,,정상가동,182.24,380,60,2019,태양광,2018-01-11,충청남도 홍성군,,2025-02-07
내포태양광발전소,,충청남도 홍성군 홍북읍 석택리 570번지 3호,36.6532355232824,126.699464179181,,정상가동,99.0,380,60,2015,태양광,2014-10-06,충청남도 홍성군,,2025-02-07
성남솔라태양광발전소,,충청남도 홍성군 결성면 성남리 1097번지 1098,,,,정상가동,192.96,380,60,2019,태양광,2017-12-18,충청남도 홍성군,,2025-02-07
내포태양광발전소,,"충청남도 홍성군 홍북읍 대동리 157번지 157-8, 157-13, 157-16, 157-18, 157-25, 157-26, 135-9, 157-27 135-14동",,,,정상가동,174.08,380,60,2018,태양광,2017-12-15,충청남도 홍성군,,2025-02-07
결성남태양광발전소,,충청남도 홍성군 결성면 성남리 757번지 758,,,,정상가동,99.2,380,60,2018,태양광,2017-11-30,충청남도 홍성군,,2025-02-07
대사2호태양광발전소,,"충청남도 홍성군 갈산면 대사리 77, 78-1, 78-2",36.64211991,126.5595818,,정상가동,49.0,380,60,2020,태양광,2017-11-24,충청남도 홍성군,,2025-02-07
대사1호태양광발전소,,충청남도 홍성군 갈산면 대사리 78번지 84번지,,,,정상가동,99.75,380,60,2018,태양광,2017-11-23,충청남도 홍성군,,2025-02-07
지니3태양광발전소,,충청남도 홍성군 갈산면 대사리 산 4번지 1호,,,,정상가동,99.2,380,60,2019,태양광,2017-11-20,충청남도 홍성군,,2025-02-07
지니4태양광발전소,,충청남도 홍성군 갈산면 대사리 산 4번지 1호,,,,정상가동,99.2,380,60,2019,태양광,2017-11-20,충청남도 홍성군,,2025-02-07
유진파워태양광발전소,,충청남도 홍성군 갈산면 대사리 산 4번지 1호,,,,정상가동,99.2,380,60,2019,태양광,2017-11-20,충청남도 홍성군,,2025-02-07
대사3태양광발전소,,충청남도 홍성군 갈산면 대사리 456번지 3호,36.6261009664706,126.546414896402,,정상가동,99.2,380,60,2019,태양광,2017-11-20,충청남도 홍성군,,2025-02-07
티원태양광발전소,,충청남도 홍성군 갈산면 대사리 산 4번지 1호,,,,정상가동,99.2,380,60,2019,태양광,2017-11-16,충청남도 홍성군,,2025-02-07
호반태양광발전소,,충청남도 홍성군 갈산면 대사리 산 4번지 1호,,,,정상가동,99.2,380,60,2019,태양광,2017-11-16,충청남도 홍성군,,2025-02-07
홍성태양광발전소,,충청남도 홍성군 갈산면 대사리 산 4번지 1호,,,,정상가동,99.2,380,60,2019,태양광,2017-11-14,충청남도 홍성군,,2025-02-07
행복태양광발전소,,충청남도 홍성군 갈산면 대사리 산 4번지 1호,,,,정상가동,99.2,380,60,2019,태양광,2017-11-14,충청남도 홍성군,,2025-02-07
대인태양광발전소,,충청남도 홍성군 홍북읍 대인리 454번지,36.6357167695538,126.734551256717,,정상가동,97.28,380,60,2018,태양광,2017-11-07,충청남도 홍성군,,2025-02-07
최기환태양광발전소,,"충청남도 홍성군 갈산면 와리 98번지 6호 98-12, 98-13",,,,정상가동,195.75,380,60,2020,태양광,2017-11-07,충청남도 홍성군,,2025-02-07
문례태양광발전소,,충청남도 홍성군 결성면 금곡리 298번지 2호,36.5368876231183,126.559885557977,,정상가동,97.92,380,60,2018,태양광,2017-11-01,충청남도 홍성군,,2025-02-07
대림2호태양광발전소,,"충청남도 홍성군 금마면 덕정리 601번지 599-4, 603",,,,정상가동,9.6,380,60,2018,태양광,2017-10-31,충청남도 홍성군,,2025-02-07
주식회사와야마을회,충청남도 홍성군 금마면 홍양길 311-11,,36.590410997882,126.713887303953,,정상가동,15.12,380,60,2018,태양광,2017-10-30,충청남도 홍성군,,2025-02-07
찬범태양광발전소,,충청남도 홍성군 구항면 오봉리 444번지 2호 448번지,,,,정상가동,96.48,380,60,2018,태양광,2017-10-10,충청남도 홍성군,,2025-02-07
행복1호 태양광발전소,,"충청남도 홍성군 갈산면 신안리 529-17, 529-18, 529-19",36.61562515,126.5721565,,정상가동,198.72,380,60,2018,태양광,2017-10-10,충청남도 홍성군,,2025-02-07
오성태양광발전소,,충청남도 홍성군 구항면 황곡리 510번지 2호 529-1번지(건물위),,,,정상가동,50.49,380,60,2018,태양광,2017-10-10,충청남도 홍성군,,2025-02-07
금곡1호태양광발전소,,충청남도 홍성군 결성면 금곡리 748번지 1호 (건물위),,,,정상가동,99.2,380,60,2018,태양광,2017-09-21,충청남도 홍성군,,2025-02-07
월림규만태양광발전소,,충청남도 홍성군 광천읍 월림리 777번지 2호,36.5378489247627,126.659776599879,,정상가동,99.96,380,60,2019,태양광,2017-09-18,충청남도 홍성군,,2025-02-07
새빛3호태양광발전소,,충청남도 홍성군 금마면 인산리 산 10번지 1호,,,,정상가동,99.36,380,60,2020,태양광,2017-09-18,충청남도 홍성군,,2025-02-07
새빛2호태양광발전소,,충청남도 홍성군 금마면 인산리 산 10번지 1호,,,,정상가동,99.36,380,60,2020,태양광,2017-09-18,충청남도 홍성군,,2025-02-07
목련발전소,,충청남도 홍성군 은하면 학산리 430-19,36.53646469,126.5750761,,정상가동,97.28,380,60,2020,태양광,2017-08-30,충청남도 홍성군,,2025-02-07
수암발전소,,"충청남도 홍성군 은하면 학산리 393-6 , 430-18",36.53666022,126.575293,,정상가동,97.28,380,60,2020,태양광,2017-08-30,충청남도 홍성군,,2025-02-07
정원 태양광발전소,,충청남도 홍성군 금마면 신곡리 231번지 1호,,,,정상가동,396.8,380,60,2018,태양광,2017-06-28,충청남도 홍성군,,2025-02-07
스프링썬 태양광발전소,,충청남도 홍성군 결성면 무량리 산 19번지 1호,,,,정상가동,399.36,380,60,2018,태양광,2017-06-28,충청남도 홍성군,,2025-02-07
에치알발전소,,충청남도 홍성군 은하면 학산리 393-7,36.53664707,126.5756043,,정상가동,99.2,380,60,2020,태양광,2017-06-16,충청남도 홍성군,,2025-02-07
전경순태양광발전소,,충청남도 홍성군 은하면 학산리 430-15,36.53683171,126.5745614,,정상가동,99.2,380,60,2020,태양광,2017-06-16,충청남도 홍성군,,2025-02-07
심경희 태양광발전소,,충청남도 홍성군 은하면 학산리 430-12,36.53642505,126.5738415,,정상가동,97.28,380,60,2020,태양광,2017-06-16,충청남도 홍성군,,2025-02-07
은하발전소,,"충청남도 홍성군 은하면 학산리 430-4 , 430-13",36.53641719,126.5743634,,정상가동,97.28,380,60,2020,태양광,2017-06-16,충청남도 홍성군,,2025-02-07
윤미용 태양광발전소,,"충청남도 홍성군 은하면 학산리 430-6 , 430-8, 430-29",36.53615467,126.5737297,,정상가동,97.28,380,60,2020,태양광,2017-06-16,충청남도 홍성군,,2025-02-07
맑은빛태양광발전소,,"충청남도 홍성군 은하면 학산리 430-20 , 430-27",36.53625866,126.5747968,,정상가동,97.28,380,60,2020,태양광,2017-06-16,충청남도 홍성군,,2025-02-07
햇님태양광발전소,,충청남도 홍성군 은하면 학산리 430번지 2호 430-4,,,,정상가동,97.28,380,60,2021,태양광,2017-06-16,충청남도 홍성군,,2025-02-07
윤빛발전소,,충청남도 홍성군 은하면 학산리 430-17,36.53671295,126.5746463,,정상가동,97.28,380,60,2020,태양광,2017-06-16,충청남도 홍성군,,2025-02-07
태전1호태양광발전소,,충청남도 홍성군 은하면 학산리 430-14,36.53663835,126.5742569,,정상가동,97.28,380,60,2021,태양광,2017-06-16,충청남도 홍성군,,2025-02-07
션태양광발전소,,"충청남도 홍성군 은하면 학산리 430-9 , 430-28",36.53627258,126.573948,,정상가동,97.28,380,60,2020,태양광,2017-06-16,충청남도 홍성군,,2025-02-07
상송 태양광발전소,,충청남도 홍성군 장곡면 상송리 산 117번지 1호,,,,정상가동,476.0,22900,60,2022,태양광,2017-05-23,충청남도 홍성군,,2025-02-07
태봉 태양광발전소,,"충청남도 홍성군 홍동면 수란리 263번지 9호 (4동, 5동)",36.5757487535111,126.740329931984,,정상가동,350.0,380,60,2018,태양광,2017-04-06,충청남도 홍성군,,2025-02-07
압곡 태양광발전소,,충청남도 홍성군 갈산면 와리 169번지 4호,36.5812045922887,126.563340241373,,정상가동,96.39,380,60,2018,태양광,2017-05-22,충청남도 홍성군,,2025-02-07
기산2 태양광발전소,,"충청남도 홍성군 갈산면 기산리 324번지 11호 , 324",36.6146647629731,126.521836821686,,정상가동,97.92,380,60,2017,태양광,2017-05-22,충청남도 홍성군,,2025-02-07
믿음 태양광발전소,,충청남도 홍성군 서부면 중리 841번지 외 6필지(건물위),,,,정상가동,99.0,380,60,2017,태양광,2017-05-22,충청남도 홍성군,,2025-02-07
신서울 태양광발전소,,충청남도 홍성군 홍동면 홍원리 1035번지 4호,36.5254423449318,126.683232099201,,정상가동,99.23,380,60,2019,태양광,2017-05-01,충청남도 홍성군,,2025-02-07
금당 태양광발전소,,충청남도 홍성군 홍동면 금당리 576번지 1호,,,,정상가동,99.2,380,60,2019,태양광,2017-05-01,충청남도 홍성군,,2025-02-07
보림 태양광발전소,충청남도 홍성군 결성면 홍남서로843번길 230-13,,36.539330662213,126.561117879819,,정상가동,496.4,380,60,2017,태양광,2017-03-31,충청남도 홍성군,,2025-02-07
정성 태양광발전소,충청남도 홍성군 결성면 홍남서로843번길 230-13,,36.539330662213,126.561117879819,,정상가동,496.4,380,60,2017,태양광,2017-03-31,충청남도 홍성군,,2025-02-07
금곡리 무진1호 태양광발전소,,충청남도 홍성군 결성면 금곡리 735번지,36.5359512501702,126.551877616567,,정상가동,99.0,380,60,2018,태양광,2017-03-31,충청남도 홍성군,,2025-02-07
금곡리 MJ1호 태양광발전소,,충청남도 홍성군 결성면 금곡리 735번지,36.5359512501702,126.551877616567,,정상가동,99.0,380,60,2018,태양광,2017-03-31,충청남도 홍성군,,2025-02-07
승리 태양광발전소,충청남도 홍성군 결성면 홍남서로843번길 230-13,,36.539330662213,126.561117879819,,정상가동,496.4,380,60,2017,태양광,2017-03-31,충청남도 홍성군,,2025-02-07
금곡 태양광발전소,충청남도 홍성군 결성면 홍남서로843번길 230-13,,36.539330662213,126.561117879819,,정상가동,496.4,380,60,2017,태양광,2017-03-31,충청남도 홍성군,,2025-02-07
용석 태양광발전소,,충청남도 홍성군 광천읍 벽계리 511번지 1호,,,,정상가동,99.63,380,60,2020,태양광,2017-03-31,충청남도 홍성군,,2025-02-07
상원 태양광발전소,,충청남도 홍성군 홍동면 홍원리 137번지 5호,36.536154374019,126.683527777949,,정상가동,90.72,380,60,2017,태양광,2017-03-31,충청남도 홍성군,,2025-02-07
궁리 태양광발전소,,"충청남도 홍성군 서부면 궁리 319번지 2호 , 319-3",36.5949519496795,126.471950991842,,정상가동,84.48,380,60,2018,태양광,2017-03-28,충청남도 홍성군,,2025-02-07
대흥 태양광발전소,,"충청남도 홍성군 서부면 중리 398번지 , 외 12필지",,,,정상가동,295.47,380,60,2017,태양광,2017-03-28,충청남도 홍성군,,2025-02-07
다솜 태양광발전소,,"충청남도 홍성군 결성면 교항리 1095번지 2호 ,외 1필지",,,,정상가동,397.98,380,60,2018,태양광,2017-03-28,충청남도 홍성군,,2025-02-07
기력 태양광발전소,,충청남도 홍성군 서부면 중리 276번지 13호,36.5765736091044,126.52140713196,,정상가동,72.36,380,60,2017,태양광,2017-03-28,충청남도 홍성군,,2025-02-07
사랑 태양광발전소,,"충청남도 홍성군 서부면 중리 841번지 ,외 6필지",,,,정상가동,99.0,380,60,2017,태양광,2017-03-28,충청남도 홍성군,,2025-02-07
신풍2호 태양광발전소,,충청남도 홍성군 장곡면 신풍리 189번지 2호,36.4922774923048,126.696619825863,,정상가동,394.06,380,60,2020,태양광,2017-03-27,충청남도 홍성군,,2025-02-07
신풍1호 태양광발전소,충청남도 홍성군 장곡면 장곡길 604-45,,36.4923168243332,126.69674255149,,정상가동,497.72,380,60,2020,태양광,2017-03-27,충청남도 홍성군,,2025-02-07
건우에스디(주) 태양광발전소,,"충청남도 홍성군 장곡면 신풍리 산 8번지 5호 , 191-8",,,,정상가동,497.42,380,60,2020,태양광,2017-03-27,충청남도 홍성군,,2025-02-07
일흥목장 4호 태양광발전소,,"충청남도 홍성군 홍동면 구정리 470번지 ,431-1,431-2,469,429",,,,정상가동,297.0,380,60,2017,태양광,2017-02-27,충청남도 홍성군,,2025-02-07
이호03호 태양광발전소,,충청남도 홍성군 서부면 이호리 산 64번지,,,,정상가동,99.28,380,60,2018,태양광,2017-02-23,충청남도 홍성군,,2025-02-07
이호02호 태양광발전소,,충청남도 홍성군 서부면 이호리 산 64번지,,,,정상가동,99.28,380,60,2018,태양광,2017-02-23,충청남도 홍성군,,2025-02-07
이호04호 태양광발전소,,충청남도 홍성군 서부면 이호리 산 64번지,,,,정상가동,99.28,380,60,2018,태양광,2017-02-23,충청남도 홍성군,,2025-02-07
수란 태양광발전소,,충청남도 홍성군 홍동면 수란리 263번지 8호,36.5757487535111,126.740329931984,,정상가동,297.6,380,60,2018,태양광,2017-02-15,충청남도 홍성군,,2025-02-07
정수 태양광발전소,,충청남도 홍성군 서부면 이호리 370번지,36.5884547085541,126.514205728264,,정상가동,99.23,380,60,2018,태양광,2017-02-15,충청남도 홍성군,,2025-02-07
이호 태양광발전소 4호,,충청남도 홍성군 서부면 이호리 384번지,36.5881916731686,126.511891149052,,정상가동,99.0,380,60,2021,태양광,2017-02-15,충청남도 홍성군,,2025-02-07
제이앤비에너지,,충청남도 홍성군 서부면 이호리 산 64번지,,,,정상가동,499.8,380,60,2018,태양광,2017-02-15,충청남도 홍성군,,2025-02-07
썬파워홍성 태양광발전소,,충청남도 홍성군 결성면 무량리 42번지 3호,,,,정상가동,99.0,380,60,2017,태양광,2017-02-15,충청남도 홍성군,,2025-02-07
엑스파워홍성 태양광발전소,,충청남도 홍성군 결성면 무량리 42번지 2호,,,,정상가동,99.0,380,60,2017,태양광,2017-02-15,충청남도 홍성군,,2025-02-07
무량루체 태양광발전소,,"충청남도 홍성군 결성면 무량리 42번지 1호 , 43, 44",,,,정상가동,99.0,380,60,2017,태양광,2017-02-15,충청남도 홍성군,,2025-02-07
쏠라파워홍성 태양광발전소,,"충청남도 홍성군 결성면 무량리 43번지 1호 ,44-1",36.542084373554,126.551237376682,,정상가동,99.0,380,60,2017,태양광,2017-02-15,충청남도 홍성군,,2025-02-07
이호05호 태양광발전소,,충청남도 홍성군 서부면 이호리 739-12,36.58364545,126.4934491,,정상가동,99.28,380,60,2018,태양광,2017-02-15,충청남도 홍성군,,2025-02-07
이호06호 태양광발전소,,충청남도 홍성군 서부면 이호리 산 64번지,,,,정상가동,99.28,380,60,2018,태양광,2017-02-15,충청남도 홍성군,,2025-02-07
홍성에그원 태양광발전소,,"충청남도 홍성군 광천읍 월림리 322번지 1호 , 산116",,,,정상가동,495.8,380,60,2017,태양광,2017-02-10,충청남도 홍성군,,2025-02-07
하은 태양광발전소,,충청남도 홍성군 결성면 성남리 1090번지,36.5224826094451,126.533191495178,,정상가동,498.48,380,60,2018,태양광,2017-01-03,충청남도 홍성군,,2025-02-07
은하 태양광 발전소,,충청남도 홍성군 은하면 학산리 868번지 1호,36.5462768063126,126.569832725286,,정상가동,99.5,380,60,2018,태양광,2017-01-03,충청남도 홍성군,,2025-02-07
동경에너지2 태양광발전소,,충청남도 홍성군 결성면 형산리 522번지 24호,,,,정상가동,99.0,380,60,2017,태양광,2016-12-30,충청남도 홍성군,,2025-02-07
동경에너지1 태양광발전소,,충청남도 홍성군 결성면 형산리 522번지 23호,,,,정상가동,99.0,380,60,2017,태양광,2016-12-30,충청남도 홍성군,,2025-02-07
보령에너지 태양광발전소,,충청남도 홍성군 결성면 형산리 522번지 22호,,,,정상가동,99.0,380,60,2017,태양광,2016-12-30,충청남도 홍성군,,2025-02-07
제이에너지 태양광발전소,,충청남도 홍성군 결성면 형산리 522번지 21호,,,,정상가동,99.0,380,60,2017,태양광,2016-12-30,충청남도 홍성군,,2025-02-07
비알에너지 태양광발전소,,충청남도 홍성군 결성면 형산리 522번지 20호,,,,정상가동,99.0,380,60,2017,태양광,2016-12-30,충청남도 홍성군,,2025-02-07
천방에너지 태양광발전소,,충청남도 홍성군 결성면 형산리 522번지 8호,,,,정상가동,99.0,380,60,2017,태양광,2016-12-30,충청남도 홍성군,,2025-02-07
에이스에너지 태양광발전소,,충청남도 홍성군 결성면 형산리 522번지 27호,,,,정상가동,99.0,380,60,2017,태양광,2016-12-30,충청남도 홍성군,,2025-02-07
성원에너지 태양광발전소,,충청남도 홍성군 결성면 형산리 522번지 26호,,,,정상가동,99.0,380,60,2017,태양광,2016-12-30,충청남도 홍성군,,2025-02-07
빛101 태양광발전소,,충청남도 홍성군 결성면 성남리 143번지 36호,36.5109680575821,126.550253637728,,정상가동,99.0,380,60,2018,태양광,2016-12-30,충청남도 홍성군,,2025-02-07
이호 태양광발전소 3호,,충청남도 홍성군 서부면 이호리 394번지 3호,36.5889808196731,126.512182751097,,정상가동,99.0,380,60,2018,태양광,2016-12-20,충청남도 홍성군,,2025-02-07
하촌 태양광발전소,,"충청남도 홍성군 서부면 이호리 396번지 ,397",,,,정상가동,255.0,380,60,2018,태양광,2016-12-20,충청남도 홍성군,,2025-02-07
대림 태양광발전소,,"충청남도 홍성군 금마면 덕정리 601번지 ,599-4,603",,,,정상가동,70.0,380,60,2017,태양광,2016-12-09,충청남도 홍성군,,2025-02-07
하랑태양광발전소,,"충청남도 홍성군 은하면 학산리 282, 286, 288",36.545204,126.5734296,,정상가동,99.23,380,60,2021,태양광,2016-10-07,충청남도 홍성군,,2025-02-07
대박태양광발전소,,"충청남도 홍성군 은하면 학산리 282, 283",36.545204,126.5734296,,정상가동,99.23,380,60,2021,태양광,2016-10-07,충청남도 홍성군,,2025-02-07
다솜태양광발전소,,"충청남도 홍성군 은하면 학산리 282, 288",36.545204,126.5734296,,정상가동,99.23,380,60,2021,태양광,2016-10-07,충청남도 홍성군,,2025-02-07
유한회사 계미태양광발전소,,"충청남도 홍성군 은하면 학산리 285-3, 286-5",36.54491079,126.5724407,,정상가동,99.23,380,60,2021,태양광,2016-10-07,충청남도 홍성군,,2025-02-07
찬솔태양광발전소,,"충청남도 홍성군 은하면 학산리 286, 288",36.54494594,126.5727633,,정상가동,99.23,380,60,2021,태양광,2016-10-07,충청남도 홍성군,,2025-02-07
찬늘태양광발전소,,"충청남도 홍성군 은하면 학산리 282, 283, 284, 286",36.545204,126.5734296,,정상가동,99.23,380,60,2021,태양광,2016-10-07,충청남도 홍성군,,2025-02-07
선민태양광발전소,,"충청남도 홍성군 은하면 학산리 284, 284-8, 285,285-1, 286",36.54560979,126.5728837,,정상가동,99.23,380,60,2021,태양광,2016-10-07,충청남도 홍성군,,2025-02-07
아란태양광발전소,,"충청남도 홍성군 은하면 학산리 284, 284-8, 285, 285-1",36.54560979,126.5728837,,정상가동,99.23,380,60,2021,태양광,2016-10-07,충청남도 홍성군,,2025-02-07
태민 태양광발전소,,충청남도 홍성군 장곡면 지정리 791번지 7호,,,,정상가동,99.18,380,60,2018,태양광,2016-09-27,충청남도 홍성군,,2025-02-07
수현솔라 태양광발전소,,충청남도 홍성군 장곡면 지정리 791번지 5호,,,,정상가동,99.18,380,60,2018,태양광,2016-09-27,충청남도 홍성군,,2025-02-07
유창동 태양광발전소,,"충청남도 홍성군 금마면 화양리 278번지 외 2필지(279,280)",,,,정상가동,97.47,380,60,2017,태양광,2016-09-05,충청남도 홍성군,,2025-02-07
제이디태양광발전소,,충청남도 홍성군 장곡면 지정리 791번지 10호,,,,정상가동,499.38,380,60,2018,태양광,2016-09-02,충청남도 홍성군,,2025-02-07
지정리2호 태양광발전소,,충청남도 홍성군 장곡면 지정리 791번지 11호,,,,정상가동,499.38,380,60,2018,태양광,2016-09-02,충청남도 홍성군,,2025-02-07
(주)대산우드랜드 태양광발전소,,충청남도 홍성군 갈산면 와리 442번지,36.5916150945982,126.55214982756,,정상가동,86.31,380,60,2017,태양광,2016-08-31,충청남도 홍성군,,2025-02-07
수란9호 태양광발전소,,충청남도 홍성군 홍동면 수란리 산 48번지 1호,,,,정상가동,96.39,380,60,2020,태양광,2016-08-25,충청남도 홍성군,,2025-02-07
수란8호 태양광발전소,,충청남도 홍성군 홍동면 수란리 산 48번지 1호,,,,정상가동,96.39,380,60,2020,태양광,2016-08-25,충청남도 홍성군,,2025-02-07
수란7호 태양광발전소,,충청남도 홍성군 홍동면 수란리 산 48번지 1호,,,,정상가동,96.39,380,60,2020,태양광,2016-08-25,충청남도 홍성군,,2025-02-07
수란6호 태양광발전소,,충청남도 홍성군 홍동면 수란리 산 48번지 1호,,,,정상가동,96.39,380,60,2020,태양광,2016-08-25,충청남도 홍성군,,2025-02-07
수란5호 태양광발전소,,충청남도 홍성군 홍동면 수란리 산 48번지 1호,,,,정상가동,96.39,380,60,2020,태양광,2016-08-25,충청남도 홍성군,,2025-02-07
수란4호 태양광발전소,,충청남도 홍성군 홍동면 수란리 산 48번지 1호,,,,정상가동,96.39,380,60,2020,태양광,2016-08-25,충청남도 홍성군,,2025-02-07
수란3호 태양광발전소,,충청남도 홍성군 홍동면 수란리 산 48번지 1호,,,,정상가동,96.39,380,60,2020,태양광,2016-08-25,충청남도 홍성군,,2025-02-07
수란2호 태양광발전소,,충청남도 홍성군 홍동면 수란리 산 48번지 1호,,,,정상가동,96.39,380,60,2020,태양광,2016-08-25,충청남도 홍성군,,2025-02-07
수란1호 태양광발전소,,충청남도 홍성군 홍동면 수란리 산 48번지 1호,,,,정상가동,96.39,380,60,2020,태양광,2016-08-25,충청남도 홍성군,,2025-02-07
㈜한국태양광발전산업태양광발전소,,충청남도 홍성군 홍동면 수란리 산 48번지 1호,,,,정상가동,447.93,380,6,2020,태양광,2016-08-25,충청남도 홍성군,,2025-02-07
(주)송화 태양광발전소,,충청남도 홍성군 홍북면 신정리 산 12번지 1호,,,,정상가동,496.62,380,60,2017,태양광,2016-08-11,충청남도 홍성군,,2025-02-07
에스엔씨 태양광발전소,,충청남도 홍성군 갈산면 기산리 488번지 14호,,,,정상가동,98.28,380,60,2019,태양광,2016-08-01,충청남도 홍성군,,2025-02-07
송곡 태양광발전소,,충청남도 홍성군 갈산면 기산리 488번지 6호,,,,정상가동,98.28,380,60,2019,태양광,2016-08-01,충청남도 홍성군,,2025-02-07
수민 태양광발전소,,충청남도 홍성군 갈산면 기산리 844번지 15호,36.6190843904408,126.503230732136,,정상가동,98.28,380,60,2019,태양광,2016-08-01,충청남도 홍성군,,2025-02-07
정훈 태양광발전소,,충청남도 홍성군 갈산면 기산리 488번지 16호,,,,정상가동,98.28,380,60,2019,태양광,2016-08-01,충청남도 홍성군,,2025-02-07
한울 태양광발전소,,충청남도 홍성군 홍동면 홍원리 437번지,36.5272140837347,126.68479197877,,정상가동,99.0,380,60,2017,태양광,2016-07-12,충청남도 홍성군,,2025-02-07
홍원태양광발전소,,충청남도 홍성군 홍동면 홍원리 426번지,36.5269283272456,126.684961850983,,정상가동,99.0,380,60,2017,태양광,2016-07-12,충청남도 홍성군,,2025-02-07
쏠라셉(SOLARCEP),,"충청남도 홍성군 은하면 화봉리 1번지 1호 , 1-2",36.5242135974149,126.608222569021,,정상가동,498.0,380,60,2018,태양광,2016-07-12,충청남도 홍성군,,2025-02-07
신촌 태양광발전소,,"충청남도 홍성군 갈산면 신안리 365번지 6호 , 361",,,,정상가동,50.16,380,60,2016,태양광,2016-06-23,충청남도 홍성군,,2025-02-07
민성1호태양광발전소,,충청남도 홍성군 홍동면 구정리 225번지 22호,,,,정상가동,202.13,380,60,2020,태양광,2016-06-23,충청남도 홍성군,,2025-02-07
태양다모아1호 태양광발전소,,충청남도 홍성군 구항면 남산리 산 21번지,36.5870857205476,126.579233785054,,정상가동,495.0,380,60,2019,태양광,2016-06-23,충청남도 홍성군,,2025-02-07
목과 태양광발전소,,"충청남도 홍성군 갈산면 와리 98번지 3호 , 98-6, 산49",,,,정상가동,280.8,380,60,2019,태양광,2016-06-08,충청남도 홍성군,,2025-02-07
오성샬롬 태양광발전소,,충청남도 홍성군 장곡면 오성리 261번지 10호,36.4913264600897,126.660858846689,,정상가동,99.0,380,60,2017,태양광,2016-05-31,충청남도 홍성군,,2025-02-07
오성투빈스 태양광발전소,,충청남도 홍성군 장곡면 오성리 261번지 15호,36.4913264600897,126.660858846689,,정상가동,99.0,380,60,2017,태양광,2016-05-31,충청남도 홍성군,,2025-02-07
오성YBG 태양광발전소,,충청남도 홍성군 장곡면 오성리 261번지 8호,36.4913264600897,126.660858846689,,정상가동,99.0,380,60,2017,태양광,2016-05-31,충청남도 홍성군,,2025-02-07
오성솔파워 태양광발전소,,충청남도 홍성군 장곡면 오성리 261번지 5호 261-13,36.4913264600897,126.660858846689,,정상가동,99.0,380,60,2017,태양광,2016-05-31,충청남도 홍성군,,2025-02-07
오성KH 태양광발전소,,충청남도 홍성군 장곡면 오성리 261번지 1호,36.4913264600897,126.660858846689,,정상가동,99.0,380,60,2017,태양광,2016-05-31,충청남도 홍성군,,2025-02-07
흥진 태양광발전소,,충청남도 홍성군 광천읍 가정리 256번지 2호,,,,정상가동,99.82,380,60,2017,태양광,2016-05-31,충청남도 홍성군,,2025-02-07
흥진2 태양광발전소,,충청남도 홍성군 광천읍 가정리 256번지 2호,,,,정상가동,55.8,380,60,2017,태양광,2016-05-31,충청남도 홍성군,,2025-02-07
오성그린 태양광발전소,,충청남도 홍성군 장곡면 오성리 261번지 17호,36.4913264600897,126.660858846689,,정상가동,99.0,380,60,2017,태양광,2016-05-23,충청남도 홍성군,,2025-02-07
오성NS 태양광발전소,,충청남도 홍성군 장곡면 오성리 261번지 16호,36.4913264600897,126.660858846689,,정상가동,99.0,380,60,2017,태양광,2016-05-23,충청남도 홍성군,,2025-02-07
오성봉은 태양광발전소,,충청남도 홍성군 장곡면 오성리 261번지 19호,36.4913264600897,126.660858846689,,정상가동,99.0,380,60,2017,태양광,2016-05-23,충청남도 홍성군,,2025-02-07
오성혜성 태양광발전소,,충청남도 홍성군 장곡면 오성리 261번지 3호 261-7,36.4913264600897,126.660858846689,,정상가동,99.0,380,60,2017,태양광,2016-05-23,충청남도 홍성군,,2025-02-07
오성팡팡 태양광발전소,,충청남도 홍성군 장곡면 오성리 261번지 11호,36.4913264600897,126.660858846689,,정상가동,99.0,380,60,2017,태양광,2016-05-23,충청남도 홍성군,,2025-02-07
정1호 태양광발전소,충청남도 홍성군 갈산면 상촌로9번길 18-5,,36.6036980126718,126.548008001743,,정상가동,18.72,380,60,2016,태양광,2016-04-08,충청남도 홍성군,,2025-02-07
월림 태양광발전소,,충청남도 홍성군 광천읍 월림리 356번지 2호,,,,정상가동,99.0,380,60,2017,태양광,2016-04-07,충청남도 홍성군,,2025-02-07
(주)우리파워7호 발전소,,충청남도 홍성군 장곡면 옥계리 산 31번지 1호,,,,정상가동,499.59,22900,60,2017,태양광,2016-03-08,충청남도 홍성군,,2025-02-07
애경태양광,,충청남도 홍성군 결성면 형산리 672번지 23호,36.5871078946487,126.566833027914,,정상가동,75.0,380,60,2017,태양광,2016-02-25,충청남도 홍성군,,2025-02-07
유니태양광발전소,,충청남도 홍성군 광천읍 매현리 산 61번지 8호,36.5252318465981,126.641410646323,,정상가동,99.96,380,60,2017,태양광,2016-01-04,충청남도 홍성군,,2025-02-07
서울 태양광발전소,,충청남도 홍성군 광천읍 매현리 61번지 11호,36.529981870773,126.639788512058,,정상가동,99.23,380,60,2017,태양광,2016-01-04,충청남도 홍성군,,2025-02-07
진 규 태양광발전소,,"충청남도 홍성군 광천읍 매현리 61번지 13호 , 61-14",36.529981870773,126.639788512058,,정상가동,198.45,380,60,2017,태양광,2016-01-04,충청남도 홍성군,,2025-02-07
ADY3  태양광발전소,,충청남도 홍성군 광천읍 매현리 산 61번지 5호,36.5252318465981,126.641410646323,,정상가동,99.23,380,60,2017,태양광,2016-01-04,충청남도 홍성군,,2025-02-07
모아태양광발전소,,충청남도 홍성군 광천읍 매현리 산 61번지 7호,36.5252318465981,126.641410646323,,정상가동,99.23,380,60,2017,태양광,2016-01-04,충청남도 홍성군,,2025-02-07
ADY2  태양광발전소,,충청남도 홍성군 광천읍 매현리 산 61번지 4호,36.5252318465981,126.641410646323,,정상가동,99.23,380,60,2017,태양광,2016-01-04,충청남도 홍성군,,2025-02-07
카이태양광발전소,,충청남도 홍성군 광천읍 매현리 61번지 9호,36.529981870773,126.639788512058,,정상가동,99.23,380,60,2017,태양광,2016-01-04,충청남도 홍성군,,2025-02-07
진우2태양광발전소,,충청남도 홍성군 광천읍 매현리 61번지 10호,36.529981870773,126.639788512058,,정상가동,99.23,380,60,2017,태양광,2016-01-04,충청남도 홍성군,,2025-02-07
ADY1 태양광발전소,,충청남도 홍성군 광천읍 매현리 산 61번지 3호,36.5252318465981,126.641410646323,,정상가동,99.23,380,60,2017,태양광,2016-01-04,충청남도 홍성군,,2025-02-07
ADY5 태양광발전소,,충청남도 홍성군 광천읍 매현리 산 61번지 12호,36.5252318465981,126.641410646323,,정상가동,99.23,380,60,2017,태양광,2016-01-04,충청남도 홍성군,,2025-02-07
백월태양광발전소,충청남도 홍성군 홍성읍 백월로117번길 9,,36.5999397657979,126.638949004415,,정상가동,50.88,380,60,2018,태양광,2015-06-18,충청남도 홍성군,,2025-02-07
대성태양광발전소,"충청남도 홍성군 홍성읍 백월로 13, 건물위",,36.591324461434,126.642426874175,,정상가동,99.38,380,60,2015,태양광,2015-03-24,충청남도 홍성군,,2025-02-07
이용조태양광발전소,,"충청남도 홍성군 금마면 화양리 482-3, 482-4, 483-1(건물위)",36.62868788,126.7155205,,정상가동,80.0,380,60,2015,태양광,2015-02-16,충청남도 홍성군,,2025-02-07
솔라앤팜 태양광발전소 홍성105호,,충청남도 홍성군 홍동면 화신리 158-1,36.52635703,126.6948517,,정상가동,92.0,380,60,2015,태양광,2015-01-23,충청남도 홍성군,,2025-02-07
솔라앤팜 태양광발전소 홍성104호,,충청남도 홍성군 홍동면 화신리 158-4,36.52635703,126.6948517,,정상가동,92.0,380,60,2015,태양광,2015-01-23,충청남도 홍성군,,2025-02-07
오관태양광발전소,,충청남도 홍성군 홍성읍 오관리 549-2(건물위),36.59545128,126.668181,,정상가동,30.0,380,60,2015,태양광,2015-11-25,충청남도 홍성군,,2025-02-07
상원Ⅱ 태양광발전소,"충청남도 홍성군 홍동면 광금남로446번길 104-42, (건물위)",,36.5346390269859,126.680562592512,,정상가동,47.88,380,60,2015,태양광,2015-04-15,충청남도 홍성군,,2025-02-07
정 태양광발전소,,충청남도 홍성군 갈산면 상촌리 344-7(건물위),,,,정상가동,20.16,380,60,2015,태양광,2015-01-26,충청남도 홍성군,,2025-02-07
이화,,충청남도 홍성군 결성면 읍내리 723번지 2호,,,,정상가동,198.45,380,60,2017,태양광,2015-06-16,충청남도 홍성군,,2025-02-07
(주)우리파워8호,,충청남도 홍성군 장곡면 옥계리 산 34번지 3호,,,,정상가동,453.6,22900,60,2017,태양광,2015-04-14,충청남도 홍성군,,2025-02-07
에너지비전 주식회사,,충청남도 홍성군 장곡면 옥계리 산 34번지 3호,,,,정상가동,499.59,22900,60,2017,태양광,2015-04-14,충청남도 홍성군,,2025-02-07
ADY4 태양광발전소,,충청남도 홍성군 광천읍 매현리 61번지 6호,36.529981870773,126.639788512058,,정상가동,99.23,380,60,2017,태양광,2015-12-31,충청남도 홍성군,,2025-02-07
D.S태양광발전소,,충청남도 홍성군 광천읍 매현리 61번지 1호,36.529981870773,126.639788512058,,정상가동,99.71,380,60,2017,태양광,2015-12-31,충청남도 홍성군,,2025-02-07
이호 태양광발전소 2호,,충청남도 홍성군 서부면 이호리 409번지,36.5906815094511,126.513897652454,,정상가동,99.0,380,60,2016,태양광,2015-12-22,충청남도 홍성군,,2025-02-07
홍성내포태양광발전소,충청남도 홍성군 갈산면 내포로951번길 55-5,,36.5954642699332,126.573566813849,,정상가동,15.0,380,60,2019,태양광,2015-07-17,충청남도 홍성군,,2025-02-07
장곡태양광발전소(주) 태양광발전소,,충청남도 홍성군 장곡면 도산리 500번지 1호,36.5047597083601,126.688699029066,,정상가동,288.0,22900,60,2015,태양광,2015-11-06,충청남도 홍성군,,2025-02-07
현대제32호태양광발전소,,충청남도 홍성군 은하면 목현리 381-43,36.52721433,126.5678617,,정상가동,95.2,380,60,2022,태양광,2015-10-12,충청남도 홍성군,,2025-02-07
현대제31호태양광발전소,,충청남도 홍성군 은하면 목현리 381-42,36.52735819,126.5679488,,정상가동,95.2,380,60,2022,태양광,2015-10-12,충청남도 홍성군,,2025-02-07
현대제30호태양광발전소,,충청남도 홍성군 은하면 목현리 381-41,36.52750506,126.567948,,정상가동,95.2,380,60,2022,태양광,2015-10-12,충청남도 홍성군,,2025-02-07
현대제29호태양광발전소,,충청남도 홍성군 은하면 목현리 381-40,36.52764228,126.5679472,,정상가동,95.2,380,60,2022,태양광,2015-10-12,충청남도 홍성군,,2025-02-07
현대제28호태양광발전소,,충청남도 홍성군 은하면 목현리 산 10번지,,,,정상가동,95.2,380,60,2022,태양광,2015-10-12,충청남도 홍성군,,2025-02-07
현대제27호태양광발전소,,충청남도 홍성군 은하면 목현리 381-37,36.52721433,126.5672807,,정상가동,95.2,380,60,2022,태양광,2015-10-12,충청남도 홍성군,,2025-02-07
현대제26호태양광발전소,,충청남도 홍성군 은하면 목현리 381-38,36.52750362,126.5672791,,정상가동,95.2,380,60,2022,태양광,2015-10-12,충청남도 홍성군,,2025-02-07
호율 태양광발전소,,충청남도 홍성군 은하면 목현리 381-28,36.52793222,126.5665138,,정상가동,190.4,380,60,2022,태양광,2015-10-12,충청남도 홍성군,,2025-02-07
현대제24호태양광발전소,,충청남도 홍성군 은하면 목현리 381-39,36.52767065,126.5672782,,정상가동,95.2,380,60,2022,태양광,2015-10-12,충청남도 홍성군,,2025-02-07
현대제23호태양광발전소,,충청남도 홍성군 은하면 목현리 381-2,36.52817374,126.5666116,,정상가동,190.4,380,60,2022,태양광,2015-10-12,충청남도 홍성군,,2025-02-07
현대제22호태양광발전소,,충청남도 홍성군 은하면 목현리 381-32,36.52739011,126.5666234,,정상가동,95.2,380,60,2022,태양광,2015-10-12,충청남도 홍성군,,2025-02-07
현대제21호태양광발전소,,충청남도 홍성군 은하면 목현리 381-31,36.52746532,126.5664666,,정상가동,95.2,380,60,2022,태양광,2015-10-12,충청남도 홍성군,,2025-02-07
현대제20호태양광발전소,,충청남도 홍성군 은하면 목현리 381-30,36.52754031,126.566266,,정상가동,95.2,380,60,2022,태양광,2015-10-12,충청남도 홍성군,,2025-02-07
현대제19호태양광발전소,,충청남도 홍성군 은하면 목현리 381-33,36.527053,126.5664115,,정상가동,95.2,380,60,2022,태양광,2015-10-12,충청남도 홍성군,,2025-02-07
현대제18호태양광발전소,,충청남도 홍성군 은하면 목현리 381-29,36.52776322,126.5666841,,정상가동,95.2,380,60,2022,태양광,2015-10-12,충청남도 홍성군,,2025-02-07
현대 제17호 태양광발전소,,충청남도 홍성군 은하면 목현리 381번지 10호,36.526042090245,126.566412703008,,정상가동,95.76,380,60,2018,태양광,2015-10-12,충청남도 홍성군,,2025-02-07
현대제16호 태양광발전소,,충청남도 홍성군 은하면 목현리 381번지 9호,36.526042090245,126.566412703008,,정상가동,95.76,380,60,2018,태양광,2015-10-12,충청남도 홍성군,,2025-02-07
현대 제15호 태양광발전소,,충청남도 홍성군 은하면 목현리 381번지 15호,36.526042090245,126.566412703008,,정상가동,95.76,380,60,2018,태양광,2015-10-12,충청남도 홍성군,,2025-02-07
현대 제14호 태양광발전소,,충청남도 홍성군 은하면 목현리 381번지 18호,36.526042090245,126.566412703008,,정상가동,95.76,380,60,2018,태양광,2015-10-12,충청남도 홍성군,,2025-02-07
현대제13호 태양광발전소,,충청남도 홍성군 은하면 목현리 산 10번지,,,,정상가동,95.76,380,60,2018,태양광,2015-10-12,충청남도 홍성군,,2025-02-07
현대제12호 태양광발전소,,충청남도 홍성군 은하면 목현리 381번지 22호,36.526042090245,126.566412703008,,정상가동,95.76,380,60,2018,태양광,2015-10-12,충청남도 홍성군,,2025-02-07
현대제11호태양광발전소,,"충청남도 홍성군 은하면 목현리 381번지 27호 , 381-6",36.526042090245,126.566412703008,,정상가동,95.76,380,60,2018,태양광,2015-10-12,충청남도 홍성군,,2025-02-07
현대제10호태양광발전소,,"충청남도 홍성군 은하면 목현리 381번지 26호 ,381-5",36.526042090245,126.566412703008,,정상가동,95.76,380,60,2018,태양광,2015-10-12,충청남도 홍성군,,2025-02-07
현대제9호태양광발전소,,충청남도 홍성군 은하면 목현리 381번지 25호,36.526042090245,126.566412703008,,정상가동,95.76,380,60,2018,태양광,2015-10-12,충청남도 홍성군,,2025-02-07
현대제8호 태양광발전소,,충청남도 홍성군 은하면 목현리 381번지 23호,36.526042090245,126.566412703008,,정상가동,95.76,380,60,2018,태양광,2015-10-12,충청남도 홍성군,,2025-02-07
현대제7호태양광발전소,,충청남도 홍성군 은하면 목현리 381번지 21호,36.526042090245,126.566412703008,,정상가동,95.76,380,60,2018,태양광,2015-10-12,충청남도 홍성군,,2025-02-07
현대제6호태양광발전소,,충청남도 홍성군 은하면 목현리 381번지 19호,36.526042090245,126.566412703008,,정상가동,95.76,380,60,2018,태양광,2015-10-12,충청남도 홍성군,,2025-02-07
현대제5호 태양광발전소,,충청남도 홍성군 은하면 목현리 381번지 17호,36.526042090245,126.566412703008,,정상가동,95.76,380,60,2018,태양광,2015-10-12,충청남도 홍성군,,2025-02-07
현대제4호 태양광발전소,,충청남도 홍성군 은하면 목현리 381번지 14호,36.526042090245,126.566412703008,,정상가동,95.76,380,60,2018,태양광,2015-10-12,충청남도 홍성군,,2025-02-07
현대제3호태양광발전소,,충청남도 홍성군 은하면 목현리 산 10번지,,,,정상가동,95.76,380,60,2018,태양광,2015-10-12,충청남도 홍성군,,2025-02-07
현대제2호 태양광발전소,,충청남도 홍성군 은하면 목현리 381번지 8호,36.526042090245,126.566412703008,,정상가동,95.76,380,60,2018,태양광,2015-10-12,충청남도 홍성군,,2025-02-07
현대제1호태양광발전소,,"충청남도 홍성군 은하면 목현리 381-12, 382-1, 381",36.52633443,126.5665116,,정상가동,95.76,380,60,2018,태양광,2015-10-12,충청남도 홍성군,,2025-02-07
무량리 태양광 발전소,,충청남도 홍성군 결성면 무량리 1번지 10호,36.5468671484226,126.549624257062,,정상가동,372.0,380,60,2015,태양광,2015-10-08,충청남도 홍성군,,2025-02-07
이호리태양광발전소,,충청남도 홍성군 서부면 이호리 859번지 4호,,,,정상가동,351.0,22900,60,2015,태양광,2015-02-26,충청남도 홍성군,,2025-02-07
유니쏠라테크,,충청남도 홍성군 광천읍 가정리 257번지 12호,36.505797367972,126.653923819224,,정상가동,29.76,380,60,2015,태양광,2015-10-06,충청남도 홍성군,,2025-02-07
성연1호 태양광발전소,,충청남도 홍성군 광천읍 가정리 274번지 11호,,,,정상가동,99.2,380,60,2015,태양광,2015-10-06,충청남도 홍성군,,2025-02-07
봉암태양광발전소,,충청남도 홍성군 금마면 월암리 320번지 1호,,,,정상가동,99.0,380,60,2015,태양광,2015-06-29,충청남도 홍성군,,2025-02-07
가나태양광발전소,,충청남도 홍성군 광천읍 가정리 257번지 4호,36.505797367972,126.653923819224,,정상가동,494.76,22900,60,2015,태양광,2015-04-17,충청남도 홍성군,,2025-02-07
해테크홍성1호 발전소,,충청남도 홍성군 광천읍 가정리 257번지 1호,36.505797367972,126.653923819224,,정상가동,496.0,380,60,2015,태양광,2015-10-07,충청남도 홍성군,,2025-02-07
금빛에너지,,충청남도 홍성군 광천읍 가정리 257번지 10호,36.505797367972,126.653923819224,,정상가동,99.2,380,60,2015,태양광,2015-10-06,충청남도 홍성군,,2025-02-07
홍성솔라태양광발전소,충청남도 홍성군 갈산면 갈산로221번길 51-51,,36.6050183360769,126.563252545558,,정상가동,15.0,380,60,2020,태양광,2015-10-01,충청남도 홍성군,,2025-02-07
무량 제9호 태양광발전소,,충청남도 홍성군 결성면 무량리 380번지 41호,,,,정상가동,99.0,380,60,2017,태양광,2015-09-16,충청남도 홍성군,,2025-02-07
무량 제8호 태양광 발전소,,충청남도 홍성군 결성면 무량리 380번지 44호,,,,정상가동,99.0,380,60,2017,태양광,2015-09-16,충청남도 홍성군,,2025-02-07
무량제7호 태양광발전소,,충청남도 홍성군 결성면 무량리 380번지 45호,,,,정상가동,99.0,380,60,2017,태양광,2015-09-16,충청남도 홍성군,,2025-02-07
무량제6호 태양광발전소,,충청남도 홍성군 결성면 무량리 380번지 46호,,,,정상가동,99.0,380,60,2017,태양광,2015-09-16,충청남도 홍성군,,2025-02-07
무량 제5호 태양광발전소,,충청남도 홍성군 결성면 무량리 산 380번지 47호,,,,정상가동,99.0,380,60,2017,태양광,2015-09-16,충청남도 홍성군,,2025-02-07
무량 제4호 태양광발전소,,충청남도 홍성군 결성면 무량리 380번지 48호,,,,정상가동,99.0,380,60,2017,태양광,2015-09-16,충청남도 홍성군,,2025-02-07
무량 제3호 태양광발전소,,충청남도 홍성군 결성면 무량리 380번지 49호,,,,정상가동,99.0,380,60,2017,태양광,2015-09-16,충청남도 홍성군,,2025-02-07
무량 제2호 태양광 발전소,,충청남도 홍성군 결성면 무량리 380번지 50호,,,,정상가동,99.0,380,60,2017,태양광,2015-09-16,충청남도 홍성군,,2025-02-07
무량 제1호 태양광 발전소,,충청남도 홍성군 결성면 무량리 380번지 51호,,,,정상가동,99.0,380,60,2017,태양광,2015-09-16,충청남도 홍성군,,2025-02-07
홍원태양광발전소,,충청남도 홍성군 홍동면 홍원리 137번지,36.536154374019,126.683527777949,,정상가동,39.75,380,60,2015,태양광,2015-06-29,충청남도 홍성군,,2025-02-07
호윤태양광발전소(광천태양광발전소),,충청남도 홍성군 은하면 화봉리 산 4번지 1호,,,,정상가동,499.2,380,60,2016,태양광,2015-08-21,충청남도 홍성군,,2025-02-07
동서홍성태양광발전소,,"충청남도 홍성군 광천읍 월림리 579-10, 579-11, 579-1, 579-2, 579-3, 579-6",36.53661955,126.653268,,정상가동,499.0,380,60,2016,태양광,2015-08-21,충청남도 홍성군,,2025-02-07
(유)현우 현우홍성태양광,,"충청남도 홍성군 장곡면 신풍리 308번지 309-3,309-5,309-6",,,,정상가동,499.0,380,60,2016,태양광,2015-08-21,충청남도 홍성군,,2025-02-07
연못태양광발전소,,충청남도 홍성군 갈산면 운곡리 21번지,36.6248683095751,126.561263173191,,정상가동,20.16,380,60,2015,태양광,2015-01-26,충청남도 홍성군,,2025-02-07
우리태양광발전소,,"충청남도 홍성군 홍성읍 대교리 377-3, 377-5(건물부지)",36.604968,126.6693072,,정상가동,29.68,380,60,2015,태양광,2014-10-06,충청남도 홍성군,,2025-02-07
평화태양광발전,충청남도 홍성군 결성면 성남길 348,,36.5252449227863,126.531177531531,,정상가동,98.8,380,60,2016,태양광,2015-02-10,충청남도 홍성군,,2025-02-07
내포2태양광발전소,,충청남도 홍성군 홍북면 석택리 570번지 9호,36.6532355232824,126.699464179181,,정상가동,99.2,380,60,2016,태양광,2014-11-11,충청남도 홍성군,,2025-02-07
솔라앤팜 태양광발전소 홍성103호,,충청남도 홍성군 홍동면 화신리 158-5,36.52635703,126.6948517,,정상가동,92.0,380,60,2015,태양광,2015-01-23,충청남도 홍성군,,2025-02-07
솔라앤팜 태양광발전소 홍성102호,,충청남도 홍성군 홍동면 화신리 158-6,36.52635703,126.6948517,,정상가동,92.0,380,60,2015,태양광,2015-01-23,충청남도 홍성군,,2025-02-07
솔라앤팜 태양광발전소 홍성101호,,충청남도 홍성군 홍동면 화신리 158-7,36.52635703,126.6948517,,정상가동,50.0,380,60,2015,태양광,2015-01-23,충청남도 홍성군,,2025-02-07
상황태양광발전소,,"충청남도 홍성군 서부면 상황리 455, 456-1(건물부지위)",36.57167082,126.4719387,,정상가동,45.38,220,60,2015,태양광,2015-01-12,충청남도 홍성군,,2025-02-07
월산제2호태양광발전소,,"충청남도 홍성군 홍성읍 월산리 482-3, 486(건물위)",36.59840866,126.6384984,,정상가동,20.0,380,60,2015,태양광,2014-12-18,충청남도 홍성군,,2025-02-07
봉암마을회 태양광발전소,,"충청남도 홍성군 금마면 월암리 360-3, 352-1(건물위)",36.59597006,126.7563472,,정상가동,10.0,380,60,2015,태양광,2014-11-11,충청남도 홍성군,,2025-02-07
청송 태양광발전소,,충청남도 홍성군 은하면 장척리 334번지 2호,,,,정상가동,97.2,380,60,2017,태양광,2014-11-11,충청남도 홍성군,,2025-02-07
기산태양광발전소,,충청남도 홍성군 갈산면 기산리 324(건물위),36.61433601,126.5218765,,정상가동,95.4,380,60,2015,태양광,2014-11-11,충청남도 홍성군,,2025-02-07
월산제1호태양광발전소,,충청남도 홍성군 홍성읍 월산리 482-1(건물부지),36.59810862,126.6382835,,정상가동,90.0,380,60,2015,태양광,2014-10-10,충청남도 홍성군,,2025-02-07
청수태양광발전소,,충청남도 홍성군 결성면 금곡리 691-4(건물위),36.53450351,126.5500939,,정상가동,97.5,380,60,2015,태양광,2014-10-08,충청남도 홍성군,,2025-02-07
정연태양광발전소,,충청남도 홍성군 금마면 덕정리 512번지 2호,36.6061496177213,126.737302802027,,정상가동,98.28,380,60,2015,태양광,2014-08-11,충청남도 홍성군,,2025-02-07
거산 태양광발전소,,"충청남도 홍성군 갈산면 기산리 330번지 3호 , 330-4",,,,정상가동,497.1,380,60,2017,태양광,2014-10-06,충청남도 홍성군,,2025-02-07
상원태양광발전소,"충청남도 홍성군 홍동면 광금남로446번길 104-42, 건물위",,36.5346390269859,126.680562592512,,정상가동,50.4,380,60,2014,태양광,2014-08-11,충청남도 홍성군,,2025-02-07
성민태양광발전소,,"충청남도 홍성군 금마면 덕정리 515-1, 516-2",36.60564916,126.7378945,,정상가동,98.22,380,60,2015,태양광,2014-08-11,충청남도 홍성군,,2025-02-07
이호태양광발전소,,"충청남도 홍성군 서부면 이호리 394-1, 2(건물위)",36.58904324,126.5114264,,정상가동,99.0,380,60,2014,태양광,2014-08-06,충청남도 홍성군,,2025-02-07
속동태양광발전소,,충청남도 홍성군 서부면 상황리 685-1(건물위),36.57010709,126.4704793,,정상가동,16.2,380,60,2014,태양광,2014-06-11,충청남도 홍성군,,2025-02-07
경우 태양광발전소,,충청남도 홍성군 구항면 남산리 4-1(건물위),36.59290285,126.5879815,,정상가동,97.5,380,60,2014,태양광,2014-06-11,충청남도 홍성군,,2025-02-07
썬플라워 태양광발전소,,"충청남도 홍성군 홍동면 구정리 704, 705-7(건물위)",36.56197889,126.6904547,,정상가동,98.28,380,60,2014,태양광,2014-03-25,충청남도 홍성군,,2025-02-07
일흥목장3호 태양광발전소,,충청남도 홍성군 홍동면 구정리 431-1,36.5610591,126.6976778,,정상가동,30.0,380,60,2014,태양광,2014-02-18,충청남도 홍성군,,2025-02-07
(주)에스에프씨 홍성 태양광 발전소 2호기,,"충청남도 홍성군 구항면 공리 456번지 3호 , 외 2필지",,,,정상가동,302.59,22900,60,2014,태양광,2014-02-18,충청남도 홍성군,,2025-02-07
홍동면 수란마을회태양광발전소,,충청남도 홍성군 홍동면 수란리 517번지,36.5814881264495,126.72210080176,,정상가동,10.0,380,60,2014,태양광,2014-04-10,충청남도 홍성군,,2025-02-07
(주)에스에프씨 홍성 태양광발전소,,충청남도 홍성군 구항면 공리 456번지 3호 .외 1필지,,,,정상가동,430.5,22900,60,2014,태양광,2013-01-07,충청남도 홍성군,,2025-02-07
주식회사 소망태양광(소망태양광발전소),,"충청남도 홍성군 장곡면 신풍리 775번지 3호 774, 776-3, 775-1번지",,,,정상가동,499.0,380,60,2016,태양광,2015-08-21,충청남도 홍성군,,2025-02-07
대광지정리 태양광발전소,,충청남도 홍성군 구항면 지정리 496-13,36.55112542,126.6298287,,정상가동,991.76,380,60,2015,태양광,2014-09-15,충청남도 홍성군,,2025-02-07
조양9호 태양광발전소,충청남도 홍성군 광천읍 광천로315번길 54-3,,36.5015178855668,126.623083576081,,정상가동,545.11,380,60,2015,태양광,2014-04-22,충청남도 홍성군,,2025-02-07
유니 태양광발전소,,충청남도 홍성군 구항면 청광리 551-9,36.55959981,126.6401353,,정상가동,50.0,380,60,2013,태양광,2013-10-25,충청남도 홍성군,,2025-02-07
일흥목장2호 태양광발전소,충청남도 홍성군 홍동면 광금남로788번길 42,,36.5614272623989,126.697287897405,,정상가동,50.0,380,60,2013,태양광,2013-10-25,충청남도 홍성군,,2025-02-07
일흥목장 태양광발전소,,충청남도 홍성군 홍동면 구정리 430,36.56123361,126.6974438,,정상가동,29.25,380,60,2013,태양광,2013-04-29,충청남도 홍성군,,2025-02-07
오관 태양광발전소,충청남도 홍성군 홍성읍 조양로10번길 53-9,,36.5976513577359,126.659504943438,,정상가동,15.0,380,60,2012,태양광,2012-10-04,충청남도 홍성군,,2025-02-07
홍성일반산업단지주민생계영농조합법인 천수만 태양광발전소,,충청남도 홍성군 갈산면 기산리 389-1,36.61334169,126.5196115,,정상가동,391.99,380,60,2013,태양광,2012-04-23,충청남도 홍성군,,2025-02-07
한울트래킹솔라 태양광발전소,충청남도 홍성군 홍성읍 의사로 84,,36.6049803878963,126.672193580947,,정상가동,5.04,380,60,2007,태양광,2007-05-18,충청남도 홍성군,,2025-02-07
홍성나눔 태양광발전소,충청남도 홍성군 광천읍 상정1길 186-5,,36.5210669640874,126.610616083914,,정상가동,96.9,380,60,2012,태양광,2009-04-15,충청남도 홍성군,,2025-02-07
썬에너지 태양광발전소,,충청남도 홍성군 금마면 화양리 256-1,,,,정상가동,747.0,22900,60,2021,태양광,2020-04-14,충청남도 홍성군,,2025-02-07
㈜동성에너지 태양광발전소,,충청남도 홍성군 갈산면 기산리 산 1,,,,정상가동,999.99,380,60,2020,태양광,2020-01-15,충청남도 홍성군,,2025-02-07
은하 태양광발전소,,충청남도 홍성군 은하면 유송리 5,36.54347937,126.5985807,,정상가동,971.99,380,60,2020,태양광,2019-06-14,충청남도 홍성군,,2025-02-07
이룸대사리2,충청남도 홍성군 갈산면 내포로1526번길 235-26,,36.6392714167635,126.564005809306,,정상가동,997.92,380,60,2019,태양광,2018-09-14,충청남도 홍성군,,2025-02-07
가스펠 태양광발전소,,충청남도 홍성군 구항면 지정리 산 31-1,,,,정상가동,994.56,380,60,2020,태양광,2018-09-06,충청남도 홍성군,,2025-02-07
㈜제이더블유사모14호 태양광발전소,,"충청남도 홍성군 은하면 화봉리 2-4 ,3,4,5,8-3,9,12",36.52331776,126.6074893,,정상가동,997.92,380,60,2019,태양광,2018-06-25,충청남도 홍성군,,2025-02-07
㈜이룸대사리 태양광발전소,충청남도 홍성군 갈산면 내포로1526번길 235-26,,36.6392714167635,126.564005809306,,정상가동,997.92,380,60,2019,태양광,2018-06-21,충청남도 홍성군,,2025-02-07
정훈 태양광발전소,,"충청남도 홍성군 은하면 유송리 416-3, 416-9, 416-13, 416-14",36.54180807,126.5875374,,정상가동,943.16,380,60,2019,태양광,2018-06-11,충청남도 홍성군,,2025-02-07
㈜제이더블유사모2호 태양광발전소,,"충청남도 홍성군 광천읍 매현리 4 , 4-2, 4-4, 6-3",36.53247635,126.6392259,,정상가동,997.56,380,60,2019,태양광,2017-11-27,충청남도 홍성군,,2025-02-07
㈜제이더블유사모1호 태양광발전소,,"충청남도 홍성군 광천읍 매현리 4-2 , 4-4, 6-3",36.53280557,126.6402186,,정상가동,997.56,380,60,2019,태양광,2017-11-27,충청남도 홍성군,,2025-02-07
홍성 바이오가스 발전,충청남도 홍성군 은하면 홍남서로886번길 230,,36.5045849484681,126.567011477547,,정상가동,1000.0,22900,60,2018,바이오가스,2015-02-03,충청남도 홍성군,,2025-02-07
(주)아름에너지 태양광발전소,,"충청남도 홍성군 결성면 성곡리 산 111-2 ,341-1(2필지)",,,,정상가동,997.56,380,60,2018,태양광,2017-11-16,충청남도 홍성군,,2025-02-07
케이솔라일호(주)(광명2 태양광발전소),,충청남도 홍성군 광천읍 월림리 389-1,36.52796839,126.6534928,,정상가동,748.8,380,60,2019,태양광,2017-07-04,충청남도 홍성군,,2025-02-07
용봉발전소,,충청남도 홍성군 장곡면 죽전리 514,,,,정상가동,598.5,380,60,2018,태양광,2017-05-29,충청남도 홍성군,,2025-02-07
(주)종촌파워 태양광발전소,,충청남도 홍성군 장곡면 산성리 328-1,36.50915982,126.7422638,,정상가동,997.92,380,60,2018,태양광,2017-03-31,충청남도 홍성군,,2025-02-07
(주)아름파워 태양광발전소,,충청남도 홍성군 장곡면 산성리 328-3,36.5089465,126.743127,,정상가동,997.92,380,60,2018,태양광,2017-03-31,충청남도 홍성군,,2025-02-07
(주)가재파워 태양광발전소,,충청남도 홍성군 장곡면 산성리 328-4,36.5084201,126.7438014,,정상가동,997.92,380,60,2018,태양광,2017-03-31,충청남도 홍성군,,2025-02-07
(주)둥근해 태양광발전소,,충청남도 홍성군 홍동면 팔괘리 209-1,36.57523019,126.6888966,,정상가동,932.58,380,60,2018,태양광,2017-02-06,충청남도 홍성군,,2025-02-07
성남리3호 태양광발전소,,충청남도 홍성군 결성면 성남리 1106-2,36.52309653,126.5306265,,정상가동,996.96,380,60,2019,태양광,2017-01-17,충청남도 홍성군,,2025-02-07
코리아나5호 태양광발전소,,"충청남도 홍성군 갈산면 갈오리 115-1, 115-2, 115-3",36.62053983,126.6100607,,정상가동,993.28,22900,60,2017,태양광,2016-09-01,충청남도 홍성군,,2025-02-07
코리아나4호 태양광발전소,,충청남도 홍성군 갈산면 갈오리 115-1,36.62053983,126.6100607,,정상가동,993.28,380,60,2017,태양광,2016-09-01,충청남도 홍성군,,2025-02-07
구항오봉 태양광,,충청남도 홍성군 구항면 오봉리 138-3,,,,정상가동,750.0,380,60,2017,태양광,2016-09-01,충청남도 홍성군,,2025-02-07
대율 태양광발전소,,충청남도 홍성군 은하면 대율리 398,36.56247139,126.5840036,,정상가동,999.0,380,60,2017,태양광,2016-06-09,충청남도 홍성군,,2025-02-07
월림산 태양광발전소,충청남도 홍성군 광천읍 광금남로63번길 109-14,,36.5276693083083,126.647864244123,,정상가동,999.0,380,60,2017,태양광,2016-03-14,충청남도 홍성군,,2025-02-07
㈜우리파워15호 태양광발전소,,충청남도 홍성군 장곡면 옥계리 산 90,,,,정상가동,603.84,380,60,2017,태양광,2016-03-14,충청남도 홍성군,,2025-02-07
대송 태양광발전소,,충청남도 홍성군 결성면 형산리 산 168-12,,,,정상가동,999.0,380,60,2017,태양광,2016-02-22,충청남도 홍성군,,2025-02-07
백현 태양광발전소,,"충청남도 홍성군 은하면 장곡리 462-1 대율리 51-7, 51-8",,,,정상가동,870.0,380,60,2017,태양광,2015-11-30,충청남도 홍성군,,2025-02-07
성남리2호 태양광발전소,,충청남도 홍성군 결성면 성남리 1106-2,36.52309653,126.5306265,,정상가동,990.0,380,60,2016,태양광,2015-09-07,충청남도 홍성군,,2025-02-07
성남리1호 태양광발전소,,충청남도 홍성군 결성면 성남리 1106-2,36.52309653,126.5306265,,정상가동,990.0,380,60,2016,태양광,2015-09-07,충청남도 홍성군,,2025-02-07
삼산에너지발전소,,충청남도 홍성군 장곡면 신풍리 769,36.49241005,126.6865182,,정상가동,700.0,380,60,2016,태양광,2015-07-08,충청남도 홍성군,,2025-02-07
단비덕실 태양광발전소,충청남도 홍성군 은하면 홍남로22번길 149,,36.504847930378,126.57259156093,,정상가동,934.2,380,60,2016,태양광,2015-04-29,충청남도 홍성군,,2025-02-07
(주)미르에너지 태양광발전소,,충청남도 홍성군 구항면 신곡리 산 56-3,,,,정상가동,993.24,380,60,2018,태양광,2015-03-05,충청남도 홍성군,,2025-02-07
