태양광발전시설명,소재지도로명주소,소재지지번주소,위도,경도,설치상세위치구분명,가동상태구분명,설비용량,공급전압,주파수,설치연도,세부용도,허가일자,허가기관,설치면적,데이터기준일자
애정리1구대동회 태양광발전2호발전소,,충청남도 서산시 인지면 애정리 432-2,36.73791792,126.4170458,,정상가동,19.04,380,60,2025,,2025-04-16,충청남도 서산시청,,2025-06-17
용운태양광발전소,,충청남도 서산시 대산읍 영탑리 20-9,36.90667782,126.4600022,,정상가동,99.2,380,60,2025,,2025-04-14,충청남도 서산시청,,2025-06-17
찬수2호태양광발전소,,충청남도 서산시 대산읍 영탑리 20-9,36.90667782,126.4600022,,정상가동,99.2,380,60,2025,,2025-04-14,충청남도 서산시청,,2025-06-17
혜정태양광발전소,,충청남도 서산시 대산읍 영탑리 20-9,36.90667782,126.4600022,,정상가동,99.2,380,60,2025,,2025-04-14,충청남도 서산시청,,2025-06-17
명인태양광발전소,,충청남도 서산시 대산읍 영탑리 20-9,36.90667782,126.4600022,,정상가동,99.2,380,60,2025,,2025-04-14,충청남도 서산시청,,2025-06-17
화태태양광발전소,,충청남도 서산시 대산읍 영탑리 20-9,36.90667782,126.4600022,,정상가동,99.2,380,60,2025,,2025-04-14,충청남도 서산시청,,2025-06-17
한봉태양광발전소,,충청남도 서산시 대산읍 영탑리 20-9,36.90667782,126.4600022,,정상가동,99.2,380,60,2025,,2025-04-14,충청남도 서산시청,,2025-06-17
하늘나라조경산업태양광발전소,,충청남도 서산시 부석면 강수리 360,36.75546062,126.3860445,,정상가동,30.16,380,60,2025,,2025-04-07,충청남도 서산시청,,2025-06-17
썬태양광발전,,충청남도 서산시 팔봉면 흑석리 878-26,,,,정상가동,99.41,380,60,2025,,2025-04-07,충청남도 서산시청,,2025-06-17
수등태양광발전소,,충청남도 서산시 부석면 가사리 1271,36.74284476,126.3427758,,정상가동,29.85,380,60,2025,,2025-04-02,충청남도 서산시청,,2025-06-17
서산중왕3태양광발전소,,충청남도 서산시 지곡면 중왕리 441-8,36.87608265,126.3729324,,정상가동,998.4,22900,60,2025,,2025-03-26,충청남도 서산시청,,2025-06-17
서산중왕2태양광발전소,,충청남도 서산시 지곡면 중왕리 441-8,36.87608265,126.3729324,,정상가동,998.4,22900,60,2025,,2025-03-26,충청남도 서산시청,,2025-06-17
서산중왕1태양광발전소,,충청남도 서산시 지곡면 중왕리 441-8,36.87608265,126.3729324,,정상가동,998.4,22900,60,2025,,2025-03-26,충청남도 서산시청,,2025-06-17
빅토리아발전소,,충청남도 서산시 팔봉면 호리 345,36.83753585,126.3327949,,정상가동,33.66,380,60,2025,,2025-03-21,충청남도 서산시청,,2025-06-17
누림태양광발전소,,충청남도 서산시 팔봉면 호리 345-2,,,,정상가동,24.12,380,60,2025,,2025-03-21,충청남도 서산시청,,2025-06-17
단비태양광발전소,,충청남도 서산시 팔봉면 호리 345-4,,,,정상가동,34.29,380,60,2025,,2025-03-21,충청남도 서산시청,,2025-06-17
다온태양광발전소,,충청남도 서산시 팔봉면 호리 345-3,,,,정상가동,34.29,380,60,2025,,2025-03-21,충청남도 서산시청,,2025-06-17
둔당2리마을회 태양광발전소,,충청남도 서산시 인지면 둔당리 276-4,36.75147796,126.4209223,,정상가동,20,380,60,2025,,2025-03-20,충청남도 서산시청,,2025-06-17
호2리마을회태양광발전소,,충청남도 서산시 팔봉면 호리 350-3,36.84230253,126.3331175,,정상가동,20,380,60,2025,,2025-03-20,충청남도 서산시청,,2025-06-17
천사솔라 태양광발전소,,"충청남도 서산시 대산읍 운산리 486-5 ,486-6, 486-138, 486-139",36.97470292,126.4564994,,정상가동,999.6,22900,60,2025,,2025-03-20,충청남도 서산시청,,2025-06-17
가로림태양광발전소,충청남도 서산시 대산읍 가로림로 481-4,충청남도 서산시 대산읍 오지리 32,36.95009443,126.3795831,,정상가동,11.34,220,60,2025,,2025-03-18,충청남도 서산시청,,2025-06-17
프란치스코태양광발전소,,충청남도 서산시 대산읍 운산리 508-3,36.97351831,126.4513491,,정상가동,99.4,380,60,2025,,2025-03-07,충청남도 서산시청,,2025-06-17
경국3호 태양광발전소,,"충청남도 서산시 대산읍 운산리 508-3 ,496-20",36.97351831,126.4513491,,정상가동,198.8,380,60,2025,,2025-03-07,충청남도 서산시청,,2025-06-17
성광3호태양광발전소,,충청남도 서산시 대산읍 운산리 508-3,36.97351831,126.4513491,,정상가동,99.4,380,60,2025,,2025-03-07,충청남도 서산시청,,2025-06-17
도미니카1호태양광발전소,,충청남도 서산시 대산읍 운산리 496-17,36.9740612,126.4528207,,정상가동,163.8,380,60,2025,,2025-03-07,충청남도 서산시청,,2025-06-17
김상진태양광발전소,충청남도 서산시 음암면 음암로 349-1,충청남도 서산시 음암면 부장리 360,36.77166284,126.5232956,,정상가동,31.5,380,60,2025,,2025-02-25,충청남도 서산시청,,2025-06-17
오명심태양광발전소,충청남도 서산시 음암면 음암로 349-3,충청남도 서산시 음암면 부장리 360-6,36.77174772,126.522913,,정상가동,31.5,380,60,2025,,2025-02-25,충청남도 서산시청,,2025-06-17
빛날２호태양광발전소,,"충청남도 서산시 부석면 강수리 944-1 ,944-8",36.74001224,126.3614152,,정상가동,999.18,22900,60,2025,,2025-02-20,충청남도 서산시청,,2025-06-17
빛날１호태양광발전소,,충청남도 서산시 부석면 강수리 944-8,36.74048593,126.3609006,,정상가동,999.18,22900,60,2025,,2025-02-20,충청남도 서산시청,,2025-06-17
서해1호 태양광발전소,"충청남도 서산시 음암면 중앙로 689, 주1동",충청남도 서산시 음암면 유계리 475-26,36.74407692,126.5118125,,정상가동,34.29,380,60,2025,,2025-02-12,충청남도 서산시청,,2025-06-17
도장3기태양광발전소,"충청남도 서산시 대산읍 평신1로 531-42, 2동",충청남도 서산시 대산읍 독곶리 147-3,36.98665068,126.3685119,,정상가동,88.9,380,60,2025,,2025-02-05,충청남도 서산시청,,2025-06-17
도장2기태양광발전소,"충청남도 서산시 대산읍 평신1로 531-42, 2동, 3동",충청남도 서산시 대산읍 독곶리 147-3,36.98665068,126.3685119,,정상가동,53.34,380,60,2025,,2025-02-05,충청남도 서산시청,,2025-06-17
도장1기태양광발전소,"충청남도 서산시 대산읍 평신1로 531-42, 1동, 4동",충청남도 서산시 대산읍 독곶리 147-3,36.98665068,126.3685119,,정상가동,88.9,380,60,2025,,2025-02-05,충청남도 서산시청,,2025-06-17
이안태양광발전소,충청남도 서산시 해미면 남문2로 121,충청남도 서산시 해미면 읍내리 344,36.71290346,126.5456276,,정상가동,70.46,380,60,2025,,2025-02-03,충청남도 서산시청,,2025-06-17
제이탑산업3태양광발전소,,충청남도 서산시 성연면 해성리 468-2,36.86989929,126.4791484,,정상가동,142.56,380,60,2025,,2025-01-24,충청남도 서산시청,,2025-06-17
장현1호태양광발전소,,충청남도 서산시 지곡면 장현리 477-9,36.86187398,126.4015713,,정상가동,99.7,380,60,2025,,2025-01-10,충청남도 서산시청,,2025-06-17
장현2호 태양광발전소,,충청남도 서산시 지곡면 장현리 477-9,36.86187398,126.4015713,,정상가동,99.7,380,60,2025,,2025-01-10,충청남도 서산시청,,2025-06-17
장현지이에스태양광발전소,,충청남도 서산시 지곡면 장현리 477-9,36.86187398,126.4015713,,정상가동,393.7,380,60,2025,,2025-01-10,충청남도 서산시청,,2025-06-17
장현 코텍태양광 태양광발전소,,충청남도 서산시 지곡면 장현리 477-9,36.86187398,126.4015713,,정상가동,394.34,380,60,2025,,2025-01-10,충청남도 서산시청,,2025-06-17
황금태양광발전소,충청남도 서산시 음암면 황금터길 134-1,충청남도 서산시 음암면 신장리 378-11,36.77026965,126.5044245,,정상가동,29.61,380,60,2025,,2025-01-08,충청남도 서산시청,,2025-06-17
유림태양광발전소,충청남도 서산시 성연면 충의로 402,충청남도 서산시 성연면 일람리 788-2,36.805896,126.4412606,,정상가동,29.61,380,60,2024,,2024-12-23,충청남도 서산시청,,2025-06-17
SH솔라 태양광발전소,충청남도 서산시 고북면 고북4로 495-108,충청남도 서산시 고북면 사기리 507,36.64254899,126.492038,,정상가동,67.95,380,60,2024,,2024-12-23,충청남도 서산시청,,2025-06-17
덕지2호 태양광발전소,,충청남도 서산시 덕지천동 46,36.73867571,126.5040427,,정상가동,99.41,380,60,2024,,2024-12-13,충청남도 서산시청,,2025-06-17
덕지3호 태양광발전소,,충청남도 서산시 덕지천동 46,36.73867571,126.5040427,,정상가동,99.41,380,60,2024,,2024-12-13,충청남도 서산시청,,2025-06-17
덕지1호 태양광발전소,,충청남도 서산시 덕지천동 46,36.73867571,126.5040427,,정상가동,99.41,380,60,2024,,2024-12-13,충청남도 서산시청,,2025-06-17
창진2태양광발전소,,"충청남도 서산시 지곡면 환성리 846-6 ,846-7",36.91906766,126.4131953,,정상가동,99.66,380,60,2024,,2024-12-10,충청남도 서산시청,,2025-06-17
창진태양광발전소,,"충청남도 서산시 지곡면 환성리 846-7 ,846-8",36.91895641,126.4137333,,정상가동,99.66,380,60,2024,,2024-12-10,충청남도 서산시청,,2025-06-17
김기용태양광발전소,충청남도 서산시 고북면 고수관로 205-1,충청남도 서산시 고북면 초록리 361-2,36.66163336,126.5507676,,정상가동,19.53,380,60,2024,,2024-12-03,충청남도 서산시청,,2025-06-17
김정태태양광발전소,충청남도 서산시 고북면 생천길 93-17,충청남도 서산시 고북면 봉생리 367-3,36.64201241,126.5074345,,정상가동,33.39,380,60,2024,,2024-12-03,충청남도 서산시청,,2025-06-17
서산운산9호 태양광발전소,,충청남도 서산시 대산읍 운산리 509-1,36.97068031,126.448012,,정상가동,99.4,380,60,2024,,2024-12-02,충청남도 서산시청,,2025-06-17
서산운산8호 태양광발전,,충청남도 서산시 대산읍 운산리 509-1,36.97068031,126.448012,,정상가동,99.4,380,60,2024,,2024-12-02,충청남도 서산시청,,2025-06-17
서산운산7호 태양광발전소,,충청남도 서산시 대산읍 운산리 509-1,36.97068031,126.448012,,정상가동,99.4,380,60,2024,,2024-12-02,충청남도 서산시청,,2025-06-17
서산운산3호 태양광발전소,,충청남도 서산시 대산읍 운산리 509-1,36.97068031,126.448012,,정상가동,99.4,380,60,2024,,2024-12-02,충청남도 서산시청,,2025-06-17
서산운산2호태양광발전소,,충청남도 서산시 대산읍 운산리 509-1,36.97068031,126.448012,,정상가동,99.4,380,60,2024,,2024-12-02,충청남도 서산시청,,2025-06-17
서산운산1호 태양광발전소,,충청남도 서산시 대산읍 운산리 509-1,36.97068031,126.448012,,정상가동,99.4,380,60,2024,,2024-12-02,충청남도 서산시청,,2025-06-17
서산운산5호 태양광발전소,,충청남도 서산시 대산읍 운산리 509-1,36.97068031,126.448012,,정상가동,99.4,380,60,2024,,2024-12-02,충청남도 서산시청,,2025-06-17
서산운산4호 태양광발전소,,충청남도 서산시 대산읍 운산리 509-1,36.97068031,126.448012,,정상가동,99.4,380,60,2024,,2024-12-02,충청남도 서산시청,,2025-06-17
서산운산6호 태양광발전소,,충청남도 서산시 대산읍 운산리 509-1,36.97068031,126.448012,,정상가동,99.4,380,60,2024,,2024-12-02,충청남도 서산시청,,2025-06-17
자연에너지9호태양광발전소,,"충청남도 서산시 성연면 해성리 468 ,470",36.87010198,126.4787148,,정상가동,91.74,380,60,2024,,2024-11-28,충청남도 서산시청,,2025-06-17
갱신1호태양광발전소,,"충청남도 서산시 성연면 해성리 468 ,470",36.87010198,126.4787148,,정상가동,91.74,380,60,2024,,2024-11-28,충청남도 서산시청,,2025-06-17
동백태양광발전소,충청남도 서산시 고북면 봉생길 61,충청남도 서산시 고북면 봉생리 182,36.64597653,126.5008467,,정상가동,19.8,380,60,2024,,2024-11-27,충청남도 서산시청,,2025-06-17
SW10호태양광발전소,,충청남도 서산시 대산읍 영탑리 20-125,36.90642206,126.4606051,,정상가동,99.2,380,60,2024,,2024-11-26,충청남도 서산시청,,2025-06-17
SW9호태양광발전소,,충청남도 서산시 대산읍 영탑리 20-125,36.90642206,126.4606051,,정상가동,99.2,380,60,2024,,2024-11-26,충청남도 서산시청,,2025-06-17
SW11호태양광발전소,,충청남도 서산시 대산읍 영탑리 20-125,36.90642206,126.4606051,,정상가동,99.2,380,60,2024,,2024-11-26,충청남도 서산시청,,2025-06-17
SW8호태양광발전소,,충청남도 서산시 대산읍 영탑리 20-125,36.90642206,126.4606051,,정상가동,99.2,380,60,2024,,2024-11-26,충청남도 서산시청,,2025-06-17
SW7호태양광발전소,,충청남도 서산시 대산읍 영탑리 20-125,36.90642206,126.4606051,,정상가동,99.2,380,60,2024,,2024-11-26,충청남도 서산시청,,2025-06-17
SW6호태양광발전소,,충청남도 서산시 대산읍 영탑리 20-125,36.90642206,126.4606051,,정상가동,99.2,380,60,2024,,2024-11-26,충청남도 서산시청,,2025-06-17
SW5호태양광발전소 대표,,충청남도 서산시 대산읍 영탑리 20-125,36.90642206,126.4606051,,정상가동,99.2,380,60,2024,,2024-11-26,충청남도 서산시청,,2025-06-17
SW4호태양광발전소,,충청남도 서산시 대산읍 영탑리 20-125,36.90642206,126.4606051,,정상가동,99.2,380,60,2024,,2024-11-26,충청남도 서산시청,,2025-06-17
SW3호 태양광발전소,,충청남도 서산시 대산읍 영탑리 20-125,36.90642206,126.4606051,,정상가동,99.2,380,60,2024,,2024-11-26,충청남도 서산시청,,2025-06-17
SW2호 태양광발전소,,충청남도 서산시 대산읍 영탑리 20-125,36.90642206,126.4606051,,정상가동,99.2,380,60,2024,,2024-11-26,충청남도 서산시청,,2025-06-17
SW1호 태양광발전소,,충청남도 서산시 대산읍 영탑리 20-125,36.90642206,126.4606051,,정상가동,99.2,380,60,2024,,2024-11-26,충청남도 서산시청,,2025-06-17
제운태양광발전소,,충청남도 서산시 대산읍 영탑리 20-303,36.90841358,126.4584013,,정상가동,99.2,380,60,2024,,2024-11-21,충청남도 서산시청,,2025-06-17
미란태양광발전소,,충청남도 서산시 대산읍 영탑리 20-303,36.90841358,126.4584013,,정상가동,99.2,380,60,2024,,2024-11-21,충청남도 서산시청,,2025-06-17
준무2호 태양광발전소,,충청남도 서산시 대산읍 영탑리 20-303,36.90841358,126.4584013,,정상가동,99.2,380,60,2024,,2024-11-20,충청남도 서산시청,,2025-06-17
어진태양광발전소,,충청남도 서산시 대산읍 영탑리 20-303,36.90841358,126.4584013,,정상가동,99.2,380,60,2024,,2024-11-21,충청남도 서산시청,,2025-06-17
영식태양광발전소,,충청남도 서산시 대산읍 영탑리 20-303,36.90841358,126.4584013,,정상가동,99.2,380,60,2024,,2024-11-21,충청남도 서산시청,,2025-06-17
준무태양광발전소,,충청남도 서산시 대산읍 영탑리 20-303,36.90841358,126.4584013,,정상가동,99.2,380,60,2024,,2024-11-21,충청남도 서산시청,,2025-06-17
대인태양광발전소,,충청남도 서산시 대산읍 영탑리 20-244,36.90746567,126.4655257,,정상가동,291.4,380,60,2024,,2024-11-21,충청남도 서산시청,,2025-06-17
현진태양광발전소,,충청남도 서산시 대산읍 영탑리 20-244,36.90746567,126.4655257,,정상가동,291.4,380,60,2024,,2024-11-21,충청남도 서산시청,,2025-06-17
복실태양광발전소,,충청남도 서산시 대산읍 영탑리 20-244,36.90746567,126.4655257,,정상가동,99.2,380,60,2024,,2024-11-21,충청남도 서산시청,,2025-06-17
덕산에너지,,충청남도 서산시 대산읍 영탑리 20-244,36.90746567,126.4655257,,정상가동,99.2,380,60,2024,,2024-11-21,충청남도 서산시청,,2025-06-17
대인2호 태양광발전소,,충청남도 서산시 대산읍 영탑리 20-244,36.90746567,126.4655257,,정상가동,99.2,380,60,2024,,2024-11-21,충청남도 서산시청,,2025-06-17
찬수 태양광발전소,,충청남도 서산시 대산읍 영탑리 20-244,36.90746567,126.4655257,,정상가동,291.4,380,60,2024,,2024-11-21,충청남도 서산시청,,2025-06-17
CTRE113호태양광발전소,충청남도 서산시 수석순환로 45-43 (수석동),충청남도 서산시 수석동 41-7,36.77589237,126.4983785,,정상가동,156.25,380,60,2024,,2024-11-06,충청남도 서산시청,,2025-06-17
서산아리태양광발전소,,충청남도 서산시 고북면 정자리 348-10,36.652774,126.5121476,,정상가동,32.76,380,60,2024,,2024-10-31,충청남도 서산시청,,2025-06-17
솔라원서산태양광발전소,,"충청남도 서산시 대산읍 영탑리 842-23 ,14,17,18,19,41,43,44,45,46,47",36.92380673,126.4184575,,정상가동,997.5,22900,60,2024,,2024-10-30,충청남도 서산시청,,2025-06-17
행복8호 태양광발전소,,"충청남도 서산시 대산읍 영탑리 842-2 ,11, 20, 21, 22, 42, 43, 44,45,46,47,843-2",36.92449539,126.4189477,,정상가동,996.25,22900,60,2024,,2024-10-30,충청남도 서산시청,,2025-06-17
서산양훈 태양광발전소,,"충청남도 서산시 대산읍 영탑리 842-23 ,24,27,28,43,44,45,46,47,843-3,",36.92380673,126.4184575,,정상가동,467.5,380,60,2024,,2024-10-30,충청남도 서산시청,,2025-06-17
리본1태양광발전소,,충청남도 서산시 지곡면 환성리 846-1,36.91825591,126.413228,,정상가동,99.7,380,60,2024,,2024-10-29,충청남도 서산시청,,2025-06-17
환성태양광발전소,,충청남도 서산시 지곡면 환성리 846-1,36.91825591,126.413228,,정상가동,99.7,380,60,2024,,2024-10-29,충청남도 서산시청,,2025-06-17
에이원 태양광발전소,,"충청남도 서산시 지곡면 장현리 186 ,187,188,190,191",36.8530312,126.4185453,,정상가동,485.1,380,60,2024,,2024-10-22,충청남도 서산시청,,2025-06-17
대창스틸 서산공장 태양광발전소,충청남도 서산시 지곡면 무장산업로 201-47,충청남도 서산시 지곡면 무장리 1788,36.84852788,126.4552327,,정상가동,983.15,22900,60,2024,,2024-10-17,충청남도 서산시청,,2025-06-17
아인5호 태양광발전소,,"충청남도 서산시 성연면 명천리 417-1, 418-1, 418-2",36.84134123,126.4933921,,정상가동,168.91,380,60,2024,,2024-09-27,충청남도 서산시청,,2025-06-17
지원2호 태양광발전소,충청남도 서산시 부석면 무학로 756-10,충청남도 서산시 부석면 칠전리 69-2,36.68545358,126.3889195,,정상가동,30.8,380,60,2024,,2024-09-27,충청남도 서산시청,,2025-06-17
지원태양광발전소,충청남도 서산시 부석면 무학로 756-8,충청남도 서산시 부석면 칠전리 69,36.68553536,126.388895,,정상가동,24.5,380,60,2024,,2024-09-27,충청남도 서산시청,,2025-06-17
신기1길 태양광발전소,충청남도 서산시 고북면 신기1길 202-52,충청남도 서산시 고북면 정자리 473-23,36.66142386,126.5079106,,정상가동,393.12,380,60,2024,,2024-09-04,충청남도 서산시청,,2025-06-17
유성5태양광발전소,,"충청남도 서산시 지곡면 장현리 182 ,183,184",36.85392064,126.4182465,,정상가동,399.96,380,60,2024,,2024-08-29,충청남도 서산시청,,2025-06-17
유성6태양광발전소,,충청남도 서산시 지곡면 장현리 182,36.85392064,126.4182465,,정상가동,86.46,380,60,2024,,2024-08-29,충청남도 서산시청,,2025-06-17
티지아이3호태양광발전소,,"충청남도 서산시 성연면 명천리 391-2 ,393-2",36.83949899,126.4934671,,정상가동,99.39,380,60,2024,,2024-08-28,충청남도 서산시청,,2025-06-17
덕2호 발전소,,충청남도 서산시 성연면 예덕리 660,36.85668963,126.4923809,,정상가동,99,380,60,2024,,2024-08-26,충청남도 서산시청,,2025-06-17
쏠라 쓱,,"충청남도 서산시 성연면 예덕리 661 ,660",36.85693506,126.4925267,,정상가동,99,380,60,2024,,2024-08-26,충청남도 서산시청,,2025-06-17
에스엘 발전소,,"충청남도 서산시 성연면 예덕리 664-5 ,661, 660",36.8570947,126.4921857,,정상가동,99,380,60,2024,,2024-08-26,충청남도 서산시청,,2025-06-17
덕1호 발전소,,"충청남도 서산시 성연면 예덕리 664-5 ,661, 660",36.8570947,126.4921857,,정상가동,99,380,60,2024,,2024-08-26,충청남도 서산시청,,2025-06-17
케이솔라발전소,,"충청남도 서산시 성연면 예덕리 664-4 ,664-5,661,660",36.85725377,126.4923499,,정상가동,99,380,60,2024,,2024-08-26,충청남도 서산시청,,2025-06-17
제이케이발전소,,"충청남도 서산시 성연면 예덕리 664-4 ,664-5,661,660",36.85725377,126.4923499,,정상가동,99,380,60,2024,,2024-08-26,충청남도 서산시청,,2025-06-17
엠케이발전소,,"충청남도 서산시 성연면 예덕리 664-6 ,664-4,664-5,661,660",36.85735349,126.492522,,정상가동,99,380,60,2024,,2024-08-26,충청남도 서산시청,,2025-06-17
서산10호발전소,,"충청남도 서산시 성연면 예덕리 664-3 ,663,664-6,664-4,664-5,660",36.85747846,126.4927114,,정상가동,99,380,60,2024,,2024-08-26,충청남도 서산시청,,2025-06-17
하철솔라,,"충청남도 서산시 성연면 예덕리 664-2 ,664-3,663,664-6,664-4",36.85767234,126.4928084,,정상가동,99,380,60,2024,,2024-08-26,충청남도 서산시청,,2025-06-17
병선서산8호 태양광발전소,,"충청남도 서산시 성연면 예덕리 664-2 ,664-3,665-3,663,666",36.85767234,126.4928084,,정상가동,99,380,60,2024,,2024-08-26,충청남도 서산시청,,2025-06-17
해피에너지,,"충청남도 서산시 성연면 예덕리 665-3 ,663",36.85770777,126.4925133,,정상가동,99,380,60,2024,,2024-08-26,충청남도 서산시청,,2025-06-17
성모발전소,,"충청남도 서산시 성연면 예덕리 664-2 ,664-3,665-3,663,664-6",36.85767234,126.4928084,,정상가동,99,380,60,2024,,2024-08-26,충청남도 서산시청,,2025-06-17
경미서산6호 태양광발전소,,"충청남도 서산시 성연면 예덕리 665 ,664-1,664-2",36.85796698,126.4930776,,정상가동,99,380,60,2024,,2024-08-26,충청남도 서산시청,,2025-06-17
마이솔라,,"충청남도 서산시 성연면 예덕리 665 ,665-1,665-2,664-1,664-2",36.85796698,126.4930776,,정상가동,99,380,60,2024,,2024-08-26,충청남도 서산시청,,2025-06-17
혜자서산1호 태양광발전소,,"충청남도 서산시 성연면 예덕리 665 ,665-1,664-1,664-2",36.85796698,126.4930776,,정상가동,99,380,60,2024,,2024-08-26,충청남도 서산시청,,2025-06-17
그린서산1호,,"충청남도 서산시 성연면 예덕리 664-1 ,665, 666",36.85775523,126.4930366,,정상가동,99,380,60,2024,,2024-08-26,충청남도 서산시청,,2025-06-17
면천태양광1호,,"충청남도 서산시 성연면 예덕리 666 ,667",36.85799261,126.4938791,,정상가동,459.25,380,60,2024,,2024-08-26,충청남도 서산시청,,2025-06-17
해담은1호 태양광발전소,,충청남도 서산시 고북면 사기리 107-2,36.65785829,126.4961867,,정상가동,299.64,380,60,2024,,2024-07-30,충청남도 서산시청,,2025-06-17
해담은3호 태양광발전소,,"충청남도 서산시 고북면 사기리 107-2 ,산 18-1",36.65785829,126.4961867,,정상가동,299.64,380,60,2024,,2024-07-30,충청남도 서산시청,,2025-06-17
해담은2호태양광발전소,,"충청남도 서산시 고북면 사기리 107-2 ,산18-1",36.65785829,126.4961867,,정상가동,299.64,380,60,2024,,2024-07-30,충청남도 서산시청,,2025-06-17
해담은4호태양광발전소,,충청남도 서산시 고북면 사기리 산 18-1,36.65774585,126.4972493,,정상가동,299.64,380,60,2024,,2024-07-30,충청남도 서산시청,,2025-06-17
부성에너지1호태양광발전소,,충청남도 서산시 지곡면 환성리 777-34,36.92039993,126.4233537,,정상가동,999.18,22900,60,2024,,2024-07-24,충청남도 서산시청,,2025-06-17
부성에너지2호 태양광발전소,,충청남도 서산시 지곡면 환성리 777-34,36.92039993,126.4233537,,정상가동,999.18,22900,60,2024,,2024-07-24,충청남도 서산시청,,2025-06-17
공숲발전소,,충청남도 서산시 고북면 신정리 350-22,36.67944499,126.5064668,,정상가동,99.82,380,60,2024,,2024-07-17,충청남도 서산시청,,2025-06-17
금영토건태양광발전소,,"충청남도 서산시 성연면 명천리 425 ,426",36.84276484,126.4938069,,정상가동,799.47,22900,60,2024,,2024-07-17,충청남도 서산시청,,2025-06-17
이안태양광2호,,"충청남도 서산시 고북면 신정리 350-10 ,350-11,350-16,350-21,350-23,350-24",36.6799567,126.5060518,,정상가동,99.82,380,60,2024,,2024-07-17,충청남도 서산시청,,2025-06-17
신정2호발전소,,"충청남도 서산시 고북면 신정리 산 97-7 ,산97-8,산97-10",36.67979288,126.5074429,,정상가동,999.81,22900,60,2024,,2024-07-17,충청남도 서산시청,,2025-06-17
이안태양광1호,,"충청남도 서산시 고북면 신정리 350-10 ,350-11,350-16",36.6799567,126.5060518,,정상가동,99.82,380,60,2024,,2024-07-17,충청남도 서산시청,,2025-06-17
에이치제트태양광,,"충청남도 서산시 고북면 신정리 350-21 ,350-22,350-24",36.67985114,126.5065595,,정상가동,98.82,380,60,2024,,2024-07-17,충청남도 서산시청,,2025-06-17
전라발전소,,충청남도 서산시 고북면 신정리 350-22,36.67944499,126.5064668,,정상가동,99.82,380,60,2024,,2024-07-17,충청남도 서산시청,,2025-06-17
민기발전소,,충청남도 서산시 고북면 신정리 350-22,36.67944499,126.5064668,,정상가동,99.82,380,60,2024,,2024-07-17,충청남도 서산시청,,2025-06-17
건희발전소,,"충청남도 서산시 고북면 신정리 350-20 ,350-21,350-22",36.67983101,126.5067471,,정상가동,99.82,380,60,2024,,2024-07-17,충청남도 서산시청,,2025-06-17
파워풀가을,,"충청남도 서산시 고북면 신정리 350-20 ,350-21,350-22,350-23",36.67983101,126.5067471,,정상가동,99.82,380,60,2024,,2024-07-17,충청남도 서산시청,,2025-06-17
하성빌태양광발전소,충청남도 서산시 성연면 성연2로 6-13,충청남도 서산시 성연면 오사리 1778,36.8275769,126.4464428,,정상가동,15,380,60,2024,,2024-07-15,충청남도 서산시청,,2025-06-17
우성태양광발전소,,"충청남도 서산시 성연면 명천리 418-2 ,420,420-1,421-3",36.84157709,126.4938433,,정상가동,299.72,380,60,2024,,2024-07-11,충청남도 서산시청,,2025-06-17
명천5호 태양광발전소,,"충청남도 서산시 성연면 명천리 418-2 ,420,420-1,421-3",36.84157709,126.4938433,,정상가동,99.7,380,60,2024,,2024-07-11,충청남도 서산시청,,2025-06-17
명천4호 태양광발전소,,"충청남도 서산시 성연면 명천리 418-2 ,420,420-1,421-3",36.84157709,126.4938433,,정상가동,99.7,380,60,2024,,2024-07-11,충청남도 서산시청,,2025-06-17
명천3호 태양광발전소,,"충청남도 서산시 성연면 명천리 418-2 ,420, 420-1, 421-3",36.84157709,126.4938433,,정상가동,99.7,380,60,2024,,2024-07-11,충청남도 서산시청,,2025-06-17
명천2호 태양광발전소,,"충청남도 서산시 성연면 명천리 418-2 ,420, 420-1, 421-3",36.84157709,126.4938433,,정상가동,99.7,380,60,2024,,2024-07-11,충청남도 서산시청,,2025-06-17
명천1호 태양광발전소,,"충청남도 서산시 성연면 명천리 418-2 ,420, 420-1, 421-3",36.84157709,126.4938433,,정상가동,99.7,380,60,2024,,2024-07-11,충청남도 서산시청,,2025-06-17
경전 태양광발전소,,충청남도 서산시 대산읍 기은리 697-3,36.95905345,126.3890847,,정상가동,99.99,380,60,2024,,2024-07-04,충청남도 서산시청,,2025-06-17
에이치디 태양광발전소,,충청남도 서산시 대산읍 기은리 697-3,36.95905345,126.3890847,,정상가동,99.99,380,60,2024,,2024-07-04,충청남도 서산시청,,2025-06-17
햇살2호 태양광발전소,,충청남도 서산시 대산읍 기은리 697-3,36.95905345,126.3890847,,정상가동,99.99,380,60,2024,,2024-07-04,충청남도 서산시청,,2025-06-17
하이에코솔라 태양광발전소,,충청남도 서산시 대산읍 기은리 697-3,36.95905345,126.3890847,,정상가동,99.99,380,60,2024,,2024-07-04,충청남도 서산시청,,2025-06-17
디에스1호 태양광발전소,,충청남도 서산시 대산읍 기은리 697-3,36.95905345,126.3890847,,정상가동,99.99,380,60,2024,,2024-07-04,충청남도 서산시청,,2025-06-17
성화3호 태양광발전소,,충청남도 서산시 대산읍 기은리 697-3,36.95905345,126.3890847,,정상가동,99.99,380,60,2024,,2024-07-04,충청남도 서산시청,,2025-06-17
성열3호 태양광발전소,,충청남도 서산시 대산읍 기은리 697-3,36.95905345,126.3890847,,정상가동,99.99,380,60,2024,,2024-07-04,충청남도 서산시청,,2025-06-17
대산2호 태양광발전소,,충청남도 서산시 대산읍 기은리 697-3,36.95905345,126.3890847,,정상가동,99.99,380,60,2024,,2024-07-04,충청남도 서산시청,,2025-06-17
대기5호 태양광발전소,,충청남도 서산시 대산읍 기은리 697-3,36.95905345,126.3890847,,정상가동,99.99,380,60,2024,,2024-07-04,충청남도 서산시청,,2025-06-17
대산황금1호 태양광발전소,,충청남도 서산시 대산읍 기은리 697-3,36.95905345,126.3890847,,정상가동,99.99,380,60,2024,,2024-07-04,충청남도 서산시청,,2025-06-17
정자태양광발전소,충청남도 서산시 고북면 양거미길 31,충청남도 서산시 고북면 정자리 300-2,36.64732023,126.5128691,,정상가동,18,380,60,2024,,2024-07-01,충청남도 서산시청,,2025-06-17
김준호 태양광발전소,충청남도 서산시 해미면 덕지천로 843,충청남도 서산시 해미면 억대리 229-5,36.72679194,126.5179376,,정상가동,17.98,380,60,2024,,2024-06-28,충청남도 서산시청,,2025-06-17
이진로1 태양광발전소,충청남도 서산시 부석면 인정로 421,충청남도 서산시 부석면 지산리 595-6,36.67639668,126.4150402,,정상가동,30,380,60,2024,,2024-06-28,충청남도 서산시청,,2025-06-17
이진로2 태양광발전소,,"충청남도 서산시 부석면 지산리 601 ,601-3",36.67583326,126.414710,,정상가동,30,380,60,2024,,2024-06-28,충청남도 서산시청,,2025-06-17
대현태양광발전소2,,"충청남도 서산시 대산읍 기은리 635-2 ,635-3",36.96838138,126.3806724,,정상가동,800,22900,60,2024,,2024-06-27,충청남도 서산시청,,2025-06-17
민발전소,,"충청남도 서산시 대산읍 기은리 638 ,637-2",36.96738982,126.3791777,,정상가동,99.38,380,60,2024,,2024-06-27,충청남도 서산시청,,2025-06-17
지원발전소,,"충청남도 서산시 대산읍 기은리 635 ,635-1,637-1,637-2,638",36.96774771,126.3799567,,정상가동,99.38,380,60,2024,,2024-06-27,충청남도 서산시청,,2025-06-17
정환발전소,,"충청남도 서산시 대산읍 기은리 637-1 ,637-2,638",36.96761355,126.3794886,,정상가동,99.38,380,60,2024,,2024-06-27,충청남도 서산시청,,2025-06-17
미선발전소,,"충청남도 서산시 대산읍 기은리 637-1 ,637-2,638",36.96761355,126.3794886,,정상가동,99.38,380,60,2024,,2024-06-27,충청남도 서산시청,,2025-06-17
왕방발전소,,"충청남도 서산시 대산읍 기은리 635, 635-1,637-2",36.96774771,126.3799567,,정상가동,99.38,380,60,2024,,2024-06-27,충청남도 서산시청,,2025-06-17
해바라기솔라,,"충청남도 서산시 대산읍 기은리 635 ,637-1,637-2",36.96774771,126.3799567,,정상가동,99.38,380,60,2024,,2024-06-27,충청남도 서산시청,,2025-06-17
상명에너지2,,"충청남도 서산시 대산읍 기은리 635 ,637-1",36.96774771,126.3799567,,정상가동,99.38,380,60,2024,,2024-06-27,충청남도 서산시청,,2025-06-17
서산기은19호발전소,,"충청남도 서산시 대산읍 기은리 637-1 ,637-2",36.96761355,126.3794886,,정상가동,99.38,380,60,2024,,2024-06-27,충청남도 서산시청,,2025-06-17
쏠라이트1호,,"충청남도 서산시 대산읍 기은리 637-1 ,637-2,638",36.96761355,126.3794886,,정상가동,99.38,380,60,2024,,2024-06-27,충청남도 서산시청,,2025-06-17
길9호발전소,,"충청남도 서산시 대산읍 기은리 635 ,635-1",36.96774771,126.3799567,,정상가동,99.38,380,60,2024,,2024-06-27,충청남도 서산시청,,2025-06-17
길7호발전소,,"충청남도 서산시 대산읍 기은리 635 ,637-1",36.96774771,126.3799567,,정상가동,99.38,380,60,2024,,2024-06-27,충청남도 서산시청,,2025-06-17
길5호발전소,,"충청남도 서산시 대산읍 기은리 635 ,636,637-1",36.96774771,126.3799567,,정상가동,99.38,380,60,2024,,2024-06-27,충청남도 서산시청,,2025-06-17
서산11발전소,,"충청남도 서산시 대산읍 기은리 636 ,637-1",36.96794487,126.3793439,,정상가동,99.38,380,60,2024,,2024-06-27,충청남도 서산시청,,2025-06-17
서산10 발전소,,"충청남도 서산시 대산읍 기은리 636 ,637-1,641-1",36.96794487,126.3793439,,정상가동,99.38,380,60,2024,,2024-06-27,충청남도 서산시청,,2025-06-17
진안태양광발전소,,"충청남도 서산시 대산읍 기은리 636 ,637-1,637-2,637-3,641-1",36.96794487,126.3793439,,정상가동,99.38,380,60,2024,,2024-06-27,충청남도 서산시청,,2025-06-17
천안태양광발전소,,"충청남도 서산시 대산읍 기은리 636 ,637-1,637-2,641-1",36.96794487,126.3793439,,정상가동,99.38,380,60,2024,,2024-06-27,충청남도 서산시청,,2025-06-17
에스와이솔라,,"충청남도 서산시 대산읍 기은리 637-2 ,638,640",36.96747404,126.3792447,,정상가동,99.38,380,60,2024,,2024-06-27,충청남도 서산시청,,2025-06-17
씨에이치솔라,,충청남도 서산시 대산읍 기은리 640,36.96756376,126.3785217,,정상가동,99.38,380,60,2024,,2024-06-27,충청남도 서산시청,,2025-06-17
대산솔라,,"충청남도 서산시 대산읍 기은리 636 ,637-2,637-3,638,640,641-1",36.96794487,126.3793439,,정상가동,99.38,380,60,2024,,2024-06-27,충청남도 서산시청,,2025-06-17
제이에이치솔라,,"충청남도 서산시 대산읍 기은리 638 ,637-3,640,641-1",36.96738982,126.3791777,,정상가동,99.38,380,60,2024,,2024-06-27,충청남도 서산시청,,2025-06-17
에스에이치솔라,,"충청남도 서산시 대산읍 기은리 640 ,641-,",36.96756376,126.3785217,,정상가동,99.38,380,60,2024,,2024-06-27,충청남도 서산시청,,2025-06-17
대치기은발전소,,"충청남도 서산시 대산읍 기은리 640 ,641-1",36.96756376,126.3785217,,정상가동,500,22900,60,2024,,2024-06-27,충청남도 서산시청,,2025-06-17
서산2호 태양광발전소,,충청남도 서산시 성연면 예덕리 665-7,36.85868304,126.4928243,,정상가동,199.26,380,60,2024,,2024-06-21,충청남도 서산시청,,2025-06-17
강복규태양광발전소,충청남도 서산시 음암면 상홍검동길 131-1,충청남도 서산시 음암면 상홍리 872,36.78493549,126.494989,,정상가동,17.98,380,60,2024,,2024-06-17,충청남도 서산시청,,2025-06-17
성민태양광발전소,,충청남도 서산시 지곡면 환성리 845-1,36.91808105,126.4137307,,정상가동,85.91,380,60,2024,,2024-06-13,충청남도 서산시청,,2025-06-17
에스엠태양광발전소,,충청남도 서산시 지곡면 환성리 845-1,36.91808105,126.4137307,,정상가동,99.83,380,60,2024,,2024-06-13,충청남도 서산시청,,2025-06-17
푸름태양광발전소,,충청남도 서산시 지곡면 환성리 845-1,36.91808105,126.4137307,,정상가동,99.83,380,60,2024,,2024-06-13,충청남도 서산시청,,2025-06-17
삼은태양광발전소,,충청남도 서산시 지곡면 환성리 845-1,36.91808105,126.4137307,,정상가동,99.83,380,60,2024,,2024-06-13,충청남도 서산시청,,2025-06-17
불휘햇빛27호 태양광발전소,충청남도 서산시 무석3로 12-1 (석림동),충청남도 서산시 석림동 299-26,36.77063985,126.4696922,,정상가동,97.95,380,60,2024,,2024-06-04,충청남도 서산시청,,2025-06-17
미담태양광발전소,,"충청남도 서산시 지곡면 대요리 515-2 ,514",36.88432303,126.4348016,,정상가동,100,380,60,2024,,2024-06-04,충청남도 서산시청,,2025-06-17
금녕태양광발전소,,"충청남도 서산시 지곡면 대요리 515-1 ,515-2",36.88468325,126.4345059,,정상가동,100,380,60,2024,,2024-06-04,충청남도 서산시청,,2025-06-17
하얀태양광발전소,,"충청남도 서산시 지곡면 대요리 515-1 ,515-2",36.88468325,126.4345059,,정상가동,100,380,60,2024,,2024-06-04,충청남도 서산시청,,2025-06-17
수정태양광발전소,,충청남도 서산시 지곡면 대요리 515-1,36.88468325,126.4345059,,정상가동,100,380,60,2024,,2024-06-04,충청남도 서산시청,,2025-06-17
청명태양광발전소,충청남도 서산시 성연면 성연3로 239-49,충청남도 서산시 성연면 왕정리 591,36.83356803,126.4593553,,정상가동,297,380,60,2024,,2024-06-03,충청남도 서산시청,,2025-06-17
비씨엔지산솔라2호 태양광발전소,,충청남도 서산시 부석면 지산리 640-156,,,,정상가동,91.2,380,60,2024,,2024-05-31,충청남도 서산시청,,2025-06-17
다인지산솔라2호 태양광발전소,,충청남도 서산시 부석면 지산리 640-88,36.67111208,126.4206651,,정상가동,91.2,380,60,2024,,2024-05-31,충청남도 서산시청,,2025-06-17
햇살그린발전소727호태양광발전소,충청남도 서산시 고북면 기포새터길 45-10,충청남도 서산시 고북면 기포리 528-1,36.66817013,126.5193755,,정상가동,19.36,380,60,2024,,2024-05-29,충청남도 서산시청,,2025-06-17
해성리1 태양광발전소,,"충청남도 서산시 성연면 해성리 467 ,467-6, 469, 469-1, 469-2",36.87067871,126.4776406,,정상가동,716.76,22900,60,2024,,2024-05-29,충청남도 서산시청,,2025-06-17
해성리3 태양광발전소,,"충청남도 서산시 성연면 해성리 467 ,467-6,469,469-1,469-2",36.87067871,126.4776406,,정상가동,716.76,22900,60,2024,,2024-05-29,충청남도 서산시청,,2025-06-17
해성리2 태양광발전소,,"충청남도 서산시 성연면 해성리 467 ,467-6, 469, 469-1, 469-2",36.87067871,126.4776406,,정상가동,716.76,22900,60,2024,,2024-05-29,충청남도 서산시청,,2025-06-17
지곡윤석 태양광발전소,,"충청남도 서산시 지곡면 환성리 843-1 ,843-46",36.91936257,126.4162071,,정상가동,99.4,380,60,2024,,2024-05-20,충청남도 서산시청,,2025-06-17
해마루지곡 태양광발전소,,"충청남도 서산시 지곡면 환성리 843-1 ,843-46",36.91936257,126.4162071,,정상가동,99.4,380,60,2024,,2024-05-20,충청남도 서산시청,,2025-06-17
운산5호 태양광발전소,,"충청남도 서산시 대산읍 운산리 509-5 ,509-6",36.97095767,126.4473656,,정상가동,99.36,380,60,2024,,2024-05-09,충청남도 서산시청,,2025-06-17
운산4호 태양광발전소,,"충청남도 서산시 대산읍 운산리 509-5 ,509-6",36.97095767,126.4473656,,정상가동,99.36,380,60,2024,,2024-05-09,충청남도 서산시청,,2025-06-17
운산3호 태양광태양광발전소,,"충청남도 서산시 대산읍 운산리 509-5 ,509-6",36.97095767,126.4473656,,정상가동,99.36,380,60,2024,,2024-05-09,충청남도 서산시청,,2025-06-17
운산2호 태양광발전소,,"충청남도 서산시 대산읍 운산리 509-5 ,509-6",36.97095767,126.4473656,,정상가동,99.36,380,60,2024,,2024-05-09,충청남도 서산시청,,2025-06-17
운산1호 태양광발전소,,"충청남도 서산시 대산읍 운산리 509-5 ,509-6",36.97095767,126.4473656,,정상가동,99.36,380,60,2024,,2024-05-09,충청남도 서산시청,,2025-06-17
운산9호 태양광발전소,,"충청남도 서산시 대산읍 운산리 509-2 ,509-4, 509-5",36.97144394,126.4483705,,정상가동,99.36,380,60,2024,,2024-05-09,충청남도 서산시청,,2025-06-17
운산8호 태양광발전소,,"충청남도 서산시 대산읍 운산리 509-4 ,509-5",36.97133503,126.4474273,,정상가동,99.36,380,60,2024,,2024-05-09,충청남도 서산시청,,2025-06-17
운산7호 태양광발전소,,"충청남도 서산시 대산읍 운산리 509-4 ,509-5",36.97133503,126.4474273,,정상가동,99.36,380,60,2024,,2024-05-09,충청남도 서산시청,,2025-06-17
운산6호 태양광발전소,,"충청남도 서산시 대산읍 운산리 509-4, 509-5,509-6",36.97133503,126.4474273,,정상가동,99.36,380,60,2024,,2024-05-09,충청남도 서산시청,,2025-06-17
갈산리 태양광발전소,,"충청남도 서산시 운산면 갈산리 358 ,803-7, 798-7, 864-1, 850-3, 113-10",36.80611619,126.5709026,,정상가동,771.12,22900,60,2024,,2024-05-09,충청남도 서산시청,,2025-06-17
해마루환성태양광발전소,,충청남도 서산시 지곡면 환성리 841,36.91888029,126.4166141,,정상가동,99.4,380,60,2024,,2024-05-03,충청남도 서산시청,,2025-06-17
창해장현,,충청남도 서산시 지곡면 장현리 477-5,36.861707,126.4010528,,정상가동,98,380,60,2024,,2024-05-01,충청남도 서산시청,,2025-06-17
대원태양광발전소,,충청남도 서산시 지곡면 장현리 477-5,36.861707,126.4010528,,정상가동,98,380,60,2024,,2024-05-01,충청남도 서산시청,,2025-06-17
지곡2호태양광발전소,,충청남도 서산시 지곡면 환성리 681-28,36.90475605,126.4316969,,정상가동,999.9,22900,60,2024,,2024-04-22,충청남도 서산시청,,2025-06-17
지곡1호 태양광발전소,,충청남도 서산시 지곡면 환성리 681-47,36.90415099,126.4314988,,정상가동,999.9,22900,60,2024,,2024-04-22,충청남도 서산시청,,2025-06-17
지곡4호 태양광발전소,,충청남도 서산시 지곡면 환성리 681-3,36.90632945,126.4318669,,정상가동,999.9,22900,60,2024,,2024-04-22,충청남도 서산시청,,2025-06-17
지곡3호 태양광발전소,,충청남도 서산시 지곡면 환성리 681-24,36.90538848,126.4323865,,정상가동,999.9,22900,60,2024,,2024-04-22,충청남도 서산시청,,2025-06-17
일람2리 태양광발전소,충청남도 서산시 성연면 일호리2길 84-7,충청남도 서산시 성연면일람리 888,36.81301802,126.4306604,,정상가동,30,380,60,2024,,2024-04-16,충청남도 서산시청,,2025-06-17
꿈꾸는4 태양광발전소,,충청남도 서산시 고북면 사기리 110-2,36.65888046,126.4972334,,정상가동,19.8,380,60,2024,,2024-04-11,충청남도 서산시청,,2025-06-17
꿈꾸는3 태양광발전소,,충청남도 서산시 고북면 사기리 110-2,36.65888046,126.4972334,,정상가동,95.04,380,60,2024,,2024-04-11,충청남도 서산시청,,2025-06-17
정진쏠라서산2 태양광발전소,,충청남도 서산시 고북면 사기리 110-2,36.65888046,126.4972334,,정상가동,95.04,380,60,2024,,2024-04-11,충청남도 서산시청,,2025-06-17
정진쏠라 서산1 태양광발전소,,충청남도 서산시 고북면 사기리 110-2,36.65888046,126.4972334,,정상가동,95.04,380,60,2024,,2024-04-11,충청남도 서산시청,,2025-06-17
리히서산 태양광발전소,,충청남도 서산시 고북면 사기리 110-2,36.65888046,126.4972334,,정상가동,95.04,380,60,2024,,2024-04-11,충청남도 서산시청,,2025-06-17
성우일서산 태양광발전소,,충청남도 서산시 고북면 사기리 110-2,36.65888046,126.4972334,,정상가동,95.04,380,60,2024,,2024-04-11,충청남도 서산시청,,2025-06-17
이앤장서산 태양광발전소,,충청남도 서산시 고북면 사기리 110-2,36.65888046,126.4972334,,정상가동,95.04,380,60,2024,,2024-04-11,충청남도 서산시청,,2025-06-17
삼은태양광발전소,,충청남도 서산시 지곡면 환성리 847-14,36.91521975,126.4127385,,정상가동,249.86,380,60,2024,,2024-04-05,충청남도 서산시청,,2025-06-17
성민태양광발전소,,충청남도 서산시 지곡면 환성리 847-14,36.91521975,126.4127385,,정상가동,99.82,380,60,2024,,2024-04-05,충청남도 서산시청,,2025-06-17
석인태양광발전소,,충청남도 서산시 지곡면 환성리 847-15,36.91562516,126.4125396,,정상가동,99.82,380,60,2024,,2024-04-05,충청남도 서산시청,,2025-06-17
상상원태양광발전소,,충청남도 서산시 지곡면 환성리 847-15,36.91562516,126.4125396,,정상가동,399.9,380,60,2024,,2024-04-05,충청남도 서산시청,,2025-06-17
썬샤인 태양광발전소,,"충청남도 서산시 인지면 야당리 14-7 ,15-1",36.75398028,126.4365946,,정상가동,96.36,380,60,2024,,2024-03-14,충청남도 서산시청,,2025-06-17
더썬 태양광발전소,,"충청남도 서산시 인지면 야당리 14-7 ,15-1",36.75398028,126.4365946,,정상가동,96.36,380,60,2024,,2024-03-14,충청남도 서산시청,,2025-06-17
다온(야당) 태양광발전소,,"충청남도 서산시 인지면 야당리 14-7 ,15-1",36.75398028,126.4365946,,정상가동,96.36,380,60,2024,,2024-03-14,충청남도 서산시청,,2025-06-17
빛에너지(서산) 태양광발전소,,"충청남도 서산시 인지면 야당리 14-7 ,15-1",36.75398028,126.4365946,,정상가동,96.36,380,60,2024,,2024-03-14,충청남도 서산시청,,2025-06-17
썬라이즈 태양광발전소,,"충청남도 서산시 인지면 야당리 14-7 ,15-1",36.75398028,126.4365946,,정상가동,96.36,380,60,2024,,2024-03-14,충청남도 서산시청,,2025-06-17
신흥2 태양광발전소,,충청남도 서산시 대산읍 영탑리 835-5,36.92529138,126.4264863,,정상가동,99.71,380,60,2024,,2024-03-12,충청남도 서산시청,,2025-06-17
대영2 태양광발전소,,충청남도 서산시 대산읍 영탑리 835-5,36.92529138,126.4264863,,정상가동,99.71,380,60,2024,,2024-03-12,충청남도 서산시청,,2025-06-17
행복4 태양광발전소,,충청남도 서산시 대산읍 영탑리 835-2,36.92569691,126.4264322,,정상가동,99.71,380,60,2024,,2024-03-12,충청남도 서산시청,,2025-06-17
이완 태양광발전소,,충청남도 서산시 대산읍 영탑리 835-4,36.92423117,126.4262431,,정상가동,99.71,380,60,2024,,2024-03-12,충청남도 서산시청,,2025-06-17
럭키10 태양광발전소,,충청남도 서산시 대산읍 영탑리 835-2,36.92569691,126.4264322,,정상가동,99.71,380,60,2024,,2024-03-12,충청남도 서산시청,,2025-06-17
만해4호 태양광발전소,,"충청남도 서산시 대산읍 영탑리 836-3, 835-2",,,,정상가동,99.71,380,60,2024,,2024-03-12,충청남도 서산시청,,2025-06-17
대산서산 태양광발전소,,충청남도 서산시 대산읍 영탑리 835-5,36.92529138,126.4264863,,정상가동,99.71,380,60,2024,,2024-03-12,충청남도 서산시청,,2025-06-17
죽림2 태양광발전소,,충청남도 서산시 대산읍 영탑리 836-3,,,,정상가동,99.71,380,60,2024,,2024-03-12,충청남도 서산시청,,2025-06-17
솔라원5 태양광발전소,,"충청남도 서산시 대산읍 영탑리 835 ,836-3",36.924610,126.4262656,,정상가동,99.71,380,60,2024,,2024-03-12,충청남도 서산시청,,2025-06-17
에이스 태양광발전소,,충청남도 서산시 대산읍 영탑리 835-5,36.92529138,126.4264863,,정상가동,99.71,380,60,2024,,2024-03-12,충청남도 서산시청,,2025-06-17
가람 태양광발전소,,"충청남도 서산시 대산읍 영탑리 835 ,836-4",36.924610,126.4262656,,정상가동,99.71,380,60,2024,,2024-03-12,충청남도 서산시청,,2025-06-17
윤 태양광발전소,,"충청남도 서산시 대산읍 영탑리 835 ,835-1,835-4",36.924610,126.4262656,,정상가동,99.71,380,60,2024,,2024-03-12,충청남도 서산시청,,2025-06-17
진규 태양광발전소,,충청남도 서산시 대산읍 영탑리 835-5,36.92529138,126.4264863,,정상가동,99.71,380,60,2024,,2024-03-12,충청남도 서산시청,,2025-06-17
순남 태양광발전소,,"충청남도 서산시 대산읍 영탑리 835-1 ,835-4",36.9253526,126.425903,,정상가동,99.71,380,60,2024,,2024-03-12,충청남도 서산시청,,2025-06-17
소영 태양광발전소,,충청남도 서산시 대산읍 영탑리 835-5,36.92529138,126.4264863,,정상가동,99.71,380,60,2024,,2024-03-12,충청남도 서산시청,,2025-06-17
지수 태양광발전소,,"충청남도 서산시 대산읍 영탑리 835-1 ,835-4",36.9253526,126.425903,,정상가동,99.71,380,60,2024,,2024-03-12,충청남도 서산시청,,2025-06-17
적산 태양광발전소,,"충청남도 서산시 대산읍 영탑리 835-1 ,835-4",36.9253526,126.425903,,정상가동,99.71,380,60,2024,,2024-03-12,충청남도 서산시청,,2025-06-17
호남서산 태양광발전소,,충청남도 서산시 대산읍 영탑리 835-5,36.92529138,126.4264863,,정상가동,99.71,380,60,2024,,2024-03-12,충청남도 서산시청,,2025-06-17
서림 태양광발전소,,"충청남도 서산시 대산읍 영탑리 835-1 ,835-4",36.9253526,126.425903,,정상가동,99.71,380,60,2024,,2024-03-12,충청남도 서산시청,,2025-06-17
죽림 태양광발전소,,"충청남도 서산시 대산읍 영탑리 835-4 ,835-6",36.92423117,126.4262431,,정상가동,99.71,380,60,2024,,2024-03-12,충청남도 서산시청,,2025-06-17
현만 태양광발전소,,충청남도 서산시 대산읍 영탑리 835-5,36.92529138,126.4264863,,정상가동,99.71,380,60,2024,,2024-03-12,충청남도 서산시청,,2025-06-17
후산2 태양광발전소,,"충청남도 서산시 대산읍 영탑리 835-4 ,835-6",36.92423117,126.4262431,,정상가동,99.71,380,60,2024,,2024-03-12,충청남도 서산시청,,2025-06-17
후산1 태양광발전소,,"충청남도 서산시 대산읍 영탑리 835-4 ,835-6",36.92423117,126.4262431,,정상가동,99.71,380,60,2024,,2024-03-12,충청남도 서산시청,,2025-06-17
인성20호태양광발전소,,"충청남도 서산시 대산읍 영탑리 835-4 ,835-6",36.92423117,126.4262431,,정상가동,99.71,380,60,2024,,2024-03-12,충청남도 서산시청,,2025-06-17
해피8호태양광발전소,,충청남도 서산시 대산읍 영탑리 835-5,36.92529138,126.4264863,,정상가동,99.71,380,60,2024,,2024-03-12,충청남도 서산시청,,2025-06-17
인성19호태양광발전소,,"충청남도 서산시 대산읍 영탑리 835-4 ,835-6",36.92423117,126.4262431,,정상가동,99.71,380,60,2024,,2024-03-12,충청남도 서산시청,,2025-06-17
다솜1 태양광발전소,,"충청남도 서산시 대산읍 영탑리 835-4 ,835-6",36.92423117,126.4262431,,정상가동,99.71,380,60,2024,,2024-03-12,충청남도 서산시청,,2025-06-17
남양2 태양광발전소,,충청남도 서산시 대산읍 영탑리 835-5,36.92529138,126.4264863,,정상가동,99.71,380,60,2024,,2024-03-12,충청남도 서산시청,,2025-06-17
진경1호 태양광발전소,,"충청남도 서산시 대산읍 영탑리 835-4 ,835-6",36.92423117,126.4262431,,정상가동,99.71,380,60,2024,,2024-03-12,충청남도 서산시청,,2025-06-17
대성태양광발전소,,"충청남도 서산시 장동 451-9 ,451-11,451-12,451-13,451-18",36.7320453,126.4830005,,정상가동,99.75,380,60,2024,,2024-02-22,충청남도 서산시청,,2025-06-17
인숙태양광발전소,,"충청남도 서산시 장동 451-9 ,451-11,451-12,451-13,451-18",36.7320453,126.4830005,,정상가동,99.75,380,60,2024,,2024-02-22,충청남도 서산시청,,2025-06-17
에스엠장동8호,,"충청남도 서산시 장동 451-9 ,451-11,451-12,451-13,451-18(대지위)",36.7320453,126.4830005,,정상가동,99.75,380,60,2024,,2024-02-22,충청남도 서산시청,,2025-06-17
디에스장동 태양광발전소,,"충청남도 서산시 장동 451-9 ,451-11,451-12,451-13,451-18",36.7320453,126.4830005,,정상가동,99.75,380,60,2024,,2024-02-22,충청남도 서산시청,,2025-06-17
장동하나 태양광발전소,,"충청남도 서산시 장동 451-9 ,451-11,451-12,451-13,451-18",36.7320453,126.4830005,,정상가동,99.75,380,60,2024,,2024-02-22,충청남도 서산시청,,2025-06-17
리호에너지장동 태양광발전소,,"충청남도 서산시 장동 451-9 ,451-11,451-12,451-13,451-18",36.7320453,126.4830005,,정상가동,99.75,380,60,2024,,2024-02-22,충청남도 서산시청,,2025-06-17
더글림태양광발전소,,"충청남도 서산시 장동 451-9 ,451-11,451-12,451-13,451-18",36.7320453,126.4830005,,정상가동,99.75,380,60,2024,,2024-02-22,충청남도 서산시청,,2025-06-17
장동이야기 태양광발전소,,"충청남도 서산시 장동 451-9 ,451-11,451-12,451-13,451-18",36.7320453,126.4830005,,정상가동,99.75,380,60,2024,,2024-02-22,충청남도 서산시청,,2025-06-17
에스디장동태양광발전소,,"충청남도 서산시 장동 451-9 ,451-11,451-12,451-13,451-18",36.7320453,126.4830005,,정상가동,99.75,380,60,2024,,2024-02-22,충청남도 서산시청,,2025-06-17
햇살농장 태양광발전소,,"충청남도 서산시 장동 451-9 ,451-11,451-12,451-13,451-18",36.7320453,126.4830005,,정상가동,99.75,380,60,2024,,2024-02-22,충청남도 서산시청,,2025-06-17
한빛장동 태양광발전소,,"충청남도 서산시 장동 451-9 ,451-11,451-12,451-13,451-18",36.7320453,126.4830005,,정상가동,99.75,380,60,2024,,2024-02-22,충청남도 서산시청,,2025-06-17
신정태양광발전소,,"충청남도 서산시 고북면 신정리 산 61-2 ,324-4",36.68832923,126.5047904,,정상가동,999.6,22900,60,2024,,2024-02-19,충청남도 서산시청,,2025-06-17
서산태양광발전소,,"충청남도 서산시 고북면 신정리 산 61-2, 324-2, 322, 323, 324",36.68832923,126.5047904,,정상가동,823.2,22900,60,2024,,2024-02-19,충청남도 서산시청,,2025-06-17
고북태양광발전소,,"충청남도 서산시 고북면 신정리 산 61-2, 324-2",36.68832923,126.5047904,,정상가동,999.6,22900,60,2024,,2024-02-19,충청남도 서산시청,,2025-06-17
채리3호태양광발전소,,"충청남도 서산시 고북면 기포리 551 ,552-1,553,554-11",36.66766554,126.5139301,,정상가동,99.2,380,60,2024,,2024-02-07,충청남도 서산시청,,2025-06-17
연준성6호 태양광발전소,,"충청남도 서산시 고북면 기포리 551 ,552-1,553,554-11",36.66766554,126.5139301,,정상가동,99.2,380,60,2024,,2024-02-07,충청남도 서산시청,,2025-06-17
솔라시도1호 태양광발전소,,"충청남도 서산시 고북면 기포리 551 ,552-1,553,554-11",36.66766554,126.5139301,,정상가동,99.2,380,60,2024,,2024-02-07,충청남도 서산시청,,2025-06-17
한현1호 태양광발전소,,"충청남도 서산시 고북면 기포리 551, 552-1,553,554-11",36.66766554,126.5139301,,정상가동,99.2,380,60,2024,,2024-02-07,충청남도 서산시청,,2025-06-17
9Sunny1호 태양광발전소,,"충청남도 서산시 고북면 기포리 551 ,552-1,553,554-11",36.66766554,126.5139301,,정상가동,99.2,380,60,2024,,2024-02-07,충청남도 서산시청,,2025-06-17
은하수1호 태양광발전소,,"충청남도 서산시 고북면 기포리 551 ,552-1, 553, 554-11",36.66766554,126.5139301,,정상가동,99.2,380,60,2024,,2024-02-07,충청남도 서산시청,,2025-06-17
니케1호 태양광발전소,,"충청남도 서산시 고북면 기포리 551 ,552-1,553,554-11",36.66766554,126.5139301,,정상가동,99.2,380,60,2024,,2024-02-07,충청남도 서산시청,,2025-06-17
조선 태양광발전소,,"충청남도 서산시 고북면 기포리 551 ,552-1,553,554-11",36.66766554,126.5139301,,정상가동,99.2,380,60,2024,,2024-02-07,충청남도 서산시청,,2025-06-17
경국2호 태양광발전소,,"충청남도 서산시 고북면 기포리 551 ,552-1,553,554-11",36.66766554,126.5139301,,정상가동,169.88,380,60,2024,,2024-02-07,충청남도 서산시청,,2025-06-17
현민1호 태양광발전소,,"충청남도 서산시 고북면 기포리 551 ,552-1,553,554-11",36.66766554,126.5139301,,정상가동,99.2,380,60,2024,,2024-02-07,충청남도 서산시청,,2025-06-17
도리1호태양광발전소,,"충청남도 서산시 대산읍 기은리 698-7 ,698-9",36.95871523,126.3863144,,정상가동,99.99,380,60,2024,,2024-02-02,충청남도 서산시청,,2025-06-17
대산5호 태양광발전소,,"충청남도 서산시 대산읍 기은리 698-7 ,698-9",36.95871523,126.3863144,,정상가동,99.99,380,60,2024,,2024-02-02,충청남도 서산시청,,2025-06-17
에스에이치에코솔라태양광발전소,,충청남도 서산시 대산읍 기은리 698-9,36.95844868,126.3869378,,정상가동,99.99,380,60,2024,,2024-02-02,충청남도 서산시청,,2025-06-17
넘버원태양광발전소,,충청남도 서산시 대산읍 기은리 698-9,36.95844868,126.3869378,,정상가동,99.99,380,60,2024,,2024-02-02,충청남도 서산시청,,2025-06-17
선샤인태양광발전소,,충청남도 서산시 대산읍 기은리 698-9,36.95844868,126.3869378,,정상가동,99.99,380,60,2024,,2024-02-02,충청남도 서산시청,,2025-06-17
디엠솔라 태양광발전소,,충청남도 서산시 대산읍 기은리 698-9,36.95844868,126.3869378,,정상가동,99.99,380,60,2024,,2024-02-02,충청남도 서산시청,,2025-06-17
라희2호 태양광발전소,,"충청남도 서산시 대산읍 기은리 698-7 ,698-9",36.95871523,126.3863144,,정상가동,40,380,60,2024,,2024-02-02,충청남도 서산시청,,2025-06-17
에코그린솔라 태양광발전소,,충청남도 서산시 대산읍 기은리 698-9,36.95844868,126.3869378,,정상가동,99.99,380,60,2024,,2024-02-02,충청남도 서산시청,,2025-06-17
상훈2호 태양광발전소,,"충청남도 서산시 대산읍 기은리 698-7 ,698-9",36.95871523,126.3863144,,정상가동,99.99,380,60,2024,,2024-02-02,충청남도 서산시청,,2025-06-17
서일에너지 태양광발전소,,"충청남도 서산시 대산읍 기은리 698-7 , 698-9",36.95871523,126.3863144,,정상가동,99.99,380,60,2024,,2024-02-02,충청남도 서산시청,,2025-06-17
범진3호 태양광발전소,,"충청남도 서산시 대산읍 기은리 698-7 ,698-9",36.95871523,126.3863144,,정상가동,99.99,380,60,2024,,2024-02-02,충청남도 서산시청,,2025-06-17
(유)서산4호솔라팜태양광발전소,,충청남도 서산시 부석면 지산리 640-106,36.66619484,126.4171074,,정상가동,430,380,60,2024,,2024-01-19,충청남도 서산시청,,2025-06-17
부석 태양광발전소,,"충청남도 서산시 부석면 강당리 39-1 ,39-2, 39-3, 39-4, 39-5, 17-11",36.65029347,126.4017672,,정상가동,999.81,22900,60,2024,,2024-01-15,충청남도 서산시청,,2025-06-17
강당태양광발전소,,"충청남도 서산시 부석면 강당리 39-1 ,39-2, 39-3, 39-4, 39-5, 17-1, 17-11",36.65029347,126.4017672,,정상가동,999.81,22900,60,2024,,2024-01-15,충청남도 서산시청,,2025-06-17
이티파워팔중1호 태양광발전소,,"충청남도 서산시 운산면 팔중리 374 ,375",36.78561933,126.6338084,,정상가동,457.38,380,60,2024,,2024-01-15,충청남도 서산시청,,2025-06-17
공명 태양광발전소,,충청남도 서산시 지곡면 연화리 573,36.84722159,126.3925812,,정상가동,99.2,380,60,2024,,2024-01-09,충청남도 서산시청,,2025-06-17
지곡2 태양광발전소,,충청남도 서산시 지곡면 연화리 571,36.84779552,126.3932022,,정상가동,80.6,380,60,2024,,2024-01-09,충청남도 서산시청,,2025-06-17
샬롬 태양광발전소,,충청남도 서산시 지곡면 연화리 571,36.84779552,126.3932022,,정상가동,99.2,380,60,2024,,2024-01-09,충청남도 서산시청,,2025-06-17
서빛 태양광발전소,,"충청남도 서산시 지곡면 연화리 545 , 571",36.84820665,126.3935379,,정상가동,99.2,380,60,2024,,2024-01-09,충청남도 서산시청,,2025-06-17
광나리 태양광발전소,,"충청남도 서산시 지곡면 연화리 545 , 546, 571",36.84820665,126.3935379,,정상가동,99.2,380,60,2024,,2024-01-09,충청남도 서산시청,,2025-06-17
KS태양광발전소,,"충청남도 서산시 지곡면 연화리 545 , 546, 547",36.84820665,126.3935379,,정상가동,99.2,380,60,2024,,2024-01-09,충청남도 서산시청,,2025-06-17
제이제이(서산) 태양광발전소,,"충청남도 서산시 지곡면 연화리 546 ,547, 548",36.84828755,126.3939227,,정상가동,99.2,380,60,2024,,2024-01-09,충청남도 서산시청,,2025-06-17
연화 태양광발전소,,"충청남도 서산시 지곡면 연화리 546, 547,548,551-1",36.84828755,126.3939227,,정상가동,99.2,380,60,2024,,2024-01-09,충청남도 서산시청,,2025-06-17
대산쏠라9호태양광발전소,,충청남도 서산시 지곡면 연화리 551-1,36.84890241,126.3938699,,정상가동,99.2,380,60,2024,,2024-01-09,충청남도 서산시청,,2025-06-17
유성 태양광발전소,,"충청남도 서산시 지곡면 연화리 545 , 546, 547",36.84820665,126.3935379,,정상가동,99.2,380,60,2024,,2024-01-09,충청남도 서산시청,,2025-06-17
케이솔라에너지 태양광발전소,충청남도 서산시 성연면 성연3로 160,충청남도 서산시 성연면 왕정리 654,36.83003207,126.4511812,,정상가동,670,22900,60,2024,,2024-01-08,충청남도 서산시청,,2025-06-17
햇귀태양광발전소,,충청남도 서산시 대산읍 대로리 932-13,36.9767696,126.4330134,,정상가동,99,380,60,2024,,2024-01-05,충청남도 서산시청,,2025-06-17
햇빛언덕4호 태양광발전소,,"충청남도 서산시 대산읍 대로리 932-13 ,932-15",36.9767696,126.4330134,,정상가동,99,380,60,2024,,2024-01-05,충청남도 서산시청,,2025-06-17
창옥 태양광발전소,,"충청남도 서산시 지곡면 환성리 846-3 ,846-4, 846-5",36.91917379,126.4118898,,정상가동,99.96,380,60,2024,,2024-01-02,충청남도 서산시청,,2025-06-17
능인환성 태양광발전소,,"충청남도 서산시 지곡면 환성리 846-6 ,846-7",36.91906766,126.4131953,,정상가동,99.96,380,60,2024,,2024-01-02,충청남도 서산시청,,2025-06-17
일광3호 태양광발전소,,"충청남도 서산시 지곡면 환성리 846-3 ,846-4",36.91917379,126.4118898,,정상가동,99.96,380,60,2024,,2024-01-02,충청남도 서산시청,,2025-06-17
서산신일태양광발전소,,"충청남도 서산시 지곡면 환성리 846 ,846-7, 846-8",36.91808484,126.4130538,,정상가동,99.96,380,60,2024,,2024-01-02,충청남도 서산시청,,2025-06-17
서산2호태양광발전소,,충청남도 서산시 지곡면 환성리 846-4,36.91919176,126.412621,,정상가동,99.96,380,60,2024,,2024-01-02,충청남도 서산시청,,2025-06-17
푸른태양광발전소,,"충청남도 서산시 지곡면 환성리 846-2 ,846-3, 846-4, 846-6",36.91884626,126.4125746,,정상가동,99.96,380,60,2024,,2024-01-02,충청남도 서산시청,,2025-06-17
더하태양광발전소,,"충청남도 서산시 지곡면 환성리 846-6 ,846-7, 846-8",36.91906766,126.4131953,,정상가동,99.96,380,60,2024,,2024-01-02,충청남도 서산시청,,2025-06-17
금빛태양광발전소,,"충청남도 서산시 지곡면 환성리 846-2 ,846-3, 846-4",36.91884626,126.4125746,,정상가동,99.96,380,60,2024,,2024-01-02,충청남도 서산시청,,2025-06-17
삼호4태양광발전소,,"충청남도 서산시 지곡면 환성리 846-2 ,846-6, 846-7, 846-8, 846-9",36.91884626,126.4125746,,가동중단,99.96,380,60,2024,,2024-01-02,충청남도 서산시청,,2025-06-17
에스제이태양광발전소,,"충청남도 서산시 지곡면 환성리 846-2 ,846-4, 846-6",36.91884626,126.4125746,,정상가동,99.96,380,60,2024,,2024-01-02,충청남도 서산시청,,2025-06-17
에코웰태양광발전소,,"충청남도 서산시 지곡면 환성리 846-7 ,846-8, 846-9",36.91895641,126.4137333,,정상가동,99.96,380,60,2024,,2024-01-02,충청남도 서산시청,,2025-06-17
에스와이태양광발전소,,"충청남도 서산시 지곡면 환성리 846-2 ,846-8",36.91884626,126.4125746,,정상가동,99.96,380,60,2024,,2024-01-02,충청남도 서산시청,,2025-06-17
파란태양광발전소,,"충청남도 서산시 지곡면 환성리 846-2 ,846-8, 846-9",36.91884626,126.4125746,,정상가동,99.96,380,60,2024,,2024-01-02,충청남도 서산시청,,2025-06-17
창현태양광발전소,,충청남도 서산시 지곡면 환성리 846-5,36.91933629,126.4132965,,정상가동,99.96,380,60,2024,,2024-01-02,충청남도 서산시청,,2025-06-17
태봉환성,,"충청남도 서산시 지곡면 환성리 846-7, 846-8, 846-9",36.91895641,126.4137333,,정상가동,99.96,380,60,2024,,2024-01-02,충청남도 서산시청,,2025-06-17
청명에코태양광발전소,,"충청남도 서산시 지곡면 환성리 846-4, 846-5, 846-6, 846-7",36.91919176,126.412621,,정상가동,99.96,380,60,2024,,2024-01-02,충청남도 서산시청,,2025-06-17
문화발전소2호,,"충청남도 서산시 지곡면 환성리 846-7 ,846-9",36.91895641,126.4137333,,정상가동,99.96,380,60,2024,,2024-01-02,충청남도 서산시청,,2025-06-17
서산1호 태양광발전소,,"충청남도 서산시 지곡면 환성리 846-7 ,846-9",36.91895641,126.4137333,,정상가동,99.96,380,60,2024,,2024-01-02,충청남도 서산시청,,2025-06-17
나경태양광발전소,,"충청남도 서산시 지곡면 환성리 845-2 ,846",36.91800012,126.4133394,,정상가동,44.03,380,60,2024,,2024-01-02,충청남도 서산시청,,2025-06-17
일광1호 태양광발전소,,"충청남도 서산시 지곡면 환성리 846-3, 846-4",36.91917379,126.4118898,,정상가동,99.96,380,60,2024,,2024-01-03,충청남도 서산시청,,2025-06-17
양천리 태양광발전소,,충청남도 서산시 지곡면 환성리 843-46,36.919344,126.4164094,,정상가동,341.04,380,60,2023,,2023-06-19,충청남도 서산시청,,2025-06-17
서해안7호 태양광발전소,,"충청남도 서산시 지곡면 환성리 841, 843-46, 844",36.91888029,126.4166141,,정상가동,417.12,380,60,2023,,2023-06-12,충청남도 서산시청,,2025-06-17
서해안5호 태양광발전소,,"충청남도 서산시 대산읍 대로리 913-14, 913-15, 913-16",36.94194173,126.3868099,,정상가동,468,380,60,2023,,2023-06-12,충청남도 서산시청,,2025-06-17
서해안6호 태양광발전소,,"충청남도 서산시 대산읍 대로리 913-14, 913-15, 913-16",36.94194173,126.3868099,,정상가동,444.96,380,60,2023,,2023-06-12,충청남도 서산시청,,2025-06-17
효창산업,,"충청남도 서산시 대산읍 대로리 913-14, 913-15, 913-16",36.94194173,126.3868099,,정상가동,485.82,380,60,2023,,2023-06-05,충청남도 서산시청,,2025-06-17
병국 태양광발전소,,"충청남도 서산시 대산읍 대로리 913-14, 913-15, 913-16",36.94194173,126.3868099,,정상가동,28.5,380,60,2023,,2023-05-31,충청남도 서산시청,,2025-06-17
봉정태양광발전소,,"충청남도 서산시 대산읍 대로리 913-14, 913-15, 913-16",36.94194173,126.3868099,,정상가동,999.75,22900,60,2023,,2023-05-15,충청남도 서산시청,,2025-06-17
티에이치1태양광발전소,충청남도 서산시 팔봉면 장군산길 25,충청남도 서산시 팔봉면 진장리 445,36.77677391,126.364731,,정상가동,999.75,22900,60,2023,,2023-05-15,충청남도 서산시청,,2025-06-17
봉두태양광발전소,충청남도 서산시 고북면 기포1길 85-27,충청남도 서산시 고북면 기포리 410,36.66373804,126.5225782,,정상가동,221.24,380,60,2023,,2023-05-15,충청남도 서산시청,,2025-06-17
옥당태양광발전소,,충청남도 서산시 부석면 지산리 640-154,36.67109587,126.4198474,,정상가동,999.6,22900,60,2023,,2023-05-15,충청남도 서산시청,,2025-06-17
샬롬태양광발전소,,충청남도 서산시 부석면 지산리 640-154,36.67109587,126.4198474,,정상가동,499.88,380,60,2023,,2023-05-15,충청남도 서산시청,,2025-06-17
장은태양광발전소,,충청남도 서산시 부석면 지산리 640-154,36.67109587,126.4198474,,정상가동,99.96,380,60,2023,,2023-05-15,충청남도 서산시청,,2025-06-17
정화유진2태양광발전소,,충청남도 서산시 부석면 지산리 640-87,36.67127127,126.4197163,,정상가동,99.98,380,60,2023,,2023-05-15,충청남도 서산시청,,2025-06-17
상림태양광발전소,,"충청남도 서산시 부석면 지산리 113-2, 113-4, 113-5",36.68524435,126.4306087,,정상가동,999.6,22900,60,2023,,2023-05-12,충청남도 서산시청,,2025-06-17
소망태양광발전소,,"충청남도 서산시 부석면 지산리 113-2, 113-4, 113-5",36.68524435,126.4306087,,정상가동,999.75,22900,60,2023,,2023-05-12,충청남도 서산시청,,2025-06-17
햇빛태양광발전소,,"충청남도 서산시 부석면 지산리 113-4, 113-5",,,,정상가동,999.75,22900,60,2023,,2023-05-12,충청남도 서산시청,,2025-06-17
사랑태양광발전소,,"충청남도 서산시 부석면 지산리 113-2, 113-4, 113-5",36.68524435,126.4306087,,정상가동,999.75,22900,60,2023,,2023-05-12,충청남도 서산시청,,2025-06-17
자비태양광발전소,,"충청남도 서산시 부석면 지산리 113-4, 113-5",,,,정상가동,999.75,22900,60,2023,,2023-05-12,충청남도 서산시청,,2025-06-17
서상태양광발전소,,"충청남도 서산시 부석면 지산리 113-4, 113-5",,,,정상가동,999.75,22900,60,2023,,2023-05-12,충청남도 서산시청,,2025-06-17
덕유 태양광발전소,,"충청남도 서산시 부석면 지산리 113-4, 113-5",,,,정상가동,999.75,22900,60,2023,,2023-05-12,충청남도 서산시청,,2025-06-17
핵발전소끝1호 태양광발전소,충청남도 서산시 지곡면 도성로 374-8,충청남도 서산시 지곡면 도성리 293-10,36.88958771,126.4138665,,정상가동,22,380,60,2023,,2023-04-24,충청남도 서산시청,,2025-06-17
핵발전소끝2호 태양광발전소,충청남도 서산시 예천8로 6-5 (예천동),충청남도 서산시 예천동 1632,36.76664518,126.4500424,,정상가동,29.58,380,60,2023,,2023-04-24,충청남도 서산시청,,2025-06-17
로마태양광발전소2호,충청남도 서산시 지곡면 불당골길 162-39,충청남도 서산시 지곡면 도성리 11-20,36.87929909,126.4278961,,정상가동,74.38,380,60,2023,,2023-04-18,충청남도 서산시청,,2025-06-17
로마태양광발전소1호,충청남도 서산시 지곡면 불당골길 162-41,충청남도 서산시 지곡면 도성리 9-3,36.87926776,126.4277488,,정상가동,74.38,380,60,2023,,2023-04-18,충청남도 서산시청,,2025-06-17
은신2호 태양광발전소,충청남도 서산시 성연면 성연3로 239-61,충청남도 서산시 성연면 왕정리 588,36.83450817,126.4591637,,정상가동,99,380,60,2023,,2023-04-17,충청남도 서산시청,,2025-06-17
현대솔라6 태양광발전소,충청남도 서산시 운산면 운정로 113,충청남도 서산시 운산면 여미리 143-2,36.82082965,126.5795316,,정상가동,392.5,380,60,2023,,2023-04-17,충청남도 서산시청,,2025-06-17
상영 태양광발전소,,충청남도 서산시 대산읍 기은리 802-7,36.96322842,126.3748582,,정상가동,99,380,60,2023,,2023-04-17,충청남도 서산시청,,2025-06-17
윤정 태양광발전소,,충청남도 서산시 대산읍 기은리 801-2,36.9619244,126.3761072,,정상가동,99,380,60,2023,,2023-04-17,충청남도 서산시청,,2025-06-17
너무조은6 태양광발전소,,충청남도 서산시 대산읍 기은리 800,36.96289901,126.3762008,,정상가동,99,380,60,2023,,2023-04-17,충청남도 서산시청,,2025-06-17
해찬솔 태양광발전소,,충청남도 서산시 대산읍 기은리 800,36.96289901,126.3762008,,가동중단,19.31,380,60,2023,,2023-04-11,충청남도 서산시청,,2025-06-17
해빛찬 태양광발전소,,충청남도 서산시 부석면 봉락리 850,36.67717598,126.3791933,,가동중단,19.31,380,60,2023,,2023-04-11,충청남도 서산시청,,2025-06-17
용우발전소,,충청남도 서산시 부석면 봉락리 850,36.67717598,126.3791933,,가동중단,18.24,220,60,2023,,2023-04-04,충청남도 서산시청,,2025-06-17
쏠라2호 태양광발전소,,충청남도 서산시 부석면 봉락리 850,36.67717598,126.3791933,,가동중단,29.5,380,60,2023,,2023-03-29,충청남도 서산시청,,2025-06-17
석문 태양광발전소,,충청남도 서산시 부석면 봉락리 850,36.67717598,126.3791933,,정상가동,19.47,380,60,2023,,2023-03-24,충청남도 서산시청,,2025-06-17
해미마을 태양광발전소,충청남도 서산시 낫머리길 20 (장동),충청남도 서산시 장동 425-71,36.73317182,126.4703593,,가동중단,87.2,380,60,2023,,2023-03-23,충청남도 서산시청,,2025-06-17
일우태양광발전소1호,충청남도 서산시 낫머리길 35 (장동),충청남도 서산시 장동 425-68,36.73440113,126.4707468,,가동중단,25.52,380,60,2023,,2023-03-22,충청남도 서산시청,,2025-06-17
일우태양광발전소2호,,충청남도 서산시 대산읍 운산리 1021-3,36.94274635,126.4813545,,가동중단,37.7,380,60,2023,,2023-03-22,충청남도 서산시청,,2025-06-17
서산 은빛솔라,,충청남도 서산시 대산읍 대로리 913-114,36.94414642,126.3877081,,정상가동,99.96,380,60,2023,,2023-03-09,충청남도 서산시청,,2025-06-17
서산 엘씨솔라,,충청남도 서산시 대산읍 대로리 913-115,36.94398135,126.3876127,,정상가동,80.92,380,60,2023,,2023-03-09,충청남도 서산시청,,2025-06-17
서산 새빛솔라,,충청남도 서산시 대산읍 대로리 913-116,36.94387509,126.3876826,,정상가동,99.96,380,60,2023,,2023-03-09,충청남도 서산시청,,2025-06-17
서산 비씨엔솔라,,충청남도 서산시 대산읍 대로리 913-117,36.94373811,126.3876002,,정상가동,99.96,380,60,2023,,2023-03-09,충청남도 서산시청,,2025-06-17
서산 다온솔라,,충청남도 서산시 대산읍 대로리 913-118,36.94362248,126.3875809,,정상가동,99.96,380,60,2023,,2023-03-09,충청남도 서산시청,,2025-06-17
지곡2호 태양광발전소,,충청남도 서산시 대산읍 대로리 913-119,36.94351273,126.3875371,,정상가동,99.76,380,60,2023,,2023-03-08,충청남도 서산시청,,2025-06-17
해마루12호 태양광발전소,,충청남도 서산시 대산읍 대로리 913-7,36.94402324,126.3831908,,정상가동,498.8,380,60,2023,,2023-03-08,충청남도 서산시청,,2025-06-17
지곡14호 태양광발전소,"충청남도 서산시 해미면 대곡원터길 14-25, 세진타운",충청남도 서산시 해미면 대곡리 578-2,36.6851499,126.5768411,,가동중단,59.16,380,60,2023,,2023-03-08,충청남도 서산시청,,2025-06-17
지곡8호 태양광발전소,,충청남도 서산시 지곡면 환성리 819-56,36.90947073,126.4185915,,정상가동,99.76,380,60,2023,,2023-03-08,충청남도 서산시청,,2025-06-17
진영4호 태양광발전소,,충청남도 서산시 지곡면 환성리 819-56,36.90947073,126.4185915,,가동중단,99.76,380,60,2023,,2023-03-08,충청남도 서산시청,,2025-06-17
진영3호 태양광발전소,,충청남도 서산시 지곡면 환성리 819-56,36.90947073,126.4185915,,가동중단,99.76,380,60,2023,,2023-03-08,충청남도 서산시청,,2025-06-17
서연 태양광발전소,,충청남도 서산시 지곡면 환성리 820-72,36.90886625,126.4192627,,정상가동,99.76,380,60,2023,,2023-03-08,충청남도 서산시청,,2025-06-17
서산하나 태양광발전소,,충청남도 서산시 지곡면 환성리 820-72,36.90886625,126.4192627,,가동중단,99.76,380,60,2023,,2023-03-08,충청남도 서산시청,,2025-06-17
서산12호 태양광발전소,,충청남도 서산시 지곡면 환성리 820-72,36.90886625,126.4192627,,정상가동,99.76,380,60,2023,,2023-03-08,충청남도 서산시청,,2025-06-17
서산10호 태양광발전소,,충청남도 서산시 지곡면 환성리 820-72,36.90886625,126.4192627,,정상가동,99.76,380,60,2023,,2023-03-08,충청남도 서산시청,,2025-06-17
단비 태양광발전소,충청남도 서산시 지곡면 무장산업로 212,충청남도 서산시 지곡면 무장리 1740,36.84856099,126.461419,,정상가동,99.76,380,60,2023,,2023-03-08,충청남도 서산시청,,2025-06-17
대로리1호 태양광발전소,충청남도 서산시 해미면 해운로 378,충청남도 서산시 해미면 삼송리 648-1,36.74288182,126.5560001,,정상가동,99.76,380,60,2023,,2023-02-13,충청남도 서산시청,,2025-06-17
대로리2호 태양광발전소,"충청남도 서산시 석림2길 13, 라온빌A (석림동)",충청남도 서산시 석림동 789-14,36.77069325,126.4628564,,정상가동,99.76,380,60,2023,,2023-02-13,충청남도 서산시청,,2025-06-17
대로리3호 태양광발전소,,충청남도 서산시 덕지천동 398-151,36.7296508,126.487916,,정상가동,99.76,380,60,2023,,2023-02-13,충청남도 서산시청,,2025-06-17
대로리4호 태양광발전소,,충청남도 서산시 덕지천동 398-152,36.72950712,126.4880634,,정상가동,99.76,380,60,2023,,2023-02-13,충청남도 서산시청,,2025-06-17
대로리5호 태양광발전소,,충청남도 서산시 덕지천동 398-35,36.72966564,126.4879864,,가동중단,99.76,380,60,2023,,2023-02-13,충청남도 서산시청,,2025-06-17
기만발전소,충청남도 서산시 팔봉면 어송1길 127-16,충청남도 서산시 팔봉면 어송리 1132,36.81119123,126.3622345,,정상가동,14.88,220,60,2023,,2023-02-13,충청남도 서산시청,,2025-06-17
기포 태양광발전소,,충청남도 서산시 고북면 사기리 107,36.65870433,126.4964343,,정상가동,19.64,380,60,2023,,2023-02-13,충청남도 서산시청,,2025-06-17
비씨엔 지산솔라,,충청남도 서산시 고북면 사기리 107,36.65870433,126.4964343,,정상가동,324.28,380,60,2023,,2023-02-08,충청남도 서산시청,,2025-06-17
엘씨 지산솔라,,충청남도 서산시 고북면 사기리 107,36.65870433,126.4964343,,정상가동,99.96,380,60,2023,,2023-02-08,충청남도 서산시청,,2025-06-17
금빛 지산솔라,,충청남도 서산시 고북면 사기리 107,36.65870433,126.4964343,,정상가동,99.96,380,60,2023,,2023-02-08,충청남도 서산시청,,2025-06-17
다인 지산솔라,,충청남도 서산시 고북면 사기리 107,36.65870433,126.4964343,,정상가동,99.96,380,60,2023,,2023-02-08,충청남도 서산시청,,2025-06-17
심온솔라,,"충청남도 서산시 고북면 양천리 333-29, 37-7, 42-9, 333-17",36.64569255,126.5198443,,정상가동,99.84,380,60,2023,,2023-01-09,충청남도 서산시청,,2025-06-17
주식회사 씨에너지,,"충청남도 서산시 운산면 안호리 18-15, 535-2, 16-16, 535-1, 514-1, 14-18",36.82924273,126.5890769,,정상가동,499.2,380,60,2023,,2023-01-09,충청남도 서산시청,,2025-06-17
아현태양광,,"충청남도 서산시 운산면 안호리 26-1, 524-1, 27-1, 535-9, 24-3",36.82540488,126.5858929,,정상가동,99.84,380,60,2023,,2023-01-09,충청남도 서산시청,,2025-06-17
수복서산 태양광발전소,,"충청남도 서산시 운산면 안호리 22-7, 535-5, 20-7",36.82739825,126.5875657,,정상가동,99.84,380,60,2023,,2023-01-09,충청남도 서산시청,,2025-06-17
서광 태양광발전소,,"충청남도 서산시 해미면 삼송리 816-23, 오학리 51-1",36.73113119,126.5534219,,정상가동,99.84,380,60,2023,,2023-01-09,충청남도 서산시청,,2025-06-17
이현태양광,충청남도 서산시 고북면 기포새터길 45-10,충청남도 서산시 고북면 기포리 528-1,36.66817013,126.5193755,,정상가동,99.84,380,60,2023,,2023-01-09,충청남도 서산시청,,2025-06-17
지산솔라,,충청남도 서산시 부석면 대두리 501-39,36.71219396,126.3779635,,정상가동,99.84,380,60,2023,,2023-01-09,충청남도 서산시청,,2025-06-17
광산태양광발전소,,"충청남도 서산시 부석면 대두리 501-5, 501-26",36.71009554,126.3768553,,정상가동,19.97,380,60,2023,,2023-12-14,충청남도 서산시청,,2025-06-17
MS 태양광발전소,,"충청남도 서산시 부석면 대두리 501-2, 501-3",36.71098621,126.3786063,,정상가동,19.97,380,60,2023,,2023-11-10,충청남도 서산시청,,2025-06-17
준성2 태양광발전소,,"충청남도 서산시 부석면 대두리 501-28, 501-29, 501-34",36.71135124,126.3769871,,가동중단,19.97,380,60,2023,,2023-11-10,충청남도 서산시청,,2025-06-17
재필2 태양광발전소,,충청남도 서산시 부석면 대두리 501-36,36.71185772,126.3791509,,가동중단,19.97,380,60,2023,,2023-11-10,충청남도 서산시청,,2025-06-17
유니온1호 태양광발전소,,충청남도 서산시 부석면 대두리 501-30,36.71074525,126.3753991,,정상가동,314.6,380,60,2023,,2023-11-08,충청남도 서산시청,,2025-06-17
여미 태양광발전소,,충청남도 서산시 부석면 대두리 501-48,36.71242611,126.379038,,정상가동,19.64,380,60,2023,,2023-11-03,충청남도 서산시청,,2025-06-17
(유)나들이에너지태양광발전소,,"충청남도 서산시 부석면 대두리 501-28, 501-29, 501-33",36.71135124,126.3769871,,정상가동,99.19,380,60,2023,,2023-10-19,충청남도 서산시청,,2025-06-17
(유)나호에너지태양광발전소,,충청남도 서산시 부석면 대두리 501-25,36.7105616,126.3774153,,정상가동,99.19,380,60,2023,,2023-10-19,충청남도 서산시청,,2025-06-17
(유)가장에너지태양광발전소,,충청남도 서산시 부석면 대두리 501-37,36.7114469,126.3784201,,정상가동,996.26,22900,60,2023,,2023-10-19,충청남도 서산시청,,2025-06-17
(유)배둔에너지태양광발전소,,충청남도 서산시 부석면 대두리 501-24,36.71098621,126.3786063,,정상가동,498.13,380,60,2023,,2023-10-19,충청남도 서산시청,,2025-06-17
서령태양광발전소,,"충청남도 서산시 부석면 대두리 501-3, 501-27",36.71147199,126.377240,,정상가동,499.62,380,60,2023,,2023-09-15,충청남도 서산시청,,2025-06-17
호걸에너지 태양광발전소,,"충청남도 서산시 부석면 대두리 501-40, 501-41",36.71175235,126.3774496,,정상가동,499.62,380,60,2023,,2023-09-15,충청남도 서산시청,,2025-06-17
킹솔라에너지,,충청남도 서산시 부석면 대두리 501-28,36.71135124,126.3769871,,정상가동,499.62,380,60,2023,,2023-09-15,충청남도 서산시청,,2025-06-17
탑솔라에너지,충청남도 서산시 음암면 탑곡송내길 22,충청남도 서산시 음암면 탑곡리 358-30,36.80033734,126.5442019,,정상가동,499.62,380,60,2023,,2023-09-15,충청남도 서산시청,,2025-06-17
나이스1호 태양광발전소,충청남도 서산시 음암면 탑곡송내길 22,충청남도 서산시 음암면 탑곡리 358-30,36.80033734,126.5442019,,정상가동,99.96,380,60,2023,,2023-08-17,충청남도 서산시청,,2025-06-17
나이스2호 태양광발전소,충청남도 서산시 읍내3로 2 (읍내동),충청남도 서산시 읍내동 91-1,36.77783901,126.4495875,,정상가동,99.96,380,60,2023,,2023-08-17,충청남도 서산시청,,2025-06-17
(주)네이처에너지 태양광발전소,충청남도 서산시 읍내3로 2 (읍내동),충청남도 서산시 읍내동 91-1,36.77783901,126.4495875,,정상가동,499.62,380,60,2023,,2023-08-17,충청남도 서산시청,,2025-06-17
대로7호 태양광발전소,,충청남도 서산시 부석면 갈마리 582-9,36.71779743,126.3657931,,정상가동,32.7,380,60,2023,,2023-08-14,충청남도 서산시청,,2025-06-17
대로6호 태양광발전소,,충청남도 서산시 부석면 갈마리 582-9,36.71779743,126.3657931,,정상가동,98.1,380,60,2023,,2023-08-14,충청남도 서산시청,,2025-06-17
대로5호 태양광발전소,,충청남도 서산시 부석면 갈마리 582-9,36.71779743,126.3657931,,정상가동,98.1,380,60,2023,,2023-08-14,충청남도 서산시청,,2025-06-17
대로4호 태양광발전소,,충청남도 서산시 부석면 갈마리 582-9,36.71779743,126.3657931,,정상가동,98.1,380,60,2023,,2023-08-14,충청남도 서산시청,,2025-06-17
대로3호 태양광발전소,,충청남도 서산시 부석면 갈마리 582-9,36.71779743,126.3657931,,정상가동,98.1,380,60,2023,,2023-08-14,충청남도 서산시청,,2025-06-17
대로2호 태양광발전소,충청남도 서산시 양대3길 53 (양대동),충청남도 서산시 양대동 231-1,36.75298313,126.4525286,,정상가동,98.1,380,60,2023,,2023-08-14,충청남도 서산시청,,2025-06-17
대로1호 태양광발전소,충청남도 서산시 양대3길 53 (양대동),충청남도 서산시 양대동 231-1,36.75298313,126.4525286,,정상가동,98.1,380,60,2023,,2023-08-14,충청남도 서산시청,,2025-06-17
송림 태양광발전소,충청남도 서산시 음암면 신장덧배기길 15,충청남도 서산시 음암면 신장리 668-13,36.75125842,126.505009,,정상가동,18.69,380,60,2023,,2023-08-04,충청남도 서산시청,,2025-06-17
햇빛언덕1호 태양광발전소,,충청남도 서산시 부석면 가사리 477,36.75745999,126.3690021,,정상가동,99,380,60,2023,,2023-08-04,충청남도 서산시청,,2025-06-17
햇빛언덕2호 태양광발전소,충청남도 서산시 부석면 무학로 1123,충청남도 서산시 부석면 취평리 353-2,36.71654775,126.3950005,,정상가동,99,380,60,2023,,2023-08-04,충청남도 서산시청,,2025-06-17
햇빛언덕3호 태양광발전소,충청남도 서산시 고북면 신정2로 169-1,충청남도 서산시 고북면 신정리 286-5,36.69336887,126.5030332,,정상가동,99,380,60,2023,,2023-08-04,충청남도 서산시청,,2025-06-17
솔라팜3호 태양광발전소,"충청남도 서산시 벌말1길 40, 일우빌딩 (동문동)",충청남도 서산시동문동 180-6,36.77680213,126.467772,,정상가동,99,380,60,2023,,2023-08-04,충청남도 서산시청,,2025-06-17
솔라팜4호 태양광발전소,충청남도 서산시 안견로 130(동문동),충청남도 서산시동문동 437-3,36.78668744,126.4587488,,정상가동,99,380,60,2023,,2023-08-04,충청남도 서산시청,,2025-06-17
솔라팜5호 태양광발전소,,충청남도 서산시 부석면 봉락리 847-10,36.67773601,126.379827,,정상가동,99,380,60,2023,,2023-08-04,충청남도 서산시청,,2025-06-17
서준태양광발전소,,충청남도 서산시 부석면 봉락리 847-10,36.67773601,126.379827,,정상가동,99,380,60,2023,,2023-08-04,충청남도 서산시청,,2025-06-17
삼보오토서산 태양광발전소,,충청남도 서산시 부석면 봉락리 847-10,36.67773601,126.379827,,정상가동,719.55,22900,60,2023,,2023-08-04,충청남도 서산시청,,2025-06-17
우리미단 태양광발전소,,충청남도 서산시 부석면 봉락리 847-10,36.67773601,126.379827,,정상가동,30,380,60,2023,,2023-08-03,충청남도 서산시청,,2025-06-17
라온 태양광발전소,,충청남도 서산시 부석면 봉락리 847-2,36.67773512,126.3796819,,정상가동,61.88,380,60,2023,,2023-08-03,충청남도 서산시청,,2025-06-17
성진 덕지솔라 태양광발전소,,"충청남도 서산시 지곡면 환성리 841, 843-47, 844-11",36.91888029,126.4166141,,정상가동,99.96,380,60,2023,,2023-08-02,충청남도 서산시청,,2025-06-17
비씨엔 덕지솔라 태양광발전소,,"충청남도 서산시 지곡면 환성리 843-1, 844, 844-2, 844-11",36.91936257,126.4162071,,정상가동,99.96,380,60,2023,,2023-08-02,충청남도 서산시청,,2025-06-17
다인 덕지솔라 태양광발전소,,충청남도 서산시 지곡면 환성리 841,36.91888029,126.4166141,,정상가동,99.96,380,60,2023,,2023-08-02,충청남도 서산시청,,2025-06-17
콜리 태양광발전소,,"충청남도 서산시 지곡면 환성리 843-46, 844-11",36.919344,126.4164094,,정상가동,17.85,220,60,2023,,2023-07-07,충청남도 서산시청,,2025-06-17
제3연덕 태양광발전소,,"충청남도 서산시 지곡면 환성리 841, 843-47",36.91888029,126.4166141,,정상가동,99.96,380,60,2023,,2023-07-04,충청남도 서산시청,,2025-06-17
아가 태양광발전소,,"충청남도 서산시 지곡면 환성리 841, 843-47, 844-11",36.91888029,126.4166141,,정상가동,99.96,380,60,2023,,2023-07-04,충청남도 서산시청,,2025-06-17
서준7호 태양광발전소,,충청남도 서산시 지곡면 환성리 843-46,36.919344,126.4164094,,정상가동,99.96,380,60,2023,,2023-07-04,충청남도 서산시청,,2025-06-17
서준6호 태양광발전소,,충청남도 서산시 지곡면 환성리 843-46,36.919344,126.4164094,,정상가동,99.96,380,60,2023,,2023-07-04,충청남도 서산시청,,2025-06-17
서준5호 태양광발전소,,"충청남도 서산시 지곡면 환성리 841, 843-46",36.91888029,126.4166141,,정상가동,99.96,380,60,2023,,2023-07-04,충청남도 서산시청,,2025-06-17
지곡6호 태양광발전소,,충청남도 서산시 지곡면 환성리 841,36.91888029,126.4166141,,정상가동,99.76,380,60,2022,,2022-12-16,충청남도 서산시청,,2025-06-17
우진 태양광발전소,,충청남도 서산시 지곡면 환성리 841,36.91888029,126.4166141,,정상가동,99.76,380,60,2022,,2022-12-16,충청남도 서산시청,,2025-06-17
지곡7호 태양광발전소,,충청남도 서산시 지곡면 환성리 844-11,36.91960616,126.4170067,,정상가동,99.76,380,60,2022,,2022-12-16,충청남도 서산시청,,2025-06-17
원창 태양광발전소,,충청남도 서산시 지곡면 환성리 844-11,36.91960616,126.4170067,,정상가동,99.76,380,60,2022,,2022-12-16,충청남도 서산시청,,2025-06-17
흑석태양광1호 발전소,,충청남도 서산시 팔봉면 흑석리 678-37,36.84842257,126.3608164,,가동중단,991.2,22900,60,2022,,2022-12-06,충청남도 서산시청,,2025-06-17
흑석태양광2호 발전소,,충청남도 서산시 팔봉면 흑석리 678-59,36.84791276,126.3608348,,가동중단,991.2,22900,60,2022,,2022-12-06,충청남도 서산시청,,2025-06-17
흑석태양광3호 발전소,,충청남도 서산시 팔봉면 흑석리 678-34,36.84730516,126.3607797,,가동중단,991.2,22900,60,2022,,2022-12-06,충청남도 서산시청,,2025-06-17
칠명 태양광발전소,,충청남도 서산시 팔봉면 흑석리 678-62,36.84578362,126.3620124,,가동중단,991.2,22900,60,2022,,2022-12-06,충청남도 서산시청,,2025-06-17
밝은빛에너지 태양광발전소,,충청남도 서산시 팔봉면 흑석리 678-54,36.84655301,126.3604962,,가동중단,991.2,22900,60,2022,,2022-12-06,충청남도 서산시청,,2025-06-17
명진 태양광발전소,,충청남도 서산시 팔봉면 흑석리 678-27,36.84540022,126.363789,,가동중단,991.2,22900,60,2022,,2022-12-06,충청남도 서산시청,,2025-06-17
원준 태양광발전소,,충청남도 서산시 팔봉면 흑석리 678-53,36.84716382,126.3608155,,가동중단,991.2,22900,60,2022,,2022-12-06,충청남도 서산시청,,2025-06-17
흑석4호 태양광발전소,,충청남도 서산시 팔봉면 흑석리 678-56,36.84927706,126.3604511,,가동중단,99.12,380,60,2022,,2022-12-06,충청남도 서산시청,,2025-06-17
제이제이에너지 태양광발전소,,"충청남도 서산시 팔봉면 흑석리 678-25, 678-63",36.84462077,126.3620686,,가동중단,991.2,22900,60,2022,,2022-12-06,충청남도 서산시청,,2025-06-17
흑석5호 태양광발전소,,충청남도 서산시 팔봉면 흑석리 678-56,36.84927706,126.3604511,,가동중단,99.12,380,60,2022,,2022-12-06,충청남도 서산시청,,2025-06-17
흑석6호 태양광발전소,,충청남도 서산시 팔봉면 흑석리 678-56,36.84927706,126.3604511,,가동중단,99.12,380,60,2022,,2022-12-06,충청남도 서산시청,,2025-06-17
흑석7호 태양광발전소,,충청남도 서산시 팔봉면 흑석리 678-56,36.84927706,126.3604511,,가동중단,99.12,380,60,2022,,2022-12-06,충청남도 서산시청,,2025-06-17
현서 태양광발전소,,충청남도 서산시 팔봉면 흑석리 678-36,36.84906658,126.3605004,,가동중단,99.12,380,60,2022,,2022-12-06,충청남도 서산시청,,2025-06-17
윤주2 태양광발전소,,충청남도 서산시 대산읍 영탑리 20-341,36.91014655,126.4578014,,정상가동,99.96,380,60,2022,,2022-11-08,충청남도 서산시청,,2025-06-17
해피7 태양광발전소,,충청남도 서산시 대산읍 영탑리 20-345,36.90977361,126.4607585,,정상가동,99.96,380,60,2022,,2022-11-08,충청남도 서산시청,,2025-06-17
큰 행복1 태양광발전소,,충청남도 서산시 대산읍 영탑리 20-344,36.90979895,126.4599249,,정상가동,99.96,380,60,2022,,2022-11-08,충청남도 서산시청,,2025-06-17
행복6호 태양광발전소,,충청남도 서산시 대산읍 영탑리 20-343,36.90988123,126.4594248,,정상가동,99.96,380,60,2022,,2022-11-08,충청남도 서산시청,,2025-06-17
인숙 태양광발전소,,충청남도 서산시 대산읍 영탑리 20-141,36.91006672,126.4566758,,정상가동,99.96,380,60,2022,,2022-11-08,충청남도 서산시청,,2025-06-17
영탑1 태양광발전소,,"충청남도 서산시 대산읍 영탑리 20-285, 20-342",36.90984281,126.4596713,,정상가동,99.96,380,60,2022,,2022-11-08,충청남도 서산시청,,2025-06-17
현정 태양광발전소,,충청남도 서산시 대산읍 영탑리 20-340,36.91018558,126.4570476,,정상가동,99.96,380,60,2022,,2022-11-08,충청남도 서산시청,,2025-06-17
준수 태양광발전소,,충청남도 서산시 대산읍 영탑리 20-346,36.91009727,126.4566241,,정상가동,99.96,380,60,2022,,2022-11-08,충청남도 서산시청,,2025-06-17
서산지산2호 태양광발전소,,"충청남도 서산시 지곡면 환성리 48-1, 48-4, 44, 46",36.90817103,126.453059,,가동중단,99.76,380,60,2022,,2022-11-08,충청남도 서산시청,,2025-06-17
서산지산1호 태양광발전소,,"충청남도 서산시 지곡면 환성리 48-1, 48-4, 44, 45, 46",36.90817103,126.453059,,가동중단,499.38,380,60,2022,,2022-11-08,충청남도 서산시청,,2025-06-17
서산하늘2호 태양광발전소,,충청남도 서산시 지곡면 환성리 49-1,36.90841251,126.451870,,정상가동,99.76,380,60,2022,,2022-10-18,충청남도 서산시청,,2025-06-17
서산하늘1호 태양광발전소,,충청남도 서산시 지곡면 환성리 49-3,36.90833098,126.4523463,,정상가동,99.76,380,60,2022,,2022-10-18,충청남도 서산시청,,2025-06-17
서산복 태양광발전소,,충청남도 서산시 지곡면 환성리 49,36.90858348,126.4519982,,정상가동,99.76,380,60,2022,,2022-10-18,충청남도 서산시청,,2025-06-17
서산건형 태양광발전소,,충청남도 서산시 지곡면 환성리 50-6,36.90816938,126.4521666,,정상가동,99.76,380,60,2022,,2022-10-18,충청남도 서산시청,,2025-06-17
주식회사 에스엘솔라,충청남도 서산시 수석산업로 93(수석동),충청남도 서산시 수석동 1177,36.77458498,126.4995848,,정상가동,143.88,380,60,2022,,2022-10-17,충청남도 서산시청,,2025-06-17
태양원룸 태양광발전소,충청남도 서산시 해미면 대곡원터길 14-17(태양원룸),충청남도 서산시 해미면 대곡리 578-4,36.68502227,126.5771883,,정상가동,19.72,380,60,2022,,2022-10-04,충청남도 서산시청,,2025-06-17
사계절원룸 태양광발전소,충청남도 서산시 한마음5로 19(석남동),충청남도 서산시 석남동 11-5,36.77290262,126.4542332,,정상가동,19.72,380,60,2022,,2022-10-04,충청남도 서산시청,,2025-06-17
행복원룸 태양광발전소,"충청남도 서산시 해미면 대곡원터길 14-23, 초원빌",충청남도 서산시 해미면 대곡리 578,36.68522934,126.5770079,,정상가동,19.72,380,60,2022,,2022-10-04,충청남도 서산시청,,2025-06-17
티지아이2호태양광발전소,,"충청남도 서산시 성연면 명천리 391, 392, 393, 394, 395, 396, 397, 398",36.83970721,126.4930912,,정상가동,998.76,22900,60,2022,,2022-09-07,충청남도 서산시청,,2025-06-17
장동4호태양광발전소,,충청남도 서산시 장동 192-96,36.73157038,126.4860755,,정상가동,99.96,380,60,2022,,2022-09-07,충청남도 서산시청,,2025-06-17
장동3호태양광발전소,,충청남도 서산시 장동 192-95,36.73169469,126.4861465,,정상가동,99.96,380,60,2022,,2022-09-07,충청남도 서산시청,,2025-06-17
장동2호태양광발전소,,충청남도 서산시 장동 192-94,36.73184097,126.4863098,,정상가동,99.96,380,60,2022,,2022-09-07,충청남도 서산시청,,2025-06-17
장동1호태양광발전소,,충청남도 서산시 장동 192-12,36.73185115,126.4862977,,정상가동,29.89,380,60,2022,,2022-09-07,충청남도 서산시청,,2025-06-17
뷰라이팅 발전소,충청남도 서산시 성연면 성연4로 197-36,충청남도 서산시 성연면 왕정리 562,36.83434212,126.4536883,,정상가동,295,380,60,2022,,2022-08-31,충청남도 서산시청,,2025-06-17
한상태2호 태양광발전소,충청남도 서산시 성연면 성연4로 159,충청남도 서산시 성연면 왕정리 608-3,36.83160393,126.4562387,,정상가동,99.12,380,60,2022,,2022-08-25,충청남도 서산시청,,2025-06-17
제이앤쏠라 태양광발전소,,충청남도 서산시 대산읍 기은리 697-78,36.95968277,126.3882668,,가동중단,99.36,380,60,2022,,2022-08-05,충청남도 서산시청,,2025-06-17
JS&JM 태양광발전소,,충청남도 서산시 대산읍 기은리 697-78,36.95968277,126.3882668,,가동중단,99.36,380,60,2022,,2022-08-05,충청남도 서산시청,,2025-06-17
혜윰 태양광발전소,,충청남도 서산시 대산읍 기은리 697-78,36.95968277,126.3882668,,가동중단,99.36,380,60,2022,,2022-08-05,충청남도 서산시청,,2025-06-17
수기은 태양광발전소,,충청남도 서산시 대산읍 기은리 697-78,36.95968277,126.3882668,,가동중단,99.36,380,60,2022,,2022-08-05,충청남도 서산시청,,2025-06-17
SH 태양광발전소,,충청남도 서산시 대산읍 기은리 697-78,36.95968277,126.3882668,,가동중단,99.36,380,60,2022,,2022-08-05,충청남도 서산시청,,2025-06-17
MS 태양광발전소,,충청남도 서산시 대산읍 기은리 697-78,36.95968277,126.3882668,,가동중단,99.36,380,60,2022,,2022-08-05,충청남도 서산시청,,2025-06-17
신류 태양광발전소,,충청남도 서산시 대산읍 기은리 697-78,36.95968277,126.3882668,,가동중단,99.36,380,60,2022,,2022-08-05,충청남도 서산시청,,2025-06-17
학섭 태양광발전소,충청남도 서산시 고북면 정자2길 93,,36.65340468,126.5100476,,정상가동,29.58,380,60,2022,,2022-07-14,충청남도 서산시청,,2025-06-17
용주에너지 태양광발전소,,"충청남도 서산시 성연면 명천리 888, 888-1, 889, 890-2, 893-1",36.84211321,126.4826902,,정상가동,30.24,380,60,2022,,2022-06-29,충청남도 서산시청,,2025-06-17
지혜에너지 태양광발전소,,"충청남도 서산시 성연면 명천리 896, 898, 900, 901",36.84325393,126.4843486,,정상가동,99.84,380,60,2022,,2022-06-29,충청남도 서산시청,,2025-06-17
대두12호 태양광발전소,,충청남도 서산시 부석면 대두리 512-45,36.71007222,126.3797389,,가동중단,99.18,380,60,2022,,2022-06-20,충청남도 서산시청,,2025-06-17
대두13호 태양광발전소,,충청남도 서산시 부석면 대두리 512-38,36.71069192,126.3799527,,정상가동,99.18,380,60,2022,,2022-05-27,충청남도 서산시청,,2025-06-17
대경 태양광발전소,,충청남도 서산시 대산읍 운산리 890-24,36.9507905,126.4763649,,정상가동,99,380,60,2022,,2022-05-17,충청남도 서산시청,,2025-06-17
황금 태양광발전소,,충청남도 서산시 대산읍 운산리 890-24,36.9507905,126.4763649,,정상가동,99,380,60,2022,,2022-05-17,충청남도 서산시청,,2025-06-17
수진 태양광발전소,,충청남도 서산시 대산읍 운산리 890-24,36.9507905,126.4763649,,정상가동,99,380,60,2022,,2022-05-17,충청남도 서산시청,,2025-06-17
창우 태양광발전소,,충청남도 서산시 대산읍 운산리 890-24,36.9507905,126.4763649,,정상가동,99,380,60,2022,,2022-05-17,충청남도 서산시청,,2025-06-17
지안 태양광발전소,,충청남도 서산시 대산읍 운산리 890-24,36.9507905,126.4763649,,정상가동,99,380,60,2022,,2022-05-17,충청남도 서산시청,,2025-06-17
(주)광축 태양광발전소,충청남도 서산시 팔봉면 팔봉1로 111,,36.79070723,126.360239,,정상가동,29.76,380,60,2022,,2022-05-04,충청남도 서산시청,,2025-06-17
써니365 태양광발전소,,충청남도 서산시 성연면 예덕리 665-10,36.85780456,126.4921253,,정상가동,80,380,60,2022,,2022-05-04,충청남도 서산시청,,2025-06-17
해성테크 태양광발전소,충청남도 서산시 성연면 성연3로 231,,36.83034564,126.4594596,,정상가동,595.14,22900,60,2022,,2022-04-27,충청남도 서산시청,,2025-06-17
청명 태양광발전소,충청남도 서산시 성연면 성연3로 239-49,,36.83356803,126.4593553,,정상가동,297.57,380,60,2022,,2022-04-27,충청남도 서산시청,,2025-06-17
창동 태양광발전소,,충청남도 서산시 장동 207,36.73331998,126.4845001,,정상가동,999.74,22900,60,2022,,2022-04-13,충청남도 서산시청,,2025-06-17
썬사이드서산 태양광발전소,,"충청남도 서산시 지곡면 환성리 836-7, 836-10, 836-11(대지위)",36.91303316,126.4135443,,가동중단,99.75,380,60,2022,,2022-04-13,충청남도 서산시청,,2025-06-17
다온서산 태양광발전소,,"충청남도 서산시 지곡면 환성리 836-7, 836-8, 836-10, 836-11(대지위)",36.91303316,126.4135443,,가동중단,99.75,380,60,2022,,2022-04-13,충청남도 서산시청,,2025-06-17
진사공 태양광발전소,,"충청남도 서산시 해미면 읍내리 457-4, 457-5, 457-7(건물위)",36.71426606,126.5431184,,정상가동,19.95,380,60,2022,,2022-04-07,충청남도 서산시청,,2025-06-17
유원양재만 태양광발전소,충청남도 서산시 인지면 야당북간도길 88,,36.75129666,126.4354513,,정상가동,19.8,220,60,2022,,2022-03-18,충청남도 서산시청,,2025-06-17
더휴 태양광발전소,충청남도 서산시 고북면 고수관로 17-39,,36.6587881,126.540457,,가동중단,685.44,22900,60,2022,,2022-03-14,충청남도 서산시청,,2025-06-17
덕지14호 태양광발전소,,충청남도 서산시 덕지천동 18-9,36.74295745,126.5036654,,정상가동,59.16,380,60,2022,,2022-03-03,충청남도 서산시청,,2025-06-17
덕지13호 태양광발전소,,충청남도 서산시 덕지천동 9-5,36.74229382,126.5029035,,정상가동,99.18,380,60,2022,,2022-03-03,충청남도 서산시청,,2025-06-17
덕지12호 태양광발전소,,충청남도 서산시 덕지천동 9-5,36.74229382,126.5029035,,정상가동,99.18,380,60,2022,,2022-03-03,충청남도 서산시청,,2025-06-17
덕지11호 태양광발전소,,충청남도 서산시 덕지천동 9-5,36.74229382,126.5029035,,정상가동,99.18,380,60,2022,,2022-03-03,충청남도 서산시청,,2025-06-17
덕지10호 태양광발전소,,"충청남도 서산시 덕지천동 18-9, 9-5",36.74295745,126.5036654,,정상가동,99.18,380,60,2022,,2022-03-03,충청남도 서산시청,,2025-06-17
덕지9호 태양광발전소,,"충청남도 서산시 덕지천동 18-9, 9-5",36.74295745,126.5036654,,정상가동,99.18,380,60,2022,,2022-03-03,충청남도 서산시청,,2025-06-17
덕지8호 태양광발전소,,"충청남도 서산시 덕지천동 18-9, 9-5",36.74295745,126.5036654,,정상가동,99.18,380,60,2022,,2022-03-03,충청남도 서산시청,,2025-06-17
덕지7호 태양광발전소,,"충청남도 서산시 덕지천동 18-9, 9-5",36.74295745,126.5036654,,정상가동,99.18,380,60,2022,,2022-03-03,충청남도 서산시청,,2025-06-17
덕지6호 태양광발전소,,충청남도 서산시 덕지천동 18-9,36.74295745,126.5036654,,정상가동,99.18,380,60,2022,,2022-03-03,충청남도 서산시청,,2025-06-17
덕지5호 태양광발전소,,충청남도 서산시 덕지천동 18-9,36.74295745,126.5036654,,정상가동,99.18,380,60,2022,,2022-03-03,충청남도 서산시청,,2025-06-17
덕지4호 태양광발전소,,충청남도 서산시 덕지천동 18-9,36.74295745,126.5036654,,정상가동,99.18,380,60,2022,,2022-03-03,충청남도 서산시청,,2025-06-17
덕지3호 태양광발전소,,충청남도 서산시 덕지천동 18-9,36.74295745,126.5036654,,정상가동,99.18,380,60,2022,,2022-03-03,충청남도 서산시청,,2025-06-17
덕지2호 태양광발전소,,충청남도 서산시 덕지천동 18-9,36.74295745,126.5036654,,정상가동,99.18,380,60,2022,,2022-03-03,충청남도 서산시청,,2025-06-17
덕지1호 태양광발전소,,충청남도 서산시 덕지천동 18-9,36.74295745,126.5036654,,정상가동,99.18,380,60,2022,,2022-03-03,충청남도 서산시청,,2025-06-17
환성인지 태양광발전소,,"충청남도 서산시 지곡면 환성리 836-7, 836-10, 836-11, 836-15, 836-18",36.91303316,126.4135443,,정상가동,99.75,380,60,2022,,2022-02-28,충청남도 서산시청,,2025-06-17
호영 태양광발전소,,"충청남도 서산시 지곡면 환성리 836-1, 836-4, 836-16, 836-17, 836-18",36.91305553,126.4142985,,정상가동,99.75,380,60,2022,,2022-02-28,충청남도 서산시청,,2025-06-17
한빛지곡 태양광발전소,,"충청남도 서산시 지곡면 환성리 836-9, 836-12",36.91352426,126.4136104,,정상가동,99.75,380,60,2022,,2022-02-28,충청남도 서산시청,,2025-06-17
창현 태양광발전소,,"충청남도 서산시 지곡면 환성리 836-1, 836-2, 8369-4",36.91305553,126.4142985,,정상가동,99.75,380,60,2022,,2022-02-28,충청남도 서산시청,,2025-06-17
창진 태양광발전소,,"충청남도 서산시 지곡면 환성리 836-1, 836-2",36.91305553,126.4142985,,정상가동,99.75,380,60,2022,,2022-02-25,충청남도 서산시청,,2025-06-17
지곡 태양광발전소,,"충청남도 서산시 지곡면 환성리 836-5, 836-9, 836-10, 836-12",36.91345347,126.4138708,,정상가동,99.75,380,60,2022,,2022-02-25,충청남도 서산시청,,2025-06-17
종국 태양광발전소,,"충청남도 서산시 지곡면 환성리 836-5, 836-9, 836-12",36.91345347,126.4138708,,정상가동,99.75,380,60,2022,,2022-02-25,충청남도 서산시청,,2025-06-17
정아 태양광발전소,,"충청남도 서산시 지곡면 환성리 836-7, 836-15, 836-17, 836-18",36.91303316,126.4135443,,정상가동,99.75,380,60,2022,,2022-02-25,충청남도 서산시청,,2025-06-17
오광 태양광발전소,,"충청남도 서산시 지곡면 환성리 836-7, 836-8, 836-10",36.91303316,126.4135443,,정상가동,99.75,380,60,2022,,2022-02-25,충청남도 서산시청,,2025-06-17
에스엠환성1호 태양광발전소,,"충청남도 서산시 지곡면 환성리 836-1, 836-4",36.91305553,126.4142985,,정상가동,99.75,380,60,2022,,2022-02-25,충청남도 서산시청,,2025-06-17
신안 태양광발전소,,"충청남도 서산시 지곡면 환성리 827-6, 836-1",36.91282762,126.4147909,,정상가동,99.75,380,60,2022,,2022-02-25,충청남도 서산시청,,2025-06-17
서산진성 태양광발전소,,"충청남도 서산시 지곡면 환성리 836-7, 836-10, 836-11, 8/36-15",36.91303316,126.4135443,,정상가동,99.75,380,60,2022,,2022-02-25,충청남도 서산시청,,2025-06-17
서산2호 태양광발전소,,"충청남도 서산시 지곡면 환성리 836-5, 836-7, 836-8, 836-9, 836-10, 836-12",36.91345347,126.4138708,,정상가동,99.75,380,60,2022,,2022-02-25,충청남도 서산시청,,2025-06-17
누리 태양광발전소,,"충청남도 서산시 지곡면 환성리 836-1, 836-4, 836-16",36.91305553,126.4142985,,정상가동,99.75,380,60,2022,,2022-02-25,충청남도 서산시청,,2025-06-17
오지리발전12호 태양광발전소,,충청남도 서산시 대산읍 오지리 438-131(대지위),36.95023932,126.3622976,,정상가동,994.41,22900,60,2022,,2022-02-11,충청남도 서산시청,,2025-06-17
오지리발전11호 태양광발전소,,"충청남도 서산시 대산읍 오지리 438-118, 438-128(대지위)",36.95076823,126.3621719,,정상가동,994.41,22900,60,2022,,2022-02-11,충청남도 서산시청,,2025-06-17
오지리발전10호 태양광발전소,,"충청남도 서산시 대산읍 오지리 438-132, 438-117, 438-126(대지위)",36.95099984,126.3613695,,정상가동,994.41,22900,60,2022,,2022-02-11,충청남도 서산시청,,2025-06-17
오지리발전9호 태양광발전소,,"충청남도 서산시 대산읍 오지리 438-95, 438-133, 438-116, 438-125(대지위)",36.95124979,126.3606198,,정상가동,994.41,22900,60,2022,,2022-02-11,충청남도 서산시청,,2025-06-17
오지리발전8호 태양광발전소,,"충청남도 서산시 대산읍 오지리 438-94, 438-105, 438-134, 438-115, 438-124, 438-104(대지위)",36.95141685,126.3605874,,정상가동,994.41,22900,60,2022,,2022-02-11,충청남도 서산시청,,2025-06-17
오지리발전7호 태양광발전소,,"충청남도 서산시 대산읍 오지리 438-93, 438-103, 438-114, 438-123, 753-3, 753-5(대지위)",36.95157991,126.3604441,,정상가동,994.41,22900,60,2022,,2022-02-11,충청남도 서산시청,,2025-06-17
오지리발전6호 태양광발전소,,"충청남도 서산시 대산읍 오지리 438-92, 438-102, 438-113, 438-121(대지위)",36.95175587,126.3602898,,정상가동,994.41,22900,60,2022,,2022-02-11,충청남도 서산시청,,2025-06-17
오지리발전5호 태양광발전소,,충청남도 서산시 대산읍 오지리 438-91. 438-101. 438-112. 438-120(대지위),,,,정상가동,994.41,22900,60,2022,,2022-02-11,충청남도 서산시청,,2025-06-17
오지리발전4호 태양광발전소,,"충청남도 서산시 대산읍 오지리 438-90, 438-100, 438-111, 438-11(대지위)",36.95210937,126.3599807,,정상가동,994.41,22900,60,2022,,2022-02-11,충청남도 서산시청,,2025-06-17
오지리발전3호 태양광발전소,,"충청남도 서산시 대산읍 오지리 438-89, 438-99, 438-110(대지위)",36.95224636,126.3601287,,정상가동,994.41,22900,60,2022,,2022-02-11,충청남도 서산시청,,2025-06-17
오지리발전2호 태양광발전소,,"충청남도 서산시 대산읍 오지리 438-88, 438-98, 438-109(대지위)",36.95242946,126.3597371,,정상가동,994.41,22900,60,2022,,2022-02-11,충청남도 서산시청,,2025-06-17
오지리발전1호 태양광발전소,,"충청남도 서산시 대산읍 오지리 438-87, 438-97, 438-107(대지위)",36.95256268,126.3602398,,정상가동,994.41,22900,60,2022,,2022-02-11,충청남도 서산시청,,2025-06-17
화천1호 태양광발전소,충청남도 서산시 지곡면 왕산이로 37,,36.8611986,126.4299364,,가동중단,29.76,380,60,2022,,2022-02-09,충청남도 서산시청,,2025-06-17
에코-04-유니온 태양광발전소,충청남도 서산시 성연면 성연3로 239-61,,36.83450817,126.4591637,,가동중단,304.95,380,60,2022,,2022-02-08,충청남도 서산시청,,2025-06-17
엠제이4호 태양광발전소,충청남도 서산시 성연면 성연4로 197-37,,36.83416896,126.4545782,,정상가동,99.12,380,60,2022,,2022-02-04,충청남도 서산시청,,2025-06-17
엠제이3호 태양광발전소,충청남도 서산시 성연면 성연4로 197-37,,36.83416896,126.4545782,,정상가동,99.84,380,60,2022,,2022-02-04,충청남도 서산시청,,2025-06-17
엠제이2호 태양광발전소,충청남도 서산시 성연면 성연4로 197-37,,36.83416896,126.4545782,,정상가동,99.84,380,60,2022,,2022-02-04,충청남도 서산시청,,2025-06-17
엠제이1호 태양광발전소,충청남도 서산시 성연면 성연4로 197-37,,36.83416896,126.4545782,,정상가동,99.84,380,60,2022,,2022-02-04,충청남도 서산시청,,2025-06-17
가루지 태양광발전소,,"충청남도 서산시 고북면 양천리 374-2, 381-18, 374-3",36.64098081,126.5242589,,정상가동,19.55,380,60,2022,,2022-01-25,충청남도 서산시청,,2025-06-17
정정열 태양광발전소,충청남도 서산시 인지면 원당2길 67,,36.73407503,126.4302345,,정상가동,18.4,220,60,2022,,2022-01-24,충청남도 서산시청,,2025-06-17
에스티알에너지서산대로리7호(주) 태양광발전소,,"충청남도 서산시 대산읍 대로리 932-8, 932-10, 932-13",36.9758115,126.4322106,,정상가동,698.88,22900,60,2022,,2022-01-19,충청남도 서산시청,,2025-06-17
에스티알에너지대로리주민5호(주) 태양광발전소,,"충청남도 서산시 대산읍 대로리 932-5, 932-10",36.97566986,126.4328678,,정상가동,998.4,22900,60,2022,,2022-01-19,충청남도 서산시청,,2025-06-17
에스티알에너지대로리주민4호(주) 태양광발전소,,"충청남도 서산시 대산읍 대로리 932-10, 932-13, 932-14, 932-15",36.97629174,126.4329048,,정상가동,998.4,22900,60,2022,,2022-01-19,충청남도 서산시청,,2025-06-17
에스티알에너지대로리주민3호(주) 태양광발전소,,"충청남도 서산시 대산읍 대로리 932-10, 932-13",36.97629174,126.4329048,,정상가동,998.4,22900,60,2022,,2022-01-19,충청남도 서산시청,,2025-06-17
오남3 태양광발전소,충청남도 서산시 명륜1로 85-3(읍내동),,36.78475607,126.4475869,,가동중단,18.45,380,60,2022,,2022-01-19,충청남도 서산시청,,2025-06-17
삼은 태양광발전소,,충청남도 서산시 지곡면 환성리 820,36.91158195,126.4150886,,가동중단,99.75,380,60,2022,,2022-01-17,충청남도 서산시청,,2025-06-17
태양태양광발전소3호,,"충청남도 서산시 해미면 홍천리 465-1, 465-2, 465-4",36.74588595,126.5395322,,가동중단,99,380,60,2022,,2022-01-12,충청남도 서산시청,,2025-06-17
태양태양광발전소2호,,"충청남도 서산시 해미면 홍천리 465-1, 465-2, 465-4",36.74588595,126.5395322,,가동중단,99,380,60,2022,,2022-01-12,충청남도 서산시청,,2025-06-17
엄기택 태양광발전소,,충청남도 서산시 고북면 정자리 489-4,36.65343943,126.5049175,,정상가동,18.24,380,60,2022,,2022-01-12,충청남도 서산시청,,2025-06-17
태양태양광발전소1호,,"충청남도 서산시 해미면 홍천리 465-1, 465-2, 465-4",36.74588595,126.5395322,,가동중단,99,380,60,2022,,2022-01-12,충청남도 서산시청,,2025-06-17
홍천2호 태양광발전소,,충청남도 서산시 해미면 홍천리 455,36.74682679,126.5402293,,정상가동,99.9,380,60,2022,,2022-01-05,충청남도 서산시청,,2025-06-17
(주)일조빛에너지3(일조빛중왕 태양광발전소3),,충청남도 서산시 지곡면 중왕리 686-25,36.86818878,126.3768125,,정상가동,776.88,22900,60,2021,,2021-03-11,충청남도 서산시청,,2025-06-17
(주)일조빛에너지3(일조빛흑석 태양광발전소3),충청남도 서산시 해미면 한서2길 3,,36.68903402,126.5773019,,정상가동,873.99,22900,60,2021,,2021-03-11,충청남도 서산시청,,2025-06-17
(주)일조빛에너지2(일조빛흑석 태양광발전소2),,충청남도 서산시 지곡면 중왕리 686-25,36.86818878,126.3768125,,정상가동,993.51,22900,60,2021,,2021-03-11,충청남도 서산시청,,2025-06-17
(유)가장에너지 태양광발전소,,충청남도 서산시 지곡면 중왕리 686-25,36.86818878,126.3768125,,정상가동,999.75,22900,60,2021,,2021-02-03,충청남도 서산시청,,2025-06-17
썬라이스 태양광발전소,,충청남도 서산시 지곡면 중왕리 686-25,36.86818878,126.3768125,,정상가동,690.3,380,60,2021,,2021-01-26,충청남도 서산시청,,2025-06-17
유신-2 태양광발전소,,"충청남도 서산시 부석면 지산리 610-22, 610-26",36.67248311,126.4224104,,정상가동,99.84,380,60,2021,,2021-12-09,충청남도 서산시청,,2025-06-17
에이치지 태양광발전소,,충청남도 서산시 부석면 지산리 610-22,36.67248311,126.4224104,,정상가동,99.84,380,60,2021,,2021-12-09,충청남도 서산시청,,2025-06-17
서우 태양광발전소,,충청남도 서산시 부석면 지산리 610-22,36.67248311,126.4224104,,정상가동,99.84,380,60,2021,,2021-12-09,충청남도 서산시청,,2025-06-17
민욱 태양광발전소,,충청남도 서산시 부석면 지산리 610-26,36.67183701,126.4229195,,정상가동,99.84,380,60,2021,,2021-12-09,충청남도 서산시청,,2025-06-17
제이에스 태양광발전소,,충청남도 서산시 부석면 지산리 610-26,36.67183701,126.4229195,,정상가동,99.84,380,60,2021,,2021-12-09,충청남도 서산시청,,2025-06-17
딸기 태양광발전소,,충청남도 서산시 부석면 지산리 610-22,36.67248311,126.4224104,,정상가동,99.84,380,60,2021,,2021-12-09,충청남도 서산시청,,2025-06-17
환수 태양광발전소,,충청남도 서산시 부석면 지산리 610-22,36.67248311,126.4224104,,정상가동,29.75,380,60,2021,,2021-12-07,충청남도 서산시청,,2025-06-17
명천2리 태양광발전소,,충청남도 서산시 부석면 지산리 610-26,36.67183701,126.4229195,,정상가동,25.38,380,60,2021,,2021-11-30,충청남도 서산시청,,2025-06-17
성현 태양광발전소,,충청남도 서산시 부석면 지산리 610-26,36.67183701,126.4229195,,가동중단,59.85,380,60,2021,,2021-11-30,충청남도 서산시청,,2025-06-17
푸른 태양광발전소,,충청남도 서산시 부석면 지산리 610-26,36.67183701,126.4229195,,가동중단,99.75,380,60,2021,,2021-11-30,충청남도 서산시청,,2025-06-17
희망2호 태양광발전소,,충청남도 서산시 부석면 지산리 610-22,36.67248311,126.4224104,,정상가동,99,380,60,2021,,2021-11-26,충청남도 서산시청,,2025-06-17
희망1호 태양광발전소,충청남도 서산시 해미면 남문3로 52,,36.71020273,126.5445691,,정상가동,99,380,60,2021,,2021-11-26,충청남도 서산시청,,2025-06-17
지수 태양광발전소,,충청남도 서산시 성연면 명천리 876-3,36.84135295,126.4803901,,정상가동,90,380,60,2021,,2021-11-26,충청남도 서산시청,,2025-06-17
튼튼 태양광발전소,,"충청남도 서산시 지곡면 환성리 827-1, 827-2, 827-6",36.91308966,126.4151816,,정상가동,99,380,60,2021,,2021-11-25,충청남도 서산시청,,2025-06-17
준원 태양광발전소,,충청남도 서산시 지곡면 환성리 825,36.91228479,126.4148154,,정상가동,99,380,60,2021,,2021-11-25,충청남도 서산시청,,2025-06-17
제이에스 태양광발전소,,"충청남도 서산시 부석면 지산리 640-91, 640-105",36.66654814,126.418475,,정상가동,99,380,60,2021,,2021-11-25,충청남도 서산시청,,2025-06-17
정웅2 태양광발전소,,"충청남도 서산시 부석면 지산리 640-90, 640-91, 640-105",36.66653537,126.4173522,,정상가동,99,380,60,2021,,2021-11-25,충청남도 서산시청,,2025-06-17
정웅1 태양광발전소,,"충청남도 서산시 부석면 지산리 640-105, 640-107",36.6662751,126.4182152,,정상가동,99,380,60,2021,,2021-11-25,충청남도 서산시청,,2025-06-17
이큐 태양광발전소,,충청남도 서산시 부석면 지산리 640-105,36.6662751,126.4182152,,정상가동,99,380,60,2021,,2021-11-24,충청남도 서산시청,,2025-06-17
은서 태양광발전소,,"충청남도 서산시 부석면 지산리 640-91, 640-105",36.66654814,126.418475,,정상가동,99,380,60,2021,,2021-11-24,충청남도 서산시청,,2025-06-17
으뜸 태양광발전소,,"충청남도 서산시 부석면 지산리 640-91, 640-105",36.66654814,126.418475,,정상가동,99,380,60,2021,,2021-11-24,충청남도 서산시청,,2025-06-17
원림 태양광발전소,,충청남도 서산시 부석면 지산리 640-91,36.66654814,126.418475,,정상가동,99,380,60,2021,,2021-11-24,충청남도 서산시청,,2025-06-17
슬기 태양광발전소,,충청남도 서산시 부석면 지산리 640-91,36.66654814,126.418475,,정상가동,99,380,60,2021,,2021-11-24,충청남도 서산시청,,2025-06-17
서산3호 솔라팜 태양광발전소,,"충청남도 서산시 부석면 지산리 640-91, 640-105",36.66654814,126.418475,,정상가동,99,380,60,2021,,2021-11-24,충청남도 서산시청,,2025-06-17
서산2호 솔라팜 태양광발전소,,"충청남도 서산시 부석면 지산리 640-91, 640-105",36.66654814,126.418475,,정상가동,99,380,60,2021,,2021-11-24,충청남도 서산시청,,2025-06-17
서산1호 솔라팜 태양광발전소,,"충청남도 서산시 부석면 지산리 640-91, 640-105",36.66654814,126.418475,,정상가동,99,380,60,2021,,2021-11-24,충청남도 서산시청,,2025-06-17
금호1 태양광발전소,,충청남도 서산시 부석면 지산리 640-107,36.66599182,126.4192291,,정상가동,99,380,60,2021,,2021-11-23,충청남도 서산시청,,2025-06-17
박미녀 태양광발전소,,"충청남도 서산시 부석면 지산리 640-90, 640-91, 640-105",36.66653537,126.4173522,,정상가동,19.57,380,60,2021,,2021-11-22,충청남도 서산시청,,2025-06-17
고북2호 태양광발전소,,"충청남도 서산시 부석면 지산리 640-90, 640-91",36.66653537,126.4173522,,가동중단,29.1,380,60,2021,,2021-11-19,충청남도 서산시청,,2025-06-17
고북1호 태양광발전소,,충청남도 서산시 부석면 지산리 640-91,36.66654814,126.418475,,가동중단,29.1,380,60,2021,,2021-11-19,충청남도 서산시청,,2025-06-17
대산7호 태양광발전소,,충청남도 서산시 부석면 지산리 640-91,36.66654814,126.418475,,정상가동,99.84,380,60,2021,,2021-11-19,충청남도 서산시청,,2025-06-17
대산6호 태양광발전소,,"충청남도 서산시 부석면 지산리 640-91, 640-107",36.66654814,126.418475,,정상가동,99.84,380,60,2021,,2021-11-19,충청남도 서산시청,,2025-06-17
엘림 태양광발전소,,충청남도 서산시 고북면 봉생리 169-1,36.64540186,126.4997969,,가동중단,99.75,380,60,2021,,2021-11-18,충청남도 서산시청,,2025-06-17
샬롬 태양광발전소,충청남도 서산시 고북면 서창로 552-22,,36.6582045,126.496034,,가동중단,99.75,380,60,2021,,2021-11-17,충청남도 서산시청,,2025-06-17
한중 태양광발전소,충청남도 서산시 고북면 서창로 552-22,,36.6582045,126.496034,,가동중단,99.75,380,60,2021,,2021-11-17,충청남도 서산시청,,2025-06-17
현호 태양광발전소,,"충청남도 서산시 대산읍 대로리 913-8, 913-97",36.94226353,126.3876755,,가동중단,99.75,380,60,2021,,2021-11-17,충청남도 서산시청,,2025-06-17
재은태양광발전소,,충청남도 서산시 대산읍 대로리 913-13,36.94267249,126.3880167,,가동중단,92.15,380,60,2021,,2021-11-17,충청남도 서산시청,,2025-06-17
위드 태양광발전소,,충청남도 서산시 지곡면 환성리 825,36.91228479,126.4148154,,정상가동,172.9,380,60,2021,,2021-10-27,충청남도 서산시청,,2025-06-17
미래엔서해서부안전 태양광발전소,,"충청남도 서산시 지곡면 환성리 820, 824",36.91158195,126.4150886,,정상가동,27.6,380,60,2021,,2021-11-16,충청남도 서산시청,,2025-06-17
기은19호 태양광발전소,,"충청남도 서산시 지곡면 환성리 820, 824, 825",36.91158195,126.4150886,,가동중단,99,380,60,2021,,2021-11-16,충청남도 서산시청,,2025-06-17
기은18호 태양광발전소,,"충청남도 서산시 지곡면 환성리 820, 824",36.91158195,126.4150886,,가동중단,99,380,60,2021,,2021-11-16,충청남도 서산시청,,2025-06-17
기은17호 태양광발전소,,충청남도 서산시 지곡면 환성리 823,36.91217413,126.4144606,,가동중단,99,380,60,2021,,2021-11-16,충청남도 서산시청,,2025-06-17
기은16호 태양광발전소,,충청남도 서산시 지곡면 환성리 산 251-5,36.91187609,126.4142817,,가동중단,99,380,60,2021,,2021-11-16,충청남도 서산시청,,2025-06-17
기은15호 태양광발전소,,"충청남도 서산시 성연면 갈현리 11, 12 (나동, 다동 건물위)",36.82207385,126.485106,,가동중단,99,380,60,2021,,2021-11-16,충청남도 서산시청,,2025-06-17
장동3호 태양광발전소,,"충청남도 서산시 대산읍 기은리 698-6, 698-8",36.95890514,126.3868774,,가동중단,99.84,380,60,2021,,2021-11-09,충청남도 서산시청,,2025-06-17
장동4호 태양광발전소,,"충청남도 서산시 대산읍 기은리 698-6, 698-8",36.95890514,126.3868774,,가동중단,99.84,380,60,2021,,2021-11-09,충청남도 서산시청,,2025-06-17
장동2호 태양광발전소,,"충청남도 서산시 대산읍 기은리 698-6, 698-8",36.95890514,126.3868774,,가동중단,99.84,380,60,2021,,2021-11-09,충청남도 서산시청,,2025-06-17
장동1호 태양광발전소,,"충청남도 서산시 대산읍 기은리 698-6, 698-8",36.95890514,126.3868774,,가동중단,29.76,380,60,2021,,2021-11-09,충청남도 서산시청,,2025-06-17
해광솔라발전 태양광발전소,,"충청남도 서산시 대산읍 기은리 698-6, 698-8",36.95890514,126.3868774,,정상가동,99.51,380,60,2021,,2021-11-05,충청남도 서산시청,,2025-06-17
햇발솔라에너지 태양광발전소,,"충청남도 서산시 장동 192-12, 192-13",36.73185115,126.4862977,,정상가동,99.51,380,60,2021,,2021-11-05,충청남도 서산시청,,2025-06-17
에스그린솔라 태양광발전소,,"충청남도 서산시 장동 192-12, 192-13",36.73185115,126.4862977,,정상가동,99.51,380,60,2021,,2021-11-05,충청남도 서산시청,,2025-06-17
김덕환 태양광발전소,,"충청남도 서산시 장동 192-12, 192-13",36.73185115,126.4862977,,가동중단,19.57,380,60,2021,,2021-11-02,충청남도 서산시청,,2025-06-17
기은8호 태양광발전소,,충청남도 서산시 장동 192-12,36.73185115,126.4862977,,정상가동,99,380,60,2021,,2021-10-29,충청남도 서산시청,,2025-06-17
기은11호 태양광발전소,,"충청남도 서산시 성연면 명천리 910-3, 912-2",36.84568386,126.4802993,,가동중단,99,380,60,2021,,2021-10-29,충청남도 서산시청,,2025-06-17
기은12호 태양광발전소,,"충청남도 서산시 성연면 명천리 910-3, 912-2, 913",36.84568386,126.4802993,,정상가동,99,380,60,2021,,2021-10-29,충청남도 서산시청,,2025-06-17
기은13호 태양광발전소,,"충청남도 서산시 성연면 명천리 910-3, 912-1, 912-2",36.84568386,126.4802993,,정상가동,99,380,60,2021,,2021-10-29,충청남도 서산시청,,2025-06-17
기은14호 태양광발전소,충청남도 서산시 인지면 애정길 25-4,,36.74102277,126.4210669,,정상가동,99,380,60,2021,,2021-10-29,충청남도 서산시청,,2025-06-17
지엽 태양광발전소,,충청남도 서산시 대산읍 기은리 704-11,36.95897055,126.3859002,,정상가동,99,380,60,2021,,2021-10-29,충청남도 서산시청,,2025-06-17
미정2호 태양광발전소,,충청남도 서산시 대산읍 기은리 704-11,36.95897055,126.3859002,,정상가동,99,380,60,2021,,2021-10-29,충청남도 서산시청,,2025-06-17
기은7호 태양광발전소,,충청남도 서산시 대산읍 기은리 704-11,36.95897055,126.3859002,,정상가동,99,380,60,2021,,2021-10-29,충청남도 서산시청,,2025-06-17
장동11호 태양광발전소,,충청남도 서산시 대산읍 기은리 704-11,36.95897055,126.3859002,,가동중단,19.68,380,60,2021,,2021-10-29,충청남도 서산시청,,2025-06-17
장동10호 태양광발전소,,충청남도 서산시 대산읍 기은리 704-11,36.95897055,126.3859002,,가동중단,99.96,380,60,2021,,2021-10-29,충청남도 서산시청,,2025-06-17
장동9호 태양광발전소,,"충청남도 서산시 대산읍 대로리 913-12, 913-24",36.94461834,126.3879109,,가동중단,99.96,380,60,2021,,2021-10-29,충청남도 서산시청,,2025-06-17
장동8호 태양광발전소,,"충청남도 서산시 대산읍 대로리 913-12, 913-24",36.94461834,126.3879109,,가동중단,99.96,380,60,2021,,2021-10-29,충청남도 서산시청,,2025-06-17
장동7호 태양광발전소,,충청남도 서산시 대산읍 기은리 704-11,36.95897055,126.3859002,,가동중단,99.96,380,60,2021,,2021-10-29,충청남도 서산시청,,2025-06-17
장동6호 태양광발전소,,충청남도 서산시 장동 191-4,36.7318071,126.4872103,,가동중단,99.96,380,60,2021,,2021-10-29,충청남도 서산시청,,2025-06-17
장동5호 태양광발전소,,충청남도 서산시 장동 191-4,36.7318071,126.4872103,,가동중단,99.96,380,60,2021,,2021-10-29,충청남도 서산시청,,2025-06-17
이안솔라3호 태양광발전소,,충청남도 서산시 장동 191-18,36.73200263,126.4876958,,정상가동,99.9,380,60,2021,,2021-10-22,충청남도 서산시청,,2025-06-17
이안솔라2호 태양광발전소,,충청남도 서산시 장동 191-19,36.73180906,126.4872887,,정상가동,99.9,380,60,2021,,2021-10-22,충청남도 서산시청,,2025-06-17
솔라팜2호 태양광발전소,,충청남도 서산시 장동 191-20,36.7316825,126.4870644,,정상가동,99.9,380,60,2021,,2021-10-22,충청남도 서산시청,,2025-06-17
썬샤인 태양광발전소,,충청남도 서산시 장동 191-21,36.73152223,126.4868492,,정상가동,99.9,380,60,2021,,2021-10-22,충청남도 서산시청,,2025-06-17
굿샤인 태양광발전소,,충청남도 서산시 장동 191-22,36.73128766,126.4865965,,정상가동,99.9,380,60,2021,,2021-10-22,충청남도 서산시청,,2025-06-17
예스드림2호 태양광발전소,,충청남도 서산시 대산읍 대로리 932-25,36.97583171,126.4336595,,정상가동,99.9,380,60,2021,,2021-10-22,충청남도 서산시청,,2025-06-17
더하기솔라 태양광발전소,,충청남도 서산시 대산읍 대로리 932-25,36.97583171,126.4336595,,정상가동,99.9,380,60,2021,,2021-10-22,충청남도 서산시청,,2025-06-17
진사공 태양광발전소,,충청남도 서산시 대산읍 대로리 932-25,36.97583171,126.4336595,,가동중단,19.1,380,60,2021,,2021-10-19,충청남도 서산시청,,2025-06-17
대로리다호 태양광발전소,,충청남도 서산시 대산읍 대로리 932-25,36.97583171,126.4336595,,정상가동,29.59,380,60,2021,,2021-10-18,충청남도 서산시청,,2025-06-17
대로리나호 태양광발전소,,충청남도 서산시 대산읍 대로리 932-25,36.97583171,126.4336595,,정상가동,29.59,380,60,2021,,2021-10-18,충청남도 서산시청,,2025-06-17
대로리가호 태양광발전소,,충청남도 서산시 대산읍 대로리 932-25,36.97583171,126.4336595,,정상가동,29.1,380,60,2021,,2021-10-18,충청남도 서산시청,,2025-06-17
대로리6호 태양광발전소,,충청남도 서산시 대산읍 대로리 932-25,36.97583171,126.4336595,,정상가동,97.49,380,60,2021,,2021-10-18,충청남도 서산시청,,2025-06-17
대로리5호 태양광발전소,,"충청남도 서산시 해미면 읍내리 457-4, 457-5, 457-7",36.71426606,126.5431184,,정상가동,97.49,380,60,2021,,2021-10-18,충청남도 서산시청,,2025-06-17
대로리4호 태양광발전소,,충청남도 서산시 대산읍 대로리 894-16,36.94233981,126.3902648,,정상가동,97.37,380,60,2021,,2021-10-18,충청남도 서산시청,,2025-06-17
대로리3호 태양광발전소,,충청남도 서산시 대산읍 대로리 894-15,36.94240122,126.3902643,,정상가동,97.49,380,60,2021,,2021-10-18,충청남도 서산시청,,2025-06-17
대로리2호 태양광발전소,,충청남도 서산시 대산읍 대로리 896-14,36.94303671,126.3907626,,정상가동,97.37,380,60,2021,,2021-10-18,충청남도 서산시청,,2025-06-17
대로리1호 태양광발전소,,"충청남도 서산시 대산읍 대로리 894-8, 896-4",36.94314469,126.3900506,,정상가동,97.49,380,60,2021,,2021-10-18,충청남도 서산시청,,2025-06-17
대로10호 태양광발전소,,"충청남도 서산시 대산읍 대로리 894-5, 894-14",36.94226785,126.3894752,,정상가동,97.37,380,60,2021,,2021-10-18,충청남도 서산시청,,2025-06-17
대로9호 태양광발전소,,충청남도 서산시 대산읍 대로리 894-4,36.94225035,126.3890197,,정상가동,97.49,380,60,2021,,2021-10-18,충청남도 서산시청,,2025-06-17
대로8호 태양광발전소,,충청남도 서산시 대산읍 대로리 894-3,36.94236457,126.3890596,,정상가동,97.49,380,60,2021,,2021-10-18,충청남도 서산시청,,2025-06-17
대로7호 태양광발전소,,충청남도 서산시 대산읍 대로리 894-2,36.94244729,126.3892319,,정상가동,97.37,380,60,2021,,2021-10-18,충청남도 서산시청,,2025-06-17
대로6호 태양광발전소,,충청남도 서산시 대산읍 대로리 894,36.94298756,126.3900245,,정상가동,97.49,380,60,2021,,2021-10-18,충청남도 서산시청,,2025-06-17
대로5호 태양광발전소,,"충청남도 서산시 대산읍 대로리 894-9, 896-8",36.94300545,126.3900789,,정상가동,97.49,380,60,2021,,2021-10-18,충청남도 서산시청,,2025-06-17
대로4호 태양광발전소,,"충청남도 서산시 대산읍 대로리 896-10, 896-9",36.94278934,126.3903798,,정상가동,97.49,380,60,2021,,2021-10-18,충청남도 서산시청,,2025-06-17
대로3호 태양광발전소,,"충청남도 서산시 대산읍 대로리 894-11, 896-10",36.94274868,126.390114,,정상가동,97.49,380,60,2021,,2021-10-18,충청남도 서산시청,,2025-06-17
대로2호 태양광발전소,,충청남도 서산시 대산읍 대로리 894-12,36.94259342,126.3901617,,정상가동,97.37,380,60,2021,,2021-10-18,충청남도 서산시청,,2025-06-17
대로1호 태양광발전소,,충청남도 서산시 대산읍 대로리 894-13,36.94246601,126.3901629,,정상가동,97.37,380,60,2021,,2021-10-18,충청남도 서산시청,,2025-06-17
충남-21-서부산그린그린-01호 태양광발전소,,"충청남도 서산시 대산읍 대로리 894-19, 898-7",36.94241464,126.3908167,,가동중단,73.72,380,60,2021,,2021-09-28,충청남도 서산시청,,2025-06-17
충남-21-온누리녹색-03호 태양광발전소,,충청남도 서산시 대산읍 대로리 894-18,36.94259342,126.390798,,가동중단,99.91,380,60,2021,,2021-09-28,충청남도 서산시청,,2025-06-17
충남-21-온누리녹색-02호 태양광발전소,,"충청남도 서산시 대산읍 대로리 896-11, 894-17",36.94266916,126.3910147,,가동중단,99.91,380,60,2021,,2021-09-28,충청남도 서산시청,,2025-06-17
충남-21-그린뉴딜-05호 태양광발전소,,충청남도 서산시 대산읍 대로리 896-12,36.94284823,126.3907881,,가동중단,73.72,380,60,2021,,2021-09-28,충청남도 서산시청,,2025-06-17
충남-21-스마트그린뉴딜-03호 태양광발전소,,충청남도 서산시 대산읍 대로리 896-13,36.94297561,126.3907691,,가동중단,99.91,380,60,2021,,2021-09-28,충청남도 서산시청,,2025-06-17
충남-21-스마트그린뉴딜-04호 태양광발전소,충청남도 서산시 성연면 성연3로 239-27,,36.8316546,126.4597424,,가동중단,99.91,380,60,2021,,2021-09-28,충청남도 서산시청,,2025-06-17
래스에너지 태양광발전소,충청남도 서산시 성연면 성연3로 239-27,,36.8316546,126.4597424,,가동중단,99.88,380,60,2021,,2021-09-23,충청남도 서산시청,,2025-06-17
인정에너지 태양광발전소,충청남도 서산시 성연면 성연3로 239-27,,36.8316546,126.4597424,,가동중단,99.88,380,60,2021,,2021-09-23,충청남도 서산시청,,2025-06-17
(유)곰비에너지 태양광발전소,충청남도 서산시 성연면 성연3로 239-27,,36.8316546,126.4597424,,가동중단,99.88,380,60,2021,,2021-09-23,충청남도 서산시청,,2025-06-17
(유)가람휘에너지 태양광발전소,충청남도 서산시 성연면 성연3로 239-27,,36.8316546,126.4597424,,가동중단,99.88,380,60,2021,,2021-09-23,충청남도 서산시청,,2025-06-17
(유)미성에너지 태양광발전소,충청남도 서산시 성연면 성연3로 239-27,,36.8316546,126.4597424,,가동중단,99.88,380,60,2021,,2021-09-23,충청남도 서산시청,,2025-06-17
덕수에너지 태양광발전소,,충청남도 서산시 대산읍 기은리 805,36.96340097,126.375398,,가동중단,99.88,380,60,2021,,2021-09-23,충청남도 서산시청,,2025-06-17
지곡 태양광발전소,,충청남도 서산시 대산읍 기은리 805,36.96340097,126.375398,,정상가동,99.84,380,60,2021,,2021-08-19,충청남도 서산시청,,2025-06-17
에너밸리2 태양광발전소,,충청남도 서산시 대산읍 기은리 805,36.96340097,126.375398,,정상가동,99.84,380,60,2021,,2021-08-19,충청남도 서산시청,,2025-06-17
마루2 태양광발전소,,충청남도 서산시 대산읍 기은리 805,36.96340097,126.375398,,정상가동,99.84,380,60,2021,,2021-08-19,충청남도 서산시청,,2025-06-17
SUN1 태양광발전소,,충청남도 서산시 대산읍 기은리 805,36.96340097,126.375398,,정상가동,99.48,380,60,2021,,2021-08-19,충청남도 서산시청,,2025-06-17
인배 태양광발전소,,충청남도 서산시 대산읍 기은리 805,36.96340097,126.375398,,가동중단,18,220,60,2021,,2021-08-17,충청남도 서산시청,,2025-06-17
신흥택시 태양광발전소,,충청남도 서산시 지곡면 연화리 549-4,36.84856876,126.3943301,,정상가동,18,220,60,2021,,2021-08-17,충청남도 서산시청,,2025-06-17
대산2호 태양광발전소,,충청남도 서산시 지곡면 연화리 549,36.84858736,126.3943557,,정상가동,99.84,380,60,2021,,2021-07-30,충청남도 서산시청,,2025-06-17
대산3호 태양광발전소,,충청남도 서산시 지곡면 연화리 549-6,36.8482309,126.3943468,,정상가동,99.84,380,60,2021,,2021-07-30,충청남도 서산시청,,2025-06-17
대산4호 태양광발전소,,충청남도 서산시 지곡면 연화리 549-5,36.84845075,126.3943702,,정상가동,99.84,380,60,2021,,2021-07-30,충청남도 서산시청,,2025-06-17
대산5호 태양광발전소,,"충청남도 서산시 갈산동 282, 282-1",36.79208731,126.4327973,,정상가동,99.84,380,60,2021,,2021-07-30,충청남도 서산시청,,2025-06-17
대산6호 태양광발전소,충청남도 서산시 갈산1길 17-2(갈산동),,36.79208731,126.4327973,,가동중단,99.84,380,60,2021,,2021-07-30,충청남도 서산시청,,2025-06-17
대산7호 태양광발전소,,충청남도 서산시 대산읍 대로리 913-92,36.94288383,126.3878308,,가동중단,99.84,380,60,2021,,2021-07-30,충청남도 서산시청,,2025-06-17
대산8호 태양광발전소,,충청남도 서산시 대산읍 대로리 913-93,36.94281843,126.3879825,,정상가동,99.84,380,60,2021,,2021-07-30,충청남도 서산시청,,2025-06-17
대산9호 태양광발전소,,충청남도 서산시 대산읍 대로리 913-13,36.94267249,126.3880167,,정상가동,99.84,380,60,2021,,2021-07-30,충청남도 서산시청,,2025-06-17
대산10호 태양광발전소,,충청남도 서산시 대산읍 대로리 913-95,36.94256478,126.387838,,정상가동,99.84,380,60,2021,,2021-07-30,충청남도 서산시청,,2025-06-17
대산11호 태양광발전소,,충청남도 서산시 대산읍 대로리 913-13,36.94267249,126.3880167,,정상가동,99.84,380,60,2021,,2021-07-30,충청남도 서산시청,,2025-06-17
대산13호 태양광발전소,,"충청남도 서산시 대산읍 대로리 913-8, 913-13",36.94226353,126.3876755,,정상가동,99.84,380,60,2021,,2021-07-30,충청남도 서산시청,,2025-06-17
대산14호 태양광발전소,,충청남도 서산시 대산읍 대로리 913-89,36.94286092,126.3870395,,정상가동,99.84,380,60,2021,,2021-07-30,충청남도 서산시청,,2025-06-17
대산12호 태양광발전소,,충청남도 서산시 대산읍 대로리 913-103,36.9427489,126.3870625,,정상가동,99.84,380,60,2021,,2021-07-30,충청남도 서산시청,,2025-06-17
대산1호 태양광발전소,,충청남도 서산시 대산읍 대로리 913-104,36.94265104,126.387064,,정상가동,99.84,380,60,2021,,2021-07-30,충청남도 서산시청,,2025-06-17
CY 태양광발전소,,충청남도 서산시 대산읍 대로리 913-105,36.94255547,126.3870654,,정상가동,99.19,380,60,2021,,2021-06-22,충청남도 서산시청,,2025-06-17
SH 태양광발전소,,"충청남도 서산시 대산읍 대로리 913-99, 913-107",36.94232534,126.3872669,,정상가동,99.19,380,60,2021,,2021-06-22,충청남도 서산시청,,2025-06-17
독곶2리 마을회관 태양광발전소,,"충청남도 서산시 대산읍 대로리 913-100, 913-108",36.94217687,126.3871682,,정상가동,13.5,380,60,2021,,2021-06-22,충청남도 서산시청,,2025-06-17
해와람기은 태양광발전소,,"충청남도 서산시 대산읍 대로리 913-87, 913-106",36.94247488,126.3870394,,정상가동,499.5,380,60,2021,,2021-06-01,충청남도 서산시청,,2025-06-17
율해기은 태양광발전소,,충청남도 서산시 대산읍 대로리 913-13,36.94267249,126.3880167,,정상가동,499.5,380,60,2021,,2021-06-01,충청남도 서산시청,,2025-06-17
가야 태양광발전소,,충청남도 서산시 지곡면 환성리 694-94,36.90936147,126.4225053,,정상가동,29.58,380,60,2021,,2021-05-27,충청남도 서산시청,,2025-06-17
명일1호 태양광발전소,,충청남도 서산시 지곡면 환성리 694-94,36.90936147,126.4225053,,정상가동,99.44,380,60,2021,,2021-05-24,충청남도 서산시청,,2025-06-17
명일2호 태양광발전소,충청남도 서산시 대산읍 평신1로 438,,36.98874158,126.3781657,,정상가동,99.44,380,60,2021,,2021-05-24,충청남도 서산시청,,2025-06-17
늘푸른2 태양광발전소,,"충청남도 서산시 대산읍 기은리 697-196, 697-198",36.96071805,126.388674,,가동중단,16.1,220,60,2021,,2021-05-20,충청남도 서산시청,,2025-06-17
늘푸른1 태양광발전소,,충청남도 서산시 대산읍 기은리 697-194,36.96036169,126.3880958,,가동중단,19.8,220,60,2021,,2021-05-20,충청남도 서산시청,,2025-06-17
미녀 태양광발전소,,충청남도 서산시 해미면 황락리 30-4,36.71697907,126.5655244,,가동중단,30,380,60,2021,,2021-04-30,충청남도 서산시청,,2025-06-17
복남1호 태양광발전소,,"충청남도 서산시 성연면 명천리 408, 449",36.84204065,126.4908455,,가동중단,84.15,380,60,2021,,2021-04-12,충청남도 서산시청,,2025-06-17
복남2호 태양광발전소,,"충청남도 서산시 성연면 명천리 408, 449",36.84204065,126.4908455,,가동중단,99,380,60,2021,,2021-04-12,충청남도 서산시청,,2025-06-17
함광춘 태양광발전소,,충청남도 서산시 해미면 휴암리 99-1,36.70507168,126.5492837,,정상가동,19.58,220,60,2021,,2021-04-12,충청남도 서산시청,,2025-06-17
환성5호 태양광발전소,,충청남도 서산시 해미면 대곡리 419-1,36.69034728,126.5767333,,가동중단,91.84,380,60,2021,,2021-03-30,충청남도 서산시청,,2025-06-17
용장 태양광발전소,,충청남도 서산시 석남동 6-124,36.77419971,126.4530437,,가동중단,59.92,380,60,2021,,2021-03-19,충청남도 서산시청,,2025-06-17
초월 태양광발전소,,"충청남도 서산시 고북면 가구리 172-34, 1동, 4동",36.67063055,126.5461079,,가동중단,26.88,380,60,2021,,2021-03-17,충청남도 서산시청,,2025-06-17
전원 태양광발전소,,"충청남도 서산시 고북면 가구리 172-34 , 2동, 3동",36.67063055,126.5461079,,정상가동,26.88,380,60,2021,,2021-03-17,충청남도 서산시청,,2025-06-17
(주)브이원 태양광발전소,,충청남도 서산시 인지면 남정리 526-1,36.75057901,126.4028506,,정상가동,712.32,22900,60,2021,,2021-03-03,충청남도 서산시청,,2025-06-17
에이치더블유 태양광발전소,,충청남도 서산시 지곡면 환성리 777-51,36.92299656,126.4260296,,정상가동,99.9,380,60,2021,,2021-02-25,충청남도 서산시청,,2025-06-17
케이쏠라파크 태양광발전소,,"충청남도 서산시 운산면 용장리 235-4, 235-8",36.80679176,126.5896511,,정상가동,99.9,380,60,2021,,2021-02-25,충청남도 서산시청,,2025-06-17
그린쏠라파크 태양광발전소,,"충청남도 서산시 부석면 강당리 292-1, 292-6",36.6626148,126.4064365,,정상가동,99.9,380,60,2021,,2021-02-25,충청남도 서산시청,,2025-06-17
(유)나호에너지 태양광발전소,,"충청남도 서산시 부석면 강당리 292-1, 292-1",36.6626148,126.4064365,,정상가동,99.76,380,60,2021,,2021-02-22,충청남도 서산시청,,2025-06-17
(유)내호에너지 태양광발전소,,"충청남도 서산시 대산읍 대로리 893, 885-1, 892-1",36.94355167,126.3901808,,정상가동,99.76,380,60,2021,,2021-02-22,충청남도 서산시청,,2025-06-17
(유)자은에너지 태양광발전소,,충청남도 서산시 음암면 신장리 377-20,36.76869423,126.5026084,,정상가동,99.76,380,60,2021,,2021-02-22,충청남도 서산시청,,2025-06-17
(유)배둔에너지 태양광발전소,,충청남도 서산시 음암면 신장리 377-20,36.76869423,126.5026084,,정상가동,499.66,380,60,2021,,2021-02-22,충청남도 서산시청,,2025-06-17
(유)나들이에너지 태양광발전소,,충청남도 서산시 음암면 신장리 377-20,36.76869423,126.5026084,,정상가동,99.76,380,60,2021,,2021-02-22,충청남도 서산시청,,2025-06-17
운산 태양광발전소,,"충청남도 서산시 대산읍 기은리 796-1, 796-2",36.96198689,126.3768267,,가동중단,99.6,380,60,2021,,2021-02-16,충청남도 서산시청,,2025-06-17
운산1호 태양광발전소,,"충청남도 서산시 대산읍 기은리 796-1, 796-2",36.96198689,126.3768267,,정상가동,99.6,380,60,2021,,2021-02-16,충청남도 서산시청,,2025-06-17
중왕2호 태양광발전소,,"충청남도 서산시 대산읍 기은리 801-1, 801-2, 800",36.96232794,126.3761222,,가동중단,99.76,380,60,2021,,2021-12-20,충청남도 서산시청,,2025-06-17
대곡리 태양광발전소,,"충청남도 서산시 대산읍 기은리 800, 801-1, 801-2, 803-1, 803-2, 802-2",36.96289901,126.3762008,,정상가동,18.7,380,60,2021,,2021-12-20,충청남도 서산시청,,2025-06-17
중왕1호 태양광발전소,,"충청남도 서산시 대산읍 기은리 802-1, 802-2, 803-2",36.96223401,126.3748225,,가동중단,99.76,380,60,2021,,2021-12-14,충청남도 서산시청,,2025-06-17
중왕5호 태양광발전소,,충청남도 서산시 대산읍 운산리 715-1,36.95208702,126.4689823,,가동중단,99.76,380,60,2021,,2021-12-14,충청남도 서산시청,,2025-06-17
중왕3호 태양광발전소,,"충청남도 서산시 대산읍 운산리 1026-7, 1026-8",36.94107226,126.4793032,,가동중단,99.76,380,60,2021,,2021-12-14,충청남도 서산시청,,2025-06-17
흑기사2호 태양광발전소,,충청남도 서산시 지곡면 중왕리 515 번지 816(2필지),,,,정상가동,99.84,380,60,2021,,2021-12-13,충청남도 서산시청,,2025-06-17
자몽 태양광발전소,,충청남도 서산시 팔봉면 흑석리 748-4,36.85876272,126.3781686,,정상가동,99.84,380,60,2021,,2021-12-13,충청남도 서산시청,,2025-06-17
지에스 태양광발전소,,충청남도 서산시 팔봉면 흑석리 748-51,36.8587253,126.3767859,,정상가동,99.84,380,60,2021,,2021-12-10,충청남도 서산시청,,2025-06-17
제이케이 태양광발전소,,충청남도 서산시 대산읍 기은리 800,36.96289901,126.3762008,,정상가동,99.84,380,60,2021,,2021-12-10,충청남도 서산시청,,2025-06-17
제철 태양광발전소,,충청남도 서산시 대산읍 대로리 1072,36.97361433,126.4396373,,정상가동,99.84,380,60,2021,,2021-12-10,충청남도 서산시청,,2025-06-17
중왕 수상 태양광발전소,,"충청남도 서산시 덕지천동 394-24, 394-25",36.73189619,126.4934963,,정상가동,997.92,380,60,2020,,2020-12-17,충청남도 서산시청,,2025-06-17
흑석1호 태양광발전소,,충청남도 서산시 덕지천동 394-43,36.73039472,126.4939373,,정상가동,999.9,22900,60,2020,,2020-08-07,충청남도 서산시청,,2025-06-17
지곡3 태양광발전소,,"충청남도 서산시 덕지천동 394-3, 394-43",36.73093231,126.4942021,,가동중단,999.6,380,60,2020,,2020-07-30,충청남도 서산시청,,2025-06-17
쏠라포스1호 태양광발전소,,충청남도 서산시 덕지천동 394-3,36.73093231,126.4942021,,정상가동,999.63,380,60,2020,,2020-06-29,충청남도 서산시청,,2025-06-17
다산 태양광발전소,,"충청남도 서산시 덕지천동 394-3, 394-43",36.73093231,126.4942021,,정상가동,999.6,380,60,2020,,2020-06-17,충청남도 서산시청,,2025-06-17
지피 태양광발전소,,충청남도 서산시 덕지천동 394-24,36.73189619,126.4934963,,정상가동,999.6,380,60,2020,,2020-06-17,충청남도 서산시청,,2025-06-17
(주)한빛그린에너지(한빛그린에너지2호 태양광발전소),,충청남도 서산시 덕지천동 394-43,36.73039472,126.4939373,,정상가동,499.73,380,60,2020,,2020-05-29,충청남도 서산시청,,2025-06-17
대청3호 태양광발전소,,"충청남도 서산시 덕지천동 394-24, 394-25",36.73189619,126.4934963,,가동중단,996.3,380,60,2020,,2020-02-26,충청남도 서산시청,,2025-06-17
현대솔라팜1호 태양광발전소,,"충청남도 서산시 성연면 명천리 906, 908, 909, 910, 911",36.84676547,126.4809241,,가동중단,996.3,380,60,2020,,2020-02-26,충청남도 서산시청,,2025-06-17
대청솔라팜2호 태양광발전소,,"충청남도 서산시 성연면 명천리 906-2, 909-3, 910-1, 912",36.84609244,126.4806636,,가동중단,996.3,380,60,2020,,2020-02-26,충청남도 서산시청,,2025-06-17
대청2호 태양광발전소,,"충청남도 서산시 지곡면 연화리 420-2, 420-3, 678-1",36.85854363,126.3839038,,가동중단,996.3,380,60,2020,,2020-02-26,충청남도 서산시청,,2025-06-17
명성3호 태양광발전소,,충청남도 서산시 지곡면 연화리 420-9,36.8583743,126.3843572,,가동중단,996.3,380,60,2020,,2020-02-26,충청남도 서산시청,,2025-06-17
아윤서산 태양광발전소,,"충청남도 서산시 지곡면 연화리 420 -5, 420-8, 678-3",36.85868351,126.3846604,,정상가동,999,380,60,2020,,2020-02-19,충청남도 서산시청,,2025-06-17
팔마4호 태양광발전소,,"충청남도 서산시 지곡면 연화리 420-4, 420-7, 678-2",36.8586308,126.3844437,,정상가동,999,22900,60,2020,,2020-01-17,충청남도 서산시청,,2025-06-17
(주)서산선데이(환성리발전5호),,충청남도 서산시 인지면 야당리 29-2,36.75227225,126.4353675,,정상가동,993.6,22900,60,2020,,2020-01-17,충청남도 서산시청,,2025-06-17
지에프시(주)(환성리발전3호 태양광발전소),,충청남도 서산시 대산읍 기은리 704-5,36.9592342,126.3854022,,정상가동,993.6,22900,60,2020,,2020-01-17,충청남도 서산시청,,2025-06-17
솔라미엄환성(주)(환성리발전2호 태양광발전소),,충청남도 서산시 대산읍 기은리 704-7,36.95896744,126.3854179,,정상가동,993.6,22900,60,2020,,2020-01-17,충청남도 서산시청,,2025-06-17
썬비치(주) 환성리발전1호 태양광발전소,,충청남도 서산시 대산읍 기은리 704-4,36.95936892,126.3853644,,정상가동,993.6,22900,60,2020,,2020-01-17,충청남도 서산시청,,2025-06-17
지곡2 태양광발전소,,충청남도 서산시 대산읍 기은리 704-8,36.95881327,126.3854281,,가동중단,999.6,22900,60,2020,,2020-07-30,충청남도 서산시청,,2025-06-17
지곡1 태양광발전소,,충청남도 서산시 대산읍 기은리 704-6,36.95911591,126.3854119,,가동중단,999.6,22900,60,2020,,2020-07-30,충청남도 서산시청,,2025-06-17
그린 태양광발전소,,충청남도 서산시 대산읍 기은리 704-9,36.95845101,126.3854566,,정상가동,999.6,22900,60,2020,,2020-06-29,충청남도 서산시청,,2025-06-17
허브 태양광발전소,,충청남도 서산시 지곡면 환성리 839-7,,,,정상가동,999.6,22900,60,2020,,2020-06-17,충청남도 서산시청,,2025-06-17
환성리발전6호 태양광발전소,,충청남도 서산시 지곡면 환성리 839-9,,,,정상가동,993.6,22900,60,2020,,2020-01-17,충청남도 서산시청,,2025-06-17
환성리발전4호 태양광발전소,,충청남도 서산시 지곡면 환성리 839-11,,,,정상가동,993.6,22900,60,2020,,2020-01-17,충청남도 서산시청,,2025-06-17
쏠라포스1호 태양광발전소,,충청남도 서산시 지곡면 환성리 839-14,,,,정상가동,999.63,22900,60,2020,,2020-06-29,충청남도 서산시청,,2025-06-17
햇살태양광3호 태양광발전소,,"충청남도 서산시 지곡면 환성리 839-16, 839-23",,,,정상가동,999,22900,60,2020,,2020-03-23,충청남도 서산시청,,2025-06-17
금빛태양광3호 태양광발전소,,"충청남도 서산시 지곡면 환성리 839-1, 839-2, 839-6, 839-7, 839-8",36.91430951,126.4138973,,정상가동,749.84,22900,60,2020,,2020-03-23,충청남도 서산시청,,2025-06-17
돌체 태양광발전소,,"충청남도 서산시 지곡면 환성리 839-16, 839-17",,,,정상가동,19.92,380,60,2020,,2020-12-01,충청남도 서산시청,,2025-06-17
대두19호 태양광발전소,,"충청남도 서산시 지곡면 환성리 839-2, 839-3, 839-6",,,,정상가동,99.18,380,60,2020,,2020-11-26,충청남도 서산시청,,2025-06-17
샤이니1호 태양광발전소,,"충청남도 서산시 지곡면 환성리 839-2, 839-3",,,,가동중단,99.18,380,60,2020,,2020-11-26,충청남도 서산시청,,2025-06-17
대두17호 태양광발전소,,"충청남도 서산시 지곡면 환성리 839-13, 839-14, 839-16, 839-17",,,,정상가동,99.18,380,60,2020,,2020-11-26,충청남도 서산시청,,2025-06-17
대두16호 태양광발전소,,"충청남도 서산시 지곡면 환성리 839-1, 839-2, 839-3",36.91430951,126.4138973,,정상가동,99.18,380,60,2020,,2020-11-26,충청남도 서산시청,,2025-06-17
대두15호 태양광발전소,,"충청남도 서산시 지곡면 환성리 839-11, 839-12, 839-13, 839-14, 839-16",,,,정상가동,99.18,380,60,2020,,2020-11-26,충청남도 서산시청,,2025-06-17
대두14호 태양광발전소,,충청남도 서산시 지곡면 환성리 839-15,36.91452177,126.4126408,,정상가동,99.18,380,60,2020,,2020-11-26,충청남도 서산시청,,2025-06-17
대두13호 태양광발전소,,"충청남도 서산시 지곡면 환성리 839-15, 839-19",36.91452177,126.4126408,,가동중단,99.18,380,60,2020,,2020-11-26,충청남도 서산시청,,2025-06-17
대두12호 태양광발전소,,"충청남도 서산시 지곡면 환성리 839-15, 839-19",36.91452177,126.4126408,,가동중단,99.18,380,60,2020,,2020-11-26,충청남도 서산시청,,2025-06-17
대두11호 태양광발전소,,"충청남도 서산시 지곡면 환성리 839-6, 839-7, 839-8, 839-11, 839-13, 839-14, 839-17",,,,정상가동,99.18,380,60,2020,,2020-11-26,충청남도 서산시청,,2025-06-17
대두10호 태양광발전소,,"충청남도 서산시 지곡면 환성리 839-15, 839-19",36.91452177,126.4126408,,정상가동,99.18,380,60,2020,,2020-11-26,충청남도 서산시청,,2025-06-17
태산솔라 태양광발전소,,"충청남도 서산시 지곡면 환성리 839-2, 839-6, 839-7, 839-8, 839-11, 839-13",,,,정상가동,99.18,380,60,2020,,2020-11-26,충청남도 서산시청,,2025-06-17
대두8호 태양광발전소,,"충청남도 서산시 지곡면 환성리 839-15, 839-19, 839-20",36.91452177,126.4126408,,정상가동,99.18,380,60,2020,,2020-11-26,충청남도 서산시청,,2025-06-17
대두7호 태양광발전소,,"충청남도 서산시 해미면 홍천리 456, 457",,,,정상가동,99.18,380,60,2020,,2020-11-26,충청남도 서산시청,,2025-06-17
서산에너지 태양광발전소,,"충청남도 서산시 해미면 홍천리 455, 456, 457",36.74682679,126.5402293,,정상가동,99.18,380,60,2020,,2020-11-26,충청남도 서산시청,,2025-06-17
주영에너지 태양광발전소,,"충청남도 서산시 해미면 홍천리 455, 456, 457",36.74682679,126.5402293,,정상가동,99.18,380,60,2020,,2020-11-26,충청남도 서산시청,,2025-06-17
지노에너지 태양광발전소,,"충청남도 서산시 해미면 홍천리 455, 456, 457",36.74682679,126.5402293,,정상가동,99.18,380,60,2020,,2020-11-26,충청남도 서산시청,,2025-06-17
CNG 태양광발전소,,"충청남도 서산시 해미면 홍천리 455, 456, 457",36.74682679,126.5402293,,정상가동,99.18,380,60,2020,,2020-11-26,충청남도 서산시청,,2025-06-17
대두2호 태양광발전소,,"충청남도 서산시 해미면 홍천리 455, 456, 457",36.74682679,126.5402293,,정상가동,99.18,380,60,2020,,2020-11-26,충청남도 서산시청,,2025-06-17
서산1호 태양광발전소,,"충청남도 서산시 해미면 홍천리 455, 456, 457",36.74682679,126.5402293,,정상가동,99.18,380,60,2020,,2020-11-26,충청남도 서산시청,,2025-06-17
정익 태양광발전소,,"충청남도 서산시 지곡면 환성리 820-37,820-37,820-39,820-41(대지 위)",36.90664627,126.418346,,정상가동,18,220,60,2020,,2020-11-24,충청남도 서산시청,,2025-06-17
한국콘트롤 태양광발전소,,"충청남도 서산시 지곡면 환성리 820-83, 849-(17,18,19,26,27,28,29,60,61,62,63,67,72)",36.9080241,126.4198602,,정상가동,29.96,380,60,2020,,2020-11-24,충청남도 서산시청,,2025-06-17
종국태양괄발전소 2호,,"충청남도 서산시 지곡면 환성리 820-7, 849-9, 849-10, 849-21, 849-22",36.90768897,126.417834,,정상가동,10.12,380,60,2020,,2020-10-29,충청남도 서산시청,,2025-06-17
서산아리 태양광발전소,,"충청남도 서산시 지곡면 환성리 820-1, 820-2, 820-3, 849-11, 849-12, 849-13, 849-14, 820-61, 820-62동",36.90841976,126.418790,,가동중단,29.93,380,60,2020,,2020-10-29,충청남도 서산시청,,2025-06-17
씨지앤대산전력 태양광발전소,,"충청남도 서산시 지곡면 환성리 692-2, 694-51, 694-55, 694-56, 694-59",36.90829465,126.4262798,,정상가동,499.66,380,60,2020,,2020-10-26,충청남도 서산시청,,2025-06-17
영현 태양광발전소,,"충청남도 서산시 지곡면 환성리 694-54, 694-55, 694-60, 694-61, 694-62",,,,가동중단,99,380,60,2020,,2020-10-13,충청남도 서산시청,,2025-06-17
기은11호 태양광발전소,,충청남도 서산시 지곡면 환성리 694-57,36.9079931,126.4258624,,가동중단,99,380,60,2020,,2020-10-13,충청남도 서산시청,,2025-06-17
기은10호 태양광발전소,,"충청남도 서산시 지곡면 환성리 694-64, 694-76, 694-77, 694-78, 694-79, 694-80",,,,가동중단,99,380,60,2020,,2020-10-13,충청남도 서산시청,,2025-06-17
기은9호 태양광발전소,,"충청남도 서산시 지곡면 환성리 820-30,820-41, 820-44, 820-62, 849-14, 849-16, 849-17,849-29",36.90752419,126.4203895,,가동중단,99,380,60,2020,,2020-10-13,충청남도 서산시청,,2025-06-17
기은8호 태양광발전소,,"충청남도 서산시 지곡면 환성리 820-33, 820-34, 820-35, 820-37",36.9069757983,126.417421765,,가동중단,99,380,60,2020,,2020-10-13,충청남도 서산시청,,2025-06-17
기은7호 태양광발전소,,충청남도 서산시 고북면 남정리 766-2,36.67849431,126.5089142,,가동중단,99,380,60,2020,,2020-10-13,충청남도 서산시청,,2025-06-17
엠제이3호 태양광발전소,,"충청남도 서산시 고북면 정자리 473-8, 473-9, 473-10, 산34-2",36.65789637,126.5051106,,정상가동,97.44,380,60,2020,,2020-10-07,충청남도 서산시청,,2025-06-17
라니2호 태양광발전소,,"충청남도 서산시 고북면 정자리 473-25, 473-27",36.65712631,126.5051238,,정상가동,97.44,380,60,2020,,2020-10-07,충청남도 서산시청,,2025-06-17
벨라2호 태양광발전소,충청남도 서산시 부춘공원1로 10 (동문동),,36.78432944,126.4518233,,정상가동,94.5,380,60,2020,,2020-10-07,충청남도 서산시청,,2025-06-17
지우1호 태양광발전소,,충청남도 서산시 부석면 대두리 512-23,36.71030548,126.3792872,,정상가동,97.44,380,60,2020,,2020-10-07,충청남도 서산시청,,2025-06-17
문양리발전소 태양광발전소,,충청남도 서산시 부석면 대두리 512-22,36.71041041,126.3792598,,정상가동,97.44,380,60,2020,,2020-10-07,충청남도 서산시청,,2025-06-17
쏠라포스 5호 태양광발전소,,충청남도 서산시 부석면 대두리 512-2,36.71021155,126.379316,,정상가동,298.35,380,60,2020,,2020-10-06,충청남도 서산시청,,2025-06-17
쏠라포스6호 태양광발전소,,충청남도 서산시 부석면 대두리 512-2,36.71021155,126.379316,,정상가동,198.45,380,60,2020,,2020-10-06,충청남도 서산시청,,2025-06-17
오성2호 태양광발전소,,충청남도 서산시 부석면 대두리 512-20,36.71070521,126.3794934,,정상가동,98.77,380,60,2020,,2020-09-25,충청남도 서산시청,,2025-06-17
신나라3호 태양광발전소,,충청남도 서산시 부석면 대두리 512-21,36.71055169,126.3793688,,가동중단,148.13,380,60,2020,,2020-09-22,충청남도 서산시청,,2025-06-17
신나라2호 태양광발전소,,충청남도 서산시 부석면 대두리 512-2,36.71021155,126.379316,,가동중단,99.54,380,60,2020,,2020-09-22,충청남도 서산시청,,2025-06-17
광호 태양광발전소,,충청남도 서산시 부석면 대두리 512-2,36.71021155,126.379316,,가동중단,19.92,380,60,2020,,2020-09-17,충청남도 서산시청,,2025-06-17
제이에스 태양광발전소,,충청남도 서산시 부석면 대두리 512-24,36.71020195,126.3788838,,가동중단,99.9,380,60,2020,,2020-09-04,충청남도 서산시청,,2025-06-17
건형 태양광발전소,,충청남도 서산시 부석면 대두리 512-35,36.70997487,126.379330,,가동중단,99.9,380,60,2020,,2020-09-04,충청남도 서산시청,,2025-06-17
복 태양광발전소,,충청남도 서산시 부석면 대두리 512-36,36.71011033,126.3793289,,가동중단,99.9,380,60,2020,,2020-09-04,충청남도 서산시청,,2025-06-17
에스아이 태양광발전소,,충청남도 서산시 부석면 대두리 512-34,36.70959327,126.3792301,,가동중단,99.9,380,60,2020,,2020-09-04,충청남도 서산시청,,2025-06-17
그린3호 태양광발전소,,충청남도 서산시 부석면 대두리 512-26,36.71000376,126.3787745,,정상가동,99.84,380,60,2020,,2020-09-04,충청남도 서산시청,,2025-06-17
금빛7호 태양광발전소,,충청남도 서산시 부석면 대두리 512-27,36.70986927,126.3786955,,정상가동,99.84,380,60,2020,,2020-09-04,충청남도 서산시청,,2025-06-17
대로8 태양광발전소,,"충청남도 서산시 부석면 대두리 512-29, 512-39",36.70962604,126.3783707,,정상가동,99.84,380,60,2020,,2020-09-04,충청남도 서산시청,,2025-06-17
명천에너지 태양광발전소,,충청남도 서산시 부석면 대두리 512-28,36.70973075,126.378614,,가동중단,99.96,380,60,2020,,2020-08-28,충청남도 서산시청,,2025-06-17
용주에너지 태양광발전소,,"충청남도 서산시 부석면 대두리 512-30, 512-41",36.7095559,126.3785894,,가동중단,30.72,380,60,2020,,2020-08-28,충청남도 서산시청,,2025-06-17
태양목장에너지 태양광발전소,,"충청남도 서산시 부석면 대두리 512-31, 512-42",36.70946765,126.3786455,,정상가동,99.96,380,60,2020,,2020-08-28,충청남도 서산시청,,2025-06-17
지혜에너지 태양광발전소,,"충청남도 서산시 부석면 지산리 512-32, 512-43",,,,가동중단,99.96,380,60,2020,,2020-08-28,충청남도 서산시청,,2025-06-17
천규 태양광발전소,충청남도 서산시 팔봉면 문현로 160,,36.83832514,126.3719878,,가동중단,99.18,380,60,2020,,2020-08-14,충청남도 서산시청,,2025-06-17
법천4호 태양광발전소,충청남도 서산시 팔봉면 어송솔티1길 9,,36.79713888,126.3562586,,가동중단,99.18,380,60,2020,,2020-08-14,충청남도 서산시청,,2025-06-17
인정 태양광발전소,,충청남도 서산시 지곡면 환성리 640,36.91393548,126.4297598,,가동중단,99.18,380,60,2020,,2020-08-14,충청남도 서산시청,,2025-06-17
다온 태양광발전소,,충청남도 서산시 고북면 정자리 348-10,36.652774,126.5121476,,가동중단,99.18,380,60,2020,,2020-08-14,충청남도 서산시청,,2025-06-17
다노 태양광발전소,충청남도 서산시 대산읍 독곶2로 50,,36.99675927,126.362155,,가동중단,99.18,380,60,2020,,2020-08-14,충청남도 서산시청,,2025-06-17
명천2호 태양광발전소,,충청남도 서산시 대산읍 기은리 704-11,36.95897055,126.3859002,,가동중단,99.18,380,60,2020,,2020-08-14,충청남도 서산시청,,2025-06-17
JAS 태양광발전소,,충청남도 서산시 대산읍 기은리 704-11,36.95897055,126.3859002,,가동중단,99.18,380,60,2020,,2020-08-14,충청남도 서산시청,,2025-06-17
황금동 태양광발전소,,충청남도 서산시 대산읍 기은리 704-11,36.95897055,126.3859002,,가동중단,99.18,380,60,2020,,2020-08-14,충청남도 서산시청,,2025-06-17
대로8호 태양광발전소,,충청남도 서산시 대산읍 기은리 704-11,36.95897055,126.3859002,,가동중단,99.18,380,60,2020,,2020-08-14,충청남도 서산시청,,2025-06-17
일광(대로)태양광발전소,,충청남도 서산시 대산읍 기은리 704-11,36.95897055,126.3859002,,가동중단,99.18,380,60,2020,,2020-08-14,충청남도 서산시청,,2025-06-17
서산발전1호 태양광발전소,,충청남도 서산시 대산읍 기은리 704-11,36.95897055,126.3859002,,가동중단,99.18,380,60,2020,,2020-08-14,충청남도 서산시청,,2025-06-17
에디슨6호 태양광발전소,,"충청남도 서산시 음암면 문양리 824, 826",36.82666241,126.5068051,,가동중단,99.18,380,60,2020,,2020-08-14,충청남도 서산시청,,2025-06-17
에디슨5호 태양광발전소,,"충청남도 서산시 음암면 문양리 824, 826",36.82666241,126.5068051,,가동중단,99.18,380,60,2020,,2020-08-14,충청남도 서산시청,,2025-06-17
골든벨 태양광발전소,,"충청남도 서산시 음암면 문양리 824, 826",36.82666241,126.5068051,,가동중단,99.18,380,60,2020,,2020-08-14,충청남도 서산시청,,2025-06-17
봄내서산 태양광발전소,,"충청남도 서산시 음암면 문양리 824, 826",36.82666241,126.5068051,,가동중단,99.18,380,60,2020,,2020-08-14,충청남도 서산시청,,2025-06-17
건강한 태양광발전소,,"충청남도 서산시 음암면 문양리 824, 826",36.82666241,126.5068051,,가동중단,99.18,380,60,2020,,2020-08-14,충청남도 서산시청,,2025-06-17
정혜준 태양광발전소,,충청남도 서산시 고북면 남정리 766-3,36.67878501,126.5085008,,가동중단,99.18,380,60,2020,,2020-08-14,충청남도 서산시청,,2025-06-17
SH태양광발전소2호,,"충청남도 서산시 고북면 남정리 766-5, 766-12, 766-8",36.67774487,126.5088084,,가동중단,99.18,380,60,2020,,2020-08-14,충청남도 서산시청,,2025-06-17
영탑9호 태양광발전소,,"충청남도 서산시 부석면 대두리 676, 676-2, 676-6",36.69695787,126.3811184,,정상가동,300,380,60,2020,,2020-08-10,충청남도 서산시청,,2025-06-17
영탑21호 태양광발전소,,충청남도 서산시 성연면 왕정리 566,36.83448105,126.4543912,,가동중단,498,380,60,2020,,2020-08-10,충청남도 서산시청,,2025-06-17
영탑20호 태양광발전소,충청남도 서산시 성연면 성연4로 197-17,,36.83448105,126.4543912,,정상가동,498,380,60,2020,,2020-08-10,충청남도 서산시청,,2025-06-17
영탑19호 태양광발전소,,충청남도 서산시 고북면 봉생리 169-1,36.64540186,126.4997969,,가동중단,396,380,60,2020,,2020-08-10,충청남도 서산시청,,2025-06-17
영탑31호 태양광발전소,,"충청남도 서산시 지곡면 환성리 49, 50-1",36.90858348,126.4519982,,가동중단,198,380,60,2020,,2020-08-10,충청남도 서산시청,,2025-06-17
영탑18호 태양광발전소,,충청남도 서산시 지곡면 환성리 50-1,,,,가동중단,498,380,60,2020,,2020-08-10,충청남도 서산시청,,2025-06-17
영탑30호 태양광발전소,,"충청남도 서산시 지곡면 환성리 49, 50-1",36.90858348,126.4519982,,정상가동,498,380,60,2020,,2020-08-10,충청남도 서산시청,,2025-06-17
영탑17호 태양광발전소,,"충청남도 서산시 지곡면 환성리 49, 50-1",36.90858348,126.4519982,,가동중단,498,380,60,2020,,2020-08-10,충청남도 서산시청,,2025-06-17
영탑11호 태양광발전소,,충청남도 서산시 대산읍 대로리 34,36.97233947,126.4272967,,정상가동,498,380,60,2020,,2020-08-10,충청남도 서산시청,,2025-06-17
영탑29호 태양광발전소,,"충청남도 서산시 대산읍 대로리 918, 919, 34",36.97207657,126.4267243,,가동중단,498,380,60,2020,,2020-08-10,충청남도 서산시청,,2025-06-17
영탑28호 태양광발전소,,충청남도 서산시 대산읍 대로리 34,36.97233947,126.4272967,,정상가동,498,380,60,2020,,2020-08-10,충청남도 서산시청,,2025-06-17
영탑16호 태양광발전소,,"충청남도 서산시 성연면 명천리 896, 898, 900, 901",36.84325393,126.4843486,,가동중단,498,380,60,2020,,2020-08-10,충청남도 서산시청,,2025-06-17
영탑27호 태양광발전소,충청남도 서산시 성연면 명천2길 67-34,,36.84322003,126.4837231,,가동중단,498,380,60,2020,,2020-08-10,충청남도 서산시청,,2025-06-17
영탑8호 태양광발전소,,"충청남도 서산시 성연면 명천리 904-2, 905, 440",36.84472707,126.4848345,,정상가동,498,380,60,2020,,2020-08-10,충청남도 서산시청,,2025-06-17
영탑15호 태양광발전소,,"충청남도 서산시 성연면 명천리 896, 898, 900, 901",36.84325393,126.4843486,,가동중단,498,380,60,2020,,2020-08-10,충청남도 서산시청,,2025-06-17
영탑7호 태양광발전소,,"충청남도 서산시 대산읍 영탑리 28, 29, 30",36.91343276,126.4523815,,정상가동,498,380,60,2020,,2020-08-10,충청남도 서산시청,,2025-06-17
영탑26호 태양광발전소,,"충청남도 서산시 대산읍 대로리 937-1, 937-4",36.97535612,126.4290469,,가동중단,498,380,60,2020,,2020-08-10,충청남도 서산시청,,2025-06-17
영탑25호 태양광발전소,,"충청남도 서산시 대산읍 대로리 3, 29, 30",36.97578435,126.4282541,,정상가동,498,380,60,2020,,2020-08-10,충청남도 서산시청,,2025-06-17
영탑6호 태양광발전소,,"충청남도 서산시 대산읍 대로리 3, 28, 29, 30",36.97578435,126.4282541,,정상가동,498,380,60,2020,,2020-08-10,충청남도 서산시청,,2025-06-17
영탑5호 태양광발전소,,"충청남도 서산시 대산읍 대로리 937-1, 937-2, 937-4",36.97535612,126.4290469,,정상가동,300,380,60,2020,,2020-08-10,충청남도 서산시청,,2025-06-17
영탑24호 태양광발전소,,"충청남도 서산시 대산읍 대로리 937-1, 937-4",36.97535612,126.4290469,,가동중단,498,380,60,2020,,2020-08-10,충청남도 서산시청,,2025-06-17
영탑14호 태양광발전소,,"충청남도 서산시 대산읍 대로리 937-1, 937-4",36.97535612,126.4290469,,정상가동,498,380,60,2020,,2020-08-10,충청남도 서산시청,,2025-06-17
영탑23호 태양광발전소,,"충청남도 서산시 대산읍 대로리 3, 29, 30, 31",36.97578435,126.4282541,,가동중단,498,380,60,2020,,2020-08-10,충청남도 서산시청,,2025-06-17
영탑4호 태양광발전소,,"충청남도 서산시 대산읍 대로리 3, 29 , 30",36.97578435,126.4282541,,정상가동,198,380,60,2020,,2020-08-10,충청남도 서산시청,,2025-06-17
영탑13호 태양광발전소,,"충청남도 서산시 대산읍 대로리 937-1, 937-4",36.97535612,126.4290469,,정상가동,498,380,60,2020,,2020-08-10,충청남도 서산시청,,2025-06-17
영탑22호 태양광발전소,,"충청남도 서산시 대산읍 영탑리 3, 29, 30",36.91376522,126.4715251,,가동중단,498,380,60,2020,,2020-08-10,충청남도 서산시청,,2025-06-17
영탑3호 태양광발전소,,"충청남도 서산시 대산읍 대로리 937-1, 937-2, 937-4",36.97535612,126.4290469,,정상가동,300,380,60,2020,,2020-08-10,충청남도 서산시청,,2025-06-17
영탑12호 태양광발전소,,"충청남도 서산시 대산읍 대로리 937-1, 937-2, 937-4",36.97535612,126.4290469,,정상가동,498,380,60,2020,,2020-08-10,충청남도 서산시청,,2025-06-17
영탑2호 태양광발전소,,"충청남도 서산시 대산읍 영탑리 3, 29, 30",36.91376522,126.4715251,,정상가동,300,380,60,2020,,2020-08-10,충청남도 서산시청,,2025-06-17
영탑1호 태양광발전소,,"충청남도 서산시 대산읍 대로리 937-1, 937-2, 937-4",36.97535612,126.4290469,,정상가동,198,380,60,2020,,2020-08-10,충청남도 서산시청,,2025-06-17
드림1호 태양광발전소,,"충청남도 서산시 대산읍 대로리 28, 29",36.97610008,126.4273943,,가동중단,90,380,60,2020,,2020-08-07,충청남도 서산시청,,2025-06-17
드림2호 태양광발전소,,충청남도 서산시 대산읍 영탑리 28,36.91343276,126.4523815,,가동중단,90,380,60,2020,,2020-08-07,충청남도 서산시청,,2025-06-17
드림3호 태양광발전소,,"충청남도 서산시 대산읍 대로리 937-1, 937-2, 937-4",36.97535612,126.4290469,,가동중단,90,380,60,2020,,2020-08-07,충청남도 서산시청,,2025-06-17
드림4호 태양광발전소,,"충청남도 서산시 대산읍 영탑리 20-139, 20-124",,,,가동중단,48,380,60,2020,,2020-08-07,충청남도 서산시청,,2025-06-17
제이티씨 태양광발전소,,"충청남도 서산시 대산읍 영탑리 20-120, 20-125",36.90759747,126.4605108,,정상가동,94.5,380,60,2020,,2020-08-05,충청남도 서산시청,,2025-06-17
(주)제이.텍 태양광발전소,,충청남도 서산시 대산읍 영탑리 20-125,36.90642206,126.4606051,,정상가동,101.63,380,60,2020,,2020-08-05,충청남도 서산시청,,2025-06-17
희림에너지 태양광발전소,,"충청남도 서산시 대산읍 영탑리 20-214, 20-134, 20-136, 20-135, 20-123",,,,정상가동,97.65,380,60,2020,,2020-08-04,충청남도 서산시청,,2025-06-17
흑석2호 태양광발전소,,"충청남도 서산시 대산읍 영탑리 20-121, 20-214",,,,정상가동,97.65,380,60,2020,,2020-08-04,충청남도 서산시청,,2025-06-17
패밀리6 태양광발전소,,"충청남도 서산시 대산읍 영탑리 20-124, 20-135, 20-123, 20-136",,,,정상가동,15,220,60,2020,,2020-06-25,충청남도 서산시청,,2025-06-17
대요4호 태양광발전소,,"충청남도 서산시 대산읍 영탑리 20-119, 20-121, 20-205, 20-120",36.90862246,126.4585145,,정상가동,99.9,380,60,2020,,2020-06-17,충청남도 서산시청,,2025-06-17
대요5호 태양광발전소,,충청남도 서산시 대산읍 영탑리 20-124,,,,정상가동,99.9,380,60,2020,,2020-06-17,충청남도 서산시청,,2025-06-17
통일3호 태양광발전소,,충청남도 서산시 대산읍 영탑리 20-124,,,,정상가동,99.9,380,60,2020,,2020-06-17,충청남도 서산시청,,2025-06-17
대요6호 태양광발전소,,"충청남도 서산시 대산읍 영탑리 20-205, 20-120",,,,정상가동,99.9,380,60,2020,,2020-06-17,충청남도 서산시청,,2025-06-17
그린6호 태양광발전소,,"충청남도 서산시 대산읍 영탑리 20-120, 20-125, 20-205",36.90759747,126.4605108,,정상가동,99.9,380,60,2020,,2020-06-17,충청남도 서산시청,,2025-06-17
대요7호 태양광발전소,,충청남도 서산시 대산읍 영탑리 20-124,,,,정상가동,99.9,380,60,2020,,2020-06-17,충청남도 서산시청,,2025-06-17
학림 태양광발전소,,"충청남도 서산시 대산읍 영탑리 20-214, 20-122, 20-134, 20-123, 20-124",,,,정상가동,99.9,380,60,2020,,2020-06-17,충청남도 서산시청,,2025-06-17
sunny 태양광발전소,,충청남도 서산시 대산읍 영탑리 20-124,,,,정상가동,19.5,380,60,2020,,2020-05-12,충청남도 서산시청,,2025-06-17
애향2호 태양광발전소,,충청남도 서산시 대산읍 영탑리 20-124,,,,정상가동,99.84,380,60,2020,,2020-04-29,충청남도 서산시청,,2025-06-17
애향1호 태양광발전소,,충청남도 서산시 대산읍 영탑리 20-124,,,,정상가동,99.84,380,60,2020,,2020-04-29,충청남도 서산시청,,2025-06-17
취평에너지3 태양광발전소,,"충청남도 서산시 대산읍 영탑리 20-122, 20-123, 20-124",36.90885803,126.4615617,,정상가동,99.6,380,60,2020,,2020-04-20,충청남도 서산시청,,2025-06-17
취평에너지1 태양광발전소,,충청남도 서산시 대산읍 영탑리 20-124,,,,정상가동,99.6,380,60,2020,,2020-04-20,충청남도 서산시청,,2025-06-17
취평에너지4 태양광발전소,,충청남도 서산시 대산읍 영탑리 20-124,,,,정상가동,99.6,380,60,2020,,2020-04-20,충청남도 서산시청,,2025-06-17
취평에너지2 태양광발전소,,"충청남도 서산시 대산읍 영탑리 20-140, 20-124",,,,정상가동,99.6,380,60,2020,,2020-04-20,충청남도 서산시청,,2025-06-17
인후2호 태양광발전소,,충청남도 서산시 대산읍 영탑리 20-124,,,,정상가동,496.47,380,60,2020,,2020-03-10,충청남도 서산시청,,2025-06-17
인후1호 태양광발전소,,"충청남도 서산시 대산읍 영탑리 20-124, 20-136, 20-137",,,,정상가동,171.33,380,60,2020,,2020-03-10,충청남도 서산시청,,2025-06-17
인후3호 태양광발전소,,충청남도 서산시 대산읍 영탑리 20-124,,,,정상가동,98.28,380,60,2020,,2020-03-06,충청남도 서산시청,,2025-06-17
지성 태양광발전소,,충청남도 서산시 대산읍 영탑리 20-124,,,,정상가동,496.47,380,60,2020,,2020-03-06,충청남도 서산시청,,2025-06-17
라연 태양광발전소,,충청남도 서산시 대산읍 영탑리 20-124,,,,정상가동,496.47,380,60,2020,,2020-03-06,충청남도 서산시청,,2025-06-17
덕지천1호 태양광발전소,,충청남도 서산시 대산읍 영탑리 20-124,,,,가동중단,99.22,380,60,2020,,2020-03-02,충청남도 서산시청,,2025-06-17
덕지천6호 태양광발전소,,충청남도 서산시 대산읍 영탑리 20-124,,,,가동중단,99.22,380,60,2020,,2020-03-02,충청남도 서산시청,,2025-06-17
덕지천4호 태양광발전소,,충청남도 서산시 대산읍 영탑리 20-124,,,,가동중단,99.22,380,60,2020,,2020-03-02,충청남도 서산시청,,2025-06-17
덕지천3호 태양광발전소,,충청남도 서산시 대산읍 영탑리 20-124,,,,가동중단,99.22,380,60,2020,,2020-03-02,충청남도 서산시청,,2025-06-17
덕지천5호 태양광발전소,,충청남도 서산시 대산읍 영탑리 20-124,,,,가동중단,99.22,380,60,2020,,2020-03-02,충청남도 서산시청,,2025-06-17
신광테크 태양광발전소,,충청남도 서산시 음암면 도당리 249-13,36.81186794,126.5351676,,가동중단,99.22,380,60,2020,,2020-03-02,충청남도 서산시청,,2025-06-17
덕지천7호 태양광발전소,충청남도 서산시 음암면 탑곡도당길 151,,36.81186794,126.5351676,,가동중단,99.22,380,60,2020,,2020-03-02,충청남도 서산시청,,2025-06-17
덕지천2호 태양광발전소,충청남도 서산시 음암면 탑곡도당길 151,,36.81186794,126.5351676,,가동중단,99.22,380,60,2020,,2020-03-02,충청남도 서산시청,,2025-06-17
명천솔라1 발전소,충청남도 서산시 음암면 탑곡도당길 151,,36.81186794,126.5351676,,정상가동,498,380,60,2020,,2020-02-24,충청남도 서산시청,,2025-06-17
명천솔라2  발전소,충청남도 서산시 성연면 해성길 83,,36.86404786,126.4798424,,정상가동,498,380,60,2020,,2020-02-24,충청남도 서산시청,,2025-06-17
가은2호 태양광발전소,충청남도 서산시 성연면 해성길 83,,36.86404786,126.4798424,,정상가동,99.6,380,60,2020,,2020-01-21,충청남도 서산시청,,2025-06-17
태전2호 태양광발전소,,충청남도 서산시 팔봉면 흑석리 628-1,36.85698366,126.3730127,,정상가동,99.6,380,60,2020,,2020-01-21,충청남도 서산시청,,2025-06-17
추곡2호 태양광발전소,,충청남도 서산시 팔봉면 흑석리 628,36.85679269,126.3739296,,정상가동,99.6,380,60,2020,,2020-01-21,충청남도 서산시청,,2025-06-17
추곡3호 태양광발전소,,충청남도 서산시 지곡면 중왕리 290-1,36.87226423,126.3861496,,정상가동,99.6,380,60,2020,,2020-01-21,충청남도 서산시청,,2025-06-17
동원 태양광발전소,,충청남도 서산시 지곡면 대요리 915-5,36.89356931,126.4221989,,정상가동,24.9,380,60,2020,,2020-01-21,충청남도 서산시청,,2025-06-17
기은2호 태양광발전소,,충청남도 서산시 지곡면 대요리 915-4,36.89375321,126.4223642,,정상가동,98.56,380,60,2020,,2020-01-17,충청남도 서산시청,,2025-06-17
기은4호 태양광발전소,,충청남도 서산시 지곡면 대요리 892,36.89397185,126.4214522,,정상가동,98.56,380,60,2020,,2020-01-17,충청남도 서산시청,,2025-06-17
기은1호 태양광발전소,,충청남도 서산시 지곡면 대요리 915-6,36.89341962,126.4222273,,정상가동,98.56,380,60,2020,,2020-01-17,충청남도 서산시청,,2025-06-17
기은5호 태양광발전소,,충청남도 서산시 지곡면 대요리 892-3,36.89391862,126.422061,,정상가동,98.56,380,60,2020,,2020-01-17,충청남도 서산시청,,2025-06-17
기은3호 태양광발전소,,충청남도 서산시 지곡면 대요리 915-7,36.89342373,126.4218642,,정상가동,98.56,380,60,2020,,2020-01-17,충청남도 서산시청,,2025-06-17
대성발전1호 태양광발전소,,충청남도 서산시 지곡면 대요리 915-3,36.89376223,126.421902,,정상가동,98.56,380,60,2020,,2020-01-17,충청남도 서산시청,,2025-06-17
그린환성8호 태양광발전소,,충청남도 서산시 해미면 대곡리 397-8,36.69014069,126.579108,,정상가동,99.23,380,60,2020,,2020-01-13,충청남도 서산시청,,2025-06-17
그린환성1호 태양광발전소,,"충청남도 서산시 고북면 기포리 581-8, 9",36.66436098,126.5178807,,정상가동,99.23,380,60,2020,,2020-01-13,충청남도 서산시청,,2025-06-17
그린환성2호 태양광발전소,,충청남도 서산시 고북면 기포리 581-9,36.66436098,126.5178807,,정상가동,99.23,380,60,2020,,2020-01-13,충청남도 서산시청,,2025-06-17
그린환성3호 태양광발전소,,"충청남도 서산시 부석면 취평리 191-3, 188",36.70733865,126.4015196,,정상가동,99.23,380,60,2020,,2020-01-13,충청남도 서산시청,,2025-06-17
그린환성4호 태양광발전소,,충청남도 서산시 부석면 취평리 191-3,36.70733865,126.4015196,,정상가동,99.23,380,60,2020,,2020-01-13,충청남도 서산시청,,2025-06-17
그린환성11호 태양광발전소,,"충청남도 서산시 부석면 취평리 187, 188",36.70677954,126.4010172,,정상가동,99.23,380,60,2020,,2020-01-13,충청남도 서산시청,,2025-06-17
그린환성5호 태양광발전소,,충청남도 서산시 부석면 취평리 191-3,36.70733865,126.4015196,,가동중단,99.23,380,60,2020,,2020-01-13,충청남도 서산시청,,2025-06-17
그린환성12호 태양광발전소,,충청남도 서산시 대산읍 운산리 494-11,36.97214528,126.4585544,,정상가동,99.23,380,60,2020,,2020-01-13,충청남도 서산시청,,2025-06-17
그린환성13호 태양광발전소,,충청남도 서산시 대산읍 운산리 494-33,36.97296804,126.4590224,,정상가동,99.23,380,60,2020,,2020-01-13,충청남도 서산시청,,2025-06-17
그린환성6호 태양광발전소,,충청남도 서산시 지곡면 환성리 48-2,36.90819411,126.4527409,,정상가동,99.23,380,60,2020,,2020-01-13,충청남도 서산시청,,2025-06-17
그린환성14호 태양광발전소,,"충청남도 서산시 지곡면 환성리 48-5, 48-6, 55-3, 54",36.90757024,126.4520149,,정상가동,40.5,380,60,2020,,2020-01-13,충청남도 서산시청,,2025-06-17
그린환성7호 태양광발전소,,"충청남도 서산시 지곡면 환성리 48-3, 55-2",36.90785424,126.4525673,,정상가동,99.23,380,60,2020,,2020-01-13,충청남도 서산시청,,2025-06-17
그린환성15호 태양광발전소,,충청남도 서산시 고북면 기포리 581-18,36.66597417,126.5171028,,정상가동,99.23,380,60,2020,,2020-01-13,충청남도 서산시청,,2025-06-17
그린환성16호 태양광발전소,,충청남도 서산시 지곡면 중왕리 686-6,36.86652993,126.3764176,,정상가동,99.23,380,60,2020,,2020-01-13,충청남도 서산시청,,2025-06-17
그린환성17호 태양광발전소,,"충청남도 서산시 팔봉면 흑석리 628-2, 628-3",36.85685872,126.373483,,정상가동,99.23,380,60,2020,,2020-01-13,충청남도 서산시청,,2025-06-17
그린환성9호 태양광발전소,,"충청남도 서산시 지곡면 환성리 694-49, 694-50, 694-51, 694-54",36.90871112,126.4257834,,정상가동,99.23,380,60,2020,,2020-01-13,충청남도 서산시청,,2025-06-17
그린환성18호 태양광발전소,,충청남도 서산시 고북면 남정리 766-2,36.67849431,126.5089142,,정상가동,99.23,380,60,2020,,2020-01-13,충청남도 서산시청,,2025-06-17
그린환성10호 태양광발전소,,충청남도 서산시 지곡면 환성리 692-5,36.90734671,126.4266546,,정상가동,99.23,380,60,2020,,2020-01-13,충청남도 서산시청,,2025-06-17
그린환성19호 태양광발전소,,충청남도 서산시 지곡면 환성리 694-64,,,,정상가동,48.2,380,60,2020,,2020-01-13,충청남도 서산시청,,2025-06-17
해미1호 태양광발전소,,충청남도 서산시 운산면 용장리 122-13,36.7941219,126.5934156,,정상가동,99.9,380,60,2020,,2020-01-06,충청남도 서산시청,,2025-06-17
해바라기 태양광발전소,,충청남도 서산시 덕지천동 30,,,,정상가동,99.9,380,60,2020,,2020-01-06,충청남도 서산시청,,2025-06-17
홍천2호 태양광발전소,,충청남도 서산시 덕지천동 398-33,36.73215121,126.4914145,,가동중단,99.9,380,60,2020,,2020-01-06,충청남도 서산시청,,2025-06-17
홍천1호 태양광발전소,,충청남도 서산시 덕지천동 398-3,36.73200933,126.4927749,,정상가동,99.9,380,60,2020,,2020-01-06,충청남도 서산시청,,2025-06-17
진솔 태양광발전소,,충청남도 서산시 덕지천동 398-5,36.73237515,126.4923006,,정상가동,99.9,380,60,2020,,2020-01-06,충청남도 서산시청,,2025-06-17
아윤해미 태양광발전소,,충청남도 서산시 덕지천동 398-33,36.73215121,126.4914145,,정상가동,99.9,380,60,2020,,2020-01-06,충청남도 서산시청,,2025-06-17
해솔 태양광발전소,,"충청남도 서산시 해미면 홍천리 442-1, 442-2, 443, 444-1, 455, 456",36.74744206,126.5398625,,정상가동,99.9,380,60,2020,,2020-01-06,충청남도 서산시청,,2025-06-17
기포4호 태양광발전소,,"충청남도 서산시 해미면 홍천리 437-1, 437-3, 437-11, 438, 441-2, 442-1, 442-2, 444-1",36.74850402,126.5399164,,정상가동,49.4,380,60,2020,,2020-02-10,충청남도 서산시청,,2025-06-17
(주)에스케이비엘 태양광발전소(에스케이비엘 태양광발전소),,충청남도 서산시 대산읍 기은리 758-3,36.96207654,126.3779623,,정상가동,981.18,22900,60,2019,,2019-12-19,충청남도 서산시청,,2025-06-17
우진 태양광발전소,,충청남도 서산시 대산읍 기은리 758-3,36.96207654,126.3779623,,정상가동,981.18,22900,60,2019,,2019-12-19,충청남도 서산시청,,2025-06-17
미래솔라 태양광발전소,,충청남도 서산시 대산읍 기은리 758-3,36.96207654,126.3779623,,정상가동,981.18,22900,60,2019,,2019-12-19,충청남도 서산시청,,2025-06-17
삼주에너지 태양광발전소,,충청남도 서산시 대산읍 기은리 758-3,36.96207654,126.3779623,,정상가동,981.18,22900,60,2019,,2019-12-19,충청남도 서산시청,,2025-06-17
이엔에스 태양광발전소,,충청남도 서산시 고북면 기포리 581-10,36.6640762,126.5182729,,정상가동,981.18,380,60,2019,,2019-12-19,충청남도 서산시청,,2025-06-17
케이에스비엘 태양광발전소,,충청남도 서산시 고북면 기포리 581-10,36.6640762,126.5182729,,정상가동,981.18,380,60,2019,,2019-12-19,충청남도 서산시청,,2025-06-17
천복광 태양광발전소,,"충청남도 서산시 지곡면 환성리 812-10, 812-8",36.91409972,126.4217732,,정상가동,981.18,22900,60,2019,,2019-12-19,충청남도 서산시청,,2025-06-17
천광 태양광발전소,,"충청남도 서산시 부석면 지산리 620-11, 620-13, 620-16, 610-51",36.67398204,126.4216841,,정상가동,981.18,22900,60,2019,,2019-12-19,충청남도 서산시청,,2025-06-17
현대솔라 태양광발전소,,충청남도 서산시 고북면 사기리 97-23,36.65740012,126.4944365,,정상가동,981.18,22900,60,2019,,2019-12-19,충청남도 서산시청,,2025-06-17
한국솔라 태양광발전소,,충청남도 서산시 고북면 사기리 97-24,36.65718751,126.4941153,,정상가동,981.18,22900,60,2019,,2019-12-19,충청남도 서산시청,,2025-06-17
예덕솔라1호 태양광발전소,충청남도 서산시 덕지천로 573 (덕지천동),충청남도 서산시 덕지천동 281,36.73657012,126.4926641,,정상가동,996.84,22900,60,2019,,2019-04-09,충청남도 서산시청,,2025-06-17
서산그린에너지2 태양광발전소,,충청남도 서산시 고북면 사기리 97-1,36.65759387,126.494575,,정상가동,999,22900,60,2019,,2019-03-04,충청남도 서산시청,,2025-06-17
예산그린에너지(주)(서산그린에너지1 태양광발전소),,"충청남도 서산시 지곡면 환성리 640, 643",36.91393548,126.4297598,,정상가동,999,22900,60,2019,,2019-03-04,충청남도 서산시청,,2025-06-17
서산그린에너지 태양광발전소,,충청남도 서산시 지곡면 환성리 716-3,36.91554963,126.4268273,,정상가동,999,380,60,2019,,2019-01-03,충청남도 서산시청,,2025-06-17
우리솔라 기은 태양광발전소,,충청남도 서산시 지곡면 환성리 716-3,36.91554963,126.4268273,,가동중단,689.92,380,60,2019,,2019-01-08,충청남도 서산시청,,2025-06-17
해솔 태양광발전소,,충청남도 서산시 고북면 남정리 866,36.69419931,126.5236611,,정상가동,455.67,380,60,2019,,2019-12-26,충청남도 서산시청,,2025-06-17
티나 태양광발전소,,충청남도 서산시 고북면 남정리 866,36.69419931,126.5236611,,정상가동,321.21,380,60,2019,,2019-12-26,충청남도 서산시청,,2025-06-17
디알에스 태양광발전소,,충청남도 서산시 팔봉면 진장리 872,36.77622668,126.3577673,,정상가동,455.67,380,60,2019,,2019-12-26,충청남도 서산시청,,2025-06-17
태온 태양광발전소,,충청남도 서산시 덕지천동 18-23,36.74198552,126.5038534,,정상가동,455.67,380,60,2019,,2019-12-26,충청남도 서산시청,,2025-06-17
연안1호,,충청남도 서산시 장동 192-25,36.73088142,126.4861983,,정상가동,91.26,380,60,2019,,2019-12-23,충청남도 서산시청,,2025-06-17
연안2호 태양광발전소,,충청남도 서산시 장동 192-24,36.73099022,126.4861101,,정상가동,91.26,380,60,2019,,2019-12-23,충청남도 서산시청,,2025-06-17
교서 태양광발전소,,충청남도 서산시 장동 192-31,36.7294576,126.4875092,,가동중단,99.9,380,60,2019,,2019-12-23,충청남도 서산시청,,2025-06-17
한성 태양광발전소,,충청남도 서산시 장동 192-28,36.73044798,126.4865287,,가동중단,94.72,380,60,2019,,2019-12-23,충청남도 서산시청,,2025-06-17
서산2호 태양광발전소,,충청남도 서산시 장동 192-21,36.7313452,126.4860309,,정상가동,200,380,60,2019,,2019-12-23,충청남도 서산시청,,2025-06-17
서산1호 태양광발전소,,충청남도 서산시 장동 192-29,36.73025607,126.4866769,,정상가동,300,380,60,2019,,2019-12-23,충청남도 서산시청,,2025-06-17
(주)신흥전력 태양광발전소,,충청남도 서산시 장동 192-22,36.73122765,126.4859031,,정상가동,18.96,380,60,2019,,2019-12-09,충청남도 서산시청,,2025-06-17
서산3호 태양광발전소,,충청남도 서산시 장동 192-30,36.7299076,126.4869648,,정상가동,99.9,380,60,2019,,2019-11-27,충청남도 서산시청,,2025-06-17
정연숙 태양광발전소,,충청남도 서산시 장동 192-23,36.73110317,126.4859982,,가동중단,73.26,380,60,2019,,2019-11-27,충청남도 서산시청,,2025-06-17
노룡2 태양광발전소,,충청남도 서산시 장동 192-16,36.73152367,126.4855644,,정상가동,99.84,380,60,2019,,2019-11-27,충청남도 서산시청,,2025-06-17
노룡1 태양광발전소,,충청남도 서산시 장동 192-27,36.73060902,126.4864046,,정상가동,99.84,380,60,2019,,2019-11-27,충청남도 서산시청,,2025-06-17
부천1  태양광발전소,,충청남도 서산시 장동 192-26,36.73075567,126.4862933,,정상가동,99.84,380,60,2019,,2019-11-27,충청남도 서산시청,,2025-06-17
부천2 태양광발전소,,충청남도 서산시 운산면 용장리 122-15,36.79366996,126.5924349,,정상가동,99.84,380,60,2019,,2019-11-27,충청남도 서산시청,,2025-06-17
람보 무인텔 태양광발전소,,충청남도 서산시 덕지천동 18-25,36.74173796,126.5036258,,가동중단,96,380,60,2019,,2019-11-13,충청남도 서산시청,,2025-06-17
해미에너지 태양광발전소,,충청남도 서산시 장동 186-42,36.7331615,126.4873505,,정상가동,99.12,380,60,2019,,2019-11-13,충청남도 서산시청,,2025-06-17
서장7호 태양광발전소,,"충청남도 서산시 음암면 유계리 198-7, 198-8",36.76283836,126.5231922,,정상가동,98.8,380,60,2019,,2019-11-13,충청남도 서산시청,,2025-06-17
서장8호 태양광발전소,,충청남도 서산시 음암면 유계리 198-6,36.76307384,126.5230826,,정상가동,98.8,380,60,2019,,2019-11-13,충청남도 서산시청,,2025-06-17
서장1호 태양광발전소,,충청남도 서산시 음암면 유계리 198-1,36.76333129,126.5230561,,정상가동,69.16,380,60,2019,,2019-11-13,충청남도 서산시청,,2025-06-17
서장4호 태양광발전소,,충청남도 서산시 음암면 신장리 744-44,36.74941562,126.502153,,정상가동,98.8,380,60,2019,,2019-11-13,충청남도 서산시청,,2025-06-17
서장11호 태양광발전소,,충청남도 서산시 음암면 신장리 744-44,36.74941562,126.502153,,정상가동,98.8,380,60,2019,,2019-11-13,충청남도 서산시청,,2025-06-17
서장3호 태양광발전소,,충청남도 서산시 음암면 신장리 744-44,36.74941562,126.502153,,정상가동,98.8,380,60,2019,,2019-11-13,충청남도 서산시청,,2025-06-17
서장10호 태양광발전소,,충청남도 서산시 음암면 신장리 744-44,36.74941562,126.502153,,정상가동,98.8,380,60,2019,,2019-11-13,충청남도 서산시청,,2025-06-17
서장2호 태양광발전소,,충청남도 서산시 음암면 신장리 744-44,36.74941562,126.502153,,정상가동,98.8,380,60,2019,,2019-11-13,충청남도 서산시청,,2025-06-17
서장9호 태양광발전소,,충청남도 서산시 고북면 봉생리 578-42,36.63868947,126.5012241,,정상가동,98.8,380,60,2019,,2019-11-13,충청남도 서산시청,,2025-06-17
서장12호 태양광발전소,,충청남도 서산시 고북면 봉생리 578-43,36.63859578,126.5010499,,정상가동,98.8,380,60,2019,,2019-11-13,충청남도 서산시청,,2025-06-17
서장5호 태양광발전소,,충청남도 서산시 고북면 봉생리 578-32,36.63876739,126.4999524,,정상가동,98.8,380,60,2019,,2019-11-13,충청남도 서산시청,,2025-06-17
서장6호 태양광발전소,,충청남도 서산시 고북면 봉생리 578-34,36.63955727,126.5008382,,정상가동,98.8,380,60,2019,,2019-11-13,충청남도 서산시청,,2025-06-17
(주)한빛그린에너지 태양광발전소,,충청남도 서산시 고북면 봉생리 578-36,36.63926049,126.5009902,,정상가동,498.56,380,60,2019,,2019-11-12,충청남도 서산시청,,2025-06-17
서산에너지 태양광발전소,,충청남도 서산시 고북면 봉생리 578-37,36.6391742,126.5011491,,정상가동,497.25,380,60,2019,,2019-11-11,충청남도 서산시청,,2025-06-17
경서 태양광발전소,,충청남도 서산시 고북면 봉생리 578-39,36.63896064,126.5010801,,정상가동,99.2,380,60,2019,,2019-11-11,충청남도 서산시청,,2025-06-17
유계3호 태양광발전소,,충청남도 서산시 고북면 봉생리 578-30,36.63894269,126.5001975,,정상가동,99.6,380,60,2019,,2019-11-06,충청남도 서산시청,,2025-06-17
유계2호 태양광발전소,,충청남도 서산시 고북면 봉생리 578-35,36.6394116,126.5010072,,정상가동,99.6,380,60,2019,,2019-11-06,충청남도 서산시청,,2025-06-17
유계1호 태양광발전소,,충청남도 서산시 고북면 봉생리 578-5,36.63928123,126.5004751,,정상가동,99.6,380,60,2019,,2019-11-06,충청남도 서산시청,,2025-06-17
(주)우성에너지 3호기 태양광발전소,,충청남도 서산시 고북면 봉생리 578-29,36.63898941,126.4999671,,가동중단,495,22.9,60,2019,,2019-11-04,충청남도 서산시청,,2025-06-17
(주)우성에너지 4호기 태양광발전소,,충청남도 서산시 고북면 봉생리 578-31,36.63881125,126.4997956,,가동중단,495,22900,60,2019,,2019-11-04,충청남도 서산시청,,2025-06-17
(주)우성에너지 2호기 태양광발전소,,충청남도 서산시 고북면 봉생리 578-40,36.63886842,126.5011032,,가동중단,495,22900,60,2019,,2019-11-04,충청남도 서산시청,,2025-06-17
(주)우성에너지 5호기 태양광발전소,,충청남도 서산시 고북면 봉생리 578-28,36.63920945,126.500028,,가동중단,495,22900,60,2019,,2019-11-04,충청남도 서산시청,,2025-06-17
(주)우성에너지 1호기 태양광발전소,,충청남도 서산시 고북면 봉생리 578-41,36.63878848,126.5010965,,가동중단,495,22900,60,2019,,2019-11-04,충청남도 서산시청,,2025-06-17
코로나에너지3호 태양광발전소,,충청남도 서산시 덕지천동 18-17,36.74224724,126.5043195,,정상가동,99.63,380,60,2019,,2019-10-31,충청남도 서산시청,,2025-06-17
우평2호 태양광발전소,,충청남도 서산시 덕지천동 18-24,36.74174031,126.5039375,,정상가동,99.63,380,60,2019,,2019-10-31,충청남도 서산시청,,2025-06-17
장동2호 태양광발전소,,충청남도 서산시 덕지천동 18-32,36.74173581,126.5044667,,정상가동,99.2,380,60,2019,,2019-08-29,충청남도 서산시청,,2025-06-17
아산쏠라 태양광발전소,,충청남도 서산시 덕지천동 18-27,36.7425265,126.5044897,,정상가동,99.2,380,60,2019,,2019-08-29,충청남도 서산시청,,2025-06-17
신현 태양광발전소,,충청남도 서산시 덕지천동 18-28,36.74239638,126.5045546,,가동중단,99.45,380,60,2019,,2019-08-28,충청남도 서산시청,,2025-06-17
이건 태양광발전소,,충청남도 서산시 덕지천동 18-29,36.74224743,126.504545,,가동중단,98.28,380,60,2019,,2019-08-27,충청남도 서산시청,,2025-06-17
희망 태양광발전소,,충청남도 서산시 덕지천동 18-21,36.74227675,126.5038096,,가동중단,98.28,380,60,2019,,2019-08-27,충청남도 서산시청,,2025-06-17
지웅에너지 태양광발전소,,충청남도 서산시 덕지천동 18-30,36.74208196,126.504511,,가동중단,98.28,380,60,2019,,2019-08-27,충청남도 서산시청,,2025-06-17
찬웅에너지 태양광발전소,,충청남도 서산시 덕지천동 18-20,36.74245508,126.5037769,,가동중단,98.28,380,60,2019,,2019-08-27,충청남도 서산시청,,2025-06-17
럭키3 태양광발전소,,충청남도 서산시 덕지천동 18-17,36.74224724,126.5043195,,가동중단,98.28,380,60,2019,,2019-08-27,충청남도 서산시청,,2025-06-17
서산1 태양광발전소,,충청남도 서산시 덕지천동 18-19,36.74251838,126.5036756,,가동중단,98.28,380,60,2019,,2019-08-27,충청남도 서산시청,,2025-06-17
서산2 태양광발전소,,충청남도 서산시 덕지천동 18-31,36.74192568,126.504485,,가동중단,98.28,380,60,2019,,2019-08-27,충청남도 서산시청,,2025-06-17
서산3 태양광발전소,,충청남도 서산시 덕지천동 18-22,36.74214256,126.5038165,,가동중단,98.28,380,60,2019,,2019-08-27,충청남도 서산시청,,2025-06-17
서산4 태양광발전소,,"충청남도 서산시 지곡면 환성리 836-5, 836-7, 836-8, 836-9, 836-10, 836-11, 836-12",36.91345347,126.4138708,,가동중단,98.28,380,60,2019,,2019-08-27,충청남도 서산시청,,2025-06-17
무한4호 태양광발전소,,"충청남도 서산시 지곡면 환성리 836-5, 836-6, 836-7, 836-8, 836-10, 836-11",36.91345347,126.4138708,,정상가동,99.2,380,60,2019,,2019-08-23,충청남도 서산시청,,2025-06-17
지산리발전3호 태양광발전소,,"충청남도 서산시 지곡면 환성리 836-4, 836-6, 836-7, 836-10, 836-15",36.91299714,126.4139338,,정상가동,99.2,380,60,2019,,2019-08-23,충청남도 서산시청,,2025-06-17
지산리발전7호 태양광발전소,,"충청남도 서산시 지곡면 환성리 836-1, 836-4, 836",36.91305553,126.4142985,,정상가동,99.2,380,60,2019,,2019-08-23,충청남도 서산시청,,2025-06-17
지산리발전2호 태양광발전소,,"충청남도 서산시 지곡면 환성리 827-6, 836, 836-1, 836-4",36.91282762,126.4147909,,정상가동,99.2,380,60,2019,,2019-08-23,충청남도 서산시청,,2025-06-17
지산리발전6호 태양광발전소,,"충청남도 서산시 지곡면 환성리 827-6, 836, 836-1, 836-4",36.91282762,126.4147909,,정상가동,99.2,380,60,2019,,2019-08-23,충청남도 서산시청,,2025-06-17
지산리발전5호 태양광발전소,,"충청남도 서산시 지곡면 환성리 824, 820",36.91192838,126.4150693,,가동중단,99.2,380,60,2019,,2019-08-23,충청남도 서산시청,,2025-06-17
지산리발전1호 태양광발전소,,충청남도 서산시 지곡면 환성리 820,36.91158195,126.4150886,,정상가동,99.2,380,60,2019,,2019-08-23,충청남도 서산시청,,2025-06-17
진 태양광발전소,,"충청남도 서산시 지곡면 환성리 836-6, 836-7, 836-8, 836-10, 836-11",36.91299714,126.4136954,,정상가동,99.84,380,60,2019,,2019-08-12,충청남도 서산시청,,2025-06-17
대산1호 태양광발전소,,"충청남도 서산시 지곡면 환성리 836-4, 836-6, 836-7, 836-10, 836-15",36.91299714,126.4139338,,가동중단,499.5,380,60,2019,,2019-08-09,충청남도 서산시청,,2025-06-17
대산2호 태양광발전소,,"충청남도 서산시 지곡면 환성리 836-4, 836-15, 836-16, 836-17, 836-18",36.91299714,126.4139338,,정상가동,199.8,380,60,2019,,2019-08-09,충청남도 서산시청,,2025-06-17
우강 태양광발전소,,"충청남도 서산시 지곡면 환성리 836-4, 836-6, 836-7, 836-10, 836-15, 836-18",36.91299714,126.4139338,,가동중단,29.57,380,60,2019,,2019-08-08,충청남도 서산시청,,2025-06-17
기포1호 태양광발전소,,"충청남도 서산시 지곡면 환성리 836-4, 836-6, 836-7, 836-15, 836-17, 836-18",36.91299714,126.4139338,,정상가동,99.45,380,60,2019,,2019-08-06,충청남도 서산시청,,2025-06-17
기포5호 태양광발전소,,"충청남도 서산시 지곡면 환성리 827-6, 836-1, 836-4, 836-16",36.91282762,126.4147909,,정상가동,99.45,380,60,2019,,2019-08-06,충청남도 서산시청,,2025-06-17
기포3호 태양광발전소,,"충청남도 서산시 지곡면 환성리 827-6, 836, 836-1, 836-4",36.91282762,126.4147909,,정상가동,128.7,380,60,2019,,2019-08-06,충청남도 서산시청,,2025-06-17
기포7호 태양광발전소,,"충청남도 서산시 지곡면 환성리 827-6, 836-1",36.91282762,126.4147909,,정상가동,99.45,380,60,2019,,2019-08-06,충청남도 서산시청,,2025-06-17
기포6호 태양광발전소,,"충청남도 서산시 지곡면 환성리 824, 820",36.91192838,126.4150693,,정상가동,99.45,380,60,2019,,2019-08-06,충청남도 서산시청,,2025-06-17
기포2호 태양광발전소,,충청남도 서산시 지곡면 환성리 825,36.91228479,126.4148154,,정상가동,99.45,380,60,2019,,2019-08-06,충청남도 서산시청,,2025-06-17
한전1 태양광발전소,,충청남도 서산시 지곡면 환성리 825,36.91228479,126.4148154,,가동중단,44.4,380,60,2019,,2019-08-01,충청남도 서산시청,,2025-06-17
한전2 태양광발전소,,"충청남도 서산시 지곡면 환성리 836-1, 836-2, 836",36.91305553,126.4142985,,가동중단,99.9,380,60,2019,,2019-08-01,충청남도 서산시청,,2025-06-17
한전3 태양광발전소,,"충청남도 서산시 지곡면 환성리 836-1, 836-2, 836-4, 836",36.91305553,126.4142985,,가동중단,99.9,380,60,2019,,2019-08-01,충청남도 서산시청,,2025-06-17
맑음1 태양광발전소,,충청남도 서산시 팔봉면 흑석리 748-1,36.86217538,126.372365,,가동중단,99.9,380,60,2019,,2019-08-01,충청남도 서산시청,,2025-06-17
균형1 태양광발전소,,충청남도 서산시 팔봉면 흑석리 748-1,36.86217538,126.372365,,가동중단,99.9,380,60,2019,,2019-08-01,충청남도 서산시청,,2025-06-17
진농장태양광발전소1호,,충청남도 서산시 팔봉면 흑석리 748-1,36.86217538,126.372365,,정상가동,99.45,380,60,2019,,2019-07-19,충청남도 서산시청,,2025-06-17
진농장태양광발전소2호,,충청남도 서산시 팔봉면 흑석리 748-1,36.86217538,126.372365,,가동중단,62.4,380,60,2019,,2019-07-19,충청남도 서산시청,,2025-06-17
미래 태양광발전소,,충청남도 서산시 팔봉면 흑석리 748-1,36.86217538,126.372365,,가동중단,97.2,380,60,2019,,2019-07-19,충청남도 서산시청,,2025-06-17
서산1호 태양광발전소,,충청남도 서산시 팔봉면 흑석리 748-1,36.86217538,126.372365,,정상가동,99.84,380,60,2019,,2019-07-03,충청남도 서산시청,,2025-06-17
정자4호 태양광발전소,,충청남도 서산시 팔봉면 흑석리 748-1,36.86217538,126.372365,,정상가동,99.84,380,60,2019,,2019-07-03,충청남도 서산시청,,2025-06-17
서산진쏠라2호 태양광발전소,,충청남도 서산시 팔봉면 흑석리 748-114,36.86195065,126.3729525,,정상가동,99.84,380,60,2019,,2019-07-03,충청남도 서산시청,,2025-06-17
태신 태양광발전소,,충청남도 서산시 팔봉면 흑석리 748-1,36.86217538,126.372365,,정상가동,199.68,380,60,2019,,2019-07-03,충청남도 서산시청,,2025-06-17
서산2호 태양광발전소,,충청남도 서산시 팔봉면 흑석리 748-1,36.86217538,126.372365,,정상가동,99.84,380,60,2019,,2019-07-03,충청남도 서산시청,,2025-06-17
정자1호 태양광발전소,,충청남도 서산시 팔봉면 흑석리 748-1,36.86217538,126.372365,,정상가동,99.84,380,60,2019,,2019-07-03,충청남도 서산시청,,2025-06-17
엔에이치 서산 태양광발전소,,충청남도 서산시 팔봉면 흑석리 748-104,36.86181611,126.3719095,,정상가동,499.2,380,60,2019,,2019-06-24,충청남도 서산시청,,2025-06-17
대로7 태양광발전소,,충청남도 서산시 팔봉면 흑석리 748-1,36.86217538,126.372365,,정상가동,99.84,380,60,2019,,2019-06-24,충청남도 서산시청,,2025-06-17
대로6 태양광발전소,,충청남도 서산시 팔봉면 흑석리 748-1,36.86217538,126.372365,,정상가동,99.84,380,60,2019,,2019-06-24,충청남도 서산시청,,2025-06-17
대로5 태양광발전소,,충청남도 서산시 팔봉면 흑석리 748-1,36.86217538,126.372365,,정상가동,99.84,380,60,2019,,2019-06-24,충청남도 서산시청,,2025-06-17
현산2호 태양광발전소,,충청남도 서산시 팔봉면 흑석리 748-1,36.86217538,126.372365,,정상가동,99.84,380,60,2019,,2019-06-24,충청남도 서산시청,,2025-06-17
대로3 태양광발전소,,충청남도 서산시 팔봉면 흑석리 748-1,36.86217538,126.372365,,정상가동,499.2,380,60,2019,,2019-06-24,충청남도 서산시청,,2025-06-17
대로2 태양광발전소,,충청남도 서산시 팔봉면 흑석리 748-1,36.86217538,126.372365,,정상가동,499.2,380,60,2019,,2019-06-24,충청남도 서산시청,,2025-06-17
대로1 태양광발전소,,충청남도 서산시 팔봉면 흑석리 748-1,36.86217538,126.372365,,정상가동,499.2,380,60,2019,,2019-06-24,충청남도 서산시청,,2025-06-17
카스모스 태양광발전소,,충청남도 서산시 팔봉면 흑석리 748-1,36.86217538,126.372365,,가동중단,98.28,380,60,2019,,2019-06-21,충청남도 서산시청,,2025-06-17
일광태양광1호 태양광발전소,,충청남도 서산시 팔봉면 흑석리 748-1,36.86217538,126.372365,,정상가동,99.84,380,60,2019,,2019-06-17,충청남도 서산시청,,2025-06-17
일광태양광3호 태양광발전소,,충청남도 서산시 팔봉면 흑석리 748-1,36.86217538,126.372365,,정상가동,99.84,380,60,2019,,2019-06-17,충청남도 서산시청,,2025-06-17
연화3호 태양광발전소,,충청남도 서산시 팔봉면 흑석리 748-1,36.86217538,126.372365,,정상가동,99.84,380,60,2019,,2019-06-17,충청남도 서산시청,,2025-06-17
주식회사브이아이피골프 태양광발전소,,충청남도 서산시 팔봉면 흑석리 748-1,36.86217538,126.372365,,정상가동,99.45,380,60,2019,,2019-06-12,충청남도 서산시청,,2025-06-17
청일1호 태양광발전소,,충청남도 서산시 팔봉면 흑석리 748-1,36.86217538,126.372365,,정상가동,99.84,380,60,2019,,2019-06-10,충청남도 서산시청,,2025-06-17
퓨나1호 태양광발전소,,충청남도 서산시 팔봉면 흑석리 748-1,36.86217538,126.372365,,정상가동,99.84,380,60,2019,,2019-06-10,충청남도 서산시청,,2025-06-17
빛그린 태양광발전소,,충청남도 서산시 팔봉면 흑석리 748-1,36.86217538,126.372365,,정상가동,99.84,380,60,2019,,2019-06-10,충청남도 서산시청,,2025-06-17
연화3호 태양광발전소,,충청남도 서산시 팔봉면 흑석리 748-1,36.86217538,126.372365,,정상가동,99.84,380,60,2019,,2019-06-10,충청남도 서산시청,,2025-06-17
서산덕림 태양광발전소,,충청남도 서산시 팔봉면 흑석리 748-1,36.86217538,126.372365,,정상가동,99.84,380,60,2019,,2019-06-10,충청남도 서산시청,,2025-06-17
고가뫼 태양광발전소,,충청남도 서산시 팔봉면 흑석리 748-1,36.86217538,126.372365,,정상가동,99.84,380,60,2019,,2019-06-10,충청남도 서산시청,,2025-06-17
청일2호 태양광발전소,,충청남도 서산시 팔봉면 흑석리 748-1,36.86217538,126.372365,,정상가동,99.84,380,60,2019,,2019-06-10,충청남도 서산시청,,2025-06-17
연화2호 태양광발전소,,충청남도 서산시 팔봉면 흑석리 748-1,36.86217538,126.372365,,정상가동,99.84,380,60,2019,,2019-06-10,충청남도 서산시청,,2025-06-17
연화5호 태양광발전소,,충청남도 서산시 성연면 평리 289-16,36.83824608,126.4620408,,정상가동,99.84,380,60,2019,,2019-06-10,충청남도 서산시청,,2025-06-17
금빛9호 태양광발전소,,충청남도 서산시 성연면 오사리 379-6,36.83591414,126.4396636,,정상가동,99.84,380,60,2019,,2019-06-10,충청남도 서산시청,,2025-06-17
연화4호 태양광발전소,,충청남도 서산시 음암면 신장리 377-17,36.76835148,126.5034447,,정상가동,99.84,380,60,2019,,2019-06-10,충청남도 서산시청,,2025-06-17
덕음쏠라1호 태양광발전소,,충청남도 서산시 음암면 신장리 377-17,36.76835148,126.5034447,,정상가동,99.84,380,60,2019,,2019-06-10,충청남도 서산시청,,2025-06-17
연화1호 태양광발전소,,충청남도 서산시 음암면 신장리 377-17,36.76835148,126.5034447,,정상가동,99.84,380,60,2019,,2019-06-10,충청남도 서산시청,,2025-06-17
대삼1호 태양광발전소,,충청남도 서산시 음암면 신장리 377-17,36.76835148,126.5034447,,정상가동,99.84,380,60,2019,,2019-06-10,충청남도 서산시청,,2025-06-17
서산3호 태양광발전소,,충청남도 서산시 음암면 신장리 377-17,36.76835148,126.5034447,,정상가동,99.84,380,60,2019,,2019-06-10,충청남도 서산시청,,2025-06-17
연화12호 태양광발전소,,충청남도 서산시 성연면 왕정리 566,36.83448105,126.4543912,,정상가동,99.84,380,60,2019,,2019-06-10,충청남도 서산시청,,2025-06-17
JP 태양광발전소,,충청남도 서산시 음암면 신장리 377-17,36.76835148,126.5034447,,정상가동,99.84,380,60,2019,,2019-06-10,충청남도 서산시청,,2025-06-17
일광태양광2호 태양광발전소,충청남도 서산시 음암면 칠거리로 146,,36.78865463,126.5192387,,정상가동,99.84,380,60,2019,,2019-06-10,충청남도 서산시청,,2025-06-17
이화 태양광발전소,,충청남도 서산시 고북면 봉생리 367-2,36.64201241,126.5074345,,정상가동,99.84,380,60,2019,,2019-06-10,충청남도 서산시청,,2025-06-17
은결 태양광발전소,충청남도 서산시 음암면 서령로 314-39,,36.80109745,126.4774946,,정상가동,28.08,380,60,2019,,2019-06-03,충청남도 서산시청,,2025-06-17
환성6호 태양광발전소,,충청남도 서산시 지곡면 중왕리 27-7,36.86624375,126.3993867,,가동중단,302.4,380,60,2019,,2019-05-17,충청남도 서산시청,,2025-06-17
예본발전2호 태양광발전소,,충청남도 서산시 지곡면 중왕리 27-7,36.86624375,126.3993867,,정상가동,496.8,380,60,2019,,2019-05-14,충청남도 서산시청,,2025-06-17
예본발전1호 태양광발전소,,충청남도 서산시 지곡면 환성리 777-80,36.9226721,126.4258229,,정상가동,496.8,380,60,2019,,2019-05-14,충청남도 서산시청,,2025-06-17
대산컨테이너 태양광발전소,,충청남도 서산시 장동 192-3,36.7331273,126.4869376,,정상가동,227.76,380,60,2019,,2019-05-09,충청남도 서산시청,,2025-06-17
영탑4호 태양광발전소,,충청남도 서산시 장동 183-17,36.73328684,126.4866523,,가동중단,163.2,380,60,2019,,2019-05-07,충청남도 서산시청,,2025-06-17
영탑3호 태양광발전소,,충청남도 서산시 장동 183-16,36.7335112,126.4866309,,가동중단,294.4,380,60,2019,,2019-05-07,충청남도 서산시청,,2025-06-17
영탑2호 태양광발전소,,충청남도 서산시 장동 183-10,36.73375817,126.4867039,,가동중단,435.2,380,60,2019,,2019-05-07,충청남도 서산시청,,2025-06-17
영탑1호 태양광발전소,,충청남도 서산시 장동 183-12,36.73387019,126.4875266,,가동중단,380.8,380,60,2019,,2019-05-07,충청남도 서산시청,,2025-06-17
강물태양광,,충청남도 서산시 장동 186-2,36.73337631,126.4878626,,정상가동,308.88,380,60,2019,,2019-05-01,충청남도 서산시청,,2025-06-17
강당 태양광발전소,,충청남도 서산시 장동 183-13,36.73368224,126.4873023,,정상가동,295.65,380,60,2019,,2019-05-01,충청남도 서산시청,,2025-06-17
목화 태양광발전소,,충청남도 서산시 장동 186-14,36.73305288,126.4887806,,가동중단,498.42,380,60,2019,,2019-04-23,충청남도 서산시청,,2025-06-17
강남에너텍 태양광발전소,,충청남도 서산시 장동 186-34,36.73343806,126.4873039,,가동중단,98.28,380,60,2019,,2019-04-23,충청남도 서산시청,,2025-06-17
로보캅 태양광발전소,,충청남도 서산시 장동 186-16,36.73320994,126.4877025,,가동중단,98.28,380,60,2019,,2019-04-23,충청남도 서산시청,,2025-06-17
강남 쏠라텍 태양광발전소,,충청남도 서산시 장동 186-8,36.73376762,126.4881037,,가동중단,98.28,380,60,2019,,2019-04-23,충청남도 서산시청,,2025-06-17
운산1호 태양광발전소,,충청남도 서산시 장동 186-4,36.73353715,126.4885585,,정상가동,99.9,380,60,2019,,2019-04-19,충청남도 서산시청,,2025-06-17
조씨에너지1호 태양광발전소,,충청남도 서산시 장동 186-10,36.7333653,126.4882423,,정상가동,499.5,380,60,2019,,2019-04-19,충청남도 서산시청,,2025-06-17
조씨에너지2호 태양광발전소,,충청남도 서산시 장동 186-11,36.73317623,126.4881842,,정상가동,499.5,380,60,2019,,2019-04-19,충청남도 서산시청,,2025-06-17
대산 태양광발전소,,충청남도 서산시 장동 190,36.73321975,126.4890543,,가동중단,499.32,380,60,2019,,2019-04-19,충청남도 서산시청,,2025-06-17
한길1호 태양광발전고,,충청남도 서산시 장동 186-14,36.73305288,126.4887806,,가동중단,291.2,380,60,2019,,2019-04-10,충청남도 서산시청,,2025-06-17
한길2호 태양광발전소,,충청남도 서산시 장동 186-15,36.73270713,126.4886363,,가동중단,291.2,380,60,2019,,2019-04-10,충청남도 서산시청,,2025-06-17
예덕솔라4호 태양광발전소,,충청남도 서산시 장동 186-24,36.73282332,126.4881036,,가동중단,99.84,380,60,2019,,2019-04-09,충청남도 서산시청,,2025-06-17
예덕솔라2호 태양광발전소,,충청남도 서산시 장동 186-21,36.73295484,126.4881027,,가동중단,99.84,380,60,2019,,2019-04-09,충청남도 서산시청,,2025-06-17
예덕솔라5호 태양광발전소,,충청남도 서산시 장동 186-25,36.73268075,126.4881046,,가동중단,99.84,380,60,2019,,2019-04-09,충청남도 서산시청,,2025-06-17
예덕솔라3호 태양광발전소,,충청남도 서산시 장동 186-26,36.7324978,126.4880442,,가동중단,77.88,380,60,2019,,2019-04-09,충청남도 서산시청,,2025-06-17
예덕솔라1호 태양광발전소,,충청남도 서산시 장동 186-31,36.73225705,126.4876766,,가동중단,99.84,380,60,2019,,2019-04-09,충청남도 서산시청,,2025-06-17
한마당 태양광발전소,,충청남도 서산시 장동 186-27,36.73249848,126.4874606,,정상가동,29.64,380,60,2019,,2019-04-02,충청남도 서산시청,,2025-06-17
칠전리 태양광발전소,,충청남도 서산시 장동 186-28,36.73264975,126.4874138,,가동중단,49.77,380,60,2019,,2019-03-27,충청남도 서산시청,,2025-06-17
화곡2리마을회 태양광발전소,,충청남도 서산시 장동 186-29,36.73282034,126.4873884,,가동중단,19.32,380,60,2019,,2019-03-12,충청남도 서산시청,,2025-06-17
대산컨테이너 태양광발전소,,충청남도 서산시 장동 186-30,36.73295833,126.4873879,,가동중단,227.76,380,60,2019,,2019-03-12,충청남도 서산시청,,2025-06-17
환성5호 태양광 발전소,,충청남도 서산시 장동 192-82,36.73201781,126.4861868,,가동중단,97.2,380,60,2019,,2019-03-04,충청남도 서산시청,,2025-06-17
환성4호 태양광 발전소,,충청남도 서산시 장동 192-11,36.73228907,126.4865521,,가동중단,97.2,380,60,2019,,2019-03-04,충청남도 서산시청,,2025-06-17
환성3호 태양광 발전소,,"충청남도 서산시 장동 192-3, 192-6, 192-9, 192-10",36.7331273,126.4869376,,가동중단,97.2,380,60,2019,,2019-03-04,충청남도 서산시청,,2025-06-17
환성2호 태양광 발전소,,충청남도 서산시 장동 192-9,36.73255214,126.4863084,,가동중단,97.2,380,60,2019,,2019-03-04,충청남도 서산시청,,2025-06-17
환성1호 태양광 발전소,,충청남도 서산시 장동 192-6,36.73281734,126.4865951,,가동중단,97.2,380,60,2019,,2019-03-04,충청남도 서산시청,,2025-06-17
갈현 태양광발전소,,충청남도 서산시 장동 192-37,36.732959,126.4866328,,정상가동,19.71,380,60,2019,,2019-02-28,충청남도 서산시청,,2025-06-17
㈜휴먼에너지1호 태양광발전소,,충청남도 서산시 장동 192-47,36.73288218,126.4860739,,가동중단,199.68,380,60,2019,,2019-02-26,충청남도 서산시청,,2025-06-17
반곡 태양광발전소,,충청남도 서산시 장동 192-8,36.73265324,126.4860474,,가동중단,15.12,380,60,2019,,2019-02-25,충청남도 서산시청,,2025-06-17
서해 태양광발전소,,충청남도 서산시 장동 192-55,36.73253325,126.4859339,,정상가동,97.2,380,60,2019,,2019-02-25,충청남도 서산시청,,2025-06-17
다올 태양광발전소,,충청남도 서산시 장동 192-67,36.73236848,126.485935,,가동중단,19.32,380,60,2019,,2019-02-18,충청남도 서산시청,,2025-06-17
서산 투 태양광발전소,,충청남도 서산시 장동 192-75,36.73224062,126.4859358,,정상가동,99.33,380,60,2019,,2019-02-01,충청남도 서산시청,,2025-06-17
서산 원 태양광발전소,,충청남도 서산시 장동 192-76,36.73208105,126.4858077,,정상가동,414.96,380,60,2019,,2019-02-01,충청남도 서산시청,,2025-06-17
박창환 태양광발전소,,충청남도 서산시 장동 192-80,36.73188185,126.4856989,,가동중단,97.92,380,60,2019,,2019-01-22,충청남도 서산시청,,2025-06-17
기은9호 태양광발전소,,충청남도 서산시 장동 192-71,36.73214117,126.4852489,,정상가동,98.56,380,60,2019,,2019-01-16,충청남도 서산시청,,2025-06-17
기은10호 태양광발전소,,충청남도 서산시 장동 192-65,36.73233241,126.4851735,,정상가동,98.56,380,60,2019,,2019-01-16,충청남도 서산시청,,2025-06-17
서산 바이오가스발전소,,충청남도 서산시 장동 192-64,36.73244058,126.4851708,,정상가동,500,22900,60,2019,,2019-01-11,충청남도 서산시청,,2025-06-17
인서 태양광발전소,,충청남도 서산시 장동 192-63,36.73263516,126.4851646,,정상가동,295.65,380,60,2019,,2019-01-10,충청남도 서산시청,,2025-06-17
금빛태양광,,충청남도 서산시 대산읍 기은리 632-2,36.97346265,126.3791758,,정상가동,499,380,60,2019,,2019-01-10,충청남도 서산시청,,2025-06-17
장원5 태양광 발전소,,"충청남도 서산시 부석면 지산리 110-2, 110-3",36.68600558,126.430001,,가동중단,97.2,380,60,2019,,2019-07-18,충청남도 서산시청,,2025-06-17
장원6 태양광발전소,,"충청남도 서산시 부석면 지산리 113,113-1,114-1,114-2",,,,가동중단,97.2,380,60,2019,,2019-07-18,충청남도 서산시청,,2025-06-17
선경7 태양광발전소,,"충청남도 서산시 부석면 지산리 111,112,113",36.68590026,126.4308297,,가동중단,97.2,380,60,2019,,2019-07-18,충청남도 서산시청,,2025-06-17
진성드림에너지 태양광발전소,,"충청남도 서산시 부석면 지산리 111,112,113",36.68590026,126.4308297,,가동중단,97.2,380,60,2019,,2019-07-18,충청남도 서산시청,,2025-06-17
선경8 태양광발전소,,"충청남도 서산시 부석면 지산리 111,112,113,113-1",36.68590026,126.4308297,,가동중단,97.2,380,60,2019,,2019-07-18,충청남도 서산시청,,2025-06-17
굿파워 서산   태양광발전소,,"충청남도 서산시 부석면 지산리 110,114-1",36.68601992,126.4296843,,정상가동,99.63,380,60,2019,,2019-10-31,충청남도 서산시청,,2025-06-17
서산인지2호 태양광발전소,,"충청남도 서산시 부석면 지산리 110,110-1,110-2,110-3",36.68601992,126.4296843,,정상가동,99.63,380,60,2019,,2019-10-31,충청남도 서산시청,,2025-06-17
루트 태양광발전소,,"충청남도 서산시 부석면 지산리 110,110-1,110-2,114-1",36.68601992,126.4296843,,정상가동,99.63,380,60,2019,,2019-10-31,충청남도 서산시청,,2025-06-17
써니 태양광발전소,,"충청남도 서산시 부석면 지산리 110,110-1,110-2,113,114-1,114-2",36.68601992,126.4296843,,정상가동,99.63,380,60,2019,,2019-10-31,충청남도 서산시청,,2025-06-17
클라라 태양광발전소,,충청남도 서산시 부석면 지산리 113-15,36.6839963,126.4299824,,정상가동,99.63,380,60,2019,,2019-10-31,충청남도 서산시청,,2025-06-17
서산굿솔라 태양광발전소,,충청남도 서산시 부석면 지산리 113-13,36.68421345,126.4301512,,정상가동,99.63,380,60,2019,,2019-10-31,충청남도 서산시청,,2025-06-17
매직 태양광발전소,,"충청남도 서산시 부석면 지산리 113-11, 113-18",36.68364319,126.430214,,정상가동,99.63,380,60,2019,,2019-10-31,충청남도 서산시청,,2025-06-17
토마 태양광발전소,,충청남도 서산시 부석면 지산리 113-14,36.6841352,126.4297296,,정상가동,99.63,380,60,2019,,2019-10-31,충청남도 서산시청,,2025-06-17
희망1호 태양광발전소,,"충청남도 서산시 부석면 지산리 113-10, 113-17",36.68381906,126.4303243,,정상가동,99.63,380,60,2019,,2019-10-31,충청남도 서산시청,,2025-06-17
미래 태양광발전소,,충청남도 서산시 부석면 지산리 113-16,36.68390629,126.4299851,,정상가동,99.63,380,60,2019,,2019-10-31,충청남도 서산시청,,2025-06-17
팰리스 태양광발전소,,충청남도 서산시 부석면 지산리 113-8,36.68435549,126.4301716,,정상가동,99.63,380,60,2019,,2019-10-31,충청남도 서산시청,,2025-06-17
유일솔라 태양광발전소,,충청남도 서산시 고북면 정자리 514,36.65212138,126.5056347,,정상가동,499.77,380,60,2019,,2019-10-31,충청남도 서산시청,,2025-06-17
타워 태양광발전소,,"충청남도 서산시 대산읍 대로리 913-87, 913-89",36.94247488,126.3870394,,정상가동,99.63,380,60,2019,,2019-10-31,충청남도 서산시청,,2025-06-17
해미13호 태양광발전소,,"충청남도 서산시 대산읍 대로리 913-87, 913-89",36.94247488,126.3870394,,가동중단,99.12,380,60,2019,,2019-10-30,충청남도 서산시청,,2025-06-17
해미6호 태양광발전소,충청남도 서산시 대산읍 평신1로 493-8,,36.98656152,126.3700468,,정상가동,99.12,380,60,2019,,2019-10-30,충청남도 서산시청,,2025-06-17
해미5호 태양광발전소,,충청남도 서산시 고북면 기포리 581-7,36.66532325,126.5172611,,정상가동,99.12,380,60,2019,,2019-10-30,충청남도 서산시청,,2025-06-17
해미12호 태양광발전소,,충청남도 서산시 고북면 기포리 581-14,36.66492486,126.5173691,,정상가동,99.12,380,60,2019,,2019-10-30,충청남도 서산시청,,2025-06-17
해미11호 태양광발전소,,충청남도 서산시 고북면 기포리 581-13,36.66510955,126.5171881,,정상가동,99.12,380,60,2019,,2019-10-30,충청남도 서산시청,,2025-06-17
해미10호 태양광발전소,,충청남도 서산시 고북면 기포리 581-16,36.66465982,126.5172391,,정상가동,99.12,380,60,2019,,2019-10-30,충청남도 서산시청,,2025-06-17
해미3호 태양광발전소,,충청남도 서산시 고북면 기포리 581-15,36.66484983,126.5170843,,정상가동,99.12,380,60,2019,,2019-10-30,충청남도 서산시청,,2025-06-17
해미9호 태양광발전소,,충청남도 서산시 고북면 기포리 581-12,36.66522368,126.5172084,,정상가동,99.12,380,60,2019,,2019-10-30,충청남도 서산시청,,2025-06-17
해미2호 태양광발전소,,충청남도 서산시 고북면 사기리 97-1,36.65759387,126.494575,,정상가동,99.12,380,60,2019,,2019-10-30,충청남도 서산시청,,2025-06-17
해미8호 태양광발전소,,충청남도 서산시 고북면 사기리 97-1,36.65759387,126.494575,,정상가동,99.12,380,60,2019,,2019-10-30,충청남도 서산시청,,2025-06-17
해미1호 태양광발전소,,충청남도 서산시 고북면 사기리 97-1,36.65759387,126.494575,,정상가동,99.12,380,60,2019,,2019-10-30,충청남도 서산시청,,2025-06-17
해미7호 태양광발전소,,충청남도 서산시 고북면 사기리 97-1,36.65759387,126.494575,,정상가동,99.12,380,60,2019,,2019-10-30,충청남도 서산시청,,2025-06-17
해미4호 태양광발전소,,충청남도 서산시 고북면 사기리 97-1,36.65759387,126.494575,,정상가동,99.12,380,60,2019,,2019-10-30,충청남도 서산시청,,2025-06-17
환성리 무지개 태양광발전소1,,충청남도 서산시 음암면 도당리 1109-2,36.80868241,126.5111553,,가동중단,498,380,60,2019,,2019-10-22,충청남도 서산시청,,2025-06-17
환성리 무지개 태양광발전소2,,충청남도 서산시 음암면 도당리 1109,36.80868241,126.5111553,,가동중단,99.6,380,60,2019,,2019-10-22,충청남도 서산시청,,2025-06-17
환성리 에너지 태양광발전소2,,"충청남도 서산시 부석면 가사리 905-1, 905-7, 909, 910, 1385-2",36.76344967,126.3608818,,가동중단,99.6,380,60,2019,,2019-10-22,충청남도 서산시청,,2025-06-17
환성리 에너지 태양광발전소6,,"충청남도 서산시 고북면 정자리 512, 513",,,,가동중단,99.6,380,60,2019,,2019-10-22,충청남도 서산시청,,2025-06-17
환성리 에너지 태양광발전소7,,"충청남도 서산시 고북면 정자리 495, 512",36.6530582,126.5070686,,가동중단,99.6,380,60,2019,,2019-10-22,충청남도 서산시청,,2025-06-17
환성리 에너지 태양광발전소8,,"충청남도 서산시 고북면 정자리 495, 510",36.6530582,126.5070686,,가동중단,99.6,380,60,2019,,2019-10-22,충청남도 서산시청,,2025-06-17
환성리 철강 태양광발전소7,,"충청남도 서산시 고북면 정자리 495, 512",36.6530582,126.5070686,,가동중단,99.6,380,60,2019,,2019-10-22,충청남도 서산시청,,2025-06-17
환성리 무지개 태양광발전소3,,충청남도 서산시 고북면 정자리 510,,,,가동중단,92.13,380,60,2019,,2019-10-22,충청남도 서산시청,,2025-06-17
환성리 에너지 태양광발전소1,,"충청남도 서산시 고북면 정자리 495, 510",36.6530582,126.5070686,,가동중단,99.6,380,60,2019,,2019-10-22,충청남도 서산시청,,2025-06-17
환성리 에너지 태양광발전소3,,충청남도 서산시 대산읍 대로리 34,36.97233947,126.4272967,,가동중단,99.6,380,60,2019,,2019-10-22,충청남도 서산시청,,2025-06-17
환성리 에너지 태양광발전소4,,충청남도 서산시 대산읍 대로리 34,36.97233947,126.4272967,,가동중단,99.6,380,60,2019,,2019-10-22,충청남도 서산시청,,2025-06-17
오기세 태양광발전소,,"충청남도 서산시 대산읍 대로리 918, 34",36.97207657,126.4267243,,가동중단,99.6,380,60,2019,,2019-10-22,충청남도 서산시청,,2025-06-17
정가은 태양광발전소,,"충청남도 서산시 대산읍 대로리 918, 919, 34",36.97207657,126.4267243,,가동중단,99.6,380,60,2019,,2019-10-22,충청남도 서산시청,,2025-06-17
환성리 철강 태양광발전소2,충청남도 서산시 대산읍 명지2로 199,,36.9660332,126.4124288,,가동중단,99.6,380,60,2019,,2019-10-22,충청남도 서산시청,,2025-06-17
환성리 철강 태양광발전소1,,"충청남도 서산시 대산읍 대로리 918, 919, 34",36.97207657,126.4267243,,가동중단,99.6,380,60,2019,,2019-10-22,충청남도 서산시청,,2025-06-17
환성리 철강 태양광발전소3,,"충청남도 서산시 대산읍 대로리 918, 919, 34",36.97207657,126.4267243,,가동중단,26.56,380,60,2019,,2019-10-22,충청남도 서산시청,,2025-06-17
환성리 철강 태양광발전소6,,"충청남도 서산시 대산읍 대로리 918,34",36.97207657,126.4267243,,가동중단,99.6,380,60,2019,,2019-10-22,충청남도 서산시청,,2025-06-17
써니데이1 태양광발전소,충청남도 서산시 음암면 운암로 233,,36.79160323,126.5053495,,가동중단,99.6,380,60,2019,,2019-10-22,충청남도 서산시청,,2025-06-17
써니데이2 태양광발전소,,충청남도 서산시 지곡면 연화리 417,36.85928181,126.3855052,,가동중단,99.6,380,60,2019,,2019-10-22,충청남도 서산시청,,2025-06-17
강상희 태양광발전소,,충청남도 서산시 지곡면 연화리 417,36.85928181,126.3855052,,가동중단,99.6,380,60,2019,,2019-10-22,충청남도 서산시청,,2025-06-17
배선화2호 태양광발전소,,충청남도 서산시 지곡면 연화리 417,36.85928181,126.3855052,,가동중단,99.6,380,60,2019,,2019-10-22,충청남도 서산시청,,2025-06-17
시온 태양광발전소,충청남도 서산시 성연면 충의로 372,,36.80269829,126.440556,,정상가동,99.84,380,60,2019,,2019-10-21,충청남도 서산시청,,2025-06-17
흑석9호 태양광발전소,,충청남도 서산시 지곡면 연화리 417,36.85928181,126.3855052,,정상가동,99.84,380,60,2019,,2019-10-21,충청남도 서산시청,,2025-06-17
행복3호 태양광발전소,,충청남도 서산시 지곡면 연화리 417,36.85928181,126.3855052,,정상가동,99.84,380,60,2019,,2019-10-21,충청남도 서산시청,,2025-06-17
흑석12호 태양광발전소,,충청남도 서산시 지곡면 연화리 417,36.85928181,126.3855052,,정상가동,99.84,380,60,2019,,2019-10-21,충청남도 서산시청,,2025-06-17
덕음쏠라2호 태양광발전소,,충청남도 서산시 지곡면 연화리 417,36.85928181,126.3855052,,정상가동,99.84,380,60,2019,,2019-10-21,충청남도 서산시청,,2025-06-17
흑석11호 태양광발전소,,충청남도 서산시 지곡면 연화리 417,36.85928181,126.3855052,,정상가동,99.84,380,60,2019,,2019-10-21,충청남도 서산시청,,2025-06-17
소연 태양광발전소,,충청남도 서산시 지곡면 연화리 417,36.85928181,126.3855052,,정상가동,99.84,380,60,2019,,2019-10-21,충청남도 서산시청,,2025-06-17
흑석10호 태양광발전소,,충청남도 서산시 지곡면 연화리 417,36.85928181,126.3855052,,정상가동,99.84,380,60,2019,,2019-10-21,충청남도 서산시청,,2025-06-17
흑석25호 태양광발전소,,충청남도 서산시 지곡면 연화리 417,36.85928181,126.3855052,,정상가동,99.84,380,60,2019,,2019-10-21,충청남도 서산시청,,2025-06-17
흑석26호 태양광발전소,,충청남도 서산시 지곡면 연화리 417,36.85928181,126.3855052,,정상가동,99.84,380,60,2019,,2019-10-21,충청남도 서산시청,,2025-06-17
희영산업 태양광발전소,,충청남도 서산시 지곡면 연화리 417,36.85928181,126.3855052,,정상가동,99.84,380,60,2019,,2019-10-21,충청남도 서산시청,,2025-06-17
스카이글러브8호 태양광발전소,,충청남도 서산시 지곡면 연화리 417,36.85928181,126.3855052,,정상가동,499.2,380,60,2019,,2019-10-21,충청남도 서산시청,,2025-06-17
흑석29호 태양광발전소,,충청남도 서산시 지곡면 연화리 417,36.85928181,126.3855052,,정상가동,499.2,380,60,2019,,2019-10-21,충청남도 서산시청,,2025-06-17
서산비치 태양광발전소,,충청남도 서산시 지곡면 연화리 417,36.85928181,126.3855052,,정상가동,99.84,380,60,2019,,2019-10-21,충청남도 서산시청,,2025-06-17
인정 태양광발전소,,충청남도 서산시 지곡면 연화리 417,36.85928181,126.3855052,,정상가동,99.84,380,60,2019,,2019-10-21,충청남도 서산시청,,2025-06-17
신난 태양광발전소,,충청남도 서산시 지곡면 연화리 417,36.85928181,126.3855052,,정상가동,99.84,380,60,2019,,2019-10-21,충청남도 서산시청,,2025-06-17
원 태양광발전소,,충청남도 서산시 지곡면 연화리 417,36.85928181,126.3855052,,정상가동,99.84,380,60,2019,,2019-10-21,충청남도 서산시청,,2025-06-17
흑석7호 태양광발전소,,충청남도 서산시 지곡면 연화리 417,36.85928181,126.3855052,,정상가동,99.84,380,60,2019,,2019-10-21,충청남도 서산시청,,2025-06-17
행복 태양광발전소,,충청남도 서산시 지곡면 연화리 417,36.85928181,126.3855052,,정상가동,499.2,380,60,2019,,2019-10-21,충청남도 서산시청,,2025-06-17
흑석6호 태양광발전소,,충청남도 서산시 지곡면 연화리 417,36.85928181,126.3855052,,정상가동,99.84,380,60,2019,,2019-10-21,충청남도 서산시청,,2025-06-17
흑석5호 태양광발전소,충청남도 서산시 고북면 농장중앙길 210-11,,36.69194868,126.5177096,,정상가동,99.84,380,60,2019,,2019-10-21,충청남도 서산시청,,2025-06-17
서산진솔라 태양광발전소,,"충청남도 서산시 지곡면 환성리 3-3, 3-5, 3-6, 3-7",36.90234687,126.4655943,,정상가동,99.84,380,60,2019,,2019-10-21,충청남도 서산시청,,2025-06-17
흑석4호 태양광발전소,,"충청남도 서산시 지곡면 환성리 777-12, 777-22, 777-26",36.92220887,126.4257327,,정상가동,299.52,380,60,2019,,2019-10-21,충청남도 서산시청,,2025-06-17
흑석3호 태양광발전소,,"충청남도 서산시 지곡면 환성리 777-12, 777-26",36.92220887,126.4257327,,정상가동,99.84,380,60,2019,,2019-10-21,충청남도 서산시청,,2025-06-17
흑석2호 태양광발전소,,"충청남도 서산시 대산읍 독곶리 147-2, 147-3",36.98709499,126.3683236,,정상가동,99.84,380,60,2019,,2019-10-21,충청남도 서산시청,,2025-06-17
일광태양광1호 태양광발전소,,충청남도 서산시 대산읍 영탑리 20-125,36.90642206,126.4606051,,정상가동,99.84,380,60,2019,,2019-10-21,충청남도 서산시청,,2025-06-17
흑석1호 태양광발전소,,충청남도 서산시 대산읍 영탑리 20-125,36.90642206,126.4606051,,정상가동,99.84,380,60,2019,,2019-10-21,충청남도 서산시청,,2025-06-17
흑석15호 태양광발전소,,"충청남도 서산시 대산읍 영탑리 20-118, 20-119",,,,정상가동,99.84,380,60,2019,,2019-10-21,충청남도 서산시청,,2025-06-17
흑석13호 태양광발전소,,충청남도 서산시 대산읍 영탑리 20-119,36.90862246,126.4585145,,정상가동,99.84,380,60,2019,,2019-10-21,충청남도 서산시청,,2025-06-17
흑석14호 태양광발전소,,충청남도 서산시 지곡면 환성리 843-2,36.92029603,126.4182012,,정상가동,99.84,380,60,2019,,2019-10-21,충청남도 서산시청,,2025-06-17
태평 태양광발전소,,충청남도 서산시 부석면 강당리 465-6,36.6576932,126.396300,,정상가동,99.84,380,60,2019,,2019-10-21,충청남도 서산시청,,2025-06-17
흑석24호 태양광발전소,,"충청남도 서산시 지곡면 환성리 680-1,680-2,681,682,683-1,683-3,684,685-1,685-2",36.90758109,126.4315596,,정상가동,99.84,380,60,2019,,2019-10-21,충청남도 서산시청,,2025-06-17
성연 태양광발전소,,"충청남도 서산시 지곡면 환성리 682,684,684-4,685-1",36.90730577,126.4318772,,정상가동,19.98,380,60,2019,,2019-10-04,충청남도 서산시청,,2025-06-17
상명 태양광발전소,,"충청남도 서산시 지곡면 환성리 682,684-1,684-4,685-1",36.90730577,126.4318772,,정상가동,98.4,380,60,2019,,2019-10-04,충청남도 서산시청,,2025-06-17
월광 태양광발전소,,"충청남도 서산시 지곡면 환성리 681,682,684,684-4,685-1",36.90739546,126.4316581,,정상가동,98.77,380,60,2019,,2019-10-02,충청남도 서산시청,,2025-06-17
청소 태양광발전소,,충청남도 서산시 대산읍 운산리 481-1,36.96681268,126.4595373,,정상가동,98.77,380,60,2019,,2019-10-02,충청남도 서산시청,,2025-06-17
우주 태양광발전소,,"충청남도 서산시 대산읍 운산리 473-8, 481-8",36.96556689,126.4588565,,정상가동,98.77,380,60,2019,,2019-10-02,충청남도 서산시청,,2025-06-17
성호 태양광발전소,,"충청남도 서산시 대산읍 운산리 473, 481-7",36.96631228,126.4591602,,정상가동,98.77,380,60,2019,,2019-10-02,충청남도 서산시청,,2025-06-17
가야 태양광발전소,,"충청남도 서산시 대산읍 대로리 913-8, 913-13",36.94226353,126.3876755,,가동중단,298.8,380,60,2019,,2019-10-02,충청남도 서산시청,,2025-06-17
왕정발전2호 태양광발전소,,"충청남도 서산시 지곡면 환성리 223-1,223-56,223-49,223-50,223-51",36.90603344,126.4472236,,정상가동,95.76,380,60,2019,,2019-10-02,충청남도 서산시청,,2025-06-17
덕명 태양광발전소,,"충청남도 서산시 지곡면 환성리 223-1,223-56,223-49,223-50,223-51",36.90603344,126.4472236,,정상가동,98.77,380,60,2019,,2019-10-02,충청남도 서산시청,,2025-06-17
정원 태양광발전소,,"충청남도 서산시 성연면 예덕리 664-3, 664-4, 664-5, 664-6",36.85747846,126.4927114,,정상가동,234,380,60,2019,,2019-10-01,충청남도 서산시청,,2025-06-17
마루 태양광발전소,,"충청남도 서산시 성연면 예덕리 664-1, 664-2, 664-3, 664-6",36.85775523,126.4930366,,정상가동,19.24,380,60,2019,,2019-09-19,충청남도 서산시청,,2025-06-17
부일에너지 태양광발전소,,"충청남도 서산시 성연면 예덕리 664-4, 664-5",36.85725377,126.4923499,,정상가동,58.11,380,60,2019,,2019-09-17,충청남도 서산시청,,2025-06-17
지곡2호 태양광발전소,,"충청남도 서산시 성연면 예덕리 664-1, 664-2",36.85775523,126.4930366,,정상가동,99.6,380,60,2019,,2019-09-17,충청남도 서산시청,,2025-06-17
지곡1호 태양광발전소,,충청남도 서산시 성연면 예덕리 663,36.85756242,126.4921637,,정상가동,99.6,380,60,2019,,2019-09-17,충청남도 서산시청,,2025-06-17
사랑 태양광발전소,충청남도 서산시 대산읍 독곶1로 15,,36.98926389,126.3754816,,정상가동,99.19,380,60,2019,,2019-09-11,충청남도 서산시청,,2025-06-17
장동44호 태양광발전소,,충청남도 서산시 부석면 칠전리 543-4,36.6648753,126.3740052,,정상가동,99.2,380,60,2019,,2019-08-29,충청남도 서산시청,,2025-06-17
장동43호 태양광발전소,충청남도 서산시 대산읍 개화1길 3,,36.99028064,126.4281382,,정상가동,99.2,380,60,2019,,2019-08-29,충청남도 서산시청,,2025-06-17
장동42호 태양광발전소,,"충청남도 서산시 대산읍 독곶리 147-2, 147-3",36.98709499,126.3683236,,정상가동,99.2,380,60,2019,,2019-08-29,충청남도 서산시청,,2025-06-17
장동41호 태양광발전소,,"충청남도 서산시 지곡면 환성리 3-3, 3-5, 3-6, 3-7",36.90234687,126.4655943,,정상가동,99.2,380,60,2019,,2019-08-29,충청남도 서산시청,,2025-06-17
장동40호 태양광발전소,,"충청남도 서산시 지곡면 환성리 3-3, 3-5, 3-6, 3-7",36.90234687,126.4655943,,정상가동,99.2,380,60,2019,,2019-08-29,충청남도 서산시청,,2025-06-17
장동39호 태양광발전소,,"충청남도 서산시 지곡면 환성리 3-3, 3-5, 3-6, 3-7",36.90234687,126.4655943,,정상가동,99.2,380,60,2019,,2019-08-29,충청남도 서산시청,,2025-06-17
장동38호 태양광발전소,,"충청남도 서산시 지곡면 환성리 3-3, 3-5, 3-6, 3-",36.90234687,126.4655943,,정상가동,99.2,380,60,2019,,2019-08-29,충청남도 서산시청,,2025-06-17
장동37호 태양광발전소,,"충청남도 서산시 지곡면 환성리 3-3, 3-5, 3-6, 3-7",36.90234687,126.4655943,,정상가동,99.2,380,60,2019,,2019-08-29,충청남도 서산시청,,2025-06-17
장동36호 태양광발전소,충청남도 서산시 성연면 신당1로 142,,36.83014151,126.4737936,,정상가동,99.2,380,60,2019,,2019-08-29,충청남도 서산시청,,2025-06-17
청양기업 태양광발전소,,충청남도 서산시 팔봉면 호리 467-15,36.83961829,126.3359283,,정상가동,99.2,380,60,2019,,2019-08-29,충청남도 서산시청,,2025-06-17
장동33호 태양광발전소,충청남도 서산시 대산읍 반곡길 33-6,,36.98928684,126.4358373,,정상가동,99.2,380,60,2019,,2019-08-29,충청남도 서산시청,,2025-06-17
장동32호 태양광발전소,충청남도 서산시 소탐1로 78 (수석동),,36.75780075,126.4921594,,정상가동,99.2,380,60,2019,,2019-08-29,충청남도 서산시청,,2025-06-17
장동31호 태양광발전소,"충청남도 서산시 덕지천로 130, 다올빌딩 (석남동)",,36.7665255,126.4628264,,정상가동,99.2,380,60,2019,,2019-08-29,충청남도 서산시청,,2025-06-17
장동30호 태양광발전소,,충청남도 서산시 대산읍 기은리 743-3,36.96223914,126.3840394,,정상가동,99.2,380,60,2019,,2019-08-29,충청남도 서산시청,,2025-06-17
몽실 태양광발전소,,충청남도 서산시 대산읍 기은리 743-3,36.96223914,126.3840394,,정상가동,99.2,380,60,2019,,2019-08-29,충청남도 서산시청,,2025-06-17
스카이4 태양광발전소,,충청남도 서산시 성연면 해성리 328-6,36.86730947,126.4831058,,정상가동,99.2,380,60,2019,,2019-08-29,충청남도 서산시청,,2025-06-17
수키1 태양광발전소,,충청남도 서산시 대산읍 기은리 704-11,36.95897055,126.3859002,,정상가동,99.2,380,60,2019,,2019-08-29,충청남도 서산시청,,2025-06-17
장동25호 태양광발전소,,충청남도 서산시 대산읍 기은리 704-11,36.95897055,126.3859002,,정상가동,99.2,380,60,2019,,2019-08-29,충청남도 서산시청,,2025-06-17
서하1 태양광발전소,충청남도 서산시 양대11로 55-2 (양대동),,36.72274135,126.4626994,,정상가동,99.2,380,60,2019,,2019-08-29,충청남도 서산시청,,2025-06-17
장동24호 태양광발전소,,충청남도 서산시 지곡면 도성리 7-6,36.88493324,126.4282831,,정상가동,99.2,380,60,2019,,2019-08-29,충청남도 서산시청,,2025-06-17
장동23호 태양광발전소,,충청남도 서산시 고북면 정자리 511-1,36.65133493,126.5073673,,정상가동,99.2,380,60,2019,,2019-08-29,충청남도 서산시청,,2025-06-17
신광솔라 태양광발전소,,"충청남도 서산시 부석면 가사리 905-1, 905-7, 910, 1385-2",36.76344967,126.3608818,,정상가동,99.2,380,60,2019,,2019-08-29,충청남도 서산시청,,2025-06-17
준 태양광발전소,,"충청남도 서산시 부석면 가사리 905-1, 905-7, 905-8, 910, 1385-2",36.76344967,126.3608818,,정상가동,99.2,380,60,2019,,2019-08-29,충청남도 서산시청,,2025-06-17
장동20호 태양광발전소,,"충청남도 서산시 부석면 가사리 905-1, 905-7, 905-8",36.76344967,126.3608818,,정상가동,99.2,380,60,2019,,2019-08-29,충청남도 서산시청,,2025-06-17
장동19호 태양광발전소,,"충청남도 서산시 부석면 가사리 905-1, 905-7, 905-8",36.76344967,126.3608818,,정상가동,99.2,380,60,2019,,2019-08-29,충청남도 서산시청,,2025-06-17
장동18호 태양광발전소,,"충청남도 서산시 고북면 사기리 905-1, 905-7, 905-8",,,,정상가동,99.2,380,60,2019,,2019-08-29,충청남도 서산시청,,2025-06-17
장동17호 태양광발전소,,"충청남도 서산시 지곡면 대요리 758-2 758-7,758-10",,,,정상가동,99.2,380,60,2019,,2019-08-29,충청남도 서산시청,,2025-06-17
장동16호 태양광발전소,,"충청남도 서산시 지곡면 대요리 758-2 758-7,758-8,758-10",,,,정상가동,99.2,380,60,2019,,2019-08-29,충청남도 서산시청,,2025-06-17
장동15호 태양광발전소,,"충청남도 서산시 지곡면 대요리 758-2 758-7,758-10",,,,정상가동,99.2,380,60,2019,,2019-08-29,충청남도 서산시청,,2025-06-17
현 태양광발전소,,"충청남도 서산시 지곡면 대요리 758-1 758-2,758-9",,,,정상가동,99.2,380,60,2019,,2019-08-29,충청남도 서산시청,,2025-06-17
행복13호 태양광발전소,,충청남도 서산시 지곡면 대요리 758-2 758-9,,,,정상가동,99.2,380,60,2019,,2019-08-29,충청남도 서산시청,,2025-06-17
장동12호 태양광발전소,,"충청남도 서산시 지곡면 대요리 758-1 ,758-2,758-9",36.89676619,126.4257777,,정상가동,99.2,380,60,2019,,2019-08-29,충청남도 서산시청,,2025-06-17
장동11호 태양광발전소,,"충청남도 서산시 지곡면 대요리 758-1 758-2,758-9",,,,정상가동,99.2,380,60,2019,,2019-08-29,충청남도 서산시청,,2025-06-17
장동10호 태양광발전소,,"충청남도 서산시 지곡면 대요리 758-2 758-7,758-10",,,,정상가동,99.2,380,60,2019,,2019-08-29,충청남도 서산시청,,2025-06-17
태산시스템 태양광발전소,,"충청남도 서산시 지곡면 대요리 758-2 758-7,758-8,758-10",,,,정상가동,99.2,380,60,2019,,2019-08-29,충청남도 서산시청,,2025-06-17
장동8호 태양광발전소,,"충청남도 서산시 지곡면 대요리 758-22, 758-49, 758-27",36.89610838,126.4259319,,정상가동,99.2,380,60,2019,,2019-08-29,충청남도 서산시청,,2025-06-17
장동7호 태양광발전소,,"충청남도 서산시 성연면 예덕리 660, 661, 663, 664-1, 664-2, 664-3, 664-4, 664-5, 664-6",36.85668963,126.4923809,,정상가동,99.2,380,60,2019,,2019-08-29,충청남도 서산시청,,2025-06-17
장동6호 태양광발전소,,충청남도 서산시 부석면 갈마리 780,36.70996096,126.3644041,,정상가동,99.2,380,60,2019,,2019-08-29,충청남도 서산시청,,2025-06-17
장동5호 태양광발전소,,충청남도 서산시 부석면 갈마리 780,36.70996096,126.3644041,,정상가동,99.2,380,60,2019,,2019-08-29,충청남도 서산시청,,2025-06-17
장동4호 태양광발전소,,충청남도 서산시 부석면 갈마리 780,36.70996096,126.3644041,,정상가동,99.2,380,60,2019,,2019-08-29,충청남도 서산시청,,2025-06-17
장동3호 태양광발전소,,충청남도 서산시 대산읍 기은리 704-1,36.95956084,126.385270,,정상가동,99.2,380,60,2019,,2019-08-29,충청남도 서산시청,,2025-06-17
ENL9호 태양광발전소,,충청남도 서산시 대산읍 운산리 486-115,36.97532818,126.4507328,,정상가동,350.4,22900,60,2018,,2018-02-13,충청남도 서산시청,,2025-06-17
엠에스 제2태양광발전소,,충청남도 서산시 대산읍 운산리 486-111,36.97582192,126.4507022,,정상가동,800.03,380,60,2018,,2018-12-20,충청남도 서산시청,,2025-06-17
엠에치 태양광발전소,,충청남도 서산시 대산읍 운산리 486-116,36.97520417,126.4507405,,정상가동,999,380,60,2018,,2018-12-14,충청남도 서산시청,,2025-06-17
마룡 수상태양광발전소,,"충청남도 서산시 대산읍 운산리 486-42, 486-52",,,,가동중단,999.9,380,60,2018,,2018-12-04,충청남도 서산시청,,2025-06-17
누리쏠라에너지발전소1호,,충청남도 서산시 대산읍 운산리 486-117,36.97506724,126.450749,,정상가동,788.4,380,60,2018,,2018-09-04,충청남도 서산시청,,2025-06-17
기현로토스1호 태양광발전소,,충청남도 서산시 음암면 율목리 574번지,,,,정상가동,999.18,380,60,2018,,2018-09-03,충청남도 서산시청,,2025-06-17
조항식 태양광발전소,충청남도 서산시 성연면 성연4로 197-17,,36.83448105,126.4543912,,정상가동,998.82,380,60,2018,,2018-07-16,충청남도 서산시청,,2025-06-17
서산에이원 태양광발전소,,"충청남도 서산시 대산읍 운산리 486-37, 486-40",36.9773698,126.4514859,,정상가동,898.56,380,60,2018,,2018-07-16,충청남도 서산시청,,2025-06-17
운산1호 태양광발전소,,"충청남도 서산시 대산읍 운산리 486-36, 486-40, 486-97",36.97768118,126.4524783,,정상가동,652.05,380,60,2018,,2018-05-29,충청남도 서산시청,,2025-06-17
운산3호 태양광발전소,,"충청남도 서산시 대산읍 운산리 486-37, 486-93",36.9773698,126.4514859,,정상가동,652.05,380,60,2018,,2018-05-29,충청남도 서산시청,,2025-06-17
운산2호 태양광발전소,,"충청남도 서산시 대산읍 운산리 486-98, 486-67",36.97727483,126.452476,,정상가동,652.05,380,60,2018,,2018-05-29,충청남도 서산시청,,2025-06-17
청운 태양광발전소,,"충청남도 서산시 대산읍 운산리 486-71, 486-94",36.97711233,126.4514574,,정상가동,994.95,380,60,2018,,2018-04-23,충청남도 서산시청,,2025-06-17
우리솔라㈜ 태양광발전소,,"충청남도 서산시 대산읍 운산리 486-99, 486-68",36.97721122,126.4522653,,정상가동,997.92,380,60,2018,,2018-03-20,충청남도 서산시청,,2025-06-17
곽종훈2호 태양광발전소,,"충청남도 서산시 대산읍 운산리 486-36, 486-40",36.97768118,126.4524783,,정상가동,997.5,380,60,2018,,2018-02-07,충청남도 서산시청,,2025-06-17
㈜콘카그린쏠라5호 태양광,,"충청남도 서산시 대산읍 운산리 486-37, 486-39",36.9773698,126.4514859,,정상가동,949.96,380,60,2018,,2018-01-16,충청남도 서산시청,,2025-06-17
㈜콘카그린쏠라4호 태양광,,"충청남도 서산시 대산읍 운산리 486-37, 486-40",36.9773698,126.4514859,,정상가동,649.74,380,60,2018,,2018-01-16,충청남도 서산시청,,2025-06-17
한결 태양광발전소,,충청남도 서산시 대산읍 운산리 486-37,36.9773698,126.4514859,,정상가동,35.1,380,60,2018,,2018-12-04,충청남도 서산시청,,2025-06-17
희메,,"충청남도 서산시 대산읍 운산리 486-37, 486-39",36.9773698,126.4514859,,가동중단,57.24,380,60,2018,,2018-12-04,충청남도 서산시청,,2025-06-17
금송 태양광발전소,,충청남도 서산시 대산읍 운산리 486-39,36.97675649,126.4509804,,정상가동,29.25,380,60,2018,,2018-11-29,충청남도 서산시청,,2025-06-17
서산솔라밸리 태양광발전소,,"충청남도 서산시 대산읍 운산리 486-37, 486-39",36.9773698,126.4514859,,정상가동,421.8,380,60,2018,,2018-11-13,충청남도 서산시청,,2025-06-17
민재 태양광발전소,,충청남도 서산시 대산읍 운산리 486-88,36.97618662,126.4507968,,정상가동,99.75,380,60,2018,,2018-11-06,충청남도 서산시청,,2025-06-17
이산1 태양광발전소,,충청남도 서산시 대산읍 운산리 486-38,36.97613741,126.4501495,,정상가동,99.75,380,60,2018,,2018-11-06,충청남도 서산시청,,2025-06-17
북산1 태양광 발전소,,"충청남도 서산시 대산읍 운산리 486-89, 486-38",36.97616139,126.4504721,,정상가동,99.75,380,60,2018,,2018-11-06,충청남도 서산시청,,2025-06-17
부석 태양광발전소,,충청남도 서산시 대산읍 운산리 486-38,36.97613741,126.4501495,,정상가동,99.75,380,60,2018,,2018-11-06,충청남도 서산시청,,2025-06-17
금련 태양광발전소,,충청남도 서산시 대산읍 운산리 486-107,36.97543604,126.4496154,,정상가동,99.75,380,60,2018,,2018-11-06,충청남도 서산시청,,2025-06-17
별 태양광발전소,,"충청남도 서산시 대산읍 운산리 486-92, 486-66",36.97753385,126.4520606,,정상가동,99.75,380,60,2018,,2018-11-06,충청남도 서산시청,,2025-06-17
광영 태양광발전소,,"충청남도 서산시 대산읍 운산리 486-101, 486-70",36.97694438,126.4523214,,정상가동,99.75,380,60,2018,,2018-11-06,충청남도 서산시청,,2025-06-17
우공1 태양광발전소,,"충청남도 서산시 대산읍 운산리 486-37, 486-39",36.9773698,126.4514859,,정상가동,99.75,380,60,2018,,2018-11-06,충청남도 서산시청,,2025-06-17
진성 태양광발전소,,충청남도 서산시 대산읍 운산리 486-105,36.97565461,126.4496589,,정상가동,99.75,380,60,2018,,2018-11-06,충청남도 서산시청,,2025-06-17
달 태양광 발전소,,"충청남도 서산시 대산읍 운산리 486-38, 486-42",36.97613741,126.4501495,,정상가동,99.75,380,60,2018,,2018-11-06,충청남도 서산시청,,2025-06-17
운산 태양광발전소,,충청남도 서산시 대산읍 운산리 890-23,36.95129819,126.4760619,,가동중단,99.45,380,60,2018,,2018-11-06,충청남도 서산시청,,2025-06-17
예림 태양광발전소,,충청남도 서산시 대산읍 운산리 890-23,36.95129819,126.4760619,,정상가동,98.28,380,60,2018,,2018-11-06,충청남도 서산시청,,2025-06-17
윤테크 태양광발전소,,충청남도 서산시 대산읍 운산리 890-23,36.95129819,126.4760619,,정상가동,98.28,380,60,2018,,2018-11-06,충청남도 서산시청,,2025-06-17
힐링 태양광발전소,,충청남도 서산시 대산읍 운산리 890-23,36.95129819,126.4760619,,가동중단,98.28,380,60,2018,,2018-11-06,충청남도 서산시청,,2025-06-17
한강 태양광발전소,,충청남도 서산시 대산읍 운산리 890-23,36.95129819,126.4760619,,가동중단,98.28,380,60,2018,,2018-11-06,충청남도 서산시청,,2025-06-17
희섭 태양광발전소,,"충청남도 서산시 지곡면 중왕리 307-4, 산59-1",36.86942135,126.3859657,,가동중단,98.28,380,60,2018,,2018-11-06,충청남도 서산시청,,2025-06-17
이레 태양광발전소,,충청남도 서산시 지곡면 중왕리 307-4,36.86942135,126.3859657,,가동중단,98.28,380,60,2018,,2018-11-06,충청남도 서산시청,,2025-06-17
연방 태양광 발전소,,충청남도 서산시 지곡면 중왕리 307-4,36.86942135,126.3859657,,가동중단,98.28,380,60,2018,,2018-11-06,충청남도 서산시청,,2025-06-17
성남2 태양광발전소,,충청남도 서산시 지곡면 중왕리 307-4,36.86942135,126.3859657,,가동중단,98.28,380,60,2018,,2018-11-06,충청남도 서산시청,,2025-06-17
이을랑 태양광발전소,,충청남도 서산시 지곡면 중왕리 307-4,36.86942135,126.3859657,,가동중단,98.28,380,60,2018,,2018-11-06,충청남도 서산시청,,2025-06-17
포토젠텍 태양광발전소,,"충청남도 서산시 음암면 도당리 1049번지 3호 , 1046-1, 1047",,,,가동중단,98.28,380,60,2018,,2018-11-06,충청남도 서산시청,,2025-06-17
동방 태양광발전소,,"충청남도 서산시 음암면 도당리 1041-10, 1040-3, 1039-3",36.81738283,126.5204227,,가동중단,98.28,380,60,2018,,2018-11-06,충청남도 서산시청,,2025-06-17
해난 태양광 발전소,,"충청남도 서산시 음암면 도당리 1038-1, 1037-11",36.81718176,126.5219641,,가동중단,98.28,380,60,2018,,2018-11-06,충청남도 서산시청,,2025-06-17
중일산업 태양광발전소,,"충청남도 서산시 음암면 도당리 1038-2, 1037-12",36.81679845,126.5221272,,정상가동,386.1,380,60,2018,,2018-11-01,충청남도 서산시청,,2025-06-17
장동11호 태양광발전소,,충청남도 서산시 음암면 도당리 1037-7,36.8183694,126.5220386,,정상가동,99.36,380,60,2018,,2018-10-25,충청남도 서산시청,,2025-06-17
장동17호 태양광발전소,,충청남도 서산시 음암면 도당리 1037,36.81990857,126.5227947,,정상가동,99.36,380,60,2018,,2018-10-25,충청남도 서산시청,,2025-06-17
장동12호 태양광발전소,,충청남도 서산시 음암면 도당리 1037-6,36.81854353,126.5220105,,정상가동,99.36,380,60,2018,,2018-10-25,충청남도 서산시청,,2025-06-17
장동18호 태양광발전소,,충청남도 서산시 음암면 도당리 1037-3,36.81879663,126.5222484,,정상가동,99.36,380,60,2018,,2018-10-25,충청남도 서산시청,,2025-06-17
장동13호 태양광발전소,,"충청남도 서산시 음암면 도당리 1040-6, 1039-6",36.81704523,126.5208411,,정상가동,99.36,380,60,2018,,2018-10-25,충청남도 서산시청,,2025-06-17
장동14호 태양광발전소,,"충청남도 서산시 음암면 도당리 1040-5, 1039-5, 1041-12",36.81714786,126.5205993,,정상가동,99.36,380,60,2018,,2018-10-25,충청남도 서산시청,,2025-06-17
장동19호 태양광발전소,,충청남도 서산시 음암면 도당리 1037-2,36.81909458,126.5224999589,,정상가동,99.36,380,60,2018,,2018-10-25,충청남도 서산시청,,2025-06-17
장동15호 태양광발전소,,"충청남도 서산시 음암면 도당리 1041-11, 1040-4, 1039-4",36.81729096,126.5205007,,정상가동,99.36,380,60,2018,,2018-10-25,충청남도 서산시청,,2025-06-17
장동20호 태양광발전소,,"충청남도 서산시 음암면 도당리 1038, 1037-10",36.81725335,126.5219654,,정상가동,99.36,380,60,2018,,2018-10-25,충청남도 서산시청,,2025-06-17
장동16호 태양광발전소,,충청남도 서산시 음암면 도당리 1037-9,36.817584,126.5219275,,정상가동,99.36,380,60,2018,,2018-10-25,충청남도 서산시청,,2025-06-17
장동21호 태양광발전소,,"충청남도 서산시 음암면 도당리 1041, 1040-2, 1039-2",36.81749716,126.5204016,,정상가동,99.36,380,60,2018,,2018-10-25,충청남도 서산시청,,2025-06-17
장동22호 태양광발전소,,"충청남도 서산시 음암면 도당리 1039, 1042",36.81776193,126.5214137,,정상가동,49.68,380,60,2018,,2018-10-25,충청남도 서산시청,,2025-06-17
나춘흠 태양광발전소,,충청남도 서산시 음암면 도당리 1037-8,36.81798843,126.5219268,,정상가동,25.5,380,60,2018,,2018-09-03,충청남도 서산시청,,2025-06-17
오성 태양광발전소,,충청남도 서산시 대산읍 영탑리 20-119,36.90862246,126.4585145,,정상가동,98.77,380,60,2018,,2018-10-19,충청남도 서산시청,,2025-06-17
거성 태양광발전소,,"충청남도 서산시 대산읍 영탑리 20-119, 20-120, 20-121, 20-205",36.90862246,126.4585145,,정상가동,28.47,380,60,2018,,2018-10-19,충청남도 서산시청,,2025-06-17
정수4 태양광발전소,,"충청남도 서산시 대산읍 영탑리 20-116, 20-117, 20-118, 20-119",,,,가동중단,49.68,220,60,2018,,2018-10-19,충청남도 서산시청,,2025-06-17
대형3 태양광발전소,,충청남도 서산시 대산읍 영탑리 20-119,36.90862246,126.4585145,,가동중단,99.36,380,60,2018,,2018-10-19,충청남도 서산시청,,2025-06-17
AP Solar 1호 태양광발전소,,충청남도 서산시 대산읍 영탑리 20-119,36.90862246,126.4585145,,정상가동,195.84,380,60,2018,,2018-10-16,충청남도 서산시청,,2025-06-17
올리브영 태양광발전소,,"충청남도 서산시 대산읍 영탑리 20-115, 20-116, 20-119",,,,가동중단,27.72,380,60,2018,,2018-10-16,충청남도 서산시청,,2025-06-17
에너전스 서산3호 태양광발전소,,"충청남도 서산시 대산읍 영탑리 20-114, 20-115, 20-119",36.90952635,126.4571832,,가동중단,499.32,380,60,2018,,2018-09-21,충청남도 서산시청,,2025-06-17
에너전스 서산2호 태양광발전소,,"충청남도 서산시 대산읍 영탑리 20-114, 20-119",36.90952635,126.4571832,,가동중단,499.32,380,60,2018,,2018-09-21,충청남도 서산시청,,2025-06-17
에너전스 서산1호 태양광발전소,,충청남도 서산시 운산면 수평리 329번지 1호,,,,가동중단,499.32,380,60,2018,,2018-09-21,충청남도 서산시청,,2025-06-17
KLES 영농형 태양광발전소,,충청남도 서산시 지곡면 환성리 513-2,36.90775198,126.4377366,,가동중단,81.92,380,60,2018,,2018-09-21,충청남도 서산시청,,2025-06-17
대현 태양광발전소,,"충청남도 서산시 대산읍 대로리 913-12, 913-24",36.94461834,126.3879109,,정상가동,297.84,380,60,2018,,2018-09-21,충청남도 서산시청,,2025-06-17
영인에너지 태양광발전소,,"충청남도 서산시 운산면 팔중리 388번지 , 390-1, 391, 392",,,,가동중단,97.2,380,60,2018,,2018-09-21,충청남도 서산시청,,2025-06-17
강수 수상태양광발전소,,"충청남도 서산시 운산면 팔중리 390번지 , 393, 393-1",,,,가동중단,499.62,380,60,2018,,2018-09-18,충청남도 서산시청,,2025-06-17
누리쏠라에너지 발전소2호,,충청남도 서산시 음암면 부장리 854번지 3호,,,,정상가동,496.8,380,60,2018,,2018-09-12,충청남도 서산시청,,2025-06-17
기현로토스1호 태양광발전소,,충청남도 서산시 음암면 부장리 854번지 3호,,,,정상가동,432.53,22900,60,2018,,2018-09-03,충청남도 서산시청,,2025-06-17
유계1 태양광발전소,,충청남도 서산시 음암면 부장리 854번지 3호,,,,정상가동,99.36,380,60,2018,,2018-08-30,충청남도 서산시청,,2025-06-17
유계4 태양광 발전소,,충청남도 서산시 음암면 부장리 854번지 3호,,,,정상가동,99.36,380,60,2018,,2018-08-30,충청남도 서산시청,,2025-06-17
유계8 태양광발전소,,충청남도 서산시 음암면 부장리 854번지 3호,,,,정상가동,48.6,380,60,2018,,2018-08-30,충청남도 서산시청,,2025-06-17
유계2 태양광발전소,,"충청남도 서산시 팔봉면 양길리 산 8번지 , 376, 377, 386",,,,정상가동,99.36,380,60,2018,,2018-08-30,충청남도 서산시청,,2025-06-17
유계7 태양광발전소,,충청남도 서산시 음암면 도당리 984번지 4호,,,,정상가동,99.36,380,60,2018,,2018-08-30,충청남도 서산시청,,2025-06-17
유계6 태양광발전소,,충청남도 서산시 고북면 정자리 489번지 17호,,,,정상가동,99.36,380,60,2018,,2018-08-30,충청남도 서산시청,,2025-06-17
유계5 태양광발전소,,충청남도 서산시 고북면 신정리 1145번지,,,,가동중단,99.36,380,60,2018,,2018-08-30,충청남도 서산시청,,2025-06-17
해찬 태양광발전소,,"충청남도 서산시 부석면 가사리 905번지 1호 909, 910, 910-2(대지위)",,,,가동중단,95.04,380,60,2018,,2018-08-30,충청남도 서산시청,,2025-06-17
엠에스 태양광발전소,충청남도 서산시 여전중앙길 150 (예천동),,36.76071764,126.4461305,,가동중단,270,380,60,2018,,2018-08-30,충청남도 서산시청,,2025-06-17
행운 발전소1 태양광발전소,,충청남도 서산시 고북면 정자리 348-3,36.65346311,126.5121321,,가동중단,198.36,380,60,2018,,2018-08-30,충청남도 서산시청,,2025-06-17
빛들 태양광발전소,,충청남도 서산시 부석면 창리 33-29,36.64441389,126.3700956,,가동중단,97.92,380,60,2018,,2018-08-30,충청남도 서산시청,,2025-06-17
행운 발전소2 태양광발전소,,충청남도 서산시 부석면 창리 33-27,36.64470927,126.3701415,,가동중단,18.36,380,60,2018,,2018-08-30,충청남도 서산시청,,2025-06-17
행복 태양광발전소,,충청남도 서산시 부석면 창리 33-26,36.64487271,126.3702328,,가동중단,97.92,380,60,2018,,2018-08-30,충청남도 서산시청,,2025-06-17
티에스에너지20호 태양광발전소,,충청남도 서산시 부석면 창리 33-30,36.64430668,126.3699696,,가동중단,410.06,154000,60,2018,,2018-08-27,충청남도 서산시청,,2025-06-17
서현 태양광발전소,,충청남도 서산시 부석면 창리 33-28,36.64457603,126.3700529,,가동중단,99.28,380,60,2018,,2018-08-09,충청남도 서산시청,,2025-06-17
맑음 태양광발전소,,충청남도 서산시 부석면 창리 33,36.64560201,126.3708137,,가동중단,99.28,380,60,2018,,2018-08-09,충청남도 서산시청,,2025-06-17
서산인지 태양광발전소,,충청남도 서산시 부석면 창리 33-32,36.64405668,126.3701294,,가동중단,99.28,380,60,2018,,2018-08-09,충청남도 서산시청,,2025-06-17
빛으로 태양광발전소,,충청남도 서산시 부석면 창리 33-25,36.64498223,126.3703543,,가동중단,99.28,380,60,2018,,2018-08-07,충청남도 서산시청,,2025-06-17
예당 태양광발전소,,충청남도 서산시 부석면 창리 33-24,36.64520228,126.3705869,,정상가동,85,380,60,2018,,2018-08-07,충청남도 서산시청,,2025-06-17
신풍 태양광발전소,,충청남도 서산시 부석면 창리 33-23,36.64538045,126.3706996,,정상가동,85,380,60,2018,,2018-08-07,충청남도 서산시청,,2025-06-17
새빛 태양광발전소,,충청남도 서산시 운산면 거성리 산 90-1,36.76088839,126.5423768,,정상가동,85,380,60,2018,,2018-08-07,충청남도 서산시청,,2025-06-17
명수 태양광발전소,,"충청남도 서산시 지곡면 환성리 680-1, 680-2, 681, 682, 683-2, 683-3",36.90758109,126.4315596,,가동중단,498.96,380,60,2018,,2018-08-06,충청남도 서산시청,,2025-06-17
재환 태양광발전소,,"충청남도 서산시 지곡면 환성리 683-1, 683-2, 683-3, 685-2",36.90759447,126.4324622,,가동중단,498.96,380,60,2018,,2018-08-06,충청남도 서산시청,,2025-06-17
순희 태양광발전소,,"충청남도 서산시 지곡면 환성리 680-1, 680-2, 681, 682, 683-2, 683-3",36.90758109,126.4315596,,가동중단,498.96,380,60,2018,,2018-08-06,충청남도 서산시청,,2025-06-17
갈산 태양광발전소,,"충청남도 서산시 지곡면 환성리 679, 683-1, 683-2, 683-3",36.90803168,126.4320151,,가동중단,197.1,380,60,2018,,2018-08-06,충청남도 서산시청,,2025-06-17
고북솔라에너지 태양광발전소,,"충청남도 서산시 지곡면 환성리 680-1, 680-2, 681, 682, 683-1, 683-2, 683-3, 685-2",36.90758109,126.4315596,,정상가동,27.3,380,60,2018,,2018-08-03,충청남도 서산시청,,2025-06-17
서산따사로이 태양광발전소,,"충청남도 서산시 지곡면 환성리 679, 680-1, 680-2, 681, 682, 683-3",36.90803168,126.4320151,,가동중단,97.2,380,60,2018,,2018-08-01,충청남도 서산시청,,2025-06-17
건강 태양광발전소,,"충청남도 서산시 지곡면 환성리 687, 688",36.90677806,126.4342027,,가동중단,97.2,380,60,2018,,2018-08-01,충청남도 서산시청,,2025-06-17
행복 태양광발전소,,충청남도 서산시 지곡면 환성리 688,36.90663696,126.4338097,,가동중단,97.2,380,60,2018,,2018-08-01,충청남도 서산시청,,2025-06-17
기쁨 태양광발전소,,"충청남도 서산시 지곡면 환성리 523 ,686, 687, 688",36.90664821,126.434734,,가동중단,97.2,380,60,2018,,2018-08-01,충청남도 서산시청,,2025-06-17
서원 태양광발전소,,"충청남도 서산시 지곡면 환성리 524-1, 524-3, 525-1, 686",36.90684319,126.4348454,,가동중단,97.2,380,60,2018,,2018-08-01,충청남도 서산시청,,2025-06-17
태양6 태양광발전소,,"충청남도 서산시 지곡면 환성리 524, 525-1, 686, 687, 688",,,,정상가동,427.68,380,60,2018,,2018-07-25,충청남도 서산시청,,2025-06-17
태양5 태양광발전소,,"충청남도 서산시 지곡면 환성리 523, 524-1, 524-3, 686, 687",36.90664821,126.434734,,정상가동,427.68,380,60,2018,,2018-07-25,충청남도 서산시청,,2025-06-17
태양2 태양광발전소,충청남도 서산시 성연면 성연3로 153-32,,36.83242656,126.4515529,,정상가동,427.68,380,60,2018,,2018-07-25,충청남도 서산시청,,2025-06-17
태양3 태양광발전소,,충청남도 서산시 장동 196-24,36.73261375,126.4823605,,정상가동,427.68,380,60,2018,,2018-07-25,충청남도 서산시청,,2025-06-17
태양1 태양광발전소,,충청남도 서산시 장동 196-18,36.73253969,126.4815222,,정상가동,427.68,380,60,2018,,2018-07-25,충청남도 서산시청,,2025-06-17
태양4 태양광발전소,,충청남도 서산시 장동 196-23,36.73247408,126.4823614,,정상가동,427.68,380,60,2018,,2018-07-25,충청남도 서산시청,,2025-06-17
서산49호 태양광발전소,,충청남도 서산시 장동 196-17,36.73267935,126.4815213,,정상가동,98.8,380,60,2018,,2018-07-24,충청남도 서산시청,,2025-06-17
장동10호 태양광발전소,,충청남도 서산시 장동 196-22,36.73233441,126.4823624,,정상가동,496.8,380,60,2018,,2018-07-23,충청남도 서산시청,,2025-06-17
장동3호 태양광발전소,,충청남도 서산시 장동 196-21,36.73218779,126.4822177,,정상가동,99.36,380,60,2018,,2018-07-23,충청남도 서산시청,,2025-06-17
장동9호 태양광발전소,,충청남도 서산시 장동 196-1,36.73265019,126.4808924,,정상가동,99.36,380,60,2018,,2018-07-23,충청남도 서산시청,,2025-06-17
장동2호 태양광발전소,,충청남도 서산시 장동 196-20,36.73223995,126.4814524,,정상가동,99.36,380,60,2018,,2018-07-23,충청남도 서산시청,,2025-06-17
장동8호 태양광발전소,,충청남도 서산시 장동 196-15,36.732894,126.4812601,,정상가동,99.36,380,60,2018,,2018-07-23,충청남도 서산시청,,2025-06-17
장동4호 태양광발전소,,충청남도 서산시 장동 196-19,36.73243296,126.4815229,,정상가동,99.36,380,60,2018,,2018-07-23,충청남도 서산시청,,2025-06-17
장동7호 태양광발전소,,충청남도 서산시 장동 196-16,36.73288031,126.4817043,,정상가동,99.36,380,60,2018,,2018-07-23,충청남도 서산시청,,2025-06-17
장동5호 태양광발전소,,충청남도 서산시 장동 196-14,36.73323163,126.4818262,,정상가동,99.36,380,60,2018,,2018-07-23,충청남도 서산시청,,2025-06-17
장동6호 태양광발전소,,충청남도 서산시 운산면 원벌리 299,36.76971797,126.5536865,,정상가동,99.36,380,60,2018,,2018-07-23,충청남도 서산시청,,2025-06-17
장동1호 태양광발전소,,"충청남도 서산시 부석면 대두리 676, 676-6",36.69695787,126.3811184,,정상가동,99.36,380,60,2018,,2018-07-23,충청남도 서산시청,,2025-06-17
운산5호 태양광발전소,충청남도 서산시 운산면 홍안벌로 485,,36.75769288,126.5314245,,정상가동,97.92,380,60,2018,,2018-07-23,충청남도 서산시청,,2025-06-17
서산38호 태양광발전소,,"충청남도 서산시 지곡면 도성리 11-4, 11-6, 16-9",36.8792506,126.4266237,,정상가동,98.8,380,60,2018,,2018-07-12,충청남도 서산시청,,2025-06-17
서산55호 태양광발전소,,충청남도 서산시 지곡면 도성리 439,36.88140258,126.4115327,,정상가동,98.8,380,60,2018,,2018-07-12,충청남도 서산시청,,2025-06-17
서산5호 태양광발전소,,충청남도 서산시 지곡면 중왕리 16,36.86830651,126.3981998,,가동중단,99.72,380,60,2018,,2018-07-12,충청남도 서산시청,,2025-06-17
서산7호 태양광발전소,"충청남도 서산시 남부순환로 1020, 정원빌딩 (석남동)",,36.76710343,126.452655,,가동중단,99.72,380,60,2018,,2018-07-12,충청남도 서산시청,,2025-06-17
서산6호 태양광발전소,,충청남도 서산시 지곡면 환성리 산192,36.91099094,126.432340,,가동중단,99.72,380,60,2018,,2018-07-12,충청남도 서산시청,,2025-06-17
서산35호 태양광발전소,,충청남도 서산시 지곡면 환성리 산192,36.91099094,126.432340,,정상가동,98.8,380,60,2018,,2018-07-12,충청남도 서산시청,,2025-06-17
서산8호 태양광발전소,,충청남도 서산시 지곡면 환성리 산192,36.91099094,126.432340,,가동중단,99.72,380,60,2018,,2018-07-12,충청남도 서산시청,,2025-06-17
서산48호 태양광발전소,,"충청남도 서산시 팔봉면 어송리 6, 9-1 9-2",36.79595873,126.3791161,,정상가동,98.8,380,60,2018,,2018-07-12,충청남도 서산시청,,2025-06-17
서산9호 태양광발전소,,충청남도 서산시 대산읍 기은리 451-15,36.96596047,126.3826669,,정상가동,99.72,380,60,2018,,2018-07-12,충청남도 서산시청,,2025-06-17
서산43호 태양광발전소,,"충청남도 서산시 대산읍 기은리 628-10, 628-24, 628-27",36.97926489,126.3798922,,정상가동,98.8,380,60,2018,,2018-07-12,충청남도 서산시청,,2025-06-17
서산4호 태양광발전소,,"충청남도 서산시 부석면 강수리 563, 568, 563-4",36.74123109,126.3701097,,가동중단,99.72,380,60,2018,,2018-07-12,충청남도 서산시청,,2025-06-17
서산56호 태양광발전소,,충청남도 서산시 대산읍 영탑리 841-23,36.92336547,126.4199768,,정상가동,98.8,380,60,2018,,2018-07-12,충청남도 서산시청,,2025-06-17
서산1호 태양광발전소,"충청남도 서산시 성연면 명천산업로 86, 기현로토스(주)",,36.83272291,126.4858294,,가동중단,51.84,380,60,2018,,2018-07-12,충청남도 서산시청,,2025-06-17
서산2호 태양광발전소,,"충청남도 서산시 음암면 유계리 244-17, 244-20, 244-21, 244-22(대지 위)",36.76208385,126.5221055,,정상가동,99.72,380,60,2018,,2018-07-12,충청남도 서산시청,,2025-06-17
서산3호 태양광발전소,,"충청남도 서산시 음암면 유계리 244-17, 244-20, 244-21, 244-22(대지 위)",36.76208385,126.5221055,,가동중단,99.72,380,60,2018,,2018-07-12,충청남도 서산시청,,2025-06-17
서산52호 태양광발전소,,"충청남도 서산시 음암면 유계리 244-17, 244-20, 244-21, 244-22(대지 위)",36.76208385,126.5221055,,정상가동,98.8,380,60,2018,,2018-07-12,충청남도 서산시청,,2025-06-17
서산53호 태양광발전소,,"충청남도 서산시 음암면 유계리 244-17, 244-20, 244-21, 244-22(대지 위)",36.76208385,126.5221055,,정상가동,98.8,380,60,2018,,2018-07-12,충청남도 서산시청,,2025-06-17
서산54호 태양광발전소,,"충청남도 서산시 음암면 유계리 244-17, 244-20, 244-21, 244-22(대지 위)",36.76208385,126.5221055,,정상가동,98.8,380,60,2018,,2018-07-12,충청남도 서산시청,,2025-06-17
서산47호 태양광발전소,,"충청남도 서산시 음암면 유계리 244-17, 244-20, 244-21, 244-22(대지 위)",36.76208385,126.5221055,,정상가동,98.8,380,60,2018,,2018-07-12,충청남도 서산시청,,2025-06-17
주영에너지 태양광발전소,,충청남도 서산시 음암면 유계리 산 33-4,,,,정상가동,97.92,380,60,2018,,2018-06-14,충청남도 서산시청,,2025-06-17
덕지천 태양광발전소,,"충청남도 서산시 운산면 수평리 329-2, 329-3",36.81018896,126.6134989,,가동중단,298.08,380,60,2018,,2018-06-12,충청남도 서산시청,,2025-06-17
해천태양광1호 발전소,,충청남도 서산시 고북면 사기리 64,36.64876566,126.492832,,가동중단,153.3,380,60,2018,,2018-06-11,충청남도 서산시청,,2025-06-17
광민 태양광발전소,,"충청남도 서산시 부석면 마룡리 2-3, 산14-2",36.655178,126.3924764,,정상가동,19.71,380,60,2018,,2018-06-11,충청남도 서산시청,,2025-06-17
무지개 태양광발전소,,"충청남도 서산시 부석면 마룡리 2-3, 산14-2",36.655178,126.3924764,,가동중단,95.04,380,60,2018,,2018-06-08,충청남도 서산시청,,2025-06-17
오복솔라 태양광발전소,,충청남도 서산시 부석면 마룡리 2-113,36.65537232,126.3914197,,가동중단,95.04,380,60,2018,,2018-06-08,충청남도 서산시청,,2025-06-17
강남 태양광발전소,,충청남도 서산시 부석면 마룡리 2-3,36.655178,126.3924764,,가동중단,95.04,380,60,2018,,2018-06-08,충청남도 서산시청,,2025-06-17
영복 태양광발전소,,"충청남도 서산시 부석면 지산리 660-5, 657-1, 산280-1",36.6689952,126.4127151,,정상가동,496.8,380,60,2018,,2018-06-07,충청남도 서산시청,,2025-06-17
세연 태양광발전소,,충청남도 서산시 운산면 거성리 산 90-1,36.76088839,126.5423768,,가동중단,97.2,380,60,2018,,2018-06-07,충청남도 서산시청,,2025-06-17
정찬3호 태양광발전소,,충청남도 서산시 운산면 거성리 산 90-1,36.76088839,126.5423768,,가동중단,97.2,380,60,2018,,2018-06-07,충청남도 서산시청,,2025-06-17
비씨엔 기은 태양광발전소,,충청남도 서산시 운산면 거성리 산 90-1,36.76088839,126.5423768,,정상가동,99,380,60,2018,,2018-06-04,충청남도 서산시청,,2025-06-17
엘씨솔라 기은 태양광발전소,,충청남도 서산시 해미면 기지리 128-2,36.70929414,126.5065225,,정상가동,99,380,60,2018,,2018-06-04,충청남도 서산시청,,2025-06-17
환성12호발전 태양광발전소,충청남도 서산시 고북면 고북4로 387,,36.65165023,126.4985369,,정상가동,248.4,380,60,2018,,2018-06-01,충청남도 서산시청,,2025-06-17
환성11호발전 태양광발전소,충청남도 서산시 고북면 고북4로 387,,36.65165023,126.4985369,,정상가동,99.4,380,60,2018,,2018-06-01,충청남도 서산시청,,2025-06-17
환성10호발전 태양광발전소,충청남도 서산시 고북면 고북4로 387,,36.65165023,126.4985369,,정상가동,99.4,380,60,2018,,2018-06-01,충청남도 서산시청,,2025-06-17
환성9호발전 태양광발전소,,충청남도 서산시 지곡면 환성리 산31-1,36.90653296,126.4535914,,정상가동,248.4,380,60,2018,,2018-06-01,충청남도 서산시청,,2025-06-17
환성8호발전 태양광발전소,,충청남도 서산시 지곡면 환성리 산31-1,36.90653296,126.4535914,,정상가동,498.2,380,60,2018,,2018-06-01,충청남도 서산시청,,2025-06-17
환성6호발전 태양광발전소,,충청남도 서산시 지곡면 무장리 산2,36.87628811,126.4639813,,정상가동,498.2,380,60,2018,,2018-06-01,충청남도 서산시청,,2025-06-17
환성5호발전 태양광발전소,,"충청남도 서산시 갈산동 482-1, 482-2, 483",36.80265968,126.4337197,,정상가동,498.2,380,60,2018,,2018-06-01,충청남도 서산시청,,2025-06-17
환성4호발전 태양광발전소,"충청남도 서산시 고북면 문화마을1로 77, 코넥아트빌",,36.66197506,126.5327536,,정상가동,498.2,380,60,2018,,2018-06-01,충청남도 서산시청,,2025-06-17
환성3호발전 태양광발전소,,"충청남도 서산시 부석면 가사리 905-1, 905-7, 910, 1385-2",36.76344967,126.3608818,,정상가동,498.2,380,60,2018,,2018-06-01,충청남도 서산시청,,2025-06-17
환성2호발전 태양광발전소,,"충청남도 서산시 부석면 가사리 905-1, 905-7, 910, 1385-2",36.76344967,126.3608818,,정상가동,498.2,380,60,2018,,2018-06-01,충청남도 서산시청,,2025-06-17
환성1호발전 태양광발전소,,"충청남도 서산시 부석면 가사리 905-9, 907-11",36.76312992,126.361729,,정상가동,498.2,380,60,2018,,2018-06-01,충청남도 서산시청,,2025-06-17
환성7호발전 태양광발전소,,"충청남도 서산시 부석면 가사리 905-1, 905-7, 905-9",36.76344967,126.3608818,,정상가동,498.2,380,60,2018,,2018-06-01,충청남도 서산시청,,2025-06-17
티에스에너지30호 태양광발전소,,"충청남도 서산시 팔봉면 진장리 761, 762",36.76429995,126.3609975,,정상가동,427,154000,60,2018,,2018-05-24,충청남도 서산시청,,2025-06-17
마리 태양광발전소,충청남도 서산시 고북면 신정2로 169-45,,36.69038901,126.5004829,,정상가동,99.96,380,60,2018,,2018-05-15,충청남도 서산시청,,2025-06-17
은혜 태양광발전소,충청남도 서산시 고북면 신정2로 169-45,,36.69038901,126.5004829,,정상가동,99.96,380,60,2018,,2018-05-15,충청남도 서산시청,,2025-06-17
문덕 태양광발전소,충청남도 서산시 고북면 신정2로 169-47,,36.69025756,126.4998649,,정상가동,99.96,380,60,2018,,2018-05-15,충청남도 서산시청,,2025-06-17
큰빛 태양광발전소,충청남도 서산시 고북면 신정2로 169-47,,36.69025756,126.4998649,,정상가동,99.96,380,60,2018,,2018-05-15,충청남도 서산시청,,2025-06-17
미성 태양광발전소,충청남도 서산시 고북면 신정2로 169-45,,36.69038901,126.5004829,,정상가동,99.96,380,60,2018,,2018-05-15,충청남도 서산시청,,2025-06-17
행복 태양광발전소,충청남도 서산시 고북면 신정2로 169-47,,36.69025756,126.4998649,,정상가동,99.96,380,60,2018,,2018-05-15,충청남도 서산시청,,2025-06-17
둔산 태양광발전소,,충청남도 서산시 부석면 지산리 150-23,36.68292342,126.4261933,,정상가동,99.96,380,60,2018,,2018-05-15,충청남도 서산시청,,2025-06-17
찬하 태양광발전소,,충청남도 서산시 장동 195,36.73277996,126.4832847,,정상가동,99.96,380,60,2018,,2018-05-15,충청남도 서산시청,,2025-06-17
성환 태양광발전소,,충청남도 서산시 장동 199-11,36.73363824,126.4822678,,정상가동,99.96,380,60,2018,,2018-05-15,충청남도 서산시청,,2025-06-17
유환 태양광발전소,,충청남도 서산시 장동 196-25,36.73275342,126.4823595,,정상가동,99.96,380,60,2018,,2018-05-15,충청남도 서산시청,,2025-06-17
해랑 태양광발전소,,충청남도 서산시 장동 199-10,36.73378123,126.4822851,,정상가동,99.96,380,60,2018,,2018-05-15,충청남도 서산시청,,2025-06-17
열마루 태양광발전소,,충청남도 서산시 장동 196-26,36.73289308,126.4823586,,정상가동,99.96,380,60,2018,,2018-05-15,충청남도 서산시청,,2025-06-17
청룡 태양광발전소,,"충청남도 서산시 장동 199-12, 201",36.73350244,126.4823079,,정상가동,99.96,380,60,2018,,2018-05-15,충청남도 서산시청,,2025-06-17
불일 태양광발전소,,충청남도 서산시 장동 196-27,36.73303275,126.4823577,,정상가동,99.96,380,60,2018,,2018-05-15,충청남도 서산시청,,2025-06-17
미미 태양광발전소,,"충청남도 서산시 장동 196-29, 199-9, 201-3",36.73329221,126.4823559,,정상가동,99.36,380,60,2018,,2018-05-09,충청남도 서산시청,,2025-06-17
현주 태양광발전소,,충청남도 서산시 장동 196-28,36.73317242,126.4823567,,정상가동,99.36,380,60,2018,,2018-05-09,충청남도 서산시청,,2025-06-17
HG 태양광발전소,,충청남도 서산시 장동 199-2,36.73392363,126.4823456,,정상가동,99.36,380,60,2018,,2018-05-09,충청남도 서산시청,,2025-06-17
YC 태양광발전소,,"충청남도 서산시 대산읍 운산리 486-100, 486-69",36.97711156,126.4523012,,가동중단,99.36,380,60,2018,,2018-05-09,충청남도 서산시청,,2025-06-17
대로리1 태양광발전소,,충청남도 서산시 부석면 지산리 150-35,36.68126877,126.4256864,,정상가동,99.36,380,60,2018,,2018-05-09,충청남도 서산시청,,2025-06-17
산수 태양광발전소,,충청남도 서산시 부석면 지산리 150-8,36.68306892,126.4261798,,정상가동,19.04,380,60,2018,,2018-05-08,충청남도 서산시청,,2025-06-17
운산10호 태양광발전소,,충청남도 서산시 부석면 지산리 150-2,36.68332476,126.4252593,,정상가동,97.92,380,60,2018,,2018-04-30,충청남도 서산시청,,2025-06-17
운산20호 태양광발전소,,충청남도 서산시 부석면 지산리 150-2,36.68332476,126.4252593,,정상가동,97.92,380,60,2018,,2018-04-30,충청남도 서산시청,,2025-06-17
운산26호 태양광발전소,,충청남도 서산시 부석면 지산리 150-2,36.68332476,126.4252593,,정상가동,97.92,380,60,2018,,2018-04-30,충청남도 서산시청,,2025-06-17
(주)혜성태양광운산4호 태양광발전소,,충청남도 서산시 부석면 지산리 150-38,36.68170002,126.4264683,,정상가동,97.92,380,60,2018,,2018-04-30,충청남도 서산시청,,2025-06-17
(주)혜성태양광운산7호 태양광발전소,,충청남도 서산시 부석면 지산리 150-2,36.68332476,126.4252593,,정상가동,97.92,380,60,2018,,2018-04-30,충청남도 서산시청,,2025-06-17
(주)혜성태양광운산2호 태양광발전소,,충청남도 서산시 부석면 지산리 150-33,36.6816877,126.4261025,,정상가동,97.92,380,60,2018,,2018-04-30,충청남도 서산시청,,2025-06-17
혜성태양광운산4호 태양광발전소,,충청남도 서산시 부석면 지산리 150-34,36.68157475,126.4256887,,정상가동,97.92,380,60,2018,,2018-04-30,충청남도 서산시청,,2025-06-17
(주)혜성태양광운산8호 태양광발전소,,"충청남도 서산시 부석면 지산리 150-19,115-76",36.68201357,126.4255986,,정상가동,97.92,380,60,2018,,2018-04-30,충청남도 서산시청,,2025-06-17
(주)혜성태양광운산5호 태양광발전소,,충청남도 서산시 부석면 지산리 150-2,36.68332476,126.4252593,,정상가동,97.92,380,60,2018,,2018-04-30,충청남도 서산시청,,2025-06-17
운산25호 태양광발전소,,충청남도 서산시 부석면 지산리 150-9,36.68318758,126.4266508,,정상가동,97.92,380,60,2018,,2018-04-30,충청남도 서산시청,,2025-06-17
(주)혜성태양광운산6호 태양광발전소,,충청남도 서산시 부석면 지산리 150-2,36.68332476,126.4252593,,정상가동,97.92,380,60,2018,,2018-04-30,충청남도 서산시청,,2025-06-17
재성 태양광발전소,,충청남도 서산시 부석면 지산리 150-28,36.6820257,126.4261615,,정상가동,99.36,380,60,2018,,2018-04-19,충청남도 서산시청,,2025-06-17
왕정발전1호 태양광발전소,,충청남도 서산시 부석면 지산리 150-2,36.68332476,126.4252593,,정상가동,90.72,380,60,2018,,2018-04-19,충청남도 서산시청,,2025-06-17
운산7호 태양광발전소,,충청남도 서산시 부석면 지산리 150-5,36.68351541,126.4259605,,정상가동,97.92,380,60,2018,,2018-04-06,충청남도 서산시청,,2025-06-17
운산2호 태양광발전소,,충청남도 서산시 부석면 지산리 150-7,36.68326382,126.4259036,,정상가동,97.92,380,60,2018,,2018-04-06,충청남도 서산시청,,2025-06-17
운산8호 태양광발전소,,충청남도 서산시 부석면 지산리 150-10,36.68297529,126.4255058,,정상가동,97.92,380,60,2018,,2018-04-06,충청남도 서산시청,,2025-06-17
운산3호 태양광발전소,,"충청남도 서산시 부석면 지산리 150-18,115-77",36.68190658,126.425607,,정상가동,97.92,380,60,2018,,2018-04-06,충청남도 서산시청,,2025-06-17
운산9호 태양광발전소,,충청남도 서산시 성연면 명천리 431-1,36.84258228,126.4909002,,정상가동,97.92,380,60,2018,,2018-04-06,충청남도 서산시청,,2025-06-17
운산4호 태양광발전소,,"충청남도 서산시 덕지천동 42, 43, 43-1, 43-2, 43-4, 43-5, 43-7, 45, 45-2",36.7386146,126.5030507,,정상가동,97.92,380,60,2018,,2018-04-06,충청남도 서산시청,,2025-06-17
운산5호 태양광발전소,,충청남도 서산시 해미면 홍천리 642-26,36.74382866,126.5352462,,가동중단,97.92,380,60,2018,,2018-04-06,충청남도 서산시청,,2025-06-17
운산12호 태양광발전소,,"충청남도 서산시 고북면 봉생리 168-10, 169-1",36.64512029,126.4998599,,정상가동,97.92,380,60,2018,,2018-04-06,충청남도 서산시청,,2025-06-17
운산13호 태양광발전소,,충청남도 서산시 팔봉면 호리 455-7,36.84014997,126.3376982,,정상가동,97.92,380,60,2018,,2018-04-06,충청남도 서산시청,,2025-06-17
운산14호 태양광발전소,,충청남도 서산시 팔봉면 호리 455-7,36.84014997,126.3376982,,정상가동,97.92,380,60,2018,,2018-04-06,충청남도 서산시청,,2025-06-17
운산15호 태양광발전소,,충청남도 서산시 팔봉면 호리 455-7,36.84014997,126.3376982,,정상가동,97.92,380,60,2018,,2018-04-06,충청남도 서산시청,,2025-06-17
운산16호 태양광발전소,,"충청남도 서산시 대산읍 운산리 486-49, 486-50, 486-51",36.9732747,126.4565526,,정상가동,97.92,380,60,2018,,2018-04-06,충청남도 서산시청,,2025-06-17
운산17호 태양광발전소,,"충청남도 서산시 대산읍 운산리 1-180, 1-233",36.93225067,126.4736756,,정상가동,97.92,380,60,2018,,2018-04-06,충청남도 서산시청,,2025-06-17
운산18호 태양광발전소,,"충청남도 서산시 대산읍 운산리 1-180, 1-233",36.93225067,126.4736756,,정상가동,97.92,380,60,2018,,2018-04-06,충청남도 서산시청,,2025-06-17
혜성운산1호 태양광발전소,,충청남도 서산시 대산읍 기은리 773-1,36.96183467,126.3831204,,정상가동,97.92,380,60,2018,,2018-04-06,충청남도 서산시청,,2025-06-17
운산19호 태양광발전소,,충청남도 서산시 대산읍 기은리 773-1,36.96183467,126.3831204,,정상가동,97.92,380,60,2018,,2018-04-06,충청남도 서산시청,,2025-06-17
혜성운산2호 태양광발전소,,충청남도 서산시 지곡면 환성리 844-84,36.91993778,126.4170559,,정상가동,97.92,380,60,2018,,2018-04-06,충청남도 서산시청,,2025-06-17
(주)혜성태양광운산1호 태양광발전소,,충청남도 서산시 지곡면 환성리 844-85,36.91990327,126.4176462,,정상가동,97.92,380,60,2018,,2018-04-06,충청남도 서산시청,,2025-06-17
운산1호 태양광발전소,,충청남도 서산시 지곡면 환성리 844-86,36.9202287,126.4176695,,정상가동,97.92,380,60,2018,,2018-04-06,충청남도 서산시청,,2025-06-17
운산6호 태양광발전소,,충청남도 서산시 지곡면 환성리 844-83,36.92026459,126.4171124,,정상가동,97.92,380,60,2018,,2018-04-06,충청남도 서산시청,,2025-06-17
운산11호 태양광발전소,,"충청남도 서산시 지곡면 환성리 844-17, 844-87",36.92073949,126.417552,,정상가동,97.92,380,60,2018,,2018-04-06,충청남도 서산시청,,2025-06-17
(주)혜성태양광운산3호 태양광발전소,,충청남도 서산시 지곡면 환성리 844-79,36.92031219,126.416244,,정상가동,97.92,380,60,2018,,2018-04-06,충청남도 서산시청,,2025-06-17
혜성운산4호 태양광발전소,,충청남도 서산시 지곡면 환성리 844-80,36.92091663,126.4163126,,정상가동,97.92,380,60,2018,,2018-04-06,충청남도 서산시청,,2025-06-17
문영 태양광발전소,,충청남도 서산시 지곡면 환성리 844-81,36.92144938,126.4163643,,정상가동,99.36,380,60,2018,,2018-04-02,충청남도 서산시청,,2025-06-17
대산솔라 태양광발전소,,충청남도 서산시 지곡면 환성리 844-78,36.92067452,126.4151344,,정상가동,99.36,380,60,2018,,2018-04-02,충청남도 서산시청,,2025-06-17
시현파워 태양광발전소,,충청남도 서산시 지곡면 환성리 844-77,36.92105746,126.4152034,,정상가동,99.36,380,60,2018,,2018-04-02,충청남도 서산시청,,2025-06-17
불지 태양광발전소,,충청남도 서산시 지곡면 환성리 844-5,36.92168006,126.4155868,,정상가동,99.36,380,60,2018,,2018-04-02,충청남도 서산시청,,2025-06-17
진원1 태양광발전소,,충청남도 서산시 지곡면 환성리 844-82,36.92083221,126.417059,,정상가동,99.36,380,60,2018,,2018-04-02,충청남도 서산시청,,2025-06-17
지곡1 태양광 발전소,,충청남도 서산시 해미면 산수리 329-11호,,,,가동중단,96,380,60,2018,,2018-04-02,충청남도 서산시청,,2025-06-17
지곡2 태양광 발전소,,충청남도 서산시 부석면 강당리 산 191-9,,,,가동중단,96,380,60,2018,,2018-04-02,충청남도 서산시청,,2025-06-17
지곡3 태양광 발전소,,충청남도 서산시 부석면 강당리 산 191-9,,,,가동중단,96,380,60,2018,,2018-04-02,충청남도 서산시청,,2025-06-17
지곡4 태양광 발전소,,"충청남도 서산시 부석면 강당리 86-126, 86-138, 86-152",36.65604615,126.4130519,,가동중단,96,380,60,2018,,2018-04-02,충청남도 서산시청,,2025-06-17
지곡5 태양광 발전소,,충청남도 서산시 부석면 강당리 산 191-9,,,,가동중단,96,380,60,2018,,2018-04-02,충청남도 서산시청,,2025-06-17
건영 태양광발전소,,"충청남도 서산시 부석면 강당리 산 191-9, 86-52",,,,정상가동,97.92,380,60,2018,,2018-03-26,충청남도 서산시청,,2025-06-17
도당15호 태양광발전소,,"충청남도 서산시 부석면 강당리 산 191-8, 86-52",,,,정상가동,97.92,380,60,2018,,2018-03-26,충청남도 서산시청,,2025-06-17
도당2호 태양광발전소,,"충청남도 서산시 부석면 강당리 산 191-9, 86-52",,,,정상가동,97.92,380,60,2018,,2018-03-26,충청남도 서산시청,,2025-06-17
해듬 태양광발전소,,"충청남도 서산시 부석면 강당리 산 191-9, 86-52",,,,정상가동,97.92,380,60,2018,,2018-03-26,충청남도 서산시청,,2025-06-17
혜성도당1호 태양광 발전소,,충청남도 서산시 부석면 강당리 산 191-9,,,,정상가동,97.92,380,60,2018,,2018-03-26,충청남도 서산시청,,2025-06-17
도당11호 태양광 발전소,,"충청남도 서산시 부석면 강당리 산 191-9, 86-52, 86-54",,,,정상가동,97.92,380,60,2018,,2018-03-26,충청남도 서산시청,,2025-06-17
현진 태양광발전소,,"충청남도 서산시 부석면 강당리 산 191-9, 86-52",,,,정상가동,97.92,380,60,2018,,2018-03-26,충청남도 서산시청,,2025-06-17
서해 태양광발전소,,충청남도 서산시 부석면 강당리 86-148,36.65462717,126.4126771,,정상가동,97.92,380,60,2018,,2018-03-26,충청남도 서산시청,,2025-06-17
도당12호 태양광 발전소,,"충청남도 서산시 부석면 강당리 86-52, 86-54",36.65653621,126.4127953,,정상가동,97.92,380,60,2018,,2018-03-26,충청남도 서산시청,,2025-06-17
도당13호 태양광발전소,,"충청남도 서산시 부석면 강당리 86-76, 86-124, 86-130",36.65579308,126.4122315,,정상가동,97.92,380,60,2018,,2018-03-26,충청남도 서산시청,,2025-06-17
혜성도당4호 태양광발전소,,충청남도 서산시 대산읍 대로리 883-4,36.94444475,126.3897983,,정상가동,97.92,380,60,2018,,2018-03-26,충청남도 서산시청,,2025-06-17
도당14호 태양광발전소,,충청남도 서산시 대산읍 대로리 883-1,36.9446106,126.3895612,,정상가동,97.92,380,60,2018,,2018-03-26,충청남도 서산시청,,2025-06-17
도당3호 태양광 발전소,,충청남도 서산시 대산읍 대로리 883-1,36.9446106,126.3895612,,정상가동,97.92,380,60,2018,,2018-03-26,충청남도 서산시청,,2025-06-17
도당4호 태양광발전소,,충청남도 서산시 대산읍 대로리 883-1,36.9446106,126.3895612,,정상가동,97.92,380,60,2018,,2018-03-26,충청남도 서산시청,,2025-06-17
도당16호 태양광발전소,,충청남도 서산시 대산읍 대로리 883-1,36.9446106,126.3895612,,정상가동,97.92,380,60,2018,,2018-03-26,충청남도 서산시청,,2025-06-17
도당17호 태양광발전소,,충청남도 서산시 해미면 산수리 305번지 5호 (건물 위),,,,정상가동,97.92,380,60,2018,,2018-03-26,충청남도 서산시청,,2025-06-17
도당5호 태양광발전소,,"충청남도 서산시 대산읍 운산리 486-37, 486-40",36.9773698,126.4514859,,정상가동,97.92,380,60,2018,,2018-03-26,충청남도 서산시청,,2025-06-17
해리8호 태양광발전소,,"충청남도 서산시 대산읍 운산리 486-38, 486-42",36.97613741,126.4501495,,정상가동,498.48,380,60,2018,,2018-03-15,충청남도 서산시청,,2025-06-17
해리10호 태양광발전소,,"충청남도 서산시 대산읍 운산리 486-42, 486-52",,,,정상가동,434.16,380,60,2018,,2018-03-15,충청남도 서산시청,,2025-06-17
해리9호 태양광발전소,,충청남도 서산시 대산읍 운산리 486-112,36.97569734,126.4507099,,정상가동,498.48,380,60,2018,,2018-03-15,충청남도 서산시청,,2025-06-17
동진2호 태양광발전소,,충청남도 서산시 대산읍 운산리 486-109,36.97519162,126.4499353,,정상가동,498.48,380,60,2018,,2018-03-15,충청남도 서산시청,,2025-06-17
해리7호 태양광발전소,,충청남도 서산시 대산읍 운산리 486-52,36.97595932,126.4506936,,정상가동,498.48,380,60,2018,,2018-03-15,충청남도 서산시청,,2025-06-17
해리6호 태양광발전소,,충청남도 서산시 지곡면 무장리 1700번지,,,,정상가동,498.48,380,60,2018,,2018-03-15,충청남도 서산시청,,2025-06-17
해리5호 태양광발전소,,"충청남도 서산시 고북면 사기리 425 ,422,418,417,423-2,44-1,44-2",36.64820185,126.4907749,,정상가동,498.48,380,60,2018,,2018-03-15,충청남도 서산시청,,2025-06-17
해리4호 태양광발전소,,"충청남도 서산시 부석면 창리 33-2 ,33-3,33-9,33-10",36.64380128,126.3691919,,정상가동,498.48,380,60,2018,,2018-03-15,충청남도 서산시청,,2025-06-17
하느을 태양광발전소,,충청남도 서산시 부석면 마룡리 773 772,,,,가동중단,95.04,380,60,2018,,2018-03-13,충청남도 서산시청,,2025-06-17
삼원 태양광발전소,,충청남도 서산시 대산읍 영탑리 841-4,36.92396563,126.4203364,,가동중단,99,380,60,2018,,2018-02-26,충청남도 서산시청,,2025-06-17
913 태양광발전소,,"충청남도 서산시 성연면 명천리 581 공장동 가,라동",,,,가동중단,147.56,380,60,2018,,2018-02-20,충청남도 서산시청,,2025-06-17
용지2 태양광 발전소,,충청남도 서산시 부석면 강당리 산 76,36.67692541,126.3973297,,정상가동,269.28,380,60,2018,,2018-02-09,충청남도 서산시청,,2025-06-17
용지1 태양광발전소,,"충청남도 서산시 부석면 강당리 산 78-1 ,1040-2",36.67737332,126.3959276,,정상가동,299.88,380,380,2018,,2018-02-09,충청남도 서산시청,,2025-06-17
드림솔라 부장5호 태양광발전소,,"충청남도 서산시 대산읍 운산리 508-5 ,508-12,508-15",36.97226915,126.4486615,,가동중단,493,380,60,2018,,2018-02-09,충청남도 서산시청,,2025-06-17
덕년태양광 부장4호 태양광 발전소,,"충청남도 서산시 대산읍 운산리 508-5 508-9,508-10,508-11,508-12.508-13.508-14",,,,가동중단,499.5,380,60,2018,,2018-02-09,충청남도 서산시청,,2025-06-17
(주)다니엘 부장3호 태양광발전소,,"충청남도 서산시 대산읍 운산리 508-5 ,508-9,508-12,508-13,508-14,508-15",36.97226915,126.4486615,,가동중단,499.5,380,60,2018,,2018-02-09,충청남도 서산시청,,2025-06-17
원주태양광 부장2호 태양광발전소,,충청남도 서산시 대산읍 운산리 산 55-10,,,,가동중단,406.3,380,60,2018,,2018-02-09,충청남도 서산시청,,2025-06-17
(상인태양광)부장1호 태양광발전소,,충청남도 서산시 대산읍 독곶리 569-13 569-85,,,,가동중단,399.6,380,60,2018,,2018-02-09,충청남도 서산시청,,2025-06-17
양길1호 태양광발전소,,"충청남도 서산시 팔봉면 어송리 산 39-20 553,553-1,593-10",,,,가동중단,97.92,380,60,2018,,2018-01-22,충청남도 서산시청,,2025-06-17
경기 태양광발전소,,충청남도 서산시 음암면 도당리 1119-15,36.8121762,126.5141993,,정상가동,95.04,380,60,2018,,2018-01-08,충청남도 서산시청,,2025-06-17
정자리4호 태양광발전소,,충청남도 서산시 음암면 도당리 1108,36.81184516,126.5131254,,정상가동,48,380,60,2018,,2018-01-08,충청남도 서산시청,,2025-06-17
운산3호 태양광발전소,,충청남도 서산시 지곡면 환성리 777-102,36.92177802,126.4269388,,가동중단,836.16,380,60,2017,,2017-12-26,충청남도 서산시청,,2025-06-17
운산2호 태양광발전소,,충청남도 서산시 지곡면 환성리 777-102,36.92177802,126.4269388,,가동중단,862.96,380,60,2017,,2017-12-26,충청남도 서산시청,,2025-06-17
운산1호 태양광발전소,,"충청남도 서산시 팔봉면 호리 455-6,-7",36.84072009,126.3372519,,가동중단,745.04,380,60,2017,,2017-12-26,충청남도 서산시청,,2025-06-17
환성1호 태양광발전소,,충청남도 서산시 팔봉면 호리 355-11,36.83983161,126.3334082,,정상가동,750.4,380,60,2017,,2017-12-13,충청남도 서산시청,,2025-06-17
㈜제이더블유사모6호 태양광발전소,,"충청남도 서산시 팔봉면 호리 455-5,-6,-7",36.84114564,126.3376046,,정상가동,997.56,380,60,2017,,2017-12-01,충청남도 서산시청,,2025-06-17
㈜제이더블유사모5호 태양광발전소,,충청남도 서산시 팔봉면 호리 455-7,36.84014997,126.3376982,,정상가동,997.56,380,60,2017,,2017-12-01,충청남도 서산시청,,2025-06-17
㈜제이더블유사모4호 태양광발전소,,충청남도 서산시 팔봉면 호리 455-7,36.84014997,126.3376982,,정상가동,997.56,380,60,2017,,2017-12-01,충청남도 서산시청,,2025-06-17
창동 태양광발전소,,충청남도 서산시 팔봉면 호리 455-7,36.84014997,126.3376982,,가동중단,999.01,380,60,2017,,2017-11-17,충청남도 서산시청,,2025-06-17
한만소 태양광발전소,,충청남도 서산시 팔봉면 호리 455-7,36.84014997,126.3376982,,가동중단,902.88,380,60,2017,,2017-11-08,충청남도 서산시청,,2025-06-17
미다스에너지(주) 태양광발전소,,충청남도 서산시 음암면 상홍리 516-1,36.80380081,126.4959146,,가동중단,999.6,380,60,2017,,2017-10-30,충청남도 서산시청,,2025-06-17
청명에너지(주) 태양광발전소,충청남도 서산시 고북면 고북4로 366,,36.65137591,126.501388,,가동중단,999.6,380,60,2017,,2017-10-30,충청남도 서산시청,,2025-06-17
지산 태양광발전소,,충청남도 서산시 고북면 사기리 50-20,36.64771746,126.4955202,,가동중단,998.63,380,60,2017,,2017-08-31,충청남도 서산시청,,2025-06-17
지산 태양광발전소,,충청남도 서산시 고북면 사기리 50-4,36.64760367,126.4949782,,정상가동,997.2,380,60,2017,,2017-07-24,충청남도 서산시청,,2025-06-17
에덴에너지 태양광발전소,충청남도 서산시 고북면 고북4로 366,,36.65137591,126.501388,,정상가동,999.6,380,60,2017,,2017-05-29,충청남도 서산시청,,2025-06-17
서산음암 태양광발전소,충청남도 서산시 고북면 고북4로 366,,36.65137591,126.501388,,가동중단,999.6,380,60,2017,,2017-03-02,충청남도 서산시청,,2025-06-17
서산상홍 태양광발전소,충청남도 서산시 고북면 고북4로 366,,36.65137591,126.501388,,가동중단,999.6,380,60,2017,,2017-03-02,충청남도 서산시청,,2025-06-17
서산중앙 태양광발전소,충청남도 서산시 고북면 고북4로 366,,36.65137591,126.501388,,가동중단,999.6,380,60,2017,,2017-03-02,충청남도 서산시청,,2025-06-17
(유)넥스파워 태양광,충청남도 서산시 고북면 고북4로 366,,36.65137591,126.501388,,가동중단,996.48,380,60,2017,,2017-02-08,충청남도 서산시청,,2025-06-17
썬샤인에너지제2  태양광발전소,,충청남도 서산시 고북면 사기리 506,,,,정상가동,801.72,380,60,2017,,2017-02-06,충청남도 서산시청,,2025-06-17
(주)환성3호 태양광발전소,,충청남도 서산시 고북면 사기리 50,36.64889835,126.4963492,,정상가동,787.92,22900,60,2017,,2017-12-13,충청남도 서산시청,,2025-06-17
마룡18호 태양광발전소,,충청남도 서산시 팔봉면 흑석리 산 73-17,,,,가동중단,99.36,380,60,2017,,2017-07-21,충청남도 서산시청,,2025-06-17
마룡17호 태양광발전소,,충청남도 서산시 팔봉면 흑석리 산 73-17,,,,가동중단,99.36,380,60,2017,,2017-07-21,충청남도 서산시청,,2025-06-17
마룡16호 태양광발전소,,"충청남도 서산시 팔봉면 흑석리 산73-16, 73-17",,,,가동중단,99.36,380,60,2017,,2017-07-21,충청남도 서산시청,,2025-06-17
마룡15호 태양광발전소,,"충청남도 서산시 팔봉면 흑석리 산73-13, 73-17",,,,가동중단,99.36,380,60,2017,,2017-07-21,충청남도 서산시청,,2025-06-17
마룡14호 태양광발전소,,"충청남도 서산시 팔봉면 흑석리 산73-16, 73-17",,,,가동중단,99.28,380,60,2017,,2017-07-21,충청남도 서산시청,,2025-06-17
마룡13호 태양광발전소,,충청남도 서산시 팔봉면 흑석리 산 73-13,,,,가동중단,99.28,380,60,2017,,2017-07-21,충청남도 서산시청,,2025-06-17
마룡12호 태양광발전소,,"충청남도 서산시 팔봉면 흑석리 산73-13, -17",,,,가동중단,99.28,380,60,2017,,2017-07-21,충청남도 서산시청,,2025-06-17
마룡11호 태양광발전소,,"충청남도 서산시 팔봉면 흑석리 566-4, 산73-13",36.85084432,126.3684839,,가동중단,99.28,380,60,2017,,2017-07-21,충청남도 서산시청,,2025-06-17
마룡10호 태양광발전소,,충청남도 서산시 팔봉면 흑석리 566-4,36.85084432,126.3684839,,가동중단,99.28,380,60,2017,,2017-07-21,충청남도 서산시청,,2025-06-17
마룡9호 태양광발전소,,"충청남도 서산시 팔봉면 흑석리 산73-13, -16, -17",,,,가동중단,99.28,380,60,2017,,2017-07-21,충청남도 서산시청,,2025-06-17
마룡8호 태양광발전소,,"충청남도 서산시 팔봉면 흑석리 566-4, 산73-13",36.85084432,126.3684839,,가동중단,99.28,380,60,2017,,2017-07-21,충청남도 서산시청,,2025-06-17
마룡7호 태양광발전소,,충청남도 서산시 팔봉면 흑석리 566-4,36.85084432,126.3684839,,가동중단,99.28,380,60,2017,,2017-07-21,충청남도 서산시청,,2025-06-17
마룡6호 태양광발전소,,충청남도 서산시 팔봉면 흑석리 566-4,36.85084432,126.3684839,,가동중단,99.28,380,60,2017,,2017-07-21,충청남도 서산시청,,2025-06-17
마룡5호 태양광발전소,,충청남도 서산시 팔봉면 흑석리 566-4,36.85084432,126.3684839,,가동중단,99.28,380,60,2017,,2017-07-21,충청남도 서산시청,,2025-06-17
마룡4호 태양광발전소,,충청남도 서산시 팔봉면 흑석리 566-4,36.85084432,126.3684839,,가동중단,99.28,380,60,2017,,2017-07-21,충청남도 서산시청,,2025-06-17
마룡3호 태양광발전소,,충청남도 서산시 지곡면 환성리 777-90,36.92160908,126.4268732,,가동중단,99.28,380,60,2017,,2017-07-21,충청남도 서산시청,,2025-06-17
마룡2호 태양광발전소,,충청남도 서산시 팔봉면 대황리 36,36.84163334,126.3912542,,정상가동,99.28,380,60,2017,,2017-07-21,충청남도 서산시청,,2025-06-17
마룡1호 태양광발전소,,충청남도 서산시 대산읍 영탑리 산 197-10,,,,가동중단,198.56,380,60,2017,,2017-07-21,충청남도 서산시청,,2025-06-17
마룡 태양광발전소,,충청남도 서산시 대산읍 영탑리 산 197-10,,,,가동중단,198.56,380,60,2017,,2017-07-21,충청남도 서산시청,,2025-06-17
동원서원 태양광발전소 1호,,"충청남도 서산시 대산읍 영탑리 390-3, 산197-10",36.9146381,126.4448524,,가동중단,28.8,380,60,2017,,2017-07-21,충청남도 서산시청,,2025-06-17
해미중앙로 태양광발전소,,충청남도 서산시 성연면 일람리 335-6,36.82234138,126.4434737,,정상가동,48.6,380,60,2017,,2017-07-21,충청남도 서산시청,,2025-06-17
원벌 태양광발전소,,충청남도 서산시 운산면 수평리 329-1,36.81320451,126.6135428,,가동중단,95.76,380,60,2017,,2017-07-21,충청남도 서산시청,,2025-06-17
하나빌 태양광발전소,,충청남도 서산시 운산면 수평리 329-1,36.81320451,126.6135428,,정상가동,27.2,380,60,2017,,2017-07-21,충청남도 서산시청,,2025-06-17
기포6호 태양광발전소,,충청남도 서산시 운산면 수평리 329-1,36.81320451,126.6135428,,정상가동,98.49,380,60,2017,,2017-07-21,충청남도 서산시청,,2025-06-17
기포5호 태양광발전소,,충청남도 서산시 운산면 수평리 329-1,36.81320451,126.6135428,,정상가동,98.49,380,60,2017,,2017-07-21,충청남도 서산시청,,2025-06-17
기포3호 태양광발전소,,충청남도 서산시 해미면 웅소성리 4-20,36.73680562,126.5144466,,정상가동,98.49,380,60,2017,,2017-07-21,충청남도 서산시청,,2025-06-17
기포2호 태양광발전소,,충청남도 서산시 운산면 고산리 253-2,36.79508989,126.6262052,,정상가동,98.49,380,60,2017,,2017-07-21,충청남도 서산시청,,2025-06-17
기포1호 태양광발전소,,충청남도 서산시 운산면 고산리 253-2,36.79508989,126.6262052,,정상가동,98.49,380,60,2017,,2017-07-21,충청남도 서산시청,,2025-06-17
대명 태양광발전소,,충청남도 서산시 음암면 부장리 453-3,36.77687526,126.5134476,,정상가동,399,380,60,2017,,2017-07-13,충청남도 서산시청,,2025-06-17
(유)두힘에너지 태양광발전소,,"충청남도 서산시 부석면 지산리 산 111-3, 115-70",,,,가동중단,99.2,380,60,2017,,2017-07-13,충청남도 서산시청,,2025-06-17
(유)큰재에너지 태양광발전소,,충청남도 서산시 부석면 지산리 산 111-3,,,,가동중단,99.2,380,60,2017,,2017-07-13,충청남도 서산시청,,2025-06-17
(유)나예에너지 태양광발전소,,충청남도 서산시 부석면 지산리 산 111-3,,,,가동중단,99.2,380,60,2017,,2017-07-13,충청남도 서산시청,,2025-06-17
(유)참태양광 태양광발전소,,충청남도 서산시 부석면 지산리 산 111-3,,,,가동중단,99.2,380,60,2017,,2017-07-13,충청남도 서산시청,,2025-06-17
(유)나빛에너지 태양광발전소,,충청남도 서산시 부석면 지산리 산 111-3,,,,가동중단,99.2,380,60,2017,,2017-07-13,충청남도 서산시청,,2025-06-17
(유)키움태양광 태양광발전소,,충청남도 서산시 부석면 강당리 산 189,,,,가동중단,99.2,380,60,2017,,2017-07-13,충청남도 서산시청,,2025-06-17
(유)재찬에너지 태양광발전소,,충청남도 서산시 부석면 강당리 95-10,36.65651591,126.4142904,,가동중단,99.2,380,60,2017,,2017-07-13,충청남도 서산시청,,2025-06-17
(유)진샘에너지 태양광발전소,,충청남도 서산시 부석면 강당리 95-10,36.65651591,126.4142904,,가동중단,99.2,380,60,2017,,2017-07-13,충청남도 서산시청,,2025-06-17
(유)은새에너지 태양광발전소,,충청남도 서산시 부석면 강당리 95-16,36.65603169,126.4152119,,가동중단,99.2,380,60,2017,,2017-07-13,충청남도 서산시청,,2025-06-17
(유)찬늘에너지 태양광발전소,,충청남도 서산시 부석면 강당리 95-15,36.6560188,126.4148069,,가동중단,99.2,380,60,2017,,2017-07-13,충청남도 서산시청,,2025-06-17
(유) 나래울에너지 태양광발전소,,충청남도 서산시 부석면 강당리 95-14,36.6560034,126.4144174,,가동중단,99.2,380,60,2017,,2017-07-13,충청남도 서산시청,,2025-06-17
동백1호 태양광발전소,,충청남도 서산시 부석면 강당리 95-13,36.65601262,126.4139772,,정상가동,198.45,380,60,2017,,2017-07-06,충청남도 서산시청,,2025-06-17
봉산7 태양광발전소,,충청남도 서산시 부석면 강당리 95-12,36.6561166,126.4136385,,정상가동,249.66,380,60,2017,,2017-07-06,충청남도 서산시청,,2025-06-17
봉산6 태양광발전소,,충청남도 서산시 부석면 강당리 95-28,36.65522313,126.4154771,,가동중단,398.16,380,60,2017,,2017-07-06,충청남도 서산시청,,2025-06-17
동백2 태양광발전소,,충청남도 서산시 부석면 강당리 95-17,36.65570178,126.4153397,,정상가동,198.45,380,60,2017,,2017-07-06,충청남도 서산시청,,2025-06-17
동백3 태양광발전소,,충청남도 서산시 부석면 강당리 95-27,36.65522106,126.4150927,,정상가동,99.23,380,60,2017,,2017-07-06,충청남도 서산시청,,2025-06-17
동백4 태양광발전소,,충청남도 서산시 부석면 강당리 95-18,36.65564482,126.4148947,,정상가동,99.23,380,60,2017,,2017-07-06,충청남도 서산시청,,2025-06-17
솔로몬 태양광발전소,,충청남도 서산시 부석면 강당리 95-26,36.65521921,126.4147182,,가동중단,97.92,380,60,2017,,2017-06-28,충청남도 서산시청,,2025-06-17
은하수 태양광발전소,,충청남도 서산시 부석면 강당리 95-19,36.65564256,126.4144481,,가동중단,499.82,380,60,2017,,2017-06-28,충청남도 서산시청,,2025-06-17
동화 태양광발전소,,충청남도 서산시 부석면 강당리 95-25,36.6552174,126.4143437,,가동중단,499.82,380,60,2017,,2017-06-28,충청남도 서산시청,,2025-06-17
해오름 태양광발전소,,충청남도 서산시 부석면 강당리 95-24,36.65521551,126.4139704,,가동중단,97.92,380,60,2017,,2017-06-28,충청남도 서산시청,,2025-06-17
서산솔라2호 태양광발전소,,충청남도 서산시 부석면 강당리 95-20,36.6556341,126.4139485,,가동중단,97.92,380,60,2017,,2017-06-28,충청남도 서산시청,,2025-06-17
물망초 태양광발전소,,충청남도 서산시 부석면 강당리 95-23,36.65521401,126.4135982,,가동중단,97.92,380,60,2017,,2017-06-28,충청남도 서산시청,,2025-06-17
태양1호 태양광발전소,,충청남도 서산시 부석면 강당리 95-21,36.65562596,126.4135036,,가동중단,97.92,380,60,2017,,2017-06-28,충청남도 서산시청,,2025-06-17
밤톨2호 태양광발전소,,충청남도 서산시 부석면 강당리 95-22,36.65521292,126.4132296,,가동중단,97.92,380,60,2017,,2017-06-28,충청남도 서산시청,,2025-06-17
서산솔라3호 태양광발전소,,충청남도 서산시 부석면 강당리 산 189,,,,가동중단,97.92,380,60,2017,,2017-06-28,충청남도 서산시청,,2025-06-17
웅소성ONE 태양광발전소,,충청남도 서산시 부석면 강당리 95-35,36.65481289,126.4131618,,가동중단,97.92,380,60,2017,,2017-06-28,충청남도 서산시청,,2025-06-17
서산솔라1호 태양광발전소,,충청남도 서산시 부석면 강당리 95-38,36.654459,126.413207,,가동중단,97.92,380,60,2017,,2017-06-28,충청남도 서산시청,,2025-06-17
하니1호 태양광발전소,,충청남도 서산시 부석면 강당리 95-34,36.65481461,126.4135641,,가동중단,99.23,380,60,2017,,2017-06-21,충청남도 서산시청,,2025-06-17
석이 태양광 발전소,,충청남도 서산시 부석면 강당리 95-39,36.65442071,126.4137113,,가동중단,99.23,380,60,2017,,2017-06-21,충청남도 서산시청,,2025-06-17
하니2호 태양광발전소,,충청남도 서산시 부석면 강당리 95-33,36.65481689,126.4139665,,가동중단,99.23,380,60,2017,,2017-06-21,충청남도 서산시청,,2025-06-17
사기리2호 태양광발전소,,충청남도 서산시 부석면 강당리 95-40,36.65439228,126.4141319,,가동중단,99.23,380,60,2017,,2017-06-21,충청남도 서산시청,,2025-06-17
거제솔라 발전소,,충청남도 서산시 부석면 강당리 95-32,36.65481828,126.4143689,,정상가동,99.23,380,60,2017,,2017-06-12,충청남도 서산시청,,2025-06-17
여원솔라 서산,,충청남도 서산시 부석면 강당리 95-41,36.65439359,126.4145414,,정상가동,99.23,380,60,2017,,2017-06-12,충청남도 서산시청,,2025-06-17
영인에너지 발전소,,충청남도 서산시 부석면 강당리 95-31,36.6548205,126.4147713,,정상가동,99.23,380,60,2017,,2017-06-12,충청남도 서산시청,,2025-06-17
낙원1 태양광발전소,,충청남도 서산시 부석면 강당리 95-42,36.65439671,126.4150079,,정상가동,99.23,380,60,2017,,2017-06-12,충청남도 서산시청,,2025-06-17
해드림2 발전소,,충청남도 서산시 부석면 강당리 95-30,36.65482267,126.4151737,,정상가동,99.23,380,60,2017,,2017-06-12,충청남도 서산시청,,2025-06-17
알파에너지 발전소,,충청남도 서산시 부석면 강당리 95-43,36.65439872,126.4154172,,정상가동,99.23,380,60,2017,,2017-06-12,충청남도 서산시청,,2025-06-17
파파햇빛 태양광2호기,,충청남도 서산시 부석면 강당리 95-29,36.65488143,126.4155817,,정상가동,65.52,380,60,2017,,2017-06-12,충청남도 서산시청,,2025-06-17
거제파워 발전소,,충청남도 서산시 부석면 강당리 95-47,36.6539248,126.4140703,,정상가동,99.23,380,60,2017,,2017-06-12,충청남도 서산시청,,2025-06-17
해드림3 발전소,,충청남도 서산시 부석면 강당리 95-46,36.65393104,126.4143932,,정상가동,99.23,380,60,2017,,2017-06-12,충청남도 서산시청,,2025-06-17
해드림1 발전소,,충청남도 서산시 부석면 강당리 95-45,36.65392017,126.4147029,,정상가동,99.23,380,60,2017,,2017-06-12,충청남도 서산시청,,2025-06-17
우리발전소,,충청남도 서산시 부석면 강당리 95-44,36.65391294,126.4150007,,정상가동,32.64,380,60,2017,,2017-06-12,충청남도 서산시청,,2025-06-17
정자리2 태양광발전소,,"충청남도 서산시 운산면 수평리 329-3, 329-4",36.8111155,126.613284,,가동중단,163.2,380,60,2017,,2017-06-12,충청남도 서산시청,,2025-06-17
율목3호 태양광 발전소,,충청남도 서산시 운산면 수평리 329-1,36.81320451,126.6135428,,가동중단,96.48,380,60,2017,,2017-06-12,충청남도 서산시청,,2025-06-17
신장리 태양광발전소,,충청남도 서산시 운산면 수평리 329-1,36.81320451,126.6135428,,정상가동,99.23,380,60,2017,,2017-06-12,충청남도 서산시청,,2025-06-17
강수8호 태양광발전소,,충청남도 서산시 운산면 수평리 329-1,36.81320451,126.6135428,,가동중단,99.36,380,60,2017,,2017-06-07,충청남도 서산시청,,2025-06-17
강수7호 태양광발전소,,충청남도 서산시 운산면 수평리 329-1,36.81320451,126.6135428,,가동중단,99.36,380,60,2017,,2017-06-07,충청남도 서산시청,,2025-06-17
강수6호 태양광발전소,,충청남도 서산시 운산면 수평리 329-1,36.81320451,126.6135428,,가동중단,99.36,380,60,2017,,2017-06-07,충청남도 서산시청,,2025-06-17
강수5호 태양광발전소,,"충청남도 서산시 운산면 수평리 329-2, 329-3",36.81018896,126.6134989,,가동중단,99.36,380,60,2017,,2017-06-07,충청남도 서산시청,,2025-06-17
강수4호 태양광발전소,,"충청남도 서산시 운산면 수평리 329-1, 329-2, 329-3",36.81320451,126.6135428,,가동중단,99.36,380,60,2017,,2017-06-07,충청남도 서산시청,,2025-06-17
강수3호 태양광발전소,,"충청남도 서산시 운산면 수평리 329-2, 329-3",36.81018896,126.6134989,,가동중단,99.36,380,60,2017,,2017-06-07,충청남도 서산시청,,2025-06-17
강수2호 태양광발전소,,"충청남도 서산시 운산면 수평리 329-3, 329-4",36.8111155,126.613284,,가동중단,99.36,380,60,2017,,2017-06-07,충청남도 서산시청,,2025-06-17
강수1호 태양광발전소,,"충청남도 서산시 운산면 수평리 329-1, 329-3, 329-4",36.81320451,126.6135428,,가동중단,99.36,380,60,2017,,2017-06-07,충청남도 서산시청,,2025-06-17
쏠라2호 태양광발전소,,"충청남도 서산시 운산면 수평리 329-3 , 329-4",36.8111155,126.613284,,가동중단,97.15,380,60,2017,,2017-06-02,충청남도 서산시청,,2025-06-17
경선 태양광발전소,,"충청남도 서산시 운산면 수평리 329-2 , 329-3",36.81018896,126.6134989,,가동중단,97.15,380,60,2017,,2017-06-02,충청남도 서산시청,,2025-06-17
문화 태양광발전소,,충청남도 서산시 팔봉면 흑석리 산 73-17,,,,가동중단,97.15,380,60,2017,,2017-06-02,충청남도 서산시청,,2025-06-17
에이피에너지(주)1호 태양광발전소,,충청남도 서산시 팔봉면 흑석리 산 73-17,,,,정상가동,295.8,380,60,2017,,2017-05-30,충청남도 서산시청,,2025-06-17
수앤지 태양광발전소,,"충청남도 서산시 팔봉면 흑석리 산 73-16, -17",,,,정상가동,99.28,380,60,2017,,2017-05-30,충청남도 서산시청,,2025-06-17
황해물산3호 태양광발전소,,"충청남도 서산시 팔봉면 흑석리 산 73-13, -17",,,,정상가동,99.28,380,60,2017,,2017-05-30,충청남도 서산시청,,2025-06-17
경영찬 한빛발전소제2호 태양광발전소,,"충청남도 서산시 팔봉면 흑석리 산 73-16, -17",,,,정상가동,99.28,380,60,2017,,2017-05-30,충청남도 서산시청,,2025-06-17
희망1호 태양광발전소,,"충청남도 서산시 팔봉면 흑석리 산 73-13, -17",,,,정상가동,99.28,380,60,2017,,2017-05-30,충청남도 서산시청,,2025-06-17
노은5호 태양광발전소,,충청남도 서산시 팔봉면 흑석리 산 73-13,,,,정상가동,99.28,380,60,2017,,2017-05-30,충청남도 서산시청,,2025-06-17
노은4호 태양광발전소,,"충청남도 서산시 팔봉면 흑석리 산 73-13, -17",,,,정상가동,99.28,380,60,2017,,2017-05-30,충청남도 서산시청,,2025-06-17
미래에너지1호 태양광발전소,,충청남도 서산시 팔봉면 흑석리 산 73-13,,,,정상가동,99.28,380,60,2017,,2017-05-30,충청남도 서산시청,,2025-06-17
서산재원 태양광발전소,,"충청남도 서산시 팔봉면 흑석리 566-4, 산73-13",36.85084432,126.3684839,,정상가동,99.28,380,60,2017,,2017-05-30,충청남도 서산시청,,2025-06-17
대광에너지1호 태양광발전소,,충청남도 서산시 팔봉면 흑석리 566-4,36.85084432,126.3684839,,정상가동,99.28,380,60,2017,,2017-05-30,충청남도 서산시청,,2025-06-17
신광 태양광발전소,,"충청남도 서산시 팔봉면 흑석리 산 73-13, -16, -17",,,,정상가동,99.28,380,60,2017,,2017-05-30,충청남도 서산시청,,2025-06-17
대한쏠라에너지1호 태양광발전소,,"충청남도 서산시 팔봉면 흑석리 566-4, 산73-13",36.85084432,126.3684839,,정상가동,98.6,380,60,2017,,2017-05-30,충청남도 서산시청,,2025-06-17
에스피티 태양광발전소,,충청남도 서산시 팔봉면 흑석리 566-4,36.85084432,126.3684839,,정상가동,347.2,380,60,2017,,2017-05-25,충청남도 서산시청,,2025-06-17
순옥2호 태양광발전소,,충청남도 서산시 팔봉면 흑석리 566-4,36.85084432,126.3684839,,가동중단,97.92,380,60,2017,,2017-05-25,충청남도 서산시청,,2025-06-17
정봉 태양광 발전소,,"충청남도 서산시 팔봉면 흑석리 566-4, 산73-13",36.85084432,126.3684839,,정상가동,97.92,380,60,2017,,2017-05-25,충청남도 서산시청,,2025-06-17
순옥1호 태양광발전소,,충청남도 서산시 팔봉면 흑석리 566-4,36.85084432,126.3684839,,정상가동,97.92,380,60,2017,,2017-05-25,충청남도 서산시청,,2025-06-17
동구 태양광발전소,,충청남도 서산시 팔봉면 흑석리 566-4,36.85084432,126.3684839,,정상가동,97.92,380,60,2017,,2017-05-25,충청남도 서산시청,,2025-06-17
웅소성2호 태양광발전소,,"충청남도 서산시 인지면 애정리 152, 493",36.72924727,126.4131803,,정상가동,99,380,60,2017,,2017-05-25,충청남도 서산시청,,2025-06-17
웅소성3호 태양광발전소,,"충청남도 서산시 인지면 애정리 152, 493",36.72924727,126.4131803,,정상가동,99,380,60,2017,,2017-05-25,충청남도 서산시청,,2025-06-17
웅소성5호 태양광발전소,,충청남도 서산시 해미면 산수리 329-5,36.71120516,126.5694011,,정상가동,99,380,60,2017,,2017-05-25,충청남도 서산시청,,2025-06-17
웅소성1호 태양광 발전소,,충청남도 서산시 해미면 산수리 329-4,36.71171131,126.5684239,,정상가동,99,380,60,2017,,2017-05-25,충청남도 서산시청,,2025-06-17
웅소성4호 태양광발전소,,"충청남도 서산시 고북면 남정리 산 15-13, 295-6",,,,정상가동,99,380,60,2017,,2017-05-25,충청남도 서산시청,,2025-06-17
웅소성6호 태양광발전소,,충청남도 서산시 고북면 정자리 31-24,36.66113253,126.5157262,,정상가동,99,380,60,2017,,2017-05-25,충청남도 서산시청,,2025-06-17
명천 태양광발전소,,충청남도 서산시 대산읍 운산리 415,36.95202106,126.4605714,,정상가동,48.24,380,60,2017,,2017-05-23,충청남도 서산시청,,2025-06-17
주식회사 미래5 태양광발전소,,충청남도 서산시 읍내동 304-1,36.78264321,126.449152,,가동중단,499.8,380,60,2017,,2017-05-22,충청남도 서산시청,,2025-06-17
서산51호 태양광발전소,,충청남도 서산시 지곡면 도성리 11,36.87983903,126.4274768,,가동중단,489.6,380,60,2017,,2017-05-19,충청남도 서산시청,,2025-06-17
서산50호 태양광발전소,,"충청남도 서산시 지곡면 도성리 14-3, -6, -8",36.8801679,126.4238755,,정상가동,497.6,380,60,2017,,2017-05-19,충청남도 서산시청,,2025-06-17
서산49호 태양광발전소,,충청남도 서산시 인지면 야당리 205,36.73537024,126.4278389,,가동중단,99.28,380,60,2017,,2017-05-19,충청남도 서산시청,,2025-06-17
서산48호 태양광발전소,,충청남도 서산시 성연면 명천리 산 39,,,,가동중단,99.28,380,60,2017,,2017-05-19,충청남도 서산시청,,2025-06-17
서산47호 태양광발전소,,"충청남도 서산시 팔봉면 고파도리 125, 127, 128-5, 123, 122",36.90945919,126.3364322,,가동중단,99.28,380,60,2017,,2017-05-19,충청남도 서산시청,,2025-06-17
서산46호 태양광발전소,,"충청남도 서산시 팔봉면 고파도리 125, 126, 127",36.90945919,126.3364322,,정상가동,98.8,380,60,2017,,2017-05-19,충청남도 서산시청,,2025-06-17
서산45호 태양광발전소,,"충청남도 서산시 팔봉면 고파도리 산26, 17",36.90518991,126.3426196,,가동중단,99.28,380,60,2017,,2017-05-19,충청남도 서산시청,,2025-06-17
서산44호 태양광발전소,,충청남도 서산시 팔봉면 고파도리 산 26,36.90518991,126.3426196,,정상가동,98.8,380,60,2017,,2017-05-19,충청남도 서산시청,,2025-06-17
서산43호 태양광발전소,,충청남도 서산시 부석면 마룡리 산 37-4,,,,가동중단,99.28,380,60,2017,,2017-05-19,충청남도 서산시청,,2025-06-17
서산42호 태양광발전소,,"충청남도 서산시 부석면 마룡리 산 37-4, 234-11, 234-17",,,,정상가동,98.8,380,60,2017,,2017-05-19,충청남도 서산시청,,2025-06-17
서산41호 태양광발전소,,"충청남도 서산시 부석면 마룡리 산 37-4, 234-11, 234-17",,,,정상가동,98.8,380,60,2017,,2017-05-19,충청남도 서산시청,,2025-06-17
서산40호 태양광발전소,,"충청남도 서산시 부석면 마룡리 산 37-4, 234-11, 234-17",,,,정상가동,98.8,380,60,2017,,2017-05-19,충청남도 서산시청,,2025-06-17
서산38호 태양광발전소,,"충청남도 서산시 부석면 마룡리 산 37-4, 234-11",,,,가동중단,99.28,380,60,2017,,2017-05-19,충청남도 서산시청,,2025-06-17
서산37호 태양광발전소,,"충청남도 서산시 부석면 마룡리 산 37-4, 234-11",,,,정상가동,98.8,380,60,2017,,2017-05-19,충청남도 서산시청,,2025-06-17
서산36호 태양광발전소,,충청남도 서산시 부석면 마룡리 37-4,,,,정상가동,98.8,380,60,2017,,2017-05-19,충청남도 서산시청,,2025-06-17
서산35호 태양광발전소,,충청남도 서산시 부석면 마룡리 산 37-4,,,,가동중단,99.28,380,60,2017,,2017-05-19,충청남도 서산시청,,2025-06-17
서산34호 태양광발전소,,"충청남도 서산시 부석면 마룡리 산 37-4, 234-12",,,,정상가동,98.8,380,60,2017,,2017-05-19,충청남도 서산시청,,2025-06-17
서산33호 태양광발전소,,충청남도 서산시 부석면 마룡리 산 37-4,,,,정상가동,98.8,380,60,2017,,2017-05-19,충청남도 서산시청,,2025-06-17
서산32호 태양광발전소,,충청남도 서산시 부석면 마룡리 산 37-4,,,,정상가동,98.8,380,60,2017,,2017-05-19,충청남도 서산시청,,2025-06-17
서산31호 태양광발전소,,충청남도 서산시 부석면 마룡리 산 37-4,,,,정상가동,98.8,380,60,2017,,2017-05-19,충청남도 서산시청,,2025-06-17
서산30호 태양광발전소,,충청남도 서산시 부석면 마룡리 산 37-4,,,,정상가동,98.8,380,60,2017,,2017-05-19,충청남도 서산시청,,2025-06-17
서산29호 태양광발전소,,충청남도 서산시 부석면 마룡리 산 37-4,,,,가동중단,99.28,380,60,2017,,2017-05-19,충청남도 서산시청,,2025-06-17
서산28호 태양광발전소,,충청남도 서산시 부석면 마룡리 산 37-4,,,,가동중단,99.28,380,60,2017,,2017-05-19,충청남도 서산시청,,2025-06-17
서산27호 태양광발전소,,충청남도 서산시 부석면 마룡리 산 37-4,,,,가동중단,99.28,380,60,2017,,2017-05-19,충청남도 서산시청,,2025-06-17
서산26호 태양광발전소,,"충청남도 서산시 부석면 마룡리 산 37-4, 234-11",,,,가동중단,99.28,380,60,2017,,2017-05-19,충청남도 서산시청,,2025-06-17
서산25호 태양광발전소,,충청남도 서산시 부석면 마룡리 산 37-4,,,,가동중단,99.28,380,60,2017,,2017-05-19,충청남도 서산시청,,2025-06-17
서산24호 태양광발전소,,"충청남도 서산시 부석면 마룡리 산 37-4, 234-11, 234-21",,,,가동중단,99.28,380,60,2017,,2017-05-19,충청남도 서산시청,,2025-06-17
서산23호 태양광발전소,,"충청남도 서산시 부석면 마룡리 산 37-4, 234-11, 234-21, 산37-7",,,,가동중단,99.28,380,60,2017,,2017-05-19,충청남도 서산시청,,2025-06-17
서산22호 태양광발전소,,"충청남도 서산시 부석면 마룡리 산 37-4, 234-11, 234-21, 산37-7",,,,가동중단,99.28,380,60,2017,,2017-05-19,충청남도 서산시청,,2025-06-17
서산21호 태양광발전소,,충청남도 서산시 해미면 대곡리 74,36.69298398,126.5868983,,가동중단,99.28,380,60,2017,,2017-05-19,충청남도 서산시청,,2025-06-17
서산20호 태양광발전소,충청남도 서산시 해미면 중앙로 1150,,36.71068822,126.538082,,가동중단,99.28,380,60,2017,,2017-05-19,충청남도 서산시청,,2025-06-17
서산19호 태양광발전소,,"충청남도 서산시 운산면 원벌리 258, 258-4",36.77068502,126.5619045,,가동중단,99.28,380,60,2017,,2017-05-19,충청남도 서산시청,,2025-06-17
서산14호 태양광발전소,충청남도 서산시 해미면 성지1로 40,,36.71386502,126.5408062,,가동중단,99.28,380,60,2017,,2017-05-19,충청남도 서산시청,,2025-06-17
서산9호 태양광발전소,,충청남도 서산시 고북면 기포리 581-20,36.66593699,126.5176893,,가동중단,99.28,380,60,2017,,2017-05-19,충청남도 서산시청,,2025-06-17
서산8호 태양광발전소,,충청남도 서산시 고북면 기포리 581-19,36.66593139,126.5173638,,가동중단,99.28,380,60,2017,,2017-05-19,충청남도 서산시청,,2025-06-17
서산5호 태양광발전소,,충청남도 서산시 고북면 기포리 581-23,36.6654355,126.5176971,,가동중단,99.28,380,60,2017,,2017-05-19,충청남도 서산시청,,2025-06-17
서산4호 태양광발전소,,충청남도 서산시 고북면 기포리 581-22,36.66555386,126.517371,,가동중단,99.28,380,60,2017,,2017-05-19,충청남도 서산시청,,2025-06-17
서산3호 태양광발전소,,충청남도 서산시 고북면 기포리 581-21,36.66558064,126.5169831,,가동중단,99.28,380,60,2017,,2017-05-19,충청남도 서산시청,,2025-06-17
서산2호 태양광발전소,,충청남도 서산시 운산면 갈산리 678-5,36.81785146,126.5660504,,가동중단,99.28,380,60,2017,,2017-05-19,충청남도 서산시청,,2025-06-17
서산1호 태양광발전소,,충청남도 서산시 해미면 홍천리 699-7,36.75074321,126.531109,,가동중단,99.28,380,60,2017,,2017-05-19,충청남도 서산시청,,2025-06-17
유한회사 네이처선샤인1 태양광발전소,,"충청남도 서산시 해미면 홍천리 699-7, 699-2",36.75074321,126.531109,,정상가동,97.92,380,60,2017,,2017-05-15,충청남도 서산시청,,2025-06-17
조양4호 태양광발전소 지점,,충청남도 서산시 해미면 홍천리 699-7,36.75074321,126.531109,,정상가동,99.23,380,60,2017,,2017-05-15,충청남도 서산시청,,2025-06-17
성암2호 태양광발전소,,충청남도 서산시 해미면 홍천리 699-7,36.75074321,126.531109,,가동중단,42.84,380,60,2017,,2017-05-15,충청남도 서산시청,,2025-06-17
개나리 태양광발전소,,충청남도 서산시 해미면 홍천리 699-7,36.75074321,126.531109,,정상가동,99,380,60,2017,,2017-05-15,충청남도 서산시청,,2025-06-17
정광 태양광발전소,,"충청남도 서산시 해미면 홍천리 699-7, 699-2",36.75074321,126.531109,,정상가동,97.92,380,60,2017,,2017-05-15,충청남도 서산시청,,2025-06-17
드림 태양광발전소,,충청남도 서산시 해미면 홍천리 699-7,36.75074321,126.531109,,정상가동,92.48,380,60,2017,,2017-05-15,충청남도 서산시청,,2025-06-17
나라 태양광발전소,,"충청남도 서산시 해미면 홍천리 699-7, 699-2",36.75074321,126.531109,,정상가동,99,380,60,2017,,2017-05-15,충청남도 서산시청,,2025-06-17
눈주목 태양광발전소,,충청남도 서산시 해미면 홍천리 699-7,36.75074321,126.531109,,정상가동,99,380,60,2017,,2017-05-15,충청남도 서산시청,,2025-06-17
유한회사 네이처선샤인2 태양광발전소,,충청남도 서산시 해미면 홍천리 699-7,36.75074321,126.531109,,정상가동,99,380,60,2017,,2017-05-15,충청남도 서산시청,,2025-06-17
청풍에너지2호 태양광 발전소,,"충청남도 서산시 해미면 홍천리 699-7, 699-2",36.75074321,126.531109,,정상가동,99,380,60,2017,,2017-05-15,충청남도 서산시청,,2025-06-17
청광에너지2호 태양광발전소,,"충청남도 서산시 고북면 사기리 산 63-7, 493-15",,,,정상가동,99,380,60,2017,,2017-05-15,충청남도 서산시청,,2025-06-17
우리 태양광발전소,,"충청남도 서산시 고북면 사기리 산 64-6 , 493-1",,,,정상가동,99,380,60,2017,,2017-05-15,충청남도 서산시청,,2025-06-17
호 태양광 발전소,,"충청남도 서산시 고북면 사기리 산 66-1, 493-1",,,,정상가동,497,380,60,2017,,2017-05-15,충청남도 서산시청,,2025-06-17
봉산5 태양광발전소,,"충청남도 서산시 고북면 사기리 산 63-7, 493-15",,,,정상가동,99.23,380,60,2017,,2017-05-04,충청남도 서산시청,,2025-06-17
봉산3 태양광 발전소,,"충청남도 서산시 고북면 사기리 493-17 , 산63-4",36.64565385,126.4944617,,정상가동,99.23,380,60,2017,,2017-05-04,충청남도 서산시청,,2025-06-17
봉산4 태양광발전소,,"충청남도 서산시 고북면 사기리 산 63-4, 산63-7, 493-17",,,,정상가동,99.23,380,60,2017,,2017-05-04,충청남도 서산시청,,2025-06-17
봉산2 태양광발전소,,충청남도 서산시 해미면 웅소성리 128,36.73672473,126.5065015,,정상가동,99.23,380,60,2017,,2017-05-04,충청남도 서산시청,,2025-06-17
봉산1 태양광발전소,,"충청남도 서산시 운산면 고산리 41-1, 42, 48, 49",,,,정상가동,498.96,380,60,2017,,2017-05-04,충청남도 서산시청,,2025-06-17
누리4 태양광발전소,,"충청남도 서산시 운산면 고산리 43 ,44, 46, 42번지",36.78826076,126.633130,,가동중단,99.23,380,60,2017,,2017-05-04,충청남도 서산시청,,2025-06-17
누리2 태양광발전소,,충청남도 서산시 해미면 웅소성리 128,36.73672473,126.5065015,,가동중단,99.23,380,60,2017,,2017-05-04,충청남도 서산시청,,2025-06-17
누리3 태양광발전소,,충청남도 서산시 해미면 웅소성리 128,36.73672473,126.5065015,,가동중단,99.23,380,60,2017,,2017-05-04,충청남도 서산시청,,2025-06-17
누리 태양광 발전소,,충청남도 서산시 해미면 웅소성리 126,36.73667768,126.5073913,,가동중단,99.23,380,60,2017,,2017-05-04,충청남도 서산시청,,2025-06-17
시민 태양광발전소,,충청남도 서산시 해미면 웅소성리 128,36.73672473,126.5065015,,정상가동,27.2,380,60,2017,,2017-05-02,충청남도 서산시청,,2025-06-17
이삭 태양광발전소,,"충청남도 서산시 해미면 웅소성리 126, 97-5",36.73667768,126.5073913,,가동중단,495.36,380,60,2017,,2017-05-02,충청남도 서산시청,,2025-06-17
서광 태양광발전소,,충청남도 서산시 해미면 웅소성리 128,36.73672473,126.5065015,,가동중단,99,380,60,2017,,2017-05-02,충청남도 서산시청,,2025-06-17
마룡 태양광발전소,,"충청남도 서산시 해미면 웅소성리 126, 97-5",36.73667768,126.5073913,,가동중단,99,380,60,2017,,2017-05-01,충청남도 서산시청,,2025-06-17
식이형 태양광발전소,,충청남도 서산시 해미면 웅소성리 128,36.73672473,126.5065015,,가동중단,99,380,60,2017,,2017-05-01,충청남도 서산시청,,2025-06-17
대슬 태양광발전소,,충청남도 서산시 운산면 안호리 342-1,36.82549046,126.5845086,,가동중단,99,380,60,2017,,2017-05-01,충청남도 서산시청,,2025-06-17
수남 태양광발전소,,충청남도 서산시 운산면 안호리 295-16,36.82690913,126.5843415,,가동중단,99,380,60,2017,,2017-05-01,충청남도 서산시청,,2025-06-17
에너시스 태양광발전소,,"충청남도 서산시 운산면 안호리 320, 342-1, 342-2",36.82558208,126.5839546,,가동중단,99,380,60,2017,,2017-05-01,충청남도 서산시청,,2025-06-17
초록빛 태양광발전소,,충청남도 서산시 고북면 사기리 산 49-12,,,,가동중단,99,380,60,2017,,2017-05-01,충청남도 서산시청,,2025-06-17
성도에너지 태양광발전소,,충청남도 서산시 팔봉면 진장리 165-5,36.76457505,126.3689094,,가동중단,99,380,60,2017,,2017-05-01,충청남도 서산시청,,2025-06-17
해비치 태양광발전소,,충청남도 서산시 팔봉면 진장리 165-5,36.76457505,126.3689094,,가동중단,99,380,60,2017,,2017-05-01,충청남도 서산시청,,2025-06-17
해바라기 태양광발전소,,충청남도 서산시 팔봉면 진장리 165-5,36.76457505,126.3689094,,가동중단,99,380,60,2017,,2017-05-01,충청남도 서산시청,,2025-06-17
선진 태양광발전소,,충청남도 서산시 팔봉면 진장리 165-9,36.76411138,126.3683332,,가동중단,99,380,60,2017,,2017-05-01,충청남도 서산시청,,2025-06-17
아로 태양광발전소,,충청남도 서산시 팔봉면 진장리 165-5,36.76457505,126.3689094,,가동중단,99,380,60,2017,,2017-05-01,충청남도 서산시청,,2025-06-17
천솔 태양광발전소,,충청남도 서산시 팔봉면 진장리 165-5,36.76457505,126.3689094,,가동중단,99,380,60,2017,,2017-05-01,충청남도 서산시청,,2025-06-17
대호 태양광발전소,,충청남도 서산시 팔봉면 진장리 162-5,36.76380877,126.3690669,,가동중단,99,380,60,2017,,2017-05-01,충청남도 서산시청,,2025-06-17
선택 태양광발전소,,충청남도 서산시 팔봉면 진장리 165-5,36.76457505,126.3689094,,가동중단,99,380,60,2017,,2017-05-01,충청남도 서산시청,,2025-06-17
민서 태양광발전소,,충청남도 서산시 팔봉면 진장리 165-5,36.76457505,126.3689094,,가동중단,99,380,60,2017,,2017-05-01,충청남도 서산시청,,2025-06-17
송림 태양광발전소,,충청남도 서산시 팔봉면 진장리 165-5,36.76457505,126.3689094,,가동중단,99,380,60,2017,,2017-05-01,충청남도 서산시청,,2025-06-17
바이오썬,,충청남도 서산시 음암면 도당리 477-6,36.79990281,126.529209,,가동중단,499.95,380,60,2017,,2017-04-26,충청남도 서산시청,,2025-06-17
해나라4호 태양광발전소,,충청남도 서산시 고북면 정자리 31-1호,,,,가동중단,99,380,60,2017,,2017-04-17,충청남도 서산시청,,2025-06-17
준성 태양광발전소,,충청남도 서산시 음암면 율목리 산 72,36.82279287,126.4981807,,정상가동,99.23,220,60,2017,,2017-04-17,충청남도 서산시청,,2025-06-17
정수3 태양광발전소,,충청남도 서산시 음암면 신장리 744-76,36.74759933,126.5078249,,정상가동,35.1,220,60,2017,,2017-04-17,충청남도 서산시청,,2025-06-17
가시버시,,충청남도 서산시 부석면 강수리 산 55-2,,,,가동중단,499.2,380,60,2017,,2017-04-06,충청남도 서산시청,,2025-06-17
강원2호 솔라원,,충청남도 서산시 부석면 강수리 산 55-2,,,,가동중단,297.92,380,60,2017,,2017-04-06,충청남도 서산시청,,2025-06-17
대신,,충청남도 서산시 부석면 강수리 산 54,36.74566946,126.3817956,,가동중단,297.92,380,60,2017,,2017-04-06,충청남도 서산시청,,2025-06-17
더블어,,충청남도 서산시 부석면 강수리 산 54,36.74566946,126.3817956,,가동중단,499.2,380,60,2017,,2017-04-06,충청남도 서산시청,,2025-06-17
명일,,"충청남도 서산시 부석면 강수리 산 55-2, 산54",,,,가동중단,499.2,380,60,2017,,2017-04-06,충청남도 서산시청,,2025-06-17
썬리치에너지,,충청남도 서산시 부석면 강수리 산 55-2,,,,가동중단,499.2,380,60,2017,,2017-04-06,충청남도 서산시청,,2025-06-17
솔라파워,,충청남도 서산시 부석면 강수리 산 55-2,,,,가동중단,499.2,380,60,2017,,2017-04-06,충청남도 서산시청,,2025-06-17
아인에너지,,충청남도 서산시 부석면 강수리 산 55-2,,,,가동중단,499.2,380,60,2017,,2017-04-06,충청남도 서산시청,,2025-06-17
은성,,"충청남도 서산시 부석면 가사리 485, 485-2",36.75861516,126.3693055,,가동중단,499.2,380,60,2017,,2017-04-06,충청남도 서산시청,,2025-06-17
정우솔라,,"충청남도 서산시 부석면 가사리 123, 산240-1",36.75477466,126.3765111,,가동중단,499.2,380,60,2017,,2017-04-06,충청남도 서산시청,,2025-06-17
준원1호,,"충청남도 서산시 부석면 가사리 123, 산239, 산240-1",36.75477466,126.3765111,,가동중단,198.4,380,60,2017,,2017-04-06,충청남도 서산시청,,2025-06-17
창영솔라원,,충청남도 서산시 지곡면 중왕리 17-1,36.8681511,126.3988326,,가동중단,297.92,380,60,2017,,2017-04-06,충청남도 서산시청,,2025-06-17
햇살방아,,충청남도 서산시 지곡면 중왕리 28,36.86702732,126.3983146,,가동중단,297.92,380,60,2017,,2017-04-06,충청남도 서산시청,,2025-06-17
정산에너지,,충청남도 서산시 지곡면 중왕리 17-11,36.86792664,126.3991263,,가동중단,396,380,60,2017,,2017-04-06,충청남도 서산시청,,2025-06-17
해미3호,,충청남도 서산시 지곡면 중왕리 17,36.86748027,126.3984898,,가동중단,297.92,380,60,2017,,2017-04-06,충청남도 서산시청,,2025-06-17
신풍 태양광발전소,,"충청남도 서산시 지곡면 중왕리 17, 27-3, 28",36.86748027,126.3984898,,가동중단,99.36,380,60,2017,,2017-03-21,충청남도 서산시청,,2025-06-17
(주)지산2 태양광발전소,,충청남도 서산시 지곡면 중왕리 17,36.86748027,126.3984898,,가동중단,498.82,380,60,2017,,2017-02-28,충청남도 서산시청,,2025-06-17
서봉 태양광발전소,,충청남도 서산시 지곡면 중왕리 17,36.86748027,126.3984898,,가동중단,98.83,380,60,2017,,2017-02-24,충청남도 서산시청,,2025-06-17
광야 태양광발전소,,"충청남도 서산시 지곡면 중왕리 27-3, 28",36.86661877,126.3992463,,가동중단,99.48,380,60,2017,,2017-02-23,충청남도 서산시청,,2025-06-17
현대모듈(주) 태양광발전소,,충청남도 서산시 지곡면 중왕리 17,36.86748027,126.3984898,,정상가동,199.68,380,60,2017,,2017-02-23,충청남도 서산시청,,2025-06-17
유호 태양광발전소,,충청남도 서산시 지곡면 중왕리 28,36.86702732,126.3983146,,정상가동,99.36,380,60,2017,,2017-02-23,충청남도 서산시청,,2025-06-17
추곡1호 태양광발전소,,충청남도 서산시 지곡면 중왕리 28,36.86702732,126.3983146,,가동중단,99.36,380,60,2017,,2017-02-23,충청남도 서산시청,,2025-06-17
효주 태양광발전소,,충청남도 서산시 지곡면 중왕리 28,36.86702732,126.3983146,,정상가동,99.36,380,60,2017,,2017-02-21,충청남도 서산시청,,2025-06-17
가은1호 태양광발전소,,충청남도 서산시 부석면 지산리 64-4,,,,정상가동,99.36,380,60,2017,,2017-02-23,충청남도 서산시청,,2025-06-17
태전1호 태양광발전소,,충청남도 서산시 해미면 웅소성리 124,36.73698022,126.5071676,,정상가동,99.36,380,60,2017,,2017-02-23,충청남도 서산시청,,2025-06-17
윤심 태양광발전소,,"충청남도 서산시 해미면 웅소성리 124, 127",36.73698022,126.5071676,,정상가동,99.36,380,60,2017,,2017-02-23,충청남도 서산시청,,2025-06-17
해미1호 태양광발전소,,"충청남도 서산시 해미면 웅소성리 118-2, 119",36.7378844,126.5071618,,정상가동,99.36,380,60,2017,,2017-02-23,충청남도 서산시청,,2025-06-17
썬모아 태양광발전소,,"충청남도 서산시 해미면 웅소성리 124, 119",36.73698022,126.5071676,,가동중단,499.2,380,60,2017,,2017-02-15,충청남도 서산시청,,2025-06-17
SJ태양광발전소4호,,"충청남도 서산시 해미면 웅소성리 133, 134, 135",36.73587768,126.5076475,,가동중단,499.2,380,60,2017,,2017-02-15,충청남도 서산시청,,2025-06-17
서산1호 태양광발전소,,"충청남도 서산시 해미면 웅소성리 133, 134",36.73587768,126.5076475,,가동중단,300.8,380,60,2017,,2017-02-14,충청남도 서산시청,,2025-06-17
JKH 태양광발전소,,"충청남도 서산시 해미면 웅소성리 134, 135, 136",36.73573129,126.5079332,,가동중단,300.8,380,60,2017,,2017-02-14,충청남도 서산시청,,2025-06-17
애정리1구대동회 태양광발전소,,"충청남도 서산시 해미면 웅소성리 133, 134, 135",36.73587768,126.5076475,,정상가동,19.04,380,60,2017,,2017-02-10,충청남도 서산시청,,2025-06-17
야당2리마을회 태양광발전소,,"충청남도 서산시 해미면 웅소성리 135, 136",36.73563396,126.5078284,,정상가동,19.04,380,60,2017,,2017-02-10,충청남도 서산시청,,2025-06-17
벨츠에너지서산 태양광발전소,,"충청남도 서산시 해미면 웅소성리 133, 134, 135, 136",36.73587768,126.5076475,,가동중단,302.94,380,60,2017,,2017-02-10,충청남도 서산시청,,2025-06-17
대산자원 태양광발전소,충청남도 서산시 성연면 성연로 347-23,,36.84500789,126.4719859,,가동중단,29.7,380,60,2017,,2017-02-10,충청남도 서산시청,,2025-06-17
도비 태양광발전소,,충청남도 서산시 음암면 유계리 산 78-5,36.74969814,126.5172303,,정상가동,297,380,60,2017,,2017-02-10,충청남도 서산시청,,2025-06-17
농업회사법인 산야원(주) (산야원 태양광),,"충청남도 서산시 부석면 지산리 산 111-11, 산 111-3",,,,정상가동,300,380,60,2017,,2017-02-08,충청남도 서산시청,,2025-06-17
순리치에너지,,"충청남도 서산시 부석면 지산리 150-2, 115",36.68332476,126.4252593,,가동중단,256,380,60,2017,,2017-02-08,충청남도 서산시청,,2025-06-17
SJ태양광발전소3호,,충청남도 서산시 부석면 지산리 115-70,,,,가동중단,256,380,60,2017,,2017-02-08,충청남도 서산시청,,2025-06-17
건우네 태양광발전소,,충청남도 서산시 부석면 지산리 115-70,,,,가동중단,99.2,380,60,2017,,2017-02-08,충청남도 서산시청,,2025-06-17
우현 태양광발전소,,충청남도 서산시 부석면 지산리 115-70,,,,가동중단,99.2,380,60,2017,,2017-02-08,충청남도 서산시청,,2025-06-17
팔봉에너지주식회사 태양광발전소,,"충청남도 서산시 부석면 지산리 150-20,115-75",36.68217026,126.4256334,,가동중단,498.96,380,60,2017,,2017-02-06,충청남도 서산시청,,2025-06-17
서산드림에너지 태양광발전소,,충청남도 서산시 부석면 지산리 115-70,,,,가동중단,499.5,380,60,2017,,2017-02-01,충청남도 서산시청,,2025-06-17
우진에너지 태양광발전소,,충청남도 서산시 부석면 지산리 150-4,36.68382187,126.4261762,,가동중단,499.5,380,60,2017,,2017-02-01,충청남도 서산시청,,2025-06-17
오세정 태양광발전소,,충청남도 서산시 부석면 지산리 115-70,,,,가동중단,98.83,380,60,2017,,2017-01-31,충청남도 서산시청,,2025-06-17
원 태양광발전소,,충청남도 서산시 부석면 지산리 150-27,36.6822067,126.4261644,,정상가동,99,380,60,2017,,2017-01-31,충청남도 서산시청,,2025-06-17
칠전 태양광발전소,,충청남도 서산시 부석면 지산리 150-24,36.6827647,126.4262426,,가동중단,100.5,380,60,2017,,2017-01-30,충청남도 서산시청,,2025-06-17
화선 태양광 발전소,,충청남도 서산시 부석면 지산리 150-12,36.68268531,126.4257201,,가동중단,99.2,380,60,2017,,2017-01-31,충청남도 서산시청,,2025-06-17
푸른마룡 3호 태양광 발전소,,충청남도 서산시 부석면 지산리 115-70,,,,가동중단,496.38,380,60,2017,,2017-01-24,충청남도 서산시청,,2025-06-17
푸른마룡 2호 태양광 발전소,,충청남도 서산시 부석면 지산리 150-26,36.6824427,126.4263358,,가동중단,496.38,380,60,2017,,2017-01-24,충청남도 서산시청,,2025-06-17
푸른마룡 4호 태양광 발전소,,충청남도 서산시 부석면 지산리 150-25,36.68257976,126.4262673,,가동중단,496.38,380,60,2017,,2017-01-24,충청남도 서산시청,,2025-06-17
푸른마룡1호 태양광발전소,,충청남도 서산시 부석면 지산리 115-70,,,,가동중단,496.38,380,60,2017,,2017-01-24,충청남도 서산시청,,2025-06-17
태성 태양광 발전소,,충청남도 서산시 부석면 지산리 150-2,36.68332476,126.4252593,,가동중단,97.47,380,60,2017,,2017-01-23,충청남도 서산시청,,2025-06-17
석영 태양광발전소,,"충청남도 서산시 부석면 지산리 150-14,115",36.68249802,126.4252122,,가동중단,97.47,380,60,2017,,2017-01-23,충청남도 서산시청,,2025-06-17
(유)도당태양광23호,,충청남도 서산시 부석면 지산리 150-30,36.68226372,126.4267715,,가동중단,99.25,380,60,2017,,2017-01-16,충청남도 서산시청,,2025-06-17
(유)도당태양광22호,,"충청남도 서산시 부석면 지산리 150-15,115-73",36.68238453,126.4249793,,가동중단,99.25,380,60,2017,,2017-01-16,충청남도 서산시청,,2025-06-17
(유)도당태양광21호,,충청남도 서산시 부석면 지산리 150-13,36.68271263,126.4253213,,가동중단,99.25,380,60,2017,,2017-01-16,충청남도 서산시청,,2025-06-17
(유)도당태양광20호,,충청남도 서산시 부석면 지산리 산 111-3,,,,가동중단,99.25,380,60,2017,,2017-01-16,충청남도 서산시청,,2025-06-17
(유)도당태양광19호),,충청남도 서산시 부석면 지산리 산 111-3,,,,가동중단,99.25,380,60,2017,,2017-01-16,충청남도 서산시청,,2025-06-17
(유)도당태양광18호,,"충청남도 서산시 부석면 지산리 산 111-3, 115-70",,,,가동중단,99.25,380,60,2017,,2017-01-16,충청남도 서산시청,,2025-06-17
(유)도당태양광14호,,충청남도 서산시 부석면 지산리 산 111-3,,,,정상가동,99.25,380,60,2017,,2017-01-16,충청남도 서산시청,,2025-06-17
(유)도당태양광17호,,충청남도 서산시 부석면 지산리 산 111-3,,,,가동중단,99.25,380,60,2017,,2017-01-13,충청남도 서산시청,,2025-06-17
(유)도당태양광16호,,충청남도 서산시 부석면 지산리 산 111-3,,,,가동중단,99.25,380,60,2017,,2017-01-13,충청남도 서산시청,,2025-06-17
(유)도당태양광15호,,충청남도 서산시 부석면 지산리 산 111-3,,,,가동중단,99.25,380,60,2017,,2017-01-13,충청남도 서산시청,,2025-06-17
(유)도당태양광13호,,"충청남도 서산시 부석면 지산리 산 111-3, 산111-11",,,,정상가동,99.25,380,60,2017,,2017-01-13,충청남도 서산시청,,2025-06-17
(유)도당태양광12호,,"충청남도 서산시 부석면 지산리 산 111-3, 산111-12",,,,정상가동,99.25,380,60,2017,,2017-01-13,충청남도 서산시청,,2025-06-17
(유)도당태양광11호,,"충청남도 서산시 부석면 지산리 산 111-3, 115-70",,,,정상가동,99.25,380,60,2017,,2017-01-13,충청남도 서산시청,,2025-06-17
(유)도당태양광10호,,충청남도 서산시 부석면 지산리 산 111-3,,,,정상가동,99.25,380,60,2017,,2017-01-13,충청남도 서산시청,,2025-06-17
(유)도당태양광9호,,충청남도 서산시 부석면 지산리 산 111-3,,,,정상가동,99.25,380,60,2017,,2017-01-13,충청남도 서산시청,,2025-06-17
(유)도당태양광8호,,충청남도 서산시 부석면 지산리 산 111-3,,,,정상가동,99.25,380,60,2017,,2017-01-13,충청남도 서산시청,,2025-06-17
(유)도당태양광7호,,충청남도 서산시 부석면 지산리 산 111-3,,,,정상가동,99.25,380,60,2017,,2017-01-13,충청남도 서산시청,,2025-06-17
(유)도당태양광6호,,충청남도 서산시 부석면 지산리 산 111-3,,,,정상가동,99.25,380,60,2017,,2017-01-13,충청남도 서산시청,,2025-06-17
(유)도당태양광5호,,충청남도 서산시 부석면 지산리 산 111-3,,,,정상가동,99.25,380,60,2017,,2017-01-13,충청남도 서산시청,,2025-06-17
(유)도당태양광4호,,충청남도 서산시 부석면 지산리 산 111-3,,,,가동중단,498.96,380,60,2017,,2017-01-13,충청남도 서산시청,,2025-06-17
(유)도당태양광3호,,충청남도 서산시 부석면 지산리 산 111-3,,,,가동중단,498.96,380,60,2017,,2017-01-13,충청남도 서산시청,,2025-06-17
(유)도당태양광2호,,충청남도 서산시 부석면 지산리 산 111-3,,,,정상가동,498.96,380,60,2017,,2017-01-13,충청남도 서산시청,,2025-06-17
(유)늘빛,,충청남도 서산시 해미면 귀밀리 7-9,,,,정상가동,498.96,380,60,2017,,2017-01-13,충청남도 서산시청,,2025-06-17
(주)환성2호 태양광발전소,,충청남도 서산시 고북면 봉생리 578-3,36.64099913,126.4945348,,정상가동,691.44,22900,60,2017,,2017-12-13,충청남도 서산시청,,2025-06-17
엠디3호 태양광발전소,,충청남도 서산시 음암면 성암리 259-1,36.78048732,126.5309456,,가동중단,95.04,380,60,2017,,2017-12-15,충청남도 서산시청,,2025-06-17
엠디2호 태양광발전소,,충청남도 서산시 해미면 귀밀리 1-2,36.73492841,126.5055363,,가동중단,99.84,380,60,2017,,2017-12-15,충청남도 서산시청,,2025-06-17
엠디1호 태양광발전소,,"충청남도 서산시 해미면 귀밀리 1-15, 4-7, 5-3, 6",36.7348068,126.5055481,,가동중단,95.04,380,60,2017,,2017-12-15,충청남도 서산시청,,2025-06-17
우리쏠라1호 태양광발전소,,"충청남도 서산시 해미면 귀밀리 1-13, 3-5, 4-5, 5",36.73501099,126.5056081,,가동중단,95.04,380,60,2017,,2017-12-15,충청남도 서산시청,,2025-06-17
도영 태양광발전소,,"충청남도 서산시 해미면 귀밀리 1-2, 5, 6",36.73492841,126.5055363,,가동중단,95.04,380,60,2017,,2017-12-15,충청남도 서산시청,,2025-06-17
밝은내일 태양광발전소,,"충청남도 서산시 해미면 귀밀리 1-1, 1-2, 3, 4",36.73596817,126.5060285,,가동중단,95.04,380,60,2017,,2017-12-15,충청남도 서산시청,,2025-06-17
원광호리 태양광발전소,,"충청남도 서산시 해미면 귀밀리 1-2, 3, 4",36.73492841,126.5055363,,가동중단,95.04,380,60,2017,,2017-12-15,충청남도 서산시청,,2025-06-17
포윤에너지,,충청남도 서산시 해미면 귀밀리 1-1,36.73596817,126.5060285,,가동중단,499.2,380,60,2017,,2017-12-07,충청남도 서산시청,,2025-06-17
고북10호그린 태양광발전소,,"충청남도 서산시 해미면 귀밀리 1-1, 3, 4",36.73596817,126.5060285,,정상가동,99.4,380,60,2017,,2017-12-07,충청남도 서산시청,,2025-06-17
찬윤 태양광발전소,,"충청남도 서산시 해미면 귀밀리 1-2, 4, 5, 6",36.73492841,126.5055363,,정상가동,99.4,380,60,2017,,2017-12-07,충청남도 서산시청,,2025-06-17
윤찬 태양광발전소,,"충청남도 서산시 수석동 산 149-1, 산150",,,,정상가동,99.4,380,60,2017,,2017-12-07,충청남도 서산시청,,2025-06-17
고북7호그린 태양광발전소,,충청남도 서산시 고북면 사기리 산 66-1,,,,정상가동,99.4,380,60,2017,,2017-12-07,충청남도 서산시청,,2025-06-17
고북6호그린 태양광발전소,,충청남도 서산시 고북면 사기리 산 66-1,,,,정상가동,99.4,380,60,2017,,2017-12-07,충청남도 서산시청,,2025-06-17
고북5호그린 태양광발전소,,충청남도 서산시 고북면 사기리 산 66-1,,,,정상가동,99.4,380,60,2017,,2017-12-07,충청남도 서산시청,,2025-06-17
고북4호그린 태양광발전소,,충청남도 서산시 고북면 사기리 산 66-1,,,,정상가동,99.4,380,60,2017,,2017-12-07,충청남도 서산시청,,2025-06-17
고북3호그린 태양광발전소,,충청남도 서산시 고북면 사기리 산 66-1,,,,정상가동,99.4,380,60,2017,,2017-12-07,충청남도 서산시청,,2025-06-17
고북2호그린 태양광발전소,,"충청남도 서산시 고북면 사기리 470-1 , 470-4",36.64330943,126.490759,,정상가동,99.4,380,60,2017,,2017-12-07,충청남도 서산시청,,2025-06-17
고북1호그린 태양광발전소,,"충청남도 서산시 고북면 사기리 470-1, 470-4",36.64330943,126.490759,,정상가동,99.4,380,60,2017,,2017-12-07,충청남도 서산시청,,2025-06-17
흑석리18호 태양광발전소,,"충청남도 서산시 고북면 사기리 470-1, 470-4",36.64330943,126.490759,,가동중단,99.36,380,60,2017,,2017-12-04,충청남도 서산시청,,2025-06-17
흑석리17호 태양광발전소,,"충청남도 서산시 고북면 사기리 470-1, 470-3, 470-4",36.64330943,126.490759,,가동중단,99.36,380,60,2017,,2017-12-04,충청남도 서산시청,,2025-06-17
흑석리16호 태양광발전소,,"충청남도 서산시 읍내동 606-8, 606-4",36.78537573,126.4481831,,가동중단,99.36,380,60,2017,,2017-12-04,충청남도 서산시청,,2025-06-17
흑석리15호 태양광발전소,,충청남도 서산시 대산읍 운산리 산 49,,,,정상가동,99.36,380,60,2017,,2017-12-04,충청남도 서산시청,,2025-06-17
흑석리14호 태양광발전소,,충청남도 서산시 팔봉면 대황리 159-1,36.83401376,126.3805703,,가동중단,99.36,380,60,2017,,2017-12-04,충청남도 서산시청,,2025-06-17
흑석리12호 태양광발전소,,"충청남도 서산시 부석면 마룡리 277-18, -19",36.65956843,126.380073,,정상가동,99.36,380,60,2017,,2017-12-04,충청남도 서산시청,,2025-06-17
흑석리11호 태양광발전소,,"충청남도 서산시 부석면 마룡리 277-18, -19",36.65956843,126.380073,,정상가동,99.36,380,60,2017,,2017-12-04,충청남도 서산시청,,2025-06-17
흑석리9호 태양광발전소,,"충청남도 서산시 부석면 마룡리 277-18, -19",36.65956843,126.380073,,정상가동,99.36,380,60,2017,,2017-12-04,충청남도 서산시청,,2025-06-17
흑석리8호 태양광발전소,,충청남도 서산시 부석면 마룡리 277-19,36.65903391,126.3801033,,정상가동,99.36,380,60,2017,,2017-12-04,충청남도 서산시청,,2025-06-17
흑석리7호 태양광발전소,,충청남도 서산시 부석면 마룡리 277-19,36.65903391,126.3801033,,정상가동,99.36,380,60,2017,,2017-12-04,충청남도 서산시청,,2025-06-17
흑석리6호 태양광발전소,,충청남도 서산시 부석면 마룡리 산 92,36.65982496,126.3794534,,정상가동,99.36,380,60,2017,,2017-12-04,충청남도 서산시청,,2025-06-17
흑석리5호 태양광발전소,,"충청남도 서산시 부석면 마룡리 산92, 277-18",36.65982496,126.3794534,,정상가동,99.36,380,60,2017,,2017-12-04,충청남도 서산시청,,2025-06-17
흑석리4호 태양광발전소,,"충청남도 서산시 부석면 마룡리 산92, 277-18",36.65982496,126.3794534,,정상가동,99.36,380,60,2017,,2017-12-04,충청남도 서산시청,,2025-06-17
흑석리2호 태양광발전소,,충청남도 서산시 부석면 마룡리 277-18,36.65956843,126.380073,,정상가동,99.36,380,60,2017,,2017-12-04,충청남도 서산시청,,2025-06-17
흑석리1호 태양광발전소,,"충청남도 서산시 부석면 마룡리 산92, 277-18",36.65982496,126.3794534,,정상가동,99.36,380,60,2017,,2017-12-04,충청남도 서산시청,,2025-06-17
주식회사 환성4호 태양광발전소,,충청남도 서산시 부석면 마룡리 277-18,36.65956843,126.380073,,정상가동,278.72,380,60,2017,,2017-12-04,충청남도 서산시청,,2025-06-17
아톰에너지 태양광발전소,,"충청남도 서산시 부석면 마룡리 산92, 277-18",36.65982496,126.3794534,,가동중단,99,380,60,2017,,2017-10-23,충청남도 서산시청,,2025-06-17
빛초롱 태양광발전소,,"충청남도 서산시 부석면 마룡리 277-18, -19",36.65956843,126.380073,,가동중단,99,380,60,2017,,2017-10-23,충청남도 서산시청,,2025-06-17
빛나리 태양광발전소,,"충청남도 서산시 부석면 마룡리 산92, 277-18",36.65982496,126.3794534,,정상가동,99,380,60,2017,,2017-10-23,충청남도 서산시청,,2025-06-17
빛나라 태양광발전소,,"충청남도 서산시 부석면 마룡리 277-18, -19",36.65956843,126.380073,,정상가동,99,380,60,2017,,2017-10-23,충청남도 서산시청,,2025-06-17
양지랜드2 태양광발전소,,충청남도 서산시 부석면 마룡리 277-18,36.65956843,126.380073,,정상가동,99.83,380,60,2017,,2017-10-23,충청남도 서산시청,,2025-06-17
엘케이 태양광발전소,,"충청남도 서산시 음암면 도당리 1110-3, 1110-5",36.8094887,126.5141459,,가동중단,95.04,380,60,2017,,2017-10-18,충청남도 서산시청,,2025-06-17
수평리 태양광발전소,,"충청남도 서산시 해미면 홍천리 46-5, 233-8",36.74834309,126.5472045,,가동중단,95.04,380,60,2017,,2017-10-18,충청남도 서산시청,,2025-06-17
화인에너지 태양광발전소,,"충청남도 서산시 지곡면 도성리 11-3,11-12",36.87957155,126.4271395,,가동중단,95.04,380,60,2017,,2017-10-18,충청남도 서산시청,,2025-06-17
티케이 태양광발전소,,"충청남도 서산시 지곡면 도성리 11-2, 16-5",36.87985515,126.426951,,가동중단,95.04,380,60,2017,,2017-10-18,충청남도 서산시청,,2025-06-17
기장 태양광발전소,,충청남도 서산시 해미면 대곡리 산 68-1,36.68183236,126.5840383,,가동중단,19.04,380,60,2017,,2017-10-18,충청남도 서산시청,,2025-06-17
고산2 태양광발전소,,충청남도 서산시 해미면 대곡리 산 68-1,36.68183236,126.5840383,,가동중단,95.76,380,60,2017,,2017-10-18,충청남도 서산시청,,2025-06-17
고산1 태양광발전소,,충청남도 서산시 해미면 대곡리 산 68-1,36.68183236,126.5840383,,가동중단,95.76,380,60,2017,,2017-10-18,충청남도 서산시청,,2025-06-17
지산 태양광발전소,,충청남도 서산시 해미면 대곡리 산 68-1,36.68183236,126.5840383,,가동중단,299.83,380,60,2017,,2017-10-18,충청남도 서산시청,,2025-06-17
서산56호 태양광발전소,,충청남도 서산시 해미면 대곡리 산 68-1,36.68183236,126.5840383,,가동중단,99.28,380,60,2017,,2017-10-13,충청남도 서산시청,,2025-06-17
서산55호 태양광발전소,,충청남도 서산시 해미면 대곡리 산 68-1,36.68183236,126.5840383,,가동중단,99.28,380,60,2017,,2017-10-13,충청남도 서산시청,,2025-06-17
서산54호 태양광발전소,,충청남도 서산시 해미면 대곡리 산 68-1,36.68183236,126.5840383,,가동중단,99.28,380,60,2017,,2017-10-13,충청남도 서산시청,,2025-06-17
서산53호 태양광발전소,,충청남도 서산시 해미면 대곡리 산 68-1,36.68183236,126.5840383,,가동중단,99.28,380,60,2017,,2017-10-13,충청남도 서산시청,,2025-06-17
서산52호 태양광발전소,,충청남도 서산시 해미면 대곡리 산 68-1,36.68183236,126.5840383,,가동중단,99.28,380,60,2017,,2017-10-13,충청남도 서산시청,,2025-06-17
Dream 태양광발전소,,충청남도 서산시 해미면 대곡리 산 68-1,36.68183236,126.5840383,,가동중단,99,380,60,2017,,2017-09-26,충청남도 서산시청,,2025-06-17
써니 태양광발전소,,충청남도 서산시 해미면 대곡리 산 68-1,36.68183236,126.5840383,,정상가동,99,380,60,2017,,2017-09-26,충청남도 서산시청,,2025-06-17
준규 태양광발전소,,충청남도 서산시 해미면 대곡리 산 68-1,36.68183236,126.5840383,,정상가동,73.09,380,60,2017,,2017-09-26,충청남도 서산시청,,2025-06-17
신광 태양광발전소,,충청남도 서산시 해미면 대곡리 산 68-1,36.68183236,126.5840383,,정상가동,99,380,60,2017,,2017-09-26,충청남도 서산시청,,2025-06-17
성찬 태양광발전소,,충청남도 서산시 해미면 양림리 83-4,36.71572909,126.5074438,,정상가동,99,380,60,2017,,2017-09-26,충청남도 서산시청,,2025-06-17
경민 태양광발전소,,충청남도 서산시 해미면 대곡리 산 68-1,36.68183236,126.5840383,,정상가동,99,380,60,2017,,2017-09-26,충청남도 서산시청,,2025-06-17
지오 태양광발전소,,"충청남도 서산시 고북면 용암리 산 164-9, 산163-1",,,,정상가동,99,380,60,2017,,2017-09-26,충청남도 서산시청,,2025-06-17
우공 태양광발전소,,충청남도 서산시 부석면 지산리 101-24,36.69109991,126.4251084,,정상가동,99,380,60,2017,,2017-09-26,충청남도 서산시청,,2025-06-17
상열Ⅱ 태양광발전소,,충청남도 서산시 팔봉면 어송리 1654-11,36.80926543,126.342940,,정상가동,99,380,60,2017,,2017-09-26,충청남도 서산시청,,2025-06-17
지중해 태양광발전소,,"충청남도 서산시 고북면 용암리 668-101, 산164-9",36.68061327,126.539706,,정상가동,99,380,60,2017,,2017-09-26,충청남도 서산시청,,2025-06-17
라온 태양광발전소,,"충청남도 서산시 음암면 신장리 480, 481, 486",36.75961334,126.504761,,정상가동,99,380,60,2017,,2017-09-26,충청남도 서산시청,,2025-06-17
비손 태양광발전소,,충청남도 서산시 해미면 반양리 102-46,36.73563116,126.5310438,,정상가동,99,380,60,2017,,2017-09-26,충청남도 서산시청,,2025-06-17
천광 태양광발전소,,"충청남도 서산시 해미면 반양리 102-5, 154",36.73639896,126.5307471,,정상가동,99,380,60,2017,,2017-09-26,충청남도 서산시청,,2025-06-17
인투 태양광발전소,,충청남도 서산시 해미면 반양리 102-35,36.73608395,126.5307338,,정상가동,99,380,60,2017,,2017-09-26,충청남도 서산시청,,2025-06-17
부선 태양광발전소,,충청남도 서산시 해미면 반양리 102-38,36.73604867,126.5313056,,정상가동,99,380,60,2017,,2017-09-26,충청남도 서산시청,,2025-06-17
공호 태양광발전소,,충청남도 서산시 해미면 반양리 102-45,36.73572868,126.5307008,,정상가동,99,380,60,2017,,2017-09-26,충청남도 서산시청,,2025-06-17
JKS 태양광발전소,,충청남도 서산시 해미면 반양리 102-35,36.73608395,126.5307338,,정상가동,99,380,60,2017,,2017-09-26,충청남도 서산시청,,2025-06-17
서강 태양광발전소,,충청남도 서산시 해미면 반양리 102-46,36.73563116,126.5310438,,정상가동,99,380,60,2017,,2017-09-26,충청남도 서산시청,,2025-06-17
JW 태양광발전소,,충청남도 서산시 팔봉면 호리 산 73,,,,정상가동,99,380,60,2017,,2017-09-26,충청남도 서산시청,,2025-06-17
동화 태양광발전소,,충청남도 서산시 팔봉면 호리 산 73,,,,정상가동,99,380,60,2017,,2017-09-26,충청남도 서산시청,,2025-06-17
이솔라텍㈜ 태양광발전소,,"충청남도 서산시 팔봉면 진장리 508, 509",36.77545128,126.3646902,,가동중단,99,380,60,2017,,2017-09-26,충청남도 서산시청,,2025-06-17
영화 태양광발전소,,충청남도 서산시 팔봉면 진장리 438,36.77587973,126.3652686,,정상가동,99,380,60,2017,,2017-09-26,충청남도 서산시청,,2025-06-17
노은Ⅰ호 태양광발전소,충청남도 서산시 인지면 애정길 112,,36.73599428,126.4185471,,정상가동,99,380,60,2017,,2017-09-26,충청남도 서산시청,,2025-06-17
대명 태양광발전소,,"충청남도 서산시 인지면 야당리 292-5,-6",36.73851811,126.4261784,,정상가동,99,380,60,2017,,2017-09-26,충청남도 서산시청,,2025-06-17
가람Ⅰ 태양광발전소,,충청남도 서산시 지곡면 도성리 14-6,36.88055708,126.4244697,,정상가동,99,380,60,2017,,2017-09-26,충청남도 서산시청,,2025-06-17
명준 태양광발전소,충청남도 서산시 대산읍 명지2로 47,,36.95560539,126.4205282,,정상가동,99,380,60,2017,,2017-09-26,충청남도 서산시청,,2025-06-17
형진 태양광발전소,,충청남도 서산시 인지면 산동리 344,36.71397181,126.421184,,가동중단,99,380,60,2017,,2017-09-26,충청남도 서산시청,,2025-06-17
모아 태양광발전소,,"충청남도 서산시 고북면 남정리 797, 828, 829, 833-1",36.68962672,126.5269307,,정상가동,99,380,60,2017,,2017-09-26,충청남도 서산시청,,2025-06-17
늘해랑 태양광발전소,,"충청남도 서산시 운산면 와우리 668-5, 712-5",,,,정상가동,99,380,60,2017,,2017-09-26,충청남도 서산시청,,2025-06-17
드림 태양광발전소,,"충청남도 서산시 운산면 와우리 668-5, 712-5",,,,정상가동,99,380,60,2017,,2017-09-26,충청남도 서산시청,,2025-06-17
한사랑 태양광발전소,,충청남도 서산시 운산면 와우리 산 99-1,,,,정상가동,99,380,60,2017,,2017-09-26,충청남도 서산시청,,2025-06-17
하나 태양광발전소,,충청남도 서산시 운산면 와우리 산 99-1,,,,정상가동,99,380,60,2017,,2017-09-26,충청남도 서산시청,,2025-06-17
정승 태양광발전소,,충청남도 서산시 팔봉면 흑석리 298-1,36.84704773,126.3766214,,정상가동,99,380,60,2017,,2017-09-26,충청남도 서산시청,,2025-06-17
초원 태양광발전소,,충청남도 서산시 팔봉면 어송리 산117-6,36.80601826,126.3513775,,정상가동,99,380,60,2017,,2017-09-26,충청남도 서산시청,,2025-06-17
대교 태양광발전소,,충청남도 서산시 팔봉면 어송리 산117-6,36.80601826,126.3513775,,정상가동,99,380,60,2017,,2017-09-26,충청남도 서산시청,,2025-06-17
Sun&Moon 태양광발전소,,"충청남도 서산시 음암면 유계리 373, 374, 354, 353",36.75093574,126.5189063,,정상가동,99,380,60,2017,,2017-09-26,충청남도 서산시청,,2025-06-17
For-Rest 태양광발전소,,충청남도 서산시 수석동 46-2,36.77673801,126.4968962,,정상가동,99,380,60,2017,,2017-09-26,충청남도 서산시청,,2025-06-17
동서 태양광발전소,,충청남도 서산시 부석면 칠전리 539-3,36.66603158,126.3762785,,정상가동,99,380,60,2017,,2017-09-26,충청남도 서산시청,,2025-06-17
(주) 영에너지2 태양광발전소,,충청남도 서산시 음암면 유계리 산 36,,,,가동중단,195.36,380,60,2017,,2017-09-13,충청남도 서산시청,,2025-06-17
주영 태양광발전소,,충청남도 서산시 부석면 마룡리 산 198,36.63970352,126.3840136,,가동중단,95.04,380,60,2017,,2017-09-13,충청남도 서산시청,,2025-06-17
하늘 태양광발전소,,충청남도 서산시 부석면 마룡리 산 198,36.63970352,126.3840136,,가동중단,95.04,380,60,2017,,2017-09-13,충청남도 서산시청,,2025-06-17
원광수평리 태양광발전소,,충청남도 서산시 부석면 마룡리 산 198,36.63970352,126.3840136,,가동중단,95.04,380,60,2017,,2017-09-13,충청남도 서산시청,,2025-06-17
썬파워 태양광발전소,,충청남도 서산시 부석면 마룡리 산 198,36.63970352,126.3840136,,가동중단,95.04,380,60,2017,,2017-09-13,충청남도 서산시청,,2025-06-17
찬영 태양광발전소,,충청남도 서산시 부석면 갈마리 52,36.72515954,126.3862705,,가동중단,95.04,380,60,2017,,2017-09-13,충청남도 서산시청,,2025-06-17
엠제이지에너지(주)  태양광발전소,,충청남도 서산시 부석면 갈마리 52,36.72515954,126.3862705,,가동중단,95.04,380,60,2017,,2017-09-13,충청남도 서산시청,,2025-06-17
(주)이에스에너지 태양광발전소,,충청남도 서산시 음암면 도당리 산 313-12,,,,가동중단,95.04,380,60,2017,,2017-09-13,충청남도 서산시청,,2025-06-17
모닝글로리(주) 태양광발전소,,충청남도 서산시 음암면 도당리 산 313-12,,,,가동중단,95.04,380,60,2017,,2017-09-13,충청남도 서산시청,,2025-06-17
휴은에너지 태양광발전소,,충청남도 서산시 음암면 도당리 산 313-12,,,,가동중단,95.04,380,60,2017,,2017-09-13,충청남도 서산시청,,2025-06-17
케이2파워 태양광발전소,,충청남도 서산시 음암면 도당리 산 313-12,,,,가동중단,95.04,380,60,2017,,2017-09-13,충청남도 서산시청,,2025-06-17
양준섭 태양광발전소,,충청남도 서산시 음암면 도당리 산 313-12,,,,가동중단,95.04,380,60,2017,,2017-09-13,충청남도 서산시청,,2025-06-17
그린파워3 태양광발전소,,충청남도 서산시 음암면 도당리 산 313-12,,,,가동중단,195.36,380,60,2017,,2017-09-13,충청남도 서산시청,,2025-06-17
흑석리18호 태양광발전소,,충청남도 서산시 음암면 도당리 52-152,36.82198615,126.5383851,,가동중단,99.36,380,60,2017,,2017-08-22,충청남도 서산시청,,2025-06-17
흑석리17호 태양광발전소,,충청남도 서산시 음암면 도당리 산 313-12,,,,가동중단,99.36,380,60,2017,,2017-08-22,충청남도 서산시청,,2025-06-17
흑석리16호 태양광발전소,,충청남도 서산시 음암면 도당리 산 313-12,,,,가동중단,99.36,380,60,2017,,2017-08-22,충청남도 서산시청,,2025-06-17
흑석리15호 태양광발전소,,충청남도 서산시 음암면 도당리 산 313-12,,,,가동중단,99.36,380,60,2017,,2017-08-22,충청남도 서산시청,,2025-06-17
흑석리14호 태양광발전소,,충청남도 서산시 음암면 도당리 52-153,36.82184172,126.5383446,,가동중단,99.36,380,60,2017,,2017-08-22,충청남도 서산시청,,2025-06-17
흑석리13호 태양광발전소,,충청남도 서산시 음암면 도당리 52-154,36.82166755,126.5382991,,정상가동,99.36,380,60,2017,,2017-08-22,충청남도 서산시청,,2025-06-17
흑석리12호 태양광발전소,,충청남도 서산시 음암면 도당리 52-155,36.82138929,126.5381951,,가동중단,99.36,380,60,2017,,2017-08-22,충청남도 서산시청,,2025-06-17
흑석리11호 태양광발전소,,충청남도 서산시 음암면 도당리 52-133,36.82329576,126.5384746,,가동중단,99.36,380,60,2017,,2017-08-22,충청남도 서산시청,,2025-06-17
흑석리10호 태양광발전소,,충청남도 서산시 음암면 도당리 52-148,36.8231315,126.5384789,,정상가동,99.36,380,60,2017,,2017-08-22,충청남도 서산시청,,2025-06-17
흑석리9호 태양광발전소,,충청남도 서산시 음암면 도당리 52-149,36.82299258,126.5384826,,가동중단,99.36,380,60,2017,,2017-08-22,충청남도 서산시청,,2025-06-17
흑석리8호 태양광발전소,,충청남도 서산시 음암면 도당리 52-150,36.82284204,126.538473,,가동중단,99.36,380,60,2017,,2017-08-22,충청남도 서산시청,,2025-06-17
흑석리7호 태양광발전소,,충청남도 서산시 음암면 도당리 52-146,36.82282589,126.5369697,,가동중단,99.36,380,60,2017,,2017-08-22,충청남도 서산시청,,2025-06-17
흑석리6호 태양광발전소,,충청남도 서산시 음암면 도당리 52-147,36.82262598,126.5368433,,가동중단,99.36,380,60,2017,,2017-08-22,충청남도 서산시청,,2025-06-17
흑석리5호 태양광발전소,,충청남도 서산시 음암면 도당리 산 313번지 12호,,,,가동중단,99.36,380,60,2017,,2017-08-22,충청남도 서산시청,,2025-06-17
흑석리4호 태양광발전소,,충청남도 서산시 음암면 도당리 산 313번지 12호,,,,가동중단,99.36,380,60,2017,,2017-08-22,충청남도 서산시청,,2025-06-17
흑석리3호 태양광발전소,,충청남도 서산시 음암면 도당리 52-131,36.82315811,126.537326,,정상가동,99.36,380,60,2017,,2017-08-22,충청남도 서산시청,,2025-06-17
흑석리2호 태양광발전소,,충청남도 서산시 음암면 도당리 52번지 151호,,,,가동중단,99.36,380,60,2017,,2017-08-22,충청남도 서산시청,,2025-06-17
흑석리1호 태양광발전소,,충청남도 서산시 대산읍 운산리 산 169-8,36.94487399,126.4584017,,가동중단,99.36,380,60,2017,,2017-08-22,충청남도 서산시청,,2025-06-17
희연2호 태양광발전소,,충청남도 서산시 대산읍 운산리 339 번지 (2필지),,,,가동중단,99.23,380,60,2017,,2017-08-21,충청남도 서산시청,,2025-06-17
희연1호 태양광발전소,,충청남도 서산시 대산읍 운산리 339 번지(7필지),,,,가동중단,99.23,380,60,2017,,2017-08-21,충청남도 서산시청,,2025-06-17
윤진2 태양광발전소,충청남도 서산시 지곡면 탑성골1길 199-49,,36.92218594,126.4259542,,가동중단,96.56,380,60,2017,,2017-08-14,충청남도 서산시청,,2025-06-17
윤진1 태양광발전소,,"충청남도 서산시 팔봉면 금학리 산 40-1 ,40-2(2필지)",36.83330316,126.4049306,,가동중단,198.8,380,60,2017,,2017-08-14,충청남도 서산시청,,2025-06-17
남정리1호 태양광발전소,,"충청남도 서산시 팔봉면 금학리 산 40-1 ,40-2(2필지)",36.83330316,126.4049306,,가동중단,486.4,380,60,2017,,2017-08-14,충청남도 서산시청,,2025-06-17
정자리2호 태양광발전소,,"충청남도 서산시 팔봉면 금학리 산 40-1 ,40-2(2필지)",36.83330316,126.4049306,,가동중단,486.4,380,60,2017,,2017-08-14,충청남도 서산시청,,2025-06-17
문수 태양광발전소,충청남도 서산시 고운로 117-7(읍내동),,36.78175798,126.4497579,,가동중단,99,380,60,2017,,2017-08-04,충청남도 서산시청,,2025-06-17
갤럭시1호 태양광발전소,,"충청남도 서산시 해미면 양림리 87, 88, 89, 90",36.71502775,126.5078743,,가동중단,36.72,380,60,2017,,2017-08-03,충청남도 서산시청,,2025-06-17
재필 태양광발전소,,충청남도 서산시 부석면 봉락리 25-1,36.6909553,126.3973831,,정상가동,99.23,220,60,2017,,2017-07-28,충청남도 서산시청,,2025-06-17
유성 태양광발전소,,충청남도 서산시 부석면 봉락리 25-1,36.6909553,126.3973831,,가동중단,198,380,60,2017,,2017-07-28,충청남도 서산시청,,2025-06-17
이용구 태양광발전소,,충청남도 서산시 운산면 소중리 산 23,36.78388727,126.5477952,,가동중단,79.38,380,60,2017,,2017-07-26,충청남도 서산시청,,2025-06-17
명일 태양광발전소,,"충청남도 서산시 부석면 지산리 산 279-1 660-1, 660-3, 678-14",,,,정상가동,97.92,380,60,2017,,2017-07-26,충청남도 서산시청,,2025-06-17
행복2호 태양광발전소,,충청남도 서산시 성연면 명천리 905-1,36.84556003,126.4836751,,가동중단,99.36,380,60,2017,,2017-07-26,충청남도 서산시청,,2025-06-17
행복1호 태양광발전소,,충청남도 서산시 음암면 상홍리 산 129-2,36.78585307,126.4995555,,가동중단,99.36,380,60,2017,,2017-07-26,충청남도 서산시청,,2025-06-17
태산2호 태양광발전소,,충청남도 서산시 음암면 상홍리 190-1,36.78573928,126.5001899,,가동중단,99.36,380,60,2017,,2017-07-26,충청남도 서산시청,,2025-06-17
태산1호 태양광발전소,,충청남도 서산시 음암면 상홍리 189-1,36.78471516,126.5006946,,가동중단,99.36,380,60,2017,,2017-07-26,충청남도 서산시청,,2025-06-17
마룡20호 태양광발전소,,충청남도 서산시 고북면 신정리 산 97-1,36.68139575,126.5071637,,가동중단,40.12,380,60,2017,,2017-07-21,충청남도 서산시청,,2025-06-17
마룡19호 태양광발전소,,충청남도 서산시 팔봉면 진장리 산 196-10 산196-10 (2필지),,,,가동중단,99.28,380,60,2017,,2017-07-21,충청남도 서산시청,,2025-06-17
서산덕지2차 태양광,,충청남도 서산시 음암면 유계리 산 36,,,,정상가동,900,380,60,2016,,2016-12-20,충청남도 서산시청,,2025-06-17
영에너지 태양광발전소,,충청남도 서산시 음암면 유계리 산 36,,,,정상가동,999.18,380,60,2016,,2016-12-20,충청남도 서산시청,,2025-06-17
KCC대죽 원료창고 태양광발전소),,충청남도 서산시 음암면 유계리 318-1,36.75161101,126.5216977,,정상가동,906.66,380,60,2016,,2016-09-29,충청남도 서산시청,,2025-06-17
오지 태양광발전소,,충청남도 서산시 인지면 산동리 584-1,36.71729828,126.4125891,,정상가동,897.75,22900,60,2016,,2016-07-19,충청남도 서산시청,,2025-06-17
정우 태양광발전소,,충청남도 서산시 인지면 산동리 584-1,36.71729828,126.4125891,,정상가동,990,380,60,2016,,2016-02-26,충청남도 서산시청,,2025-06-17
조양2호 태양광발전소,,"충청남도 서산시 인지면 산동리 584-1, 584-2",36.71729828,126.4125891,,정상가동,496.62,22900,60,2016,,2016-03-24,충청남도 서산시청,,2025-06-17
GMD 태양광발전소,,"충청남도 서산시 인지면 산동리 584-1. 584-2, 584-3",,,,정상가동,496.62,22900,60,2016,,2016-03-24,충청남도 서산시청,,2025-06-17
조양13호 태양광발전소,,"충청남도 서산시 인지면 산동리 584-1, 584-2",36.71729828,126.4125891,,정상가동,94.86,380,60,2016,,2016-03-24,충청남도 서산시청,,2025-06-17
조양4호 태양광발전소,,"충청남도 서산시 인지면 산동리 584-1, 594-3",36.71729828,126.4125891,,가동중단,94.86,380,60,2016,,2016-03-24,충청남도 서산시청,,2025-06-17
모월3리마을회 태양광발전소,,충청남도 서산시 인지면 산동리 584-3,,,,정상가동,15,380,60,2016,,2016-03-16,충청남도 서산시청,,2025-06-17
선일 태양광발전소,,충청남도 서산시 인지면 산동리 584-3,,,,정상가동,98.8,380,60,2016,,2016-03-14,충청남도 서산시청,,2025-06-17
㈜호영 태양광발전소,,충청남도 서산시 인지면 산동리 584-14,36.71625527,126.4127657,,가동중단,98.8,380,60,2016,,2016-03-02,충청남도 서산시청,,2025-06-17
신혜영 태양광발전소,,충청남도 서산시 인지면 산동리 584-5,36.71644278,126.4121349,,가동중단,98.8,380,60,2016,,2016-03-02,충청남도 서산시청,,2025-06-17
신태호 태양광발전소,,충청남도 서산시 인지면 산동리 584-6,36.7159623,126.4118616,,가동중단,98.8,380,60,2016,,2016-03-02,충청남도 서산시청,,2025-06-17
신현호 태양광발전소,,충청남도 서산시 운산면 와우리 산 82-1,,,,가동중단,98.8,380,60,2016,,2016-03-02,충청남도 서산시청,,2025-06-17
신승호 태양광발전소,,충청남도 서산시 운산면 와우리 산 82-1,,,,가동중단,98.8,380,60,2016,,2016-03-02,충청남도 서산시청,,2025-06-17
김차용 태양광발전소,,충청남도 서산시 운산면 와우리 산 82-1,,,,가동중단,98.8,380,60,2016,,2016-03-02,충청남도 서산시청,,2025-06-17
김판주 태양광발전소,,충청남도 서산시 운산면 와우리 산 82-1,,,,가동중단,98.8,380,60,2016,,2016-03-02,충청남도 서산시청,,2025-06-17
정정효 태양광발전소,,충청남도 서산시 성연면 일람리 336위,,,,가동중단,98.8,380,60,2016,,2016-03-02,충청남도 서산시청,,2025-06-17
신지호 태양광발전소,,충청남도 서산시 해미면 반양리 102-31,,,,가동중단,98.8,380,60,2016,,2016-03-02,충청남도 서산시청,,2025-06-17
신관호 태양광발전소,,충청남도 서산시 해미면 반양리 102-31,,,,가동중단,98.8,380,60,2016,,2016-03-02,충청남도 서산시청,,2025-06-17
㈜서전종합전기 태양광발전소,,충청남도 서산시 운산면 팔중리 산 42,36.78730395,126.6447905,,가동중단,98.8,380,60,2016,,2016-03-02,충청남도 서산시청,,2025-06-17
(주)조은엔지니어링 태양광발전소,,충청남도 서산시 운산면 팔중리 산 42,36.78730395,126.6447905,,가동중단,98.8,380,60,2016,,2016-03-02,충청남도 서산시청,,2025-06-17
제이에이치솔라4호 태양광발전소,,충청남도 서산시 운산면 팔중리 산 42,36.78730395,126.6447905,,정상가동,994.5,22900,60,2016,,2016-10-07,충청남도 서산시청,,2025-06-17
(유)서진퓨처 태양광발전소,,충청남도 서산시 운산면 팔중리 산 42,36.78730395,126.6447905,,정상가동,998.82,22900,60,2016,,2016-04-26,충청남도 서산시청,,2025-06-17
태현 태양광발전소,,충청남도 서산시 운산면 팔중리 산 42,36.78730395,126.6447905,,가동중단,498.96,380,60,2016,,2016-12-14,충청남도 서산시청,,2025-06-17
써니 태양광발전소,,충청남도 서산시 운산면 팔중리 산 42,36.78730395,126.6447905,,가동중단,498.96,380,60,2016,,2016-12-14,충청남도 서산시청,,2025-06-17
미소 태양광발전소,,충청남도 서산시 운산면 팔중리 산 42,36.78730395,126.6447905,,가동중단,498.96,380,60,2016,,2016-12-14,충청남도 서산시청,,2025-06-17
우기 태양광발전소,,충청남도 서산시 운산면 팔중리 산 42,36.78730395,126.6447905,,가동중단,498.96,380,60,2016,,2016-12-14,충청남도 서산시청,,2025-06-17
후니 태양광발전소,,충청남도 서산시 운산면 팔중리 산 42,36.78730395,126.6447905,,가동중단,498.96,380,60,2016,,2016-12-14,충청남도 서산시청,,2025-06-17
성준 태양광발전소,,충청남도 서산시 운산면 팔중리 산 42,36.78730395,126.6447905,,가동중단,498.96,380,60,2016,,2016-12-14,충청남도 서산시청,,2025-06-17
민주 태양광발전소,,충청남도 서산시 운산면 팔중리 산 42,36.78730395,126.6447905,,가동중단,498.96,380,60,2016,,2016-12-14,충청남도 서산시청,,2025-06-17
우정 태양광발전소,,충청남도 서산시 운산면 팔중리 산 42,36.78730395,126.6447905,,가동중단,90.72,380,60,2016,,2016-12-14,충청남도 서산시청,,2025-06-17
어송2 태양광발전소,,충청남도 서산시 운산면 팔중리 산 42,36.78730395,126.6447905,,정상가동,99.28,380,60,2016,,2016-12-09,충청남도 서산시청,,2025-06-17
삼미 태양광발전소,,충청남도 서산시 지곡면 환성리 280-7,36.90940542,126.4406363,,정상가동,86.4,380,60,2016,,2016-12-09,충청남도 서산시청,,2025-06-17
동해태양광발전소,,"충청남도 서산시 대산읍 오지리 18-1, 18-2, 18-4, 18-5, 18-7",36.94464655,126.3862358,,가동중단,97.2,380,60,2016,,2016-12-09,충청남도 서산시청,,2025-06-17
혜숙 태양광발전소,,"충청남도 서산시 대산읍 운산리 1, 1-3, 1-12번지",36.93403404,126.4749809,,정상가동,99.2,380,60,2016,,2016-12-08,충청남도 서산시청,,2025-06-17
미순 태양광발전소,,"충청남도 서산시 대산읍 운산리 1, 1-3번지",36.93403404,126.4749809,,정상가동,99.2,380,60,2016,,2016-12-08,충청남도 서산시청,,2025-06-17
규순 태양광발전소,,"충청남도 서산시 대산읍 운산리 1, 1-205, 1-206번지",36.93403404,126.4749809,,정상가동,99.2,380,60,2016,,2016-12-08,충청남도 서산시청,,2025-06-17
왕태양광발전소,,"충청남도 서산시 대산읍 운산리 1, 1-3, 1-206번지",36.93403404,126.4749809,,정상가동,196.08,380,60,2016,,2016-12-02,충청남도 서산시청,,2025-06-17
성환 태양광발전소,,"충청남도 서산시 대산읍 운산리 1-205, 1-206번지",36.93454402,126.4753871,,정상가동,99.2,380,60,2016,,2016-11-14,충청남도 서산시청,,2025-06-17
산동리2구 마을회 태양광발전소,,충청남도 서산시 팔봉면 호리 산 94,,,,정상가동,19.04,380,60,2016,,2016-11-15,충청남도 서산시청,,2025-06-17
노은2호 태양광발전소,,충청남도 서산시 대산읍 운산리 산 1-206호,,,,가동중단,98.6,380,60,2016,,2016-11-11,충청남도 서산시청,,2025-06-17
노은3호 태양광발전소,,충청남도 서산시 대산읍 운산리 1-206,36.93444757,126.4745561,,가동중단,98.6,380,60,2016,,2016-11-11,충청남도 서산시청,,2025-06-17
성암 태양광발전소,,"충청남도 서산시 대산읍 운산리 1, 1-206번지",36.93403404,126.4749809,,정상가동,98.33,380,60,2016,,2016-11-10,충청남도 서산시청,,2025-06-17
서산ENG 태양광발전소,,충청남도 서산시 대산읍 운산리 산 1-206,,,,정상가동,198.45,380,60,2016,,2016-11-10,충청남도 서산시청,,2025-06-17
정옥 태양광발전소,,충청남도 서산시 팔봉면 덕송리 산 133,,,,가동중단,99.2,380,60,2016,,2016-11-08,충청남도 서산시청,,2025-06-17
유진 태양광발전소,,충청남도 서산시 팔봉면 덕송리 산 133,,,,가동중단,99.2,380,60,2016,,2016-11-08,충청남도 서산시청,,2025-06-17
명희 태양광발전소,,충청남도 서산시 성연면 예덕리 384-1,,,,가동중단,99.2,380,60,2016,,2016-11-08,충청남도 서산시청,,2025-06-17
승효 태양광발전소,,충청남도 서산시 대산읍 운산리 652,36.96002315,126.450125,,가동중단,99.2,380,60,2016,,2016-11-08,충청남도 서산시청,,2025-06-17
승관 태양광발전소,충청남도 서산시 율지8로 68 (동문동),,36.77903229,126.4654234,,정상가동,99.2,380,60,2016,,2016-11-08,충청남도 서산시청,,2025-06-17
희정 태양광발전소,,충청남도 서산시 고북면 정자리 31-14,36.66067114,126.5166737,,가동중단,99.2,380,60,2016,,2016-11-08,충청남도 서산시청,,2025-06-17
은수 태양광발전소,,충청남도 서산시 대산읍 운산리 286-8,36.93001613,126.4553361,,가동중단,99.2,380,60,2016,,2016-11-08,충청남도 서산시청,,2025-06-17
미래3 태양광발전소,,충청남도 서산시 대산읍 대로리 469-2,36.94874086,126.4004751,,가동중단,98.28,380,60,2016,,2016-11-07,충청남도 서산시청,,2025-06-17
성연 태양광발전소,,충청남도 서산시 부석면 지산리 101-24,36.69109991,126.4251084,,정상가동,97.92,380,60,2016,,2016-10-26,충청남도 서산시청,,2025-06-17
이레 태양광발전소,,충청남도 서산시 음암면 문양리 산 40,36.84551172,126.5112674,,정상가동,97.92,380,60,2016,,2016-10-26,충청남도 서산시청,,2025-06-17
한빛 태양광발전소,,충청남도 서산시 음암면 문양리 산 40,36.84551172,126.5112674,,정상가동,97.92,380,60,2016,,2016-10-26,충청남도 서산시청,,2025-06-17
함께하는에너지(태양광발전소),,"충청남도 서산시 운산면 갈산리 51-9, -16 건물위",36.79729861,126.5788827,,정상가동,97.92,380,60,2016,,2016-10-26,충청남도 서산시청,,2025-06-17
미래희망 태양광발전소,,충청남도 서산시 대산읍 오지리 18-1,36.94464655,126.3862358,,정상가동,97.92,380,60,2016,,2016-10-26,충청남도 서산시청,,2025-06-17
디아이에너지(태양광발전소),,충청남도 서산시 해미면 홍천리 842,36.74429111,126.520983,,정상가동,97.92,380,60,2016,,2016-10-26,충청남도 서산시청,,2025-06-17
TIM에너지 태양광발전소,,충청남도 서산시 고북면 정자리 31-14,36.66067114,126.5166737,,정상가동,97.92,380,60,2016,,2016-10-26,충청남도 서산시청,,2025-06-17
SY 태양광발전소,,충청남도 서산시 음암면 탑곡리 675,36.80668843,126.5407003,,정상가동,97.92,380,60,2016,,2016-10-26,충청남도 서산시청,,2025-06-17
킹스하트컴퍼니산동리 태양광발전소,,충청남도 서산시 부석면 창리 271-6,36.62071921,126.3731734,,정상가동,97.92,380,60,2016,,2016-10-26,충청남도 서산시청,,2025-06-17
파더즈하트컴퍼니산동리 태양광발전소,,충청남도 서산시 음암면 율목리 739,36.81353395,126.493369,,정상가동,97.92,380,60,2016,,2016-10-26,충청남도 서산시청,,2025-06-17
지저스하트컴퍼니산동리 태양광발전소,,충청남도 서산시 장동 236,36.73458867,126.4818957,,정상가동,97.92,380,60,2016,,2016-10-26,충청남도 서산시청,,2025-06-17
와우2  태양광발전소,,충청남도 서산시 장동 236,36.73458867,126.4818957,,정상가동,99.2,380,60,2016,,2016-10-24,충청남도 서산시청,,2025-06-17
와우3 태양광발전소,,충청남도 서산시 고북면 봉생리 578-19,36.63995526,126.4975594,,정상가동,99.2,380,60,2016,,2016-10-24,충청남도 서산시청,,2025-06-17
와우4 태양광발전소,,충청남도 서산시 고북면 봉생리 578-10,36.64005571,126.4971052,,정상가동,119.04,380,60,2016,,2016-10-24,충청남도 서산시청,,2025-06-17
와우1 태양광발전소,,충청남도 서산시 고북면 봉생리 578-11,36.63995526,126.4975594,,정상가동,99.2,380,60,2016,,2016-10-24,충청남도 서산시청,,2025-06-17
양지랜드태양광발전소,,"충청남도 서산시 고북면 봉생리 578-10, -26 건물위",36.64005571,126.4971052,,정상가동,19.53,220,60,2016,,2016-10-21,충청남도 서산시청,,2025-06-17
유호 태양광발전소,,충청남도 서산시 고북면 봉생리 578-3,36.64099913,126.4945348,,가동중단,97.92,380,60,2016,,2016-10-19,충청남도 서산시청,,2025-06-17
효주 태양광발전소,,"충청남도 서산시 인지면 모월리 270-43, -54 건물위",36.72025695,126.431574,,가동중단,97.92,380,60,2016,,2016-10-19,충청남도 서산시청,,2025-06-17
대광에너지 태양광발전소,,충청남도 서산시 지곡면 연화리 114 건물위,,,,가동중단,98.6,380,60,2016,,2016-10-13,충청남도 서산시청,,2025-06-17
대한 쏠라에너지 태양광발전소,,충청남도 서산시 음암면 부산리 산 57번지 대지위,,,,가동중단,98.6,380,60,2016,,2016-10-13,충청남도 서산시청,,2025-06-17
미래에너지 태양광발전소,,충청남도 서산시 음암면 부산리 산 57번지 대지위,,,,가동중단,98.6,380,60,2016,,2016-10-13,충청남도 서산시청,,2025-06-17
서산 솔라원 태양광발전소,,충청남도 서산시 음암면 부산리 산 57번지 대지위,,,,가동중단,98.6,380,60,2016,,2016-10-13,충청남도 서산시청,,2025-06-17
희망 태양광발전소,,충청남도 서산시 음암면 부산리 산 57번지 대지위,,,,가동중단,98.6,380,60,2016,,2016-10-13,충청남도 서산시청,,2025-06-17
쏠라민 태양광발전소,,충청남도 서산시 음암면 부산리 산 57번지 대지위,,,,가동중단,98.6,380,60,2016,,2016-10-13,충청남도 서산시청,,2025-06-17
황해물산2호 태양광발전소,,충청남도 서산시 음암면 부산리 산 57번지 대지위,,,,가동중단,98.6,380,60,2016,,2016-10-13,충청남도 서산시청,,2025-06-17
경영찬한빛 발전소,,충청남도 서산시 음암면 부산리 산 57번지 대지위,,,,가동중단,98.6,380,60,2016,,2016-10-13,충청남도 서산시청,,2025-06-17
지앤수 태양광발전소,,충청남도 서산시 음암면 부산리 산 57번지 대지위,,,,가동중단,98.6,380,60,2016,,2016-10-13,충청남도 서산시청,,2025-06-17
애플코리아(주)4호 태양광발전소,,충청남도 서산시 음암면 부산리 산 57번지 대지위,,,,가동중단,98.6,22900,60,2016,,2016-10-13,충청남도 서산시청,,2025-06-17
애플코리아(주) 3호 태양광발전소,,충청남도 서산시 음암면 부산리 산 57번지 대지위,,,,가동중단,98.6,22900,60,2016,,2016-10-13,충청남도 서산시청,,2025-06-17
애플코리아(주) 2호 태양광발전소,,충청남도 서산시 음암면 부산리 산 57번지 대지위,,,,가동중단,98.6,22900,60,2016,,2016-10-13,충청남도 서산시청,,2025-06-17
애플코리아(주) 1호 태양광발전소,,충청남도 서산시 음암면 부산리 산 57번지 대지위,,,,가동중단,98.6,22900,60,2016,,2016-10-13,충청남도 서산시청,,2025-06-17
환성발전소,,충청남도 서산시 팔봉면 진장리 산 186-2,,,,가동중단,99.85,380,60,2016,,2016-10-07,충청남도 서산시청,,2025-06-17
(주)오지쏠라에너지,,"충청남도 서산시 성연면 예덕리 산160-1, 665-3",,,,정상가동,395.01,380,60,2016,,2016-07-15,충청남도 서산시청,,2025-06-17
킹스하트컴퍼니(유),,충청남도 서산시 대산읍 대로리 산 1-1번지,,,,가동중단,97.92,380,60,2016,,2016-10-04,충청남도 서산시청,,2025-06-17
와이케이솔라(주),,충청남도 서산시 대산읍 대로리 산 1-1번지,,,,가동중단,97.92,380,60,2016,,2016-10-04,충청남도 서산시청,,2025-06-17
(주)타브 태양광발전소,,충청남도 서산시 대산읍 대로리 산 1-1번지,,,,가동중단,97.92,380,60,2016,,2016-10-04,충청남도 서산시청,,2025-06-17
YH운산 태양광발전소,,충청남도 서산시 대산읍 대로리 산1-1번지,,,,가동중단,97.92,380,60,2016,,2016-10-04,충청남도 서산시청,,2025-06-17
성연 태양광발전소,,충청남도 서산시 대산읍 대로리 산1-1번지,,,,가동중단,97.92,380,60,2016,,2016-10-04,충청남도 서산시청,,2025-06-17
엘론 태양광발전소,,충청남도 서산시 대산읍 대로리 산 1-1번지,,,,가동중단,97.92,380,60,2016,,2016-09-28,충청남도 서산시청,,2025-06-17
누리누빌 태양광발전소,,충청남도 서산시 대산읍 대로리 산1-1번지,,,,가동중단,97.92,380,60,2016,,2016-10-04,충청남도 서산시청,,2025-06-17
BH 태양광발전소,충청남도 서산시 대산읍 명지2로 167,,36.96407881,126.4142981,,가동중단,97.92,380,60,2016,,2016-10-04,충청남도 서산시청,,2025-06-17
도명1 태양광발전소,,"충청남도 서산시 팔봉면 어송리 449-1, 450번지",36.79339328,126.3631538,,가동중단,97.92,380,60,2016,,2016-10-04,충청남도 서산시청,,2025-06-17
창성 태양광발전소,,충청남도 서산시 지곡면 환성리 776-1,36.91902217,126.4254698,,가동중단,97.92,380,60,2016,,2016-10-04,충청남도 서산시청,,2025-06-17
도원 태양광발전소,,충청남도 서산시 팔봉면 금학리 356,36.79875494,126.4019514,,가동중단,198.4,380,60,2016,,2016-10-04,충청남도 서산시청,,2025-06-17
청명전기(주) 태양광발전소,,충청남도 서산시 지곡면 환성리 694-127 외 1번지,,,,가동중단,198.4,380,60,2016,,2016-10-04,충청남도 서산시청,,2025-06-17
예덕태양광발전소,,충청남도 서산시 지곡면 환성리 694-127 대지위,,,,가동중단,99.2,380,60,2016,,2016-09-30,충청남도 서산시청,,2025-06-17
운산태양광발전소,,충청남도 서산시 지곡면 환성리 694-127 대지위,,,,가동중단,99.2,380,60,2016,,2016-09-30,충청남도 서산시청,,2025-06-17
삼안 태양광발전소,,충청남도 서산시 갈산동 262(건물위),36.79284333,126.4349371,,정상가동,19.84,380,60,2016,,2016-08-26,충청남도 서산시청,,2025-06-17
정자리1구 태양광발전소,,충청남도 서산시 수석동 45번지 -2외 1(47번지),,,,정상가동,99.71,380,60,2016,,2016-05-20,충청남도 서산시청,,2025-06-17
회포태양광발전소,,충청남도 서산시 인지면 산동리 44-3,36.70645828,126.4329696,,가동중단,49.5,380,60,2016,,2016-08-16,충청남도 서산시청,,2025-06-17
광암 태양광발전소,,충청남도 서산시 운산면 팔중리 산 42번지,,,,가동중단,99,380,60,2016,,2016-08-12,충청남도 서산시청,,2025-06-17
지산(주)태양광발전소,,충청남도 서산시 운산면 팔중리 산 42번지,,,,정상가동,496,380,60,2016,,2016-08-10,충청남도 서산시청,,2025-06-17
무송 태양광발전소,,충청남도 서산시 음암면 성암리 261번지 1호,,,,가동중단,495,380,60,2016,,2016-08-08,충청남도 서산시청,,2025-06-17
지안 태양광발전소,,충청남도 서산시 음암면 유계리 128번지 2호 외 1번지,,,,가동중단,495,380,60,2016,,2016-08-08,충청남도 서산시청,,2025-06-17
대룡 태양광발전소,,충청남도 서산시 음암면 유계리 산 33번지 4호,,,,정상가동,97.47,380,60,2016,,2016-07-28,충청남도 서산시청,,2025-06-17
오지사랑 태양광발전소,,충청남도 서산시 음암면 유계리 산 36번지,,,,가동중단,395.01,380,60,2016,,2016-07-15,충청남도 서산시청,,2025-06-17
미래2 태양광발전소,,충청남도 서산시 음암면 유계리 산 36번지,,,,가동중단,99.84,380,60,2016,,2016-07-01,충청남도 서산시청,,2025-06-17
정자리1구 태양광발전소,,충청남도 서산시 음암면 유계리 산 36번지,,,,정상가동,99.71,380,60,2016,,2016-05-20,충청남도 서산시청,,2025-06-17
탑곡리 태양광발전소,,"충청남도 서산시 음암면 유계리 244-17, 244-20, 244-21, 244-22(대지위)",36.76208385,126.5221055,,정상가동,100,380,60,2016,,2016-05-13,충청남도 서산시청,,2025-06-17
창리 태양광발전소,,"충청남도 서산시 고북면 봉생리 578-10, -26 건물위",36.64005571,126.4971052,,정상가동,199.68,380,60,2016,,2016-04-15,충청남도 서산시청,,2025-06-17
장수 태양광발전소,,충청남도 서산시 덕지천동 61 (3필지),36.73788383,126.5039094,,정상가동,99.2,380,60,2016,,2016-04-06,충청남도 서산시청,,2025-06-17
장동제1호 태양광발전소,,충청남도 서산시 부석면 지산리 산 180-1,,,,정상가동,96.39,380,60,2016,,2016-04-01,충청남도 서산시청,,2025-06-17
장동제2호 태양광발전소,충청남도 서산시 대산읍 대죽1로 352,,37.01085803,126.4255472,,정상가동,96.39,380,60,2016,,2016-04-01,충청남도 서산시청,,2025-06-17
중앙 태양광발전소,,"충청남도 서산시 대산읍 오지리 18-1, 18-3, 18-4",36.94464655,126.3862358,,정상가동,496.62,22900,60,2016,,2016-03-24,충청남도 서산시청,,2025-06-17
조양14호 태양광발전소,충청남도 서산시 부석면 알봉길 128,,36.67851172,126.4016123,,정상가동,94.86,380,60,2016,,2016-03-24,충청남도 서산시청,,2025-06-17
옥수제1 태양광발전소,충청남도 서산시 부석면 알봉길 128,,36.67851172,126.4016123,,정상가동,99,380,60,2015,,2015-06-01,충청남도 서산시청,,2025-06-17
두손 태양광발전소,충청남도 서산시 대산읍 기은고지3길 83,,36.96097771,126.3822292,,정상가동,30,380,60,2015,,2015-01-08,충청남도 서산시청,,2025-06-17
(주)다산7 태양광발전소,충청남도 서산시 팔봉면 덕송행정골길 20-42,,36.82160769,126.3523632,,정상가동,999.18,22900,60,2015,,2015-09-16,충청남도 서산시청,,2025-06-17
(주)우리파워3호 태양광발전소,충청남도 서산시 팔봉면 덕송행정골길 20-42,,36.82160769,126.3523632,,정상가동,998.82,380,60,2015,,2015-08-26,충청남도 서산시청,,2025-06-17
우리발전2호 태양광발전소,충청남도 서산시 해미면 삼송장승길 38-40,,36.73294262,126.5633807,,정상가동,680.76,380,60,2015,,2015-05-06,충청남도 서산시청,,2025-06-17
재규1호,충청남도 서산시 팔봉면 금학소길이길 54-22,,36.81180399,126.3998752,,가동중단,99,380,60,2015,,2015-12-22,충청남도 서산시청,,2025-06-17
(유)텐시에너지,충청남도 서산시 팔봉면 금학소길이길 54-22,,36.81180399,126.3998752,,정상가동,300,380,60,2015,,2015-11-03,충청남도 서산시청,,2025-06-17
덕송4호,충청남도 서산시 팔봉면 호리2길 4,,36.84166752,126.3324886,,가동중단,148.8,380,60,2015,,2015-09-14,충청남도 서산시청,,2025-06-17
엔아이씨(NIC)서산,충청남도 서산시 팔봉면 호리2길 4,,36.84166752,126.3324886,,가동중단,148.8,380,60,2015,,2015-09-04,충청남도 서산시청,,2025-06-17
삼송,충청남도 서산시 지곡면 성동길 14-6,,36.87878961,126.418651,,가동중단,498.4,380,60,2015,,2015-08-10,충청남도 서산시청,,2025-06-17
금학제5,충청남도 서산시 팔봉면 금학소길이길 53-18,,36.81229496,126.3973384,,가동중단,100,380,60,2015,,2015-07-16,충청남도 서산시청,,2025-06-17
금학제4,충청남도 서산시 팔봉면 금학소길이길 53-18,,36.81229496,126.3973384,,가동중단,100,380,60,2015,,2015-07-16,충청남도 서산시청,,2025-06-17
㈜팔봉쏠라팔봉94,충청남도 서산시 팔봉면 금학소길이길 53-18,,36.81229496,126.3973384,,가동중단,99,380,60,2015,,2015-06-25,충청남도 서산시청,,2025-06-17
네이쳐에너지,충청남도 서산시 팔봉면 덕송행정골길 33-4,,36.82225299,126.3482943,,가동중단,99,380,60,2015,,2015-06-25,충청남도 서산시청,,2025-06-17
성동1호,,충청남도 서산시 팔봉면 진장리 165-5,36.7645750496,126.3689093812,,가동중단,98,380,60,2015,,2015-06-18,충청남도 서산시청,,2025-06-17
금학제3,충청남도 서산시 운산면 원평2길 140-11,,36.75736856,126.6251652,,가동중단,99,380,60,2015,,2015-06-17,충청남도 서산시청,,2025-06-17
금학제2,충청남도 서산시 팔봉면 호리2길 4,,36.84166752,126.3324886,,가동중단,99,380,60,2015,,2015-06-17,충청남도 서산시청,,2025-06-17
금학제1,충청남도 서산시 부석면 알봉길 128,,36.67851172,126.4016123,,가동중단,99,380,60,2015,,2015-06-17,충청남도 서산시청,,2025-06-17
덕송11호,충청남도 서산시 부석면 알봉길 128,,36.67851172,126.4016123,,가동중단,99.2,380,60,2015,,2015-06-10,충청남도 서산시청,,2025-06-17
영인,충청남도 서산시 부석면 알봉길 128,,36.67851172,126.4016123,,가동중단,99.96,380,60,2015,,2015-06-04,충청남도 서산시청,,2025-06-17
원평솔라,충청남도 서산시 대산읍 광암4길 125,,36.9380313,126.3821292,,가동중단,95.68,380,60,2015,,2015-06-03,충청남도 서산시청,,2025-06-17
선옥쏠라,충청남도 서산시 대산읍 광암4길 125,,36.9380313,126.3821292,,가동중단,99,380,60,2015,,2015-05-28,충청남도 서산시청,,2025-06-17
철모,충청남도 서산시 부석면 송시1길 47-18,,36.73000297,126.3765161,,가동중단,99,380,60,2015,,2015-05-28,충청남도 서산시청,,2025-06-17
만평1호,충청남도 서산시 인지면 차리강수길 242,,36.77369453,126.3955746,,가동중단,99,380,60,2015,,2015-05-28,충청남도 서산시청,,2025-06-17
충평1호,충청남도 서산시 성연면 충의로 709-14,,36.83179997,126.4411306,,가동중단,99,380,60,2015,,2015-05-28,충청남도 서산시청,,2025-06-17
대로2,충청남도 서산시 대산읍 광암4길 125,,36.9380313,126.3821292,,가동중단,49.5,380,60,2015,,2015-05-22,충청남도 서산시청,,2025-06-17
㈜솔라도시,충청남도 서산시 대산읍 광암4길 125,,36.9380313,126.3821292,,가동중단,99,380,60,2015,,2015-05-22,충청남도 서산시청,,2025-06-17
김종국,충청남도 서산시 대산읍 광암4길 125,,36.9380313,126.3821292,,가동중단,99,380,60,2015,,2015-05-12,충청남도 서산시청,,2025-06-17
차동,충청남도 서산시 대산읍 광암4길 125,,36.9380313,126.3821292,,가동중단,97.2,380,60,2015,,2015-04-30,충청남도 서산시청,,2025-06-17
글로리솔루션,충청남도 서산시 대산읍 광암4길 125,,36.9380313,126.3821292,,가동중단,99,380,60,2015,,2015-04-24,충청남도 서산시청,,2025-06-17
사랑,충청남도 서산시 대산읍 광암4길 125,,36.9380313,126.3821292,,가동중단,99,380,60,2015,,2015-04-16,충청남도 서산시청,,2025-06-17
푸른들,충청남도 서산시 대산읍 망일산로 370,,36.94103889,126.4715797,,가동중단,99,380,60,2015,,2015-04-16,충청남도 서산시청,,2025-06-17
해오름,충청남도 서산시 팔봉면 호리중말길 76-44,,36.84843879,126.3302997,,가동중단,99,380,60,2015,,2015-04-16,충청남도 서산시청,,2025-06-17
빛나는,충청남도 서산시 팔봉면 호리중말길 76-44,,36.84843879,126.3302997,,가동중단,99,380,60,2015,,2015-04-16,충청남도 서산시청,,2025-06-17
㈜정도에너텍,충청남도 서산시 팔봉면 호리중말길 76-44,,36.84843879,126.3302997,,가동중단,99,380,60,2015,,2015-04-16,충청남도 서산시청,,2025-06-17
믿음,충청남도 서산시 팔봉면 호리중말길 76-44,,36.84843879,126.3302997,,가동중단,99,380,60,2015,,2015-04-16,충청남도 서산시청,,2025-06-17
고정,충청남도 서산시 음암면 신장덧배기길 74-11,,36.75262262,126.5109742,,정상가동,19.8,380,60,2015,,2015-04-15,충청남도 서산시청,,2025-06-17
호리3호,충청남도 서산시 인지면 모월3길 28-8,,36.7225996,126.4236914,,가동중단,97.2,380,60,2015,,2015-04-15,충청남도 서산시청,,2025-06-17
호리2호,충청남도 서산시 인지면 모월3길 28-8,,36.7225996,126.4236914,,가동중단,97.2,380,60,2015,,2015-04-15,충청남도 서산시청,,2025-06-17
호리1호,충청남도 서산시 대산읍 망일산로 360,,36.94020334,126.4716247,,가동중단,97.2,380,60,2015,,2015-04-15,충청남도 서산시청,,2025-06-17
㈜팔봉쏠라,충청남도 서산시 대산읍 탑성골1길 229,,36.92579852,126.4233241,,가동중단,97.2,380,60,2015,,2015-04-15,충청남도 서산시청,,2025-06-17
알앤비태양광발전소,"충청남도 서산시 대산읍 물안1로 50, 엠씨하우스",,36.96563487,126.417172,,정상가동,99.2,380,60,2015,,2015-02-13,충청남도 서산시청,,2025-06-17
모월2호,충청남도 서산시 인지면 풍전2길 80-6,,36.7735189,126.4280706,,정상가동,82.62,380,60,2015,,2015-02-06,충청남도 서산시청,,2025-06-17
모월1호,충청남도 서산시 운산면 갈산무로치길 138,,,,,정상가동,99.11,380,60,2015,,2015-02-06,충청남도 서산시청,,2025-06-17
효종2,충청남도 서산시 팔봉면 한재무두리1길 138-16,,36.83062817,126.3551821,,가동중단,19.8,380,60,2015,,2015-02-06,충청남도 서산시청,,2025-06-17
광일,충청남도 서산시 해미면 관터로 148-12,,36.7294038,126.5384828,,가동중단,99,380,60,2015,,2015-02-06,충청남도 서산시청,,2025-06-17
대로리,,"충청남도 서산시 부석면 봉락리 289-9, 289-14",36.68876778,126.3931966,,가동중단,45,380,60,2015,,2015-02-03,충청남도 서산시청,,2025-06-17
아이이큐,,충청남도 서산시 부석면 봉락리 산17-1 대지위,,,,가동중단,59.95,380,60,2015,,2015-01-29,충청남도 서산시청,,2025-06-17
상준,,충청남도 서산시 부석면 봉락리 산17-1 대지위,,,,가동중단,99,380,60,2015,,2015-01-26,충청남도 서산시청,,2025-06-17
덕장제2,,충청남도 서산시 부석면 봉락리 289-10,36.68850491,126.3931596,,가동중단,188.16,380,60,2015,,2015-01-15,충청남도 서산시청,,2025-06-17
두손,,충청남도 서산시 부석면 봉락리 289-10,36.68850491,126.3931596,,정상가동,30,380,60,2015,,2015-01-08,충청남도 서산시청,,2025-06-17
누리3 태양광발전소,,"충청남도 서산시 부석면 봉락리 289-10, 289-15",36.68850491,126.3931596,,정상가동,99.36,380,60,2015,,2015-12-30,충청남도 서산시청,,2025-06-17
성주 태양광발전소,,충청남도 서산시 부석면 강당리 1020-12 대지위,,,,정상가동,99.36,380,60,2015,,2015-12-30,충청남도 서산시청,,2025-06-17
가비 태양광발전소,,"충청남도 서산시 부석면 강당리 1020-8, -20 대지위",36.67765317,126.4014891,,정상가동,99.36,380,60,2015,,2015-12-30,충청남도 서산시청,,2025-06-17
누리4 태양광발전소,,충청남도 서산시 부석면 강당리 1020-3 대지위,,,,정상가동,99.36,380,60,2015,,2015-12-30,충청남도 서산시청,,2025-06-17
누리 태양광발전소,,"충청남도 서산시 부석면 강당리 1020-9, -21 대지위",36.6775111,126.4015049,,가동중단,99.36,380,60,2015,,2015-12-30,충청남도 서산시청,,2025-06-17
누리2 태양광발전소,,충청남도 서산시 부석면 강당리 1020-26 대지위,,,,정상가동,99.36,380,60,2015,,2015-12-30,충청남도 서산시청,,2025-06-17
강당1호 태양광발전소,,"충청남도 서산시 부석면 강당리 1020-11, -31 대지위",36.67717564,126.4015403,,정상가동,99,380,60,2015,,2015-12-22,충청남도 서산시청,,2025-06-17
진욱1호 태양광발전소,,충청남도 서산시 부석면 강당리 1020-10 대지위,,,,정상가동,99,380,60,2015,,2015-12-22,충청남도 서산시청,,2025-06-17
진원1호 태양광발전소,,충청남도 서산시 팔봉면 덕송리 산134 대지위,,,,정상가동,99,380,60,2015,,2015-12-22,충청남도 서산시청,,2025-06-17
유연1호 태양광발전소,,충청남도 서산시 부석면 강당리 1020-23 대지위,,,,정상가동,99,380,60,2015,,2015-12-22,충청남도 서산시청,,2025-06-17
진혁1호 태양광발전소,,충청남도 서산시 부석면 강당리 1020-25 대지위,,,,정상가동,99,380,60,2015,,2015-12-22,충청남도 서산시청,,2025-06-17
진주 태양광발전소,,충청남도 서산시 부석면 강당리 1020-24 대지위,,,,정상가동,99.2,380,60,2015,,2015-12-22,충청남도 서산시청,,2025-06-17
선광 태양광발전소,,충청남도 서산시 고북면 용암리 517-1 외 3필지 대지위,,,,정상가동,99,380,60,2015,,2015-12-22,충청남도 서산시청,,2025-06-17
서근들 태양광발전소,,충청남도 서산시 성연면 고남리 882-1 대지위,,,,정상가동,199.68,380,60,2015,,2015-10-30,충청남도 서산시청,,2025-06-17
길영1호 태양광발전소,,충청남도 서산시 지곡면 중왕리 17-3,36.86925584,126.3990069,,가동중단,99,380,60,2015,,2015-12-22,충청남도 서산시청,,2025-06-17
희윤1호 태양광발전소,,"충청남도 서산시 지곡면 산성리 987, 988 건물위",36.87183679,126.4108819,,가동중단,99,380,60,2015,,2015-12-22,충청남도 서산시청,,2025-06-17
오순1호 태양광발전소,,충청남도 서산시 지곡면 도성리 433 대지위,,,,정상가동,99,380,60,2015,,2015-12-22,충청남도 서산시청,,2025-06-17
해누리서산 태양광발전소 1호,,"충청남도 서산시 지곡면 대요리 922-1, -3 대지위",36.89173804,126.4237284,,정상가동,99,380,60,2015,,2015-12-14,충청남도 서산시청,,2025-06-17
금바위 태양광발전소,,충청남도 서산시 지곡면 대요리 922-2 대지위,,,,정상가동,97.47,380,60,2015,,2015-11-30,충청남도 서산시청,,2025-06-17
(주)팔봉쏠라중왕 태양광발전소,,"충청남도 서산시 부석면 강당리 1020-7, -19 대지위",36.67775617,126.4014777,,정상가동,499.59,22900,60,2015,,2015-11-25,충청남도 서산시청,,2025-06-17
산성리 태양광발전소,,"충청남도 서산시 부석면 강당리 1020-5, -17 대지위",36.67803371,126.4014674,,정상가동,50,380,60,2015,,2015-09-14,충청남도 서산시청,,2025-06-17
도암 태양광발전소,,"충청남도 서산시 부석면 강당리 1020-6, -18 대지위",36.67788009,126.401421,,정상가동,49.5,380,60,2015,,2015-07-22,충청남도 서산시청,,2025-06-17
태광 태양광발전소,충청남도 서산시 학동10로 21-1 (동문동),,36.78703938,126.4621793,,정상가동,431.52,380,60,2015,,2015-07-17,충청남도 서산시청,,2025-06-17
금광 태양광발전소,,"충청남도 서산시 부석면 강당리 1020-4, -16 대지위",36.67814746,126.4014658,,정상가동,446.4,380,60,2015,,2015-07-17,충청남도 서산시청,,2025-06-17
신화1호 태양광발전소,,충청남도 서산시 성연면 오사리 382-4 건물위,,,,정상가동,99,380,60,2015,,2015-10-16,충청남도 서산시청,,2025-06-17
주광 태양광발전소,,충청남도 서산시 팔봉면 호리 467번지 6호,,,,가동중단,99,380,60,2015,,2015-10-16,충청남도 서산시청,,2025-06-17
영신 태양광발전소,,충청남도 서산시 팔봉면 호리 467번지 12호,,,,가동중단,99,380,60,2015,,2015-10-16,충청남도 서산시청,,2025-06-17
두레 태양광발전소,,충청남도 서산시 팔봉면 호리 467번지 8호,,,,정상가동,30.78,380,60,2015,,2015-10-05,충청남도 서산시청,,2025-06-17
하은 태양광발전소,,"충청남도 서산시 해미면 삼송리 236-14, -16 대지위",36.73434125,126.5662416,,가동중단,99,380,60,2015,,2015-10-02,충청남도 서산시청,,2025-06-17
생동회제2 태양광발전소,,충청남도 서산시 해미면 홍천리 227-4 대지위,,,,정상가동,19.04,220,60,2015,,2015-06-25,충청남도 서산시청,,2025-06-17
에스솔루션즈 태양광발전소,,"충청남도 서산시 해미면 홍천리 산 40번지 5호 467-3, 467-6",,,,정상가동,99,380,60,2015,,2015-06-25,충청남도 서산시청,,2025-06-17
(주)리호에너지 태양광발전소,,충청남도 서산시 팔봉면 호리 467번지 4호,,,,정상가동,156.78,380,60,2015,,2015-07-03,충청남도 서산시청,,2025-06-17
(주)우리파워1호 태양광발전소,,"충청남도 서산시 팔봉면 호리 467-14, 462",36.84029235,126.3363163,,정상가동,99,380,60,2015,,2015-06-25,충청남도 서산시청,,2025-06-17
그린솔라중부하이웨이㈜서산휴게소주차장 태양광발전소,,충청남도 서산시 팔봉면 호리 467번지 13호,,,,정상가동,148.8,380,60,2015,,2015-06-23,충청남도 서산시청,,2025-06-17
해나라6호 태양광발전소,,"충청남도 서산시 팔봉면 호리 산94, 467-1 대지위",,,,정상가동,33,380,60,2015,,2015-06-23,충청남도 서산시청,,2025-06-17
석천2 태양광발전소,,충청남도 서산시 팔봉면 호리 467-11,36.83986633,126.3357727,,정상가동,50,380,60,2015,,2015-06-18,충청남도 서산시청,,2025-06-17
영에너지 태양광발전소,,충청남도 서산시 팔봉면 호리 467번지 7호,,,,정상가동,99,380,60,2015,,2015-06-03,충청남도 서산시청,,2025-06-17
선영 태양광발전소,,충청남도 서산시 팔봉면 호리 467번지 5호,,,,정상가동,197.64,380,60,2015,,2015-07-03,충청남도 서산시청,,2025-06-17
제이엠에너지 태양광발전소,,충청남도 서산시 팔봉면 호리 467번지 10호,,,,정상가동,197.64,380,60,2015,,2015-07-03,충청남도 서산시청,,2025-06-17
(주)성익에너지산업 태양광발전소15호,,충청남도 서산시 팔봉면 호리 467번지 9호,,,,정상가동,197.64,380,60,2015,,2015-05-28,충청남도 서산시청,,2025-06-17
주식회사 광복 태양광발전소,,"충청남도 서산시 지곡면 화천리 1014-1 건물위, 부지위",,,,정상가동,198,380,60,2015,,2015-05-28,충청남도 서산시청,,2025-06-17
선옥쏠라 태양광발전소,,충청남도 서산시 대산읍 대로리 200-24 건물위,,,,정상가동,99,380,60,2015,,2015-05-28,충청남도 서산시청,,2025-06-17
써니데이 태양광발전소,,"충청남도 서산시 팔봉면 덕송리 19, 33 대지위",36.83227758,126.3538923,,정상가동,99,380,60,2015,,2015-05-28,충청남도 서산시청,,2025-06-17
(주)파워업 태양광발전소,,"충청남도 서산시 팔봉면 덕송리 19, 33 대지위",36.83227758,126.3538923,,정상가동,99,380,60,2015,,2015-05-28,충청남도 서산시청,,2025-06-17
대신에너지 태양광발전소,,충청남도 서산시 성연면 오사리 361-1 건물위,,,,정상가동,99,380,60,2015,,2015-05-28,충청남도 서산시청,,2025-06-17
송전선로화천제1 태양광발전소,,충청남도 서산시 팔봉면 덕송리 산 94번지 대지위,,,,정상가동,30.6,220,60,2015,,2015-05-22,충청남도 서산시청,,2025-06-17
대로리 태양광발전소,,충청남도 서산시 팔봉면 덕송리 산 94번지 대지위,,,,가동중단,45,380,60,2015,,2015-05-13,충청남도 서산시청,,2025-06-17
덕장제3호 태양광발전소,,충청남도 서산시 팔봉면 덕송리 산 94번지 대지위,,,,가동중단,81,380,60,2015,,2015-09-10,충청남도 서산시청,,2025-06-17
덕장제2호 태양광발전소,,충청남도 서산시 팔봉면 덕송리 산 94번지 대지위,,,,가동중단,192.78,380,60,2015,,2015-09-10,충청남도 서산시청,,2025-06-17
생동회제1 태양광발전소,,충청남도 서산시 팔봉면 덕송리 산 94번지,,,,정상가동,82.04,380,60,2015,,2015-04-27,충청남도 서산시청,,2025-06-17
덕송5호 태양광발전소,,충청남도 서산시 팔봉면 덕송리 산 94번지 대지위,,,,가동중단,99.2,380,60,2015,,2015-09-04,충청남도 서산시청,,2025-06-17
덕송6호 태양광발전소,,충청남도 서산시 팔봉면 덕송리 산 94번지 대지위,,,,가동중단,148.8,380,60,2015,,2015-09-04,충청남도 서산시청,,2025-06-17
덕송7호 태양광발전소,,"충청남도 서산시 음암면 율목리 553-2, -4 건물위, 대지위",36.82065202,126.4965812,,가동중단,99.2,380,60,2015,,2015-09-04,충청남도 서산시청,,2025-06-17
(주)다산테크 태양광발전소,,충청남도 서산시 음암면 율목리 산 72번지 대지위,,,,가동중단,148.8,380,60,2015,,2015-09-04,충청남도 서산시청,,2025-06-17
덕송9호 태양광발전소,,충청남도 서산시 운산면 용장리 235번지 4호,,,,가동중단,99.2,380,60,2015,,2015-09-04,충청남도 서산시청,,2025-06-17
덕송10호 태양광발전소,,충청남도 서산시 부석면 월계리 9번지 9호,,,,정상가동,99.2,380,60,2015,,2015-09-04,충청남도 서산시청,,2025-06-17
덕송11호 태양광발전소,,충청남도 서산시 지곡면 환성리 510-2 대지위,,,,가동중단,99.2,380,60,2015,,2015-09-04,충청남도 서산시청,,2025-06-17
율목1호 태양광발전소,,충청남도 서산시 부석면 대두리 168번지 3호,,,,정상가동,97.47,380,60,2015,,2015-09-02,충청남도 서산시청,,2025-06-17
율목2호 태양광발전소,,충청남도 서산시 해미면 동암리 16-2 대지위,,,,가동중단,97.47,380,60,2015,,2015-09-02,충청남도 서산시청,,2025-06-17
용장리 태양광발전소,,충청남도 서산시 고북면 신상리 18번지 9호 외 1필지,,,,가동중단,99.96,380,60,2015,,2015-08-25,충청남도 서산시청,,2025-06-17
김재옥 태양광발전소,,"충청남도 서산시 팔봉면 어송리 448, 450-1",36.79353396,126.3627405,,가동중단,99,380,60,2015,,2015-08-13,충청남도 서산시청,,2025-06-17
한뫼 태양광발전소,,충청남도 서산시 팔봉면 진장리 산188-1 건물위,,,,정상가동,70,380,60,2015,,2015-03-27,충청남도 서산시청,,2025-06-17
부석양지 태양광발전소,,충청남도 서산시 팔봉면 진장리 산188-1 건물위,,,,정상가동,252,380,60,2015,,2015-03-18,충청남도 서산시청,,2025-06-17
해미 태양광발전소,,충청남도 서산시 팔봉면 진장리 236-1외 2필지 건물위,,,,정상가동,99,380,60,2015,,2015-03-17,충청남도 서산시청,,2025-06-17
미래 태양광발전소,,"충청남도 서산시 팔봉면 진장리 236-1, 238-1 건물위",36.77102316,126.3695387,,정상가동,99,380,60,2015,,2015-03-17,충청남도 서산시청,,2025-06-17
어송 태양광발전소,,"충청남도 서산시 오남동 497, 497-2",36.74790486,126.4702689,,정상가동,98.83,380,60,2015,,2015-03-16,충청남도 서산시청,,2025-06-17
진장제4 태양광발전소,,충청남도 서산시 오남동 497번지,,,,정상가동,99,380,60,2015,,2015-02-17,충청남도 서산시청,,2025-06-17
진장제3 태양광발전소,,충청남도 서산시 팔봉면 대황리 223-2,36.83598766,126.3758883,,정상가동,99,380,60,2015,,2015-02-17,충청남도 서산시청,,2025-06-17
진장제2 태양광발전소,,"충청남도 서산시 팔봉면 덕송리 96-2, 112-1",36.82694377,126.3524791,,정상가동,99,380,60,2015,,2015-02-17,충청남도 서산시청,,2025-06-17
진장제1 태양광발전소,,"충청남도 서산시 팔봉면 덕송리 96-3, 96-4, 112, 115-4, 115-5, 115-6",,,,정상가동,99,380,60,2015,,2015-02-17,충청남도 서산시청,,2025-06-17
오산제2태양광발전소,,"충청남도 서산시 팔봉면 덕송리 96-5, 112-2, 115-3",36.82641735,126.352445,,정상가동,99,380,60,2015,,2015-02-11,충청남도 서산시청,,2025-06-17
오산제1태양광발전소,,"충청남도 서산시 팔봉면 덕송리 96-8, 115-1",36.82639087,126.3530588,,정상가동,99,380,60,2015,,2015-02-11,충청남도 서산시청,,2025-06-17
대황1리마을회 태양광발전소,충청남도 서산시 팔봉면 덕송행정골길 20-42,,36.82160769,126.3523632,,정상가동,98.56,380,60,2015,,2015-01-15,충청남도 서산시청,,2025-06-17
옥수제5 태양광발전소,,"충청남도 서산시 해미면 동암리 135, 137",36.72920487,126.5384492,,정상가동,73.15,380,60,2015,,2015-06-01,충청남도 서산시청,,2025-06-17
옥수제4 태양광발전소,,충청남도 서산시 지곡면 중왕리 산 12-1,,,,정상가동,99,380,60,2015,,2015-06-01,충청남도 서산시청,,2025-06-17
옥수제3 태양광발전소,,충청남도 서산시 성연면 예덕리 산 160-1,,,,정상가동,99,380,60,2015,,2015-06-01,충청남도 서산시청,,2025-06-17
옥수제2 태양광발전소,,충청남도 서산시 대산읍 운산리 486-53,,,,정상가동,99,380,60,2015,,2015-06-01,충청남도 서산시청,,2025-06-17
호야에너지,충청남도 서산시 해미면 관터로 424-9,,36.74904716,126.5476775,,정상가동,99,380,60,2014,,2014-12-24,충청남도 서산시청,,2025-06-17
현우서산,충청남도 서산시 해미면 관터로 424-9,,36.74904716,126.5476775,,정상가동,99,380,60,2014,,2014-12-24,충청남도 서산시청,,2025-06-17
해나라5호,충청남도 서산시 해미면 관터로 424-9,,36.74904716,126.5476775,,정상가동,99,380,60,2014,,2014-12-24,충청남도 서산시청,,2025-06-17
해나라4호,충청남도 서산시 해미면 관터로 424-9,,36.74904716,126.5476775,,정상가동,99,380,60,2014,,2014-12-24,충청남도 서산시청,,2025-06-17
해나라3호,충청남도 서산시 해미면 관터로 424-9,,36.74904716,126.5476775,,정상가동,99,380,60,2014,,2014-12-24,충청남도 서산시청,,2025-06-17
해나라2호,충청남도 서산시 해미면 관터로 424-9,,36.74904716,126.5476775,,가동중단,99,380,60,2014,,2014-12-24,충청남도 서산시청,,2025-06-17
해나라1호,충청남도 서산시 해미면 관터로 424-9,,36.74904716,126.5476775,,정상가동,99,380,60,2014,,2014-12-24,충청남도 서산시청,,2025-06-17
영선,충청남도 서산시 음암면 율목1길 141-11,,36.81772786,126.5060772,,가동중단,99,380,60,2014,,2014-12-23,충청남도 서산시청,,2025-06-17
황이,충청남도 서산시 군진4길 157(죽성동),,36.75744741,126.439928,,정상가동,98.28,380,60,2014,,2014-12-19,충청남도 서산시청,,2025-06-17
오남2호,충청남도 서산시 오남3길 69(오남동),,36.74268358,126.4690828,,정상가동,98.28,380,60,2014,,2014-12-18,충청남도 서산시청,,2025-06-17
오남 태양광발전소,충청남도 서산시 오남3길 69(오남동),,36.74268358,126.4690828,,정상가동,98.28,380,60,2014,,2014-12-18,충청남도 서산시청,,2025-06-17
㈜지엔씨에너지,충청남도 서산시 양대11로 55-2(양대동),,36.72274135,126.4626994,,가동중단,500,380,60,2014,,2014-12-16,충청남도 서산시청,,2025-06-17
세빛,충청남도 서산시 고북면 고북4로 495-20,,36.64895564,126.4884385,,가동중단,98.82,380,60,2014,,2014-12-05,충청남도 서산시청,,2025-06-17
정찬2,충청남도 서산시 대산읍 운산회포길 55,,36.93164057,126.4746772,,정상가동,49.28,380,60,2014,,2014-11-26,충청남도 서산시청,,2025-06-17
오지,충청남도 서산시 대산읍 가로림로 503-32,,36.94896446,126.3747684,,정상가동,99,380,60,2014,,2014-11-19,충청남도 서산시청,,2025-06-17
한빛,충청남도 서산시 해미면 내포로 2511-11,,,,,정상가동,98.82,380,60,2014,,2014-11-12,충청남도 서산시청,,2025-06-17
사랑폐차장,"충청남도 서산시 소탐7길 132, 서산사랑폐차장 (수석동)",,36.75319605,126.4966058,,정상가동,99,380,60,2014,,2014-11-12,충청남도 서산시청,,2025-06-17
송현,충청남도 서산시 부석면 한머리2길 301,,36.70856777,126.3799911,,정상가동,99,380,60,2014,,2014-10-30,충청남도 서산시청,,2025-06-17
오영,충청남도 서산시 부석면 한머리2길 303,,36.70876048,126.3799134,,정상가동,99,380,60,2014,,2014-10-30,충청남도 서산시청,,2025-06-17
씨앤솔루션,충청남도 서산시 부석면 한머리2길 303,,36.70876048,126.3799134,,정상가동,99,380,60,2014,,2014-10-30,충청남도 서산시청,,2025-06-17
에쓰투,충청남도 서산시 부석면 한머리2길 305,,36.70903624,126.3799698,,정상가동,99,380,60,2014,,2014-10-30,충청남도 서산시청,,2025-06-17
노은,충청남도 서산시 부석면 한머리2길 295-8,,36.7091558,126.3790683,,정상가동,99,380,60,2014,,2014-10-30,충청남도 서산시청,,2025-06-17
청담에너지,충청남도 서산시 부석면 한머리2길 295-10,,36.70927296,126.3791232,,정상가동,99,380,60,2014,,2014-10-30,충청남도 서산시청,,2025-06-17
세화에너지,충청남도 서산시 부석면 한머리2길 295-12,,36.70954743,126.3795182,,정상가동,99,380,60,2014,,2014-10-30,충청남도 서산시청,,2025-06-17
애플코리아㈜,충청남도 서산시 부석면 한머리2길 295-14,,36.70959822,126.3795631,,정상가동,99,380,60,2014,,2014-10-30,충청남도 서산시청,,2025-06-17
전천,충청남도 서산시 해미면 전천길 91-8,,36.72049223,126.5259652,,정상가동,49.5,380,60,2014,,2014-10-29,충청남도 서산시청,,2025-06-17
통해제2,충청남도 서산시 부석면 마산로 51-9,,36.73818647,126.3872022,,가동중단,325,380,60,2014,,2014-10-16,충청남도 서산시청,,2025-06-17
쏠라,충청남도 서산시 부석면 가사2길 71-18,,36.75821717,126.3688816,,정상가동,49.5,380,60,2014,,2014-10-23,충청남도 서산시청,,2025-06-17
황금터,충청남도 서산시 음암면 황금터길 172-59,,36.77265072,126.5071522,,가동중단,99.2,380,60,2014,,2014-10-21,충청남도 서산시청,,2025-06-17
성진에너지,충청남도 서산시 음암면 황금터길 172-59,,36.77265072,126.5071522,,가동중단,99.2,380,60,2014,,2014-10-21,충청남도 서산시청,,2025-06-17
준경18호,충청남도 서산시 지곡면 중왕3길 122,,36.87795028,126.3721299,,가동중단,99,380,60,2014,,2014-10-17,충청남도 서산시청,,2025-06-17
김문수,충청남도 서산시 지곡면 중왕3길 122,,36.87795028,126.3721299,,가동중단,99,380,60,2014,,2014-10-17,충청남도 서산시청,,2025-06-17
박성숙,충청남도 서산시 지곡면 중왕3길 122,,36.87795028,126.3721299,,가동중단,99,380,60,2014,,2014-10-17,충청남도 서산시청,,2025-06-17
전철,충청남도 서산시 지곡면 중왕3길 122,,36.87795028,126.3721299,,가동중단,80,380,60,2014,,2014-10-16,충청남도 서산시청,,2025-06-17
민수,충청남도 서산시 지곡면 중왕3길 122,,36.87795028,126.3721299,,가동중단,99,380,60,2014,,2014-10-16,충청남도 서산시청,,2025-06-17
남도우,충청남도 서산시 지곡면 중왕3길 122,,36.87795028,126.3721299,,가동중단,99,380,60,2014,,2014-10-16,충청남도 서산시청,,2025-06-17
이순자,충청남도 서산시 지곡면 중왕3길 122,,36.87795028,126.3721299,,가동중단,99,380,60,2014,,2014-10-16,충청남도 서산시청,,2025-06-17
전준규,충청남도 서산시 지곡면 중왕3길 122,,36.87795028,126.3721299,,가동중단,99,380,60,2014,,2014-10-16,충청남도 서산시청,,2025-06-17
효종 태양광발전소,충청남도 서산시 대산읍 운산가날개길 13-5,,36.94001709,126.4702512,,정상가동,19.8,380,60,2014,,2014-10-15,충청남도 서산시청,,2025-06-17
SUNNY1호,충청남도 서산시 팔봉면 흑석벗터길 69-1,,36.84558981,126.3666849,,가동중단,99,380,60,2014,,2014-09-16,충청남도 서산시청,,2025-06-17
JH3호,충청남도 서산시 팔봉면 흑석벗터길 69-1,,36.84558981,126.3666849,,가동중단,99,380,60,2014,,2014-09-16,충청남도 서산시청,,2025-06-17
SY,충청남도 서산시 팔봉면 흑석벗터길 69-1,,36.84558981,126.3666849,,가동중단,99,380,60,2014,,2014-09-16,충청남도 서산시청,,2025-06-17
시온,충청남도 서산시 팔봉면 흑석벗터길 69-1,,36.84558981,126.3666849,,가동중단,99,380,60,2014,,2014-09-16,충청남도 서산시청,,2025-06-17
세인,충청남도 서산시 팔봉면 흑석벗터길 69-1,,36.84558981,126.3666849,,가동중단,99,380,60,2014,,2014-09-16,충청남도 서산시청,,2025-06-17
현대,충청남도 서산시 팔봉면 흑석벗터길 69-1,,36.84558981,126.3666849,,가동중단,99,380,60,2014,,2014-09-16,충청남도 서산시청,,2025-06-17
해승서산,충청남도 서산시 팔봉면 흑석벗터길 69-1,,36.84558981,126.3666849,,가동중단,99,380,60,2014,,2014-09-15,충청남도 서산시청,,2025-06-17
민재,충청남도 서산시 팔봉면 흑석벗터길 69-1,,36.84558981,126.3666849,,가동중단,99,380,60,2014,,2014-09-15,충청남도 서산시청,,2025-06-17
예준,충청남도 서산시 팔봉면 흑석벗터길 69-1,,36.84558981,126.3666849,,가동중단,99,380,60,2014,,2014-09-15,충청남도 서산시청,,2025-06-17
해말근,충청남도 서산시 팔봉면 흑석벗터길 69-1,,36.84558981,126.3666849,,가동중단,99,380,60,2014,,2014-09-15,충청남도 서산시청,,2025-06-17
ROAD,충청남도 서산시 팔봉면 흑석벗터길 69-1,,36.84558981,126.3666849,,가동중단,99,380,60,2014,,2014-09-15,충청남도 서산시청,,2025-06-17
ROAD1호,충청남도 서산시 팔봉면 흑석벗터길 69-1,,36.84558981,126.3666849,,가동중단,99,380,60,2014,,2014-09-15,충청남도 서산시청,,2025-06-17
늘해랑,충청남도 서산시 팔봉면 흑석벗터길 69-1,,36.84558981,126.3666849,,가동중단,99,380,60,2014,,2014-09-15,충청남도 서산시청,,2025-06-17
롯데쇼핑㈜,충청남도 서산시 충의로 27(예천동),,36.77372306,126.4382965,,정상가동,99.49,380,60,2014,,2014-09-11,충청남도 서산시청,,2025-06-17
청오3,충청남도 서산시 운산면 중미길 182-11,,36.78170272,126.6412385,,정상가동,99,380,60,2014,,2014-09-05,충청남도 서산시청,,2025-06-17
청오3,충청남도 서산시 덕지천1길 90(덕지천동),,36.74029567,126.4976751,,정상가동,75.63,380,60,2014,,2014-09-02,충청남도 서산시청,,2025-06-17
한우리,충청남도 서산시 지곡면 환성헌터울길 166-1,,36.90089921,126.4565168,,정상가동,19.5,380,60,2014,,2014-08-20,충청남도 서산시청,,2025-06-17
용마산업사,충청남도 서산시 수석산업로 126(수석동),,36.77827164,126.5018935,,가동중단,71.55,380,60,2014,,2014-08-08,충청남도 서산시청,,2025-06-17
정수2,충청남도 서산시 지곡면 불당골길 195-8,,36.88450268,126.4296222,,정상가동,50,380,60,2014,,2014-08-06,충청남도 서산시청,,2025-06-17
온새미로서산,충청남도 서산시 지곡면 중왕3길 122,,36.87795028,126.3721299,,가동중단,99,380,60,2014,,2014-07-22,충청남도 서산시청,,2025-06-17
금돌이,충청남도 서산시 지곡면 중왕3길 122,,36.87795028,126.3721299,,가동중단,99,380,60,2014,,2014-07-22,충청남도 서산시청,,2025-06-17
해오름,충청남도 서산시 지곡면 중왕3길 122,,36.87795028,126.3721299,,가동중단,99,380,60,2014,,2014-07-21,충청남도 서산시청,,2025-06-17
시훈솔라,충청남도 서산시 지곡면 중왕3길 122,,36.87795028,126.3721299,,가동중단,99,380,60,2014,,2014-07-21,충청남도 서산시청,,2025-06-17
금순이,충청남도 서산시 지곡면 중왕3길 122,,36.87795028,126.3721299,,가동중단,99,380,60,2014,,2014-07-21,충청남도 서산시청,,2025-06-17
양지,충청남도 서산시 지곡면 중왕3길 122,,36.87795028,126.3721299,,가동중단,99,380,60,2014,,2014-07-21,충청남도 서산시청,,2025-06-17
온누리,충청남도 서산시 덕지천로 168(석남동),,36.76406945,126.4659517,,정상가동,19.45,380,60,2014,,2014-06-13,충청남도 서산시청,,2025-06-17
동남,충청남도 서산시 소탐6길 22(수석동),,36.75738913,126.4841799,,정상가동,99,380,60,2014,,2014-06-13,충청남도 서산시청,,2025-06-17
정찬2,충청남도 서산시 대산읍 운산회포길 55,,36.93164057,126.4746772,,가동중단,49.5,380,60,2014,,2014-06-13,충청남도 서산시청,,2025-06-17
부춘,"충청남도 서산시 안견로 585, 서산농,수,축산물 유통센터 (갈산동)",,36.79284333,126.4349371,,정상가동,449.82,380,60,2014,,2014-06-09,충청남도 서산시청,,2025-06-17
세우2,충청남도 서산시 대산읍 독곶1로 56,,36.99196489,126.372499,,정상가동,17.5,380,60,2014,,2014-05-15,충청남도 서산시청,,2025-06-17
대형2,충청남도 서산시 지곡면 도성2길 64-9,,36.88187124,126.411895,,정상가동,19.76,380,60,2014,,2014-05-14,충청남도 서산시청,,2025-06-17
석천,충청남도 서산시 해미면 홍천은틀길 86-90,,36.74514715,126.5368335,,정상가동,40,380,60,2014,,2014-05-13,충청남도 서산시청,,2025-06-17
인제2,충청남도 서산시 고북면 봉생길 103-14,,36.64239919,126.4972135,,정상가동,30,380,60,2014,,2014-04-15,충청남도 서산시청,,2025-06-17
신화,충청남도 서산시 대산읍 운산나루터길 133-11,,36.92587059,126.4709256,,정상가동,77.76,380,60,2014,,2014-04-10,충청남도 서산시청,,2025-06-17
운산,충청남도 서산시 대산읍 망일산로 360-29,,36.94042077,126.4743671,,정상가동,100,380,60,2014,,2014-03-27,충청남도 서산시청,,2025-06-17
정수,충청남도 서산시 지곡면 불당골길 162-49,,36.87970698,126.4265648,,정상가동,49.4,380,60,2014,,2014-03-19,충청남도 서산시청,,2025-06-17
주식회사 덕장마을 태양광발전소,,충청남도 서산시 팔봉면 덕송리 34번지 1호 외 4필지,,,,정상가동,399.84,380,60,2014,,2014-12-29,충청남도 서산시청,,2025-06-17
해나라4호 태양광발전소,,"충청남도 서산시 해미면 홍천리 46-5, 233-8",36.74834309,126.5472045,,가동중단,99,380,60,2014,,2014-12-24,충청남도 서산시청,,2025-06-17
유정 태양광발전소,,충청남도 서산시 해미면 홍천리 46번지 1반,,,,가동중단,99,380,60,2014,,2014-12-24,충청남도 서산시청,,2025-06-17
초록 태양광발전소,,충청남도 서산시 고북면 초록리 52번지,,,,정상가동,98.82,380,60,2014,,2014-11-20,충청남도 서산시청,,2025-06-17
고북 태양광발전소,,충청남도 서산시 고북면 초록리 52번지,,,,정상가동,98.82,380,60,2014,,2014-11-20,충청남도 서산시청,,2025-06-17
가야 태양광발전소,,충청남도 서산시 음암면 신장리 145-8 대지위,,,,정상가동,99,380,60,2014,,2014-10-28,충청남도 서산시청,,2025-06-17
성광태양광발전소,,충청남도 서산시 고북면 가구리 166-34 건물위,,,,정상가동,96,380,60,2014,,2014-09-04,충청남도 서산시청,,2025-06-17
인환 태양광발전소,,충청남도 서산시 해미면 황락리 40번지 건물위,,,,정상가동,45,380,60,2014,,2014-08-06,충청남도 서산시청,,2025-06-17
화성 태양광발전소,"충청남도 서산시 부춘4로 45, 4층 401호 (읍내동, 보금빌라)",,36.78727209,126.4447915,,정상가동,19.5,220,60,2014,,2014-05-15,충청남도 서산시청,,2025-06-17
지곡 태양광발전소,충청남도 서산시 지곡면 충의로 1297,,36.88344852,126.4396449,,정상가동,99,380,60,2014,,2014-03-25,충청남도 서산시청,,2025-06-17
우리발전 태양광발전소,충청남도 서산시 대산읍 명지1로 393-31,,36.9830612,126.3756187,,정상가동,995,380,60,2014,,2014-10-14,충청남도 서산시청,,2025-06-17
뉴에너지파워(주)NEP9호 태양광발전소,"충청남도 서산시 지곡면 무장산업로 229-43, (주)센트랄모텍",,36.85058152,126.457261,,정상가동,432,380,60,2014,,2014-01-13,충청남도 서산시청,,2025-06-17
정수 태양광발전소,,"충청남도 서산시 지곡면 도성리 산 11-1 ,-2(2필지)",36.88085339,126.4211459,,정상가동,49,380,60,2013,,2013-12-16,충청남도 서산시청,,2025-06-17
대형 태양광발전소,,"충청남도 서산시 지곡면 도성리 산 439-1 ,435,438,438-1(4필지)",,,,정상가동,49,380,60,2013,,2013-12-16,충청남도 서산시청,,2025-06-17
대아POWER 태양광발전소,충청남도 서산시 충의로 29-21(예천동),,36.77328601,126.4381212,,정상가동,20,380,60,2013,,2013-09-05,충청남도 서산시청,,2025-06-17
기은 태양광발전소,,충청남도 서산시 대산읍 기은리 산 595-2 (1필지),,,,정상가동,30,380,60,2013,,2013-08-21,충청남도 서산시청,,2025-06-17
인제 태양광발전소,충청남도 서산시 고북면 봉생길 103-16,,36.64205699,126.4971406,,정상가동,39.83,380,60,2013,,2013-08-21,충청남도 서산시청,,2025-06-17
퍼스트 태양광발전소,"충청남도 서산시 호수공원10로 22, 퍼스트9 (예천동)",,36.77285112,126.4489241,,가동중단,19.5,380,60,2012,,2012-11-28,충청남도 서산시청,,2025-06-17
화동 태양광발전소,충청남도 서산시 지곡면 화천3길 231-22,,36.84635526,126.4237107,,가동중단,15,380,60,2012,,2012-06-15,충청남도 서산시청,,2025-06-17
서산용장2호 태양광발전소,충청남도 서산시 운산면 용장3길 22,,36.79960909,126.5855107,,가동중단,193.2,380,60,2012,,2012-03-09,충청남도 서산시청,,2025-06-17
서산용장1호 태양광발전소,,충청남도 서산시 운산면 용장리 산 670-28,,,,가동중단,96.6,380,60,2012,,2012-03-09,충청남도 서산시청,,2025-06-17
청오2 태양광발전소,충청남도 서산시 양유정5길 22-5(읍내동),,36.78078333,126.446086,,정상가동,16.25,380,60,2012,,2012-10-08,충청남도 서산시청,,2025-06-17
청오1 태양광발전소,충청남도 서산시 부춘4로 22(읍내동),,36.78661989,126.4471749,,정상가동,16.25,380,60,2012,,2012-10-08,충청남도 서산시청,,2025-06-17
정찬 태양광발전소,,충청남도 서산시 대산읍 운산리 산 1-179 외 1필지,,,,정상가동,30,380,60,2012,,2012-07-27,충청남도 서산시청,,2025-06-17
쉼터 태양광발전소,충청남도 서산시 해미면 대곡2길 107,,36.69325025,126.5859078,,정상가동,20,380,60,2012,,2012-07-27,충청남도 서산시청,,2025-06-17
성지 태양광발전소,충청남도 서산시 해미면 용암휴암길 318-3,,36.7079786,126.5484753,,정상가동,59.42,380,60,2012,,2012-05-14,충청남도 서산시청,,2025-06-17
하늘태양에너지 태양광발전소,,충청남도 서산시 해미면 황락리 산 59-3,,,,정상가동,90,380,60,2012,,2012-04-05,충청남도 서산시청,,2025-06-17
대산새마을금고 태양광발전소,충청남도 서산시 대산읍 구진로 50,,36.93920307,126.4337548,,정상가동,29.82,380,60,2011,,2011-03-30,충청남도 서산시청,,2025-06-17
태선 태양광발전소,,"충청남도 서산시 수석동 산 386-1 , 386-2",,,,정상가동,27.6,380,60,2010,,2010-08-24,충청남도 서산시청,,2025-06-17
동한 태양광 발전소,,"충청남도 서산시 대산읍 운산리 산 198-28 , 198-103",,,,정상가동,28,380,60,2010,,2010-08-24,충청남도 서산시청,,2025-06-17
롯데쇼핑(주) 태양광발전소,충청남도 서산시 충의로 27(예천동),,36.77372306,126.4382965,,정상가동,99.49,380,60,2010,,2010-04-28,충청남도 서산시청,,2025-06-17
광신발전㈜,충청남도 서산시 고북면 농장중앙길 356-7,,36.68291161,126.5084971,,정상가동,475.2,380,60,2009,,2009-04-24,충청남도 서산시청,,2025-06-17
환희 태양광발전소,,"충청남도 서산시 수석동 산 386-1 ,2",,,,정상가동,28.38,380,60,2009,,2009-10-21,충청남도 서산시청,,2025-06-17
(주)그린에너지 태양광발전소,,충청남도 서산시 부석면 지산리 산 622-5,,,,정상가동,199,380,60,2009,,2009-09-24,충청남도 서산시청,,2025-06-17
청운 태양광발전소,,충청남도 서산시 대산읍 운산리 산 214-63,,,,정상가동,99,380,60,2009,,2009-09-02,충청남도 서산시청,,2025-06-17
고려 태양광발전소,,충청남도 서산시 고북면 신정리 산 95-1,,,,정상가동,475,380,60,2009,,2009-04-24,충청남도 서산시청,,2025-06-17
운산리 태양광발전소,,충청남도 서산시 대산읍 운산리 산 281,,,,정상가동,99,380,60,2009,,2009-01-29,충청남도 서산시청,,2025-06-17
환성1길발전소,,"충청남도 서산시 지곡면 환성리 224-29, 224-30",36.90452023,126.4467459,,정상가동,97.65,380,60,2008,,2008-09-08,충청남도 서산시청,,2025-06-17
간월 태양광발전소,,충청남도 서산시 대산읍 운산리 산 1038-15,,,,정상가동,100,380,60,2008,,2008-07-30,충청남도 서산시청,,2025-06-17
운산 태양광발전소,,충청남도 서산시 대산읍 운산리 산 4-7,,,,정상가동,100,380,60,2008,,2008-07-30,충청남도 서산시청,,2025-06-17
지산 태양광발전소,,충청남도 서산시 부석면 지산리 산 179-2,,,,정상가동,198,380,60,2008,,2008-02-14,충청남도 서산시청,,2025-06-17
호 태양광발전소,충청남도 서산시 수석산업로 135-89(수석동),,36.77905092,126.4990186,,정상가동,98,380,60,2007,,2007-09-20,충청남도 서산시청,,2025-06-17
서산 태양광발전소,충청남도 서산시 부석면 한머리2길 13-32,,36.70547119,126.3861978,,가동중단,15,220,60,2006,,2006-12-27,충청남도 서산시청,,2025-06-17
