태양광발전시설명,소재지도로명주소,소재지지번주소,위도,경도,설치상세위치구분명,가동상태구분명,설비용량,공급전압,주파수,설치연도,세부용도,허가일자,허가기관,설치면적,데이터기준일자
덕산 태양광발전소,강원특별자치도 원주시 부론면 섬뜰작실길 182-13,강원특별자치도 원주시 부론면 단강리 925,37.16965265,127.7973001,,폐기,3.0,220,60,2016,,2015-08-19,강원특별자치도 원주시청,,2025-01-31
성일 태양광발전소,강원특별자치도 원주시 호저면 신무로 27,강원특별자치도 원주시 호저면 만종리 635-2,37.35759845,127.8994225,,정상가동,99.2,380,60,2016,,2015-08-19,강원특별자치도 원주시청,,2025-01-31
부론동 태양광발전소,강원특별자치도 원주시 부론면 사기막길 4-1,강원특별자치도 원주시 부론면 단강리 478-1,37.15576726,127.8206644,,정상가동,3.0,220,60,2016,,2015-10-19,강원특별자치도 원주시청,,2025-01-31
평장리 태양광발전소,강원특별자치도 원주시 소초면 현촌길 43,강원특별자치도 원주시 소초면 평장리 898-3,37.42144474,127.9979785,,정상가동,99.9,380,60,2016,,2015-10-19,강원특별자치도 원주시청,,2025-01-31
현재 태양광발전소,강원특별자치도 원주시 소초면 장수2로 196-2,강원특별자치도 원주시 소초면 장양리 394-2,37.39883607,127.9742364,,폐기,47.74,380,60,2015,,2015-10-19,강원특별자치도 원주시청,,2025-01-31
㈜강원학교 태양광(둔둔초),강원특별자치도 원주시 소초면 버덩마을길 7,강원특별자치도 원주시 소초면 둔둔리 773,37.44666265,127.9793019,,정상가동,74.88,380,60,2016,,2015-10-26,강원특별자치도 원주시청,,2025-01-31
㈜강원학교 태양광(서곡초),강원특별자치도 원주시 판부면 용수골길 159,강원특별자치도 원주시 판부면 서곡리 1112,37.29832271,127.9390294,,정상가동,62.92,380,60,2018,,2015-10-26,강원특별자치도 원주시청,,2025-01-31
㈜강원학교 태양광(우산초),강원특별자치도 원주시 우산초교길 84,강원특별자치도 원주시 우산동 262-2,37.36960628,127.9326151,,정상가동,91.0,380,60,2016,,2015-10-26,강원특별자치도 원주시청,,2025-01-31
㈜강원학교 태양광(지정초),강원특별자치도 원주시 지정면 지정로 103,강원특별자치도 원주시 지정면 간현리 542-2,37.34824579,127.8454526,,정상가동,89.7,380,60,2016,,2015-10-26,강원특별자치도 원주시청,,2025-01-31
㈜강원학교 태양광(치악초),강원특별자치도 원주시 한지공원길 77,강원특별자치도 원주시 명륜동 709,37.33161621,127.9394333,,정상가동,96.98,380,60,2016,,2015-10-26,강원특별자치도 원주시청,,2025-01-31
㈜강원학교 태양광(학성중),강원특별자치도 원주시 동진골2길 24,강원특별자치도 원주시 일산동 250,37.35018248,127.9397356,,정상가동,72.02,380,60,2016,,2015-10-26,강원특별자치도 원주시청,,2025-01-31
상연 태양광발전소,,강원특별자치도 원주시 부론면 단강리 265,37.16526216,127.8160096,,정상가동,99.0,380,60,2016,,2015-11-13,강원특별자치도 원주시청,,2025-01-31
수연 태양광발전소,,강원특별자치도 원주시 부론면 단강리 265,37.16526216,127.8160096,,정상가동,99.0,380,60,2016,,2015-11-13,강원특별자치도 원주시청,,2025-01-31
신림 태양광발전소,강원특별자치도 원주시 신림면 치악로 166-50,강원특별자치도 원주시 신림면 신림리 386,37.24079349,128.0663477,,정상가동,99.0,380,60,2016,,2015-11-13,강원특별자치도 원주시청,,2025-01-31
정풍2 태양광발전소,,강원특별자치도 원주시 부론면 단강리 262,37.16491059,127.8153629,,정상가동,99.0,380,60,2016,,2015-11-13,강원특별자치도 원주시청,,2025-01-31
정풍3 태양광발전소,,강원특별자치도 원주시 부론면 단강리 262,37.16491059,127.8153629,,정상가동,99.0,380,60,2016,,2015-11-13,강원특별자치도 원주시청,,2025-01-31
정풍4 태양광발전소,,강원특별자치도 원주시 부론면 단강리 262,37.16491059,127.8153629,,정상가동,99.0,380,60,2016,,2015-11-13,강원특별자치도 원주시청,,2025-01-31
믿음 태양광발전소,강원특별자치도 원주시 호저면 호저로 709-14,강원특별자치도 원주시 호저면 옥산리 661-7,37.43401171,127.9277379,,정상가동,99.2,380,60,2015,,2015-12-02,강원특별자치도 원주시청,,2025-01-31
(주)강원그린채 태양광발전소,강원특별자치도 원주시 문막읍 원문로 2577,강원특별자치도 원주시 문막읍 대둔리 189,37.27656759,127.7732371,,폐기,302.4,380,60,2015,,2015-12-30,강원특별자치도 원주시청,,2025-01-31
태경 태양광발전소,강원특별자치도 원주시 흥업면 미촌길 32,강원특별자치도 원주시 흥업면 매지리 945-4,37.26042361,127.9059156,,정상가동,99.2,380,60,2016,,2015-12-30,강원특별자치도 원주시청,,2025-01-31
평장 태양광발전소,,강원특별자치도 원주시 소초면 평장리 산 252,37.41592546,128.0198463,,폐기,297.6,380,60,2015,,2015-12-30,강원특별자치도 원주시청,,2025-01-31
가온누리솔라 태양광발전소,,강원특별자치도 원주시 흥업면 대안리 산 362,37.31945268,127.874619,,정상가동,99.2,380,60,2017,,2016-01-19,강원특별자치도 원주시청,,2025-01-31
대통4호 태양광발전소,,강원특별자치도 원주시 흥업면 대안리 산 362,37.31945268,127.874619,,정상가동,99.2,380,60,2017,,2016-01-19,강원특별자치도 원주시청,,2025-01-31
반곡솔라1호 태양광발전소,,강원특별자치도 원주시 흥업면 대안리 산 362,37.31945268,127.874619,,정상가동,99.2,380,60,2017,,2016-01-19,강원특별자치도 원주시청,,2025-01-31
반곡솔라3호 태양광발전소,,강원특별자치도 원주시 흥업면 대안리 산 362,37.31945268,127.874619,,정상가동,99.2,380,60,2017,,2016-01-19,강원특별자치도 원주시청,,2025-01-31
서현쏠라8호 태양광발전소,,강원특별자치도 원주시 흥업면 대안리 산 362,37.31945268,127.874619,,정상가동,99.96,380,60,2017,,2016-01-19,강원특별자치도 원주시청,,2025-01-31
임호솔라1호 태양광발전소,,강원특별자치도 원주시 흥업면 대안리 산 362,37.31945268,127.874619,,정상가동,99.2,380,60,2017,,2016-01-19,강원특별자치도 원주시청,,2025-01-31
제이에이치솔라3호 태양광발전소,,강원특별자치도 원주시 흥업면 대안리 553-13,37.31873326,127.8730974,,정상가동,99.2,380,60,2017,,2016-01-19,강원특별자치도 원주시청,,2025-01-31
종민솔라1호 태양광발전소,,강원특별자치도 원주시 흥업면 대안리 산 362,37.31945268,127.874619,,정상가동,99.2,380,60,2017,,2016-01-19,강원특별자치도 원주시청,,2025-01-31
태진에너지 태양광발전소,,강원특별자치도 원주시 흥업면 대안리 산 362,37.31945268,127.874619,,폐기,99.2,380,60,2016,,2016-01-19,강원특별자치도 원주시청,,2025-01-31
행복솔라 태양광발전소,,강원특별자치도 원주시 흥업면 대안리 산 362,37.31945268,127.874619,,정상가동,99.2,380,60,2017,,2016-01-19,강원특별자치도 원주시청,,2025-01-31
현기쏠라2호 태양광발전소,,강원특별자치도 원주시 흥업면 대안리 산 362,37.31945268,127.874619,,정상가동,99.2,380,60,2018,,2016-01-19,강원특별자치도 원주시청,,2025-01-31
챔피언솔라1호 태양광발전소,,강원특별자치도 원주시 지정면 안창리 산 83-1,37.35448968,127.8239278,,정상가동,99.2,380,60,2018,,2016-02-23,강원특별자치도 원주시청,,2025-01-31
챔피언솔라2호 태양광발전소,,강원특별자치도 원주시 지정면 안창리 산 83-4,37.35448968,127.8239278,,정상가동,99.2,380,60,2018,,2016-02-23,강원특별자치도 원주시청,,2025-01-31
챔피언솔라3호 태양광발전소,,강원특별자치도 원주시 지정면 안창리 산 83-2,37.35448968,127.8239278,,정상가동,99.2,380,60,2018,,2016-02-23,강원특별자치도 원주시청,,2025-01-31
챔피언솔라4호 태양광발전소,,강원특별자치도 원주시 지정면 안창리 산 83-3,37.35448968,127.8239278,,정상가동,99.2,380,60,2018,,2016-02-23,강원특별자치도 원주시청,,2025-01-31
생담 태양광발전소,,강원특별자치도 원주시 호저면 무장리 457-4,37.41050502,127.8941972,,정상가동,97.2,380,60,2017,,2016-03-11,강원특별자치도 원주시청,,2025-01-31
용오름 태양광발전소,,강원특별자치도 원주시 귀래면 주포리 산 59,37.16007294,127.8586828,,폐기,99.2,380,60,2016,,2016-03-11,강원특별자치도 원주시청,,2025-01-31
법천10호 태양광발전소,,강원특별자치도 원주시 부론면 법천리 산 12,37.2178561,127.7718335,,정상가동,99.2,380,60,2017,,2016-04-26,강원특별자치도 원주시청,,2025-01-31
법천1호 태양광발전소,,강원특별자치도 원주시 부론면 법천리 산 12,37.2178561,127.7718335,,정상가동,99.2,380,60,2017,,2016-04-26,강원특별자치도 원주시청,,2025-01-31
법천2호 태양광발전소,,강원특별자치도 원주시 부론면 법천리 산 12,37.2178561,127.7718335,,정상가동,99.2,380,60,2017,,2016-04-26,강원특별자치도 원주시청,,2025-01-31
법천3호 태양광발전소,,강원특별자치도 원주시 부론면 법천리 산 12,37.2178561,127.7718335,,정상가동,99.2,380,60,2017,,2016-04-26,강원특별자치도 원주시청,,2025-01-31
법천4호 태양광발전소,,강원특별자치도 원주시 부론면 법천리 산 12,37.2178561,127.7718335,,정상가동,99.2,380,60,2017,,2016-04-26,강원특별자치도 원주시청,,2025-01-31
법천5호 태양광발전소,,강원특별자치도 원주시 부론면 법천리 산 12,37.2178561,127.7718335,,정상가동,99.2,380,60,2017,,2016-04-26,강원특별자치도 원주시청,,2025-01-31
법천6호 태양광발전소,,강원특별자치도 원주시 부론면 법천리 산 12,37.2178561,127.7718335,,정상가동,99.2,380,60,2017,,2016-04-26,강원특별자치도 원주시청,,2025-01-31
법천7호 태양광발전소,,강원특별자치도 원주시 부론면 법천리 산 12,37.2178561,127.7718335,,정상가동,99.2,380,60,2017,,2016-04-26,강원특별자치도 원주시청,,2025-01-31
법천8호 태양광발전소,,강원특별자치도 원주시 부론면 법천리 산 12,37.2178561,127.7718335,,정상가동,99.2,380,60,2017,,2016-04-26,강원특별자치도 원주시청,,2025-01-31
법천9호 태양광발전소,,강원특별자치도 원주시 부론면 법천리 산 12,37.2178561,127.7718335,,정상가동,99.2,380,60,2017,,2016-04-26,강원특별자치도 원주시청,,2025-01-31
원주신동 태양광발전소,,강원특별자치도 원주시 신림면 송계리 412-2,37.27889046,128.2011705,,폐기,91.12,380,60,2016,,2016-04-26,강원특별자치도 원주시청,,2025-01-31
둔둔솔라10호 태양광발전소,,강원특별자치도 원주시 소초면 둔둔리 산 84-2,37.44071195,127.9869355,,정상가동,99.2,380,60,2017,,2016-05-10,강원특별자치도 원주시청,,2025-01-31
둔둔솔라11호 태양광발전소,,강원특별자치도 원주시 소초면 둔둔리 산 84-2,37.44071195,127.9869355,,정상가동,99.2,380,60,2017,,2016-05-10,강원특별자치도 원주시청,,2025-01-31
둔둔솔라1호 태양광발전소,,강원특별자치도 원주시 소초면 둔둔리 336-1,37.44005698,127.9860276,,정상가동,99.2,380,60,2017,,2016-05-10,강원특별자치도 원주시청,,2025-01-31
둔둔솔라2호 태양광발전소,,강원특별자치도 원주시 소초면 둔둔리 산 84-2,37.44071195,127.9869355,,정상가동,99.2,380,60,2017,,2016-05-10,강원특별자치도 원주시청,,2025-01-31
둔둔솔라3호 태양광발전소,,강원특별자치도 원주시 소초면 둔둔리 산 84-2,37.44071195,127.9869355,,정상가동,99.2,380,60,2017,,2016-05-10,강원특별자치도 원주시청,,2025-01-31
둔둔솔라4호 태양광발전소,,강원특별자치도 원주시 소초면 둔둔리 산 84-2,37.44071195,127.9869355,,정상가동,99.2,380,60,2017,,2016-05-10,강원특별자치도 원주시청,,2025-01-31
둔둔솔라5호 태양광발전소,,강원특별자치도 원주시 소초면 둔둔리 산 84-2,37.44071195,127.9869355,,정상가동,99.2,380,60,2017,,2016-05-10,강원특별자치도 원주시청,,2025-01-31
둔둔솔라6호 태양광발전소,,강원특별자치도 원주시 소초면 둔둔리 산 84-2,37.44071195,127.9869355,,정상가동,99.2,380,60,2017,,2016-05-10,강원특별자치도 원주시청,,2025-01-31
둔둔솔라7호 태양광발전소,,강원특별자치도 원주시 소초면 둔둔리 336-1,37.44005698,127.9860276,,정상가동,99.2,380,60,2017,,2016-05-10,강원특별자치도 원주시청,,2025-01-31
둔둔솔라8호 태양광발전소,,강원특별자치도 원주시 소초면 둔둔리 산 84-2,37.44071195,127.9869355,,정상가동,99.2,380,60,2017,,2016-05-10,강원특별자치도 원주시청,,2025-01-31
둔둔솔라9호 태양광발전소,,강원특별자치도 원주시 소초면 둔둔리 336-1,37.44005698,127.9860276,,정상가동,99.2,380,60,2017,,2016-05-10,강원특별자치도 원주시청,,2025-01-31
장성에너지-1 태양광발전소,강원특별자치도 원주시 태장공단길 42-7,강원특별자치도 원주시 태장동 1720-19,37.40576659,127.9477627,,폐기,148.8,380,60,2016,,2016-05-10,강원특별자치도 원주시청,,2025-01-31
녹산 태양광발전소,강원특별자치도 원주시 부론면 두둑말길 18,강원특별자치도 원주시 부론면 흥호리 96-3,37.24394742,127.7684318,,정상가동,60.0,380,60,2017,,2016-05-26,강원특별자치도 원주시청,,2025-01-31
믿음 태양광발전소,강원특별자치도 원주시 소초면 백교안길 11,강원특별자치도 원주시 소초면 학곡리 202-2,37.42978248,128.0604076,,정상가동,99.2,380,60,2016,,2016-05-26,강원특별자치도 원주시청,,2025-01-31
보배드림 태양광발전소,강원특별자치도 원주시 호저면 살미길 76,강원특별자치도 원주시 호저면 무장리 12,37.42338148,127.9051984,,정상가동,75.6,380,60,2020,,2016-05-26,강원특별자치도 원주시청,,2025-01-31
써니 태양광발전소,강원특별자치도 원주시 호저면 막골길 74-8,강원특별자치도 원주시 호저면 주산리 113-58,37.41889086,127.929637,,정상가동,49.6,380,60,2016,,2016-05-26,강원특별자치도 원주시청,,2025-01-31
태현 태양광발전소,,강원특별자치도 원주시 지정면 보통리 69-3,37.34933202,127.8849435,,폐기,199.64,380,60,2016,,2016-05-26,강원특별자치도 원주시청,,2025-01-31
투투 태양광발전소,강원특별자치도 원주시 문막읍 원문로 2198,강원특별자치도 원주시 문막읍 반계리 1200-1,37.29659163,127.7932338,,폐기,79.56,380,60,2016,,2016-05-26,강원특별자치도 원주시청,,2025-01-31
대통5호 태양광발전소,,강원특별자치도 원주시 부론면 법천리 산 12,37.2178561,127.7718335,,폐기,99.2,380,60,2016,,2016-06-20,강원특별자치도 원주시청,,2025-01-31
동해 태양광발전소,,강원특별자치도 원주시 신림면 금창리 246,37.24101191,128.0556967,,정상가동,99.2,380,60,2016,,2016-06-20,강원특별자치도 원주시청,,2025-01-31
제이에이치솔라5호 태양광발전소,,강원특별자치도 원주시 부론면 법천리 산 12,37.2178561,127.7718335,,폐기,99.2,380,60,2016,,2016-06-20,강원특별자치도 원주시청,,2025-01-31
준기솔라4호 태양광발전소,,강원특별자치도 원주시 부론면 법천리 산 12,37.2178561,127.7718335,,폐기,99.2,380,60,2016,,2016-06-20,강원특별자치도 원주시청,,2025-01-31
진성 태양광발전소,,강원특별자치도 원주시 신림면 금창리 246,37.24101191,128.0556967,,정상가동,79.36,380,60,2016,,2016-06-20,강원특별자치도 원주시청,,2025-01-31
황둔 태양광발전소,,강원특별자치도 원주시 문막읍 반계리 산 78-3,37.29175969,127.778676,,정상가동,304.0,380,60,2017,,2016-06-20,강원특별자치도 원주시청,,2025-01-31
에너자이저 태양광발전소,,강원특별자치도 원주시 귀래면 주포리 산 61-4,37.16065184,127.8605395,,정상가동,99.2,380,60,2016,,2016-06-22,강원특별자치도 원주시청,,2025-01-31
수암1 태양광발전소,,강원특별자치도 원주시 소초면 수암리 산 279-2,37.4123800028,127.9926817,,정상가동,99.0,220,60,2019,,2016-08-10,강원특별자치도 원주시청,,2025-01-31
수암2 태양광발전소,,강원특별자치도 원주시 소초면 수암리 산 279-2,37.4123800028,127.9926817,,정상가동,99.0,220,60,2019,,2016-08-10,강원특별자치도 원주시청,,2025-01-31
수암3 태양광발전소,,강원특별자치도 원주시 소초면 수암리 산 279-2,37.4123800028,127.9926817,,정상가동,99.0,220,60,2019,,2016-08-10,강원특별자치도 원주시청,,2025-01-31
재단법인 박기범 재단 태양광발전소,강원특별자치도 원주시 지정면 오얏길 2,강원특별자치도 원주시 지정면 간현리 261-6,37.34134549,127.848494,,정상가동,251.37,380,60,2016,,2016-08-10,강원특별자치도 원주시청,,2025-01-31
신림2호 태양광발전소,강원특별자치도 원주시 신림면 치악로 166-50,강원특별자치도 원주시 신림면 신림리 386,37.24079349,128.0663477,,정상가동,64.8,380,60,2017,,2016-09-20,강원특별자치도 원주시청,,2025-01-31
연희 태양광발전소,강원특별자치도 원주시 행가리1길 108-1,강원특별자치도 원주시 무실동 1485-3,37.3160661,127.9126799,,폐기,15.12,220,60,2016,,2016-09-20,강원특별자치도 원주시청,,2025-01-31
원주 태양광발전소,강원특별자치도 원주시 호저면 원문로 502-1,강원특별자치도 원주시 호저면 만종리 507-3,37.36141796,127.9064207,,폐기,19.6,380,60,2016,,2016-09-20,강원특별자치도 원주시청,,2025-01-31
제이드원주1호 태양광발전소,,강원특별자치도 원주시 부론면 정산리 503,37.1954226,127.7867319,,정상가동,200.0,380,60,2018,,2016-09-20,강원특별자치도 원주시청,,2025-01-31
흥업1 태양광발전소,,강원특별자치도 원주시 흥업면 대안리 2135,37.25962305,127.8716836,,폐기,99.54,380,60,2016,,2016-09-20,강원특별자치도 원주시청,,2025-01-31
흥업2 태양광발전소,,강원특별자치도 원주시 흥업면 대안리 2135,37.25962305,127.8716836,,폐기,99.23,380,60,2016,,2016-09-20,강원특별자치도 원주시청,,2025-01-31
가온누리 햇빛발전소,,강원특별자치도 원주시 소초면 장양리 363,37.40181261,127.9686166,,폐기,99.2,380,60,2016,,2016-11-01,강원특별자치도 원주시청,,2025-01-31
최신 태양광발전소,강원특별자치도 원주시 이화6길 62,강원특별자치도 원주시 단계동 894-8,37.34042354,127.9312423,,폐기,15.0,380,60,2016,,2016-11-01,강원특별자치도 원주시청,,2025-01-31
현은 태양광발전소,,강원특별자치도 원주시 귀래면 주포리 218,37.16661593,127.8729938,,정상가동,396.0,380,60,2017,,2016-11-01,강원특별자치도 원주시청,,2025-01-31
리우솔라 태양광발전소,,강원특별자치도 원주시 부론면 법천리 산 12,37.2178561,127.7718335,,정상가동,99.2,380,60,2017,,2016-11-09,강원특별자치도 원주시청,,2025-01-31
무영 태양광발전소,강원특별자치도 원주시 부론면 알산골길 90,강원특별자치도 원주시 부론면 손곡리 626,37.23920556,127.8017337,,정상가동,77.05,380,60,2017,,2016-11-09,강원특별자치도 원주시청,,2025-01-31
그린파워 태양광발전소,,강원특별자치도 원주시 신림면 용암리 240,37.218812,128.095169,,정상가동,98.56,380,60,2017,,2016-11-30,강원특별자치도 원주시청,,2025-01-31
미래솔라1호 태양광발전소,,강원특별자치도 원주시 부론면 법천리 산 12,37.2178561,127.7718335,,정상가동,99.2,380,60,2017,,2016-11-30,강원특별자치도 원주시청,,2025-01-31
보영 태양광발전소,,강원특별자치도 원주시 부론면 법천리 산 12,37.2178561,127.7718335,,폐기,99.2,380,60,2016,,2016-11-30,강원특별자치도 원주시청,,2025-01-31
보영2호 태양광발전소,,강원특별자치도 원주시 부론면 법천리 산 12,37.2178561,127.7718335,,폐기,99.2,380,60,2016,,2016-11-30,강원특별자치도 원주시청,,2025-01-31
빈나에너지2호 태양광발전소,,강원특별자치도 원주시 부론면 법천리 산 12,37.2178561,127.7718335,,폐기,99.2,380,60,2016,,2016-11-30,강원특별자치도 원주시청,,2025-01-31
사하라에너지 태양광발전소,,강원특별자치도 원주시 부론면 법천리 산 12,37.2178561,127.7718335,,폐기,99.2,380,60,2016,,2016-11-30,강원특별자치도 원주시청,,2025-01-31
신일벤딩 태양광발전소,강원특별자치도 원주시 호저면 중부동1길 100,강원특별자치도 원주시 호저면 만종리 786-3,37.34484248,127.8998467,,정상가동,44.1,380,60,2018,,2016-11-30,강원특별자치도 원주시청,,2025-01-31
양지쏠라3호 태양광발전소,,강원특별자치도 원주시 신림면 용암리 241,37.21908861,128.0948025,,정상가동,98.56,380,60,2017,,2016-11-30,강원특별자치도 원주시청,,2025-01-31
홍천 태양광발전소,,강원특별자치도 원주시 신림면 용암리 240,37.218812,128.095169,,정상가동,98.56,380,60,2017,,2016-11-30,강원특별자치도 원주시청,,2025-01-31
광격1호 태양광발전소,,강원특별자치도 원주시 호저면 광격리 201-2,37.44797413,127.939335,,폐기,69.3,380,60,2016,,2016-12-15,강원특별자치도 원주시청,,2025-01-31
광격2호 태양광발전소,,강원특별자치도 원주시 호저면 광격리 201-2,37.44797413,127.939335,,폐기,69.3,380,60,2016,,2016-12-15,강원특별자치도 원주시청,,2025-01-31
광격3호 태양광발전소,,강원특별자치도 원주시 호저면 광격리 201-2,37.44797413,127.939335,,폐기,69.3,380,60,2016,,2016-12-15,강원특별자치도 원주시청,,2025-01-31
광격4호 태양광발전소,,강원특별자치도 원주시 호저면 광격리 201-2,37.44797413,127.939335,,폐기,69.3,380,60,2016,,2016-12-15,강원특별자치도 원주시청,,2025-01-31
사흥에너지1호 태양광발전소,,강원특별자치도 원주시 문막읍 비두리 511,37.24118915,127.8480304,,정상가동,200.0,380,60,2017,,2016-12-15,강원특별자치도 원주시청,,2025-01-31
원영춘 태양광발전소,강원특별자치도 원주시 새동네4길 128,강원특별자치도 원주시 태장동 846-2,37.36159783,127.9529769,,정상가동,89.78,380,60,2017,,2016-12-15,강원특별자치도 원주시청,,2025-01-31
현용 태양광발전소,,강원특별자치도 원주시 문막읍 반계리 199-13,37.28811811,127.7965267,,폐기,99.0,380,60,2016,,2016-12-15,강원특별자치도 원주시청,,2025-01-31
가현1호 태양광발전소,,강원특별자치도 원주시 가현동 466,37.39194655,127.9295785,,폐기,69.3,380,60,2016,,2016-12-23,강원특별자치도 원주시청,,2025-01-31
가현2호 태양광발전소,,강원특별자치도 원주시 가현동 466,37.39194655,127.9295785,,폐기,69.3,380,60,2016,,2016-12-23,강원특별자치도 원주시청,,2025-01-31
가현3호 태양광발전소,,강원특별자치도 원주시 가현동 466,37.39194655,127.9295785,,폐기,69.3,380,60,2016,,2016-12-23,강원특별자치도 원주시청,,2025-01-31
가현4호 태양광발전소,,강원특별자치도 원주시 가현동 466,37.39194655,127.9295785,,폐기,69.3,380,60,2016,,2016-12-23,강원특별자치도 원주시청,,2025-01-31
가현5호 태양광발전소,,강원특별자치도 원주시 가현동 466,37.39194655,127.9295785,,폐기,69.3,380,60,2016,,2016-12-23,강원특별자치도 원주시청,,2025-01-31
가현6호 태양광발전소,,강원특별자치도 원주시 가현동 466,37.39194655,127.9295785,,폐기,69.3,380,60,2016,,2016-12-23,강원특별자치도 원주시청,,2025-01-31
밝음 태양광발전소,,강원특별자치도 원주시 신림면 금창리 820-56,37.23144142,128.0350676,,폐기,97.28,380,60,2016,,2016-12-23,강원특별자치도 원주시청,,2025-01-31
원주무장쏠라팜4호 태양광발전소,,강원특별자치도 원주시 호저면 무장리 산 2,37.42431999,127.9126202,,폐기,368.64,380,60,2016,,2016-12-23,강원특별자치도 원주시청,,2025-01-31
더원 제1태양광발전소,,강원특별자치도 원주시 소초면 수암리 산 202-6,37.40608447,127.975435,,폐기,498.48,380,60,2017,,2017-01-05,강원특별자치도 원주시청,,2025-01-31
더원 제2태양광발전소,,강원특별자치도 원주시 소초면 수암리 산 202-6,37.40608447,127.975435,,폐기,498.48,380,60,2017,,2017-01-05,강원특별자치도 원주시청,,2025-01-31
솔라힐 제1태양광발전소,,강원특별자치도 원주시 소초면 수암리 산 202-6,37.40608447,127.975435,,폐기,498.48,380,60,2017,,2017-01-05,강원특별자치도 원주시청,,2025-01-31
솔라힐 제2태양광발전소,,강원특별자치도 원주시 소초면 수암리 산 202-6,37.40608447,127.975435,,폐기,498.48,380,60,2017,,2017-01-05,강원특별자치도 원주시청,,2025-01-31
씨케이솔라 태양광발전소,,강원특별자치도 원주시 부론면 법천리 산 12,37.2178561,127.7718335,,폐기,99.2,380,60,2017,,2017-01-05,강원특별자치도 원주시청,,2025-01-31
해오름 태양광발전소,,강원특별자치도 원주시 신림면 구학리 85-3,37.2136556,128.0685193,,정상가동,99.16,380,60,2017,,2017-01-05,강원특별자치도 원주시청,,2025-01-31
영자1호태양광발전소,,강원특별자치도 원주시 귀래면 운계리 산 67,37.2024528,127.8996564,,폐기,97.92,380,60,2017,,2017-02-15,강원특별자치도 원주시청,,2025-01-31
영자2호태양광발전소,,강원특별자치도 원주시 귀래면 운계리 산 67,37.2024528,127.8996564,,폐기,97.92,380,60,2017,,2017-02-15,강원특별자치도 원주시청,,2025-01-31
재언1호태양광발전소,,강원특별자치도 원주시 운계리 산 67,37.32442198,127.9181142,,폐기,97.92,380,60,2017,,2017-02-15,강원특별자치도 원주시청,,2025-01-31
재언2호태양광발전소,,강원특별자치도 원주시 운계리 산 67,37.32442198,127.9181142,,폐기,97.92,380,60,2017,,2017-02-15,강원특별자치도 원주시청,,2025-01-31
관수태양광발전소,,강원특별자치도 원주시 귀래면 운남리 520-2,37.16764644,127.8869678,,정상가동,97.92,380,60,2017,,2017-02-27,강원특별자치도 원주시청,,2025-01-31
챔피언솔라7호태양광발전소,,강원특별자치도 원주시 부론면 법천리 산 12,37.2178561,127.7718335,,정상가동,99.2,380,60,2017,,2017-02-27,강원특별자치도 원주시청,,2025-01-31
사흥에너지2호 태양광발전소,,"강원특별자치도 원주시 비두리 511,513,514,2265-1",37.32442198,127.9181142,,정상가동,130.0,380,60,2017,,2017-03-03,강원특별자치도 원주시청,,2025-01-31
바우골 태양광발전소,강원특별자치도 원주시 소초면 바우실길 54,강원특별자치도 원주시 소초면 수암리 784,37.39489506,127.9933597,,정상가동,99.0,380,60,2017,,2017-03-14,강원특별자치도 원주시청,,2025-01-31
승안동 태양광발전소,강원특별자치도 원주시 흥업면 승안동길 146-6,강원특별자치도 원주시 흥업면 대안리 700-4,37.31054045,127.8813438,,정상가동,19.04,380,60,2020,,2017-03-14,강원특별자치도 원주시청,,2025-01-31
온누리 태양광발전소,,강원특별자치도 원주시 소초면 흥양리 94-6,37.36256516,128.0110873,,폐기,296.4,380,60,2017,,2017-03-14,강원특별자치도 원주시청,,2025-01-31
경성 태양광발전소,강원특별자치도 원주시 지정면 저금어지길 102,강원특별자치도 원주시 지정면 신평리 산 37-2,37.38385987,127.9014943,,폐기,97.92,380,60,2017,,2017-04-06,강원특별자치도 원주시청,,2025-01-31
골든태광 태양광발전소,,강원특별자치도 원주시 부론면 손곡리 595-3,37.2368951,127.8121093,,정상가동,99.23,380,60,2018,,2017-04-06,강원특별자치도 원주시청,,2025-01-31
귀순 태양광발전소,,강원특별자치도 원주시 부론면 손곡리 595-4,37.23657097,127.8119873,,정상가동,99.23,380,60,2018,,2017-04-06,강원특별자치도 원주시청,,2025-01-31
다원태양광발전소,강원특별자치도 원주시 지정면 저금어지길 102,강원특별자치도 원주시 지정면 신평리 산 37-2,37.38385987,127.9014943,,폐기,97.92,380,60,2017,,2017-04-06,강원특별자치도 원주시청,,2025-01-31
미주2호태양광발전소,강원특별자치도 원주시 지정면 저금어지길 102,강원특별자치도 원주시 지정면 신평리 산 37-2,37.38385987,127.9014943,,폐기,195.84,380,60,2017,,2017-04-06,강원특별자치도 원주시청,,2025-01-31
선단1호 태양광발전소,강원특별자치도 원주시 지정면 저금어지길 102,강원특별자치도 원주시 지정면 신평리 산 37-2,37.38385987,127.9014943,,폐기,97.92,380,60,2017,,2017-04-06,강원특별자치도 원주시청,,2025-01-31
선단2호 태양광발전소,강원특별자치도 원주시 지정면 저금어지길 102,강원특별자치도 원주시 지정면 신평리 산 37-2,37.38385987,127.9014943,,폐기,97.92,380,60,2017,,2017-04-06,강원특별자치도 원주시청,,2025-01-31
알파2호태양광발전소,강원특별자치도 원주시 지정면 저금어지길 102,강원특별자치도 원주시 지정면 신평리 산 37-2,37.38385987,127.9014943,,폐기,97.92,380,60,2017,,2017-04-06,강원특별자치도 원주시청,,2025-01-31
원주무장쏠라팜6호 태양광발전소,,강원특별자치도 원주시 호저면 무장리 344-1,37.41528275,127.9054492,,폐기,201.6,380,60,2017,,2017-04-06,강원특별자치도 원주시청,,2025-01-31
은하수 태양광발전소,,강원특별자치도 원주시 부론면 손곡리 595,37.23696145,127.8115832,,정상가동,99.23,380,60,2018,,2017-04-06,강원특별자치도 원주시청,,2025-01-31
은하수2호 태양광발전소,,강원특별자치도 원주시 부론면 손곡리 595-6,37.23651053,127.8114549,,정상가동,99.23,380,60,2018,,2017-04-06,강원특별자치도 원주시청,,2025-01-31
은하수3호 태양광발전소,,강원특별자치도 원주시 부론면 손곡리 595-5,37.23603658,127.8110977,,정상가동,99.23,380,60,2018,,2017-04-06,강원특별자치도 원주시청,,2025-01-31
청풍 태양광발전소,강원특별자치도 원주시 지정면 저금어지길 102,강원특별자치도 원주시 지정면 신평리 산 37-2,37.38385987,127.9014943,,폐기,195.84,380,60,2017,,2017-04-06,강원특별자치도 원주시청,,2025-01-31
태성태양광발전소,강원특별자치도 원주시 지정면 저금어지길 102,강원특별자치도 원주시 지정면 신평리 산 37-2,37.38385987,127.9014943,,폐기,97.92,380,60,2017,,2017-04-06,강원특별자치도 원주시청,,2025-01-31
한빛태양광발전소,강원특별자치도 원주시 지정면 저금어지길 102,강원특별자치도 원주시 지정면 신평리 산 37-2,37.38385987,127.9014943,,폐기,97.92,380,60,2017,,2017-04-06,강원특별자치도 원주시청,,2025-01-31
kt원주연수원 태양광발전소,강원특별자치도 원주시 행구덕현길 109,강원특별자치도 원주시 행구동 760,37.33829571,128.0042589,,정상가동,321.6,380,60,2017,,2017-04-19,강원특별자치도 원주시청,,2025-01-31
서현태양광발전소,,강원특별자치도 원주시 신림면 금창리 820-56,37.23144142,128.0350676,,폐기,97.92,380,60,2017,,2017-04-19,강원특별자치도 원주시청,,2025-01-31
금종1호 태양광발전소,,강원특별자치도 원주시 부론면 손곡리 597-12,37.2372202,127.8122853,,정상가동,99.23,380,60,2018,,2017-04-25,강원특별자치도 원주시청,,2025-01-31
금종2호태양광발전소,,강원특별자치도 원주시 부론면 손곡리 597-12,37.2372202,127.8122853,,정상가동,99.23,380,60,2018,,2017-04-25,강원특별자치도 원주시청,,2025-01-31
금종3호 태양광발전소,,강원특별자치도 원주시 부론면 손곡리 597-10,37.2377084,127.8121261,,정상가동,99.23,380,60,2018,,2017-04-25,강원특별자치도 원주시청,,2025-01-31
금종4호 태양광발전소,,강원특별자치도 원주시 부론면 손곡리 597-11,37.23761053,127.8125494,,정상가동,99.23,380,60,2018,,2017-04-25,강원특별자치도 원주시청,,2025-01-31
천혜1 태양광발전소,,강원특별자치도 원주시 소초면 평장리 770-4,37.41479858,128.0003789,,폐기,198.45,380,60,2017,,2017-04-25,강원특별자치도 원주시청,,2025-01-31
천혜2 태양광발전소,,강원특별자치도 원주시 소초면 평장리 770-4,37.41479858,128.0003789,,폐기,99.23,380,60,2017,,2017-04-25,강원특별자치도 원주시청,,2025-01-31
천혜3 태양광발전소,,강원특별자치도 원주시 소초면 평장리 770-4,37.41479858,128.0003789,,폐기,99.23,380,60,2017,,2017-04-25,강원특별자치도 원주시청,,2025-01-31
고려일호 태양광발전소,강원특별자치도 원주시 소초면 장수1로 172,강원특별자치도 원주시 소초면 장양리 450-2,37.39792043,127.9697393,,정상가동,187.11,380,60,2017,,2017-05-04,강원특별자치도 원주시청,,2025-01-31
승우 태양광발전소,,강원특별자치도 원주시 호저면 주산리 1086-2,37.39576605,127.9225288,,폐기,97.92,380,60,2017,,2017-05-04,강원특별자치도 원주시청,,2025-01-31
농업회사법인 주식회사 맑음 태양광발전소,강원특별자치도 원주시 지정면 보통로 569-22,강원특별자치도 원주시 지정면 보통리 7-4,37.34899843,127.8891476,,정상가동,215.84,380,60,2018,,2017-05-17,강원특별자치도 원주시청,,2025-01-31
정산태양광발전소,,강원특별자치도 원주시 부론면 정산리 1032,37.17952001,127.7790279,,폐기,99.23,380,60,2017,,2017-05-17,강원특별자치도 원주시청,,2025-01-31
진실농장1호태양광발전소,강원특별자치도 원주시 소초면 웃독골길 50-5,강원특별자치도 원주시 소초면 수암리 산 229,37.40445866,127.9882522,,정상가동,199.92,380,60,2017,,2017-05-17,강원특별자치도 원주시청,,2025-01-31
채원태양광발전소,,강원특별자치도 원주시 귀래면 주포리 217,37.16698227,127.8731905,,정상가동,99.0,380,60,2017,,2017-05-17,강원특별자치도 원주시청,,2025-01-31
규리 태양광발전소,,강원특별자치도 원주시 귀래면 귀래리 1792,37.23067099,127.8539169,,정상가동,127.58,380,60,2017,,2017-05-25,강원특별자치도 원주시청,,2025-01-31
용화에너지5정산 태양광발전소,,강원특별자치도 원주시 부론면 정산리 산 127,37.18420146,127.7875489,,정상가동,475.2,380,60,2020,,2017-05-25,강원특별자치도 원주시청,,2025-01-31
SS 태양광발전소,,강원특별자치도 원주시 호저면 무장리 9,37.42282442,127.9055771,,폐기,250.0,380,60,2017,,2017-06-14,강원특별자치도 원주시청,,2025-01-31
거산 태양광발전소,강원특별자치도 원주시 호저면 막골길 187-1,강원특별자치도 원주시 호저면 주산리 28-1,37.42721571,127.9319589,,정상가동,80.0,380,60,2018,,2017-06-14,강원특별자치도 원주시청,,2025-01-31
백운1호 태양광발전소,강원특별자치도 원주시 귀래면 북원로 696-8,강원특별자치도 원주시 귀래면 귀래리 산 146-10,37.21766608,127.8995696,,정상가동,99.9,380,60,2020,,2017-06-14,강원특별자치도 원주시청,,2025-01-31
남송 태양광발전소,강원특별자치도 원주시 판부면 남원로 380,강원특별자치도 원주시 판부면 서곡리 440-4,37.31936534,127.9398487,,폐기,98.67,380,60,2017,,2017-06-23,강원특별자치도 원주시청,,2025-01-31
부론동2호 태양광발전소,강원특별자치도 원주시 부론면 사기막길 4-1,강원특별자치도 원주시 부론면 단강리 478-1,37.15576726,127.8206644,,정상가동,9.0,220,60,2017,,2017-06-23,강원특별자치도 원주시청,,2025-01-31
청명 태양광발전소,강원특별자치도 원주시 신림면 제원로14길 91,강원특별자치도 원주시 신림면 용암리 82-9,37.20486319,128.1061653,,정상가동,98.33,380,60,2018,,2017-06-23,강원특별자치도 원주시청,,2025-01-31
후덕1호 태양광발전소,,강원특별자치도 원주시 귀래면 귀래리 953,37.21019622,127.8681501,,폐기,99.23,380,60,2017,,2017-06-23,강원특별자치도 원주시청,,2025-01-31
후덕2호 태양광발전소,,강원특별자치도 원주시 귀래면 귀래리 953,37.21019622,127.8681501,,폐기,99.23,380,60,2017,,2017-06-23,강원특별자치도 원주시청,,2025-01-31
솔라고산 태양광발전소,,강원특별자치도 원주시 호저면 고산리 산 18,37.4652714,127.9225865,,폐기,495.72,380,60,2017,,2017-07-03,강원특별자치도 원주시청,,2025-01-31
둔둔솔라12호 태양광발전소,,강원특별자치도 원주시 소초면 둔둔리 산 84-2,37.44071195,127.9869355,,정상가동,96.48,380,60,2018,,2017-07-13,강원특별자치도 원주시청,,2025-01-31
둔둔솔라13호 태양광발전소,,강원특별자치도 원주시 소초면 둔둔리 산 84-2,37.44071195,127.9869355,,정상가동,96.48,380,60,2018,,2017-07-13,강원특별자치도 원주시청,,2025-01-31
둔둔솔라14호 태양광발전소,,강원특별자치도 원주시 소초면 둔둔리 산 84-2,37.44071195,127.9869355,,정상가동,96.48,380,60,2018,,2017-07-13,강원특별자치도 원주시청,,2025-01-31
둔둔솔라15호 태양광발전소,,강원특별자치도 원주시 소초면 둔둔리 산 84-2,37.44071195,127.9869355,,정상가동,80.4,380,60,2018,,2017-07-13,강원특별자치도 원주시청,,2025-01-31
해테크원주11호 태양광발전소,,강원특별자치도 원주시 부론면 단강리 562,37.14966247,127.8181868,,폐기,248.4,380,60,2017,,2017-07-13,강원특별자치도 원주시청,,2025-01-31
해테크원주12호 태양광발전소,,강원특별자치도 원주시 부론면 단강리 559,37.15009833,127.8180302,,폐기,248.4,380,60,2017,,2017-07-13,강원특별자치도 원주시청,,2025-01-31
해테크원주1호 태양광발전소,,강원특별자치도 원주시 귀래면 귀래리 93-5,37.22781584,127.8940839,,폐기,498.18,380,60,2017,,2017-07-13,강원특별자치도 원주시청,,2025-01-31
해테크원주2호 태양광발전소,,강원특별자치도 원주시 귀래면 귀래리 93-5,37.22781584,127.8940839,,폐기,498.18,380,60,2017,,2017-07-13,강원특별자치도 원주시청,,2025-01-31
구학리 태양광발전소,,강원특별자치도 원주시 신림면 구학리 248,37.21001038,128.0579374,,정상가동,97.2,380,60,2018,,2017-07-21,강원특별자치도 원주시청,,2025-01-31
무장 태양광발전소,,강원특별자치도 원주시 호저면 무장리 산 16,37.42187336,127.9003008,,정상가동,99.2,380,60,2020,,2017-07-21,강원특별자치도 원주시청,,2025-01-31
보배드림 2호 태양광발전소,강원특별자치도 원주시 호저면 원문로 537-1,강원특별자치도 원주시 호저면 만종리 593-15,37.35894378,127.9038715,,정상가동,99.2,380,60,2018,,2017-07-21,강원특별자치도 원주시청,,2025-01-31
옥미1호 태양광발전소,,강원특별자치도 원주시 귀래면 귀래리 24-12,37.23584134,127.8953944,,정상가동,99.23,380,60,2018,,2017-07-21,강원특별자치도 원주시청,,2025-01-31
옥미2호 태양광발전소,,강원특별자치도 원주시 귀래면 귀래리 24-17,37.23555938,127.8957644,,정상가동,99.23,380,60,2018,,2017-07-21,강원특별자치도 원주시청,,2025-01-31
옥미3호 태양광발전소,,강원특별자치도 원주시 귀래면 귀래리 24-17,37.23555938,127.8957644,,정상가동,99.23,380,60,2018,,2017-07-21,강원특별자치도 원주시청,,2025-01-31
운계1호 태양광발전소,,강원특별자치도 원주시 귀래면 운계리 산 2-3,37.1802558,127.8877693,,정상가동,95.56,380,60,2018,,2017-07-21,강원특별자치도 원주시청,,2025-01-31
운계2호 태양광발전소,,강원특별자치도 원주시 귀래면 운계리 산 2-3,37.1802558,127.8877693,,정상가동,98.56,380,60,2018,,2017-07-21,강원특별자치도 원주시청,,2025-01-31
태장 태양광발전소,강원특별자치도 원주시 현충로322번길 4,강원특별자치도 원주시 태장동 1398-19,37.38179405,127.9478861,,정상가동,37.8,380,60,2017,,2017-07-21,강원특별자치도 원주시청,,2025-01-31
다래 태양광발전소,,강원특별자치도 원주시 호저면 옥산리 315-1,37.43714142,127.928502,,정상가동,382.3,380,60,2018,,2017-08-01,강원특별자치도 원주시청,,2025-01-31
덕화 태양광발전소,,강원특별자치도 원주시 문막읍 비두리 산 122,37.24920646,127.8385542,,폐기,799.68,22900,60,2017,,2017-08-01,강원특별자치도 원주시청,,2025-01-31
동우쏠라에너지 태양광발전소,,강원특별자치도 원주시 소초면 둔둔리 산 115-4,37.44770651,127.9861665,,폐기,999.6,22900,60,2017,,2017-08-01,강원특별자치도 원주시청,,2025-01-31
민서 태양광발전소,,"강원특별자치도 원주시 호저면 옥산리 336-1,336-3,315",37.43831063,127.9286489,,정상가동,498.48,380,60,2018,,2017-08-01,강원특별자치도 원주시청,,2025-01-31
성환 태양광발전소,,강원특별자치도 원주시 호저면 주산리 859-3,37.42223528,127.9211636,,정상가동,99.96,380,60,2018,,2017-08-01,강원특별자치도 원주시청,,2025-01-31
치악 태양광발전소,강원특별자치도 원주시 고문골길 104-11,강원특별자치도 원주시 행구동 113,37.33706807,128.0084881,,정상가동,97.9,380,60,2018,,2017-08-01,강원특별자치도 원주시청,,2025-01-31
하나153 태양광발전소,강원특별자치도 원주시 흥업면 복거리길 42,강원특별자치도 원주시 흥업면 사제리 1030-2,37.31805707,127.9007894,,정상가동,99.96,380,60,2018,,2017-08-01,강원특별자치도 원주시청,,2025-01-31
에디슨 신재생에너지(주)문막포진리 태양광발전소 2호,,강원특별자치도 원주시 문막읍 포진리 산 15-4,37.2904332,127.8293463,,폐기,991.98,22900,60,2017,,2017-08-03,강원특별자치도 원주시청,,2025-01-31
에디슨 신재생에너지(주)문막포진리 태양광발전소 3호,,강원특별자치도 원주시 문막읍 포진리 산 15-4,37.2904332,127.8293463,,폐기,997.92,22900,60,2017,,2017-08-03,강원특별자치도 원주시청,,2025-01-31
에디슨 신재생에너지㈜문막 포진리 태양광발전소 4호,,강원특별자치도 원주시 문막읍 포진리 산 15-1,37.29093592,127.8251851,,폐기,997.92,22900,60,2017,,2017-08-03,강원특별자치도 원주시청,,2025-01-31
에디슨 환경에너지㈜문막포진리 태양광발전소 2호,,강원특별자치도 원주시 문막읍 포진리 산 15-3,37.2898757,127.8273593,,폐기,498.96,22900,60,2017,,2017-08-03,강원특별자치도 원주시청,,2025-01-31
에디슨 환경에너지㈜문막포진리 태양광발전소 3호,,강원특별자치도 원주시 문막읍 포진리 산 15,37.28973476,127.8238527,,폐기,997.92,22900,60,2017,,2017-08-03,강원특별자치도 원주시청,,2025-01-31
에디슨신재생에너지(주)문막포진리 태양광발전소 1호,,강원특별자치도 원주시 문막읍 포진리 산 15-1,37.29093592,127.8251851,,폐기,991.98,22900,60,2017,,2017-08-03,강원특별자치도 원주시청,,2025-01-31
에디슨에너지㈜문막포진리 태양광발전소 1호,,강원특별자치도 원주시 문막읍 포진리 산 15-2,37.29126262,127.826593,,폐기,997.92,22900,60,2017,,2017-08-03,강원특별자치도 원주시청,,2025-01-31
에디슨에너지㈜문막포진리 태양광발전소 2호,,강원특별자치도 원주시 문막읍 포진리 산 15-2,37.29126262,127.826593,,폐기,997.92,22900,60,2017,,2017-08-03,강원특별자치도 원주시청,,2025-01-31
에디슨환경에너지㈜ 문막포진리 태양광발전소 1호,,강원특별자치도 원주시 문막읍 포진리 산 15,37.28973476,127.8238527,,폐기,991.98,22900,60,2017,,2017-08-03,강원특별자치도 원주시청,,2025-01-31
에디슨환경에너지㈜ 문막포진리 태양광발전소 4호,,강원특별자치도 원주시 문막읍 포진리 산 16,37.28935347,127.8265293,,정상가동,997.92,22900,60,2019,,2017-08-03,강원특별자치도 원주시청,,2025-01-31
(주)썬드림에너지 태양광발전소,,강원특별자치도 원주시 귀래면 주포리 산 65-3,37.16816249,127.8457296,,폐기,999.0,22900,60,2017,,2017-08-14,강원특별자치도 원주시청,,2025-01-31
(주)제이솔라2호 태양광발전소,,강원특별자치도 원주시 부론면 정산리 952-1,37.17036006,127.7803624,,정상가동,98.56,380,60,2018,,2017-08-14,강원특별자치도 원주시청,,2025-01-31
(주)제이솔라3호 태양광발전소,,강원특별자치도 원주시 부론면 정산리 952-1,37.17036006,127.7803624,,정상가동,98.56,380,60,2018,,2017-08-14,강원특별자치도 원주시청,,2025-01-31
(주)중암신재생에너지 태양광발전소,,강원특별자치도 원주시 귀래면 주포리 산 65-3,37.16816249,127.8457296,,폐기,999.0,22900,60,2017,,2017-08-14,강원특별자치도 원주시청,,2025-01-31
(주)태인2호 태양광발전소,,강원특별자치도 원주시 부론면 정산리 952-1,37.17036006,127.7803624,,정상가동,98.56,380,60,2018,,2017-08-14,강원특별자치도 원주시청,,2025-01-31
(주)태인3호 태양광발전소,,강원특별자치도 원주시 부론면 정산리 952-1,37.17036006,127.7803624,,정상가동,98.56,380,60,2018,,2017-08-14,강원특별자치도 원주시청,,2025-01-31
장록1호 태양광발전소,,강원특별자치도 원주시 부론면 정산리 산 27,37.17006643,127.7829652,,정상가동,98.56,380,60,2018,,2017-08-14,강원특별자치도 원주시청,,2025-01-31
장록2호 태양광발전소,,강원특별자치도 원주시 부론면 정산리 산 27,37.17006643,127.7829652,,정상가동,98.56,380,60,2018,,2017-08-14,강원특별자치도 원주시청,,2025-01-31
장록7호 태양광발전소,,강원특별자치도 원주시 부론면 정산리 산 27,37.17006643,127.7829652,,정상가동,98.56,380,60,2018,,2017-08-14,강원특별자치도 원주시청,,2025-01-31
장록8호 태양광발전소,,강원특별자치도 원주시 부론면 정산리 산 27,37.17006643,127.7829652,,정상가동,98.56,380,60,2018,,2017-08-14,강원특별자치도 원주시청,,2025-01-31
(주)주봉솔라8호 태양광발전소,,강원특별자치도 원주시 부론면 손곡리 1025-1,37.24145152,127.8019731,,폐기,998.4,22900,60,2017,,2017-08-21,강원특별자치도 원주시청,,2025-01-31
(주)청명6호 태양광발전소,,강원특별자치도 원주시 부론면 손곡리 1025-1,37.24145152,127.8019731,,폐기,998.4,22900,60,2017,,2017-08-21,강원특별자치도 원주시청,,2025-01-31
도곡 태양광발전소,,강원특별자치도 원주시 소초면 수암리 산 171,37.39726444,127.9748823,,폐기,499.2,380,60,2017,,2017-08-23,강원특별자치도 원주시청,,2025-01-31
도원 태양광발전소,,강원특별자치도 원주시 소초면 수암리 산 171,37.39726444,127.9748823,,폐기,499.2,380,60,2017,,2017-08-23,강원특별자치도 원주시청,,2025-01-31
주포1호 태양광발전소,,강원특별자치도 원주시 귀래면 주포리 산 64-5,37.16352722,127.8533981,,폐기,997.92,22900,60,2017,,2017-08-23,강원특별자치도 원주시청,,2025-01-31
주포2호 태양광발전소,,강원특별자치도 원주시 귀래면 주포리 산 64-5,37.16352722,127.8533981,,폐기,997.92,22900,60,2017,,2017-08-23,강원특별자치도 원주시청,,2025-01-31
용암 태양광발전소,,강원특별자치도 원주시 귀래면 용암리 965,37.16113441,127.8336324,,폐기,98.49,380,60,2017,,2017-08-28,강원특별자치도 원주시청,,2025-01-31
형제 태양광발전소,강원특별자치도 원주시 소초면 치악로 2501-1,강원특별자치도 원주시 소초면 수암리 산 179,37.3956189,127.9861605,,정상가동,499.8,380,60,2018,,2017-09-01,강원특별자치도 원주시청,,2025-01-31
기미1호 태양광발전소,강원특별자치도 원주시 신림면 둔창예찬길 26,강원특별자치도 원주시 신림면 금창리 179,37.24181313,128.060059,,정상가동,99.96,380,60,2019,,2017-09-05,강원특별자치도 원주시청,,2025-01-31
원주유기성폐기물자원화시설 바이오가스 열병합발전소,강원특별자치도 원주시 저금어지길 458,강원특별자치도 원주시 가현동 562,37.38932421,127.9370282,,정상가동,890.0,22900,60,2018,,2017-09-06,강원특별자치도 원주시청,,2025-01-31
BM에너지 태양광발전소,,강원특별자치도 원주시 신림면 용암리 산 51,37.22129654,128.0989254,,폐기,99.28,380,60,2017,,2017-09-12,강원특별자치도 원주시청,,2025-01-31
SSS Solar 태양광발전소,,강원특별자치도 원주시 신림면 용암리 산 51,37.22129654,128.0989254,,폐기,99.28,380,60,2017,,2017-09-12,강원특별자치도 원주시청,,2025-01-31
가영 태양광발전소,,강원특별자치도 원주시 신림면 용암리 산 51,37.22129654,128.0989254,,폐기,99.28,380,60,2017,,2017-09-12,강원특별자치도 원주시청,,2025-01-31
단구 태양광발전소,강원특별자치도 원주시 단관공원길 88-5,강원특별자치도 원주시 단구동 831-49,37.31646314,127.956533,,정상가동,19.8,380,60,2017,,2017-09-12,강원특별자치도 원주시청,,2025-01-31
대호3 태양광발전소,,강원특별자치도 원주시 신림면 용암리 산 51,37.22129654,128.0989254,,폐기,99.28,380,60,2017,,2017-09-12,강원특별자치도 원주시청,,2025-01-31
대환1호 태양광발전소,,강원특별자치도 원주시 신림면 용암리 산 51,37.22129654,128.0989254,,폐기,99.28,380,60,2017,,2017-09-12,강원특별자치도 원주시청,,2025-01-31
도산 태양광발전소,,강원특별자치도 원주시 신림면 용암리 산 51,37.22129654,128.0989254,,폐기,99.28,380,60,2017,,2017-09-12,강원특별자치도 원주시청,,2025-01-31
도솔라 태양광발전소,,강원특별자치도 원주시 신림면 용암리 산 51,37.22129654,128.0989254,,폐기,99.28,380,60,2017,,2017-09-12,강원특별자치도 원주시청,,2025-01-31
동명 태양광발전소,,강원특별자치도 원주시 신림면 용암리 산 51,37.22129654,128.0989254,,폐기,99.28,380,60,2017,,2017-09-12,강원특별자치도 원주시청,,2025-01-31
두영2호 태양광발전소,,강원특별자치도 원주시 신림면 용암리 산 51,37.22129654,128.0989254,,폐기,99.28,380,60,2017,,2017-09-12,강원특별자치도 원주시청,,2025-01-31
두원 태양광발전소,강원특별자치도 원주시 소초면 황골로 101,강원특별자치도 원주시 소초면 흥양리 1250,37.38564037,127.9896123,,정상가동,49.0,380,60,2017,,2017-09-12,강원특별자치도 원주시청,,2025-01-31
린앤민 태양광발전소,,강원특별자치도 원주시 신림면 용암리 산 51,37.22129654,128.0989254,,폐기,99.28,380,60,2017,,2017-09-12,강원특별자치도 원주시청,,2025-01-31
민 씨스터즈 태양광발전소,,강원특별자치도 원주시 신림면 용암리 산 51,37.22129654,128.0989254,,폐기,99.28,380,60,2017,,2017-09-12,강원특별자치도 원주시청,,2025-01-31
보서 태양광발전소,,강원특별자치도 원주시 신림면 용암리 산 51,37.22129654,128.0989254,,폐기,99.28,380,60,2017,,2017-09-12,강원특별자치도 원주시청,,2025-01-31
빛나리1 태양광발전소,,강원특별자치도 원주시 신림면 용암리 산 51,37.22129654,128.0989254,,폐기,99.28,380,60,2017,,2017-09-12,강원특별자치도 원주시청,,2025-01-31
성부 태양광발전소,,강원특별자치도 원주시 신림면 용암리 산 51,37.22129654,128.0989254,,폐기,99.28,380,60,2017,,2017-09-12,강원특별자치도 원주시청,,2025-01-31
성전-100원주 태양광발전소,,강원특별자치도 원주시 신림면 용암리 산 51,37.22129654,128.0989254,,폐기,99.28,380,60,2017,,2017-09-12,강원특별자치도 원주시청,,2025-01-31
숙연 태양광발전소,,강원특별자치도 원주시 신림면 용암리 산 51,37.22129654,128.0989254,,폐기,99.28,380,60,2017,,2017-09-12,강원특별자치도 원주시청,,2025-01-31
숲소리 태양광발전소,,강원특별자치도 원주시 신림면 용암리 산 51,37.22129654,128.0989254,,폐기,99.28,380,60,2017,,2017-09-12,강원특별자치도 원주시청,,2025-01-31
신림1호 태양광발전소,,강원특별자치도 원주시 신림면 용암리 산 51,37.22129654,128.0989254,,폐기,99.28,380,60,2017,,2017-09-12,강원특별자치도 원주시청,,2025-01-31
썬래미 태양광발전소,,강원특별자치도 원주시 신림면 용암리 산 51,37.22129654,128.0989254,,폐기,99.28,380,60,2017,,2017-09-12,강원특별자치도 원주시청,,2025-01-31
엘코1호 태양광발전소,,강원특별자치도 원주시 신림면 용암리 산 51,37.22129654,128.0989254,,폐기,99.28,380,60,2017,,2017-09-12,강원특별자치도 원주시청,,2025-01-31
예현1호 태양광발전소,,강원특별자치도 원주시 신림면 용암리 산 51,37.22129654,128.0989254,,폐기,99.28,380,60,2017,,2017-09-12,강원특별자치도 원주시청,,2025-01-31
우꽝 태양광발전소,,강원특별자치도 원주시 신림면 용암리 산 51,37.22129654,128.0989254,,폐기,99.28,380,60,2017,,2017-09-12,강원특별자치도 원주시청,,2025-01-31
웅진 태양광발전소,,강원특별자치도 원주시 신림면 용암리 산 51,37.22129654,128.0989254,,폐기,99.28,380,60,2017,,2017-09-12,강원특별자치도 원주시청,,2025-01-31
원주1호 태양광발전소,,강원특별자치도 원주시 신림면 용암리 산 51,37.22129654,128.0989254,,폐기,997.56,22900,60,2017,,2017-09-12,강원특별자치도 원주시청,,2025-01-31
원주2호 태양광발전소,,강원특별자치도 원주시 신림면 용암리 산 51,37.22129654,128.0989254,,폐기,99.28,380,60,2017,,2017-09-12,강원특별자치도 원주시청,,2025-01-31
원주3호 태양광발전소,,강원특별자치도 원주시 신림면 용암리 산 51,37.22129654,128.0989254,,폐기,99.28,380,60,2017,,2017-09-12,강원특별자치도 원주시청,,2025-01-31
원주별이 태양광발전소,,강원특별자치도 원주시 신림면 용암리 산 51,37.22129654,128.0989254,,폐기,99.28,380,60,2017,,2017-09-12,강원특별자치도 원주시청,,2025-01-31
원주솔레파크 태양광발전소,,강원특별자치도 원주시 신림면 용암리 산 51,37.22129654,128.0989254,,폐기,99.28,380,60,2017,,2017-09-12,강원특별자치도 원주시청,,2025-01-31
원주태희 태양광발전소,,강원특별자치도 원주시 신림면 용암리 산 51,37.22129654,128.0989254,,폐기,99.28,380,60,2017,,2017-09-12,강원특별자치도 원주시청,,2025-01-31
이루심 태양광발전소,,강원특별자치도 원주시 신림면 용암리 산 51,37.22129654,128.0989254,,폐기,99.28,380,60,2017,,2017-09-12,강원특별자치도 원주시청,,2025-01-31
이루연 태양광발전소,,강원특별자치도 원주시 신림면 용암리 산 51,37.22129654,128.0989254,,폐기,99.28,380,60,2017,,2017-09-12,강원특별자치도 원주시청,,2025-01-31
이루자 태양광발전소,,강원특별자치도 원주시 신림면 용암리 산 51,37.22129654,128.0989254,,폐기,99.28,380,60,2017,,2017-09-12,강원특별자치도 원주시청,,2025-01-31
장앤김 태양광발전소,,강원특별자치도 원주시 신림면 용암리 산 51,37.22129654,128.0989254,,폐기,99.28,380,60,2017,,2017-09-12,강원특별자치도 원주시청,,2025-01-31
정-100원주 태양광발전소,,강원특별자치도 원주시 신림면 용암리 산 51,37.22129654,128.0989254,,폐기,99.28,380,60,2017,,2017-09-12,강원특별자치도 원주시청,,2025-01-31
정산 태양광발전소,,강원특별자치도 원주시 신림면 용암리 산 51,37.22129654,128.0989254,,폐기,99.28,380,60,2017,,2017-09-12,강원특별자치도 원주시청,,2025-01-31
정원원주 태양광발전소,,강원특별자치도 원주시 신림면 용암리 산 51,37.22129654,128.0989254,,폐기,99.28,380,60,2017,,2017-09-12,강원특별자치도 원주시청,,2025-01-31
지아 태양광발전소,,강원특별자치도 원주시 신림면 용암리 산 51,37.22129654,128.0989254,,폐기,99.28,380,60,2017,,2017-09-12,강원특별자치도 원주시청,,2025-01-31
크리스탈 태양광발전소,,강원특별자치도 원주시 신림면 용암리 산 51,37.22129654,128.0989254,,폐기,99.28,380,60,2017,,2017-09-12,강원특별자치도 원주시청,,2025-01-31
해오름 태양광발전소,,강원특별자치도 원주시 신림면 용암리 산 51,37.22129654,128.0989254,,폐기,99.28,380,60,2017,,2017-09-12,강원특별자치도 원주시청,,2025-01-31
행복1호 태양광발전소,,강원특별자치도 원주시 신림면 용암리 산 51,37.22129654,128.0989254,,폐기,99.28,380,60,2017,,2017-09-12,강원특별자치도 원주시청,,2025-01-31
휘소원주 태양광발전소,,강원특별자치도 원주시 신림면 용암리 산 51,37.22129654,128.0989254,,폐기,99.28,380,60,2017,,2017-09-12,강원특별자치도 원주시청,,2025-01-31
라미솔라 원주메탈1기 태양광발전소,강원특별자치도 원주시 문막읍 반산2로 97,강원특별자치도 원주시 문막읍 반계리 2275-5,37.29590267,127.7976511,,정상가동,498.96,22900,60,2018,,2017-09-18,강원특별자치도 원주시청,,2025-01-31
영경1호 태양광발전소,,강원특별자치도 원주시 호저면 광격리 산 100,37.45924225,127.9460214,,폐기,999.9,22900,60,2017,,2017-09-18,강원특별자치도 원주시청,,2025-01-31
케이와이케이1호 태양광발전소,,강원특별자치도 원주시 호저면 광격리 산 100,37.45924225,127.9460214,,폐기,999.9,22900,60,2017,,2017-09-18,강원특별자치도 원주시청,,2025-01-31
케이케이솔라1호 태양광발전소,,강원특별자치도 원주시 호저면 광격리 산 100,37.45924225,127.9460214,,폐기,999.9,22900,60,2017,,2017-09-18,강원특별자치도 원주시청,,2025-01-31
태봉1호 태양광발전소,,강원특별자치도 원주시 호저면 광격리 산 100,37.45924225,127.9460214,,폐기,999.9,22900,60,2017,,2017-09-18,강원특별자치도 원주시청,,2025-01-31
규진솔라 태양광발전소,강원특별자치도 원주시 문막읍 뒤일길 46,강원특별자치도 원주시 문막읍 궁촌리 1485-1,37.28067347,127.8277259,,정상가동,99.96,380,60,2019,,2017-09-29,강원특별자치도 원주시청,,2025-01-31
은진솔라 태양광발전소,강원특별자치도 원주시 호저면 원문로 525-6,강원특별자치도 원주시 호저면 만종리 593-31,37.35866177,127.9050032,,정상가동,99.96,380,60,2018,,2017-09-29,강원특별자치도 원주시청,,2025-01-31
흥선 태양광발전소,강원특별자치도 원주시 치악로 1770,강원특별자치도 원주시 개운동 397-7,37.34054438,127.9562119,,정상가동,25.2,380,60,2017,,2017-09-29,강원특별자치도 원주시청,,2025-01-31
광래 태양광발전소,,강원특별자치도 원주시 소초면 평장리 912,37.42298707,127.9970941,,정상가동,298.59,380,60,2020,,2017-10-17,강원특별자치도 원주시청,,2025-01-31
남경 태양광발전소,,강원특별자치도 원주시 문막읍 궁촌리 333,37.26368287,127.8399713,,정상가동,73.84,380,60,2018,,2017-10-17,강원특별자치도 원주시청,,2025-01-31
승래 태양광발전소,,강원특별자치도 원주시 소초면 평장리 산 137-3,37.42385066,127.9977304,,정상가동,99.45,380,60,2020,,2017-10-17,강원특별자치도 원주시청,,2025-01-31
주원 태양광발전소,,강원특별자치도 원주시 소초면 평장리 산 137-1,37.42348121,127.9971542,,정상가동,99.45,380,60,2020,,2017-10-17,강원특별자치도 원주시청,,2025-01-31
주훈 태양광발전소,,강원특별자치도 원주시 소초면 평장리 912,37.42298707,127.9970941,,폐기,496.12,380,60,2017,,2017-10-17,강원특별자치도 원주시청,,2025-01-31
송계1호 태양광발전소,,강원특별자치도 원주시 신림면 송계리 421,37.27872789,128.1992356,,폐기,97.92,380,60,2017,,2017-10-19,강원특별자치도 원주시청,,2025-01-31
송계2호 태양광발전소,,강원특별자치도 원주시 신림면 송계리 421,37.27872789,128.1992356,,폐기,97.92,380,60,2017,,2017-10-19,강원특별자치도 원주시청,,2025-01-31
송계3호 태양광발전소,,강원특별자치도 원주시 신림면 송계리 421,37.27872789,128.1992356,,폐기,97.92,380,60,2017,,2017-10-19,강원특별자치도 원주시청,,2025-01-31
송계4호 태양광발전소,,강원특별자치도 원주시 신림면 송계리 421,37.27872789,128.1992356,,폐기,97.92,380,60,2017,,2017-10-19,강원특별자치도 원주시청,,2025-01-31
송계5호 태양광발전소,,강원특별자치도 원주시 신림면 송계리 421,37.27872789,128.1992356,,폐기,97.92,380,60,2017,,2017-10-19,강원특별자치도 원주시청,,2025-01-31
소연 태양광발전소,,강원특별자치도 원주시 귀래면 용암리 578-1,37.15729508,127.8425281,,정상가동,99.48,380,60,2018,,2017-10-25,강원특별자치도 원주시청,,2025-01-31
호애 태양광발전소,강원특별자치도 원주시 소초면 바우실길 38,강원특별자치도 원주시 소초면 수암리 777-2,37.39601892,127.9920114,,정상가동,79.56,380,60,2018,,2017-10-25,강원특별자치도 원주시청,,2025-01-31
덕성 태양광발전소,,강원특별자치도 원주시 소초면 수암리 280-2,37.40033606,128.002406,,폐기,97.28,380,60,2017,,2017-10-30,강원특별자치도 원주시청,,2025-01-31
원주글로리 태양광발전소,,강원특별자치도 원주시 부론면 손곡리 595-9,37.23618834,127.8117623,,정상가동,99.13,380,60,2020,,2017-10-30,강원특별자치도 원주시청,,2025-01-31
금동 태양광발전소,,강원특별자치도 원주시 신림면 신림리 647-1,37.22064774,128.0810317,,정상가동,99.75,380,60,2020,,2017-10-31,강원특별자치도 원주시청,,2025-01-31
라이브1호 태양광발전소,,강원특별자치도 원주시 신림면 신림리 647-2,37.22028525,128.0805224,,정상가동,99.75,380,60,2020,,2017-10-31,강원특별자치도 원주시청,,2025-01-31
민우 태양광발전소,,강원특별자치도 원주시 신림면 신림리 647-1,37.22064774,128.0810317,,정상가동,99.75,380,60,2020,,2017-10-31,강원특별자치도 원주시청,,2025-01-31
삼덕 태양광발전소,,강원특별자치도 원주시 신림면 신림리 647,37.22072598,128.0804965,,정상가동,99.75,380,60,2020,,2017-10-31,강원특별자치도 원주시청,,2025-01-31
지니 태양광발전소,,강원특별자치도 원주시 신림면 신림리 647,37.22072598,128.0804965,,정상가동,99.75,380,60,2020,,2017-10-31,강원특별자치도 원주시청,,2025-01-31
강일에너지 태양광발전소,,강원특별자치도 원주시 부론면 정산리 산 185-3,37.19358836,127.7792338,,정상가동,99.96,380,60,2019,,2017-11-02,강원특별자치도 원주시청,,2025-01-31
고수1호 태양광발전소,,강원특별자치도 원주시 부론면 정산리 산 185-3,37.19358836,127.7792338,,정상가동,99.96,380,60,2019,,2017-11-02,강원특별자치도 원주시청,,2025-01-31
그린파워2 태양광발전소,,강원특별자치도 원주시 부론면 정산리 산 185-3,37.19358836,127.7792338,,정상가동,99.96,380,60,2019,,2017-11-02,강원특별자치도 원주시청,,2025-01-31
대통5호 태양광발전소,,강원특별자치도 원주시 부론면 정산리 산 185-3,37.19358836,127.7792338,,정상가동,99.96,380,60,2019,,2017-11-02,강원특별자치도 원주시청,,2025-01-31
미래솔라2호 태양광발전소,,강원특별자치도 원주시 부론면 정산리 산 185-3,37.19358836,127.7792338,,정상가동,99.96,380,60,2019,,2017-11-02,강원특별자치도 원주시청,,2025-01-31
뱃나들1호 태양광발전소,,강원특별자치도 원주시 부론면 정산리 산 185-3,37.19358836,127.7792338,,정상가동,99.96,380,60,2019,,2017-11-02,강원특별자치도 원주시청,,2025-01-31
뱃나들2호 태양광발전소,,강원특별자치도 원주시 부론면 정산리 산 185-3,37.19358836,127.7792338,,정상가동,99.96,380,60,2019,,2017-11-02,강원특별자치도 원주시청,,2025-01-31
성주ENG 태양광발전소,,강원특별자치도 원주시 부론면 정산리 산 185-3,37.19358836,127.7792338,,정상가동,99.96,380,60,2019,,2017-11-02,강원특별자치도 원주시청,,2025-01-31
소윤 태양광발전소,,강원특별자치도 원주시 부론면 정산리 산 185-3,37.19358836,127.7792338,,정상가동,99.96,380,60,2019,,2017-11-02,강원특별자치도 원주시청,,2025-01-31
우리솔라 태양광발전소,,강원특별자치도 원주시 부론면 정산리 산 185-3,37.19358836,127.7792338,,정상가동,99.96,380,60,2019,,2017-11-02,강원특별자치도 원주시청,,2025-01-31
이진 태양광발전소,,강원특별자치도 원주시 부론면 정산리 산 185-3,37.19358836,127.7792338,,정상가동,99.96,380,60,2019,,2017-11-02,강원특별자치도 원주시청,,2025-01-31
치악1호 태양광발전소,,강원특별자치도 원주시 부론면 정산리 산 185-3,37.19358836,127.7792338,,정상가동,99.96,380,60,2019,,2017-11-02,강원특별자치도 원주시청,,2025-01-31
해일솔라 태양광발전소,,강원특별자치도 원주시 부론면 정산리 산 185-3,37.19358836,127.7792338,,정상가동,99.96,380,60,2019,,2017-11-02,강원특별자치도 원주시청,,2025-01-31
현기쏠라5호 태양광발전소,,강원특별자치도 원주시 부론면 정산리 산 185-3,37.19358836,127.7792338,,정상가동,499.8,380,60,2019,,2017-11-02,강원특별자치도 원주시청,,2025-01-31
미리내 태양광발전소,,강원특별자치도 원주시 호저면 산현리 산 29,37.42350598,127.8895524,,폐기,198.32,380,60,2017,,2017-11-16,강원특별자치도 원주시청,,2025-01-31
산현 태양광발전소,,강원특별자치도 원주시 호저면 산현리 산 29,37.42350598,127.8895524,,폐기,198.32,380,60,2017,,2017-11-16,강원특별자치도 원주시청,,2025-01-31
에스엠발전소,,강원특별자치도 원주시 소초면 장양리 산 57,37.408897,127.9694332,,폐기,495.72,380,60,2017,,2017-11-16,강원특별자치도 원주시청,,2025-01-31
율린 제3발전소,,강원특별자치도 원주시 소초면 장양리 산 57,37.408897,127.9694332,,정상가동,940.8,22900,60,2020,,2017-11-16,강원특별자치도 원주시청,,2025-01-31
율린 제4발전소,,강원특별자치도 원주시 소초면 장양리 산 57,37.408897,127.9694332,,정상가동,940.8,22900,60,2020,,2017-11-16,강원특별자치도 원주시청,,2025-01-31
율린 제5발전소,,강원특별자치도 원주시 소초면 장양리 산 57,37.408897,127.9694332,,정상가동,940.8,22900,60,2020,,2017-11-16,강원특별자치도 원주시청,,2025-01-31
율린 제6발전소,,강원특별자치도 원주시 소초면 장양리 산 57,37.408897,127.9694332,,정상가동,940.8,22900,60,2020,,2017-11-16,강원특별자치도 원주시청,,2025-01-31
치악A 태양광발전소,,강원특별자치도 원주시 봉산동 387-2,37.35606744,127.9792956,,폐기,60.3,380,60,2017,,2017-11-16,강원특별자치도 원주시청,,2025-01-31
한울 태양광발전소,,강원특별자치도 원주시 호저면 산현리 산 29,37.42350598,127.8895524,,폐기,198.32,380,60,2017,,2017-11-16,강원특별자치도 원주시청,,2025-01-31
봉선네1호 태양광발전소,강원특별자치도 원주시 소초면 치악로 2368,강원특별자치도 원주시 소초면 흥양리 1534-1,37.38586766,127.9777881,,폐기,17.04,380,60,2017,,2017-11-20,강원특별자치도 원주시청,,2025-01-31
봉선네2호 태양광발전소,강원특별자치도 원주시 소초면 치악로 2344,강원특별자치도 원주시 소초면 흥양리 1537-7,37.38406194,127.976257,,폐기,85.2,380,60,2017,,2017-11-20,강원특별자치도 원주시청,,2025-01-31
봉선네3호 태양광발전소,,강원특별자치도 원주시 소초면 평장리 산 64,37.42700006,128.009906,,폐기,298.2,380,60,2017,,2017-11-20,강원특별자치도 원주시청,,2025-01-31
서우 태양광발전소,,강원특별자치도 원주시 소초면 평장리 산 88-3,37.42727079,128.0037753,,폐기,99.75,380,60,2017,,2017-11-20,강원특별자치도 원주시청,,2025-01-31
신원 태양광발전소,,강원특별자치도 원주시 소초면 평장리 산 88-3,37.42727079,128.0037753,,폐기,99.75,380,60,2017,,2017-11-20,강원특별자치도 원주시청,,2025-01-31
평장1호 태양광발전소,,강원특별자치도 원주시 소초면 평장리 산 88-3,37.42727079,128.0037753,,폐기,99.75,380,60,2017,,2017-11-20,강원특별자치도 원주시청,,2025-01-31
평장2호 태양광발전소,,강원특별자치도 원주시 소초면 평장리 산 88-3,37.42727079,128.0037753,,폐기,99.75,380,60,2017,,2017-11-20,강원특별자치도 원주시청,,2025-01-31
현재1호 태양광발전소,강원특별자치도 원주시 소초면 장수2로 196-4,강원특별자치도 원주시 소초면 장양리 394-1,37.39891561,127.9743911,,폐기,62.48,380,60,2017,,2017-11-20,강원특별자치도 원주시청,,2025-01-31
부론에너지 태양광발전소,,강원특별자치도 원주시 부론면 손곡리 산 21,37.22876595,127.8083927,,폐기,197.6,380,60,2017,,2017-11-21,강원특별자치도 원주시청,,2025-01-31
썬그린 태양광발전소,,강원특별자치도 원주시 부론면 손곡리 산 21,37.22876595,127.8083927,,폐기,197.6,380,60,2017,,2017-11-21,강원특별자치도 원주시청,,2025-01-31
씨너지 태양광발전소,,강원특별자치도 원주시 부론면 손곡리 산 21,37.22876595,127.8083927,,폐기,296.4,380,60,2017,,2017-11-21,강원특별자치도 원주시청,,2025-01-31
에너지리더 태양광발전소,,강원특별자치도 원주시 부론면 손곡리 산 21,37.22876595,127.8083927,,폐기,296.4,380,60,2017,,2017-11-21,강원특별자치도 원주시청,,2025-01-31
에덴 태양광발전소,,강원특별자치도 원주시 부론면 손곡리 산 21,37.22876595,127.8083927,,폐기,197.6,380,60,2017,,2017-11-21,강원특별자치도 원주시청,,2025-01-31
에코 태양광발전소,,강원특별자치도 원주시 부론면 손곡리 산 21,37.22876595,127.8083927,,폐기,197.6,380,60,2017,,2017-11-21,강원특별자치도 원주시청,,2025-01-31
온달2호 태양광발전소,,강원특별자치도 원주시 부론면 손곡리 산 21,37.22876595,127.8083927,,폐기,197.6,380,60,2017,,2017-11-21,강원특별자치도 원주시청,,2025-01-31
우림 태양광발전소,강원특별자치도 원주시 흥업면 대안로 900,강원특별자치도 원주시 흥업면 대안리 1026,37.29849572,127.8868523,,정상가동,66.8,380,60,2018,,2017-11-21,강원특별자치도 원주시청,,2025-01-31
한빛1호 태양광발전소,,강원특별자치도 원주시 귀래면 운남리 509,37.16709891,127.889091,,폐기,99.16,380,60,2017,,2017-11-21,강원특별자치도 원주시청,,2025-01-31
한빛2호 태양광발전소,,강원특별자치도 원주시 귀래면 운남리 509,37.16709891,127.889091,,폐기,48.24,380,60,2017,,2017-11-21,강원특별자치도 원주시청,,2025-01-31
한빛에너지 태양광발전소,,강원특별자치도 원주시 부론면 손곡리 산 21,37.22876595,127.8083927,,폐기,197.6,380,60,2017,,2017-11-21,강원특별자치도 원주시청,,2025-01-31
햇살에너지 태양광발전소,,강원특별자치도 원주시 부론면 손곡리 산 21,37.22876595,127.8083927,,폐기,197.6,380,60,2017,,2017-11-21,강원특별자치도 원주시청,,2025-01-31
현아 태양광발전소,강원특별자치도 원주시 소초면 황골로 183-45,강원특별자치도 원주시 소초면 흥양리 916-4,37.37828232,127.9991422,,폐기,28.56,380,60,2017,,2017-11-21,강원특별자치도 원주시청,,2025-01-31
대통4-1호 태양광발전소,,강원특별자치도 원주시 흥업면 대안리 산 362번지,37.31925596,127.8735862,,정상가동,49.98,380,60,2018,,2017-11-29,강원특별자치도 원주시청,,2025-01-31
덕성2호 태양광발전소,,강원특별자치도 원주시 소초면 수암리 299-2,37.40019513,128.0017903,,정상가동,98.17,380,60,2019,,2017-11-29,강원특별자치도 원주시청,,2025-01-31
제이에이치솔라4호 태양광발전소,,강원특별자치도 원주시 흥업면 대안리 553-13,37.31873326,127.8730974,,정상가동,25.5,380,60,2018,,2017-11-29,강원특별자치도 원주시청,,2025-01-31
종민솔라5호 태양광발전소,,강원특별자치도 원주시 흥업면 대안리 553-11,37.31903812,127.8728825,,정상가동,49.98,380,60,2018,,2017-11-29,강원특별자치도 원주시청,,2025-01-31
이에스에너지2호 태양광발전소,,강원특별자치도 원주시 소초면 수암리 1380,37.38912743,127.9736234,,폐기,998.58,22900,60,2017,,2017-12-06,강원특별자치도 원주시청,,2025-01-31
이에스에너지3호 태양광발전소,강원특별자치도 원주시 소초면 치악로 2367,강원특별자치도 원주시 소초면 흥양리 1673,37.38605808,127.976279,,폐기,998.58,22900,60,2017,,2017-12-06,강원특별자치도 원주시청,,2025-01-31
서평 태양광발전소,,강원특별자치도 원주시 판부면 서곡리 산 143,37.2970837,127.9431744,,폐기,999.0,22900,60,2017,,2017-12-07,강원특별자치도 원주시청,,2025-01-31
신림제1호 태양광발전소,,강원특별자치도 원주시 신림면 황둔리 1724-10,37.25210388,128.1227974,,폐기,99.0,380,60,2017,,2017-12-07,강원특별자치도 원주시청,,2025-01-31
신림제2태양광발전소,,강원특별자치도 원주시 신림면 황둔리 1724-10,37.25210388,128.1227974,,폐기,99.0,380,60,2017,,2017-12-07,강원특별자치도 원주시청,,2025-01-31
운계3호 태양광발전소,,강원특별자치도 원주시 귀래면 운계리 산 2-3,37.1802558,127.8877693,,폐기,99.96,380,60,2017,,2017-12-07,강원특별자치도 원주시청,,2025-01-31
원영1호 태양광발전소,,강원특별자치도 원주시 판부면 금대리 산 27-4,37.28434967,128.002009,,폐기,99.75,380,60,2017,,2017-12-07,강원특별자치도 원주시청,,2025-01-31
케이피이태양광발전소 3호,,강원특별자치도 원주시 부론면 정산리 산 196,37.18879681,127.7791137,,폐기,697.68,22900,60,2017,,2017-12-07,강원특별자치도 원주시청,,2025-01-31
유명그린에너지 서곡 태양광발전소,,강원특별자치도 원주시 판부면 서곡리 산 124-4,37.30569649,127.939969,,폐기,999.0,22900,60,2017,,2017-12-11,강원특별자치도 원주시청,,2025-01-31
ANS 태양광발전소,,강원특별자치도 원주시 호저면 만종리 산 191-1,37.35529654,127.8885005,,폐기,99.0,380,60,2017,,2017-12-12,강원특별자치도 원주시청,,2025-01-31
BCH 태양광발전소,,강원특별자치도 원주시 호저면 만종리 산 191-1,37.35529654,127.8885005,,폐기,99.0,380,60,2017,,2017-12-12,강원특별자치도 원주시청,,2025-01-31
BO 태양광발전소,,강원특별자치도 원주시 호저면 만종리 산 191-1,37.35529654,127.8885005,,폐기,99.0,380,60,2017,,2017-12-12,강원특별자치도 원주시청,,2025-01-31
CHM 태양광발전소,,강원특별자치도 원주시 호저면 만종리 산 191-1,37.35529654,127.8885005,,폐기,99.0,380,60,2017,,2017-12-12,강원특별자치도 원주시청,,2025-01-31
HL 태양광발전소,,강원특별자치도 원주시 호저면 만종리 산 191-1,37.35529654,127.8885005,,폐기,99.0,380,60,2017,,2017-12-12,강원특별자치도 원주시청,,2025-01-31
HYR 태양광발전소,,강원특별자치도 원주시 호저면 만종리 산 191-1,37.35529654,127.8885005,,폐기,99.0,380,60,2017,,2017-12-12,강원특별자치도 원주시청,,2025-01-31
KKT 태양광발전소,,강원특별자치도 원주시 호저면 만종리 산 191-1,37.35529654,127.8885005,,폐기,99.0,380,60,2017,,2017-12-12,강원특별자치도 원주시청,,2025-01-31
KW 태양광발전소,,강원특별자치도 원주시 호저면 만종리 산 191-1,37.35529654,127.8885005,,폐기,99.0,380,60,2017,,2017-12-12,강원특별자치도 원주시청,,2025-01-31
MJ 태양광발전소,,강원특별자치도 원주시 호저면 만종리 산 191-1,37.35529654,127.8885005,,폐기,99.0,380,60,2017,,2017-12-12,강원특별자치도 원주시청,,2025-01-31
WH 태양광발전소,,강원특별자치도 원주시 호저면 만종리 산 191-1,37.35529654,127.8885005,,폐기,99.0,380,60,2017,,2017-12-12,강원특별자치도 원주시청,,2025-01-31
YK 태양광발전소,,강원특별자치도 원주시 부론면 법천리 1372,37.20591035,127.750411,,폐기,90.0,380,60,2017,,2017-12-12,강원특별자치도 원주시청,,2025-01-31
YM 태양광발전소,,강원특별자치도 원주시 호저면 만종리 산 191-1,37.35529654,127.8885005,,폐기,99.0,380,60,2017,,2017-12-12,강원특별자치도 원주시청,,2025-01-31
YYK 태양광발전소,,강원특별자치도 원주시 호저면 만종리 산 191-1,37.35529654,127.8885005,,폐기,99.0,380,60,2017,,2017-12-12,강원특별자치도 원주시청,,2025-01-31
청실솔라 태양광발전소,,강원특별자치도 원주시 소초면 학곡리 244,37.43202741,128.0657951,,폐기,99.96,380,60,2017,,2017-12-12,강원특별자치도 원주시청,,2025-01-31
홍실솔라 태양광발전소,,강원특별자치도 원주시 소초면 학곡리 244,37.43202741,128.0657951,,폐기,99.96,380,60,2017,,2017-12-12,강원특별자치도 원주시청,,2025-01-31
대신 태양광발전소,강원특별자치도 원주시 호저면 병골길 65,강원특별자치도 원주시 호저면 고산리 산 110,37.45456858,127.9200476,,폐기,197.65,380,60,2017,,2017-12-15,강원특별자치도 원주시청,,2025-01-31
마이솔라10호 태양광발전소,,강원특별자치도 원주시 부론면 정산리 842,37.1655252,127.7840746,,정상가동,99.16,380,60,2019,,2017-12-15,강원특별자치도 원주시청,,2025-01-31
마이솔라11호 태양광발전소,,강원특별자치도 원주시 부론면 정산리 842,37.1655252,127.7840746,,정상가동,99.16,380,60,2019,,2017-12-15,강원특별자치도 원주시청,,2025-01-31
마이솔라2호 태양광발전소,,강원특별자치도 원주시 귀래면 귀래리 1787-1,37.23126689,127.852118,,정상가동,99.96,380,60,2019,,2017-12-15,강원특별자치도 원주시청,,2025-01-31
마이솔라3호 태양광발전소,,강원특별자치도 원주시 귀래면 귀래리 1787-1,37.23126689,127.852118,,정상가동,99.96,380,60,2019,,2017-12-15,강원특별자치도 원주시청,,2025-01-31
마이솔라4호 태양광발전소,,강원특별자치도 원주시 귀래면 귀래리 1787-1,37.23126689,127.852118,,정상가동,99.96,380,60,2019,,2017-12-15,강원특별자치도 원주시청,,2025-01-31
마이솔라5호 태양광발전소,,강원특별자치도 원주시 귀래면 귀래리 1787-1,37.23126689,127.852118,,정상가동,99.96,380,60,2019,,2017-12-15,강원특별자치도 원주시청,,2025-01-31
마이솔라6호 태양광발전소,,강원특별자치도 원주시 부론면 정산리 842,37.1655252,127.7840746,,정상가동,99.96,380,60,2019,,2017-12-15,강원특별자치도 원주시청,,2025-01-31
마이솔라7호 태양광발전소,,강원특별자치도 원주시 부론면 정산리 837,37.16559464,127.7845494,,폐기,99.96,380,60,2017,,2017-12-15,강원특별자치도 원주시청,,2025-01-31
마이솔라8호 태양광발전소,,강원특별자치도 원주시 부론면 정산리 837,37.16559464,127.7845494,,폐기,99.16,380,60,2017,,2017-12-15,강원특별자치도 원주시청,,2025-01-31
마이솔라9호 태양광발전소,,강원특별자치도 원주시 부론면 정산리 837,37.16559464,127.7845494,,폐기,99.96,380,60,2017,,2017-12-15,강원특별자치도 원주시청,,2025-01-31
미래1 태양광발전소,강원특별자치도 원주시 호저면 병골길 65,강원특별자치도 원주시 호저면 고산리 산 110,37.45456858,127.9200476,,폐기,197.65,380,60,2017,,2017-12-15,강원특별자치도 원주시청,,2025-01-31
미래2 태양광발전소,강원특별자치도 원주시 호저면 병골길 65,강원특별자치도 원주시 호저면 고산리 산 110,37.45456858,127.9200476,,폐기,197.65,380,60,2017,,2017-12-15,강원특별자치도 원주시청,,2025-01-31
에스에스 태양광발전소,,강원특별자치도 원주시 호저면 옥산리 산 50,37.43671648,127.9352071,,폐기,696.8,380,60,2017,,2017-12-15,강원특별자치도 원주시청,,2025-01-31
다정 태양광발전소,,강원특별자치도 원주시 판부면 서곡리 산 143,37.2970837,127.9431744,,폐기,198.0,380,60,2017,,2017-12-20,강원특별자치도 원주시청,,2025-01-31
문남 태양광발전소,,강원특별자치도 원주시 귀래면 운남리 513-1,37.16728888,127.8867526,,폐기,99.16,380,60,2017,,2017-12-20,강원특별자치도 원주시청,,2025-01-31
소나에너지 태양광발전소,,강원특별자치도 원주시 귀래면 운계리 산 190,37.18706347,127.8738491,,폐기,990.72,22900,60,2017,,2017-12-20,강원특별자치도 원주시청,,2025-01-31
순월 태양광발전소,,강원특별자치도 원주시 귀래면 귀래리 24-8,37.23643574,127.8958152,,정상가동,97.92,380,60,2018,,2017-12-20,강원특별자치도 원주시청,,2025-01-31
신흥 태양광발전소,,강원특별자치도 원주시 판부면 서곡리 산 114-1,37.31024106,127.9368531,,폐기,699.6,22900,60,2017,,2017-12-20,강원특별자치도 원주시청,,2025-01-31
실버스타 태양광발전소,,강원특별자치도 원주시 귀래면 귀래리 24-10,37.23628441,127.8962516,,정상가동,97.92,380,60,2018,,2017-12-20,강원특별자치도 원주시청,,2025-01-31
실버스톤 태양광발전소,,강원특별자치도 원주시 귀래면 귀래리 24-10,37.23628441,127.8962516,,정상가동,97.92,380,60,2018,,2017-12-20,강원특별자치도 원주시청,,2025-01-31
용암1호 태양광발전소,,강원특별자치도 원주시 귀래면 용암리 438-1,37.15567325,127.8481489,,폐기,99.16,380,60,2017,,2017-12-20,강원특별자치도 원주시청,,2025-01-31
용암2호 태양광발전소,,강원특별자치도 원주시 귀래면 용암리 439,37.15583233,127.8485328,,폐기,99.16,380,60,2017,,2017-12-20,강원특별자치도 원주시청,,2025-01-31
용암3호 태양광발전소,,강원특별자치도 원주시 귀래면 용암리 432,37.15650132,127.8487355,,폐기,298.82,380,60,2017,,2017-12-20,강원특별자치도 원주시청,,2025-01-31
위한 태양광발전소,,강원특별자치도 원주시 귀래면 귀래리 24-10,37.23628441,127.8962516,,폐기,97.92,380,60,2017,,2017-12-20,강원특별자치도 원주시청,,2025-01-31
이로재쏠라 태양광발전소,,강원특별자치도 원주시 귀래면 운계리 산 190,37.18706347,127.8738491,,폐기,990.72,22900,60,2017,,2017-12-20,강원특별자치도 원주시청,,2025-01-31
하늘빛 태양광발전소,,강원특별자치도 원주시 귀래면 귀래리 24-8,37.23643574,127.8958152,,정상가동,97.92,380,60,2018,,2017-12-20,강원특별자치도 원주시청,,2025-01-31
햇빛 태양광발전소,,강원특별자치도 원주시 판부면 서곡리 산 143,37.2970837,127.9431744,,폐기,498.3,22900,60,2017,,2017-12-20,강원특별자치도 원주시청,,2025-01-31
서현쏠라11호 태양광발전소,,강원특별자치도 원주시 소초면 장양리 산 83-6,37.41603529,127.9727859,,폐기,99.96,380,60,2017,,2017-12-21,강원특별자치도 원주시청,,2025-01-31
씨에스 태양광발전소,,강원특별자치도 원주시 소초면 평장리 산 132,37.42009739,127.9929499,,폐기,993.6,22900,60,2017,,2017-12-21,강원특별자치도 원주시청,,2025-01-31
준기솔라1호 태양광발전소,,강원특별자치도 원주시 소초면 장양리 산 83-6,37.41603529,127.9727859,,폐기,99.96,380,60,2017,,2017-12-21,강원특별자치도 원주시청,,2025-01-31
한일 태양광발전소,,강원특별자치도 원주시 소초면 흥양리 1332-3,37.38686137,127.9860629,,정상가동,96.6,380,60,2018,,2017-12-21,강원특별자치도 원주시청,,2025-01-31
현기쏠라7호 태양광발전소,,강원특별자치도 원주시 소초면 장양리 산 83-6,37.41603529,127.9727859,,정상가동,99.96,380,60,2019,,2017-12-21,강원특별자치도 원주시청,,2025-01-31
형제솔라22호 태양광발전소,,강원특별자치도 원주시 소초면 장양리 산 83-6,37.41603529,127.9727859,,폐기,61.2,380,60,2017,,2017-12-21,강원특별자치도 원주시청,,2025-01-31
WOW 태양광발전소,강원특별자치도 원주시 귀래면 귀래동막길 33,강원특별자치도 원주시 귀래면 귀래리 205,37.21957758,127.8938108,,폐기,248.2,380,60,2017,,2017-12-22,강원특별자치도 원주시청,,2025-01-31
다엘 태양광발전소,강원특별자치도 원주시 귀래면 귀래동막길 33,강원특별자치도 원주시 귀래면 귀래리 205,37.21957758,127.8938108,,폐기,99.96,380,60,2017,,2017-12-22,강원특별자치도 원주시청,,2025-01-31
다음 태양광발전소,강원특별자치도 원주시 귀래면 귀래동막길 33,강원특별자치도 원주시 귀래면 귀래리 205,37.21957758,127.8938108,,폐기,99.96,380,60,2017,,2017-12-22,강원특별자치도 원주시청,,2025-01-31
반계1호 태양광발전소,,강원특별자치도 원주시 문막읍 반계리 355-3,37.28681539,127.7887867,,폐기,99.0,380,60,2017,,2017-12-22,강원특별자치도 원주시청,,2025-01-31
반계2호 태양광발전소,,강원특별자치도 원주시 문막읍 반계리 355-3,37.28681539,127.7887867,,폐기,99.0,380,60,2017,,2017-12-22,강원특별자치도 원주시청,,2025-01-31
반계3호 태양광발전소,,강원특별자치도 원주시 문막읍 반계리 353-2,37.28712769,127.7891816,,정상가동,99.0,380,60,2020,,2017-12-22,강원특별자치도 원주시청,,2025-01-31
반계4호 태양광발전소,,강원특별자치도 원주시 문막읍 반계리 352,37.28699854,127.7895556,,폐기,99.0,380,60,2017,,2017-12-22,강원특별자치도 원주시청,,2025-01-31
참 태양광발전소,강원특별자치도 원주시 귀래면 귀래동막길 33,강원특별자치도 원주시 귀래면 귀래리 205,37.21957758,127.8938108,,폐기,99.96,380,60,2017,,2017-12-22,강원특별자치도 원주시청,,2025-01-31
에이치솔라1호 태양광발전소,,강원특별자치도 원주시 소초면 장양리 410-5,37.39336613,127.9697452,,폐기,993.6,22900,60,2017,,2017-12-26,강원특별자치도 원주시청,,2025-01-31
에이치솔라2호 태양광발전소,강원특별자치도 원주시 소초면 장수1로 230,강원특별자치도 원주시 소초면 장양리 산 38-3,37.39298417,127.969741,,폐기,993.6,22900,60,2017,,2017-12-26,강원특별자치도 원주시청,,2025-01-31
에이치솔라3호 태양광발전소,,강원특별자치도 원주시 소초면 장양리 410-5,37.39336613,127.9697452,,폐기,993.6,22900,60,2017,,2017-12-26,강원특별자치도 원주시청,,2025-01-31
에이치솔라4호 태양광발전소,강원특별자치도 원주시 소초면 장수1로 232-11,강원특별자치도 원주시 소초면 장양리 산 38-3,37.39284639,127.9714451,,폐기,993.6,22900,60,2017,,2017-12-26,강원특별자치도 원주시청,,2025-01-31
용화에너지4 부론태양광(주),강원특별자치도 원주시 소초면 범골길 37,강원특별자치도 원주시 소초면 흥양리 944-95,37.3745115,127.9937635,,정상가동,19.71,380,60,2021,,2017-12-26,강원특별자치도 원주시청,,2025-01-31
해바라기 태양광발전소,,강원특별자치도 원주시 흥업면 대안리 산 20,37.30744933,127.8946827,,폐기,995.52,22900,60,2017,,2017-12-26,강원특별자치도 원주시청,,2025-01-31
(주)남원 태양광발전소,강원특별자치도 원주시 흥양로51번길 1,강원특별자치도 원주시 태장동 1374-2,37.38398734,127.9525709,,정상가동,129.36,380,60,2018,,2017-12-27,강원특별자치도 원주시청,,2025-01-31
산현 태양광발전소,,강원특별자치도 원주시 호저면 산현리 370,37.42651742,127.8908399,,폐기,99.92,380,60,2017,,2017-12-27,강원특별자치도 원주시청,,2025-01-31
산현2 태양광발전소,,강원특별자치도 원주시 호저면 산현리 360-3,37.42559204,127.8895285,,정상가동,99.2,380,60,2020,,2017-12-27,강원특별자치도 원주시청,,2025-01-31
모아 태양광발전소,강원특별자치도 원주시 봉대길 21,강원특별자치도 원주시 반곡동 292-1,37.33368979,127.9935165,,정상가동,156.31,380,60,2020,,2017-12-29,강원특별자치도 원주시청,,2025-01-31
흥양 태양광발전소,강원특별자치도 원주시 소초면 치악로 2352-4,강원특별자치도 원주시 소초면 흥양리 1669-22,37.38427753,127.9769351,,폐기,99.4,380,60,2017,,2017-12-29,강원특별자치도 원주시청,,2025-01-31
사해 태양광발전소,강원특별자치도 원주시 꽃밭머리길 91,강원특별자치도 원주시 행구동 298-7,37.34941828,128.014764,,정상가동,47.6,380,60,2018,,2018-01-05,강원특별자치도 원주시청,,2025-01-31
강한 태양광발전소,,강원특별자치도 원주시 부론면 정산리 915,37.16549557,127.7784659,,정상가동,297.0,380,60,2019,,2018-01-09,강원특별자치도 원주시청,,2025-01-31
광명 태양광발전소,강원특별자치도 원주시 문막읍 손비로 641-14,강원특별자치도 원주시 문막읍 비두리 1559-1,37.24026815,127.8298761,,폐기,399.84,380,60,2018,,2018-01-09,강원특별자치도 원주시청,,2025-01-31
영자1호 태양광발전소,,강원특별자치도 원주시 귀래면 운계리 산 67,37.2024528,127.8996564,,폐기,97.92,380,60,2018,,2018-01-09,강원특별자치도 원주시청,,2025-01-31
영자2호 태양광발전소,,강원특별자치도 원주시 귀래면 운계리 산 67,37.2024528,127.8996564,,폐기,97.92,380,60,2018,,2018-01-09,강원특별자치도 원주시청,,2025-01-31
재언1호 태양광발전소,,강원특별자치도 원주시 귀래면 운계리 산 67,37.2024528,127.8996564,,폐기,97.92,380,60,2018,,2018-01-09,강원특별자치도 원주시청,,2025-01-31
재언2호 태양광발전소,,강원특별자치도 원주시 귀래면 운계리 산 67,37.2024528,127.8996564,,폐기,97.92,380,60,2018,,2018-01-09,강원특별자치도 원주시청,,2025-01-31
청풍에너지 태양광발전소,,강원특별자치도 원주시 부론면 법천리 산 12,37.2178561,127.7718335,,폐기,99.96,380,60,2018,,2018-01-09,강원특별자치도 원주시청,,2025-01-31
한빛1호 태양광발전소,,강원특별자치도 원주시 귀래면 운남리 509,37.16709891,127.889091,,정상가동,99.16,380,60,2018,,2018-01-09,강원특별자치도 원주시청,,2025-01-31
금창1호 태양광발전소,,강원특별자치도 원주시 신림면 금창리 820-56,37.23144142,128.0350676,,폐기,99.16,380,60,2018,,2018-01-25,강원특별자치도 원주시청,,2025-01-31
구학2호 태양광발전소,,강원특별자치도 원주시 신림면 구학리 246-4,37.20989604,128.0568701,,정상가동,97.2,380,60,2018,,2018-01-26,강원특별자치도 원주시청,,2025-01-31
방학동 태양광발전소,,강원특별자치도 원주시 신림면 구학리 280-61,37.20684651,128.0649079,,폐기,97.2,380,60,2018,,2018-01-29,강원특별자치도 원주시청,,2025-01-31
제2씨에스 태양광발전소,,강원특별자치도 원주시 소초면 평장리 산 140-1,37.42249309,127.994128,,폐기,996.48,22900,60,2018,,2018-01-29,강원특별자치도 원주시청,,2025-01-31
원석솔라 태양광발전소,,강원특별자치도 원주시 소초면 장양리 977,37.42165754,127.9617579,,폐기,99.96,380,60,2018,,2018-02-05,강원특별자치도 원주시청,,2025-01-31
정숙솔라 태양광발전소,,강원특별자치도 원주시 소초면 장양리 977,37.42165754,127.9617579,,폐기,99.96,380,60,2018,,2018-02-05,강원특별자치도 원주시청,,2025-01-31
대복 태양광발전소,,강원특별자치도 원주시 부론면 노림리 796-1,37.2598824,127.7733138,,폐기,98.0,380,60,2018,,2018-02-09,강원특별자치도 원주시청,,2025-01-31
마이솔라9호 태양광발전소,,강원특별자치도 원주시 부론면 정산리 837,37.16559464,127.7845494,,폐기,99.16,380,60,2018,,2018-02-09,강원특별자치도 원주시청,,2025-01-31
보름달 태양광발전소,,강원특별자치도 원주시 부론면 노림리 796-1,37.2598824,127.7733138,,폐기,98.0,380,60,2018,,2018-02-09,강원특별자치도 원주시청,,2025-01-31
상동 태양광발전소,강원특별자치도 원주시 부론면 사기막길 74-6,강원특별자치도 원주시 부론면 단강리 377,37.16015871,127.8156143,,폐기,97.92,380,60,2018,,2018-02-09,강원특별자치도 원주시청,,2025-01-31
신림제2호 태양광발전소,,강원특별자치도 원주시 신림면 황둔리 1724-10,37.25210388,128.1227974,,폐기,99.0,380,60,2018,,2018-02-23,강원특별자치도 원주시청,,2025-01-31
에스에스2 태양광발전소,,강원특별자치도 원주시 판부면 서곡리 산 124-6,37.3044975,127.9400529,,폐기,494.7,380,60,2018,,2018-02-23,강원특별자치도 원주시청,,2025-01-31
청지기 태양광발전소,,강원특별자치도 원주시 신림면 황둔리 산 81,37.25164745,128.1172438,,폐기,198.0,380,60,2018,,2018-02-23,강원특별자치도 원주시청,,2025-01-31
가현 태양광발전소,,강원특별자치도 원주시 문막읍 포진리 산 15,37.28973476,127.8238527,,폐기,97.92,380,60,2018,,2018-02-26,강원특별자치도 원주시청,,2025-01-31
규리 태양광발전소,,강원특별자치도 원주시 문막읍 포진리 산 15,37.28973476,127.8238527,,폐기,97.92,380,60,2018,,2018-02-26,강원특별자치도 원주시청,,2025-01-31
금산에너지 태양광발전소 1호,,강원특별자치도 원주시 문막읍 포진리 산 17,37.28814869,127.8255096,,폐기,449.68,22900,60,2018,,2018-02-26,강원특별자치도 원주시청,,2025-01-31
대자연 태양광발전소,,강원특별자치도 원주시 문막읍 포진리 산 15,37.28973476,127.8238527,,폐기,97.92,380,60,2018,,2018-02-26,강원특별자치도 원주시청,,2025-01-31
동혁 태양광발전소,,강원특별자치도 원주시 문막읍 포진리 산 15,37.28973476,127.8238527,,폐기,97.92,380,60,2018,,2018-02-26,강원특별자치도 원주시청,,2025-01-31
선민윤 태양광발전소,,강원특별자치도 원주시 문막읍 포진리 산 15,37.28973476,127.8238527,,폐기,195.84,380,60,2018,,2018-02-26,강원특별자치도 원주시청,,2025-01-31
소영 태양광발전소,,강원특별자치도 원주시 문막읍 포진리 산 15,37.28973476,127.8238527,,폐기,97.92,380,60,2018,,2018-02-26,강원특별자치도 원주시청,,2025-01-31
써니신디 태양광발전소,,강원특별자치도 원주시 문막읍 포진리 산 15,37.28973476,127.8238527,,폐기,97.92,380,60,2018,,2018-02-26,강원특별자치도 원주시청,,2025-01-31
에이블 태양광발전소,,강원특별자치도 원주시 문막읍 포진리 산 15,37.28973476,127.8238527,,폐기,195.84,380,60,2018,,2018-02-26,강원특별자치도 원주시청,,2025-01-31
용문 태양광발전소,,강원특별자치도 원주시 문막읍 포진리 산 15,37.28973476,127.8238527,,폐기,97.92,380,60,2018,,2018-02-26,강원특별자치도 원주시청,,2025-01-31
최서연 태양광발전소,,강원특별자치도 원주시 문막읍 포진리 산 15,37.28973476,127.8238527,,폐기,97.92,380,60,2018,,2018-02-26,강원특별자치도 원주시청,,2025-01-31
최이수 태양광발전소,,강원특별자치도 원주시 문막읍 포진리 산 15,37.28973476,127.8238527,,폐기,97.92,380,60,2018,,2018-02-26,강원특별자치도 원주시청,,2025-01-31
케이솔 태양광발전소,,강원특별자치도 원주시 문막읍 포진리 산 15,37.28973476,127.8238527,,폐기,97.92,380,60,2018,,2018-02-26,강원특별자치도 원주시청,,2025-01-31
코스모 태양광발전소,,강원특별자치도 원주시 문막읍 포진리 산 15,37.28973476,127.8238527,,폐기,97.92,380,60,2018,,2018-02-26,강원특별자치도 원주시청,,2025-01-31
크라페 태양광발전소,,강원특별자치도 원주시 문막읍 포진리 산 15,37.28973476,127.8238527,,폐기,97.92,380,60,2018,,2018-02-26,강원특별자치도 원주시청,,2025-01-31
명진 태양광발전소,,강원특별자치도 원주시 부론면 정산리 산 21,37.16339737,127.7761100375,,폐기,99.36,380,60,2018,,2018-02-28,강원특별자치도 원주시청,,2025-01-31
모세1호 태양광발전소,,강원특별자치도 원주시 부론면 정산리 산 21,37.16339737,127.7761100375,,폐기,99.36,380,60,2018,,2018-02-28,강원특별자치도 원주시청,,2025-01-31
모세2호 태양광발전소,,강원특별자치도 원주시 부론면 정산리 산 21,37.16339737,127.7761100375,,폐기,99.36,380,60,2018,,2018-02-28,강원특별자치도 원주시청,,2025-01-31
세흥발전2호 태양광발전소,,강원특별자치도 원주시 부론면 정산리 산 21,37.16339737,127.7761100375,,폐기,99.36,380,60,2018,,2018-02-28,강원특별자치도 원주시청,,2025-01-31
아우토반 태양광발전소,,강원특별자치도 원주시 부론면 정산리 산 21,37.16339737,127.7761100375,,폐기,99.36,380,60,2018,,2018-02-28,강원특별자치도 원주시청,,2025-01-31
창조 태양광발전소,,강원특별자치도 원주시 부론면 정산리 산 21,37.16339737,127.7761100375,,폐기,99.36,380,60,2018,,2018-02-28,강원특별자치도 원주시청,,2025-01-31
청기 태양광발전소,,강원특별자치도 원주시 부론면 정산리 산 21,37.16339737,127.7761100375,,폐기,199.44,380,60,2018,,2018-02-28,강원특별자치도 원주시청,,2025-01-31
현대그린16호 태양광발전소,,강원특별자치도 원주시 부론면 정산리 산 21,37.16339737,127.7761100375,,폐기,498.68,380,60,2018,,2018-02-28,강원특별자치도 원주시청,,2025-01-31
현대그린17호 태양광발전소,,강원특별자치도 원주시 부론면 정산리 산 21,37.16339737,127.7761100375,,폐기,499.68,380,60,2018,,2018-02-28,강원특별자치도 원주시청,,2025-01-31
현대그린18호 태양광발전소,,강원특별자치도 원주시 부론면 정산리 산 21,37.16339737,127.7761100375,,폐기,199.44,380,60,2018,,2018-02-28,강원특별자치도 원주시청,,2025-01-31
MCS POWER1호 태양광발전소,,강원특별자치도 원주시 소초면 장양리 산 76-16,37.41317306,127.9637202,,폐기,997.92,22900,60,2018,,2018-03-02,강원특별자치도 원주시청,,2025-01-31
김말연 태양광발전소,,강원특별자치도 원주시 신림면 구학리 714,37.22067301,128.053362,,정상가동,97.92,380,60,2019,,2018-03-07,강원특별자치도 원주시청,,2025-01-31
윤지현 태양광발전소,,강원특별자치도 원주시 신림면 구학리 714-10,37.22068179,128.0536467,,정상가동,97.92,380,60,2019,,2018-03-07,강원특별자치도 원주시청,,2025-01-31
글로벌에너지 태양광발전소,,강원특별자치도 원주시 문막읍 비두리 산 160-7,37.24793117,127.8559081,,폐기,990.0,22900,60,2018,,2018-03-13,강원특별자치도 원주시청,,2025-01-31
맑은하늘1호 태양광발전소,,강원특별자치도 원주시 가현동 498,37.38948422,127.9274793,,폐기,99.36,380,60,2018,,2018-03-13,강원특별자치도 원주시청,,2025-01-31
맑은하늘2호 태양광발전소,,강원특별자치도 원주시 가현동 498,37.38948422,127.9274793,,폐기,99.36,380,60,2018,,2018-03-13,강원특별자치도 원주시청,,2025-01-31
부윤1태양광발전소,,강원특별자치도 원주시 부론면 단강리 1021-2,37.17494508,127.7976662,,정상가동,99.84,380,60,2021,,2018-03-13,강원특별자치도 원주시청,,2025-01-31
성근솔라 태양광발전소,,강원특별자치도 원주시 귀래면 운계리 612-1,37.19693662,127.8863148,,폐기,466.32,380,60,2018,,2018-03-13,강원특별자치도 원주시청,,2025-01-31
쏠라파워 태양광발전소,,강원특별자치도 원주시 문막읍 비두리 산 160-7,37.24793117,127.8559081,,폐기,990.0,22900,60,2018,,2018-03-13,강원특별자치도 원주시청,,2025-01-31
엘에스산업 태양광발전소,강원특별자치도 원주시 문막읍 견훤로 941-3,강원특별자치도 원주시 문막읍 후용리 821,37.27579535,127.7944475,,폐기,150.0,380,60,2018,,2018-03-13,강원특별자치도 원주시청,,2025-01-31
원삼 태양광발전소,,강원특별자치도 원주시 문막읍 비두리 산 160-7,37.24793117,127.8559081,,폐기,990.0,22900,60,2018,,2018-03-13,강원특별자치도 원주시청,,2025-01-31
원앤현쏠라 태양광발전소,,강원특별자치도 원주시 가현동 731-1,37.38904527,127.9148371,,정상가동,99.28,380,60,2018,,2018-03-13,강원특별자치도 원주시청,,2025-01-31
진성 태양광발전소,,강원특별자치도 원주시 귀래면 귀래리 1393,37.22715981,127.8680101,,정상가동,197.58,380,60,2019,,2018-03-13,강원특별자치도 원주시청,,2025-01-31
남원주농협 태양광발전소1호,강원특별자치도 원주시 흥업면 사제로 2,강원특별자치도 원주시 흥업면 흥업리 590-8,37.30358917,127.9192095,,정상가동,72.0,380,60,2018,,2018-03-27,강원특별자치도 원주시청,,2025-01-31
남원주농협태양광발전소2호,강원특별자치도 원주시 흥업면 남원로 87,강원특별자치도 원주시 흥업면 흥업리 706,37.30386058,127.9193571,,폐기,75.0,380,60,2018,,2018-03-27,강원특별자치도 원주시청,,2025-01-31
서현쏠라13호 태양광발전소,,강원특별자치도 원주시 부론면 정산리 952-1,37.17036006,127.7803624,,정상가동,99.2,380,60,2020,,2018-04-04,강원특별자치도 원주시청,,2025-01-31
준기솔라7호 태양광발전소,,강원특별자치도 원주시 부론면 정산리 산 27,37.17006643,127.7829652,,정상가동,99.2,380,60,2019,,2018-04-04,강원특별자치도 원주시청,,2025-01-31
홍하 태양광발전소,,강원특별자치도 원주시 문막읍 비두리 산 165-1,37.25353366,127.8692362,,폐기,97.92,380,60,2018,,2018-04-04,강원특별자치도 원주시청,,2025-01-31
국제 태양광발전소,강원특별자치도 원주시 섭재삼보길 1-66,강원특별자치도 원주시 반곡동 1110-2,37.31608204,127.9737829,,정상가동,86.4,380,60,2018,,2018-04-12,강원특별자치도 원주시청,,2025-01-31
가보쏠라1호 태양광발전소,강원특별자치도 원주시 소초면 송문1길 32,강원특별자치도 원주시 소초면 흥양리 1639,37.38069713,127.9765699,,정상가동,25.5,380,60,2018,,2018-04-13,강원특별자치도 원주시청,,2025-01-31
반계2호 태양광발전소,,강원특별자치도 원주시 문막읍 반계리 355-3,37.28681539,127.7887867,,정상가동,99.0,380,60,2020,,2018-04-13,강원특별자치도 원주시청,,2025-01-31
반계4호 태양광발전소,,강원특별자치도 원주시 문막읍 반계리 352,37.28699854,127.7895556,,정상가동,99.0,380,60,2020,,2018-04-13,강원특별자치도 원주시청,,2025-01-31
주식회사 스카이하이발전소,,강원특별자치도 원주시 부론면 단강리 산 144,37.1486453,127.7965313,,폐기,997.92,22900,60,2018,,2018-04-13,강원특별자치도 원주시청,,2025-01-31
귀래주포솔라 태양광발전소,,강원특별자치도 원주시 귀래면 주포리 332-1,37.16804825,127.8653311,,폐기,496.4,380,60,2018,,2018-04-23,강원특별자치도 원주시청,,2025-01-31
금종5호 태양광발전소,,강원특별자치도 원주시 부론면 손곡리 595-2,37.23727562,127.8117236,,폐기,99.36,380,60,2018,,2018-05-04,강원특별자치도 원주시청,,2025-01-31
정산1호 태양광발전소,,강원특별자치도 원주시 부론면 정산리 산 38-1,37.17005375,127.776713,,정상가동,99.16,380,60,2020,,2018-05-04,강원특별자치도 원주시청,,2025-01-31
정산2호 태양광발전소,,강원특별자치도 원주시 부론면 정산리 산 38-1,37.17005375,127.776713,,정상가동,99.16,380,60,2020,,2018-05-04,강원특별자치도 원주시청,,2025-01-31
영길2호 태양광발전소,강원특별자치도 원주시 섭재삼보길 71,강원특별자치도 원주시 관설동 594-3,37.30699023,127.9820697,,정상가동,97.2,380,60,2018,,2018-05-17,강원특별자치도 원주시청,,2025-01-31
이브 태양광발전소,강원특별자치도 원주시 치악로 1543-1,강원특별자치도 원주시 관설동 1493-2,37.32125721,127.9637243,,정상가동,19.04,380,60,2018,,2018-05-17,강원특별자치도 원주시청,,2025-01-31
천혜 태양광발전소,강원특별자치도 원주시 소초면 평장두둑1길 9-1,강원특별자치도 원주시 소초면 평장리 770-5,37.41422054,128.0004558,,정상가동,18.36,380,60,2019,,2018-05-17,강원특별자치도 원주시청,,2025-01-31
선영 태양광발전소,,강원특별자치도 원주시 소초면 평장리 809-1,37.41946299,128.0037267,,폐기,99.28,380,60,2018,,2018-05-18,강원특별자치도 원주시청,,2025-01-31
호애2호 태양광발전소,강원특별자치도 원주시 소초면 바우실길 38,강원특별자치도 원주시 소초면 수암리 777-2,37.39601892,127.9920114,,정상가동,9.6,220,60,2018,,2018-05-18,강원특별자치도 원주시청,,2025-01-31
거산 태양광발전소 2호,,강원특별자치도 원주시 호저면 무장리 9,37.42282442,127.9055771,,폐기,500.0,380,60,2018,,2018-05-23,강원특별자치도 원주시청,,2025-01-31
솔라에쿼티원주018 태양광발전소,,강원특별자치도 원주시 부론면 흥호리 산 62-1,37.23492027,127.7622625,,폐기,998.64,22900,60,2018,,2018-05-23,강원특별자치도 원주시청,,2025-01-31
광명 태양광발전소,,강원특별자치도 원주시 문막읍 비두리 산 122,37.24920646,127.8385542,,폐기,299.88,380,60,2018,,2018-05-29,강원특별자치도 원주시청,,2025-01-31
다현 태양광발전소,,강원특별자치도 원주시 문막읍 비두리 산 122,37.24920646,127.8385542,,폐기,199.92,380,60,2018,,2018-05-29,강원특별자치도 원주시청,,2025-01-31
동해 태양광발전소,,강원특별자치도 원주시 문막읍 비두리 산 122,37.24920646,127.8385542,,폐기,199.92,380,60,2018,,2018-05-29,강원특별자치도 원주시청,,2025-01-31
밤 태양광발전소,,강원특별자치도 원주시 부론면 흥호리 43,37.23756586,127.7700456,,폐기,97.92,380,60,2018,,2018-05-29,강원특별자치도 원주시청,,2025-01-31
보배 태양광발전소,강원특별자치도 원주시 부론면 손곡새말길 101,강원특별자치도 원주시 부론면 손곡리 587,37.23556952,127.8104125,,정상가동,93.08,380,60,2019,,2018-05-29,강원특별자치도 원주시청,,2025-01-31
송암 태양광발전소,강원특별자치도 원주시 부론면 손곡새말길 101,강원특별자치도 원주시 부론면 손곡리 587,37.23556952,127.8104125,,정상가동,99.0,380,60,2019,,2018-05-29,강원특별자치도 원주시청,,2025-01-31
수암 태양광발전소,,강원특별자치도 원주시 문막읍 비두리 산 122,37.24920646,127.8385542,,폐기,99.96,380,60,2018,,2018-05-29,강원특별자치도 원주시청,,2025-01-31
춘옥 태양광발전소,,강원특별자치도 원주시 지정면 간현리 1102-19,37.37695821,127.8324169,,폐기,97.92,380,60,2018,,2018-05-29,강원특별자치도 원주시청,,2025-01-31
태산 태양광발전소,강원특별자치도 원주시 우산로 286-1,강원특별자치도 원주시 우산동 469-5,37.38389561,127.9388048,,정상가동,97.3,380,60,2020,,2018-05-29,강원특별자치도 원주시청,,2025-01-31
호두 태양광발전소,,강원특별자치도 원주시 부론면 흥호리 43,37.23756586,127.7700456,,폐기,97.92,380,60,2018,,2018-05-29,강원특별자치도 원주시청,,2025-01-31
호암 태양광발전소,강원특별자치도 원주시 부론면 손곡새말길 101,강원특별자치도 원주시 부론면 손곡리 587,37.23556952,127.8104125,,정상가동,98.55,380,60,2019,,2018-05-29,강원특별자치도 원주시청,,2025-01-31
에코 태양광발전소,,강원특별자치도 원주시 지정면 간현리 54번지,37.35049331,127.8540183,,정상가동,153.3,380,60,2019,,2018-05-30,강원특별자치도 원주시청,,2025-01-31
웰텍 태양광발전소,강원특별자치도 원주시 태장공단길 42-1,강원특별자치도 원주시 태장동 1720-60,37.40481017,127.9470903,,정상가동,145.52,380,60,2018,,2018-05-30,강원특별자치도 원주시청,,2025-01-31
용배1호 태양광발전소,,강원특별자치도 원주시 소초면 교항리 산 23,37.4358531,128.0453386,,정상가동,99.6,380,60,2020,,2018-06-04,강원특별자치도 원주시청,,2025-01-31
용배2호 태양광발전소,,강원특별자치도 원주시 소초면 교항리 산 23,37.4358531,128.0453386,,정상가동,99.36,380,60,2020,,2018-06-04,강원특별자치도 원주시청,,2025-01-31
용배3호 태양광발전소,,강원특별자치도 원주시 소초면 교항리 산 23,37.4358531,128.0453386,,정상가동,99.36,380,60,2020,,2018-06-04,강원특별자치도 원주시청,,2025-01-31
용배4호 태양광발전소,,강원특별자치도 원주시 소초면 교항리 산 23,37.4358531,128.0453386,,정상가동,99.36,380,60,2020,,2018-06-04,강원특별자치도 원주시청,,2025-01-31
용배5호 태양광발전소,,강원특별자치도 원주시 소초면 교항리 산 23,37.4358531,128.0453386,,정상가동,99.36,380,60,2020,,2018-06-04,강원특별자치도 원주시청,,2025-01-31
가현한1 태양광발전소,,강원특별자치도 원주시 가현동 566,37.38675864,127.9335766,,정상가동,99.96,380,60,2020,,2018-06-07,강원특별자치도 원주시청,,2025-01-31
샘골전력 태양광발전소,,강원특별자치도 원주시 호저면 광격리 370,37.46298333,127.9395797,,폐기,99.0,380,60,2018,,2018-06-07,강원특별자치도 원주시청,,2025-01-31
태양전력 태양광발전소,,강원특별자치도 원주시 호저면 광격리 1030-5,37.45483863,127.9369195,,폐기,198.0,380,60,2018,,2018-06-07,강원특별자치도 원주시청,,2025-01-31
에스에이치솔라590,강원특별자치도 원주시 소초면 치악로 2690,강원특별자치도 원주시 소초면 수암리 590,37.40951102,127.9969877,,폐기,99.4,380,60,2018,,2018-06-11,강원특별자치도 원주시청,,2025-01-31
호감 태양광발전소,강원특별자치도 원주시 소초면 송문2길 22,강원특별자치도 원주시 소초면 흥양리 1726,37.38296367,127.9730274,,정상가동,30.66,380,60,2018,,2018-06-11,강원특별자치도 원주시청,,2025-01-31
보통 태양광발전소,,강원특별자치도 원주시 지정면 보통리 377-8,37.34310038,127.8676087,,정상가동,180.0,380,60,2019,,2018-06-12,강원특별자치도 원주시청,,2025-01-31
에스비솔라,,강원특별자치도 원주시 소초면 수암리 569-1,37.40684244,127.9974267,,정상가동,99.4,380,60,2019,,2018-06-12,강원특별자치도 원주시청,,2025-01-31
에스에이치솔라,,강원특별자치도 원주시 소초면 수암리 569-1,37.40684244,127.9974267,,정상가동,99.4,380,60,2019,,2018-06-12,강원특별자치도 원주시청,,2025-01-31
용바위1호 태양광발전소,,강원특별자치도 원주시 귀래면 용암리 915,37.1563967,127.8289832,,폐기,413.44,380,60,2018,,2018-06-12,강원특별자치도 원주시청,,2025-01-31
용바위2호 태양광발전소,,강원특별자치도 원주시 귀래면 용암리 937-1,37.15648991,127.8308233,,폐기,195.84,380,60,2018,,2018-06-12,강원특별자치도 원주시청,,2025-01-31
천하 태양광발전소,강원특별자치도 원주시 문막읍 문막시장3길 10,강원특별자치도 원주시 문막읍 문막리 535-8,37.31057273,127.8212233,,정상가동,14.4,380,60,2018,,2018-06-12,강원특별자치도 원주시청,,2025-01-31
한솔2호 태양광발전소,,강원특별자치도 원주시 부론면 정산리 산 127,37.18420146,127.7875489,,폐기,499.32,380,60,2018,,2018-06-12,강원특별자치도 원주시청,,2025-01-31
호저농산3호 태양광발전소,강원특별자치도 원주시 호저면 칠봉로 236-1,강원특별자치도 원주시 호저면 무장리 106,37.41956227,127.9029266,,정상가동,64.8,380,60,2018,,2018-06-12,강원특별자치도 원주시청,,2025-01-31
에스티솔라,,강원특별자치도 원주시 소초면 수암리 569-1,37.40684244,127.9974267,,정상가동,99.4,380,60,2019,,2018-06-19,강원특별자치도 원주시청,,2025-01-31
옥미4호 태양광발전소,,강원특별자치도 원주시 귀래면 귀래리 24-12,37.23584134,127.8953944,,폐기,99.36,380,60,2018,,2018-06-21,강원특별자치도 원주시청,,2025-01-31
태광1호 태양광발전소,,강원특별자치도 원주시 귀래면 운계리 산 197-2,37.18269804,127.8822924,,폐기,499.95,380,60,2018,,2018-06-21,강원특별자치도 원주시청,,2025-01-31
태광2호 태양광발전소,,강원특별자치도 원주시 귀래면 운계리 산 197-2,37.18269804,127.8822924,,폐기,499.95,380,60,2018,,2018-06-21,강원특별자치도 원주시청,,2025-01-31
강영원 태양광발전소,강원특별자치도 원주시 라옹정길 35,강원특별자치도 원주시 관설동 1687-2,37.31963167,127.9627229,,정상가동,50.0,380,60,2018,,2018-06-25,강원특별자치도 원주시청,,2025-01-31
정덕자 태양광발전소,강원특별자치도 원주시 판부면 오성마을길 47-15,강원특별자치도 원주시 판부면 서곡리 2020-5,37.31851473,127.9493706,,정상가동,19.44,380,60,2019,,2018-06-25,강원특별자치도 원주시청,,2025-01-31
금창2호 태양광발전소,,강원특별자치도 원주시 신림면 금창리 820-56,37.23144142,128.0350676,,폐기,98.55,380,60,2018,,2018-06-26,강원특별자치도 원주시청,,2025-01-31
금창3호 태양광발전소,,강원특별자치도 원주시 신림면 금창리 820-56,37.23144142,128.0350676,,폐기,98.55,380,60,2018,,2018-06-26,강원특별자치도 원주시청,,2025-01-31
밝음1호 태양광발전소,,강원특별자치도 원주시 신림면 금창리 820-56,37.23144142,128.0350676,,폐기,98.55,380,60,2018,,2018-06-26,강원특별자치도 원주시청,,2025-01-31
일우 태양광발전소,,강원특별자치도 원주시 판부면 서곡리 산 125,37.30465172,127.9425335,,폐기,997.05,380,60,2018,,2018-06-26,강원특별자치도 원주시청,,2025-01-31
경 태양광발전소,,강원특별자치도 원주시 신림면 황둔리 68,37.24579342,128.1910533,,폐기,249.9,380,60,2018,,2018-06-27,강원특별자치도 원주시청,,2025-01-31
단강 태양광발전소,,강원특별자치도 원주시 부론면 단강리 1024,37.17563296,127.7969702,,폐기,97.92,380,60,2018,,2018-06-27,강원특별자치도 원주시청,,2025-01-31
쌍둥이 태양광발전소,,강원특별자치도 원주시 귀래면 주포리 275-11,37.16544058,127.8656193,,정상가동,97.02,380,60,2020,,2018-06-27,강원특별자치도 원주시청,,2025-01-31
종균 태양광발전소,,강원특별자치도 원주시 귀래면 귀래리 1802-1,37.23045096,127.8551718,,폐기,100.0,380,60,2018,,2018-06-27,강원특별자치도 원주시청,,2025-01-31
준 태양광발전소,,강원특별자치도 원주시 신림면 황둔리 68,37.24579342,128.1910533,,폐기,249.9,380,60,2018,,2018-06-27,강원특별자치도 원주시청,,2025-01-31
천하2 태양광발전소,,강원특별자치도 원주시 부론면 노림리 175-4,37.25324519,127.7864127,,정상가동,97.02,380,60,2021,,2018-06-27,강원특별자치도 원주시청,,2025-01-31
부론솔라 태양광발전소,,강원특별자치도 원주시 부론면 법천리 산 114-14,37.18744007,127.7542226,,폐기,186.0,380,60,2018,,2018-07-05,강원특별자치도 원주시청,,2025-01-31
(주)광섬산업개발,,강원특별자치도 원주시 문막읍 포진리 산 23,37.28590342,127.8220599,,폐기,449.68,22900,60,2018,,2018-07-06,강원특별자치도 원주시청,,2025-01-31
SG 태양광발전소,,강원특별자치도 원주시 소초면 수암리 903-1,37.40278109,127.9866626,,정상가동,99.4,380,60,2019,,2018-07-06,강원특별자치도 원주시청,,2025-01-31
남한강솔라 태양광발전소,,강원특별자치도 원주시 부론면 법천리 산 114-14,37.18744007,127.7542226,,폐기,99.0,380,60,2018,,2018-07-06,강원특별자치도 원주시청,,2025-01-31
용화에너지3 원주태양광(주),,강원특별자치도 원주시 호저면 무장리 산 101,37.39825721,127.8997005,,폐기,827.82,380,60,2018,,2018-07-06,강원특별자치도 원주시청,,2025-01-31
창원솔라 태양광발전소,,강원특별자치도 원주시 부론면 법천리 산 114-14,37.18744007,127.7542226,,폐기,99.0,380,60,2018,,2018-07-06,강원특별자치도 원주시청,,2025-01-31
태경 태양광발전소,강원특별자치도 원주시 판부면 남원로 272-15,강원특별자치도 원주시 판부면 서곡리 638-3,37.31166682,127.9325944,,폐기,198.9,380,60,2018,,2018-07-06,강원특별자치도 원주시청,,2025-01-31
해오름 태양광발전소,강원특별자치도 원주시 호저면 중부동1길 130,강원특별자치도 원주시 호저면 만종리 739,37.34756675,127.9009235,,정상가동,99.0,380,60,2020,,2018-07-06,강원특별자치도 원주시청,,2025-01-31
엠에스그리드 태양광발전소,강원특별자치도 원주시 문막읍 왕건로 195,강원특별자치도 원주시 문막읍 동화리 1039-1,37.33584097,127.8332583,,정상가동,99.96,380,60,2018,,2018-07-10,강원특별자치도 원주시청,,2025-01-31
가현동발전소1,,강원특별자치도 원주시 가현동 533,37.38721428,127.9282924,,폐기,99.36,380,60,2018,,2018-07-18,강원특별자치도 원주시청,,2025-01-31
가현동발전소2,,강원특별자치도 원주시 가현동 533,37.38721428,127.9282924,,폐기,99.36,380,60,2018,,2018-07-18,강원특별자치도 원주시청,,2025-01-31
서곡지구 수상 태양광발전소,,강원특별자치도 원주시 판부면 서곡리 1487,37.29049266,127.9441716,,폐기,950.0,22900,60,2018,,2018-07-19,강원특별자치도 원주시청,,2025-01-31
영길1호 태양광발전소,강원특별자치도 원주시 호저면 칠봉로 236-9,강원특별자치도 원주시 호저면 무장리 108-2,37.41964488,127.9043181,,정상가동,69.12,380,60,2018,,2018-07-19,강원특별자치도 원주시청,,2025-01-31
귀래1호 태양광발전소,강원특별자치도 원주시 귀래면 귀문로 482-4,강원특별자치도 원주시 귀래면 귀래리 1203,37.22107738,127.8665993,,정상가동,19.8,380,60,2020,,2018-07-20,강원특별자치도 원주시청,,2025-01-31
선진에너지 원주 태양광발전소,강원특별자치도 원주시 지정면 질마재로 96,강원특별자치도 원주시 지정면 가곡리 872-4,37.35188002,127.8734848,,정상가동,433.16,380,60,2020,,2018-07-20,강원특별자치도 원주시청,,2025-01-31
솔빛 태양광발전소,,강원특별자치도 원주시 신림면 용암리 222,37.22173212,128.0963069,,폐기,189.8,380,60,2018,,2018-07-20,강원특별자치도 원주시청,,2025-01-31
보준 태양광발전소,,강원특별자치도 원주시 부론면 정산리 산 75,37.18224925,127.7943434,,폐기,99.36,380,60,2018,,2018-07-23,강원특별자치도 원주시청,,2025-01-31
샘골1 태양광발전소,,"강원특별자치도 원주시 부론면 정산 리 317-1, 317-2, 317-3, 317-5",37.18202683,127.7947453,,정상가동,99.36,380,60,2021,,2018-07-23,강원특별자치도 원주시청,,2025-01-31
샘골2 태양광발전소,,"강원특별자치도 원주시 부론면 정산 리 317-1, 317-2, 317-3, 317-5",37.18202683,127.7947453,,정상가동,99.36,380,60,2021,,2018-07-23,강원특별자치도 원주시청,,2025-01-31
샘골3 태양광발전소,,"강원특별자치도 원주시 부론면 정산 리 317-1, 317-2, 317-3, 317-5",37.18202683,127.7947453,,정상가동,99.36,380,60,2021,,2018-07-23,강원특별자치도 원주시청,,2025-01-31
샘골4 태양광발전소,,"강원특별자치도 원주시 부론면 정산 리 317-1, 317-2, 317-3, 317-5",37.18202683,127.7947453,,정상가동,99.36,380,60,2021,,2018-07-23,강원특별자치도 원주시청,,2025-01-31
샘골5 태양광발전소,,강원특별자치도 원주시 부론면 정산리 산 75,37.18224925,127.7943434,,정상가동,99.36,380,60,2021,,2018-07-23,강원특별자치도 원주시청,,2025-01-31
성희 태양광발전소,,강원특별자치도 원주시 부론면 정산리 산 75,37.18224925,127.7943434,,폐기,99.36,380,60,2018,,2018-07-23,강원특별자치도 원주시청,,2025-01-31
윤1호 태양광발전소,,"강원특별자치도 원주시 부론면 산 75, 317",37.18218526,127.7953359,,폐기,99.36,380,60,2018,,2018-07-23,강원특별자치도 원주시청,,2025-01-31
제이에스 태양광발전소,,강원특별자치도 원주시 부론면 정산리 산 75,37.18224925,127.7943434,,폐기,99.36,380,60,2018,,2018-07-23,강원특별자치도 원주시청,,2025-01-31
제이엠 태양광발전소,,강원특별자치도 원주시 부론면 정산리 산 75,37.18224925,127.7943434,,폐기,99.36,380,60,2018,,2018-07-23,강원특별자치도 원주시청,,2025-01-31
홍산1호 태양광발전소,강원특별자치도 원주시 호저면 우무개로 274,강원특별자치도 원주시 호저면 만종리 28-1,37.36780791,127.9177082,,정상가동,78.75,380,60,2018,,2018-07-23,강원특별자치도 원주시청,,2025-01-31
홍산2호 태양광발전소,강원특별자치도 원주시 호저면 우무개로 274,강원특별자치도 원주시 호저면 만종리 28-1,37.36780791,127.9177082,,정상가동,78.75,380,60,2018,,2018-07-23,강원특별자치도 원주시청,,2025-01-31
소원 태양광발전소,강원특별자치도 원주시 신림면 싸리치길 176-33,강원특별자치도 원주시 신림면 신림리 29-2,37.23900623,128.1095673,,정상가동,99.6,380,60,2019,,2018-07-24,강원특별자치도 원주시청,,2025-01-31
에스에프 태양광발전소,,강원특별자치도 원주시 둔둔리 529-2,37.32442198,127.9181142,,정상가동,498.96,380,60,2020,,2018-07-24,강원특별자치도 원주시청,,2025-01-31
원주생명농업 태양광발전소,강원특별자치도 원주시 호저면 유봉길 184-3,강원특별자치도 원주시 호저면 무장리 494-16,37.40782132,127.8916928,,정상가동,42.84,380,60,2021,,2018-07-24,강원특별자치도 원주시청,,2025-01-31
태영강 발전소,강원특별자치도 원주시 단관길 131,강원특별자치도 원주시 관설동 1675-5,37.32011855,127.9603633,,폐기,16.43,380,60,2018,,2018-07-24,강원특별자치도 원주시청,,2025-01-31
와이앤피 솔라 태양광발전소,,강원특별자치도 원주시 문막읍 궁촌리 979,37.26606175,127.8268825,,정상가동,297.04,380,60,2020,,2018-07-25,강원특별자치도 원주시청,,2025-01-31
해테크귀래1호,,강원특별자치도 원주시 귀래면 귀래리 1864-1,37.23321676,127.8700642,,정상가동,197.1,380,60,2020,,2018-07-25,강원특별자치도 원주시청,,2025-01-31
해테크귀래2호,,강원특별자치도 원주시 귀래면 귀래리 1864-1,37.23321676,127.8700642,,정상가동,98.55,380,60,2020,,2018-07-25,강원특별자치도 원주시청,,2025-01-31
해테크귀래3호,,강원특별자치도 원주시 귀래면 귀래리 1864-1,37.23321676,127.8700642,,정상가동,98.55,380,60,2020,,2018-07-25,강원특별자치도 원주시청,,2025-01-31
해테크귀래4호,,강원특별자치도 원주시 귀래면 귀래리 1864-1,37.23321676,127.8700642,,정상가동,98.55,380,60,2020,,2018-07-25,강원특별자치도 원주시청,,2025-01-31
신흥 태양광발전소,,강원특별자치도 원주시 문막읍 반계리 산 89,37.28351767,127.7787926,,폐기,99.4,380,60,2018,,2018-08-06,강원특별자치도 원주시청,,2025-01-31
아림산업 태양광발전소,,강원특별자치도 원주시 문막읍 반계리 산 89,37.28351767,127.7787926,,폐기,99.4,380,60,2018,,2018-08-06,강원특별자치도 원주시청,,2025-01-31
투와이 태양광발전소,,강원특별자치도 원주시 문막읍 반계리 산 89,37.28351767,127.7787926,,폐기,99.4,380,60,2018,,2018-08-06,강원특별자치도 원주시청,,2025-01-31
호웅산업 태양광발전소,,강원특별자치도 원주시 문막읍 반계리 산 89,37.28351767,127.7787926,,폐기,99.4,380,60,2018,,2018-08-06,강원특별자치도 원주시청,,2025-01-31
다감 태양광발전소,,강원특별자치도 원주시 신림면 신림리 651-1,37.22049416,128.0801522,,정상가동,298.8,380,60,2020,,2018-08-08,강원특별자치도 원주시청,,2025-01-31
다정 태양광발전소,,강원특별자치도 원주시 신림면 신림리 651-1,37.22049416,128.0801522,,정상가동,299.7,380,60,2020,,2018-08-08,강원특별자치도 원주시청,,2025-01-31
정일1호 태양광발전소,강원특별자치도 원주시 소초면 수래울길 5-8,강원특별자치도 원주시 소초면 장양리 470-1,37.39892425,127.9712503,,정상가동,51.8,380,60,2020,,2018-08-08,강원특별자치도 원주시청,,2025-01-31
지케이 태양광발전소 4호,,강원특별자치도 원주시 소초면 둔둔리 860,37.43878614,127.9830611,,정상가동,422.4,380,60,2019,,2018-08-08,강원특별자치도 원주시청,,2025-01-31
와이엠쏠라 태양광발전소,,강원특별자치도 원주시 귀래면 귀래리 1796,37.23124271,127.8541285,,정상가동,99.36,380,60,2019,,2018-08-09,강원특별자치도 원주시청,,2025-01-31
유진 태양광발전소,,강원특별자치도 원주시 귀래면 운계리 산 197-8,37.18272687,127.8812745,,폐기,299.52,380,60,2018,,2018-08-09,강원특별자치도 원주시청,,2025-01-31
해오름 태양광발전소,,강원특별자치도 원주시 귀래면 귀래리 1796,37.23124271,127.8541285,,정상가동,99.36,380,60,2019,,2018-08-09,강원특별자치도 원주시청,,2025-01-31
소샘 태양광발전소,강원특별자치도 원주시 부론면 노숲길 17-51,강원특별자치도 원주시 부론면 노림리 106,37.2574492,127.7869688,,정상가동,99.75,380,60,2021,,2018-08-10,강원특별자치도 원주시청,,2025-01-31
연세밸리 태양광발전소,강원특별자치도 원주시 동진골1길 79,강원특별자치도 원주시 일산동 234-31,37.34773928,127.9431053,,정상가동,29.2,380,60,2019,,2018-08-10,강원특별자치도 원주시청,,2025-01-31
기붕 태양광발전소,,강원특별자치도 원주시 문막읍 건등리 974,37.32716255,127.8180876,,폐기,97.92,380,60,2018,,2018-08-13,강원특별자치도 원주시청,,2025-01-31
에이제이 원주 태양광발전소,강원특별자치도 원주시 문막읍 성아길 45,강원특별자치도 원주시 문막읍 동화리 608,37.31814742,127.8414107,,정상가동,82.88,380,60,2018,,2018-08-14,강원특별자치도 원주시청,,2025-01-31
귀래1 태양광발전소,,강원특별자치도 원주시 귀래면 운계리 산 148,37.19797195,127.8760658,,폐기,397.6,380,60,2018,,2018-08-17,강원특별자치도 원주시청,,2025-01-31
귀래2 태양광발전소,,강원특별자치도 원주시 귀래면 운계리 산 148,37.19797195,127.8760658,,폐기,99.4,380,60,2018,,2018-08-17,강원특별자치도 원주시청,,2025-01-31
미카엘 태양광발전소,,"강원특별자치도 원주시 귀래면 운계리 산 33-5,산 33-7,산 33-8",37.19155497,127.8894088,,정상가동,998.49,22900,60,2020,,2018-08-20,강원특별자치도 원주시청,,2025-01-31
살대울 태양광발전소,강원특별자치도 원주시 번재길 67,강원특별자치도 원주시 봉산동 524-1,37.34706924,127.9746453,,폐기,51.84,380,60,2018,,2018-08-21,강원특별자치도 원주시청,,2025-01-31
알파4호 태양광발전소,,강원특별자치도 원주시 귀래면 귀래리 453,37.22527603,127.8706231,,정상가동,297.84,380,60,2020,,2018-08-21,강원특별자치도 원주시청,,2025-01-31
민결 태양광발전소,강원특별자치도 원주시 호저면 광격샘골길 54-34,강원특별자치도 원주시 호저면 광격리 산 76-1,37.45178454,127.9410781,,정상가동,913.24,22900,60,2020,,2018-08-23,강원특별자치도 원주시청,,2025-01-31
지케이태양광발전소2호,,강원특별자치도 원주시 소초면 둔둔리 산 71,37.43865471,127.9830392,,정상가동,997.92,22900,60,2019,,2018-08-23,강원특별자치도 원주시청,,2025-01-31
지케이태양광발전소3호,,강원특별자치도 원주시 소초면 둔둔리 산 71,37.43865471,127.9830392,,정상가동,997.92,22900,60,2019,,2018-08-23,강원특별자치도 원주시청,,2025-01-31
형제솔라1호 태양광발전소,강원특별자치도 원주시 소초면 장수1로 232-11,강원특별자치도 원주시 소초면 장양리 산 38-3,37.39284639,127.9714451,,정상가동,999.0,22900,60,2019,,2018-08-23,강원특별자치도 원주시청,,2025-01-31
형제솔라2호 태양광발전소,강원특별자치도 원주시 소초면 장수1로 232-11,강원특별자치도 원주시 소초면 장양리 산 38-3,37.39284639,127.9714451,,정상가동,999.0,22900,60,2019,,2018-08-23,강원특별자치도 원주시청,,2025-01-31
형제솔라3호 태양광발전소,,강원특별자치도 원주시 소초면 장양리 410-5,37.39336613,127.9697452,,폐기,794.88,22900,60,2018,,2018-08-23,강원특별자치도 원주시청,,2025-01-31
형제솔라4호 태양광발전소,,강원특별자치도 원주시 소초면 장양리 410-5,37.39336613,127.9697452,,폐기,794.88,22900,60,2018,,2018-08-23,강원특별자치도 원주시청,,2025-01-31
화랑 태양광발전소,강원특별자치도 원주시 소초면 간촌길 130,강원특별자치도 원주시 소초면 둔둔리 산 175-2,37.43356486,127.9883899,,폐기,298.2,380,60,2018,,2018-08-23,강원특별자치도 원주시청,,2025-01-31
신성 태양광발전소,강원특별자치도 원주시 라옹정길 74-32,강원특별자치도 원주시 관설동 1666-1,37.32175224,127.9610522,,정상가동,17.52,380,60,2020,,2018-08-24,강원특별자치도 원주시청,,2025-01-31
형제솔라5호 태양광발전소,,강원특별자치도 원주시 소초면 장양리 410-5,37.39336613,127.9697452,,폐기,596.16,22900,60,2018,,2018-08-24,강원특별자치도 원주시청,,2025-01-31
형제솔라6호 태양광발전소,,강원특별자치도 원주시 소초면 장양리 410-5,37.39336613,127.9697452,,폐기,99.28,380,60,2018,,2018-08-24,강원특별자치도 원주시청,,2025-01-31
형제솔라7호 태양광발전소,,강원특별자치도 원주시 소초면 장양리 410-5,37.39336613,127.9697452,,폐기,99.28,380,60,2018,,2018-08-24,강원특별자치도 원주시청,,2025-01-31
부론 제2발전소,,강원특별자치도 원주시 부론면 단강리 1021-2,37.17494508,127.7976662,,정상가동,99.84,380,60,2021,,2018-09-03,강원특별자치도 원주시청,,2025-01-31
아모레 퍼시픽 태양광발전소,강원특별자치도 원주시 판부면 금대길 185-8,강원특별자치도 원주시 판부면 금대리 728-2,37.27864868,128.0074015,,폐기,51.1,380,60,2018,,2018-09-03,강원특별자치도 원주시청,,2025-01-31
라이브3호 태양광발전소,강원특별자치도 원주시 문막읍 명봉산길 134-166,강원특별자치도 원주시 문막읍 궁촌리 1654,37.2979456,127.8336348,,정상가동,99.9,380,60,2020,,2018-09-05,강원특별자치도 원주시청,,2025-01-31
로아 태양광발전소,강원특별자치도 원주시 문막읍 명봉산길 134-166,강원특별자치도 원주시 문막읍 궁촌리 1654,37.2979456,127.8336348,,정상가동,99.9,380,60,2020,,2018-09-05,강원특별자치도 원주시청,,2025-01-31
부흥 태양광발전소,강원특별자치도 원주시 문막읍 명봉산길 134-166,강원특별자치도 원주시 문막읍 궁촌리 1654,37.2979456,127.8336348,,정상가동,99.6,380,60,2020,,2018-09-05,강원특별자치도 원주시청,,2025-01-31
운아 태양광발전소,강원특별자치도 원주시 문막읍 명봉산길 134-166,강원특별자치도 원주시 문막읍 궁촌리 1654,37.2979456,127.8336348,,정상가동,99.9,380,60,2020,,2018-09-05,강원특별자치도 원주시청,,2025-01-31
허브 태양광발전소,강원특별자치도 원주시 북원로2246번길 13,강원특별자치도 원주시 단계동 781-16,37.34636859,127.9350584,,폐기,19.04,380,60,2018,,2018-09-06,강원특별자치도 원주시청,,2025-01-31
칠임1호 태양광발전소,,강원특별자치도 원주시 소초면 둔둔리 산 12-3,37.45592024,127.9885628,,폐기,907.2,22900,60,2018,,2018-09-10,강원특별자치도 원주시청,,2025-01-31
공산쏠라2 태양광발전소,,강원특별자치도 원주시 소초면 교항리 824-4,37.44674151,128.0053485,,정상가동,999.0,22900,60,2019,,2018-09-12,강원특별자치도 원주시청,,2025-01-31
광격1 태양광발전소,,강원특별자치도 원주시 호저면 광격리 산 114-3,37.46551435,127.9388305,,정상가동,599.5,22900,60,2021,,2018-09-12,강원특별자치도 원주시청,,2025-01-31
광격1호 태양광발전소,,강원특별자치도 원주시 호저면 광격리 426,37.4717386,127.9342685,,정상가동,98.55,380,60,2019,,2018-09-12,강원특별자치도 원주시청,,2025-01-31
광격2 태양광발전소,,강원특별자치도 원주시 호저면 광격리 산 114-3,37.46551435,127.9388305,,폐기,99.0,380,60,2018,,2018-09-12,강원특별자치도 원주시청,,2025-01-31
광격3 태양광발전소,,강원특별자치도 원주시 호저면 광격리 산 114-3,37.46551435,127.9388305,,폐기,99.0,380,60,2018,,2018-09-12,강원특별자치도 원주시청,,2025-01-31
광격4 태양광발전소,,강원특별자치도 원주시 호저면 광격리 산 114-3,37.46551435,127.9388305,,폐기,99.0,380,60,2018,,2018-09-12,강원특별자치도 원주시청,,2025-01-31
광격B 태양광발전소,,강원특별자치도 원주시 호저면 광격리 산 114,37.46587198,127.9360192,,폐기,499.95,380,60,2018,,2018-09-12,강원특별자치도 원주시청,,2025-01-31
광격C 태양광발전소,,강원특별자치도 원주시 호저면 광격리 산 114,37.46587198,127.9360192,,폐기,499.95,380,60,2018,,2018-09-12,강원특별자치도 원주시청,,2025-01-31
광격D 태양광발전소,,강원특별자치도 원주시 호저면 광격리 산 114,37.46587198,127.9360192,,폐기,499.95,380,60,2018,,2018-09-12,강원특별자치도 원주시청,,2025-01-31
대성테크 태양광발전소,강원특별자치도 원주시 소초면 장수2로 152-1,강원특별자치도 원주시 소초면 장양리 490-1,37.40045956,127.9691602,,정상가동,28.47,380,60,2019,,2018-09-12,강원특별자치도 원주시청,,2025-01-31
조은 태양광발전소,강원특별자치도 원주시 흥업면 울업2길 19,강원특별자치도 원주시 흥업면 흥업리 115-6,37.30119555,127.9217832,,정상가동,15.54,380,60,2019,,2018-09-12,강원특별자치도 원주시청,,2025-01-31
케이솔라이호 광격A 태양광발전소,,강원특별자치도 원주시 호저면 광격리 산 114,37.46587198,127.9360192,,정상가동,799.5,22900,60,2021,,2018-09-12,강원특별자치도 원주시청,,2025-01-31
황학 태양광발전소,,강원특별자치도 원주시 신림면 구학리 580-3,37.208562,128.0372041,,폐기,97.92,380,60,2018,,2018-09-12,강원특별자치도 원주시청,,2025-01-31
유나쏠라 더 세컨드,,강원특별자치도 원주시 부론면 정산리 593-2,37.1927767036,127.7799518827,,정상가동,99.36,380,60,2020,,2018-09-13,강원특별자치도 원주시청,,2025-01-31
창호 태양광발전소,,강원특별자치도 원주시 귀래면 운남리 524,37.16740384,127.8886594,,폐기,197.1,380,60,2018,,2018-09-13,강원특별자치도 원주시청,,2025-01-31
안남순 태양광발전소,강원특별자치도 원주시 호저면 운동들1길 21-3,강원특별자치도 원주시 호저면 만종리 1081-7,37.35543771,127.8974845,,폐기,47.6,380,60,2018,,2018-09-17,강원특별자치도 원주시청,,2025-01-31
민재 태양광발전소,,강원특별자치도 원주시 소초면 수암리 산 269,37.41506681,127.9814853,,폐기,459.54,380,60,2018,,2018-09-19,강원특별자치도 원주시청,,2025-01-31
수암 태양광발전소,,강원특별자치도 원주시 소초면 수암리 산 269,37.41506681,127.9814853,,폐기,335.34,380,60,2018,,2018-09-19,강원특별자치도 원주시청,,2025-01-31
강일에너지3호 태양광발전소,,강원특별자치도 원주시 부론면 법천리 산 12,37.2178561,127.7718335,,폐기,99.36,380,60,2018,,2018-09-20,강원특별자치도 원주시청,,2025-01-31
선진 태양광발전소,,강원특별자치도 원주시 귀래면 용암리 922,37.15753954,127.8294569,,폐기,492.8,380,60,2018,,2018-09-20,강원특별자치도 원주시청,,2025-01-31
준5호 태양광발전소,,강원특별자치도 원주시 부론면 법천리 산 12,37.2178561,127.7718335,,폐기,99.36,380,60,2018,,2018-09-20,강원특별자치도 원주시청,,2025-01-31
준기솔라10호 태양광발전소,,강원특별자치도 원주시 부론면 법천리 산 12,37.2178561,127.7718335,,폐기,348.48,380,60,2018,,2018-09-20,강원특별자치도 원주시청,,2025-01-31
해오름2 태양광발전소,,강원특별자치도 원주시 호저면 만종리 산 17,37.34770977,127.9019134,,폐기,998.64,22900,60,2018,,2018-09-21,강원특별자치도 원주시청,,2025-01-31
해오름3 태양광발전소,,강원특별자치도 원주시 호저면 만종리 산 17,37.34770977,127.9019134,,폐기,998.64,22900,60,2018,,2018-09-21,강원특별자치도 원주시청,,2025-01-31
경남 태양광발전소,강원특별자치도 원주시 소초면 치악로 2467,강원특별자치도 원주시 소초면 수암리 797-7,37.39316849,127.9839757,,폐기,150.96,380,60,2018,,2018-10-05,강원특별자치도 원주시청,,2025-01-31
선녀와 나무꾼 태양광발전소,강원특별자치도 원주시 단구로 194,강원특별자치도 원주시 개운동 433-15,37.33520221,127.9495419,,정상가동,18.87,380,60,2019,,2018-10-05,강원특별자치도 원주시청,,2025-01-31
영재 태양광발전소,,강원특별자치도 원주시 호저면 매호리 산 66,37.40814405,127.8806692,,폐기,294.84,380,60,2018,,2018-10-10,강원특별자치도 원주시청,,2025-01-31
일덕 태양광발전소,강원특별자치도 원주시 관설안길 3-34,강원특별자치도 원주시 관설동 1730-8,37.31716535,127.9620812,,폐기,19.44,380,60,2018,,2018-10-11,강원특별자치도 원주시청,,2025-01-31
금성전력2호 태양광발전소,,강원특별자치도 원주시 부론면 손곡리 779-5,37.22896352,127.8102476,,폐기,194.4,380,60,2018,,2018-10-15,강원특별자치도 원주시청,,2025-01-31
다민 태양광발전소,,강원특별자치도 원주시 소초면 둔둔리 산 15,37.4584762,127.9846817,,폐기,907.2,22900,60,2018,,2018-10-17,강원특별자치도 원주시청,,2025-01-31
둔둔리 태양광발전소,,강원특별자치도 원주시 소초면 둔둔리 산 12-3,37.45592024,127.9885628,,폐기,95.04,380,60,2018,,2018-10-17,강원특별자치도 원주시청,,2025-01-31
모모 태양광발전소,,강원특별자치도 원주시 소초면 둔둔리 산 15,37.4584762,127.9846817,,폐기,907.2,22900,60,2018,,2018-10-17,강원특별자치도 원주시청,,2025-01-31
물안동 태양광발전소,,강원특별자치도 원주시 신림면 황둔리 1748,37.25452643,128.1332899,,폐기,195.84,380,60,2018,,2018-10-17,강원특별자치도 원주시청,,2025-01-31
솔비타 태양광발전소,,강원특별자치도 원주시 소초면 둔둔리 산 15,37.4584762,127.9846817,,폐기,907.2,22900,60,2018,,2018-10-17,강원특별자치도 원주시청,,2025-01-31
엘아이엘 태양광발전소,,강원특별자치도 원주시 소초면 둔둔리 산 32-14,37.45106964,127.9822545,,폐기,907.2,22900,60,2018,,2018-10-17,강원특별자치도 원주시청,,2025-01-31
㈜새빛발전 태양광발전소,,강원특별자치도 원주시 신림면 용암리 211,37.22142831,128.0952505,,폐기,506.46,380,60,2018,,2018-10-17,강원특별자치도 원주시청,,2025-01-31
칠임2호 태양광발전소,,강원특별자치도 원주시 소초면 둔둔리 산 32-14,37.45106964,127.9822545,,폐기,907.2,22900,60,2018,,2018-10-17,강원특별자치도 원주시청,,2025-01-31
칠임3호 태양광발전소,,강원특별자치도 원주시 소초면 둔둔리 산 15-4,37.45806858,127.9828287,,폐기,907.2,22900,60,2018,,2018-10-17,강원특별자치도 원주시청,,2025-01-31
헤리티지 태양광발전소,,강원특별자치도 원주시 신림면 황둔리 536,37.25283958,128.1713152,,폐기,498.96,380,60,2018,,2018-10-17,강원특별자치도 원주시청,,2025-01-31
박동림 태양광발전소,,"강원특별자치도 원주시 운계리 711-4,715-1,715-2",37.32442198,127.9181142,,정상가동,198.9,380,60,2019,,2018-10-24,강원특별자치도 원주시청,,2025-01-31
법천우질 태양광발전소,강원특별자치도 원주시 부론면 부론로 56-30,강원특별자치도 원주시 부론면 법천리 1243,37.19601038,127.7506634,,폐기,97.2,380,60,2018,,2018-10-24,강원특별자치도 원주시청,,2025-01-31
가보쏠라2-1호 태양광발전소,강원특별자치도 원주시 행구로 267-17,강원특별자치도 원주시 행구동 1536-6,37.34428172,127.9850147,,정상가동,25.2,380,60,2019,,2018-10-29,강원특별자치도 원주시청,,2025-01-31
둥이 태양광발전소,강원특별자치도 원주시 소초면 수래울길 5,강원특별자치도 원주시 소초면 장양리 484-1,37.39952096,127.9711969,,폐기,253.33,380,60,2018,,2018-10-29,강원특별자치도 원주시청,,2025-01-31
이희문 태양광발전소,강원특별자치도 원주시 소초면 둔둔로 181,강원특별자치도 원주시 소초면 둔둔리 196,37.437182,127.9910608,,정상가동,31.82,380,60,2019,,2018-10-29,강원특별자치도 원주시청,,2025-01-31
영국 태양광발전소,,강원특별자치도 원주시 귀래면 귀래리 46-3,37.23329438,127.8977696,,정상가동,52.65,380,60,2019,,2018-11-01,강원특별자치도 원주시청,,2025-01-31
광명 태양광발전소,,강원특별자치도 원주시 부론면 단강리 1038,37.1748666,127.7961322,,정상가동,98.28,380,60,2021,,2018-11-05,강원특별자치도 원주시청,,2025-01-31
대천사 태양광발전소,,강원특별자치도 원주시 부론면 단강리 1036,37.17469063,127.7967749,,정상가동,98.28,380,60,2021,,2018-11-05,강원특별자치도 원주시청,,2025-01-31
빛다솜 태양광발전소,,강원특별자치도 원주시 부론면 단강리 1038,37.1748666,127.7961322,,정상가동,98.28,380,60,2021,,2018-11-05,강원특별자치도 원주시청,,2025-01-31
우빈 태양광발전소,,강원특별자치도 원주시 부론면 단강리 1038,37.1748666,127.7961322,,정상가동,98.28,380,60,2021,,2018-11-05,강원특별자치도 원주시청,,2025-01-31
작실 태양광발전소,,강원특별자치도 원주시 부론면 단강리 1036,37.17469063,127.7967749,,정상가동,98.28,380,60,2021,,2018-11-05,강원특별자치도 원주시청,,2025-01-31
정승 태양광발전소,,강원특별자치도 원주시 부론면 단강리 1038,37.1748666,127.7961322,,정상가동,98.28,380,60,2021,,2018-11-05,강원특별자치도 원주시청,,2025-01-31
제웅 태양광발전소,,강원특별자치도 원주시 부론면 단강리 1038,37.1748666,127.7961322,,정상가동,98.28,380,60,2021,,2018-11-05,강원특별자치도 원주시청,,2025-01-31
주상 태양광발전소,,강원특별자치도 원주시 부론면 단강리 1036,37.17469063,127.7967749,,정상가동,98.28,380,60,2021,,2018-11-05,강원특별자치도 원주시청,,2025-01-31
비전력1호 태양광발전소,강원특별자치도 원주시 태장둔치길 23,강원특별자치도 원주시 태장동 1383-9,37.3835009,127.9501853,,정상가동,38.88,380,60,2019,,2018-11-12,강원특별자치도 원주시청,,2025-01-31
비전력2호 태양광발전소,강원특별자치도 원주시 북원로2704번길 53,강원특별자치도 원주시 태장동 1372-11,37.38461525,127.9522906,,정상가동,14.4,380,60,2019,,2018-11-12,강원특별자치도 원주시청,,2025-01-31
용암1호 태양광발전소,강원특별자치도 원주시 신림면 구학산로 1848-35,강원특별자치도 원주시 신림면 용암리 1119,37.20945633,128.0886127,,폐기,222.3,380,60,2018,,2018-11-14,강원특별자치도 원주시청,,2025-01-31
동북 태양광발전소,강원특별자치도 원주시 원문로 74,강원특별자치도 원주시 학성동 978-23,37.35722011,127.9377434,,정상가동,465.38,380,60,2019,,2018-11-19,강원특별자치도 원주시청,,2025-01-31
이담 발전소,강원특별자치도 원주시 문막읍 동화골길 39,강원특별자치도 원주시 문막읍 동화리 565-4,37.32421098,127.8467701,,폐기,35.52,380,60,2018,,2018-12-04,강원특별자치도 원주시청,,2025-01-31
백간 태양광발전소,강원특별자치도 원주시 서원대로 86,강원특별자치도 원주시 단계동 658-2,37.34892791,127.9238505,,정상가동,25.53,380,60,2019,,2018-12-05,강원특별자치도 원주시청,,2025-01-31
부론동3호 태양광발전소,강원특별자치도 원주시 부론면 사기막길 4-1,강원특별자치도 원주시 부론면 단강리 478-1,37.15576726,127.8206644,,정상가동,29.67,380,60,2020,,2018-12-05,강원특별자치도 원주시청,,2025-01-31
굿타임 태양광발전소,강원특별자치도 원주시 판부면 서곡길 101-5,강원특별자치도 원주시 판부면 서곡리 95-15,37.30905099,127.9549669,,정상가동,150.89,380,60,2019,,2018-12-10,강원특별자치도 원주시청,,2025-01-31
종금 태양광발전소,강원특별자치도 원주시 판부면 백운정길 5-4,강원특별자치도 원주시 판부면 서곡리 1073-2,37.29736618,127.9364621,,정상가동,14.39,380,60,2019,,2018-12-10,강원특별자치도 원주시청,,2025-01-31
그린 타운 태양광발전소,,"강원특별자치도 원주시 부론면 손곡리 585-1, 585-4, 586",37.23527443,127.8115174,,정상가동,951.3,22900,60,2020,,2018-12-11,강원특별자치도 원주시청,,2025-01-31
새문 태양광발전소,,"강원특별자치도 원주시 부론면 손곡리 585-2, 585-3, 585-5, 576",37.23331515,127.8115177,,정상가동,951.3,22900,60,2020,,2018-12-11,강원특별자치도 원주시청,,2025-01-31
강원지역본부옥상 태양광발전소,강원특별자치도 원주시 북원로 2873,강원특별자치도 원주시 태장동 2008-1,37.39959815,127.9511952,,정상가동,46.2,380,60,2020,,2018-12-17,강원특별자치도 원주시청,,2025-01-31
남원주영업소 주차장 태양광발전소,강원특별자치도 원주시 지니기길 35,강원특별자치도 원주시 무실동 708-5,37.32408642,127.9245927,,정상가동,23.1,380,60,2020,,2018-12-17,강원특별자치도 원주시청,,2025-01-31
원주지사 차양대지붕 태양광발전소,강원특별자치도 원주시 북원로 2873,강원특별자치도 원주시 태장동 2008-1,37.39959815,127.9511952,,폐기,57.75,380,60,2018,,2018-12-17,강원특별자치도 원주시청,,2025-01-31
원주지사옥상 태양광발전소,강원특별자치도 원주시 북원로 2873,강원특별자치도 원주시 태장동 2008-1,37.39959815,127.9511952,,정상가동,34.65,380,60,2020,,2018-12-17,강원특별자치도 원주시청,,2025-01-31
푸른 발전소,강원특별자치도 원주시 봉대길 5-3,강원특별자치도 원주시 행구동 893-6,37.33459118,127.9945964,,정상가동,98.28,380,60,2020,,2018-12-17,강원특별자치도 원주시청,,2025-01-31
수 태양광발전소,강원특별자치도 원주시 소초면 상초구길 35-157,강원특별자치도 원주시 소초면 흥양리 689-12,37.38290154,128.0158147,,폐기,15.21,380,60,2019,,2019-01-02,강원특별자치도 원주시청,,2025-01-31
언당 태양광발전소,강원특별자치도 원주시 신림면 언당길 21-32,강원특별자치도 원주시 신림면 신림리 195,37.24105635,128.0857274,,폐기,16.38,380,60,2019,,2019-01-02,강원특별자치도 원주시청,,2025-01-31
은수 태양광발전소,강원특별자치도 원주시 소초면 평장두둑1길 100,강원특별자치도 원주시 소초면 평장리 362-2,37.41147109,128.0087158,,정상가동,17.89,380,60,2019,,2019-01-11,강원특별자치도 원주시청,,2025-01-31
(주)태인햇빛발전소,,강원특별자치도 원주시 귀래면 귀래리 500,37.22377197,127.8700322,,정상가동,399.6,380,60,2020,,2019-01-23,강원특별자치도 원주시청,,2025-01-31
경섭 태양광발전소,강원특별자치도 원주시 소초면 간촌길 46-7,강원특별자치도 원주시 소초면 의관리 77-10,37.43458311,127.9823959,,정상가동,128.8,380,60,2020,,2019-01-23,강원특별자치도 원주시청,,2025-01-31
법천 태양광발전소,강원특별자치도 원주시 부론면 법후로 121,강원특별자치도 원주시 부론면 법천리 711,37.21283205,127.763188,,정상가동,46.0,380,60,2020,,2019-01-29,강원특별자치도 원주시청,,2025-01-31
호저농산 태양광발전소,강원특별자치도 원주시 호저면 칠봉로 236-9,강원특별자치도 원주시 호저면 무장리 108-2,37.41964488,127.9043181,,정상가동,81.9,380,60,2019,,2019-03-08,강원특별자치도 원주시청,,2025-01-31
호저농산2호 태양광발전소,강원특별자치도 원주시 호저면 칠봉로 236-9,강원특별자치도 원주시 호저면 무장리 108-2,37.41964488,127.9043181,,정상가동,98.28,380,60,2019,,2019-03-08,강원특별자치도 원주시청,,2025-01-31
미래 태양광발전소,강원특별자치도 원주시 태장공단길 42-1,강원특별자치도 원주시 태장동 1720-60,37.40481017,127.9470903,,폐기,52.2,380,60,2019,,2019-03-11,강원특별자치도 원주시청,,2025-01-31
손순자 태양광발전소,강원특별자치도 원주시 호저면 평천2길 9-14,강원특별자치도 원주시 호저면 주산리 808-2,37.42439972,127.9194705,,폐기,17.0,380,60,2019,,2019-03-27,강원특별자치도 원주시청,,2025-01-31
제일 태양광발전소,강원특별자치도 원주시 문막읍 원문로 2144,강원특별자치도 원주시 문막읍 반계리 99-4,37.29893317,127.7962684,,폐기,81.07,380,60,2019,,2019-03-29,강원특별자치도 원주시청,,2025-01-31
원주축사1호 태양광발전소,강원특별자치도 원주시 호저면 살미길 62,강원특별자치도 원주시 호저면 무장리 114-1,37.42230901,127.903989,,폐기,360.0,380,60,2019,,2019-04-05,강원특별자치도 원주시청,,2025-01-31
기촌 태양광발전소,강원특별자치도 원주시 지정면 요대길 30-1,강원특별자치도 원주시 지정면 가곡리 151-5,37.35888757,127.8750424,,정상가동,74.1,380,60,2020,,2019-04-15,강원특별자치도 원주시청,,2025-01-31
문막 태양광발전소,,강원특별자치도 원주시 문막읍 건등리 322-6,37.3189222,127.8304665,,정상가동,79.56,380,60,2020,,2019-04-15,강원특별자치도 원주시청,,2025-01-31
건승 태양광발전소,강원특별자치도 원주시 우산초교길 68-3,강원특별자치도 원주시 우산동 205-20,37.36847055,127.9346726,,정상가동,31.6,220,60,2019,,2019-04-16,강원특별자치도 원주시청,,2025-01-31
맘모스 태양광발전소,강원특별자치도 원주시 북원로2475번길 88-8,강원특별자치도 원주시 우산동 248-10,37.36677571,127.933072,,정상가동,30.02,220,60,2019,,2019-04-16,강원특별자치도 원주시청,,2025-01-31
성원 태양광발전소,강원특별자치도 원주시 상지대길 39-7,강원특별자치도 원주시 우산동 132-9,37.36914311,127.9376247,,정상가동,19.75,220,60,2019,,2019-04-16,강원특별자치도 원주시청,,2025-01-31
성진 태양광발전소,강원특별자치도 원주시 유원길 17-2,강원특별자치도 원주시 우산동 277,37.37129413,127.9332754,,정상가동,19.75,220,60,2019,,2019-04-16,강원특별자치도 원주시청,,2025-01-31
지성 태양광발전소,강원특별자치도 원주시 북원로2475번길 86-1,강원특별자치도 원주시 우산동 248-37,37.36663587,127.9331986,,정상가동,19.75,220,60,2019,,2019-04-16,강원특별자치도 원주시청,,2025-01-31
민성 태양광발전소,강원특별자치도 원주시 갈촌길 140-1,강원특별자치도 원주시 관설동 1640-10,37.30966597,127.9598726,,정상가동,19.04,380,60,2019,,2019-04-17,강원특별자치도 원주시청,,2025-01-31
정원 태양광발전소,강원특별자치도 원주시 호저면 자은동안길 35,강원특별자치도 원주시 호저면 주산리 1021,37.40632273,127.9253499,,정상가동,26.98,380,60,2019,,2019-04-17,강원특별자치도 원주시청,,2025-01-31
서진 태양광발전소,강원특별자치도 원주시 봉장길 43,강원특별자치도 원주시 가현동 344-5,37.39675201,127.9322828,,폐기,98.28,380,60,2019,,2019-04-25,강원특별자치도 원주시청,,2025-01-31
주식회사 서현에너지,,강원특별자치도 원주시 부론면 정산리 591,37.19051033,127.780034,,폐기,496.8,380,60,2019,,2019-04-26,강원특별자치도 원주시청,,2025-01-31
치악2호,,"강원특별자치도 원주시 부론면 정산리 591-4, 592, 595",37.19048382,127.7796571,,정상가동,99.16,380,60,2020,,2019-04-26,강원특별자치도 원주시청,,2025-01-31
한별,,강원특별자치도 원주시 부론면 정산리 591,37.19051033,127.780034,,정상가동,99.16,380,60,2020,,2019-04-26,강원특별자치도 원주시청,,2025-01-31
휘영1호 태양광발전소,,"강원특별자치도 원주시 부론면 정산 리 591-4, 592",37.19045906,127.779643,,정상가동,99.16,380,60,2020,,2019-04-26,강원특별자치도 원주시청,,2025-01-31
우림2호 태양광발전소,강원특별자치도 원주시 흥업면 대안로 898,강원특별자치도 원주시 흥업면 대안리 1026-2,37.29813841,127.8864994,,정상가동,88.29,380,60,2020,,2019-04-30,강원특별자치도 원주시청,,2025-01-31
팜인 태양광발전소,강원특별자치도 원주시 신림면 치악로 353-1,강원특별자치도 원주시 신림면 금창리 333-8,37.25052843,128.053317,,폐기,294.84,380,60,2019,,2019-04-30,강원특별자치도 원주시청,,2025-01-31
섬김 태양광발전소,강원특별자치도 원주시 섭재삼보길 77,강원특별자치도 원주시 관설동 442,37.30672901,127.983027,,정상가동,59.76,380,60,2019,,2019-05-02,강원특별자치도 원주시청,,2025-01-31
일성 태양광발전소,강원특별자치도 원주시 흥업면 북원로 1324-1,강원특별자치도 원주시 흥업면 매지리 1141-19,37.26952642,127.9062478,,정상가동,97.92,380,60,2019,,2019-05-02,강원특별자치도 원주시청,,2025-01-31
가온들찬빛 태양광발전소,강원특별자치도 원주시 문막읍 벌무내기길 71-1,강원특별자치도 원주시 문막읍 반계리 1752-7,37.28385881,127.7844506,,정상가동,99.45,380,60,2019,,2019-05-03,강원특별자치도 원주시청,,2025-01-31
가온해 태양광발전소,강원특별자치도 원주시 문막읍 벌무내기길 71-1,강원특별자치도 원주시 문막읍 반계리 1752-7,37.28385881,127.7844506,,정상가동,99.45,380,60,2019,,2019-05-03,강원특별자치도 원주시청,,2025-01-31
아라 태양광발전소,강원특별자치도 원주시 문막읍 왕건로 33,강원특별자치도 원주시 문막읍 건등리 1624-3,37.32265165,127.8296718,,정상가동,44.4,380,60,2020,,2019-05-15,강원특별자치도 원주시청,,2025-01-31
유광식 태양광발전소,강원특별자치도 원주시 지정면 상무향평길 22,강원특별자치도 원주시 지정면 신평리 459,37.37926586,127.8949612,,폐기,145.8,380,60,2019,,2019-05-15,강원특별자치도 원주시청,,2025-01-31
동화 태양광발전소,강원특별자치도 원주시 문막읍 왕건로 22,강원특별자치도 원주시 문막읍 동화리 1267-8,37.3220317,127.8310912,,정상가동,29.6,380,60,2020,,2019-05-17,강원특별자치도 원주시청,,2025-01-31
프라자 태양광발전소,강원특별자치도 원주시 문막읍 왕건로 22,강원특별자치도 원주시 문막읍 동화리 1267-8,37.3220317,127.8310912,,정상가동,29.6,380,60,2020,,2019-05-17,강원특별자치도 원주시청,,2025-01-31
(주)인스 태양광발전소,강원특별자치도 원주시 소초면 평장두둑1길 35,강원특별자치도 원주시 소초면 평장리 621,37.41317207,128.0030279,,정상가동,46.62,380,60,2019,,2019-05-23,강원특별자치도 원주시청,,2025-01-31
역골길 태양광발전소,강원특별자치도 원주시 신림면 치악로 76-2,강원특별자치도 원주시 신림면 신림리 785-1,37.23255627,128.0754606,,정상가동,15.54,220,60,2021,,2019-05-23,강원특별자치도 원주시청,,2025-01-31
건등 태양광발전소,강원특별자치도 원주시 문막읍 건등로 28-16,강원특별자치도 원주시 문막읍 건등리 1707-4,37.31211431,127.8201255,,정상가동,18.68,380,60,2020,,2019-05-31,강원특별자치도 원주시청,,2025-01-31
성광 태양광발전소,강원특별자치도 원주시 살대울모래기길 107,강원특별자치도 원주시 봉산동 111-2,37.35626457,127.9851669,,정상가동,190.4,380,60,2020,,2019-07-09,강원특별자치도 원주시청,,2025-01-31
원주영강교회 태양광발전소,강원특별자치도 원주시 행구로 215,강원특별자치도 원주시 행구동 1610-1,37.34439253,127.9802215,,정상가동,298.8,380,60,2020,,2019-07-09,강원특별자치도 원주시청,,2025-01-31
이에이치 발전소,강원특별자치도 원주시 소초면 장수1로 228,강원특별자치도 원주시 소초면 장양리 산 38-4,37.39341298,127.9722495,,정상가동,52.26,380,60,2019,,2019-07-09,강원특별자치도 원주시청,,2025-01-31
고광주 태양광발전소,강원특별자치도 원주시 소초면 버덩마을길 10-51,강원특별자치도 원주시 소초면 둔둔리 813-3,37.44277664,127.982947,,정상가동,71.89,380,60,2019,,2019-08-06,강원특별자치도 원주시청,,2025-01-31
라미솔라 원주메탈2기 태양광발전소,강원특별자치도 원주시 문막읍 원문로 2179,강원특별자치도 원주시 문막읍 반계리 1132,37.29659252,127.7967622,,정상가동,499.5,380,60,2020,,2019-08-06,강원특별자치도 원주시청,,2025-01-31
언당 태양광발전소,강원특별자치도 원주시 신림면 언당길 21-34,강원특별자치도 원주시 신림면 신림리 196,37.24090432,128.0856514,,정상가동,38.88,380,60,2020,,2019-08-06,강원특별자치도 원주시청,,2025-01-31
원주신협 태양광발전소,강원특별자치도 원주시 중앙로 118,강원특별자치도 원주시 중앙동 70-5,37.35016623,127.9505414,,정상가동,98.28,380,60,2019,,2019-08-07,강원특별자치도 원주시청,,2025-01-31
도니 태양광 발전소,,"강원특별자치도 원주시 문막읍 대둔리 208번지(4,6동)",37.27557434,127.7732315,,정상가동,98.28,380,60,2019,,2019-08-08,강원특별자치도 원주시청,,2025-01-31
아라 태양광발전소,,강원특별자치도 원주시 문막읍 대둔리 208,37.2755016,127.7734169,,정상가동,98.28,380,60,2019,,2019-08-08,강원특별자치도 원주시청,,2025-01-31
여명 태양광발전소,,강원특별자치도 원주시 문막읍 대둔리 208,37.2755016,127.7734169,,정상가동,45.24,380,60,2019,,2019-08-08,강원특별자치도 원주시청,,2025-01-31
목향 태양광발전소,강원특별자치도 원주시 호저면 굴미실길 84-5,강원특별자치도 원주시 호저면 만종리 1163-5,37.3544766,127.8916004,,폐기,17.55,380,60,2019,,2019-08-09,강원특별자치도 원주시청,,2025-01-31
귀래2호 태양광발전소,강원특별자치도 원주시 귀래면 귀래동막길 29-27,강원특별자치도 원주시 귀래면 귀래리 179,37.21706803,127.8953658,,정상가동,99.6,380,60,2020,,2019-08-20,강원특별자치도 원주시청,,2025-01-31
운학 태양광발전소,강원특별자치도 원주시 부론면 법후로 211-1,강원특별자치도 원주시 부론면 법천리 229,37.2199948,127.7684088,,정상가동,84.0,380,60,2020,,2019-08-20,강원특별자치도 원주시청,,2025-01-31
삼덕1호태양광발전소,,강원특별자치도 원주시 문막읍 대둔리 27-2,37.27151034,127.7679953,,정상가동,98.28,380,60,2020,,2019-08-29,강원특별자치도 원주시청,,2025-01-31
삼덕2호 태양광발전소,,강원특별자치도 원주시 문막읍 대둔리 27-2,37.27151034,127.7679953,,정상가동,49.14,380,60,2020,,2019-08-29,강원특별자치도 원주시청,,2025-01-31
쌍둥이태양광발전소,,강원특별자치도 원주시 문막읍 대둔리 27-2,37.27151034,127.7679953,,정상가동,98.28,380,60,2020,,2019-08-29,강원특별자치도 원주시청,,2025-01-31
명원그린 태양광발전소,강원특별자치도 원주시 소초면 검엉터길 7-20,강원특별자치도 원주시 소초면 장양리 892,37.41657418,127.9611107,,정상가동,99.53,380,60,2020,,2019-09-04,강원특별자치도 원주시청,,2025-01-31
주산1호 태양광발전소,,강원특별자치도 원주시 호저면 주산리 1009,37.40769166,127.9241334,,정상가동,97.75,380,60,2021,,2019-09-04,강원특별자치도 원주시청,,2025-01-31
주산2호 태양광발전소,,강원특별자치도 원주시 호저면 주산리 1009,37.40769166,127.9241334,,정상가동,97.75,380,60,2021,,2019-09-04,강원특별자치도 원주시청,,2025-01-31
주산3호 태양광발전소,,강원특별자치도 원주시 호저면 주산리 1009,37.40769166,127.9241334,,정상가동,97.75,380,60,2021,,2019-09-04,강원특별자치도 원주시청,,2025-01-31
그린 태양광발전소,,강원특별자치도 원주시 소초면 둔둔리 298,37.43853207,127.9843551,,정상가동,99.54,380,60,2020,,2019-09-17,강원특별자치도 원주시청,,2025-01-31
느티나무1호 태양광발전소,,강원특별자치도 원주시 소초면 둔둔리 862,37.43815553,127.9836254,,정상가동,80.4,380,60,2020,,2019-09-17,강원특별자치도 원주시청,,2025-01-31
느티나무2호 태양광발전소,,강원특별자치도 원주시 소초면 둔둔리 297,37.43828553,127.9845593,,정상가동,99.54,380,60,2020,,2019-09-17,강원특별자치도 원주시청,,2025-01-31
금종5호 태양광발전소,,강원특별자치도 원주시 부론면 손곡리 595-8,37.23716521,127.8115835,,정상가동,49.8,380,60,2020,,2019-09-19,강원특별자치도 원주시청,,2025-01-31
금종6호 태양광발전소,,강원특별자치도 원주시 부론면 손곡리 597-4,37.23713127,127.8118629,,정상가동,23.4,380,60,2020,,2019-09-19,강원특별자치도 원주시청,,2025-01-31
햇빛나눔 원주 서곡 태양광발전소,강원특별자치도 원주시 판부면 매봉길 43,강원특별자치도 원주시 판부면 서곡리 1999-7,37.32101831,127.9450528,,폐기,39.38,380,60,2019,,2019-09-26,강원특별자치도 원주시청,,2025-01-31
동천 태양광발전소,강원특별자치도 원주시 일산로36번길 54,강원특별자치도 원주시 일산동 154-223,37.34615811,127.944518,,정상가동,11.34,380,60,2020,,2019-09-30,강원특별자치도 원주시청,,2025-01-31
마중물 태양광발전소,강원특별자치도 원주시 흥양로 62,강원특별자치도 원주시 태장동 1341-25,37.38305851,127.9542815,,정상가동,49.8,380,60,2020,,2019-09-30,강원특별자치도 원주시청,,2025-01-31
동산 태양광발전소,,강원특별자치도 원주시 관설동 407-1,37.30636325,127.9856974,,폐기,99.33,380,60,2019,,2019-10-02,강원특별자치도 원주시청,,2025-01-31
명원 태양광발전소,강원특별자치도 원주시 호저면 고산동막길 154,강원특별자치도 원주시 호저면 광격리 412,37.47006974,127.9349059,,정상가동,20.67,380,60,2020,,2019-10-02,강원특별자치도 원주시청,,2025-01-31
향원 태양광발전소,강원특별자치도 원주시 섭재길 116-1,강원특별자치도 원주시 관설동 407,37.3061206,127.9859568,,폐기,99.33,380,60,2019,,2019-10-02,강원특별자치도 원주시청,,2025-01-31
수암리 태양광발전소,,강원특별자치도 원주시 소초면 수암리 651-1,37.41020515,127.9923845,,폐기,644.49,22900,60,2019,,2019-10-22,강원특별자치도 원주시청,,2025-01-31
위한1 태양광발전소,강원특별자치도 원주시 귀래면 곰네미길 104,강원특별자치도 원주시 귀래면 귀래리 24-3,37.23579173,127.8965443,,정상가동,18.72,380,60,2020,,2019-10-22,강원특별자치도 원주시청,,2025-01-31
친절 태양광발전소,강원특별자치도 원주시 흥업면 복거리길 41,강원특별자치도 원주시 흥업면 사제리 774-2,37.31844438,127.9001656,,정상가동,81.41,380,60,2020,,2019-10-22,강원특별자치도 원주시청,,2025-01-31
수현 태양광발전소,강원특별자치도 원주시 문막읍 원문로 2561-4,강원특별자치도 원주시 문막읍 반계리 807-2,37.27691135,127.7759332,,정상가동,418.0,380,60,2020,,2019-11-06,강원특별자치도 원주시청,,2025-01-31
이레 태양광발전소,강원특별자치도 원주시 문막읍 원문로 2561-3,강원특별자치도 원주시 문막읍 반계리 807-1,37.2772335,127.7756668,,정상가동,418.0,380,60,2021,,2019-11-06,강원특별자치도 원주시청,,2025-01-31
임앤장에너지,강원특별자치도 원주시 신림면 갈곡길 29-9,강원특별자치도 원주시 신림면 신림리 809-6,37.23345591,128.0658453,,정상가동,998.33,22900,60,2022,,2019-11-21,강원특별자치도 원주시청,,2025-01-31
최향식 태양광발전소,강원특별자치도 원주시 바우골길 14,강원특별자치도 원주시 단계동 1200-2,37.35469748,127.9175732,,정상가동,199.68,380,60,2020,,2019-11-27,강원특별자치도 원주시청,,2025-01-31
기성1호 태양광발전소,,강원특별자치도 원주시 소초면 둔둔리 294-1,37.43797139,127.9842173,,정상가동,99.18,380,60,2021,,2019-12-04,강원특별자치도 원주시청,,2025-01-31
신성2호 태양광발전소,강원특별자치도 원주시 호저면 광학로 154,강원특별자치도 원주시 호저면 광격리 산 94-3,37.46079529,127.9385128,,정상가동,163.2,380,60,2020,,2019-12-04,강원특별자치도 원주시청,,2025-01-31
기성2호 태양광발전소,,강원특별자치도 원주시 소초면 둔둔리 294-1,37.43797139,127.9842173,,정상가동,47.88,380,60,2021,,2019-12-05,강원특별자치도 원주시청,,2025-01-31
뚜레산업 태양광발전소1호기,강원특별자치도 원주시 부론면 법후로 213-21,강원특별자치도 원주시 부론면 법천리 238,37.22108732,127.7707623,,정상가동,87.15,380,60,2020,,2019-12-17,강원특별자치도 원주시청,,2025-01-31
뚜레산업 태양광발전소2호기,강원특별자치도 원주시 부론면 법후로 213-21,강원특별자치도 원주시 부론면 법천리 238,37.22108732,127.7707623,,정상가동,68.48,380,60,2020,,2019-12-17,강원특별자치도 원주시청,,2025-01-31
월송에너지 태양광발전소,강원특별자치도 원주시 지정면 송정로 41-15,강원특별자치도 원주시 지정면 월송리 428-6,37.38829897,127.859992,,정상가동,50.4,380,60,2020,,2019-12-24,강원특별자치도 원주시청,,2025-01-31
화실2호 태양광발전소,강원특별자치도 원주시 소초면 황골로 192,강원특별자치도 원주시 소초면 흥양리 897,37.38097478,127.9949702,,정상가동,99.18,380,60,2020,,2019-12-27,강원특별자치도 원주시청,,2025-01-31
새마을 태양광발전소,강원특별자치도 원주시 소초면 장수2로 308-16,강원특별자치도 원주시 소초면 수암리 854-3,37.39709882,127.9869208,,폐기,16.88,380,60,2020,,2020-02-06,강원특별자치도 원주시청,,2025-01-31
은광 태양광발전소,,강원특별자치도 원주시 지정면 신평리 1061,37.37342124,127.8884846,,폐기,99.9,380,60,2020,,2020-02-06,강원특별자치도 원주시청,,2025-01-31
이레 태양광발전소,강원특별자치도 원주시 흥업면 승안동길 68,강원특별자치도 원주시 흥업면 사제리 1768-8,37.3148764,127.8914542,,정상가동,99.75,380,60,2020,,2020-02-06,강원특별자치도 원주시청,,2025-01-31
영성 태양광발전소,강원특별자치도 원주시 살대울모래기길 107,강원특별자치도 원주시 봉산동 111-2,37.35626457,127.9851669,,정상가동,29.6,380,60,2020,,2020-02-19,강원특별자치도 원주시청,,2025-01-31
용암1호 태양광발전소,강원특별자치도 원주시 신림면 구학산로 1848-35,강원특별자치도 원주시 신림면 용암리 1119,37.20945633,128.0886127,,정상가동,210.6,380,60,2020,,2020-02-25,강원특별자치도 원주시청,,2025-01-31
갑진1호 태양광발전소,강원특별자치도 원주시 소초면 싱근솔길 164,강원특별자치도 원주시 소초면 수암리 168,37.39705047,128.0090129,,정상가동,99.6,380,60,2020,,2020-03-03,강원특별자치도 원주시청,,2025-01-31
갑진2호 태양광발전소,강원특별자치도 원주시 소초면 싱근솔길 164,강원특별자치도 원주시 소초면 수암리 168,37.39705047,128.0090129,,정상가동,99.6,380,60,2020,,2020-03-03,강원특별자치도 원주시청,,2025-01-31
호성 태양광발전소,강원특별자치도 원주시 소초면 수래울길 86-2,강원특별자치도 원주시 소초면 수암리 1312-1,37.39545521,127.9784147,,정상가동,85.1,380,60,2020,,2020-03-03,강원특별자치도 원주시청,,2025-01-31
형제솔라3호 태양광발전소,,"강원특별자치도 원주시 소초면 장양리 410-18, 410-22, 수암리 1458-3 1동",37.39312849,127.9720936,,정상가동,29.97,380,60,2020,,2020-03-10,강원특별자치도 원주시청,,2025-01-31
형제솔라4호 태양광발전소,,"강원특별자치도 원주시 소초면 장양리 410-18, 410-22, 수암리 1458-3 2동",37.39312849,127.9720936,,정상가동,29.97,380,60,2020,,2020-03-10,강원특별자치도 원주시청,,2025-01-31
형제솔라5호 태양광발전소,,강원특별자치도 원주시 소초면 장양리 410-10,37.3932313,127.971691,,정상가동,29.97,380,60,2020,,2020-03-10,강원특별자치도 원주시청,,2025-01-31
기범 태양광발전소,,강원특별자치도 원주시 소초면 둔둔리 294-1,37.43797139,127.9842173,,정상가동,99.18,380,60,2021,,2020-04-02,강원특별자치도 원주시청,,2025-01-31
둔둔1호 태양광발전소,,강원특별자치도 원주시 소초면 둔둔리 296-1,37.43776838,127.9849295,,정상가동,97.11,380,60,2021,,2020-04-02,강원특별자치도 원주시청,,2025-01-31
둔둔2호 태양광발전소,,강원특별자치도 원주시 소초면 둔둔리 294-1,37.43797139,127.9842173,,폐기,42.56,380,60,2020,,2020-04-02,강원특별자치도 원주시청,,2025-01-31
미주1호 태양광발전소,,강원특별자치도 원주시 소초면 둔둔리 295,37.43766501,127.9845812,,정상가동,99.18,380,60,2021,,2020-04-02,강원특별자치도 원주시청,,2025-01-31
미주2호 태양광발전소,,강원특별자치도 원주시 소초면 둔둔리 296-1,37.43776838,127.9849295,,정상가동,99.18,380,60,2021,,2020-04-02,강원특별자치도 원주시청,,2025-01-31
에너자이저6호 태양광발전소,,강원특별자치도 원주시 소초면 둔둔리 296-1,37.43776838,127.9849295,,폐기,28.5,380,60,2020,,2020-04-02,강원특별자치도 원주시청,,2025-01-31
에너자이저7호 태양광발전소,,강원특별자치도 원주시 소초면 둔둔리 294-1,37.43797139,127.9842173,,정상가동,97.11,380,60,2021,,2020-04-02,강원특별자치도 원주시청,,2025-01-31
여우할미새1호 태양광발전소,,강원특별자치도 원주시 소초면 둔둔리 296-1,37.43776838,127.9849295,,정상가동,99.18,380,60,2021,,2020-04-02,강원특별자치도 원주시청,,2025-01-31
홍미산업 태양광발전소,,강원특별자치도 원주시 소초면 둔둔리 295,37.43766501,127.9845812,,정상가동,99.18,380,60,2021,,2020-04-02,강원특별자치도 원주시청,,2025-01-31
한신 태양광발전소,강원특별자치도 원주시 소초면 하초구길 54,강원특별자치도 원주시 소초면 흥양리 811-2,37.37988636,128.0012818,,정상가동,29.16,380,60,2020,,2020-04-13,강원특별자치도 원주시청,,2025-01-31
용배6호 태양광발전소,,강원특별자치도 원주시 소초면 교항리 산 23,37.4358531,128.0453386,,정상가동,99.9,380,60,2020,,2020-04-20,강원특별자치도 원주시청,,2025-01-31
천사1호 태양광발전소,강원특별자치도 원주시 문막읍 건등로 62,강원특별자치도 원주시 문막읍 건등리 584-3,37.31473947,127.8225957,,폐기,99.76,380,60,2020,,2020-04-22,강원특별자치도 원주시청,,2025-01-31
천사2호 태양광발전소,강원특별자치도 원주시 문막읍 건등로 62,강원특별자치도 원주시 문막읍 건등리 584-3,37.31473947,127.8225957,,폐기,99.76,380,60,2020,,2020-04-22,강원특별자치도 원주시청,,2025-01-31
천사3호 태양광발전소,강원특별자치도 원주시 문막읍 건등로 62,강원특별자치도 원주시 문막읍 건등리 584-3,37.31473947,127.8225957,,폐기,77.4,380,60,2020,,2020-04-22,강원특별자치도 원주시청,,2025-01-31
만종 태양광발전소,,강원특별자치도 원주시 호저면 만종리 69-3,37.36963564,127.9164465,,폐기,492.84,22900,60,2020,,2020-04-27,강원특별자치도 원주시청,,2025-01-31
복 발전소,강원특별자치도 원주시 부론면 법후로 213-55,강원특별자치도 원주시 부론면 법천리 1871,37.22350293,127.7730095,,정상가동,94.32,380,60,2021,,2020-04-28,강원특별자치도 원주시청,,2025-01-31
ANYPST 태양광발전소,강원특별자치도 원주시 호저면 쉬고개길 135-1,강원특별자치도 원주시 호저면 만종리 산 162-7,37.36631959,127.9084611,,정상가동,449.15,380,60,2021,,2020-05-13,강원특별자치도 원주시청,,2025-01-31
이노 태양광발전소,강원특별자치도 원주시 호저면 쉬고개길 135,강원특별자치도 원주시 호저면 만종리 532-4,37.36601079,127.9077494,,정상가동,94.77,380,60,2021,,2020-05-13,강원특별자치도 원주시청,,2025-01-31
박성균 태양광발전소,강원특별자치도 원주시 금불4길 39,강원특별자치도 원주시 단계동 811-7,37.35007747,127.9327628,,정상가동,15.12,220,60,2020,,2020-05-15,강원특별자치도 원주시청,,2025-01-31
강원그린1호 태양광발전소,강원특별자치도 원주시 호저면 살미길 62,강원특별자치도 원주시 호저면 무장리 114-1,37.42230901,127.903989,,정상가동,99.6,380,60,2021,,2020-05-22,강원특별자치도 원주시청,,2025-01-31
새마을 태양광발전소1호,강원특별자치도 원주시 소초면 장수2로 308-16,강원특별자치도 원주시 소초면 수암리 854-3,37.39709882,127.9869208,,정상가동,73.04,380,60,2020,,2020-05-22,강원특별자치도 원주시청,,2025-01-31
에이치씨1호 태양광발전소,강원특별자치도 원주시 호저면 살미길 62,강원특별자치도 원주시 호저면 무장리 114-1,37.42230901,127.903989,,정상가동,99.6,380,60,2021,,2020-05-22,강원특별자치도 원주시청,,2025-01-31
한성1에너지,강원특별자치도 원주시 호저면 중부동1길 80,강원특별자치도 원주시 호저면 만종리 845,37.34276209,127.899891,,정상가동,23.4,380,60,2020,,2020-05-22,강원특별자치도 원주시청,,2025-01-31
한성2에너지,강원특별자치도 원주시 호저면 중부동1길 80,강원특별자치도 원주시 호저면 만종리 845,37.34276209,127.899891,,정상가동,23.4,380,60,2020,,2020-05-22,강원특별자치도 원주시청,,2025-01-31
홍일 태양광발전소,강원특별자치도 원주시 호저면 살미길 62,강원특별자치도 원주시 호저면 무장리 114-1,37.42230901,127.903989,,정상가동,99.6,380,60,2021,,2020-05-22,강원특별자치도 원주시청,,2025-01-31
다우 태양광발전소,강원특별자치도 원주시 소초면 장수1로 32,강원특별자치도 원주시 소초면 장양리 733-4,37.4050252,127.9594425,,정상가동,70.2,380,60,2020,,2020-05-26,강원특별자치도 원주시청,,2025-01-31
희정 태양광발전소,강원특별자치도 원주시 소초면 장수1로 32,강원특별자치도 원주시 소초면 장양리 733-4,37.4050252,127.9594425,,정상가동,64.74,380,60,2020,,2020-05-26,강원특별자치도 원주시청,,2025-01-31
디딤2호 태양광발전소,,강원특별자치도 원주시 부론면 정산리 592,37.19114648,127.780307,,정상가동,51.48,380,60,2020,,2020-06-01,강원특별자치도 원주시청,,2025-01-31
명화 태양광발전소,,강원특별자치도 원주시 부론면 정산리 591,37.19051033,127.780034,,정상가동,99.06,380,60,2020,,2020-06-01,강원특별자치도 원주시청,,2025-01-31
대암 태양광발전소,,강원특별자치도 원주시 귀래면 귀래리 471,37.22426432,127.8699586,,정상가동,99.06,380,60,2021,,2020-06-08,강원특별자치도 원주시청,,2025-01-31
서현쏠라15호 태양광발전소,,강원특별자치도 원주시 귀래면 귀래리 454,37.22507911,127.8702268,,정상가동,99.06,380,60,2021,,2020-06-08,강원특별자치도 원주시청,,2025-01-31
준7호 태양광발전소,,강원특별자치도 원주시 귀래면 귀래리 454,37.22507911,127.8702268,,정상가동,99.06,380,60,2021,,2020-06-08,강원특별자치도 원주시청,,2025-01-31
하형1호 태양광발전소,,강원특별자치도 원주시 귀래면 귀래리 454,37.22507911,127.8702268,,정상가동,99.06,380,60,2021,,2020-06-08,강원특별자치도 원주시청,,2025-01-31
현일에너지2호 태양광발전소,,강원특별자치도 원주시 귀래면 귀래리 454,37.22507911,127.8702268,,정상가동,49.92,380,60,2021,,2020-06-08,강원특별자치도 원주시청,,2025-01-31
유석연 태양광발전소,,강원특별자치도 원주시 호저면 무장리 596-1,37.40029253,127.9070901,,폐기,19.5,220,60,2020,,2020-06-12,강원특별자치도 원주시청,,2025-01-31
청명2호 태양광발전소,강원특별자치도 원주시 신림면 연봉정길 86,강원특별자치도 원주시 신림면 용암리 82-31,37.20423222,128.1045134,,정상가동,41.86,380,60,2021,,2020-06-12,강원특별자치도 원주시청,,2025-01-31
최낙호 태양광발전소,강원특별자치도 원주시 늘품로 187-62,강원특별자치도 원주시 개운동 216-27,37.33777121,127.9643911,,정상가동,15.0,220,60,2020,,2020-06-12,강원특별자치도 원주시청,,2025-01-31
태상 태양광발전소,강원특별자치도 원주시 육판길 127,강원특별자치도 원주시 태장동 43-5,37.35820092,127.9683501,,정상가동,15.77,220,60,2020,,2020-06-12,강원특별자치도 원주시청,,2025-01-31
머구소 태양광발전소,강원특별자치도 원주시 동부순환로 297,강원특별자치도 원주시 행구동 1744,37.34209873,127.9746768,,정상가동,50.4,380,60,2020,,2020-06-17,강원특별자치도 원주시청,,2025-01-31
이레 태양광1호 발전소,강원특별자치도 원주시 호저면 원문로 502,강원특별자치도 원주시 호저면 만종리 495-8,37.36097905,127.9061314,,정상가동,29.88,380,60,2020,,2020-06-23,강원특별자치도 원주시청,,2025-01-31
이레 태양광2호 발전소,강원특별자치도 원주시 호저면 원문로 502,강원특별자치도 원주시 호저면 만종리 495-8,37.36097905,127.9061314,,정상가동,29.88,380,60,2020,,2020-06-23,강원특별자치도 원주시청,,2025-01-31
용암2호 태양광발전소,강원특별자치도 원주시 신림면 구학산로 1854,강원특별자치도 원주시 신림면 용암리 481-6,37.21143255,128.0886571,,폐기,19.75,380,60,2020,,2020-07-14,강원특별자치도 원주시청,,2025-01-31
용암3호 태양광발전소,강원특별자치도 원주시 신림면 구학산로 1847,강원특별자치도 원주시 신림면 용암리 755-8,37.21128912,128.0876951,,정상가동,15.2,380,60,2021,,2020-07-14,강원특별자치도 원주시청,,2025-01-31
우진 태양광발전소,강원특별자치도 원주시 태장공단길 50,강원특별자치도 원주시 태장동 1720-61,37.40426831,127.9457851,,정상가동,143.78,380,60,2021,,2020-07-15,강원특별자치도 원주시청,,2025-01-31
귀래3호 태양광발전소,강원특별자치도 원주시 귀래면 고청길 11-17,강원특별자치도 원주시 귀래면 귀래리 1367,37.2249226,127.8644997,,정상가동,99.9,380,60,2020,,2020-07-27,강원특별자치도 원주시청,,2025-01-31
경남 태양광발전소,강원특별자치도 원주시 소초면 치악로 2467,강원특별자치도 원주시 소초면 수암리 797-7,37.39316849,127.9839757,,폐기,199.8,380,60,2020,,2020-07-30,강원특별자치도 원주시청,,2025-01-31
알파앤드오메가 태양광발전소,강원특별자치도 원주시 소초면 평장안골1길 49-3,강원특별자치도 원주시 소초면 평장리 189-2,37.41692653,128.0065499,,정상가동,32.85,380,60,2020,,2020-08-03,강원특별자치도 원주시청,,2025-01-31
그린2호 태양광발전소,,강원특별자치도 원주시 소초면 둔둔리 298-1,37.43862969,127.9843083,,정상가동,49.8,380,60,2020,,2020-08-11,강원특별자치도 원주시청,,2025-01-31
느티나무3호 태양광발전소,,강원특별자치도 원주시 소초면 둔둔리 297-2,37.43810509,127.984989,,정상가동,29.92,380,60,2020,,2020-08-11,강원특별자치도 원주시청,,2025-01-31
동산 태양광발전소,,강원특별자치도 원주시 관설동 407-1,37.30636325,127.9856974,,정상가동,99.33,380,60,2021,,2020-08-14,강원특별자치도 원주시청,,2025-01-31
매화마을 태양광발전소1호,강원특별자치도 원주시 호저면 매호로 143,강원특별자치도 원주시 호저면 매호리 783,37.41661231,127.8834932,,폐기,99.96,380,60,2020,,2020-08-14,강원특별자치도 원주시청,,2025-01-31
매화마을 태양광발전소2호,강원특별자치도 원주시 호저면 매호로 143,강원특별자치도 원주시 호저면 매호리 783,37.41661231,127.8834932,,폐기,199.2,380,60,2020,,2020-08-14,강원특별자치도 원주시청,,2025-01-31
향원 태양광발전소,강원특별자치도 원주시 섭재길 116-1,강원특별자치도 원주시 관설동 407,37.3061206,127.9859568,,정상가동,99.33,380,60,2021,,2020-08-14,강원특별자치도 원주시청,,2025-01-31
강일1호 태양광발전소,강원특별자치도 원주시 지정면 보통로 565-7,강원특별자치도 원주시 지정면 보통리 15,37.34845898,127.8874588,,정상가동,99.45,380,60,2021,,2020-08-21,강원특별자치도 원주시청,,2025-01-31
강일2호 태양광발전소,강원특별자치도 원주시 흥업면 요동길 93-8,강원특별자치도 원주시 흥업면 사제리 230-5,37.3458978,127.8904908,,정상가동,99.96,380,60,2021,,2020-08-21,강원특별자치도 원주시청,,2025-01-31
쌍둥이1호 태양광발전소,강원특별자치도 원주시 귀래면 주포안말길 20-10,강원특별자치도 원주시 귀래면 주포리 275-4,37.16511154,127.8658749,,정상가동,19.13,380,60,2020,,2020-09-02,강원특별자치도 원주시청,,2025-01-31
영강1호 태양광발전소,,강원특별자치도 원주시 지정면 보통리 400-12,37.33970832,127.8678897,,정상가동,94.4,380,60,2021,,2020-09-04,강원특별자치도 원주시청,,2025-01-31
영강2호 태양광발전소,,강원특별자치도 원주시 지정면 보통리 400-12,37.33970832,127.8678897,,정상가동,94.4,380,60,2021,,2020-09-04,강원특별자치도 원주시청,,2025-01-31
영강3호 태양광발전소,,강원특별자치도 원주시 지정면 보통리 400-12,37.33970832,127.8678897,,정상가동,89.18,380,60,2021,,2020-09-04,강원특별자치도 원주시청,,2025-01-31
드림1 태양광발전소,,강원특별자치도 원주시 부론면 법천리 1089,37.19204872,127.7586508,,정상가동,99.84,380,60,2021,,2020-09-09,강원특별자치도 원주시청,,2025-01-31
서희 태양광발전소,,강원특별자치도 원주시 부론면 법천리 1089,37.19204872,127.7586508,,정상가동,99.84,380,60,2021,,2020-09-09,강원특별자치도 원주시청,,2025-01-31
소망1호 태양광발전소,,강원특별자치도 원주시 부론면 법천리 1088,37.19185555,127.758113,,정상가동,99.84,380,60,2021,,2020-09-09,강원특별자치도 원주시청,,2025-01-31
에너스1호 태양광발전소,강원특별자치도 원주시 호저면 신무로 20,강원특별자치도 원주시 호저면 만종리 632-3,37.3579141,127.9004966,,정상가동,29.7,380,60,2020,,2020-09-09,강원특별자치도 원주시청,,2025-01-31
에너스2호 태양광발전소,강원특별자치도 원주시 호저면 신무로 20,강원특별자치도 원주시 호저면 만종리 632-3,37.3579141,127.9004966,,정상가동,29.7,380,60,2020,,2020-09-09,강원특별자치도 원주시청,,2025-01-31
평화1호 태양광발전소,,강원특별자치도 원주시 부론면 법천리 1088,37.19185555,127.758113,,정상가동,99.84,380,60,2021,,2020-09-09,강원특별자치도 원주시청,,2025-01-31
현진 태양광발전소,,강원특별자치도 원주시 부론면 법천리 1089,37.19204872,127.7586508,,정상가동,99.84,380,60,2021,,2020-09-09,강원특별자치도 원주시청,,2025-01-31
희윤 태양광발전소,,강원특별자치도 원주시 부론면 법천리 1088-5,37.19212611,127.7591496,,정상가동,99.84,380,60,2021,,2020-09-09,강원특별자치도 원주시청,,2025-01-31
와이앤케이 태양광발전소,강원특별자치도 원주시 태장공단길 59,강원특별자치도 원주시 태장동 1720-4,37.40367416,127.9435803,,폐기,28.26,380,60,2020,,2020-09-21,강원특별자치도 원주시청,,2025-01-31
서하 제1호 태양광발전소,강원특별자치도 원주시 흥업면 대안은행정길 99,강원특별자치도 원주시 흥업면 대안리 911,37.30196175,127.8880736,,정상가동,26.88,380,60,2020,,2020-09-23,강원특별자치도 원주시청,,2025-01-31
진선 태양광발전소,강원특별자치도 원주시 북원로 2584,강원특별자치도 원주시 우산동 68-9,37.37447148,127.9439123,,정상가동,19.8,220,60,2021,,2020-09-23,강원특별자치도 원주시청,,2025-01-31
다연 태양광발전소,,강원특별자치도 원주시 부론면 정산리 2258,37.18390288,127.7885548,,폐기,97.11,380,60,2020,,2020-09-25,강원특별자치도 원주시청,,2025-01-31
삼성 태양광발전소,,강원특별자치도 원주시 부론면 정산리 2250-6,37.18379891,127.7892453,,폐기,97.11,380,60,2020,,2020-09-25,강원특별자치도 원주시청,,2025-01-31
에너자이저8호,,강원특별자치도 원주시 부론면 정산리 2250-6,37.18379891,127.7892453,,폐기,97.11,380,60,2020,,2020-09-25,강원특별자치도 원주시청,,2025-01-31
여우할미새2호 태양광발전소,,강원특별자치도 원주시 부론면 정산리 2250-6,37.18379891,127.7892453,,폐기,97.11,380,60,2020,,2020-09-25,강원특별자치도 원주시청,,2025-01-31
재린1호 태양광발전소,,강원특별자치도 원주시 부론면 정산리 2250-5,37.18374601,127.7904207,,폐기,97.11,380,60,2020,,2020-09-25,강원특별자치도 원주시청,,2025-01-31
진춘1호 태양광발전소,,강원특별자치도 원주시 부론면 정산리 2258,37.18390288,127.7885548,,폐기,97.11,380,60,2020,,2020-09-25,강원특별자치도 원주시청,,2025-01-31
희망1호 태양광발전소,,강원특별자치도 원주시 부론면 정산리 2258,37.18390288,127.7885548,,폐기,97.11,380,60,2020,,2020-09-25,강원특별자치도 원주시청,,2025-01-31
금성 태양광발전소,강원특별자치도 원주시 문막읍 동화공단로 58-1,강원특별자치도 원주시 문막읍 동화리 1669-2,37.33537796,127.8449814,,정상가동,156.4,380,60,2022,,2020-10-06,강원특별자치도 원주시청,,2025-01-31
동진 태양광발전소,강원특별자치도 원주시 흥업면 남원로 111-17,강원특별자치도 원주시 흥업면 흥업리 727-1,37.30655644,127.919258,,정상가동,99.0,380,60,2021,,2020-10-13,강원특별자치도 원주시청,,2025-01-31
보배드림3호 태양광발전소,강원특별자치도 원주시 호저면 살미길 76,강원특별자치도 원주시 호저면 무장리 12,37.42338148,127.9051984,,정상가동,98.77,380,60,2021,,2020-10-13,강원특별자치도 원주시청,,2025-01-31
만식 태양광발전소,강원특별자치도 원주시 소초면 살여울길 32,강원특별자치도 원주시 소초면 흥양리 1342-1,37.38702838,127.9874088,,폐기,19.58,380,60,2020,,2020-10-16,강원특별자치도 원주시청,,2025-01-31
신동환2호 태양광발전소,,강원특별자치도 원주시 부론면 손곡리 697-14,37.23453375,127.8054555,,정상가동,66.8,380,60,2021,,2020-10-16,강원특별자치도 원주시청,,2025-01-31
평원 태양광발전소,강원특별자치도 원주시 평원안길 14,강원특별자치도 원주시 평원동 352-2,37.34921708,127.9535583,,폐기,15.6,380,60,2020,,2020-10-16,강원특별자치도 원주시청,,2025-01-31
서곡 태양광발전소,강원특별자치도 원주시 판부면 남원로 174,강원특별자치도 원주시 판부면 서곡리 735-8,37.30735231,127.9275228,,정상가동,29.88,380,60,2021,,2020-10-21,강원특별자치도 원주시청,,2025-01-31
보배드림4호 태양광발전소,강원특별자치도 원주시 호저면 원문로 537-1,강원특별자치도 원주시 호저면 만종리 593-15,37.35894378,127.9038715,,정상가동,66.3,380,60,2021,,2020-10-23,강원특별자치도 원주시청,,2025-01-31
연우 태양광발전소,,강원특별자치도 원주시 호저면 대덕리 1058-1,37.43304727,127.9388843,,폐기,98.77,380,60,2020,,2020-10-23,강원특별자치도 원주시청,,2025-01-31
르노삼성 태양광발전소,강원특별자치도 원주시 현충로 131-4,강원특별자치도 원주시 태장동 890-7,37.36703002,127.9502443,,정상가동,46.64,380,60,2021,,2020-11-10,강원특별자치도 원주시청,,2025-01-31
윤이 태양광발전소,강원특별자치도 원주시 남산로 127,강원특별자치도 원주시 일산동 229-10,37.34812032,127.9401269,,정상가동,18.06,380,60,2021,,2020-11-10,강원특별자치도 원주시청,,2025-01-31
방학동 태양광발전소,강원특별자치도 원주시 신림면 방학동길 25-41,강원특별자치도 원주시 신림면 구학리 280-17,37.20682031,128.0660807,,폐기,96.0,380,60,2020,,2020-11-13,강원특별자치도 원주시청,,2025-01-31
용걸 태양광발전소,강원특별자치도 원주시 판부면 금대길 185-8,강원특별자치도 원주시 판부면 금대리 728-2,37.27864868,128.0074015,,정상가동,28.8,380,60,2021,,2020-11-13,강원특별자치도 원주시청,,2025-01-31
이송 태양광발전소,강원특별자치도 원주시 무실로 193-2,강원특별자치도 원주시 명륜동 310-2,37.3399603,127.9387257,,정상가동,29.92,380,60,2021,,2020-11-13,강원특별자치도 원주시청,,2025-01-31
마이솔라1호 태양광발전소,,강원특별자치도 원주시 귀래면 귀래리 1787-12,37.23089953,127.8526013,,정상가동,52.2,380,60,2021,,2020-11-19,강원특별자치도 원주시청,,2025-01-31
마이솔라A 태양광발전소,,강원특별자치도 원주시 귀래면 귀래리 1787-3,37.23138946,127.8518005,,정상가동,84.6,380,60,2021,,2020-11-19,강원특별자치도 원주시청,,2025-01-31
마이솔라B 태양광발전소,,강원특별자치도 원주시 귀래면 귀래리 1788-3,37.23140872,127.851891,,정상가동,84.6,380,60,2021,,2020-11-19,강원특별자치도 원주시청,,2025-01-31
하나153 태양광발전소 2호,,강원특별자치도 원주시 흥업면 사제리 771,37.31849552,127.8998036,,정상가동,99.0,380,60,2022,,2020-11-20,강원특별자치도 원주시청,,2025-01-31
희망 태양광발전소,,강원특별자치도 원주시 귀래면 귀래리 1792,37.23067099,127.8539169,,정상가동,28.8,380,60,2021,,2020-11-25,강원특별자치도 원주시청,,2025-01-31
유진 태양광발전소,강원특별자치도 원주시 문막읍 원문로 2561-2,강원특별자치도 원주시 문막읍 반계리 790-5,37.27794324,127.7761458,,폐기,418.0,380,60,2020,,2020-11-30,강원특별자치도 원주시청,,2025-01-31
신청봉 소초1 태양광발전소,강원특별자치도 원주시 소초면 도도리길 64,강원특별자치도 원주시 소초면 평장리 556-1,37.40882816,128.0016784,,폐기,63.18,380,60,2020,,2020-12-02,강원특별자치도 원주시청,,2025-01-31
신청봉 소초10 태양광발전소,강원특별자치도 원주시 소초면 도도리길 70,강원특별자치도 원주시 소초면 평장리 564,37.40858795,128.0020944,,폐기,99.63,380,60,2020,,2020-12-02,강원특별자치도 원주시청,,2025-01-31
신청봉 소초11 태양광발전소,,강원특별자치도 원주시 소초면 평장리 560,37.40785245,128.0018017,,폐기,78.98,380,60,2020,,2020-12-02,강원특별자치도 원주시청,,2025-01-31
신청봉 소초12 태양광발전소,강원특별자치도 횡성군 안흥면 덧재로492번길 94,강원특별자치도 횡성군 안흥면 소사리 775-4,37.45539759,128.1612569,,폐기,99.63,380,60,2020,,2020-12-02,강원특별자치도 원주시청,,2025-01-31
신청봉 소초13 태양광발전소,강원특별자치도 원주시 소초면 도도리길 70,강원특별자치도 원주시 소초면 평장리 564,37.40858795,128.0020944,,폐기,99.63,380,60,2020,,2020-12-02,강원특별자치도 원주시청,,2025-01-31
신청봉 소초14 태양광발전소,강원특별자치도 원주시 소초면 도도리길 83,강원특별자치도 원주시 소초면 평장리 568-6,37.40811541,128.0040019,,폐기,99.63,380,60,2020,,2020-12-02,강원특별자치도 원주시청,,2025-01-31
신청봉 소초15 태양광발전소,강원특별자치도 원주시 소초면 도도리길 83,강원특별자치도 원주시 소초면 평장리 568-6,37.40811541,128.0040019,,폐기,99.63,380,60,2020,,2020-12-02,강원특별자치도 원주시청,,2025-01-31
신청봉 소초16 태양광발전소,,강원특별자치도 원주시 소초면 평장리 504-7,37.40608044,128.0041573,,폐기,99.63,380,60,2020,,2020-12-02,강원특별자치도 원주시청,,2025-01-31
신청봉 소초17 태양광발전소,강원특별자치도 원주시 소초면 도도리길 108,강원특별자치도 원주시 소초면 평장리 507,37.4060238,128.0044032,,폐기,63.18,380,60,2020,,2020-12-02,강원특별자치도 원주시청,,2025-01-31
신청봉 소초18 태양광발전소,강원특별자치도 원주시 소초면 도도리길 107,강원특별자치도 원주시 소초면 평장리 산 198-12,37.40606177,128.0045893,,폐기,78.98,380,60,2020,,2020-12-02,강원특별자치도 원주시청,,2025-01-31
신청봉 소초19 태양광발전소,강원특별자치도 원주시 소초면 도도리길 107,강원특별자치도 원주시 소초면 평장리 산 198-12,37.40606177,128.0045893,,폐기,99.63,380,60,2020,,2020-12-02,강원특별자치도 원주시청,,2025-01-31
신청봉 소초2 태양광발전소,강원특별자치도 원주시 소초면 도도리길 64-1,강원특별자치도 원주시 소초면 평장리 산 186,37.40695847,128.0015043,,폐기,94.77,380,60,2020,,2020-12-02,강원특별자치도 원주시청,,2025-01-31
신청봉 소초20 태양광발전소,강원특별자치도 원주시 소초면 도도리길 107,강원특별자치도 원주시 소초면 평장리 산 198-12,37.40606177,128.0045893,,폐기,72.9,380,60,2020,,2020-12-02,강원특별자치도 원주시청,,2025-01-31
신청봉 소초3 태양광발전소,강원특별자치도 원주시 소초면 도도리길 64-1,강원특별자치도 원주시 소초면 평장리 산 186,37.40695847,128.0015043,,폐기,99.63,380,60,2020,,2020-12-02,강원특별자치도 원주시청,,2025-01-31
신청봉 소초4 태양광발전소,강원특별자치도 원주시 소초면 도도리길 64-1,강원특별자치도 원주시 소초면 평장리 산 186,37.40695847,128.0015043,,폐기,99.63,380,60,2020,,2020-12-02,강원특별자치도 원주시청,,2025-01-31
신청봉 소초5 태양광발전소,강원특별자치도 원주시 소초면 도도리길 64-1,강원특별자치도 원주시 소초면 평장리 산 186,37.40695847,128.0015043,,폐기,99.63,380,60,2020,,2020-12-02,강원특별자치도 원주시청,,2025-01-31
신청봉 소초6 태양광발전소,강원특별자치도 원주시 소초면 도도리길 64,강원특별자치도 원주시 소초면 평장리 556-1,37.40882816,128.0016784,,폐기,94.77,380,60,2020,,2020-12-02,강원특별자치도 원주시청,,2025-01-31
신청봉 소초7 태양광발전소,강원특별자치도 원주시 소초면 도도리길 64,강원특별자치도 원주시 소초면 평장리 556-1,37.40882816,128.0016784,,폐기,89.51,380,60,2020,,2020-12-02,강원특별자치도 원주시청,,2025-01-31
신청봉 소초8 태양광발전소,강원특별자치도 원주시 소초면 도도리길 70,강원특별자치도 원주시 소초면 평장리 564,37.40858795,128.0020944,,폐기,94.77,380,60,2020,,2020-12-02,강원특별자치도 원주시청,,2025-01-31
신청봉 소초9 태양광발전소,강원특별자치도 원주시 소초면 도도리길 70,강원특별자치도 원주시 소초면 평장리 564,37.40858795,128.0020944,,폐기,99.63,380,60,2020,,2020-12-02,강원특별자치도 원주시청,,2025-01-31
진양제약 태양광발전소,강원특별자치도 원주시 지정면 신평로 34,강원특별자치도 원주시 지정면 신평리 1083,37.37655379,127.889957,,정상가동,99.84,380,60,2021,,2020-12-04,강원특별자치도 원주시청,,2025-01-31
형제 태양광발전소,강원특별자치도 원주시 부론면 법후로 129-3,강원특별자치도 원주시 부론면 법천리 710-1,37.21309196,127.7636974,,정상가동,19.98,380,60,2021,,2020-12-04,강원특별자치도 원주시청,,2025-01-31
에이 태양광발전소,강원특별자치도 원주시 소초면 치악로 2716,강원특별자치도 원주시 소초면 평장리 668,37.41229014,127.9974853,,정상가동,49.5,380,60,2021,,2020-12-11,강원특별자치도 원주시청,,2025-01-31
당디1호 태양광발전소,강원특별자치도 원주시 문막읍 만디길 25-43,,37.26142384,127.831564,,정상가동,99.0,380,60,2022,,2020-12-18,강원특별자치도 원주시청,,2025-01-31
당디2호 태양광발전소,,강원특별자치도 원주시 문막읍 궁촌리 1966,37.26142384,127.831564,,정상가동,99.36,380,60,2022,,2020-12-18,강원특별자치도 원주시청,,2025-01-31
당디3호 태양광발전소,강원특별자치도 원주시 문막읍 만디길 25-43,,37.26142384,127.831564,,정상가동,99.36,380,60,2022,,2020-12-18,강원특별자치도 원주시청,,2025-01-31
당디4호 태양광발전소,,강원특별자치도 원주시 문막읍 궁촌리 1966,37.26142384,127.831564,,정상가동,99.36,380,60,2022,,2020-12-18,강원특별자치도 원주시청,,2025-01-31
당디5호 태양광발전소,,강원특별자치도 원주시 문막읍 궁촌리 1966,37.26142384,127.831564,,정상가동,99.36,380,60,2022,,2020-12-18,강원특별자치도 원주시청,,2025-01-31
당디6호 태양광발전소,강원특별자치도 원주시 문막읍 만디길 25-43,,37.26142384,127.831564,,정상가동,99.0,380,60,2022,,2020-12-18,강원특별자치도 원주시청,,2025-01-31
당디7호 태양광발전소,강원특별자치도 원주시 문막읍 만디길 25-43,,37.26142384,127.831564,,정상가동,99.0,380,60,2022,,2020-12-18,강원특별자치도 원주시청,,2025-01-31
당디8호 태양광발전소,,강원특별자치도 원주시 문막읍 궁촌리 1966,37.26142384,127.831564,,정상가동,99.36,380,60,2022,,2020-12-18,강원특별자치도 원주시청,,2025-01-31
당디9호 태양광발전소,강원특별자치도 원주시 문막읍 만디길 25-43,,37.26142384,127.831564,,정상가동,99.0,380,60,2022,,2020-12-18,강원특별자치도 원주시청,,2025-01-31
김기태 태양광발전소,강원특별자치도 원주시 호저면 운동들1길 21-3,강원특별자치도 원주시 호저면 만종리 1081-7,37.35543771,127.8974845,,정상가동,52.2,380,60,2021,,2020-12-21,강원특별자치도 원주시청,,2025-01-31
나눔 태양광발전소,강원특별자치도 원주시 귀래면 너더리길 22,강원특별자치도 원주시 귀래면 운남리 546-3,37.16949287,127.8865545,,정상가동,17.48,220,60,2021,,2020-12-21,강원특별자치도 원주시청,,2025-01-31
대암산 태양광발전소,,강원특별자치도 원주시 부론면 정산리 592,37.19114648,127.780307,,정상가동,99.2,380,60,2020,,2020-12-21,강원특별자치도 원주시청,,2025-01-31
미광태양광5호 태양광발전소,,강원특별자치도 원주시 부론면 정산리 592,37.19114648,127.780307,,정상가동,99.2,380,60,2020,,2020-12-21,강원특별자치도 원주시청,,2025-01-31
서현쏠라21호 태양광발전소,,강원특별자치도 원주시 부론면 정산리 592,37.19114648,127.780307,,정상가동,99.2,380,60,2020,,2020-12-21,강원특별자치도 원주시청,,2025-01-31
정후투 태양광발전소,,강원특별자치도 원주시 부론면 정산리 592,37.19114648,127.780307,,정상가동,99.2,380,60,2020,,2020-12-21,강원특별자치도 원주시청,,2025-01-31
현민쏠라3호 태양광발전소,,강원특별자치도 원주시 부론면 정산리 592,37.19114648,127.780307,,정상가동,99.2,380,60,2020,,2020-12-21,강원특별자치도 원주시청,,2025-01-31
점실1호 태양광발전소,,강원특별자치도 원주시 가현동 464,37.39233911,127.9299128,,폐기,29.58,220,60,2020,,2020-12-23,강원특별자치도 원주시청,,2025-01-31
정수1호 태양광발전소,강원특별자치도 원주시 행구로 267-25,강원특별자치도 원주시 행구동 1552-1,37.34512252,127.9844629,,정상가동,40.0,380,60,2021,,2020-12-23,강원특별자치도 원주시청,,2025-01-31
정수2호 태양광발전소,강원특별자치도 원주시 행구로 267-25,강원특별자치도 원주시 행구동 1552-1,37.34512252,127.9844629,,정상가동,40.0,380,60,2021,,2020-12-23,강원특별자치도 원주시청,,2025-01-31
정수3호 태양광발전소,강원특별자치도 원주시 행구로 267-25,강원특별자치도 원주시 행구동 1552-1,37.34512252,127.9844629,,정상가동,40.0,380,60,2021,,2020-12-23,강원특별자치도 원주시청,,2025-01-31
정수4호 태양광발전소,강원특별자치도 원주시 행구로 267-25,강원특별자치도 원주시 행구동 1552-1,37.34512252,127.9844629,,정상가동,60.0,380,60,2021,,2020-12-23,강원특별자치도 원주시청,,2025-01-31
우리 태양광발전소,강원특별자치도 원주시 태장공단길 42-7,강원특별자치도 원주시 태장동 1720-19,37.40576659,127.9477627,,정상가동,99.94,380,60,2021,,2020-12-31,강원특별자치도 원주시청,,2025-01-31
원주1호 태양광발전소,강원특별자치도 원주시 소초면 간촌길 130,강원특별자치도 원주시 소초면 둔둔리 산 175-2,37.43356486,127.9883899,,정상가동,69.52,380,60,2022,,2021-01-04,강원특별자치도 원주시청,,2025-01-31
원주2호 태양광발전소,강원특별자치도 원주시 소초면 간촌길 130,강원특별자치도 원주시 소초면 둔둔리 산 175-2,37.43356486,127.9883899,,정상가동,73.6,380,60,2022,,2021-01-04,강원특별자치도 원주시청,,2025-01-31
원주3호태양광발전소,강원특별자치도 원주시 소초면 간촌길 130,강원특별자치도 원주시 소초면 둔둔리 산 175-2,37.43356486,127.9883899,,정상가동,97.57,380,60,2021,,2021-01-04,강원특별자치도 원주시청,,2025-01-31
원주4호태양광발전소,강원특별자치도 원주시 소초면 간촌길 130,강원특별자치도 원주시 소초면 둔둔리 산 175-2,37.43356486,127.9883899,,정상가동,69.52,380,60,2021,,2021-01-04,강원특별자치도 원주시청,,2025-01-31
원주5호태양광발전소,강원특별자치도 원주시 소초면 간촌길 130,강원특별자치도 원주시 소초면 둔둔리 산 175-2,37.43356486,127.9883899,,정상가동,69.52,380,60,2021,,2021-01-04,강원특별자치도 원주시청,,2025-01-31
원주6호태양광발전소,강원특별자치도 원주시 소초면 간촌길 130,강원특별자치도 원주시 소초면 둔둔리 산 175-2,37.43356486,127.9883899,,정상가동,78.21,380,60,2021,,2021-01-04,강원특별자치도 원주시청,,2025-01-31
원주7호태양광발전소,,강원특별자치도 원주시 소초면 의관리 32,37.43346113,127.9877153,,정상가동,50.56,380,60,2022,,2021-01-04,강원특별자치도 원주시청,,2025-01-31
금성 태양광발전소,강원특별자치도 원주시 봉장길 45,강원특별자치도 원주시 가현동 326-14,37.39677166,127.9319845,,정상가동,30.0,380,60,2021,,2021-01-25,강원특별자치도 원주시청,,2025-01-31
둔둔1호 태양광발전소,강원특별자치도 원주시 소초면 둔둔양지길 2,강원특별자치도 원주시 소초면 둔둔리 510-3,37.44823813,127.9896166,,정상가동,26.1,380,60,2022,,2021-01-25,강원특별자치도 원주시청,,2025-01-31
둔둔2호 태양광발전소,강원특별자치도 원주시 소초면 둔둔로 307,강원특별자치도 원주시 소초면 둔둔리 510-4,37.44831984,127.9898006,,정상가동,32.63,380,60,2022,,2021-01-25,강원특별자치도 원주시청,,2025-01-31
광격1호 태양광발전소,강원특별자치도 원주시 호저면 고산동막길 108-34,강원특별자치도 원주시 호저면 광격리 946-8,37.46379148,127.9316382,,정상가동,90.34,380,60,2022,,2021-02-01,강원특별자치도 원주시청,,2025-01-31
신청봉 간현1 태양광발전소,강원특별자치도 원주시 지정면 작압길 147,강원특별자치도 원주시 지정면 간현리 22,37.34974076,127.8598365,,폐기,56.7,380,60,2021,,2021-02-02,강원특별자치도 원주시청,,2025-01-31
신청봉 간현2 태양광발전소,강원특별자치도 원주시 지정면 작압길 147,강원특별자치도 원주시 지정면 간현리 22,37.34974076,127.8598365,,폐기,68.04,380,60,2021,,2021-02-02,강원특별자치도 원주시청,,2025-01-31
신청봉 간현3 태양광발전소,강원특별자치도 원주시 지정면 작압길 147,강원특별자치도 원주시 지정면 간현리 22,37.34974076,127.8598365,,폐기,99.63,380,60,2021,,2021-02-02,강원특별자치도 원주시청,,2025-01-31
신청봉 간현4 태양광발전소,강원특별자치도 원주시 지정면 작압길 147,강원특별자치도 원주시 지정면 간현리 22,37.34974076,127.8598365,,폐기,51.03,380,60,2021,,2021-02-02,강원특별자치도 원주시청,,2025-01-31
상근 태양광발전소,,강원특별자치도 원주시 소초면 수암리 663,37.40821365,127.9942916,,정상가동,99.9,380,60,2021,,2021-02-05,강원특별자치도 원주시청,,2025-01-31
새빛 태양광발전소,,강원특별자치도 원주시 귀래면 주포리 471-2,37.15724662,127.8558477,,정상가동,99.84,380,60,2021,,2021-02-22,강원특별자치도 원주시청,,2025-01-31
늘푸른 태양광발전소,강원특별자치도 원주시 소초면 버덩마을길 61,강원특별자치도 원주시 소초면 둔둔리 479,37.44639701,127.984164,,정상가동,99.9,380,60,2021,,2021-02-24,강원특별자치도 원주시청,,2025-01-31
점안69 태양광발전소,,강원특별자치도 원주시 부론면 정산리 1957,37.18249493,127.7627418,,정상가동,94.34,380,60,2021,,2021-03-03,강원특별자치도 원주시청,,2025-01-31
황금 태양광발전소,,강원특별자치도 원주시 부론면 정산리 1957,37.18249493,127.7627418,,정상가동,99.9,380,60,2021,,2021-03-03,강원특별자치도 원주시청,,2025-01-31
KEPCO-4-F3 엔씨에프컴퍼니 태양광발전소,강원특별자치도 원주시 신림면 가래머리길 25,강원특별자치도 원주시 신림면 구학리 16-23,37.20808316,128.0723496,,정상가동,148.4,380,60,2021,,2021-03-08,강원특별자치도 원주시청,,2025-01-31
KEPCO-4-F4 엠에스 태양광발전소,강원특별자치도 원주시 문막읍 좁은목길 50,강원특별자치도 원주시 문막읍 동화리 677-10,37.31884627,127.8363731,,정상가동,190.8,380,60,2021,,2021-03-08,강원특별자치도 원주시청,,2025-01-31
병욱 태양광발전소,강원특별자치도 원주시 지정면 간현로 130-4,강원특별자치도 원주시 지정면 간현리 852,37.36262706,127.8401281,,정상가동,15.2,380,60,2021,,2021-03-12,강원특별자치도 원주시청,,2025-01-31
다현 태양광발전소,강원특별자치도 원주시 봉장길 30,강원특별자치도 원주시 가현동 347-2,37.39703647,127.9336056,,정상가동,91.2,380,60,2021,,2021-03-25,강원특별자치도 원주시청,,2025-01-31
쌍둥이2호 태양광발전소,강원특별자치도 원주시 귀래면 주포안말길 20-10,강원특별자치도 원주시 귀래면 주포리 275-4,37.16511154,127.8658749,,정상가동,28.8,380,60,2021,,2021-03-25,강원특별자치도 원주시청,,2025-01-31
예지 태양광발전소,강원특별자치도 원주시 귀래면 주포안말길 20-5,강원특별자치도 원주시 귀래면 주포리 280-1,37.16469799,127.8657858,,정상가동,29.7,380,60,2021,,2021-03-25,강원특별자치도 원주시청,,2025-01-31
어반트리 태양광발전소,강원특별자치도 원주시 판부면 매봉길 10-3,강원특별자치도 원주시 판부면 서곡리 1989-16,37.32123127,127.9422896,,정상가동,19.36,380,60,2021,,2021-04-20,강원특별자치도 원주시청,,2025-01-31
샘물 태양광발전소,,강원특별자치도 원주시 소초면 장양리 411,37.39284841,127.968434,,정상가동,98.9,380,60,2021,,2021-04-22,강원특별자치도 원주시청,,2025-01-31
경남 태양광발전소,강원특별자치도 원주시 소초면 치악로 2467,강원특별자치도 원주시 소초면 수암리 797-7,37.39316849,127.9839757,,정상가동,199.8,380,60,2022,,2021-05-07,강원특별자치도 원주시청,,2025-01-31
세정1 태양광발전소,강원특별자치도 원주시 호저면 굴미실길 33,강원특별자치도 원주시 호저면 만종리 1093-5,37.35701706,127.8966305,,정상가동,19.11,380,60,2022,,2021-05-20,강원특별자치도 원주시청,,2025-01-31
세정2 태양광발전소,강원특별자치도 원주시 호저면 굴미실길 33,강원특별자치도 원주시 호저면 만종리 1093-5,37.35701706,127.8966305,,정상가동,19.11,380,60,2022,,2021-05-20,강원특별자치도 원주시청,,2025-01-31
포진 태양광발전소,,강원특별자치도 원주시 문막읍 포진리 68-1,37.28413977,127.8217503,,정상가동,99.84,380,60,2021,,2021-05-25,강원특별자치도 원주시청,,2025-01-31
이영복발전소,강원특별자치도 원주시 봉바위길 31,강원특별자치도 원주시 무실동 1835-9,37.33126928,127.9321941,,정상가동,19.5,380,60,2021,,2021-06-25,강원특별자치도 원주시청,,2025-01-31
송종호 태양광발전소,강원특별자치도 원주시 문막읍 동화큰골길 14,강원특별자치도 원주시 문막읍 동화리 140-1,37.33030235,127.8544236,,정상가동,94.64,380,60,2021,,2021-07-16,강원특별자치도 원주시청,,2025-01-31
정연옥발전소,강원특별자치도 원주시 치악로 1625-1,강원특별자치도 원주시 단구동 710-5,37.32793902,127.9595668,,정상가동,15.0,220,60,2021,,2021-07-21,강원특별자치도 원주시청,,2025-01-31
지촌 태양광발전소,,강원특별자치도 원주시 지정면 가곡리 157,37.35917958,127.8744273,,정상가동,72.68,380,60,2021,,2021-08-02,강원특별자치도 원주시청,,2025-01-31
ITB 태양광발전소,강원특별자치도 원주시 판부면 남원로 272-9,강원특별자치도 원주시 판부면 서곡리 637-5,37.31198176,127.932716,,정상가동,98.9,380,60,2021,,2021-08-04,강원특별자치도 원주시청,,2025-01-31
JHA 태양광발전소,강원특별자치도 원주시 판부면 남원로 272-9,강원특별자치도 원주시 판부면 서곡리 637-5,37.31198176,127.932716,,정상가동,98.9,380,60,2021,,2021-08-04,강원특별자치도 원주시청,,2025-01-31
부론제3발전소,,강원특별자치도 원주시 부론면 단강리 1021-2,37.17494508,127.7976662,,정상가동,98.28,380,60,2021,,2021-08-13,강원특별자치도 원주시청,,2025-01-31
부론제4발전소,,강원특별자치도 원주시 부론면 단강리 1021-2,37.17494508,127.7976662,,정상가동,98.28,380,60,2021,,2021-08-13,강원특별자치도 원주시청,,2025-01-31
부론제5발전소,,강원특별자치도 원주시 부론면 단강리 1023,37.17514633,127.7971453,,정상가동,29.12,380,60,2021,,2021-08-13,강원특별자치도 원주시청,,2025-01-31
가보쏠라6호,,강원특별자치도 원주시 소초면 교항리 834,37.44066262,128.0026523,,정상가동,99.0,380,60,2021,,2021-08-26,강원특별자치도 원주시청,,2025-01-31
고 태양광발전소,,강원특별자치도 원주시 소초면 교항리 891-1,37.43837061,128.0035356,,정상가동,99.0,380,60,2021,,2021-08-26,강원특별자치도 원주시청,,2025-01-31
그린파워5,,강원특별자치도 원주시 소초면 교항리 885,37.43992443,128.002617,,정상가동,99.0,380,60,2021,,2021-08-26,강원특별자치도 원주시청,,2025-01-31
동산 태양광발전소,,강원특별자치도 원주시 소초면 교항리 834,37.44066262,128.0026523,,정상가동,99.0,380,60,2021,,2021-08-26,강원특별자치도 원주시청,,2025-01-31
명숙 태양광발전소,,강원특별자치도 원주시 소초면 교항리 834,37.44066262,128.0026523,,정상가동,99.0,380,60,2021,,2021-08-26,강원특별자치도 원주시청,,2025-01-31
미광태양광6호,,강원특별자치도 원주시 소초면 교항리 834,37.44066262,128.0026523,,정상가동,99.0,380,60,2021,,2021-08-26,강원특별자치도 원주시청,,2025-01-31
사랑발전소,,강원특별자치도 원주시 소초면 교항리 883,37.43951444,128.0025841,,정상가동,99.0,380,60,2021,,2021-08-26,강원특별자치도 원주시청,,2025-01-31
세은 태양광발전소,,강원특별자치도 원주시 소초면 교항리 891-4,37.43798753,128.0027092,,정상가동,98.28,380,60,2021,,2021-08-26,강원특별자치도 원주시청,,2025-01-31
소영발전소,,강원특별자치도 원주시 소초면 교항리 891-1,37.43837061,128.0035356,,정상가동,99.0,380,60,2021,,2021-08-26,강원특별자치도 원주시청,,2025-01-31
썬브라더6호,,강원특별자치도 원주시 소초면 교항리 883,37.43951444,128.0025841,,정상가동,99.0,380,60,2021,,2021-08-26,강원특별자치도 원주시청,,2025-01-31
쏠로1호,,강원특별자치도 원주시 소초면 교항리 891-4,37.43798753,128.0027092,,정상가동,99.0,380,60,2021,,2021-08-26,강원특별자치도 원주시청,,2025-01-31
양지쏠라5호,,강원특별자치도 원주시 소초면 교항리 834,37.44066262,128.0026523,,정상가동,99.0,380,60,2021,,2021-08-26,강원특별자치도 원주시청,,2025-01-31
에스에이치3호,,강원특별자치도 원주시 소초면 교항리 891-1,37.43837061,128.0035356,,정상가동,99.0,380,60,2021,,2021-08-26,강원특별자치도 원주시청,,2025-01-31
에스엠에너지2호,,강원특별자치도 원주시 소초면 교항리 889-2,37.43835731,128.0024985,,정상가동,99.0,380,60,2021,,2021-08-26,강원특별자치도 원주시청,,2025-01-31
연서2호,,강원특별자치도 원주시 소초면 교항리 891-4,37.43798753,128.0027092,,정상가동,99.0,380,60,2021,,2021-08-26,강원특별자치도 원주시청,,2025-01-31
오케이 태양광발전소,,강원특별자치도 원주시 소초면 교항리 889-2,37.43835731,128.0024985,,정상가동,99.0,380,60,2021,,2021-08-26,강원특별자치도 원주시청,,2025-01-31
웅진발전소,,강원특별자치도 원주시 소초면 교항리 883,37.43951444,128.0025841,,정상가동,99.0,380,60,2021,,2021-08-26,강원특별자치도 원주시청,,2025-01-31
유진1호 태양광,,강원특별자치도 원주시 소초면 교항리 889-2,37.43835731,128.0024985,,정상가동,99.0,380,60,2021,,2021-08-26,강원특별자치도 원주시청,,2025-01-31
윤수원1호,,강원특별자치도 원주시 소초면 교항리 885,37.43992443,128.002617,,정상가동,99.0,380,60,2021,,2021-08-26,강원특별자치도 원주시청,,2025-01-31
윤수원2호,,강원특별자치도 원주시 소초면 교항리 885,37.43992443,128.002617,,정상가동,99.0,380,60,2021,,2021-08-26,강원특별자치도 원주시청,,2025-01-31
은진1호 태양광,,강원특별자치도 원주시 소초면 교항리 891-1,37.43837061,128.0035356,,정상가동,99.0,380,60,2021,,2021-08-26,강원특별자치도 원주시청,,2025-01-31
이현 태양광발전소,강원특별자치도 원주시 흥업면 남원로 111-17,강원특별자치도 원주시 흥업면 흥업리 727-1,37.30655644,127.919258,,정상가동,66.24,380,60,2021,,2021-08-26,강원특별자치도 원주시청,,2025-01-31
주윤2호발전소,,강원특별자치도 원주시 소초면 교항리 883,37.43951444,128.0025841,,정상가동,99.0,380,60,2021,,2021-08-26,강원특별자치도 원주시청,,2025-01-31
준이솔라,,강원특별자치도 원주시 소초면 교항리 891-1,37.43837061,128.0035356,,정상가동,99.0,380,60,2021,,2021-08-26,강원특별자치도 원주시청,,2025-01-31
지금2호,,강원특별자치도 원주시 소초면 교항리 834,37.44066262,128.0026523,,정상가동,99.0,380,60,2021,,2021-08-26,강원특별자치도 원주시청,,2025-01-31
하늘4호,,강원특별자치도 원주시 소초면 교항리 834,37.44066262,128.0026523,,정상가동,99.0,380,60,2021,,2021-08-26,강원특별자치도 원주시청,,2025-01-31
하린이 솔라,,강원특별자치도 원주시 소초면 교항리 891-2,37.43812542,128.0028802,,정상가동,99.0,380,60,2021,,2021-08-26,강원특별자치도 원주시청,,2025-01-31
한귀 태양광발전소,,강원특별자치도 원주시 소초면 교항리 882,37.43904373,128.0031003,,정상가동,99.0,380,60,2021,,2021-08-26,강원특별자치도 원주시청,,2025-01-31
혁신쏠라,,강원특별자치도 원주시 소초면 교항리 834,37.44066262,128.0026523,,정상가동,99.0,380,60,2021,,2021-08-26,강원특별자치도 원주시청,,2025-01-31
현민쏠라2,,강원특별자치도 원주시 소초면 교항리 882,37.43904373,128.0031003,,정상가동,99.0,380,60,2021,,2021-08-26,강원특별자치도 원주시청,,2025-01-31
무지개1호 태양광발전소,강원특별자치도 원주시 소초면 바우실길 68,강원특별자치도 원주시 소초면 수암리 781,37.39433959,127.9944869,,정상가동,98.98,380,60,2021,,2021-09-01,강원특별자치도 원주시청,,2025-01-31
무지개2호 태양광발전소,강원특별자치도 원주시 소초면 바우실길 68,강원특별자치도 원주시 소초면 수암리 781,37.39433959,127.9944869,,정상가동,35.85,380,60,2021,,2021-09-01,강원특별자치도 원주시청,,2025-01-31
마이솔라C호 태양광발전소,,강원특별자치도 원주시 귀래면 귀래리 1787-1,37.23126689,127.852118,,정상가동,19.56,380,60,2021,,2021-09-08,강원특별자치도 원주시청,,2025-01-31
염광1호 태양광발전소,강원특별자치도 원주시 원문로112번길 16,강원특별자치도 원주시 단계동 100-73,37.3578406,127.9339669,,정상가동,29.4,380,60,2021,,2021-09-08,강원특별자치도 원주시청,,2025-01-31
염광2호 태양광발전소,강원특별자치도 원주시 원문로112번길 16,강원특별자치도 원주시 단계동 100-73,37.3578406,127.9339669,,정상가동,19.6,380,60,2021,,2021-09-08,강원특별자치도 원주시청,,2025-01-31
건국스틸 태양광발전소,강원특별자치도 원주시 흥업면 팔포길 34,강원특별자치도 원주시 흥업면 사제리 1509,37.33700221,127.8776996,,폐기,99.24,380,60,2021,,2021-09-14,강원특별자치도 원주시청,,2025-01-31
서진상사1호 태양광발전소,강원특별자치도 원주시 봉장길 43,강원특별자치도 원주시 가현동 344-5,37.39675201,127.9322828,,정상가동,29.75,380,60,2022,,2021-09-14,강원특별자치도 원주시청,,2025-01-31
서진상사2호 태양광발전소,강원특별자치도 원주시 봉장길 43,강원특별자치도 원주시 가현동 344-5,37.39675201,127.9322828,,정상가동,29.75,380,60,2022,,2021-09-14,강원특별자치도 원주시청,,2025-01-31
청명3호 태양광발전소,강원특별자치도 원주시 신림면 신림황둔로 174,강원특별자치도 원주시 신림면 신림리 190-11,37.24385889,128.0881642,,정상가동,76.44,380,60,2021,,2021-09-29,강원특별자치도 원주시청,,2025-01-31
에이치엠솔라1호 태양광발전소,강원특별자치도 원주시 문막읍 반산2로 86,강원특별자치도 원주시 문막읍 반계리 2255-2,37.29827687,127.7988216,,정상가동,999.75,22900,60,2022,,2021-10-15,강원특별자치도 원주시청,,2025-01-31
명진 태양광발전소,,강원특별자치도 원주시 소초면 수암리 1603-4,37.385654,127.965035,,정상가동,29.76,380,60,2022,,2021-10-20,강원특별자치도 원주시청,,2025-01-31
남도 태양광발전소1,강원특별자치도 원주시 호저면 우무개로 283,강원특별자치도 원주시 호저면 만종리 산 104-1,37.36673898,127.916527,,정상가동,148.75,380,60,2022,,2021-10-26,강원특별자치도 원주시청,,2025-01-31
남도 태양광발전소2,강원특별자치도 원주시 호저면 우무개로 283,강원특별자치도 원주시 호저면 만종리 산 104-1,37.36673898,127.916527,,정상가동,196.35,380,60,2022,,2021-10-26,강원특별자치도 원주시청,,2025-01-31
매화마을1호 태양광발전소,강원특별자치도 원주시 호저면 매호로 143,강원특별자치도 원주시 호저면 매호리 783,37.41661231,127.8834932,,정상가동,99.84,380,60,2022,,2021-10-26,강원특별자치도 원주시청,,2025-01-31
매화마을2호 태양광발전소,강원특별자치도 원주시 호저면 매호로 143,강원특별자치도 원주시 호저면 매호리 783,37.41661231,127.8834932,,정상가동,99.84,380,60,2022,,2021-10-26,강원특별자치도 원주시청,,2025-01-31
매화마을3호 태양광발전소,강원특별자치도 원주시 호저면 매호로 143,강원특별자치도 원주시 호저면 매호리 783,37.41661231,127.8834932,,정상가동,99.84,380,60,2022,,2021-10-26,강원특별자치도 원주시청,,2025-01-31
매화마을4호 태양광발전소,강원특별자치도 원주시 호저면 매호로 143,강원특별자치도 원주시 호저면 매호리 783,37.41661231,127.8834932,,정상가동,72.0,380,60,2022,,2021-10-26,강원특별자치도 원주시청,,2025-01-31
용암1 태양광발전소,,강원특별자치도 원주시 신림면 용암리 1150,37.20814495,128.0910971,,폐기,99.9,380,60,2021,,2021-10-26,강원특별자치도 원주시청,,2025-01-31
용암2 태양광발전소,,강원특별자치도 원주시 신림면 용암리 1150,37.20814495,128.0910971,,폐기,99.9,380,60,2021,,2021-10-26,강원특별자치도 원주시청,,2025-01-31
용암3 태양광발전소,강원특별자치도 원주시 신림면 구학산로 1848-58,강원특별자치도 원주시 신림면 용암리 1149,37.20842485,128.0912176,,폐기,99.9,380,60,2021,,2021-10-26,강원특별자치도 원주시청,,2025-01-31
용암4 태양광발전소,,강원특별자치도 원주시 신림면 용암리 1148,37.20814585,128.0916783,,폐기,99.9,380,60,2021,,2021-10-26,강원특별자치도 원주시청,,2025-01-31
용암5 태양광발전소,,강원특별자치도 원주시 신림면 용암리 1148,37.20814585,128.0916783,,폐기,99.9,380,60,2021,,2021-10-26,강원특별자치도 원주시청,,2025-01-31
재단법인 박기범재단 2 태양광발전소,강원특별자치도 원주시 문막읍 동화공단로 101-3,강원특별자치도 원주시 문막읍 동화리 1665-3,37.33177908,127.8400077,,정상가동,451.5,380,60,2022,,2021-10-28,강원특별자치도 원주시청,,2025-01-31
원영춘 태양광 2호발전소,,강원특별자치도 원주시 태장동 847-1,37.36150079,127.953246,,폐기,92.12,380,60,2021,,2021-10-31,강원특별자치도 원주시청,,2025-01-31
대덕리1호 태양광발전소,,강원특별자치도 원주시 호저면 대덕리 213,37.44185094,127.9448661,,정상가동,99.18,380,60,2022,,2021-11-01,강원특별자치도 원주시청,,2025-01-31
삼성1호 태양광발전소,강원특별자치도 원주시 흥업면 삼성길 106-55,강원특별자치도 원주시 흥업면 사제리 1137,37.32079502,127.8822934,,정상가동,99.51,380,60,2022,,2021-11-01,강원특별자치도 원주시청,,2025-01-31
삼성2호 태양광발전소,강원특별자치도 원주시 흥업면 삼성길 106-55,강원특별자치도 원주시 흥업면 사제리 1137,37.32079502,127.8822934,,정상가동,97.37,380,60,2022,,2021-11-01,강원특별자치도 원주시청,,2025-01-31
삼성3호 태양광발전소,강원특별자치도 원주시 흥업면 삼성길 106-55,강원특별자치도 원주시 흥업면 사제리 1137,37.32079502,127.8822934,,정상가동,38.52,380,60,2022,,2021-11-01,강원특별자치도 원주시청,,2025-01-31
중앙에너지 태양광발전소,,강원특별자치도 원주시 호저면 대덕리 212,37.44166017,127.9448235,,정상가동,29.64,380,60,2022,,2021-11-01,강원특별자치도 원주시청,,2025-01-31
세기 태양광발전소,강원특별자치도 원주시 지정면 보통로 567-1,강원특별자치도 원주시 지정면 보통리 13-1,37.34859387,127.8878056,,정상가동,96.6,380,60,2022,,2021-11-03,강원특별자치도 원주시청,,2025-01-31
정병인 태양광발전소,강원특별자치도 원주시 호저면 옥산정골길 83,강원특별자치도 원주시 호저면 옥산리 36-1,37.44255456,127.9331646,,정상가동,19.78,380,60,2022,,2021-11-10,강원특별자치도 원주시청,,2025-01-31
가온누리1호 태양광발전소,,강원특별자치도 원주시 소초면 장양리 363,37.40181261,127.9686166,,정상가동,45.11,380,60,2022,,2021-11-16,강원특별자치도 원주시청,,2025-01-31
백경 태양광발전소,강원특별자치도 원주시 신림면 신림황둔로 39,,37.23297351,128.083195,,정상가동,99.76,380,60,2023,,2021-11-22,강원특별자치도 원주시청,,2025-01-31
봉선네5호 태양광발전소,강원특별자치도 원주시 소초면 치악로 2352-3,강원특별자치도 원주시 소초면 흥양리 1669-21,37.38444315,127.9771952,,정상가동,29.44,380,60,2021,,2021-11-24,강원특별자치도 원주시청,,2025-01-31
운일 태양광발전소,강원특별자치도 원주시 치악로 1334,강원특별자치도 원주시 관설동 640-1,37.306584,127.9774409,,폐기,29.44,380,60,2021,,2021-11-24,강원특별자치도 원주시청,,2025-01-31
HY에너지 1호,,강원특별자치도 원주시 부론면 단강리 1041,37.17373255,127.7960438,,정상가동,99.84,380,60,2022,,2021-12-10,강원특별자치도 원주시청,,2025-01-31
HY에너지 2호,,강원특별자치도 원주시 부론면 단강리 1041,37.17373255,127.7960438,,정상가동,99.84,380,60,2022,,2021-12-10,강원특별자치도 원주시청,,2025-01-31
HY에너지 3호,,강원특별자치도 원주시 부론면 단강리 1041,37.17373255,127.7960438,,정상가동,99.84,380,60,2022,,2021-12-10,강원특별자치도 원주시청,,2025-01-31
HY에너지 4호,,강원특별자치도 원주시 부론면 단강리 1041,37.17373255,127.7960438,,정상가동,29.12,380,60,2022,,2021-12-10,강원특별자치도 원주시청,,2025-01-31
명진1 태양광발전소,,강원특별자치도 원주시 소초면 수암리 1603,37.38540415,127.9653614,,정상가동,21.12,380,60,2022,,2021-12-16,강원특별자치도 원주시청,,2025-01-31
명진2 태양광발전소,,강원특별자치도 원주시 소초면 수암리 1603,37.38540415,127.9653614,,정상가동,29.76,380,60,2022,,2021-12-16,강원특별자치도 원주시청,,2025-01-31
명진3 태양광발전소,,강원특별자치도 원주시 소초면 수암리 1603-4,37.385654,127.965035,,정상가동,29.76,380,60,2022,,2021-12-16,강원특별자치도 원주시청,,2025-01-31
명진4 태양광발전소,,강원특별자치도 원주시 소초면 수암리 1603-4,37.385654,127.965035,,정상가동,29.76,380,60,2022,,2021-12-16,강원특별자치도 원주시청,,2025-01-31
동인 태양광발전소,강원특별자치도 원주시 우무개로 44-1,강원특별자치도 원주시 우산동 291-21,37.36541238,127.9363031,,정상가동,11.25,380,60,2022,,2021-12-17,강원특별자치도 원주시청,,2025-01-31
SC 1호 태양광발전소,강원특별자치도 원주시 부론면 법후로 213-57,,37.22353754,127.773419,,정상가동,99.76,380,60,2022,,2021-12-22,강원특별자치도 원주시청,,2025-01-31
SC 2호 태양광발전소,강원특별자치도 원주시 부론면 법후로 213-57,,37.22353754,127.773419,,정상가동,99.76,380,60,2022,,2021-12-22,강원특별자치도 원주시청,,2025-01-31
에스에스 태양광발전소,,강원특별자치도 원주시 봉산동 401,37.35422754,127.9777531,,정상가동,96.48,380,60,2022,,2021-12-28,강원특별자치도 원주시청,,2025-01-31
문용기 태양광발전소,강원특별자치도 원주시 판부면 용수골길 169,강원특별자치도 원주시 판부면 서곡리 1085-2,37.29733176,127.9384297,,정상가동,73.8,380,60,2022,,2022-01-03,강원특별자치도 원주시청,,2025-01-31
백암 태양광발전소,강원특별자치도 원주시 지정면 보통로 309,강원특별자치도 원주시 지정면 보통리 415-12,37.33832159,127.8676164,,정상가동,96.0,380,60,2022,,2022-01-05,강원특별자치도 원주시청,,2025-01-31
백암2호 태양광발전소,강원특별자치도 원주시 지정면 보통로 309,강원특별자치도 원주시 지정면 보통리 415-12,37.33832159,127.8676164,,정상가동,25.92,380,60,2022,,2022-01-05,강원특별자치도 원주시청,,2025-01-31
혜성 태양광발전소,강원특별자치도 원주시 지정면 보통로 319,강원특별자치도 원주시 지정면 보통리 409-3,37.33792959,127.8686082,,정상가동,72.0,380,60,2022,,2022-01-05,강원특별자치도 원주시청,,2025-01-31
(주)바이오프로테크,강원특별자치도 원주시 문막읍 동화공단로 151-3,강원특별자치도 원주시 문막읍 동화리 1654-7,37.33231825,127.8339309,,폐기,790.02,380,60,2022,,2022-01-10,강원특별자치도 원주시청,,2025-01-31
간현 태양광발전소,강원특별자치도 원주시 지정면 오얏길 37,강원특별자치도 원주시 지정면 간현리 280-3,37.33801509,127.8480943,,정상가동,99.84,380,60,2022,,2022-01-10,강원특별자치도 원주시청,,2025-01-31
원형규 태양광 1호,강원특별자치도 원주시 부론면 임경업길 8,강원특별자치도 원주시 부론면 손곡리 1376-5,37.22801227,127.7879022,,정상가동,92.16,380,60,2022,,2022-01-10,강원특별자치도 원주시청,,2025-01-31
미래자재산업1호 태양광발전소,강원특별자치도 원주시 소초면 평장두둑1길 25-19,강원특별자치도 원주시 소초면 평장리 612-14,37.41374033,128.0037068,,정상가동,29.76,380,60,2022,,2022-02-15,강원특별자치도 원주시청,,2025-01-31
미래자재산업2호 태양광발전소,강원특별자치도 원주시 소초면 평장두둑1길 25-19,강원특별자치도 원주시 소초면 평장리 612-14,37.41374033,128.0037068,,정상가동,29.76,380,60,2022,,2022-02-15,강원특별자치도 원주시청,,2025-01-31
삼일 태양광발전소,강원특별자치도 원주시 토지길 31-32,강원특별자치도 원주시 단구동 1639-2,37.32179119,127.9582597,,정상가동,16.15,380,60,2022,,2022-02-17,강원특별자치도 원주시청,,2025-01-31
이테크 태양광발전소,강원특별자치도 원주시 호저면 고논골길 18-31,강원특별자치도 원주시 호저면 매호리 873,37.40994849,127.8797352,,폐기,180.45,380,60,2022,,2022-02-21,강원특별자치도 원주시청,,2025-01-31
일심1호 태양광발전소,강원특별자치도 원주시 소초면 싱근솔길 158,강원특별자치도 원주시 소초면 수암리 175-3,37.39712072,128.0078014,,정상가동,92.02,380,60,2022,,2022-02-23,강원특별자치도 원주시청,,2025-01-31
용암 태양광발전소 1호,강원특별자치도 원주시 귀래면 용암동막길 43-33,강원특별자치도 원주시 귀래면 용암리 960,37.16081374,127.8316158,,정상가동,99.51,380,60,2023,,2022-02-28,강원특별자치도 원주시청,,2025-01-31
진성 태양광발전소,강원특별자치도 원주시 지정면 오얏길 25,강원특별자치도 원주시 지정면 간현리 273,37.33917393,127.8494169,,정상가동,99.84,380,60,2022,,2022-03-15,강원특별자치도 원주시청,,2025-01-31
진성2호 태양광발전소,강원특별자치도 원주시 지정면 오얏길 25,강원특별자치도 원주시 지정면 간현리 273,37.33917393,127.8494169,,정상가동,99.84,380,60,2022,,2022-03-15,강원특별자치도 원주시청,,2025-01-31
진성3호 태양광발전소,강원특별자치도 원주시 지정면 오얏길 25,강원특별자치도 원주시 지정면 간현리 273,37.33917393,127.8494169,,정상가동,99.84,380,60,2022,,2022-03-15,강원특별자치도 원주시청,,2025-01-31
태영 태양광발전소,강원특별자치도 원주시 지정면 오얏길 25,강원특별자치도 원주시 지정면 간현리 273,37.33917393,127.8494169,,정상가동,93.6,380,60,2022,,2022-03-15,강원특별자치도 원주시청,,2025-01-31
태영2호 태양광발전소,강원특별자치도 원주시 지정면 오얏길 25,강원특별자치도 원주시 지정면 간현리 273,37.33917393,127.8494169,,정상가동,70.56,380,60,2022,,2022-03-15,강원특별자치도 원주시청,,2025-01-31
그린2 태양광발전소,,강원특별자치도 원주시 지정면 보통리 345,37.34669954,127.8679103,,정상가동,99.0,380,60,2022,,2022-03-16,강원특별자치도 원주시청,,2025-01-31
건국스틸 태양광발전소,강원특별자치도 원주시 흥업면 팔포길 34,강원특별자치도 원주시 흥업면 사제리 1509,37.33700221,127.8776996,,정상가동,99.84,380,60,2022,,2022-03-25,강원특별자치도 원주시청,,2025-01-31
가람 태양광발전소,강원특별자치도 원주시 소초면 바우실길 77,강원특별자치도 원주시 소초면 수암리 491-3,37.39421812,127.9958264,,정상가동,29.58,380,60,2022,,2022-03-29,강원특별자치도 원주시청,,2025-01-31
기웅1호 태양광발전소,강원특별자치도 원주시 문막읍 견훤로 941-158,강원특별자치도 원주시 문막읍 후용리 1541,37.27252776,127.7880524,,정상가동,99.84,380,60,2022,,2022-03-31,강원특별자치도 원주시청,,2025-01-31
기웅2호 태양광발전소,강원특별자치도 원주시 문막읍 견훤로 941-158,강원특별자치도 원주시 문막읍 후용리 1541,37.27252776,127.7880524,,정상가동,99.84,380,60,2022,,2022-03-31,강원특별자치도 원주시청,,2025-01-31
오그대솔라 태양광발전소,,강원특별자치도 원주시 소초면 둔둔리 270-3,37.43443184,127.9897529,,정상가동,19.68,380,60,2022,,2022-04-01,강원특별자치도 원주시청,,2025-01-31
선 태양광발전소,강원특별자치도 원주시 소초면 치악로 2783-17,강원특별자치도 원주시 소초면 평장리 743-1,37.41757784,127.9990634,,정상가동,75.4,380,60,2022,,2022-04-08,강원특별자치도 원주시청,,2025-01-31
영운 태양광발전소,강원특별자치도 원주시 호저면 굴미실길 13,강원특별자치도 원주시 호저면 만종리 1089-3,37.35810864,127.8980167,,정상가동,58.2,380,60,2022,,2022-04-25,강원특별자치도 원주시청,,2025-01-31
지현1 태양광발전소,,강원특별자치도 원주시 호저면 대덕리 717,37.41995346,127.936138,,정상가동,99.91,380,60,2022,,2022-05-02,강원특별자치도 원주시청,,2025-01-31
지현2 태양광발전소,,강원특별자치도 원주시 호저면 대덕리 717,37.41995346,127.936138,,정상가동,49.47,380,60,2022,,2022-05-02,강원특별자치도 원주시청,,2025-01-31
단계동 태양광발전소,강원특별자치도 원주시 이화2길 47,강원특별자치도 원주시 단계동 923-1,37.33964746,127.9325304,,정상가동,19.4,380,60,2023,,2022-05-04,강원특별자치도 원주시청,,2025-01-31
수정1호 태양광발전소,강원특별자치도 원주시 모란1길 70,강원특별자치도 원주시 우산동 175,37.36175883,127.9332384,,폐기,83.04,380,60,2022,,2022-05-04,강원특별자치도 원주시청,,2025-01-31
수정2호 태양광발전소,강원특별자치도 원주시 모란1길 70,강원특별자치도 원주시 우산동 175,37.36175883,127.9332384,,폐기,83.04,380,60,2022,,2022-05-04,강원특별자치도 원주시청,,2025-01-31
이제테크 제3발전소,강원특별자치도 원주시 지정면 질마재로 29-19,강원특별자치도 원주시 지정면 보통리 173,37.34982954,127.8778043,,폐기,29.7,380,60,2022,,2022-05-04,강원특별자치도 원주시청,,2025-01-31
자민 제1발전소,강원특별자치도 원주시 지정면 질마재로 29-19,강원특별자치도 원주시 지정면 보통리 173,37.34982954,127.8778043,,폐기,29.7,380,60,2022,,2022-05-04,강원특별자치도 원주시청,,2025-01-31
자민 제2발전소,강원특별자치도 원주시 지정면 질마재로 29-19,강원특별자치도 원주시 지정면 보통리 173,37.34982954,127.8778043,,폐기,29.7,380,60,2022,,2022-05-04,강원특별자치도 원주시청,,2025-01-31
자민 제3발전소,강원특별자치도 원주시 지정면 질마재로 29-19,강원특별자치도 원주시 지정면 보통리 173,37.34982954,127.8778043,,폐기,29.7,380,60,2022,,2022-05-04,강원특별자치도 원주시청,,2025-01-31
삼한 태양광발전소,강원특별자치도 원주시 북원로 2509,강원특별자치도 원주시 우산동 85-27,37.36841821,127.9404797,,정상가동,21.84,380,60,2022,,2022-05-11,강원특별자치도 원주시청,,2025-01-31
용암 태양광발전소 2호,,강원특별자치도 원주시 귀래면 용암리 958-1,37.16039829,127.8326428,,정상가동,99.51,380,60,2023,,2022-05-11,강원특별자치도 원주시청,,2025-01-31
용암 태양광발전소 3호,,강원특별자치도 원주시 귀래면 용암리 958-1,37.16039829,127.8326428,,정상가동,99.51,380,60,2023,,2022-05-11,강원특별자치도 원주시청,,2025-01-31
용암 태양광발전소 4호,,강원특별자치도 원주시 귀래면 용암리 958-1,37.16039829,127.8326428,,정상가동,99.51,380,60,2023,,2022-05-11,강원특별자치도 원주시청,,2025-01-31
용암 태양광발전소 5호,강원특별자치도 원주시 귀래면 용암동막길 43-33,강원특별자치도 원주시 귀래면 용암리 960,37.16081374,127.8316158,,정상가동,99.51,380,60,2023,,2022-05-11,강원특별자치도 원주시청,,2025-01-31
용암 태양광발전소 6호,강원특별자치도 원주시 귀래면 용암동막길 43-33,강원특별자치도 원주시 귀래면 용암리 960,37.16081374,127.8316158,,정상가동,99.51,380,60,2023,,2022-05-11,강원특별자치도 원주시청,,2025-01-31
용암 태양광발전소 7호,강원특별자치도 원주시 귀래면 용암동막길 43-33,강원특별자치도 원주시 귀래면 용암리 960,37.16081374,127.8316158,,정상가동,99.51,380,60,2023,,2022-05-11,강원특별자치도 원주시청,,2025-01-31
용암 태양광발전소 8호,강원특별자치도 원주시 귀래면 용암동막길 43-33,강원특별자치도 원주시 귀래면 용암리 960,37.16081374,127.8316158,,정상가동,60.48,380,60,2023,,2022-05-11,강원특별자치도 원주시청,,2025-01-31
의덕 태양광발전소,,강원특별자치도 원주시 호저면 대덕리 731,37.41950223,127.9354781,,정상가동,82.94,380,60,2022,,2022-05-11,강원특별자치도 원주시청,,2025-01-31
갈렙발전소 1호,,강원특별자치도 원주시 신림면 황둔리 426-9,37.25691719,128.1875734,,정상가동,95.55,380,60,2022,,2022-05-20,강원특별자치도 원주시청,,2025-01-31
갈렙발전소 2호,,강원특별자치도 원주시 신림면 황둔리 426-9,37.25691719,128.1875734,,정상가동,95.55,380,60,2022,,2022-05-20,강원특별자치도 원주시청,,2025-01-31
클로버 태양광발전소,,강원특별자치도 원주시 소초면 장양리 187-5,37.4144344,127.9622841,,정상가동,84.24,380,60,2022,,2022-05-20,강원특별자치도 원주시청,,2025-01-31
들꽃사랑 태양광발전소,강원특별자치도 원주시 판부면 용수골길 80,강원특별자치도 원주시 판부면 서곡리 815-4,37.3040323,127.9344392,,정상가동,99.91,380,60,2022,,2022-06-02,강원특별자치도 원주시청,,2025-01-31
이제테크 제1발전소,강원특별자치도 원주시 지정면 질마재로 29-19,강원특별자치도 원주시 지정면 보통리 173,37.34982954,127.8778043,,폐기,29.7,380,60,2022,,2022-06-02,강원특별자치도 원주시청,,2025-01-31
이제테크 제2발전소,강원특별자치도 원주시 지정면 질마재로 29-19,강원특별자치도 원주시 지정면 보통리 173,37.34982954,127.8778043,,폐기,29.7,380,60,2022,,2022-06-02,강원특별자치도 원주시청,,2025-01-31
대성 태양광발전소,,강원특별자치도 원주시 호저면 무장리 14,37.4231381,127.9050796,,정상가동,99.76,380,60,2022,,2022-06-08,강원특별자치도 원주시청,,2025-01-31
한터1 태양광발전소,,강원특별자치도 원주시 호저면 대덕리 1026-4,37.41749402,127.9372122,,정상가동,99.91,380,60,2022,,2022-06-08,강원특별자치도 원주시청,,2025-01-31
한터2 태양광발전소,,강원특별자치도 원주시 호저면 대덕리 1026-4,37.41749402,127.9372122,,정상가동,99.91,380,60,2022,,2022-06-08,강원특별자치도 원주시청,,2025-01-31
한터3 태양광발전소,,강원특별자치도 원주시 호저면 대덕리 1026-4,37.41749402,127.9372122,,정상가동,99.91,380,60,2022,,2022-06-08,강원특별자치도 원주시청,,2025-01-31
중선 태양광발전소,강원특별자치도 원주시 신림면 방학동길 25-39,강원특별자치도 원주시 신림면 구학리 280-78,37.20644806,128.0656848,,정상가동,99.76,380,60,2022,,2022-06-20,강원특별자치도 원주시청,,2025-01-31
성진1 태양광발전소,강원특별자치도 원주시 지정면 간현웃말길 40,강원특별자치도 원주시 지정면 간현리 138-4,37.35270384,127.8523858,,정상가동,99.91,380,60,2022,,2022-06-28,강원특별자치도 원주시청,,2025-01-31
성진2 태양광발전소,강원특별자치도 원주시 지정면 간현웃말길 40,강원특별자치도 원주시 지정면 간현리 138-4,37.35270384,127.8523858,,정상가동,99.91,380,60,2022,,2022-06-28,강원특별자치도 원주시청,,2025-01-31
명송라이트 발전소,강원특별자치도 원주시 문막읍 대안로 225,강원특별자치도 원주시 문막읍 비두리 360,37.24875857,127.8591932,,정상가동,99.91,380,60,2022,,2022-07-07,강원특별자치도 원주시청,,2025-01-31
봉식 태양광발전소,,강원특별자치도 원주시 문막읍 건등리 371-8,37.32072613,127.8255634,,정상가동,92.64,380,60,2022,,2022-07-07,강원특별자치도 원주시청,,2025-01-31
한창4호발전소,강원특별자치도 원주시 문막읍 문막공단길 101,강원특별자치도 원주시 문막읍 반계리 2236-5,37.29218772,127.8055769,,정상가동,99.0,380,60,2023,,2022-07-11,강원특별자치도 원주시청,,2025-01-31
한창5호발전소,강원특별자치도 원주시 문막읍 문막공단길 101,강원특별자치도 원주시 문막읍 반계리 2236-5,37.29218772,127.8055769,,정상가동,99.0,380,60,2023,,2022-07-11,강원특별자치도 원주시청,,2025-01-31
한창6호발전소,강원특별자치도 원주시 문막읍 문막공단길 101,강원특별자치도 원주시 문막읍 반계리 2236-5,37.29218772,127.8055769,,정상가동,99.0,380,60,2023,,2022-07-11,강원특별자치도 원주시청,,2025-01-31
한창7호발전소,강원특별자치도 원주시 문막읍 문막공단길 101,강원특별자치도 원주시 문막읍 반계리 2236-5,37.29218772,127.8055769,,정상가동,99.0,380,60,2023,,2022-07-11,강원특별자치도 원주시청,,2025-01-31
관설 태양광발전소,강원특별자치도 원주시 판부신촌길 39-32,강원특별자치도 원주시 관설동 794-6,37.29984247,127.975067,,정상가동,99.71,380,60,2022,,2022-07-29,강원특별자치도 원주시청,,2025-01-31
박윤택발전소,,강원특별자치도 원주시 부론면 손곡리 1406-2,37.22928782,127.7869925,,정상가동,99.75,380,60,2022,,2022-08-03,강원특별자치도 원주시청,,2025-01-31
그린 태양광발전소,강원특별자치도 원주시 흥업면 복거리길 43,강원특별자치도 원주시 흥업면 사제리 774,37.31880042,127.8998637,,정상가동,88.5,380,60,2022,,2022-08-22,강원특별자치도 원주시청,,2025-01-31
복숭아 태양광발전소,강원특별자치도 원주시 저금어지길 402,강원특별자치도 원주시 가현동 488-1,37.38937156,127.9306916,,정상가동,156.6,380,60,2022,,2022-08-22,강원특별자치도 원주시청,,2025-01-31
둥지 태양광발전소,강원특별자치도 원주시 흥업면 한촌길 15-6,강원특별자치도 원주시 흥업면 매지리 1221-3,37.27121413,127.9075254,,정상가동,18.29,380,60,2023,,2022-08-25,강원특별자치도 원주시청,,2025-01-31
흥업젠 태양광발전소,강원특별자치도 원주시 흥업면 흥업신촌길 2,강원특별자치도 원주시 흥업면 흥업리 1395-3,37.31021048,127.9073476,,정상가동,49.56,380,60,2022,,2022-08-25,강원특별자치도 원주시청,,2025-01-31
나경에너지,강원특별자치도 원주시 귀래면 북원로 815-10,강원특별자치도 원주시 귀래면 귀래리 93-16,37.22728955,127.8945076,,정상가동,19.0,380,60,2022,,2022-08-26,강원특별자치도 원주시청,,2025-01-31
정고태양광,,강원특별자치도 원주시 귀래면 귀래리 1703,37.22530656,127.8532131,,정상가동,399.62,380,60,2023,,2022-09-01,강원특별자치도 원주시청,,2025-01-31
(MOREAJARI 1호 태양광발전소,,강원특별자치도 원주시 소초면 평장리 129,37.42560949,128.0068285,,정상가동,95.92,380,60,2022,,2022-09-05,강원특별자치도 원주시청,,2025-01-31
(MOREAJARI 2호 태양광발전소,,강원특별자치도 원주시 소초면 평장리 129,37.42560949,128.0068285,,정상가동,16.35,380,60,2022,,2022-09-05,강원특별자치도 원주시청,,2025-01-31
진형2 태양광발전소,강원특별자치도 원주시 관설안길 8,강원특별자치도 원주시 관설동 1748-5,37.31871683,127.9612771,,정상가동,23.01,380,60,2022,,2022-09-07,강원특별자치도 원주시청,,2025-01-31
문일1호 태양광발전소,,강원특별자치도 원주시 호저면 광격리 1018,37.45858488,127.9362303,,정상가동,99.19,380,60,2023,,2022-09-26,강원특별자치도 원주시청,,2025-01-31
문일2호 태양광발전소,,강원특별자치도 원주시 호저면 광격리 1018,37.45858488,127.9362303,,정상가동,44.69,380,60,2023,,2022-09-26,강원특별자치도 원주시청,,2025-01-31
취병에너지1호 태양광발전소,,강원특별자치도 원주시 문막읍 취병리 716-1,37.34082605,127.7896637,,정상가동,999.6,22900,60,2023,,2022-10-05,강원특별자치도 원주시청,,2025-01-31
취병에너지2호 태양광발전소,,강원특별자치도 원주시 문막읍 취병리 716,37.34003756,127.7900668,,정상가동,999.6,22900,60,2023,,2022-10-05,강원특별자치도 원주시청,,2025-01-31
취병에너지3호 태양광발전소,,"강원특별자치도 원주시 문막읍 취병리 716-7, 716-9, 717-1",37.33977276,127.7887736,,정상가동,999.6,22900,60,2023,,2022-10-05,강원특별자치도 원주시청,,2025-01-31
취병에너지4호 태양광발전소,,강원특별자치도 원주시 문막읍 취병리 716-14,37.33922731,127.7899929,,정상가동,499.31,380,60,2023,,2022-10-05,강원특별자치도 원주시청,,2025-01-31
수정3호 태양광발전소,강원특별자치도 원주시 모란1길 64,강원특별자치도 원주시 우산동 176-7,37.36174478,127.9337975,,폐기,59.5,380,60,2022,,2022-10-18,강원특별자치도 원주시청,,2025-01-31
마지 태양광발전소,강원특별자치도 원주시 신림면 치악로 58,강원특별자치도 원주시 신림면 신림리 514-21,37.23145886,128.0767386,,정상가동,29.5,380,60,2022,,2022-10-28,강원특별자치도 원주시청,,2025-01-31
배서 태양광발전소,강원특별자치도 원주시 신림면 언당길 21-52,강원특별자치도 원주시 신림면 신림리 132-2,37.23935443,128.0853354,,정상가동,19.47,380,60,2023,,2022-10-28,강원특별자치도 원주시청,,2025-01-31
문일3호 태양광발전소,,강원특별자치도 원주시 호저면 광격리 1018,37.45858488,127.9362303,,정상가동,58.86,380,60,2023,,2022-10-31,강원특별자치도 원주시청,,2025-01-31
제이씨 태양광발전소,강원특별자치도 원주시 판부면 내남송길 118,강원특별자치도 원주시 판부면 서곡리 140,37.30911769,127.9449754,,정상가동,58.58,380,60,2023,,2022-12-02,강원특별자치도 원주시청,,2025-01-31
하늘원2호 태양광발전소,강원특별자치도 원주시 흥업면 사제로 539,강원특별자치도 원주시 흥업면 사제리 107-1,37.33568632,127.8927239,,정상가동,99.71,380,60,2023,,2022-12-13,강원특별자치도 원주시청,,2025-01-31
스트리트 태양광발전소,,강원특별자치도 원주시 우산동 218-9,37.36553398,127.9329854,,정상가동,17.98,380,60,2023,,2022-12-21,강원특별자치도 원주시청,,2025-01-31
윌리치 태양광발전소,강원특별자치도 원주시 상지대길 58-38,강원특별자치도 원주시 우산동 120-1,37.3708319,127.9364126,,정상가동,17.4,380,60,2023,,2022-12-21,강원특별자치도 원주시청,,2025-01-31
하나 태양광발전소,,강원특별자치도 원주시 우산동 218-20,37.36529465,127.9330498,,정상가동,20.3,380,60,2023,,2022-12-21,강원특별자치도 원주시청,,2025-01-31
해테크원주6호 태양광발전소,강원특별자치도 원주시 소초면 백배미길 8,강원특별자치도 원주시 소초면 교항리 42,37.4409757,128.0412097,,정상가동,142.8,380,60,2023,,2023-01-02,강원특별자치도 원주시청,,2025-01-31
재숙 태양광발전소,강원특별자치도 원주시 삼광2길 40,강원특별자치도 원주시 봉산동 1200-1,37.3422171,127.9678869,,정상가동,15.15,380,60,2023,,2023-01-03,강원특별자치도 원주시청,,2025-01-31
수정1호태양광발전소,강원특별자치도 원주시 모란1길 70,강원특별자치도 원주시 우산동 175,37.36175883,127.9332384,,정상가동,76.44,380,60,2023,,2023-01-20,강원특별자치도 원주시청,,2025-01-31
수정2호태양광발전소,강원특별자치도 원주시 모란1길 70,강원특별자치도 원주시 우산동 175,37.36175883,127.9332384,,정상가동,89.18,380,60,2023,,2023-01-20,강원특별자치도 원주시청,,2025-01-31
수정3호태양광발전소,강원특별자치도 원주시 모란1길 70,강원특별자치도 원주시 우산동 175,37.36175883,127.9332384,,정상가동,70.07,380,60,2023,,2023-01-20,강원특별자치도 원주시청,,2025-01-31
원태식 태양광발전소,강원특별자치도 원주시 홍판서길 7-2,강원특별자치도 원주시 단구동 74-129,37.3235073,127.9659751,,정상가동,19.31,380,60,2023,,2023-02-06,강원특별자치도 원주시청,,2025-01-31
협성엔지니어링,,강원특별자치도 원주시 지정면 신평리 145,37.36839739,127.8987257,,정상가동,92.04,380,60,2023,,2023-02-13,강원특별자치도 원주시청,,2025-01-31
장현택 태양광발전소,강원특별자치도 원주시 문막읍 견훤로 856,강원특별자치도 원주시 문막읍 후용리 502-8,37.26628664,127.7981849,,정상가동,30.6,380,60,2023,,2023-02-14,강원특별자치도 원주시청,,2025-01-31
제이에스1호 태양광발전소,강원특별자치도 원주시 호저면 노월길 47,강원특별자치도 원주시 호저면 대덕리 1058-3,37.43294457,127.9382527,,폐기,99.5,380,60,2023,,2023-02-14,강원특별자치도 원주시청,,2025-01-31
제이에스2호 태양광발전소,강원특별자치도 원주시 호저면 노월길 47,강원특별자치도 원주시 호저면 대덕리 1058-3,37.43294457,127.9382527,,폐기,99.5,380,60,2023,,2023-02-14,강원특별자치도 원주시청,,2025-01-31
펜트하우스A발전소,강원특별자치도 원주시 부론면 모산길 15,강원특별자치도 원주시 부론면 노림리 8,37.26203426,127.7917737,,정상가동,14.28,220,60,2023,,2023-02-16,강원특별자치도 원주시청,,2025-01-31
포진2태양광발전소,,강원특별자치도 원주시 문막읍 포진리 68-1,37.28413977,127.8217503,,정상가동,28.38,380,60,2023,,2023-02-20,강원특별자치도 원주시청,,2025-01-31
영길3호 태양광발전소,강원특별자치도 원주시 호저면 칠봉로 230,강원특별자치도 원주시 호저면 무장리 108-1,37.41922273,127.9033339,,정상가동,80.0,380,60,2023,,2023-03-17,강원특별자치도 원주시청,,2025-01-31
태봉 태양광발전소,,강원특별자치도 원주시 호저면 대덕리 1058-1,37.43304727,127.9388843,,정상가동,99.96,380,60,2023,,2023-04-25,강원특별자치도 원주시청,,2025-01-31
