태양광발전시설명,소재지도로명주소,소재지지번주소,위도,경도,설치상세위치구분명,가동상태구분명,설비용량,공급전압,주파수,설치연도,세부용도,허가일자,허가기관,설치면적,데이터기준일자
다원2호 태양광발전소,경기도 김포시 통진읍 김포대로2385번길 67-167,경기도 김포시 통진읍 옹정리 58-43,37.6899300524045,126.585600909546,,정상가동,58.59,380,60,2022,,2024-12-23,,,2026-01-02
다원1호 태양광발전소,경기도 김포시 통진읍 김포대로2385번길 67-167,경기도 김포시 통진읍 옹정리 58-43,37.6899300524045,126.585600909546,,정상가동,57.96,380,60,2022,,2024-12-23,,,2026-01-02
올해세드,경기도 김포시 통진읍 월하로652번길 124,경기도 김포시 통진읍 동을산리 89-3,37.7048289664699,126.623881336293,,정상가동,50.4,380,60,2022,,2024-12-23,,,2026-01-02
세븐워터 2호 태양광발전소,경기도 김포시 대곶면 율생중앙로206번길 91,경기도 김포시 대곶면 송마리 3-38,37.664786909308,126.576404937471,,정상가동,58.59,380,60,2022,,2024-12-23,,,2026-01-02
세븐워터 1호 태양광발전소,경기도 김포시 대곶면 율생중앙로206번길 91,경기도 김포시 대곶면 송마리 3-38,37.664786909308,126.576404937471,,정상가동,58.59,380,60,2022,,2024-12-23,,,2026-01-02
에스엠디3호 발전소,경기도 김포시 양촌읍 황금산단2로 50,경기도 김포시 양촌읍 학운리 4116,37.6038482359221,126.602687883597,,정상가동,59.06,380,60,2022,,2024-12-20,,,2026-01-02
에스엠디2호 발전소,경기도 김포시 양촌읍 황금산단2로 50,경기도 김포시 양촌읍 학운리 4116,37.6038482359221,126.602687883597,,정상가동,89.54,380,60,2022,,2024-12-20,,,2026-01-02
에스엠디1호 발전소,경기도 김포시 양촌읍 황금산단2로 50,경기도 김포시 양촌읍 학운리 4116,37.6038482359221,126.602687883597,,정상가동,89.54,380,60,2022,,2024-12-20,,,2026-01-02
성산기업 태양광발전소,경기도 김포시 통진읍 김포대로2385번길 101-1,경기도 김포시 통진읍 옹정리 59-2,37.6932141315725,126.581276511711,,정상가동,91.98,380,60,2022,,2024-12-19,,,2026-01-02
비젼2호 태양광발전소,경기도 김포시 하성면 귀전로 190-2,경기도 김포시 하성면 원산리 80-4,37.7204129006443,126.617820614985,,정상가동,53.25,380,60,2022,,2024-12-19,,,2026-01-02
비젼1호 태양광발전소,경기도 김포시 하성면 귀전로 188-1,경기도 김포시 하성면 원산리 80-8,37.7207876118502,126.617348094554,,정상가동,99.4,380,60,2022,,2024-12-19,,,2026-01-02
율림금속 율림3호 태양광발전소,경기도 김포시 대곶면 대명항로403번길 109,경기도 김포시 대곶면 율생리 853,37.6454371038943,126.576131070455,,정상가동,99.7,380,60,2022,,2024-12-19,,,2026-01-02
율림금속 율림2호 태양광발전소,경기도 김포시 대곶면 대명항로403번길 109,경기도 김포시 대곶면 율생리 853,37.6454371038943,126.576131070455,,정상가동,99.7,380,60,2022,,2024-12-19,,,2026-01-02
율림금속 율림1호 태양광발전소,경기도 김포시 대곶면 대명항로403번길 109,경기도 김포시 대곶면 율생리 853,37.6454371038943,126.576131070455,,정상가동,99.06,380,60,2022,,2024-12-19,,,2026-01-02
YB테크2호 태양광발전소,경기도 김포시 통진읍 월하로 586-110,경기도 김포시 통진읍 귀전리 704,37.7065645262874,126.621102265157,,정상가동,50.4,380,60,2022,,2024-12-16,,,2026-01-02
제이엠워시존발전소,경기도 김포시 풍무로 131번길 9,경기도 김포시 풍무동 82-1,37.6075968079497,126.722247591035,,정상가동,32.13,380,60,2022,,2024-12-13,,,2026-01-02
아이하비 태양광발전소,경기도 김포시 통진읍 동을산로 128,경기도 김포시 통진읍 동을산리 378,37.7000691259075,126.623086580896,,정상가동,43.47,380,60,2022,,2024-12-13,,,2026-01-02
삼호 태양광발전소,경기도 김포시 양촌읍 삼도공단로63번길 47,경기도 김포시 양촌읍 학운리 448-219,37.6014864561866,126.59707207277,,정상가동,195.58,380,60,2022,,2024-12-13,,,2026-01-02
재윤전기 태양광발전소,,경기도 김포시 월곶면 개곡리 111,37.7370428313485,126.58465922338,,정상가동,249.56,380,60,2022,,2024-12-11,,,2026-01-02
버섯농장2호 발전소,경기도 김포시 통진읍 대서명로 73-1,경기도 김포시 통진읍 서암리 541-3,37.6983776607718,126.612665905884,,정상가동,18.9,380,60,2022,,2024-12-23,,,2026-01-02
버섯농장1호 발전소,경기도 김포시 통진읍 대서명로 73-3,경기도 김포시 통진읍 서암리 541,37.6986463374492,126.612476167182,,정상가동,98.28,380,60,2022,,2024-12-23,,,2026-01-02
대명발전소,경기도 김포시 월곶면 김포대로2918번길 49,경기도 김포시 월곶면 포내리 149-5,37.7228472384629,126.538900606915,,정상가동,69.58,380,60,2022,,2024-12-10,,,2026-01-02
디와이에너지 태양광발전소 1호,경기도 김포시 양촌읍 황금산단3로 85,경기도 김포시 양촌읍 학운리 4199,37.5987526429209,126.60109057911,,정상가동,360.0,380,60,2022,,2024-12-06,,,2026-01-02
민성이엘씨 태양광발전소,경기도 김포시 하성면 봉성로 143-2,경기도 김포시 하성면 봉성리 8-12,37.6988364405521,126.648078395205,,정상가동,76.68,380,60,2022,,2024-12-05,,,2026-01-02
중앙3호 태양광발전소,경기도 김포시 통진읍 월하로519번길 180,경기도 김포시 통진읍 귀전리 264-4,37.7181715705484,126.606754305869,,정상가동,158.75,380,60,2022,,2024-12-05,,,2026-01-02
엠제이3호 태양광발전소,경기도 김포시 대곶면 대곶서로166번길 52,경기도 김포시 대곶면 대벽리 200,37.6321461115923,126.577530352341,,정상가동,35.91,380,60,2022,,2024-12-04,,,2026-01-02
엠제이2호 태양광발전소,경기도 김포시 대곶면 대곶서로166번길 52,경기도 김포시 대곶면 대벽리 200,37.6321461115923,126.577530352341,,정상가동,98.28,380,60,2022,,2024-12-04,,,2026-01-02
엠제이1호 태양광발전소,경기도 김포시 대곶면 대곶서로166번길 52,경기도 김포시 대곶면 대벽리 200,37.6321461115923,126.577530352341,,정상가동,98.28,380,60,2022,,2024-12-04,,,2026-01-02
디티2호 태양광발전소,경기도 김포시 양촌읍 황금산단6로 16,경기도 김포시 양촌읍 학운리 4101,37.6038292337925,126.601567982609,,정상가동,98.28,380,60,2022,,2024-12-04,,,2026-01-02
넥스트에너지2호 태양광발전소,경기도 김포시 하성면 월하로778번길 72,경기도 김포시 하성면 마곡리 415-2,37.7081705803715,126.638310834051,,정상가동,34.65,380,60,2022,,2024-12-03,,,2026-01-02
넥스트에너지1호 태양광발전소,경기도 김포시 하성면 월하로778번길 72,경기도 김포시 하성면 마곡리 415-2,37.7081705803715,126.638310834051,,정상가동,82.53,380,60,2022,,2024-12-03,,,2026-01-02
더원2호 태양광발전소,경기도 김포시 대곶면 대곶로382번길 50,경기도 김포시 대곶면 석정리 232-45,37.6767925487198,126.555565568552,,정상가동,72.45,380,60,2022,,2024-12-02,,,2026-01-02
더원1호 태양광발전소,경기도 김포시 대곶면 대곶로382번길 50,경기도 김포시 대곶면 석정리 232-45,37.6767925487198,126.555565568552,,정상가동,93.87,380,60,2022,,2024-12-02,,,2026-01-02
청호2호 태양광발전소,경기도 김포시 양촌읍 황금산단6로 20,경기도 김포시 양촌읍 학운리 4102,37.6035827366602,126.601705078697,,정상가동,46.8,380,60,2022,,2024-11-29,,,2026-01-02
청호1호 태양광발전소,경기도 김포시 양촌읍 황금산단6로 20,경기도 김포시 양촌읍 학운리 4102,37.6035827366602,126.601705078697,,정상가동,97.2,380,60,2022,,2024-11-29,,,2026-01-02
김태균 태양광발전소,경기도 김포시 양촌읍 흥신로131번길 170,경기도 김포시 양촌읍 흥신리 363,37.6746907060094,126.611286909212,,정상가동,68.04,380,60,2022,,2024-11-28,,,2026-01-02
이티아이3호 발전소,경기도 김포시 양촌읍 황금산단5로 8,경기도 김포시 양촌읍 학운리 4079,37.6021095831558,126.599243662644,,정상가동,37.8,380,60,2022,,2024-11-27,,,2026-01-02
이티아이2호 발전소,경기도 김포시 양촌읍 황금산단5로 8,경기도 김포시 양촌읍 학운리 4079,37.6021095831558,126.599243662644,,정상가동,97.8,380,60,2022,,2024-11-27,,,2026-01-02
이티아이1호 발전소,경기도 김포시 양촌읍 황금산단5로 8,경기도 김포시 양촌읍 학운리 4079,37.6021095831558,126.599243662644,,정상가동,98.4,380,60,2022,,2024-11-27,,,2026-01-02
정도 태양광발전소,경기도 김포시 월곶면 애기봉로456번길 122,경기도 김포시 월곶면 개곡리 486-1,37.7263748794776,126.58833525227,,정상가동,94.5,380,60,2022,,2024-11-26,,,2026-01-02
푸드앤코디 태양광발전소,경기도 김포시 대곶면 학의동로34번길 50-2,경기도 김포시 대곶면 대명리 55-28,37.653751756259,126.557745324169,,정상가동,60.2,380,60,2022,,2024-11-25,,,2026-01-02
은혜2호 태양광발전소,경기도 김포시 하성면 월하로860번길 145,경기도 김포시 하성면 전류리 312-2,37.7015831078865,126.646320720896,,정상가동,71.88,380,60,2022,,2024-11-25,,,2026-01-02
현대산기2호 태양광발전소,경기도 김포시 대곶면 대곶서로256번길 11-52,경기도 김포시 대곶면 상마리 12,37.6410002184111,126.583665612846,,정상가동,276.57,380,60,2022,,2024-11-25,,,2026-01-02
현대산기1호 태양광발전소,경기도 김포시 대곶면 대곶서로256번길 11-39,경기도 김포시 대곶면 상마리 6,37.6416191098421,126.583183452989,,정상가동,150.57,380,60,2022,,2024-11-25,,,2026-01-02
대원세라믹스3호 발전소,경기도 김포시 금포로1491번길 52 (운양동),경기도 김포시 운양동 1209-5,37.6663768916171,126.672127410179,,정상가동,47.88,380,60,2022,,2024-11-25,,,2026-01-02
대원세라믹스2호 발전소,경기도 김포시 금포로1491번길 42 (운양동),경기도 김포시 운양동 1209-3,37.6661298355513,126.672740876917,,정상가동,54.81,380,60,2022,,2024-11-25,,,2026-01-02
대원세라믹스1호 발전소,경기도 김포시 금포로1491번길 42 (운양동),경기도 김포시 운양동 1209-3,37.6661298355513,126.672740876917,,정상가동,81.9,380,60,2022,,2024-11-25,,,2026-01-02
동평산업3호 발전소,경기도 김포시 하성면 석평로15번길 120,경기도 김포시 하성면 석탄리 326,37.7239502364457,126.638047865218,,정상가동,88.83,380,60,2022,,2024-11-21,,,2026-01-02
동평산업2호 발전소,경기도 김포시 하성면 석평로15번길 120,경기도 김포시 하성면 석탄리 326,37.7239502364457,126.638047865218,,정상가동,89.46,380,60,2022,,2024-11-21,,,2026-01-02
동평산업1호 발전소,경기도 김포시 하성면 석평로15번길 120,경기도 김포시 하성면 석탄리 326,37.7239502364457,126.638047865218,,정상가동,92.61,380,60,2022,,2024-11-21,,,2026-01-02
유빈2호 태양광발전소,경기도 김포시 통진읍 옹정로17번길 60-1,경기도 김포시 통진읍 옹정리 325-6,37.6825294642829,126.566942127021,,정상가동,35.5,380,60,2022,,2024-11-19,,,2026-01-02
유빈1호 태양광발전소,경기도 김포시 통진읍 옹정로17번길 60-1,경기도 김포시 통진읍 옹정리 325-6,37.6825294642829,126.566942127021,,정상가동,99.4,380,60,2022,,2024-11-19,,,2026-01-02
화신 태양광발전소,경기도 김포시 대곶면 상마신기로41번길 22,경기도 김포시 대곶면 상마리 305-7,37.6454805783113,126.572274917543,,정상가동,99.4,380,60,2022,,2024-11-19,,,2026-01-02
예서린2호 태양광발전소,경기도 김포시 대곶면 대곶로382번길 71,경기도 김포시 대곶면 석정리 238-1,37.6777491012286,126.556712146649,,정상가동,19.38,380,60,2022,,2024-11-19,,,2026-01-02
예서린1호 태양광발전소,경기도 김포시 대곶면 대곶로382번길 71,경기도 김포시 대곶면 석정리 238-1,37.6777491012286,126.556712146649,,정상가동,99.38,380,60,2022,,2024-11-19,,,2026-01-02
영진2호 태양광발전소,경기도 김포시 대곶면 대곶북로 205-10,경기도 김포시 대곶면 송마리 8-29,37.6646262103343,126.579790013962,,정상가동,69.58,380,60,2022,,2024-11-18,,,2026-01-02
영진1호 태양광발전소,경기도 김포시 대곶면 대곶북로 205-10,경기도 김포시 대곶면 송마리 8-29,37.6646262103343,126.579790013962,,정상가동,99.4,380,60,2022,,2024-11-18,,,2026-01-02
성산 태양광발전소,경기도 김포시 대곶면 율생중앙로206번길 15-86,경기도 김포시 대곶면 송마리 145-24,37.6671070717019,126.575094893477,,정상가동,90.88,380,60,2022,,2024-11-18,,,2026-01-02
신광3호 태양광발전소,경기도 김포시 하성면 월하로672번길 80,경기도 김포시 하성면 원산리 539-2,37.7050633381679,126.629468043019,,정상가동,20.16,380,60,2022,,2024-11-14,,,2026-01-02
신광2호 태양광발전소,경기도 김포시 하성면 월하로672번길 80,경기도 김포시 하성면 원산리 539-2,37.7050633381679,126.629468043019,,정상가동,98.28,380,60,2022,,2024-11-14,,,2026-01-02
신광1호 태양광발전소,경기도 김포시 하성면 월하로672번길 80,경기도 김포시 하성면 원산리 539-2,37.7050633381679,126.629468043019,,정상가동,98.28,380,60,2022,,2024-11-14,,,2026-01-02
와이비테크1호 태양광발전소,경기도 김포시 양촌읍 황금산단5로 12,경기도 김포시 양촌읍 학운리 4081,37.6017631084094,126.599628281783,,정상가동,99.54,380,60,2022,,2024-11-13,,,2026-01-02
민용 태양광발전소,경기도 김포시 하성면 오정동로 89,경기도 김포시 하성면 석탄리 305-6,37.7229242200547,126.649347931729,,정상가동,19.69,380,60,2022,,2024-11-12,,,2026-01-02
신아테크2호 태양광발전소,경기도 김포시 양촌읍 황금산단1로 41,경기도 김포시 양촌읍 학운리 4110,37.6055533208088,126.601610428074,,정상가동,28.98,380,60,2022,,2024-11-11,,,2026-01-02
신아테크1호 태양광발전소,경기도 김포시 양촌읍 황금산단1로 41,경기도 김포시 양촌읍 학운리 4110,37.6055533208088,126.601610428074,,정상가동,99.54,380,60,2022,,2024-11-11,,,2026-01-02
굿모닝구래리5호 발전소,경기도 김포시 양촌읍 봉수대로1825번길 133,경기도 김포시 양촌읍 구래리 804-36,37.6300204351142,126.622585999638,,정상가동,31.95,380,60,2022,,2024-11-11,,,2026-01-02
굿모닝구래리4호 발전소,경기도 김포시 양촌읍 봉수대로1825번길 137,경기도 김포시 양촌읍 구래리 804-24,37.6302977377262,126.622270228302,,정상가동,78.1,380,60,2022,,2024-11-11,,,2026-01-02
한덕강화유리 태양광발전소,경기도 김포시 하성면 월하로589번길 29,경기도 김포시 하성면 원산리 613,37.712480753092,126.621583399062,,정상가동,133.56,380,60,2022,,2024-11-07,,,2026-01-02
은지 태양광발전소,경기도 김포시 통진읍 동을산로 65-32,경기도 김포시 통진읍 동을산리 144-1,37.7050720683826,126.618837443426,,정상가동,34.38,380,60,2022,,2024-11-07,,,2026-01-02
월곶대성 발전소,경기도 김포시 월곶면 고척로 33-1,경기도 김포시 월곶면 갈산리 1,37.7180884521616,126.58004125624,,정상가동,99.4,380,60,2022,,2024-11-04,,,2026-01-02
성진3호 태양광발전소,,경기도 김포시 하성면 마조리 362-3,37.745886940779,126.626579752836,,정상가동,97.96,380,60,2022,,2024-11-04,,,2026-01-02
성진2호 태양광발전소,,경기도 김포시 하성면 마조리 361-3,37.7459971668553,126.626193881097,,정상가동,97.96,380,60,2022,,2024-11-04,,,2026-01-02
성진1호 태양광발전소,,경기도 김포시 하성면 마조리 361-3,37.7459971668553,126.626193881097,,정상가동,97.96,380,60,2022,,2024-11-04,,,2026-01-02
제이에스조립2호 발전소,경기도 김포시 통진읍 동을산로134번길 63,경기도 김포시 통진읍 동을산리 440,37.697826842394,126.625279760776,,정상가동,50.4,380,60,2022,,2024-11-01,,,2026-01-02
제이에스조립1호 발전소,경기도 김포시 통진읍 동을산로134번길 64-14,경기도 김포시 통진읍 동을산리 443-14,37.6976512918576,126.624134399464,,정상가동,82.53,380,60,2022,,2024-11-01,,,2026-01-02
일광4호 태양광발전소,경기도 김포시 통진읍 김포대로2473번길 69-7,경기도 김포시 통진읍 옹정리 86-6,37.6956389326548,126.574186950899,,정상가동,39.69,380,60,2022,,2024-10-30,,,2026-01-02
일광3호 태양광발전소,경기도 김포시 통진읍 김포대로2473번길 69-7,경기도 김포시 통진읍 옹정리 86-6,37.6956389326548,126.574186950899,,정상가동,98.28,380,60,2022,,2024-10-30,,,2026-01-02
일광2호 태양광발전소,경기도 김포시 통진읍 김포대로2473번길 69-15,경기도 김포시 통진읍 옹정리 86-5,37.6954412528721,126.57420996474,,정상가동,98.28,380,60,2022,,2024-10-30,,,2026-01-02
일광1호 태양광발전소,경기도 김포시 통진읍 김포대로2473번길 69-15,경기도 김포시 통진읍 옹정리 86-5,37.6954412528721,126.57420996474,,정상가동,98.28,380,60,2022,,2024-10-30,,,2026-01-02
성우기업2호 발전소,경기도 김포시 양촌읍 삼도공단로 22-25,경기도 김포시 양촌읍 학운리 1647-6,37.6040076274091,126.593195534983,,정상가동,15.12,380,60,2022,,2024-10-29,,,2026-01-02
성우기업1호 발전소,경기도 김포시 양촌읍 삼도공단로 22-25,경기도 김포시 양촌읍 학운리 1647-6,37.6040076274091,126.593195534983,,정상가동,98.28,380,60,2022,,2024-10-29,,,2026-01-02
문서 발전소,경기도 김포시 대곶면 천호로116번길 185-19,경기도 김포시 대곶면 대벽리 1088,37.6137181842169,126.571537684946,,정상가동,40.64,380,60,2022,,2024-10-28,,,2026-01-02
굿모닝양택 발전소,경기도 김포시 하성면 하성로 740-24,경기도 김포시 하성면 양택리 243-5,37.7377463972136,126.631253932092,,정상가동,97.98,380,60,2022,,2024-10-29,,,2026-01-02
이룸3호 태양광발전소,경기도 김포시 통진읍 대곶북로 370-18,경기도 김포시 통진읍 가현리 641-8,37.6786775588007,126.575422155691,,정상가동,99.54,380,60,2022,,2024-10-25,,,2026-01-02
이룸2호 태양광발전소,경기도 김포시 통진읍 대곶북로 370-18,경기도 김포시 통진읍 가현리 641-8,37.6786775588007,126.575422155691,,정상가동,99.54,380,60,2022,,2024-10-25,,,2026-01-02
이룸1호 태양광발전소,경기도 김포시 통진읍 대곶북로 370-18,경기도 김포시 통진읍 가현리 641-8,37.6786775588007,126.575422155691,,정상가동,99.54,380,60,2022,,2024-10-25,,,2026-01-02
탐진2호 태양광발전소,경기도 김포시 통진읍 검암2로15번길 27-17,경기도 김포시 통진읍 서암리 199-4,37.699633977887,126.594942514065,,정상가동,58.75,380,60,2022,,2024-10-25,,,2026-01-02
탐진1호 태양광발전소,경기도 김포시 통진읍 검암2로15번길 27-17,경기도 김포시 통진읍 서암리 199-4,37.699633977887,126.594942514065,,정상가동,60.0,380,60,2022,,2024-10-25,,,2026-01-02
신효2호 태양광발전소,경기도 김포시 대곶면 상마신기로41번길 18,경기도 김포시 대곶면 상마리 307,37.6451155266935,126.572778967306,,정상가동,99.4,380,60,2022,,2024-11-04,,,2026-01-02
신효1호 태양광발전소,경기도 김포시 대곶면 상마신기로41번길 16-1,경기도 김포시 대곶면 상마리 312-3,37.6450501719157,126.571924543381,,정상가동,97.27,380,60,2022,,2024-11-04,,,2026-01-02
유니맥스4호 태양광발전소,경기도 김포시 통진읍 서암고정로 68-3,경기도 김포시 통진읍 도사리 180-13,37.6896879210682,126.612046834362,,정상가동,98.28,380,60,2022,,2024-10-23,,,2026-01-02
유니맥스3호 태양광발전소,경기도 김포시 통진읍 서암고정로 68,경기도 김포시 통진읍 도사리 180-2,37.6905486001039,126.611083628852,,정상가동,90.72,380,64,2022,,2024-10-23,,,2026-01-02
유니맥스2호 태양광발전소,경기도 김포시 통진읍 검암2로 70,경기도 김포시 통진읍 서암리 153-2,37.7055746057798,126.598153781273,,정상가동,39.06,380,60,2022,,2024-10-23,,,2026-01-02
유니맥스1호 태양광발전소,경기도 김포시 통진읍 검암2로 70,경기도 김포시 통진읍 도사리 180-2,37.7055746057798,126.598153781273,,정상가동,98.28,380,60,2022,,2024-10-23,,,2026-01-02
비트 태양광발전소,경기도 김포시 대곶면 상마신기로 121,경기도 김포시 대곶면 상마리 65,37.6419788530042,126.577429352978,,정상가동,79.38,380,60,2022,,2024-10-21,,,2026-01-02
솔로몬4호 태양광발전소,경기도 김포시 대곶면 대곶남로 87-40,경기도 김포시 대곶면 대벽리 690-82,37.6082873878894,126.574691779873,,정상가동,99.54,380,60,2022,,2024-10-21,,,2026-01-02
솔로몬3호 태양광발전소,경기도 김포시 대곶면 대곶남로 87-40,경기도 김포시 대곶면 대벽리 690-82,37.6082873878894,126.574691779873,,정상가동,99.54,380,60,2022,,2024-10-21,,,2026-01-02
풍성 태양광발전소,경기도 김포시 하성면 봉성로159번길 38,경기도 김포시 하성면 봉성리 135-2,37.6963306232923,126.651555561775,,정상가동,99.54,380,60,2022,,2024-10-21,,,2026-01-02
충만 태양광발전소,경기도 김포시 하성면 오정동로 98,경기도 김포시 하성면 석탄리 252-4,37.7228317052762,126.650353898299,,정상가동,19.69,380,60,2022,,2024-10-18,,,2026-01-02
강산 태양광발전소,경기도 김포시 통진읍 애기봉로 640,경기도 김포시 통진읍 귀전리 35-7,37.7252174343205,126.610155134237,,정상가동,94.43,380,60,2022,,2024-10-16,,,2026-01-02
양촌2호 태양광발전소,경기도 김포시 하성면 원통로78번길 13,경기도 김포시 하성면 원산리 95-2,37.718996471596,126.618510459704,,정상가동,94.38,380,60,2022,,2024-10-16,,,2026-01-02
황금 태양광발전소,경기도 김포시 양촌읍 황금산단로 67,경기도 김포시 양촌읍 학운리 4157,37.6019586919574,126.602902449739,,정상가동,54.18,380,60,2022,,2024-10-16,,,2026-01-02
제이케이에너지5호 발전소,경기도 김포시 통진읍 애기봉로662번길 22-11,경기도 김포시 통진읍 귀전리 20-6,37.7233692143706,126.611800221962,,정상가동,97.65,380,60,2022,,2024-10-14,,,2026-01-02
제이케이에너지4호 발전소,경기도 김포시 통진읍 애기봉로662번길 22-11,경기도 김포시 통진읍 귀전리 20-6,37.7233692143706,126.611800221962,,정상가동,98.28,380,60,2022,,2024-10-14,,,2026-01-02
제이케이에너지3호 발전소,경기도 김포시 통진읍 애기봉로662번길 22-11,경기도 김포시 통진읍 귀전리 20-6,37.7233692143706,126.611800221962,,정상가동,98.28,380,60,2022,,2024-10-14,,,2026-01-02
제이케이에너지2호 발전소,경기도 김포시 통진읍 애기봉로662번길 24,경기도 김포시 통진읍 귀전리 20-1,37.7234150631928,126.612235091623,,정상가동,98.28,380,60,2022,,2024-10-14,,,2026-01-02
제이케이에너지1호 발전소,경기도 김포시 통진읍 애기봉로662번길 24,경기도 김포시 통진읍 귀전리 20-1,37.7234150631928,126.612235091623,,정상가동,98.28,380,60,2022,,2024-10-14,,,2026-01-02
합진2호 태양광발전소,경기도 김포시 하성면 마곡로72번길 50,경기도 김포시 하성면 마곡리 159-8,37.7143850248727,126.647807299101,,정상가동,32.2,380,60,2022,,2024-10-02,,,2026-01-02
합진1호 태양광발전소,경기도 김포시 하성면 마곡로72번길 50,경기도 김포시 하성면 마곡리 159-8,37.7143850248727,126.647807299101,,정상가동,99.4,380,60,2022,,2024-10-02,,,2026-01-02
가온산업2호 태양광발전소,경기도 김포시 대곶면 율생중앙로206번길 15-78,경기도 김포시 대곶면 송마리 150-1,37.6660785414837,126.574576104566,,정상가동,97.02,380,60,2022,,2024-10-02,,,2026-01-02
가온산업1호 태양광발전소,경기도 김포시 대곶면 율생중앙로206번길 15-78,경기도 김포시 대곶면 송마리 150-1,37.6660785414837,126.574576104566,,정상가동,98.28,380,60,2022,,2024-10-02,,,2026-01-02
동재 태양광발전소,경기도 김포시 통진읍 가현로85번길 99-77,경기도 김포시 통진읍 가현리 642-20,37.676758538182,126.582045181338,,정상가동,99.54,380,60,2022,,2024-10-02,,,2026-01-02
CTRE114호 태양광발전소,경기도 김포시 양촌읍 황금로23번길 130,경기도 김포시 양촌읍 학운리 3059,37.6141882407023,126.62847873465,,정상가동,180.0,380,60,2022,,2024-09-30,,,2026-01-02
은채2호 태양광발전소,경기도 김포시 하성면 석평로15번길 147-15,경기도 김포시 하성면 석탄리 503-11,37.725331778891,126.637226935824,,정상가동,42.84,380,60,2022,,2024-09-27,,,2026-01-02
은채1호 태양광발전소,경기도 김포시 하성면 석평로15번길 147-15,경기도 김포시 하성면 석탄리 503-11,37.725331778891,126.637226935824,,정상가동,98.28,380,60,2022,,2024-09-27,,,2026-01-02
비젼2호 태양광발전소,경기도 김포시 하성면 석평로15번길 147-50,경기도 김포시 하성면 석탄리 503-34,37.7248493958519,126.635676771638,,정상가동,32.13,380,60,2022,,2024-09-27,,,2026-01-02
비젼1호 태양광발전소,경기도 김포시 하성면 석평로15번길 147-54,경기도 김포시 하성면 석탄리 503-30,37.7251334907051,126.635013286358,,정상가동,73.08,380,60,2022,,2024-09-27,,,2026-01-02
월드산업 태양광발전소,경기도 김포시 통진읍 가현로 105,경기도 김포시 통진읍 가현리 675,37.6734375770934,126.58598656654,,정상가동,73.13,380,60,2022,,2024-09-19,,,2026-01-02
두일 태양광발전소,경기도 김포시 대곶면 쇄암로 175,경기도 김포시 대곶면 쇄암리 240-1,37.6820824579873,126.538382177455,,정상가동,171.99,380,60,2022,,2024-09-19,,,2026-01-02
YB테크 태양광발전소,경기도 김포시 통진읍 애기봉로523번길 82,경기도 김포시 통진읍 귀전리 121-1,37.7307843907967,126.601019862266,,정상가동,99.96,380,60,2022,,2024-09-11,,,2026-01-02
제이엔애이치 2호 태양광발전소,경기도 김포시 대곶면 대곶서로205번길 47-26,경기도 김포시 대곶면 상마리 193,37.6378781897045,126.577292376128,,정상가동,36.3,380,60,2022,,2024-09-10,,,2026-01-02
제이엔애이치 1호 태양광발전소,경기도 김포시 대곶면 대곶서로205번길 47-28,경기도 김포시 대곶면 상마리 193-1,37.6377535887926,126.577193040541,,정상가동,99.83,380,60,2022,,2024-09-10,,,2026-01-02
용무 태양광발전소,경기도 김포시 통진읍 귀전로 117,경기도 김포시 통진읍 귀전리 279-20,37.7207354811463,126.610944801024,,정상가동,18.9,220,60,2022,,2024-09-09,,,2026-01-02
예성일렉트릭 태양광발전소,경기도 김포시 양촌읍 황금산단4로 7,경기도 김포시 양촌읍 학운리 4142,37.6002076503624,126.601012488336,,정상가동,124.11,380,60,2022,,2024-09-06,,,2026-01-02
천연목재1호 태양광발전소,경기도 김포시 월곶면 고척로 45-19,경기도 김포시 월곶면 갈산리 5-7,37.7172890873884,126.580641101344,,정상가동,366.03,380,60,2022,,2024-09-06,,,2026-01-02
영3호 태양광발전소,경기도 김포시 대곶면 약암로 522-33,경기도 김포시 대곶면 대벽리 781,37.6064216181307,126.562074833687,,정상가동,31.5,380,60,2022,,2024-09-06,,,2026-01-02
영2호 태양광발전소,경기도 김포시 대곶면 약암로 522-33,경기도 김포시 대곶면 대벽리 781,37.6064216181307,126.562074833687,,정상가동,99.54,380,60,2022,,2024-09-06,,,2026-01-02
영1호 태양광발전소,경기도 김포시 대곶면 약암로 522-33,경기도 김포시 대곶면 대벽리 781,37.6064216181307,126.562074833687,,정상가동,99.54,380,60,2022,,2024-09-06,,,2026-01-02
수 태양광발전소,경기도 김포시 대곶면 약암로 522-33,경기도 김포시 대곶면 대벽리 781,37.6064216181307,126.562074833687,,정상가동,99.54,380,60,2022,,2024-09-06,,,2026-01-02
상 태양광발전소,경기도 김포시 대곶면 약암로 522-33,경기도 김포시 대곶면 대벽리 781,37.6064216181307,126.562074833687,,정상가동,99.54,380,60,2022,,2024-09-06,,,2026-01-02
인아플러스텍 태양광발전소,경기도 김포시 월곶면 고양로 140-73,경기도 김포시 월곶면 고양리 162-14,37.6973094241156,126.542809117026,,정상가동,59.4,380,60,2022,,2024-09-04,,,2026-01-02
엔아이테크 태양광발전소,경기도 김포시 통진읍 가현로 72-34,경기도 김포시 통진읍 가현리 808,37.6687560342681,126.583863790797,,정상가동,75.63,380,60,2022,,2024-09-04,,,2026-01-02
대덕2호 태양광발전소,경기도 김포시 월곶면 애기봉로275번길 77-1,경기도 김포시 월곶면 개곡리 882-7,37.7324174788599,126.571746957326,,정상가동,75.6,380,60,2022,,2024-09-03,,,2026-01-02
대덕1호 태양광발전소,경기도 김포시 월곶면 애기봉로275번길 77-1,경기도 김포시 월곶면 개곡리 882-7,37.7324174788599,126.571746957326,,정상가동,99.54,380,60,2022,,2024-09-03,,,2026-01-02
에이치테크3호 태양광발전소,경기도 김포시 하성면 하성로 644-15,경기도 김포시 하성면 양택리 382,37.7302397384292,126.629703817662,,정상가동,58.08,380,60,2022,,2024-09-03,,,2026-01-02
에이치테크2호 태양광발전소,경기도 김포시 하성면 하성로 644-21,경기도 김포시 하성면 양택리 295-4,37.7301418049971,126.630278415538,,정상가동,63.53,380,60,2022,,2024-09-03,,,2026-01-02
에이치테크1호 태양광발전소,경기도 김포시 하성면 하성로 644-21,경기도 김포시 하성면 양택리 295-4,37.7301418049971,126.630278415538,,정상가동,99.83,380,60,2022,,2024-09-03,,,2026-01-02
중산4 태양광발전소,경기도 김포시 통진읍 가현로85번길 151,경기도 김포시 통진읍 가현리 608,37.6757590552279,126.588105196687,,정상가동,63.0,380,60,2022,,2024-09-03,,,2026-01-02
중산3 태양광발전소,경기도 김포시 통진읍 가현로85번길 151,경기도 김포시 통진읍 가현리 608,37.6757590552279,126.588105196687,,정상가동,99.54,380,60,2022,,2024-09-03,,,2026-01-02
중산2 태양광발전소,경기도 김포시 통진읍 가현로85번길 151,경기도 김포시 통진읍 가현리 608,37.6757590552279,126.588105196687,,정상가동,99.54,380,60,2022,,2024-09-03,,,2026-01-02
중산1 태양광발전소,경기도 김포시 통진읍 가현로85번길 151,경기도 김포시 통진읍 가현리 608,37.6757590552279,126.588105196687,,정상가동,69.3,380,60,2022,,2024-09-03,,,2026-01-02
수공예산업,경기도 김포시 대곶면 대곶서로205번길 47,경기도 김포시 대곶면 상마리 186-1,37.6383142876715,126.577953492635,,정상가동,90.75,380,60,2022,,2024-08-28,,,2026-01-02
해인기공 태양광발전소,경기도 김포시 월곶면 옹정로244번길 70-12,경기도 김포시 월곶면 갈산리 477-65,37.7001396387845,126.563591359393,,정상가동,99.38,380,60,2022,,2024-08-28,,,2026-01-02
정우정밀 태양광발전소,경기도 김포시 하성면 애기봉로774번길 39-11,경기도 김포시 하성면 원산리 185-16,37.7184984893615,126.621917210452,,정상가동,90.0,380,60,2022,,2024-08-28,,,2026-01-02
KY산업2호 태양광발전소,경기도 김포시 대곶면 용두로15번길 68,경기도 김포시 대곶면 초원지리 324-1,37.6595346570855,126.599589774359,,정상가동,57.5,380,60,2022,,2024-08-28,,,2026-01-02
KY산업1호 태양광발전소,경기도 김포시 대곶면 용두로15번길 68,경기도 김포시 대곶면 초원지리 324-1,37.6595346570855,126.599589774359,,정상가동,57.5,380,60,2022,,2024-08-28,,,2026-01-02
움찬3호 태양광발전소,경기도 김포시 하성면 마곡로 138,경기도 김포시 하성면 석탄리 763-1,37.718938479293,126.648518102978,,정상가동,99.54,380,60,2022,,2024-08-27,,,2026-01-02
움찬2호 태양광발전소,경기도 김포시 하성면 마곡로 138,경기도 김포시 하성면 석탄리 763-1,37.718938479293,126.648518102978,,정상가동,99.54,380,60,2022,,2024-08-27,,,2026-01-02
움찬1호 태양광발전소,경기도 김포시 하성면 마곡로 138,경기도 김포시 하성면 석탄리 763-1,37.718938479293,126.648518102978,,정상가동,99.54,380,60,2022,,2024-08-27,,,2026-01-02
덕인테크2 발전소,경기도 김포시 양촌읍 황금로23번길 168,경기도 김포시 양촌읍 학운리 3052,37.6134177127237,126.626962951438,,정상가동,72.0,380,60,2022,,2024-08-27,,,2026-01-02
덕인테크1 발전소,경기도 김포시 양촌읍 황금로23번길 168,경기도 김포시 양촌읍 학운리 3052,37.6134177127237,126.626962951438,,정상가동,72.0,380,60,2022,,2024-08-27,,,2026-01-02
주식회사 대원이앤씨,경기도 김포시 고촌읍 평리길 130-13,경기도 김포시 고촌읍 전호리 609-2,37.5854005153733,126.778923325957,,정상가동,47.88,380,60,2022,,2024-08-27,,,2026-01-02
월드브리지7호 발전소,경기도 김포시 하성면 하성로 766,경기도 김포시 하성면 마조리 459,37.7406333160539,126.631269109682,,정상가동,94.5,380,60,2022,,2024-08-23,,,2026-01-02
월드브리지6호 발전소,경기도 김포시 하성면 하성로 766,경기도 김포시 하성면 마조리 459,37.7406333160539,126.631269109682,,정상가동,94.5,380,60,2022,,2024-08-23,,,2026-01-02
월드브리지5호 발전소,경기도 김포시 하성면 하성로 766,경기도 김포시 하성면 마조리 459,37.7406333160539,126.631269109682,,정상가동,94.5,380,60,2022,,2024-08-23,,,2026-01-02
월드브리지4호 발전소,경기도 김포시 하성면 하성로 766-1,경기도 김포시 하성면 마조리 459-26,37.7404927305387,126.631661336439,,정상가동,45.36,380,60,2022,,2024-08-23,,,2026-01-02
월드브리지3호 발전소,경기도 김포시 하성면 하성로 766-1,경기도 김포시 하성면 마조리 459-26,37.7404927305387,126.631661336439,,정상가동,98.28,380,60,2022,,2024-08-23,,,2026-01-02
월드브리지2호 발전소,경기도 김포시 하성면 하성로 766-1,경기도 김포시 하성면 마조리 459-26,37.7404927305387,126.631661336439,,정상가동,98.28,380,60,2022,,2024-08-23,,,2026-01-02
월드브리지1호 발전소,경기도 김포시 하성면 하성로 766-1,경기도 김포시 하성면 마조리 459-26,37.7404927305387,126.631661336439,,정상가동,98.28,380,60,2022,,2024-08-23,,,2026-01-02
주이 태양광발전소,경기도 김포시 통진읍 검암2로 103,경기도 김포시 통진읍 고정리 524-6,37.708922638938,126.596554148517,,정상가동,67.5,380,60,2022,,2024-08-21,,,2026-01-02
카이로스 태양광발전소,경기도 김포시 통진읍 애기봉로 548,경기도 김포시 통진읍 귀전리 169-25,37.7253903601393,126.599467234952,,정상가동,336.55,380,60,2022,,2024-08-20,,,2026-01-02
경성2 태양광발전소,경기도 김포시 대곶면 대곶서로185번길 53-36,경기도 김포시 대곶면 상마리 217-3,37.6366209068491,126.57514439071,,정상가동,40.0,380,60,2022,,2024-08-19,,,2026-01-02
경성1 태양광발전소,경기도 김포시 대곶면 대곶서로185번길 53-31,경기도 김포시 대곶면 상마리 204-2,37.6361099017559,126.575703577761,,정상가동,45.0,380,60,2022,,2024-08-19,,,2026-01-02
티에이치발전소,경기도 김포시 월곶면 대곶로484번길 4,경기도 김포시 월곶면 고양리 947,37.6863473766426,126.554831960953,,정상가동,74.4,380,60,2022,,2024-08-16,,,2026-01-02
서울레이져산업 태양광발전소,경기도 김포시 하성면 귀전로 187-1,경기도 김포시 하성면 원산리 14-25,37.7225521487919,126.617318146877,,정상가동,99.6,380,60,2022,,2024-08-12,,,2026-01-02
성도 태양광발전소,경기도 김포시 통진읍 김포대로2462번길 9,경기도 김포시 통진읍 옹정리 22,37.6984279631371,126.576234689229,,정상가동,60.48,380,60,2022,,2024-08-12,,,2026-01-02
청풍2호 발전소,경기도 김포시 양촌읍 황금산단3로 86,경기도 김포시 양촌읍 학운리 4149,37.5995422408081,126.600683344362,,정상가동,55.35,380,60,2022,,2024-08-12,,,2026-01-02
청풍1호 발전소,경기도 김포시 양촌읍 황금산단3로 86,경기도 김포시 양촌읍 학운리 4149,37.5995422408081,126.600683344362,,정상가동,99.63,380,60,2022,,2024-08-12,,,2026-01-02
성우피앤비 태양광발전소,경기도 김포시 월곶면 오리정로 21,경기도 김포시 월곶면 갈산리 536-52,37.6963221047525,126.555668078807,,정상가동,206.64,380,60,2022,,2024-08-12,,,2026-01-02
신영3호 태양광발전소,경기도 김포시 하성면 하성로 766-2,경기도 김포시 하성면 마조리 458,37.7400616791555,126.632315488099,,정상가동,51.66,380,60,2022,,2024-08-09,,,2026-01-02
신영2호 태양광발전소,경기도 김포시 하성면 하성로 766-2,경기도 김포시 하성면 마조리 458,37.7400616791555,126.632315488099,,정상가동,84.42,380,60,2022,,2024-08-09,,,2026-01-02
신영1호 태양광발전소,경기도 김포시 하성면 하성로 766-2,경기도 김포시 하성면 마조리 458,37.7400616791555,126.632315488099,,정상가동,99.54,380,60,2022,,2024-08-09,,,2026-01-02
성우에스피 2호 태양광발전소,경기도 김포시 월곶면 오리정로 21-1,경기도 김포시 월곶면 갈산리 536-4,37.6959092500712,126.554871627381,,정상가동,457.38,380,60,2022,,2024-08-08,,,2026-01-02
성우에스피 1호 태양광발전소,경기도 김포시 월곶면 오리정로 21-1,경기도 김포시 월곶면 갈산리 536-4,37.6959092500712,126.554871627381,,정상가동,224.91,380,60,2022,,2024-08-08,,,2026-01-02
미래3호 태양광발전소,경기도 김포시 통진읍 마송2로104번길 167-6,경기도 김포시 통진읍 마송리 426-4,37.6842870333706,126.591863356101,,정상가동,48.0,380,60,2022,,2024-08-07,,,2026-01-02
미래2호 태양광발전소,경기도 김포시 통진읍 마송2로104번길 167-8,경기도 김포시 통진읍 마송리 426-2,37.6844548045675,126.591528000191,,정상가동,96.0,380,60,2022,,2024-08-07,,,2026-01-02
미래1호 태양광발전소,경기도 김포시 통진읍 마송2로104번길 167-6,경기도 김포시 통진읍 마송리 426-4,37.6842870333706,126.591863356101,,정상가동,96.0,380,60,2022,,2024-08-07,,,2026-01-02
한원희2호 태양광발전소,경기도 김포시 통진읍 월하로 556-2,경기도 김포시 통진읍 귀전리 658-5,37.7112825710374,126.61684592134,,정상가동,84.0,380,60,2022,,2024-08-06,,,2026-01-02
한원희1호 태양광발전소,경기도 김포시 통진읍 월하로 556-1,경기도 김포시 통진읍 귀전리 658-3,37.7114842541664,126.61680473587,,정상가동,84.0,380,60,2022,,2024-08-06,,,2026-01-02
와이엔로지스 태양광발전소,경기도 김포시 대곶면 대곶서로 229-1,경기도 김포시 대곶면 상마리 90-3,37.6398042410611,126.57987343712,,정상가동,61.71,380,60,2022,,2024-08-05,,,2026-01-02
한솔7호 태양광발전소,,경기도 김포시 대곶면 약암리 1046,37.6182785978119,126.55656459958,,정상가동,99.54,380,60,2022,,2024-08-02,,,2026-01-02
한솔6호 태양광발전소,,경기도 김포시 대곶면 약암리 1046,37.6182785978119,126.55656459958,,정상가동,99.54,380,60,2022,,2024-08-02,,,2026-01-02
한솔5호 태양광발전소,,경기도 김포시 대곶면 약암리 1046,37.6182785978119,126.55656459958,,정상가동,99.54,380,60,2022,,2024-08-02,,,2026-01-02
한솔4호 태양광발전소,,경기도 김포시 대곶면 약암리 1046,37.6182785978119,126.55656459958,,정상가동,99.54,380,60,2022,,2024-08-02,,,2026-01-02
한솔3호 태양광발전소,,경기도 김포시 대곶면 약암리 1046,37.6182785978119,126.55656459958,,정상가동,99.54,380,60,2022,,2024-08-02,,,2026-01-02
한솔2호 태양광발전소,,경기도 김포시 대곶면 약암리 1046,37.6182785978119,126.55656459958,,정상가동,99.54,380,60,2022,,2024-08-02,,,2026-01-02
한솔1호 태양광발전소,,경기도 김포시 대곶면 약암리 1046,37.6182785978119,126.55656459958,,정상가동,99.54,380,60,2022,,2024-08-02,,,2026-01-02
비에이치 태양광발전소,경기도 김포시 대곶면 대곶북로 277,경기도 김포시 대곶면 송마리 1-67,37.6703648972714,126.576897689773,,정상가동,149.94,380,60,2022,,2024-08-02,,,2026-01-02
동아전기5차 태양광발전소,경기도 김포시 하성면 하성로 675,경기도 김포시 하성면 양택리 187-3,37.7326795576827,126.627445970457,,정상가동,38.12,380,60,2022,,2024-08-02,,,2026-01-02
동아전기4차 태양광발전소,경기도 김포시 하성면 하성로 675,경기도 김포시 하성면 양택리 187-3,37.7326795576827,126.627445970457,,정상가동,99.83,380,60,2022,,2024-08-02,,,2026-01-02
동아전기3차 태양광발전소,경기도 김포시 하성면 하성로 675,경기도 김포시 하성면 양택리 187-3,37.7326795576827,126.627445970457,,정상가동,99.83,380,60,2022,,2024-08-02,,,2026-01-02
동아전기2차 태양광발전소,경기도 김포시 하성면 하성로 675,경기도 김포시 하성면 양택리 187-3,37.7326795576827,126.627445970457,,정상가동,99.83,380,60,2022,,2024-08-02,,,2026-01-02
동아전기1차 태양광발전소,경기도 김포시 하성면 하성로 675,경기도 김포시 하성면 양택리 187-3,37.7326795576827,126.627445970457,,정상가동,99.83,380,60,2022,,2024-08-02,,,2026-01-02
굿모닝대능 발전소,경기도 김포시 대곶면 대곶남로512번길 55,경기도 김포시 대곶면 대능리 165,37.6336338702952,126.604259985732,,정상가동,58.38,380,60,2022,,2024-08-02,,,2026-01-02
썬3호 태양광발전소,경기도 김포시 통진읍 가현로85번길 7,경기도 김포시 통진읍 가현리 754-1,37.6726106257943,126.583953122674,,정상가동,84.38,380,60,2022,,2024-07-26,,,2026-01-02
썬2호 태양광발전소,경기도 김포시 통진읍 가현로85번길 7,경기도 김포시 통진읍 가현리 754-1,37.6726106257943,126.583953122674,,정상가동,91.25,380,60,2022,,2024-07-26,,,2026-01-02
썬1호 태양광발전소,경기도 김포시 통진읍 가현로85번길 76,경기도 김포시 통진읍 가현리 665,37.6751332703722,126.584799395199,,정상가동,83.75,380,60,2022,,2024-07-26,,,2026-01-02
동영4호 태양광발전소,경기도 김포시 월곶면 용강로 24,경기도 김포시 월곶면 고막리 417,37.721336186297,126.558446187712,,정상가동,94.24,380,60,2022,,2024-07-29,,,2026-01-02
동영3호 태양광발전소,경기도 김포시 월곶면 용강로 24,경기도 김포시 월곶면 고막리 417,37.721336186297,126.558446187712,,정상가동,94.24,380,60,2022,,2024-07-29,,,2026-01-02
설우테크 태양광발전소,경기도 김포시 하성면 후평로 50,경기도 김포시 하성면 후평리 550,37.7407299744959,126.636660771112,,정상가동,81.9,380,60,2022,,2024-07-26,,,2026-01-02
굿모닝화인2호 발전소,경기도 김포시 대곶면 대곶로 192,경기도 김포시 대곶면 송마리 401,37.6607503692822,126.556166911608,,정상가동,19.46,380,60,2022,,2024-07-24,,,2026-01-02
굿모닝화인1호 발전소,경기도 김포시 대곶면 대곶로 192,경기도 김포시 대곶면 송마리 401,37.6607503692822,126.556166911608,,정상가동,99.39,380,60,2022,,2024-07-24,,,2026-01-02
동아전기7차 태양광발전소,경기도 김포시 하성면 하성로 701,경기도 김포시 하성면 양택리 201-3,37.7350952061545,126.62858159593,,정상가동,39.93,380,60,2022,,2024-07-24,,,2026-01-02
동아전기6차 태양광발전소,경기도 김포시 하성면 하성로 701,경기도 김포시 하성면 양택리 201-3,37.7350952061545,126.62858159593,,정상가동,99.83,380,60,2022,,2024-07-24,,,2026-01-02
미클레인코리아 태양광발전소,경기도 김포시 하성면 석평로15번길 147-49,경기도 김포시 하성면 석탄리 503-27,37.724553776866,126.635556396287,,정상가동,71.82,380,60,2022,,2024-07-22,,,2026-01-02
호은3호 태양광발전소,경기도 김포시 하성면 하성로 873-95,경기도 김포시 하성면 마조리 325,37.749804781558,126.628433310697,,정상가동,91.25,380,60,2022,,2024-07-22,,,2026-01-02
호은2호 태양광발전소,경기도 김포시 하성면 하성로 873-95,경기도 김포시 하성면 마조리 325,37.749804781558,126.628433310697,,정상가동,91.25,380,60,2022,,2024-07-22,,,2026-01-02
호은1호 태양광발전소,경기도 김포시 하성면 하성로 873-95,경기도 김포시 하성면 마조리 325,37.749804781558,126.628433310697,,정상가동,91.25,380,60,2022,,2024-07-22,,,2026-01-02
굿모닝흥신 발전소,경기도 김포시 양촌읍 흥신로 247,경기도 김포시 양촌읍 흥신리 377-1,37.6787081446556,126.611012590123,,정상가동,55.6,380,60,2022,,2024-07-22,,,2026-01-02
솔라테크에너지 제이원썬컴 태양광발전소,경기도 김포시 월곶면 비석동로50번길 85,경기도 김포시 월곶면 갈산리 140-79,37.7061682675203,126.574705631282,,정상가동,116.76,380,60,2022,,2024-07-22,,,2026-01-02
창신 태양광발전소,경기도 김포시 대곶면 대곶북로 275,경기도 김포시 대곶면 송마리 1-79,37.6700797482146,126.577226879836,,정상가동,141.0,380,60,2022,,2024-07-22,,,2026-01-02
굿모닝갈산2호 발전소,경기도 김포시 월곶면 김포대로 2583,경기도 김포시 월곶면 갈산리 429-5,37.7046429984444,126.564457406354,,정상가동,17.38,380,60,2022,,2024-07-16,,,2026-01-02
굿모닝갈산1호 발전소,경기도 김포시 월곶면 김포대로 2583,경기도 김포시 월곶면 갈산리 429-5,37.7046429984444,126.564457406354,,정상가동,99.39,380,60,2022,,2024-07-16,,,2026-01-02
창대2호 태양광발전소,경기도 김포시 월곶면 고양로115번길 101,경기도 김포시 월곶면 고양리 17-4,37.6918187516911,126.55078324196,,정상가동,96.0,380,60,2022,,2024-07-16,,,2026-01-02
창대1호 태양광발전소,경기도 김포시 월곶면 고양로115번길 101,경기도 김포시 월곶면 고양리 17-4,37.6918187516911,126.55078324196,,정상가동,93.6,380,60,2022,,2024-07-16,,,2026-01-02
고상E.N.G. 태양광발전소,경기도 김포시 통진읍 절골로 104,경기도 김포시 통진읍 옹정리 270-4,37.6834327955839,126.58190219032,,정상가동,181.44,380,60,2022,,2024-07-16,,,2026-01-02
더글로리2호,경기도 김포시 금포로1491번길 104-16 (운양동),경기도 김포시 운양동 1209-71,37.6669443744298,126.670140976076,,정상가동,56.25,380,60,2022,,2024-07-16,,,2026-01-02
더글로리1호,경기도 김포시 금포로1491번길 104-18 (운양동),경기도 김포시 운양동 1209-8,37.6671092812648,126.670408867295,,정상가동,75.0,380,60,2022,,2024-07-16,,,2026-01-02
주만김포1호 태양광발전소,경기도 김포시 대곶면 송마로 129-45,경기도 김포시 대곶면 석정리 118-26,37.6695742650401,126.564147168298,,정상가동,99.38,380,60,2022,,2024-07-15,,,2026-01-02
토모2호 태양광발전소,경기도 김포시 양촌읍 대포산단로 19,경기도 김포시 양촌읍 대포리 467,37.6098269571883,126.62597506834,,정상가동,93.87,380,60,2022,,2024-07-08,,,2026-01-02
토모1호 태양광발전소,경기도 김포시 양촌읍 대포산단로 19,경기도 김포시 양촌읍 대포리 467,37.6098269571883,126.62597506834,,정상가동,99.54,380,60,2022,,2024-07-08,,,2026-01-02
강인3호 태양광발전소,경기도 김포시 대곶면 약암로 752-74,경기도 김포시 대곶면 약암리 1050,37.6194683044958,126.555787754373,,정상가동,99.54,380,60,2022,,2024-07-01,,,2026-01-02
강인2호 태양광발전소,경기도 김포시 대곶면 약암로 752-74,경기도 김포시 대곶면 약암리 1050,37.6194683044958,126.555787754373,,정상가동,99.54,380,60,2022,,2024-07-01,,,2026-01-02
강인1호 태양광발전소,경기도 김포시 대곶면 약암로 752-74,경기도 김포시 대곶면 약암리 1050,37.6194683044958,126.555787754373,,정상가동,99.54,380,60,2022,,2024-07-01,,,2026-01-02
자연2호 태양광발전소,경기도 김포시 대곶면 약산로 192,경기도 김포시 대곶면 약암리 904,37.6227730557014,126.575052622011,,정상가동,287.28,380,60,2022,,2024-07-01,,,2026-01-02
현대에코3호 태양광발전소,경기도 김포시 대곶면 대곶로 277-3,경기도 김포시 대곶면 석정리 490,37.6664554552488,126.552882099751,,정상가동,89.4,380,60,2022,,2024-06-28,,,2026-01-02
현대에코2호 태양광발전소,경기도 김포시 대곶면 대곶로 277-3,경기도 김포시 대곶면 석정리 490,37.6664554552488,126.552882099751,,정상가동,98.4,380,60,2022,,2024-06-28,,,2026-01-02
현대에코1호 태양광발전소,경기도 김포시 대곶면 대곶로 277-3,경기도 김포시 대곶면 석정리 490,37.6664554552488,126.552882099751,,정상가동,99.6,380,60,2022,,2024-06-28,,,2026-01-02
BMS 태양광발전소,경기도 김포시 하성면 석평로15번길 147-41,경기도 김포시 하성면 석탄리 503-31,37.7246485442627,126.636281088241,,정상가동,34.65,380,60,2022,,2024-06-28,,,2026-01-02
정연2호 태양광발전소,경기도 김포시 월곶면 애기봉로 263-6,경기도 김포시 월곶면 개곡리 812-48,37.7316669152096,126.572077647615,,정상가동,99.54,380,60,2022,,2024-06-28,,,2026-01-02
정연1호 태양광발전소,경기도 김포시 월곶면 애기봉로 263-6,경기도 김포시 월곶면 개곡리 812-48,37.7316669152096,126.572077647615,,정상가동,64.26,380,60,2022,,2024-06-28,,,2026-01-02
굿모닝모노3호 발전소,경기도 김포시 대곶면 학의동로 57,경기도 김포시 대곶면 대명리 97-2,37.6576726497151,126.558715269603,,정상가동,98.28,380,60,2022,,2024-06-27,,,2026-01-02
굿모닝모노2호 발전소,경기도 김포시 대곶면 학의동로 57,경기도 김포시 대곶면 대명리 97-2,37.6576726497151,126.558715269603,,정상가동,99.54,380,60,2022,,2024-06-27,,,2026-01-02
굿모닝모노1호 발전소,경기도 김포시 대곶면 학의동로 57,경기도 김포시 대곶면 대명리 97-2,37.6576726497151,126.558715269603,,정상가동,99.54,380,60,2022,,2024-06-27,,,2026-01-02
대청농장4호 태양광발전소,경기도 김포시 월곶면 애기봉로 432-62,경기도 김포시 월곶면 개곡리 1275,37.7312951166916,126.58819945279,,정상가동,98.28,380,60,2022,,2024-06-27,,,2026-01-02
대청농장3호 태양광발전소,경기도 김포시 월곶면 애기봉로 432-62,경기도 김포시 월곶면 개곡리 1275,37.7312951166916,126.58819945279,,정상가동,98.28,380,60,2022,,2024-06-27,,,2026-01-02
대청농장2호 태양광발전소,경기도 김포시 월곶면 애기봉로 432-62,경기도 김포시 월곶면 개곡리 1275,37.7312951166916,126.58819945279,,정상가동,98.28,380,60,2022,,2024-06-27,,,2026-01-02
대청농장1호 태양광발전소,경기도 김포시 월곶면 애기봉로 432-62,경기도 김포시 월곶면 개곡리 1275,37.7312951166916,126.58819945279,,정상가동,98.28,380,60,2022,,2024-06-27,,,2026-01-02
굿모닝하성2호 발전소,경기도 김포시 하성면 석평로 155,경기도 김포시 하성면 석탄리 324-4,37.7254696543155,126.649082412948,,정상가동,67.41,380,60,2022,,2024-06-27,,,2026-01-02
굿모닝하성1호 발전소,경기도 김포시 하성면 석평로 155,경기도 김포시 하성면 석탄리 324-4,37.7254696543155,126.649082412948,,정상가동,92.61,380,60,2022,,2024-06-27,,,2026-01-02
박종상 태양광발전소,경기도 김포시 월곶면 용강로 83,경기도 김포시 월곶면 고막리 283-6,37.7265153567679,126.558318682515,,정상가동,22.68,380,60,2022,,2024-06-27,,,2026-01-02
화성인테리어 태양광발전소,경기도 김포시 대곶면 대곶서로234번길 68-1,경기도 김포시 대곶면 상마리 15-11,37.6397207720843,126.584262707501,,정상가동,187.2,380,60,2022,,2024-06-25,,,2026-01-02
이레6 태양광발전소,경기도 김포시 하성면 하성로794번길 95,경기도 김포시 하성면 후평리 567-2,37.7392324391549,126.635596536643,,정상가동,81.42,380,60,2022,,2024-06-25,,,2026-01-02
이레5 태양광발전소,경기도 김포시 하성면 후평로 48-74,경기도 김포시 하성면 후평리 543-28,37.7400992282516,126.635470552182,,정상가동,93.84,380,60,2022,,2024-06-25,,,2026-01-02
마곡황금들녘 태양광발전소,경기도 김포시 하성면 동마동로 41,경기도 김포시 하성면 마곡리 232-4,37.7156671352701,126.64424677036,,정상가동,99.54,380,60,2022,,2024-06-25,,,2026-01-02
비엔에프코리아2호 발전소,경기도 김포시 양촌읍 대포산단1로 26,경기도 김포시 양촌읍 대포리 474,37.6113873383364,126.627731125432,,정상가동,99.54,380,60,2022,,2024-06-24,,,2026-01-02
비엔에프코리아1호 발전소,경기도 김포시 양촌읍 대포산단1로 26,경기도 김포시 양촌읍 대포리 474,37.6113873383364,126.627731125432,,정상가동,88.2,380,60,2022,,2024-06-24,,,2026-01-02
가림2호 태양광발전소,경기도 김포시 대곶면 율생중앙로206번길 15-65,경기도 김포시 대곶면 송마리 149,37.6660365379755,126.57402188375,,정상가동,86.88,380,60,2022,,2024-06-24,,,2026-01-02
가림1호 태양광발전소,경기도 김포시 대곶면 율생중앙로206번길 15-65,경기도 김포시 대곶면 송마리 149,37.6660365379755,126.57402188375,,정상가동,99.38,380,60,2022,,2024-06-24,,,2026-01-02
송원엔지니어링2호 태양광발전소,경기도 김포시 하성면 하사로 139,경기도 김포시 하성면 하사리 97-1,37.6996198144633,126.643750956149,,정상가동,12.1,380,60,2022,,2024-06-21,,,2026-01-02
송원엔지니어링1호 태양광발전소,경기도 김포시 하성면 하사로 139,경기도 김포시 하성면 하사리 97-1,37.6996198144633,126.643750956149,,정상가동,99.83,380,60,2022,,2024-06-21,,,2026-01-02
창우 태양광발전소,경기도 김포시 통진읍 월하로548번길 252,경기도 김포시 통진읍 동을산리 128-4,37.7047670496137,126.621509901,,정상가동,74.4,380,60,2022,,2024-06-18,,,2026-01-02
엘케이에프엔씨2태양광발전소,경기도 김포시 양촌읍 대포산단3로 15,경기도 김포시 양촌읍 대포리 461,37.6108551978963,126.625645891635,,정상가동,97.34,380,60,2022,,2024-06-17,,,2026-01-02
엘케이에프엔씨1태양광발전소,경기도 김포시 양촌읍 대포산단3로 15,경기도 김포시 양촌읍 대포리 461,37.6108551978963,126.625645891635,,정상가동,99.2,380,60,2022,,2024-06-17,,,2026-01-02
에스에이치태양광발전4호,경기도 김포시 양촌읍 황금로324번길 49,경기도 김포시 양촌읍 학운리 3687,37.6136079327777,126.598605240719,,정상가동,94.5,380,60,2022,,2024-06-17,,,2026-01-02
금화산업2호 발전소,경기도 김포시 대곶면 대곶로202번길 67-5,경기도 김포시 대곶면 송마리 372,37.6626803668988,126.558019896298,,정상가동,95.48,380,60,2022,,2024-06-14,,,2026-01-02
금화산업1호 발전소,경기도 김포시 대곶면 대곶로202번길 67-5,경기도 김포시 대곶면 송마리 372,37.6626803668988,126.558019896298,,정상가동,83.7,380,60,2022,,2024-06-14,,,2026-01-02
김포산단2 태양광발전소,경기도 김포시 대곶면 율생중앙로206번길 15-22,경기도 김포시 대곶면 송마리 139-4,37.6638501325294,126.574043898988,,정상가동,77.5,380,60,2022,,2024-06-14,,,2026-01-02
김포산단1 태양광발전소,경기도 김포시 대곶면 율생중앙로206번길 15-24,경기도 김포시 대곶면 송마리 143-1,37.6642148898683,126.57430532427,,정상가동,92.38,380,60,2022,,2024-06-14,,,2026-01-02
두일3호 태양광발전소,경기도 김포시 양촌읍 대곶남로 697-26,경기도 김포시 양촌읍 구래리 116,37.6471655112243,126.614992471553,,정상가동,49.77,380,60,2022,,2024-06-13,,,2026-01-02
좋은금속2호 태양광발전소,경기도 김포시 대곶면 학의동로34번길 192-22,경기도 김포시 대곶면 대명리 28-3,37.6507258728644,126.563271151909,,정상가동,84.38,380,60,2022,,2024-06-11,,,2026-01-02
좋은금속1호 태양광발전소,경기도 김포시 대곶면 학의동로34번길 192-22,경기도 김포시 대곶면 대명리 28-3,37.6507258728644,126.563271151909,,정상가동,99.96,380,60,2022,,2024-06-11,,,2026-01-02
온라인메탈 발전소,경기도 김포시 통진읍 가현로 217-6,경기도 김포시 통진읍 마송리 442,37.6822454286302,126.592488186932,,정상가동,84.38,380,60,2022,,2024-06-11,,,2026-01-02
윤아 태양광발전소,경기도 김포시 양촌읍 삼도공단로85번길 71,경기도 김포시 양촌읍 학운리 448-193,37.6000810507442,126.596952143741,,정상가동,87.42,380,60,2022,,2024-06-10,,,2026-01-02
황금발전소,경기도 김포시 양촌읍 황금2로 64,경기도 김포시 양촌읍 학운리 2718,37.6164141142611,126.613221956458,,정상가동,234.0,380,60,2022,,2024-05-30,,,2026-01-02
성진소프트 2호 태양광발전소,경기도 김포시 하성면 애기봉로774번길 100-11,경기도 김포시 하성면 원산리 168-4,37.7171441348107,126.618721729202,,정상가동,55.8,380,60,2022,,2024-05-29,,,2026-01-02
씨제이 신명1 태양광발전소,경기도 김포시 하성면 월하로 631-5,경기도 김포시 하성면 원산리 589-71,37.7112879030715,126.624015517442,,정상가동,207.27,380,60,2022,,2024-05-20,,,2026-01-02
미일4호 태양광발전소,경기도 김포시 대곶면 종생로 199-8,경기도 김포시 대곶면 대능리 27-1,37.6414989752104,126.605040847634,,정상가동,99.2,380,60,2022,,2024-05-17,,,2026-01-02
오아시스 발전소,경기도 김포시 통진읍 조강로 143,경기도 김포시 통진읍 마송리 163,37.6936094676905,126.590665741486,,정상가동,29.75,380,60,2022,,2024-05-10,,,2026-01-02
제이제이 태양광발전소,경기도 김포시 월곶면 고척로 29,경기도 김포시 월곶면 갈산리 2-9,37.7166424824474,126.580494468079,,정상가동,63.86,380,60,2022,,2024-05-10,,,2026-01-02
(주)애드텍 5 태양광발전소,경기도 김포시 대곶면 대곶북로305번길 108,경기도 김포시 대곶면 석정리 61-6,37.6717741961511,126.57170431212,,정상가동,56.27,380,60,2022,,2024-05-09,,,2026-01-02
현우 태양광발전소,,경기도 김포시 하성면 후평리 12-1,37.7516906204841,126.652699416918,,정상가동,499.56,380,60,2022,,2024-05-09,,,2026-01-02
계림엠스퀘어 태양광발전소,경기도 김포시 김포한강4로 507 (구래동),경기도 김포시 구래동 6880-2,37.6461192027491,126.627536774143,,정상가동,239.79,380,60,2022,,2024-05-09,,,2026-01-02
창호 태양광발전소,경기도 김포시 감암로 148 (걸포동),경기도 김포시 걸포동 503,37.6445229557591,126.710972089345,,정상가동,72.0,380,60,2022,,2024-05-01,,,2026-01-02
마린테크 태양광발전소,경기도 김포시 양촌읍 대곶남로580번길 55-11,경기도 김포시 양촌읍 유현리 302-6,37.6384310954663,126.610201517104,,정상가동,57.6,380,60,2022,,2024-04-30,,,2026-01-02
지오식품 태양광발전소,경기도 김포시 하성면 애기봉로774번길 22,경기도 김포시 하성면 원산리 122-2,37.7197627928957,126.621993923346,,정상가동,66.55,380,60,2022,,2024-04-26,,,2026-01-02
장안 태양광발전소,경기도 김포시 양촌읍 삼도공단로 22-38,경기도 김포시 양촌읍 학운리 1647,37.604437005134,126.592011919377,,정상가동,84.7,380,60,2022,,2024-04-26,,,2026-01-02
복태양광5호 발전소,,경기도 김포시 하성면 가금리 302-1,37.7356898951863,126.607142110764,,정상가동,99.0,380,60,2022,,2024-04-26,,,2026-01-02
복태양광4호 발전소,,경기도 김포시 하성면 가금리 301,37.7362496782655,126.607660216424,,정상가동,99.0,380,60,2022,,2024-04-26,,,2026-01-02
복태양광3호 발전소,,경기도 김포시 하성면 가금리 301,37.7362496782655,126.607660216424,,정상가동,99.0,380,60,2022,,2024-04-26,,,2026-01-02
복태양광2호 발전소,,경기도 김포시 하성면 가금리 301,37.7362496782655,126.607660216424,,정상가동,99.0,380,60,2022,,2024-04-26,,,2026-01-02
복태양광1호 발전소,,경기도 김포시 하성면 가금리 302-1,37.7356898951863,126.607142110764,,정상가동,99.0,380,60,2022,,2024-04-26,,,2026-01-02
이끌림 태양광발전소,경기도 김포시 대곶면 산자뫼로104번길 68,경기도 김포시 대곶면 송마리 782,37.6569505583382,126.565595509443,,정상가동,57.6,380,60,2022,,2024-04-22,,,2026-01-02
티맥스2호 태양광발전소,경기도 김포시 양촌읍 종생로 199-19,경기도 김포시 양촌읍 유현리 226-1,37.6428516508436,126.60526698126,,정상가동,27.23,380,60,2022,,2024-04-19,,,2026-01-02
티맥스1호 태양광발전소,경기도 김포시 양촌읍 종생로 199-19,경기도 김포시 양촌읍 유현리 226-1,37.6428516508436,126.60526698126,,정상가동,24.2,380,60,2022,,2024-04-19,,,2026-01-02
이엘에너지,경기도 김포시 대곶면 대곶로 38,경기도 김포시 대곶면 대명리 365-5,37.6491364244741,126.552230255324,,정상가동,71.4,380,60,2022,,2024-04-12,,,2026-01-02
스마트모빌리티 2,경기도 김포시 통진읍 월하로519번길 74,경기도 김포시 통진읍 귀전리 565-3,37.7148734315189,126.611082972791,,정상가동,54.12,380,60,2022,,2024-04-12,,,2026-01-02
스마트모빌리티 1,경기도 김포시 통진읍 월하로519번길 74-7,경기도 김포시 통진읍 귀전리 565-20,37.7152921959583,126.611518567237,,정상가동,92.25,380,60,2022,,2024-04-12,,,2026-01-02
모던디에스8호 태양광발전소,경기도 김포시 양촌읍 황금로273번길 17,경기도 김포시 양촌읍 학운리 3926,37.6108553843014,126.605889747252,,정상가동,99.02,380,60,2022,,2024-04-12,,,2026-01-02
모던디에스7호 태양광발전소,경기도 김포시 양촌읍 황금로273번길 17,경기도 김포시 양촌읍 학운리 3926,37.6108553843014,126.605889747252,,정상가동,99.02,380,60,2022,,2024-04-12,,,2026-01-02
모던디에스6호 태양광발전소,경기도 김포시 양촌읍 황금로273번길 17,경기도 김포시 양촌읍 학운리 3926,37.6108553843014,126.605889747252,,정상가동,94.71,380,60,2022,,2024-04-12,,,2026-01-02
모던디에스5호 태양광발전소,경기도 김포시 양촌읍 황금로257번길 16,경기도 김포시 양촌읍 학운리 3933,37.611153749399,126.60666069897,,정상가동,99.02,380,60,2022,,2024-04-12,,,2026-01-02
모던디에스4호 태양광발전소,경기도 김포시 양촌읍 황금로257번길 16,경기도 김포시 양촌읍 학운리 3933,37.611153749399,126.60666069897,,정상가동,99.02,380,60,2022,,2024-04-12,,,2026-01-02
모던디에스3호 태양광발전소,경기도 김포시 양촌읍 황금로257번길 20,경기도 김포시 양촌읍 학운리 3932,37.6107097637458,126.606585343444,,정상가동,84.87,380,60,2022,,2024-04-12,,,2026-01-02
모던디에스2호 태양광발전소,경기도 김포시 양촌읍 황금로257번길 20,경기도 김포시 양촌읍 학운리 3932,37.6107097637458,126.606585343444,,정상가동,84.87,380,60,2022,,2024-04-12,,,2026-01-02
모던디에스1호 태양광발전소,경기도 김포시 양촌읍 황금로257번길 20,경기도 김포시 양촌읍 학운리 3932,37.6107097637458,126.606585343444,,정상가동,84.87,380,60,2022,,2024-04-12,,,2026-01-02
와이제이산업 태양광발전소,경기도 김포시 대곶면 학의동로34번길 76,경기도 김포시 대곶면 대명리 52,37.6539912553162,126.559508438861,,정상가동,107.88,380,60,2022,,2024-04-11,,,2026-01-02
해듬4호 태양광발전소,경기도 김포시 대곶면 약암로 522-67,경기도 김포시 대곶면 대벽리 762,37.6067502756736,126.560590575132,,정상가동,98.6,380,60,2022,,2024-04-08,,,2026-01-02
해듬3호 태양광발전소,경기도 김포시 대곶면 약암로 522-67,경기도 김포시 대곶면 대벽리 762,37.6067502756736,126.560590575132,,정상가동,98.6,380,60,2022,,2024-04-08,,,2026-01-02
해듬2호 태양광발전소,경기도 김포시 대곶면 약암로 522-67,경기도 김포시 대곶면 대벽리 762,37.6067502756736,126.560590575132,,정상가동,98.6,380,60,2022,,2024-04-08,,,2026-01-02
해듬1호 태양광발전소,경기도 김포시 대곶면 약암로 522-67,경기도 김포시 대곶면 대벽리 762,37.6067502756736,126.560590575132,,정상가동,98.6,380,60,2022,,2024-04-08,,,2026-01-02
에이치엠테크 태양광발전소,경기도 김포시 통진읍 서암로254번길 56,경기도 김포시 통진읍 서암리 335-5,37.7022136288269,126.610422488274,,정상가동,36.9,380,60,2022,,2024-04-03,,,2026-01-02
POS8호 태양광발전소,경기도 김포시 대곶면 대곶로328번길 89-24,경기도 김포시 대곶면 석정리 169-53,37.6748213973724,126.561049696009,,정상가동,458.4,380,60,2022,,2024-04-02,,,2026-01-02
대명목형 태양광발전소,경기도 김포시 양촌읍 삼도공단로 64,경기도 김포시 양촌읍 학운리 448-379,37.6014755056082,126.594217745939,,정상가동,113.0,380,60,2022,,2024-04-02,,,2026-01-02
시원3호 태양광발전소,경기도 김포시 양촌읍 흥신로196번길 6-26,경기도 김포시 양촌읍 흥신리 251-7,37.6756285205562,126.617178856886,,정상가동,21.53,380,60,2022,,2024-03-29,,,2026-01-02
시원2호 태양광발전소,경기도 김포시 양촌읍 흥신로196번길 6-26,경기도 김포시 양촌읍 흥신리 251-7,37.6756285205562,126.617178856886,,정상가동,68.88,380,60,2022,,2024-03-29,,,2026-01-02
시원1호 태양광발전소,경기도 김포시 양촌읍 흥신로196번길 6-26,경기도 김포시 양촌읍 흥신리 251-7,37.6756285205562,126.617178856886,,정상가동,68.88,380,60,2022,,2024-03-29,,,2026-01-02
지은 태양광발전소,경기도 김포시 양촌읍 황금로257번길 60,경기도 김포시 양촌읍 학운리 3983,37.6077196897691,126.607186831456,,정상가동,99.96,380,60,2022,,2024-03-29,,,2026-01-02
엘엠2호 태양광발전소,경기도 김포시 통진읍 옹정로 60,경기도 김포시 통진읍 옹정리 321-1,37.6844744961801,126.569505412709,,정상가동,63.53,380,60,2022,,2024-03-28,,,2026-01-02
엠와이테크 1,경기도 김포시 대곶면 쇄암로117번길 47,경기도 김포시 대곶면 쇄암리 351-1,37.67628264265,126.540552828011,,정상가동,58.08,380,60,2022,,2024-03-28,,,2026-01-02
에스에스엠 태양광발전소,경기도 김포시 통진읍 귀전로 135-2,경기도 김포시 통진읍 귀전리 20-71,37.7222642101405,126.611126340208,,정상가동,97.17,380,60,2022,,2024-03-27,,,2026-01-02
대명리2 태양광발전소,경기도 김포시 대곶면 덕포진로61번길 131,경기도 김포시 대곶면 대명리 531,37.6440699445678,126.54120430879,,정상가동,19.8,380,60,2022,,2024-03-27,,,2026-01-02
햇살그린발전소 367호,경기도 김포시 양촌읍 황금로127번길 134,경기도 김포시 양촌읍 학운리 3030-1,37.6121128593062,126.621346409055,,정상가동,78.6,380,60,2022,,2024-03-27,,,2026-01-02
햇살그린발전소 366호,경기도 김포시 양촌읍 황금로127번길 134,경기도 김포시 양촌읍 학운리 3030-1,37.6121128593062,126.621346409055,,정상가동,52.4,380,60,2022,,2024-03-27,,,2026-01-02
햇살그린발전소 365호,경기도 김포시 양촌읍 황금로127번길 132,경기도 김포시 양촌읍 학운리 3030,37.6123401355628,126.621249099903,,정상가동,78.6,380,60,2022,,2024-03-27,,,2026-01-02
햇살그린발전소 364호,경기도 김포시 양촌읍 황금로127번길 132,경기도 김포시 양촌읍 학운리 3030,37.6123401355628,126.621249099903,,정상가동,52.4,380,60,2022,,2024-03-27,,,2026-01-02
락텍2호 태양광발전소,경기도 김포시 양촌읍 황금로258번길 35,경기도 김포시 양촌읍 학운리 3767,37.6140525900556,126.603113599464,,정상가동,34.65,380,60,2022,,2024-03-20,,,2026-01-02
락텍1호 태양광발전소,경기도 김포시 양촌읍 황금로258번길 35,경기도 김포시 양촌읍 학운리 3767,37.6140525900556,126.603113599464,,정상가동,99.63,380,60,2022,,2024-03-20,,,2026-01-02
하나6호 태양광발전소,경기도 김포시 양촌읍 유현삭시로247번길 5,경기도 김포시 양촌읍 유현리 479-2,37.6355824413188,126.613314879719,,정상가동,47.74,380,60,2022,,2024-03-20,,,2026-01-02
원일 태양광발전소,경기도 김포시 양촌읍 황금로258번길 15,경기도 김포시 양촌읍 학운리 3778,37.6138913096873,126.604991987131,,정상가동,82.89,380,60,2022,,2024-03-19,,,2026-01-02
비디케이3호 발전소,경기도 김포시 대곶면 대곶북로395번길 176,경기도 김포시 대곶면 석정리 93-3,37.6729376319982,126.566895634458,,정상가동,99.63,380,60,2022,,2024-03-18,,,2026-01-02
비디케이2호 발전소,경기도 김포시 대곶면 대곶북로395번길 176,경기도 김포시 대곶면 석정리 93-3,37.6729376319982,126.566895634458,,정상가동,99.63,380,60,2022,,2024-03-18,,,2026-01-02
비디케이1호 발전소,경기도 김포시 대곶면 대곶북로395번길 176-1,경기도 김포시 대곶면 석정리 93-5,37.6733243796721,126.566958336885,,정상가동,99.63,380,60,2022,,2024-03-18,,,2026-01-02
더블윈3호 태양광발전소,경기도 김포시 월곶면 대곶로484번길 42,경기도 김포시 월곶면 고양리 508,37.6849659088539,126.555665657311,,정상가동,52.08,380,60,2022,,2024-03-14,,,2026-01-02
더블윈2호 태양광발전소,경기도 김포시 월곶면 대곶로484번길 42,경기도 김포시 월곶면 고양리 508,37.6849659088539,126.555665657311,,정상가동,89.28,380,60,2022,,2024-03-14,,,2026-01-02
더블윈1호 태양광발전소,경기도 김포시 월곶면 대곶로484번길 30,경기도 김포시 월곶면 고양리 509,37.6850801013282,126.555532674279,,정상가동,87.42,380,60,2022,,2024-03-14,,,2026-01-02
글로벌에스티 2호 태양광발전소,경기도 김포시 양촌읍 흥신로196번길 6-32,경기도 김포시 양촌읍 흥신리 251-4,37.6757537570053,126.616402750552,,정상가동,78.6,380,60,2022,,2024-03-14,,,2026-01-02
글로벌에스티 1호 태양광발전소,경기도 김포시 양촌읍 흥신로196번길 6-32,경기도 김포시 양촌읍 흥신리 251-4,37.6757537570053,126.616402750552,,정상가동,99.6,380,60,2022,,2024-03-14,,,2026-01-02
감미옥 태양광발전소,경기도 김포시 양촌읍 황금로110번길 2,경기도 김포시 양촌읍 학운리 2773,37.6190798762845,126.621144572626,,정상가동,99.82,380,60,2022,,2024-03-11,,,2026-01-02
영대금속4호 태양광발전소,경기도 김포시 양촌읍 삼도공단로85번길 27-24,경기도 김포시 양촌읍 학운리 448-417,37.6005963811538,126.596573290382,,정상가동,57.6,380,60,2022,,2024-03-11,,,2026-01-02
영대금속3호 태양광발전소,경기도 김포시 양촌읍 삼도공단로85번길 27-24,경기도 김포시 양촌읍 학운리 448-417,37.6005963811538,126.596573290382,,정상가동,43.2,380,60,2022,,2024-03-11,,,2026-01-02
하나5호 태양광발전소,경기도 김포시 하성면 하성로 633-27,경기도 김포시 하성면 양택리 151-45,37.729257229047,126.626816300031,,정상가동,88.56,380,60,2022,,2024-03-11,,,2026-01-02
하나4호 태양광발전소,경기도 김포시 하성면 하성로 633-27,경기도 김포시 하성면 양택리 151-45,37.729257229047,126.626816300031,,정상가동,99.63,380,60,2022,,2024-03-11,,,2026-01-02
파워365 태양광발전소,경기도 김포시 대곶면 대곶북로 365,경기도 김포시 대곶면 석정리 46-6,37.6771785475235,126.575204437179,,정상가동,77.49,380,60,2022,,2024-03-08,,,2026-01-02
대명 태양광발전소,경기도 김포시 대곶면 대명항로 223-3,경기도 김포시 대곶면 율생리 358-3,37.652191813982,126.593799719754,,정상가동,19.8,380,60,2022,,2024-03-08,,,2026-01-02
경진 태양광발전소,경기도 김포시 양촌읍 황금로273번길 34,경기도 김포시 양촌읍 학운리 3990,37.6093906699561,126.606326144034,,정상가동,99.96,380,60,2022,,2024-03-08,,,2026-01-02
이레4 태양광발전소,,경기도 김포시 하성면 시암리 620,37.7615628971696,126.645760228701,,정상가동,35.96,380,60,2022,,2024-03-08,,,2026-01-02
굿모닝연호 발전소,경기도 김포시 양촌읍 황금로323번길 78,경기도 김포시 양촌읍 학운리 4005,37.6052970112461,126.60523618851,,정상가동,99.6,380,60,2022,,2024-03-08,,,2026-01-02
한성쇼케이스2호 태양광발전소,경기도 김포시 대곶면 대곶로484번길 190,경기도 김포시 대곶면 석정리 251-26,37.6841753224573,126.56030927029,,정상가동,96.56,380,60,2022,,2024-03-07,,,2026-01-02
레인보우 태양광발전소,경기도 김포시 월곶면 점동로 79-41,경기도 김포시 월곶면 갈산리 263-2,37.7181093079467,126.566144521954,,정상가동,93.06,380,60,2022,,2024-03-07,,,2026-01-02
SC2호 태양광발전소,경기도 김포시 통진읍 월하로548번길 23,경기도 김포시 통진읍 귀전리 660,37.7113355294236,126.616120055473,,정상가동,33.0,380,60,2022,,2024-03-06,,,2026-01-02
SC1호 태양광발전소,경기도 김포시 통진읍 월하로548번길 23,경기도 김포시 통진읍 귀전리 660,37.7113355294236,126.616120055473,,정상가동,99.0,380,60,2022,,2024-03-06,,,2026-01-02
지민한 태양광발전소,경기도 김포시 통진읍 서암로 207,경기도 김포시 통진읍 서암리 267-3,37.702357726981,126.604424804405,,정상가동,33.6,380,60,2022,,2024-03-06,,,2026-01-02
금성 태양광발전소,경기도 김포시 통진읍 검암2로15번길 27-17,경기도 김포시 통진읍 서암리 199-4,37.699633977887,126.594942514065,,정상가동,99.96,380,60,2022,,2024-03-05,,,2026-01-02
유성하이텍 태양광발전소,경기도 김포시 통진읍 동을산로 7,경기도 김포시 통진읍 귀전리 677-6,37.7076675354222,126.61447262089,,정상가동,67.2,380,60,2022,,2024-03-05,,,2026-01-02
공주6호 태양광발전소,경기도 김포시 대곶면 약산로 16-77,경기도 김포시 대곶면 약암리 1018,37.6197782061082,126.559841540479,,정상가동,99.38,380,60,2022,,2024-03-04,,,2026-01-02
삼진스틸 태양광발전소,경기도 김포시 양촌읍 황금로23번길 92,경기도 김포시 양촌읍 학운리 3064,37.6157560909828,126.629325058547,,정상가동,499.38,380,60,2022,,2024-03-04,,,2026-01-02
햇살그린발전소530호 태양광발전소,경기도 김포시 대곶면 대곶서로166번길 176,경기도 김포시 대곶면 약암리 147-1,37.6303743595319,126.575804499291,,정상가동,98.25,380,60,2022,,2024-02-28,,,2026-01-02
햇살그린발전소529호 태양광발전소,경기도 김포시 대곶면 대곶서로166번길 176,경기도 김포시 대곶면 약암리 147-1,37.6303743595319,126.575804499291,,정상가동,98.25,380,60,2022,,2024-02-28,,,2026-01-02
디원4호 태양광발전소,경기도 김포시 통진읍 고정로 232,경기도 김포시 통진읍 고정리 307-3,37.7224643940822,126.593992251942,,정상가동,23.8,380,60,2022,,2024-02-26,,,2026-01-02
디원3호 태양광발전소,경기도 김포시 통진읍 고정로 232,경기도 김포시 통진읍 고정리 307-3,37.7224643940822,126.593992251942,,정상가동,99.96,380,60,2022,,2024-02-26,,,2026-01-02
현토발전소2호,경기도 김포시 풍무로9번길 30 (풍무동),경기도 김포시 풍무동 597-2,37.5976556664342,126.719844406387,,정상가동,37.5,380,60,2022,,2024-02-26,,,2026-01-02
현토발전소1호,경기도 김포시 풍무로9번길 26 (풍무동),경기도 김포시 풍무동 597-1,37.5976003160146,126.720097698218,,정상가동,80.0,380,60,2022,,2024-02-26,,,2026-01-02
대성목형 태양광발전소,경기도 김포시 양촌읍 삼도공단로 66-1,경기도 김포시 양촌읍 학운리 448-395,37.6011179981233,126.593668766495,,정상가동,157.08,380,60,2022,,2024-02-26,,,2026-01-02
송주3호 태양광발전소,경기도 김포시 하성면 하성로794번길 58,경기도 김포시 하성면 후평리 543-36,37.7409286861715,126.634171514107,,정상가동,181.44,380,60,2022,,2024-02-26,,,2026-01-02
송주2호 태양광발전소,경기도 김포시 하성면 하성로794번길 57,경기도 김포시 하성면 후평리 543-35,37.7406920448707,126.634998852273,,정상가동,121.59,380,60,2022,,2024-02-26,,,2026-01-02
송주1호 태양광발전소,경기도 김포시 하성면 하성로794번길 66,경기도 김포시 하성면 후평리 543-8,37.7405931399739,126.633988689165,,정상가동,113.4,380,60,2022,,2024-02-26,,,2026-01-02
상원중전기2호 태양광발전소,경기도 김포시 하성면 원통로 83-15,경기도 김포시 하성면 원산리 33-10,37.7184936693985,126.615772350196,,정상가동,51.66,380,60,2022,,2024-02-21,,,2026-01-02
상원중전기1호 태양광발전소,경기도 김포시 하성면 원통로 83-15,경기도 김포시 하성면 원산리 33-10,37.7184936693985,126.615772350196,,정상가동,51.66,380,60,2022,,2024-02-21,,,2026-01-02
(주)씨케이아이 태양광발전소,경기도 김포시 월곶면 고척로 31,경기도 김포시 월곶면 갈산리 2-1,37.7169588812138,126.580336734512,,정상가동,43.56,380,60,2022,,2024-02-21,,,2026-01-02
두진하이테크 태양광발전소,경기도 김포시 통진읍 김포대로2053번길 124,경기도 김포시 통진읍 도사리 789-3,37.6795997947559,126.614594450845,,정상가동,299.51,380,60,2022,,2024-02-21,,,2026-01-02
일진휠타 태양광발전소,경기도 김포시 대곶면 대곶로66번길 50,경기도 김포시 대곶면 대명리 347-1,37.6506283236504,126.554054536362,,정상가동,60.0,380,60,2022,,2024-02-19,,,2026-01-02
햇살그린 발전소 517호,경기도 김포시 통진읍 고정로 283,경기도 김포시 통진읍 고정리 57-24,37.722867704236,126.599455298295,,정상가동,99.56,380,60,2022,,2024-02-13,,,2026-01-02
햇살그린 발전소 516호,경기도 김포시 대곶면 소래로41번길 66-39,경기도 김포시 대곶면 송마리 856-14,37.6550208251196,126.569397989383,,정상가동,78.6,380,60,2022,,2024-02-13,,,2026-01-02
혜원2호 태양광발전소,경기도 김포시 통진읍 율마로275번길 328-12,경기도 김포시 통진읍 가현리 350-1,37.6669901951552,126.587397445304,,정상가동,251.1,380,60,2022,,2024-02-13,,,2026-01-02
혜원1호 태양광발전소,,경기도 김포시 통진읍 가현리 861,37.6659787835295,126.585015419179,,정상가동,243.04,380,60,2022,,2024-02-13,,,2026-01-02
(주)애드텍 4 태양광발전소,경기도 김포시 대곶면 대곶북로305번길 108,경기도 김포시 대곶면 석정리 61-6,37.6717741961511,126.57170431212,,정상가동,70.79,380,60,2022,,2024-02-07,,,2026-01-02
(주)애드텍 3 태양광발전소,경기도 김포시 대곶면 대곶북로305번길 108,경기도 김포시 대곶면 석정리 61-6,37.6717741961511,126.57170431212,,정상가동,77.44,380,60,2022,,2024-02-07,,,2026-01-02
(주)애드텍 2 태양광발전소,경기도 김포시 대곶면 대곶북로305번길 108,경기도 김포시 대곶면 석정리 61-6,37.6717741961511,126.57170431212,,정상가동,99.83,380,60,2022,,2024-02-07,,,2026-01-02
(주)애드텍 1 태양광발전소,경기도 김포시 대곶면 대곶북로305번길 108,경기도 김포시 대곶면 석정리 61-6,37.6717741961511,126.57170431212,,정상가동,98.61,380,60,2022,,2024-02-07,,,2026-01-02
세미 태양광발전소,경기도 김포시 하성면 마근포로 67,경기도 김포시 하성면 마조리 327-3,37.7485614323987,126.626972296096,,정상가동,81.6,380,60,2022,,2024-02-06,,,2026-01-02
신성공업 태양광발전소,경기도 김포시 월곶면 군하로 125-7,경기도 김포시 월곶면 갈산리 518-31,37.7049838029435,126.55911554308,,정상가동,91.2,380,60,2022,,2024-02-06,,,2026-01-02
제이금속 태양광발전소,경기도 김포시 대곶면 삭시갈마로 142,경기도 김포시 대곶면 대능리 257-12,37.6276161317254,126.596545105666,,정상가동,131.61,380,60,2022,,2024-02-02,,,2026-01-02
태영이엔씨 2호 태양광발전소,경기도 김포시 대곶면 대곶로 44,경기도 김포시 대곶면 대명리 337-2,37.6489068525977,126.55149418523,,정상가동,14.4,380,60,2022,,2024-02-02,,,2026-01-02
태영이엔씨 태양광발전소,경기도 김포시 대곶면 대곶로 44,경기도 김포시 대곶면 대명리 337-2,37.6489068525977,126.55149418523,,정상가동,54.6,380,60,2022,,2024-02-02,,,2026-01-02
은혜 태양광발전소,경기도 김포시 하성면 하성로 546,경기도 김포시 하성면 석탄리 497,37.7230263841805,126.633006095425,,정상가동,90.0,380,60,2022,,2024-01-31,,,2026-01-02
티엘에스 태양광발전소,경기도 김포시 통진읍 서암로183번길 99,경기도 김포시 통진읍 서암리 235-23,37.7025294710063,126.599201216449,,정상가동,66.64,380,60,2022,,2024-01-30,,,2026-01-02
동양기계3호 태양광발전소,경기도 김포시 통진읍 김포대로2435번길 112-76,경기도 김포시 통진읍 옹정리 190-14,37.6932149415607,126.57201583588,,정상가동,91.04,380,60,2022,,2024-01-29,,,2026-01-02
동양기계2호 태양광발전소,경기도 김포시 통진읍 김포대로2435번길 112-76,경기도 김포시 통진읍 옹정리 190-14,37.6932149415607,126.57201583588,,정상가동,91.04,380,60,2022,,2024-01-29,,,2026-01-02
동양기계1호 태양광발전소,경기도 김포시 통진읍 김포대로2435번길 112-76,경기도 김포시 통진읍 옹정리 190-14,37.6932149415607,126.57201583588,,정상가동,42.84,380,60,2022,,2024-01-29,,,2026-01-02
태진 발전소,경기도 김포시 대곶면 쇄암로89번길 97-11,경기도 김포시 대곶면 쇄암리 341-6,37.6722736050225,126.541993624005,,정상가동,29.04,380,60,2022,,2024-01-25,,,2026-01-02
원복4호 태양광발전소,경기도 김포시 대곶면 대곶남로 53-130,경기도 김포시 대곶면 대벽리 879,37.6065128118114,126.569449128887,,정상가동,99.2,380,60,2022,,2024-01-25,,,2026-01-02
원복3호 태양광발전소,경기도 김포시 대곶면 대곶남로 53-130,경기도 김포시 대곶면 대벽리 879,37.6065128118114,126.569449128887,,정상가동,99.2,380,60,2022,,2024-01-25,,,2026-01-02
원복2호 태양광발전소,경기도 김포시 대곶면 대곶남로 53-130,경기도 김포시 대곶면 대벽리 879,37.6065128118114,126.569449128887,,정상가동,99.2,380,60,2022,,2024-01-25,,,2026-01-02
원복1호 태양광발전소,경기도 김포시 대곶면 대곶남로 53-130,경기도 김포시 대곶면 대벽리 879,37.6065128118114,126.569449128887,,정상가동,99.2,380,60,2022,,2024-01-25,,,2026-01-02
태현 태양광발전소,경기도 김포시 하성면 하성로 734-31,경기도 김포시 하성면 양택리 242-12,37.7374573988862,126.632360021035,,정상가동,99.96,380,60,2022,,2024-01-22,,,2026-01-02
삼보메탈 태양광발전소,경기도 김포시 월곶면 고양로115번길 91-100,경기도 김포시 월곶면 고양리 17-27,37.6929558357468,126.552173011089,,정상가동,74.38,380,60,2022,,2024-01-22,,,2026-01-02
태산 태양광발전소,경기도 김포시 하성면 원산로 28,경기도 김포시 하성면 원산리 615,37.7132602812035,126.621418162328,,정상가동,70.2,380,60,2022,,2024-01-22,,,2026-01-02
굿모닝양촌5호 발전소,경기도 김포시 양촌읍 황금로127번길 128,경기도 김포시 양촌읍 학운리 3029,37.6126673199479,126.621232603554,,정상가동,78.0,380,60,2022,,2024-01-22,,,2026-01-02
굿모닝양촌4호 발전소,경기도 김포시 양촌읍 황금로127번길 128,경기도 김포시 양촌읍 학운리 3029,37.6126673199479,126.621232603554,,정상가동,98.4,380,60,2022,,2024-01-22,,,2026-01-02
굿모닝양촌3호 발전소,경기도 김포시 양촌읍 황금로127번길 128,경기도 김포시 양촌읍 학운리 3029,37.6126673199479,126.621232603554,,정상가동,99.6,380,60,2022,,2024-01-22,,,2026-01-02
굿모닝양촌2호 발전소,경기도 김포시 양촌읍 황금로127번길 128,경기도 김포시 양촌읍 학운리 3029,37.6126673199479,126.621232603554,,정상가동,99.6,380,60,2022,,2024-01-22,,,2026-01-02
굿모닝양촌1호 발전소,경기도 김포시 양촌읍 황금로127번길 128,경기도 김포시 양촌읍 학운리 3029,37.6126673199479,126.621232603554,,정상가동,98.4,380,60,2022,,2024-01-22,,,2026-01-02
애기봉 태양광발전소,경기도 김포시 월곶면 애기봉로 398-10,경기도 김포시 월곶면 개곡리 166,37.733853368914,126.587621923346,,정상가동,51.43,380,60,2022,,2024-01-19,,,2026-01-02
지수 태양광발전소,경기도 김포시 대곶면 종생로50번길 75-10,경기도 김포시 대곶면 율생리 257-5,37.6462906342328,126.590268702942,,정상가동,92.4,380,60,2022,,2024-01-18,,,2026-01-02
명성목형 태양광발전소,경기도 김포시 대곶면 대곶서로256번길 11-19,경기도 김포시 대곶면 상마리 22-6,37.6415510775907,126.582391278055,,정상가동,63.67,380,60,2022,,2024-01-18,,,2026-01-02
영란 태양광발전소,경기도 김포시 통진읍 김포대로1976번길 94,경기도 김포시 통진읍 수참리 209-2,37.6801188479523,126.627493477716,,정상가동,74.9,380,60,2022,,2024-01-18,,,2026-01-02
김포월곶7호 태양광발전소,경기도 김포시 월곶면 고양로115번길 91-72,경기도 김포시 월곶면 고양리 17-17,37.6920663107547,126.553789827641,,정상가동,52.8,380,60,2022,,2024-01-17,,,2026-01-02
김포월곶6호 태양광발전소,경기도 김포시 월곶면 고양로115번길 91-76,경기도 김포시 월곶면 고양리 17-22,37.6921434386013,126.554291411716,,정상가동,99.0,380,60,2022,,2024-01-17,,,2026-01-02
김포월곶5호 태양광발전소,경기도 김포시 월곶면 고양로115번길 159-64,경기도 김포시 월곶면 고양리 23-3,37.6918443480097,126.55358514722,,정상가동,92.4,380,60,2022,,2024-01-17,,,2026-01-02
김포월곶4호 태양광발전소,경기도 김포시 월곶면 고양로115번길 159-64,경기도 김포시 월곶면 고양리 23-3,37.6918443480097,126.55358514722,,정상가동,92.4,380,60,2022,,2024-01-17,,,2026-01-02
김포월곶3호 태양광발전소,경기도 김포시 월곶면 고양로115번길 159-64,경기도 김포시 월곶면 고양리 23-3,37.6918443480097,126.55358514722,,정상가동,92.4,380,60,2022,,2024-01-17,,,2026-01-02
김포월곶2호 태양광발전소,경기도 김포시 월곶면 고양로115번길 159-64,경기도 김포시 월곶면 고양리 23-3,37.6918443480097,126.55358514722,,정상가동,92.4,380,60,2022,,2024-01-17,,,2026-01-02
김포월곶1호 태양광발전소,경기도 김포시 월곶면 고양로115번길 159-64,경기도 김포시 월곶면 고양리 23-3,37.6918443480097,126.55358514722,,정상가동,92.4,380,60,2022,,2024-01-17,,,2026-01-02
하봉태양광1호 발전소,경기도 김포시 고촌읍 선수로 153,경기도 김포시 고촌읍 태리 595-14,37.5950242367365,126.738291199372,,정상가동,62.48,380,60,2022,,2024-01-16,,,2026-01-02
씨앤에이치 태양광발전소,경기도 김포시 통진읍 가현로 53-7,경기도 김포시 통진읍 가현리 770-15,37.6706600178328,126.581762354379,,정상가동,99.83,380,60,2022,,2024-01-11,,,2026-01-02
진성플라텍 태양광발전소,경기도 김포시 통진읍 고정1로82번길 30-37,경기도 김포시 통진읍 고정리 30,37.7193706254183,126.600550952668,,정상가동,87.0,380,60,2022,,2024-01-11,,,2026-01-02
햇살그린발전소402호 태양광발전소,경기도 김포시 대곶면 대곶서로256번길 42,경기도 김포시 대곶면 상마리 127-1,37.640082902677,126.582484472066,,정상가동,99.56,380,60,2022,,2024-01-11,,,2026-01-02
서울포장 태양광발전소,경기도 김포시 양촌읍 서현로65번길 116-12,경기도 김포시 양촌읍 유현리 227-19,37.6427408706537,126.60619564846,,정상가동,64.89,380,60,2022,,2024-01-10,,,2026-01-02
일주 태양광발전소,경기도 김포시 하성면 월하로 574,경기도 김포시 하성면 원산리 644-1,37.7112310734728,126.619109947967,,정상가동,58.31,380,60,2022,,2024-01-09,,,2026-01-02
동일정공 태양광발전소,경기도 김포시 하성면 애기봉로774번길 46,경기도 김포시 하성면 원산리 122-9,37.7191042533894,126.62089266017,,정상가동,60.0,380,60,2022,,2024-01-09,,,2026-01-02
삼화 태양광발전소,경기도 김포시 통진읍 귀전로56번길 211-10,경기도 김포시 통진읍 귀전리 399-5,37.714747635476,126.605598108866,,정상가동,90.15,380,60,2022,,2024-01-10,,,2026-01-02
예성공업 태양광발전소,경기도 김포시 양촌읍 삼도공단로 22-23,경기도 김포시 통진읍 고정리 362-1,37.6043492083986,126.593619142568,,정상가동,93.6,380,60,2022,,2024-01-09,,,2026-01-02
준민 태양광발전소,경기도 김포시 하성면 하성로 734-29,경기도 김포시 하성면 양택리 242-11,37.7369900938256,126.632050575296,,정상가동,71.4,380,60,2022,,2024-01-04,,,2026-01-02
정훈 태양광발전소,경기도 김포시 하성면 하성로 734-21,경기도 김포시 하성면 양택리 253-3,37.7370644685556,126.630797166706,,정상가동,83.3,380,60,2022,,2024-01-04,,,2026-01-02
인숙 태양광발전소,경기도 김포시 통진읍 월하로 572-2,경기도 김포시 통진읍 귀전리 664,37.7109919887063,126.618534714496,,정상가동,74.97,380,60,2022,,2023-12-29,,,2026-01-02
이젠붙박이2호 태양광발전소,경기도 김포시 대곶면 대곶서로166번길 87,경기도 김포시 대곶면 대벽리 226,37.6306587674684,126.579394631914,,정상가동,99.6,380,60,2022,,2023-12-22,,,2026-01-02
이젠붙박이1호 태양광발전소,경기도 김포시 대곶면 대곶서로166번길 72,경기도 김포시 대곶면 대벽리 222-1,37.6309372405674,126.578303695171,,정상가동,99.6,380,60,2022,,2023-12-22,,,2026-01-02
성환1호 태양광발전소,경기도 김포시 대곶면 천호로 95-8,경기도 김포시 대곶면 약암리 1102,37.6176809433968,126.563296081303,,정상가동,99.2,380,60,2022,,2023-12-20,,,2026-01-02
성현산업 태양광발전소,경기도 김포시 월곶면 옹정로244번길 70-14,경기도 김포시 월곶면 갈산리 477-64,37.7005773314227,126.563153932116,,정상가동,99.96,380,60,2022,,2023-12-19,,,2026-01-02
두성F＆B 태양광발전소,경기도 김포시 대곶면 송마로73번길 40,경기도 김포시 대곶면 송마리 296-15,37.6667887696672,126.56286898608,,정상가동,34.72,380,60,2022,,2023-12-20,,,2026-01-02
신강 태양광발전소,경기도 김포시 통진읍 고척로 91-16,경기도 김포시 통진읍 고정리 392,37.7188934476369,126.586279278243,,정상가동,30.6,380,60,2022,,2023-12-14,,,2026-01-02
햇살그린발전소311호 태양광발전소,경기도 김포시 대곶면 대곶서로89번길 124-11,경기도 김포시 대곶면 약암리 266-1,37.6365776813656,126.568546194402,,정상가동,68.12,380,60,2022,,2023-12-07,,,2026-01-02
정수산업 태양광발전소,경기도 김포시 통진읍 고척로 237-12,경기도 김포시 통진읍 고정리 258-2,37.7181082679966,126.594870416579,,정상가동,67.76,380,60,2022,,2023-12-06,,,2026-01-02
그린페트 태양광발전소,,경기도 김포시 대곶면 초원지리 578-3,37.665209873057,126.587759331603,,정상가동,66.64,380,60,2022,,2023-11-22,,,2026-01-02
대성공업 태양광발전소,경기도 김포시 월곶면 대곶로484번길 43-55,경기도 김포시 월곶면 고양리 502-8,37.6875480628408,126.560297408827,,정상가동,99.96,380,60,2022,,2023-11-22,,,2026-01-02
대윤 태양광발전소,경기도 김포시 대곶면 대곶북로403번길 22,경기도 김포시 대곶면 석정리 18-26,37.6790026926871,126.571032591305,,정상가동,86.63,380,60,2022,,2023-11-21,,,2026-01-02
형제3호 발전소,경기도 김포시 양촌읍 삼도공단로 71,경기도 김포시 양촌읍 학운리 448-262,37.600591653871,126.594956347961,,정상가동,19.04,380,60,2022,,2023-11-15,,,2026-01-02
형제2호 발전소,경기도 김포시 양촌읍 삼도공단로 71,경기도 김포시 양촌읍 학운리 448-262,37.600591653871,126.594956347961,,정상가동,99.96,380,60,2022,,2023-11-15,,,2026-01-02
형제1호 발전소,경기도 김포시 양촌읍 삼도공단로 71,경기도 김포시 양촌읍 학운리 448-262,37.600591653871,126.594956347961,,정상가동,99.96,380,60,2022,,2023-11-15,,,2026-01-02
앤포즈4호 발전소,경기도 김포시 대곶면 대곶서로185번길 17,경기도 김포시 대곶면 상마리 169,37.6364884022374,126.576179645173,,정상가동,70.81,380,60,2022,,2023-11-13,,,2026-01-02
앤포즈3호 발전소,경기도 김포시 대곶면 대곶서로185번길 17,경기도 김포시 대곶면 상마리 169,37.6364884022374,126.576179645173,,정상가동,99.96,380,60,2022,,2023-11-13,,,2026-01-02
앤포즈2호 발전소,경기도 김포시 대곶면 대곶서로185번길 17,경기도 김포시 대곶면 상마리 169,37.6364884022374,126.576179645173,,정상가동,99.96,380,60,2022,,2023-11-13,,,2026-01-02
앤포즈1호 발전소,경기도 김포시 대곶면 대곶서로185번길 17,경기도 김포시 대곶면 상마리 169,37.6364884022374,126.576179645173,,정상가동,99.96,380,60,2022,,2023-11-13,,,2026-01-02
성진소프트 태양광발전소,경기도 김포시 하성면 애기봉로774번길 100-11,경기도 김포시 하성면 원산리 168-4,37.7171441348107,126.618721729202,,정상가동,85.7,380,60,2022,,2023-10-30,,,2026-01-02
햇살그린발전소183호 태양광발전소,"경기도 김포시 대곶면 대곶서로249번길 65, 3동",경기도 김포시 대곶면 상마리 93-6,37.6396622421331,126.577701818776,,정상가동,85.68,380,60,2022,,2023-10-20,,,2026-01-02
햇살그린발전소182호 태양광발전소,경기도 김포시 대곶면 대곶서로249번길 65,경기도 김포시 대곶면 상마리 93-6,37.6396622421331,126.577701818776,,정상가동,85.68,380,60,2022,,2023-10-20,,,2026-01-02
햇살그린발전소181호 태양광발전소,경기도 김포시 대곶면 대곶서로249번길 65,경기도 김포시 대곶면 상마리 93-6,37.6396622421331,126.577701818776,,정상가동,85.68,380,60,2022,,2023-10-20,,,2026-01-02
햇들원 일진지앤에스 태양광발전소,경기도 김포시 하성면 하성로 740-40,경기도 김포시 하성면 양택리 237-2,37.7376807878094,126.632719572632,,정상가동,625.58,22900,60,2022,,2023-10-18,,,2026-01-02
일수 태양광발전소,경기도 김포시 하성면 마조로 97,경기도 김포시 하성면 마조리 709,37.7460939202689,126.624094339582,,정상가동,199.8,380,60,2022,,2023-10-17,,,2026-01-02
한성기업2호 태양광발전소,경기도 김포시 월곶면 비석동로50번길 122-12,경기도 김포시 월곶면 갈산리 140-54,37.7070980324659,126.576047089558,,정상가동,64.8,380,60,2022,,2023-10-17,,,2026-01-02
한성기업1호 태양광발전소,경기도 김포시 월곶면 비석동로50번길 122-12,경기도 김포시 월곶면 갈산리 140-54,37.7070980324659,126.576047089558,,정상가동,70.2,380,60,2022,,2023-10-17,,,2026-01-02
부강보드 태양광발전소,경기도 김포시 대곶면 대곶로331번길 121-9,경기도 김포시 대곶면 쇄암리 434,37.6724859503121,126.548886376704,,정상가동,70.21,380,60,2022,,2023-10-18,,,2026-01-02
두인 태양광발전소,경기도 김포시 대곶면 대명항로205번길 23,경기도 김포시 대곶면 율생리 49-1,37.6526268912038,126.596186474392,,정상가동,89.28,380,60,2022,,2023-10-17,,,2026-01-02
굿모닝석정 발전소,경기도 김포시 대곶면 대곶로331번길 50,경기도 김포시 대곶면 석정리 359,37.6736338126881,126.552297435507,,정상가동,99.66,380,60,2022,,2023-10-13,,,2026-01-02
김포농장 발전소,경기도 김포시 통진읍 고정1로30번길 118,경기도 김포시 통진읍 고정리 838,37.7169290267395,126.602289828176,,정상가동,76.16,380,60,2022,,2023-10-05,,,2026-01-02
김종복 태양광발전소,경기도 김포시 대곶면 상마신기로 65-3,경기도 김포시 대곶면 상마리 286,37.643689026242,126.572584772231,,정상가동,32.73,380,60,2022,,2023-10-04,,,2026-01-02
한신3호 태양광발전소,경기도 김포시 대곶면 상마신기로 49,경기도 김포시 대곶면 상마리 314-9,37.6448279182468,126.571879702507,,정상가동,65.95,380,60,2022,,2023-10-04,,,2026-01-02
한신2호 태양광발전소,경기도 김포시 대곶면 대곶남로 115-2,경기도 김포시 대곶면 대벽리 646-34,37.6111666295576,126.578853885287,,정상가동,27.23,380,60,2022,,2023-10-04,,,2026-01-02
남양2 태양광발전소,"경기도 김포시 통진읍 조강로 73, 마송리 109-14",경기도 김포시 통진읍 마송리 109-14,37.691803099251,126.598207020783,,정상가동,19.8,380,60,2022,,2023-09-27,,,2026-01-02
더난기공 태양광발전소,경기도 김포시 하성면 하성로 633-35,경기도 김포시 하성면 양택리 151-30,37.7299358716144,126.626258523977,,정상가동,79.73,380,60,2022,,2023-09-15,,,2026-01-02
TIM PLUS 태양광발전소,경기도 김포시 하성면 원통로78번길 62,경기도 김포시 하성면 원산리 178-11,37.7178800523854,126.620707106428,,정상가동,29.75,380,60,2022,,2023-09-15,,,2026-01-02
윤가네 2호 태양광발전소,,경기도 김포시 월곶면 개곡리 411,37.7250324383954,126.59308360999,,정상가동,75.21,380,60,2022,,2023-09-11,,,2026-01-02
윤가네 1호 태양광발전소,,경기도 김포시 월곶면 개곡리 410-1,37.7248559759694,126.592937683691,,정상가동,98.75,380,60,2022,,2023-09-11,,,2026-01-02
동진2호 태양광발전소,경기도 김포시 대곶면 송마로52번길 79,경기도 김포시 대곶면 송마리 252-7,37.6636572281396,126.565520046951,,정상가동,96.8,380,60,2022,,2023-08-23,,,2026-01-02
동진1호 태양광발전소,경기도 김포시 대곶면 송마로52번길 79,경기도 김포시 대곶면 송마리 252-7,37.6636572281396,126.565520046951,,정상가동,96.8,380,60,2022,,2023-08-23,,,2026-01-02
선진쏠라3호 태양광발전소,경기도 김포시 월곶면 대곶로 429-229,경기도 김포시 월곶면 고양리 850,37.6861149750259,126.54195171646,,정상가동,99.63,380,60,2022,,2023-08-22,,,2026-01-02
선진쏠라2호 태양광발전소,경기도 김포시 월곶면 대곶로 429-229,경기도 김포시 월곶면 고양리 850,37.6861149750259,126.54195171646,,정상가동,99.63,380,60,2022,,2023-08-22,,,2026-01-02
선진쏠라1호 태양광발전소,경기도 김포시 월곶면 대곶로 429-229,경기도 김포시 월곶면 고양리 850,37.6861149750259,126.54195171646,,정상가동,99.63,380,60,2022,,2023-08-22,,,2026-01-02
자매3호태양광발전소,경기도 김포시 대곶면 약암로 522-46,경기도 김포시 대곶면 대벽리 794,37.6066164074737,126.566270283494,,정상가동,83.03,380,60,2022,,2023-08-17,,,2026-01-02
자매2호태양광발전소,경기도 김포시 대곶면 약암로 522-46,경기도 김포시 대곶면 대벽리 794,37.6066164074737,126.566270283494,,정상가동,99.63,380,60,2022,,2023-08-17,,,2026-01-02
자매1호 태양광발전소,경기도 김포시 대곶면 약암로 522-46,경기도 김포시 대곶면 대벽리 794,37.6066164074737,126.566270283494,,정상가동,99.63,380,60,2022,,2023-08-17,,,2026-01-02
도윤태양광발전소,경기도 김포시 통진읍 절골로127번길 32-36,경기도 김포시 통진읍 옹정리 58-115,37.68887196423,126.583303243062,,정상가동,120.19,380,60,2022,,2023-08-16,,,2026-01-02
스마트파워1호 태양광발전소,경기도 김포시 대곶면 소래로 104,경기도 김포시 대곶면 송마리 61-2,37.6562619104176,126.576588684563,,정상가동,482.0,380,60,2022,,2023-08-11,,,2026-01-02
한성쇼케이스1호 발전소,경기도 김포시 대곶면 대곶북로165번길 144,경기도 김포시 대곶면 송마리 4-6,37.66386805875,126.576520209296,,정상가동,94.8,380,60,2022,,2023-08-09,,,2026-01-02
김포2호 태양광발전소,"경기도 김포시 대곶면 소래로 42-19, 가동",경기도 김포시 대곶면 송마리 924-4,37.6519251757487,126.573220090385,,정상가동,66.0,380,60,2022,,2023-08-04,,,2026-01-02
김포1호 태양광발전소,"경기도 김포시 대곶면 소래로 42-19, 건물위",경기도 김포시 대곶면 송마리 924-4,37.6520277742966,126.574136253628,,정상가동,79.2,380,60,2022,,2023-08-04,,,2026-01-02
인천금속3호 태양광발전소,"경기도 김포시 대곶면 대곶로331번길 66, 가동",경기도 김포시 대곶면 석정리 352-22,37.6734440586807,126.55106247813,,정상가동,22.61,380,60,2022,,2023-07-25,,,2026-01-02
대벽3리마을회,경기도 김포시 대곶면 대곶남로 164,경기도 김포시 대곶면 대벽리 1268,37.6134843077945,126.581993420163,,정상가동,28.56,380,60,2022,,2023-07-24,,,2026-01-02
금전2호 발전소,경기도 김포시 대곶면 대곶서로234번길 76,경기도 김포시 대곶면 상마리 15-5,37.6397750929873,126.58362169111,,정상가동,22.61,380,60,2022,,2023-07-20,,,2026-01-02
금전1호 발전소,경기도 김포시 대곶면 대곶서로234번길 76,경기도 김포시 대곶면 상마리 15-5,37.6397750929873,126.58362169111,,정상가동,99.96,380,60,2022,,2023-07-20,,,2026-01-02
그라티아발전소,경기도 김포시 월곶면 고척로 33,경기도 김포시 월곶면 갈산리 2,37.7176249297812,126.580200050529,,정상가동,115.2,360,60,2022,,2023-07-18,,,2026-01-02
나현 태양광발전소,경기도 김포시 하성면 석평로184번길 160-20,경기도 김포시 하성면 석탄리 151-4,37.728289784587,126.658598582632,,정상가동,57.12,380,60,2022,,2023-07-18,,,2026-01-02
조일 태양광발전소,경기도 김포시 월곶면 비석동로50번길 74,경기도 김포시 월곶면 갈산리 140-15,37.7052457168237,126.574567111722,,정상가동,370.69,380,60,2022,,2023-07-10,,,2026-01-02
중앙2호 태양광발전소,경기도 김포시 통진읍 월하로519번길 174,경기도 김포시 통진읍 귀전리 264,37.7178214938573,126.607550204369,,정상가동,99.96,380,60,2022,,2023-07-10,,,2026-01-02
중앙1호 태양광발전소,경기도 김포시 통진읍 월하로519번길 174,경기도 김포시 통진읍 귀전리 264,37.7178214938573,126.607550204369,,정상가동,99.96,380,60,2022,,2023-07-10,,,2026-01-02
굿모닝대곶4호 발전소,경기도 김포시 대곶면 대곶로119번길 49-17,경기도 김포시 대곶면 대명리 183-7,37.6569248503395,126.550627515412,,정상가동,87.12,380,60,2022,,2023-07-10,,,2026-01-02
굿모닝대곶3호 발전소,경기도 김포시 대곶면 대곶로119번길 49-21,경기도 김포시 대곶면 대명리 183-1,37.6566951195197,126.549923219208,,정상가동,87.78,380,60,2022,,2023-07-10,,,2026-01-02
굿모닝대곶2호 발전소,경기도 김포시 대곶면 대곶로119번길 49-21,경기도 김포시 대곶면 대명리 183-1,37.6566951195197,126.549923219208,,정상가동,98.34,380,60,2022,,2023-07-10,,,2026-01-02
굿모닝대곶1호 발전소,경기도 김포시 대곶면 대곶로119번길 49-21,경기도 김포시 대곶면 대명리 183-1,37.6566951195197,126.549923219208,,정상가동,99.0,380,60,2022,,2023-07-10,,,2026-01-02
영화단조4호 발전소,경기도 김포시 양촌읍 황금산단로 17,경기도 김포시 양촌읍 학운리 4070,37.605521870046,126.599425919564,,정상가동,44.03,380,60,2022,,2023-07-05,,,2026-01-02
영화단조3호 발전소,경기도 김포시 양촌읍 황금산단로 17,경기도 김포시 양촌읍 학운리 4070,37.605521870046,126.599425919564,,정상가동,99.96,380,60,2022,,2023-07-05,,,2026-01-02
영화단조2호 발전소,경기도 김포시 양촌읍 황금산단로 17,경기도 김포시 양촌읍 학운리 4070,37.605521870046,126.599425919564,,정상가동,99.96,380,60,2022,,2023-07-05,,,2026-01-02
영화단조1호 발전소,경기도 김포시 양촌읍 황금산단로 17,경기도 김포시 양촌읍 학운리 4070,37.605521870046,126.599425919564,,정상가동,99.96,380,60,2022,,2023-07-05,,,2026-01-02
신명스텐발전소,경기도 김포시 대곶면 대곶서로185번길 53-27,"경기도 김포시 대곶면 상마리 213 213-1, 213-2(건물위)",37.6363997697769,126.575935544207,,정상가동,83.3,380,60,2022,,2023-06-28,,,2026-01-02
굿모닝송마리3호 발전소,경기도 김포시 대곶면 산자뫼로 15,"경기도 김포시 대곶면 송마리 830-1 832-2,830-1,830-2,831,1012-4,1012-5",37.6484014625991,126.567114190243,,정상가동,99.0,380,60,2022,,2023-06-19,,,2026-01-02
굿모닝송마리2호 발전소,경기도 김포시 대곶면 산자뫼로 15,"경기도 김포시 대곶면 송마리 830-1 832-2,830-1,830-2,831,1012-4,1012-5",37.6484014625991,126.567114190243,,정상가동,99.0,380,60,2022,,2023-06-19,,,2026-01-02
굿모닝송마리1호 발전소,경기도 김포시 대곶면 산자뫼로 15,"경기도 김포시 대곶면 송마리 830-1 832-2,830-1,830-2,831,1012-4,1012-5",37.6484014625991,126.567114190243,,정상가동,99.0,380,60,2022,,2023-06-19,,,2026-01-02
승아태양광발전소,경기도 김포시 하성면 가금로352번길 47-2,경기도 김포시 하성면 양택리 12-2,37.7392481855257,126.620486129909,,정상가동,99.2,380,60,2022,,2023-06-19,,,2026-01-02
마노아하우스태양광발전소,경기도 김포시 하성면 월하로778번길 42-2,경기도 김포시 하성면 마곡리 421-2,37.7091570673461,126.638697857791,,정상가동,38.68,380,60,2022,,2023-06-12,,,2026-01-02
브니엘 태양광발전소,경기도 김포시 양촌읍 흥신로239번길 7-12,경기도 김포시 양촌읍 흥신리 370-1,37.6766414425271,126.611681301576,,정상가동,499.38,380,60,2022,,2023-06-13,,,2026-01-02
효성김포아이리빙 태양광발전소,경기도 김포시 대곶면 대곶남로446번길 12-17,"경기도 김포시 대곶면 대능리 257-6 257-7,257-25",37.6294503615209,126.595811867263,,정상가동,194.11,380,60,2022,,2023-06-09,,,2026-01-02
효성김포비엠 태양광발전소,경기도 김포시 대곶면 산자뫼로 56-45,경기도 김포시 대곶면 송마리 850-8,37.6536073670176,126.567450565209,,정상가동,198.24,380,60,2022,,2023-06-08,,,2026-01-02
석인 태양광발전소,경기도 김포시 통진읍 옹정로 45-37,경기도 김포시 통진읍 옹정리 320-63,37.6845542546591,126.567050412254,,정상가동,42.84,380,60,2022,,2023-06-06,,,2026-01-02
경창쏠라텍2호 발전소,경기도 김포시 하성면 원통로 83-11,경기도 김포시 하성면 원산리 33-9,37.7184132494702,126.61666923852,,정상가동,91.04,380,60,2022,,2023-06-05,,,2026-01-02
경창쏠라텍1호 발전소,경기도 김포시 하성면 원통로 83-11,경기도 김포시 하성면 원산리 33-9,37.7184132494702,126.61666923852,,정상가동,99.39,380,60,2022,,2023-06-05,,,2026-01-02
경창에코텍 발전소,경기도 김포시 하성면 원통로 83-11,경기도 김포시 하성면 원산리 33-9,37.7184132494702,126.61666923852,,정상가동,35.7,380,60,2022,,2023-06-05,,,2026-01-02
삼대태양광발전소1호,경기도 김포시 하성면 월하로 631-6,경기도 김포시 하성면 원산리 589-67,37.7116716315875,126.624752670989,,정상가동,99.6,380,60,2022,,2023-06-02,,,2026-01-02
삼대태양광발전소2호,경기도 김포시 하성면 월하로 631-6,경기도 김포시 하성면 원산리 589-67,37.7116716315875,126.624752670989,,정상가동,70.8,380,60,2022,,2023-06-02,,,2026-01-02
폴리텍태양광발전소,경기도 김포시 통진읍 검암1로 75,경기도 김포시 통진읍 서암리 202-3,37.6987977132897,126.594527633798,,정상가동,336.0,380,60,2022,,2023-06-02,,,2026-01-02
한미4호 발전소,경기도 김포시 대곶면 대곶북로 371,경기도 김포시 대곶면 석정리 45-3,37.6775542655383,126.573909109392,,정상가동,77.35,380,60,2022,,2023-05-25,,,2026-01-02
한미2호 발전소,경기도 김포시 대곶면 대곶북로 371,경기도 김포시 대곶면 석정리 45-3,37.6775542655383,126.573909109392,,정상가동,80.92,380,60,2022,,2023-05-25,,,2026-01-02
한미3호 발전소,경기도 김포시 대곶면 대곶북로 371,경기도 김포시 대곶면 석정리 45-3,37.6775542655383,126.573909109392,,정상가동,80.92,380,60,2022,,2023-05-25,,,2026-01-02
한미1호 발전소,경기도 김포시 대곶면 대곶북로 371,경기도 김포시 대곶면 석정리 45-3,37.6775542655383,126.573909109392,,정상가동,69.02,380,60,2022,,2023-05-25,,,2026-01-02
KIC 태양광발전소,경기도 김포시 양촌읍 황금로273번길 15,경기도 김포시 양촌읍 학운리 3925,37.6111500544718,126.605742430472,,정상가동,99.96,380,60,2022,,2023-05-18,,,2026-01-02
21세기산업태양광발전소3,경기도 김포시 통진읍 월하로519번길 124-58,경기도 김포시 통진읍 귀전리 351,37.7171197922961,126.611677563698,,정상가동,58.31,380,60,2022,,2023-05-16,,,2026-01-02
명숙 태양광발전소,경기도 김포시 통진읍 가현로85번길 117,경기도 김포시 통진읍 가현리 616-6,37.6767068282948,126.586802818255,,정상가동,99.6,380,60,2022,,2023-05-09,,,2026-01-02
고려주물철강2호 발전소,경기도 김포시 양촌읍 황금3로8번길 16,경기도 김포시 양촌읍 학운리 3499,37.6130868355732,126.610362159886,,정상가동,82.11,380,60,2022,,2023-05-08,,,2026-01-02
고려주물철강1호 발전소,경기도 김포시 양촌읍 황금3로8번길 16,경기도 김포시 양촌읍 학운리 3499,37.6130868355732,126.610362159886,,정상가동,97.58,380,60,2022,,2023-05-08,,,2026-01-02
국제기공 3호 태양광발전소,경기도 김포시 양촌읍 황금산단6로 7,경기도 김포시 양촌읍 학운리 0,37.6049080106866,126.601336186671,,정상가동,83.3,380,60,2022,,2023-05-08,,,2026-01-02
국제기공 2호 태양광발전소,경기도 김포시 양촌읍 황금산단6로 7,경기도 김포시 양촌읍 학운리 0,37.6049080106866,126.601336186671,,정상가동,83.3,380,60,2022,,2023-05-08,,,2026-01-02
국제기공 1호 태양광발전소,경기도 김포시 양촌읍 황금산단6로 7,경기도 김포시 양촌읍 학운리 0,37.6049080106866,126.601336186671,,정상가동,99.37,380,60,2022,,2023-05-08,,,2026-01-02
대능리마을회관 태양광발전소,"경기도 김포시 대곶면 대곶남로401번길 111-19, 대능2리마을회관",경기도 김포시 대곶면 대능리 369-1 대능2리마을회관,37.6323333545442,126.594090232016,,정상가동,19.2,380,60,2022,,2023-05-16,,,2026-01-02
위앤비 김포1호 발전소,경기도 김포시 통진읍 옹정로 64-20,"경기도 김포시 통진읍 옹정리 320-10 320-46, 320-34",37.6845471663877,126.570062992002,,정상가동,77.35,380,60,2022,,2023-05-09,,,2026-01-02
승주 태양광발전소,경기도 김포시 하성면 누산봉성로 197,경기도 김포시 하성면 마곡리 606-8 신영광하이츠,37.6852967832966,126.647015141489,,정상가동,99.19,380,60,2022,,2023-05-01,,,2026-01-02
브이아이피5호 태양광발전소,"경기도 김포시 하성면 마곡로 278, (7,8동 지붕위)",경기도 김포시 하성면 석탄리 734-6,37.7193568514682,126.656823700123,,정상가동,95.38,380,60,2022,,2023-04-27,,,2026-01-02
브이아이피7호 태양광발전소,"경기도 김포시 하성면 마곡로 278, (10동 지붕위)",경기도 김포시 하성면 석탄리 734-6 (10동 지붕위),37.7193568514682,126.656823700123,,정상가동,77.5,380,60,2022,,2023-04-27,,,2026-01-02
브이아이피6호 태양광발전소,"경기도 김포시 하성면 마곡로 278, (9동 지붕위)",경기도 김포시 하성면 석탄리 734-6,37.7193568514682,126.656823700123,,정상가동,82.5,380,60,2022,,2023-04-27,,,2026-01-02
브이아이피4호 태양광발전소,"경기도 김포시 하성면 마곡로 278, (3,6동 지붕위)","경기도 김포시 하성면 석탄리 734-6 3,6동",37.7193568514682,126.656823700123,,정상가동,95.0,380,60,2022,,2023-04-27,,,2026-01-02
플랜잇태양광,경기도 김포시 통진읍 대서명로 37,경기도 김포시 통진읍 서암리 618-1,37.6976799110845,126.609023413796,,정상가동,99.76,380,60,2022,,2023-03-27,,,2026-01-02
강창호 태양광4,경기도 김포시 통진읍 월하로519번길 124-52,경기도 김포시 통진읍 귀전리 351-7,37.7168460306757,126.61141699758,,정상가동,74.97,380,60,2022,,2023-03-29,,,2026-01-02
동남2호 태양광발전소,경기도 김포시 대곶면 율생중앙로205번길 102,경기도 김포시 대곶면 송마리 200,37.6631369437601,126.566826101438,,정상가동,95.2,380,60,2022,,2023-04-27,,,2026-01-02
동남1호태양광발전소,경기도 김포시 대곶면 율생중앙로205번길 102,"경기도 김포시 대곶면 송마리 200 200-26,200-41,201-1",37.6631369437601,126.566826101438,,정상가동,83.3,380,60,2022,,2023-04-27,,,2026-01-02
세운태양광발전소,경기도 김포시 통진읍 월하로 586-66,경기도 김포시 통진읍 귀전리 703-1,37.7083421710324,126.620579944645,,정상가동,79.86,380,60,2022,,2023-04-25,,,2026-01-02
강창호 태양광3,경기도 김포시 통진읍 월하로519번길 124-60,경기도 김포시 통진읍 귀전리 351-2,37.7171372501226,126.611917465494,,정상가동,91.36,380,60,2022,,2023-04-24,,,2026-01-02
갤러리쌤 태양광발전소,경기도 김포시 하성면 월하로912번길 119-10,경기도 김포시 하성면 전류리 115,37.7007368238022,126.655048658028,,정상가동,38.35,380,60,2022,,2023-04-21,,,2026-01-02
두일2호 태양광발전소,경기도 김포시 하성면 가금로352번길 47-5,경기도 김포시 하성면 양택리 12-7,37.7380663965842,126.620348194798,,정상가동,62.47,380,60,2022,,2023-04-21,,,2026-01-02
두일1호 태양광발전소,경기도 김포시 하성면 가금로352번길 47-3,경기도 김포시 하성면 양택리 12-6,37.7388736553046,126.62029052309,,정상가동,94.01,380,60,2022,,2023-04-21,,,2026-01-02
행복마을 태양광발전소,경기도 김포시 대곶면 대곶서로166번길 176,경기도 김포시 대곶면 약암리 147-1,37.6303743595319,126.575804499291,,정상가동,99.37,380,60,2022,,2023-04-19,,,2026-01-02
피노솔라2호 태양광발전소,경기도 김포시 하성면 귀전로 202,경기도 김포시 하성면 원산리 84-2,37.7212022157346,126.619652447463,,정상가동,90.09,380,60,2022,,2023-04-19,,,2026-01-02
피노솔라1호 태양광발전소,경기도 김포시 하성면 귀전로 200,경기도 김포시 하성면 원산리 84-5,37.7213062435562,126.619418601182,,정상가동,90.09,380,60,2022,,2023-04-19,,,2026-01-02
유신솔라팜5호 태양광발전소,경기도 김포시 양촌읍 황금로166번길 41,경기도 김포시 양촌읍 학운리 2706,37.619444689916,126.612325019539,,정상가동,99.96,380,60,2022,,2023-04-19,,,2026-01-02
유신솔라팜4호 태양광발전소,경기도 김포시 양촌읍 황금로166번길 41,경기도 김포시 양촌읍 학운리 2706,37.619444689916,126.612325019539,,정상가동,99.96,380,60,2022,,2023-04-19,,,2026-01-02
유신솔라팜3호 태양광발전소,경기도 김포시 양촌읍 황금로166번길 41,경기도 김포시 양촌읍 학운리 2706,37.619444689916,126.612325019539,,정상가동,99.96,380,60,2022,,2023-04-19,,,2026-01-02
유신솔라팜2호 태양광발전소,경기도 김포시 양촌읍 황금로166번길 41,경기도 김포시 양촌읍 학운리 2706,37.619444689916,126.612325019539,,정상가동,99.96,380,60,2022,,2023-04-19,,,2026-01-02
유신솔라팜1호 태양광발전소,경기도 김포시 양촌읍 황금로166번길 41,경기도 김포시 양촌읍 학운리 2706,37.619444689916,126.612325019539,,정상가동,99.96,380,60,2022,,2023-04-19,,,2026-01-02
엘엠1호 태양광발전소,경기도 김포시 통진읍 옹정로 60,경기도 김포시 통진읍 옹정리 321-1,37.6844744961801,126.569505412709,,정상가동,99.83,380,60,2022,,2023-04-18,,,2026-01-02
21세기산업태양광발전소 4,경기도 김포시 통진읍 월하로519번길 124-46,경기도 김포시 통진읍 귀전리 351,37.7173885792565,126.612041935682,,정상가동,99.96,380,60,2022,,2023-04-18,,,2026-01-02
강승국태양광 2,경기도 김포시 통진읍 월하로519번길 124-50,경기도 김포시 통진읍 귀전리 351-8,37.7167476156597,126.611326097009,,정상가동,83.3,380,60,2022,,2023-03-29,,,2026-01-02
엠와이테크,경기도 김포시 대곶면 쇄암로117번길 47,경기도 김포시 대곶면 쇄암리 351-1,37.67628264265,126.540552828011,,정상가동,98.62,380,60,2022,,2023-03-18,,,2026-01-02
인천금속2호 태양광발전소,경기도 김포시 대곶면 대곶로331번길 62,경기도 김포시 대곶면 석정리 352-21,37.6739767213803,126.551324966573,,정상가동,99.96,380,60,2022,,2023-04-10,,,2026-01-02
인천금속1호 태양광발전소,경기도 김포시 대곶면 대곶로331번길 62,경기도 김포시 대곶면 석정리 352-21,37.6739767213803,126.551324966573,,정상가동,99.96,380,60,2022,,2023-04-10,,,2026-01-02
무스탕3호 태양광발전소,경기도 김포시 대곶면 쇄암로141번길 9-17,경기도 김포시 대곶면 쇄암리 208,37.6790781834884,126.539999735594,,정상가동,61.36,380,60,2022,,2023-04-05,,,2026-01-02
무스탕2호 태양광발전소,경기도 김포시 대곶면 쇄암로141번길 9-17,경기도 김포시 대곶면 쇄암리 208,37.6790781834884,126.539999735594,,정상가동,99.12,380,60,2022,,2023-03-21,,,2026-01-02
금호2호 태양광발전소,경기도 김포시 통진읍 가현로85번길 109,경기도 김포시 통진읍 가현리 616,37.676535606709,126.586329711861,,정상가동,85.2,380,60,2022,,2023-04-05,,,2026-01-02
에이엘2호 태양광발전소,경기도 김포시 하성면 석평로181번길 20,경기도 김포시 하성면 석탄리 97-6,37.7272764414495,126.651081552416,,정상가동,99.96,380,60,2022,,2023-03-30,,,2026-01-02
에이엘1호 태양광발전소,경기도 김포시 하성면 석평로181번길 24,경기도 김포시 하성면 석탄리 97-4,37.7274770236994,126.65072556263,,정상가동,99.96,380,60,2022,,2023-03-30,,,2026-01-02
서은 태양광발전소,경기도 김포시 양촌읍 대포산단로 60,경기도 김포시 양촌읍 대포리 483,37.6113885291011,126.628738318102,,정상가동,49.98,380,60,2022,,2023-03-30,,,2026-01-02
도하 태양광발전소,경기도 김포시 양촌읍 대포산단로 60,경기도 김포시 양촌읍 대포리 483,37.6113885291011,126.628738318102,,정상가동,96.99,380,60,2022,,2023-03-30,,,2026-01-02
상승 태양광발전소,경기도 김포시 하성면 석평로181번길 25,경기도 김포시 하성면 석탄리 212-1,37.727269434745,126.650601873831,,정상가동,19.62,380,60,2022,,2023-03-23,,,2026-01-02
탑에어3호 태양광발전소,경기도 김포시 양촌읍 황금로292번길 13,경기도 김포시 양촌읍 학운리 3745,37.6125134752911,126.601493113691,,정상가동,49.56,380,60,2022,,2023-03-22,,,2026-01-02
탑에어2호 태양광발전소,경기도 김포시 양촌읍 황금로292번길 13,경기도 김포시 양촌읍 학운리 3745,37.6125134752911,126.601493113691,,정상가동,99.12,380,60,2022,,2023-03-22,,,2026-01-02
탑에어1호 태양광발전소,경기도 김포시 양촌읍 황금로292번길 13,경기도 김포시 양촌읍 학운리 3745,37.6125134752911,126.601493113691,,정상가동,99.12,380,60,2022,,2023-03-22,,,2026-01-02
이은미태양광발전소,경기도 김포시 대곶면 학의동로 87-22,경기도 김포시 대곶면 송마리 690-2 가동 공장건물 위,37.6583232600859,126.560892538661,,정상가동,129.6,380,60,2022,,2023-03-22,,,2026-01-02
해피그린2 태양광발전소,"경기도 김포시 월곶면 비석동로 116, 비석동로 112",경기도 김포시 월곶면 갈산리 154-8 갈산리 154-11,37.7117757904626,126.572187412302,,정상가동,76.15,380,60,2022,,2023-03-17,,,2026-01-02
대한비철금속D 태양광발전소,,경기도 김포시 월곶면 고양리 17-27 나동 공장 건물 위,37.6930048162216,126.552283149816,,정상가동,40.46,380,60,2022,,2023-03-16,,,2026-01-02
대한비철금속C 태양광발전소,경기도 김포시 월곶면 고양로115번길 91-90,"경기도 김포시 월곶면 고양리 17-34 가,나동 공장 건물위",37.6930394553278,126.552840323861,,정상가동,99.37,380,60,2022,,2023-03-16,,,2026-01-02
대한비철금속B 태양광발전소,경기도 김포시 월곶면 고양로115번길 91-84,경기도 김포시 월곶면 고양리 17-25 가동 공장 건물 위,37.6927913123469,126.553716094074,,정상가동,47.6,380,60,2022,,2023-03-16,,,2026-01-02
대한비철금속A 태양광발전소,경기도 김포시 월곶면 고양로115번길 91-78,경기도 김포시 월곶면 고양리 17-24 가동 공장 건물 위,37.6927112810208,126.553852290518,,정상가동,47.6,380,60,2022,,2023-03-16,,,2026-01-02
통진태양광발전소,"경기도 김포시 통진읍 김포대로 2055, 가,나,다동 LPG충전소 건물위",경기도 김포시 통진읍 도사리 680-8 건물위,37.6837862095925,126.615629148473,,정상가동,79.73,380,60,2022,,2023-03-14,,,2026-01-02
태진네트웍스 태양광발전소,"경기도 김포시 양촌읍 황금산단1로 46, [1동 공장 건물위] 1동",경기도 김포시 양촌읍 학운리 0,37.6059491304258,126.601265738491,,정상가동,99.96,380,60,2022,,2023-03-13,,,2026-01-02
JH3호 태양광발전소,경기도 김포시 하성면 하성로 723,경기도 김포시 하성면 양택리 202,37.7362868780673,126.628799361063,,정상가동,99.96,380,60,2022,,2023-03-13,,,2026-01-02
JH2호 태양광발전소,경기도 김포시 하성면 하성로 723,경기도 김포시 하성면 양택리 202,37.7362868780673,126.628799361063,,정상가동,49.98,380,60,2022,,2023-03-13,,,2026-01-02
JH1호 태양광발전소,경기도 김포시 하성면 하성로 721,경기도 김포시 하성면 양택리 203-2,37.7363776449135,126.629098182663,,정상가동,99.96,380,60,2022,,2023-03-13,,,2026-01-02
고정2 태양광발전소,경기도 김포시 통진읍 월하로301번길 236,경기도 김포시 통진읍 고정리 442-4,37.7135816619016,126.594225362073,,정상가동,177.91,380,60,2022,,2023-03-10,,,2026-01-02
반석 태양광발전소,경기도 김포시 고촌읍 금포로621번길 44,경기도 김포시 고촌읍 향산리 263-2,37.6223599991494,126.751671092705,,정상가동,303.26,380,60,2022,,2023-03-10,,,2026-01-02
GDI 태양광발전소,경기도 김포시 대곶면 대곶서로 283-74,경기도 김포시 대곶면 율생리 614-3,37.6465609821735,126.579049685399,,정상가동,74.97,380,60,2022,,2023-02-24,,,2026-01-02
신흥 태양광발전소 3,경기도 김포시 통진읍 율마로276번길 73,경기도 김포시 통진읍 가현리 817-1,37.6753079406257,126.601853843305,,정상가동,91.14,380,60,2022,,2023-02-23,,,2026-01-02
아이디2 태양광발전소,경기도 김포시 양촌읍 삼도공단로 22-27,경기도 김포시 양촌읍 학운리 1647-5,37.6035520710014,126.592719893433,,정상가동,83.49,380,60,2022,,2023-02-23,,,2026-01-02
아이디1 태양광발전소,경기도 김포시 양촌읍 삼도공단로 22-27,경기도 김포시 양촌읍 학운리 1647-5,37.6035520710014,126.592719893433,,정상가동,90.15,380,60,2022,,2023-02-23,,,2026-01-02
은현 태양광발전소,경기도 김포시 통진읍 가현로85번길 99-92,"경기도 김포시 통진읍 가현리 638-2 ,638-3, 638-4, 638-5",37.6779530208328,126.580641564745,,정상가동,99.37,380,60,2022,,2023-02-22,,,2026-01-02
동광 E&C,경기도 김포시 통진읍 가현로 72-32,경기도 김포시 통진읍 가현리 806-6,37.6687059831873,126.584233686214,,정상가동,89.25,380,60,2022,,2023-02-20,,,2026-01-02
대화2호 태양광발전소,경기도 김포시 통진읍 검암1로 126,경기도 김포시 통진읍 서암리 801-1,37.6993638882369,126.600069373347,,정상가동,52.78,380,60,2022,,2023-02-17,,,2026-01-02
대화1호 태양광발전소,경기도 김포시 통진읍 검암1로 126,경기도 김포시 통진읍 서암리 801-1,37.6993638882369,126.600069373347,,정상가동,99.76,380,60,2022,,2023-02-17,,,2026-01-02
하늘빛에너지 태양광발전소,경기도 김포시 월곶면 애기봉로 412-48,경기도 김포시 월곶면 개곡리 240-2,37.7327218358297,126.58759280508,,정상가동,70.81,380,60,2022,,2023-02-17,,,2026-01-02
한울 태양광발전소,경기도 김포시 양촌읍 유현삭시로 30-19,경기도 김포시 양촌읍 학운리 323-4,37.6202471948839,126.605393774649,,정상가동,34.92,380,60,2022,,2023-02-17,,,2026-01-02
가온3호 태양광발전소,경기도 김포시 양촌읍 황금산단1로 10,경기도 김포시 양촌읍 학운리 0,37.6039983035501,126.604608646496,,정상가동,76.7,380,60,2022,,2023-02-17,,,2026-01-02
가온2호 태양광발전소,경기도 김포시 양촌읍 황금산단1로 10,경기도 김포시 양촌읍 학운리 0,37.6039983035501,126.604608646496,,정상가동,99.12,380,60,2022,,2023-02-17,,,2026-01-02
가온1호 태양광발전소,경기도 김포시 양촌읍 황금산단1로 10,경기도 김포시 양촌읍 학운리 0,37.6039983035501,126.604608646496,,정상가동,99.12,380,60,2022,,2023-02-17,,,2026-01-02
케이앤티 태양광발전소,경기도 김포시 양촌읍 황금6로 8,경기도 김포시 양촌읍 학운리 4044,37.6081376302615,126.614749785427,,정상가동,520.63,380,60,2022,,2023-02-17,,,2026-01-02
정곡3 태양광발전소,,경기도 김포시 월곶면 개곡리 432-1,37.7261430251592,126.592760718526,,정상가동,49.2,380,60,2022,,2023-02-14,,,2026-01-02
정곡2 태양광발전소,,"경기도 김포시 월곶면 개곡리 432 , 432-1 , 433",,,,정상가동,99.63,380,60,2022,,2023-02-14,,,2026-01-02
대신태양광발전소,경기도 김포시 대곶면 대곶북로 164-5,경기도 김포시 대곶면 초원지리 600-13,37.6623169610265,126.58481344242,,정상가동,91.91,380,60,2022,,2023-02-09,,,2026-01-02
제이에스매트로 발전소,경기도 김포시 대곶면 대곶로 452,경기도 김포시 대곶면 석정리 303,37.6837956711953,126.554528196228,,정상가동,95.2,380,60,2022,,2023-02-09,,,2026-01-02
엔젤에너지 발전소,경기도 김포시 대곶면 대곶로 452,경기도 김포시 대곶면 석정리 303,37.6837956711953,126.554528196228,,정상가동,53.55,380,60,2022,,2023-02-09,,,2026-01-02
재영 제5 태양광발전소,경기도 김포시 하성면 월하로893번길 226-121,경기도 김포시 하성면 석탄리 1075,37.7146223226342,126.658707464495,,정상가동,96.8,380,60,2022,,2023-02-09,,,2026-01-02
재영 제4 태양광발전소,경기도 김포시 하성면 월하로893번길 226-121,경기도 김포시 하성면 석탄리 1075,37.7146223226342,126.658707464495,,정상가동,96.8,380,60,2022,,2023-02-09,,,2026-01-02
재영 제3 태양광발전소,경기도 김포시 하성면 월하로893번길 226-121,경기도 김포시 하성면 석탄리 1075,37.7146223226342,126.658707464495,,정상가동,96.8,380,60,2022,,2023-02-09,,,2026-01-02
재영 제2 태양광발전소,경기도 김포시 하성면 월하로893번길 226-121,경기도 김포시 하성면 석탄리 1075,37.7146223226342,126.658707464495,,정상가동,99.55,380,60,2022,,2023-02-09,,,2026-01-02
재영 제1 태양광발전소,경기도 김포시 하성면 월하로893번길 226-121,경기도 김포시 하성면 석탄리 1075,37.7146223226342,126.658707464495,,정상가동,99.55,380,60,2022,,2023-02-09,,,2026-01-02
동일중전기2 태양광발전소,경기도 김포시 하성면 월하로 635-3,경기도 김포시 하성면 원산리 589-55,37.7111683691732,126.625438612349,,정상가동,47.4,380,60,2022,,2023-02-09,,,2026-01-02
동일중전기1 태양광발전소,경기도 김포시 하성면 월하로 635-4,경기도 김포시 하성면 원산리 589-58,37.7109503873925,126.625795699837,,정상가동,56.4,380,60,2022,,2023-02-09,,,2026-01-02
거북3호 태양광발전소,경기도 김포시 하성면 석평로420번길 57-72,경기도 김포시 하성면 후평리 859,37.7494239756151,126.654323519878,,정상가동,97.44,380,60,2022,,2023-02-07,,,2026-01-02
거북2호 태양광발전소,경기도 김포시 하성면 석평로420번길 57-72,경기도 김포시 하성면 후평리 859,37.7494239756151,126.654323519878,,정상가동,97.44,380,60,2022,,2023-02-07,,,2026-01-02
거북1호 태양광발전소,경기도 김포시 하성면 석평로420번길 57-72,경기도 김포시 하성면 후평리 859,37.7494239756151,126.654323519878,,정상가동,98.49,380,60,2022,,2023-02-07,,,2026-01-02
성도옹정3호 태양광발전소,경기도 김포시 통진읍 김포대로2435번길 81-1,경기도 김포시 통진읍 옹정리 78-15,37.6934323160568,126.577755795041,,정상가동,99.96,380,63,2022,,2023-02-07,,,2026-01-02
성도옹정2호 태양광발전소,경기도 김포시 통진읍 김포대로2435번길 81-1,경기도 김포시 통진읍 옹정리 78-15,37.6934323160568,126.577755795041,,정상가동,99.96,380,60,2022,,2023-02-07,,,2026-01-02
오지 태양광발전소,경기도 김포시 양촌읍 황금로273번길 28,경기도 김포시 양촌읍 학운리 3906,37.6097563361166,126.605099704546,,정상가동,99.6,380,60,2022,,2023-02-06,,,2026-01-02
한솔9호 태양광발전소,경기도 김포시 대곶면 약산로195번길 55,경기도 김포시 대곶면 대벽리 380-5,37.6255515228894,126.576939434924,,정상가동,80.92,380,60,2022,,2023-02-02,,,2026-01-02
한솔8호 태양광발전소,경기도 김포시 대곶면 약산로195번길 35,경기도 김포시 대곶면 대벽리 380-6,37.6253533901819,126.576686247715,,정상가동,99.96,380,60,2022,,2023-02-02,,,2026-01-02
한솔7호 태양광발전소,경기도 김포시 대곶면 약산로195번길 59,경기도 김포시 대곶면 대벽리 380-1,37.6257307128908,126.576709142553,,정상가동,80.92,380,60,2022,,2023-02-02,,,2026-01-02
브이아이피3호 태양광발전소,경기도 김포시 하성면 마곡로 278,경기도 김포시 하성면 석탄리 734-6,37.7193568514682,126.656823700123,,정상가동,67.5,380,60,2022,,2023-01-27,,,2026-01-02
브이아이피2호 태양광발전소,경기도 김포시 하성면 마곡로 278,경기도 김포시 하성면 석탄리 734-6,37.7193568514682,126.656823700123,,정상가동,74.4,380,60,2022,,2023-01-27,,,2026-01-02
양택리 창성2호 태양광발전소,,경기도 김포시 하성면 양택리 155-3,37.7306110416704,126.627392581454,,정상가동,70.85,380,60,2022,,2023-01-27,,,2026-01-02
양택리 창성1호 태양광발전소,,경기도 김포시 하성면 양택리 155-3,37.7306110416704,126.627392581454,,정상가동,98.1,380,60,2022,,2023-01-27,,,2026-01-02
토신인터내쇼날 김포2호 태양광발전소,경기도 김포시 양촌읍 황금산단1로 95,경기도 김포시 양촌읍 학운리 4078,37.6015954137987,126.599276883009,,정상가동,81.52,380,60,2022,,2023-01-25,,,2026-01-02
토신인터내쇼날 김포1호 태양광발전소,경기도 김포시 양촌읍 황금산단1로 95,경기도 김포시 양촌읍 학운리 4078,37.6015954137987,126.599276883009,,정상가동,86.28,380,60,2022,,2023-01-25,,,2026-01-02
케이티이엔지2호 태양광발전소,경기도 김포시 양촌읍 황금산단2로 23,경기도 김포시 양촌읍 학운리 4184,37.6044959043829,126.604658559309,,정상가동,41.3,380,60,2022,,2023-01-19,,,2026-01-02
케이티이엔지1호 태양광발전소,경기도 김포시 양촌읍 황금산단2로 23,경기도 김포시 양촌읍 학운리 4184,37.6044959043829,126.604658559309,,정상가동,99.12,380,60,2022,,2023-01-19,,,2026-01-02
기펠코리아 태양광발전소,경기도 김포시 양촌읍 황금산단3로 62,경기도 김포시 양촌읍 학운리 4132,37.6011355113636,126.602221485561,,정상가동,783.02,22900,60,2022,,2023-01-19,,,2026-01-02
아성창호 태양광발전소,경기도 김포시 하성면 마곡로117번길 116,경기도 김포시 하성면 마곡리 205-1,37.7183548273736,126.644221215191,,정상가동,38.08,380,60,2022,,2023-01-17,,,2026-01-02
동원1호 태양광발전소,경기도 김포시 대곶면 율마로138번길 50-9,경기도 김포시 대곶면 초원지리 15-8,37.6633570251292,126.599742647622,,정상가동,78.54,380,60,2022,,2023-01-17,,,2026-01-02
가양2호 태양광발전소,경기도 김포시 대곶면 용두로15번길 67,경기도 김포시 대곶면 초원지리 242-2,37.6599552273093,126.599800578006,,정상가동,33.04,380,60,2022,,2023-01-16,,,2026-01-02
퍼스트 태양광발전소,경기도 김포시 대곶면 대곶서로54번길 65-1,경기도 김포시 대곶면 약암리 159-16,37.6288558398964,126.573926841916,,정상가동,92.04,380,60,2022,,2023-01-11,,,2026-01-02
나래발전소 2호,경기도 김포시 하성면 하성로682번길 142,경기도 김포시 하성면 양택리 343-1,37.734865156671,126.635410791431,,정상가동,45.6,380,60,2022,,2023-01-05,,,2026-01-02
나래기획,경기도 김포시 통진읍 고정1로30번길 5-38,경기도 김포시 통진읍 고정리 180,37.7154234311241,126.600268418418,,정상가동,62.64,380,60,2022,,2023-01-05,,,2026-01-02
우광 태양광발전소,경기도 김포시 양촌읍 황금로324번길 21-1,경기도 김포시 양촌읍 학운리 3673,37.6114768969756,126.59774959527,,정상가동,171.96,380,60,2022,,2023-01-04,,,2026-01-02
솔로몬5호 태양광발전소,경기도 김포시 양촌읍 황금로23번길 281,경기도 김포시 양촌읍 학운리 3066,37.6108511692764,126.621080650313,,정상가동,99.12,380,60,2022,,2023-01-04,,,2026-01-02
솔로몬4호 태양광발전소,경기도 김포시 양촌읍 황금로23번길 281,경기도 김포시 양촌읍 학운리 3066,37.6108511692764,126.621080650313,,정상가동,99.12,380,60,2022,,2023-01-04,,,2026-01-02
솔로몬3호 태양광발전소,경기도 김포시 양촌읍 황금로23번길 281,경기도 김포시 양촌읍 학운리 3066,37.6108511692764,126.621080650313,,정상가동,99.12,380,60,2022,,2023-01-04,,,2026-01-02
솔로몬2호 태양광발전소,경기도 김포시 양촌읍 황금로23번길 281,경기도 김포시 양촌읍 학운리 3066,37.6108511692764,126.621080650313,,정상가동,99.12,380,60,2022,,2023-01-04,,,2026-01-02
솔로몬1호 태양광발전소,경기도 김포시 양촌읍 황금로23번길 281,경기도 김포시 양촌읍 학운리 3066,37.6108511692764,126.621080650313,,정상가동,99.12,380,60,2022,,2023-01-04,,,2026-01-02
김영한 태양광발전소,경기도 김포시 월곶면 애기봉로 85-6,경기도 김포시 월곶면 고막리 416-1,37.7225617108676,126.558334333763,,정상가동,73.92,380,60,2022,,2022-12-30,,,2026-01-02
가나안3호 태양광발전소,경기도 김포시 양촌읍 삼도로 122-1,"경기도 김포시 양촌읍 학운리 3229 1,2동",37.6065341752189,126.589140563449,,정상가동,99.12,380,60,2022,,2022-12-30,,,2026-01-02
가나안2호 태양광발전소,경기도 김포시 양촌읍 삼도로 122-1,경기도 김포시 양촌읍 학운리 3229 1동,37.6065341752189,126.589140563449,,정상가동,99.12,380,60,2022,,2022-12-30,,,2026-01-02
가나안1호 태양광발전소,경기도 김포시 양촌읍 삼도로 122-1,경기도 김포시 양촌읍 학운리 3229 1동,37.6065341752189,126.589140563449,,정상가동,99.12,380,60,2022,,2022-12-30,,,2026-01-02
엠에스3호 태양광발전소,경기도 김포시 대곶면 쇄암로 156-11,"경기도 김포시 대곶면 쇄암리 240-6 가,나동",37.6815861296117,126.539931194988,,정상가동,73.92,380,60,2022,,2022-12-30,,,2026-01-02
엠에스2호 태양광발전소,경기도 김포시 대곶면 쇄암로 156-11,경기도 김포시 대곶면 쇄암리 240-6 가동,37.6815861296117,126.539931194988,,정상가동,99.56,380,60,2022,,2022-12-30,,,2026-01-02
엠에스1호 태양광발전소,경기도 김포시 대곶면 쇄암로 156-11,경기도 김포시 대곶면 쇄암리 240-6 가동,37.6815861296117,126.539931194988,,정상가동,99.0,380,60,2022,,2022-12-30,,,2026-01-02
하나이엔지 태양광발전소,경기도 김포시 대곶면 송마로 129-41,경기도 김포시 대곶면 석정리 118-5,37.6695506959268,126.564620523887,,정상가동,159.0,380,60,2022,,2022-12-26,,,2026-01-02
금성 태양광발전소,경기도 김포시 양촌읍 황금로273번길 26,경기도 김포시 양촌읍 학운리 3908,37.6101260460637,126.605541597912,,정상가동,99.96,380,60,2022,,2022-12-23,,,2026-01-02
(주)메탈153 태양광발전소,경기도 김포시 통진읍 애기봉로571번길 138,"경기도 김포시 통진읍 귀전리 92-18 , 나동",37.7303748589423,126.604348526043,,정상가동,200.0,380,60,2022,,2022-12-22,,,2026-01-02
미일3호 태양광발전소,경기도 김포시 대곶면 종생로 199-8,경기도 김포시 대곶면 대능리 27-1,37.6414989752104,126.605040847634,,정상가동,44.69,380,60,2022,,2022-12-20,,,2026-01-02
미일2호 태양광발전소,경기도 김포시 대곶면 종생로 199-8,경기도 김포시 대곶면 대능리 27-1,37.6414989752104,126.605040847634,,정상가동,99.74,380,60,2022,,2022-12-20,,,2026-01-02
미일1호 태양광발전소,경기도 김포시 대곶면 종생로 199-8,경기도 김포시 대곶면 대능리 27-1,37.6414989752104,126.605040847634,,정상가동,99.74,380,60,2022,,2022-12-20,,,2026-01-02
성현 태양광발전소,경기도 김포시 대곶면 대곶서로185번길 62-1,경기도 김포시 대곶면 상마리 190-4,37.6379826632519,126.576728355072,,정상가동,99.74,380,60,2022,,2022-12-20,,,2026-01-02
성덕 태양광발전소,경기도 김포시 대곶면 대곶서로 1-37,"경기도 김포시 대곶면 약암리 1-74 , 854-2",37.6226132891085,126.569305993964,,정상가동,29.84,380,60,2022,,2022-12-20,,,2026-01-02
서준에너지 태양광발전소,"경기도 김포시 대곶면 대곶로331번길 68, 70",경기도 김포시 대곶면 석정리 352-28,,,,정상가동,85.68,380,60,2022,,2022-12-07,,,2026-01-02
동신텍 태양광발전소,경기도 김포시 통진읍 검암2로 101,경기도 김포시 통진읍 서암리 37-10,37.7084375983549,126.597040336459,,정상가동,85.68,380,60,2022,,2022-12-07,,,2026-01-02
쉐리리 김포2호 태양광발전소,,경기도 김포시 양촌읍 학운리 4140,37.5999490043645,126.600540979227,,정상가동,30.0,380,60,2022,,2022-12-06,,,2026-01-02
쉐리리 김포1호 태양광발전소,,경기도 김포시 양촌읍 학운리 4140,37.5999490043645,126.600540979227,,정상가동,99.6,380,60,2022,,2022-12-06,,,2026-01-02
더존ENG 2호 태양광발전소,경기도 김포시 양촌읍 황금산단4로 15,경기도 김포시 양촌읍 학운리 4139,37.5997894336192,126.600326223831,,정상가동,29.75,380,60,2022,,2022-11-28,,,2026-01-02
더존ENG 1호 태양광발전소,경기도 김포시 양촌읍 황금산단4로 15,경기도 김포시 양촌읍 학운리 4139,37.5997894336192,126.600326223831,,정상가동,99.96,380,60,2022,,2022-11-28,,,2026-01-02
세일2호 태양광발전소,경기도 김포시 통진읍 김포대로2385번길 67-97,경기도 김포시 통진읍 옹정리 58-18,37.6927483624664,126.583984059948,,정상가동,71.4,380,60,2022,,2022-11-23,,,2026-01-02
세일1호 태양광발전소,경기도 김포시 통진읍 김포대로2385번길 67-97,경기도 김포시 통진읍 옹정리 58-18,37.6927483624664,126.583984059948,,정상가동,85.68,380,60,2022,,2022-11-23,,,2026-01-02
선보2 태양광발전소,경기도 김포시 통진읍 고정1로 57,경기도 김포시 통진읍 고정리 201-2,37.7163781187674,126.597177893068,,정상가동,49.56,380,60,2022,,2022-11-22,,,2026-01-02
선보1 태양광발전소,경기도 김포시 통진읍 고정1로 57,경기도 김포시 통진읍 고정리 201-2,37.7163781187674,126.597177893068,,정상가동,99.12,380,60,2022,,2022-11-22,,,2026-01-02
굿모닝학운3호 발전소,경기도 김포시 양촌읍 황금1로 183,경기도 김포시 양촌읍 학운리 2701,37.6219402210653,126.612953301589,,정상가동,46.41,380,60,2022,,2022-11-18,,,2026-01-02
굿모닝학운2호 발전소,경기도 김포시 양촌읍 황금1로 183,경기도 김포시 양촌읍 학운리 2701,37.6219402210653,126.612953301589,,정상가동,88.06,380,60,2022,,2022-11-18,,,2026-01-02
굿모닝학운1호 발전소,경기도 김포시 양촌읍 황금1로 183,경기도 김포시 양촌읍 학운리 2701,37.6219402210653,126.612953301589,,정상가동,99.96,380,60,2022,,2022-11-18,,,2026-01-02
정문3호 태양광발전소,경기도 김포시 대곶면 대곶로202번길 154-34,경기도 김포시 대곶면 송마리 1349,37.6605166192956,126.560536564427,,정상가동,99.96,380,60,2022,,2022-11-16,,,2026-01-02
정문2호 태양광발전소,경기도 김포시 대곶면 대곶로202번길 154-34,경기도 김포시 대곶면 송마리 1349,37.6605166192956,126.560536564427,,정상가동,99.96,380,60,2022,,2022-11-16,,,2026-01-02
정문1호 태양광발전소,경기도 김포시 대곶면 대곶로202번길 154-34,경기도 김포시 대곶면 송마리 1349,37.6605166192956,126.560536564427,,정상가동,99.96,380,60,2022,,2022-11-16,,,2026-01-02
디원2호 태양광발전소,경기도 김포시 통진읍 고정로 236,경기도 김포시 통진읍 고정리 307-1,37.7219190279281,126.594722172295,,정상가동,48.72,380,60,2022,,2022-11-15,,,2026-01-02
디원1호 태양광발전소,경기도 김포시 통진읍 고정로 236,경기도 김포시 통진읍 고정리 307-1,37.7219190279281,126.594722172295,,정상가동,97.44,380,60,2022,,2022-11-15,,,2026-01-02
그린2호 태양광발전소,경기도 김포시 통진읍 김포대로 2474-46,경기도 김포시 통진읍 옹정리 18,37.7004787391229,126.576482571241,,정상가동,85.09,380,60,2022,,2022-11-15,,,2026-01-02
그린1호 태양광발전소,경기도 김포시 통진읍 김포대로 2474-46,경기도 김포시 통진읍 옹정리 18,37.7004787391229,126.576482571241,,정상가동,66.64,380,60,2022,,2022-11-15,,,2026-01-02
햇살2호 태양광발전소,경기도 김포시 통진읍 검암2로 68,경기도 김포시 통진읍 서암리 157,37.7047686486707,126.597983384286,,정상가동,298.35,380,60,2022,,2022-11-10,,,2026-01-02
햇살3호 태양광발전소,경기도 김포시 통진읍 율마로297번길 22,경기도 김포시 통진읍 가현리 331-1,37.6780532988486,126.596789045389,,정상가동,215.28,380,60,2022,,2022-11-10,,,2026-01-02
성도대명 태양광발전소,경기도 김포시 대곶면 대곶로 41-4,경기도 김포시 대곶면 대명리 307-6,37.6487289383424,126.550412881126,,정상가동,59.5,380,60,2022,,2022-11-08,,,2026-01-02
퍼스트레이져 태양광발전소,경기도 김포시 대곶면 대곶서로54번길 65-1,경기도 김포시 대곶면 약암리 159-16,37.6288558398964,126.573926841916,,정상가동,112.04,380,60,2022,,2022-11-04,,,2026-01-02
에코닉3 에이치비엠지티 태양광발전소,경기도 김포시 양촌읍 황금로166번길 15,경기도 김포시 양촌읍 학운리 2721,37.6172222405473,126.614058092766,,정상가동,458.15,380,60,2022,,2022-11-01,,,2026-01-02
보리수8호 태양광발전소,경기도 김포시 대곶면 대곶남로 184-63,경기도 김포시 대곶면 대벽리 1242,37.6137460481624,126.585750743938,,정상가동,94.86,380,60,2022,,2022-11-01,,,2026-01-02
보리수7호 태양광발전소,경기도 김포시 대곶면 대곶남로 184-63,경기도 김포시 대곶면 대벽리 1242,37.6137460481624,126.585750743938,,정상가동,99.99,380,60,2022,,2022-11-01,,,2026-01-02
보리수6호 태양광발전소,경기도 김포시 대곶면 대곶남로 184-63,경기도 김포시 대곶면 대벽리 1242,37.6137460481624,126.585750743938,,정상가동,99.99,380,60,2022,,2022-11-01,,,2026-01-02
보리수5호 태양광발전소,경기도 김포시 대곶면 대곶남로 184-63,경기도 김포시 대곶면 대벽리 1242,37.6137460481624,126.585750743938,,정상가동,99.99,380,60,2022,,2022-11-01,,,2026-01-02
보리수4호 태양광발전소,경기도 김포시 대곶면 대곶남로 184-63,경기도 김포시 대곶면 대벽리 1242,37.6137460481624,126.585750743938,,정상가동,99.99,380,60,2022,,2022-11-01,,,2026-01-02
워시타워 발전소,경기도 김포시 양촌읍 양곡로449번길 58,경기도 김포시 양촌읍 양곡리 1264,37.6568508035215,126.632522800359,,정상가동,90.9,380,60,2022,,2022-10-31,,,2026-01-02
워시돔 발전소,경기도 김포시 양촌읍 양곡로449번길 58,경기도 김포시 양촌읍 양곡리 1264,37.6568508035215,126.632522800359,,정상가동,90.9,380,60,2022,,2022-10-31,,,2026-01-02
동을산3리 협동조합 태양광발전소,경기도 김포시 통진읍 동을산로178번길 61,경기도 김포시 통진읍 동을산리 39-1,37.7002901896488,126.625649494468,,정상가동,19.19,380,60,2022,,2022-10-28,,,2026-01-02
에코닉2 포인플랜 태양광발전소,경기도 김포시 통진읍 애기봉로573번길 26-3,경기도 김포시 통진읍 귀전리 55-11,37.7281192498978,126.60605785344,,정상가동,233.84,380,60,2022,,2022-10-28,,,2026-01-02
기밴테크 태양광발전소,경기도 김포시 통진읍 월하로 340,경기도 김포시 통진읍 고정리 549-6,37.7112733714304,126.593437620748,,정상가동,38.4,380,60,2022,,2022-10-28,,,2026-01-02
비취1호 태양광발전소,경기도 김포시 대곶면 천호로 71-32,경기도 김포시 대곶면 약암리 1023,37.6187546607474,126.560219887849,,정상가동,97.72,380,60,2022,,2022-10-25,,,2026-01-02
진영 발전소,경기도 김포시 월곶면 점동로 81,경기도 김포시 월곶면 갈산리 248,37.7163639642466,126.566146760845,,정상가동,34.56,380,60,2022,,2022-10-18,,,2026-01-02
진에이엠 태양광발전소,경기도 김포시 대곶면 대명항로403번길 71,경기도 김포시 대곶면 율생리 847,37.646399712476,126.578117937402,,정상가동,99.96,380,60,2022,,2022-10-17,,,2026-01-02
세우2호 태양광발전소,경기도 김포시 대곶면 대곶로331번길 121-8,경기도 김포시 대곶면 쇄암리 455-18,37.6720499418411,126.548431765073,,정상가동,73.71,380,60,2022,,2022-10-17,,,2026-01-02
아성2 태양광발전소,경기도 김포시 고촌읍 금포로 521,경기도 김포시 고촌읍 풍곡리 102-3,37.6197184457322,126.763715883754,,정상가동,29.5,380,60,2022,,2022-10-06,,,2026-01-02
NS 태양광발전소,경기도 김포시 양촌읍 황금로258번길 52,경기도 김포시 양촌읍 학운리 3731,37.6143496274527,126.601051221156,,정상가동,99.96,380,60,2022,,2022-10-04,,,2026-01-02
인협 발전소,경기도 김포시 통진읍 옹정로 64-37,경기도 김포시 통진읍 옹정리 320-5,37.6851928314479,126.570392344356,,정상가동,29.58,380,60,2022,,2022-09-29,,,2026-01-02
기펠이엔씨 태양광발전소,경기도 김포시 양촌읍 황금산단5로 29,경기도 김포시 양촌읍 학운리 4133,37.6012310818343,126.601733470033,,정상가동,199.65,380,60,2022,,2022-09-27,,,2026-01-02
SH솔라에너지 태양광발전소,경기도 김포시 양촌읍 황금산단4로 3,"경기도 김포시 양촌읍 학운리 4143 , 4144",37.6005006942174,126.601398660101,,정상가동,99.76,380,60,2022,,2022-09-26,,,2026-01-02
DS솔라젠 태양광발전소,경기도 김포시 양촌읍 황금산단4로 3,"경기도 김포시 양촌읍 학운리 4143 , 4144",37.6005006942174,126.601398660101,,정상가동,99.76,380,60,2022,,2022-09-26,,,2026-01-02
성도옹정1호 태양광발전소,경기도 김포시 통진읍 김포대로2435번길 81-1,경기도 김포시 통진읍 옹정리 78-15,37.6934323160568,126.577755795041,,정상가동,99.96,380,60,2022,,2022-09-23,,,2026-01-02
조강2호 태양광발전소,경기도 김포시 양촌읍 황금산단3로 88,경기도 김포시 양촌읍 학운리 4150,37.5993164077059,126.600430103154,,정상가동,38.28,380,60,2022,,2022-09-19,,,2026-01-02
조강1호 태양광발전소,경기도 김포시 양촌읍 황금산단3로 88,경기도 김포시 양촌읍 학운리 4150,37.5993164077059,126.600430103154,,정상가동,97.44,380,60,2022,,2022-09-19,,,2026-01-02
제이디이엔지 태양광발전소,경기도 김포시 양촌읍 황금산단3로 72,경기도 김포시 양촌읍 학운리 4145,37.6001775593288,126.601706586029,,정상가동,100.0,380,60,2022,,2022-09-14,,,2026-01-02
고운빛 태양광발전소,경기도 김포시 양촌읍 황금산단3로 72,경기도 김포시 양촌읍 학운리 4145,37.6001775593288,126.601706586029,,정상가동,99.83,380,60,2022,,2022-09-14,,,2026-01-02
세진에너지 태양광발전소,경기도 김포시 양촌읍 양곡로130번길 62-5,경기도 김포시 양촌읍 누산리 1090-53,37.670850097665,126.659453799032,,정상가동,295.96,380,60,2022,,2022-09-14,,,2026-01-02
와이제이방음방진 태양광발전소,경기도 김포시 양촌읍 황금산단1로 21,경기도 김포시 양촌읍 학운리 4114,37.6043353848859,126.603326721842,,정상가동,99.9,380,60,2022,,2022-09-14,,,2026-01-02
라우스2호 태양광발전소,경기도 김포시 양촌읍 황금산단2로 58,경기도 김포시 양촌읍 학운리 4103,37.6035925954146,126.602143739397,,정상가동,83.52,380,60,2022,,2022-08-31,,,2026-01-02
라우스1호 태양광발전소,경기도 김포시 양촌읍 황금산단2로 58,경기도 김포시 양촌읍 학운리 4103,37.6035925954146,126.602143739397,,정상가동,97.44,380,60,2022,,2022-08-31,,,2026-01-02
한솔6호 태양광발전소,경기도 김포시 대곶면 대곶서로205번길 9,경기도 김포시 대곶면 상마리 181,37.6378666013606,126.578863990952,,정상가동,58.91,380,60,2022,,2022-08-31,,,2026-01-02
한솔5호 태양광발전소,경기도 김포시 대곶면 대곶서로205번길 9,경기도 김포시 대곶면 상마리 181,37.6378666013606,126.578863990952,,정상가동,99.76,380,60,2022,,2022-08-31,,,2026-01-02
제이에이치쏠라 발전소,경기도 김포시 양촌읍 황금로324번길 23-1,경기도 김포시 양촌읍 학운리 3678,37.611976096649,126.597765707348,,정상가동,97.44,380,60,2022,,2022-08-29,,,2026-01-02
삼아3호 태양광발전소,경기도 김포시 양촌읍 학운산단1로 6,경기도 김포시 양촌읍 학운리 3220,37.6067771077005,126.588450212191,,정상가동,92.8,380,60,2022,,2022-08-29,,,2026-01-02
삼아2호 태양광발전소,경기도 김포시 양촌읍 학운산단1로 6,경기도 김포시 양촌읍 학운리 3220,37.6067771077005,126.588450212191,,정상가동,97.44,380,60,2022,,2022-08-29,,,2026-01-02
삼아1호 태양광발전소,경기도 김포시 양촌읍 학운산단1로 6,경기도 김포시 양촌읍 학운리 3220,37.6067771077005,126.588450212191,,정상가동,97.44,380,60,2022,,2022-08-29,,,2026-01-02
효성양촌위젠 태양광발전소,경기도 김포시 양촌읍 삼도공단로85번길 27-25,경기도 김포시 양촌읍 학운리 448-221,37.6007843098222,126.595883655425,,정상가동,149.04,380,60,2022,,2022-08-29,,,2026-01-02
청록2호 태양광발전소,경기도 김포시 하성면 월하로 632-11,경기도 김포시 하성면 원산리 585-4,37.70863508147,126.624182471086,,정상가동,29.58,380,60,2022,,2022-08-29,,,2026-01-02
청록1호 태양광발전소,경기도 김포시 하성면 월하로 632-11,경기도 김포시 하성면 원산리 585-4,37.70863508147,126.624182471086,,정상가동,99.18,380,60,2022,,2022-08-29,,,2026-01-02
제일 태양광발전소,경기도 김포시 하성면 석평로 3,경기도 김포시 하성면 석탄리 530-3,37.7195701913055,126.635040583408,,정상가동,19.11,380,60,2022,,2022-08-24,,,2026-01-02
인표 태양광발전소,경기도 김포시 대곶면 대명항로 578,경기도 김포시 대곶면 대명리 375-24,37.6466125188605,126.557363196888,,정상가동,37.38,380,60,2022,,2022-08-24,,,2026-01-02
보미 태양광발전소,경기도 김포시 대곶면 대명항로 578,경기도 김포시 대곶면 대명리 375-24,37.6466125188605,126.557363196888,,정상가동,31.63,380,60,2022,,2022-08-24,,,2026-01-02
보람 태양광발전소,경기도 김포시 대곶면 대명항로 578,경기도 김포시 대곶면 대명리 375-24,37.6466125188605,126.557363196888,,정상가동,27.6,380,60,2022,,2022-08-24,,,2026-01-02
신일3호 태양광발전소,경기도 김포시 양촌읍 황금산단6로 19,경기도 김포시 양촌읍 학운리 4117,37.6040487867157,126.602551600938,,정상가동,97.44,380,60,2022,,2022-08-22,,,2026-01-02
신일2호 태양광발전소,경기도 김포시 양촌읍 황금산단6로 19,경기도 김포시 양촌읍 학운리 4117,37.6040487867157,126.602551600938,,정상가동,97.44,380,60,2022,,2022-08-22,,,2026-01-02
신일1호 태양광발전소,경기도 김포시 양촌읍 황금산단6로 19,경기도 김포시 양촌읍 학운리 4117,37.6040487867157,126.602551600938,,정상가동,97.44,380,60,2022,,2022-08-22,,,2026-01-02
한신1호 태양광발전소,경기도 김포시 대곶면 대곶남로 115-2,경기도 김포시 대곶면 대벽리 646-34,37.6111666295576,126.578853885287,,정상가동,95.12,380,60,2022,,2022-08-12,,,2026-01-02
용성철강 태양광발전소,경기도 김포시 양촌읍 황금산단2로 47,경기도 김포시 양촌읍 학운리 0,37.6038667454229,126.603530108681,,정상가동,98.28,380,60,2022,,2022-08-12,,,2026-01-02
한성ENG2호 태양광발전소,경기도 김포시 양촌읍 황금산단2로 49,경기도 김포시 양촌읍 학운리 0,37.6036397856502,126.603288288095,,정상가동,99.12,380,60,2022,,2022-08-12,,,2026-01-02
제이(j)ENG 태양광발전소,경기도 김포시 양촌읍 황금산단1로 49,경기도 김포시 양촌읍 학운리 0,37.605381110914,126.601440907884,,정상가동,99.96,380,60,2022,,2022-08-12,,,2026-01-02
우리 태양광발전소,경기도 김포시 통진읍 서암로 328,경기도 김포시 통진읍 귀전리 674-15,37.7094362897492,126.614243676216,,정상가동,31.86,380,60,2022,,2022-08-10,,,2026-01-02
세움 태양광발전소,경기도 김포시 고촌읍 상미로9번길 19,경기도 김포시 고촌읍 향산리 135-9,37.6207909446633,126.740414917713,,정상가동,84.96,380,60,2022,,2022-08-05,,,2026-01-02
최영진 태양광발전소,경기도 김포시 하성면 원통로78번길 24,경기도 김포시 하성면 원산리 171,37.7180608606713,126.618746860354,,정상가동,99.5,380,60,2022,,2022-08-05,,,2026-01-02
세경에너지 태양광발전소,경기도 김포시 양촌읍 금포로1491번길 207-55,경기도 김포시 양촌읍 누산리 1095-73,37.6682016720803,126.664038531675,,정상가동,67.76,380,60,2022,,2022-07-29,,,2026-01-02
한성3호 태양광발전소,경기도 김포시 양촌읍 황금로128번길 69,경기도 김포시 양촌읍 학운리 2743,37.6207493695688,126.616589151058,,정상가동,89.32,380,60,2022,,2022-07-26,,,2026-01-02
한성2호 태양광발전소,경기도 김포시 양촌읍 황금로128번길 69,경기도 김포시 양촌읍 학운리 2743,37.6207493695688,126.616589151058,,정상가동,97.44,380,60,2022,,2022-07-26,,,2026-01-02
한성1호 태양광발전소,경기도 김포시 통진읍 옹정로 64-52,경기도 김포시 통진읍 옹정리 320-83,37.6858241068293,126.571373097995,,정상가동,55.68,380,60,2022,,2022-07-26,,,2026-01-02
한길2호 태양광발전소,경기도 김포시 양촌읍 황금로292번길 23,경기도 김포시 양촌읍 학운리 3748,37.6132549650704,126.60095411569,,정상가동,99.76,380,60,2022,,2022-07-08,,,2026-01-02
한길1호 태양광발전소,경기도 김포시 양촌읍 황금로292번길 23,경기도 김포시 양촌읍 학운리 3748,37.6132549650704,126.60095411569,,정상가동,99.76,380,60,2022,,2022-07-08,,,2026-01-02
선진3 태양광발전소,경기도 김포시 양촌읍 황금1로 186,경기도 김포시 양촌읍 학운리 2694,37.6225803326021,126.613767144313,,정상가동,50.0,380,60,2022,,2022-07-05,,,2026-01-02
선진2 태양광발전소,경기도 김포시 양촌읍 황금1로 186,경기도 김포시 양촌읍 학운리 2694,37.6225803326021,126.613767144313,,정상가동,99.99,380,60,2022,,2022-07-05,,,2026-01-02
선진 태양광발전소,경기도 김포시 양촌읍 황금1로 174,경기도 김포시 양촌읍 학운리 2695,37.6221871081959,126.614886398181,,정상가동,99.99,380,60,2022,,2022-07-05,,,2026-01-02
명진3 태양광발전소,경기도 김포시 양촌읍 황금1로 174,경기도 김포시 양촌읍 학운리 2695,37.6221871081959,126.614886398181,,정상가동,99.91,380,60,2022,,2022-07-05,,,2026-01-02
명진2 태양광발전소,경기도 김포시 양촌읍 황금1로 174,경기도 김포시 양촌읍 학운리 2695,37.6221871081959,126.614886398181,,정상가동,99.99,380,60,2022,,2022-07-05,,,2026-01-02
김포밋션 태양광발전소,경기도 김포시 양촌읍 양곡우회로 50,경기도 김포시 양촌읍 양곡리 110,37.6660814215033,126.632732312123,,정상가동,26.02,380,60,2022,,2022-06-29,,,2026-01-02
코모토4호 태양광발전소,"경기도 김포시 양촌읍 학운산단1로 29, 코모도",경기도 김포시 양촌읍 학운리 3330 코모도,37.6044115979283,126.588612050948,,정상가동,99.76,380,60,2022,,2022-06-29,,,2026-01-02
코모토3호 태양광발전소,"경기도 김포시 양촌읍 학운산단1로 29, 코모도",경기도 김포시 양촌읍 학운리 3330 코모도,37.6044115979283,126.588612050948,,정상가동,99.76,380,60,2022,,2022-06-29,,,2026-01-02
코모토2호 태양광발전소,"경기도 김포시 양촌읍 학운산단1로 29, 코모도",경기도 김포시 양촌읍 학운리 3330 코모도,37.6044115979283,126.588612050948,,정상가동,99.76,380,60,2022,,2022-06-28,,,2026-01-02
코모토1호 태양광발전소,"경기도 김포시 양촌읍 학운산단1로 29, 코모도",경기도 김포시 양촌읍 학운리 3330 코모도,37.6044115979283,126.588612050948,,정상가동,99.76,380,60,2022,,2022-06-29,,,2026-01-02
대영 태양광발전소,경기도 김포시 양촌읍 황금3로39번길 20-25,경기도 김포시 양촌읍 학운리 3554-4,37.6127878420967,126.616758466456,,정상가동,99.76,380,60,2022,,2022-06-29,,,2026-01-02
덕이상사 태양광발전소,경기도 김포시 통진읍 절골로 87,경기도 김포시 통진읍 옹정리 277-13,37.6829839301012,126.580531733273,,정상가동,29.76,380,60,2022,,2022-06-28,,,2026-01-02
은영1 태양광발전소,경기도 김포시 대곶면 천호로 95-8,경기도 김포시 대곶면 약암리 1102,37.6176809433968,126.563296081303,,정상가동,99.5,380,60,2022,,2022-06-28,,,2026-01-02
코파 발전소,경기도 김포시 월곶면 용강로316번길 28,경기도 김포시 월곶면 용강리 315-47,37.7477477729057,126.560356519768,,정상가동,34.56,380,60,2022,,2022-06-24,,,2026-01-02
비아이티2호 태양광발전소,경기도 김포시 월곶면 점동로 65-127,경기도 김포시 월곶면 갈산리 290,37.7214456561018,126.566825460356,,정상가동,29.68,350,60,2022,,2022-06-24,,,2026-01-02
비아이티1호 태양광발전소,경기도 김포시 월곶면 점동로 65-127,경기도 김포시 월곶면 갈산리 290,37.7214456561018,126.566825460356,,정상가동,29.68,380,60,2022,,2022-06-24,,,2026-01-02
인율4 태양광발전소,경기도 김포시 대곶면 초원로16번길 105-67,경기도 김포시 대곶면 오니산리 18-24,37.6609447960784,126.606314611646,,정상가동,49.6,380,60,2022,,2022-06-20,,,2026-01-02
인율3 태양광발전소,,경기도 김포시 대곶면 오니산리 18-24,37.6611686116443,126.60607565711,,정상가동,99.5,380,60,2022,,2022-06-20,,,2026-01-02
인율2 태양광발전소,경기도 김포시 대곶면 초원로16번길 105-67,경기도 김포시 대곶면 오니산리 18-25,37.6609447960784,126.606314611646,,정상가동,99.5,380,60,2022,,2022-06-20,,,2026-01-02
인율1 태양광발전소,경기도 김포시 대곶면 초원로16번길 105-67,경기도 김포시 대곶면 오니산리 18-25,37.6609447960784,126.606314611646,,정상가동,99.5,380,60,2022,,2022-06-20,,,2026-01-02
제이에이치 발전소,경기도 김포시 대곶면 대곶서로234번길 34,경기도 김포시 대곶면 상마리 110,37.6389392818063,126.581820594428,,정상가동,58.69,380,60,2022,,2022-06-20,,,2026-01-02
영진아이엔씨 태양광발전소,경기도 김포시 하성면 하성로 706-23,경기도 김포시 하성면 양택리 260-1,37.7358921041392,126.632373547198,,정상가동,99.76,380,60,2022,,2022-06-16,,,2026-01-02
영진 태양광발전소,경기도 김포시 하성면 하성로 706-23,경기도 김포시 하성면 양택리 260-1,37.7358921041392,126.632373547198,,정상가동,69.6,380,60,2022,,2022-06-16,,,2026-01-02
노아2 태양광발전소,경기도 김포시 대곶면 대곶서로234번길 27,경기도 김포시 대곶면 상마리 129-11,37.639381175295,126.582115416214,,정상가동,29.25,380,60,2022,,2022-06-13,,,2026-01-02
노아1 태양광발전소,경기도 김포시 대곶면 대곶서로234번길 27,경기도 김포시 대곶면 상마리 129-11,37.639381175295,126.582115416214,,정상가동,99.45,380,60,2022,,2022-06-13,,,2026-01-02
보리수3호 태양광발전소,경기도 김포시 대곶면 대곶남로 184-84,경기도 김포시 대곶면 대벽리 1258-2,37.6121938645414,126.586170029425,,정상가동,99.91,380,60,2022,,2022-06-03,,,2026-01-02
보리수2호 태양광발전소,경기도 김포시 대곶면 대곶남로 184-84,경기도 김포시 대곶면 대벽리 1258-2,37.6121938645414,126.586170029425,,정상가동,99.91,380,60,2022,,2022-06-03,,,2026-01-02
보리수1호 태양광발전소,경기도 김포시 대곶면 대곶남로 184-84,경기도 김포시 대곶면 대벽리 1258-2,37.6121938645414,126.586170029425,,정상가동,99.91,380,60,2022,,2022-06-03,,,2026-01-02
가연3호 태양광발전소,경기도 김포시 대곶면 대곶남로 87-47,경기도 김포시 대곶면 대벽리 939,37.6060871078794,126.572774201485,,정상가동,91.18,380,60,2022,,2022-06-03,,,2026-01-02
가연2호 태양광발전소,경기도 김포시 대곶면 대곶남로 87-47,경기도 김포시 대곶면 대벽리 939,37.6060871078794,126.572774201485,,정상가동,99.96,380,60,2022,,2022-06-03,,,2026-01-02
가연1호 태양광발전소,경기도 김포시 대곶면 대곶남로 87-47,경기도 김포시 대곶면 대벽리 939,37.6060871078794,126.572774201485,,정상가동,91.18,380,60,2022,,2022-06-03,,,2026-01-02
건희3 태양광발전소,경기도 김포시 대곶면 대곶서로 131-8,경기도 김포시 대곶면 약암리 234-28,37.633367522696,126.574783503726,,정상가동,83.78,380,60,2022,,2022-06-03,,,2026-01-02
건희2 태양광발전소,경기도 김포시 대곶면 대곶서로 131-8,경기도 김포시 대곶면 약암리 234-28,37.633367522696,126.574783503726,,정상가동,99.12,380,60,2022,,2022-06-03,,,2026-01-02
건희1 태양광발전소,경기도 김포시 대곶면 대곶서로 131-8,경기도 김포시 대곶면 약암리 234-28,37.633367522696,126.574783503726,,정상가동,81.9,380,60,2022,,2022-06-03,,,2026-01-02
드림 태양광발전소,경기도 김포시 하성면 하성로943번길 26,경기도 김포시 하성면 마조리 106-4,37.755657308734,126.633370025013,,정상가동,38.4,380,60,2022,,2022-06-03,,,2026-01-02
선도식품 태양광발전소,경기도 김포시 고촌읍 상미로9번길 31,경기도 김포시 고촌읍 향산리 135-1,37.6210103251686,126.740410643482,,정상가동,54.32,380,60,2022,,2022-06-03,,,2026-01-02
상명 태양광발전소,경기도 김포시 대곶면 학의동로 87-36,경기도 김포시 대곶면 대명리 91-10,37.6578354448359,126.560473945822,,정상가동,63.05,380,60,2022,,2022-05-30,,,2026-01-02
창성NODE 태양광발전소 3호,경기도 김포시 월곶면 애기봉로 517-11,경기도 김포시 월곶면 개곡리 323,37.7287793571843,126.598279912153,,정상가동,23.04,380,60,2022,,2022-05-26,,,2026-01-02
창성NODE 태양광발전소 2호,경기도 김포시 월곶면 애기봉로 517-7,경기도 김포시 월곶면 개곡리 325-4,37.728558501752,126.598033588769,,정상가동,44.0,380,60,2022,,2022-05-26,,,2026-01-02
해바라기4 태양광발전소,경기도 김포시 대곶면 대곶남로107번길 114-42,경기도 김포시 대곶면 대벽리 654,37.6133779848644,126.574754076956,,정상가동,95.0,380,60,2022,,2022-05-24,,,2026-01-02
해바라기3 태양광발전소,경기도 김포시 대곶면 대곶남로107번길 114-42,경기도 김포시 대곶면 대벽리 654,37.6133779848644,126.574754076956,,정상가동,99.5,380,60,2022,,2022-05-24,,,2026-01-02
해바라기2 태양광발전소,경기도 김포시 대곶면 대곶남로107번길 114-42,경기도 김포시 대곶면 대벽리 654,37.6133779848644,126.574754076956,,정상가동,99.5,380,60,2022,,2022-05-24,,,2026-01-02
해바라기1 태양광발전소,경기도 김포시 대곶면 대곶남로107번길 114-42,경기도 김포시 대곶면 대벽리 654,37.6133779848644,126.574754076956,,정상가동,99.5,380,60,2022,,2022-05-24,,,2026-01-02
공주5농장 태양광발전소,경기도 김포시 대곶면 약산로 16-77,경기도 김포시 대곶면 약암리 1018,37.6197782061082,126.559841540479,,정상가동,99.5,380,60,2022,,2022-05-23,,,2026-01-02
공주4농장 태양광발전소,경기도 김포시 대곶면 약산로 16-77,경기도 김포시 대곶면 약암리 1018,37.6197782061082,126.559841540479,,정상가동,99.5,380,60,2022,,2022-05-23,,,2026-01-02
트윈스팜6 태양광발전소,경기도 김포시 대곶면 대곶북로 24,경기도 김포시 대곶면 초원지리 355-1,37.6562626040362,126.598139214837,,정상가동,68.0,380,60,2022,,2022-05-17,,,2026-01-02
트윈스팜5 태양광발전소,경기도 김포시 대곶면 대곶북로 24,경기도 김포시 대곶면 초원지리 39-1,37.6562626040362,126.598139214837,,정상가동,99.5,380,60,2022,,2022-05-17,,,2026-01-02
트윈스팜4 태양광발전소,경기도 김포시 대곶면 대곶북로 24,경기도 김포시 대곶면 초원지리 39-1,37.6562626040362,126.598139214837,,정상가동,99.5,380,60,2022,,2022-05-17,,,2026-01-02
트윈스팜3 태양광발전소,경기도 김포시 대곶면 초원로16번길 147-61,경기도 김포시 대곶면 오니산리 39-16,37.662049918863,126.608747390005,,정상가동,68.0,380,60,2022,,2022-05-17,,,2026-01-02
트윈스팜2 태양광발전소,경기도 김포시 대곶면 초원로16번길 147-61,경기도 김포시 대곶면 오니산리 39-16,37.662049918863,126.608747390005,,정상가동,99.5,380,60,2022,,2022-05-17,,,2026-01-02
트윈스팜1 태양광발전소,경기도 김포시 대곶면 초원로16번길 147-61,경기도 김포시 대곶면 오니산리 39-16,37.662049918863,126.608747390005,,정상가동,99.5,380,60,2022,,2022-05-17,,,2026-01-02
신한 태양광발전소,경기도 김포시 통진읍 서암로183번길 85,경기도 김포시 통진읍 서암리 236-1,37.7029871948125,126.599581692148,,정상가동,74.8,380,60,2022,,2022-05-13,,,2026-01-02
노을진 태양광발전소,경기도 김포시 하성면 하성로570번길 271,경기도 김포시 하성면 석탄리 427,37.7306077562397,126.64167726811,,정상가동,41.5,380,60,2022,,2022-05-11,,,2026-01-02
선덕 태양광발전소,경기도 김포시 통진읍 김포대로2435번길 112-86,경기도 김포시 통진읍 옹정리 190-16,37.6932111069497,126.570688272731,,정상가동,200.01,380,60,2022,,2022-05-11,,,2026-01-02
보성코퍼레이션2호 태양광발전소,경기도 김포시 양촌읍 황금로166번길 42,경기도 김포시 양촌읍 학운리 2730-1,37.6197093129555,126.613507430585,,정상가동,449.63,380,60,2022,,2022-05-10,,,2026-01-02
블루파워 김포1호 발전소,경기도 김포시 대곶면 대곶남로 53-47,경기도 김포시 대곶면 대벽리 690-52,37.6038887112369,126.575647026071,,정상가동,456.96,380,60,2022,,2022-05-02,,,2026-01-02
유일 태양광발전소,경기도 김포시 하성면 월하로589번길 90-26,경기도 김포시 하성면 원산리 599-12,37.712894313756,126.624462635367,,정상가동,86.4,380,60,2022,,2022-04-29,,,2026-01-02
마모 태양광발전소,경기도 김포시 하성면 월하로589번길 90-36,경기도 김포시 하성면 원산리 599-11,37.7124112674641,126.624818915691,,정상가동,38.4,380,60,2022,,2022-04-29,,,2026-01-02
다복 태양광발전소,경기도 김포시 월곶면 비석동로 110,경기도 김포시 월곶면 갈산리 154-5,37.7112793108709,126.572075269799,,정상가동,84.96,380,60,2022,,2022-04-29,,,2026-01-02
협신철망 태양광발전소,경기도 김포시 대곶면 대곶북로 331-3,경기도 김포시 대곶면 석정리 48-12,37.6739274125262,126.573638534319,,정상가동,99.9,380,60,2022,,2022-04-27,,,2026-01-02
그린월드1호 태양광발전소,경기도 김포시 양촌읍 누산봉성로178번길 117,경기도 김포시 양촌읍 누산리 1066-36,37.6825150239523,126.653393121312,,정상가동,158.4,380,60,2022,,2022-04-27,,,2026-01-02
에스씨큐셀5 태양광발전소,,경기도 김포시 통진읍 옹정리 335,37.698088265405,126.570251042293,,정상가동,99.76,380,60,2022,,2022-04-26,,,2026-01-02
에스씨큐셀4 태양광발전소,,경기도 김포시 통진읍 옹정리 335,37.698088265405,126.570251042293,,정상가동,99.76,380,60,2022,,2022-04-26,,,2026-01-02
에스씨큐셀3 태양광발전소,,경기도 김포시 통진읍 옹정리 335,37.698088265405,126.570251042293,,정상가동,99.76,380,60,2022,,2022-04-26,,,2026-01-02
에스씨큐셀2 태양광발전소,,경기도 김포시 통진읍 옹정리 335,37.698088265405,126.570251042293,,정상가동,90.44,380,60,2022,,2022-04-26,,,2026-01-02
에스씨큐셀1 태양광발전소,,경기도 김포시 통진읍 옹정리 335,37.698088265405,126.570251042293,,정상가동,99.76,380,60,2022,,2022-04-26,,,2026-01-02
에스씨솔라텍5 태양광발전소,,경기도 김포시 통진읍 옹정리 335,37.698088265405,126.570251042293,,정상가동,95.7,380,60,2022,,2022-04-26,,,2026-01-02
에스씨솔라텍4 태양광발전소,,경기도 김포시 통진읍 옹정리 335,37.698088265405,126.570251042293,,정상가동,95.7,380,60,2022,,2022-04-26,,,2026-01-02
에스씨솔라텍3 태양광발전소,,경기도 김포시 통진읍 옹정리 335,37.698088265405,126.570251042293,,정상가동,89.9,380,60,2022,,2022-04-26,,,2026-01-02
에스씨솔라텍2 태양광발전소,,경기도 김포시 통진읍 옹정리 335,37.698088265405,126.570251042293,,정상가동,91.63,380,60,2022,,2022-04-26,,,2026-01-02
에스씨솔라텍1 태양광발전소,,경기도 김포시 통진읍 옹정리 335,37.698088265405,126.570251042293,,정상가동,99.96,380,60,2022,,2022-04-26,,,2026-01-02
(주)삼성케미칼5 태양광발전소,,경기도 김포시 통진읍 옹정리 335,37.698088265405,126.570251042293,,정상가동,99.76,380,60,2022,,2022-04-26,,,2026-01-02
(주)삼성케미칼4 태양광발전소,,경기도 김포시 통진읍 옹정리 335,37.698088265405,126.570251042293,,정상가동,99.76,380,60,2022,,2022-04-26,,,2026-01-02
(주)삼성케미칼3 태양광발전소,,경기도 김포시 통진읍 옹정리 335,37.698088265405,126.570251042293,,정상가동,99.76,380,60,2022,,2022-04-26,,,2026-01-02
(주)삼성케미칼2 태양광발전소,,경기도 김포시 통진읍 옹정리 335,37.698088265405,126.570251042293,,정상가동,99.96,380,60,2022,,2022-04-26,,,2026-01-02
(주)삼성케미칼1 태양광발전소,,경기도 김포시 통진읍 옹정리 335,37.698088265405,126.570251042293,,정상가동,99.96,380,60,2022,,2022-04-26,,,2026-01-02
삼영2호기 태양광발전소,경기도 김포시 대곶면 약산로195번길 82-46,경기도 김포시 대곶면 대벽리 357-7,37.6249956974797,126.579558059218,,정상가동,98.1,380,60,2022,,2022-04-21,,,2026-01-02
명진1호 태양광발전소,경기도 김포시 양촌읍 황금산단4로 21,경기도 김포시 양촌읍 학운리 707,37.5995341482949,126.599836923152,,정상가동,99.0,380,60,2022,,2022-04-12,,,2026-01-02
(주)부원엔지니어링 태양광발전소,"경기도 김포시 양촌읍 황금3로8번길 36, (주)부원엔지니어링",경기도 김포시 양촌읍 학운리 3505 (주)부원엔지니어링,37.6116179164209,126.611605579092,,정상가동,95.58,380,60,2022,,2022-04-12,,,2026-01-02
동이테크 태양광발전소,경기도 김포시 양촌읍 황금로323번길 18,경기도 김포시 양촌읍 학운리 3868,37.6087552178059,126.599873371071,,정상가동,83.3,380,60,2022,,2022-04-12,,,2026-01-02
김포전류리 제3 태양광발전소,경기도 김포시 하성면 월하로860번길 42-66,경기도 김포시 하성면 전류리 254,37.7059816446603,126.644582357339,,정상가동,69.12,380,60,2022,,2022-04-01,,,2026-01-02
김포전류리 제2 태양광발전소,경기도 김포시 하성면 월하로860번길 42-66,경기도 김포시 하성면 전류리 254,37.7059816446603,126.644582357339,,정상가동,99.84,380,60,2022,,2022-04-01,,,2026-01-02
서림하이텍 태양광발전소,경기도 김포시 대곶면 약산로195번길 82-41,경기도 김포시 대곶면 대벽리 353,37.6258328382391,126.579063751221,,정상가동,201.6,380,60,2022,,2022-03-29,,,2026-01-02
브이아이피1호 태양광발전소,경기도 김포시 하성면 마곡로 278,경기도 김포시 하성면 석탄리 734-6,37.7193568514682,126.656823700123,,정상가동,99.84,380,60,2022,,2022-03-25,,,2026-01-02
로하2호 태양광발전소,경기도 김포시 대곶면 대곶북로305번길 212,경기도 김포시 대곶면 석정리 115-6,37.6697281923718,126.566186719904,,정상가동,39.44,380,60,2022,,2022-03-25,,,2026-01-02
로하1호 태양광발전소,경기도 김포시 대곶면 대곶북로305번길 212,경기도 김포시 대곶면 석정리 115-6,37.6697281923718,126.566186719904,,정상가동,99.76,380,60,2022,,2022-03-25,,,2026-01-02
한성ENG 태양광발전소,경기도 김포시 양촌읍 황금로291번길 28,경기도 김포시 양촌읍 학운리 3893,37.6090667696866,126.60409176701,,정상가동,87.79,380,60,2022,,2022-03-16,,,2026-01-02
대경에너지 태양광발전소,경기도 김포시 양촌읍 황금로110번길 40,경기도 김포시 양촌읍 학운리 2770,37.6205761011481,126.6200401734,,정상가동,96.0,380,60,2022,,2022-02-22,,,2026-01-02
갑순네 태양광발전소,경기도 김포시 양촌읍 황금로110번길 40,경기도 김포시 양촌읍 학운리 2770,37.6205761011481,126.6200401734,,정상가동,96.0,380,60,2022,,2022-02-17,,,2026-01-02
대한 태양광발전소,경기도 김포시 월곶면 고정로 79-47,경기도 김포시 월곶면 개곡리 609,37.7273974401742,126.579063983044,,정상가동,86.4,380,60,2022,,2022-02-16,,,2026-01-02
상태 태양광발전소,경기도 김포시 대곶면 약산로 241-40,경기도 김포시 대곶면 대벽리 473,37.6243508278017,126.578991568471,,정상가동,72.0,380,60,2022,,2022-02-09,,,2026-01-02
운양3 연료전지발전소,경기도 김포시 모담공원로 151(운양동),경기도 김포시 운양동 1317-11,37.6493233210632,126.694779092588,,정상가동,900.0,22900,60,2022,,2022-01-24,,,2026-01-02
운양2 연료전지발전소,경기도 김포시 김포한강11로 182(운양동),경기도 김포시 운양동 1338-5,37.6494290336797,126.678772748591,,정상가동,600.0,22900,60,2022,,2022-01-24,,,2026-01-02
운양1 연료전지발전소,경기도 김포시 김포한강1로 250(운양동),경기도 김포시 운양동 1309-8,37.6533267564685,126.684749522195,,정상가동,600.0,22900,60,2022,,2022-01-24,,,2026-01-02
마산1 연료전지발전소,경기도 김포시 김포한강8로194번길 20-8(마산동),경기도 김포시 마산동 645-24,37.6388076480315,126.645157638111,,정상가동,900.0,22900,60,2022,,2022-01-24,,,2026-01-02
고촌 연료전지발전소,경기도 김포시 고촌읍 은행영사정로23번길 52-15,경기도 김포시 고촌읍 신곡리 1109,37.6038907410486,126.77281400804,,정상가동,900.0,22900,60,2022,,2022-01-24,,,2026-01-02
삼일프레임 3호 발전소,경기도 김포시 통진읍 고척로 255,경기도 김포시 통진읍 고정리 219-7,37.7165021534159,126.596589833911,,정상가동,27.23,380,60,2022,,2022-01-19,,,2026-01-02
삼일프레임 2호 발전소,경기도 김포시 통진읍 고척로 255,경기도 김포시 통진읍 고정리 219-7,37.7165021534159,126.596589833911,,정상가동,31.46,380,60,2022,,2022-01-19,,,2026-01-02
삼일프레임 1호 발전소,경기도 김포시 통진읍 고척로 255,경기도 김포시 통진읍 고정리 219-7,37.7165021534159,126.596589833911,,정상가동,26.62,380,60,2022,,2022-01-19,,,2026-01-02
드래곤에너지 태양광발전소,경기도 김포시 대곶면 종생로 220,경기도 김포시 대곶면 대능리 51-1,37.6397163402951,126.605295806852,,정상가동,90.48,380,60,2022,,2022-01-11,,,2026-01-02
성호개발 태양광발전소,경기도 김포시 대곶면 대곶서로 1-35,경기도 김포시 대곶면 약암리 1-57,37.6227225878646,126.569407423657,,정상가동,99.9,380,60,2022,,2022-01-11,,,2026-01-02
초원 태양광발전소,경기도 김포시 대곶면 율마로 69,경기도 김포시 대곶면 초원지리 409-4,37.6579279927806,126.594906283239,,정상가동,18.9,380,60,2022,,2021-12-30,,,2026-01-02
신성스텐2호 태양광발전소,경기도 김포시 통진읍 절골로 107,경기도 김포시 통진읍 옹정리 271,37.6840239113003,126.581797181586,,정상가동,19.64,220,60,2022,,2021-12-28,,,2026-01-02
신성스텐1호 태양광발전소,경기도 김포시 통진읍 절골로 107,경기도 김포시 통진읍 옹정리 271,37.6840239113003,126.581797181586,,정상가동,19.64,220,60,2022,,2021-12-28,,,2026-01-02
도킹호텔3호 태양광발전소,경기도 김포시 대곶면 대명항1로 50,경기도 김포시 대곶면 대명리 482-4,37.6433460057984,126.546750767628,,정상가동,29.65,380,60,2022,,2021-12-27,,,2026-01-02
도킹호텔2호 태양광발전소,경기도 김포시 대곶면 대명항1로 50,경기도 김포시 대곶면 대명리 482-4,37.6433460057984,126.546750767628,,정상가동,29.04,380,60,2022,,2021-12-27,,,2026-01-02
도킹호텔1호 태양광발전소,경기도 김포시 대곶면 대명항1로 50,경기도 김포시 대곶면 대명리 482-4,37.6433460057984,126.546750767628,,정상가동,30.86,380,60,2022,,2021-12-27,,,2026-01-02
행복자원 태양광발전소,경기도 김포시 월곶면 월하로 149,경기도 김포시 월곶면 갈산리 116-8,37.7139782695698,126.573872205078,,정상가동,27.16,380,60,2022,,2021-12-15,,,2026-01-02
청담 태양광발전소,경기도 김포시 하성면 월하로 989,경기도 김포시 하성면 전류리 459-20,37.7017326090858,126.661746134407,,정상가동,29.58,380,60,2022,,2021-12-15,,,2026-01-02
상흠3호 태양광발전소,경기도 김포시 대곶면 약산로 16-78,경기도 김포시 대곶면 약암리 1034,37.6198933905021,126.558429175986,,정상가동,49.5,380,60,2022,,2021-12-07,,,2026-01-02
상흠2호 태양광발전소,경기도 김포시 대곶면 약산로 16-78,경기도 김포시 대곶면 약암리 1034,37.6198933905021,126.558429175986,,정상가동,99.5,380,60,2022,,2021-12-07,,,2026-01-02
상흠1호 태양광발전소,경기도 김포시 대곶면 약산로 16-78,경기도 김포시 대곶면 약암리 1034,37.6198933905021,126.558429175986,,정상가동,99.5,380,60,2022,,2021-12-07,,,2026-01-02
청담테크 태양광발전소,경기도 김포시 하성면 월하로 1002,경기도 김포시 하성면 전류리 43-6,37.7004073377933,126.66186044646,,정상가동,29.9,380,60,2022,,2021-12-06,,,2026-01-02
공주3농장 태양광발전소,경기도 김포시 대곶면 약산로 16-77,경기도 김포시 대곶면 약암리 1018,37.6197782061082,126.559841540479,,정상가동,99.0,380,60,2022,,2021-12-06,,,2026-01-02
경화3 태양광발전소,경기도 김포시 고촌읍 금포로549번길 297,경기도 김포시 고촌읍 향산리 389,37.6257464912163,126.745604127291,,정상가동,15.36,380,60,2022,,2021-12-01,,,2026-01-02
경화2 태양광발전소,경기도 김포시 고촌읍 금포로549번길 297,경기도 김포시 고촌읍 향산리 389,37.6257464912163,126.745604127291,,정상가동,29.76,380,60,2022,,2021-12-01,,,2026-01-02
경화1 태양광발전소,경기도 김포시 고촌읍 금포로549번길 297,경기도 김포시 고촌읍 향산리 389,37.6257464912163,126.745604127291,,정상가동,29.76,380,60,2022,,2021-12-01,,,2026-01-02
영광2호 태양광발전소,경기도 김포시 양촌읍 황금로257번길 14,경기도 김포시 양촌읍 학운리 3934,37.6115351974748,126.606544073257,,정상가동,95.7,380,60,2022,,2021-11-26,,,2026-01-02
영광1호 태양광발전소,경기도 김포시 양촌읍 황금로257번길 14,경기도 김포시 양촌읍 학운리 3934,37.6115351974748,126.606544073257,,정상가동,98.02,380,60,2022,,2021-11-26,,,2026-01-02
다니엘2 태양광발전소,경기도 김포시 대곶면 천호로 45-78,경기도 김포시 대곶면 약암리 1079,37.6179229706374,126.558050963957,,정상가동,99.5,380,60,2022,,2021-11-22,,,2026-01-02
선신이엔지 태양광발전소,경기도 김포시 통진읍 원통로 22-1,경기도 김포시 통진읍 귀전리 643,37.7142258544971,126.617234178102,,정상가동,95.06,380,60,2022,,2021-11-15,,,2026-01-02
유경C 태양광발전소,경기도 김포시 하성면 하성로682번길 48,경기도 김포시 하성면 양택리 296,37.732888183852,126.63081325343,,정상가동,69.84,380,60,2022,,2021-11-09,,,2026-01-02
지후 태양광발전소 1호,경기도 김포시 대곶면 상마신기로 81-14,경기도 김포시 대곶면 상마리 250-3,37.6426157278338,126.574239391373,,정상가동,19.58,380,60,2022,,2021-11-01,,,2026-01-02
한솔4 태양광발전소,경기도 김포시 대곶면 약산로195번길 69,경기도 김포시 대곶면 대벽리 381,37.6261016412694,126.576858380619,,정상가동,46.08,380,60,2022,,2021-11-01,,,2026-01-02
한솔3 태양광발전소,경기도 김포시 월곶면 안진골로 113-9,경기도 김포시 월곶면 갈산리 269-13,37.721934165297,126.570990997656,,정상가동,86.4,380,60,2022,,2021-11-01,,,2026-01-02
김흥용2 태양광발전소,경기도 김포시 대곶면 종생로136번길 74,경기도 김포시 대곶면 율생리 212-1,37.6437090914245,126.595998624197,,정상가동,47.25,380,60,2022,,2021-10-25,,,2026-01-02
일화식품2호 태양광발전소,경기도 김포시 통진읍 도사로 38-13,경기도 김포시 통진읍 도사리 230-7,37.6877021437061,126.616969760093,,정상가동,85.68,380,60,2022,,2021-10-21,,,2026-01-02
일화식품1호 태양광발전소,경기도 김포시 통진읍 도사로 38-11,경기도 김포시 통진읍 도사리 230-2,37.687593228983,126.616696410553,,정상가동,85.68,380,60,2022,,2021-10-21,,,2026-01-02
KM3 태양광발전소,경기도 김포시 양촌읍 삼도로 10-16,경기도 김포시 양촌읍 학운리 885,37.6033555331944,126.582703526344,,정상가동,29.9,380,60,2022,,2021-10-20,,,2026-01-02
KM2 태양광발전소,경기도 김포시 양촌읍 삼도로 10-16,경기도 김포시 양촌읍 학운리 885,37.6033555331944,126.582703526344,,정상가동,29.9,380,60,2022,,2021-10-20,,,2026-01-02
KM1 태양광발전소,경기도 김포시 양촌읍 삼도로 10-16,경기도 김포시 양촌읍 학운리 885,37.6033555331944,126.582703526344,,정상가동,29.9,380,60,2022,,2021-10-20,,,2026-01-02
에스디2 태양광발전소,경기도 김포시 양촌읍 삼도로 10-16,경기도 김포시 양촌읍 학운리 885,37.6033555331944,126.582703526344,,정상가동,29.9,380,60,2022,,2021-10-20,,,2026-01-02
에스디1 태양광발전소,경기도 김포시 양촌읍 삼도로 10-16,경기도 김포시 양촌읍 학운리 885,37.6033555331944,126.582703526344,,정상가동,29.9,380,60,2022,,2021-10-20,,,2026-01-02
서마마을 태양광발전소,경기도 김포시 하성면 월하로 751,경기도 김포시 하성면 마곡리 449-28,37.7104275555199,126.63797370298,,정상가동,20.0,380,60,2022,,2021-10-18,,,2026-01-02
대진B 태양광발전소,경기도 김포시 통진읍 애기봉로 616-43,경기도 김포시 통진읍 귀전리 40-38,37.7239855124772,126.607945309101,,정상가동,99.84,380,60,2022,,2021-10-14,,,2026-01-02
대진A 태양광발전소,경기도 김포시 통진읍 애기봉로 616-43,경기도 김포시 통진읍 귀전리 40-38,37.7239855124772,126.607945309101,,정상가동,99.84,380,60,2022,,2021-10-14,,,2026-01-02
봉성2호 태양광발전소,경기도 김포시 하성면 봉성로 164-105,경기도 김포시 하성면 봉성리 246-4,37.6934859613004,126.646492522077,,정상가동,66.24,380,60,2022,,2021-10-14,,,2026-01-02
봉성1호 태양광발전소,경기도 김포시 하성면 봉성로 164-105,경기도 김포시 하성면 봉성리 246-4,37.6934859613004,126.646492522077,,정상가동,99.63,380,60,2022,,2021-10-14,,,2026-01-02
조병재부동산3호 발전소,경기도 김포시 하성면 원통로 33,경기도 김포시 하성면 원산리 57-8,37.71526424475,126.616992024862,,정상가동,29.58,380,60,2022,,2021-10-07,,,2026-01-02
조병재부동산2호 발전소,경기도 김포시 하성면 원통로 33,경기도 김포시 하성면 원산리 57-8,37.71526424475,126.616992024862,,정상가동,29.58,380,60,2022,,2021-10-07,,,2026-01-02
조병재부동산1호 발전소,경기도 김포시 하성면 원통로 33,경기도 김포시 하성면 원산리 57-8,37.71526424475,126.616992024862,,정상가동,29.58,380,60,2022,,2021-10-07,,,2026-01-02
수현 발전소,경기도 김포시 하성면 원통로 33,경기도 김포시 하성면 원산리 57-8,37.71526424475,126.616992024862,,정상가동,29.58,380,60,2022,,2021-10-07,,,2026-01-02
미래 태양광발전소,경기도 김포시 통진읍 서암로 258-5,경기도 김포시 통진읍 서암리 310-4,37.7045988782988,126.609965933257,,정상가동,15.66,380,60,2022,,2021-10-07,,,2026-01-02
양순2 태양광발전소,경기도 김포시 하성면 월하로778번길 54,경기도 김포시 하성면 마곡리 416-5,37.7087906202516,126.63895513961,,정상가동,65.28,380,60,2022,,2021-10-06,,,2026-01-02
양순1 태양광발전소,경기도 김포시 하성면 월하로778번길 54,경기도 김포시 하성면 마곡리 416-5,37.7087906202516,126.63895513961,,정상가동,65.28,380,60,2022,,2021-10-06,,,2026-01-02
무결 발전소,경기도 김포시 통진읍 서암고정로 277,경기도 김포시 통진읍 서암리 19-2,37.7085080489402,126.602961170765,,정상가동,29.7,380,60,2022,,2021-09-30,,,2026-01-02
학비1호 태양광발전소,경기도 김포시 통진읍 마송2로104번길 58-29,경기도 김포시 통진읍 마송리 364-1,,,,정상가동,57.6,380,60,2022,,2021-09-23,,,2026-01-02
해누리 태양광발전소,경기도 김포시 하성면 마조로 9,경기도 김포시 하성면 마조리 829,37.740381511582,126.629349246852,,정상가동,42.8,380,60,2022,,2021-09-17,,,2026-01-02
제일 태양광발전소,경기도 김포시 양촌읍 유현삭시로 150,경기도 김포시 양촌읍 학운리 255-3,37.6274899444987,126.612168595297,,정상가동,84.66,380,60,2022,,2021-09-15,,,2026-01-02
서림테크놀로지 발전소,경기도 김포시 하성면 석평로 157,경기도 김포시 하성면 석탄리 324-36,37.7253323362209,126.649684697917,,정상가동,19.68,380,60,2022,,2021-09-15,,,2026-01-02
동을산2리 새마을회 태양광발전소,경기도 김포시 통진읍 동을산로 130,경기도 김포시 통진읍 동을산리 414-5,37.7001237917668,126.623304924501,,정상가동,11.7,380,60,2022,,2021-09-14,,,2026-01-02
유현2 태양광발전소,경기도 김포시 대곶면 대명항로117번길 80-32,경기도 김포시 대곶면 율생리 46-13,37.6526920142345,126.602361158799,,정상가동,99.51,380,60,2022,,2021-09-10,,,2026-01-02
유현1 태양광발전소,경기도 김포시 대곶면 대명항로117번길 80-32,경기도 김포시 대곶면 율생리 46-13,37.6526920142345,126.602361158799,,정상가동,99.51,380,60,2022,,2021-09-10,,,2026-01-02
유현 태양광발전소,경기도 김포시 대곶면 대명항로117번길 80-32,경기도 김포시 대곶면 율생리 46-13,37.6526920142345,126.602361158799,,정상가동,99.51,380,60,2022,,2021-09-10,,,2026-01-02
세우 태양광발전소,경기도 김포시 대곶면 쇄암로117번길 61-60,경기도 김포시 대곶면 쇄암리 353-2,37.6742240638862,126.538834741016,,정상가동,140.14,380,60,2022,,2021-09-06,,,2026-01-02
삼신2호 태양광발전소,경기도 김포시 대곶면 율생중앙로 175,경기도 김포시 대곶면 송마리 121-1,37.660651171455,126.573108034957,,정상가동,29.76,380,60,2022,,2021-09-02,,,2026-01-02
삼신1호 태양광발전소,경기도 김포시 대곶면 율생중앙로 175,경기도 김포시 대곶면 송마리 121-1,37.660651171455,126.573108034957,,정상가동,29.76,380,60,2022,,2021-09-02,,,2026-01-02
제이와이컴퍼니 태양광발전소 2호,경기도 김포시 통진읍 대곶북로 300,경기도 김포시 통진읍 가현리 726-2,37.6724176659132,126.57664391915,,정상가동,59.52,380,60,2022,,2021-08-19,,,2026-01-02
제이와이컴퍼니 태양광발전소 1호,경기도 김포시 통진읍 대곶북로 300,경기도 김포시 통진읍 가현리 726-2,37.6724176659132,126.57664391915,,정상가동,99.84,380,60,2022,,2021-08-19,,,2026-01-02
엠디컴퍼니 태양광발전소 2호,경기도 김포시 통진읍 대곶북로 300,경기도 김포시 통진읍 가현리 726-2,37.6724176659132,126.57664391915,,정상가동,59.52,380,60,2022,,2021-08-19,,,2026-01-02
엠디컴퍼니 태양광발전소1호,경기도 김포시 대곶면 율생중앙로206번길 47,경기도 김포시 대곶면 송마리 145-1,37.6636469916738,126.574676118155,,정상가동,99.84,380,60,2022,,2021-08-19,,,2026-01-02
창성4호 태양광발전소,경기도 김포시 하성면 마조로 9,경기도 김포시 하성면 마조리 829,37.740381511582,126.629349246852,,정상가동,60.48,380,60,2022,,2021-08-10,,,2026-01-02
양지마을2 태양광발전소,경기도 김포시 하성면 마조로 9,경기도 김포시 하성면 마조리 829,37.740381511582,126.629349246852,,정상가동,59.92,380,60,2022,,2021-08-10,,,2026-01-02
양지마을1 태양광발전소,경기도 김포시 하성면 마조로 9,경기도 김포시 하성면 마조리 829,37.740381511582,126.629349246852,,정상가동,86.67,380,60,2022,,2021-08-10,,,2026-01-02
해누리2호 태양광발전소,경기도 김포시 하성면 마조로 9,경기도 김포시 하성면 마조리 829,37.740381511582,126.629349246852,,정상가동,86.67,380,60,2022,,2021-08-10,,,2026-01-02
창성6호 태양광발전소,경기도 김포시 하성면 마조로 9,경기도 김포시 하성면 마조리 829,37.740381511582,126.629349246852,,정상가동,87.36,380,60,2022,,2021-08-10,,,2026-01-02
창성3호 태양광발전소,경기도 김포시 하성면 마조로 9,경기도 김포시 하성면 마조리 829,37.740381511582,126.629349246852,,정상가동,87.36,380,60,2022,,2021-08-10,,,2026-01-02
창성2호 태양광발전소,경기도 김포시 하성면 마조로 9,경기도 김포시 하성면 마조리 829,37.740381511582,126.629349246852,,정상가동,87.36,380,60,2022,,2021-08-10,,,2026-01-02
창성1호 태양광발전소,경기도 김포시 하성면 마조로 9,경기도 김포시 하성면 마조리 829,37.740381511582,126.629349246852,,정상가동,86.67,380,60,2022,,2021-08-10,,,2026-01-02
에스엠테크 태양광발전소,경기도 김포시 양촌읍 황금로 346-1,경기도 김포시 양촌읍 학운리 3657,37.6095662469632,126.597504609951,,정상가동,199.47,380,60,2022,,2021-08-04,,,2026-01-02
JMK 태양광발전소,경기도 김포시 월곶면 애기봉로456번길 7,경기도 김포시 월곶면 개곡리 269-1,37.7301923970474,126.592260515559,,정상가동,29.25,380,60,2022,,2021-07-30,,,2026-01-02
모담6호 태양광발전소,경기도 김포시 월곶면 포내로 170,경기도 김포시 월곶면 포내리 334-3,37.7199847524335,126.524646542929,,정상가동,96.3,380,60,2022,,2021-07-28,,,2026-01-02
모담5호 태양광발전소,경기도 김포시 월곶면 포내로 170,경기도 김포시 월곶면 포내리 334-3,37.7199847524335,126.524646542929,,정상가동,96.3,380,60,2022,,2021-07-28,,,2026-01-02
모담4호 태양광발전소,경기도 김포시 월곶면 포내로 170,경기도 김포시 월곶면 포내리 334-3,37.7199847524335,126.524646542929,,정상가동,96.3,380,60,2022,,2021-07-28,,,2026-01-02
모담3호 태양광발전소,경기도 김포시 월곶면 포내로 170,경기도 김포시 월곶면 포내리 334-3,37.7199847524335,126.524646542929,,정상가동,96.3,380,60,2022,,2021-07-28,,,2026-01-02
모담2호 태양광발전소,경기도 김포시 월곶면 포내로 170,경기도 김포시 월곶면 포내리 334-3,37.7199847524335,126.524646542929,,정상가동,96.3,380,60,2022,,2021-07-28,,,2026-01-02
모담1호 태양광발전소,경기도 김포시 월곶면 포내로 170,경기도 김포시 월곶면 포내리 334-3,37.7199847524335,126.524646542929,,정상가동,48.15,380,60,2022,,2021-07-28,,,2026-01-02
신동길 태양광발전소,경기도 김포시 상미로10번길 104-31(사우동),경기도 김포시 사우동 377-1,37.6173195686458,126.74298115238,,정상가동,34.83,380,60,2022,,2021-07-26,,,2026-01-02
삼원 태양광발전소,경기도 김포시 하성면 마곡로117번길 133,경기도 김포시 하성면 마곡리 213,37.717783028739,126.643252513442,,정상가동,93.38,380,60,2022,,2021-06-10,,,2026-01-02
삼일전력 태양광발전소,경기도 김포시 하성면 마곡로117번길 133,경기도 김포시 하성면 마곡리 213-1,37.717783028739,126.643252513442,,정상가동,98.44,380,60,2022,,2021-06-10,,,2026-01-02
대선이앤지3호 태양광발전소,경기도 김포시 양촌읍 황금로110번길 69,경기도 김포시 양촌읍 학운리 2761,37.6215644615179,126.618053321097,,정상가동,99.65,380,60,2022,,2021-05-18,,,2026-01-02
대선이앤지2호 태양광발전소,경기도 김포시 양촌읍 황금로110번길 69,경기도 김포시 양촌읍 학운리 2761,37.6215644615179,126.618053321097,,정상가동,83.72,380,60,2022,,2021-05-18,,,2026-01-02
대선이앤지1호 태양광발전소,경기도 김포시 양촌읍 황금로110번길 69,경기도 김포시 양촌읍 학운리 2761,37.6215644615179,126.618053321097,,정상가동,83.72,380,60,2022,,2021-05-18,,,2026-01-02
정안 태양광발전소,경기도 김포시 통진읍 가현로 72-35,경기도 김포시 통진읍 가현리 343,37.6693674938318,126.585415474993,,정상가동,99.64,380,60,2022,,2021-05-14,,,2026-01-02
선정1 태양광발전소,경기도 김포시 통진읍 가현로 72-35,경기도 김포시 통진읍 가현리 343,37.6693674938318,126.585415474993,,정상가동,99.64,380,60,2022,,2021-05-14,,,2026-01-02
선정 태양광발전소,경기도 김포시 통진읍 가현로 72-35,경기도 김포시 통진읍 가현리 343,37.6693674938318,126.585415474993,,정상가동,99.64,380,60,2022,,2021-05-14,,,2026-01-02
뉴고려2 태양광발전소,경기도 김포시 월곶면 곰바위로17번길 9,경기도 김포시 월곶면 군하리 398-8,37.7129041204446,126.543189076183,,정상가동,99.36,380,60,2022,,2021-05-10,,,2026-01-02
뉴고려1 태양광발전소,경기도 김포시 월곶면 곰바위로17번길 9,경기도 김포시 월곶면 군하리 398-1,37.7129041204446,126.543189076183,,정상가동,99.36,380,60,2022,,2021-05-10,,,2026-01-02
부흥 태양광발전소,경기도 김포시 대곶면 대곶로423번길 179-74,경기도 김포시 대곶면 쇄암리 1-126,37.6793455723073,126.548222380875,,정상가동,29.58,380,60,2022,,2021-05-07,,,2026-01-02
영에너지 발전소,경기도 김포시 대곶면 대명항로 580,경기도 김포시 대곶면 대명리 375-1,37.6462796504182,126.557110451018,,정상가동,91.2,380,60,2022,,2021-04-07,,,2026-01-02
친구 태양광발전소,경기도 김포시 하성면 귀전로 212,경기도 김포시 하성면 원산리 106-2,37.7215432129643,126.620065725776,,정상가동,99.51,380,60,2022,,2021-04-07,,,2026-01-02
우리 발전소,경기도 김포시 하성면 석평로224번길 149-25,경기도 김포시 하성면 석탄리 579,37.7334565259027,126.6590542717,,정상가동,86.4,380,60,2022,,2021-04-02,,,2026-01-02
정곡 발전소,경기도 김포시 월곶면 고정로217번길 51-36,경기도 김포시 월곶면 개곡리 417,37.7254831410454,126.591792002394,,정상가동,99.0,380,60,2022,,2021-03-31,,,2026-01-02
대한E 태양광발전소,경기도 김포시 월곶면 고양로115번길 159-55,경기도 김포시 월곶면 고양리 17-9,37.6924935860036,126.552254136975,,정상가동,42.5,380,60,2022,,2021-03-25,,,2026-01-02
대한D 태양광발전소,경기도 김포시 월곶면 고양로115번길 159-55,경기도 김포시 월곶면 고양리 17-9,37.6924935860036,126.552254136975,,정상가동,37.4,380,60,2022,,2021-03-25,,,2026-01-02
대한C 태양광발전소,경기도 김포시 월곶면 고양로115번길 159-55,경기도 김포시 월곶면 고양리 17-9,37.6924935860036,126.552254136975,,정상가동,97.75,380,60,2022,,2021-03-25,,,2026-01-02
대한B 태양광발전소,경기도 김포시 월곶면 고양로115번길 159-55,경기도 김포시 월곶면 고양리 17-9,37.6924935860036,126.552254136975,,정상가동,44.2,380,60,2022,,2021-03-25,,,2026-01-02
대한A 태양광발전소,경기도 김포시 월곶면 고양로115번길 159-55,경기도 김포시 월곶면 고양리 17-9,37.6924935860036,126.552254136975,,정상가동,78.2,380,60,2022,,2021-03-25,,,2026-01-02
아마미 태양광발전소,경기도 김포시 하성면 오정동로 107,경기도 김포시 하성면 석탄리 235,37.7234300241721,126.651139976982,,정상가동,29.12,380,60,2022,,2021-03-05,,,2026-01-02
삼정정테크,경기도 김포시 하성면 석평로121번길 59,경기도 김포시 하성면 석탄리 616-5,37.7232531416877,126.64291730245,,정상가동,70.53,380,60,2022,,2021-03-09,,,2026-01-02
유경B 태양광발전소,경기도 김포시 하성면 하성로682번길 48,경기도 김포시 하성면 양택리 296,37.732888183852,126.63081325343,,정상가동,97.85,380,60,2022,,2021-03-09,,,2026-01-02
은성 태양광,경기도 김포시 양촌읍 금포로1491번길 282,경기도 김포시 양촌읍 누산리 1063-39,37.6729127836809,126.662901011824,,정상가동,99.65,380,60,2022,,2021-02-26,,,2026-01-02
누산 태양광,경기도 김포시 양촌읍 금포로1491번길 282,경기도 김포시 양촌읍 누산리 1063-39,37.6729127836809,126.662901011824,,정상가동,99.65,380,60,2022,,2021-02-26,,,2026-01-02
가야 태양광,경기도 김포시 양촌읍 금포로1491번길 282,경기도 김포시 양촌읍 누산리 1063-39,37.6729127836809,126.662901011824,,정상가동,99.65,380,60,2022,,2021-02-26,,,2026-01-02
다다 태양광,경기도 김포시 양촌읍 금포로1491번길 282,경기도 김포시 양촌읍 누산리 1063-39,37.6729127836809,126.662901011824,,정상가동,99.65,380,60,2022,,2021-02-26,,,2026-01-02
kepco-3-F10 한성교구 다동 태양광,경기도 김포시 통진읍 가현로85번길 99-32,경기도 김포시 통진읍 가현리 631-2,37.6782722573908,126.583571909218,,정상가동,99.45,380,60,2022,,2021-02-17,,,2026-01-02
kepco-3-F9 한성교구 나동 태양광,경기도 김포시 통진읍 가현로85번길 99-32,경기도 김포시 통진읍 가현리 631-2,37.6782722573908,126.583571909218,,정상가동,99.45,380,60,2022,,2021-02-17,,,2026-01-02
kepco-3-F8 한성교구 가동 태양광,경기도 김포시 통진읍 가현로85번길 99-32,경기도 김포시 통진읍 가현리 631-2,37.6782722573908,126.583571909218,,정상가동,99.45,380,60,2022,,2021-02-17,,,2026-01-02
석정 태양광발전소,경기도 김포시 대곶면 대곶로328번길 61-26,경기도 김포시 대곶면 석정리 174-3,37.6739311057359,126.559443978968,,정상가동,39.69,380,60,2022,,2021-02-10,,,2026-01-02
민2 태양광발전소,경기도 김포시 고촌읍 금파로378번길 21,경기도 김포시 고촌읍 향산리 454,37.6266588526793,126.743658815876,,정상가동,39.95,380,60,2022,,2021-02-08,,,2026-01-02
민1 태양광발전소,경기도 김포시 고촌읍 금포로549번길 305-70,경기도 김포시 고촌읍 향산리 429,37.6240698822681,126.743124316644,,정상가동,59.5,380,60,2022,,2021-02-08,,,2026-01-02
난초 태양광발전소,경기도 김포시 월곶면 군하로 125-16,경기도 김포시 월곶면 갈산리 518-22,37.7055024804456,126.557693606411,,정상가동,29.75,380,60,2022,,2021-01-29,,,2026-01-02
가원 태양광발전소,경기도 김포시 월곶면 군하로 125-16,경기도 김포시 월곶면 갈산리 518-22,37.7055024804456,126.557693606411,,정상가동,29.75,380,60,2022,,2021-01-29,,,2026-01-02
김포에이원 태양광발전소,경기도 김포시 고촌읍 금포로 611,경기도 김포시 고촌읍 향산리 233,37.6225431293789,126.753456599397,,정상가동,79.5,380,60,2022,,2021-01-28,,,2026-01-02
한솔2 태양광발전소,경기도 김포시 통진읍 김포대로1951번길 42-30,경기도 김포시 통진읍 도사리 896-9,37.6791683729972,126.624866454705,,정상가동,99.45,380,60,2022,,2021-01-21,,,2026-01-02
한솔1 태양광발전소,경기도 김포시 통진읍 김포대로1951번길 42-30,경기도 김포시 통진읍 도사리 896-9,37.6791683729972,126.624866454705,,정상가동,29.25,380,60,2022,,2021-01-21,,,2026-01-02
초지3호 태양광발전소,경기도 김포시 양촌읍 구래로59번길 115,경기도 김포시 양촌읍 구래리 276-1,37.6465886762819,126.618310924639,,정상가동,21.75,380,60,2022,,2021-01-21,,,2026-01-02
공주2농장 태양광발전소,경기도 김포시 대곶면 약산로 16-77,경기도 김포시 대곶면 약암리 1018,37.6197782061082,126.559841540479,,정상가동,99.65,380,60,2022,,2021-01-13,,,2026-01-02
공주1농장 태양광발전소,경기도 김포시 대곶면 약산로 16-77,경기도 김포시 대곶면 약암리 1018,37.6197782061082,126.559841540479,,정상가동,99.65,380,60,2022,,2021-01-13,,,2026-01-02
성호 태양광발전소,경기도 김포시 대곶면 대곶서로 28-20,경기도 김포시 대곶면 약암리 114-3,37.6256727668407,126.572134134692,,정상가동,99.51,380,60,2022,,2021-01-13,,,2026-01-02
검단종합철강 태양광발전소,경기도 김포시 대곶면 대곶북로 425,경기도 김포시 대곶면 석정리 2-22,37.680156093573,126.569937563957,,정상가동,36.4,380,60,2022,,2021-01-08,,,2026-01-02
초지2호 태양광발전소,경기도 김포시 양촌읍 대곶남로 729,경기도 김포시 양촌읍 구래리 277-7,37.6462365138562,126.61834807957,,정상가동,29.58,380,60,2022,,2020-12-24,,,2026-01-02
이레2 태양광발전소,,경기도 김포시 하성면 시암리 620-2,37.7612181378047,126.646193004637,,정상가동,90.78,380,60,2022,,2020-12-22,,,2026-01-02
도경 태양광발전소,경기도 김포시 홍도평로 137-23 (걸포동),경기도 김포시 걸포동 562,37.641604802276,126.717345504293,,정상가동,29.25,380,60,2022,,2020-11-20,,,2026-01-02
태현 태양광발전소,경기도 김포시 대곶면 대곶서로89번길 50-24,경기도 김포시 대곶면 약암리 235-4 가동 (건물 위),37.6340275612402,126.572459643535,,정상가동,65.52,380,60,2022,,2020-11-20,,,2026-01-02
모아 태양광발전소 2호,경기도 김포시 홍도평로 81-44 (걸포동),경기도 김포시 걸포동 888 (건물 위),37.6378582791839,126.71354756404,,정상가동,24.38,380,60,2022,,2020-11-20,,,2026-01-02
모아 태양광발전소 1호,경기도 김포시 홍도평로 81-20 (걸포동),경기도 김포시 걸포동 899 (건물 위),37.6374743840476,126.714705803308,,정상가동,26.25,380,60,2022,,2020-11-20,,,2026-01-02
유경A 태양광발전소,경기도 김포시 하성면 하성로682번길 48,경기도 김포시 하성면 양택리 296 (건물 위),37.732888183852,126.63081325343,,정상가동,94.4,380,60,2022,,2020-11-20,,,2026-01-02
성환 태양광발전소,경기도 김포시 대곶면 천호로 95-8,경기도 김포시 대곶면 약암리 1102 가동 (건물 위),37.6176809433968,126.563296081303,,정상가동,99.6,380,60,2022,,2020-11-19,,,2026-01-02
은영 태양광발전소,경기도 김포시 대곶면 천호로 95-8,경기도 김포시 대곶면 약암리 1102 가동 (건물 위),37.6176809433968,126.563296081303,,정상가동,99.6,380,60,2022,,2020-11-19,,,2026-01-02
경인 제3 태양광발전소,경기도 김포시 대곶면 대곶서로 129,경기도 김포시 대곶면 약암리 234-27 나동 (건물 위),37.6331512902796,126.573910134783,,정상가동,27.2,380,60,2022,,2020-11-10,,,2026-01-02
경인 제2 태양광발전소,경기도 김포시 대곶면 대곶서로 129,경기도 김포시 대곶면 약암리 234-27 가동 (건물 위),37.6331512902796,126.573910134783,,정상가동,27.2,380,60,2022,,2020-11-10,,,2026-01-02
경인 제1 태양광발전소,경기도 김포시 대곶면 대곶서로 127,경기도 김포시 대곶면 약암리 234-26,37.6334400379724,126.573905653801,,정상가동,99.2,380,60,2022,,2020-11-10,,,2026-01-02
봉성 태양광발전소,경기도 김포시 월곶면 포내로72번길 75,경기도 김포시 월곶면 포내리 185-17 (건물 위),37.722548506993,126.528903715709,,정상가동,14.4,220,60,2022,,2020-11-10,,,2026-01-02
신기2호 태양광발전소,경기도 김포시 대곶면 약암로 598-180,경기도 김포시 대곶면 대벽리 999 (건물 위),37.61628338689,126.562481500623,,정상가동,19.76,380,60,2022,,2020-10-15,,,2026-01-02
신기1호 태양광발전소,경기도 김포시 대곶면 약암로 598-180,경기도 김포시 대곶면 대벽리 999 (건물 위),37.61628338689,126.562481500623,,정상가동,19.76,380,60,2022,,2020-10-15,,,2026-01-02
삼영 플랜트,경기도 김포시 월곶면 애기봉로 459-25,경기도 김포시 월곶면 개곡리 284-22 (건물 위),37.7312979340165,126.593763315475,,정상가동,28.13,380,60,2022,,2020-10-13,,,2026-01-02
아라5호 태양광발전소,경기도 김포시 양촌읍 김포대로1685번길 33,경기도 김포시 양촌읍 석모리 193-6 나동(건물 위),37.6646080344849,126.650609285168,,정상가동,11.62,380,60,2022,,2020-10-08,,,2026-01-02
아라4호 태양광발전소,경기도 김포시 양촌읍 김포대로1685번길 33,경기도 김포시 양촌읍 석모리 193-6 나동(건물 위),37.6646080344849,126.650609285168,,정상가동,29.05,380,60,2022,,2020-10-08,,,2026-01-02
아라3호 태양광발전소,경기도 김포시 양촌읍 김포대로1685번길 33,경기도 김포시 양촌읍 석모리 193-6 가동(건물 위),37.6646080344849,126.650609285168,,정상가동,50.4,380,60,2022,,2020-10-08,,,2026-01-02
아라1호 태양광발전소,경기도 김포시 양촌읍 김포대로1685번길 33,경기도 김포시 양촌읍 석모리 193-6 가동(건물 위),37.6646080344849,126.650609285168,,정상가동,29.05,380,60,2022,,2020-10-08,,,2026-01-02
승명프라자 태양광발전소,경기도 김포시 대곶면 황금1로 334,경기도 김포시 대곶면 대능리 169-1 (건물 위),37.6336070546858,126.605130543432,,정상가동,29.7,380,60,2022,,2020-09-29,,,2026-01-02
승명 태양광발전소,경기도 김포시 대곶면 황금1로 334,경기도 김포시 대곶면 대능리 169-1 (건물 위),37.6336070546858,126.605130543432,,정상가동,28.8,380,60,2022,,2020-09-29,,,2026-01-02
창성NODE 태양광발전소,경기도 김포시 월곶면 애기봉로 517-11,"경기도 김포시 월곶면 개곡리 323 , 323 (건물 위)",37.7287793571843,126.598279912153,,정상가동,54.6,380,60,2022,,2020-09-14,,,2026-01-02
정산 태양광발전소,경기도 김포시 통진읍 고정1로 71,"경기도 김포시 통진읍 고정리 196-23 A동, 219-9 A동,B동 (건물 위)",37.7172509192022,126.596502638217,,정상가동,99.96,380,60,2022,,2020-09-14,,,2026-01-02
송마 태양광발전소,경기도 김포시 대곶면 대곶로 235-56,경기도 김포시 대곶면 송마리 559-1 (건물 위),37.6647678493472,126.552029378963,,정상가동,73.44,380,60,2022,,2020-09-04,,,2026-01-02
풍전1 태양광발전소,경기도 김포시 대곶면 약산로 16-80,"경기도 김포시 대곶면 약암리 1033 나동, 다동 (건물 위)",37.6194626016588,126.558541595215,,정상가동,99.6,380,60,2022,,2020-09-04,,,2026-01-02
신흥2 태양광발전소,경기도 김포시 통진읍 율마로276번길 73,경기도 김포시 통진읍 가현리 817-1 1동 (건물 위),37.6753079406257,126.601853843305,,정상가동,99.6,380,60,2022,,2020-09-04,,,2026-01-02
신흥1 태양광발전소,경기도 김포시 통진읍 율마로276번길 73,경기도 김포시 통진읍 가현리 817-1 1동 (지붕 위),37.6753079406257,126.601853843305,,정상가동,99.6,380,60,2022,,2020-09-04,,,2026-01-02
오원 태양광발전소,경기도 김포시 대곶면 천호로 45-78,경기도 김포시 대곶면 약암리 1079 가동 (건물 위),37.6179229706374,126.558050963957,,정상가동,99.6,380,60,2022,,2020-08-28,,,2026-01-02
장미 태양광발전소,경기도 김포시 대곶면 약산로 16-80,경기도 김포시 대곶면 약암리 1033 나동 (건물 위),37.6194626016588,126.558541595215,,정상가동,99.6,380,60,2022,,2020-08-28,,,2026-01-02
풍전 태양광발전소,경기도 김포시 대곶면 약산로 16-80,"경기도 김포시 대곶면 약암리 1033 가동, 다동 (건물 위)",37.6194626016588,126.558541595215,,정상가동,99.6,380,60,2022,,2020-08-28,,,2026-01-02
다니엘 태양광발전소,경기도 김포시 대곶면 천호로 45-78,경기도 김포시 대곶면 약암리 1079 가동 (건물 위),37.6179229706374,126.558050963957,,정상가동,99.6,380,60,2022,,2020-08-28,,,2026-01-02
지혜태양광,경기도 김포시 대곶면 송마로73번길 100,경기도 김포시 대곶면 송마리 282번지 25호 건물위,37.6680622964717,126.564086304399,,정상가동,92.96,380,60,2022,,2020-08-13,,,2026-01-02
꼬마앤커피태양광,경기도 김포시 대곶면 송마로73번길 96,경기도 김포시 대곶면 송마리 282번지 32호 건물위,37.6683260921309,126.563766945735,,정상가동,92.96,380,60,2022,,2020-08-13,,,2026-01-02
시암리 창성1호 태양광발전소,경기도 김포시 하성면 하성로1032번길 92-55,경기도 김포시 하성면 시암리 619 시암리 620번지,37.7611944518268,126.645896125759,,정상가동,99.68,380,60,2022,,2020-08-07,,,2026-01-02
김광준 발전소,경기도 김포시 월곶면 애기봉로 35,경기도 김포시 월곶면 고막리 442-20,37.7181110165836,126.556985773485,,정상가동,15.0,220,60,2022,,2020-08-06,,,2026-01-02
마조리 창성2호 태양광발전소,경기도 김포시 하성면 마조로 9,경기도 김포시 하성면 마조리 829번지,37.740381511582,126.629349246852,,정상가동,86.78,380,60,2022,,2020-06-30,,,2026-01-02
초원태양광,경기도 김포시 대곶면 용두로15번길 127-56,경기도 김포시 대곶면 초원지리 46번지 8호,37.6607490125214,126.604375282657,,정상가동,99.6,380,60,2022,,2020-06-30,,,2026-01-02
석탄5리 에너지발전소,경기도 김포시 하성면 석평로 222,경기도 김포시 하성면 석탄리 90번지 7호,37.7300169241292,126.651999906552,,정상가동,15.0,380,60,2022,,2020-06-23,,,2026-01-02
도윤2호 태양광발전소,경기도 김포시 대곶면 율마로 141,"경기도 김포시 대곶면 거물대리 447-2 D동, I동 (건물 위)",37.6636529788618,126.596300835567,,정상가동,29.58,380,60,2022,,2020-06-05,,,2026-01-02
도윤1호 태양광발전소,경기도 김포시 대곶면 율마로 141,경기도 김포시 대곶면 거물대리 447-2 A동 건물위,37.6636529788618,126.596300835567,,정상가동,29.58,380,60,2022,,2020-06-05,,,2026-01-02
정현2호 태양광발전소,경기도 김포시 대곶면 율마로 141,경기도 김포시 대곶면 거물대리 447-2 A동 건물위,37.6636529788618,126.596300835567,,정상가동,29.58,380,60,2022,,2020-06-05,,,2026-01-02
정현1호 태양광발전소,경기도 김포시 대곶면 율마로 141,경기도 김포시 대곶면 거물대리 447-2 --> 거물대리 451 H동 (건물 위),37.6636529788618,126.596300835567,,정상가동,26.1,380,60,2022,,2020-06-05,,,2026-01-02
인투알 태양광발전소,경기도 김포시 양촌읍 황금로273번길 14,경기도 김포시 양촌읍 학운리 3909번지,37.6105150694719,126.604996480448,,정상가동,299.25,380,60,2022,,2020-06-02,,,2026-01-02
태형 태양광발전소,경기도 김포시 대곶면 율생로 15,경기도 김포시 대곶면 율생리 349-1 건물 위,37.6521602537847,126.589601187509,,정상가동,29.58,380,60,2022,,2020-06-02,,,2026-01-02
서림6호 태양광발전소,경기도 김포시 대곶면 율생로 6,경기도 김포시 대곶면 율생리 433-43 나동 건물위,37.6532209556741,126.590347686981,,정상가동,29.58,380,60,2022,,2020-05-29,,,2026-01-02
서림5호 태양광발전소,경기도 김포시 대곶면 율생로 6,경기도 김포시 대곶면 율생리 433-43 가동 건물위,37.6532209556741,126.590347686981,,정상가동,29.58,380,60,2022,,2020-05-29,,,2026-01-02
서림4호 태양광발전소,경기도 김포시 대곶면 율생로 6,경기도 김포시 대곶면 율생리 433-43 가동 건물위,37.6532209556741,126.590347686981,,정상가동,29.58,380,60,2022,,2020-05-29,,,2026-01-02
은진기계 태양광발전소,"경기도 김포시 하성면 하성로570번길 271, (건물위)",경기도 김포시 하성면 석탄리 427번지,37.7306077562397,126.64167726811,,정상가동,91.98,380,60,2022,,2020-04-14,,,2026-01-02
거성제이디 태양광발전소,"경기도 김포시 하성면 월하로775번길 20, (건물위+토지위)",경기도 김포시 하성면 마곡리 387번지 1호,37.7119015867535,126.640107491553,,정상가동,66.0,380,60,2022,,2020-03-09,,,2026-01-02
보령 태양광발전소,"경기도 김포시 대곶면 대곶로 192-1, (가동 건물위)",경기도 김포시 대곶면 송마리 400번지 2호,37.6605156922738,126.556341706414,,정상가동,29.25,380,60,2022,,2020-02-24,,,2026-01-02
대성 태양광발전소,"경기도 김포시 대곶면 용두로15번길 64-2, 외 2필지",경기도 김포시 대곶면 초원지리 323번지 1호 외 2필지,,,,정상가동,77.19,380,60,2022,,2020-02-07,,,2026-01-02
삼미식품 태양광발전소,"경기도 김포시 대곶면 율마로211번길 57, (건물위)",경기도 김포시 대곶면 거물대리 297번지 2호,37.6695743039658,126.595073645126,,정상가동,18.6,380,60,2022,,2020-02-04,,,2026-01-02
오정동 태양광발전소,"경기도 김포시 하성면 오정동로 70, (건물위)",경기도 김포시 하성면 석탄리 707번지,37.7224545779396,126.647304953736,,정상가동,99.23,380,60,2022,,2020-01-03,,,2026-01-02
용선 태양광발전소,경기도 김포시 대곶면 학의동로34번길 118,"경기도 김포시 대곶면 대명리 35번지 1호 , 35번지3호",37.652985636709,126.561311186953,,정상가동,99.9,380,60,2022,,2019-12-26,,,2026-01-02
금쌀 태양광발전소,"경기도 김포시 통진읍 김포대로1976번길 3, (건물위)",경기도 김포시 통진읍 도사리 610번지 1호,37.6808873247283,126.623391448015,,정상가동,99.6,380,60,2022,,2019-12-09,,,2026-01-02
한동 태양광발전소,경기도 김포시 통진읍 김포대로1978번길 18-10,경기도 김포시 통진읍 도사리 609-1 (건물 위),37.6813858968127,126.62332669075,,정상가동,99.0,380,60,2022,,2020-08-12,,,2026-01-02
군하 태양광발전소,"경기도 김포시 월곶면 군하로 323, (건물위)",경기도 김포시 월곶면 군하리 262번지 8호,37.7142820224214,126.547408222162,,정상가동,16.28,380,60,2022,,2019-12-03,,,2026-01-02
성림2호 태양광발전소,"경기도 김포시 하성면 월하로589번길 90-43, 외 1 (건물위)","경기도 김포시 하성면 원산리 282번지 3호 , 282번지 7호 (건물위)",37.712189309492,126.625285018701,,정상가동,20.72,380,60,2022,,2019-11-28,,,2026-01-02
성림1호 태양광발전소,"경기도 김포시 하성면 월하로589번길 90-44, (건물위)",경기도 김포시 하성면 원산리 599번지 6호 (건물위),37.7120767654834,126.625025875319,,정상가동,38.48,380,60,2022,,2019-11-28,,,2026-01-02
에프아이씨 태양광발전소,"경기도 김포시 하성면 월하로 631-3, (건물위)",경기도 김포시 하성면 원산리 589번지 76호,37.7110559318502,126.625212927388,,정상가동,139.84,380,60,2022,,2019-11-26,,,2026-01-02
성우 태양광발전소,"경기도 김포시 하성면 가금로 199, (다동 건물위)",경기도 김포시 하성면 가금리 346번지 1호,37.7481535527379,126.611927336327,,정상가동,29.63,380,60,2022,,2019-11-25,,,2026-01-02
하이텍스 태양광발전소,"경기도 김포시 통진읍 마송2로 16, (건물위)","경기도 김포시 통진읍 마송리 369번지 , 371-3",37.6856171392437,126.585457572332,,정상가동,19.24,380,60,2022,,2019-11-14,,,2026-01-02
덕순 태양광발전소,"경기도 김포시 월곶면 고정로217번길 21-18, (건물위)",경기도 김포시 월곶면 개곡리 413번지 3호,37.7250250432914,126.59242949869,,정상가동,30.0,380,60,2022,,2019-11-12,,,2026-01-02
선우 태양광발전소,"경기도 김포시 양촌읍 석모로95번길 31-17, (건물위)",경기도 김포시 양촌읍 석모리 1014번지 1호,37.6521434442764,126.640705672101,,정상가동,19.17,380,60,2022,,2019-11-05,,,2026-01-02
(주)우성플라테크 태양광발전소,경기도 김포시 통진읍 고정로 309,"경기도 김포시 통진읍 귀전리 163-12 (가동 건물위), 163-13(가동,나동 건물위)",37.7251928057238,126.600484295341,,정상가동,99.75,380,60,2022,,2019-11-01,,,2026-01-02
수철태양광발전소,경기도 김포시 월곶면 비석동로50번길 15,경기도 김포시 월곶면 갈산리 140번지 74호,37.706793708819,126.573605003409,,정상가동,53.28,380,60,2022,,2019-11-01,,,2026-01-02
대경쏠라 2호,"경기도 김포시 대곶면 수남로 113-14, (건물위)",경기도 김포시 대곶면 대벽리 180번지,37.6344738649834,126.580023993021,,정상가동,99.72,380,60,2022,,2019-10-30,,,2026-01-02
대경쏠라 1호,"경기도 김포시 대곶면 수남로 113-14, (1,2동 건물위)",경기도 김포시 대곶면 대벽리 180번지,37.6344738649834,126.580023993021,,정상가동,99.72,380,60,2022,,2019-10-28,,,2026-01-02
네이처아트 태양광발전소,"경기도 김포시 통진읍 고정1로 68, (1동,2동,3동 건물위)",경기도 김포시 통진읍 고정리 106번지 3호,37.7184946309857,126.598301656033,,정상가동,246.93,380,60,2022,,2019-10-25,,,2026-01-02
성덕 태양광발전소,"경기도 김포시 하성면 오정동로 50, (마동 건물위)",경기도 김포시 하성면 석탄리 699번지 1호,37.7212214683729,126.645877341059,,정상가동,31.08,380,60,2022,,2019-10-17,,,2026-01-02
금호 태양광발전소,"경기도 김포시 통진읍 가현로85번길 103, 건물위",경기도 김포시 통진읍 가현리 618번지,37.67639387855,126.585507080336,,정상가동,28.22,380,60,2022,,2019-10-17,,,2026-01-02
성재 태양광발전소,"경기도 김포시 하성면 오정동로 46, (건물위)",경기도 김포시 하성면 석탄리 699번지 2호,37.7212918116177,126.645270524593,,정상가동,68.82,380,60,2022,,2019-10-17,,,2026-01-02
은성3호 발전소,"경기도 김포시 대곶면 약암로 522-36, 나동 건물위",경기도 김포시 대곶면 대벽리 798번지,37.6059951516131,126.56428150018,,정상가동,26.0,380,60,2022,,2019-10-16,,,2026-01-02
은성2호 발전소,"경기도 김포시 대곶면 약암로 522-36, 나동 건물위",경기도 김포시 대곶면 대벽리 798번지,37.6059951516131,126.56428150018,,정상가동,90.48,380,60,2022,,2019-10-16,,,2026-01-02
은성1호 발전소,"경기도 김포시 대곶면 약암로 522-36, 가동 건물위",경기도 김포시 대곶면 대벽리 798번지,37.6059951516131,126.56428150018,,정상가동,96.14,380,60,2022,,2019-10-16,,,2026-01-02
하사2리 에너지자립마을 발전소,경기도 김포시 하성면 하성로286번길 24-7,경기도 김포시 하성면 하사리 218번지,37.7005838933333,126.6369404904,,정상가동,24.3,380,60,2022,,2019-10-16,,,2026-01-02
수빈1호태양광발전소,"경기도 김포시 양촌읍 학운산단1로 7, 건물 위 1동",경기도 김포시 양촌읍 학운리 3230번지 건물 위,37.6062076098714,126.589204193895,,정상가동,96.2,380,60,2022,,2019-10-10,,,2026-01-02
수빈2호태양광발전소,경기도 김포시 양촌읍 학운산단1로 7,"경기도 김포시 양촌읍 학운리 3230번지 1,2동",37.6062076098714,126.589204193895,,정상가동,92.5,380,60,2022,,2019-10-10,,,2026-01-02
수빈3호태양광발전소,경기도 김포시 양촌읍 학운산단1로 7,경기도 김포시 양촌읍 학운리 3230번지 2동,37.6062076098714,126.589204193895,,정상가동,92.5,380,60,2022,,2019-10-10,,,2026-01-02
해테크 김포1호,"경기도 김포시 양촌읍 황금3로7번길 12-24, 엠제이텍",경기도 김포시 양촌읍 학운리 3478번지 엠제이텍,37.6134229108975,126.613460572564,,정상가동,97.11,380,60,2022,,2019-10-08,,,2026-01-02
유진발전소,경기도 김포시 하성면 월하로 666,경기도 김포시 하성면 원산리 556번지 6호,37.7082982399077,126.628828324645,,정상가동,99.0,380,60,2022,,2019-10-08,,,2026-01-02
알로한 태양광발전소,경기도 김포시 양촌읍 삭시갈마로54번길 59,경기도 김포시 양촌읍 학운리 373번지 1호,37.6251113013983,126.604337230902,,정상가동,28.8,380,60,2022,,2019-10-07,,,2026-01-02
신창금속 태양광발전소,경기도 김포시 통진읍 마송2로104번길 39,경기도 김포시 통진읍 마송리 426번지 33호,37.6847325462815,126.591806157824,,정상가동,90.0,380,60,2022,,2019-10-07,,,2026-01-02
장안태양광발전소,"경기도 김포시 양촌읍 누산봉성로99번길 94, 건물 위",경기도 김포시 양촌읍 누산리 803번지 건물 위,37.6798477488401,126.644633389609,,정상가동,70.2,380,60,2022,,2019-10-02,,,2026-01-02
삼우 태양광발전소2호,"경기도 김포시 대곶면 산자뫼로 133, (나,다동 건물위)",경기도 김포시 대곶면 대명리 85번지 1호,37.656601391959,126.561663889282,,정상가동,68.48,380,60,2022,,2019-10-01,,,2026-01-02
한솔 태양광발전소,경기도 김포시 월곶면 김포대로 2949 (한솔원룸),경기도 김포시 월곶면 포내리 81번지 11호 한솔원룸,37.7241757827547,126.536644101405,,정상가동,29.6,380,60,2022,,2019-09-30,,,2026-01-02
록스태양광발전소,"경기도 김포시 월곶면 군하로 65, 나동","경기도 김포시 월곶면 갈산리 477번지 57호 외5필지(477-22,477-23,477-36,477-37,477-38",37.7028361452531,126.565518028101,,정상가동,408.0,380,60,2022,,2019-09-17,,,2026-01-02
태성태양광발전소,"경기도 김포시 대곶면 대곶북로 527-41, (1동 건물위)",경기도 김포시 대곶면 석정리 247번지 8호,37.6801608506661,126.559340143638,,정상가동,82.88,380,60,2022,,2019-09-11,,,2026-01-02
서림1호태양광발전소,경기도 김포시 대곶면 율마로 141,경기도 김포시 대곶면 거물대리 447-2 --> 거물대리 451 H동 (건물 위),37.6636529788618,126.596300835567,,정상가동,29.58,380,60,2022,,2019-09-11,,,2026-01-02
서림2호태양광발전소,경기도 김포시 대곶면 율생로 6,경기도 김포시 대곶면 율생리 433-43 가동 (건물위),37.6532209556741,126.590347686981,,정상가동,29.58,380,60,2022,,2020-05-29,,,2026-01-02
SK김포고촌태양광발전소,"경기도 김포시 고촌읍 김포대로 336, 1동 건물위",경기도 김포시 고촌읍 신곡리 532번지 25호,37.6010946908412,126.770850283854,,정상가동,29.63,380,60,2022,,2019-08-27,,,2026-01-02
서림3호태양광발전소,경기도 김포시 대곶면 율생로 10,경기도 김포시 대곶면 율생리 433-54 다동 건물위,37.6528559767023,126.589934713116,,정상가동,29.58,380,60,2022,,2020-05-29,,,2026-01-02
누산 태양광발전소,경기도 김포시 양촌읍 김포대로1644번길 38-10,경기도 김포시 양촌읍 누산리 512번지 5호 (건물 위),37.6658632105389,126.656198443873,,정상가동,29.88,380,60,2022,,2019-07-12,,,2026-01-02
비전네이처 태양광발전소,"경기도 김포시 하성면 귀전로 188, (가동(주1), 나동(주2) 건물위)",경기도 김포시 하성면 원산리 80번지 9호,37.7211570228814,126.617186039097,,정상가동,60.83,380,60,2022,,2019-07-22,,,2026-01-02
수남태양광발전소,"경기도 김포시 대곶면 대곶남로275번길 72, (건물위)",경기도 김포시 대곶면 대벽리 595번지,37.6230781143743,126.587438189645,,정상가동,15.54,220,60,2022,,2019-07-22,,,2026-01-02
미석태양광발전소,경기도 김포시 하성면 월하로860번길 80-33,"경기도 김포시 하성면 전류리 319번지 외1필지(321-3)(건물위) 및 316-3(가,나,다,라,사동 건물 위)",37.7027729429466,126.645964786004,,정상가동,141.75,380,60,2022,,2019-07-17,,,2026-01-02
(주)본실업 4호 태양광발전소,"경기도 김포시 양촌읍 황금로110번길 12, 주차장",경기도 김포시 양촌읍 학운리 2771번지,37.6201629440915,126.621508452616,,정상가동,24.9,380,60,2022,,2019-07-10,,,2026-01-02
(주)본실업 3호 태양광발전소,"경기도 김포시 양촌읍 황금로110번길 12, 건물위",경기도 김포시 양촌읍 학운리 2771번지,37.6201629440915,126.621508452616,,정상가동,99.6,380,60,2022,,2019-07-10,,,2026-01-02
(주)본실업 2호 태양광발전소,"경기도 김포시 양촌읍 황금로110번길 12, 건물위",경기도 김포시 양촌읍 학운리 2771번지,37.6201629440915,126.621508452616,,정상가동,99.6,380,60,2022,,2019-07-10,,,2026-01-02
(주)본실업 1호 태양광발전소,"경기도 김포시 양촌읍 황금로110번길 12, 건물위",경기도 김포시 양촌읍 학운리 2771번지,37.6201629440915,126.621508452616,,정상가동,99.6,380,60,2022,,2019-07-10,,,2026-01-02
유진에어텍태양광발전소,경기도 김포시 하성면 하성로 706-21,"경기도 김포시 하성면 양택리 255번지 3호 가,나동 건물 위 + 토지 위",37.7365546206926,126.632298685566,,정상가동,259.2,380,60,2022,,2019-07-05,,,2026-01-02
보성태양광발전소,경기도 김포시 월곶면 김포대로2918번길 117-2,"경기도 김포시 월곶면 포내리 154번지 ,156-9, 157-6(1,2,3동건물위), 156-7,157-5(1,2,3동건물위), 157-1(건물위)",37.7233684706784,126.538124254331,,정상가동,199.01,380,60,2022,,2019-06-21,,,2026-01-02
오케이태양광발전소,"경기도 김포시 대곶면 상마신기로41번길 50, (1동, 2동 건물위)","경기도 김포시 대곶면 상마리 305번지 10호 (1동, 2동 건물위)",37.6456757751764,126.573456974022,,정상가동,191.63,380,60,2022,,2019-06-20,,,2026-01-02
피에스텍 태양광발전소,경기도 김포시 양촌읍 황금3로7번길 80,경기도 김포시 양촌읍 학운리 3550번지 1호,37.6117928740039,126.618590311268,,정상가동,99.9,380,60,2022,,2019-06-07,,,2026-01-02
향촌2호태양광발전소,경기도 김포시 하성면 월하로 938-2,"경기도 김포시 하성면 전류리 162번지 4호 (가동, 나동 건물위)",37.7040899230305,126.656051210414,,정상가동,62.16,380,60,2022,,2019-05-10,,,2026-01-02
학운3호태양광발전소,,"경기도 김포시 양촌읍 학운리 303-1,-5,-9",,,,정상가동,301.92,380,60,2022,,2019-05-07,,,2026-01-02
이범태 태양광발전소,경기도 김포시 양촌읍 모산로13번길 46,"경기도 김포시 양촌읍 석모리 242번지 2호 -8 (각 번지 가,나동 건물 위)",37.6534648196298,126.656772926916,,정상가동,98.55,380,60,2022,,2019-05-07,,,2026-01-02
(주)알이알인스트 1호,경기도 김포시 대곶면 율마로 164,"경기도 김포시 대곶면 거물대리 427번지 A,B동 건물 위",37.6656938544638,126.598673091966,,정상가동,299.52,380,60,2022,,2019-04-26,,,2026-01-02
한신태양광발전소,"경기도 김포시 대곶면 약산로195번길 76, 가동",경기도 김포시 대곶면 대벽리 365번지,37.6264392641114,126.57736826622,,정상가동,98.28,380,60,2022,,2019-06-03,,,2026-01-02
아라2호태양광발전소,경기도 김포시 양촌읍 석모1로187번길 22,"경기도 김포시 양촌읍 석모리 485번지 1호 ,474-2",37.6617462804099,126.647617080671,,정상가동,25.55,380,60,2022,,2019-04-23,,,2026-01-02
가나산업태양광발전소,경기도 김포시 통진읍 고척로 249-1,경기도 김포시 통진읍 고정리 262번지 3호 (토지+가동 건물 위),37.7184455782364,126.595103019112,,정상가동,95.55,380,60,2022,,2019-04-19,,,2026-01-02
해랑2호태양광발전소,경기도 김포시 하성면 연화봉로 81-79,"경기도 김포시 하성면 마조리 238번지 9호 , 244-3",37.7484987968408,126.63903235738,,정상가동,99.2,380,60,2022,,2019-04-17,,,2026-01-02
일현태양광발전소,,경기도 김포시 양촌읍 학운리 3690번지,37.6133149402139,126.599110937087,,정상가동,177.6,380,60,2022,,2019-04-17,,,2026-01-02
(주)케이에스이엔지태양광발전소,경기도 김포시 양촌읍 황금로324번길 3,경기도 김포시 양촌읍 학운리 3667번지 건물 위,37.6101816999815,126.598878027396,,정상가동,99.28,380,60,2022,,2019-04-17,,,2026-01-02
해랑1호태양광발전소,경기도 김포시 하성면 연화봉로 81-79,경기도 김포시 하성면 마조리 238번지 9호,37.7484987968408,126.63903235738,,정상가동,96.0,380,60,2022,,2019-04-12,,,2026-01-02
카옥스태양광발전소,경기도 김포시 하성면 가금로352번길 47-10,"경기도 김포시 대곶면 약암리 163번지 가,나,다,라 건물 위",37.7384005863714,126.619963592121,,정상가동,248.08,380,60,2022,,2019-04-12,,,2026-01-02
(주)원태태양광발전소,경기도 김포시 양촌읍 황금1로 62,경기도 김포시 양촌읍 학운리 3028번지 1동 건물위,37.6129165816435,126.620294794408,,정상가동,199.92,380,60,2022,,2019-03-29,,,2026-01-02
가보에너지태양광발전소,"경기도 김포시 대곶면 대곶서로159번길 2-46, 가동",경기도 김포시 대곶면 상마리 167번지 8호,37.6356598238472,126.576670949696,,정상가동,179.95,380,60,2022,,2019-03-28,,,2026-01-02
아신 태양광발전소,경기도 김포시 대곶면 학의동로34번길 173-39,"경기도 김포시 대곶면 대명리 15번지 7호 외 4필지(15-6, 15-14, 15-16, 15-17)",37.6531006363352,126.563628368968,,정상가동,62.1,380,60,2022,,2019-03-20,,,2026-01-02
오성1호태양광발전소,경기도 김포시 하성면 월하로589번길 52-10,"경기도 김포시 하성면 원산리 597번지 1,2동 건물 위",37.7119759896929,126.623286894783,,정상가동,149.85,380,60,2022,,2019-03-18,,,2026-01-02
인천진영 태양광발전소,경기도 김포시 대곶면 대곶남로 111,경기도 김포시 대곶면 대벽리 646번지 46호,37.6102676113255,126.57801667303,,정상가동,99.9,380,60,2022,,2019-03-06,,,2026-01-02
금호태양광발전소,,"경기도 김포시 통진읍 가현리 549번지 5호 (가,나,다,라동 건물 위)",,,,정상가동,93.08,380,60,2022,,2019-03-05,,,2026-01-02
삼우태양광발전소1호,"경기도 김포시 대곶면 산자뫼로 133, (가,다동 건물위)",경기도 김포시 대곶면 대명리 85번지 1호,37.656601391959,126.561663889282,,정상가동,99.6,380,60,2022,,2019-02-21,,,2026-01-02
정순태양광발전소,경기도 김포시 양촌읍 대곶남로 1-1,경기도 김포시 양촌읍 학운리 906번지 2호 (건물 위),37.6024505328098,126.581747142114,,정상가동,99.45,380,60,2022,,2019-02-18,,,2026-01-02
금하태양광발전소,경기도 김포시 통진읍 애기봉로681번길 41,경기도 김포시 통진읍 귀전리 6번지 10호,37.7263986949474,126.614815775273,,정상가동,33.3,380,60,2022,,2019-02-18,,,2026-01-02
성광태양광발전소,경기도 김포시 양촌읍 석모로73번길 29,경기도 김포시 양촌읍 석모리 1159번지 외 1필지 (건물 위),37.65193663831,126.6427720217,,정상가동,27.3,380,60,2022,,2019-02-14,,,2026-01-02
최혜선태양광발전소,경기도 김포시 통진읍 김포대로1950번길 19,경기도 김포시 통진읍 수참리 208번지 8호 외1필지(208-8)[가동건물위] 및 208-10외 1필지(208-6)[A동 건물위],37.6798340118228,126.627253215378,,정상가동,97.92,380,60,2022,,2019-02-01,,,2026-01-02
컨스텍태양광발전소,경기도 김포시 하성면 월하로 698-74,경기도 김포시 하성면 원산리 411번지 3호 (토지+건물 위),37.706120364839,126.631166297678,,정상가동,23.04,380,60,2022,,2019-02-01,,,2026-01-02
대능태양광발전소,,경기도 김포시 대곶면 대능리 367번지 1호,37.6307938828545,126.593471789468,,정상가동,150.15,380,60,2022,,2019-01-22,,,2026-01-02
88에너지태양광발전소,경기도 김포시 양촌읍 봉수대로 1722,경기도 김포시 양촌읍 대포리 42번지 54호 토지+1동 건물 위,37.6223797906287,126.63224375681,,정상가동,73.2,380,60,2022,,2019-01-21,,,2026-01-02
두성전기태양광발전소,경기도 김포시 통진읍 서암고정로 41,"경기도 김포시 통진읍 도사리 286번지 1호 ,286-3외 1필지",37.6889399750739,126.608759334048,,정상가동,134.32,380,60,2022,,2019-01-18,,,2026-01-02
유경이앤피태양광발전소,경기도 김포시 통진읍 애기봉로573번길 26-1,경기도 김포시 통진읍 귀전리 55번지 1호,37.727582132974,126.605234557994,,정상가동,295.65,380,60,2022,,2019-01-04,,,2026-01-02
가마골발전소,,"경기도 김포시 월곶면 개곡리 416 , 463-12",,,,정상가동,499.69,380,60,2022,,2018-09-07,,,2026-01-02
기프트캔태양광발전소,경기도 김포시 하성면 마조로 26,"경기도 김포시 하성면 마조리 797번지 ,797-1,797-2",37.7423665314796,126.62964068976,,정상가동,52.56,380,60,2022,,2019-01-18,,,2026-01-02
HSI태양광발전소,경기도 김포시 양촌읍 황금3로7번길 12-31,경기도 김포시 양촌읍 학운리 3472번지,37.6137493124267,126.613893352225,,정상가동,97.09,380,60,2022,,2019-01-08,,,2026-01-02
인천하이테크태양광발전소,경기도 김포시 대곶면 대곶로 196-6,경기도 김포시 대곶면 송마리 402번지 4호,37.6612125830601,126.556003000436,,정상가동,99.28,380,60,2022,,2018-12-26,,,2026-01-02
한국프루트태양광발전소,"경기도 김포시 김포대로1216번길 208-42, 농업회사법인(주)한국프루트 (걸포동)",경기도 김포시 걸포동 30번지 5호 농업회사법인(주)한국프루트,37.644416515972,126.698855363686,,정상가동,98.55,380,60,2022,,2018-12-18,,,2026-01-02
영일태양광발전소,경기도 김포시 통진읍 애기봉로573번길 26,경기도 김포시 통진읍 귀전리 55번지 4호,37.7278252174579,126.60429516452,,정상가동,93.08,380,60,2022,,2018-12-12,,,2026-01-02
김포개발태양광발전소,경기도 김포시 월곶면 군하로 65,경기도 김포시 월곶면 갈산리 477번지 14호 외1필지,37.7028361452531,126.565518028101,,정상가동,98.28,380,60,2022,,2018-12-11,,,2026-01-02
성진태양광발전소,경기도 김포시 하성면 가금로 199,경기도 김포시 하성면 가금리 346번지 1호,37.7481535527379,126.611927336327,,정상가동,99.36,380,60,2022,,2018-12-11,,,2026-01-02
한채 태양광발전소,경기도 김포시 하성면 원산로 30,"경기도 김포시 하성면 원산리 619번지 ,619-13",37.7136539074202,126.62150019855,,정상가동,196.88,380,60,2022,,2018-12-11,,,2026-01-02
갈산477-36태양광발전소,경기도 김포시 월곶면 군하로 71,경기도 김포시 월곶면 갈산리 477번지 36호,37.7026319827187,126.564198837615,,정상가동,98.28,380,60,2022,,2018-12-10,,,2026-01-02
대우태양광발전소,경기도 김포시 하성면 하성로286번길 76-13,"경기도 김포시 하성면 하사리 81번지 80-2,-3,-4,-8",37.7011568375549,126.640681510369,,정상가동,95.16,380,60,2022,,2018-12-10,,,2026-01-02
(주)알이알인스트,경기도 김포시 대곶면 율마로 164,"경기도 김포시 대곶면 거물대리 427번지 , 422 (D동 건물위)",37.6656938544638,126.598673091966,,정상가동,99.84,380,60,2022,,2019-04-10,,,2026-01-02
일성2호태양광발전소,경기도 김포시 고촌읍 금포로549번길 269-16,경기도 김포시 고촌읍 향산리 382번지,37.6254261985085,126.74623516386,,정상가동,76.5,380,60,2022,,2018-11-14,,,2026-01-02
금탑4태양광발전소,경기도 김포시 월곶면 포내로83번길 262,경기도 김포시 월곶면 포내리 239번지 11호,37.712868762584,126.522375806389,,정상가동,97.2,380,60,2022,,2018-11-27,,,2026-01-02
모노태양광발전소,경기도 김포시 대곶면 대곶북로158번길 100,경기도 김포시 대곶면 초원지리 578번지 20호,37.6645251857254,126.588419685428,,정상가동,35.55,380,60,2022,,2018-11-22,,,2026-01-02
일성1호태양광발전소,경기도 김포시 고촌읍 금포로549번길 269-18,경기도 김포시 고촌읍 향산리 381번지,37.6252229078297,126.746054382362,,정상가동,76.5,380,60,2022,,2018-11-14,,,2026-01-02
금탑3태양광발전소,경기도 김포시 월곶면 포내로83번길 262,경기도 김포시 월곶면 포내리 239번지 11호,37.712868762584,126.522375806389,,정상가동,97.2,380,60,2022,,2018-11-27,,,2026-01-02
협진태양광발전소,경기도 김포시 대곶면 학의동로34번길 97-41,경기도 김포시 대곶면 대명리 10번지 8호,37.6548373172907,126.561940229238,,정상가동,98.42,380,60,2022,,2018-11-22,,,2026-01-02
청운성업태양광발전소,경기도 김포시 하성면 하성로 708,경기도 김포시 하성면 양택리 308번지 23호,37.7355113538525,126.62949514198,,정상가동,93.44,380,60,2022,,2018-11-22,,,2026-01-02
거봉태양광발전소,경기도 김포시 통진읍 율마로211번길 70-1,경기도 김포시 통진읍 가현리 512번지 1호,37.6705098258528,126.595295369587,,정상가동,99.28,380,60,2022,,2018-11-22,,,2026-01-02
범수2호기태양광발전소,경기도 김포시 양촌읍 김포한강4로278번길 81,경기도 김포시 양촌읍 석모리 375번지,37.6547589715166,126.652643698456,,정상가동,17.28,380,60,2022,,2018-11-19,,,2026-01-02
동행교회태양광발전소,경기도 김포시 운양로 186 (운양동),경기도 김포시 운양동 1007번지,37.6547188120046,126.67288547633,,정상가동,51.0,380,60,2022,,2018-11-19,,,2026-01-02
범수1호기태양광발전소,경기도 김포시 양촌읍 김포한강4로278번길 83,경기도 김포시 양촌읍 석모리 375번지 3호,37.6548128176509,126.65226574051,,정상가동,43.2,380,60,2022,,2018-11-19,,,2026-01-02
삼광태양광발전소,경기도 김포시 월곶면 애기봉로11번길 10,경기도 김포시 월곶면 군하리 57번지 2호,37.7165267015588,126.555462829564,,정상가동,17.28,380,60,2022,,2018-11-14,,,2026-01-02
에이치디현대플라스포(주) 제1 태양광발전소,경기도 김포시 고촌읍 아라육로152번길 45,경기도 김포시 고촌읍 전호리 684번지,37.5958377555762,126.783730046287,,정상가동,399.6,380,60,2022,,2018-11-14,,,2026-01-02
맘보기계태양광발전소,경기도 김포시 대곶면 대곶북로305번길 118-6,경기도 김포시 대곶면 석정리 111번지 43호,37.6714748669145,126.571250824816,,정상가동,147.83,380,60,2022,,2018-11-13,,,2026-01-02
강승국산업 태양광발전소,경기도 김포시 통진읍 월하로519번길 124-50,"경기도 김포시 통진읍 귀전리 351번지 8호 -13,-354-5",37.7167476156597,126.611326097009,,정상가동,83.93,380,60,2022,,2018-11-09,,,2026-01-02
디엠태양광발전소,경기도 김포시 운곡로9번길 5 (장기동),경기도 김포시 장기동 132번지 1호,37.6506063486035,126.658876216626,,정상가동,50.4,380,60,2022,,2018-11-06,,,2026-01-02
송암태양광발전소,경기도 김포시 하성면 하성로 622-13,경기도 김포시 하성면 양택리 388번지 12호,37.7285523161276,126.629903812873,,정상가동,99.4,380,60,2022,,2018-11-08,,,2026-01-02
강창호산업2태양광발전소,경기도 김포시 통진읍 월하로519번길 124-52,경기도 김포시 통진읍 귀전리 351번지 7호,37.7168460306757,126.61141699758,,정상가동,83.93,380,60,2022,,2018-11-08,,,2026-01-02
21세기산업2태양광발전소,경기도 김포시 통진읍 월하로519번길 124-46,경기도 김포시 통진읍 귀전리 351번지 외 2필지,37.7173885792565,126.612041935682,,정상가동,42.35,380,60,2022,,2018-11-06,,,2026-01-02
강창호산업1태양광발전소,경기도 김포시 통진읍 월하로519번길 124-60,경기도 김포시 통진읍 귀전리 351번지 2호 외1필지,37.7171372501226,126.611917465494,,정상가동,83.93,380,60,2022,,2018-11-06,,,2026-01-02
21세기산업1태양광발전소,경기도 김포시 통진읍 월하로519번길 124-58,경기도 김포시 통진읍 귀전리 351번지 6호 외 1필지,37.7171197922961,126.611677563698,,정상가동,83.93,380,60,2022,,2018-11-02,,,2026-01-02
수재공업사,경기도 김포시 대곶면 산자뫼로 61,경기도 김포시 대곶면 송마리 821번지 20호,37.6521490603582,126.565908931842,,정상가동,90.46,380,60,2022,,2018-10-25,,,2026-01-02
대명리태양광발전소,경기도 김포시 대곶면 덕포진로61번길 131,경기도 김포시 대곶면 대명리 531번지,37.6440699445678,126.54120430879,,정상가동,92.16,380,60,2022,,2018-11-01,,,2026-01-02
계동태양광발전소,,"경기도 김포시 하성면 마근포리 209, 217-2, 218-2",,,,정상가동,98.55,380,60,2022,,2018-11-01,,,2026-01-02
판규태양광발전소,경기도 김포시 대곶면 종생로 199-11,"경기도 김포시 대곶면 대능리 7번지 ,8-1,10-2,11-2",37.6417944981008,126.60469166782,,정상가동,98.26,380,60,2022,,2018-10-25,,,2026-01-02
윤호태양광발전소,경기도 김포시 대곶면 대곶남로 181,"경기도 김포시 대곶면 대벽리 687번지 209호 ,-200",37.6150347193419,126.582273561577,,정상가동,61.32,380,60,2022,,2018-10-25,,,2026-01-02
학운2호태양광발전소,,경기도 김포시 양촌읍 학운리 302번지 1호,,,,정상가동,99.36,380,60,2022,,2018-10-25,,,2026-01-02
(주)대양수력태양광발전소,"경기도 김포시 대곶면 대곶로423번길 203, (주)대양수력",경기도 김포시 대곶면 쇄암리 1번지 50호 (주)대양수력,37.6819954212659,126.546462425456,,정상가동,48.96,380,60,2022,,2018-10-25,,,2026-01-02
은숙 태양광발전소,경기도 김포시 월곶면 비석동로50번길 122-9,"경기도 김포시 월곶면 갈산리 140번지 50호 , 140-52",37.7074691430282,126.57607264595,,정상가동,98.26,380,60,2022,,2018-10-22,,,2026-01-02
백영태양광발전소,경기도 김포시 하성면 애기봉로806번길 68-18,경기도 김포시 하성면 마곡리 632번지 3호,37.7190536826254,126.630504568235,,정상가동,19.72,380,60,2022,,2018-10-11,,,2026-01-02
양택리태양광발전소,경기도 김포시 하성면 하성로 651,경기도 김포시 하성면 양택리 164번지,37.7307441906638,126.628301468243,,정상가동,98.05,380,60,2022,,2018-10-05,,,2026-01-02
어수학태양광발전소,경기도 김포시 하성면 석평로93번길 83,경기도 김포시 하성면 석탄리 572번지,37.7236256493257,126.64005916535,,정상가동,61.69,380,60,2022,,2018-10-04,,,2026-01-02
정선태양광발전소,경기도 김포시 대곶면 대곶남로265번길 146,경기도 김포시 대곶면 대벽리 566번지,37.6264946649869,126.585698353047,,정상가동,78.4,380,60,2022,,2018-09-28,,,2026-01-02
향산1태양광발전소,경기도 김포시 고촌읍 금포로549번길 269-46,경기도 김포시 고촌읍 향산리 375번지 1호,37.6241596571885,126.745469637855,,정상가동,81.6,380,60,2022,,2018-09-27,,,2026-01-02
향산2태양광발전소,경기도 김포시 고촌읍 금포로549번길 269-48,경기도 김포시 고촌읍 향산리 375번지,37.6243130461495,126.745196569433,,정상가동,51.0,380,60,2022,,2018-09-27,,,2026-01-02
성호2호 태양광발전소,경기도 김포시 대곶면 대곶서로 28-20,경기도 김포시 대곶면 약암리 114번지 3호,37.6256727668407,126.572134134692,,정상가동,197.1,380,60,2022,,2018-09-10,,,2026-01-02
명성 태양광발전소,경기도 김포시 대곶면 수남로 121,경기도 김포시 대곶면 대벽리 157번지,37.6344014410569,126.580762839288,,정상가동,93.2,380,60,2022,,2018-09-10,,,2026-01-02
태영태양광발전소,경기도 김포시 대곶면 대곶북로 205-56,경기도 김포시 대곶면 송마리 8번지 34호,37.6643756821268,126.577982215743,,정상가동,149.76,380,60,2022,,2018-09-07,,,2026-01-02
비취태양광발전소,경기도 김포시 대곶면 천호로 71-32,경기도 김포시 대곶면 약암리 1023번지,37.6187546607474,126.560219887849,,정상가동,197.1,380,60,2022,,2018-08-28,,,2026-01-02
해든태양광발전소,경기도 김포시 하성면 원통로78번길 33,"경기도 김포시 하성면 원산리 126번지 ,125",37.7189948954917,126.61955620996,,정상가동,79.2,380,60,2022,,2018-08-28,,,2026-01-02
신일종합렌탈태양광발전소,경기도 김포시 대곶면 대곶서로 283-78,"경기도 김포시 대곶면 율생리 617번지 19호 ,614-4",37.6463050119315,126.578594716172,,정상가동,73.44,380,60,2022,,2018-05-24,,,2026-01-02
창원2호기 태양광발전소,,"경기도 김포시 대곶면 송마리 281번지 4호 , 282-6",,,,정상가동,247.68,330,60,2022,,2018-07-30,,,2026-01-02
삼미레이저태양광발전소,경기도 김포시 양촌읍 구래로42번길 123-4,경기도 김포시 양촌읍 구래리 45번지 3호,37.6534848457129,126.616115384165,,정상가동,212.4,380,60,2022,,2018-07-26,,,2026-01-02
꿈드림 태양광발전소,"경기도 김포시 통진읍 귀전로56번길 187, , 귀전로56번길 188 A동 (건물위)","경기도 김포시 통진읍 귀전리 411번지 1호 , 411-5, 940, 941 (건물위)",,,,정상가동,42.84,380,60,2022,,2018-07-24,,,2026-01-02
유림태양광발전소,경기도 김포시 대곶면 불당로20번길 213-31,경기도 김포시 대곶면 거물대리 70번지 12호,37.6709896326852,126.608086114045,,정상가동,59.4,380,60,2022,,2018-07-24,,,2026-01-02
대벽2호 태양광발전소,"경기도 김포시 대곶면 대곶남로265번길 82, (건물 위)",경기도 김포시 대곶면 대벽리 575번지 4호 (건물 위),37.6245672535436,126.583998789962,,정상가동,50.0,380,60,2022,,2018-07-20,,,2026-01-02
대벽4호 태양광발전소,"경기도 김포시 대곶면 대곶남로265번길 72, (건물상부)",경기도 김포시 대곶면 대벽리 575번지 6호 (건물상부),37.6241592677412,126.584120457227,,정상가동,50.0,380,60,2022,,2018-07-20,,,2026-01-02
대벽1호 태양광발전소,"경기도 김포시 대곶면 대곶남로265번길 84, (건물 위)",경기도 김포시 대곶면 대벽리 575번지 (건물 위),37.6248351888961,126.583943036751,,정상가동,35.0,380,60,2022,,2018-07-20,,,2026-01-02
대벽3호 태양광발전소,"경기도 김포시 대곶면 대곶남로265번길 74, (건물상부)",경기도 김포시 대곶면 대벽리 575번지 5호 (건물상부),37.6244223398224,126.584039697636,,정상가동,50.0,380,60,2022,,2018-07-20,,,2026-01-02
주식회사 창광화학,경기도 김포시 대곶면 대명항로403번길 57,경기도 김포시 대곶면 율생리 842번지,37.6472493152028,126.577734897294,,정상가동,400.0,380,60,2022,,2018-07-13,,,2026-01-02
고정리태양광발전소,경기도 김포시 통진읍 고정1로82번길 17,경기도 김포시 통진읍 고정리 86번지 1호,37.7192735824421,126.597528339313,,정상가동,19.04,330,60,2022,,2018-07-03,,,2026-01-02
삼영태양광발전소,경기도 김포시 대곶면 약산로195번길 82-48,경기도 김포시 대곶면 대벽리 357번지 4호,37.625168161689,126.579714431226,,정상가동,155.52,380,60,2022,,2018-06-25,,,2026-01-02
와이태양광발전소,경기도 김포시 대곶면 율생중앙로205번길 104,경기도 김포시 대곶면 송마리 200번지 1호,37.6639924375723,126.566634917097,,정상가동,178.2,380,60,2022,,2018-06-20,,,2026-01-02
한세미크론 솔라 태양광발전소,"경기도 김포시 양촌읍 황금로166번길 17-4, 에이동 (건물위)",경기도 김포시 양촌읍 학운리 2726번지 에이동 (건물위),37.6177966297136,126.613841615255,,정상가동,48.28,380,60,2022,,2018-06-18,,,2026-01-02
동양농원 태양광발전소,경기도 김포시 김포대로1237번길 75 (장기동),경기도 김포시 장기동 808번지 14호 건물 위,37.6369529360524,126.685175826077,,정상가동,17.76,380,60,2022,,2018-06-15,,,2026-01-02
대화기획태양광발전소1호,경기도 김포시 양촌읍 해평로 68,경기도 김포시 양촌읍 누산리 363번지 10호,37.6576053645364,126.661484279712,,정상가동,99.96,380,60,2022,,2018-06-15,,,2026-01-02
거성에너지태양광발전소,경기도 김포시 통진읍 동을산로134번길 52-8,경기도 김포시 통진읍 동을산리 404번지 1호,37.6984305096637,126.624180923896,,정상가동,99.36,380,60,2022,,2018-06-15,,,2026-01-02
현주 태양광발전소,경기도 김포시 통진읍 애기봉로571번길 121,경기도 김포시 통진읍 귀전리 93번지 1호,37.7309207480745,126.60372987357,,정상가동,34.2,380,60,2022,,2018-06-15,,,2026-01-02
현대 태양광발전소,경기도 김포시 통진읍 애기봉로571번길 121,경기도 김포시 통진읍 귀전리 93번지 1호,37.7309207480745,126.60372987357,,정상가동,43.2,380,60,2022,,2018-06-15,,,2026-01-02
사라2태양광발전소,경기도 김포시 고촌읍 금포로549번길 269-45,"경기도 김포시 고촌읍 향산리 359번지 1호 -2,-3",37.6238248049853,126.745991738923,,정상가동,142.8,380,60,2022,,2018-06-14,,,2026-01-02
사라1태양광발전소,경기도 김포시 고촌읍 금포로549번길 269-51,경기도 김포시 고촌읍 향산리 359번지,37.6235154656747,126.745684453716,,정상가동,91.8,380,60,2022,,2018-06-14,,,2026-01-02
(주)부성이엔지,"경기도 김포시 양촌읍 황금로166번길 28, (주)부성이엔지",경기도 김포시 양촌읍 학운리 2737번지 1호 (주)부성이엔지,37.6188345698906,126.614395114864,,정상가동,99.36,380,60,2022,,2018-06-08,,,2026-01-02
광덕태양광발전소,경기도 김포시 통진읍 가현로85번길 99-46,경기도 김포시 통진읍 가현리 638번지 7호,37.678008062354,126.583104421783,,정상가동,93.6,380,60,2022,,2018-06-08,,,2026-01-02
대산태양광발전소,경기도 김포시 하성면 애기봉로806번길 33,경기도 김포시 하성면 마곡리 629번지 6호,37.7193413118,126.628767902205,,정상가동,30.24,380,60,2022,,2018-06-11,,,2026-01-02
강봉수태양광발전소,경기도 김포시 하성면 하성로357번길 97,경기도 김포시 하성면 원산리 419번지 외 1필지,37.7057162986263,126.631662274211,,정상가동,44.16,380,60,2022,,2018-05-23,,,2026-01-02
디에이치메탈태양광발전소,경기도 김포시 양촌읍 황금3로39번길 20-47,경기도 김포시 양촌읍 학운리 3551번지,37.6121726909426,126.618132845315,,정상가동,42.48,380,60,2022,,2018-05-24,,,2026-01-02
변은례 Solar Plant,,"경기도 김포시 대곶면 거물대리 143번지 1호 ,2",,,,정상가동,65.0,380,60,2022,,2018-06-07,,,2026-01-02
라이프추리태양광발전소,경기도 김포시 통진읍 흥신로254번길 27,경기도 김포시 통진읍 도사리 760번지 4호,37.6805241187731,126.610840319621,,정상가동,94.68,380,60,2022,,2018-06-04,,,2026-01-02
유민태양광발전소,경기도 김포시 양촌읍 황금3로 50,경기도 김포시 양촌읍 학운리 3516번지,37.6107877640555,126.614274481964,,정상가동,199.92,380,60,2022,,2018-06-04,,,2026-01-02
오성태양광발전소,경기도 김포시 통진읍 가현로 166,"경기도 김포시 통진읍 가현리 372번지 ,372-4",37.6765562866837,126.591175239505,,정상가동,30.94,380,60,2022,,2018-05-25,,,2026-01-02
jp1호 태양광발전소,경기도 김포시 통진읍 월하로 480,경기도 김포시 통진읍 귀전리 458번지 1호,37.7109300226263,126.609459383598,,정상가동,97.92,380,60,2022,,2018-05-23,,,2026-01-02
jp2호태양광발전소,경기도 김포시 통진읍 월하로 480-1,경기도 김포시 통진읍 귀전리 458번지 1호,37.7107562262437,126.609486719885,,정상가동,97.92,380,60,2022,,2018-05-14,,,2026-01-02
양존태양광발전소,,경기도 김포시 하성면 양택리 산 132번지,,,,정상가동,98.8,380,60,2022,,2018-05-09,,,2026-01-02
디앤팩 태양광발전소,경기도 김포시 하성면 귀전로154번길 125,경기도 김포시 하성면 원산리 41번지 8호,37.7162645742494,126.614416735205,,정상가동,98.26,380,60,2022,,2018-05-03,,,2026-01-02
신유이엘태양광발전소,경기도 김포시 대곶면 대곶서로 1-26,경기도 김포시 대곶면 약암리 1번지 3호,37.6234263007563,126.569074752306,,정상가동,98.67,380,60,2022,,2018-10-18,,,2026-01-02
한철우태양광발전소,경기도 김포시 하성면 원산로 30,경기도 김포시 하성면 원산리 619번지,37.7136539074202,126.62150019855,,정상가동,99.72,380,60,2022,,2018-04-26,,,2026-01-02
동원태양광발전소,,경기도 김포시 대곶면 초원지리 15-2,37.6634735145612,126.599900013149,,정상가동,68.4,380,60,2022,,2018-04-23,,,2026-01-02
성창태양광발전소,경기도 김포시 대곶면 학의동로34번길 97-45,경기도 김포시 대곶면 대명리 10번지 4호 외 2필지,37.6549516781248,126.562651681398,,정상가동,82.44,380,60,2022,,2018-04-19,,,2026-01-02
민지태양광발전소,경기도 김포시 월곶면 애기봉로456번길 7,경기도 김포시 월곶면 개곡리 269번지 1호 외 2필지,37.7301923970474,126.592260515559,,정상가동,99.69,380,60,2022,,2018-04-18,,,2026-01-02
코리아트렌치 1호 태양광발전소,경기도 김포시 양촌읍 황금3로39번길 10-39,경기도 김포시 양촌읍 학운리 3534번지,37.6118398162931,126.616727428641,,정상가동,96.48,380,60,2022,,2018-04-18,,,2026-01-02
주식회사 현대실리콘,경기도 김포시 양촌읍 흥신로239번길 7-4,경기도 김포시 양촌읍 흥신리 369번지 1호,37.6773088132388,126.611550409395,,정상가동,98.26,380,60,2022,,2018-02-23,,,2026-01-02
새양지태양광발전소,경기도 김포시 대곶면 대곶북로 446,경기도 김포시 대곶면 석정리 1번지 24호,37.6814560628805,126.567388445032,,정상가동,48.6,380,60,2022,,2018-02-12,,,2026-01-02
새한태양광발전소,경기도 김포시 월곶면 애기봉로 459-29,경기도 김포시 월곶면 개곡리 284번지 23호 외 2필지,37.7310595459004,126.593870002997,,정상가동,99.28,380,60,2022,,2018-02-07,,,2026-01-02
주신태양광발전소,경기도 김포시 하성면 하성로914번길 15,경기도 김포시 하성면 마조리 189번지 1호,37.7530035815182,126.634403809569,,정상가동,15.84,380,60,2022,,2018-02-07,,,2026-01-02
엠앤피스테이션태양광발전소,경기도 김포시 통진읍 월하로652번길 75,경기도 김포시 통진읍 동을산리 65번지 4호 외1필지,37.7056080173845,126.626170587931,,정상가동,99.28,380,60,2022,,2018-02-07,,,2026-01-02
손짜장마을태양광발전소,경기도 김포시 월곶면 김포대로 2996,경기도 김포시 월곶면 포내리 32번지 2호,37.7279979012427,126.534119058091,,정상가동,15.3,380,60,2022,,2018-01-23,,,2026-01-02
케이티엘태양광발전소,경기도 김포시 고촌읍 아라육로58번길 186,경기도 김포시 고촌읍 전호리 737번지,37.5921335607228,126.785582317222,,정상가동,147.9,380,60,2022,,2018-01-15,,,2026-01-02
씨엔에프텍 파워,"경기도 김포시 양촌읍 삼도공단로 32, 씨엔에프텍",경기도 김포시 양촌읍 학운리 3360번지 씨엔에프텍,37.6044730971392,126.594169980798,,정상가동,97.92,380,60,2022,,2018-01-15,,,2026-01-02
성신태양광발전소,경기도 김포시 대곶면 대곶남로265번길 46-23,경기도 김포시 대곶면 대벽리 579번지 9호,37.6238897132206,126.585200915469,,정상가동,99.2,380,60,2022,,2018-01-15,,,2026-01-02
대진태양광발전소,경기도 김포시 통진읍 월하로519번길 14,경기도 김포시 통진읍 귀전리 589번지 15호,37.7129181850831,126.613642008814,,정상가동,65.92,380,60,2022,,2018-01-11,,,2026-01-02
신화2태양광발전소,경기도 김포시 하성면 원통로 86,경기도 김포시 하성면 원산리 92번지,37.719535709501,126.618736012675,,정상가동,61.32,380,60,2022,,2018-01-02,,,2026-01-02
신화1태양광발전소,경기도 김포시 하성면 원통로 86,경기도 김포시 하성면 원산리 92번지,37.719535709501,126.618736012675,,정상가동,99.4,380,60,2022,,2018-01-02,,,2026-01-02
이씨네 태양광발전소,,경기도 김포시 하성면 가금리 산 16-3,,,,정상가동,201.28,380,60,2022,,2017-10-10,,,2026-01-02
대아 태양광발전소,경기도 김포시 통진읍 절골로 70-27,경기도 김포시 통진읍 옹정리 276번지 9호,37.6806142355406,126.577615337524,,정상가동,288.32,380,60,2022,,2017-09-21,,,2026-01-02
재혁 태양광발전소,"경기도 김포시 대곶면 대곶북로305번길 182, ,112-2","경기도 김포시 대곶면 석정리 112번지 ,112-2",,,,정상가동,343.71,380,60,2022,,2017-09-14,,,2026-01-02
여흥민씨 김포종중 태양광발전소,,경기도 김포시 하성면 마곡리 611-13,37.7187409189157,126.63410348653,,정상가동,993.28,22900,60,2022,,2017-08-18,,,2026-01-02
동천 태양광발전소,"경기도 김포시 월곶면 고양로128번길 20-90, 외 5필지",경기도 김포시 월곶면 고양리 145,,,,정상가동,904.32,380,60,2022,,2017-06-30,,,2026-01-02
성옥태양광발전소,경기도 김포시 양촌읍 삭시갈마로54번길 103,경기도 김포시 양촌읍 학운리 357번지 외 1필지,37.6235846671483,126.605787551146,,정상가동,80.64,380,60,2022,,2017-12-29,,,2026-01-02
추자태양광발전소,,경기도 김포시 월곶면 개곡리 44번지 1호,,,,정상가동,80.64,380,60,2022,,2018-02-01,,,2026-01-02
유경태양광발전소,경기도 김포시 하성면 애기봉로806번길 58,경기도 김포시 하성면 마곡리 631번지 15호,37.7192813696765,126.63016373985,,정상가동,19.8,380,60,2022,,2017-12-08,,,2026-01-02
보람태양광발전소,경기도 김포시 대곶면 학의동로34번길 173-37,경기도 김포시 대곶면 대명리 15번지 3호 외 2필지,37.653421077629,126.563618674627,,정상가동,99.45,380,60,2022,,2017-11-24,,,2026-01-02
청용태양광발전소,,경기도 김포시 운양동 1296번지 1호,,,,정상가동,82.88,380,60,2022,,2017-11-22,,,2026-01-02
금탑2태양광발전소,경기도 김포시 대곶면 율마로138번길 50-24,경기도 김포시 대곶면 초원지리 8번지 3호 외 1필지,37.6629640191621,126.598946761328,,정상가동,48.96,380,60,2022,,2017-11-07,,,2026-01-02
(주)일신밸브태양광발전소,경기도 김포시 대곶면 율생중앙로206번길 15-21,경기도 김포시 대곶면 송마리 139-1,37.6642491659913,126.573542933549,,정상가동,64.0,380,60,2022,,2017-11-07,,,2026-01-02
이레태양광발전소,,경기도 김포시 하성면 시암리 177번지 8호,,,,정상가동,82.55,380,60,2022,,2017-10-25,,,2026-01-02
미화태양광발전소,경기도 김포시 통진읍 김포대로1950번길 68-32,경기도 김포시 통진읍 수참리 410번지 6호,37.6806222418221,126.631514994354,,정상가동,63.36,380,60,2022,,2017-10-18,,,2026-01-02
뉴테크태양광발전소,경기도 김포시 양촌읍 황금1로80번길 55,경기도 김포시 양촌읍 학운리 2980번지 3호,37.6151583095947,126.622172625121,,정상가동,99.0,380,60,2022,,2017-10-18,,,2026-01-02
약암마을태양광발전소,경기도 김포시 대곶면 대곶서로59번길 94,경기도 김포시 대곶면 약암리 61번지,37.6249476801461,126.568798973831,,정상가동,20.0,380,60,2022,,2017-09-19,,,2026-01-02
성빈태양광발전소,,경기도 김포시 대곶면 대능리 373번지 2호,,,,정상가동,97.2,380,60,2022,,2017-09-19,,,2026-01-02
디토태양광발전소,경기도 김포시 통진읍 절골로 114-11,경기도 김포시 통진읍 마송리 375번지 6호,37.6839212985651,126.583020766304,,정상가동,81.9,380,60,2022,,2017-09-06,,,2026-01-02
삼도전기2태양광발전소,경기도 김포시 고촌읍 금포로429번길 76-9,경기도 김포시 고촌읍 풍곡리 75번지 9호 외 1필지,37.6171965209245,126.766762921756,,정상가동,19.85,220,60,2022,,2017-09-06,,,2026-01-02
예우태양광발전소,경기도 김포시 하성면 하성로678번길 366,경기도 김포시 하성면 후평리 347번지 3호,37.7359738054383,126.644141229588,,정상가동,97.92,380,60,2022,,2017-09-01,,,2026-01-02
대능1리마을회관태양광발전소,경기도 김포시 대곶면 대곶남로 355,경기도 김포시 대곶면 대능리 551번지 4호,37.6248106011959,126.588880947782,,정상가동,19.8,380,60,2022,,2017-08-30,,,2026-01-02
태훈태양광발전소,경기도 김포시 대곶면 율마로211번길 87-2,경기도 김포시 대곶면 거물대리 300번지 3호,37.6697067906849,126.593723882166,,정상가동,83.16,380,60,2022,,2017-08-28,,,2026-01-02
학운태양광발전소,,경기도 김포시 양촌읍 학운리 303번지 3호 외 1필지,,,,정상가동,194.3,380,60,2022,,2017-08-28,,,2026-01-02
온새미2호태양광발전소,,경기도 김포시 하성면 시암리 707번지,37.7554145995934,126.649573881501,,정상가동,64.0,380,60,2022,,2017-08-28,,,2026-01-02
한누리태양광발전소,경기도 김포시 월곶면 김포대로 2515-26,경기도 김포시 월곶면 갈산리 465번지 21호,37.7005310754501,126.568675182231,,정상가동,32.16,380,60,2022,,2017-08-16,,,2026-01-02
베네스트태양광발전소,경기도 김포시 통진읍 월하로548번길 64,경기도 김포시 통진읍 귀전리 673번지 2호,37.7100281075335,126.614620636529,,정상가동,56.7,380,60,2022,,2017-08-07,,,2026-01-02
삼덕여과산업(주)3호태양광발전소,경기도 김포시 양촌읍 불당로 39-21,경기도 김포시 양촌읍 흥신리 524번지 7호,37.666149883975,126.615952917401,,정상가동,40.96,380,60,2022,,2017-07-28,,,2026-01-02
삼덕여과산업(주)2호태양광발전소,경기도 김포시 양촌읍 불당로 39-14,경기도 김포시 양촌읍 흥신리 524번지 7호,37.6674342909573,126.615696718923,,정상가동,44.8,380,60,2022,,2017-07-28,,,2026-01-02
SNP태양광발전소,경기도 김포시 통진읍 월하로519번길 105,경기도 김포시 통진읍 귀전리 377번지 3호,37.7146724876036,126.60922164462,,정상가동,66.3,380,60,2022,,2017-07-27,,,2026-01-02
동화폴리태양광발전소,경기도 김포시 통진읍 동을산로 167-4,경기도 김포시 통진읍 동을산리 16번지 4호,37.7009481953056,126.62773546226,,정상가동,96.39,380,60,2022,,2017-07-24,,,2026-01-02
박재수태양광발전소,경기도 김포시 양촌읍 금포로1491번길 290,경기도 김포시 양촌읍 누산리 1063번지 38호,37.6737653147198,126.662721685691,,정상가동,194.4,380,60,2022,,2017-07-24,,,2026-01-02
태광태양광발전소,,경기도 김포시 하성면 원산리 43번지 3호,37.7182795994534,126.615302649568,,정상가동,161.0,380,60,2022,,2017-07-24,,,2026-01-02
아라산업4호태양광발전소,경기도 김포시 고촌읍 태리로190번길 17-48,경기도 김포시 고촌읍 태리 126번지 5호 외 1필지,37.5948105549537,126.752851742508,,정상가동,52.5,380,60,2022,,2017-07-12,,,2026-01-02
윤경산업2호태양광발전소,경기도 김포시 대곶면 대곶북로395번길 142,경기도 김포시 대곶면 석정리 86번지 4호 외 1필지,37.674362080055,126.567733307662,,정상가동,99.4,380,60,2022,,2017-07-12,,,2026-01-02
윤경산업1호태양광발전소,경기도 김포시 대곶면 대곶북로395번길 142,경기도 김포시 대곶면 석정리 86번지 4호 외 1필지,37.674362080055,126.567733307662,,정상가동,99.4,380,60,2022,,2017-07-12,,,2026-01-02
미파솔라태양광발전소,경기도 김포시 대곶면 대곶로430번길 60,경기도 김포시 대곶면 석정리 241번지 외 1필지,37.6797443565536,126.556654363254,,정상가동,99.23,380,60,2022,,2017-07-12,,,2026-01-02
모던태양광발전소,경기도 김포시 양촌읍 삼도로 69,경기도 김포시 양촌읍 학운리 3213번지,37.6076384045647,126.585990624216,,정상가동,200.0,380,60,2022,,2017-07-11,,,2026-01-02
향촌태양광발전소,경기도 김포시 하성면 월하로 936,경기도 김포시 하성면 전류리 162번지,37.7044696023138,126.656023827746,,정상가동,59.85,380,60,2022,,2017-06-28,,,2026-01-02
옥반4호기태양광발전소,경기도 김포시 대곶면 송마로73번길 46,경기도 김포시 대곶면 송마리 296번지 11호,37.6669723588902,126.562763861709,,정상가동,34.2,380,60,2022,,2017-06-28,,,2026-01-02
아라산업3호태양광발전소,경기도 김포시 고촌읍 금포로621번길 66,경기도 김포시 고촌읍 향산리 258번지 1호,37.6218393695586,126.751053330892,,정상가동,69.3,380,60,2022,,2017-06-27,,,2026-01-02
아라산업2호태양광발전소,,경기도 김포시 고촌읍 향산리 258번지 3호,,,,정상가동,55.4,380,60,2022,,2017-06-27,,,2026-01-02
성현태양광발전소,,경기도 김포시 대곶면 대능리 384번지 19호,,,,정상가동,46.08,380,60,2022,,2017-08-28,,,2026-01-02
금마태양광발전소,"경기도 김포시 통진읍 김포대로2250번길 48, 102호",경기도 김포시 통진읍 마송리 111번지 21호,37.6923529751196,126.597365605784,,정상가동,19.8,380,60,2022,,2017-05-18,,,2026-01-02
민성분태양광발전소,,경기도 김포시 하성면 가금리 492번지 2호 외 1필지,,,,정상가동,49.5,380,60,2022,,2017-04-13,,,2026-01-02
남산태양광발전소,,경기도 김포시 통진읍 옹정리 323번지 1호 외 2필지,37.6828076104,126.569728060493,,정상가동,99.0,380,60,2022,,2017-04-19,,,2026-01-02
조은빌태양광발전소,경기도 김포시 봉화로 17-22 (사우동),경기도 김포시 사우동 247번지 19호,37.6176359316763,126.715019935619,,정상가동,14.56,220,60,2022,,2017-04-12,,,2026-01-02
다이아몬드힐태양광발전소,경기도 김포시 양촌읍 황금로23번길 229,경기도 김포시 양촌읍 학운리 3084번지 6호,37.6106856503688,126.624120838217,,정상가동,147.9,380,60,2022,,2017-04-10,,,2026-01-02
옹정 태양광발전소,경기도 김포시 통진읍 절골로127번길 229,서울특별시 구로구 오류동 338번지,37.6888612308794,126.57309819213,,정상가동,47.6,380,60,2022,,2017-08-28,,,2026-01-02
미소태양광발전소,,경기도 김포시 하성면 시암리 619-1,37.7611644182459,126.645855641123,,정상가동,98.28,380,60,2022,,2017-03-10,,,2026-01-02
대명태양광발전소,경기도 김포시 대곶면 덕포진로 59,경기도 김포시 통진읍 고정리 609번지,37.6475072544531,126.546586107336,,정상가동,61.2,380,60,2022,,2017-03-10,,,2026-01-02
김포서암태양광발전소,경기도 김포시 통진읍 대서명로 13,경기도 김포시 통진읍 서암리 502번지 7호,37.6985719730444,126.606912965172,,정상가동,72.08,380,60,2022,,2017-03-09,,,2026-01-02
김광수2호기태양광발전소,경기도 김포시 대곶면 대곶로328번길 31,경기도 김포시 대곶면 석정리 189번지 3호,37.6734681440577,126.556619729685,,정상가동,40.8,380,60,2022,,2017-01-02,,,2026-01-02
다니엘 두하 태양광발전소,경기도 김포시 통진읍 김포대로 2398-28,경기도 화성시 영천동 832-1,37.6991865048852,126.585439513671,,정상가동,996.4,22900,60,2022,,2016-09-27,,,2026-01-02
(주)오아시스파워 [대우 신재생에너지 발전소],,"경기도 김포시 월곶면 개곡리 304 , 328-1",,,,정상가동,1000.0,22900,60,2022,,2016-12-08,,,2026-01-02
김포공급센터태양광발전소,"경기도 김포시 통진읍 김포대로 1979,  B동",서울특별시 강서구 염창동 281번지,37.6800959247195,126.623170538979,,정상가동,99.96,380,60,2022,,2016-12-29,,,2026-01-02
서암태양광발전소,경기도 김포시 통진읍 서암로131번길 31,경기도 김포시 통진읍 서암리 798번지 1호,37.6956199322957,126.600103657697,,정상가동,65.28,380,60,2022,,2016-12-29,,,2026-01-02
연찬태양광발전소,경기도 김포시 대곶면 천호로116번길 185-20,경기도 김포시 대곶면 대벽리 1078번지,37.6137625719587,126.572025811102,,정상가동,34.68,380,60,2022,,2016-12-07,,,2026-01-02
석균태양광발전소,경기도 김포시 대곶면 율마로256번길 110,경기도 김포시 대곶면 거물대리 232번지,37.6716341010767,126.602433189474,,정상가동,61.2,380,60,2022,,2016-12-07,,,2026-01-02
난순태양광발전소,,경기도 김포시 대곶면 대능리 385번지,37.6324624344057,126.592460882687,,정상가동,97.47,380,60,2022,,2016-12-06,,,2026-01-02
정도태양광발전소,경기도 김포시 하성면 월하로860번길 178-7,서울특별시 영등포구 양평동3가 78번지 17호,37.7011555708515,126.644215552286,,정상가동,99.18,380,60,2022,,2016-11-29,,,2026-01-02
귀전리우일태양광발전소,경기도 김포시 통진읍 월하로 492,경기도 김포시 통진읍 귀전리 605번지,37.7107484312626,126.610753193054,,정상가동,99.0,380,60,2022,,2016-11-29,,,2026-01-02
부자테이프2호 태양광발전소,경기도 김포시 하성면 봉성로 126,경기도 김포시 하성면 봉성리 12번지 2호,37.6982594753918,126.646367466259,,정상가동,86.8,380,60,2022,,2016-11-21,,,2026-01-02
부자테이프1호 태양광발전소,경기도 김포시 하성면 봉성로 126,경기도 김포시 하성면 봉성리 12번지 2호,37.6982594753918,126.646367466259,,정상가동,86.8,380,60,2022,,2016-11-21,,,2026-01-02
리따산업개발,경기도 김포시 대곶면 대곶북로 527-57,경기도 김포시 대곶면 석정리 247번지 7호,37.6797928769948,126.559721626583,,정상가동,63.0,380,60,2022,,2016-11-21,,,2026-01-02
옥반2호기태양광발전소,경기도 김포시 대곶면 송마로73번길 93-19,경기도 김포시 대곶면 석정리 118번지,37.6700220632551,126.563956054506,,정상가동,75.14,380,60,2022,,2016-11-21,,,2026-01-02
옥반3호기태양광발전소,경기도 김포시 대곶면 송마로73번길 93-21,경기도 김포시 대곶면 석정리 118번지 20호,37.66997047118,126.564282113368,,정상가동,87.04,380,60,2022,,2016-11-21,,,2026-01-02
김정오2호기태양광발전소,,경기도 김포시 대곶면 쇄암리 289번지,37.6775628800574,126.542767310269,,정상가동,75.81,380,60,2022,,2016-11-04,,,2026-01-02
참숯플러스 발전소,경기도 김포시 대곶면 대명항로 247,경기도 김포시 대곶면 율생리 351번지 1호,37.6525758690698,126.592119473851,,정상가동,97.47,380,60,2022,,2016-08-31,,,2026-01-02
신흥태양광발전소,경기도 김포시 통진읍 율마로276번길 69,경기도 김포시 통진읍 가현리 816번지 1호,37.6759640965532,126.602568217221,,정상가동,97.47,380,60,2022,,2016-08-30,,,2026-01-02
남양1호태양광발전소,경기도 김포시 통진읍 고정1로 71,경기도 김포시 통진읍 고정리 196-23 C동 (건물 위),37.7172509192022,126.596502638217,,정상가동,27.0,380,60,2022,,2016-08-17,,,2026-01-02
국환태양광발전소,,경기도 김포시 양촌읍 누산리 1032번지 141호,37.6665347979772,126.654072010277,,정상가동,99.0,380,60,2022,,2016-07-14,,,2026-01-02
온새미태양광발전소,경기도 김포시 하성면 연화봉로 297,경기도 김포시 하성면 시암리 680번지 3호,37.7559919353177,126.644101310586,,정상가동,31.5,220,60,2022,,2017-04-05,,,2026-01-02
김흥룡태양광발전소3호기,경기도 김포시 대곶면 종생로136번길 74,경기도 김포시 대곶면 율생리 207번지,37.6437090914245,126.595998624197,,정상가동,47.12,380,60,2022,,2016-06-08,,,2026-01-02
죽염태양광발전소,경기도 김포시 양촌읍 삼도공단로 45-1,경기도 김포시 양촌읍 학운리 448번지 258호,37.6031026235582,126.595907013479,,정상가동,99.2,380,60,2022,,2016-06-07,,,2026-01-02
힘찬에셋,경기도 김포시 하성면 석평로93번길 115,,37.7244102258546,126.638356309819,,정상가동,76.44,380,60,2022,,2016-05-25,,,2026-01-02
보성태양광발전소,경기도 김포시 월곶면 군하로 280,,37.7160489834258,126.551649110972,,정상가동,24.8,380,60,2022,,2016-05-18,,,2026-01-02
이명인태양광발전소,,경기도 김포시 대곶면 쇄암리 455번지 3호,,,,정상가동,75.6,380,60,2022,,2016-05-13,,,2026-01-02
윤옥반태양광발전소,경기도 김포시 대곶면 송마로 91-17,,37.6671724446914,126.562977130883,,정상가동,19.67,380,60,2022,,2016-04-07,,,2026-01-02
현정이네태양광발전소,,경기도 김포시 하성면 시암리 202번지 4호,,,,정상가동,96.9,380,60,2022,,2016-01-19,,,2026-01-02
JK 태양광발전소,,경기도 김포시 통진읍 가현리 578,37.6774374632593,126.596177412815,,정상가동,468.0,22900,60,2022,,2015-01-21,,,2026-01-02
창원 태양광발전소,,경기도 김포시 대곶면 석정리 114번지,37.6711737473982,126.567668038344,,정상가동,249.09,380,60,2022,,2015-08-05,,,2026-01-02
한농위탁영농유한회사,경기도 김포시 통진읍 김포대로1978번길 18-10,경기도 김포시 통진읍 도사리 609번지 1호,37.6813858968127,126.62332669075,,정상가동,98.28,380,60,2022,,2015-12-30,,,2026-01-02
문수산태양광발전소,경기도 김포시 월곶면 용강로103번길 175,경기도 김포시 월곶면 고막리 201번지 2호,37.733258973791,126.556037681755,,정상가동,18.0,380,60,2022,,2015-12-18,,,2026-01-02
삼도전기태양광발전소,경기도 김포시 하성면 하성로286번길 76-7,경기도 김포시 하성면 하사리 20번지,37.7011680114553,126.640357036309,,정상가동,50.4,380,60,2022,,2015-12-10,,,2026-01-02
명진태양광발전소,경기도 김포시 양촌읍 황금1로 186,경기도 김포시 양촌읍 학운리 2694번지,37.6225803326021,126.613767144313,,정상가동,99.0,380,60,2022,,2015-10-12,,,2026-01-02
이영희태양광발전소,경기도 김포시 대곶면 삭시갈마로 166,경기도 김포시 대곶면 대능리 441번지 4호,37.6286137270825,126.594870820822,,정상가동,13.68,380,60,2022,,2015-09-15,,,2026-01-02
선풍 태양광발전소,,경기도 김포시 대곶면 석정리 111번지 28호,,,,정상가동,427.95,380,60,2022,,2015-03-27,,,2026-01-02
오성모형연마태양광발전소,경기도 김포시 대곶면 오니산로 169,경기도 김포시 대곶면 오니산리 61번지 2호,37.662734224904,126.614470748179,,정상가동,18.0,380,60,2022,,2015-08-04,,,2026-01-02
임정옥태양광발전소,경기도 김포시 대곶면 대곶남로265번길 142-10,경기도 김포시 대곶면 568번지,37.6261858936988,126.585158363057,,정상가동,32.49,380,60,2022,,2015-07-22,,,2026-01-02
삼덕 태양광발전소,경기도 김포시 양촌읍 불당로 39-14,경기도 김포시 양촌읍 흥신리 524번지 7호,37.6674342909573,126.615696718923,,정상가동,40.0,380,60,2022,,2015-04-16,,,2026-01-02
김영애태양광발전소,경기도 김포시 통진읍 김포대로2435번길 138-10,경기도 김포시 통진읍 옹정리 197번지 31호,37.6919621815481,126.574591313309,,정상가동,35.0,380,60,2022,,2014-12-30,,,2026-01-02
이정진태양광발전소,,경기도 김포시 대곶면 대벽리 132번지,37.634054857159,126.583772114514,,정상가동,96.9,380,60,2022,,2015-09-03,,,2026-01-02
박평원2호기 태양광발전소,경기도 김포시 대곶면 대곶남로 373-26,경기도 김포시 대곶면 대능리 493번지,37.6273140340796,126.589803543925,,정상가동,29.93,380,60,2022,,2015-07-01,,,2026-01-02
기웅산업목재,경기도 김포시 대곶면 절골로 25,경기도 김포시 대곶면 석정리 19번지 13호,37.681163234588,126.573868742508,,정상가동,99.0,380,60,2022,,2015-08-03,,,2026-01-02
정금수태양광발전소,경기도 김포시 하성면 석평로 410,경기도 김포시 하성면 후평리 92번지 3호,37.7453301119349,126.650908880877,,정상가동,30.0,380,60,2022,,2015-10-20,,,2026-01-02
서암태양광발전소,경기도 김포시 통진읍 서암로 281-77,경기도 김포시 통진읍 서암리 957번지,37.7079533892983,126.606988050447,,정상가동,98.28,380,60,2022,,2015-06-30,,,2026-01-02
통진귀전태양광발전소2호,경기도 김포시 통진읍 월하로519번길 125-3,"경기도 김포시 통진읍 귀전리 378번지 3호 , 378-1",37.714807455303,126.608570616198,,정상가동,99.11,380,60,2022,,2015-03-09,,,2026-01-02
통진귀전 태양광발전소1호,경기도 김포시 통진읍 월하로519번길 125-3,경기도 김포시 통진읍 귀전리 378-1,37.714807455303,126.608570616198,,정상가동,85.68,380,60,2022,,2015-03-09,,,2026-01-02
유은택태양광발전소,경기도 김포시 대곶면 대곶서로234번길 52-56,경기도 김포시 대곶면 대벽리 147번지 1호,37.6363919333207,126.583728374863,,정상가동,20.8,380,60,2022,,2015-03-06,,,2026-01-02
최기덕태양광발전소,경기도 김포시 대곶면 학의동로 29-39,경기도 김포시 대곶면 송마리 1307번지 1호,37.6578443680217,126.556527027823,,정상가동,99.36,380,60,2022,,2015-05-26,,,2026-01-02
금탑태양광발전소,경기도 김포시 대곶면 율마로138번길 50-24,경기도 김포시 대곶면 초원지리 8번지 3호,37.6629640191621,126.598946761328,,정상가동,49.24,380,60,2022,,2015-03-02,,,2026-01-02
김광수태양광발전소,경기도 김포시 대곶면 대곶로318번길 137,경기도 김포시 대곶면 석정리 160번지 15호,37.6725723045385,126.563113789178,,정상가동,80.64,380,60,2022,,2015-02-26,,,2026-01-02
점동 발전소,경기도 김포시 월곶면 점동로41번길 26-23,경기도 김포시 월곶면 갈산리 312번지 2호,37.7192798527422,126.563973616934,,정상가동,50.0,380,60,2022,,2015-01-30,,,2026-01-02
전영두태양광발전소,경기도 김포시 대곶면 율마로138번길 85,경기도 김포시 대곶면 초원지리 223번지,37.6635346284747,126.601371813611,,정상가동,20.0,380,60,2022,,2014-12-24,,,2026-01-02
김포통진읍 강인석태양광발전소,경기도 김포시 통진읍 김포대로2435번길 138-6,경기도 김포시 통진읍 옹정리 197번지 35호,37.691881135681,126.57480266235,,정상가동,35.0,380,60,2022,,2014-12-30,,,2026-01-02
조휘철태양광발전소,경기도 김포시 월곶면 애기봉로 412-48,경기도 김포시 월곶면 개곡리 240번지 2호,37.7327218358297,126.58759280508,,정상가동,30.0,380,60,2022,,2014-11-24,,,2026-01-02
손기서태양광발전소,경기도 김포시 대곶면 수남로21번길 24-53,경기도 김포시 대곶면 대벽리 529번지,37.6276764642707,126.586772617067,,정상가동,18.0,220,60,2022,,2014-11-11,,,2026-01-02
새터태양광발전소,경기도 김포시 월곶면 용강로 283,경기도 김포시 월곶면 조강리 310번지 3호,37.7438134313427,126.560302414035,,정상가동,60.0,380,60,2022,,2014-09-04,,,2026-01-02
늘푸른1호 태양광발전소,경기도 김포시 양촌읍 흥신로239번길 48,경기도 김포시 양촌읍 흥신리 387번지 4호,37.6767007555129,126.609234983449,,정상가동,19.8,380,60,2022,,2014-08-28,,,2026-01-02
김포전류리 제1 태양광발전소,경기도 김포시 하성면 월하로860번길 42-66,경기도 김포시 하성면 전류리 373번지 14호,37.7059816446603,126.644582357339,,정상가동,98.88,380,60,2022,,2014-10-23,,,2026-01-02
민현기 태양광발전소,"경기도 김포시 대곶면 대곶남로145번길 59, (건물위)",경기도 김포시 대곶면 대벽리 643번지 27호,37.6141451987074,126.580805345472,,정상가동,10.8,380,60,2022,,2014-09-22,,,2026-01-02
이명희 태양광발전소,"경기도 김포시 대곶면 불당로 112, (건물위)",경기도 김포시 대곶면 오니산리 198번지,37.6663593834679,126.608451164606,,정상가동,15.0,380,60,2022,,2014-08-05,,,2026-01-02
김지윤 태양광발전소,"경기도 김포시 양촌읍 대곶남로 637, (건물위)",경기도 김포시 양촌읍 유현리 148번지 4호,37.6435265701827,126.608782132928,,정상가동,71.82,380,60,2022,,2014-09-23,,,2026-01-02
김포시암리태양광발전소,경기도 김포시 하성면 석평로544번길 22,경기도 김포시 하성면 시암리 720번지 1호,37.7566135807168,126.650720487501,,정상가동,48.23,380,60,2022,,2014-07-29,,,2026-01-02
재필 태양광발전소,"경기도 김포시 대곶면 대곶남로 541-25, 외 1필지(건물위)",경기도 김포시 대곶면 대능리 95번지 2호,,,,정상가동,21.0,220,60,2022,,2014-07-23,,,2026-01-02
임재웅 태양광발전소,"경기도 김포시 대곶면 대곶남로 365, 142-10(건물위)",경기도 김포시 대곶면 대능리 507번지 1호,,,,정상가동,30.0,380,60,2022,,2014-06-17,,,2026-01-02
권명상 태양광발전소,경기도 김포시 대곶면 수남로21번길 26,경기도 김포시 대곶면 대벽리 538번지 3호,37.6278915712125,126.589236223736,,정상가동,20.0,380,60,2022,,2014-07-04,,,2026-01-02
양지태양광발전소,경기도 김포시 하성면 하성로 671-15,경기도 김포시 하성면 양택리 166번지,37.7316974591882,126.627887863725,,정상가동,49.14,380,60,2022,,2014-06-19,,,2026-01-02
김정오 태양광발전소,"경기도 김포시 대곶면 쇄암로 109, (가동 건물위)",경기도 김포시 대곶면 쇄암리 290번지 1호,37.6776658656744,126.543070703938,,정상가동,15.0,380,60,2022,,2014-06-02,,,2026-01-02
청보CS 태양광발전소,경기도 김포시 대곶면 대곶북로 547,경기도 김포시 대곶면 석정리 267번지 8호,37.6819735940703,126.556476944369,,정상가동,42.29,380,60,2022,,2014-05-14,,,2026-01-02
준수 태양광발전소,경기도 김포시 고촌읍 인향로210번길 85,경기도 김포시 고촌읍 태리 965번지 4호,37.5852481292166,126.754821542876,,정상가동,17.6,220,60,2022,,2014-04-09,,,2026-01-02
박상태 태양광발전,"경기도 김포시 대곶면 수남로 95-24, (건물위)",경기도 김포시 대곶면 대벽리 252번지 3호,37.6315134872728,126.58237642186,,정상가동,38.0,380,60,2022,,2014-03-14,,,2026-01-02
박평원 태양광발전소,경기도 김포시 대곶면 대곶남로 383,경기도 김포시 대곶면 대능리 494번지 10호,37.627457112036,126.590115301842,,정상가동,35.0,380,60,2022,,2014-02-26,,,2026-01-02
최정행태양광발전소,경기도 김포시 대곶면 대곶남로429번길 59,경기도 김포시 대곶면 대능리 403-1,37.6321869237738,126.591681713493,,정상가동,25.0,380,60,2022,,2014-02-27,,,2026-01-02
성원 태양광발전소,경기도 김포시 월곶면 애기봉로 457,경기도 김포시 월곶면 개곡리 284-17,37.7307921589084,126.592648364463,,정상가동,35.0,380,60,2022,,2014-02-03,,,2026-01-02
갈산 태양광발전소,"경기도 김포시 월곶면 옹정로244번길 66, (건물위-1,2,3동),477-30(건물위)",경기도 안양시 만안구 안양동 1055-1 극동메모리스 101동 7025호,,,,정상가동,60.42,380,60,2022,,2013-11-15,,,2026-01-02
시암1호 태양광발전소,"경기도 김포시 하성면 석평로544번길 28, (건물위 가~라동)",경기도 김포시 하성면 시암리 716번지 2호,37.7573161898274,126.651068063213,,정상가동,99.0,380,60,2022,,2013-09-11,,,2026-01-02
태3리 태양광발전소,"경기도 김포시 고촌읍 이화남로 181, (건물위)",경기도 김포시 고촌읍 태리 595번지 10호,37.5950076330834,126.738482960888,,정상가동,15.0,380,60,2022,,2013-09-04,,,2026-01-02
통진 태양광발전소,경기도 김포시 통진읍 귀전로56번길 211-13,경기도 김포시 통진읍 귀전리 409번지 10호,37.7139394697709,126.605141254216,,정상가동,31.2,380,60,2022,,2013-03-01,,,2026-01-02
협성하이텍 태양광발전소,"경기도 김포시 통진읍 김포대로 2398-9, ,22(건물위)",경기도 김포시 통진읍 서암리 918번지 18호,,,,정상가동,96.0,380,60,2022,,2013-08-12,,,2026-01-02
앤캄테크 태양광발전소,경기도 김포시 월곶면 점동로41번길 4,경기도 김포시 월곶면 갈산리 325번지 11호,37.7180757943373,126.562099839131,,정상가동,49.0,380,60,2022,,2013-03-01,,,2026-01-02
용이 태양광발전소,경기도 김포시 장릉1로 50 (풍무동),경기도 김포시 풍무동 1번지 16호,37.6118152942767,126.722161229503,,정상가동,99.0,380,60,2022,,2013-02-01,,,2026-01-02
이준상 태양광발전소,"경기도 김포시 대곶면 오니산로 169-54, ,76-6(건물위)","경기도 김포시 대곶면 오니산리 76번지 5호 ,76-6",,,,정상가동,25.0,380,60,2022,,2013-05-28,,,2026-01-02
세우태양광발전소,경기도 김포시 양촌읍 불당로90번길 78,경기도 김포시 고촌읍 신곡리 1248번지,37.669811404986,126.611401223795,,정상가동,97.75,380,60,2022,,2013-11-27,,,2026-01-02
가현양수장 태양광발전소,"경기도 김포시 통진읍 가현로166번길 32-9, (건물위)",경기도 김포시 통진읍 가현리 603번지 6호,,,,정상가동,99.12,380,60,2022,,2012-12-06,,,2026-01-02
장기1호 태양광발전소,"경기도 김포시 운곡로 13, -1 (장기동)",경기도 김포시 장기동 143번지 1호,37.6500358718893,126.659664107462,,정상가동,10.0,380,60,2022,,2012-12-03,,,2026-01-02
대성 태양광발전소,경기도 김포시 양촌읍 황금로128번길 108,경기도 김포시 양촌읍 학운리 2697번지,37.6215333883503,126.615255528342,,정상가동,97.5,380,60,2022,,2012-08-21,,,2026-01-02
거성2 태양광발전소,경기도 김포시 통진읍 월하로301번길 225-1,경기도 김포시 통진읍 고정리 439번지 2호,37.7143446491568,126.594291631107,,정상가동,22.0,380,60,2022,,2012-05-22,,,2026-01-02
파워에이스 태양광발전소,경기도 김포시 대곶면 대곶북로 527-41,경기도 김포시 대곶면 석정리 247번지 8호,37.6801608506661,126.559340143638,,정상가동,27.0,380,60,2022,,2012-03-01,,,2026-01-02
거성 태양광발전소,"경기도 김포시 통진읍 월하로301번길 225-1, (가동 건물위)",경기도 김포시 통진읍 고정리 439번지 2호,37.7143446491568,126.594291631107,,정상가동,55.0,380,60,2022,,2011-11-08,,,2026-01-02
갈산 태양광발전소,경기도 김포시 월곶면 점동로 89-23,경기도 김포시 월곶면 갈산리 245번지 2호,37.716404702054,126.567523858417,,정상가동,59.42,380,60,2022,,2009-09-26,,,2026-01-02
지멘스(주) 태양광발전소,경기도 김포시 월곶면 김포대로2659번길 77,경기도 김포시 월곶면 군하리 343번지 1호,37.7087042077939,126.553547084382,,정상가동,19.8,380,60,2022,,2009-09-04,,,2026-01-02
김포하수처리장 태양광발전소,경기도 김포시 감암로 137 (걸포동),경기도 김포시 걸포동 2번지 77호,,,,정상가동,465.6,22900,60,2022,,2009-08-28,,,2026-01-02
정한 태양광발전소,경기도 김포시 대곶면 수남로22번길 154-24,경기도 김포시 대곶면 대벽리 141번지 1호,37.6345085141013,126.584542917911,,정상가동,23.0,380,60,2022,,2009-06-24,,,2026-01-02
시암 태양광발전소,경기도 김포시 하성면 석평로544번길 28-1,경기도 김포시 하성면 시암리 716번지 3호,37.7576678367698,126.650977216122,,정상가동,29.4,380,60,2022,,2009-03-06,,,2026-01-02
