태양광발전시설명,소재지도로명주소,소재지지번주소,위도,경도,설치상세위치구분명,가동상태구분명,설비용량,공급전압,주파수,설치연도,세부용도,허가일자,허가기관,설치면적,데이터기준일자
노천 태양광발전소,,전북특별자치도 익산시 낭산면 삼담리 4-3 토지,36.0866035393698,127.028156885289,,정상가동,99.83,380,60,2024,,,,,2024-09-27
북성 태양광발전소,,전북특별자치도 익산시 낭산면 석천리 136-4 - 토지,36.0552742199891,127.053168381144,,정상가동,31.75,380,60,2024,,,,,2024-09-27
신북2 태양광발전소,,전북특별자치도 익산시 낭산면 석천리 137-1 - 토지,36.0549158641097,127.053637390518,,정상가동,99.06,380,60,2024,,,,,2024-09-27
신북3 태양광발전소,,전북특별자치도 익산시 낭산면 석천리 137-2 - 토지,36.0546836281231,127.053615479673,,정상가동,55.63,380,60,2024,,,,,2024-09-27
대지태양광2호,,전북특별자치도 익산시 낭산면 석천리 8-103 토지,36.0531054217812,127.061284945976,,정상가동,198.0,380,60,2024,,,,,2024-09-27
참새2호태양광발전소,,"전북특별자치도 익산시 낭산면 석천리 879-16, 879-21, 879-32 , 879-3 토지",,,,정상가동,29.04,380,60,2024,,,,,2024-09-27
형제 태양광발전소,,"전북특별자치도 익산시 낭산면 석천리 8-87, 8-96 토지",,,,정상가동,19.97,380,60,2024,,,,,2024-09-27
무형2호 태양광발전소,,"전북특별자치도 익산시 망성면 무형리 1330-4, 1330-7 토지",,,,정상가동,99.83,380,60,2024,,,,,2024-09-27
반석태양광1호,,전북특별자치도 익산시 망성면 무형리 315-12 토지,36.1208497270083,127.042036890804,,정상가동,50.82,380,60,2024,,,,,2024-09-27
리얼 태양광발전소,,전북특별자치도 익산시 망성면 무형리 315-43 토지,36.1205133481152,127.042165673783,,정상가동,9.0,380,60,2024,,,,,2024-09-27
맑음 태양광발전소,,전북특별자치도 익산시 망성면 장선리 363-11 - 토지,36.1167597095605,127.025941182009,,정상가동,47.3,380,60,2024,,,,,2024-09-27
제운2 태양광발전소,,전북특별자치도 익산시 망성면 장선리 363-13 토지,36.1165475737658,127.025472272875,,정상가동,99.83,380,60,2024,,,,,2024-09-27
태양6 태양광발전소,,"전북특별자치도 익산시 망성면 장선리 363-14 , 382-6- 토지",,,,정상가동,85.8,380,60,2024,,,,,2024-09-27
산동면 태양광발전소,,전북특별자치도 익산시 망성면 장선리 363-16 - 토지,36.1163085708136,127.025046787178,,정상가동,30.0,380,60,2024,,,,,2024-09-27
한솔 태양광발전소,,전북특별자치도 익산시 망성면 장선리 380-3 토지,36.1163221170212,127.025342356032,,정상가동,19.84,380,60,2024,,,,,2024-09-27
고니1호 태양광발전소,,전북특별자치도 익산시 망성면 장선리 380-6 토지,36.1158981014433,127.025310786375,,정상가동,18.2,380,60,2024,,,,,2024-09-27
고니3호 태양광발전소,,전북특별자치도 익산시 망성면 장선리 380-7 토지,36.1155962390944,127.025096321096,,정상가동,35.4,380,60,2024,,,,,2024-09-27
고니2호 태양광발전소,,"전북특별자치도 익산시 망성면 장선리 381-1, 380-5- 토지",,,,정상가동,19.97,380,60,2024,,,,,2024-09-27
민영태양광발전소,,"전북특별자치도 익산시 망성면 화산리 201-4,202-3,203-4,203-5,206-7 토지",,,,정상가동,99.0,380,60,2024,,,,,2024-09-27
청정2 발전소,,전북특별자치도 익산시 망성면 화산리 800-5 - 토지,36.1241934086026,127.004458904811,,정상가동,49.98,380,60,2024,,,,,2024-09-27
양지2 발전소,,"전북특별자치도 익산시 망성면 화산리 800-6, 801,797 - 토지",,,,정상가동,59.5,380,60,2024,,,,,2024-09-27
일철태양광발전소,,"전북특별자치도 익산시 망성면 화산리 986-8,986-9,986-15,987-3,988-2,1409-21 토지",,,,정상가동,19.64,220,60,2024,,,,,2024-09-27
서두1호 태양광발전소,,"전북특별자치도 익산시 삼기면 서두리 247-26, 247-40 토지",,,,정상가동,65.34,380,60,2024,,,,,2024-09-27
서두2호 태양광발전소,,"전북특별자치도 익산시 삼기면 서두리 247-27, 247-43 토지",,,,정상가동,15.6,380,60,2024,,,,,2024-09-27
서두3호 태양광발전소,,전북특별자치도 익산시 삼기면 서두리 247-41 토지,36.0280515253374,126.972801592274,,정상가동,66.55,380,60,2024,,,,,2024-09-27
서두4호 태양광발전소,,"전북특별자치도 익산시 삼기면 서두리 산120-5, 247-42 토지",,,,정상가동,55.05,380,60,2024,,,,,2024-09-27
덕진 태양광발전소,,전북특별자치도 익산시 삼기면 용연리 197-33 토지,35.9969648267534,126.99572493939,,정상가동,99.83,380,60,2024,,,,,2024-09-27
용진 태양광발전소,,전북특별자치도 익산시 삼기면 용연리 197-33 토지,35.9969648267534,126.99572493939,,정상가동,99.55,380,60,2024,,,,,2024-09-27
선영3호 태양광발전소,,"전북특별자치도 익산시 성당면 장선리 332-11, 332-15 토지",,,,정상가동,99.55,380,60,2024,,,,,2024-09-27
에코1호 태양광발전소,,전북특별자치도 익산시 여산면 호산리 474 - 토지,36.0453344284712,127.092355444221,,정상가동,99.55,380,60,2024,,,,,2024-09-27
에코2호 태양광발전소,,"전북특별자치도 익산시 여산면 호산리 474-1, 476 - 토지",,,,정상가동,99.55,380,60,2024,,,,,2024-09-27
해테크익산3호 태양광발전소,,전북특별자치도 익산시 왕궁면 쌍제리 61 - 토지,35.9394332860142,127.06783691106,,정상가동,99.55,380,60,2024,,,,,2024-09-27
두동언태양광발전소,,전북특별자치도 익산시 왕궁면 쌍제리 61-3 - 토지,35.9388686933285,127.06825057753,,정상가동,19.8,380,60,2024,,,,,2024-09-27
(유)상우2호태양광발전소,,전북특별자치도 익산시 왕궁면 쌍제리 62 - 토지,35.9391716055255,127.068083936518,,정상가동,49.8,380,60,2024,,,,,2024-09-27
승민태양광발전소,,전북특별자치도 익산시 왕궁면 쌍제리 76 - 토지,35.9386645079221,127.069288597627,,정상가동,45.0,380,60,2024,,,,,2024-09-27
솔마루3호태양광발전소,,전북특별자치도 익산시 왕궁면 쌍제리 76-2 - 토지,35.9384751319749,127.069487471082,,정상가동,19.64,380,60,2024,,,,,2024-09-27
메트로2호 태양광발전소,,전북특별자치도 익산시 왕궁면 쌍제리 76-3 - 토지,35.9382798256316,127.069655086275,,정상가동,19.36,380,60,2024,,,,,2024-09-27
다선2호태양광발전소,,전북특별자치도 익산시 왕궁면 쌍제리 76-4 - 토지,35.9381057073981,127.069806982436,,정상가동,82.5,380,60,2024,,,,,2024-09-27
천마1호태양광발전소,,전북특별자치도 익산시 왕궁면 쌍제리 76-5토지,35.9377459658792,127.070211167635,,정상가동,99.66,380,60,2024,,,,,2024-09-27
소망 태양광발전소,,전북특별자치도 익산시 왕궁면 쌍제리 78 - 토지,35.9388914774571,127.069068699393,,정상가동,99.6,380,60,2024,,,,,2024-09-27
익산 흥암 2호 태양광,,전북특별자치도 익산시 왕궁면 흥암리 955-4 토지,35.9561209659208,127.102901530448,,정상가동,99.6,380,60,2024,,,,,2024-09-27
민영2호 태양광발전소,,"전북특별자치도 익산시 용동면 대조리 386, 387-4 - 토지",,,,정상가동,99.6,380,60,2024,,,,,2024-09-27
천광5호 태양광발전소,,"전북특별자치도 익산시 용동면 대조리 387, 388-2 토지",,,,정상가동,19.5,380,60,2024,,,,,2024-09-27
윤형태양광발전소,,"전북특별자치도 익산시 용동면 대조리 943-17, 943-8, 943-19 - 토지",,,,정상가동,29.65,220+380,60,2024,,,,,2024-09-27
용동1호태양광발전소,,"전북특별자치도 익산시 용동면 대조리 944-16, 944-34 - 토지",,,,정상가동,19.8,380,60,2024,,,,,2024-09-27
용동2호태양광발전소,,전북특별자치도 익산시 용동면 대조리 944-17 - 토지,36.1123457017396,127.010889799883,,정상가동,19.64,220,60,2024,,,,,2024-09-27
익산메인 태양광발전소,,전북특별자치도 익산시 용동면 대조리 944-29 토지,36.113441418118,127.010700801186,,정상가동,19.64,380,60,2024,,,,,2024-09-27
화배리은형 태양광발전소,,"전북특별자치도 익산시 용동면 화배리 516-22,37-5 - 토지",,,,정상가동,19.8,380,60,2024,,,,,2024-09-27
화배리준희 태양광발전소,,전북특별자치도 익산시 용동면 화배리 15-8 토지,36.0921029766147,127.016487241124,,정상가동,99.96,380,60,2024,,,,,2024-09-27
연두4호태양광발전소,,전북특별자치도 익산시 용동면 화배리 278-18 (원지번 : 278-2) - 토지,36.0937099438059,127.003479578047,,정상가동,89.84,380,60,2024,,,,,2024-09-27
DK 태양광발전소,,"전북특별자치도 익산시 용동면 화배리 48-3, 517-37 토지",,,,정상가동,99.19,380,60,2024,,,,,2024-09-27
흥왕10호 태양광발전소,,전북특별자치도 익산시 용동면 흥왕리 38-6 - 토지,36.1005070598201,127.002161042266,,정상가동,99.19,380,60,2024,,,,,2024-09-27
흥왕4호 태양광발전소,,"전북특별자치도 익산시 용동면 흥왕리 568-20,568-47 - 토지",,,,정상가동,99.96,380,60,2024,,,,,2024-09-27
흥왕8호 태양광발전소,,전북특별자치도 익산시 용동면 흥왕리 568-43 - 토지,36.0999255946161,127.002099615882,,정상가동,99.96,380,60,2024,,,,,2024-09-27
흥왕7호 태양광발전소,,전북특별자치도 익산시 용동면 흥왕리 568-44 - 토지,36.0997298502979,127.00207706765,,정상가동,99.96,380,60,2024,,,,,2024-09-27
흥왕6호 태양광발전소,,전북특별자치도 익산시 용동면 흥왕리 568-45 - 토지,36.0994865217061,127.002049298986,,정상가동,79.86,380,60,2024,,,,,2024-09-27
흥왕5호 태양광발전소,,전북특별자치도 익산시 용동면 흥왕리 568-46 - 토지,36.0993407052342,127.002006097203,,정상가동,99.96,380,60,2024,,,,,2024-09-27
흥왕3호 태양광발전소,,전북특별자치도 익산시 용동면 흥왕리 568-49 - 토지,36.0989749055168,127.001680272133,,정상가동,99.96,380,60,2024,,,,,2024-09-27
흥왕2호 태양광발전소,,전북특별자치도 익산시 용동면 흥왕리 568-50 - 토지,36.0988422445185,127.001789318576,,정상가동,99.96,380,60,2024,,,,,2024-09-27
흥왕1호 태양광발전소,,전북특별자치도 익산시 용동면 흥왕리 568-51 - 토지,36.0985612416052,127.001971319448,,정상가동,99.96,380,60,2024,,,,,2024-09-27
흥왕9호 태양광발전소,,전북특별자치도 익산시 용동면 흥왕리 568-9 - 토지,36.1002659867059,127.00199512676,,정상가동,99.96,380,60,2024,,,,,2024-09-27
익산망성 발전소,,"전북특별자치도 익산시 망성면 어량리 12-64, 12-70, 12-102, 12-104, 12-106, 12-107 - 토지",,,,정상가동,99.96,380,60,2024,,,,,2024-09-27
설아 태양광발전소,,전북특별자치도 익산시 망성면 어량리 1071 - 토지,36.1031322686971,127.024881353512,,정상가동,999.6,22900,60,2024,,,,,2024-09-27
초원 태양광발전소,,전북특별자치도 익산시 망성면 어량리 1071-10 - 토지,36.1019193083182,127.026608725229,,정상가동,42.35,380,60,2024,,,,,2024-09-27
하늘풍차 태양광발전소,,전북특별자치도 익산시 망성면 어량리 1071-11 - 토지,36.101671864235,127.026471048227,,정상가동,199.33,380,60,2024,,,,,2024-09-27
진흥 태양광발전소,,전북특별자치도 익산시 망성면 어량리 1071-3 - 토지,36.1028303073872,127.025136237692,,정상가동,30.0,220+380,60,2024,,,,,2024-09-27
현성2호 태양광발전소,,전북특별자치도 익산시 망성면 어량리 1071-4 - 토지,36.1026793164925,127.025311209958,,정상가동,99.0,380,60,2024,,,,,2024-09-27
엘림 태양광발전소,,전북특별자치도 익산시 망성면 어량리 1071-5 - 토지,36.1024641342862,127.025600212486,,정상가동,99.0,380,60,2024,,,,,2024-09-27
성현3호 태양광발전소,,전북특별자치도 익산시 망성면 어량리 1071-6 - 토지,36.1023883412372,127.025602964225,,정상가동,99.6,380,60,2024,,,,,2024-09-27
성광 태양광발전소,,전북특별자치도 익산시 망성면 어량리 1071-7 - 토지,36.1022130820719,127.025892977467,,정상가동,99.6,380,60,2024,,,,,2024-09-27
현준 태양광발전소,,전북특별자치도 익산시 망성면 어량리 1071-8 - 토지,36.1021307804301,127.025987234253,,정상가동,99.6,380,60,2024,,,,,2024-09-27
유화태양광발전소,,전북특별자치도 익산시 망성면 어량리 1071-9 - 토지,36.1019974401162,127.026217291266,,정상가동,99.66,380,60,2024,,,,,2024-09-27
다 온 태양광발전소,,"전북특별자치도 익산시 망성면 어량리 1078-3, 1079-3 - 토지",,,,정상가동,99.66,380,60,2024,,,,,2024-09-27
나영발전소,,"전북특별자치도 익산시 망성면 어량리 12-2, 12-6 - 토지",,,,정상가동,99.66,380,60,2024,,,,,2024-09-27
종숙발전소,,"전북특별자치도 익산시 망성면 어량리 12-7, 12-85, 12-103, 12-108 - 토지",,,,정상가동,18.0,380,60,2024,,,,,2024-09-27
성윤 발전소,,"전북특별자치도 익산시 망성면 어량리 12-8, 12-101, 12-105 - 토지",,,,정상가동,14.88,380,60,2024,,,,,2024-09-27
성주에너지,,전북특별자치도 익산시 망성면 화산리 1601-13 - 토지,36.1243957002351,127.00239841706,,정상가동,29.75,380,60,2024,,,,,2024-09-27
선광2태양광,,전북특별자치도 익산시 망성면 화산리 802-3 - 토지,36.1243474661608,127.003212661635,,정상가동,29.04,380,60,2024,,,,,2024-09-27
효정4 태양광발전소,,전북특별자치도 익산시 삼기면 용연리 524-1 - 토지,36.0044049324807,126.981891703483,,정상가동,33.0,380,60,2024,,,,,2024-09-27
효정3 태양광발전소,,전북특별자치도 익산시 삼기면 용연리 524-4 - 토지,36.0042561382116,126.981887189975,,정상가동,50.0,380,60,2024,,,,,2024-09-27
효정2 태양광발전소,,전북특별자치도 익산시 삼기면 용연리 524-5 - 토지,36.004077679867,126.981793507528,,정상가동,99.99,380,60,2024,,,,,2024-09-27
황방8호태양광발전소,,"전북특별자치도 익산시 왕궁면 구덕리 589, 589-2, 590-3 - 토지",,,,정상가동,99.99,380,60,2024,,,,,2024-09-27
황방7호태양광발전소,,"전북특별자치도 익산시 왕궁면 구덕리 589-1, 590-2 - 토지",,,,정상가동,19.8,380,60,2024,,,,,2024-09-27
대은 태양광발전소,,"전북특별자치도 익산시 왕궁면 구덕리 589-3, 590-4 - 토지",,,,정상가동,36.3,220+380,60,2024,,,,,2024-09-27
황방5호태양광발전소,,전북특별자치도 익산시 왕궁면 구덕리 589-4 - 토지,35.9417288671,127.072419943775,,정상가동,50.4,380,60,2024,,,,,2024-09-27
황방4호태양광발전소,,전북특별자치도 익산시 왕궁면 구덕리 589-5 - 토지,35.941541028102,127.072453242348,,정상가동,19.84,380,60,2024,,,,,2024-09-27
황방2호태양광발전소,,전북특별자치도 익산시 왕궁면 구덕리 589-6 - 토지,35.9413769761274,127.072346698307,,정상가동,99.66,380,60,2024,,,,,2024-09-27
황방1호태양광발전소,,전북특별자치도 익산시 왕궁면 구덕리 589-7 - 토지,35.9412418675893,127.072217461468,,정상가동,99.66,380,60,2024,,,,,2024-09-27
황방6호태양광발전소,,전북특별자치도 익산시 왕궁면 구덕리 590 - 토지,35.9423789665017,127.072663030304,,정상가동,99.66,380,60,2024,,,,,2024-09-27
태양11호태양광발전소,,전북특별자치도 익산시 왕궁면 발산리 2-21 토지,35.9644909629901,127.074767445225,,정상가동,99.66,380,60,2024,,,,,2024-09-27
태양4호태양광발전소,,전북특별자치도 익산시 왕궁면 발산리 2-31 토지,35.9638178271927,127.074768140978,,정상가동,29.75,380,60,2024,,,,,2024-09-27
태양2호태양광발전소,,전북특별자치도 익산시 왕궁면 발산리 8 - 토지,35.9636173682332,127.074515970714,,정상가동,96.99,380,60,2024,,,,,2024-09-27
태양3호태양광발전소,,전북특별자치도 익산시 왕궁면 발산리 8-4 - 토지,35.96326582238,127.074326295018,,정상가동,45.0,220+380,60,2024,,,,,2024-09-27
쌍제 태양광발전소,,"전북특별자치도 익산시 왕궁면 쌍제리 269, 286-4 - 토지",,,,정상가동,87.47,380,60,2023,,,,,2024-09-27
정수 태양광발전소,,"전북특별자치도 익산시 왕궁면 쌍제리 269-3, 286-9 - 토지",,,,정상가동,90.44,380,60,2023,,,,,2024-09-27
상수 태양광발전소,,"전북특별자치도 익산시 왕궁면 쌍제리 269-9, 286-10 - 토지",,,,정상가동,283.14,220+380,60,2023,,,,,2024-09-27
대성 태양광발전소,,전북특별자치도 익산시 웅포면 제성리 10-1 - 토지,36.1192413954751,126.909406620416,,정상가동,297.66,220+380,60,2023,,,,,2024-09-27
민아3호 태양광발전소,,전북특별자치도 익산시 웅포면 제성리 7-3 - 토지,36.1200242097542,126.909074264648,,정상가동,69.3,380,60,2023,,,,,2024-09-27
에이스3호 태양광발전소,,"전북특별자치도 익산시 웅포면 제성리 7-4, 8, 9 - 토지",,,,정상가동,19.64,380,60,2024,,,,,2024-09-27
홍선1호 태양광발전소,,"전북특별자치도 익산시 웅포면 제성리 8-1, 9-9, 10 - 토지",,,,정상가동,19.8,380,60,2023,,,,,2024-09-27
한울2 태양광,,전북특별자치도 익산시 함라면 금성리 279 - 토지,36.0756999806508,126.917881666327,,정상가동,19.97,380,60,2024,,,,,2024-09-27
금성1발전소,,전북특별자치도 익산시 함라면 금성리 279-2 - 토지,36.0753332976331,126.918048792125,,정상가동,87.12,220+380,60,2024,,,,,2024-09-27
예준 태양광발전소,,전북특별자치도 익산시 황등면 율촌리 781-20 - 토지,36.0223287751477,126.960670754507,,정상가동,349.8,380,60,2024,,,,,2024-09-27
이수 태양광발전소,,전북특별자치도 익산시 갈산동 19-4 - 건물위,35.938948050123,126.952390771118,,정상가동,99.83,220+380,60,2023,,,,,2024-09-27
성심 태양광발전소,전북특별자치도 익산시 계문길 120-1 - 건물상부(주1),,35.9747548383485,126.944177681574,,정상가동,14.88,380,60,2023,,,,,2024-09-27
마크힐 태양광발전소,,전북특별자치도 익산시 금강동 1106-6 - 건물상부(1동),35.920331957192,126.992448114959,,정상가동,92.82,220+380,60,2024,,,,,2024-09-27
금강 태양광발전소,,전북특별자치도 익산시 금강동 1117-15 - 건물상부,35.9213300750922,126.979847795575,,정상가동,29.75,380,60,2023,,,,,2024-09-27
백조4호 태양광발전소,,"전북특별자치도 익산시 금강동 373-3(2동),  373-5(1동), 373-14 - 건물상부",,,,정상가동,18.45,380,60,2024,,,,,2024-09-27
럭키서동 태양광발전소,,전북특별자치도 익산시 금마면 기양리 348-18 - 토지,36.0057232271546,127.021554247209,,정상가동,99.83,380,60,2024,,,,,2024-09-27
서동8호 태양광발전소,,전북특별자치도 익산시 금마면 기양리 348-21 - 토지,36.0047337315386,127.020183721374,,정상가동,98.83,380,60,2024,,,,,2024-09-27
서동4 태양광발전소,,전북특별자치도 익산시 금마면 기양리 348-22 - 토지,36.0054562081697,127.020953447883,,정상가동,28.56,380,60,2023,,,,,2024-09-27
서동6호 태양광발전소,,전북특별자치도 익산시 금마면 기양리 348-29 - 토지,36.0056450570992,127.021738015894,,정상가동,30.0,220+380,60,2024,,,,,2024-09-27
서동5호 태양광발전소,,전북특별자치도 익산시 금마면 기양리 348-30 - 토지,36.0055306761481,127.021817844835,,정상가동,49.5,220+380,60,2024,,,,,2024-09-27
서동2호태양광발전소,,전북특별자치도 익산시 금마면 기양리 348-31 - 토지,36.0052727799943,127.020590479659,,정상가동,93.48,220+380,60,2024,,,,,2024-09-27
서동3호태양광발전소,,전북특별자치도 익산시 금마면 기양리 348-32 - 토지,36.0051635671288,127.02101459643,,정상가동,14.88,220,60,2023,,,,,2024-09-27
서동1호태양광발전소,,전북특별자치도 익산시 금마면 기양리 348-33 - 토지,36.0050040965399,127.02074081244,,정상가동,11.88,380,60,2023,,,,,2024-09-27
화산 태양광발전소,,전북특별자치도 익산시 금마면 동고도리 3-90 - 건물상부,35.9961865130767,127.069273883735,,정상가동,39.0,380,60,2024,,,,,2024-09-27
부상1호태양광발전소,,"전북특별자치도 익산시 금마면 동고도리 8-1, 9 - 토지",,,,정상가동,45.82,380,60,2024,,,,,2024-09-27
부상2호태양광발전소,,전북특별자치도 익산시 금마면 동고도리 8-2 - 토지,35.9940517479038,127.070223658917,,정상가동,48.2,220+380,60,2023,,,,,2024-09-27
용환1호발전소,,전북특별자치도 익산시 금마면 동고도리 8-25 (원지번 : 8-25) - 토지,35.9933229563919,127.068916832502,,정상가동,27.83,380,60,2024,,,,,2024-09-27
신촌1호발전소,,전북특별자치도 익산시 금마면 동고도리 8-40 - 토지,35.9925703426903,127.068746946026,,정상가동,100.0,380,60,2024,,,,,2024-09-27
용환3호발전소,,전북특별자치도 익산시 금마면 동고도리 8-55 - 토지,35.9930735760226,127.069401025348,,정상가동,100.0,380,60,2024,,,,,2024-09-27
신촌2호발전소,,전북특별자치도 익산시 금마면 동고도리 8-57 - 토지,35.9926646536792,127.069144601132,,정상가동,100.0,380,60,2024,,,,,2024-09-27
용환2호발전소,,전북특별자치도 익산시 금마면 동고도리 8-58 (원지번 : 8-25) - 토지,35.9929901453937,127.068890814311,,정상가동,74.8,380,60,2024,,,,,2024-09-27
우섭 태양광발전소,,"전북특별자치도 익산시 금마면 서고도리 452-5 - 건물상부(제1동, 제2동, 제3동)",35.9838385980985,127.043109338903,,정상가동,91.04,380+220,60,2023,,,,,2024-09-27
삼미 태양광발전소,,"전북특별자치도 익산시 금마면 용순리 459-1, 459-2 - 토지",,,,정상가동,20.0,380+220,60,2023,,,,,2024-09-27
미래 태양광발전소,,전북특별자치도 익산시 금마면 용순리 491-2 - 건물상부(주1),35.9884731241207,127.027438429573,,정상가동,26.0,380+220,60,2023,,,,,2024-09-27
연우태양광발전소,,"전북특별자치도 익산시 금마면 용순리 771-14, 771-16, 771-18 - 토지",,,,정상가동,27.06,380,60,2023,,,,,2024-09-27
향산태양광발전소,,"전북특별자치도 익산시 금마면 용순리 771-5, 771-19 - 토지",,,,정상가동,99.5,380,60,2024,,,,,2024-09-27
신원태양광발전소,,"전북특별자치도 익산시 금마면 용순리 771-7, 771-15, 771-17 - 토지",,,,정상가동,99.99,220+380,60,2024,,,,,2024-09-27
서광태양광발전소,,전북특별자치도 익산시 금마면 용순리 784-7 - 토지,36.0012242648469,127.017118464057,,정상가동,99.99,220+380,60,2024,,,,,2024-09-27
희망 태양광발전소,,전북특별자치도 익산시 낭산면 구평리 187-4 토지,36.0609501045682,127.001866600667,,정상가동,19.62,380,60,2023,,,,,2024-09-27
소민 태양광발전소,,전북특별자치도 익산시 낭산면 구평리 233-101 - 토지,36.0601336917845,127.011468981037,,정상가동,200.4,220+380,60,2023,,,,,2024-09-27
보석2 태양광발전소,,전북특별자치도 익산시 낭산면 구평리 233-102 - 토지,36.0598912527452,127.011568728903,,정상가동,12.0,380,60,2023,,,,,2024-09-27
케이디 태양광발전소,,전북특별자치도 익산시 낭산면 구평리 233-103 - 토지,36.0597652642633,127.011540296202,,정상가동,99.5,380,60,2023,,,,,2024-09-27
수미2호 태양광발전소,,전북특별자치도 익산시 낭산면 구평리 233-104 - 토지,36.0596322382925,127.01159410839,,정상가동,99.5,380,60,2023,,,,,2024-09-27
구평리1호 태양광발전소,,전북특별자치도 익산시 낭산면 구평리 233-19 - 토지,36.0604972606496,127.01131297591,,정상가동,14.88,220,60,2023,,,,,2024-09-27
성심2호 태양광발전소,,"전북특별자치도 익산시 낭산면 낭산리 560-10, 563-17(본지번 : 560, 563-1) - 토지",,,,정상가동,19.36,380,60,2024,,,,,2024-09-27
서광 태양광발전소,,전북특별자치도 익산시 낭산면 낭산리 560-11(본지번 : 560) - 토지,36.063856860239,127.031442005797,,정상가동,200.0,380,60,2024,,,,,2024-09-27
한결 태양광발전소,,전북특별자치도 익산시 낭산면 낭산리 560-12(본지번 : 560) - 토지,36.0638915467255,127.031823856133,,정상가동,99.96,380,60,2023,,,,,2024-09-27
석경1호 태양광발전소,,"전북특별자치도 익산시 낭산면 낭산리 560-5, 563-12(본지번 : 560, 563-1) - 토지",,,,정상가동,99.96,380,60,2023,,,,,2024-09-27
석경2호 태양광발전소,,"전북특별자치도 익산시 낭산면 낭산리 560-6, 563-13(본지번 : 560, 563-1) - 토지",,,,정상가동,86.87,380,60,2023,,,,,2024-09-27
반석3호 태양광발전소,,전북특별자치도 익산시 낭산면 낭산리 560-7 토지,36.0641492079895,127.030783562948,,정상가동,99.96,380,60,2023,,,,,2024-09-27
해오름2호 태양광발전소,,전북특별자치도 익산시 낭산면 낭산리 560-8 토지,36.0641940192823,127.031399627172,,정상가동,99.96,380,60,2023,,,,,2024-09-27
성심1호 태양광발전소,,전북특별자치도 익산시 낭산면 낭산리 563-16(본지번 : 563-1) - 토지,36.0639018635908,127.030621075047,,정상가동,99.96,380,60,2023,,,,,2024-09-27
LS2호 태양광발전소,,전북특별자치도 익산시 낭산면 삼담리 110 (분할전) - 토지,36.081436094678,127.021277460764,,정상가동,29.98,380,60,2024,,,,,2024-09-27
LJ2호 태양광발전소,,전북특별자치도 익산시 낭산면 삼담리 110 (분할전) - 토지,36.081436094678,127.021277460764,,정상가동,2999.0,22900,60,2020,,,,,2024-09-27
2호LH 태양광발전소,,전북특별자치도 익산시 낭산면 삼담리 110 (분할전) - 토지,36.081436094678,127.021277460764,,정상가동,499.8,380,60,2024,,,,,2024-09-27
제주2호 태양광발전소,,전북특별자치도 익산시 낭산면 삼담리 110-2 (분할전) - 토지,36.080728593945,127.021003599299,,정상가동,19.64,380,60,2023,,,,,2024-09-27
JJ2호 태양광발전소,,전북특별자치도 익산시 낭산면 삼담리 110-2 (분할전) - 토지,36.080728593945,127.021003599299,,정상가동,67.24,380,60,2024,,,,,2024-09-27
효우 태양광발전소,,전북특별자치도 익산시 낭산면 삼담리 1260-15 토지,36.081777564454,127.006558639591,,정상가동,19.8,380,60,2023,,,,,2024-09-27
혜연 태양광발전소,,전북특별자치도 익산시 낭산면 삼담리 1260-17 토지,36.081670058003,127.006386987587,,정상가동,19.8,380,60,2023,,,,,2024-09-27
명숙 태양광발전소,,전북특별자치도 익산시 낭산면 삼담리 1260-19 토지,36.0812056862608,127.005844045956,,정상가동,98.77,220+380,60,2023,,,,,2024-09-27
성옥 태양광발전소,,전북특별자치도 익산시 낭산면 삼담리 1260-20 토지,36.0809858802584,127.005804172426,,정상가동,78.72,220+380,60,2024,,,,,2024-09-27
상범태양광,,전북특별자치도 익산시 낭산면 삼담리 1260-21 토지,36.0807007318936,127.005842232227,,정상가동,99.63,220+380,60,2024,,,,,2024-09-27
성운 태양광발전소,,"전북특별자치도 익산시 낭산면 삼담리 1263-7, 1263-8, 1263-9 - 토지",,,,정상가동,99.63,220+380,60,2024,,,,,2024-09-27
원일발전소,,전북특별자치도 익산시 낭산면 삼담리 1-49 토지,36.0854464999886,127.032956379753,,정상가동,99.63,220+380,60,2024,,,,,2024-09-27
수련발전소,,전북특별자치도 익산시 낭산면 삼담리 1-9 토지,36.085758030845,127.033033342349,,정상가동,44.55,380,60,2023,,,,,2024-09-27
해마중19태양광발전소,,전북특별자치도 익산시 낭산면 삼담리 4-2 (분할전) - 토지,36.0868446593817,127.028354717937,,정상가동,499.95,380,60,2024,,,,,2024-09-27
동구태양광,,전북특별자치도 익산시 낭산면 삼담리 5-1 (본지번 : 5-1) - 토지,36.0874244478808,127.027828301054,,정상가동,99.12,380,60,2023,,,,,2024-09-27
동광태양광발전소,,전북특별자치도 익산시 낭산면 삼담리 5-16 (본지번 : 5-1) - 토지,36.0872471739875,127.027844671282,,정상가동,99.12,380,60,2023,,,,,2024-09-27
정우1호에너지,,전북특별자치도 익산시 낭산면 삼담리 5-17 (본지번 : 5-1) - 토지,36.0870331253298,127.027882346511,,정상가동,99.12,380,60,2023,,,,,2024-09-27
햇님2 태양광발전소,,전북특별자치도 익산시 낭산면 삼담리 606 (분할전) - 토지,36.0823009955154,127.004584327834,,정상가동,99.12,380,60,2023,,,,,2024-09-27
삼담 태양광발전소,,전북특별자치도 익산시 낭산면 삼담리 606-1 - 토지,36.0817793682628,127.004591958218,,정상가동,99.12,380,60,2023,,,,,2024-09-27
신북1 태양광발전소,,전북특별자치도 익산시 낭산면 석천리 137 - 토지,36.0550566663374,127.053568452408,,정상가동,84.96,380,60,2023,,,,,2024-09-27
KG2 태양광발전소,,"전북특별자치도 익산시 낭산면 석천리 591-12, 591-55 (본지번 : 591-12) - 토지",,,,정상가동,409.2,380,60,2024,,,,,2024-09-27
SH 태양광발전소,,전북특별자치도 익산시 낭산면 석천리 591-44 (본지번 : 591-12) - 토지,36.071190270823,127.046953914588,,정상가동,409.2,380,60,2024,,,,,2024-09-27
명 태양광발전소,,전북특별자치도 익산시 낭산면 석천리 591-45 (본지번 : 591-12) - 토지,36.0712637819415,127.047484249912,,정상가동,315.0,380,60,2024,,,,,2024-09-27
아진 태양광발전소,,전북특별자치도 익산시 낭산면 석천리 591-46 (본지번 : 591-12) - 토지,36.0710005120556,127.048441766083,,정상가동,473.2,380,60,2024,,,,,2024-09-27
육백 태양광발전소,,전북특별자치도 익산시 낭산면 석천리 591-48 (본지번 : 591-12) - 토지,36.0705206296212,127.048839547595,,정상가동,69.6,220+380,60,2023,,,,,2024-09-27
광진 태양광발전소,,전북특별자치도 익산시 낭산면 석천리 591-49 (본지번 : 591-12) - 토지,36.0706857378913,127.048384736707,,정상가동,43.2,220+380,60,2023,,,,,2024-09-27
현진 태양광발전소,,전북특별자치도 익산시 낭산면 석천리 591-50 (본지번 : 591-12) - 토지,36.0709410149355,127.04825900897,,정상가동,30.94,380,60,2024,,,,,2024-09-27
해테크익산6호 태양광발전소,,전북특별자치도 익산시 낭산면 석천리 591-51 (본지번 : 591-12) - 토지,36.0709039164648,127.047954933103,,정상가동,99.96,380,60,2024,,,,,2024-09-27
JM 태양광발전소,,전북특별자치도 익산시 낭산면 석천리 591-52 (본지번 : 591-12) - 토지,36.0709064725697,127.04764699613,,정상가동,99.96,380,60,2024,,,,,2024-09-27
SUNNY 태양광발전소,,전북특별자치도 익산시 낭산면 석천리 591-53 (본지번 : 591-12) - 토지,36.0708995913306,127.047272448182,,정상가동,99.96,380,60,2024,,,,,2024-09-27
수빈 태양광발전소,,전북특별자치도 익산시 낭산면 석천리 591-54 (본지번 : 591-12) - 토지,36.0709462035654,127.04676449936,,정상가동,72.0,220+380,60,2023,,,,,2024-09-27
덕임 태양광발전소,,전북특별자치도 익산시 낭산면 석천리 78 (본지번 : 78) - 토지,36.0638921443274,127.05659505654,,정상가동,72.0,220+380,60,2023,,,,,2024-09-27
제이엠 태양광발전소,,전북특별자치도 익산시 낭산면 석천리 78-11 (본지번 : 78) - 토지,36.062639314508,127.056675853262,,정상가동,19.64,220+380,60,2023,,,,,2024-09-27
팔봉 태양광발전소,,전북특별자치도 익산시 낭산면 석천리 78-12 (본지번 : 78) - 토지,36.0624730398494,127.05667329208,,정상가동,30.94,380,60,2023,,,,,2024-09-27
송현 태양광발전소,,전북특별자치도 익산시 낭산면 석천리 78-13 (본지번 : 78) - 토지,36.0622762723469,127.056546503723,,정상가동,367.12,380,60,2024,,,,,2024-09-27
태경2호 태양광발전소,,전북특별자치도 익산시 낭산면 석천리 78-14 (본지번 : 78) - 토지,36.0621230607629,127.056553830861,,정상가동,227.4,380,60,2024,,,,,2024-09-27
스마일태양광발전소,,전북특별자치도 익산시 낭산면 석천리 78-15 (본지번 : 78) - 토지,36.0619944512284,127.056564061483,,정상가동,85.68,220+380,60,2023,,,,,2024-09-27
영주 태양광발전소,,전북특별자치도 익산시 낭산면 석천리 78-5 (본지번 : 78) - 토지,36.0636797293553,127.056778163238,,정상가동,50.74,220+380,60,2024,,,,,2024-09-27
실로암 태양광발전소,,전북특별자치도 익산시 낭산면 석천리 78-6 (본지번 : 78) - 토지,36.06352949567,127.056777389305,,정상가동,99.71,220+380,60,2024,,,,,2024-09-27
평화 태양광발전소,,전북특별자치도 익산시 낭산면 석천리 78-7 (본지번 : 78) - 토지,36.0633770994118,127.056775836833,,정상가동,80.33,380,60,2023,,,,,2024-09-27
금빛태양광발전소,,전북특별자치도 익산시 낭산면 석천리 78-8 (본지번 : 78) - 토지,36.0631683625684,127.056803991346,,정상가동,99.96,380,60,2024,,,,,2024-09-27
승창2호 태양광발전소,,전북특별자치도 익산시 낭산면 석천리 78-9 (본지번 : 78) - 토지,36.0629624940219,127.056674753069,,정상가동,399.84,380,60,2024,,,,,2024-09-27
대지태양광3호,,전북특별자치도 익산시 낭산면 석천리 8-101 토지,36.0531193721952,127.060967875929,,정상가동,29.16,380,60,2023,,,,,2024-09-27
석천 태양광발전소,,전북특별자치도 익산시 낭산면 석천리 82-13 - 토지,36.0698892056309,127.056106812332,,정상가동,29.75,380,60,2023,,,,,2024-09-27
낭산 태양광발전소,,전북특별자치도 익산시 낭산면 석천리 82-14 - 토지,36.0698277260149,127.056524933248,,정상가동,60.9,380,60,2024,,,,,2024-09-27
귀랑 태양광발전소,,전북특별자치도 익산시 낭산면 석천리 82-17 - 토지,36.0693078685014,127.056017150194,,정상가동,19.64,380,60,2023,,,,,2024-09-27
라일락태양광발전소,,전북특별자치도 익산시 낭산면 석천리 82-18 - 토지,36.0690960421593,127.055713841821,,정상가동,19.5,380,60,2023,,,,,2024-09-27
무궁화 태양광발전소,,전북특별자치도 익산시 낭산면 석천리 82-4 토지,36.0689147103873,127.05415296905,,정상가동,99.71,380,60,2023,,,,,2024-09-27
천수 태양광발전소,,전북특별자치도 익산시 낭산면 석천리 82-7 - 토지,36.0692035474165,127.054759151204,,정상가동,99.71,380,60,2023,,,,,2024-09-27
지영익산 태양광발전소,,전북특별자치도 익산시 낭산면 석천리 8-4 (분할전) - 토지,36.0552923636679,127.059981879425,,정상가동,99.71,380,60,2023,,,,,2024-09-27
해달별낭산 태양광발전소,,전북특별자치도 익산시 낭산면 석천리 8-4 (분할전) - 토지,36.0552923636679,127.059981879425,,정상가동,99.71,380,60,2023,,,,,2024-09-27
영광 태양광발전소,,전북특별자치도 익산시 낭산면 석천리 8-4 (분할전) - 토지,36.0552923636679,127.059981879425,,정상가동,99.71,380,60,2023,,,,,2024-09-27
지은 태양광발전소,,전북특별자치도 익산시 낭산면 석천리 8-4 (분할전) - 토지,36.0552923636679,127.059981879425,,정상가동,29.76,380,60,2024,,,,,2024-09-27
로뎀 태양광발전소,,"전북특별자치도 익산시 낭산면 석천리 8-4, 8-34 (분할전) - 토지",,,,정상가동,98.18,220+380,60,2023,,,,,2024-09-27
김미화 태양광발전소,,"전북특별자치도 익산시 낭산면 석천리 8-4, 8-34, 8-65 토지",,,,정상가동,50.4,380,60,2023,,,,,2024-09-27
형미발전소,,"전북특별자치도 익산시 낭산면 석천리 8-4, 산76-12 (분할전) - 토지",,,,정상가동,99.6,380,60,2023,,,,,2024-09-27
박상영 태양광,,"전북특별자치도 익산시 낭산면 석천리 8-4, 산76-12 (분할전) - 토지",,,,정상가동,82.11,380,60,2024,,,,,2024-09-27
안정기 태양광발전소,,"전북특별자치도 익산시 낭산면 석천리 8-4, 산76-12 (분할전) - 토지",,,,정상가동,42.84,380,60,2023,,,,,2024-09-27
홍인기 태양광발전소,,전북특별자치도 익산시 낭산면 석천리 8-70 토지,36.0549895548855,127.060514051785,,정상가동,49.98,380,60,2024,,,,,2024-09-27
홍석현 태양광발전소,,"전북특별자치도 익산시 낭산면 석천리 8-71, 36-27 토지",,,,정상가동,49.98,380,60,2024,,,,,2024-09-27
석천1호 태양광발전소,,"전북특별자치도 익산시 낭산면 석천리 8-72, 36-26, 36-51 토지",,,,정상가동,99.96,380,60,2024,,,,,2024-09-27
옥 태양광발전소,,"전북특별자치도 익산시 낭산면 석천리 8-73, 36-50 토지",,,,정상가동,99.96,380,60,2024,,,,,2024-09-27
희수 태양광발전소,,전북특별자치도 익산시 낭산면 석천리 8-75 토지,36.0543407445305,127.060371382599,,정상가동,99.96,380,60,2024,,,,,2024-09-27
하별태양광발전소,,"전북특별자치도 익산시 낭산면 석천리 879, 879-8 토지",,,,정상가동,19.62,380,60,2023,,,,,2024-09-27
지혜태양광발전소,,"전북특별자치도 익산시 낭산면 석천리 879-10, 879-7, 879-26 토지",,,,정상가동,33.32,220+380,60,2023,,,,,2024-09-27
판태양광발전소,,"전북특별자치도 익산시 낭산면 석천리 879-11, 879-23, 879-27 토지",,,,정상가동,99.19,380,60,2023,,,,,2024-09-27
향태양광발전소,,"전북특별자치도 익산시 낭산면 석천리 879-12, 879-28 토지",,,,정상가동,99.19,380,60,2023,,,,,2024-09-27
선화태양광발전소,,"전북특별자치도 익산시 낭산면 석천리 879-14, 879-19, 879-30 - 토지",,,,정상가동,99.19,380,60,2023,,,,,2024-09-27
민태양광발전소,,"전북특별자치도 익산시 낭산면 석천리 879-15, 879-20, 879-31 토지",,,,정상가동,29.75,380,60,2023,,,,,2024-09-27
낭산광성태양광발전소,,"전북특별자치도 익산시 낭산면 석천리 879-17, 879-18, 879-22, 879-33 토지",,,,정상가동,29.75,220+380,60,2023,,,,,2024-09-27
현태양광발전소,,"전북특별자치도 익산시 낭산면 석천리 879-4, 879-13, 879-29 토지",,,,정상가동,19.47,220+380,60,2023,,,,,2024-09-27
정훈태양광발전소,,"전북특별자치도 익산시 낭산면 석천리 879-9, 879-25 - 토지",,,,정상가동,42.84,220+380,60,2023,,,,,2024-09-27
안봉원 태양광발전소,,"전북특별자치도 익산시 낭산면 석천리 8-80, 8-82, 8-91, 8-98 토지",,,,정상가동,99.4,380,60,2024,,,,,2024-09-27
석천3호 태양광발전소,,전북특별자치도 익산시 낭산면 석천리 96 토지,36.0688852244103,127.055176091117,,정상가동,99.4,380,60,2024,,,,,2024-09-27
도현태양광발전소,,"전북특별자치도 익산시 낭산면 성남리 145-2, 145-5 - 건물상부",,,,정상가동,99.4,380,60,2024,,,,,2024-09-27
신태양광발전소,,전북특별자치도 익산시 낭산면 성남리 414-9 (분할전) - 토지,36.0515152580194,127.013359856242,,정상가동,75.02,380,60,2024,,,,,2024-09-27
용기리4호태양광발전소,,"전북특별자치도 익산시 낭산면 용기리 1375-18, 1375-34 - 토지",,,,정상가동,80.19,380,60,2023,,,,,2024-09-27
용기리3호태양광발전소,,"전북특별자치도 익산시 낭산면 용기리 1375-27, 1375-33 - 토지",,,,정상가동,18.0,380,60,2023,,,,,2024-09-27
용기리1호태양광발전소,,전북특별자치도 익산시 낭산면 용기리 1375-28 - 토지,36.0498319920593,126.982135225356,,정상가동,99.0,380,60,2023,,,,,2024-09-27
용기리5호태양광발전소,,"전북특별자치도 익산시 낭산면 용기리 1375-30, 1375-36 - 토지",,,,정상가동,99.0,380,60,2023,,,,,2024-09-27
용기리7호태양광발전소,,"전북특별자치도 익산시 낭산면 용기리 1375-31, 1375-38 - 토지",,,,정상가동,99.0,380,60,2023,,,,,2024-09-27
용기리2호태양광발전소,,전북특별자치도 익산시 낭산면 용기리 1375-32 - 토지,36.0498402482336,126.982508335782,,정상가동,95.04,380,60,2023,,,,,2024-09-27
용기리6호태양광발전소,,전북특별자치도 익산시 낭산면 용기리 1375-37 - 토지,36.0496571756062,126.982900354144,,정상가동,57.42,380,60,2023,,,,,2024-09-27
화산1 태양광발전소,,전북특별자치도 익산시 낭산면 용기리 1403-176(본지번:산118-24) - 토지,36.0449234408653,126.979213433216,,정상가동,88.94,380,60,2024,,,,,2024-09-27
화산2 태양광발전소,,전북특별자치도 익산시 낭산면 용기리 1403-177(본지번:산118-24) - 토지,36.044714266681,126.979216928334,,정상가동,29.0,380,60,2024,,,,,2024-09-27
해우리 태양광발전소,,전북특별자치도 익산시 낭산면 용기리 1403-178(본지번:산118-24) - 토지,36.0444669498907,126.979101360796,,정상가동,56.16,380,60,2023,,,,,2024-09-27
낭산1호태양광발전소,,전북특별자치도 익산시 낭산면 용기리 1425-10 - 토지,36.0435244630436,126.983878441779,,정상가동,98.28,380,60,2023,,,,,2024-09-27
낭산2호태양광발전소,,전북특별자치도 익산시 낭산면 용기리 1425-23 - 토지,36.0431767195106,126.983510314494,,정상가동,98.28,380,60,2023,,,,,2024-09-27
낭산3호태양광발전소,,전북특별자치도 익산시 낭산면 용기리 1425-24 - 토지,36.0428365974835,126.98351870812,,정상가동,98.28,380,60,2023,,,,,2024-09-27
유한회사 동원주유소(동원 태양광발전소),,"전북특별자치도 익산시 덕기동 232-2, 239-3, 299 - 건물상부",,,,정상가동,99.96,380,60,2023,,,,,2024-09-27
로만 태양광발전소,,전북특별자치도 익산시 덕기동 595-1 - 토지,35.964017234532,127.037162282585,,정상가동,99.37,220+380,60,2023,,,,,2024-09-27
순희 태양광발전소,,"전북특별자치도 익산시 동산동 1005-5, 1005-6(1동) - 건물상부",,,,정상가동,99.37,380,60,2023,,,,,2024-09-27
금순 태양광발전소,,전북특별자치도 익산시 동산동 1005-6 - 건물상부(2동),35.9241709731142,126.968845071609,,정상가동,14.87,380,60,2023,,,,,2024-09-27
상록태양광발전소,,"전북특별자치도 익산시 망성면 어량리 12-100, 112-49 - 토지",,,,정상가동,29.75,220+380,60,2023,,,,,2024-09-27
민재태양광발전소,,"전북특별자치도 익산시 망성면 어량리 12-3, 112-34 - 토지",,,,정상가동,29.76,220+380,60,2023,,,,,2024-09-27
병우 태양광발전소,,"전북특별자치도 익산시 망성면 어량리 12-87, 112-35 - 토지",,,,정상가동,19.8,380,60,2024,,,,,2024-09-27
영미태양광발전소,,"전북특별자치도 익산시 망성면 어량리 12-88, 112-36 - 토지",,,,정상가동,99.96,380,60,2024,,,,,2024-09-27
산드레 태양광발전소,,"전북특별자치도 익산시 망성면 어량리 12-89, 112-37 - 토지",,,,정상가동,59.67,380,60,2023,,,,,2024-09-27
수목태양광발전소,,"전북특별자치도 익산시 망성면 어량리 12-90, 112-38 - 토지",,,,정상가동,99.96,380,60,2024,,,,,2024-09-27
갑연태양광발전소,,"전북특별자치도 익산시 망성면 어량리 12-91, 112-39 - 토지",,,,정상가동,99.96,380,60,2024,,,,,2024-09-27
민에너지,,"전북특별자치도 익산시 망성면 내촌리 1069-46, 50, 54, 57(본지번 : 1069-32, 산119-15) - 토지",,,,정상가동,14.88,220+380,60,2023,,,,,2024-09-27
할렐루야 태양광발전소,,전북특별자치도 익산시 망성면 내촌리 1285 - 건물상부,36.0991973197276,127.050740228369,,정상가동,99.0,220+380,60,2023,,,,,2024-09-27
성민3호태양광발전소,,"전북특별자치도 익산시 망성면 내촌리 508-15, 508-16, 508-17 - 토지",,,,정상가동,99.4,380,60,2024,,,,,2024-09-27
서원태양광발전소,,"전북특별자치도 익산시 망성면 내촌리 514-20, 520-4, 521-5 토지",,,,정상가동,99.12,380,60,2024,,,,,2024-09-27
정현 태양광발전소,,"전북특별자치도 익산시 망성면 내촌리 520-2, 521-2 - 토지",,,,정상가동,99.12,380,60,2017,,,,,2024-09-27
주명 태양광발전소,,"전북특별자치도 익산시 망성면 내촌리 520-3, 521-3 - 토지",,,,정상가동,99.12,380,60,2024,,,,,2024-09-27
삼광 태양광발전소,,전북특별자치도 익산시 망성면 내촌리 521-11 - 토지,36.0961697279315,127.044964752499,,정상가동,92.57,380,60,2023,,,,,2024-09-27
유한회사 신은(신은3호태양광발전소),,전북특별자치도 익산시 망성면 내촌리 526-44 - 토지,36.0948505060173,127.043794168168,,정상가동,99.99,380,60,2023,,,,,2024-09-27
금하에너지,,"전북특별자치도 익산시 망성면 내촌리 526-50, 526-52, 608 - 토지",,,,정상가동,99.96,380,60,2024,,,,,2024-09-27
동원 태양광발전소,,"전북특별자치도 익산시 망성면 내촌리 526-53, 526-55 토지",,,,정상가동,99.96,380,60,2024,,,,,2024-09-27
MJ2 태양광발전소,,전북특별자치도 익산시 망성면 내촌리 526-56 - 토지,36.0955391062461,127.046250054605,,정상가동,99.96,380,60,2024,,,,,2024-09-27
HK 태양광발전소,,전북특별자치도 익산시 망성면 내촌리 526-57 토지,36.095561087785,127.046504135027,,정상가동,99.96,380,60,2024,,,,,2024-09-27
박여사 태양광발전소,,전북특별자치도 익산시 망성면 내촌리 527-18 (본지번 : 527-2),36.0943565261566,127.043107766737,,정상가동,99.96,380,60,2024,,,,,2024-09-27
삼광 태양광발전소,,전북특별자치도 익산시 망성면 내촌리 527-19 (본지번 : 527-2),36.0941273076013,127.042963842826,,정상가동,99.96,380,60,2024,,,,,2024-09-27
유수 태양광발전소,,전북특별자치도 익산시 망성면 내촌리 527-2 (본지번 : 527-2),36.0945335653762,127.043247665379,,정상가동,99.96,380,60,2024,,,,,2024-09-27
소망 태양광발전소,,전북특별자치도 익산시 망성면 내촌리 527-20 (본지번 : 527-2),36.0940478608105,127.043101268811,,정상가동,99.96,380,60,2024,,,,,2024-09-27
공항5호 태양광발전소,,전북특별자치도 익산시 망성면 내촌리 527-21 (본지번 : 527-2),36.0939397264518,127.04331796224,,정상가동,99.96,380,60,2024,,,,,2024-09-27
영재 태양광발전소,,전북특별자치도 익산시 망성면 내촌리 527-22 (본지번 : 527-2),36.0937637621527,127.042945656314,,정상가동,99.82,380,60,2024,,,,,2024-09-27
부모 태양광발전소,,전북특별자치도 익산시 망성면 내촌리 527-23 (본지번 : 527-2),36.0936568971352,127.043141918358,,정상가동,99.82,380,60,2024,,,,,2024-09-27
도현6호태양광발전소,,전북특별자치도 익산시 망성면 내촌리 527-24 (본지번 : 527-2),36.0934943983277,127.042915750884,,정상가동,99.82,380,60,2024,,,,,2024-09-27
영숙 태양광발전소,,전북특별자치도 익산시 망성면 내촌리 606 (본지번 : 606) - 토지,36.0938262811419,127.044254642421,,정상가동,99.82,380,60,2024,,,,,2024-09-27
원우당2호 태양광발전소,,전북특별자치도 익산시 망성면 내촌리 606-1 (본지번 : 606) - 토지,36.0936522928693,127.044153719811,,정상가동,99.82,380,60,2024,,,,,2024-09-27
원우당1호 태양광발전소,,전북특별자치도 익산시 망성면 내촌리 606-2 (본지번 : 606) - 토지,36.0934158179796,127.04438377447,,정상가동,99.82,380,60,2024,,,,,2024-09-27
가온 태양광발전소,,전북특별자치도 익산시 망성면 내촌리 606-3 (본지번 : 606) - 토지,36.0932801081842,127.044346277585,,정상가동,19.69,380,60,2023,,,,,2024-09-27
상훈 태양광발전소,,전북특별자치도 익산시 망성면 내촌리 606-4 (본지번 : 606) - 토지,36.0931052997299,127.044270116944,,정상가동,89.32,380,60,2023,,,,,2024-09-27
연주 태양광발전소,,전북특별자치도 익산시 망성면 내촌리 606-5 (본지번 : 606) - 토지,36.0929282527448,127.044154425217,,정상가동,496.23,380,60,2023,,,,,2024-09-27
해조은 태양광발전소,,전북특별자치도 익산시 망성면 내촌리 606-6 (본지번 : 606) - 토지,36.0927677843274,127.0440489589,,정상가동,248.71,380,60,2023,,,,,2024-09-27
해나라 태양광발전소,,전북특별자치도 익산시 망성면 내촌리 606-7 (본지번 : 606) - 토지,36.0925664424473,127.044074496626,,정상가동,24.75,220,60,2024,,,,,2024-09-27
현민 태양광발전소,,전북특별자치도 익산시 망성면 내촌리 608-10 - 토지,36.0937625094034,127.043915598566,,정상가동,14.88,220,60,2023,,,,,2024-09-27
신명 태양광발전소,,전북특별자치도 익산시 망성면 내촌리 608-2 - 토지,36.0941963965589,127.043806130872,,정상가동,97.2,380,60,2023,,,,,2024-09-27
은정 태양광발전소,,"전북특별자치도 익산시 망성면 내촌리 608-3, 526-49 - 토지",,,,정상가동,99.91,380,60,1900,,,,,2024-09-27
희주 태양광발전소,,"전북특별자치도 익산시 망성면 내촌리 608-5, 608-6 - 토지",,,,정상가동,99.91,380,60,1900,,,,,2024-09-27
박인귀 태양광발전소,,"전북특별자치도 익산시 망성면 내촌리 608-7, 608-11 - 토지",,,,정상가동,99.91,380,60,1900,,,,,2024-09-27
유한회사 샘물에너지(샘물태양광발전소),,전북특별자치도 익산시 망성면 내촌리 608-8 - 토지,36.0942161718268,127.044192011458,,정상가동,99.91,380,60,1900,,,,,2024-09-27
미래 태양광발전소,,전북특별자치도 익산시 망성면 내촌리 611-7 - 토지,36.0948501259753,127.044337498943,,정상가동,99.91,380,60,2024,,,,,2024-09-27
명숙 태양광발전소,,전북특별자치도 익산시 망성면 내촌리 611-8 - 토지,36.0949890515613,127.044694357181,,정상가동,99.91,380,60,1900,,,,,2024-09-27
남수 태양광발전소,,전북특별자치도 익산시 망성면 내촌리 629 (본지번 : 629) - 토지,36.0935131024136,127.043529926757,,정상가동,99.91,380,60,2024,,,,,2024-09-27
승보3호 태양광발전소,,전북특별자치도 익산시 망성면 내촌리 629-2 (본지번 : 629) - 토지,36.0932871184278,127.043414431258,,정상가동,28.62,380,60,2023,,,,,2024-09-27
한별 태양광발전소,,전북특별자치도 익산시 망성면 내촌리 629-3 (본지번 : 629) - 토지,36.0931460384237,127.043273443767,,정상가동,98.94,380,60,2023,,,,,2024-09-27
선우 태양광발전소,,전북특별자치도 익산시 망성면 내촌리 629-4 (본지번 : 629) - 토지,36.0930422249926,127.043253843823,,정상가동,19.6,220+380,60,2023,,,,,2024-09-27
채윤1호 태양광발전소,,전북특별자치도 익산시 망성면 내촌리 629-5 (본지번 : 629) - 토지,36.0929169537159,127.043258660932,,정상가동,42.84,380,60,2023,,,,,2024-09-27
월탄 태양광발전소,,전북특별자치도 익산시 망성면 내촌리 629-6 (본지번 : 629) - 토지,36.0927338307142,127.043245235836,,정상가동,89.85,380,60,2023,,,,,2024-09-27
석모 태양광발전소,,전북특별자치도 익산시 망성면 내촌리 629-7 (본지번 : 629) - 토지,36.0926850793942,127.043481390063,,정상가동,463.64,380,60,2023,,,,,2024-09-27
임마누엘태양광발전소,,전북특별자치도 익산시 망성면 내촌리 92-2 - 건물상부,36.0998598607862,127.048428935807,,정상가동,99.96,220+380,60,2023,,,,,2024-09-27
케이쏠레어파크1호,,전북특별자치도 익산시 망성면 내촌리 산104 (분할전) - 토지,,,,정상가동,99.96,220+380,60,2023,,,,,2024-09-27
케이쏠레어파크3호,,전북특별자치도 익산시 망성면 내촌리 산104 (분할전) - 토지,,,,정상가동,99.96,220+380,60,2024,,,,,2024-09-27
케이쏠레어파크2호,,전북특별자치도 익산시 망성면 내촌리 산104 (분할전) - 토지,,,,정상가동,99.96,220+380,60,2024,,,,,2024-09-27
케이쏠레어파크4호,,"전북특별자치도 익산시 망성면 내촌리 산104, 1072-2 (분할전) - 토지",,,,정상가동,99.96,220+380,60,2024,,,,,2024-09-27
창원3호 태양광발전소,,전북특별자치도 익산시 망성면 내촌리 산125 (분할전) - 토지,,,,정상가동,99.96,220+380,60,2024,,,,,2024-09-27
무형3호 태양광발전소,,전북특별자치도 익산시 망성면 무형리 1330-1 - 토지,36.1124965000037,127.046054187296,,정상가동,99.96,220+380,60,2024,,,,,2024-09-27
무형1호 태양광발전소,,전북특별자치도 익산시 망성면 무형리 1330-5 - 토지,36.1120907736568,127.046284302901,,정상가동,99.96,220+380,60,2024,,,,,2024-09-27
송송 태양광발전소,,전북특별자치도 익산시 망성면 무형리 1340-1 (본지번 : 1340) - 토지,36.1098881010958,127.046769469427,,정상가동,99.96,220+380,60,2024,,,,,2024-09-27
장미 태양광발전소,,"전북특별자치도 익산시 망성면 무형리 1340-2, 1348 (본지번 : 1340, 1348) - 토지",,,,정상가동,19.11,380,60,2023,,,,,2024-09-27
성산 태양광발전소,,전북특별자치도 익산시 망성면 무형리 237 (원지번 : 237) - 토지,36.127645660222,127.037828031307,,정상가동,99.96,380,60,2024,,,,,2024-09-27
무한솔라2 태양광발전소,,전북특별자치도 익산시 망성면 무형리 237-1 (원지번 : 237) - 토지,36.1273284160106,127.038164809709,,정상가동,99.96,380,60,2024,,,,,2024-09-27
온누리 태양광발전소,,전북특별자치도 익산시 망성면 무형리 237-10 (원지번 : 237) - 토지,36.1260721606119,127.03860932506,,정상가동,99.96,380,60,2024,,,,,2024-09-27
이도경2호 태양광발전소,,전북특별자치도 익산시 망성면 무형리 237-11 (원지번 : 237) - 토지,36.1258807507223,127.038303299941,,정상가동,99.96,380,60,2024,,,,,2024-09-27
이헌구1호 태양광발전소,,전북특별자치도 익산시 망성면 무형리 237-2 (원지번 : 237) - 토지,36.1271821627016,127.038403578175,,정상가동,99.96,380,60,2024,,,,,2024-09-27
태성 태양광발전소,,전북특별자치도 익산시 망성면 무형리 237-3 (원지번 : 237) - 토지,36.1270967643253,127.038005730771,,정상가동,49.98,380,60,2023,,,,,2024-09-27
현선2 태양광발전소,,전북특별자치도 익산시 망성면 무형리 237-4 (원지번 : 237) - 토지,36.1269205783104,127.038001202331,,정상가동,99.37,380,60,2023,,,,,2024-09-27
오성 태양광발전소,,전북특별자치도 익산시 망성면 무형리 237-5 (원지번 : 237) - 토지,36.1267403165824,127.03806043612,,정상가동,99.37,380,60,2023,,,,,2024-09-27
코젠펠트 태양광발전소,,전북특별자치도 익산시 망성면 무형리 237-6 (원지번 : 237) - 토지,36.1265778614791,127.037953602916,,정상가동,99.37,380,60,2023,,,,,2024-09-27
푸른솔2 태양광발전소,,전북특별자치도 익산시 망성면 무형리 237-7 (원지번 : 237) - 토지,36.1263083862735,127.038274625129,,정상가동,99.12,220+380,60,2024,,,,,2024-09-27
빛사랑2 태양광발전소,,전북특별자치도 익산시 망성면 무형리 237-8 (원지번 : 237) - 토지,36.1262268704628,127.038418331725,,정상가동,99.96,380,60,2024,,,,,2024-09-27
이루리 태양광발전소,,전북특별자치도 익산시 망성면 무형리 237-9 (원지번 : 237) - 토지,36.1261453698973,127.038232777441,,정상가동,99.96,380,60,2024,,,,,2024-09-27
소명2호태양광발전소,,"전북특별자치도 익산시 망성면 무형리 293-40, 307-33 - 토지",,,,정상가동,99.96,380,60,2024,,,,,2024-09-27
소명1호태양광발전소,,"전북특별자치도 익산시 망성면 무형리 293-40, 307-4, 307-33 - 토지",,,,정상가동,99.96,380,60,2024,,,,,2024-09-27
햇빛가득11호 태양광발전소,,전북특별자치도 익산시 망성면 무형리 300 (분할전) - 토지,36.1187251161321,127.04427449737,,정상가동,99.96,380,60,2024,,,,,2024-09-27
햇빛가득12호 태양광발전소,,전북특별자치도 익산시 망성면 무형리 300 (분할전) - 토지,36.1187251161321,127.04427449737,,정상가동,99.96,380,60,2024,,,,,2024-09-27
그린 태양광발전소,,"전북특별자치도 익산시 망성면 무형리 310, 310-4, 315-17, 377-7 (본지번 : 310, 315-17, 377-7) - 토지",,,,정상가동,99.96,380,60,2024,,,,,2024-09-27
삼성1 태양광발전소,,"전북특별자치도 익산시 망성면 무형리 310-6, 315-47 (본지번 : 310, 315-17) - 토지",,,,정상가동,99.96,380,60,2024,,,,,2024-09-27
가람 태양광발전소,,"전북특별자치도 익산시 망성면 무형리 310-7, 315-48 (본지번 : 310, 315-17) - 토지",,,,정상가동,99.96,380,60,2024,,,,,2024-09-27
동현 태양광발전소,,"전북특별자치도 익산시 망성면 무형리 315-11, 315-15, 315-34, 315-38 (본지번 : 315-9, 315-10, 315-11, 315-15) - 토지",,,,정상가동,99.96,380,60,2024,,,,,2024-09-27
옥계 태양광발전소,,"전북특별자치도 익산시 망성면 무형리 315-33, 315-37 (본지번 : 315-9, 315-10) - 토지",,,,정상가동,99.96,380,60,2024,,,,,2024-09-27
석천 태양광발전소,,"전북특별자치도 익산시 망성면 무형리 315-36, 315-42, 315-45 (원지번 : 315-9, 315-12, 315-15) - 토지",,,,정상가동,99.96,380,60,2024,,,,,2024-09-27
석희 태양광발전소,,전북특별자치도 익산시 망성면 무형리 315-49 (본지번 : 315-17) - 토지,36.1208455340176,127.04268070304,,정상가동,99.96,380,60,2024,,,,,2024-09-27
일월 태양광발전소,,"전북특별자치도 익산시 망성면 무형리 315-9, 315-10 (본지번 : 315-9, 315-10) - 토지",,,,정상가동,99.96,380,60,2024,,,,,2024-09-27
금소성 태양광발전소,,"전북특별자치도 익산시 망성면 무형리 773-5, 773-58, 774-4 (본지번 : 773-1, 774, 840-5) - 토지",,,,정상가동,299.88,380,60,2024,,,,,2024-09-27
해사랑 발전소,,"전북특별자치도 익산시 망성면 무형리 773-6, 840-4, 840-5 (본지번 : 773-1, 840-4, 840-5) - 토지",,,,정상가동,80.33,380,60,2024,,,,,2024-09-27
주은 태양광발전소,,"전북특별자치도 익산시 망성면 무형리 774, 828-13, 840-23, 840-64, 840-66(본지번 :774,828,840-10,840-11,840-23)-토지",,,,정상가동,99.96,380,60,2024,,,,,2024-09-27
금강쏠라1 태양광발전소,,"전북특별자치도 익산시 망성면 무형리 774-1, 828-14, 840-61, 840-63, 840-67(본지번:774,828,840-7,840-10,840-23)-토지",,,,정상가동,199.47,380,60,2023,,,,,2024-09-27
리조이스 태양광발전소,,"전북특별자치도 익산시 망성면 무형리 774-10, 828-18, 831-1 (본지번 : 774, 828, 831) - 토지",,,,정상가동,20.47,380,60,2024,,,,,2024-09-27
린 태양광발전소,,전북특별자치도 익산시 망성면 무형리 774-5 (본지번 : 774) - 토지,36.1250729093784,127.046667390076,,정상가동,99.76,380,60,2023,,,,,2024-09-27
청담 태양광발전소,,"전북특별자치도 익산시 망성면 무형리 774-6, 774-9 (본지번 : 774) - 토지",,,,정상가동,99.76,380,60,2023,,,,,2024-09-27
주은1 태양광발전소,,"전북특별자치도 익산시 망성면 무형리 774-7, 828-16, 840-69 (본지번 : 774, 828, 840-33) - 토지",,,,정상가동,52.0,380,60,2023,,,,,2024-09-27
이연 태양광발전소,,"전북특별자치도 익산시 망성면 무형리 774-8, 828-17, 831 (본지번 : 774, 828, 831) - 토지",,,,정상가동,14.75,220,60,2023,,,,,2024-09-27
아현 태양광발전소,,"전북특별자치도 익산시 망성면 무형리 828-19, 831-2, 840-70 (본지번 : 828, 831, 840-33) - 토지",,,,정상가동,11.6,380,60,2023,,,,,2024-09-27
교령 태양광발전소,,전북특별자치도 익산시 망성면 무형리 831-3 (본지번 : 831) - 토지,36.1244804844386,127.046580726994,,정상가동,296.31,380,60,2023,,,,,2024-09-27
하루 태양광발전소,,"전북특별자치도 익산시 망성면 무형리 831-5, 833, 833-2, 840-68 (본지번 : 831, 833, 833-2, 840-29) - 토지",,,,정상가동,29.75,380,60,2023,,,,,2024-09-27
힐링 태양광발전소,,"전북특별자치도 익산시 망성면 무형리 833-16, 833-17 토지",,,,정상가동,99.76,380,60,2023,,,,,2024-09-27
지원 태양광발전소,,"전북특별자치도 익산시 망성면 무형리 833-6, 833-10, 847-6, 847-11 (본지번 : 833-6, 833-10, 847-6, 847-11) - 토지",,,,정상가동,97.44,380,60,2023,,,,,2024-09-27
축복 태양광발전소,,"전북특별자치도 익산시 망성면 무형리 833-7, 833-13, 833-15 (본지번 : 833-7, 833, 833-2) - 토지",,,,정상가동,58.0,380,60,2023,,,,,2024-09-27
라온 태양광발전소,,전북특별자치도 익산시 망성면 무형리 838-1 (본지번 : 838-1) - 토지,36.1232209354788,127.046142984565,,정상가동,19.89,220+380,60,2024,,,,,2024-09-27
또아 태양광발전소,,전북특별자치도 익산시 망성면 무형리 838-4 (본지번 : 838-1) - 토지,36.1229642882362,127.046094069342,,정상가동,19.64,220+380,60,2023,,,,,2024-09-27
민지 태양광발전소,,전북특별자치도 익산시 망성면 신작리 321 - 토지,36.1326031156795,127.02572342615,,정상가동,99.5,380,60,2023,,,,,2024-09-27
진연 태양광발전소,,전북특별자치도 익산시 망성면 신작리 322 - 토지,36.1324363453994,127.025089238961,,정상가동,99.5,380,60,2023,,,,,2024-09-27
루리 태양광발전소,,"전북특별자치도 익산시 망성면 어량리 1078-4, 1079-4 - 토지",,,,정상가동,99.5,380,60,2023,,,,,2024-09-27
리안인터내셔날서비스(주)익산,,"전북특별자치도 익산시 망성면 어량리 112-8, 113-5, 5-64 (분할후) - 토지",,,,정상가동,99.5,380,60,2023,,,,,2024-09-27
지혜 태양광발전소,,"전북특별자치도 익산시 망성면 어량리 12-13, 5-8, 113-4, 5-46 - 토지",,,,정상가동,99.5,380,60,2023,,,,,2024-09-27
다원태양광발전소,,"전북특별자치도 익산시 망성면 어량리 12-15, 5-43, 5-49, 5-50 - 토지",,,,정상가동,99.5,380,60,2023,,,,,2024-09-27
천광3호 태양광발전소,,"전북특별자치도 익산시 망성면 어량리 12-28, 12-11 - 토지",,,,정상가동,99.5,380,60,2023,,,,,2024-09-27
지은발전소,,"전북특별자치도 익산시 망성면 어량리 12-29, 12-63, 12-66, 12-72 - 토지",,,,정상가동,99.5,380,60,2023,,,,,2024-09-27
서윤발전소,,"전북특별자치도 익산시 망성면 어량리 12-31, 12-5 - 토지",,,,정상가동,99.5,380,60,2023,,,,,2024-09-27
오석발전소,,"전북특별자치도 익산시 망성면 어량리 12-32, 12-33, 12-58 - 토지",,,,정상가동,99.5,380,60,2023,,,,,2024-09-27
장성 발전소,,"전북특별자치도 익산시 망성면 어량리 12-34, 12-60, 12-76 - 토지",,,,정상가동,99.5,380,60,2023,,,,,2024-09-27
썬플라워에너지2,,"전북특별자치도 익산시 망성면 어량리 12-35, 12-61, 12-75 - 토지",,,,정상가동,99.5,380,60,2023,,,,,2024-09-27
썬플라워 에너지3,,"전북특별자치도 익산시 망성면 어량리 12-36, 12-67, 12-73 - 토지",,,,정상가동,99.5,380,60,2023,,,,,2024-09-27
하나발전소,,"전북특별자치도 익산시 망성면 어량리 12-38, 12-57, 12-78 - 토지",,,,정상가동,99.5,380,60,2023,,,,,2024-09-27
재우발전소,,"전북특별자치도 익산시 망성면 어량리 12-40, 12-4 - 토지",,,,정상가동,19.72,380,60,2023,,,,,2024-09-27
연우발전소,,"전북특별자치도 익산시 망성면 어량리 12-41, 12-48 - 토지",,,,정상가동,98.77,380,60,2024,,,,,2024-09-27
동성발전소,,"전북특별자치도 익산시 망성면 어량리 12-42, 12-53, 12-55, 12-80 - 토지",,,,정상가동,90.44,380,60,2024,,,,,2024-09-27
인성발전소,,"전북특별자치도 익산시 망성면 어량리 12-43, 12-54, 12-81 - 토지",,,,정상가동,116.62,380,60,2023,,,,,2024-09-27
한신발전소,,"전북특별자치도 익산시 망성면 어량리 12-44, 12-49 - 토지",,,,정상가동,19.72,380,60,2023,,,,,2024-09-27
유미발전소,,"전북특별자치도 익산시 망성면 어량리 12-45, 12-50 - 토지",,,,정상가동,19.47,380,60,2023,,,,,2024-09-27
순정발전소,,"전북특별자치도 익산시 망성면 어량리 12-46, 12-51, 12-82 - 토지",,,,정상가동,49.88,220+380,60,2024,,,,,2024-09-27
균성 발전소,,"전북특별자치도 익산시 망성면 어량리 12-59, 12-77 - 토지",,,,정상가동,99.76,220+380,60,2024,,,,,2024-09-27
백산발전소,,"전북특별자치도 익산시 망성면 어량리 12-68, 12-74, 12-84, 12-86 - 토지",,,,정상가동,49.98,380,60,2023,,,,,2024-09-27
세영발전소,,전북특별자치도 익산시 망성면 어량리 1519-86 - 토지,36.0944695544656,127.020185322309,,정상가동,299.88,380,60,2023,,,,,2024-09-27
아폴로2호,,전북특별자치도 익산시 망성면 어량리 1519-87 - 토지,36.0941301648314,127.020127938105,,정상가동,69.6,380,60,2024,,,,,2024-09-27
아폴로1호,,전북특별자치도 익산시 망성면 어량리 1519-88 - 토지,36.0939665033034,127.020128229496,,정상가동,99.76,380,60,2024,,,,,2024-09-27
현솔라 태양광,,전북특별자치도 익산시 망성면 어량리 1540-62 - 토지,36.0971109966343,127.014854582923,,정상가동,99.76,380,60,2024,,,,,2024-09-27
안지연1호 태양광,,전북특별자치도 익산시 망성면 어량리 1540-64 토지,36.0977892670029,127.014750326729,,정상가동,99.96,380,60,2024,,,,,2024-09-27
김희1호 태양광,,전북특별자치도 익산시 망성면 어량리 1540-67 토지,36.0976776896236,127.014802719821,,정상가동,39.27,380,60,2023,,,,,2024-09-27
용솔라 태양광,,전북특별자치도 익산시 망성면 어량리 1540-68 토지,36.0975126415117,127.014348731748,,정상가동,14.75,220+380,60,2023,,,,,2024-09-27
연솔라 태양광,,전북특별자치도 익산시 망성면 어량리 1540-69 토지,36.0974986008349,127.014936163815,,정상가동,19.89,380,60,2023,,,,,2024-09-27
희솔라 태양광,,전북특별자치도 익산시 망성면 어량리 1540-70 토지,36.0973096982852,127.014992428376,,정상가동,59.67,380,60,2024,,,,,2024-09-27
태호어량발전소2호,,전북특별자치도 익산시 망성면 어량리 1659-2 - 토지,36.0941465207752,127.020924110009,,정상가동,59.67,380,60,2024,,,,,2024-09-27
태호어량발전소1호,,전북특별자치도 익산시 망성면 어량리 1660-1 - 토지,36.0946611116,127.020955782417,,정상가동,51.84,380,60,2023,,,,,2024-09-27
건당태양광,,전북특별자치도 익산시 망성면 어량리 1660-3 - 토지,36.0945113144164,127.020518792229,,정상가동,99.6,380,60,2023,,,,,2024-09-27
WH태양광발전소,,전북특별자치도 익산시 망성면 어량리 1660-4 - 토지,36.0943230003232,127.020804897926,,정상가동,99.76,380,60,2023,,,,,2024-09-27
SH태양광발전소,,전북특별자치도 익산시 망성면 어량리 1661-1 - 토지,36.0949145710483,127.019677194107,,정상가동,44.66,380,60,2023,,,,,2024-09-27
현수발전소,,전북특별자치도 익산시 망성면 어량리 1661-5 - 토지,36.0947685887248,127.020128100902,,정상가동,29.58,380,60,2023,,,,,2024-09-27
파란하늘1호발전소,,전북특별자치도 익산시 망성면 어량리 1661-8 - 토지,36.0951441293008,127.020113650043,,정상가동,28.32,220+380,60,2023,,,,,2024-09-27
케이에스에너지1,,전북특별자치도 익산시 망성면 어량리 1760-10 - 토지,36.1080683460639,127.029198300802,,정상가동,99.51,220+380,60,2023,,,,,2024-09-27
가은 태양광발전소,,전북특별자치도 익산시 망성면 어량리 1761-15 - 토지,36.1074751583828,127.028852350622,,정상가동,99.51,220+380,60,2023,,,,,2024-09-27
어량10호 태양광발전소,,"전북특별자치도 익산시 망성면 어량리 218, 219-2, 220-6 토지",,,,정상가동,99.51,220+380,60,2023,,,,,2024-09-27
어량8호 태양광발전소,,"전북특별자치도 익산시 망성면 어량리 218-1, 219-3, 220-5 토지",,,,정상가동,99.51,220+380,60,2023,,,,,2024-09-27
어량9호 태양광발전소,,"전북특별자치도 익산시 망성면 어량리 219-4, 220-4 토지",,,,정상가동,50.4,220+380,60,2023,,,,,2024-09-27
어량11호 태양광발전소,,"전북특별자치도 익산시 망성면 어량리 219-5, 220-3, 221-16 토지",,,,정상가동,99.51,220+380,60,2023,,,,,2024-09-27
어량12호 태양광발전소,,"전북특별자치도 익산시 망성면 어량리 219-7, 220-1, 224-13 토지",,,,정상가동,15.52,380,60,2023,,,,,2024-09-27
어량13호 태양광발전소,,"전북특별자치도 익산시 망성면 어량리 220, 224 토지",,,,정상가동,15.52,380,60,2023,,,,,2024-09-27
어량4호 태양광발전소,,"전북특별자치도 익산시 망성면 어량리 220-10, 220-13, 220-14, 221-8 토지",,,,정상가동,82.11,380,60,2023,,,,,2024-09-27
어량7호 태양광발전소,,"전북특별자치도 익산시 망성면 어량리 220-11, 221-13, 221-19, 223-8 토지",,,,정상가동,19.47,380,60,2023,,,,,2024-09-27
어량3호 태양광발전소,,전북특별자치도 익산시 망성면 어량리 220-12 토지,36.0977891706765,127.041604626397,,정상가동,224.0,22900,60,2024,,,,,2024-09-27
어량1호 태양광발전소,,전북특별자치도 익산시 망성면 어량리 220-17토지,36.0974263204492,127.041660624466,,정상가동,180.0,380,60,2023,,,,,2024-09-27
어량2호 태양광발전소,,"전북특별자치도 익산시 망성면 어량리 220-18, 221-10, 221-11 토지",,,,정상가동,99.5,380,60,2023,,,,,2024-09-27
어량5호 태양광발전소,,전북특별자치도 익산시 망성면 어량리 220-8 토지,36.0980615817169,127.041683613387,,정상가동,98.1,380,60,2023,,,,,2024-09-27
어량6호 태양광발전소,,"전북특별자치도 익산시 망성면 어량리 220-9, 221, 221-14 토지",,,,정상가동,98.1,380,60,2023,,,,,2024-09-27
망성5호 태양광발전소,,전북특별자치도 익산시 망성면 어량리 378-1 - 토지,36.1078409283365,127.029364252524,,정상가동,98.1,380,60,2023,,,,,2024-09-27
현덕2태양광,,전북특별자치도 익산시 망성면 어량리 378-2 - 토지,36.1074589615875,127.029489497388,,정상가동,17.85,380,60,2023,,,,,2024-09-27
대원8호 태양광발전소,,전북특별자치도 익산시 망성면 어량리 405 - 토지,36.1092109296598,127.03020739532,,정상가동,29.16,380,60,2023,,,,,2024-09-27
대원7호 태양광발전소,,전북특별자치도 익산시 망성면 어량리 405 -1 - 토지,36.1086188169443,127.029899638234,,정상가동,195.0,380,60,2023,,,,,2024-09-27
케이에스에너지3,,전북특별자치도 익산시 망성면 어량리 405-2 - 토지,36.108408066042,127.029723414677,,정상가동,19.2,220+380,60,2023,,,,,2024-09-27
케이에스에너지2,,전북특별자치도 익산시 망성면 어량리 405-3 - 토지,36.1083746812576,127.029151546204,,정상가동,199.52,380,60,2023,,,,,2024-09-27
낭산한우태양광2호,,전북특별자치도 익산시 망성면 어량리 820-3 토지,36.089327533234,127.034182712989,,정상가동,99.84,380,60,2023,,,,,2024-09-27
메인에너지 태양광발전소,,전북특별자치도 익산시 망성면 장선리 249-2 - 건물상부,36.1267017987833,127.025233604903,,정상가동,299.52,380,60,2023,,,,,2024-09-27
써니3호 태양광발전소,,전북특별자치도 익산시 망성면 장선리 319-5 - 토지,36.1206489390031,127.023605695995,,정상가동,19.47,380,60,2023,,,,,2024-09-27
순옥 태양광발전소,,전북특별자치도 익산시 망성면 장선리 319-7 - 토지,36.120459896328,127.023440909895,,정상가동,32.48,380,60,2023,,,,,2024-09-27
정상4 태양광발전소,,"전북특별자치도 익산시 망성면 장선리 347-15, 347-16 (원지번 : 산48, 347-8) - 토지",,,,정상가동,32.48,380,60,2023,,,,,2024-09-27
해맑음 태양광발전소,,"전북특별자치도 익산시 망성면 장선리 347-17, 384-8 (원지번 : 347-8, 384-8) - 토지",,,,정상가동,32.48,380,60,2023,,,,,2024-09-27
태양5 태양광발전소,,"전북특별자치도 익산시 망성면 장선리 347-18, 382-7, 384-10 (원지번 : 347-8, 382-0, 384-8) - 토지",,,,정상가동,99.12,380,60,2024,,,,,2024-09-27
태양 태양광발전소,,"전북특별자치도 익산시 망성면 장선리 347-22, 363-2 (원지번 : 산48, 363-2) - 토지",,,,정상가동,99.12,380,60,2024,,,,,2024-09-27
재술태양광,,전북특별자치도 익산시 망성면 장선리 381-2 - 토지,36.1158014433361,127.02467553457,,정상가동,99.12,380,60,2024,,,,,2024-09-27
익산장선리4호 태양광발전소,,"전북특별자치도 익산시 망성면 장선리 386-23, 663-32 토지",,,,정상가동,99.12,380,60,2024,,,,,2024-09-27
장선이향 태양광발전소,,"전북특별자치도 익산시 망성면 장선리 386-50, 386-51, 663-27, 663-29 토지",,,,정상가동,99.12,380,60,2024,,,,,2024-09-27
장선 태양광발전소,,"전북특별자치도 익산시 망성면 장선리 386-68, 663-31 토지",,,,정상가동,30.0,220,60,2023,,,,,2024-09-27
미숙 태양광발전소,,"전북특별자치도 익산시 망성면 장선리 386-70, 663-30 토지",,,,정상가동,99.96,380,60,2023,,,,,2024-09-27
명가1호 태양광발전소,,"전북특별자치도 익산시 망성면 장선리 386-71, 663-25, 663-28 토지",,,,정상가동,99.96,380,60,2023,,,,,2024-09-27
녹원2 태양광발전소,,"전북특별자치도 익산시 망성면 장선리 386-73, 663-20, 663-23 토지",,,,정상가동,49.98,380,60,2023,,,,,2024-09-27
우신5호 태양광발전소,,"전북특별자치도 익산시 망성면 장선리 386-74, 386-75, 663-21, 663-22 토지",,,,정상가동,99.96,380,60,2023,,,,,2024-09-27
장선5호 태양광발전소,,"전북특별자치도 익산시 망성면 장선리 386-76, 663-14 토지",,,,정상가동,99.96,380,60,2023,,,,,2024-09-27
한빛2호 태양광발전소,,"전북특별자치도 익산시 망성면 장선리 386-77, 663-18 토지",,,,정상가동,99.96,380,60,2023,,,,,2024-09-27
장선리2호태양광발전소,,전북특별자치도 익산시 망성면 장선리 394-1 - 토지,36.1188977979935,127.021132167641,,정상가동,99.84,380,60,2023,,,,,2024-09-27
장선리1호 태양광발전소,,전북특별자치도 익산시 망성면 장선리 394-3 - 토지,36.1185514940631,127.020942357248,,정상가동,99.84,380,60,2023,,,,,2024-09-27
점순장선리 태양광발전소,,전북특별자치도 익산시 망성면 장선리 403-29 토지,36.1196993615176,127.022009894634,,정상가동,99.84,380,60,2023,,,,,2024-09-27
순규장선리 태양광발전소,,전북특별자치도 익산시 망성면 장선리 403-3 토지,36.1198916008883,127.021955075872,,정상가동,160.65,380,60,2023,,,,,2024-09-27
재현솔라에너지(재현 Solar Energy),,전북특별자치도 익산시 망성면 장선리 403-30 토지,36.1195418240114,127.022037064597,,정상가동,166.6,380,60,2023,,,,,2024-09-27
아이에스파워(ISPower),,전북특별자치도 익산시 망성면 장선리 403-31 토지,36.1193694257738,127.022013468092,,정상가동,41.0,380,60,2023,,,,,2024-09-27
와이에이치파워(YHPower),,전북특별자치도 익산시 망성면 장선리 403-32 토지,36.1193026467897,127.022007451297,,정상가동,199.92,380,60,2023,,,,,2024-09-27
승환 태양광발전소,,전북특별자치도 익산시 망성면 장선리 403-33 토지,36.119162528865,127.021892114542,,정상가동,97.58,380,60,2023,,,,,2024-09-27
쏠라그린에너지(Solar Green Energy),,전북특별자치도 익산시 망성면 장선리 403-34 토지,36.119099114472,127.021720705669,,정상가동,151.73,380,60,2023,,,,,2024-09-27
에스에이치에너지(SHEnergy),,전북특별자치도 익산시 망성면 장선리 403-35 토지,36.1190032898992,127.021859969225,,정상가동,99.6,380,60,2023,,,,,2024-09-27
JH에너지,,"전북특별자치도 익산시 망성면 장선리 403-36, 403-39 토지",,,,정상가동,99.6,380,60,2023,,,,,2024-09-27
에스에이치파워(SHPower),,전북특별자치도 익산시 망성면 장선리 403-37 토지,36.1187351186222,127.021691836698,,정상가동,99.6,380,60,2023,,,,,2024-09-27
장선1호 태양광발전소,,전북특별자치도 익산시 망성면 장선리 663-1 토지,36.115897962502,127.025960114054,,정상가동,99.19,380,60,2024,,,,,2024-09-27
장선2호 태양광발전소,,전북특별자치도 익산시 망성면 장선리 663-10 토지,36.1158134279047,127.026375051296,,정상가동,99.19,380,60,2024,,,,,2024-09-27
장선3호 태양광발전소,,전북특별자치도 익산시 망성면 장선리 663-11 토지,36.1158067060935,127.02661385387,,정상가동,99.19,380,60,2024,,,,,2024-09-27
장선4호 태양광발전소,,전북특별자치도 익산시 망성면 장선리 663-12 토지,36.1157760754793,127.026968829541,,정상가동,28.56,220+380,60,2023,,,,,2024-09-27
장선9호 태양광발전소,,전북특별자치도 익산시 망성면 장선리 663-13 토지,36.1153751971516,127.026643364332,,정상가동,99.84,380,60,2023,,,,,2024-09-27
장선7호 태양광발전소,,전북특별자치도 익산시 망성면 장선리 663-15 토지,36.1155279181709,127.025982761939,,정상가동,390.0,380,60,2023,,,,,2024-09-27
장선6호 태양광발전소,,전북특별자치도 익산시 망성면 장선리 663-16 토지,36.1154823983602,127.025603104373,,정상가동,99.0,380,60,2024,,,,,2024-09-27
정현 태양광발전소,,전북특별자치도 익산시 망성면 장선리 663-17 토지,36.1152783526475,127.02522695083,,정상가동,99.0,380,60,2024,,,,,2024-09-27
비엠에너지 태양광발전소,,전북특별자치도 익산시 망성면 장선리 663-19 토지,36.1152044462745,127.025682318957,,정상가동,99.0,380,60,2024,,,,,2024-09-27
광명 태양광발전소,,전북특별자치도 익산시 망성면 장선리 663-24 토지,36.1148162617589,127.026239433839,,정상가동,29.58,380,60,2022,,,,,2024-09-27
장선2호 태양광발전소,,전북특별자치도 익산시 망성면 장선리 693-1 - 토지,36.124718744953,127.012910692687,,정상가동,19.64,220+380,60,2023,,,,,2024-09-27
한성 태양광발전소,,전북특별자치도 익산시 망성면 장선리 693-25 - 토지,36.1238998635406,127.013253362013,,정상가동,69.09,220+380,60,2023,,,,,2024-09-27
장선1호태양광발전소,,전북특별자치도 익산시 망성면 장선리 693-26 - 토지,36.1242799301612,127.013032591009,,정상가동,26.16,380,60,2023,,,,,2024-09-27
윤이태양광발전소,,전북특별자치도 익산시 망성면 장선리 319-10 - 토지,36.1200539372506,127.023242959319,,정상가동,64.26,220+380,60,2022,,,,,2024-09-27
태종태양광발전소,,전북특별자치도 익산시 망성면 장선리 319-11-토지,36.1198905467917,127.023243244395,,정상가동,99.0,220+380,60,2023,,,,,2024-09-27
센텀태양광발전소,,전북특별자치도 익산시 망성면 장선리 319-8-토지,36.120314546312,127.023358668703,,정상가동,99.0,220+380,60,2023,,,,,2024-09-27
해바라기태양광발전소,,전북특별자치도 익산시 망성면 장선리 319-9 - 토지,36.1201913612596,127.023301538027,,정상가동,62.13,380,60,2022,,,,,2024-09-27
지수태양광발전소,,"전북특별자치도 익산시 망성면 화산리 1014-3, 1014-6, 1018-11 토지",,,,정상가동,26.16,380,60,2022,,,,,2024-09-27
누리태양광발전소,,"전북특별자치도 익산시 망성면 화산리 1014-4, 1014-7, 1018-12, 1018-14 토지",,,,정상가동,99.19,380,60,2022,,,,,2024-09-27
한일태양광발전소,,"전북특별자치도 익산시 망성면 화산리 1014-5, 1014-8, 1018-13, 1018-15, 1016, 1016-6, 1015-1, 1015-5 토지",,,,정상가동,913.44,22900,60,2023,,,,,2024-09-27
은영1호태양광발전소,,"전북특별자치도 익산시 망성면 화산리 1015-3, 1015-6, 1016-1, 1016-7",,,,정상가동,473.0,380,60,2023,,,,,2024-09-27
씨엠에스망성발전소,,전북특별자치도 익산시 망성면 화산리 1563-28 (원지번 : 1563-5) - 토지,36.1301943162376,127.008092739495,,정상가동,99.74,220+380,60,2023,,,,,2024-09-27
희민태양광발전소,,전북특별자치도 익산시 망성면 화산리 1563-5 (원지번 : 1563-5) - 토지,36.1304708137625,127.008018002513,,정상가동,99.74,220+380,60,2023,,,,,2024-09-27
에코망성발전소,,"전북특별자치도 익산시 망성면 화산리 1563-9,314-23-토지",,,,정상가동,99.74,220+380,60,2023,,,,,2024-09-27
라니발전소,,전북특별자치도 익산시 망성면 화산리 1567-13 (본지번 : 1567-1) - 토지,36.1286984332697,127.01095704607,,정상가동,94.4,380,60,2023,,,,,2024-09-27
반석 태양광발전소,,전북특별자치도 익산시 망성면 화산리 1577-13 토지,36.1243430813712,127.008223773477,,정상가동,94.4,380,60,2023,,,,,2024-09-27
은혜 태양광발전소,,전북특별자치도 익산시 망성면 화산리 1578-9 토지,36.1242079523129,127.008745075877,,정상가동,75.52,380,60,2024,,,,,2024-09-27
화산리3호태양광발전소,,전북특별자치도 익산시 망성면 화산리 1581-15 토지,36.1242085129118,127.007079817976,,정상가동,29.5,380,60,2023,,,,,2024-09-27
화산리1호태양광발전소,,전북특별자치도 익산시 망성면 화산리 1581-3 토지,36.1246327134521,127.007103072715,,정상가동,29.5,380,60,2023,,,,,2024-09-27
화산리2호태양광발전소,,"전북특별자치도 익산시 망성면 화산리 1581-8, 1581-13 토지",,,,정상가동,69.02,380,60,2023,,,,,2024-09-27
신희 태양광발전소,,"전북특별자치도 익산시 망성면 화산리 1586-10, 1586-12, 1586-13, 1586-14, 1586-30 - 토지",,,,정상가동,99.9,380,60,2023,,,,,2024-09-27
혜리태양광발전소,,"전북특별자치도 익산시 망성면 화산리 1586-16, 1586-35, 1586-40 토지",,,,정상가동,99.9,380,60,2023,,,,,2024-09-27
영광태양광발전소,,"전북특별자치도 익산시 망성면 화산리 1586-20, 1586-26, 1586-29 토지",,,,정상가동,99.9,380,60,2023,,,,,2024-09-27
예람태양광발전소,,"전북특별자치도 익산시 망성면 화산리 1586-21, 1586-27, 1586-31 토지",,,,정상가동,99.9,380,60,2023,,,,,2024-09-27
하늘태양광발전소,,"전북특별자치도 익산시 망성면 화산리 1586-24, 1586-39, 1586-33 토지",,,,정상가동,99.9,380,60,2023,,,,,2024-09-27
성호태양광발전소,,"전북특별자치도 익산시 망성면 화산리 1586-32, 1586-22, 1586-23, 1586-17, 1586-28 토지",,,,정상가동,203.55,380,60,2023,,,,,2024-09-27
신유태양광발전소,,"전북특별자치도 익산시 망성면 화산리 173, 173-2, 173-3, 173-4 토지",,,,정상가동,28.91,380,60,2023,,,,,2024-09-27
스타익산에너지,,전북특별자치도 익산시 망성면 화산리 173-1 토지,36.1316402209954,127.001207373072,,정상가동,468.65,380,60,2023,,,,,2024-09-27
광우3호태양광발전소,,전북특별자치도 익산시 망성면 화산리 197-10-토지,36.1312121465362,127.006641960049,,정상가동,468.65,380,60,2023,,,,,2024-09-27
태영태양광발전소,,전북특별자치도 익산시 망성면 화산리 200-3 토지,36.1306996246687,127.004782220138,,정상가동,499.14,380,60,2023,,,,,2024-09-27
정귀 태양광발전소,,"전북특별자치도 익산시 망성면 화산리 200-5,200-6,201-2,202,206-5 토지",,,,정상가동,99.96,380,60,2022,,,,,2024-09-27
재혁 태양광발전소,,"전북특별자치도 익산시 망성면 화산리 202-4, 202-5, 203-6, 206-8 토지",,,,정상가동,99.71,380,60,2023,,,,,2024-09-27
이산태양광발전소,,"전북특별자치도 익산시 망성면 화산리 203-7, 204 토지",,,,정상가동,99.71,380,60,2023,,,,,2024-09-27
매일태양광발전소,,"전북특별자치도 익산시 망성면 화산리 206, 200-4, 201-1, 202-1 토지",,,,정상가동,99.71,99.71,60,2023,,,,,2024-09-27
혜지태양광발전소,,"전북특별자치도 익산시 망성면 화산리 213, 199-2, 200-1 토지",,,,정상가동,69.62,380,60,2023,,,,,2024-09-27
성경태양광발전소,,"전북특별자치도 익산시 망성면 화산리 213-1, 200-2 토지",,,,정상가동,49.56,380,60,2023,,,,,2024-09-27
가득찬발전소,,전북특별자치도 익산시 망성면 화산리 275 (본지번 : 275),36.1320097707789,127.007331592935,,정상가동,99.71,380,60,2023,,,,,2024-09-27
서학태양광발전소,,전북특별자치도 익산시 망성면 화산리 275-1 토지,36.1316882269016,127.00717891934,,정상가동,99.71,380,60,2023,,,,,2024-09-27
민영발전소,,전북특별자치도 익산시 망성면 화산리 275-2 토지,36.1315508790843,127.007225677487,,정상가동,29.5,380,60,2023,,,,,2024-09-27
동광발전소,,전북특별자치도 익산시 망성면 화산리 275-3 토지,36.1314337189913,127.007263327623,,정상가동,18.45,380,60,2023,,,,,2024-09-27
수영발전소,,전북특별자치도 익산시 망성면 화산리 275-4 토지,36.1313100698454,127.007305865176,,정상가동,14.75,220,60,2023,,,,,2024-09-27
평화태양광발전소,,전북특별자치도 익산시 망성면 화산리 275-6-토지,36.1309969977073,127.007146528205,,정상가동,99.96,220+380,60,2023,,,,,2024-09-27
송연 태양광발전소,,전북특별자치도 익산시 망성면 화산리 275-7 토지,36.1308430078362,127.008127022796,,정상가동,72.52,220+380,60,2023,,,,,2024-09-27
원철태양광발전소,,전북특별자치도 익산시 망성면 화산리 276-1 토지,36.1318208505889,127.007740958871,,정상가동,99.96,220+380,60,2023,,,,,2024-09-27
윤희발전소,,전북특별자치도 익산시 망성면 화산리 276-3 토지,36.1315261172086,127.008285402401,,정상가동,99.96,220+380,60,2023,,,,,2024-09-27
비전태양광발전소,,전북특별자치도 익산시 망성면 화산리 276-4 토지,36.1313848070891,127.008282054729,,정상가동,99.96,220+380,60,2023,,,,,2024-09-27
망성샬롬발전소,,전북특별자치도 익산시 망성면 화산리 276-5 토지,36.1312480006048,127.008313813173,,정상가동,99.96,220+380,60,2023,,,,,2024-09-27
남영발전소,,전북특별자치도 익산시 망성면 화산리 276-6 토지,36.1310766825597,127.008274245809,,정상가동,99.96,220+380,60,2023,,,,,2024-09-27
효창1호 태양광발전소,,전북특별자치도 익산시 망성면 화산리 277-10 (본지번 : 277-1),36.130773051537,127.008446297146,,정상가동,99.96,220+380,60,2023,,,,,2024-09-27
이지1호발전소,,전북특별자치도 익산시 망성면 화산리 278 토지,36.1313531221318,127.009007383572,,정상가동,99.96,220+380,60,2023,,,,,2024-09-27
부자발전소,,전북특별자치도 익산시 망성면 화산리 278-12- 토지,36.1310522824449,127.009197541253,,정상가동,131.58,380,60,2023,,,,,2024-09-27
경원1호 태양광발전소,,전북특별자치도 익산시 망성면 화산리 307 토지,36.1308513885245,127.009369267913,,정상가동,49.98,380,60,2022,,,,,2024-09-27
제이태양광발전소,,"전북특별자치도 익산시 망성면 화산리 307-3, 1563-11, 1563-13, 1563-23(원지번 : 307, 1563-11, 1563-13, 1563-23)-토지",,,,정상가동,99.96,380,60,2022,,,,,2024-09-27
한빛2호발전소,,전북특별자치도 익산시 망성면 화산리 307-5 토지,36.1306513705589,127.009849943231,,정상가동,200.0,380,60,2023,,,,,2024-09-27
해피1호발전소,,전북특별자치도 익산시 망성면 화산리 307-6 토지,36.1305051869089,127.009931355929,,정상가동,99.96,380,60,2023,,,,,2024-09-27
새빛1호발전소,,"전북특별자치도 익산시 망성면 화산리 307-7, 309-8, 1563-39 (원지번 : 307, 309, 1563-23) - 토지",,,,정상가동,99.96,380,60,2023,,,,,2024-09-27
월송1호발전소,,전북특별자치도 익산시 망성면 화산리 307-8 - 토지,36.1301883292528,127.009819334998,,정상가동,32.83,380,60,2023,,,,,2024-09-27
현대발전소,,"전북특별자치도 익산시 망성면 화산리 314-24, 1563-30 토지",,,,정상가동,99.96,380,60,2023,,,,,2024-09-27
재희태양광발전소,,"전북특별자치도 익산시 망성면 화산리 314-4,1563-32,1563-37-토지",,,,정상가동,99.71,380,60,2023,,,,,2024-09-27
현경 태양광발전소,,전북특별자치도 익산시 망성면 화산리 358 (원지번 : 358) - 토지,36.1261472569981,127.007720406197,,정상가동,99.71,380,60,2023,,,,,2024-09-27
재현 태양광발전소,,전북특별자치도 익산시 망성면 화산리 358-27 (원지번 : 358) - 토지,36.1259148969858,127.008126181522,,정상가동,99.71,380,60,2023,,,,,2024-09-27
일룸 태양광발전소,,전북특별자치도 익산시 망성면 화산리 358-29 (원지번 : 358) - 토지,36.1258160031046,127.00719571405,,정상가동,99.71,380,60,2023,,,,,2024-09-27
영숙2호 태양광발전소,,전북특별자치도 익산시 망성면 화산리 358-30 (원지번 : 358) - 토지,36.1257221471216,127.007826007337,,정상가동,99.71,380,60,2023,,,,,2024-09-27
SM태양광발전소,,전북특별자치도 익산시 망성면 화산리 398 (분할전) - 토지,36.1239144645273,127.006766647374,,정상가동,80.0,380,60,2023,,,,,2024-09-27
두무다리 태양광발전소,,전북특별자치도 익산시 망성면 화산리 398 (분할전) - 토지,36.1239144645273,127.006766647374,,정상가동,55.34,380,60,2023,,,,,2024-09-27
대영태양광발전소,,전북특별자치도 익산시 망성면 화산리 402-4번지,36.122056673459,127.00857888255,,정상가동,99.76,380,60,2023,,,,,2024-09-27
서진발전소,,전북특별자치도 익산시 망성면 화산리 7 - 토지,36.129712695354,127.011538751586,,정상가동,100.0,380,60,2023,,,,,2024-09-27
썬나라발전소,,전북특별자치도 익산시 망성면 화산리 7-10 - 토지,36.1288315429229,127.011898666474,,정상가동,100.0,380,60,2023,,,,,2024-09-27
윤희발전소,,전북특별자치도 익산시 망성면 화산리 7-13 - 토지,36.1285075863424,127.011592787071,,정상가동,33.04,220+380,60,2023,,,,,2024-09-27
G&G발전소,,전북특별자치도 익산시 망성면 화산리 7-6 - 토지,36.1290248426906,127.012006009202,,정상가동,99.12,220+380,60,2023,,,,,2024-09-27
영무2호 발전소,,"전북특별자치도 익산시 망성면 화산리 771-1, 771-5 - 토지",,,,정상가동,99.71,380,60,2023,,,,,2024-09-27
썬플라워 에너지,,"전북특별자치도 익산시 망성면 화산리 771-10, 771-12 - 토지",,,,정상가동,99.71,380,60,2023,,,,,2024-09-27
수정에너지,,"전북특별자치도 익산시 망성면 화산리 771-11, 771-13 - 토지",,,,정상가동,99.91,380,60,2023,,,,,2024-09-27
파인 태양광발전소,,전북특별자치도 익산시 망성면 화산리 800-4 - 토지,36.1245451453751,127.004654988532,,정상가동,99.91,380,60,2023,,,,,2024-09-27
선웅 발전소,,전북특별자치도 익산시 망성면 화산리 802 - 토지,36.1248155616102,127.00304527606,,정상가동,99.71,380,60,2022,,,,,2024-09-27
다진1태양광,,전북특별자치도 익산시 망성면 화산리 802 -2 - 토지,36.1246272046437,127.003162351783,,정상가동,99.91,380,60,2023,,,,,2024-09-27
수산3호태양광발전소,,전북특별자치도 익산시 망성면 화산리 820-1 - 토지,36.126260107982,127.005786730391,,정상가동,83.52,380,60,2023,,,,,2024-09-27
수산2호태양광발전소,,전북특별자치도 익산시 망성면 화산리 820-4 - 토지,36.1260909247266,127.006287607002,,정상가동,62.64,380,60,2023,,,,,2024-09-27
수산1호태양광발전소,,전북특별자치도 익산시 망성면 화산리 820-5 - 토지,36.1259008505911,127.006437002827,,정상가동,99.71,380,60,2022,,,,,2024-09-27
은채태양광발전소,,"전북특별자치도 익산시 망성면 화산리 986, 986-10, 986-11, 1015-4, 1015-7, 1016-2, 1016-8, 1409-4, 1409-17",,,,정상가동,99.71,380,60,2022,,,,,2024-09-27
영인태양광발전소,,"전북특별자치도 익산시 망성면 화산리 986-4, 986-12, 1015-8, 1016-3, 1016-9, 1409-14, 1409-18 토지",,,,정상가동,69.6,380,60,2023,,,,,2024-09-27
수규태양광발전소,,"전북특별자치도 익산시 망성면 화산리 986-5, 986-13, 1016-4, 1016-10, 1409-5, 1409-15, 1409-19, 1409-22 토지",,,,정상가동,699.78,22900,60,2023,,,,,2024-09-27
순금2호태양광발전소,,"전북특별자치도 익산시 망성면 화산리 986-6, 986-7, 986-14, 1016-5, 1016-11, 1409-16, 1409-20, 1409-23",,,,정상가동,99.71,380,60,2024,,,,,2024-09-27
서정2호발전소,,전북특별자치도 익산시 망성면 화산리 269 - 토지,36.1315925557368,127.006518566388,,정상가동,99.71,380,60,2023,,,,,2024-09-27
종국발전소,,전북특별자치도 익산시 망성면 화산리 7-11 - 토지,36.1288260996223,127.011340880987,,정상가동,99.71,380,60,2024,,,,,2024-09-27
순금태양광발전소,,"전북특별자치도 익산시 망성면 화산리 201-3, 202-2, 206-6 토지",,,,정상가동,19.72,220+380,60,2022,,,,,2024-09-27
금강쏠라2 태양광발전소,,"전북특별자치도 익산시 망성면 무형리 760-21, 828, 840-29, 840-33, 840-65(본지번:760-13,828,840-10,840-29,840-33) - 토지",,,,정상가동,77.0,380,60,2024,,,,,2024-09-27
아우라 태양광발전소,,전북특별자치도 익산시 모현동1가 401-3 - 건물상부,35.9504893241862,126.943392717328,,정상가동,309.12,220+380,60,2023,,,,,2024-09-27
㈜형제식품(썬그린2호 태양광발전소),,전북특별자치도 익산시 목천동 287 - 건물상부,35.921394690959,126.933100126891,,정상가동,99.91,220+380,60,2023,,,,,2024-09-27
우진2호 태양광발전소,,전북특별자치도 익산시 목천동 430-38 - 건물상부(주1),35.9152017124845,126.930912125272,,정상가동,99.91,220+380,60,2023,,,,,2024-09-27
금호태양광발전소,,전북특별자치도 익산시 목천동 430-9 - 건물상부,35.9157193642975,126.931341546586,,정상가동,29.5,380,60,2023,,,,,2024-09-27
삼흥 태양광발전소,,"전북특별자치도 익산시 목천동 787 - 건물상부(주건축물제1동, 주건축물제2동)",35.9175995337928,126.929919983037,,정상가동,99.0,380,60,2023,,,,,2024-09-27
프라즈마 태양광발전소,전북특별자치도 익산시 목천로4길 41 - 건물상부(주1),,35.9279213234728,126.949499071495,,정상가동,99.18,380,60,2022,,,,,2024-09-27
둥근햇빛발전협동조합(원광중학교 햇빛발전소),,전북특별자치도 익산시 부송동 122-5 - 건물상부,35.9748260401525,127.000807607434,,정상가동,166.32,380,60,2022,,,,,2024-09-27
둥근햇빛발전협동조합(원광고등학교 햇빛발전소),,전북특별자치도 익산시 부송동 9-4 - 건물상부,35.9732019121474,127.001570056919,,정상가동,99.76,380,60,2023,,,,,2024-09-27
서영대태양광발전소,,전북특별자치도 익산시 삼기면 기산리 874 토지,36.0085469157103,126.993286928115,,정상가동,99.75,380,60,2023,,,,,2024-09-27
하선태양광발전소,,전북특별자치도 익산시 삼기면 기산리 874-3 토지,36.008049434379,126.993269555745,,정상가동,99.75,380,60,2023,,,,,2024-09-27
경영 태양광발전소,,전북특별자치도 익산시 삼기면 서두리 151-8 - 토지,36.0353668138092,126.972463093612,,정상가동,99.75,380,60,2023,,,,,2024-09-27
삼기제일교회발전소,전북특별자치도 익산시 삼기면 오룡길 163 - 건물상부,,36.0373742494696,126.986332727291,,정상가동,280.0,380,60,2022,,,,,2024-09-27
케이윈태양광발전소,,전북특별자치도 익산시 삼기면 오룡리 1244-2 - 건물위(주1),36.0326218806791,126.99383189455,,정상가동,56.26,380,60,2023,,,,,2024-09-27
송현태양광발전소,,전북특별자치도 익산시 삼기면 용연리 14-1 토지,36.0088140103696,126.992760027215,,정상가동,19.14,380,60,2022,,,,,2024-09-27
다원 태양광발전소,,전북특별자치도 익산시 삼기면 용연리 143-1 - 토지,35.9992114492998,126.996539217715,,정상가동,299.93,380,60,2023,,,,,2024-09-27
동방 태양광발전소,,전북특별자치도 익산시 삼기면 용연리 143-10 토지,35.9986886468096,126.99665624803,,정상가동,19.89,220+380,60,2022,,,,,2024-09-27
순진 태양광발전소,,전북특별자치도 익산시 삼기면 용연리 143-11 토지,35.9985189427174,126.996594701631,,정상가동,997.1,22900,60,2023,,,,,2024-09-27
민국 태양광발전소,,전북특별자치도 익산시 삼기면 용연리 143-12 토지,35.9983830354656,126.996554004557,,정상가동,97.11,380,60,2023,,,,,2024-09-27
수월 태양광발전소,,전북특별자치도 익산시 삼기면 용연리 143-13 토지,35.9982266696928,126.996496450672,,정상가동,54.99,380,60,2023,,,,,2024-09-27
해양 태양광발전소,,전북특별자치도 익산시 삼기면 용연리 143-14 토지,35.9980402009311,126.996380783283,,정상가동,99.91,380,60,2023,,,,,2024-09-27
훼미리 태양광발전소,,전북특별자치도 익산시 삼기면 용연리 143-15 토지,35.9978280489197,126.996331217836,,정상가동,99.0,380,60,2023,,,,,2024-09-27
더나은 태양광발전소,,전북특별자치도 익산시 삼기면 용연리 143-16 토지,35.9976427546469,126.996313703255,,정상가동,99.0,380,60,2023,,,,,2024-09-27
더조은 태양광발전소,,전북특별자치도 익산시 삼기면 용연리 143-17 토지,35.9973983407083,126.996338668423,,정상가동,99.0,380,60,2023,,,,,2024-09-27
세원 태양광발전소,,전북특별자치도 익산시 삼기면 용연리 143-8 토지,35.9989904704104,126.996668767891,,정상가동,99.0,380,60,2023,,,,,2024-09-27
새한빛 태양광발전소,,전북특별자치도 익산시 삼기면 용연리 143-9 토지,35.9988382523781,126.996682526856,,정상가동,99.0,380,60,2023,,,,,2024-09-27
현순태양광발전소,,전북특별자치도 익산시 삼기면 용연리 14-7 토지,36.0086524226708,126.992814615373,,정상가동,99.0,380,60,2023,,,,,2024-09-27
포시즌 태양광발전소,,전북특별자치도 익산시 삼기면 용연리 147-5 토지,35.9969352886509,126.996407450989,,정상가동,99.0,380,60,2023,,,,,2024-09-27
진향 삼기 태양광발전소,,전북특별자치도 익산시 삼기면 용연리 14-8 토지,36.0084632545958,126.992825059136,,정상가동,99.0,380,60,2023,,,,,2024-09-27
해남태양광발전소,,전북특별자치도 익산시 삼기면 용연리 16-10 토지,36.0071146310862,126.992513608856,,정상가동,99.0,380,60,2023,,,,,2024-09-27
동하태양광발전소,,전북특별자치도 익산시 삼기면 용연리 16-5 토지,36.0080161529755,126.992822437553,,정상가동,99.0,380,60,2023,,,,,2024-09-27
윤 태양광발전소,,전북특별자치도 익산시 삼기면 용연리 16-6 토지,36.0077944492213,126.992813473103,,정상가동,99.0,380,60,2023,,,,,2024-09-27
대경태양광발전소,,전북특별자치도 익산시 삼기면 용연리 16-7 토지,36.007739098712,126.992570119137,,정상가동,29.5,380,60,2023,,,,,2024-09-27
광양태양광발전소,,전북특별자치도 익산시 삼기면 용연리 16-8 토지,36.0075430817345,126.992588217481,,정상가동,99.0,380,60,2023,,,,,2024-09-27
임실태양광발전소,,전북특별자치도 익산시 삼기면 용연리 16-9 토지,36.0073607566377,126.992496060274,,정상가동,97.11,380,60,2023,,,,,2024-09-27
한길 태양광발전소,,"전북특별자치도 익산시 삼기면 용연리 197-21, 197-26 (분할전) - 토지",,,,정상가동,98.28,380,60,2023,,,,,2024-09-27
진용 태양광발전소,,전북특별자치도 익산시 삼기면 용연리 197-31 토지,35.9972029359866,126.995814316355,,정상가동,399.04,380,60,2023,,,,,2024-09-27
명소 태양광발전소,,전북특별자치도 익산시 삼기면 용연리 197-32 토지,35.9971022677262,126.995802898424,,정상가동,99.76,380,60,2023,,,,,2024-09-27
대룡1호 태양광발전소,,"전북특별자치도 익산시 삼기면 용연리 315 - 건물상부(주1, 주2)",36.0030498625268,126.986130911711,,정상가동,99.19,220+380,60,2023,,,,,2024-09-27
대룡2호 태양광발전소,,"전북특별자치도 익산시 삼기면 용연리 315 - 건물상부(주3, 주4)",36.0030498625268,126.986130911711,,정상가동,11.9,380,60,2023,,,,,2024-09-27
태원태양광발전소,,"전북특별자치도 익산시 삼기면 용연리14-6, 16-2 토지",,,,정상가동,161.07,380,60,2023,,,,,2024-09-27
해든 태양광발전소,전북특별자치도 익산시 서동로 508-6 - 건물상부,,35.9446406028099,127.002843727073,,정상가동,31.32,380,60,2022,,,,,2024-09-27
김형수9호 태양광발전소,"전북특별자치도 익산시 서동로 511 - 건물상부(제2동, 제3동, 제4동)",,35.9455640151547,127.002854510986,,정상가동,93.96,380,60,2022,,,,,2024-09-27
(유)청산태양광에너지(청산3호 태양광발전소),전북특별자치도 익산시 서동로 589-12 - 건물상부(주1),,35.9511046007825,127.008219304453,,정상가동,70.2,220+380,60,2023,,,,,2024-09-27
구산 태양광발전소,,"전북특별자치도 익산시 석암동 389-73, 389-79, 389-103, 산41-67 - 건물상부",,,,정상가동,99.51,220+380,60,2023,,,,,2024-09-27
정진 태양광발전소,,"전북특별자치도 익산시 석암동 434, 434-9 - 건물상부",,,,정상가동,99.51,220+380,60,2023,,,,,2024-09-27
(유)청산태양광에너지(청산1호 태양광발전소),전북특별자치도 익산시 석암로3길 126 - 건물상부(주1),,35.9573736560671,127.009118280449,,정상가동,99.51,220+380,60,2023,,,,,2024-09-27
(유)청산태양광에너지(청산2호 태양광발전소),전북특별자치도 익산시 석암로9길 79 - 건물상부(주1),,35.9498274035658,127.011063971798,,정상가동,99.71,380,60,2022,,,,,2024-09-27
한국태양광발전소,,전북특별자치도 익산시 석탄동 989-1 - 건물상부,35.9175025794222,126.958466943551,,정상가동,99.71,380,60,2022,,,,,2024-09-27
근수 태양광발전소,,"전북특별자치도 익산시 성당면 갈산리 457, 458 - 토지",,,,정상가동,99.76,380,60,2023,,,,,2024-09-27
지혜 태양광발전소,,전북특별자치도 익산시 성당면 두동리 293 - 토지,36.1069343365176,126.932887513,,정상가동,19.8,380,60,2022,,,,,2024-09-27
수영 태양광발전소,,전북특별자치도 익산시 성당면 두동리 293-11 - 토지,36.1067407758007,126.932924660369,,정상가동,19.72,380,60,2023,,,,,2024-09-27
대선 태양광발전소,,전북특별자치도 익산시 성당면 두동리 293-12 - 토지,36.1065516828548,126.93289339144,,정상가동,24.53,220+380,60,2022,,,,,2024-09-27
JS태양광발전소,,전북특별자치도 익산시 성당면 두동리 293-14 - 토지,36.1066669390339,126.932235934467,,정상가동,99.74,220+380,60,2022,,,,,2024-09-27
소망태양광발전소,,전북특별자치도 익산시 성당면 두동리 293-15 - 토지,36.106471469191,126.932243432235,,정상가동,19.32,380,60,2022,,,,,2024-09-27
도원에너지 태양광발전소,,전북특별자치도 익산시 성당면 두동리 293-16 - 토지,36.1062345193293,126.932049394381,,정상가동,99.91,380,60,2023,,,,,2024-09-27
효광5호태양광발전소,,"전북특별자치도 익산시 성당면 두동리 705, 709 토지",,,,정상가동,499.55,380,60,2024,,,,,2024-09-27
정우에너지태양광발전소,,전북특별자치도 익산시 성당면 두동리 751 (본지번 : 751) - 토지,36.124172316851,126.914450267451,,정상가동,99.91,380,60,2023,,,,,2024-09-27
다온 태양광발전소,,전북특별자치도 익산시 성당면 두동리 751-10 (본지번 : 751) - 토지,36.1235036702933,126.915288335199,,정상가동,99.84,380,60,2024,,,,,2024-09-27
도윤태양광발전소,,전북특별자치도 익산시 성당면 두동리 751-11 (본지번 : 751) - 토지,36.1234241286652,126.915466375149,,정상가동,99.84,380,60,2024,,,,,2024-09-27
한빛2호 태양광발전소,,전북특별자치도 익산시 성당면 두동리 751-5(본지번 : 751) - 토지,36.1240242157755,126.914658820881,,정상가동,99.91,380,60,2023,,,,,2024-09-27
영구 태양광발전소,,전북특별자치도 익산시 성당면 두동리 751-6 (본지번 : 751) - 토지,36.123933987144,126.914256352213,,정상가동,99.91,380,60,2022,,,,,2024-09-27
성당 태양광발전소,,전북특별자치도 익산시 성당면 두동리 751-7 (본지번 : 751) - 토지,36.1238389359422,126.915307747831,,정상가동,99.91,380,60,2022,,,,,2024-09-27
동산 태양광발전소,,전북특별자치도 익산시 성당면 두동리 751-8 (본지번 : 751) - 토지,36.1236773219457,126.915143407406,,정상가동,19.72,220+380,60,2022,,,,,2024-09-27
영은2호 태양광발전소,,전북특별자치도 익산시 성당면 두동리 751-9 (본지번 : 751) - 토지,36.1235808323567,126.915059310389,,정상가동,99.45,380,60,2023,,,,,2024-09-27
한울 태양광발전소,,전북특별자치도 익산시 성당면 두동리 792-4(본지번 792) - 토지,36.1136100159771,126.914626550779,,정상가동,99.45,380,60,2023,,,,,2024-09-27
수기태양광발전소,,전북특별자치도 익산시 성당면 두동리 792-6(본지번 792) - 토지,36.113153187682,126.914624157445,,정상가동,35.1,380,60,2023,,,,,2024-09-27
그린 태양광 1호,,전북특별자치도 익산시 성당면 부곡리 66 - 토지,36.1073436947451,126.937430521447,,정상가동,99.76,220+380,60,2023,,,,,2024-09-27
재영 태양광,,전북특별자치도 익산시 성당면 부곡리 66-2 - 토지,36.1075121495441,126.937119196849,,정상가동,99.76,220+380,60,2023,,,,,2024-09-27
상상2호태양광발전소,,"전북특별자치도 익산시 성당면 성당리 589-1, 590, 591-1, 591-5, 592-1 토지",,,,정상가동,99.76,220+380,60,2023,,,,,2024-09-27
시양태양광발전소,,"전북특별자치도 익산시 성당면 와초리 124 건물상부(주1,2)",36.0714790497597,126.937683511475,,정상가동,76.3,380,60,2023,,,,,2024-09-27
에스아이에너지2,,"전북특별자치도 익산시 성당면 와초리 124-17 건물상부(주1,주2)",36.0711490142641,126.937842292908,,정상가동,99.45,380,60,2022,,,,,2024-09-27
시선태양광발전소,,"전북특별자치도 익산시 성당면 와초리 124-18 건물상부(주1,2)",36.0716699356228,126.938394157327,,정상가동,99.45,380,60,2022,,,,,2024-09-27
해담솔라태양광발전소,,"전북특별자치도 익산시 성당면 와초리 124-19 건물상부(주1,2)",36.0714922395872,126.938443029136,,정상가동,99.45,380,60,2022,,,,,2024-09-27
영솔라태양광발전소,,"전북특별자치도 익산시 성당면 와초리 124-20 건물상부(주1,2)",36.0712950044806,126.938525995817,,정상가동,27.84,380,60,2022,,,,,2024-09-27
오복2호 태양광발전소,,"전북특별자치도 익산시 성당면 와초리 341-1, 341-4, 341-5 (분할전) - 토지",,,,정상가동,27.84,380,60,2022,,,,,2024-09-27
원재 태양광발전소,,"전북특별자치도 익산시 성당면 와초리 341-1, 341-5, 341-6 (분할전) - 토지",,,,정상가동,27.84,380,60,2022,,,,,2024-09-27
해니2호 태양광발전소,,"전북특별자치도 익산시 성당면 와초리 341-1, 342-1 (분할전) - 토지",,,,정상가동,27.84,380,60,2022,,,,,2024-09-27
인영 태양광발전소,,"전북특별자치도 익산시 성당면 와초리 341-1, 342-1 (분할전) - 토지",,,,정상가동,27.84,380,60,2022,,,,,2024-09-27
대원에너지1,,"전북특별자치도 익산시 성당면 와초리 669-14 건물상부(주1,2)",36.0706909358983,126.937694234911,,정상가동,27.84,380,60,2022,,,,,2024-09-27
현주 태양광발전소,,전북특별자치도 익산시 성당면 장선리 223-1 - 건물상부,36.0891812608755,126.936420514338,,정상가동,27.84,380,60,2022,,,,,2024-09-27
장선리9호 태양광발전소,,"전북특별자치도 익산시 성당면 장선리 328-2, 329 (본지번 : 328-2, 329) - 토지",,,,정상가동,27.84,380,60,2022,,,,,2024-09-27
장선리8호 태양광발전소,,"전북특별자치도 익산시 성당면 장선리 328-3, 329-1 (본지번 : 328-2, 329) - 토지",,,,정상가동,27.84,380,60,2022,,,,,2024-09-27
해주 태양광발전소,,전북특별자치도 익산시 성당면 장선리 332 (본지번 : 332) - 토지,36.0819522498913,126.936838790461,,정상가동,27.84,380,60,2022,,,,,2024-09-27
장선리14호 태양광발전소,,"전북특별자치도 익산시 성당면 장선리 332-1, 332-9 (본지번 : 332, 332-1) - 토지",,,,정상가동,19.72,380,60,2022,,,,,2024-09-27
장선리13호 태양광발전소,,"전북특별자치도 익산시 성당면 장선리 332-10, 332-14 (본지번 : 332, 332-1) - 토지",,,,정상가동,179.52,380,60,2023,,,,,2024-09-27
금산3호 태양광발전소,,"전북특별자치도 익산시 성당면 장선리 332-12, 332-16 (본지번 : 332, 332-1) - 토지",,,,정상가동,65.28,380,60,2024,,,,,2024-09-27
장선리10호 태양광발전소,,"전북특별자치도 익산시 성당면 장선리 332-13, 332-17 (본지번 : 332, 332-1) - 토지",,,,정상가동,63.84,380,60,2024,,,,,2024-09-27
두나 태양광발전소,,전북특별자치도 익산시 성당면 장선리 332-2 (본지번 : 332) - 토지,36.0817698140398,126.936784423542,,정상가동,99.82,380,60,2022,,,,,2024-09-27
그린에너지,,전북특별자치도 익산시 성당면 장선리 332-3 (본지번 : 332) - 토지,36.0816657101374,126.936760081606,,정상가동,99.82,380,60,2022,,,,,2024-09-27
오키성당 태양광발전소,,전북특별자치도 익산시 성당면 장선리 332-4 (본지번 : 332) - 토지,36.0814595842067,126.936728604926,,정상가동,99.82,380,60,2022,,,,,2024-09-27
에스에스 태양광발전소,,전북특별자치도 익산시 성당면 장선리 332-5 (본지번 : 332) - 토지,36.0813325082984,126.936721601235,,정상가동,99.82,380,60,2022,,,,,2024-09-27
써니 태양광발전소,,전북특별자치도 익산시 성당면 장선리 332-6 (본지번 : 332) - 토지,36.081214095304,126.936735796078,,정상가동,99.82,380,60,2022,,,,,2024-09-27
제이티 태양광발전소,,전북특별자치도 익산시 성당면 장선리 332-7 (본지번 : 332) - 토지,36.0810651639184,126.936641878811,,정상가동,99.84,380,60,2022,,,,,2024-09-27
중앙 태양광발전소,,"전북특별자치도 익산시 성당면 장선리 434-1, 650-12, 650-13 (분할전) - 토지",,,,정상가동,99.84,380,60,2022,,,,,2024-09-27
비전 태양광발전소,,"전북특별자치도 익산시 성당면 장선리 650-12, 650-13, 650-14, 650-18 (분할전) - 토지",,,,정상가동,29.76,380,60,2023,,,,,2024-09-27
동현 태양광발전소,,전북특별자치도 익산시 송학동 224-239 - 건물상부,35.9377881609047,126.934605579566,,정상가동,99.76,380,60,2022,,,,,2024-09-27
썬파워 태양광발전소,,전북특별자치도 익산시 송학동 224-240 - 건물상부,35.9374677084331,126.935325521255,,정상가동,99.76,380,60,2022,,,,,2024-09-27
휴플러스 태양광발전소,,전북특별자치도 익산시 신동 743-3 - 건물상부,35.9576779805625,126.958630486201,,정상가동,99.84,380,60,2023,,,,,2024-09-27
마한2호태양광발전소,,전북특별자치도 익산시 신동 87-4 - 건물상부,35.9669629597998,126.96321415877,,정상가동,99.84,380,60,2023,,,,,2024-09-27
현미 태양광발전소,,전북특별자치도 익산시 신용동 59-22 - 건물상부(주1),35.9732661901109,126.959484162138,,정상가동,99.84,380,60,2023,,,,,2024-09-27
경선 태양광발전소,,전북특별자치도 익산시 신용동 963-36 - 토지,35.9788496188069,126.93407110043,,정상가동,99.45,380,60,2022,,,,,2024-09-27
B.S 태양광발전소,,전북특별자치도 익산시 신흥동 740-33 - 건물상부,35.9453404232414,126.983031806046,,정상가동,99.45,380,60,2022,,,,,2024-09-27
장기태양광발전소,,전북특별자치도 익산시 어양동 596-1 - 건물상부,35.9532350724059,126.979826726691,,정상가동,99.45,380,60,2022,,,,,2024-09-27
행복 태양광발전소,,전북특별자치도 익산시 어양동 660-1 - 건물상부,35.9581392199771,126.983048911219,,정상가동,97.92,380,60,2024,,,,,2024-09-27
두여1호태양광발전소,,전북특별자치도 익산시 여산면 두여리 233-14 토지,36.0775666857859,127.07984473483,,정상가동,99.84,380,60,2024,,,,,2024-09-27
JS파크4호발전소,,"전북특별자치도 익산시 여산면 두여리 235-31, 245, 245-2 (분할전) - 토지",,,,정상가동,99.84,380,60,2024,,,,,2024-09-27
쌍용파크3호발전소,,"전북특별자치도 익산시 여산면 두여리 245, 245-2 (분할전) - 토지",,,,정상가동,99.84,380,60,2024,,,,,2024-09-27
쌍용파크4호태양광발전소,,"전북특별자치도 익산시 여산면 두여리 245, 245-2 (분할전) - 토지",,,,정상가동,99.84,380,60,2024,,,,,2024-09-27
쌍용파크2호발전소,,"전북특별자치도 익산시 여산면 두여리 245, 245-2 (분할전) - 토지",,,,정상가동,19.68,380,60,2022,,,,,2024-09-27
JS파크3호발전소,,전북특별자치도 익산시 여산면 두여리 245-2 (분할전) - 토지,,,,정상가동,77.22,380,60,2022,,,,,2024-09-27
해누리파크3호발전소,,전북특별자치도 익산시 여산면 두여리 261-31 (분할전) - 토지,36.0803993088036,127.072480611821,,정상가동,19.89,380,60,2022,,,,,2024-09-27
해누리파크1호발전소,,전북특별자치도 익산시 여산면 두여리 261-31 (분할전) - 토지,36.0803993088036,127.072480611821,,정상가동,99.0,380,60,2022,,,,,2024-09-27
해누리파크2호발전소,,전북특별자치도 익산시 여산면 두여리 261-31 (분할전) - 토지,36.0803993088036,127.072480611821,,정상가동,99.0,380,60,2022,,,,,2024-09-27
용기태양광발전소2호,,"전북특별자치도 익산시 여산면 두여리 576-21, 576-22, 576-56, 576-73, 576-74 - 건물상부(주1)",,,,정상가동,99.76,380,60,2023,,,,,2024-09-27
용기태양광발전소,,"전북특별자치도 익산시 여산면 두여리 576-21, 576-22, 576-56, 576-73, 576-74 - 건물상부(주2)",,,,정상가동,99.76,380,60,2023,,,,,2024-09-27
더존파트너 주식회사 (더존파트너2호 발전소),,"전북특별자치도 익산시 여산면 두여리 592-1, 592-6 - 토지",,,,정상가동,198.24,380,60,2023,,,,,2024-09-27
더존파트너 주식회사 (더존파트너1호 발전소),,전북특별자치도 익산시 여산면 두여리 592-7 - 토지,36.0760299250302,127.074086001477,,정상가동,99.84,380,60,2023,,,,,2024-09-27
승우 태양광발전소,,전북특별자치도 익산시 여산면 두여리 611-1 토지,36.0769895662935,127.078445110538,,정상가동,99.84,380,60,2023,,,,,2024-09-27
송금 태양광발전소,,전북특별자치도 익산시 여산면 두여리 611-2 토지,36.0765030410538,127.078514789887,,정상가동,99.84,380,60,2023,,,,,2024-09-27
벼리1호 태양광발전소,,전북특별자치도 익산시 여산면 두여리 611-25 토지,36.0769189954354,127.078727912454,,정상가동,99.45,220+380,60,2023,,,,,2024-09-27
썬플라워태양광발전소,,전북특별자치도 익산시 여산면 두여리 611-27 토지,36.0765064030794,127.079021473403,,정상가동,99.45,220+380,60,2023,,,,,2024-09-27
해바라기태양광발전소,,전북특별자치도 익산시 여산면 두여리 611-28 토지,36.076456363123,127.078781294392,,정상가동,99.45,220+380,60,2023,,,,,2024-09-27
여산16호 태양광발전소,,전북특별자치도 익산시 여산면 두여리 611-32 토지,36.0764513226838,127.079318165703,,정상가동,99.45,220+380,60,2023,,,,,2024-09-27
이삭태양광발전소,,전북특별자치도 익산시 여산면 두여리 612-1 토지,36.0773045401213,127.0799502698,,정상가동,99.45,220+380,60,2023,,,,,2024-09-27
루하2호 태양광발전소,,전북특별자치도 익산시 여산면 두여리 612-3 토지,36.0772546865165,127.079432210556,,정상가동,99.45,220+380,60,2023,,,,,2024-09-27
코스모스 태양광발전소,,전북특별자치도 익산시 여산면 두여리 612-4 토지,36.0770910814255,127.079346451521,,정상가동,25.5,220+380,60,2023,,,,,2024-09-27
자연2호태양광발전소,,전북특별자치도 익산시 여산면 두여리 612-5 토지,36.0769635913045,127.079296920734,,정상가동,99.88,380,60,2022,,,,,2024-09-27
정훈 태양광발전소,,전북특별자치도 익산시 여산면 두여리 612-6 토지,36.0768570164595,127.079373082542,,정상가동,99.84,380,60,2022,,,,,2024-09-27
썬라이트 태양광발전소,,전북특별자치도 익산시 여산면 두여리 612-7 토지,36.0766699957036,127.079534979306,,정상가동,99.84,380,60,2022,,,,,2024-09-27
벼리2호 태양광발전소,,전북특별자치도 익산시 여산면 두여리 612-9 토지,36.0764315632086,127.080030206232,,정상가동,99.84,380,60,2022,,,,,2024-09-27
솔라김태양광발전소,,전북특별자치도 익산시 여산면 두여리 613-28 토지,36.0770639834973,127.079981000176,,정상가동,99.84,380,60,2022,,,,,2024-09-27
써니윤 태양광발전소,,전북특별자치도 익산시 여산면 두여리 613-29 토지,36.0768116801397,127.080057901587,,정상가동,99.84,380,60,2022,,,,,2024-09-27
미래2호 태양광발전소,,전북특별자치도 익산시 여산면 두여리 615-40 토지,36.0766741252806,127.080100392664,,정상가동,14.55,380,60,2022,,,,,2024-09-27
한빛2호태양광발전소,,전북특별자치도 익산시 여산면 두여리 615-41 토지,36.0764332429024,127.08034838147,,정상가동,38.88,380,60,2024,,,,,2024-09-27
두여리1호 태양광발전소,,"전북특별자치도 익산시 여산면 두여리 618-13, 618-78, 618-81, 618-84 - 토지",,,,정상가동,64.26,380,60,2023,,,,,2024-09-27
아이파크 태양광발전소,,"전북특별자치도 익산시 여산면 두여리 618-82, 618-85, 621-7 - 토지",,,,정상가동,99.36,380,60,2023,,,,,2024-09-27
해와달 태양광발전소,,"전북특별자치도 익산시 여산면 두여리 618-86, 621-6 - 토지",,,,정상가동,99.36,380,60,2023,,,,,2024-09-27
원 태양광발전소,,"전북특별자치도 익산시 여산면 두여리 618-87, 621-5 - 토지",,,,정상가동,99.36,380,60,2023,,,,,2024-09-27
양요 태양광발전소,,전북특별자치도 익산시 여산면 두여리 621-1 - 토지,36.0754690106854,127.082230440964,,정상가동,99.36,380,60,2023,,,,,2024-09-27
유한회사 감물(감물4호 태양광발전소),,전북특별자치도 익산시 여산면 두여리 621-2 - 토지,36.0755217929117,127.082404456893,,정상가동,99.36,380,60,2023,,,,,2024-09-27
해비치 태양광발전소,,전북특별자치도 익산시 여산면 두여리 621-3 - 토지,36.0754911778525,127.082627787657,,정상가동,99.36,380,60,2023,,,,,2024-09-27
청광2호 태양광발전소,,전북특별자치도 익산시 여산면 두여리 621-4 - 토지,36.0754384393079,127.082913485577,,정상가동,29.92,380,60,2024,,,,,2024-09-27
대경포태양광,,"전북특별자치도 익산시 여산면 두여리 625, 625-1, 625-2 (분할전) - 토지",,,,정상가동,99.9,380,60,2024,,,,,2024-09-27
대경쓰리태양광,,"전북특별자치도 익산시 여산면 두여리 625-1, 625-2 (분할전) - 토지",,,,정상가동,99.9,380,60,2024,,,,,2024-09-27
주식회사 은성식품 1호 태양광발전소,전북특별자치도 익산시 여산면 수은길 129 - 건물상부(주1),,36.0828121347012,127.070998081559,,정상가동,99.9,380,60,2024,,,,,2024-09-27
우리 태양광발전소,,전북특별자치도 익산시 여산면 원수리 103-30 (분할전) - 토지,36.03962087381,127.100696659902,,정상가동,99.9,380,60,2024,,,,,2024-09-27
기원 태양광발전소,,전북특별자치도 익산시 여산면 원수리 103-30 (분할전) - 토지,36.03962087381,127.100696659902,,정상가동,99.9,380,60,2024,,,,,2024-09-27
태경 태양광발전소,,전북특별자치도 익산시 여산면 원수리 465-25 - 건물상부(제3동),36.0405181968026,127.096232414127,,정상가동,99.9,380,60,2024,,,,,2024-09-27
해동 태양광발전소,,전북특별자치도 익산시 여산면 원수리 740-158 토지,36.0239800423957,127.096543908238,,정상가동,99.9,380,60,2024,,,,,2024-09-27
동해 태양광발전소,,전북특별자치도 익산시 여산면 원수리 740-41 토지,36.0242655083726,127.09659806401,,정상가동,99.0,380,60,2023,,,,,2024-09-27
한빛태양광,,전북특별자치도 익산시 여산면 태성리 1154-1 - 토지,36.0600523078228,127.100466068004,,정상가동,199.5,380,60,2024,,,,,2024-09-27
언니해태양광,,"전북특별자치도 익산시 여산면 태성리 1155-2, 1156 토지",,,,정상가동,99.84,380,60,2022,,,,,2024-09-27
동생해태양광,,"전북특별자치도 익산시 여산면 태성리 1155-7, 1155-11 토지",,,,정상가동,99.84,380,60,2022,,,,,2024-09-27
여산3호태양광발전소,,전북특별자치도 익산시 여산면 태성리 231-1 토지,36.0615744988921,127.11222411092,,정상가동,99.9,380,60,2024,,,,,2024-09-27
태성 태양광발전소,,전북특별자치도 익산시 여산면 태성리 472 - 토지,36.0634068836782,127.109378719915,,정상가동,99.9,380,60,2024,,,,,2024-09-27
선일 태양광발전소,,전북특별자치도 익산시 여산면 태성리 474 - 토지,36.0625424366078,127.109765680091,,정상가동,99.9,380,60,2024,,,,,2024-09-27
창현 태양광발전소,,전북특별자치도 익산시 여산면 태성리 474-4 (본지번 : 474) - 토지,36.0624504135743,127.110069350817,,정상가동,69.3,380,60,2024,,,,,2024-09-27
세실솔라태양광,,"전북특별자치도 익산시 여산면 태성리 747-2, 748-1 토지",,,,정상가동,99.84,3680,60,2023,,,,,2024-09-27
영광2호태양광,,"전북특별자치도 익산시 여산면 태성리 747-3, 748, 1155-4 토지",,,,정상가동,99.84,380,60,2023,,,,,2024-09-27
영광1호태양광,,"전북특별자치도 익산시 여산면 태성리 747-4, 748-4, 1155-1, 1155-10 토지",,,,정상가동,99.84,380,60,2023,,,,,2024-09-27
(주)은성푸드태양광발전소2호,,전북특별자치도 익산시 여산면 호산리 345-1 - 건물상부(주1),36.0438396893175,127.099193383663,,정상가동,99.84,380,60,2023,,,,,2024-09-27
동신 태양광발전소,,전북특별자치도 익산시 영등동 538-14 - 건물상부,35.948906198699,126.963325499138,,정상가동,499.0,380,60,2023,,,,,2024-09-27
정동 태양광발전소,,전북특별자치도 익산시 영등동 761 - 건물상부,35.953711615987,126.971641947312,,정상가동,299.0,380,60,2023,,,,,2024-09-27
영등 태양광발전소,,전북특별자치도 익산시 영등동 844-6 - 건물상부,35.9590889320316,126.977964806258,,정상가동,99.84,220+380,60,2022,,,,,2024-09-27
원불교신석교당 태양광발전소,전북특별자치도 익산시 오산면 신석1길 2 - 건물상부,,35.9326205092641,126.879433527816,,정상가동,99.76,380,60,2022,,,,,2024-09-27
은성7호 태양광발전소,,전북특별자치도 익산시 오산면 영만리 460-23 - 건물상부(주5),35.9731957140734,126.906999343243,,정상가동,180.96,380,60,2023,,,,,2024-09-27
미영 태양광발전소,,전북특별자치도 익산시 오산면 영만리 951-8 - 건물상부(제1동),35.9588098838628,126.905168867205,,정상가동,29.84,380,60,2022,,,,,2024-09-27
삼열 태양광발전소,,"전북특별자치도 익산시 오산면 영만리 951-8 - 건물상부(제2동, 제4동)",35.9588098838628,126.905168867205,,정상가동,29.84,380,60,2022,,,,,2024-09-27
효순 태양광발전소,,전북특별자치도 익산시 오산면 영만리 951-8 - 건물상부(제3동),35.9588098838628,126.905168867205,,정상가동,19.14,380,60,2023,,,,,2024-09-27
오은재윤 태양광발전소,,"전북특별자치도 익산시 오산면 오산리 134-6, 134-7 - 건물상부",,,,정상가동,88.5,380,60,2024,,,,,2024-09-27
주하 태양광발전소,,"전북특별자치도 익산시 오산면 오산리 226-2 - 건물상부(제1동, 제2동)",35.9287592857018,126.908602966797,,정상가동,99.84,380,60,2024,,,,,2024-09-27
일등태양광발전소,,"전북특별자치도 익산시 오산면 오산리 304-4 - 건물상부(1동 주1, 2동 주1)",35.9373510372422,126.913365948663,,정상가동,99.84,380,60,2024,,,,,2024-09-27
E밝은세상발전소,,전북특별자치도 익산시 오산면 장신리 702-5 - 건물상부,35.9430524008103,126.914769812955,,정상가동,99.84,380,60,2024,,,,,2024-09-27
예진 태양광발전소,,"전북특별자치도 익산시 오산면 장신리 760-1, 760-6, 760-11 (건물상부 주2, 주3)",,,,정상가동,99.84,380,60,2024,,,,,2024-09-27
신양1호 태양광발전소,,전북특별자치도 익산시 오산면 장신리 826-1 - 건물상부(제1동),35.9493151427472,126.916976088199,,정상가동,99.84,380,60,2024,,,,,2024-09-27
신양2호 태양광발전소,,전북특별자치도 익산시 오산면 장신리 826-1 - 건물상부(제2동),35.9493151427472,126.916976088199,,정상가동,99.84,380,60,2024,,,,,2024-09-27
오성태양광,,전북특별자치도 익산시 오산면 장신리 842 - 건물상부(제1동),35.951188007888,126.916063679961,,정상가동,99.84,380,60,2024,,,,,2024-09-27
헬리오스,,전북특별자치도 익산시 오산면 장신리 842-8 - 건물상부(주건축물제2동),35.9508238153165,126.91580469823,,정상가동,99.84,380,60,2024,,,,,2024-09-27
현대에너지발전소,,"전북특별자치도 익산시 오산면 장신리 880-8, 880-12 - 건물상부",,,,정상가동,99.84,380,60,2024,,,,,2024-09-27
장신리1호 태양광발전소,,전북특별자치도 익산시 오산면 장신리 885-62 - 건물상부,35.9523310326774,126.91629479713,,정상가동,99.84,380,60,2024,,,,,2024-09-27
이탄2호태양광발전소,,전북특별자치도 익산시 왕궁면 구덕리 288-4 - 토지,35.9501768818977,127.081353129311,,정상가동,297.0,380,60,2022,,,,,2024-09-27
이탄1호태양광발전소,,"전북특별자치도 익산시 왕궁면 구덕리 288-4, 288-43, 288-44 - 토지",,,,정상가동,95.06,380,60,2022,,,,,2024-09-27
비니3호 태양광,,전북특별자치도 익산시 왕궁면 구덕리 78 - 토지,35.9319380309798,127.088797887598,,정상가동,99.91,380,60,2022,,,,,2024-09-27
강지안 태양광,,전북특별자치도 익산시 왕궁면 구덕리 78-15 - 토지,35.9316237370839,127.088960432386,,정상가동,99.0,220+380,60,2022,,,,,2024-09-27
엘림1호 태양광,,전북특별자치도 익산시 왕궁면 구덕리 78-16 - 토지,35.9314170169744,127.089169416658,,정상가동,29.1,380,60,2022,,,,,2024-09-27
경영2호태양광,,전북특별자치도 익산시 왕궁면 구덕리 78-17 - 토지,35.9312433122611,127.089337768543,,정상가동,35.38,380,60,2022,,,,,2024-09-27
명숙 태양광,,전북특별자치도 익산시 왕궁면 구덕리 78-18 - 토지,35.9309861414592,127.089520431289,,정상가동,99.84,380,60,2023,,,,,2024-09-27
이탄3호태양광발전소,,전북특별자치도 익산시 왕궁면 구덕리 288-44 - 토지,35.9499532648311,127.081248378536,,정상가동,99.84,380,60,2023,,,,,2024-09-27
그린3호태양광발전소,"전북특별자치도 익산시 왕궁면 구봉길 74(부1, 주2), 구봉길 76(부1) - 건물상부",,,,,정상가동,69.84,380,60,2022,,,,,2024-09-27
현웅발전소,,"전북특별자치도 익산시 왕궁면 동봉리 488-39, 488-42 토지",,,,정상가동,99.84,380,60,2023,,,,,2024-09-27
동봉발전소1호,,전북특별자치도 익산시 왕궁면 동봉리 488-41 토지,36.0136763740838,127.096081970305,,정상가동,99.84,380,60,2023,,,,,2024-09-27
왕궁용산발전소,,전북특별자치도 익산시 왕궁면 동봉리 488-6 토지,36.0139249132918,127.096219823717,,정상가동,99.84,380,60,2023,,,,,2024-09-27
부용발전소,,"전북특별자치도 익산시 왕궁면 동봉리 62, 63, 65 - 토지",,,,정상가동,99.45,380,60,2024,,,,,2024-09-27
덕용발전소,,"전북특별자치도 익산시 왕궁면 동봉리 65-1,64-1,63-1,62-1 - 토지",,,,정상가동,99.45,380,60,2024,,,,,2024-09-27
태양12호태양광발전소,,전북특별자치도 익산시 왕궁면 발산리 10 토지,35.9637949803408,127.074115050748,,정상가동,74.88,380,60,2023,,,,,2024-09-27
태양7호태양광발전소,,전북특별자치도 익산시 왕궁면 발산리 2-11 토지,35.9634174218593,127.073870477354,,정상가동,99.6,380,60,2023,,,,,2024-09-27
태양6호태양광발전소,,전북특별자치도 익산시 왕궁면 발산리 2-12 토지,35.9631093273963,127.073660114962,,정상가동,99.6,380,60,2023,,,,,2024-09-27
솔마루 태양광발전소,,전북특별자치도 익산시 왕궁면 발산리 2-18 토지,35.9646365787887,127.074806605179,,정상가동,99.76,380,60,2022,,,,,2024-09-27
남양GG에너지,,전북특별자치도 익산시 왕궁면 발산리 2-23 토지,35.9642376322715,127.074755344464,,정상가동,99.84,380,60,2023,,,,,2024-09-27
영광태양광발전소,,전북특별자치도 익산시 왕궁면 발산리 2-25 토지,35.964147142549,127.074763906192,,정상가동,99.84,220+380,60,2022,,,,,2024-09-27
재광태양광발전소,,전북특별자치도 익산시 왕궁면 발산리 2-27 토지,35.9640545765224,127.074778008898,,정상가동,99.84,220+380,60,2022,,,,,2024-09-27
왕궁한빛태양광발전소,,전북특별자치도 익산시 왕궁면 발산리 2-4 - 토지,35.9643505597205,127.074751792539,,정상가동,99.84,220+380,60,2022,,,,,2024-09-27
태양5호태양광발전소,,전북특별자치도 익산시 왕궁면 발산리 2-5 토지,35.9649052367019,127.075097423337,,정상가동,99.76,220+380,60,2022,,,,,2024-09-27
동규태양광발전소,,전북특별자치도 익산시 왕궁면 발산리 250-3 - 건물상부,35.9527844029677,127.06400394425,,정상가동,99.84,380,60,2022,,,,,2024-09-27
다올 태양광발전소,,전북특별자치도 익산시 왕궁면 발산리 2-6 토지,35.9648499825986,127.074966334274,,정상가동,99.84,380,60,2022,,,,,2024-09-27
태상1호 태양광발전소,,전북특별자치도 익산시 왕궁면 발산리 2-7 토지,35.9647347664749,127.074882526049,,정상가동,99.84,380,60,2022,,,,,2024-09-27
금아 태양광발전소,,전북특별자치도 익산시 왕궁면 발산리 2-8 - 토지,35.9648046712848,127.074353124085,,정상가동,60.3,380,60,2023,,,,,2024-09-27
메트로3호태양광발전소,,전북특별자치도 익산시 왕궁면 발산리 2-9 - 토지,35.9642899527045,127.074241560425,,정상가동,99.9,380,60,2023,,,,,2024-09-27
발산 태양광발전소,,전북특별자치도 익산시 왕궁면 발산리 310-9 - 건물상부,35.9509246042399,127.060704156211,,정상가동,99.9,380,60,2023,,,,,2024-09-27
발산4호태양광발전소,,전북특별자치도 익산시 왕궁면 발산리 68 -12- 토지,35.959362823174,127.06841918676,,정상가동,91.56,380,60,2022,,,,,2024-09-27
발산1호태양광발전소,,"전북특별자치도 익산시 왕궁면 발산리 68 -3,72-37- 토지",,,,정상가동,91.56,380,60,2022,,,,,2024-09-27
써니2호태양광발전소,,전북특별자치도 익산시 왕궁면 발산리 68 -7 - 토지,35.9602156233594,127.068809462271,,정상가동,99.19,380,60,2022,,,,,2024-09-27
발산3호태양광발전소,,전북특별자치도 익산시 왕궁면 발산리 68-11 - 토지,35.9594872511218,127.068477491745,,정상가동,99.19,380,60,2022,,,,,2024-09-27
발산5호태양광발전소,,전북특별자치도 익산시 왕궁면 발산리 68-13 - 토지,35.9592419203191,127.068342816061,,정상가동,99.45,380,60,2022,,,,,2024-09-27
경주3호태양광발전소,,전북특별자치도 익산시 왕궁면 발산리 68-8 - 토지,35.9598989903511,127.068700218845,,정상가동,99.45,380,60,2022,,,,,2024-09-27
코리안 태양광발전소,,"전북특별자치도 익산시 왕궁면 발산리 77-1, 77-6, 77-9 - 토지",,,,정상가동,99.45,380,60,2022,,,,,2024-09-27
발산2호 태양광발전소,,"전북특별자치도 익산시 왕궁면 발산리 77-3, 77-5, 78-38, 78-41 - 토지",,,,정상가동,99.45,380,60,2024,,,,,2024-09-27
발산1호 태양광발전소,,"전북특별자치도 익산시 왕궁면 발산리 77-4, 78-37, 78-40 - 토지",,,,정상가동,99.45,380,60,2022,,,,,2024-09-27
가인태양광발전소,,"전북특별자치도 익산시 왕궁면 발산리 77-8, 77-10 - 토지",,,,정상가동,49.73,380,60,2022,,,,,2024-09-27
행복태양광발전소,,"전북특별자치도 익산시 왕궁면 발산리 78, 78-2 - 토지",,,,정상가동,99.84,380,60,2024,,,,,2024-09-27
이상태양광발전소,,"전북특별자치도 익산시 왕궁면 발산리 78-26, 78-32, 78-33 - 토지",,,,정상가동,99.84,380,60,2024,,,,,2024-09-27
에스텍태양광발전소,,"전북특별자치도 익산시 왕궁면 발산리 78-27, 78-31, 78-34 - 토지",,,,정상가동,99.84,380,60,2024,,,,,2024-09-27
한진태양광발전소,,"전북특별자치도 익산시 왕궁면 발산리 78-28, 78-30,78-35 - 토지",,,,정상가동,99.84,380,60,2024,,,,,2024-09-27
태양1호태양광발전소,,전북특별자치도 익산시 왕궁면 발산리 8-3 - 토지,35.9634443847175,127.074428341058,,정상가동,99.84,380,60,2024,,,,,2024-09-27
성순태양광발전소,,전북특별자치도 익산시 왕궁면 발산리2-29 토지,35.9639851877251,127.074767411874,,정상가동,497.64,380,60,2022,,,,,2024-09-27
남국 태양광발전소,,"전북특별자치도 익산시 왕궁면 쌍제리 152, 152-10 토지",,,,정상가동,99.84,380,60,2023,,,,,2024-09-27
그린태양광발전소,,전북특별자치도 익산시 왕궁면 쌍제리 152-1 (분할전) - 토지,35.9373778727712,127.070562036449,,정상가동,99.84,380,60,2023,,,,,2024-09-27
쌍제 태양광발전소,,전북특별자치도 익산시 왕궁면 쌍제리 152-12 토지,35.9368923927542,127.070987379791,,정상가동,99.84,380,60,2023,,,,,2024-09-27
미소 태양광발전소,,전북특별자치도 익산시 왕궁면 쌍제리 152-2 토지,35.9371748255545,127.070403713654,,정상가동,99.84,380,60,2023,,,,,2024-09-27
그린2호 태양광발전소,,전북특별자치도 익산시 왕궁면 쌍제리 152-7 토지,35.9373945226609,127.070907150464,,정상가동,99.84,380,60,2023,,,,,2024-09-27
오룡 태양광발전소,,"전북특별자치도 익산시 왕궁면 쌍제리 269-8, 286-7 - 토지",,,,정상가동,99.9,380,60,2024,,,,,2024-09-27
천광2 태양광발전소,,"전북특별자치도 익산시 왕궁면 쌍제리 478, 480-2 (본지번 : 478, 480) - 토지",,,,정상가동,19.72,220+380,60,2022,,,,,2024-09-27
천광3 태양광발전소,,"전북특별자치도 익산시 왕궁면 쌍제리 478-1, 480-3 (본지번 : 478, 480) - 토지",,,,정상가동,99.84,380,60,2022,,,,,2024-09-27
천광1 태양광발전소,,전북특별자치도 익산시 왕궁면 쌍제리 480-1 (본지번 : 480) - 토지,35.9398857718902,127.055428740092,,정상가동,99.84,380,60,2022,,,,,2024-09-27
윤우석 태양광발전소,,전북특별자치도 익산시 왕궁면 쌍제리 51-3 토지,35.9409952450469,127.067649729337,,정상가동,56.84,380,60,2022,,,,,2024-09-27
대원2호태양광발전소,,전북특별자치도 익산시 왕궁면 쌍제리 541-10 (분할전) - 토지,35.9328071674148,127.057847997197,,정상가동,299.28,380,60,2022,,,,,2024-09-27
㈜대원농산(대원3호태양광발전소),,전북특별자치도 익산시 왕궁면 쌍제리 541-10 (분할전) - 토지,35.9328071674148,127.057847997197,,정상가동,99.51,380,60,2024,,,,,2024-09-27
온니원 태양광발전소,,전북특별자치도 익산시 왕궁면 쌍제리 산66-4 (분할전) - 토지,35.9312435372871,127.055106446018,,정상가동,99.68,380,60,2022,,,,,2024-09-27
쥬시터클 태양광발전소,,전북특별자치도 익산시 왕궁면 쌍제리 산66-4 (분할전) - 토지,35.9312435372871,127.055106446018,,정상가동,14.88,380,60,2023,,,,,2024-09-27
온수발전소,,"전북특별자치도 익산시 왕궁면 온수리 444-12, 444-46 토지",,,,정상가동,19.72,380,60,2023,,,,,2024-09-27
봉심발전소,,"전북특별자치도 익산시 왕궁면 온수리 444-9, 444-14 토지",,,,정상가동,19.72,380,60,2023,,,,,2024-09-27
왕궁 태양광,,전북특별자치도 익산시 왕궁면 왕궁리 16-10 - 건물상부,35.9819573422627,127.067247013632,,정상가동,99.91,380,60,2022,,,,,2024-09-27
임하1호 태양광,,전북특별자치도 익산시 왕궁면 왕궁리 5-16 - 토지,35.984991912885,127.070511258713,,정상가동,99.91,380,60,2022,,,,,2024-09-27
임하2호 태양광,,전북특별자치도 익산시 왕궁면 왕궁리 5-41 - 토지,35.9847731844275,127.070814786493,,정상가동,29.9,380,60,2022,,,,,2024-09-27
임하3호 태양광,,전북특별자치도 익산시 왕궁면 왕궁리 5-42 - 토지,35.9844880413096,127.071106166247,,정상가동,29.9,380,60,2022,,,,,2024-09-27
권동님 태양광발전소,전북특별자치도 익산시 왕궁면 후암길 13-7 - 건물상부,,35.966703014048,127.084471243028,,정상가동,29.44,380,60,2022,,,,,2024-09-27
종일태양광발전소,,전북특별자치도 익산시 왕궁면 흥암리 240-2 - 토지,35.9518254394478,127.094161723387,,정상가동,29.44,380,60,2022,,,,,2024-09-27
화선태양광발전소,,전북특별자치도 익산시 왕궁면 흥암리 240-8 - 토지,35.9515120422285,127.093977465383,,정상가동,29.44,380,60,2022,,,,,2024-09-27
흥암1호 태양광발전소,,"전북특별자치도 익산시 왕궁면 흥암리 670-3, 673-3",,,,정상가동,99.84,380,60,2023,,,,,2024-09-27
흥암2호 태양광발전소,,전북특별자치도 익산시 왕궁면 흥암리 673-5,35.9558641210387,127.083639539689,,정상가동,99.84,380,60,2022,,,,,2024-09-27
흥암3호 태양광발전소,,전북특별자치도 익산시 왕궁면 흥암리 673-6,35.9556846303923,127.083716611086,,정상가동,99.84,380,60,2022,,,,,2024-09-27
평화태양광발전소,,전북특별자치도 익산시 왕궁면 흥암리 681-129 - 건물상부,35.9529915658359,127.082119505908,,정상가동,99.84,380,60,2022,,,,,2024-09-27
익산흥암1호 태양광,,전북특별자치도 익산시 왕궁면 흥암리 955-3 토지,35.9561207731986,127.102705661845,,정상가동,99.84,380,60,2022,,,,,2024-09-27
용동대조5호태양광발전소,,"전북특별자치도 익산시 용동면 대조리 15-1, 15-2, 15-6, 21-56 - 토지",,,,정상가동,99.84,380,60,2022,,,,,2024-09-27
용동대조1호태양광발전소,,전북특별자치도 익산시 용동면 대조리 15-10 - 토지,36.1072469717451,127.017713175386,,정상가동,99.12,220+380,60,2023,,,,,2024-09-27
용동대조4호태양광발전소,,"전북특별자치도 익산시 용동면 대조리 15-3, 15-7, 21-57 - 토지",,,,정상가동,99.12,220+380,60,2023,,,,,2024-09-27
용동대조3호태양광발전소,,"전북특별자치도 익산시 용동면 대조리 15-4, 15-8 - 토지",,,,정상가동,99.12,220+380,60,2023,,,,,2024-09-27
용동대조2호 태양광발전소,,"전북특별자치도 익산시 용동면 대조리 15-5, 15-9 - 토지",,,,정상가동,99.84,380,60,2023,,,,,2024-09-27
대조리7호 태양광발전소,,"전북특별자치도 익산시 용동면 대조리 309-55, 320-16, 898-10, 898-22 (본지번 : 309-55, 320, 898-10, 898-12, ) - 토지",,,,정상가동,99.84,380,60,2023,,,,,2024-09-27
대조리6호 태양광발전소,,"전북특별자치도 익산시 용동면 대조리 309-59, 320-15, 898-18, 898-21 (본지번 : 309-55, 320, 898-10, 898-12, ) - 토지",,,,정상가동,99.84,380,60,2023,,,,,2024-09-27
대조리3호 태양광발전소,,"전북특별자치도 익산시 용동면 대조리 309-63, 897-12, 897-13, 897-41, 897-43 - 토지",,,,정상가동,99.18,380,60,2023,,,,,2024-09-27
대조리1호 태양광발전소,,전북특별자치도 익산시 용동면 대조리 320(본지번 : 320) - 토지,36.1151141807746,127.008235362149,,정상가동,91.2,380,60,2022,,,,,2024-09-27
대조리2호 태양광발전소,,전북특별자치도 익산시 용동면 대조리 320-11 (본지번 : 320) - 토지,36.1152320363235,127.008571253776,,정상가동,91.2,380,60,2022,,,,,2024-09-27
대조리3호 태양광발전소,,전북특별자치도 익산시 용동면 대조리 320-12 (본지번 : 320) - 토지,36.1152697749997,127.008877370262,,정상가동,97.2,380,60,2023,,,,,2024-09-27
대조리4호 태양광발전소,,전북특별자치도 익산시 용동면 대조리 320-13 (본지번 : 320) - 토지,36.115134657565,127.009209790758,,정상가동,97.2,380,60,2023,,,,,2024-09-27
대조리5호 태양광발전소,,전북특별자치도 익산시 용동면 대조리 320-14 (본지번 : 320) - 토지,36.1150813699583,127.009538443601,,정상가동,97.2,380,60,2023,,,,,2024-09-27
경선2호태양광발전소,,전북특별자치도 익산시 용동면 대조리 388 (분할전) - 토지,36.1118217552967,127.010655599576,,정상가동,97.2,380,60,2023,,,,,2024-09-27
전진1호태양광발전소,,"전북특별자치도 익산시 용동면 대조리 897-26, 309-15, 309-36(분할전) - 토지",,,,정상가동,19.72,220+380,60,2022,,,,,2024-09-27
대조리4호 태양광발전소,,"전북특별자치도 익산시 용동면 대조리 897-4, 309-13 - 토지",,,,정상가동,99.76,380,60,2024,,,,,2024-09-27
대조리8호 태양광발전소,,"전북특별자치도 익산시 용동면 대조리 898-12, 898-19 (본지번 : 898-12, 898-10) - 토지",,,,정상가동,99.76,380,60,2024,,,,,2024-09-27
대조리9호 태양광발전소,,전북특별자치도 익산시 용동면 대조리 898-23 (본지번 : 898-12) - 토지,36.1152340341997,127.010630736311,,정상가동,50.46,380,60,2023,,,,,2024-09-27
천광4호 태양광발전소,,"전북특별자치도 익산시 용동면 대조리 944-4, 944-5, 944-6, 944-7 - 토지",,,,정상가동,20.0,220+380,60,2022,,,,,2024-09-27
제이에이치 태양광발전소,,전북특별자치도 익산시 용동면 대조리 946-43 토지,36.1083415748024,127.010078387132,,정상가동,91.2,380,60,2022,,,,,2024-09-27
대현2호태양광,,전북특별자치도 익산시 용동면 대조리 946-49 - 토지,36.1076768715503,127.009656049945,,정상가동,91.2,380,60,2022,,,,,2024-09-27
제이발전소,,전북특별자치도 익산시 용동면 대조리 946-81 토지,36.108141414871,127.010072808501,,정상가동,99.76,380,60,2022,,,,,2024-09-27
제이에이치발전소,,전북특별자치도 익산시 용동면 대조리 946-82 토지,36.1077204380467,127.01028610222,,정상가동,99.76,380,60,2022,,,,,2024-09-27
엠케이태양광,,전북특별자치도 익산시 용동면 대조리 946-84 - 토지,36.1075003091151,127.009827172286,,정상가동,99.84,380,60,2023,,,,,2024-09-27
노지태양광발전소,,전북특별자치도 익산시 용동면 용성리 20-3 - 토지,36.1148513145248,126.990782578451,,정상가동,99.84,380,60,2023,,,,,2024-09-27
화배리준환 태양광발전소,,전북특별자치도 익산시 용동면 화배리 15-4 (분할전) - 토지,36.0920739394894,127.015953250382,,정상가동,71.34,380,60,2023,,,,,2024-09-27
삼성 태양광발전소,,전북특별자치도 익산시 용동면 화배리 278-12 - 토지,36.0943765602708,127.003983293266,,정상가동,19.72,220+380,60,2022,,,,,2024-09-27
큰해2호 태양광발전소,,전북특별자치도 익산시 용동면 화배리 286-6 (원지번 : 286-1) - 토지,36.0934811676829,127.004823714316,,정상가동,19.72,220+380,60,2023,,,,,2024-09-27
온누리태양광발전소,,전북특별자치도 익산시 용동면 화배리 32 - 토지,36.0914305843582,127.015057379198,,정상가동,17.98,380,60,2022,,,,,2024-09-27
삼환태양광발전소,,전북특별자치도 익산시 용동면 화배리 32-18 - 토지,36.0912778022336,127.01525766169,,정상가동,19.72,220+380,60,2022,,,,,2024-09-27
훈민정음태양광발전소,,전북특별자치도 익산시 용동면 화배리 32-19 - 토지,36.0911817247445,127.015315937732,,정상가동,160.0,380,60,2023,,,,,2024-09-27
신세계3호태양광발전소,,전북특별자치도 익산시 용동면 화배리 32-20 - 토지,36.0910801451054,127.015410632767,,정상가동,29.44,380,60,2022,,,,,2024-09-27
영생태양광발전소,,전북특별자치도 익산시 용동면 화배리 32-21 - 토지,36.0910051523434,127.015497893294,,정상가동,49.68,380,60,2022,,,,,2024-09-27
가족2호 태양광발전소,,"전북특별자치도 익산시 용동면 화배리 457, 458 (분할전) - 토지",,,,정상가동,79.68,380,60,2022,,,,,2024-09-27
가족1호 태양광발전소,,전북특별자치도 익산시 용동면 화배리 458 (분할전) - 토지,36.0854201993625,126.998433821344,,정상가동,99.19,380,60,2023,,,,,2024-09-27
창원1호 태양광발전소,,전북특별자치도 익산시 용동면 화배리 461-1 (분할전) - 토지,36.0861100030524,126.999512133196,,정상가동,99.19,380,60,2023,,,,,2024-09-27
창원2호 태양광발전소,,전북특별자치도 익산시 용동면 화배리 461-4 - 토지,36.0860835960872,126.999275750091,,정상가동,99.19,380,60,2023,,,,,2024-09-27
칠백 태양광발전소,,전북특별자치도 익산시 용동면 화배리 462-4 토지,36.0855717933256,126.999375570277,,정상가동,99.19,380,60,2023,,,,,2024-09-27
재민태양광발전소,,전북특별자치도 익산시 용동면 화배리 462-5 토지,36.0853930807208,126.999286193171,,정상가동,99.19,380,60,2023,,,,,2024-09-27
다원 태양광발전소,,전북특별자치도 익산시 용동면 화배리 462-6 토지,36.085261683027,126.999341708875,,정상가동,99.19,380,60,2023,,,,,2024-09-27
만년 태양광발전소,,전북특별자치도 익산시 용동면 화배리 462-7 토지,36.0851651629955,126.999492153833,,정상가동,99.36,380,60,2022,,,,,2024-09-27
썬샤인쏠라 태양광발전소,,전북특별자치도 익산시 용동면 화배리 463-1 (본지번 : 463-1) - 토지,36.0861447908633,127.000270580775,,정상가동,28.8,220+380,60,2022,,,,,2024-09-27
해고은 태양광발전소,,전북특별자치도 익산시 용동면 화배리 463-11 - 토지,36.0861361380346,127.000582242687,,정상가동,74.24,380,60,2022,,,,,2024-09-27
햇빛찬 태양광발전소,,전북특별자치도 익산시 용동면 화배리 463-12 - 토지,36.0862064304078,127.001010931424,,정상가동,99.76,380,60,2022,,,,,2024-09-27
에이스2호태양광발전소,,전북특별자치도 익산시 용동면 화배리 516-26 - 토지,36.091791541179,127.014911654873,,정상가동,99.76,380,60,2022,,,,,2024-09-27
제이제이솔라1호 태양광발전소,,전북특별자치도 익산시 용동면 화배리 516-29 - 토지,36.0916813466856,127.015428405181,,정상가동,273.12,380,60,2022,,,,,2024-09-27
재이든 태양광발전소,,전북특별자치도 익산시 용동면 화배리 516-30 - 토지,36.0915035197405,127.015554065225,,정상가동,99.9,380,60,2023,,,,,2024-09-27
제이제이솔라2호 태양광발전소,,전북특별자치도 익산시 용동면 화배리 516-4 (분할전) - 토지,36.0918655677406,127.015337278727,,정상가동,198.38,380,60,2023,,,,,2024-09-27
재현 태양광발전소,,전북특별자치도 익산시 용동면 화배리 516-6 - 토지,36.0918243654422,127.014751210789,,정상가동,99.12,380,60,2023,,,,,2024-09-27
성운-1 태양광발전소,,"전북특별자치도 익산시 용동면 화배리 532-12, 533-1 - 토지",,,,정상가동,99.12,380,60,2023,,,,,2024-09-27
드림 태양광발전소,,전북특별자치도 익산시 용동면 화배리 592-22 - 토지,36.0956580452703,127.005256473423,,정상가동,99.12,380,60,2023,,,,,2024-09-27
해나1호태양광발전소,,"전북특별자치도 익산시 용동면 화배리 592-50, 592-54 토지",,,,정상가동,21.46,380,60,2023,,,,,2024-09-27
미화1 태양광발전소,,전북특별자치도 익산시 용동면 화배리 592-58 - 토지,36.09517930698,127.005491519529,,정상가동,22.62,380,60,2023,,,,,2024-09-27
화배리4호 태양광발전소,,전북특별자치도 익산시 용동면 화배리 80 (분할전) - 토지,36.0856065356739,127.008713596404,,정상가동,19.72,220,60,2022,,,,,2024-09-27
동광2호 태양광발전소,,전북특별자치도 익산시 용동면 화배리 80 (분할전) - 토지,36.0856065356739,127.008713596404,,정상가동,78.3,380,60,2022,,,,,2024-09-27
한덕 태양광발전소,,전북특별자치도 익산시 용동면 화배리 80 (분할전) - 토지,36.0856065356739,127.008713596404,,정상가동,99.76,380,60,2022,,,,,2024-09-27
동광1호 태양광발전소,,전북특별자치도 익산시 용동면 화배리 80 (분할전) - 토지,36.0856065356739,127.008713596404,,정상가동,74.82,380,60,2023,,,,,2024-09-27
세진 태양광발전소,,전북특별자치도 익산시 용동면 화배리 80 (분할전) - 토지,36.0856065356739,127.008713596404,,정상가동,98.28,380,60,2022,,,,,2024-09-27
다담 태양광발전소,,전북특별자치도 익산시 용동면 화배리 80 (분할전) - 토지,36.0856065356739,127.008713596404,,정상가동,98.28,380,60,2022,,,,,2024-09-27
신지 태양광발전소,,전북특별자치도 익산시 용동면 화배리 80 (분할전) - 토지,36.0856065356739,127.008713596404,,정상가동,98.28,380,60,2022,,,,,2024-09-27
정란1 태양광발전소,,전북특별자치도 익산시 용동면 화배리 80-4 토지,36.0853265319823,127.008635623061,,정상가동,99.76,220+380,60,2022,,,,,2024-09-27
호반 태양광발전소,,전북특별자치도 익산시 용동면 화배리 80-5 토지,36.0851260104203,127.008634268784,,정상가동,99.76,220+380,60,2022,,,,,2024-09-27
해담 태양광발전소,,전북특별자치도 익산시 용동면 화배리 80-7 토지,36.0847706634366,127.008572276114,,정상가동,99.76,220+380,60,2022,,,,,2024-09-27
수정발전소,,"전북특별자치도 익산시 용동면 화실리 55, 65-8, 925-36, 925-104, 925-105 - 토지",,,,정상가동,99.76,220+380,60,2022,,,,,2024-09-27
나영발전소,,"전북특별자치도 익산시 용동면 화실리 55-1, 65, 925-103 - 토지",,,,정상가동,99.76,220+380,60,2022,,,,,2024-09-27
신명태양광,,"전북특별자치도 익산시 용동면 화실리 55-2, 65-4, 65-7, 65-13 - 토지",,,,정상가동,99.76,220+380,60,2022,,,,,2024-09-27
준에너지,,"전북특별자치도 익산시 용동면 화실리 55-3, 65-10, 925-35, 925-96, 925-102, 925-106 - 토지",,,,정상가동,99.76,220+380,60,2022,,,,,2024-09-27
해나루 태양광발전소,,"전북특별자치도 익산시 용동면 화실리 565-1, 567-2, 567-3, 568-2 (원지번 : 565, 567, 567-1, 568) - 토지",,,,정상가동,99.76,220+380,60,2022,,,,,2024-09-27
원광 태양광발전소,,"전북특별자치도 익산시 용동면 화실리 565-2, 567-4, 568-3 (원지번 : 565, 567-1, 568) - 토지",,,,정상가동,99.76,220+380,60,2022,,,,,2024-09-27
진성 태양광발전소,,"전북특별자치도 익산시 용동면 화실리 565-3, 567-5 (원지번 : 565, 567-1) - 토지",,,,정상가동,19.72,220+380,60,2022,,,,,2024-09-27
행운 태양광발전소,,"전북특별자치도 익산시 용동면 화실리 565-4, 567-6 (원지번 : 565, 567-1) - 토지",,,,정상가동,19.72,220+380,60,2022,,,,,2024-09-27
SMC발전소,,전북특별자치도 익산시 용동면 화실리 65-1 - 토지,36.0927899388753,126.999770481108,,정상가동,30.0,380,60,2022,,,,,2024-09-27
현민에너지2호,,전북특별자치도 익산시 용동면 화실리 65-11 - 토지,36.09309130699,126.999989451196,,정상가동,99.36,380,60,2022,,,,,2024-09-27
투인태양광발전소,,전북특별자치도 익산시 용동면 화실리 65-16 - 토지,36.0930775177281,127.00037920168,,정상가동,69.0,380,60,2022,,,,,2024-09-27
진에너지,,전북특별자치도 익산시 용동면 화실리 68 - 토지,36.0936950334421,127.000390086653,,정상가동,29.9,380,60,2022,,,,,2024-09-27
대진에너지,,전북특별자치도 익산시 용동면 화실리 68-1 - 토지,36.0933785244868,127.000543876108,,정상가동,99.75,380,60,2022,,,,,2024-09-27
드림태양광발전소,,전북특별자치도 익산시 용동면 화실리 68-11 - 토지,36.0930047878211,127.000704659339,,정상가동,99.75,380,60,2022,,,,,2024-09-27
디도에너지,,전북특별자치도 익산시 용동면 화실리 68-4 - 토지,36.0936916061777,127.000884551707,,정상가동,99.75,380,60,2022,,,,,2024-09-27
삼성태양광발전소,,전북특별자치도 익산시 용동면 화실리 70 - 토지,36.0926662915905,127.000187101465,,정상가동,99.75,380,60,2022,,,,,2024-09-27
연서태양광발전소,,전북특별자치도 익산시 용동면 화실리 70-1 - 토지,36.092289221167,127.00020964147,,정상가동,99.75,380,60,2022,,,,,2024-09-27
백화태양광발전소,,전북특별자치도 익산시 용동면 화실리 70-3 - 토지,36.0922260446644,127.000529988314,,정상가동,96.28,380,60,2024,,,,,2024-09-27
해바라기태양광발전소2호,,전북특별자치도 익산시 용동면 화실리 71 - 토지,36.0919551391206,127.000050633531,,정상가동,99.76,380,60,2024,,,,,2024-09-27
해드림파워,,전북특별자치도 익산시 용동면 화실리 71-5 - 토지,36.0923615856618,127.0009346154,,정상가동,99.76,380,60,2024,,,,,2024-09-27
용승에너지,,전북특별자치도 익산시 용동면 화실리 924-42 - 토지,36.0935632681404,127.001351365399,,정상가동,55.68,220+380,60,2022,,,,,2024-09-27
금경에너지,,전북특별자치도 익산시 용동면 화실리 924-47 - 토지,36.0933404891412,127.001106406478,,정상가동,99.76,220+380,60,2022,,,,,2024-09-27
밝은빛에너지,,전북특별자치도 익산시 용동면 화실리 924-73 - 토지,36.0929882019816,127.001144710305,,정상가동,23.94,380,60,2022,,,,,2024-09-27
북익산농업협동조합(북익산농협 용안 태양광발전소),,전북특별자치도 익산시 용안면 교동리 195 - 건물상부,36.1191116551686,126.954780689723,,정상가동,34.2,380,60,2022,,,,,2024-09-27
석동발전소 3호,,"전북특별자치도 익산시 용안면 석동리 36, 46 토지",,,,정상가동,15.3,380,60,2022,,,,,2024-09-27
석동발전소 2호,,"전북특별자치도 익산시 용안면 석동리 36-1, 46-1 토지",,,,정상가동,182.97,380,60,2024,,,,,2024-09-27
석동발전소 1호,,전북특별자치도 익산시 용안면 석동리 36-2 토지,36.128773903339,126.949283067401,,정상가동,92.8,220+380,60,2023,,,,,2024-09-27
석동 태양광발전소,,전북특별자치도 익산시 용안면 석동리 54-2 - 토지,36.1296383413508,126.949480587384,,정상가동,87.58,380,60,2023,,,,,2024-09-27
윤준 태양광발전소,,전북특별자치도 익산시 용안면 창리 604 - 건물상부,36.1332178676482,126.961049774862,,정상가동,83.52,380,60,2022,,,,,2024-09-27
금호1호태양광발전소,,"전북특별자치도 익산시 용제동 183-3 - 건물상부(1동, 2동)",35.9428641060794,127.00063749131,,정상가동,99.76,380,60,2022,,,,,2024-09-27
써니 태양광,,"전북특별자치도 익산시 웅포면 고창리 375, 376, 377-2, 378, 379 토지",,,,정상가동,99.96,380,60,2022,,,,,2024-09-27
미니태양광발전소,,전북특별자치도 익산시 웅포면 대붕암리 384 (분할후)- 토지,36.1244687587532,126.900926003484,,정상가동,99.96,380,60,2022,,,,,2024-09-27
루시아태양광발전소,,전북특별자치도 익산시 웅포면 대붕암리 384-10 - 토지,36.123675107174,126.901530959238,,정상가동,99.96,380,60,2022,,,,,2024-09-27
정훈 태양광발전소,,전북특별자치도 익산시 웅포면 대붕암리 384-11 - 토지,36.1234891458927,126.901810786839,,정상가동,99.96,380,60,2022,,,,,2024-09-27
혜진 태양광발전소,,전북특별자치도 익산시 웅포면 대붕암리 384-12 - 토지,36.123134997165,126.902397297987,,정상가동,99.96,380,60,2022,,,,,2024-09-27
진규익산대붕암리태양광발전소,,전북특별자치도 익산시 웅포면 대붕암리 384-4(분할후) - 토지,36.1243858186479,126.900240274797,,정상가동,99.76,380,60,2023,,,,,2024-09-27
에코 태양광발전소,,전북특별자치도 익산시 웅포면 대붕암리 384-5 토지,36.1242524293183,126.900662562227,,정상가동,99.76,380,60,2023,,,,,2024-09-27
TS태양광발전소,,전북특별자치도 익산시 웅포면 대붕암리 384-7 - 토지,36.1240870863258,126.900807401418,,정상가동,99.76,380,60,2023,,,,,2024-09-27
순덕태양광발전소,,전북특별자치도 익산시 웅포면 대붕암리 384-8 - 토지,36.1240156818437,126.901100196336,,정상가동,99.76,380,60,2023,,,,,2024-09-27
행복태양광2호발전소,,전북특별자치도 익산시 웅포면 대붕암리 384-9 - 토지,36.1238890461586,126.901300527367,,정상가동,65.4,380,60,2022,,,,,2024-09-27
상재 태양광발전소,,전북특별자치도 익산시 웅포면 대붕암리 763-1 - 건물상부,36.1261673076429,126.894727127883,,정상가동,99.45,380,60,2022,,,,,2024-09-27
웅포면이성구 태양광발전소,전북특별자치도 익산시 웅포면 용골길 38-26 - 건물상부,,36.1327647660955,126.913326873311,,정상가동,75.0,380,60,2022,,,,,2024-09-27
농업회사법인 (유)심신통합면역연구소(심신통합태양광발전소),,전북특별자치도 익산시 웅포면 입점리 125 - 건물상부,36.0488689603439,126.879084052417,,정상가동,99.9,380,60,2022,,,,,2024-09-27
태종발전소,,전북특별자치도 익산시 웅포면 제성리 132 - 토지,36.1055666403171,126.903785042799,,정상가동,99.9,380,60,2022,,,,,2024-09-27
현규발전소,,전북특별자치도 익산시 웅포면 제성리 132-1 - 토지,36.1053214864445,126.903644632269,,정상가동,99.9,380,60,2022,,,,,2024-09-27
상진 태양광발전소,,전북특별자치도 익산시 웅포면 제성리 161 (본지번 : 161) - 토지,36.1108308051662,126.902196613419,,정상가동,99.9,380,60,2022,,,,,2024-09-27
상아1호 태양광발전소,,전북특별자치도 익산시 웅포면 제성리 161-1 (본지번 : 161) - 토지,36.1104551269997,126.90213410565,,정상가동,29.92,380,60,2022,,,,,2024-09-27
상아2호 태양광발전소,,전북특별자치도 익산시 웅포면 제성리 161-2 (본지번 : 161) - 토지,36.1102946819989,126.90209931947,,정상가동,29.92,380,60,2022,,,,,2024-09-27
희망3호 태양광발전소,,전북특별자치도 익산시 웅포면 제성리 161-3 (본지번 : 161) - 토지,36.1101654782227,126.902136908388,,정상가동,29.92,380,60,2022,,,,,2024-09-27
미래3호 태양광발전소,,전북특별자치도 익산시 웅포면 제성리 161-4 (본지번 : 161) - 토지,36.1100021287214,126.902076914452,,정상가동,99.9,380,60,2022,,,,,2024-09-27
지훈1호 태양광발전소,,전북특별자치도 익산시 웅포면 제성리 163 토지,36.1105117931077,126.902440573395,,정상가동,62.4,380,60,2022,,,,,2024-09-27
무지개태양광발전소,,"전북특별자치도 익산시 웅포면 제성리 226, 227-2(본지번 : 226, 227)- 토지",,,,정상가동,99.84,380,60,2022,,,,,2024-09-27
지원 태양광발전소,,전북특별자치도 익산시 웅포면 제성리 3 (본지번 : 3) - 토지,36.1208117776842,126.911231733018,,정상가동,99.84,380,60,2022,,,,,2024-09-27
비전 태양광발전소,,전북특별자치도 익산시 웅포면 제성리 3-1 (본지번 : 3) - 토지,36.1206142267812,126.911104103762,,정상가동,99.84,380,60,2022,,,,,2024-09-27
JY 태양광발전소,,전북특별자치도 익산시 웅포면 제성리 3-2 (본지번 : 3) - 토지,36.1204340891499,126.911003336481,,정상가동,99.84,380,60,2022,,,,,2024-09-27
송록솔라 태양광발전소,,전북특별자치도 익산시 웅포면 제성리 3-3 - 토지,36.1202886704089,126.910932410493,,정상가동,24.96,380,60,2023,,,,,2024-09-27
건승솔라 태양광발전소,,"전북특별자치도 익산시 웅포면 제성리 3-4, 5-1 - 토지",,,,정상가동,24.96,380,60,2023,,,,,2024-09-27
행복태양광발전소,,"전북특별자치도 익산시 웅포면 제성리 44, 226-1(본지번 : 44, 226) - 토지",,,,정상가동,24.96,380,60,2023,,,,,2024-09-27
재미태양광발전소,,"전북특별자치도 익산시 웅포면 제성리 44-1, 226-2, 52-1, 52-3(본지번 : 44, 52-1, 226) - 토지",,,,정상가동,24.96,380,60,2023,,,,,2024-09-27
영일태양광발전소,,"전북특별자치도 익산시 웅포면 제성리 44-2, 52-5, 226-3(본지번 : 44, 52-1, 226) - 토지",,,,정상가동,24.96,380,60,2023,,,,,2024-09-27
이황2태양광발전소,,"전북특별자치도 익산시 웅포면 제성리 44-3, 52-6(본지번 : 44, 52-1(분할전) - 토지",,,,정상가동,24.96,380,60,2023,,,,,2024-09-27
실버 태양광발전소,,전북특별자치도 익산시 웅포면 제성리 463 (분할전) - 토지,36.1103545230333,126.901549699117,,정상가동,24.96,380,60,2023,,,,,2024-09-27
도언 태양광발전소,,전북특별자치도 익산시 웅포면 제성리 463 (분할전) - 토지,36.1103545230333,126.901549699117,,정상가동,24.96,380,60,2023,,,,,2024-09-27
제성리드림 태양광발전소,,전북특별자치도 익산시 웅포면 제성리 463 토지,36.1103545230333,126.901549699117,,정상가동,24.96,380,60,2023,,,,,2024-09-27
(유)대산에너지 (대산1호 태양광발전소),,"전북특별자치도 익산시 웅포면 제성리 50-2, 54-3 토지",,,,정상가동,24.96,380,60,2023,,,,,2024-09-27
대동2호 태양광발전소,,"전북특별자치도 익산시 웅포면 제성리 50-7, 54-4 토지",,,,정상가동,24.96,380,60,2023,,,,,2024-09-27
영덕 태양광발전소,,전북특별자치도 익산시 웅포면 제성리 5-2 - 토지,36.1198430287816,126.910702871991,,정상가동,24.96,380,60,2023,,,,,2024-09-27
연희태양광발전소,,전북특별자치도 익산시 웅포면 제성리 52-7 토지,36.113823174821,126.907259434612,,정상가동,24.96,380,60,2023,,,,,2024-09-27
세영태양광발전소,,"전북특별자치도 익산시 웅포면 제성리 52-8, 52-2(본지번 : 52-1, 52) - 토지",,,,정상가동,24.96,380,60,2023,,,,,2024-09-27
해테크익산1호 태양광발전소,,전북특별자치도 익산시 웅포면 제성리 5-3 - 토지,36.119678105652,126.910581095728,,정상가동,24.96,380,60,2023,,,,,2024-09-27
태현 태양광발전소,,전북특별자치도 익산시 웅포면 제성리 53 토지,36.1140921354418,126.90824474961,,정상가동,24.96,380,60,2023,,,,,2024-09-27
양양 태양광발전소,,전북특별자치도 익산시 웅포면 제성리 53-1 토지,36.1138931019821,126.90806860313,,정상가동,24.96,380,60,2023,,,,,2024-09-27
제성3호 태양광발전소,,전북특별자치도 익산시 웅포면 제성리 53-3 토지,36.1137371377333,126.90788118927,,정상가동,24.96,380,60,2023,,,,,2024-09-27
해남태양광발전소,,전북특별자치도 익산시 웅포면 제성리 5-4 - 토지,36.1195034971624,126.910523422503,,정상가동,24.96,380,60,2023,,,,,2024-09-27
제성리미소 태양광발전소,,전북특별자치도 익산시 웅포면 제성리 7 토지,36.1202618388601,126.908927478453,,정상가동,24.96,380,60,2023,,,,,2024-09-27
양상 태양광발전소,,"전북특별자치도 익산시 월성동 103-1 - 건물상부(주1, 주2)",35.9872847239299,126.985927523874,,정상가동,24.96,380,60,2023,,,,,2024-09-27
보부상바이오팜 태양광발전소,,"전북특별자치도 익산시 월성동 371-6, 372 - 건물상부",,,,정상가동,24.96,380,60,2023,,,,,2024-09-27
한진 태양광발전소,,"전북특별자치도 익산시 월성동 379-64 - 건물상부(제1동, 제2동, 제3동, 제4동)",35.9951288894516,126.968733903081,,정상가동,24.96,380,60,2023,,,,,2024-09-27
승영2호 태양광발전소,,전북특별자치도 익산시 은기동 600-15 (원지번 600-6) - 토지,35.991603710567,127.009527659835,,정상가동,24.96,380,60,2023,,,,,2024-09-27
세훈2호 태양광발전소,,전북특별자치도 익산시 은기동 600-16 (원지번 600-6) - 토지,35.9914585283521,127.009442251351,,정상가동,24.96,380,60,2023,,,,,2024-09-27
청암4호 태양광발전소,,전북특별자치도 익산시 은기동 600-17 (원지번 600-6) - 토지,35.9913321861891,127.009301507673,,정상가동,24.96,380,60,2023,,,,,2024-09-27
파인2호 태양광발전소,,전북특별자치도 익산시 은기동 600-18 (원지번 600-6) - 토지,35.9911166166971,127.009224519878,,정상가동,24.96,380,60,2023,,,,,2024-09-27
나눔 태양광발전소,,전북특별자치도 익산시 은기동 600-19 (원지번 600-6) - 토지,35.991134402468,127.009958549077,,정상가동,24.96,380,60,2023,,,,,2024-09-27
새빛 태양광발전소,,전북특별자치도 익산시 은기동 600-20 (원지번 600-6) - 토지,35.9914919866736,127.010265558254,,정상가동,24.96,380,60,2023,,,,,2024-09-27
지현 태양광발전소,,전북특별자치도 익산시 은기동 600-6 (원지번 600-6) - 토지,35.991773859562,127.009580134992,,정상가동,24.96,380,60,2023,,,,,2024-09-27
세권1호태양광발전소,,전북특별자치도 익산시 임상동 949-1 - 건물상부,35.978921932111,126.973043767092,,정상가동,24.96,380,60,2023,,,,,2024-09-27
태영 태양광발전소,전북특별자치도 익산시 춘포로 43 - 건물상부(주1),,35.9183389557922,126.980000233052,,정상가동,24.96,380,60,2023,,,,,2024-09-27
산풍 태양광발전소,,"전북특별자치도 익산시 춘포면 신동리 10, 11 - 토지",,,,정상가동,24.96,380,60,2023,,,,,2024-09-27
신동1 태양광발전소,,"전북특별자치도 익산시 춘포면 신동리 107, 109, 110, 111-3(분할전) - 토지",,,,정상가동,24.96,380,60,2023,,,,,2024-09-27
상원 태양광발전소,,"전북특별자치도 익산시 춘포면 신동리 107, 111-3 (분할전) - 토지",,,,정상가동,24.96,380,60,2023,,,,,2024-09-27
진기2호 태양광발전소,,"전북특별자치도 익산시 춘포면 신동리 109, 110, 111, 111-2(분할전) - 토지",,,,정상가동,24.96,380,60,2023,,,,,2024-09-27
제이 태양광발전소,,"전북특별자치도 익산시 춘포면 신동리 109, 110, 111-2(분할전) - 토지",,,,정상가동,24.96,380,60,2023,,,,,2024-09-27
에이 태양광발전소,,"전북특별자치도 익산시 춘포면 신동리 109, 110, 111-2, 111-3(분할전) - 토지",,,,정상가동,24.96,380,60,2023,,,,,2024-09-27
신동3 태양광발전소,,"전북특별자치도 익산시 춘포면 신동리 109, 110, 111-2, 111-3(분할전) - 토지",,,,정상가동,24.96,380,60,2023,,,,,2024-09-27
신동2 태양광발전소,,"전북특별자치도 익산시 춘포면 신동리 109, 110, 111-2, 111-3(분할전) - 토지",,,,정상가동,24.96,380,60,2023,,,,,2024-09-27
신동태양광발전소,,전북특별자치도 익산시 춘포면 신동리 11-2 - 토지,35.947124386292,127.028220368666,,정상가동,24.96,380,60,2023,,,,,2024-09-27
신동2호 태양광발전소,,전북특별자치도 익산시 춘포면 신동리 113 - 토지,35.9460726223487,127.027111433208,,정상가동,24.96,380,60,2023,,,,,2024-09-27
유정태양광발전소,,전북특별자치도 익산시 춘포면 신동리 120 - 토지,35.9473080373524,127.02674188565,,정상가동,24.96,380,60,2023,,,,,2024-09-27
우민 태양광발전소,,전북특별자치도 익산시 춘포면 신동리 120-2 - 토지,35.9470946043205,127.027227272821,,정상가동,98.28,380,60,2022,,,,,2024-09-27
밝은미래2호 태양광발전소,,전북특별자치도 익산시 춘포면 신동리 120-4 - 토지,35.946868626534,127.027779819065,,정상가동,98.28,380,60,2022,,,,,2024-09-27
가온2호태양광발전소,,전북특별자치도 익산시 춘포면 신동리 120-5 - 토지,35.9467433395488,127.027450595506,,정상가동,19.2,380,60,2023,,,,,2024-09-27
원에너지,,전북특별자치도 익산시 춘포면 신동리 15 - 토지,35.9463908561178,127.029016231512,,정상가동,26.88,380,60,2023,,,,,2024-09-27
유진 태양광발전소,,전북특별자치도 익산시 춘포면 신동리 153-2 (분할전) - 토지,35.9495224802554,127.02830368551,,정상가동,28.67,380,60,2022,,,,,2024-09-27
오는태양광발전소,,"전북특별자치도 익산시 춘포면 신동리 16, 20 토지",,,,정상가동,28.67,380,60,2022,,,,,2024-09-27
익산태양광발전소,,전북특별자치도 익산시 춘포면 신동리 16-2 토지,35.9414769413636,127.023122952704,,정상가동,99.0,380,60,2023,,,,,2024-09-27
아이니태양광발전소,,"전북특별자치도 익산시 춘포면 신동리 16-3, 20-2 토지",,,,정상가동,99.0,380,60,2023,,,,,2024-09-27
승선태양광발전소,,"전북특별자치도 익산시 춘포면 신동리 16-4, 20-3 토지",,,,정상가동,99.0,380,60,2023,,,,,2024-09-27
벧엘태양광발전소,,전북특별자치도 익산시 춘포면 신동리 17-10 - 토지,35.9413171767246,127.024360182608,,정상가동,50.0,220+380,60,2022,,,,,2024-09-27
와니원태양광발전소,,"전북특별자치도 익산시 춘포면 신동리 17-13, 27-5, 27-10 토지",,,,정상가동,99.0,220+380,60,2022,,,,,2024-09-27
새봄발전소,,"전북특별자치도 익산시 춘포면 신동리 17-14, 27-11, 28 토지",,,,정상가동,99.0,220+380,60,2022,,,,,2024-09-27
썬솔라테크,,"전북특별자치도 익산시 춘포면 신동리 17-17, 28-4 토지",,,,정상가동,29.45,380,60,2022,,,,,2024-09-27
쏠라파워텍,,전북특별자치도 익산시 춘포면 신동리 17-19 토지,35.9413211408013,127.024807039688,,정상가동,28.8,380,60,2022,,,,,2024-09-27
신동태양광발전소,,전북특별자치도 익산시 춘포면 신동리 17-3 - 토지,35.9419536140106,127.023558314019,,정상가동,31.2,380,60,2022,,,,,2024-09-27
수민태양광,,전북특별자치도 익산시 춘포면 신동리 17-4 - 토지,35.9417162117138,127.023634714812,,정상가동,499.2,380,60,2022,,,,,2024-09-27
혁인태양광발전소,,"전북특별자치도 익산시 춘포면 신동리 17-5, 17-12, 18, 22-5 - 토지",,,,정상가동,99.84,380,60,2024,,,,,2024-09-27
영천태양광발전소,,전북특별자치도 익산시 춘포면 신동리 17-7 - 토지,35.9419718817703,127.024150031498,,정상가동,999.68,22900,60,2024,,,,,2024-09-27
요한태양광발전소,,전북특별자치도 익산시 춘포면 신동리 17-8 - 토지,35.9416937976843,127.024401082842,,정상가동,799.92,22900,60,2024,,,,,2024-09-27
금성태양광발전소,,전북특별자치도 익산시 춘포면 신동리 17-9 - 토지,35.9415572472896,127.024460776984,,정상가동,99.84,380,60,2024,,,,,2024-09-27
수진 태양광발전소,,"전북특별자치도 익산시 춘포면 신동리 2, 3 (분할전) - 토지",35.9506941576893,127.029535097292,,정상가동,99.84,380,60,2024,,,,,2024-09-27
춘포 태양광발전소,,"전북특별자치도 익산시 춘포면 신동리 2, 3 (분할전) - 토지",35.9506941576893,127.029535097292,,정상가동,99.84,380,60,2024,,,,,2024-09-27
시온태양광발전소,,"전북특별자치도 익산시 춘포면 신동리 22, 60-4 - 토지",,,,정상가동,499.2,380,60,2022,,,,,2024-09-27
대경태양광발전소,,전북특별자치도 익산시 춘포면 신동리 22-1 - 토지,35.9423187989166,127.023550886048,,정상가동,99.84,380,60,2024,,,,,2024-09-27
파란춘포태양광발전소,,"전북특별자치도 익산시 춘포면 신동리 23, 23-4, 25-1, 26-2 토지",,,,정상가동,99.84,380,60,2022,,,,,2024-09-27
유강여비태양광발전소,,"전북특별자치도 익산시 춘포면 신동리 23-1, 26 - 토지",,,,정상가동,99.84,380,60,2023,,,,,2024-09-27
백구여비태양광발전소,,전북특별자치도 익산시 춘포면 신동리 23-2 토지,35.9423827173737,127.023903784005,,정상가동,99.84,380,60,2023,,,,,2024-09-27
정애발전소,,전북특별자치도 익산시 춘포면 신동리 27-14 - 토지,35.941782182691,127.025822035679,,정상가동,99.84,380,60,2023,,,,,2024-09-27
지평태양광발전소,,"전북특별자치도 익산시 춘포면 신동리 27-15, 27-7 토지",,,,정상가동,99.84,380,60,2023,,,,,2024-09-27
LCW태양광발전소,,"전북특별자치도 익산시 춘포면 신동리 27-6, 27-13 토지",,,,정상가동,99.84,380,60,2023,,,,,2024-09-27
유정발전소,,"전북특별자치도 익산시 춘포면 신동리 27-8, 오산리 152-2 토지",,,,정상가동,99.84,380,60,2023,,,,,2024-09-27
자연태양광발전소,,전북특별자치도 익산시 춘포면 신동리 29 (분할전) - 토지,35.9415337504422,127.02646453354,,정상가동,19.2,380,60,2022,,,,,2024-09-27
신동리1호태양광발전소,,"전북특별자치도 익산시 춘포면 신동리 3, 4, 4-1 (분할전) - 토지",,,,정상가동,99.12,220+380,60,2022,,,,,2024-09-27
늘봄 태양광발전소,,전북특별자치도 익산시 춘포면 신동리 30 토지,35.9420048864455,127.027019829575,,정상가동,99.75,220+380,60,2022,,,,,2024-09-27
로또 태양광발전소,,전북특별자치도 익산시 춘포면 신동리 30-1 토지,35.9417084820365,127.026956445958,,정상가동,99.75,220+380,60,2022,,,,,2024-09-27
지헌태양광발전소,,전북특별자치도 익산시 춘포면 신동리 30-3 토지,35.9414607462382,127.026886097168,,정상가동,99.18,220+380,60,2022,,,,,2024-09-27
수정태양광발전소,,전북특별자치도 익산시 춘포면 신동리 30-4 토지,35.9415210920612,127.027449676083,,정상가동,99.18,220+380,60,2022,,,,,2024-09-27
선플라워태양광발전소,,전북특별자치도 익산시 춘포면 신동리 30-5 토지,35.9418274821009,127.027591087802,,정상가동,18.9,380,60,2022,,,,,2024-09-27
수정 태양광발전소,,전북특별자치도 익산시 춘포면 신동리 37 토지,35.9423146367717,127.026646663839,,정상가동,99.43,380,60,2022,,,,,2024-09-27
맑은태양광발전소,,전북특별자치도 익산시 춘포면 신동리 38-14 토지,35.9420155662207,127.027613651326,,정상가동,59.61,380,60,2022,,,,,2024-09-27
한빛 태양광발전소,,전북특별자치도 익산시 춘포면 신동리 38-4 토지,35.9422881959774,127.027201795904,,정상가동,98.28,380,60,2022,,,,,2024-09-27
해오라기태양광발전소,,전북특별자치도 익산시 춘포면 신동리 39 토지,35.9428180420356,127.027572036967,,정상가동,99.84,380,60,2024,,,,,2024-09-27
대박태양광발전소,,전북특별자치도 익산시 춘포면 신동리 39-2 토지,35.942512771991,127.02765571766,,정상가동,99.84,380,60,2024,,,,,2024-09-27
두부태양광발전소,,전북특별자치도 익산시 춘포면 신동리 39-3 토지,35.9422541884299,127.027729882762,,정상가동,99.84,380,60,2023,,,,,2024-09-27
영신 태양광발전소,,"전북특별자치도 익산시 춘포면 신동리 4, 4-1, 5, 6 (분할전) - 토지",,,,정상가동,99.84,380,60,2023,,,,,2024-09-27
해바라기태양광발전소,,"전북특별자치도 익산시 춘포면 신동리 40, 41 (분할전) - 토지",,,,정상가동,18.9,380,60,2022,,,,,2024-09-27
태경에너지,,"전북특별자치도 익산시 춘포면 신동리 43-1, 45-1, 45-3, 45-4, 45-5, 45-6, 46-3, 46-4 토지",,,,정상가동,19.88,380,60,2022,,,,,2024-09-27
익산춘포발전소,,"전북특별자치도 익산시 춘포면 신동리 45-9, 45-10, 46-5 토지",,,,정상가동,99.18,220+380,60,2022,,,,,2024-09-27
퀸에너지신동리1차발전소,,"전북특별자치도 익산시 춘포면 신동리 48-10, 49-3 토지",,,,정상가동,99.18,220+380,60,2022,,,,,2024-09-27
진미 태양광발전소,,"전북특별자치도 익산시 춘포면 신동리 5, 6 (분할전) - 토지",,,,정상가동,99.18,220+380,60,2022,,,,,2024-09-27
마루 태양광발전소,,"전북특별자치도 익산시 춘포면 신동리 5, 6, 153-2 (분할전) - 토지",,,,정상가동,99.18,220+380,60,2022,,,,,2024-09-27
눈부신 태양광발전소,,"전북특별자치도 익산시 춘포면 신동리 5, 6, 153-2 (분할전) - 토지",,,,정상가동,99.18,220+380,60,2022,,,,,2024-09-27
무지개태양광발전소,,전북특별자치도 익산시 춘포면 신동리 54 - 토지,35.944125298631,127.023756349057,,정상가동,99.51,220+380,60,2022,,,,,2024-09-27
송천발전소,,"전북특별자치도 익산시 춘포면 신동리 55-3, 59-2, 59-6, 62-1, 63-1 - 토지",,,,정상가동,99.36,380,60,2022,,,,,2024-09-27
현대발전소,,전북특별자치도 익산시 춘포면 신동리 55-4 - 토지,35.9436399862856,127.023723065458,,정상가동,99.19,380,60,2023,,,,,2024-09-27
준3태양광발전소(2018-134),,전북특별자치도 익산시 춘포면 신동리 59-14 - 토지,35.9432666847886,127.023758197847,,정상가동,99.19,380,60,2023,,,,,2024-09-27
정남태양광발전소,,전북특별자치도 익산시 춘포면 신동리 59-8 - 토지,35.9437341988997,127.02401136431,,정상가동,99.19,380,60,2023,,,,,2024-09-27
예은 태양광발전소,,"전북특별자치도 익산시 춘포면 신동리 6, 153, 153-2 (분할전) - 토지",,,,정상가동,99.76,380,60,2022,,,,,2024-09-27
신동발전소1호,,"전북특별자치도 익산시 춘포면 신동리 60, 61-3 - 토지",,,,정상가동,99.76,380,60,2022,,,,,2024-09-27
신동발전소2호,,"전북특별자치도 익산시 춘포면 신동리 60-1, 61-4 - 토지",,,,정상가동,99.76,380,60,2022,,,,,2024-09-27
신동발전소3호,,전북특별자치도 익산시 춘포면 신동리 60-3 - 토지,35.9422887204672,127.022966809884,,정상가동,99.76,380,60,2022,,,,,2024-09-27
밝은빛2호 발전소,,전북특별자치도 익산시 춘포면 신동리 609 - 토지,35.9440597160974,127.022680269588,,정상가동,99.75,220+380,60,2022,,,,,2024-09-27
SNS에너지,,"전북특별자치도 익산시 춘포면 신동리 62, 63 - 토지",,,,정상가동,99.75,220+380,60,2022,,,,,2024-09-27
해바라기6호 태양광발전소,,전북특별자치도 익산시 춘포면 신동리 64 토지,35.9441384383397,127.023391274751,,정상가동,99.75,220+380,60,2022,,,,,2024-09-27
행복 태양광발전소,,전북특별자치도 익산시 춘포면 신동리 642-5 - 토지,35.9409246921233,127.021992247713,,정상가동,99.75,220+380,60,2022,,,,,2024-09-27
세훈 태양광발전소,,전북특별자치도 익산시 춘포면 신동리 642-6 - 토지,35.9406535803923,127.022089921502,,정상가동,99.75,220+380,60,2022,,,,,2024-09-27
파인 태양광발전소,,전북특별자치도 익산시 춘포면 신동리 642-7 - 토지,35.9404367294384,127.02215480526,,정상가동,99.65,380,60,2022,,,,,2024-09-27
푸른발전소,,전북특별자치도 익산시 춘포면 신동리 643 - 토지,35.9401179393157,127.021271989846,,정상가동,399.62,380,60,2022,,,,,2024-09-27
하나 태양광발전소,,전북특별자치도 익산시 춘포면 신동리 644-2 - 토지,35.9407287158236,127.021247660853,,정상가동,499.2,22900,60,2023,,,,,2024-09-27
세종2호 태양광발전소,,전북특별자치도 익산시 춘포면 신동리 644-3 - 토지,35.9407047667625,127.021618036563,,정상가동,29.76,380,60,2023,,,,,2024-09-27
태연 태양광발전소,,전북특별자치도 익산시 춘포면 신동리 644-5 - 토지,35.9401757500595,127.021546964019,,정상가동,29.76,380,60,2023,,,,,2024-09-27
천마 태양광발전소,,전북특별자치도 익산시 춘포면 신동리 645-2 - 토지,35.9405676980698,127.021052895953,,정상가동,99.18,380,60,2022,,,,,2024-09-27
향기 태양광발전소,,전북특별자치도 익산시 춘포면 신동리 645-4 - 토지,35.9403657903405,127.021219635557,,정상가동,99.18,380,60,2022,,,,,2024-09-27
성은발전소,,전북특별자치도 익산시 춘포면 신동리 646 - 토지,35.9396960282644,127.020983177459,,정상가동,99.65,380,60,2022,,,,,2024-09-27
용순 태양광발전소,,전북특별자치도 익산시 춘포면 신동리 646-3 - 토지,35.9405291294726,127.020505736567,,정상가동,19.62,380,60,2022,,,,,2024-09-27
다올 태양광발전소,,전북특별자치도 익산시 춘포면 신동리 646-4 - 토지,35.9403269721502,127.020555888506,,정상가동,18.53,380,60,2023,,,,,2024-09-27
알앤디5호 태양광발전소,,전북특별자치도 익산시 춘포면 신동리 646-5 - 토지,35.9401826493249,127.020752677682,,정상가동,99.45,220+380,60,2022,,,,,2024-09-27
알앤디6호 태양광발전소,,전북특별자치도 익산시 춘포면 신동리 646-6 - 토지,35.9399229950571,127.020788628056,,정상가동,99.45,220+380,60,2022,,,,,2024-09-27
(유)메디치파워,,전북특별자치도 익산시 춘포면 쌍정리 234-2 - 건물상부,35.926238451856,127.051718284373,,정상가동,99.45,220+380,60,2022,,,,,2024-09-27
대명 태양광발전소,,"전북특별자치도 익산시 춘포면 쌍정리 240 - 건물상부(제1동, 제2동)",35.9273429940829,127.051352562149,,정상가동,30.24,220+380,60,2022,,,,,2024-09-27
주식회사 대명엔브이에이치 (㈜대명엔브이에이치 태양광발전소),,"전북특별자치도 익산시 춘포면 쌍정리 240 - 건물상부(제3동, 제4동)",35.9273429940829,127.051352562149,,정상가동,99.36,380,60,2023,,,,,2024-09-27
우정 태양광발전소,,"전북특별자치도 익산시 춘포면 오산리 135-26, 135-27 - 건물상부",,,,정상가동,99.36,380,60,2023,,,,,2024-09-27
정현태양광발전소,,전북특별자치도 익산시 춘포면 오산리 151-2 토지,35.9412320531657,127.027495126121,,정상가동,99.36,380,60,2022,,,,,2024-09-27
정현 태양광발전소,,전북특별자치도 익산시 춘포면 오산리 151-3 토지,35.9409072297707,127.027562950422,,정상가동,99.36,380,60,2022,,,,,2024-09-27
미래 태양광발전소,,"전북특별자치도 익산시 춘포면 오산리 154-10, 154-19 토지",,,,정상가동,99.36,380,60,2022,,,,,2024-09-27
하늘 태양광발전소,,전북특별자치도 익산시 춘포면 오산리 154-11 토지,35.9396313427976,127.027157109616,,정상가동,99.36,380,60,2022,,,,,2024-09-27
상승 태양광발전소,,"전북특별자치도 익산시 춘포면 오산리 154-15, 154-25 토지",,,,정상가동,99.36,380,60,2022,,,,,2024-09-27
동광1호 태양광발전소,,"전북특별자치도 익산시 춘포면 오산리 154-3, 154-18 토지",,,,정상가동,99.36,380,60,2022,,,,,2024-09-27
해성 태양광발전소,,"전북특별자치도 익산시 춘포면 오산리 154-7, 154-21 토지",,,,정상가동,99.36,380,60,2022,,,,,2024-09-27
JS 태양광발전소,,"전북특별자치도 익산시 춘포면 오산리 154-8, 154-14, 154-22 토지",,,,정상가동,99.36,380,60,2022,,,,,2024-09-27
반석솔라 태양광발전소,,전북특별자치도 익산시 춘포면 오산리 157-2 - 토지,35.9410069556314,127.024865014803,,정상가동,97.37,380,60,2022,,,,,2024-09-27
햇살가득태양광발전소,,전북특별자치도 익산시 춘포면 오산리 157-3 토지,35.9410576382016,127.025140546548,,정상가동,97.37,380,60,2022,,,,,2024-09-27
혜성태양광발전소,,전북특별자치도 익산시 춘포면 오산리 157-4 토지,35.9411063231191,127.02548346085,,정상가동,99.44,380,60,2023,,,,,2024-09-27
가화태양광발전소,,전북특별자치도 익산시 춘포면 오산리 157-5 토지,35.9409687449377,127.02571116587,,정상가동,99.44,380,60,2023,,,,,2024-09-27
이엘솔라태양광발전소,,전북특별자치도 익산시 춘포면 오산리 157-6 토지,35.9404322444806,127.025667659095,,정상가동,99.44,380,60,2023,,,,,2024-09-27
한빛3호 태양광발전소,,"전북특별자치도 익산시 춘포면 오산리 167-25, 188-2 토지",,,,정상가동,99.44,380,60,2023,,,,,2024-09-27
준에너지,,"전북특별자치도 익산시 춘포면 오산리 167-38, 188토지",,,,정상가동,99.44,380,60,2023,,,,,2024-09-27
KIS4태양광발전소,,"전북특별자치도 익산시 춘포면 오산리 174-4, 신동리 16-5, 640-2 토지",,,,정상가동,99.44,380,60,2022,,,,,2024-09-27
씨제이썬텍태양광발전소,,"전북특별자치도 익산시 춘포면 오산리 174-5, 신동리 16-6 토지",,,,정상가동,99.44,380,60,2022,,,,,2024-09-27
미래태양광발전소,,전북특별자치도 익산시 춘포면 오산리 174-7 토지,35.9406063664201,127.023913112639,,정상가동,77.22,380,60,2023,,,,,2024-09-27
주현태양광발전소,,전북특별자치도 익산시 춘포면 오산리 174-8 토지,35.9405552930177,127.02422762223,,정상가동,99.44,380,60,2023,,,,,2024-09-27
양지태양광발전소,,전북특별자치도 익산시 춘포면 오산리 174-9 토지,35.9404501257083,127.024632548815,,정상가동,99.44,380,60,2022,,,,,2024-09-27
익산발전소,,전북특별자치도 익산시 춘포면 오산리 181-1 - 토지,35.9386493648154,127.023213336938,,정상가동,99.82,380,60,2022,,,,,2024-09-27
늘푸른태양광발전소,,"전북특별자치도 익산시 춘포면 오산리 181-2, 182, 186 - 토지",,,,정상가동,99.82,380,60,2022,,,,,2024-09-27
내고향발전소,,"전북특별자치도 익산시 춘포면 오산리 184, 185 - 토지",,,,정상가동,99.82,380,60,2022,,,,,2024-09-27
고향발전소,,전북특별자치도 익산시 춘포면 오산리 184-1 - 토지,35.9378775924498,127.023408713056,,정상가동,99.82,380,60,2022,,,,,2024-09-27
수호2호태양광발전소,,"전북특별자치도 익산시 춘포면 오산리 184-2, 185-1 - 토지",,,,정상가동,99.76,380,60,2023,,,,,2024-09-27
준3태양광발전소,,"전북특별자치도 익산시 춘포면 오산리 184-3, 185-2 - 토지",,,,정상가동,99.36,380,60,2022,,,,,2024-09-27
세린발전소,,"전북특별자치도 익산시 춘포면 오산리 185-3, 186-9 - 토지",,,,정상가동,99.36,380,60,2022,,,,,2024-09-27
가영발전소,,"전북특별자치도 익산시 춘포면 오산리 186-10, 190-4 - 토지",,,,정상가동,99.36,380,60,2022,,,,,2024-09-27
양성 태양광발전소,,전북특별자치도 익산시 춘포면 오산리 455-10 - 건물상부,35.9336264662317,127.019117638048,,정상가동,99.36,380,60,2022,,,,,2024-09-27
문덕2호태양광발전소,,전북특별자치도 익산시 춘포면 오산리 554 (본지번 : 554) - 토지,35.9385218735207,127.023033765687,,정상가동,62.4,380,60,2022,,,,,2024-09-27
토마스 태양광발전소,,전북특별자치도 익산시 춘포면 오산리 554-2 (본지번 : 554-2) - 토지,35.9386094953405,127.021959910795,,정상가동,99.84,380,60,2022,,,,,2024-09-27
진 태양광발전소,,전북특별자치도 익산시 춘포면 오산리 554-4 - 토지,35.938031347773,127.021960748278,,정상가동,99.84,380,60,2022,,,,,2024-09-27
문덕1호태양광발전소,,전북특별자치도 익산시 춘포면 오산리 554-8,35.9381980242727,127.022732122377,,정상가동,499.59,380,60,2022,,,,,2024-09-27
아녜스태양광발전소,,전북특별자치도 익산시 춘포면 오산리 554-9 - 토지,35.9379990498486,127.022626008071,,정상가동,299.52,22900,60,2023,,,,,2024-09-27
호야발전소,,전북특별자치도 익산시 춘포면 오산리 557 - 토지,35.9389221217889,127.022040344672,,정상가동,99.0,380,60,2022,,,,,2024-09-27
한빛2호태양광발전소,,전북특별자치도 익산시 춘포면 오산리 557-26 - 토지,35.9389436455122,127.022610872746,,정상가동,99.0,380,60,2022,,,,,2024-09-27
서브발전소,,전북특별자치도 익산시 춘포면 오산리 557-27 - 토지,35.9385950113108,127.022307781886,,정상가동,99.0,380,60,2022,,,,,2024-09-27
준발전소,,전북특별자치도 익산시 춘포면 오산리 557-28 - 토지,35.9385535740859,127.022682242794,,정상가동,73.08,380,60,2022,,,,,2024-09-27
워니발전소,,전북특별자치도 익산시 춘포면 오산리 558-1 - 토지,35.9394307776229,127.022556042436,,정상가동,69.12,380,60,2022,,,,,2024-09-27
한빛태양광발전소,,전북특별자치도 익산시 춘포면 오산리 558-2 - 토지,35.9390971362266,127.022562818742,,정상가동,70.98,380,60,2022,,,,,2024-09-27
세아태양광발전소,,전북특별자치도 익산시 춘포면 오산리 562 - 토지,35.9397651168043,127.02219008188,,정상가동,99.19,380,60,2022,,,,,2024-09-27
상미태양광,,전북특별자치도 익산시 춘포면 오산리 562-2 - 토지,35.9393437140958,127.021594725232,,정상가동,27.0,380,60,2022,,,,,2024-09-27
젤라태양광발전소,,전북특별자치도 익산시 춘포면 오산리 562-3 - 토지,35.9394747594774,127.022064657903,,정상가동,19.8,380,60,2022,,,,,2024-09-27
청남발전소,,전북특별자치도 익산시 춘포면 오산리 562-4 - 토지,35.9392541351683,127.022064929056,,정상가동,97.2,380,60,2022,,,,,2024-09-27
월명태양광발전소,,"전북특별자치도 익산시 춘포면 오산리 오산리 174-1, 신동리 640-1 토지",,,,정상가동,54.87,380,60,2022,,,,,2024-09-27
유한회사 세원냉동 ((유)세원태양광발전소),,전북특별자치도 익산시 춘포면 용연리 162-2 - 건물상부,35.9096652963526,127.034864354888,,정상가동,99.65,380,60,2022,,,,,2024-09-27
하늘 태양광발전소,,"전북특별자치도 익산시 춘포면 창평리 248-1, 249-5 토지",,,,정상가동,99.65,380,60,2022,,,,,2024-09-27
병삼 태양광발전소,,"전북특별자치도 익산시 춘포면 창평리 249-1, 251-3, 251-6 토지",,,,정상가동,99.65,380,60,2022,,,,,2024-09-27
수2호 태양광발전소,,"전북특별자치도 익산시 춘포면 창평리 249-7, 250-1, 251-12 토지",,,,정상가동,99.36,380,60,2022,,,,,2024-09-27
서원 태양광발전소,,"전북특별자치도 익산시 춘포면 창평리 250-3, 251-13 토지",,,,정상가동,96.6,380,60,2022,,,,,2024-09-27
유한회사 해오름(해오름4호태양광발전소),,"전북특별자치도 익산시 춘포면 창평리 250-4, 251-15 토지",,,,정상가동,96.6,380,60,2022,,,,,2024-09-27
준용 태양광발전소,,"전북특별자치도 익산시 춘포면 창평리 251-1, 251-2, 251-9 토지",,,,정상가동,96.6,380,60,2022,,,,,2024-09-27
한일 태양광발전소,,"전북특별자치도 익산시 춘포면 창평리 251-4, 251-7, 251-10 토지",,,,정상가동,96.6,380,60,2022,,,,,2024-09-27
열린 태양광발전소,,"전북특별자치도 익산시 춘포면 창평리 251-5, 251-8, 251-14 토지",,,,정상가동,59.93,380,60,2022,,,,,2024-09-27
옥산 태양광발전소,,"전북특별자치도 익산시 춘포면 창평리 253, 254 토지",,,,정상가동,59.93,380,60,2022,,,,,2024-09-27
영광 태양광발전소,,"전북특별자치도 익산시 춘포면 창평리 253-6, 254-1 토지",,,,정상가동,99.88,380,60,2022,,,,,2024-09-27
윤청 태양광발전소,,"전북특별자치도 익산시 춘포면 창평리 253-7, 254-2 토지",,,,정상가동,99.19,220+380,60,2022,,,,,2024-09-27
영태양광3호,,전북특별자치도 익산시 춘포면 창평리 368-10 토지,35.9582780929292,127.039017346267,,정상가동,997.92,22900,60,2023,,,,,2024-09-27
영태양광1호,,전북특별자치도 익산시 춘포면 창평리 368-8 토지,35.9588004330737,127.039350158444,,정상가동,23.04,380,60,2022,,,,,2024-09-27
영태양광2호,,전북특별자치도 익산시 춘포면 창평리 368-9 토지,35.9585230930683,127.039161684398,,정상가동,57.6,380,60,2022,,,,,2024-09-27
유성 태양광발전소,,"전북특별자치도 익산시 춘포면 창평리 490-6 - 건물상부(제1동, 제2동, 제3동)",35.9536922493212,127.053044472442,,정상가동,19.78,380,60,2022,,,,,2024-09-27
미숙 태양광,,전북특별자치도 익산시 춘포면 창평리 574-1 - 토지,35.9579454249931,127.038801800009,,정상가동,17.94,380,60,2023,,,,,2024-09-27
영자 태양광발전소,,전북특별자치도 익산시 춘포면 창평리 597 (분할전) - 토지,35.9600005873692,127.03887929413,,정상가동,29.9,380,60,2022,,,,,2024-09-27
진권 태양광발전소,,전북특별자치도 익산시 춘포면 창평리 597 (분할전) - 토지,35.9600005873692,127.03887929413,,정상가동,99.0,380,60,2022,,,,,2024-09-27
초삼태양광발전소,,전북특별자치도 익산시 춘포면 천동리 136-1 - 토지,35.9419451729813,127.0488544081,,정상가동,99.0,380,60,2022,,,,,2024-09-27
요진2호 태양광발전소,,전북특별자치도 익산시 춘포면 천동리 142-4 - 건물상부(제1동),35.942572574097,127.048961965973,,정상가동,99.0,380,60,2022,,,,,2024-09-27
요진1호 태양광발전소,,전북특별자치도 익산시 춘포면 천동리 142-4 - 건물상부(제2동),35.942572574097,127.048961965973,,정상가동,99.0,380,60,2022,,,,,2024-09-27
구산2 태양광발전소,,전북특별자치도 익산시 춘포면 천동리 457-11 건물위,35.9415709549971,127.045943288583,,정상가동,97.37,380,60,2022,,,,,2024-09-27
하늘태양광,,전북특별자치도 익산시 춘포면 천동리 508-3 토지,35.9476682958386,127.05256185509,,정상가동,97.37,380,60,2022,,,,,2024-09-27
쏠라에너지발전소,,전북특별자치도 익산시 춘포면 천서리 460 토지,35.9409340782135,127.028373436174,,정상가동,96.0,220+380,60,2022,,,,,2024-09-27
오동나무 발전소,,전북특별자치도 익산시 춘포면 천서리 461 ( 분할전) - 토지,35.9404134096733,127.029579037806,,정상가동,97.92,220+380,60,2022,,,,,2024-09-27
용화발전소,,전북특별자치도 익산시 춘포면 천서리 476 토지,35.940759968196,127.027946359196,,정상가동,97.92,220+380,60,2022,,,,,2024-09-27
은영태양광발전소,,전북특별자치도 익산시 춘포면 천서리 477-1 토지,35.9425889984824,127.028505803539,,정상가동,29.58,380,60,2022,,,,,2024-09-27
금연태양광발전소,,전북특별자치도 익산시 춘포면 천서리 477-2 토지,35.9421764537822,127.028319574268,,정상가동,9.72,220,60,2022,,,,,2024-09-27
둘리태양광발전소,,전북특별자치도 익산시 춘포면 천서리 477-3 토지,35.9418991681649,127.028206208969,,정상가동,99.84,380,60,2023,,,,,2024-09-27
이레 태양광발전소,,전북특별자치도 익산시 춘포면 천서리 479 (분할전) - 토지,35.9429819611201,127.028795542576,,정상가동,96.6,380,60,2022,,,,,2024-09-27
임동에너지 태양광발전소,,전북특별자치도 익산시 춘포면 천서리 479-2 토지,35.9424466123962,127.028840344907,,정상가동,96.6,380,60,2022,,,,,2024-09-27
은원발전소,,"전북특별자치도 익산시 춘포면 천서리 483, 484-14, 484-16 토지",,,,정상가동,96.6,380,60,2022,,,,,2024-09-27
초록이발전소,,"전북특별자치도 익산시 춘포면 천서리 483-3, 484-1, 484-7 토지",,,,정상가동,96.6,380,60,2022,,,,,2024-09-27
영우원 태양광발전소,,"전북특별자치도 익산시 춘포면 천서리 485-3, 486-1 토지",,,,정상가동,99.36,380,60,2022,,,,,2024-09-27
한빛 태양광발전소,,"전북특별자치도 익산시 춘포면 천서리 500-3, 507-2, 508-3, 515-11 토지",,,,정상가동,99.36,380,60,2022,,,,,2024-09-27
수에너지 태양광발전소,,"전북특별자치도 익산시 춘포면 천서리 500-4, 507-1, 508-2, 515-6, 515-10 토지",,,,정상가동,49.02,380,60,2023,,,,,2024-09-27
유정 태양광발전소,,"전북특별자치도 익산시 춘포면 천서리 507, 508-1, 509-19, 509-26, 509-30, 515-5 토지",,,,정상가동,49.14,380,60,2022,,,,,2024-09-27
금빛 태양광발전소,,"전북특별자치도 익산시 춘포면 천서리 507-3, 508-4 토지",,,,정상가동,99.36,380,60,2023,,,,,2024-09-27
병주 태양광발전소,,"전북특별자치도 익산시 춘포면 천서리 509, 509-15 토지",,,,정상가동,99.36,380,60,2023,,,,,2024-09-27
그레이스 태양광발전소,,"전북특별자치도 익산시 춘포면 천서리 509-1, 509-4, 509-6, 509-12, 509-22 토지",,,,정상가동,99.36,380,60,2023,,,,,2024-09-27
선일 태양광발전소,,"전북특별자치도 익산시 춘포면 천서리 509-13, 509-16, 509-23, 509-27 토지",,,,정상가동,218.96,380,60,2022,,,,,2024-09-27
덕순 태양광발전소,,"전북특별자치도 익산시 춘포면 천서리 509-14, 509-17, 509-21, 509-24, 509-28 토지",,,,정상가동,99.0,380,60,2022,,,,,2024-09-27
정우 태양광발전소,,"전북특별자치도 익산시 춘포면 천서리 509-18, 509-20, 509-25, 509-29 토지",,,,정상가동,72.0,380,60,2021,,,,,2024-09-27
백광 태양광발전소,,"전북특별자치도 익산시 춘포면 천서리 515-7, 516, 517 토지",,,,정상가동,50.0,380,60,2022,,,,,2024-09-27
훈 태양광발전소,,"전북특별자치도 익산시 춘포면 천서리 515-8, 516-1, 517-2 토지",,,,정상가동,99.9,380,60,2022,,,,,2024-09-27
에코망성2호발전소,,전북특별자치도 익산시 춘포면 천서리 523-5 - 토지,35.9421809209025,127.030324353432,,정상가동,99.9,380,60,2022,,,,,2024-09-27
창동2호 태양광발전소,,전북특별자치도 익산시 춘포면 천서리 524 (분할전) - 토지,35.9432282025168,127.029812940554,,정상가동,99.9,380,60,2022,,,,,2024-09-27
세진발전소,,전북특별자치도 익산시 춘포면 천서리 524-2 - 토지,35.9428606740893,127.029820228088,,정상가동,99.9,380,60,2022,,,,,2024-09-27
혜일1호천서발전소,,전북특별자치도 익산시 춘포면 천서리 525-1 - 토지,35.9432169117879,127.029550380061,,정상가동,74.12,380,60,2022,,,,,2024-09-27
부자2호발전소,,전북특별자치도 익산시 춘포면 천서리 530 - 토지,35.9446287325461,127.030531325238,,정상가동,99.9,380,60,2022,,,,,2024-09-27
씨엠에스천서2호발전소,,전북특별자치도 익산시 춘포면 천서리 531-2 - 토지,35.9449855819039,127.030343490653,,정상가동,99.9,380,60,2022,,,,,2024-09-27
여명 태양광발전소,,전북특별자치도 익산시 춘포면 천서리 532 (분할전) - 토지,35.9455719571958,127.030942768714,,정상가동,99.51,380,60,2022,,,,,2024-09-27
코난 태양광발전소,,전북특별자치도 익산시 춘포면 천서리 532 (분할전) - 토지,35.9455719571958,127.030942768714,,정상가동,99.36,380,60,2022,,,,,2024-09-27
룩스1호 태양광발전소,,전북특별자치도 익산시 춘포면 천서리 588-2(건물상부),35.9510361487353,127.031427500636,,정상가동,99.36,380,60,2022,,,,,2024-09-27
천서2 태양광발전소,,전북특별자치도 익산시 춘포면 천서리 628-1 - 건물상부(주1),35.9456785276249,127.041019452996,,정상가동,99.36,380,60,2022,,,,,2024-09-27
천서3 태양광발전소,,전북특별자치도 익산시 춘포면 천서리 628-11 - 건물상부,35.944370370677,127.043339701422,,정상가동,99.36,380,60,2022,,,,,2024-09-27
천서1 태양광발전소,,"전북특별자치도 익산시 춘포면 천서리 629-6 - 건물상부(제1동, 제2동, 제3동)",35.9444094932158,127.040741828838,,정상가동,99.36,380,60,2022,,,,,2024-09-27
서동 태양광발전소,,전북특별자치도 익산시 팔봉동 265 - 건물상부,35.9646692377291,127.01420271373,,정상가동,99.36,380,60,2022,,,,,2024-09-27
주식회사 천우산업(천우산업태양광발전소),,전북특별자치도 익산시 팔봉동 879-4 - 건물상부(주1),35.9576242489259,127.009655710637,,정상가동,99.36,380,60,2022,,,,,2024-09-27
BM태양광발전소,,전북특별자치도 익산시 팔봉동 879-6 - 건물상부(주1),35.9573293317278,127.010038549635,,정상가동,99.36,380,60,2022,,,,,2024-09-27
김영문2호 태양광발전소,,"전북특별자치도 익산시 평화동 236-5, 238-5 - 건물상부",,,,정상가동,99.36,380,60,2022,,,,,2024-09-27
주식회사 세진실업,전북특별자치도 익산시 학곤로 95-24 - 건물상부,,35.9376033069047,126.934920577523,,정상가동,19.57,380,60,2022,,,,,2024-09-27
에스와이태양광,,전북특별자치도 익산시 함라면 금성리 279-1 - 토지,36.075503866366,126.918001100621,,정상가동,46.08,380,60,2022,,,,,2024-09-27
금성2발전소,,"전북특별자치도 익산시 함라면 금성리 279-3, 281 - 토지",,,,정상가동,98.28,380,60,2022,,,,,2024-09-27
제이엠에너지,,"전북특별자치도 익산시 함라면 금성리 279-4, 281-4 - 토지",,,,정상가동,99.68,380,60,2022,,,,,2024-09-27
한솔2태양광,,"전북특별자치도 익산시 함라면 금성리 281-1, 281-5 - 토지",,,,정상가동,99.68,380,60,2022,,,,,2024-09-27
천혜우발전소2호,,"전북특별자치도 익산시 함라면 금성리 284-11, 284-16, 284-22, 284-26 토지",,,,정상가동,99.84,380,60,2022,,,,,2024-09-27
천혜우발전소3호,,"전북특별자치도 익산시 함라면 금성리 284-23, 284-25, 284-27 토지",,,,정상가동,99.12,380,60,2022,,,,,2024-09-27
금성153 태양광발전소,,"전북특별자치도 익산시 함라면 금성리 384-8, 393, 394-2 - 토지",,,,정상가동,99.12,380,60,2022,,,,,2024-09-27
천혜우발전소1호,,전북특별자치도 익산시 함라면 금성리 535-2 - 건물상부,36.0686459597298,126.915459973169,,정상가동,99.12,380,60,2022,,,,,2024-09-27
로만전력다망리1차발전소,,전북특별자치도 익산시 함라면 다망리 1221-17 토지,36.0309025295832,126.909298511526,,정상가동,99.12,380,60,2022,,,,,2024-09-27
로만전력다망리3차발전소,,전북특별자치도 익산시 함라면 다망리 1221-35 토지,36.0308373204438,126.909709554575,,정상가동,19.26,380,60,2021,,,,,2024-09-27
로만전력다망리2차발전소,,전북특별자치도 익산시 함라면 다망리 1221-36 토지,36.0304455863819,126.909391014578,,정상가동,99.36,380,60,2022,,,,,2024-09-27
인의전력다망리1차발전소,,전북특별자치도 익산시 함라면 다망리 1221-37 토지,36.0304327379348,126.909801551677,,정상가동,99.65,380,60,2022,,,,,2024-09-27
다망이태양광발전소,,전북특별자치도 익산시 함라면 다망리 1221-38 토지,36.0304917785802,126.910175281923,,정상가동,99.36,380,60,2022,,,,,2024-09-27
인의전력다망리3차발전소,,전북특별자치도 익산시 함라면 다망리 1222-20 토지,36.0301948372967,126.908524214502,,정상가동,99.36,380,60,2022,,,,,2024-09-27
서란다망리1차발전소,,전북특별자치도 익산시 함라면 다망리 1222-21 토지,36.0302281150589,126.908908845599,,정상가동,99.45,380,60,2023,,,,,2024-09-27
서란다망리2차발전소,,전북특별자치도 익산시 함라면 다망리 1222-22 토지,36.0302869255936,126.909213007701,,정상가동,99.45,380,60,2023,,,,,2024-09-27
인의전력다망리2차발전소,,"전북특별자치도 익산시 함라면 다망리 1222-6, 1222-18 토지",,,,정상가동,99.28,380,60,2022,,,,,2024-09-27
망월태양광발전소,,"전북특별자치도 익산시 함라면 다망리 995, 997, 999 - 건물상부",,,,정상가동,99.19,380,60,2022,,,,,2024-09-27
반석1호 태양광발전소,,전북특별자치도 익산시 함라면 신대리 197-34 토지,36.0388462260646,126.90776387283,,정상가동,99.19,380,60,2022,,,,,2024-09-27
반석2호 태양광발전소,,전북특별자치도 익산시 함라면 신대리 197-35 토지,36.0383287293136,126.907865674613,,정상가동,99.19,380,60,2022,,,,,2024-09-27
우진 태양광발전소,,전북특별자치도 익산시 함라면 신대리 685-9 토지,36.0381000784618,126.908796474562,,정상가동,99.19,380,60,2022,,,,,2024-09-27
권능 태양광발전소,,"전북특별자치도 익산시 함라면 신등리 1005-2, 1005-28 (원지번 : 1005-2, 1005-28) - 토지",,,,정상가동,99.51,220+380,60,2021,,,,,2024-09-27
소병임 태양광발전소,,"전북특별자치도 익산시 함라면 신등리 1005-29, 1005-32 (원지번 : 1005-2, 1005-28) - 토지",,,,정상가동,29.58,380,60,2022,,,,,2024-09-27
정한수 태양광발전소,,"전북특별자치도 익산시 함라면 신등리 1005-31, 1005-36 (원지번 : 1005-2, 1005-28) - 토지",,,,정상가동,29.58,380,60,2022,,,,,2024-09-27
정대업 태양광발전소,,전북특별자치도 익산시 함라면 신등리 1005-33 (원지번 : 1005-28) - 토지,36.0377011607057,126.886575759704,,정상가동,99.19,380,60,2022,,,,,2024-09-27
정미경 태양광발전소,,전북특별자치도 익산시 함라면 신등리 1005-34 (원지번 : 1005-28) - 토지,36.0376479282581,126.886893853391,,정상가동,99.19,380,60,2022,,,,,2024-09-27
찬용 태양광발전소,,전북특별자치도 익산시 함라면 신등리 1006-2 (원지번 : 1006-2) - 토지,36.0373209570802,126.886220894787,,정상가동,99.19,380,60,2022,,,,,2024-09-27
효순 태양광발전소,,전북특별자치도 익산시 함라면 신등리 1006-4 (원지번 : 1006-2) - 토지,36.0372676161708,126.886613886388,,정상가동,99.19,380,60,2022,,,,,2024-09-27
철석 태양광발전소,,전북특별자치도 익산시 함라면 신등리 1006-5 (원지번 : 1006-2) - 토지,36.0369933995954,126.886547147952,,정상가동,99.19,380,60,2022,,,,,2024-09-27
주희 태양광발전소,,전북특별자치도 익산시 함라면 신등리 1006-7 (원지번 : 1006-2) - 토지,36.0371104764199,126.887032213959,,정상가동,63.7,380,60,2023,,,,,2024-09-27
한수 태양광발전소,,전북특별자치도 익산시 함라면 신등리 1006-8 (원지번 : 1006-2) - 토지,36.0367114569391,126.887174813611,,정상가동,29.58,380,60,2022,,,,,2024-09-27
신등1호태양광발전소,,전북특별자치도 익산시 함라면 신등리 561 토지,36.0256677657889,126.897262064335,,정상가동,29.58,380,60,2022,,,,,2024-09-27
(주)지와이에너지 신등6호태양광발전소,,"전북특별자치도 익산시 함라면 신등리 561-10, 562, 562-3 토지",,,,정상가동,29.58,380,60,2022,,,,,2024-09-27
신등2호태양광발전소,,전북특별자치도 익산시 함라면 신등리 561-6 토지,36.0254257383878,126.897312081896,,정상가동,59.15,380,60,2022,,,,,2024-09-27
신등3호태양광발전소,,전북특별자치도 익산시 함라면 신등리 561-7 토지,36.0252981658417,126.897045203343,,정상가동,99.43,380,60,2022,,,,,2024-09-27
신등4호태양광발전소,,전북특별자치도 익산시 함라면 신등리 561-8 토지,36.0251144416382,126.896982758711,,정상가동,99.45,380,60,2022,,,,,2024-09-27
(주)지와이에너지 신등5호태양광발전소,,전북특별자치도 익산시 함라면 신등리 561-9 토지,36.0249273638726,126.896898240827,,정상가동,220.8,380,60,2021,,,,,2024-09-27
(주)케이엠솔라 신등12호태양광발전소,,전북특별자치도 익산시 함라면 신등리 562-10 토지,36.0234948981013,126.897048325892,,정상가동,36.4,380,60,2021,,,,,2024-09-27
(주)엔에이치에너지 신등7호태양광발전소,,전북특별자치도 익산시 함라면 신등리 562-2 토지,36.024352371149,126.8968886722,,정상가동,79.2,380,60,2022,,,,,2024-09-27
신등8호태양광발전소,,전북특별자치도 익산시 함라면 신등리 562-4 토지,36.0241713774428,126.897172367908,,정상가동,99.84,380,60,2022,,,,,2024-09-27
신등9호태양광발전소,,"전북특별자치도 익산시 함라면 신등리 562-5, 562-7 토지",,,,정상가동,99.84,380,60,2022,,,,,2024-09-27
(주)엔에이치에너지 신등10호태양광발전소,,전북특별자치도 익산시 함라면 신등리 562-8 토지,36.0238319651815,126.897056651881,,정상가동,99.84,380,60,2022,,,,,2024-09-27
(주)케이엠솔라 신등11호태양광발전소,,전북특별자치도 익산시 함라면 신등리 562-9 토지,36.0236622033921,126.897091486761,,정상가동,99.84,380,60,2022,,,,,2024-09-27
다송1호 태양광발전소,,"전북특별자치도 익산시 함열읍 다송리 247, 717-31 (본지번 : 247, 717-31) - 토지",,,,정상가동,99.84,380,60,2022,,,,,2024-09-27
다송2호 태양광발전소,,"전북특별자치도 익산시 함열읍 다송리 247-27, 717-62 (본지번 : 247, 717-31) - 토지",,,,정상가동,99.65,380,60,2022,,,,,2024-09-27
다송3호 태양광발전소,,"전북특별자치도 익산시 함열읍 다송리 247-28, 717-63 (본지번 : 247, 717-31) - 토지",,,,정상가동,99.65,380,60,2022,,,,,2024-09-27
다송4호 태양광발전소,,"전북특별자치도 익산시 함열읍 다송리 247-29, 717-64 (본지번 : 247, 717-31) - 토지",,,,정상가동,99.65,380,60,2022,,,,,2024-09-27
다송5호 태양광발전소,,"전북특별자치도 익산시 함열읍 다송리 247-30, 717-65 (본지번 : 247, 717-31) - 토지",,,,정상가동,99.84,380,60,2022,,,,,2024-09-27
창민태양광,,전북특별자치도 익산시 함열읍 다송리 506-11 토지,36.0365716587189,126.94819646984,,정상가동,99.84,380,60,2022,,,,,2024-09-27
하늘태양광,,전북특별자치도 익산시 함열읍 다송리 506-18 - 토지,36.0369287701763,126.948720194452,,정상가동,99.84,380,60,2022,,,,,2024-09-27
신우1,,전북특별자치도 익산시 함열읍 다송리 506-19 토지,36.0366389690968,126.948799497323,,정상가동,99.84,380,60,2022,,,,,2024-09-27
훈에너지,,전북특별자치도 익산시 함열읍 다송리 506-20 - 토지,36.0364438904602,126.94888683851,,정상가동,91.08,380,60,2022,,,,,2024-09-27
시우에너지,,전북특별자치도 익산시 함열읍 다송리 506-21 - 토지,36.0361915189951,126.949033801797,,정상가동,29.96,380,60,2021,,,,,2024-09-27
근영8호 태양광발전소,,전북특별자치도 익산시 함열읍 다송리 517-6 (원지번 : 517-1) - 토지,36.0402771112058,126.948113037881,,정상가동,49.92,380,60,2022,,,,,2024-09-27
근영7호 태양광발전소,,전북특별자치도 익산시 함열읍 다송리 517-7 (원지번 : 517-1) - 토지,36.0398519447856,126.948397831671,,정상가동,99.84,380,60,2022,,,,,2024-09-27
근영9호 태양광발전소,,전북특별자치도 익산시 함열읍 다송리 518 - 토지,36.0400717968118,126.947871267687,,정상가동,99.82,380,60,2022,,,,,2024-09-27
다송리2호 태양광발전소,,전북특별자치도 익산시 함열읍 다송리 520-76 - 토지,36.0406918143376,126.946987344442,,정상가동,99.82,380,60,2022,,,,,2024-09-27
다송리6호 태양광발전소,,전북특별자치도 익산시 함열읍 다송리 521 - 토지,36.0411929863283,126.946782496114,,정상가동,99.0,380,60,2022,,,,,2024-09-27
다송리1호 태양광발전소,,전북특별자치도 익산시 함열읍 다송리 521-17 - 토지,36.0405712823944,126.946901870257,,정상가동,99.0,380,60,2022,,,,,2024-09-27
HMH 함열2호 태양광발전소,,전북특별자치도 익산시 함열읍 다송리 521-2 - 토지,36.0409396964793,126.946884423068,,정상가동,99.34,380,60,2022,,,,,2024-09-27
유성2호 태양광발전소,,전북특별자치도 익산시 함열읍 다송리 521-5 - 토지,36.041038363108,126.946844297754,,정상가동,99.36,380,60,2022,,,,,2024-09-27
KJP 함열1호 태양광발전소,,전북특별자치도 익산시 함열읍 다송리 521-7 - 토지,36.0408176915862,126.946932553539,,정상가동,29.58,380,60,2021,,,,,2024-09-27
근영6호 태양광발전소,,전북특별자치도 익산시 함열읍 다송리 522 - 토지,36.0414339334614,126.946690009061,,정상가동,19.98,380,60,2021,,,,,2024-09-27
근영5호 태양광발전소,,전북특별자치도 익산시 함열읍 다송리 528-1 (본지번 : 528-1) - 토지,36.042334303928,126.946789828835,,정상가동,95.4,380,60,2021,,,,,2024-09-27
근영4호 태양광발전소,,"전북특별자치도 익산시 함열읍 다송리 528-15, 530 (본지번 : 528-1, 530) - 토지",,,,정상가동,63.7,380,60,2023,,,,,2024-09-27
근영3호 태양광발전소,,"전북특별자치도 익산시 함열읍 다송리 528-16, 530-5 (본지번 : 528-1, 530) - 토지",,,,정상가동,98.04,380,60,2022,,,,,2024-09-27
근영2호 태양광발전소,,"전북특별자치도 익산시 함열읍 다송리 528-17, 530-6 (본지번 : 528-1, 530) - 토지",,,,정상가동,29.58,380,60,2022,,,,,2024-09-27
근영1호 태양광발전소,,"전북특별자치도 익산시 함열읍 다송리 528-18, 530-7 (본지번 : 528-1, 530) - 토지",,,,정상가동,99.75,380,60,2022,,,,,2024-09-27
함열이 태양광발전소,,"전북특별자치도 익산시 함열읍 다송리 528-19, 530-8 (본지번 : 528-1, 530) - 토지",,,,정상가동,99.75,380,60,2022,,,,,2024-09-27
가람4호 태양광발전소,,"전북특별자치도 익산시 함열읍 다송리 528-20, 529-2, 530-9 (본지번 : 528-1, 529-2, 530) - 토지",,,,정상가동,99.75,380,60,2022,,,,,2024-09-27
유로피언즈3호 태양광발전소,,"전북특별자치도 익산시 함열읍 다송리 528-21, 529-6 (본지번 : 528-1, 529-2) - 토지",,,,정상가동,99.75,380,60,2022,,,,,2024-09-27
다송리8호 태양광발전소,,전북특별자치도 익산시 함열읍 다송리 528-6 - 토지,36.0417658965913,126.946579816086,,정상가동,99.75,380,60,2022,,,,,2024-09-27
성현 태양광발전소,,"전북특별자치도 익산시 함열읍 다송리 531, 517-1 (원지번 : 531, 517-1) - 토지",,,,정상가동,99.75,380,60,2022,,,,,2024-09-27
희연선 태양광발전소,,전북특별자치도 익산시 함열읍 다송리 531-1 (원지번 : 531) - 토지,36.0399803248444,126.948713333557,,정상가동,99.75,380,60,2022,,,,,2024-09-27
다송8호 태양광발전소,,"전북특별자치도 익산시 함열읍 다송리 717-58, 717-69 (본지번 : 717-29, 717-31) - 토지",,,,정상가동,99.75,380,60,2022,,,,,2024-09-27
다송7호 태양광발전소,,"전북특별자치도 익산시 함열읍 다송리 717-59, 717-68 (본지번 : 717-29, 717-31) - 토지",,,,정상가동,99.75,380,60,2022,,,,,2024-09-27
다송6호 태양광발전소,,"전북특별자치도 익산시 함열읍 다송리 717-61, 717-66 (본지번 : 717-29, 717-31) - 토지",,,,정상가동,99.75,380,60,2022,,,,,2024-09-27
대지2호 태양광발전소,,전북특별자치도 익산시 함열읍 다송리 738-12 (분할전) - 토지,36.0369831784218,126.95059029946,,정상가동,99.75,380,60,2022,,,,,2024-09-27
대지3호 태양광발전소,,전북특별자치도 익산시 함열읍 다송리 738-21 - 토지,36.0370319379865,126.951037332007,,정상가동,99.75,380,60,2022,,,,,2024-09-27
다송1호 태양광발전소,,전북특별자치도 익산시 함열읍 다송리 738-22 - 토지,36.0366501879016,126.95106220159,,정상가동,99.75,380,60,2022,,,,,2024-09-27
민진 태양광발전소,,전북특별자치도 익산시 함열읍 다송리 738-7 - 토지,36.0369761812396,126.950232786833,,정상가동,99.75,380,60,2022,,,,,2024-09-27
정열태양광발전소,,전북특별자치도 익산시 함열읍 석매리 106-1 - 토지,36.0472416394783,126.970490584241,,정상가동,99.75,380,60,2022,,,,,2024-09-27
슬기태양광발전소,,전북특별자치도 익산시 함열읍 석매리 106-5 - 토지,36.0468149266967,126.970563987,,정상가동,99.75,380,60,2022,,,,,2024-09-27
종수 태양광발전소,,전북특별자치도 익산시 함열읍 석매리 1128-7 (분할전) - 토지,36.0497445284226,126.970138179203,,정상가동,99.75,380,60,2022,,,,,2024-09-27
석매6호 태양광발전소,,전북특별자치도 익산시 함열읍 석매리 1247-7 (분할전) - 토지,36.046064008933,126.965754100152,,정상가동,99.75,380,60,2022,,,,,2024-09-27
석매5호 태양광발전소,,전북특별자치도 익산시 함열읍 석매리 1247-7 (분할전) - 토지,36.046064008933,126.965754100152,,정상가동,99.75,380,60,2022,,,,,2024-09-27
석매3호 태양광발전소,,전북특별자치도 익산시 함열읍 석매리 1247-7 (분할전) - 토지,36.046064008933,126.965754100152,,정상가동,99.75,380,60,2022,,,,,2024-09-27
석매4호 태양광발전소,,전북특별자치도 익산시 함열읍 석매리 1247-7 (분할전) - 토지,36.046064008933,126.965754100152,,정상가동,99.75,380,60,2022,,,,,2024-09-27
영웅 태양광 발전소,,"전북특별자치도 익산시 함열읍 석매리 367, 367-3 - 건물상부",,,,정상가동,99.75,380,60,2022,,,,,2024-09-27
성회 태양광발전소,,"전북특별자치도 익산시 함열읍 석매리 620, 1231-16 - 토지",,,,정상가동,99.75,380,60,2022,,,,,2024-09-27
제이 태양광발전소,,전북특별자치도 익산시 함열읍 석매리 751-1 - 토지,36.0506323172318,126.957049484663,,정상가동,99.75,380,60,2022,,,,,2024-09-27
수미3호 태양광발전소,,전북특별자치도 익산시 함열읍 석매리 751-2 - 토지,36.050249556319,126.95727320598,,정상가동,99.75,380,60,2022,,,,,2024-09-27
고스락 태양광발전소,,전북특별자치도 익산시 함열읍 석매리 804 - 건물상부(주1),36.0467481139898,126.960431668646,,정상가동,99.75,380,60,2022,,,,,2024-09-27
황양택 태양광발전소,,전북특별자치도 익산시 함열읍 와리 23 - 토지,36.0690107738206,126.968885298624,,정상가동,51.52,380,60,2021,,,,,2024-09-27
황유찬 태양광발전소,,전북특별자치도 익산시 함열읍 와리 23-2 토지,36.0690107738206,126.968885298624,,정상가동,99.88,380,60,2021,,,,,2024-09-27
황도윤 태양광발전소,,전북특별자치도 익산시 함열읍 와리 23-3 토지,36.0690107738206,126.968885298624,,정상가동,99.65,220+380,60,2021,,,,,2024-09-27
조은 태양광발전소,,전북특별자치도 익산시 함열읍 와리 547-6 - 건물상부,36.078285747746,126.95859471553,,정상가동,99.51,220+380,60,2021,,,,,2024-09-27
연수 태양광발전소,,전북특별자치도 익산시 함열읍 용지리 358 - 토지,36.0469192244731,126.950189463824,,정상가동,99.51,220+380,60,2021,,,,,2024-09-27
지순 태양광발전소,,전북특별자치도 익산시 함열읍 용지리 362 - 토지,36.0472965534,126.949294540164,,정상가동,99.51,220+380,60,2021,,,,,2024-09-27
영수 태양광발전소,,전북특별자치도 익산시 함열읍 용지리 363 (분할전) - 토지,36.0471179390718,126.949102556228,,정상가동,99.51,220+380,60,2021,,,,,2024-09-27
영옥 태양광발전소,,전북특별자치도 익산시 함열읍 용지리 368-1 - 토지,36.0466872350944,126.948872449721,,정상가동,99.51,220+380,60,2021,,,,,2024-09-27
진배 태양광발전소,,전북특별자치도 익산시 함열읍 용지리 368-2 - 토지,36.0464366280089,126.949353797091,,정상가동,99.51,220+380,60,2021,,,,,2024-09-27
소망 태양광발전소,,전북특별자치도 익산시 함열읍 흘산리 33-103 (원지번 33-103) - 토지,36.0687511323491,126.976853065664,,정상가동,99.51,220+380,60,2021,,,,,2024-09-27
현대2호 태양광발전소,,전북특별자치도 익산시 함열읍 흘산리 33-107 (원지번 : 33-107) - 토지,36.068546175431,126.978195182614,,정상가동,99.82,380,60,2022,,,,,2024-09-27
스마일2호 태양광발전소,,전북특별자치도 익산시 함열읍 흘산리 33-111 (원지번 : 33-111) - 토지,36.0680236115775,126.977045095093,,정상가동,98.28,380,60,2022,,,,,2024-09-27
한빛 태양광발전소,,전북특별자치도 익산시 함열읍 흘산리 33-122 토지,36.0677391001412,126.975698028356,,정상가동,24.57,380,60,2021,,,,,2024-09-27
도현5호 태양광발전소,,전북특별자치도 익산시 함열읍 흘산리 33-173 (원지번 : 33-103) - 토지,36.0683544867781,126.97676448866,,정상가동,28.67,380,60,2021,,,,,2024-09-27
도현4호 태양광발전소,,전북특별자치도 익산시 함열읍 흘산리 33-175 (원지번 : 33-103) - 토지,36.0684378182659,126.977067952867,,정상가동,98.0,220+380,60,2022,,,,,2024-09-27
수 태양광발전소,,전북특별자치도 익산시 함열읍 흘산리 33-176 (원지번 : 33-107) - 토지,36.0683819173451,126.977893959552,,정상가동,50.49,220+380,380,2022,,,,,2024-09-27
현대1호 태양광발전소,,전북특별자치도 익산시 함열읍 흘산리 33-177 (원지번 : 33-107) - 토지,36.0681916036314,126.978028217888,,정상가동,99.36,380,60,2021,,,,,2024-09-27
원 태양광발전소,,전북특별자치도 익산시 함열읍 흘산리 33-178 (원지번 : 33-107) - 토지,36.0681194109912,126.978002928839,,정상가동,99.6,380,60,2022,,,,,2024-09-27
주형 태양광발전소,,전북특별자치도 익산시 함열읍 흘산리 33-179 (원지번 : 33-107) - 토지,36.0677434043878,126.977915118031,,정상가동,99.6,380,60,2022,,,,,2024-09-27
대경1호 태양광발전소,,전북특별자치도 익산시 함열읍 흘산리 33-181 (원지번 : 33-107) - 토지,36.0684909086532,126.978574170495,,정상가동,99.9,380,60,2022,,,,,2024-09-27
대경2호 태양광발전소,,전북특별자치도 익산시 함열읍 흘산리 33-182 (원지번 : 33-107) - 토지,36.0682432818868,126.978739524253,,정상가동,99.9,380,60,2022,,,,,2024-09-27
표 태양광발전소,,전북특별자치도 익산시 함열읍 흘산리 33-183 (원지번 : 33-111) - 토지,36.0680224321333,126.977478791182,,정상가동,50.4,380,60,2022,,,,,2024-09-27
현경 태양광발전소,,전북특별자치도 익산시 함열읍 흘산리 33-185 (원지번 : 33-122) - 토지,36.0673795644447,126.975958443072,,정상가동,99.9,380,60,2022,,,,,2024-09-27
해바라기 태양광발전소,,전북특별자치도 익산시 함열읍 흘산리 33-186 (원지번 : 33-122) - 토지,36.0671550057961,126.976089828633,,정상가동,99.9,380,60,2022,,,,,2024-09-27
해인 태양광발전소,,전북특별자치도 익산시 함열읍 흘산리 33-187 (원지번 : 33-122) - 토지,36.0668035700739,126.976298842787,,정상가동,99.9,380,60,2022,,,,,2024-09-27
이화 태양광발전소,,전북특별자치도 익산시 함열읍 흘산리 33-188 (원지번 : 33-122) - 토지,36.0671872752994,126.976575126714,,정상가동,99.9,380,60,2022,,,,,2024-09-27
김여사 태양광발전소,,전북특별자치도 익산시 함열읍 흘산리 33-189 (원지번 : 33-122) - 토지,36.0673764386337,126.977022638319,,정상가동,99.9,380,60,2022,,,,,2024-09-27
톰토이3호 태양광발전소,,전북특별자치도 익산시 함열읍 흘산리 33-190 (원지번 : 33-122) - 토지,36.0676100803393,126.977256234255,,정상가동,99.9,380,60,2022,,,,,2024-09-27
광열2호 태양광발전소,,전북특별자치도 익산시 함열읍 흘산리 551-10 - 토지,36.0681552286454,126.975420831924,,정상가동,99.9,380,60,2022,,,,,2024-09-27
만석태양광발전소,,전북특별자치도 익산시 현영동 197-14 - 토지,35.9721963912869,126.930050039417,,정상가동,99.9,380,60,2022,,,,,2024-09-27
조성배 태양광발전소,,전북특별자치도 익산시 현영동 199-1 - 건물상부(주1),35.9732020831231,126.929896814218,,정상가동,99.9,380,60,2022,,,,,2024-09-27
주성 태양광발전소,,전북특별자치도 익산시 황등면 구자리 143-12 (분할전) - 토지,36.0421361667954,126.927154652502,,정상가동,99.9,380,60,2022,,,,,2024-09-27
우주 태양광발전소,,전북특별자치도 익산시 황등면 구자리 143-27 - 토지,36.0422564142639,126.927491220465,,정상가동,99.9,380,60,2022,,,,,2024-09-27
세인1호 태양광,,전북특별자치도 익산시 황등면 구자리 147-41 (분할전) - 토지,36.0437011083211,126.927089957737,,정상가동,99.84,380,60,2022,,,,,2024-09-27
희망3 태양광발전소,,전북특별자치도 익산시 황등면 구자리 149-15 (본지번 : 149-2) - 토지,36.0438553468375,126.928500920743,,정상가동,99.84,380,60,2022,,,,,2024-09-27
희망4 태양광발전소,,전북특별자치도 익산시 황등면 구자리 149-16 (본지번 : 149-2) - 토지,36.0435737944147,126.928485639437,,정상가동,150.0,380,60,2022,,,,,2024-09-27
희망2 태양광발전소,,전북특별자치도 익산시 황등면 구자리 149-18 - 토지,36.0441573392805,126.928637586242,,정상가동,27.6,220+380,60,2021,,,,,2024-09-27
희망1 태양광발전소,,전북특별자치도 익산시 황등면 구자리 149-2 (본지번 : 149-2) - 토지,36.0444072233923,126.928897034325,,정상가동,99.9,220+380,60,2021,,,,,2024-09-27
성모1호 태양광발전소,,전북특별자치도 익산시 황등면 구자리 188-10 토지,36.0486220255752,126.925832373005,,정상가동,99.9,220+380,60,2021,,,,,2024-09-27
성모2호 태양광발전소,,전북특별자치도 익산시 황등면 구자리 188-67 토지,36.0488477727399,126.925962005324,,정상가동,99.9,220+380,60,2021,,,,,2024-09-27
아진 태양광발전소,,전북특별자치도 익산시 황등면 구자리 2-15 (원지번 : 2-15) - 토지,36.0472628108202,126.928830655603,,정상가동,400.0,380,60,2022,,,,,2024-09-27
엘림2 태양광발전소,,전북특별자치도 익산시 황등면 구자리 2-40 (원지번 : 2-15) - 토지,36.0470043506707,126.929002234035,,정상가동,499.0,380,60,2022,,,,,2024-09-27
서원 태양광발전소,,전북특별자치도 익산시 황등면 구자리 2-41 (원지번 : 2-15) - 토지,36.0467586550036,126.929271124913,,정상가동,499.0,380,60,2022,,,,,2024-09-27
미래 태양광발전소,,전북특별자치도 익산시 황등면 구자리 2-42 (원지번 : 2-15) - 토지,36.0464632764769,126.929344965216,,정상가동,29.4,380,60,2022,,,,,2024-09-27
비젼 태양광발전소,,전북특별자치도 익산시 황등면 구자리 33-1 토지,36.0369495158715,126.926276511391,,정상가동,314.94,380,60,2022,,,,,2024-09-27
동산 태양광발전소,,전북특별자치도 익산시 황등면 구자리 33-19 토지,36.0366534658463,126.926282002467,,정상가동,19.6,380,60,2021,,,,,2024-09-27
프렌즈쓰리태양광발전소,,전북특별자치도 익산시 황등면 구자리 5-24 토지,36.0439292183529,126.930288041029,,정상가동,14.72,380,60,2022,,,,,2024-09-27
태동7호 태양광발전소,,전북특별자치도 익산시 황등면 구자리 5-25 토지,36.0436944366401,126.930112470538,,정상가동,28.8,220+380,60,2022,,,,,2024-09-27
영준태양광,,전북특별자치도 익산시 황등면 구자리 5-26 토지,36.0439019433636,126.929879581161,,정상가동,29.9,380,60,2021,,,,,2024-09-27
에스엠에너지1호발전소,,전북특별자치도 익산시 황등면 구자리 5-27 - 토지,36.0442076557988,126.929446410903,,정상가동,99.65,380,60,2023,,,,,2024-09-27
YN발전소,,전북특별자치도 익산시 황등면 구자리 5-9 - 토지,36.0442737922823,126.930193078645,,정상가동,999.64,22900,60,2021,,,,,2024-09-27
해온 태양광발전소,,전북특별자치도 익산시 황등면 구자리 69-10 토지,36.0408065985486,126.925560732793,,정상가동,19.11,380,60,2022,,,,,2024-09-27
다온 태양광발전소,,"전북특별자치도 익산시 황등면 구자리 69-12, 76 토지",,,,정상가동,99.68,380,60,2022,,,,,2024-09-27
은성 태양광발전소,,"전북특별자치도 익산시 황등면 구자리 69-13, 76-6 토지",,,,정상가동,29.04,380,60,2021,,,,,2024-09-27
한울 태양광발전소,,"전북특별자치도 익산시 황등면 구자리 69-14, 76-7 토지",,,,정상가동,19.8,380,60,2022,,,,,2024-09-27
토탈1호 태양광발전소,,전북특별자치도 익산시 황등면 구자리 69-15 토지,36.0405804795907,126.926729642098,,정상가동,99.9,380,60,2022,,,,,2024-09-27
토탈2호 태양광발전소,,전북특별자치도 익산시 황등면 구자리 69-17 토지,36.0406168231031,126.927064726642,,정상가동,99.9,380,60,2022,,,,,2024-09-27
구자4호 태양광발전소,,전북특별자치도 익산시 황등면 구자리 69-18 토지,36.0408179377557,126.927296794225,,정상가동,99.68,380,60,2021,,,,,2024-09-27
봉돌 태양광발전소,,"전북특별자치도 익산시 황등면 구자리 69-19, 69-21 토지",,,,정상가동,99.68,380,60,2021,,,,,2024-09-27
나래 태양광발전소,,"전북특별자치도 익산시 황등면 구자리 69-20, 69-22 토지",,,,정상가동,29.37,380,60,2021,,,,,2024-09-27
청광3호 태양광발전소,,전북특별자치도 익산시 황등면 구자리 69-23 - 토지,36.0400179181005,126.924525501605,,정상가동,99.68,380,60,2021,,,,,2024-09-27
도연 태양광발전소,,전북특별자치도 익산시 황등면 구자리 69-9 - 토지,36.0409241152251,126.925555295783,,정상가동,99.68,380,60,2021,,,,,2024-09-27
에스에이치2호 태양광발전소,,전북특별자치도 익산시 황등면 구자리 74-38 토지,36.0398568697127,126.927745644299,,정상가동,99.68,380,60,2021,,,,,2024-09-27
여가2호 태양광발전소,,전북특별자치도 익산시 황등면 구자리 74-39 토지,36.0404853132894,126.927625448712,,정상가동,99.68,380,60,2021,,,,,2024-09-27
여가3호 태양광발전소,,전북특별자치도 익산시 황등면 구자리 74-40 토지,36.0400188745003,126.927536770275,,정상가동,99.84,220+380,60,2021,,,,,2024-09-27
여가1호 태양광발전소,,전북특별자치도 익산시 황등면 구자리 74-9 토지,36.0406362391888,126.927725624158,,정상가동,47.04,220+380,60,2021,,,,,2024-09-27
금란 태양광발전소,,전북특별자치도 익산시 황등면 구자리 78-21 - 토지,36.0411358714204,126.927264876361,,정상가동,29.93,380,60,2021,,,,,2024-09-27
용생 태양광발전소,,전북특별자치도 익산시 황등면 구자리 78-22 토지,36.0411009042405,126.926969070564,,정상가동,80.0,380,60,2022,,,,,2024-09-27
제일 태양광발전소,,전북특별자치도 익산시 황등면 구자리 78-23 토지,36.0411498520858,126.926692051624,,정상가동,51.52,380,60,2022,,,,,2024-09-27
여가4호 태양광발전소,,"전북특별자치도 익산시 황등면 구자리 9-14, 9-39, 9-47, 15-47 토지",,,,정상가동,99.82,380,60,2022,,,,,2024-09-27
여가5호 태양광발전소,,"전북특별자치도 익산시 황등면 구자리 9-40, 15-10 토지",,,,정상가동,99.82,380,60,2022,,,,,2024-09-27
여가6호 태양광발전소,,"전북특별자치도 익산시 황등면 구자리 9-9, 9-45, 9-46, 15-33 토지",,,,정상가동,800.0,22900,60,2022,,,,,2024-09-27
고영 태양광,,"전북특별자치도 익산시 황등면 동연리 260, 261-5, 263-1 - 토지",,,,정상가동,270.73,220+380,60,2021,,,,,2024-09-27
힐탑3호 태양광,,"전북특별자치도 익산시 황등면 동연리 260-5, 261-6 - 토지",,,,정상가동,27.72,380,60,2021,,,,,2024-09-27
현섭 태양광,,전북특별자치도 익산시 황등면 동연리 260-6 - 토지,36.0112727386635,126.935643431584,,정상가동,99.65,380,60,2022,,,,,2024-09-27
은수 태양광,,전북특별자치도 익산시 황등면 동연리 260-7 - 토지,36.0111323072367,126.936622347619,,정상가동,99.65,380,60,2022,,,,,2024-09-27
현재 태양광,,전북특별자치도 익산시 황등면 동연리 261 - 토지,36.0116426161793,126.93600264106,,정상가동,499.0,380,60,2022,,,,,2024-09-27
신영 태양광,,"전북특별자치도 익산시 황등면 동연리 261-4, 263 - 토지",,,,정상가동,11.4,380,60,2021,,,,,2024-09-27
드림6 태양광발전소,,"전북특별자치도 익산시 황등면 동연리 264, 265-1, 265-3, 303-1 - 토지",,,,정상가동,49.95,220+380,60,2022,,,,,2024-09-27
한성 태양광,,"전북특별자치도 익산시 황등면 동연리 264-2, 265-4 - 토지",,,,정상가동,99.9,220+380,60,2022,,,,,2024-09-27
온수2호 태양광,,"전북특별자치도 익산시 황등면 동연리 265, 303 - 토지",,,,정상가동,99.9,220+380,60,2022,,,,,2024-09-27
나눔1 태양광,,"전북특별자치도 익산시 황등면 동연리 265-2, 303-2 - 토지",,,,정상가동,99.9,220+380,60,2022,,,,,2024-09-27
해비치A,,전북특별자치도 익산시 황등면 동연리 275 - 토지,36.0135642899218,126.931712485954,,정상가동,99.9,220+380,60,2022,,,,,2024-09-27
농업회사법인유한회사동연리하동1 2구마을회(동연마을태양광발전소),,전북특별자치도 익산시 황등면 동연리 326-5 - 건물상부(주1),36.0085985986744,126.933488294479,,정상가동,14.63,220+380,60,2021,,,,,2024-09-27
동연2호 태양광발전소,,전북특별자치도 익산시 황등면 동연리 632-19 - 토지,36.0014314309184,126.930117949552,,정상가동,95.68,380,60,2021,,,,,2024-09-27
서임2태양광발전소,,전북특별자치도 익산시 황등면 동연리 713-1- 토지,36.0026032517513,126.929719070646,,정상가동,45.0,380,60,2021,,,,,2024-09-27
미래 태양광발전소,,전북특별자치도 익산시 황등면 동연리 713-27 (원지번 : 713-1) - 토지,36.0023779772162,126.929776723325,,정상가동,19.11,220+380,60,2022,,,,,2024-09-27
하나 태양광발전소,,전북특별자치도 익산시 황등면 동연리 713-28 (원지번 : 713-1) - 토지,36.002176461246,126.929776347434,,정상가동,44.88,380,60,2021,,,,,2024-09-27
두손태양광발전소,,전북특별자치도 익산시 황등면 동연리 713-29 (원지번 : 713-1) - 토지,36.002019906331,126.929758074816,,정상가동,99.12,380,60,2021,,,,,2024-09-27
황등2호 태양광발전소,,"전북특별자치도 익산시 황등면 동연리 787, 787-2, 890-1 토지",,,,정상가동,99.12,380,60,2021,,,,,2024-09-27
치원 태양광발전소,,전북특별자치도 익산시 황등면 동연리 85-1 토지,36.0047492996322,126.936567450605,,정상가동,99.36,380,60,2021,,,,,2024-09-27
동진3호태양광발전소,,전북특별자치도 익산시 황등면 동연리 85-2 토지,36.004558362577,126.936291866968,,정상가동,99.36,380,60,2021,,,,,2024-09-27
기성태양광발전소,,전북특별자치도 익산시 황등면 동연리 85-4 토지,36.0041183975034,126.935480322067,,정상가동,99.36,380,60,2021,,,,,2024-09-27
우리 태양광발전소,,전북특별자치도 익산시 황등면 동연리 85-5 토지,36.0039182284372,126.935136427247,,정상가동,99.36,380,60,2021,,,,,2024-09-27
강산태양광발전소,,전북특별자치도 익산시 황등면 동연리 85-6 토지,36.0042615695483,126.936259829355,,정상가동,99.36,380,60,2021,,,,,2024-09-27
수상에너지태양광발전소,,전북특별자치도 익산시 황등면 동연리 85-7 토지,36.0040288300258,126.936013230764,,정상가동,99.36,380,60,2021,,,,,2024-09-27
썬비치A,,"전북특별자치도 익산시 황등면 동연리 882-15, 882-16 - 토지",,,,정상가동,99.51,380,60,2022,,,,,2024-09-27
행복 태양광발전소,,"전북특별자치도 익산시 황등면 동연리 889-2, 889-3 - 토지",,,,정상가동,99.51,380,60,2022,,,,,2024-09-27
황등 태양광발전소,,"전북특별자치도 익산시 황등면 동연리 890-18, 787-8 토지",,,,정상가동,99.51,380,60,2022,,,,,2024-09-27
황등1호 태양광발전소,,전북특별자치도 익산시 황등면 동연리 890-19 토지,36.0129405184336,126.927665612524,,정상가동,99.51,380,60,2022,,,,,2024-09-27
신성리태양광발전소2호,,전북특별자치도 익산시 황등면 신성리 128-5 - 토지,36.035365675215,126.929078479926,,정상가동,28.98,380,60,2021,,,,,2024-09-27
신성리태양광발전소3호,,전북특별자치도 익산시 황등면 신성리 128-6 - 토지,36.0351271093255,126.929060274682,,정상가동,49.92,380,60,2022,,,,,2024-09-27
은자 태양광발전소,,"전북특별자치도 익산시 황등면 신성리 452-3,452-4,452-7 - 토지",,,,정상가동,19.68,220,60,2021,,,,,2024-09-27
조은 태양광발전소,,전북특별자치도 익산시 황등면 용산리 411 (본지번 : 411) - 토지,36.0426616438669,126.94085708546,,정상가동,99.0,380,60,2022,,,,,2024-09-27
영광 태양광발전소,,전북특별자치도 익산시 황등면 용산리 411-104 (본지번 : 411) - 토지,36.0423193680136,126.940877870636,,정상가동,99.0,380,60,2022,,,,,2024-09-27
경양 태양광발전소,,전북특별자치도 익산시 황등면 용산리 411-105 (본지번 : 411) - 토지,36.0420203191806,126.94083403979,,정상가동,99.18,380,60,2024,,,,,2024-09-27
영광2호 태양광발전소,,전북특별자치도 익산시 황등면 용산리 411-106 (본지번 : 411) - 토지,36.0418328800718,126.941233442922,,정상가동,99.65,380,60,2022,,,,,2024-09-27
함께 태양광발전소,,전북특별자치도 익산시 황등면 율촌리 214 - 토지,36.028436769639,126.951333671028,,정상가동,80.54,380,60,2022,,,,,2024-09-27
우리 태양광발전소,,전북특별자치도 익산시 황등면 율촌리 214-1 - 토지,36.0282669598388,126.950847153203,,정상가동,19.2,380,60,2021,,,,,2024-09-27
승리 태양광발전소,,전북특별자치도 익산시 황등면 율촌리 214-54 - 토지,36.0281427392123,126.951434149599,,정상가동,99.82,380,60,2022,,,,,2024-09-27
시온 태양광발전소,,"전북특별자치도 익산시 황등면 율촌리 214-55, 752-12 - 토지",,,,정상가동,99.82,380,60,2022,,,,,2024-09-27
모두 태양광발전소,,"전북특별자치도 익산시 황등면 율촌리 214-56, 752-5 - 토지",,,,정상가동,98.56,380,60,2022,,,,,2024-09-27
연태양광발전소,,전북특별자치도 익산시 황등면 율촌리 40 - 토지,36.0122935924279,126.959662647421,,정상가동,98.56,380,60,2022,,,,,2024-09-27
순이쏠라발전소,,전북특별자치도 익산시 황등면 율촌리 40-6 토지,36.0118837110391,126.959659306615,,정상가동,98.56,380,60,2022,,,,,2024-09-27
신태양에너지,,전북특별자치도 익산시 황등면 율촌리 40-7 토지,36.0115294836253,126.960068691394,,정상가동,99.0,380,60,2021,,,,,2024-09-27
씨엠에스황등발전소,,전북특별자치도 익산시 황등면 율촌리 40-8 토지,36.0110451967674,126.960174647025,,정상가동,99.0,380,60,2021,,,,,2024-09-27
정운태양광발전소,,"전북특별자치도 익산시 황등면 율촌리 748-47, 748-50",,,,정상가동,99.0,380,60,2021,,,,,2024-09-27
영광 태양광발전소,,전북특별자치도 익산시 황등면 율촌리 752-10 - 토지,36.0277975670215,126.950987905371,,정상가동,99.0,380,60,2021,,,,,2024-09-27
호호 태양광발전소,,전북특별자치도 익산시 황등면 율촌리 781-11 - 토지,36.0225708686163,126.960194142573,,정상가동,250.0,380,60,2021,,,,,2024-09-27
중앙2호 태양광발전소,,전북특별자치도 익산시 황등면 율촌리 781-21 - 토지,36.0222367926312,126.961048330873,,정상가동,499.0,380,60,2022,,,,,2024-09-27
중앙1호 태양광발전소,,"전북특별자치도 익산시 황등면 율촌리 781-22, 삼기면 서두리 746-36 - 토지",,,,정상가동,99.9,380,60,2021,,,,,2024-09-27
하하 태양광발전소,,"전북특별자치도 익산시 황등면 율촌리 781-23, 삼기면 서두리 746-37 - 토지",,,,정상가동,99.9,380,60,2021,,,,,2024-09-27
율촌 태양광발전소,,전북특별자치도 익산시 황등면 율촌리 781-7 - 토지,36.0231249941849,126.960342636799,,정상가동,99.9,380,60,2021,,,,,2024-09-27
믿음태양광발전소,,전북특별자치도 익산시 황등면 율촌리 806-3 - 토지,36.01768334594,126.948866895296,,정상가동,99.9,380,60,2021,,,,,2024-09-27
썬 폴리텍 태양광발전소,,전북특별자치도 익산시 황등면 율촌리 806-32 - 토지,36.0174447224529,126.948498194496,,정상가동,19.58,380,60,2021,,,,,2024-09-27
몽주1호 태양광발전소,,전북특별자치도 익산시 황등면 율촌리 806-33 - 토지,36.0173086272632,126.948476540052,,정상가동,46.2,380,60,2022,,,,,2024-09-27
Hi Solar 태양광발전소,,전북특별자치도 익산시 황등면 율촌리 806-34 - 토지,36.0171504518158,126.948454678192,,정상가동,99.44,380,60,2022,,,,,2024-09-27
씨앗 태양광발전소,,전북특별자치도 익산시 황등면 율촌리 806-35 - 토지,36.0169833560826,126.948437259557,,정상가동,199.32,380,60,2022,,,,,2024-09-27
백양 태양광발전소,,전북특별자치도 익산시 황등면 율촌리 806-36 - 토지,36.0168621340913,126.948422362564,,정상가동,199.32,380,60,2022,,,,,2024-09-27
양포 태양광발전소,,전북특별자치도 익산시 황등면 율촌리 806-37 - 토지,36.0166972660585,126.948555700242,,정상가동,29.4,380,60,2022,,,,,2024-09-27
해바라기 태양광발전소,,전북특별자치도 익산시 황등면 율촌리 806-38 - 토지,36.0173947805309,126.949099376967,,정상가동,70.07,220+380,60,2021,,,,,2024-09-27
창림태양광발전소,,전북특별자치도 익산시 황등면 율촌리 806-39 - 토지,36.0171458999933,126.94919249919,,정상가동,99.96,220+380,60,2022,,,,,2024-09-27
고봉태양광발전소,,전북특별자치도 익산시 황등면 율촌리 806-40 - 토지,36.0168694309787,126.949047687193,,정상가동,99.96,220+380,60,2022,,,,,2024-09-27
조양 태양광발전소,,전북특별자치도 익산시 황등면 율촌리 902 - 건물상부,36.0239284170797,126.952127688392,,정상가동,29.25,380,60,2021,,,,,2024-09-27
김종성1호 태양광발전소,,전북특별자치도 익산시 황등면 죽촌리 1010-14(본지번 : 1010-14) - 토지,36.0258621977089,126.936952154124,,정상가동,29.7,380,60,2021,,,,,2024-09-27
수4 태양광발전소,,"전북특별자치도 익산시 황등면 죽촌리 1037-14, 1037-15, 1037-16 - 토지",,,,정상가동,99.5,220+380,60,2022,,,,,2024-09-27
지윤태양광발전소,,전북특별자치도 익산시 황등면 죽촌리 1055-1 - 토지,36.0337415715439,126.933319478749,,정상가동,99.5,220+380,60,2022,,,,,2024-09-27
힐탑1호 태양광발전소,,전북특별자치도 익산시 황등면 죽촌리 1055-15 토지,36.0336082799079,126.933319591098,,정상가동,99.5,220+380,60,2022,,,,,2024-09-27
김현 죽촌 태양광발전소,,전북특별자치도 익산시 황등면 죽촌리 1055-16 - 토지,36.033397294135,126.933304900804,,정상가동,29.6,380,60,2021,,,,,2024-09-27
명당태양광발전소,,전북특별자치도 익산시 황등면 죽촌리 1055-17 - 토지,36.033130080849,126.933306679459,,정상가동,19.58,380,60,2021,,,,,2024-09-27
진규 익산 죽촌리 태양광발전소,,전북특별자치도 익산시 황등면 죽촌리 1055-18 - 토지,36.0336064043633,126.93367531911,,정상가동,400.2,380,60,2022,,,,,2024-09-27
오의심 익산 죽촌리 태양광발전소,,전북특별자치도 익산시 황등면 죽촌리 1055-19 - 토지,36.0336954933399,126.933924785794,,정상가동,97.92,380,60,2021,,,,,2024-09-27
제일 태양광발전소,,"전북특별자치도 익산시 황등면 죽촌리 181-1, 188-48, 188-158, 191-11 토지",,,,정상가동,97.92,380,60,2021,,,,,2024-09-27
이조 태양광발전소,,"전북특별자치도 익산시 황등면 죽촌리 181-24, 191-24 토지",,,,정상가동,97.92,380,60,2021,,,,,2024-09-27
천서2 태양광발전소,,"전북특별자치도 익산시 황등면 죽촌리 181-25, 191-23, 191-25 토지",,,,정상가동,97.92,380,60,2021,,,,,2024-09-27
장이 태양광발전소,,"전북특별자치도 익산시 황등면 죽촌리 181-27, 188-154, 191-27 토지",,,,정상가동,20.02,380,60,2021,,,,,2024-09-27
천서3 태양광발전소,,전북특별자치도 익산시 황등면 죽촌리 188-153 토지,36.0320213196971,126.945670580189,,정상가동,94.5,380,60,2022,,,,,2024-09-27
은영 태양광발전소,,"전북특별자치도 익산시 황등면 죽촌리 188-156, 188-157 토지",,,,정상가동,94.5,380,60,2022,,,,,2024-09-27
준호 태양광발전소,,전북특별자치도 익산시 황등면 죽촌리 190-16 토지,36.032002627036,126.946187639714,,정상가동,94.5,380,60,2022,,,,,2024-09-27
거산 태양광발전소,,전북특별자치도 익산시 황등면 죽촌리 191-21 토지,36.0311718492802,126.946132062528,,정상가동,99.45,380,60,2022,,,,,2024-09-27
향섭 태양광발전소,,전북특별자치도 익산시 황등면 죽촌리 191-22 토지,36.0308585299056,126.946216599844,,정상가동,99.45,380,60,2022,,,,,2024-09-27
희망 태양광발전소,,"전북특별자치도 익산시 황등면 죽촌리 230-28, 231-8 (본지번 : 230-6, 231) - 토지",,,,정상가동,99.45,380,60,2022,,,,,2024-09-27
풍양3 태양광발전소,,"전북특별자치도 익산시 황등면 죽촌리 230-6, 231-4 (본지번 : 230-6, 231) - 토지",,,,정상가동,17.22,380,60,2022,,,,,2024-09-27
태양1호 태양광발전소,,"전북특별자치도 익산시 황등면 죽촌리 231, 244 (본지번 : 231, 244) - 토지",,,,정상가동,302.6,380,60,2022,,,,,2024-09-27
참빛2 태양광발전소,,전북특별자치도 익산시 황등면 죽촌리 231-1 (본지번 : 231) - 토지,36.0149455050867,126.939227821216,,정상가동,83.72,380,60,2021,,,,,2024-09-27
미소태양광발전소,,전북특별자치도 익산시 황등면 죽촌리 231-10 (본지번 : 231) - 토지,36.0141397081817,126.940111990708,,정상가동,97.37,380,60,2021,,,,,2024-09-27
두연 태양광발전소,,전북특별자치도 익산시 황등면 죽촌리 231-11 (본지번 : 231) - 토지,36.0143289659233,126.940654181602,,정상가동,99.68,380,60,2022,,,,,2024-09-27
두름박 태양광발전소,,전북특별자치도 익산시 황등면 죽촌리 231-12 (본지번 : 231) - 토지,36.0139711394616,126.940215614931,,정상가동,99.6,380,60,2022,,,,,2024-09-27
연세 태양광발전소,,전북특별자치도 익산시 황등면 죽촌리 231-2 토지,36.0147952695358,126.939227270965,,정상가동,996.84,22900,60,2023,,,,,2024-09-27
영진2 태양광발전소,,전북특별자치도 익산시 황등면 죽촌리 231-3 (본지번 : 231) - 토지,36.0146283965905,126.939118798729,,정상가동,99.68,380,60,2022,,,,,2024-09-27
뿌리 태양광발전소,,전북특별자치도 익산시 황등면 죽촌리 231-5 (본지번 : 231) - 토지,36.0148190541518,126.939747515028,,정상가동,99.6,380,60,2022,,,,,2024-09-27
풍양1 태양광발전소,,전북특별자치도 익산시 황등면 죽촌리 231-6 (본지번 : 231) - 토지,36.0145485114907,126.939941182425,,정상가동,99.6,380,60,2022,,,,,2024-09-27
대흥1호 태양광발전소,,"전북특별자치도 익산시 황등면 죽촌리 231-7, 231-9 (본지번 : 231) - 토지",,,,정상가동,99.6,380,60,2022,,,,,2024-09-27
복현 태양광발전소,,"전북특별자치도 익산시 황등면 죽촌리 245-2, 245-6 (원지번 : 245, 산109) - 토지",,,,정상가동,99.6,380,60,2022,,,,,2024-09-27
죽촌2호 태양광발전소,,전북특별자치도 익산시 황등면 죽촌리 3-3 - 토지,36.0338969963018,126.948833449502,,정상가동,99.6,380,60,2022,,,,,2024-09-27
명진2호 태양광발전소,,"전북특별자치도 익산시 황등면 죽촌리 352, 354-1 토지",,,,정상가동,99.96,380,60,2022,,,,,2024-09-27
명진1호 태양광발전소,,전북특별자치도 익산시 황등면 죽촌리 352-1 토지,,,,정상가동,99.96,380,60,2022,,,,,2024-09-27
영환 태양광발전소,,"전북특별자치도 익산시 황등면 죽촌리 352-2, 354-2, 355-1, 372, 372-3, 373-1, 373-5 토지",,,,정상가동,94.5,380,60,2022,,,,,2024-09-27
명진3호 태양광발전소,,전북특별자치도 익산시 황등면 죽촌리 354 토지,36.0252229078906,126.936690833934,,정상가동,99.0,380,60,2022,,,,,2024-09-27
마르코2호 태양광발전소,,"전북특별자치도 익산시 황등면 죽촌리 372-2, 373-3 토지",,,,정상가동,99.0,380,60,2022,,,,,2024-09-27
불꽃2호 태양광발전소,,"전북특별자치도 익산시 황등면 죽촌리 372-4, 373-6 토지",,,,정상가동,99.6,380,60,2022,,,,,2024-09-27
마르코1호 태양광발전소,,전북특별자치도 익산시 황등면 죽촌리 373-4 토지,36.0253648211904,126.936462950498,,정상가동,99.6,380,60,2022,,,,,2024-09-27
죽촌3호 태양광발전소,,"전북특별자치도 익산시 황등면 죽촌리 3-87, 4-41 - 토지",,,,정상가동,99.6,380,60,2022,,,,,2024-09-27
죽촌1호 태양광발전소,,"전북특별자치도 익산시 황등면 죽촌리 3-88, 4-42 - 토지",,,,정상가동,99.6,380,60,2022,,,,,2024-09-27
죽촌8호 태양광발전소,,"전북특별자치도 익산시 황등면 죽촌리 4, 5-60, 6-1, 7-1 - 토지",,,,정상가동,99.6,380,60,2022,,,,,2024-09-27
죽촌7호 태양광발전소,,"전북특별자치도 익산시 황등면 죽촌리 4-36, 5-61, 6-2, 7-2 - 토지",,,,정상가동,60.0,380,60,2021,,,,,2024-09-27
죽촌6호 태양광발전소,,"전북특별자치도 익산시 황등면 죽촌리 4-37, 5-62, 6-3, 7-3 - 토지",,,,정상가동,44.1,380,60,2021,,,,,2024-09-27
죽촌5호 태양광발전소,,"전북특별자치도 익산시 황등면 죽촌리 4-38, 5-63, 6-4, 7-4 - 토지",,,,정상가동,99.0,380,60,2021,,,,,2024-09-27
죽촌4호 태양광발전소,,"전북특별자치도 익산시 황등면 죽촌리 4-39, 5-64, 6-5, 7-5 - 토지",,,,정상가동,99.0,380,60,2021,,,,,2024-09-27
죽촌9호 태양광발전소,,"전북특별자치도 익산시 황등면 죽촌리 5, 6, 7 - 토지",,,,정상가동,29.92,380,60,2022,,,,,2024-09-27
신성황등2호태양광발전소,,"전북특별자치도 익산시 황등면 죽촌리 67, 1058-1, 1058-4, 1058-5, 1059-13",,,,정상가동,99.6,220+380,60,2022,,,,,2024-09-27
SJ태양광발전소,전북특별자치도 익산시 황등면 황등로 74 - 건물상부,,35.9989639020461,126.945709676913,,정상가동,41.16,380,60,2023,,,,,2024-09-27
(주)우리기업 (주식회사 우리기업 태양광발전소),,전북특별자치도 익산시 황등면 황등리 203-1 - 건물상부,35.9956899227075,126.948628678636,,정상가동,15.12,380,60,2021,,,,,2024-09-27
(주)한남전설 (주식회사 한남전설 태양광발전소),,전북특별자치도 익산시 황등면 황등리 272-3 - 건물상부,35.9988614302448,126.950936387467,,정상가동,63.02,380,60,2021,,,,,2024-09-27
동인 태양광발전소,,전북특별자치도 익산시 황등면 황등리 676(본지번 : 676) - 토지,36.0165976578192,126.946043917445,,정상가동,90.48,380,60,2022,,,,,2024-09-27
동인3호 태양광발전소,,전북특별자치도 익산시 황등면 황등리 676-2 (본지번 : 676) - 토지,36.0161790157395,126.94599905345,,정상가동,99.9,380,60,2022,,,,,2024-09-27
기쁨 태양광발전소,,전북특별자치도 익산시 황등면 황등리 676-5 (본지번 : 676) - 토지,36.0156901354052,126.945882576222,,정상가동,99.88,380,60,2022,,,,,2024-09-27
성심3호 태양광발전소,,전북특별자치도 익산시 황등면 황등리 677-7 - 토지,36.0159857009213,126.945598610696,,정상가동,99.88,380,60,2022,,,,,2024-09-27
한성 태양광발전소,,"전북특별자치도 익산시 망성면 무형리773-1,774-2,840-6,840-7,840-10,840-11(본지번:773-1,774,840-6,840-7,840-10,840-11)",,,,정상가동,60.0,220+380,60,2022,,,,,2024-09-27
써니발전소,,"전북특별자치도 익산시 춘포면 신동리 17-15, 27-17, 28-2 - 토지",,,,정상가동,99.45,220+380,60,2022,,,,,2024-09-27
이리 햇빛발전소,,전북특별자치도 익산시 갈산동 205,35.9379065142287,126.95361997475,,정상가동,19.2,380,60,2021,,,,,2024-09-27
서음3호태양광발전소,전북특별자치도 익산시 강경2길 183(신흥동),,35.9312782959999,126.996224922211,,정상가동,99.51,380,60,2022,,,,,2024-09-27
서음2호태양광발전소,전북특별자치도 익산시 강경2길 183(신흥동),,35.9312782959999,126.996224922211,,정상가동,99.51,380,60,2022,,,,,2024-09-27
서음1호태양광발전소,전북특별자치도 익산시 강경2길 183(신흥동),,35.9312782959999,126.996224922211,,정상가동,99.51,380,60,2022,,,,,2024-09-27
순균태양광발전소,전북특별자치도 익산시 계문길 35-7 (현영동),,35.9736139017647,126.939587921784,,정상가동,29.58,380,60,2021,,,,,2024-09-27
호경태양광발전소,"전북특별자치도 익산시 계문길 35-7, (주1) (현영동)",,35.9736139017647,126.939587921784,,정상가동,29.58,380,60,2021,,,,,2024-09-27
동북 태양광발전소,전북특별자치도 익산시 고봉로 190-4 (영등동),,35.9488445093164,126.96788816773,,정상가동,97.2,380,60,2022,,,,,2024-09-27
백병재태양광발전소,전북특별자치도 익산시 고봉로 226 (영등동),,35.9521030561245,126.96898917676,,정상가동,398.52,380,60,2022,,,,,2024-09-27
금강 태양광발전소,전북특별자치도 익산시 고봉로 228 (영등동),,35.9524029283951,126.96910322767,,정상가동,19.76,380,60,2021,,,,,2024-09-27
석정태양광발전소,"전북특별자치도 익산시 고봉로 314, SK텔레콤동부대리점영등점건물상부 (영등동)",,35.9598164867039,126.971470381399,,정상가동,19.55,380,60,2021,,,,,2024-09-27
남도그린빌태양광발전소,"전북특별자치도 익산시 고봉로18길 19-9, 남도그린빌 주 부 (영등동)",,35.9534820672148,126.97125152478,,정상가동,19.98,380,60,2021,,,,,2024-09-27
김숙희태양광발전소,"전북특별자치도 익산시 고봉로18길 92, 건물상부 (어양동)",,35.9527099772072,126.979111145307,,정상가동,219.31,380,60,2023,,,,,2024-09-27
SYL 태양광발전소,"전북특별자치도 익산시 고봉로22길 4, 라두스빌 (영등동)",,35.9532369046313,126.970406649896,,정상가동,99.68,380,60,2022,,,,,2024-09-27
두리 태양광발전소,전북특별자치도 익산시 고봉로28길 6 (영등동),,35.9551669539605,126.970579515918,,정상가동,99.68,380,60,2022,,,,,2024-09-27
김동철 태양광발전소,전북특별자치도 익산시 고봉로28길 9(영등동),,35.9552997754929,126.970861571947,,정상가동,26.56,380,60,2021,,,,,2024-09-27
덕우1호 태양광발전소,전북특별자치도 익산시 고봉로30길 4 (영등동),,35.9562465113704,126.970790946483,,정상가동,98.28,380,60,2021,,,,,2024-09-27
재호태양광발전소,"전북특별자치도 익산시 고봉로30길 85, 킹마트 건물상부(주1) (어양동)",,35.9557139715694,126.979512176422,,정상가동,98.28,380,60,2021,,,,,2024-09-27
이띠기태양광발전소,"전북특별자치도 익산시 고제길 26-1, 건물 상부 (석탄동)",,35.916708499849,126.960358262771,,정상가동,98.28,380,60,2021,,,,,2024-09-27
플러스 태양광발전소,"전북특별자치도 익산시 고제길 33, 제1동 건물위 (석탄동)",,35.9169587517444,126.959475890477,,정상가동,99.0,380,60,2022,,,,,2024-09-27
삼범태양광발전소,"전북특별자치도 익산시 궁동로 100, 건물상부 (어양동)",,35.9620745479299,126.982248130915,,정상가동,50.0,380,60,2022,,,,,2024-09-27
이주현태양광발전소,"전북특별자치도 익산시 궁동로1길 25, 건물상부 (영등동)",,35.9640154359184,126.971785373673,,정상가동,19.92,380,60,2021,,,,,2024-09-27
로얄솔라,,전북특별자치도 익산시 금강동 1010-1(주1동) 건물위,35.9182976360482,126.979218250778,,정상가동,30.0,380,60,2021,,,,,2024-09-27
로얄파워,,전북특별자치도 익산시 금강동 1010-1(주2동) 건물위,35.9182976360482,126.979218250778,,정상가동,99.76,380,60,2021,,,,,2024-09-27
새빛6호 태양광발전소,,전북특별자치도 익산시 금강동 1097-10,35.9253067695572,126.98740889542,,정상가동,25.0,380,60,2021,,,,,2024-09-27
새빛4호 태양광발전소,,전북특별자치도 익산시 금강동 1097-10,35.9253067695572,126.98740889542,,정상가동,99.96,380,60,2022,,,,,2024-09-27
이한1호 태양광발전소,,전북특별자치도 익산시 금강동 1127-8 건물위,35.9154811992657,126.981729961345,,정상가동,27.0,380,60,2020,,,,,2024-09-27
백조3호 태양광발전소,,"전북특별자치도 익산시 금강동 366, 367",,,,정상가동,99.9,380,60,2020,,,,,2024-09-27
제이비월드태양광발전소,,전북특별자치도 익산시 금마면 갈산리 111번지 111-1,,,,정상가동,30.0,380,60,2020,,,,,2024-09-27
동영태양광발전소,,전북특별자치도 익산시 금마면 갈산리 95번지,35.9997328194856,127.014319352635,,정상가동,19.2,380,60,2020,,,,,2024-09-27
제이비글로벌 태양광발전소,,전북특별자치도 익산시 금마면 갈산리 119번지 2호,,,,정상가동,19.2,380,60,2020,,,,,2024-09-27
성환태양광발전소,,"전북특별자치도 익산시 금마면 갈산리 303번지 , 303-6, 303-7",,,,정상가동,99.9,380,60,2020,,,,,2024-09-27
관광태양광발전소,"전북특별자치도 익산시 금마면 고도길 148, 관광식당 건물상부",,35.9957674786727,127.061951339117,,정상가동,99.9,380,60,2020,,,,,2024-09-27
김효순 태양광발전소,전북특별자치도 익산시 금마면 궁성로 760,,35.9798670263324,127.054226457011,,정상가동,99.84,380,60,2022,,,,,2024-09-27
금마태양광발전소,,전북특별자치도 익산시 금마면 기양리 산 92-4,,,,정상가동,99.84,380,60,2022,,,,,2024-09-27
선화식품(주) (선화태양광발전소),,전북특별자치도 익산시 금마면 동고도리 2-3 건물상부,35.9975653649983,127.068552426277,,정상가동,99.84,380,60,2022,,,,,2024-09-27
지원태양광발전소,,전북특별자치도 익산시 금마면 동고도리 258번지 건물상부(주1~주4),35.9929702360199,127.063144316065,,정상가동,499.2,380,60,2022,,,,,2024-09-27
능동 태양광발전소,,전북특별자치도 익산시 금마면 동고도리 404번지,35.9962983143341,127.062108794574,,정상가동,499.59,380,60,2022,,,,,2024-09-27
은하수펫푸드,,전북특별자치도 익산시 금마면 동고도리 992번지,35.9834878351935,127.055406879027,,정상가동,99.84,380,60,2022,,,,,2024-09-27
세정산업태양광발전소,전북특별자치도 익산시 금마면 미륵사지로4길 32,,35.99081640089,127.045585129468,,정상가동,99.84,380,60,2022,,,,,2024-09-27
영옥태양광발전소,,"전북특별자치도 익산시 금마면 서고도리 452-13 건물상부(주1,주2)",35.9833933636377,127.043425233119,,정상가동,19.58,220+380,60,2020,,,,,2024-09-27
삼정원 햇빛발전소,,전북특별자치도 익산시 금마면 서고도리 562-4,35.9855983611886,127.032495202956,,정상가동,29.37,220+380,60,2020,,,,,2024-09-27
백경2호 태양광발전소,,전북특별자치도 익산시 금마면 서고도리 62번지 3호 (토지),35.9965781689722,127.051814184865,,정상가동,19.8,380,60,2021,,,,,2024-09-27
근해 태양광발전소,전북특별자치도 익산시 금마면 서편길 22-10,,36.005205673835,127.02469803968,,정상가동,16.2,220+380,60,2021,,,,,2024-09-27
수미 태양광발전소,전북특별자치도 익산시 금마면 서편길 22-12,,36.0053958840695,127.024891759991,,정상가동,29.25,380,60,2021,,,,,2024-09-27
은성2호솔라에너지,,전북특별자치도 익산시 금마면 신용리 522번지 66호,36.0071433874413,127.047535837479,,정상가동,19.79,220+380,60,2021,,,,,2024-09-27
은성솔라에너지,,"전북특별자치도 익산시 금마면 신용리 522번지 1호 , 522-2",36.0071433874413,127.047535837479,,정상가동,24.48,220+380,60,2021,,,,,2024-09-27
원파워택제3호태양광발전소,,전북특별자치도 익산시 금마면 용순리,35.9955302192329,127.033239887425,,정상가동,19.79,220+380,60,2021,,,,,2024-09-27
금호T&C태양광발전소,,"전북특별자치도 익산시 금마면 용순리 863번지 23호 , 은기동 163-4 건물상부(주1,주2,주4,주6)",35.9952077451817,127.019304386628,,정상가동,99.0,380,60,2022,,,,,2024-09-27
P&J발전소,,전북특별자치도 익산시 남중동 352-122,35.9513848540427,126.953840763813,,정상가동,32.4,380,60,2021,,,,,2024-09-27
연지태양광발전소,,"전북특별자치도 익산시 낭산면 구평리 110번지 15호 건물상부(주2,주3)",36.0587489738705,127.011321383024,,정상가동,99.22,380,60,2021,,,,,2024-09-27
(유)성자((유)성자태양광발전소),,전북특별자치도 익산시 낭산면 구평리 386번지 1호,,,,정상가동,99.22,380,60,2021,,,,,2024-09-27
구평2호 태양광발전소,,전북특별자치도 익산시 낭산면 구평리 233-105 -토지,36.0594565772646,127.01172072537,,정상가동,99.22,380,60,2021,,,,,2024-09-27
장평태양광발전소,,"전북특별자치도 익산시 낭산면 구평리 산 123번지 1호 , 89-18, 89-19, 89-20",,,,정상가동,99.22,380,60,2021,,,,,2024-09-27
청산1호에너지,,"전북특별자치도 익산시 낭산면 낭산리 528, 534-1",,,,정상가동,99.22,380,60,2021,,,,,2024-09-27
케이알에너지,,"전북특별자치도 익산시 낭산면 낭산리 528-2, 534-3",,,,정상가동,20.0,380,60,2020,,,,,2024-09-27
케이지에너지,,"전북특별자치도 익산시 낭산면 낭산리 528-3, 534-4, 775-3",,,,정상가동,19.6,380,60,2020,,,,,2024-09-27
케이에프에너지,,"전북특별자치도 익산시 낭산면 낭산리 528-4, 534-5, 765-3, 775-12",,,,정상가동,19.2,380,60,2021,,,,,2024-09-27
케이이에너지,,"전북특별자치도 익산시 낭산면 낭산리 528-5,534-6,765-4,5,775-13",,,,정상가동,99.2,380,60,2021,,,,,2024-09-27
수진에너지,,"전북특별자치도 익산시 낭산면 낭산리 534-7,764-1,765-2,6,775-14",,,,정상가동,49.95,380,60,2020,,,,,2024-09-27
수경에너지,,"전북특별자치도 익산시 낭산면 낭산리 534-8, 765-7, 775-15",,,,정상가동,99.6,380,60,2021,,,,,2024-09-27
경희에너지,,"전북특별자치도 익산시 낭산면 낭산리 534-9, 765-8, 775-16",,,,정상가동,19.8,220,60,2020,,,,,2024-09-27
피아이에너지,,전북특별자치도 익산시 낭산면 낭산리 536-10번지,36.0595038789361,127.028841820842,,정상가동,99.68,380,60,2022,,,,,2024-09-27
피이에너지,,전북특별자치도 익산시 낭산면 낭산리 536-12번지,36.059255271956,127.029045512317,,정상가동,99.68,380,60,2022,,,,,2024-09-27
피알에너지,,전북특별자치도 익산시 낭산면 낭산리 536-8번지,36.0597550169659,127.028604720055,,정상가동,99.68,380,60,2022,,,,,2024-09-27
피오에너지,,전북특별자치도 익산시 낭산면 낭산리 536-9번지,36.0596542498428,127.028647415906,,정상가동,99.68,380,60,2022,,,,,2024-09-27
봉춘1호에너지,,전북특별자치도 익산시 낭산면 낭산리 536번지,36.0598724810581,127.028836849661,,정상가동,99.68,380,60,2022,,,,,2024-09-27
엘원에너지,,"전북특별자치도 익산시 낭산면 낭산리 588-18, 588-22(가지번)",,,,정상가동,99.68,380,60,2022,,,,,2024-09-27
씨원에너지,,전북특별자치도 익산시 낭산면 낭산리 588-20,36.0691694004905,127.030367579719,,정상가동,99.68,380,60,2022,,,,,2024-09-27
비원에너지,,전북특별자치도 익산시 낭산면 낭산리 588-21(가지번),36.0689906195336,127.030281592238,,정상가동,99.68,380,60,2022,,,,,2024-09-27
피원에너지,,"전북특별자치도 익산시 낭산면 낭산리 588-4, 588-16",,,,정상가동,99.68,380,60,2022,,,,,2024-09-27
피디에너지,,"전북특별자치도 익산시 낭산면 낭산리 762, 536-13",,,,정상가동,99.68,380,60,2022,,,,,2024-09-27
피시에너지,,전북특별자치도 익산시 낭산면 낭산리 762-6,36.0588511575606,127.028313705109,,정상가동,15.66,380,60,2021,,,,,2024-09-27
피비에너지,,전북특별자치도 익산시 낭산면 낭산리 762-8번지,36.0588618668513,127.027995051115,,정상가동,14.8,380,60,2020,,,,,2024-09-27
피에이에너지,,전북특별자치도 익산시 낭산면 낭산리 762-9번지,36.0585689736259,127.027974191959,,정상가동,29.82,380,60,2021,,,,,2024-09-27
송엔유태양광발전소,전북특별자치도 익산시 낭산면 낭산용기길 161,,36.0590697116215,126.999299195088,,정상가동,29.82,380,60,2021,,,,,2024-09-27
세라믹태양광발전소일호,"전북특별자치도 익산시 낭산면 낭산용기길 76-16, 발전기실",,36.0593786460848,126.990607357205,,정상가동,99.68,380,60,2021,,,,,2024-09-27
세라믹태양광발전소,"전북특별자치도 익산시 낭산면 낭산용기길 76-20, 발전기실",,36.0592849364067,126.99083612394,,정상가동,12.75,220+380,60,2020,,,,,2024-09-27
농업회사법인 (유)대신물산((유)대신물산태양광발전소),"전북특별자치도 익산시 낭산면 낭산중앙로 227, 건물상부(주1,주2,주7)",,36.0633240537923,127.004116701263,,정상가동,97.9,380,60,2020,,,,,2024-09-27
아인태양광발전소,"전북특별자치도 익산시 낭산면 낭산중앙로 248-31, 아인농장 건물상부(1,2,3,4동)",,36.0626220946331,127.007687334087,,정상가동,97.9,380,60,2020,,,,,2024-09-27
오영복 태양광발전소,전북특별자치도 익산시 낭산면 노동길 52,,36.0617612193913,126.999343569623,,정상가동,97.9,380,60,2020,,,,,2024-09-27
호암태양광발전소1,"전북특별자치도 익산시 낭산면 돈다메길 111, , 건물상부(주1)",,36.0716584873696,127.022627704744,,정상가동,97.9,380,60,2020,,,,,2024-09-27
호암태양광발전소2,"전북특별자치도 익산시 낭산면 돈다메길 111, ,건물상부(주2)",,36.0716584873696,127.022627704744,,정상가동,67.76,380,60,2023,,,,,2024-09-27
화산태양광발전㈜,,전북특별자치도 익산시 낭산면 삼담리 102번지 23호,36.0815365443521,127.029528442838,,정상가동,94.5,380,60,2022,,,,,2024-09-27
가람쏠라파크태양광발전소,,"전북특별자치도 익산시 낭산면 삼담리 35번지 22호 , 35-24, 35-30, 36",36.0913590668367,127.020290234742,,정상가동,99.9,380,60,2022,,,,,2024-09-27
해바라기쏠라파크2 태양광발전소,,"전북특별자치도 익산시 낭산면 삼담리 35번지 23호 , 35-25, 35-31, 38-1",36.0913590668367,127.020290234742,,정상가동,99.9,380,60,2022,,,,,2024-09-27
해바라기쏠라파크 태양광발전소,,"전북특별자치도 익산시 낭산면 삼담리 35번지 26호 , 35-32, 36-20, 38-7",36.0913590668367,127.020290234742,,정상가동,49.84,380,60,2021,,,,,2024-09-27
로즈쏠라파크태양광발전소,,"전북특별자치도 익산시 낭산면 삼담리 35번지 27호 , 35-28, 35-33, 38-8",36.0913590668367,127.020290234742,,정상가동,29.82,380,60,2021,,,,,2024-09-27
마리 태양광발전소,,전북특별자치도 익산시 낭산면 삼담리 1238-1,36.0791105855321,127.01911904211,,정상가동,99.9,380,60,2020,,,,,2024-09-27
평화 태양광발전소,,전북특별자치도 익산시 낭산면 삼담리 1238-12,36.0788850139899,127.019092120648,,정상가동,99.9,380,60,2020,,,,,2024-09-27
삼일 태양광발전소,,전북특별자치도 익산시 낭산면 삼담리 1238-14,36.0786568513225,127.018923648543,,정상가동,99.9,380,60,2020,,,,,2024-09-27
한일 태양광발전소,,전북특별자치도 익산시 낭산면 삼담리 1260-1,36.0824192890753,127.007172217227,,정상가동,99.9,380,60,2020,,,,,2024-09-27
대메 태양광발전소,,"전북특별자치도 익산시 낭산면 삼담리 1260-10, 1347-52",,,,정상가동,99.9,380,60,2022,,,,,2024-09-27
우리 태양광발전소,,"전북특별자치도 익산시 낭산면 삼담리 1260-11, 1260-14, 1347-51",,,,정상가동,18.9,380,60,2020,,,,,2024-09-27
오베론 태양광발전소,,전북특별자치도 익산시 낭산면 삼담리 1344-16,36.0831219987346,127.008153195957,,정상가동,99.45,380,60,2022,,,,,2024-09-27
티타니아 태양광발전소,,전북특별자치도 익산시 낭산면 삼담리 1344-17,36.0832204782058,127.008498830563,,정상가동,19.8,380,60,2021,,,,,2024-09-27
니트라스 태양광발전소,,전북특별자치도 익산시 낭산면 삼담리 1344-18,36.0833577127208,127.008796506987,,정상가동,93.6,380,60,2021,,,,,2024-09-27
이그니스 태양광발전소,,전북특별자치도 익산시 낭산면 삼담리 1344-19,36.0830769043149,127.008629603691,,정상가동,18.9,380,60,2020,,,,,2024-09-27
아이리스 태양광발전소,,"전북특별자치도 익산시 낭산면 삼담리 1344-20, 1344-4",,,,정상가동,15.4,220,60,2022,,,,,2024-09-27
혁신삼담 태양광,,전북특별자치도 익산시 낭산면 삼담리 154,36.0804954456783,127.019413364491,,정상가동,33.75,220+380,60,2020,,,,,2024-09-27
(유)대명솔라파크대명솔라파크3호태양광발전소,,"전북특별자치도 익산시 낭산면 삼담리 41번지 9호 ,43-7",,,,정상가동,19.8,380,60,2021,,,,,2024-09-27
(유)대명솔라파크(대명솔라파크태양광발전소),,"전북특별자치도 익산시 낭산면 삼담리 57번지 4호 ,57-23",36.0860387787933,127.018775637949,,정상가동,99.9,380,60,2020,,,,,2024-09-27
대풍태양광발전소,,"전북특별자치도 익산시 낭산면 삼담리 98-4 ,1-46",,,,정상가동,99.9,380,60,2022,,,,,2024-09-27
해마중 태양광발전소 1호,,전북특별자치도 익산시 낭산면 석천리,36.0620580724182,127.03634466781,,정상가동,99.9,380,60,2022,,,,,2024-09-27
해솔태양광발전소,,"전북특별자치도 익산시 낭산면 석천리 138번지 7호 , 산102-21",36.0541521449836,127.053683597131,,정상가동,99.9,380,60,2022,,,,,2024-09-27
(주)팜스코태양광발전소5호,,"전북특별자치도 익산시 낭산면 석천리 464번지 26호 , 464-6, 464-20 건물상부(주1~주6)",,,,정상가동,99.0,380,60,2020,,,,,2024-09-27
대지태양광1호,,전북특별자치도 익산시 낭산면 석천리 8-104 토지,36.0531848200675,127.061635938755,,정상가동,30.0,380,60,2020,,,,,2024-09-27
학산2호 태양광발전소,,전북특별자치도 익산시 낭산면 석천리 82,36.0688448040643,127.05368869429,,정상가동,99.6,380,60,2022,,,,,2024-09-27
박성국 태양광발전소,,전북특별자치도 익산시 낭산면 석천리 82,36.0688448040643,127.05368869429,,정상가동,99.6,380,60,2022,,,,,2024-09-27
인숙태양광발전소,,전북특별자치도 익산시 낭산면 석천리 82,36.0688448040643,127.05368869429,,정상가동,98.28,380,60,2020,,,,,2024-09-27
용현 태양광발전소,,"전북특별자치도 익산시 낭산면 석천리 894-15 ,894-21,894-22,894-23,894-24,894-30",,,,정상가동,99.94,380,60,2020,,,,,2024-09-27
주안 태양광발전소,,"전북특별자치도 익산시 낭산면 석천리 8번지 4호 , 36-26",36.0554078508416,127.063235663818,,정상가동,99.6,380,60,2022,,,,,2024-09-27
에덴 태양광발전소,,"전북특별자치도 익산시 낭산면 석천리 95-2, 95-5",,,,정상가동,99.9,220+380,60,2022,,,,,2024-09-27
JS글로벌 태양광발전소,,"전북특별자치도 익산시 낭산면 석천리 95-2, 95-5",,,,정상가동,19.92,220+380,60,2020,,,,,2024-09-27
JM 태양광발전소,,"전북특별자치도 익산시 낭산면 석천리 95-5, 82",,,,정상가동,19.92,220+380,60,2020,,,,,2024-09-27
영호2태양광발전소,,"전북특별자치도 익산시 낭산면 석천리 95-5, 82",,,,정상가동,67.2,380,60,2020,,,,,2024-09-27
필립 태양광발전소,,"전북특별자치도 익산시 낭산면 석천리 95-5, 82",,,,정상가동,99.12,380,60,2020,,,,,2024-09-27
강임 태양광발전소,,전북특별자치도 익산시 낭산면 석천리 97,,,,정상가동,99.12,380,60,2020,,,,,2024-09-27
일원 태양광발전소,,"전북특별자치도 익산시 낭산면 석천리 97,95-2",,,,정상가동,99.12,380,60,2020,,,,,2024-09-27
해마중5호 태양광발전소,,전북특별자치도 익산시 낭산면 석천리 산 291번지,,,,정상가동,99.12,380,60,2020,,,,,2024-09-27
해마중4호 태양광발전소,,전북특별자치도 익산시 낭산면 석천리 산 291번지,,,,정상가동,99.12,380,60,2020,,,,,2024-09-27
해마중3호 태양광발전소,,전북특별자치도 익산시 낭산면 석천리 산 291번지,,,,정상가동,99.12,380,60,2020,,,,,2024-09-27
해마중2호 태양광발전소,,전북특별자치도 익산시 낭산면 석천리 산 291번지,,,,정상가동,18.9,380,60,2020,,,,,2024-09-27
해마중 6호 태양광발전소,,전북특별자치도 익산시 낭산면 석천리 산 291번지,,,,정상가동,29.75,380,60,2021,,,,,2024-09-27
유한회사 한라에너지개발,,"전북특별자치도 익산시 낭산면 성남리 414번지 6호 ,414-10,414-13,414-14,414-16,414-17 토지",,,,정상가동,27.0,380,60,2020,,,,,2024-09-27
김천경태양광발전소,전북특별자치도 익산시 낭산면 소도길 16,,36.0486540644739,126.986020706345,,정상가동,246.51,380,60,2021,,,,,2024-09-27
황금태양광발전소,"전북특별자치도 익산시 낭산면 신북길 140-49, (석천리 17-4,17-9,17-10)건물상부(주1,주2,주3)",,36.0499849493941,127.060709984096,,정상가동,99.45,380,60,2020,,,,,2024-09-27
금성4호 태양광발전소,전북특별자치도 익산시 낭산면 아리랑로 900,,36.0620750387127,127.029353120816,,정상가동,19.76,380,60,2020,,,,,2024-09-27
금성3호 태양광발전소,전북특별자치도 익산시 낭산면 아리랑로 900,,36.0620750387127,127.029353120816,,정상가동,99.0,220+380,60,2021,,,,,2024-09-27
금성5호 태양광발전소,전북특별자치도 익산시 낭산면 아리랑로 904,,36.0623020784184,127.029632916981,,정상가동,99.6,380,60,2021,,,,,2024-09-27
낭산2호태양광발전소,"전북특별자치도 익산시 낭산면 어량말길 18-2, 1,2동",,36.0936434680885,127.020353782065,,정상가동,99.6,380,60,2021,,,,,2024-09-27
드림3호태양광발전소,"전북특별자치도 익산시 낭산면 어량말길 18-30, ,건물상부(주1,주2,주3)",,36.0912243313083,127.022334843057,,정상가동,99.6,380,60,2021,,,,,2024-09-27
드림2호태양광발전소,"전북특별자치도 익산시 낭산면 어량말길 18-32, , 건물상부(주1,주2,주3)",,36.0915374638121,127.022556119056,,정상가동,99.6,380,60,2021,,,,,2024-09-27
낭산1호태양광발전소,"전북특별자치도 익산시 낭산면 어량말길 18-6, 건물상부",,36.0933138396806,127.020130283879,,정상가동,29.82,380,60,2020,,,,,2024-09-27
㈜스타(스타태양광발전소),,전북특별자치도 익산시 낭산면 용기리 391번지 1호,,,,정상가동,15.21,380,60,2020,,,,,2024-09-27
용도 태양광발전소,,전북특별자치도 익산시 낭산면 용기리 1150번지 50호 (토지)-가지번,,,,정상가동,43.65,380,60,2023,,,,,2024-09-27
은진에너지,,전북특별자치도 익산시 낭산면 용기리 1310번지 8호 1310-12,,,,정상가동,45.65,380,60,2022,,,,,2024-09-27
성보태양광발전소,,전북특별자치도 익산시 낭산면 용기리 1482번지 14호,,,,정상가동,45.65,380,60,2022,,,,,2024-09-27
한율용기태양광,,전북특별자치도 익산시 낭산면 용기리 1509-77,36.0427036072904,126.976651292853,,정상가동,99.6,380,60,2022,,,,,2024-09-27
덕영 태양광발전소,,전북특별자치도 익산시 낭산면 용기리 536번지 6호,36.065635959718,126.988775866595,,정상가동,19.92,380,60,2021,,,,,2024-09-27
현대스폰지태양광발전소,전북특별자치도 익산시 낭산면 용기신성길 27-7,,36.0748427003007,126.984198101575,,정상가동,19.92,380,60,2021,,,,,2024-09-27
(유)대명솔라파크(대명솔라파크태양광발전소),전북특별자치도 익산시 낭산면 진북로 1037,,36.0894984527466,127.018913033735,,정상가동,19.92,380,60,2021,,,,,2024-09-27
유한회사 돈누리태양광,전북특별자치도 익산시 낭산면 진북로 546-104,,36.05065509744,127.024420573385,,정상가동,19.92,380,60,2021,,,,,2024-09-27
광명발전소4,전북특별자치도 익산시 낭산면 진북로 748-22,,36.0669327109927,127.032553706383,,정상가동,99.96,380,60,2022,,,,,2024-09-27
광명발전소3,전북특별자치도 익산시 낭산면 진북로 748-22,,36.0669327109927,127.032553706383,,정상가동,50.0,380,60,2020,,,,,2024-09-27
광명발전소2,전북특별자치도 익산시 낭산면 진북로 748-22,,36.0669327109927,127.032553706383,,정상가동,99.6,380,60,2022,,,,,2024-09-27
광명발전소1,전북특별자치도 익산시 낭산면 진북로 748-22,,36.0669327109927,127.032553706383,,정상가동,37.35,380,60,2020,,,,,2024-09-27
해맞이 태양광발전소,전북특별자치도 익산시 낭산면 진북로 910-12,,36.0802955651224,127.029148616508,,정상가동,29.24,380,60,2020,,,,,2024-09-27
해가온 태양광발전소,전북특별자치도 익산시 낭산면 진북로 910-14,,36.079920745574,127.029154584352,,정상가동,597.6,22900,60,2022,,,,,2024-09-27
하나쏠라파크 태양광발전소,"전북특별자치도 익산시 낭산면 진북로 910-15, (주)하나쏠라파크",,36.0822056910337,127.029932934085,,정상가동,49.39,380,60,2020,,,,,2024-09-27
(유)창고위태양광발전소,"전북특별자치도 익산시 낭산면 진북로 988-39, (유)창고위태양, 건물상부",,36.0874924511053,127.026407224354,,정상가동,29.88,220+380,60,2021,,,,,2024-09-27
JY 태양광발전소,전북특별자치도 익산시 낭산면 하낭길 12,,36.0555915546789,127.030366691143,,정상가동,19.92,220,60,2020,,,,,2024-09-27
농업회사법인브리딩팜(유)(광진태양광발전소),전북특별자치도 익산시 낭산면 함낭로 1298-78,,36.0682122554817,127.050532945822,,정상가동,99.9,380,60,2020,,,,,2024-09-27
마한2호 태양광발전소,전북특별자치도 익산시 낭산면 함낭로 1360-30,,36.0738965704014,127.052761061192,,정상가동,99.9,380,60,2020,,,,,2024-09-27
주형태양광3호,전북특별자치도 익산시 낭산면 함낭로 877-47,,36.0788908263737,127.005457302766,,정상가동,99.45,220+380,60,2020,,,,,2024-09-27
호암태양광발전소,,전북특별자치도 익산시 낭산면 호암리 375번지 1호 건물상부,36.0681591770969,127.015520940052,,정상가동,29.67,380,60,2020,,,,,2024-09-27
정수 발전소,,전북특별자치도 익산시 낭산면 호암리 126-3 토지,36.0657874317911,127.024194698795,,정상가동,29.25,220+380,60,2020,,,,,2024-09-27
낭산1호태양광발전소,,전북특별자치도 익산시 낭산면 호암리 98-1,36.0676066018604,127.019466476324,,정상가동,19.27,380,60,2020,,,,,2024-09-27
해마중태양광발전소11,"전북특별자치도 익산시 낭산면 호천1길 74-9, ,1222",,,,,정상가동,94.5,380,60,2020,,,,,2024-09-27
해마중 태양광발전소13,전북특별자치도 익산시 낭산면 호천길 128-5,,36.0849934168632,127.036807330314,,정상가동,94.5,380,60,2020,,,,,2024-09-27
해마중태양광발전소9,전북특별자치도 익산시 낭산면 호천길 128-5,,36.0849934168632,127.036807330314,,정상가동,94.5,380,60,2020,,,,,2024-09-27
해마중태양광발전소10,전북특별자치도 익산시 낭산면 호천길 128-5,,36.0849934168632,127.036807330314,,정상가동,94.5,380,60,2020,,,,,2024-09-27
해마중 태양광발전소12,"전북특별자치도 익산시 낭산면 호천길 128-5, 1동",,36.0849934168632,127.036807330314,,정상가동,94.5,380,60,2020,,,,,2024-09-27
해마중 7호 태양광발전소,전북특별자치도 익산시 낭산면 호천길 135-14,,,,,정상가동,99.75,380,60,2023,,,,,2024-09-27
해마중 8호 태양광발전소,"전북특별자치도 익산시 낭산면 호천길 135-14, 건물상부",,,,,정상가동,99.75,380,60,2023,,,,,2024-09-27
해마중 태양광발전소 1호,전북특별자치도 익산시 낭산면 호천길 135-4,,,,,정상가동,20.0,220+380,60,2020,,,,,2024-09-27
종성태양광발전소,전북특별자치도 익산시 내곳길 69 (신용동),,35.9792194495262,126.937713099494,,정상가동,99.6,380,60,2022,,,,,2024-09-27
양구태양광발전소,전북특별자치도 익산시 내곳길 69-1 (신용동),,35.9791987764232,126.937472949089,,정상가동,99.45,220+380,60,2020,,,,,2024-09-27
영광 발전소,"전북특별자치도 익산시 내신길 39-13, 세광삼파랑 (월성동)",,35.9974363204132,126.966726595564,,정상가동,99.9,220+380,60,2022,,,,,2024-09-27
은아태양광발전소,"전북특별자치도 익산시 다가포길 22, 건물상부 (만석동)",,35.9647358246924,126.933655136704,,정상가동,99.9,220+380,60,2022,,,,,2024-09-27
(유)태양찬(태양찬태양광발전소),,"전북특별자치도 익산시 덕기동  593번지 1호 , 571, 569-2, 569-8, 569-11, 569-22",35.9635323978671,127.036772277388,,정상가동,99.9,220+380,60,2022,,,,,2024-09-27
창현태양광발전소,,전북특별자치도 익산시 덕기동 186번지 10호 (토지),35.9840864116259,127.039521942977,,정상가동,99.9,220+380,60,2022,,,,,2024-09-27
대성1호태양광발전소,,"전북특별자치도 익산시 덕기동 186번지 2호 , 187(토지)",35.9840864116259,127.039521942977,,정상가동,99.9,220+380,60,2022,,,,,2024-09-27
기정태양광발전소,,전북특별자치도 익산시 덕기동 186번지 3호 (토지),35.9840864116259,127.039521942977,,정상가동,99.76,220+380,60,2020,,,,,2024-09-27
기은태양광발전소,,전북특별자치도 익산시 덕기동 186번지 4호 (토지),35.9840864116259,127.039521942977,,정상가동,29.25,220+380,60,2020,,,,,2024-09-27
우신태양광발전소,,전북특별자치도 익산시 덕기동 186번지 5호 (토지),35.9840864116259,127.039521942977,,정상가동,29.25,220+380,60,2020,,,,,2024-09-27
금마태양광발전소,,"전북특별자치도 익산시 덕기동 186번지 8호 , 187-2, 186(토지)",35.9840864116259,127.039521942977,,정상가동,29.25,220+380,60,2020,,,,,2024-09-27
대성2호 태양광발전소,,전북특별자치도 익산시 덕기동 187-1 토지,35.984279263292,127.039560960617,,정상가동,29.25,220+380,60,2020,,,,,2024-09-27
대승태양광발전소,,"전북특별자치도 익산시 덕기동 422-1,422-5,422-6 토지",,,,정상가동,99.6,380,60,2020,,,,,2024-09-27
선유태양광발전소,,"전북특별자치도 익산시 덕기동 422-17,422-20,422-7 토지",,,,정상가동,81.34,380,60,2020,,,,,2024-09-27
무왕태양광발전소,,"전북특별자치도 익산시 덕기동 422-22,422-8 토지",,,,정상가동,99.6,380,60,2020,,,,,2024-09-27
명인태양광발전소,,"전북특별자치도 익산시 덕기동 422-24,665-8 토지",,,,정상가동,99.6,380,60,2021,,,,,2024-09-27
혜현태양광발전소,,"전북특별자치도 익산시 덕기동 422-25,665-14 토지",,,,정상가동,29.63,380,60,2020,,,,,2024-09-27
미르솔라2 태양광발전소,,"전북특별자치도 익산시 덕기동 566-4, 567-2",,,,정상가동,29.11,380,60,2020,,,,,2024-09-27
서인 태양광발전소,,"전북특별자치도 익산시 덕기동 566-5, 567-3",,,,정상가동,16.59,380,60,2020,,,,,2024-09-27
순빛 태양광발전소,,"전북특별자치도 익산시 덕기동 566-6, 567-5",,,,정상가동,51.88,380,60,2020,,,,,2024-09-27
호남에이 태양광발전소,,"전북특별자치도 익산시 덕기동 566-7, 567-7",,,,정상가동,99.9,380,60,2020,,,,,2024-09-27
미르솔라1 태양광발전소,,"전북특별자치도 익산시 덕기동 567, 566-1",,,,정상가동,19.88,220,60,2020,,,,,2024-09-27
상배 태양광발전소,,전북특별자치도 익산시 덕기동 567-4,35.9620021650217,127.037703536304,,정상가동,15.0,380,60,2020,,,,,2024-09-27
대현 태양광발전소,,전북특별자치도 익산시 덕기동 567-6,35.9618142935866,127.037585607108,,정상가동,15.0,380,60,2020,,,,,2024-09-27
해비치2 태양광발전소,,전북특별자치도 익산시 덕기동 570,35.9615581029943,127.03660807179,,정상가동,80.0,220+380,60,2021,,,,,2024-09-27
다빗 태양광발전소,,전북특별자치도 익산시 덕기동 575-14,35.9625220741472,127.035388092432,,정상가동,500.0,380,60,2021,,,,,2024-09-27
사은 태양광발전소,,"전북특별자치도 익산시 덕기동 575-15, 572",,,,정상가동,88.88,380,60,2020,,,,,2024-09-27
시소2 태양광발전소,,전북특별자치도 익산시 덕기동 575-16,35.9622394914446,127.035537511862,,정상가동,29.97,380,60,2020,,,,,2024-09-27
JW 태양광발전소,,전북특별자치도 익산시 덕기동 575-5,35.9625362541158,127.034976597653,,정상가동,18.04,380,60,2020,,,,,2024-09-27
썬스타 태양광발전소,,"전북특별자치도 익산시 덕기동 593-5, 594-1 (가지번)",,,,정상가동,19.98,220+380,60,2020,,,,,2024-09-27
써니1호 태양광발전소,,"전북특별자치도 익산시 덕기동 593-6, 594-2",,,,정상가동,87.15,380,60,2020,,,,,2024-09-27
햇빛찬네2 태양광발전소,,"전북특별자치도 익산시 덕기동 593-7, 594-7",,,,정상가동,29.05,380,60,2020,,,,,2024-09-27
하늘빛태양광발전소,,"전북특별자치도 익산시 덕기동 593-8, 593-10, 594-9, 569-19, 569-21",,,,정상가동,99.9,380,60,2020,,,,,2024-09-27
해온태양광발전소,,"전북특별자치도 익산시 덕기동 593-9, 594-8",,,,정상가동,99.9,380,60,2020,,,,,2024-09-27
도래 태양광발전소,,"전북특별자치도 익산시 덕기동 594-11, 569-20",,,,정상가동,19.75,220,60,2020,,,,,2024-09-27
해온누리2 태양광발전소,,"전북특별자치도 익산시 덕기동 594-6, 569-15",,,,정상가동,82.17,380,60,2020,,,,,2024-09-27
아폴론2 태양광발전소,,"전북특별자치도 익산시 덕기동 595-11, 595-15",,,,정상가동,99.6,380,60,2020,,,,,2024-09-27
달별 태양광발전소,,"전북특별자치도 익산시 덕기동 595-12, 595-16, 594-4",,,,정상가동,99.6,380,60,2020,,,,,2024-09-27
환미 태양광발전소,,"전북특별자치도 익산시 덕기동 595-13, 594-5, 569",,,,정상가동,99.6,380,60,2020,,,,,2024-09-27
라온 태양광발전소,,"전북특별자치도 익산시 덕기동 595-4, 595-2",,,,정상가동,99.6,380,60,2020,,,,,2024-09-27
두나로 태양광발전소,,"전북특별자치도 익산시 덕기동 595-9, 593, 594",,,,정상가동,99.88,380,60,2022,,,,,2024-09-27
제운 태양광발전소,,전북특별자치도 익산시 덕기동 604-4,35.9635583775916,127.038139062728,,정상가동,99.9,380,60,2021,,,,,2024-09-27
아라2 태양광발전소,,전북특별자치도 익산시 덕기동 604-9,35.9631047334667,127.038013907884,,정상가동,18.68,380,60,2020,,,,,2024-09-27
민태양광발전소,,전북특별자치도 익산시 덕기동 665-9 토지,35.9697892141861,127.039157602104,,정상가동,86.1,380,60,2020,,,,,2024-09-27
유수 태양광발전소,,"전북특별자치도 익산시 덕기동 689-9, 석왕동 29-26 건물위",,,,정상가동,86.1,380,60,2020,,,,,2024-09-27
햇빛찬네3 태양광발전소,,"전북특별자치도 익산시 덕기동 덕기동 569-18, 594-10",,,,정상가동,86.1,380,60,2020,,,,,2024-09-27
오의순태양광발전소,"전북특별자치도 익산시 동서로51길 21, 삼화페인트 삼화건설도장 (건물상부) (영등동)",,35.953073483178,126.97879980033,,정상가동,86.1,380,60,2020,,,,,2024-09-27
매직태양광발전소,전북특별자치도 익산시 동천로 93 (금강동),,35.929782976011,126.97352641803,,정상가동,86.1,380,60,2020,,,,,2024-09-27
하발마을 마을자치연금 태양광발전소 1호,"전북특별자치도 익산시 마한로 337, 제5동 건물위 (부송동)",,35.9682174424418,127.000675832593,,정상가동,86.1,380,60,2020,,,,,2024-09-27
기연태양광발전소,전북특별자치도 익산시 만석길 236 (만석동),,35.9725215557306,126.923263787258,,정상가동,86.1,380,60,2020,,,,,2024-09-27
미륵태양광발전소,전북특별자치도 익산시 만석길 260 (만석동),,35.9728024106983,126.925745591398,,정상가동,86.1,380,60,2020,,,,,2024-09-27
썬화2호태양광발전소,전북특별자치도 익산시 만석길 262 (만석동),,35.9728302649124,126.926047135377,,정상가동,39.96,220+380,60,2020,,,,,2024-09-27
만석7호태양광발전소,전북특별자치도 익산시 만석길 264 (만석동),,35.9728595714391,126.926366750255,,정상가동,96.75,380,60,2022,,,,,2024-09-27
우주2호태양광발전소,전북특별자치도 익산시 만석길 266 (만석동),,35.972858033191,126.926651025919,,정상가동,99.75,380,60,2022,,,,,2024-09-27
주영식태양광발전소,전북특별자치도 익산시 만석길 286 (현영동),,35.9730962230671,126.928581303966,,정상가동,99.75,220+380,60,2020,,,,,2024-09-27
화산리1호태양광발전소,"전북특별자치도 익산시 망성면 나바위1길 101,  건물상부",,36.135837437067,127.001713832244,,정상가동,99.75,220+380,60,2020,,,,,2024-09-27
화산리4호태양광발전소,"전북특별자치도 익산시 망성면 나바위1길 92, 건물상부",,36.1353018489403,127.001491843834,,정상가동,99.75,220+380,60,2020,,,,,2024-09-27
내촌리1호 태양광발전소,,전북특별자치도 익산시 망성면 내촌리 1069-32,36.0864773521576,127.051310967085,,정상가동,99.75,220+380,60,2020,,,,,2024-09-27
내촌리5호 태양광발전소,,"전북특별자치도 익산시 망성면 내촌리 1069-39, 43",,,,정상가동,99.75,220+380,60,2020,,,,,2024-09-27
내촌리2호 태양광발전소,,전북특별자치도 익산시 망성면 내촌리 1069-40,36.0862172331473,127.051162683544,,정상가동,99.75,220+380,60,2020,,,,,2024-09-27
내촌리3호 태양광발전소,,전북특별자치도 익산시 망성면 내촌리 1069-41,36.0860079668195,127.051169431809,,정상가동,19.92,380,60,2020,,,,,2024-09-27
내촌리6호 태양광발전소,,"전북특별자치도 익산시 망성면 내촌리 1069-44, 45, 49, 53",,,,정상가동,800.0,22900,60,2022,,,,,2024-09-27
현에너지,,"전북특별자치도 익산시 망성면 내촌리 1069-47, 52, 56",,,,정상가동,99.96,380,60,2022,,,,,2024-09-27
(유)엘에이치솔라(엘에이치태양광발전소),,"전북특별자치도 익산시 망성면 내촌리 19-7 ~19-13,19-35,19-36,19-37",,,,정상가동,99.96,380,60,2022,,,,,2024-09-27
경호2호태양광발전소,,전북특별자치도 익산시 망성면 내촌리 507-40,36.0988788066556,127.04634618054,,정상가동,30.1,380,60,2020,,,,,2024-09-27
호인 태양광발전소,,"전북특별자치도 익산시 망성면 내촌리 514번지 ,520,521",,,,정상가동,99.45,220+380,60,2020,,,,,2024-09-27
(유)이강(이강A 태양광발전소),,"전북특별자치도 익산시 망성면 내촌리 514번지 ,521",,,,정상가동,99.45,220+380,60,2020,,,,,2024-09-27
진영내촌 태양광발전소,,전북특별자치도 익산시 망성면 내촌리 521번지,36.0966765398557,127.045768008169,,정상가동,99.45,220+380,60,2020,,,,,2024-09-27
시스템내촌 태양광발전소,,전북특별자치도 익산시 망성면 내촌리 521번지,36.0966765398557,127.045768008169,,정상가동,99.45,220+380,60,2020,,,,,2024-09-27
엠파워내촌 태양광발전소,,"전북특별자치도 익산시 망성면 내촌리 521번지 ,524",,,,정상가동,99.45,220+380,60,2020,,,,,2024-09-27
동동내촌 태양광발전소,,"전북특별자치도 익산시 망성면 내촌리 521번지 12호 , 526-30",36.0966765398557,127.045768008169,,정상가동,99.45,220+380,60,2020,,,,,2024-09-27
주원 태양광발전소,,"전북특별자치도 익산시 망성면 내촌리 597번지 ,598-3",,,,정상가동,99.45,220+380,60,2020,,,,,2024-09-27
대지내촌2호 태양광발전소,,전북특별자치도 익산시 망성면 내촌리 633번지,36.0917182824582,127.044134316769,,정상가동,99.45,220+380,60,2020,,,,,2024-09-27
(유)휴메인시스템(휴메인태양광발전소),전북특별자치도 익산시 망성면 동안로 311,,,,,정상가동,19.8,380,60,2020,,,,,2024-09-27
셈1호태양광발전소,전북특별자치도 익산시 망성면 라평1길 10,,36.1335933259495,126.998327211372,,정상가동,19.92,220+380,60,2020,,,,,2024-09-27
셈2호태양광발전소,전북특별자치도 익산시 망성면 라평1길 12,,36.1336953483496,126.998736380256,,정상가동,99.6,380,60,2020,,,,,2024-09-27
태강태양광발전소,전북특별자치도 익산시 망성면 라평길 13,,36.1355967787509,127.003341773801,,정상가동,99.9,220+380,60,2022,,,,,2024-09-27
화산1태양광발전소,전북특별자치도 익산시 망성면 라평길 13,,36.1355967787509,127.003341773801,,정상가동,75.53,380,60,2020,,,,,2024-09-27
화산리7호태양광발전소,"전북특별자치도 익산시 망성면 라평길 4-10, 건물상부",,36.1351608902916,127.00208588903,,정상가동,60.44,230+380,60,2020,,,,,2024-09-27
화산리2호태양광발전소,"전북특별자치도 익산시 망성면 라평길 4-2, 건물상부",,36.1358999744979,127.002135348235,,정상가동,38.0,220+380,60,2020,,,,,2024-09-27
화산리6호태양광발전소,"전북특별자치도 익산시 망성면 라평길 4-5, 건물상부",,36.1354832475262,127.00244519411,,정상가동,99.0,380,60,2022,,,,,2024-09-27
화산리3호태양광발전소,"전북특별자치도 익산시 망성면 라평길 4-6, 건물상부",,36.1355175021903,127.001982242368,,정상가동,99.0,380,60,2022,,,,,2024-09-27
화산리5호태양광발전소,"전북특별자치도 익산시 망성면 라평길 4-8, 건물상부",,36.135340593894,127.001988903891,,정상가동,99.0,380,60,2022,,,,,2024-09-27
하발마을 마을자치연금태양광 2호,"전북특별자치도 익산시 망성면 망성로 184, 건물위",,36.0895104929865,127.041298692162,,정상가동,99.0,380,60,2022,,,,,2024-09-27
홍경3호태양광,"전북특별자치도 익산시 망성면 무형1길 76, 작물재배사",,36.115645295995,127.045961392679,,정상가동,99.0,380,60,2022,,,,,2024-09-27
홍경3호태양광,"전북특별자치도 익산시 망성면 무형1길 76, 작물재배사 건물상부(주2)",,36.115645295995,127.045961392679,,정상가동,99.0,380,60,2022,,,,,2024-09-27
해밀 태양광발전소,,"전북특별자치도 익산시 망성면 무형리 294번지 , 315-16",,,,정상가동,99.9,380,60,2020,,,,,2024-09-27
무형리2 태양광발전소,,"전북특별자치도 익산시 망성면 무형리 1339-3 ,1339-4,1340,1362-2,1363",,,,정상가동,99.9,380,60,2020,,,,,2024-09-27
무형리1 태양광발전소,,"전북특별자치도 익산시 망성면 무형리 1361-4 ,1361-8,1362-3,1363-1",,,,정상가동,99.9,380,60,2020,,,,,2024-09-27
해리포터1 태양광발전소,,"전북특별자치도 익산시 망성면 무형리 1361번지 ,1361-7,1362,1362-4",,,,정상가동,99.9,380,60,2020,,,,,2024-09-27
무형햇빛1호 태양광발전소,,"전북특별자치도 익산시 망성면 무형리 293-23, 293-26, 293-27, 293-28, 293-29 - (가)",,,,정상가동,99.9,380,60,2020,,,,,2024-09-27
무형햇빛3호 태양광발전소,,"전북특별자치도 익산시 망성면 무형리 293-23, 293-26, 293-27, 293-28, 293-29 - (다)",,,,정상가동,73.13,220+380,60,2020,,,,,2024-09-27
무형햇빛4호 태양광발전소,,"전북특별자치도 익산시 망성면 무형리 293-23, 293-26, 293-27, 293-28, 293-29 - (라)",,,,정상가동,99.45,220+380,60,2022,,,,,2024-09-27
무형햇빛5호 태양광발전소,,"전북특별자치도 익산시 망성면 무형리 293-23, 293-26, 293-27, 293-28, 293-29 - (마)",,,,정상가동,99.45,220+380,60,2022,,,,,2024-09-27
무형햇빛2호 태양광발전소,,"전북특별자치도 익산시 망성면 무형리 293-23, 293-26, 293-27, 293-28, 293-29 (나)",,,,정상가동,99.45,220+380,60,2022,,,,,2024-09-27
월명솔라텍태양광발전소,,전북특별자치도 익산시 망성면 무형리 293번지 39호,,,,정상가동,202.5,380,60,2020,,,,,2024-09-27
부흥20태양광발전소,,전북특별자치도 익산시 망성면 무형리 293번지 40호,,,,정상가동,202.5,380,60,2020,,,,,2024-09-27
햇빛가득 01호 태양광발전소,,전북특별자치도 익산시 망성면 무형리 300 (가지번),36.1187251161321,127.04427449737,,정상가동,202.5,380,60,2020,,,,,2024-09-27
햇빛가득 02호 태양광발전소,,전북특별자치도 익산시 망성면 무형리 300-1 (가지번),36.1181188987531,127.043946818249,,정상가동,202.5,380,60,2020,,,,,2024-09-27
햇빛가득 07호 태양광발전소,,전북특별자치도 익산시 망성면 무형리 300-10 (가지번),36.1180364264862,127.043483033566,,정상가동,95.76,380,60,2023,,,,,2024-09-27
햇빛가득 06호 태양광발전소,,"전북특별자치도 익산시 망성면 무형리 300-11, 1433 (가지번)",,,,정상가동,50.4,380,60,2022,,,,,2024-09-27
햇빛가득 08호 태양광발전소,,"전북특별자치도 익산시 망성면 무형리 300-12, 1433-1 (가지번)",,,,정상가동,30.0,220+380,60,2020,,,,,2024-09-27
햇빛가득 09호 태양광발전소,,"전북특별자치도 익산시 망성면 무형리 300-13, 1433-2 (가지번)",,,,정상가동,199.26,380,60,2022,,,,,2024-09-27
햇빛가득 10호 태양광발전소,,"전북특별자치도 익산시 망성면 무형리 300-14, 1433-3 (가지번)",,,,정상가동,499.38,380,60,2022,,,,,2024-09-27
햇빛가득 03호 태양광발전소,,"전북특별자치도 익산시 망성면 무형리 300-2, 300-4 (가지번)",,,,정상가동,577.68,22900,60,2022,,,,,2024-09-27
햇빛가득 04호 태양광발전소,,전북특별자치도 익산시 망성면 무형리 300-5 (가지번),36.1186183954151,127.04382991145,,정상가동,99.84,380,60,2022,,,,,2024-09-27
햇빛가득 05호 태양광발전소,,전북특별자치도 익산시 망성면 무형리 300-6 (가지번),36.1184117865658,127.043223878829,,정상가동,199.68,380,60,2022,,,,,2024-09-27
리치1호 태양광발전사업,,전북특별자치도 익산시 망성면 무형리 309,36.1206644865426,127.042661832725,,정상가동,99.0,380,60,2021,,,,,2024-09-27
리치2호 태양광발전소,,전북특별자치도 익산시 망성면 무형리 309-12,36.1204573018755,127.042648391213,,정상가동,22.68,380,60,2020,,,,,2024-09-27
이레 태양광발전소,,전북특별자치도 익산시 망성면 무형리 309-13,36.1202964386044,127.042637973931,,정상가동,19.92,220+380,60,2020,,,,,2024-09-27
성옥 태양광발전소,,전북특별자치도 익산시 망성면 무형리 309-14,36.1201544102957,127.042628788732,,정상가동,299.64,380,60,2021,,,,,2024-09-27
두현 태양광발전소,,전북특별자치도 익산시 망성면 무형리 309-17,36.1209001157951,127.043272007046,,정상가동,99.6,380,60,2022,,,,,2024-09-27
대원1호 태양광발전소,,전북특별자치도 익산시 망성면 무형리 309-18,36.1206512678787,127.043333741401,,정상가동,99.84,380,60,2022,,,,,2024-09-27
선유태양광발전소,,전북특별자치도 익산시 망성면 무형리 309-19,36.1204577050901,127.043283094293,,정상가동,99.84,380,60,2021,,,,,2024-09-27
도현2호 태양광발전소,,전북특별자치도 익산시 망성면 무형리 309-20,36.1202822912076,127.04338630084,,정상가동,99.84,380,60,2021,,,,,2024-09-27
라지 태양광발전소,,전북특별자치도 익산시 망성면 무형리 309-21,36.1200917165774,127.043296556013,,정상가동,99.84,380,60,2021,,,,,2024-09-27
선태양광발전소,,"전북특별자치도 익산시 망성면 무형리 487번지 건물상부(주1,주2)",36.1305267269097,127.044702943943,,정상가동,99.84,380,60,2021,,,,,2024-09-27
선2 태양광발전소,전북특별자치도 익산시 망성면 선리길 41,,36.1304536598872,127.044645467614,,정상가동,99.84,380,60,2021,,,,,2024-09-27
지효태양광발전소이호,"전북특별자치도 익산시 망성면 신리2길 7-12, ,220-3,218-25 건물상부(53.25kW),토지(18.75kW)",,,,,정상가동,299.52,380,60,2022,,,,,2024-09-27
신작리9호 태양광발전소,,전북특별자치도 익산시 망성면 신작리 332-10,36.1302345095759,127.02504076846,,정상가동,98.42,380,60,2020,,,,,2024-09-27
신작리12호 태양광발전소,,"전북특별자치도 익산시 망성면 신작리 332-2, 334-6, 333-15",,,,정상가동,98.42,380,60,2020,,,,,2024-09-27
신작리11호 태양광발전소,,"전북특별자치도 익산시 망성면 신작리 332-3, 333-16",,,,정상가동,98.42,380,60,2022,,,,,2024-09-27
신작리10호 태양광발전소,,전북특별자치도 익산시 망성면 신작리 332-4,36.130426784439,127.02525146112,,정상가동,98.42,380,60,2022,,,,,2024-09-27
신작리5호 태양광발전소,,"전북특별자치도 익산시 망성면 신작리 333-11, 333-22, 333-19, 333-25, 333-31",,,,정상가동,75.0,380,60,2020,,,,,2024-09-27
신작리6호 태양광발전소,,"전북특별자치도 익산시 망성면 신작리 333-12,333-23,333-24,333-26,333-27,332-6",,,,정상가동,75.0,380,60,2020,,,,,2024-09-27
신작리7호 태양광발전소,,"전북특별자치도 익산시 망성면 신작리 333-13, 333-29, 333-28, 332-8",,,,정상가동,75.0,380,60,2020,,,,,2024-09-27
신작리4호 태양광발전소,,"전북특별자치도 익산시 망성면 신작리 333-20, 333-6, 333-33",,,,정상가동,75.0,380,60,2020,,,,,2024-09-27
신작리8호 태양광발전소,,"전북특별자치도 익산시 망성면 신작리 333-30, 332-9",,,,정상가동,75.0,380,60,2020,,,,,2024-09-27
신작리3호 태양광발전소,,"전북특별자치도 익산시 망성면 신작리 333-8, 333-34, 333-17",,,,정상가동,75.0,380,60,2020,,,,,2024-09-27
신작리1호 태양광발전소,,"전북특별자치도 익산시 망성면 신작리 334, 333-5, 333-4",,,,정상가동,15.99,380,60,2020,,,,,2024-09-27
신작리2호 태양광발전소,,"전북특별자치도 익산시 망성면 신작리 334-3, 333-9",,,,정상가동,199.68,380,60,2020,,,,,2024-09-27
신작리13호 태양광발전소,,"전북특별자치도 익산시 망성면 신작리 334-5, 332-1, 333-14",,,,정상가동,297.22,380,60,2020,,,,,2024-09-27
임마뉴엘 태양광발전소,,전북특별자치도 익산시 망성면 신작리 835번지 3호,,,,정상가동,199.29,380,60,2021,,,,,2024-09-27
지효태양광발전소삼호,"전북특별자치도 익산시 망성면 신작신성길 24, , 건물상부",,36.1302860405833,127.023347292151,,정상가동,399.6,380,60,2022,,,,,2024-09-27
SK 태양광,,전북특별자치도 익산시 망성면 어량리 1079번지,36.1027995896773,127.026330721492,,정상가동,299.92,380,60,2022,,,,,2024-09-27
햇살모아태양광발전소,,전북특별자치도 익산시 망성면 어량리 112번지 14호,36.0817581511683,127.041415764895,,정상가동,99.28,380,60,2022,,,,,2024-09-27
어량리1호발전소,,"전북특별자치도 익산시 망성면 어량리 1743번지 13호 , 산138",,,,정상가동,99.28,380,60,2022,,,,,2024-09-27
임성태양광발전소,,전북특별자치도 익산시 망성면 어량리 268번지,36.1084014471368,127.041915419305,,정상가동,99.28,380,60,2022,,,,,2024-09-27
(유)익산청정에너지(익산청정에너지태양광발전소),,전북특별자치도 익산시 망성면 어량리 6번지 6호,,,,정상가동,99.33,380,60,2022,,,,,2024-09-27
어량리2호발전소,,"전북특별자치도 익산시 망성면 어량리 924번지 , 924-1, 1746-1, 906-7, 1745-3, 1747-5, 산138-3",,,,정상가동,99.28,380,60,2022,,,,,2024-09-27
기화 태양광발전소,,"전북특별자치도 익산시 망성면 어량리 1078-2, 1079-2",,,,정상가동,99.6,380,60,2020,,,,,2024-09-27
화전태양광발전소,,전북특별자치도 익산시 망성면 어량리 121-1,36.0878764299518,127.043754657921,,정상가동,397.8,380,60,2022,,,,,2024-09-27
달순태양광발전소,,"전북특별자치도 익산시 망성면 어량리 12-3, 112-11, 산87-7",,,,정상가동,497.7,380,60,2023,,,,,2024-09-27
주영1호태양광발전소,,"전북특별자치도 익산시 망성면 어량리 12-3, 112-11, 산87-7",,,,정상가동,497.7,380,60,2023,,,,,2024-09-27
주훈태양광발전소,,"전북특별자치도 익산시 망성면 어량리 12-3, 112-11, 산87-7",,,,정상가동,199.26,380,60,2021,,,,,2024-09-27
석호태양광발전소,,"전북특별자치도 익산시 망성면 어량리 12-3, 112-11, 산87-7",,,,정상가동,99.33,380,60,2021,,,,,2024-09-27
상록2 태양광발전소,,"전북특별자치도 익산시 망성면 어량리 12-3, 112-8",,,,정상가동,299.52,380,60,2019,,,,,2024-09-27
정현태양광발전소,,"전북특별자치도 익산시 망성면 어량리 12-3, 112-8",,,,정상가동,233.1,380,60,2020,,,,,2024-09-27
은주태양광발전소,,"전북특별자치도 익산시 망성면 어량리 12-3, 112-8",,,,정상가동,400.0,380,60,2022,,,,,2024-09-27
태도태양광발전소,,"전북특별자치도 익산시 망성면 어량리 12-3, 112-8",,,,정상가동,165.76,380,60,2019,,,,,2024-09-27
주원태양광발전소,,"전북특별자치도 익산시 망성면 어량리 12-3, 112-8, 산87-13",,,,정상가동,300.0,380,60,2021,,,,,2024-09-27
지원태양광발전소,,"전북특별자치도 익산시 망성면 어량리 12-3, 112-8, 산87-13",,,,정상가동,497.7,380,60,2022,,,,,2024-09-27
현주태양광발전소,,"전북특별자치도 익산시 망성면 어량리 12-3, 112-8, 산87-13",,,,정상가동,98.42,380,60,2022,,,,,2024-09-27
민우태양광발전소,,"전북특별자치도 익산시 망성면 어량리 12-3, 112-8, 산87-13",,,,정상가동,492.75,380,60,2022,,,,,2024-09-27
우영태양광발전소,,"전북특별자치도 익산시 망성면 어량리 12-3, 5-7, 112-11, 산87-7",,,,정상가동,210.0,210+380,60,2020,,,,,2024-09-27
연순태양광발전소,,"전북특별자치도 익산시 망성면 어량리 12-3, 5-7, 112-11, 산87-7",,,,정상가동,99.9,380,60,2021,,,,,2024-09-27
인정태양광발전소,,"전북특별자치도 익산시 망성면 어량리 12-3, 5-7, 112-11, 산87-7",,,,정상가동,99.54,220+380,60,2021,,,,,2024-09-27
관식태양광발전소,,"전북특별자치도 익산시 망성면 어량리 12-3, 5-7, 112-11, 산87-7",,,,정상가동,99.54,220+380,60,2021,,,,,2024-09-27
애영태양광발전소,,"전북특별자치도 익산시 망성면 어량리 12-3, 5-7, 112-11, 산87-7",,,,정상가동,99.54,220+380,60,2021,,,,,2024-09-27
(주)에스제이발전 ((주)에스제이발전태양광발전소),,"전북특별자치도 익산시 망성면 어량리 12-3, 5-7, 5-8, 112-11, 산87-7",,,,정상가동,472.32,380,60,2020,,,,,2024-09-27
용진태양광발전소,,"전북특별자치도 익산시 망성면 어량리 12-3, 5-8, 산87-1, 산87-7",,,,정상가동,17.78,220+380,60,2020,,,,,2024-09-27
S&L3 태양광발전소,,"전북특별자치도 익산시 망성면 어량리 127-3, 산69-5(가지번)",36.0873746903588,127.045529115227,,정상가동,19.75,220,60,2020,,,,,2024-09-27
새빛2 태양광발전소,,전북특별자치도 익산시 망성면 어량리 127-31(가지번),36.087167021638,127.045125284216,,정상가동,99.0,220+380,60,2022,,,,,2024-09-27
시은 태양광발전소,,전북특별자치도 익산시 망성면 어량리 127-32(가지번),36.0870133143623,127.045016385514,,정상가동,99.0,220+380,60,2022,,,,,2024-09-27
명진5호 태양광발전소,,"전북특별자치도 익산시 망성면 어량리 127-33, 120-8(가지번)",,,,정상가동,99.0,220+380,60,2022,,,,,2024-09-27
옹달샘 태양광발전소,,"전북특별자치도 익산시 망성면 어량리 127-34, 120-17(가지번)",,,,정상가동,99.0,220+380,60,2022,,,,,2024-09-27
동성SE5호 태양광발전소,,"전북특별자치도 익산시 망성면 어량리 127-35, 120-16, 120-18(가지번)",,,,정상가동,99.0,220+380,60,2022,,,,,2024-09-27
미래1호 태양광발전소,,"전북특별자치도 익산시 망성면 어량리 127-36, 120-19, 120-21(가지번)",,,,정상가동,99.0,220+380,60,2022,,,,,2024-09-27
광명6호 태양광발전소,,"전북특별자치도 익산시 망성면 어량리 127-37, 120-9, 120-20, 120-22(가지번)",,,,정상가동,78.4,220+380,60,2020,,,,,2024-09-27
하윤유진태양광발전소,,"전북특별자치도 익산시 망성면 어량리 12번지 19호 ,5-56,112-23,5-37 토지",,,,정상가동,15.0,220,60,2020,,,,,2024-09-27
샛익산태양광,,전북특별자치도 익산시 망성면 어량리 1320 토지,36.1100064915904,127.026129657771,,정상가동,74.0,380,60,2022,,,,,2024-09-27
금성 태양광발전소,,전북특별자치도 익산시 망성면 어량리 1642-2,36.0979750681285,127.026862248043,,정상가동,98.42,380,60,2022,,,,,2024-09-27
아하태양광발전소,,"전북특별자치도 익산시 망성면 어량리 174번지 , 174-20, 174-21",,,,정상가동,492.75,380,60,2022,,,,,2024-09-27
오공 태양광발전소,,"전북특별자치도 익산시 망성면 어량리 1760-6, 1760-7, 1760-8",,,,정상가동,98.42,380,60,2022,,,,,2024-09-27
순안 태양광 발전소,,전북특별자치도 익산시 망성면 어량리 1761-49 (가지번),36.1079092904924,127.029891484012,,정상가동,98.42,380,60,2022,,,,,2024-09-27
기화 제이 태양광 발전소,,전북특별자치도 익산시 망성면 어량리 1761-8 (가지번),36.107980403025,127.030224916046,,정상가동,492.75,380,60,2020,,,,,2024-09-27
우주 태양광발전소,,전북특별자치도 익산시 망성면 어량리 1762-25,36.1098152874903,127.032608043724,,정상가동,300.0,220+380,60,2022,,,,,2024-09-27
유한회사 상우태양광,,전북특별자치도 익산시 망성면 어량리 1762-4,36.1099218148857,127.032262124262,,정상가동,99.45,220+380,60,2022,,,,,2024-09-27
도현3호 태양광발전소,,"전북특별자치도 익산시 망성면 어량리 371-1, 1762-26",,,,정상가동,98.55,380,60,2020,,,,,2024-09-27
(유)협성에너지,,"전북특별자치도 익산시 망성면 어량리 390번지 ,391,392,393,393-1,394,403,404,1760-24~1760-28",,,,정상가동,98.55,380,60,2020,,,,,2024-09-27
경호1호태양광발전소,,전북특별자치도 익산시 망성면 어량리 5-22,36.0816738442104,127.048719432935,,정상가동,98.55,380,60,2020,,,,,2024-09-27
흥부에너지 태양광발전소,,전북특별자치도 익산시 망성면 어량리 5234,,,,정상가동,98.55,380,60,2020,,,,,2024-09-27
임성2호양광발전소,,"전북특별자치도 익산시 망성면 어량리 527-1, 527-2 527번지 14호",,,,정상가동,98.55,380,60,2020,,,,,2024-09-27
세원태양광발전소,,"전북특별자치도 익산시 망성면 어량리 7번지 8호 ,8-3",36.0796443406597,127.047250592736,,정상가동,98.55,380,60,2020,,,,,2024-09-27
낭산한우태양광1호,,"전북특별자치도 익산시 망성면 어량리 820-3 ,820-5",,,,정상가동,19.24,380,60,2020,,,,,2024-09-27
제이미3호 태양광발전소,"전북특별자치도 익산시 망성면 어량말길 121, 축사",,36.0976196647559,127.030116453145,,정상가동,492.75,380,60,2022,,,,,2024-09-27
지효태양광발전소일호,"전북특별자치도 익산시 망성면 어량말길 121, 축사 건물상부(주1,주2)",,36.0976196647559,127.030116453145,,정상가동,492.75,380,60,2020,,,,,2024-09-27
한전CK1호 태양광발전소,"전북특별자치도 익산시 망성면 어량말길 123, 창고",,36.0969275880489,127.029878551833,,정상가동,952.2,22900,60,2024,,,,,2024-09-27
배남용 태양광발전소,전북특별자치도 익산시 망성면 어량상발길 30-25,,36.0969924298465,127.038839506035,,정상가동,50.0,380,60,2014,,,,,2024-09-27
김은영 태양광발전소,전북특별자치도 익산시 망성면 어량상발길 30-25,,36.0969924298465,127.038839506035,,정상가동,99.9,380,60,2019,,,,,2024-09-27
망성태양광발전소,"전북특별자치도 익산시 망성면 어량하발길 179, 에너지시설관리,7-8, 8-3",,36.0797252308064,127.045251259693,,정상가동,382.5,380,60,2020,,,,,2024-09-27
어량리2호 태양광발전소,전북특별자치도 익산시 망성면 어량하발길 6-11,,36.0844016226077,127.046080763542,,정상가동,405.0,380,60,2020,,,,,2024-09-27
어량리1호 태양광발전소,전북특별자치도 익산시 망성면 어량하발길 6-11,,36.0844016226077,127.046080763542,,정상가동,252.8,380,60,2020,,,,,2024-09-27
SM에너지 태양광발전소,전북특별자치도 익산시 망성면 여강로 690-12,,36.1074102717904,127.046129848736,,정상가동,18.68,220,60,2020,,,,,2024-09-27
대지내촌1호 태양광발전소,전북특별자치도 익산시 망성면 여강로 690-12,,36.1074102717904,127.046129848736,,정상가동,99.54,380,60,2022,,,,,2024-09-27
라임 태양광발전소,전북특별자치도 익산시 망성면 여강로 690-12,,36.1074102717904,127.046129848736,,정상가동,99.54,380,60,2022,,,,,2024-09-27
성민1호태양광발전소,전북특별자치도 익산시 망성면 여강로 690-12,,36.1074102717904,127.046129848736,,정상가동,99.54,380,60,2022,,,,,2024-09-27
미송 태양광발전소,전북특별자치도 익산시 망성면 여강로 696,,36.1071714952256,127.044821202032,,정상가동,99.54,380,60,2022,,,,,2024-09-27
서아태양광,전북특별자치도 익산시 망성면 여강로 865-11,,36.1164215735963,127.031911793208,,정상가동,99.6,220+380,60,2020,,,,,2024-09-27
송천태양광,전북특별자치도 익산시 망성면 여강로 865-11,,36.1164215735963,127.031911793208,,정상가동,29.88,380,60,2019,,,,,2024-09-27
그린에너지 태양광발전소,전북특별자치도 익산시 망성면 왕촌길 48-10,,36.1009782862047,127.041161547883,,정상가동,19.88,220+380,60,2020,,,,,2024-09-27
KH솔라시티태양광발전소,"전북특별자치도 익산시 망성면 왕촌길 48-12, 건물상부(주1,2,3,4,5,6)",,36.1008575676565,127.041554161113,,정상가동,15.54,380,60,2020,,,,,2024-09-27
성근태양광발전소,"전북특별자치도 익산시 망성면 왕촌길 48-17, (어량리 224-10)건물상부(주1,주2,주3,주4,주5,주6,주7,주8)",,36.1008427591979,127.042407135581,,정상가동,98.77,380,60,2020,,,,,2024-09-27
청광에너지(주)(청광에너지1호),"전북특별자치도 익산시 망성면 으랭이길 124, ,1400,1767-1,1767-3,1767-5,1767-10,1767-14,1767-16,1767-18,1",,,,,정상가동,98.77,380,60,2020,,,,,2024-09-27
청명3호태양광발전소,"전북특별자치도 익산시 망성면 으랭이길 31-11, 건물상부(주1,주2)",,36.1162429791154,127.03006702682,,정상가동,98.77,380,60,2020,,,,,2024-09-27
장선6호태양광발전소,"전북특별자치도 익산시 망성면 으랭이길 31-12, 건물상부(주1,주2)",,36.1162142570614,127.029230639319,,정상가동,98.77,380,60,2020,,,,,2024-09-27
초정태양광발전소,"전북특별자치도 익산시 망성면 으랭이길 31-13, 건물상부(주1,주2)",,36.1160502096199,127.030064398669,,정상가동,98.77,380,60,2020,,,,,2024-09-27
장선11호태양광발전소,"전북특별자치도 익산시 망성면 으랭이길 31-15, 건물상부(주1,주2)",,36.1159130230518,127.030149760866,,정상가동,345.6,380,60,2020,,,,,2024-09-27
장선10호태양광발전소,"전북특별자치도 익산시 망성면 으랭이길 31-16, 건물상부(주1,주2)",,36.1158744991298,127.029228180887,,정상가동,249.6,380,60,2020,,,,,2024-09-27
희성태양광발전소,"전북특별자치도 익산시 망성면 으랭이길 31-17, 건물상부(주1)",,36.115696469848,127.030470120384,,정상가동,499.2,380,60,2020,,,,,2024-09-27
장선2호태양광발전소,"전북특별자치도 익산시 망성면 으랭이길 31-3, 건물상부(주1,주2)",,36.1165751462101,127.029426483858,,정상가동,19.2,380,60,2020,,,,,2024-09-27
서아2호태양광,전북특별자치도 익산시 망성면 으랭이길 31-4,,36.1163733228491,127.029226033214,,정상가동,348.8,380,60,2020,,,,,2024-09-27
장선4호태양광발전소,"전북특별자치도 익산시 망성면 으랭이길 31-4, 건물상부(주1,주2)",,36.1163733228491,127.029226033214,,정상가동,348.8,380,60,2020,,,,,2024-09-27
장선3호태양광발전소,"전북특별자치도 익산시 망성면 으랭이길 31-7, 건물상부(주1,주2)",,36.1165914296623,127.030264647654,,정상가동,499.66,220+380,60,2022,,,,,2024-09-27
청명1호태양광발전소,"전북특별자치도 익산시 망성면 으랭이길 31-9, 건물상부(주1,주2)",,36.1163862209027,127.030271899717,,정상가동,999.32,22900,60,2022,,,,,2024-09-27
진석태양광발전소,,전북특별자치도 익산시 망성면 장선리 306-7,36.1210305750059,127.023751324209,,정상가동,12.0,380,60,2021,,,,,2024-09-27
(유)청산태양광에너지청산7호태양광발전소,,전북특별자치도 익산시 망성면 장선리 319-1,36.1218045167401,127.023405763854,,정상가동,29.58,380,60,2021,,,,,2024-09-27
으뜸태양광발전소,,전북특별자치도 익산시 망성면 장선리 319번지,36.1220120028485,127.024180724759,,정상가동,29.63,380,60,2021,,,,,2024-09-27
(유)태양가득2태양광발전소,,"전북특별자치도 익산시 망성면 장선리 361번지 ,362-2,363",,,,정상가동,100.0,380,60,2021,,,,,2024-09-27
정상2 태양광발전소,,"전북특별자치도 익산시 망성면 장선리 363-3 ,382",,,,정상가동,99.9,380,60,2019,,,,,2024-09-27
으뜸태양광발전소,,"전북특별자치도 익산시 망성면 장선리 398번지 4호 , 411",,,,정상가동,99.9,380,60,2019,,,,,2024-09-27
홍기태양광,,전북특별자치도 익산시 망성면 장선리 402-1,36.1203222738494,127.022537357518,,정상가동,99.9,380,60,2019,,,,,2024-09-27
여재태양광,,전북특별자치도 익산시 망성면 장선리 404,36.1204714579912,127.022839200659,,정상가동,99.9,380,60,2019,,,,,2024-09-27
에이엠에스에너지,,전북특별자치도 익산시 망성면 장선리 406번지 5호,,,,정상가동,99.9,380,60,2019,,,,,2024-09-27
다둥1호 태양광발전소,,전북특별자치도 익산시 망성면 장선리 606 (가지번),36.1235495607266,127.016190668752,,정상가동,99.9,380,60,2019,,,,,2024-09-27
신흥1호 태양광발전소,,전북특별자치도 익산시 망성면 장선리 606-1 (가지번),36.1232708287228,127.016087860182,,정상가동,99.9,380,60,2019,,,,,2024-09-27
수영 태양광발전소,,전북특별자치도 익산시 망성면 장선리 606-2 (가지번),36.1231344782192,127.016062838838,,정상가동,99.54,380,60,2020,,,,,2024-09-27
명광2호 태양광발전소,,전북특별자치도 익산시 망성면 장선리 606-3(가지번) (본지번 606),36.1229804398728,127.016216211862,,정상가동,99.54,380,60,2020,,,,,2024-09-27
모아 태양광발전소,,전북특별자치도 익산시 망성면 장선리 606-4(가지번) (본지번 606),36.1226973283862,127.016507409903,,정상가동,99.54,380,60,2020,,,,,2024-09-27
석산태양광발전소,,전북특별자치도 익산시 망성면 장선리 606-6(가지번) (본지번 606),36.1232449260762,127.014989471242,,정상가동,153.6,380,60,2020,,,,,2024-09-27
명광1호 태양광발전소,,전북특별자치도 익산시 망성면 장선리 606-7(가지번) (본지번 606),36.1230686419792,127.015040535561,,정상가동,195.36,380,60,2020,,,,,2024-09-27
영심둘 태양광발전소,,전북특별자치도 익산시 망성면 장선리 606-8(가지번) (본지번 606),36.1227315407937,127.014690452615,,정상가동,99.9,380,60,2021,,,,,2024-09-27
훈찬2호 태양광발전소,,전북특별자치도 익산시 망성면 장선리 606-9(가지번) (본지번 606),36.1227023215546,127.016240481563,,정상가동,26.64,380,60,2019,,,,,2024-09-27
예원 태양광발전소,,"전북특별자치도 익산시 망성면 장선리 657-1 ,657-15",,,,정상가동,15.54,380,60,2020,,,,,2024-09-27
느루태양광발전소 2호,,"전북특별자치도 익산시 망성면 장선리 659-1, 659-2",,,,정상가동,99.6,380,60,2019,,,,,2024-09-27
더함태양광발전소,,"전북특별자치도 익산시 망성면 장선리 659-1, 659-2",,,,정상가동,498.0,380,60,2020,,,,,2024-09-27
햇살태양광발전소 1호,,"전북특별자치도 익산시 망성면 장선리 659-2, 659-4",,,,정상가동,99.84,380,60,2022,,,,,2024-09-27
이정주태양광발전소 2호,,"전북특별자치도 익산시 망성면 장선리 659-2, 659-4",,,,정상가동,99.75,380,60,2022,,,,,2024-09-27
창천기업,,전북특별자치도 익산시 망성면 장선리 66번지 24호 (건물상부),,,,정상가동,99.75,380,60,2022,,,,,2024-09-27
장선3호태양광발전소,,"전북특별자치도 익산시 망성면 장선리 692-13 ,692-14,692-15,692-16,692-18,692-19",,,,정상가동,199.2,220+380,60,2020,,,,,2024-09-27
송천2호태양광,전북특별자치도 익산시 망성면 진북로 1406-4,,36.1211740928987,127.021612974619,,정상가동,99.28,380,60,2020,,,,,2024-09-27
두원 태양광발전소,"전북특별자치도 익산시 망성면 화산들길 12, ,5,6,8",,,,,정상가동,91.26,380,60,2020,,,,,2024-09-27
유엔비 태양광발전소,,전북특별자치도 익산시 망성면 화산리,36.1336266291273,126.984877460089,,정상가동,99.65,380,60,2021,,,,,2024-09-27
가을태양광발전소,,전북특별자치도 익산시 망성면 화산리 2020번지 17호 건물상부,,,,정상가동,99.18,220+380,60,2020,,,,,2024-09-27
소망태양광발전소,,전북특별자치도 익산시 망성면 화산리 404번지 1호,36.1224664247349,127.004041141112,,정상가동,99.6,220+380,60,2020,,,,,2024-09-27
용태양광발전소,,전북특별자치도 익산시 망성면 화산리 404번지 4호,36.1224664247349,127.004041141112,,정상가동,99.33,380,60,2020,,,,,2024-09-27
(유)아채(아채태양광발전소),,"전북특별자치도 익산시 망성면 화산리 404번지 5호 , 405, 405-2",36.1224664247349,127.004041141112,,정상가동,19.98,220+380,60,2019,,,,,2024-09-27
경호태양광발전소,,"전북특별자치도 익산시 망성면 화산리 404번지 6호 , 405-10, 405-11",36.1224664247349,127.004041141112,,정상가동,99.45,220+380,60,2019,,,,,2024-09-27
우리2호태양광발전소,,"전북특별자치도 익산시 망성면 화산리 804번지 , 804-1",,,,정상가동,99.45,220+380,60,2019,,,,,2024-09-27
유나태양광발전소,,"전북특별자치도 익산시 망성면 화산리 808번지 2호 , 805-5",,,,정상가동,99.0,380,60,2022,,,,,2024-09-27
우리1호태양광발전소,,"전북특별자치도 익산시 망성면 화산리 865번지 , 808-1",,,,정상가동,99.0,380,60,2022,,,,,2024-09-27
화산태양광2호,,"전북특별자치도 익산시 망성면 화산리 1577-3, 1577-4, 1577-5, 360-6",,,,정상가동,99.0,380,60,2022,,,,,2024-09-27
화산태양광3호,,"전북특별자치도 익산시 망성면 화산리 1577-3, 1577-4, 360-6, 360-7",,,,정상가동,99.6,380,60,2022,,,,,2024-09-27
화산태양광1호,,"전북특별자치도 익산시 망성면 화산리 1577-3, 1577-5",,,,정상가동,99.6,380,60,2022,,,,,2024-09-27
창성 태양광발전소,,"전북특별자치도 익산시 망성면 화산리 1578번지 1호 , 393-1",,,,정상가동,99.6,380,60,2022,,,,,2024-09-27
상주태양광발전소,,"전북특별자치도 익산시 망성면 화산리 1591-1 ~6,814-18,814-19",,,,정상가동,99.5,220+380,60,2022,,,,,2024-09-27
희망 태양광발전소,,전북특별자치도 익산시 망성면 화산리 1595-1,36.1231473169692,127.005670198716,,정상가동,99.6,220+380,60,2022,,,,,2024-09-27
가성 태양광발전소,,전북특별자치도 익산시 망성면 화산리 1595-15,36.1230183688734,127.005325834712,,정상가동,99.6,220+380,60,2022,,,,,2024-09-27
화산1호 태양광발전소,,전북특별자치도 익산시 망성면 화산리 1599-2-가,36.1223058805011,127.001946919628,,정상가동,99.6,220+380,60,2022,,,,,2024-09-27
화산2호 태양광발전소,,전북특별자치도 익산시 망성면 화산리 1599-2-나,36.1223058805011,127.001946919628,,정상가동,99.6,220+380,60,2022,,,,,2024-09-27
대웅발전소,,전북특별자치도 익산시 망성면 화산리 177-6,36.1307017888077,127.00099283812,,정상가동,99.6,220+380,60,2022,,,,,2024-09-27
행운발전소,,전북특별자치도 익산시 망성면 화산리 177-7,36.130549482925,127.001073933934,,정상가동,20.0,380,60,2020,,,,,2024-09-27
영생발전소,,전북특별자치도 익산시 망성면 화산리 177-8,36.1302823634366,127.001030604256,,정상가동,17.55,380,60,2019,,,,,2024-09-27
동동9호 태양광발전소,,"전북특별자치도 익산시 망성면 화산리 183 ,183-3",,,,정상가동,99.6,220+380,60,2022,,,,,2024-09-27
미령효령 태양광발전소,,"전북특별자치도 익산시 망성면 화산리 183-4 ,1410-15",,,,정상가동,99.28,220+380,60,2022,,,,,2024-09-27
성농발전소,,"전북특별자치도 익산시 망성면 화산리 1850-2 ,1850-3건물상부",,,,정상가동,99.28,220+380,60,2022,,,,,2024-09-27
화산2태양광발전소,,전북특별자치도 익산시 망성면 화산리 382번지 7호,,,,정상가동,19.2,220+380,60,2020,,,,,2024-09-27
은2호태양광발전소,,전북특별자치도 익산시 망성면 화산리 402번지 1호,,,,정상가동,348.6,380,60,2020,,,,,2024-09-27
광명 태양광발전소,,전북특별자치도 익산시 망성면 화산리 462-1,36.1214880923965,127.003136344246,,정상가동,348.6,380,60,2020,,,,,2024-09-27
엔젤 태양광발전소,,전북특별자치도 익산시 망성면 화산리 462-5,36.1214270883458,127.00280410175,,정상가동,99.54,380,60,2020,,,,,2024-09-27
보성당1호 태양광발전소,,전북특별자치도 익산시 망성면 화산리 462-6,36.1213511016574,127.003357165485,,정상가동,99.54,380,60,2020,,,,,2024-09-27
에이치에스태양광발전소,,"전북특별자치도 익산시 망성면 화산리 730, 778-5, 779-5 (가지번)",,,,정상가동,99.54,380,60,2020,,,,,2024-09-27
디에이치태양광발전소,,"전북특별자치도 익산시 망성면 화산리 730-2, 778-6, 779-6 (가지번)",,,,정상가동,98.28,380,60,2014,,,,,2024-09-27
와이제이태양광발전소,,"전북특별자치도 익산시 망성면 화산리 730-3, 778-7, 779-7 (가지번)",,,,정상가동,98.4,380,60,2008,,,,,2024-09-27
제이제이 발전소,,"전북특별자치도 익산시 망성면 화산리 732-2, 733",,,,정상가동,148.92,380,60,2020,,,,,2024-09-27
비발디겨울태양광발전소,,전북특별자치도 익산시 망성면 화산리 74,36.1359841532011,127.001808493012,,정상가동,99.0,380,60,2015,,,,,2024-09-27
화산리8호 태양광발전소,,전북특별자치도 익산시 망성면 화산리 74-32,36.134830413501,127.002187980096,,정상가동,377.4,380,60,2019,,,,,2024-09-27
대현발전소,,전북특별자치도 익산시 망성면 화산리 770-1,36.1233259780182,127.000963863763,,정상가동,30.0,380,60,2019,,,,,2024-09-27
에스디1 발전소,,전북특별자치도 익산시 망성면 화산리 770-6,36.1229543178612,127.000829783147,,정상가동,30.0,220+380,60,2014,,,,,2024-09-27
에스에이치태양광발전소,,"전북특별자치도 익산시 망성면 화산리 778-1, 779-3 (가지번)",,,,정상가동,264.55,380,60,2020,,,,,2024-09-27
엠에스태양광발전소,,"전북특별자치도 익산시 망성면 화산리 778-4, 779-4 (가지번)",,,,정상가동,198.4,380,60,2020,,,,,2024-09-27
비에이치태양광발전소,,전북특별자치도 익산시 망성면 화산리 779-1 (가지번),36.122751002865,127.000942084702,,정상가동,99.0,380,60,2014,,,,,2024-09-27
풍원 태양광발전소,,전북특별자치도 익산시 망성면 화산리 785,36.1230027278583,127.004330093268,,정상가동,498.42,380,60,2022,,,,,2024-09-27
민담 태양광발전소,,전북특별자치도 익산시 망성면 화산리 785-30,36.1227523579125,127.004659103801,,정상가동,298.62,380,60,2019,,,,,2024-09-27
양지발전소,,전북특별자치도 익산시 망성면 화산리 801번지,36.1240487476286,127.004868684116,,정상가동,430.56,380,60,2019,,,,,2024-09-27
청정발전소,,전북특별자치도 익산시 망성면 화산리 801번지,36.1240487476286,127.004868684116,,정상가동,497.7,380,60,2021,,,,,2024-09-27
박순희2호 태양광발전소,,전북특별자치도 익산시 목천동 444-28,35.9132223287741,126.928641471129,,정상가동,499.2,380,60,2019,,,,,2024-09-27
용일태양광,,"전북특별자치도 익산시 목천동 660-2 ,660-21,660-22",,,,정상가동,199.68,380,60,2020,,,,,2024-09-27
익산원예농협태양광발전소,,"전북특별자치도 익산시 목천동 916-1 ,916-2,917-3건물상부",,,,정상가동,399.36,380,60,2021,,,,,2024-09-27
참정원태양광발전소,"전북특별자치도 익산시 목천로 283, 403호 (인화동2가)",,35.9288102088041,126.95256284256,,정상가동,96.9,380,60,2021,,,,,2024-09-27
유신 태양광발전소,전북특별자치도 익산시 목천로 56-33 (목천동),,35.9183039934534,126.937167473444,,정상가동,96.9,380,60,2021,,,,,2024-09-27
일흥솔라 태양광발전소,전북특별자치도 익산시 목천로 56-41 (목천동),,35.9177443126651,126.93663953743,,정상가동,96.9,380,60,2021,,,,,2024-09-27
뉴젠택 태양광발전소,전북특별자치도 익산시 목천로2길 59 (인화동1가),,35.9269966912991,126.948965568035,,정상가동,96.9,380,60,2021,,,,,2024-09-27
대우사 태양광발전소,전북특별자치도 익산시 목천로2길 95 (인화동2가),,35.9261163360895,126.95311726328,,정상가동,498.0,380,60,2020,,,,,2024-09-27
금강2 태양광발전소,"전북특별자치도 익산시 목천로6길 33, 중화요리신기루 (인화동1가)",,35.9291727444627,126.948750084031,,정상가동,29.88,220+380,60,2019,,,,,2024-09-27
동산태양광발전소,"전북특별자치도 익산시 목천로6길 42, 동산자동차검사정비공업사 건물상부(1동,2동,3동) (인화동1가)",,35.9285963470156,126.949693334682,,정상가동,19.68,380,60,2019,,,,,2024-09-27
인화1호태양광발전소,"전북특별자치도 익산시 목천로6길 87, , 건물상부 (인화동2가)",,35.927588576916,126.954437338438,,정상가동,99.84,380,60,2022,,,,,2024-09-27
롯데쇼핑(주)롯데마트익산점,"전북특별자치도 익산시 무왕로 1053, 롯데마트 건물상부 (영등동)",,35.9592581655197,126.97424621545,,정상가동,99.84,380,60,2022,,,,,2024-09-27
송산마을 마을자치연금 태양광발전소 1호,"전북특별자치도 익산시 무왕로 1397, 실내야구연습장 건물위 (부송동)",,35.9679625296809,127.009857744987,,정상가동,99.84,380,60,2022,,,,,2024-09-27
김형수태양광발전소,"전북특별자치도 익산시 무왕로 1426, 주 (팔봉동)",,35.9661068514974,127.012988256515,,정상가동,99.84,380,60,2022,,,,,2024-09-27
세진솔라,"전북특별자치도 익산시 무왕로 1487, 건물상부 (팔봉동)",,35.9695996657101,127.018066087209,,정상가동,19.5,380,60,2019,,,,,2024-09-27
은성2호 태양광발전소,전북특별자치도 익산시 무왕로 1590 (덕기동),,35.970976267253,127.029608949617,,정상가동,99.6,380,60,2022,,,,,2024-09-27
진 태양광발전소,전북특별자치도 익산시 무왕로 1590 (덕기동),,35.970976267253,127.029608949617,,정상가동,99.6,380,60,2022,,,,,2024-09-27
케이제이 태양광발전소,전북특별자치도 익산시 무왕로31길 337 (정족동),,35.9849993022003,126.986118879516,,정상가동,99.6,380,60,2022,,,,,2024-09-27
덕송태양광발전소,"전북특별자치도 익산시 무왕로6길 7, (신동 769-6)건물상부 (신동)",,35.9614299933733,126.96324964896,,정상가동,99.6,380,60,2022,,,,,2024-09-27
김정란태양광발전소,"전북특별자치도 익산시 배산로24길 10, 레전드빌 주1 (모현동1가)",,35.9519697301949,126.942502706754,,정상가동,99.6,380,60,2022,,,,,2024-09-27
박순희태양광발전소,전북특별자치도 익산시 번영로 2040-23 (목천동),,35.9133502467305,126.928693759121,,정상가동,99.65,380,60,2022,,,,,2024-09-27
유정상사태양광발전소,"전북특별자치도 익산시 번영로 2040-34, 자연산업 (목천동)",,35.9128520522125,126.927364865726,,정상가동,99.63,380,60,2022,,,,,2024-09-27
㈜기원전자(기원1호태양광발전소),"전북특별자치도 익산시 보석로6길 109, (주)기원전자, 건물상부 (신흥동)",,35.9456097196106,126.983069099307,,정상가동,29.4,380,60,2019,,,,,2024-09-27
부농1호태양광발전소,전북특별자치도 익산시 부농길 17 (목천동),,35.921384054857,126.914749079847,,정상가동,29.25,380,60,2019,,,,,2024-09-27
정옥 태양광발전소,,전북특별자치도 익산시 부송동 1054-11,35.9543022059814,126.995132442453,,정상가동,19.9,220+380,60,2019,,,,,2024-09-27
더바른 태양광발전소,,전북특별자치도 익산시 부송동 257번지 48호,,,,정상가동,29.9,220+380,60,2019,,,,,2024-09-27
계룡3호 태양광발전소,,"전북특별자치도 익산시 부송동 372-6 (제1,2동) 건물위",35.9782981609982,126.992114505631,,정상가동,19.71,220,60,2019,,,,,2024-09-27
비상2호 태양광발전소,,전북특별자치도 익산시 부송동 373번지 3호 토지,35.9773954382607,126.994577966629,,정상가동,99.84,380,60,2020,,,,,2024-09-27
계룡2호 태양광발전소,,전북특별자치도 익산시 부송동 379-17 외4필지 제1동 건물위,,,,정상가동,99.84,380,60,2020,,,,,2024-09-27
계룡1호 태양광발전소,,전북특별자치도 익산시 부송동 379-17 외4필지 제1동 건물위,,,,정상가동,63.0,380,60,2019,,,,,2024-09-27
부송태양광발전소,전북특별자치도 익산시 부송로 200 (부송동),,35.9694793133131,126.989092048036,,정상가동,42.12,220+380,60,2019,,,,,2024-09-27
부평마을 복지회( 태양광발전소),전북특별자치도 익산시 부평1길 4 (부송동),,35.9698044363179,126.988620485346,,정상가동,19.24,380,60,2019,,,,,2024-09-27
옥란태양광발전소,전북특별자치도 익산시 삼기면 갈메1길 25,,35.9931853854558,126.995092681466,,정상가동,49.6,380,60,2019,,,,,2024-09-27
덕영1호태양광발전소,전북특별자치도 익산시 삼기면 갈메1길 27,,35.9933572642774,126.995430583407,,정상가동,19.24,380,60,2019,,,,,2024-09-27
금강태양광발전소,,전북특별자치도 익산시 삼기면 기산리 851번지 16호,36.0081599335737,127.00034529652,,정상가동,72.15,380,60,2019,,,,,2024-09-27
백두태양광발전소,,"전북특별자치도 익산시 삼기면 기산리 851번지 16호 , 851-34 건물상부(제4동)",36.0081599335737,127.00034529652,,정상가동,99.0,220+380,60,2021,,,,,2024-09-27
혜성씨앤씨태양광발전소,,전북특별자치도 익산시 삼기면 기산리 325-25 건물상부(주1),36.0251890198065,127.012681643281,,정상가동,499.2,380,60,2022,,,,,2024-09-27
삼기태양광발전소,,"전북특별자치도 익산시 삼기면 기산리 851-16, 851-34(주3동)",,,,정상가동,499.2,380,60,2022,,,,,2024-09-27
한라태양광발전소,,전북특별자치도 익산시 삼기면 기산리 851-19,36.0057601315231,126.995349674539,,정상가동,53.04,380,60,2019,,,,,2024-09-27
현동 태양광발전소,전북특별자치도 익산시 삼기면 미륵사지로 604,,36.0270928127303,127.013987798746,,정상가동,99.5,380,60,2022,,,,,2024-09-27
남원5호 태양광발전소,전북특별자치도 익산시 삼기면 백제로 1645-108,,36.0179384725984,127.001291277849,,정상가동,19.2,380,60,2019,,,,,2024-09-27
남원4호 태양광발전소,전북특별자치도 익산시 삼기면 백제로 1645-108,,36.0179384725984,127.001291277849,,정상가동,43.8,380,60,2020,,,,,2024-09-27
남원3호 태양광발전소,전북특별자치도 익산시 삼기면 백제로 1645-108,,36.0179384725984,127.001291277849,,정상가동,33.3,220+380,60,2019,,,,,2024-09-27
남원2호 태양광발전소,전북특별자치도 익산시 삼기면 백제로 1645-108,,36.0179384725984,127.001291277849,,정상가동,19.7,220+380,60,2019,,,,,2024-09-27
남원1호 태양광발전소,전북특별자치도 익산시 삼기면 백제로 1645-108,,36.0179384725984,127.001291277849,,정상가동,99.16,380,60,2019,,,,,2024-09-27
신라주얼리5호 태양광발전소,"전북특별자치도 익산시 삼기면 산단구평길 102, (주)신라주얼리",,36.0428917099705,127.000949455176,,정상가동,99.16,380,60,2019,,,,,2024-09-27
신라주얼리4호 태양광발전소,"전북특별자치도 익산시 삼기면 산단구평길 102, (주)신라주얼리",,36.0428917099705,127.000949455176,,정상가동,99.16,380,60,2019,,,,,2024-09-27
신라주얼리3호 태양광발전소,"전북특별자치도 익산시 삼기면 산단구평길 102, (주)신라주얼리",,36.0428917099705,127.000949455176,,정상가동,99.28,380,60,2019,,,,,2024-09-27
신라주얼리2호 태양광발전소,"전북특별자치도 익산시 삼기면 산단구평길 102, (주)신라주얼리",,36.0428917099705,127.000949455176,,정상가동,99.45,380,60,2019,,,,,2024-09-27
신라주얼리1호 태양광발전소,"전북특별자치도 익산시 삼기면 산단구평길 102, (주)신라주얼리",,36.0428917099705,127.000949455176,,정상가동,99.45,380,60,2019,,,,,2024-09-27
백두태양광발전소,전북특별자치도 익산시 삼기면 삼기길 113,,36.0073310684929,127.000682155916,,정상가동,66.6,380,60,2019,,,,,2024-09-27
행복 발전소,전북특별자치도 익산시 삼기면 삼기농공단지길 44,,36.0251715930901,127.011202748156,,정상가동,37.23,380,60,2019,,,,,2024-09-27
T.Y라이팅(주)태양광발전소,,"전북특별자치도 익산시 삼기면 서두리 103번지 3호 , 103-15",36.0333163768144,126.976914033774,,정상가동,99.4,380,60,2022,,,,,2024-09-27
대한태양광발전소,,"전북특별자치도 익산시 삼기면 서두리 151-9, 151-11",,,,정상가동,99.4,380,60,2022,,,,,2024-09-27
창대태양광발전소,,"전북특별자치도 익산시 삼기면 서두리 72, 72-4",,,,정상가동,99.4,380,60,2022,,,,,2024-09-27
미림태양광발전소,,"전북특별자치도 익산시 삼기면 서두리 72-1, 72-2",,,,정상가동,99.4,380,60,2022,,,,,2024-09-27
화진태양광발전소,,"전북특별자치도 익산시 삼기면 서두리 738번지 33호 ,950-8 건물상부",,,,정상가동,99.4,380,60,2022,,,,,2024-09-27
은경 태양광발전소,,"전북특별자치도 익산시 삼기면 서두리 940번지 4호 ,-5",36.0294764051957,126.972961426234,,정상가동,99.84,380,60,2019,,,,,2024-09-27
석불태양광발전소,,전북특별자치도 익산시 삼기면 연동리 598-12(건물상부),36.0307119194141,127.007513365713,,정상가동,99.84,380,60,2019,,,,,2024-09-27
대중태양광발전소,,전북특별자치도 익산시 삼기면 오룡리 127-10,36.0229486012853,127.00000787685,,정상가동,99.84,380,60,2019,,,,,2024-09-27
해오름2호태양광발전소,,전북특별자치도 익산시 삼기면 오룡리 309번지 12호 (토지),,,,정상가동,99.84,380,60,2019,,,,,2024-09-27
해오름1호태양광발전소,,"전북특별자치도 익산시 삼기면 오룡리 309번지 26호 , 309-17(토지)",,,,정상가동,99.84,380,60,2019,,,,,2024-09-27
종원태양광발전소,전북특별자치도 익산시 삼기면 용연길 263,,36.0066415105398,126.988332240626,,정상가동,99.84,380,60,2019,,,,,2024-09-27
이안태양광발전소,,전북특별자치도 익산시 삼기면 용연리 142-1,36.0007437680091,126.998539087741,,정상가동,99.84,380,60,2019,,,,,2024-09-27
햇빛태양광발전소,,"전북특별자치도 익산시 삼기면 용연리 197-21 ,197-26",,,,정상가동,98.28,380,60,2020,,,,,2024-09-27
용연행복발전소,,전북특별자치도 익산시 삼기면 용연리 3-1,36.0112587474286,126.995787284148,,정상가동,99.0,380,60,2019,,,,,2024-09-27
익산 용연리 태양광발전소,,"전북특별자치도 익산시 삼기면 용연리 510번지 1호 ,510-2 토지",36.0032126393811,126.984067995732,,정상가동,43.2,380,60,2021,,,,,2024-09-27
효정 태양광발전소,,전북특별자치도 익산시 삼기면 용연리 646. 647,,,,정상가동,72.52,380,60,2021,,,,,2024-09-27
삼기태양광발전소,"전북특별자치도 익산시 삼기면 원서두1길 11, 건물상부",,36.0184815034708,126.976919359642,,정상가동,94.77,380,60,2022,,,,,2024-09-27
대흥발전소1호,"전북특별자치도 익산시 삼기면 진북로 330-5, 건물상부",,36.0335063565878,127.011988611601,,정상가동,94.77,380,60,2022,,,,,2024-09-27
성은태양광발전소,전북특별자치도 익산시 삼기면 하나로 820-81,,35.9937322726921,126.986116240595,,정상가동,94.77,380,60,2022,,,,,2024-09-27
행운 태양광발전소,전북특별자치도 익산시 삼기면 황금로 290-33,,36.0242269027005,126.961932346308,,정상가동,94.77,380,60,2022,,,,,2024-09-27
인성 태양광발전소,전북특별자치도 익산시 삼기면 황금로 290-33,,36.0242269027005,126.961932346308,,정상가동,38.22,380,60,2020,,,,,2024-09-27
화진4호 태양광발전소,전북특별자치도 익산시 삼기면 황금로 380-100,,36.0222442460251,126.965367464737,,정상가동,92.82,380,60,2020,,,,,2024-09-27
화진1호 태양광발전소,전북특별자치도 익산시 삼기면 황금로 380-110,,36.0229346691076,126.964716601539,,정상가동,92.82,380,60,2020,,,,,2024-09-27
화진3호 태양광발전소,전북특별자치도 익산시 삼기면 황금로 380-116,,36.0222259166826,126.964939020446,,정상가동,92.82,380,60,2020,,,,,2024-09-27
열림태양광발전소,전북특별자치도 익산시 서동로 113 (마동),,35.9347618287044,126.963621269007,,정상가동,99.36,380,60,2019,,,,,2024-09-27
JS2호태양광발전소,"전북특별자치도 익산시 서동로 134-1, , 136 건물상부(주1) (동산동)",,,,,정상가동,32.4,380,60,2020,,,,,2024-09-27
익산국제태양광발전소,"전북특별자치도 익산시 서동로 205, 건물상부 (금강동)",,35.9388670386096,126.972621836474,,정상가동,99.0,380,60,2021,,,,,2024-09-27
대한종합기업태양광발전소,"전북특별자치도 익산시 서동로 312, 대한종합기업, 건물상부 (신흥동)",,35.9406117327856,126.983964201592,,정상가동,99.0,380,60,2021,,,,,2024-09-27
김형수7호 태양광발전소,전북특별자치도 익산시 서동로 466 (용제동),,35.9422125075965,126.999325164687,,정상가동,99.0,380,60,2021,,,,,2024-09-27
김형수8호 태양광발전소,전북특별자치도 익산시 서동로 511 (용제동),,35.9455640151547,127.002854510986,,정상가동,99.0,380,60,2021,,,,,2024-09-27
도민태양광발전소2호,"전북특별자치도 익산시 서동로 594, (1동), 637(3동) 건물위 (석암동)",,,,,정상가동,99.0,380,60,2021,,,,,2024-09-27
유한회사 천담 (천담1호태양광발전소),"전북특별자치도 익산시 서동로 594, ECO융합섬유연구원 건물상부(주2) (석암동)",,35.9500460175306,127.010358619486,,정상가동,99.0,380,60,2021,,,,,2024-09-27
썬화태양광발전소,"전북특별자치도 익산시 서동로18길 8, 건물상부(주1) (동산동)",,35.9323962870888,126.960069849202,,정상가동,79.56,380,60,2019,,,,,2024-09-27
오영애 태양광발전소,전북특별자치도 익산시 서동로27길 43-40 (신흥동),,35.9449839198931,126.993427080698,,정상가동,99.28,380,60,2019,,,,,2024-09-27
신흥 태양광발전소,전북특별자치도 익산시 서동로27길 66 (신흥동),,35.9469560389416,126.993832020093,,정상가동,99.84,380,60,2019,,,,,2024-09-27
금강태양광발전소,"전북특별자치도 익산시 서동로38길 10, 애니카랜드,건물상부 (금강동)",,35.9388470621946,126.974822805869,,정상가동,99.84,380,60,2019,,,,,2024-09-27
성은태양광발전소,전북특별자치도 익산시 서동로38길 25-32 (금강동),,35.9369384917685,126.976564190994,,정상가동,99.84,380,60,2019,,,,,2024-09-27
금강쏠라태양광발전소,"전북특별자치도 익산시 서동로38길 25-32, 건물상부 (금강동)",,35.9369384917685,126.976564190994,,정상가동,99.36,380,60,2020,,,,,2024-09-27
뉴백조사태양광발전소,"전북특별자치도 익산시 서동로38길 25-5, ,373-5,373-14 건물상부 (금강동)",,,,,정상가동,57.96,380,60,2020,,,,,2024-09-27
사랑태양광발전소,"전북특별자치도 익산시 서동로40길 27-9, 건물상부(주1,주2) (신흥동)",,35.9380497534453,126.98135672658,,정상가동,99.9,380,60,2022,,,,,2024-09-27
김형수2호태양광발전소,전북특별자치도 익산시 서동로42길 29 (용제동),,35.9405915344358,127.00016313636,,정상가동,99.9,380,60,2022,,,,,2024-09-27
용제동태양광발전소,"전북특별자치도 익산시 서동로42길 29, , 건물상부(426.5㎡),주차장(207.1㎡) (용제동)",,35.9405915344358,127.00016313636,,정상가동,99.9,380,60,2022,,,,,2024-09-27
동이리 햇빛발전소,전북특별자치도 익산시 서동로4길 34 (동산동),,35.9298636565416,126.960207088206,,정상가동,99.9,380,60,2022,,,,,2024-09-27
동산태양광발전소,"전북특별자치도 익산시 서동로8길 41-1, 명진기획 건물상부(주1) (동산동)",,35.9329472089497,126.962850712615,,정상가동,99.9,380,60,2022,,,,,2024-09-27
민솔 태양광발전소,"전북특별자치도 익산시 석교1길 17, 3동, 4동 건물위 (은기동)",,35.9910345436621,127.01715407815,,정상가동,99.9,380,60,2022,,,,,2024-09-27
다고내푸드1호 태양광발전소,,전북특별자치도 익산시 석암동 598-1,35.9462388011413,127.012382177011,,정상가동,99.9,380,60,2022,,,,,2024-09-27
다고내푸드2호 태양광발전소,,전북특별자치도 익산시 석암동 598-1,35.9462388011413,127.012382177011,,정상가동,99.9,380,60,2022,,,,,2024-09-27
신광와이어 태양광발전소,,전북특별자치도 익산시 석암동 608-1 건물위,35.93776040378,127.014431290181,,정상가동,98.28,380,60,2019,,,,,2024-09-27
일흥합성공업 주식회사(일흥합성공업1태양광),,"전북특별자치도 익산시 석암동 635-1 ,636,636-1",,,,정상가동,98.28,380,60,2019,,,,,2024-09-27
(주)한라화스너(한라화스너태양광발전소),,"전북특별자치도 익산시 석암동 640번지 ,건물상부(주1~주6)",35.9510004135793,127.010569785082,,정상가동,98.28,380,60,2019,,,,,2024-09-27
김형수4호태양광발전소,"전북특별자치도 익산시 석암로11길 16-22, ,394-2 (석암동)",,,,,정상가동,98.28,380,60,2019,,,,,2024-09-27
김형수3호태양광발전소,"전북특별자치도 익산시 석암로11길 16-22, 태양열전기실 (석암동)",,35.9432360826896,127.010022580704,,정상가동,28.8,220,60,2009,,,,,2024-09-27
대박 태양광발전소,"전북특별자치도 익산시 석암로11길 48-59, , 393-9 건물위 (석암동)",,,,,정상가동,49.64,380,60,2020,,,,,2024-09-27
에이아이피1호 태양광발전소,전북특별자치도 익산시 석암로13길 45 (팔봉동),,35.9517831538984,127.009332893072,,정상가동,99.28,380,60,2020,,,,,2024-09-27
에이아이피3호 태양광발전소,"전북특별자치도 익산시 석암로13길 45, 태령개발전착공장, 건물상부 (팔봉동)",,35.9517831538984,127.009332893072,,정상가동,99.38,380,60,2020,,,,,2024-09-27
에이아이피2호 태양광발전소,"전북특별자치도 익산시 석암로13길 45, 태령개발전착공장, 건물상부 (팔봉동)",,35.9517831538984,127.009332893072,,정상가동,99.38,380,60,2020,,,,,2024-09-27
태령개발주식회사(태령개발2호 태양광발전소),"전북특별자치도 익산시 석암로13길 59, (주)태령개발 건물상부 (팔봉동)",,35.9528115606113,127.008081592083,,정상가동,99.84,380,60,2020,,,,,2024-09-27
㈜승호기업(승호3호태양광발전소),전북특별자치도 익산시 석암로1길 137 (팔봉동),,35.9606671421538,127.006412703779,,정상가동,41.44,380,60,2019,,,,,2024-09-27
㈜승호기업(승호1호태양광발전소),전북특별자치도 익산시 석암로1길 137 (팔봉동),,35.9606671421538,127.006412703779,,정상가동,49.14,380,60,2020,,,,,2024-09-27
(주)승호기업(승호2호태양광발전소),전북특별자치도 익산시 석암로1길 137 (팔봉동),,35.9606671421538,127.006412703779,,정상가동,98.28,380,60,2020,,,,,2024-09-27
푸른산태양광발전소,전북특별자치도 익산시 석암로1길 17-10 (용제동),,35.9534077927857,126.997295289941,,정상가동,98.28,380,60,2020,,,,,2024-09-27
푸른산2호태양광발전소,"전북특별자치도 익산시 석암로1길 17-10, (주)구원 (용제동)",,35.9534077927857,126.997295289941,,정상가동,97.88,380,60,2010,,,,,2024-09-27
삼정P에너지태양광발전소,"전북특별자치도 익산시 석암로3길 106, 건물상부 (팔봉동)",,35.9557230245125,127.007992988976,,정상가동,198.8,380,60,2019,,,,,2024-09-27
김형수6호태양광발전소,전북특별자치도 익산시 석암로4길 14 (용제동),,,,,정상가동,440.55,380,60,2022,,,,,2024-09-27
써니2호태양광발전소,,"전북특별자치도 익산시 석왕동  478번지 2호 , 476-4",,,,정상가동,98.0,380,60,2023,,,,,2024-09-27
써니1호태양광발전소,,전북특별자치도 익산시 석왕동  479번지 2호,,,,정상가동,299.52,380,60,2021,,,,,2024-09-27
길3호 태양광발전소,,전북특별자치도 익산시 석왕동 21번지 14호,,,,정상가동,299.52,380,60,2021,,,,,2024-09-27
옛뚝3호 태양광발전소,,전북특별자치도 익산시 석탄동 1006-1 건물위,35.9168442946894,126.955654137847,,정상가동,247.65,380,60,2021,,,,,2024-09-27
옛뚝2호 태양광발전소,,전북특별자치도 익산시 석탄동 1006-1 건물위,35.9168442946894,126.955654137847,,정상가동,247.65,380,60,2021,,,,,2024-09-27
옛뚝1호 태양광발전소,,전북특별자치도 익산시 석탄동 1006-1 건물위,35.9168442946894,126.955654137847,,정상가동,140.76,380,60,2020,,,,,2024-09-27
주영1호 태양광발전소,,"전북특별자치도 익산시 석탄동 998, 998-8",,,,정상가동,248.93,380,60,2019,,,,,2024-09-27
정해민2호 태양광발전소,전북특별자치도 익산시 선화로 344 (마동),,35.9457095852187,126.967720193451,,정상가동,248.2,380,60,2019,,,,,2024-09-27
상일 태양광발전소,"전북특별자치도 익산시 선화로 470-6, (주)상일실업 (신흥동)",,35.9460574638083,126.981296214571,,정상가동,394.2,380,60,2019,,,,,2024-09-27
원광여고 햇빛발전소,전북특별자치도 익산시 선화로13길 72 (모현동1가),,35.9546839888633,126.943434506502,,정상가동,257.32,380,60,2019,,,,,2024-09-27
원광여중 햇빛발전소,전북특별자치도 익산시 선화로13길 72 (모현동1가),,35.9546839888633,126.943434506502,,정상가동,409.5,380,60,2019,,,,,2024-09-27
사랑태양광발전소,전북특별자치도 익산시 선화로47길 68 (영등동),,35.9496643528763,126.963129074578,,정상가동,196.56,380,60,2019,,,,,2024-09-27
에코태양광발전소,전북특별자치도 익산시 선화로47길 68-51 (영등동),,35.9494428878711,126.963920011491,,정상가동,503.2,380,60,2019,,,,,2024-09-27
에코태양광발전소,"전북특별자치도 익산시 선화로47길 68-51, 건물상부 (영등동)",,35.9494428878711,126.963920011491,,정상가동,209.0,380,60,2019,,,,,2024-09-27
박향순태양광발전소,"전북특별자치도 익산시 선화로47길 7, 건물상부 (남중동)",,35.9448404867462,126.959851234991,,정상가동,461.36,380,60,2020,,,,,2024-09-27
그린 태양광발전소,"전북특별자치도 익산시 선화로59길 46-12, 소망빌리지 (영등동)",,35.9492270914356,126.971858354727,,정상가동,199.8,380,60,2020,,,,,2024-09-27
하이원태양광발전소,"전북특별자치도 익산시 선화로5길 21 (모현동1가, 하이원빌)",,35.9506878975762,126.942507736653,,정상가동,173.25,380,60,2019,,,,,2024-09-27
최종용태양광발전소,"전북특별자치도 익산시 선화로5길 28, 원룸 (모현동1가)",,35.9511079246144,126.943177798702,,정상가동,497.0,380,60,2022,,,,,2024-09-27
임순자 태양광발전소,"전북특별자치도 익산시 선화로5길 28, 원룸 (모현동1가)",,35.9511079246144,126.943177798702,,정상가동,151.2,380,60,2020,,,,,2024-09-27
미소태양광발전소,전북특별자치도 익산시 선화로5길 32 (모현동1가),,35.9514269205606,126.943276662525,,정상가동,299.7,380,60,2020,,,,,2024-09-27
세광1호 태양광발전소,"전북특별자치도 익산시 선화로63길 22-1, 세광주얼리 (영등동)",,35.9484424110289,126.973991364129,,정상가동,580.8,22900,60,2020,,,,,2024-09-27
세광2호 태양광발전소,전북특별자치도 익산시 선화로63길 22-3(영등동),,35.9485197195563,126.974326400249,,정상가동,499.5,380,60,2022,,,,,2024-09-27
모현태양광발전소,"전북특별자치도 익산시 선화로8길 21, 세영빌딩 (모현동1가)",,35.9466709309314,126.942604634632,,정상가동,499.5,380,60,2022,,,,,2024-09-27
김순옥 태양광발전소,전북특별자치도 익산시 선화로9길 23-3 (모현동1가),,35.9507523479491,126.945627074266,,정상가동,996.0,22900,60,2020,,,,,2024-09-27
고을태양광발전소,,"전북특별자치도 익산시 성당면 갈산리 425번지 6호 , 354 건물상부(주1,주2,주3)",,,,정상가동,293.76,380,60,2019,,,,,2024-09-27
(유)성당이호태양광발전소(성당이호태양광발전소),,전북특별자치도 익산시 성당면 갈산리 625번지 3호,36.1036257866612,126.929284709609,,정상가동,99.62,380,60,2022,,,,,2024-09-27
중림4호 태양광발전소,,전북특별자치도 익산시 성당면 대선리 456-30,36.0692126603758,126.935480933003,,정상가동,149.6,380,60,2019,,,,,2024-09-27
중림태양광발전소,,전북특별자치도 익산시 성당면 대선리 456번지 15호,36.0677866019068,126.93471749888,,정상가동,496.32,380,60,2022,,,,,2024-09-27
중림3호 태양광발전,,전북특별자치도 익산시 성당면 대선리 456번지 15호 토지,36.0677866019068,126.93471749888,,정상가동,496.32,380,60,2022,,,,,2024-09-27
중림2호 태양광발전소,,전북특별자치도 익산시 성당면 대선리 456번지 28호 토지,36.0677866019068,126.93471749888,,정상가동,298.08,380,60,2022,,,,,2024-09-27
중림1호 태양광발전소,,전북특별자치도 익산시 성당면 대선리 456번지 29호 토지,36.0677866019068,126.93471749888,,정상가동,99.9,380,60,2020,,,,,2024-09-27
해테크익산4호 발전소,,전북특별자치도 익산시 성당면 두동리 500-14 토지,36.1136683072423,126.916133027133,,정상가동,498.96,380,60,2022,,,,,2024-09-27
볕든 태양광발전소,,전북특별자치도 익산시 성당면 두동리 500-15,36.1132998192585,126.916160741761,,정상가동,498.96,380,60,2022,,,,,2024-09-27
홍성례1호태양광발전소,,"전북특별자치도 익산시 성당면 두동리 792 ,792-7",,,,정상가동,498.96,380,60,2022,,,,,2024-09-27
소병도1호태양광발전소,,"전북특별자치도 익산시 성당면 두동리 792-2 ,792-8",,,,정상가동,498.96,380,60,2022,,,,,2024-09-27
김명훈 태양광발전소,,전북특별자치도 익산시 성당면 두동리 792-5,36.113403424101,126.914706632699,,정상가동,498.96,380,60,2022,,,,,2024-09-27
(유)흥연태양광,"전북특별자치도 익산시 성당면 부곡교항길 21-31, 건물상부(주1,주2,주3,주4,주5,주6)",,36.1049818295261,126.937691600895,,정상가동,498.96,380,60,2022,,,,,2024-09-27
한국농어촌공사 익산지사(금강농조 태양광발전소),,전북특별자치도 익산시 성당면 부곡리 36번지 5호,,,,정상가동,498.96,380,60,2022,,,,,2024-09-27
상와태양광발전소,전북특별자치도 익산시 성당면 상중와길 74-12,,36.0756104907995,126.925469109018,,정상가동,486.0,380,60,2022,,,,,2024-09-27
이애란 태양광발전소,전북특별자치도 익산시 성당면 상중와길 93-27,,36.073318236034,126.921522234393,,정상가동,486.0,380,60,2022,,,,,2024-09-27
애란태양광발전소,전북특별자치도 익산시 성당면 상중와길 93-27,,36.073318236034,126.921522234393,,정상가동,207.36,380,60,2019,,,,,2024-09-27
복현태양광발전소,"전북특별자치도 익산시 성당면 상중와길 93-27, , 538-2 건물상부",,,,,정상가동,199.44,380,60,2022,,,,,2024-09-27
유한회사 진광태양광발전소,전북특별자치도 익산시 성당면 성당로 413-130,,36.0980286814961,126.918106740998,,정상가동,299.52,380,60,2019,,,,,2024-09-27
조경만 태양광발전소,전북특별자치도 익산시 성당면 성당로 606,,36.1179443709204,126.921824405633,,정상가동,350.0,380,60,2022,,,,,2024-09-27
마을자치연금발전소1호,"전북특별자치도 익산시 성당면 성당로 762, 성당포구금강체험관",,36.1307284372012,126.921371578953,,정상가동,350.0,380,60,2022,,,,,2024-09-27
상상1호태양광발전소,,"전북특별자치도 익산시 성당면 성당리 591-1 , 591-2, 592 토지",,,,정상가동,996.8,22900,60,2022,,,,,2024-09-27
경솔라2태양광발전소,,전북특별자치도 익산시 성당면 와초리,36.0741408692579,126.935914189716,,정상가동,498.4,380,60,2022,,,,,2024-09-27
형제축산태양광발전소,,"전북특별자치도 익산시 성당면 와초리 539번지 1호 ,538-10,539-9,539-10,539-11 건물상부",36.0729254246964,126.922680143187,,정상가동,498.42,380,60,2021,,,,,2024-09-27
경솔라2태양광발전소,,전북특별자치도 익산시 성당면 와초리 669-17,36.0710780433013,126.938454230763,,정상가동,99.6,380,60,2020,,,,,2024-09-27
대원에너지2,,"전북특별자치도 익산시 성당면 와초리 669번지 18호 건물상부(주1,2)",,,,정상가동,99.0,380,60,2021,,,,,2024-09-27
선경2호태양광발전소,,전북특별자치도 익산시 성당면 장선리,36.0854297677086,126.93976884644,,정상가동,349.92,380,60,2021,,,,,2024-09-27
하영산업1호태양광발전소,"전북특별자치도 익산시 성당면 함낭로 254, 버섯재배사,건물상부(주1,주2)",,36.0712635077897,126.936369330983,,정상가동,498.96,380,60,2023,,,,,2024-09-27
하영산업2호태양광발전소,"전북특별자치도 익산시 성당면 함낭로 256, 건물상부(주1,주2)",,36.0712593332509,126.936825804701,,정상가동,398.2,380,60,2018,,,,,2024-09-27
하영산업3호태양광발전소,"전북특별자치도 익산시 성당면 함낭로 256-11, 건물상부(주1,주2,주3)",,36.0710523861504,126.936946970038,,정상가동,999.36,22900,60,2022,,,,,2024-09-27
옥택태양광발전소,"전북특별자치도 익산시 성당면 함낭로 256-12, 건물상부(주1,주2)",,36.0708924857973,126.936561009008,,정상가동,999.36,22900,60,2022,,,,,2024-09-27
김운태양광발전소,"전북특별자치도 익산시 성당면 함낭로 256-13, ,130-6 건물상부(주1,주2)",,,,,정상가동,495.0,380,60,2021,,,,,2024-09-27
하영산업4호태양광발전소,"전북특별자치도 익산시 성당면 함낭로 256-17, ,130-12 건물상부(주1,주2)",,,,,정상가동,298.08,380,60,2020,,,,,2024-09-27
신승일2 태양광발전소,전북특별자치도 익산시 성당면 함안로 671-87,,36.0792883443965,126.922017893595,,정상가동,155.52,380,60,2020,,,,,2024-09-27
신승일1 태양광발전소,전북특별자치도 익산시 성당면 함안로 671-87,,36.0792883443965,126.922017893595,,정상가동,498.96,380,60,2021,,,,,2024-09-27
와초리서인태양광발전소,"전북특별자치도 익산시 성당면 황성로 521, 건물상부(주1)",,36.0709531439409,126.93309104422,,정상가동,498.96,380,60,2021,,,,,2024-09-27
태경태양광발전소,"전북특별자치도 익산시 성당면 황성로 620-61, 건물상부(주1,주2)",,36.0815184063205,126.938933933525,,정상가동,194.4,380,60,2021,,,,,2024-09-27
블랙썬태양광발전소,"전북특별자치도 익산시 성당면 황성로 620-63, 건물상부(주1)",,36.0813701729404,126.938968354422,,정상가동,347.9,380,60,2020,,,,,2024-09-27
성당중앙교회 태양광발전소,"전북특별자치도 익산시 성당면 황성로 721, 성당중앙교회",,36.0877560473611,126.934042013153,,정상가동,99.84,380,60,2021,,,,,2024-09-27
에스아이에너지1,"전북특별자치도 익산시 성당면 회선길 19-23, 건물상부(주1,주2)",,36.0705309322863,126.937971326819,,정상가동,249.66,380,60,2021,,,,,2024-09-27
선풍태양광발전소,"전북특별자치도 익산시 성당면 회선길 28, 건물상부(주1,주2)",,36.0687517677404,126.935300591926,,정상가동,498.42,380,60,2022,,,,,2024-09-27
대선리태양광발전소,"전북특별자치도 익산시 성당면 회선길 37-5, 건물상부",,36.0685104284788,126.937352170551,,정상가동,498.42,380,60,2022,,,,,2024-09-27
예지태양광발전소,"전북특별자치도 익산시 신기길 71, 1동 (모현동2가)",,35.9600279630792,126.930060771249,,정상가동,497.0,380,60,2022,,,,,2024-09-27
서동태양광발전소,"전북특별자치도 익산시 신기길 73, 1동 (모현동2가)",,35.9602263444734,126.930092633069,,정상가동,99.9,380,60,2020,,,,,2024-09-27
더블유 태양광발전소,"전북특별자치도 익산시 신동로 16 (신동, 더블류하우스)",,35.9579890522805,126.954306262967,,정상가동,498.96,380,60,2019,,,,,2024-09-27
임정희태양광발전소,,전북특별자치도 익산시 신용동 324번지 26호,,,,정상가동,125.28,380,60,2019,,,,,2024-09-27
배산세원2호태양광발전소,,전북특별자치도 익산시 신용동 380-6,,,,정상가동,498.96,380,60,2019,,,,,2024-09-27
배산세원태양광발전소,,전북특별자치도 익산시 신용동 380-7,,,,정상가동,498.96,380,60,2023,,,,,2024-09-27
배산다원태양광발전소,,전북특별자치도 익산시 신용동 380-8,,,,정상가동,249.66,380,60,2019,,,,,2024-09-27
찬영태양광발전소,,전북특별자치도 익산시 신용동 390 토지,35.9667956872084,126.945644679522,,정상가동,997.92,22900,60,2020,,,,,2024-09-27
하은 태양광발전소,,전북특별자치도 익산시 신용동 390-1,35.9666168024485,126.945470526005,,정상가동,249.75,380,60,2020,,,,,2024-09-27
동서1호태양과발전소,,전북특별자치도 익산시 신용동 390-2,35.9665212878963,126.945507398042,,정상가동,99.9,380,60,2020,,,,,2024-09-27
동서2호태양광발전소,,전북특별자치도 익산시 신용동 390-4,35.9664108179543,126.945555699085,,정상가동,498.96,380,60,2019,,,,,2024-09-27
희망 태양광발전소,,전북특별자치도 익산시 신용동 390-5,35.9662952115345,126.945605333863,,정상가동,395.28,380,60,2019,,,,,2024-09-27
행복한농부(유)(행복한농부태양광발전소,,"전북특별자치도 익산시 신용동 490-2, 489, 488",,,,정상가동,298.2,380,60,2020,,,,,2024-09-27
한국농어촌공사 익산지사(황등양수장 태양광발전소),,전북특별자치도 익산시 신용동 942번지 20호,,,,정상가동,498.96,380,60,2019,,,,,2024-09-27
신흥2호 태양광발전소,,"전북특별자치도 익산시 신흥동 1539(주1,2) 건물위",35.9365053928553,126.993496713124,,정상가동,99.68,380,60,2020,,,,,2024-09-27
신흥1호 태양광발전소,,"전북특별자치도 익산시 신흥동 1539(주1,2,5) 건물위",35.9365053928553,126.993496713124,,정상가동,498.2,380,60,2019,,,,,2024-09-27
OK3호 태양광발전소,,"전북특별자치도 익산시 신흥동 1539(주3,4) 건물위",35.9365053928553,126.993496713124,,정상가동,498.96,380,60,2023,,,,,2024-09-27
OK2호 태양광발전소,,"전북특별자치도 익산시 신흥동 1539(주3,4) 건물위",35.9365053928553,126.993496713124,,정상가동,198.72,380,60,2020,,,,,2024-09-27
OK1호 태양광발전소,,"전북특별자치도 익산시 신흥동 1539(주3,4,5) 건물위",35.9365053928553,126.993496713124,,정상가동,997.92,22900,60,2020,,,,,2024-09-27
신정5호 태양광발전소,,"전북특별자치도 익산시 신흥동 806-2(주차장, 주2(사무실)) 토지 및 건물위",35.9439091963317,126.971359838534,,정상가동,99.9,380,60,2022,,,,,2024-09-27
연정3호 태양광발전소,,전북특별자치도 익산시 신흥동 914 건물위,35.9306051182261,126.989509390785,,정상가동,448.9,380,60,2021,,,,,2024-09-27
연정2호 태양광발전소,,전북특별자치도 익산시 신흥동 914 건물위,35.9306051182261,126.989509390785,,정상가동,99.68,380,60,2021,,,,,2024-09-27
연정1호 태양광발전소,,전북특별자치도 익산시 신흥동 914 건물위,35.9306051182261,126.989509390785,,정상가동,279.59,380,60,2020,,,,,2024-09-27
길1호태양광발전소,전북특별자치도 익산시 쌍능길 23-1(석왕동),,35.9752598097753,127.031192510507,,정상가동,199.0,380,60,2019,,,,,2024-09-27
오동정이태양광발전소,"전북특별자치도 익산시 약촌로 47, 건물상부 (신흥동)",,35.9380497864942,126.977839211502,,정상가동,149.04,380,60,2019,,,,,2024-09-27
은지 태양광발전소,전북특별자치도 익산시 약촌로 68 (신흥동),,35.9401588921957,126.977931494694,,정상가동,498.96,380,60,2017,,,,,2024-09-27
어양 태양광발전소,,전북특별자치도 익산시 어양동 597번지,35.9527155836415,126.979219105168,,정상가동,478.0,380,60,2018,,,,,2024-09-27
영천 태양광발전소,,전북특별자치도 익산시 어양동 649번지 1호 (건물상부),,,,정상가동,249.75,380,60,2019,,,,,2024-09-27
은미태양광발전소2호,,전북특별자치도 익산시 어양동 694-2,35.9623989265468,126.982401151547,,정상가동,473.0,380,60,2021,,,,,2024-09-27
밝은누리2호발전소,"전북특별자치도 익산시 어은1길 23-13, 건물상부(주1,주2) (신용동)",,35.9805194669028,126.947680047271,,정상가동,199.0,380,60,2021,,,,,2024-09-27
신리태양광발전소,전북특별자치도 익산시 여산면 가람로 195,,36.0425658308033,127.088082012239,,정상가동,497.42,380,60,2022,,,,,2024-09-27
태성2태양광발전소,"전북특별자치도 익산시 여산면 구원태길 38-10, ,607-1,607-2 건물상부(주1,주2)",,,,,정상가동,495.0,380,60,2020,,,,,2024-09-27
태성4호태양광발전소,"전북특별자치도 익산시 여산면 구원태길 38-12, 건물상부(주1,주2)",,36.0552804655345,127.106462282617,,정상가동,265.72,380,60,2020,,,,,2024-09-27
태성3호태양광발전소,"전북특별자치도 익산시 여산면 구원태길 38-14, 건물상부(주1,주2)",,36.0554876874778,127.106529597937,,정상가동,496.4,380,60,2020,,,,,2024-09-27
푸른1호태양광발전소,전북특별자치도 익산시 여산면 구원태길 38-17,,36.0561844038947,127.107058507359,,정상가동,136.87,380,60,2019,,,,,2024-09-27
여산태양광발전소,전북특별자치도 익산시 여산면 구원태길 38-25,,36.0558188268882,127.107103517142,,정상가동,295.7,380,60,2020,,,,,2024-09-27
아라태양광발전소,전북특별자치도 익산시 여산면 구원태길 38-29,,36.0560289404489,127.106959961524,,정상가동,108.0,380,60,2020,,,,,2024-09-27
세일태양광발전소,전북특별자치도 익산시 여산면 구원태길 38-31,,36.0558918753698,127.107652228334,,정상가동,466.56,380,60,2020,,,,,2024-09-27
자연광태양광발전소,전북특별자치도 익산시 여산면 구원태길 38-37,,36.055508526851,127.107515525008,,정상가동,497.0,380,60,2020,,,,,2024-09-27
(주)월곡에너지,전북특별자치도 익산시 여산면 두여길 130-186,,36.0858724816503,127.070725146105,,정상가동,199.75,380,60,2021,,,,,2024-09-27
금곡에너지,전북특별자치도 익산시 여산면 두여길 130-186,,36.0858724816503,127.070725146105,,정상가동,395.28,380,60,2019,,,,,2024-09-27
목곡에너지,전북특별자치도 익산시 여산면 두여길 130-186,,36.0858724816503,127.070725146105,,정상가동,99.68,380,60,2022,,,,,2024-09-27
(주)수곡에너지,전북특별자치도 익산시 여산면 두여길 130-186,,36.0858724816503,127.070725146105,,정상가동,997.92,22900,60,2020,,,,,2024-09-27
(주)화곡에너지,전북특별자치도 익산시 여산면 두여길 130-186,,36.0858724816503,127.070725146105,,정상가동,990.0,22900,60,2022,,,,,2024-09-27
화산태양광발전㈜,전북특별자치도 익산시 여산면 두여길 130-218,,36.0828934001132,127.072544298162,,정상가동,499.32,380,60,2022,,,,,2024-09-27
㈜솔라드림 태양광발전소,,"전북특별자치도 익산시 여산면 두여리 10-1 , 208-1 토지",,,,정상가동,990.0,22900,60,2022,,,,,2024-09-27
(유)써니솔라텍 태양광발전소,,"전북특별자치도 익산시 여산면 두여리 10-2 , 10-3 토지",,,,정상가동,990.0,22900,60,2022,,,,,2024-09-27
유한회사 썬라이트 태양광발전소,,"전북특별자치도 익산시 여산면 두여리 10번지 , 208-12",,,,정상가동,990.0,22900,60,2022,,,,,2024-09-27
제이에스1 발전소,,"전북특별자치도 익산시 여산면 두여리 16-26, 16-32, 16-80 (가지번)",,,,정상가동,492.48,380,60,2021,,,,,2024-09-27
남주 태양광발전소,,"전북특별자치도 익산시 여산면 두여리 16-27, 16-85, 16-90 (가지번)",,,,정상가동,149.1,380,60,2022,,,,,2024-09-27
발해1 태양광발전소,,"전북특별자치도 익산시 여산면 두여리 16-3, 16-61 (가지번)",,,,정상가동,200.0,380,60,2020,,,,,2024-09-27
엔에스 태양광발전소,,전북특별자치도 익산시 여산면 두여리 16-33 (가지번),36.0881524147041,127.067556750093,,정상가동,498.96,380,60,2020,,,,,2024-09-27
서이 발전소,,"전북특별자치도 익산시 여산면 두여리 16-36, 16-71 (가지번)",,,,정상가동,498.96,380,60,2020,,,,,2024-09-27
신우이엔지,,전북특별자치도 익산시 여산면 두여리 16-48 (가지번),36.0878850384679,127.067528652103,,정상가동,498.42,380,60,2020,,,,,2024-09-27
승원 태양광발전소,,전북특별자치도 익산시 여산면 두여리 16-49 (가지번),36.0876471441736,127.067479150264,,정상가동,498.96,380,60,2020,,,,,2024-09-27
인영 에너지,,"전북특별자치도 익산시 여산면 두여리 16-50, 16-13 (가지번)",,,,정상가동,497.0,380,60,2020,,,,,2024-09-27
여숙 에너지,,"전북특별자치도 익산시 여산면 두여리 16-51, 16-44, 16-37 (가지번)",,,,정상가동,498.96,380,60,2020,,,,,2024-09-27
대광 태양광발전소,,전북특별자치도 익산시 여산면 두여리 16-53 (가지번),36.0879808698206,127.068109768872,,정상가동,290.0,380,60,2020,,,,,2024-09-27
믿음 태양광발전소,,전북특별자치도 익산시 여산면 두여리 16-54 (가지번),36.0877317679044,127.068117881417,,정상가동,455.68,380,60,2021,,,,,2024-09-27
원규2호 태양광발전소,,전북특별자치도 익산시 여산면 두여리 16-55 (가지번),36.0874931533777,127.068067489022,,정상가동,150.0,380,60,2019,,,,,2024-09-27
명진 태양광발전소,,"전북특별자치도 익산시 여산면 두여리 16-57, 16-47, 16-59 (가지번)",,,,정상가동,293.76,380,60,2018,,,,,2024-09-27
미즈3호 태양광발전소,,"전북특별자치도 익산시 여산면 두여리 16-62, 16-67, 16-72, 16-73 (가지번)",,,,정상가동,397.98,380,60,2020,,,,,2024-09-27
발해2 태양광발전소,,"전북특별자치도 익산시 여산면 두여리 16-63, 16-74 (가지번)",,,,정상가동,99.6,380,60,2020,,,,,2024-09-27
유진산업 태양광발전소,,"전북특별자치도 익산시 여산면 두여리 16-64, 16-75 (가지번)",,,,정상가동,496.8,380,60,2021,,,,,2024-09-27
남동 태양광발전소,,"전북특별자치도 익산시 여산면 두여리 16-65, 16-76 (가지번)",,,,정상가동,300.16,380,60,2018,,,,,2024-09-27
노이 발전소,,"전북특별자치도 익산시 여산면 두여리 16-66, 16-77 (가지번)",,,,정상가동,297.0,380,60,2020,,,,,2024-09-27
한빛 태양광발전소,,전북특별자치도 익산시 여산면 두여리 16-69 (가지번),36.0882277696728,127.067052279809,,정상가동,495.0,380,60,2020,,,,,2024-09-27
성현2 태양광발전소,,전북특별자치도 익산시 여산면 두여리 16-70 (가지번),36.0879135215623,127.067039022097,,정상가동,130.6,380,60,2019,,,,,2024-09-27
상록 발전소,,"전북특별자치도 익산시 여산면 두여리 16-78, 16-98, 16-99 토지",,,,정상가동,149.85,380,60,2019,,,,,2024-09-27
인성2호 태양광발전소,,"전북특별자치도 익산시 여산면 두여리 16-81, 16-82, 16-87 (가지번)",,,,정상가동,915.75,22900,60,2020,,,,,2024-09-27
인성1호 태양광발전소,,"전북특별자치도 익산시 여산면 두여리 16-83, 16-88 (가지번)",,,,정상가동,498.2,380,60,2021,,,,,2024-09-27
원규1호 태양광발전소,,"전북특별자치도 익산시 여산면 두여리 16-84, 16-89 (가지번)",,,,정상가동,498.96,380,60,2022,,,,,2024-09-27
대하 태양광발전소,,"전북특별자치도 익산시 여산면 두여리 16-86, 16-100 (가지번)",,,,정상가동,498.96,380,60,2022,,,,,2024-09-27
한명원1호 태양광발전소,,전북특별자치도 익산시 여산면 두여리 16-93 (가지번),36.0878054073575,127.068732177204,,정상가동,498.96,380,60,2022,,,,,2024-09-27
와이제이 에너지,,전북특별자치도 익산시 여산면 두여리 16-94 (가지번),36.0875505795317,127.068824223145,,정상가동,99.96,380,60,2022,,,,,2024-09-27
원 발전소,,전북특별자치도 익산시 여산면 두여리 16-95 (가지번),36.0873616392081,127.068744781628,,정상가동,489.94,380,60,2018,,,,,2024-09-27
소원빛 발전소,,전북특별자치도 익산시 여산면 두여리 16-96 (가지번),36.0872261079494,127.068723345523,,정상가동,150.8,380,60,2019,,,,,2024-09-27
해송빛 발전소,,"전북특별자치도 익산시 여산면 두여리 16-97, 16-8 (가지번)",,,,정상가동,149.04,380,60,2020,,,,,2024-09-27
충만 태양광발전소,,"전북특별자치도 익산시 여산면 두여리 16번지 46호 ,16-56",36.0862228968432,127.066599349816,,정상가동,176.12,380,60,2019,,,,,2024-09-27
㈜솔라엔제이제이 태양광발전소,,"전북특별자치도 익산시 여산면 두여리 208-11 , 208-39 토지",,,,정상가동,199.51,380,60,2019,,,,,2024-09-27
은산태양광발전소,,전북특별자치도 익산시 여산면 두여리 214번지 85호,36.0839846121855,127.075727340386,,정상가동,397.44,380,60,2020,,,,,2024-09-27
비텍스태양광발전소,,전북특별자치도 익산시 여산면 두여리 214번지 86호,36.0839846121855,127.075727340386,,정상가동,99.9,380,60,2022,,,,,2024-09-27
쏘너스태양광발전소,,전북특별자치도 익산시 여산면 두여리 214번지 87호,36.0839846121855,127.075727340386,,정상가동,380.16,380,60,2019,,,,,2024-09-27
써니원태양광발전소,,전북특별자치도 익산시 여산면 두여리 214번지 88호,36.0839846121855,127.075727340386,,정상가동,997.2,22900,60,2022,,,,,2024-09-27
그린태양광발전소,,"전북특별자치도 익산시 여산면 두여리 233번지 3호 , 233-6, 231",,,,정상가동,997.2,22900,60,2020,,,,,2024-09-27
제이에스파크1호태양광발전소,,"전북특별자치도 익산시 여산면 두여리 261-31 ,235-55,261-16",,,,정상가동,997.2,22900,60,2020,,,,,2024-09-27
쌍용파크1호태양광발전소,,"전북특별자치도 익산시 여산면 두여리 261-31 ,235-55,261-16",,,,정상가동,298.08,380,60,2020,,,,,2024-09-27
대경투태양광발전소,,전북특별자치도 익산시 여산면 두여리 624번지,36.0749401440098,127.083317166272,,정상가동,499.0,380,60,2019,,,,,2024-09-27
대경원태양광발전소,,"전북특별자치도 익산시 여산면 두여리 624번지 ,625,625-1",,,,정상가동,499.0,380,60,2019,,,,,2024-09-27
두여리2호태양광발전소,,전북특별자치도 익산시 여산면 두여리 산 168-1,,,,정상가동,99.0,380,60,2020,,,,,2024-09-27
㈜썬이엔지(희망1호태양광발전소),,전북특별자치도 익산시 여산면 두여리 산 58번지,,,,정상가동,498.96,380,60,2023,,,,,2024-09-27
㈜희망이엔지산업(희망2호)태양광발전소(㈜희망이엔지산업(희망2호)태양광발전소),,"전북특별자치도 익산시 여산면 두여리 산 58번지 , 592-1",,,,정상가동,498.96,380,60,2020,,,,,2024-09-27
원수리한빛2호태양광발전소,전북특별자치도 익산시 여산면 여산학동길 67-6,,36.0347075317045,127.107276981782,,정상가동,498.96,380,60,2022,,,,,2024-09-27
원수리한빛1호태양광발전소,전북특별자치도 익산시 여산면 여산학동길 67-6,,36.0347075317045,127.107276981782,,정상가동,498.96,380,60,2023,,,,,2024-09-27
만석 태양광발전소,전북특별자치도 익산시 여산면 원두신기길 15,,36.0680422900728,127.066896944267,,정상가동,895.0,22900,60,2021,,,,,2024-09-27
원수리한빛3호 태양광발전소,,"전북특별자치도 익산시 여산면 원수리 산 82번지 ,239-9",,,,정상가동,20.0,380,60,2019,,,,,2024-09-27
에이치케이 태양광발전소,,전북특별자치도 익산시 여산면 제남리 413-2,36.0611412377482,127.073694547457,,정상가동,20.0,380,60,2019,,,,,2024-09-27
후태양광발전소,,전북특별자치도 익산시 여산면 제남리 413-2,36.0611412377482,127.073694547457,,정상가동,28.88,380,60,2019,,,,,2024-09-27
밍태양광발전소,,전북특별자치도 익산시 여산면 제남리 413-2,36.0611412377482,127.073694547457,,정상가동,99.28,380,60,2019,,,,,2024-09-27
기선태양광발전소,,전북특별자치도 익산시 여산면 제남리 413-2,36.0611412377482,127.073694547457,,정상가동,99.28,380,60,2019,,,,,2024-09-27
시스템여산 태양광발전소,,전북특별자치도 익산시 여산면 제남리 414,36.0608408416141,127.073870304915,,정상가동,99.28,380,60,2019,,,,,2024-09-27
오사리 태양광발전소,,"전북특별자치도 익산시 여산면 제남리 414-1 ,414-3",,,,정상가동,99.28,380,60,2019,,,,,2024-09-27
한선교태양광발전소,전북특별자치도 익산시 여산면 천호산길 16,,36.045102680236,127.107240589657,,정상가동,99.28,380,60,2019,,,,,2024-09-27
태성리2호태양광발전소(2-1)호,"전북특별자치도 익산시 여산면 태성길 134, (태성리 1186,1186-1,1169)건물상부",,36.0531283487109,127.099853515883,,정상가동,32.4,380,60,2019,,,,,2024-09-27
한빛태성태양광,,"전북특별자치도 익산시 여산면 태성리 747번지 , 748, 1155-1, 1155-2",,,,정상가동,23.4,380,60,2020,,,,,2024-09-27
여산2호태양광발전소,,전북특별자치도 익산시 여산면 태성리 228번지,36.0615004147642,127.112612268233,,정상가동,99.84,380,60,2020,,,,,2024-09-27
여산1호태양광발전소,,전북특별자치도 익산시 여산면 태성리 231번지,36.0617767260055,127.112232167808,,정상가동,99.84,380,60,2020,,,,,2024-09-27
삼연태양광발전소,"전북특별자치도 익산시 여산면 태성화산길 61-7, ,382-14",,,,,정상가동,99.84,380,60,2020,,,,,2024-09-27
(주)은성푸드,,전북특별자치도 익산시 여산면 호산리 345-1,36.0438396893175,127.099193383663,,정상가동,99.84,380,60,2020,,,,,2024-09-27
범진태양광발전소,"전북특별자치도 익산시 연평길 60-40, (만석동 644-2,644-3,644-9)건물상부(주1,주2,주3,주4,주5,부1) (만석동)",,35.9693090864689,126.923819010839,,정상가동,99.84,380,60,2020,,,,,2024-09-27
대영 태양광발전소,전북특별자치도 익산시 영등동 215-2(선화로 401) 건물위,,35.9465181548033,126.973921503934,,정상가동,99.84,380,60,2020,,,,,2024-09-27
남선 태양광발전소,전북특별자치도 익산시 옛둑2길 113 (석탄동),,35.9168510038275,126.958540407673,,정상가동,99.84,380,60,2020,,,,,2024-09-27
옥야 태양광발전소,전북특별자치도 익산시 옛둑길 53 (동산동),,35.9208789569394,126.960728798171,,정상가동,49.95,380,60,2019,,,,,2024-09-27
하영1호태양광발전소,"전북특별자치도 익산시 오동길 29-10, (유)하영엔지니어링 (임상동)",,35.9799373571674,126.975137526253,,정상가동,99.0,380,60,2022,,,,,2024-09-27
하영산업태양광발전소,"전북특별자치도 익산시 오동길 29-10, (유)하영엔지니어링, 건물상부 (임상동)",,35.9799373571674,126.975137526253,,정상가동,99.0,380,60,2022,,,,,2024-09-27
참진태양광발전소,"전북특별자치도 익산시 오산면 남오산길 70, 건조장",,35.9272642101589,126.878958316575,,정상가동,99.36,380,60,2021,,,,,2024-09-27
문정순 태양광발전소,전북특별자치도 익산시 오산면 동척길 11-5,,35.9171565713967,126.912479466893,,정상가동,29.58,380,60,2022,,,,,2024-09-27
전라도흥부식품1호,"전북특별자치도 익산시 오산면 만석길 24, , 1317-9 건물상부",,,,,정상가동,66.96,380,60,2021,,,,,2024-09-27
오투팜5호 태양광발전소,전북특별자치도 익산시 오산면 만하길 35-12,,35.9728702244183,126.907163925551,,정상가동,99.0,380,60,2022,,,,,2024-09-27
오투팜4호 태양광발전소,전북특별자치도 익산시 오산면 만하길 35-12,,35.9728702244183,126.907163925551,,정상가동,99.0,380,60,2022,,,,,2024-09-27
오투팜3호 태양광발전소,전북특별자치도 익산시 오산면 만하길 35-12,,35.9728702244183,126.907163925551,,정상가동,64.8,380,60,2019,,,,,2024-09-27
오투팜1호 태양광발전소,전북특별자치도 익산시 오산면 만하길 35-12,,35.9728702244183,126.907163925551,,정상가동,32.4,380,60,2019,,,,,2024-09-27
오투팜6호 태양광발전소,전북특별자치도 익산시 오산면 만하길 35-14,,35.9728873829677,126.906976421905,,정상가동,19.75,220,60,2019,,,,,2024-09-27
오투팜2호 태양광발전소,전북특별자치도 익산시 오산면 만하길 35-14,,35.9728873829677,126.906976421905,,정상가동,97.02,380,60,2019,,,,,2024-09-27
호남 태양광발전소,전북특별자치도 익산시 오산면 무왕로2길 321-41,,35.9477739128748,126.927822702856,,정상가동,97.02,380,60,2019,,,,,2024-09-27
이레 태양광발전소,전북특별자치도 익산시 오산면 신교1길 10-5,,35.9138856219134,126.92111176298,,정상가동,97.02,380,60,2019,,,,,2024-09-27
수정 태양광발전소,전북특별자치도 익산시 오산면 신오산길 55,,35.9298467039879,126.909285864213,,정상가동,97.02,380,60,2019,,,,,2024-09-27
JH 태양광발전소,전북특별자치도 익산시 오산면 신오산길 57,,35.9303621379388,126.909541361981,,정상가동,97.02,380,60,2019,,,,,2024-09-27
김애 태양광발전소,전북특별자치도 익산시 오산면 신중길 47,,35.9434830408171,126.907852983985,,정상가동,97.02,380,60,2019,,,,,2024-09-27
김애태양광발전소,"전북특별자치도 익산시 오산면 신중길 47, 건물상부",,35.9434830408171,126.907852983985,,정상가동,97.02,380,60,2019,,,,,2024-09-27
광창에너지태양광발전소,전북특별자치도 익산시 오산면 신중길 91,,35.9463370439638,126.908969761997,,정상가동,97.02,380,60,2019,,,,,2024-09-27
정우2호태양광발전소,"전북특별자치도 익산시 오산면 신후길 103-2, 건물상부(주1)",,35.9416018057277,126.881660601654,,정상가동,97.02,380,60,2019,,,,,2024-09-27
정우1호태양광발전소,"전북특별자치도 익산시 오산면 신후길 103-8, 건물(주1 주2)",,35.9411052057124,126.88173615019,,정상가동,97.02,380,60,2019,,,,,2024-09-27
해마루태양광발전소,"전북특별자치도 익산시 오산면 연평길 29, 주1 주2",,35.9705028048735,126.917195823955,,정상가동,97.02,380,60,2019,,,,,2024-09-27
해찬태양광발전소,"전북특별자치도 익산시 오산면 연평길 31, 주1 주2",,35.9705519167954,126.917843353561,,정상가동,97.02,380,60,2019,,,,,2024-09-27
원광2호 태양광발전소,"전북특별자치도 익산시 오산면 오산로 127, 원광인더스트리",,35.9494187180375,126.916230479271,,정상가동,97.02,380,60,2019,,,,,2024-09-27
원광1호 태양광발전소,"전북특별자치도 익산시 오산면 오산로 127, 원광인더스트리",,35.9494187180375,126.916230479271,,정상가동,97.02,380,60,2019,,,,,2024-09-27
럭키산업발전소,"전북특별자치도 익산시 오산면 오산로 163, ,893-11 건물상부",,,,,정상가동,97.02,380,60,2019,,,,,2024-09-27
재영태양광발전소,"전북특별자치도 익산시 오산면 오산로 66, 공장 (주1 주2) 건물상부",,35.9440871843492,126.915759310846,,정상가동,99.0,380,60,2022,,,,,2024-09-27
신우태양광발전소,,"전북특별자치도 익산시 오산면 오산리 304-2, 304-37",,,,정상가동,99.0,380,60,2022,,,,,2024-09-27
남창오산태양광,,전북특별자치도 익산시 오산면 오산리 306-12,35.9374709038319,126.911148270955,,정상가동,50.0,380,60,2022,,,,,2024-09-27
오산리2태양광발전소,,"전북특별자치도 익산시 오산면 오산리 519번지 , 520-4",,,,정상가동,99.45,380,60,2022,,,,,2024-09-27
중앙 태양광발전소,,전북특별자치도 익산시 오산면 오산리 523,35.9436115529998,126.909028081453,,정상가동,99.45,380,60,2022,,,,,2024-09-27
하나 태양광발전소,,전북특별자치도 익산시 오산면 오산리 591번지 3호 591-4 토지,,,,정상가동,99.45,380,60,2022,,,,,2024-09-27
미래 태양광발전소,전북특별자치도 익산시 오산면 옥포2길 15,,35.9187485213978,126.861365845413,,정상가동,15.12,380,60,2019,,,,,2024-09-27
장신1호태양광발전소,,"전북특별자치도 익산시 오산면 장신리 238번지 6호 , 238-7건물상부(주1,부1 : 76.585kW), 238-8 건물상부(주1 : 22.525kW)",35.956814707536,126.925605813049,,정상가동,98.28,380,60,2019,,,,,2024-09-27
케이에스태양광발전소,"전북특별자치도 익산시 오산면 장항길 22, , 958-3 건물상부",,,,,정상가동,486.64,380,60,2020,,,,,2024-09-27
신우태양광발전소,"전북특별자치도 익산시 오산면 장항길 22, , 958-3 건물상부",,,,,정상가동,19.88,380,60,2019,,,,,2024-09-27
김앤임태양광발전소,"전북특별자치도 익산시 오산면 중흥1길 73-15, 건물상부(주1,주2,주3,주4,주5,주6,주7,주8,주9,주10)",,35.9547803165039,126.903992951089,,정상가동,99.4,380,60,2019,,,,,2024-09-27
해바라기 태양광발전소,전북특별자치도 익산시 오산면 중흥길 16,,35.9559018797307,126.907512448357,,정상가동,99.28,380,60,2019,,,,,2024-09-27
시온태양광발전소,전북특별자치도 익산시 오산면 평동로 145,,35.9421810845192,126.898017690158,,정상가동,99.0,380,60,2019,,,,,2024-09-27
청우태양광발전소,"전북특별자치도 익산시 오산면 평동로 145, (주)시온종합건설, 건물상부(1동)",,35.9421810845192,126.898017690158,,정상가동,99.0,380,60,2019,,,,,2024-09-27
영농조합법인대륙(대륙제2태양광발전소),전북특별자치도 익산시 오산면 평동로 278,,35.9373833702184,126.910995656463,,정상가동,99.0,380,60,2020,,,,,2024-09-27
영만기가3호 태양광발전소,전북특별자치도 익산시 오산면 항쟁로 81,,35.9629543268427,126.901921995027,,정상가동,99.33,380,60,2022,,,,,2024-09-27
영만기가2호 태양광발전소,전북특별자치도 익산시 오산면 항쟁로 81,,35.9629543268427,126.901921995027,,정상가동,99.33,380,60,2022,,,,,2024-09-27
영만기가1호 태양광발전소,전북특별자치도 익산시 오산면 항쟁로 81,,35.9629543268427,126.901921995027,,정상가동,99.33,380,60,2022,,,,,2024-09-27
영만에이스3호 태양광발전소,전북특별자치도 익산시 오산면 항쟁로 81,,35.9629543268427,126.901921995027,,정상가동,99.4,380,60,2019,,,,,2024-09-27
영만에이스2호 태양광발전소,전북특별자치도 익산시 오산면 항쟁로 81,,35.9629543268427,126.901921995027,,정상가동,99.76,380,60,2022,,,,,2024-09-27
영만에이스1호 태양광발전소,전북특별자치도 익산시 오산면 항쟁로 81,,35.9629543268427,126.901921995027,,정상가동,99.45,380,60,2021,,,,,2024-09-27
영만이현1호 태양광발전소,전북특별자치도 익산시 오산면 항쟁로 97-29,,35.9633045068602,126.902423970509,,정상가동,97.2,380,60,2019,,,,,2024-09-27
영만미래3호 태양광발전소,전북특별자치도 익산시 오산면 항쟁로 97-29,,35.9633045068602,126.902423970509,,정상가동,96.84,380,60,2019,,,,,2024-09-27
영만미래2호 태양광발전소,전북특별자치도 익산시 오산면 항쟁로 97-29,,35.9633045068602,126.902423970509,,정상가동,99.4,380,60,2022,,,,,2024-09-27
영만미래1호 태양광발전소,전북특별자치도 익산시 오산면 항쟁로 97-29,,35.9633045068602,126.902423970509,,정상가동,99.4,380,60,2022,,,,,2024-09-27
성원태양광발전소,"전북특별자치도 익산시 왕궁면 거목길 108, 건물상부(주1,주2,주3,주4,주5,주6,주7,주8)",,35.9477012051238,127.09662559553,,정상가동,99.4,380,60,2022,,,,,2024-09-27
왕궁윤택2호 태양광발전소,전북특별자치도 익산시 왕궁면 거목길 79-21,,35.9509029269766,127.096210405443,,정상가동,99.4,380,60,2022,,,,,2024-09-27
정선2호 태양광발전소,전북특별자치도 익산시 왕궁면 건너들길 300-8,,35.9656098331584,127.09927592943,,정상가동,99.4,380,60,2022,,,,,2024-09-27
상화일태양광발전소,,전북특별자치도 익산시 왕궁면 광암리 268번지 3호,,,,정상가동,99.4,380,60,2022,,,,,2024-09-27
세계스틸태양광발전소,,전북특별자치도 익산시 왕궁면 광암리 1373번지 건물상부,35.9846063441509,127.08946674394,,정상가동,99.4,380,60,2022,,,,,2024-09-27
(유)패스오버(패스오버태양광발전소),,전북특별자치도 익산시 왕궁면 구덕리 106번지,35.9423043108832,127.086446947707,,정상가동,99.4,380,60,2022,,,,,2024-09-27
태조솔라3호태양광발전소,,"전북특별자치도 익산시 왕궁면 구덕리 34번지 1호 , 117-1, 산109-12, 산109-7, 944, 35-5, 35-6, 35-7, 35-8, 35-9,",,,,정상가동,99.4,380,60,2022,,,,,2024-09-27
㈜오목(오목5호 태양광발전소),,전북특별자치도 익산시 왕궁면 구덕리 4번지 21호,35.9499986117216,127.094636165146,,정상가동,99.4,380,60,2022,,,,,2024-09-27
왕궁윤택1호 태양광발전소,,전북특별자치도 익산시 왕궁면 구덕리 4번지 23호,35.9499986117216,127.094636165146,,정상가동,99.9,380,60,2022,,,,,2024-09-27
㈜오목(오목4호 태양광발전소),,전북특별자치도 익산시 왕궁면 구덕리 4번지 28호,35.9499986117216,127.094636165146,,정상가동,99.9,380,60,2022,,,,,2024-09-27
㈜오목(오목6호 태양광발전소),,전북특별자치도 익산시 왕궁면 구덕리 4번지 30호,35.9499986117216,127.094636165146,,정상가동,99.4,380,60,2019,,,,,2024-09-27
솔태양광발전소,,전북특별자치도 익산시 왕궁면 구덕리 655번지,35.9456474730433,127.0777420797,,정상가동,97.92,380,60,2019,,,,,2024-09-27
㈜오목(오목7호 태양광발전소),,전북특별자치도 익산시 왕궁면 구덕리 산 4번지 21호,,,,정상가동,99.36,380,60,2020,,,,,2024-09-27
㈜오목(오목8호 태양광발전소),,전북특별자치도 익산시 왕궁면 구덕리 산 4번지 22호,,,,정상가동,99.36,380,60,2020,,,,,2024-09-27
㈜오목(오목1호 태양광발전소),,전북특별자치도 익산시 왕궁면 구덕리 산 4번지 25호,,,,정상가동,99.36,380,60,2020,,,,,2024-09-27
㈜오목(오목2호 태양광발전소),,전북특별자치도 익산시 왕궁면 구덕리 산 4번지 26호,,,,정상가동,99.36,380,60,2020,,,,,2024-09-27
그린에너지태양광발전소,전북특별자치도 익산시 왕궁면 구봉길 75,,35.9433491687183,127.076270664116,,정상가동,99.36,380,60,2020,,,,,2024-09-27
그린2호태양광발전소,전북특별자치도 익산시 왕궁면 구봉길 76,,35.9428362075035,127.075660276836,,정상가동,99.36,380,60,2020,,,,,2024-09-27
가구대통령태양광발전소,,"전북특별자치도 익산시 왕궁면 도순리 100-47 ,100-61,100-93",,,,정상가동,44.4,380,60,2020,,,,,2024-09-27
다인태양광발전소,,전북특별자치도 익산시 왕궁면 도순리 153번지,35.995683502467,127.081646261962,,정상가동,49.92,380,60,2019,,,,,2024-09-27
아이작태양광발전소,,전북특별자치도 익산시 왕궁면 도순리 155번지,35.9957164667424,127.081278873097,,정상가동,81.9,380,60,2019,,,,,2024-09-27
동봉태양광발전소,,전북특별자치도 익산시 왕궁면 동봉리 488-5,36.0133439098903,127.096754567212,,정상가동,91.8,380,60,2020,,,,,2024-09-27
(유)에스지로지스 태양광발전소,,전북특별자치도 익산시 왕궁면 동용리 532번지 건물상부(주1),35.9923072227845,127.099203462105,,정상가동,99.0,380,60,2022,,,,,2024-09-27
(주)태인(태인1호태양광발전),,전북특별자치도 익산시 왕궁면 동촌리 33번지 8호,35.9904627676443,127.090167454088,,정상가동,99.0,380,60,2022,,,,,2024-09-27
㈜태인(태인3호발전소),,전북특별자치도 익산시 왕궁면 동촌리 33번지 8호 건물상부(주1동),35.9904627676443,127.090167454088,,정상가동,99.0,380,60,2022,,,,,2024-09-27
태령개발주식회사(태령개발3호 태양광발전소),전북특별자치도 익산시 왕궁면 무왕로 2179 (건축물위),,35.9891651967684,127.086707187899,,정상가동,98.55,380,60,2021,,,,,2024-09-27
(주)태령개발 (왕궁4호태양광),"전북특별자치도 익산시 왕궁면 무왕로 2179,  주4",,35.9891651967684,127.086707187899,,정상가동,98.55,380,60,2021,,,,,2024-09-27
왕궁1호태양광발전소,"전북특별자치도 익산시 왕궁면 무왕로 2179, 건물상부",,35.9891651967684,127.086707187899,,정상가동,99.28,380,60,2019,,,,,2024-09-27
왕궁3호태양광발전소,"전북특별자치도 익산시 왕궁면 무왕로 2179, 건물상부(주10)",,35.9891651967684,127.086707187899,,정상가동,99.36,380,60,2022,,,,,2024-09-27
왕궁2호태양광발전소,"전북특별자치도 익산시 왕궁면 무왕로 2179, 건물상부(주5)",,35.9891651967684,127.086707187899,,정상가동,19.04,380,60,2019,,,,,2024-09-27
왕궁에너지,"전북특별자치도 익산시 왕궁면 발산길 103, 건물상부",,35.9523185470453,127.063503557116,,정상가동,74.69,380,60,2019,,,,,2024-09-27
소립에너지3호 태양광발전소,전북특별자치도 익산시 왕궁면 상발길 21-5,,35.9548432601503,127.065059641732,,정상가동,74.69,380,60,2019,,,,,2024-09-27
소립에너지2호 태양광발전소,전북특별자치도 익산시 왕궁면 상발길 7-10,,35.9535144942266,127.064348150688,,정상가동,99.4,380,60,2022,,,,,2024-09-27
소립에너지,"전북특별자치도 익산시 왕궁면 상발길 7-10, 건물상부",,35.9535144942266,127.064348150688,,정상가동,59.64,380,60,2019,,,,,2024-09-27
시대태양광발전소3호,"전북특별자치도 익산시 왕궁면 시대길 75-10, 건물상부 (주1,2)",,35.9992655972789,127.082363205506,,정상가동,47.16,380,60,2019,,,,,2024-09-27
시대태양광발전소1호,"전북특별자치도 익산시 왕궁면 시대길 75-6, 건물상부(주1,2)",,35.9990071509639,127.08166388385,,정상가동,97.92,380,60,2019,,,,,2024-09-27
시대태양광발전소2호,"전북특별자치도 익산시 왕궁면 시대길 75-7, 건물상부(주1,2)",,35.9994697566117,127.082319608888,,정상가동,40.32,380,60,2019,,,,,2024-09-27
아람 태양광발전소,,전북특별자치도 익산시 왕궁면 쌍제리 157,35.9361697851624,127.070051300961,,정상가동,99.36,380,60,2021,,,,,2024-09-27
무지개 태양광발전소,,전북특별자치도 익산시 왕궁면 쌍제리 265-4 (토지),35.9394002393165,127.064514803256,,정상가동,99.36,380,60,2021,,,,,2024-09-27
푸른태양광발전소,,전북특별자치도 익산시 왕궁면 쌍제리 265번지,35.9399306474067,127.064128453711,,정상가동,99.36,380,60,2021,,,,,2024-09-27
콩나루태양광발전소,,전북특별자치도 익산시 왕궁면 쌍제리 265번지,35.9399306474067,127.064128453711,,정상가동,99.36,380,60,2021,,,,,2024-09-27
성인태양광발전소,,전북특별자치도 익산시 왕궁면 쌍제리 265번지,35.9399306474067,127.064128453711,,정상가동,99.4,380,60,2022,,,,,2024-09-27
은혜태양광발전소,,전북특별자치도 익산시 왕궁면 쌍제리 265번지 6호 (토지),35.9399306474067,127.064128453711,,정상가동,99.4,380,60,2022,,,,,2024-09-27
천광태양광발전소,,전북특별자치도 익산시 왕궁면 쌍제리 480번지,35.9402506993525,127.05578696236,,정상가동,99.4,380,60,2020,,,,,2024-09-27
고은옥태양광발전소,,전북특별자치도 익산시 왕궁면 쌍제리 51-3,35.9409952450469,127.067649729337,,정상가동,99.4,380,60,2020,,,,,2024-09-27
(주)대원농산(대원태양광발전소),,전북특별자치도 익산시 왕궁면 쌍제리 541-4 건물상부,35.9329845128582,127.058260693231,,정상가동,59.64,380,60,2019,,,,,2024-09-27
금영3호 태양광발전소,,전북특별자치도 익산시 왕궁면 쌍제리 57-5 (가지번),35.9396866874094,127.068045700332,,정상가동,59.64,380,60,2019,,,,,2024-09-27
참빛행복발전소,,전북특별자치도 익산시 왕궁면 쌍제리 57-5 (가지번),35.9396866874094,127.068045700332,,정상가동,59.64,380,60,2019,,,,,2024-09-27
금송2 태양광발전소,전북특별자치도 익산시 왕궁면 앵금길 128-73,,35.9485587638474,127.076886384882,,정상가동,97.5,380,60,2022,,,,,2024-09-27
금송1 태양광발전소,전북특별자치도 익산시 왕궁면 앵금길 128-73,,35.9485587638474,127.076886384882,,정상가동,97.5,380,60,2022,,,,,2024-09-27
녹야2 태양광발전소,전북특별자치도 익산시 왕궁면 앵금길 128-75,,35.9487694787028,127.077019705135,,정상가동,97.5,380,60,2022,,,,,2024-09-27
녹야1 태양광발전소,전북특별자치도 익산시 왕궁면 앵금길 128-75,,35.9487694787028,127.077019705135,,정상가동,97.5,380,60,2022,,,,,2024-09-27
김복주 태양광발전소,전북특별자치도 익산시 왕궁면 앵금길 232-31,,35.9508914573067,127.076587047528,,정상가동,97.5,380,60,2022,,,,,2024-09-27
송현2호 태양광발전소,전북특별자치도 익산시 왕궁면 앵금길 97,,35.9434029864384,127.070652509894,,정상가동,97.5,380,60,2022,,,,,2024-09-27
송현태양광발전소,"전북특별자치도 익산시 왕궁면 앵금길 97, 주1(축사)",,35.9434029864384,127.070652509894,,정상가동,99.36,380,60,2022,,,,,2024-09-27
연정에너지,전북특별자치도 익산시 왕궁면 연정길 13-20,,36.0112678779678,127.099996146403,,정상가동,99.0,380,60,2022,,,,,2024-09-27
그린2호태양광발전소,,"전북특별자치도 익산시 왕궁면 왕궁리 347-1 ,347-2",,,,정상가동,19.71,220+380,60,2018,,,,,2024-09-27
우주로2태양광발전소,"전북특별자치도 익산시 왕궁면 우주로 377-2, 건물상부",,35.9510110429263,127.10043135537,,정상가동,98.55,380,60,2019,,,,,2024-09-27
우주로1태양광발전소,"전북특별자치도 익산시 왕궁면 우주로 387, 건물상부",,35.9513381015311,127.100433321093,,정상가동,98.55,380,60,2019,,,,,2024-09-27
도경태양광발전소,전북특별자치도 익산시 왕궁면 탑리길 25-4,,35.9694648231853,127.054887425209,,정상가동,98.55,380,60,2019,,,,,2024-09-27
최종두태양광발전소,전북특별자치도 익산시 왕궁면 평장2길 172,,35.9662127565053,127.070793331926,,정상가동,99.4,380,60,2021,,,,,2024-09-27
초원1호태양광발전소,"전북특별자치도 익산시 왕궁면 평장길 69-44, 건물상부(주1)",,35.9617150893825,127.062409837401,,정상가동,99.4,380,60,2021,,,,,2024-09-27
왕궁대운 태양광발전소,,전북특별자치도 익산시 왕궁면 평장리 298번지 111호,,,,정상가동,68.04,380,60,2019,,,,,2024-09-27
성철태양광발전소,,"전북특별자치도 익산시 왕궁면 평장리 305-38 ,39,41,43,45,46 발산리 566-1",,,,정상가동,99.0,380,60,2019,,,,,2024-09-27
성민태양광발전소,,"전북특별자치도 익산시 왕궁면 평장리 305-38 발산리 556-1,556-3,556-4",,,,정상가동,99.0,380,60,2019,,,,,2024-09-27
라미태양광발전소,,"전북특별자치도 익산시 왕궁면 평장리 305-38 39,41,43,45,48 발산리 566-1,3,4",,,,정상가동,99.28,380,60,2021,,,,,2024-09-27
정은태양광발전소,,"전북특별자치도 익산시 왕궁면 평장리 305-38,39,41,43,45,46",,,,정상가동,97.2,380,60,2020,,,,,2024-09-27
케미드 태양광발전소,전북특별자치도 익산시 왕궁면 푸드폴리스로 139,,35.9777429679144,127.080445375205,,정상가동,97.2,380,60,2020,,,,,2024-09-27
주식회사 연 태양광발전소,"전북특별자치도 익산시 왕궁면 푸드폴리스로10길 31, (1동,3동) 건물위",,35.9727411574273,127.078867370117,,정상가동,97.2,380,60,2020,,,,,2024-09-27
(유)익산태양광발전소,"전북특별자치도 익산시 왕궁면 호남로 245, 대한정공 건물상부",,35.9357240468152,127.059315821305,,정상가동,97.2,380,60,2020,,,,,2024-09-27
그린태양광발전소,"전북특별자치도 익산시 왕궁면 흥암1길 15, 건물상부",,35.9658139940791,127.087418991041,,정상가동,97.2,380,60,2020,,,,,2024-09-27
승화태양광발전소,전북특별자치도 익산시 왕궁면 흥암1길 44,,35.9662489737872,127.084080968145,,정상가동,97.2,380,60,2020,,,,,2024-09-27
일로3호태양광발전소,"전북특별자치도 익산시 왕궁면 흥암길 150-45, 1, 2동",,35.9555839064749,127.097959819183,,정상가동,97.2,380,60,2020,,,,,2024-09-27
일로2호태양광발전소,"전북특별자치도 익산시 왕궁면 흥암길 150-45, 1, 2동",,35.9555839064749,127.097959819183,,정상가동,99.28,380,60,2022,,,,,2024-09-27
일로1호태양광발전소,"전북특별자치도 익산시 왕궁면 흥암길 150-45, 1, 2동",,35.9555839064749,127.097959819183,,정상가동,99.28,380,60,2022,,,,,2024-09-27
경진태양광발전소,,전북특별자치도 익산시 왕궁면 흥암리 145번지,35.9651543922141,127.09280054622,,정상가동,99.28,380,60,2022,,,,,2024-09-27
꿈꾸는2호 태양광발전소,,전북특별자치도 익산시 왕궁면 흥암리 384-3,35.9580570614577,127.07891783862,,정상가동,29.88,220+380,60,2020,,,,,2024-09-27
꿈꾸는 태양광발전소,,"전북특별자치도 익산시 왕궁면 흥암리 635-4, 635-6, 635-7",,,,정상가동,99.0,380,60,2019,,,,,2024-09-27
익산흥암4태양광,,전북특별자치도 익산시 왕궁면 흥암리 955-1,35.9561402027229,127.102432890089,,정상가동,99.45,380,60,2021,,,,,2024-09-27
익산흥암3호 태양광,,전북특별자치도 익산시 왕궁면 흥암리 955-1,35.9561402027229,127.102432890089,,정상가동,99.45,380,60,2021,,,,,2024-09-27
생활 태양광발전소,전북특별자치도 익산시 용동면 광두원길 56-48,,36.0941792186377,126.992722335308,,정상가동,99.36,380,60,2021,,,,,2024-09-27
승정태양광발전소,,"전북특별자치도 익산시 용동면 대조리 308번지 896-6,~14",,,,정상가동,99.36,380,60,2021,,,,,2024-09-27
명성2호태양광발전소,,전북특별자치도 익산시 용동면 대조리 939번지 3호,,,,정상가동,97.2,380,60,2021,,,,,2024-09-27
명성태양광발전소,,"전북특별자치도 익산시 용동면 대조리 939번지 3호, 43-2, 43-19",,,,정상가동,97.2,380,60,2021,,,,,2024-09-27
지도 태양광발전소,,전북특별자치도 익산시 용동면 대조리 116,36.1086187514303,127.014036668385,,정상가동,99.33,380,60,2019,,,,,2024-09-27
대조리8호태양광발전소,,"전북특별자치도 익산시 용동면 대조리 116-4, 116-49",,,,정상가동,99.33,380,60,2019,,,,,2024-09-27
대조리2호태양광발전소,,전북특별자치도 익산시 용동면 대조리 116-46,36.1085922009975,127.014495571245,,정상가동,99.33,380,60,2019,,,,,2024-09-27
대조리3호태양광발전소,,전북특별자치도 익산시 용동면 대조리 116-47,36.1085921533386,127.014884287727,,정상가동,99.33,380,60,2019,,,,,2024-09-27
대조리4호태양광발전소,,전북특별자치도 익산시 용동면 대조리 116-48,36.1086678929744,127.01530300561,,정상가동,99.36,380,60,2020,,,,,2024-09-27
대조리13호태양광발전소,,"전북특별자치도 익산시 용동면 대조리 116-5, 116-54, 116-74",,,,정상가동,99.4,380,60,2019,,,,,2024-09-27
대조리7호태양광발전소,,전북특별자치도 익산시 용동면 대조리 116-50,36.1083513136119,127.015158897417,,정상가동,99.4,380,60,2019,,,,,2024-09-27
대조리6호태양광발전소,,전북특별자치도 익산시 용동면 대조리 116-51,36.1083569660105,127.014637353589,,정상가동,99.4,380,60,2019,,,,,2024-09-27
대조리5호 태양광발전소,,전북특별자치도 익산시 용동면 대조리 116-52,36.1083430605578,127.01410869825,,정상가동,99.4,380,60,2019,,,,,2024-09-27
대조리9호태양광발전소,,"전북특별자치도 익산시 용동면 대조리 116-53, 116-24",,,,정상가동,99.4,380,60,2019,,,,,2024-09-27
대조리10호태양광발전소,,"전북특별자치도 익산시 용동면 대조리 116-56, 116-71",,,,정상가동,99.38,380,60,2020,,,,,2024-09-27
대조리11호태양광발전소,,"전북특별자치도 익산시 용동면 대조리 116-57, 116-62, 116-70",,,,정상가동,99.36,380,60,2021,,,,,2024-09-27
대조리12호태양광발전소,,"전북특별자치도 익산시 용동면 대조리 116-58, 116-63, 116-69",,,,정상가동,98.55,380,60,2019,,,,,2024-09-27
대조리14호태양광발전소,,"전북특별자치도 익산시 용동면 대조리 116-60, 116-73",,,,정상가동,99.28,380,60,2021,,,,,2024-09-27
대조리15호태양광발전소,,전북특별자치도 익산시 용동면 대조리 116-65,36.1076341724603,127.015490275236,,정상가동,99.28,380,60,2021,,,,,2024-09-27
대조리16호태양광발전소,,전북특별자치도 익산시 용동면 대조리 116-66,36.107466848704,127.01523802451,,정상가동,99.36,380,60,2020,,,,,2024-09-27
대조리17호태양광발전소,,전북특별자치도 익산시 용동면 대조리 116-68,36.1072317183947,127.015258747306,,정상가동,99.38,380,60,2020,,,,,2024-09-27
송천5호태양광,,전북특별자치도 익산시 용동면 대조리 1276-1,36.117210893621,127.009025872527,,정상가동,99.36,380,60,2020,,,,,2024-09-27
서아3호 태양광발전소,,전북특별자치도 익산시 용동면 대조리 1276번지 5호,,,,정상가동,99.36,380,60,2020,,,,,2024-09-27
케이에스에너지4,,전북특별자치도 익산시 용동면 대조리 133-6 토지,36.1122103799611,127.017410299624,,정상가동,10.0,380,60,2018,,,,,2024-09-27
창민2호태양광발전소,,전북특별자치도 익산시 용동면 대조리 149번지,36.1138001794971,127.012680880263,,정상가동,98.55,380,60,2019,,,,,2024-09-27
행복한발전소,,전북특별자치도 익산시 용동면 대조리 176,36.1195374606881,127.013065907945,,정상가동,98.55,380,60,2019,,,,,2024-09-27
비남에너지1 태양광발전소,,"전북특별자치도 익산시 용동면 대조리 176, 178",,,,정상가동,98.55,380,60,2019,,,,,2024-09-27
비남에너지2 태양광발전소,,"전북특별자치도 익산시 용동면 대조리 176, 178, 189-1",,,,정상가동,98.55,380,60,2019,,,,,2024-09-27
광발전소,,전북특별자치도 익산시 용동면 대조리 178,36.1197422377958,127.013685976789,,정상가동,98.55,380,60,2019,,,,,2024-09-27
서동발전소,,전북특별자치도 익산시 용동면 대조리 178,36.1197422377958,127.013685976789,,정상가동,98.55,380,60,2019,,,,,2024-09-27
영광발전소,,"전북특별자치도 익산시 용동면 대조리 178, 176, 189-1",,,,정상가동,98.55,380,60,2019,,,,,2024-09-27
SH 태양광발전소,,"전북특별자치도 익산시 용동면 대조리 178, 176, 189-1",,,,정상가동,98.55,380,60,2019,,,,,2024-09-27
태양발전소,,"전북특별자치도 익산시 용동면 대조리 178, 176, 189-1",,,,정상가동,29.82,380,60,2019,,,,,2024-09-27
에스에이치발전소,,전북특별자치도 익산시 용동면 대조리 189-1,36.1191001726357,127.011483881824,,정상가동,98.82,380,60,2021,,,,,2024-09-27
성훈 태양광발전소,,전북특별자치도 익산시 용동면 대조리 206번지,36.1180966459269,127.007139138821,,정상가동,98.82,380,60,2021,,,,,2024-09-27
공주태양광발전소,,전북특별자치도 익산시 용동면 대조리 30-18 (가지번),36.1043105065688,127.012144065912,,정상가동,99.0,380,60,2021,,,,,2024-09-27
세정2 태양광발전소,,전북특별자치도 익산시 용동면 대조리 30-19 (가지번),36.1042160730728,127.012003565923,,정상가동,99.0,380,60,2021,,,,,2024-09-27
미래원5호태양광발전소,,전북특별자치도 익산시 용동면 대조리 30-2 (가지번),36.1045942264054,127.011981190093,,정상가동,74.55,380,60,2020,,,,,2024-09-27
태은태양광발전소,,전북특별자치도 익산시 용동면 대조리 30-20 (가지번),36.1041277762275,127.011776554904,,정상가동,19.8,380,60,2018,,,,,2024-09-27
대승태양광발전소,,전북특별자치도 익산시 용동면 대조리 30-21 (가지번),36.1040319565537,127.011980216273,,정상가동,99.4,380,60,2019,,,,,2024-09-27
민현태양광발전소,,전북특별자치도 익산시 용동면 대조리 30-22 (가지번),36.1039613308008,127.011678912422,,정상가동,99.4,380,60,2020,,,,,2024-09-27
유한회사신은2호태양광발전소,,전북특별자치도 익산시 용동면 대조리 30-23 (가지번),36.1038703771191,127.011890125966,,정상가동,99.33,380,60,2021,,,,,2024-09-27
한주1태양광발전소,,전북특별자치도 익산시 용동면 대조리 30-24 (가지번),36.1038064987652,127.01170720856,,정상가동,99.33,380,60,2021,,,,,2024-09-27
은하수1호태양광발전소,,전북특별자치도 익산시 용동면 대조리 30-25 (가지번),36.1037474001279,127.011487421876,,정상가동,99.33,380,60,2021,,,,,2024-09-27
한울1호태양광발전소,,전북특별자치도 익산시 용동면 대조리 30-26 (가지번),36.1036981289705,127.01121855063,,정상가동,99.33,380,60,2021,,,,,2024-09-27
해오름2호태양광발전소,,"전북특별자치도 익산시 용동면 대조리 30-27, 72 (가지번)",,,,정상가동,99.33,380,60,2021,,,,,2024-09-27
진산태양광발전소,,"전북특별자치도 익산시 용동면 대조리 30-28, 72-4 (가지번)",,,,정상가동,99.33,380,60,2021,,,,,2024-09-27
가온들찬빛태양광발전소,,"전북특별자치도 익산시 용동면 대조리 30-29, 72-5 (가지번)",,,,정상가동,99.33,380,60,2021,,,,,2024-09-27
송지나태양광발전소,,"전북특별자치도 익산시 용동면 대조리 30-30, 72-6 (가지번)",,,,정상가동,99.33,380,60,2021,,,,,2024-09-27
용동태양광발전소,,"전북특별자치도 익산시 용동면 대조리 30-31, 72-7 (가지번)",,,,정상가동,99.33,380,60,2021,,,,,2024-09-27
유한회사감물2호태양광발전소,,전북특별자치도 익산시 용동면 대조리 30-33 (가지번),36.1033210140581,127.012581357047,,정상가동,99.33,380,60,2021,,,,,2024-09-27
백경태양광발전소,,전북특별자치도 익산시 용동면 대조리 30-34 (가지번),36.1037107485092,127.01297899603,,정상가동,99.33,380,60,2021,,,,,2024-09-27
덕진태양광발전소,,"전북특별자치도 익산시 용동면 대조리 306, 306-1",,,,정상가동,19.88,380,60,2018,,,,,2024-09-27
대조리2호태양광발전소,,"전북특별자치도 익산시 용동면 대조리 306, 306-1, 309",,,,정상가동,99.36,380,60,2020,,,,,2024-09-27
대조리4호태양광발전소,,전북특별자치도 익산시 용동면 대조리 309,36.1171543120211,127.009975992288,,정상가동,99.36,380,60,2020,,,,,2024-09-27
대조리3호태양광발전소,,전북특별자치도 익산시 용동면 대조리 309,36.1171543120211,127.009975992288,,정상가동,99.4,380,60,2020,,,,,2024-09-27
일품태양광발전소,,전북특별자치도 익산시 용동면 대조리 346번지 2호,,,,정상가동,99.9,380,60,2020,,,,,2024-09-27
동환태양광발전소,,전북특별자치도 익산시 용동면 대조리 47,36.0991607494261,127.011375261444,,정상가동,99.9,380,60,2020,,,,,2024-09-27
지연태양광발전소,,전북특별자치도 익산시 용동면 대조리 47,36.0991607494261,127.011375261444,,정상가동,99.9,380,60,2020,,,,,2024-09-27
청암2호태양광발전소,,전북특별자치도 익산시 용동면 대조리 47-4,36.0992161339419,127.011793589725,,정상가동,99.9,380,60,2020,,,,,2024-09-27
홍길 태양광발전소,,전북특별자치도 익산시 용동면 대조리 47-5,36.0993004678157,127.011997154737,,정상가동,99.9,380,60,2020,,,,,2024-09-27
기선2태양광발전소,,"전북특별자치도 익산시 용동면 대조리 50-27 ,50-28",,,,정상가동,99.9,380,60,2020,,,,,2024-09-27
승원 태양광발전소,,"전북특별자치도 익산시 용동면 대조리 894번지 11호, -12",,,,정상가동,99.9,380,60,2020,,,,,2024-09-27
형광 태양광발전소,,전북특별자치도 익산시 용동면 대조리 894번지 1호,,,,정상가동,99.9,380,60,2020,,,,,2024-09-27
광야태양광발전소,,전북특별자치도 익산시 용동면 대조리 894번지 7호 (토지),,,,정상가동,99.9,380,60,2020,,,,,2024-09-27
비엘 태양광발전소,,"전북특별자치도 익산시 용동면 대조리 894번지 8호 ,-9,-10",,,,정상가동,99.9,380,60,2020,,,,,2024-09-27
용동태양광발전소,,전북특별자치도 익산시 용동면 대조리 897-31,36.1164482421074,127.009571930781,,정상가동,99.9,380,60,2020,,,,,2024-09-27
세종태양광발전소,,전북특별자치도 익산시 용동면 대조리 897-42,36.1163996175398,127.00904277383,,정상가동,99.45,380,60,2014,,,,,2024-09-27
새한24호 태양광발전소,,"전북특별자치도 익산시 용동면 대조리 935번지 33호 , 935-37",,,,정상가동,98.28,380,60,2019,,,,,2024-09-27
태광태양광발전소,,"전북특별자치도 익산시 용동면 대조리 937-8 ,937-14,43-14",,,,정상가동,99.0,380,60,2021,,,,,2024-09-27
미광태양광발전소,,"전북특별자치도 익산시 용동면 대조리 937-8 ,937-39",,,,정상가동,99.0,380,60,2021,,,,,2024-09-27
정호 태양광발전소,,전북특별자치도 익산시 용동면 대조리 938-8번지,36.099940111077,127.014041010239,,정상가동,99.0,380,60,2021,,,,,2024-09-27
동춘 태양광발전소,,"전북특별자치도 익산시 용동면 대조리 938-9, 938-10",,,,정상가동,99.0,380,60,2021,,,,,2024-09-27
동수1호 태양광발전소,,전북특별자치도 익산시 용동면 대조리 94,36.1052868689009,127.00660501609,,정상가동,60.0,380,60,2021,,,,,2024-09-27
태양2호 태양광발전소,,"전북특별자치도 익산시 용동면 대조리 943-7 ,943-18, 943-20, 943-21 토지",,,,정상가동,99.0,380,60,2021,,,,,2024-09-27
태양1호 태양광발전소,,전북특별자치도 익산시 용동면 대조리 943-9 토지,36.1133236017321,127.011943975108,,정상가동,99.0,380,60,2021,,,,,2024-09-27
춘숙 태양광발전소,,전북특별자치도 익산시 용동면 대조리 94-4 (본지면:94)-토지,36.1050758926242,127.006625988185,,정상가동,99.0,380,60,2021,,,,,2024-09-27
준선 태양광발전소,,전북특별자치도 익산시 용동면 대조리 94-5,36.1048756429804,127.006608091252,,정상가동,99.0,380,60,2021,,,,,2024-09-27
신동2호 태양광발전소,,전북특별자치도 익산시 용동면 대조리 94-6,36.1045722070329,127.006532325513,,정상가동,99.4,380,60,2019,,,,,2024-09-27
용동1태양광발전소,,전북특별자치도 익산시 용동면 대조리 946-14,36.1086675572541,127.010966702341,,정상가동,49.5,380,60,2018,,,,,2024-09-27
용동2태양광발전소,,전북특별자치도 익산시 용동면 대조리 946-14,36.1086675572541,127.010966702341,,정상가동,98.55,380,60,2022,,,,,2024-09-27
양숙 태양광발전소,,전북특별자치도 익산시 용동면 대조리 947-30 (토지),36.1087193878458,127.007276229206,,정상가동,76.65,380,60,2022,,,,,2024-09-27
빛나바1호 태양광발전소,,전북특별자치도 익산시 용동면 대조리 947번지 2호 토지,,,,정상가동,99.28,380,60,2022,,,,,2024-09-27
신왕 태양광발전소,,전북특별자치도 익산시 용동면 대조리 947번지 6호 토지,,,,정상가동,99.28,380,60,2022,,,,,2024-09-27
귀형2호 태양광발전소,,전북특별자치도 익산시 용동면 대조리 94-8,36.1050341353826,127.007162167136,,정상가동,99.9,380,60,2020,,,,,2024-09-27
재정2호 태양광발전소,,전북특별자치도 익산시 용동면 대조리 94-9,36.1047124671089,127.007546282006,,정상가동,99.36,380,60,2022,,,,,2024-09-27
경선 태양광발전소,,"전북특별자치도 익산시 용동면 대조리 949번지 12호 , 949-43",,,,정상가동,99.36,380,60,2022,,,,,2024-09-27
최정3호 태양광발전소,,전북특별자치도 익산시 용동면 대조리 949번지 15호,,,,정상가동,99.36,380,60,2022,,,,,2024-09-27
경주 태양광발전소,,"전북특별자치도 익산시 용동면 대조리 949번지 36호 , 949-44, 949-52",,,,정상가동,99.0,380,60,2019,,,,,2024-09-27
현아 태양광발전소,,"전북특별자치도 익산시 용동면 대조리 949번지 38호 , 949-48",,,,정상가동,71.28,380,60,2019,,,,,2024-09-27
피지1호 태양광발전소,,"전북특별자치도 익산시 용동면 대조리 949번지 40호 , 949-54",,,,정상가동,99.0,380,60,2019,,,,,2024-09-27
대영 태양광발전소,,"전북특별자치도 익산시 용동면 대조리 949번지 41호 , 949-56",,,,정상가동,99.0,380,60,2023,,,,,2024-09-27
그린3호 태양광발전소,,"전북특별자치도 익산시 용동면 대조리 949번지 42호 , 949-57",,,,정상가동,99.0,380,60,2023,,,,,2024-09-27
한영6호 태양광발전소,,전북특별자치도 익산시 용동면 대조리 949번지 46호,,,,정상가동,99.0,380,60,2023,,,,,2024-09-27
희연3호 태양광발전소,,전북특별자치도 익산시 용동면 대조리 949번지 47호,,,,정상가동,99.0,380,60,2023,,,,,2024-09-27
소연 태양광발전소,,전북특별자치도 익산시 용동면 대조리 949번지 49호,,,,정상가동,99.0,380,60,2023,,,,,2024-09-27
우주1호 태양광발전소,,전북특별자치도 익산시 용동면 대조리 949번지 50호,,,,정상가동,99.0,380,60,2023,,,,,2024-09-27
코끼리 태양광발전소,,전북특별자치도 익산시 용동면 대조리 949번지 51호,,,,정상가동,99.0,380,60,2023,,,,,2024-09-27
동탑4호 태양광발전소,,전북특별자치도 익산시 용동면 대조리 949번지 55호,,,,정상가동,99.0,380,60,2023,,,,,2024-09-27
그린2호 태양광발전소,,전북특별자치도 익산시 용동면 대조리 949번지 58호,,,,정상가동,49.7,380,60,2018,,,,,2024-09-27
은별1호 태양광발전소,,전북특별자치도 익산시 용동면 대조리 949번지 59호,,,,정상가동,99.4,380,60,2018,,,,,2024-09-27
한돌3호 태양광발전소,전북특별자치도 익산시 용동면 두무2길 29,,36.117095150192,127.001275793993,,정상가동,99.4,380,60,2018,,,,,2024-09-27
한돌2호 태양광발전소,전북특별자치도 익산시 용동면 두무2길 29,,36.117095150192,127.001275793993,,정상가동,49.27,380,60,2019,,,,,2024-09-27
광민2호태양광,전북특별자치도 익산시 용동면 안성로 264-40,,36.0980263401333,126.992665457659,,정상가동,99.36,380,60,2020,,,,,2024-09-27
바이오2호태양광,전북특별자치도 익산시 용동면 안성로 264-42,,36.0977263266431,126.992703574511,,정상가동,99.36,380,60,2020,,,,,2024-09-27
광영2호태양광,전북특별자치도 익산시 용동면 안성로 264-44,,36.097424419306,126.992720925619,,정상가동,99.36,380,60,2020,,,,,2024-09-27
소망1호태양광발전소,전북특별자치도 익산시 용동면 양신길 130-45,,36.095244843609,127.006888223848,,정상가동,99.36,380,60,2020,,,,,2024-09-27
소망2호태양광발전소,전북특별자치도 익산시 용동면 양신길 130-64,,36.0947883862328,127.004835675741,,정상가동,99.36,380,60,2020,,,,,2024-09-27
동남태양광발전소,전북특별자치도 익산시 용동면 양신길 130-66,,36.0946309386477,127.004946819346,,정상가동,99.36,380,60,2020,,,,,2024-09-27
미령에너지태양광발전소,"전북특별자치도 익산시 용동면 양신길 130-66, 발전시설",,36.0946309386477,127.004946819346,,정상가동,99.36,380,60,2020,,,,,2024-09-27
다모아태양광발전소,"전북특별자치도 익산시 용동면 양신길 84-17, 작물재배사 건물상부(주1,주2)",,36.0963227366283,127.004187935614,,정상가동,99.36,380,60,2020,,,,,2024-09-27
햇빛누리태양광발전소,"전북특별자치도 익산시 용동면 양신길 84-19, 건물상부(주1)",,36.0961358223645,127.004227346432,,정상가동,99.36,380,60,2020,,,,,2024-09-27
삼호태양광발전소,"전북특별자치도 익산시 용동면 양신길 84-24, 건물상부(주1,주2)",,36.0958978043187,127.004394788022,,정상가동,99.36,380,60,2020,,,,,2024-09-27
예함태양광발전소,"전북특별자치도 익산시 용동면 양신길 84-26, 건물상부(주1,주2)",,36.095953574294,127.004798880495,,정상가동,99.36,380,60,2020,,,,,2024-09-27
(유)거성전기(거성태양광발전소),전북특별자치도 익산시 용동면 용동로 21-10,,,,,정상가동,99.36,380,60,2020,,,,,2024-09-27
임성5호태양광발전소,전북특별자치도 익산시 용동면 용동로 21-10,,,,,정상가동,99.9,380,60,2020,,,,,2024-09-27
임성4호태양광발전소,전북특별자치도 익산시 용동면 용동로 21-10,,,,,정상가동,99.9,380,60,2020,,,,,2024-09-27
(주)금성빛에너지(금성빛태양광발전소),"전북특별자치도 익산시 용동면 용동로 273-13, 금성빛에너지 태양광 전기실",,36.1089418501204,126.995382027572,,정상가동,99.9,380,60,2020,,,,,2024-09-27
유진 태양광발전소,,"전북특별자치도 익산시 용동면 용성리 16, 17-1",,,,정상가동,99.9,380,60,2020,,,,,2024-09-27
희수익산5호발전소,,"전북특별자치도 익산시 용동면 용성리 20-16 20-20, 20-8, 23-3 토지",,,,정상가동,99.9,380,60,2020,,,,,2024-09-27
자인 태양광발전소,,"전북특별자치도 익산시 용동면 용성리 21, 20-1, 20-4, 20-6, 20-8, 23",,,,정상가동,99.9,380,60,2020,,,,,2024-09-27
우진 태양광발전소,,"전북특별자치도 익산시 용동면 용성리 21, 20-1, 20-4, 20-6, 20-8, 23",,,,정상가동,99.9,380,60,2020,,,,,2024-09-27
엠케이에너지,,"전북특별자치도 익산시 용동면 용성리 21, 20-1, 20-4, 20-6, 20-8, 23",,,,정상가동,99.0,380,60,2021,,,,,2024-09-27
대진 태양광발전소,,전북특별자치도 익산시 용동면 용성리 21번지 토지,36.1152078116564,126.990474536435,,정상가동,99.0,99,60,2021,,,,,2024-09-27
이품태양광발전소,전북특별자치도 익산시 용동면 장선들1길 116,,36.1184551448183,127.017642049221,,정상가동,99.4,380,60,2022,,,,,2024-09-27
익산성산2태양광발전소,전북특별자치도 익산시 용동면 창목온수길 3-50,,36.0899928674849,127.015761626391,,정상가동,99.36,380,60,2019,,,,,2024-09-27
용동해냄태양광발전소,전북특별자치도 익산시 용동면 창목온수길 3-50,,36.0899928674849,127.015761626391,,정상가동,99.4,380,60,2019,,,,,2024-09-27
청솔 태양광발전소,전북특별자치도 익산시 용동면 창목온수길 3-50,,36.0899928674849,127.015761626391,,정상가동,99.4,380,60,2019,,,,,2024-09-27
익산신흥 태양광발전소,"전북특별자치도 익산시 용동면 창목온수길 3-50, ,512-25 건물상부(주1,주2,주3,주4)",,,,,정상가동,99.4,380,60,2019,,,,,2024-09-27
화배1 태양광발전소,전북특별자치도 익산시 용동면 화배2길 129-43,,36.0952786242957,127.002802617298,,정상가동,99.4,380,60,2019,,,,,2024-09-27
화배2 태양광발전소,전북특별자치도 익산시 용동면 화배2길 129-44,,36.0952777167884,127.003059682084,,정상가동,19.71,380,60,2018,,,,,2024-09-27
화배진태양광발전소,"전북특별자치도 익산시 용동면 화배길 158, ,526-9,526-10,526-11,526-12,526-13,526-14,526-16,164-1,164-6",,,,,정상가동,99.0,380,60,2020,,,,,2024-09-27
다윤에너지,,"전북특별자치도 익산시 용동면 화배리 520번지 1호 520-2, 520-3, 520-4, 520-5, 563-1, 563-2, 74-4, 74-5",,,,정상가동,99.0,380,60,2020,,,,,2024-09-27
(유)대림5호태양광발전소,,"전북특별자치도 익산시 용동면 화배리 528번지 20호, 낭산면 삼담리 1255-4",,,,정상가동,99.36,380,60,2022,,,,,2024-09-27
(유)화창태양광(화창태양광발전소),,전북특별자치도 익산시 용동면 화배리 592번지 33호,,,,정상가동,85.68,380,60,2018,,,,,2024-09-27
화배태양광,,전북특별자치도 익산시 용동면 화배리 594번지 21호 건물상부,,,,정상가동,80.64,380,60,2018,,,,,2024-09-27
훈이네 태양광발전소,,전북특별자치도 익산시 용동면 화배리 272-5,36.0962371826166,127.004931706922,,정상가동,99.18,380,60,2022,,,,,2024-09-27
(유)자연태양광((유)자연2호태양광발전소),,전북특별자치도 익산시 용동면 화배리 274번지,36.0955474950394,127.004537348368,,정상가동,99.18,380,60,2022,,,,,2024-09-27
(유)자연태양광((유)자연3호태양광발전소),,전북특별자치도 익산시 용동면 화배리 274번지 2호,36.0955474950394,127.004537348368,,정상가동,99.68,380,60,2020,,,,,2024-09-27
창 태양광발전소,,"전북특별자치도 익산시 용동면 화배리 278-2, 281, 595-26, 595-51",,,,정상가동,99.28,380,60,2022,,,,,2024-09-27
연 태양광발전소,,"전북특별자치도 익산시 용동면 화배리 278-2, 281, 595-52",,,,정상가동,99.28,380,60,2022,,,,,2024-09-27
서울태양광발전소,,"전북특별자치도 익산시 용동면 화배리 278-2, 286-5, 595-53",,,,정상가동,99.0,380,60,2023,,,,,2024-09-27
정경 태양광발전소,,"전북특별자치도 익산시 용동면 화배리 278-2, 595-50, 595-52, 595-53",,,,정상가동,99.0,380,60,2023,,,,,2024-09-27
동진1호 태양광발전소,,"전북특별자치도 익산시 용동면 화배리 278-3, 278-10, 286-5, 287-5, 592-36, 592-37",,,,정상가동,99.0,380,60,2023,,,,,2024-09-27
하늘 태양광발전소,,전북특별자치도 익산시 용동면 화배리 278번지 13호 토지,36.0948541836399,127.004623255426,,정상가동,99.0,380,60,2023,,,,,2024-09-27
승리 태양광발전소,,전북특별자치도 익산시 용동면 화배리 278번지 20호 토지,36.0948541836399,127.004623255426,,정상가동,99.0,380,60,2023,,,,,2024-09-27
햇빛세상 태양광발전소,,전북특별자치도 익산시 용동면 화배리 286-1,36.0934670428397,127.004176457964,,정상가동,99.0,380,60,2023,,,,,2024-09-27
모닝 태양광발전소,,"전북특별자치도 익산시 용동면 화배리 286-5, 595-53",,,,정상가동,50.0,380,60,2019,,,,,2024-09-27
화배리 미소 태양광발전소,,전북특별자치도 익산시 용동면 화배리 292번지,36.0933047635523,127.005635630523,,정상가동,99.28,380,60,2019,,,,,2024-09-27
화실태양광발전소,,"전북특별자치도 익산시 용동면 화배리 303 , 화실리 924-51 토지",,,,정상가동,99.28,380,60,2019,,,,,2024-09-27
용동해냄3태양광발전소,,전북특별자치도 익산시 용동면 화배리 31번지 (토지),36.0911652044415,127.016213671357,,정상가동,99.28,380,60,2019,,,,,2024-09-27
형기태양광발전소,,전북특별자치도 익산시 용동면 화배리 31번지 6호 (토지),36.0911652044415,127.016213671357,,정상가동,99.28,380,60,2019,,,,,2024-09-27
정이태양광발전소,,"전북특별자치도 익산시 용동면 화배리 32번지 8호 건물위 주1,2,3동",36.0914305843582,127.015057379198,,정상가동,99.28,380,60,2019,,,,,2024-09-27
수암태양광발전소,,전북특별자치도 익산시 용동면 화배리 449번지 건물상부(주1주2),36.0845872939543,127.001314905585,,정상가동,99.28,380,60,2019,,,,,2024-09-27
소영 태양광발전소,,"전북특별자치도 익산시 용동면 화배리 48-1 ,59-2 토지",,,,정상가동,99.28,380,60,2019,,,,,2024-09-27
수정 태양광발전소,,"전북특별자치도 익산시 용동면 화배리 48-4 , 517-38 토지",,,,정상가동,99.4,380,60,2022,,,,,2024-09-27
홍승 태양광발전소,,"전북특별자치도 익산시 용동면 화배리 48-5 , 517-39, 517-42 토지",,,,정상가동,99.4,380,60,2022,,,,,2024-09-27
화배리 희망 태양광발전소,,"전북특별자치도 익산시 용동면 화배리 511-19, 512-18, 32-9",,,,정상가동,99.4,380,60,2022,,,,,2024-09-27
화배리 용인 태양광발전소,,전북특별자치도 익산시 용동면 화배리 511-28,36.0910046119424,127.014781925926,,정상가동,99.4,380,60,2022,,,,,2024-09-27
화배리 늘푸른 태양광발전소,,전북특별자치도 익산시 용동면 화배리 511-29,36.0908210324399,127.015502853807,,정상가동,99.4,380,60,2022,,,,,2024-09-27
화배리 행복 태양광발전소,,전북특별자치도 익산시 용동면 화배리 511-30,36.0906395185253,127.015565997983,,정상가동,99.4,380,60,2022,,,,,2024-09-27
익산성산태양광발전소,,"전북특별자치도 익산시 용동면 화배리 511번지 27호 건물상부(주1,주2,주3,주4)",36.0851780226631,127.005340490734,,정상가동,99.4,380,60,2022,,,,,2024-09-27
화배리 미래 태양광발전소,,"전북특별자치도 익산시 용동면 화배리 512-33, 32-15",,,,정상가동,99.68,380,60,2020,,,,,2024-09-27
화배리 광길 태양광발전소,,"전북특별자치도 익산시 용동면 화배리 512-34, 32-16",,,,정상가동,99.36,380,60,2021,,,,,2024-09-27
형열 태양광발전소,,"전북특별자치도 익산시 용동면 화배리 512-35, 32-17",,,,정상가동,99.36,380,60,2021,,,,,2024-09-27
화배리 양호1호 태양광발전소,,전북특별자치도 익산시 용동면 화배리 512-36,36.0900122912515,127.015395989674,,정상가동,99.36,380,60,2021,,,,,2024-09-27
강안태양광발전소,,"전북특별자치도 익산시 용동면 화배리 512번지 28호 ,32-14 건물상부(주1,주2,주3, 76.5kW), 토지(22.5kW)",,,,정상가동,99.36,380,60,2021,,,,,2024-09-27
익산한경태양광발전소,,"전북특별자치도 익산시 용동면 화배리 512번지 3호 건물상부(주1,주2,주3,주4)",,,,정상가동,99.36,380,60,2021,,,,,2024-09-27
JSLEE 태양광발전소,,전북특별자치도 익산시 용동면 화배리 517-41 토지,36.0894381464999,127.012915135898,,정상가동,99.36,380,60,2021,,,,,2024-09-27
수진 태양광발전소,,전북특별자치도 익산시 용동면 화배리 517-43 토지,36.0890051311195,127.012718867464,,정상가동,99.36,380,60,2021,,,,,2024-09-27
유한회사 대림(대림3호태양광발전소),,전북특별자치도 익산시 용동면 화배리 574-39,36.083504243286,127.003806767661,,정상가동,99.36,380,60,2021,,,,,2024-09-27
보은 태양광발전소,,전북특별자치도 익산시 용동면 화배리 592-26,36.0954383406503,127.004959306802,,정상가동,99.36,380,60,2021,,,,,2024-09-27
서영 태양광발전소,,"전북특별자치도 익산시 용동면 화배리 592-36, 592-37, 278-10, 287-5, 286-5",,,,정상가동,99.36,380,60,2021,,,,,2024-09-27
장미 태양광발전소,,전북특별자치도 익산시 용동면 화배리 592-45,36.095102897416,127.00518059417,,정상가동,99.36,380,60,2022,,,,,2024-09-27
익산은정 태양광발전소,,전북특별자치도 익산시 용동면 화배리 592-46,36.0948420834034,127.005205894744,,정상가동,98.55,380,60,2019,,,,,2024-09-27
큰해1호 태양광발전소,,전북특별자치도 익산시 용동면 화배리 593-24,36.0933435433236,127.005021135733,,정상가동,99.36,380,60,2019,,,,,2024-09-27
용화1호 태양광발전소,,전북특별자치도 익산시 용동면 화배리 593-27,36.0935098995476,127.005230013742,,정상가동,99.36,380,60,2019,,,,,2024-09-27
화배리 수례 태양광발전소,,전북특별자치도 익산시 용동면 화배리 593-8,36.0936764060968,127.006055058405,,정상가동,99.36,380,60,2019,,,,,2024-09-27
유한태양광발전소,,"전북특별자치도 익산시 용동면 화배리 595-26, 595-35, 595-36, 595-50, 595-51, 595-52",,,,정상가동,30.66,380,60,2018,,,,,2024-09-27
중호 태양광발전소,,전북특별자치도 익산시 용동면 화배리 61번지 10호,,,,정상가동,99.0,380,60,2020,,,,,2024-09-27
대명태양광발전소,,"전북특별자치도 익산시 용동면 화배리 61번지 1호 건물상부(주1,주2,주3)",,,,정상가동,99.0,380,60,2020,,,,,2024-09-27
정수태양광,,전북특별자치도 익산시 용동면 화배리 706-12,36.0887398496971,126.998778848923,,정상가동,50.4,380,60,2022,,,,,2024-09-27
용동태광2호 태양광발전소,,"전북특별자치도 익산시 용동면 화배리 706-6, 706-9",,,,정상가동,99.36,380,60,2020,,,,,2024-09-27
유한회사 솔빛,,전북특별자치도 익산시 용동면 화배리 706번지,36.0884581284771,126.99880749993,,정상가동,99.36,380,60,2020,,,,,2024-09-27
(유)솔빛2,,전북특별자치도 익산시 용동면 화배리 706번지 16호,36.0884581284771,126.99880749993,,정상가동,99.36,380,60,2020,,,,,2024-09-27
용동태광3호태양광발전소,,전북특별자치도 익산시 용동면 화배리 706번지 7호,36.0884581284771,126.99880749993,,정상가동,99.36,380,60,2021,,,,,2024-09-27
그루1호화배리 태양광발전소,,"전북특별자치도 익산시 용동면 화배리 80번지 ,825-19",,,,정상가동,99.36,380,60,2021,,,,,2024-09-27
대신태양광,,전북특별자치도 익산시 용동면 화실리 560번지,36.0986997042367,126.992241414074,,정상가동,99.4,380,60,2021,,,,,2024-09-27
좋은형제 태양광발전소,,전북특별자치도 익산시 용동면 화실리 143번지,36.0863873973804,126.995290192386,,정상가동,99.36,380,60,2021,,,,,2024-09-27
MK 에너지 태양광발전소,,전북특별자치도 익산시 용동면 화실리 148,36.0861384198631,126.996121490822,,정상가동,99.0,380,60,2020,,,,,2024-09-27
아이언 에너지 태양광발전소,,전북특별자치도 익산시 용동면 화실리 148-1,36.086059037984,126.996640560683,,정상가동,99.0,380,60,2020,,,,,2024-09-27
용동 태양광발전소,,전북특별자치도 익산시 용동면 화실리 148-2,36.0858761740854,126.996426502826,,정상가동,99.36,380,60,2021,,,,,2024-09-27
청솔 태양광발전소,,전북특별자치도 익산시 용동면 화실리 149,36.085709539334,126.996459708236,,정상가동,99.36,380,60,2021,,,,,2024-09-27
2h 에너지 태양광발전소,,전북특별자치도 익산시 용동면 화실리 149-1,36.0855577741499,126.996473704751,,정상가동,18.72,380,60,2021,,,,,2024-09-27
유일솔라 태양광발전소,,"전북특별자치도 익산시 용동면 화실리 924-40, 924-41, 924-50, 924-53, 924-65",,,,정상가동,99.36,380,60,2022,,,,,2024-09-27
국제에너지 태양광발전소,전북특별자치도 익산시 용동면 화왕로 211,,36.0955102019369,126.995947580501,,정상가동,99.36,380,60,2022,,,,,2024-09-27
흥왕6호태양광발전소,,전북특별자치도 익산시 용동면 흥왕리 341번지,36.0968623678029,127.000685593978,,정상가동,99.36,380,60,2022,,,,,2024-09-27
흥왕5호태양광발전소,,전북특별자치도 익산시 용동면 흥왕리 341번지 3호,36.0968623678029,127.000685593978,,정상가동,99.36,380,60,2022,,,,,2024-09-27
흥왕4호태양광발전소,,전북특별자치도 익산시 용동면 흥왕리 341번지 4호,36.0968623678029,127.000685593978,,정상가동,99.36,380,60,2022,,,,,2024-09-27
흥왕3호태양광발전소,,전북특별자치도 익산시 용동면 흥왕리 341번지 5호,36.0968623678029,127.000685593978,,정상가동,99.36,380,60,2022,,,,,2024-09-27
흥왕2호태양광발전소,,전북특별자치도 익산시 용동면 흥왕리 341번지 6호,36.0968623678029,127.000685593978,,정상가동,99.36,380,60,2022,,,,,2024-09-27
흥왕태양광발전소,,"전북특별자치도 익산시 용동면 흥왕리 341번지 7호 ,16-7",36.0968623678029,127.000685593978,,정상가동,99.28,380,60,2022,,,,,2024-09-27
(유)제이에이치에너지 (흥왕태양광),,전북특별자치도 익산시 용동면 흥왕리 393-5,36.1044520300974,126.994364795029,,정상가동,99.51,380,60,2022,,,,,2024-09-27
에너원2호태양광발전소,,전북특별자치도 익산시 용동면 흥왕리 393번지 1호,,,,정상가동,38.08,380,60,2022,,,,,2024-09-27
테크흥왕 태양광발전소,,전북특별자치도 익산시 용동면 흥왕리 394-7,36.1051222653852,126.99435341935,,정상가동,99.28,380,60,2022,,,,,2024-09-27
테크흥왕 태양광,,전북특별자치도 익산시 용동면 흥왕리 394-7,36.1051222653852,126.99435341935,,정상가동,99.0,380,60,2020,,,,,2024-09-27
철희2호 태양광발전소,,전북특별자치도 익산시 용동면 흥왕리 46번지,36.1016714109299,127.0056428911,,정상가동,99.0,380,60,2020,,,,,2024-09-27
가만히 태양광발전소,,전북특별자치도 익산시 용동면 흥왕리 46번지 3호,36.1016714109299,127.0056428911,,정상가동,99.0,380,60,2020,,,,,2024-09-27
수현 태양광발전소,,전북특별자치도 익산시 용동면 흥왕리 46번지 5호,36.1016714109299,127.0056428911,,정상가동,99.0,380,60,2020,,,,,2024-09-27
성복 태양광발전소,,"전북특별자치도 익산시 용동면 흥왕리 49번지 , 51-9, 51-11",,,,정상가동,99.36,380,60,2020,,,,,2024-09-27
철오 태양광발전소,,"전북특별자치도 익산시 용동면 흥왕리 49번지 1호 , 51-12",36.1015760994115,127.004783341956,,정상가동,99.36,380,60,2020,,,,,2024-09-27
정희7호 태양광발전소,,전북특별자치도 익산시 용동면 흥왕리 51-5,36.1020608688288,127.004681647102,,정상가동,15.98,380,60,2018,,,,,2024-09-27
희영 태양광발전소,,"전북특별자치도 익산시 용동면 흥왕리 51번지 , 53-5, 564-70, 564-75",,,,정상가동,98.55,380,60,2020,,,,,2024-09-27
희숙 태양광발전소,,"전북특별자치도 익산시 용동면 흥왕리 51번지 3호 , 53-2",36.1022887988181,127.004367602787,,정상가동,99.36,380,60,2022,,,,,2024-09-27
희선 태양광발전소,,"전북특별자치도 익산시 용동면 흥왕리 51번지 4호 , 564-71, 564-76",36.1022887988181,127.004367602787,,정상가동,99.36,380,60,2022,,,,,2024-09-27
혜례 태양광발전소,,"전북특별자치도 익산시 용동면 흥왕리 51번지 6호 , 564-72",36.1022887988181,127.004367602787,,정상가동,99.36,380,60,2022,,,,,2024-09-27
현아1 태양광발전소,,"전북특별자치도 익산시 용동면 흥왕리 51번지 7호 , 51-1",36.1022887988181,127.004367602787,,정상가동,19.8,380,60,2018,,,,,2024-09-27
흥왕태양광발전소,,"전북특별자치도 익산시 용동면 흥왕리 53번지 , 564-11",,,,정상가동,97.92,380,60,2022,,,,,2024-09-27
은주 태양광발전소,,"전북특별자치도 익산시 용동면 흥왕리 53번지 1호 , 564-67, 564-73",36.1029402868858,127.004439934936,,정상가동,97.92,380,60,2022,,,,,2024-09-27
대성 태양광발전소,,"전북특별자치도 익산시 용안면 교동리 187번지 12호 ,-13, -18, -20",,,,정상가동,97.92,380,60,2022,,,,,2024-09-27
장용1호태양광발전소,,"전북특별자치도 익산시 용안면 난포리 45번지 건물상부(주1,주2)",36.1182020318638,126.944240380448,,정상가동,97.92,380,60,2022,,,,,2024-09-27
기영 태양광발전소,,"전북특별자치도 익산시 용안면 법성리 245 ,246-1, 328",,,,정상가동,97.92,380,60,2022,,,,,2024-09-27
대성발전소,,전북특별자치도 익산시 용안면 석동리 용안면 석동리 43-1,36.1292969389793,126.948580635762,,정상가동,99.4,380,60,2021,,,,,2024-09-27
경원발전소,,"전북특별자치도 익산시 용안면 석동리 용안면 석동리 43-16, 44(가지번) (본지번 43-16, 44)",,,,정상가동,99.4,380,60,2021,,,,,2024-09-27
석동발전소,,전북특별자치도 익산시 용안면 석동리 용안면 석동리 44-1(가지번) (본지번 44),36.1292292372145,126.948953945375,,정상가동,15.84,380,60,2018,,,,,2024-09-27
송산마을2호 태양광발전소,,전북특별자치도 익산시 용안면 송산리 180번지 (토지),36.0961324453127,126.96575382102,,정상가동,99.4,380,60,2022,,,,,2024-09-27
송산마을1호 태양광발전소,,"전북특별자치도 익산시 용안면 송산리 208번지 1호 ,209-1",,,,정상가동,99.4,380,60,2022,,,,,2024-09-27
찬주태양광발전소,,전북특별자치도 익산시 용안면 중신리 204번지 3호,,,,정상가동,99.4,380,60,2022,,,,,2024-09-27
권미경태양광발전소,전북특별자치도 익산시 용안면 함열로 291-33,,36.1002306058308,126.961740913807,,정상가동,99.4,380,60,2022,,,,,2024-09-27
황성용태양광발전소,전북특별자치도 익산시 용안면 함열로 291-35,,36.1000613813321,126.961817287088,,정상가동,99.4,380,60,2022,,,,,2024-09-27
송산마을 마을자치연금 태양광발전소 2호,전북특별자치도 익산시 용안면 함열로 291-37,,36.1008213971748,126.96159226337,,정상가동,99.4,380,60,2022,,,,,2024-09-27
도형2호태양광발전소,,"전북특별자치도 익산시 용제동  152번지 1호 토지 위(99kW), 건물상부(주1_99kW)",,,,정상가동,99.4,380,60,2022,,,,,2024-09-27
김형수5호태양광발전소,,전북특별자치도 익산시 용제동 422번지 1호 (토지),,,,정상가동,99.0,380,60,2021,,,,,2024-09-27
가람들 태양광발전소,,전북특별자치도 익산시 웅포면 고창리 853-1,36.0889250216472,126.890865743616,,정상가동,99.0,380,60,2021,,,,,2024-09-27
화영태양광발전소,,전북특별자치도 익산시 웅포면 대붕암리 233-1 토지,36.1334372401387,126.906021629654,,정상가동,99.0,380,60,2021,,,,,2024-09-27
㈜금성리태양광발전소(대붕암리제12호태양광발전소),,전북특별자치도 익산시 웅포면 대붕암리 251번지,36.1334216292925,126.901510007918,,정상가동,99.0,380,60,2021,,,,,2024-09-27
대붕암리제4호태양광발전소,,전북특별자치도 익산시 웅포면 대붕암리 602번지 17호 건물상부,36.1338950141406,126.900284678139,,정상가동,99.0,380,60,2021,,,,,2024-09-27
축진태양광발전소,,"전북특별자치도 익산시 웅포면 대붕암리 745번지 건물상부(주1,주2)",36.1266712772919,126.892406175373,,정상가동,99.4,380,60,2021,,,,,2024-09-27
대붕암리제1호태양광발전소,전북특별자치도 익산시 웅포면 붕새길 105-16,,36.1334657932168,126.900533855877,,정상가동,97.2,380,60,2022,,,,,2024-09-27
대붕암리제2호태양광발전소,전북특별자치도 익산시 웅포면 붕새길 105-17,,36.133524362709,126.901175811094,,정상가동,97.2,380,60,2022,,,,,2024-09-27
대붕암리제5호 태양광발전소,전북특별자치도 익산시 웅포면 붕새길 105-20,,36.1331425553477,126.900458273849,,정상가동,99.19,380,60,2021,,,,,2024-09-27
대붕암리제7호태양광발전소,전북특별자치도 익산시 웅포면 붕새길 105-21,,36.1330563390702,126.901256498296,,정상가동,19.44,220,60,2018,,,,,2024-09-27
대붕암리제6호 태양광발전소,전북특별자치도 익산시 웅포면 붕새길 105-22,,36.133005014045,126.900547324499,,정상가동,99.96,380,60,2018,,,,,2024-09-27
대붕암리제9호 태양광발전소,전북특별자치도 익산시 웅포면 붕새길 105-23,,36.1329025233572,126.90128246527,,정상가동,99.96,380,60,2018,,,,,2024-09-27
대붕암리제8호 태양광발전소,전북특별자치도 익산시 웅포면 붕새길 105-24,,36.1328684728952,126.900755801778,,정상가동,99.0,380,60,2021,,,,,2024-09-27
대붕암리제11호 태양광발전소,전북특별자치도 익산시 웅포면 붕새길 105-25,,36.1327557257405,126.901294647471,,정상가동,99.4,380,60,2019,,,,,2024-09-27
대붕암리제10호태양광발전소,전북특별자치도 익산시 웅포면 붕새길 105-26,,36.1327313960392,126.900861848672,,정상가동,99.4,380,60,2019,,,,,2024-09-27
늘해랑태양광발전소,전북특별자치도 익산시 웅포면 원대암길 80-16,,36.1342438153321,126.904639831616,,정상가동,99.4,380,60,2019,,,,,2024-09-27
늘해랑2호태양광발전소,전북특별자치도 익산시 웅포면 원대암길 80-18,,36.1341336679974,126.904502759112,,정상가동,99.4,380,60,2019,,,,,2024-09-27
해사랑1호태양광발전소,전북특별자치도 익산시 웅포면 원대암길 80-20,,36.1343529355281,126.904845453269,,정상가동,99.4,380,60,2019,,,,,2024-09-27
창성3호태양광발전소,전북특별자치도 익산시 웅포면 원대암길 80-22,,36.1340306406424,126.904818956732,,정상가동,99.4,380,60,2019,,,,,2024-09-27
해사랑2호태양광발전소,전북특별자치도 익산시 웅포면 원대암길 80-24,,36.1341584089872,126.905357737978,,정상가동,30.0,380,60,2019,,,,,2024-09-27
창성2호태양광발전소,전북특별자치도 익산시 웅포면 원대암길 80-26,,36.1339111449839,126.905166391737,,정상가동,99.0,380,60,2022,,,,,2024-09-27
해사랑3호태양광발전소,전북특별자치도 익산시 웅포면 원대암길 80-28,,36.1338275636462,126.905459233834,,정상가동,99.45,380,60,2022,,,,,2024-09-27
그린태양광발전소,,"전북특별자치도 익산시 웅포면 제성리 1098번지 2호 건물상부(주1,부1)",,,,정상가동,50.0,380,60,2022,,,,,2024-09-27
주은태양광발전소,,전북특별자치도 익산시 웅포면 제성리 140번지,36.1076104972356,126.903096863269,,정상가동,99.36,380,60,2019,,,,,2024-09-27
삼오2호태양광발전소,,"전북특별자치도 익산시 웅포면 제성리 52번지 ,53,50-1,50-2,54,46,47,49,55-1",,,,정상가동,99.36,380,60,2019,,,,,2024-09-27
우현태양광발전소,,"전북특별자치도 익산시 웅포면 제성리 52번지 ,53,50-1,50-2,54,46,47,49,55-1",,,,정상가동,99.36,380,60,2019,,,,,2024-09-27
태광태양광발전소,,"전북특별자치도 익산시 웅포면 제성리 52번지 ,53,50-1,50-2,54,46,47,49,55-1",,,,정상가동,99.36,380,60,2019,,,,,2024-09-27
한길에너지태양광발전소,"전북특별자치도 익산시 은기길 326-16, 1동 (은기동)",,35.9865048076496,127.019180397756,,정상가동,99.36,380,60,2019,,,,,2024-09-27
한빛에너지태양광발전소,"전북특별자치도 익산시 은기길 326-16, 2동 (은기동)",,35.9865048076496,127.019180397756,,정상가동,99.36,380,60,2019,,,,,2024-09-27
남영1호태양광발전소,전북특별자치도 익산시 은기길 350 (은기동),,35.9867611999885,127.023304712704,,정상가동,99.36,380,60,2019,,,,,2024-09-27
(유)영순태양광,,"전북특별자치도 익산시 은기동 144-1,142-4 토지",,,,정상가동,99.36,380,60,2019,,,,,2024-09-27
(유)춘성태양광,,"전북특별자치도 익산시 은기동 144-1,142-4 토지",,,,정상가동,99.36,380,60,2019,,,,,2024-09-27
은기 태양광발전소,,전북특별자치도 익산시 은기동 206-1 토지,35.9927779793656,127.01367310534,,정상가동,99.36,380,60,2019,,,,,2024-09-27
다온3호 태양광발전소,,전북특별자치도 익산시 은기동 206-1 토지,35.9927779793656,127.01367310534,,정상가동,99.36,380,60,2019,,,,,2024-09-27
삼봉길1 발전소,,전북특별자치도 익산시 은기동 206-1 토지,35.9927779793656,127.01367310534,,정상가동,99.0,380,60,2022,,,,,2024-09-27
환희 태양광발전소,,전북특별자치도 익산시 은기동 329,35.9807333099636,127.004154210222,,정상가동,99.0,380,60,2022,,,,,2024-09-27
윤정 태양광발전소,,"전북특별자치도 익산시 은기동 329-1, 331, 331-7",,,,정상가동,99.0,380,60,2022,,,,,2024-09-27
은기 태양광발전소,,"전북특별자치도 익산시 은기동 329-2, 331-1, 331-6",,,,정상가동,99.36,380,60,2019,,,,,2024-09-27
재주 태양광발전소,,"전북특별자치도 익산시 은기동 329-3, 331-2, 333-5",,,,정상가동,99.36,380,60,2019,,,,,2024-09-27
호남 태양광발전소,,"전북특별자치도 익산시 은기동 329-5, 328-1",,,,정상가동,99.36,380,60,2020,,,,,2024-09-27
연주 태양광발전소,,"전북특별자치도 익산시 은기동 329-6, 328-2 (본지번 329, 328)",,,,정상가동,99.36,380,60,2020,,,,,2024-09-27
창현 태양광발전소,,"전북특별자치도 익산시 은기동 329-7, 328-3, 331-9",,,,정상가동,99.36,380,60,2020,,,,,2024-09-27
민영 태양광발전소,,"전북특별자치도 익산시 은기동 329-8, 331-10",,,,정상가동,99.36,380,60,2020,,,,,2024-09-27
동원발전,,"전북특별자치도 익산시 은기동 331-3, 332-1, 333-6",,,,정상가동,99.36,380,60,2020,,,,,2024-09-27
인성3호 태양광발전소,,"전북특별자치도 익산시 은기동 331-4, 332-4, 333-7",,,,정상가동,99.36,380,60,2020,,,,,2024-09-27
에스디 발전소,,"전북특별자치도 익산시 은기동 331-5, 332-5",,,,정상가동,99.36,380,60,2020,,,,,2024-09-27
경신3 태양광발전소,,전북특별자치도 익산시 은기동 333-3,35.9799013175508,127.003195930721,,정상가동,99.36,380,60,2020,,,,,2024-09-27
정원태양광발전소,,"전북특별자치도 익산시 은기동 597-1, 598-7(토지)",,,,정상가동,99.36,380,60,2020,,,,,2024-09-27
유림태양광발전소,,전북특별자치도 익산시 은기동 597-2(토지),35.990366913197,127.011907891792,,정상가동,48.6,380,60,2018,,,,,2024-09-27
은기태양광발전소,,"전북특별자치도 익산시 은기동 597-3, 598-11(토지)",,,,정상가동,95.2,380,60,2023,,,,,2024-09-27
이코텍 태양광발전소,,전북특별자치도 익산시 은기동 598,35.9914999720118,127.010674105657,,정상가동,95.2,380,60,2023,,,,,2024-09-27
승호5호 태양광발전소,,전북특별자치도 익산시 은기동 598-2,35.9913563015698,127.010825572005,,정상가동,98.55,380,60,2021,,,,,2024-09-27
나무향기 태양광발전소,,전북특별자치도 익산시 은기동 598-4,35.9911227482091,127.011295743232,,정상가동,98.55,380,60,2021,,,,,2024-09-27
동훈태양광발전소,,전북특별자치도 익산시 은기동 598번지 3호 (토지),35.9914999720118,127.010674105657,,정상가동,98.55,380,60,2021,,,,,2024-09-27
C&J태양광발전소,,전북특별자치도 익산시 은기동 598번지 5호 (토지),35.9914999720118,127.010674105657,,정상가동,98.55,380,60,2021,,,,,2024-09-27
호은태양광발전소,,전북특별자치도 익산시 은기동 598번지 6호 (토지),35.9914999720118,127.010674105657,,정상가동,98.55,380,60,2021,,,,,2024-09-27
문화류 태양광발전소,,전북특별자치도 익산시 은기동 599-3-가,35.9922661299474,127.01236330494,,정상가동,98.55,380,60,2021,,,,,2024-09-27
수정 태양광발전소,,전북특별자치도 익산시 은기동 599-3-나,35.9922661299474,127.01236330494,,정상가동,98.55,380,60,2021,,,,,2024-09-27
가온 태양광발전소,,전북특별자치도 익산시 은기동 599-3-다,35.9922661299474,127.01236330494,,정상가동,98.55,380,60,2021,,,,,2024-09-27
봉2호 태양광발전소,,전북특별자치도 익산시 은기동 599-3-라,35.9922661299474,127.01236330494,,정상가동,98.55,380,60,2021,,,,,2024-09-27
정 태양광발전소,,전북특별자치도 익산시 은기동 599-3-마,35.9922661299474,127.01236330494,,정상가동,98.55,380,60,2021,,,,,2024-09-27
수 태양광발전소,,전북특별자치도 익산시 은기동 599-3-바,35.9922661299474,127.01236330494,,정상가동,98.55,380,60,2021,,,,,2024-09-27
지니 태양광발전소,,전북특별자치도 익산시 은기동 599-3-사,35.9922661299474,127.01236330494,,정상가동,98.55,380,60,2021,,,,,2024-09-27
은기 태양광발전소,,전북특별자치도 익산시 은기동 산41-8,,,,정상가동,98.55,380,60,2021,,,,,2024-09-27
뉴 한국 태양광발전소,,"전북특별자치도 익산시 은기동 은기동 329-9, 331-11",,,,정상가동,98.55,380,60,2021,,,,,2024-09-27
유진 태양광발전소,"전북특별자치도 익산시 이목상길 14, 건물위 (목천동)",,35.9176558338221,126.934499948337,,정상가동,98.55,380,60,2021,,,,,2024-09-27
원광보건대햇빛발전소1호,"전북특별자치도 익산시 익산대로 514 (신용동, 원광보건대학 학생회관)",,35.9727467333099,126.956196873272,,정상가동,98.55,380,60,2021,,,,,2024-09-27
도원햇빛발전소,전북특별자치도 익산시 익산대로 572-16 (신용동),,35.9766879905152,126.956597510969,,정상가동,98.55,380,60,2021,,,,,2024-09-27
창공에너지,전북특별자치도 익산시 익산대로22길 35 (남중동),,35.9437420354631,126.952633829138,,정상가동,98.55,380,60,2021,,,,,2024-09-27
비전태양광,"전북특별자치도 익산시 익산대로52길 12, 건물상부 (남중동)",,35.9516125704852,126.953073495866,,정상가동,98.55,380,60,2021,,,,,2024-09-27
남중태양광발전소,전북특별자치도 익산시 익산대로52길 16 (남중동),,35.9514823203726,126.953483132343,,정상가동,98.55,380,60,2021,,,,,2024-09-27
선경1호태양광발전소,"전북특별자치도 익산시 익산대로56길 7-3, 더쉼원룸,건물상부 (신동)",,35.9598934657773,126.954079357867,,정상가동,98.55,380,60,2021,,,,,2024-09-27
해느리태양광발전소,"전북특별자치도 익산시 익산대로76길 67-2, 해느리원룸,건물상부 (신용동)",,35.9741578337724,126.961270871999,,정상가동,98.55,380,60,2021,,,,,2024-09-27
범생태양광발전소,"전북특별자치도 익산시 인북로 118, 범생종합약국,건물상부 (창인동1가)",,35.9393761070128,126.953687494969,,정상가동,98.55,380,60,2021,,,,,2024-09-27
오영태 태양광발전소,전북특별자치도 익산시 인북로 196 (남중동),,35.9460966623155,126.956308787948,,정상가동,98.55,380,60,2021,,,,,2024-09-27
익산주안에교회 태양광,전북특별자치도 익산시 인북로 350 (신동),,35.9593109644252,126.961982589264,,정상가동,98.55,380,60,2021,,,,,2024-09-27
솜리치킨 태양광발전소,"전북특별자치도 익산시 인북로10길 23, 솜리치킨 (주현동)",,35.9328368078556,126.953074066974,,정상가동,98.55,380,60,2021,,,,,2024-09-27
금화영농조합법인(금화2호태양광발전소),"전북특별자치도 익산시 인북로32길 1, 익산시청 (남중동)",,35.9486309855742,126.957911101192,,정상가동,98.55,380,60,2021,,,,,2024-09-27
반석 태양광발전소,전북특별자치도 익산시 인북로48길 19 (영등동),,35.9482457015357,126.965846127214,,정상가동,98.55,380,60,2021,,,,,2024-09-27
동남태양광발전소,"전북특별자치도 익산시 인북로9길 14-4, 여산야채청과,건물상부 (남중동)",,35.9526748536797,126.957397747437,,정상가동,98.55,380,60,2021,,,,,2024-09-27
우진 태양광발전소,,전북특별자치도 익산시 인화동1가 201-6 건물위,35.9285436794529,126.946486097814,,정상가동,18.98,380,60,2021,,,,,2024-09-27
대성태양광발전소,,"전북특별자치도 익산시 인화동1가 212-13, 212-26",,,,정상가동,99.36,380,60,2022,,,,,2024-09-27
대동철강태양광발전소,,전북특별자치도 익산시 인화동1가 212-2 건물상부,35.9275228426342,126.947102546152,,정상가동,99.28,380,60,2022,,,,,2024-09-27
강숙3호 태양광발전소,,전북특별자치도 익산시 인화동2가 173 건물위,35.9256872650954,126.953378685159,,정상가동,99.28,380,60,2022,,,,,2024-09-27
강숙2호 태양광발전소,,전북특별자치도 익산시 인화동2가 173-22 건물위,35.9257389897222,126.953129674633,,정상가동,99.28,380,60,2022,,,,,2024-09-27
성소태양광발전소,,전북특별자치도 익산시 인화동2가 244,35.922615211865,126.950943193518,,정상가동,99.0,380,60,2020,,,,,2024-09-27
광일 태양광발전소,,"전북특별자치도 익산시 인화동2가 295, 295-12",,,,정상가동,99.0,380,60,2021,,,,,2024-09-27
빛나는발전소,,전북특별자치도 익산시 인화동2가 380번지,35.9188146987148,126.950819676214,,정상가동,70.0,380,60,2018,,,,,2024-09-27
음직장공파 태양광발전소,,전북특별자치도 익산시 정족동 170-8,35.9859448163992,126.996384995103,,정상가동,99.4,380,60,2020,,,,,2024-09-27
경난 태양광발전소,,전북특별자치도 익산시 주현동 139-7,35.935288453056,126.956648633703,,정상가동,99.4,380,60,2020,,,,,2024-09-27
샛별 태양광발전소,,전북특별자치도 익산시 주현동 220-17 건물위,35.9356309617341,126.959594137099,,정상가동,98.82,380,60,2022,,,,,2024-09-27
JS1호태양광발전소,"전북특별자치도 익산시 주현로18길 19-8, 새롬독서실 (주현동)",,35.936087121242,126.958653596957,,정상가동,98.82,380,60,2022,,,,,2024-09-27
금영 태양광발전소,전북특별자치도 익산시 중앙로 67 (갈산동),,35.9384022557379,126.954240406234,,정상가동,98.82,380,60,2022,,,,,2024-09-27
경인태양광발전소,전북특별자치도 익산시 중앙로 73 (주현동),,35.9382177857428,126.954993776539,,정상가동,98.82,380,60,2022,,,,,2024-09-27
청정에너지태양광발전소,전북특별자치도 익산시 중앙로25길 1-6 (마동),,35.937939961416,126.958579045796,,정상가동,98.82,380,60,2022,,,,,2024-09-27
선정2호 태양광발전소,전북특별자치도 익산시 중앙로29길 23 (마동),,35.937117043828,126.966389396855,,정상가동,98.82,380,60,2022,,,,,2024-09-27
선정1호 태양광발전소,전북특별자치도 익산시 중앙로29길 23 (마동),,35.937117043828,126.966389396855,,정상가동,99.4,380,60,2020,,,,,2024-09-27
이근배태양광발전소,전북특별자치도 익산시 중앙로29길 3-4 (마동),,35.9369573171022,126.964421279041,,정상가동,99.0,220+380,60,2021,,,,,2024-09-27
휴플러스태양광발전소,"전북특별자치도 익산시 중앙로33길 14, (마동 96-4,98-2)건물상부 (마동)",,35.9370260494183,126.965861039189,,정상가동,80.0,220+380,60,2021,,,,,2024-09-27
임마누엘 태양광발전소,전북특별자치도 익산시 춘포로 22 (금강동),,35.920243023786,126.97797325948,,정상가동,99.0,220+380,60,2021,,,,,2024-09-27
정서전력태양광발전소,전북특별자치도 익산시 춘포로 73 (금강동),,35.9162408536067,126.981107022845,,정상가동,99.0,220+380,60,2021,,,,,2024-09-27
소벽태양광발전소,전북특별자치도 익산시 춘포로 75 (금강동),,35.915736640264,126.981324515958,,정상가동,99.0,220+380,60,2021,,,,,2024-09-27
거대태양광발전소,전북특별자치도 익산시 춘포면 강경길 377,,35.9232881199349,127.015964711073,,정상가동,88.27,380,60,2022,,,,,2024-09-27
청호태양광2호,전북특별자치도 익산시 춘포면 노적1길 50,,35.9473310612397,127.025299920448,,정상가동,93.6,380,60,2022,,,,,2024-09-27
청호태양광1호,"전북특별자치도 익산시 춘포면 노적1길 50, 1,2,3동",,,,,정상가동,99.0,380,60,2021,,,,,2024-09-27
상우에너지,"전북특별자치도 익산시 춘포면 노적길 53-29, 건물상부",,35.9442972086506,127.026150028465,,정상가동,99.0,380,60,2021,,,,,2024-09-27
더우진태양광발전소,전북특별자치도 익산시 춘포면 노적길 53-31,,35.9439952528785,127.025917294545,,정상가동,99.0,380,60,2021,,,,,2024-09-27
더존태양광발전소,전북특별자치도 익산시 춘포면 노적길 53-31,,35.9439952528785,127.025917294545,,정상가동,99.36,380,60,2022,,,,,2024-09-27
(유)더바른(더유건태양광발전소),전북특별자치도 익산시 춘포면 노적길 53-31,,35.9439952528785,127.025917294545,,정상가동,99.36,380,60,2022,,,,,2024-09-27
미래에너지,"전북특별자치도 익산시 춘포면 노적길 53-31,  건물상부",,35.9439952528785,127.025917294545,,정상가동,99.36,380,60,2022,,,,,2024-09-27
더규하태양광발전소,전북특별자치도 익산시 춘포면 무왕로38길 212-28,,35.9514251780103,127.027930385097,,정상가동,99.36,380,60,2022,,,,,2024-09-27
한빛에너지태양광,전북특별자치도 익산시 춘포면 무왕로38길 231,,,,,정상가동,99.36,380,60,2022,,,,,2024-09-27
하늘태양광발전소,"전북특별자치도 익산시 춘포면 무왕로38길 231, , 802-4 건물상부",,,,,정상가동,99.36,380,60,2022,,,,,2024-09-27
창평태양광발전소,전북특별자치도 익산시 춘포면 무왕로38길 233,,,,,정상가동,99.36,380,60,2022,,,,,2024-09-27
김창배 태양광발전소,전북특별자치도 익산시 춘포면 무왕로38길 271-18,,35.950175162219,127.03720900219,,정상가동,99.36,380,60,2022,,,,,2024-09-27
문덕 태양광발전소,전북특별자치도 익산시 춘포면 석암로 337,,35.932583850071,127.022077924624,,정상가동,99.36,380,60,2022,,,,,2024-09-27
동양신동리태양광발전소,"전북특별자치도 익산시 춘포면 석암로11길 134, 건물상부",,35.9519406480863,127.017090090698,,정상가동,99.36,380,60,2022,,,,,2024-09-27
(유)문무태양광발전소(문무태양광발전소),,"전북특별자치도 익산시 춘포면 신동리 172번지 , 172-3, 172-12, 173-1, 174-8, 174-16",,,,정상가동,49.7,380,60,2020,,,,,2024-09-27
JS신동태양광발전소,,전북특별자치도 익산시 춘포면 신동리 10번지 9호,35.9475273165887,127.028663412648,,정상가동,99.4,380,60,2020,,,,,2024-09-27
신동1호태양광발전소,,"전북특별자치도 익산시 춘포면 신동리 114번지 ,115,116,117,118-4,118-5",,,,정상가동,99.4,380,60,2020,,,,,2024-09-27
인호태양광발전소,,전북특별자치도 익산시 춘포면 신동리 149번지 (토지),35.9484787228636,127.026046443305,,정상가동,99.4,380,60,2020,,,,,2024-09-27
(유)태오전력(태오전력태양광발전소),,전북특별자치도 익산시 춘포면 신동리 14번지,35.9466919811989,127.029304068863,,정상가동,99.0,380,60,2021,,,,,2024-09-27
미소마을 태양광발전소2,,"전북특별자치도 익산시 춘포면 신동리 156-2, 156-3",,,,정상가동,99.0,380,60,2021,,,,,2024-09-27
부농2호 태양광발전소,,"전북특별자치도 익산시 춘포면 신동리 172-1, 174-5, 174-13",,,,정상가동,99.0,380,60,2021,,,,,2024-09-27
한솔 태양광발전소,,"전북특별자치도 익산시 춘포면 신동리 172-10, 174-6, 174-14",,,,정상가동,99.0,380,60,2021,,,,,2024-09-27
서오 태양광발전소,,"전북특별자치도 익산시 춘포면 신동리 172-11, 173, 174-7, 174-15",,,,정상가동,99.0,380,60,2021,,,,,2024-09-27
해오름 태양광발전소,,"전북특별자치도 익산시 춘포면 신동리 174-2, 174-10",,,,정상가동,99.4,380,60,2022,,,,,2024-09-27
강남방배8 태양광발전소,,"전북특별자치도 익산시 춘포면 신동리 174-3, 174-11",,,,정상가동,99.4,380,60,2022,,,,,2024-09-27
부농3호 태양광발전소,,"전북특별자치도 익산시 춘포면 신동리 174-4, 174-12",,,,정상가동,99.0,380,60,2021,,,,,2024-09-27
신동17호 태양광발전소,,"전북특별자치도 익산시 춘포면 신동리 175, 183-5",,,,정상가동,99.0,380,60,2022,,,,,2024-09-27
신동15호 태양광발전소,,"전북특별자치도 익산시 춘포면 신동리 175-2, 176, 183-7",,,,정상가동,99.0,380,60,2022,,,,,2024-09-27
신동14호 태양광발전소,,"전북특별자치도 익산시 춘포면 신동리 175-3, 176-1, 183-1, 183-8, 183-9",,,,정상가동,99.96,380,60,2022,,,,,2024-09-27
익산 그린 태양광발전소,,"전북특별자치도 익산시 춘포면 신동리 175-4, 176-2, 183-11",,,,정상가동,99.96,380,60,2022,,,,,2024-09-27
신동12호 태양광발전소,,"전북특별자치도 익산시 춘포면 신동리 175-5, 176-3, 183-12",,,,정상가동,75.0,380,60,2018,,,,,2024-09-27
신동11호 태양광발전소,,"전북특별자치도 익산시 춘포면 신동리 175-6, 176-4, 183-13",,,,정상가동,99.4,380,60,2021,,,,,2024-09-27
신동10호 태양광발전소,,"전북특별자치도 익산시 춘포면 신동리 175-7, 176-6",,,,정상가동,99.4,380,60,2021,,,,,2024-09-27
신동3호 태양광발전소,,전북특별자치도 익산시 춘포면 신동리 176-10,35.9497376595586,127.026897435764,,정상가동,99.4,380,60,2021,,,,,2024-09-27
신동4호 태양광발전소,,"전북특별자치도 익산시 춘포면 신동리 176-11, 181-10",,,,정상가동,99.36,380,60,2019,,,,,2024-09-27
신동5호 태양광발전소,,"전북특별자치도 익산시 춘포면 신동리 176-12, 181-9",,,,정상가동,99.36,380,60,2019,,,,,2024-09-27
신동9호 태양광발전소,,"전북특별자치도 익산시 춘포면 신동리 176-5, 181-1, 183-14",,,,정상가동,99.0,380,60,2020,,,,,2024-09-27
신동2호 태양광발전소,,"전북특별자치도 익산시 춘포면 신동리 176-7, 177",,,,정상가동,99.0,380,60,2020,,,,,2024-09-27
신동8호 태양광발전소,,"전북특별자치도 익산시 춘포면 신동리 176-8, 181-5",,,,정상가동,99.0,380,60,2020,,,,,2024-09-27
신동1호 태양광발전소,,전북특별자치도 익산시 춘포면 신동리 178-1,35.9495743198531,127.025402385699,,정상가동,99.0,380,60,2020,,,,,2024-09-27
신동7호 태양광발전소,,전북특별자치도 익산시 춘포면 신동리 181-7,35.9502563685359,127.027886635332,,정상가동,99.0,380,60,2020,,,,,2024-09-27
신동6호 태양광발전소,,전북특별자치도 익산시 춘포면 신동리 181-8,35.9500278016576,127.027938649576,,정상가동,99.4,380,60,2020,,,,,2024-09-27
재술2호 태양광발전소,,전북특별자치도 익산시 춘포면 신동리 183,35.951624473579,127.02740417869,,정상가동,99.4,380,60,2020,,,,,2024-09-27
해맑은태양광발전소,,전북특별자치도 익산시 춘포면 신동리 21번지,35.941901801374,127.023048710772,,정상가동,99.4,380,60,2020,,,,,2024-09-27
문화에너지,,"전북특별자치도 익산시 춘포면 신동리 23번지 ,25,26,27,27-1,27-2",,,,정상가동,99.4,380,60,2020,,,,,2024-09-27
HK태양광발전소,,전북특별자치도 익산시 춘포면 신동리 304번지 2호 (토지),,,,정상가동,99.4,380,60,2020,,,,,2024-09-27
진희태양광발전소,,전북특별자치도 익산시 춘포면 신동리 305번지 1호 304-4(토지),35.949880353082,127.018098617135,,정상가동,99.36,380,60,2021,,,,,2024-09-27
은동태양광발전소,,전북특별자치도 익산시 춘포면 신동리 305번지 2호 304-7(토지),35.949880353082,127.018098617135,,정상가동,60.0,380,60,2020,,,,,2024-09-27
한솔태양광발전소,,"전북특별자치도 익산시 춘포면 신동리 305번지 304-5,304-6(토지)",,,,정상가동,49.7,380,60,2018,,,,,2024-09-27
동서태양광발전소,,전북특별자치도 익산시 춘포면 신동리 305번지 3호 304-8(토지),35.949880353082,127.018098617135,,정상가동,99.0,380,60,2019,,,,,2024-09-27
MS에너지태양광발전소,,전북특별자치도 익산시 춘포면 신동리 305번지 4호 304-9(토지),35.949880353082,127.018098617135,,정상가동,99.0,380,60,2019,,,,,2024-09-27
소망태양광발전소,,전북특별자치도 익산시 춘포면 신동리 305번지 5호 304-10(토지),35.949880353082,127.018098617135,,정상가동,99.0,380,60,2019,,,,,2024-09-27
SL에너지태양광발전소,,전북특별자치도 익산시 춘포면 신동리 305번지 6호 304-11(토지),35.949880353082,127.018098617135,,정상가동,99.0,380,60,2019,,,,,2024-09-27
(유)킹에너지(춘포발전소),,"전북특별자치도 익산시 춘포면 신동리 42번지 ,43,46,48,99,103,104,산19-1",,,,정상가동,99.28,380,60,2020,,,,,2024-09-27
세영에너지,,전북특별자치도 익산시 춘포면 신동리 47번지 (건물상부),35.9436312691977,127.025787060603,,정상가동,99.28,380,60,2020,,,,,2024-09-27
신동 태양광발전소,,전북특별자치도 익산시 춘포면 신동리 48번지 1호 토지,35.9443689381822,127.025353394541,,정상가동,99.28,380,60,2021,,,,,2024-09-27
동숙 태양광발전소,,전북특별자치도 익산시 춘포면 신동리 48번지 7호 토지,35.9443689381822,127.025353394541,,정상가동,99.28,380,60,2021,,,,,2024-09-27
태양4호 태양광발전소,,전북특별자치도 익산시 춘포면 신동리 48번지 8호 토지,35.9443689381822,127.025353394541,,정상가동,99.28,380,60,2021,,,,,2024-09-27
상록에너지,,"전북특별자치도 익산시 춘포면 신동리 52번지 ,52-1,48,49-1,49-2",,,,정상가동,99.28,380,60,2020,,,,,2024-09-27
(유)태오전력 (태오전력신동리2차발전소),,"전북특별자치도 익산시 춘포면 신동리 61-1 ,617",,,,정상가동,99.28,380,60,2020,,,,,2024-09-27
신사동 태양광발전소,,전북특별자치도 익산시 춘포면 신동리 626,35.9429114613348,127.020579721172,,정상가동,99.28,380,60,2020,,,,,2024-09-27
민들레 태양광발전소,,전북특별자치도 익산시 춘포면 신동리 626-1,35.9425806767448,127.020217889206,,정상가동,99.28,380,60,2021,,,,,2024-09-27
화수분 태양광발전소,,전북특별자치도 익산시 춘포면 신동리 626-2,35.9424542731343,127.020509226267,,정상가동,99.28,380,60,2020,,,,,2024-09-27
문솔 태양광발전소,,전북특별자치도 익산시 춘포면 신동리 626-3,35.942255914261,127.020482354481,,정상가동,99.28,380,60,2021,,,,,2024-09-27
승영 태양광발전소,,전북특별자치도 익산시 춘포면 신동리 626-4,35.9420004048557,127.020524292475,,정상가동,99.28,380,60,2020,,,,,2024-09-27
크리스탈태양광발전소,,전북특별자치도 익산시 춘포면 신동리 639-3,35.9408582704203,127.02247942349,,정상가동,99.28,380,60,2021,,,,,2024-09-27
공항7호태양광발전소,,전북특별자치도 익산시 춘포면 신동리 643번지 1호 토지,35.9401179393157,127.021271989846,,정상가동,99.28,380,60,2021,,,,,2024-09-27
육일 태양광발전소,전북특별자치도 익산시 춘포면 신촌1길 15,,35.8990230547508,127.003359050425,,정상가동,99.28,380,60,2021,,,,,2024-09-27
유한회사 태암(호담태양광발전소),,"전북특별자치도 익산시 춘포면 쌍정리 578번지 578-2,586,586-1",,,,정상가동,99.28,380,60,2021,,,,,2024-09-27
보경1호태양광발전소,,"전북특별자치도 익산시 춘포면 쌍정리 648-18, 648-19",,,,정상가동,99.28,380,60,2021,,,,,2024-09-27
보경2호태양광발전소,,"전북특별자치도 익산시 춘포면 쌍정리 648-8, 648-9",,,,정상가동,99.28,380,60,2021,,,,,2024-09-27
엽동태양광발전소,"전북특별자치도 익산시 춘포면 엽동길 95, 건물상부(주1)",,35.9564829159686,127.044450701085,,정상가동,98.55,380,60,2020,,,,,2024-09-27
풍천발전소,전북특별자치도 익산시 춘포면 엽동길 96-6,,35.9559993919145,127.044716575841,,정상가동,98.55,380,60,2020,,,,,2024-09-27
세현2호태양광발전소,,전북특별자치도 익산시 춘포면 오산리 133번지 1호 (토지),,,,정상가동,98.55,380,60,2020,,,,,2024-09-27
기옥1호 태양광발전소,,전북특별자치도 익산시 춘포면 오산리 135번지 1호 (토지),,,,정상가동,98.55,380,60,2020,,,,,2024-09-27
학산태양광발전소,,전북특별자치도 익산시 춘포면 오산리 135번지 28호 (토지)-가지번,,,,정상가동,99.0,380,60,2020,,,,,2024-09-27
기선3호태양광발전소,,"전북특별자치도 익산시 춘포면 오산리 154-1 ,154-2,산7-3,산3",,,,정상가동,99.0,380,60,2020,,,,,2024-09-27
해인 태양광발전소,,전북특별자치도 익산시 춘포면 오산리 175번지,35.9407948799527,127.024491241037,,정상가동,99.0,380,60,2020,,,,,2024-09-27
신비태양광발전소,,"전북특별자치도 익산시 춘포면 오산리 180-1 ,180-2,180-3,167-1,167-4,179",,,,정상가동,99.0,380,60,2020,,,,,2024-09-27
혜성태양광발전소,,"전북특별자치도 익산시 춘포면 오산리 559번지 ,561",,,,정상가동,99.0,380,60,2020,,,,,2024-09-27
너무해태양광발전소,,전북특별자치도 익산시 춘포면 용연리 555번지 (건물및초지),35.9011423217538,127.019595555352,,정상가동,99.0,380,60,2020,,,,,2024-09-27
(유)대한원비닐(원태양광발전소),,"전북특별자치도 익산시 춘포면 용연리 631-7 건물상부(주1,주2,주3,주4)",35.9032123147428,127.011086835209,,정상가동,99.0,380,60,2020,,,,,2024-09-27
봉개태양광발전소,,"전북특별자치도 익산시 춘포면 인수리 840번지 1호 , 840-2, 674-1",,,,정상가동,99.0,380,60,2020,,,,,2024-09-27
티오피 태양광발전소,,전북특별자치도 익산시 춘포면 인수리 518번지 2호 517-2,,,,정상가동,99.0,380,60,2020,,,,,2024-09-27
흥국태양광발전소,"전북특별자치도 익산시 춘포면 증보들길 302-67, , 142-1, 142-15, 139, 139-6, 142-16, 139-5, 139-7 건물상부(주1, 주",,,,,정상가동,99.0,380,60,2020,,,,,2024-09-27
동국 태양광발전소,,전북특별자치도 익산시 춘포면 창평리 574,35.9575556882223,127.038648192963,,정상가동,99.38,380,60,2020,,,,,2024-09-27
지례태양광발전소,,"전북특별자치도 익산시 춘포면 창평리 595-1 ,595-2",,,,정상가동,99.0,380,60,2020,,,,,2024-09-27
초롱2 태양광발전소,,전북특별자치도 익산시 춘포면 창평리 598,35.9599078671874,127.03910317236,,정상가동,99.0,380,60,2020,,,,,2024-09-27
모세태양광발전소,,전북특별자치도 익산시 춘포면 창평리 598-2,35.9594550613994,127.039173451453,,정상가동,99.4,380,60,2018,,,,,2024-09-27
성희세종태양광발전소,,전북특별자치도 익산시 춘포면 창평리 601번지 (토지),35.9605154482069,127.03893297818,,정상가동,75.6,380,60,2020,,,,,2024-09-27
우영 태양광발전소,,전북특별자치도 익산시 춘포면 창평리 601번지 2호 (토지),35.9605154482069,127.03893297818,,정상가동,99.0,380,60,2020,,,,,2024-09-27
옥천 태양광발전소,,전북특별자치도 익산시 춘포면 창평리 603-3,,,,정상가동,99.0,380,60,2020,,,,,2024-09-27
서광 태양광발전소,,전북특별자치도 익산시 춘포면 창평리 603-4,35.9611846671048,127.039337040877,,정상가동,99.0,380,60,2020,,,,,2024-09-27
빛드림 태양광발전소,,전북특별자치도 익산시 춘포면 창평리 603-5,35.9609625917446,127.039091609123,,정상가동,99.0,380,60,2020,,,,,2024-09-27
딩동댕 태양광발전소,,"전북특별자치도 익산시 춘포면 창평리 605-1, 603-2",,,,정상가동,99.0,380,60,2020,,,,,2024-09-27
서임 태양광발전소,,"전북특별자치도 익산시 춘포면 창평리 605-4, 605-9",,,,정상가동,99.0,380,60,2020,,,,,2024-09-27
해드림2 태양광발전소,,"전북특별자치도 익산시 춘포면 창평리 605-5, 605-10",,,,정상가동,99.0,380,60,2020,,,,,2024-09-27
영진 태양광발전소,,"전북특별자치도 익산시 춘포면 창평리 605-7, 605-12",,,,정상가동,99.0,380,60,2020,,,,,2024-09-27
햇빛찬2 태양광발전소,,"전북특별자치도 익산시 춘포면 창평리 607, 608-5",,,,정상가동,98.55,380,60,2020,,,,,2024-09-27
옥자 태양광발전소,,전북특별자치도 익산시 춘포면 창평리 607-2,35.9605866654526,127.036874338799,,정상가동,98.55,380,60,2020,,,,,2024-09-27
햇빛솔솔 태양광발전소,,"전북특별자치도 익산시 춘포면 창평리 607-4, 608-7",,,,정상가동,98.55,380,60,2020,,,,,2024-09-27
해온누리 태양광발전소,,전북특별자치도 익산시 춘포면 창평리 607-5,35.9604831809068,127.037527553957,,정상가동,98.55,380,60,2020,,,,,2024-09-27
명인 태양광발전소,,"전북특별자치도 익산시 춘포면 창평리 608, 608-12",,,,정상가동,98.55,380,60,2020,,,,,2024-09-27
대성2 태양광발전소,,전북특별자치도 익산시 춘포면 창평리 608-1,35.9612739318568,127.037516953395,,정상가동,99.0,380,60,2020,,,,,2024-09-27
정훈 태양광발전소,,전북특별자치도 익산시 춘포면 창평리 608-13,35.9611141543122,127.037765303859,,정상가동,99.0,380,60,2020,,,,,2024-09-27
아폴론 태양광발전소,,전북특별자치도 익산시 춘포면 창평리 608-4,35.9610186289092,127.037168748394,,정상가동,99.0,380,60,2020,,,,,2024-09-27
햇살가득2 태양광발전소,,전북특별자치도 익산시 춘포면 창평리 608-6,35.9609049450395,127.037578746653,,정상가동,99.0,380,60,2020,,,,,2024-09-27
미유 태양광발전소,,전북특별자치도 익산시 춘포면 창평리 608-9,35.9613821150831,127.037980379988,,정상가동,99.0,380,60,2020,,,,,2024-09-27
유니2 태양광발전소,,전북특별자치도 익산시 춘포면 창평리 609-3,35.9613821115128,127.036243276415,,정상가동,99.0,380,60,2020,,,,,2024-09-27
희망 태양광발전소,,전북특별자치도 익산시 춘포면 창평리 609-4,35.9612048213677,127.036297292706,,정상가동,99.0,380,60,2020,,,,,2024-09-27
행복한 태양광발전소,,전북특별자치도 익산시 춘포면 창평리 609-5,35.9610673997382,127.036239696116,,정상가동,99.0,380,60,2020,,,,,2024-09-27
지명태양광발전소,,전북특별자치도 익산시 춘포면 창평리 609-6,35.960917729239,127.036155489007,,정상가동,99.0,380,60,2020,,,,,2024-09-27
달빛2 태양광,,전북특별자치도 익산시 춘포면 창평리 609-7,35.9607318368086,127.03604477153,,정상가동,99.0,380,60,2020,,,,,2024-09-27
소망 태양광발전소,,전북특별자치도 익산시 춘포면 창평리 611,35.9618056459778,127.035803039218,,정상가동,99.0,380,60,2020,,,,,2024-09-27
태광 태양광발전소,,전북특별자치도 익산시 춘포면 창평리 611-1,35.961481570081,127.03577007971,,정상가동,99.0,380,60,2020,,,,,2024-09-27
무길 태양광발전소,,"전북특별자치도 익산시 춘포면 창평리 612, 613",,,,정상가동,99.0,380,60,2020,,,,,2024-09-27
금정 태양광발전소,,"전북특별자치도 익산시 춘포면 창평리 612-1, 613-1",,,,정상가동,99.0,380,60,2020,,,,,2024-09-27
한빛 태양광발전소,,"전북특별자치도 익산시 춘포면 창평리 612-2, 613-2",,,,정상가동,99.0,380,60,2020,,,,,2024-09-27
수2 태양광발전소,,"전북특별자치도 익산시 춘포면 창평리 612-3, 613-3",,,,정상가동,99.0,380,60,2022,,,,,2024-09-27
참빛 태양광발전소,,"전북특별자치도 익산시 춘포면 창평리 612-4, 613-4",,,,정상가동,99.0,380,60,2020,,,,,2024-09-27
이정 태양광발전소,,"전북특별자치도 익산시 춘포면 창평리 705번지 10호 , 706-3(토지)",,,,정상가동,99.0,380,60,2020,,,,,2024-09-27
녹색 태양광발저소,,"전북특별자치도 익산시 춘포면 창평리 705번지 11호 , 705-13, 706-4(토지)",,,,정상가동,99.0,380,60,2020,,,,,2024-09-27
인영 태양광발전소,,"전북특별자치도 익산시 춘포면 창평리 705번지 12호 , 706-5(토지)",,,,정상가동,99.0,380,60,2020,,,,,2024-09-27
성현 태양광발전소,,"전북특별자치도 익산시 춘포면 창평리 705번지 15호 , 706-1(토지)",,,,정상가동,99.0,380,60,2020,,,,,2024-09-27
현정 태양광발전소,,"전북특별자치도 익산시 춘포면 창평리 705번지 16호 , 706(토지)",,,,정상가동,99.0,380,60,2020,,,,,2024-09-27
미즈2호 태양광발전소,,전북특별자치도 익산시 춘포면 창평리 705번지 4호 (토지),,,,정상가동,99.0,380,60,2020,,,,,2024-09-27
에이스 태양광발전소,,전북특별자치도 익산시 춘포면 창평리 705번지 9호 (토지),,,,정상가동,99.0,380,60,2020,,,,,2024-09-27
햇볕태양광발전소,,"전북특별자치도 익산시 춘포면 창평리 793번지 , 793-1",,,,정상가동,99.0,380,60,2020,,,,,2024-09-27
(유)태암(호담2호태양광발전소),,전북특별자치도 익산시 춘포면 천동리 16번지 3호,35.9458030469104,127.05182280054,,정상가동,99.36,380,60,2020,,,,,2024-09-27
혜진춘포천동리태양광발전소,,"전북특별자치도 익산시 춘포면 천동리 294-6 ,294-7,294-8",,,,정상가동,99.36,380,60,2020,,,,,2024-09-27
재욱천동리태양광발전소,,"전북특별자치도 익산시 춘포면 천동리 296번지 , 294, 294-6",,,,정상가동,99.36,380,60,2020,,,,,2024-09-27
정훈춘포천동리태양광발전소,,"전북특별자치도 익산시 춘포면 천동리 296번지 ,294, 294-12, 294-6",,,,정상가동,29.63,380,60,2020,,,,,2024-09-27
양지태양광발전소,,전북특별자치도 익산시 춘포면 천동리 508번지 1호 (토지),,,,정상가동,99.36,380,60,2020,,,,,2024-09-27
은수태양광발전소,전북특별자치도 익산시 춘포면 천서길 2,,35.9286805189937,127.027519147254,,정상가동,99.36,380,60,2020,,,,,2024-09-27
성심에너지,,"전북특별자치도 익산시 춘포면 천서리 482번지 , 482-2",,,,정상가동,99.36,380,60,2020,,,,,2024-09-27
진영 태양광발전소,,"전북특별자치도 익산시 춘포면 천서리 12번지 10호 , 11-3",,,,정상가동,99.36,380,60,2020,,,,,2024-09-27
인호태양광발전소,,"전북특별자치도 익산시 춘포면 천서리 12번지 11호 , 11-4",,,,정상가동,99.36,380,60,2020,,,,,2024-09-27
동성 태양광발정소,,전북특별자치도 익산시 춘포면 천서리 12번지 1호 토지,,,,정상가동,29.63,380,60,2020,,,,,2024-09-27
행복 태양광발전소,,전북특별자치도 익산시 춘포면 천서리 12번지 4호,,,,정상가동,99.36,380,60,2020,,,,,2024-09-27
현덕 태양광발전소,,전북특별자치도 익산시 춘포면 천서리 12번지 5호,,,,정상가동,99.36,380,60,2020,,,,,2024-09-27
한마음 태양광발전소,,전북특별자치도 익산시 춘포면 천서리 12번지 6호,,,,정상가동,99.36,380,60,2020,,,,,2024-09-27
가현 태양광발전소,,"전북특별자치도 익산시 춘포면 천서리 12번지 7호 12-8, 11",,,,정상가동,99.36,380,60,2020,,,,,2024-09-27
행복태양광발전소,,"전북특별자치도 익산시 춘포면 천서리 461번지 3호 ,462 토지",35.9404134096733,127.029579037806,,정상가동,99.36,380,60,2020,,,,,2024-09-27
건우태양광발전소,,전북특별자치도 익산시 춘포면 천서리 469-1,,,,정상가동,99.36,380,60,2020,,,,,2024-09-27
웅진태양광발전소,,전북특별자치도 익산시 춘포면 천서리 469-1,,,,정상가동,99.36,380,60,2020,,,,,2024-09-27
하가태양광발전소,,전북특별자치도 익산시 춘포면 천서리 474,35.940111650389,127.02779042091,,정상가동,99.36,380,60,2020,,,,,2024-09-27
SH태양광발전소,,전북특별자치도 익산시 춘포면 천서리 474,35.940111650389,127.02779042091,,정상가동,99.0,380,60,2020,,,,,2024-09-27
햇살 태양광발전소,,전북특별자치도 익산시 춘포면 천서리 474-5,35.9391229837466,127.028572050909,,정상가동,99.0,380,60,2020,,,,,2024-09-27
영광태양광발전소,,"전북특별자치도 익산시 춘포면 천서리 484번지 ,484-15,483-2,460-1 토지",,,,정상가동,99.0,380,60,2020,,,,,2024-09-27
평안태양광발전소,,"전북특별자치도 익산시 춘포면 천서리 484번지 11호 ,460-2 토지",,,,정상가동,99.0,380,60,2020,,,,,2024-09-27
청담천서발전소,,"전북특별자치도 익산시 춘포면 천서리 485번지 ,522,523-6 토지",,,,정상가동,99.0,380,60,2021,,,,,2024-09-27
한빛1호천서발전소,,"전북특별자치도 익산시 춘포면 천서리 485번지 2호 ,486-4,522-2 토지",35.9423112678246,127.03127187802,,정상가동,99.0,380,60,2021,,,,,2024-09-27
천서태양광발전소,,"전북특별자치도 익산시 춘포면 천서리 507번지 ,516,517,520,521",,,,정상가동,99.0,380,60,2021,,,,,2024-09-27
은정태양광발전소,,"전북특별자치도 익산시 춘포면 천서리 514번지 ,515-1,515-2,515-3",,,,정상가동,99.0,380,60,2021,,,,,2024-09-27
비젼태양광발전소,,전북특별자치도 익산시 춘포면 천서리 523번지 (분할전)토지,35.9425542349262,127.029887607867,,정상가동,99.0,380,60,2020,,,,,2024-09-27
에코천서리발전소,,전북특별자치도 익산시 춘포면 천서리 523번지 3호 토지,35.9425542349262,127.029887607867,,정상가동,46.8,380,60,2020,,,,,2024-09-27
씨엠에스천서1호발전소,,전북특별자치도 익산시 춘포면 천서리 531번지,35.9452424006078,127.030482684027,,정상가동,99.0,380,60,2020,,,,,2024-09-27
부자1호발전소,,전북특별자치도 익산시 춘포면 천서리 531번지 3호,35.9452424006078,127.030482684027,,정상가동,99.0,380,60,2020,,,,,2024-09-27
(주)학여울(학여울태양광발전소),,"전북특별자치도 익산시 춘포면 천서리 551번지 1호 ,551-2,551-4,551-7,549-1,549-3,541",,,,정상가동,29.75,380,60,2020,,,,,2024-09-27
천동 태양광발전소,,전북특별자치도 익산시 춘포면 천서리 582번지 14호,35.9501756513086,127.032747371624,,정상가동,99.36,380,60,2020,,,,,2024-09-27
천서 태양광발전소,,전북특별자치도 익산시 춘포면 천서리 582번지 15호 582-17,35.9501756513086,127.032747371624,,정상가동,99.36,380,60,2020,,,,,2024-09-27
천동2호태양광발전소,,전북특별자치도 익산시 춘포면 천서리 582번지 6호,35.9501756513086,127.032747371624,,정상가동,99.36,380,60,2020,,,,,2024-09-27
룩스2호 태양광발전소,,전북특별자치도 익산시 춘포면 천서리 588-2,35.9510361487353,127.031427500636,,정상가동,99.36,380,60,2020,,,,,2024-09-27
기선4호태양광발전소,,"전북특별자치도 익산시 춘포면 천서리 산 98번지 ,528",,,,정상가동,29.75,380,60,2020,,,,,2024-09-27
국토가태양광발전소,,"전북특별자치도 익산시 춘포면 천서리 산 98번지 ,산95-3",,,,정상가동,99.36,380,60,2020,,,,,2024-09-27
마루태양광발전소,,"전북특별자치도 익산시 춘포면 천서리 산 98번지 ,산95-3,528",,,,정상가동,99.36,380,60,2020,,,,,2024-09-27
장백태양광발전소,"전북특별자치도 익산시 춘포면 춘포5길 128, 건물상부(주1,주2,주3)",,35.9126863448321,127.017656187803,,정상가동,99.36,380,60,2020,,,,,2024-09-27
바른빛에너지,,전북특별자치도 익산시 춘포면 춘포리 920번지,35.9009022456107,127.015116028772,,정상가동,99.36,380,60,2020,,,,,2024-09-27
행운에너지태양광발전소,,"전북특별자치도 익산시 춘포면 춘포리 43-11 건물상부(81.6kw),토지위(81.6kw)",35.902536247767,127.001667248218,,정상가동,99.0,380,60,2020,,,,,2024-09-27
디와이익산2공장태양광발전소,,"전북특별자치도 익산시 팔봉동 831번지 건물상부(주1,부1,주2,부3)",35.9574295936371,127.001918256639,,정상가동,99.0,380,60,2020,,,,,2024-09-27
팔봉3호태양광발전소,,"전북특별자치도 익산시 팔봉동 842-7 ,842-8건물상부",,,,정상가동,99.0,380,60,2020,,,,,2024-09-27
일흥합성공업2태양광,,"전북특별자치도 익산시 팔봉동 855번지 ,856",,,,정상가동,99.0,380,60,2020,,,,,2024-09-27
삼정E에너지태양광발전소,,전북특별자치도 익산시 팔봉동 879-2 건물상부,35.9584726622792,127.010873958903,,정상가동,99.0,380,60,2020,,,,,2024-09-27
㈜하진태양광발전소(㈜하진태양광발전소),,전북특별자치도 익산시 팔봉동 산 13번지 2호,35.9675453208869,127.019048428427,,정상가동,99.0,380,60,2020,,,,,2024-09-27
보농 태양광발전소,"전북특별자치도 익산시 평동로 386-126, 주1 (목천동)",,35.9286185457486,126.915926201484,,정상가동,99.36,380,60,2020,,,,,2024-09-27
신흥2호 태양광발전소,전북특별자치도 익산시 평동로 478(송학동),,35.9356684978839,126.932757970708,,정상가동,99.36,380,60,2021,,,,,2024-09-27
신흥1호 태양광발전소,전북특별자치도 익산시 평동로 478(송학동),,35.9356684978839,126.932757970708,,정상가동,80.0,380,60,2019,,,,,2024-09-27
(주)호남태양광발전소,전북특별자치도 익산시 평동로 546-5 (평화동),,35.9338279032985,126.939924172484,,정상가동,80.0,380,60,2019,,,,,2024-09-27
남부 태양광발전소,전북특별자치도 익산시 평동로 904-5 (금강동),,35.9218990126694,126.977222350253,,정상가동,99.4,380,60,2020,,,,,2024-09-27
금강태양광발전소,"전북특별자치도 익산시 평동로14길 114, (금강동 798-5, 800-6) 건물상부(2동) (금강동)",,35.9154060673162,126.974069321848,,정상가동,54.67,380,60,2020,,,,,2024-09-27
E1 익산충전소 태양광발전소,"전북특별자치도 익산시 하나로 16, LPG충전소 (금강동)",,35.9236888806734,126.978665153508,,정상가동,45.0,380,60,2020,,,,,2024-09-27
한달음 태양광발전소,"전북특별자치도 익산시 하나로 292, 건물위 제2동 (신흥동)",,35.946671935379,126.985206543888,,정상가동,47.93,380,60,2018,,,,,2024-09-27
인영태양광발전소,"전북특별자치도 익산시 하나로 499, 건물상부 (영등동)",,35.9650395526335,126.980064846113,,정상가동,99.36,380,60,2018,,,,,2024-09-27
지윤 태양광발전소,전북특별자치도 익산시 하나로 524(어양동),,35.9670840909145,126.980539381595,,정상가동,99.0,380,60,2020,,,,,2024-09-27
마한태양광발전소,"전북특별자치도 익산시 하나로 681, ,683(임상동 405,406,407)건물상부 (임상동)",,,,,정상가동,99.0,380,60,2020,,,,,2024-09-27
월성동기가태양광발전소,전북특별자치도 익산시 하나로15길 74-11 (월성동),,35.9931001798719,126.975594295624,,정상가동,99.4,380,60,2020,,,,,2024-09-27
우리태양광발전소,전북특별자치도 익산시 하나로2길 63-63 (신흥동),,35.9342348600267,126.987442054835,,정상가동,99.4,380,60,2020,,,,,2024-09-27
하나로태양광발전소,전북특별자치도 익산시 하나로4길 31-1 (어양동),,35.9610767522593,126.982636124812,,정상가동,99.0,380,60,2020,,,,,2024-09-27
익산미소태양광발전소,"전북특별자치도 익산시 학곤로 112, 건물상부(1동) (송학동)",,35.9386939227335,126.934463644124,,정상가동,39.76,380,60,2018,,,,,2024-09-27
익산미소태양광발전소2,"전북특별자치도 익산시 학곤로 112, 건물상부(2동) (송학동)",,35.9386939227335,126.934463644124,,정상가동,93.6,380,60,2020,,,,,2024-09-27
다복태양광발전소,,전북특별자치도 익산시 함라면 금성리 428번지 7호,,,,정상가동,99.0,380,60,2022,,,,,2024-09-27
망월태양광발전소,,전북특별자치도 익산시 함라면 다망리 995번지,36.0293750262145,126.908809306572,,정상가동,99.0,380,60,2022,,,,,2024-09-27
용만 태양광발전소,,전북특별자치도 익산시 함라면 다망리 1109번지 6호 (건물상부),,,,정상가동,99.0,380,60,2022,,,,,2024-09-27
신경섭 태양광발전소,,전북특별자치도 익산시 함라면 다망리 1123,36.0318060546813,126.905961757057,,정상가동,99.0,380,60,2022,,,,,2024-09-27
특희태양광발전소,,"전북특별자치도 익산시 함라면 다망리 1322-3 ,1322-4,1322-9건물상부(주1,주2,주3)",,,,정상가동,99.0,380,60,2022,,,,,2024-09-27
천동5태양광발전소,,전북특별자치도 익산시 함라면 다망리 산 17번지 1호,,,,정상가동,99.0,380,60,2022,,,,,2024-09-27
신목태양광발전소,전북특별자치도 익산시 함라면 소룡길 1-14,,36.0340446545454,126.878258448429,,정상가동,99.0,380,60,2022,,,,,2024-09-27
신목2호 태양광발전소,전북특별자치도 익산시 함라면 소룡길 1-16,,36.033874060524,126.87835557623,,정상가동,99.0,380,60,2022,,,,,2024-09-27
이지태양광발전소,,전북특별자치도 익산시 함라면 신대리,36.0440559005553,126.905501421409,,정상가동,99.0,380,60,2022,,,,,2024-09-27
칠성1호태양광발전소,,"전북특별자치도 익산시 함라면 신대리 180-11 ,180-12,181-1,185,185-1,185-2,185-3,185-4,185-5,192-1,193-1,193-3,193-4,193-11,613-16",,,,정상가동,99.0,380,60,2022,,,,,2024-09-27
에스엔씨태양광발전소,,"전북특별자치도 익산시 함라면 신대리 197-6 ,197,685-5,685-6건물상부",,,,정상가동,99.0,380,60,2018,,,,,2024-09-27
(유)난길에너지태양광발전소,,"전북특별자치도 익산시 함라면 신대리 51-1, 70-3",,,,정상가동,99.36,380,60,2018,,,,,2024-09-27
(유)도손솔라 태양광발전소,,"전북특별자치도 익산시 함라면 신대리 51-1, 70-3",,,,정상가동,99.0,380,60,2018,,,,,2024-09-27
(유)날애솔라 태양광발전소,,"전북특별자치도 익산시 함라면 신대리 51-27 70-10, 70-13, 70-16 토지",,,,정상가동,99.0,380,60,2018,,,,,2024-09-27
밝은미래1호 태양광발전소,,전북특별자치도 익산시 함라면 신대리 58-1,36.0427641425782,126.914972196796,,정상가동,49.7,380,60,2021,,,,,2024-09-27
다온 태양광발전소,,전북특별자치도 익산시 함라면 신대리 58번지 12호,,,,정상가동,99.4,380,60,2022,,,,,2024-09-27
준이 태양광발전소,,전북특별자치도 익산시 함라면 신대리 58번지 23호 (토지),,,,정상가동,99.4,380,60,2022,,,,,2024-09-27
칠성2호태양광발전소,,"전북특별자치도 익산시 함라면 신대리 613-12 ,613-19",,,,정상가동,99.54,380,60,2020,,,,,2024-09-27
(유)다스리에너지 태양광발전소,,"전북특별자치도 익산시 함라면 신대리 70-1, 70-3, 51-1",,,,정상가동,99.54,380,60,2020,,,,,2024-09-27
(유)다람쥐쳇바퀴 ((유)다람쥐쳇바퀴 태양광발전소),,전북특별자치도 익산시 함라면 신대리 70-3,36.0419355432913,126.912699350564,,정상가동,99.54,380,60,2020,,,,,2024-09-27
와이에이치 태양광발전소,,"전북특별자치도 익산시 함라면 신대리 70-3, 산92-3",36.0419355432913,126.912699350564,,정상가동,99.54,380,60,2020,,,,,2024-09-27
해테크익산5호 태양광발전소,,"전북특별자치도 익산시 함라면 신대리 산 92번지 3호 ,70-3",,,,정상가동,99.54,380,60,2020,,,,,2024-09-27
(유)정훈 태양광발전소,,"전북특별자치도 익산시 함라면 신대리 산 92번지 3호 ,70-3, 51-1",,,,정상가동,99.54,380,60,2020,,,,,2024-09-27
행영 태양광발전소,,전북특별자치도 익산시 함라면 신대리 산92-3,,,,정상가동,49.7,380,60,2020,,,,,2024-09-27
에스에스솔라 태양광발전소,,"전북특별자치도 익산시 함라면 신대리 산92-3, 51-1, 70-3",,,,정상가동,99.4,380,60,2020,,,,,2024-09-27
(유)연수실업 태양광발전소,,"전북특별자치도 익산시 함라면 신대리 산92-3, 70-1, 70-3",,,,정상가동,99.4,380,60,2020,,,,,2024-09-27
에스엠 태양광발전소,,"전북특별자치도 익산시 함라면 신대리 산92-3, 70-3",,,,정상가동,24.85,380,60,2020,,,,,2024-09-27
주은1호 태양광발전소,전북특별자치도 익산시 함라면 신등1길 38-19,,36.036115617055,126.897891953362,,정상가동,99.4,380,60,2019,,,,,2024-09-27
최정 태양광발전소,전북특별자치도 익산시 함라면 신등1길 38-21,,36.0363116989077,126.897545282419,,정상가동,99.4,380,60,2019,,,,,2024-09-27
원경태양광발전소,전북특별자치도 익산시 함라면 신등1길 38-23,,36.0364970060572,126.897457050739,,정상가동,99.4,380,60,2019,,,,,2024-09-27
원경태양광발전소,전북특별자치도 익산시 함라면 신등1길 38-23,,36.0364970060572,126.897457050739,,정상가동,99.28,380,60,2019,,,,,2024-09-27
한영5호 태양광발전소,전북특별자치도 익산시 함라면 신등1길 38-25,,36.0366834760873,126.897358719707,,정상가동,99.28,380,60,2019,,,,,2024-09-27
천광태양광발전소,"전북특별자치도 익산시 함라면 신등1길 57, 주택",,36.0360264537533,126.896071550552,,정상가동,99.28,380,60,2019,,,,,2024-09-27
CS태양광발전소,전북특별자치도 익산시 함라면 신등1길 58-2,,36.0360020622329,126.896629599399,,정상가동,99.28,380,60,2019,,,,,2024-09-27
주영 태양광발전소,전북특별자치도 익산시 함라면 신등1길 58-4,,36.0361618501745,126.89673446973,,정상가동,99.28,380,60,2019,,,,,2024-09-27
우용 태양광발전소,전북특별자치도 익산시 함라면 신등1길 58-6,,36.0363568010222,126.896752190797,,정상가동,30.0,220+380,60,2020,,,,,2024-09-27
솔라파크 태양광발전소,전북특별자치도 익산시 함라면 신등1길 58-8,,36.0365424891089,126.896688368032,,정상가동,99.05,220+380,60,2020,,,,,2024-09-27
영주 태양광발전소,전북특별자치도 익산시 함라면 신등1길 64-10,,36.0370928405932,126.89602998147,,정상가동,99.05,220+380,60,2020,,,,,2024-09-27
광호2호 태양광발전소,전북특별자치도 익산시 함라면 신등1길 64-2,,36.03654115286,126.896080638847,,정상가동,50.0,220+380,60,2023,,,,,2024-09-27
썬 태양광발전소,전북특별자치도 익산시 함라면 신등1길 64-6,,36.036731159258,126.896216538149,,정상가동,99.36,220+380,60,2020,,,,,2024-09-27
희연 태양광발전소,전북특별자치도 익산시 함라면 신등1길 64-8,,36.0369207357429,126.89585644263,,정상가동,29.52,220+380,60,2020,,,,,2024-09-27
신등태양광발전소,"전북특별자치도 익산시 함라면 신등길 112, (신등리 548-8)건물상부",,36.0294066313645,126.895622575432,,정상가동,43.8,380,60,2019,,,,,2024-09-27
진산5호태양광발전소,,전북특별자치도 익산시 함라면 신등리 1143-11,36.031755121525,126.904123423324,,정상가동,99.0,380,60,2020,,,,,2024-09-27
진산3호태양광발전소,,전북특별자치도 익산시 함라면 신등리 1143번지 23호,,,,정상가동,99.36,380,60,2020,,,,,2024-09-27
진산6호태양광발전소,,전북특별자치도 익산시 함라면 신등리 1143번지 6호,,,,정상가동,99.36,380,60,2020,,,,,2024-09-27
율리 태양광발전소,,전북특별자치도 익산시 함라면 신등리 1149번지 1호,,,,정상가동,99.0,380,60,2020,,,,,2024-09-27
퀸태양광발전소,,"전북특별자치도 익산시 함라면 신등리 1149번지 1호 ,12",,,,정상가동,99.0,380,60,2019,,,,,2024-09-27
한밭태양광발전소,,"전북특별자치도 익산시 함라면 신등리 1149번지 1호 ,17",,,,정상가동,99.0,380,60,2019,,,,,2024-09-27
한율1호태양광발전소,,"전북특별자치도 익산시 함라면 신등리 426번지 5호 ,426-6,426-7 건물상부(주1,6)",36.0409014775821,126.895983473382,,정상가동,99.0,380,60,2019,,,,,2024-09-27
광명태양광발전소,,"전북특별자치도 익산시 함라면 신등리 791번지 19호 ,24,26,28번지",,,,정상가동,99.0,380,60,2019,,,,,2024-09-27
하늘빛태양광발전소,,"전북특별자치도 익산시 함라면 신등리 791번지 23호 ,27번지",,,,정상가동,18.36,380,60,2019,,,,,2024-09-27
함라초당태양광발전소3호,,"전북특별자치도 익산시 함라면 신목리 1095-1, 1093-11",,,,정상가동,99.0,380,60,2020,,,,,2024-09-27
함라초당태양광발전소2호,,"전북특별자치도 익산시 함라면 신목리 1137-1, 1137-2, 1096-3",,,,정상가동,99.0,380,60,2020,,,,,2024-09-27
청정태양광발전소,전북특별자치도 익산시 함라면 신함1길 6-19,,36.0151142781763,126.897588586187,,정상가동,99.0,380,60,2020,,,,,2024-09-27
청광태양광발전소,전북특별자치도 익산시 함라면 어등1길 18,,36.0415700243182,126.900136999368,,정상가동,93.96,380,60,2020,,,,,2024-09-27
하나개발태양광발전소,전북특별자치도 익산시 함라면 어등길 68-3,,36.0447163618441,126.896285071359,,정상가동,19.8,380,60,2018,,,,,2024-09-27
신성1호태양광발전소,"전북특별자치도 익산시 함라면 함라4길 110, 건물상부",,36.0282246428939,126.895902949191,,정상가동,49.7,380,60,2020,,,,,2024-09-27
신광태양광발전소,전북특별자치도 익산시 함라면 함라4길 159,,36.024383353561,126.90027540414,,정상가동,99.4,380,60,2020,,,,,2024-09-27
텃밭위태양광발전소2호,"전북특별자치도 익산시 함라면 함라로 226, 건물상부",,36.0232793697159,126.910469588043,,정상가동,99.4,380,60,2020,,,,,2024-09-27
(유)창고위태양((유)창고위태양광2호),"전북특별자치도 익산시 함라면 함라로 228, 건물상부",,36.0232762836696,126.91092434264,,정상가동,99.4,380,60,2020,,,,,2024-09-27
한울2호 태양광발전소,전북특별자치도 익산시 함라면 함라로 466,,36.0407757415121,126.896486982746,,정상가동,99.4,380,60,2020,,,,,2024-09-27
이종만태양광발전소,,"전북특별자치도 익산시 함라면 함열리 60, 62-2",,,,정상가동,99.4,380,60,2020,,,,,2024-09-27
함열도정2호태양광발전소,"전북특별자치도 익산시 함열읍 남당길 26-4, 건물상부(주1)",,36.0799751611678,126.968631736003,,정상가동,99.4,380,60,2020,,,,,2024-09-27
남당태양광발전소3호,,전북특별자치도 익산시 함열읍 남당리 228-144,36.0708203865122,126.973998313983,,정상가동,74.55,380,60,2020,,,,,2024-09-27
한국농어촌공사 익산지사(익산지사 태양광발전소),,전북특별자치도 익산시 함열읍 남당리 643번지 2호,,,,정상가동,99.4,380,60,2020,,,,,2024-09-27
승우태양광발전소,,전북특별자치도 익산시 함열읍 다송리 247번지 4호 717-42,36.037852187296,126.964454623919,,정상가동,99.4,380,60,2020,,,,,2024-09-27
다송리2호 태양광발전소,,전북특별자치도 익산시 함열읍 다송리 241,36.0361847862308,126.960857270063,,정상가동,99.4,3380,60,2020,,,,,2024-09-27
다송리1호 태양광발전소,,전북특별자치도 익산시 함열읍 다송리 241,36.0361847862308,126.960857270063,,정상가동,74.55,380,60,2020,,,,,2024-09-27
우주 태양광발전소,,전북특별자치도 익산시 함열읍 다송리 260-15,36.0390126607917,126.966839496956,,정상가동,99.4,380,60,2020,,,,,2024-09-27
희망 태양광발전소,,전북특별자치도 익산시 함열읍 다송리 260-16,36.0387438079291,126.966779578315,,정상가동,99.4,380,60,2020,,,,,2024-09-27
선우 태양광발전소,,전북특별자치도 익산시 함열읍 다송리 260-18,36.0385511369134,126.966821159555,,정상가동,99.4,380,60,2020,,,,,2024-09-27
햇빛찬네 태양광발전소,,전북특별자치도 익산시 함열읍 다송리 260-19,36.0384237986997,126.966840298648,,정상가동,99.4,380,60,2020,,,,,2024-09-27
양선 태양광발전소,,전북특별자치도 익산시 함열읍 다송리 260-20,36.0381770849383,126.966345729491,,정상가동,99.4,380,60,2020,,,,,2024-09-27
논산 태양광발전소,,전북특별자치도 익산시 함열읍 다송리 260-21,36.0380153307437,126.966403609863,,정상가동,99.4,380,60,2020,,,,,2024-09-27
다송리2 태양광발전소,,전북특별자치도 익산시 함열읍 다송리 260-23,36.0377777120931,126.966208084194,,정상가동,99.4,380,60,2020,,,,,2024-09-27
썬화3호 태양광발전소,,전북특별자치도 익산시 함열읍 다송리 260-24,36.0376273552592,126.966094745137,,정상가동,99.4,380,60,2020,,,,,2024-09-27
윤현열태양광발전소,,전북특별자치도 익산시 함열읍 다송리 260번지 10호 (토지),36.0374003034676,126.966621578151,,정상가동,99.4,380,60,2020,,,,,2024-09-27
민 태양광발전소,,전북특별자치도 익산시 함열읍 다송리 260번지 12호 (토지),36.0374003034676,126.966621578151,,정상가동,99.4,380,60,2020,,,,,2024-09-27
제일태양광발전소,,전북특별자치도 익산시 함열읍 다송리 260번지 13호 (토지),36.0374003034676,126.966621578151,,정상가동,99.4,380,60,2020,,,,,2024-09-27
대흥태양광발전소,,전북특별자치도 익산시 함열읍 다송리 260번지 14호,36.0374003034676,126.966621578151,,정상가동,99.4,380,60,2020,,,,,2024-09-27
윤영주태양광발전소,,전북특별자치도 익산시 함열읍 다송리 260번지 9호 (토지),36.0374003034676,126.966621578151,,정상가동,99.4,380,60,2020,,,,,2024-09-27
푸른빛2 태양광발전소,,전북특별자치도 익산시 함열읍 다송리 2번지 12호 (토지),36.0380285638824,126.971572912003,,정상가동,99.4,380,60,2020,,,,,2024-09-27
미석태양광발전소,,"전북특별자치도 익산시 함열읍 다송리 2번지 13호 , 2-21(토지)",36.0380285638824,126.971572912003,,정상가동,99.4,380,60,2020,,,,,2024-09-27
현진 태양광발전소,,전북특별자치도 익산시 함열읍 다송리 2번지 15호 (토지),36.0380285638824,126.971572912003,,정상가동,99.4,380,60,2020,,,,,2024-09-27
안평솔라태양광발전소,,"전북특별자치도 익산시 함열읍 다송리 2번지 16호 , 2-22(토지)",36.0380285638824,126.971572912003,,정상가동,49.68,380,60,2019,,,,,2024-09-27
썬화1호 태양광발전소,,전북특별자치도 익산시 함열읍 다송리 2번지 17호 (토지),36.0380285638824,126.971572912003,,정상가동,74.88,380,60,2018,,,,,2024-09-27
현진2 태양광발전소,,"전북특별자치도 익산시 함열읍 다송리 2번지 19호 , 2-23, 260-2(토지)",36.0380285638824,126.971572912003,,정상가동,455.52,380,60,2022,,,,,2024-09-27
다송리 태양광발전소,,"전북특별자치도 익산시 함열읍 다송리 2번지 1호 , 2-7(토지)",36.0380285638824,126.971572912003,,정상가동,39.6,380,60,2018,,,,,2024-09-27
다송태양광발전소,,전북특별자치도 익산시 함열읍 다송리 524-23,36.0372344916648,126.946913652951,,정상가동,97.2,380,60,2018,,,,,2024-09-27
보람 태양광발전소,,전북특별자치도 익산시 함열읍 다송리 717-36,36.0379876095578,126.96495722377,,정상가동,99.0,380,60,2020,,,,,2024-09-27
다정2호태양광발전소,,"전북특별자치도 익산시 함열읍 다송리 717-38, 717-39",,,,정상가동,99.0,380,60,2020,,,,,2024-09-27
현민쏠라1호,,전북특별자치도 익산시 함열읍 다송리 717번지 45호,,,,정상가동,99.0,380,60,2020,,,,,2024-09-27
예진 태양광발전소,,전북특별자치도 익산시 함열읍 다송리 717번지 49호,,,,정상가동,99.0,380,60,2020,,,,,2024-09-27
신광 태양광발전소,,"전북특별자치도 익산시 함열읍 다송리 717번지 50호 , 717-56",,,,정상가동,99.0,380,60,2020,,,,,2024-09-27
샘물 태양광발전소,,"전북특별자치도 익산시 함열읍 다송리 717번지 51호 , 717-55",,,,정상가동,99.0,380,60,2020,,,,,2024-09-27
다정태양광발전소,,"전북특별자치도 익산시 함열읍 다송리 717번지 52호 ,-54(토지)",,,,정상가동,99.0,380,60,2020,,,,,2024-09-27
청산2호 태양광발전소,,전북특별자치도 익산시 함열읍 다송리 723번지 181호 토지,,,,정상가동,99.0,380,60,2020,,,,,2024-09-27
청산1호 태양광발전소,,전북특별자치도 익산시 함열읍 다송리 723번지 18호 723-20 토지,,,,정상가동,99.0,380,60,2019,,,,,2024-09-27
백조네 태양광발전소,"전북특별자치도 익산시 함열읍 동지상길 9-6, 건물위",,36.086785021763,126.957667034767,,정상가동,72.0,380,60,2019,,,,,2024-09-27
함열태양광발전소,"전북특별자치도 익산시 함열읍 두라길 73-41, 건물상부(주1,주2,주3)",,36.0625355395964,126.956357387277,,정상가동,99.0,380,60,2019,,,,,2024-09-27
두라태양광발전소,"전북특별자치도 익산시 함열읍 두라길 73-43, 건물상부(주1,주2)",,36.0626533861768,126.955774031655,,정상가동,99.0,380,60,2019,,,,,2024-09-27
석매태양광발전소,"전북특별자치도 익산시 함열읍 두라길 73-45, 건물상부(주1,주2)",,36.0625233414656,126.955779321295,,정상가동,99.0,380,60,2019,,,,,2024-09-27
금반태양광발전소,"전북특별자치도 익산시 함열읍 매봉산길 39-14, (석매리 152)건물상부(주1,주2,주3)",,36.0435636472608,126.96639992128,,정상가동,99.0,380,60,2019,,,,,2024-09-27
남당태양광발전소2호,"전북특별자치도 익산시 함열읍 미륵사지로 1222-41, 건물상부",,36.0710625470791,126.974426174241,,정상가동,99.0,380,60,2019,,,,,2024-09-27
혜민앤찬희 태양광발전소,전북특별자치도 익산시 함열읍 미륵사지로 1222-65,,36.0721356152106,126.974766185296,,정상가동,99.0,380,60,2019,,,,,2024-09-27
신흥태양광발전소(중복),전북특별자치도 익산시 함열읍 미륵사지로 1222-65,,36.0721356152106,126.974766185296,,정상가동,99.0,380,60,2019,,,,,2024-09-27
명민앤예빈 태양광발전소,전북특별자치도 익산시 함열읍 미륵사지로 1222-67,,36.0724400098562,126.97458425204,,정상가동,99.0,380,60,2019,,,,,2024-09-27
남당태양광발전소,전북특별자치도 익산시 함열읍 미륵사지로 1222-67,,36.0724400098562,126.97458425204,,정상가동,99.0,380,60,2019,,,,,2024-09-27
전일태양광발전소,"전북특별자치도 익산시 함열읍 백제로 1279-1, , 144-11 건물상부",,,,,정상가동,99.0,380,60,2019,,,,,2024-09-27
현민쏠라2호,"전북특별자치도 익산시 함열읍 상마길 107, ,44,46",,,,,정상가동,48.6,380,60,2018,,,,,2024-09-27
삼안태양광발전소,전북특별자치도 익산시 함열읍 상지원길 11,,36.0424650037083,126.970684342894,,정상가동,75.0,380,60,2019,,,,,2024-09-27
우리 태양광발전소,,전북특별자치도 익산시 함열읍 석매리 52번지 1호,36.056513005301,126.972399346491,,정상가동,97.2,380,60,2019,,,,,2024-09-27
우리2호 태양광발전소,,"전북특별자치도 익산시 함열읍 석매리 101-5, 101-8 토지",,,,정상가동,97.2,380,60,2019,,,,,2024-09-27
자연태양광발전소,,"전북특별자치도 익산시 함열읍 석매리 108-12, 1105-9,10,11,12",,,,정상가동,97.2,380,60,2019,,,,,2024-09-27
함열1 태양광발전소,,전북특별자치도 익산시 함열읍 석매리 1118-21(가지번),36.0534763426644,126.970209464355,,정상가동,97.2,380,60,2019,,,,,2024-09-27
함열2 태양광발전소,,전북특별자치도 익산시 함열읍 석매리 1118-22(가지번),36.0536157290907,126.970439482827,,정상가동,97.2,380,60,2019,,,,,2024-09-27
함열3 태양광발전소,,전북특별자치도 익산시 함열읍 석매리 1118-23(가지번),36.0535977502445,126.970625277666,,정상가동,97.2,380,60,2019,,,,,2024-09-27
함열4 태양광발전소,,전북특별자치도 익산시 함열읍 석매리 1118-24(가지번),36.0536048260464,126.970814614675,,정상가동,97.2,380,60,2019,,,,,2024-09-27
함열5 태양광발전소,,전북특별자치도 익산시 함열읍 석매리 1118-25(가지번),36.0537008521657,126.971002476291,,정상가동,97.2,380,60,2019,,,,,2024-09-27
함열6 태양광발전소,,전북특별자치도 익산시 함열읍 석매리 1118-26(가지번),36.0537245997784,126.971190697658,,정상가동,97.2,380,60,2019,,,,,2024-09-27
함열7 태양광발전소,,전북특별자치도 익산시 함열읍 석매리 1118-27(가지번),36.0537655675483,126.971408434854,,정상가동,97.2,380,60,2019,,,,,2024-09-27
함열8 태양광발전소,,전북특별자치도 익산시 함열읍 석매리 1118-28(가지번),36.053815370767,126.971642372891,,정상가동,97.2,380,60,2019,,,,,2024-09-27
함열9 태양광발전소,,전북특별자치도 익산시 함열읍 석매리 1118-29(가지번),36.0538779681715,126.971864542269,,정상가동,97.2,380,60,2019,,,,,2024-09-27
함열10태양광발전소,,전북특별자치도 익산시 함열읍 석매리 1118-30,36.0539132553933,126.972075401173,,정상가동,97.2,380,60,2019,,,,,2024-09-27
함열11 태양광발전소,,전북특별자치도 익산시 함열읍 석매리 1118-31(가지번),36.0539365548152,126.972281381129,,정상가동,99.0,380,60,2018,,,,,2024-09-27
함열12 태양광발전소,,전북특별자치도 익산시 함열읍 석매리 1118-32(가지번),36.0540003201329,126.972492674407,,정상가동,99.4,380,60,2020,,,,,2024-09-27
함열 태양광발전소,,전북특별자치도 익산시 함열읍 석매리 1118-4(가지번),36.0542037722729,126.970780432018,,정상가동,99.4,380,60,2020,,,,,2024-09-27
철희 태양광발전소,,전북특별자치도 익산시 함열읍 석매리 1119-20(토지)-가지번,36.0530397003584,126.970215733005,,정상가동,99.4,380,60,2020,,,,,2024-09-27
연수 태양광발전소,,전북특별자치도 익산시 함열읍 석매리 1119-23,36.052835499273,126.971019219261,,정상가동,99.4,380,60,2020,,,,,2024-09-27
도현 태양광발전소,,전북특별자치도 익산시 함열읍 석매리 1119-24(토지)-가지번,36.0525797724556,126.9708169908,,정상가동,99.4,380,60,2020,,,,,2024-09-27
기영2호 태양광발전소,,전북특별자치도 익산시 함열읍 석매리 1119-8(토지)-가지번,36.0527728228107,126.970848993733,,정상가동,99.4,380,60,2020,,,,,2024-09-27
옥훈 태양광발전소,,전북특별자치도 익산시 함열읍 석매리 1119번지 10호 (토지),,,,정상가동,99.4,380,60,2020,,,,,2024-09-27
빛나바2호 태양광발전소,,전북특별자치도 익산시 함열읍 석매리 1119번지 18호 (토지),,,,정상가동,99.4,380,60,2020,,,,,2024-09-27
석매1호태양광발전소,,"전북특별자치도 익산시 함열읍 석매리 1121번지 1호 ,1121-11,1121-17",,,,정상가동,99.4,380,60,2020,,,,,2024-09-27
해오름 태양광발전소,,전북특별자치도 익산시 함열읍 석매리 1126-18,36.0513926173207,126.969488537235,,정상가동,99.4,380,60,2020,,,,,2024-09-27
대지4호 태양광발전소,,전북특별자치도 익산시 함열읍 석매리 1126-19,36.051179532044,126.96970414485,,정상가동,99.4,380,60,2020,,,,,2024-09-27
반석2호 태양광발전소,,전북특별자치도 익산시 함열읍 석매리 1126-2,36.0516666375479,126.969321625796,,정상가동,99.4,380,60,2020,,,,,2024-09-27
소망태양광발전소,,전북특별자치도 익산시 함열읍 석매리 1126-20,36.0509530030531,126.969859826772,,정상가동,99.4,380,60,2020,,,,,2024-09-27
나래1호 태양광발전소,,전북특별자치도 익산시 함열읍 석매리 1126-21,36.0507540340274,126.969946245489,,정상가동,99.4,380,60,2020,,,,,2024-09-27
유진1호태양광발전소,,전북특별자치도 익산시 함열읍 석매리 1129-31,36.0499923355967,126.96895548831,,정상가동,99.4,380,60,2020,,,,,2024-09-27
청정태양광발전소,,"전북특별자치도 익산시 함열읍 석매리 1130-1 ,1130-2,1130-3,1130-4,1130-5,1130-6,1130-9,1130-11,1130-16",,,,정상가동,99.4,380,60,2020,,,,,2024-09-27
그린태양광발전소,,전북특별자치도 익산시 함열읍 석매리 1130-17,36.0480505611655,126.970779820688,,정상가동,99.4,380,60,2020,,,,,2024-09-27
해음태양광발전소,,"전북특별자치도 익산시 함열읍 석매리 1131-1 ,1131-2",,,,정상가동,99.36,380,60,2020,,,,,2024-09-27
승리 태양광발전소,,전북특별자치도 익산시 함열읍 석매리 1131-22,36.0489899678597,126.96921246318,,정상가동,99.36,380,60,2020,,,,,2024-09-27
JS3호 태양광발전소,,전북특별자치도 익산시 함열읍 석매리 1131-23,36.0487786055483,126.969116327754,,정상가동,99.36,380,60,2020,,,,,2024-09-27
SKY 태양광발전소,,전북특별자치도 익산시 함열읍 석매리 1131-24,36.0485998735656,126.969043485335,,정상가동,99.36,380,60,2020,,,,,2024-09-27
순자 태양광발전소,,전북특별자치도 익산시 함열읍 석매리 1131-25,36.0484487232808,126.968986946086,,정상가동,99.36,380,60,2020,,,,,2024-09-27
은3호 태양광발전소,,전북특별자치도 익산시 함열읍 석매리 1131-26,36.0483218788261,126.968825413135,,정상가동,29.75,380,60,2020,,,,,2024-09-27
창환1태양광발전소,,전북특별자치도 익산시 함열읍 석매리 1133번지 4호,,,,정상가동,99.36,380,60,2020,,,,,2024-09-27
서진 태양광발전소,,전북특별자치도 익산시 함열읍 석매리 1246-10,36.0468305513538,126.96498792944,,정상가동,99.0,380,60,2022,,,,,2024-09-27
청암 태양광발전소,,전북특별자치도 익산시 함열읍 석매리 1246-11번지,36.0466120683655,126.964900245169,,정상가동,99.0,380,60,2022,,,,,2024-09-27
도현1호 태양광발전소,,전북특별자치도 익산시 함열읍 석매리 1246-12번지,36.0464774063809,126.964836383608,,정상가동,99.9,380,60,2018,,,,,2024-09-27
다연3호 태양광발전소,,전북특별자치도 익산시 함열읍 석매리 1246-13번지,36.0463728002019,126.964925986462,,정상가동,43.2,380,60,2018,,,,,2024-09-27
행복태양광3호발전소,,전북특별자치도 익산시 함열읍 석매리 1246-14,36.046216514931,126.964883108778,,정상가동,99.0,380,60,2020,,,,,2024-09-27
원광 태양광발전소,,전북특별자치도 익산시 함열읍 석매리 1246-9번지,36.0470382694791,126.964937898567,,정상가동,99.0,380,60,2020,,,,,2024-09-27
태진태양광발전소,,전북특별자치도 익산시 함열읍 석매리 1247-1 건물상부,36.045768344688,126.965226105093,,정상가동,99.0,380,60,2020,,,,,2024-09-27
석매1호 태양광발전소,,전북특별자치도 익산시 함열읍 석매리 124번지 15호 144-4 토지,36.0430467402338,126.97103168444,,정상가동,99.0,380,60,2020,,,,,2024-09-27
정현태양광발전소,,전북특별자치도 익산시 함열읍 석매리 1731-11,,,,정상가동,99.0,380,60,2020,,,,,2024-09-27
(유)다산태양광발전소,,"전북특별자치도 익산시 함열읍 석매리 237번지 16호 , 237-17(건물상부 주1~주10)",36.0526304743332,126.96315480442,,정상가동,19.8,380,60,2024,,,,,2024-09-27
대건태양광발전소,,"전북특별자치도 익산시 함열읍 석매리 26-9 ,26-3,1017-6건물상부(주1,주2,주3)",,,,정상가동,99.0,380,60,2018,,,,,2024-09-27
그린1호태양광발전소,,"전북특별자치도 익산시 함열읍 석매리 751번지 ,1201-3",,,,정상가동,99.0,380,60,2018,,,,,2024-09-27
석매2호태양광,,"전북특별자치도 익산시 함열읍 석매리 79-17 ,84-4,84-6,1121-8,1121-21",,,,정상가동,99.0,380,60,2018,,,,,2024-09-27
소원태양광발전소,,전북특별자치도 익산시 함열읍 석매리 944번지 건물상부,36.0619906151612,126.955989957408,,정상가동,50.0,380,60,2020,,,,,2024-09-27
축복태양광발전소,,"전북특별자치도 익산시 함열읍 와리 1012번지 1호 , 1012-3,17(토지)",,,,정상가동,84.15,380,60,2019,,,,,2024-09-27
최은희3호태양광발전소,전북특별자치도 익산시 함열읍 와리3길 11-64,,36.0829286821608,126.957879495956,,정상가동,49.5,380,60,2018,,,,,2024-09-27
덕송1호발전소,"전북특별자치도 익산시 함열읍 와리5길 5, (와리 296-28)건물상부(47kW), 토지(30kW)",,36.0843624915208,126.966323613538,,정상가동,39.36,380,60,2019,,,,,2024-09-27
꿈꾸소4호 발전소,전북특별자치도 익산시 함열읍 와리들길 125-37,,36.0838830265736,126.950447167147,,정상가동,99.36,380,60,2020,,,,,2024-09-27
꿈꾸소3호 발전소,전북특별자치도 익산시 함열읍 와리들길 125-37,,36.0838830265736,126.950447167147,,정상가동,99.4,380,60,2019,,,,,2024-09-27
꿈꾸소2호 발전소,전북특별자치도 익산시 함열읍 와리들길 125-37,,36.0838830265736,126.950447167147,,정상가동,99.4,380,60,2019,,,,,2024-09-27
꿈꾸소1호 발전소,전북특별자치도 익산시 함열읍 와리들길 125-37,,36.0838830265736,126.950447167147,,정상가동,99.0,380,60,2019,,,,,2024-09-27
우리 발전소,전북특별자치도 익산시 함열읍 와리들길 125-37,,36.0838830265736,126.950447167147,,정상가동,99.0,380,60,2019,,,,,2024-09-27
정초원 태양광발전소,전북특별자치도 익산시 함열읍 와리중촌길 17-13,,36.068787639197,126.962319056293,,정상가동,99.0,380,60,2018,,,,,2024-09-27
정현태양광발전소,전북특별자치도 익산시 함열읍 와리중촌길 26-5,,36.0706571957718,126.963382181046,,정상가동,99.0,380,60,2018,,,,,2024-09-27
선오 태양광발전소,전북특별자치도 익산시 함열읍 용지1길 51,,36.0498157133032,126.952502221708,,정상가동,99.0,380,60,2018,,,,,2024-09-27
익산도정태양광발전소,"전북특별자치도 익산시 함열읍 익산대로 1666-47, 건물상부(부5)",,36.0658507304237,126.96856663598,,정상가동,99.0,380,60,2018,,,,,2024-09-27
서광태양광발전소,"전북특별자치도 익산시 함열읍 익산대로 1676-26, (주)서광상사 주1",,36.0695086377507,126.96696967878,,정상가동,16.2,220+380,60,2018,,,,,2024-09-27
한국농어촌공사 익산지사 태양광발전소,전북특별자치도 익산시 함열읍 익산대로 1794,,36.0777338856907,126.967850279195,,정상가동,99.4,220+380,60,2020,,,,,2024-09-27
신한전력1호 태양광발전소,전북특별자치도 익산시 함열읍 함낭로 472,,36.0735716045517,126.959563551195,,정상가동,97.92,380,60,2018,,,,,2024-09-27
북익산농업협동조합(북익산농협본점 태양광발전소),전북특별자치도 익산시 함열읍 함열5길 46 - 건물상부,,36.0777583352302,126.962947027229,,정상가동,97.92,380,60,2018,,,,,2024-09-27
신오산태양광발전소,"전북특별자치도 익산시 함열읍 함열중앙로 60, 원불교함열교당 (주1)",,36.077754325045,126.963683969712,,정상가동,97.92,380,60,2018,,,,,2024-09-27
둥근햇빛발전협동조합(함열햇빛발전소),"전북특별자치도 익산시 함열읍 함열중앙로 60, 원불교함열교당 (주1)",,36.077754325045,126.963683969712,,정상가동,99.36,380,60,2020,,,,,2024-09-27
진등발전소,전북특별자치도 익산시 함열읍 흘산로 581,,36.0674760097281,126.984173822057,,정상가동,99.36,380,60,2020,,,,,2024-09-27
다온1호 태양광발전소,,전북특별자치도 익산시 함열읍 흘산리 509-6,36.0662192403871,126.976419455517,,정상가동,99.36,380,60,2020,,,,,2024-09-27
전북태양광발전소,,전북특별자치도 익산시 함열읍 흘산리 509-6,36.0662192403871,126.976419455517,,정상가동,99.36,380,60,2020,,,,,2024-09-27
임마누엘태양광발전소,,전북특별자치도 익산시 함열읍 흘산리 521번지,36.0693571366706,126.976965892915,,정상가동,99.36,380,60,2020,,,,,2024-09-27
선리치2호 태양광발전소,전북특별자치도 익산시 현영길 182-23 (현영동),,35.9762277234607,126.935869473812,,정상가동,99.36,380,60,2020,,,,,2024-09-27
선리치1호 태양광발전소,,전북특별자치도 익산시 현영동 472번지 24호 (건물상부),35.9760585796528,126.936242264434,,정상가동,99.36,380,60,2020,,,,,2024-09-27
봉태양광발전소,전북특별자치도 익산시 황등면 구자길 1,,36.043514183291,126.932297636307,,정상가동,99.36,380,60,2020,,,,,2024-09-27
쉐바태양광발전소,,"전북특별자치도 익산시 황등면 구자리 14번지 ,15-41",,,,정상가동,99.36,380,60,2020,,,,,2024-09-27
(유)문무2태양광발전소(법인등록번호:214914-0042015),,전북특별자치도 익산시 황등면 구자리 74번지 17호,,,,정상가동,99.36,380,60,2020,,,,,2024-09-27
(유)태양찬(태양찬2태양광발전소),,"전북특별자치도 익산시 황등면 구자리 7번지 72호 , 10-6, 12-3, 12-11, 17-16, 17-22",36.0448428328872,126.929586778931,,정상가동,99.36,380,60,2020,,,,,2024-09-27
SC에너지태양광발전소,,"전북특별자치도 익산시 황등면 구자리 8번지 7호 , 11-3, 12, 12-17, 15-3, 17-54",,,,정상가동,99.36,380,60,2020,,,,,2024-09-27
구자제2호 태양광발전소,,"전북특별자치도 익산시 황등면 구자리 100-1, 72-9, 72-40",,,,정상가동,99.36,380,60,2020,,,,,2024-09-27
샘물3 태양광발전소,,"전북특별자치도 익산시 황등면 구자리 10-19, 10-22, 10-25, 10-27",,,,정상가동,99.36,380,60,2020,,,,,2024-09-27
영순 태양광발전소,,"전북특별자치도 익산시 황등면 구자리 10-20, 10-23, 10-26, 10-28",,,,정상가동,99.36,380,60,2020,,,,,2024-09-27
성한3 태양광발전소,,"전북특별자치도 익산시 황등면 구자리 10-4, 10-18, 10-21, 10-24",,,,정상가동,99.36,380,60,2020,,,,,2024-09-27
LK 태양광발전소,,"전북특별자치도 익산시 황등면 구자리 12-12, 15-43 (가지번)",,,,정상가동,99.36,380,60,2020,,,,,2024-09-27
성욱 태양광발전소,,"전북특별자치도 익산시 황등면 구자리 12-13, 12-18, 17-55 (가지번)",,,,정상가동,99.36,380,60,2020,,,,,2024-09-27
호남비 태양광발전소,,"전북특별자치도 익산시 황등면 구자리 12-20, 17-52 (가지번)",,,,정상가동,99.18,380,60,2022,,,,,2024-09-27
구자1 태양광발전소,,"전북특별자치도 익산시 황등면 구자리 12-7, 12-15, 17-51 (가지번)",,,,정상가동,99.18,380,60,2022,,,,,2024-09-27
하늘빛2태양광발전소,,전북특별자치도 익산시 황등면 구자리 14 (가지번),36.040805008146,126.93041563228,,정상가동,374.14,380,60,2022,,,,,2024-09-27
해뜨니 태양광발전소,,전북특별자치도 익산시 황등면 구자리 14-11,36.0407548527626,126.93238100396,,정상가동,97.28,380,60,2019,,,,,2024-09-27
푸른빛4 태양광발전소,,전북특별자치도 익산시 황등면 구자리 14-12,36.0405257442544,126.932192224448,,정상가동,99.4,380,60,2019,,,,,2024-09-27
푸른빛3 태양광발전소,,전북특별자치도 익산시 황등면 구자리 14-13,36.0405661962262,126.931692730772,,정상가동,99.4,380,60,2019,,,,,2024-09-27
푸른빛5 태양광발전소,,전북특별자치도 익산시 황등면 구자리 14-14,36.0404538983427,126.931684061439,,정상가동,99.62,380,60,2020,,,,,2024-09-27
해돋이 태양광발전소,,전북특별자치도 익산시 황등면 구자리 14-7,36.0407209188851,126.931660971707,,정상가동,99.62,380,60,2020,,,,,2024-09-27
해난디3 태양광발전소,,전북특별자치도 익산시 황등면 구자리 14-8,36.0408210642449,126.930595716921,,정상가동,99.62,380,60,2020,,,,,2024-09-27
해비치3 태양광발전소,,전북특별자치도 익산시 황등면 구자리 14-9,36.0408794414643,126.93071295746,,정상가동,99.36,380,60,2022,,,,,2024-09-27
황등1 태양광발전소,,"전북특별자치도 익산시 황등면 구자리 14-9, 15-42, 17-15 (가지번) (본지번 14, 15-2, 17-15)",,,,정상가동,99.36,380,60,2022,,,,,2024-09-27
구자큐에너지,,"전북특별자치도 익산시 황등면 구자리 149-3, 149-5",,,,정상가동,99.4,380,60,2019,,,,,2024-09-27
구자피에너지,,"전북특별자치도 익산시 황등면 구자리 149-6, 149-13",,,,정상가동,99.4,380,60,2019,,,,,2024-09-27
쉐키나 태양광발전소,,"전북특별자치도 익산시 황등면 구자리 15-13 ,15-14,15-15,15-18,15-19,15-37,15-39,16-2,16-7,16-20",,,,정상가동,99.4,380,60,2019,,,,,2024-09-27
황등2 태양광발전소,,"전북특별자치도 익산시 황등면 구자리 15-2, 17-56 (가지번)",,,,정상가동,98.8,380,60,2019,,,,,2024-09-27
안동권씨추밀공파광숙공함라대종회(광숙공2호에너지),,"전북특별자치도 익산시 황등면 구자리 153, 155, 587-20 번지 (가지번)",,,,정상가동,98.8,380,60,2019,,,,,2024-09-27
구자태양광발전소,,전북특별자치도 익산시 황등면 구자리 153-1,36.0443637103795,126.927569076859,,정상가동,99.19,380,60,2021,,,,,2024-09-27
광숙공1호에너지,,"전북특별자치도 익산시 황등면 구자리 153-10, 587-21 번지 (가지번)",,,,정상가동,99.19,380,60,2021,,,,,2024-09-27
상엽원에너지,,"전북특별자치도 익산시 황등면 구자리 153-12, 153-13 번지 (가지번)",,,,정상가동,99.19,380,60,2021,,,,,2024-09-27
소현에너지,,전북특별자치도 익산시 황등면 구자리 153-14번지 (가지번),36.0443739735243,126.928451624343,,정상가동,99.4,380,60,2020,,,,,2024-09-27
연경원에너지,,전북특별자치도 익산시 황등면 구자리 153-15번지 (가지번),36.0441804012201,126.928018678508,,정상가동,99.4,380,60,2019,,,,,2024-09-27
선정원에너지,,전북특별자치도 익산시 황등면 구자리 153-16번지 (가지번),36.0444940481199,126.928051906478,,정상가동,99.4,380,60,2019,,,,,2024-09-27
구자원에너지,,전북특별자치도 익산시 황등면 구자리 153-17번지 (가지번),36.0448163830091,126.927695836369,,정상가동,99.4,380,60,2020,,,,,2024-09-27
오산 태양광발전소,,"전북특별자치도 익산시 황등면 구자리 155-2, 155-8",,,,정상가동,99.4,380,60,2019,,,,,2024-09-27
하명1호 태양광발전소,,전북특별자치도 익산시 황등면 구자리 155-3,,,,정상가동,99.4,380,60,2019,,,,,2024-09-27
재훈 태양광발전소,,"전북특별자치도 익산시 황등면 구자리 155-4, 155-6",,,,정상가동,99.4,380,60,2019,,,,,2024-09-27
성모3호태양광발전소,,"전북특별자치도 익산시 황등면 구자리 210-16 ,210-17,189-3",,,,정상가동,99.4,380,60,2020,,,,,2024-09-27
구자제일교회태양광발전소,,"전북특별자치도 익산시 황등면 구자리 312번지 ,314-1",,,,정상가동,99.9,380,60,2020,,,,,2024-09-27
히코솔라 태양광발전소,,전북특별자치도 익산시 황등면 구자리 33-1,36.0369495158715,126.926276511391,,정상가동,99.9,380,60,2020,,,,,2024-09-27
뉴 광명 태양광발전소,,"전북특별자치도 익산시 황등면 구자리 587-1(가지번), 193-28",,,,정상가동,99.9,380,60,2020,,,,,2024-09-27
구자 태양광발전소,,"전북특별자치도 익산시 황등면 구자리 587-14, 193-41 (가지번)",,,,정상가동,99.9,380,60,2020,,,,,2024-09-27
영진 태양광발전소,,"전북특별자치도 익산시 황등면 구자리 587-15, 587-16, 193-40 (가지번)",,,,정상가동,99.9,380,60,2020,,,,,2024-09-27
천광2호 태양광발전소,,"전북특별자치도 익산시 황등면 구자리 587-17, 193-32 (가지번)",,,,정상가동,99.9,380,60,2020,,,,,2024-09-27
경선 태양광발전소,,전북특별자치도 익산시 황등면 구자리 587-18(가지번),36.0456203939886,126.92864281335,,정상가동,99.9,380,60,2020,,,,,2024-09-27
민영 태양광,,"전북특별자치도 익산시 황등면 구자리 587-19, 155-4, 153-18",,,,정상가동,99.9,380,60,2020,,,,,2024-09-27
영옥태양광발전소,,"전북특별자치도 익산시 황등면 구자리 69-5 ,69-4",,,,정상가동,99.9,380,60,2020,,,,,2024-09-27
구자 태양광발전소,,전북특별자치도 익산시 황등면 구자리 72-41,36.0383101325202,126.926330058982,,정상가동,99.9,380,60,2020,,,,,2024-09-27
우성 태양광발전소,,전북특별자치도 익산시 황등면 구자리 74-2,36.0412266839692,126.928260279165,,정상가동,99.9,380,60,2020,,,,,2024-09-27
성한1 태양광발전소,,전북특별자치도 익산시 황등면 구자리 74-24,36.0395120925496,126.926171591451,,정상가동,99.9,380,60,2020,,,,,2024-09-27
성한2 태양광발전소,,전북특별자치도 익산시 황등면 구자리 74-35,36.0390938341248,126.926614174034,,정상가동,99.9,380,60,2020,,,,,2024-09-27
에스에이치태양광발전소,,"전북특별자치도 익산시 황등면 구자리 78-3 ,147-22",,,,정상가동,68.4,380,60,2020,,,,,2024-09-27
영자 태양광발전소,,"전북특별자치도 익산시 황등면 구자리 8-10, 8-16",,,,정상가동,99.9,380,60,2020,,,,,2024-09-27
하나 태양광발전소,,"전북특별자치도 익산시 황등면 구자리 8-11, 8-18, 8-21",,,,정상가동,99.9,380,60,2020,,,,,2024-09-27
햇볕3 태양광발전소,,"전북특별자치도 익산시 황등면 구자리 8-17, 8-20",,,,정상가동,99.9,380,60,2020,,,,,2024-09-27
KJ솔라 태양광발전소,,"전북특별자치도 익산시 황등면 구자리 8-7, 11-3, 12, 12-17, 15-3, 17-54",,,,정상가동,50.0,380,60,2021,,,,,2024-09-27
라미 태양광발전소,,"전북특별자치도 익산시 황등면 구자리 8-8, 8-12, 8-19, 10-29",,,,정상가동,99.36,380,60,2021,,,,,2024-09-27
트윈솔라코리아주식회사,"전북특별자치도 익산시 황등면 도선길 121-32, (유)엔에스이엔지",,35.9978970942179,126.952692190041,,정상가동,99.36,380,60,2021,,,,,2024-09-27
동연세종1호태양광발전소,"전북특별자치도 익산시 황등면 동연길 188-34, , 882-5 건물상부",,,,,정상가동,99.36,380,60,2021,,,,,2024-09-27
(유)반석1호태양광발전소,"전북특별자치도 익산시 황등면 동연길 188-46, 건물상부",,36.0144976649779,126.930872830637,,정상가동,99.36,380,60,2021,,,,,2024-09-27
이레태양광발전소,"전북특별자치도 익산시 황등면 동연길 188-48, 건물상부",,36.0141721396493,126.930871894658,,정상가동,99.36,380,60,2021,,,,,2024-09-27
문희1호태양광발전소,"전북특별자치도 익산시 황등면 동연길 188-52, , 276-6 건물상부",,,,,정상가동,99.36,380,60,2021,,,,,2024-09-27
ES1태양광발전소,전북특별자치도 익산시 황등면 동연길 39-40,,36.0034811133088,126.929056355438,,정상가동,99.36,380,60,2020,,,,,2024-09-27
ES2태양광발전소,전북특별자치도 익산시 황등면 동연길 39-42,,36.00366974161,126.929056741042,,정상가동,97.2,380,60,2022,,,,,2024-09-27
영흥태양광발전소,전북특별자치도 익산시 황등면 동연길 39-44,,36.0038544741343,126.92902252473,,정상가동,97.2,380,60,2022,,,,,2024-09-27
태흥태양광발전소,전북특별자치도 익산시 황등면 동연길 39-48,,36.0040424006222,126.928903122652,,정상가동,97.2,380,60,2022,,,,,2024-09-27
한미태양광발전소,전북특별자치도 익산시 황등면 동연길 39-50,,36.0044141113976,126.928974551316,,정상가동,97.2,380,60,2022,,,,,2024-09-27
유정태양광발전소,전북특별자치도 익산시 황등면 동연길 39-50,,36.0044141113976,126.928974551316,,정상가동,97.2,380,60,2022,,,,,2024-09-27
한성 태양광발전소,전북특별자치도 익산시 황등면 동연길 39-52,,36.0042278058386,126.92878760431,,정상가동,97.2,380,60,2022,,,,,2024-09-27
솔라테크태양광발전소,전북특별자치도 익산시 황등면 동연길 39-58,,36.0038489052562,126.92844732579,,정상가동,97.2,380,60,2022,,,,,2024-09-27
보원태양광발전소,전북특별자치도 익산시 황등면 동연길 39-60,,36.0036679124869,126.92840511997,,정상가동,97.2,380,60,2022,,,,,2024-09-27
그린태양광발전소,전북특별자치도 익산시 황등면 동연길 39-62,,36.003480996461,126.928404623456,,정상가동,97.2,380,60,2022,,,,,2024-09-27
동연태양광발전소,,"전북특별자치도 익산시 황등면 동연리 632번지 6호 , 714-1",36.0016745607301,126.931642216546,,정상가동,97.2,380,60,2022,,,,,2024-09-27
(유)태광에너지(동연1호태양광발전소),,"전북특별자치도 익산시 황등면 동연리 114 ,115",,,,정상가동,99.45,380,60,2019,,,,,2024-09-27
양지동연 태양광발전소,,전북특별자치도 익산시 황등면 동연리 116,36.0045482771611,126.934138113214,,정상가동,99.45,380,60,2019,,,,,2024-09-27
유한회사 라임(라임태양광3호),,전북특별자치도 익산시 황등면 동연리 273,36.0148417731728,126.931849270212,,정상가동,99.4,380,60,2019,,,,,2024-09-27
힐탑태양광,,전북특별자치도 익산시 황등면 동연리 273,36.0148417731728,126.931849270212,,정상가동,99.0,380,60,2019,,,,,2024-09-27
수 태양광발전소,,전북특별자치도 익산시 황등면 동연리 281 토지,36.0124773513924,126.929287675219,,정상가동,99.0,380,60,2019,,,,,2024-09-27
금화동연태양광,,전북특별자치도 익산시 황등면 동연리 583번지 (토지),36.0050725578304,126.934035079458,,정상가동,99.0,380,60,2019,,,,,2024-09-27
상아태양광,,"전북특별자치도 익산시 황등면 동연리 583번지 1호 , 584번지(토지)",36.0050725578304,126.934035079458,,정상가동,99.0,380,60,2019,,,,,2024-09-27
강남방배5 태양광발전소,,전북특별자치도 익산시 황등면 동연리 784-2,36.012002807033,126.927848720953,,정상가동,99.0,380,60,2019,,,,,2024-09-27
썬스타2호 태양광발전소,,전북특별자치도 익산시 황등면 동연리 784-3,36.0117800792087,126.927942989059,,정상가동,99.0,380,60,2019,,,,,2024-09-27
썬스타3호 태양광발전소,,전북특별자치도 익산시 황등면 동연리 784-4,36.0114772867723,126.928128953821,,정상가동,99.0,380,60,2019,,,,,2024-09-27
아라 태양광발전소,,전북특별자치도 익산시 황등면 동연리 784-7,36.0118139216698,126.927421828317,,정상가동,99.0,380,60,2019,,,,,2024-09-27
해오니 태양광발전소,,전북특별자치도 익산시 황등면 동연리 784-8,36.0113843242211,126.927753112325,,정상가동,99.0,380,60,2019,,,,,2024-09-27
엘림 태양광발전소,,전북특별자치도 익산시 황등면 동연리 784-9,36.0111262879479,126.92803032738,,정상가동,99.0,380,60,2019,,,,,2024-09-27
황씨내태양광발전소,,"전북특별자치도 익산시 황등면 동연리 882-1, 882-2",,,,정상가동,99.0,380,60,2019,,,,,2024-09-27
앙불태양광발전소,,"전북특별자치도 익산시 황등면 동연리 882-3, 882-4",,,,정상가동,99.0,380,60,2019,,,,,2024-09-27
문희2호태양광발전소,,전북특별자치도 익산시 황등면 동연리 882번지 21호 (토지),36.0114071304742,126.940387155906,,정상가동,99.0,380,60,2019,,,,,2024-09-27
문희2호 태양광발전소,,전북특별자치도 익산시 황등면 동연리 882번지 21호 (토지),36.0114071304742,126.940387155906,,정상가동,99.0,380,60,2019,,,,,2024-09-27
신영 태양광발전소,,"전북특별자치도 익산시 황등면 동연리 888-25, 784-1",,,,정상가동,99.0,380,60,2019,,,,,2024-09-27
푸른솔 태양광발전소,,"전북특별자치도 익산시 황등면 동연리 888-27, 784-6",,,,정상가동,99.0,380,60,2019,,,,,2024-09-27
선익 태양광발전소,,"전북특별자치도 익산시 황등면 동연리 888-5, 784",,,,정상가동,99.0,380,60,2020,,,,,2024-09-27
주승에너지2호 태양광발전소,전북특별자치도 익산시 황등면 삼거길 19,,35.9993653739601,126.929078563533,,정상가동,99.0,380,60,2020,,,,,2024-09-27
죽촌4호태양광발전소,"전북특별자치도 익산시 황등면 서부로 758-109, 건물상부(주1,주2)",,36.0251461146736,126.934493637481,,정상가동,69.3,380,60,2020,,,,,2024-09-27
죽촌15호태양광발전소,"전북특별자치도 익산시 황등면 서부로 758-111, 건물상부(주1)",,36.0249770982721,126.934758601591,,정상가동,99.0,380,60,2020,,,,,2024-09-27
죽촌1호태양광발전소,"전북특별자치도 익산시 황등면 서부로 758-117, 건물상부(주1,주2)",,36.0251502592147,126.933998488259,,정상가동,99.0,380,60,2020,,,,,2024-09-27
죽촌14호태양광발전소,"전북특별자치도 익산시 황등면 서부로 758-119, 건물상부(주1)",,36.024798161073,126.933694129377,,정상가동,99.0,380,60,2020,,,,,2024-09-27
죽촌5호태양광발전소,"전북특별자치도 익산시 황등면 서부로 758-27, 건물상부(주1,주2)",,36.0251379684681,126.933610303383,,정상가동,69.3,380,60,2020,,,,,2024-09-27
죽촌8호태양광발전소,"전북특별자치도 익산시 황등면 서부로 758-33, 건물상부(주1,주2)",,36.0253051114928,126.933546924609,,정상가동,99.0,380,60,2020,,,,,2024-09-27
죽촌9호태양광발전소,"전북특별자치도 익산시 황등면 서부로 758-35, 건물상부(주1,주2)",,36.025478423884,126.933883719245,,정상가동,99.0,380,60,2020,,,,,2024-09-27
죽촌12호태양광발전소,"전북특별자치도 익산시 황등면 서부로 758-37, 건물상부(주1,2)",,36.025477897435,126.934237523508,,정상가동,99.0,380,60,2020,,,,,2024-09-27
죽촌10호태양광발전소,"전북특별자치도 익산시 황등면 서부로 758-39, , 367 건물상부(주1,2)",,,,,정상가동,99.0,380,60,2020,,,,,2024-09-27
죽촌11호태양광발전소,"전북특별자치도 익산시 황등면 서부로 758-43, 건물상부(주1,주2)",,36.0254780981311,126.934935922551,,정상가동,99.0,380,60,2020,,,,,2024-09-27
죽촌2호태양광발전소,"전북특별자치도 익산시 황등면 서부로 758-59, 건물상부(주1,주2)",,36.0242430535889,126.934276381337,,정상가동,99.0,380,60,2020,,,,,2024-09-27
죽촌7호태양광발전소,"전북특별자치도 익산시 황등면 서부로 758-65, 건물상부(주1,주2)",,36.0245785696609,126.93425480148,,정상가동,99.4,380,60,2019,,,,,2024-09-27
죽촌6호태양광발전소,"전북특별자치도 익산시 황등면 서부로 758-67, 건물상부(주1,주2,주3)",,36.0245814955135,126.934002956597,,정상가동,99.4,380,60,2019,,,,,2024-09-27
죽촌13호태양광발전소,"전북특별자치도 익산시 황등면 서부로 758-79, 건물상부(주1,주2)",,36.0247507826297,126.934232802431,,정상가동,99.36,380,60,2020,,,,,2024-09-27
죽촌3호태양광발전소,"전북특별자치도 익산시 황등면 서부로 758-85, 건물상부(주1,주2)",,36.0245759818655,126.934631679733,,정상가동,99.2,380,60,2018,,,,,2024-09-27
한남전설 태양광발전소,전북특별자치도 익산시 황등면 석재길 12,,35.9991576229526,126.951273475848,,정상가동,99.0,380,60,2020,,,,,2024-09-27
성안태양광발전소,"전북특별자치도 익산시 황등면 성내길 69, (용산리 297-71)건물상부(주1,2,3)",,36.0517646684557,126.941051930479,,정상가동,99.0,380,60,2020,,,,,2024-09-27
(주)죽촌태양광발전소,"전북특별자치도 익산시 황등면 시와로 125-16, ,524-2,525,529-2,535-1,1040-4,1040-7,1040-8,1040-10,535,1040",,,,,정상가동,99.0,380,60,2020,,,,,2024-09-27
신기3호 태양광발전소,,"전북특별자치도 익산시 황등면 신기리 113-2 건물상부(주1,주2)",35.9956926982395,126.936029945812,,정상가동,99.0,380,60,2020,,,,,2024-09-27
유한회사 청산태양광에너지(청산6호태양광발전소),,전북특별자치도 익산시 황등면 신기리 273번지 4호,,,,정상가동,99.0,380,60,2020,,,,,2024-09-27
신기2호태양광발전소,,"전북특별자치도 익산시 황등면 신기리 56-1 ,건물상부(주1,주2),56-5건물상부(주1)",,,,정상가동,99.0,380,60,2020,,,,,2024-09-27
신성리태양광발전소1호,,전북특별자치도 익산시 황등면 신성리 128번지,36.0357077396563,126.929312963361,,정상가동,99.0,380,60,2020,,,,,2024-09-27
에이치태양광발전소,,"전북특별자치도 익산시 황등면 신성리 106-2, 106-14, 107",,,,정상가동,99.0,380,60,2020,,,,,2024-09-27
한빛솔라 태양광발전소,,"전북특별자치도 익산시 황등면 신성리 106-3, 557-1",,,,정상가동,148.5,380,60,2018,,,,,2024-09-27
평림 태양광발전소,,"전북특별자치도 익산시 황등면 신성리 106-5, 557-7",,,,정상가동,495.0,380,60,2019,,,,,2024-09-27
정현 태양광발전소,,"전북특별자치도 익산시 황등면 신성리 106-6, 107-14",,,,정상가동,298.08,380,60,2021,,,,,2024-09-27
한빛태양광발전소,,"전북특별자치도 익산시 황등면 신성리 106-8, 106-10, 106-15, 107-2",,,,정상가동,198.72,380,60,2021,,,,,2024-09-27
샤마임 태양광발전소,,"전북특별자치도 익산시 황등면 신성리 106-9, 106-11, 106-16, 107-3, 107-17",,,,정상가동,163.2,380,60,2018,,,,,2024-09-27
KG 태양광발전소,,"전북특별자치도 익산시 황등면 신성리 107-11, 107-20, 111-13, 111-14, 111-16, 111-25",,,,정상가동,207.67,380,60,2018,,,,,2024-09-27
가온 태양광발전소,,"전북특별자치도 익산시 황등면 신성리 107-12, 111-21, 111-23, 111-26, 111-28",,,,정상가동,751.11,22900,60,2020,,,,,2024-09-27
황등남현3 태양광발전소,,"전북특별자치도 익산시 황등면 신성리 107-4, 108, 108-1",,,,정상가동,500.0,380,60,2020,,,,,2024-09-27
담터1태양광발전소,,"전북특별자치도 익산시 황등면 신성리 107-5, 107-6, 108-2",,,,정상가동,500.0,380,60,2020,,,,,2024-09-27
소담태양광발전소,,"전북특별자치도 익산시 황등면 신성리 107-7, 108-3, 109, 111-31",,,,정상가동,300.0,380,60,2020,,,,,2024-09-27
동동4호 태양광발전소,,"전북특별자치도 익산시 황등면 신성리 107-8, 108-4, 109-1, 111-22, 111-24, 111-27, 111-29",,,,정상가동,990.0,22900,60,2020,,,,,2024-09-27
윤영 태양광발전소,,"전북특별자치도 익산시 황등면 신성리 107-9, 107-10, 107-15, 107-19, 111-15",,,,정상가동,249.75,380,60,2019,,,,,2024-09-27
김석산 발전소,,전북특별자치도 익산시 황등면 신성리 448-1,36.0268232246986,126.921871922607,,정상가동,249.75,380,60,2019,,,,,2024-09-27
무지개4호 태양광발전소,,전북특별자치도 익산시 황등면 신성리 452-12,36.0268959574443,126.922432688121,,정상가동,249.75,380,60,2019,,,,,2024-09-27
최순례 태양광발전소,,전북특별자치도 익산시 황등면 신성리 452-14,36.0268111893438,126.922073636006,,정상가동,300.0,380,60,2019,,,,,2024-09-27
유진 태양광발전소,,전북특별자치도 익산시 황등면 신성리 452-4,36.0272735165054,126.922206983487,,정상가동,625.68,22900,60,2020,,,,,2024-09-27
다온 태양광발전소,,전북특별자치도 익산시 황등면 신성리 565-1,36.0341719673761,126.928118438351,,정상가동,495.0,380,60,2019,,,,,2024-09-27
재희 태양광발전소,,전북특별자치도 익산시 황등면 신성리 565-1,36.0341719673761,126.928118438351,,정상가동,299.52,380,60,2021,,,,,2024-09-27
오 태양광발전소,,전북특별자치도 익산시 황등면 신성리 565-1,36.0341719673761,126.928118438351,,정상가동,297.0,380,60,2018,,,,,2024-09-27
율촌4태양광발전소,전북특별자치도 익산시 황등면 신평1길 60-15,,36.0193520221272,126.959889354799,,정상가동,396.0,380,60,2020,,,,,2024-09-27
율촌3태양광발전소,전북특별자치도 익산시 황등면 신평1길 60-5,,36.0189026273566,126.959232953139,,정상가동,198.0,380,60,2020,,,,,2024-09-27
율촌1호태양광발전소,"전북특별자치도 익산시 황등면 신평1길 60-6, 버섯재배사",,36.0187935905038,126.959534754436,,정상가동,495.0,380,60,2019,,,,,2024-09-27
죽촌 태양광발전소,"전북특별자치도 익산시 황등면 용산로 109-47, ,1063-1,1063-3,1063-12)건물상부(주1,주2,주3,주4,주5)",,,,,정상가동,299.2,380,60,2018,,,,,2024-09-27
용산2 태양광발전소,"전북특별자치도 익산시 황등면 용산로 109-47, 축사",,36.0335882362159,126.936916704886,,정상가동,499.0,380,60,2018,,,,,2024-09-27
용산1 태양광발전소,"전북특별자치도 익산시 황등면 용산로 109-47, 축사",,36.0335882362159,126.936916704886,,정상가동,490.1,380,60,2021,,,,,2024-09-27
황등1 태양광발전소,"전북특별자치도 익산시 황등면 용산로 109-47, 축사",,36.0335882362159,126.936916704886,,정상가동,490.15,380,60,2020,,,,,2024-09-27
황등2 태양광발전소,"전북특별자치도 익산시 황등면 용산로 109-47, 축사, 68-2, 1063-1, 1063-3, 1063-12 건물상부(주5)",,36.0335882362159,126.936916704886,,정상가동,470.34,380,60,2020,,,,,2024-09-27
하나 태양광발전소,"전북특별자치도 익산시 황등면 용산로 109-48, ,69-27,1062-8,1062-9,1062-10,1062-11, 1062-12,1062-13,1062-1",,,,,정상가동,292.45,380,60,2020,,,,,2024-09-27
이데아태양광발전소,전북특별자치도 익산시 황등면 용산로 239,,36.0427657581768,126.934982513805,,정상가동,494.46,380,60,2019,,,,,2024-09-27
(유)대림 태양광발전소,,전북특별자치도 익산시 황등면 용산리 1070번지 건물상부,36.0467928265837,126.933713866119,,정상가동,298.08,380,60,2019,,,,,2024-09-27
(유)대림(대림4호태양광발전소),,"전북특별자치도 익산시 황등면 용산리 1073번지 건물상부(주1,주2,주3,주4,주5)",36.0471095575474,126.932173927748,,정상가동,299.0,380,60,2018,,,,,2024-09-27
화산발전,,"전북특별자치도 익산시 황등면 용산리 413번지 20호 , 427-1, 427-3",36.0435359018547,126.940629275225,,정상가동,199.0,380,60,2018,,,,,2024-09-27
용성태양광발전소,,전북특별자치도 익산시 황등면 용산리 1266-9,36.0599135552151,126.949350489985,,정상가동,299.0,380,60,2020,,,,,2024-09-27
석천에너지태양광발전소,,"전북특별자치도 익산시 황등면 용산리 296번지 , 297-14,55,66번지",,,,정상가동,498.96,380,60,2020,,,,,2024-09-27
동명에너지태양광발전소,,전북특별자치도 익산시 황등면 용산리 296번지 1호,36.0513527168926,126.941233026295,,정상가동,219.78,380,60,2019,,,,,2024-09-27
클리오에너지,,"전북특별자치도 익산시 황등면 용산리 413-40 ,427-30,427-31,427-22",,,,정상가동,400.0,380,60,2019,,,,,2024-09-27
(유)늘품에너지 태양광발전소,,전북특별자치도 익산시 황등면 용산리 426번지,36.043336368078,126.942473748447,,정상가동,999.0,22900,60,2021,,,,,2024-09-27
(유)아름에너지 태양광발전소,,전북특별자치도 익산시 황등면 용산리 426번지,36.043336368078,126.942473748447,,정상가동,331.2,380,60,2020,,,,,2024-09-27
황교태양광발전소,,전북특별자치도 익산시 황등면 용산리 산 40-1,,,,정상가동,298.08,380,60,2020,,,,,2024-09-27
신기1호태양광발전소,전북특별자치도 익산시 황등면 원신기길 65-143,,35.9902805697436,126.939081176661,,정상가동,297.0,380,60,2020,,,,,2024-09-27
우경태양광발전소,"전북특별자치도 익산시 황등면 율동1길 34-15, 주1",,36.0150835640152,126.95469464496,,정상가동,199.29,380,60,2018,,,,,2024-09-27
민준태양광발전소,전북특별자치도 익산시 황등면 율동1길 36,,36.01426235717,126.953737905468,,정상가동,492.48,380,60,2018,,,,,2024-09-27
남성 태양광발전소,"전북특별자치도 익산시 황등면 율동1길 43, (주) 다온 건물상부",,36.01416367094,126.952809041832,,정상가동,297.0,380,60,2018,,,,,2024-09-27
아진2호태양광발전소,"전북특별자치도 익산시 황등면 율동길 46, 건물상부",,36.0123519673553,126.954552668997,,정상가동,199.29,380,60,2021,,,,,2024-09-27
에스더1호태양광발전소,"전북특별자치도 익산시 황등면 율동길 46-1, 건물상부",,36.0127224248635,126.954927279361,,정상가동,499.32,380,60,2021,,,,,2024-09-27
아진1호태양광발전소,"전북특별자치도 익산시 황등면 율동길 50, 건물상부",,36.0126917749943,126.954429122934,,정상가동,498.96,380,60,2019,,,,,2024-09-27
에스더2호태양광발전소,"전북특별자치도 익산시 황등면 율동길 52, (율촌리 404-7)건물상부",,36.0128087217854,126.954579473071,,정상가동,498.96,380,60,2019,,,,,2024-09-27
에스더3호태양광발전소,전북특별자치도 익산시 황등면 율촌1길 93,,36.0098442550593,126.958433868181,,정상가동,250.0,380,60,2018,,,,,2024-09-27
우두태양광발전소,전북특별자치도 익산시 황등면 율촌1길 93-1,,36.0098098350231,126.958715187294,,정상가동,347.2,380,60,2019,,,,,2024-09-27
민재태양광발전소,전북특별자치도 익산시 황등면 율촌길 53-7,,36.017381735824,126.960935459912,,정상가동,499.0,380,60,2017,,,,,2024-09-27
율촌태양광발전소,전북특별자치도 익산시 황등면 율촌길 53-7,,36.017381735824,126.960935459912,,정상가동,399.0,380,60,2019,,,,,2024-09-27
에덴 태양광발전소,전북특별자치도 익산시 황등면 율촌길 53-7,,36.017381735824,126.960935459912,,정상가동,489.6,380,60,2020,,,,,2024-09-27
광명태양광발전소,전북특별자치도 익산시 황등면 율촌길 53-7,,36.017381735824,126.960935459912,,정상가동,489.6,380,60,2018,,,,,2024-09-27
(유)금성파워(황등태양광),,"전북특별자치도 익산시 황등면 율촌리 194번지 195, 삼기면서두리 744-2",,,,정상가동,697.68,22900,60,2020,,,,,2024-09-27
가온태양광발전소,,전북특별자치도 익산시 황등면 율촌리 609번지,36.009875246994,126.959190791939,,정상가동,795.6,22900,60,2020,,,,,2024-09-27
율촌2호태양광발전소,,전북특별자치도 익산시 황등면 율촌리 743번지 37호,,,,정상가동,198.0,380,60,2017,,,,,2024-09-27
율촌1호태양광발전소,,"전북특별자치도 익산시 황등면 율촌리 188 ,189,191,192,193,190-4,190-7,190-10",,,,정상가동,217.6,380,60,2018,,,,,2024-09-27
율촌5호태양광발전소,,전북특별자치도 익산시 황등면 율촌리 190-2,36.0208257311823,126.961033272044,,정상가동,263.2,380,60,2018,,,,,2024-09-27
썬태양광발전소,,전북특별자치도 익산시 황등면 율촌리 190번지 11호 건물상부,,,,정상가동,400.71,380,60,2018,,,,,2024-09-27
일권 태양광발전소,,전북특별자치도 익산시 황등면 율촌리 190번지 12호 (토지),,,,정상가동,198.0,380,60,2019,,,,,2024-09-27
성권 태양광발전소,,전북특별자치도 익산시 황등면 율촌리 190번지 13호 토지,,,,정상가동,408.24,380,60,2019,,,,,2024-09-27
유준 태양광발전소,,전북특별자치도 익산시 황등면 율촌리 190번지 1호 건물상부,,,,정상가동,498.96,380,60,2018,,,,,2024-09-27
에이영태양광발전소,,전북특별자치도 익산시 황등면 율촌리 217-3,36.0257600888044,126.955190672483,,정상가동,198.0,380,60,2021,,,,,2024-09-27
승보 태양광발전소,,"전북특별자치도 익산시 황등면 율촌리 32번지 11호 , 32-2(가지번)",36.0101587328564,126.958025060502,,정상가동,198.8,380,60,2018,,,,,2024-09-27
유진 태양광발전소,,"전북특별자치도 익산시 황등면 율촌리 32번지 12호 , 32-13(가지번)",36.0101587328564,126.958025060502,,정상가동,349.6,380,60,2020,,,,,2024-09-27
배정 태양광발전소,,전북특별자치도 익산시 황등면 율촌리 32번지 1호 (가지번),36.0101587328564,126.958025060502,,정상가동,198.0,220+380,60,2018,,,,,2024-09-27
태혁 태양광발전소,,전북특별자치도 익산시 황등면 율촌리 32번지 7호,36.0101587328564,126.958025060502,,정상가동,300.0,380,60,2017,,,,,2024-09-27
기영 태양광발전소,,전북특별자치도 익산시 황등면 율촌리 32번지 8호 (가지번),36.0101587328564,126.958025060502,,정상가동,296.8,380,60,2017,,,,,2024-09-27
원준 태양광발전소,,전북특별자치도 익산시 황등면 율촌리 32번지 9호 (가지번),36.0101587328564,126.958025060502,,정상가동,999.9,22900,60,2018,,,,,2024-09-27
태경 태양광발전소,,전북특별자치도 익산시 황등면 율촌리 35,36.0109419324872,126.959152971454,,정상가동,496.0,380,60,2019,,,,,2024-09-27
효훈2호 태양광발전소,,전북특별자치도 익산시 황등면 율촌리 35-15,36.0107479055626,126.959177474928,,정상가동,496.0,380,60,2019,,,,,2024-09-27
대한 태양광발전소,,전북특별자치도 익산시 황등면 율촌리 35-16,36.0106420030301,126.959154679125,,정상가동,496.0,380,60,2017,,,,,2024-09-27
썸머스카이 태양광발전소,,전북특별자치도 익산시 황등면 율촌리 35-17,36.0105168572969,126.959258790504,,정상가동,495.0,380,60,2018,,,,,2024-09-27
(주) 대원쏠라(대원쏠라1호태양광발전소),,"전북특별자치도 익산시 황등면 율촌리 486번지 127호 , 763-1, 763-7, 784-1, 232-22(농어촌공사 목적외사용 승인부분)",,,,정상가동,199.8,380,60,2018,,,,,2024-09-27
율촌리태양광발전소,,전북특별자치도 익산시 황등면 율촌리 48번지 6호,,,,정상가동,301.5,380,60,2017,,,,,2024-09-27
투나인 태양광발전소,,전북특별자치도 익산시 황등면 율촌리 610번지 7호,36.0092065946195,126.958322615108,,정상가동,198.72,380,60,2018,,,,,2024-09-27
동우 태양광발전소,,전북특별자치도 익산시 황등면 율촌리 610번지 토지,36.0092065946195,126.958322615108,,정상가동,499.32,380,60,2018,,,,,2024-09-27
인화태양광발전소,,"전북특별자치도 익산시 황등면 율촌리 750번지 2호 , 750-3, 750-4, 750-5, 750-6, 750-10, 750-11, 750-12, 750-13",,,,정상가동,495.0,380,60,2017,,,,,2024-09-27
대성태양광발전소,,"전북특별자치도 익산시 황등면 율촌리 759-6 건물상부(주1,주2)",36.0207243072062,126.951539877834,,정상가동,250.0,380,60,2017,,,,,2024-09-27
비젼태양광발전소,"전북특별자치도 익산시 황등면 율촌리 767번지 42호 (주), 767-47(주1), 율촌1길 29(801-1, 801-2, 801-4) 주1",,,,,정상가동,496.0,380,60,2018,,,,,2024-09-27
감물에너지,전북특별자치도 익산시 황등면 익산대로 1048-13,,36.0149293227352,126.945499610304,,정상가동,297.6,380,60,2019,,,,,2024-09-27
오키에너지,전북특별자치도 익산시 황등면 익산대로 1048-17,,36.0147534372366,126.944983795755,,정상가동,294.8,380,60,2017,,,,,2024-09-27
샘물에너지,전북특별자치도 익산시 황등면 익산대로 1048-9,,36.0152876383735,126.944681692752,,정상가동,246.56,380,60,2018,,,,,2024-09-27
낭산태양광발전소,"전북특별자치도 익산시 황등면 익산대로 1090-7, ㈜신흥농약,건물상부",,36.0199822646416,126.943956653324,,정상가동,475.2,380,60,2017,,,,,2024-09-27
푸른죽촌13호태양광발전소,"전북특별자치도 익산시 황등면 죽촌길 285-47, 1, 2동",,36.0244173084183,126.937916517463,,정상가동,496.47,380,60,2017,,,,,2024-09-27
푸른죽촌14호태양광발전소,"전북특별자치도 익산시 황등면 죽촌길 285-49, 1, 2동",,36.0240914772679,126.937672365366,,정상가동,496.0,380,60,2018,,,,,2024-09-27
푸른죽촌8호태양광발전소,전북특별자치도 익산시 황등면 죽촌길 285-52,,36.0253686617283,126.937425283627,,정상가동,700.6,22900,60,2020,,,,,2024-09-27
푸른죽촌7호 태양광발전소,전북특별자치도 익산시 황등면 죽촌길 285-54,,36.0253745310161,126.937102318307,,정상가동,494.5,380,60,2019,,,,,2024-09-27
푸른죽촌9호태양광발전소,"전북특별자치도 익산시 황등면 죽촌길 285-64, 1, 2동",,36.0250455721287,126.937427757992,,정상가동,497.0,220+380,60,2018,,,,,2024-09-27
푸른죽촌10호태양광발전소,"전북특별자치도 익산시 황등면 죽촌길 285-66, 1, 2동",,36.0248814194786,126.937526406267,,정상가동,385.92,380,60,2017,,,,,2024-09-27
푸른죽촌12호태양광발전소,"전북특별자치도 익산시 황등면 죽촌길 285-68, 1동",,36.0247220150491,126.937918053523,,정상가동,99.0,380,60,2018,,,,,2024-09-27
푸른죽촌17호 태양광발전소,전북특별자치도 익산시 황등면 죽촌길 285-71,,36.0237686319165,126.93832174522,,정상가동,496.47,380,60,2017,,,,,2024-09-27
푸른죽촌11호태양광발전소,"전북특별자치도 익산시 황등면 죽촌길 285-74, 1동",,36.024722097875,126.937556819757,,정상가동,99.0,380,60,2018,,,,,2024-09-27
푸른죽촌16호 태양광발전소,전북특별자치도 익산시 황등면 죽촌길 285-75,,36.0239304171037,126.938000106601,,정상가동,98.33,380,60,2020,,,,,2024-09-27
푸른죽촌15호태양광발전소,"전북특별자치도 익산시 황등면 죽촌길 285-81, 1,2,3동",,36.0239295569857,126.937385372665,,정상가동,98.33,380,60,2020,,,,,2024-09-27
푸른죽촌6호 태양광발전소,전북특별자치도 익산시 황등면 죽촌길 285-87,,36.0244173091556,126.937053487324,,정상가동,98.33,380,60,2020,,,,,2024-09-27
푸른죽촌5호 태양광발전소,전북특별자치도 익산시 황등면 죽촌길 285-89,,36.0244171788628,126.936464598887,,정상가동,98.33,380,60,2020,,,,,2024-09-27
푸른죽촌3호 태양광발전소,전북특별자치도 익산시 황등면 죽촌길 285-91,,36.024577174481,126.936176571255,,정상가동,98.33,380,60,2020,,,,,2024-09-27
푸른죽촌4호 태양광발전소,전북특별자치도 익산시 황등면 죽촌길 285-93,,36.0245789539563,126.936813942007,,정상가동,98.33,380,60,2018,,,,,2024-09-27
푸른죽촌2호 태양광발전소,전북특별자치도 익산시 황등면 죽촌길 285-95,,36.0247412328335,126.936241452149,,정상가동,98.33,380,60,2018,,,,,2024-09-27
푸른죽촌1호 태양광발전소,전북특별자치도 익산시 황등면 죽촌길 285-97,,36.0249026830017,126.936316542282,,정상가동,19.38,380,60,2018,,,,,2024-09-27
죽촌1호태양광발전소,,전북특별자치도 익산시 황등면 죽촌리,36.0259504465871,126.935797915357,,정상가동,97.92,380,60,2020,,,,,2024-09-27
수2태양광발전소,,전북특별자치도 익산시 황등면 죽촌리 1037번지 7호,,,,정상가동,99.0,380,60,2018,,,,,2024-09-27
죽촌2호태양광발전소,,전북특별자치도 익산시 황등면 죽촌리 1064번지 3호,,,,정상가동,70.0,380,60,2021,,,,,2024-09-27
수3 태양광발전소,,"전북특별자치도 익산시 황등면 죽촌리 566번지 5호 , 566-9",,,,정상가동,99.0,380,60,2021,,,,,2024-09-27
호재2호 태양광발전소,,전북특별자치도 익산시 황등면 죽촌리 1010-1,36.0250204550998,126.938878709106,,정상가동,99.0,380,60,2021,,,,,2024-09-27
호재1호 태양광발전소,,전북특별자치도 익산시 황등면 죽촌리 1010-43,36.0257651305097,126.937286843007,,정상가동,99.84,380,60,2023,,,,,2024-09-27
호남1호 태양광발전소,,전북특별자치도 익산시 황등면 죽촌리 1010-44,36.0257065249532,126.937583224592,,정상가동,99.84,380,60,2023,,,,,2024-09-27
김영문1호 태양광발전소,,"전북특별자치도 익산시 황등면 죽촌리 1010-44, 353-4",,,,정상가동,99.84,380,60,2023,,,,,2024-09-27
김남례1호 태양광발전소,,"전북특별자치도 익산시 황등면 죽촌리 1010-44, 353-4",,,,정상가동,99.36,380,60,2020,,,,,2024-09-27
호남2호 태양광발전소,,전북특별자치도 익산시 황등면 죽촌리 1010-45,36.0255514313604,126.936909687827,,정상가동,99.45,380,60,2020,,,,,2024-09-27
태지 태양광발전소,,전북특별자치도 익산시 황등면 죽촌리 1010-46,36.0255158900141,126.937190407325,,정상가동,99.0,380,60,2019,,,,,2024-09-27
에너지원태양광발전소,,"전북특별자치도 익산시 황등면 죽촌리 1012-5, 1012-16, 1012-19, 1012-21",,,,정상가동,99.4,380,60,2019,,,,,2024-09-27
평화태양광발전소,,"전북특별자치도 익산시 황등면 죽촌리 1012번지 13호 , 1012-22(토지)",,,,정상가동,99.4,380,60,2020,,,,,2024-09-27
선자 태양광발전소,,"전북특별자치도 익산시 황등면 죽촌리 1012번지 20호 , 206-45(토지)",,,,정상가동,99.4,380,60,2020,,,,,2024-09-27
벧엘에너지,,"전북특별자치도 익산시 황등면 죽촌리 1012번지 2호 -4,-18,-23,206-23",,,,정상가동,99.4,380,60,2020,,,,,2024-09-27
알앤디태양광발전소,,"전북특별자치도 익산시 황등면 죽촌리 1014번지 19호 -22,-25,-30,-33",,,,정상가동,99.4,380,60,2020,,,,,2024-09-27
성영2호태양광발전소,,"전북특별자치도 익산시 황등면 죽촌리 1014번지 20호 , 1014-23,-28(토지)",,,,정상가동,99.4,380,60,2020,,,,,2024-09-27
황등 태양광발전소,,"전북특별자치도 익산시 황등면 죽촌리 1014번지 27호 ,32,-35(토지)",,,,정상가동,99.4,380,60,2020,,,,,2024-09-27
세진태양광발전소,,"전북특별자치도 익산시 황등면 죽촌리 1014번지 31호 ,-34(토지)",,,,정상가동,99.4,380,60,2020,,,,,2024-09-27
혜민태양광 제2호발전소,,"전북특별자치도 익산시 황등면 죽촌리 1014번지 4호 ,-21, -24, -29",,,,정상가동,99.4,380,60,2020,,,,,2024-09-27
푸른빛태양광발전소,,"전북특별자치도 익산시 황등면 죽촌리 1014번지 5호 , 1015-1(토지)",,,,정상가동,80.0,380,60,2022,,,,,2024-09-27
하나로태양광발전소,,전북특별자치도 익산시 황등면 죽촌리 1015번지 28호 (토지),,,,정상가동,99.4,380,60,2020,,,,,2024-09-27
햇빛찬태양광발전소,,전북특별자치도 익산시 황등면 죽촌리 1015번지 29호 (토지),,,,정상가동,99.4,380,60,2020,,,,,2024-09-27
해비치태양광발전소,,"전북특별자치도 익산시 황등면 죽촌리 1015번지 30호 , 1015-32(토지)",,,,정상가동,99.0,380,60,2019,,,,,2024-09-27
햇살가득태양광발전소,,전북특별자치도 익산시 황등면 죽촌리 1015번지 33호 (토지),,,,정상가동,99.0,380,60,2020,,,,,2024-09-27
솜리태양광발전소1,,"전북특별자치도 익산시 황등면 죽촌리 1035-18, 1035-20, 1035-21",,,,정상가동,99.0,380,60,2019,,,,,2024-09-27
동연세종2호태양광발전소,,전북특별자치도 익산시 황등면 죽촌리 1040번지 11호 (토지),,,,정상가동,99.0,380,60,2020,,,,,2024-09-27
반석2호 태양광발전소,,전북특별자치도 익산시 황등면 죽촌리 1040번지 1호,,,,정상가동,99.0,380,60,2020,,,,,2024-09-27
인호태양광발전소,,"전북특별자치도 익산시 황등면 죽촌리 1057-1 ,1057-2",,,,정상가동,99.0,380,60,2020,,,,,2024-09-27
조양2호태양광발전소,,"전북특별자치도 익산시 황등면 죽촌리 181-1 ,181-2,188-63,191-11,191-12,999-2",,,,정상가동,99.0,380,60,2020,,,,,2024-09-27
천동3 태양광발전소,,전북특별자치도 익산시 황등면 죽촌리 181-3,36.0300349904513,126.945229136858,,정상가동,99.0,380,60,2019,,,,,2024-09-27
광명태양광발전소,,"전북특별자치도 익산시 황등면 죽촌리 206번지 24호 , 1012-14(토지)",36.0223084485824,126.940259906569,,정상가동,99.0,380,60,2019,,,,,2024-09-27
해난디태양광발전소,,"전북특별자치도 익산시 황등면 죽촌리 207번지 1호 , 1015-27(토지)",36.0217181064897,126.940368185658,,정상가동,99.0,380,60,2020,,,,,2024-09-27
상현태양광발전소,,"전북특별자치도 익산시 황등면 죽촌리 245번지 ,245-1",,,,정상가동,99.0,380,60,2019,,,,,2024-09-27
제이엘죽촌 태양광발전소,,전북특별자치도 익산시 황등면 죽촌리 30-1,36.0377317315683,126.93744879339,,정상가동,99.0,380,60,2019,,,,,2024-09-27
엘앤에스 태양광발전소,,전북특별자치도 익산시 황등면 죽촌리 30-3,36.0373837646838,126.937270974923,,정상가동,99.0,380,60,2019,,,,,2024-09-27
사랑2호 태양광발전소,,전북특별자치도 익산시 황등면 죽촌리 30-4,36.0370928238568,126.937052389848,,정상가동,99.0,380,60,2019,,,,,2024-09-27
익산1호 발전소,,전북특별자치도 익산시 황등면 죽촌리 365 (가지번),36.0253079648111,126.935807090303,,정상가동,44.5,380,60,2020,,,,,2024-09-27
익산2호 발전소,,전북특별자치도 익산시 황등면 죽촌리 365-2 (가지번),36.0249857411216,126.935911972233,,정상가동,99.0,380,60,2019,,,,,2024-09-27
희망태양광발전소,,전북특별자치도 익산시 황등면 죽촌리 403-1번지,36.0241100393243,126.933148199963,,정상가동,99.0,380,60,2019,,,,,2024-09-27
행복2호 태양광발전소,,전북특별자치도 익산시 황등면 죽촌리 403-3번지,36.0244756277957,126.933561821938,,정상가동,99.0,380,60,2019,,,,,2024-09-27
우진 태양광발전소,,전북특별자치도 익산시 황등면 죽촌리 403-4번지,36.0241346545061,126.933655966127,,정상가동,99.0,380,60,2019,,,,,2024-09-27
남풍태양광발전소,,"전북특별자치도 익산시 황등면 죽촌리 403-5, 1021-31",,,,정상가동,99.0,380,60,2019,,,,,2024-09-27
한욱태양광발전소,,전북특별자치도 익산시 황등면 죽촌리 403번지,36.0244874479496,126.933100730083,,정상가동,99.0,380,60,2019,,,,,2024-09-27
한창백 태양광발전소,,전북특별자치도 익산시 황등면 죽촌리 524-1,36.0157988676528,126.931984892009,,정상가동,99.0,380,60,2019,,,,,2024-09-27
강해 태양광발전소,,전북특별자치도 익산시 황등면 죽촌리 524-6,36.0154914001014,126.931883432386,,정상가동,97.92,380,60,2018,,,,,2024-09-27
해오름 태양광발전소,,전북특별자치도 익산시 황등면 죽촌리 524-7,36.0152327370864,126.931866460693,,정상가동,99.28,380,60,2020,,,,,2024-09-27
(유)창고위태양광((유)창고위태양광5호),,"전북특별자치도 익산시 황등면 죽촌리 620번지 1호 ,620-2",,,,정상가동,99.28,380,60,2020,,,,,2024-09-27
서부화농태양광발전소,,"전북특별자치도 익산시 황등면 죽촌리 620번지 4호 ,620-5",,,,정상가동,99.28,380,60,2020,,,,,2024-09-27
신성황등 태양광발전소,,"전북특별자치도 익산시 황등면 죽촌리 69-2 ,69-5,69-20,69-42,1059-1,1059-3,1059-6,1059-9,1059-11,1059-13",,,,정상가동,99.28,380,60,2020,,,,,2024-09-27
도형 태양광발전소,"전북특별자치도 익산시 황등면 차상길 1, 주1",,36.0004243027457,126.950166369623,,정상가동,99.28,380,60,2020,,,,,2024-09-27
(유)에이엠태양광발전소,"전북특별자치도 익산시 황등면 탑천로 26-33, 건물상부",,35.9892494905238,126.917028749075,,정상가동,99.28,380,60,2020,,,,,2024-09-27
한성9호 태양광발전소,전북특별자치도 익산시 황등면 황교1길 43-12,,36.0402213214293,126.942946619975,,정상가동,99.28,380,60,2020,,,,,2024-09-27
한성8호 태양광발전소,전북특별자치도 익산시 황등면 황교1길 43-14,,36.0405591297953,126.943006076122,,정상가동,99.28,380,60,2020,,,,,2024-09-27
한성7호 태양광발전소,전북특별자치도 익산시 황등면 황교1길 43-16,,36.0407235196517,126.943018607835,,정상가동,99.28,380,60,2020,,,,,2024-09-27
한성6호 태양광발전소,전북특별자치도 익산시 황등면 황교1길 43-18,,36.0409032006127,126.942968543362,,정상가동,99.96,380,60,2019,,,,,2024-09-27
한성10호 태양광발전소,전북특별자치도 익산시 황등면 황교1길 43-8,,36.0400472090153,126.942956621502,,정상가동,99.96,380,60,2020,,,,,2024-09-27
한성4 태양광발전소,전북특별자치도 익산시 황등면 황교1길 54-13,,36.0379971846963,126.943143185631,,정상가동,99.96,380,60,2020,,,,,2024-09-27
한성5 태양광발전소,전북특별자치도 익산시 황등면 황교1길 54-17,,36.0376830699935,126.942876214464,,정상가동,99.96,380,60,2020,,,,,2024-09-27
한성3 태양광발전소,전북특별자치도 익산시 황등면 황교1길 54-19,,36.0378330201034,126.942846368249,,정상가동,99.96,380,60,2020,,,,,2024-09-27
한성2 태양광발전소,전북특별자치도 익산시 황등면 황교1길 54-21,,36.0380122556541,126.942807179886,,정상가동,99.96,380,60,2020,,,,,2024-09-27
한성1호 태양광발전소,전북특별자치도 익산시 황등면 황교1길 54-23,,36.0381806773557,126.942769885538,,정상가동,99.9,380,60,2020,,,,,2024-09-27
호남1호태양광발전소,전북특별자치도 익산시 황등면 황등1길 8,,35.9956006267527,126.948456725645,,정상가동,99.9,380,60,2020,,,,,2024-09-27
우리1호태양광발전소,"전북특별자치도 익산시 황등면 황등1길 8 ((황등리 205-1,205-4)주2,주3)",,35.9956006267527,126.948456725645,,정상가동,99.9,380,60,2020,,,,,2024-09-27
황등 태양광발전소,전북특별자치도 익산시 황등면 황등로 46,,35.9974569389631,126.948131672839,,정상가동,99.9,380,60,2020,,,,,2024-09-27
농기세상 태양광발전소,,전북특별자치도 익산시 황등면 황등리 114-4,35.9908064529605,126.951567164709,,정상가동,99.9,380,60,2020,,,,,2024-09-27
남흥태양광발전소,,"전북특별자치도 익산시 황등면 황등리 54번지 16호 ,62-17,62-18,66,83-8,83-10,1772-1",35.9989558435061,126.951290236159,,정상가동,99.9,380,60,2020,,,,,2024-09-27
비전태양광발전소1호,,"전북특별자치도 익산시 황등면 황등리 680번지 ,680-1,682-1",,,,정상가동,99.9,380,60,2020,,,,,2024-09-27
NS태양광발전소,,전북특별자치도 익산시 황등면 황등리 680번지 4호,36.0182656836766,126.946305918204,,정상가동,99.4,380,60,2020,,,,,2024-09-27
진고 태양광발전소,"전북특별자치도 익산시 황등면 황등서로 40-80, 건물상부",,,,,정상가동,99.9,380,60,2020,,,,,2024-09-27
대성태양광발전소,"전북특별자치도 익산시 황등면 황성로 61, , 157-1, 157-9 건물상부 (4동)",,,,,정상가동,99.9,380,60,2020,,,,,2024-09-27
은호2호태양광발전소,"전북특별자치도 익산시 황등면 후정길 28-10, 건물상부(주1,주2)",,36.0198573159959,126.945437642429,,정상가동,99.9,380,60,2020,,,,,2024-09-27
근우태양광발전소,"전북특별자치도 익산시 황등면 후정길 28-12, 건물상부(주1,주2,주3)",,36.019511911447,126.945519419015,,정상가동,99.9,380,60,2020,,,,,2024-09-27
은호1호태양광발전소,"전북특별자치도 익산시 황등면 후정길 28-8, 건물상부(주1,주2,주3)",,36.0200471654626,126.94515273509,,정상가동,99.4,380,60,2020,,,,,2024-09-27
기쁨 태양광발전소,,전북특별자치도 익산시 춘포면 신동리 642-8 - 토지,35.940185851478,127.022002460646,,정상가동,99.9,380,60,2020,,,,,2024-09-27
지온 태양광발전소,,전북특별자치도 익산시 춘포면 오산리 151-4 토지,35.9405942219027,127.027590326669,,정상가동,99.9,380,60,2020,,,,,2024-09-27
드림 태양광발전소,,"전북특별자치도 익산시 춘포면 오산리 154-16, 154-26 토지",,,,정상가동,99.9,380,60,2020,,,,,2024-09-27
유성 태양광발전소,,"전북특별자치도 익산시 춘포면 오산리 154-9, 154-23 토지",,,,정상가동,99.2,380,60,2019,,,,,2024-09-27
양지발전소,,전북특별자치도 익산시 춘포면 천서리 461-4 토지,35.9401660988152,127.029251455614,,정상가동,99.2,380,60,2019,,,,,2024-09-27
썬호프2호태양광발전소,,"전북특별자치도 익산시 함라면 신대리 58-10(건물상부 주1,주2)",36.0424580442238,126.915935624717,,정상가동,99.2,380,60,2019,,,,,2024-09-27
수례2호 태양광발전소,,"전북특별자치도 익산시 함라면 신대리 58-11(건물상부 주1,주2)",36.0422588808569,126.915818320681,,정상가동,99.0,380,60,2018,,,,,2024-09-27
동양2호 태양광발전소,,"전북특별자치도 익산시 함라면 신대리 58-14(건물상부 주1,주2)",36.0430550123114,126.91670367732,,정상가동,69.3,380,60,2018,,,,,2024-09-27
경옥 태양광발전소,,"전북특별자치도 익산시 함라면 신대리 58-15(건물상부 주1,주2)",36.042969227734,126.917111469942,,정상가동,99.0,380,60,2018,,,,,2024-09-27
근영 태양광발전소,,"전북특별자치도 익산시 함라면 신대리 58-16(건물상부 주1,주2)",36.0428290314443,126.916641439572,,정상가동,99.0,380,60,2018,,,,,2024-09-27
윤희 태양광발전소,,"전북특별자치도 익산시 함라면 신대리 58-17(건물상부 주1,주2)",36.0426132868714,126.91665465036,,정상가동,99.0,380,60,2018,,,,,2024-09-27
동양 태양광발전소,,"전북특별자치도 익산시 함라면 신대리 58-18(건물상부 주1,주2)",36.0424068783219,126.916615030089,,정상가동,99.0,380,60,2018,,,,,2024-09-27
영란 태양광발전소,,"전북특별자치도 익산시 함라면 신대리 58-19(건물상부 주1,주2)",36.0422087208737,126.916517697689,,정상가동,99.0,380,60,2018,,,,,2024-09-27
정수 태양광발전소,,"전북특별자치도 익산시 함라면 신대리 58-20(건물상부 주1,주2)",36.0420014391358,126.916389082378,,정상가동,99.0,380,60,2018,,,,,2024-09-27
풍남 태양광발전소,,"전북특별자치도 익산시 함라면 신대리 58-21(건물상부 주1,주2)",36.041779590699,126.916308199369,,정상가동,99.05,380,60,2019,,,,,2024-09-27
지티 태양광발전소,,전북특별자치도 익산시 함라면 신대리 58-22(건물상부 주1),36.0415766266975,126.916168262028,,정상가동,99.05,380,60,2019,,,,,2024-09-27
유진1호 태양광발전소,,"전북특별자치도 익산시 함라면 신대리 58-4(건물상부 주1,주2)",36.0429254829181,126.915511446192,,정상가동,99.4,380,60,2018,,,,,2024-09-27
유진2호 태양광발전소,,"전북특별자치도 익산시 함라면 신대리 58-5(건물상부 주1,주2)",36.0427011547754,126.91549337593,,정상가동,99.4,380,60,2018,,,,,2024-09-27
수례1호 태양광발전소,,"전북특별자치도 익산시 함라면 신대리 58-6(건물상부 주1,주2)",36.0424978407225,126.915369529925,,정상가동,99.4,380,60,2018,,,,,2024-09-27
이순상 태양광발전소,,"전북특별자치도 익산시 함라면 신대리 58-7(건물상부 주1,주2)",36.0430977477694,126.915953587646,,정상가동,97.92,380,60,2019,,,,,2024-09-27
학암 태양광발전소,,"전북특별자치도 익산시 함라면 신대리 58-8(건물상부 주1,주2)",36.0428907783021,126.91601406403,,정상가동,97.92,380,60,2019,,,,,2024-09-27
썬호프1호태양광발전소,,"전북특별자치도 익산시 함라면 신대리 58-9(건물상부 주1,주2)",36.042664298483,126.916011974195,,정상가동,97.92,380,60,2019,,,,,2024-09-27
기주 태양광발전소,,"전북특별자치도 익산시 함열읍 다송리 444-1, 443 - 토지",,,,정상가동,97.92,380,60,2019,,,,,2024-09-27
이라 태양광발전소,,전북특별자치도 익산시 함열읍 다송리 642 - 토지,36.04571207948,126.950523477531,,정상가동,97.92,380,60,2019,,,,,2024-09-27
석매리2 태양광발전소,,전북특별자치도 익산시 함열읍 석매리 101-10- 토지,36.0464165941267,126.965842727017,,정상가동,97.92,380,60,2019,,,,,2024-09-27
석매리1 태양광발전소,,전북특별자치도 익산시 함열읍 석매리 101-11- 토지,36.0463833200235,126.966093876479,,정상가동,97.92,380,60,2019,,,,,2024-09-27
명자 태양광발전소,,전북특별자치도 익산시 함열읍 석매리 1128-10 - 토지,36.0496817874352,126.970438734141,,정상가동,97.92,380,60,2019,,,,,2024-09-27
근화 태양광발전소,,전북특별자치도 익산시 함열읍 석매리 1128-11 - 토지,36.0495776765394,126.97072754015,,정상가동,97.92,380,60,2019,,,,,2024-09-27
현화 태양광발전소,,전북특별자치도 익산시 함열읍 석매리 49-2 - 토지,36.0574678915087,126.97103305947,,정상가동,97.92,380,60,2019,,,,,2024-09-27
행복 태양광발전소,,전북특별자치도 익산시 함열읍 석매리 49-3 - 토지,36.0571392638021,126.971236956645,,정상가동,99.4,380,60,2018,,,,,2024-09-27
석매2호 태양광발전소,,전북특별자치도 익산시 함열읍 석매리 49-4 - 토지,36.0569472383342,126.97134390916,,정상가동,99.0,380,60,2018,,,,,2024-09-27
석매3호 태양광발전소,,전북특별자치도 익산시 함열읍 석매리 49-5 - 토지,36.0567332280234,126.97147251194,,정상가동,99.0,380,60,2018,,,,,2024-09-27
석매4호 태양광발전소,,전북특별자치도 익산시 함열읍 석매리 49-6 - 토지,36.0565677897893,126.971585003209,,정상가동,99.0,380,60,2022,,,,,2024-09-27
규순 태양광발전소,,"전북특별자치도 익산시 함열읍 용지리 363-1,365,363-5,363-7,368-4 - 토지",,,,정상가동,99.0,380,60,2022,,,,,2024-09-27
유석 태양광발전소,,전북특별자치도 익산시 함열읍 용지리 363-3- 토지,36.046819567086,126.949159456518,,정상가동,99.0,380,60,2022,,,,,2024-09-27
세인2호 태양광,,전북특별자치도 익산시 황등면 구자리 147-44 토지,36.0435365056674,126.927323258289,,정상가동,99.0,380,60,2022,,,,,2024-09-27
태봉동연 태양광발전소,,전북특별자치도 익산시 황등면 동연리 85-3 토지,36.0043973262757,126.935979658378,,정상가동,99.0,380,60,2018,,,,,2024-09-27
대림 태양광발전소,,전북특별자치도 익산시 황등면 용산리 1074-2(건물상부),36.0479130009918,126.931697815066,,정상가동,99.0,380,60,2018,,,,,2024-09-27
신평 태양광발전소,,전북특별자치도 익산시 황등면 율촌리 782-61 토지,36.0228683251051,126.959537108788,,정상가동,99.0,380,60,2018,,,,,2024-09-27
황구현 태양광발전소,전북특별자치도 익산시 무왕로29길 9-6 - 건물상부(주1),,35.9632113725093,127.003463977707,,정상가동,99.0,380,60,2018,,,,,2024-09-27
엔트로피발전소,,전북특별자치도 익산시 부송동 215-67 건물상부,35.9608352664997,126.996977549108,,정상가동,99.0,380,60,2018,,,,,2024-09-27
해피발전소,,전북특별자치도 익산시 어양동 701-5 건물상부,35.9600837024731,126.982818474581,,정상가동,99.0,380,60,2018,,,,,2024-09-27
새빛발전소,,전북특별자치도 익산시 어양동 701-6 건물상부,35.9599311264822,126.982845777551,,정상가동,99.0,380,60,2020,,,,,2024-09-27
해피 태양광발전소,,전북특별자치도 익산시 영등동 807-7 - 건물상부,35.9629900033091,126.97294830226,,정상가동,99.0,380,60,2020,,,,,2024-09-27
㈜에스시디디(SCDD 태양광발전소),전북특별자치도 익산시 왕궁면 제석사지로 285 건물상부(주1),,35.973469025258,127.080049437811,,정상가동,99.0,380,60,2020,,,,,2024-09-27
효성 태양광발전소,,전북특별자치도 익산시 용제동 3 외 2필지 - 건물상부,,,,정상가동,99.0,380,60,2020,,,,,2024-09-27
혜성 태양광발전소,,전북특별자치도 익산시 인화동2가 331 - 건물상부(1동),35.9222804733003,126.94938465507,,정상가동,99.0,380,60,2020,,,,,2024-09-27
행복 태양광발전소,,"전북특별자치도 익산시 인화동2가 437 - 건물상부(1동, 2동)",35.9143007665125,126.94815277233,,정상가동,99.0,380,60,2020,,,,,2024-09-27
솔라파크 태양광발전소,,"전북특별자치도 익산시 팔봉동 825-5 건물상부(3동, 4동)",35.9555806058254,127.002106098049,,정상가동,99.0,380,60,2020,,,,,2024-09-27
마크힐6호 태양광발전소,전북특별자치도 익산시 강경1길 32-7 (금강동),,35.9181016994404,126.98387202227,,정상가동,99.0,380,60,2020,,,,,2024-09-27
마크힐5호 태양광발전소,전북특별자치도 익산시 강경1길 32-7 (금강동),,35.9181016994404,126.98387202227,,정상가동,99.0,380,60,2020,,,,,2024-09-27
마크힐4호 태양광발전소,전북특별자치도 익산시 강경1길 32-7 (금강동),,35.9181016994404,126.98387202227,,정상가동,99.9,380,60,2019,,,,,2024-09-27
마크힐3호 태양광발전소,전북특별자치도 익산시 강경1길 32-7 (금강동),,35.9181016994404,126.98387202227,,정상가동,99.4,380,60,2019,,,,,2024-09-27
솜리4호 태양광발전소,전북특별자치도 익산시 강경1길 32-9 (금강동),,35.9177875066239,126.983735476418,,정상가동,99.9,380,60,2019,,,,,2024-09-27
솜리3호 태양광발전소,전북특별자치도 익산시 강경1길 32-9 (금강동),,35.9177875066239,126.983735476418,,정상가동,99.4,380,60,2019,,,,,2024-09-27
솜리2호 태양광발전소,전북특별자치도 익산시 강경1길 32-9 (금강동),,35.9177875066239,126.983735476418,,정상가동,99.4,380,60,2019,,,,,2024-09-27
솜리1호 태양광발전소,전북특별자치도 익산시 강경1길 32-9 (금강동),,35.9177875066239,126.983735476418,,정상가동,97.92,380,60,2018,,,,,2024-09-27
아인1호태양광발전소,전북특별자치도 익산시 강경2길 183(신흥동),,35.9312782959999,126.996224922211,,정상가동,97.92,380,60,2018,,,,,2024-09-27
아인2호태양광발전소,전북특별자치도 익산시 강경2길 183(신흥동),,35.9312782959999,126.996224922211,,정상가동,97.92,380,60,2018,,,,,2024-09-27
아인3호태양광발전소,전북특별자치도 익산시 강경2길 183(신흥동),,35.9312782959999,126.996224922211,,정상가동,99.4,380,60,2020,,,,,2024-09-27
영등동 태양광발전소,전북특별자치도 익산시 고봉로 200(영등동),,35.9500155331387,126.968041539075,,정상가동,99.4,380,60,2020,,,,,2024-09-27
주은태양광발전소,"전북특별자치도 익산시 고봉로 270-6, 건물상부(주1) (영등동)",,35.955812386838,126.970803077851,,정상가동,99.4,380,60,2020,,,,,2024-09-27
썬비치 태양광발전소,"전북특별자치도 익산시 고봉로18길 97-6, 2000냥분식 (어양동)",,35.9530705050384,126.97982200225,,정상가동,99.4,380,60,2018,,,,,2024-09-27
영등동 태양광발전소,전북특별자치도 익산시 고봉로30길 8(영등동),,35.9561457494539,126.971150131265,,정상가동,19.8,380,60,2018,,,,,2024-09-27
금장 태양광발전소,전북특별자치도 익산시 고현로14길 4 (모현동1가),,35.9446892112188,126.943407937496,,정상가동,99.62,380,60,2019,,,,,2024-09-27
에이스금강 태양광발전소,,전북특별자치도 익산시 금강동 1410번지,35.9187865261041,126.985771922214,,정상가동,99.62,380,60,2019,,,,,2024-09-27
금강남현2호 태양광발전소,,전북특별자치도 익산시 금강동 1410번지 1호,35.9187865261041,126.985771922214,,정상가동,99.62,380,60,2019,,,,,2024-09-27
금강남현 태양광발전소,,전북특별자치도 익산시 금강동 1411번지,35.9185653649259,126.985810740281,,정상가동,99.62,380,60,2019,,,,,2024-09-27
와이 태양광발전소,,전북특별자치도 익산시 금강동 1411번지 1호,35.9185653649259,126.985810740281,,정상가동,99.0,380,60,2019,,,,,2024-09-27
호남금강 태양광발전소,,전북특별자치도 익산시 금강동 1411번지 1호,35.9185653649259,126.985810740281,,정상가동,99.18,380,60,2018,,,,,2024-09-27
나이스금강 태양광발전소,,전북특별자치도 익산시 금강동 1411번지 2호,35.9185653649259,126.985810740281,,정상가동,99.62,380,60,2018,,,,,2024-09-27
연희1호 태양광발전소,,"전북특별자치도 익산시 금강동 69,(1동) 건물위",35.9197399811592,126.991869588071,,정상가동,99.62,380,60,2019,,,,,2024-09-27
연희2호 태양광발전소,,"전북특별자치도 익산시 금강동 69,(2동) 건물위",35.9197399811592,126.991869588071,,정상가동,99.62,380,60,2018,,,,,2024-09-27
유한회사삼원 태양광발전소,,전북특별자치도 익산시 금강동 93-3 건물위,35.9200696951908,126.992456449717,,정상가동,99.36,380,60,2018,,,,,2024-09-27
천지태양광발전소,,전북특별자치도 익산시 금마면 갈산리 252-10,36.0061995280312,127.003273414266,,정상가동,99.4,380,60,2019,,,,,2024-09-27
진희에너지,,전북특별자치도 익산시 금마면 갈산리 252-11,36.0060285689378,127.003093276633,,정상가동,99.4,380,60,2019,,,,,2024-09-27
선광태양광발전소,,전북특별자치도 익산시 금마면 갈산리 252-12,36.0059034781418,127.003080516215,,정상가동,99.4,380,60,2019,,,,,2024-09-27
우진태양광발전소,,전북특별자치도 익산시 금마면 갈산리 252-13 토지,36.0069266470313,127.003108729467,,정상가동,99.4,380,60,2019,,,,,2024-09-27
윤태양광발전소,,전북특별자치도 익산시 금마면 갈산리 252-14 토지,36.0067173790805,127.003173830589,,정상가동,99.4,380,60,2019,,,,,2024-09-27
이월나무태양광,,전북특별자치도 익산시 금마면 갈산리 252-16 토지,36.006424929455,127.003158068456,,정상가동,99.4,380,60,2019,,,,,2024-09-27
산수2호태양광발전소,,전북특별자치도 익산시 금마면 갈산리 252-25,36.0057290911674,127.003017841091,,정상가동,99.4,380,60,2019,,,,,2024-09-27
구월나무태양광,,전북특별자치도 익산시 금마면 갈산리 252-3 토지,36.0062042270682,127.00277239748,,정상가동,99.4,380,60,2019,,,,,2024-09-27
훈태양광발전소,,전북특별자치도 익산시 금마면 갈산리 252-9 토지,36.0065837254274,127.003205104281,,정상가동,99.4,380,60,2019,,,,,2024-09-27
금강 태양광발전소,전북특별자치도 익산시 금마면 궁성로 750,,35.9792369528759,127.05426816051,,정상가동,99.4,380,60,2019,,,,,2024-09-27
기양1호 태양광발전소,,"전북특별자치도 익산시 금마면 기양리 398번지 1호 , 399",36.0078075607947,127.013072293456,,정상가동,98.33,380,60,2018,,,,,2024-09-27
지나금마 태양광발전소,,전북특별자치도 익산시 금마면 동고도리 263-1,35.9928865040023,127.06264254038,,정상가동,98.33,380,60,2018,,,,,2024-09-27
신촌솔라 태양광발전소,,전북특별자치도 익산시 금마면 동고도리 263-1,35.9928865040023,127.06264254038,,정상가동,98.33,380,60,2018,,,,,2024-09-27
상희금마 태양광발전소,,전북특별자치도 익산시 금마면 동고도리 263-1,35.9928865040023,127.06264254038,,정상가동,98.33,380,60,2018,,,,,2024-09-27
기영 태양광발전소,,전북특별자치도 익산시 금마면 동고도리 8-15토지,35.9935965571803,127.069410133694,,정상가동,98.33,380,60,2018,,,,,2024-09-27
마전 태양광발전소,"전북특별자치도 익산시 금마면 마전길 10, 건물위",,36.0120624016039,127.012765064557,,정상가동,98.33,380,60,2018,,,,,2024-09-27
금마3 태양광발전소,전북특별자치도 익산시 금마면 미륵사지로1길 103,,35.9902404502619,127.060769748657,,정상가동,98.33,380,60,2018,,,,,2024-09-27
금마2 태양광발전소,전북특별자치도 익산시 금마면 미륵사지로1길 103,,35.9902404502619,127.060769748657,,정상가동,98.33,380,60,2018,,,,,2024-09-27
금마1 태양광발전소,전북특별자치도 익산시 금마면 미륵사지로1길 103,,35.9902404502619,127.060769748657,,정상가동,98.33,380,60,2018,,,,,2024-09-27
한빛큰교회 발전소,"전북특별자치도 익산시 금마면 미륵사지로4길 5, 한빛큰교회",,35.9904269661767,127.047699802689,,정상가동,98.33,380,60,2018,,,,,2024-09-27
영광 태양광발전소,전북특별자치도 익산시 금마면 쌍능길 318,,35.9922433719672,127.048009304993,,정상가동,98.33,380,60,2018,,,,,2024-09-27
형제태양광발전소,전북특별자치도 익산시 금마면 오작골길 33-25,,35.9941617555088,127.034304186727,,정상가동,19.38,380,60,2018,,,,,2024-09-27
선희 태양광발전소,전북특별자치도 익산시 금마면 용순1길 70,,36.0035668646201,127.03362402919,,정상가동,19.38,380,60,2018,,,,,2024-09-27
호상 태양광발전소,전북특별자치도 익산시 금마면 용순1길 70,,36.0035668646201,127.03362402919,,정상가동,98.33,380,60,2018,,,,,2024-09-27
유한회사 동편마을 태양광발전소,전북특별자치도 익산시 금마면 용순1길 93,,36.0028860449875,127.032081045253,,정상가동,98.33,380,60,2018,,,,,2024-09-27
현5 태양광발전소,전북특별자치도 익산시 금마면 용순3길 49,,35.9939789104078,127.021934436231,,정상가동,33.81,380,60,2018,,,,,2024-09-27
현4 태양광발전소,전북특별자치도 익산시 금마면 용순3길 49,,35.9939789104078,127.021934436231,,정상가동,99.4,380,60,2019,,,,,2024-09-27
현3 태양광발전소,전북특별자치도 익산시 금마면 용순3길 49,,35.9939789104078,127.021934436231,,정상가동,99.4,380,60,2019,,,,,2024-09-27
현2 태양광발전소,전북특별자치도 익산시 금마면 용순3길 49,,35.9939789104078,127.021934436231,,정상가동,99.4,380,60,2019,,,,,2024-09-27
현1 태양광발전소,전북특별자치도 익산시 금마면 용순3길 49,,35.9939789104078,127.021934436231,,정상가동,99.4,380,60,2019,,,,,2024-09-27
담인12 태양광발전소,전북특별자치도 익산시 금마면 용순3길 49,,35.9939789104078,127.021934436231,,정상가동,99.4,380,60,2019,,,,,2024-09-27
담인11 태양광발전소,전북특별자치도 익산시 금마면 용순3길 49,,35.9939789104078,127.021934436231,,정상가동,99.4,380,60,2019,,,,,2024-09-27
담인10 태양광발전소,전북특별자치도 익산시 금마면 용순3길 49,,35.9939789104078,127.021934436231,,정상가동,99.4,380,60,2019,,,,,2024-09-27
담인9 태양광발전소,전북특별자치도 익산시 금마면 용순3길 49,,35.9939789104078,127.021934436231,,정상가동,99.4,380,60,2019,,,,,2024-09-27
담인8 태양광발전소,전북특별자치도 익산시 금마면 용순3길 49,,35.9939789104078,127.021934436231,,정상가동,30.0,380,60,2020,,,,,2024-09-27
담인7 태양광발전소,전북특별자치도 익산시 금마면 용순3길 49,,35.9939789104078,127.021934436231,,정상가동,99.4,380,60,2018,,,,,2024-09-27
담인6 태양광발전소,전북특별자치도 익산시 금마면 용순3길 49,,35.9939789104078,127.021934436231,,정상가동,54.67,380,60,2018,,,,,2024-09-27
담인5 태양광발전소,전북특별자치도 익산시 금마면 용순3길 49,,35.9939789104078,127.021934436231,,정상가동,99.4,380,60,2018,,,,,2024-09-27
담인4 태양광발전소,전북특별자치도 익산시 금마면 용순3길 49,,35.9939789104078,127.021934436231,,정상가동,99.4,380,60,2018,,,,,2024-09-27
담인3 태양광발전소,전북특별자치도 익산시 금마면 용순3길 49,,35.9939789104078,127.021934436231,,정상가동,99.4,380,60,2018,,,,,2024-09-27
담인2 태양광발전소,전북특별자치도 익산시 금마면 용순3길 49,,35.9939789104078,127.021934436231,,정상가동,99.0,380,60,2020,,,,,2024-09-27
담인1 태양광발전소,전북특별자치도 익산시 금마면 용순3길 49,,35.9939789104078,127.021934436231,,정상가동,99.4,380,60,2018,,,,,2024-09-27
문장8 태양광발전소,전북특별자치도 익산시 금마면 용순3길 49,,35.9939789104078,127.021934436231,,정상가동,99.4,380,60,2018,,,,,2024-09-27
문장7 태양광발전소,전북특별자치도 익산시 금마면 용순3길 49,,35.9939789104078,127.021934436231,,정상가동,99.4,380,60,2018,,,,,2024-09-27
문장6 태양광발전소,전북특별자치도 익산시 금마면 용순3길 49,,35.9939789104078,127.021934436231,,정상가동,99.4,380,60,2018,,,,,2024-09-27
문장5 태양광발전소,전북특별자치도 익산시 금마면 용순3길 49,,35.9939789104078,127.021934436231,,정상가동,99.4,380,60,2018,,,,,2024-09-27
문장4 태양광발전소,전북특별자치도 익산시 금마면 용순3길 49,,35.9939789104078,127.021934436231,,정상가동,99.4,380,60,2018,,,,,2024-09-27
문장3 태양광발전소,전북특별자치도 익산시 금마면 용순3길 49,,35.9939789104078,127.021934436231,,정상가동,99.4,380,60,2018,,,,,2024-09-27
문장2 태양광발전소,전북특별자치도 익산시 금마면 용순3길 49,,35.9939789104078,127.021934436231,,정상가동,99.62,380,60,2018,,,,,2024-09-27
문장1 태양광발전소,전북특별자치도 익산시 금마면 용순3길 49,,35.9939789104078,127.021934436231,,정상가동,99.62,380,60,2018,,,,,2024-09-27
감자6 태양광발전소,전북특별자치도 익산시 금마면 용순3길 49,,35.9939789104078,127.021934436231,,정상가동,99.62,380,60,2018,,,,,2024-09-27
감자5 태양광발전소,전북특별자치도 익산시 금마면 용순3길 49,,35.9939789104078,127.021934436231,,정상가동,99.62,380,60,2018,,,,,2024-09-27
감자4 태양광발전소,전북특별자치도 익산시 금마면 용순3길 49,,35.9939789104078,127.021934436231,,정상가동,99.62,380,60,2018,,,,,2024-09-27
감자3 태양광발전소,전북특별자치도 익산시 금마면 용순3길 49,,35.9939789104078,127.021934436231,,정상가동,99.62,380,60,2018,,,,,2024-09-27
감자2 태양광발전소,전북특별자치도 익산시 금마면 용순3길 49,,35.9939789104078,127.021934436231,,정상가동,99.62,380,60,2018,,,,,2024-09-27
감자1 태양광발전소,전북특별자치도 익산시 금마면 용순3길 49,,35.9939789104078,127.021934436231,,정상가동,99.62,380,60,2018,,,,,2024-09-27
쌍용12 태양광발전소,전북특별자치도 익산시 금마면 용순3길 49,,35.9939789104078,127.021934436231,,정상가동,99.62,380,60,2018,,,,,2024-09-27
쌍용11 태양광발전소,전북특별자치도 익산시 금마면 용순3길 49,,35.9939789104078,127.021934436231,,정상가동,99.62,380,60,2018,,,,,2024-09-27
쌍용10 태양광발전소,전북특별자치도 익산시 금마면 용순3길 49,,35.9939789104078,127.021934436231,,정상가동,99.62,380,60,2018,,,,,2024-09-27
쌍용9 태양광발전소,전북특별자치도 익산시 금마면 용순3길 49,,35.9939789104078,127.021934436231,,정상가동,97.92,380,60,2019,,,,,2024-09-27
쌍용8 태양광발전소,전북특별자치도 익산시 금마면 용순3길 49,,35.9939789104078,127.021934436231,,정상가동,97.92,380,60,2019,,,,,2024-09-27
쌍용7 태양광발전소,전북특별자치도 익산시 금마면 용순3길 49,,35.9939789104078,127.021934436231,,정상가동,99.36,380,60,2019,,,,,2024-09-27
쌍용6 태양광발전소,전북특별자치도 익산시 금마면 용순3길 49,,35.9939789104078,127.021934436231,,정상가동,99.36,380,60,2019,,,,,2024-09-27
쌍용5 태양광발전소,전북특별자치도 익산시 금마면 용순3길 49,,35.9939789104078,127.021934436231,,정상가동,99.36,380,60,2019,,,,,2024-09-27
쌍용4 태양광발전소,전북특별자치도 익산시 금마면 용순3길 49,,35.9939789104078,127.021934436231,,정상가동,99.62,380,60,2018,,,,,2024-09-27
쌍용3 태양광발전소,전북특별자치도 익산시 금마면 용순3길 49,,35.9939789104078,127.021934436231,,정상가동,99.62,380,60,2018,,,,,2024-09-27
쌍용2 태양광발전소,전북특별자치도 익산시 금마면 용순3길 49,,35.9939789104078,127.021934436231,,정상가동,99.62,380,60,2018,,,,,2024-09-27
쌍용1 태양광발전소,전북특별자치도 익산시 금마면 용순3길 49,,35.9939789104078,127.021934436231,,정상가동,91.8,380,60,2019,,,,,2024-09-27
소농2 태양광발전소,전북특별자치도 익산시 금마면 용순3길 49,,35.9939789104078,127.021934436231,,정상가동,98.49,380,60,2020,,,,,2024-09-27
소농1 태양광발전소,전북특별자치도 익산시 금마면 용순3길 49,,35.9939789104078,127.021934436231,,정상가동,98.49,380,60,2020,,,,,2024-09-27
신정태양광발전소,,전북특별자치도 익산시 금마면 용순리 459-3,35.9935509704399,127.028899747704,,정상가동,98.49,380,60,2020,,,,,2024-09-27
대한 태양광발전소,,전북특별자치도 익산시 금마면 용순리 489,35.9874117821946,127.029165534064,,정상가동,99.36,380,60,2022,,,,,2024-09-27
서정5호 태양광발전소,,전북특별자치도 익산시 금마면 용순리 489,35.9874117821946,127.029165534064,,정상가동,99.0,380,60,2019,,,,,2024-09-27
유성 태양광발전소,,"전북특별자치도 익산시 금마면 용순리 489 ,491",,,,정상가동,99.0,380,60,2019,,,,,2024-09-27
남호 태양광발전소,,전북특별자치도 익산시 금마면 용순리 491,35.9883180207719,127.028218619279,,정상가동,99.0,380,60,2019,,,,,2024-09-27
효승3호 태양광발전소,,전북특별자치도 익산시 금마면 용순리 491,35.9883180207719,127.028218619279,,정상가동,99.0,380,60,2019,,,,,2024-09-27
대한2호 태양광발전소,,전북특별자치도 익산시 금마면 용순리 491,35.9883180207719,127.028218619279,,정상가동,99.0,380,60,2019,,,,,2024-09-27
현미 태양광발전소,,전북특별자치도 익산시 금마면 용순리 491,35.9883180207719,127.028218619279,,정상가동,79.56,380,60,2019,,,,,2024-09-27
유진 태양광발전소,,전북특별자치도 익산시 금마면 용순리 507-2,35.991475578091,127.02458064373,,정상가동,99.0,380,60,2019,,,,,2024-09-27
뚤루즈 태양광발전소,,전북특별자치도 익산시 금마면 용순리 507번지,35.9913660579272,127.024236495419,,정상가동,99.0,380,60,2019,,,,,2024-09-27
용순리 태양광발전소,,전북특별자치도 익산시 금마면 용순리 512,35.9916777149049,127.024630388627,,정상가동,99.0,380,60,2019,,,,,2024-09-27
별이네 태양광발전소,"전북특별자치도 익산시 나룻가신천길 47, 건물위 (인화동2가)",,35.9220678831109,126.950937215902,,정상가동,99.0,380,60,2019,,,,,2024-09-27
강변3 태양광발전소,전북특별자치도 익산시 낭산면 강변1길 58-73,,36.0503236201381,127.006001795474,,정상가동,99.0,380,60,2019,,,,,2024-09-27
강변2 태양광발전소,전북특별자치도 익산시 낭산면 강변1길 58-73,,36.0503236201381,127.006001795474,,정상가동,99.0,380,60,2019,,,,,2024-09-27
강변1 태양광발전소,전북특별자치도 익산시 낭산면 강변1길 58-73,,36.0503236201381,127.006001795474,,정상가동,99.16,380,60,2021,,,,,2024-09-27
강변1호 태양광발전소,전북특별자치도 익산시 낭산면 강변1길 61-21,,36.0446196036786,127.010768384154,,정상가동,99.16,380,60,2021,,,,,2024-09-27
썬웨이브 태양광발전소,,"전북특별자치도 익산시 낭산면 구평리 1539 ,1539--1 건물위",,,,정상가동,99.16,380,60,2021,,,,,2024-09-27
능선태양광발전소,,"전북특별자치도 익산시 낭산면 구평리 154-1 161-1, 주1 건물위",,,,정상가동,99.16,380,60,2021,,,,,2024-09-27
소망 태양광발전소,,전북특별자치도 익산시 낭산면 구평리 187-1 토지,36.0612996916728,127.00172708776,,정상가동,99.16,380,60,2021,,,,,2024-09-27
삼익3호 태양광발전소,,전북특별자치도 익산시 낭산면 구평리 221-6,36.0614060006652,127.005753452082,,정상가동,99.16,380,60,2021,,,,,2024-09-27
삼익2호 태양광발전소,,전북특별자치도 익산시 낭산면 구평리 221-6,36.0614060006652,127.005753452082,,정상가동,99.16,380,60,2021,,,,,2024-09-27
삼익1호 태양광발전소,,전북특별자치도 익산시 낭산면 구평리 221-6,36.0614060006652,127.005753452082,,정상가동,99.0,380,60,2019,,,,,2024-09-27
해드림나눔발전소10호 태양광발전소,,"전북특별자치도 익산시 낭산면 구평리 221-6 ,9동 건물위",36.0614060006652,127.005753452082,,정상가동,99.0,380,60,2019,,,,,2024-09-27
새한3호 태양광발전소,,전북특별자치도 익산시 낭산면 구평리 387-1 토지,36.0643227038532,127.004011747663,,정상가동,99.0,380,60,2019,,,,,2024-09-27
봉아봉 태양광발전소,,전북특별자치도 익산시 낭산면 구평리 390 토지,36.0644047302652,127.003534564037,,정상가동,99.0,380,60,2019,,,,,2024-09-27
깔라�p 태양광발전소,,전북특별자치도 익산시 낭산면 구평리 390-2 토지,36.0641880744425,127.003586724071,,정상가동,99.0,380,60,2019,,,,,2024-09-27
윤 태양광발전소,,"전북특별자치도 익산시 낭산면 구평리 513-20 ,513-9 건물위",,,,정상가동,19.72,220+380,60,2017,,,,,2024-09-27
김정백태양광발전소,,전북특별자치도 익산시 낭산면 구평리 618-1 토지,36.0564061178745,127.002450736743,,정상가동,99.4,380,60,2019,,,,,2024-09-27
구평2호태양광발전소,,전북특별자치도 익산시 낭산면 구평리 780 토지,36.0522008531909,127.012209193725,,정상가동,99.4,380,60,2019,,,,,2024-09-27
선현태양광발전소,,전북특별자치도 익산시 낭산면 구평리 780 토지,36.0522008531909,127.012209193725,,정상가동,99.4,380,60,2019,,,,,2024-09-27
낭산이담3태양광발전소,,전북특별자치도 익산시 낭산면 구평리 780-50 토지,36.0518613517861,127.012303032154,,정상가동,99.4,380,60,2019,,,,,2024-09-27
낭산이담1태양광발전소,,전북특별자치도 익산시 낭산면 구평리 780-71 토지,36.0517202057191,127.011538233877,,정상가동,99.0,380,60,2020,,,,,2024-09-27
낭산이담2태양광발전소,,전북특별자치도 익산시 낭산면 구평리 781 토지,36.0517907390536,127.011872743933,,정상가동,99.0,380,60,2020,,,,,2024-09-27
낭산다모아4태양광발전소,,전북특별자치도 익산시 낭산면 구평리 781-3 토지,36.0514850204945,127.011171183482,,정상가동,99.36,380,60,2020,,,,,2024-09-27
구평태양광발전소,,전북특별자치도 익산시 낭산면 구평리 781-4 토지,36.0512853027398,127.011236079319,,정상가동,99.36,380,60,2020,,,,,2024-09-27
낭산다모아5태양광발전소,,전북특별자치도 익산시 낭산면 구평리 782 토지,36.0515697816953,127.011635542869,,정상가동,99.4,380,60,2020,,,,,2024-09-27
구평1호태양광발전소,,전북특별자치도 익산시 낭산면 구평리 783-1 토지,36.0513216317442,127.010116282698,,정상가동,99.4,380,60,2020,,,,,2024-09-27
금성2호 태양광발전소,,전북특별자치도 익산시 낭산면 낭산리 550-2,36.0617394026097,127.029799976925,,정상가동,99.4,380,60,2020,,,,,2024-09-27
금성 태양광발전소,,전북특별자치도 익산시 낭산면 낭산리 550번지 2호,36.0621084746403,127.029716868728,,정상가동,99.4,380,60,2020,,,,,2024-09-27
다중4호 태양광발전소,전북특별자치도 익산시 낭산면 낭산중앙로 194-18,,36.0598495774507,127.005922714585,,정상가동,99.4,380,60,2020,,,,,2024-09-27
다중3호 태양광발전소,전북특별자치도 익산시 낭산면 낭산중앙로 194-18,,36.0598495774507,127.005922714585,,정상가동,99.4,380,60,2020,,,,,2024-09-27
다중2호 태양광발전소,전북특별자치도 익산시 낭산면 낭산중앙로 194-18,,36.0598495774507,127.005922714585,,정상가동,99.4,380,60,2020,,,,,2024-09-27
다중1호 태양광발전소,전북특별자치도 익산시 낭산면 낭산중앙로 194-18,,36.0598495774507,127.005922714585,,정상가동,99.4,380,60,2020,,,,,2024-09-27
소원2 태양광발전소,전북특별자치도 익산시 낭산면 낭산중앙로 194-5,,36.0604660688832,127.004711481228,,정상가동,99.4,380,60,2020,,,,,2024-09-27
소원1 태양광발전소,전북특별자치도 익산시 낭산면 낭산중앙로 194-5,,36.0604660688832,127.004711481228,,정상가동,99.4,380,60,2020,,,,,2024-09-27
근민 태양광발전소,전북특별자치도 익산시 낭산면 내돈길 59-4,,36.0669578812544,127.019028741478,,정상가동,99.4,380,60,2020,,,,,2024-09-27
호암2호 태양광발전소,전북특별자치도 익산시 낭산면 돈다메길 75,,36.068622057501,127.022299812479,,정상가동,99.4,380,60,2020,,,,,2024-09-27
두영7 태양광발전소,전북특별자치도 익산시 낭산면 미륵사지로 903-16,,36.0442166228853,126.987847635742,,정상가동,99.4,380,60,2020,,,,,2024-09-27
두영6 태양광발전소,전북특별자치도 익산시 낭산면 미륵사지로 903-16,,36.0442166228853,126.987847635742,,정상가동,99.4,380,60,2020,,,,,2024-09-27
두영5 태양광발전소,전북특별자치도 익산시 낭산면 미륵사지로 903-16,,36.0442166228853,126.987847635742,,정상가동,49.7,380,60,2020,,,,,2024-09-27
두영4 태양광발전소,전북특별자치도 익산시 낭산면 미륵사지로 903-16,,36.0442166228853,126.987847635742,,정상가동,99.4,380,60,2020,,,,,2024-09-27
두영3 태양광발전소,전북특별자치도 익산시 낭산면 미륵사지로 903-16,,36.0442166228853,126.987847635742,,정상가동,99.4,380,60,2020,,,,,2024-09-27
경미산업 태양광발전소,전북특별자치도 익산시 낭산면 산단구평길 125-6,,36.0447008165436,126.997775121284,,정상가동,99.4,380,60,2020,,,,,2024-09-27
전일3호 태양광발전소,전북특별자치도 익산시 낭산면 산단구평길 142-21,,36.0466573832366,126.997948075946,,정상가동,99.4,380,60,2020,,,,,2024-09-27
전일2호 태양광발전소,전북특별자치도 익산시 낭산면 산단구평길 142-21,,36.0466573832366,126.997948075946,,정상가동,76.16,380,60,2018,,,,,2024-09-27
전일1호 태양광발전소,전북특별자치도 익산시 낭산면 산단구평길 142-21,,36.0466573832366,126.997948075946,,정상가동,76.16,380,60,2018,,,,,2024-09-27
해성 태양광발전소,,전북특별자치도 익산시 낭산면 삼담리 100-19 토지,36.0828805152287,127.030332438217,,정상가동,97.92,380,60,2020,,,,,2024-09-27
스마일 태양광발전소,,전북특별자치도 익산시 낭산면 삼담리 100-20 토지,36.082618985558,127.030313685509,,정상가동,97.92,380,60,2020,,,,,2024-09-27
절전2 태양광발전소,,전북특별자치도 익산시 낭산면 삼담리 100-21 토지,36.0824397340041,127.030308287496,,정상가동,97.92,380,60,2020,,,,,2024-09-27
그루2호 태양광발전소,,"전북특별자치도 익산시 낭산면 삼담리 100-24 ,100-26 토지",,,,정상가동,99.0,380,60,2021,,,,,2024-09-27
건우 태양광발전소,,전북특별자치도 익산시 낭산면 삼담리 100-3 토지,36.0831670380644,127.030235067376,,정상가동,99.0,380,60,2018,,,,,2024-09-27
골든벨2호 태양광발전소,,전북특별자치도 익산시 낭산면 삼담리 100-9 토지,36.0821555427046,127.030803792502,,정상가동,99.0,380,60,2018,,,,,2024-09-27
민준낭산3 태양광발전소,,전북특별자치도 익산시 낭산면 삼담리 101-32,36.0792658459013,127.031228984484,,정상가동,98.33,380,60,2018,,,,,2024-09-27
민준낭산2 태양광발전소,,전북특별자치도 익산시 낭산면 삼담리 101-32,36.0792658459013,127.031228984484,,정상가동,98.33,380,60,2018,,,,,2024-09-27
민준낭산1 태양광발전소,,전북특별자치도 익산시 낭산면 삼담리 101-32,36.0792658459013,127.031228984484,,정상가동,98.33,380,60,2018,,,,,2024-09-27
제헌낭산1 태양광발전소,,"전북특별자치도 익산시 낭산면 삼담리 101-32 1,2,3동",36.0792658459013,127.031228984484,,정상가동,98.33,380,60,2018,,,,,2024-09-27
지나낭산1 태양광발전소,,전북특별자치도 익산시 낭산면 삼담리 101-32 2동,36.0792658459013,127.031228984484,,정상가동,98.33,380,60,2018,,,,,2024-09-27
지나낭산2 태양광발전소,,전북특별자치도 익산시 낭산면 삼담리 101-32 3동,36.0792658459013,127.031228984484,,정상가동,98.33,380,60,2019,,,,,2024-09-27
그루3호 태양광발전소,,전북특별자치도 익산시 낭산면 삼담리 108 토지,36.0803183280005,127.02265205703,,정상가동,98.33,380,60,2018,,,,,2024-09-27
삼담1 태양광발전소,,전북특별자치도 익산시 낭산면 삼담리 108 토지,36.0803183280005,127.02265205703,,정상가동,98.33,380,60,2019,,,,,2024-09-27
삼담태양광발전소,,전북특별자치도 익산시 낭산면 삼담리 110-3,36.0803678553923,127.020886486015,,정상가동,99.33,380,60,2019,,,,,2024-09-27
해봄 태양광발전소,,전북특별자치도 익산시 낭산면 삼담리 110-35,36.0800779870327,127.021089024031,,정상가동,98.33,380,60,2019,,,,,2024-09-27
축복 태양광발전소,,전북특별자치도 익산시 낭산면 삼담리 1257-30 토지,36.0826480331379,127.008346664217,,정상가동,98.33,380,60,2019,,,,,2024-09-27
희망 태양광발전소,,전북특별자치도 익산시 낭산면 삼담리 1257-31 토지,36.0825930771971,127.008075756729,,정상가동,99.36,380,60,2018,,,,,2024-09-27
삼담 태양광발전소,,전북특별자치도 익산시 낭산면 삼담리 1257-32 토지,36.0824550128185,127.008035107429,,정상가동,99.4,380,60,2020,,,,,2024-09-27
중광2호 태양광발전소,,전북특별자치도 익산시 낭산면 삼담리 1257-33 토지,36.0824049152093,127.007880000387,,정상가동,99.4,380,60,2020,,,,,2024-09-27
성운-3 태양광발전소,,전북특별자치도 익산시 낭산면 삼담리 1264-16,36.0813293780925,127.001395343376,,정상가동,99.4,380,60,2020,,,,,2024-09-27
이진수 태양광발전소,,"전북특별자치도 익산시 낭산면 삼담리 1371-1 ,1371-2 건물위",,,,정상가동,99.4,380,60,2020,,,,,2024-09-27
이상수 태양광발전소,,"전북특별자치도 익산시 낭산면 삼담리 1371-1 ,1371-2 건물위",,,,정상가동,99.4,380,60,2020,,,,,2024-09-27
마한3호 태양광발전소,,전북특별자치도 익산시 낭산면 삼담리 152,36.0808431875698,127.020197937196,,정상가동,99.4,380,60,2020,,,,,2024-09-27
마한1호 태양광발전소,,전북특별자치도 익산시 낭산면 삼담리 152,36.0808431875698,127.020197937196,,정상가동,99.4,380,60,2020,,,,,2024-09-27
마한2호 태양광발전소,,전북특별자치도 익산시 낭산면 삼담리 153-4,36.0810354836844,127.020343204575,,정상가동,99.4,380,60,2020,,,,,2024-09-27
극동1호 태양광발전소,,"전북특별자치도 익산시 낭산면 삼담리 23-8 ,23-33, 23-34, 23-35(1,2동) 건물위",,,,정상가동,99.4,380,60,2020,,,,,2024-09-27
극동2호 태양광발전소,,"전북특별자치도 익산시 낭산면 삼담리 23-8 ,23-33, 23-34, 23-35(2,3동) 건물위",,,,정상가동,99.4,380,60,2020,,,,,2024-09-27
낭산2호 태양광발전소,,전북특별자치도 익산시 낭산면 삼담리 348-8,36.072711634972,127.016718537211,,정상가동,99.4,380,60,2020,,,,,2024-09-27
낭산1호 태양광발전소,,전북특별자치도 익산시 낭산면 삼담리 348-8,36.072711634972,127.016718537211,,정상가동,99.12,380,60,2020,,,,,2024-09-27
영진1호 태양광발전소,,전북특별자치도 익산시 낭산면 삼담리 41번지 5호,,,,정상가동,99.12,380,60,2020,,,,,2024-09-27
덕산 태양광발전소,,전북특별자치도 익산시 낭산면 삼담리 421번지 3호,36.0714446602244,127.014199239061,,정상가동,99.12,380,60,2020,,,,,2024-09-27
삼담1호 발전소,,전북특별자치도 익산시 낭산면 삼담리 428-1 토지,36.0708957945386,127.015106970679,,정상가동,99.12,380,60,2020,,,,,2024-09-27
오병이어 발전소,,전북특별자치도 익산시 낭산면 삼담리 428-4 토지,36.0707220878872,127.015428529356,,정상가동,99.12,380,60,2020,,,,,2024-09-27
개미 태양광발전소,,"전북특별자치도 익산시 낭산면 삼담리 677-7 , 677-8, 677-9 토지",,,,정상가동,99.36,380,60,2018,,,,,2024-09-27
길태양광발전소1호,,전북특별자치도 익산시 낭산면 석천리 104-9,36.0613944403109,127.053769653952,,정상가동,99.45,380,60,2020,,,,,2024-09-27
길태양광발전소3호,,"전북특별자치도 익산시 낭산면 석천리 104-9 , 104-10",,,,정상가동,99.45,380,60,2020,,,,,2024-09-27
길태양광발전소2호,,"전북특별자치도 익산시 낭산면 석천리 104-9 ,104-10",,,,정상가동,99.45,380,60,2020,,,,,2024-09-27
정탁 태양광발전소,,전북특별자치도 익산시 낭산면 석천리 136-1,36.0552276285792,127.053770231307,,정상가동,99.45,380,60,2020,,,,,2024-09-27
청호 태양광발전소,,전북특별자치도 익산시 낭산면 석천리 136-6 토지,36.0551138765406,127.054209106154,,정상가동,99.45,380,60,2020,,,,,2024-09-27
서익산 태양광발전소,,전북특별자치도 익산시 낭산면 석천리 136-7 토지,36.0547847829341,127.054134075778,,정상가동,99.0,380,60,2019,,,,,2024-09-27
진석2 태양광발전소,,전북특별자치도 익산시 낭산면 석천리 136-9,36.054412305246,127.053936821136,,정상가동,97.92,380,60,2019,,,,,2024-09-27
청북5 태양광발전소,,전북특별자치도 익산시 낭산면 석천리 232,36.0518428262913,127.048879724037,,정상가동,99.0,380,60,2018,,,,,2024-09-27
대진태양광발전소,,전북특별자치도 익산시 낭산면 석천리 375-5,36.0581361479958,127.047599006966,,정상가동,99.0,380,60,2018,,,,,2024-09-27
대지태양광4호,,전북특별자치도 익산시 낭산면 석천리 8-105 토지,36.0534827963807,127.06157535165,,정상가동,99.0,380,60,2018,,,,,2024-09-27
대지태양광5호,,전북특별자치도 익산시 낭산면 석천리 8-68 토지,36.0531171475773,127.061967061794,,정상가동,98.8,380,60,2019,,,,,2024-09-27
마한3호 태양광발전소,,전북특별자치도 익산시 낭산면 석천리 88-34 토지,36.0739200884418,127.052769846933,,정상가동,98.8,380,60,2019,,,,,2024-09-27
이재식 태양광발전소,,전북특별자치도 익산시 낭산면 성남리 327번지 32호,,,,정상가동,98.8,380,60,2020,,,,,2024-09-27
민기 태양광발전소,,전북특별자치도 익산시 낭산면 성남리 535-38 토지,36.0406151669484,127.015072666351,,정상가동,98.8,380,60,2019,,,,,2024-09-27
신리태양광발전소,,전북특별자치도 익산시 낭산면 성남리 541-7 토지,36.038873159106,127.016622943587,,정상가동,48.6,380,60,2020,,,,,2024-09-27
낭산한우발전소1호,,전북특별자치도 익산시 낭산면 성남리 718 건물위,36.0479183181211,127.025831461004,,정상가동,99.0,380,60,2018,,,,,2024-09-27
필종 태양광발전소,전북특별자치도 익산시 낭산면 신북1길 10-1,,36.0550702295258,127.049041318358,,정상가동,99.0,380,60,2018,,,,,2024-09-27
재정 태양광발전소,전북특별자치도 익산시 낭산면 신북1길 14,,36.0546175555836,127.049232932251,,정상가동,99.0,380,60,2018,,,,,2024-09-27
도토리 태양광발전소,"전북특별자치도 익산시 낭산면 용기들길 112, 축사",,36.0689489356839,126.990741980063,,정상가동,99.0,380,60,2018,,,,,2024-09-27
진주강씨 태양광발전소,,"전북특별자치도 익산시 낭산면 용기리 1403-11 , 1403-12, 1403-13, 1403-14, 1403-15 토지",,,,정상가동,99.0,380,60,2018,,,,,2024-09-27
상지원 발전소,,"전북특별자치도 익산시 낭산면 용기리 1406-3 ,1406-4, 1406-5, 1406-6,1406-7,1406-8,1406-9 토지",,,,정상가동,99.0,380,60,2018,,,,,2024-09-27
두영2 태양광발전소,,전북특별자치도 익산시 낭산면 용기리 1941-1 건물위,36.0441012774455,126.987962952557,,정상가동,99.0,380,60,2018,,,,,2024-09-27
두영 태양광발전소,,전북특별자치도 익산시 낭산면 용기리 1941-1 건물위,36.0441012774455,126.987962952557,,정상가동,99.0,380,60,2018,,,,,2024-09-27
번형 태양광발전소,,"전북특별자치도 익산시 낭산면 용기리 228번지 , 230-5",,,,정상가동,99.0,380,60,2018,,,,,2024-09-27
류가네 태양광발전소,,전북특별자치도 익산시 낭산면 용기리 656-1,36.0612145843611,126.989108592314,,정상가동,99.0,380,60,2018,,,,,2024-09-27
현대스폰지,전북특별자치도 익산시 낭산면 용기신성길 27-9,,36.0746363793771,126.983964014127,,정상가동,99.0,380,60,2019,,,,,2024-09-27
진우2호 태양광발전소,"전북특별자치도 익산시 낭산면 우금1길 24, 대한티슈",,36.0632187894184,127.025796946169,,정상가동,99.0,380,60,2019,,,,,2024-09-27
진우1호 태양광발전소,"전북특별자치도 익산시 낭산면 우금1길 24, 대한티슈",,36.0632187894184,127.025796946169,,정상가동,99.0,380,60,2018,,,,,2024-09-27
의경 태양광발전소,전북특별자치도 익산시 낭산면 장평길 24-26,,36.0550141049606,127.019199004915,,정상가동,99.0,380,60,2018,,,,,2024-09-27
평화태양광발전소,전북특별자치도 익산시 낭산면 죽산길 5,,36.0767702054254,127.00436719042,,정상가동,99.0,380,60,2018,,,,,2024-09-27
대명솔라파크5호 태양광발전소,전북특별자치도 익산시 낭산면 진북로 1037,,36.0894984527466,127.018913033735,,정상가동,99.0,380,60,2018,,,,,2024-09-27
대명솔라파크4호 태양광발전소,전북특별자치도 익산시 낭산면 진북로 1037,,36.0894984527466,127.018913033735,,정상가동,99.0,380,60,2018,,,,,2024-09-27
진우 태양광발전소,전북특별자치도 익산시 낭산면 진북로 554-40,,36.0522038276761,127.02272268532,,정상가동,99.0,380,60,2018,,,,,2024-09-27
삼담11 태양광발전소,전북특별자치도 익산시 낭산면 진북로 910-27,,36.0812453425741,127.030673096019,,정상가동,99.0,380,60,2018,,,,,2024-09-27
삼담4 태양광발전소,전북특별자치도 익산시 낭산면 진북로 910-29,,36.080364173853,127.030846059339,,정상가동,99.0,380,60,2018,,,,,2024-09-27
삼담5 태양광발전소,전북특별자치도 익산시 낭산면 진북로 910-31,,36.0805031672905,127.030748524994,,정상가동,99.0,380,60,2019,,,,,2024-09-27
삼담6 태양광발전소,전북특별자치도 익산시 낭산면 진북로 910-33,,36.0806265445447,127.030748462009,,정상가동,99.0,380,60,2019,,,,,2024-09-27
삼담7 태양광발전소,전북특별자치도 익산시 낭산면 진북로 910-35,,36.0807488400458,127.030749508829,,정상가동,99.0,380,60,2019,,,,,2024-09-27
삼담8 태양광발전소,전북특별자치도 익산시 낭산면 진북로 910-37,,36.0808733920156,127.030737233788,,정상가동,99.9,380,60,2020,,,,,2024-09-27
삼담9 태양광발전소,전북특별자치도 익산시 낭산면 진북로 910-39,,36.0809978565627,127.030714411486,,정상가동,99.9,380,60,2020,,,,,2024-09-27
삼담10 태양광발전소,전북특별자치도 익산시 낭산면 진북로 910-41,,36.0811216048724,127.030673047959,,정상가동,99.36,380,60,2020,,,,,2024-09-27
정석태양광발전소,전북특별자치도 익산시 낭산면 하맹길 203,,36.0557462469701,127.002120972247,,정상가동,99.36,380,60,2020,,,,,2024-09-27
송기남 태양광발전소,전북특별자치도 익산시 낭산면 함낭로 913-5,,36.0775325484933,127.006391981862,,정상가동,99.36,380,60,2020,,,,,2024-09-27
참빛 태양광발전소,,전북특별자치도 익산시 낭산면 호암리 1-9 건물위,36.0711335625243,127.031278054833,,정상가동,99.36,380,60,2020,,,,,2024-09-27
서은 태양광발전소,,전북특별자치도 익산시 낭산면 호암리 370-2,36.068621708087,127.0130592588,,정상가동,99.36,380,60,2020,,,,,2024-09-27
덕산2호 태양광발전소,,전북특별자치도 익산시 낭산면 호암리 398번지,36.0705318120347,127.013410915883,,정상가동,38.64,380,60,2018,,,,,2024-09-27
써니1호 발전소,,전북특별자치도 익산시 낭산면 호암리 45-2 토지,36.0698662841087,127.018617271516,,정상가동,99.0,380,60,2019,,,,,2024-09-27
써니2호 발전소,,"전북특별자치도 익산시 낭산면 호암리 45-3 ,46 토지",,,,정상가동,99.0,380,60,2019,,,,,2024-09-27
낭산중앙교회 태양광발전소,,"전북특별자치도 익산시 낭산면 호암리 518, 519 - 건물상부",,,,정상가동,99.0,380,60,2020,,,,,2024-09-27
호암1호 태양광발전소,,전북특별자치도 익산시 낭산면 호암리 55 건물위,36.0685538270566,127.022341864323,,정상가동,99.0,380,60,2018,,,,,2024-09-27
김종섭 태양광발전소,전북특별자치도 익산시 낭산면 호천길 109,,36.0840406341404,127.035654200686,,정상가동,99.4,380,60,2018,,,,,2024-09-27
삼담3 태양광발전소,전북특별자치도 익산시 낭산면 호천길 67-10,,36.0824339249689,127.031171727082,,정상가동,99.4,380,60,2018,,,,,2024-09-27
신용5 태양광발전소,전북특별자치도 익산시 내곳길 171-32 (신용동),,35.9826763843013,126.934611254535,,정상가동,99.4,380,60,2018,,,,,2024-09-27
신용4 태양광발전소,전북특별자치도 익산시 내곳길 171-32 (신용동),,35.9826763843013,126.934611254535,,정상가동,99.4,380,60,2018,,,,,2024-09-27
신용3 태양광발전소,전북특별자치도 익산시 내곳길 171-32 (신용동),,35.9826763843013,126.934611254535,,정상가동,99.4,380,60,2018,,,,,2024-09-27
신용2 태양광발전소,전북특별자치도 익산시 내곳길 171-32 (신용동),,35.9826763843013,126.934611254535,,정상가동,99.4,380,60,2018,,,,,2024-09-27
신용1 태양광발전소,전북특별자치도 익산시 내곳길 171-32 (신용동),,35.9826763843013,126.934611254535,,정상가동,99.4,380,60,2018,,,,,2024-09-27
경선2 태양광발전소,전북특별자치도 익산시 내곳길 69-39 (신용동),,35.9785359906851,126.934569209477,,정상가동,99.4,380,60,2018,,,,,2024-09-27
덕기2호태양광발전소,,전북특별자치도 익산시 덕기동 575-8,35.9643465024708,127.034599365021,,정상가동,99.4,380,60,2018,,,,,2024-09-27
덕기3호태양광발전소,,전북특별자치도 익산시 덕기동 575-8,35.9643465024708,127.034599365021,,정상가동,99.4,380,60,2018,,,,,2024-09-27
덕기1호태양광발전소,,전북특별자치도 익산시 덕기동 575-8,35.9643465024708,127.034599365021,,정상가동,99.28,380,60,2018,,,,,2024-09-27
덕기2호 태양광발전소,,전북특별자치도 익산시 덕기동 604-3,35.9640590620193,127.038277433934,,정상가동,99.0,380,60,2019,,,,,2024-09-27
덕기1호 태양광발전소,,전북특별자치도 익산시 덕기동 604-3,35.9640590620193,127.038277433934,,정상가동,99.0,380,60,2019,,,,,2024-09-27
성원2 태양광발전소,,전북특별자치도 익산시 덕기동 681-70 건물위,35.9724090610361,127.033039937525,,정상가동,99.0,380,60,2019,,,,,2024-09-27
위드 태양광발전소,전북특별자치도 익산시 동서로 159-3 (모현동2가),,35.9559370121828,126.951981526472,,정상가동,99.0,380,60,2019,,,,,2024-09-27
해피 태양광발전소,"전북특별자치도 익산시 동서로13길 6-6(신동, 해피원룸)",,35.9598045371621,126.958866159551,,정상가동,99.0,380,60,2019,,,,,2024-09-27
큰골감농장 태양광발전소,전북특별자치도 익산시 동서로31길 38-1 (남중동),,35.9560870094248,126.962431294903,,정상가동,99.0,380,60,2019,,,,,2024-09-27
아다사이루리 태양광발전소,전북특별자치도 익산시 동서로39길 14 (영등동),,35.9510432885386,126.972313488512,,정상가동,99.0,380,60,2019,,,,,2024-09-27
영등 발전소,전북특별자치도 익산시 동서로51길 42-7 (어양동),,35.9550401818917,126.979381994921,,정상가동,99.0,380,60,2019,,,,,2024-09-27
하람 태양광발전소,"전북특별자치도 익산시 동서로53길 11, 노블리앙 (어양동)",,35.9561683611863,126.979952347674,,정상가동,99.0,380,60,2019,,,,,2024-09-27
프라임 발전소,"전북특별자치도 익산시 동서로57길 12, 섬마을조개구이 (어양동)",,35.9569823678974,126.979457643598,,정상가동,99.0,380,60,2019,,,,,2024-09-27
두연테크2호 태양광발전소,전북특별자치도 익산시 동천로13길 47(금강동),,35.9329727593439,126.978044972664,,정상가동,99.0,380,60,2019,,,,,2024-09-27
두연테크1호 태양광발전소,전북특별자치도 익산시 동천로13길 47(금강동),,35.9329727593439,126.978044972664,,정상가동,99.36,380,60,2019,,,,,2024-09-27
우리 태양광발전소,전북특별자치도 익산시 동천로7길 2 (동산동),,35.9295955592321,126.970608273349,,정상가동,99.36,380,60,2019,,,,,2024-09-27
화산마동1 태양광발전소,,전북특별자치도 익산시 마동 300-10 건물위,35.9372203557406,126.958686253275,,정상가동,99.16,380,60,2020,,,,,2024-09-27
화산마동2 태양광발전소,,전북특별자치도 익산시 마동 300-14 건물위,35.9373046680414,126.958558431942,,정상가동,99.16,380,60,2020,,,,,2024-09-27
마동 태양광발전소,,"전북특별자치도 익산시 마동 96번지 7호 ,건물상부",,,,정상가동,99.16,380,60,2020,,,,,2024-09-27
월드스크린4호 태양광발전소,전북특별자치도 익산시 마한로5길 18-7(영등동),,35.9659458686398,126.975372949101,,정상가동,99.16,380,60,2020,,,,,2024-09-27
남부건어물3호 태양광발전소,"전북특별자치도 익산시 마한로5길 18-8, 할인마트 (영등동)",,35.965382054385,126.97494154246,,정상가동,99.16,380,60,2020,,,,,2024-09-27
만석미래솔라 태양광발전소,전북특별자치도 익산시 만석길 247 (만석동),,35.9731542217742,126.924538422379,,정상가동,99.16,380,60,2020,,,,,2024-09-27
만석기가 태양광발전소,전북특별자치도 익산시 만석길 247 (만석동),,35.9731542217742,126.924538422379,,정상가동,99.4,380,60,2017,,,,,2024-09-27
만석에이스 태양광발전소,전북특별자치도 익산시 만석길 247 (만석동),,35.9731542217742,126.924538422379,,정상가동,99.16,380,60,2020,,,,,2024-09-27
만석성령 태양광발전소,전북특별자치도 익산시 만석길 247 (만석동),,35.9731542217742,126.924538422379,,정상가동,99.0,380,60,2019,,,,,2024-09-27
승진 태양광발전소,전북특별자치도 익산시 만석길 279-91 (현영동),,35.9803902291976,126.928319593332,,정상가동,99.0,380,60,2019,,,,,2024-09-27
호진 태양광발전소,전북특별자치도 익산시 만석길 279-91 (현영동),,35.9803902291976,126.928319593332,,정상가동,99.0,380,60,2019,,,,,2024-09-27
성전태양광발전소,전북특별자치도 익산시 만석길 306(현영동),,35.9732691186023,126.930799807097,,정상가동,99.0,380,60,2019,,,,,2024-09-27
부희 태양광발전소,전북특별자치도 익산시 만석길 317-17(현영동),,35.9754644585562,126.931140383917,,정상가동,99.0,380,60,2019,,,,,2024-09-27
혜진만석 태양광발전소,,전북특별자치도 익산시 만석동 679번지 15호,,,,정상가동,99.0,380,60,2019,,,,,2024-09-27
정훈만석 태양광발전소,,전북특별자치도 익산시 만석동 681번지 8호,,,,정상가동,99.0,380,60,2019,,,,,2024-09-27
영태만석 태양광발전소,,전북특별자치도 익산시 만석동 681번지 9호,,,,정상가동,99.0,380,60,2019,,,,,2024-09-27
공기 태양광발전소,,전북특별자치도 익산시 망성면 내촌리 1069-3,36.0862762024835,127.049373466142,,정상가동,98.6,380,60,2020,,,,,2024-09-27
성선 태양광발전소,,전북특별자치도 익산시 망성면 내촌리 1069-3,36.0862762024835,127.049373466142,,정상가동,99.0,380,60,2019,,,,,2024-09-27
성윤 태양광발전소,,전북특별자치도 익산시 망성면 내촌리 1069-3,36.0862762024835,127.049373466142,,정상가동,99.0,380,60,2019,,,,,2024-09-27
태소 태양광발전소,,전북특별자치도 익산시 망성면 내촌리 1069-3,36.0862762024835,127.049373466142,,정상가동,99.0,380,60,2019,,,,,2024-09-27
성근2 태양광발전소,,전북특별자치도 익산시 망성면 내촌리 1069-3,36.0862762024835,127.049373466142,,정상가동,99.0,380,60,2019,,,,,2024-09-27
성영 태양광발전소,,전북특별자치도 익산시 망성면 내촌리 1069-3,36.0862762024835,127.049373466142,,정상가동,99.0,380,60,2019,,,,,2024-09-27
이희구1호 태양광발전소,,전북특별자치도 익산시 망성면 내촌리 1069-3,36.0862762024835,127.049373466142,,정상가동,99.0,380,60,2019,,,,,2024-09-27
경호3호 태양광발전소,,전북특별자치도 익산시 망성면 내촌리 507-40,36.0988788066556,127.04634618054,,정상가동,99.0,380,60,2019,,,,,2024-09-27
성민2호 태양광발전소,,전북특별자치도 익산시 망성면 내촌리 509,36.0996743733187,127.045481684797,,정상가동,99.0,380,60,2019,,,,,2024-09-27
테라42호 태양광발전소,,전북특별자치도 익산시 망성면 내촌리 628-13,36.0902831639848,127.042937322739,,정상가동,99.0,380,60,2019,,,,,2024-09-27
테라41호 태양광발전소,,전북특별자치도 익산시 망성면 내촌리 628-13,36.0902831639848,127.042937322739,,정상가동,99.0,380,60,2019,,,,,2024-09-27
명보 태양광발전소,,"전북특별자치도 익산시 망성면 내촌리 630-16 ,630-17,630-18",,,,정상가동,99.0,380,60,2019,,,,,2024-09-27
세진71 태양광발전소,,"전북특별자치도 익산시 망성면 내촌리 630-16 ,630-17,630-18",,,,정상가동,99.0,380,60,2019,,,,,2024-09-27
중신2 태양광발전소,,전북특별자치도 익산시 망성면 내촌리 77-1,36.103064619755,127.048363714887,,정상가동,99.0,380,60,2019,,,,,2024-09-27
낙원2호 태양광발전소,,"전북특별자치도 익산시 망성면 내촌리 84-15, 84-18, 84-25 토지",,,,정상가동,99.0,380,60,2019,,,,,2024-09-27
인규 태양광발전소,,"전북특별자치도 익산시 망성면 내촌리 84-17, 84-24 토지",,,,정상가동,99.0,380,60,2019,,,,,2024-09-27
드림앤호프태양광발전소,,"전북특별자치도 익산시 망성면 내촌리 84-19, 84-22 토지",,,,정상가동,97.92,380,60,2019,,,,,2024-09-27
광일 태양광발전소,,"전북특별자치도 익산시 망성면 내촌리 84-20, 84-21, 84-23,84-26 토지",,,,정상가동,99.0,380,60,2017,,,,,2024-09-27
태윤희 태양광발전소,전북특별자치도 익산시 망성면 내촌화정길 22,,36.1004896186233,127.048462859503,,정상가동,99.0,380,60,2019,,,,,2024-09-27
성농7호 발전소,전북특별자치도 익산시 망성면 두무길 146,,36.1265095021645,127.00956748671,,정상가동,99.0,380,60,2019,,,,,2024-09-27
성농6호 발전소,전북특별자치도 익산시 망성면 두무길 146,,36.1265095021645,127.00956748671,,정상가동,99.0,380,60,2019,,,,,2024-09-27
힘찬찬 태양광발전소,전북특별자치도 익산시 망성면 망성로 283,,36.0977375631992,127.043294061705,,정상가동,99.0,380,60,2019,,,,,2024-09-27
무형 태양광발전소,"전북특별자치도 익산시 망성면 무형1길 76, 작물재배사",,36.115645295995,127.045961392679,,정상가동,99.0,380,60,2019,,,,,2024-09-27
파랑새 태양광발전소,,"전북특별자치도 익산시 망성면 무형리 152-35, 152-15 토지",,,,정상가동,99.0,380,60,2019,,,,,2024-09-27
서현 태양광발전소,,"전북특별자치도 익산시 망성면 무형리 152-57, 152-10, 152-32, 152-11, 152-53 토지",,,,정상가동,99.0,380,60,2019,,,,,2024-09-27
상전 태양광발전소,,"전북특별자치도 익산시 망성면 무형리 152-58, 152-13, 152-12, 152-31, 152-26, 152-51 토지",,,,정상가동,99.0,380,60,2019,,,,,2024-09-27
지온 태양광발전소,,"전북특별자치도 익산시 망성면 무형리 152-8, 152-9, 152-27 토지",,,,정상가동,99.0,380,60,2019,,,,,2024-09-27
오성 태양광발전소,,"전북특별자치도 익산시 망성면 무형리 157-1, 152-43, 152-44 토지",,,,정상가동,99.0,380,60,2019,,,,,2024-09-27
익산 태양광발전소,,전북특별자치도 익산시 망성면 무형리 164-8 토지,36.1373451680882,127.042615420564,,정상가동,99.96,380,60,2021,,,,,2024-09-27
강산 태양광발전소,,전북특별자치도 익산시 망성면 무형리 243-12,36.1255930856211,127.038575875806,,정상가동,99.96,380,60,2021,,,,,2024-09-27
권능플러스 태양광발전소,,전북특별자치도 익산시 망성면 무형리 243-13,36.1254417575405,127.038619680569,,정상가동,99.96,380,60,2021,,,,,2024-09-27
소망 태양광발전소,,전북특별자치도 익산시 망성면 무형리 243-6,36.1257193586644,127.038535946639,,정상가동,99.96,380,60,2021,,,,,2024-09-27
정심 태양광발전소,,"전북특별자치도 익산시 망성면 무형리 243-9 ,251-1",,,,정상가동,99.96,380,60,2021,,,,,2024-09-27
삼이 태양광발전소,,전북특별자치도 익산시 망성면 무형리 293-4,36.1197045793905,127.04272473868,,정상가동,99.96,380,60,2021,,,,,2024-09-27
에스알에너지8호 태양광발전소,,전북특별자치도 익산시 망성면 무형리 293-4,36.1197045793905,127.04272473868,,정상가동,99.96,380,60,2020,,,,,2024-09-27
건태2호 태양광발전소,,전북특별자치도 익산시 망성면 무형리 308,36.1205513790997,127.044653634539,,정상가동,99.96,380,60,2021,,,,,2024-09-27
영미2호 태양광발전소,,전북특별자치도 익산시 망성면 무형리 308,36.1205513790997,127.044653634539,,정상가동,99.96,380,60,2021,,,,,2024-09-27
사라2호 태양광발전소,,전북특별자치도 익산시 망성면 무형리 308,36.1205513790997,127.044653634539,,정상가동,99.96,380,60,2021,,,,,2024-09-27
진크 태양광발전소,,전북특별자치도 익산시 망성면 무형리 315-43,36.1205133481152,127.042165673783,,정상가동,97.92,380,60,2019,,,,,2024-09-27
지인 태양광발전소,,"전북특별자치도 익산시 망성면 무형리 561-14,561-17,561-20 토지",,,,정상가동,97.92,380,60,2019,,,,,2024-09-27
하늘빛2호 태양광발전소,,"전북특별자치도 익산시 망성면 무형리 561-2 ,561-3,561-4,561-5",,,,정상가동,99.36,380,60,2020,,,,,2024-09-27
작산 태양광발전소,"전북특별자치도 익산시 망성면 무형리 687-4,687-5(작산길 31) 건물위",,,,,정상가동,99.36,380,60,2020,,,,,2024-09-27
무형6호 태양광발전소,,전북특별자치도 익산시 망성면 무형리 896,36.1205427255698,127.048816636138,,정상가동,99.36,380,60,2020,,,,,2024-09-27
무형5호 태양광발전소,,전북특별자치도 익산시 망성면 무형리 896,36.1205427255698,127.048816636138,,정상가동,99.36,380,60,2020,,,,,2024-09-27
호남무형 태양광발전소,,전북특별자치도 익산시 망성면 무형리 896,36.1205427255698,127.048816636138,,정상가동,99.36,380,60,2020,,,,,2024-09-27
장원 태양광발전소,전북특별자치도 익산시 망성면 신작길 31,,36.1453180200016,127.00936476562,,정상가동,99.36,380,60,2020,,,,,2024-09-27
임마뉴엘2호 태양광발전소,전북특별자치도 익산시 망성면 신작길 44-20,,36.1437908364565,127.009232028143,,정상가동,99.36,380,60,2020,,,,,2024-09-27
썬 태양광발전소,,전북특별자치도 익산시 망성면 신작리 130,,,,정상가동,99.36,380,60,2020,,,,,2024-09-27
DS2에너지,,전북특별자치도 익산시 망성면 신작리 147-3,36.1352141547817,127.029080367577,,정상가동,49.7,380,60,2018,,,,,2024-09-27
승남 태양광발전소,,전북특별자치도 익산시 망성면 신작리 323,36.1323801898884,127.025562265129,,정상가동,99.4,380,60,2018,,,,,2024-09-27
민지1 태양광발전소,,전북특별자치도 익산시 망성면 신작리 323,36.1323801898884,127.025562265129,,정상가동,98.6,380,60,2018,,,,,2024-09-27
임마누엘3호 태양광발전소,,전북특별자치도 익산시 망성면 신작리 830-2,36.1438437239981,127.009406923879,,정상가동,98.6,380,60,2018,,,,,2024-09-27
임마누엘4호 태양광발전소,,전북특별자치도 익산시 망성면 신작리 834-8,36.1435051112,127.009749549919,,정상가동,98.6,380,60,2018,,,,,2024-09-27
임마누엘6호 태양광발전소,,전북특별자치도 익산시 망성면 신작리 835-2,36.1437449550249,127.00935746752,,정상가동,99.0,380,60,2018,,,,,2024-09-27
임마누엘5호 태양광발전소,,전북특별자치도 익산시 망성면 신작리 835-6,,,,정상가동,99.0,380,60,2018,,,,,2024-09-27
장원2호 태양광발전소,,전북특별자치도 익산시 망성면 신작리 875-18,36.1470401167709,127.007170539803,,정상가동,99.0,380,60,2018,,,,,2024-09-27
들샘 태양광발전소,전북특별자치도 익산시 망성면 야정1길 13,,36.1005943568011,127.036758413795,,정상가동,77.28,380,60,2018,,,,,2024-09-27
오공38-1 태양광발전소,,전북특별자치도 익산시 망성면 어량리 1241번지 (건물상부),36.1065553028748,127.026021787077,,정상가동,99.0,380,60,2017,,,,,2024-09-27
지훈 태양광발전소,,전북특별자치도 익산시 망성면 어량리 1399번지 2호,,,,정상가동,99.83,380,60,2019,,,,,2024-09-27
월평 태양광발전소,,전북특별자치도 익산시 망성면 어량리 1399번지 2호,,,,정상가동,99.83,380,60,2019,,,,,2024-09-27
태영2호 태양광발전소,,전북특별자치도 익산시 망성면 어량리 1399번지 2호,,,,정상가동,99.83,380,60,2019,,,,,2024-09-27
유연 태양광발전소,,전북특별자치도 익산시 망성면 어량리 1399번지 3호 토지,,,,정상가동,99.0,380,60,2019,,,,,2024-09-27
여정-01발전소,,전북특별자치도 익산시 망성면 어량리 1413 토지,36.115177506185,127.023454334496,,정상가동,99.0,380,60,2019,,,,,2024-09-27
지아 태양광발전소,,전북특별자치도 익산시 망성면 어량리 1420-11,36.1141841121356,127.022901245076,,정상가동,99.0,380,60,2019,,,,,2024-09-27
낭산2호 태양광발전소,,"전북특별자치도 익산시 망성면 어량리 1420-11,1413-6 토지",,,,정상가동,99.0,380,60,2019,,,,,2024-09-27
강일태양광1호,,"전북특별자치도 익산시 망성면 어량리 1420-17, 1413-7 토지",,,,정상가동,99.0,380,60,2018,,,,,2024-09-27
낭만2호 태양광발전소,,"전북특별자치도 익산시 망성면 어량리 1420-18,1413-8 토지",,,,정상가동,99.0,380,60,2018,,,,,2024-09-27
용진2호 태양광발전소,,"전북특별자치도 익산시 망성면 어량리 1420-19,1413-9 토지",,,,정상가동,99.0,380,60,2018,,,,,2024-09-27
시스템어량 태양광발전소,,"전북특별자치도 익산시 망성면 어량리 1472 ,1679-1,1679-2 토지",,,,정상가동,99.0,380,60,2018,,,,,2024-09-27
맹골태양광발전소,,전북특별자치도 익산시 망성면 어량리 1517-12,36.0926372712234,127.02789054404,,정상가동,99.0,380,60,2018,,,,,2024-09-27
맹금태양광발전소,,전북특별자치도 익산시 망성면 어량리 1517-13,36.0925696573251,127.027986680189,,정상가동,97.92,380,60,2019,,,,,2024-09-27
햇빛태양광발전소,,전북특별자치도 익산시 망성면 어량리 1517-14,36.0923556545615,127.027828040621,,정상가동,97.92,380,60,2019,,,,,2024-09-27
성전2호태양광발전소,,전북특별자치도 익산시 망성면 어량리 1517-15,36.0922203893845,127.027793904021,,정상가동,99.83,380,60,2019,,,,,2024-09-27
솜리태양광발전소,,전북특별자치도 익산시 망성면 어량리 1517-16,36.0920980131554,127.027753220792,,정상가동,99.0,380,60,2018,,,,,2024-09-27
그린태양광발전소,,전북특별자치도 익산시 망성면 어량리 1517-17,36.0920553102422,127.028076105973,,정상가동,99.0,380,60,2018,,,,,2024-09-27
은빛태양광발전소,,전북특별자치도 익산시 망성면 어량리 1517-18,36.0917890797543,127.027732570112,,정상가동,99.0,380,60,2018,,,,,2024-09-27
백록태양광발전소,,"전북특별자치도 익산시 망성면 어량리 1517-19 , 1517-27 토지",,,,정상가동,99.0,380,60,2018,,,,,2024-09-27
희상태양광발전소,,전북특별자치도 익산시 망성면 어량리 1517-20,36.0925749486743,127.028478919336,,정상가동,99.0,380,60,2018,,,,,2024-09-27
은정태양광발전소,,전북특별자치도 익산시 망성면 어량리 1517-21,36.0923963029984,127.028579345236,,정상가동,99.0,380,60,2018,,,,,2024-09-27
희석태양광발전소,,전북특별자치도 익산시 망성면 어량리 1517-22,36.0922790513939,127.028591517065,,정상가동,72.0,380,60,2019,,,,,2024-09-27
은주태양광발전소,,전북특별자치도 익산시 망성면 어량리 1517-23,36.0921332171633,127.028662084853,,정상가동,99.0,380,60,2019,,,,,2024-09-27
은정2호태양광발전소,,전북특별자치도 익산시 망성면 어량리 1517-25 토지,36.0917219552104,127.029181815973,,정상가동,99.0,380,60,2019,,,,,2024-09-27
나래태양광발전소,,전북특별자치도 익산시 망성면 어량리 1517-26,36.0918672136795,127.028508533318,,정상가동,99.0,380,60,2019,,,,,2024-09-27
미래 태양광발전소,,전북특별자치도 익산시 망성면 어량리 1517-3 토지,36.0931258692267,127.028458242558,,정상가동,97.2,380,60,2019,,,,,2024-09-27
즐거운발전소,,전북특별자치도 익산시 망성면 어량리 1666-1,36.1134570223605,127.025518812212,,정상가동,99.0,380,60,2019,,,,,2024-09-27
수다익산1호 태양광발전소,,전북특별자치도 익산시 망성면 어량리 1666-1,36.1134570223605,127.025518812212,,정상가동,99.0,380,60,2019,,,,,2024-09-27
지성발전소,,전북특별자치도 익산시 망성면 어량리 1668-2,,,,정상가동,99.0,380,60,2019,,,,,2024-09-27
그린1호 태양광발전소,,전북특별자치도 익산시 망성면 어량리 1668-2,,,,정상가동,99.0,380,60,2019,,,,,2024-09-27
용진 태양광발전소,,전북특별자치도 익산시 망성면 어량리 1668-2,,,,정상가동,99.0,380,60,2019,,,,,2024-09-27
오공38 태양광발전소,,전북특별자치도 익산시 망성면 어량리 1760번지 38호,,,,정상가동,99.0,380,60,2019,,,,,2024-09-27
신후어량태양광,,전북특별자치도 익산시 망성면 어량리 1763-1 외 12필지,,,,정상가동,99.4,380,60,2018,,,,,2024-09-27
장한 태양광발전소,,전북특별자치도 익산시 망성면 어량리 2063-1 토지,36.0850224226869,127.044304111743,,정상가동,99.4,380,60,2018,,,,,2024-09-27
황금쏠라3호 태양광발전소,,"전북특별자치도 익산시 망성면 어량리 226,223-2,224-11,227-2 토지",,,,정상가동,99.4,380,60,2018,,,,,2024-09-27
정숙어량 태양광발전소,,"전북특별자치도 익산시 망성면 어량리 226,227-2 토지",,,,정상가동,99.4,380,60,2018,,,,,2024-09-27
그린지구2호 태양광발전소,,"전북특별자치도 익산시 망성면 어량리 226-1 , 227-3 토지",,,,정상가동,99.83,380,60,2019,,,,,2024-09-27
그린지구5호 태양광발전소,,"전북특별자치도 익산시 망성면 어량리 226-2 , 227-4 토지",,,,정상가동,99.83,380,60,2019,,,,,2024-09-27
김경희3 태양광발전소,,"전북특별자치도 익산시 망성면 어량리 226-3 , 227-5 토지",,,,정상가동,99.83,380,60,2019,,,,,2024-09-27
영선3호 태양광발전소,,전북특별자치도 익산시 망성면 어량리 228-1 토지,36.0998347104494,127.041218252971,,정상가동,99.83,380,60,2019,,,,,2024-09-27
창표2호 태양광발전소,,전북특별자치도 익산시 망성면 어량리 228-3 토지,36.0996032224712,127.041116077857,,정상가동,99.83,380,60,2019,,,,,2024-09-27
에스에이치1 태양광발전소,,"전북특별자치도 익산시 망성면 어량리 236-1,236-2 토지",,,,정상가동,99.84,380,60,2018,,,,,2024-09-27
에스에이치2 태양광발전소,,전북특별자치도 익산시 망성면 어량리 240-8 토지,36.1020346162011,127.040598395788,,정상가동,99.84,380,60,2018,,,,,2024-09-27
으랭이발전소,,"전북특별자치도 익산시 망성면 어량리 330번지 3호 ,332",,,,정상가동,99.84,380,60,2018,,,,,2024-09-27
헬리오스 태양광발전소,,전북특별자치도 익산시 망성면 어량리 333,36.11295458017,127.03058212842,,정상가동,99.84,380,60,2018,,,,,2024-09-27
망성1호 태양광발전소,,전북특별자치도 익산시 망성면 어량리 333,36.11295458017,127.03058212842,,정상가동,99.36,380,60,2018,,,,,2024-09-27
창동3호 태양광발전소,,전북특별자치도 익산시 망성면 어량리 335,36.1130066562054,127.030283597648,,정상가동,99.36,380,60,2018,,,,,2024-09-27
망성5호 태양광발전소,,전북특별자치도 익산시 망성면 어량리 336,36.1130954641837,127.029406970509,,정상가동,99.36,380,60,2018,,,,,2024-09-27
망성4호 태양광발전소,,전북특별자치도 익산시 망성면 어량리 336,36.1130954641837,127.029406970509,,정상가동,99.36,380,60,2018,,,,,2024-09-27
신후망성태양광,,"전북특별자치도 익산시 망성면 어량리 366 ,1763-9,357-1,1763-10,1763-11,1763-12",,,,정상가동,99.36,380,60,2018,,,,,2024-09-27
화수분2호 태양광발전소,,전북특별자치도 익산시 망성면 어량리 381,36.1093450089281,127.030998658835,,정상가동,99.36,380,60,2018,,,,,2024-09-27
어량7호 태양광발전소,,전북특별자치도 익산시 망성면 어량리 381,36.1093450089281,127.030998658835,,정상가동,99.36,380,60,2018,,,,,2024-09-27
어량6호 태양광발전소,,전북특별자치도 익산시 망성면 어량리 381,36.1093450089281,127.030998658835,,정상가동,99.36,380,60,2018,,,,,2024-09-27
어량5호 태양광발전소,,전북특별자치도 익산시 망성면 어량리 381,36.1093450089281,127.030998658835,,정상가동,99.36,380,60,2018,,,,,2024-09-27
어량4호 태양광발전소,,전북특별자치도 익산시 망성면 어량리 381,36.1093450089281,127.030998658835,,정상가동,99.36,380,60,2018,,,,,2024-09-27
어량3호 태양광발전소,,전북특별자치도 익산시 망성면 어량리 381,36.1093450089281,127.030998658835,,정상가동,99.36,380,60,2018,,,,,2024-09-27
어량2호 태양광발전소,,전북특별자치도 익산시 망성면 어량리 381,36.1093450089281,127.030998658835,,정상가동,99.36,380,60,2018,,,,,2024-09-27
어량1호 태양광발전소,,전북특별자치도 익산시 망성면 어량리 381,36.1093450089281,127.030998658835,,정상가동,98.33,380,60,2017,,,,,2024-09-27
해진에너지,,전북특별자치도 익산시 망성면 어량리 402,36.1088354715843,127.029160268259,,정상가동,98.33,380,60,2017,,,,,2024-09-27
어동 태양광발전소,,전북특별자치도 익산시 망성면 어량리 447-1 토지,36.1045425430751,127.028696354911,,정상가동,98.33,380,60,2017,,,,,2024-09-27
나래뜰태양광발전소,전북특별자치도 익산시 망성면 어량상발1길 57,,36.0935294578299,127.037251586357,,정상가동,98.33,380,60,2017,,,,,2024-09-27
혜진 장선리 태양광발전소,,전북특별자치도 익산시 망성면 장선리 319-14,36.1203001060746,127.023920720824,,정상가동,97.92,380,60,2018,,,,,2024-09-27
연옥 태양광발전소,,전북특별자치도 익산시 망성면 장선리 378 토지,36.1147419836177,127.026728119376,,정상가동,97.92,380,60,2018,,,,,2024-09-27
민수 태양광발전소,,전북특별자치도 익산시 망성면 장선리 378-5,36.1144085268471,127.026757995291,,정상가동,97.92,380,60,2018,,,,,2024-09-27
주혜 태양광발전소,,전북특별자치도 익산시 망성면 장선리 378-6,36.1141679055226,127.026742363905,,정상가동,97.92,380,60,2018,,,,,2024-09-27
서현1호 태양광발전소,,전북특별자치도 익산시 망성면 장선리 521 토지,36.1277128803794,127.014978656372,,정상가동,97.92,380,60,2018,,,,,2024-09-27
은미 태양광발전소,,전북특별자치도 익산시 망성면 장선리 523,36.1277808931903,127.014480657843,,정상가동,99.0,380,60,2019,,,,,2024-09-27
제일 태양광발전소,,전북특별자치도 익산시 망성면 장선리 523,36.1277808931903,127.014480657843,,정상가동,99.0,380,60,2019,,,,,2024-09-27
장선4호 태양광발전소,,전북특별자치도 익산시 망성면 장선리 523,36.1277808931903,127.014480657843,,정상가동,99.96,380,60,2018,,,,,2024-09-27
에스엔엘4호 태양광발전소,,전북특별자치도 익산시 망성면 장선리 523,36.1277808931903,127.014480657843,,정상가동,99.96,380,60,2018,,,,,2024-09-27
해빛 태양광발전소,,전북특별자치도 익산시 망성면 장선리 523,36.1277808931903,127.014480657843,,정상가동,99.36,380,60,2020,,,,,2024-09-27
장선3호 태양광발전소,,전북특별자치도 익산시 망성면 장선리 523,36.1277808931903,127.014480657843,,정상가동,99.36,380,60,2020,,,,,2024-09-27
익산정은 태양광발전소,,전북특별자치도 익산시 망성면 장선리 659-13,36.1171801282139,127.024654528642,,정상가동,99.36,380,60,2020,,,,,2024-09-27
한국4호 태양광발전소,,전북특별자치도 익산시 망성면 장선리 660-1 토지,36.1176965443378,127.024116866516,,정상가동,99.36,380,60,2020,,,,,2024-09-27
한국3호 태양광발전소,,전북특별자치도 익산시 망성면 장선리 660-23 토지,36.1175392863731,127.024095825356,,정상가동,99.36,380,60,2020,,,,,2024-09-27
한국2호 태양광발전소,,전북특별자치도 익산시 망성면 장선리 660-24 토지,36.1173808579132,127.024069341286,,정상가동,99.36,380,60,2020,,,,,2024-09-27
주영 에너지,,전북특별자치도 익산시 망성면 장선리 692-17,36.1256882259952,127.013330311919,,정상가동,98.6,380,60,2018,,,,,2024-09-27
소정2호 태양광발전소,,전북특별자치도 익산시 망성면 장선리 692-9,36.1257593075181,127.013547163871,,정상가동,88.4,380,60,2018,,,,,2024-09-27
썬 에너지,,전북특별자치도 익산시 망성면 장선리 692-9,36.1257593075181,127.013547163871,,정상가동,98.6,380,60,2018,,,,,2024-09-27
방자 태양광발전소,"전북특별자치도 익산시 망성면 진북로 1348, 창고",,36.1167234200762,127.019067176621,,정상가동,98.6,380,60,2018,,,,,2024-09-27
신용 태양광발전소,전북특별자치도 익산시 망성면 천변2길 1-36,,36.13379547368,127.049407548424,,정상가동,98.6,380,60,2018,,,,,2024-09-27
상순 태양광발전소,전북특별자치도 익산시 망성면 화산1길 48-18,,36.1271734162641,126.994583570051,,정상가동,98.6,380,60,2018,,,,,2024-09-27
가을 태양광발전소,,전북특별자치도 익산시 망성면 화산리 1143-7,36.1363573590649,126.99977990898,,정상가동,98.6,380,60,2018,,,,,2024-09-27
익산수아1 태양광발전소,,전북특별자치도 익산시 망성면 화산리 1266-86 토지,36.1378891911916,126.977448953746,,정상가동,98.6,380,60,2019,,,,,2024-09-27
한아름 2호 태양광발전소,,전북특별자치도 익산시 망성면 화산리 1557-14,36.1241979072623,127.012296758145,,정상가동,98.6,380,60,2019,,,,,2024-09-27
한아름 태양광발전소,,전북특별자치도 익산시 망성면 화산리 1557-14,36.1241979072623,127.012296758145,,정상가동,98.6,380,60,2019,,,,,2024-09-27
한아름1호 태양광발전소,,전북특별자치도 익산시 망성면 화산리 1557-18,36.1238193526438,127.012720815144,,정상가동,75.6,380,60,2019,,,,,2024-09-27
프리지아 태양광발전소,,전북특별자치도 익산시 망성면 화산리 1558-1,36.1229812805561,127.013019490838,,정상가동,98.6,380,60,2019,,,,,2024-09-27
정훈2 태양광발전소,,전북특별자치도 익산시 망성면 화산리 1558-31 토지,36.1228769194089,127.013023361475,,정상가동,98.6,380,60,2019,,,,,2024-09-27
혜와수2 태양광발전소,,전북특별자치도 익산시 망성면 화산리 1558-32 토지,36.1225647102691,127.013279908248,,정상가동,98.6,380,60,2019,,,,,2024-09-27
고산3호 태양광발전소,,전북특별자치도 익산시 망성면 화산리 1562-2,36.1321050543606,127.006906330233,,정상가동,98.6,380,60,2019,,,,,2024-09-27
청담화산발전소,,전북특별자치도 익산시 망성면 화산리 1563-10,36.1298817344414,127.00867449538,,정상가동,98.6,380,60,2019,,,,,2024-09-27
성농4호 발전소,,전북특별자치도 익산시 망성면 화산리 1564-3,36.1298690761072,127.007972393661,,정상가동,98.6,380,60,2019,,,,,2024-09-27
성농3호 발전소,,전북특별자치도 익산시 망성면 화산리 1580번지 16호,,,,정상가동,98.6,380,60,2019,,,,,2024-09-27
화산리시아발전소,,전북특별자치도 익산시 망성면 화산리 1586-1,36.1310308564262,127.005994492082,,정상가동,98.6,380,60,2019,,,,,2024-09-27
정하 태양광발전소,,전북특별자치도 익산시 망성면 화산리 1586-1,36.1310308564262,127.005994492082,,정상가동,98.6,380,60,2019,,,,,2024-09-27
성농5호 발전소,,전북특별자치도 익산시 망성면 화산리 1850-2,36.1261144670814,127.00996801681,,정상가동,40.26,380,60,2017,,,,,2024-09-27
늘푸른망성발전소,,전북특별자치도 익산시 망성면 화산리 197-3,36.131230912966,127.006248356499,,정상가동,99.2,380,60,2018,,,,,2024-09-27
가을1 태양광발전소,,전북특별자치도 익산시 망성면 화산리 2020번지 17호 (주1),,,,정상가동,99.2,380,60,2019,,,,,2024-09-27
가을2 태양광발전소,,전북특별자치도 익산시 망성면 화산리 2020번지 17호 주3,,,,정상가동,98.6,380,60,2018,,,,,2024-09-27
화산리주영발전소,,전북특별자치도 익산시 망성면 화산리 270-1,36.1320105412701,127.00647216331,,정상가동,73.1,380,60,2018,,,,,2024-09-27
고은1호 태양광발전소,,전북특별자치도 익산시 망성면 화산리 278-2 토지,36.1310028378317,127.008770381278,,정상가동,99.0,380,60,2019,,,,,2024-09-27
고은2호 태양광발전소,,전북특별자치도 익산시 망성면 화산리 278번지 2호,36.1313531221318,127.009007383572,,정상가동,70.0,380,60,2018,,,,,2024-09-27
두무태양광발전소,,전북특별자치도 익산시 망성면 화산리 402-5,36.1221296079525,127.008205325353,,정상가동,99.0,380,60,2018,,,,,2024-09-27
익산역 자가용 발전,,전북특별자치도 익산시 망성면 화산리 752-2 토지,36.124789706635,126.997372625456,,정상가동,99.0,380,60,2018,,,,,2024-09-27
참진발전소,,전북특별자치도 익산시 망성면 화산리 771 건물위,36.1236432014489,127.001400757283,,정상가동,49.5,380,60,2018,,,,,2024-09-27
가정 태양광발전소,,"전북특별자치도 익산시 모현동1가 13-30,13-32(주1,부1) 건물위",,,,정상가동,99.0,380,60,2018,,,,,2024-09-27
현식2태양광발전소,,전북특별자치도 익산시 모현동1가 581번지 건물상부,35.9484968572746,126.936369710626,,정상가동,99.0,380,60,2018,,,,,2024-09-27
박앤범 태양광발전소,,전북특별자치도 익산시 모현동1가 837 건물위,35.9520394110305,126.939597147047,,정상가동,99.0,380,60,2018,,,,,2024-09-27
트렉토피아 태양광발전소,,전북특별자치도 익산시 목천동 715-101 건물위,35.9201993849469,126.920692328539,,정상가동,99.0,380,60,2019,,,,,2024-09-27
우리밀2호 태양광발전소,,"전북특별자치도 익산시 목천동 73-27 건물위(주1,주2)",35.9277504741906,126.919084161808,,정상가동,59.4,380,60,2019,,,,,2024-09-27
우리밀1호 태양광발전소,,전북특별자치도 익산시 목천동 73-82 건물위,35.9277147599198,126.919583500509,,정상가동,99.0,380,60,2019,,,,,2024-09-27
케이제이글로벌태양광발전소,전북특별자치도 익산시 목천로 56-13(목천동),,35.918511354246,126.935271266049,,정상가동,99.0,380,60,2019,,,,,2024-09-27
극동태양광발전소,전북특별자치도 익산시 목천로 56-19(목천동),,35.9180559956071,126.936189572503,,정상가동,99.0,380,60,2019,,,,,2024-09-27
최은숙2호 태양광발전소,전북특별자치도 익산시 목천로10길 33(인화동1가),,35.92816341559,126.950406664657,,정상가동,99.0,380,60,2019,,,,,2024-09-27
최은숙1호 태양광발전소,전북특별자치도 익산시 목천로10길 35(인화동1가),,35.9280985579559,126.950703118918,,정상가동,99.96,380,60,2019,,,,,2024-09-27
태원 태양광발전소,전북특별자치도 익산시 목천로10길 8 (인화동1가),,35.9285462573212,126.947631312313,,정상가동,99.96,380,60,2019,,,,,2024-09-27
대진 태양광 발전소,전북특별자치도 익산시 목천로12길 13(인화동1가),,35.9283532393784,126.94874174814,,정상가동,99.96,380,60,2019,,,,,2024-09-27
대신태양광발전소,전북특별자치도 익산시 목천로12길 15(인화동1가),,35.9282480732131,126.948762980552,,정상가동,99.96,380,60,2020,,,,,2024-09-27
강숙 태양광발전소,전북특별자치도 익산시 목천로2길 101 (인화동2가),,35.9256467840576,126.953339705398,,정상가동,99.96,380,60,2019,,,,,2024-09-27
금호발전소,전북특별자치도 익산시 목천로2길 103(인화동2가),,35.9256856483849,126.953625671607,,정상가동,99.96,380,60,2020,,,,,2024-09-27
유진2호 태양광발전소,전북특별자치도 익산시 목천로2길 97 (인화동2가),,35.9258767659884,126.952838063312,,정상가동,99.96,380,60,2019,,,,,2024-09-27
유진1호 태양광발전소,전북특별자치도 익산시 목천로2길 97 (인화동2가),,35.9258767659884,126.952838063312,,정상가동,99.96,380,60,2019,,,,,2024-09-27
정일 태양광발전소,"전북특별자치도 익산시 목천로4길 39, 정일정공, 건물위 (인화동1가)",,35.9279612802352,126.949360202799,,정상가동,99.96,380,60,2019,,,,,2024-09-27
덕진 태양광발전소,전북특별자치도 익산시 무왕로 1161 (어양동),,35.9594338314935,126.985663316002,,정상가동,99.96,380,60,2020,,,,,2024-09-27
이상봉 태양광발전소,전북특별자치도 익산시 무왕로 1377-1(팔봉동),,35.9643574077461,127.008498824203,,정상가동,99.96,380,60,2020,,,,,2024-09-27
진강 태양광발전소,전북특별자치도 익산시 무왕로 799(신용동),,35.9652956371973,126.948022120299,,정상가동,99.96,380,60,2020,,,,,2024-09-27
썬플라워태양광발전소,전북특별자치도 익산시 무왕로17길 13(영등동),,35.9596883107626,126.979809898852,,정상가동,99.96,380,60,2020,,,,,2024-09-27
목천 태양광발전소,전북특별자치도 익산시 무왕로2길 62 (목천동),,35.9277368468615,126.917075774256,,정상가동,99.96,380,60,2019,,,,,2024-09-27
장미숙태양광발전소,전북특별자치도 익산시 무왕로33길 23(석왕동),,35.9724027305248,127.02064890625,,정상가동,99.96,380,60,2019,,,,,2024-09-27
최대남 태양광발전소,전북특별자치도 익산시 무왕로4길 47(신동),,35.9599921839403,126.956092509669,,정상가동,99.96,380,60,2019,,,,,2024-09-27
최관홍 태양광발전소,전북특별자치도 익산시 무왕로4길 47(신동),,35.9599921839403,126.956092509669,,정상가동,99.96,380,60,2019,,,,,2024-09-27
하이투 태양광발전소,전북특별자치도 익산시 배산로 152-14 (모현동1가),,35.9507521522979,126.942312056611,,정상가동,99.96,380,60,2020,,,,,2024-09-27
익산한사랑발전소,"전북특별자치도 익산시 배산로 183, 한사랑빌딩 (모현동2가)",,35.9539785776031,126.941532354813,,정상가동,99.96,380,60,2020,,,,,2024-09-27
미소1호 태양광발전소,전북특별자치도 익산시 번영로 2040-38(목천동),,35.9128400003996,126.926812157477,,정상가동,99.96,380,60,2020,,,,,2024-09-27
미소2호 태양광발전소,전북특별자치도 익산시 번영로 2040-44(목천동),,35.9127031216929,126.926698283317,,정상가동,99.96,380,60,2020,,,,,2024-09-27
익산원예농협 2호 태양광발전소,"전북특별자치도 익산시 번영로1길 16, 익산원예농협협동조합 (목천동)",,35.9193341023145,126.917618585728,,정상가동,99.0,380,60,2018,,,,,2024-09-27
보템태양광발전소,전북특별자치도 익산시 보석로2길 10-7 (금강동),,35.9392508440712,126.971318740984,,정상가동,99.0,380,60,2018,,,,,2024-09-27
비엔케이4호 태양광발전소,전북특별자치도 익산시 보석로2길 27-11(신흥동),,35.9408494049161,126.972197684012,,정상가동,99.0,380,60,2018,,,,,2024-09-27
비엔케이3호 태양광발전소,전북특별자치도 익산시 보석로2길 27-11(신흥동),,35.9408494049161,126.972197684012,,정상가동,99.0,380,60,2020,,,,,2024-09-27
비엔케이2호 태양광발전소,전북특별자치도 익산시 보석로2길 27-11(신흥동),,35.9408494049161,126.972197684012,,정상가동,99.0,380,60,2020,,,,,2024-09-27
비엔케이1호 태양광발전소,전북특별자치도 익산시 보석로2길 27-11(신흥동),,35.9408494049161,126.972197684012,,정상가동,99.2,380,60,2017,,,,,2024-09-27
소라 발전소,"전북특별자치도 익산시 보석로3길 12-1, 소라원룸 (영등동)",,35.9490223281467,126.972240042919,,정상가동,99.2,380,60,2017,,,,,2024-09-27
현식1 태양광발전소,,전북특별자치도 익산시 부송동 1080번지 건물상부,35.9626404858356,126.987679781906,,정상가동,99.2,380,60,2017,,,,,2024-09-27
토성태양광발전소,,전북특별자치도 익산시 부송동 1092번지 4호,,,,정상가동,99.0,380,60,2018,,,,,2024-09-27
항아리 태양광발전소,,전북특별자치도 익산시 부송동 1105-12 건물위,35.9623894837813,126.990590254787,,정상가동,79.2,380,60,2018,,,,,2024-09-27
리치 태양광발전소,전북특별자치도 익산시 부송로 71 (부송동),,35.9579248156323,126.99038316132,,정상가동,79.2,380,60,2018,,,,,2024-09-27
토탈4호 태양광발전소,"전북특별자치도 익산시 부송로 83, 소달구지 (부송동)",,35.9589338284208,126.990190932571,,정상가동,99.0,380,60,2019,,,,,2024-09-27
경희 태양광발전소,"전북특별자치도 익산시 부송로2길 9, 원룸 (부송동)",,35.9545923255393,126.993451779349,,정상가동,99.0,380,60,2019,,,,,2024-09-27
이룸 발전소,"전북특별자치도 익산시 부송로4길 14-4, 인성빌 (부송동)",,35.9552026924924,126.992701407408,,정상가동,99.0,380,60,2019,,,,,2024-09-27
동양 태양광발전소,전북특별자치도 익산시 부송로6길 13-2 (부송동),,35.954392229899,126.993091104264,,정상가동,99.0,380,60,2019,,,,,2024-09-27
형제 태양광발전소,전북특별자치도 익산시 삼기면 간촌1길 48-2,,36.0173358234416,126.980811690796,,정상가동,99.0,380,60,2019,,,,,2024-09-27
은혜 태양광발전소,,"전북특별자치도 익산시 삼기면 간촌리 1-1, 1-16, 1-26 - 건물상부(1동, 2동)",,,,정상가동,99.0,380,60,2019,,,,,2024-09-27
규리 태양광발전소,,"전북특별자치도 익산시 삼기면 간촌리 1-17, 1-20, 1-22 - 건물상부(1동, 2동)",,,,정상가동,99.0,380,60,2020,,,,,2024-09-27
등대 태양광발전소,,"전북특별자치도 익산시 삼기면 간촌리 1-19, 1-23, 1-25 - 건물상부(1동, 2동)",,,,정상가동,99.0,380,60,2019,,,,,2024-09-27
을섭 태양광발전소,,전북특별자치도 익산시 삼기면 간촌리 703-1 건물위,36.0133232575331,126.97488511191,,정상가동,99.0,380,60,2018,,,,,2024-09-27
준희태양광발전소,,전북특별자치도 익산시 삼기면 간촌리 773번지 2호,36.0097380085715,126.970659970824,,정상가동,99.0,380,60,2018,,,,,2024-09-27
경란3호 태양광발전소,,전북특별자치도 익산시 삼기면 간촌리 838 건물위,36.0089872388219,126.969404834086,,정상가동,96.48,380,60,2018,,,,,2024-09-27
두용 태양광발전소,전북특별자치도 익산시 삼기면 궁교길 18-11,,35.999231540166,126.984143770526,,정상가동,96.48,380,60,2018,,,,,2024-09-27
박정숙 태양광발전소,,전북특별자치도 익산시 삼기면 기산리 865번지,36.0068294095461,126.997112446753,,정상가동,96.48,380,60,2018,,,,,2024-09-27
정효복 태양광발전소,,전북특별자치도 익산시 삼기면 기산리 865번지,36.0068294095461,126.997112446753,,정상가동,96.48,380,60,2018,,,,,2024-09-27
종현 태양광발전소,,전북특별자치도 익산시 삼기면 기산리 865번지 1호,36.0068294095461,126.997112446753,,정상가동,96.48,380,60,2018,,,,,2024-09-27
석록 태양광발전소,,전북특별자치도 익산시 삼기면 기산리 865번지 1호,36.0068294095461,126.997112446753,,정상가동,99.0,380,60,2018,,,,,2024-09-27
세현 태양광발전소,,전북특별자치도 익산시 삼기면 기산리 865번지 1호,36.0068294095461,126.997112446753,,정상가동,99.0,380,60,2018,,,,,2024-09-27
동숙3 태양광발전소,,전북특별자치도 익산시 삼기면 기산리 875-1,36.0075091670261,126.993666140345,,정상가동,99.0,380,60,2018,,,,,2024-09-27
은혜 태양광발전소,,전북특별자치도 익산시 삼기면 기산리 875-1,36.0075091670261,126.993666140345,,정상가동,98.6,380,60,2017,,,,,2024-09-27
(유)청산태양광에너지 청산4호태양광발전소,,전북특별자치도 익산시 삼기면 기산리 875번지,36.0078077363554,126.993497184803,,정상가동,49.5,380,60,2017,,,,,2024-09-27
신성삼기2호 태양광발전소,,전북특별자치도 익산시 삼기면 기산리 875번지 15호,36.0078077363554,126.993497184803,,정상가동,98.6,380,60,2017,,,,,2024-09-27
신성삼기1호 태양광발전소,,전북특별자치도 익산시 삼기면 기산리 875번지 3호,36.0078077363554,126.993497184803,,정상가동,98.6,380,60,2017,,,,,2024-09-27
삼기4호 태양광발전소,전북특별자치도 익산시 삼기면 미륵사지로 760,,36.0359786596039,127.001168961672,,정상가동,98.6,380,60,2017,,,,,2024-09-27
삼기3호 태양광발전소,전북특별자치도 익산시 삼기면 미륵사지로 760,,36.0359786596039,127.001168961672,,정상가동,98.6,380,60,2017,,,,,2024-09-27
삼기2호 태양광발전소,전북특별자치도 익산시 삼기면 미륵사지로 760,,36.0359786596039,127.001168961672,,정상가동,99.16,380,60,2017,,,,,2024-09-27
삼기1호 태양광발전소,"전북특별자치도 익산시 삼기면 미륵사지로 760, ㈜하림",,36.0359786596039,127.001168961672,,정상가동,82.0,380,60,2019,,,,,2024-09-27
임우섭 태양광발전소,전북특별자치도 익산시 삼기면 미륵산1길 95,,36.0332992848665,127.021461342663,,정상가동,60.0,220+380,60,2019,,,,,2024-09-27
유한회사 케이에스씨에너지,전북특별자치도 익산시 삼기면 산단오룡길 13-7,,36.0351668369735,126.999350004063,,정상가동,98.6,380,60,2018,,,,,2024-09-27
양지 태양광발전소,전북특별자치도 익산시 삼기면 삼기길 160,,36.0110631998687,127.003604947979,,정상가동,98.6,380,60,2018,,,,,2024-09-27
모스팜 태양광발전소,"전북특별자치도 익산시 삼기면 삼기농공단지길 29-9, 순수드림",,36.024564037245,127.012486614855,,정상가동,99.0,380,60,2017,,,,,2024-09-27
청웅 태양광발전소,전북특별자치도 익산시 삼기면 삼기농공단지길 6-30,,36.0269896714797,127.009864649345,,정상가동,99.0,380,60,2017,,,,,2024-09-27
옥남 태양광발전소,전북특별자치도 익산시 삼기면 서두길 66,,36.0204604176115,126.970324513712,,정상가동,99.0,380,60,2017,,,,,2024-09-27
삼기규환 태양광발전소,,전북특별자치도 익산시 삼기면 서두리 950-26 토지,36.0236780364804,126.964827878339,,정상가동,99.0,380,60,2017,,,,,2024-09-27
삼기소은1태양광발전소,,전북특별자치도 익산시 삼기면 서두리 950-29 토지,36.0232988799495,126.965105623805,,정상가동,99.0,380,60,2017,,,,,2024-09-27
맑은태양광발전소,,전북특별자치도 익산시 삼기면 서두리 950-30 토지,36.0231284503913,126.965081846465,,정상가동,99.0,380,60,2017,,,,,2024-09-27
석기마을 태양광발전소,"전북특별자치도 익산시 삼기면 석기길 54, 석기마을회관",,36.0143090830469,126.996616984956,,정상가동,99.0,380,60,2017,,,,,2024-09-27
이경 태양광발전소5호,전북특별자치도 익산시 삼기면 석라길 27-9,,36.0102489792047,126.970545530027,,정상가동,99.36,380,60,2017,,,,,2024-09-27
조창기태양광발전소1호,전북특별자치도 익산시 삼기면 석라길 27-9,,36.0102489792047,126.970545530027,,정상가동,99.36,380,60,2017,,,,,2024-09-27
조정란태양광발전소1호,전북특별자치도 익산시 삼기면 석라길 27-9,,36.0102489792047,126.970545530027,,정상가동,98.6,380,60,2018,,,,,2024-09-27
김정숙태양광발전소1호,전북특별자치도 익산시 삼기면 석라길 27-9,,36.0102489792047,126.970545530027,,정상가동,98.6,380,60,2018,,,,,2024-09-27
심재덕태양광발전소1호,전북특별자치도 익산시 삼기면 석라길 27-9,,36.0102489792047,126.970545530027,,정상가동,98.6,380,60,2018,,,,,2024-09-27
아프리카 태양광발전소,,전북특별자치도 익산시 삼기면 연동리 604번지 3호,36.0311671698617,127.011550214426,,정상가동,98.6,380,60,2018,,,,,2024-09-27
하늘에너지1호 태양광발전소,,전북특별자치도 익산시 삼기면 오룡리 1250-3 건물위,36.0370123459394,126.997399067902,,정상가동,98.6,380,60,2018,,,,,2024-09-27
신일3호 태양광발전소,,전북특별자치도 익산시 삼기면 오룡리 432-12 (분할전) - 토지,36.0306574468996,126.993365604005,,정상가동,98.6,380,60,2018,,,,,2024-09-27
신일2호 태양광발전소,,전북특별자치도 익산시 삼기면 오룡리 432-12 (분할전) - 토지,36.0306574468996,126.993365604005,,정상가동,47.52,380,60,2017,,,,,2024-09-27
나래2호 태양광발전소,,전북특별자치도 익산시 삼기면 오룡리 432-12 (분할전) - 토지,36.0306574468996,126.993365604005,,정상가동,99.0,380,60,2018,,,,,2024-09-27
신일4호 태양광발전소,,전북특별자치도 익산시 삼기면 오룡리 432-12 (분할전) - 토지,36.0306574468996,126.993365604005,,정상가동,99.0,380,60,2018,,,,,2024-09-27
신일1호 태양광발전소,,전북특별자치도 익산시 삼기면 오룡리 432-12 (분할전) - 토지,36.0306574468996,126.993365604005,,정상가동,99.0,380,60,2018,,,,,2024-09-27
나래3호 태양광발전소,,전북특별자치도 익산시 삼기면 오룡리 432번지 17호,,,,정상가동,99.0,380,60,2018,,,,,2024-09-27
성록 태양광발전소,,전북특별자치도 익산시 삼기면 오룡리 855-17 1~6동 건물위,36.034729970193,126.980563808654,,정상가동,99.0,380,60,2018,,,,,2024-09-27
최선1호 태양광발전소,,"전북특별자치도 익산시 삼기면 용연리 1001 , 1001-3",,,,정상가동,99.0,380,60,2019,,,,,2024-09-27
현진2 태양광발전소,,전북특별자치도 익산시 삼기면 용연리 1001-4,36.0046165698265,126.982690582013,,정상가동,99.0,380,60,2019,,,,,2024-09-27
한전 태양광발전소,,전북특별자치도 익산시 삼기면 용연리 1001-6,36.0043735427251,126.982315851597,,정상가동,99.0,380,60,2019,,,,,2024-09-27
로만14 태양광발전소,,전북특별자치도 익산시 삼기면 용연리 1024번지 2호,,,,정상가동,99.0,380,60,2018,,,,,2024-09-27
로만31 태양광발전소,,전북특별자치도 익산시 삼기면 용연리 1024번지 2호,,,,정상가동,99.0,380,60,2018,,,,,2024-09-27
심슨태양광발전소,,전북특별자치도 익산시 삼기면 용연리 1032번지,36.00291861115,126.978066859253,,정상가동,99.0,380,60,2018,,,,,2024-09-27
용연 태양광발전소,,전북특별자치도 익산시 삼기면 용연리 123-11 124-1 토지,,,,정상가동,99.0,380,60,2018,,,,,2024-09-27
홍주3태양광발전소,,"전북특별자치도 익산시 삼기면 용연리 1321-1 ,1365-2 건물위",,,,정상가동,99.0,380,60,2018,,,,,2024-09-27
홍주1태양광발전소,,"전북특별자치도 익산시 삼기면 용연리 1321-1 ,1365-5 건물위",,,,정상가동,99.0,380,60,2018,,,,,2024-09-27
신성삼기태양광발전소,,전북특별자치도 익산시 삼기면 용연리 18번지 1호,36.0068774019215,126.992127633075,,정상가동,99.0,380,60,2018,,,,,2024-09-27
두리 태양광발전소,,전북특별자치도 익산시 삼기면 용연리 447번지,36.0071014496685,126.986165696334,,정상가동,99.0,380,60,2018,,,,,2024-09-27
영호 태양광발전소,,전북특별자치도 익산시 삼기면 용연리 447번지 2호,36.0071014496685,126.986165696334,,정상가동,99.0,380,60,2018,,,,,2024-09-27
태영 태양광발전소,,전북특별자치도 익산시 삼기면 용연리 447번지 3호,36.0071014496685,126.986165696334,,정상가동,99.0,380,60,2018,,,,,2024-09-27
연유4 태양광발전소,,전북특별자치도 익산시 삼기면 용연리 447번지 4호,36.0071014496685,126.986165696334,,정상가동,99.0,380,60,2018,,,,,2024-09-27
연유3 태양광발전소,,전북특별자치도 익산시 삼기면 용연리 447번지 5호,36.0071014496685,126.986165696334,,정상가동,99.0,380,60,2018,,,,,2024-09-27
한호 태양광발전소,,전북특별자치도 익산시 삼기면 용연리 447번지 6호,36.0071014496685,126.986165696334,,정상가동,99.0,380,60,2018,,,,,2024-09-27
미경 태양광발전소,,전북특별자치도 익산시 삼기면 용연리 447번지 7호,36.0071014496685,126.986165696334,,정상가동,99.0,380,60,2018,,,,,2024-09-27
백산 태양광발전소,,전북특별자치도 익산시 삼기면 용연리 449번지,36.007086169127,126.985741210777,,정상가동,99.0,380,60,2020,,,,,2024-09-27
남원별이호 태양광발전소,,"전북특별자치도 익산시 삼기면 용연리 453-1 ,455-2",,,,정상가동,99.0,380,60,2020,,,,,2024-09-27
남원별일호 태양광발전소,,전북특별자치도 익산시 삼기면 용연리 455,36.0075890076555,126.9860888545,,정상가동,99.4,380,60,2020,,,,,2024-09-27
가은 태양광발전소,,"전북특별자치도 익산시 삼기면 용연리 517번지 1호 , 571-2",36.0033130110394,126.983218374054,,정상가동,99.0,380,60,2018,,,,,2024-09-27
로만33 태양광발전소,,"전북특별자치도 익산시 삼기면 용연리 541번지 542, 543, 557",,,,정상가동,99.0,380,60,2018,,,,,2024-09-27
삼오2 태양광발전소,,"전북특별자치도 익산시 삼기면 용연리 542번지 543, 556, 557, 558",,,,정상가동,99.0,380,60,2018,,,,,2024-09-27
고운 태양광발전소,,"전북특별자치도 익산시 삼기면 용연리 557번지 , 558, 559, 562",,,,정상가동,99.0,380,60,2018,,,,,2024-09-27
현진 태양광발전소,,전북특별자치도 익산시 삼기면 용연리 559번지,36.0020763079027,126.980622733713,,정상가동,58.74,380,60,2017,,,,,2024-09-27
삼오 태양광발전소,,전북특별자치도 익산시 삼기면 용연리 559번지,36.0020763079027,126.980622733713,,정상가동,99.0,380,60,2018,,,,,2024-09-27
동동3호 태양광발전소,,전북특별자치도 익산시 삼기면 용연리 571번지 1호,,,,정상가동,99.0,380,60,2018,,,,,2024-09-27
소담2 태양광발전소,,"전북특별자치도 익산시 삼기면 용연리 571번지 1호 , 571-2",,,,정상가동,99.0,380,60,2018,,,,,2024-09-27
신토불이 태양광발전소,,전북특별자치도 익산시 삼기면 용연리 614-2 건물상부(주1),35.9998738669099,126.985717000089,,정상가동,99.0,380,60,2018,,,,,2024-09-27
성순태양광발전소,,전북특별자치도 익산시 삼기면 용연리 687-2 토지,35.9982437018041,126.987196681624,,정상가동,99.0,380,60,2018,,,,,2024-09-27
진경태양광발전소,,전북특별자치도 익산시 삼기면 용연리 74-2 건물위,,,,정상가동,99.0,380,60,2018,,,,,2024-09-27
영호3 태양광발전소,전북특별자치도 익산시 삼기면 월성2길 76-20,,35.9936935218908,126.989718297718,,정상가동,99.0,380,60,2018,,,,,2024-09-27
영호2 태양광발전소,전북특별자치도 익산시 삼기면 월성2길 76-20,,35.9936935218908,126.989718297718,,정상가동,99.0,380,60,2018,,,,,2024-09-27
영호 태양광발전소,전북특별자치도 익산시 삼기면 월성2길 76-20,,35.9936935218908,126.989718297718,,정상가동,99.0,380,60,2018,,,,,2024-09-27
태양광수인,전북특별자치도 익산시 삼기면 진북로 178-37,,36.0224717590776,126.999458497579,,정상가동,99.0,380,60,2018,,,,,2024-09-27
부자2호 태양광발전소,전북특별자치도 익산시 삼기면 진북로 178-45,,36.021905697071,127.00030519617,,정상가동,99.0,380,60,2018,,,,,2024-09-27
부자1호 태양광발전소,"전북특별자치도 익산시 삼기면 진북로 178-45, 1동",,36.021905697071,127.00030519617,,정상가동,99.0,380,60,2018,,,,,2024-09-27
서두4 태양광발전소,전북특별자치도 익산시 삼기면 황금로 380-53,,36.0226727372849,126.968476292105,,정상가동,99.0,380,60,2018,,,,,2024-09-27
서두3 태양광발전소,전북특별자치도 익산시 삼기면 황금로 380-55,,36.0225234737617,126.968401133598,,정상가동,99.0,380,60,2018,,,,,2024-09-27
서두1 태양광발전소,전북특별자치도 익산시 삼기면 황금로 380-63,,36.0218644310524,126.968162764741,,정상가동,99.0,380,60,2018,,,,,2024-09-27
삼기 태양광발전소,전북특별자치도 익산시 삼기면 황금로 380-69,,36.0214452964421,126.968609686439,,정상가동,99.0,380,60,2018,,,,,2024-09-27
서두 태양광발전소,전북특별자치도 익산시 삼기면 황금로 380-71,,36.0212728940508,126.968621181552,,정상가동,49.5,380,60,2018,,,,,2024-09-27
용강2호 태양광발전소,전북특별자치도 익산시 삼기면 황금로 468,,36.022004142946,126.979387528848,,정상가동,99.0,380,60,2018,,,,,2024-09-27
용강 태양광발전소,전북특별자치도 익산시 삼기면 황금로 468,,36.022004142946,126.979387528848,,정상가동,47.52,380,60,2019,,,,,2024-09-27
별빛4 태양광발전소,전북특별자치도 익산시 서동로 412-62 (신흥동),,35.9363995671455,126.990496922236,,정상가동,99.0,380,60,2017,,,,,2024-09-27
별빛3 태양광발전소,전북특별자치도 익산시 서동로 412-62 (신흥동),,35.9363995671455,126.990496922236,,정상가동,99.0,380,60,2017,,,,,2024-09-27
별빛2 태양광발전소,전북특별자치도 익산시 서동로 412-62 (신흥동),,35.9363995671455,126.990496922236,,정상가동,99.0,380,60,2017,,,,,2024-09-27
별빛1 태양광발전소,전북특별자치도 익산시 서동로 412-62 (신흥동),,35.9363995671455,126.990496922236,,정상가동,99.0,380,60,2018,,,,,2024-09-27
서동 태양광발전소,전북특별자치도 익산시 서동로 49(주현동),,35.9319610062237,126.957502722939,,정상가동,99.0,380,60,2018,,,,,2024-09-27
자연3호태양광발전소,"전북특별자치도 익산시 서동로 660, 자연 (팔봉동)",,35.9546509106211,127.014658824833,,정상가동,99.0,380,60,2018,,,,,2024-09-27
자연2호태양광발전소,"전북특별자치도 익산시 서동로 660, 자연 (팔봉동)",,35.9546509106211,127.014658824833,,정상가동,99.0,380,60,2018,,,,,2024-09-27
자연1호 태양광발전소,"전북특별자치도 익산시 서동로 660, 자연 (팔봉동)",,35.9546509106211,127.014658824833,,정상가동,99.0,380,60,2018,,,,,2024-09-27
SE에너지 태양광발전소,"전북특별자치도 익산시 서동로 664, (주)SM TNC (팔봉동)",,35.9552450559894,127.015003003061,,정상가동,99.0,380,60,2018,,,,,2024-09-27
김연수 태양광발전소,전북특별자치도 익산시 서동로 79(주현동),,35.9333533572003,126.960460881623,,정상가동,99.0,380,60,2018,,,,,2024-09-27
이종대 태양광발전소,전북특별자치도 익산시 서동로 96 (동산동),,35.9336069823823,126.962186501837,,정상가동,99.0,380,60,2019,,,,,2024-09-27
김준경 태양광발전소,전북특별자치도 익산시 서동로18길 18-1 (동산동),,35.9327960999488,126.960955950056,,정상가동,99.0,380,60,2019,,,,,2024-09-27
이주현 태양광발전소,전북특별자치도 익산시 서동로18길 20 (동산동),,35.9328606801788,126.961113608804,,정상가동,99.0,380,60,2019,,,,,2024-09-27
광창2호 태양광발전소,"전북특별자치도 익산시 서동로38길 26-10, 광창정밀 (금강동)",,35.9371748811503,126.974753186122,,정상가동,99.0,380,60,2019,,,,,2024-09-27
광창1호 태양광발전소,"전북특별자치도 익산시 서동로38길 26-10, 광창정밀 (금강동)",,35.9371748811503,126.974753186122,,정상가동,99.96,380,60,2018,,,,,2024-09-27
김형수11호 태양광발전소,전북특별자치도 익산시 서동로42길 32 (용제동),,35.9400908935335,126.999602468456,,정상가동,99.0,380,60,2018,,,,,2024-09-27
성배 태양광발전소,전북특별자치도 익산시 석상길 21-1(신용동),,35.9703514667484,126.947131974117,,정상가동,99.0,380,60,2018,,,,,2024-09-27
신왕2호 태양광발전소,,전북특별자치도 익산시 석암동 240-1,35.9363209185229,127.007841316909,,정상가동,99.0,380,60,2018,,,,,2024-09-27
구산3 태양광발전소,,전북특별자치도 익산시 석암동 389-75(팔봉동) 건물위,35.9428379577833,127.008262004342,,정상가동,475.2,380,60,2017,,,,,2024-09-27
에스앤에이치이엔지 주식회사,,전북특별자치도 익산시 석암동 393번지 23호,35.9439520708252,127.010591455924,,정상가동,99.0,380,60,2018,,,,,2024-09-27
김형수17호 태양광발전소,,"전북특별자치도 익산시 석암동 394, 394-11, 391-2 토지",,,,정상가동,99.0,380,60,2018,,,,,2024-09-27
김형수18호 태양광발전소,,전북특별자치도 익산시 석암동 394-2 토지,35.9436491562237,127.009604358178,,정상가동,99.0,380,60,2017,,,,,2024-09-27
원영이엔지 태양광발전소,"전북특별자치도 익산시 석암로 71, 부성테크 (용제동)",,35.9494814734361,127.000831733947,,정상가동,99.0,380,60,2017,,,,,2024-09-27
한국 태양광발전소,"전북특별자치도 익산시 석암로11길 12, 한국자원 (석암동)",,35.9438735951963,127.007967966896,,정상가동,99.0,380,60,2017,,,,,2024-09-27
HSP 태양광발전소,전북특별자치도 익산시 석암로11길 24(용제동),,35.9447136718795,127.008842848891,,정상가동,48.24,380,60,2017,,,,,2024-09-27
태민산업 태양광발전소,"전북특별자치도 익산시 석암로13길 101-6, (유)태민산업 (팔봉동)",,35.9550413198721,127.004705323598,,정상가동,75.6,380,60,2017,,,,,2024-09-27
엘케이네스트코리아1호 태양광발전소,"전북특별자치도 익산시 석암로13길 125, (주)엘케이네스트코리아 (팔봉동)",,35.9560446265496,127.00333929341,,정상가동,99.0,380,60,2017,,,,,2024-09-27
아톤발전소 1호,"전북특별자치도 익산시 석암로13길 25, 아톤산업 (석암동)",,35.9507462066854,127.011197108517,,정상가동,99.0,380,60,2017,,,,,2024-09-27
신진2호 태양광발전소,"전북특별자치도 익산시 석암로13길 73, 신진에스엠 (팔봉동)",,35.9536083003652,127.00741771462,,정상가동,99.0,380,60,2017,,,,,2024-09-27
신진1호 태양광발전소,"전북특별자치도 익산시 석암로13길 73, 신진에스엠 (팔봉동)",,35.9536083003652,127.00741771462,,정상가동,99.0,380,60,2017,,,,,2024-09-27
대륙 태양광발전소,"전북특별자치도 익산시 석암로13길 77, (주)칼릭스전자화학 (팔봉동)",,35.953514608378,127.006791767652,,정상가동,99.0,380,60,2017,,,,,2024-09-27
(주)양호,"전북특별자치도 익산시 석암로15길 36, (주)양호 (팔봉동)",,35.9542203511501,127.014215696364,,정상가동,99.0,380,60,2017,,,,,2024-09-27
다사랑 태양광발전소,"전북특별자치도 익산시 석암로17길 140, (주)다사랑 (팔봉동)",,35.9633048684544,127.009462622246,,정상가동,99.0,380,60,2017,,,,,2024-09-27
김권주2호 태양광발전소,전북특별자치도 익산시 석암로1길 13(용제동),,35.9523673054218,126.997091153013,,정상가동,99.0,380,60,2017,,,,,2024-09-27
김권주1호 태양광발전소,전북특별자치도 익산시 석암로1길 13(용제동),,35.9523673054218,126.997091153013,,정상가동,99.0,380,60,2017,,,,,2024-09-27
서은테크3태양광발전소,"전북특별자치도 익산시 석암로1길 133, 서은테크 (팔봉동)",,35.960404998989,127.005876149195,,정상가동,99.0,380,60,2017,,,,,2024-09-27
서은테크1 태양광발전소,"전북특별자치도 익산시 석암로1길 133, 서은테크 (팔봉동)",,35.960404998989,127.005876149195,,정상가동,99.0,380,60,2017,,,,,2024-09-27
제이비루브2호태양광발전소,전북특별자치도 익산시 석암로1길 155(팔봉동),,35.9618109113972,127.007829646418,,정상가동,99.0,380,60,2017,,,,,2024-09-27
제이비루브1호태양광발전소,전북특별자치도 익산시 석암로1길 155(팔봉동),,35.9618109113972,127.007829646418,,정상가동,99.0,380,60,2017,,,,,2024-09-27
에쓰에쓰 태양광발전소,"전북특별자치도 익산시 석암로1길 17-33, 이스켐(주) (용제동)",,35.9550594172237,126.997825745166,,정상가동,80.73,380,60,2017,,,,,2024-09-27
서은테크4태양광발전소,전북특별자치도 익산시 석암로3길 142(팔봉동),,35.9574874803658,127.010263373304,,정상가동,90.0,380,60,2018,,,,,2024-09-27
서은테크2 태양광발전소,전북특별자치도 익산시 석암로3길 142(팔봉동),,35.9574874803658,127.010263373304,,정상가동,80.0,380,60,2018,,,,,2024-09-27
민 태양광발전소,"전북특별자치도 익산시 석암로3길 63-32, 정민테크 (팔봉동)",,35.9552376863785,127.001954672235,,정상가동,20.16,380,60,2017,,,,,2024-09-27
경희 태양광발전소,"전북특별자치도 익산시 석암로3길 63-36, (유)하진산업 (팔봉동)",,35.9553891923547,127.001425935786,,정상가동,99.16,380,60,2019,,,,,2024-09-27
갑진태양광발전소,"전북특별자치도 익산시 석암로3길 77, 갑진테크 (팔봉동)",,35.9542565941023,127.005087028672,,정상가동,99.0,380,60,2017,,,,,2024-09-27
한수 태양광발전소,전북특별자치도 익산시 석암로7길 123 (팔봉동),,35.9556425706047,127.010035232482,,정상가동,99.0,380,60,2017,,,,,2024-09-27
(주)상공에너지 태양광발전소,"전북특별자치도 익산시 석암로7길 29, (주)상공에너지 (용제동)",,35.9494533087069,127.003425470217,,정상가동,99.0,380,60,2017,,,,,2024-09-27
협동섬유태양광발전소,"전북특별자치도 익산시 석암로9길 141, 협동섬유 (팔봉동)",,35.95404920533,127.015665409091,,정상가동,99.0,380,60,2017,,,,,2024-09-27
비에스이엔지2호 태양광발전소,전북특별자치도 익산시 석암로9길 147(팔봉동),,35.954236166965,127.016012502908,,정상가동,62.0,380,60,2017,,,,,2024-09-27
비에스이엔지1호 태양광발전소,"전북특별자치도 익산시 석암로9길 147, 대일하이텍 (팔봉동)",,35.954236166965,127.016012502908,,정상가동,19.38,220+380,60,2018,,,,,2024-09-27
에스에프 발전소,"전북특별자치도 익산시 석암로9길 45-14, 상명이엔텍(주) (석암동)",,35.9482541776369,127.00787607945,,정상가동,97.2,380,60,2020,,,,,2024-09-27
신왕1호 태양광발전소,,전북특별자치도 익산시 석왕동 240-1,35.9763126543574,127.017876022711,,정상가동,99.0,380,60,2019,,,,,2024-09-27
공항6호 태양광발전소,,전북특별자치도 익산시 석왕동 240-3,35.9769863173382,127.016047477171,,정상가동,99.0,380,60,2019,,,,,2024-09-27
초심 태양광발전소,,전북특별자치도 익산시 석왕동 240-3,35.9769863173382,127.016047477171,,정상가동,99.0,380,60,2019,,,,,2024-09-27
소망3호 태양광발전소,,전북특별자치도 익산시 석왕동 240-8,35.9768722984488,127.016796428412,,정상가동,99.0,380,60,2019,,,,,2024-09-27
도현7호 태양광발전소,,전북특별자치도 익산시 석왕동 251-1,35.9779822027679,127.012907486498,,정상가동,99.0,380,60,2019,,,,,2024-09-27
하왕 태양광발전소,,전북특별자치도 익산시 석왕동 258번지 3호,,,,정상가동,99.0,380,60,2019,,,,,2024-09-27
은서 태양광발전소,,전북특별자치도 익산시 석왕동 261번지,35.9780683140807,127.015580564236,,정상가동,99.0,380,60,2018,,,,,2024-09-27
종섭 태양광발전소,,"전북특별자치도 익산시 석왕동 261번지 , 262-1",,,,정상가동,99.0,380,60,2018,,,,,2024-09-27
소망2호 태양광발전소,,전북특별자치도 익산시 석왕동 262-3,35.9770853168454,127.015717637168,,정상가동,99.0,380,60,2018,,,,,2024-09-27
미숙 태양광발전소,,전북특별자치도 익산시 석왕동 263번지,35.9776330270194,127.016182435843,,정상가동,99.96,380,60,2020,,,,,2024-09-27
달그락 태양광발전소,,전북특별자치도 익산시 석왕동 263번지,35.9776330270194,127.016182435843,,정상가동,99.96,380,60,2020,,,,,2024-09-27
덜그럭 태양광발전소,,전북특별자치도 익산시 석왕동 263번지,35.9776330270194,127.016182435843,,정상가동,99.0,380,60,2017,,,,,2024-09-27
서광 태양광발전소,,전북특별자치도 익산시 석왕동 263번지,35.9776330270194,127.016182435843,,정상가동,99.0,380,60,2017,,,,,2024-09-27
황소 태양광발전소,,전북특별자치도 익산시 석왕동 263번지,35.9776330270194,127.016182435843,,정상가동,64.35,380,60,2018,,,,,2024-09-27
유형주 태양광발전소,,전북특별자치도 익산시 석왕동 263번지,35.9776330270194,127.016182435843,,정상가동,99.0,380,60,2018,,,,,2024-09-27
단봉 태양광발전소,,전북특별자치도 익산시 석왕동 482번지 2호,,,,정상가동,99.0,380,60,2018,,,,,2024-09-27
석왕2호 태양광발전소,,전북특별자치도 익산시 석왕동 75-2,35.9747603326594,127.022357424483,,정상가동,99.0,380,60,2018,,,,,2024-09-27
석왕1호 태양광발전소,,전북특별자치도 익산시 석왕동 75-2,35.9747603326594,127.022357424483,,정상가동,99.0,380,60,2018,,,,,2024-09-27
㈜중명 태양광발전소,,"전북특별자치도 익산시 석탄동 1015-1,1015-16(주1,2,A,B) 건물위",,,,정상가동,68.6,380,60,2019,,,,,2024-09-27
KS 태양광발전소,,전북특별자치도 익산시 석탄동 284-2,35.9034834259493,126.976969080471,,정상가동,99.36,380,60,2019,,,,,2024-09-27
국실태양광,,"전북특별자치도 익산시 석탄동 920-6, 980-1(동산동) 건물위",,,,정상가동,99.0,380,60,2018,,,,,2024-09-27
꽃향기태양광,,전북특별자치도 익산시 석탄동 920-7(동산동) 건물위,35.9154556884687,126.958523630735,,정상가동,99.0,380,60,2018,,,,,2024-09-27
영천태양광,,"전북특별자치도 익산시 석탄동 979-6,980-1(동산동) 건물위",,,,정상가동,99.0,380,60,2018,,,,,2024-09-27
에덴4호 태양광발전소,전북특별자치도 익산시 선화2로 214-43 (만석동),,35.967566469501,126.922578786515,,정상가동,99.0,380,60,2018,,,,,2024-09-27
에덴3호 태양광발전소,전북특별자치도 익산시 선화2로 214-43 (만석동),,35.967566469501,126.922578786515,,정상가동,99.0,380,60,2018,,,,,2024-09-27
에덴2호 태양광발전소,전북특별자치도 익산시 선화2로 214-45 (만석동),,35.9678935965789,126.922543988307,,정상가동,99.0,380,60,2018,,,,,2024-09-27
에덴1호 태양광발전소,전북특별자치도 익산시 선화2로 214-45 (만석동),,35.9678935965789,126.922543988307,,정상가동,99.0,380,60,2018,,,,,2024-09-27
정현태양광발전소,전북특별자치도 익산시 선화로 186(남중동),,35.9463441543715,126.950750419756,,정상가동,99.0,380,60,2018,,,,,2024-09-27
정길태양광,전북특별자치도 익산시 선화로 222-3(남중동),,35.9452347198251,126.954861564349,,정상가동,99.0,380,60,2018,,,,,2024-09-27
덕일3호 태양광발전소,"전북특별자치도 익산시 선화로 470-19, 덕일 (신흥동)",,35.9455313223545,126.981907583809,,정상가동,93.96,380,60,2017,,,,,2024-09-27
덕일2호 태양광발전소,"전북특별자치도 익산시 선화로 470-19, 덕일 (신흥동)",,35.9455313223545,126.981907583809,,정상가동,99.28,380,60,2018,,,,,2024-09-27
덕일1호 태양광발전소,"전북특별자치도 익산시 선화로 470-19, 덕일 (신흥동)",,35.9455313223545,126.981907583809,,정상가동,99.28,380,60,2018,,,,,2024-09-27
세은발전소1호,전북특별자치도 익산시 선화로15길 16(모현동1가),,35.9491677010971,126.945838641952,,정상가동,99.28,380,60,2018,,,,,2024-09-27
아름채 태양광발전소,전북특별자치도 익산시 선화로15길 17 (모현동1가),,35.9493022871712,126.9459068266,,정상가동,99.28,380,60,2018,,,,,2024-09-27
빛과조명 태양광발전소,"전북특별자치도 익산시 선화로33길 33, 가나안광고 (남중동)",,35.948772518699,126.954318220616,,정상가동,99.28,380,60,2018,,,,,2024-09-27
베스트 태양광발전소,전북특별자치도 익산시 선화로47길 22-1 (마동),,35.9460362749359,126.961006627935,,정상가동,99.28,380,60,2018,,,,,2024-09-27
뜰안채 태양광발전소,전북특별자치도 익산시 선화로4길 5 (모현동1가),,35.9503670555648,126.934092001602,,정상가동,99.28,380,60,2018,,,,,2024-09-27
테크노벨리,"전북특별자치도 익산시 선화로69길 7, 건물상부 (부송동)",,35.9549657249289,126.99581122514,,정상가동,99.28,380,60,2018,,,,,2024-09-27
한성 태양광발전소,"전북특별자치도 익산시 선화로6길 48-71, 풀하우스 (모현동1가)",,35.9469201492953,126.932919457511,,정상가동,99.28,380,60,2018,,,,,2024-09-27
단풍나무2 태양광발전소,전북특별자치도 익산시 성당면 간지평길 140-40,,36.0665014616453,126.948406407963,,정상가동,99.28,380,60,2018,,,,,2024-09-27
단풍나무1 태양광발전소,전북특별자치도 익산시 성당면 간지평길 140-40,,36.0665014616453,126.948406407963,,정상가동,99.28,380,60,2018,,,,,2024-09-27
옥성2 태양광발전소,전북특별자치도 익산시 성당면 간지평길 183,,36.0708281069189,126.943716128011,,정상가동,99.28,380,60,2018,,,,,2024-09-27
옥성1 태양광발전소,전북특별자치도 익산시 성당면 간지평길 183,,36.0708281069189,126.943716128011,,정상가동,99.28,380,60,2018,,,,,2024-09-27
서광태양광발전소,"전북특별자치도 익산시 성당면 간지평길 183,  104-1 건물상부(주1)",,,,,정상가동,99.28,380,60,2018,,,,,2024-09-27
서광1태양광발전소,"전북특별자치도 익산시 성당면 간지평길 183,  건물상부(1동)",,36.0708281069189,126.943716128011,,정상가동,99.28,380,60,2018,,,,,2024-09-27
성당1 태양광발전소,전북특별자치도 익산시 성당면 간지평길 268-33,,36.0787689463498,126.947463274851,,정상가동,99.28,380,60,2018,,,,,2024-09-27
다모아3 태양광발전소,,"전북특별자치도 익산시 성당면 갈산리 324 ,325-2 토지",,,,정상가동,99.28,380,60,2018,,,,,2024-09-27
명원 태양광발전소,,전북특별자치도 익산시 성당면 갈산리 325 토지,36.0936279700714,126.928884370977,,정상가동,94.5,380,60,2018,,,,,2024-09-27
미래 태양광발전소,,전북특별자치도 익산시 성당면 갈산리 325-1 토지,36.0935066365289,126.92883484514,,정상가동,94.5,380,60,2018,,,,,2024-09-27
성당 태양광발전소,,전북특별자치도 익산시 성당면 갈산리 330-7 토지,36.0934680243127,126.929376535736,,정상가동,94.5,380,60,2018,,,,,2024-09-27
갈산5 태양광발전소,,전북특별자치도 익산시 성당면 갈산리 455 토지,36.0863885222223,126.926286558528,,정상가동,94.5,380,60,2018,,,,,2024-09-27
현주 태양광발전소,,전북특별자치도 익산시 성당면 갈산리 455 토지,36.0863885222223,126.926286558528,,정상가동,94.5,380,60,2018,,,,,2024-09-27
갈산3 태양광발전소,,전북특별자치도 익산시 성당면 갈산리 455 토지,36.0863885222223,126.926286558528,,정상가동,94.5,380,60,2018,,,,,2024-09-27
갈산2 태양광발전소,,전북특별자치도 익산시 성당면 갈산리 455 토지,36.0863885222223,126.926286558528,,정상가동,94.5,380,60,2018,,,,,2024-09-27
갈산1 태양광발전소,,전북특별자치도 익산시 성당면 갈산리 455 토지,36.0863885222223,126.926286558528,,정상가동,94.5,380,60,2018,,,,,2024-09-27
서광3 태양광발전소,,전북특별자치도 익산시 성당면 대선리 106번지,36.0706072311688,126.944131345836,,정상가동,94.5,380,60,2018,,,,,2024-09-27
서광2태양광발전소,,전북특별자치도 익산시 성당면 대선리 106번지,36.0706072311688,126.944131345836,,정상가동,94.5,380,60,2018,,,,,2024-09-27
서광4 태양광발전소,,전북특별자치도 익산시 성당면 대선리 106번지 26호,36.0706072311688,126.944131345836,,정상가동,10.66,220,60,2017,,,,,2024-09-27
찬애1호 태양광발전소,,전북특별자치도 익산시 성당면 대선리 415 토지,36.0666619376697,126.93719634512,,정상가동,99.0,380,60,2019,,,,,2024-09-27
찬애태양광발전소,,전북특별자치도 익산시 성당면 대선리 419-3,36.0667179476292,126.937625771005,,정상가동,99.0,380,60,2019,,,,,2024-09-27
찬애2호 태양광발전소,,전북특별자치도 익산시 성당면 대선리 419-3 토지,36.0667179476292,126.937625771005,,정상가동,99.0,380,60,2019,,,,,2024-09-27
단풍나무3 태양광발전소,,전북특별자치도 익산시 성당면 대선리 826-8 건물위,36.0666040187651,126.948401456875,,정상가동,99.0,380,60,2019,,,,,2024-09-27
김슈2호 태양광발전소,,전북특별자치도 익산시 성당면 두동리 1114-1,36.1132709468372,126.915216690998,,정상가동,99.0,380,60,2019,,,,,2024-09-27
이사빛 태양광발전소,,"전북특별자치도 익산시 성당면 두동리 1114-4 ,1114-4, 1114-7 토지",,,,정상가동,99.0,380,60,2019,,,,,2024-09-27
삼덕2호 태양광발전소,,전북특별자치도 익산시 성당면 두동리 1114-6 토지,36.1131421708125,126.91548283781,,정상가동,99.0,380,60,2019,,,,,2024-09-27
해나5호 태양광발전소,,"전북특별자치도 익산시 성당면 두동리 1114-7 ,1114-8 토지",,,,정상가동,99.0,380,60,2019,,,,,2024-09-27
여명 태양광발전소,,"전북특별자치도 익산시 성당면 두동리 1114-7 ,1114-9 토지",,,,정상가동,99.0,380,60,2019,,,,,2024-09-27
지호1 태양광발전소,,전북특별자치도 익산시 성당면 두동리 1136-1 건물위,36.1030925711166,126.924468993825,,정상가동,99.0,380,60,2019,,,,,2024-09-27
두동집 태양광발전소,,전북특별자치도 익산시 성당면 두동리 391번지,36.1037598123672,126.919590152237,,정상가동,99.0,380,60,2018,,,,,2024-09-27
이선희2호 태양광발전소,전북특별자치도 익산시 성당면 상중와길 93-27,,36.073318236034,126.921522234393,,정상가동,99.0,380,60,2018,,,,,2024-09-27
이선희1호 태양광발전소,전북특별자치도 익산시 성당면 상중와길 93-27,,36.073318236034,126.921522234393,,정상가동,99.0,380,60,2018,,,,,2024-09-27
이복현3호 태양광발전소,전북특별자치도 익산시 성당면 상중와길 93-27,,36.073318236034,126.921522234393,,정상가동,99.0,380,60,2018,,,,,2024-09-27
이복현2호 태양광발전소,전북특별자치도 익산시 성당면 상중와길 93-27,,36.073318236034,126.921522234393,,정상가동,99.0,380,60,2018,,,,,2024-09-27
이애란2호 태양광발전소,전북특별자치도 익산시 성당면 상중와길 93-27,,36.073318236034,126.921522234393,,정상가동,99.0,380,60,2018,,,,,2024-09-27
마을자치연금발전소3호,"전북특별자치도 익산시 성당면 성당로 762, 성당포구금강체험관",,36.1307284372012,126.921371578953,,정상가동,99.0,380,60,2017,,,,,2024-09-27
인선 태양광,,전북특별자치도 익산시 성당면 성당리 251 건물위,36.1317761153365,126.918963338747,,정상가동,99.0,380,60,2017,,,,,2024-09-27
마을자치연금발전소2호,,전북특별자치도 익산시 성당면 성당리 423,36.1290853321887,126.920534372038,,정상가동,99.0,380,60,2017,,,,,2024-09-27
성산 태양광발전소,,전북특별자치도 익산시 성당면 와초리 173-1 건물상부(주1),36.0738964206753,126.930355077461,,정상가동,99.0,380,60,2017,,,,,2024-09-27
파란들1태양광발전소,,"전북특별자치도 익산시 성당면 와초리 50번지 , 50-9 건물상부(1동)",,,,정상가동,99.0,380,60,2017,,,,,2024-09-27
선화 태양광발전소,,전북특별자치도 익산시 성당면 와초리 537-1,36.0727518864273,126.921903455163,,정상가동,99.0,380,60,2017,,,,,2024-09-27
선화1 태양광발전소,,전북특별자치도 익산시 성당면 와초리 573,36.0741039413775,126.945624999506,,정상가동,99.0,380,60,2017,,,,,2024-09-27
선택 태양광발전소,,전북특별자치도 익산시 성당면 와초리 91-13 건물위,36.0778175167595,126.934454199267,,정상가동,99.0,380,60,2017,,,,,2024-09-27
윤용하태양광발전소,,전북특별자치도 익산시 성당면 장선리 494-8 건물위(주1),36.0831330038994,126.930443968877,,정상가동,99.0,380,60,2017,,,,,2024-09-27
나눔 태양광발전소,전북특별자치도 익산시 성당면 한틀길 96,,36.0603622352993,126.932611859898,,정상가동,99.2,380,60,2017,,,,,2024-09-27
파란들3태양광발전소,"전북특별자치도 익산시 성당면 함낭로 319-10, , 50-9 건물상부(5동, 7동)",,,,,정상가동,99.2,380,60,2017,,,,,2024-09-27
파란들2태양광발전소,"전북특별자치도 익산시 성당면 함낭로 319-10, , 50-9 건물상부(5동, 7동)",,,,,정상가동,99.2,380,60,2017,,,,,2024-09-27
동양정밀 태양광발전소,전북특별자치도 익산시 신광1길 167 (목천동),,35.9277375095221,126.919910362128,,정상가동,99.2,380,60,2017,,,,,2024-09-27
플러스1호 태양광발전소,,전북특별자치도 익산시 신용동 1304번지 3호,,,,정상가동,99.2,380,60,2017,,,,,2024-09-27
TG태양광발전소,,전북특별자치도 익산시 신용동 1304번지 5호,,,,정상가동,99.2,380,60,2017,,,,,2024-09-27
한정자태양광발전소,,"전북특별자치도 익산시 신용동 490번지 2호 , 493",,,,정상가동,99.2,380,60,2017,,,,,2024-09-27
중윤영남태양광발전소,,"전북특별자치도 익산시 신용동 494번지 2호 , 494-3, 495, 496-1",,,,정상가동,99.0,380,60,2018,,,,,2024-09-27
은수 태양광발전소,,전북특별자치도 익산시 신용동 497 토지,35.9679471217549,126.94647371135,,정상가동,99.0,380,60,2018,,,,,2024-09-27
신고4 태양광발전소,,전북특별자치도 익산시 신용동 497-10 토지,35.9669899906284,126.946640652159,,정상가동,99.0,380,60,2018,,,,,2024-09-27
은형 태양광발전소,,전북특별자치도 익산시 신용동 497-5 토지,35.9677537558543,126.946563198461,,정상가동,99.0,380,60,2018,,,,,2024-09-27
문태 태양광발전소,,전북특별자치도 익산시 신용동 497-6 토지,35.9675933607564,126.946620179792,,정상가동,99.0,380,60,2018,,,,,2024-09-27
태일 태양광발전소,,전북특별자치도 익산시 신용동 497-7 토지,35.9674482755914,126.946652206235,,정상가동,99.0,380,60,2018,,,,,2024-09-27
유리 태양광발전소,,전북특별자치도 익산시 신용동 497-8 토지,35.9673085839995,126.946653076251,,정상가동,99.0,380,60,2018,,,,,2024-09-27
신고3 태양광발전소,,전북특별자치도 익산시 신용동 497-9 토지,35.9671970156232,126.94666423765,,정상가동,99.0,380,60,2018,,,,,2024-09-27
가나안1호 태양광발전소,,전북특별자치도 익산시 신흥동 1326번지,35.9308323631962,126.996315255769,,정상가동,99.0,380,60,2018,,,,,2024-09-27
가나안2호 태양광발전소,,"전북특별자치도 익산시 신흥동 1326번지 ,1327,89-12(2,4,6동)건물위",,,,정상가동,99.0,380,60,2017,,,,,2024-09-27
가나안3호 태양광발전소,,"전북특별자치도 익산시 신흥동 1326번지 ,1327,89-12(7,8,9,10동)건물위",,,,정상가동,99.0,380,60,2017,,,,,2024-09-27
참조은1호 태양광발전소,,"전북특별자치도 익산시 신흥동 1326번지 1호 , 1328, 89-17",35.9308323631962,126.996315255769,,정상가동,99.0,380,60,2017,,,,,2024-09-27
참조은2호 태양광발전소,,"전북특별자치도 익산시 신흥동 1326번지 1호 ,1328,89-17(2,4,6동)건물위",35.9308323631962,126.996315255769,,정상가동,99.0,380,60,2017,,,,,2024-09-27
참조은3호태양광발전소,,"전북특별자치도 익산시 신흥동 1326번지 1호 ,1328,89-17(7,8,9,10동)건물위",35.9308323631962,126.996315255769,,정상가동,99.0,380,60,2017,,,,,2024-09-27
유성2호 태양광발전소,,"전북특별자치도 익산시 신흥동 1350,1351(주1,2,5) 건물위",,,,정상가동,99.0,380,60,2017,,,,,2024-09-27
유성1호 태양광발전소,,"전북특별자치도 익산시 신흥동 1350,1351(주3,4,5) 건물위",,,,정상가동,99.0,380,60,2018,,,,,2024-09-27
상일4호 태양광발전소,,전북특별자치도 익산시 신흥동 740-61(에이동) 건물위,35.9464736009114,126.980937788424,,정상가동,99.0,380,60,2020,,,,,2024-09-27
상일3호 태양광발전소,,전북특별자치도 익산시 신흥동 740-61(에이동) 건물위,35.9464736009114,126.980937788424,,정상가동,99.0,380,60,2018,,,,,2024-09-27
상일2호 태양광발전소,,전북특별자치도 익산시 신흥동 740-61(에이동) 건물위,35.9464736009114,126.980937788424,,정상가동,99.0,380,60,2018,,,,,2024-09-27
상일1호 태양광발전소,,전북특별자치도 익산시 신흥동 740-61(에이동) 건물위,35.9464736009114,126.980937788424,,정상가동,99.0,380,60,2018,,,,,2024-09-27
신정4호 태양광발전소,,"전북특별자치도 익산시 신흥동 806-2(주1,2) 건물위",35.9439091963317,126.971359838534,,정상가동,99.0,380,60,2018,,,,,2024-09-27
신정3호 태양광발전소,,전북특별자치도 익산시 신흥동 806-2(주2) 건물위,35.9439091963317,126.971359838534,,정상가동,99.0,380,60,2018,,,,,2024-09-27
신정2호 태양광발전소,,전북특별자치도 익산시 신흥동 806-2(주2) 건물위,35.9439091963317,126.971359838534,,정상가동,148.5,380,60,2017,,,,,2024-09-27
신정1호 태양광발전소,,전북특별자치도 익산시 신흥동 806-2(주2) 건물위,35.9439091963317,126.971359838534,,정상가동,297.66,380,60,2017,,,,,2024-09-27
영선2호 태양광발전소,,"전북특별자치도 익산시 신흥동 896-9, 10 건물위",,,,정상가동,495.0,380,60,2017,,,,,2024-09-27
영선1호 태양광발전소,,"전북특별자치도 익산시 신흥동 896-9, 10 건물위",,,,정상가동,499.2,380,60,2019,,,,,2024-09-27
서두2 태양광발전소,"전북특별자치도 익산시 약촌로 228, 113동 301호 (영등동, 동신아파트)",,35.9541113752261,126.973887750061,,정상가동,297.28,380,60,2017,,,,,2024-09-27
㈜칸스포츠2 태양광발전소,"전북특별자치도 익산시 약촌로8길 61-10, 건물위 (어양동)",,35.94998372094,126.981871432639,,정상가동,499.2,380,60,2017,,,,,2024-09-27
㈜칸스포츠1 태양광발전소,"전북특별자치도 익산시 약촌로8길 61-10, 건물위 (어양동)",,35.94998372094,126.981871432639,,정상가동,499.2,380,60,2017,,,,,2024-09-27
㈜칸스포츠3 태양광발전소,"전북특별자치도 익산시 약촌로8길 67, (주)칸스포츠 (어양동)",,35.9495340226901,126.981420532224,,정상가동,499.2,380,60,2017,,,,,2024-09-27
미소 태양광발전소,,전북특별자치도 익산시 어양동 660-4 건물위,35.9576303022097,126.983137810914,,정상가동,297.6,380,60,2016,,,,,2024-09-27
이지 태양광발전소,,전북특별자치도 익산시 어양동 660-7 건물위,35.9572102369756,126.983157853116,,정상가동,148.2,380,60,2017,,,,,2024-09-27
다진 태양광발전소,전북특별자치도 익산시 어은1길 23-83 (신용동),,35.9848871511746,126.948777507904,,정상가동,495.0,380,60,2016,,,,,2024-09-27
나영 태양광발전소,전북특별자치도 익산시 어은1길 23-83 (신용동),,35.9848871511746,126.948777507904,,정상가동,150.0,380,60,2016,,,,,2024-09-27
지영 태양광발전소,전북특별자치도 익산시 어은1길 23-83 (신용동),,35.9848871511746,126.948777507904,,정상가동,993.75,22900,60,2017,,,,,2024-09-27
동양 태양광발전소,전북특별자치도 익산시 여산면 가람로 310,,36.0528204449153,127.086582286276,,정상가동,447.2,380,60,2017,,,,,2024-09-27
피앗발전소,전북특별자치도 익산시 여산면 독양길 29,,36.0293684105487,127.090525426588,,정상가동,468.0,380,60,2017,,,,,2024-09-27
트러스트 태양광발전소,"전북특별자치도 익산시 여산면 두여길 119, 미래푸드",,36.0744184238677,127.077962866679,,정상가동,99.0,380,60,2022,,,,,2024-09-27
참빛 태양광발전소,,"전북특별자치도 익산시 여산면 두여리 10-2 ,208-11, 16, 16-1, 208-2,208",,,,정상가동,99.0,380,60,2019,,,,,2024-09-27
SDS 태양광발전소,,전북특별자치도 익산시 여산면 두여리 1192-2,36.0695371981214,127.059268927247,,정상가동,99.0,380,60,2019,,,,,2024-09-27
서방골3 태양광발전소,,전북특별자치도 익산시 여산면 두여리 1192-2,36.0695371981214,127.059268927247,,정상가동,99.0,380,60,2017,,,,,2024-09-27
서방골2 태양광발전소,,전북특별자치도 익산시 여산면 두여리 1192-2,36.0695371981214,127.059268927247,,정상가동,99.0,380,60,2017,,,,,2024-09-27
서방골 태양광발전소,,전북특별자치도 익산시 여산면 두여리 1192-2,36.0695371981214,127.059268927247,,정상가동,99.84,380,60,2018,,,,,2024-09-27
동북골 태양광발전소,,전북특별자치도 익산시 여산면 두여리 1192-2,36.0695371981214,127.059268927247,,정상가동,99.84,380,60,2018,,,,,2024-09-27
다온2호 태양광발전소,,전북특별자치도 익산시 여산면 두여리 1193-5 토지,36.0686549237051,127.057931202085,,정상가동,99.0,380,60,2018,,,,,2024-09-27
후니태양광발전소,,전북특별자치도 익산시 여산면 두여리 226,36.0819507202498,127.076744704481,,정상가동,99.0,380,60,2018,,,,,2024-09-27
SUNNY 태양광발전소,,전북특별자치도 익산시 여산면 두여리 226-1 토지,36.081902655199,127.077212292026,,정상가동,99.0,380,60,2018,,,,,2024-09-27
서아1태양광발전소,,전북특별자치도 익산시 여산면 두여리 226-2 토지,36.0817321983471,127.076847522426,,정상가동,99.0,380,60,2018,,,,,2024-09-27
누리태양광발전소,,"전북특별자치도 익산시 여산면 두여리 226-3, 243 토지",,,,정상가동,99.0,380,60,2018,,,,,2024-09-27
태라 태양광발전소,,전북특별자치도 익산시 여산면 두여리 231,36.0793243719996,127.078703998255,,정상가동,99.0,380,60,2018,,,,,2024-09-27
혜와수 태양광발전소,,전북특별자치도 익산시 여산면 두여리 231,36.0793243719996,127.078703998255,,정상가동,99.0,380,60,2018,,,,,2024-09-27
우주에너지 태양광발전소,,전북특별자치도 익산시 여산면 두여리 231,36.0793243719996,127.078703998255,,정상가동,99.0,380,60,2018,,,,,2024-09-27
경영진가2호 태양광발전소,,"전북특별자치도 익산시 여산면 두여리 231번지 , 233, 233-3(분할전)",,,,정상가동,99.0,380,60,2018,,,,,2024-09-27
모해 태양광발전소,,전북특별자치도 익산시 여산면 두여리 233-20,36.078150301031,127.078504659372,,정상가동,99.0,380,60,2018,,,,,2024-09-27
봉봉3호태양광발전소,,전북특별자치도 익산시 여산면 두여리 233-20,36.078150301031,127.078504659372,,정상가동,99.0,380,60,2017,,,,,2024-09-27
정가1호태양광발전소,,"전북특별자치도 익산시 여산면 두여리 233번지 , 233-3, 233-6, 233-7, 233-9, 234",,,,정상가동,99.0,380,60,2017,,,,,2024-09-27
두여리13호태양광발전소,,"전북특별자치도 익산시 여산면 두여리 233번지 , 233-3, 233-6, 233-7, 233-9, 234(분할전)",,,,정상가동,99.0,380,60,2017,,,,,2024-09-27
한울타리태양광발전소,,"전북특별자치도 익산시 여산면 두여리 233번지 , 233-3, 233-6, 233-9",,,,정상가동,99.0,380,60,2017,,,,,2024-09-27
신우3호 태양광발전소,,"전북특별자치도 익산시 여산면 두여리 233번지 , 233-3, 233-6, 233-9, 234(분할전)",,,,정상가동,99.0,380,60,2017,,,,,2024-09-27
향연 태양광발전소,,"전북특별자치도 익산시 여산면 두여리 233번지 3호 , 233-6, 233-7, 233-8",,,,정상가동,99.0,380,60,2017,,,,,2024-09-27
아라1호 태양광발전소,,"전북특별자치도 익산시 여산면 두여리 233번지 6호 233-7, 233-8",,,,정상가동,99.0,380,60,2017,,,,,2024-09-27
목림천태양광발전소,,"전북특별자치도 익산시 여산면 두여리 235,236,237-3 토지",,,,정상가동,99.0,380,60,2017,,,,,2024-09-27
광명태양광발전소,,"전북특별자치도 익산시 여산면 두여리 235-101,236-1,236-2,237-4 토지",,,,정상가동,99.0,380,60,2017,,,,,2024-09-27
새만금태양광발전소,,"전북특별자치도 익산시 여산면 두여리 235-104,236-5,237-8 토지",,,,정상가동,99.0,380,60,2017,,,,,2024-09-27
태양태양광발전소,,"전북특별자치도 익산시 여산면 두여리 235-105,235-109,236-6,237-9 토지",,,,정상가동,99.0,380,60,2017,,,,,2024-09-27
정영태양광발전소,,"전북특별자치도 익산시 여산면 두여리 235-106,236-7 토지",,,,정상가동,99.0,380,60,2017,,,,,2024-09-27
홍이태양광발전소,,전북특별자치도 익산시 여산면 두여리 235-107 토지,36.0788607608386,127.078049739478,,정상가동,99.0,380,60,2017,,,,,2024-09-27
써니태양광발전소,,전북특별자치도 익산시 여산면 두여리 235-108 토지,36.0785712083345,127.07803435467,,정상가동,99.0,380,60,2017,,,,,2024-09-27
천일3호 태양광발전소,,전북특별자치도 익산시 여산면 두여리 235-3 토지,36.0803107713109,127.075175035518,,정상가동,99.0,380,60,2017,,,,,2024-09-27
청산에너지1호 발전소,,전북특별자치도 익산시 여산면 두여리 235-31,36.0793844518879,127.073355189997,,정상가동,99.0,380,60,2017,,,,,2024-09-27
천일4호 태양광발전소,,전북특별자치도 익산시 여산면 두여리 235-77 토지,36.0800684223483,127.075191791151,,정상가동,99.0,380,60,2017,,,,,2024-09-27
기세 태양광발전소,,전북특별자치도 익산시 여산면 두여리 235-78 토지,36.0798362434144,127.074942771199,,정상가동,99.0,380,60,2017,,,,,2024-09-27
유찬 태양광발전소,,전북특별자치도 익산시 여산면 두여리 235-79 토지,36.0797019886217,127.074899234518,,정상가동,99.0,380,60,2017,,,,,2024-09-27
여진 태양광발전소,,전북특별자치도 익산시 여산면 두여리 235-80 토지,36.0795078149523,127.074835879472,,정상가동,99.0,380,60,2017,,,,,2024-09-27
미카엘라 태양광발전소,,전북특별자치도 익산시 여산면 두여리 235-81 토지,36.0792534668734,127.074584176906,,정상가동,99.0,380,60,2017,,,,,2024-09-27
단비 태양광발전소,,전북특별자치도 익산시 여산면 두여리 235-82 토지,36.0793176338865,127.075017329039,,정상가동,99.0,380,60,2022,,,,,2024-09-27
강찬 태양광발전소,,전북특별자치도 익산시 여산면 두여리 235-84 토지,36.0797975714985,127.075389040206,,정상가동,99.96,380,60,2020,,,,,2024-09-27
선오 태양광발전소,,전북특별자치도 익산시 여산면 두여리 235-85 토지,36.0798641842848,127.075655222119,,정상가동,99.96,380,60,2020,,,,,2024-09-27
재수 태양광발전소,,전북특별자치도 익산시 여산면 두여리 235-86 토지,36.0795041572544,127.075494896109,,정상가동,99.96,380,60,2020,,,,,2024-09-27
라파엘라 태양광발전소,,전북특별자치도 익산시 여산면 두여리 235-87 토지,36.0793970732909,127.075952643344,,정상가동,99.0,380,60,2022,,,,,2024-09-27
조은 태양광발전소,,전북특별자치도 익산시 여산면 두여리 235-88 토지,36.079312311206,127.075456743665,,정상가동,93.0,380,60,2019,,,,,2024-09-27
증산2 태양광발전소,,전북특별자치도 익산시 여산면 두여리 235-89 토지,36.0790984299944,127.074771765884,,정상가동,99.2,380,60,2017,,,,,2024-09-27
이상 태양광발전소,,전북특별자치도 익산시 여산면 두여리 235-90 토지,36.0790389698349,127.075314820669,,정상가동,99.0,380,60,2016,,,,,2024-09-27
베드로 태양광발전소,,전북특별자치도 익산시 여산면 두여리 235-91 토지,36.0788679397998,127.075994100048,,정상가동,99.0,380,60,2016,,,,,2024-09-27
다솜 태양광발전소,,전북특별자치도 익산시 여산면 두여리 235-92 토지,36.0788946673664,127.074910348039,,정상가동,99.0,380,60,2017,,,,,2024-09-27
약산 태양광발전소,,"전북특별자치도 익산시 여산면 두여리 235-93,235-18 토지",,,,정상가동,99.0,380,60,2016,,,,,2024-09-27
인성10호 태양광발전소,,"전북특별자치도 익산시 여산면 두여리 235-94,235-98 토지",,,,정상가동,99.0,380,60,2016,,,,,2024-09-27
인성9호 태양광발전소,,전북특별자치도 익산시 여산면 두여리 235-95 토지,36.078436551646,127.074661119039,,정상가동,30.21,380,60,2017,,,,,2024-09-27
익산하나태양광발전소,,전북특별자치도 익산시 여산면 두여리 237 토지,36.0807841936551,127.077562585354,,정상가동,99.0,380,60,2017,,,,,2024-09-27
서아2태양광발전소,,전북특별자치도 익산시 여산면 두여리 243-1 토지,36.0813961055928,127.077170607017,,정상가동,99.0,380,60,2017,,,,,2024-09-27
주영태양광발전소,,전북특별자치도 익산시 여산면 두여리 243-2 토지,36.0810102729059,127.077201427458,,정상가동,74.25,380,60,2017,,,,,2024-09-27
청산에너지2호 발전소,,전북특별자치도 익산시 여산면 두여리 245,36.0790935235946,127.07293504089,,정상가동,99.0,380,60,2017,,,,,2024-09-27
성경 태양광발전소,,전북특별자치도 익산시 여산면 두여리 261-16,,,,정상가동,99.0,380,60,2017,,,,,2024-09-27
수연 태양광발전소,,전북특별자치도 익산시 여산면 두여리 261-31,36.0803993088036,127.072480611821,,정상가동,99.0,380,60,2017,,,,,2024-09-27
온 태양광발전소,,전북특별자치도 익산시 여산면 두여리 261-31,36.0803993088036,127.072480611821,,정상가동,99.0,380,60,2017,,,,,2024-09-27
해누리 여산1호 태양광발전소,,전북특별자치도 익산시 여산면 두여리 261-44,36.0799548422938,127.071855485687,,정상가동,99.0,380,60,2017,,,,,2024-09-27
신리파크여산 태양광발전소,,전북특별자치도 익산시 여산면 두여리 261-44,36.0799548422938,127.071855485687,,정상가동,99.0,380,60,2017,,,,,2024-09-27
주식회사 은성식품 2호 태양광발전소,"전북특별자치도 익산시 여산면 수은길 129, ㈜은성식품",,36.0828121347012,127.070998081559,,정상가동,99.0,380,60,2017,,,,,2024-09-27
희망3호 태양광발전소,"전북특별자치도 익산시 여산면 여산학동길 60, 건물위",,36.0360825918068,127.106607206261,,정상가동,99.0,380,60,2017,,,,,2024-09-27
세원 발전소,,전북특별자치도 익산시 여산면 원수리 1063,36.0230494550505,127.07709159591,,정상가동,99.0,380,60,2017,,,,,2024-09-27
영진태양광발전소,,전북특별자치도 익산시 여산면 원수리 838,36.0185937336046,127.091624897026,,정상가동,99.0,380,60,2017,,,,,2024-09-27
쏠미르2호 태양광발전소,,전북특별자치도 익산시 여산면 제남리 416,36.060617961695,127.074609430097,,정상가동,99.0,380,60,2017,,,,,2024-09-27
쏠미르1호 태양광발전소,,전북특별자치도 익산시 여산면 제남리 416,36.060617961695,127.074609430097,,정상가동,49.5,380,60,2017,,,,,2024-09-27
제남1호태양광발전소,,전북특별자치도 익산시 여산면 제남리 427,36.059748300645,127.074431353061,,정상가동,99.0,380,60,2016,,,,,2024-09-27
제남3호태양광발전소,,"전북특별자치도 익산시 여산면 제남리 427-2, 428-3, 429 토지",,,,정상가동,99.0,380,60,2016,,,,,2024-09-27
제남2호태양광발전소,,"전북특별자치도 익산시 여산면 제남리 428-2, 427-1, 428-1 토지",,,,정상가동,99.2,380,60,2017,,,,,2024-09-27
제남4호 태양광발전소,,"전북특별자치도 익산시 여산면 제남리 428-4, 429-1 토지",,,,정상가동,99.2,380,60,2017,,,,,2024-09-27
제남5호태양광발전소,,전북특별자치도 익산시 여산면 제남리 429-2 토지,36.0587372898435,127.074748392266,,정상가동,99.2,380,60,2017,,,,,2024-09-27
클로버 태양광발전소,,전북특별자치도 익산시 여산면 제남리 429-3 토지,36.058455736402,127.074765773616,,정상가동,99.2,380,60,2017,,,,,2024-09-27
에이치엔케이태양광발전소2호 주식회사,,전북특별자치도 익산시 여산면 태성리 1032,36.0729204753979,127.094303634448,,정상가동,99.2,380,60,2017,,,,,2024-09-27
월드 태양광발전소,,전북특별자치도 익산시 여산면 태성리 1032-10,36.0729131097297,127.095071382059,,정상가동,99.2,380,60,2017,,,,,2024-09-27
태성4 태양광발전소,,전북특별자치도 익산시 여산면 태성리 1032-8,36.0730660428311,127.094621302088,,정상가동,99.2,380,60,2017,,,,,2024-09-27
좋은사호 태양광발전소,,전북특별자치도 익산시 여산면 태성리 1032-9,36.0730880099921,127.094991775015,,정상가동,99.2,380,60,2017,,,,,2024-09-27
샛별 태양광발전소,,전북특별자치도 익산시 여산면 태성리 1157-1,36.0587195706139,127.098847780067,,정상가동,99.2,380,60,1900,,,,,2024-09-27
성인4호 태양광발전소,,전북특별자치도 익산시 여산면 태성리 1157-1,36.0587195706139,127.098847780067,,정상가동,99.2,380,60,2017,,,,,2024-09-27
광원 태양광발전소,,전북특별자치도 익산시 여산면 태성리 1161,36.0584752955689,127.098571883072,,정상가동,99.2,380,60,2017,,,,,2024-09-27
선 태양광발전소,,전북특별자치도 익산시 여산면 태성리 1161,36.0584752955689,127.098571883072,,정상가동,99.2,380,60,2017,,,,,2024-09-27
진 태양광발전소,,"전북특별자치도 익산시 여산면 태성리 1161 ,1162",,,,정상가동,99.2,380,60,2017,,,,,2024-09-27
향기 태양광발전소,,"전북특별자치도 익산시 여산면 태성리 1161 ,1162",,,,정상가동,99.2,380,60,2017,,,,,2024-09-27
하늘 태양광발전소,,전북특별자치도 익산시 여산면 태성리 1161-3,36.0582077093957,127.098587199083,,정상가동,99.0,380,60,2016,,,,,2024-09-27
현 태양광발전소,,전북특별자치도 익산시 여산면 태성리 1162,36.0583307615809,127.098325080512,,정상가동,99.0,380,60,2016,,,,,2024-09-27
운선 태양광발전소,,전북특별자치도 익산시 여산면 태성리 170-1 건물위,36.0559173950113,127.128078555181,,정상가동,148.5,380,60,2016,,,,,2024-09-27
가리울2호 태양광,,"전북특별자치도 익산시 여산면 태성리 234 ,238",,,,정상가동,19.76,380,60,2016,,,,,2024-09-27
여산2호기,,전북특별자치도 익산시 여산면 태성리 234-1 토지,36.0623864671552,127.11158525631,,정상가동,99.84,380,60,1900,,,,,2024-09-27
여산1호기,,전북특별자치도 익산시 여산면 태성리 234-1 토지,36.0623864671552,127.11158525631,,정상가동,62.4,380,60,2016,,,,,2024-09-27
가리울3호 태양광,,"전북특별자치도 익산시 여산면 태성리 234-10, 238-2",,,,정상가동,98.28,380,60,2018,,,,,2024-09-27
가리울1호 태양광,,"전북특별자치도 익산시 여산면 태성리 234-9, 238-4",,,,정상가동,99.0,380,60,2016,,,,,2024-09-27
이엔씨태성태양광,,"전북특별자치도 익산시 여산면 태성리 235 ,237,237-1 토지",,,,정상가동,33.0,380,60,1900,,,,,2024-09-27
일우태양광발전소,,전북특별자치도 익산시 여산면 태성리 236번지,36.063004709538,127.110804927552,,정상가동,80.56,380,60,2016,,,,,2024-09-27
여산송은 태양광발전소,,전북특별자치도 익산시 여산면 태성리 236번지,36.063004709538,127.110804927552,,정상가동,99.0,380,60,2016,,,,,2024-09-27
태성2호 태양광발전소,,전북특별자치도 익산시 여산면 태성리 236번지,36.063004709538,127.110804927552,,정상가동,99.0,380,60,2016,,,,,2024-09-27
태성1호 태양광발전소,,전북특별자치도 익산시 여산면 태성리 236번지,36.063004709538,127.110804927552,,정상가동,35.91,380,60,2019,,,,,2024-09-27
은성 태양광발전소,,전북특별자치도 익산시 여산면 태성리 472-1,36.063853678519,127.109413636994,,정상가동,15.0,380,60,2016,,,,,2024-09-27
서영 태양광발전소,,전북특별자치도 익산시 여산면 태성리 476번지 1호,,,,정상가동,99.0,380,60,2017,,,,,2024-09-27
태성3호 태양광발전소,,전북특별자치도 익산시 여산면 태성리 477번지,,,,정상가동,99.0,380,60,2017,,,,,2024-09-27
여산1호 태양광발전소,,전북특별자치도 익산시 여산면 태성리 478번지 (분할전),36.0624927281567,127.110507847781,,정상가동,99.0,380,60,2017,,,,,2024-09-27
여산일호 태양광발전소,,"전북특별자치도 익산시 여산면 태성리 478번지 ,480(분할전 토지)",,,,정상가동,99.0,380,60,2016,,,,,2024-09-27
준 태양광발전소,,전북특별자치도 익산시 여산면 태성리 480번지 (분할전),36.0616832338631,127.110816949189,,정상가동,99.0,380,60,2016,,,,,2024-09-27
SH 태양광발전소,,전북특별자치도 익산시 여산면 태성리 481,36.0623760421851,127.110873863072,,정상가동,99.0,380,60,2016,,,,,2024-09-27
3호JJ 태양광발전소,,전북특별자치도 익산시 여산면 태성리 481,36.0623760421851,127.110873863072,,정상가동,99.0,380,60,2016,,,,,2024-09-27
미래 태양광,,전북특별자치도 익산시 여산면 태성리 482,36.062056511742,127.111118827721,,정상가동,99.0,380,60,2016,,,,,2024-09-27
칠색에너지3호 태양광,,전북특별자치도 익산시 여산면 태성리 482-2 토지,36.0617457248542,127.111167228941,,정상가동,99.0,380,60,2016,,,,,2024-09-27
승우 태양광,,"전북특별자치도 익산시 여산면 태성리 482-3, 48+B4662-4 토지",,,,정상가동,99.0,380,60,2016,,,,,2024-09-27
MS 태양광발전소,,전북특별자치도 익산시 여산면 태성리 483,36.0619934831883,127.111542522845,,정상가동,99.0,380,60,2016,,,,,2024-09-27
준아1 태양광발전소,전북특별자치도 익산시 여산면 호산길 217,,36.0471508560787,127.110853176227,,정상가동,99.0,380,60,2016,,,,,2024-09-27
준호1 태양광발전소,전북특별자치도 익산시 여산면 호산길 217,,36.0471508560787,127.110853176227,,정상가동,99.0,380,60,2016,,,,,2024-09-27
㈜은성푸드태양광발전소3호,"전북특별자치도 익산시 여산면 호산길 76-7, (주)은성푸드",,36.0438068939229,127.099508499452,,정상가동,99.0,380,60,2016,,,,,2024-09-27
창배 태양광발전소,,전북특별자치도 익산시 여산면 호산리 143 건물위,36.0438635819266,127.106535021398,,정상가동,99.0,380,60,2016,,,,,2024-09-27
우태 태양광발전소,,전북특별자치도 익산시 여산면 호산리 143-7 건물위,36.0438621513599,127.106927190341,,정상가동,99.0,380,60,2016,,,,,2024-09-27
중일 태양광발전소,,전북특별자치도 익산시 여산면 호산리 145 건물위,36.0444477535755,127.106943851104,,정상가동,99.0,380,60,2016,,,,,2024-09-27
준아2 태양광발전소,,전북특별자치도 익산시 여산면 호산리 169,36.047128989233,127.111401031107,,정상가동,99.0,380,60,2016,,,,,2024-09-27
정희 태양광발전소,,전북특별자치도 익산시 여산면 호산리 171번지,36.0473204127876,127.11100900182,,정상가동,99.0,380,60,2016,,,,,2024-09-27
준호2 태양광발전소,,전북특별자치도 익산시 여산면 호산리 29-1,36.0480603305914,127.113022714116,,정상가동,99.2,380,60,2016,,,,,2024-09-27
민수 태양광발전소,,전북특별자치도 익산시 영등동 303-14(주1)건물위,35.951628068958,126.972162539707,,정상가동,99.2,380,60,2016,,,,,2024-09-27
월드킹 태양광발전소,,전북특별자치도 익산시 영등동 411 건물위,35.9632545550867,126.970803220876,,정상가동,99.2,380,60,2016,,,,,2024-09-27
삼성개발태양광발전소,전북특별자치도 익산시 오동1길 33 (임상동),,35.978925177916,126.975136845799,,정상가동,99.2,380,60,2016,,,,,2024-09-27
만수 태양광발전소,전북특별자치도 익산시 오산면 남오산1길 159,,35.9191462851973,126.874775826477,,정상가동,99.2,380,60,2016,,,,,2024-09-27
월포 태양광발전소,전북특별자치도 익산시 오산면 남오산1길 219,,35.9149029590117,126.870034259153,,정상가동,99.2,380,60,2016,,,,,2024-09-27
한길1호 태양광발전소,,전북특별자치도 익산시 오산면 남전리 1049번지 건물상부,35.9340469879962,126.897569466406,,정상가동,99.2,380,60,2016,,,,,2024-09-27
솔밭 태양광발전소,,전북특별자치도 익산시 오산면 남전리 129번지 10호,,,,정상가동,99.2,380,60,2016,,,,,2024-09-27
남전리2 태양광발전소,,전북특별자치도 익산시 오산면 남전리 14번지 37호,,,,정상가동,50.0,380,60,2019,,,,,2024-09-27
남전리3 태양광발전소,,전북특별자치도 익산시 오산면 남전리 14번지 5호,,,,정상가동,99.2,380,60,2017,,,,,2024-09-27
남전리1 태양광발전소,,"전북특별자치도 익산시 오산면 남전리 14번지 5호 , 14-37 건물상부",,,,정상가동,99.2,380,60,2017,,,,,2024-09-27
부자태양광발전소,,전북특별자치도 익산시 오산면 남전리 33번지 5호,,,,정상가동,99.2,380,60,2017,,,,,2024-09-27
설아농장1호 발전소,,전북특별자치도 익산시 오산면 남전리 344-17(주1) 건물위,35.9378992459144,126.898720153598,,정상가동,99.2,380,60,2017,,,,,2024-09-27
설아농장2호 발전소,,전북특별자치도 익산시 오산면 남전리 344-17(주2) 건물위,35.9378992459144,126.898720153598,,정상가동,99.2,380,60,2017,,,,,2024-09-27
우리태양광발전소,,전북특별자치도 익산시 오산면 남전리 42번지 1호,,,,정상가동,99.2,380,60,2017,,,,,2024-09-27
오투팜7호 태양광발전소,전북특별자치도 익산시 오산면 만하길 35-12,,35.9728702244183,126.907163925551,,정상가동,99.2,380,60,2017,,,,,2024-09-27
신교 태양광발전소,,전북특별자치도 익산시 오산면 목천리 656번지 3호 건물상부,,,,정상가동,99.2,380,60,2017,,,,,2024-09-27
태양과바다1호 태양광발전소,,전북특별자치도 익산시 오산면 목천리 929-6 건물위,35.9155582445664,126.916060120953,,정상가동,99.2,380,60,2017,,,,,2024-09-27
태양과바다2호 태양광발전소,,전북특별자치도 익산시 오산면 목천리 929-92 건물위,35.9153080450785,126.916428322242,,정상가동,99.2,380,60,2017,,,,,2024-09-27
회복 태양광발전소,,전북특별자치도 익산시 오산면 목천리 931-19,35.9120340157307,126.912655720164,,정상가동,99.2,380,60,2017,,,,,2024-09-27
은혜 태양광발전소,전북특별자치도 익산시 오산면 문화마을길 27-3,,35.9209353831645,126.877607794148,,정상가동,99.2,380,60,2017,,,,,2024-09-27
송내 태양광발전소,전북특별자치도 익산시 오산면 송내길 82,,35.9137055694249,126.906333937014,,정상가동,99.22,380,60,2016,,,,,2024-09-27
한설 태양광발전소,,전북특별자치도 익산시 오산면 송학리 675-9 건물위,35.9454249289684,126.926065807713,,정상가동,99.22,380,60,2016,,,,,2024-09-27
참진에너지,전북특별자치도 익산시 오산면 신석길 73,,35.9267729756733,126.879170706541,,정상가동,99.22,380,60,2016,,,,,2024-09-27
서광농산 태양광발전소,전북특별자치도 익산시 오산면 신오산길 41-174,,35.9342894748704,126.903282792141,,정상가동,99.22,380,60,2016,,,,,2024-09-27
남전 태양광발전소,,전북특별자치도 익산시 오산면 신지리 67번지 36호,,,,정상가동,99.22,380,60,2016,,,,,2024-09-27
정규1 태양광발전소,,"전북특별자치도 익산시 오산면 신지리 70-187,70-13 건물위",,,,정상가동,99.22,380,60,2016,,,,,2024-09-27
정규 태양광발전소,,"전북특별자치도 익산시 오산면 신지리 70-187,70-13 건물위",,,,정상가동,99.22,380,60,2016,,,,,2024-09-27
신석 태양광발전소,,"전북특별자치도 익산시 오산면 신지리 70-32 (주1동), 건물위",35.9333777910816,126.879400795351,,정상가동,99.22,380,60,2016,,,,,2024-09-27
밀알 태양광발전소,,"전북특별자치도 익산시 오산면 신지리 809-9,809-13(주1,2,3동) 건물위",,,,정상가동,99.0,380,60,2016,,,,,2024-09-27
오일권태양광발전소,,"전북특별자치도 익산시 오산면 신지리 822번지 8호 822-39, 822-40, 248-3, 258-3",,,,정상가동,99.0,380,60,2016,,,,,2024-09-27
오산 태양광발전소,,전북특별자치도 익산시 오산면 신지리 857-1 건물위,35.9220516929696,126.876841773188,,정상가동,59.4,380,60,2016,,,,,2024-09-27
승현 태양광발전소,전북특별자치도 익산시 오산면 야전1길 21-10,,35.9270639034254,126.901803226964,,정상가동,99.0,380,60,2016,,,,,2024-09-27
태화2호 태양광발전소,전북특별자치도 익산시 오산면 야전1길 46,,35.9270053557176,126.902175057908,,정상가동,99.0,380,60,2016,,,,,2024-09-27
태화1호 태양광발전소,전북특별자치도 익산시 오산면 야전1길 46,,35.9270053557176,126.902175057908,,정상가동,99.2,380,60,2016,,,,,2024-09-27
오투팜9태양광발전소,,전북특별자치도 익산시 오산면 영만리 1623,35.9718131901473,126.902316600437,,정상가동,99.2,380,60,2016,,,,,2024-09-27
은성6호 태양광발전소,,"전북특별자치도 익산시 오산면 영만리 460-23 ,1088건물상부",,,,정상가동,99.2,380,60,2016,,,,,2024-09-27
예운태양광발전소,전북특별자치도 익산시 오산면 오산들길 146-20,,35.9529977545497,126.894033039154,,정상가동,99.2,380,60,2016,,,,,2024-09-27
선진태양광발전소,전북특별자치도 익산시 오산면 오산로 158,,35.9520139988311,126.91658620331,,정상가동,99.0,380,60,2016,,,,,2024-09-27
유원김양래 태양광발전소,전북특별자치도 익산시 오산면 오산로 258,,35.9606361089428,126.914968863484,,정상가동,99.0,380,60,2016,,,,,2024-09-27
계화2호 태양광발전소,전북특별자치도 익산시 오산면 오산로 64,,35.9438347503635,126.915380426521,,정상가동,99.0,380,60,2016,,,,,2024-09-27
계화 태양광발전소,전북특별자치도 익산시 오산면 오산로 64,,35.9438347503635,126.915380426521,,정상가동,99.0,380,60,2016,,,,,2024-09-27
오산2호 태양광발전소,전북특별자치도 익산시 오산면 오산로 65,,35.943891757745,126.914812468207,,정상가동,99.0,380,60,2016,,,,,2024-09-27
오산1호 태양광발전소,전북특별자치도 익산시 오산면 오산로 65,,35.943891757745,126.914812468207,,정상가동,99.2,380,60,2016,,,,,2024-09-27
오산 태양광발전소,,전북특별자치도 익산시 오산면 오산리 109 건물위,35.9410110988381,126.915167878338,,정상가동,99.0,380,60,2016,,,,,2024-09-27
금호 태양광발전소,,"전북특별자치도 익산시 오산면 오산리 14-1 ,15-2,15-29, 15-27,15-34,15-30,15-3",,,,정상가동,59.28,380,60,2016,,,,,2024-09-27
승리 태양광발전소,,전북특별자치도 익산시 오산면 오산리 226번지 3호 (건물상부),,,,정상가동,98.8,380,60,2016,,,,,2024-09-27
서광농산2호 태양광발전소,,"전북특별자치도 익산시 오산면 오산리 308-2, 308-3 건물위",,,,정상가동,98.8,380,60,2016,,,,,2024-09-27
이정숙 태양광발전소,,전북특별자치도 익산시 오산면 오산리 494번지,35.9486280020417,126.90779247825,,정상가동,98.8,380,60,2016,,,,,2024-09-27
한수 태양광발전소,,전북특별자치도 익산시 오산면 오산리 593-3,35.9474607039376,126.906845190226,,정상가동,88.51,380,60,2016,,,,,2024-09-27
형순 태양광발전소,,전북특별자치도 익산시 오산면 오산리 637-1 건물위,35.9457040800778,126.909059708889,,정상가동,98.8,380,60,2016,,,,,2024-09-27
태성 태양광발전소,,전북특별자치도 익산시 오산면 장신리 240-2 건물위,35.9561675707141,126.925385832243,,정상가동,98.8,380,60,2016,,,,,2024-09-27
신일 태양광발전소,,"전북특별자치도 익산시 오산면 장신리 773-13,9 건물위",,,,정상가동,98.8,380,60,2016,,,,,2024-09-27
완수 태양광발전소,,"전북특별자치도 익산시 오산면 장신리 789-1, 789-3 건물위",,,,정상가동,349.8,380,60,2016,,,,,2024-09-27
뉴삼순 태양광발전소,전북특별자치도 익산시 오산면 청수1길 23,,35.9586308487625,126.904086616528,,정상가동,297.0,380,60,2019,,,,,2024-09-27
한길 태양광발전소,전북특별자치도 익산시 오산면 평동로 160-83,,35.9343981714275,126.897638717652,,정상가동,386.4,380,60,2015,,,,,2024-09-27
일등태양광2발전소,"전북특별자치도 익산시 오산면 평동로 294, 창고",,35.9372325140464,126.913227661816,,정상가동,495.0,380,60,2015,,,,,2024-09-27
광일오산 태양광발전소,전북특별자치도 익산시 오산면 평동로 351,,35.9393454456629,126.919252434929,,정상가동,325.62,380,60,2017,,,,,2024-09-27
디아이 태양광발전소,전북특별자치도 익산시 오산면 평동로 87,,35.9425103719424,126.891610910354,,정상가동,359.6,380,60,2015,,,,,2024-09-27
우리밀3호 태양광발전소,전북특별자치도 익산시 오산면 평동로 91,,35.9428945348054,126.892371562677,,정상가동,1000.0,22900,60,2016,,,,,2024-09-27
시월 태양광발전소,전북특별자치도 익산시 오산면 항쟁로 124,,35.9596436469993,126.904633559535,,정상가동,650.0,22900,60,2016,,,,,2024-09-27
영원 태양광발전소,전북특별자치도 익산시 오산면 항쟁로 173-3,,35.9572404545897,126.908759497083,,정상가동,253.8,22900,60,2015,,,,,2024-09-27
웅이태양광발전소,전북특별자치도 익산시 오산면 회복1길 46,,35.9120607033895,126.913542315089,,정상가동,197.6,380,60,2016,,,,,2024-09-27
병은 태양광발전소,전북특별자치도 익산시 왕궁면 건너들길 300-9,,35.9649333497496,127.098746389954,,정상가동,98.8,380,60,2016,,,,,2024-09-27
윤이태양광발전소 1호,전북특별자치도 익산시 왕궁면 관동길 28,,35.9687704633885,127.072168243093,,정상가동,98.8,380,60,2016,,,,,2024-09-27
정선태양광발전소,,전북특별자치도 익산시 왕궁면 광암리 1194번지 1호,35.9660356416613,127.09941703524,,정상가동,98.8,380,60,2016,,,,,2024-09-27
미담2호 태양광발전소,,전북특별자치도 익산시 왕궁면 광암리 1379 건물위,35.9835003250253,127.087912200709,,정상가동,98.8,380,60,2016,,,,,2024-09-27
미담1호 태양광발전소,,전북특별자치도 익산시 왕궁면 광암리 1379 건물위,35.9835003250253,127.087912200709,,정상가동,98.8,380,60,2016,,,,,2024-09-27
상암 태양광발전소,,전북특별자치도 익산시 왕궁면 광암리 494-3 토지,35.9787814759709,127.092670689811,,정상가동,98.8,380,60,2016,,,,,2024-09-27
평화1호태양광발전소,,전북특별자치도 익산시 왕궁면 구덕리 1008-10 토지,35.9508040411233,127.087151176686,,정상가동,99.0,380,60,2016,,,,,2024-09-27
평화2호태양광발전소,,전북특별자치도 익산시 왕궁면 구덕리 1008-11 토지,35.9506323880719,127.087229352265,,정상가동,99.0,380,60,2016,,,,,2024-09-27
평화3호태양광발전소,,전북특별자치도 익산시 왕궁면 구덕리 1008-12 토지,35.9504700660958,127.087241033721,,정상가동,99.0,220+380,60,2016,,,,,2024-09-27
평화4호태양광발전소,,전북특별자치도 익산시 왕궁면 구덕리 1008-13 토지,35.9501514143256,127.087327803355,,정상가동,99.0,220+380,60,2016,,,,,2024-09-27
홍락2호 태양광발전소,,전북특별자치도 익산시 왕궁면 구덕리 1196-1,35.9493297148855,127.077121666099,,정상가동,99.0,220+380,60,2016,,,,,2024-09-27
홍락1호 태양광발전소,,전북특별자치도 익산시 왕궁면 구덕리 1196-1,35.9493297148855,127.077121666099,,정상가동,99.0,220+380,60,2016,,,,,2024-09-27
평화9호태양광발전소,,"전북특별자치도 익산시 왕궁면 구덕리 197-81 , 220-48 토지",,,,정상가동,99.0,220+380,60,2016,,,,,2024-09-27
평화8호태양광발전소,,"전북특별자치도 익산시 왕궁면 구덕리 197-82 , 220-49 토지",,,,정상가동,99.0,220+380,60,2016,,,,,2024-09-27
평화7호태양광발전소,,"전북특별자치도 익산시 왕궁면 구덕리 197-83 , 220-50 토지",,,,정상가동,99.0,220+380,60,2016,,,,,2024-09-27
평화6호태양광발전소,,"전북특별자치도 익산시 왕궁면 구덕리 197-84 , 220-51 토지",,,,정상가동,99.0,220+380,60,2016,,,,,2024-09-27
평화5호태양광발전소,,전북특별자치도 익산시 왕궁면 구덕리 198 토지,35.9495818764025,127.087139969788,,정상가동,99.0,220+380,60,2016,,,,,2024-09-27
구덕이탄1호태양광발전소,,전북특별자치도 익산시 왕궁면 구덕리 252 토지,35.9494402959207,127.082412435057,,정상가동,99.0,220+380,60,2016,,,,,2024-09-27
그린4호 태양광발전소,,전북특별자치도 익산시 왕궁면 구덕리 605-19,35.9423992534855,127.07571073077,,정상가동,99.0,220+380,60,2016,,,,,2024-09-27
구봉2호태양광발전소,,전북특별자치도 익산시 왕궁면 구덕리 613-7,35.943524094076,127.076703957386,,정상가동,99.0,220+380,60,2016,,,,,2024-09-27
구봉3호태양광발전소,,전북특별자치도 익산시 왕궁면 구덕리 613-7,35.943524094076,127.076703957386,,정상가동,99.0,380,60,2016,,,,,2024-09-27
구봉1호태양광발전소,,전북특별자치도 익산시 왕궁면 구덕리 613-9,35.9434175403437,127.075752930902,,정상가동,99.0,380,60,2016,,,,,2024-09-27
믿음발전소,,전북특별자치도 익산시 왕궁면 구덕리 646-1(주3) 건물위,35.9448815743196,127.075520139567,,정상가동,99.0,380,60,2016,,,,,2024-09-27
진국2호 태양광발전소,,전북특별자치도 익산시 왕궁면 구덕리 84-2 건물위,35.9328394657048,127.087802886215,,정상가동,50.0,380,60,2016,,,,,2024-09-27
진국1호 태양광발전소,,전북특별자치도 익산시 왕궁면 구덕리 84-2 건물위,35.9328394657048,127.087802886215,,정상가동,20.0,380,60,2015,,,,,2024-09-27
소화섭2호태양광발전소,,전북특별자치도 익산시 왕궁면 구덕리 887-1,35.9475897510734,127.063472729014,,정상가동,99.0,380,60,2015,,,,,2024-09-27
케이엔에스태양광발전소,전북특별자치도 익산시 왕궁면 국가식품로 57,,35.9834484157875,127.086670772259,,정상가동,99.11,380,60,2016,,,,,2024-09-27
중산1태양광발전소,전북특별자치도 익산시 왕궁면 궁성로 432,,35.951200115022,127.054702430708,,정상가동,99.0,380,60,2016,,,,,2024-09-27
SD 태양광발전소,전북특별자치도 익산시 왕궁면 금광길 55,,35.9918205929819,127.10529336485,,정상가동,99.0,380,60,2016,,,,,2024-09-27
세원 태양광발전소,,전북특별자치도 익산시 왕궁면 도순리 158-10 토지,,,,정상가동,99.0,380,60,2016,,,,,2024-09-27
다원 태양광발전소,,전북특별자치도 익산시 왕궁면 도순리 158-8,,,,정상가동,99.0,380,60,2016,,,,,2024-09-27
해마루동봉 태양광발전소,,"전북특별자치도 익산시 왕궁면 동봉리 96-3, 96-5 토지",,,,정상가동,99.0,380,60,2016,,,,,2024-09-27
미르 태양광발전소,,전북특별자치도 익산시 왕궁면 동용리 533-12 건물위,35.9916370622853,127.099641444967,,정상가동,99.0,380,60,2016,,,,,2024-09-27
성진4호 태양광발전소,,전북특별자치도 익산시 왕궁면 동촌리 696 건물위,35.9753014447541,127.080954474059,,정상가동,99.0,380,60,2016,,,,,2024-09-27
성진3호 태양광발전소,,전북특별자치도 익산시 왕궁면 동촌리 696 건물위,35.9753014447541,127.080954474059,,정상가동,99.0,380,60,2016,,,,,2024-09-27
성진2호 태양광발전소,,전북특별자치도 익산시 왕궁면 동촌리 696 건물위,35.9753014447541,127.080954474059,,정상가동,99.0,380,60,2016,,,,,2024-09-27
성진1호 태양광발전소,,전북특별자치도 익산시 왕궁면 동촌리 696 건물위,35.9753014447541,127.080954474059,,정상가동,99.0,380,60,2016,,,,,2024-09-27
㈜두드림글로벌(SCDD2호 태양광발전소),,전북특별자치도 익산시 왕궁면 동촌리 714 건물상부(주2),35.9733940362824,127.080058453615,,정상가동,99.0,220+380,60,2016,,,,,2024-09-27
대성2호 태양광발전소,전북특별자치도 익산시 왕궁면 발산길 12,,35.9486951428793,127.05483914016,,정상가동,99.0,220+380,60,2016,,,,,2024-09-27
인오 태양광발전소,전북특별자치도 익산시 왕궁면 발산길 46-39,,35.9464928018823,127.057674539624,,정상가동,99.0,220+380,60,2016,,,,,2024-09-27
왕궁에너지2호 태양광발전소,,전북특별자치도 익산시 왕궁면 발산리 106번지,35.9575401868635,127.06756883653,,정상가동,99.0,220+380,60,2016,,,,,2024-09-27
소화섭3호 태양광발전소,,전북특별자치도 익산시 왕궁면 발산리 299-3 건물위,35.9506463942386,127.061230324219,,정상가동,99.0,380,60,2016,,,,,2024-09-27
대성1호 태양광발전소,,전북특별자치도 익산시 왕궁면 발산리 421,35.9483974057046,127.054370425506,,정상가동,45.0,380,60,2015,,,,,2024-09-27
경주4호태양광발전소,,전북특별자치도 익산시 왕궁면 발산리 68-9 - 토지,35.9596496534305,127.068637149298,,정상가동,98.94,380,60,2015,,,,,2024-09-27
경희3호 태양광발전소,"전북특별자치도 익산시 왕궁면 쌍제1길 24, 삼호건설산업(주)",,35.9314970208539,127.05379569678,,정상가동,98.94,380,60,2015,,,,,2024-09-27
경희2호 태양광발전소,"전북특별자치도 익산시 왕궁면 쌍제1길 24, 삼호건설산업(주)",,35.9314970208539,127.05379569678,,정상가동,19.8,380,60,2015,,,,,2024-09-27
경희1호 태양광발전소,"전북특별자치도 익산시 왕궁면 쌍제1길 24, 삼호건설산업(주)",,35.9314970208539,127.05379569678,,정상가동,30.0,380,60,2015,,,,,2024-09-27
은영 태양광발전소,전북특별자치도 익산시 왕궁면 쌍제1길 27,,35.932850296239,127.053666737812,,정상가동,16.5,380,60,2016,,,,,2024-09-27
아영 태양광발전소,전북특별자치도 익산시 왕궁면 쌍제1길 27,,35.932850296239,127.053666737812,,정상가동,99.0,380,60,2016,,,,,2024-09-27
건우 태양광발전소,전북특별자치도 익산시 왕궁면 쌍제1길 27,,35.932850296239,127.053666737812,,정상가동,99.0,380,60,2016,,,,,2024-09-27
바우3호태양광발전소,전북특별자치도 익산시 왕궁면 쌍제길 83-114,,35.9424477742276,127.063361556315,,정상가동,99.0,380,60,2016,,,,,2024-09-27
바우1호태양광발전소,전북특별자치도 익산시 왕궁면 쌍제길 83-114,,35.9424477742276,127.063361556315,,정상가동,99.0,380,60,2016,,,,,2024-09-27
쌍제 태양광발전소,,전북특별자치도 익산시 왕궁면 쌍제리 180번지 10호,35.9340181426909,127.066916380713,,정상가동,99.0,380,60,2016,,,,,2024-09-27
쌍제4호 태양광발전소,,전북특별자치도 익산시 왕궁면 쌍제리 286번지 1호,,,,정상가동,99.0,380,60,2016,,,,,2024-09-27
쌍제원 태양광발전소,,전북특별자치도 익산시 왕궁면 쌍제리 287,35.9400196101587,127.066754979348,,정상가동,99.0,380,60,2016,,,,,2024-09-27
쌍제5호 태양광발전소,,전북특별자치도 익산시 왕궁면 쌍제리 288,35.9402482368678,127.066788308528,,정상가동,99.0,380,60,2016,,,,,2024-09-27
대륜1호 태양광발전소,,"전북특별자치도 익산시 왕궁면 쌍제리 288 ,289",,,,정상가동,99.0,380,60,2015,,,,,2024-09-27
쌍제6호 태양광발전소,,"전북특별자치도 익산시 왕궁면 쌍제리 289 ,288",,,,정상가동,40.28,380,60,2017,,,,,2024-09-27
바우2호태양광발전소,,전북특별자치도 익산시 왕궁면 쌍제리 310-5,35.9424699368795,127.063376535912,,정상가동,99.0,220+380,60,2016,,,,,2024-09-27
태광해드림 태양광발전소,,전북특별자치도 익산시 왕궁면 쌍제리 33번지 1호 건물상부,,,,정상가동,98.58,380,60,2015,,,,,2024-09-27
우양순 발전소,,전북특별자치도 익산시 왕궁면 쌍제리 531-26 건물위,35.9367345255562,127.056119170775,,정상가동,99.0,380,60,2015,,,,,2024-09-27
쌍제7호태양광발전소,,전북특별자치도 익산시 왕궁면 쌍제리 60,35.9396861809168,127.06766623495,,정상가동,230.0,380,60,2020,,,,,2024-09-27
쌍제8호태양광발전소,,전북특별자치도 익산시 왕궁면 쌍제리 60,35.9396861809168,127.06766623495,,정상가동,99.0,380,60,2015,,,,,2024-09-27
오룡 태양광발전소,전북특별자치도 익산시 왕궁면 쌍제오룡길 125,,35.9417353432386,127.067332838125,,정상가동,99.0,380,60,2015,,,,,2024-09-27
태양2 태양광발전소,전북특별자치도 익산시 왕궁면 쌍제오룡길 125,,35.9417353432386,127.067332838125,,정상가동,99.0,380,60,2015,,,,,2024-09-27
태양1 태양광발전소,전북특별자치도 익산시 왕궁면 쌍제오룡길 125,,35.9417353432386,127.067332838125,,정상가동,61.2,380,60,2015,,,,,2024-09-27
옥이네3호 태양광발전소,전북특별자치도 익산시 왕궁면 앵금길 141-55,,35.9460693144799,127.063552089317,,정상가동,99.0,360,60,2015,,,,,2024-09-27
옥이네2호 태양광발전소,전북특별자치도 익산시 왕궁면 앵금길 141-55,,35.9460693144799,127.063552089317,,정상가동,99.0,380,60,2015,,,,,2024-09-27
옥이네1호 태양광발전소,전북특별자치도 익산시 왕궁면 앵금길 141-55,,35.9460693144799,127.063552089317,,정상가동,99.0,380,60,2015,,,,,2024-09-27
소화섭1호태양광발전소,전북특별자치도 익산시 왕궁면 앵금길 141-58,,35.9475874060295,127.063476163057,,정상가동,99.0,380,60,2015,,,,,2024-09-27
하늘발전소,전북특별자치도 익산시 왕궁면 오포길 127,,35.9746970780972,127.078370604704,,정상가동,99.0,380,60,2015,,,,,2024-09-27
필그린3호 태양광발전소,전북특별자치도 익산시 왕궁면 온수1길 73,,35.9258378972272,127.066777740119,,정상가동,99.0,380,60,2015,,,,,2024-09-27
필그린1호 태양광발전소,전북특별자치도 익산시 왕궁면 온수1길 76-5,,35.9260628778475,127.067529859004,,정상가동,99.11,380,60,2015,,,,,2024-09-27
광동발전소,"전북특별자치도 익산시 왕궁면 온수길 101, 건물위",,35.9263850466131,127.064294362049,,정상가동,99.11,380,60,2015,,,,,2024-09-27
시은 태양광발전소,"전북특별자치도 익산시 왕궁면 온수길 73, 건물위",,35.9237249512504,127.063921130332,,정상가동,99.0,220+380,60,2016,,,,,2024-09-27
하오엔지니어링,,전북특별자치도 익산시 왕궁면 온수리 184 건물상부(제조업소),35.9250770902191,127.074110041648,,정상가동,99.0,220+380,60,2016,,,,,2024-09-27
다인2호 태양광발전소,,전북특별자치도 익산시 왕궁면 온수리 184 건물상부(주택),35.9250770902191,127.074110041648,,정상가동,49.9,380,60,2015,,,,,2024-09-27
온수예숙 태양광발전소,,"전북특별자치도 익산시 왕궁면 온수리 205-80,205-137,205-123 건물위",,,,정상가동,46.8,220+380,60,2015,,,,,2024-09-27
서진1호 태양광발전소,,전북특별자치도 익산시 왕궁면 온수리 29-1 건물위,35.9299793265712,127.082657184589,,정상가동,98.28,220+380,60,2015,,,,,2024-09-27
우정 태양광발전소,전북특별자치도 익산시 왕궁면 왕궁로 356,,35.951169951145,127.084495604961,,정상가동,99.75,380,60,2017,,,,,2024-09-27
광현 태양광발전소,"전북특별자치도 익산시 왕궁면 왕궁로 695, 로지스밸류플러스(주)",,35.9797760232596,127.094248470077,,정상가동,99.75,380,60,2017,,,,,2024-09-27
그린1호 태양광발전소,,전북특별자치도 익산시 왕궁면 왕궁리 347-41,35.9802975087735,127.063149077444,,정상가동,99.75,380,60,2017,,,,,2024-09-27
햇빛발전소 태양광발전소,전북특별자치도 익산시 왕궁면 호음길 65-2,,35.979761974655,127.066194664094,,정상가동,99.75,380,60,2017,,,,,2024-09-27
대일1호 태양광발전소,,전북특별자치도 익산시 왕궁면 흥암리 1010-4,35.9567688809511,127.096371487746,,정상가동,99.75,380,60,2017,,,,,2024-09-27
대일 태양광발전소,,"전북특별자치도 익산시 왕궁면 흥암리 1010번지 4호 , 1011-3(건물상부)",35.9567514467241,127.095859123171,,정상가동,99.75,380,60,2017,,,,,2024-09-27
대일2호 태양광발전소,,전북특별자치도 익산시 왕궁면 흥암리 1011-3,35.956947339711,127.095565942228,,정상가동,99.0,220+380,60,2015,,,,,2024-09-27
송결 태양광발전소,,전북특별자치도 익산시 왕궁면 흥암리 1054 건물위,35.9563925588217,127.090777290137,,정상가동,45.32,220+380,60,2016,,,,,2024-09-27
미숙 태양광발전소,,전북특별자치도 익산시 왕궁면 흥암리 1070-3,35.9533659471897,127.092633902604,,정상가동,30.21,220+380,60,2016,,,,,2024-09-27
종석 태양광발전소,,전북특별자치도 익산시 왕궁면 흥암리 1070-3,35.9533659471897,127.092633902604,,정상가동,98.8,220+380,60,2017,,,,,2024-09-27
참신3호 태양광발전소,,전북특별자치도 익산시 왕궁면 흥암리 1301(주1) 건물위,35.9726771494216,127.081725785874,,정상가동,99.0,220+380,60,2015,,,,,2024-09-27
참신2호 태양광발전소,,전북특별자치도 익산시 왕궁면 흥암리 1301(주1) 건물위,35.9726771494216,127.081725785874,,정상가동,75.0,220+380,60,2015,,,,,2024-09-27
참신1호 태양광발전소,,전북특별자치도 익산시 왕궁면 흥암리 1301(주1) 건물위,35.9726771494216,127.081725785874,,정상가동,99.0,380,60,2015,,,,,2024-09-27
종일태양광발전소2호,,전북특별자치도 익산시 왕궁면 흥암리 240-9,35.951442981253,127.094125578595,,정상가동,19.52,220+380,60,2015,,,,,2024-09-27
종일태양광발전소1호,,전북특별자치도 익산시 왕궁면 흥암리 240-9,35.951442981253,127.094125578595,,정상가동,39.04,220+380,60,2015,,,,,2024-09-27
화선태양광발전소2호,,전북특별자치도 익산시 왕궁면 흥암리 240-9,35.951442981253,127.094125578595,,정상가동,19.08,220+380,60,2015,,,,,2024-09-27
화선태양광발전소1호,,전북특별자치도 익산시 왕궁면 흥암리 240-9,35.951442981253,127.094125578595,,정상가동,70.2,220+380,60,2015,,,,,2024-09-27
화수분 태양광발전소,,전북특별자치도 익산시 왕궁면 흥암리 243,35.9524429024059,127.095388045348,,정상가동,98.28,220+380,60,2015,,,,,2024-09-27
뻐꾸기 태양광발전소,,전북특별자치도 익산시 왕궁면 흥암리 243,35.9524429024059,127.095388045348,,정상가동,98.58,380,60,2015,,,,,2024-09-27
우도1호 태양광발전소,,전북특별자치도 익산시 왕궁면 흥암리 243,35.9524429024059,127.095388045348,,정상가동,35.2,380,60,2016,,,,,2024-09-27
소생 태양광발전소,,전북특별자치도 익산시 왕궁면 흥암리 243,35.9524429024059,127.095388045348,,정상가동,30.12,380,60,2015,,,,,2024-09-27
대한민국2호 태양광발전소,,전북특별자치도 익산시 왕궁면 흥암리 243,35.9524429024059,127.095388045348,,정상가동,98.28,220+380,60,2015,,,,,2024-09-27
흥암9 태양광발전소,,전북특별자치도 익산시 왕궁면 흥암리 243-18,35.9521352527717,127.095910962498,,정상가동,19.6,220,60,2015,,,,,2024-09-27
흥암8 태양광발전소,,전북특별자치도 익산시 왕궁면 흥암리 243-18,35.9521352527717,127.095910962498,,정상가동,300.0,220+380,60,2015,,,,,2024-09-27
흥암7 태양광발전소,,전북특별자치도 익산시 왕궁면 흥암리 243-18,35.9521352527717,127.095910962498,,정상가동,98.8,380,60,2015,,,,,2024-09-27
흥암6 태양광발전소,,전북특별자치도 익산시 왕궁면 흥암리 243-18,35.9521352527717,127.095910962498,,정상가동,99.0,380,60,2015,,,,,2024-09-27
인오발전소,,전북특별자치도 익산시 왕궁면 흥암리 243-27,35.9524946630731,127.096029222941,,정상가동,99.0,380,60,2015,,,,,2024-09-27
상일발전소,,전북특별자치도 익산시 왕궁면 흥암리 243-27,35.9524946630731,127.096029222941,,정상가동,99.0,380,60,2015,,,,,2024-09-27
대중 태양광발전소,,전북특별자치도 익산시 왕궁면 흥암리 243-32,35.9515172294748,127.094944342296,,정상가동,99.0,380,60,2015,,,,,2024-09-27
파워왕궁태양광,,전북특별자치도 익산시 왕궁면 흥암리 44번지 1호,,,,정상가동,37.44,220,60,2015,,,,,2024-09-27
다혜왕궁태양광,,전북특별자치도 익산시 왕궁면 흥암리 45번지 2호,35.9535238134636,127.095886592533,,정상가동,99.0,380,60,2015,,,,,2024-09-27
재건2호태양광발전소,,전북특별자치도 익산시 왕궁면 흥암리 713-2 주2,35.9590623955648,127.075124371382,,정상가동,99.0,380,60,2015,,,,,2024-09-27
재건1호태양광발전소,,전북특별자치도 익산시 왕궁면 흥암리 713-3,35.9587822578702,127.075176095543,,정상가동,99.45,220+380,60,2015,,,,,2024-09-27
장미 발전소,전북특별자치도 익산시 용동면 구산길 17-18,,36.120551815877,126.977959987274,,정상가동,300.0,220+380,60,2015,,,,,2024-09-27
대조태양광발전소,전북특별자치도 익산시 용동면 대조길 72,,36.1138091411506,126.99960948069,,정상가동,98.28,220+380,60,2015,,,,,2024-09-27
새빛 태양광발전소,,전북특별자치도 익산시 용동면 대조리 107,36.1101270879368,127.010864948468,,정상가동,70.2,220+380,60,2015,,,,,2024-09-27
한빛 태양광발전소,,"전북특별자치도 익산시 용동면 대조리 107 ,946-6",,,,정상가동,98.28,220+380,60,2015,,,,,2024-09-27
사랑 태양광발전소,,"전북특별자치도 익산시 용동면 대조리 107 ,946-6",,,,정상가동,98.28,220+380,60,2015,,,,,2024-09-27
대조리1 태양광발전소,,전북특별자치도 익산시 용동면 대조리 133-1 토지,36.1127154791974,127.017011233939,,정상가동,98.28,220+380,60,2015,,,,,2024-09-27
대원6호 태양광발전소,,전북특별자치도 익산시 용동면 대조리 133-3 토지,36.1122670553842,127.016857864736,,정상가동,98.28,220+380,60,2015,,,,,2024-09-27
대조리2 태양광발전소,,전북특별자치도 익산시 용동면 대조리 133-4 토지,36.1126976657208,127.017425290238,,정상가동,99.0,380,60,2015,,,,,2024-09-27
토탈3호 태양광발전소,,전북특별자치도 익산시 용동면 대조리 133-5 토지,36.1124528999233,127.017393026655,,정상가동,98.8,380,60,2015,,,,,2024-09-27
예린 태양광발전소,,전북특별자치도 익산시 용동면 대조리 186,36.1192811931997,127.010879316582,,정상가동,98.8,380,60,2015,,,,,2024-09-27
대흥3호 태양광발전소,,전북특별자치도 익산시 용동면 대조리 196-6 토지,36.1190436771661,127.010378217399,,정상가동,98.8,380,60,2015,,,,,2024-09-27
용동3호 태양광발전소,,"전북특별자치도 익산시 용동면 대조리 32 ,944-16",,,,정상가동,83.25,380,60,2015,,,,,2024-09-27
미연태양광발전소,,전북특별자치도 익산시 용동면 대조리 402-4 토지,36.1096517978861,127.007099724481,,정상가동,99.0,380,60,2017,,,,,2024-09-27
유라태양광발전소,,전북특별자치도 익산시 용동면 대조리 402-7 토지,36.1095240065198,127.007078722042,,정상가동,42.0,220+380,60,2016,,,,,2024-09-27
대조10 태양광발전소,,전북특별자치도 익산시 용동면 대조리 42-1 토지,36.1014380887009,127.014277483915,,정상가동,30.0,220+380,60,2015,,,,,2024-09-27
금강3 태양광발전소,,전북특별자치도 익산시 용동면 대조리 42-10 토지,36.1004783788096,127.01503267534,,정상가동,98.58,380,60,2015,,,,,2024-09-27
시소3 태양광발전소,,전북특별자치도 익산시 용동면 대조리 42-11 토지,36.1002365070877,127.014909696812,,정상가동,99.11,380,60,2015,,,,,2024-09-27
청광4호 태양광발전소,,전북특별자치도 익산시 용동면 대조리 42-2 토지,36.101270203643,127.014176840837,,정상가동,99.11,380,60,2015,,,,,2024-09-27
선 태양광발전소,,전북특별자치도 익산시 용동면 대조리 42-3 토지,36.1011742248047,127.014168938944,,정상가동,99.11,380,60,2015,,,,,2024-09-27
대조8 태양광발전소,,전북특별자치도 익산시 용동면 대조리 42-4 토지,36.1009930630145,127.014310829798,,정상가동,99.11,380,60,2015,,,,,2024-09-27
대조1 태양광발전소,,전북특별자치도 익산시 용동면 대조리 42-5,36.1013037363558,127.014859703126,,정상가동,99.11,380,60,2015,,,,,2024-09-27
유한회사 도현솔라에너지,,전북특별자치도 익산시 용동면 대조리 42-6,36.1010664436759,127.014874539312,,정상가동,99.11,380,60,2015,,,,,2024-09-27
대조7 태양광발전소,,전북특별자치도 익산시 용동면 대조리 42-7 토지,36.1007762123938,127.01445604499,,정상가동,99.11,380,60,2015,,,,,2024-09-27
다온4호 태양광발전소,,전북특별자치도 익산시 용동면 대조리 42-8 토지,36.1005225967081,127.014561496505,,정상가동,99.11,380,60,2015,,,,,2024-09-27
대조3 태양광발전소,,전북특별자치도 익산시 용동면 대조리 42-9 토지,36.1007186570287,127.014926001318,,정상가동,99.0,380,60,2015,,,,,2024-09-27
대조리제5 태양광발전소,,전북특별자치도 익산시 용동면 대조리 46번지,36.0987797815605,127.011611405725,,정상가동,99.0,380,60,2015,,,,,2024-09-27
대조리제4 태양광발전소,,전북특별자치도 익산시 용동면 대조리 46번지,36.0987797815605,127.011611405725,,정상가동,99.11,380,60,2015,,,,,2024-09-27
대조리제3 태양광발전소,,전북특별자치도 익산시 용동면 대조리 46번지,36.0987797815605,127.011611405725,,정상가동,9.0,380,60,2015,,,,,2024-09-27
대조리제2 태양광발전소,,전북특별자치도 익산시 용동면 대조리 46번지,36.0987797815605,127.011611405725,,정상가동,12.24,220,60,2015,,,,,2024-09-27
대조리제1 태양광발전소,,전북특별자치도 익산시 용동면 대조리 46번지,36.0987797815605,127.011611405725,,정상가동,98.58,380,60,2015,,,,,2024-09-27
대지용동 태양광발전소,,전북특별자치도 익산시 용동면 대조리 50번지 1호,36.0992208858082,127.011107864925,,정상가동,49.5,380,60,2015,,,,,2024-09-27
영숙태양광,,전북특별자치도 익산시 용동면 대조리 82,36.1055624422673,127.009559726357,,정상가동,99.0,380,60,2015,,,,,2024-09-27
우리태양광,,전북특별자치도 익산시 용동면 대조리 82,36.1055624422673,127.009559726357,,정상가동,99.0,380,60,2015,,,,,2024-09-27
신후대조태양광,,전북특별자치도 익산시 용동면 대조리 82,36.1055624422673,127.009559726357,,정상가동,99.0,380,60,2015,,,,,2024-09-27
한빛태양광,,전북특별자치도 익산시 용동면 대조리 83-1,36.1058297780917,127.010231881562,,정상가동,99.0,380,60,2015,,,,,2024-09-27
대조제이엠에너지,,전북특별자치도 익산시 용동면 대조리 905-22,36.1080261174279,127.017419149576,,정상가동,99.11,380,60,2016,,,,,2024-09-27
동광2호 태양광발전소,,전북특별자치도 익산시 용동면 대조리 935-40 토지,36.1046257895204,127.013484563636,,정상가동,99.0,380,60,2015,,,,,2024-09-27
익산 썬샤인 태양광발전소,,전북특별자치도 익산시 용동면 대조리 935-41 토지,36.1044707171238,127.013240435929,,정상가동,99.0,380,60,2015,,,,,2024-09-27
제이에스 솔라-2호 태양광발전소,,전북특별자치도 익산시 용동면 대조리 935-42 토지,36.1043799788049,127.013110041046,,정상가동,19.8,380,60,2015,,,,,2024-09-27
수정태양광발전소,,전북특별자치도 익산시 용동면 대조리 935-43 토지,36.1041534470125,127.012791495928,,정상가동,99.0,380,60,2015,,,,,2024-09-27
어울림 태양광발전소,,전북특별자치도 익산시 용동면 대조리 935-6,36.1048003711348,127.013344440147,,정상가동,396.0,380,60,2017,,,,,2024-09-27
욱1호태양광,,전북특별자치도 익산시 용동면 대조리 949-29,36.1052023562289,127.010161056837,,정상가동,495.0,380,60,2017,,,,,2024-09-27
수빈3호태양광,,전북특별자치도 익산시 용동면 대조리 949-7,36.1054551036455,127.0106696214,,정상가동,500.0,22900,60,2015,,,,,2024-09-27
웅3호태양광,,전북특별자치도 익산시 용동면 대조리 949-7,36.1054551036455,127.0106696214,,정상가동,349.8,22900,60,2015,,,,,2024-09-27
대조 발전소,,전북특별자치도 익산시 용동면 대조리 950번지 25호,,,,정상가동,450.0,380,60,2016,,,,,2024-09-27
한돌1호 태양광발전소,전북특별자치도 익산시 용동면 두무2길 29,,36.117095150192,127.001275793993,,정상가동,300.0,380,60,2015,,,,,2024-09-27
두무태양광발전소,전북특별자치도 익산시 용동면 두무2길 40,,36.1174095888504,127.00076430206,,정상가동,300.0,380,60,2015,,,,,2024-09-27
제일태양광발전소 2호,전북특별자치도 익산시 용동면 송산들길 179-91,,36.0987558683605,126.981652980698,,정상가동,200.0,380,60,2016,,,,,2024-09-27
제일태양광발전소 3호,전북특별자치도 익산시 용동면 송산들길 179-91,,36.0987558683605,126.981652980698,,정상가동,599.4,22900,60,2014,,,,,2024-09-27
무항6호 태양광발전소,전북특별자치도 익산시 용동면 안성로 524-19,,36.1181761470957,127.010602475443,,정상가동,454.48,380,60,2016,,,,,2024-09-27
무항5호 태양광발전소,전북특별자치도 익산시 용동면 안성로 524-19,,36.1181761470957,127.010602475443,,정상가동,197.16,380,60,2015,,,,,2024-09-27
무항4호 태양광발전소,전북특별자치도 익산시 용동면 안성로 524-19,,36.1181761470957,127.010602475443,,정상가동,862.5,22900,60,2014,,,,,2024-09-27
무항3호 태양광발전소,전북특별자치도 익산시 용동면 안성로 524-19,,36.1181761470957,127.010602475443,,정상가동,397.5,380,60,2017,,,,,2024-09-27
무항2호 태양광발전소,전북특별자치도 익산시 용동면 안성로 524-19,,36.1181761470957,127.010602475443,,정상가동,629.2,22900,60,2015,,,,,2024-09-27
무항1호 태양광발전소,전북특별자치도 익산시 용동면 안성로 524-19,,36.1181761470957,127.010602475443,,정상가동,297.0,380,60,2017,,,,,2024-09-27
북익산농업협동조합용동지점 태양광발전소,"전북특별자치도 익산시 용동면 용동1길 80-7, 함열농협(용동지점)",,36.1103962475177,126.99216385158,,정상가동,99.45,220+380,60,2015,,,,,2024-09-27
동서2호  태양광발전소,"전북특별자치도 익산시 용동면 용동로 161, 유현케미칼",,36.103633932919,127.004989695604,,정상가동,500.0,22900,60,2015,,,,,2024-09-27
동서1호  태양광발전소,"전북특별자치도 익산시 용동면 용동로 161, 유현케미칼",,36.103633932919,127.004989695604,,정상가동,296.96,380,60,2015,,,,,2024-09-27
당하 태양광발전소,,전북특별자치도 익산시 용동면 용성리 126-3,36.1115288543348,126.985072730974,,정상가동,300.0,22900,60,2014,,,,,2024-09-27
SM2호 태양광발전소,전북특별자치도 익산시 용동면 화배길 266,,36.0930727095878,127.016337983802,,정상가동,1000.0,22900,60,2014,,,,,2024-09-27
SM1호 태양광발전소,전북특별자치도 익산시 용동면 화배길 266,,36.0930727095878,127.016337983802,,정상가동,1000.0,22900,60,2015,,,,,2024-09-27
장안 태양광발전소,,전북특별자치도 익산시 용동면 화배리 12-6 주1 건물위,,,,정상가동,99.45,220+380,60,2015,,,,,2024-09-27
미영 태양광발전소,,전북특별자치도 익산시 용동면 화배리 35,36.0913812638244,127.014519947632,,정상가동,300.0,220+380,60,2016,,,,,2024-09-27
행복태양광발전소,,전북특별자치도 익산시 용동면 화배리 435번지 1호,,,,정상가동,810.0,22900,60,2014,,,,,2024-09-27
화배5호 태양광발전소,,전북특별자치도 익산시 용동면 화배리 451,36.0850171830159,126.999629386242,,정상가동,20.14,220+380,60,2014,,,,,2024-09-27
화배4호 태양광발전소,,전북특별자치도 익산시 용동면 화배리 451-11 토지,36.0848065673105,126.999527241111,,정상가동,20.0,220+380,60,2014,,,,,2024-09-27
화배3호 태양광발전소,,전북특별자치도 익산시 용동면 화배리 451-12,36.0846710237465,126.999547226998,,정상가동,19.0,220+380,60,2015,,,,,2024-09-27
화배2호 태양광발전소,,전북특별자치도 익산시 용동면 화배리 451-13,36.0845498096447,126.999582423579,,정상가동,80.0,220+380,60,2014,,,,,2024-09-27
화배1호 태양광발전소,,전북특별자치도 익산시 용동면 화배리 451-14,36.0844015586163,126.999537680151,,정상가동,35.25,220+380,60,2014,,,,,2024-09-27
화배6호 태양광발전소,,"전북특별자치도 익산시 용동면 화배리 451-15 ,451-17",,,,정상가동,49.55,220+380,60,2015,,,,,2024-09-27
삼마 태양광발전소,,전북특별자치도 익산시 용동면 화배리 451-19 토지,36.0839341852439,126.999510592259,,정상가동,14.04,220+380,60,2014,,,,,2024-09-27
이레 태양광발전소,,"전북특별자치도 익산시 용동면 화배리 451-5 ,451-16 토지",,,,정상가동,297.54,22900,60,2014,,,,,2024-09-27
배화3호 태양광발전소,,전북특별자치도 익산시 용동면 화배리 455 토지,36.085026721371,126.998093748238,,정상가동,49.5,220+380,60,2014,,,,,2024-09-27
배화2호 태양광발전소,,"전북특별자치도 익산시 용동면 화배리 458-2 458-3, 458-4, 459 토지",,,,정상가동,99.38,220+380,60,2014,,,,,2024-09-27
배화1호 태양광발전소,,"전북특별자치도 익산시 용동면 화배리 459-4 ,460 토지",,,,정상가동,99.38,220+380,60,2014,,,,,2024-09-27
새한 태양광발전소,,전북특별자치도 익산시 용동면 화배리 461-2,36.086143704744,126.998909682736,,정상가동,98.8,220+380,60,2014,,,,,2024-09-27
복음태양광발전소,,"전북특별자치도 익산시 용동면 화배리 48번지 , 59-2, 517-2",,,,정상가동,19.89,220+380,60,2015,,,,,2024-09-27
명선태양광발전소,,전북특별자치도 익산시 용동면 화배리 517번지 9호,,,,정상가동,50.88,220+380,60,2015,,,,,2024-09-27
고은2 태양광발전소,,전북특별자치도 익산시 용동면 화배리 530-18,36.0901848474417,127.002453561487,,정상가동,50.88,220+380,60,2014,,,,,2024-09-27
명 태양광발전소,,전북특별자치도 익산시 용동면 화배리 530-19,36.0900021637143,127.002748022479,,정상가동,99.11,220+380,60,2014,,,,,2024-09-27
제이 태양광발전소,,전북특별자치도 익산시 용동면 화배리 530-20,36.0898180335215,127.003188049513,,정상가동,99.11,220+380,60,2014,,,,,2024-09-27
은성 태양광발전소,,전북특별자치도 익산시 용동면 화배리 530-22,36.089583894145,127.003275202619,,정상가동,99.11,220+380,60,2014,,,,,2024-09-27
매교 태양광발전소,,전북특별자치도 익산시 용동면 화배리 530-23,36.089371474112,127.003362134063,,정상가동,99.11,220+380,60,2014,,,,,2024-09-27
봄이네1호 태양광발전소,,전북특별자치도 익산시 용동면 화배리 594-17,36.0962988344602,127.004722058655,,정상가동,99.11,220+380,60,2014,,,,,2024-09-27
세인 태양광발전소,,전북특별자치도 익산시 용동면 화실리 924-85,36.093204309996,127.001544347124,,정상가동,99.11,220+380,60,2014,,,,,2024-09-27
에스에이치(SH)2호 태양광 발전소,,전북특별자치도 익산시 용동면 흥왕리 20,36.1008291641779,127.001598578129,,정상가동,70.0,220+380,60,2014,,,,,2024-09-27
흥왕3호 태양광 발전소,,전북특별자치도 익산시 용동면 흥왕리 20,36.1008291641779,127.001598578129,,정상가동,20.0,220+380,60,2014,,,,,2024-09-27
범진2호 태양광발전소,,전북특별자치도 익산시 용동면 흥왕리 20,36.1008291641779,127.001598578129,,정상가동,49.4,220+380,60,2014,,,,,2024-09-27
비에이치(BH)태양광발전소,,전북특별자치도 익산시 용동면 흥왕리 20,36.1008291641779,127.001598578129,,정상가동,98.8,220+380,60,2014,,,,,2024-09-27
정원1호 태양광발전소,,전북특별자치도 익산시 용동면 흥왕리 20,36.1008291641779,127.001598578129,,정상가동,98.8,220+380,60,2014,,,,,2024-09-27
한울 3호 태양광발전소,,전북특별자치도 익산시 용동면 흥왕리 20,36.1008291641779,127.001598578129,,정상가동,496.8,22900,60,2014,,,,,2024-09-27
미래 태양광발전소,,전북특별자치도 익산시 용동면 흥왕리 20,36.1008291641779,127.001598578129,,정상가동,37.1,220+380,60,2014,,,,,2024-09-27
진성2호 태양광 발전소,,전북특별자치도 익산시 용동면 흥왕리 20,36.1008291641779,127.001598578129,,정상가동,63.6,220+380,60,2014,,,,,2024-09-27
주니 태양광발전소,,전북특별자치도 익산시 용동면 흥왕리 20-11,36.1007060584519,127.001542495003,,정상가동,20.0,220+380,60,2014,,,,,2024-09-27
해찬뜰 태양광발전소,,전북특별자치도 익산시 용동면 흥왕리 21,,,,정상가동,99.45,220+380,60,2014,,,,,2024-09-27
흥왕8호태양광발전소,,전북특별자치도 익산시 용동면 흥왕리 341번지 2호,36.0968623678029,127.000685593978,,정상가동,99.45,220+380,60,2014,,,,,2024-09-27
JH 태양광발전소,,전북특별자치도 익산시 용동면 흥왕리 38,36.1004200601958,127.003513522141,,정상가동,99.0,220+380,60,2014,,,,,2024-09-27
SF 태양광발전소,,전북특별자치도 익산시 용동면 흥왕리 38,36.1004200601958,127.003513522141,,정상가동,30.0,220+380,60,2014,,,,,2024-09-27
금정 태양광발전소,,전북특별자치도 익산시 용동면 흥왕리 38,36.1004200601958,127.003513522141,,정상가동,18.88,220+380,60,2014,,,,,2024-09-27
은주 태양광발전소,,전북특별자치도 익산시 용동면 흥왕리 38,36.1004200601958,127.003513522141,,정상가동,30.0,220+380,60,2014,,,,,2024-09-27
고은 태양광발전소,,전북특별자치도 익산시 용동면 흥왕리 38,36.1004200601958,127.003513522141,,정상가동,10.0,220+380,60,2014,,,,,2024-09-27
금광 태양광발전소,,전북특별자치도 익산시 용동면 흥왕리 38,36.1004200601958,127.003513522141,,정상가동,20.0,220+380,60,2014,,,,,2024-09-27
SH 태양광발전소,,전북특별자치도 익산시 용동면 흥왕리 38,36.1004200601958,127.003513522141,,정상가동,19.8,220+380,60,2014,,,,,2024-09-27
라온 태양광발전소,,전북특별자치도 익산시 용동면 흥왕리 38,36.1004200601958,127.003513522141,,정상가동,20.0,220+380,60,2014,,,,,2024-09-27
현주 태양광발전소,,전북특별자치도 익산시 용동면 흥왕리 38,36.1004200601958,127.003513522141,,정상가동,20.0,220+380,60,2015,,,,,2024-09-27
수지 태양광 발전소,,전북특별자치도 익산시 용동면 흥왕리 568-27,,,,정상가동,50.0,220,60,2014,,,,,2024-09-27
자양 태양광발전소,,전북특별자치도 익산시 용동면 흥왕리 568-27,,,,정상가동,69.62,220,60,2014,,,,,2024-09-27
리하 태양광발전소,,전북특별자치도 익산시 용동면 흥왕리 568-27,,,,정상가동,50.0,220,60,2014,,,,,2024-09-27
절전 태양광발전소,,전북특별자치도 익산시 용동면 흥왕리 569-1,36.0987643608819,127.002755545666,,정상가동,28.8,380,60,2015,,,,,2024-09-27
하준2호 태양광발전소,,전북특별자치도 익산시 용동면 흥왕리 577-8,36.0997612305438,127.000201110512,,정상가동,20.0,380,60,2015,,,,,2024-09-27
하준1호 태양광 발전소,,전북특별자치도 익산시 용동면 흥왕리 577-8,36.0997612305438,127.000201110512,,정상가동,98.8,380,60,2014,,,,,2024-09-27
대한태양광발전소,,전북특별자치도 익산시 용안면 난포리 636-5 건물위 1동,36.1257001496273,126.934793440508,,정상가동,50.0,380,60,2014,,,,,2024-09-27
용안3호 태양광발전소,,전북특별자치도 익산시 용안면 난포리 6445-6 토지,,,,정상가동,30.0,380,60,2015,,,,,2024-09-27
용안4호 태양광발전소,,전북특별자치도 익산시 용안면 난포리 645-6 토지,36.1230107973916,126.939533762175,,정상가동,99.0,380,60,2014,,,,,2024-09-27
용안2호 태양광발전소,,전북특별자치도 익산시 용안면 난포리 645-6 토지,36.1230107973916,126.939533762175,,정상가동,49.92,380,60,2014,,,,,2024-09-27
용안1호 태양광발전소,,전북특별자치도 익산시 용안면 난포리 645-6 토지,36.1230107973916,126.939533762175,,정상가동,99.0,380,60,2015,,,,,2024-09-27
용안6호 태양광발전소,,"전북특별자치도 익산시 용안면 난포리 793 , 794, 795, 796 건물위",,,,정상가동,98.8,220,60,2015,,,,,2024-09-27
용안5호 태양광발전소,,"전북특별자치도 익산시 용안면 난포리 793 , 794, 795, 796 건물위",,,,정상가동,98.8,220+380,60,2014,,,,,2024-09-27
대중 태양광발전소,,"전북특별자치도 익산시 용안면 덕용리 196-1, 197 - 건물상부",,,,정상가동,30.0,380,60,2016,,,,,2024-09-27
안대 태양광발전소,,전북특별자치도 익산시 용안면 동지산리 118번지 1호 119,,,,정상가동,99.0,220+380,60,2015,,,,,2024-09-27
광은태양광,전북특별자치도 익산시 용안면 용안용산1길 19-1,,36.0979441241228,126.93998438944,,정상가동,99.45,380,60,2014,,,,,2024-09-27
용안중신 태양광발전소,전북특별자치도 익산시 용안면 익산대로 2322-107,,36.1135521620822,126.967313662973,,정상가동,95.4,220+380,60,2015,,,,,2024-09-27
중신 태양광발전소,,"전북특별자치도 익산시 용안면 중신리 243 , 244-1",,,,정상가동,20.0,220+380,60,2014,,,,,2024-09-27
백두 태양광발전소,,전북특별자치도 익산시 용안면 중신리 393,36.1261629235473,126.9556925548,,정상가동,19.76,220+380,60,2014,,,,,2024-09-27
진우 태양광발전소,전북특별자치도 익산시 용안면 중창길 145,,36.1327867884734,126.960412519445,,정상가동,19.5,220+380,60,2016,,,,,2024-09-27
은하수1호 태양광발전소,전북특별자치도 익산시 용안면 칠목1길 29-16,,36.0879466909884,126.976757613784,,정상가동,72.0,380,60,2014,,,,,2024-09-27
임재열창고 태양광발전소,전북특별자치도 익산시 용안면 칠목1길 33,,36.0874801841698,126.977518654424,,정상가동,70.0,380,60,2014,,,,,2024-09-27
두이 1호 발전소,전북특별자치도 익산시 용안면 칠목길 218-32,,36.0950245735626,126.976609730666,,정상가동,99.11,220+380,60,2015,,,,,2024-09-27
정원 태양광발전소,전북특별자치도 익산시 용안면 현내로 289,,36.1107381889251,126.946080892374,,정상가동,19.2,220+380,60,2014,,,,,2024-09-27
금호정공 태양광발전소,,전북특별자치도 익산시 용제동 111-6번지 건물위,35.9375153932168,127.002128448047,,정상가동,30.0,220+380,60,2014,,,,,2024-09-27
용제2 태양광발전소,전북특별자치도 익산시 용제동 139-3(서동로 430-29) 건물위,,35.9404986089071,126.99865689726,,정상가동,99.0,220+380,60,2015,,,,,2024-09-27
용제1 태양광발전소,전북특별자치도 익산시 용제동 139-5(서동로 430-29) 건물위,,35.9403536014604,126.998904152518,,정상가동,99.0,220+380,60,2014,,,,,2024-09-27
일오삼 태양광발전소,,전북특별자치도 익산시 웅포면 고창리 267 토지,36.0898443299608,126.884960275917,,정상가동,20.0,220+380,60,2014,,,,,2024-09-27
형제1 태양광발전소,,"전북특별자치도 익산시 웅포면 고창리 313 (1,2동) 건물위",36.0911420533074,126.888840579662,,정상가동,300.0,220+380,60,2014,,,,,2024-09-27
형제 태양광발전소,,"전북특별자치도 익산시 웅포면 고창리 313 1,2동 건물위",36.0911760843027,126.888511750346,,정상가동,20.0,220+380,60,2014,,,,,2024-09-27
축진태양광발전소,전북특별자치도 익산시 웅포면 나루세길 37-10,,36.1267344569506,126.892511622131,,정상가동,19.0,220+380,60,2014,,,,,2024-09-27
이종덕3호 태양광발전소,전북특별자치도 익산시 웅포면 남당들길 184,,36.1327405981255,126.896713741454,,정상가동,20.0,220+380,60,2015,,,,,2024-09-27
이종덕2호 태양광발전소,전북특별자치도 익산시 웅포면 남당들길 184,,36.1327405981255,126.896713741454,,정상가동,98.8,380,60,2015,,,,,2024-09-27
이종덕1호 태양광발전소,전북특별자치도 익산시 웅포면 남당들길 184,,36.1327405981255,126.896713741454,,정상가동,30.0,220+380,60,2015,,,,,2024-09-27
여명태양광발전소1호,,"전북특별자치도 익산시 웅포면 대붕암리 228 ,228-1",,,,정상가동,99.0,380,60,2015,,,,,2024-09-27
화영3호 태양광발전소,,전북특별자치도 익산시 웅포면 대붕암리 233-2 토지,36.1331982043756,126.906208223437,,정상가동,98.58,380,60,2015,,,,,2024-09-27
화영2호 태양광발전소,,전북특별자치도 익산시 웅포면 대붕암리 233번지,36.1337425467588,126.905875728252,,정상가동,98.58,380,60,2015,,,,,2024-09-27
여명태양광발전소2호,,전북특별자치도 익산시 웅포면 대붕암리 240 건물위,36.1342747032035,126.903596917455,,정상가동,98.58,380,60,2015,,,,,2024-09-27
웅포면이성구2 태양광발전소,,전북특별자치도 익산시 웅포면 대붕암리 3-8 건물상부(주5),36.1324897685803,126.913026773521,,정상가동,98.58,380,60,2015,,,,,2024-09-27
대붕암1 태양광발전소,,전북특별자치도 익산시 웅포면 대붕암리 80-5 건물위,36.1290293590954,126.908053732538,,정상가동,98.58,380,60,2015,,,,,2024-09-27
송동헌 태양광발전소,,전북특별자치도 익산시 웅포면 대붕암리 92-2,36.1300364906082,126.909506641265,,정상가동,98.58,380,60,2015,,,,,2024-09-27
금강2호 태양광발전소,,전북특별자치도 익산시 웅포면 맹산리 343 건물위,36.1041790411354,126.889577394443,,정상가동,98.58,380,60,2015,,,,,2024-09-27
금강3호 태양광발전소,,전북특별자치도 익산시 웅포면 맹산리 343-3 건물위,36.1040462771419,126.890149737624,,정상가동,98.58,380,60,2015,,,,,2024-09-27
지율1호 태양광발전소,,전북특별자치도 익산시 웅포면 맹산리 557,36.1068910459906,126.894445330588,,정상가동,98.58,380,60,2015,,,,,2024-09-27
혜원2호 태양광발전소,,전북특별자치도 익산시 웅포면 맹산리 557,36.1068910459906,126.894445330588,,정상가동,98.58,380,60,2015,,,,,2024-09-27
성주2호 태양광발전소,,전북특별자치도 익산시 웅포면 맹산리 577,,,,정상가동,98.58,380,60,2015,,,,,2024-09-27
백구4호 태양광발전소,,전북특별자치도 익산시 웅포면 맹산리 593번지,36.1065969501091,126.897316154716,,정상가동,98.58,380,60,2015,,,,,2024-09-27
효낭1 태양광발전소,"전북특별자치도 익산시 웅포면 소마길 7, 주택",,36.0957748676277,126.884091932133,,정상가동,98.58,380,60,2015,,,,,2024-09-27
소맹태양광발전소,전북특별자치도 익산시 웅포면 소맹1길 24,,36.108030463595,126.888970942009,,정상가동,98.58,380,60,2015,,,,,2024-09-27
춘덕 태양광발전소,,전북특별자치도 익산시 웅포면 입점리 475 건물위,36.0601546268679,126.879249928007,,정상가동,98.58,380,60,2015,,,,,2024-09-27
성동1 태양광발전소,,"전북특별자치도 익산시 웅포면 제성리 102 , 106-1, 106-2, 106-7",,,,정상가동,98.58,380,60,2015,,,,,2024-09-27
성동2 태양광발전소,,"전북특별자치도 익산시 웅포면 제성리 102-2 , 106-8, 106-5",,,,정상가동,98.58,380,60,2015,,,,,2024-09-27
성동4 태양광발전소,,전북특별자치도 익산시 웅포면 제성리 106-11,36.1103441213064,126.909145064701,,정상가동,99.0,380,60,2015,,,,,2024-09-27
성동5 태양광발전소,,전북특별자치도 익산시 웅포면 제성리 106-12,36.1102221993824,126.909399875117,,정상가동,99.0,380,60,2015,,,,,2024-09-27
성동3 태양광발전소,,"전북특별자치도 익산시 웅포면 제성리 106-6 , 106-9",,,,정상가동,99.0,380,60,2015,,,,,2024-09-27
우상태양광발전소,,전북특별자치도 익산시 웅포면 제성리 1084-8 건물위,36.1185261558304,126.886987904672,,정상가동,20.0,380,60,2015,,,,,2024-09-27
재례태양광발전소,,전북특별자치도 익산시 웅포면 제성리 1084-8 건물위,36.1185261558304,126.886987904672,,정상가동,98.58,380,60,2015,,,,,2024-09-27
황실태양광발전소,,전북특별자치도 익산시 웅포면 제성리 1084-8 건물위,36.1185261558304,126.886987904672,,정상가동,99.0,220+380,60,2015,,,,,2024-09-27
황제태양광발전소,,전북특별자치도 익산시 웅포면 제성리 1084-8 건물위,36.1185261558304,126.886987904672,,정상가동,99.0,220+380,60,2015,,,,,2024-09-27
황금태양광발전소,,전북특별자치도 익산시 웅포면 제성리 1087-8 건물위,,,,정상가동,19.8,220+380,60,2015,,,,,2024-09-27
매곡 태양광발전소,,"전북특별자치도 익산시 웅포면 제성리 387 (부1,부2) 건물위",36.1187912066455,126.900723424742,,정상가동,39.6,380,60,2015,,,,,2024-09-27
수동1호 태양광발전소,,"전북특별자치도 익산시 웅포면 제성리 689-1 ,688-1 건물위",,,,정상가동,99.36,220+380,60,2015,,,,,2024-09-27
수동2호 태양광발전소,,"전북특별자치도 익산시 웅포면 제성리 689-1 ,688-1 토지",,,,정상가동,300.0,220+380,60,2015,,,,,2024-09-27
지종 태양광발전소,전북특별자치도 익산시 웅포면 지종길 27,,36.115949521116,126.901631129147,,정상가동,99.11,380,60,2015,,,,,2024-09-27
이숙태양광발전소,전북특별자치도 익산시 은기길 329-32(은기동),,35.9903309285579,127.020183600631,,정상가동,99.0,380,60,2015,,,,,2024-09-27
에코 태양광발전소,,"전북특별자치도 익산시 은기동 144-3, 145-1 토지",,,,정상가동,99.0,380,60,2015,,,,,2024-09-27
에코1 태양광발전소,,"전북특별자치도 익산시 은기동 144-5, 145-10 토지",,,,정상가동,99.0,380,60,2015,,,,,2024-09-27
남정 태양광발전소,,전북특별자치도 익산시 은기동 145-5,35.9911025136012,127.021522655888,,정상가동,99.0,380,60,2015,,,,,2024-09-27
대미 태양광발전소,,전북특별자치도 익산시 은기동 145-6,35.9907952859621,127.021503609134,,정상가동,80.0,380,60,2015,,,,,2024-09-27
유한 태양광발전소,,전북특별자치도 익산시 은기동 145-8,35.9905052539806,127.02158437368,,정상가동,40.0,380,60,2015,,,,,2024-09-27
범수 태양광발전소,,"전북특별자치도 익산시 은기동 145-9,144-4 토지",,,,정상가동,30.0,380,60,2015,,,,,2024-09-27
은기성령 태양광발전소,,"전북특별자치도 익산시 은기동 594-6 ,산83-5",35.9910248528953,127.010538082139,,정상가동,99.0,380,60,2015,,,,,2024-09-27
은기기가 태양광발전소,,"전북특별자치도 익산시 은기동 594-6 ,산83-5",35.9910248528953,127.010538082139,,정상가동,99.0,380,60,2015,,,,,2024-09-27
은기에이스 태양광발전소,,"전북특별자치도 익산시 은기동 594-6 ,산83-5",35.9910248528953,127.010538082139,,정상가동,99.0,380,60,2015,,,,,2024-09-27
은기미래 태양광발전소,,"전북특별자치도 익산시 은기동 594-6 ,산83-5",35.9910248528953,127.010538082139,,정상가동,99.75,380,60,2016,,,,,2024-09-27
이덕룡 태양광발전소,"전북특별자치도 익산시 익산대로27길 11, 아름다운빌라 (신동)",,35.9672582542137,126.95166236975,,정상가동,99.2,380,60,2015,,,,,2024-09-27
유일 태양광발전소,전북특별자치도 익산시 익산대로27길 13 (신동),,35.9673586023144,126.951538695545,,정상가동,99.0,380,60,2017,,,,,2024-09-27
해담 태양광발전소,"전북특별자치도 익산시 익산대로34길 10, 해담ENG (남중동)",,35.9480116489978,126.951456744654,,정상가동,99.11,220+380,60,2017,,,,,2024-09-27
광명 태양광발전소,"전북특별자치도 익산시 익산대로44길 8, 광명인쇄소 (남중동)",,35.950174349702,126.951884149666,,정상가동,99.0,380,60,2017,,,,,2024-09-27
해든이 태양광발전소,전북특별자치도 익산시 익산대로76길 8 (신용동),,35.9748912335956,126.955720259695,,정상가동,99.11,220+380,60,2015,,,,,2024-09-27
신안 태양광발전소,전북특별자치도 익산시 인북로 127 (창인동1가),,35.9404541274768,126.953568171267,,정상가동,99.0,380,60,2015,,,,,2024-09-27
이삼순 태양광발전소,전북특별자치도 익산시 인북로 316-1 (남중동),,35.9564224132316,126.960626301874,,정상가동,99.0,380,60,2015,,,,,2024-09-27
현대 태양광발전소,전북특별자치도 익산시 인북로10길 6 (인화동1가),,35.93268550771,126.951088789762,,정상가동,98.58,380,60,2015,,,,,2024-09-27
M클래스2호 태양광발전소,전북특별자치도 익산시 인북로1길 5(인화동1가),,35.9299338912566,126.948857966416,,정상가동,99.0,380,60,2016,,,,,2024-09-27
M클래스1호 태양광발전소,전북특별자치도 익산시 인북로1길 5(인화동1가),,35.9299338912566,126.948857966416,,정상가동,40.28,380,60,2015,,,,,2024-09-27
맛샘 태양광발전소,"전북특별자치도 익산시 인북로2길 13, 맛샘생선식당 (인화동1가)",,35.9296624155028,126.950747691509,,정상가동,81.0,380,60,2015,,,,,2024-09-27
아트빌태양광발전소,"전북특별자치도 익산시 인북로66길 15, 아트빌 (신동)",,35.9605365934448,126.963839363713,,정상가동,72.08,380,60,2015,,,,,2024-09-27
윤환 태양광발전소,,전북특별자치도 익산시 인화동1가 169,35.9314674419791,126.946163987115,,정상가동,99.11,380,60,2016,,,,,2024-09-27
인화종원 태양광발전소,,전북특별자치도 익산시 인화동1가 72-13 건물위,35.9333094089274,126.950139929992,,정상가동,98.8,220+380,60,2015,,,,,2024-09-27
DMI1 태양광발전소,,전북특별자치도 익산시 인화동2가 173-16 건물위,35.925130179028,126.955202636613,,정상가동,99.0,220+380,60,2015,,,,,2024-09-27
DMI3 태양광발전소,,"전북특별자치도 익산시 인화동2가 173-23, 178, 183-1 건물위",,,,정상가동,49.6,220+380,60,2015,,,,,2024-09-27
DMI2 태양광발전소,,"전북특별자치도 익산시 인화동2가 173-23, 183-1 건물위",,,,정상가동,99.0,380,60,2016,,,,,2024-09-27
성소1호 태양광발전소,,전북특별자치도 익산시 인화동2가 244건물위,35.922615211865,126.950943193518,,정상가동,98.8,380,60,2015,,,,,2024-09-27
하니스 태양광발전소,,전북특별자치도 익산시 인화동2가 92-1 건물위,35.9291506763417,126.953194147384,,정상가동,99.45,380,60,2015,,,,,2024-09-27
새호 태양광발전소,,전북특별자치도 익산시 인화동2가 96-9 건물위,35.9295717601704,126.954423789823,,정상가동,40.0,380,60,2015,,,,,2024-09-27
게바1호 태양광발전소,,전북특별자치도 익산시 정족동 199-56 건물위,35.9912203773998,126.996343500703,,정상가동,80.0,380,60,2015,,,,,2024-09-27
게바2호 태양광발전소,,전북특별자치도 익산시 정족동 199-56 건물위,35.9912203773998,126.996343500703,,정상가동,99.0,380,60,2015,,,,,2024-09-27
게바3호 태양광발전소,,전북특별자치도 익산시 정족동 199-56 건물위,35.9912203773998,126.996343500703,,정상가동,99.0,380,60,2015,,,,,2024-09-27
게바4호 태양광발전소,,전북특별자치도 익산시 정족동 199-56 건물위,35.9912203773998,126.996343500703,,정상가동,99.0,380,60,2015,,,,,2024-09-27
게바5호 태양광발전소,,"전북특별자치도 익산시 정족동 199-56, 205-5(제4동) 건물위",,,,정상가동,98.8,380,60,2015,,,,,2024-09-27
동진 태양광발전소,"전북특별자치도 익산시 중앙로 168, 동진모터스 (마동)",,35.9358043179605,126.964902531333,,정상가동,68.04,380,60,2015,,,,,2024-09-27
익산태양광,전북특별자치도 익산시 중앙로13길 55 (남중동),,35.9421811724476,126.957441948487,,정상가동,99.0,380,60,2015,,,,,2024-09-27
수정 태양광발전소,전북특별자치도 익산시 중앙로1길 8-1 (중앙동1가),,35.9402386058767,126.948617042718,,정상가동,78.71,380,60,2015,,,,,2024-09-27
금강 태양광발전소,전북특별자치도 익산시 춘포로 52 (금강동),,35.9173314555177,126.979482525307,,정상가동,98.28,380,60,2015,,,,,2024-09-27
엠제이 태양광발전소,전북특별자치도 익산시 춘포로 54 (금강동),,35.9171769032521,126.979549706176,,정상가동,99.38,380,60,2014,,,,,2024-09-27
이에스 태양광발전소,전북특별자치도 익산시 춘포로 56 (금강동),,35.9170787794178,126.979678584299,,정상가동,98.58,380,60,2014,,,,,2024-09-27
하정태양광3호 태양광발전소,전북특별자치도 익산시 춘포면 강경길 430-19,,35.9257472421866,127.02024872874,,정상가동,98.58,380,60,2014,,,,,2024-09-27
하정태양광2호 태양광발전소,전북특별자치도 익산시 춘포면 강경길 430-19,,35.9257472421866,127.02024872874,,정상가동,83.74,380,60,2015,,,,,2024-09-27
하정태양광1호 태양광발전소,전북특별자치도 익산시 춘포면 강경길 430-19,,35.9257472421866,127.02024872874,,정상가동,49.56,220+380,60,2015,,,,,2024-09-27
산들 태양광발전소,전북특별자치도 익산시 춘포면 광동1길 58-27,,35.9278755416926,127.016666719078,,정상가동,30.0,380,60,2014,,,,,2024-09-27
산들2호 태양광발전소,전북특별자치도 익산시 춘포면 광동1길 58-31,,35.9278377503187,127.016875917652,,정상가동,9.88,220+380,60,2015,,,,,2024-09-27
덕실1호 태양광발전소,,"전북특별자치도 익산시 춘포면 덕실리 14-9 - 건물상부(주1, 주2)",35.915916088671,127.006581039029,,정상가동,98.8,380,60,2015,,,,,2024-09-27
한빛에너지태양광발전소,전북특별자치도 익산시 춘포면 무왕로38길 231,,,,,정상가동,98.8,380,60,2015,,,,,2024-09-27
써니 발전소,전북특별자치도 익산시 춘포면 미등골길 54-5,,35.9370627709517,127.021522735816,,정상가동,99.8,380,60,2015,,,,,2024-09-27
서광1호 태양광발전소,전북특별자치도 익산시 춘포면 석암로 297,,35.9349139269582,127.018320609619,,정상가동,98.8,380,60,2015,,,,,2024-09-27
서광2호 태양광발전소,전북특별자치도 익산시 춘포면 석암로 299,,35.9344328513308,127.018266752016,,정상가동,49.92,220+380,60,2015,,,,,2024-09-27
국순선 태양광발전소,전북특별자치도 익산시 춘포면 석암로 311,,35.9334471241233,127.019083685063,,정상가동,99.11,220+380,60,2015,,,,,2024-09-27
율컴퍼니 태양광발전소,"전북특별자치도 익산시 춘포면 석암로 342, 1동",,35.932069104082,127.02232434362,,정상가동,70.56,220+380,60,2015,,,,,2024-09-27
성윤 태양광발전소,"전북특별자치도 익산시 춘포면 석암로 342, 2,3동",,,,,정상가동,99.11,220+380,60,2014,,,,,2024-09-27
형섭 태양광발전소,전북특별자치도 익산시 춘포면 석암로 401-97,,35.9322972778355,127.031641268718,,정상가동,20.0,380,60,2014,,,,,2024-09-27
경수태양광발전소2호,,전북특별자치도 익산시 춘포면 신동리 100번지,,,,정상가동,19.76,220+380,60,2014,,,,,2024-09-27
드림3호 태양광발전소,,전북특별자치도 익산시 춘포면 신동리 101번지,35.945569238608,127.026483834068,,정상가동,98.58,380,60,2014,,,,,2024-09-27
곰에너지 태양광발전소,,전북특별자치도 익산시 춘포면 신동리 102번지,,,,정상가동,98.58,380,60,2014,,,,,2024-09-27
서정3호태양광발전소,,전북특별자치도 익산시 춘포면 신동리 106 토지,35.9449373209866,127.027537528459,,정상가동,98.58,380,60,2014,,,,,2024-09-27
동엽태양광발전소,,전북특별자치도 익산시 춘포면 신동리 106-1,35.9446641762058,127.027834241824,,정상가동,99.11,380,60,2014,,,,,2024-09-27
이헌2호태양광발전소,,"전북특별자치도 익산시 춘포면 신동리 108 , 108-1 토지",,,,정상가동,99.11,380,60,2014,,,,,2024-09-27
용은1호 태양광발전소,,전북특별자치도 익산시 춘포면 신동리 108-10,35.9444940176238,127.028618095304,,정상가동,99.11,380,60,2014,,,,,2024-09-27
용은2호 태양광발전소,,전북특별자치도 익산시 춘포면 신동리 108-2,35.9447489100752,127.028529078175,,정상가동,99.11,380,60,2014,,,,,2024-09-27
태광태양광발전소,,전북특별자치도 익산시 춘포면 신동리 109-1 토지,35.9456118814097,127.028393617534,,정상가동,99.11,380,60,2014,,,,,2024-09-27
철희 태양광발전소,,전북특별자치도 익산시 춘포면 신동리 156,35.9494578717442,127.02748290183,,정상가동,99.11,380,60,2014,,,,,2024-09-27
균이 태양광발전소,,전북특별자치도 익산시 춘포면 신동리 156-8 토지,35.9495225892559,127.0278376084,,정상가동,99.11,380,60,2014,,,,,2024-09-27
도형2호 태양광발전소,,전북특별자치도 익산시 춘포면 신동리 31 토지,35.9424816085713,127.025953706362,,정상가동,99.11,380,60,2014,,,,,2024-09-27
실버솔라 태양광발전소,,전북특별자치도 익산시 춘포면 신동리 50번지,35.944451409538,127.0248859327,,정상가동,99.11,380,60,2015,,,,,2024-09-27
한빛4호 태양광발전소,,전북특별자치도 익산시 춘포면 신동리 50번지,35.944451409538,127.0248859327,,정상가동,79.8,220+380,60,2015,,,,,2024-09-27
광순발전소,,"전북특별자치도 익산시 춘포면 신동리 619 , 638-3, 638-6 토지",,,,정상가동,98.28,220+380,60,2014,,,,,2024-09-27
금빛발전소,,전북특별자치도 익산시 춘포면 신동리 634,35.9416626327909,127.020444409106,,정상가동,99.11,380,60,2014,,,,,2024-09-27
하경발전소,,"전북특별자치도 익산시 춘포면 신동리 634-3 ,635-6, 639-4, 647-3 토지",,,,정상가동,99.38,380,60,2015,,,,,2024-09-27
한빛4호태양광발전소,,전북특별자치도 익산시 춘포면 신동리 635,,,,정상가동,99.0,380,60,2015,,,,,2024-09-27
화평태양광발전소,,"전북특별자치도 익산시 춘포면 신동리 635-1 , 636-5, 636-6 토지",,,,정상가동,300.0,380,60,2014,,,,,2024-09-27
하늘발전소,,"전북특별자치도 익산시 춘포면 신동리 636-11 ,637-3, 639-6 토지",,,,정상가동,99.11,380,60,2014,,,,,2024-09-27
현기태양광,,전북특별자치도 익산시 춘포면 신동리 636-4,,,,정상가동,99.11,380,60,2014,,,,,2024-09-27
화신발전소,,전북특별자치도 익산시 춘포면 신동리 636-5,,,,정상가동,36.0,220+380,60,2015,,,,,2024-09-27
SC발전소,,전북특별자치도 익산시 춘포면 신동리 636-5,,,,정상가동,49.5,380,60,2015,,,,,2024-09-27
신동발전소,,"전북특별자치도 익산시 춘포면 신동리 637-1 ,638, 638-1 토지",,,,정상가동,81.0,380,60,2015,,,,,2024-09-27
참좋은전력,,"전북특별자치도 익산시 춘포면 신동리 637-4 ,638-5, 639-7 토지",,,,정상가동,40.0,380,60,2014,,,,,2024-09-27
옥정발전소,,"전북특별자치도 익산시 춘포면 신동리 638-2 ,638-4 토지",,,,정상가동,40.28,220+380,60,2014,,,,,2024-09-27
신동9차발전소,,전북특별자치도 익산시 춘포면 신동리 639-4,35.9407913962883,127.020475326998,,정상가동,30.78,380,60,2017,,,,,2024-09-27
유민태양광,,전북특별자치도 익산시 춘포면 신동리 639-4,35.9407913962883,127.020475326998,,정상가동,44.0,220+380,60,2014,,,,,2024-09-27
권정수2호 태양광발전소,,전북특별자치도 익산시 춘포면 신동리 74-1 토지,35.9451262236367,127.023267987447,,정상가동,99.0,380,60,2014,,,,,2024-09-27
경수태양광발전소1호,,전북특별자치도 익산시 춘포면 신동리 89번지,,,,정상가동,98.0,220+380,60,2014,,,,,2024-09-27
미소 태양광발전소,전북특별자치도 익산시 춘포면 안수길 8-11,,35.9455141051182,127.038684777567,,정상가동,98.0,220+380,60,2014,,,,,2024-09-27
금호연마 태양광발전소,,전북특별자치도 익산시 춘포면 오산리 567 건물위,35.9373646801102,127.021055814493,,정상가동,20.0,220+380,60,2014,,,,,2024-09-27
해균 태양광발전소,,"전북특별자치도 익산시 춘포면 오산리 699-11, 699-12, 699-13 건물상부(1동)",,,,정상가동,19.8,380,60,2015,,,,,2024-09-27
선우 태양광,,"전북특별자치도 익산시 춘포면 오산리 699-14 ,699-15(1~3동) 건물위",,,,정상가동,99.0,380,60,2014,,,,,2024-09-27
선주 태양광발전소,,"전북특별자치도 익산시 춘포면 오산리 699-8 건물상부(1동, 2동, 3동, 4동), 699-11, 699-12, 699-13 건물상부(4동)",,,,정상가동,98.0,220+380,60,2014,,,,,2024-09-27
OK태양광발전소,,전북특별자치도 익산시 춘포면 오산리 708-2 건물위,35.9307263675669,127.033779657554,,정상가동,98.0,220+380,60,2014,,,,,2024-09-27
박영남 태양광발전소,,전북특별자치도 익산시 춘포면 인수리 466-10 건물위,35.9204768390272,127.035752272039,,정상가동,98.0,220+380,60,2014,,,,,2024-09-27
인수리발전소6,,전북특별자치도 익산시 춘포면 인수리 683번지 13호,,,,정상가동,98.0,220+380,60,2014,,,,,2024-09-27
인수리발전소5,,전북특별자치도 익산시 춘포면 인수리 683번지 13호,,,,정상가동,98.0,220+380,60,2014,,,,,2024-09-27
인수리발전소4,,전북특별자치도 익산시 춘포면 인수리 683번지 13호,,,,정상가동,98.0,220+380,60,2014,,,,,2024-09-27
인수리발전소3,,전북특별자치도 익산시 춘포면 인수리 683번지 13호,,,,정상가동,98.0,220+380,60,2014,,,,,2024-09-27
인수리발전소2,,전북특별자치도 익산시 춘포면 인수리 683번지 13호,,,,정상가동,98.0,220+380,60,2014,,,,,2024-09-27
인수리발전소1,,전북특별자치도 익산시 춘포면 인수리 683번지 13호,,,,정상가동,85.8,380,60,2014,,,,,2024-09-27
율산 태양광발전소,,전북특별자치도 익산시 춘포면 인수리 937-10 건물상부(제1동),35.9225688989282,127.037528691627,,정상가동,85.8,380,60,2014,,,,,2024-09-27
하주4호 태양광발전소,전북특별자치도 익산시 춘포면 증보들길 124-46,,35.9355292208852,127.038173800475,,정상가동,20.0,380,60,2016,,,,,2024-09-27
하주3호 태양광발전소,전북특별자치도 익산시 춘포면 증보들길 124-46,,35.9355292208852,127.038173800475,,정상가동,49.6,380,60,2016,,,,,2024-09-27
하주2호 태양광발전소,전북특별자치도 익산시 춘포면 증보들길 124-46,,35.9355292208852,127.038173800475,,정상가동,49.5,380,60,2014,,,,,2024-09-27
하주1호 태양광발전소,전북특별자치도 익산시 춘포면 증보들길 124-46,,35.9355292208852,127.038173800475,,정상가동,99.11,380,60,2014,,,,,2024-09-27
익산2호 solar tech,,전북특별자치도 익산시 춘포면 창평리 253-10 토지,35.9589259599432,127.041275497055,,정상가동,99.11,380,60,2014,,,,,2024-09-27
학곤1호 태양광발전소,,전북특별자치도 익산시 춘포면 창평리 253-11 토지,35.9587233677276,127.041256546865,,정상가동,99.11,380,60,2014,,,,,2024-09-27
익산1호 solar tech,,전북특별자치도 익산시 춘포면 창평리 253-8 토지,35.9591328623,127.041340342406,,정상가동,49.55,380,60,2014,,,,,2024-09-27
창평2호 태양광발전소,,전북특별자치도 익산시 춘포면 창평리 281,35.9615532337998,127.043872658918,,정상가동,49.55,380,60,2014,,,,,2024-09-27
창평규환 태양광발전소,,전북특별자치도 익산시 춘포면 창평리 365,35.9556654298543,127.042884856451,,정상가동,99.11,380,60,2014,,,,,2024-09-27
창평1호태양광발전소,,"전북특별자치도 익산시 춘포면 창평리 572-1 ,544-1 토지",,,,정상가동,99.11,380,60,2014,,,,,2024-09-27
야곱1 태양광발전소,,전북특별자치도 익산시 춘포면 창평리 586,35.9600251956637,127.035673202167,,정상가동,98.05,380,60,2014,,,,,2024-09-27
둥이2호 태양광발전소,,전북특별자치도 익산시 춘포면 창평리 586-7 토지,35.9597562066229,127.035568657587,,정상가동,98.05,380,60,2017,,,,,2024-09-27
윤후1호 태양광발전소,,전북특별자치도 익산시 춘포면 창평리 586-8 토지,35.9595219686121,127.035588173499,,정상가동,98.05,380,60,2014,,,,,2024-09-27
둥이1호 태양광발전소,,전북특별자치도 익산시 춘포면 창평리 586-9 토지,35.959221063716,127.035523744145,,정상가동,30.0,380,60,2014,,,,,2024-09-27
강산4 태양광발전소,,"전북특별자치도 익산시 춘포면 창평리 710-1 ,712, 712-1 토지",,,,정상가동,20.0,380,60,2014,,,,,2024-09-27
탑에너지태양광발전소,,전북특별자치도 익산시 춘포면 창평리 933번지 8호,35.9660447177751,127.048606617542,,정상가동,31.8,380,60,2014,,,,,2024-09-27
제이에스로드태양광발전소,,전북특별자치도 익산시 춘포면 천동리 155-12 건물상부,35.9434559624554,127.049205118454,,정상가동,27.0,220+380,60,2014,,,,,2024-09-27
천금2호 태양광발전소,,"전북특별자치도 익산시 춘포면 천동리 155-15 ,155-23 건물위",,,,정상가동,40.0,220+380,60,2014,,,,,2024-09-27
천금1호 태양광발전소,,"전북특별자치도 익산시 춘포면 천동리 155-15 ,155-23 건물위",,,,정상가동,99.38,220+380,60,2014,,,,,2024-09-27
예은태양광발전소,,전북특별자치도 익산시 춘포면 천동리 301번지,35.9534028096338,127.048477719197,,정상가동,99.38,220+380,60,2014,,,,,2024-09-27
씨앗발전소,,전북특별자치도 익산시 춘포면 천동리 302 토지,35.9532541953099,127.048028710184,,정상가동,99.38,220+380,60,2014,,,,,2024-09-27
양지2호 태양광발전소,,"전북특별자치도 익산시 춘포면 천동리 508-1 ,508-3 토지",,,,정상가동,56.18,380,60,2014,,,,,2024-09-27
하늘2호 태양광발전소,,전북특별자치도 익산시 춘포면 천동리 508-3 토지,35.9476682958386,127.05256185509,,정상가동,98.0,220+380,60,2014,,,,,2024-09-27
포올이앤씨 태양광발전소,전북특별자치도 익산시 춘포면 천서길 64,,35.9338558302114,127.027878879472,,정상가동,93.5,380,60,2014,,,,,2024-09-27
명인3호 태양광발전소,,"전북특별자치도 익산시 춘포면 천서리 362-1 , 446-2 건물위",,,,정상가동,93.5,380,60,2014,,,,,2024-09-27
명인2호 태양광발전소,,전북특별자치도 익산시 춘포면 천서리 362-1 건물위,35.9371893175592,127.031299228121,,정상가동,79.5,380,60,2014,,,,,2024-09-27
명인1호 태양광발전소,,전북특별자치도 익산시 춘포면 천서리 362-1 건물위,35.9371893175592,127.031299228121,,정상가동,99.0,220+380,60,2014,,,,,2024-09-27
참규 태양광발전소,,전북특별자치도 익산시 춘포면 천서리 438-1 건물위,35.9388772946655,127.031494832908,,정상가동,98.0,220+380,60,2014,,,,,2024-09-27
사랑태양광발전소,,전북특별자치도 익산시 춘포면 천서리 464 토지,35.9404760055709,127.028630832455,,정상가동,98.0,220+380,60,2015,,,,,2024-09-27
씨엠에스천서3호발전소,,전북특별자치도 익산시 춘포면 천서리 464-2 토지,35.9402469003527,127.028669871348,,정상가동,98.8,220+380,60,2015,,,,,2024-09-27
옥금천서발전소,,전북특별자치도 익산시 춘포면 천서리 464-3 토지,35.9400311169992,127.028777848323,,정상가동,98.8,220+380,60,2015,,,,,2024-09-27
엠에이치2호태양광발전소,,전북특별자치도 익산시 춘포면 천서리 464-4 토지,35.9398286759591,127.028869094951,,정상가동,98.8,220+380,60,2015,,,,,2024-09-27
요셉천서발전소,,전북특별자치도 익산시 춘포면 천서리 464-5 토지,35.9395701290091,127.029160802893,,정상가동,98.8,220+380,60,2015,,,,,2024-09-27
송연천서발전소,,전북특별자치도 익산시 춘포면 천서리 464-6 토지,35.9392241679083,127.029423440506,,정상가동,99.38,220+380,60,2014,,,,,2024-09-27
진주 태양광발전소,,전북특별자치도 익산시 춘포면 천서리 500,35.9425544980773,127.032349010716,,정상가동,51.94,380,60,2014,,,,,2024-09-27
은재 태양광발전소,,전북특별자치도 익산시 춘포면 천서리 501,35.9423433816621,127.03218279235,,정상가동,74.2,380,60,2014,,,,,2024-09-27
해보보 태양광발전소,,전북특별자치도 익산시 춘포면 천서리 501-3,35.9417147477719,127.031909900859,,정상가동,19.76,380,60,2014,,,,,2024-09-27
희숙 태양광발전소,,"전북특별자치도 익산시 춘포면 천서리 502 ,503",,,,정상가동,99.45,220+380,60,2014,,,,,2024-09-27
세진2호발전소,,전북특별자치도 익산시 춘포면 천서리 503,35.9420194770756,127.031150516883,,정상가동,99.45,220+380,60,2014,,,,,2024-09-27
윤서 태양광발전소,,전북특별자치도 익산시 춘포면 천서리 510,35.9443512739136,127.032463234539,,정상가동,20.0,220,60,2014,,,,,2024-09-27
한희 태양광발전소,,전북특별자치도 익산시 춘포면 천서리 511,35.9444870347951,127.032337939339,,정상가동,50.0,380,60,2014,,,,,2024-09-27
성화 태양광발전소,,전북특별자치도 익산시 춘포면 천서리 512-1,35.9450711217198,127.032031836063,,정상가동,96.0,380,60,2014,,,,,2024-09-27
다올 태양광발전소,,전북특별자치도 익산시 춘포면 천서리 512-1,35.9450711217198,127.032031836063,,정상가동,99.11,380,60,2014,,,,,2024-09-27
하빛 태양광발전소,,전북특별자치도 익산시 춘포면 천서리 513,35.9434288477664,127.031465828003,,정상가동,99.11,380,60,2014,,,,,2024-09-27
초아 태양광발전소,,전북특별자치도 익산시 춘포면 천서리 526,35.9445474274472,127.03022683887,,정상가동,99.11,380,60,2014,,,,,2024-09-27
고산2호태양광발전소,,전북특별자치도 익산시 춘포면 천서리 526-2,35.9441981175816,127.030180821659,,정상가동,99.11,380,60,2014,,,,,2024-09-27
만지태양광발전소,,전북특별자치도 익산시 춘포면 천서리 526-3,35.9439091399327,127.029978445277,,정상가동,99.11,380,60,2014,,,,,2024-09-27
창림(천서) 발전소,,전북특별자치도 익산시 춘포면 천서리 526-4,35.9435831937968,127.029845325566,,정상가동,99.11,380,60,2014,,,,,2024-09-27
단비2호태양광발전소,,전북특별자치도 익산시 춘포면 천서리 633-27 1동 건물위,35.9400229887645,127.039869264572,,정상가동,99.11,380,60,2014,,,,,2024-09-27
단비1호태양광발전소,,"전북특별자치도 익산시 춘포면 천서리 633-27 2동,3동,4동 건물위",35.9400229887645,127.039869264572,,정상가동,99.11,380,60,2014,,,,,2024-09-27
믿음2호 태양광발전소,,전북특별자치도 익산시 춘포면 천서리 635-11 건물위,35.9393517017585,127.037190297026,,정상가동,99.11,380,60,2014,,,,,2024-09-27
믿음1호 태양광발전소,,전북특별자치도 익산시 춘포면 천서리 635-11 건물위,35.9393517017585,127.037190297026,,정상가동,99.11,380,60,2014,,,,,2024-09-27
정흥만태양광발전소,전북특별자치도 익산시 춘포면 춘포3길 14,,35.9032880696502,127.008222222394,,정상가동,49.22,380,60,2014,,,,,2024-09-27
행복 태양광발전소,전북특별자치도 익산시 춘포면 춘포4길 20-21,,35.9009877165636,127.00689162363,,정상가동,99.11,380,60,2014,,,,,2024-09-27
건강 태양광발전소,전북특별자치도 익산시 춘포면 춘포4길 20-21,,35.9009877165636,127.00689162363,,정상가동,99.11,380,60,2014,,,,,2024-09-27
이영란 태양광발전소,전북특별자치도 익산시 춘포면 춘포4길 72-1,,35.8979608460001,127.003235611246,,정상가동,99.11,380,60,2015,,,,,2024-09-27
토다리 태양광발전소,전북특별자치도 익산시 춘포면 춘포로 122,,35.9128178108123,126.984092786535,,정상가동,75.0,220+380,60,2015,,,,,2024-09-27
케이디비 태양광 발전소,전북특별자치도 익산시 춘포면 춘포로 624,,35.902377697412,127.035236568205,,정상가동,98.8,380,60,2014,,,,,2024-09-27
학연길 태양광발전소,전북특별자치도 익산시 춘포면 학연길 99,,35.9402962394144,127.047785142366,,정상가동,54.34,220+380,60,2014,,,,,2024-09-27
다정2호 태양광발전소,,전북특별자치도 익산시 팔봉동 826-3 건물위,35.9538551155184,127.004481235799,,정상가동,93.86,220+380,60,2016,,,,,2024-09-27
다정1호 태양광발전소,,전북특별자치도 익산시 팔봉동 826-3 건물위,35.9538551155184,127.004481235799,,정상가동,99.28,380,60,2014,,,,,2024-09-27
만도익산공장태양광발전소,,전북특별자치도 익산시 팔봉동 863 건물위,35.9600145546395,127.00918376584,,정상가동,99.11,380,60,2015,,,,,2024-09-27
원 태양광발전소,,전북특별자치도 익산시 팔봉동 870-2 건물위,35.9547322013673,127.009238909943,,정상가동,98.8,220+380,60,2014,,,,,2024-09-27
준 태양광발전소,,전북특별자치도 익산시 팔봉동 871 건물위,35.954396521494,127.00880989834,,정상가동,20.0,380,60,2015,,,,,2024-09-27
정초원1 태양광발전소,,전북특별자치도 익산시 팔봉동 898(제2동) 건물위,35.9564205477666,127.016353026781,,정상가동,98.8,380,60,2015,,,,,2024-09-27
목천1호 태양광발전소,전북특별자치도 익산시 평동로 386-66 (목천동),,35.9340213924486,126.919580549068,,정상가동,98.8,220+380,60,2014,,,,,2024-09-27
기쁨 태양광발전소,전북특별자치도 익산시 평동로 386-66 (목천동),,35.9340213924486,126.919580549068,,정상가동,93.86,220+380,60,2014,,,,,2024-09-27
에스씨에너지 태양광발전소,전북특별자치도 익산시 평동로 386-68 (목천동),,35.9337772598414,126.919333120814,,정상가동,93.86,220+380,60,2014,,,,,2024-09-27
목천2호 태양광발전소,전북특별자치도 익산시 평동로 386-68 (목천동),,35.9337772598414,126.919333120814,,정상가동,88.92,220+380,60,2014,,,,,2024-09-27
동진3호 태양광발전소,전북특별자치도 익산시 평동로 460(송학동),,35.9356316794476,126.930927819775,,정상가동,98.0,220+380,60,2014,,,,,2024-09-27
동진2호 태양광발전소,전북특별자치도 익산시 평동로 460(송학동),,35.9356316794476,126.930927819775,,정상가동,98.0,220+380,60,2014,,,,,2024-09-27
동진1호 태양광발전소,전북특별자치도 익산시 평동로 460(송학동),,35.9356316794476,126.930927819775,,정상가동,98.0,220+380,60,2014,,,,,2024-09-27
백운정태양광발전소,"전북특별자치도 익산시 평동로 660, 중앙기물종합주방 (인화동1가)",,35.9310069371847,126.951972559555,,정상가동,98.0,220+380,60,2014,,,,,2024-09-27
금강3호 태양광발전소,전북특별자치도 익산시 평동로 935-14 (금강동),,35.9219700826671,126.980595867935,,정상가동,98.0,220+380,60,2014,,,,,2024-09-27
금강2호 태양광발전소,전북특별자치도 익산시 평동로 935-14 (금강동),,35.9219700826671,126.980595867935,,정상가동,98.0,220+380,60,2014,,,,,2024-09-27
금강1호 태양광발전소,전북특별자치도 익산시 평동로 935-14 (금강동),,35.9219700826671,126.980595867935,,정상가동,98.0,220+380,60,2014,,,,,2024-09-27
은혜4호 태양광발전소,전북특별자치도 익산시 평동로 935-16 (금강동),,35.9223379055663,126.980748794069,,정상가동,98.0,220+380,60,2014,,,,,2024-09-27
은혜3호 태양광발전소,전북특별자치도 익산시 평동로 935-16 (금강동),,35.9223379055663,126.980748794069,,정상가동,98.0,220+380,60,2014,,,,,2024-09-27
은혜2호 태양광발전소,전북특별자치도 익산시 평동로 935-16 (금강동),,35.9223379055663,126.980748794069,,정상가동,98.0,220+380,60,2014,,,,,2024-09-27
은혜1호 태양광발전소,전북특별자치도 익산시 평동로 935-16 (금강동),,35.9223379055663,126.980748794069,,정상가동,98.0,220+380,60,2014,,,,,2024-09-27
금강 연경산업 태양광발전소,전북특별자치도 익산시 평동로 944 (금강동),,35.9202880540953,126.979843406395,,정상가동,98.58,380,60,2014,,,,,2024-09-27
현영 태양광발전소,전북특별자치도 익산시 평동로11길 13-1 (인화동1가),,35.9324822619659,126.951943631049,,정상가동,392.2,22900,60,2015,,,,,2024-09-27
사과꽃 태양광발전소,"전북특별자치도 익산시 평동로11길 36-1, 사과꽃향기 (인화동1가)",,35.934369867001,126.952497574151,,정상가동,100.0,380,60,2014,,,,,2024-09-27
이은희 태양광발전소,전북특별자치도 익산시 평동로14길 25 (금강동),,35.9215218340361,126.974075414026,,정상가동,400.0,22900,60,2014,,,,,2024-09-27
성경 태양광발전소,"전북특별자치도 익산시 평동로14길 34, 한미식품(주) (금강동)",,35.9204487671675,126.973873335864,,정상가동,100.0,380,60,2015,,,,,2024-09-27
요진3호 태양광발전소,"전북특별자치도 익산시 하나로 67, 골프존필드 (금강동)",,35.9278335648954,126.977884613006,,정상가동,99.11,22900,60,2014,,,,,2024-09-27
소망2호 태양광발전소,전북특별자치도 익산시 하나로 688(임상동),,35.9818339630662,126.979150930935,,정상가동,350.0,22900,60,2014,,,,,2024-09-27
삼환 태양광발전소,전북특별자치도 익산시 하나로 820-88 (월성동),,35.9930683476219,126.987916480694,,정상가동,500.0,22900,60,2014,,,,,2024-09-27
한빛 태양광발전소,"전북특별자치도 익산시 하나로 83, 한빛전자 (금강동)",,35.929362639271,126.978507164711,,정상가동,100.0,380,60,2014,,,,,2024-09-27
대곤 태양광발전소,전북특별자치도 익산시 하나로10길 100 (부송동),,35.9618652599806,126.992229434491,,정상가동,1000.0,22900,60,2014,,,,,2024-09-27
그린2호태양광발전소,전북특별자치도 익산시 하나로2길 105-45 (신흥동),,35.9312412259195,126.990719941836,,정상가동,600.0,22900,60,2015,,,,,2024-09-27
그린1호 태양광발전소,전북특별자치도 익산시 하나로2길 105-45 (신흥동),,35.9312412259195,126.990719941836,,정상가동,98.8,380,60,2013,,,,,2024-09-27
엠에스태양광발전소,전북특별자치도 익산시 하나로2길 105-47 (신흥동),,35.9315765067781,126.990956490005,,정상가동,1000.0,22900,60,2017,,,,,2024-09-27
마운틴 태양광발전소,전북특별자치도 익산시 하나로2길 105-47 (신흥동),,35.9315765067781,126.990956490005,,정상가동,198.0,380,60,2013,,,,,2024-09-27
한송 태양광발전소,전북특별자치도 익산시 하나로2길 105-47 (신흥동),,35.9315765067781,126.990956490005,,정상가동,338.0,22900,60,1900,,,,,2024-09-27
지수 태양광발전소,"전북특별자치도 익산시 하나로2길 63-63 (신흥동, 양계장)",,35.9342348600267,126.987442054835,,정상가동,96.46,380,60,2014,,,,,2024-09-27
새빛5호 태양광발전소,전북특별자치도 익산시 하나로2길 84-25 (금강동),,35.9255266448772,126.987140379307,,정상가동,78.0,380,60,2014,,,,,2024-09-27
새빛3호 태양광발전소,전북특별자치도 익산시 하나로2길 84-25 (금강동),,35.9255266448772,126.987140379307,,정상가동,99.0,380,60,2014,,,,,2024-09-27
엠아이티 태양광발전소,전북특별자치도 익산시 하나로3길 20 (금강동),,35.9341617083614,126.977709199785,,정상가동,99.0,380,60,2014,,,,,2024-09-27
성원 태양광발전소,"전북특별자치도 익산시 하남길 2, 성원가설산업 (덕기동)",,35.9728162402218,127.032378981333,,정상가동,98.8,220+380,60,2015,,,,,2024-09-27
오상순 태양광발전소,전북특별자치도 익산시 하왕길 77(석왕동),,35.9789423914219,127.01714037303,,정상가동,99.0,380,60,2014,,,,,2024-09-27
경종2호 태양광발전소,,전북특별자치도 익산시 함라면 금성리 284 건물위,36.0730410027876,126.918524968674,,정상가동,99.4,380,60,2014,,,,,2024-09-27
정금채1호 태양광발전소,,전북특별자치도 익산시 함라면 다망리 1211-11 건물위 1동,36.036748195804,126.910778462614,,정상가동,42.0,380,60,2014,,,,,2024-09-27
김진옥 태양광발전소,,"전북특별자치도 익산시 함라면 다망리 1220-1 ,1220-2 토지",,,,정상가동,300.0,220+380,60,2014,,,,,2024-09-27
함라영 태양광발전소,,"전북특별자치도 익산시 함라면 다망리 1221-2 ,1221-49 토지",,,,정상가동,99.45,220+380,60,2014,,,,,2024-09-27
익산덕호 태양광발전소,,전북특별자치도 익산시 함라면 다망리 1221-40 토지,36.0313476749359,126.907916854802,,정상가동,99.45,220+380,60,2015,,,,,2024-09-27
선화 태양광발전소,,전북특별자치도 익산시 함라면 다망리 1221-41 토지,36.0311944892791,126.908182210911,,정상가동,1000.0,22900,60,2015,,,,,2024-09-27
익산성은 태양광발전소,,전북특별자치도 익산시 함라면 다망리 1221-42 토지,36.0310260174496,126.908375797202,,정상가동,500.0,22900,60,2014,,,,,2024-09-27
함라다함3호 태양광발전소,,전북특별자치도 익산시 함라면 다망리 1221-43 토지,36.030928023783,126.90857251885,,정상가동,99.0,380,60,2014,,,,,2024-09-27
함라다함2호 태양광발전소,,전북특별자치도 익산시 함라면 다망리 1221-44 토지,36.030971219722,126.908844857936,,정상가동,19.44,380,60,2014,,,,,2024-09-27
함라혜린 태양광발전소,,전북특별자치도 익산시 함라면 다망리 1221-45 토지,36.0309023208923,126.909023016325,,정상가동,99.0,380,60,2015,,,,,2024-09-27
신경섭1호 태양광발전소,,"전북특별자치도 익산시 함라면 다망리 1276-8 1276-2 주1,2 건물위",,,,정상가동,99.0,380,60,2015,,,,,2024-09-27
신동철2호 태양광발전소,전북특별자치도 익산시 함라면 다은길 7-5,,36.0342643352233,126.913879526777,,정상가동,99.0,380,60,2015,,,,,2024-09-27
다은 태양광발전소,전북특별자치도 익산시 함라면 시와로 470,,36.0347873220845,126.912022961188,,정상가동,99.0,380,60,2014,,,,,2024-09-27
다망 발전소,전북특별자치도 익산시 함라면 신대길 28-24,,36.0409021927257,126.908229199726,,정상가동,99.45,380,60,2017,,,,,2024-09-27
익산느티1호 발전소,,전북특별자치도 익산시 함라면 신대리 181-19,36.0450813862293,126.907556406194,,정상가동,99.11,380,60,2014,,,,,2024-09-27
익산느티2호 발전소,,전북특별자치도 익산시 함라면 신대리 181-20,36.0446811684493,126.907929850887,,정상가동,99.11,380,60,2014,,,,,2024-09-27
메이플발전소,,"전북특별자치도 익산시 함라면 신대리 185-3 , 185-4, 192-1, 193-1, 193-2, 193-3, 193-11 토지",,,,정상가동,99.11,380,60,2014,,,,,2024-09-27
YH태양광발전소,,전북특별자치도 익산시 함라면 신대리 197 토지,36.0394505191521,126.90802460083,,정상가동,99.45,380,60,2014,,,,,2024-09-27
HR태양광발전소,,전북특별자치도 익산시 함라면 신대리 197 토지,36.0394505191521,126.90802460083,,정상가동,32.76,380,60,2015,,,,,2024-09-27
정규태양광발전소,,전북특별자치도 익산시 함라면 신대리 204,36.0398546408866,126.909939168496,,정상가동,72.8,380,60,2014,,,,,2024-09-27
점숙태양광발전소,,전북특별자치도 익산시 함라면 신대리 204,36.0398546408866,126.909939168496,,정상가동,60.42,380,60,2014,,,,,2024-09-27
자유2호 태양광발전소,,전북특별자치도 익산시 함라면 신대리 325-1 토지,36.0514922052733,126.903822705387,,정상가동,20.4,220+380,60,2014,,,,,2024-09-27
자유1호 태양광발전소,,전북특별자치도 익산시 함라면 신대리 325-1 토지,36.0514922052733,126.903822705387,,정상가동,99.0,380,60,2015,,,,,2024-09-27
자연2호 태양광발전소,,전북특별자치도 익산시 함라면 신대리 325-1 토지,36.0514922052733,126.903822705387,,정상가동,99.0,380,60,2014,,,,,2024-09-27
자연1호 태양광발전소,,전북특별자치도 익산시 함라면 신대리 325-1 토지,36.0514922052733,126.903822705387,,정상가동,99.11,220+380,60,2015,,,,,2024-09-27
파인트리 발전소,,전북특별자치도 익산시 함라면 신대리 613-12 토지,36.0460649040569,126.907685428819,,정상가동,99.0,380,60,2014,,,,,2024-09-27
썬비치신대리,,전북특별자치도 익산시 함라면 신대리 684-1 토지,36.0399043459556,126.908928107222,,정상가동,98.05,380,60,2014,,,,,2024-09-27
해비치신대리,,전북특별자치도 익산시 함라면 신대리 684-8 토지,36.0391107371219,126.909181686423,,정상가동,98.05,380,60,2014,,,,,2024-09-27
주형태양광발전소,,전북특별자치도 익산시 함라면 신대리 686-1 토지,36.040958245487,126.907754751794,,정상가동,98.05,380,60,2014,,,,,2024-09-27
경서태양광발전소,,전북특별자치도 익산시 함라면 신대리 686-6 토지,36.0406103684574,126.907867677332,,정상가동,97.2,380,60,2014,,,,,2024-09-27
유니태양광발전소,,전북특별자치도 익산시 함라면 신대리 686번지 1호 (분할전 토지),,,,정상가동,97.2,380,60,2014,,,,,2024-09-27
신현섭 태양광발전소,,"전북특별자치도 익산시 함라면 신등리 298-1 ,1144-25 토지",,,,정상가동,19.89,380,60,2014,,,,,2024-09-27
원 에너지,,전북특별자치도 익산시 함라면 신등리 558-1,36.0261736895714,126.89723123018,,정상가동,99.38,380,60,2014,,,,,2024-09-27
함라강남1호 태양광발전소,,"전북특별자치도 익산시 함라면 신등리 558-12 , 558-22",,,,정상가동,30.6,220+380,60,2016,,,,,2024-09-27
함라강남2호 태양광발전소,,"전북특별자치도 익산시 함라면 신등리 558-13 , 558-21, 561-5",,,,정상가동,400.0,22900,60,2014,,,,,2024-09-27
함라다채 태양광발전소,,"전북특별자치도 익산시 함라면 신등리 558-14 , 558-20, 561-2, 561-16",,,,정상가동,99.0,380,60,2014,,,,,2024-09-27
헌태1호 태양광발전소,,"전북특별자치도 익산시 함라면 신등리 558-15 , 561-13, 561-17",,,,정상가동,49.56,380,60,2014,,,,,2024-09-27
주현이 태양광발전소,,"전북특별자치도 익산시 함라면 신등리 558-16 ,561-14,561-18",,,,정상가동,49.56,380,60,2014,,,,,2024-09-27
신등1 태양광발전소,,전북특별자치도 익산시 함라면 신등리 565-11,36.0245297833616,126.896528428716,,정상가동,99.11,380,60,2014,,,,,2024-09-27
나리 태양광발전소,,전북특별자치도 익산시 함라면 신등리 573-10 토지,36.0249204670507,126.89580056737,,정상가동,99.11,380,60,2014,,,,,2024-09-27
JH솔루션 태양광발전소,,전북특별자치도 익산시 함라면 신등리 573-11 토지,36.0247363612411,126.896129980616,,정상가동,99.11,380,60,2014,,,,,2024-09-27
철자 태양광발전소,,전북특별자치도 익산시 함라면 신등리 573-12 토지,36.0246357428996,126.895978563377,,정상가동,99.11,380,60,2014,,,,,2024-09-27
종범 태양광발전소,,전북특별자치도 익산시 함라면 신등리 573-13 토지,36.0242880340947,126.896065889075,,정상가동,99.11,380,60,2014,,,,,2024-09-27
아롱 태양광발전소,,전북특별자치도 익산시 함라면 신등리 573-5 토지,36.0251580922956,126.895663570754,,정상가동,99.11,380,60,2014,,,,,2024-09-27
금강3호 태양광발전소,,전북특별자치도 익산시 함라면 신등리 653-1 토지,36.028942193318,126.894245634261,,정상가동,99.11,380,60,2014,,,,,2024-09-27
신등리3호 태양광발전소,,전북특별자치도 익산시 함라면 신등리 988-2,36.041033145856,126.886541464209,,정상가동,99.11,380,60,2014,,,,,2024-09-27
신등리1호 태양광발전소,,"전북특별자치도 익산시 함라면 신등리 988번지 ,989",,,,정상가동,99.11,380,60,2014,,,,,2024-09-27
신등리2호 태양광발전소,,"전북특별자치도 익산시 함라면 신등리 988번지 ,989(분할전)",,,,정상가동,99.11,380,60,2014,,,,,2024-09-27
신등1호 태양광발전소,,전북특별자치도 익산시 함라면 신등리 993,36.0406736994882,126.885459836152,,정상가동,99.11,380,60,2014,,,,,2024-09-27
신등2호 태양광발전소,,전북특별자치도 익산시 함라면 신등리 993-1 토지,36.0406232120765,126.886197391061,,정상가동,98.8,380,60,2014,,,,,2024-09-27
신등5호 태양광발전소,,"전북특별자치도 익산시 함라면 신등리 993-2 , 994 토지",,,,정상가동,99.0,380,60,2013,,,,,2024-09-27
신등3호 태양광발전소,,전북특별자치도 익산시 함라면 신등리 994-1 토지,36.0407274719151,126.886851166104,,정상가동,70.0,380,60,2013,,,,,2024-09-27
신등4호 태양광발전소,,전북특별자치도 익산시 함라면 신등리 994-3 토지,36.0407478553236,126.887346380168,,정상가동,60.0,220+380,60,2014,,,,,2024-09-27
샛별태양광발전소,전북특별자치도 익산시 함라면 신등신촌길 10-3,,36.0236845471045,126.90830197821,,정상가동,14.25,380,60,2014,,,,,2024-09-27
해인태양광 태양광발전소,,전북특별자치도 익산시 함라면 신목리 108,36.0090923542935,126.907829158887,,정상가동,90.0,380,60,2013,,,,,2024-09-27
가나태양광 태양광발전소,,전북특별자치도 익산시 함라면 신목리 108,36.0090923542935,126.907829158887,,정상가동,14.84,380,60,2014,,,,,2024-09-27
현서2호태양광발전소,,전북특별자치도 익산시 함라면 신목리 110 토지,36.0092932738432,126.907874625022,,정상가동,98.28,380,60,2014,,,,,2024-09-27
신목1호 태양광발전소,,전북특별자치도 익산시 함라면 신목리 110 토지,36.0092932738432,126.907874625022,,정상가동,76.32,220+380,60,2014,,,,,2024-09-27
드림김포태양광발전소,,전북특별자치도 익산시 함라면 신목리 110 토지,36.0092932738432,126.907874625022,,정상가동,10.0,380,60,2014,,,,,2024-09-27
세계3호 태양광발전소,,전북특별자치도 익산시 함라면 신목리 110 토지,36.0092932738432,126.907874625022,,정상가동,98.0,220+380,60,2014,,,,,2024-09-27
키우다2호 태양광발전소,,"전북특별자치도 익산시 함라면 신목리 1805-4 ,1805-5 건물위",,,,정상가동,40.0,220+380,60,2013,,,,,2024-09-27
키우다1호 태양광발전소,,"전북특별자치도 익산시 함라면 신목리 1805-4 ,1805-5 건물위",,,,정상가동,15.0,220+380,60,2014,,,,,2024-09-27
중원2호 태양광발전소,전북특별자치도 익산시 함라면 어등1길 30-12,,36.0420978007062,126.901465733775,,정상가동,50.96,380,60,2013,,,,,2024-09-27
중원1호 태양광발전소,전북특별자치도 익산시 함라면 어등1길 30-12,,36.0420978007062,126.901465733775,,정상가동,31.2,380,60,2015,,,,,2024-09-27
축협전자경매장 태양광발전소,전북특별자치도 익산시 함라면 용산로 497,,36.056881974631,126.914643912321,,정상가동,99.0,380,60,2014,,,,,2024-09-27
진목 태양광발전소,전북특별자치도 익산시 함라면 진목1길 19-2,,36.0196433259394,126.901684505965,,정상가동,99.47,380,60,2014,,,,,2024-09-27
김종범 태양광발전소,전북특별자치도 익산시 함라면 진목길 65,,36.0214026018489,126.899061822815,,정상가동,99.0,220+380,60,2014,,,,,2024-09-27
황제태양광발전소,전북특별자치도 익산시 함라면 함라4길 156-39,,36.023345968727,126.896262606173,,정상가동,98.8,220+380,60,2014,,,,,2024-09-27
함라물류1호 태양광발전소,전북특별자치도 익산시 함라면 함안로 342,,36.0512378483663,126.904573358584,,정상가동,46.8,220+380,60,2014,,,,,2024-09-27
민영2호 태양광발전소,,"전북특별자치도 익산시 함라면 함열리 16 , 40, 17-1, 25, 26 토지",,,,정상가동,98.8,220+380,60,2014,,,,,2024-09-27
오드리 태양광발전소,,"전북특별자치도 익산시 함라면 함열리 16 ,17-1 토지",,,,정상가동,98.8,220+380,60,2014,,,,,2024-09-27
무지개1호 태양광발전소,,"전북특별자치도 익산시 함라면 함열리 196-11 , 196-12, 196-13, 196-14, 196-15, 196-24, 196-30 건물위",,,,정상가동,300.0,22900,60,2014,,,,,2024-09-27
무지개2호 태양광발전소,,"전북특별자치도 익산시 함라면 함열리 196-11 ,196-12, 196-13, 196-14, 196-15, 196-24, 196-3 건물위",,,,정상가동,99.0,380,60,2013,,,,,2024-09-27
무지개3호 태양광발전소,,"전북특별자치도 익산시 함라면 함열리 196-11 196-12, 196-13,,196-14, 196-15, 196-24, 196-30 건물위",,,,정상가동,39.78,380,60,2013,,,,,2024-09-27
하늘빛3호 태양광발전소,,전북특별자치도 익산시 함라면 함열리 25 17-1 토지,,,,정상가동,15.0,380,60,2014,,,,,2024-09-27
창수2호 태양광발전소,,"전북특별자치도 익산시 함라면 함열리 794-1 ,794-3 건물위",,,,정상가동,20.0,380,60,2015,,,,,2024-09-27
창수1호 태양광발전소,,"전북특별자치도 익산시 함라면 함열리 794-1 ,794-3 건물위",,,,정상가동,99.0,380,60,2015,,,,,2024-09-27
분순2호 태양광발전소,,전북특별자치도 익산시 함라면 함열리 794-1 794-3 건물위,,,,정상가동,99.0,380,60,2014,,,,,2024-09-27
분순1호 태양광발전소,,전북특별자치도 익산시 함라면 함열리 794-1 794-3 건물위,,,,정상가동,99.0,380,60,2014,,,,,2024-09-27
창수3호 태양광발전소,,전북특별자치도 익산시 함라면 함열리 794-1 794-3 건물위,,,,정상가동,99.11,380,60,2013,,,,,2024-09-27
용운3호 태양광발전소,,전북특별자치도 익산시 함라면 함열리 826 주1 건물위,,,,정상가동,25.5,380,60,2014,,,,,2024-09-27
용운2호 태양광발전소,,전북특별자치도 익산시 함라면 함열리 826 주1 건물위,,,,정상가동,99.0,220+380,60,2013,,,,,2024-09-27
용운1호 태양광발전소,,전북특별자치도 익산시 함라면 함열리 826 주1 건물위,,,,정상가동,19.25,220,60,2013,,,,,2024-09-27
광명 태양광발전소,,전북특별자치도 익산시 함열읍 남당리 228-124,36.0714055948479,126.973787536256,,정상가동,99.11,220+380,60,2013,,,,,2024-09-27
아름2호 태양광발전소,,전북특별자치도 익산시 함열읍 남당리 228-124,36.0714055948479,126.973787536256,,정상가동,99.11,220+380,60,2013,,,,,2024-09-27
아름1호 태양광발전소,,전북특별자치도 익산시 함열읍 남당리 228-124,36.0714055948479,126.973787536256,,정상가동,99.11,220+380,60,2013,,,,,2024-09-27
황토미인5호 태양광발전소,,전북특별자치도 익산시 함열읍 남당리 228-134,36.0702910180989,126.974890881398,,정상가동,250.0,220+380,60,2013,,,,,2024-09-27
황토미인1호 태양광발전소,,전북특별자치도 익산시 함열읍 남당리 228-134,36.0702910180989,126.974890881398,,정상가동,99.11,220+380,60,2013,,,,,2024-09-27
환 태양광발전소,,전북특별자치도 익산시 함열읍 남당리 488-1 건물위,36.0842359941467,126.97579476455,,정상가동,250.0,220+380,60,2013,,,,,2024-09-27
무지개태양광발전소,,전북특별자치도 익산시 함열읍 남당리 576 건물상부,36.0865888727635,126.978477659987,,정상가동,99.11,220+380,60,2013,,,,,2024-09-27
은하수2호 태양광발전소,,전북특별자치도 익산시 함열읍 남당리 576번지,36.0865888727635,126.978477659987,,정상가동,99.11,220+380,60,2013,,,,,2024-09-27
다송태양광,,전북특별자치도 익산시 함열읍 다송리 515번지 1호,36.0395812182533,126.949035279472,,정상가동,99.11,220+380,60,2014,,,,,2024-09-27
명진다송태양광,,전북특별자치도 익산시 함열읍 다송리 515번지 3호,36.0395812182533,126.949035279472,,정상가동,99.11,220+380,60,2014,,,,,2024-09-27
다송태양광발전소2,,전북특별자치도 익산시 함열읍 다송리 524-23 토지,36.0372344916648,126.946913652951,,정상가동,99.0,380,60,2014,,,,,2024-09-27
익산다송리 태양광발전소,,"전북특별자치도 익산시 함열읍 다송리 723번지 24호 723-28, 723-27, 723-25, 723-21, 723-23, 723-22,723-26",,,,정상가동,99.0,380,60,2014,,,,,2024-09-27
성은 태양광발전소,전북특별자치도 익산시 함열읍 두라길 73-35,,36.0617885242663,126.955890950492,,정상가동,99.0,380,60,2015,,,,,2024-09-27
용왕2 태양광발전소,전북특별자치도 익산시 함열읍 매교1길 91,,36.0567836851336,126.968202979453,,정상가동,99.11,220+380,60,2013,,,,,2024-09-27
용왕1 태양광발전소,전북특별자치도 익산시 함열읍 매교1길 91,,36.0567836851336,126.968202979453,,정상가동,96.0,380,60,2014,,,,,2024-09-27
창환 태양광발전소,전북특별자치도 익산시 함열읍 매교길 20-16,,36.0494371818751,126.962642683195,,정상가동,99.0,380,60,2014,,,,,2024-09-27
와이비 태양광발전소,"전북특별자치도 익산시 함열읍 미륵사지로 1246, 공장",,36.0696470517046,126.971478506421,,정상가동,99.0,380,60,2014,,,,,2024-09-27
한누리 태양광발전소,전북특별자치도 익산시 함열읍 백제로 1356,,36.0397566033772,126.972847945871,,정상가동,99.0,380,60,2014,,,,,2024-09-27
선미2호태양광발전소,,전북특별자치도 익산시 함열읍 석매리 110(1) 토지,36.0459809707376,126.970724432708,,정상가동,50.0,380,60,2014,,,,,2024-09-27
선정2호태양광발전소,,전북특별자치도 익산시 함열읍 석매리 110(2) 토지,36.0459809707376,126.970724432708,,정상가동,99.0,220+380,60,2013,,,,,2024-09-27
송남2호태양광발전소,,전북특별자치도 익산시 함열읍 석매리 110(3) 토지,36.0459809707376,126.970724432708,,정상가동,75.0,380,60,2013,,,,,2024-09-27
박근신 태양광발전소,,전북특별자치도 익산시 함열읍 석매리 1112-5,36.0586808763208,126.96862986715,,정상가동,99.0,380,60,2014,,,,,2024-09-27
윤명자 태양광발전소,,전북특별자치도 익산시 함열읍 석매리 1112-6,,,,정상가동,28.62,380,60,2014,,,,,2024-09-27
황토미인7호 태양광발전소,,전북특별자치도 익산시 함열읍 석매리 1117-4,36.0556154269736,126.972191447592,,정상가동,80.56,220+380,60,2015,,,,,2024-09-27
(유)서강에너지 태양광발전소,,전북특별자치도 익산시 함열읍 석매리 1126-5,36.0512754451853,126.969086941214,,정상가동,98.4,380,60,2014,,,,,2024-09-27
석매2호 태양광발전소,,전북특별자치도 익산시 함열읍 석매리 1127번지 11호,,,,정상가동,98.4,380,60,2014,,,,,2024-09-27
전일 태양광발전소,,전북특별자치도 익산시 함열읍 석매리 1129-32 토지,36.0497751394869,126.967926130804,,정상가동,98.4,380,60,2014,,,,,2024-09-27
석매7호 태양광발전소,,전북특별자치도 익산시 함열읍 석매리 119-4,36.0454451840079,126.972599854421,,정상가동,99.0,220+380,60,2014,,,,,2024-09-27
석매6호 태양광발전소,,전북특별자치도 익산시 함열읍 석매리 119번지,36.0456796286842,126.972755912793,,정상가동,99.0,220+380,60,2014,,,,,2024-09-27
월일쏠라 태양광발전소,,전북특별자치도 익산시 함열읍 석매리 119번지,36.0456796286842,126.972755912793,,정상가동,99.0,220+380,60,2014,,,,,2024-09-27
석매4호 태양광발전소,,전북특별자치도 익산시 함열읍 석매리 119번지,36.0456796286842,126.972755912793,,정상가동,99.0,220+380,60,2014,,,,,2024-09-27
경민 태양광발전소,,전북특별자치도 익산시 함열읍 석매리 119번지,36.0456796286842,126.972755912793,,정상가동,99.0,220+380,60,2014,,,,,2024-09-27
D&E 태양광발전소,,전북특별자치도 익산시 함열읍 석매리 119번지,36.0456796286842,126.972755912793,,정상가동,99.0,220+380,60,2015,,,,,2024-09-27
신화쏠라 태양광발전소,,"전북특별자치도 익산시 함열읍 석매리 119번지 , 113-1",,,,정상가동,99.12,380,60,2014,,,,,2024-09-27
샤이니태양광,,"전북특별자치도 익산시 함열읍 석매리 1244-6 ,1244-9",,,,정상가동,99.12,380,60,2014,,,,,2024-09-27
(주)하이씨에스영상태양광,,"전북특별자치도 익산시 함열읍 석매리 1244-6 ,1244-9",,,,정상가동,33.48,380,60,2013,,,,,2024-09-27
솔라로직발전소,,전북특별자치도 익산시 함열읍 석매리 1245-11,36.0462585009179,126.966740243941,,정상가동,19.0,380,60,2013,,,,,2024-09-27
함열1호 발전소,,전북특별자치도 익산시 함열읍 석매리 1400-1,36.0547149858687,126.966131368051,,정상가동,150.0,220+380,60,2013,,,,,2024-09-27
예본 태양광발전소,,전북특별자치도 익산시 함열읍 석매리 1400-1,36.0547149858687,126.966131368051,,정상가동,300.0,220+380,60,2013,,,,,2024-09-27
세화 태양광발전소,,"전북특별자치도 익산시 함열읍 석매리 1400-1 ,1400-2",,,,정상가동,29.76,380,60,2014,,,,,2024-09-27
일우 발전소,,전북특별자치도 익산시 함열읍 석매리 1400-3,36.0541413212307,126.965692777961,,정상가동,40.0,220+380,60,2013,,,,,2024-09-27
광원 태양광발전소,,전북특별자치도 익산시 함열읍 석매리 1400-3,36.0541413212307,126.965692777961,,정상가동,40.0,380,60,2013,,,,,2024-09-27
동진 발전소,,전북특별자치도 익산시 함열읍 석매리 1400-3,36.0541413212307,126.965692777961,,정상가동,29.58,380,60,2013,,,,,2024-09-27
케이 발전소,,전북특별자치도 익산시 함열읍 석매리 1400-3,36.0541413212307,126.965692777961,,정상가동,99.11,380,60,2013,,,,,2024-09-27
미영 발전소,,전북특별자치도 익산시 함열읍 석매리 1400-3,36.0541413212307,126.965692777961,,정상가동,99.0,220,60,2013,,,,,2024-09-27
대명2호 발전소,,전북특별자치도 익산시 함열읍 석매리 1400-3,36.0541413212307,126.965692777961,,정상가동,99.0,220,60,2013,,,,,2024-09-27
강현녀 태양광발전소,,전북특별자치도 익산시 함열읍 석매리 49,36.0575971206273,126.971005930513,,정상가동,29.64,220+380,60,2013,,,,,2024-09-27
대산5호 태양광발전소,,전북특별자치도 익산시 함열읍 석매리 49-7,36.0563644300885,126.971783301636,,정상가동,29.76,380,60,2013,,,,,2024-09-27
황토미인6호 태양광발전소,,전북특별자치도 익산시 함열읍 석매리 52,36.056513005301,126.972399346491,,정상가동,50.0,380,60,2013,,,,,2024-09-27
석매5 태양광발전소,,전북특별자치도 익산시 함열읍 석매리 611,36.0624060016628,126.957269187362,,정상가동,50.0,380,60,2013,,,,,2024-09-27
모닝2 태양광발전소,,전북특별자치도 익산시 함열읍 석매리 611,36.0624060016628,126.957269187362,,정상가동,300.0,380,60,2013,,,,,2024-09-27
석매3 태양광발전소,,전북특별자치도 익산시 함열읍 석매리 611,36.0624060016628,126.957269187362,,정상가동,300.0,380,60,2014,,,,,2024-09-27
큰해5호 태양광발전소,,전북특별자치도 익산시 함열읍 석매리 611,36.0624060016628,126.957269187362,,정상가동,99.0,380,60,2014,,,,,2024-09-27
황토미인4호 태양광발전소,,"전북특별자치도 익산시 함열읍 석매리 68 69,70-1,70-2 토지",,,,정상가동,99.0,380,60,2015,,,,,2024-09-27
하늘정원2 태양광발전소,,전북특별자치도 익산시 함열읍 석매리 79,36.051369656618,126.968180852151,,정상가동,144.2,380,60,2014,,,,,2024-09-27
하늘정원3 태양광발전소,,전북특별자치도 익산시 함열읍 석매리 79-13,36.0512385592437,126.968640589149,,정상가동,19.8,220,60,2013,,,,,2024-09-27
하늘정원1 태양광발전소,,전북특별자치도 익산시 함열읍 석매리 79-4,36.0515953033212,126.968104516889,,정상가동,90.0,380,60,2014,,,,,2024-09-27
태현쏠라에너지 발전소,,전북특별자치도 익산시 함열읍 석매리 941-2,36.0617281729807,126.955486514939,,정상가동,99.0,380,60,2013,,,,,2024-09-27
신순 태양광발전소,,전북특별자치도 익산시 함열읍 석매리 943-1,36.061406293424,126.95486456648,,정상가동,30.0,380,60,2013,,,,,2024-09-27
두라1호 태양광발전소,,전북특별자치도 익산시 함열읍 석매리 943-1,36.061406293424,126.95486456648,,정상가동,99.0,380,60,2013,,,,,2024-09-27
썬2호 태양광발전소,전북특별자치도 익산시 함열읍 석매석치1길 55,,36.0542888760305,126.954882947782,,정상가동,98.0,380,60,2013,,,,,2024-09-27
썬1호 태양광발전소,전북특별자치도 익산시 함열읍 석매석치1길 55,,36.0542888760305,126.954882947782,,정상가동,98.0,380,60,2013,,,,,2024-09-27
희선 태양광발전소,"전북특별자치도 익산시 함열읍 석매석치1길 8, 건물위",,36.0576414555681,126.957659785079,,정상가동,98.0,380,60,2013,,,,,2024-09-27
명승3호 태양광발전소,"전북특별자치도 익산시 함열읍 석매석치길 16-24, 축사",,36.0622967654831,126.962067635894,,정상가동,98.0,380,60,2013,,,,,2024-09-27
명승2호 태양광발전소,"전북특별자치도 익산시 함열읍 석매석치길 16-24, 축사",,36.0622967654831,126.962067635894,,정상가동,45.05,220,60,2013,,,,,2024-09-27
명승1호 태양광발전소,"전북특별자치도 익산시 함열읍 석매석치길 16-24, 축사",,36.0622967654831,126.962067635894,,정상가동,99.0,220,60,2013,,,,,2024-09-27
찬강 태양광발전소,,전북특별자치도 익산시 함열읍 와리 1507-15,36.0711139192417,126.957337410879,,정상가동,99.0,220,60,2013,,,,,2024-09-27
빛내리 태양광발전소,,전북특별자치도 익산시 함열읍 와리 672 건물위,36.0771649720084,126.962372900315,,정상가동,99.0,380,60,2013,,,,,2024-09-27
다산 태양광발전소,,전북특별자치도 익산시 함열읍 용지리 29,36.0463366027547,126.951117132396,,정상가동,20.0,380,60,2013,,,,,2024-09-27
양오2 태양광발전소,,전북특별자치도 익산시 함열읍 용지리 29-6 토지,36.0461542571534,126.951049883853,,정상가동,20.0,380,60,2013,,,,,2024-09-27
햇살 태양광발전소,,전북특별자치도 익산시 함열읍 용지리 29-7 토지,36.0459902699263,126.950917593562,,정상가동,25.97,220,60,2014,,,,,2024-09-27
지우 태양광발전소,,전북특별자치도 익산시 함열읍 용지리 360,36.0468934011644,126.949857553513,,정상가동,99.11,220+380,60,2014,,,,,2024-09-27
현 태양광발전소,,전북특별자치도 익산시 함열읍 용지리 360-2 토지,36.0465094074705,126.950336208426,,정상가동,43.68,380,60,2014,,,,,2024-09-27
은정 태양광발전소,,전북특별자치도 익산시 함열읍 용지리 360-3 토지,36.0462204049571,126.95038666124,,정상가동,1000.0,22900,60,2014,,,,,2024-09-27
함열덕성원,"전북특별자치도 익산시 함열읍 익산대로 1666-33, 함열덕성원 실내요양원",,36.0666620545104,126.967376362306,,정상가동,96.46,380,60,2014,,,,,2024-09-27
함열금성마을햇빛발전소2호,전북특별자치도 익산시 함열읍 익산대로 1889,,36.0869420504209,126.966304082123,,정상가동,99.11,380,60,2014,,,,,2024-09-27
함열금성마을햇빛발전소1호,전북특별자치도 익산시 함열읍 익산대로 1889,,36.0869420504209,126.966304082123,,정상가동,98.8,380,60,2013,,,,,2024-09-27
시너지5호 태양광발전소,"전북특별자치도 익산시 함열읍 익산대로78길 127-46, 건물 위",,36.0330869585599,126.957574734487,,정상가동,70.0,380,60,2015,,,,,2024-09-27
시너지4호 태양광발전소,"전북특별자치도 익산시 함열읍 익산대로78길 127-46, 건물 위",,36.0330869585599,126.957574734487,,정상가동,98.8,220+380,60,2014,,,,,2024-09-27
시너지3호 태양광발전소,"전북특별자치도 익산시 함열읍 익산대로78길 127-46, 건물 위",,36.0330869585599,126.957574734487,,정상가동,99.11,380,60,2014,,,,,2024-09-27
시너지2호 태양광발전소,"전북특별자치도 익산시 함열읍 익산대로78길 127-46, 건물 위",,36.0330869585599,126.957574734487,,정상가동,99.11,380,60,2014,,,,,2024-09-27
시너지1호 태양광발전소,"전북특별자치도 익산시 함열읍 익산대로78길 127-46, 건물 위",,36.0330869585599,126.957574734487,,정상가동,99.11,380,60,2014,,,,,2024-09-27
㈜대일푸드4 태양광발전소,"전북특별자치도 익산시 함열읍 익산대로78길 147, 주식회사대일푸드",,36.0322124996545,126.961878352807,,정상가동,99.0,380,60,2015,,,,,2024-09-27
재호 태양광발전소,전북특별자치도 익산시 함열읍 학선1길 7-6,,36.0551019512232,126.97661111666,,정상가동,49.4,380,60,2014,,,,,2024-09-27
백제태양광발전소,전북특별자치도 익산시 함열읍 함열로 77,,36.0805197761835,126.957029683398,,정상가동,46.8,220+380,60,2014,,,,,2024-09-27
종숙3 태양광발전소,전북특별자치도 익산시 함열읍 흘산로 303-26,,36.0476353251226,126.972511979199,,정상가동,99.0,380,60,2014,,,,,2024-09-27
종숙2 태양광발전소,전북특별자치도 익산시 함열읍 흘산로 303-26,,36.0476353251226,126.972511979199,,정상가동,20.0,380,60,2014,,,,,2024-09-27
종숙1 태양광발전소,전북특별자치도 익산시 함열읍 흘산로 303-26,,36.0476353251226,126.972511979199,,정상가동,99.11,380,60,2013,,,,,2024-09-27
권택 태양광발전소,전북특별자치도 익산시 함열읍 흘산로 303-26,,36.0476353251226,126.972511979199,,정상가동,99.11,220+380,60,2014,,,,,2024-09-27
금성 태양광발전소,"전북특별자치도 익산시 함열읍 흘산로 80, 대성석재",,36.0320453553075,126.967170842198,,정상가동,150.0,380,60,2016,,,,,2024-09-27
흘산리 태양광발전소,,"전북특별자치도 익산시 함열읍 흘산리 244 ,245",,,,정상가동,95.0,220+380,60,2013,,,,,2024-09-27
지은윤형 태양광발전소,,"전북특별자치도 익산시 함열읍 흘산리 244-1, 245-2 토지",,,,정상가동,96.0,380,60,2013,,,,,2024-09-27
시헌 태양광발전소,,전북특별자치도 익산시 함열읍 흘산리 35-3,36.0696020909251,126.978428449962,,정상가동,96.0,380,60,2013,,,,,2024-09-27
영 태양광발전소,,전북특별자치도 익산시 함열읍 흘산리 35-3,36.0696020909251,126.978428449962,,정상가동,96.0,380,60,2013,,,,,2024-09-27
명산 태양광발전소,,전북특별자치도 익산시 함열읍 흘산리 35-3,36.0696020909251,126.978428449962,,정상가동,96.0,380,60,2013,,,,,2024-09-27
백야2호 태양광발전소,,전북특별자치도 익산시 함열읍 흘산리 35-3,36.0696020909251,126.978428449962,,정상가동,96.0,380,60,2013,,,,,2024-09-27
햇살 태양광발전소,,전북특별자치도 익산시 함열읍 흘산리 35-3,36.0696020909251,126.978428449962,,정상가동,96.0,380,60,2014,,,,,2024-09-27
더한빛 태양광발전소,,전북특별자치도 익산시 함열읍 흘산리 35-3,36.0696020909251,126.978428449962,,정상가동,99.0,380,60,2014,,,,,2024-09-27
브라마솔레 태양광발전소,,전북특별자치도 익산시 함열읍 흘산리 35-3,36.0696020909251,126.978428449962,,정상가동,99.12,380,60,2014,,,,,2024-09-27
화림 태양광발전소,,전북특별자치도 익산시 함열읍 흘산리 35-3,36.0696020909251,126.978428449962,,정상가동,100.0,380,60,2013,,,,,2024-09-27
재호2 태양광발전소,,"전북특별자치도 익산시 함열읍 흘산리 439,440,444,446 토지",,,,정상가동,19.5,380,60,2013,,,,,2024-09-27
재호1 태양광발전소,,"전북특별자치도 익산시 함열읍 흘산리 444-4 , 446-3 토지",,,,정상가동,99.45,380,60,2013,,,,,2024-09-27
제이2 태양광발전소,,전북특별자치도 익산시 함열읍 흘산리 511-2,36.0665624205146,126.975936380151,,정상가동,98.0,380,60,2013,,,,,2024-09-27
큰해3호 태양광발전소,,전북특별자치도 익산시 함열읍 흘산리 511-3,36.0663158206894,126.975812132564,,정상가동,99.0,380,60,2013,,,,,2024-09-27
흘산4 태양광발전소,,"전북특별자치도 익산시 함열읍 흘산리 511-5 ,509-21",,,,정상가동,49.56,380,60,2014,,,,,2024-09-27
흘산5 태양광발전소,,"전북특별자치도 익산시 함열읍 흘산리 511-6 ,509-20",,,,정상가동,96.0,380,60,2017,,,,,2024-09-27
진산 태양광발전소,,"전북특별자치도 익산시 함열읍 흘산리 511-7 ,509-17",,,,정상가동,93.6,380,60,2013,,,,,2024-09-27
예루살렘 태양광발전소,,전북특별자치도 익산시 함열읍 흘산리 521,36.0693571366706,126.976965892915,,정상가동,999.0,22900,60,2014,,,,,2024-09-27
유대 태양광발전소,,전북특별자치도 익산시 함열읍 흘산리 521,36.0693571366706,126.976965892915,,정상가동,697.5,22900,60,2015,,,,,2024-09-27
사마리아 태양광발전소,,전북특별자치도 익산시 함열읍 흘산리 521-1 토지,36.0690540211977,126.977259481804,,정상가동,996.4,22900,60,2014,,,,,2024-09-27
이일발전소,,전북특별자치도 익산시 함열읍 흘산리 53-12 토지,36.0677761581729,126.980204020686,,정상가동,300.0,22900,60,2013,,,,,2024-09-27
대명발전소,,전북특별자치도 익산시 함열읍 흘산리 53-63 토지,36.0675605684465,126.980101062849,,정상가동,20.0,220+380,60,2013,,,,,2024-09-27
민승발전소,,전북특별자치도 익산시 함열읍 흘산리 53-64 토지,36.0674371062501,126.980133840116,,정상가동,430.0,22900,60,2013,,,,,2024-09-27
태양발전소,,전북특별자치도 익산시 함열읍 흘산리 53-65 토지,36.0673356431963,126.980222890701,,정상가동,300.0,22900,60,2014,,,,,2024-09-27
영광발전소,,전북특별자치도 익산시 함열읍 흘산리 53-66 토지,36.0671074412698,126.980149685502,,정상가동,997.5,22900,60,2012,,,,,2024-09-27
남궁태양광발전소,전북특별자치도 익산시 현영길 145(현영동),,35.973497047857,126.935335060725,,정상가동,580.0,22900,60,2013,,,,,2024-09-27
정훈 현영동 태양광발전소,,전북특별자치도 익산시 현영동 685번지 9호,,,,정상가동,997.5,22900,60,2012,,,,,2024-09-27
플러스2호 태양광발전소,,전북특별자치도 익산시 현영동 687번지 2호,,,,정상가동,10.0,220,60,2014,,,,,2024-09-27
화봉1호 태양광발전소,전북특별자치도 익산시 화봉길 29-5 (팔봉동),,35.9633216174273,127.020430146858,,정상가동,99.0,380,60,2013,,,,,2024-09-27
용산1호 태양광발전소,전북특별자치도 익산시 황등면 간지평길 34-70,,36.0587618024468,126.945673848458,,정상가동,99.0,380,60,2013,,,,,2024-09-27
탄탄3 태양광발전소,전북특별자치도 익산시 황등면 간지평길 56-67,,36.061879505436,126.947304014833,,정상가동,99.2,380,60,2013,,,,,2024-09-27
탄탄2 태양광발전소,전북특별자치도 익산시 황등면 간지평길 56-67,,36.061879505436,126.947304014833,,정상가동,72.0,380,472,2014,,,,,2024-09-27
탄탄1 태양광발전소,전북특별자치도 익산시 황등면 간지평길 56-67,,36.061879505436,126.947304014833,,정상가동,30.0,380,60,2013,,,,,2024-09-27
희망3호 태양광발전소,전북특별자치도 익산시 황등면 간지평길 56-67,,36.061879505436,126.947304014833,,정상가동,200.0,380,60,2013,,,,,2024-09-27
소망1 태양광발전소,,전북특별자치도 익산시 황등면 구자리 144-2 건물위,36.0449144562887,126.924797815387,,정상가동,60.0,380,60,2013,,,,,2024-09-27
소망 태양광발전소,,전북특별자치도 익산시 황등면 구자리 144-2 건물위,36.0449144562887,126.924797815387,,정상가동,30.0,220,60,2013,,,,,2024-09-27
구자9호 태양광발전소,,전북특별자치도 익산시 황등면 구자리 15-29,36.0413024676237,126.928849224633,,정상가동,29.25,380,60,2013,,,,,2024-09-27
구자8호 태양광발전소,,전북특별자치도 익산시 황등면 구자리 15-29,36.0413024676237,126.928849224633,,정상가동,28.0,380,60,2014,,,,,2024-09-27
구자7호 태양광발전소,,전북특별자치도 익산시 황등면 구자리 15-31,,,,정상가동,26.0,380,60,2014,,,,,2024-09-27
구자엠에너지,,전북특별자치도 익산시 황등면 구자리 155-1,36.0450590219321,126.928797904654,,정상가동,26.0,380,60,2012,,,,,2024-09-27
구자10호 태양광발전소,,"전북특별자치도 익산시 황등면 구자리 15-52 ,74-43 토지",,,,정상가동,99.0,380,60,2012,,,,,2024-09-27
하나 태양광발전소,,전북특별자치도 익산시 황등면 구자리 15번지 16호,,,,정상가동,13.92,220,60,2012,,,,,2024-09-27
수1호태양광발전소,,전북특별자치도 익산시 황등면 구자리 18-5,36.039455235007,126.928871747752,,정상가동,99.23,380,60,2012,,,,,2024-09-27
수2호태양광발전소,,전북특별자치도 익산시 황등면 구자리 18-5,36.039455235007,126.928871747752,,정상가동,99.23,380,60,2012,,,,,2024-09-27
수3호태양광발전소,,전북특별자치도 익산시 황등면 구자리 18-5,36.039455235007,126.928871747752,,정상가동,30.0,380,60,2012,,,,,2024-09-27
다온발전소,,전북특별자치도 익산시 황등면 구자리 188-42,36.0480598722064,126.925158050764,,정상가동,30.0,380,60,2012,,,,,2024-09-27
현대구자2호 발전소,,전북특별자치도 익산시 황등면 구자리 188-68 토지,36.0478299838023,126.925325731775,,정상가동,30.0,380,60,2012,,,,,2024-09-27
한빛구자 발전소,,전북특별자치도 익산시 황등면 구자리 188-70 토지,36.0476565533121,126.925270296502,,정상가동,30.0,380,60,2012,,,,,2024-09-27
구자리유지상 발전소,,전북특별자치도 익산시 황등면 구자리 188-71 토지,36.0473820578838,126.925010650633,,정상가동,30.0,380,60,2012,,,,,2024-09-27
형제1호 태양광발전소,,전북특별자치도 익산시 황등면 구자리 5-17,36.0433266607858,126.928608041,,정상가동,30.0,380,60,2012,,,,,2024-09-27
형제3호 태양광발전소,,전북특별자치도 익산시 황등면 구자리 5-29,36.0430805397723,126.928614921371,,정상가동,99.0,380,60,2012,,,,,2024-09-27
형제2호 태양광발전소,,전북특별자치도 익산시 황등면 구자리 5-30,36.0428359647039,126.928645103878,,정상가동,99.45,220,60,2013,,,,,2024-09-27
형제4호 태양광발전소,,전북특별자치도 익산시 황등면 구자리 5-32,36.0426206081047,126.928706775072,,정상가동,99.45,220,60,2012,,,,,2024-09-27
해비치구자,,전북특별자치도 익산시 황등면 구자리 602-1 토지,36.0485173919941,126.925249950879,,정상가동,15.0,380,60,2012,,,,,2024-09-27
영생구자2호 발전소,,전북특별자치도 익산시 황등면 구자리 602-5,36.0481826796418,126.925544578082,,정상가동,99.45,220,60,2012,,,,,2024-09-27
무지개 태양광발전소,,전북특별자치도 익산시 황등면 구자리 69-33,36.0397171160251,126.92557906873,,정상가동,75.0,380,60,2012,,,,,2024-09-27
온새미로황등에너지,,전북특별자치도 익산시 황등면 구자리 69번지 6호,,,,정상가동,15.0,220,60,2012,,,,,2024-09-27
대한1호태양광발전소,,"전북특별자치도 익산시 황등면 구자리 69번지 6호 , 70-2, 71, 71-1, 71-2",,,,정상가동,56.0,220,60,2012,,,,,2024-09-27
힐탑4호 태양광발전소,,"전북특별자치도 익산시 황등면 구자리 71번지 71-1, 71-2",,,,정상가동,20.0,220,60,2013,,,,,2024-09-27
세청 태양광발전소,전북특별자치도 익산시 황등면 대동1길 32-7,,36.055101949409,126.935867919886,,정상가동,30.0,380,60,2012,,,,,2024-09-27
호남황등 태양광발전소,전북특별자치도 익산시 황등면 동연길 64-29,,36.0037253959477,126.935194482593,,정상가동,32.34,380,60,2012,,,,,2024-09-27
미래 태양광발전소,전북특별자치도 익산시 황등면 동연길 64-29,,36.0037253959477,126.935194482593,,정상가동,19.0,380,60,2012,,,,,2024-09-27
다원 태양광발전소,,전북특별자치도 익산시 황등면 동연리 182-3 건물위,36.0074395505457,126.936531908799,,정상가동,99.0,220,60,2012,,,,,2024-09-27
스톤뱅크 태양광발전소,,전북특별자치도 익산시 황등면 동연리 641 건물위,36.0004502010759,126.930174824818,,정상가동,99.18,380,60,2013,,,,,2024-09-27
장고4호 태양광,,전북특별자치도 익산시 황등면 동연리 704-1,36.0118144704265,126.926989549527,,정상가동,60.0,220+380,60,2014,,,,,2024-09-27
장고3호 태양광,,전북특별자치도 익산시 황등면 동연리 704-1,36.0118144704265,126.926989549527,,정상가동,99.0,380,60,2012,,,,,2024-09-27
장고2호 태양광,,전북특별자치도 익산시 황등면 동연리 704-1,36.0118144704265,126.926989549527,,정상가동,99.0,220+380,60,2012,,,,,2024-09-27
삼택 태양광,,전북특별자치도 익산시 황등면 동연리 704-1,36.0118144704265,126.926989549527,,정상가동,99.0,220,60,2012,,,,,2024-09-27
건희 태양광발전소,,전북특별자치도 익산시 황등면 동연리 888-10,36.0116768021433,126.928401317209,,정상가동,99.0,220,60,2013,,,,,2024-09-27
수아 태양광발전소,,전북특별자치도 익산시 황등면 동연리 888-10,36.0116768021433,126.928401317209,,정상가동,72.0,220+380,60,2013,,,,,2024-09-27
윤자 태양광발전소,,전북특별자치도 익산시 황등면 동연리 888-10,36.0116768021433,126.928401317209,,정상가동,46.8,380,60,2013,,,,,2024-09-27
SB익산 태양광발전소,,전북특별자치도 익산시 황등면 동연리 888-10,36.0116768021433,126.928401317209,,정상가동,23.4,380,60,2013,,,,,2024-09-27
안미희 태양광발전소,,전북특별자치도 익산시 황등면 동연리 890-6,36.0132657369789,126.927159483946,,정상가동,14.56,380,60,2013,,,,,2024-09-27
황택선 태양광발전소,,전북특별자치도 익산시 황등면 동연리 890-6,36.0132657369789,126.927159483946,,정상가동,20.0,220+380,60,2012,,,,,2024-09-27
황정순 태양광발전소,,전북특별자치도 익산시 황등면 동연리 890-6,36.0132657369789,126.927159483946,,정상가동,99.0,380,60,2013,,,,,2024-09-27
황택중 태양광발전소,,전북특별자치도 익산시 황등면 동연리 890-6,36.0132657369789,126.927159483946,,정상가동,98.28,380,60,2012,,,,,2024-09-27
서현 태양광발전소,,전북특별자치도 익산시 황등면 동연리 890-6,36.0132657369789,126.927159483946,,정상가동,99.23,380,60,2012,,,,,2024-09-27
정복태양광,전북특별자치도 익산시 황등면 방교2길 24-1,,35.9992266225392,126.936040400963,,정상가동,1000.0,22900,60,2012,,,,,2024-09-27
강희,전북특별자치도 익산시 황등면 석재단지길 21,,36.0253816277243,126.946934142182,,정상가동,860.0,22900,60,2013,,,,,2024-09-27
익산화물발전소,전북특별자치도 익산시 황등면 석재단지길 26,,36.0243112088993,126.947279228401,,정상가동,99.45,220+380,60,2013,,,,,2024-09-27
율촌태양광발전소,전북특별자치도 익산시 황등면 석재단지길 9,,36.0257914581835,126.945221978051,,정상가동,99.0,380,60,2013,,,,,2024-09-27
범윤태양광발전소,전북특별자치도 익산시 황등면 성내길 62,,36.051376094993,126.940393878514,,정상가동,99.45,220,60,2013,,,,,2024-09-27
태성5호태양광발전소,,전북특별자치도 익산시 황등면 신기리 1098-3 건물위,35.9898836122397,126.939153231049,,정상가동,99.45,380,60,2013,,,,,2024-09-27
태성4호태양광발전소,,전북특별자치도 익산시 황등면 신기리 1098-3 건물위,35.9898836122397,126.939153231049,,정상가동,99.45,380,60,2013,,,,,2024-09-27
태성3호태양광발전소,,전북특별자치도 익산시 황등면 신기리 1098-3 건물위,35.9898836122397,126.939153231049,,정상가동,99.45,380,60,2013,,,,,2024-09-27
태성2호태양광발전소,,전북특별자치도 익산시 황등면 신기리 1098-3 건물위,35.9898836122397,126.939153231049,,정상가동,99.45,220,60,2013,,,,,2024-09-27
태성1호태양광발전소,,전북특별자치도 익산시 황등면 신기리 1098-3 건물위,35.9898836122397,126.939153231049,,정상가동,99.45,220,60,2012,,,,,2024-09-27
신기 태양광발전소,,전북특별자치도 익산시 황등면 신기리 295-3,35.9961390658501,126.933032294786,,정상가동,14.85,380,60,2012,,,,,2024-09-27
대성4호 태양광발전소,,전북특별자치도 익산시 황등면 신성리 113-1 건물위,36.0324614435632,126.928887578233,,정상가동,14.85,380,60,2012,,,,,2024-09-27
대성3호 태양광발전소,,전북특별자치도 익산시 황등면 신성리 113-1 건물위,36.0324614435632,126.928887578233,,정상가동,15.0,380,60,2014,,,,,2024-09-27
대성2호 태양광발전소,,전북특별자치도 익산시 황등면 신성리 113-1 건물위,36.0324614435632,126.928887578233,,정상가동,400.0,220+380,60,2014,,,,,2024-09-27
대성1호 태양광발전소,,전북특별자치도 익산시 황등면 신성리 113-1 건물위,36.0324614435632,126.928887578233,,정상가동,300.0,220+380,60,2014,,,,,2024-09-27
성구 태양광발전소,,전북특별자치도 익산시 황등면 신성리 369-4 토지,36.027171724686,126.924108944492,,정상가동,99.36,380,60,2014,,,,,2024-09-27
대성태양광발전소,,전북특별자치도 익산시 황등면 신성리 379-2,36.0254808350208,126.923820333822,,정상가동,99.36,380,60,2014,,,,,2024-09-27
자연5 태양광발전소,,전북특별자치도 익산시 황등면 신성리 446,36.0258870585022,126.92247528168,,정상가동,28.98,380,60,2014,,,,,2024-09-27
자연3 태양광발전소,,전북특별자치도 익산시 황등면 신성리 446,36.0258870585022,126.92247528168,,정상가동,28.98,380,60,2014,,,,,2024-09-27
자연2 태양광발전소,,전북특별자치도 익산시 황등면 신성리 446,36.0258870585022,126.92247528168,,정상가동,28.98,380,60,2014,,,,,2024-09-27
하나신성리태양광발전소,,전북특별자치도 익산시 황등면 신성리 556번지,,,,정상가동,28.98,380,60,2014,,,,,2024-09-27
신성황등3호태양광발전소,,전북특별자치도 익산시 황등면 신성리 556번지,,,,정상가동,28.98,380,60,2011,,,,,2024-09-27
청송1 태양광발전소,전북특별자치도 익산시 황등면 용산로 109-48,,36.0337386842418,126.935790263924,,정상가동,30.0,380,60,2011,,,,,2024-09-27
황등과수원1 태양광발전소,전북특별자치도 익산시 황등면 용산로 125,,36.0345879458227,126.940576407053,,정상가동,30.0,380,60,2011,,,,,2024-09-27
도촌13호 태양광발전소,전북특별자치도 익산시 황등면 용산로 21-17,,36.0255091633509,126.940615399325,,정상가동,99.0,380,60,2011,,,,,2024-09-27
도촌12호 태양광발전소,전북특별자치도 익산시 황등면 용산로 21-17,,36.0255091633509,126.940615399325,,정상가동,99.0,380,60,2011,,,,,2024-09-27
도촌11호 태양광발전소,전북특별자치도 익산시 황등면 용산로 21-17,,36.0255091633509,126.940615399325,,정상가동,99.0,380,60,2011,,,,,2024-09-27
도촌10호 태양광발전소,전북특별자치도 익산시 황등면 용산로 21-17,,36.0255091633509,126.940615399325,,정상가동,99.0,380,60,2011,,,,,2024-09-27
도촌4호 태양광발전소,전북특별자치도 익산시 황등면 용산로 21-17,,36.0255091633509,126.940615399325,,정상가동,50.0,220+380,60,2011,,,,,2024-09-27
도촌9호 태양광발전소,전북특별자치도 익산시 황등면 용산로 21-17,,36.0255091633509,126.940615399325,,정상가동,28.98,380,60,2011,,,,,2024-09-27
도촌8호 태양광발전소,전북특별자치도 익산시 황등면 용산로 21-17,,36.0255091633509,126.940615399325,,정상가동,29.44,380,60,2011,,,,,2024-09-27
도촌7호 태양광발전소,전북특별자치도 익산시 황등면 용산로 21-17,,36.0255091633509,126.940615399325,,정상가동,99.0,380,60,2011,,,,,2024-09-27
도촌6호 태양광발전소,전북특별자치도 익산시 황등면 용산로 21-17,,36.0255091633509,126.940615399325,,정상가동,28.35,380,60,2011,,,,,2024-09-27
도촌5호 태양광발전소,전북특별자치도 익산시 황등면 용산로 21-17,,36.0255091633509,126.940615399325,,정상가동,99.0,22900,60,2012,,,,,2024-09-27
도촌3호 태양광발전소,전북특별자치도 익산시 황등면 용산로 21-17,,36.0255091633509,126.940615399325,,정상가동,99.0,380,60,2010,,,,,2024-09-27
도촌2호 태양광발전소,전북특별자치도 익산시 황등면 용산로 21-17,,36.0255091633509,126.940615399325,,정상가동,99.0,380,60,2010,,,,,2024-09-27
도촌1호 태양광발전소,전북특별자치도 익산시 황등면 용산로 21-17,,36.0255091633509,126.940615399325,,정상가동,99.0,380,60,2010,,,,,2024-09-27
희망2 태양광발전소,,전북특별자치도 익산시 황등면 용산리 1263번지 4호,,,,정상가동,60.0,380,60,2011,,,,,2024-09-27
희망1 태양광발전소,,전북특별자치도 익산시 황등면 용산리 1263번지 4호,,,,정상가동,99.0,380,60,2010,,,,,2024-09-27
소망태양광발전소,,"전북특별자치도 익산시 황등면 용산리 248-1 주1, 건물위",,,,정상가동,195.72,380,60,2010,,,,,2024-09-27
은정1호 태양광발전소,,전북특별자치도 익산시 황등면 용산리 414-27,36.041169761627,126.94216983202,,정상가동,32.4,380,60,2009,,,,,2024-09-27
동미3호 태양광발전소,,전북특별자치도 익산시 황등면 용산리 414번지 18호,36.0437199184382,126.940419402528,,정상가동,193.5,380,60,2009,,,,,2024-09-27
영광태양광,,"전북특별자치도 익산시 황등면 용산리 757-1 ,758-4 주1 건물위",,,,정상가동,193.73,22900,60,2009,,,,,2024-09-27
신기태양광발전소,전북특별자치도 익산시 황등면 원신기길 53-18,,35.9956230919231,126.935971777814,,정상가동,193.73,22900,60,2009,,,,,2024-09-27
선진 태양광발전소,전북특별자치도 익산시 황등면 율동1길 32,,36.0138403369453,126.954041320403,,정상가동,294.0,380,60,2009,,,,,2024-09-27
자영 태양광발전소,전북특별자치도 익산시 황등면 율동길 85,,36.0152875769065,126.956325543726,,정상가동,699.0,22900,60,2009,,,,,2024-09-27
부동 태양광발전소,전북특별자치도 익산시 황등면 율동길 85,,36.0152875769065,126.956325543726,,정상가동,388.8,22900,60,2010,,,,,2024-09-27
아인 태양광발전소,전북특별자치도 익산시 황등면 율동길 97,,36.0160463499165,126.95615074022,,정상가동,99.54,22+380,60,2009,,,,,2024-09-27
성준 태양광발전소,전북특별자치도 익산시 황등면 율동길 97,,36.0160463499165,126.95615074022,,정상가동,499.96,380,60,2009,,,,,2024-09-27
엠아이제이2호 태양광발전소,,전북특별자치도 익산시 황등면 율촌리 217번지 3호,36.0261297599774,126.954914762359,,정상가동,200.0,380,60,2009,,,,,2024-09-27
한국에너지,,전북특별자치도 익산시 황등면 율촌리 443-13 건물위,36.0126794205351,126.950981514472,,정상가동,200.0,380,60,2010,,,,,2024-09-27
안뜰에2호 태양광발전소,,전북특별자치도 익산시 황등면 율촌리 705 건물위,36.0109418631601,126.950367179947,,정상가동,297.0,380,60,2010,,,,,2024-09-27
안뜰에1호 태양광발전소,,전북특별자치도 익산시 황등면 율촌리 705 건물위,36.0109418631601,126.950367179947,,정상가동,297.0,380,60,2010,,,,,2024-09-27
승리 태양광발전소,,전북특별자치도 익산시 황등면 율촌리 748-29 48-1 토지,,,,정상가동,99.76,380,60,2010,,,,,2024-09-27
승리2호 발전소,,전북특별자치도 익산시 황등면 율촌리 748-38,36.0130244428383,126.957690536467,,정상가동,99.76,380,60,2009,,,,,2024-09-27
승리1호 발전소,,전북특별자치도 익산시 황등면 율촌리 748-52 토지,36.0125026747805,126.957818714012,,정상가동,294.0,380,60,2012,,,,,2024-09-27
허일 태양광발전소,전북특별자치도 익산시 황등면 익산대로 1084,,36.0186864052605,126.945170429267,,정상가동,98.8,380,60,2012,,,,,2024-09-27
환희2태양광발전소,"전북특별자치도 익산시 황등면 죽촌길 108-31, 건물상부(1~5동)",,36.0141908053602,126.926640815108,,정상가동,98.8,380,60,2012,,,,,2024-09-27
솜리 태양광발전소2,,전북특별자치도 익산시 황등면 죽촌리 1035-22,36.016128843516,126.933983269684,,정상가동,98.8,380,60,2009,,,,,2024-09-27
노을3 태양광발전소,,전북특별자치도 익산시 황등면 죽촌리 1131번지 1호,,,,정상가동,499.96,380,60,2009,,,,,2024-09-27
노을2 태양광발전소,,전북특별자치도 익산시 황등면 죽촌리 1131번지 7호,,,,정상가동,499.96,380,60,2010,,,,,2024-09-27
거산2호 태양광발전소,,전북특별자치도 익산시 황등면 죽촌리 189-1,36.0300015795095,126.945679622745,,정상가동,98.4,380,60,2009,,,,,2024-09-27
죽촌2호 태양광발전소,,전북특별자치도 익산시 황등면 죽촌리 191-2,36.0301025989002,126.946060339146,,정상가동,99.2,380,60,2009,,,,,2024-09-27
죽촌1호 태양광발전소,,"전북특별자치도 익산시 황등면 죽촌리 191-5 ,999-11",,,,정상가동,99.2,380,60,2009,,,,,2024-09-27
도촌14호 태양광발전소,,"전북특별자치도 익산시 황등면 죽촌리 202-4 , 203, 1005-1 주2(3동) 건물위",,,,정상가동,99.2,380,60,2010,,,,,2024-09-27
도촌15호 태양광발전소,,"전북특별자치도 익산시 황등면 죽촌리 202-4 , 203, 203-1, 1005-1 주3(4동) 건물위",,,,정상가동,71.28,380,60,2010,,,,,2024-09-27
수영2호 태양광발전소,,전북특별자치도 익산시 황등면 죽촌리 230번지,36.0153312467213,126.939078988685,,정상가동,71.28,380,60,2009,,,,,2024-09-27
바이오준5호 태양광발전소,,전북특별자치도 익산시 황등면 죽촌리 230번지,36.0153312467213,126.939078988685,,정상가동,99.0,380,60,2009,,,,,2024-09-27
미정태양광발전소,,전북특별자치도 익산시 황등면 죽촌리 230번지 5호,36.0153312467213,126.939078988685,,정상가동,99.0,380,60,2009,,,,,2024-09-27
영미태양광발전소,,전북특별자치도 익산시 황등면 죽촌리 230번지 5호,36.0153312467213,126.939078988685,,정상가동,332.4,22900,60,2010,,,,,2024-09-27
서뜸태양광발전소,,전북특별자치도 익산시 황등면 죽촌리 610-3 건물위,36.0196113631374,126.925059600952,,정상가동,99.0,380+220,60,2009,,,,,2024-09-27
청송 태양광발전소,,"전북특별자치도 익산시 황등면 죽촌리 69번지 16호 ,69-44,69-48,1064-18,1064-20 건물위",,,,정상가동,99.23,220+380,60,2009,,,,,2024-09-27
탑천 태양광발전소,전북특별자치도 익산시 황등면 탑천로 155-6,,35.9971178612254,126.927993038054,,정상가동,250.0,380,60,2010,,,,,2024-09-27
신흥 태양광발전소,전북특별자치도 익산시 황등면 탑천로 187,,35.9987163091599,126.930470480142,,정상가동,71.28,380,60,2010,,,,,2024-09-27
우리 태양광발전소,전북특별자치도 익산시 황등면 탑천로 26-33,,35.9892494905238,126.917028749075,,정상가동,71.28,380,60,2009,,,,,2024-09-27
㈜한광전력 태양광발전소,전북특별자치도 익산시 황등면 황금로 154,,36.0168300761202,126.954976413515,,정상가동,499.96,380,60,2019,,,,,2024-09-27
중앙상사 태양광발전소,전북특별자치도 익산시 황등면 황등로 167,,36.0068239450649,126.944392783245,,정상가동,100.0,380,60,2009,,,,,2024-09-27
방교 태양광발전소,,전북특별자치도 익산시 황등면 황등리 1224-10 건물위,36.0005840871412,126.936770424807,,정상가동,199.8,22900,60,2009,,,,,2024-09-27
기종발전소1호,,전북특별자치도 익산시 황등면 황등리 329 건물위,35.9994687367056,126.948488035861,,정상가동,29.7,220+380,60,2008,,,,,2024-09-27
트윈솔라코리아3호,,전북특별자치도 익산시 황등면 황등리 61 토지,35.9974764551235,126.952608152802,,정상가동,28.16,220+380,60,2008,,,,,2024-09-27
트윈솔라코리아2호,,전북특별자치도 익산시 황등면 황등리 62-1 제2동 건물위,35.9977930088854,126.952710440833,,정상가동,48.6,220+380,60,2008,,,,,2024-09-27
혜진 황등리 태양광발전소,,"전북특별자치도 익산시 황등면 황등리 677번지 3호 , 681-4, 681-6",,,,정상가동,19.44,220+380,60,2024,,,,,2024-09-27
시서 태양광발전소,,전북특별자치도 익산시 황등면 황등리 801 토지,36.0062948900512,126.942416037958,,정상가동,499.0,380,60,2008,,,,,2024-09-27
황등농협 태양광발전소,전북특별자치도 익산시 황등면 황등서로 145,,35.9998322184246,126.929393349293,,정상가동,149.55,380,60,2008,,,,,2024-09-27
효진2호 태양광발전소,전북특별자치도 익산시 황등면 황등서로 155,,36.0001369322038,126.928340767772,,정상가동,499.77,380,60,2024,,,,,2024-09-27
효진 태양광발전소,전북특별자치도 익산시 황등면 황등서로 155,,36.0001369322038,126.928340767772,,정상가동,499.0,380,60,2022,,,,,2024-09-27
유오태양광발전소,"전북특별자치도 익산시 황등면 후정3길 3, 1동",,36.0284202926886,126.946909470737,,정상가동,212.16,380,60,2022,,,,,2024-09-27
