태양광발전시설명,소재지도로명주소,소재지지번주소,위도,경도,설치상세위치구분명,가동상태구분명,설비용량,공급전압,주파수,설치연도,세부용도,허가일자,허가기관,설치면적,데이터기준일자
의암태양광발전소,,전북특별자치도 완주군 상관면 의암리 486-1,35.7974406627106,127.236970621957,,정상가동,3.0,220,60,2005,,2005-06-24,,751.0,2024-01-29
가온셀태양광발전소,,전북특별자치도 완주군 봉동읍 둔산리 864-2(주차장),35.9646535924962,127.11829451901,,정상가동,3.08,220,60,2006,,2006-01-27,,20.0,2024-01-29
동운태양광발전소,,전북특별자치도 완주군 고산면 삼기리 산 17-1,35.9950938879752,127.237044843149,,정상가동,198.0,380,60,2008,,2008-07-09,,29600.0,2024-01-29
향린태양광발전소,,전북특별자치도 완주군 이서면 남계리 737-1,35.8497419914992,127.014574511583,,정상가동,2.925,380,60,2008,,2008-09-05,,67.5,2024-01-29
연석산태양광발전소,,전북특별자치도 완주군 동상면 사봉리 산43-18,,,,정상가동,40.5,380,60,2008,,2008-12-19,,3725.0,2024-01-29
청암에너지태양광발전소,,"전북특별자치도 완주군 구이면 덕천리 377,건물상부",35.7489743196045,127.12807198376,,정상가동,9.24,380,60,2009,,2009-08-17,,2489.0,2024-01-29
(유)송암에너지태양광발전소,,전북특별자치도 완주군 경천면 가천리 산112 외,36.0361143950092,127.256958365439,,정상가동,89.76,380,60,2009,,2009-11-06,,841.0,2024-01-29
코레스태양광발전소,,"전북특별자치도 완주군 봉동읍 완주산단6로 266(둔산리 857-1,857-5,857-7,857-8)건물상부",35.9663732102,127.123780110156,,정상가동,400.0,22900,60,2009,,2009-12-14,,1645.0,2024-01-29
용흥태양광발전소,,"전북특별자치도 완주군 용진읍 용흥리 482, 옥상",35.8932883837544,127.169668856529,,정상가동,8.78,220380,60,2010,,2010-01-05,,8.78,2024-01-29
이성태양광발전소,,전북특별자치도 완주군 이서면 이성리 592-5,35.8093475489943,127.043607333759,,정상가동,28.98,220380,60,2010,,2010-01-27,,0.0,2024-01-29
이성2호태양광발전소,,전북특별자치도 완주군 이서면 이성리 592-21,35.8093415740141,127.043928086506,,정상가동,28.98,220380,60,2010,,2010-01-27,,560.0,2024-01-29
이성3호태양광발전소,,전북특별자치도 완주군 이서면 이성리 592-26,35.8091175063183,127.043470342158,,정상가동,28.98,220380,60,2011,,2011-03-14,,70.0,2024-01-29
이성4호태양광발전소,,전북특별자치도 완주군 이서면 이성리 592-27,35.8089258601524,127.043574684803,,정상가동,28.98,220380,60,2011,,2011-03-14,,100.0,2024-01-29
이성5호태양광발전소,,전북특별자치도 완주군 이서면 이성리 592-29,35.809114864832,127.044042034962,,정상가동,28.98,220380,60,2011,,2011-03-14,,515.0,2024-01-29
이성6호태양광발전소,,전북특별자치도 완주군 이서면 이성리 592-30,35.8089885844489,127.044078920063,,정상가동,28.98,220380,60,2011,,2011-03-14,,669.0,2024-01-29
이성7호태양광발전소,,전북특별자치도 완주군 이서면 이성리 592-31,35.8088497376594,127.043975834713,,정상가동,28.98,220380,60,2011,,2011-03-15,,456.0,2024-01-29
원암 태양광발전소,,전북특별자치도 완주군 소양면 명덕리 1130-2외,35.8568969882399,127.208779908667,,정상가동,30.0,380,60,2011,,2011-04-13,,700.0,2024-01-29
명덕 태양광발전소,,전북특별자치도 완주군 소양면 명덕리 1128-2외,35.8574083732398,127.208564368229,,정상가동,30.0,380,60,2011,,2011-04-13,,1450.0,2024-01-29
용안발전 태양광발전소,,전북특별자치도 완주군 삼레읍 석전리 599,,,,정상가동,94.5,380,60,2011,,2011-04-25,,1715.0,2024-01-29
(유)강남식품태양광발전소,,"전북특별자치도 완주군 이서면 이문리 711-2, 711-3, 용서리 124-5, 124-6, 건물상부",,,,정상가동,297.0,22900,60,2011,,2011-08-08,,3004.0,2024-01-29
유한회사 에프알에너지(에프알에너지 태양광발전소),,"전북특별자치도 완주군 소양면 죽절리 22-1, 22-5 건물상부 제1,2동",,,,정상가동,91.8,220380,60,2011,,2011-11-17,,460.0,2024-01-29
K-water고산정수장태양광,,전북특별자치도 완주군 고산면 성재리 27,35.9775480870027,127.227240562789,,정상가동,507.0,22900,60,2011,,2011-12-07,,3366.0,2024-01-29
찬일에너지,,"전북특별자치도 완주군 봉동읍 구미2길134, 건물상부",35.9337869269538,127.132346179748,,정상가동,19.0,380,60,2012,,2012-03-05,,99.41,2024-01-29
구미에너지,,전북특별자치도 완주군 봉동읍 구미2길134,35.9337869269538,127.132346179748,,정상가동,29.75,380,60,2012,,2012-03-05,,523.0,2024-01-29
가천2호태양광발전소,,"전북특별자치도 완주군 경천면 가천리 575-1, 건물상부",36.037073410575,127.258708672745,,정상가동,99.45,220380,60,2012,,2012-03-07,,403.2,2024-01-29
경천1호태양광발전소,,"전북특별자치도 완주군 경천면 가천리 575-2, 건물상부",36.0369004155604,127.258439249023,,정상가동,99.45,220380,60,2012,,2012-03-07,,421.0,2024-01-29
경천2호태양광발전소,,"전북특별자치도 완주군 경천면 가천리 575-3, 건물상부",36.0367386981206,127.25820570354,,정상가동,99.45,220380,60,2012,,2012-03-07,,403.2,2024-01-29
경천3호태양광발전소,,"전북특별자치도 완주군 경천면 가천리 575-4 건물상부(주1,주2)",36.0365505911962,127.258048080734,,정상가동,99.45,220380,60,2012,,2012-03-07,,460.8,2024-01-29
경천4호태양광발전소,,전북특별자치도 완주군 경천면 가천리 575-5 건물상부(주1),36.0363282395458,127.25793140222,,정상가동,66.0,220380,60,2012,,2012-03-07,,372.8,2024-01-29
거성태양광발전소,,전북특별자치도 완주군 이서면 남계리 673-34(토지위),35.8450709818148,127.016483448242,,정상가동,99.45,220380,60,2012,,2012-03-07,,2810.0,2024-01-29
용광에너지,,전북특별자치도 완주군 용진읍 구억리 538 건물상부,35.8653991364923,127.16589324931,,정상가동,10.0,220380,60,2012,,2012-03-13,,84.06,2024-01-29
이엠태양광발전소,,전북특별자치도 완주군 봉동읍 둔산리 868-21(주2)(건물위),35.9585281167433,127.115918597816,,정상가동,93.6,380,60,2012,,2012-03-28,,596.48,2024-01-29
OCI CG공장태양광발전소,,전북특별자치도 완주군 봉동읍 완주산단1로 43(용암리 848) 건물상부(2동),35.9361640702401,127.12901135539,,정상가동,400.0,22900,60,2012,,2012-03-29,,3400.0,2024-01-29
KnH솔라㈜(대유신소재),,전북특별자치도 완주군 봉동읍 용암리 826 대유신소재건물상부,35.9428819776441,127.132197425931,,정상가동,700.7,220380,60,2012,,2012-04-18,,5500.0,2024-01-29
한내태양광발전소,,전북특별자치도 완주군 삼례읍 삼례리 1330-2 건물상부,,,,정상가동,10.0,220,60,2012,,2012-04-27,,213.68,2024-01-29
사봉에너지,,전북특별자치도 완주군 동상면 동상로 1177 건물상부,35.9180264898279,127.305505695623,,정상가동,15.0,380,60,2012,,2012-05-30,,87.35,2024-01-29
봉동태양광발전소,,전북특별자치도 완주군 봉동읍 구암리 806,35.9517443441627,127.108848615882,,정상가동,90.0,220380,60,2012,,2012-07-02,,2590.0,2024-01-29
썬플라워,,"전북특별자치도 완주군 소양면 해월리 871-2, 873-2 건물상부",,,,정상가동,75.0,380,60,2012,,2012-07-17,,556.0,2024-01-29
강명태양광발전소,,전북특별자치도 완주군 소양면 명덕리 14-15 건물상부,35.8883437809843,127.218766533702,,정상가동,20.0,380,60,2012,,2012-07-24,,132.36,2024-01-29
대왕태양광발전소,,전북특별자치도 완주군 용진읍 구억리 797-5 건물상부,35.8758580486506,127.158231304739,,정상가동,60.0,380,60,2012,,2012-08-03,,403.0,2024-01-29
호수위태양광발전소,,전북특별자치도 완주군 화산면 춘산리 256-3,36.055017933337,127.203187581114,,정상가동,30.0,380,60,2012,,2012-08-07,,578.0,2024-01-29
해그림태양광발전소,,전북특별자치도 완주군 화산면 춘산리 256-5,36.0549130324749,127.203452346454,,정상가동,30.0,380,60,2012,,2012-08-07,,611.0,2024-01-29
해바람태양광발전소,,전북특별자치도 완주군 화산면 춘산리 256-4,36.0549052965636,127.20307164401,,정상가동,30.0,380,60,2012,,2012-08-07,,481.0,2024-01-29
텃밭위태양광발전소,,전북특별자치도 완주군 화산면 춘산리 256-1,36.0551413786098,127.203307097916,,정상가동,30.0,380,60,2012,,2012-08-07,,753.0,2024-01-29
원창태양광발전소,,전북특별자치도 완주군 용진읍 봉서로121(용흥리 329-1)건물상부,35.8908039848781,127.169233376779,,정상가동,30.0,220380,60,2012,,2012-08-14,,338.6,2024-01-29
대왕1호태양광발전소,,전북특별자치도 완주군 용진읍 구억리 797-5,35.8758580486506,127.158231304739,,정상가동,30.0,380,60,2012,,2012-09-04,,192.0,2024-01-29
썬플라워2호,,전북특별자치도 완주군 소양면 해월리 871-2,35.8616180356631,127.264055400503,,정상가동,30.0,380,60,2012,,2012-09-10,,530.0,2024-01-29
봉계태양광발전소,,"전북특별자치도 완주군 용진읍 운곡리 266-3,266-4 건물상부",,,,정상가동,99.2,380,60,2012,,2012-09-14,,487.41,2024-01-29
상호마을태양광발전소,,전북특별자치도 완주군 화산면 운산리 730 건물상부,36.0795149824049,127.142933767266,,정상가동,6.0,220,60,2012,,2012-10-08,,89.9,2024-01-29
비봉제1태양광발전소,,전북특별자치도 완주군 비봉면 수선리 471,36.0209244855184,127.186004063148,,정상가동,30.0,220380,60,2012,,2012-11-20,,288.0,2024-01-29
한신태양광발전소,,전북특별자치도 완주군 상관면 죽림리 776-218,35.7432682986606,127.221000719156,,정상가동,30.0,380,60,2012,,2012-12-06,,661.0,2024-01-29
신한태양광발전소,,전북특별자치도 완주군 상관면 죽림리 776-143,35.7434751772632,127.2207841664,,정상가동,30.0,380,60,2012,,2012-12-06,,992.0,2024-01-29
애경케미칼태양광발전전주사업소,,전북특별자치도 완주군 봉동읍 완주산단6로 283 건물상부(주1),35.9694902966396,127.12458831517,,정상가동,250.0,22900,60,2012,,2012-12-21,,3353.0,2024-01-29
비봉제2태양광발전소,,전북특별자치도 완주군 비봉면 수선리 471 건물상부,36.0209244855184,127.186004063148,,정상가동,30.0,220380,60,2013,,2013-01-04,,191.15,2024-01-29
용광2호에너지,,"전북특별자치도 완주군 용진읍 구억리 395-3 건물상부(주1,주2)",35.8636540823975,127.171322039025,,정상가동,98.8,220380,60,2013,,2013-01-04,,531.52,2024-01-29
이문태양광발전소,,"전북특별자치도 완주군 이서면 이문리 154 건물상부(주1,주2,주3)",35.8396570241564,127.007642188078,,정상가동,99.225,380,60,2013,,2013-01-09,,630.64,2024-01-29
용암1호태양광발전소,,"전북특별자치도 완주군 상관면 용암리 50-6,50-10",,,,정상가동,99.0,380,60,2013,,2013-01-09,,3409.0,2024-01-29
미정태양광발전소,,전북특별자치도 완주군 봉동읍 둔산리 876-1 건물상부,35.9636682460785,127.126618632717,,정상가동,20.0,380,60,2013,,2013-01-25,,126.4,2024-01-29
상화태양광발전소,,전북특별자치도 완주군 삼례읍 삼례리 1247-5 건물상부,35.917456472804,127.074039890757,,정상가동,15.0,220,60,2013,,2013-02-21,,86.68,2024-01-29
윤정원태양광발전소,,전북특별자치도 완주군 상관면 신리 842-7 건물상부,35.7642185301544,127.197880778787,,정상가동,30.0,220,60,2013,,2013-02-25,,247.6,2024-01-29
명원태양광발전소,,전북특별자치도 완주군 봉동읍 용암리 802-5 건물상부(주1),35.9447457862086,127.129263370264,,정상가동,80.0,380,60,2013,,2013-02-25,,520.0,2024-01-29
임연심태양광발전소,,전북특별자치도 완주군 봉동읍 용암리 767-10,35.950943381447,127.141308769201,,정상가동,20.0,380,60,2013,,2013-02-25,,166.2,2024-01-29
정규성태양광발전소,,전북특별자치도 완주군 봉동읍 용암리 802-5 건물상부(부1),35.9447457862086,127.129263370264,,정상가동,70.0,380,60,2013,,2013-02-25,,487.9,2024-01-29
경천5호태양광발전소,,전북특별자치도 완주군 경천면 가천리 575(창)(토지위)(건물위),36.037233190896,127.258795412204,,정상가동,3630562275.0,220380,60,2013,,2013-03-04,,440.98,2024-01-29
양전태양광발전소,,"전북특별자치도 완주군 용진읍 신지리1181-1,1186-1건물상부(주1,주2)",,,,정상가동,49.725,380,60,2013,,2013-03-04,,541.0,2024-01-29
창승태양광발전소,,전북특별자치도 완주군 봉동읍 둔산리 870-3,35.9591012832497,127.120963317248,,정상가동,99.0,380,60,2013,,2013-03-04,,1595.0,2024-01-29
삼진태양광발전소,,전북특별자치도 완주군 경천면 가천리 361-1 건물상부,36.0340058856365,127.262039879641,,정상가동,19.75,380,60,2013,,2013-03-11,,173.8,2024-01-29
윤철석태양광발전소,,전북특별자치도 완주군 이서면 이문리 650-1 건물상부,35.8240225510194,127.010795168019,,정상가동,30.0,380,60,2013,,2013-03-11,,135.0,2024-01-29
덕천1호태양광발전소,,전북특별자치도 완주군 구이면 덕천구암길 62-14(덕천리 1070-10)건물상부(주1),35.7365978315461,127.140622876494,,정상가동,36.04,220380,60,2013,,2013-03-26,,164.6,2024-01-29
대림태양광발전소,,전북특별자치도 완주군 소양면 신원리 228-7 건물상부,35.8600361647641,127.30307937673,,정상가동,99.0,220380,60,2013,,2013-04-03,,875.0,2024-01-29
대림1호태양광발전소,,"전북특별자치도 완주군 소양면 신원리 228-9,228-10 건물상부(주1,주2)",,,,정상가동,98.8,220380,60,2013,,2013-05-02,,357.0,2024-01-29
고천태양광,,전북특별자치도 완주군 봉동읍 고천리 539-3 건물상부,35.9156281652101,127.139234960484,,정상가동,20.0,220380,60,2013,,2013-05-03,,77.0,2024-01-29
수양태양광발전소,,"전북특별자치도 완주군 소양면 원암로 120-13(해월리 350)건물상부(주1,주2)",35.8721990694548,127.255177572702,,정상가동,99.5,220380,60,2013,,2013-05-16,,370.0,2024-01-29
평리교회태양광발전소,,전북특별자치도 완주군 소양면 명덕리 1148-1 (건물위),35.8572193247133,127.205826680373,,정상가동,29.58,380,60,2013,,2013-05-30,,292.0,2024-01-29
승자태양광발전소,,전북특별자치도 완주군 소양면 대흥리 455-1 건물상부,35.9080675751108,127.235305975187,,정상가동,70.0,380,60,2013,,2013-05-30,,533.0,2024-01-29
전택균태양광발전소,,"전북특별자치도 완주군 이서면 남계리 745, 753-1",,,,정상가동,99.45,220380,60,2013,,2013-05-30,,1215.0,2024-01-29
써니1호태양광,,"전북특별자치도 완주군 구이면 백여리 976-9 건물상부 주1,주2,주3,주4",,,,정상가동,99.45,380,60,2013,,2013-05-30,,1460.0,2024-01-29
티앤비태양광발전소,,전북특별자치도 완주군 봉동읍 구미리 839 건물상부,35.9339821336452,127.128701290216,,정상가동,46.4,220380,60,2013,,2013-05-30,,200.0,2024-01-29
신화평태양광발전소,,"전북특별자치도 완주군 화산면 화월리 572,573,571-4 건물상부 주1,주2,주3",,,,정상가동,98.0,380,60,2013,,2013-05-30,,435.82,2024-01-29
일광솔라텍,,"전북특별자치도 완주군 구이면 백여리 880-1, 884",,,,정상가동,99.45,380,60,2013,,2013-06-14,,2302.0,2024-01-29
엔코리아1호태양광발전소,,"전북특별자치도 완주군 봉동읍 은하리 444-4 건물상부(주1,주2,주3)",35.9523760271382,127.159749444262,,정상가동,98.28,380,60,2013,,2013-06-14,,388.5,2024-01-29
아이엠1호태양광발전소,,전북특별자치도 완주군 봉동읍 둔산리 931-1 건물상부(주1),35.958434051765,127.11811198352,,정상가동,95.4,220380,60,2013,,2013-06-19,,869.0,2024-01-29
성북1호에너지,,"전북특별자치도 완주군 완주군 화산면 화산로 17-12 건물상부(주1,주2)",36.0252855526282,127.250256655333,,정상가동,99.0,380,60,2013,,2013-06-19,,695.0,2024-01-29
성북2호에너지,,"전북특별자치도 완주군 완주군 화산면 화산로 17-14 건물상부(주1,주2)",36.0250529386852,127.250087284581,,정상가동,99.0,380,60,2013,,2013-06-19,,696.0,2024-01-29
금하태양광,,"전북특별자치도 완주군 화산면 종리 799-20,799-21,799-22,640-1,640-2,640-3,640-4,640-8,640-9,640-10,640-11",,,,정상가동,800.0,22900,60,2013,,2013-06-21,,12707.0,2024-01-29
고당리태양광발전소,,"전북특별자치도 완주군 운주면 고당리 269,269-2 건물상부",,,,정상가동,30.0,380,60,2013,,2013-06-23,,140.0,2024-01-29
명덕태양광발전사업소,,전북특별자치도 완주군 소양면 명덕리 249 건물상부,35.8618326953566,127.211974064496,,정상가동,35.0,380,60,2013,,2013-06-23,,162.0,2024-01-29
소연태양광발전소,,전북특별자치도 완주군 이서면 금평리 333-2 건물상부,35.8245943405258,127.040053370828,,정상가동,32.0,380,60,2013,,2013-06-26,,583.0,2024-01-29
사랑태양광발전소,,"전북특별자치도 완주군 소양면 명덕리 238,239-1,997-1,997-2 건물상부(주1,주2)",,,,정상가동,98.8,380,60,2013,,2013-07-08,,444.85,2024-01-29
성북3호에너지,,전북특별자치도 완주군 화산면 화산로 17-16 건물상부(주1),,,,정상가동,50.0,380,60,2013,,2013-07-08,,297.0,2024-01-29
영상1호태양광발전소,,전북특별자치도 완주군 이서면 은교리 696-2,35.8181299051344,127.007557685811,,정상가동,98.28,220380,60,2013,,2013-07-10,,1519.0,2024-01-29
기연태양광발전소,,"전북특별자치도 완주군 이서면 반교리 451, 452-1 건물상부 주1,주2",,,,정상가동,99.0,380,60,2013,,2013-07-10,,421.52,2024-01-29
복선태양광발전소,,전북특별자치도 완주군 봉동읍 구암리 897,35.9442028664063,127.101739305306,,정상가동,499.0,380,60,2013,,2013-08-07,,19236.0,2024-01-29
엔코리아2호태양광발전소,,"전북특별자치도 완주군 봉동읍 은하리 444-5 건물상부(주1,주2)",35.9523141919764,127.160027645456,,정상가동,76.44,220380,60,2013,,2013-08-23,,233.6,2024-01-29
통일그린태양광발전소,,"전북특별자치도 완주군 용진읍 지동길9(운곡리 365-1)건물상부(주1,주2,주3)",35.9138352977153,127.177331556574,,정상가동,99.47,380,60,2013,,2013-09-04,,469.68,2024-01-29
마음태양광발전소,,"전북특별자치도 완주군 구이면 항가리 1066-1 건물상부(20kW), 토지(10kW)",35.7027334799134,127.112918253331,,정상가동,30.0,220,60,2013,,2013-09-13,,193.0,2024-01-29
대치태양광발전소,,"전북특별자치도 완주군 비봉면 대치리 203 건물상부(주1,주2)",36.0435503470412,127.158729834752,,정상가동,99.0,380,60,2013,,2013-09-13,,545.725,2024-01-29
크라운태양광발전소,,전북특별자치도 완주군 봉동읍 봉동로 70(낙평리 410-6)건물상부,35.9312529380893,127.168881936295,,정상가동,30.0,380,60,2013,,2013-09-13,,243.0,2024-01-29
한연1호태양광발전소,,"전북특별자치도 완주군 소양면 죽절리 718-26,718-27,718-28,718-29",,,,정상가동,90.0,380,60,2013,,2013-09-13,,1667.0,2024-01-29
한연2호태양광발전소,,전북특별자치도 완주군 소양면 죽절리 718-30,35.8556225355774,127.217562663308,,정상가동,500.0,22900,60,2013,,2013-09-13,,8470.0,2024-01-29
한연3호태양광발전소,,전북특별자치도 완주군 소양면 죽절리 718-24,35.8562189503089,127.216684159995,,정상가동,99.0,380,60,2013,,2013-09-13,,1000.0,2024-01-29
해전태양광발전소,,"전북특별자치도 완주군 삼례읍 해전리 1129-11 건물상부(주1,주2)",35.8988625880741,127.05222894491,,정상가동,99.375,220380,60,2013,,2013-09-16,,480.0,2024-01-29
스카이라이트1호,,"전북특별자치도 완주군 이서면 이문리 515-5 건물상부(주1,주2)",35.8232575396351,127.005922130149,,정상가동,99.0,220380,60,2013,,2013-09-16,,470.4,2024-01-29
스카이라이트3호,,"전북특별자치도 완주군 이서면 이문리 515-7 건물상부(주1,주2)",35.8230522339729,127.005892567956,,정상가동,99.0,220380,60,2013,,2013-09-16,,470.4,2024-01-29
한일에너지,,"전북특별자치도 완주군 이서면 이문리 515-8 건물상부(주1,주2)",35.8228461180082,127.005845631854,,정상가동,99.0,220380,60,2013,,2013-09-16,,470.4,2024-01-29
에프알에너지4호,,"전북특별자치도 완주군 이서면 이문리 515-3,515-10 건물상부(주1,주2)",,,,정상가동,99.0,220380,60,2013,,2013-09-16,,470.4,2024-01-29
완주햇빛발전소,,전북특별자치도 완주군 용진읍 지암로 61 건물상부,35.9053550702997,127.160781157709,,정상가동,29.12,380,60,2013,,2013-09-24,,181.0,2024-01-29
(유)창고위태양광3호,,전북특별자치도 완주군 화산면 춘산리 256-6,36.0550480499721,127.203071899751,,정상가동,30.0,380,60,2013,,2013-09-24,,260.0,2024-01-29
동경토탈 태양광발전소,,"전북특별자치도 완주군 삼례읍 하리 108-5(장),107-1(장),107-2(장)(토지위)",,,,정상가동,60.0,380,60,2013,,2013-09-24,,3374.0,2024-01-29
계곡태양광발전소,,"전북특별자치도 완주군 구이면 계곡리 174-1,174-14 건물상부",,,,정상가동,49.56,380,60,2013,,2013-09-24,,268.0,2024-01-29
DK태양광,,전북특별자치도 완주군 소양면 명덕리 309-1,35.8643784722088,127.211201264476,,정상가동,75.0,380,60,2013,,2013-09-24,,1451.0,2024-01-29
수선태양광발전소,,"전북특별자치도 완주군 비봉면 수선리 536 건물상부(10.62kW),토지(19.47kW)",36.0179336177314,127.179650481224,,정상가동,30.09,220,60,2013,,2013-09-24,,154.0,2024-01-29
수호태양광발전소,,"전북특별자치도 완주군 용진읍 간중리 317-3, 317-6",,,,정상가동,99.45,220380,60,2013,,2013-09-24,,1517.0,2024-01-29
우성태양광발전소,,전북특별자치도 완주군 삼례읍 비비정길 64-6(후정리 128-1)건물상부,35.9005811282893,127.070649880091,,정상가동,30.0,380,60,2013,,2013-09-24,,104.0,2024-01-29
신흥태양광발전소,,"전북특별자치도 완주군 용진읍 구억리 186-5 건물상부(30kW), 토지(30kW)",35.8626857757363,127.173020356365,,정상가동,60.0,380,60,2013,,2013-09-27,,180.0,2024-01-29
더블유발전소,,전북특별자치도 완주군 용진읍 봉서로 121,35.8908039848781,127.169233376779,,정상가동,6.24,220380,60,2013,,2013-10-07,,1983.0,2024-01-29
종석1호태양광발전소,,"전북특별자치도 완주군 봉동읍 용암리 212-1 건물상부 80.1kw, 토지위 18.9kw",,,,정상가동,99.0,380,60,2013,,2013-10-07,,769.0,2024-01-29
성인태양광발전소,,"전북특별자치도 완주군 용진읍 신지리 1056-4 건물상부 주1,주2,주3",,,,정상가동,98.28,380,60,2013,,2013-10-07,,456.0,2024-01-29
선일원에너지,,전북특별자치도 완주군 상관면 춘향로 4156-16 건물상부,35.7232625071067,127.233036034343,,정상가동,20.0,380,60,2013,,2013-10-07,,84.0,2024-01-29
토림2태양광발전소,,"전북특별자치도 완주군 이서면 상개리 309-91,309-98 건물상부",,,,정상가동,70.0,380,60,2013,,2013-10-08,,542.0,2024-01-29
오성1호태양광발전소,,"전북특별자치도 완주군 경천면 구재길 29-7(용복리 186)건물상부(주1,주2)",36.0404885998524,127.264247937038,,정상가동,100.0,380,60,2013,,2013-10-08,,612.4,2024-01-29
덕암에너지자립마을태양광발전소1호,,전북특별자치도 완주군 고산면 남봉리 6-14,35.9702850672447,127.201329174795,,정상가동,46.75,380,60,2013,,2013-10-08,,2026.0,2024-01-29
토림1태양광발전소,,"전북특별자치도 완주군 이서면 상개리 309-31,309-82,309-92 건물상부",,,,정상가동,99.0,380,60,2013,,2013-10-08,,870.0,2024-01-29
하늬태양광발전소,,"전북특별자치도 완주군 이서면 상개리 122-3, 122-2 건물상부 주1,주2",,,,정상가동,98.8,220380,60,2013,,2013-10-11,,468.0,2024-01-29
항가리태양광발전소,,"전북특별자치도 완주군 구이면 항가리 503 건물상부(주1,부1)",35.7210827745406,127.112119758689,,정상가동,60.42,220380,60,2013,,2013-11-13,,229.07,2024-01-29
동운태양광발전소,,전북특별자치도 완주군 봉동읍 신중길 38-12(성덕리 502-1)건물상부,35.9311438955585,127.149505938755,,정상가동,10.0,220,60,2013,,2013-11-13,,76.0,2024-01-29
호남태양광발전소,,전북특별자치도 완주군 삼례읍 후정리 722-1 건물상부,35.9077036964414,127.060935006568,,정상가동,50.0,380,60,2013,,2013-11-15,,362.0,2024-01-29
광명에너지,,"전북특별자치도 완주군 이서면 이문리 515-6,515-9 건물상부",,,,정상가동,99.0,220380,60,2013,,2013-11-19,,470.0,2024-01-29
삼우태양광발전소,,전북특별자치도 완주군 삼례읍 후정리 656-21 건물상부,35.9085849624301,127.060883282511,,정상가동,99.75,380,60,2013,,2013-11-19,,701.0,2024-01-29
상관스파태양광발전소,,"전북특별자치도 완주군 상관면 죽림리 611,612,613,614-1,614-3 건물상부",,,,정상가동,350.0,22900,60,2013,,2013-12-02,,1955.0,2024-01-29
문화태양광발전소,,전북특별자치도 완주군 소양면 대흥문화길 20(대흥리 1092) 건물상부,35.8746150628385,127.248464650044,,정상가동,19.5,380,60,2013,,2013-12-02,,98.0,2024-01-29
경희태양광발전소,,전북특별자치도 완주군 이서면 상개리 211-1,35.8147283625366,127.043081916513,,정상가동,95.0,380,60,2013,,2013-12-02,,1765.0,2024-01-29
주선물태양광발전소,,"전북특별자치도 완주군 소양면 대흥리 956-1,960-7 건물상부 주1,주2",,,,정상가동,99.11,380,60,2013,,2013-12-02,,573.6,2024-01-29
상용마을태양광발전소,,전북특별자치도 완주군 구이면 백여리 805-1,35.6344240457979,127.101070461692,,정상가동,40.0,220380,60,2013,,2013-12-03,,1220.0,2024-01-29
학산발전소,,"전북특별자치도 완주군 소양면 해월리 42-13 건물상부(주1,주2)",35.8780734131259,127.265083727209,,정상가동,99.0,380,60,2013,,2013-12-17,,469.0,2024-01-29
일신태양광발전소,,전북특별자치도 완주군 봉동읍 과학로 850-20(용암리 810-3)건물상부,35.9443369510344,127.127608766352,,정상가동,98.28,380,60,2013,,2013-12-23,,664.0,2024-01-29
정자마을태양광발전소,,전북특별자치도 완주군 구이면 구이로 460 건물상부,35.6455839398996,127.103961329795,,정상가동,36.66,220380,60,2013,,2013-12-27,,362.0,2024-01-29
국촌태양광발전소,,전북특별자치도 완주군 소양면 해월리 883-6,35.864346574877,127.265649514343,,정상가동,98.28,220380,60,2013,,2013-12-30,,2969.0,2024-01-29
해월태양광발전소,,"전북특별자치도 완주군 소양면 해월리 883-5, 883-3 건물상부(주1,주2)",,,,정상가동,50.0,220380,60,2013,,2013-12-30,,252.0,2024-01-29
오성2호태양광발전소,,"전북특별자치도 완주군 경천면 구재길 29-8(용복리 186-2)건물상부(주1,주2,주3)",36.0405014991278,127.264610394422,,정상가동,100.0,380,60,2014,,2014-01-03,,612.4,2024-01-29
이성태양광발전소,,전북특별자치도 완주군 이서면 이성리 산86-2,35.799035599826,127.05043549601,,정상가동,600.0,22900,60,2014,,2014-01-13,,13686.0,2024-01-29
민옥태양광발전소,,전북특별자치도 완주군 봉동읍 장기리 708-3 건물상부,35.938085181379,127.160529023593,,정상가동,72.8,380,60,2014,,2014-01-13,,396.175,2024-01-29
(유)가나안셔터태양광발전소,,"전북특별자치도 완주군 용진읍 구억리 786-9(대),908-16(대)(건물위)",,,,정상가동,99.11,220380,60,2014,,2014-01-13,,1322.0,2024-01-29
용진태양광발전소,,"전북특별자치도 완주군 용진읍 상삼리 533 건물상부(주1,부1)",35.8649462414301,127.188397516238,,정상가동,99.75,220380,60,2014,,2014-01-13,,523.44,2024-01-29
만남2태양광발전소,,전북특별자치도 완주군 용진읍 상삼리 209-1,35.8688541876384,127.189755189295,,정상가동,97.2,380,60,2014,,2014-01-13,,2129.0,2024-01-29
솔라이앤씨태양광,,전북특별자치도 완주군 구이면 덕천리 산213-2,35.7301098806745,127.141661874838,,정상가동,300.0,22900,60,2014,,2014-01-13,,5013.0,2024-01-29
화봉태양광발전소,,"전북특별자치도 완주군 화산면 화산로 874 건물상부(주1,주2)",36.0352616273112,127.198183853786,,정상가동,99.0,380,60,2014,,2014-01-13,,1000.0,2024-01-29
현풍1호태양광발전소,,전북특별자치도 완주군 소양면 죽절리 718-44,35.8559261920364,127.216851307582,,정상가동,100.0,380,60,2014,,2014-01-15,,1667.0,2024-01-29
현풍2호태양광발전소,,전북특별자치도 완주군 소양면 죽절리 718-46,35.856112033264,127.217597545341,,정상가동,100.0,380,60,2014,,2014-01-15,,1667.0,2024-01-29
현풍3호태양광발전소,,전북특별자치도 완주군 소양면 죽절리 718-48,35.8559159722672,127.218363884649,,정상가동,100.0,380,60,2014,,2014-01-15,,1667.0,2024-01-29
한연4호태양광발전소,,전북특별자치도 완주군 소양면 죽절리 718-45,35.8561093723611,127.217275044563,,정상가동,100.0,380,60,2014,,2014-01-15,,1667.0,2024-01-29
한연5호태양광발전소,,전북특별자치도 완주군 소양면 죽절리 718-47,35.8560371204341,127.217955924743,,정상가동,100.0,380,60,2014,,2014-01-15,,1667.0,2024-01-29
한연6호태양광발전소,,전북특별자치도 완주군 소양면 죽절리 718-49,35.8556506424447,127.218760708546,,정상가동,100.0,380,60,2014,,2014-01-15,,1667.0,2024-01-29
한연7호태양광발전소,,전북특별자치도 완주군 소양면 죽절리 718-22,35.8561435183377,127.215981731169,,정상가동,40.0,380,60,2014,,2014-01-15,,876.0,2024-01-29
전택균2호태양광,,"전북특별자치도 완주군 이서면 남계리 753-3,745-2",,,,정상가동,99.45,220380,60,2014,,2014-01-22,,1254.0,2024-01-29
전택균3호태양광,,"전북특별자치도 완주군 이서면 남계리 753-4,745-3",,,,정상가동,99.45,220380,60,2014,,2014-01-22,,1254.0,2024-01-29
고려태양광발전소,,"전북특별자치도 완주군 용진읍 봉서로 168,건물상부",35.8906993783982,127.174503950264,,정상가동,50.0,380,60,2014,,2014-01-27,,380.4,2024-01-29
토브 태양광발전소,,"전북특별자치도 완주군 화산면 우월리 455-2 건물상부(주1,주2)",36.0569165003134,127.163496237752,,정상가동,97.2,380,60,2014,,2014-01-27,,481.6,2024-01-29
한내태양광발전소2호,,전북특별자치도 완주군 삼례읍 역참로 14 건물상부(주2),35.9117093028658,127.073176941195,,정상가동,13.0,380,60,2014,,2014-01-27,,81.6,2024-01-29
진흥도어태양광발전소,,전북특별자치도 완주군 이서면 콩쥐팥쥐로 1296-96(상개리 54-13)건물상부(주1),35.8232444152992,127.045663858349,,정상가동,47.7,380,60,2014,,2014-02-06,,360.0,2024-01-29
원광태양광,,전북특별자치도 완주군 이서면 반교리 135-5,35.8505711855298,127.036758465227,,정상가동,297.33,22900,60,2014,,2014-02-07,,9938.0,2024-01-29
호남1호태양광발전소,,전북특별자치도 완주군 삼례읍 후정리 722-1 건물상부(주3),35.9077036964414,127.060935006568,,정상가동,49.55,380,60,2014,,2014-02-12,,280.3,2024-01-29
용진태양광발전소,,"전북특별자치도 완주군 용진읍 상삼리 625-2, 625-5",,,,정상가동,100.0,220380,60,2014,,2014-02-17,,1739.0,2024-01-29
옥자태양광발전소,,전북특별자치도 완주군 삼례읍 삼례리 1602-3,35.9162505617877,127.069280900656,,정상가동,19.125,220380,60,2014,,2014-02-18,,155.0,2024-01-29
청담1호태양광발전소,,"전북특별자치도 완주군 용진읍 상운리 327,328,329 건물상부(주1,부1,부2)",,,,정상가동,98.28,220380,60,2014,,2014-02-19,,442.8,2024-01-29
청담2호태양광발전소,,"전북특별자치도 완주군 용진읍 상운리 326-1, 326-2",,,,정상가동,98.28,220380,60,2014,,2014-02-19,,1362.0,2024-01-29
현민태양광발전소,,"전북특별자치도 완주군 비봉면 수선리 461, 건물상부",36.0216487315406,127.185817833642,,정상가동,49.56,220380,60,2014,,2014-02-19,,292.98,2024-01-29
영웅태양광발전소,,전북특별자치도 완주군 비봉면 수선리 457-2,36.0222099270568,127.186224416256,,정상가동,99.0,220380,60,2014,,2014-02-19,,638.0,2024-01-29
유정태양광발전소,,전북특별자치도 완주군 용진읍 간중리 877번지 건물상부,35.8912789348841,127.177725050476,,정상가동,19.0,380,60,2014,,2014-02-25,,96.0,2024-01-29
정명숙태양광발전소,,전북특별자치도 완주군 봉동읍 완주산단5로 97-10(공장지붕),35.9447852115152,127.128301079356,,정상가동,98.8,220380,60,2014,,2014-02-27,,945.61,2024-01-29
신우친환경에너지,,"전북특별자치도 완주군 이서면 낙산로 133-26(은교리 533-8,533-9, 662-1) 건물상부(주1,부1,부2,부3,부4,부5,부7,부8,부9,부10,부11,부12,부13,부14,부15), 은교리 662-7, 663-2",,,,정상가동,991.44,22900,60,2014,,2014-02-28,,4290.37,2024-01-29
구암태양광발전소,,"전북특별자치도 완주군 봉동읍 우주로 270-37 주1,주2",,,,정상가동,99.0,220380,60,2014,,2014-03-04,,996.0,2024-01-29
써니3태양광발전소,,"전북특별자치도 완주군 구이면 백여리 976-2 건물상부 주1,주2,주3",,,,정상가동,85.0,220380,60,2014,,2014-03-05,,1594.0,2024-01-29
명성화물태양광발전소,,전북특별자치도 완주군 봉동읍 둔산리 924 주1,35.9611278820277,127.131353847442,,정상가동,86.4,220380,60,2014,,2014-03-05,,,2024-01-29
성진태양광발전소,,"전북특별자치도 완주군 화산면 종리 637, 636-2, 799-10, 640, 640-6, 640-7",,,,정상가동,500.0,22900,60,2014,,2014-03-05,,,2024-01-29
삼태태양광발전소,,전북특별자치도 완주군 소양면 명덕리 554-1(건물상부),35.879343857473,127.212671200301,,정상가동,99.0,220380,60,2014,,2014-03-06,,,2024-01-29
화심1태양광발전소,,전북특별자치도 완주군 소양면 전진로 1063 주1,35.8436458048183,127.270612146581,,정상가동,20.0,220380,60,2014,,2014-03-06,,,2024-01-29
화심태양광발전소,,전북특별자치도 완주군 소양면 해월리 645-2 건물상부,35.8487604810084,127.260677768849,,정상가동,80.0,220380,60,2014,,2014-03-06,,,2024-01-29
은하1호태양광발전소,,전북특별자치도 완주군 봉동읍 은하리 47,35.9553920743089,127.161932327628,,정상가동,97.2,220380,60,2014,,2014-03-07,,,2024-01-29
대흥태양광발전소,,전북특별자치도 완주군 원대흥길 108-6 건물상부,35.883068976735,127.246225303474,,정상가동,19.76,220380,60,2014,,2014-03-07,,114.39,2024-01-29
사랑1호태양광발전소,,전북특별자치도 완주군 소양면 명덕로 44,35.860088170299,127.210470353231,,정상가동,18.76,220380,60,2014,,2014-03-10,,,2024-01-29
계곡2호태양광발전소,,"전북특별자치도 완주군 구이면 구이로 1032, 주1(399.36)",35.692689324925,127.119217824588,,정상가동,40.12,220380,60,2014,,2014-03-11,,399.36,2024-01-29
장숙희태양광발전소,,전북특별자치도 완주군 구이면 광곡리 653(주1)(건물위),35.7402949579369,127.152092426919,,정상가동,99.0,380,60,2014,,2014-03-11,,,2024-01-29
소양K6태양광발전소,,전북특별자치도 완주군 소양면 해월리 100-7,35.8796094891134,127.256538757096,,정상가동,99.11,220380,60,2014,,2014-03-12,,455.4,2024-01-29
소양K1태양광발전소,,전북특별자치도 완주군 소양면 해월리 100-1,35.8793549043874,127.257162513279,,정상가동,99.11,220380,60,2014,,2014-03-12,,443.52,2024-01-29
소양K3태양광발전소,,전북특별자치도 완주군 소양면 해월리 100-10,35.879089871656,127.257193106858,,정상가동,99.11,220380,60,2014,,2014-03-12,,443.52,2024-01-29
소양K5태양광발전소,,"전북특별자치도 완주군 소양면 해월리 100-4, 100-8",,,,정상가동,49.555,220380,60,2014,,2014-03-12,,221.76,2024-01-29
소양K2태양광발전소,,전북특별자치도 완주군 소양면 해월리 100-6,35.879461915655,127.256683573138,,정상가동,49.555,220380,60,2014,,2014-03-12,,221.76,2024-01-29
소양K4태양광발전소,,"전북특별자치도 완주군 소양면 해월리 100-9, 100-12",,,,정상가동,99.11,220380,60,2014,,2014-03-12,,443.52,2024-01-29
아폴로1호태양광발전소,,전북특별자치도 완주군 용진읍 간중리 산90번지,,,,정상가동,99.0,220380,60,2014,,2014-03-13,,2163.0,2024-01-29
은하2호태양광발전소,,전북특별자치도 완주군 봉동읍 은하리 47-1,35.9556385967055,127.161773875893,,정상가동,97.2,220380,60,2014,,2014-03-17,,,2024-01-29
이시영태양광발전소,,전북특별자치도 완주군 비봉면 소농리 51-1,35.9903278573707,127.145940004071,,정상가동,19.8,220380,60,2014,,2014-03-18,,,2024-01-29
한내태양광발전소1호,,"전북특별자치도 완주군 삼례읍 삼례로 407-3 주1(삼례리 1330-1), 완주군 삼례읍 삼례로 407-5 주1(삼례리 1330-3)",,,,정상가동,20.0,220380,60,2014,,2014-03-24,,,2024-01-29
ENF태양광발전소,,전북특별자치도 완주군 비봉면 대치리 산109,,,,정상가동,99.0,220380,60,2014,,2014-03-25,,,2024-01-29
희동태양광발전소,,"전북특별자치도 완주군 봉동읍 율소리 976-3 건물상부(주1,부1)",35.9511859022199,127.172035322744,,정상가동,99.0,220380,60,2014,,2014-03-26,,600.0,2024-01-29
버들태양광,,"전북특별자치도 완주군 삼례읍 하리 37-8, 37-13, 37-14(주1 주2 부1)",,,,정상가동,99.0,220380,60,2014,,2014-03-26,,,2024-01-29
그린4호태양광발전소,,"전북특별자치도 완주군 화산면 화월리 74-1 건물상부(주7,주8)",36.0244547692186,127.201087801481,,정상가동,99.11,380,60,2014,,2014-03-26,,429.5,2024-01-29
그린2호태양광발전소,,"전북특별자치도 완주군 화산면 화월리 76-1 건물상부(주2,주3,주5)",36.0245767633021,127.20180447439,,정상가동,99.11,380,60,2014,,2014-03-26,,386.5,2024-01-29
그린3호태양광발전소,,"전북특별자치도 완주군 화산면 화월리 76-2 건물상부(주4,주6)",36.0244299505219,127.201698925657,,정상가동,99.11,380,60,2014,,2014-03-26,,414.0,2024-01-29
썬텍완주반교리태양광발전소,,"전북특별자치도 완주군 이서면 반교리 산53-6, 377-1",,,,정상가동,850.0,22900,60,2014,,2014-03-27,,,2024-01-29
석전태양광발전소1호,,전북특별자치도 완주군 삼례읍 석전리 247-14,35.9300324518498,127.106206798878,,정상가동,99.0,220380,60,2014,,2014-03-31,,,2024-01-29
경호태양광발전소,,전북특별자치도 완주군 완주군 구이면 계곡리 113-1 건물상부,35.6937867648635,127.118169419924,,정상가동,99.0,220380,60,2014,,2014-04-01,,368.97,2024-01-29
그린1호태양광발전소,,전북특별자치도 완주군 완주군 화산면 화산남로 402(화산면 화월리 74) 주1,36.0250013362986,127.201801895934,,정상가동,99.11,220380,60,2014,,2014-04-04,,,2024-01-29
기홍태양광발전소1호,,전북특별자치도 완주군 봉동읍 구미리 595-1(건물위),35.9332066963704,127.137172576058,,정상가동,50.0,220380,60,2014,,2014-04-07,,,2024-01-29
코튼태양광발전소,,전북특별자치도 완주군 소양면 신교리 1116-5,35.856171761087,127.212729746394,,정상가동,600.0,22900,60,2014,,2014-04-07,,,2024-01-29
한우태양광발전소,,전북특별자치도 완주군 완주군 화산면 창곡대서길 139(화월리 409-1) 주1,36.0257153326626,127.197553960267,,정상가동,49.68,220380,60,2014,,2014-04-07,,,2024-01-29
해성태양광발전소,,전북특별자치도 완주군 완주군 이서면 이서남로 292-54(상개리 108) 주2 부1,,,,정상가동,30.0,220380,60,2014,,2014-04-08,,,2024-01-29
청암태양광발전소,,전북특별자치도 완주군 완주군 구이면 청암길 42-8(덕천리 207-3) 주1,35.7499658080587,127.126880725658,,정상가동,20.0,220380,60,2014,,2014-04-11,,,2024-01-29
영훈태양광발전소,,전북특별자치도 완주군 완주군 상관면 왜목로 680(신리 709-21) 주1,35.7643757938674,127.200010408702,,정상가동,30.0,220380,60,2014,,2014-04-11,,,2024-01-29
산업태양광발전소,,전북특별자치도 완주군 완주군 삼례읍 석전리 308-10 (건물상부),35.9236756545652,127.110458217817,,정상가동,98.0,220380,60,2014,,2014-04-15,,,2024-01-29
벧엘태양광발전소,,전북특별자치도 완주군 완주군 상관면 용암리 448-1(대)(주1)(건물위),35.722073469653,127.229465233484,,정상가동,19.8,220380,60,2014,,2014-04-15,,,2024-01-29
설경1호태양광발전소,,"전북특별자치도 완주군 완주군 용진읍 상삼리 139(토지위 21.73KW, 건물상부50.35KW)",35.8795922484999,127.192127732878,,정상가동,72.08,220380,60,2014,,2014-04-15,,,2024-01-29
대송쏠라1호,,전북특별자치도 완주군 봉동읍 구암리 934,35.9417608920227,127.096909730612,,정상가동,300.0,22900,60,2014,,2014-04-17,,4920.0,2024-01-29
송광 태양광발전소,,"전북특별자치도 완주군 소양면 대흥리 683-3 (건물상부 주1,주2,주3)",35.8796153754259,127.24583665567,,정상가동,99.5,220380,60,2014,,2014-04-17,,408.8,2024-01-29
명보태양광발전소,,전북특별자치도 완주군 고산면 양야리 448,35.9473271510534,127.206657745812,,정상가동,98.8,220380,60,2014,,2014-04-28,,,2024-01-29
(유)에프알에너지5호,,전북특별자치도 완주군 이서면 은교리 671-4,35.8136397336455,127.00360385903,,정상가동,99.0,220380,60,2014,,2014-04-28,,470.4,2024-01-29
에프알에너지3호,,전북특별자치도 완주군 이서면 이문리 746 건물상부,35.8220039676446,127.006098431075,,정상가동,99.0,220380,60,2014,,2014-04-28,,470.4,2024-01-29
연지에너지태양광발전소,,전북특별자치도 완주군 이서면 이문리 746-1 건물상부,35.8218840643829,127.006763937687,,정상가동,99.0,220380,60,2014,,2014-04-28,,470.4,2024-01-29
에프알에너지2호,,전북특별자치도 완주군 이서면 이문리 746-2 건물상부,35.8218365302636,127.0074034437,,정상가동,99.0,220380,60,2014,,2014-04-28,,470.4,2024-01-29
영광에너지태양광발전소,,전북특별자치도 완주군 이서면 은교리 671-87 건물상부,35.8138007065417,127.003342953907,,정상가동,99.0,220380,60,2014,,2014-04-30,,480.4,2024-01-29
경화태양광발전소,,전북특별자치도 완주군 삼례읍 금반방촌길 6-5(후정리 88-29) 주1,35.905940565412,127.06975069534,,정상가동,30.0,220380,60,2014,,2014-05-01,,,2024-01-29
양지태양광발전소,,"전북특별자치도 완주군 용진읍 상운리 437,439-1,440-1 건물상부",,,,정상가동,99.45,220380,60,2014,,2014-05-07,,340.22,2024-01-29
한빛태양광발전소,,전북특별자치도 완주군 용진읍 상운리 439 건물상부,35.8923635090809,127.151477717359,,정상가동,99.45,220380,60,2014,,2014-05-07,,340.22,2024-01-29
이오태양광발전소,,전북특별자치도 완주군 이서면 상개리 산146-1번지,35.8197270322415,127.030384499133,,정상가동,99.0,220380,60,2014,,2014-05-07,,,2024-01-29
송산태양광발전소,,"전북특별자치도 완주군 용진읍 상운리 437-1,440 건물상부",,,,정상가동,99.45,220380,60,2014,,2014-05-09,,339.45,2024-01-29
송강마루태양광1호,,전북특별자치도 완주군 상관면 의암리 552,35.7954853355253,127.232699258313,,정상가동,99.0,220380,60,2014,,2014-06-03,,2302.0,2024-01-29
벧엘태양광발전소,,"전북특별자치도 완주군 소양면 명덕리 산 129-8, 14-3,14-4,14-22",,,,정상가동,1000.0,22900,60,2014,,2014-06-16,,12880.0,2024-01-29
보민태양광에너지,,"전북특별자치도 완주군 경천면 가천리 225, 산48번지",36.0416817727115,127.272642393711,,정상가동,1000.0,22900,60,2014,,2014-06-23,,16529.0,2024-01-29
완주1호태양광발전소,,"전북특별자치도 완주군 화산면 운산리 631,632,715",,,,정상가동,383.46,380,60,2014,,2014-07-02,,4746.0,2024-01-29
완주2호태양광발전소,,"전북특별자치도 완주군 화산면 운산리 815,816,824",,,,정상가동,217.14,380,60,2014,,2014-07-02,,1938.3,2024-01-29
완주3호태양광발전소,,"전북특별자치도 완주군 화산면 상호길 103(운산리 831) 건물상부(주1,부1,주2, 143.22kW),토지(69.3kW)",36.0848189663517,127.145899829297,,정상가동,212.52,380,60,2014,,2014-07-02,,1840.0,2024-01-29
구룡1호태양광발전소,,"전북특별자치도 완주군 경천면 석장길 30-17(용복리 503, 502-3)건물상부(주1~5)",36.0597869904024,127.260603951727,,정상가동,179.2,380,60,2014,,2014-07-23,,2870.0,2024-01-29
태조솔라1호태양광발전소,,"전북특별자치도 완주군 삼례읍 신탁리 669-5, 943-1, 668-11, 668-7, 668-9, 668-7, 650-1, 920-17, 651-4, 656-1, 762-1, 655-1, 764-1, 763, 770-1, 767, 768, 415-1, 769, 415-2, 414-5, 411-4, 934-4, 920-20, 410-6, 920-22, 409-1, 408-1, 402-1, 401-1, 403-4, 399-4, 400-2, 920",,,,정상가동,940.0,22900,60,2014,,2014-08-18,,,2024-01-29
구암1호 태양광발전소,,전북특별자치도 완주군 봉동읍 구암리 918,35.9463251852315,127.098296187953,,정상가동,99.11,220380,60,2014,,2014-08-19,,1562.0,2024-01-29
동해1호태양광발전소,,"전북특별자치도 완주군 봉동읍 완주산단5로 106 건물상부(A동, D동)",35.9433056996179,127.12883754344,,정상가동,415.0,380,60,2014,,2014-09-11,,5751.0,2024-01-29
송광사태양광발전소,,전북특별자치도 완주군 소양면 대흥리 520-1,35.8894009026458,127.244048862358,,정상가동,691.6,22900,60,2014,,2014-09-12,,,2024-01-29
윤화태양광발전소,,"전북특별자치도 완주군 봉동읍 구암리 803, 803-1",,,,정상가동,400.0,22900,60,2014,,2014-10-06,,6549.0,2024-01-29
태산태양광발전소,,"전북특별자치도 완주군 비봉면 수선리 444, 445, 443-1",,,,정상가동,199.5,380,60,2014,,2014-10-16,,1858.0,2024-01-29
진 로지스틱일태양광발전소,,전북특별자치도 완주군 완주산단2로 282-22 건물상부(주1),35.9601086000622,127.132157177722,,정상가동,912.8,22900,60,2014,,2014-11-18,,6972.0,2024-01-29
진 로지스틱이태양광발전소,,전북특별자치도 완주군 완주산단2로 282-10 건물상부(주1),35.9596569030258,127.131085253912,,정상가동,812.0,22900,60,2014,,2014-11-18,,6202.0,2024-01-29
진 로지스틱삼태양광발전소,,전북특별자치도 완주군 완주산단2로 276 건물상부(주1),35.9593353176945,127.129946378981,,정상가동,392.0,380,60,2014,,2014-11-18,,2349.06,2024-01-29
엘앤티태양광발전소,,전북특별자치도 완주군 봉동읍 우동로 77(장구리582-5)건물상부(주1),35.9724480759856,127.117154199535,,정상가동,345.0,22900,60,2014,,2014-11-19,,10629.1,2024-01-29
정규태양광발전소,,전북특별자치도 완주군 화산면 운곡리 산24-3,36.0784859599798,127.181017542994,,정상가동,1000.0,22900,60,2014,,2014-11-19,,23237.0,2024-01-29
윤화 태양광발전소,,"전북특별자치도 완주군 봉동읍 구암리 803,803-1",,,,정상가동,99.2,220380,60,2014,,2014-10-06,,5998.0,2024-01-29
대흥리태양광발전소,,전북특별자치도 완주군 소양면 대흥리622 건물상부,35.8763768990143,127.246811650934,,정상가동,70.0,220380,60,2014,,2014-04-29,,229.6,2024-01-29
용현태양광발전소,,전북특별자치도 완주군 화산면 운곡리 428 건물상부,36.0592679136592,127.190117730856,,정상가동,99.0,220380,60,2014,,2014-04-29,,400.0,2024-01-29
봉동1호태양광발전소,,전북특별자치도 완주군 봉동읍 구암리 849,35.9488829800814,127.101458678325,,정상가동,98.8,220380,60,2014,,2014-05-16,,1660.0,2024-01-29
봉동2호태양광발전소,,전북특별자치도 완주군 봉동읍 구암리 849-1,35.9491741750959,127.101347214813,,정상가동,98.8,220380,60,2014,,2014-05-16,,1525.0,2024-01-29
봉동3호태양광발전소,,전북특별자치도 완주군 봉동읍 구암리 849-2,35.9494107529362,127.101344745985,,정상가동,98.8,220380,60,2014,,2014-05-16,,1535.0,2024-01-29
봉동4호태양광발전소,,전북특별자치도 완주군 봉동읍 구암리 849-3,35.9496436307232,127.101348146881,,정상가동,98.8,220380,60,2014,,2014-05-16,,1525.0,2024-01-29
봉동5호태양광발전소,,전북특별자치도 완주군 봉동읍 구암리 849-4,35.9499966248514,127.101267352419,,정상가동,98.8,220380,60,2014,,2014-05-16,,2040.0,2024-01-29
봉동6호 태양광발전소,,전북특별자치도 완주군 봉동읍 구암리 849-5,35.9497148733779,127.101827838294,,정상가동,98.8,220380,60,2014,,2014-05-16,,1910.0,2024-01-29
봉동7호 태양광발전소,,전북특별자치도 완주군 봉동읍 구암리 849-6,35.9493098038795,127.101995017096,,정상가동,98.8,220380,60,2014,,2014-05-16,,1500.0,2024-01-29
봉동8호 태양광발전소,,전북특별자치도 완주군 봉동읍 구암리 849-7,35.9490510016284,127.102060854805,,정상가동,98.8,220380,60,2014,,2014-05-16,,1530.0,2024-01-29
봉동9호 태양광발전소,,전북특별자치도 완주군 봉동읍 구암리 849-8,35.9488222456995,127.102085499104,,정상가동,98.8,220380,60,2014,,2014-05-16,,1650.0,2024-01-29
삼화 태양광발전소,,전북특별자치도 완주군 봉동읍 구암리 849-9,35.9485752349302,127.102062681357,,정상가동,98.8,220380,60,2014,,2014-05-16,,1590.0,2024-01-29
금상 태양광발전소,,전북특별자치도 완주군 삼례읍 하리 341-5 (용와로 81) 건물상부,35.9036383074136,127.103928223383,,정상가동,99.0,220380,60,2014,,2014-05-21,,590.4,2024-01-29
첨화 태양광발전소,,전북특별자치도 완주군 삼례읍 하리 341-13 (용와로 83) 건물상부,35.9038490056805,127.103943785811,,정상가동,99.0,220380,60,2014,,2014-05-21,,590.4,2024-01-29
호남후정 태양광발전소,,"전북특별자치도 완주군 삼례읍 후정리 722-1(대),720-3(철도용지)(건물상부 주1,주2)",,,,정상가동,97.52,220380,60,2014,,2014-06-05,,514.52,2024-01-29
석전1호 태양광발전소,,"전북특별자치도 완주군 삼례읍 석전리 306-4, 306-5 (대)(건물상부, 93.27㎡)",,,,정상가동,30.0,220380,60,2014,,2014-06-05,,93.27,2024-01-29
아이엠4호 태양광발전소,,"전북특별자치도 완주군 봉동읍 둔산리 931-1 (장) (건물상부, 317.25㎡) 주2,주3",,,,정상가동,29.12,220380,60,2014,,2014-06-05,,317.25,2024-01-29
찬일 태양광발전소,,"전북특별자치도 완주군 소양면 화심리 62,62-2 건물상부",,,,정상가동,97.119,220380,60,2014,,2014-06-19,,4987.0,2024-01-29
기영 태양광발전소,,전북특별자치도 완주군 이서면 상개리 585-7(대)(건물상부113.22㎡),35.8209214608175,127.02315544228,,정상가동,19.84,220380,60,2014,,2014-06-20,,113.22,2024-01-29
신지1호 태양광발전소,,"전북특별자치도 완주군 용진읍 신지리 387 (토지위, 6,135㎡)",35.937339931365,127.174798795444,,정상가동,99.0,220380,60,2014,,2014-07-02,,6135.0,2024-01-29
율소 태양광발전소,,전북특별자치도 완주군 봉동읍 율소리 54-2(대)(건물상부 99.32㎡),35.9524187613849,127.179868033786,,정상가동,19.2,220380,60,2014,,2014-07-02,,99.32,2024-01-29
축복 태양광발전소,,전북특별자치도 완주군 봉동읍 낙평신기길 65(대)(건물상부84.04㎡),35.9341412103735,127.156536284797,,정상가동,19.0,220380,60,2014,,2014-07-02,,84.04,2024-01-29
미래1호 태양광발전소,,전북특별자치도 완주군 삼례읍 신금리 374-8(건물상부),35.9279813208301,127.089738883155,,정상가동,99.47,220380,60,2014,,2014-07-08,,381.6,2024-01-29
미래2호 태양광발전소,,전북특별자치도 완주군 삼례읍 신금리 374-7(건물상부),35.9278725755544,127.08920831981,,정상가동,99.47,220380,60,2014,,2014-07-08,,381.6,2024-01-29
지산 태양광발전소,,"전북특별자치도 완주군 이서면 지산길 77-30(대)(건물상부, 115.56㎡)",35.8123727802351,127.031622945202,,정상가동,20.0,220380,60,2014,,2014-07-09,,115.56,2024-01-29
오목 태양광발전소,,"전북특별자치도 완주군 이서면 상개길64(상개리537-20,537-12)(대)(건물상부 82.9㎡)",35.8193371121889,127.023270619325,,정상가동,20.0,220380,60,2014,,2014-07-09,,82.9,2024-01-29
용진 태양광발전소,,"전북특별자치도 완주군 용진읍 상운리 334-1, 334-6(대)(건물상부 256.24㎡)",,,,정상가동,35.245,220380,60,2014,,2014-07-21,,256.24,2024-01-29
형 태양광발전소,,"전북특별자치도 완주군 용진읍 구억리 6-2(답)(토지위 1,500㎡)",35.8789276870803,127.182580102564,,정상가동,99.0,220380,60,2014,,2014-07-22,,1500.0,2024-01-29
문현주 태양광발전소,,전북특별자치도 완주군 소양면 신원상리길 19(신원리 401-9)(종)(건물상부 349.39㎡),35.8559784783276,127.29212000564,,정상가동,39.6,220380,60,2014,,2014-07-22,,349.39,2024-01-29
신정 태양광발전소,,전북특별자치도 완주군 삼례읍 석전리 260-16(대)(건물상부 126.79㎡),35.9277599065666,127.110759867108,,정상가동,30.0,220380,60,2014,,2014-07-29,,126.79,2024-01-29
에스엠 태양광발전소,,전북특별자치도 완주군 봉동읍 구암리 822(창)(건물상부 890㎡),35.953934850888,127.104646830228,,정상가동,87.36,220380,60,2014,,2014-07-29,,890.0,2024-01-29
씨제이원1호 태양광발전소,,"전북특별자치도 완주군 봉동읍 용암리 850-2(장)(건물상부 1,031.17㎡)",35.9371765559563,127.132541334727,,정상가동,98.8,220380,60,2014,,2014-08-04,,1031.0,2024-01-29
영웅2 태양광발전소,,전북특별자치도 완주군 비봉면 수선리 458(답)(토지위 383㎡),36.0219834597376,127.18557743594,,정상가동,30.0,220380,60,2014,,2014-08-12,,383.0,2024-01-29
경호2호 태양광발전소,,전북특별자치도 완주군 구이면 계곡리 113-8(전)(건물상부 387㎡),35.6938579705068,127.118439879017,,정상가동,99.0,220380,60,2014,,2014-08-14,,387.0,2024-01-29
경호3호 태양광발전소,,전북특별자치도 완주군 구이면 계곡리 113-9(전)(건물상부 407.7㎡),35.6939520612429,127.118717222512,,정상가동,99.0,220380,60,2014,,2014-08-14,,407.7,2024-01-29
재원 태양광발전소,,"전북특별자치도 완주군 용진읍 간중리 714,708-2(전)(토지위 1,798㎡)",,,,정상가동,99.12,220380,60,2014,,2014-08-19,,1798.0,2024-01-29
다음 에너지,,전북특별자치도 완주군 소양면 해월리 1007-16(대)(건물상부 97.6㎡),35.8753563380566,127.256990906793,,정상가동,15.0,220380,60,2014,,2014-08-28,,97.6,2024-01-29
석전 태양광발전소2호,,전북특별자치도 완주군 삼례읍 석전리 247-1(답)(건물상부 396.8㎡),35.9298527248248,127.106228277524,,정상가동,99.0,220380,60,2014,,2014-08-28,,396.8,2024-01-29
거성 태양광발전소,,"전북특별자치도 완주군 삼례읍 해전리 1017(답)(건물상부 442.86㎡)(주1,주2)",35.9019973942889,127.040318198552,,정상가동,99.11,220380,60,2014,,2014-08-28,,442.86,2024-01-29
성현 태양광발전소,,"전북특별자치도 완주군 삼례읍 해전리 1017-1(답)(건물상부 442.86㎡)(주1,주2)",35.901990112468,127.039993963803,,정상가동,99.11,220380,60,2014,,2014-08-28,,442.86,2024-01-29
내민 태양광발전소,,"전북특별자치도 완주군 삼례읍 해전리 1017-2(답)(건물상부 442.86㎡)(주1,주2)",35.9019789575869,127.039660089975,,정상가동,99.11,220380,60,2014,,2014-08-28,,442.86,2024-01-29
순옥 태양광발전소,,"전북특별자치도 완주군 삼례읍 해전리 1017-3(답)(건물상부 442.86㎡)(주1,주2)",35.902004027933,127.039338529908,,정상가동,98.6,220380,60,2014,,2014-08-28,,442.86,2024-01-29
경천1호 태양광발전소,,"전북특별자치도 완주군 경천면 가천리 646(전)(건물상부 450㎡)(주1,주2)",36.0379331815201,127.264245724526,,정상가동,99.0,220380,60,2014,,2014-08-28,,450.0,2024-01-29
유정 태양광발전소,,"전북특별자치도 완주군 경천면 가천리 646-1(전)건물상부(주1,주2)",36.0379298363821,127.26457749029,,정상가동,99.0,220380,60,2014,,2014-08-28,,450.0,2024-01-29
완주 태양광발전소,,"전북특별자치도 완주군 경천면 가천리 646-3(전)건물상부 (주1,주2)",36.0379507688914,127.264893136849,,정상가동,99.0,220380,60,2014,,2014-08-28,,450.0,2024-01-29
경천 태양광발전소,,"전북특별자치도 완주군 경천면 가천리 647-7(전)건물상부(주1,주2)",36.0376576938021,127.264197201582,,정상가동,99.0,220380,60,2014,,2014-08-28,,450.0,2024-01-29
희망발전소,,"전북특별자치도 완주군 경천면 가천리 647-12(전)건물상부(주1,주2)",36.0374888419104,127.26434366168,,정상가동,99.0,220380,60,2014,,2014-08-28,,450.0,2024-01-29
서린 태양광발전소,,"전북특별자치도 완주군 경천면 가천리 647-8(전)건물상부(주1,주2)",36.0376666840872,127.264860783279,,정상가동,99.0,220380,60,2014,,2014-08-28,,450.0,2024-01-29
경천7호 태양광발전소,,전북특별자치도 완주군 경천면 가천리 647-16(전)건물상부(주3),36.0374343284662,127.264828936024,,정상가동,50.0,220380,60,2014,,2014-08-28,,450.0,2024-01-29
성민 태양광발전소,,전북특별자치도 완주군 봉동읍 고천리 155(대)(건물상부 128.14㎡),35.9154876945537,127.140444332668,,정상가동,20.0,220380,60,2014,,2014-09-02,,128.14,2024-01-29
구룡2호 태양광발전소,,전북특별자치도 완주군 경천면 용복리 502-5(목)(축사상부),36.0603347729659,127.260345921862,,정상가동,51.0,220380,60,2014,,2014-09-11,,316.46,2024-01-29
그리너스명덕 태양광발전소,,"전북특별자치도 완주군 소양면 명덕리 1013-1,1015-3(전,답)(토지위 1,686㎡)",,,,정상가동,74.76,220380,60,2014,,2014-09-16,,1686.0,2024-01-29
다우 태양광발전소,,"전북특별자치도 완주군 이서면 이성리 536-7(답)(토지위 33.5kw,건물상부 65.5kw)",35.8056872570004,127.046244284956,,정상가동,99.0,220380,60,2014,,2014-09-22,,1517.0,2024-01-29
세안 태양광발전소,,"전북특별자치도 완주군 용진읍 간중리 316-4(전)(토지위 1,322㎡)",35.8922716556369,127.185009437135,,정상가동,82.5,220380,60,2014,,2014-09-25,,1322.0,2024-01-29
행운 태양광발전소,,전북특별자치도 완주군 이서면 상개리 293-21(대)(건물상부 466.8㎡),35.8232205668473,127.034158440702,,정상가동,70.0,220380,60,2014,,2014-10-06,,466.8,2024-01-29
문장 태양광발전소,,"전북특별자치도 완주군 비봉면 소농리 458,459-1(답)(건물상부 243㎡)",,,,정상가동,49.14,220380,60,2014,,2014-10-13,,243.0,2024-01-29
용암2호 태양광발전소,,"전북특별자치도 완주군 상관면 용암리 50-7(전)(토지위 5,378㎡)",35.6920587921891,127.251847233097,,정상가동,99.0,220380,60,2014,,2014-10-22,,5378.0,2024-01-29
찬일2호 태양광발전소,,"전북특별자치도 완주군 소양면 화심리 62,62-2 건물상부",,,,정상가동,97.119,220380,60,2014,,2014-11-13,,584.78,2024-01-29
명곡 태양광발전소,,전북특별자치도 완주군 비봉면 장승길 85(목)(건물상부 540㎡),36.0146803545609,127.130845066296,,정상가동,99.0,220380,60,2014,,2014-11-19,,540.0,2024-01-29
신왕 태양광발전소,,"전북특별자치도 완주군 소양면 해월리 883-7,883-1",,,,정상가동,99.176,220380,60,2014,,2014-11-19,,2569.0,2024-01-29
원창6호 태양광발전소,,"전북특별자치도 완주군 용진읍 용흥리 542-2(전)(토지위 2,975㎡)",35.8913437609829,127.169092534302,,정상가동,98.28,220380,60,2014,,2014-11-19,,2975.0,2024-01-29
한울글로벌태양광발전소,,전북특별자치도 완주군 삼례읍 신금리 363-45(장)(건물상부 988.74㎡),35.9281098912059,127.09448596945,,정상가동,98.28,220380,60,2014,,2014-11-19,,988.74,2024-01-29
응글 태양광발전소,,"전북특별자치도 완주군 소양면 죽절리 199-1,201-1",,,,정상가동,90.2,220380,60,2014,,2014-11-25,,1534.0,2024-01-29
김유 태양광발전소,,전북특별자치도 완주군 용진읍 운곡리 680-1,35.9104373810457,127.172596484102,,정상가동,99.45,220380,60,2014,,2014-11-25,,1800.0,2024-01-29
재희투 태양광발전소,,전북특별자치도 완주군 용진읍 운곡리 680-2,35.9104367853271,127.17288529697,,정상가동,99.45,220380,60,2014,,2014-11-25,,1800.0,2024-01-29
재희쓰리 태양광발전소,,전북특별자치도 완주군 용진읍 운곡리 680-3,35.9105093756075,127.173170281082,,정상가동,99.45,220380,60,2014,,2014-11-25,,1820.0,2024-01-29
윤범 태양광발전소,,전북특별자치도 완주군 용진읍 운곡리 680-4,35.9107856917389,127.173611251943,,정상가동,99.45,220380,60,2014,,2014-11-25,,1805.0,2024-01-29
현우 태양광발전소,,"전북특별자치도 완주군 용진읍 운곡리 647,648-1",,,,정상가동,99.45,220380,60,2014,,2014-11-25,,1853.0,2024-01-29
성수 태양광발전소,,"전북특별자치도 완주군 용진읍 운곡리 647-2,648-9",,,,정상가동,99.45,220380,60,2014,,2014-11-25,,1853.0,2024-01-29
정금사 태양광발전소,,"전북특별자치도 완주군 용진읍 운곡리 647-4,648-11",,,,정상가동,99.45,220380,60,2014,,2014-11-25,,1580.0,2024-01-29
푸른2호 태양광발전소,,"전북특별자치도 완주군 용진읍 운곡리 647-3,648-10",,,,정상가동,99.45,220380,60,2014,,2014-11-25,,1853.0,2024-01-29
새터 태양광발전소,,"전북특별자치도 완주군 용진읍 운곡리 647-1,648-8",,,,정상가동,99.45,220380,60,2014,,2014-11-25,,1853.0,2024-01-29
구암2호 태양광발전소,,"전북특별자치도 완주군 봉동읍 구암리 918-4(전)(토지위 1,678㎡)",35.9461317501422,127.098331193597,,정상가동,99.11,220380,60,2014,,2014-11-27,,1678.0,2024-01-29
구암3호 태양광발전소,,"전북특별자치도 완주군 봉동읍 구암리 918-5(전)(토지위 1,536㎡)",35.9459592559649,127.098326989869,,정상가동,99.11,220380,60,2014,,2014-11-27,,1536.0,2024-01-29
구암4호 태양광발전소,,"전북특별자치도 완주군 봉동읍 구암리 918-6(전)(토지위 1,522㎡)",35.9458398522285,127.098423821347,,정상가동,99.11,220380,60,2014,,2014-11-27,,1522.0,2024-01-29
구암5호 태양광발전소,,"전북특별자치도 완주군 봉동읍 구암리 918-7(전)(토지위 1,730㎡)",35.9456331901206,127.098432875063,,정상가동,99.11,220380,60,2014,,2014-11-27,,1730.0,2024-01-29
우경ENG태양광발전소,,"전북특별자치도 완주군 이서면 이성리 305(장)(토지위 1,291㎡)",35.7997070516724,127.047305967622,,정상가동,44.46,220380,60,2014,,2014-12-05,,1291.0,2024-01-29
해바라기 태양광발전소,,"전북특별자치도 완주군 비봉면 수선리 457-1(답)(1,038㎡)",36.0224178936738,127.185957871531,,정상가동,99.0,220380,60,2014,,2014-12-05,,1038.0,2024-01-29
상신1호 태양광발전소,,전북특별자치도 완주군 삼례읍 신탁리 216-2(대)(건물상부 127.81㎡),35.9083093947028,127.127825521303,,정상가동,20.0,220380,60,2014,,2014-12-08,,127.81,2024-01-29
상신2호 태양광발전소,,"전북특별자치도 완주군 삼례읍 신탁리 217-1, 148-2",,,,정상가동,50.0,220380,60,2014,,2014-12-08,,952.0,2024-01-29
보룡 태양광발전소,,전북특별자치도 완주군 소양면 신원리 1 건물상부,35.8556898975909,127.322562414262,,정상가동,99.0,220380,60,2014,,2014-12-22,,1034.76,2024-01-29
YK 태양광발전소,,전북특별자치도 완주군 삼례읍 해전리 10-15,35.8983213101053,127.053430636771,,정상가동,96.39,220380,60,2014,,2014-12-22,,1139.0,2024-01-29
JS 태양광발전소,,전북특별자치도 완주군 삼례읍 해전리 10-10,35.8985061023568,127.054154627364,,정상가동,96.39,220380,60,2014,,2014-12-22,,1976.0,2024-01-29
HK 태양광발전소,,전북특별자치도 완주군 삼례읍 해전리 10-18,35.898190995399,127.053619628776,,정상가동,96.39,220380,60,2014,,2014-12-22,,985.0,2024-01-29
대송쏠라2호 태양광발전소,,"전북특별자치도 완주군 봉동읍 구암리 934-11(전)(토지위 1,653㎡)",35.9416607698201,127.096567039726,,정상가동,99.0,220380,60,2014,,2014-12-26,,1653.0,2024-01-29
상호 태양광발전소,,전북특별자치도 완주군 용진읍 간중리 818-4(전)(토지위 697㎡),35.893088943665,127.177825789068,,정상가동,50.0,380,60,2014,,2014-12-30,,697.0,2024-01-29
대성3호 태양광발전소,,전북특별자치도 완주군 봉동읍 용암리 211(대)(건물상부 722㎡),35.9567285239954,127.14200134693,,정상가동,60.5,220380,60,2015,,2015-01-29,,722.0,2024-01-29
해담1호 태양광발전소,,전북특별자치도 완주군 고산면 양야리 653-5(답)(건물상부 246.82㎡),35.9528739826038,127.199915962073,,정상가동,49.5,220380,60,2015,,2015-02-03,,246.82,2024-01-29
해담2호 태양광발전소,,전북특별자치도 완주군 고산면 양야리 653-1(답)(건물상부 516.6㎡),35.9529919778847,127.20022651015,,정상가동,99.0,220380,60,2015,,2015-02-03,,516.6,2024-01-29
해담3호 태양광발전소,,전북특별자치도 완주군 고산면 양야리 653-4(답)(건물상부 539.56㎡),35.9529311725495,127.200749093956,,정상가동,99.0,220380,60,2015,,2015-02-03,,539.56,2024-01-29
해담4호 태양광발전소,,전북특별자치도 완주군 고산면 양야리 651(답)(건물상부 539.56㎡),35.95267438618,127.199628375827,,정상가동,99.0,220380,60,2015,,2015-02-03,,539.56,2024-01-29
해담5호 태양광발전소,,전북특별자치도 완주군 고산면 양야리 651-1(답)(건물상부 539.56㎡),35.9526145848554,127.200090883682,,정상가동,99.0,220380,60,2015,,2015-02-03,,539.56,2024-01-29
해담6호 태양광발전소,,전북특별자치도 완주군 고산면 양야리 651-3(답)(건물상부 493.64㎡),35.9523567337853,127.199824322178,,정상가동,99.0,220380,60,2015,,2015-02-03,,493.64,2024-01-29
해담7호 태양광발전소,,전북특별자치도 완주군 고산면 양야리 651-4(답)(건물상부 493.64㎡),35.9522307299728,127.200317253422,,정상가동,99.0,220380,60,2015,,2015-02-03,,493.64,2024-01-29
해담8호 태양광발전소,,전북특별자치도 완주군 고산면 양야리 651-5(답)(건물상부 539.56㎡),35.9520511366437,127.199816458689,,정상가동,99.0,220380,60,2015,,2015-02-03,,539.56,2024-01-29
해담9호 태양광발전소,,전북특별자치도 완주군 고산면 양야리 651-6(답)(건물상부 494.46㎡),35.9518244484842,127.200048766478,,정상가동,99.0,220380,60,2015,,2015-02-03,,494.46,2024-01-29
송강마루2호 태양광발전소,,"전북특별자치도 완주군 상관면 의암리 552-5(전)(토지위 2,413㎡)",35.7951241746547,127.232479281001,,정상가동,99.0,220380,60,2015,,2015-03-06,,2413.0,2024-01-29
해담10호 태양광발전소,,전북특별자치도 완주군 고산면 양야리 652(답)(건물상부),35.9525886025244,127.200538845056,,정상가동,99.0,220380,60,2015,,2015-03-06,,539.56,2024-01-29
해오름 태양광발전소,,전북특별자치도 완주군 동상면 사봉리 1064(전)(토지위 1003㎡),35.9322720068948,127.298825537586,,정상가동,30.0,220380,60,2015,,2015-03-27,,1003.0,2024-01-29
구억 태양광발전소,,"전북특별자치도 완주군 용진읍 구억리 210, 210-1(창)(토지위 47.17kw, 건물상부 51.94kw)",,,,정상가동,99.11,220380,60,2015,,2015-03-27,,,2024-01-29
아폴로2호 태양광발전소,,"전북특별자치도 완주군 용진읍 간중리 15-5(잡)(토지위 2,723㎡)",35.89436731779,127.205789214354,,정상가동,99.0,220380,60,2015,,2015-04-09,,2723.0,2024-01-29
동원1호 태양광발전소,,전북특별자치도 완주군 용진읍 신지리 542-1(대)(건물상부 126.9㎡),35.9308782535591,127.173397196912,,정상가동,20.0,220380,60,2015,,2015-04-09,,126.9,2024-01-29
동원2호 태양광발전소,,전북특별자치도 완주군 용진읍 신지리 542-3(전)(토지위 923㎡),35.9308946457383,127.173154663841,,정상가동,20.0,220380,60,2015,,2015-04-09,,923.0,2024-01-29
광야 태양광발전소,,전북특별자치도 완주군 비봉면 수선리 446(전)(토지위 1080㎡),36.0226885414368,127.186358671643,,정상가동,99.0,220380,60,2015,,2015-04-24,,1080.0,2024-01-29
한빛 태양광발전소,,전북특별자치도 완주군 비봉면 수선리 443-2(전)(토지위 955㎡),36.02199641096,127.186408074305,,정상가동,99.0,220380,60,2015,,2015-04-24,,955.0,2024-01-29
효천 태양광발전소,,"전북특별자치도 완주군 용진읍 구억리 8-1,8-7(대)(건물상부 89.13㎡)",,,,정상가동,18.0,220380,60,2015,,2015-05-08,,89.13,2024-01-29
봉서 태양광발전소,,"전북특별자치도 완주군 용진읍 간중리 481-2,481-3(답)(토지위 2,266㎡)",,,,정상가동,99.0,220380,60,2015,,2015-05-26,,2266.0,2024-01-29
우경ENG1호 태양광발전소,,전북특별자치도 완주군 이서면 이성리 305(건물상부 252㎡),35.7997070516724,127.047305967622,,정상가동,47.5,220380,60,2015,,2015-06-10,,252.0,2024-01-29
송정 태양광발전소,,전북특별자치도 완주군 봉동읍 구만리 1060-2(답)(토지위 1638㎡),35.903680051075,127.146670055142,,정상가동,99.0,220380,60,2015,,2015-06-16,,1638.0,2024-01-29
은지 태양광발전소,,"전북특별자치도 완주군 비봉면 수선리 460(답)(토지위 1,352㎡)",36.0217946818284,127.185965615229,,정상가동,99.2,220380,60,2015,,2015-07-16,,1352.0,2024-01-29
한국동계 태양광발전소,,"전북특별자치도 완주군 이서면 은교리 533-11(임)(토지위 1,281㎡)",35.8082425705888,127.009416533021,,정상가동,99.0,220380,60,2015,,2015-08-12,,1281.0,2024-01-29
봉동 태양광발전소,,전북특별자치도 완주군 봉동읍 봉동로 171(잡)(건물상부 122.74㎡),35.9398227214129,127.166977239286,,정상가동,19.0,220380,60,2015,,2015-08-17,,122.74,2024-01-29
고산태양광발전소,,"전북특별자치도 완주군 고산면 읍내리 873(답)(토지위 1,392㎡)",35.9767391531156,127.204224254073,,정상가동,95.16,380,60,2015,,2015-08-17,,1392.0,2024-01-29
소양 태양광발전소,,"전북특별자치도 완주군 소양면 해월리 산102,산102-1(임)(묘)(토지위 3,818㎡)",35.8664869829981,127.265433329807,,정상가동,99.0,220380,60,2015,,2015-10-27,,3818.0,2024-01-29
옥자3호 태양광발전소,,전북특별자치도 완주군 삼례읍 후정리 160-5(답)(건물상부 54.14㎡),35.9107530926285,127.055294637448,,정상가동,10.08,220380,60,2015,,2015-12-30,,54.14,2024-01-29
울트라태양광발전소,,"전북특별자치도 완주군 봉동읍 완주산단5로 232(용암리 792,793,795)건물상부(가동,마동)",35.9464570980327,127.140385067014,,정상가동,803.0,22900,60,2015,,2015-02-02,,9138.82,2024-01-29
주식회사 아시아태양광발전소,,"전북특별자치도 완주군 봉동읍 테크노밸리로 472(장구리 583-10)건물상부(주1,부1,주2,주3)",35.9668126810626,127.113163013779,,정상가동,990.0,22900,60,2015,,2015-03-13,,12235.2,2024-01-29
에스플랜트8호태양광발전소,,"전북특별자치도 완주군 소양면 신원리 270-2,260,256-1,255-1,254-1,253-1",,,,정상가동,299.0,380,60,2015,,2015-04-15,,7098.0,2024-01-29
솔빛태양광발전소,,전북특별자치도 완주군 비봉면 수선리 441,36.0214696122069,127.186890861674,,정상가동,148.8,380,60,2015,,2015-06-04,,1706.0,2024-01-29
신광에스디에이치태양광발전소,,"전북특별자치도 완주군 봉동읍 둔산1로 18-3(둔산리 948-18,948-19,948-20)건물상부(주1)",35.9533594764676,127.122305530795,,정상가동,580.0,22900,60,2015,,2015-09-14,,9293.11,2024-01-29
신광디에이치태양광발전소,,"전북특별자치도 완주군 봉동읍 완주산단5로 97-19(용암리 803-1)건물상부(주1,부1,부2)",35.9454136262943,127.127898330665,,정상가동,920.0,22900,60,2015,,2015-09-14,,10549.1,2024-01-29
익산1호태양광발전소,,"전북특별자치도 완주군 봉동읍 제내리 763-17,763-38,763-19,752,763-21,751-5,748,747-1,749-1,751-1,753,754-1,763-14,763-20,763-16,1161-7,779,778,776,777-2,785-3,784-1,782",,,,정상가동,463.14,380,60,2015,,2015-10-15,,14351.0,2024-01-29
익산2호태양광발전소,,"전북특별자치도 완주군 봉동읍 제내리 736-26,745-3,745-9,745-8,745-7,745-1,743-9,743-8,743-6,743-5,743-13,743-7,745,745-2,740-8,740-3,739,736-3,736-47,736-24,736-25,산88-16,774-2,775-2",,,,정상가동,496.62,380,60,2015,,2015-10-15,,13855.0,2024-01-29
에스와이에너지태양광발전소,,"전북특별자치도 완주군 봉동읍 완주산단5로 296(용암리 766)건물상부(주1,부1)",35.95215413142,127.139980927708,,정상가동,281.0,380,60,2015,,2015-12-11,,2685.0,2024-01-29
남일플랜트태양광발전소,,"전북특별자치도 완주군 봉동읍 완주산단6로 267(전북과학산업연구단지내, 둔산리 852-7)건물상부(주1,주2,주3, 356.85kW),토지(186.66kW)",35.9687106304875,127.122492507659,,정상가동,543.51,22900,60,2015,,2015-12-21,,10014.65,2024-01-29
완주태양광발전소,,"전북특별자치도 완주군 고산면 남봉로 5-52(남봉리 993-5)건물상부(주1,주2,주3),남봉로 5-56(남봉리 993-4)건물상부(주1,주2,주3)",,,,정상가동,700.0,22900,60,2015,,2015-12-24,,5968.8,2024-01-29
비봉 태양광발전소,,"전북특별자치도 완주군 비봉면 내월리 419(답)(토지위 1,098㎡)",36.0033186230425,127.131744993177,,정상가동,99.0,220380,60,2016,,2016-04-05,,1098.0,2024-01-29
일등 태양광발전소,,전북특별자치도 완주군 비봉면 수선리 463(전)(토지위 509㎡),36.0216541759843,127.186258720193,,정상가동,49.6,220380,60,2016,,2016-04-05,,509.0,2024-01-29
다림솔라 태양광발전소,,전북특별자치도 완주군 소양면 신교리 90-1(전)(건물상부 394.8㎡),35.8546279852541,127.200205066975,,정상가동,66.0,220380,60,2016,,2016-05-03,,394.8,2024-01-29
백도 태양광발전소,,전북특별자치도 완주군 비봉면 백도리 1026-1(답)(토지위 902㎡),36.0130232631591,127.161797207343,,정상가동,99.2,220380,60,2016,,2016-05-30,,902.0,2024-01-29
봉개 태양광발전소,,전북특별자치도 완주군 삼례읍 어전리 779(잡)(건물상부 531㎡),35.9172195287508,127.030634463262,,정상가동,44.0,220380,60,2016,,2016-06-01,,531.0,2024-01-29
준 태양광발전소,,전북특별자치도 완주군 구이면 덕천리 1357-62(대)(토지위 748㎡),35.7271781832045,127.139686821042,,정상가동,10.08,220380,60,2016,,2016-06-14,,748.0,2024-01-29
솔라케어,,"전북특별자치도 완주군 화산면 종리 259,262(답)(토지위 1,299㎡)",,,,정상가동,99.2,220380,60,2016,,2016-06-27,,1299.0,2024-01-29
안지연화산 태양광발전소,,"전북특별자치도 완주군 화산면 종리 260,261(답)(토지위 1,706㎡)",,,,정상가동,99.2,220380,60,2016,,2016-06-27,,1706.0,2024-01-29
은상 태양광발전소,,"전북특별자치도 완주군 봉동읍 은하리 472,38-6(창)(건물상부)",,,,정상가동,99.275,220380,60,2016,,2016-07-21,,1000.0,2024-01-29
준 태양광발전소,,"전북특별자치도 완주군 봉동읍 구암리 691-12(전)(토지위 2,238㎡)",35.9457327587603,127.099003347528,,정상가동,99.0,220380,60,2016,,2016-07-28,,2238.0,2024-01-29
도현 태양광발전소,,"전북특별자치도 완주군 소양면 해월리 881-1,883-8",,,,정상가동,99.0,220380,60,2016,,2016-08-22,,4190.0,2024-01-29
김안웅 태양광발전소,,전북특별자치도 완주군 이서면 상개리 564(대)(건물위 191.82㎡),35.820456279796,127.023364010257,,정상가동,30.0,380,60,2016,,2016-08-22,,191.82,2024-01-29
현주 태양광발전소,,전북특별자치도 완주군 봉동읍 장기리 1186-2(대)(건물위 98.97㎡),35.9416308133943,127.151398453615,,정상가동,14.88,380,60,2016,,2016-09-27,,98.97,2024-01-29
해달별2호 태양광발전소,,"전북특별자치도 완주군 고산면 서봉리 319(답)(토지위 1,958㎡)",35.9882391172424,127.205788975429,,정상가동,99.0,220380,60,2016,,2016-10-04,,1958.0,2024-01-29
천호 태양광발전소,,"전북특별자치도 완주군 비봉면 내월리 790,787,788-1,788-3,789-1(답)(건물위 1617.063㎡)",,,,정상가동,99.0,380,60,2016,,2016-10-06,,1617.063,2024-01-29
천호2호 태양광발전소,,전북특별자치도 완주군 비봉면 내월리 792(목)(건물위 491.6㎡),36.0274109729513,127.126964748634,,정상가동,99.0,380,60,2016,,2016-10-06,,491.6,2024-01-29
금강1호 태양광발전소,,전북특별자치도 완주군 봉동읍 장구리 583-13(장)(건물위 618㎡),35.9674096103322,127.118079895799,,정상가동,99.0,380,60,2016,,2016-11-07,,618.0,2024-01-29
가천1호 태양광발전소,,"전북특별자치도 완주군 경천면 가천리 353-8(임)(토지위 1,785㎡)",36.0336052141499,127.266491221617,,정상가동,99.0,220380,60,2016,,2016-11-14,,1785.0,2024-01-29
가천2호 태양광발전소,,"전북특별자치도 완주군 경천면 가천리 353-7(임)(토지위 1,686㎡)",36.0337993616397,127.266764384513,,정상가동,99.0,220380,60,2016,,2016-11-14,,1686.0,2024-01-29
가천3호 태양광발전소,,"전북특별자치도 완주군 경천면 가천리 353-6(임)(토지위 1,686㎡)",36.0341634733454,127.266837956236,,정상가동,99.0,220380,60,2016,,2016-11-14,,1686.0,2024-01-29
준태양광2호 태양광발전소,,전북특별자치도 완주군 봉동읍 구암리 691-17(전)(토지위 990㎡),35.945639574585,127.099325534607,,정상가동,70.0,380,60,2016,,2016-11-30,,990.0,2024-01-29
전일 태양광발전소,,"전북특별자치도 완주군 이서면 남계리 39-1(전)(토지위 1,730㎡)",35.8526240862393,127.027203019592,,정상가동,99.0,220380,60,2016,,2016-11-23,,1730.0,2024-01-29
건양 태양광발전소,,전북특별자치도 완주군 상관면 신리 281-5(전)(토지위 793㎡),35.7673351754002,127.21622087825,,정상가동,48.96,220380,60,2016,,2016-11-23,,793.0,2024-01-29
금경 태양광발전소,,전북특별자치도 완주군 용진읍 운곡리 13-4(장)(건물위 540㎡),35.902363544319,127.190266937491,,정상가동,99.0,380,60,2016,,2016-11-28,,540.0,2024-01-29
불빛자리 태양광발전소,,전북특별자치도 완주군 고산면 남봉리 696-2(잡)(토지위),35.9603820740622,127.190008370548,,정상가동,99.2,380,60,2016,,2016-12-16,,1975.0,2024-01-29
해담18호 태양광발전소,,전북특별자치도 완주군 고산면 남봉리 584-2(임)(토지위),35.9589905038387,127.189360988185,,정상가동,56.88,380,60,2016,,2016-12-16,,882.0,2024-01-29
해담13호 태양광발전소,,전북특별자치도 완주군 고산면 남봉리 584-15(임)(토지위),35.9599593456265,127.189810704414,,정상가동,99.2,380,60,2016,,2016-12-16,,1472.0,2024-01-29
해담14호 태양광발전소,,전북특별자치도 완주군 고산면 남봉리 584-16(잡)(토지위),35.960053939751,127.189491229768,,정상가동,99.2,380,60,2016,,2016-12-16,,627.2,2024-01-29
해담15호 태양광발전소,,전북특별자치도 완주군 고산면 남봉리 584-18(잡)(토지위),35.9592708016756,127.189295811051,,정상가동,99.2,380,60,2016,,2016-12-16,,627.2,2024-01-29
해담16호 태양광발전소,,전북특별자치도 완주군 고산면 남봉리 584-17(잡)(토지위),35.9598128258121,127.189397758995,,정상가동,99.2,380,60,2016,,2016-12-16,,1472.0,2024-01-29
해담17호 태양광발전소,,전북특별자치도 완주군 고산면 남봉리 584-13(임)(토지위),35.9595157573386,127.189296395583,,정상가동,99.2,380,60,2016,,2016-12-16,,1110.0,2024-01-29
해담22호 태양광발전소,,"전북특별자치도 완주군 고산면 남봉리 584-7(임),584-4(임)(토지위)",,,,정상가동,99.2,380,60,2016,,2016-12-16,,627.2,2024-01-29
해담19호 태양광발전소,,전북특별자치도 완주군 고산면 남봉리 584-1(임)(토지위),35.9600628337885,127.188994738907,,정상가동,99.2,380,60,2016,,2016-12-16,,1681.0,2024-01-29
해담20호 태양광발전소,,"전북특별자치도 완주군 고산면 남봉리 584-3(답),584-11(임)(토지위)",,,,정상가동,99.2,380,60,2016,,2016-12-16,,1586.0,2024-01-29
해담21호 태양광발전소,,"전북특별자치도 완주군 고산면 남봉리 584(답),584-6(임)(토지위)",,,,정상가동,99.2,380,60,2016,,2016-12-16,,1573.0,2024-01-29
해담23호 태양광발전소,,전북특별자치도 완주군 고산면 남봉리 584-8(임)(토지위),35.9592682755499,127.188725248598,,정상가동,99.2,380,60,2016,,2016-12-16,,1315.0,2024-01-29
해담24호 태양광발전소,,전북특별자치도 완주군 고산면 남봉리 584-12(임)(토지위),35.9589643204148,127.18899090236,,정상가동,99.2,380,60,2016,,2016-12-16,,1325.0,2024-01-29
해담25호 태양광발전소,,전북특별자치도 완주군 고산면 남봉리 584-9(임)(토지위),35.9589867906012,127.188456428337,,정상가동,99.2,380,60,2016,,2016-12-16,,1417.0,2024-01-29
해담26호 태양광발전소,,전북특별자치도 완주군 고산면 남봉리 584-10(임)(토지위),35.958673370974,127.188436617325,,정상가동,99.2,380,60,2016,,2016-12-16,,1480.0,2024-01-29
아폴로3호 태양광발전소,,"전북특별자치도 완주군 용진읍 간중리 15-5(잡)(토지위 2,723㎡)",35.89436731779,127.205789214354,,정상가동,99.2,380,60,2016,,2016-12-26,,2723.0,2024-01-29
종암 태양광발전소,,"전북특별자치도 완주군 고산면 삼기리 308-1, 308-7, 308-15(대)(건물위 93.40㎡)",,,,정상가동,15.0,220380,60,2016,,2016-12-28,,93.4,2024-01-29
비전태양광발전소,,전북특별자치도 완주군 이서면 이성리 산40-12,35.8040574035286,127.06758674959,,정상가동,200.0,380,60,2016,,2016-02-01,,5289.0,2024-01-29
이지스태양광발전소,,"전북특별자치도 완주군 소양면 원암로 66(해월리 377-1,대흥리 969-6) 건물상부(주1,주2,부1)",35.8682173731772,127.251402366923,,정상가동,181.5,380,60,2016,,2016-03-14,,3239.0,2024-01-29
일출태양광발전소,,"전북특별자치도 완주군 비봉면 백도리 1034-3,1034-4",,,,정상가동,249.2,380,60,2016,,2016-05-18,,2927.0,2024-01-29
더더태양광발전소,,전북특별자치도 완주군 고산면 서봉리 197,35.9867608647219,127.205396686717,,정상가동,249.2,380,60,2016,,2016-05-18,,2839.0,2024-01-29
연석태양광발전소,,전북특별자치도 완주군 동상면 신월리 산83,35.9434920648293,127.297232699728,,정상가동,992.75,22900,60,2016,,2016-05-24,,19835.0,2024-01-29
쇠다리태양광발전소,,전북특별자치도 완주군 동상면 신월리 산84,35.9452342574598,127.296317874792,,정상가동,198.55,380,60,2016,,2016-05-24,,44297.0,2024-01-29
JB태양광발전소,,"전북특별자치도 완주군 고산면 서봉리 337-3,338-3,339-3,340-5,341-2",,,,정상가동,403.2,380,60,2016,,2016-05-30,,7317.0,2024-01-29
정모태양광,,"전북특별자치도 완주군 봉동읍 구암리 885,885-2",,,,정상가동,240.0,380,60,2016,,2016-06-15,,3359.0,2024-01-29
해달별태양광발전소,,"전북특별자치도 완주군 고산면 서봉리 340-4,340-3,176",,,,정상가동,297.0,380,60,2016,,2016-06-27,,4733.0,2024-01-29
완주그린1호태양광발전소,,"전북특별자치도 완주군 삼례읍 해전리 1-7,5-1,6-1,7-8,1-5,1-16,967-4,5-6(1차 침전지상부, 2차 침전지상부,생물반응조상부, 주차장)",,,,정상가동,812.16,22900,60,2016,,2016-07-14,,10000.0,2024-01-29
본태양광,,"전북특별자치도 완주군 상관면 의암리 664, 665, 666-1, 산251-2",,,,정상가동,300.0,380,60,2016,,2016-08-01,,29990.0,2024-01-29
EM ECO 태양광발전소,,전북특별자치도 완주군 봉동읍 장구리 575-1 건물상부(주1),35.9775320149517,127.118742165574,,정상가동,955.52,22900,60,2016,,2016-09-13,,5762.43,2024-01-29
JK2태양광발전소,,전북특별자치도 완주군 비봉면 소농리 산11,36.0032885010287,127.147774773925,,정상가동,992.64,22900,60,2016,,2016-11-04,,34017.0,2024-01-29
큰빛태양광발전소,,전북특별자치도 완주군 화산면 승치리 3-2,36.0643540290857,127.234365118954,,정상가동,993.51,22900,60,2016,,2016-11-10,,15000.0,2024-01-29
큰나무태양광발전소,,"전북특별자치도 완주군 화산면 승치리 3-1, 3",,,,정상가동,993.51,22900,60,2016,,2016-11-10,,15000.0,2024-01-29
숲속 태양광발전소,,"전북특별자치도 완주군 화산면 화월리 1090, 1091, 1057(전,답)(토지위 574㎡)",,,,정상가동,99.16,380,60,2017,,2017-02-03,,574.0,2024-01-29
일성 태양광발전소,,전북특별자치도 완주군 비봉면 백도리 1034-1(답)(토지위 737㎡),36.0134142598726,127.162032508301,,정상가동,75.37,380,60,2017,,2017-02-03,,737.0,2024-01-29
민영 태양광발전소,,전북특별자치도 완주군 비봉면 수선리 326(답)(토지위 532㎡),36.018884432665,127.184565203688,,정상가동,50.25,380,60,2017,,2017-02-13,,532.0,2024-01-29
산들 태양광발전소,,"전북특별자치도 완주군 비봉면 수선리 324, 325-2(전)(토지위 879㎡)",,,,정상가동,69.68,380,60,2017,,2017-02-13,,879.0,2024-01-29
해태 태양광발전소,,"전북특별자치도 완주군 비봉면 수선리 339-1(답)(토지위 1,068㎡)",36.0185830562827,127.184568605566,,정상가동,99.16,380,60,2017,,2017-02-13,,1068.0,2024-01-29
상록터 태양광발전소,,전북특별자치도 완주군 용진읍 상운길 46-59(대)(건물위 559.94㎡),35.8855688317265,127.155340898372,,정상가동,49.5,380,60,2017,,2017-02-21,,559.94,2024-01-29
남계 태양광발전소,,"전북특별자치도 완주군 이서면 남계리 540-1, 540-3, 742(건물위 861.71㎡)",,,,정상가동,99.0,380,60,2017,,2017-03-06,,861.71,2024-01-29
화란 태양광발전소,,"전북특별자치도 완주군 이서면 이문리 563(답)(토지위 1,628㎡)",35.8242427252923,127.007238998573,,정상가동,99.0,380,60,2017,,2017-03-06,,1628.0,2024-01-29
은채 태양광발전소,,"전북특별자치도 완주군 용진읍 간중리 470(답)(토지위 1,279㎡)",35.8858388995629,127.188028243367,,정상가동,98.56,380,60,2017,,2017-03-06,,1279.0,2024-01-29
위도 태양광발전소,,"전북특별자치도 완주군 이서면 남계리 418(답)(토지위 2,049㎡)",35.8545994464994,127.015645379152,,정상가동,98.8,380,60,2017,,2017-03-06,,2049.0,2024-01-29
식도 태양광발전소,,"전북특별자치도 완주군 이서면 남계리 438-1(답)(토지위 1,567㎡)",35.8538305879666,127.016302929249,,정상가동,98.8,380,60,2017,,2017-03-06,,1567.0,2024-01-29
현대 태양광발전소,,"전북특별자치도 완주군 용진읍 상운리 390-4, 390-24, 391-1(창)(토지위 950㎡, 건물위 188.32㎡)",,,,정상가동,69.16,220380,60,2017,,2017-03-23,,950.0,2024-01-29
영관 태양광발전소,,"전북특별자치도 완주군 비봉면 내월리 565-5(목)(건물위 1,075㎡)",36.0153763269343,127.12897581166,,정상가동,99.96,380,60,2017,,2017-03-23,,1075.0,2024-01-29
정윤1호 태양광발전소,,"전북특별자치도 완주군 봉동읍 은하리 38-5,38-15(토지위)",,,,정상가동,99.0,220380,60,2017,,2017-03-23,,3200.0,2024-01-29
티디씨에너지1호 태양광발전소,,전북특별자치도 완주군 이서면 은교리 617-1(장)(건물위),35.8189294295875,127.011832219687,,정상가동,99.0,220380,60,2017,,2017-04-12,,1662.0,2024-01-29
평원2호 태양광발전소,,전북특별자치도 완주군 비봉면 수선리 477-1(대)(건물위 274㎡),36.020272416509,127.185790639909,,정상가동,19.8,380,60,2017,,2017-04-12,,274.0,2024-01-29
재희7 태양광발전소,,"전북특별자치도 완주군 용진읍 운곡리 678(답)(토지위 2,348㎡)",35.910229020158,127.173467124715,,정상가동,98.56,220380,60,2017,,2017-04-12,,2348.0,2024-01-29
석현 태양광발전소,,"전북특별자치도 완주군 삼례읍 하리 999-2(전)(토지위 1,818㎡)",35.9025428734252,127.093586444431,,정상가동,99.0,220380,60,2017,,2017-04-12,,1818.0,2024-01-29
도명 태양광발전소,,"전북특별자치도 완주군 이서면 이문리 산59(임)(토지위 2,149㎡)",,,,정상가동,99.0,220380,60,2017,,2017-04-12,,2149.0,2024-01-29
계곡5호 태양광발전소,,"전북특별자치도 완주군 구이면 계곡리 174-1,174-14(장)(토지위 3,016㎡)",,,,정상가동,59.4,380,60,2017,,2017-05-01,,3016.0,2024-01-29
금강10호 태양광발전소,,전북특별자치도 완주군 봉동읍 장구리 583-13(장)(토지위 144㎡),35.9674096103322,127.118079895799,,정상가동,20.0,380,60,2017,,2017-05-01,,144.0,2024-01-29
햇빛찬 태양광발전소,,"전북특별자치도 완주군 용진읍 상삼리 209-3(답)(토지위 1,384㎡)",35.8688723295284,127.189452728598,,정상가동,99.0,220380,60,2017,,2017-05-11,,1384.0,2024-01-29
동건 태양광발전소,,전북특별자치도 완주군 소양면 화심리 413-13(목),35.8321989074898,127.26114586455,,정상가동,99.45,220380,60,2017,,2017-05-11,,1414.0,2024-01-29
기연 태양광발전소,,"전북특별자치도 완주군 비봉면 이전리 401-11(잡),401-12(잡)(토지위)",,,,정상가동,97.92,380,60,2017,,2017-06-01,,1066.0,2024-01-29
성골2호 태양광발전소,,"전북특별자치도 완주군 비봉면 이전리 산107(임), 403, 403-1, 406-1, 406-2(답)(토지위 1,164㎡)",,,,정상가동,97.92,380,60,2017,,2017-06-01,,1164.0,2024-01-29
성골3호 태양광발전소,,"전북특별자치도 완주군 비봉면 이전리 403, 403-1(답)(토지위 1,425㎡)",,,,정상가동,97.92,380,60,2017,,2017-06-01,,1831.0,2024-01-29
성골4호 태양광발전소,,"전북특별자치도 완주군 비봉면 이전리 산107(임)(토지위 1,066㎡)",,,,정상가동,97.92,380,60,2017,,2017-06-01,,1066.0,2024-01-29
현무전력발전소,,"전북특별자치도 완주군 비봉면 이전리 401-7(잡),401-8(잡),403-6(잡),816-51(전)(토지위)",,,,정상가동,97.92,380,60,2017,,2017-06-01,,1349.0,2024-01-29
상운1 태양광발전소,,전북특별자치도 완주군 용진읍 상운리 807-3(답)(토지위),35.906748094152,127.139391220963,,정상가동,99.16,380,60,2017,,2017-06-02,,1212.0,2024-01-29
상운2 태양광발전소,,전북특별자치도 완주군 용진읍 상운리 807-40(답)(토지위),35.9066908540641,127.139943021249,,정상가동,99.16,380,60,2017,,2017-06-02,,1188.0,2024-01-29
동방 태양광발전소,,전북특별자치도 완주군 이서면 이성리 622(답)(토지위),35.8083771029706,127.049568101661,,정상가동,99.0,380,60,2017,,2017-06-08,,2151.0,2024-01-29
동신 태양광발전소,,전북특별자치도 완주군 이서면 이성리 622-2(답)(토지위),35.8078735571961,127.049811311009,,정상가동,99.0,380,60,2017,,2017-06-08,,2635.0,2024-01-29
행복소나무2호 태양광발전소,,전북특별자치도 완주군 이서면 이성리 622-5(임)(토지위),35.8087477079255,127.049772136079,,정상가동,99.0,380,60,2017,,2017-07-10,,1116.0,2024-01-29
홍익 태양광발전소,,전북특별자치도 완주군 이서면 이성리 622-3(임)(토지위),35.8092609317901,127.049880887,,정상가동,99.0,380,60,2017,,2017-07-10,,1114.0,2024-01-29
승화 태양광발전소,,전북특별자치도 완주군 이서면 이성리 622-4(임)(토지위),35.8090766388717,127.049844148823,,정상가동,99.0,380,60,2017,,2017-07-10,,1128.0,2024-01-29
세기 태양광발전소,,전북특별자치도 완주군 이서면 이성리 622-10(임)(토지위),35.8079714087002,127.050947773742,,정상가동,99.0,380,60,2017,,2017-07-10,,1368.0,2024-01-29
영원 태양광발전소,,전북특별자치도 완주군 이서면 이성리 622-10(임)(토지위),35.8079714087002,127.050947773742,,정상가동,99.0,380,60,2017,,2017-07-10,,1165.0,2024-01-29
푸른하늘2호 발전소,,전북특별자치도 완주군 이서면 이성리 622-10(임)(토지위),35.8079714087002,127.050947773742,,정상가동,99.0,380,60,2017,,2017-07-10,,1077.0,2024-01-29
현진 태양광발전소,,전북특별자치도 완주군 이서면 남계리 416(답)(토지위),35.8546031756375,127.015382119743,,정상가동,74.52,380,60,2017,,2017-07-10,,830.0,2024-01-29
가은 태양광발전소,,전북특별자치도 완주군 이서면 남계리 416-1(답)(토지위),35.8543017269211,127.015214784573,,정상가동,74.52,380,60,2017,,2017-07-10,,940.0,2024-01-29
남천 태양광발전소,,전북특별자치도 완주군 소양면 화심리 413-12(목)(토지위),35.8321154076271,127.260916936552,,정상가동,90.0,220380,60,2017,,2017-07-10,,1174.0,2024-01-29
모악2호 태양광발전소,,전북특별자치도 완주군 이서면 용서리 179-2(잡)(토지위),35.8290809699624,127.01631911453,,정상가동,99.0,380,60,2017,,2017-07-18,,1233.0,2024-01-29
백제 태양광발전소,,"전북특별자치도 완주군 비봉면 소농리 567(목), 566-2(전)(건물위)",,,,정상가동,185.04,380,60,2017,,2017-08-02,,1234.0,2024-01-29
화심 태양광발전소,,전북특별자치도 완주군 소양면 화심리 547-2 부2(건물위),35.8447885528605,127.269748974026,,정상가동,18.36,220380,60,2017,,2017-08-02,,109.9,2024-01-29
녹색기술 태양광발전소,,전북특별자치도 완주군 화산면 와룡리 384(전)(토지위),36.0153693718732,127.209366885248,,정상가동,99.0,380,60,2017,,2017-08-03,,1474.0,2024-01-29
하늘 태양광발전소,,"전북특별자치도 완주군 화산면 와룡리 384-4, 387(전)(토지위)",,,,정상가동,99.0,380,60,2017,,2017-08-03,,1419.0,2024-01-29
해마루2호 태양광발전소,,전북특별자치도 완주군 화산면 와룡리 387-2(전)(토지위),36.014584916229,127.209999993454,,정상가동,99.0,380,60,2017,,2017-08-03,,1402.0,2024-01-29
솔지구억 태양광발전소,,"전북특별자치도 완주군 용진읍 구억리 96(답)(토지위, 건물위)",35.8783383047539,127.173245856259,,정상가동,99.45,220380,60,2017,,2017-08-08,,2051.0,2024-01-29
신나라 태양광발전소,,"전북특별자치도 완주군 봉동읍 구암리 933-1, 933-2(전)(토지위)",,,,정상가동,99.36,380,60,2017,,2017-08-24,,1661.5,2024-01-29
아리랑 태양광발전소,,전북특별자치도 완주군 봉동읍 장구리 90-3(주)(건물위),35.9728326910913,127.125218326759,,정상가동,97.92,380,60,2017,,2017-08-24,,549.225,2024-01-29
대흥1호 태양광발전소,,전북특별자치도 완주군 소양면 대흥리 893(답)(토지위),35.8714954496694,127.249216730461,,정상가동,97.92,220380,60,2017,,2017-08-28,,949.0,2024-01-29
대흥2호 태양광발전소,,전북특별자치도 완주군 소양면 대흥리 892(답)(토지위),35.8717983349259,127.24909842261,,정상가동,99.45,220380,60,2017,,2017-08-28,,1260.0,2024-01-29
대흥3호 태양광발전소,,전북특별자치도 완주군 소양면 대흥리 887(답)(토지위),35.8717439913923,127.248836597415,,정상가동,50.0,220380,60,2017,,2017-08-28,,1339.0,2024-01-29
대흥4호 태양광발전소,,전북특별자치도 완주군 소양면 대흥리 836-7(답)(토지위),35.8717418229918,127.249404192831,,정상가동,50.0,220380,60,2017,,2017-08-28,,1719.0,2024-01-29
대흥5호 태양광발전소,,전북특별자치도 완주군 소양면 대흥리 895-1(답)(토지위),35.8713186060786,127.249312400574,,정상가동,97.92,220380,60,2017,,2017-08-28,,1818.0,2024-01-29
다성 태양광발전소,,전북특별자치도 완주군 비봉면 대치리 213-2(답)(토지위),36.0425684252026,127.157183620277,,정상가동,99.0,380,60,2017,,2017-09-04,,1099.0,2024-01-29
희윤 태양광발전소,,전북특별자치도 완주군 비봉면 대치리 213-2(답)(토지위),36.0425684252026,127.157183620277,,정상가동,99.0,380,60,2017,,2017-09-04,,1099.0,2024-01-29
해드림태양광발전소,,"전북특별자치도 완주군 소양면 명덕리 828-1,828-5,828-7,827-1,826-4(답)(토지위)",,,,정상가동,99.0,380,60,2017,,2017-09-06,,1356.0,2024-01-29
오썬에너지 태양광발전소,,"전북특별자치도 완주군 소양면 명덕리 828-2,828-6,827-2,826-5(답)(토지위)",,,,정상가동,99.0,380,60,2017,,2017-09-06,,1738.0,2024-01-29
㈜그린베어태양광발전소,,"전북특별자치도 완주군 소양면 명덕리 828,828-4,827,826-3(답)(토지위)",,,,정상가동,99.0,380,60,2017,,2017-09-06,,1283.0,2024-01-29
한울글로벌2호태양광발전소,,전북특별자치도 완주군 삼례읍 신금리 363-45(장)(토지위),35.9281098912059,127.09448596945,,정상가동,99.495,380,60,2017,,2017-09-07,,764.0,2024-01-29
덕동 태양광발전소,,"전북특별자치도 완주군 이서면 이성리 283-2,283-4(창)(건물위)",,,,정상가동,98.55,380,60,2017,,2017-09-08,,961.0,2024-01-29
인혁2호 태양광발전소,,"전북특별자치도 완주군 용진읍 구억리 276-3(전),278-34(임),923-56(답)(토지위)",,,,정상가동,99.4,220380,60,2017,,2017-09-08,,1297.0,2024-01-29
인혁1호 태양광발전소,,전북특별자치도 완주군 용진읍 구억리 276-21(전)(토지위),35.8576414679521,127.168833279978,,정상가동,99.4,220380,60,2017,,2017-09-08,,1460.0,2024-01-29
천호3호 태양광발전소,,전북특별자치도 완주군 비봉면 내월리 831-1(답)(건물위),36.0280744877383,127.127276469495,,정상가동,99.0,380,60,2017,,2017-09-14,,632.48,2024-01-29
진 태양광발전소,,"전북특별자치도 완주군 비봉면 대치리 557(전),566(전),567-2(답)(토지위)",,,,정상가동,99.0,380,60,2017,,2017-09-15,,1164.0,2024-01-29
영 태양광발전소,,"전북특별자치도 완주군 비봉면 대치리 557(전),565-2(답),566(전),567-2(답)(토지위)",,,,정상가동,99.0,380,60,2017,,2017-09-15,,1164.0,2024-01-29
봉서2 태양광발전소,,"전북특별자치도 완주군 용진읍 간중리 481-2, 481-3(답)(토지위)",,,,정상가동,33.6,380,60,2017,,2017-09-15,,205.4,2024-01-29
진현2호 태양광발전소,,전북특별자치도 완주군 삼례읍 하리 406-5(답)(토지위),35.9074752295044,127.102833748097,,정상가동,99.36,220380,60,2017,,2017-09-27,,1300.0,2024-01-29
영일 태양광발전소,,전북특별자치도 완주군 봉동읍 장기리 782-1(대)(건물위),35.9389564298927,127.156557637136,,정상가동,15.12,380,60,2017,,2017-09-27,,98.73,2024-01-29
경진 태양광발전소,,전북특별자치도 완주군 봉동읍 장기리 1186-1(대)(건물위),35.9418373253078,127.151225734237,,정상가동,15.12,380,60,2017,,2017-09-27,,98.97,2024-01-29
상운3 태양광발전소,,"전북특별자치도 완주군 용진읍 상운리 807-17(임),807-46(전),808-15(임),808-6(전)(토지위)",,,,정상가동,99.4,380,60,2017,,2017-10-20,,1440.0,2024-01-29
엘스태양광발전소,,"전북특별자치도 완주군 비봉면 대치리 651-2(답),651-3(전),652(답)(토지위)",,,,정상가동,99.4,220380,60,2017,,2017-10-24,,1067.0,2024-01-29
지아태양광발전소,,전북특별자치도 완주군 비봉면 대치리 652(답)(토지위),36.0332196188299,127.140805604854,,정상가동,29.93,220380,60,2017,,2017-10-24,,451.0,2024-01-29
쏠라플래닛,,"전북특별자치도 완주군 비봉면 대치리 651-1(답)651-2(답),652(답)(토지위)",,,,정상가동,99.4,220380,60,2017,,2017-10-24,,1288.0,2024-01-29
은화 태양광발전소,,전북특별자치도 완주군 이서면 남계리 418(답)(토지위),35.8545994464994,127.015645379152,,정상가동,49.7,220380,60,2017,,2017-10-26,,697.3,2024-01-29
행운 태양광발전소,,전북특별자치도 완주군 삼례읍 삼례리 936-10(대)(건물위),35.9130070431916,127.072524820492,,정상가동,17.5,220380,60,2017,,2017-10-27,,180.56,2024-01-29
지인 태양광발전소,,"전북특별자치도 완주군 용진읍 상삼리 219(답),223-1(답),223-2(전)(토지위)",,,,정상가동,99.75,380,60,2017,,2017-10-27,,1450.0,2024-01-29
대승 태양광발전소,,전북특별자치도 완주군 용진읍 상삼리 223-1(답)(토지위),35.8711911072154,127.188397571215,,정상가동,99.75,380,60,2017,,2017-10-27,,1229.0,2024-01-29
현승 태양광발전소,,전북특별자치도 완주군 용진읍 상삼리 223-1(답)(토지위),35.8711911072154,127.188397571215,,정상가동,99.75,380,60,2017,,2017-10-27,,1416.0,2024-01-29
장숙희1호 태양광발전소,,"전북특별자치도 완주군 구이면 광곡리653(답),653-1(전)(건물위)",,,,정상가동,99.0,220380,60,2017,,2017-10-27,,1611.0,2024-01-29
영관2호 태양광발전소,,"전북특별자치도 완주군 비봉면 내월리 565-1(대),565-5(목)(천호로 793)(건물위)",,,,정상가동,99.045,380,60,2017,,2017-10-27,,650.0,2024-01-29
은빛 태양광발전소,,전북특별자치도 완주군 비봉면 수선리 493(전)(토지위),36.0216855927952,127.185292954026,,정상가동,98.49,380,60,2017,,2017-10-31,,1425.0,2024-01-29
대치 태양광발전소,,전북특별자치도 완주군 비봉면 대치리 213-1(답)(토지위),36.0427557466516,127.157491488227,,정상가동,98.49,380,60,2017,,2017-10-31,,1883.0,2024-01-29
대상 태양광발전소,,전북특별자치도 완주군 비봉면 대치리 619(목)(건물위),36.0380714687897,127.145187723069,,정상가동,98.49,380,60,2017,,2017-10-31,,670.37,2024-01-29
큰별 태양광발전소,,전북특별자치도 완주군 비봉면 봉산리 424(전)(토지위),35.9721468708958,127.163483909412,,정상가동,99.0,380,60,2017,,2017-10-31,,1510.0,2024-01-29
천지 태양광발전소,,전북특별자치도 완주군 비봉면 봉산리 424-1(전)(토지위),35.9718970350371,127.163427294105,,정상가동,99.0,380,60,2017,,2017-10-31,,1379.0,2024-01-29
일명 태양광발전소,,"전북특별자치도 완주군 비봉면 대치리 554-1(답),553(전)(토지위)",,,,정상가동,98.49,380,60,2017,,2017-11-02,,1328.0,2024-01-29
카멜 태양광발전소,,전북특별자치도 완주군 비봉면 대치리 554-1(답)(토지위),36.0379244383999,127.143724968269,,정상가동,98.49,380,60,2017,,2017-11-02,,1322.0,2024-01-29
임복 태양광발전소,,전북특별자치도 완주군 비봉면 대치리 554-4(답)(토지위),36.0371261898286,127.142543444213,,정상가동,98.55,380,60,2017,,2017-11-02,,1428.0,2024-01-29
지은2호 태양광발전소,,전북특별자치도 완주군 비봉면 대치리 554-29(답)(토지위),36.0372863010335,127.143028523731,,정상가동,98.55,380,60,2017,,2017-11-02,,1322.0,2024-01-29
지은1호 태양광발전소,,"전북특별자치도 완주군 비봉면 대치리 554-30(답),554-5(답)(토지위)",,,,정상가동,98.55,380,60,2017,,2017-11-02,,1431.0,2024-01-29
별빛 태양광발전소,,"전북특별자치도 완주군 비봉면 대치리 617-1(답),617-2(답)(토지위)",,,,정상가동,70.35,380,60,2017,,2017-11-03,,842.0,2024-01-29
장군 태양광발전소,,전북특별자치도 완주군 비봉면 대치리 617-2(답)(토지위),36.0373895364465,127.144643979687,,정상가동,98.49,380,60,2017,,2017-11-03,,1454.0,2024-01-29
삼규 태양광발전소,,전북특별자치도 완주군 비봉면 이전리 715(전)(토지위),36.0068505813097,127.184384417018,,정상가동,98.49,380,60,2017,,2017-11-07,,1200.0,2024-01-29
현보 태양광발전소,,전북특별자치도 완주군 비봉면 백도리 977(답)(토지위),36.0102055368044,127.160408898145,,정상가동,99.0,380,60,2017,,2017-11-08,,1731.0,2024-01-29
마니 태양광발전소,,전북특별자치도 완주군 화산면 화평리 234(답)(토지위),36.0334675538635,127.211582187327,,정상가동,97.92,380,60,2017,,2017-11-09,,966.421,2024-01-29
순창 태양광발전소,,"전북특별자치도 완주군 봉동읍 은하리 1004,1004-2(답)(토지위)",,,,정상가동,99.0,380,60,2017,,2017-11-10,,1708.0,2024-01-29
영광 태양광발전소,,"전북특별자치도 완주군 봉동읍 은하리 1004-3(답),1004-4(답),1007-3(답),1007-4(답)(토지위)",,,,정상가동,99.0,380,60,2017,,2017-11-10,,1861.0,2024-01-29
SUNNY 태양광발전소,,"전북특별자치도 완주군 봉동읍 은하리 1004-5(답),1004-6(답),1007-5(답),1007-7(답)(토지위)",,,,정상가동,99.0,380,60,2017,,2017-11-10,,1858.0,2024-01-29
성화1호 태양광발전소,,"전북특별자치도 완주군 봉동읍 은하리 1007-6(답),1007-8(답),1007-9(답),1007-10(답),1007-11(답),1005(답)(토지위)",,,,정상가동,99.0,380,60,2017,,2017-11-10,,1744.0,2024-01-29
성화2호 태양광발전소,,"전북특별자치도 완주군 봉동읍 은하리 1005-25(답),1005-26(답)(토지위)",,,,정상가동,99.0,380,60,2017,,2017-11-10,,1490.0,2024-01-29
한림태양광발전소,,"전북특별자치도 완주군 봉동읍 은하리 1005-27(답),1005-28(답),1005-29(답)(토지위)",,,,정상가동,49.5,380,60,2017,,2017-11-10,,1384.0,2024-01-29
오정백 태양광발전소,,전북특별자치도 완주군 비봉면 대치리 654-4(답)(토지위),36.0338948723645,127.140144394672,,정상가동,99.0,380,60,2017,,2017-11-13,,1297.0,2024-01-29
임명순 태양광발전소,,전북특별자치도 완주군 비봉면 대치리 654-2(답)(토지위),36.0340455577375,127.140606242743,,정상가동,99.0,380,60,2017,,2017-11-13,,1343.0,2024-01-29
소명1호 태양광발전소,,전북특별자치도 완주군 소양면 명덕리 267-5(답)(토지위),35.8632726926691,127.212548762545,,정상가동,30.24,380,60,2017,,2017-11-17,,761.0,2024-01-29
무한동력1 태양광발전소,,전북특별자치도 완주군 봉동읍 구암리 912-5(전)(토지위),35.946084374876,127.099823403193,,정상가동,97.9,380,60,2017,,2017-11-24,,1653.0,2024-01-29
무한동력2 태양광발전소,,전북특별자치도 완주군 봉동읍 구암리 912-6(전)(토지위),35.9457118628296,127.099966463957,,정상가동,97.9,380,60,2017,,2017-11-24,,1653.0,2024-01-29
재인 태양광발전소,,전북특별자치도 완주군 용진읍 간중리 491-8(답)(토지위),35.88575104906,127.18452768109,,정상가동,96.0,380,60,2017,,2017-11-29,,1650.0,2024-01-29
세영 태양광발전소,,전북특별자치도 완주군 용진읍 상삼리 386-1(목)(건물위),35.8654459961299,127.187642360959,,정상가동,99.4,380,60,2017,,2017-12-06,,528.0,2024-01-29
명재 태양광발전소,,"전북특별자치도 완주군 비봉면 수선리 456-2(답),456-3(답)(토지위)",,,,정상가동,98.49,380,60,2017,,2017-12-12,,1306.0,2024-01-29
민들레 태양광발전소,,"전북특별자치도 완주군 비봉면 수선리 465(답),463-1(전)(토지위)",,,,정상가동,98.49,380,60,2017,,2017-12-12,,1570.0,2024-01-29
해피힐 태양광발전소,,전북특별자치도 완주군 비봉면 수선리 239(목)(건물위),36.014042981211,127.18830464337,,정상가동,90.72,380,60,2017,,2017-12-18,,1170.0,2024-01-29
태순1호태양광발전소,,전북특별자치도 완주군 비봉면 소농리 726-19(임)(토지위),36.0009871099773,127.14923372442,,정상가동,99.0,380,60,2017,,2017-12-19,,1500.0,2024-01-29
해머니태양광발전소,,전북특별자치도 완주군 비봉면 소농리 726-18(임)(토지위),36.0012313667532,127.149793952455,,정상가동,99.0,380,60,2017,,2017-12-19,,1500.0,2024-01-29
해강태양광발전소,,"전북특별자치도 완주군 비봉면 소농리 726-15(임), 726-17(임), 726-20(도)(토지위)",,,,정상가동,99.0,380,60,2017,,2017-12-19,,1500.0,2024-01-29
노송 태양광발전소,,전북특별자치도 완주군 비봉면 소농리 726-22(임)(토지위),36.0009212567149,127.150079071591,,정상가동,99.0,380,60,2017,,2017-12-19,,1500.0,2024-01-29
양지 태양광발전소,,"전북특별자치도 완주군 비봉면 소농리 726-11(묘), 726-16(임), 726-21(도), 726-33(임)(토지위)",,,,정상가동,99.0,380,60,2017,,2017-12-19,,1500.0,2024-01-29
미희태양광발전소,,전북특별자치도 완주군 비봉면 소농리 726-30(임)(토지위),36.0004605999901,127.151613302943,,정상가동,99.0,380,60,2017,,2017-12-19,,1500.0,2024-01-29
피오에너지태양광발전소,,전북특별자치도 완주군 비봉면 소농리 726-14(임)(토지위),36.0009044769563,127.151740146966,,정상가동,99.0,380,60,2017,,2017-12-19,,1500.0,2024-01-29
세라태양광발전소,,전북특별자치도 완주군 비봉면 소농리 726-32(임)(토지위),36.0001973140659,127.151070229463,,정상가동,99.0,380,60,2017,,2017-12-19,,1225.0,2024-01-29
벧엘2태양광발전소,,"전북특별자치도 완주군 비봉면 소농리 726-13(묘), 726-24(임)(토지위)",,,,정상가동,99.0,380,60,2017,,2017-12-19,,1500.0,2024-01-29
벧엘태양광발전소,,전북특별자치도 완주군 비봉면 소농리 726-23(임)(토지위),36.0008124576779,127.150383092702,,정상가동,99.0,380,60,2017,,2017-12-19,,1500.0,2024-01-29
수현태양광발전소,,전북특별자치도 완주군 비봉면 소농리 726-25(임)(토지위),36.0003481625026,127.150582736039,,정상가동,99.0,380,60,2017,,2017-12-19,,1500.0,2024-01-29
수로태양광발전소,,전북특별자치도 완주군 비봉면 소농리 726-26(임)(토지위),36.0004653979514,127.150235256297,,정상가동,99.0,380,60,2017,,2017-12-19,,1500.0,2024-01-29
효경태양광발전소,,전북특별자치도 완주군 비봉면 소농리 726-27(임)(토지위),36.0005561814313,127.149923660327,,정상가동,99.0,380,60,2017,,2017-12-19,,1500.0,2024-01-29
하나태양광발전소,,"전북특별자치도 완주군 비봉면 소농리 726-1(잡), 726-2(잡)(토지위)",,,,정상가동,99.0,380,60,2017,,2017-12-19,,1500.0,2024-01-29
건우 태양광발전소,,전북특별자치도 완주군 비봉면 소농리 726-4(잡)(토지위),36.0005565557672,127.151133578817,,정상가동,99.0,380,60,2017,,2017-12-19,,1500.0,2024-01-29
시온태양광발전소,,전북특별자치도 완주군 비봉면 소농리 726-31(임)(토지위),36.0000895612383,127.151400201232,,정상가동,99.0,380,60,2017,,2017-12-19,,1420.0,2024-01-29
민자 태양광발전소,,전북특별자치도 완주군 비봉면 대치리 213-6(토지위),36.0427684889852,127.157807553919,,정상가동,99.28,380,60,2017,,2017-11-14,,2181.0,2024-01-29
숙현태양광발전소,,전북특별자치도 완주군 용진읍 간중리 486-2(답)(토지위),35.8866263262825,127.184889873612,,정상가동,97.11,380,60,2017,,2017-11-21,,1471.0,2024-01-29
진숙태양광발전소,,전북특별자치도 완주군 용진읍 간중리 126(답)(토지위),35.8874828636795,127.190944798926,,정상가동,99.6,380,60,2017,,2017-11-21,,1903.0,2024-01-29
숙자태양광발전소,,전북특별자치도 완주군 용진읍 간중리 459-2(전)(토지위),35.8882869393993,127.188618032284,,정상가동,99.6,380,60,2017,,2017-11-21,,1610.0,2024-01-29
지은태양광발전소,,"전북특별자치도 완주군 용진읍 간중리 459-1(답), 170-1(답)(토지위)",,,,정상가동,99.6,380,60,2017,,2017-11-21,,2948.0,2024-01-29
진현태양광발전소,,"전북특별자치도 완주군 삼례읍 하리 406-3, 406-5",,,,정상가동,297.6,380,60,2017,,2017-02-15,,4710.0,2024-01-29
유정2태양광발전소,,전북특별자치도 완주군 용진읍 간중리 341-31,35.8931293645221,127.189009202639,,정상가동,148.5,380,60,2017,,2017-02-28,,873.0,2024-01-29
라니태양광발전소,,"전북특별자치도 완주군 화산면 승치리 268-4, 268-5, 268-6 건물상부 (주1~주8)",,,,정상가동,149.8,380,60,2017,,2017-05-01,,2584.4,2024-01-29
㈜테크원이엔지,,"전북특별자치도 완주군 봉동읍 둔산리 931-5 건물상부(주1,주2)",35.9582611804999,127.11876497071,,정상가동,200.0,380,60,2017,,2017-05-01,,1478.0,2024-01-29
원진태양광발전소,,전북특별자치도 완주군 봉동읍 테크노밸리로 416 건물상부(1동),35.9621316724241,127.113518724516,,정상가동,248.4,380,60,2017,,2017-05-01,,5435.0,2024-01-29
나사렛태양광발전소,,"전북특별자치도 완주군 용진면 구억리 310-4, 311-1 (토지위115KW-건물위 85KW)",,,,정상가동,200.0,380,60,2017,,2017-05-12,,2596.0,2024-01-29
대진1호태양광발전소,,전북특별자치도 완주군 봉동읍 장구리 582-3 건물상부(주1),35.9728207773224,127.115626611218,,정상가동,399.6,380,60,2017,,2017-05-12,,5950.73,2024-01-29
추원2호태양광발전소,,전북특별자치도 완주군 비봉면 봉산리 산75,35.9872170955396,127.158216936856,,정상가동,992.64,22900,60,2017,,2017-07-20,,15041.0,2024-01-29
우현1태양광발전소,,"전북특별자치도 완주군 용진읍 상운리 794, 799",,,,정상가동,497.14,380,60,2017,,2017-08-08,,6665.0,2024-01-29
아이엠8호태양광발전소,,"전북특별자치도 완주군 봉동읍 완주산단6로 132(주1, 주2), 136(주4) 건물상부",,,,정상가동,194.4,220380,60,2017,,2017-09-20,,990.0,2024-01-29
부경에너지㈜,,"전북특별자치도 완주군 화산면 운산리 677, 677-1, 678",,,,정상가동,498.75,380,60,2017,,2017-09-29,,7475.0,2024-01-29
영동기업태양광발전소,,전북특별자치도 완주군 봉동읍 완주산단2로 273 건물상부,35.9588108753287,127.128870258502,,정상가동,300.0,380,60,2017,,2017-09-29,,4113.0,2024-01-29
대성태양광발전소,,전북특별자치도 완주군 화산면 운산리 677-2,36.0827872882824,127.139978308245,,정상가동,199.5,380,60,2017,,2017-10-13,,2753.0,2024-01-29
문광2호태양광,,"전북특별자치도 완주군 용진읍 용흥리 34-2(답),30-5(답)(토지위)",,,,정상가동,198.0,380,60,2017,,2017-10-17,,2404.0,2024-01-29
한빛태양광,,"전북특별자치도 완주군 용진읍 용흥리 34(답), 30-4(답), 35-3(답)",,,,정상가동,198.0,380,60,2017,,2017-10-17,,2414.0,2024-01-29
강혜영태양광,,"전북특별자치도 완주군 용진읍 용흥리 30(답),35-1(답)(토지위)",,,,정상가동,99.33,380,60,2017,,2017-10-17,,2306.0,2024-01-29
에프알에너지8호태양광발전소,,전북특별자치도 완주군 이서면 이문리 557,35.8238860975541,127.007223362585,,정상가동,204.8,380,60,2017,,2017-10-17,,2778.0,2024-01-29
현선태양광발전소,,"전북특별자치도 완주군 이서면 이문리 557, 558",,,,정상가동,204.8,380,60,2017,,2017-10-17,,2541.0,2024-01-29
장흥태양광발전소,,전북특별자치도 완주군 화산면 운산리 672-1,36.0820793334942,127.13908896873,,정상가동,299.25,380,60,2017,,2017-10-17,,5405.0,2024-01-29
재근2호태양광발전소,,전북특별자치도 완주군 화산면 운산리 672,36.0831223845204,127.139262785051,,정상가동,199.5,380,60,2017,,2017-10-17,,2030.0,2024-01-29
(유)해드림101태양광,,"전북특별자치도 완주군 비봉면 대치리 651-4(잡), 663(잡)(토지위)",,,,정상가동,994.0,22900,60,2017,,2017-10-23,,10215.0,2024-01-29
신화에너지,,전북특별자치도 완주군 화산면 운산리 680-1,36.0823820005821,127.13975420778,,정상가동,200.0,380,60,2017,,2017-10-27,,6000.0,2024-01-29
금화에너지,,전북특별자치도 완주군 화산면 운산리 680-2,36.0820503765633,127.139732637283,,정상가동,200.0,380,60,2017,,2017-10-27,,2031.0,2024-01-29
구하2호태양광발전소,,"전북특별자치도 완주군 비봉면 이전리 3, 3-1, 6",,,,정상가동,198.0,380,60,2017,,2017-10-27,,6091.0,2024-01-29
흥연태양광,,"전북특별자치도 완주군 용진읍 상삼리 392-1, 392-2",,,,정상가동,400.0,380,60,2017,,2017-11-08,,5782.0,2024-01-29
욱이발전소,,전북특별자치도 완주군 봉동읍 구만리 930-4,35.9065601913298,127.14177163765,,정상가동,198.0,380,60,2017,,2017-11-14,,2652.0,2024-01-29
태운이엔지태양광발전소,,전북특별자치도 완주군 봉동읍 은하리 38-8,35.9548691057194,127.166657517491,,정상가동,247.23,380,60,2017,,2017-11-21,,3514.0,2024-01-29
화산골태양광발전소,,"전북특별자치도 완주군 화산면 우월리 470, 471-1, 471-2",,,,정상가동,221.05,380,60,2017,,2017-11-23,,1231.0,2024-01-29
봄빛태양광발전소,,전북특별자치도 완주군 비봉면 대치리 264,36.0426456160027,127.155489609331,,정상가동,196.92,380,60,2017,,2017-12-01,,2114.0,2024-01-29
명덕제태양광발전소,,"전북특별자치도 완주군 소양면 명덕리 1348-2, 1349-2",,,,정상가동,397.0,380,60,2017,,2017-12-01,,2532.0,2024-01-29
현대리뉴어블랩1호태양광발전소,,"전북특별자치도 완주군 봉동읍 둔산리 870-5, 870-8 건물상부",,,,정상가동,686.34,22900,60,2017,,2017-12-14,,13817.0,2024-01-29
완주6 태양광발전소,,"전북특별자치도 완주군 용진읍 상운리 809-8(답),808-3(답)(토지위)",,,,정상가동,99.4,380,60,2018,,2018-01-04,,1254.0,2024-01-29
완주7 태양광발전소,,전북특별자치도 완주군 용진읍 상운리 809-7(답)(토지위),35.9071831532917,127.138119679959,,정상가동,99.4,380,60,2018,,2018-01-04,,1301.0,2024-01-29
완주8 태양광발전소,,전북특별자치도 완주군 용진읍 상운리 809-1(답)(토지위),35.9073482377768,127.137590993024,,정상가동,99.4,380,60,2018,,2018-01-04,,1197.0,2024-01-29
해마루5호 태양광발전소,,전북특별자치도 완주군 구이면 덕천리 1362-1(임)(토지위),35.729907671832,127.141860035144,,정상가동,99.0,380,60,2018,,2018-01-09,,1749.0,2024-01-29
해마루6호 태양광발전소,,전북특별자치도 완주군 구이면 덕천리 1362-2(임)(토지위),35.7295081582691,127.141995061322,,정상가동,99.0,380,60,2018,,2018-01-09,,1961.0,2024-01-29
운산 태양광발전소,,전북특별자치도 완주군 화산면 운산리 829(답)(토지위),36.0839302932023,127.1457351996,,정상가동,99.2,380,60,2018,,2018-01-18,,2036.0,2024-01-29
이월드 태양광발전소,,전북특별자치도 완주군 이서면 남계리 138-1(전)(토지위),35.8620437519487,127.025054676748,,정상가동,99.0,380,60,2018,,2018-02-09,,2281.0,2024-01-29
신건국 태양광발전소,,전북특별자치도 완주군 이서면 남계리 179(전)(토지위),35.8630921688253,127.025541613796,,정상가동,75.0,380,60,2018,,2018-02-09,,909.0,2024-01-29
난종2호 태양광발전소,,전북특별자치도 완주군 화산면 운산리 831-4(전)(토지위),36.0839637494515,127.144974836769,,정상가동,99.4,380,60,2018,,2018-02-19,,2309.3,2024-01-29
유한회사 서희태양광,,전북특별자치도 완주군 이서면 남계리 171-1(답)(토지위),35.8631185434178,127.02483523903,,정상가동,50.0,380,60,2018,,2018-03-06,,724.0,2024-01-29
해빈2호 태양광발전소,,전북특별자치도 완주군 비봉면 소농리 726-28(임)(토지위),36.000673859389,127.149508857028,,정상가동,99.0,380,60,2018,,2018-03-19,,1500.0,2024-01-29
건우2호 태양광발전소,,전북특별자치도 완주군 비봉면 소농리 726-12(임)(토지위),36.0009182007863,127.149711840931,,정상가동,99.0,380,60,2018,,2018-03-19,,1500.0,2024-01-29
한내3호 태양광발전소,,전북특별자치도 완주군 삼례읍 삼례리 1686-4(대)(건물위),35.9095659752568,127.076757136561,,정상가동,20.0,380,60,2018,,2018-03-19,,95.94,2024-01-29
헬스바이오태양광2호,,"전북특별자치도 완주군 이서면 남계리 182-1(전),산182-3(임),182-5(전)(토지위)",,,,정상가동,400.0,380,60,2018,,2018-03-19,,4000.0,2024-01-29
대농1 태양광발전소,,전북특별자치도 완주군 이서면 남계리 415-6(전)(토지위),35.8541665419532,127.014457419485,,정상가동,99.0,380,60,2018,,2018-03-19,,1488.0,2024-01-29
대농2 태양광발전소,,"전북특별자치도 완주군 이서면 남계리 415-1(전),800-4(답)(토지위)",,,,정상가동,99.0,380,60,2018,,2018-03-19,,1154.0,2024-01-29
아폴론 태양광발전소,,"전북특별자치도 완주군 이서면 남계리 415-2(잡),415-3(잡)(토지위)",,,,정상가동,99.0,380,60,2018,,2018-03-19,,1218.0,2024-01-29
목효태양광,,전북특별자치도 완주군 용진읍 구억리 633(답)(토지위),35.8772566799271,127.170370738812,,정상가동,99.45,380,60,2018,,2018-03-23,,1764.0,2024-01-29
서화태양광발전소,,"전북특별자치도 완주군 용진읍 상삼리 산71-1, 485-4, 485-5",,,,정상가동,195.84,380,60,2018,,2018-03-23,,2449.0,2024-01-29
용진태양광발전소,,전북특별자치도 완주군 용진읍 신지리 1229(전)(토지위),35.9159013735594,127.173651456688,,정상가동,97.2,380,60,2018,,2018-04-23,,3491.0,2024-01-29
한국태양발전소,,전북특별자치도 완주군 삼례읍 후정리 170-7(대)(건물위),35.9067493981149,127.052878196757,,정상가동,98.55,380,60,2018,,2018-04-23,,524.88,2024-01-29
해뜨네태양광발전소,,전북특별자치도 완주군 용진읍 상운리 944-133(답)(토지위),35.9073286861446,127.13837062762,,정상가동,99.4,380,60,2018,,2018-04-23,,1352.0,2024-01-29
푸름태양광발전소,,전북특별자치도 완주군 용진읍 상운리 944-132(답)(토지위),35.9075559727234,127.138455659351,,정상가동,99.4,380,60,2018,,2018-04-23,,1356.0,2024-01-29
온수태양광발전소,,전북특별자치도 완주군 용진읍 상운리 944-8(답)(토지위),35.9076142585691,127.138085865708,,정상가동,49.7,380,60,2018,,2018-04-23,,665.0,2024-01-29
정자태양광발전소,,전북특별자치도 완주군 용진읍 간중리 473(답)(토지위),35.8852656506095,127.188752405041,,정상가동,99.36,380,60,2018,,2018-04-23,,1838.0,2024-01-29
민영태양광발전소,,"전북특별자치도 완주군 봉동읍 구만리 931-1(전),932-3(전),930-11(전),930-2(전),932-1(답),930-8(전)(토지위)",,,,정상가동,99.4,380,60,2018,,2018-05-08,,3880.0,2024-01-29
미경발전소,,"전북특별자치도 완주군 봉동읍 구만리 930-10(전),932-5(답),932-6(답),932-7(전)(토지위)",,,,정상가동,99.4,380,60,2018,,2018-05-08,,2654.0,2024-01-29
민호발전소,,"전북특별자치도 완주군 봉동읍 구만리 928-23(임),928-24(임),930-1(전),930-3(전),930-7(전),930-9(전)(토지위)",,,,정상가동,99.4,380,60,2018,,2018-05-08,,2783.0,2024-01-29
성경태양광발전소,,전북특별자치도 완주군 봉동읍 둔산리 924-2(공장용지)(주1)(건물위),35.9556824593632,127.131805623568,,정상가동,59.64,380,60,2018,,2018-05-08,,1653.1,2024-01-29
동주태양광발전소,,전북특별자치도 완주군 봉동읍 둔산리 924-3(공장용지)(주1)(건물위),35.9556812508561,127.132166983805,,정상가동,59.64,380,60,2018,,2018-05-08,,777.64,2024-01-29
대성비봉태양광발전소,,"전북특별자치도 완주군 비봉면 대치리 641(답),642(답),643(답)(토지위)",,,,정상가동,97.92,380,60,2018,,2018-05-08,,1989.0,2024-01-29
상산4호태양광발전소,,전북특별자치도 완주군 용진읍 용흥리 209-3(잡)(토지위),35.8840818946849,127.168164427234,,정상가동,98.75,380,60,2018,,2018-05-08,,1363.0,2024-01-29
솔태양광발전소,,전북특별자치도 완주군 용진읍 용흥리 209-2(잡)(토지위),35.8842685207323,127.16792305963,,정상가동,98.75,380,60,2018,,2018-05-08,,1204.0,2024-01-29
우빈1호태양광발전소,,"전북특별자치도 완주군 용진읍 용흥리 207-3(잡),90-3(잡)(토지위)",,,,정상가동,98.75,380,60,2018,,2018-05-08,,1526.0,2024-01-29
봄태양광발전소,,전북특별자치도 완주군 용진읍 용흥리 206(답)209(전)212-8(답)(토지위),,,,정상가동,98.75,380,60,2018,,2018-05-08,,1440.0,2024-01-29
치우태양광발전소,,"전북특별자치도 완주군 용진읍 용흥리 90-2(잡),206-1(잡)207(답)(토지위)",,,,정상가동,98.75,380,60,2018,,2018-05-08,,1247.0,2024-01-29
등대태양광발전소,,전북특별자치도 완주군 이서면 반교리 650-19(전)(주1)(건물위),35.8247468788016,127.036811846705,,정상가동,99.4,380,60,2018,,2018-05-08,,630.0,2024-01-29
영광태양광발전소,,전북특별자치도 완주군 이서면 이성리 624-3(답)(토지위),35.8089457086391,127.049130972082,,정상가동,99.4,380,60,2018,,2018-05-08,,1420.0,2024-01-29
천호태양광발전소,,전북특별자치도 완주군 이서면 이성리 624-1(답)(토지위),35.8095134172375,127.049342651619,,정상가동,99.4,380,60,2018,,2018-05-08,,1430.0,2024-01-29
다겸태양광발전소,,전북특별자치도 완주군 이서면 이성리 624(답)(토지위),35.8100104565261,127.049139373021,,정상가동,99.4,380,60,2018,,2018-05-08,,1710.0,2024-01-29
은광태양광발전소,,전북특별자치도 완주군 이서면 이성리 624-2(답)(토지위),35.8091834790656,127.049308590629,,정상가동,99.4,380,60,2018,,2018-05-08,,1391.0,2024-01-29
은별태양광발전소,,전북특별자치도 완주군 비봉면 백도리 967-7(답)(토지위),36.0087094641181,127.157712139724,,정상가동,99.96,380,60,2018,,2018-05-30,,1183.0,2024-01-29
부광태양광발전소,,전북특별자치도 완주군 비봉면 백도리 967-6(답)(토지위),36.0089882613024,127.15781396667,,정상가동,99.96,380,60,2018,,2018-05-30,,1065.0,2024-01-29
자연태양광발전소,,전북특별자치도 완주군 용진읍 신지리 1056-5(답)(주1주2)(건물위),35.9199029022278,127.170506136213,,정상가동,97.2,380,60,2018,,2018-05-30,,402.0,2024-01-29
상삼리1호태양광발전소,,"전북특별자치도 완주군 용진읍 상삼리 214-3(잡)(주1,주2)(건물위)",35.8718498454062,127.188962858762,,정상가동,95.63,380,60,2018,,2018-05-30,,655.76,2024-01-29
일광태양광발전소,,전북특별자치도 완주군 화산면 승치리 188-4(전)(토지위),36.0589661728467,127.223553967457,,정상가동,97.6,380,60,2018,,2018-06-12,,1112.0,2024-01-29
태평2호태양광발전소,,전북특별자치도 완주군 화산면 승치리 188-1(전)(토지위),36.0592830175847,127.223083701495,,정상가동,97.6,380,60,2018,,2018-06-12,,1283.0,2024-01-29
영광태양광발전소,,전북특별자치도 완주군 화산면 승치리 188(전)(토지위),36.0591543289949,127.222595639046,,정상가동,97.6,380,60,2018,,2018-06-12,,1217.0,2024-01-29
해든태양광발전소,,"전북특별자치도 완주군 화산면 승치리 188-3(전),189-3(전)(토지위)",,,,정상가동,97.6,380,60,2018,,2018-06-12,,1165.0,2024-01-29
베소라태양광발전소,,"전북특별자치도 완주군 화산면 승치리 187(전),188-7(전),460-2(전)(토지위)",,,,정상가동,97.6,380,60,2018,,2018-06-12,,1172.0,2024-01-29
향란태양광발전소,,"전북특별자치도 완주군 화산면 승치리 187-1(전),188-2(전),188-8(전),189-2(전),460-3(전)(토지위)",,,,정상가동,97.6,380,60,2018,,2018-06-12,,1112.0,2024-01-29
금암태양광발전소,,"전북특별자치도 완주군 화산면 승치리 188-5(전),190-3(창)(토지위)",,,,정상가동,97.6,380,60,2018,,2018-06-12,,1478.0,2024-01-29
가천리태양광발전소2,,"전북특별자치도 완주군 경천면 가천리 336-2(임),336-3(임)(토지위)",,,,정상가동,99.28,380,60,2018,,2018-06-12,,1063.0,2024-01-29
가천리태양광발전소3,,전북특별자치도 완주군 경천면 가천리 336-7(임)(토지위),36.033563828464,127.267390602949,,정상가동,99.28,380,60,2018,,2018-06-12,,1021.0,2024-01-29
가천리태양광발전소1,,"전북특별자치도 완주군 경천면 가천리 336-4(임),336-6(임)(토지위)",,,,정상가동,99.28,380,60,2018,,2018-06-12,,1128.0,2024-01-29
가천리태양광발전소4,,전북특별자치도 완주군 경천면 가천리 336-8(임)(토지위),36.033314306517,127.267297444431,,정상가동,99.28,380,60,2018,,2018-06-12,,769.0,2024-01-29
금호2호태양광발전소,,"전북특별자치도 완주군 이서면 이문리 468-21(임),468-17(전),468-16(임)(토지위)",,,,정상가동,99.36,380,60,2018,,2018-06-12,,1487.0,2024-01-29
금호1호태양광발전소,,"전북특별자치도 완주군 이서면 이문리 468-18(전), 468-15(임)(토지위)",,,,정상가동,99.36,380,60,2018,,2018-06-12,,1572.0,2024-01-29
하나태양광발전소,,"전북특별자치도 완주군 이서면 이문리 468-7(임),468-4(전)(토지위)",,,,정상가동,99.36,380,60,2018,,2018-06-12,,1835.0,2024-01-29
최덕우태양광발전소,,전북특별자치도 완주군 삼례읍 삼례리 925-1(대)(건물위),35.9110389271404,127.074250717539,,정상가동,30.24,380,60,2018,,2018-06-18,,230.0,2024-01-29
진수태양광발전소,,"전북특별자치도 완주군 이서면 남계리 산29-1(임),69-8(전)69-9(전)(토지위)",,,,정상가동,99.45,380,60,2018,,2018-06-28,,1823.0,2024-01-29
청림태양광발전소,,"전북특별자치도 완주군 이서면 남계리 산29-1(임),69-9(전)(토지위)",,,,정상가동,99.45,380,60,2018,,2018-06-28,,1385.0,2024-01-29
준규태양광발전소,,전북특별자치도 완주군 이서면 남계리 산29-1(임)(토지위),,,,정상가동,99.45,380,60,2018,,2018-06-28,,1365.0,2024-01-29
범호태양광발전소,,"전북특별자치도 완주군 이서면 남계리 69-27(도), 69-15(잡)(토지위)",,,,정상가동,99.45,380,60,2018,,2018-06-28,,1600.0,2024-01-29
JK태양광발전소,,"전북특별자치도 완주군 이서면 남계리 산29-1(임),69-9(전)(토지위)",,,,정상가동,99.45,380,60,2018,,2018-06-28,,1490.0,2024-01-29
Sunny1태양광발전소,,"전북특별자치도 완주군 이서면 남계리 산29-1(임),69-9(전)(토지위)",,,,정상가동,99.45,380,60,2018,,2018-06-28,,1350.0,2024-01-29
인성기업2호발전소,,전북특별자치도 완주군 봉동읍 둔산리 926-14(장)(주2)(건물위),35.9569771063714,127.127875179955,,정상가동,99.36,380,60,2018,,2018-07-19,,1363.0,2024-01-29
인성기업1호발전소,,전북특별자치도 완주군 봉동읍 둔산리 926-14(장)(주1)(건물위),35.9569771063714,127.127875179955,,정상가동,99.36,380,60,2018,,2018-07-19,,892.0,2024-01-29
지화태양광발전소,,전북특별자치도 완주군 삼례읍 하리 860-5(장)(주1)(건물위),35.8987821683348,127.094017224797,,정상가동,19.38,380,60,2018,,2018-07-19,,131.25,2024-01-29
구암4호태양광발전소,,"전북특별자치도 완주군 봉동읍 구암리 926-4(임),694-6(전)(토지위)",,,,정상가동,99.4,380,60,2018,,2018-07-19,,1382.0,2024-01-29
구암2호태양광발전소,,"전북특별자치도 완주군 봉동읍 구암리 926-6(임),694-10(전)(토지위)",,,,정상가동,99.4,380,60,2018,,2018-07-19,,1440.0,2024-01-29
구암3호태양광발전소,,"전북특별자치도 완주군 봉동읍 구암리 926-5(임),694-9(전)(토지위)",,,,정상가동,99.4,380,60,2018,,2018-07-19,,1358.0,2024-01-29
센텀시티발전소,,"전북특별자치도 완주군 삼례읍 삼례리 300-9(창),300-76(창)(건물위)",,,,정상가동,99.18,380,60,2018,,2018-07-19,,679.5,2024-01-29
현대리뉴어블랩3호태양광발전소,,전북특별자치도 완주군 봉동읍 용암리 826-1(장)(건물위),35.9418810876638,127.132661236783,,정상가동,96.48,380,60,2018,,2018-07-20,,1792.0,2024-01-29
소성태양광발전소,,전북특별자치도 완주군 소양면 죽절리 243(잡)(토지위),35.8677827060882,127.234970135207,,정상가동,99.28,380,60,2018,,2018-08-07,,530.0,2024-01-29
봉산태양광발전소,,전북특별자치도 완주군 화산면 운곡리 25(목)(건물위),36.0456456939992,127.190649605753,,정상가동,99.4,380,60,2018,,2018-08-07,,1013.0,2024-01-29
봉판태양광발전소,,전북특별자치도 완주군 화산면 운곡리 25(목)(건물위),36.0456456939992,127.190649605753,,정상가동,99.4,380,60,2018,,2018-08-07,,1013.0,2024-01-29
계자태양광발전소,,전북특별자치도 완주군 비봉면 이전리 712(답)(토지위),36.0074812071391,127.183892403692,,정상가동,98.55,380,60,2018,,2018-08-07,,1474.0,2024-01-29
신촌2호태양광,,"전북특별자치도 완주군 소양면 신촌리 273-14(전),15(임),18(묘),19(임),23(전),24(전),26(답),36(답)(토지위)",,,,정상가동,99.45,380,60,2018,,2018-08-07,,1318.0,2024-01-29
신촌1호태양광,,"전북특별자치도 완주군 소양면 신촌리 273-8(전),9(답),17(답)(토지위)",,,,정상가동,99.45,380,60,2018,,2018-08-07,,1381.0,2024-01-29
신촌3호태양광,,"전북특별자치도 완주군 소양면 신촌리 273-27(답),30(전),34(전),37(묘),38(임)(토지위)",,,,정상가동,99.45,380,60,2018,,2018-08-07,,1247.0,2024-01-29
신촌4호태양광,,"전북특별자치도 완주군 소양면 신촌리 273-10(전),13(전),29(답)(토지위)",,,,정상가동,99.45,380,60,2018,,2018-08-07,,1506.0,2024-01-29
아셀태양광발전소,,전북특별자치도 완주군 이서면 남계리 42-1(전)(토지위),35.8522869811567,127.026555290062,,정상가동,99.45,380,60,2018,,2018-08-17,,1072.0,2024-01-29
원대태양광발전소,,전북특별자치도 완주군 이서면 남계리 42-1(전)(토지위),35.8522869811567,127.026555290062,,정상가동,99.45,380,60,2018,,2018-08-17,,1050.0,2024-01-29
지윤상관태양광,,전북특별자치도 완주군 상관면 용암리 5-19(임)(토지위),35.6945472931081,127.257814924928,,정상가동,99.0,380,60,2018,,2018-08-30,,2138.0,2024-01-29
용지태양광,,전북특별자치도 완주군 상관면 용암리 5-31(잡)(토지위),35.6942730163262,127.257865527813,,정상가동,99.0,380,60,2018,,2018-08-30,,1557.0,2024-01-29
연화태양광,,전북특별자치도 완주군 상관면 용암리 5-19(임)(토지위),35.6945472931081,127.257814924928,,정상가동,99.0,380,60,2018,,2018-08-30,,1451.0,2024-01-29
수태양광,,전북특별자치도 완주군 상관면 용암리 5-17(임)(토지위),35.6942562514386,127.256685282187,,정상가동,99.0,380,60,2018,,2018-08-30,,1380.0,2024-01-29
하늘발전,,전북특별자치도 완주군 상관면 용암리 5-17(임)(토지위),35.6942562514386,127.256685282187,,정상가동,99.0,380,60,2018,,2018-08-30,,1505.0,2024-01-29
상관수정발전소,,전북특별자치도 완주군 상관면 용암리 5-17(임)(토지위),35.6942562514386,127.256685282187,,정상가동,99.0,380,60,2018,,2018-08-30,,1552.0,2024-01-29
이미라태양광발전소,,전북특별자치도 완주군 소양면 화심리 463-1(잡)(건물위),35.8375674503421,127.270942476589,,정상가동,75.6,380,60,2018,,2018-08-30,,435.0,2024-01-29
민곤태양광발전소,,전북특별자치도 완주군 소양면 명덕리 892-19(답)(토지위),35.8743895290978,127.203552648405,,정상가동,99.28,380,60,2018,,2018-08-30,,2416.0,2024-01-29
종하태양광발전소,,"전북특별자치도 완주군 소양면 명덕리 892(답),892-20(답)(토지위)",,,,정상가동,99.28,380,60,2018,,2018-08-30,,2416.0,2024-01-29
보람2태양광발전소,,"전북특별자치도 완주군 운주면 구제리 168-7(전),168-14(전)(토지위)",,,,정상가동,97.82,380,60,2018,,2018-09-10,,1273.0,2024-01-29
구제1호태양광발전소,,전북특별자치도 완주군 운주면 구제리 167(잡)(토지위),36.0673284746742,127.247257898201,,정상가동,97.82,380,60,2018,,2018-09-10,,657.0,2024-01-29
구제2호태양광발전소,,"전북특별자치도 완주군 운주면 구제리 168-6(전),168-12(전)(토지위)",,,,정상가동,97.82,380,60,2018,,2018-09-10,,1263.0,2024-01-29
구제3호태양광발전소,,전북특별자치도 완주군 운주면 구제리 168-5(잡)(토지위),36.0676531644037,127.247791400283,,정상가동,97.82,380,60,2018,,2018-09-10,,1009.0,2024-01-29
보람1태양광발전소,,"전북특별자치도 완주군 운주면 구제리 168-3(전),168-9(전)(토지위)",,,,정상가동,97.82,380,60,2018,,2018-09-10,,491.0,2024-01-29
구제4호태양광발전소,,"전북특별자치도 완주군 운주면 구제리 168-4(전),168-10(전)(토지위)",,,,정상가동,97.82,380,60,2018,,2018-09-10,,1263.0,2024-01-29
기전태양광발전소,,"전북특별자치도 완주군 봉동읍 구만리 929-2(전),929-3(전)(토지위)",,,,정상가동,99.4,380,60,2018,,2018-09-10,,1431.0,2024-01-29
기가태양광발전소,,"전북특별자치도 완주군 봉동읍 구만리 929(전), 928-1(임)(토지위)",,,,정상가동,99.4,380,60,2018,,2018-09-10,,1431.0,2024-01-29
기승태양광발전소,,전북특별자치도 완주군 봉동읍 구만리 929-1(전)(토지위),35.906661595704,127.141070920457,,정상가동,99.4,380,60,2018,,2018-09-10,,1431.0,2024-01-29
호영태양광발전소,,"전북특별자치도 완주군 봉동읍 구만리 928-5(잡),928-25(잡)(토지위)",,,,정상가동,98.55,380,60,2018,,2018-09-21,,1822.0,2024-01-29
은희태양광발전소,,전북특별자치도 완주군 봉동읍 구만리 1102-69(잡)(토지위),35.9072684930563,127.141302862632,,정상가동,98.55,380,60,2018,,2018-09-21,,1148.0,2024-01-29
순희태양광발전소,,전북특별자치도 완주군 봉동읍 구만리 1102-70(답)(토지위),35.9075586209342,127.14121220638,,정상가동,98.55,380,60,2018,,2018-09-21,,1351.0,2024-01-29
고연태양광발전소,,전북특별자치도 완주군 용진읍 용흥리 12-8(답)(토지위),35.8862698852531,127.176500586734,,정상가동,99.28,380,60,2018,,2018-10-04,,2668.0,2024-01-29
시온태양광발전소,,"전북특별자치도 완주군 용진읍 용흥리 12-4(답),12-7(답)(토지위)",,,,정상가동,99.28,380,60,2018,,2018-10-04,,2668.0,2024-01-29
미드미태양광발전소,,전북특별자치도 완주군 용진읍 용흥리 25-3(답)(토지위),35.8855109462731,127.174958268159,,정상가동,99.0,380,60,2018,,2018-10-04,,1384.0,2024-01-29
아시아3호태양광발전소,,전북특별자치도 완주군 봉동읍 장구리 583-10(공장용지)(부1)(건물위),35.9671609369746,127.114001527019,,정상가동,96.36,380,60,2018,,2018-10-16,,547.16,2024-01-29
상우태양광발전소,,전북특별자치도 완주군 용진읍 상삼리 424-7(답)(토지위),35.8669233317259,127.190048764492,,정상가동,99.45,380,60,2018,,2018-10-24,,1964.0,2024-01-29
민우태양광발전소,,전북특별자치도 완주군 용진읍 상삼리 424-2(답)(토지위),35.8671096390078,127.189980117713,,정상가동,99.45,380,60,2018,,2018-10-24,,1530.0,2024-01-29
해달별발전소,,전북특별자치도 완주군 용진읍 간중리 492(답)(토지위),35.8856909878685,127.18525494517,,정상가동,99.9,380,60,2018,,2018-10-24,,1514.0,2024-01-29
태양발전소,,전북특별자치도 완주군 용진읍 간중리 492(답)(토지위),35.8856909878685,127.18525494517,,정상가동,99.9,380,60,2018,,2018-10-24,,1652.0,2024-01-29
대호태양광발전소,,전북특별자치도 완주군 용진읍 상삼리 386-5(답)(토지위),35.8651261839408,127.187615255492,,정상가동,99.45,380,60,2018,,2018-10-24,,1652.0,2024-01-29
스타태양광발전소,,전북특별자치도 완주군 용진읍 구억리 868-1(잡)(건물위),35.869988623273,127.162834769405,,정상가동,99.18,380,60,2018,,2018-10-24,,600.0,2024-01-29
신기태양광발전소,,"전북특별자치도 완주군 이서면 남계리 76(답),77-2(답)(토지위)",,,,정상가동,98.55,380,60,2018,,2018-10-24,,1299.0,2024-01-29
윤하태양광발전소,,"전북특별자치도 완주군 이서면 남계리 74-1(전),74-2(전)(토지위)",,,,정상가동,98.56,380,60,2018,,2018-10-24,,1167.0,2024-01-29
화음태양광발전소,,전북특별자치도 완주군 이서면 남계리 76-8(답)(토지위),35.8557069854468,127.02691888873,,정상가동,98.55,380,60,2018,,2018-10-24,,1327.0,2024-01-29
은성태양광발전소,,전북특별자치도 완주군 이서면 남계리 76-5(답)(토지위),35.8561811775621,127.026732394117,,정상가동,98.55,380,60,2018,,2018-10-24,,1378.0,2024-01-29
수재태양광발전소,,전북특별자치도 완주군 이서면 남계리 76-7(답)(토지위),35.855798075695,127.026634178047,,정상가동,98.55,380,60,2018,,2018-10-24,,1243.0,2024-01-29
샤론태양광발전소,,"전북특별자치도 완주군 이서면 남계리 76-4(답),77-5(답)(토지위)",,,,정상가동,98.55,380,60,2018,,2018-10-24,,1145.0,2024-01-29
진국태양광발전소,,전북특별자치도 완주군 이서면 남계리 76-6(답)(토지위),35.8560088486684,127.02677219132,,정상가동,98.55,380,60,2018,,2018-10-24,,1276.0,2024-01-29
영금태양광발전소,,전북특별자치도 완주군 용진읍 상운리 386-1(창)(건물위),35.8907311744585,127.149891119837,,정상가동,66.0,380,60,2018,,2018-10-24,,330.6,2024-01-29
토끼태양광발전소,,"전북특별자치도 완주군 용진읍 간중리 474-2(답),474-3(답)(토지위)",,,,정상가동,99.9,380,60,2018,,2018-10-24,,1754.0,2024-01-29
토끼샘태양광발전소,,"전북특별자치도 완주군 용진읍 간중리 474-2(답),474-3(답)(토지위)",,,,정상가동,99.9,380,60,2018,,2018-10-24,,1698.0,2024-01-29
성재태양광발전소,,전북특별자치도 완주군 고산면 성재리 690-1(장)(건물위),35.9604135620715,127.213115477955,,정상가동,65.91,380,60,2018,,2018-10-30,,544.36,2024-01-29
장선옥상발전소,,전북특별자치도 완주군 운주면 장선리 424-1(대)(건물위),36.0883289412081,127.277481430279,,정상가동,19.0,380,60,2018,,2018-11-19,,102.6,2024-01-29
대보태양광발전소,,전북특별자치도 완주군 봉동읍 장구리 56-4(창)(건물위),35.9749586021428,127.124715432442,,정상가동,99.28,380,60,2018,,2018-11-19,,660.0,2024-01-29
바이오준4호태양광발전소,,전북특별자치도 완주군 비봉면 수선리 141-3(답)(토지위),36.0102813970847,127.184436886461,,정상가동,70.0,380,60,2018,,2018-11-19,,830.0,2024-01-29
삼부자2호태양광발전소,,전북특별자치도 완주군 운주면 장선리 88-15(대)(건물위),36.0797376188324,127.286299714328,,정상가동,19.71,220,60,2018,,2018-11-19,,85.67,2024-01-29
금돌이5호태양광발전소,,"전북특별자치도 완주군 용진읍 상삼리 490(답),491(답)(토지위)",,,,정상가동,99.45,220,60,2018,,2018-11-19,,1603.25,2024-01-29
효진태양광발전소,,"전북특별자치도 완주군 용진읍 상삼리 489-2(답),490(답),491(답)(토지위)",,,,정상가동,99.45,220,60,2018,,2018-11-19,,1603.25,2024-01-29
대한민국태양광발전소,,"전북특별자치도 완주군 용진읍 상삼리 490(답),491(답)(토지위)",,,,정상가동,99.45,220,60,2018,,2018-11-19,,1603.25,2024-01-29
서정2호태양광,,전북특별자치도 완주군 용진읍 상삼리 490-5(답)(토지위),35.8634516299121,127.189755486315,,정상가동,99.45,220,60,2018,,2018-11-19,,1603.25,2024-01-29
한국2호태양발전소,,전북특별자치도 완주군 삼례읍 후정리 170-6(대)(건물위),35.9070788902641,127.052887278333,,정상가동,98.55,380,60,2018,,2018-11-19,,529.2,2024-01-29
평화태양광발전소,,전북특별자치도 완주군 비봉면 백도리 1042-1(답)(토지위),36.0149892357786,127.160636346714,,정상가동,29.93,380,60,2018,,2018-11-19,,529.0,2024-01-29
행복태양광발전소,,전북특별자치도 완주군 비봉면 백도리 1042-5(답)(토지위),36.0146075811835,127.160960152651,,정상가동,98.55,380,60,2018,,2018-11-19,,1185.0,2024-01-29
연금태양광발전소,,전북특별자치도 완주군 비봉면 백도리 1042-6(답)(토지위),36.0141035021622,127.161913006344,,정상가동,98.55,380,60,2018,,2018-11-19,,1308.0,2024-01-29
영대태양광발전소,,전북특별자치도 완주군 이서면 상개리 223-4(장)(건물위),35.8117743090907,127.041509907257,,정상가동,70.0,220380,60,2018,,2018-11-19,,342.0,2024-01-29
강성태양광발전소,,전북특별자치도 완주군 용진읍 상삼리 913-1(대)(건물위),35.8599023242943,127.189292657763,,정상가동,16.17,380,60,2018,,2018-11-19,,119.1,2024-01-29
다선1호태양광발전소,,전북특별자치도 완주군 용진읍 용흥리 16-6(잡)(토지위),35.8861969473797,127.173924039976,,정상가동,99.4,380,60,2018,,2018-12-11,,908.0,2024-01-29
한기수태양광발전소,,전북특별자치도 완주군 용진읍 용흥리 16-13(잡)(토지위),35.8856804523102,127.173916376401,,정상가동,99.4,380,60,2018,,2018-12-11,,1334.0,2024-01-29
충효태양광발전소,,전북특별자치도 완주군 용진읍 용흥리 16-9(잡)(토지위),35.8860454123339,127.174134798362,,정상가동,99.4,380,60,2018,,2018-12-11,,1334.0,2024-01-29
삼덕태양광발전소,,전북특별자치도 완주군 용진읍 용흥리 16-8(잡)(토지위),35.8861357530604,127.174110298834,,정상가동,99.4,380,60,2018,,2018-12-11,,956.0,2024-01-29
한승태양광발전소,,전북특별자치도 완주군 용진읍 용흥리 16-10(잡)(토지위),35.8859070756114,127.174131283765,,정상가동,99.4,380,60,2018,,2018-12-11,,1015.0,2024-01-29
푸른하늘태양광발전소,,전북특별자치도 완주군 용진읍 용흥리 16-11(잡)(토지위),35.8858032821639,127.174358758098,,정상가동,99.4,380,60,2018,,2018-12-11,,836.0,2024-01-29
천마태양광발전소,,전북특별자치도 완주군 용진읍 용흥리 16-1(잡)(토지위),35.8862982236171,127.173940763247,,정상가동,99.4,380,60,2018,,2018-12-11,,1030.0,2024-01-29
화선3호태양광발전소,,전북특별자치도 완주군 용진읍 용흥리 24-34(잡)(토지위),35.8859544084053,127.173932812646,,정상가동,99.4,380,60,2018,,2018-12-11,,878.0,2024-01-29
소인태양광발전소,,전북특별자치도 완주군 소양면 해월리 505-6(장)(건물위),35.8599876109817,127.253111925636,,정상가동,96.0,380,60,2018,,2018-12-11,,495.0,2024-01-29
대둔옥상발전소,,전북특별자치도 완주군 운주면 장선리 25-14(대)(건물위),36.0847355817865,127.28934401023,,정상가동,19.0,380,60,2018,,2018-12-11,,95.04,2024-01-29
용흥태양광발전소,,전북특별자치도 완주군 용진읍 용흥리 14(답)(토지위),35.886029007236,127.175745290343,,정상가동,97.92,380,60,2018,,2018-12-11,,1428.0,2024-01-29
수연태양광발전소,,"전북특별자치도 완주군 봉동읍 제내리 609-3(답),609-9(답)(토지위)",,,,정상가동,99.06,380,60,2018,,2018-12-11,,1147.0,2024-01-29
효진태양광발전소,,"전북특별자치도 완주군 봉동읍 제내리 609-23(답),609-28(답),609-30(답)(토지위)",,,,정상가동,99.06,380,60,2018,,2018-12-11,,1114.0,2024-01-29
재옥태양광발전소,,"전북특별자치도 완주군 봉동읍 제내리 609-25(답),609-32(답),609-33(답)(토지위)",,,,정상가동,99.06,380,60,2018,,2018-12-11,,1733.0,2024-01-29
형순태양광발전소,,"전북특별자치도 완주군 봉동읍 제내리 609-24(답),609-26(답),609-29(답),609-31(답)(토지위)",,,,정상가동,99.06,380,60,2018,,2018-12-11,,1132.0,2024-01-29
바른빛태양광발전소,,전북특별자치도 완주군 비봉면 수선리 690(전)(토지위),36.0101289266314,127.183367229701,,정상가동,98.28,380,60,2018,,2018-12-11,,611.24,2024-01-29
이상썬태양광발전소,,전북특별자치도 완주군 용진읍 용흥리 24-14(답)(토지위),35.8853130161799,127.17347778183,,정상가동,98.56,380,60,2018,,2018-12-21,,1395.0,2024-01-29
미성태양광발전소,,"전북특별자치도 완주군 봉동읍 제내리 615(답),602-1(답)(토지위)",,,,정상가동,99.45,380,60,2018,,2018-12-11,,1238.0,2024-01-29
하준태양광발전소,,"전북특별자치도 완주군 봉동읍 제내리 615-1(답),602-2(답),602-4(답)(토지위)",,,,정상가동,99.45,380,60,2018,,2018-12-11,,990.0,2024-01-29
제내리3호태양광발전소,,"전북특별자치도 완주군 봉동읍 제내리 615-2(답),602-9(답),602-5(답)(토지위)",,,,정상가동,99.45,380,60,2018,,2018-12-11,,1520.0,2024-01-29
탑골태양광발전소,,"전북특별자치도 완주군 봉동읍 제내리 602-10(답),602-3(유),602-6(답),615-3(답)(토지위)",,,,정상가동,99.45,380,60,2018,,2018-12-11,,1297.0,2024-01-29
상산5호태양광발전소,,"전북특별자치도 완주군 용진읍 상삼리 476-1, 477(답)(토지위)",,,,정상가동,98.75,380,60,2018,,2018-12-21,,1605.0,2024-01-29
상산6호태양광발전소,,전북특별자치도 완주군 용진읍 상삼리 476(답)(토지위),35.8635100701359,127.190641707604,,정상가동,28.44,380,60,2018,,2018-12-21,,533.0,2024-01-29
고려철강태양광발전소,,전북특별자치도 완주군 봉동읍 용암리 570(창)(건물위),35.9401573237516,127.136878817668,,정상가동,99.6,380,60,2018,,2018-12-21,,516.01,2024-01-29
백진주2태양광발전소,,전북특별자치도 완주군 구이면 백여리 602(전)(토지위),35.6268306183964,127.106893775793,,정상가동,99.0,380,60,2018,,2018-12-24,,1014.0,2024-01-29
난종1호태양광발전소,,전북특별자치도 완주군 화산면 운산리 831-2(목)(건물위),36.084590252458,127.14521902726,,정상가동,99.4,380,60,2018,,2018-02-02,,1915.0,2024-01-29
해바라기태양광발전소,,전북특별자치도 완주군 화산면 화월리 242-2,36.0209057449152,127.193965741871,,정상가동,498.96,380,60,2018,,2018-01-16,,9818.0,2024-01-29
1004태양광발전소,,"전북특별자치도 완주군 화산면 승치리 871 건물상부(주1, 주2, 주3, 주4, 부1)",36.0790874459446,127.213230084978,,정상가동,97.2,380,60,2018,,2018-01-17,,480.0,2024-01-29
금강태양광발전소,,"전북특별자치도 완주군 구이면 덕천리 1401-1(임), 1401-2(임)(토지위)",,,,정상가동,495.0,380,60,2018,,2018-01-25,,6191.0,2024-01-29
가마재태양광발전소,,전북특별자치도 완주군 화산면 운곡로 320-1 건물상부,36.0652182560972,127.189308865292,,정상가동,200.0,380,60,2018,,2018-02-01,,1933.0,2024-01-29
KCC전주1공장태양광발전소,,전북특별자치도 완주군 봉동읍 과학로 801 건물상부,35.9398446094339,127.122251014477,,정상가동,923.4,22900,60,2018,,2018-02-08,,19900.0,2024-01-29
용진태양광발전소,,"전북특별자치도 완주군 용진읍 상운리 782, 783, 784-1, 784-2, 785, 786",,,,정상가동,493.5,380,60,2018,,2018-02-08,,8417.0,2024-01-29
한국프라임제약2호태양광발전소,,전북특별자치도 완주군 봉동읍 둔산리 863-2 건물상부(주4),35.9652153593899,127.117443281897,,정상가동,210.0,380,60,2018,,2018-02-23,,26446.0,2024-01-29
다래태양광발전소,,전북특별자치도 완주군 화산면 운산리 산93,36.0857536014937,127.14906523397,,정상가동,499.8,380,60,2018,,2018-02-23,,6611.6,2024-01-29
럭키태양광발전소,,"전북특별자치도 완주군 비봉면 봉산리 620, 621 건물상부",,,,정상가동,198.9,380,60,2018,,2018-03-20,,1149.0,2024-01-29
서화에너지태양광발전소,,"전북특별자치도 완주군 용진읍 상삼리 485-8, 485-28, 산71-1",,,,정상가동,299.7,380,60,2018,,2018-03-20,,7334.0,2024-01-29
지일태양광발전소,,전북특별자치도 완주군 이서면 남계리 172-1,35.8621793863331,127.02633948029,,정상가동,275.0,380,60,2018,,2018-03-22,,3098.0,2024-01-29
부흥태양광발전소,,전북특별자치도 완주군 이서면 남계리 181-2,35.8635114436289,127.025060010292,,정상가동,250.0,380,60,2018,,2018-03-22,,3352.0,2024-01-29
남계태양광발전소,,"전북특별자치도 완주군 이서면 남계리 181-3, 178, 180",,,,정상가동,499.0,380,60,2018,,2018-03-22,,5474.0,2024-01-29
헬스태양광발전소,,전북특별자치도 완주군 이서면 남계리 182-2,35.8632275854329,127.02615537003,,정상가동,999.0,22900,60,2018,,2018-03-22,,14786.0,2024-01-29
현대기공1호기태양광발전소,,"전북특별자치도 완주군 봉동읍 장구리 584-3 건물상부(4동, 5동)",35.9644805922118,127.113686712958,,정상가동,299.52,22900,60,2018,,2018-03-22,,1664.0,2024-01-29
현대기공2호기태양광발전소,,"전북특별자치도 완주군 봉동읍 장구리 584-3 건물상부(1동, 2동)",35.9644805922118,127.113686712958,,정상가동,403.2,380,60,2018,,2018-03-22,,2083.0,2024-01-29
유한회사 서희태양광,,전북특별자치도 완주군 이서면 남계리 172-2,35.8619796347329,127.025661827448,,정상가동,275.0,380,60,2018,,2018-03-27,,2714.0,2024-01-29
소양태양광발전소,,"전북특별자치도 완주군 소양면 죽절리 686, 718-73",,,,정상가동,996.84,22900,60,2018,,2018-03-27,,9037.0,2024-01-29
소양예송태양광발전소,,"전북특별자치도 완주군 소양면 죽절리 718-10, 718-71, 718-15, 718-77",,,,정상가동,996.85,22900,60,2018,,2018-03-27,,9845.0,2024-01-29
아율태양광발전소,,"전북특별자치도 완주군 소양면 죽절리 679, 681, 718-14, 718-16, 718-17, 718-18",,,,정상가동,498.42,380,60,2018,,2018-03-27,,5283.0,2024-01-29
(유)새빛태양광발전소,,"전북특별자치도 완주군 소양면 죽절리 671, 718-81",,,,정상가동,996.84,22900,60,2018,,2018-04-10,,9976.0,2024-01-29
아시아2호태양광발전소,,"전북특별자치도 완주군 봉동읍 장구리 583-11 건물상부(주1, 주2)",35.9681328382873,127.113995052781,,정상가동,995.52,22900,60,2018,,2018-04-12,,10958.0,2024-01-29
종촌에너지태양광발전소,,전북특별자치도 완주군 용진읍 상삼리 475,35.8633458219342,127.190439585163,,정상가동,196.56,380,60,2018,,2018-04-16,,2562.0,2024-01-29
지성태양광발전소,,"전북특별자치도 완주군 소양면 명덕리 1347, 1350-2",,,,정상가동,147.56,380,60,2018,,2018-05-16,,2119.0,2024-01-29
태백1태양광발전소,,"전북특별자치도 완주군 용진읍 용흥리 154, 155, 155-1, 566-2, 153, 151-3 건물상부",,,,정상가동,170.82,380,60,2018,,2018-05-21,,1119.0,2024-01-29
히포태양광발전소,,"전북특별자치도 완주군 용진읍 상운리 779-1, 780, 781, 789-3, 789-2, 790, 791, 792-6",,,,정상가동,659.92,22900,60,2018,,2018-06-11,,10869.0,2024-01-29
상운리발전소,,"전북특별자치도 완주군 용진읍 상운리 764-1, 764-2, 764-3",,,,정상가동,495.04,380,60,2018,,2018-06-11,,6609.0,2024-01-29
길승태양광발전소,,전북특별자치도 완주군 봉동읍 장구리 582-2 건물상부(주1),35.9729696033261,127.114370986759,,정상가동,498.2,380,60,2018,,2018-06-25,,4485.0,2024-01-29
화산골2호태양광발전소,,"전북특별자치도 완주군 화산면 운산리 250, 251 건물상부(주1, 주2, 주3, 주4)",,,,정상가동,210.0,380,60,2018,,2018-07-03,,1392.0,2024-01-29
김태운태양광발전소,,전북특별자치도 완주군 삼례읍 해전리 234-6 건물상부,35.8999887243474,127.04431696269,,정상가동,146.88,380,60,2018,,2018-07-03,,985.0,2024-01-29
근만원에너지,,"전북특별자치도 완주군 봉동읍 구암리 551-1, 551-3, 556",,,,정상가동,198.32,380,60,2018,,2018-07-03,,3258.0,2024-01-29
맹순원에너지,,"전북특별자치도 완주군 봉동읍 구암리 551-6, 551-8, 551-9",,,,정상가동,198.0,380,60,2018,,2018-07-03,,3159.0,2024-01-29
경천6호태양광발전소,,"전북특별자치도 완주군 비봉면 수선리 138-1(잡), 138-2(도)(토지위)",,,,정상가동,859.05,22900,60,2018,,2018-07-03,,29157.0,2024-01-29
고산농협태양광발전소,,전북특별자치도 완주군 고산면 고산천로 395-5 건물상부,35.9732304748566,127.185164236675,,정상가동,511.695,22900,60,2018,,2018-07-06,,3861.0,2024-01-29
완주사업소태양광발전소,,전북특별자치도 완주군 봉동읍 장구리 578-11 건물상부,35.9730994921742,127.119709091174,,정상가동,180.0,380,60,2018,,2018-07-06,,1498.0,2024-01-29
상진태양광발전소,,전북특별자치도 완주군 이서면 남계리 174-1,35.8621183535397,127.027228185318,,정상가동,297.84,380,60,2018,,2018-07-18,,3970.0,2024-01-29
전주특강태양광발전소,,"전북특별자치도 완주군 봉동읍 테크노밸리로 439 건물상부(주1, 주2, 주3)",35.964554384313,127.112078465642,,정상가동,248.5,380,60,2018,,2018-07-23,,1426.2,2024-01-29
구암1호태양광발전소,,"전북특별자치도 완주군 봉동읍 구암리 926-7, 694-11, 697-4, 926",,,,정상가동,998.64,22900,60,2018,,2018-07-26,,9930.0,2024-01-29
금평수상태양광발전소,,"전북특별자치도 완주군 이서면 금평리 554-5,554-4,554,554-2,628-19",,,,정상가동,403.0,380,60,2018,,2018-09-03,,2117.6,2024-01-29
이문수상태양광발전소,,"전북특별자치도 완주군 이서면 이문리 289, 299-2, 291-2, 290-1, 290-2, 285, 286, 288, 287, 287-1, 277, 276-1, 282-1, 282-2, 282-3, 283, 284, 279-1, 282-4",,,,정상가동,999.6,22900,60,2018,,2018-09-03,,12123.0,2024-01-29
부강전력태양광발전소,,전북특별자치도 완주군 비봉면 소농리 산18-1(토지위),35.9984009024999,127.150842660273,,정상가동,994.56,22900,60,2018,,2018-09-06,,13615.0,2024-01-29
향미푸드태양광발전소,,전북특별자치도 완주군 비봉면 소농리 산18-1,35.9984009024999,127.150842660273,,정상가동,994.56,22900,60,2018,,2018-09-06,,12547.0,2024-01-29
운곡수상태양광발전소,,"전북특별자치도 완주군 용진면 운곡리 688, 688-1, 707-1",,,,정상가동,499.6,380,60,2018,,2018-09-06,,6102.0,2024-01-29
비봉수상태양광발전소,,"전북특별자치도 완주군 비봉면 수선리 781, 774, 775-2, 1259, 775-1, 산33-2",,,,정상가동,499.6,380,60,2018,,2018-09-06,,6142.0,2024-01-29
더원,,"전북특별자치도 완주군 봉동읍 장구리 578-9 건물상부(주2, 주3)",35.9719373699816,127.118869713384,,정상가동,244.0,380,60,2018,,2018-09-07,,2260.83,2024-01-29
현대리뉴어블랩4호태양광발전소,,"전북특별자치도 완주군 봉동읍 둔산리 926-12, 926-13 건물상부(주1, 주2)",,,,정상가동,397.98,380,60,2018,,2018-09-07,,2340.0,2024-01-29
초원에너지태양광발전소,,전북특별자치도 완주군 비봉면 소농리 산18-1(토지위),35.9984009024999,127.150842660273,,정상가동,994.56,22900,60,2018,,2018-09-11,,12786.0,2024-01-29
금빛전력태양광발전소,,전북특별자치도 완주군 비봉면 소농리 산18-1(토지위),35.9984009024999,127.150842660273,,정상가동,994.56,22900,60,2018,,2018-09-11,,12414.0,2024-01-29
은하수전력태양광발전소,,전북특별자치도 완주군 비봉면 소농리 산18-1,35.9984009024999,127.150842660273,,정상가동,994.56,22900,60,2018,,2018-09-11,,12783.0,2024-01-29
디엠발전,,"전북특별자치도 완주군 봉동읍 둔산리 857-5, 857-1, 857-7, 857-8 건물상부(주2, 주4)",,,,정상가동,496.8,380,60,2018,,2018-09-12,,6032.0,2024-01-29
한율1호태양광발전소,,"전북특별자치도 완주군 봉동읍 장구리 583-5 건물상부(주1, 주2)",35.9692381665472,127.117493807749,,정상가동,493.48,380,60,2018,,2018-09-13,,2357.55,2024-01-29
고산1호태양광발전소,,"전북특별자치도 완주군 고산면 율곡리 683, 218 건물상부",,,,정상가동,149.65,380,60,2018,,2018-09-13,,802.0,2024-01-29
케이아이티태양광발전소,,전북특별자치도 완주군 봉동읍 테크노밸리2로 96(장구리 580-3) 건물상부(주1 2동),35.9710578946761,127.123818798624,,정상가동,496.4,380,60,2018,,2018-09-18,,5551.74,2024-01-29
구제7호태양광발전소,,전북특별자치도 완주군 운주면 구제리 172,36.0678907692871,127.246239861373,,정상가동,149.4,380,60,2018,,2018-09-20,,1922.0,2024-01-29
수앤옥태양광발전소,,전북특별자치도 완주군 구이면 덕천전원길 104-47 건물상부(주1),35.7381057002197,127.130674713518,,정상가동,144.54,380,60,2018,,2018-10-01,,1498.6,2024-01-29
완주창고태양광발전소,,"전북특별자치도 완주군 소양면 해월리 381-18(건물상부 주1, 주2, 주3, 주4, 주5, 주6, 주7)",35.867804107991,127.251938518609,,정상가동,297.36,380,60,2018,,2018-10-01,,1260.0,2024-01-29
신우리1호태양광발전소,,전북특별자치도 완주군 소양면 신원리 171,35.8577714429348,127.296602054532,,정상가동,270.72,380,60,2018,,2018-10-01,,3500.0,2024-01-29
이문1호태양광발전소,,"전북특별자치도 완주군 이서면 이문리 산121-3, 515-1, 515-2",,,,정상가동,498.6,380,60,2018,,2018-10-19,,6698.0,2024-01-29
운산태양광발전소,,"전북특별자치도 완주군 화산면 운산리 267, 265-1, 265-3, 266, 267-1 건물상부(주1, 주2, 주3, 주4)",,,,정상가동,658.35,22900,60,2018,,2018-10-30,,7434.0,2024-01-29
대명태양광발전소,,"전북특별자치도 완주군 고산면 성재리 736-8(건물 위) 주1, 주2, 주3, 부1",,,,정상가동,281.52,380,60,2018,,2018-10-30,,1431.0,2024-01-29
미남태양광발전소,,"전북특별자치도 완주군 화산면 승치리 24, 36-2",,,,정상가동,499.0,380,60,2018,,2018-11-07,,2623.0,2024-01-29
젖소태양광발전소,,"전북특별자치도 완주군 용진읍 상운리 822-3 건물상부(주1, 주2, 주3)",35.9055699116287,127.13391077019,,정상가동,302.4,380,60,2018,,2018-11-07,,1550.0,2024-01-29
백진주태양광발전소,,"전북특별자치도 완주군 구이면 백여리 598-7, 602-2",,,,정상가동,498.18,380,60,2018,,2018-11-14,,6738.0,2024-01-29
㈜삼영메탈태양광발전소,,전북특별자치도 완주군 봉동읍 둔산리 852-3 건물상부(주1),35.9684306244292,127.121686861589,,정상가동,157.68,380,60,2018,,2018-12-06,,785.43,2024-01-29
완주태양광발전소,,"전북특별자치도 완주군 화산면 춘산리 329-2 건물상부(주1, 주2, 주3)",36.0572335374434,127.198268009266,,정상가동,99.88,380,60,2018,,2018-12-06,,1082.0,2024-01-29
써니에너지태양광발전소,,"전북특별자치도 완주군 운주면 구제리 434, 436, 437, 408, 산99",,,,정상가동,897.0,22900,60,2018,,2018-12-27,,7238.0,2024-01-29
햇빛찬소향태양광,,"전북특별자치도 완주군 고산면 소향리 607(답), 614-2(전)(토지위)",,,,정상가동,999.18,22900,60,2018,,2018-12-27,,10784.0,2024-01-29
부교태양광발전소,,전북특별자치도 완주군 소양면 명덕리 880(답)(토지위),35.877510107261,127.204350194585,,정상가동,99.0,380,60,2019,,2019-01-09,,1530.0,2024-01-29
대호태양광발전소,,전북특별자치도 완주군 소양면 명덕리 880-2(답)(토지위),35.8768700091444,127.204896921694,,정상가동,99.0,380,60,2019,,2019-01-09,,1710.0,2024-01-29
농민태양광발전소,,전북특별자치도 완주군 소양면 명덕리 880-1(답)(토지위),35.8772173462903,127.204423637001,,정상가동,99.0,380,60,2019,,2019-01-09,,1550.0,2024-01-29
우월태양광발전소,,전북특별자치도 완주군 화산면 우월리 132-2(답)(건물위),36.0472447151819,127.17951352403,,정상가동,99.0,380,60,2019,,2019-02-12,,689.84,2024-01-29
국일태양광발전소,,전북특별자치도 완주군 비봉면 수선리 456-1(답)(토지위),36.0223812499718,127.185293917067,,정상가동,98.55,380,60,2019,,2019-02-12,,1306.0,2024-01-29
보성물류창고태양광,,전북특별자치도 완주군 봉동읍 장구리 90-5(대)(건물위),35.9722319937985,127.125671060008,,정상가동,35.1,380,60,2019,,2019-02-12,,186.53,2024-01-29
유한회사 코리아전력 태양광,,전북특별자치도 완주군 삼례읍 삼례리 184-9(대)(건물위),35.9235345407078,127.083936562123,,정상가동,99.7,380,60,2019,,2019-02-14,,522.47,2024-01-29
하늘뜰3호태양광발전소,,"전북특별자치도 완주군 고산면 삼기리 945-34(답),945-40(답),945-44(목)(건물위)",,,,정상가동,99.84,380,60,2019,,2019-04-16,,1050.0,2024-01-29
진6호태양광발전소,,"전북특별자치도 완주군 소양면 명덕리 853(답),854(답)(토지위)",,,,정상가동,97.92,380,60,2019,,2019-04-19,,1530.0,2024-01-29
명덕4태양광발전소,,"전북특별자치도 완주군 소양면 명덕리 852-4(답),855-2(답)(토지위)",,,,정상가동,97.92,380,60,2019,,2019-04-19,,1488.0,2024-01-29
산들태양광발전소,,전북특별자치도 완주군 화산면 춘산리 167-1(목)(주1)(건물위),36.0516656302048,127.203783592804,,정상가동,99.9,380,60,2019,,2019-04-29,,669.17,2024-01-29
햇쌀4호태양광발전소,,전북특별자치도 완주군 봉동읍 구만리 960-1(잡)(토지위),35.9050544399092,127.144000104503,,정상가동,99.84,380,60,2019,,2019-04-29,,917.0,2024-01-29
햇쌀3호태양광발전소,,전북특별자치도 완주군 봉동읍 구만리 942-9(잡)(토지위),35.9051416394629,127.143959275072,,정상가동,99.84,380,60,2019,,2019-04-29,,906.0,2024-01-29
VIVD태양광발전소,,전북특별자치도 완주군 봉동읍 구만리 945(잡)(토지위),35.9047307090067,127.144227827772,,정상가동,99.84,380,60,2019,,2019-04-29,,1171.0,2024-01-29
햇쌀1호태양광발전소,,전북특별자치도 완주군 봉동읍 구만리 925-21(답)(토지위),35.9053129005055,127.144389621606,,정상가동,99.84,380,60,2019,,2019-04-29,,1630.0,2024-01-29
햇쌀5호태양광발전소,,전북특별자치도 완주군 봉동읍 구만리 959-1(잡)(토지위),35.9049251765288,127.144095691972,,정상가동,99.84,380,60,2019,,2019-04-29,,916.0,2024-01-29
햇쌀2호태양광발전소,,전북특별자치도 완주군 봉동읍 구만리 942-1(잡)(토지위),35.9053567295021,127.14399068221,,정상가동,99.84,380,60,2019,,2019-04-29,,1177.0,2024-01-29
PYC태양광발전소,,전북특별자치도 완주군 봉동읍 구만리 945-1(잡)(토지위),35.904657605175,127.143787470912,,정상가동,99.84,380,60,2019,,2019-04-29,,1019.0,2024-01-29
동근태양광발전소,,전북특별자치도 완주군 봉동읍 구만리 945-2(전)(토지위),35.9044463550378,127.143936082232,,정상가동,99.84,380,60,2019,,2019-04-29,,1253.0,2024-01-29
구만2호태양광발전소,,전북특별자치도 완주군 봉동읍 구만리 941(잡)(토지위),35.9055556061418,127.142655399968,,정상가동,99.84,380,60,2019,,2019-04-29,,1365.0,2024-01-29
구만5호태양광발전소,,전북특별자치도 완주군 봉동읍 구만리 942-22(답)(토지위),35.9051671075325,127.143085513729,,정상가동,99.84,380,60,2019,,2019-04-29,,1238.0,2024-01-29
신금리태양광발전소,,"전북특별자치도 완주군 삼례읍 신금리 363-48(창),363-49(창)(건물위)",,,,정상가동,98.55,380,60,2019,,2019-04-30,,540.0,2024-01-29
구억태양광발전소,,전북특별자치도 완주군 용진읍 구억리 389(답)(주1)(건물위),35.8617875798976,127.172083847461,,정상가동,99.0,380,60,2019,,2019-05-27,,492.0,2024-01-29
삼봉태양광발전소,,전북특별자치도 완주군 봉동읍 낙평리 1009-1(대)(주1)(건물위),35.9349439721092,127.154359400914,,정상가동,18.98,380,60,2019,,2019-05-28,,104.0,2024-01-29
대명2호태양광발전소,,전북특별자치도 완주군 고산면 성재리 736-9(답)(건물위),35.9587294877551,127.210369043546,,정상가동,49.64,380,60,2019,,2019-06-17,,213.34,2024-01-29
제내솔라1호발전소,,"전북특별자치도 완주군 봉동읍 제내리 612(전),613(답)(토지위)",,,,정상가동,99.9,380,60,2019,,2019-06-27,,979.0,2024-01-29
제내솔라2호발전소,,전북특별자치도 완주군 봉동읍 제내리 613-1(답)(토지위),35.9990651551751,127.122218019293,,정상가동,99.9,380,60,2019,,2019-06-27,,979.0,2024-01-29
은하1호태양광발전소,,"전북특별자치도 완주군 봉동읍 은하리 1079-1(답),1079-2(답)(주2)(부2)(건물위)",,,,정상가동,99.54,380,60,2019,,2019-06-28,,476.9,2024-01-29
은하2호태양광발전소,,"전북특별자치도 완주군 봉동읍 은하리 1079-1(답),1079-2(답)(주1)(부1)(건물위)",,,,정상가동,99.54,380,60,2019,,2019-06-28,,476.9,2024-01-29
복발전소,,"전북특별자치도 완주군 이서면 금계리 1-1(답),2-1(답),3-1(답),4-2(답)(토지위)",,,,정상가동,98.28,380,60,2019,,2019-07-04,,1313.0,2024-01-29
희망태양광발전소,,"전북특별자치도 완주군 이서면 금계리 3(답),4-1(답)(토지위)",,,,정상가동,98.28,380,60,2019,,2019-07-04,,1338.0,2024-01-29
송레이저태양광발전소,,"전북특별자치도 완주군 봉동읍 장구리 56-8, 56-9 건물상부(주1, 주2)",,,,정상가동,194.4,380,60,2019,,2019-01-03,,1252.0,2024-01-29
고려인더태양광발전소,,"전북특별자치도 완주군 봉동읍 용암리 767 건물상부(주1, 주2)",35.9513268958834,127.140509843618,,정상가동,499.2,380,60,2019,,2019-01-03,,4967.9,2024-01-29
나래태양광발전소,,전북특별자치도 완주군 고산면 남봉리 231,35.9682763134136,127.192647019241,,정상가동,499.2,380,60,2019,,2019-01-10,,3521.69,2024-01-29
현대그린발전소,,"전북특별자치도 완주군 계곡리 487-2, 486-2 건물상부(주1, 주2, 주3)",,,,정상가동,499.32,380,60,2019,,2019-01-10,,3379.0,2024-01-29
이쁜걸태양광발전소,,전북특별자치도 완주군 화산면 화평리 251,36.0335612886404,127.207659914597,,정상가동,199.68,380,60,2019,,2019-02-07,,1245.0,2024-01-29
한국그린에너지태양광발전소,,전북특별자치도 완주군 봉동읍 장구리 584-2 건물상부,35.9647676364063,127.113687013552,,정상가동,351.36,380,60,2019,,2019-02-07,,1971.0,2024-01-29
훈태양광발전소,,전북특별자치도 완주군 완주군 봉동읍 구만리 943-2,35.9046272814194,127.143219134888,,정상가동,295.68,380,60,2019,,2019-02-14,,4132.0,2024-01-29
지선태양광발전소,,"전북특별자치도 완주군 소양면 신원리 236, 237",,,,정상가동,347.76,380,60,2019,,2019-02-26,,4248.0,2024-01-29
엠스코태양광발전소,,"전북특별자치도 완주군 봉동읍 둔산리 926-18 건물상부(주1, 주2)",35.9589794800468,127.12753642945,,정상가동,422.24,380,60,2019,,2019-03-28,,2183.43,2024-01-29
하늘뜰2호태양광발전소,,"전북특별자치도 완주군 구산면 삼기리 945-34, 945-40, 945-44 건물상부(주3)",,,,정상가동,199.68,380,60,2019,,2019-04-08,,1375.0,2024-01-29
하늘뜰1호태양광발전소,,"전북특별자치도 완주군 구산면 삼기리 945-34, 945-40, 945-44 건물상부(주1)",,,,정상가동,199.68,380,60,2019,,2019-04-08,,1730.63,2024-01-29
한성태양광발전소,,"전북특별자치도 완주군 소양면 해월리 862-3, 862-17 건물상부",,,,정상가동,106.08,380,60,2019,,2019-04-08,,900.0,2024-01-29
신우산업태양광발전소,,"전북특별자치도 완주군 봉동읍 장구리 578-3 건물상부(주1, 주2)",35.9734143844891,127.121769127036,,정상가동,296.46,380,60,2019,,2019-05-14,,2368.06,2024-01-29
하나정밀태양광발전소,,전북특별자치도 완주군 봉동읍 장구리 587-4 건물상부(주1),35.9651936745904,127.111937134865,,정상가동,298.89,380,60,2019,,2019-05-21,,2056.81,2024-01-29
한승태양광발전소,,전북특별자치도 완주군 비봉면 백도리 1011-2(건물위),36.0100576091577,127.162311155647,,정상가동,399.36,380,60,2019,,2019-06-20,,4033.0,2024-01-29
강산솔라발전소,,전북특별자치도 완주군 용진읍 상삼리 492(답)(토지위),35.8638160897297,127.188729877758,,정상가동,99.88,380,60,2019,,2019-06-27,,1458.0,2024-01-29
햇빛찬서봉발전소,,"전북특별자치도 완주군 고산면 서봉리 617-1, 617-2",,,,정상가동,349.44,380,60,2019,,2019-06-27,,,2024-01-29
해드림서봉발전소,,전북특별자치도 완주군 고산면 서봉리 508,35.9898018492405,127.192547080622,,정상가동,149.76,380,60,2019,,2019-06-27,,,2024-01-29
간중1호태양광발전소,,전북특별자치도 완주군 용진읍 간중리 508-2(답)(토지위),35.8870622296994,127.181840236298,,정상가동,99.84,380,60,2019,,2019-07-09,,1526.0,2024-01-29
간중2호태양광발전소,,전북특별자치도 완주군 용진읍 간중리 508-10(답)(토지위),35.8867900291274,127.182034093007,,정상가동,99.84,380,60,2019,,2019-07-09,,1492.0,2024-01-29
복뎅이발전소,,전북특별자치도 완주군 고산면 남봉리 338-1(전)(건물위),35.97113118676,127.197071189837,,정상가동,92.88,380,60,2019,,2019-07-10,,368.28,2024-01-29
미소태양광발전소,,전북특별자치도 완주군 용진읍 용흥리 14-3(답)(토지위),35.885986449577,127.175449825969,,정상가동,99.84,380,60,2019,,2019-07-18,,990.0,2024-01-29
함께태양광발전소,,전북특별자치도 완주군 용진읍 용흥리 15-1(잡)(토지위),35.8859028038505,127.17496223107,,정상가동,99.84,380,60,2019,,2019-07-18,,916.0,2024-01-29
준혁태양광발전소,,전북특별자치도 완주군 용진읍 용흥리 14-4(잡)(토지위),35.8857445951059,127.17529834066,,정상가동,99.84,380,60,2019,,2019-07-18,,1230.0,2024-01-29
모아태양광발전소,,전북특별자치도 완주군 용진읍 용흥리 14-1(답)(토지위),35.8862665248288,127.175410795098,,정상가동,99.84,380,60,2019,,2019-07-18,,1030.0,2024-01-29
용흥1호태양광발전소,,전북특별자치도 완주군 용진읍 용흥리 15-3(잡)(토지위),35.8863397022535,127.174609454901,,정상가동,99.84,380,60,2019,,2019-07-18,,1113.0,2024-01-29
하나태양광발전소,,전북특별자치도 완주군 용진읍 용흥리 15(잡)(토지위),35.8861317932769,127.174850877021,,정상가동,99.84,380,60,2019,,2019-07-18,,999.0,2024-01-29
이성2호태양광발전소,,전북특별자치도 완주군 이서면 이성리 647(답)(토지위),35.8153914815434,127.046077072948,,정상가동,99.84,380,60,2019,,2019-07-22,,1107.0,2024-01-29
이성1호태양광발전소,,전북특별자치도 완주군 이서면 이성리 647(답)(토지위),35.8153914815434,127.046077072948,,정상가동,99.84,380,60,2019,,2019-07-22,,1042.0,2024-01-29
이성3호태양광발전소,,전북특별자치도 완주군 이서면 이성리 647(답)(토지위),35.8153914815434,127.046077072948,,정상가동,99.84,380,60,2019,,2019-07-22,,1306.0,2024-01-29
이엠1호태양광발전소,,전북특별자치도 완주군 봉동읍 둔산리 868-21(장)(주1)(건물위),35.9585281167433,127.115918597816,,정상가동,99.45,380,60,2019,,2019-07-25,,480.35,2024-01-29
신지리1호태양광발전소,,전북특별자치도 완주군 용진읍 신지리 902(답)(토지위),35.9265712953609,127.18133262647,,정상가동,99.6,380,60,2019,,2019-07-25,,895.0,2024-01-29
신지리2호태양광발전소,,전북특별자치도 완주군 용진읍 신지리 902-2(답)(토지위),35.9264510827888,127.181323819916,,정상가동,99.6,380,60,2019,,2019-07-25,,895.0,2024-01-29
해원태양광발전소,,전북특별자치도 완주군 용진읍 신지리 902-3(답)(토지위),35.9262598966757,127.181464550481,,정상가동,49.8,380,60,2019,,2019-07-25,,704.0,2024-01-29
고려주차장태양광발전소,,"전북특별자치도 완주군 봉동읍 구미리 797, 798",,,,정상가동,299.7,380,60,2019,,2019-07-25,,,2024-01-29
고향태양광발전소,,전북특별자치도 완주군 용진읍 구억리 402-8번지(건물위),35.8645567839224,127.170937789628,,정상가동,19.44,380,60,2019,,2019-08-23,,105.63,2024-01-29
성기만태양광발전소,,전북특별자치도 완주군 봉동읍 우주로 346-8(건물위),35.9471986117924,127.099022909795,,정상가동,15.33,380,60,2019,,2019-08-27,,110.72,2024-01-29
유한회사대정쏠라 태양광발전소,,전북특별자치도 완주군 구이면 평촌리 962-1(건물위),35.75217741254,127.153080369855,,정상가동,29.6,380,60,2019,,2019-09-04,,197.73,2024-01-29
형제레이저㈜태양광발전소,,전북특별자치도 완주군 봉동읍 둔산리 868-15(공)(건물위),35.9587731752004,127.115532859587,,정상가동,149.3,380,60,2019,,2019-09-04,,1472.0,2024-01-29
두성 태양광발전소,,전북특별자치도 완주군 상관면 신리 490-4(건물위),35.7749746176082,127.204607430961,,정상가동,32.76,380,60,2019,,2019-09-04,,146.58,2024-01-29
나비1호 태양광발전소,,전북특별자치도 완주군 소양면 황운리 854-11(주1)(건물위),35.8537441272764,127.228401204496,,정상가동,29.05,380,60,2019,,2019-09-09,,198.0,2024-01-29
나비2호 태양광발전소,,전북특별자치도 완주군 소양면 황운리 854-11(주2)(건물위),35.8537441272764,127.228401204496,,정상가동,29.05,380,60,2019,,2019-09-09,,198.0,2024-01-29
인태양광발전소,,전북특별자치도 완주군 봉동읍 테크노밸리로 534(건물위),35.9730727647805,127.113643928437,,정상가동,99.9,380,60,2019,,2019-09-16,,648.0,2024-01-29
동창태양광발전소,,전북특별자치도 완주군 용진읍 용흥리 90-9(답)(토지위),35.8838342021301,127.166698166355,,정상가동,98.4,380,60,2019,,2019-09-16,,1134.0,2024-01-29
예감장식태양광발전소,,"전북특별자치도 완주군 용진읍 용흥리 88(답),90(답),91(답)(토지위)",,,,정상가동,98.4,380,60,2019,,2019-09-16,,1235.0,2024-01-29
해성태양광발전소,,"전북특별자치도 완주군 용진읍 용흥리 90-8(답),207-2(답)(토지위)",,,,정상가동,98.4,380,60,2019,,2019-09-16,,1270.0,2024-01-29
아남2태양광발전소,,"전북특별자치도 완주군 용진읍 용흥리 88-4(답),90-10(답)(토지위)",,,,정상가동,98.4,380,60,2019,,2019-09-16,,1454.0,2024-01-29
용진태양광발전소,,"전북특별자치도 완주군 용진읍 용흥리 88-2(답),90-5(답)(토지위)",,,,정상가동,98.4,380,60,2019,,2019-09-16,,1146.0,2024-01-29
아남1태양광발전소,,전북특별자치도 완주군 용진읍 용흥리 88-1(답)(토지위),35.8839974743598,127.166332820976,,정상가동,98.4,380,60,2019,,2019-09-16,,1296.0,2024-01-29
아이큐어 완주 연수원 태양광발전소,,"전북특별자치도 완주군 고산면 양야리 65(답),11-9(답),66-3(답)(건물위)",,,,정상가동,42.75,380,60,2019,,2019-09-18,,221.0,2024-01-29
대화3 발전소,,전북특별자치도 완주군 상관면 춘향로 4357(대)(건물위),35.740008941071,127.222615653073,,정상가동,100.0,380,60,2019,,2019-09-30,,549.5,2024-01-29
종리지연태양광발전소1,,"전북특별자치도 완주군 화산면 종리 1379-1(답)(건물위)(주1,주2)",36.0182178031147,127.221456535963,,정상가동,99.375,380,60,2019,,2019-09-30,,567.1,2024-01-29
유건태양광발전소,,전북특별자치도 완주군 봉동읍 구암리 807(장)(건물위),35.9506734719102,127.10807082114,,정상가동,84.0,380,60,2019,,2019-10-01,,413.0,2024-01-29
아이큐어 완주 제약공장 태양광발전소,,전북특별자치도 완주군 봉동읍 용암리 788(건물위),35.948713017042,127.140596323883,,정상가동,742.5,22900,60,2019,,2019-10-07,,3802.0,2024-01-29
경주1호태양광발전소,,전북특별자치도 완주군 이서면 은교리 22-1(답)(토지위),35.8008530004646,127.037052728996,,정상가동,99.54,380,60,2019,,2019-10-07,,1212.0,2024-01-29
경주2호태양광발전소,,"전북특별자치도 완주군 이서면 은교리 22-1(답),7-5(답)(토지위)",,,,정상가동,99.54,380,60,2019,,2019-10-07,,1250.0,2024-01-29
유한회사구재 태양광발전소,,전북특별자치도 완주군 경천면 가천리 178(건물위),36.0376219100656,127.272772649455,,정상가동,15.54,380,60,2019,,2019-10-21,,85.744,2024-01-29
지다민태양광발전소,,전북특별자치도 완주군 이서면 이성리 226(답)(토지위),35.8025952026109,127.051982532971,,정상가동,294.4,380,60,2019,,2019-10-23,,3379.0,2024-01-29
금섭1호태양광발전소,,"전북특별자치도 완주군 고산면 남봉리 404-3(전),319(목)(건물위)",,,,정상가동,97.2,380,60,2019,,2019-10-30,,497.4,2024-01-29
금섭2호태양광발전소,,"전북특별자치도 완주군 고산면 남봉리 404-3(전),319(목)(건물위)",,,,정상가동,97.2,380,60,2019,,2019-10-31,,497.4,2024-01-29
모악지붕태양광발전소,,전북특별자치도 완주군 구이면 모악호수로 58-8(대)(건물위),35.7291666145217,127.120922409229,,정상가동,17.16,380,60,2019,,2019-10-31,,94.0,2024-01-29
수경태양광발전소,,"전북특별자치도 완주군 봉동읍 구만리 1102-137,1102-135(답)(토지위)",,,,정상가동,98.55,380,60,2019,,2019-11-07,,1270.0,2024-01-29
선영태양광발전소,,전북특별자치도 완주군 봉동읍 구만리 1102-138(답)(토지위),35.9082450860667,127.143505154694,,정상가동,98.55,380,60,2019,,2019-11-07,,1265.0,2024-01-29
정실태양광발전소,,전북특별자치도 완주군 봉동읍 구만리 1102-134(답)(토지위),35.9078731464961,127.14282063459,,정상가동,98.55,380,60,2019,,2019-11-07,,1059.0,2024-01-29
희진태양광발전소,,전북특별자치도 완주군 봉동읍 구만리 1102-133(답)(토지위),35.9080541398999,127.142877014936,,정상가동,98.55,380,60,2019,,2019-11-07,,1022.0,2024-01-29
민욱태양광발전소,,전북특별자치도 완주군 봉동읍 구만리 1102-132(답)(토지위),35.9081861765587,127.142949370743,,정상가동,98.55,380,60,2019,,2019-11-07,,1035.0,2024-01-29
은광1호태양광발전소,,전북특별자치도 완주군 봉동읍 구만리 1102-131(답)(토지위),35.9083627228261,127.143182993627,,정상가동,98.55,380,60,2019,,2019-11-07,,1187.0,2024-01-29
승욱태양광발전소,,"전북특별자치도 완주군 봉동읍 구만리 1102-64, 1102-127(답)(토지위)",,,,정상가동,98.55,380,60,2019,,2019-11-07,,1104.0,2024-01-29
보광태양광발전소,,전북특별자치도 완주군 봉동읍 구만리 1102-61(토지위),35.9089691706834,127.143485856671,,정상가동,98.55,380,60,2019,,2019-11-07,,1444.0,2024-01-29
장미태양광발전소,,전북특별자치도 완주군 이서면 남계리 6(답)(토지위),35.8522643882184,127.028779643571,,정상가동,99.84,380,60,2019,,2019-11-18,,2409.0,2024-01-29
신한태양광발전소,,전북특별자치도 완주군 삼례읍 하리 860-1(답)(건물위),35.8987869994917,127.093716827745,,정상가동,29.6,380,60,2019,,2019-11-22,,159.52,2024-01-29
우정1호태양광발전소,,"전북특별자치도 완주군 비봉면 백도리 968(답),969-1(답)(토지위)",,,,정상가동,199.2,380,60,2019,,2019-11-26,,2548.0,2024-01-29
신창태양광발전소,,전북특별자치도 완주군 봉동읍 완주산단2로 236(장)(건물위),35.9558677895155,127.131280070565,,정상가동,96.9,380,60,2019,,2019-12-03,,948.11,2024-01-29
제이테크,,전북특별자치도 완주군 봉동읍 완주산단8로 120(공)(건물위),35.9613811776109,127.115630219939,,정상가동,181.35,380,60,2019,,2019-12-03,,990.72,2024-01-29
꼬리별태양광발전소,,전북특별자치도 완주군 봉동읍 구암리 807-13(장)(건물위),35.9503949300931,127.107734818396,,정상가동,78.0,380,60,2019,,2019-12-10,,412.5,2024-01-29
도마태양광,,전북특별자치도 완주군 운주면 고당리 349-1(임)(건물위),36.0416435007785,127.344679101174,,정상가동,38.16,380,60,2019,,2019-12-10,,187.0,2024-01-29
장봉기태양광발전소,,"전북특별자치도 완주군 고산면 화정리 141(목),215(목),216(목),142(목)(건물위)",,,,정상가동,499.2,380,60,2019,,2019-12-12,,2689.44,2024-01-29
승환태양광발전소,,전북특별자치도 완주군 삼례읍 구와로 81(건물위),35.9145127415513,127.10681766395,,정상가동,27.0,380,60,2019,,2019-12-12,,136.9,2024-01-29
황금태양광발전소,,전북특별자치도 완주군 용진읍 용흥리 13(답)(토지위),35.8861341485966,127.175953511602,,정상가동,99.84,380,60,2019,,2019-12-24,,1158.0,2024-01-29
천억태양광발전소,,전북특별자치도 완주군 용진읍 용흥리 13-2(잡)(토지위),35.8858042945831,127.175951231442,,정상가동,49.92,380,60,2019,,2019-12-24,,531.0,2024-01-29
봉산1호태양광발전소,,"전북특별자치도 완주군 화산면 운곡리 25-3(목),37-4(답), 25-5(목)(건물위)",,,,정상가동,150.0,380,60,2019,,2019-12-27,,771.26,2024-01-29
낙평해냄태양광발전소,,전북특별자치도 완주군 봉동읍 낙평리 379-9(창)(건물위),35.9325404858582,127.168217014613,,정상가동,97.11,380,60,2019,,2019-12-31,,456.97,2024-01-29
유진태양광발전소,,전북특별자치도 완주군 구이면 두현리 564(대)(건물위),35.7356838140572,127.120831005195,,정상가동,29.4,380,60,2020,,2020-01-07,,140.0,2024-01-29
아폴로태양광발전소,,전북특별자치도 완주군 구이면 백여리 954-12(전)(토지위),35.6498051876712,127.097181071656,,정상가동,99.0,380,60,2020,,2020-01-08,,1410.0,2024-01-29
행복4호태양광발전소,,전북특별자치도 완주군 구이면 백여리 954-11(전)(토지위),35.6500251915865,127.096957399223,,정상가동,99.0,380,60,2020,,2020-01-08,,970.0,2024-01-29
구이3호태양광발전소,,전북특별자치도 완주군 구이면 백여리 954-10(전)(토지위),35.6500782908318,127.097052538098,,정상가동,99.0,380,60,2020,,2020-01-08,,939.0,2024-01-29
완주테크노솔라,,전북특별자치도 완주군 구이면 백여리 954-9(전)(토지위),35.6502063721582,127.097041871492,,정상가동,99.0,380,60,2020,,2020-01-08,,867.0,2024-01-29
구이5호태양광발전소,,전북특별자치도 완주군 구이면 백여리 954-8(전)(토지위),35.6503087405285,127.096839919549,,정상가동,99.0,380,60,2020,,2020-01-08,,838.0,2024-01-29
민영선태양광발전소,,전북특별자치도 완주군 구이면 백여리 954-7(전)(토지위),35.6503415096678,127.097333885438,,정상가동,99.0,380,60,2020,,2020-01-08,,889.0,2024-01-29
행복2동태양광발전소,,전북특별자치도 완주군 구이면 백여리 954-6(전)(토지위),35.6504962920168,127.097517708589,,정상가동,99.0,380,60,2020,,2020-01-08,,884.0,2024-01-29
한빛태양광발전소,,전북특별자치도 완주군 구이면 백여리 954-1(전)(토지위),35.6505556795715,127.096856449952,,정상가동,99.0,380,60,2020,,2020-01-08,,968.0,2024-01-29
안골1호태양광발전소,,전북특별자치도 완주군 화산면 라복1길 68(목)(건물위),36.0224443774955,127.211423468044,,정상가동,99.75,380,60,2020,,2020-01-09,,530.4,2024-01-29
안골2호태양광발전소,,전북특별자치도 완주군 화산면 라복1길 68(목)(건물위),36.0224443774955,127.211423468044,,정상가동,299.25,380,60,2020,,2020-01-09,,1591.21,2024-01-29
코리안2호태양광발전소,,전북특별자치도 완주군 용진읍 용흥리 12-1(잡)(토지위),35.8862850696182,127.176838741549,,정상가동,99.84,380,60,2020,,2020-01-13,,1067.0,2024-01-29
내일용흥태양광발전소,,전북특별자치도 완주군 용진읍 용흥리 11-1(잡)(토지위),35.8860107026215,127.177040361191,,정상가동,99.84,380,60,2020,,2020-01-13,,964.0,2024-01-29
대한태양광발전소,,전북특별자치도 완주군 용진읍 용흥리 11-3(잡)(토지위),35.885895144004,127.176991706278,,정상가동,99.84,380,60,2020,,2020-01-13,,925.0,2024-01-29
헬리오스태양광발전소,,전북특별자치도 완주군 용진읍 용흥리 11-4(잡)(토지위),35.8857175521099,127.176900385645,,정상가동,99.84,380,60,2020,,2020-01-13,,1195.0,2024-01-29
명덕1호태양광발전소,,전북특별자치도 완주군 소양면 명덕리 860(답)(토지위),35.8832728214493,127.210696024582,,정상가동,99.84,380,60,2020,,2020-01-14,,1124.0,2024-01-29
명덕2호태양광발전소,,전북특별자치도 완주군 소양면 명덕리 860-1(답)(토지위),35.8830915559751,127.210658444596,,정상가동,99.84,380,60,2020,,2020-01-14,,865.0,2024-01-29
명덕3호태양광발전소,,전북특별자치도 완주군 소양면 명덕리 860-2(답)(토지위),35.8830468887235,127.210792771798,,정상가동,99.84,380,60,2020,,2020-01-14,,997.0,2024-01-29
옥성3호태양광발전소,,전북특별자치도 완주군 이서면 이문리 533(대)(건물위),35.8254104335704,127.006620592428,,정상가동,36.0,380,60,2020,,2020-01-16,,108.0,2024-01-29
다스란트태양광발전소,,전북특별자치도 완주군 봉동읍 구만리 925-27(답)(토지위),35.9060941500935,127.144499049466,,정상가동,99.84,380,60,2020,,2020-01-20,,1078.0,2024-01-29
경자태양광발전소,,전북특별자치도 완주군 봉동읍 구만리 925-19(잡)(토지위),35.905770006108,127.144545208348,,정상가동,99.84,380,60,2020,,2020-01-20,,914.0,2024-01-29
옥자태양광발전소,,전북특별자치도 완주군 봉동읍 구만리 925-30(잡)(토지위),35.9056771960104,127.144829183903,,정상가동,99.84,380,60,2020,,2020-01-20,,856.0,2024-01-29
디리베태양광발전소,,전북특별자치도 완주군 봉동읍 구만리 925-31(답)(토지위),35.9056174411249,127.145204167416,,정상가동,99.84,380,60,2020,,2020-01-20,,896.0,2024-01-29
다스레벤태양광발전소,,전북특별자치도 완주군 봉동읍 구만리 925-32(답)(토지위),35.9054914427127,127.145505362159,,정상가동,99.84,380,60,2020,,2020-01-20,,1020.0,2024-01-29
구만4호태양광발전소,,전북특별자치도 완주군 봉동읍 구만리 925-33(잡)(토지위),35.905388796694,127.144904097627,,정상가동,99.84,380,60,2020,,2020-01-20,,903.0,2024-01-29
구만3호태양광발전소,,전북특별자치도 완주군 봉동읍 구만리 925-20(답)(토지위),35.9053160497057,127.144618603417,,정상가동,99.84,380,60,2020,,2020-01-20,,965.0,2024-01-29
옥진태양광발전소,,전북특별자치도 완주군 구이면 평촌리 311-1(대)(건물위),35.7640682831144,127.15790910148,,정상가동,29.625,380,60,2020,,2020-01-20,,165.0,2024-01-29
샛별태양광발전소,,전북특별자치도 완주군 용진읍 구억리 310-6(대)(건물위),35.8581381772491,127.172179364308,,정상가동,19.98,380,60,2020,,2020-01-30,,101.91,2024-01-29
빛고을5태양광,,전북특별자치도 완주군 이서면 남계리 800-7(답)(토지위),35.8547108884393,127.015975085557,,정상가동,25.125,380,60,2020,,2020-01-30,,265.0,2024-01-29
빛고을7태양광,,전북특별자치도 완주군 이서면 남계리 800-5(답)(토지위),35.8545707323896,127.016056094592,,정상가동,99.75,380,60,2020,,2020-01-30,,1207.0,2024-01-29
은하1호태양광발전소,,전북특별자치도 완주군 봉동읍 은하리 35-3(답)(토지위),35.9548455335596,127.167211698433,,정상가동,99.6,380,60,2020,,2020-02-04,,1205.0,2024-01-29
더쏠라테크6호,,전북특별자치도 완주군 봉동읍 은하리 35-1(답)(토지위),35.9552904706723,127.167344432901,,정상가동,99.6,380,60,2020,,2020-02-04,,1003.0,2024-01-29
양사봉동태양광발전소,,전북특별자치도 완주군 봉동읍 은하리 35-2(답)(토지위),35.9551194372347,127.167264151846,,정상가동,99.6,380,60,2020,,2020-02-04,,1087.0,2024-01-29
더쏠라테크5호,,전북특별자치도 완주군 봉동읍 은하리 35(답)(토지위),35.9554761721126,127.167569733095,,정상가동,99.6,380,60,2020,,2020-02-04,,1833.0,2024-01-29
지상1호기태양광발전소,,전북특별자치도 완주군 비봉면 이전리 359-1(목)(건물위),36.0020677446504,127.195815306758,,정상가동,99.6,380,60,2020,,2020-02-04,,546.0,2024-01-29
지상2호기태양광발전소,,전북특별자치도 완주군 비봉면 이전리 359-1(목)(건물위),36.0020677446504,127.195815306758,,정상가동,261.45,380,60,2020,,2020-02-04,,1974.0,2024-01-29
은빈태양광발전소,,전북특별자치도 완주군 소양면 신원리 228-14(목)(건물위),35.8593591720143,127.303247297165,,정상가동,249.99,380,60,2020,,2020-02-12,,1780.15,2024-01-29
디딤돌태양광발전소,,전북특별자치도 완주군 봉동읍 테크노밸리3로 70(장)(건물위),35.9730332519011,127.120698076562,,정상가동,497.7,380,60,2020,,2020-02-13,,2599.21,2024-01-29
1004-2태양광발전소,,"전북특별자치도 완주군 화산면 승치리 871-1(답), 871-2(답), 871-3(답), 876-2(답), 876-3(답)(건물위)",,,,정상가동,194.4,380,60,2020,,2020-02-17,,960.0,2024-01-29
진양태양광발전소,,"전북특별자치도 완주군 용진읍 상삼리 469-16(답), 469-23(답)(토지위)",,,,정상가동,99.84,380,60,2020,,2020-02-18,,1213.0,2024-01-29
승민태양광발전소,,"전북특별자치도 완주군 용진읍 상삼리 469-15(답), 469-22(답)(토지위)",,,,정상가동,99.84,380,60,2020,,2020-02-18,,1385.0,2024-01-29
나미태양광발전소,,"전북특별자치도 완주군 용진읍 상삼리 469-14(답), 469-21(답)(토지위)",,,,정상가동,99.84,380,60,2020,,2020-02-18,,1047.0,2024-01-29
용문태양광발전소,,"전북특별자치도 완주군 용진읍 상삼리 469-4(답), 469-13(답), 467-9(답)(토지위)",,,,정상가동,99.84,380,60,2020,,2020-02-18,,1049.0,2024-01-29
코리안3호태양광발전소,,"전북특별자치도 완주군 용진읍 상삼리 469-20(답), 467-5(답), 467-8(답)(토지위)",,,,정상가동,52.5,380,60,2020,,2020-02-18,,709.0,2024-01-29
채연태양광발전소,,"전북특별자치도 완주군 용진읍 상삼리 469-19(답), 467-4(답), 467-7(답)(토지위)",,,,정상가동,99.39,380,60,2020,,2020-02-18,,986.0,2024-01-29
남명태양광발전소,,"전북특별자치도 완주군 용진읍 상삼리 469-18(답), 467-6(답), 467-3(답)(토지위)",,,,정상가동,99.84,380,60,2020,,2020-02-18,,966.0,2024-01-29
CJ상삼태양광발전소,,"전북특별자치도 완주군 용진읍 상삼리 469-3(답), 467-2(답), 467-1(답)(토지위)",,,,정상가동,99.84,380,60,2020,,2020-02-18,,1167.0,2024-01-29
(유)레이크태양광발전소,,"전북특별자치도 완주군 이서면 이문리 413-3(전), 413-5(목), 413-7(임)(건물위)",,,,정상가동,499.5,380,60,2020,,2020-02-19,,2632.5,2024-01-29
천호태양광발전소,,"전북특별자치도 완주군 비봉면 내월리 550(전), 550-1(목)(건물위)",,,,정상가동,298.8,380,60,2020,,2020-02-20,,2395.0,2024-01-29
동리태양광발전소,,"전북특별자치도 완주군 비봉면 내월리 557(답), 546-1(천), 545-3(답)(건물위)",,,,정상가동,199.2,380,60,2020,,2020-02-20,,3188.67,2024-01-29
상삼1호태양광발전소,,전북특별자치도 완주군 용진읍 상삼리 478(잡)(토지위),35.8625821323859,127.190987138217,,정상가동,98.28,380,60,2020,,2020-02-25,,1117.0,2024-01-29
상삼2호태양광발전소,,전북특별자치도 완주군 용진읍 상삼리 477-2(잡)(토지위),35.8627491247489,127.191049983602,,정상가동,98.28,380,60,2020,,2020-02-25,,901.0,2024-01-29
상삼3호태양광발전소,,전북특별자치도 완주군 용진읍 상삼리 477-1(잡)(토지위),35.8628991767874,127.191054108109,,정상가동,98.28,380,60,2020,,2020-02-25,,908.0,2024-01-29
상삼4호태양광발전소,,전북특별자치도 완주군 용진읍 상삼리 477(잡)(토지위),35.8631227088134,127.19098400636,,정상가동,98.28,380,60,2020,,2020-02-25,,995.0,2024-01-29
아폴로5호태양광발전소,,전북특별자치도 완주군 용진읍 상삼리 488-1(잡)(토지위),35.86260108663,127.190401709739,,정상가동,98.28,380,60,2020,,2020-02-25,,1379.0,2024-01-29
아폴로6호태양광발전소,,전북특별자치도 완주군 용진읍 상삼리 488(답)(토지위),35.8628416748708,127.190203325265,,정상가동,98.28,380,60,2020,,2020-02-25,,1226.0,2024-01-29
시온태양광,,"전북특별자치도 완주군 용진읍 상운리 787-2, 788-4(답)(토지위)",,,,정상가동,99.6,380,60,2020,,2020-02-25,,1283.0,2024-01-29
세종태양광,,"전북특별자치도 완주군 용진읍 상운리 787-1, 788-3(답)(토지위)",,,,정상가동,70.0,380,60,2020,,2020-02-25,,686.0,2024-01-29
해담태양광,,"전북특별자치도 완주군 용진읍 상운리 787(답), 788-1(답), 788-2(전)(토지위)",,,,정상가동,99.6,380,60,2020,,2020-02-25,,1200.0,2024-01-29
율곡1호태양광발전소,,전북특별자치도 완주군 고산면 율곡리 466-4(답)(토지위),35.9824823936746,127.181200097844,,정상가동,99.84,380,60,2020,,2020-02-25,,1279.0,2024-01-29
율곡2호태양광발전소,,전북특별자치도 완주군 고산면 율곡리 466-3(답)(토지위),35.9827621199734,127.181211382316,,정상가동,99.84,380,60,2020,,2020-02-25,,900.0,2024-01-29
율곡3호태양광발전소,,전북특별자치도 완주군 고산면 율곡리 466-2(답)(토지위),35.9829387412862,127.181165436059,,정상가동,99.84,380,60,2020,,2020-02-25,,882.0,2024-01-29
율곡4호태양광발전소,,전북특별자치도 완주군 고산면 율곡리 466-1(답)(토지위),35.9830720171764,127.181116840179,,정상가동,99.84,380,60,2020,,2020-02-25,,850.0,2024-01-29
율곡5호태양광발전소,,전북특별자치도 완주군 고산면 율곡리 466(답)(토지위),35.9832494901388,127.18110371767,,정상가동,99.84,380,60,2020,,2020-02-25,,1088.0,2024-01-29
내일상삼1호태양광발전소,,전북특별자치도 완주군 용진읍 상삼리 528(잡)(토지위),35.8644652044217,127.188422064837,,정상가동,99.84,380,60,2020,,2020-02-27,,1155.0,2024-01-29
해마지태양광발전소,,전북특별자치도 완주군 용진읍 상삼리 471-8(잡)(토지위),35.8640454493666,127.189251356656,,정상가동,99.84,380,60,2020,,2020-02-27,,1150.0,2024-01-29
그라나다태양광발전소,,전북특별자치도 완주군 용진읍 상삼리 527(잡)(토지위),35.8641453267453,127.188781257175,,정상가동,99.84,380,60,2020,,2020-02-27,,1249.0,2024-01-29
경순태양광발전소,,전북특별자치도 완주군 용진읍 상삼리 471-7(답)(토지위),35.8642658609318,127.18927347101,,정상가동,99.84,380,60,2020,,2020-02-27,,1061.0,2024-01-29
산들맘1호 태양광발전소,,"전북특별자치도 완주군 화산면 춘산리 123(답), 948-68(목), 58-2(목)(건물위)",,,,정상가동,99.75,380,60,2020,,2020-02-28,,530.4,2024-01-29
산들맘2호 태양광발전소,,"전북특별자치도 완주군 화산면 춘산리 123(답), 948-68(목), 58-2(목)(건물위)",,,,정상가동,99.75,380,60,2020,,2020-02-28,,530.4,2024-01-29
지져스태양광발전소,,전북특별자치도 완주군 화산면 우월리 449-1(답)(건물위),36.0588256940806,127.162405253463,,정상가동,94.62,380,60,2020,,2020-03-02,,449.6,2024-01-29
엘로힘태양광발전소,,"전북특별자치도 완주군 화산면 우월리 455-1, 455-6(답)(건물위)",,,,정상가동,99.6,380,60,2020,,2020-03-02,,496.0,2024-01-29
YUNS태양광발전소,,전북특별자치도 완주군 용진읍 상삼리 187-12(전)(토지위),35.8734397310802,127.197322621898,,정상가동,99.6,380,60,2020,,2020-03-12,,1800.0,2024-01-29
소망발전소,,"전북특별자치도 완주군 용진읍 상삼리 187-24(전), 187-26(전)(토지위)",,,,정상가동,99.6,380,60,2020,,2020-03-12,,1100.0,2024-01-29
HMYD3호태양광발전소,,전북특별자치도 완주군 용진읍 상삼리 187-9(전)(토지위),35.8736817937254,127.196891363943,,정상가동,69.72,380,60,2020,,2020-03-12,,1100.0,2024-01-29
박상택태양광발전소,,전북특별자치도 완주군 비봉면 백도리 951-15(답)(토지위),36.0084466899687,127.160142008374,,정상가동,99.84,380,60,2020,,2020-03-17,,900.0,2024-01-29
비봉홍익태양광발전소,,전북특별자치도 완주군 비봉면 백도리 951-17(답)(토지위),36.0082077761895,127.160477171398,,정상가동,99.84,380,60,2020,,2020-03-17,,1450.0,2024-01-29
명지2호태양광발전소,,전북특별자치도 완주군 비봉면 백도리 951-16(답)(토지위),36.0083284552522,127.159934236208,,정상가동,99.84,380,60,2020,,2020-03-17,,941.0,2024-01-29
백도태양광발전소,,전북특별자치도 완주군 비봉면 백도리 950-20(답)(토지위),36.0085651791404,127.160293988285,,정상가동,99.84,380,60,2020,,2020-03-17,,900.0,2024-01-29
윤광태양광발전소,,전북특별자치도 완주군 비봉면 백도리 950-22(답)(토지위),36.0085056703021,127.160247170006,,정상가동,99.84,380,60,2020,,2020-03-17,,881.0,2024-01-29
주현태양광발전소,,전북특별자치도 완주군 비봉면 백도리 967-4(답)(토지위),36.0090951053336,127.157297061244,,정상가동,99.84,380,60,2020,,2020-03-17,,920.0,2024-01-29
이가태양광발전소,,전북특별자치도 완주군 비봉면 백도리 967-3(답)(토지위),36.0091983535022,127.15745954545,,정상가동,99.84,380,60,2020,,2020-03-17,,979.0,2024-01-29
홍이네태양광발전소,,전북특별자치도 완주군 비봉면 백도리 967-8(답)(토지위),36.0088800869248,127.157285320094,,정상가동,99.84,380,60,2020,,2020-03-17,,1221.0,2024-01-29
원이운이태양광발전소,,전북특별자치도 완주군 비봉면 백도리 950-18(답)(토지위),36.0087533548367,127.159957500565,,정상가동,99.84,380,60,2020,,2020-03-17,,910.0,2024-01-29
해바라기솔라 태양광발전소,,전북특별자치도 완주군 비봉면 백도리 949(답)(토지위),36.0089434072812,127.160307953644,,정상가동,299.0,380,60,2020,,2020-03-17,,2828.0,2024-01-29
에이치비 태양광발전소,,전북특별자치도 완주군 비봉면 백도리 950-4(답)(토지위),36.0094387591081,127.160011684273,,정상가동,299.0,380,60,2020,,2020-03-17,,3103.0,2024-01-29
JI태양광발전소,,전북특별자치도 완주군 비봉면 백도리 950-16(답)(토지위),36.0090765618159,127.159261119807,,정상가동,99.84,380,60,2020,,2020-03-17,,1088.0,2024-01-29
제이에스솔라 태양광발전소,,"전북특별자치도 완주군 비봉면 백도리 958-1(답), 965-4(답)(토지위)",,,,정상가동,495.0,380,60,2020,,2020-03-17,,5099.0,2024-01-29
JW태양광발전소,,"전북특별자치도 완주군 비봉면 백도리 965-2(답), 967-1(답)(토지위)",,,,정상가동,99.84,380,60,2020,,2020-03-17,,1287.0,2024-01-29
썬샤인백도태양광발전소,,전북특별자치도 완주군 비봉면 백도리 950-19(답)(토지위),36.0086532474157,127.160213083037,,정상가동,99.84,380,60,2020,,2020-03-17,,923.0,2024-01-29
용진농협태양광발전소,,"전북특별자치도 완주군 용진읍 상운리 82-1(대), 85-1(대)(건물위)",,,,정상가동,99.225,380,60,2020,,2020-03-17,,502.0,2024-01-29
율곡1호에너지,,"전북특별자치도 완주군 고산면 율곡리 440-6(답), 440-12(답)(토지위)",,,,정상가동,99.45,380,60,2020,,2020-03-17,,1059.0,2024-01-29
율곡2호에너지,,"전북특별자치도 완주군 고산면 율곡리 440-5(답), 440-11(답)(토지위)",,,,정상가동,99.45,380,60,2020,,2020-03-17,,881.0,2024-01-29
율곡3호에너지,,"전북특별자치도 완주군 고산면 율곡리 440-4(답), 440-10(답)(토지위)",,,,정상가동,99.45,380,60,2020,,2020-03-17,,879.0,2024-01-29
다온태양광발전소,,"전북특별자치도 완주군 고산면 율곡리 440-3(답), 440-9(답)(토지위)",,,,정상가동,99.45,380,60,2020,,2020-03-17,,881.0,2024-01-29
율곡5호에너지,,"전북특별자치도 완주군 고산면 율곡리 440-1(답), 440-2(답)(토지위)",,,,정상가동,99.45,380,60,2020,,2020-03-17,,993.0,2024-01-29
종문태양광발전소,,"전북특별자치도 완주군 비봉면 대치리 35(목), 35-2(목), 36(목)(건물위)",,,,정상가동,83.0,380,60,2020,,2020-03-25,,428.48,2024-01-29
은정태양광발전소,,"전북특별자치도 완주군 비봉면 대치리 34(잡), 34-1(답), 35(목), 35-2(목), 36(목)(건물위)",,,,정상가동,99.6,380,60,2020,,2020-03-25,,514.18,2024-01-29
지윤태양광발전소,,전북특별자치도 완주군 화산면 종리 1376-2(답)(건물위),36.0205240472181,127.221895535452,,정상가동,99.6,380,60,2020,,2020-03-31,,985.0,2024-01-29
대박태양광발전소,,전북특별자치도 완주군 봉동읍 둔산리 868-22(장)(건물위),35.9589900707643,127.115097970678,,정상가동,99.84,380,60,2020,,2020-04-06,,530.04,2024-01-29
대치2호태양광발전소,,전북특별자치도 완주군 비봉면 대치리 500-1(목)(건물위),36.0396246347283,127.147557342722,,정상가동,99.6,380,60,2020,,2020-04-09,,513.6,2024-01-29
영미발전소,,전북특별자치도 완주군 삼례읍 삼례리 915-4(대)(건물위),35.9091592911318,127.074388436511,,정상가동,17.01,380,60,2020,,2020-04-17,,87.83,2024-01-29
수정발전소,,전북특별자치도 완주군 상관면 죽림리 564-1(대)(건물위),35.7459969947664,127.213762108842,,정상가동,19.8,220,60,2020,,2020-04-17,,108.02,2024-01-29
선기태양광발전소,,전북특별자치도 완주군 봉동읍 낙평리 512-3(대)(건물위),35.9286842983616,127.163018858538,,정상가동,16.65,380,60,2020,,2020-05-04,,88.02,2024-01-29
태덕3호태양광발전소,,전북특별자치도 완주군 봉동읍 낙평리 796(전)(건물위),35.9314023605658,127.159595872689,,정상가동,9.36,380,60,2020,,2020-05-04,,47.1,2024-01-29
은아태양광발전소,,전북특별자치도 완주군 화산면 운곡리 312-1(답)(건물위),36.0547384216817,127.18939774729,,정상가동,99.6,380,60,2020,,2020-05-06,,1090.0,2024-01-29
지상4호기태양광발전소,,전북특별자치도 완주군 비봉면 이전리 359-1(목)(건물위),36.0020677446504,127.195815306758,,정상가동,99.6,380,60,2020,,2020-05-06,,510.0,2024-01-29
지상3호기태양광발전소,,전북특별자치도 완주군 비봉면 이전리 359-3(목)(건물위),36.0024782748397,127.195582628758,,정상가동,99.6,380,60,2020,,2020-05-12,,441.0,2024-01-29
진영2호태양광발전소,,"전북특별자치도 완주군 봉동읍 제내리 602-8(답), 602-11(유), 605(답)(토지위)",,,,정상가동,99.84,380,60,2020,,2020-05-14,,1488.0,2024-01-29
제내리태양광발전소,,"전북특별자치도 완주군 봉동읍 제내리 602-8(답), 605(답)(토지위)",,,,정상가동,99.84,380,60,2020,,2020-05-14,,1970.0,2024-01-29
용진1호태양광발전소,,"전북특별자치도 완주군 용진읍 상운리 751-5(답), 750-2(답), 749(답), 747-8(답)(토지위)",,,,정상가동,99.28,380,60,2020,,2020-05-18,,1150.0,2024-01-29
용진2호태양광발전소,,"전북특별자치도 완주군 용진읍 상운리 758-3(전), 751-4(답), 750-1(답), 747-7(답)(토지위)",,,,정상가동,99.28,380,60,2020,,2020-05-18,,1070.0,2024-01-29
용진3호태양광발전소,,"전북특별자치도 완주군 용진읍 상운리 758-4(전), 751-3(답), 750(답), 747-4(전), 747-6(답)(토지위)",,,,정상가동,99.28,380,60,2020,,2020-05-18,,1058.0,2024-01-29
용진4호태양광발전소,,"전북특별자치도 완주군 용진읍 상운리 754-7(전), 753-5(전), 751-2(답), 747-1(전), 747-5(답), 758-5(전)(토지위)",,,,정상가동,99.28,380,60,2020,,2020-05-18,,1067.0,2024-01-29
용진5호태양광발전소,,"전북특별자치도 완주군 용진읍 상운리 756-9(전), 754-4(전), 753-4(전), 758-6(전), 751-1(답)(토지위)",,,,정상가동,99.28,380,60,2020,,2020-05-18,,1148.0,2024-01-29
용진6호태양광발전소,,"전북특별자치도 완주군 용진읍 상운리 757-11(전), 756-7(전), 751-7(답), 758(전)(토지위)",,,,정상가동,99.28,380,60,2020,,2020-05-18,,1275.0,2024-01-29
용진7호태양광발전소,,"전북특별자치도 완주군 용진읍 상운리 757-10(전), 756-6(전), 754-5(전), 758-1(전)(토지위)",,,,정상가동,99.28,380,60,2020,,2020-05-18,,1207.0,2024-01-29
용진8호태양광발전소,,"전북특별자치도 완주군 용진읍 상운리 757-9(전), 756-4(전), 754-3(전), 753-3(전)(토지위)",,,,정상가동,99.28,380,60,2020,,2020-05-18,,1204.0,2024-01-29
용진9호태양광발전소,,"전북특별자치도 완주군 용진읍 상운리 756-3(전), 755-7(전), 754-2(전), 753-1(전)(토지위)",,,,정상가동,99.28,380,60,2020,,2020-05-18,,1177.0,2024-01-29
용진10호태양광발전소,,"전북특별자치도 완주군 용진읍 상운리 755-3(전), 755-4(전), 754(전), 753(전)(토지위)",,,,정상가동,99.28,380,60,2020,,2020-05-18,,1229.0,2024-01-29
용진11호태양광발전소,,"전북특별자치도 완주군 용진읍 상운리 761-2(전), 762-10(답), 757-6(전), 757-7(전)(토지위)",,,,정상가동,99.28,380,60,2020,,2020-05-18,,1276.0,2024-01-29
용진12호태양광발전소,,"전북특별자치도 완주군 용진읍 상운리 761-1(전), 762-9(답), 757-5(전), 757-2(전), 756-1(전)(토지위)",,,,정상가동,99.28,380,60,2020,,2020-05-18,,1214.0,2024-01-29
용진13호태양광발전소,,"전북특별자치도 완주군 용진읍 상운리 763-4(전), 762-7(답), 757-4(전), 755-5(전), 756(전)(토지위)",,,,정상가동,99.28,380,60,2020,,2020-05-18,,1214.0,2024-01-29
용진14호태양광발전소,,"전북특별자치도 완주군 용진읍 상운리 755-2(전), 762-6(답), 757-3(전)(토지위)",,,,정상가동,99.28,380,60,2020,,2020-05-18,,1207.0,2024-01-29
용진15호태양광발전소,,"전북특별자치도 완주군 용진읍 상운리 761(전), 762-8(답), 763-3(전)(토지위)",,,,정상가동,99.28,380,60,2020,,2020-05-18,,1427.0,2024-01-29
용진16호태양광발전소,,"전북특별자치도 완주군 용진읍 상운리 755-1(전), 757-1(전), 762-4(답), 762-2(답), 763-1(전)(토지위)",,,,정상가동,99.28,380,60,2020,,2020-05-18,,1250.0,2024-01-29
용진17호태양광발전소,,"전북특별자치도 완주군 용진읍 상운리 755(전), 762-3(답), 763(전)(토지위)",,,,정상가동,99.28,380,60,2020,,2020-05-18,,1570.0,2024-01-29
지상5호기태양광발전소,,"전북특별자치도 완주군 비봉면 이전리 359-1(목), 359(전), 359-3(목), 1004-2(목)(건물위)",,,,정상가동,99.6,380,60,2020,,2020-05-19,,722.5,2024-01-29
한원1호태양광발전소,,전북특별자치도 완주군 봉동읍 장구리 584-7(장)(건물위),35.9656444081652,127.114773823832,,정상가동,98.77,380,60,2020,,2020-05-20,,696.2,2024-01-29
한원2호태양광발전소,,전북특별자치도 완주군 봉동읍 장구리 584-7(장)(건물위),35.9656444081652,127.114773823832,,정상가동,98.77,380,60,2020,,2020-05-20,,670.43,2024-01-29
한원3호태양광발전소,,전북특별자치도 완주군 봉동읍 장구리 584-7(장)(건물위),35.9656444081652,127.114773823832,,정상가동,98.77,380,60,2020,,2020-05-20,,670.43,2024-01-29
한원4호태양광발전소,,전북특별자치도 완주군 봉동읍 장구리 584-7(장)(건물위),35.9656444081652,127.114773823832,,정상가동,98.77,380,60,2020,,2020-05-20,,670.43,2024-01-29
태덕1호태양광발전소,,"전북특별자치도 완주군 봉동읍 낙평리 899(대), 900-2(전)(건물위)",,,,정상가동,28.86,380,60,2020,,2020-05-25,,153.2,2024-01-29
태덕2호태양광발전소,,"전북특별자치도 완주군 봉동읍 낙평리 899(대), 900-2(전)(건물위)",,,,정상가동,19.5,380,60,2020,,2020-05-25,,98.2,2024-01-29
엄명해태양광발전소,,전북특별자치도 완주군 경천면 가천리 288(대)(토지위),36.0383475432534,127.27095880257,,정상가동,29.88,380,60,2020,,2020-05-28,,148.58,2024-01-29
박한성태양광발전소,,전북특별자치도 완주군 구이면 백여리 1056(대)(건물위),35.6583137675274,127.096063286234,,정상가동,29.88,380,60,2020,,2020-05-28,,148.58,2024-01-29
종리상영태양광발전소,,"전북특별자치도 완주군 화산면 종리 1379-1(답)(건물위)(주3,주4)",36.0182178031147,127.221456535963,,정상가동,99.375,380,60,2020,,2020-06-01,,625.6,2024-01-29
종리용찬태양광발전소,,"전북특별자치도 완주군 화산면 종리 1379-1(답)(건물위)(주5,주6)",36.0182178031147,127.221456535963,,정상가동,99.375,380,60,2020,,2020-06-01,,625.6,2024-01-29
종리현순태양광발전소,,"전북특별자치도 완주군 화산면 종리 1379-1(답)(건물위)(주7,주9)",36.0182178031147,127.221456535963,,정상가동,99.375,380,60,2020,,2020-06-01,,561.26,2024-01-29
종리미진태양광발전소,,"전북특별자치도 완주군 화산면 종리 1379-1(답)(건물위)(주8,주10)",36.0182178031147,127.221456535963,,정상가동,99.375,380,60,2020,,2020-06-01,,585.86,2024-01-29
대동철강태양광발전소2호,,전북특별자치도 완주군 봉동읍 장구리 580-8(건물위),35.9704766254493,127.122825954925,,정상가동,934.4,22900,60,2020,,2020-06-03,,5244.87,2024-01-29
동선태양광발전소,,전북특별자치도 완주군 이서면 반교리 463-1(건물위),35.8464305492525,127.022945892544,,정상가동,30.0,380,60,2020,,2020-06-04,,130.0,2024-01-29
제이아이쏠라(JI SOLAR),,"전북특별자치도 완주군 이서면 이성리 592-1(창)(주1,주2)(건물위)",35.8102773156256,127.042786856356,,정상가동,28.56,380,60,2020,,2020-06-05,,145.68,2024-01-29
은희태양광발전소,,"전북특별자치도 완주군 이서면 남계리 169-62(전), 169-64(전)(토지위)",,,,정상가동,99.6,380,60,2020,,2020-06-15,,1157.0,2024-01-29
대산3태양광발전소,,"전북특별자치도 완주군 이서면 남계리 169-15(전), 169-16(전)(토지위)",,,,정상가동,99.6,380,60,2020,,2020-06-15,,1429.0,2024-01-29
혜찬태양광발전소,,전북특별자치도 완주군 상관면 신리 339-28(장)(건물위),35.7733729904989,127.218981601575,,정상가동,45.6,380,60,2020,,2020-06-16,,234.8,2024-01-29
경인태양광발전소,,전북특별자치도 완주군 봉동읍 용암리 121-6(창)(건물위),35.9577633600987,127.136457030523,,정상가동,43.16,380,60,2020,,2020-06-22,,265.11,2024-01-29
지수태양광발전소,,"전북특별자치도 완주군 화산면 승치리 871-1(답), 871-2(답), 871-3(답), 876-2(답), 876-3(답)(건물위)",,,,정상가동,97.2,380,60,2020,,2020-06-22,,480.0,2024-01-29
현우태양광발전소,,"전북특별자치도 완주군 화산면 승치리 871-1(답), 871-2(답), 871-3(답), 876-2(답), 876-3(답)(건물위)",,,,정상가동,97.2,380,60,2020,,2020-06-22,,480.0,2024-01-29
다영태양광발전소,,"전북특별자치도 완주군 화산면 승치리 871-1(답), 871-2(답), 871-3(답), 876-2(답), 876-3(답)(건물위)",,,,정상가동,97.2,380,60,2020,,2020-06-22,,480.0,2024-01-29
신정마을수상태양광발전소,,"전북특별자치도 완주군 이서면 금평리 554-5(유),628-19(구)(토지위)",,,,정상가동,20.0,380,60,2020,,2020-06-23,,232.0,2024-01-29
비봉우리콩두부태양광발전소,,전북특별자치도 완주군 비봉면 소농리 178-10(장)(건물위),35.9906057111747,127.140732389752,,정상가동,46.8,380,60,2020,,2020-06-24,,238.8,2024-01-29
바다식품태양광발전소,,"전북특별자치도 완주군 상관면 신리 339-18(대), 339-19(장)(건물위)",,,,정상가동,99.9,380,60,2020,,2020-06-25,,581.68,2024-01-29
행복한태양광발전소,,전북특별자치도 완주군 화산면 종리 1376-2(답)(건물위),36.0205240472181,127.221895535452,,정상가동,99.6,380,60,2020,,2020-06-29,,985.0,2024-01-29
삼복2호태양광발전소,,전북특별자치도 완주군 화산면 승치리 351(답)(건물위),36.064161523463,127.222594092078,,정상가동,99.96,380,60,2020,,2020-06-30,,509.9,2024-01-29
삼복3호태양광발전소,,전북특별자치도 완주군 화산면 승치리 351(답)(건물위),36.064161523463,127.222594092078,,정상가동,99.96,380,60,2020,,2020-06-30,,509.9,2024-01-29
용암1호태양광발전소,,전북특별자치도 완주군 상관면 용암리 152-8(전)(토지위),35.7004276913023,127.253946942464,,정상가동,99.0,380,60,2020,,2020-06-30,,941.0,2024-01-29
에디슨3발전소,,"전북특별자치도 완주군 상관면 용암리 152-1(전),152-9(전)(토지위)",,,,정상가동,99.615,380,60,2020,,2020-06-30,,1016.0,2024-01-29
에디슨4발전소,,"전북특별자치도 완주군 상관면 용암리 152-2(전),152-10(전)(토지위)",,,,정상가동,99.615,380,60,2020,,2020-06-30,,963.0,2024-01-29
수연2호태양광발전소,,"전북특별자치도 완주군 상관면 용암리 152-3(전),152-11(전)(토지위)",,,,정상가동,99.615,380,60,2020,,2020-06-30,,971.0,2024-01-29
용암5호태양광발전소,,"전북특별자치도 완주군 상관면 용암리 152-4(전),152-112(전)(토지위)",,,,정상가동,99.615,380,60,2020,,2020-06-30,,1135.0,2024-01-29
용암선양2호태양광발전소,,"전북특별자치도 완주군 상관면 용암리 152-5(전),152-13(전)(토지위)",,,,정상가동,99.615,380,60,2020,,2020-06-30,,802.0,2024-01-29
용암선양1호태양광발전소,,"전북특별자치도 완주군 상관면 용암리 152-6(전),152-14(전)(토지위)",,,,정상가동,99.615,380,60,2020,,2020-06-30,,836.0,2024-01-29
한마음태양광발전소,,전북특별자치도 완주군 화산면 승치리 868(답)(토지위),36.079088574912,127.210757558997,,정상가동,99.96,380,60,2020,,2020-06-30,,1124.0,2024-01-29
한마음1호태양광발전소,,전북특별자치도 완주군 화산면 승치리 868-1(답)(토지위),36.0791113883268,127.211006527056,,정상가동,99.96,380,60,2020,,2020-06-30,,981.0,2024-01-29
한마음2호태양광발전소,,전북특별자치도 완주군 화산면 승치리 868-2(답)(토지위),36.079107377282,127.211237105182,,정상가동,99.96,380,60,2020,,2020-06-30,,959.0,2024-01-29
한마음3호태양광발전소,,전북특별자치도 완주군 화산면 승치리 868-3(답)(토지위),36.0791825530555,127.211433590053,,정상가동,99.96,380,60,2020,,2020-06-30,,1206.0,2024-01-29
광태양광발전소,,전북특별자치도 완주군 삼례읍 석전리 816-3(대)(건물위),35.9203575337206,127.103799627948,,정상가동,29.4,380,60,2020,,2020-07-07,,193.0,2024-01-29
승림정태양광,,전북특별자치도 완주군 화산면 승치리 894-1(잡)(건물위),36.0797512051281,127.214939491743,,정상가동,99.96,380,60,2020,,2020-07-07,,810.0,2024-01-29
SRJ태양광,,"전북특별자치도 완주군 화산면 승치리 894-1(잡), 897(전)(건물위)",,,,정상가동,99.96,380,60,2020,,2020-07-07,,726.0,2024-01-29
아폴론태양광발전소,,전북특별자치도 완주군 용진읍 간중리 465-1(답)(토지위),35.8866151619641,127.187729721987,,정상가동,99.84,380,60,2020,,2020-07-07,,923.0,2024-01-29
세비야태양광발전소,,"전북특별자치도 완주군 용진읍 간중리 462-7(답), 465-2(답)(토지위)",,,,정상가동,99.84,380,60,2020,,2020-07-07,,1039.0,2024-01-29
조은간중태양광발전소,,전북특별자치도 완주군 용진읍 간중리 465(답)(토지위),35.8861135635593,127.187706055844,,정상가동,99.84,380,60,2020,,2020-07-07,,1068.0,2024-01-29
봉황1호태양광발전소,,"전북특별자치도 완주군 화산면 우월리 117, 주1(답)(건물위)",36.046287137727,127.180431103535,,정상가동,299.88,380,60,2020,,2020-07-08,,1529.7,2024-01-29
봉황2호태양광발전소,,"전북특별자치도 완주군 화산면 우월리 117, 주2(답)(건물위)",36.046287137727,127.180431103535,,정상가동,99.96,380,60,2020,,2020-07-08,,509.9,2024-01-29
서윤태양광발전소,,전북특별자치도 완주군 완주군 운주면 구제리 375-1(잡)(토지위),36.0696209352683,127.244521874233,,정상가동,99.9,380,60,2020,,2020-07-09,,1101.0,2024-01-29
운산태양광발전소,,전북특별자치도 완주군 완주군 운주면 구제리 375(잡)(토지위),36.0698188869183,127.244456326716,,정상가동,99.9,380,60,2020,,2020-07-09,,1306.0,2024-01-29
완주태양광발전소,,전북특별자치도 완주군 완주군 운주면 구제리 380(잡)(토지위),36.0692361340144,127.244776996585,,정상가동,99.9,380,60,2020,,2020-07-09,,1592.0,2024-01-29
운주1호태양광발전소,,전북특별자치도 완주군 완주군 운주면 구제리 380-1(전)(토지위),36.0689041809013,127.245102102964,,정상가동,99.9,380,60,2020,,2020-07-09,,1090.0,2024-01-29
운주2호태양광발전소,,전북특별자치도 완주군 완주군 운주면 구제리 380-2(전)(토지위),36.0687419474201,127.245152884216,,정상가동,99.9,380,60,2020,,2020-07-09,,1402.0,2024-01-29
은교1호태양광,,전북특별자치도 완주군 완주군 이서면 은교리 652-40(장)(건물위),35.8182183689994,127.009401997755,,정상가동,99.45,380,60,2020,,2020-07-14,,924.0,2024-01-29
은교2호태양광,,전북특별자치도 완주군 완주군 이서면 은교리 652-40(장)(건물위),35.8182183689994,127.009401997755,,정상가동,60.0,380,60,2020,,2020-07-14,,672.0,2024-01-29
SEN1태양광발전소,,"전북특별자치도 완주군 봉동읍 장구리 584-4(장)(건물위)(주1,부1)",35.9657592740692,127.115381510647,,정상가동,90.72,380,60,2020,,2020-07-16,,427.7,2024-01-29
SEN2태양광발전소,,전북특별자치도 완주군 봉동읍 장구리 584-4(장)(건물위)(주2),35.9657592740692,127.115381510647,,정상가동,83.16,380,60,2020,,2020-07-16,,392.0,2024-01-29
SEN3태양광발전소,,전북특별자치도 완주군 봉동읍 장구리 584-4(장)(건물위)(주3),35.9657592740692,127.115381510647,,정상가동,83.16,380,60,2020,,2020-07-16,,392.0,2024-01-29
SEN4태양광발전소,,전북특별자치도 완주군 봉동읍 장구리 584-4(장)(건물위)(주4),35.9657592740692,127.115381510647,,정상가동,83.16,380,60,2020,,2020-07-16,,392.0,2024-01-29
천연태양광발전소,,전북특별자치도 완주군 비봉면 백도리 1033-1(답)(토지위),36.0133963115646,127.162509018339,,정상가동,97.68,380,60,2020,,2020-07-27,,1320.0,2024-01-29
온빛태양광발전소,,전북특별자치도 완주군 비봉면 백도리 1033-1(답)(토지위),36.0133963115646,127.162509018339,,정상가동,70.3,380,60,2020,,2020-07-27,,868.0,2024-01-29
이진문태양광발전소,,전북특별자치도 완주군 비봉면 수선리 142-2(답)(토지위),36.0104694122525,127.184248975676,,정상가동,97.68,380,60,2020,,2020-07-27,,1339.0,2024-01-29
판님태양광발전소,,전북특별자치도 완주군 비봉면 수선리 140-1(답)(토지위),36.0102217359883,127.184143354746,,정상가동,97.68,380,60,2020,,2020-07-27,,1627.0,2024-01-29
대서태양광발전소,,전북특별자치도 완주군 화산면 와룡리 1057-5(답)(건물위)(주1),36.0146676493132,127.206627062257,,정상가동,99.6,380,60,2020,,2020-07-27,,489.6,2024-01-29
유건1호태양광발전소,,전북특별자치도 완주군 봉동읍 구암리 807-15(장)(건물위),35.9507385590327,127.107448984074,,정상가동,59.76,380,60,2020,,2020-07-27,,297.0,2024-01-29
서준태양광발전소,,전북특별자치도 완주군 화산면 승치리 887(답)(건물위),36.0780226350903,127.215458240271,,정상가동,97.2,380,60,2020,,2020-07-27,,968.0,2024-01-29
ECO EM,,전북특별자치도 완주군 봉동읍 장구리 575-2(장)(건물위),35.9766966395514,127.118396753014,,정상가동,270.6,22900,60,2020,,2020-07-27,,1341.18,2024-01-29
완주화중태양광발전소,,"전북특별자치도 완주군 봉동읍 구만리 1102-58,1102-143(답), 고천리 1014-8, 1014-77(답)(토지위)",,,,정상가동,99.6,380,60,2020,,2020-07-29,,1244.0,2024-01-29
완주화중1태양광발전소,,"전북특별자치도 완주군 봉동읍 구만리 927-7(답), 927-8(답), 927-9(답)(토지위)",,,,정상가동,99.6,380,60,2020,,2020-07-29,,1281.0,2024-01-29
완주윤재태양광발전소,,"전북특별자치도 완주군 봉동읍 구만리 1102-141(답), 고천리 1014-76(답)(토지위)",35.909515392432,127.143882337693,,정상가동,99.6,380,60,2020,,2020-07-29,,1192.0,2024-01-29
신진태양광발전소,,전북특별자치도 완주군 봉동읍 구만리 1102-142(답)(토지위),35.9092387688763,127.143832981807,,정상가동,99.6,380,60,2020,,2020-07-29,,1147.0,2024-01-29
선옥태양광발전소,,"전북특별자치도 완주군 화산면 운산리 393(답), 394(답)(건물위)",,,,정상가동,98.4,380,60,2020,,2020-07-29,,895.76,2024-01-29
승치1호태양광발전소,,전북특별자치도 완주군 화산면 승치리 871(답)(건물위),36.0790874459446,127.213230084978,,정상가동,97.2,380,60,2020,,2020-08-12,,480.0,2024-01-29
승치2호태양광발전소,,전북특별자치도 완주군 화산면 승치리 871(답)(건물위),36.0790874459446,127.213230084978,,정상가동,97.2,380,60,2020,,2020-08-12,,480.0,2024-01-29
승치3호태양광발전소,,"전북특별자치도 완주군 화산면 승치리 697(목), 698-1(전), 698-2(전), 698-3(전), 698-4(전)(건물위)",,,,정상가동,97.2,380,60,2020,,2020-08-12,,480.0,2024-01-29
승치4호태양광발전소,,"전북특별자치도 완주군 화산면 승치리 697(목), 698-1(전), 698-2(전), 698-3(전), 698-4(전)(건물위)",,,,정상가동,97.2,380,60,2020,,2020-08-12,,480.0,2024-01-29
승치5호태양광발전소,,"전북특별자치도 완주군 화산면 승치리 697(목), 698-1(전), 698-2(전), 698-3(전), 698-4(전)(건물위)",,,,정상가동,97.2,380,60,2020,,2020-08-12,,480.0,2024-01-29
상삼태양광발전소,,"전북특별자치도 완주군 용진읍 상삼리 1138-1(잡), 1138-2(잡)(건물위)",,,,정상가동,49.14,380,60,2020,,2020-08-14,,220.5,2024-01-29
승진태양광발전소,,"전북특별자치도 완주군 화산면 승치리 268-6(목), 272-2(답), 271(임)(건물위)(주1)",,,,정상가동,99.68,380,60,2020,,2020-08-18,,495.0,2024-01-29
승진1호태양광발전소,,전북특별자치도 완주군 화산면 승치리 240(전)(건물위)(주2),36.0609708220882,127.226498775666,,정상가동,99.68,380,60,2020,,2020-08-18,,495.0,2024-01-29
승진2호태양광발전소,,전북특별자치도 완주군 화산면 승치리 240(전)(건물위)(주1),36.0609708220882,127.226498775666,,정상가동,49.84,380,60,2020,,2020-08-18,,247.0,2024-01-29
승우1호태양광발전소,,"전북특별자치도 완주군 화산면 승치리 269-1(목), 268-4(목)(건물위)(주3)",,,,정상가동,99.68,380,60,2020,,2020-08-18,,495.0,2024-01-29
라니1호태양광발전소,,"전북특별자치도 완주군 화산면 승치리 269-1(목), 267-6(답)(건물위)(주4)",,,,정상가동,199.2,380,60,2020,,2020-08-18,,989.0,2024-01-29
화산골4호태양광발전소,,전북특별자치도 완주군 화산면 운산리 249(전)(건물위),36.0595713179575,127.149415189051,,정상가동,99.6,380,60,2020,,2020-08-18,,520.0,2024-01-29
대동태양광발전소,,전북특별자치도 완주군 용진읍 상운리 388-1(창)(건물위),35.8914320676233,127.149681004495,,정상가동,50.4,380,60,2020,,2020-08-18,,294.88,2024-01-29
지일태양광발전소,,전북특별자치도 완주군 이서면 남계리 150(전)(토지위),35.86174391447,127.02457030858,,정상가동,99.615,380,60,2020,,2020-08-19,,1214.0,2024-01-29
성심태양광발전소,,"전북특별자치도 완주군 이서면 남계리 169-61(전), 169-7(전), 169-9(전)(토지위)",,,,정상가동,99.615,380,60,2020,,2020-08-19,,1300.0,2024-01-29
랜드로퍼태양광발전소1호,,"전북특별자치도 완주군 이서면 남계리 169-53(전), 169-60(전)(토지위)",,,,정상가동,99.615,380,60,2020,,2020-08-19,,1042.0,2024-01-29
랜드로퍼태양광발전소2호,,전북특별자치도 완주군 이서면 남계리 169-57(전)(토지위),35.8624618546355,127.023668293564,,정상가동,99.615,380,60,2020,,2020-08-19,,1195.0,2024-01-29
랜드로퍼태양광발전소3호,,"전북특별자치도 완주군 이서면 남계리 169-58(전), 169-54(전)(토지위)",,,,정상가동,99.615,380,60,2020,,2020-08-19,,1046.0,2024-01-29
랜드로퍼태양광발전소4호,,전북특별자치도 완주군 이서면 남계리 169-8(전)(토지위),35.8627417132523,127.023571055776,,정상가동,99.615,380,60,2020,,2020-08-19,,815.0,2024-01-29
소두러니태양광발전소,,전북특별자치도 완주군 화산면 우월리 363-4(목)(건물위),36.0538989934213,127.168527597659,,정상가동,99.12,380,60,2020,,2020-08-24,,350.0,2024-01-29
진흥태양광발전소,,전북특별자치도 완주군 봉동읍 둔산리 924-13(장)(건물위),35.9577074148713,127.131430877986,,정상가동,999.0,22900,60,2020,,2020-08-24,,4853.1,2024-01-29
승규태양광발전소,,전북특별자치도 완주군 경천면 가천리 651(전)(건물위),36.0364648024395,127.263760361837,,정상가동,91.8,380,60,2020,,2020-08-27,,569.8,2024-01-29
유리태양광발전소,,전북특별자치도 완주군 경천면 가천리 651(전)(건물위),36.0364648024395,127.263760361837,,정상가동,91.8,380,60,2020,,2020-08-27,,570.0,2024-01-29
송희태양광발전소,,전북특별자치도 완주군 경천면 가천리 652-1(전)(건물위),36.0367471990815,127.263248776787,,정상가동,91.8,380,60,2020,,2020-08-27,,540.64,2024-01-29
은미태양광발전소,,전북특별자치도 완주군 경천면 가천리 652-1(전)(건물위),36.0367471990815,127.263248776787,,정상가동,91.8,380,60,2020,,2020-08-27,,600.0,2024-01-29
희조태양광발전소,,전북특별자치도 완주군 경천면 가천리 652-1(전)(건물위),36.0367471990815,127.263248776787,,정상가동,91.8,380,60,2020,,2020-08-27,,534.0,2024-01-29
현조태양광발전소,,"전북특별자치도 완주군 경천면 가천리 651, 652-1(전)(건물위)",,,,정상가동,91.8,380,60,2020,,2020-08-27,,615.5,2024-01-29
유리1호태양광발전소,,전북특별자치도 완주군 화산면 화월리 446-1(답)(건물위),36.0270460461917,127.197194929276,,정상가동,49.98,380,60,2020,,2020-08-31,,255.0,2024-01-29
유리2호태양광발전소,,전북특별자치도 완주군 비봉면 수선리 1288(답)(건물위),36.018761140012,127.17648515059,,정상가동,42.0,380,60,2020,,2020-08-31,,202.0,2024-01-29
선우1호태양광발전소,,"전북특별자치도 완주군 화산면 운곡리 49-1(목), 49-2(목), 185-1(답)(건물위)",,,,정상가동,99.75,380,60,2020,,2020-08-31,,530.4,2024-01-29
선우2호태양광발전소,,전북특별자치도 완주군 화산면 운곡리 50-1(목)(건물위),36.0434157791476,127.189919262355,,정상가동,93.0,380,60,2020,,2020-08-31,,494.51,2024-01-29
서봉1호태양광발전소,,"전북특별자치도 완주군 고산면 서봉리 536(전),622(답)(건물위)",,,,정상가동,99.6,380,60,2020,,2020-09-01,,484.0,2024-01-29
서봉2호태양광발전소,,"전북특별자치도 완주군 고산면 서봉리 536(전),622(답)(건물위)",,,,정상가동,99.6,380,60,2020,,2020-09-01,,484.0,2024-01-29
남광이앤씨태양광발전소,,전북특별자치도 완주군 봉동읍 둔산리 868-2(장)(건물위),35.9611461857542,127.116416171696,,정상가동,496.44,22900,60,2020,,2020-09-03,,4056.47,2024-01-29
남광스틸태양광발전소,,전북특별자치도 완주군 봉동읍 둔산리 868-3(장)(건물위),35.9604359095508,127.116518999463,,정상가동,498.96,22900,60,2020,,2020-09-03,,3123.99,2024-01-29
후성태양광발전소,,전북특별자치도 완주군 봉동읍 장구리 578-1(장)(건물위),35.9730798488158,127.11888960915,,정상가동,499.8,380,60,2020,,2020-09-03,,4739.71,2024-01-29
태경발전소,,"전북특별자치도 완주군 화산면 와룡리 91-12(답), 92-5(답)(토지위)",,,,정상가동,99.76,380,60,2020,,2020-09-08,,1115.0,2024-01-29
아침의나라,,"전북특별자치도 완주군 화산면 와룡리 91-11(답), 91-14(답), 92-4(답)(토지위)",,,,정상가동,99.76,380,60,2020,,2020-09-08,,1022.0,2024-01-29
해바라기태양광,,"전북특별자치도 완주군 화산면 와룡리 91-10(답), 92-3(답), 92-8(답)(토지위)",,,,정상가동,99.76,380,60,2020,,2020-09-08,,982.0,2024-01-29
엔솔라지,,"전북특별자치도 완주군 화산면 와룡리 91-9(답), 92(답)(토지위)",,,,정상가동,99.76,380,60,2020,,2020-09-08,,1288.0,2024-01-29
달마지오1태양광발전소,,"전북특별자치도 완주군 경천면 가천리 219(대), 220(대)(건물위)",,,,정상가동,19.8,220,60,2020,,2020-09-14,,92.55,2024-01-29
성옥발전소,,전북특별자치도 완주군 이서면 남계리 435(전)(토지위),35.8538929172685,127.01657771318,,정상가동,99.96,380,60,2020,,2020-09-22,,1360.0,2024-01-29
쓰리축코리아태양광발전소,,전북특별자치도 완주군 봉동읍 장구리 581-8(장)(건물위),35.9742564655172,127.115421371903,,정상가동,499.8,380,60,2020,,2020-09-22,,2408.45,2024-01-29
홍빈태양광발전소,,전북특별자치도 완주군 화산면 종리 1187(답)(건물위),36.0046976170188,127.238077816171,,정상가동,46.8,380,60,2020,,2020-09-22,,350.85,2024-01-29
달마지오2태양광발전소,,전북특별자치도 완주군 경천면 가천리 219-1(대)(토지위),36.0394146323201,127.272849294259,,정상가동,29.82,380,60,2020,,2020-09-22,,148.58,2024-01-29
한준솔라4호태양광발전소,,전북특별자치도 완주군 이서면 은교리 386(장)(주5)(건물위),35.8152611570835,127.02081959697,,정상가동,99.0,380,60,2020,,2020-09-23,,651.56,2024-01-29
한준솔라5호태양광발전소,,전북특별자치도 완주군 이서면 은교리 386(장)(주6)(건물위),35.8152611570835,127.02081959697,,정상가동,99.0,380,60,2020,,2020-09-23,,651.56,2024-01-29
한준솔라6호태양광발전소,,전북특별자치도 완주군 이서면 은교리 386(장)(주7)(건물위),35.8152611570835,127.02081959697,,정상가동,99.0,380,60,2020,,2020-09-23,,651.56,2024-01-29
한준솔라7호태양광발전소,,전북특별자치도 완주군 이서면 은교리 386(장)(주8)(건물위),35.8152611570835,127.02081959697,,정상가동,99.0,380,60,2020,,2020-09-23,,651.56,2024-01-29
한준솔라8호태양광발전소,,전북특별자치도 완주군 이서면 은교리 386(장)(주9)(건물위),35.8152611570835,127.02081959697,,정상가동,99.0,380,60,2020,,2020-09-23,,651.56,2024-01-29
버들2호태양광발전소,,전북특별자치도 완주군 삼례읍 구와리 51-18(목)(건물위),35.906972559163,127.117978410057,,정상가동,97.2,380,60,2020,,2020-09-28,,483.0,2024-01-29
한국차체1호태양광발전소,,"전북특별자치도 완주군 봉동읍 용암리 789(장),789-1(장),790-2(장)(건물위)",,,,정상가동,493.08,380,60,2020,,2020-09-29,,9746.24,2024-01-29
한국차체2호태양광발전소,,"전북특별자치도 완주군 봉동읍 용암리 767-2(장),767-5(장)(건물위)",,,,정상가동,992.46,22900,60,2020,,2020-09-29,,7516.79,2024-01-29
한국차체3호태양광발전소,,전북특별자치도 완주군 봉동읍 용암리 802(장)(건물위),35.9456091927738,127.130330770637,,정상가동,499.8,380,60,2020,,2020-09-29,,4589.17,2024-01-29
제이앤디태양광발전소,,전북특별자치도 완주군 봉동읍 용암리 850(장)(건물위),35.938788691798,127.133279784904,,정상가동,987.42,22900,60,2020,,2020-09-29,,6757.46,2024-01-29
승수태양광,,전북특별자치도 완주군 화산면 화월리 435-1(목)(건물위),36.0263275973877,127.197188701054,,정상가동,99.76,380,60,2020,,2020-10-08,,645.16,2024-01-29
우리1호태양광발전소,,"전북특별자치도 완주군 화산면 화평리 259-1(답),260-1(목)(건물위)",,,,정상가동,97.65,380,60,2020,,2020-10-12,,496.4,2024-01-29
우리2호태양광발전소,,"전북특별자치도 완주군 화산면 화평리 259-1(답),260(목),260-1(목)(건물위)",,,,정상가동,97.65,380,60,2020,,2020-10-12,,496.4,2024-01-29
우리3호태양광발전소,,"전북특별자치도 완주군 화산면 화평리 260(목),260-1(목)(건물위)",,,,정상가동,97.2,380,60,2020,,2020-10-12,,496.4,2024-01-29
창익1호태양광발전소,,전북특별자치도 완주군 삼례읍 석전리 560-2(대)(건물위),35.9342186871771,127.100388834026,,정상가동,19.8,220,60,2020,,2020-10-13,,99.26,2024-01-29
티디씨에너지2호태양광발전소,,전북특별자치도 완주군 이서면 은교리 617-1(장)(건물위),35.8189294295875,127.011832219687,,정상가동,99.84,380,60,2020,,2020-10-15,,2768.0,2024-01-29
위플러스발전,,"전북특별자치도 완주군 상관면 용암리 152,153,160-6(전)(토지위)",,,,정상가동,99.68,380,60,2020,,2020-10-23,,1311.0,2024-01-29
신태양광발전소,,"전북특별자치도 완주군 상관면 용암리 159,159-4,160-2,160-5(전)(토지위)",,,,정상가동,99.68,380,60,2020,,2020-10-23,,1122.0,2024-01-29
지한상관4호태양광발전소,,"전북특별자치도 완주군 상관면 용암리 155-1,159-2,160-1(전)(토지위)",,,,정상가동,99.68,380,60,2020,,2020-10-23,,1087.0,2024-01-29
연두태양광발전소,,"전북특별자치도 완주군 상관면 용암리 159-3,160-3(전)(토지위)",,,,정상가동,99.68,380,60,2020,,2020-10-23,,1023.0,2024-01-29
신지리1호태양광발전소,,"전북특별자치도 완주군 용진읍 신지리 3-1(답), 4-7(답)(토지위)",,,,정상가동,99.45,380,60,2020,,2020-10-30,,1247.0,2024-01-29
신지리2호태양광발전소,,전북특별자치도 완주군 용진읍 신지리 3(답)(토지위),35.940190978686,127.190344151544,,정상가동,99.45,380,60,2020,,2020-10-30,,1462.0,2024-01-29
최승홍태양광발전소,,전북특별자치도 완주군 봉동읍 둔산리 874-6(대)(건물위),35.9629969936644,127.126114489603,,정상가동,18.0,220,60,2020,,2020-10-30,,129.71,2024-01-29
우리4호태양광발전소,,"전북특별자치도 완주군 화산면 운곡리 661(목), 661-2(목)(건물위)",,,,정상가동,99.0,380,60,2020,,2020-11-02,,491.9,2024-01-29
우리5호태양광발전소,,"전북특별자치도 완주군 화산면 운곡리 661(목), 661-2(목)(건물위)",,,,정상가동,99.0,380,60,2020,,2020-11-02,,491.9,2024-01-29
강복1호태양광발전소,,"전북특별자치도 완주군 고산면 삼기리 945-18(답),945-21(답),945-22(답)(건물위)",,,,정상가동,99.9,380,60,2020,,2020-11-02,,497.28,2024-01-29
강복2호태양광발전소,,"전북특별자치도 완주군 고산면 삼기리 945-18(답),945-21(답),945-22(답)(건물위)",,,,정상가동,99.9,380,60,2020,,2020-11-02,,497.28,2024-01-29
강복3호태양광발전소,,"전북특별자치도 완주군 고산면 삼기리 945-18(답),945-21(답),945-22(답)(건물위)",,,,정상가동,99.9,380,60,2020,,2020-11-02,,496.0,2024-01-29
꼬리별1호태양광발전소,,전북특별자치도 완주군 봉동읍 구암리 807-13(장)(건물위),35.9503949300931,127.107734818396,,정상가동,60.48,380,60,2020,,2020-11-04,,296.91,2024-01-29
대성태양광발전소,,전북특별자치도 완주군 용진읍 용흥리 306(대)(건물위),35.8886907541947,127.167613535724,,정상가동,10.465,380,60,2020,,2020-11-06,,48.0,2024-01-29
SH1호에너지,,"전북특별자치도 완주군 봉동읍 용암리 848, 주1(장)(건물위)",35.9355938961087,127.129974888984,,정상가동,99.9,380,60,2020,,2020-11-06,,520.0,2024-01-29
SH2호에너지,,"전북특별자치도 완주군 봉동읍 용암리 848, 주1(장)(건물위)",35.9355938961087,127.129974888984,,정상가동,99.9,380,60,2020,,2020-11-06,,520.0,2024-01-29
SH3호에너지,,"전북특별자치도 완주군 봉동읍 용암리 848, 주1(장)(건물위)",35.9355938961087,127.129974888984,,정상가동,99.9,380,60,2020,,2020-11-06,,520.0,2024-01-29
바울1호태양광,,전북특별자치도 완주군 화산면 춘산리 151-1(목)(건물 위),36.0507979171301,127.204003982862,,정상가동,99.76,380,60,2020,,2020-11-09,,497.04,2024-01-29
바울2호태양광,,전북특별자치도 완주군 화산면 춘산리 152-6(목)(건물 위),36.0504750902201,127.203637803895,,정상가동,99.76,380,60,2020,,2020-11-09,,497.04,2024-01-29
장미태양광발전소,,전북특별자치도 완주군 화산면 운곡리 714-3(답)(건물 위),36.0691543128192,127.185640882398,,정상가동,71.55,380,60,2020,,2020-11-09,,497.04,2024-01-29
삼광태양광발전소,,"전북특별자치도 완주군 화산면 와룡리 94(답),95-1(전),96-2(답)(토지위)",,,,정상가동,99.96,380,60,2020,,2020-11-10,,1638.0,2024-01-29
무림2호태양광발전소,,"전북특별자치도 완주군 화산면 와룡리 94-2(답),95-2(전),96-4(답)(토지위)",,,,정상가동,99.96,380,60,2020,,2020-11-10,,950.0,2024-01-29
도담태양광발전소,,"전북특별자치도 완주군 화산면 와룡리 94-1(답),95(전),96-3(답)(토지위)",,,,정상가동,99.96,380,60,2020,,2020-11-10,,1012.0,2024-01-29
명신2태양광발전소,,전북특별자치도 완주군 화산면 와룡리 94-3(답)(토지위),36.022996683106,127.212323124887,,정상가동,99.96,380,60,2020,,2020-11-10,,1161.0,2024-01-29
태한태양광발전소,,전북특별자치도 완주군 용진읍 상삼리 470(답)(토지위),35.8645212647444,127.189737663486,,정상가동,99.9,380,60,2020,,2020-11-13,,1200.0,2024-01-29
경운태양광발전소,,전북특별자치도 완주군 용진읍 상삼리 470-1(답)(토지위),35.8642813691041,127.189897524693,,정상가동,99.9,380,60,2020,,2020-11-13,,1200.0,2024-01-29
다정태양광발전소,,전북특별자치도 완주군 용진읍 상삼리 470-2(답)(토지위),35.8640045525932,127.190094941394,,정상가동,99.9,380,60,2020,,2020-11-13,,1200.0,2024-01-29
경원태양광,,"전북특별자치도 완주군 화산면 화평리 186-4(답), 234-9(답)(토지위)",,,,정상가동,99.76,380,60,2020,,2020-11-13,,1065.0,2024-01-29
명신태양광,,"전북특별자치도 완주군 화산면 화평리 186-3(답), 234-7(답)(토지위)",,,,정상가동,99.76,380,60,2020,,2020-11-13,,1093.0,2024-01-29
갑용태양광,,"전북특별자치도 완주군 화산면 화평리 186-2(답), 234-6(답)(토지위)",,,,정상가동,99.76,380,60,2020,,2020-11-13,,1282.0,2024-01-29
대길태양광,,"전북특별자치도 완주군 화산면 화평리 186-1(답), 234-5(답)(토지위)",,,,정상가동,99.76,380,60,2020,,2020-11-13,,1224.0,2024-01-29
대승태양광,,"전북특별자치도 완주군 화산면 화평리 186(답), 234-3(답)(토지위)",,,,정상가동,99.76,380,60,2020,,2020-11-13,,1118.0,2024-01-29
해바라기태양광,,전북특별자치도 완주군 화산면 화평리 186-6(답)(토지위),36.0341968320288,127.211783305782,,정상가동,99.76,380,60,2020,,2020-11-13,,1257.0,2024-01-29
행복발전소,,전북특별자치도 완주군 화산면 화평리 186-7(답)(토지위),36.0345065920158,127.211931597591,,정상가동,99.76,380,60,2020,,2020-11-13,,1360.0,2024-01-29
선샤인태양광,,"전북특별자치도 완주군 화산면 화평리 186-8(답),186-13(답)(토지위)",,,,정상가동,99.76,380,60,2020,,2020-11-13,,1178.0,2024-01-29
무림태양광,,전북특별자치도 완주군 화산면 화평리 186-9(답)(토지위),36.0350896823961,127.212391861477,,정상가동,99.76,380,60,2020,,2020-11-13,,1398.0,2024-01-29
뉴텍태양광발전소,,전북특별자치도 완주군 봉동읍 장구리 581-5(장)(건물위),35.9753389068767,127.117407606915,,정상가동,570.6,22900,60,2020,,2020-11-14,,2780.1,2024-01-29
하다1호태양광발전소,,"전북특별자치도 완주군 화산면 화월리 760-1(목), 760-4(목)(건물위)",,,,정상가동,99.45,380,60,2020,,2020-11-30,,714.0,2024-01-29
하다2호태양광발전소,,"전북특별자치도 완주군 화산면 화월리 68-3(목), 68-4(목)(건물위)",,,,정상가동,99.45,380,60,2020,,2020-11-30,,714.0,2024-01-29
선옥태양광발전소2호,,전북특별자치도 완주군 화산면 운산리 397(답)(건물위),36.0656492831364,127.141751936379,,정상가동,75.6,380,60,2020,,2020-12-01,,369.6,2024-01-29
KEPCO-9-F2-삼아엠티태양광발전소,,전북특별자치도 완주군 봉동읍 둔산리 863-12(장)(건물위),35.9636063712622,127.11652587408,,정상가동,271.575,380,60,2020,,2020-12-01,,1825.0,2024-01-29
두레농장태양광발전소,,전북특별자치도 완주군 화산면 운곡리 313(답)(건물위),36.0552581266472,127.189417305298,,정상가동,99.76,380,60,2020,,2020-12-01,,510.91,2024-01-29
두레농장1호태양광발전소,,전북특별자치도 완주군 화산면 운곡리 313(답)(건물위),36.0552581266472,127.189417305298,,정상가동,99.76,380,60,2020,,2020-12-01,,510.91,2024-01-29
다빈태양광발전소,,"전북특별자치도 완주군 소양면 명덕리 852-2(답), 854-1(답), 855(답)(토지위)",,,,정상가동,99.45,380,60,2020,,2020-12-04,,969.0,2024-01-29
하영태양광,,"전북특별자치도 완주군 소양면 명덕리 852(답), 854(답), 855(답)(토지위)",,,,정상가동,99.45,380,60,2020,,2020-12-04,,891.0,2024-01-29
장순문태양광발전소,,전북특별자치도 완주군 구이면 계곡리 537(장)(건물위),35.6619047070446,127.112462495153,,정상가동,49.56,380,60,2020,,2020-12-09,,252.8,2024-01-29
국민태양광발전소,,전북특별자치도 완주군 구이면 원기리 939-5(대)(건물위),35.7311615297711,127.110970497775,,정상가동,15.015,380,60,2020,,2020-12-09,,90.96,2024-01-29
예곡농장태양광발전소,,전북특별자치도 완주군 화산면 춘산리 335-3(목)(건물위),36.0578544534928,127.198828403016,,정상가동,99.76,380,60,2020,,2020-12-09,,510.91,2024-01-29
태양1호태양광발전소,,"전북특별자치도 완주군 화산면 운곡리 970-1(잡), 970-2(전), 971(전)(건물위)",,,,정상가동,99.44,380,60,2020,,2020-12-10,,450.0,2024-01-29
태양2호태양광발전소,,"전북특별자치도 완주군 화산면 운곡리 970-1(잡), 970-2(전), 971(전)(건물위)",,,,정상가동,99.44,380,60,2020,,2020-12-10,,450.0,2024-01-29
태양3호태양광발전소,,"전북특별자치도 완주군 화산면 운곡리 970-1(잡), 970-2(전), 971(전)(건물위)",,,,정상가동,49.72,380,60,2020,,2020-12-10,,250.0,2024-01-29
썬로드1호태양광,,전북특별자치도 완주군 봉동읍 둔산리 852-7(대)(건물위),35.9685956750351,127.12245086644,,정상가동,99.55,380,60,2020,,2020-12-14,,1896.02,2024-01-29
지엠테크,,전북특별자치도 완주군 봉동읍 둔산리 868-10(장)(건물위),35.960813878318,127.115598353712,,정상가동,99.45,380,60,2020,,2020-12-14,,518.0,2024-01-29
제이테크2,,전북특별자치도 완주군 봉동읍 둔산리 868-11(장)(건물위),35.9612401474641,127.115615935756,,정상가동,99.45,380,60,2020,,2020-12-14,,472.7,2024-01-29
영광태양광발전소,,전북특별자치도 완주군 삼례읍 해전리 227-10(대)(건물위),35.9017460336031,127.043427112769,,정상가동,99.0,380,60,2020,,2020-12-14,,197.41,2024-01-29
하나원3호태양광발전소,,"전북특별자치도 완주군 운주면 고당리 338-1(답), 338-7(답)(건물위)",,,,정상가동,57.405,380,60,2020,,2020-12-15,,328.71,2024-01-29
다라니태양광발전소,,"전북특별자치도 완주군 화산면 승치리 157-1(전), 157-3(전), 158(전), 158-1(전), 160(전)(건물위)",,,,정상가동,99.76,380,60,2020,,2020-12-15,,510.91,2024-01-29
재명태양광발전소,,전북특별자치도 완주군 운주면 고당리 526(대)(건물위),36.0258925220315,127.350778914211,,정상가동,28.125,220,60,2020,,2020-12-17,,149.25,2024-01-29
정원태양광발전소,,"전북특별자치도 완주군 삼례읍 석전리 34-41(임), 34-43(대), 34-44(답)(건물위)",,,,정상가동,29.7,380,60,2020,,2020-12-21,,139.0,2024-01-29
예곡농장1태양광발전소,,전북특별자치도 완주군 화산면 춘산리 331(전)(건물위),36.0575929319359,127.19822162906,,정상가동,99.88,380,60,2020,,2020-12-23,,493.271,2024-01-29
춘옥태양광발전소,,"전북특별자치도 완주군 화산면 운곡리 821-9(답), 821-10(대)(건물위)",,,,정상가동,99.875,380,60,2020,,2020-12-23,,503.0,2024-01-29
춘옥2태양광발전소,,전북특별자치도 완주군 화산면 우월리 317(목)(건물위),36.0516209068306,127.171431125564,,정상가동,99.875,380,60,2020,,2020-12-23,,503.0,2024-01-29
성도태양광발전소1호,,전북특별자치도 완주군 소양면 원암로 175(해월리 83-5)(전)(건물위),35.8764493802214,127.256987792821,,정상가동,29.92,380,60,2021,,2021-01-07,,137.01,2024-01-29
범용태양광발전소,,"전북특별자치도 완주군 화산면 화월리 1171(목), 1171-3(목), 1172(목)(건물위)",,,,정상가동,99.76,380,60,2021,,2021-01-11,,510.91,2024-01-29
범용1호태양광발전소,,"전북특별자치도 완주군 화산면 화월리 1171(목), 1171-3(목), 1172(목)(건물위)",,,,정상가동,65.36,380,60,2021,,2021-01-11,,334.704,2024-01-29
종혁태양광발전소,,전북특별자치도 완주군 화산면 화평리 252(답)(건물위)(주2),36.0331919588748,127.20745567433,,정상가동,99.45,380,60,2021,,2021-01-11,,2545.5,2024-01-29
희재태양광발전소,,전북특별자치도 완주군 화산면 화평리 252(답)(건물위)(주1),36.0331919588748,127.20745567433,,정상가동,99.45,380,60,2021,,2021-01-11,,1523.25,2024-01-29
상관4태양광발전소,,전북특별자치도 완주군 상관면 용암리 5-25(답)(토지위),35.6946943533045,127.257111720857,,정상가동,52.3,380,60,2021,,2021-01-12,,712.0,2024-01-29
임표1호기태양광발전소,,전북특별자치도 완주군 비봉면 소농리 135(답)(건물위),35.9884390148556,127.142899717752,,정상가동,95.625,380,60,2021,,2021-01-12,,482.0,2024-01-29
임표2호기태양광발전소,,전북특별자치도 완주군 비봉면 소농리 135(답)(건물위),35.9884390148556,127.142899717752,,정상가동,83.3,380,60,2021,,2021-01-12,,420.0,2024-01-29
윤상태양광발전소,,"전북특별자치도 완주군 비봉면 수선리 339-4(목),340-4(목)(건물위)",,,,정상가동,99.68,380,60,2021,,2021-01-12,,510.0,2024-01-29
순지태양광발전소,,"전북특별자치도 완주군 용진읍 신지리 117(목), 118(답), 118-3(목), 1490-3(목)(건물위)",,,,정상가동,99.9,380,60,2021,,2021-01-18,,2724.0,2024-01-29
다라니1호태양광발전소,,"전북특별자치도 완주군 화산면 승치리 157-1(전), 157-3(전), 158(전), 158-1(전), 160(전)(건물위)",,,,정상가동,99.88,380,60,2021,,2021-02-09,,493.271,2024-01-29
범용2호태양광발전소,,"전북특별자치도 완주군 화산면 화월리 1173(답), 1174(목), 1175(답), 1176(답)(건물위)",,,,정상가동,99.88,380,60,2021,,2021-02-09,,493.271,2024-01-29
복태태양광발전소,,"전북특별자치도 완주군 화산면 춘산리 412(목), 413(답)(건물위)",,,,정상가동,99.0,380,60,2021,,2021-02-09,,1259.2,2024-01-29
쏠라파워완주태양광발전소,,"전북특별자치도 완주군 용진읍 상삼리 220-2(답), 220-3(유), 220-4(답)(토지위)",,,,정상가동,99.6,380,60,2021,,2021-02-15,,2310.0,2024-01-29
태광1태양광발전소,,전북특별자치도 완주군 용진읍 상삼리 220-2(답)(토지위),35.8716114329019,127.186386934247,,정상가동,99.6,380,60,2021,,2021-02-15,,1012.0,2024-01-29
대광1태양광발전소,,"전북특별자치도 완주군 용진읍 상삼리 220-1(답), 220-2(답)(토지위)",,,,정상가동,99.6,380,60,2021,,2021-02-15,,1912.0,2024-01-29
KEPCO-9-F3-이엠티태양광발전소,,전북특별자치도 완주군 봉동읍 둔산리 948-6(장)(건물위),35.9503547986483,127.123306217359,,정상가동,599.0,22900,60,2021,,2021-02-18,,2877.0,2024-01-29
준태양광발전소,,전북특별자치도 완주군 봉동읍 둔산리 933-6(대)(건물위),35.9570030366754,127.123510646549,,정상가동,28.0,380,60,2021,,2021-02-18,,205.16,2024-01-29
다해발전소,,전북특별자치도 완주군 비봉면 백도리 982(목)(건물위),36.0114059057339,127.159515941559,,정상가동,95.04,380,60,2021,,2021-02-18,,474.0,2024-01-29
창화발전소,,"전북특별자치도 완주군 화산면 승치리 175-2(전), 175-3(전)(건물위)",,,,정상가동,99.0,380,60,2021,,2021-02-18,,489.5,2024-01-29
이성리1호태양광발전소,,전북특별자치도 완주군 이서면 이성리 226-7(전)(토지위),35.8017746712751,127.051822686618,,정상가동,99.0,380,60,2021,,2021-02-23,,1791.0,2024-01-29
이성리2호태양광발전소,,전북특별자치도 완주군 이서면 이성리 226-3(전)(토지위),35.8020678660352,127.051370606957,,정상가동,99.0,380,60,2021,,2021-02-23,,1355.0,2024-01-29
이성리3호태양광발전소,,전북특별자치도 완주군 이서면 이성리 226-5(전)(토지위),35.8019090723443,127.051349705649,,정상가동,99.0,380,60,2021,,2021-02-23,,1307.0,2024-01-29
이성리4호태양광발전소,,전북특별자치도 완주군 이서면 이성리 226-6(전)(토지위),35.8016275603454,127.051460599983,,정상가동,99.0,380,60,2021,,2021-02-23,,1599.0,2024-01-29
상관1호태양광발전소,,전북특별자치도 완주군 상관면 용암리 5-23(답)(토지위),35.6942574785013,127.255982054496,,정상가동,99.99,380,60,2021,,2021-02-24,,1044.0,2024-01-29
상관2호태양광,,전북특별자치도 완주군 상관면 용암리 5(답)(토지위),35.6945118901198,127.256202731641,,정상가동,99.99,380,60,2021,,2021-02-24,,1065.0,2024-01-29
상관3호태양광,,전북특별자치도 완주군 상관면 용암리 5-24(답)(토지위),35.6944399424604,127.256511084468,,정상가동,99.99,380,60,2021,,2021-02-24,,934.0,2024-01-29
승진1호태양광발전소,,"전북특별자치도 완주군 화산면 성북리 418(답), 419(목)(건물위)",,,,정상가동,99.44,380,60,2021,,2021-02-24,,450.0,2024-01-29
승진2호태양광발전소,,"전북특별자치도 완주군 화산면 성북리 418(답), 419(목)(건물위)",,,,정상가동,99.44,380,60,2021,,2021-02-24,,450.0,2024-01-29
임재금태양광발전소,,전북특별자치도 완주군 화산면 성북리 511-4(답)(건물위),36.0467938511535,127.230145183363,,정상가동,99.44,380,60,2021,,2021-02-24,,450.0,2024-01-29
유리3호태양광발전소,,"전북특별자치도 완주군 비봉면 수선리 772-8(목), 772-14(목), 772-15(목)(건물위)",,,,정상가동,99.0,380,60,2021,,2021-03-03,,474.3,2024-01-29
이레태양광1호,,전북특별자치도 완주군 소양면 화심리 470-11(전)(건물위),35.838435545365,127.271379087018,,정상가동,31.5,380,60,2021,,2021-03-16,,180.0,2024-01-29
미래태양광발전소,,전북특별자치도 완주군 이서면 상개리 54-22(전)(건물위),35.822304785398,127.045122627305,,정상가동,63.0,380,60,2021,,2021-03-22,,310.0,2024-01-29
천명태양광발전소,,전북특별자치도 완주군 화산면 와룡리 1037-6(답)(건물위),36.0191096888835,127.204012470945,,정상가동,98.28,380,60,2021,,2021-03-30,,486.01,2024-01-29
완주1태양광발전소,,전북특별자치도 완주군 화산면 춘산리 329-2(전)(건물위),36.0572335374434,127.198268009266,,정상가동,99.88,380,60,2021,,2021-04-12,,493.3,2024-01-29
하늘태양광발전소1,,"전북특별자치도 완주군 구이면 백여리 958(목), 961-1(전)(건물위)",,,,정상가동,99.645,380,60,2021,,2021-04-12,,465.0,2024-01-29
하늘태양광발전소2,,전북특별자치도 완주군 구이면 백여리 958(목)(건물위),35.6511888247031,127.096866600394,,정상가동,61.425,380,60,2021,,2021-04-12,,298.0,2024-01-29
하늘태양광발전소3,,전북특별자치도 완주군 구이면 백여리 958(목)(건물위),35.6511888247031,127.096866600394,,정상가동,99.645,380,60,2021,,2021-04-12,,465.0,2024-01-29
하늘태양광발전소4,,전북특별자치도 완주군 구이면 백여리 958(목)(건물위),35.6511888247031,127.096866600394,,정상가동,95.55,380,60,2021,,2021-04-12,,450.0,2024-01-29
태미태양광발전소,,"전북특별자치도 완주군 비봉면 수선리 1465(답), 185(답), 182(답)(건물위)",,,,정상가동,99.88,380,60,2021,,2021-04-14,,493.271,2024-01-29
태현태양광발전소,,"전북특별자치도 완주군 비봉면 수선리 1465(답), 185(답), 182(답)(건물위)",,,,정상가동,99.88,380,60,2021,,2021-04-14,,493.271,2024-01-29
다두태양광,,전북특별자치도 완주군 화산면 화평리 245(답)(건물위),36.0335341036564,127.20893850203,,정상가동,99.68,380,60,2021,,2021-04-14,,726.0,2024-01-29
유항준태양광발전소,,전북특별자치도 완주군 화산면 운곡리 1053-2(대)(건물위),36.0835153237761,127.168780193157,,정상가동,99.645,380,60,2021,,2021-04-14,,487.9,2024-01-29
현암태양광발전소,,"전북특별자치도 완주군 비봉면 백도리 416(답), 416-4(답)(토지위)",,,,정상가동,99.9,380,60,2021,,2021-04-19,,1458.0,2024-01-29
현암1태양광발전소,,전북특별자치도 완주군 비봉면 백도리 416-1(답)(토지위),35.9885327677714,127.170989691867,,정상가동,99.9,380,60,2021,,2021-04-19,,1015.0,2024-01-29
현암2태양광발전소,,"전북특별자치도 완주군 비봉면 백도리 416-2(답), 416-3(답)(토지위)",,,,정상가동,99.9,380,60,2021,,2021-04-19,,1130.0,2024-01-29
소양3호태양광발전소,,"전북특별자치도 완주군 소양면 신촌리 381-9(답), 381-18(답),(토지위)",,,,정상가동,99.68,380,60,2021,,2021-04-20,,778.0,2024-01-29
해바라기태양광발전소,,"전북특별자치도 완주군 소양면 신촌리 381-12(답), 381-16(답)(토지위)",,,,정상가동,99.68,380,60,2021,,2021-04-20,,785.0,2024-01-29
아폴로소양태양광발전소,,"전북특별자치도 완주군 소양면 신촌리 381-11(답),381-15(답)(토지위)",,,,정상가동,99.68,380,60,2021,,2021-04-20,,857.0,2024-01-29
승민태양광발전소,,"전북특별자치도 완주군 소양면 신촌리 381-6(답), 381-14(답)(토지위)",,,,정상가동,99.68,380,60,2021,,2021-04-20,,792.0,2024-01-29
주산태양광발전소,,"전북특별자치도 완주군 소양면 신촌리 381-3(답), 381-13(답), 381-17(답)(토지위)",,,,정상가동,99.68,380,60,2021,,2021-04-20,,824.0,2024-01-29
달성태양광발전소,,전북특별자치도 완주군 소양면 신촌리 383(답)(토지위),35.8049969050188,127.283910136751,,정상가동,99.68,380,60,2021,,2021-04-20,,745.0,2024-01-29
향일태양광발전소,,전북특별자치도 완주군 소양면 신촌리 383-1(답)(토지위),35.8049065969049,127.283758242543,,정상가동,99.68,380,60,2021,,2021-04-20,,761.0,2024-01-29
소양9호태양광발전소,,전북특별자치도 완주군 소양면 신촌리 383-2(답)(토지위),35.8047267538849,127.283661348822,,정상가동,29.37,380,60,2021,,2021-04-20,,701.0,2024-01-29
다은태양광발전소,,전북특별자치도 완주군 소양면 신촌리 381-8(답)(토지위),35.8059159059542,127.283533917202,,정상가동,99.68,380,60,2021,,2021-04-20,,1272.0,2024-01-29
신탁1호태양광발전소,,"전북특별자치도 완주군 삼례읍 신탁리 318, 320-1, 928-1, 319-2, 300-1, 321, 299-1, 298-3, 297-1, 293-1, 920-30, 292-1, 291-1, 289, 278-1, 920-33, 283, 282(토지위)",,,,정상가동,742.56,22900,60,2021,,2021-04-21,,5359.0,2024-01-29
신탁2호태양광발전소,,"전북특별자치도 완주군 삼례읍 신탁리 47, 921-1, 112-1, 110-1 ,109-2, 108-1, 108-3, 99, 98, 97, 90, 91, 921-4, 113-1(토지위)",,,,정상가동,749.84,22900,60,2021,,2021-04-21,,4473.0,2024-01-29
순자태양광발전소,,전북특별자치도 완주군 화산면 와룡리 337(목)(건물위),36.0145120670634,127.205069206019,,정상가동,99.645,380,60,2021,,2021-04-27,,791.0,2024-01-29
신구태양광발전소,,전북특별자치도 완주군 화산면 와룡리 337(목)(건물위),36.0145120670634,127.205069206019,,정상가동,99.645,380,60,2021,,2021-04-27,,791.0,2024-01-29
석권태양광발전소,,전북특별자치도 완주군 화산면 와룡리 338(답)(건물위),36.0149863915465,127.205696524555,,정상가동,97.37,380,60,2021,,2021-04-27,,585.0,2024-01-29
석승태양광발전소,,전북특별자치도 완주군 화산면 와룡리 338(답)(건물위),36.0149863915465,127.205696524555,,정상가동,97.37,380,60,2021,,2021-04-27,,585.0,2024-01-29
강산발전소,,전북특별자치도 완주군 용진읍 상삼리 492(답)(토지위),35.8638160897297,127.188729877758,,정상가동,49.72,380,60,2021,,2021-05-06,,683.0,2024-01-29
무경태양광발전소,,전북특별자치도 완주군 고산면 남봉리 991-5(답)(건물위),35.9710875901317,127.191659689156,,정상가동,99.9,380,60,2021,,2021-05-14,,850.0,2024-01-29
동수태양광발전소,,전북특별자치도 완주군 고산면 남봉리 991-5(답)(건물위),35.9710875901317,127.191659689156,,정상가동,99.9,380,60,2021,,2021-05-14,,850.0,2024-01-29
황금지태양광발전소,,"전북특별자치도 완주군 소양면 죽절리 216-1(답), 211-4(목)(토지위)",,,,정상가동,99.9,380,60,2021,,2021-05-25,,2973.0,2024-01-29
가족태양광발전소,,전북특별자치도 완주군 화산면 승치리 858(답)(토지위),36.0796583285575,127.20488307482,,정상가동,99.88,380,60,2021,,2021-05-26,,1233.0,2024-01-29
가족1태양광발전소,,전북특별자치도 완주군 화산면 승치리 858-1(답)(토지위),36.0796883574808,127.205188460405,,정상가동,99.88,380,60,2021,,2021-05-26,,1028.0,2024-01-29
가족2태양광발전소,,전북특별자치도 완주군 화산면 승치리 858-2(답)(토지위),36.0796872211534,127.205430927258,,정상가동,99.88,380,60,2021,,2021-05-26,,1010.0,2024-01-29
가족3태양광발전소,,"전북특별자치도 완주군 화산면 승치리 858-3(답), 859(답)(토지위)",,,,정상가동,99.88,380,60,2021,,2021-05-26,,978.0,2024-01-29
가족4태양광발전소,,"전북특별자치도 완주군 화산면 승치리 858-4(답), 858-6(답), 859-4(답)(토지위)",,,,정상가동,99.88,380,60,2021,,2021-05-26,,981.0,2024-01-29
가족5태양광발전소,,"전북특별자치도 완주군 화산면 승치리 858-5(답), 859-5(답)(토지위)",,,,정상가동,99.88,380,60,2021,,2021-05-26,,932.0,2024-01-29
가족6태양광발전소,,"전북특별자치도 완주군 화산면 승치리 858-7(답), 859-6(답)(토지위)",,,,정상가동,99.88,380,60,2021,,2021-05-26,,905.0,2024-01-29
가족7태양광발전소,,전북특별자치도 완주군 화산면 승치리 859-7(답)(토지위),,,,정상가동,99.88,380,60,2021,,2021-05-26,,1307.0,2024-01-29
수연태양광발전소,,"전북특별자치도 완주군 비봉면 소농리 446-1(답), 446-2(전)(건물위)",,,,정상가동,99.51,380,60,2021,,2021-05-26,,482.0,2024-01-29
원소농1태양광발전소,,전북특별자치도 완주군 비봉면 소농리 637(목)(건물위),35.9999059012909,127.136204297979,,정상가동,99.88,380,60,2021,,2021-05-31,,493.271,2024-01-29
원소농2태양광발전소,,전북특별자치도 완주군 비봉면 소농리 637(목)(건물위),35.9999059012909,127.136204297979,,정상가동,99.88,380,60,2021,,2021-05-31,,493.271,2024-01-29
원소농3태양광발전소,,전북특별자치도 완주군 비봉면 소농리 632(목)(건물위),36.0003026402315,127.13603118467,,정상가동,99.88,380,60,2021,,2021-05-31,,493.271,2024-01-29
원소농4태양광발전소,,전북특별자치도 완주군 비봉면 내월리 407(목)(건물위),36.0010596499554,127.135815432384,,정상가동,87.12,380,60,2021,,2021-05-31,,430.254,2024-01-29
희망발전소1호,,전북특별자치도 완주군 화산면 춘산리 772-2(답)(토지위),36.0713876424366,127.194665861155,,정상가동,99.54,380,60,2021,,2021-05-31,,1054.0,2024-01-29
희망발전소2호,,전북특별자치도 완주군 화산면 춘산리 772(답)(토지위),36.0713260400121,127.19430726051,,정상가동,46.2,380,60,2021,,2021-05-31,,999.0,2024-01-29
한우물1호태양광발전소,,"전북특별자치도 완주군 화산면 화월리 1295-10(답)(건물위, 주1, 부1)",36.0230460340247,127.196481260234,,정상가동,89.0,380,60,2021,,2021-05-31,,436.0,2024-01-29
한우물2호태양광발전소,,"전북특별자치도 완주군 화산면 화월리 1295-10(답)(건물위, 주1, 주2)",36.0230460340247,127.196481260234,,정상가동,99.45,380,60,2021,,2021-05-31,,436.0,2024-01-29
한우물3호태양광발전소,,"전북특별자치도 완주군 화산면 화월리 1295-10(답)(건물위, 주2, 주3)",36.0230460340247,127.196481260234,,정상가동,99.45,380,60,2021,,2021-05-31,,436.0,2024-01-29
화평1호태양광발전소,,전북특별자치도 완주군 화산면 화평리 229-3(답)(토지위),36.0319726587943,127.211241333141,,정상가동,99.84,380,60,2021,,2021-05-31,,1395.0,2024-01-29
화평2호태양광발전소,,"전북특별자치도 완주군 화산면 화평리 228-2(답), 229-6(답)(토지위)",,,,정상가동,99.84,380,60,2021,,2021-05-31,,1417.0,2024-01-29
화평3호태양광발전소,,"전북특별자치도 완주군 화산면 화평리 225(답), 226(답), 228-6(답), 229-4(전)(토지위)",,,,정상가동,79.68,380,60,2021,,2021-05-31,,979.0,2024-01-29
선진태양광발전소,,전북특별자치도 완주군 이서면 남계리 337-3(답)(토지위),35.8574697304332,127.022647940683,,정상가동,99.45,380,60,2021,,2021-06-01,,1172.0,2024-01-29
도연태양광발전소,,"전북특별자치도 완주군 삼례읍 구와리 487(장),486-2(장),486-4(장)(건물위)",,,,정상가동,86.45,380,60,2021,,2021-06-02,,423.0,2024-01-29
도연1태양광발전소,,"전북특별자치도 완주군 삼례읍 구와리 486-1(장),486-5(장)(건물위)",,,,정상가동,55.9,380,60,2021,,2021-06-02,,274.0,2024-01-29
성재리아침발전소,,"전북특별자치도 완주군 고산면 성재리 771(답), 771-3(답), 771-4(답), 771-5(목)(건물위)",,,,정상가동,94.695,380,60,2021,,2021-06-04,,389.41,2024-01-29
포스태양광발전소,,"전북특별자치도 완주군 화산면 승치리 458(전), 459(전)(토지위)",,,,정상가동,99.44,380,60,2021,,2021-06-07,,1139.0,2024-01-29
순이3호태양광발전소,,"전북특별자치도 완주군 화산면 승치리 458-1(전), 459-1(전)(토지위)",,,,정상가동,98.4,380,60,2021,,2021-06-07,,1064.0,2024-01-29
녹색승치태양광발전소,,전북특별자치도 완주군 화산면 승치리 460-5(전)(토지위),36.0586669649814,127.222246308419,,정상가동,98.4,380,60,2021,,2021-06-07,,1085.0,2024-01-29
승치청일태양광발전소,,전북특별자치도 완주군 화산면 승치리 460(전)(토지위),36.0586609203227,127.221957935783,,정상가동,99.44,380,60,2021,,2021-06-07,,1091.0,2024-01-29
혁신승치태양광발전소,,전북특별자치도 완주군 화산면 승치리 460-6(전)(토지위),36.0587438068982,127.222506688588,,정상가동,98.4,380,60,2021,,2021-06-07,,1110.0,2024-01-29
터보1호태양광발전소,,"전북특별자치도 완주군 화산면 승치리 463(답), 464(전)(토지위)",,,,정상가동,99.44,380,60,2021,,2021-06-07,,852.0,2024-01-29
터보2호태양광발전소,,"전북특별자치도 완주군 화산면 승치리 463(답), 464(전)(토지위)",,,,정상가동,99.44,380,60,2021,,2021-06-07,,900.0,2024-01-29
현희태양광발전소,,"전북특별자치도 완주군 화산면 승치리 463(답), 464(전)(토지위)",,,,정상가동,99.44,380,60,2021,,2021-06-07,,1139.0,2024-01-29
에스디육호태양광발전소,,전북특별자치도 완주군 화산면 승치리 463(답)(토지위),36.0580999505168,127.22061725878,,정상가동,99.44,380,60,2021,,2021-06-07,,1017.0,2024-01-29
에스디칠호태양광발전소,,전북특별자치도 완주군 화산면 승치리 463(답)(토지위),36.0580999505168,127.22061725878,,정상가동,99.44,380,60,2021,,2021-06-07,,1175.0,2024-01-29
푸르퍼리태양광발전소,,전북특별자치도 완주군 이서면 이성리 226-1(전)(토지위),35.8019754103031,127.052175516452,,정상가동,98.28,380,60,2021,,2021-06-07,,1642.0,2024-01-29
신금태양광발전소,,전북특별자치도 완주군 삼례읍 신금리 928-10(답)(건물위),35.912822993962,127.091778975496,,정상가동,99.36,380,60,2021,,2021-06-14,,481.2,2024-01-29
연옥태양광발전소,,전북특별자치도 완주군 고산면 남봉리 991-8(답)(건물위),35.9711384056003,127.191386298612,,정상가동,99.0,380,60,2021,,2021-06-14,,1872.0,2024-01-29
설화태양광발전소,,전북특별자치도 완주군 고산면 남봉리 991-8(답)(건물위),35.9711384056003,127.191386298612,,정상가동,99.0,380,60,2021,,2021-06-14,,1872.0,2024-01-29
명덕태양광발전소,,"전북특별자치도 완주군 소양면 명덕리 산363-1, 산364-1, 235-1, 234-4, 234-3, 233-1, 232-1, 232-2, 232-4, 229-2, 229-3, 229-4, 228-2, 228-1, 산372-3, 산372-6, 산372-2, 산372-5 (토지위)",,,,정상가동,679.77,22900,60,2021,,2021-06-14,,6520.0,2024-01-29
청춘1태양광발전소,,전북특별자치도 완주군 화산면 우월리 470-3(답)(건물위),36.0553669175932,127.162714459626,,정상가동,99.88,380,60,2021,,2021-06-15,,1230.0,2024-01-29
청춘2태양광발전소,,전북특별자치도 완주군 화산면 우월리 470-3(답)(건물위),36.0553669175932,127.162714459626,,정상가동,99.88,380,60,2021,,2021-06-15,,1230.0,2024-01-29
평강1태양광발전소,,전북특별자치도 완주군 화산면 화월리 264(답)(건물위),36.0244144793942,127.187633592769,,정상가동,99.88,380,60,2021,,2021-06-28,,1230.0,2024-01-29
(주)엘에이테크태양광,,전북특별자치도 완주군 봉동읍 용암리 802-1(장)(건물위),35.9451160055986,127.12860197033,,정상가동,180.6,380,60,2021,,2021-06-29,,899.77,2024-01-29
크라운1태양광발전소,,"전북특별자치도 완주군 고산면 남봉리 322(전), 390-1(전), 390-2(목), 390-3(전)(건물위)",,,,정상가동,99.75,380,60,2021,,2021-06-29,,479.325,2024-01-29
크라운2태양광발전소,,"전북특별자치도 완주군 고산면 남봉리 322(전), 390-1(전), 390-2(목), 390-3(전)(건물위)",,,,정상가동,99.75,380,60,2021,,2021-06-29,,479.325,2024-01-29
크라운3태양광발전소,,"전북특별자치도 완주군 고산면 남봉리 322(전), 390-1(전), 390-2(목), 390-3(전)(건물위)",,,,정상가동,99.75,380,60,2021,,2021-06-29,,479.325,2024-01-29
크라운4태양광발전소,,"전북특별자치도 완주군 고산면 남봉리 322(전), 390-1(전), 390-2(목), 390-3(전)(건물위)",,,,정상가동,99.75,380,60,2021,,2021-06-29,,479.325,2024-01-29
순복1태양광발전소,,"전북특별자치도 완주군 화산면 운산리 831-1(전), 831-5(전)(토지위)",,,,정상가동,496.8,380,60,2021,,2021-06-30,,2420.0,2024-01-29
순복2태양광발전소,,전북특별자치도 완주군 화산면 운산리 831-7(목)(토지위),,,,정상가동,99.9,380,60,2021,,2021-06-30,,490.0,2024-01-29
영석태양광발전소,,전북특별자치도 완주군 화산면 운산리 831-6(전)(토지위),36.0846934323086,127.144556268099,,정상가동,99.9,380,60,2021,,2021-06-30,,490.0,2024-01-29
간중1호에너지,,전북특별자치도 완주군 용진읍 간중리 125-3(잡)(토지위),35.8873720430719,127.189272621647,,정상가동,99.18,380,60,2021,,2021-07-01,,995.0,2024-01-29
간중2호에너지,,전북특별자치도 완주군 용진읍 간중리 125-4(잡)(토지위),35.8872134755588,127.189525201234,,정상가동,99.18,380,60,2021,,2021-07-01,,1020.0,2024-01-29
간중3호에너지,,전북특별자치도 완주군 용진읍 간중리 125-17(잡)(토지위),35.8873105323189,127.1897584544,,정상가동,99.18,380,60,2021,,2021-07-01,,981.0,2024-01-29
간중4호에너지,,전북특별자치도 완주군 용진읍 간중리 125-18(잡)(토지위),35.887110060587,127.190007942423,,정상가동,99.18,380,60,2021,,2021-07-01,,1030.0,2024-01-29
권성로태양광발전소,,전북특별자치도 완주군 고산면 어우리 328-9(대)(건물위),35.9734382437247,127.176530782462,,정상가동,19.57,220,60,2021,,2021-07-08,,82.49,2024-01-29
그린1호태양광발전소,,전북특별자치도 완주군 비봉면 내월리 539(목)(건물위),36.0101949262163,127.129182895586,,정상가동,99.0,380,60,2021,,2021-07-08,,737.6,2024-01-29
주니태양광발전소,,전북특별자치도 완주군 봉동읍 구암리 538-47(답)(토지위),35.9402428212181,127.103725769201,,정상가동,99.51,380,60,2021,,2021-07-14,,857.0,2024-01-29
조강솔라텍3호태양광발전소,,전북특별자치도 완주군 봉동읍 구암리 538-48(답)(토지위),35.9401770410078,127.103504807638,,정상가동,99.51,380,60,2021,,2021-07-14,,849.0,2024-01-29
오리온태양광발전소,,전북특별자치도 완주군 봉동읍 구암리 538-57(답)(토지위),35.9399182992332,127.103812232231,,정상가동,99.51,380,60,2021,,2021-07-14,,873.0,2024-01-29
올림푸스에너지태양광발전소,,전북특별자치도 완주군 봉동읍 구암리 538-42(답)(토지위),35.9403080280794,127.103775615223,,정상가동,99.51,380,60,2021,,2021-07-14,,858.0,2024-01-29
학래태양광발전소,,전북특별자치도 완주군 봉동읍 구암리 538-59(답)(토지위),35.9396641530985,127.103807356057,,정상가동,99.51,380,60,2021,,2021-07-14,,1016.0,2024-01-29
창조4태양광발전소,,전북특별자치도 완주군 봉동읍 구암리 538-58(답)(토지위),35.9398285908255,127.103852455294,,정상가동,99.51,380,60,2021,,2021-07-14,,934.0,2024-01-29
한준솔라태양광발전소,,전북특별자치도 완주군 이서면 은교리 386(장)(주1)1동(건물위),,,,정상가동,99.0,380,60,2021,,2021-07-15,,651.56,2024-01-29
한준솔라1호태양광발전소,,전북특별자치도 완주군 이서면 은교리 386(장)(주1)2동(건물위),,,,정상가동,99.0,380,60,2021,,2021-07-15,,651.56,2024-01-29
한준솔라2호태양광발전소,,전북특별자치도 완주군 이서면 은교리 386(장)(주1)3동(건물위),,,,정상가동,99.0,380,60,2021,,2021-07-15,,651.56,2024-01-29
한준솔라3호태양광발전소,,전북특별자치도 완주군 이서면 은교리 386(장)(주1)4동(건물위),,,,정상가동,99.0,380,60,2021,,2021-07-15,,651.56,2024-01-29
한준솔라9호태양광발전소,,전북특별자치도 완주군 이서면 은교리 386(장)(주1)8동(건물위),,,,정상가동,47.08,380,60,2021,,2021-07-15,,296.78,2024-01-29
지상1호태양광발전소,,"전북특별자치도 완주군 화산면 와룡리 330(전), 334(답)(건물위)",,,,정상가동,74.9,380,60,2021,,2021-07-16,,358.0,2024-01-29
지상2호태양광발전소,,"전북특별자치도 완주군 화산면 와룡리 330(전), 334(답)(건물위)",,,,정상가동,44.94,380,60,2021,,2021-07-16,,214.71,2024-01-29
아침태양광발전소,,전북특별자치도 완주군 봉동읍 구암리 538-40(답)(토지위),35.9405041904488,127.103506564112,,정상가동,99.51,380,60,2021,,2021-07-19,,872.0,2024-01-29
맥가이버태양광발전소,,전북특별자치도 완주군 봉동읍 구암리 538-56(답)(토지위),35.9400140266842,127.103794292865,,정상가동,99.51,380,60,2021,,2021-07-19,,921.0,2024-01-29
채광태양광발전소,,전북특별자치도 완주군 봉동읍 구암리 538-49(답)(토지위),35.9401345586111,127.104065197491,,정상가동,99.51,380,60,2021,,2021-07-19,,847.0,2024-01-29
필1태양광발전소,,전북특별자치도 완주군 용진읍 신지리 40-1(답)(건물위),35.9395279269834,127.184226481153,,정상가동,99.76,380,60,2021,,2021-07-22,,471.235,2024-01-29
필2태양광발전소,,전북특별자치도 완주군 용진읍 신지리 40-1(답)(건물위),35.9395279269834,127.184226481153,,정상가동,99.76,380,60,2021,,2021-07-22,,471.235,2024-01-29
필3태양광발전소,,전북특별자치도 완주군 용진읍 신지리 40-1(답)(건물위),35.9395279269834,127.184226481153,,정상가동,99.76,380,60,2021,,2021-07-22,,471.235,2024-01-29
수인1태양광발전소,,전북특별자치도 완주군 봉동읍 장구리 579-4(장)(건물위),35.9737727715421,127.122952355644,,정상가동,99.36,380,60,2021,,2021-07-26,,467.0,2024-01-29
수인2태양광발전소,,전북특별자치도 완주군 봉동읍 장구리 579-4(장)(건물위),35.9737727715421,127.122952355644,,정상가동,99.36,380,60,2021,,2021-07-26,,467.0,2024-01-29
월성1호태양광발전소,,전북특별자치도 완주군 고산면 남봉리 994-6(답)(건물위),35.9681058457579,127.191661240775,,정상가동,99.9,380,60,2021,,2021-07-26,,879.75,2024-01-29
월성2호태양광발전소,,전북특별자치도 완주군 고산면 남봉리 994-6(답)(건물위),35.9681058457579,127.191661240775,,정상가동,99.9,380,60,2021,,2021-07-26,,879.75,2024-01-29
은하태양광발전소,,전북특별자치도 완주군 고산면 율곡리 604(답)(건물위),35.9802179608355,127.172196773115,,정상가동,99.19,380,60,2021,,2021-07-26,,486.14,2024-01-29
유광희태양광발전소,,전북특별자치도 완주군 삼례읍 신수로 377-62(대)(건물위),35.9336909577602,127.12345154602,,정상가동,19.565,380,60,2021,,2021-07-29,,96.24,2024-01-29
믿음발전소,,전북특별자치도 완주군 소양면 신원리 558(답)(건물위),35.8462855045644,127.289626815741,,정상가동,19.2,380,60,2021,,2021-08-02,,123.73,2024-01-29
평촌1호태양광발전소,,전북특별자치도 완주군 구이면 평촌리 302-1(대)(건물위),35.7619768811903,127.158053032255,,정상가동,96.32,380,60,2021,,2021-08-03,,513.0,2024-01-29
용진19호태양광발전소,,전북특별자치도 완주군 용진읍 상운리 783(잡)(토지위),35.9043954103266,127.142596600584,,정상가동,99.68,380,60,2021,,2021-08-04,,1232.0,2024-01-29
석전리1호태양광발전소,,"전북특별자치도 완주군 삼례읍 석전리 293-11, 294-18, 294-19, 294-20, 294-21, 294-22, 295-20, 295-21, 295-23, 330-45, 331-61, 331-62(토지위)",,,,정상가동,703.89,22900,60,2021,,2021-08-05,,4461.0,2024-01-29
석전리2호태양광발전소,,"전북특별자치도 완주군 삼례읍 석전리 295-24, 295-25, 295-26, 296-26, 296-27, 296-29, 330-46, 331-64(토지위)",,,,정상가동,298.62,380,60,2021,,2021-08-05,,1833.0,2024-01-29
지형태양광발전소,,전북특별자치도 완주군 화산면 화월리 598-2(목)(건물위),36.0330705617072,127.194442048088,,정상가동,99.0,380,60,2021,,2021-08-17,,486.5,2024-01-29
백두1호태양광발전소,,전북특별자치도 완주군 비봉면 이전리 992-3(답)(건물위),36.0018665961687,127.193143054892,,정상가동,99.68,380,60,2021,,2021-08-17,,486.08,2024-01-29
백두2호태양광발전소,,전북특별자치도 완주군 비봉면 이전리 992-3(답)(건물위),36.0018665961687,127.193143054892,,정상가동,99.68,380,60,2021,,2021-08-17,,486.08,2024-01-29
완주태양광발전소,,"전북특별자치도 완주군 용진읍 신지리 932-6(목), 932-44(장), 933-1(묘), 933-2(유), 934-9(전)(건물위)",,,,정상가동,99.84,380,60,2021,,2021-08-18,,492.0,2024-01-29
고려태양광발전소,,전북특별자치도 완주군 이서면 은교리 287-15(답)(건물위),35.8129401982663,127.023887057543,,정상가동,42.32,380,60,2021,,2021-08-18,,207.19,2024-01-29
GINI태양광발전소,,"전북특별자치도 완주군 삼례읍 신탁리 42(답),333-3(답)(건물위)",,,,정상가동,87.75,380,60,2021,,2021-08-18,,560.0,2024-01-29
화월1호태양광발전소,,전북특별자치도 완주군 화산면 화월리 357-2(전)(토지위),36.0272625046982,127.19249018973,,정상가동,99.0,380,60,2021,,2021-08-18,,792.0,2024-01-29
화월2호태양광발전소,,전북특별자치도 완주군 화산면 화월리 357-2(전)(토지위),36.0272625046982,127.19249018973,,정상가동,99.0,380,60,2021,,2021-08-18,,847.0,2024-01-29
화월3호태양광발전소,,전북특별자치도 완주군 화산면 화월리 357-2(전)(토지위),36.0272625046982,127.19249018973,,정상가동,99.0,380,60,2021,,2021-08-18,,989.0,2024-01-29
태현태양광발전소,,전북특별자치도 완주군 비봉면 수선리 391(답)(건물위),36.0190729692848,127.188849545173,,정상가동,97.9,380,60,2021,,2021-08-19,,477.4,2024-01-29
태랑태양광발전소,,전북특별자치도 완주군 비봉면 수선리 391(답)(건물위),36.0190729692848,127.188849545173,,정상가동,99.68,380,60,2021,,2021-08-19,,486.08,2024-01-29
선옥태양광발전소3호,,전북특별자치도 완주군 화산면 운곡리 333-2(목)(건물위),36.0549975970502,127.184437390549,,정상가동,49.14,380,60,2021,,2021-08-19,,1330.0,2024-01-29
소코빼기태양광발전소,,"전북특별자치도 완주군 화산면 춘산리 120(답), 120-1(답), 121-2(답), 117-2(답)(건물위)",,,,정상가동,99.88,380,60,2021,,2021-08-30,,470.3,2024-01-29
소코빼기1태양광발전소,,"전북특별자치도 완주군 화산면 춘산리 120(답), 120-1(답), 121-2(답), 117-2(답)(건물위)",,,,정상가동,99.88,380,60,2021,,2021-08-30,,470.3,2024-01-29
용진20호태양광발전소,,전북특별자치도 완주군 용진읍 상운리 760(전)(토지위),35.9039955515444,127.14310622451,,정상가동,80.275,380,60,2021,,2021-08-30,,1117.0,2024-01-29
연우1호태양광발전소,,전북특별자치도 완주군 용진읍 상삼리 480-23(답)(토지위),35.8622396246915,127.192250150631,,정상가동,99.68,380,60,2021,,2021-08-30,,1095.0,2024-01-29
연우2호태양광발전소,,전북특별자치도 완주군 용진읍 상삼리 480(답)(토지위),35.8623601097159,127.19191972953,,정상가동,99.68,380,60,2021,,2021-08-30,,1069.0,2024-01-29
대성1호태양광발전소,,전북특별자치도 완주군 용진읍 상삼리 479(답)(토지위),35.8628399510383,127.19145886095,,정상가동,99.68,380,60,2021,,2021-08-30,,1034.0,2024-01-29
대성2호태양광발전소,,전북특별자치도 완주군 용진읍 상삼리 479-23(답)(토지위),35.8625679600325,127.191567484915,,정상가동,99.68,380,60,2021,,2021-08-30,,939.0,2024-01-29
대성3호태양광발전소,,전북특별자치도 완주군 용진읍 상삼리 479-24(답)(토지위),35.8624264955731,127.191377596629,,정상가동,99.68,380,60,2021,,2021-08-30,,995.0,2024-01-29
대성4호태양광발전소,,전북특별자치도 완주군 용진읍 상삼리 479-25(답)(토지위),35.8622561069732,127.191523222732,,정상가동,74.76,380,60,2021,,2021-08-30,,809.0,2024-01-29
복2태양광발전소,,전북특별자치도 완주군 구이면 계곡리 313-13(공)(건물위),35.676459369484,127.113970033128,,정상가동,99.51,380,60,2021,,2021-08-30,,636.77,2024-01-29
오산1호태양광,,"전북특별자치도 완주군 고산면 오산리 620-2(목), 620-4(목)(건물위)",,,,정상가동,99.645,380,60,2021,,2021-09-02,,961.0,2024-01-29
오산2호태양광,,"전북특별자치도 완주군 고산면 오산리 615(목), 617(목)(건물위)",,,,정상가동,99.645,380,60,2021,,2021-09-02,,961.0,2024-01-29
은혜발전소,,"전북특별자치도 완주군 이서면 남계리 610(전). 611(전), 621-1(전)(토지위)",,,,정상가동,99.88,380,60,2021,,2021-09-02,,879.0,2024-01-29
완산발전소,,"전북특별자치도 완주군 이서면 남계리 610-1(전). 611-1(전), 621-4(전)(토지위)",,,,정상가동,99.88,380,60,2021,,2021-09-02,,815.0,2024-01-29
화성사태양광발전소,,"전북특별자치도 완주군 이서면 남계리 610-2(전). 611-2(전), 618-2(전), 621-5(전)(토지위)",,,,정상가동,99.88,380,60,2021,,2021-09-02,,1023.0,2024-01-29
선에너지7호태양광발전소,,전북특별자치도 완주군 이서면 남계리 626(전)(토지위),35.8507227466153,127.019590006269,,정상가동,99.88,380,60,2021,,2021-09-02,,1268.0,2024-01-29
다온3태양광발전소,,전북특별자치도 완주군 이서면 남계리 626(전)(토지위),35.8507227466153,127.019590006269,,정상가동,29.92,380,60,2021,,2021-09-02,,337.0,2024-01-29
남계에너지,,"전북특별자치도 완주군 이서면 남계리 625-6(전), 625-7(전)(토지위)",,,,정상가동,99.88,380,60,2021,,2021-09-02,,928.0,2024-01-29
주주태양광발전소,,"전북특별자치도 완주군 이서면 남계리 625-4(전), 625-6(전), 625-7(전)(토지위)",,,,정상가동,99.88,380,60,2021,,2021-09-02,,832.0,2024-01-29
완주우빈발전소,,전북특별자치도 완주군 봉동읍 은하리 261(답)(건물위),35.951376469833,127.151328261991,,정상가동,77.115,380,60,2021,,2021-09-07,,379.55,2024-01-29
완주은우발전소,,전북특별자치도 완주군 봉동읍 은하리 261-2(답)(건물위),35.9515449957063,127.151761308627,,정상가동,46.56,380,60,2021,,2021-09-07,,313.54,2024-01-29
용호태양광발전소,,전북특별자치도 완주군 구이면 덕천리 819(목)(건물위),35.7393531192127,127.131283653018,,정상가동,96.46,380,60,2021,,2021-09-10,,483.2,2024-01-29
청정1태양광발전소,,"전북특별자치도 완주군 비봉면 봉산리 572(목), 572-1(목), 574(목), 575-1(목), 575-2(목)(건물위)",,,,정상가동,99.88,380,60,2021,,2021-09-15,,479.33,2024-01-29
청정2태양광발전소,,"전북특별자치도 완주군 비봉면 봉산리 572(목), 572-1(목), 574(목), 575-1(목), 575-2(목)(건물위)",,,,정상가동,99.88,380,60,2021,,2021-09-15,,479.33,2024-01-29
청정3태양광발전소,,"전북특별자치도 완주군 비봉면 봉산리 572(목), 572-1(목), 574(목), 575-1(목), 575-2(목)(건물위)",,,,정상가동,99.88,380,60,2021,,2021-09-15,,479.33,2024-01-29
청정4태양광발전소,,"전북특별자치도 완주군 비봉면 봉산리 572(목), 572-1(목), 574(목), 575-1(목), 575-2(목)(건물위)",,,,정상가동,99.88,380,60,2021,,2021-09-15,,479.33,2024-01-29
청정5태양광발전소,,전북특별자치도 완주군 비봉면 봉산리 570(답)(건물위),35.9761251913629,127.160080795782,,정상가동,99.88,380,60,2021,,2021-09-15,,479.33,2024-01-29
청정6태양광발전소,,전북특별자치도 완주군 비봉면 봉산리 570(답)(건물위),35.9761251913629,127.160080795782,,정상가동,99.88,380,60,2021,,2021-09-15,,479.33,2024-01-29
시은이네태양광발전소,,"전북특별자치도 완주군 고산면 남봉리 301-3(답), 302-1(답), 302-2(전), 303(답), 304-1(답), 304-2(답)(건물위)",,,,정상가동,99.88,380,60,2021,,2021-09-15,,493.4,2024-01-29
시은이네1태양광발전소,,"전북특별자치도 완주군 고산면 남봉리 301-3(답), 302-1(답), 302-2(전), 303(답), 304-1(답), 304-2(답)(건물위)",,,,정상가동,99.88,380,60,2021,,2021-09-15,,493.4,2024-01-29
시은이네2태양광발전소,,"전북특별자치도 완주군 고산면 남봉리 301-3(답), 302-1(답), 302-2(전), 303(답), 304-1(답), 304-2(답)(건물위)",,,,정상가동,99.88,380,60,2021,,2021-09-15,,493.4,2024-01-29
시은이네3태양광발전소,,"전북특별자치도 완주군 고산면 남봉리 301-3(답), 302-1(답), 302-2(전), 303(답), 304-1(답), 304-2(답)(건물위)",,,,정상가동,99.88,380,60,2021,,2021-09-15,,493.4,2024-01-29
시은이네4태양광발전소,,"전북특별자치도 완주군 고산면 남봉리 301-3(답), 302-1(답), 302-2(전), 303(답), 304-1(답), 304-2(답)(건물위)",,,,정상가동,60.28,380,60,2021,,2021-09-15,,297.7,2024-01-29
송수1호태양광발전소,,"전북특별자치도 완주군 비봉면 수선리 1432(답), 1433(답), 1434(답)(건물위)",,,,정상가동,99.645,380,60,2021,,2021-09-28,,488.0,2024-01-29
송수2호태양광발전소,,"전북특별자치도 완주군 비봉면 수선리 1432(답), 1433(답), 1434(답)(건물위)",,,,정상가동,99.645,380,60,2021,,2021-09-28,,488.0,2024-01-29
송수3호태양광발전소,,"전북특별자치도 완주군 비봉면 수선리 1432(답), 1433(답), 1434(답)(건물위)",,,,정상가동,99.645,380,60,2021,,2021-09-28,,488.0,2024-01-29
원앙1호태양광발전소,,전북특별자치도 완주군 고산면 남봉리 932(답)(건물위),35.9568526309738,127.18841599779,,정상가동,99.18,380,60,2021,,2021-09-28,,468.49,2024-01-29
원앙2호태양광발전소,,전북특별자치도 완주군 고산면 남봉리 932(답)(건물위),35.9568526309738,127.18841599779,,정상가동,99.18,380,60,2021,,2021-09-28,,468.49,2024-01-29
원앙3호태양광발전소,,전북특별자치도 완주군 고산면 남봉리 932(답)(건물위),35.9568526309738,127.18841599779,,정상가동,99.18,380,60,2021,,2021-09-28,,468.49,2024-01-29
원앙4호태양광발전소,,전북특별자치도 완주군 고산면 남봉리 932(답)(건물위),35.9568526309738,127.18841599779,,정상가동,95.12,380,60,2021,,2021-09-28,,468.49,2024-01-29
상삼리1호태양광발전소,,전북특별자치도 완주군 용진읍 상삼리 187-1(답)(토지위),35.8732875126425,127.194891670061,,정상가동,99.6,380,60,2021,,2021-09-29,,905.0,2024-01-29
상삼리2호태양광발전소,,전북특별자치도 완주군 용진읍 상삼리 187-1(답)(토지위),35.8732875126425,127.194891670061,,정상가동,99.6,380,60,2021,,2021-09-29,,1003.0,2024-01-29
상삼리3호태양광발전소,,전북특별자치도 완주군 용진읍 상삼리 187-1(답)(토지위),35.8732875126425,127.194891670061,,정상가동,99.6,380,60,2021,,2021-09-29,,887.0,2024-01-29
상삼리4호태양광발전소,,전북특별자치도 완주군 용진읍 상삼리 187-36(잡)(토지위),35.8732851501106,127.19556901386,,정상가동,30.0,380,60,2021,,2021-09-29,,481.0,2024-01-29
상삼리5호태양광발전소,,전북특별자치도 완주군 용진읍 상삼리 187-1(답)(토지위),35.8732875126425,127.194891670061,,정상가동,99.0,380,60,2021,,2021-09-29,,839.0,2024-01-29
상삼리6호태양광발전소,,전북특별자치도 완주군 용진읍 상삼리 186(답)(토지위),35.8731660387738,127.193264717226,,정상가동,99.6,380,60,2021,,2021-09-29,,1006.0,2024-01-29
상삼리7호태양광발전소,,전북특별자치도 완주군 용진읍 상삼리 186(답)(토지위),35.8731660387738,127.193264717226,,정상가동,99.6,380,60,2021,,2021-09-29,,836.0,2024-01-29
민수1호태양광발전소,,"전북특별자치도 완주군 화산면 화평리 186-5(답), 221(전)(건물위)",,,,정상가동,99.5,380,60,2021,,2021-09-29,,882.63,2024-01-29
샬롬태양광발전소,,전북특별자치도 완주군 용진읍 상삼리 186(답)(토지위),35.8731660387738,127.193264717226,,정상가동,99.6,380,60,2021,,2021-10-05,,782.0,2024-01-29
상삼리9호태양광발전소,,전북특별자치도 완주군 용진읍 상삼리 186(답)(토지위),35.8731660387738,127.193264717226,,정상가동,30.0,380,60,2021,,2021-10-05,,706.0,2024-01-29
상삼리10호태양광발전소,,전북특별자치도 완주군 용진읍 상삼리 186(답)(토지위),35.8731660387738,127.193264717226,,정상가동,99.6,380,60,2021,,2021-10-05,,1121.0,2024-01-29
용현1태양광발전소,,"전북특별자치도 완주군 화산면 운곡리 317(목), 316-1(답), 316-2(답), 316-3(답), 316-6(답), 316-7(답), 317-1(목), 317-2(답)(건물위)",,,,정상가동,99.51,380,60,2021,,2021-10-05,,475.42,2024-01-29
용현2태양광발전소,,"전북특별자치도 완주군 화산면 운곡리 317(목), 316-1(답), 316-2(답), 316-3(답), 316-6(답), 316-7(답), 317-1(목), 317-2(답)(건물위)",,,,정상가동,99.51,380,60,2021,,2021-10-05,,475.42,2024-01-29
부부태양광발전소,,"전북특별자치도 완주군 이서면 이성리 406-11(장), 407(장)(건물위)",,,,정상가동,269.72,380,60,2021,,2021-10-05,,1324.26,2024-01-29
락근태양광발전소,,전북특별자치도 완주군 고산면 서봉리 205-1(목)(건물위),35.9871921804449,127.203660804166,,정상가동,79.8,380,60,2021,,2021-10-05,,387.4,2024-01-29
햇살태양광발전소,,전북특별자치도 완주군 봉동읍 구암리 538-41(답)(토지위),35.9404056145484,127.10337876401,,정상가동,99.51,380,60,2021,,2021-10-05,,952.0,2024-01-29
양희화1태양광발전소,,"전북특별자치도 완주군 고산면 남봉리 312-1(임), 283-8(전)(건물위)",,,,정상가동,84.36,380,60,2021,,2021-10-06,,405.372,2024-01-29
양희화태양광발전소,,"전북특별자치도 완주군 고산면 남봉리 312-1(임), 283-8(전)(건물위)",,,,정상가동,99.75,380,60,2021,,2021-10-06,,479.325,2024-01-29
에스엠엔테크태양광발전소,,"전북특별자치도 완주군 봉동읍 장구리 580-4(장), 580-12(장)(건물위)",,,,정상가동,600.4,22900,60,2021,,2021-10-06,,2814.0,2024-01-29
지영1호태양광발전소,,전북특별자치도 완주군 이서면 상개리 585-7(대)(건물위),35.8209214608175,127.02315544228,,정상가동,19.8,380,60,2021,,2021-10-06,,322.05,2024-01-29
자유태양광발전소,,전북특별자치도 완주군 삼례읍 신금리 928-9(답)(건물위),35.9132169821475,127.092062494132,,정상가동,92.22,380,60,2021,,2021-10-06,,435.6,2024-01-29
화평태양광발전소,,전북특별자치도 완주군 화산면 화평리 213(답)(토지위),36.0342411717501,127.216377382919,,정상가동,99.84,380,60,2021,,2021-10-06,,1004.0,2024-01-29
써니태양광발전소,,전북특별자치도 완주군 화산면 화평리 213(답)(토지위),36.0342411717501,127.216377382919,,정상가동,99.84,380,60,2021,,2021-10-06,,979.0,2024-01-29
봄태양광발전소,,전북특별자치도 완주군 화산면 화평리 213(답)(토지위),36.0342411717501,127.216377382919,,정상가동,99.84,380,60,2021,,2021-10-06,,956.0,2024-01-29
햇살태양광발전소,,전북특별자치도 완주군 화산면 화평리 213(답)(토지위),36.0342411717501,127.216377382919,,정상가동,99.84,380,60,2021,,2021-10-06,,1210.0,2024-01-29
아침해태양광발전소,,전북특별자치도 완주군 화산면 화평리 213(답)(토지위),36.0342411717501,127.216377382919,,정상가동,99.84,380,60,2021,,2021-10-06,,1460.0,2024-01-29
광곡태양광발전소,,전북특별자치도 완주군 구이면 광곡리 447-2(대)(건물위),35.7440351369884,127.160965237259,,정상가동,19.68,380,60,2021,,2021-10-06,,92.66,2024-01-29
루비태양광발전소,,전북특별자치도 완주군 상관면 죽림리 191-1(대)(건물위),35.7501612484502,127.226934257974,,정상가동,29.25,380,60,2021,,2021-10-07,,149.17,2024-01-29
사파1호태양광발전소,,전북특별자치도 완주군 상관면 용암리 553-2(잡)(건물위),35.7220614782741,127.225462291508,,정상가동,29.575,380,60,2021,,2021-10-07,,139.88,2024-01-29
사파2호태양광발전소,,전북특별자치도 완주군 상관면 용암리 553-2(잡)(건물위),35.7220614782741,127.225462291508,,정상가동,19.565,380,60,2021,,2021-10-07,,92.53,2024-01-29
천연서약태양광발전소,,"전북특별자치도 완주군 소양면 해월리 381-1(장), 381-17(장)(건물위)",,,,정상가동,200.0,380,60,2021,,2021-10-07,,1699.0,2024-01-29
종훈태양광발전소,,전북특별자치도 완주군 용진읍 간중리 462-6(답)(토지위),35.8872188494105,127.188343382376,,정상가동,99.36,380,60,2021,,2021-10-07,,1317.0,2024-01-29
동해미들1호태양광발전소,,전북특별자치도 완주군 용진읍 간중리 478-1(답)(토지위),35.8858000492292,127.185715253664,,정상가동,99.9,380,60,2021,,2021-10-07,,1295.0,2024-01-29
동해미들2호태양광발전소,,전북특별자치도 완주군 용진읍 간중리 478(답)(토지위),35.8860411445738,127.185591444223,,정상가동,99.9,380,60,2021,,2021-10-07,,1270.0,2024-01-29
버들3호태양광발전소,,"전북특별자치도 완주군 삼례읍 하리 37-8(답), 37-13(대), 37-14(전)(건물위)",,,,정상가동,99.18,380,60,2021,,2021-10-07,,462.8,2024-01-29
이성리1태양광발전소,,"전북특별자치도 완주군 이서면 이성리 578-3(답), 578-5(답)(토지위)",,,,정상가동,99.12,380,60,2021,,2021-10-07,,1232.0,2024-01-29
이성리2태양광발전소,,"전북특별자치도 완주군 이서면 이성리 578-1(답), 578-2(답)(토지위)",,,,정상가동,99.12,380,60,2021,,2021-10-07,,1427.0,2024-01-29
희망태양광발전소,,전북특별자치도 완주군 용진읍 상삼리 472(답)(토지위),35.8640866590861,127.189637201477,,정상가동,99.82,380,60,2021,,2021-10-14,,992.0,2024-01-29
성현공업태양광발전소,,전북특별자치도 완주군 봉동읍 용암리 798(장)(건물위),35.9451970932269,127.141212864086,,정상가동,463.125,380,60,2021,,2021-10-18,,2423.33,2024-01-29
성협공업태양광발전소,,전북특별자치도 완주군 봉동읍 용암리 850-1(장)(건물위),35.9379867231276,127.13291239149,,정상가동,896.8,22900,60,2021,,2021-10-18,,4798.2,2024-01-29
예담5호태양광발전소,,전북특별자치도 완주군 비봉면 수선리 690-2(전)(토지위),36.0098796986241,127.183804022129,,정상가동,99.68,380,60,2021,,2021-10-18,,1155.0,2024-01-29
J.H태양광발전소,,전북특별자치도 완주군 고산면 서봉리 537(답)(토지위),35.9879572639983,127.195684843815,,정상가동,99.84,380,60,2021,,2021-10-19,,973.0,2024-01-29
영2태양광발전소,,전북특별자치도 완주군 고산면 서봉리 537(답)(토지위),35.9879572639983,127.195684843815,,정상가동,99.84,380,60,2021,,2021-10-19,,973.0,2024-01-29
완주1호태양광발전소,,전북특별자치도 완주군 고산면 서봉리 537(답)(토지위),35.9879572639983,127.195684843815,,정상가동,99.84,380,60,2021,,2021-10-19,,1097.0,2024-01-29
해온누리태양광발전소,,전북특별자치도 완주군 고산면 서봉리 537(답)(토지위),35.9879572639983,127.195684843815,,정상가동,99.84,380,60,2021,,2021-10-19,,1117.0,2024-01-29
솔로몬2태양광발전소,,전북특별자치도 완주군 고산면 서봉리 537(답)(토지위),35.9879572639983,127.195684843815,,정상가동,99.84,380,60,2021,,2021-10-19,,1091.0,2024-01-29
원우1호태양광발전소,,전북특별자치도 완주군 화산면 우월리 262(답)(건물위),36.0505422618787,127.173974670087,,정상가동,99.84,380,60,2021,,2021-10-21,,497.84,2024-01-29
원우2호태양광발전소,,전북특별자치도 완주군 화산면 우월리 262(답)(건물위),36.0505422618787,127.173974670087,,정상가동,99.84,380,60,2021,,2021-10-21,,497.84,2024-01-29
원우3호태양광발전소,,전북특별자치도 완주군 화산면 우월리 262(답)(건물위),36.0505422618787,127.173974670087,,정상가동,49.92,380,60,2021,,2021-10-21,,233.4,2024-01-29
소롱1호태양광발전소,,전북특별자치도 완주군 고산면 서봉리 517-3(답)(토지위),35.9895532523136,127.193186560022,,정상가동,99.36,380,60,2021,,2021-10-21,,1228.0,2024-01-29
소롱2호태양광발전소,,전북특별자치도 완주군 고산면 서봉리 517-2(답)(토지위),35.9895419611152,127.192866490799,,정상가동,99.36,380,60,2021,,2021-10-21,,1420.0,2024-01-29
소롱3호태양광발전소,,전북특별자치도 완주군 고산면 서봉리 517-1(답)(토지위),35.989440811778,127.192549086571,,정상가동,99.36,380,60,2021,,2021-10-21,,1500.0,2024-01-29
파란하늘1호태양광발전소,,"전북특별자치도 완주군 경천면 용복리 581(창), 581-1(답), 582(목), 583(목)(건물위)",,,,정상가동,90.675,380,60,2021,,2021-10-22,,406.25,2024-01-29
파란하늘2호태양광발전소,,"전북특별자치도 완주군 경천면 용복리 581(창), 581-1(답), 582(목), 583(목)(건물위)",,,,정상가동,90.675,380,60,2021,,2021-10-22,,406.25,2024-01-29
파란하늘3호태양광발전소,,"전북특별자치도 완주군 경천면 용복리 581(창), 581-1(답), 582(목), 583(목)(건물위)",,,,정상가동,90.675,380,60,2021,,2021-10-22,,406.25,2024-01-29
파란하늘4호태양광발전소,,"전북특별자치도 완주군 경천면 용복리 581(창), 581-1(답), 582(목), 583(목)(건물위)",,,,정상가동,90.675,380,60,2021,,2021-10-22,,406.25,2024-01-29
썬태양광발전소,,전북특별자치도 완주군 상관면 용암리 2-4(잡)(건물위),35.6973060146952,127.2577708804,,정상가동,99.36,380,60,2021,,2021-10-25,,463.21,2024-01-29
光元태양광발전소,,전북특별자치도 완주군 상관면 용암리 2-9(잡)(건물위),35.697307578939,127.258092406544,,정상가동,99.36,380,60,2021,,2021-10-25,,463.21,2024-01-29
팔팔태양광발전소,,전북특별자치도 완주군 상관면 용암리 2-11(잡)(건물위),35.697004601637,127.258119604711,,정상가동,99.45,380,60,2021,,2021-10-25,,465.74,2024-01-29
JJ태양광발전소,,전북특별자치도 완주군 상관면 용암리 2-10(잡)(건물위),35.6969594839111,127.258396783879,,정상가동,99.36,380,60,2021,,2021-10-25,,463.21,2024-01-29
병윤태양광발전소,,전북특별자치도 완주군 이서면 남계리 73(답)(토지위),35.8554731556342,127.027115205221,,정상가동,99.51,380,60,2021,,2021-10-25,,960.0,2024-01-29
온빛태양광발전소,,전북특별자치도 완주군 이서면 남계리 73-4(답)(토지위),35.8552606101759,127.027245214098,,정상가동,99.51,380,60,2021,,2021-10-25,,925.0,2024-01-29
원동태양광발전소,,전북특별자치도 완주군 이서면 남계리 73-5(답)(토지위),35.8550957474636,127.027346786919,,정상가동,99.51,380,60,2021,,2021-10-25,,882.0,2024-01-29
청하태양광발전소,,전북특별자치도 완주군 이서면 남계리 73-6(답)(토지위),35.854980738186,127.027386601964,,정상가동,99.51,380,60,2021,,2021-10-25,,845.0,2024-01-29
버들태양광발전소,,전북특별자치도 완주군 이서면 남계리 73-7(답)(토지위),35.8548069709992,127.027409015688,,정상가동,99.51,380,60,2021,,2021-10-25,,814.0,2024-01-29
탑동태양광발전소,,전북특별자치도 완주군 이서면 남계리 73-8(답)(토지위),35.8546203965149,127.027472829155,,정상가동,99.51,380,60,2021,,2021-10-25,,975.0,2024-01-29
구제리1호태양광발전소,,전북특별자치도 완주군 운주면 구제리 156(전)(토지위),36.0673847539871,127.24884842265,,정상가동,99.6,380,60,2021,,2021-10-25,,957.0,2024-01-29
구제리2호태양광발전소,,전북특별자치도 완주군 운주면 구제리 156(전)(토지위),36.0673847539871,127.24884842265,,정상가동,99.6,380,60,2021,,2021-10-25,,982.0,2024-01-29
구제리3호태양광발전소,,전북특별자치도 완주군 운주면 구제리 156(전)(토지위),36.0673847539871,127.24884842265,,정상가동,99.6,380,60,2021,,2021-10-25,,812.0,2024-01-29
연발전소1호,,전북특별자치도 완주군 삼례읍 해전리 233-26(대)(토지위),35.8995845608072,127.044677844756,,정상가동,19.2,380,60,2021,,2021-10-26,,99.456,2024-01-29
미소태양광발전소,,전북특별자치도 완주군 운주면 완창리 634-1(전)(건물위),36.1061748642004,127.260230891569,,정상가동,28.89,380,60,2021,,2021-10-26,,146.92,2024-01-29
문장2호태양광발전소,,전북특별자치도 완주군 비봉면 소농리 155-2(답)(건물위),35.9903390964421,127.144397686556,,정상가동,19.95,380,60,2021,,2021-10-28,,98.0,2024-01-29
한호1태양광발전소,,전북특별자치도 완주군 봉동읍 용암리 790(장)(건물위),35.9470863139472,127.140025411134,,정상가동,247.68,380,60,2021,,2021-10-28,,1224.47,2024-01-29
삼촌농장태양광발전소,,전북특별자치도 완주군 이서면 이문리 409-1(답)(토지위),35.8265751757403,127.010951444331,,정상가동,99.45,380,60,2021,,2021-10-29,,1457.0,2024-01-29
영진태양광발전소,,전북특별자치도 완주군 이서면 이문리 407-2(답)(토지위),35.8268880727929,127.011172712716,,정상가동,99.45,380,60,2021,,2021-10-29,,1783.0,2024-01-29
시온2태양광발전소,,전북특별자치도 완주군 봉동읍 구만리 933(답)(토지위),35.9062266763915,127.142729828843,,정상가동,99.84,380,60,2021,,2021-10-29,,1332.0,2024-01-29
마르세이유태양광발전소,,전북특별자치도 완주군 봉동읍 구만리 933-2(답)(토지위),35.905985402936,127.142510276795,,정상가동,99.84,380,60,2021,,2021-10-29,,1205.0,2024-01-29
서봉리1호태양광발전소,,"전북특별자치도 완주군 고산면 서봉리 506(답), 507(전)(토지위)",,,,정상가동,99.6,380,60,2021,,2021-11-02,,868.0,2024-01-29
서봉리2호태양광발전소,,"전북특별자치도 완주군 고산면 서봉리 506(답), 507(전)(토지위)",,,,정상가동,99.6,380,60,2021,,2021-11-02,,800.0,2024-01-29
서봉리3호태양광발전소,,"전북특별자치도 완주군 고산면 서봉리 506(답), 507(전)(토지위)",,,,정상가동,99.6,380,60,2021,,2021-11-02,,982.0,2024-01-29
장현태양광발전소,,전북특별자치도 완주군 용진읍 용흥리 400-11(창)(건물위),35.8910551570269,127.173345214888,,정상가동,99.84,380,60,2021,,2021-11-02,,675.0,2024-01-29
서봉리1에너지,,"전북특별자치도 완주군 고산면 서봉리 529-1(전), 529-2(답), 529-3(답)(토지위)",,,,정상가동,99.6,380,60,2021,,2021-11-09,,764.0,2024-01-29
서봉리2에너지,,"전북특별자치도 완주군 고산면 서봉리 529-5(답), 529-10(답)(토지위)",,,,정상가동,99.6,380,60,2021,,2021-11-09,,841.0,2024-01-29
서봉리3에너지,,"전북특별자치도 완주군 고산면 서봉리 529-6(답), 529-11(답), 529-14(답)(토지위)",,,,정상가동,30.0,380,60,2021,,2021-11-09,,642.0,2024-01-29
행복태양광발전소,,전북특별자치도 완주군 고산면 남봉리 992-6(답)(건물위),35.9702019384168,127.192564444684,,정상가동,99.88,380,60,2021,,2021-11-12,,493.271,2024-01-29
행복1태양광발전소,,전북특별자치도 완주군 고산면 남봉리 992-6(답)(건물위),35.9702019384168,127.192564444684,,정상가동,99.88,380,60,2021,,2021-11-12,,493.271,2024-01-29
행복2태양광발전소,,전북특별자치도 완주군 고산면 남봉리 992-6(답)(건물위),35.9702019384168,127.192564444684,,정상가동,99.88,380,60,2021,,2021-11-12,,493.271,2024-01-29
행복3태양광발전소,,전북특별자치도 완주군 고산면 남봉리 992-6(답)(건물위),35.9702019384168,127.192564444684,,정상가동,99.88,380,60,2021,,2021-11-12,,493.271,2024-01-29
행복4태양광발전소,,전북특별자치도 완주군 고산면 남봉리 992-6(답)(건물위),35.9702019384168,127.192564444684,,정상가동,99.88,380,60,2021,,2021-11-12,,493.271,2024-01-29
행복5태양광발전소,,전북특별자치도 완주군 고산면 남봉리 992-6(답)(건물위),35.9702019384168,127.192564444684,,정상가동,99.88,380,60,2021,,2021-11-12,,493.271,2024-01-29
행복6태양광발전소,,전북특별자치도 완주군 고산면 남봉리 992-6(답)(건물위),35.9702019384168,127.192564444684,,정상가동,99.88,380,60,2021,,2021-11-12,,493.271,2024-01-29
금강태양광발전소,,전북특별자치도 완주군 봉동읍 용암리 538-4(창)(건물위),35.9394754919563,127.135805080817,,정상가동,37.44,380,60,2021,,2021-11-23,,170.1,2024-01-29
이슬1태양광발전소,,전북특별자치도 완주군 경천면 용복리 61(창)(건물위),36.0464028981293,127.262847564876,,정상가동,99.84,380,60,2021,,2021-11-23,,478.4,2024-01-29
이슬2태양광발전소,,"전북특별자치도 완주군 경천면 용복리 61(창),61-3(창)(건물위)",,,,정상가동,99.84,380,60,2021,,2021-11-23,,478.4,2024-01-29
이슬3태양광발전소,,전북특별자치도 완주군 경천면 용복리 61-3(창)(건물위),36.0462834215332,127.263369743876,,정상가동,99.84,380,60,2021,,2021-11-23,,478.4,2024-01-29
장완자태양광발전소,,"전북특별자치도 완주군 비봉면 내월리 703(목),943-1(목)(건물위)",,,,정상가동,99.36,380,60,2021,,2021-11-23,,470.3,2024-01-29
해오름태양광발전소,,"전북특별자치도 완주군 용진읍 운곡리 653-3(장),653-4(장)(건물위)",,,,정상가동,80.96,380,60,2021,,2021-11-24,,384.0,2024-01-29
도계마을자치연금발전소1태양광발전소,,"전북특별자치도 완주군 용진읍 간중리 603-5(대),894(장)(건물위)(토지위)",,,,정상가동,27.2,380,60,2021,,2021-12-06,,137.92,2024-01-29
도계마을자치연금발전소2태양광발전소,,"전북특별자치도 완주군 용진읍 간중리 603-5(대),894(장)(건물위)",,,,정상가동,17.85,380,60,2021,,2021-12-06,,90.51,2024-01-29
도계마을자치연금발전소3태양광발전소,,전북특별자치도 완주군 용진읍 간중리 893-3(대)(건물위),35.8904174031618,127.177683031426,,정상가동,25.5,380,60,2021,,2021-12-06,,129.3,2024-01-29
안골3호태양광발전소,,"전북특별자치도 완주군 화산면 와룡리 100-1(답),102-5(답),103-1(전),105-3(천)(토지위)",,,,정상가동,99.76,380,60,2021,,2021-12-06,,1669.0,2024-01-29
안골4호태양광발전소,,"전북특별자치도 완주군 화산면 와룡리 100-2(답),101(답),102-6(답)(토지위)",,,,정상가동,99.76,380,60,2021,,2021-12-06,,1149.0,2024-01-29
민수2호태양광발전소,,"전북특별자치도 완주군 화산면 화평리 186-5(답), 221(전)(건물위)",,,,정상가동,99.5,380,60,2021,,2021-12-06,,732.05,2024-01-29
배남농장1호태양광발전소,,"전북특별자치도 완주군 비봉면 대치리 20(목),21(목)(건물위)",,,,정상가동,99.84,380,60,2021,,2021-12-06,,450.1,2024-01-29
배남농장2호태양광발전소,,"전북특별자치도 완주군 비봉면 대치리 21(목),22-1(목)(건물위)",,,,정상가동,99.84,380,60,2021,,2021-12-06,,450.1,2024-01-29
우솔1호태양광발전소,,전북특별자치도 완주군 고산면 성재리 614(답)(건물위),35.9654587066065,127.212037165848,,정상가동,99.76,380,60,2021,,2021-12-06,,597.0,2024-01-29
우솔2호태양광발전소,,전북특별자치도 완주군 고산면 성재리 614(답)(건물위),35.9654587066065,127.212037165848,,정상가동,99.76,380,60,2021,,2021-12-06,,561.79,2024-01-29
우솔3호태양광발전소,,"전북특별자치도 완주군 고산면 성재리 613(답),614(답)(건물위)",,,,정상가동,99.76,380,60,2021,,2021-12-06,,572.61,2024-01-29
태산4호태양광발전소,,"전북특별자치도 완주군 고산면 성재리 613(답),614(답)(건물위)",,,,정상가동,69.6,380,60,2021,,2021-12-06,,401.35,2024-01-29
태산5호태양광발전소,,전북특별자치도 완주군 고산면 성재리 610-2(답)(건물위),35.9659860030037,127.2120470011,,정상가동,99.76,380,60,2021,,2021-12-06,,480.0,2024-01-29
재성태양광발전소,,전북특별자치도 완주군 봉동읍 은하리 1005-17(대)(건물위),35.9592519325502,127.143944116101,,정상가동,29.58,380,60,2021,,2021-12-06,,268.07,2024-01-29
탑플러스태양광발전소,,"전북특별자치도 완주군 구이면 계곡리 596(대),1022-97(잡)(건물위)",,,,정상가동,99.76,380,60,2021,,2021-12-17,,471.28,2024-01-29
정수1호태양광발전소,,전북특별자치도 완주군 화산면 운곡리 139-1(목)(건물위),36.0409432644257,127.189749427194,,정상가동,99.76,380,60,2021,,2021-12-17,,1156.0,2024-01-29
정수2호태양광발전소,,전북특별자치도 완주군 화산면 운곡리 139-1(목)(건물위),36.0409432644257,127.189749427194,,정상가동,99.76,380,60,2021,,2021-12-17,,734.0,2024-01-29
고산1호태양광발전소,,전북특별자치도 완주군 고산면 성재리 736-2(목)(건물위),35.9616268846221,127.208298187288,,정상가동,99.51,380,60,2021,,2021-12-23,,481.74,2024-01-29
고산2호태양광발전소,,전북특별자치도 완주군 고산면 성재리 736-17(목)(건물위),35.9619945202558,127.208493815855,,정상가동,17.12,380,60,2021,,2021-12-23,,82.88,2024-01-29
문장1호태양광발전소,,전북특별자치도 완주군 비봉면 소농리 296(목)(건물위),35.9868970348877,127.136841847732,,정상가동,99.75,380,60,2021,,2021-12-27,,480.0,2024-01-29
탑플러스1태양광발전소,,"전북특별자치도 완주군 구이면 계곡리 596(대),1022-97(잡)(건물위)",,,,정상가동,19.72,380,60,2022,,2022-01-07,,91.8,2024-01-29
도다민1호태양광발전소,,전북특별자치도 완주군 비봉면 백도리 324(답)(건물위),35.9953603019181,127.182689138931,,정상가동,99.645,380,60,2022,,2022-01-10,,488.0,2024-01-29
도다민2호태양광발전소,,전북특별자치도 완주군 비봉면 백도리 324(답)(건물위),35.9953603019181,127.182689138931,,정상가동,99.645,380,60,2022,,2022-01-10,,488.0,2024-01-29
그린솔라-06-길승산업태양광발전소,,전북특별자치도 완주군 봉동읍 장구리 582-2(장)(건물위),35.9729696033261,127.114370986759,,정상가동,305.28,380,60,2022,,2022-01-11,,1422.6,2024-01-29
구하3호태양광발전소,,"전북특별자치도 완주군 비봉면 이전리 218(잡),4-1(전),217-1(목),217-3(대)(건물위)",,,,정상가동,98.6,380,60,2022,,2022-01-11,,1479.22,2024-01-29
정남태양광발전소,,"전북특별자치도 완주군 화산면 와룡리 460(목),460-4(대),461(전),1092-1(목)(건물위)",,,,정상가동,99.76,380,60,2022,,2022-01-11,,1516.4,2024-01-29
백두3호태양광발전소,,전북특별자치도 완주군 비봉면 이전리 992-3(답)(건물위),36.0018665961687,127.193143054892,,정상가동,99.84,380,60,2022,,2022-01-11,,481.03,2024-01-29
금철농장1태양광발전소,,"전북특별자치도 완주군 고산면 남봉리 283-3(답),314(목),472-40(답),472-41(답),472-42(답)(건물위)",,,,정상가동,99.84,380,60,2022,,2022-01-19,,481.52,2024-01-29
금철농장2태양광발전소,,"전북특별자치도 완주군 고산면 남봉리 283-3(답),314(목),472-40(답),472-41(답),472-42(답)(건물위)",,,,정상가동,99.84,380,60,2022,,2022-01-19,,481.52,2024-01-29
금철농장3태양광발전소,,"전북특별자치도 완주군 고산면 남봉리 283-3(답),314(목),472-40(답),472-41(답),472-42(답)(건물위)",,,,정상가동,27.36,380,60,2022,,2022-01-19,,131.955,2024-01-29
현대에코3태양광발전소,,전북특별자치도 완주군 봉동읍 장구리 370-64(도)외 18필지(고속도로 방음벽),,,,정상가동,194.94,380,60,2022,,2022-01-19,,600.0,2024-01-29
원우4호태양광발전소,,전북특별자치도 완주군 화산면 우월리 262-2(답)(건물위),36.0502886924631,127.173452729297,,정상가동,74.88,380,60,2022,,2022-01-20,,350.9,2024-01-29
비봉1태양광발전소,,"전북특별자치도 완주군 비봉면 봉산리 521(답),522-2(전),523(답),523-1(도),523-2(답),525(전)(건물위)",,,,정상가동,99.84,380,60,2022,,2022-02-03,,481.52,2024-01-29
비봉2태양광발전소,,"전북특별자치도 완주군 비봉면 봉산리 521(답),522-2(전),523(답),523-1(도),523-2(답),525(전)(건물위)",,,,정상가동,99.84,380,60,2022,,2022-02-03,,481.52,2024-01-29
봉산1태양광발전소,,"전북특별자치도 완주군 비봉면 봉산리 521(답),522-2(전),523(답),523-1(도),523-2(답),525(전)(건물위)",,,,정상가동,99.84,380,60,2022,,2022-02-03,,481.52,2024-01-29
봉산2태양광발전소,,"전북특별자치도 완주군 비봉면 봉산리 521(답),522-2(전),523(답),523-1(도),523-2(답),525(전)(건물위)",,,,정상가동,99.84,380,60,2022,,2022-02-03,,481.52,2024-01-29
푸른1호태양광발전소,,"전북특별자치도 완주군 비봉면 수선리 1436(답),1437(답)(건물위)",,,,정상가동,99.735,380,60,2022,,2022-02-14,,475.59,2024-01-29
푸른2호태양광발전소,,"전북특별자치도 완주군 비봉면 수선리 1436(답),1437(답)(건물위)",,,,정상가동,99.735,380,60,2022,,2022-02-14,,475.59,2024-01-29
푸른3호태양광발전소,,"전북특별자치도 완주군 비봉면 수선리 1436(답),1437(답)(건물위)",,,,정상가동,99.735,380,60,2022,,2022-02-14,,475.59,2024-01-29
푸른4호태양광발전소,,"전북특별자치도 완주군 비봉면 수선리 1436(답),1437(답)(건물위)",,,,정상가동,29.975,380,60,2022,,2022-02-14,,146.17,2024-01-29
두레농장2태양광발전소,,"전북특별자치도 완주군 화산면 운곡리 313(답),313-2(답)(건물위)",,,,정상가동,99.84,380,60,2022,,2022-02-14,,481.52,2024-01-29
태영발전소,,"전북특별자치도 완주군 비봉면 백도리 1003-9(답),1024-7(답)(토지위)",,,,정상가동,99.84,380,60,2022,,2022-02-16,,1186.0,2024-01-29
준발전소,,"전북특별자치도 완주군 비봉면 백도리 1003-2(답),1024-6(답)(토지위)",,,,정상가동,99.84,380,60,2022,,2022-02-16,,1275.0,2024-01-29
코코발전소,,전북특별자치도 완주군 비봉면 백도리 1000-2(답)(토지위),36.0110849634237,127.160404911733,,정상가동,49.92,380,60,2022,,2022-02-16,,605.0,2024-01-29
해모아태양광발전소,,전북특별자치도 완주군 비봉면 백도리 1000-1(답)(토지위),36.0112918189152,127.160522467686,,정상가동,99.84,380,60,2022,,2022-02-16,,894.0,2024-01-29
태호발전소,,전북특별자치도 완주군 비봉면 백도리 1000(답)(토지위),36.0115598876308,127.160557952695,,정상가동,99.84,380,60,2022,,2022-02-16,,1137.0,2024-01-29
조윤선태양광발전소,,"전북특별자치도 완주군 비봉면 내월리 399-3(대),399-5(창)(건물위)",,,,정상가동,29.76,380,60,2022,,2022-02-21,,142.07,2024-01-29
제이엘완주37호태양광발전소,,전북특별자치도 완주군 봉동읍 용암리 825(장)(건물위),35.943183195208,127.128441017007,,정상가동,470.4,380,60,2022,,2022-03-04,,2269.68,2024-01-29
제란태양광발전소,,"전북특별자치도 완주군 비봉면 내월리 452외 2필지(주2,주4)",,,,정상가동,99.76,380,60,2022,,2022-03-04,,465.1,2024-01-29
경호태양광발전소,,"전북특별자치도 완주군 화산면 운곡리 54-1(목),55(목)(건물위)",,,,정상가동,99.645,380,60,2022,,2022-03-07,,466.0,2024-01-29
용진라온태양광발전소,,전북특별자치도 완주군 용진읍 용흥리 294-3(장)(건물위),35.8869662283594,127.167925432312,,정상가동,70.0,380,60,2022,,2022-03-07,,330.0,2024-01-29
에스모터스태양광발전소,,전북특별자치도 완주군 봉동읍 장구리 579-5(장)(건물위),35.973306409955,127.123275822054,,정상가동,299.73,380,60,2022,,2022-03-14,,3399.31,2024-01-29
아폴론2호태양광발전소,,전북특별자치도 완주군 용진읍 간중리 491-22(답)(토지위),35.8860721471856,127.182651986386,,정상가동,99.84,380,60,2022,,2022-03-14,,791.0,2024-01-29
기형태양광발전소,,전북특별자치도 완주군 용진읍 간중리 491-20(답)(토지위),35.8861373056182,127.182297292265,,정상가동,99.84,380,60,2022,,2022-03-14,,827.0,2024-01-29
세비야2호태양광발전소,,전북특별자치도 완주군 용진읍 간중리 491-23(답)(토지위),35.8860076815116,127.182965371748,,정상가동,99.84,380,60,2022,,2022-03-14,,834.0,2024-01-29
시온성태양광발전소,,전북특별자치도 완주군 용진읍 간중리 491-2(답)(토지위),35.886703732274,127.181767760802,,정상가동,99.84,380,60,2022,,2022-03-14,,1000.0,2024-01-29
간중1호태양광발전소,,전북특별자치도 완주군 용진읍 간중리 491-17(답)(토지위),35.8864961436069,127.182085694772,,정상가동,99.84,380,60,2022,,2022-03-14,,809.0,2024-01-29
은혜태양광발전소,,전북특별자치도 완주군 용진읍 간중리 491-21(답)(토지위),35.8860417732166,127.182178459962,,정상가동,99.84,380,60,2022,,2022-03-14,,1059.0,2024-01-29
듬뿍태양광발전소,,전북특별자치도 완주군 용진읍 간중리 491-19(답)(토지위),35.8862997402338,127.182040169726,,정상가동,99.84,380,60,2022,,2022-03-14,,850.0,2024-01-29
한량태양광발전소,,전북특별자치도 완주군 용진읍 간중리 491-24(답)(토지위),35.885915903642,127.183221989708,,정상가동,48.0,380,60,2022,,2022-03-14,,548.0,2024-01-29
완주ECO태양광발전소,,전북특별자치도 완주군 용진읍 간중리 491-18(답)(토지위),35.8864127441812,127.181870093902,,정상가동,99.84,380,60,2022,,2022-03-14,,791.0,2024-01-29
화림발전소,,전북특별자치도 완주군 용진읍 간중리 669-1(전)(건물위),35.8915550199959,127.180002847509,,정상가동,17.4,380,60,2022,,2022-03-15,,99.96,2024-01-29
푸른태양광발전소,,"전북특별자치도 완주군 비봉면 백도리 322(답),322-1(목)(건물위)",,,,정상가동,243.36,380,60,2022,,2022-03-22,,1173.64,2024-01-29
용진18호태양광발전소,,전북특별자치도 완주군 용진읍 상운리 789-1(전)(토지위),35.905741702754,127.141369052004,,정상가동,99.91,380,60,2022,,2022-03-22,,1103.0,2024-01-29
담수연태양광발전소,,전북특별자치도 완주군 고산면 양야리 643-1(장)(건물위),35.9514981754356,127.203015388468,,정상가동,99.76,380,60,2022,,2022-03-22,,471.108,2024-01-29
한우물4호태양광발전소,,전북특별자치도 완주군 화산면 화월리 1295-10(답)(건물위),36.0230460340247,127.196481260234,,정상가동,65.4,380,60,2022,,2022-03-22,,311.01,2024-01-29
한우물5호태양광발전소,,전북특별자치도 완주군 화산면 화월리 1295-15(답)(건물위),36.0228011250439,127.196838548313,,정상가동,83.385,380,60,2022,,2022-03-22,,396.59,2024-01-29
SEN5태양광발전소,,전북특별자치도 완주군 봉동읍 장구리 584-4(장)(건물위)(주7동),35.9657592740692,127.115381510647,,정상가동,92.8,380,60,2022,,2022-03-22,,387.0,2024-01-29
SEN6태양광발전소,,전북특별자치도 완주군 봉동읍 장구리 584-4(장)(건물위)(주6동),35.9657592740692,127.115381510647,,정상가동,98.6,380,60,2022,,2022-03-22,,411.0,2024-01-29
SEN7태양광발전소,,전북특별자치도 완주군 봉동읍 장구리 584-4(장)(건물위)(주6동),35.9657592740692,127.115381510647,,정상가동,97.44,380,60,2022,,2022-03-22,,406.0,2024-01-29
SEN8태양광발전소,,전북특별자치도 완주군 봉동읍 장구리 584-4(장)(건물위)(주5동),35.9657592740692,127.115381510647,,정상가동,98.6,380,60,2022,,2022-03-22,,411.0,2024-01-29
SEN9태양광발전소,,전북특별자치도 완주군 봉동읍 장구리 584-4(장)(건물위)(주5동),35.9657592740692,127.115381510647,,정상가동,73.08,380,60,2022,,2022-03-22,,304.0,2024-01-29
성협공업2호태양광발전소,,전북특별자치도 완주군 봉동읍 용암리 850-1(장)(건물위),35.9379867231276,127.13291239149,,정상가동,81.48,380,60,2022,,2022-03-28,,398.63,2024-01-29
창수태양광발전소,,전북특별자치도 완주군 소양면 화심리 473-2(전)(건물위),35.8390586310047,127.271237983368,,정상가동,26.0,380,60,2022,,2022-03-29,,122.15,2024-01-29
한솔태양광발전소,,전북특별자치도 완주군 화산면 와룡리 45(대)(건물위),36.0151522066033,127.215806817884,,정상가동,19.68,380,60,2022,,2022-04-05,,99.42,2024-01-29
김춘심태양광발전소,,전북특별자치도 완주군 화산면 화월리 175-1(목)(건물위),36.0218402792571,127.196756614767,,정상가동,59.67,380,60,2022,,2022-04-05,,264.5,2024-01-29
정이태양광발전소,,전북특별자치도 완주군 비봉면 소농리 114(답)(건물위),35.987956587892,127.139759593974,,정상가동,99.76,380,60,2022,,2022-04-05,,475.2,2024-01-29
희래1태양광발전소,,전북특별자치도 완주군 비봉면 내월리 666(답)(건물위),36.0158636622909,127.127335928334,,정상가동,99.75,380,60,2022,,2022-04-05,,485.52,2024-01-29
희래2태양광발전소,,"전북특별자치도 완주군 비봉면 내월리 665(목),665-1(임),664(전)(건물위)",,,,정상가동,99.75,380,60,2022,,2022-04-05,,485.52,2024-01-29
희래3태양광발전소,,"전북특별자치도 완주군 비봉면 내월리 665(목),665-1(임),664(전)(건물위)",,,,정상가동,49.88,380,60,2022,,2022-04-05,,246.76,2024-01-29
구암리미혜태양광발전소,,전북특별자치도 완주군 봉동읍 구암리 538-90(답)(토지위),35.9406374791069,127.103407880813,,정상가동,99.84,380,60,2022,,2022-04-06,,1312.0,2024-01-29
기쁨태양광발전소,,전북특별자치도 완주군 봉동읍 구암리 538-3(답)(토지위),35.9407314659553,127.103003375803,,정상가동,99.84,380,60,2022,,2022-04-06,,873.0,2024-01-29
봉철태양광발전소,,전북특별자치도 완주군 봉동읍 구암리 538-16(답)(토지위),35.9408026053115,127.102861720928,,정상가동,99.84,380,60,2022,,2022-04-06,,1015.0,2024-01-29
수원태양광발전소,,전북특별자치도 완주군 봉동읍 구암리 538-83(답)(토지위),35.9409479232913,127.102712403913,,정상가동,99.84,380,60,2022,,2022-04-06,,926.0,2024-01-29
금옥태양광발전소,,전북특별자치도 완주군 봉동읍 구암리 537-1(잡)(토지위),35.9411414252391,127.102178246285,,정상가동,99.84,380,60,2022,,2022-04-06,,954.0,2024-01-29
봉동수빈1호태양광발전소,,전북특별자치도 완주군 봉동읍 구암리 538-1(답)(토지위),35.9413094512795,127.102454976628,,정상가동,99.84,380,60,2022,,2022-04-06,,1030.0,2024-01-29
이헌태양광발전소,,전북특별자치도 완주군 봉동읍 구암리 537-10(잡)(토지위),35.9409050205867,127.102294420864,,정상가동,29.76,380,60,2022,,2022-04-06,,311.0,2024-01-29
아린태양광발전소,,전북특별자치도 완주군 봉동읍 구암리 537-9(잡)(토지위),35.941003677178,127.102223175506,,정상가동,29.76,380,60,2022,,2022-04-06,,288.0,2024-01-29
사파3호태양광발전소,,전북특별자치도 완주군 상관면 용암리 553-2(잡)(건물위),35.7220614782741,127.225462291508,,정상가동,29.44,380,60,2022,,2022-04-08,,137.73,2024-01-29
건호태양광발전소,,전북특별자치도 완주군 이서면 이문리 409-1(잡)409-2(답)(토지위),,,,정상가동,50.0,380,60,2022,,2022-04-12,,522.0,2024-01-29
소열마리태양광발전소,,전북특별자치도 완주군 화산면 춘산리 669-1(답)(건물위),36.0701761070232,127.193734630097,,정상가동,99.9,380,60,2022,,2022-04-20,,469.59,2024-01-29
양계1호태양광발전소,,"전북특별자치도 완주군 화산면 승치리 567-2(답),568-1(답)(건물위)(주1,주2)",,,,정상가동,99.76,380,60,2022,,2022-04-25,,456.3,2024-01-29
양계2호태양광발전소,,"전북특별자치도 완주군 화산면 승치리 567-2(답),568-1(답)(건물위)(주1,주2)",,,,정상가동,99.76,380,60,2022,,2022-04-25,,456.3,2024-01-29
양계3호태양광발전소,,"전북특별자치도 완주군 화산면 승치리 567-2(답),568-1(답)(건물위)(주1)",,,,정상가동,99.76,380,60,2022,,2022-04-25,,458.8,2024-01-29
산마루1태양광발전소,,전북특별자치도 완주군 비봉면 소농리 97(답)(건물위),35.9879428729169,127.143136798167,,정상가동,99.75,380,60,2022,,2022-04-25,,485.52,2024-01-29
산마루2태양광발전소,,전북특별자치도 완주군 비봉면 소농리 97(답)(건물위),35.9879428729169,127.143136798167,,정상가동,99.75,380,60,2022,,2022-04-25,,485.52,2024-01-29
산마루3태양광발전소,,전북특별자치도 완주군 비봉면 소농리 97(답)(건물위),35.9879428729169,127.143136798167,,정상가동,99.75,380,60,2022,,2022-04-25,,485.52,2024-01-29
산마루4태양광발전소,,전북특별자치도 완주군 비봉면 소농리 97(답)(건물위),35.9879428729169,127.143136798167,,정상가동,99.75,380,60,2022,,2022-04-25,,485.52,2024-01-29
연발전소2호,,"전북특별자치도 완주군 삼례읍 해전리 704-1(전),702-7(전),703-1(전),711-11(전)(건물위)",,,,정상가동,29.76,380,60,2022,,2022-04-26,,145.05,2024-01-29
대진정밀태양광발전소,,전북특별자치도 완주군 봉동읍 둔산리 926-25(장)(건물위),35.9578228022895,127.128659589723,,정상가동,243.6,380,60,2022,,2022-04-27,,1107.0,2024-01-29
온새,,전북특별자치도 완주군 이서면 이문리 781-10(목)(건물위),35.8344730338023,127.010583748568,,정상가동,99.18,380,60,2022,,2022-04-27,,471.0,2024-01-29
미로,,전북특별자치도 완주군 이서면 이문리 781-14(목)(건물위),35.8344902281159,127.010805440066,,정상가동,99.18,380,60,2022,,2022-04-27,,471.0,2024-01-29
솔가람에너지태양광발전소,,전북특별자치도 완주군 삼례읍 삼례리 1036(대)(건물위),35.914976439736,127.07800033656,,정상가동,60.63,380,60,2022,,2022-04-27,,826.0,2024-01-29
고산종중태양광발전소,,"전북특별자치도 완주군 비봉면 소농리 726(답),727(답)(토지위)",,,,정상가동,299.0,380,60,2022,,2022-04-27,,3381.0,2024-01-29
솔라테크,,전북특별자치도 완주군 봉동읍 구암리 823(장)(건물위),35.9538413539352,127.10386092828,,정상가동,89.9,380,60,2022,,2022-04-27,,430.0,2024-01-29
내가텍,,전북특별자치도 완주군 고산면 어우리 652-1(대)(건물위),35.9561793914474,127.180688742121,,정상가동,29.58,380,60,2022,,2022-04-27,,130.3,2024-01-29
영상2호태양광발전소,,전북특별자치도 완주군 이서면 은교리 682-3(답)(토지위),35.8133049283504,127.003122077357,,정상가동,99.45,380,60,2022,,2022-05-02,,1102.0,2024-01-29
영상3호태양광발전소,,전북특별자치도 완주군 이서면 은교리 682(답)(토지위),35.8130189536295,127.003284387932,,정상가동,99.45,380,60,2022,,2022-05-02,,1070.0,2024-01-29
에덴태양광발전소,,"전북특별자치도 완주군 비봉면 대치리 31(답),33(목)(건물위)",,,,정상가동,99.45,380,60,2022,,2022-05-02,,458.83,2024-01-29
대호태양광발전소,,"전북특별자치도 완주군 고산면 남봉리 321-1(목),321-2(목)(건물위)",,,,정상가동,99.84,380,60,2022,,2022-05-02,,494.0,2024-01-29
복뎅이4호태양광발전소,,전북특별자치도 완주군 구이면 계곡리 313-13(장)(건물위),35.676459369484,127.113970033128,,정상가동,29.7,380,60,2022,,2022-05-09,,133.6,2024-01-29
창화2호발전소,,전북특별자치도 완주군 화산면 승치리 175-4(창)(건물위),36.0576357891367,127.225621720992,,정상가동,19.89,380,60,2022,,2022-05-09,,88.75,2024-01-29
안골5호태양광발전소,,"전북특별자치도 완주군 화산면 와룡리 100(답),102-1(답),103(전),105-1(천)(토지위)",,,,정상가동,99.36,380,60,2022,,2022-05-10,,1638.0,2024-01-29
우연태양광발전소1호,,"전북특별자치도 완주군 이서면 남계리 564-6(전),636-12(답)(토지위)",,,,정상가동,99.425,380,60,2022,,2022-05-10,,1041.0,2024-01-29
우연태양광발전소2호,,전북특별자치도 완주군 이서면 남계리 564-5(전)(토지위),35.850187415288,127.01949843607,,정상가동,99.425,380,60,2022,,2022-05-10,,938.0,2024-01-29
프렌즈원태양광발전소,,전북특별자치도 완주군 이서면 남계리 564(전)(토지위),35.8512335975408,127.018909315537,,정상가동,99.425,380,60,2022,,2022-05-10,,1006.0,2024-01-29
프렌즈투태양광발전소,,전북특별자치도 완주군 이서면 남계리 564-1(전)(토지위),35.8508894651918,127.0191162454,,정상가동,99.425,380,60,2022,,2022-05-10,,951.0,2024-01-29
준태양광발전소,,전북특별자치도 완주군 이서면 남계리 564-2(전)(토지위),35.8506037520983,127.019209497747,,정상가동,99.425,380,60,2022,,2022-05-11,,947.0,2024-01-29
덕삼태양광발전소,,전북특별자치도 완주군 이서면 남계리 564-3(전)(토지위),35.8504540316318,127.019345402179,,정상가동,99.425,380,60,2022,,2022-05-11,,943.0,2024-01-29
이서태양광발전소,,전북특별자치도 완주군 이서면 남계리 564-4(전)(토지위),35.8503123441903,127.019407138683,,정상가동,99.425,380,60,2022,,2022-05-11,,946.0,2024-01-29
KEPCO-9-F09-정우정공1,,전북특별자치도 완주군 봉동읍 둔산리 926-5(장)(건물위),35.9559970525459,127.12800273793,,정상가동,766.36,22900,60,2022,,2022-05-11,,4625.04,2024-01-29
KEPCO-9-F11-정우특장차,,전북특별자치도 완주군 봉동읍 둔산리 926-8(장)(건물위),35.9559958058272,127.128998813876,,정상가동,296.24,380,60,2022,,2022-05-11,,1492.11,2024-01-29
김옥희태양광발전소,,전북특별자치도 완주군 봉동읍 둔산리 890-3(대)(건물위),35.9597084422192,127.122214553572,,정상가동,19.62,380,60,2022,,2022-05-26,,39.19,2024-01-29
박지현태양광발전소,,전북특별자치도 완주군 봉동읍 둔산리 890-2(대)(건물위),35.959821187066,127.122214727273,,정상가동,19.62,380,60,2022,,2022-05-26,,39.19,2024-01-29
원우5호태양광발전소,,"전북특별자치도 완주군 화산면 우월리 258(전), 258-1(전), 258-2(전), 260(답), 260-1(답), 260-2(답), 260-3(답), 260-4(답)부1(건물위)",,,,정상가동,74.88,380,60,2022,,2022-05-26,,350.9,2024-01-29
원우6호태양광발전소,,"전북특별자치도 완주군 화산면 우월리 258(전), 258-1(전), 258-2(전), 260(답), 260-1(답), 260-2(답), 260-3(답), 260-4(답)주1(건물위)",,,,정상가동,99.45,380,60,2022,,2022-05-26,,442.2,2024-01-29
하나물류태양광발전소,,전북특별자치도 완주군 봉동읍 둔산리 924-11(창)(건물위),35.9604603685874,127.129581406113,,정상가동,499.2,380,60,2022,,2022-05-26,,2398.272,2024-01-29
청정7태양광발전소,,"전북특별자치도 완주군 비봉면 봉산리 575-1(목),575-2(답)(건물위)",,,,정상가동,66.5,380,60,2022,,2022-05-26,,323.68,2024-01-29
에이플러스건설태양광발전소,,전북특별자치도 완주군 봉동읍 장구리 580-9(장)(건물위),35.9683733470912,127.120125128357,,정상가동,349.92,380,60,2022,,2022-05-26,,1645.25,2024-01-29
은희태양광발전소,,전북특별자치도 완주군 봉동읍 제내리 58-2(장)(건물위),35.9887563840916,127.123104680386,,정상가동,99.76,380,60,2022,,2022-05-27,,370.1,2024-01-29
장봉기1태양광발전소,,전북특별자치도 완주군 고산면 화정리 211(답)(건물위),35.9445742033307,127.195865657938,,정상가동,99.75,380,60,2022,,2022-05-27,,485.52,2024-01-29
항가리1호태양광발전소,,전북특별자치도 완주군 구이면 항가리 827(전)(건물위),35.7076617767219,127.121414369597,,정상가동,30.0,380,60,2022,,2022-05-27,,186.85,2024-01-29
항가리2호태양광발전소,,전북특별자치도 완주군 구이면 항가리 828-2(전)(건물위),35.7072480404886,127.121374624378,,정상가동,30.0,380,60,2022,,2022-05-27,,186.85,2024-01-29
정미1호태양광발전소,,전북특별자치도 완주군 비봉면 수선리 1499(답)(건물위),36.0099210073407,127.187163313427,,정상가동,98.94,380,60,2022,,2022-06-02,,471.78,2024-01-29
정미2호태양광발전소,,전북특별자치도 완주군 비봉면 수선리 1499(답)(건물위),36.0099210073407,127.187163313427,,정상가동,98.94,380,60,2022,,2022-06-02,,471.78,2024-01-29
뚝심3태양광발전소,,전북특별자치도 완주군 화산면 와룡리 348(목)(건물위),36.014071767271,127.207038717069,,정상가동,99.91,380,60,2022,,2022-06-02,,476.272,2024-01-29
뚝심4태양광발전소,,전북특별자치도 완주군 화산면 와룡리 348(목)(건물위),36.014071767271,127.207038717069,,정상가동,99.91,380,60,2022,,2022-06-02,,476.272,2024-01-29
대운1호태양광발전소,,"전북특별자치도 완주군 고산면 남봉리 281(전),472-49(답),283-2(목)(건물위)",,,,정상가동,99.91,380,60,2022,,2022-06-02,,476.27,2024-01-29
대운2호태양광발전소,,"전북특별자치도 완주군 고산면 남봉리 281(전),472-49(답),283-2(목)(건물위)",,,,정상가동,99.91,380,60,2022,,2022-06-02,,476.27,2024-01-29
대운3호태양광발전소,,"전북특별자치도 완주군 고산면 남봉리 281(전),472-49(답),283-2(목)(건물위)",,,,정상가동,99.91,380,60,2022,,2022-06-02,,476.27,2024-01-29
준호3태양광발전소,,전북특별자치도 완주군 이서면 남계리 608-3(전)(토지위),35.8497361838781,127.019879797012,,정상가동,99.84,380,60,2022,,2022-06-08,,1040.0,2024-01-29
입분태양광발전소,,전북특별자치도 완주군 이서면 남계리 608-10(전)(토지위),35.8493245178554,127.020252418462,,정상가동,99.84,380,60,2022,,2022-06-08,,1071.0,2024-01-29
옥주3호태양광발전소,,전북특별자치도 완주군 이서면 남계리 608-11(전)(토지위),35.8487380847069,127.02069661266,,정상가동,99.84,380,60,2022,,2022-06-08,,1219.0,2024-01-29
영순태양광발전소,,전북특별자치도 완주군 이서면 남계리 608-8(전)(토지위),35.8494689622816,127.020411862323,,정상가동,99.84,380,60,2022,,2022-06-08,,1058.0,2024-01-29
운산태양광발전소,,전북특별자치도 완주군 이서면 남계리 608(전)(토지위),35.8497554131647,127.020224963777,,정상가동,99.84,380,60,2022,,2022-06-08,,792.0,2024-01-29
다두2호태양광,,전북특별자치도 완주군 화산면 화평리 244-1(답)(3동)(건물위),36.0336701831258,127.209200274588,,정상가동,98.28,380,60,2022,,2022-06-08,,544.0,2024-01-29
다두3호태양광,,"전북특별자치도 완주군 화산면 화평리 241-1(답),243-4(답)(2동)(건물위)",,,,정상가동,99.84,380,60,2022,,2022-06-08,,600.0,2024-01-29
천호1태양광발전소,,전북특별자치도 완주군 비봉면 내월리 557(답) 외 8필지(건물위),,,,정상가동,99.75,380,60,2022,,2022-06-08,,485.52,2024-01-29
시에스엘태양광발전소,,전북특별자치도 완주군 봉동읍 장구리 583-3(장)(건물위)(주2동),35.9695251364618,127.116367716583,,정상가동,946.95,22900,60,2022,,2022-06-15,,4433.41,2024-01-29
시엘피태양광발전소,,전북특별자치도 완주군 봉동읍 장구리 583-3(장)(건물위)(주3동),35.9695251364618,127.116367716583,,정상가동,495.6,380,60,2022,,2022-06-15,,2320.29,2024-01-29
에덴1호태양광발전소,,"전북특별자치도 완주군 화산면 와룡리 340-3(목),337-2(목)(건물위)(주1)",,,,정상가동,99.5,380,60,2022,,2022-06-20,,473.0,2024-01-29
에덴2호태양광발전소,,"전북특별자치도 완주군 화산면 와룡리 340-3(목),337-2(목)(건물위)(주1)",,,,정상가동,99.5,380,60,2022,,2022-06-20,,473.0,2024-01-29
에덴3호태양광발전소,,"전북특별자치도 완주군 화산면 와룡리 340-3(목),337-2(목)(건물위)(주1)",,,,정상가동,99.5,380,60,2022,,2022-06-20,,473.0,2024-01-29
에덴4호태양광발전소,,"전북특별자치도 완주군 화산면 와룡리 340-3(목),337-2(목)(건물위)(주1)",,,,정상가동,99.5,380,60,2022,,2022-06-20,,473.0,2024-01-29
에덴5호태양광발전소,,"전북특별자치도 완주군 화산면 와룡리 340-3(목),337-2(목)(건물위)(주1)(주2)",,,,정상가동,99.5,380,60,2022,,2022-06-20,,473.0,2024-01-29
에덴6호태양광발전소,,"전북특별자치도 완주군 화산면 와룡리 340-3(목),337-2(목)(건물위)(주2)",,,,정상가동,99.5,380,60,2022,,2022-06-20,,473.0,2024-01-29
에덴7호태양광발전소,,"전북특별자치도 완주군 화산면 와룡리 340-3(목),337-2(목)(건물위)(주2)",,,,정상가동,99.5,380,60,2022,,2022-06-20,,473.0,2024-01-29
에덴8호태양광발전소,,"전북특별자치도 완주군 화산면 와룡리 340-3(목),337-2(목)(건물위)(주2)",,,,정상가동,99.5,380,60,2022,,2022-06-20,,473.0,2024-01-29
홍염6호태양광발전소,,전북특별자치도 완주군 화산면 승치리 828-4(전)(토지위),36.0830445008201,127.205766076362,,정상가동,99.82,380,60,2022,,2022-06-21,,1025.0,2024-01-29
홍염7호태양광발전소,,전북특별자치도 완주군 화산면 승치리 828-4(전)(토지위),36.0830445008201,127.205766076362,,정상가동,99.82,380,60,2022,,2022-06-21,,799.0,2024-01-29
홍염8호태양광발전소,,전북특별자치도 완주군 화산면 승치리 828-4(전)(토지위),36.0830445008201,127.205766076362,,정상가동,99.82,380,60,2022,,2022-06-21,,1018.0,2024-01-29
지상3호태양광발전소,,"전북특별자치도 완주군 화산면 와룡리 330(전), 334(전)(건물위)",,,,정상가동,98.94,380,60,2022,,2022-06-21,,471.0,2024-01-29
동양정공태양광발전소,,전북특별자치도 완주군 봉동읍 둔산리 870-10(장)(건물위),35.9595791514643,127.118218776908,,정상가동,599.72,22900,60,2022,,2022-06-21,,5200.0,2024-01-29
보라발전소,,전북특별자치도 완주군 비봉면 백도리 951-4(답)(건물위),36.0084845188414,127.159143461831,,정상가동,99.71,380,60,2022,,2022-06-21,,421.2,2024-01-29
채린태양광발전소,,"전북특별자치도 완주군 삼례읍 하리 105-3(대),105-4(대),105-5(대)(건물위)",,,,정상가동,72.5,380,60,2022,,2022-06-24,,342.5,2024-01-29
쏠라팜1호태양광발전소,,전북특별자치도 완주군 용진읍 간중리 472-1(전)(토지위),35.8855011234306,127.1891112379,,정상가동,99.9,380,60,2022,,2022-06-30,,865.0,2024-01-29
쏠라팜2호태양광발전소,,전북특별자치도 완주군 용진읍 간중리 472-1(전)(토지위),35.8855011234306,127.1891112379,,정상가동,29.76,380,60,2022,,2022-06-30,,291.0,2024-01-29
선영태양광발전소,,"전북특별자치도 완주군 화산면 운산리 831-2(목),831-3(대)(건물위)",,,,정상가동,93.96,380,60,2022,,2022-06-30,,454.64,2024-01-29
다수테크1호태양광발전소,,전북특별자치도 완주군 봉동읍 용암리 767-9(장)(건물위),35.9508284228178,127.141045207406,,정상가동,99.0,380,60,2022,,2022-06-30,,475.0,2024-01-29
다수테크2호태양광발전소,,전북특별자치도 완주군 봉동읍 용암리 767-9(장)(건물위),35.9508284228178,127.141045207406,,정상가동,93.06,380,60,2022,,2022-06-30,,446.0,2024-01-29
호원1호태양광발전소,,"전북특별자치도 완주군 비봉면 백도리 4-3(목),220-2(답)(건물위)(주3)",,,,정상가동,99.45,380,60,2022,,2022-07-04,,340.0,2024-01-29
호원2호태양광발전소,,"전북특별자치도 완주군 비봉면 백도리 4-3(목),220-2(답)(건물위)(주3)",,,,정상가동,99.45,380,60,2022,,2022-07-04,,340.0,2024-01-29
지오태양광발전소,,전북특별자치도 완주군 이서면 금평리 687-5(대)(건물위),35.8211933020815,127.053380452108,,정상가동,51.0,380,60,2022,,2022-07-05,,242.03,2024-01-29
길호민태양광발전소,,전북특별자치도 완주군 이서면 상개리 142-1(전)(건물위),35.8159681800514,127.040896860165,,정상가동,18.56,380,60,2022,,2022-07-05,,84.93,2024-01-29
삼복5호태양광발전소,,전북특별자치도 완주군 화산면 승치리 166-1(목)(건물위),36.0568309169676,127.226333525554,,정상가동,99.71,380,60,2022,,2022-07-12,,466.78,2024-01-29
삼복6호태양광발전소,,전북특별자치도 완주군 화산면 승치리 166-1(목)(건물위),36.0568309169676,127.226333525554,,정상가동,99.71,380,60,2022,,2022-07-12,,466.78,2024-01-29
상삼리민성태양광발전소,,"전북특별자치도 완주군 용진읍 상삼리 187(답),187-1(답),187-38(답)(토지위)",,,,정상가동,100.0,380,60,2022,,2022-07-12,,802.0,2024-01-29
슬정원1태양광발전소,,전북특별자치도 완주군 비봉면 백도리 1021(답)(토지위),36.0128055341101,127.162124774091,,정상가동,99.75,380,60,2022,,2022-07-14,,1119.0,2024-01-29
슬정원2태양광발전소,,"전북특별자치도 완주군 비봉면 백도리 1021-2(답),1020-1(답)(토지위)",,,,정상가동,99.75,380,60,2022,,2022-07-14,,882.0,2024-01-29
슬정원3태양광발전소,,"전북특별자치도 완주군 비봉면 백도리 1021-4(답),1020-4(답)(토지위)",,,,정상가동,99.75,380,60,2022,,2022-07-14,,976.0,2024-01-29
정순태양광발전소,,전북특별자치도 완주군 화산면 승치리 374-1(답)(건물위),36.0654415002341,127.220757746522,,정상가동,99.12,380,60,2022,,2022-07-19,,471.28,2024-01-29
정순2태양광발전소,,전북특별자치도 완주군 화산면 승치리 374-1(답)(건물위),36.0654415002341,127.220757746522,,정상가동,99.12,380,60,2022,,2022-07-19,,471.28,2024-01-29
정순3태양광발전소,,전북특별자치도 완주군 화산면 승치리 374-1(답)(건물위),36.0654415002341,127.220757746522,,정상가동,99.12,380,60,2022,,2022-07-19,,471.28,2024-01-29
신호1태양광발전소,,전북특별자치도 완주군 화산면 운산리 830-2(답)(토지위),36.0843058622197,127.145858245139,,정상가동,99.19,380,60,2022,,2022-07-19,,1080.0,2024-01-29
신호2태양광발전소,,전북특별자치도 완주군 화산면 운산리 830(답)(토지위),36.0843970606567,127.146010410525,,정상가동,99.19,380,60,2022,,2022-07-19,,939.0,2024-01-29
하리1호태양광발전소,,"전북특별자치도 완주군 삼례읍 하리 193-2(답),193-4(잡),195-1(답)(건물위)",,,,정상가동,70.0,380,60,2022,,2022-07-19,,329.0,2024-01-29
하리2호태양광발전소,,"전북특별자치도 완주군 삼례읍 하리 225-1(전),225-2(잡),225-3(잡)(건물위)",,,,정상가동,70.0,380,60,2022,,2022-07-19,,329.0,2024-01-29
인숙태양광발전소,,전북특별자치도 완주군 삼례읍 수계리 404-2(대)(건물위),35.9337438555175,127.123456615015,,정상가동,63.05,380,60,2022,,2022-07-19,,299.07,2024-01-29
더원태양광발전소,,전북특별자치도 완주군 봉동읍 장구리 586-1(장)(건물위),35.9701118271565,127.112220137206,,정상가동,247.52,380,60,2022,,2022-07-19,,1151.6,2024-01-29
한빛태양광발전소1,,전북특별자치도 완주군 봉동읍 장구리 584-5(장)(건물위),35.9657434819419,127.115963731732,,정상가동,99.76,380,60,2022,,2022-07-22,,462.45,2024-01-29
한빛태양광발전소2,,전북특별자치도 완주군 봉동읍 장구리 584-5(장)(건물위),35.9657434819419,127.115963731732,,정상가동,99.76,380,60,2022,,2022-07-22,,462.45,2024-01-29
동방1호태양광발전소,,전북특별자치도 완주군 비봉면 백도리 959-1(답)(토지위),36.0081090870151,127.157968390707,,정상가동,99.91,380,60,2022,,2022-08-03,,1514.0,2024-01-29
동방2호태양광발전소,,전북특별자치도 완주군 비봉면 백도리 959-1(답)(토지위),36.0081090870151,127.157968390707,,정상가동,99.91,380,60,2022,,2022-08-03,,1514.0,2024-01-29
다한1태양광발전소,,전북특별자치도 완주군 봉동읍 장구리 587-1(장)(건물위)(주5),35.9678223541411,127.111993173135,,정상가동,99.365,380,60,2022,,2022-08-04,,461.3,2024-01-29
다한2태양광발전소,,전북특별자치도 완주군 봉동읍 장구리 587-1(장)(건물위)(주4),35.9678223541411,127.111993173135,,정상가동,99.365,380,60,2022,,2022-08-04,,461.3,2024-01-29
다한3태양광발전소,,전북특별자치도 완주군 봉동읍 장구리 587-1(장)(건물위)(주2)(주3),35.9678223541411,127.111993173135,,정상가동,99.365,380,60,2022,,2022-08-04,,461.3,2024-01-29
다한4태양광발전소,,전북특별자치도 완주군 봉동읍 장구리 587-1(장)(건물위)(주1)(주2),35.9678223541411,127.111993173135,,정상가동,99.365,380,60,2022,,2022-08-04,,461.3,2024-01-29
다한5태양광발전소,,전북특별자치도 완주군 봉동읍 장구리 587-1(장)(건물위)(주1)(주6),35.9678223541411,127.111993173135,,정상가동,74.97,380,60,2022,,2022-08-04,,348.04,2024-01-29
소농1태양광발전소,,"전북특별자치도 완주군 고산면 서봉리 549-1(목),549-5(답),550-1(목)(건물위)",,,,정상가동,99.75,380,60,2022,,2022-08-04,,485.52,2024-01-29
소농2태양광발전소,,"전북특별자치도 완주군 고산면 서봉리 549-1(목),549-5(답),550-1(목)(건물위)",,,,정상가동,99.75,380,60,2022,,2022-08-04,,485.52,2024-01-29
산소태양광발전소,,"전북특별자치도 완주군 이서면 용서리 63-13(잡),산60-6(임)(건물위)",35.8265403276256,127.018732032337,,정상가동,143.4,380,60,2022,,2022-08-04,,1417.75,2024-01-29
㈜호이스트코리아,,전북특별자치도 완주군 봉동읍 둔산리 863-16(대)(건물위),35.9663708920334,127.119124778207,,정상가동,799.24,22900,60,2022,,2022-08-04,,3885.86,2024-01-29
삼복1호태양광발전소,,"전북특별자치도 완주군 화산면 승치리 351(답),339(답)(건물위)",,,,정상가동,99.71,380,60,2022,,2022-08-11,,466.778,2024-01-29
삼복4호태양광발전소,,"전북특별자치도 완주군 화산면 승치리 351(답),339(답)(건물위)",,,,정상가동,99.71,380,60,2022,,2022-08-11,,466.778,2024-01-29
거북발전소,,"전북특별자치도 완주군 용진읍 간중리 474-2(잡),474-8(잡)(토지위)",,,,정상가동,99.84,380,60,2022,,2022-08-17,,940.0,2024-01-29
태양1호태양광발전소,,전북특별자치도 완주군 화산면 승치리 30(전)(토지위),36.0619538769864,127.230657172461,,정상가동,99.19,380,60,2022,,2022-08-17,,1100.0,2024-01-29
태양2호태양광발전소,,"전북특별자치도 완주군 화산면 승치리 29(전),30(전)(토지위)",,,,정상가동,99.19,380,60,2022,,2022-08-17,,1086.0,2024-01-29
상호1태양광발전소,,전북특별자치도 완주군 화산면 운산리 683-1(전)(토지위),36.082663325812,127.143896947548,,정상가동,99.19,380,60,2022,,2022-08-17,,1084.0,2024-01-29
상호2태양광발전소,,전북특별자치도 완주군 화산면 운산리 683-2(전)(토지위),36.082761551837,127.144501992955,,정상가동,99.19,380,60,2022,,2022-08-17,,944.0,2024-01-29
상호3태양광발전소,,전북특별자치도 완주군 화산면 운산리 683(전)(토지위),36.0829678204764,127.144444414992,,정상가동,99.19,380,60,2022,,2022-08-17,,1558.0,2024-01-29
이창태양광발전소,,전북특별자치도 완주군 화산면 승치리 291(대)(건물위),36.0603455350967,127.223532007552,,정상가동,17.7,380,60,2022,,2022-08-18,,80.04,2024-01-29
에스더블유1호태양광발전소,,"전북특별자치도 완주군 소양면 신원리 228-2(목),228-3(목),228-5(목),228-7(전),228-11(목)(건물위)",,,,정상가동,99.82,380,60,2022,,2022-08-25,,490.0,2024-01-29
에스더블유2호태양광발전소,,"전북특별자치도 완주군 소양면 신원리 228-2(목),228-3(목),228-5(목),228-7(전),228-11(목)(건물위)",,,,정상가동,99.82,380,60,2022,,2022-08-25,,490.0,2024-01-29
에스더블유3호태양광발전소,,"전북특별자치도 완주군 소양면 신원리 228-2(목),228-3(목),228-5(목),228-7(전),228-11(목)(건물위)",,,,정상가동,99.82,380,60,2022,,2022-08-25,,490.0,2024-01-29
에스더블유4호태양광발전소,,"전북특별자치도 완주군 소양면 신원리 228-2(목),228-3(목),228-5(목),228-7(전),228-11(목)(건물위)",,,,정상가동,99.82,380,60,2022,,2022-08-25,,490.0,2024-01-29
호연솔라태양광발전소,,전북특별자치도 완주군 용진읍 상운리 322-1(전)(건물위),35.8891872679743,127.152165766319,,정상가동,20.0,380,60,2022,,2022-08-25,,30.91,2024-01-29
진태양광발전소,,"전북특별자치도 완주군 이서면 상개리 54-24(장),54-25(장)(건물위)",,,,정상가동,99.425,380,60,2022,,2022-08-26,,463.7,2024-01-29
스마트태양광발전소,,"전북특별자치도 완주군 삼례읍 수계리 249(잡),250(잡)(건물위)",,,,정상가동,35.7,380,60,2022,,2022-09-14,,178.29,2024-01-29
유운장1호태양광발전소,,전북특별자치도 완주군 화산면 운곡리 1044-6(답)(건물위),36.0820855033364,127.171408193741,,정상가동,99.12,380,60,2022,,2022-09-14,,464.87,2024-01-29
유운장2호태양광발전소,,전북특별자치도 완주군 화산면 운곡리 1044-6(답)(건물위),36.0820855033364,127.171408193741,,정상가동,99.12,380,60,2022,,2022-09-14,,464.87,2024-01-29
유항준2호태양광발전소,,"전북특별자치도 완주군 화산면 운곡리 1052(목),1053-2(대)(건물위)",,,,정상가동,99.71,380,60,2022,,2022-09-14,,464.64,2024-01-29
청림원태양광발전소,,전북특별자치도 완주군 고산면 양야리 24(답)(토지위),35.9251249473878,127.194871414369,,정상가동,81.83,220,60,2022,,2022-09-14,,1084.0,2024-01-29
봉황3호태양광발전소,,"전북특별자치도 완주군 화산면 우월리 112(임),114(목),115(천),118-1(답),118-2(전),118-3(전),119-5(답),119-6(답)(건물위)",,,,정상가동,99.84,380,60,2022,,2022-09-19,,481.52,2024-01-29
봉황4호태양광발전소,,"전북특별자치도 완주군 화산면 우월리 112(임),114(목),115(천),118-1(답),118-2(전),118-3(전),119-5(답),119-6(답)(건물위)",,,,정상가동,49.92,380,60,2022,,2022-09-19,,240.76,2024-01-29
봉황5호태양광발전소,,"전북특별자치도 완주군 화산면 우월리 112(임),114(목),115(천),118-1(답),118-2(전),118-3(전),119-5(답),119-6(답)(건물위)",,,,정상가동,99.84,380,60,2022,,2022-09-19,,481.52,2024-01-29
봉황6호태양광발전소,,"전북특별자치도 완주군 화산면 우월리 112(임),114(목),115(천),118-1(답),118-2(전),118-3(전),119-5(답),119-6(답)(건물위)",,,,정상가동,99.84,380,60,2022,,2022-09-19,,481.52,2024-01-29
아림태양광발전소,,"전북특별자치도 완주군 화산면 운산리 687(답),828(답)(토지위)",,,,정상가동,99.45,380,60,2022,,2022-09-20,,847.0,2024-01-29
운산리2호태양광발전소,,"전북특별자치도 완주군 화산면 운산리 687(답),828(답)(토지위)",,,,정상가동,99.45,380,60,2022,,2022-09-20,,716.0,2024-01-29
운산리3호태양광발전소,,전북특별자치도 완주군 화산면 운산리 687(답)(토지위),36.0832773516134,127.145072833955,,정상가동,99.45,380,60,2022,,2022-09-20,,717.0,2024-01-29
운산리4호태양광발전소,,"전북특별자치도 완주군 화산면 운산리 687(답),828(답)(토지위)",,,,정상가동,99.45,380,60,2022,,2022-09-20,,639.0,2024-01-29
운산리5호태양광발전소,,"전북특별자치도 완주군 화산면 운산리 687(답),828(답)(토지위)",,,,정상가동,99.45,380,60,2022,,2022-09-20,,1337.0,2024-01-29
그린1태양광발전소,,"전북특별자치도 완주군 고산면 남봉리 301-1(답),297(답)(건물위)",,,,정상가동,99.96,380,60,2022,,2022-09-26,,471.65,2024-01-29
그린2태양광발전소,,"전북특별자치도 완주군 고산면 남봉리 301-1(답),297(답)(건물위)",,,,정상가동,99.96,380,60,2022,,2022-09-26,,471.65,2024-01-29
화산골5호태양광발전소,,"전북특별자치도 완주군 화산면 운산리 652(답),642-6(답),642-7(목),642-8(목),642-9(목),653(답),655-1(답),655-4(목)(건물위)",,,,정상가동,778.8,22900,60,2022,,2022-09-26,,3564.0,2024-01-29
완주남철태양광발전소,,전북특별자치도 완주군 화산면 운산리 832(답)(건물위),36.0847829958802,127.146352980135,,정상가동,199.52,380,60,2022,,2022-09-26,,1076.0,2024-01-29
홍염1호태양광발전소,,"전북특별자치도 완주군 화산면 승치리 762(답),764-1(전),764-2(답),765(답),769(전)(토지위)",,,,정상가동,99.82,380,60,2022,,2022-09-27,,1370.0,2024-01-29
홍염2호태양광발전소,,"전북특별자치도 완주군 화산면 승치리 762(답),765(답)(토지위)",,,,정상가동,99.82,380,60,2022,,2022-09-27,,1078.0,2024-01-29
홍염3호태양광발전소,,"전북특별자치도 완주군 화산면 승치리 762(답),765(답)(토지위)",,,,정상가동,99.82,380,60,2022,,2022-09-27,,1029.0,2024-01-29
홍염4호태양광발전소,,"전북특별자치도 완주군 화산면 승치리 762(답),764-1(전)(토지위)",,,,정상가동,99.82,380,60,2022,,2022-09-27,,905.0,2024-01-29
홍염5호태양광발전소,,"전북특별자치도 완주군 화산면 승치리 762(답),764-1(전)(토지위)",,,,정상가동,99.82,380,60,2022,,2022-09-27,,935.0,2024-01-29
승리1호태양광발전소,,"전북특별자치도 완주군 화산면 승치리 762(답),764-1(전)(토지위)",,,,정상가동,99.82,380,60,2022,,2022-09-27,,1026.0,2024-01-29
승리2호태양광발전소,,"전북특별자치도 완주군 화산면 승치리 762(답),764-1(전),769(전)(토지위)",,,,정상가동,99.82,380,60,2022,,2022-09-27,,866.0,2024-01-29
포티조태양광발전소,,"전북특별자치도 완주군 화산면 승치리 762(답),764-1(전),765(답)(토지위)",,,,정상가동,99.82,380,60,2022,,2022-09-27,,1533.0,2024-01-29
하루1태양광발전소,,전북특별자치도 완주군 화산면 승치리 844(전)(건물위),36.0839081253395,127.209982796956,,정상가동,99.96,380,60,2022,,2022-09-27,,471.648,2024-01-29
하루2태양광발전소,,전북특별자치도 완주군 화산면 승치리 844(전)(건물위),36.0839081253395,127.209982796956,,정상가동,61.25,380,60,2022,,2022-09-27,,289.0,2024-01-29
용현3태양광발전소,,"전북특별자치도 완주군 화산면 운곡리 438(답),439-1(답),439-3(답),440(답),440-1(답),436-6(답),1087-1(답)(건물위)",,,,정상가동,99.96,380,60,2022,,2022-09-28,,471.648,2024-01-29
용현4태양광발전소,,"전북특별자치도 완주군 화산면 운곡리 438(답),439-1(답),439-3(답),440(답),440-1(답),436-6(답),1087-1(답)(건물위)",,,,정상가동,99.96,380,60,2022,,2022-09-28,,471.648,2024-01-29
용현5태양광발전소,,"전북특별자치도 완주군 화산면 운곡리 438(답),439-1(답),439-3(답),440(답),440-1(답),436-6(답),1087-1(답)(건물위)",,,,정상가동,99.96,380,60,2022,,2022-09-28,,471.648,2024-01-29
월암태양광발전소,,"전북특별자치도 완주군 비봉면 봉산리 964-1(창),964-12(답),998-1(목)(건물위)",,,,정상가동,99.96,380,60,2022,,2022-09-28,,471.65,2024-01-29
삼정태양광발전소,,전북특별자치도 완주군 봉동읍 둔산리 863-15(장)(건물위),35.9630129405259,127.116489860398,,정상가동,99.96,380,60,2022,,2022-10-06,,461.9,2024-01-29
신호3태양광발전소,,전북특별자치도 완주군 화산면 운산리 833(답)(토지위),36.0849362564201,127.146972358898,,정상가동,99.19,380,60,2022,,2022-10-20,,1158.0,2024-01-29
성재태양광발전소,,전북특별자치도 완주군 고산면 성재리 497-6(전)(건물위),35.9698118301265,127.220896871607,,정상가동,74.88,380,60,2022,,2022-10-20,,343.2,2024-01-29
태양2태양광발전소,,전북특별자치도 완주군 비봉면 수선리 391(답)(건물위),36.0190729692848,127.188849545173,,정상가동,45.815,380,60,2022,,2022-10-20,,212.69,2024-01-29
명덕리태양광발전소,,"전북특별자치도 완주군 소양면 명덕리 산231-4(도),산237-3(도),산239-1(도),898(도),899(도),899-2(도)(토지위)",,,,정상가동,456.87,380,60,2022,,2022-10-20,,2874.0,2024-01-29
보헤미안태양광발전소,,"전북특별자치도 완주군 상관면 죽림리 363-11(대),363-12(대)(건물위)",,,,정상가동,98.9,380,60,2022,,2022-10-20,,901.92,2024-01-29
삼례교당태양광발전소,,전북특별자치도 완주군 삼례읍 후정리 269-2(종)(건물위),35.9081272857055,127.065714757003,,정상가동,18.915,380,60,2022,,2022-10-28,,83.1,2024-01-29
평강2태양광발전소,,전북특별자치도 완주군 화산면 화월리 256-1(답)(건물위),36.0240827444754,127.188949144326,,정상가동,99.96,380,60,2022,,2022-11-07,,471.648,2024-01-29
평강3태양광발전소,,전북특별자치도 완주군 화산면 화월리 256-1(답)(건물위),36.0240827444754,127.188949144326,,정상가동,99.96,380,60,2022,,2022-11-07,,471.648,2024-01-29
이지에너지1호태양광발전소,,전북특별자치도 완주군 봉동읍 둔산리 868-8(장)(건물위),35.9599672531863,127.11559944786,,정상가동,99.84,380,60,2022,,2022-11-07,,444.8,2024-01-29
이지에너지2호태양광발전소,,전북특별자치도 완주군 봉동읍 둔산리 868-8(장)(건물위),35.9599672531863,127.11559944786,,정상가동,99.84,380,60,2022,,2022-11-07,,406.0,2024-01-29
이지에너지3호태양광발전소,,전북특별자치도 완주군 봉동읍 둔산리 868-7(장)(건물위),35.9595181780128,127.115680159319,,정상가동,99.84,380,60,2022,,2022-11-07,,411.0,2024-01-29
이지에너지4호태양광발전소,,"전북특별자치도 완주군 봉동읍 둔산리 868-7(장),868-8(장)(건물위)",,,,정상가동,29.76,380,60,2022,,2022-11-07,,108.0,2024-01-29
이지에너지5호태양광발전소,,전북특별자치도 완주군 봉동읍 둔산리 948-15(장)(건물위),35.9532522398121,127.124746813945,,정상가동,99.84,380,60,2022,,2022-11-07,,461.0,2024-01-29
이지에너지6호태양광발전소,,전북특별자치도 완주군 봉동읍 둔산리 948-15(장)(건물위),35.9532522398121,127.124746813945,,정상가동,99.84,380,60,2022,,2022-11-07,,478.0,2024-01-29
이지에너지7호태양광발전소,,전북특별자치도 완주군 봉동읍 둔산리 948-15(장)(건물위),35.9532522398121,127.124746813945,,정상가동,99.84,380,60,2022,,2022-11-07,,450.0,2024-01-29
이지에너지8호태양광발전소,,전북특별자치도 완주군 봉동읍 둔산리 948-15(장)(건물위),35.9532522398121,127.124746813945,,정상가동,99.84,380,60,2022,,2022-11-07,,464.0,2024-01-29
이지에너지9호태양광발전소,,전북특별자치도 완주군 봉동읍 둔산리 948-15(장)(건물위),35.9532522398121,127.124746813945,,정상가동,29.28,380,60,2022,,2022-11-07,,132.0,2024-01-29
광덕태양광발전소,,"전북특별자치도 완주군 비봉면 백도리 982(목),982-1(목)(건물위)",,,,정상가동,99.71,380,60,2022,,2022-11-11,,446.16,2024-01-29
송희태양광발전소,,전북특별자치도 완주군 상관면 용암리 3(전)(토지위),35.6959411642226,127.258129546696,,정상가동,97.97,380,60,2022,,2022-11-11,,1102.0,2024-01-29
가운태양광발전소,,"전북특별자치도 완주군 상관면 용암리 3-1(전),4(전)(토지위)",,,,정상가동,97.97,380,60,2022,,2022-11-11,,1178.0,2024-01-29
완주승주1호태양광발전소,,"전북특별자치도 완주군 화산면 운곡리 609(전),1086-6(목),1086-7(목)(건물위)",,,,정상가동,98.02,380,60,2022,,2022-11-15,,331.99,2024-01-29
턱골1호태양광발전소,,"전북특별자치도 완주군 화산면 춘산리 686(전),688(전)(건물위)",,,,정상가동,99.71,380,60,2022,,2022-11-15,,458.75,2024-01-29
턱골2호태양광발전소,,"전북특별자치도 완주군 화산면 춘산리 686(전),688(전)(건물위)",,,,정상가동,99.71,380,60,2022,,2022-11-15,,458.75,2024-01-29
턱골3호태양광발전소,,"전북특별자치도 완주군 화산면 춘산리 686(전),688(전)(건물위)",,,,정상가동,99.71,380,60,2022,,2022-11-15,,458.75,2024-01-29
마하나임1호태양광발전소,,"전북특별자치도 완주군 비봉면 이전리 993-9(답),993-10(답),993-11(답)(건물위)",,,,정상가동,99.71,380,60,2022,,2022-11-15,,393.6,2024-01-29
마하나임2호태양광발전소,,"전북특별자치도 완주군 비봉면 이전리 993-9(답),993-10(답),993-11(답)(건물위)",,,,정상가동,99.71,380,60,2022,,2022-11-15,,393.6,2024-01-29
마하나임3호태양광발전소,,"전북특별자치도 완주군 비봉면 이전리 993-9(답),993-10(답),993-11(답)(건물위)",,,,정상가동,99.71,380,60,2022,,2022-11-15,,393.6,2024-01-29
찬찬태양광발전소,,전북특별자치도 완주군 이서면 은교리 687-5(답)(토지위),35.8141574054038,127.004014284629,,정상가동,99.485,380,60,2022,,2022-11-18,,790.0,2024-01-29
예나태양광발전소,,전북특별자치도 완주군 이서면 은교리 687-4(답)(토지위),35.8142703340952,127.003996364929,,정상가동,99.485,380,60,2022,,2022-11-18,,914.0,2024-01-29
우빈2호태양광발전소,,전북특별자치도 완주군 이서면 은교리 687-9(답)(토지위),35.8134918258407,127.003945869773,,정상가동,99.485,380,60,2022,,2022-11-18,,912.0,2024-01-29
유진1태양광발전소,,전북특별자치도 완주군 이서면 은교리 687-10(답)(토지위),35.8133013009895,127.003887437581,,정상가동,99.485,380,60,2022,,2022-11-18,,852.0,2024-01-29
해봄태양광발전소,,전북특별자치도 완주군 이서면 은교리 687-3(답)(토지위),35.8144111111111,127.003998253045,,정상가동,99.485,380,60,2022,,2022-11-18,,884.0,2024-01-29
한승훈태양광발전소,,전북특별자치도 완주군 이서면 은교리 687-11(답)(토지위),35.8130825632269,127.003933678149,,정상가동,99.485,380,60,2022,,2022-11-18,,1029.0,2024-01-29
재벌태양광발전소,,전북특별자치도 완주군 이서면 은교리 687-7(답)(토지위),35.8138771106764,127.004083205457,,정상가동,99.485,380,60,2022,,2022-11-18,,940.0,2024-01-29
지니태양광발전소,,전북특별자치도 완주군 이서면 은교리 687-6(답)(토지위),35.8139917510529,127.004086752131,,정상가동,99.485,380,60,2022,,2022-11-18,,979.0,2024-01-29
김국장태양광발전소,,전북특별자치도 완주군 이서면 은교리 687-8(답)(토지위),35.8136929846035,127.004032518458,,정상가동,99.485,380,60,2022,,2022-11-18,,867.0,2024-01-29
대흥태양광발전소,,전북특별자치도 완주군 이서면 은교리 687-2(답)(토지위),35.8145132231556,127.004025367625,,정상가동,99.485,380,60,2022,,2022-11-18,,792.0,2024-01-29
유진솔라텍태양광발전소,,전북특별자치도 완주군 이서면 은교리 687-1(답)(토지위),35.8146398495729,127.004050602453,,정상가동,99.485,380,60,2022,,2022-11-18,,862.0,2024-01-29
엠지태양광발전소,,전북특별자치도 완주군 이서면 은교리 687(답)(토지위),35.8148053221183,127.004023611948,,정상가동,99.485,380,60,2022,,2022-11-18,,1335.0,2024-01-29
오세화1호태양광발전소,,전북특별자치도 완주군 비봉면 이전리 992-2(답)(건물위),36.0021558611977,127.192881896549,,정상가동,99.71,380,60,2022,,2022-11-21,,481.08,2024-01-29
오세화2호태양광발전소,,전북특별자치도 완주군 비봉면 이전리 992-2(답)(건물위),36.0021558611977,127.192881896549,,정상가동,99.71,380,60,2022,,2022-11-21,,481.08,2024-01-29
오세화3호태양광발전소,,전북특별자치도 완주군 비봉면 이전리 992-2(답)(건물위),36.0021558611977,127.192881896549,,정상가동,99.71,380,60,2022,,2022-11-21,,481.08,2024-01-29
오세화4호태양광발전소,,전북특별자치도 완주군 비봉면 이전리 992-2(답)(건물위),36.0021558611977,127.192881896549,,정상가동,99.71,380,60,2022,,2022-11-21,,481.08,2024-01-29
장원1태양광발전소,,"전북특별자치도 완주군 비봉면 봉산리 377-1(목),401(목),401-1(목),402-1(목)(건물위)",,,,정상가동,99.96,380,60,2022,,2022-11-22,,471.65,2024-01-29
장원2태양광발전소,,"전북특별자치도 완주군 비봉면 봉산리 377-1(목),401(목),401-1(목),402-1(목)(건물위)",,,,정상가동,99.96,380,60,2022,,2022-11-22,,471.65,2024-01-29
장원3태양광발전소,,"전북특별자치도 완주군 비봉면 봉산리 377-1(목),401(목),401-1(목),402-1(목)(건물위)",,,,정상가동,99.96,380,60,2022,,2022-11-22,,471.65,2024-01-29
장원4태양광발전소,,"전북특별자치도 완주군 비봉면 봉산리 377-1(목),401(목),401-1(목),402-1(목)(건물위)",,,,정상가동,99.96,380,60,2022,,2022-11-22,,471.65,2024-01-29
이치구태양광발전소,,전북특별자치도 완주군 삼례읍 석전리 762-1(대)(건물위),35.9219203997623,127.103047785403,,정상가동,28.56,380,60,2022,,2022-11-22,,124.6,2024-01-29
상금태양광발전소,,전북특별자치도 완주군 봉동읍 구만리 937-5(답)(토지위),35.9058713250994,127.142872647971,,정상가동,99.0,380,60,2022,,2022-12-02,,1455.0,2024-01-29
보성알앤1호태양광발전소,,"전북특별자치도 완주군 봉동읍 둔산리 948-2(장),948-21(장)(건물위)",,,,정상가동,850.5,22900,60,2022,,2022-12-02,,16352.6,2024-01-29
서아준1호태양광발전소,,전북특별자치도 완주군 봉동읍 장구리 666(장)(건물위),35.965877239076,127.109916538555,,정상가동,99.96,380,60,2022,,2022-12-02,,479.65,2024-01-29
서아준2호태양광발전소,,전북특별자치도 완주군 봉동읍 장구리 666(장)(건물위),35.965877239076,127.109916538555,,정상가동,99.96,380,60,2022,,2022-12-02,,479.65,2024-01-29
솔가람에너지2호태양광발전소,,전북특별자치도 완주군 삼례읍 삼례리 1036(대)(건물위),35.914976439736,127.07800033656,,정상가동,57.12,380,60,2022,,2022-12-02,,342.62,2024-01-29
한우물6호태양광발전소,,"전북특별자치도 완주군 화산면 화월리 1295-10(답),1295-11(답),1295-13(목),1295-15(답)(건물위)",,,,정상가동,71.4,380,60,2022,,2022-12-02,,331.47,2024-01-29
만경1호태양광발전소,,전북특별자치도 완주군 삼례읍 삼례리 943-2(대)(건물위),35.9126179101062,127.073225748796,,정상가동,29.5,380,60,2022,,2022-12-02,,159.0,2024-01-29
보광산업1태양광발전소,,전북특별자치도 완주군 봉동읍 장구리 580-11(장)(건물위),35.9690469123439,127.119059950266,,정상가동,99.36,380,60,2022,,2022-12-13,,459.0,2024-01-29
바람발전소,,전북특별자치도 완주군 경천면 가천리 360-1(대)(건물위),36.0341201898776,127.261655237992,,정상가동,19.74,220,60,2022,,2022-12-20,,113.96,2024-01-29
부현태양광발전소,,"전북특별자치도 완주군 화산면 운곡리 467-1(목),466-1(답)(건물위)",,,,정상가동,99.76,380,60,2022,,2022-12-20,,445.9,2024-01-29
도다민3호태양광,,전북특별자치도 완주군 비봉면 백도리 324(답)(건물위),35.9953603019181,127.182689138931,,정상가동,39.44,380,60,2022,,2022-12-22,,186.0,2024-01-29
완주흥규태양광발전소,,전북특별자치도 완주군 화산면 운산리 834(전)(토지위),36.0851504789894,127.147410544043,,정상가동,99.76,380,60,2022,,2022-12-22,,1094.0,2024-01-29
완주용철태양광발전소,,전북특별자치도 완주군 화산면 운산리 830-1(답)(토지위),36.0840990450805,127.145847648605,,정상가동,99.76,380,60,2022,,2022-12-22,,1145.0,2024-01-29
깻잎태양광발전소,,전북특별자치도 완주군 이서면 금평리 385-12(대)(건물위),35.8231028081083,127.048250740769,,정상가동,91.64,380,60,2022,,2022-12-26,,385.0,2024-01-29
한교1태양광발전소,,"전북특별자치도 완주군 화산면 와룡리 335(목),332-1(목),336(목)(건물위)",,,,정상가동,99.96,380,60,2022,,2022-12-26,,471.648,2024-01-29
한교2태양광발전소,,"전북특별자치도 완주군 화산면 와룡리 335(목),332-1(목),336(목)(건물위)",,,,정상가동,99.96,380,60,2022,,2022-12-26,,471.648,2024-01-29
한교3태양광발전소,,"전북특별자치도 완주군 화산면 와룡리 335(목),332-1(목),336(목)(건물위)",,,,정상가동,99.96,380,60,2022,,2022-12-26,,471.648,2024-01-29
평화1태양광발전소,,"전북특별자치도 완주군 고산면 율곡리 619(답),621-1(답),622(전),623(목),623-1(목),624(목),624-1(목)(건물위)",,,,정상가동,99.96,380,60,2022,,2022-12-26,,471.65,2024-01-29
평화2태양광발전소,,"전북특별자치도 완주군 고산면 율곡리 619(답),621-1(답),622(전),623(목),623-1(목),624(목),624-1(목)(건물위)",,,,정상가동,99.96,380,60,2022,,2022-12-26,,471.65,2024-01-29
평화3태양광발전소,,"전북특별자치도 완주군 고산면 율곡리 619(답),621-1(답),622(전),623(목),623-1(목),624(목),624-1(목)(건물위)",,,,정상가동,99.96,380,60,2022,,2022-12-26,,471.65,2024-01-29
동석1태양광발전소,,"전북특별자치도 완주군 비봉면 대치리 499(답),500-1(목),501-1(답),501-4(목)(건물위)",,,,정상가동,99.96,380,60,2022,,2022-12-27,,471.65,2024-01-29
동석2태양광발전소,,"전북특별자치도 완주군 비봉면 대치리 499(답),500-1(목),501-1(답),501-4(목)(건물위)",,,,정상가동,99.96,380,60,2022,,2022-12-27,,471.65,2024-01-29
서봉마을태양광발전소,,전북특별자치도 완주군 고산면 율곡리 산8(임)(토지위),35.9835189755145,127.197925316888,,정상가동,999.6,22900,60,2023,,2023-01-06,,45719.0,2024-01-29
프렌즈텐태양광발전소,,전북특별자치도 완주군 이서면 남계리 435-2(전)(토지위),35.8534825941555,127.016442014167,,정상가동,99.47,380,60,2023,,2023-01-10,,951.0,2024-01-29
아정원태양광발전소,,전북특별자치도 완주군 이서면 남계리 435-3(전)(토지위),35.8533255425087,127.016167544643,,정상가동,99.47,380,60,2023,,2023-01-10,,858.0,2024-01-29
케이1호태양광발전소,,전북특별자치도 완주군 이서면 남계리 435-4(전)(토지위),35.8532285734215,127.016122578879,,정상가동,99.47,380,60,2023,,2023-01-10,,873.0,2024-01-29
인광1호태양광발전소,,전북특별자치도 완주군 이서면 남계리 435-5(전)(토지위),35.8531313449904,127.015994806215,,정상가동,99.47,380,60,2023,,2023-01-10,,868.0,2024-01-29
인광2호태양광발전소,,전북특별자치도 완주군 이서면 남계리 435-6(전)(토지위),35.8530035564527,127.015922933451,,정상가동,99.47,380,60,2023,,2023-01-10,,866.0,2024-01-29
윤철2호태양광발전소,,전북특별자치도 완주군 이서면 남계리 435-7(전)(토지위),35.8528639693466,127.015790835529,,정상가동,99.47,380,60,2023,,2023-01-10,,855.0,2024-01-29
시원1호태양광발전소,,전북특별자치도 완주군 이서면 남계리 435-8(전)(토지위),35.8527926574217,127.015961748395,,정상가동,99.47,380,60,2023,,2023-01-10,,867.0,2024-01-29
시원2호태양광발전소,,전북특별자치도 완주군 이서면 남계리 435-9(전)(토지위),35.8526642261306,127.015979213861,,정상가동,99.47,380,60,2023,,2023-01-10,,1023.0,2024-01-29
크로바1호발전소,,"전북특별자치도 완주군 화산면 화월리 1164(목),1163(답),1165-2(목),1181(목),1182(천),1247-3(목),1249-1(도)(건물위)",,,,정상가동,382.8,22900,60,2023,,2023-01-11,,1739.1,2024-01-29
크로바2호발전소,,"전북특별자치도 완주군 화산면 화월리 1145-1(전),1148-1(전),1150(목),1152-3(답),1247-4(목),1247-5(목)(건물위)",,,,정상가동,436.16,22900,60,2023,,2023-01-11,,1984.9,2024-01-29
크로바3호발전소,,"전북특별자치도 완주군 화산면 화월리 1145-1(전),1148-1(전),1150(목),1152-3(답),1247-4(목),1247-5(목)(건물위)",,,,정상가동,155.44,380,60,2023,,2023-01-11,,707.3,2024-01-29
완주동철태양광발전소,,전북특별자치도 완주군 화산면 운산리 822(답)(토지위),36.0844243804302,127.146664192386,,정상가동,99.76,380,60,2023,,2023-01-12,,1060.0,2024-01-29
완주재철태양광발전소,,전북특별자치도 완주군 화산면 운산리 822(답)(토지위),36.0844243804302,127.146664192386,,정상가동,99.76,380,60,2023,,2023-01-12,,1075.0,2024-01-29
죽산태양광발전소,,"전북특별자치도 완주군 비봉면 봉산리 358(전),359(전),360(전),361(전),540(전),924-1(목)(건물위)",,,,정상가동,99.96,380,60,2023,,2023-01-12,,471.648,2024-01-29
미순태양광발전소,,전북특별자치도 완주군 비봉면 소농리 114(답)(건물위),35.987956587892,127.139759593974,,정상가동,49.98,380,60,2023,,2023-01-12,,393.6,2024-01-29
봉실2태양광발전소,,"전북특별자치도 완주군 비봉면 봉산리 528(목),529(목)(건물위)",,,,정상가동,99.96,380,60,2023,,2023-02-16,,471.648,2024-01-29
소코빼기2태양광발전소,,"전북특별자치도 완주군 화산면 춘산리 117-2(답),119(답),120(답),120-1(답),120-3(목),121-2(답),121-4(천),121-5(천),948-66(목)(건물위)",,,,정상가동,99.96,380,60,2023,,2023-01-16,,471.648,2024-01-29
고산예송태양광발전소,,"전북특별자치도 완주군 고산면 남봉리 470(전),470-2(전),470-16(전)(토지위)",,,,정상가동,997.6,22900,60,2023,,2023-01-16,,9992.0,2024-01-29
성현와룡리1호태양광발전소,,전북특별자치도 완주군 화산면 와룡리 96-1(임)(건물위),36.0236646005514,127.212669503649,,정상가동,95.58,380,60,2023,,2023-01-17,,412.0,2024-01-29
뻐꾸기2호태양광발전소,,전북특별자치도 완주군 봉동읍 제내리 614-8(전)(토지위),35.9984168807313,127.122411771929,,정상가동,99.76,380,60,2023,,2023-01-31,,913.0,2024-01-29
화산골6호태양광발전소,,전북특별자치도 완주군 화산면 운산리 653-1(답)(토지위),36.0756725576476,127.138149708145,,정상가동,499.96,380,60,2023,,2023-01-19,,5290.0,2024-01-29
시우태양광발전소,,전북특별자치도 완주군 용진읍 상운리 299-7(대)(건물위),35.8895224699258,127.153137064465,,정상가동,69.0,380,60,2023,,2023-01-19,,392.4,2024-01-29
아린4호태양광발전소,,전북특별자치도 완주군 봉동읍 구암리 621-28(잡)(토지위),35.9427148457665,127.101289647881,,정상가동,25.585,380,60,2023,,2023-01-19,,239.0,2024-01-29
지우태양광발전소,,전북특별자치도 완주군 봉동읍 구암리 621-31(잡)(토지위),35.9430065091302,127.101796954881,,정상가동,99.96,380,60,2023,,2023-01-19,,997.0,2024-01-29
채광2호태양광발전소,,전북특별자치도 완주군 봉동읍 구암리 621-32(잡)(토지위),35.9427354235615,127.101574727023,,정상가동,99.96,380,60,2023,,2023-01-19,,918.0,2024-01-29
순금태양광발전소,,전북특별자치도 완주군 봉동읍 구암리 621-27(잡)(토지위),35.9425346111868,127.101486693491,,정상가동,99.96,380,60,2023,,2023-01-19,,855.0,2024-01-29
솔빛태양광발전소,,전북특별자치도 완주군 봉동읍 구암리 621-39(잡)(토지위),35.9423267324919,127.101654998161,,정상가동,99.96,380,60,2023,,2023-01-20,,1030.0,2024-01-29
재현태양광발전소,,전북특별자치도 완주군 봉동읍 구암리 621-40(잡)(토지위),35.9421470941707,127.101785878161,,정상가동,99.96,380,60,2023,,2023-01-20,,844.0,2024-01-29
대한태양광발전소,,전북특별자치도 완주군 봉동읍 구암리 621-45(잡)(토지위),35.941990264347,127.101908253081,,정상가동,99.96,380,60,2023,,2023-01-20,,844.0,2024-01-29
주니2호태양광발전소,,전북특별자치도 완주군 봉동읍 구암리 621-50(잡)(토지위),35.9418626353607,127.102029778427,,정상가동,99.96,380,60,2023,,2023-01-20,,834.0,2024-01-29
보석1호태양광발전소,,전북특별자치도 완주군 봉동읍 구암리 621-51(잡)(토지위),35.9417136319319,127.102168786676,,정상가동,99.96,380,60,2023,,2023-01-20,,854.0,2024-01-29
시은2호태양광발전소,,전북특별자치도 완주군 봉동읍 구암리 621-52(답)(토지위),35.9415650187736,127.102272662546,,정상가동,99.96,380,60,2023,,2023-01-20,,968.0,2024-01-29
고산썬태양광발전소,,"전북특별자치도 완주군 고산면 남봉리 470-15(장),470-17(장)(토지위)",,,,정상가동,997.6,22900,60,2023,,2023-01-25,,8481.0,2024-01-29
고산대성태양광발전소,,"전북특별자치도 완주군 고산면 남봉리 470-7(장),470-8(장),470-17(장),478(장),478-1(장)(토지위)",,,,정상가동,997.6,22900,60,2023,,2023-01-25,,9604.0,2024-01-29
금순이2호태양광발전소,,전북특별자치도 완주군 봉동읍 제내리 614-2(전)(토지위),35.998777973353,127.12244271863,,정상가동,99.76,380,60,2023,,2023-01-31,,918.0,2024-01-29
고돌이태양광발전소,,전북특별자치도 완주군 봉동읍 제내리 614-7(전)(토지위),35.9986383177201,127.122407899646,,정상가동,99.76,380,60,2023,,2023-01-31,,852.0,2024-01-29
오이씨비봉태양광발전소,,전북특별자치도 완주군 비봉면 소농리 713-2(장)(건물위),35.9999459664653,127.147443573747,,정상가동,499.73,380,60,2023,,2023-01-31,,3183.0,2024-01-29
한일특장태양광발전소,,전북특별자치도 완주군 봉동읍 장구리 668-2(장)(건물위),35.9638676625774,127.110401753898,,정상가동,374.4,380,60,2023,,2023-02-10,,2424.15,2024-01-29
선희태양광발전소,,전북특별자치도 완주군 삼례읍 삼례리 26-1(대)(건물위),35.908180899995,127.080127310443,,정상가동,99.96,380,60,2023,,2023-02-01,,444.59,2024-01-29
은하2태양광발전소,,전북특별자치도 완주군 고산면 율곡리 604(답)(건물위),35.9802179608355,127.172196773115,,정상가동,99.96,380,60,2023,,2023-02-06,,464.06,2024-01-29
혜광발전소,,전북특별자치도 완주군 이서면 남계리 187-15(전)(토지위),35.8658148033558,127.023603632255,,정상가동,99.0,380,60,2023,,2023-02-09,,876.0,2024-01-29
녹도태양광,,전북특별자치도 완주군 이서면 남계리 187-30(전)(토지위),35.8655672541351,127.02347478942,,정상가동,99.0,380,60,2023,,2023-02-09,,961.0,2024-01-29
가족10태양광발전소,,전북특별자치도 완주군 화산면 승치리 860(답)(토지위),36.0800532642457,127.207750230058,,정상가동,99.96,380,60,2023,,2023-02-13,,782.0,2024-01-29
예담17호태양광발전소,,전북특별자치도 완주군 비봉면 이전리 431(전)(토지위),36.0005875317011,127.192267850388,,정상가동,97.44,380,60,2023,,2023-02-14,,972.0,2024-01-29
꼬숩네태양광발전소,,전북특별자치도 완주군 이서면 이성리 350-6(대)(건물위),35.7952226327039,127.045433651522,,정상가동,19.89,380,60,2023,,2023-02-22,,70.29,2024-01-29
희망에너지발전소,,전북특별자치도 완주군 봉동읍 둔산리 924-11(창)(건물위),35.9604603685874,127.129581406113,,정상가동,99.99,380,60,2023,,2023-02-15,,467.02,2024-01-29
소망에너지발전소,,전북특별자치도 완주군 봉동읍 둔산리 924-11(창)(건물위),35.9604603685874,127.129581406113,,정상가동,99.99,380,60,2023,,2023-02-15,,467.02,2024-01-29
봉실3태양광발전소,,"전북특별자치도 완주군 비봉면 봉산리 528(목),529(목)(건물위)",,,,정상가동,63.7,380,60,2023,,2023-02-16,,300.56,2024-01-29
청솔태양광발전소,,전북특별자치도 완주군 용진읍 상삼리 381(대)(건물위),35.8656887073327,127.186017094681,,정상가동,14.16,380,60,2023,,2023-02-17,,58.0,2024-01-29
은숙태양광발전소,,"전북특별자치도 완주군 화산면 운곡리 821-3(목),822-7(목)(건물위)",,,,정상가동,28.42,380,60,2023,,2023-02-22,,133.79,2024-01-29
미선태양광발전소,,"전북특별자치도 완주군 용진읍 신지리 18(답),21(답)(토지위)",,,,정상가동,99.96,380,60,2023,,2023-02-23,,492.0,2024-01-29
가영태양광발전소,,"전북특별자치도 완주군 용진읍 신지리 18-1(답),21-1(답)(토지위)",,,,정상가동,99.96,380,60,2023,,2023-02-23,,492.0,2024-01-29
광순태양광발전소,,"전북특별자치도 완주군 용진읍 신지리 18-2(답),21-2(답)(토지위)",,,,정상가동,99.96,380,60,2023,,2023-02-23,,492.0,2024-01-29
기상태양광발전소,,"전북특별자치도 완주군 용진읍 신지리 18-3(답),21-3(답)(토지위)",,,,정상가동,99.96,380,60,2023,,2023-02-23,,492.0,2024-01-29
재홍태양광발전소,,"전북특별자치도 완주군 용진읍 신지리 18-4(답),21-4(답)(토지위)",,,,정상가동,99.96,380,60,2023,,2023-02-23,,492.0,2024-01-29
황진오승마클럽1호태양광발전소,,"전북특별자치도 완주군 삼례읍 신탁리 688-2(체),905(체),908(체)(건물위)",,,,정상가동,98.77,380,60,2023,,2023-02-23,,459.0,2024-01-29
황진오승마클럽2호태양광발전소,,"전북특별자치도 완주군 삼례읍 신탁리 688-2(체),905(체),908(체)(건물위)",,,,정상가동,45.815,380,60,2023,,2023-02-23,,213.0,2024-01-29
원영태양광발전소,,전북특별자치도 완주군 용진읍 상삼리 489-4(잡)(토지위),35.8631466598824,127.189746676956,,정상가동,99.5,380,60,2023,,2023-02-24,,1182.0,2024-01-29
용진태양광발전소,,전북특별자치도 완주군 용진읍 상삼리 473(잡)(토지위),35.8636531371832,127.190048707483,,정상가동,99.5,380,60,2023,,2023-02-24,,1041.0,2024-01-29
가현태양광발전소,,전북특별자치도 완주군 용진읍 상삼리 474-2(잡)(토지위),35.8633612323273,127.190041810378,,정상가동,99.5,380,60,2023,,2023-02-24,,832.0,2024-01-29
오세화5호태양광발전소,,전북특별자치도 완주군 비봉면 이전리 992-2(답)(건물위),36.0021558611977,127.192881896549,,정상가동,99.96,380,60,2023,,2023-03-02,,453.9,2024-01-29
오세화6호태양광발전소,,전북특별자치도 완주군 비봉면 이전리 994-8(답)(건물위),36.0026558755866,127.195048799836,,정상가동,99.96,380,60,2023,,2023-03-02,,462.4,2024-01-29
오세화7호태양광발전소,,전북특별자치도 완주군 비봉면 이전리 994-8(답)(건물위),36.0026558755866,127.195048799836,,정상가동,99.96,380,60,2023,,2023-03-02,,452.4,2024-01-29
오세화8호태양광발전소,,전북특별자치도 완주군 비봉면 이전리 994-8(답)(건물위),36.0026558755866,127.195048799836,,정상가동,99.96,380,60,2023,,2023-03-02,,455.0,2024-01-29
봉실1태양광발전소,,전북특별자치도 완주군 비봉면 봉산리 526(전)(토지위),35.96899618024,127.16385535542,,정상가동,99.96,380,60,2023,,2023-03-03,,1474.0,2024-01-29
문현태양광발전소,,전북특별자치도 완주군 소양면 대흥리 666(답)(건물위),35.8772871841864,127.246712706537,,정상가동,95.2,380,60,2023,,2023-03-03,,442.0,2024-01-29
한웅진태양광발전소,,전북특별자치도 완주군 용진읍 신지리 1254-1(대)(건물위),35.9188889799541,127.17260309908,,정상가동,19.38,380,60,2023,,2023-03-03,,91.2,2024-01-29
초원1호태양광발전소,,"전북특별자치도 완주군 비봉면 수선리 392-1(답),393(목),393-1(목),396(전),397(전),399-1(전)(건물위)",,,,정상가동,99.96,380,60,2023,,2023-03-10,,444.6,2024-01-29
초원2호태양광발전소,,"전북특별자치도 완주군 비봉면 수선리 392-1(답),393(목),393-1(목),396(전),397(전),399-1(전)(건물위)",,,,정상가동,99.96,380,60,2023,,2023-03-10,,444.6,2024-01-29
초원3호태양광발전소,,"전북특별자치도 완주군 비봉면 수선리 392-1(답),393(목),393-1(목),396(전),397(전),399-1(전)(건물위)",,,,정상가동,99.96,380,60,2023,,2023-03-10,,444.6,2024-01-29
초원4호태양광발전소,,"전북특별자치도 완주군 비봉면 수선리 392-1(답),393(목),393-1(목),396(전),397(전),399-1(전)(건물위)",,,,정상가동,99.96,380,60,2023,,2023-03-10,,444.6,2024-01-29
초원5호태양광발전소,,"전북특별자치도 완주군 비봉면 수선리 392-1(답),393(목),393-1(목),396(전),397(전),399-1(전)(건물위)",,,,정상가동,99.96,380,60,2023,,2023-03-10,,444.6,2024-01-29
민형준태양광발전소,,전북특별자치도 완주군 봉동읍 구암리 621-53(답)(토지위),35.9413555366927,127.102100166958,,정상가동,99.96,380,60,2023,,2023-03-13,,829.0,2024-01-29
해드림나눔발전소5호태양광발전소,,전북특별자치도 완주군 구이면 평촌리 693-4(대)(건물위),35.7600555169038,127.152356153424,,정상가동,19.62,220,60,2023,,2023-03-13,,90.7,2024-01-29
나지환태양광발전소,,전북특별자치도 완주군 소양면 화심리 435-2(대)(토지위),35.8367937603672,127.262808414876,,정상가동,20.0,380,60,2023,,2023-03-15,,93.77,2024-01-29
영기태양광발전소,,전북특별자치도 완주군 비봉면 소농리 709-5(장)(토지위),35.9989876353278,127.14623289419,,정상가동,738.99,22900,60,2023,,2023-03-16,,9855.0,2024-01-29
신성이엔에스태양광발전소,,전북특별자치도 완주군 삼례읍 수계리 1358(장)(건물위),35.9373421932483,127.119593313338,,정상가동,99.96,380,60,2023,,2023-03-29,,456.1,2024-01-29
김순기태양광발전소,,전북특별자치도 완주군 이서면 상개리 498-23(대)(건물위),35.8155003249179,127.0272634918,,정상가동,16.07,380,60,2023,,2023-03-30,,79.97,2024-01-29
㈜태성테크태양광발전소,,전북특별자치도 완주군 삼례읍 수계리 1405-1(장)(건물위),35.9372864934965,127.116294069091,,정상가동,182.665,380,60,2023,,2023-03-30,,832.4,2024-01-29
정경식태양광발전소,,"전북특별자치도 완주군 비봉면 소농리 310(임),324(전),325(대),327(답),766-1(목),774(도)(건물위)",,,,정상가동,99.96,380,60,2023,,2023-03-31,,458.6,2024-01-29
번영테크태양광발전소,,전북특별자치도 완주군 삼례읍 수계리 1405(장)(건물위),35.9374871686236,127.116047340971,,정상가동,186.83,380,60,2023,,2023-03-31,,851.45,2024-01-29
㈜제이머신태양광발전소,,전북특별자치도 완주군 삼례읍 수계리 1406(장)(건물위),35.9370045088345,127.11637244995,,정상가동,186.83,380,60,2023,,2023-03-31,,851.45,2024-01-29
(유)무공테크태양광발전소,,전북특별자치도 완주군 삼례읍 수계리 1406-1(장)(건물위),35.9368588018635,127.116626349041,,정상가동,182.665,380,60,2023,,2023-03-31,,832.4,2024-01-29
용복리1호태양광발전소,,전북특별자치도 완주군 경천면 용복리 783(답)(토지위),36.047249912608,127.247148375674,,정상가동,99.96,380,60,2023,,2023-04-03,,1007.0,2024-01-29
용복리2호태양광발전소,,전북특별자치도 완주군 경천면 용복리 783-1(답)(토지위),36.047105348598,127.247501601486,,정상가동,99.96,380,60,2023,,2023-04-03,,1153.0,2024-01-29
원이태양광,,전북특별자치도 완주군 이서면 남계리 187-8(전)(토지위),35.8656502928342,127.024215654114,,정상가동,99.96,380,60,2023,,2023-04-03,,801.0,2024-01-29
남계혜숙태양광,,전북특별자치도 완주군 이서면 남계리 187-8(전)(토지위),35.8656502928342,127.024215654114,,정상가동,99.0,380,60,2023,,2023-04-03,,794.0,2024-01-29
현숙태양광발전소,,"전북특별자치도 완주군 비봉면 수선리 1498(답),1498-1(답),1498-2(답),1543-1(전)(건물위)",,,,정상가동,99.96,380,60,2023,,2023-04-03,,471.65,2024-01-29
종훈1태양광발전소,,"전북특별자치도 완주군 비봉면 수선리 1498(답),1498-1(답),1498-2(답),1543-1(전)(건물위)",,,,정상가동,99.96,380,60,2023,,2023-04-03,,471.65,2024-01-29
신지리1태양광발전소,,전북특별자치도 완주군 용진읍 신지리 907(목)(건물위),35.9241921839431,127.179478996388,,정상가동,99.96,380,60,2023,,2023-04-05,,460.28,2024-01-29
신지리2태양광발전소,,전북특별자치도 완주군 용진읍 신지리 907(목)(건물위),35.9241921839431,127.179478996388,,정상가동,99.96,380,60,2023,,2023-04-05,,460.28,2024-01-29
신지리3태양광발전소,,전북특별자치도 완주군 용진읍 신지리 907(목)(건물위),35.9241921839431,127.179478996388,,정상가동,99.96,380,60,2023,,2023-04-05,,460.28,2024-01-29
오천태양광발전소,,전북특별자치도 완주군 용진읍 간중리 127-1(답)(토지위),35.8876173908032,127.191359667654,,정상가동,299.52,380,60,2023,,2023-04-11,,3095.0,2024-01-29
윤철중태양광발전소,,"전북특별자치도 완주군 화산면 화월리 608(대), 608-5(답)(건물위)",,,,정상가동,99.76,380,60,2023,,2023-04-10,,417.91,2024-01-29
늘푸른교회태양광발전소,,"전북특별자치도 완주군 고산면 삼기리 18-6(종),18-11(대)(건물위)",,,,정상가동,97.5,380,60,2023,,2023-04-11,,462.7,2024-01-29
청년흑염소1태양광발전소,,"전북특별자치도 완주군 비봉면 백도리 529-1(목),529-3(목),529-7(답),533(목),533-3(답),535-1(답)(건물위)",,,,정상가동,99.96,380,60,2023,,2023-04-13,,471.65,2024-01-29
청년흑염소2태양광발전소,,"전북특별자치도 완주군 비봉면 백도리 529-1(목),529-3(목),529-7(답),533(목),533-3(답),535-1(답)(건물위)",,,,정상가동,99.96,380,60,2023,,2023-04-13,,471.65,2024-01-29
청년흑염소3태양광발전소,,"전북특별자치도 완주군 비봉면 백도리 529-1(목),529-3(목),529-7(답),533(목),533-3(답),535-1(답)(건물위)",,,,정상가동,99.96,380,60,2023,,2023-04-13,,471.65,2024-01-29
홍의주태양광,,전북특별자치도 완주군 용진읍 상삼리 102-1(대)(건물위),35.8804107805686,127.192623841435,,정상가동,19.8,380,60,2023,,2023-04-13,,90.28,2024-01-29
본1태양광발전소,,"전북특별자치도 완주군 고산면 율곡리 479-3(목),480(목),491-1(목),685-35(목)(건물위)",,,,정상가동,99.96,380,60,2023,,2023-04-13,,464.02,2024-01-29
본2태양광발전소,,"전북특별자치도 완주군 고산면 율곡리 479-3(목),480(목),491-1(목),685-35(목)(건물위)",,,,정상가동,99.96,380,60,2023,,2023-04-13,,464.02,2024-01-29
본3태양광발전소,,"전북특별자치도 완주군 고산면 율곡리 479-3(목),480(목),491-1(목),685-35(목)(건물위)",,,,정상가동,58.31,380,60,2023,,2023-04-13,,270.68,2024-01-29
평화4태양광발전소,,"전북특별자치도 완주군 고산면 율곡리 619(답),621-1(답),622(전),623(목),623-1(목),624(목),624-1(목)(건물위)",,,,정상가동,99.96,380,60,2023,,2023-04-14,,464.02,2024-01-29
평화5태양광발전소,,"전북특별자치도 완주군 고산면 율곡리 619(답),621-1(답),622(전),623(목),623-1(목),624(목),624-1(목)(건물위)",,,,정상가동,99.96,380,60,2023,,2023-04-14,,464.02,2024-01-29
평화6태양광발전소,,"전북특별자치도 완주군 고산면 율곡리 619(답),621-1(답),622(전),623(목),623-1(목),624(목),624-1(목)(건물위)",,,,정상가동,99.96,380,60,2023,,2023-04-14,,464.02,2024-01-29
평화7태양광발전소,,"전북특별자치도 완주군 고산면 율곡리 619(답),621-1(답),622(전),623(목),623-1(목),624(목),624-1(목)(건물위)",,,,정상가동,49.98,380,60,2023,,2023-04-14,,232.01,2024-01-29
희망발전소,,"전북특별자치도 완주군 화산면 춘산리 796(전),798(전)(토지위)",,,,정상가동,99.96,380,60,2023,,2023-04-18,,1290.0,2024-01-29
춘산리민성2호발전소,,전북특별자치도 완주군 화산면 춘산리 798(전)(토지위),36.0729068624904,127.189700065322,,정상가동,99.96,380,60,2023,,2023-04-18,,706.0,2024-01-29
춘산리승연2호발전소,,전북특별자치도 완주군 화산면 춘산리 798(전)(토지위),36.0729068624904,127.189700065322,,정상가동,99.96,380,60,2023,,2023-04-18,,683.0,2024-01-29
춘산리종화발전소,,전북특별자치도 완주군 화산면 춘산리 798(전)(토지위),36.0729068624904,127.189700065322,,정상가동,99.96,380,60,2023,,2023-04-18,,748.0,2024-01-29
경희1태양광발전소,,"전북특별자치도 완주군 비봉면 소농리 632-1(목),634(목)(건물위)",,,,정상가동,99.96,380,60,2023,,2023-04-18,,464.02,2024-01-29
경희2태양광발전소,,"전북특별자치도 완주군 비봉면 소농리 632-1(목),634(목)(건물위)",,,,정상가동,99.96,380,60,2023,,2023-04-18,,464.02,2024-01-29
경희3태양광발전소,,"전북특별자치도 완주군 비봉면 소농리 632-1(목),634(목)(건물위)",,,,정상가동,99.96,380,60,2023,,2023-04-18,,464.02,2024-01-29
종리1호태양광발전소,,전북특별자치도 완주군 화산면 종리 1101-3(목)(건물위),36.0197755499356,127.222153473003,,정상가동,99.19,380,60,2023,,2023-04-18,,740.0,2024-01-29
예림1호태양광,,"전북특별자치도 완주군 고산면 서봉리 669-2(답),672(답)(건물위)",,,,정상가동,99.96,380,60,2023,,2023-04-20,,460.0,2024-01-29
예림2호태양광,,"전북특별자치도 완주군 고산면 서봉리 669-2(답),672(답)(건물위)",,,,정상가동,99.96,380,60,2023,,2023-04-20,,460.0,2024-01-29
강미영태양광발전소,,전북특별자치도 완주군 용진읍 운곡리 13-4(장)(건물위),35.902363544319,127.190266937491,,정상가동,157.08,380,60,2023,,2023-04-26,,694.222,2024-01-29
은석1호태양광,,"전북특별자치도 완주군 운주면 구제리 229-2(답),229-8(답),230-8(전),230-10(전)(토지위)",,,,정상가동,99.45,380,60,2023,,2023-04-26,,1370.0,2024-01-29
은석2호태양광,,"전북특별자치도 완주군 운주면 구제리 229-7(답),230-2(전),230-7(전),230-9(전)(토지위)",,,,정상가동,99.45,380,60,2023,,2023-04-26,,805.0,2024-01-29
은석3호태양광,,"전북특별자치도 완주군 운주면 구제리 229-6(답),230-5(전),230-6(전)(토지위)",,,,정상가동,99.45,380,60,2023,,2023-04-26,,1026.0,2024-01-29
은석4호태양광,,"전북특별자치도 완주군 운주면 구제리 229-1(답),229-5(답),230-4(전)(토지위)",,,,정상가동,99.45,380,60,2023,,2023-04-26,,1140.0,2024-01-29
별마당태양광발전소,,전북특별자치도 완주군 구이면 원기리 742-1(대)(건물위),35.7317979116945,127.116787356509,,정상가동,29.96,380,60,2023,,2023-05-04,,124.0,2024-01-29
허니태양광발전소,,전북특별자치도 완주군 상관면 죽림리 446-2(대)(건물위),35.7328362218787,127.227933545452,,정상가동,70.0,380,60,2023,,2023-05-03,,315.9,2024-01-29
오니태양광발전소,,전북특별자치도 완주군 상관면 죽림리 446-2(대)(건물위),35.7328362218787,127.227933545452,,정상가동,70.0,380,60,2023,,2023-05-03,,315.9,2024-01-29
에덴2태양광발전소,,"전북특별자치도 완주군 비봉면 대치리 31(답),33(목)(건물위)",,,,정상가동,99.96,380,60,2023,,2023-05-11,,464.06,2024-01-29
영선태양광발전소,,전북특별자치도 완주군 고산면 양야리 405(목)(건물위),35.9467867575213,127.203551857046,,정상가동,54.72,380,60,2023,,2023-05-11,,396.0,2024-01-29
태하태양광발전소,,전북특별자치도 완주군 화산면 우월리 50-1(대)(토지위),36.041696780472,127.179566512248,,정상가동,29.5,380,60,2023,,2023-05-15,,135.0,2024-01-29
오성태양광발전소,,"전북특별자치도 완주군 화산면 춘산리 733-1(전),733-2(답)(토지위)",,,,정상가동,99.96,380,60,2023,,2023-05-17,,1298.0,2024-01-29
연암발전소,,전북특별자치도 완주군 화산면 춘산리 803(전)(토지위),36.0727121053086,127.189188946107,,정상가동,499.8,380,60,2023,,2023-05-15,,3754.0,2024-01-29
전경훤태양광발전소,,전북특별자치도 완주군 용진읍 용흥리 383(대)(건물위),35.8894636635044,127.172327785093,,정상가동,19.635,380,60,2023,,2023-05-15,,164.0,2024-01-29
재홍1태양광발전소,,전북특별자치도 완주군 용진읍 신지리 111-7(답)(토지위),35.9409929505036,127.180091833183,,정상가동,99.96,380,60,2023,,2023-05-18,,2434.0,2024-01-29
가영1태양광발전소,,전북특별자치도 완주군 용진읍 신지리 111-1(답)(토지위),35.941066767492,127.18056822351,,정상가동,99.96,380,60,2023,,2023-05-18,,1390.0,2024-01-29
풀꽃태양광발전소,,전북특별자치도 완주군 이서면 남계리 561(전)(토지위),35.8519201589989,127.018428585557,,정상가동,99.5,380,60,2023,,2023-05-18,,913.0,2024-01-29
풍년태양광발전소,,전북특별자치도 완주군 이서면 남계리 561-1(전)(토지위),35.8516693345341,127.018460520529,,정상가동,99.5,380,60,2023,,2023-05-18,,892.0,2024-01-29
프렌즈포태양광발전소,,전북특별자치도 완주군 이서면 남계리 561-2(전)(토지위),35.8514199454592,127.01853529735,,정상가동,99.5,380,60,2023,,2023-05-18,,1041.0,2024-01-29
아이제이태양광발전소,,전북특별자치도 완주군 이서면 남계리 631(전)(토지위),35.8510266517499,127.018441220192,,정상가동,99.5,380,60,2023,,2023-05-18,,1007.0,2024-01-29
동행태양광발전소,,전북특별자치도 완주군 이서면 남계리 631-1(전)(토지위),35.8507789873877,127.018435738488,,정상가동,99.5,380,60,2023,,2023-05-18,,842.0,2024-01-29
케이2호태양광발전소,,전북특별자치도 완주군 이서면 남계리 631-2(전)(토지위),35.8505679877791,127.018536648892,,정상가동,99.5,380,60,2023,,2023-05-18,,801.0,2024-01-29
아정투태양광발전소,,전북특별자치도 완주군 이서면 남계리 631-3(전)(토지위),35.8504596302925,127.018707545671,,정상가동,99.5,380,60,2023,,2023-05-18,,886.0,2024-01-29
미래태양광발전소,,전북특별자치도 완주군 이서면 남계리 631-4(전)(토지위),35.8501519863789,127.018995294316,,정상가동,54.0,380,60,2023,,2023-05-18,,712.0,2024-01-29
유니1호태양광발전소,,전북특별자치도 완주군 봉동읍 용암리 825-2(장)(건물위),35.9434150865611,127.130776362582,,정상가동,99.96,380,60,2023,,2023-05-22,,444.59,2024-01-29
유니2호태양광발전소,,전북특별자치도 완주군 봉동읍 용암리 825-2(장)(건물위),35.9434150865611,127.130776362582,,정상가동,99.96,380,60,2023,,2023-05-22,,444.59,2024-01-29
유니3호태양광발전소,,전북특별자치도 완주군 봉동읍 용암리 825-2(장)(건물위),35.9434150865611,127.130776362582,,정상가동,49.98,380,60,2023,,2023-05-22,,222.3,2024-01-29
은경태양광발전소,,전북특별자치도 완주군 상관면 신리 819-1(대)(건물위),35.7656234676169,127.196866674539,,정상가동,17.85,220,60,2023,,2023-05-22,,80.64,2024-01-29
대현1호태양광발전소,,"전북특별자치도 완주군 봉동읍 구암리 616-11(답),621-64(답),621-75(답),616-16(답)(토지위)",,,,정상가동,99.96,380,60,2023,,2023-05-24,,902.0,2024-01-29
대현2호태양광발전소,,"전북특별자치도 완주군 봉동읍 구암리 616-10(답),621-63(답),621-74(답),616-15(답)(토지위)",,,,정상가동,99.96,380,60,2023,,2023-05-24,,884.0,2024-01-29
대현3호태양광발전소,,"전북특별자치도 완주군 봉동읍 구암리 616-9(답),621-62(답),621-73(답),616-14(답)(토지위)",,,,정상가동,99.96,380,60,2023,,2023-05-24,,913.0,2024-01-29
동휘태양광발전소,,"전북특별자치도 완주군 봉동읍 구암리 619-24(전),616-8(답),621-61(답),621-72(답),616-2(답)(토지위)",,,,정상가동,99.96,380,60,2023,,2023-05-24,,967.0,2024-01-29
재현2호태양광발전소,,"전북특별자치도 완주군 봉동읍 구암리 619-23(전),616-7(답),621-60(답),621-70(답)(토지위)",,,,정상가동,99.96,380,60,2023,,2023-05-24,,818.0,2024-01-29
민형준2호태양광발전소,,"전북특별자치도 완주군 봉동읍 구암리 619-19(전),619-7(전),616-4(답),621-57(답),621-4(답)(토지위)",,,,정상가동,99.96,380,60,2023,,2023-05-24,,802.0,2024-01-29
삼성태양광발전소,,"전북특별자치도 완주군 봉동읍 구암리 616-1(답),619-6(전),619-9(답),619-10(대),621-3(답)(토지위)",,,,정상가동,99.96,380,60,2023,,2023-05-24,,983.0,2024-01-29
동효태양광발전소,,전북특별자치도 완주군 소양면 화심리 405-1(전)(토지위),35.8317547105807,127.261504100981,,정상가동,99.84,380,60,2023,,2023-05-24,,1557.0,2024-01-29
택연태양광발전소,,전북특별자치도 완주군 이서면 상개리 496(대)(건물위),35.8148458684229,127.028262560112,,정상가동,77.35,380,60,2023,,2023-05-25,,356.17,2024-01-29
준태양광발전소,,전북특별자치도 완주군 이서면 상개리 499-1(대)(건물위),35.8149434752701,127.027875646573,,정상가동,44.03,380,60,2023,,2023-05-25,,255.42,2024-01-29
은하3호태양광발전소,,전북특별자치도 완주군 화산면 춘산리 841(전)(토지위),36.0801841334479,127.187751793644,,정상가동,99.96,380,60,2023,,2023-05-25,,947.0,2024-01-29
채영1호태양광발전소,,"전북특별자치도 완주군 화산면 춘산리 839-1(전),840-1(전),841(전)(토지위)",,,,정상가동,99.96,380,60,2023,,2023-05-25,,865.0,2024-01-29
춘선태양광발전소,,"전북특별자치도 완주군 화산면 춘산리 839-1(전),840-1(전)(토지위)",,,,정상가동,99.96,380,60,2023,,2023-05-25,,884.0,2024-01-29
채아1호태양광발전소,,전북특별자치도 완주군 화산면 춘산리 839-1(전)(토지위),36.080188407305,127.187208907621,,정상가동,99.96,380,60,2023,,2023-05-25,,1008.0,2024-01-29
채민3호태양광발전소,,"전북특별자치도 완주군 화산면 춘산리 839-1(전),841(전)(토지위)",,,,정상가동,99.96,380,60,2023,,2023-05-25,,1035.0,2024-01-29
혜원3호태양광발전소,,"전북특별자치도 완주군 화산면 춘산리 839-1(전),841(전)(토지위)",,,,정상가동,51.17,380,60,2023,,2023-05-25,,389.0,2024-01-29
김성곤태양광발전소,,전북특별자치도 완주군 화산면 종리 1128(답)(건물위),36.0223970962561,127.220366257643,,정상가동,99.875,380,60,2023,,2023-05-25,,516.0,2024-01-29
성뫼산3태양광발전소,,전북특별자치도 완주군 비봉면 백도리 1062-1(답)(토지위),36.0196260748135,127.15880143304,,정상가동,99.75,380,60,2023,,2023-05-30,,862.0,2024-01-29
성뫼산4태양광발전소,,"전북특별자치도 완주군 비봉면 백도리 1061-1(답),1062-1(답)(토지위)",,,,정상가동,99.75,380,60,2023,,2023-05-30,,1315.0,2024-01-29
성뫼산5태양광발전소,,"전북특별자치도 완주군 비봉면 백도리 1061-1(답),1062-1(답)(토지위)",,,,정상가동,99.75,380,60,2023,,2023-05-30,,959.0,2024-01-29
성뫼산6태양광발전소,,"전북특별자치도 완주군 비봉면 백도리 1061-1(답),1062-1(답)(토지위)",,,,정상가동,99.75,380,60,2023,,2023-05-30,,839.0,2024-01-29
성뫼산7태양광발전소,,"전북특별자치도 완주군 비봉면 백도리 1061-1(답),1062-1(답)(토지위)",,,,정상가동,99.75,380,60,2023,,2023-05-30,,813.0,2024-01-29
성뫼산8태양광발전소,,"전북특별자치도 완주군 비봉면 백도리 1061-1(답),1062-1(답)(토지위)",,,,정상가동,99.75,380,60,2023,,2023-05-30,,785.0,2024-01-29
성뫼산9태양광발전소,,"전북특별자치도 완주군 비봉면 백도리 1061-1(답),1062-1(답)(토지위)",,,,정상가동,99.75,380,60,2023,,2023-05-30,,894.0,2024-01-29
성뫼산10태양광발전소,,"전북특별자치도 완주군 비봉면 백도리 1061-1(답),1062-1(답)(토지위)",,,,정상가동,99.75,380,60,2023,,2023-05-30,,869.0,2024-01-29
성뫼산11태양광발전소,,전북특별자치도 완주군 비봉면 백도리 1061-1(답)(토지위),36.0198851613455,127.159086284684,,정상가동,99.75,380,60,2023,,2023-05-30,,1144.0,2024-01-29
기린태양광발전소,,전북특별자치도 완주군 비봉면 내월리 463-8(답)(건물위),36.0092202264722,127.132911175843,,정상가동,75.0,380,60,2023,,2023-06-01,,347.7,2024-01-29
윤선태양광1호,,"전북특별자치도 완주군 화산면 춘산리 733-1(전),733-2(답)(토지위)",,,,정상가동,99.6,380,60,2023,,2023-05-31,,859.0,2024-01-29
수광1호태양광발전소,,"전북특별자치도 완주군 화산면 춘산리 733-1(전),733-2(답)(토지위)",,,,정상가동,99.6,380,60,2023,,2023-05-31,,824.0,2024-01-29
꿈발전소,,전북특별자치도 완주군 화산면 운산리 828(답)(토지위),,,,정상가동,99.96,380,60,2023,,2023-05-31,,795.0,2024-01-29
운산리6호태양광발전소,,전북특별자치도 완주군 화산면 운산리 828(답)(토지위),,,,정상가동,99.96,380,60,2023,,2023-05-31,,885.0,2024-01-29
상권태양광발전소,,전북특별자치도 완주군 용진읍 간중리 469-1(답)(토지위),35.8858378577783,127.187772408856,,정상가동,49.98,380,60,2023,,2023-06-01,,738.0,2024-01-29
유진태양광발전소,,전북특별자치도 완주군 이서면 이성리 351-1(장)(건물위),35.7957992223302,127.047174109379,,정상가동,99.96,380,60,2023,,2023-06-01,,427.38,2024-01-29
별수발전소,,전북특별자치도 완주군 상관면 죽림리 268-5(대)(건물위),35.7466025449937,127.220608946677,,정상가동,99.63,380,60,2023,,2023-06-01,,509.6,2024-01-29
전북미경산한우협동조합1태양광발전소,,전북특별자치도 완주군 고산면 남봉리 221(답)(건물위),35.9696459623646,127.193462888902,,정상가동,99.6,380,60,2023,,2023-06-07,,458.53,2024-01-29
전북미경산한우협동조합2태양광발전소,,전북특별자치도 완주군 고산면 남봉리 221(답)(건물위),35.9696459623646,127.193462888902,,정상가동,99.6,380,60,2023,,2023-06-07,,458.53,2024-01-29
전북미경산한우협동조합3태양광발전소,,전북특별자치도 완주군 고산면 남봉리 221(답)(건물위),35.9696459623646,127.193462888902,,정상가동,99.6,380,60,2023,,2023-06-07,,458.53,2024-01-29
전북미경산한우협동조합4태양광발전소,,전북특별자치도 완주군 고산면 남봉리 221(답)(건물위),35.9696459623646,127.193462888902,,정상가동,99.6,380,60,2023,,2023-06-07,,458.53,2024-01-29
전북미경산한우협동조합5태양광발전소,,전북특별자치도 완주군 고산면 남봉리 221(답)(건물위),35.9696459623646,127.193462888902,,정상가동,99.6,380,60,2023,,2023-06-07,,458.53,2024-01-29
전북미경산한우협동조합6태양광발전소,,전북특별자치도 완주군 고산면 남봉리 221-2(창)(건물위),35.9694701441602,127.194347174461,,정상가동,60.0,22900,60,2023,,2023-06-07,,276.23,2024-01-29
반석태양광,,전북특별자치도 완주군 화산면 화평리 190(답)(토지위),36.0352995377278,127.216346546412,,정상가동,999.6,22900,60,2023,,2023-06-07,,9952.0,2024-01-29
봄2호태양광,,전북특별자치도 완주군 화산면 화평리 190(답)(토지위),36.0352995377278,127.216346546412,,정상가동,521.22,22900,60,2023,,2023-06-07,,5717.0,2024-01-29
건국테크1호태양광발전소,,전북특별자치도 완주군 봉동읍 둔산리 924-30(잡)(건물위),35.9562261474495,127.133057779889,,정상가동,374.85,380,60,2023,,2023-06-07,,1663.2,2024-01-29
건국테크2호태양광발전소,,전북특별자치도 완주군 봉동읍 장구리 675(장)(건물위),35.9635443429642,127.108972229112,,정상가동,491.47,380,60,2023,,2023-06-07,,2180.64,2024-01-29
산골태양광발전소,,"전북특별자치도 완주군 이서면 은교리 18-1(목),18-3(목),18-4(목)(건물위)",,,,정상가동,99.71,380,60,2023,,2023-06-07,,457.24,2024-01-29
MH4호태양광발전소,,전북특별자치도 완주군 소양면 명덕리 1285-3(답)(토지위),35.8621216311719,127.201555832838,,정상가동,99.43,380,60,2023,,2023-06-07,,1001.0,2024-01-29
아리3호태양광발전소,,전북특별자치도 완주군 소양면 명덕리 1285-3(답)(토지위),35.8621216311719,127.201555832838,,정상가동,99.43,380,60,2023,,2023-06-07,,747.0,2024-01-29
주원1호태양광발전소,,전북특별자치도 완주군 봉동읍 둔산리 926-19(장)(건물위),35.9578557518162,127.127934349271,,정상가동,99.6,380,60,2023,,2023-06-09,,386.63,2024-01-29
고산촌1태양광발전소,,전북특별자치도 완주군 고산면 남봉리 329(답)(건물위),35.9711368419172,127.194988644252,,정상가동,99.6,380,60,2023,,2023-06-13,,458.53,2024-01-29
고산촌2태양광발전소,,전북특별자치도 완주군 고산면 남봉리 329(답)(건물위),35.9711368419172,127.194988644252,,정상가동,99.6,380,60,2023,,2023-06-13,,458.53,2024-01-29
고산촌3태양광발전소,,전북특별자치도 완주군 고산면 남봉리 329(답)(건물위),35.9711368419172,127.194988644252,,정상가동,64.8,380,60,2023,,2023-06-13,,298.32,2024-01-29
용호1호태양광발전소,,전북특별자치도 완주군 고산면 오산리 211-2(목)(건물위),35.9843481069912,127.238646288895,,정상가동,99.96,380,60,2023,,2023-06-14,,466.44,2024-01-29
용호2호태양광발전소,,전북특별자치도 완주군 고산면 오산리 218-1(목)(건물위),35.9838706067583,127.23879554586,,정상가동,99.96,380,60,2023,,2023-06-14,,466.44,2024-01-29
용호3호태양광발전소,,"전북특별자치도 완주군 고산면 오산리 211-2(목),42(답)(건물위)",,,,정상가동,99.96,380,60,2023,,2023-06-14,,466.44,2024-01-29
해오름2태양광발전소,,전북특별자치도 완주군 용진읍 운곡리 653-4(목)(건물위),35.9018451755691,127.173340825615,,정상가동,99.99,380,60,2023,,2023-06-15,,462.6,2024-01-29
이전1태양광발전소,,"전북특별자치도 완주군 비봉면 이전리 241-1(답),242-1(답)(건물위)",,,,정상가동,99.6,380,60,2023,,2023-06-15,,458.53,2024-01-29
혁태양광발전소,,전북특별자치도 완주군 이서면 상개리 499-5(대)(건물위),35.8150376945899,127.028101740691,,정상가동,44.03,380,60,2023,,2023-06-16,,255.42,2024-01-29
세향1태양광발전소,,"전북특별자치도 완주군 소양면 명덕리 1266-1(답),1266-2(답)(토지위)",,,,정상가동,99.96,380,60,2023,,2023-06-16,,1219.0,2024-01-29
세향2태양광발전소,,"전북특별자치도 완주군 소양면 명덕리 1266-1(답),1266-2(답)(토지위)",,,,정상가동,99.96,380,60,2023,,2023-06-16,,971.0,2024-01-29
도원태양광발전소1호,,전북특별자치도 완주군 소양면 신교리 149(답)(토지위),35.8533938629638,127.202591966857,,정상가동,72.8,380,60,2023,,2023-06-20,,902.0,2024-01-29
도원태양광발전소2호,,"전북특별자치도 완주군 소양면 신교리 146-1(전),146-2(전)(토지위)",,,,정상가동,89.6,380,60,2023,,2023-06-20,,1104.0,2024-01-29
세향3태양광발전소,,"전북특별자치도 완주군 소양면 명덕리 1266-1(답),1266-2(답)(토지위)",,,,정상가동,99.96,380,60,2023,,2023-06-21,,1008.0,2024-01-29
세향4태양광발전소,,"전북특별자치도 완주군 소양면 명덕리 1266-1(답),1266-2(답)(토지위)",,,,정상가동,99.96,380,60,2023,,2023-06-21,,1078.0,2024-01-29
큰별태양광발전소,,전북특별자치도 완주군 용진읍 간중리 507(답)(토지위),35.8861723375108,127.181600974779,,정상가동,99.5,380,60,2023,,2023-06-22,,962.0,2024-01-29
새별태양광발전소,,"전북특별자치도 완주군 용진읍 간중리 507-1(답),507-2(답)(토지위)",,,,정상가동,99.5,380,60,2023,,2023-06-22,,1058.0,2024-01-29
효천1호태양광발전소,,전북특별자치도 완주군 고산면 오산리 304-2(목)(건물위),35.9824193251448,127.228913027677,,정상가동,99.96,380,60,2023,,2023-06-26,,464.06,2024-01-29
효천2호태양광발전소,,"전북특별자치도 완주군 고산면 오산리 301-1(목),301-2(목),302(목),303(목),304-2(목)(건물위)",,,,정상가동,99.96,380,60,2023,,2023-06-26,,464.04,2024-01-29
효천3호태양광발전소,,"전북특별자치도 완주군 고산면 오산리 301-1(목),303(목),304-2(목)(건물위)",,,,정상가동,99.96,380,60,2023,,2023-06-26,,464.04,2024-01-29
효천4호태양광발전소,,"전북특별자치도 완주군 고산면 오산리 301-1(목),303(목),304-2(목)(건물위)",,,,정상가동,85.68,380,60,2023,,2023-06-26,,397.76,2024-01-29
효천5호태양광발전소,,"전북특별자치도 완주군 고산면 오산리 298-3(전),301-3(목),302-1(목),306-1(전),413-4(목)(건물위)",,,,정상가동,99.96,380,60,2023,,2023-06-26,,464.04,2024-01-29
효천6호태양광발전소,,"전북특별자치도 완주군 고산면 오산리 298-1(전),298-2(전),413-4(목)(건물위)",,,,정상가동,99.96,380,60,2023,,2023-06-26,,464.04,2024-01-29
시은3호태양광발전소,,"전북특별자치도 완주군 봉동읍 구암리 619-22(전),619-8(전),616-6(답),621-59(답),621-68(답)(토지위)",,,,정상가동,99.96,380,60,2023,,2023-06-26,,844.0,2024-01-29
태린1호태양광발전소,,"전북특별자치도 완주군 봉동읍 구암리 619-20(전),619-21(전),616-5(답),621-58(답),621-67(답)(토지위)",,,,정상가동,99.96,380,60,2023,,2023-06-26,,893.0,2024-01-29
주쏠라태양광발전소,,"전북특별자치도 완주군 소양면 죽절리 197(답),198-1(답)(토지위)",,,,정상가동,99.6,380,60,2023,,2023-06-28,,987.0,2024-01-29
은정1태양광발전소,,"전북특별자치도 완주군 소양면 죽절리 197(답),198-1(답)(토지위)",,,,정상가동,99.6,380,60,2023,,2023-06-28,,979.0,2024-01-29
천호2태양광발전소,,"전북특별자치도 완주군 소양면 죽절리 197(답),198-1(답)(토지위)",,,,정상가동,99.6,380,60,2023,,2023-06-28,,908.0,2024-01-29
썬라이트2호태양광발전소,,"전북특별자치도 완주군 소양면 죽절리 196(답),197(답)(토지위)",,,,정상가동,99.6,380,60,2023,,2023-06-28,,1025.0,2024-01-29
숭화1호태양광발전소,,"전북특별자치도 완주군 소양면 죽절리 196(답),197(답)(토지위)",,,,정상가동,99.6,380,60,2023,,2023-06-28,,813.0,2024-01-29
SH쏠라에너지,,"전북특별자치도 완주군 소양면 죽절리 196(답),197(답)(토지위)",,,,정상가동,99.6,380,60,2023,,2023-06-28,,985.0,2024-01-29
에너에버태양광발전소,,"전북특별자치도 완주군 봉동읍 장구리 648(장),649(장)(건물위)",,,,정상가동,969.0,22900,60,2023,,2023-06-30,,4530.95,2024-01-29
기철1호태양광발전소,,"전북특별자치도 완주군 고산면 서봉리 594(목),596(전)(건물위)",,,,정상가동,99.96,380,60,2023,,2023-07-03,,459.0,2024-01-29
기철2호태양광발전소,,"전북특별자치도 완주군 고산면 서봉리 594(목),596(전)(건물위)",,,,정상가동,74.415,380,60,2023,,2023-07-03,,343.4,2024-01-29
능암1태양광발전소,,전북특별자치도 완주군 비봉면 백도리 1062-1(답)(토지위),36.0196260748135,127.15880143304,,정상가동,99.75,380,60,2023,,2023-07-03,,893.0,2024-01-29
능암2태양광발전소,,전북특별자치도 완주군 비봉면 백도리 1062-1(답)(토지위),36.0196260748135,127.15880143304,,정상가동,99.75,380,60,2023,,2023-07-03,,835.0,2024-01-29
원우7호태양광발전소,,"전북특별자치도 완주군 화산면 우월리 258(전),258-1(전),258-2(전),260(답),260-1(답),260-2(답),260-3(답),260-4(답)(건물위)",,,,정상가동,99.71,380,60,2023,,2023-07-07,,423.28,2024-01-29
풍림1호태양광발전소,,전북특별자치도 완주군 용진읍 간중리 627(창)(건물위),35.8927819230097,127.183553694047,,정상가동,99.96,380,60,2023,,2023-07-10,,500.0,2024-01-29
햇살1호태양광발전소,,전북특별자치도 완주군 용진읍 간중리 627(창)(건물위),35.8927819230097,127.183553694047,,정상가동,38.675,380,60,2023,,2023-07-10,,200.0,2024-01-29
금동태양광발전소,,"전북특별자치도 완주군 소양면 명덕리 1383(전),1384(답)(토지위)",,,,정상가동,99.12,380,60,2023,,2023-07-18,,998.0,2024-01-29
금도태양광발전소,,"전북특별자치도 완주군 소양면 명덕리 1383(전),1384(답)(토지위)",,,,정상가동,99.12,380,60,2023,,2023-07-18,,842.0,2024-01-29
수정1호태양광발전소,,"전북특별자치도 완주군 소양면 명덕리 1383(전),1384(답)(토지위)",,,,정상가동,99.12,380,60,2023,,2023-07-18,,842.0,2024-01-29
혜심1호태양광발전소,,"전북특별자치도 완주군 소양면 명덕리 1383(전),1384(답)(토지위)",,,,정상가동,99.12,380,60,2023,,2023-07-18,,887.0,2024-01-29
일신1호태양광발전소,,"전북특별자치도 완주군 소양면 명덕리 1384(답),1386(전),1387(답)(토지위)",,,,정상가동,99.12,380,60,2023,,2023-07-18,,895.0,2024-01-29
썬샤인1호태양광발전소,,"전북특별자치도 완주군 소양면 명덕리 1386(전),1387(답)(토지위)",,,,정상가동,99.12,380,60,2023,,2023-07-18,,1011.0,2024-01-29
다짐1호태양광발전소,,전북특별자치도 완주군 소양면 명덕리 1387(답)(토지위),35.8662720157025,127.195928017019,,정상가동,53.1,380,60,2023,,2023-07-18,,693.0,2024-01-29
대서2농장1태양광발전소,,전북특별자치도 완주군 화산면 화월리 407-1(목)(건물위),36.0258978176949,127.197014444208,,정상가동,99.6,380,60,2023,,2023-07-19,,458.53,2024-01-29
대서2농장2태양광발전소,,전북특별자치도 완주군 화산면 화월리 407-1(목)(건물위),36.0258978176949,127.197014444208,,정상가동,99.6,380,60,2023,,2023-07-19,,458.53,2024-01-29
대서2농장3태양광발전소,,전북특별자치도 완주군 화산면 화월리 407-1(목)(건물위),36.0258978176949,127.197014444208,,정상가동,56.4,380,60,2023,,2023-07-19,,259.65,2024-01-29
익성1호태양광발전소,,"전북특별자치도 완주군 고산면 화정리 690-21(답),690-24(답)(건물위)",,,,정상가동,99.0,380,60,2023,,2023-07-19,,477.04,2024-01-29
익성2호태양광발전소,,"전북특별자치도 완주군 고산면 화정리 690-21(답),690-24(답)(건물위)",,,,정상가동,99.0,380,60,2023,,2023-07-19,,477.04,2024-01-29
익성3호태양광발전소,,"전북특별자치도 완주군 고산면 화정리 690-21(답),690-24(답)(건물위)",,,,정상가동,99.0,380,60,2023,,2023-07-19,,477.04,2024-01-29
진실1호태양광발전소,,"전북특별자치도 완주군 고산면 화정리 690-21(답),690-24(답)(건물위)",,,,정상가동,99.0,380,60,2023,,2023-07-19,,477.04,2024-01-29
진실2호태양광발전소,,"전북특별자치도 완주군 고산면 화정리 690-21(답),690-24(답)(건물위)",,,,정상가동,99.0,380,60,2023,,2023-07-19,,477.04,2024-01-29
진실3호태양광발전소,,"전북특별자치도 완주군 고산면 화정리 690-21(답),690-24(답)(건물위)",,,,정상가동,99.0,380,60,2023,,2023-07-19,,477.04,2024-01-29
정우정공1호태양광발전소,,전북특별자치도 완주군 봉동읍 장구리 583-12(장)(건물위),35.9689916459459,127.113691073398,,정상가동,904.4,22900,60,2023,,2023-07-20,,5269.35,2024-01-29
상삼리발전소,,전북특별자치도 완주군 용진읍 상삼리 587-2(장)(건물위),35.8635676991693,127.181956397292,,정상가동,71.995,380,60,2023,,2023-07-26,,328.0,2024-01-29
생태영성5호태양광발전소,,전북특별자치도 완주군 소양면 해월리 870(대)(건물위),35.8618921859304,127.263526532294,,정상가동,99.96,380,60,2023,,2023-07-26,,1364.4,2024-01-29
생태영성6호태양광발전소,,전북특별자치도 완주군 소양면 해월리 620(대)(건물위),35.8469041272496,127.259989698918,,정상가동,49.98,380,60,2023,,2023-07-26,,604.32,2024-01-29
생태영성7호태양광발전소,,전북특별자치도 완주군 소양면 해월리 620(대)(건물위),35.8469041272496,127.259989698918,,정상가동,49.98,380,60,2023,,2023-07-26,,472.8,2024-01-29
명성이엔씨태양광발전소,,전북특별자치도 완주군 삼례읍 하리 1290-271(대)(건물위),35.9006419767843,127.094715506427,,정상가동,99.735,380,60,2023,,2023-07-28,,476.0,2024-01-29
삼돈태양광발전소,,전북특별자치도 완주군 상관면 용암리 447-2(대)(건물위),35.7217741307226,127.228768858941,,정상가동,19.635,380,60,2023,,2023-08-02,,93.4,2024-01-29
모악솔라1호태양광발전소,,전북특별자치도 완주군 구이면 원기리 668-1(창)(건물위),35.7253025412603,127.120873132162,,정상가동,99.2,380,60,2023,,2023-08-08,,445.0,2024-01-29
모악솔라2호태양광발전소,,전북특별자치도 완주군 구이면 원기리 668-1(창)(건물위),35.7253025412603,127.120873132162,,정상가동,99.2,380,60,2023,,2023-08-08,,449.0,2024-01-29
모악솔라3호태양광발전소,,"전북특별자치도 완주군 구이면 원기리 668-1(창),668-2(창),669-4(창)(건물위)",,,,정상가동,99.2,380,60,2023,,2023-08-08,,457.0,2024-01-29
수양산1호태양광발전소,,"전북특별자치도 완주군 용진읍 신지리 932-8(임),1005(목),1006-5(답),1009-1(답)(건물위)",,,,정상가동,99.96,380,60,2023,,2023-08-11,,465.0,2024-01-29
수양산2호태양광발전소,,"전북특별자치도 완주군 용진읍 신지리 932-8(임),1005(목),1006-5(답),1009-1(답)(건물위)",,,,정상가동,99.96,380,60,2023,,2023-08-11,,465.0,2024-01-29
수양산3호태양광발전소,,"전북특별자치도 완주군 용진읍 신지리 1009(답),1009-1(답),1009-3(답),1010-6(답),1011(답),1012(전)(건물위)",,,,정상가동,99.96,380,60,2023,,2023-08-11,,465.0,2024-01-29
고산촌4태양광발전소,,"전북특별자치도 완주군 고산면 남봉리 305-1(전),305-2(답),305-5(전)(건물위)",,,,정상가동,99.6,380,60,2023,,2023-08-11,,458.53,2024-01-29
고산촌5태양광발전소,,전북특별자치도 완주군 고산면 남봉리 305-1(전)(건물위),35.971444056316,127.19422118678,,정상가동,94.2,380,60,2023,,2023-08-11,,433.67,2024-01-29
고산촌6태양광발전소,,"전북특별자치도 완주군 고산면 남봉리 323-5(답),323-7(답)(건물위)",,,,정상가동,84.0,380,60,2023,,2023-08-11,,386.72,2024-01-29
고산촌7태양광발전소,,"전북특별자치도 완주군 고산면 남봉리 323-5(답),323-7(답)(건물위)",,,,정상가동,84.0,380,60,2023,,2023-08-11,,386.72,2024-01-29
갈매기발전소,,전북특별자치도 완주군 운주면 구제리 173-2(전)(토지위),36.0677794084942,127.245830020032,,정상가동,99.96,380,60,2023,,2023-08-17,,1286.0,2024-01-29
미숙1호태양광발전소,,"전북특별자치도 완주군 고산면 화정리 151(답),153(답)(토지위)",,,,정상가동,99.5,380,60,2023,,2023-08-17,,1165.0,2024-01-29
윤선1호태양광발전소,,전북특별자치도 완주군 고산면 화정리 151(답)(토지위),35.9442151901611,127.195176510311,,정상가동,50.0,380,60,2023,,2023-08-17,,639.0,2024-01-29
서아태양광발전소,,전북특별자치도 완주군 소양면 황운리 47-2(대)(건물위),35.87100350509,127.247405767092,,정상가동,19.305,380,60,2023,,2023-08-17,,90.03,2024-01-29
수앤옥태양광발전1호,,전북특별자치도 완주군 구이면 덕천리 826-6(목)(토지위),35.7377159196762,127.130240853086,,정상가동,150.0,380,60,2023,,2023-08-17,,2730.0,2024-01-29
구만태양광발전소,,"전북특별자치도 완주군 봉동읍 구만리 산18-1(도),산18(도),산19-1(도),335-2(도),335-4(도),334-1(도),335(도),335-6(도),334-2(도),334(답),335-7(도),산16-3(도),산16-6(도),336-1(도),산16-5(도),333-1(도),333-4(도),332-4(제),산5-1(도),332-5(도),산8-3(도)(토지위)",,,,정상가동,560.5,22900,60,2023,,2023-08-18,,5466.0,2024-01-29
용흥2호태양광발전소,,"전북특별자치도 완주군 용진읍 용흥리 668-1(도),669-1(도),673-1(도),674(도),878-1(도),678-1(도),677-1(도),676-1(도),627-1(도),628-2(도),626-1(도),881-4(도),625-2(도),620-1(도),622(도),624-1(도),623-1(도),623-2(도),567-1(도),567-2(도),149-3(도),882-10(도),145-5(도),145-7(도),145-9(도),145-6(도)",,,,정상가동,789.42,22900,60,2023,,2023-08-18,,7953.0,2024-01-29
용진다온1태양광발전소,,전북특별자치도 완주군 용진읍 상운리 737(창)(건물위),35.9030392001712,127.140620510087,,정상가동,88.0,380,60,2023,,2023-08-25,,374.4,2024-01-29
용진다온2태양광발전소,,전북특별자치도 완주군 용진읍 상운리 737(창)(건물위),35.9030392001712,127.140620510087,,정상가동,88.0,380,60,2023,,2023-08-25,,374.4,2024-01-29
현춘태양광발전소1호,,"전북특별자치도 완주군 용진읍 상삼리 665-1(대),666-2(대)(건물위)",,,,정상가동,50.6,380,60,2023,,2023-08-25,,473.85,2024-01-29
현춘태양광발전소2호,,"전북특별자치도 완주군 용진읍 상삼리 665-1(대),666-2(대)(건물위)",,,,정상가동,64.9,380,60,2023,,2023-08-25,,581.01,2024-01-29
현태양광발전소1호,,"전북특별자치도 완주군 상관면 용암리 155(전),159-1(전)(토지위)",,,,정상가동,29.75,380,60,2023,,2023-08-28,,436.0,2024-01-29
연태양광발전소1호,,"전북특별자치도 완주군 상관면 용암리 155(전),159-1(전)(토지위)",,,,정상가동,99.96,380,60,2023,,2023-08-28,,874.0,2024-01-29
세신테크태양광발전소,,전북특별자치도 완주군 봉동읍 둔산리 924-27(장)(건물위),35.9562254432095,127.133691497138,,정상가동,190.2,380,60,2023,,2023-08-28,,881.94,2024-01-29
북치한우농장1호태양광발전소,,"전북특별자치도 완주군 상관면 죽림리 449-8(목),449-10(전),454-4(전),454-5(대)(건물위)",,,,정상가동,99.43,380,60,2023,,2023-08-30,,443.36,2024-01-29
북치한우농장2호태양광발전소,,"전북특별자치도 완주군 상관면 죽림리 449-8(목),449-10(전),454-5(대)(건물위)",,,,정상가동,99.43,380,60,2023,,2023-08-30,,443.36,2024-01-29
북치한우농장3호태양광발전소,,"전북특별자치도 완주군 상관면 죽림리 449-8(목),449-10(전),454-5(대)(건물위)",,,,정상가동,25.2,380,60,2023,,2023-08-30,,138.72,2024-01-29
목화1태양광발전소,,"전북특별자치도 완주군 비봉면 소농리 730-3(전),730-4(답)(토지위)",,,,정상가동,99.96,380,60,2023,,2023-09-01,,1100.0,2024-01-29
목화2태양광발전소,,"전북특별자치도 완주군 비봉면 소농리 730-1(전),730-3(전),730-4(답)(토지위)",,,,정상가동,99.96,380,60,2023,,2023-09-01,,878.0,2024-01-29
목화3태양광발전소,,"전북특별자치도 완주군 비봉면 소농리 730-1(전),730-2(답),730-3(전),730-4(답)(토지위)",,,,정상가동,99.96,380,60,2023,,2023-09-01,,968.0,2024-01-29
목화4태양광발전소,,"전북특별자치도 완주군 비봉면 소농리 730-1(전),730-2(답),730-4(답)(토지위)",,,,정상가동,99.96,380,60,2023,,2023-09-01,,1253.0,2024-01-29
소롱4호태양광발전소,,전북특별자치도 완주군 고산면 서봉리 517(답)(토지위),35.9889800318265,127.192592213517,,정상가동,99.76,380,60,2023,,2023-09-01,,1372.0,2024-01-29
이진문2호태양광발전소,,전북특별자치도 완주군 비봉면 수선리 138(전)(토지위),36.0099663409719,127.184075652265,,정상가동,99.12,380,60,2023,,2023-09-11,,992.0,2024-01-29
박판님2호태양광발전소,,전북특별자치도 완주군 비봉면 수선리 138(전)(토지위),36.0099663409719,127.184075652265,,정상가동,99.12,380,60,2023,,2023-09-11,,1118.0,2024-01-29
백여리2호발전소,,전북특별자치도 완주군 구이면 백여리 983(전)(토지위),35.6526974334056,127.098377961543,,정상가동,99.66,380,60,2023,,2023-09-11,,902.0,2024-01-29
구이혜숙발전소,,전북특별자치도 완주군 구이면 백여리 983(전)(토지위),35.6526974334056,127.098377961543,,정상가동,99.66,380,60,2023,,2023-09-11,,808.0,2024-01-29
윤재태양광발전소,,"전북특별자치도 완주군 소양면 명덕리 1286-1(답),1290-1(답),1291-3(답)(토지위)",,,,정상가동,339.405,380,60,2023,,2023-09-11,,4594.0,2024-01-29
금순태양광발전소,,전북특별자치도 완주군 소양면 명덕리 1289-2(답)(토지위),35.8618868710752,127.202991562949,,정상가동,99.99,380,60,2023,,2023-09-11,,1093.0,2024-01-29
후탁태양광발전소,,전북특별자치도 완주군 소양면 명덕리 1289-2(답)(토지위),35.8618868710752,127.202991562949,,정상가동,19.8,380,60,2023,,2023-09-11,,288.0,2024-01-29
서정2호태양광발전소,,"전북특별자치도 완주군 봉동읍 구암리 555(전),557(답),558-2(묘)(토지위)",,,,정상가동,99.6,380,60,2023,,2023-09-12,,1359.0,2024-01-29
기영태양광발전소4호,,"전북특별자치도 완주군 봉동읍 구암리 557(답),558(전),558-2(묘)(토지위)",,,,정상가동,99.6,380,60,2023,,2023-09-12,,938.0,2024-01-29
아린3호태양광발전소,,"전북특별자치도 완주군 봉동읍 구암리 557(답),558(전),615(답)(토지위)",,,,정상가동,44.4,380,60,2023,,2023-09-12,,492.0,2024-01-29
HMS태양광발전소,,전북특별자치도 완주군 봉동읍 구암리 615(답)(토지위),35.9422797504435,127.103480063919,,정상가동,29.4,380,60,2023,,2023-09-12,,277.0,2024-01-29
기영태양광발전소,,전북특별자치도 완주군 용진읍 용흥리 25-1(답)(토지위),35.8860757279121,127.176212869992,,정상가동,99.96,380,60,2023,,2023-09-14,,1567.0,2024-01-29
구제발전소,,전북특별자치도 완주군 운주면 구제리 176-7(답)(토지위),36.0684810526557,127.245368867715,,정상가동,99.96,380,60,2023,,2023-09-18,,1218.0,2024-01-29
토지발전소,,전북특별자치도 완주군 운주면 구제리 176-9(답)(토지위),36.0682263989162,127.24539760414,,정상가동,99.96,380,60,2023,,2023-09-18,,1272.0,2024-01-29
부수태양광발전소,,전북특별자치도 완주군 비봉면 수선리 772-1(전)(토지위),36.0191798575368,127.175436628686,,정상가동,99.96,380,60,2023,,2023-09-18,,1212.0,2024-01-29
정경태양광발전소,,전북특별자치도 완주군 화산면 춘산리 836(전)(토지위),36.079578555804,127.187667199371,,정상가동,99.6,380,60,2023,,2023-09-18,,1137.0,2024-01-29
화산태양광발전소,,"전북특별자치도 완주군 화산면 춘산리 834(전),836-1(전)(토지위)",,,,정상가동,99.6,380,60,2023,,2023-09-18,,908.0,2024-01-29
진우태양광발전소,,전북특별자치도 완주군 화산면 춘산리 834-2(전)(토지위),36.0791359249248,127.187808808591,,정상가동,99.6,380,60,2023,,2023-09-18,,874.0,2024-01-29
시나브로태양광발전소,,전북특별자치도 완주군 화산면 춘산리 834-3(전)(토지위),36.078989573713,127.187861861205,,정상가동,99.6,380,60,2023,,2023-09-18,,885.0,2024-01-29
장현2호태양광발전소,,전북특별자치도 완주군 화산면 춘산리 834-4(전)(토지위),36.0788078762908,127.18769656465,,정상가동,99.6,380,60,2023,,2023-09-18,,1049.0,2024-01-29
주원2호태양광발전소,,전북특별자치도 완주군 봉동읍 둔산리 926-19(장)(건물위),35.9578557518162,127.127934349271,,정상가동,76.8,380,60,2023,,2023-09-21,,298.13,2024-01-29
공단태양광발전소,,전북특별자치도 완주군 삼례읍 신탁리 300(창)(건물위),35.9119966183349,127.125907647148,,정상가동,80.4,380,60,2023,,2023-10-04,,351.63,2024-01-29
대와산업태양광발전소,,전북특별자치도 완주군 봉동읍 둔산리 948-25(장)(건물위),35.9512349451567,127.122165367343,,정상가동,299.475,380,60,2023,,2023-10-04,,1315.71,2024-01-29
예은태양광발전소,,"전북특별자치도 완주군 화산면 춘산리 734-1(전),752(답)(토지위)",,,,정상가동,99.6,380,60,2023,,2023-10-04,,1110.0,2024-01-29
이희구태양광발전소,,"전북특별자치도 완주군 화산면 춘산리 734-1(전),752(답)(토지위)",,,,정상가동,99.6,380,60,2023,,2023-10-04,,969.0,2024-01-29
숲1호태양광발전소,,"전북특별자치도 완주군 화산면 춘산리 734-1(전),752(답)(토지위)",,,,정상가동,99.6,380,60,2023,,2023-10-04,,906.0,2024-01-29
예솔1호태양광발전소,,"전북특별자치도 완주군 화산면 춘산리 734-1(전),752(답)(토지위)",,,,정상가동,99.6,380,60,2023,,2023-10-04,,895.0,2024-01-29
백동태양광발전소,,"전북특별자치도 완주군 화산면 춘산리 734-1(전),752(답)(토지위)",,,,정상가동,99.6,380,60,2023,,2023-10-04,,1143.0,2024-01-29
제란1호태양광발전소,,"전북특별자치도 완주군 비봉면 내월리 532(답),535(답),536(목)(건물위)",,,,정상가동,99.2,380,60,2023,,2023-10-06,,422.4,2024-01-29
제란2호태양광발전소,,"전북특별자치도 완주군 비봉면 내월리 532(답),535(답),536(목)(건물위)",,,,정상가동,99.2,380,60,2023,,2023-10-06,,385.5,2024-01-29
제란3호태양광발전소,,"전북특별자치도 완주군 비봉면 내월리 452(목),535(답),536(목)(건물위)",,,,정상가동,99.2,380,60,2023,,2023-10-06,,385.5,2024-01-29
제란4호태양광발전소,,전북특별자치도 완주군 비봉면 내월리 540(답)(건물위),36.0103133321427,127.129448418382,,정상가동,99.2,380,60,2023,,2023-10-06,,432.0,2024-01-29
제란5호태양광발전소,,"전북특별자치도 완주군 비봉면 내월리 540(답),547-3(답)(건물위)",,,,정상가동,62.0,380,60,2023,,2023-10-06,,270.0,2024-01-29
세전1태양광발전소,,전북특별자치도 완주군 삼례읍 수계리 1366(장)(건물위),35.9356087766206,127.117735808814,,정상가동,99.18,380,60,2023,,2023-10-10,,457.97,2024-01-29
정원태양광발전소,,전북특별자치도 완주군 용진읍 구억리 409-3(창)(건물위),35.8649983338318,127.167786515505,,정상가동,37.0,380,60,2023,,2023-10-13,,168.48,2024-01-29
이전2태양광발전소,,"전북특별자치도 완주군 비봉면 이전리 241-1(답),242-1(답)(건물위)",,,,정상가동,99.6,380,60,2023,,2023-10-13,,458.53,2024-01-29
원1호태양광,,"전북특별자치도 완주군 고산면 율곡리 25-1(목),25-2(답)(건물위)",,,,정상가동,99.76,380,60,2023,,2023-10-13,,464.0,2024-01-29
원2호태양광,,"전북특별자치도 완주군 고산면 율곡리 25-1(목),25-2(답)(건물위)",,,,정상가동,99.76,380,60,2023,,2023-10-13,,464.0,2024-01-29
경당태양광발전소,,"전북특별자치도 완주군 봉동읍 구암리 614(답),615(답)(토지위)",,,,정상가동,99.6,380,60,2023,,2023-10-13,,1138.0,2024-01-29
하이테크태양광발전소,,전북특별자치도 완주군 삼례읍 수계리 1389(장)(건물위),35.9385639238071,127.120308634983,,정상가동,149.94,380,60,2023,,2023-10-17,,688.88,2024-01-29
오산3호태양광,,"전북특별자치도 완주군 고산면 오산리 615(목),616(대),617(목)(건물위)",,,,정상가동,99.99,380,60,2023,,2023-10-23,,464.03,2024-01-29
덕골태양광발전소,,"전북특별자치도 완주군 화산면 춘산리 700-1(답),701-1(답)(토지위)",,,,정상가동,99.6,380,60,2023,,2023-10-23,,1103.0,2024-01-29
별목장태양광발전소,,"전북특별자치도 완주군 비봉면 봉산리 564(목),565-4(목),565-5(목),565-6(목)(건물위)",,,,정상가동,326.455,380,60,2023,,2023-10-24,,1542.19,2024-01-29
우리태양광,,"전북특별자치도 완주군 화산면 춘산리 691-1(천),691-2(답)(토지위)",,,,정상가동,99.6,380,60,2023,,2023-10-24,,970.0,2024-01-29
지연발전소,,"전북특별자치도 완주군 화산면 춘산리 691-1(천),691-2(답),692(전)(토지위)",,,,정상가동,99.6,380,60,2023,,2023-10-24,,1171.0,2024-01-29
애정회태양광발전소,,전북특별자치도 완주군 구이면 계곡리 402-1(대)(건물위),35.6740268014134,127.116520771923,,정상가동,30.94,380,60,2023,,2023-10-30,,145.17,2024-01-29
㈜에이스테크발전소,,전북특별자치도 완주군 봉동읍 장구리 673-1(장)(건물위),35.9656518875114,127.108974348824,,정상가동,218.4,380,60,2023,,2023-10-30,,1005.46,2024-01-29
하이엘태양광발전소,,전북특별자치도 완주군 봉동읍 장구리 579-2(장)(건물위),35.9746030352384,127.122380204043,,정상가동,399.28,380,60,2023,,2023-10-30,,1738.12,2024-01-29
두경태양광발전소,,전북특별자치도 완주군 소양면 해월리 425-1(창)(건물위),35.8627536749664,127.250170651143,,정상가동,82.11,380,60,2023,,2023-10-30,,369.851,2024-01-29
그린탑1호태양광발전소,,전북특별자치도 완주군 삼례읍 수계리 1414(장)(건물위),35.9383746709819,127.116462230327,,정상가동,99.96,380,60,2023,,2023-11-02,,703.0,2024-01-29
그린탑2호태양광발전소,,전북특별자치도 완주군 삼례읍 수계리 1414(장)(건물위),35.9383746709819,127.116462230327,,정상가동,51.765,380,60,2023,,2023-11-02,,254.0,2024-01-29
삼봉태양광발전소,,전북특별자치도 완주군 삼례읍 수계리 1255-2(대)(건물위),35.9212861304477,127.124599536128,,정상가동,99.6,380,60,2023,,2023-11-03,,458.53,2024-01-29
DY태양광발전소제3호,,전북특별자치도 완주군 봉동읍 구암리 972(장)(건물위),35.9395515716009,127.115749690989,,정상가동,99.0,380,60,2023,,2023-11-03,,492.12,2024-01-29
병호1호태양광발전소,,전북특별자치도 완주군 용진읍 상운리 429(창)(건물위),35.8910100924705,127.150626407969,,정상가동,27.225,380,60,2023,,2023-11-03,,130.9,2024-01-29
병호2호태양광발전소,,전북특별자치도 완주군 용진읍 상운리 429(창)(건물위),35.8910100924705,127.150626407969,,정상가동,27.225,380,60,2023,,2023-11-03,,130.9,2024-01-29
신탁4호태양광발전소,,"전북특별자치도 완주군 삼례읍 신탁리 669-5(도),943-1(도),668-11(도),668-7(도),668-9(도),650-1(도),920-17(도),651-4(도)(고속도로 태양광)",,,,정상가동,209.45,380,60,2023,,2023-11-06,,2387.0,2024-01-29
카페말랑태양광발전소,,"전북특별자치도 완주군 삼례읍 신탁리 688-2(체),905(체),908(체)(건물위)",,,,정상가동,19.8,380,60,2023,,2023-11-07,,92.0,2024-01-29
해담태양광발전소,,"전북특별자치도 완주군 이서면 남계리 183(답),185-2(답)(토지위)",,,,정상가동,99.96,380,60,2023,,2023-11-08,,860.0,2024-01-29
신광2호태양광발전소,,"전북특별자치도 완주군 이서면 남계리 183(답),185-2(답)(토지위)",,,,정상가동,99.96,380,60,2023,,2023-11-08,,873.0,2024-01-29
남계양금태양광발전소,,전북특별자치도 완주군 이서면 남계리 185-2(답)(토지위),35.8647898981476,127.025368216295,,정상가동,99.96,380,60,2023,,2023-11-08,,730.0,2024-01-29
민지태양광발전소,,전북특별자치도 완주군 이서면 남계리 185-2(답)(토지위),35.8647898981476,127.025368216295,,정상가동,99.96,380,60,2023,,2023-11-08,,749.0,2024-01-29
아침햇살태양광발전소,,전북특별자치도 완주군 이서면 남계리 185-2(답)(토지위),35.8647898981476,127.025368216295,,정상가동,99.96,380,60,2023,,2023-11-08,,711.0,2024-01-29
신흥태양광발전소,,"전북특별자치도 완주군 이서면 남계리 185-1(답),185-2(답)(토지위)",,,,정상가동,99.96,380,60,2023,,2023-11-08,,741.0,2024-01-29
금화태양광발전소,,"전북특별자치도 완주군 이서면 남계리 185-1(답),185-2(답)(토지위)",,,,정상가동,99.96,380,60,2023,,2023-11-08,,714.0,2024-01-29
유닉스에너지1기,,"전북특별자치도 완주군 이서면 남계리 185-1(답),185-2(답)(토지위)",,,,정상가동,99.96,380,60,2023,,2023-11-08,,915.0,2024-01-29
송이태양광발전소,,전북특별자치도 완주군 이서면 남계리 185-1(답)(토지위),35.8652648678673,127.024456355822,,정상가동,99.96,380,60,2023,,2023-11-08,,744.0,2024-01-29
기영태양광발전소3호,,전북특별자치도 완주군 이서면 남계리 185-1(답)(토지위),35.8652648678673,127.024456355822,,정상가동,99.96,380,60,2023,,2023-11-08,,908.0,2024-01-29
신지리1호발전소,,전북특별자치도 완주군 용진읍 신지리 859(답)(토지위),35.9243413576661,127.177953347876,,정상가동,99.66,380,60,2023,,2023-11-13,,958.0,2024-01-29
신지리2호발전소,,전북특별자치도 완주군 용진읍 신지리 859(답)(토지위),35.9243413576661,127.177953347876,,정상가동,99.66,380,60,2023,,2023-11-13,,840.0,2024-01-29
완주유정1호태양광발전소,,전북특별자치도 완주군 고산면 율곡리 217-4(목)(건물위),35.9750157556445,127.178245971863,,정상가동,99.0,380,60,2023,,2023-11-13,,373.0,2024-01-29
새일기술산업발전소,,전북특별자치도 완주군 봉동읍 구암리 970(장)(건물위),35.9401419717969,127.115753433317,,정상가동,198.0,380,60,2023,,2023-11-14,,766.9,2024-01-29
홍보순태양광발전소,,전북특별자치도 완주군 비봉면 수선리 9-3(장)(토지위),36.013694170279,127.19230267106,,정상가동,19.8,380,60,2023,,2023-11-14,,91.4,2024-01-29
굿파워 완주화심 태양광발전소,,"전북특별자치도 완주군 소양면 화심리 407-1(답),407-2(답)(토지위)",,,,정상가동,419.58,380,60,2023,,2023-11-14,,3665.0,2024-01-29
기리6호태양광발전소,,"전북특별자치도 완주군 소양면 화심리 407-1(답),407-2(답)(토지위)",,,,정상가동,99.54,380,60,2023,,2023-11-14,,1129.0,2024-01-29
지욱17호태양광발전소,,"전북특별자치도 완주군 소양면 화심리 407-1(답),407-2(답)(토지위)",,,,정상가동,99.54,380,60,2023,,2023-11-14,,862.0,2024-01-29
경호태양광발전소,,전북특별자치도 완주군 비봉면 백도리 983(답)(토지위),36.0115026484381,127.159078203102,,정상가동,340.37,380,60,2023,,2023-11-15,,4294.0,2024-01-29
해드림나눔발전소12호태양광발전소,,전북특별자치도 완주군 화산면 종리 1101-3(목)(건물위),36.0197755499356,127.222153473003,,정상가동,9.9,220,60,2023,,2023-11-15,,46.74,2024-01-29
권내현1호태양광발전소,,"전북특별자치도 완주군 비봉면 이전리 542(답),544(답)(건물위)",,,,정상가동,99.6,380,60,2023,,2023-11-17,,458.53,2024-01-29
권내현2호태양광발전소,,"전북특별자치도 완주군 비봉면 이전리 542(답),544(답)(건물위)",,,,정상가동,50.4,380,60,2023,,2023-11-17,,232.03,2024-01-29
현숙태양광발전소,,전북특별자치도 완주군 고산면 성재리 728-2(목)(건물위),35.9596377850561,127.210763094869,,정상가동,67.76,380,60,2023,,2023-11-17,,563.34,2024-01-29
크라운5태양광발전소,,"전북특별자치도 완주군 고산면 남봉리 322(전),390-1(전),390-2(목),390-3(전)(건물위)",,,,정상가동,97.2,380,60,2023,,2023-11-17,,447.49,2024-01-29
엠마오1호태양광발전소,,"전북특별자치도 완주군 상관면 죽림리 175-2(전),187-1(전)(건물위)",,,,정상가동,99.96,380,60,2023,,2023-11-17,,468.21,2024-01-29
엠마오2호태양광발전소,,"전북특별자치도 완주군 상관면 죽림리 175-2(전),187-1(전)(건물위)",,,,정상가동,99.96,380,60,2023,,2023-11-17,,461.84,2024-01-29
슬정원4태양광발전소,,"전북특별자치도 완주군 비봉면 백도리 1020-5(답),1021-5(답)(토지위)",,,,정상가동,99.6,380,60,2023,,2023-11-20,,1001.0,2024-01-29
용진해온태양광발전소,,전북특별자치도 완주군 용진읍 상운리 770(대)(건물위),35.9033368341872,127.140199097435,,정상가동,80.0,380,60,2023,,2023-11-20,,374.4,2024-01-29
형안1태양광발전소,,전북특별자치도 완주군 삼례읍 삼례리 1084-11(대)(건물위),35.9163368789599,127.076020481364,,정상가동,29.0,380,60,2023,,2023-11-24,,132.267,2024-01-29
엠제이1호태양광발전소,,전북특별자치도 완주군 삼례읍 수계리 1353(장)(건물위),35.9377893256563,127.117098710964,,정상가동,99.6,380,60,2023,,2023-11-24,,458.49,2024-01-29
엠제이2호태양광발전소,,전북특별자치도 완주군 삼례읍 수계리 1353(장)(건물위),35.9377893256563,127.117098710964,,정상가동,99.6,380,60,2023,,2023-11-24,,458.49,2024-01-29
엠제이3호태양광발전소,,전북특별자치도 완주군 삼례읍 수계리 1353(장)(건물위),35.9377893256563,127.117098710964,,정상가동,19.8,380,60,2023,,2023-11-24,,91.15,2024-01-29
해피힐태양광발전소2호,,전북특별자치도 완주군 비봉면 수선리 222-3(답)(건물위),36.0129153964128,127.18839746982,,정상가동,40.8,380,60,2023,,2023-11-29,,188.0,2024-01-29
삼영메탈2태양광발전소,,전북특별자치도 완주군 봉동읍 둔산리 852-3(대)(건물위),35.9684306244292,127.121686861589,,정상가동,92.565,380,60,2023,,2023-11-29,,430.95,2024-01-29
삼영메탈3태양광발전소,,전북특별자치도 완주군 봉동읍 둔산리 852-8(대)(건물위),35.9681291682908,127.121945379005,,정상가동,99.22,380,60,2023,,2023-11-29,,460.41,2024-01-29
대유합금태양광발전소,,"전북특별자치도 완주군 봉동읍 둔산리 926-12(장),926-13(장)(건물위)",,,,정상가동,902.88,22900,60,2023,,2023-12-01,,8631.0,2024-01-29
화산골1-1호태양광발전소,,전북특별자치도 완주군 화산면 운산리 242(대)(건물위),36.0626989963005,127.151226471886,,정상가동,23.76,220,60,2023,,2023-12-05,,99.4,2024-01-29
재윤태양광발전소,,"전북특별자치도 완주군 소양면 명덕리 1286-1(답),1290-1(답)(토지위)",,,,정상가동,99.825,380,60,2023,,2023-12-05,,1351.0,2024-01-29
콩순이태양광발전소,,전북특별자치도 완주군 비봉면 백도리 999(답)(토지위),36.0115879400244,127.160270379789,,정상가동,99.82,380,60,2023,,2023-12-06,,1535.0,2024-01-29
비봉보림태양광발전소,,전북특별자치도 완주군 비봉면 백도리 980(답)(토지위),36.010953004037,127.160081964733,,정상가동,99.99,380,60,2023,,2023-12-06,,1025.0,2024-01-29
백도보림태양광발전소,,전북특별자치도 완주군 비봉면 백도리 980(답)(토지위),36.010953004037,127.160081964733,,정상가동,99.99,380,60,2023,,2023-12-06,,1039.0,2024-01-29
완주도연1호태양광발전소,,전북특별자치도 완주군 화산면 운산리 823(답)(토지위),36.0837946258162,127.146059036611,,정상가동,98.77,380,60,2023,,2023-12-11,,1657.0,2024-01-29
최고솔라2호태양광발전소,,"전북특별자치도 완주군 봉동읍 용암리 826(장),827(장)(건물위)",,,,정상가동,68.2,380,60,2023,,2023-12-11,,305.19,2024-01-29
명덕태양광발전소,,"전북특별자치도 완주군 소양면 명덕리 851(전),852(잡)(건물위)",,,,정상가동,169.62,380,60,2023,,2023-12-11,,771.14,2024-01-29
해뜨는 태양광,,전북특별자치도 완주군 고산면 삼기리 881-1(대)(건물위),35.9867480624874,127.218856222776,,정상가동,34.1,380,60,2023,,2023-12-13,,149.86,2024-01-29
태원태양광발전소,,전북특별자치도 완주군 이서면 남계리 557(답)(토지위),35.8516904771825,127.016872276855,,정상가동,94.815,380,60,2023,,2023-12-14,,863.0,2024-01-29
보금자리2태양광발전소,,전북특별자치도 완주군 이서면 남계리 557(답)(토지위),35.8516904771825,127.016872276855,,정상가동,94.815,380,60,2023,,2023-12-14,,876.0,2024-01-29
환경태양광,,전북특별자치도 완주군 화산면 춘산리 731(전)(토지위),36.0747126169652,127.191414683683,,정상가동,73.92,380,60,2023,,2023-12-18,,873.0,2024-01-29
모악솔라4호태양광발전소,,"전북특별자치도 완주군 구이면 원기리 668-2(창), 항가리 186-23(창),213-4(창)(건물위)",,,,정상가동,60.76,380,60,2023,,2023-12-18,,273.0,2024-01-29
화평1호태양광발전소,,전북특별자치도 완주군 화산면 화평리 185-4(답)(건물위),36.0348911227002,127.211893459573,,정상가동,99.825,380,60,2023,,2023-12-19,,567.58,2024-01-29
희망태양광발전소,,전북특별자치도 완주군 화산면 화평리 185-3(답)(건물위),36.0350532662224,127.211682074526,,정상가동,99.825,380,60,2023,,2023-12-19,,567.58,2024-01-29
민수3호태양광발전소,,"전북특별자치도 완주군 화산면 화평리 185-2(답),186-10(답)(건물위)",,,,정상가동,99.825,380,60,2023,,2023-12-19,,567.58,2024-01-29
성북6호태양광발전소,,전북특별자치도 완주군 삼례읍 수계리 1257-5(대)(건물위),35.9198765189029,127.124574611772,,정상가동,95.7,380,60,2023,,2023-12-27,,452.0,2024-01-29
(유)이룸발전사업소,,전북특별자치도 완주군 구이면 백여리 874-9(장)(건물위),35.6418012988011,127.099078198346,,정상가동,99.66,380,60,2023,,2023-12-27,,428.15,2024-01-29
봉판3호태양광발전소,,"전북특별자치도 완주군 화산면 운곡리 25(목),25-3(목)(건물위)",,,,정상가동,99.12,380,60,2023,,2023-12-27,,460.9,2024-01-29
화산골1호태양광발전소,,"전북특별자치도 완주군 화산면 운산리 243-1(전),243-2(전)(건물위)",,,,정상가동,40.92,380,60,2024,,2024-01-08,,192.59,2024-01-29
미디아태양광발전소,,전북특별자치도 완주군 이서면 용서리 175-5(장)(건물위),35.8270925976619,127.017687342537,,정상가동,98.175,380,60,2024,,2024-01-09,,700.914,2024-01-29
박종호1호태양광발전소,,"전북특별자치도 완주군 화산면 승치리 619-1(전),623-1(목),623-3(천)(건물위)",,,,정상가동,99.96,380,60,2024,,2024-01-10,,437.35,2024-01-29
박종호2호태양광발전소,,"전북특별자치도 완주군 화산면 승치리 619-1(전),623-1(목),623-3(천)(건물위)",,,,정상가동,25.2,380,60,2024,,2024-01-10,,116.01,2024-01-29
최고솔라1호태양광발전소,,"전북특별자치도 완주군 봉동읍 용암리 826(장),827(장)(건물위)",,,,정상가동,298.84,380,60,2024,,2024-01-11,,1277.32,2024-01-29
삼봉2호태양광발전소,,전북특별자치도 완주군 삼례읍 삼례리 44-1(창)(건물위),35.9052835391929,127.082304149512,,정상가동,19.5,380,60,2024,,2024-01-11,,91.52,2024-01-29
은교1호태양광발전소,,전북특별자치도 완주군 이서면 은교리 97-8(전)(토지위),35.8085872170023,127.035161344825,,정상가동,99.6,380,60,2024,,2024-01-11,,1064.0,2024-01-29
은교2호태양광발전소,,전북특별자치도 완주군 이서면 은교리 97-8(전)(토지위),35.8085872170023,127.035161344825,,정상가동,99.6,380,60,2024,,2024-01-11,,813.0,2024-01-29
다윗2호태양광발전소,,전북특별자치도 완주군 이서면 은교리 97-8(전)(토지위),35.8085872170023,127.035161344825,,정상가동,99.6,380,60,2024,,2024-01-11,,1020.0,2024-01-29
솔로몬3호태양광발전소,,전북특별자치도 완주군 이서면 은교리 97-8(전)(토지위),35.8085872170023,127.035161344825,,정상가동,99.6,380,60,2024,,2024-01-11,,928.0,2024-01-29
샤이니태양광발전소,,전북특별자치도 완주군 이서면 은교리 97-8(전)(토지위),35.8085872170023,127.035161344825,,정상가동,99.6,380,60,2024,,2024-01-11,,1164.0,2024-01-29
세인트3호태양광발전소,,"전북특별자치도 완주군 이서면 은교리 97-6(전),97-8(전)(토지위)",,,,정상가동,99.6,380,60,2024,,2024-01-11,,1321.0,2024-01-29
온유와 겸손 태양광발전소,,전북특별자치도 완주군 이서면 은교리 97-6(전)(토지위),35.8083496844877,127.03311513201,,정상가동,99.6,380,60,2024,,2024-01-11,,1085.0,2024-01-29
RH2태양광발전소,,"전북특별자치도 완주군 이서면 은교리 97(답),97-6(전)(토지위)",,,,정상가동,99.6,380,60,2024,,2024-01-11,,1200.0,2024-01-29
나라4호태양광발전소,,"전북특별자치도 완주군 이서면 은교리 97(답),97-6(전)(토지위)",,,,정상가동,99.6,380,60,2024,,2024-01-11,,948.0,2024-01-29
선상3호태양광발전소,,전북특별자치도 완주군 이서면 은교리 97(답)(토지위),35.8091197960392,127.033502703515,,정상가동,99.6,380,60,2024,,2024-01-11,,1064.0,2024-01-29
희선3호태양광발전소,,"전북특별자치도 완주군 이서면 은교리 96(답),97(답)(토지위)",,,,정상가동,99.6,380,60,2024,,2024-01-11,,1379.0,2024-01-29
현구태양광발전소,,전북특별자치도 완주군 봉동읍 둔산리 127-1(창)(건물위),35.9682030394341,127.135978650476,,정상가동,30.94,380,60,2024,,2024-01-16,,144.7,2024-01-29
희망태양광발전소,,전북특별자치도 완주군 경천면 용복리 496(토지위),36.0622503801522,127.259278453899,,정상가동,20.295,380,60,2024,,2024-01-16,,89.47,2024-01-29
보광산업2태양광발전소,,전북특별자치도 완주군 봉동읍 장구리 580-11(장)(건물위),35.9690469123439,127.119059950266,,정상가동,99.22,380,60,2024,,2024-01-16,,475.92,2024-01-29
보광산업3태양광발전소,,전북특별자치도 완주군 봉동읍 장구리 580-11(장)(건물위),35.9690469123439,127.119059950266,,정상가동,99.22,380,60,2024,,2024-01-16,,475.92,2024-01-29
보광산업4태양광발전소,,전북특별자치도 완주군 봉동읍 장구리 580-11(장)(건물위),35.9690469123439,127.119059950266,,정상가동,99.22,380,60,2024,,2024-01-16,,474.77,2024-01-29
보광산업5태양광발전소,,전북특별자치도 완주군 봉동읍 장구리 580-11(장)(건물위),35.9690469123439,127.119059950266,,정상가동,99.22,380,60,2024,,2024-01-16,,477.58,2024-01-29
보광산업6태양광발전소,,전북특별자치도 완주군 봉동읍 장구리 580-11(장)(건물위),35.9690469123439,127.119059950266,,정상가동,99.22,380,60,2024,,2024-01-16,,472.37,2024-01-29
보광산업7태양광발전소,,전북특별자치도 완주군 봉동읍 장구리 580-11(장)(건물위),35.9690469123439,127.119059950266,,정상가동,89.54,380,60,2024,,2024-01-16,,421.56,2024-01-29
양연에너지,,전북특별자치도 완주군 경천면 용복리 895(전)(토지위),36.0485297037285,127.244529321006,,정상가동,99.96,380,60,2024,,2024-01-19,,948.0,2024-01-29
용복리준현태양광,,전북특별자치도 완주군 경천면 용복리 895(전)(토지위),36.0485297037285,127.244529321006,,정상가동,99.96,380,60,2024,,2024-01-19,,775.0,2024-01-29
용복리승연태양광,,전북특별자치도 완주군 경천면 용복리 895(전)(토지위),36.0485297037285,127.244529321006,,정상가동,99.96,380,60,2024,,2024-01-19,,777.0,2024-01-29
용복리정관태양광,,전북특별자치도 완주군 경천면 용복리 895(전)(토지위),36.0485297037285,127.244529321006,,정상가동,99.96,380,60,2024,,2024-01-19,,688.0,2024-01-29
용복리민성태양광,,전북특별자치도 완주군 경천면 용복리 895(전)(토지위),36.0485297037285,127.244529321006,,정상가동,99.96,380,60,2024,,2024-01-19,,777.0,2024-01-29
지민태양광,,전북특별자치도 완주군 경천면 용복리 895(전)(토지위),36.0485297037285,127.244529321006,,정상가동,99.96,380,60,2024,,2024-01-19,,826.0,2024-01-29
경천용복1호발전소,,전북특별자치도 완주군 경천면 용복리 895(전)(토지위),36.0485297037285,127.244529321006,,정상가동,99.96,380,60,2024,,2024-01-19,,777.0,2024-01-29
경천용복2호발전소,,전북특별자치도 완주군 경천면 용복리 895(전)(토지위),36.0485297037285,127.244529321006,,정상가동,49.98,380,60,2024,,2024-01-19,,510.0,2024-01-29
