{
  "type": "FeatureCollection",
  "features": [
    {
      "type": "Feature",
      "geometry": {
        "type": "Point",
        "coordinates": [
          127.1030546,
          37.3938932
        ]
      },
      "properties": {
        "osm_type": "node",
        "osm_id": 4515338075,
        "sido": "경기도",
        "power_type": "generator",
        "name": "한국지역난방공사 판교지사",
        "name_en": "Korea District Heating Corp. Pan-gyo branch",
        "plant_source": "waste",
        "plant_output": "",
        "plant_method": "thermal",
        "operator": ""
      }
    },
    {
      "type": "Feature",
      "geometry": {
        "type": "Point",
        "coordinates": [
          126.771738,
          37.2062204
        ]
      },
      "properties": {
        "osm_type": "node",
        "osm_id": 4633874412,
        "sido": "경기도",
        "power_type": "generator",
        "name": "한국전력공사",
        "name_en": "",
        "plant_source": "",
        "plant_output": "",
        "plant_method": "",
        "operator": ""
      }
    },
    {
      "type": "Feature",
      "geometry": {
        "type": "Point",
        "coordinates": [
          126.6396016,
          37.1906273
        ]
      },
      "properties": {
        "osm_type": "node",
        "osm_id": 5424625318,
        "sido": "경기도",
        "power_type": "generator",
        "name": "",
        "name_en": "",
        "plant_source": "wind",
        "plant_output": "0.75 MW",
        "plant_method": "wind_turbine",
        "operator": "안산시"
      }
    },
    {
      "type": "Feature",
      "geometry": {
        "type": "Point",
        "coordinates": [
          126.6375228,
          37.1899133
        ]
      },
      "properties": {
        "osm_type": "node",
        "osm_id": 5424625319,
        "sido": "경기도",
        "power_type": "generator",
        "name": "",
        "name_en": "",
        "plant_source": "wind",
        "plant_output": "0.75 MW",
        "plant_method": "wind_turbine",
        "operator": "안산시"
      }
    },
    {
      "type": "Feature",
      "geometry": {
        "type": "Point",
        "coordinates": [
          126.6354412,
          37.189222
        ]
      },
      "properties": {
        "osm_type": "node",
        "osm_id": 5424625320,
        "sido": "경기도",
        "power_type": "generator",
        "name": "",
        "name_en": "",
        "plant_source": "wind",
        "plant_output": "0.75 MW",
        "plant_method": "wind_turbine",
        "operator": "안산시"
      }
    },
    {
      "type": "Feature",
      "geometry": {
        "type": "Point",
        "coordinates": [
          127.0690378,
          37.2343034
        ]
      },
      "properties": {
        "osm_type": "node",
        "osm_id": 7235187455,
        "sido": "경기도",
        "power_type": "generator",
        "name": "",
        "name_en": "",
        "plant_source": "solar",
        "plant_output": "yes",
        "plant_method": "photovoltaic",
        "operator": ""
      }
    },
    {
      "type": "Feature",
      "geometry": {
        "type": "Point",
        "coordinates": [
          127.0800382,
          37.2766056
        ]
      },
      "properties": {
        "osm_type": "node",
        "osm_id": 7235187456,
        "sido": "경기도",
        "power_type": "generator",
        "name": "",
        "name_en": "",
        "plant_source": "solar",
        "plant_output": "yes",
        "plant_method": "photovoltaic",
        "operator": ""
      }
    },
    {
      "type": "Feature",
      "geometry": {
        "type": "Point",
        "coordinates": [
          127.0781695,
          37.2772959
        ]
      },
      "properties": {
        "osm_type": "node",
        "osm_id": 7235187457,
        "sido": "경기도",
        "power_type": "generator",
        "name": "",
        "name_en": "",
        "plant_source": "solar",
        "plant_output": "yes",
        "plant_method": "photovoltaic",
        "operator": ""
      }
    },
    {
      "type": "Feature",
      "geometry": {
        "type": "Point",
        "coordinates": [
          127.0784171,
          37.2769118
        ]
      },
      "properties": {
        "osm_type": "node",
        "osm_id": 7235187458,
        "sido": "경기도",
        "power_type": "generator",
        "name": "",
        "name_en": "",
        "plant_source": "solar",
        "plant_output": "yes",
        "plant_method": "photovoltaic",
        "operator": ""
      }
    },
    {
      "type": "Feature",
      "geometry": {
        "type": "Point",
        "coordinates": [
          127.077922,
          37.2769941
        ]
      },
      "properties": {
        "osm_type": "node",
        "osm_id": 7235187459,
        "sido": "경기도",
        "power_type": "generator",
        "name": "",
        "name_en": "",
        "plant_source": "solar",
        "plant_output": "yes",
        "plant_method": "photovoltaic",
        "operator": ""
      }
    },
    {
      "type": "Feature",
      "geometry": {
        "type": "Point",
        "coordinates": [
          126.9660383,
          37.3944326
        ]
      },
      "properties": {
        "osm_type": "node",
        "osm_id": 7606685378,
        "sido": "경기도",
        "power_type": "generator",
        "name": "",
        "name_en": "",
        "plant_source": "gas",
        "plant_output": "480 MW",
        "plant_method": "combustion",
        "operator": ""
      }
    },
    {
      "type": "Feature",
      "geometry": {
        "type": "Point",
        "coordinates": [
          126.9673419,
          37.3939084
        ]
      },
      "properties": {
        "osm_type": "node",
        "osm_id": 7606685379,
        "sido": "경기도",
        "power_type": "generator",
        "name": "",
        "name_en": "",
        "plant_source": "gas",
        "plant_output": "450 MW",
        "plant_method": "combustion",
        "operator": ""
      }
    },
    {
      "type": "Feature",
      "geometry": {
        "type": "Point",
        "coordinates": [
          127.1480799,
          37.3643333
        ]
      },
      "properties": {
        "osm_type": "node",
        "osm_id": 7607270842,
        "sido": "경기도",
        "power_type": "generator",
        "name": "",
        "name_en": "",
        "plant_source": "gas",
        "plant_output": "348 MW",
        "plant_method": "combustion",
        "operator": ""
      }
    },
    {
      "type": "Feature",
      "geometry": {
        "type": "Point",
        "coordinates": [
          127.1461755,
          37.364457
        ]
      },
      "properties": {
        "osm_type": "node",
        "osm_id": 7607270843,
        "sido": "경기도",
        "power_type": "generator",
        "name": "",
        "name_en": "",
        "plant_source": "gas",
        "plant_output": "574 MW",
        "plant_method": "combustion",
        "operator": ""
      }
    },
    {
      "type": "Feature",
      "geometry": {
        "type": "Point",
        "coordinates": [
          126.7987382,
          37.004669
        ]
      },
      "properties": {
        "osm_type": "node",
        "osm_id": 7607270844,
        "sido": "경기도",
        "power_type": "generator",
        "name": "",
        "name_en": "",
        "plant_source": "gas",
        "plant_output": "yes",
        "plant_method": "combustion",
        "operator": ""
      }
    },
    {
      "type": "Feature",
      "geometry": {
        "type": "Point",
        "coordinates": [
          126.7961419,
          37.0036622
        ]
      },
      "properties": {
        "osm_type": "node",
        "osm_id": 7607270845,
        "sido": "경기도",
        "power_type": "generator",
        "name": "",
        "name_en": "",
        "plant_source": "oil",
        "plant_output": "350 MW",
        "plant_method": "combustion",
        "operator": ""
      }
    },
    {
      "type": "Feature",
      "geometry": {
        "type": "Point",
        "coordinates": [
          126.7950046,
          37.0046776
        ]
      },
      "properties": {
        "osm_type": "node",
        "osm_id": 7607270846,
        "sido": "경기도",
        "power_type": "generator",
        "name": "",
        "name_en": "",
        "plant_source": "oil",
        "plant_output": "350 MW",
        "plant_method": "combustion",
        "operator": ""
      }
    },
    {
      "type": "Feature",
      "geometry": {
        "type": "Point",
        "coordinates": [
          126.7954874,
          37.0042063
        ]
      },
      "properties": {
        "osm_type": "node",
        "osm_id": 7607270847,
        "sido": "경기도",
        "power_type": "generator",
        "name": "",
        "name_en": "",
        "plant_source": "oil",
        "plant_output": "350 MW",
        "plant_method": "combustion",
        "operator": ""
      }
    },
    {
      "type": "Feature",
      "geometry": {
        "type": "Point",
        "coordinates": [
          126.794554,
          37.0051402
        ]
      },
      "properties": {
        "osm_type": "node",
        "osm_id": 7607270848,
        "sido": "경기도",
        "power_type": "generator",
        "name": "",
        "name_en": "",
        "plant_source": "oil",
        "plant_output": "350 MW",
        "plant_method": "combustion",
        "operator": ""
      }
    },
    {
      "type": "Feature",
      "geometry": {
        "type": "Point",
        "coordinates": [
          126.7974293,
          37.0059884
        ]
      },
      "properties": {
        "osm_type": "node",
        "osm_id": 7607270849,
        "sido": "경기도",
        "power_type": "generator",
        "name": "",
        "name_en": "",
        "plant_source": "gas",
        "plant_output": "yes",
        "plant_method": "combustion",
        "operator": ""
      }
    },
    {
      "type": "Feature",
      "geometry": {
        "type": "Point",
        "coordinates": [
          126.5808758,
          37.2910062
        ]
      },
      "properties": {
        "osm_type": "node",
        "osm_id": 9395438140,
        "sido": "경기도",
        "power_type": "generator",
        "name": "",
        "name_en": "",
        "plant_source": "wind",
        "plant_output": "1.5 MW",
        "plant_method": "wind_turbine",
        "operator": "한국수자원공사 (K-Water)"
      }
    },
    {
      "type": "Feature",
      "geometry": {
        "type": "Point",
        "coordinates": [
          127.2803342,
          37.5287001
        ]
      },
      "properties": {
        "osm_type": "node",
        "osm_id": 9630367345,
        "sido": "경기도",
        "power_type": "generator",
        "name": "팔당수력발전소",
        "name_en": "",
        "plant_source": "hydro",
        "plant_output": "120 MW",
        "plant_method": "water-storage",
        "operator": "한국수력원자력(주)"
      }
    },
    {
      "type": "Feature",
      "geometry": {
        "type": "Point",
        "coordinates": [
          126.5774524,
          37.2919172
        ]
      },
      "properties": {
        "osm_type": "node",
        "osm_id": 9915802351,
        "sido": "경기도",
        "power_type": "generator",
        "name": "",
        "name_en": "",
        "plant_source": "wind",
        "plant_output": "1.5 MW",
        "plant_method": "wind_turbine",
        "operator": "한국수자원공사 (K-Water)"
      }
    },
    {
      "type": "Feature",
      "geometry": {
        "type": "Point",
        "coordinates": [
          127.1932187,
          37.5782926
        ]
      },
      "properties": {
        "osm_type": "node",
        "osm_id": 11707686374,
        "sido": "경기도",
        "power_type": "generator",
        "name": "",
        "name_en": "",
        "plant_source": "solar",
        "plant_output": "yes",
        "plant_method": "photovoltaic",
        "operator": ""
      }
    },
    {
      "type": "Feature",
      "geometry": {
        "type": "Point",
        "coordinates": [
          127.1932563,
          37.578272
        ]
      },
      "properties": {
        "osm_type": "node",
        "osm_id": 11707686375,
        "sido": "경기도",
        "power_type": "generator",
        "name": "",
        "name_en": "",
        "plant_source": "solar",
        "plant_output": "yes",
        "plant_method": "photovoltaic",
        "operator": ""
      }
    },
    {
      "type": "Feature",
      "geometry": {
        "type": "Point",
        "coordinates": [
          127.1932832,
          37.5782509
        ]
      },
      "properties": {
        "osm_type": "node",
        "osm_id": 11707686376,
        "sido": "경기도",
        "power_type": "generator",
        "name": "",
        "name_en": "",
        "plant_source": "solar",
        "plant_output": "yes",
        "plant_method": "photovoltaic",
        "operator": ""
      }
    },
    {
      "type": "Feature",
      "geometry": {
        "type": "Point",
        "coordinates": [
          127.2792178,
          37.5264855
        ]
      },
      "properties": {
        "osm_type": "way",
        "osm_id": 200227270,
        "sido": "경기도",
        "power_type": "plant",
        "name": "팔당댐",
        "name_en": "Paldang Dam",
        "plant_source": "hydro",
        "plant_output": "120 MW",
        "plant_method": "water-storage",
        "operator": "한국수력원자력"
      }
    },
    {
      "type": "Feature",
      "geometry": {
        "type": "Point",
        "coordinates": [
          126.9978966,
          38.1500853
        ]
      },
      "properties": {
        "osm_type": "way",
        "osm_id": 243674205,
        "sido": "경기도",
        "power_type": "plant",
        "name": "",
        "name_en": "",
        "plant_source": "solar",
        "plant_output": "yes",
        "plant_method": "photovoltaic",
        "operator": ""
      }
    },
    {
      "type": "Feature",
      "geometry": {
        "type": "Point",
        "coordinates": [
          127.1462733,
          37.365875
        ]
      },
      "properties": {
        "osm_type": "way",
        "osm_id": 308365218,
        "sido": "경기도",
        "power_type": "plant",
        "name": "분당복합화력발전소",
        "name_en": "Bundang Power Plant",
        "plant_source": "gas",
        "plant_output": "922 MW",
        "plant_method": "combustion",
        "operator": "한국남동발전"
      }
    },
    {
      "type": "Feature",
      "geometry": {
        "type": "Point",
        "coordinates": [
          127.487589,
          37.7425157
        ]
      },
      "properties": {
        "osm_type": "way",
        "osm_id": 312392025,
        "sido": "경기도",
        "power_type": "plant",
        "name": "청평양수발전소",
        "name_en": "Cheongpyeong pumped-storage power plant",
        "plant_source": "hydro",
        "plant_output": "400 MW",
        "plant_method": "water-pumped-storage",
        "operator": "한국수력원자력"
      }
    },
    {
      "type": "Feature",
      "geometry": {
        "type": "Point",
        "coordinates": [
          127.0018937,
          37.0252336
        ]
      },
      "properties": {
        "osm_type": "way",
        "osm_id": 313247875,
        "sido": "경기도",
        "power_type": "plant",
        "name": "오성복합화력발전소",
        "name_en": "Oseong Pyeongtaek Energy Service",
        "plant_source": "gas",
        "plant_output": "770 MW",
        "plant_method": "combustion",
        "operator": "평택에너지서비스"
      }
    },
    {
      "type": "Feature",
      "geometry": {
        "type": "Point",
        "coordinates": [
          126.612608,
          37.3135432
        ]
      },
      "properties": {
        "osm_type": "way",
        "osm_id": 409163571,
        "sido": "경기도",
        "power_type": "plant",
        "name": "시화호조력발전소",
        "name_en": "Sihwa Lake Tidal Power Station",
        "plant_source": "tidal",
        "plant_output": "254 MW",
        "plant_method": "barrage",
        "operator": "한국수자원공사"
      }
    },
    {
      "type": "Feature",
      "geometry": {
        "type": "Point",
        "coordinates": [
          126.7978927,
          37.6462991
        ]
      },
      "properties": {
        "osm_type": "way",
        "osm_id": 470139943,
        "sido": "경기도",
        "power_type": "plant",
        "name": "일산열병합발전소",
        "name_en": "Ilsan Combined Heat & Power Plant",
        "plant_source": "gas",
        "plant_output": "900 MW",
        "plant_method": "combustion",
        "operator": "한국동서발전"
      }
    },
    {
      "type": "Feature",
      "geometry": {
        "type": "Point",
        "coordinates": [
          126.764327,
          37.5221008
        ]
      },
      "properties": {
        "osm_type": "way",
        "osm_id": 472047334,
        "sido": "경기도",
        "power_type": "plant",
        "name": "부천열병합발전소",
        "name_en": "Bucheon Power Plant",
        "plant_source": "gas",
        "plant_output": "450 MW",
        "plant_method": "combustion",
        "operator": "GS파워"
      }
    },
    {
      "type": "Feature",
      "geometry": {
        "type": "Point",
        "coordinates": [
          126.7995236,
          37.2980132
        ]
      },
      "properties": {
        "osm_type": "way",
        "osm_id": 474206558,
        "sido": "경기도",
        "power_type": "plant",
        "name": "GS이앤알 반월열병합발전소",
        "name_en": "GS E&R Banwol CHPP",
        "plant_source": "coal",
        "plant_output": "yes",
        "plant_method": "combustion",
        "operator": ""
      }
    },
    {
      "type": "Feature",
      "geometry": {
        "type": "Point",
        "coordinates": [
          127.0817387,
          37.2190247
        ]
      },
      "properties": {
        "osm_type": "way",
        "osm_id": 479889849,
        "sido": "경기도",
        "power_type": "plant",
        "name": "지역난방공사 화성지사",
        "name_en": "Korea District Heating Corp. Hwaseong Power Plant",
        "plant_source": "gas",
        "plant_output": "512 MW",
        "plant_method": "combustion",
        "operator": "한국지역난방공사"
      }
    },
    {
      "type": "Feature",
      "geometry": {
        "type": "Point",
        "coordinates": [
          126.9054857,
          37.6479985
        ]
      },
      "properties": {
        "osm_type": "way",
        "osm_id": 545834122,
        "sido": "경기도",
        "power_type": "plant",
        "name": "삼송열병합발전소",
        "name_en": "",
        "plant_source": "gas",
        "plant_output": "99 MW",
        "plant_method": "combustion",
        "operator": "한국지역난방공사"
      }
    },
    {
      "type": "Feature",
      "geometry": {
        "type": "Point",
        "coordinates": [
          126.9741459,
          37.2954062
        ]
      },
      "properties": {
        "osm_type": "way",
        "osm_id": 547627837,
        "sido": "경기도",
        "power_type": "generator",
        "name": "Emergency Power Supply System",
        "name_en": "",
        "plant_source": "",
        "plant_output": "",
        "plant_method": "",
        "operator": ""
      }
    },
    {
      "type": "Feature",
      "geometry": {
        "type": "Point",
        "coordinates": [
          127.1478313,
          37.6301049
        ]
      },
      "properties": {
        "osm_type": "way",
        "osm_id": 574651839,
        "sido": "경기도",
        "power_type": "generator",
        "name": "",
        "name_en": "",
        "plant_source": "",
        "plant_output": "",
        "plant_method": "",
        "operator": ""
      }
    },
    {
      "type": "Feature",
      "geometry": {
        "type": "Point",
        "coordinates": [
          127.5403488,
          37.4046408
        ]
      },
      "properties": {
        "osm_type": "way",
        "osm_id": 581573938,
        "sido": "경기도",
        "power_type": "plant",
        "name": "Ipo",
        "name_en": "Ipo bo",
        "plant_source": "hydro",
        "plant_output": "",
        "plant_method": "",
        "operator": ""
      }
    },
    {
      "type": "Feature",
      "geometry": {
        "type": "Point",
        "coordinates": [
          127.1134906,
          37.6722711
        ]
      },
      "properties": {
        "osm_type": "way",
        "osm_id": 581730229,
        "sido": "경기도",
        "power_type": "plant",
        "name": "별내열병합발전소",
        "name_en": "Byeolnae Energy Power Plant",
        "plant_source": "gas",
        "plant_output": "yes",
        "plant_method": "combustion",
        "operator": "별내에너지"
      }
    },
    {
      "type": "Feature",
      "geometry": {
        "type": "Point",
        "coordinates": [
          127.683906,
          37.2775483
        ]
      },
      "properties": {
        "osm_type": "way",
        "osm_id": 583844907,
        "sido": "경기도",
        "power_type": "plant",
        "name": "강천보",
        "name_en": "Gangcheon",
        "plant_source": "hydro",
        "plant_output": "",
        "plant_method": "",
        "operator": ""
      }
    },
    {
      "type": "Feature",
      "geometry": {
        "type": "Point",
        "coordinates": [
          127.6080459,
          37.3281302
        ]
      },
      "properties": {
        "osm_type": "way",
        "osm_id": 584190367,
        "sido": "경기도",
        "power_type": "plant",
        "name": "여주보",
        "name_en": "Yeoju",
        "plant_source": "hydro",
        "plant_output": "",
        "plant_method": "",
        "operator": ""
      }
    },
    {
      "type": "Feature",
      "geometry": {
        "type": "Point",
        "coordinates": [
          127.4206896,
          37.7252116
        ]
      },
      "properties": {
        "osm_type": "way",
        "osm_id": 584671759,
        "sido": "경기도",
        "power_type": "plant",
        "name": "청평댐",
        "name_en": "",
        "plant_source": "hydro",
        "plant_output": "139.6 MW",
        "plant_method": "",
        "operator": "한국수력원자력"
      }
    },
    {
      "type": "Feature",
      "geometry": {
        "type": "Point",
        "coordinates": [
          127.1000261,
          37.8348307
        ]
      },
      "properties": {
        "osm_type": "way",
        "osm_id": 607830746,
        "sido": "경기도",
        "power_type": "plant",
        "name": "양주열병합대륜발전소",
        "name_en": "Daeryun Power Yangju CHP Power Plant",
        "plant_source": "gas",
        "plant_output": "524.3 MW",
        "plant_method": "combustion",
        "operator": "대륜발전"
      }
    },
    {
      "type": "Feature",
      "geometry": {
        "type": "Point",
        "coordinates": [
          127.1883137,
          37.5980268
        ]
      },
      "properties": {
        "osm_type": "way",
        "osm_id": 608963034,
        "sido": "경기도",
        "power_type": "generator",
        "name": "",
        "name_en": "",
        "plant_source": "solar",
        "plant_output": "yes",
        "plant_method": "photovoltaic",
        "operator": "강북아리수정수센터"
      }
    },
    {
      "type": "Feature",
      "geometry": {
        "type": "Point",
        "coordinates": [
          127.1882263,
          37.5953562
        ]
      },
      "properties": {
        "osm_type": "way",
        "osm_id": 608963035,
        "sido": "경기도",
        "power_type": "generator",
        "name": "",
        "name_en": "",
        "plant_source": "solar",
        "plant_output": "yes",
        "plant_method": "photovoltaic",
        "operator": "강북아리수정수센터"
      }
    },
    {
      "type": "Feature",
      "geometry": {
        "type": "Point",
        "coordinates": [
          127.1892151,
          37.5975894
        ]
      },
      "properties": {
        "osm_type": "way",
        "osm_id": 608963036,
        "sido": "경기도",
        "power_type": "generator",
        "name": "",
        "name_en": "",
        "plant_source": "solar",
        "plant_output": "yes",
        "plant_method": "photovoltaic",
        "operator": "강북아리수정수센터"
      }
    },
    {
      "type": "Feature",
      "geometry": {
        "type": "Point",
        "coordinates": [
          127.1891615,
          37.5957097
        ]
      },
      "properties": {
        "osm_type": "way",
        "osm_id": 608963037,
        "sido": "경기도",
        "power_type": "generator",
        "name": "",
        "name_en": "",
        "plant_source": "solar",
        "plant_output": "yes",
        "plant_method": "photovoltaic",
        "operator": "강북아리수정수센터"
      }
    },
    {
      "type": "Feature",
      "geometry": {
        "type": "Point",
        "coordinates": [
          127.1902882,
          37.5981454
        ]
      },
      "properties": {
        "osm_type": "way",
        "osm_id": 608963058,
        "sido": "경기도",
        "power_type": "generator",
        "name": "",
        "name_en": "",
        "plant_source": "solar",
        "plant_output": "yes",
        "plant_method": "photovoltaic",
        "operator": "강북아리수정수센터"
      }
    },
    {
      "type": "Feature",
      "geometry": {
        "type": "Point",
        "coordinates": [
          127.1902604,
          37.5969884
        ]
      },
      "properties": {
        "osm_type": "way",
        "osm_id": 608963083,
        "sido": "경기도",
        "power_type": "generator",
        "name": "",
        "name_en": "",
        "plant_source": "solar",
        "plant_output": "yes",
        "plant_method": "photovoltaic",
        "operator": "강북아리수정수센터"
      }
    },
    {
      "type": "Feature",
      "geometry": {
        "type": "Point",
        "coordinates": [
          127.1902051,
          37.5951094
        ]
      },
      "properties": {
        "osm_type": "way",
        "osm_id": 608963087,
        "sido": "경기도",
        "power_type": "generator",
        "name": "",
        "name_en": "",
        "plant_source": "solar",
        "plant_output": "yes",
        "plant_method": "photovoltaic",
        "operator": "강북아리수정수센터"
      }
    },
    {
      "type": "Feature",
      "geometry": {
        "type": "Point",
        "coordinates": [
          127.1902329,
          37.5962663
        ]
      },
      "properties": {
        "osm_type": "way",
        "osm_id": 608963121,
        "sido": "경기도",
        "power_type": "generator",
        "name": "",
        "name_en": "",
        "plant_source": "solar",
        "plant_output": "yes",
        "plant_method": "photovoltaic",
        "operator": "강북아리수정수센터"
      }
    },
    {
      "type": "Feature",
      "geometry": {
        "type": "Point",
        "coordinates": [
          126.7861257,
          37.8295909
        ]
      },
      "properties": {
        "osm_type": "way",
        "osm_id": 610824420,
        "sido": "경기도",
        "power_type": "plant",
        "name": "파주천연가스발전소",
        "name_en": "Paju Energy Power Plant",
        "plant_source": "gas",
        "plant_output": "1800 MW",
        "plant_method": "combustion",
        "operator": "파주에너지서비스"
      }
    },
    {
      "type": "Feature",
      "geometry": {
        "type": "Point",
        "coordinates": [
          126.796006,
          37.0051879
        ]
      },
      "properties": {
        "osm_type": "way",
        "osm_id": 642987971,
        "sido": "경기도",
        "power_type": "plant",
        "name": "평택화력발전소",
        "name_en": "Pyeongtaek Power Plant",
        "plant_source": "gas;oil",
        "plant_output": "2268.5 MW",
        "plant_method": "combustion",
        "operator": "한국서부발전"
      }
    },
    {
      "type": "Feature",
      "geometry": {
        "type": "Point",
        "coordinates": [
          127.0583056,
          37.2997051
        ]
      },
      "properties": {
        "osm_type": "way",
        "osm_id": 666680217,
        "sido": "경기도",
        "power_type": "plant",
        "name": "한국지역난방공사 광교지사",
        "name_en": "",
        "plant_source": "",
        "plant_output": "yes",
        "plant_method": "combustion",
        "operator": "한국지역난방공사"
      }
    },
    {
      "type": "Feature",
      "geometry": {
        "type": "Point",
        "coordinates": [
          127.0929564,
          37.175727
        ]
      },
      "properties": {
        "osm_type": "way",
        "osm_id": 681593452,
        "sido": "경기도",
        "power_type": "plant",
        "name": "동탄열병합발전소",
        "name_en": "Dongtan 2 CHP Power Plant",
        "plant_source": "gas",
        "plant_output": "800 MW",
        "plant_method": "combustion",
        "operator": ""
      }
    },
    {
      "type": "Feature",
      "geometry": {
        "type": "Point",
        "coordinates": [
          126.9670575,
          37.3937336
        ]
      },
      "properties": {
        "osm_type": "way",
        "osm_id": 682208740,
        "sido": "경기도",
        "power_type": "plant",
        "name": "안양열병합발전소",
        "name_en": "Anyang Power plant",
        "plant_source": "gas",
        "plant_output": "930 MW",
        "plant_method": "combustion",
        "operator": "GS파워"
      }
    },
    {
      "type": "Feature",
      "geometry": {
        "type": "Point",
        "coordinates": [
          126.9765283,
          37.7093683
        ]
      },
      "properties": {
        "osm_type": "way",
        "osm_id": 690701174,
        "sido": "경기도",
        "power_type": "generator",
        "name": "",
        "name_en": "",
        "plant_source": "solar",
        "plant_output": "yes",
        "plant_method": "photovoltaic",
        "operator": ""
      }
    },
    {
      "type": "Feature",
      "geometry": {
        "type": "Point",
        "coordinates": [
          127.1529188,
          37.481287
        ]
      },
      "properties": {
        "osm_type": "way",
        "osm_id": 704248041,
        "sido": "경기도",
        "power_type": "plant",
        "name": "위례에너지서비스",
        "name_en": "Wirye CHP Plant",
        "plant_source": "gas",
        "plant_output": "450.4MW + 232.5Gcal/h",
        "plant_method": "combustion",
        "operator": "나래에너지서비스 (SK E&S 자회사)"
      }
    },
    {
      "type": "Feature",
      "geometry": {
        "type": "Point",
        "coordinates": [
          127.0523232,
          37.7512825
        ]
      },
      "properties": {
        "osm_type": "way",
        "osm_id": 707142428,
        "sido": "경기도",
        "power_type": "generator",
        "name": "",
        "name_en": "",
        "plant_source": "solar",
        "plant_output": "yes",
        "plant_method": "photovoltaic",
        "operator": ""
      }
    },
    {
      "type": "Feature",
      "geometry": {
        "type": "Point",
        "coordinates": [
          127.0524056,
          37.7513723
        ]
      },
      "properties": {
        "osm_type": "way",
        "osm_id": 707142429,
        "sido": "경기도",
        "power_type": "generator",
        "name": "",
        "name_en": "",
        "plant_source": "solar",
        "plant_output": "yes",
        "plant_method": "photovoltaic",
        "operator": ""
      }
    },
    {
      "type": "Feature",
      "geometry": {
        "type": "Point",
        "coordinates": [
          127.0524979,
          37.7514617
        ]
      },
      "properties": {
        "osm_type": "way",
        "osm_id": 707142430,
        "sido": "경기도",
        "power_type": "generator",
        "name": "",
        "name_en": "",
        "plant_source": "solar",
        "plant_output": "yes",
        "plant_method": "photovoltaic",
        "operator": ""
      }
    },
    {
      "type": "Feature",
      "geometry": {
        "type": "Point",
        "coordinates": [
          127.0805794,
          36.9463827
        ]
      },
      "properties": {
        "osm_type": "way",
        "osm_id": 710561952,
        "sido": "경기도",
        "power_type": "plant",
        "name": "",
        "name_en": "",
        "plant_source": "solar",
        "plant_output": "yes",
        "plant_method": "photovoltaic",
        "operator": ""
      }
    },
    {
      "type": "Feature",
      "geometry": {
        "type": "Point",
        "coordinates": [
          127.0774734,
          37.2952897
        ]
      },
      "properties": {
        "osm_type": "way",
        "osm_id": 727732873,
        "sido": "경기도",
        "power_type": "generator",
        "name": "",
        "name_en": "",
        "plant_source": "solar",
        "plant_output": "yes",
        "plant_method": "photovoltaic",
        "operator": ""
      }
    },
    {
      "type": "Feature",
      "geometry": {
        "type": "Point",
        "coordinates": [
          127.0776144,
          37.295283
        ]
      },
      "properties": {
        "osm_type": "way",
        "osm_id": 727732874,
        "sido": "경기도",
        "power_type": "generator",
        "name": "",
        "name_en": "",
        "plant_source": "solar",
        "plant_output": "yes",
        "plant_method": "photovoltaic",
        "operator": ""
      }
    },
    {
      "type": "Feature",
      "geometry": {
        "type": "Point",
        "coordinates": [
          127.0777545,
          37.2953253
        ]
      },
      "properties": {
        "osm_type": "way",
        "osm_id": 727732875,
        "sido": "경기도",
        "power_type": "generator",
        "name": "",
        "name_en": "",
        "plant_source": "solar",
        "plant_output": "yes",
        "plant_method": "photovoltaic",
        "operator": ""
      }
    },
    {
      "type": "Feature",
      "geometry": {
        "type": "Point",
        "coordinates": [
          127.4174275,
          37.7226082
        ]
      },
      "properties": {
        "osm_type": "way",
        "osm_id": 759760095,
        "sido": "경기도",
        "power_type": "generator",
        "name": "",
        "name_en": "",
        "plant_source": "",
        "plant_output": "",
        "plant_method": "",
        "operator": ""
      }
    },
    {
      "type": "Feature",
      "geometry": {
        "type": "Point",
        "coordinates": [
          127.4174376,
          37.7222326
        ]
      },
      "properties": {
        "osm_type": "way",
        "osm_id": 759760096,
        "sido": "경기도",
        "power_type": "generator",
        "name": "",
        "name_en": "",
        "plant_source": "",
        "plant_output": "",
        "plant_method": "",
        "operator": ""
      }
    },
    {
      "type": "Feature",
      "geometry": {
        "type": "Point",
        "coordinates": [
          127.6211871,
          37.1389558
        ]
      },
      "properties": {
        "osm_type": "way",
        "osm_id": 782971151,
        "sido": "경기도",
        "power_type": "plant",
        "name": "",
        "name_en": "",
        "plant_source": "solar",
        "plant_output": "yes",
        "plant_method": "photovoltaic",
        "operator": ""
      }
    },
    {
      "type": "Feature",
      "geometry": {
        "type": "Point",
        "coordinates": [
          127.0558816,
          37.1403489
        ]
      },
      "properties": {
        "osm_type": "way",
        "osm_id": 814808444,
        "sido": "경기도",
        "power_type": "plant",
        "name": "오산열병합발전소",
        "name_en": "Osan Power Plant",
        "plant_source": "gas",
        "plant_output": "460.1 MW",
        "plant_method": "combustion",
        "operator": "DS파워"
      }
    },
    {
      "type": "Feature",
      "geometry": {
        "type": "Point",
        "coordinates": [
          127.1719248,
          37.9462408
        ]
      },
      "properties": {
        "osm_type": "way",
        "osm_id": 814808446,
        "sido": "경기도",
        "power_type": "plant",
        "name": "포천천연가스발전소",
        "name_en": "Pocheon IPP Power Plant",
        "plant_source": "gas",
        "plant_output": "900 MW",
        "plant_method": "combustion",
        "operator": "포천민자발전"
      }
    },
    {
      "type": "Feature",
      "geometry": {
        "type": "Point",
        "coordinates": [
          126.7784281,
          37.2949498
        ]
      },
      "properties": {
        "osm_type": "way",
        "osm_id": 814808448,
        "sido": "경기도",
        "power_type": "plant",
        "name": "안산복합화력발전소",
        "name_en": "Ansan LNG Combined Cycle Power Plant",
        "plant_source": "gas",
        "plant_output": "751.2 MW",
        "plant_method": "combustion",
        "operator": "S-Power"
      }
    },
    {
      "type": "Feature",
      "geometry": {
        "type": "Point",
        "coordinates": [
          127.167027,
          37.9898127
        ]
      },
      "properties": {
        "osm_type": "way",
        "osm_id": 814808449,
        "sido": "경기도",
        "power_type": "plant",
        "name": "포천복합화력발전소",
        "name_en": "Pocheon CCPP Power Plant",
        "plant_source": "gas",
        "plant_output": "1560 MW",
        "plant_method": "combustion",
        "operator": "포천파워"
      }
    },
    {
      "type": "Feature",
      "geometry": {
        "type": "Point",
        "coordinates": [
          127.0907155,
          37.9008185
        ]
      },
      "properties": {
        "osm_type": "way",
        "osm_id": 814808453,
        "sido": "경기도",
        "power_type": "plant",
        "name": "동두천복합화력발전소",
        "name_en": "Dongducheon Power Plant",
        "plant_source": "gas",
        "plant_output": "1716.8 MW",
        "plant_method": "combustion",
        "operator": "동두천드림파워"
      }
    },
    {
      "type": "Feature",
      "geometry": {
        "type": "Point",
        "coordinates": [
          127.1870345,
          37.5521959
        ]
      },
      "properties": {
        "osm_type": "way",
        "osm_id": 814808454,
        "sido": "경기도",
        "power_type": "plant",
        "name": "하남열병합발전소",
        "name_en": "Hanam Narae CHP Power Plant",
        "plant_source": "gas",
        "plant_output": "399MW + 263Gcal/h",
        "plant_method": "combustion",
        "operator": "나래에너지서비스 (SK E&S 자회사)"
      }
    },
    {
      "type": "Feature",
      "geometry": {
        "type": "Point",
        "coordinates": [
          127.2854489,
          37.0274729
        ]
      },
      "properties": {
        "osm_type": "way",
        "osm_id": 864071326,
        "sido": "경기도",
        "power_type": "plant",
        "name": "",
        "name_en": "",
        "plant_source": "solar",
        "plant_output": "yes",
        "plant_method": "photovoltaic",
        "operator": ""
      }
    },
    {
      "type": "Feature",
      "geometry": {
        "type": "Point",
        "coordinates": [
          127.6591574,
          37.3616546
        ]
      },
      "properties": {
        "osm_type": "way",
        "osm_id": 889154609,
        "sido": "경기도",
        "power_type": "plant",
        "name": "여주천연가스발전소",
        "name_en": "Yeoju Power Plant",
        "plant_source": "gas",
        "plant_output": "996 MW",
        "plant_method": "combustion",
        "operator": ""
      }
    },
    {
      "type": "Feature",
      "geometry": {
        "type": "Point",
        "coordinates": [
          127.1513446,
          37.633043
        ]
      },
      "properties": {
        "osm_type": "way",
        "osm_id": 917252545,
        "sido": "경기도",
        "power_type": "generator",
        "name": "",
        "name_en": "",
        "plant_source": "solar",
        "plant_output": "",
        "plant_method": "solar",
        "operator": ""
      }
    },
    {
      "type": "Feature",
      "geometry": {
        "type": "Point",
        "coordinates": [
          127.2323043,
          37.9584576
        ]
      },
      "properties": {
        "osm_type": "way",
        "osm_id": 919268952,
        "sido": "경기도",
        "power_type": "plant",
        "name": "GS Pocheon Power Plant",
        "name_en": "",
        "plant_source": "coal",
        "plant_output": "yes",
        "plant_method": "combustion",
        "operator": ""
      }
    },
    {
      "type": "Feature",
      "geometry": {
        "type": "Point",
        "coordinates": [
          127.0514566,
          37.7169838
        ]
      },
      "properties": {
        "osm_type": "way",
        "osm_id": 922863238,
        "sido": "경기도",
        "power_type": "plant",
        "name": "의정부시 생활폐기물 자원회수시설",
        "name_en": "",
        "plant_source": "waste",
        "plant_output": "yes",
        "plant_method": "combustion",
        "operator": ""
      }
    },
    {
      "type": "Feature",
      "geometry": {
        "type": "Point",
        "coordinates": [
          126.689407,
          37.7613124
        ]
      },
      "properties": {
        "osm_type": "way",
        "osm_id": 952568344,
        "sido": "경기도",
        "power_type": "generator",
        "name": "",
        "name_en": "",
        "plant_source": "solar",
        "plant_output": "yes",
        "plant_method": "photovoltaic",
        "operator": ""
      }
    },
    {
      "type": "Feature",
      "geometry": {
        "type": "Point",
        "coordinates": [
          126.6894079,
          37.7611993
        ]
      },
      "properties": {
        "osm_type": "way",
        "osm_id": 952568345,
        "sido": "경기도",
        "power_type": "generator",
        "name": "",
        "name_en": "",
        "plant_source": "solar",
        "plant_output": "yes",
        "plant_method": "photovoltaic",
        "operator": ""
      }
    },
    {
      "type": "Feature",
      "geometry": {
        "type": "Point",
        "coordinates": [
          126.6894058,
          37.7610828
        ]
      },
      "properties": {
        "osm_type": "way",
        "osm_id": 952568346,
        "sido": "경기도",
        "power_type": "generator",
        "name": "",
        "name_en": "",
        "plant_source": "solar",
        "plant_output": "yes",
        "plant_method": "photovoltaic",
        "operator": ""
      }
    },
    {
      "type": "Feature",
      "geometry": {
        "type": "Point",
        "coordinates": [
          126.6894048,
          37.7609719
        ]
      },
      "properties": {
        "osm_type": "way",
        "osm_id": 952568347,
        "sido": "경기도",
        "power_type": "generator",
        "name": "",
        "name_en": "",
        "plant_source": "solar",
        "plant_output": "yes",
        "plant_method": "photovoltaic",
        "operator": ""
      }
    },
    {
      "type": "Feature",
      "geometry": {
        "type": "Point",
        "coordinates": [
          126.719933,
          37.7371509
        ]
      },
      "properties": {
        "osm_type": "way",
        "osm_id": 971805538,
        "sido": "경기도",
        "power_type": "plant",
        "name": "파주열병합발전소",
        "name_en": "Paju Cogeneration Plant",
        "plant_source": "gas",
        "plant_output": "515 MW",
        "plant_method": "combustion",
        "operator": "한국지역난방공사"
      }
    },
    {
      "type": "Feature",
      "geometry": {
        "type": "Point",
        "coordinates": [
          127.4970504,
          37.8033871
        ]
      },
      "properties": {
        "osm_type": "way",
        "osm_id": 981061337,
        "sido": "경기도",
        "power_type": "plant",
        "name": "최우진태양광발전소",
        "name_en": "",
        "plant_source": "solar",
        "plant_output": "yes",
        "plant_method": "photovoltaic",
        "operator": ""
      }
    },
    {
      "type": "Feature",
      "geometry": {
        "type": "Point",
        "coordinates": [
          127.0130624,
          37.0272604
        ]
      },
      "properties": {
        "osm_type": "way",
        "osm_id": 987102772,
        "sido": "경기도",
        "power_type": "plant",
        "name": "",
        "name_en": "",
        "plant_source": "",
        "plant_output": "",
        "plant_method": "",
        "operator": ""
      }
    },
    {
      "type": "Feature",
      "geometry": {
        "type": "Point",
        "coordinates": [
          127.0131142,
          37.0284456
        ]
      },
      "properties": {
        "osm_type": "way",
        "osm_id": 987102773,
        "sido": "경기도",
        "power_type": "plant",
        "name": "",
        "name_en": "",
        "plant_source": "",
        "plant_output": "",
        "plant_method": "",
        "operator": ""
      }
    },
    {
      "type": "Feature",
      "geometry": {
        "type": "Point",
        "coordinates": [
          127.3712076,
          37.0169693
        ]
      },
      "properties": {
        "osm_type": "way",
        "osm_id": 995754341,
        "sido": "경기도",
        "power_type": "plant",
        "name": "",
        "name_en": "",
        "plant_source": "solar",
        "plant_output": "yes",
        "plant_method": "photovoltaic",
        "operator": ""
      }
    },
    {
      "type": "Feature",
      "geometry": {
        "type": "Point",
        "coordinates": [
          126.5805888,
          37.2913343
        ]
      },
      "properties": {
        "osm_type": "way",
        "osm_id": 1018649410,
        "sido": "경기도",
        "power_type": "plant",
        "name": "태양광발전",
        "name_en": "",
        "plant_source": "solar",
        "plant_output": "yes",
        "plant_method": "photovoltaic",
        "operator": ""
      }
    },
    {
      "type": "Feature",
      "geometry": {
        "type": "Point",
        "coordinates": [
          126.7269568,
          37.7060404
        ]
      },
      "properties": {
        "osm_type": "way",
        "osm_id": 1047007838,
        "sido": "경기도",
        "power_type": "plant",
        "name": "",
        "name_en": "",
        "plant_source": "solar",
        "plant_output": "yes",
        "plant_method": "photovoltaic",
        "operator": ""
      }
    },
    {
      "type": "Feature",
      "geometry": {
        "type": "Point",
        "coordinates": [
          127.1608808,
          37.5887273
        ]
      },
      "properties": {
        "osm_type": "way",
        "osm_id": 1061065502,
        "sido": "경기도",
        "power_type": "plant",
        "name": "구리시 자원회수시설",
        "name_en": "Guri-si Resource Recovery Facility",
        "plant_source": "waste",
        "plant_output": "yes",
        "plant_method": "combustion",
        "operator": ""
      }
    },
    {
      "type": "Feature",
      "geometry": {
        "type": "Point",
        "coordinates": [
          127.135554,
          37.5964118
        ]
      },
      "properties": {
        "osm_type": "way",
        "osm_id": 1074979532,
        "sido": "경기도",
        "power_type": "generator",
        "name": "",
        "name_en": "",
        "plant_source": "solar",
        "plant_output": "yes",
        "plant_method": "photovoltaic",
        "operator": ""
      }
    },
    {
      "type": "Feature",
      "geometry": {
        "type": "Point",
        "coordinates": [
          127.2171298,
          37.7367127
        ]
      },
      "properties": {
        "osm_type": "way",
        "osm_id": 1081705239,
        "sido": "경기도",
        "power_type": "generator",
        "name": "",
        "name_en": "",
        "plant_source": "solar",
        "plant_output": "yes",
        "plant_method": "photovoltaic",
        "operator": ""
      }
    },
    {
      "type": "Feature",
      "geometry": {
        "type": "Point",
        "coordinates": [
          127.2171295,
          37.7363423
        ]
      },
      "properties": {
        "osm_type": "way",
        "osm_id": 1081705240,
        "sido": "경기도",
        "power_type": "generator",
        "name": "",
        "name_en": "",
        "plant_source": "solar",
        "plant_output": "yes",
        "plant_method": "photovoltaic",
        "operator": ""
      }
    },
    {
      "type": "Feature",
      "geometry": {
        "type": "Point",
        "coordinates": [
          127.2170227,
          37.7363547
        ]
      },
      "properties": {
        "osm_type": "way",
        "osm_id": 1081705241,
        "sido": "경기도",
        "power_type": "generator",
        "name": "",
        "name_en": "",
        "plant_source": "solar",
        "plant_output": "yes",
        "plant_method": "photovoltaic",
        "operator": ""
      }
    },
    {
      "type": "Feature",
      "geometry": {
        "type": "Point",
        "coordinates": [
          127.2171553,
          37.7364642
        ]
      },
      "properties": {
        "osm_type": "way",
        "osm_id": 1081705242,
        "sido": "경기도",
        "power_type": "generator",
        "name": "",
        "name_en": "",
        "plant_source": "solar",
        "plant_output": "yes",
        "plant_method": "photovoltaic",
        "operator": ""
      }
    },
    {
      "type": "Feature",
      "geometry": {
        "type": "Point",
        "coordinates": [
          127.2170483,
          37.7364766
        ]
      },
      "properties": {
        "osm_type": "way",
        "osm_id": 1081705243,
        "sido": "경기도",
        "power_type": "generator",
        "name": "",
        "name_en": "",
        "plant_source": "solar",
        "plant_output": "yes",
        "plant_method": "photovoltaic",
        "operator": ""
      }
    },
    {
      "type": "Feature",
      "geometry": {
        "type": "Point",
        "coordinates": [
          127.2171786,
          37.736574
        ]
      },
      "properties": {
        "osm_type": "way",
        "osm_id": 1081705244,
        "sido": "경기도",
        "power_type": "generator",
        "name": "",
        "name_en": "",
        "plant_source": "solar",
        "plant_output": "yes",
        "plant_method": "photovoltaic",
        "operator": ""
      }
    },
    {
      "type": "Feature",
      "geometry": {
        "type": "Point",
        "coordinates": [
          127.2170718,
          37.7365865
        ]
      },
      "properties": {
        "osm_type": "way",
        "osm_id": 1081705245,
        "sido": "경기도",
        "power_type": "generator",
        "name": "",
        "name_en": "",
        "plant_source": "solar",
        "plant_output": "yes",
        "plant_method": "photovoltaic",
        "operator": ""
      }
    },
    {
      "type": "Feature",
      "geometry": {
        "type": "Point",
        "coordinates": [
          127.2144264,
          37.7425425
        ]
      },
      "properties": {
        "osm_type": "way",
        "osm_id": 1081705872,
        "sido": "경기도",
        "power_type": "generator",
        "name": "",
        "name_en": "",
        "plant_source": "solar",
        "plant_output": "yes",
        "plant_method": "photovoltaic",
        "operator": ""
      }
    },
    {
      "type": "Feature",
      "geometry": {
        "type": "Point",
        "coordinates": [
          126.5773732,
          37.2916175
        ]
      },
      "properties": {
        "osm_type": "way",
        "osm_id": 1081932233,
        "sido": "경기도",
        "power_type": "plant",
        "name": "태양광발전",
        "name_en": "",
        "plant_source": "solar",
        "plant_output": "yes",
        "plant_method": "photovoltaic",
        "operator": ""
      }
    },
    {
      "type": "Feature",
      "geometry": {
        "type": "Point",
        "coordinates": [
          126.5771913,
          37.2918941
        ]
      },
      "properties": {
        "osm_type": "way",
        "osm_id": 1081932234,
        "sido": "경기도",
        "power_type": "generator",
        "name": "",
        "name_en": "",
        "plant_source": "solar",
        "plant_output": "yes",
        "plant_method": "photovoltaic",
        "operator": ""
      }
    },
    {
      "type": "Feature",
      "geometry": {
        "type": "Point",
        "coordinates": [
          126.5771844,
          37.2918181
        ]
      },
      "properties": {
        "osm_type": "way",
        "osm_id": 1081932235,
        "sido": "경기도",
        "power_type": "generator",
        "name": "",
        "name_en": "",
        "plant_source": "solar",
        "plant_output": "yes",
        "plant_method": "photovoltaic",
        "operator": ""
      }
    },
    {
      "type": "Feature",
      "geometry": {
        "type": "Point",
        "coordinates": [
          126.5771934,
          37.2917385
        ]
      },
      "properties": {
        "osm_type": "way",
        "osm_id": 1081932236,
        "sido": "경기도",
        "power_type": "generator",
        "name": "",
        "name_en": "",
        "plant_source": "solar",
        "plant_output": "yes",
        "plant_method": "photovoltaic",
        "operator": ""
      }
    },
    {
      "type": "Feature",
      "geometry": {
        "type": "Point",
        "coordinates": [
          126.5772538,
          37.2915944
        ]
      },
      "properties": {
        "osm_type": "way",
        "osm_id": 1081932237,
        "sido": "경기도",
        "power_type": "generator",
        "name": "",
        "name_en": "",
        "plant_source": "solar",
        "plant_output": "yes",
        "plant_method": "photovoltaic",
        "operator": ""
      }
    },
    {
      "type": "Feature",
      "geometry": {
        "type": "Point",
        "coordinates": [
          126.5772703,
          37.2914249
        ]
      },
      "properties": {
        "osm_type": "way",
        "osm_id": 1081932238,
        "sido": "경기도",
        "power_type": "generator",
        "name": "",
        "name_en": "",
        "plant_source": "solar",
        "plant_output": "yes",
        "plant_method": "photovoltaic",
        "operator": ""
      }
    },
    {
      "type": "Feature",
      "geometry": {
        "type": "Point",
        "coordinates": [
          126.577252,
          37.2912744
        ]
      },
      "properties": {
        "osm_type": "way",
        "osm_id": 1081932239,
        "sido": "경기도",
        "power_type": "generator",
        "name": "",
        "name_en": "",
        "plant_source": "solar",
        "plant_output": "yes",
        "plant_method": "photovoltaic",
        "operator": ""
      }
    },
    {
      "type": "Feature",
      "geometry": {
        "type": "Point",
        "coordinates": [
          126.577621,
          37.2914937
        ]
      },
      "properties": {
        "osm_type": "way",
        "osm_id": 1081932240,
        "sido": "경기도",
        "power_type": "generator",
        "name": "",
        "name_en": "",
        "plant_source": "solar",
        "plant_output": "yes",
        "plant_method": "photovoltaic",
        "operator": ""
      }
    },
    {
      "type": "Feature",
      "geometry": {
        "type": "Point",
        "coordinates": [
          126.5803431,
          37.2915643
        ]
      },
      "properties": {
        "osm_type": "way",
        "osm_id": 1081932241,
        "sido": "경기도",
        "power_type": "generator",
        "name": "",
        "name_en": "",
        "plant_source": "solar",
        "plant_output": "yes",
        "plant_method": "photovoltaic",
        "operator": ""
      }
    },
    {
      "type": "Feature",
      "geometry": {
        "type": "Point",
        "coordinates": [
          126.5803575,
          37.2915003
        ]
      },
      "properties": {
        "osm_type": "way",
        "osm_id": 1081932242,
        "sido": "경기도",
        "power_type": "generator",
        "name": "",
        "name_en": "",
        "plant_source": "solar",
        "plant_output": "yes",
        "plant_method": "photovoltaic",
        "operator": ""
      }
    },
    {
      "type": "Feature",
      "geometry": {
        "type": "Point",
        "coordinates": [
          126.5805311,
          37.2914435
        ]
      },
      "properties": {
        "osm_type": "way",
        "osm_id": 1081932243,
        "sido": "경기도",
        "power_type": "generator",
        "name": "",
        "name_en": "",
        "plant_source": "solar",
        "plant_output": "yes",
        "plant_method": "photovoltaic",
        "operator": ""
      }
    },
    {
      "type": "Feature",
      "geometry": {
        "type": "Point",
        "coordinates": [
          126.5805499,
          37.2913804
        ]
      },
      "properties": {
        "osm_type": "way",
        "osm_id": 1081932244,
        "sido": "경기도",
        "power_type": "generator",
        "name": "",
        "name_en": "",
        "plant_source": "solar",
        "plant_output": "yes",
        "plant_method": "photovoltaic",
        "operator": ""
      }
    },
    {
      "type": "Feature",
      "geometry": {
        "type": "Point",
        "coordinates": [
          126.5803293,
          37.2916215
        ]
      },
      "properties": {
        "osm_type": "way",
        "osm_id": 1081932245,
        "sido": "경기도",
        "power_type": "generator",
        "name": "",
        "name_en": "",
        "plant_source": "solar",
        "plant_output": "yes",
        "plant_method": "photovoltaic",
        "operator": ""
      }
    },
    {
      "type": "Feature",
      "geometry": {
        "type": "Point",
        "coordinates": [
          126.5795809,
          37.2917913
        ]
      },
      "properties": {
        "osm_type": "way",
        "osm_id": 1081932246,
        "sido": "경기도",
        "power_type": "generator",
        "name": "",
        "name_en": "",
        "plant_source": "solar",
        "plant_output": "yes",
        "plant_method": "photovoltaic",
        "operator": ""
      }
    },
    {
      "type": "Feature",
      "geometry": {
        "type": "Point",
        "coordinates": [
          126.5802205,
          37.2917408
        ]
      },
      "properties": {
        "osm_type": "way",
        "osm_id": 1081932247,
        "sido": "경기도",
        "power_type": "generator",
        "name": "",
        "name_en": "",
        "plant_source": "solar",
        "plant_output": "yes",
        "plant_method": "photovoltaic",
        "operator": ""
      }
    },
    {
      "type": "Feature",
      "geometry": {
        "type": "Point",
        "coordinates": [
          126.5807705,
          37.2917966
        ]
      },
      "properties": {
        "osm_type": "way",
        "osm_id": 1081932248,
        "sido": "경기도",
        "power_type": "generator",
        "name": "",
        "name_en": "",
        "plant_source": "solar",
        "plant_output": "yes",
        "plant_method": "photovoltaic",
        "operator": ""
      }
    },
    {
      "type": "Feature",
      "geometry": {
        "type": "Point",
        "coordinates": [
          126.5802841,
          37.2916784
        ]
      },
      "properties": {
        "osm_type": "way",
        "osm_id": 1081932249,
        "sido": "경기도",
        "power_type": "generator",
        "name": "",
        "name_en": "",
        "plant_source": "solar",
        "plant_output": "yes",
        "plant_method": "photovoltaic",
        "operator": ""
      }
    },
    {
      "type": "Feature",
      "geometry": {
        "type": "Point",
        "coordinates": [
          127.1498045,
          37.6166503
        ]
      },
      "properties": {
        "osm_type": "way",
        "osm_id": 1083334364,
        "sido": "경기도",
        "power_type": "generator",
        "name": "",
        "name_en": "",
        "plant_source": "solar",
        "plant_output": "yes",
        "plant_method": "photovoltaic",
        "operator": ""
      }
    },
    {
      "type": "Feature",
      "geometry": {
        "type": "Point",
        "coordinates": [
          127.149794,
          37.6166806
        ]
      },
      "properties": {
        "osm_type": "way",
        "osm_id": 1083334365,
        "sido": "경기도",
        "power_type": "generator",
        "name": "",
        "name_en": "",
        "plant_source": "solar",
        "plant_output": "yes",
        "plant_method": "photovoltaic",
        "operator": ""
      }
    },
    {
      "type": "Feature",
      "geometry": {
        "type": "Point",
        "coordinates": [
          127.1497812,
          37.616713
        ]
      },
      "properties": {
        "osm_type": "way",
        "osm_id": 1083334366,
        "sido": "경기도",
        "power_type": "generator",
        "name": "",
        "name_en": "",
        "plant_source": "solar",
        "plant_output": "yes",
        "plant_method": "photovoltaic",
        "operator": ""
      }
    },
    {
      "type": "Feature",
      "geometry": {
        "type": "Point",
        "coordinates": [
          127.1497705,
          37.6167411
        ]
      },
      "properties": {
        "osm_type": "way",
        "osm_id": 1083334367,
        "sido": "경기도",
        "power_type": "generator",
        "name": "",
        "name_en": "",
        "plant_source": "solar",
        "plant_output": "yes",
        "plant_method": "photovoltaic",
        "operator": ""
      }
    },
    {
      "type": "Feature",
      "geometry": {
        "type": "Point",
        "coordinates": [
          127.149762,
          37.6167735
        ]
      },
      "properties": {
        "osm_type": "way",
        "osm_id": 1083334368,
        "sido": "경기도",
        "power_type": "generator",
        "name": "",
        "name_en": "",
        "plant_source": "solar",
        "plant_output": "yes",
        "plant_method": "photovoltaic",
        "operator": ""
      }
    },
    {
      "type": "Feature",
      "geometry": {
        "type": "Point",
        "coordinates": [
          127.1497493,
          37.6168054
        ]
      },
      "properties": {
        "osm_type": "way",
        "osm_id": 1083334369,
        "sido": "경기도",
        "power_type": "generator",
        "name": "",
        "name_en": "",
        "plant_source": "solar",
        "plant_output": "yes",
        "plant_method": "photovoltaic",
        "operator": ""
      }
    },
    {
      "type": "Feature",
      "geometry": {
        "type": "Point",
        "coordinates": [
          127.1497385,
          37.6168351
        ]
      },
      "properties": {
        "osm_type": "way",
        "osm_id": 1083334370,
        "sido": "경기도",
        "power_type": "generator",
        "name": "",
        "name_en": "",
        "plant_source": "solar",
        "plant_output": "yes",
        "plant_method": "photovoltaic",
        "operator": ""
      }
    },
    {
      "type": "Feature",
      "geometry": {
        "type": "Point",
        "coordinates": [
          127.1497271,
          37.6168665
        ]
      },
      "properties": {
        "osm_type": "way",
        "osm_id": 1083334371,
        "sido": "경기도",
        "power_type": "generator",
        "name": "",
        "name_en": "",
        "plant_source": "solar",
        "plant_output": "yes",
        "plant_method": "photovoltaic",
        "operator": ""
      }
    },
    {
      "type": "Feature",
      "geometry": {
        "type": "Point",
        "coordinates": [
          127.1497164,
          37.6168962
        ]
      },
      "properties": {
        "osm_type": "way",
        "osm_id": 1083334372,
        "sido": "경기도",
        "power_type": "generator",
        "name": "",
        "name_en": "",
        "plant_source": "solar",
        "plant_output": "yes",
        "plant_method": "photovoltaic",
        "operator": ""
      }
    },
    {
      "type": "Feature",
      "geometry": {
        "type": "Point",
        "coordinates": [
          127.149703,
          37.6169281
        ]
      },
      "properties": {
        "osm_type": "way",
        "osm_id": 1083334373,
        "sido": "경기도",
        "power_type": "generator",
        "name": "",
        "name_en": "",
        "plant_source": "solar",
        "plant_output": "yes",
        "plant_method": "photovoltaic",
        "operator": ""
      }
    },
    {
      "type": "Feature",
      "geometry": {
        "type": "Point",
        "coordinates": [
          127.1496949,
          37.6169584
        ]
      },
      "properties": {
        "osm_type": "way",
        "osm_id": 1083334374,
        "sido": "경기도",
        "power_type": "generator",
        "name": "",
        "name_en": "",
        "plant_source": "solar",
        "plant_output": "yes",
        "plant_method": "photovoltaic",
        "operator": ""
      }
    },
    {
      "type": "Feature",
      "geometry": {
        "type": "Point",
        "coordinates": [
          127.1496829,
          37.6169913
        ]
      },
      "properties": {
        "osm_type": "way",
        "osm_id": 1083334375,
        "sido": "경기도",
        "power_type": "generator",
        "name": "",
        "name_en": "",
        "plant_source": "solar",
        "plant_output": "yes",
        "plant_method": "photovoltaic",
        "operator": ""
      }
    },
    {
      "type": "Feature",
      "geometry": {
        "type": "Point",
        "coordinates": [
          127.1496708,
          37.6170211
        ]
      },
      "properties": {
        "osm_type": "way",
        "osm_id": 1083334376,
        "sido": "경기도",
        "power_type": "generator",
        "name": "",
        "name_en": "",
        "plant_source": "solar",
        "plant_output": "yes",
        "plant_method": "photovoltaic",
        "operator": ""
      }
    },
    {
      "type": "Feature",
      "geometry": {
        "type": "Point",
        "coordinates": [
          127.1496614,
          37.6170497
        ]
      },
      "properties": {
        "osm_type": "way",
        "osm_id": 1083334377,
        "sido": "경기도",
        "power_type": "generator",
        "name": "",
        "name_en": "",
        "plant_source": "solar",
        "plant_output": "yes",
        "plant_method": "photovoltaic",
        "operator": ""
      }
    },
    {
      "type": "Feature",
      "geometry": {
        "type": "Point",
        "coordinates": [
          127.149652,
          37.6170843
        ]
      },
      "properties": {
        "osm_type": "way",
        "osm_id": 1083334378,
        "sido": "경기도",
        "power_type": "generator",
        "name": "",
        "name_en": "",
        "plant_source": "solar",
        "plant_output": "yes",
        "plant_method": "photovoltaic",
        "operator": ""
      }
    },
    {
      "type": "Feature",
      "geometry": {
        "type": "Point",
        "coordinates": [
          127.1495315,
          37.6170888
        ]
      },
      "properties": {
        "osm_type": "way",
        "osm_id": 1083334379,
        "sido": "경기도",
        "power_type": "generator",
        "name": "",
        "name_en": "",
        "plant_source": "solar",
        "plant_output": "yes",
        "plant_method": "photovoltaic",
        "operator": ""
      }
    },
    {
      "type": "Feature",
      "geometry": {
        "type": "Point",
        "coordinates": [
          127.1475326,
          37.6169934
        ]
      },
      "properties": {
        "osm_type": "way",
        "osm_id": 1083335501,
        "sido": "경기도",
        "power_type": "generator",
        "name": "",
        "name_en": "",
        "plant_source": "solar",
        "plant_output": "yes",
        "plant_method": "photovoltaic",
        "operator": ""
      }
    },
    {
      "type": "Feature",
      "geometry": {
        "type": "Point",
        "coordinates": [
          126.5793758,
          37.2913239
        ]
      },
      "properties": {
        "osm_type": "way",
        "osm_id": 1084316998,
        "sido": "경기도",
        "power_type": "generator",
        "name": "",
        "name_en": "",
        "plant_source": "solar",
        "plant_output": "yes",
        "plant_method": "photovoltaic",
        "operator": ""
      }
    },
    {
      "type": "Feature",
      "geometry": {
        "type": "Point",
        "coordinates": [
          126.5796143,
          37.2912673
        ]
      },
      "properties": {
        "osm_type": "way",
        "osm_id": 1084316999,
        "sido": "경기도",
        "power_type": "generator",
        "name": "",
        "name_en": "",
        "plant_source": "solar",
        "plant_output": "yes",
        "plant_method": "photovoltaic",
        "operator": ""
      }
    },
    {
      "type": "Feature",
      "geometry": {
        "type": "Point",
        "coordinates": [
          126.5799107,
          37.2912072
        ]
      },
      "properties": {
        "osm_type": "way",
        "osm_id": 1084317000,
        "sido": "경기도",
        "power_type": "generator",
        "name": "",
        "name_en": "",
        "plant_source": "solar",
        "plant_output": "yes",
        "plant_method": "photovoltaic",
        "operator": ""
      }
    },
    {
      "type": "Feature",
      "geometry": {
        "type": "Point",
        "coordinates": [
          126.579979,
          37.2911498
        ]
      },
      "properties": {
        "osm_type": "way",
        "osm_id": 1084317001,
        "sido": "경기도",
        "power_type": "generator",
        "name": "",
        "name_en": "",
        "plant_source": "solar",
        "plant_output": "yes",
        "plant_method": "photovoltaic",
        "operator": ""
      }
    },
    {
      "type": "Feature",
      "geometry": {
        "type": "Point",
        "coordinates": [
          126.5800501,
          37.2910943
        ]
      },
      "properties": {
        "osm_type": "way",
        "osm_id": 1084317002,
        "sido": "경기도",
        "power_type": "generator",
        "name": "",
        "name_en": "",
        "plant_source": "solar",
        "plant_output": "yes",
        "plant_method": "photovoltaic",
        "operator": ""
      }
    },
    {
      "type": "Feature",
      "geometry": {
        "type": "Point",
        "coordinates": [
          126.5801595,
          37.2910348
        ]
      },
      "properties": {
        "osm_type": "way",
        "osm_id": 1084317003,
        "sido": "경기도",
        "power_type": "generator",
        "name": "",
        "name_en": "",
        "plant_source": "solar",
        "plant_output": "yes",
        "plant_method": "photovoltaic",
        "operator": ""
      }
    },
    {
      "type": "Feature",
      "geometry": {
        "type": "Point",
        "coordinates": [
          126.5798125,
          37.2910366
        ]
      },
      "properties": {
        "osm_type": "way",
        "osm_id": 1084317004,
        "sido": "경기도",
        "power_type": "generator",
        "name": "",
        "name_en": "",
        "plant_source": "solar",
        "plant_output": "yes",
        "plant_method": "photovoltaic",
        "operator": ""
      }
    },
    {
      "type": "Feature",
      "geometry": {
        "type": "Point",
        "coordinates": [
          126.5802685,
          37.2909682
        ]
      },
      "properties": {
        "osm_type": "way",
        "osm_id": 1084317005,
        "sido": "경기도",
        "power_type": "generator",
        "name": "",
        "name_en": "",
        "plant_source": "solar",
        "plant_output": "yes",
        "plant_method": "photovoltaic",
        "operator": ""
      }
    },
    {
      "type": "Feature",
      "geometry": {
        "type": "Point",
        "coordinates": [
          126.581659,
          37.2913325
        ]
      },
      "properties": {
        "osm_type": "way",
        "osm_id": 1084317006,
        "sido": "경기도",
        "power_type": "generator",
        "name": "",
        "name_en": "",
        "plant_source": "solar",
        "plant_output": "yes",
        "plant_method": "photovoltaic",
        "operator": ""
      }
    },
    {
      "type": "Feature",
      "geometry": {
        "type": "Point",
        "coordinates": [
          126.5816611,
          37.2912736
        ]
      },
      "properties": {
        "osm_type": "way",
        "osm_id": 1084317007,
        "sido": "경기도",
        "power_type": "generator",
        "name": "",
        "name_en": "",
        "plant_source": "solar",
        "plant_output": "yes",
        "plant_method": "photovoltaic",
        "operator": ""
      }
    },
    {
      "type": "Feature",
      "geometry": {
        "type": "Point",
        "coordinates": [
          126.581702,
          37.2912184
        ]
      },
      "properties": {
        "osm_type": "way",
        "osm_id": 1084399485,
        "sido": "경기도",
        "power_type": "generator",
        "name": "",
        "name_en": "",
        "plant_source": "solar",
        "plant_output": "yes",
        "plant_method": "photovoltaic",
        "operator": ""
      }
    },
    {
      "type": "Feature",
      "geometry": {
        "type": "Point",
        "coordinates": [
          126.5817315,
          37.2911582
        ]
      },
      "properties": {
        "osm_type": "way",
        "osm_id": 1084399486,
        "sido": "경기도",
        "power_type": "generator",
        "name": "",
        "name_en": "",
        "plant_source": "solar",
        "plant_output": "yes",
        "plant_method": "photovoltaic",
        "operator": ""
      }
    },
    {
      "type": "Feature",
      "geometry": {
        "type": "Point",
        "coordinates": [
          126.5817473,
          37.2911004
        ]
      },
      "properties": {
        "osm_type": "way",
        "osm_id": 1084399487,
        "sido": "경기도",
        "power_type": "generator",
        "name": "",
        "name_en": "",
        "plant_source": "solar",
        "plant_output": "yes",
        "plant_method": "photovoltaic",
        "operator": ""
      }
    },
    {
      "type": "Feature",
      "geometry": {
        "type": "Point",
        "coordinates": [
          126.5817292,
          37.2910426
        ]
      },
      "properties": {
        "osm_type": "way",
        "osm_id": 1084399488,
        "sido": "경기도",
        "power_type": "generator",
        "name": "",
        "name_en": "",
        "plant_source": "solar",
        "plant_output": "yes",
        "plant_method": "photovoltaic",
        "operator": ""
      }
    },
    {
      "type": "Feature",
      "geometry": {
        "type": "Point",
        "coordinates": [
          126.5817154,
          37.2909827
        ]
      },
      "properties": {
        "osm_type": "way",
        "osm_id": 1084399489,
        "sido": "경기도",
        "power_type": "generator",
        "name": "",
        "name_en": "",
        "plant_source": "solar",
        "plant_output": "yes",
        "plant_method": "photovoltaic",
        "operator": ""
      }
    },
    {
      "type": "Feature",
      "geometry": {
        "type": "Point",
        "coordinates": [
          126.5817159,
          37.2909262
        ]
      },
      "properties": {
        "osm_type": "way",
        "osm_id": 1084399490,
        "sido": "경기도",
        "power_type": "generator",
        "name": "",
        "name_en": "",
        "plant_source": "solar",
        "plant_output": "yes",
        "plant_method": "photovoltaic",
        "operator": ""
      }
    },
    {
      "type": "Feature",
      "geometry": {
        "type": "Point",
        "coordinates": [
          127.1958398,
          37.7188795
        ]
      },
      "properties": {
        "osm_type": "way",
        "osm_id": 1085336895,
        "sido": "경기도",
        "power_type": "generator",
        "name": "",
        "name_en": "",
        "plant_source": "solar",
        "plant_output": "yes",
        "plant_method": "photovoltaic",
        "operator": ""
      }
    },
    {
      "type": "Feature",
      "geometry": {
        "type": "Point",
        "coordinates": [
          127.1959351,
          37.7185244
        ]
      },
      "properties": {
        "osm_type": "way",
        "osm_id": 1085336896,
        "sido": "경기도",
        "power_type": "generator",
        "name": "",
        "name_en": "",
        "plant_source": "solar",
        "plant_output": "yes",
        "plant_method": "photovoltaic",
        "operator": ""
      }
    },
    {
      "type": "Feature",
      "geometry": {
        "type": "Point",
        "coordinates": [
          127.1962543,
          37.7185848
        ]
      },
      "properties": {
        "osm_type": "way",
        "osm_id": 1085336897,
        "sido": "경기도",
        "power_type": "generator",
        "name": "",
        "name_en": "",
        "plant_source": "solar",
        "plant_output": "yes",
        "plant_method": "photovoltaic",
        "operator": ""
      }
    },
    {
      "type": "Feature",
      "geometry": {
        "type": "Point",
        "coordinates": [
          127.2540396,
          37.4277795
        ]
      },
      "properties": {
        "osm_type": "way",
        "osm_id": 1086149888,
        "sido": "경기도",
        "power_type": "generator",
        "name": "",
        "name_en": "",
        "plant_source": "solar",
        "plant_output": "yes",
        "plant_method": "photovoltaic",
        "operator": ""
      }
    },
    {
      "type": "Feature",
      "geometry": {
        "type": "Point",
        "coordinates": [
          127.1621417,
          37.589227
        ]
      },
      "properties": {
        "osm_type": "way",
        "osm_id": 1088344344,
        "sido": "경기도",
        "power_type": "generator",
        "name": "",
        "name_en": "",
        "plant_source": "solar",
        "plant_output": "yes",
        "plant_method": "photovoltaic",
        "operator": ""
      }
    },
    {
      "type": "Feature",
      "geometry": {
        "type": "Point",
        "coordinates": [
          127.161096,
          37.588083
        ]
      },
      "properties": {
        "osm_type": "way",
        "osm_id": 1088344347,
        "sido": "경기도",
        "power_type": "generator",
        "name": "",
        "name_en": "",
        "plant_source": "solar",
        "plant_output": "yes",
        "plant_method": "photovoltaic",
        "operator": ""
      }
    },
    {
      "type": "Feature",
      "geometry": {
        "type": "Point",
        "coordinates": [
          127.0635285,
          37.9451893
        ]
      },
      "properties": {
        "osm_type": "way",
        "osm_id": 1095611767,
        "sido": "경기도",
        "power_type": "generator",
        "name": "",
        "name_en": "",
        "plant_source": "solar",
        "plant_output": "yes",
        "plant_method": "photovoltaic",
        "operator": ""
      }
    },
    {
      "type": "Feature",
      "geometry": {
        "type": "Point",
        "coordinates": [
          126.8123572,
          37.1285539
        ]
      },
      "properties": {
        "osm_type": "way",
        "osm_id": 1096379098,
        "sido": "경기도",
        "power_type": "plant",
        "name": "",
        "name_en": "",
        "plant_source": "solar",
        "plant_output": "yes",
        "plant_method": "photovoltaic",
        "operator": ""
      }
    },
    {
      "type": "Feature",
      "geometry": {
        "type": "Point",
        "coordinates": [
          126.784611,
          37.1251227
        ]
      },
      "properties": {
        "osm_type": "way",
        "osm_id": 1096379099,
        "sido": "경기도",
        "power_type": "plant",
        "name": "",
        "name_en": "",
        "plant_source": "solar",
        "plant_output": "yes",
        "plant_method": "photovoltaic",
        "operator": ""
      }
    },
    {
      "type": "Feature",
      "geometry": {
        "type": "Point",
        "coordinates": [
          126.7698361,
          37.1262272
        ]
      },
      "properties": {
        "osm_type": "way",
        "osm_id": 1096379100,
        "sido": "경기도",
        "power_type": "plant",
        "name": "",
        "name_en": "",
        "plant_source": "solar",
        "plant_output": "yes",
        "plant_method": "photovoltaic",
        "operator": ""
      }
    },
    {
      "type": "Feature",
      "geometry": {
        "type": "Point",
        "coordinates": [
          126.809557,
          37.1376719
        ]
      },
      "properties": {
        "osm_type": "way",
        "osm_id": 1096379104,
        "sido": "경기도",
        "power_type": "plant",
        "name": "",
        "name_en": "",
        "plant_source": "solar",
        "plant_output": "yes",
        "plant_method": "photovoltaic",
        "operator": ""
      }
    },
    {
      "type": "Feature",
      "geometry": {
        "type": "Point",
        "coordinates": [
          126.8043512,
          37.0968321
        ]
      },
      "properties": {
        "osm_type": "way",
        "osm_id": 1096379556,
        "sido": "경기도",
        "power_type": "plant",
        "name": "",
        "name_en": "",
        "plant_source": "solar",
        "plant_output": "yes",
        "plant_method": "photovoltaic",
        "operator": ""
      }
    },
    {
      "type": "Feature",
      "geometry": {
        "type": "Point",
        "coordinates": [
          126.8047974,
          37.0988478
        ]
      },
      "properties": {
        "osm_type": "way",
        "osm_id": 1096379557,
        "sido": "경기도",
        "power_type": "plant",
        "name": "",
        "name_en": "",
        "plant_source": "solar",
        "plant_output": "yes",
        "plant_method": "photovoltaic",
        "operator": ""
      }
    },
    {
      "type": "Feature",
      "geometry": {
        "type": "Point",
        "coordinates": [
          126.8001271,
          37.0401926
        ]
      },
      "properties": {
        "osm_type": "way",
        "osm_id": 1115353046,
        "sido": "경기도",
        "power_type": "generator",
        "name": "",
        "name_en": "",
        "plant_source": "solar",
        "plant_output": "yes",
        "plant_method": "photovoltaic",
        "operator": ""
      }
    },
    {
      "type": "Feature",
      "geometry": {
        "type": "Point",
        "coordinates": [
          126.8001664,
          37.0400738
        ]
      },
      "properties": {
        "osm_type": "way",
        "osm_id": 1115353047,
        "sido": "경기도",
        "power_type": "generator",
        "name": "",
        "name_en": "",
        "plant_source": "solar",
        "plant_output": "yes",
        "plant_method": "photovoltaic",
        "operator": ""
      }
    },
    {
      "type": "Feature",
      "geometry": {
        "type": "Point",
        "coordinates": [
          126.8001787,
          37.0398965
        ]
      },
      "properties": {
        "osm_type": "way",
        "osm_id": 1115353048,
        "sido": "경기도",
        "power_type": "generator",
        "name": "",
        "name_en": "",
        "plant_source": "solar",
        "plant_output": "yes",
        "plant_method": "photovoltaic",
        "operator": ""
      }
    },
    {
      "type": "Feature",
      "geometry": {
        "type": "Point",
        "coordinates": [
          126.8001175,
          37.0397362
        ]
      },
      "properties": {
        "osm_type": "way",
        "osm_id": 1115353049,
        "sido": "경기도",
        "power_type": "generator",
        "name": "",
        "name_en": "",
        "plant_source": "solar",
        "plant_output": "yes",
        "plant_method": "photovoltaic",
        "operator": ""
      }
    },
    {
      "type": "Feature",
      "geometry": {
        "type": "Point",
        "coordinates": [
          126.8000919,
          37.0395647
        ]
      },
      "properties": {
        "osm_type": "way",
        "osm_id": 1115353050,
        "sido": "경기도",
        "power_type": "generator",
        "name": "",
        "name_en": "",
        "plant_source": "solar",
        "plant_output": "yes",
        "plant_method": "photovoltaic",
        "operator": ""
      }
    },
    {
      "type": "Feature",
      "geometry": {
        "type": "Point",
        "coordinates": [
          126.8002171,
          37.0396942
        ]
      },
      "properties": {
        "osm_type": "way",
        "osm_id": 1115353051,
        "sido": "경기도",
        "power_type": "plant",
        "name": "",
        "name_en": "",
        "plant_source": "solar",
        "plant_output": "yes",
        "plant_method": "photovoltaic",
        "operator": ""
      }
    },
    {
      "type": "Feature",
      "geometry": {
        "type": "Point",
        "coordinates": [
          126.7998086,
          37.0393398
        ]
      },
      "properties": {
        "osm_type": "way",
        "osm_id": 1115353052,
        "sido": "경기도",
        "power_type": "generator",
        "name": "",
        "name_en": "",
        "plant_source": "solar",
        "plant_output": "yes",
        "plant_method": "photovoltaic",
        "operator": ""
      }
    },
    {
      "type": "Feature",
      "geometry": {
        "type": "Point",
        "coordinates": [
          126.8001295,
          37.0394197
        ]
      },
      "properties": {
        "osm_type": "way",
        "osm_id": 1115353053,
        "sido": "경기도",
        "power_type": "generator",
        "name": "",
        "name_en": "",
        "plant_source": "solar",
        "plant_output": "yes",
        "plant_method": "photovoltaic",
        "operator": ""
      }
    },
    {
      "type": "Feature",
      "geometry": {
        "type": "Point",
        "coordinates": [
          126.8002488,
          37.039363
        ]
      },
      "properties": {
        "osm_type": "way",
        "osm_id": 1115353054,
        "sido": "경기도",
        "power_type": "generator",
        "name": "",
        "name_en": "",
        "plant_source": "solar",
        "plant_output": "yes",
        "plant_method": "photovoltaic",
        "operator": ""
      }
    },
    {
      "type": "Feature",
      "geometry": {
        "type": "Point",
        "coordinates": [
          127.1031246,
          37.3936702
        ]
      },
      "properties": {
        "osm_type": "way",
        "osm_id": 1130763111,
        "sido": "경기도",
        "power_type": "plant",
        "name": "Korea District Heating Pangyo Branch",
        "name_en": "",
        "plant_source": "",
        "plant_output": "",
        "plant_method": "",
        "operator": ""
      }
    },
    {
      "type": "Feature",
      "geometry": {
        "type": "Point",
        "coordinates": [
          127.0525971,
          37.7515887
        ]
      },
      "properties": {
        "osm_type": "way",
        "osm_id": 1179639324,
        "sido": "경기도",
        "power_type": "generator",
        "name": "",
        "name_en": "",
        "plant_source": "solar",
        "plant_output": "yes",
        "plant_method": "photovoltaic",
        "operator": ""
      }
    },
    {
      "type": "Feature",
      "geometry": {
        "type": "Point",
        "coordinates": [
          127.0527282,
          37.7517323
        ]
      },
      "properties": {
        "osm_type": "way",
        "osm_id": 1179639325,
        "sido": "경기도",
        "power_type": "generator",
        "name": "",
        "name_en": "",
        "plant_source": "solar",
        "plant_output": "yes",
        "plant_method": "photovoltaic",
        "operator": ""
      }
    },
    {
      "type": "Feature",
      "geometry": {
        "type": "Point",
        "coordinates": [
          127.0692412,
          37.7472579
        ]
      },
      "properties": {
        "osm_type": "way",
        "osm_id": 1181056717,
        "sido": "경기도",
        "power_type": "generator",
        "name": "",
        "name_en": "",
        "plant_source": "solar",
        "plant_output": "yes",
        "plant_method": "photovoltaic",
        "operator": ""
      }
    },
    {
      "type": "Feature",
      "geometry": {
        "type": "Point",
        "coordinates": [
          127.0528053,
          37.7515296
        ]
      },
      "properties": {
        "osm_type": "way",
        "osm_id": 1182421733,
        "sido": "경기도",
        "power_type": "generator",
        "name": "",
        "name_en": "",
        "plant_source": "solar",
        "plant_output": "yes",
        "plant_method": "photovoltaic",
        "operator": ""
      }
    },
    {
      "type": "Feature",
      "geometry": {
        "type": "Point",
        "coordinates": [
          127.0528764,
          37.7516105
        ]
      },
      "properties": {
        "osm_type": "way",
        "osm_id": 1182421734,
        "sido": "경기도",
        "power_type": "generator",
        "name": "",
        "name_en": "",
        "plant_source": "solar",
        "plant_output": "yes",
        "plant_method": "photovoltaic",
        "operator": ""
      }
    },
    {
      "type": "Feature",
      "geometry": {
        "type": "Point",
        "coordinates": [
          127.0529471,
          37.7516943
        ]
      },
      "properties": {
        "osm_type": "way",
        "osm_id": 1182421735,
        "sido": "경기도",
        "power_type": "generator",
        "name": "",
        "name_en": "",
        "plant_source": "solar",
        "plant_output": "yes",
        "plant_method": "photovoltaic",
        "operator": ""
      }
    },
    {
      "type": "Feature",
      "geometry": {
        "type": "Point",
        "coordinates": [
          127.0526533,
          37.7516682
        ]
      },
      "properties": {
        "osm_type": "way",
        "osm_id": 1182421736,
        "sido": "경기도",
        "power_type": "generator",
        "name": "",
        "name_en": "",
        "plant_source": "solar",
        "plant_output": "yes",
        "plant_method": "photovoltaic",
        "operator": ""
      }
    },
    {
      "type": "Feature",
      "geometry": {
        "type": "Point",
        "coordinates": [
          127.0307652,
          37.7461796
        ]
      },
      "properties": {
        "osm_type": "way",
        "osm_id": 1182421759,
        "sido": "경기도",
        "power_type": "generator",
        "name": "",
        "name_en": "",
        "plant_source": "solar",
        "plant_output": "yes",
        "plant_method": "photovoltaic",
        "operator": ""
      }
    },
    {
      "type": "Feature",
      "geometry": {
        "type": "Point",
        "coordinates": [
          127.0528201,
          37.7487576
        ]
      },
      "properties": {
        "osm_type": "way",
        "osm_id": 1189839798,
        "sido": "경기도",
        "power_type": "generator",
        "name": "",
        "name_en": "",
        "plant_source": "solar",
        "plant_output": "yes",
        "plant_method": "photovoltaic",
        "operator": ""
      }
    },
    {
      "type": "Feature",
      "geometry": {
        "type": "Point",
        "coordinates": [
          127.0354323,
          37.7524406
        ]
      },
      "properties": {
        "osm_type": "way",
        "osm_id": 1190732724,
        "sido": "경기도",
        "power_type": "generator",
        "name": "",
        "name_en": "",
        "plant_source": "solar",
        "plant_output": "yes",
        "plant_method": "photovoltaic",
        "operator": ""
      }
    },
    {
      "type": "Feature",
      "geometry": {
        "type": "Point",
        "coordinates": [
          126.5836944,
          37.6338221
        ]
      },
      "properties": {
        "osm_type": "way",
        "osm_id": 1198654444,
        "sido": "경기도",
        "power_type": "generator",
        "name": "",
        "name_en": "",
        "plant_source": "solar",
        "plant_output": "yes",
        "plant_method": "photovoltaic",
        "operator": ""
      }
    },
    {
      "type": "Feature",
      "geometry": {
        "type": "Point",
        "coordinates": [
          126.5837128,
          37.6339307
        ]
      },
      "properties": {
        "osm_type": "way",
        "osm_id": 1198654445,
        "sido": "경기도",
        "power_type": "generator",
        "name": "",
        "name_en": "",
        "plant_source": "solar",
        "plant_output": "yes",
        "plant_method": "photovoltaic",
        "operator": ""
      }
    },
    {
      "type": "Feature",
      "geometry": {
        "type": "Point",
        "coordinates": [
          126.5837164,
          37.6340429
        ]
      },
      "properties": {
        "osm_type": "way",
        "osm_id": 1198654446,
        "sido": "경기도",
        "power_type": "generator",
        "name": "",
        "name_en": "",
        "plant_source": "solar",
        "plant_output": "yes",
        "plant_method": "photovoltaic",
        "operator": ""
      }
    },
    {
      "type": "Feature",
      "geometry": {
        "type": "Point",
        "coordinates": [
          126.5837232,
          37.6341611
        ]
      },
      "properties": {
        "osm_type": "way",
        "osm_id": 1198654447,
        "sido": "경기도",
        "power_type": "generator",
        "name": "",
        "name_en": "",
        "plant_source": "solar",
        "plant_output": "yes",
        "plant_method": "photovoltaic",
        "operator": ""
      }
    },
    {
      "type": "Feature",
      "geometry": {
        "type": "Point",
        "coordinates": [
          127.4775257,
          37.2535232
        ]
      },
      "properties": {
        "osm_type": "way",
        "osm_id": 1202922457,
        "sido": "경기도",
        "power_type": "plant",
        "name": "",
        "name_en": "Smart Energy Center (Incheon) Power Plant",
        "plant_source": "gas",
        "plant_output": "yes",
        "plant_method": "combustion",
        "operator": "SK Hynix"
      }
    },
    {
      "type": "Feature",
      "geometry": {
        "type": "Point",
        "coordinates": [
          126.5837075,
          37.6339974
        ]
      },
      "properties": {
        "osm_type": "way",
        "osm_id": 1209186115,
        "sido": "경기도",
        "power_type": "plant",
        "name": "",
        "name_en": "",
        "plant_source": "solar",
        "plant_output": "yes",
        "plant_method": "photovoltaic",
        "operator": ""
      }
    },
    {
      "type": "Feature",
      "geometry": {
        "type": "Point",
        "coordinates": [
          126.5473827,
          37.6981586
        ]
      },
      "properties": {
        "osm_type": "way",
        "osm_id": 1210109139,
        "sido": "경기도",
        "power_type": "generator",
        "name": "",
        "name_en": "",
        "plant_source": "solar",
        "plant_output": "yes",
        "plant_method": "photovoltaic",
        "operator": ""
      }
    },
    {
      "type": "Feature",
      "geometry": {
        "type": "Point",
        "coordinates": [
          126.5473386,
          37.6982599
        ]
      },
      "properties": {
        "osm_type": "way",
        "osm_id": 1210109140,
        "sido": "경기도",
        "power_type": "generator",
        "name": "",
        "name_en": "",
        "plant_source": "solar",
        "plant_output": "yes",
        "plant_method": "photovoltaic",
        "operator": ""
      }
    },
    {
      "type": "Feature",
      "geometry": {
        "type": "Point",
        "coordinates": [
          126.5473616,
          37.6983586
        ]
      },
      "properties": {
        "osm_type": "way",
        "osm_id": 1210109141,
        "sido": "경기도",
        "power_type": "generator",
        "name": "",
        "name_en": "",
        "plant_source": "solar",
        "plant_output": "yes",
        "plant_method": "photovoltaic",
        "operator": ""
      }
    },
    {
      "type": "Feature",
      "geometry": {
        "type": "Point",
        "coordinates": [
          126.5473742,
          37.6985571
        ]
      },
      "properties": {
        "osm_type": "way",
        "osm_id": 1210109142,
        "sido": "경기도",
        "power_type": "generator",
        "name": "",
        "name_en": "",
        "plant_source": "solar",
        "plant_output": "yes",
        "plant_method": "photovoltaic",
        "operator": ""
      }
    },
    {
      "type": "Feature",
      "geometry": {
        "type": "Point",
        "coordinates": [
          126.5473343,
          37.6987835
        ]
      },
      "properties": {
        "osm_type": "way",
        "osm_id": 1210109143,
        "sido": "경기도",
        "power_type": "generator",
        "name": "",
        "name_en": "",
        "plant_source": "solar",
        "plant_output": "yes",
        "plant_method": "photovoltaic",
        "operator": ""
      }
    },
    {
      "type": "Feature",
      "geometry": {
        "type": "Point",
        "coordinates": [
          126.5476915,
          37.698747
        ]
      },
      "properties": {
        "osm_type": "way",
        "osm_id": 1210109144,
        "sido": "경기도",
        "power_type": "generator",
        "name": "",
        "name_en": "",
        "plant_source": "solar",
        "plant_output": "yes",
        "plant_method": "photovoltaic",
        "operator": ""
      }
    },
    {
      "type": "Feature",
      "geometry": {
        "type": "Point",
        "coordinates": [
          126.5479491,
          37.6983029
        ]
      },
      "properties": {
        "osm_type": "way",
        "osm_id": 1210109145,
        "sido": "경기도",
        "power_type": "generator",
        "name": "",
        "name_en": "",
        "plant_source": "solar",
        "plant_output": "yes",
        "plant_method": "photovoltaic",
        "operator": ""
      }
    },
    {
      "type": "Feature",
      "geometry": {
        "type": "Point",
        "coordinates": [
          126.5479561,
          37.6981225
        ]
      },
      "properties": {
        "osm_type": "way",
        "osm_id": 1210109146,
        "sido": "경기도",
        "power_type": "generator",
        "name": "",
        "name_en": "",
        "plant_source": "solar",
        "plant_output": "yes",
        "plant_method": "photovoltaic",
        "operator": ""
      }
    },
    {
      "type": "Feature",
      "geometry": {
        "type": "Point",
        "coordinates": [
          126.5480563,
          37.6980217
        ]
      },
      "properties": {
        "osm_type": "way",
        "osm_id": 1210109147,
        "sido": "경기도",
        "power_type": "generator",
        "name": "",
        "name_en": "",
        "plant_source": "solar",
        "plant_output": "yes",
        "plant_method": "photovoltaic",
        "operator": ""
      }
    },
    {
      "type": "Feature",
      "geometry": {
        "type": "Point",
        "coordinates": [
          126.5480668,
          37.6979252
        ]
      },
      "properties": {
        "osm_type": "way",
        "osm_id": 1210109148,
        "sido": "경기도",
        "power_type": "generator",
        "name": "",
        "name_en": "",
        "plant_source": "solar",
        "plant_output": "yes",
        "plant_method": "photovoltaic",
        "operator": ""
      }
    },
    {
      "type": "Feature",
      "geometry": {
        "type": "Point",
        "coordinates": [
          126.5665422,
          37.6708515
        ]
      },
      "properties": {
        "osm_type": "way",
        "osm_id": 1210290776,
        "sido": "경기도",
        "power_type": "generator",
        "name": "",
        "name_en": "",
        "plant_source": "solar",
        "plant_output": "yes",
        "plant_method": "photovoltaic",
        "operator": ""
      }
    },
    {
      "type": "Feature",
      "geometry": {
        "type": "Point",
        "coordinates": [
          126.5676232,
          37.6711121
        ]
      },
      "properties": {
        "osm_type": "way",
        "osm_id": 1210290777,
        "sido": "경기도",
        "power_type": "generator",
        "name": "",
        "name_en": "",
        "plant_source": "solar",
        "plant_output": "yes",
        "plant_method": "photovoltaic",
        "operator": ""
      }
    },
    {
      "type": "Feature",
      "geometry": {
        "type": "Point",
        "coordinates": [
          127.0830909,
          38.1147212
        ]
      },
      "properties": {
        "osm_type": "way",
        "osm_id": 1221293825,
        "sido": "경기도",
        "power_type": "generator",
        "name": "",
        "name_en": "",
        "plant_source": "solar",
        "plant_output": "yes",
        "plant_method": "photovoltaic",
        "operator": ""
      }
    },
    {
      "type": "Feature",
      "geometry": {
        "type": "Point",
        "coordinates": [
          127.0830911,
          38.1146748
        ]
      },
      "properties": {
        "osm_type": "way",
        "osm_id": 1221293826,
        "sido": "경기도",
        "power_type": "generator",
        "name": "",
        "name_en": "",
        "plant_source": "solar",
        "plant_output": "yes",
        "plant_method": "photovoltaic",
        "operator": ""
      }
    },
    {
      "type": "Feature",
      "geometry": {
        "type": "Point",
        "coordinates": [
          127.181651,
          37.4319778
        ]
      },
      "properties": {
        "osm_type": "way",
        "osm_id": 1221330396,
        "sido": "경기도",
        "power_type": "plant",
        "name": "성남시 환경에너지시설",
        "name_en": "",
        "plant_source": "waste",
        "plant_output": "yes",
        "plant_method": "combustion",
        "operator": ""
      }
    },
    {
      "type": "Feature",
      "geometry": {
        "type": "Point",
        "coordinates": [
          127.1826753,
          37.4318983
        ]
      },
      "properties": {
        "osm_type": "way",
        "osm_id": 1221330397,
        "sido": "경기도",
        "power_type": "generator",
        "name": "생활쓰레기 소각동",
        "name_en": "",
        "plant_source": "waste",
        "plant_output": "yes",
        "plant_method": "combustion",
        "operator": "한라산업"
      }
    },
    {
      "type": "Feature",
      "geometry": {
        "type": "Point",
        "coordinates": [
          127.2452742,
          37.2799425
        ]
      },
      "properties": {
        "osm_type": "way",
        "osm_id": 1221467302,
        "sido": "경기도",
        "power_type": "generator",
        "name": "소각시설",
        "name_en": "",
        "plant_source": "waste",
        "plant_output": "",
        "plant_method": "combustion",
        "operator": ""
      }
    },
    {
      "type": "Feature",
      "geometry": {
        "type": "Point",
        "coordinates": [
          126.7447127,
          37.8415624
        ]
      },
      "properties": {
        "osm_type": "way",
        "osm_id": 1221467308,
        "sido": "경기도",
        "power_type": "generator",
        "name": "소각장",
        "name_en": "",
        "plant_source": "waste",
        "plant_output": "",
        "plant_method": "combustion",
        "operator": ""
      }
    },
    {
      "type": "Feature",
      "geometry": {
        "type": "Point",
        "coordinates": [
          126.5846902,
          37.6004992
        ]
      },
      "properties": {
        "osm_type": "way",
        "osm_id": 1230855544,
        "sido": "경기도",
        "power_type": "plant",
        "name": "김포열병합발전소",
        "name_en": "Gimpo CHP power station",
        "plant_source": "",
        "plant_output": "",
        "plant_method": "",
        "operator": ""
      }
    },
    {
      "type": "Feature",
      "geometry": {
        "type": "Point",
        "coordinates": [
          126.7096025,
          37.6437522
        ]
      },
      "properties": {
        "osm_type": "way",
        "osm_id": 1236763009,
        "sido": "경기도",
        "power_type": "generator",
        "name": "",
        "name_en": "",
        "plant_source": "solar",
        "plant_output": "yes",
        "plant_method": "photovoltaic",
        "operator": ""
      }
    },
    {
      "type": "Feature",
      "geometry": {
        "type": "Point",
        "coordinates": [
          126.7095253,
          37.643806
        ]
      },
      "properties": {
        "osm_type": "way",
        "osm_id": 1236763010,
        "sido": "경기도",
        "power_type": "generator",
        "name": "",
        "name_en": "",
        "plant_source": "solar",
        "plant_output": "yes",
        "plant_method": "photovoltaic",
        "operator": ""
      }
    },
    {
      "type": "Feature",
      "geometry": {
        "type": "Point",
        "coordinates": [
          126.7094474,
          37.6438641
        ]
      },
      "properties": {
        "osm_type": "way",
        "osm_id": 1236763011,
        "sido": "경기도",
        "power_type": "generator",
        "name": "",
        "name_en": "",
        "plant_source": "solar",
        "plant_output": "yes",
        "plant_method": "photovoltaic",
        "operator": ""
      }
    },
    {
      "type": "Feature",
      "geometry": {
        "type": "Point",
        "coordinates": [
          126.7093596,
          37.643921
        ]
      },
      "properties": {
        "osm_type": "way",
        "osm_id": 1236763012,
        "sido": "경기도",
        "power_type": "generator",
        "name": "",
        "name_en": "",
        "plant_source": "solar",
        "plant_output": "yes",
        "plant_method": "photovoltaic",
        "operator": ""
      }
    },
    {
      "type": "Feature",
      "geometry": {
        "type": "Point",
        "coordinates": [
          126.7092909,
          37.6439771
        ]
      },
      "properties": {
        "osm_type": "way",
        "osm_id": 1236763013,
        "sido": "경기도",
        "power_type": "generator",
        "name": "",
        "name_en": "",
        "plant_source": "solar",
        "plant_output": "yes",
        "plant_method": "photovoltaic",
        "operator": ""
      }
    },
    {
      "type": "Feature",
      "geometry": {
        "type": "Point",
        "coordinates": [
          126.7092315,
          37.6440358
        ]
      },
      "properties": {
        "osm_type": "way",
        "osm_id": 1236763014,
        "sido": "경기도",
        "power_type": "generator",
        "name": "",
        "name_en": "",
        "plant_source": "solar",
        "plant_output": "yes",
        "plant_method": "photovoltaic",
        "operator": ""
      }
    },
    {
      "type": "Feature",
      "geometry": {
        "type": "Point",
        "coordinates": [
          126.7091485,
          37.6440929
        ]
      },
      "properties": {
        "osm_type": "way",
        "osm_id": 1236763015,
        "sido": "경기도",
        "power_type": "generator",
        "name": "",
        "name_en": "",
        "plant_source": "solar",
        "plant_output": "yes",
        "plant_method": "photovoltaic",
        "operator": ""
      }
    },
    {
      "type": "Feature",
      "geometry": {
        "type": "Point",
        "coordinates": [
          126.7090692,
          37.6441521
        ]
      },
      "properties": {
        "osm_type": "way",
        "osm_id": 1236763016,
        "sido": "경기도",
        "power_type": "generator",
        "name": "",
        "name_en": "",
        "plant_source": "solar",
        "plant_output": "yes",
        "plant_method": "photovoltaic",
        "operator": ""
      }
    },
    {
      "type": "Feature",
      "geometry": {
        "type": "Point",
        "coordinates": [
          126.7090712,
          37.6442085
        ]
      },
      "properties": {
        "osm_type": "way",
        "osm_id": 1236763017,
        "sido": "경기도",
        "power_type": "generator",
        "name": "",
        "name_en": "",
        "plant_source": "solar",
        "plant_output": "yes",
        "plant_method": "photovoltaic",
        "operator": ""
      }
    },
    {
      "type": "Feature",
      "geometry": {
        "type": "Point",
        "coordinates": [
          126.7090056,
          37.6442668
        ]
      },
      "properties": {
        "osm_type": "way",
        "osm_id": 1236763018,
        "sido": "경기도",
        "power_type": "generator",
        "name": "",
        "name_en": "",
        "plant_source": "solar",
        "plant_output": "yes",
        "plant_method": "photovoltaic",
        "operator": ""
      }
    },
    {
      "type": "Feature",
      "geometry": {
        "type": "Point",
        "coordinates": [
          126.70893,
          37.6443259
        ]
      },
      "properties": {
        "osm_type": "way",
        "osm_id": 1236763019,
        "sido": "경기도",
        "power_type": "generator",
        "name": "",
        "name_en": "",
        "plant_source": "solar",
        "plant_output": "yes",
        "plant_method": "photovoltaic",
        "operator": ""
      }
    },
    {
      "type": "Feature",
      "geometry": {
        "type": "Point",
        "coordinates": [
          126.7088593,
          37.6443817
        ]
      },
      "properties": {
        "osm_type": "way",
        "osm_id": 1236763020,
        "sido": "경기도",
        "power_type": "generator",
        "name": "",
        "name_en": "",
        "plant_source": "solar",
        "plant_output": "yes",
        "plant_method": "photovoltaic",
        "operator": ""
      }
    },
    {
      "type": "Feature",
      "geometry": {
        "type": "Point",
        "coordinates": [
          126.7087878,
          37.6444399
        ]
      },
      "properties": {
        "osm_type": "way",
        "osm_id": 1236763021,
        "sido": "경기도",
        "power_type": "generator",
        "name": "",
        "name_en": "",
        "plant_source": "solar",
        "plant_output": "yes",
        "plant_method": "photovoltaic",
        "operator": ""
      }
    },
    {
      "type": "Feature",
      "geometry": {
        "type": "Point",
        "coordinates": [
          126.7087046,
          37.6444982
        ]
      },
      "properties": {
        "osm_type": "way",
        "osm_id": 1236763022,
        "sido": "경기도",
        "power_type": "generator",
        "name": "",
        "name_en": "",
        "plant_source": "solar",
        "plant_output": "yes",
        "plant_method": "photovoltaic",
        "operator": ""
      }
    },
    {
      "type": "Feature",
      "geometry": {
        "type": "Point",
        "coordinates": [
          126.7086309,
          37.644558
        ]
      },
      "properties": {
        "osm_type": "way",
        "osm_id": 1236763023,
        "sido": "경기도",
        "power_type": "generator",
        "name": "",
        "name_en": "",
        "plant_source": "solar",
        "plant_output": "yes",
        "plant_method": "photovoltaic",
        "operator": ""
      }
    },
    {
      "type": "Feature",
      "geometry": {
        "type": "Point",
        "coordinates": [
          126.7085643,
          37.6446153
        ]
      },
      "properties": {
        "osm_type": "way",
        "osm_id": 1236763024,
        "sido": "경기도",
        "power_type": "generator",
        "name": "",
        "name_en": "",
        "plant_source": "solar",
        "plant_output": "yes",
        "plant_method": "photovoltaic",
        "operator": ""
      }
    },
    {
      "type": "Feature",
      "geometry": {
        "type": "Point",
        "coordinates": [
          127.5120728,
          37.827394
        ]
      },
      "properties": {
        "osm_type": "way",
        "osm_id": 1238706782,
        "sido": "경기도",
        "power_type": "generator",
        "name": "",
        "name_en": "",
        "plant_source": "solar",
        "plant_output": "yes",
        "plant_method": "photovoltaic",
        "operator": ""
      }
    },
    {
      "type": "Feature",
      "geometry": {
        "type": "Point",
        "coordinates": [
          127.1935546,
          37.5491464
        ]
      },
      "properties": {
        "osm_type": "way",
        "osm_id": 1250286153,
        "sido": "경기도",
        "power_type": "plant",
        "name": "가스공급시설",
        "name_en": "",
        "plant_source": "gas",
        "plant_output": "",
        "plant_method": "combustion",
        "operator": "한국가스공사"
      }
    },
    {
      "type": "Feature",
      "geometry": {
        "type": "Point",
        "coordinates": [
          127.1924285,
          37.5793761
        ]
      },
      "properties": {
        "osm_type": "way",
        "osm_id": 1259039247,
        "sido": "경기도",
        "power_type": "plant",
        "name": "가스공급시설",
        "name_en": "",
        "plant_source": "gas",
        "plant_output": "",
        "plant_method": "combustion",
        "operator": "한국가스공사"
      }
    },
    {
      "type": "Feature",
      "geometry": {
        "type": "Point",
        "coordinates": [
          126.7785262,
          37.505196
        ]
      },
      "properties": {
        "osm_type": "way",
        "osm_id": 1263442232,
        "sido": "경기도",
        "power_type": "generator",
        "name": "",
        "name_en": "",
        "plant_source": "solar",
        "plant_output": "yes",
        "plant_method": "photovoltaic",
        "operator": ""
      }
    },
    {
      "type": "Feature",
      "geometry": {
        "type": "Point",
        "coordinates": [
          126.7777842,
          37.5054198
        ]
      },
      "properties": {
        "osm_type": "way",
        "osm_id": 1263442233,
        "sido": "경기도",
        "power_type": "generator",
        "name": "",
        "name_en": "",
        "plant_source": "solar",
        "plant_output": "yes",
        "plant_method": "photovoltaic",
        "operator": ""
      }
    },
    {
      "type": "Feature",
      "geometry": {
        "type": "Point",
        "coordinates": [
          126.7777717,
          37.5053693
        ]
      },
      "properties": {
        "osm_type": "way",
        "osm_id": 1263442234,
        "sido": "경기도",
        "power_type": "generator",
        "name": "",
        "name_en": "",
        "plant_source": "solar",
        "plant_output": "yes",
        "plant_method": "photovoltaic",
        "operator": ""
      }
    },
    {
      "type": "Feature",
      "geometry": {
        "type": "Point",
        "coordinates": [
          126.7778988,
          37.5052809
        ]
      },
      "properties": {
        "osm_type": "way",
        "osm_id": 1263442235,
        "sido": "경기도",
        "power_type": "generator",
        "name": "",
        "name_en": "",
        "plant_source": "solar",
        "plant_output": "yes",
        "plant_method": "photovoltaic",
        "operator": ""
      }
    },
    {
      "type": "Feature",
      "geometry": {
        "type": "Point",
        "coordinates": [
          126.7465662,
          37.1921572
        ]
      },
      "properties": {
        "osm_type": "way",
        "osm_id": 1272257738,
        "sido": "경기도",
        "power_type": "generator",
        "name": "",
        "name_en": "",
        "plant_source": "solar",
        "plant_output": "yes",
        "plant_method": "photovoltaic",
        "operator": ""
      }
    },
    {
      "type": "Feature",
      "geometry": {
        "type": "Point",
        "coordinates": [
          126.7467429,
          37.1921358
        ]
      },
      "properties": {
        "osm_type": "way",
        "osm_id": 1272257740,
        "sido": "경기도",
        "power_type": "generator",
        "name": "",
        "name_en": "",
        "plant_source": "solar",
        "plant_output": "yes",
        "plant_method": "photovoltaic",
        "operator": ""
      }
    },
    {
      "type": "Feature",
      "geometry": {
        "type": "Point",
        "coordinates": [
          126.7455925,
          37.1920229
        ]
      },
      "properties": {
        "osm_type": "way",
        "osm_id": 1272257755,
        "sido": "경기도",
        "power_type": "generator",
        "name": "",
        "name_en": "",
        "plant_source": "solar",
        "plant_output": "yes",
        "plant_method": "photovoltaic",
        "operator": ""
      }
    },
    {
      "type": "Feature",
      "geometry": {
        "type": "Point",
        "coordinates": [
          126.7468226,
          37.1922541
        ]
      },
      "properties": {
        "osm_type": "way",
        "osm_id": 1272257757,
        "sido": "경기도",
        "power_type": "generator",
        "name": "",
        "name_en": "",
        "plant_source": "solar",
        "plant_output": "yes",
        "plant_method": "photovoltaic",
        "operator": ""
      }
    },
    {
      "type": "Feature",
      "geometry": {
        "type": "Point",
        "coordinates": [
          126.741978,
          37.1925164
        ]
      },
      "properties": {
        "osm_type": "way",
        "osm_id": 1272544809,
        "sido": "경기도",
        "power_type": "generator",
        "name": "",
        "name_en": "",
        "plant_source": "solar",
        "plant_output": "yes",
        "plant_method": "photovoltaic",
        "operator": ""
      }
    },
    {
      "type": "Feature",
      "geometry": {
        "type": "Point",
        "coordinates": [
          127.0998427,
          37.3854894
        ]
      },
      "properties": {
        "osm_type": "way",
        "osm_id": 1274420040,
        "sido": "경기도",
        "power_type": "plant",
        "name": "판교가압장 소수력",
        "name_en": "",
        "plant_source": "hydro",
        "plant_output": "0.2 MW",
        "plant_method": "run-of-the-river",
        "operator": "한국수자원공사 (K-Water)"
      }
    },
    {
      "type": "Feature",
      "geometry": {
        "type": "Point",
        "coordinates": [
          127.3297112,
          36.9991507
        ]
      },
      "properties": {
        "osm_type": "way",
        "osm_id": 1276437979,
        "sido": "경기도",
        "power_type": "plant",
        "name": "금광 소수력",
        "name_en": "",
        "plant_source": "hydro",
        "plant_output": "0.36 MW",
        "plant_method": "run-of-the-river",
        "operator": "한국농어촌공사"
      }
    },
    {
      "type": "Feature",
      "geometry": {
        "type": "Point",
        "coordinates": [
          127.1810022,
          37.1525311
        ]
      },
      "properties": {
        "osm_type": "way",
        "osm_id": 1276437980,
        "sido": "경기도",
        "power_type": "plant",
        "name": "남사배수지 소수력",
        "name_en": "",
        "plant_source": "hydro",
        "plant_output": "0.054 MW",
        "plant_method": "run-of-the-river",
        "operator": "용인시"
      }
    },
    {
      "type": "Feature",
      "geometry": {
        "type": "Point",
        "coordinates": [
          127.1193638,
          38.0624935
        ]
      },
      "properties": {
        "osm_type": "way",
        "osm_id": 1276437982,
        "sido": "경기도",
        "power_type": "plant",
        "name": "고문 소수력",
        "name_en": "",
        "plant_source": "hydro",
        "plant_output": "1.5 MW",
        "plant_method": "run-of-the-river",
        "operator": "신에너지"
      }
    },
    {
      "type": "Feature",
      "geometry": {
        "type": "Point",
        "coordinates": [
          127.2194263,
          38.0860373
        ]
      },
      "properties": {
        "osm_type": "way",
        "osm_id": 1276437983,
        "sido": "경기도",
        "power_type": "plant",
        "name": "포천 소수력",
        "name_en": "",
        "plant_source": "hydro",
        "plant_output": "0.855 MW",
        "plant_method": "run-of-the-river",
        "operator": "한국수력발전"
      }
    },
    {
      "type": "Feature",
      "geometry": {
        "type": "Point",
        "coordinates": [
          127.1642604,
          37.5927207
        ]
      },
      "properties": {
        "osm_type": "way",
        "osm_id": 1276437984,
        "sido": "경기도",
        "power_type": "plant",
        "name": "토평 소수력",
        "name_en": "",
        "plant_source": "hydro",
        "plant_output": "0.045 MW",
        "plant_method": "run-of-the-river",
        "operator": "한국수력원자력"
      }
    },
    {
      "type": "Feature",
      "geometry": {
        "type": "Point",
        "coordinates": [
          126.7953374,
          37.295575
        ]
      },
      "properties": {
        "osm_type": "way",
        "osm_id": 1278459094,
        "sido": "경기도",
        "power_type": "plant",
        "name": "안산 열병합",
        "name_en": "Ansan Urban Development CHP power station",
        "plant_source": "gas",
        "plant_output": "60 MW",
        "plant_method": "combustion",
        "operator": "안산도시개발공사"
      }
    },
    {
      "type": "Feature",
      "geometry": {
        "type": "Point",
        "coordinates": [
          126.7069641,
          37.3308522
        ]
      },
      "properties": {
        "osm_type": "way",
        "osm_id": 1278459097,
        "sido": "경기도",
        "power_type": "plant",
        "name": "시화 열병합",
        "name_en": "",
        "plant_source": "oil",
        "plant_output": "20.8 MW",
        "plant_method": "combustion",
        "operator": "KG ETS"
      }
    },
    {
      "type": "Feature",
      "geometry": {
        "type": "Point",
        "coordinates": [
          127.0528436,
          37.9290244
        ]
      },
      "properties": {
        "osm_type": "way",
        "osm_id": 1278640421,
        "sido": "경기도",
        "power_type": "plant",
        "name": "대재 바이오",
        "name_en": "",
        "plant_source": "biomass",
        "plant_output": "1.44 MW",
        "plant_method": "combustion",
        "operator": "대재에너지"
      }
    },
    {
      "type": "Feature",
      "geometry": {
        "type": "Point",
        "coordinates": [
          127.0829643,
          38.0067553
        ]
      },
      "properties": {
        "osm_type": "way",
        "osm_id": 1278640422,
        "sido": "경기도",
        "power_type": "plant",
        "name": "연천 바이오매스",
        "name_en": "",
        "plant_source": "biomass",
        "plant_output": "5 MW",
        "plant_method": "combustion",
        "operator": "CS에너지"
      }
    },
    {
      "type": "Feature",
      "geometry": {
        "type": "Point",
        "coordinates": [
          127.2602138,
          38.0075238
        ]
      },
      "properties": {
        "osm_type": "way",
        "osm_id": 1278640423,
        "sido": "경기도",
        "power_type": "plant",
        "name": "천일 바이오",
        "name_en": "",
        "plant_source": "biomass",
        "plant_output": "0.2 MW",
        "plant_method": "combustion",
        "operator": "천일에너지"
      }
    },
    {
      "type": "Feature",
      "geometry": {
        "type": "Point",
        "coordinates": [
          127.0371799,
          38.0681685
        ]
      },
      "properties": {
        "osm_type": "way",
        "osm_id": 1278640424,
        "sido": "경기도",
        "power_type": "plant",
        "name": "연천 바이오가스",
        "name_en": "",
        "plant_source": "biogas",
        "plant_output": "0.45 MW",
        "plant_method": "gasification",
        "operator": "틔움"
      }
    },
    {
      "type": "Feature",
      "geometry": {
        "type": "Point",
        "coordinates": [
          126.8890474,
          37.4132321
        ]
      },
      "properties": {
        "osm_type": "way",
        "osm_id": 1278640425,
        "sido": "경기도",
        "power_type": "plant",
        "name": "박달하수처리장 바이오",
        "name_en": "",
        "plant_source": "biogas",
        "plant_output": "2.664 MW",
        "plant_method": "anaerobic_digestion",
        "operator": "안양시"
      }
    },
    {
      "type": "Feature",
      "geometry": {
        "type": "Point",
        "coordinates": [
          127.2968187,
          37.0419446
        ]
      },
      "properties": {
        "osm_type": "way",
        "osm_id": 1278640426,
        "sido": "경기도",
        "power_type": "plant",
        "name": "안성 바이오",
        "name_en": "",
        "plant_source": "biogas",
        "plant_output": "1.05 MW",
        "plant_method": "anaerobic_digestion",
        "operator": "바이오신트로"
      }
    },
    {
      "type": "Feature",
      "geometry": {
        "type": "Point",
        "coordinates": [
          126.7915616,
          37.2995154
        ]
      },
      "properties": {
        "osm_type": "way",
        "osm_id": 1278640427,
        "sido": "경기도",
        "power_type": "plant",
        "name": "진로발효 바이오",
        "name_en": "",
        "plant_source": "biogas",
        "plant_output": "2.9 MW",
        "plant_method": "gasification",
        "operator": "진로"
      }
    },
    {
      "type": "Feature",
      "geometry": {
        "type": "Point",
        "coordinates": [
          126.8548584,
          36.9759414
        ]
      },
      "properties": {
        "osm_type": "way",
        "osm_id": 1278640428,
        "sido": "경기도",
        "power_type": "plant",
        "name": "포승 바이오매스",
        "name_en": "",
        "plant_source": "biomass",
        "plant_output": "43.2 MW",
        "plant_method": "combustion",
        "operator": "포승그린파워"
      }
    },
    {
      "type": "Feature",
      "geometry": {
        "type": "Point",
        "coordinates": [
          127.4850234,
          37.139105
        ]
      },
      "properties": {
        "osm_type": "way",
        "osm_id": 1278640429,
        "sido": "경기도",
        "power_type": "plant",
        "name": "이천 바이오가스",
        "name_en": "",
        "plant_source": "biogas",
        "plant_output": "0.499 MW",
        "plant_method": "gasification",
        "operator": "JK EnE"
      }
    },
    {
      "type": "Feature",
      "geometry": {
        "type": "Point",
        "coordinates": [
          126.7075594,
          37.356581
        ]
      },
      "properties": {
        "osm_type": "way",
        "osm_id": 1278682296,
        "sido": "경기도",
        "power_type": "plant",
        "name": "시흥배곧가압장 연료전지",
        "name_en": "",
        "plant_source": "gas",
        "plant_output": "6 MW",
        "plant_method": "fuel_cell",
        "operator": "페트로코너지"
      }
    },
    {
      "type": "Feature",
      "geometry": {
        "type": "Point",
        "coordinates": [
          126.8133642,
          37.7903278
        ]
      },
      "properties": {
        "osm_type": "way",
        "osm_id": 1278682298,
        "sido": "경기도",
        "power_type": "plant",
        "name": "도내리 연료전지",
        "name_en": "",
        "plant_source": "gas",
        "plant_output": "8.1 MW",
        "plant_method": "fuel_cell",
        "operator": "파주에코에너지"
      }
    },
    {
      "type": "Feature",
      "geometry": {
        "type": "Point",
        "coordinates": [
          126.8133531,
          37.7886671
        ]
      },
      "properties": {
        "osm_type": "way",
        "osm_id": 1278682299,
        "sido": "경기도",
        "power_type": "plant",
        "name": "포천천연 연료전지",
        "name_en": "",
        "plant_source": "gas",
        "plant_output": "0.44 MW",
        "plant_method": "fuel_cell",
        "operator": "포천민자발전"
      }
    },
    {
      "type": "Feature",
      "geometry": {
        "type": "Point",
        "coordinates": [
          127.2687568,
          37.39861
        ]
      },
      "properties": {
        "osm_type": "way",
        "osm_id": 1278682300,
        "sido": "경기도",
        "power_type": "plant",
        "name": "광주초월 연료전지",
        "name_en": "",
        "plant_source": "gas",
        "plant_output": "9.6 MW",
        "plant_method": "fuel_cell",
        "operator": "한국서부발전"
      }
    },
    {
      "type": "Feature",
      "geometry": {
        "type": "Point",
        "coordinates": [
          127.4267549,
          37.2884135
        ]
      },
      "properties": {
        "osm_type": "way",
        "osm_id": 1278682301,
        "sido": "경기도",
        "power_type": "plant",
        "name": "이천관고 연료전지",
        "name_en": "",
        "plant_source": "gas",
        "plant_output": "9.6 MW",
        "plant_method": "fuel_cell",
        "operator": "한국서부발전"
      }
    },
    {
      "type": "Feature",
      "geometry": {
        "type": "Point",
        "coordinates": [
          126.8438657,
          37.2209841
        ]
      },
      "properties": {
        "osm_type": "way",
        "osm_id": 1278682302,
        "sido": "경기도",
        "power_type": "plant",
        "name": "화성남양 연료전지",
        "name_en": "",
        "plant_source": "gas",
        "plant_output": "39.6 MW",
        "plant_method": "fuel_cell",
        "operator": "한국서부발전"
      }
    },
    {
      "type": "Feature",
      "geometry": {
        "type": "Point",
        "coordinates": [
          126.8902743,
          37.4223158
        ]
      },
      "properties": {
        "osm_type": "way",
        "osm_id": 1278682303,
        "sido": "경기도",
        "power_type": "plant",
        "name": "광명 연료전지",
        "name_en": "",
        "plant_source": "gas",
        "plant_output": "5 MW",
        "plant_method": "fuel_cell",
        "operator": "에스파워"
      }
    },
    {
      "type": "Feature",
      "geometry": {
        "type": "Point",
        "coordinates": [
          126.8901249,
          37.4221652
        ]
      },
      "properties": {
        "osm_type": "way",
        "osm_id": 1278682304,
        "sido": "경기도",
        "power_type": "plant",
        "name": "광명그린 연료전지",
        "name_en": "",
        "plant_source": "gas",
        "plant_output": "2.64 MW",
        "plant_method": "fuel_cell",
        "operator": "삼천리"
      }
    },
    {
      "type": "Feature",
      "geometry": {
        "type": "Point",
        "coordinates": [
          126.9473195,
          37.0282579
        ]
      },
      "properties": {
        "osm_type": "way",
        "osm_id": 1278682305,
        "sido": "경기도",
        "power_type": "plant",
        "name": "오성 연료전지",
        "name_en": "",
        "plant_source": "gas",
        "plant_output": "9.68 MW",
        "plant_method": "fuel_cell",
        "operator": "오성연료전지"
      }
    },
    {
      "type": "Feature",
      "geometry": {
        "type": "Point",
        "coordinates": [
          126.8195568,
          37.0547337
        ]
      },
      "properties": {
        "osm_type": "way",
        "osm_id": 1278682306,
        "sido": "경기도",
        "power_type": "plant",
        "name": "화성그린 연료전지",
        "name_en": "",
        "plant_source": "gas",
        "plant_output": "19.8 MW",
        "plant_method": "fuel_cell",
        "operator": "SE그린에너지"
      }
    },
    {
      "type": "Feature",
      "geometry": {
        "type": "Point",
        "coordinates": [
          127.0947034,
          37.2485201
        ]
      },
      "properties": {
        "osm_type": "way",
        "osm_id": 1278682307,
        "sido": "경기도",
        "power_type": "plant",
        "name": "미래개발원 연료전지",
        "name_en": "",
        "plant_source": "gas",
        "plant_output": "0.1 MW",
        "plant_method": "fuel_cell",
        "operator": "한국지역난방공사"
      }
    },
    {
      "type": "Feature",
      "geometry": {
        "type": "Point",
        "coordinates": [
          126.57754,
          37.2912623
        ]
      },
      "properties": {
        "osm_type": "way",
        "osm_id": 1278682308,
        "sido": "경기도",
        "power_type": "plant",
        "name": "대부도에너지타운 연료전지",
        "name_en": "",
        "plant_source": "gas",
        "plant_output": "0.88 MW",
        "plant_method": "fuel_cell",
        "operator": "삼천리"
      }
    },
    {
      "type": "Feature",
      "geometry": {
        "type": "Point",
        "coordinates": [
          126.8909338,
          37.1709568
        ]
      },
      "properties": {
        "osm_type": "way",
        "osm_id": 1278682309,
        "sido": "경기도",
        "power_type": "plant",
        "name": "한국가스공사 연료전지",
        "name_en": "",
        "plant_source": "gas",
        "plant_output": "0.88 MW",
        "plant_method": "fuel_cell",
        "operator": "한국가스공사"
      }
    },
    {
      "type": "Feature",
      "geometry": {
        "type": "Point",
        "coordinates": [
          127.1285831,
          37.3064514
        ]
      },
      "properties": {
        "osm_type": "way",
        "osm_id": 1288898166,
        "sido": "경기도",
        "power_type": "generator",
        "name": "",
        "name_en": "",
        "plant_source": "solar",
        "plant_output": "yes",
        "plant_method": "photovoltaic",
        "operator": ""
      }
    },
    {
      "type": "Feature",
      "geometry": {
        "type": "Point",
        "coordinates": [
          127.1282279,
          37.3068812
        ]
      },
      "properties": {
        "osm_type": "way",
        "osm_id": 1288898168,
        "sido": "경기도",
        "power_type": "generator",
        "name": "",
        "name_en": "",
        "plant_source": "solar",
        "plant_output": "yes",
        "plant_method": "photovoltaic",
        "operator": ""
      }
    },
    {
      "type": "Feature",
      "geometry": {
        "type": "Point",
        "coordinates": [
          127.1276589,
          37.3065277
        ]
      },
      "properties": {
        "osm_type": "way",
        "osm_id": 1288898170,
        "sido": "경기도",
        "power_type": "generator",
        "name": "",
        "name_en": "",
        "plant_source": "solar",
        "plant_output": "yes",
        "plant_method": "photovoltaic",
        "operator": ""
      }
    },
    {
      "type": "Feature",
      "geometry": {
        "type": "Point",
        "coordinates": [
          127.1275854,
          37.3059708
        ]
      },
      "properties": {
        "osm_type": "way",
        "osm_id": 1288898172,
        "sido": "경기도",
        "power_type": "generator",
        "name": "",
        "name_en": "",
        "plant_source": "solar",
        "plant_output": "yes",
        "plant_method": "photovoltaic",
        "operator": ""
      }
    },
    {
      "type": "Feature",
      "geometry": {
        "type": "Point",
        "coordinates": [
          127.1299676,
          37.3067288
        ]
      },
      "properties": {
        "osm_type": "way",
        "osm_id": 1288898176,
        "sido": "경기도",
        "power_type": "generator",
        "name": "",
        "name_en": "",
        "plant_source": "solar",
        "plant_output": "yes",
        "plant_method": "photovoltaic",
        "operator": ""
      }
    },
    {
      "type": "Feature",
      "geometry": {
        "type": "Point",
        "coordinates": [
          127.1296647,
          37.3063746
        ]
      },
      "properties": {
        "osm_type": "way",
        "osm_id": 1288898179,
        "sido": "경기도",
        "power_type": "generator",
        "name": "",
        "name_en": "",
        "plant_source": "solar",
        "plant_output": "yes",
        "plant_method": "photovoltaic",
        "operator": ""
      }
    },
    {
      "type": "Feature",
      "geometry": {
        "type": "Point",
        "coordinates": [
          127.1293213,
          37.3065669
        ]
      },
      "properties": {
        "osm_type": "way",
        "osm_id": 1288898181,
        "sido": "경기도",
        "power_type": "generator",
        "name": "",
        "name_en": "",
        "plant_source": "solar",
        "plant_output": "yes",
        "plant_method": "photovoltaic",
        "operator": ""
      }
    },
    {
      "type": "Feature",
      "geometry": {
        "type": "Point",
        "coordinates": [
          127.129072,
          37.306645
        ]
      },
      "properties": {
        "osm_type": "way",
        "osm_id": 1288898182,
        "sido": "경기도",
        "power_type": "generator",
        "name": "",
        "name_en": "",
        "plant_source": "solar",
        "plant_output": "yes",
        "plant_method": "photovoltaic",
        "operator": ""
      }
    },
    {
      "type": "Feature",
      "geometry": {
        "type": "Point",
        "coordinates": [
          127.1281942,
          37.3062599
        ]
      },
      "properties": {
        "osm_type": "way",
        "osm_id": 1288898183,
        "sido": "경기도",
        "power_type": "generator",
        "name": "",
        "name_en": "",
        "plant_source": "solar",
        "plant_output": "yes",
        "plant_method": "photovoltaic",
        "operator": ""
      }
    },
    {
      "type": "Feature",
      "geometry": {
        "type": "Point",
        "coordinates": [
          127.1279126,
          37.3062052
        ]
      },
      "properties": {
        "osm_type": "way",
        "osm_id": 1288898184,
        "sido": "경기도",
        "power_type": "generator",
        "name": "",
        "name_en": "",
        "plant_source": "solar",
        "plant_output": "yes",
        "plant_method": "photovoltaic",
        "operator": ""
      }
    },
    {
      "type": "Feature",
      "geometry": {
        "type": "Point",
        "coordinates": [
          126.9503655,
          37.3444037
        ]
      },
      "properties": {
        "osm_type": "way",
        "osm_id": 1289163186,
        "sido": "경기도",
        "power_type": "generator",
        "name": "",
        "name_en": "",
        "plant_source": "solar",
        "plant_output": "yes",
        "plant_method": "photovoltaic",
        "operator": ""
      }
    },
    {
      "type": "Feature",
      "geometry": {
        "type": "Point",
        "coordinates": [
          127.0782557,
          37.7517816
        ]
      },
      "properties": {
        "osm_type": "way",
        "osm_id": 1292864900,
        "sido": "경기도",
        "power_type": "generator",
        "name": "",
        "name_en": "",
        "plant_source": "solar",
        "plant_output": "yes",
        "plant_method": "photovoltaic",
        "operator": ""
      }
    },
    {
      "type": "Feature",
      "geometry": {
        "type": "Point",
        "coordinates": [
          127.5363634,
          37.5975038
        ]
      },
      "properties": {
        "osm_type": "way",
        "osm_id": 1301531725,
        "sido": "경기도",
        "power_type": "generator",
        "name": "",
        "name_en": "",
        "plant_source": "solar",
        "plant_output": "yes",
        "plant_method": "photovoltaic",
        "operator": ""
      }
    },
    {
      "type": "Feature",
      "geometry": {
        "type": "Point",
        "coordinates": [
          127.5364354,
          37.5973427
        ]
      },
      "properties": {
        "osm_type": "way",
        "osm_id": 1301531742,
        "sido": "경기도",
        "power_type": "generator",
        "name": "",
        "name_en": "",
        "plant_source": "solar",
        "plant_output": "yes",
        "plant_method": "photovoltaic",
        "operator": ""
      }
    },
    {
      "type": "Feature",
      "geometry": {
        "type": "Point",
        "coordinates": [
          127.5364727,
          37.5971928
        ]
      },
      "properties": {
        "osm_type": "way",
        "osm_id": 1301531743,
        "sido": "경기도",
        "power_type": "generator",
        "name": "",
        "name_en": "",
        "plant_source": "solar",
        "plant_output": "yes",
        "plant_method": "photovoltaic",
        "operator": ""
      }
    },
    {
      "type": "Feature",
      "geometry": {
        "type": "Point",
        "coordinates": [
          127.536539,
          37.5970289
        ]
      },
      "properties": {
        "osm_type": "way",
        "osm_id": 1301531745,
        "sido": "경기도",
        "power_type": "generator",
        "name": "",
        "name_en": "",
        "plant_source": "solar",
        "plant_output": "yes",
        "plant_method": "photovoltaic",
        "operator": ""
      }
    },
    {
      "type": "Feature",
      "geometry": {
        "type": "Point",
        "coordinates": [
          127.5430867,
          37.5927285
        ]
      },
      "properties": {
        "osm_type": "way",
        "osm_id": 1301743685,
        "sido": "경기도",
        "power_type": "generator",
        "name": "",
        "name_en": "",
        "plant_source": "solar",
        "plant_output": "yes",
        "plant_method": "photovoltaic",
        "operator": ""
      }
    },
    {
      "type": "Feature",
      "geometry": {
        "type": "Point",
        "coordinates": [
          127.5431695,
          37.5928076
        ]
      },
      "properties": {
        "osm_type": "way",
        "osm_id": 1301743686,
        "sido": "경기도",
        "power_type": "generator",
        "name": "",
        "name_en": "",
        "plant_source": "solar",
        "plant_output": "yes",
        "plant_method": "photovoltaic",
        "operator": ""
      }
    },
    {
      "type": "Feature",
      "geometry": {
        "type": "Point",
        "coordinates": [
          127.543206,
          37.5929067
        ]
      },
      "properties": {
        "osm_type": "way",
        "osm_id": 1301743687,
        "sido": "경기도",
        "power_type": "generator",
        "name": "",
        "name_en": "",
        "plant_source": "solar",
        "plant_output": "yes",
        "plant_method": "photovoltaic",
        "operator": ""
      }
    },
    {
      "type": "Feature",
      "geometry": {
        "type": "Point",
        "coordinates": [
          127.5432108,
          37.592991
        ]
      },
      "properties": {
        "osm_type": "way",
        "osm_id": 1301743688,
        "sido": "경기도",
        "power_type": "generator",
        "name": "",
        "name_en": "",
        "plant_source": "solar",
        "plant_output": "yes",
        "plant_method": "photovoltaic",
        "operator": ""
      }
    },
    {
      "type": "Feature",
      "geometry": {
        "type": "Point",
        "coordinates": [
          127.5432139,
          37.5930841
        ]
      },
      "properties": {
        "osm_type": "way",
        "osm_id": 1301743689,
        "sido": "경기도",
        "power_type": "generator",
        "name": "",
        "name_en": "",
        "plant_source": "solar",
        "plant_output": "yes",
        "plant_method": "photovoltaic",
        "operator": ""
      }
    },
    {
      "type": "Feature",
      "geometry": {
        "type": "Point",
        "coordinates": [
          127.543223,
          37.593171
        ]
      },
      "properties": {
        "osm_type": "way",
        "osm_id": 1301743690,
        "sido": "경기도",
        "power_type": "generator",
        "name": "",
        "name_en": "",
        "plant_source": "solar",
        "plant_output": "yes",
        "plant_method": "photovoltaic",
        "operator": ""
      }
    },
    {
      "type": "Feature",
      "geometry": {
        "type": "Point",
        "coordinates": [
          127.5432017,
          37.593253
        ]
      },
      "properties": {
        "osm_type": "way",
        "osm_id": 1301743691,
        "sido": "경기도",
        "power_type": "generator",
        "name": "",
        "name_en": "",
        "plant_source": "solar",
        "plant_output": "yes",
        "plant_method": "photovoltaic",
        "operator": ""
      }
    },
    {
      "type": "Feature",
      "geometry": {
        "type": "Point",
        "coordinates": [
          127.543201,
          37.5933108
        ]
      },
      "properties": {
        "osm_type": "way",
        "osm_id": 1301743692,
        "sido": "경기도",
        "power_type": "generator",
        "name": "",
        "name_en": "",
        "plant_source": "solar",
        "plant_output": "yes",
        "plant_method": "photovoltaic",
        "operator": ""
      }
    },
    {
      "type": "Feature",
      "geometry": {
        "type": "Point",
        "coordinates": [
          127.5432508,
          37.5933921
        ]
      },
      "properties": {
        "osm_type": "way",
        "osm_id": 1301743693,
        "sido": "경기도",
        "power_type": "generator",
        "name": "",
        "name_en": "",
        "plant_source": "solar",
        "plant_output": "yes",
        "plant_method": "photovoltaic",
        "operator": ""
      }
    },
    {
      "type": "Feature",
      "geometry": {
        "type": "Point",
        "coordinates": [
          127.5432631,
          37.5934594
        ]
      },
      "properties": {
        "osm_type": "way",
        "osm_id": 1301743694,
        "sido": "경기도",
        "power_type": "generator",
        "name": "",
        "name_en": "",
        "plant_source": "solar",
        "plant_output": "yes",
        "plant_method": "photovoltaic",
        "operator": ""
      }
    },
    {
      "type": "Feature",
      "geometry": {
        "type": "Point",
        "coordinates": [
          127.5432542,
          37.5935208
        ]
      },
      "properties": {
        "osm_type": "way",
        "osm_id": 1301743695,
        "sido": "경기도",
        "power_type": "generator",
        "name": "",
        "name_en": "",
        "plant_source": "solar",
        "plant_output": "yes",
        "plant_method": "photovoltaic",
        "operator": ""
      }
    },
    {
      "type": "Feature",
      "geometry": {
        "type": "Point",
        "coordinates": [
          127.7035701,
          37.3034229
        ]
      },
      "properties": {
        "osm_type": "way",
        "osm_id": 1305247093,
        "sido": "경기도",
        "power_type": "plant",
        "name": "",
        "name_en": "",
        "plant_source": "solar",
        "plant_output": "yes",
        "plant_method": "photovoltaic",
        "operator": ""
      }
    },
    {
      "type": "Feature",
      "geometry": {
        "type": "Point",
        "coordinates": [
          127.7017734,
          37.3020726
        ]
      },
      "properties": {
        "osm_type": "way",
        "osm_id": 1305247094,
        "sido": "경기도",
        "power_type": "plant",
        "name": "",
        "name_en": "",
        "plant_source": "solar",
        "plant_output": "yes",
        "plant_method": "photovoltaic",
        "operator": ""
      }
    },
    {
      "type": "Feature",
      "geometry": {
        "type": "Point",
        "coordinates": [
          126.8319565,
          36.9440434
        ]
      },
      "properties": {
        "osm_type": "way",
        "osm_id": 1305362764,
        "sido": "경기도",
        "power_type": "generator",
        "name": "",
        "name_en": "",
        "plant_source": "solar",
        "plant_output": "yes",
        "plant_method": "photovoltaic",
        "operator": ""
      }
    },
    {
      "type": "Feature",
      "geometry": {
        "type": "Point",
        "coordinates": [
          127.4499194,
          37.2626029
        ]
      },
      "properties": {
        "osm_type": "way",
        "osm_id": 1305741248,
        "sido": "경기도",
        "power_type": "generator",
        "name": "",
        "name_en": "",
        "plant_source": "solar",
        "plant_output": "yes",
        "plant_method": "photovoltaic",
        "operator": ""
      }
    },
    {
      "type": "Feature",
      "geometry": {
        "type": "Point",
        "coordinates": [
          127.5309964,
          37.603822
        ]
      },
      "properties": {
        "osm_type": "way",
        "osm_id": 1306630061,
        "sido": "경기도",
        "power_type": "generator",
        "name": "",
        "name_en": "",
        "plant_source": "solar",
        "plant_output": "yes",
        "plant_method": "photovoltaic",
        "operator": ""
      }
    },
    {
      "type": "Feature",
      "geometry": {
        "type": "Point",
        "coordinates": [
          127.5309806,
          37.6038702
        ]
      },
      "properties": {
        "osm_type": "way",
        "osm_id": 1306630062,
        "sido": "경기도",
        "power_type": "generator",
        "name": "",
        "name_en": "",
        "plant_source": "solar",
        "plant_output": "yes",
        "plant_method": "photovoltaic",
        "operator": ""
      }
    },
    {
      "type": "Feature",
      "geometry": {
        "type": "Point",
        "coordinates": [
          127.53102,
          37.6039294
        ]
      },
      "properties": {
        "osm_type": "way",
        "osm_id": 1306630063,
        "sido": "경기도",
        "power_type": "generator",
        "name": "",
        "name_en": "",
        "plant_source": "solar",
        "plant_output": "yes",
        "plant_method": "photovoltaic",
        "operator": ""
      }
    },
    {
      "type": "Feature",
      "geometry": {
        "type": "Point",
        "coordinates": [
          127.5311174,
          37.6039989
        ]
      },
      "properties": {
        "osm_type": "way",
        "osm_id": 1306630064,
        "sido": "경기도",
        "power_type": "generator",
        "name": "",
        "name_en": "",
        "plant_source": "solar",
        "plant_output": "yes",
        "plant_method": "photovoltaic",
        "operator": ""
      }
    },
    {
      "type": "Feature",
      "geometry": {
        "type": "Point",
        "coordinates": [
          126.6868458,
          37.2011804
        ]
      },
      "properties": {
        "osm_type": "way",
        "osm_id": 1320204601,
        "sido": "경기도",
        "power_type": "generator",
        "name": "",
        "name_en": "",
        "plant_source": "solar",
        "plant_output": "yes",
        "plant_method": "photovoltaic",
        "operator": ""
      }
    },
    {
      "type": "Feature",
      "geometry": {
        "type": "Point",
        "coordinates": [
          126.8909664,
          37.4227928
        ]
      },
      "properties": {
        "osm_type": "way",
        "osm_id": 1323127962,
        "sido": "경기도",
        "power_type": "plant",
        "name": "삼천리열병합발전소",
        "name_en": "",
        "plant_source": "",
        "plant_output": "",
        "plant_method": "",
        "operator": ""
      }
    },
    {
      "type": "Feature",
      "geometry": {
        "type": "Point",
        "coordinates": [
          127.3574464,
          37.9746355
        ]
      },
      "properties": {
        "osm_type": "way",
        "osm_id": 1324902317,
        "sido": "경기도",
        "power_type": "generator",
        "name": "",
        "name_en": "",
        "plant_source": "solar",
        "plant_output": "yes",
        "plant_method": "photovoltaic",
        "operator": ""
      }
    },
    {
      "type": "Feature",
      "geometry": {
        "type": "Point",
        "coordinates": [
          127.5638384,
          37.0788843
        ]
      },
      "properties": {
        "osm_type": "way",
        "osm_id": 1338756354,
        "sido": "경기도",
        "power_type": "generator",
        "name": "",
        "name_en": "",
        "plant_source": "solar",
        "plant_output": "yes",
        "plant_method": "photovoltaic",
        "operator": ""
      }
    },
    {
      "type": "Feature",
      "geometry": {
        "type": "Point",
        "coordinates": [
          127.4951778,
          37.0855107
        ]
      },
      "properties": {
        "osm_type": "way",
        "osm_id": 1338756365,
        "sido": "경기도",
        "power_type": "generator",
        "name": "",
        "name_en": "",
        "plant_source": "solar",
        "plant_output": "yes",
        "plant_method": "photovoltaic",
        "operator": ""
      }
    },
    {
      "type": "Feature",
      "geometry": {
        "type": "Point",
        "coordinates": [
          127.5766795,
          37.0976594
        ]
      },
      "properties": {
        "osm_type": "way",
        "osm_id": 1357112637,
        "sido": "경기도",
        "power_type": "generator",
        "name": "",
        "name_en": "",
        "plant_source": "solar",
        "plant_output": "yes",
        "plant_method": "photovoltaic",
        "operator": ""
      }
    },
    {
      "type": "Feature",
      "geometry": {
        "type": "Point",
        "coordinates": [
          127.0929953,
          37.8351401
        ]
      },
      "properties": {
        "osm_type": "way",
        "osm_id": 1363710414,
        "sido": "경기도",
        "power_type": "generator",
        "name": "",
        "name_en": "",
        "plant_source": "solar",
        "plant_output": "yes",
        "plant_method": "photovoltaic",
        "operator": ""
      }
    },
    {
      "type": "Feature",
      "geometry": {
        "type": "Point",
        "coordinates": [
          127.0512705,
          37.7510977
        ]
      },
      "properties": {
        "osm_type": "way",
        "osm_id": 1365745960,
        "sido": "경기도",
        "power_type": "generator",
        "name": "",
        "name_en": "",
        "plant_source": "solar",
        "plant_output": "yes",
        "plant_method": "photovoltaic",
        "operator": ""
      }
    },
    {
      "type": "Feature",
      "geometry": {
        "type": "Point",
        "coordinates": [
          127.0512092,
          37.7510252
        ]
      },
      "properties": {
        "osm_type": "way",
        "osm_id": 1365745963,
        "sido": "경기도",
        "power_type": "generator",
        "name": "",
        "name_en": "",
        "plant_source": "solar",
        "plant_output": "yes",
        "plant_method": "photovoltaic",
        "operator": ""
      }
    },
    {
      "type": "Feature",
      "geometry": {
        "type": "Point",
        "coordinates": [
          127.5600122,
          37.1213463
        ]
      },
      "properties": {
        "osm_type": "way",
        "osm_id": 1371542020,
        "sido": "경기도",
        "power_type": "generator",
        "name": "",
        "name_en": "",
        "plant_source": "solar",
        "plant_output": "yes",
        "plant_method": "photovoltaic",
        "operator": ""
      }
    },
    {
      "type": "Feature",
      "geometry": {
        "type": "Point",
        "coordinates": [
          127.624695,
          37.3667464
        ]
      },
      "properties": {
        "osm_type": "way",
        "osm_id": 1371930533,
        "sido": "경기도",
        "power_type": "generator",
        "name": "",
        "name_en": "",
        "plant_source": "solar",
        "plant_output": "yes",
        "plant_method": "photovoltaic",
        "operator": ""
      }
    },
    {
      "type": "Feature",
      "geometry": {
        "type": "Point",
        "coordinates": [
          127.6284554,
          37.3631416
        ]
      },
      "properties": {
        "osm_type": "way",
        "osm_id": 1371930535,
        "sido": "경기도",
        "power_type": "generator",
        "name": "",
        "name_en": "",
        "plant_source": "solar",
        "plant_output": "yes",
        "plant_method": "photovoltaic",
        "operator": ""
      }
    },
    {
      "type": "Feature",
      "geometry": {
        "type": "Point",
        "coordinates": [
          127.6640712,
          37.3150342
        ]
      },
      "properties": {
        "osm_type": "way",
        "osm_id": 1380166387,
        "sido": "경기도",
        "power_type": "generator",
        "name": "",
        "name_en": "",
        "plant_source": "solar",
        "plant_output": "yes",
        "plant_method": "photovoltaic",
        "operator": ""
      }
    },
    {
      "type": "Feature",
      "geometry": {
        "type": "Point",
        "coordinates": [
          127.158321,
          37.4522565
        ]
      },
      "properties": {
        "osm_type": "way",
        "osm_id": 1388209026,
        "sido": "경기도",
        "power_type": "generator",
        "name": "",
        "name_en": "",
        "plant_source": "solar",
        "plant_output": "yes",
        "plant_method": "photovoltaic",
        "operator": ""
      }
    },
    {
      "type": "Feature",
      "geometry": {
        "type": "Point",
        "coordinates": [
          127.4678521,
          37.4824603
        ]
      },
      "properties": {
        "osm_type": "way",
        "osm_id": 1389240682,
        "sido": "경기도",
        "power_type": "generator",
        "name": "",
        "name_en": "",
        "plant_source": "solar",
        "plant_output": "yes",
        "plant_method": "photovoltaic",
        "operator": ""
      }
    },
    {
      "type": "Feature",
      "geometry": {
        "type": "Point",
        "coordinates": [
          127.4682364,
          37.4824901
        ]
      },
      "properties": {
        "osm_type": "way",
        "osm_id": 1389240683,
        "sido": "경기도",
        "power_type": "generator",
        "name": "",
        "name_en": "",
        "plant_source": "solar",
        "plant_output": "yes",
        "plant_method": "photovoltaic",
        "operator": ""
      }
    },
    {
      "type": "Feature",
      "geometry": {
        "type": "Point",
        "coordinates": [
          127.5067646,
          37.8264712
        ]
      },
      "properties": {
        "osm_type": "way",
        "osm_id": 1390058973,
        "sido": "경기도",
        "power_type": "plant",
        "name": "",
        "name_en": "",
        "plant_source": "solar",
        "plant_output": "yes",
        "plant_method": "photovoltaic",
        "operator": ""
      }
    },
    {
      "type": "Feature",
      "geometry": {
        "type": "Point",
        "coordinates": [
          127.6839048,
          37.359769
        ]
      },
      "properties": {
        "osm_type": "way",
        "osm_id": 1394497335,
        "sido": "경기도",
        "power_type": "generator",
        "name": "",
        "name_en": "",
        "plant_source": "solar",
        "plant_output": "yes",
        "plant_method": "photovoltaic",
        "operator": ""
      }
    },
    {
      "type": "Feature",
      "geometry": {
        "type": "Point",
        "coordinates": [
          127.0846241,
          37.8392441
        ]
      },
      "properties": {
        "osm_type": "way",
        "osm_id": 1415658386,
        "sido": "경기도",
        "power_type": "generator",
        "name": "",
        "name_en": "",
        "plant_source": "solar",
        "plant_output": "yes",
        "plant_method": "photovoltaic",
        "operator": ""
      }
    },
    {
      "type": "Feature",
      "geometry": {
        "type": "Point",
        "coordinates": [
          127.0846935,
          37.8404141
        ]
      },
      "properties": {
        "osm_type": "way",
        "osm_id": 1415658392,
        "sido": "경기도",
        "power_type": "generator",
        "name": "",
        "name_en": "",
        "plant_source": "solar",
        "plant_output": "yes",
        "plant_method": "photovoltaic",
        "operator": ""
      }
    },
    {
      "type": "Feature",
      "geometry": {
        "type": "Point",
        "coordinates": [
          127.1136099,
          37.0395317
        ]
      },
      "properties": {
        "osm_type": "way",
        "osm_id": 1420852942,
        "sido": "경기도",
        "power_type": "plant",
        "name": "",
        "name_en": "",
        "plant_source": "solar",
        "plant_output": "yes",
        "plant_method": "photovoltaic",
        "operator": ""
      }
    },
    {
      "type": "Feature",
      "geometry": {
        "type": "Point",
        "coordinates": [
          126.6402773,
          37.2169416
        ]
      },
      "properties": {
        "osm_type": "way",
        "osm_id": 1434656833,
        "sido": "경기도",
        "power_type": "generator",
        "name": "",
        "name_en": "",
        "plant_source": "solar",
        "plant_output": "yes",
        "plant_method": "photovoltaic",
        "operator": ""
      }
    },
    {
      "type": "Feature",
      "geometry": {
        "type": "Point",
        "coordinates": [
          127.0420927,
          37.7266269
        ]
      },
      "properties": {
        "osm_type": "way",
        "osm_id": 1435028400,
        "sido": "경기도",
        "power_type": "generator",
        "name": "",
        "name_en": "",
        "plant_source": "solar",
        "plant_output": "yes",
        "plant_method": "photovoltaic",
        "operator": ""
      }
    },
    {
      "type": "Feature",
      "geometry": {
        "type": "Point",
        "coordinates": [
          127.041996,
          37.7264816
        ]
      },
      "properties": {
        "osm_type": "way",
        "osm_id": 1435028401,
        "sido": "경기도",
        "power_type": "generator",
        "name": "",
        "name_en": "",
        "plant_source": "solar",
        "plant_output": "yes",
        "plant_method": "photovoltaic",
        "operator": ""
      }
    },
    {
      "type": "Feature",
      "geometry": {
        "type": "Point",
        "coordinates": [
          126.7389201,
          37.6515967
        ]
      },
      "properties": {
        "osm_type": "way",
        "osm_id": 1435110873,
        "sido": "경기도",
        "power_type": "plant",
        "name": "",
        "name_en": "",
        "plant_source": "solar",
        "plant_output": "yes",
        "plant_method": "photovoltaic",
        "operator": ""
      }
    },
    {
      "type": "Feature",
      "geometry": {
        "type": "Point",
        "coordinates": [
          126.6076374,
          37.2143474
        ]
      },
      "properties": {
        "osm_type": "way",
        "osm_id": 1441684448,
        "sido": "경기도",
        "power_type": "generator",
        "name": "",
        "name_en": "",
        "plant_source": "solar",
        "plant_output": "yes",
        "plant_method": "photovoltaic",
        "operator": ""
      }
    },
    {
      "type": "Feature",
      "geometry": {
        "type": "Point",
        "coordinates": [
          126.5973099,
          37.2204745
        ]
      },
      "properties": {
        "osm_type": "way",
        "osm_id": 1445666287,
        "sido": "경기도",
        "power_type": "generator",
        "name": "",
        "name_en": "",
        "plant_source": "solar",
        "plant_output": "yes",
        "plant_method": "photovoltaic",
        "operator": ""
      }
    },
    {
      "type": "Feature",
      "geometry": {
        "type": "Point",
        "coordinates": [
          127.2187002,
          37.5186801
        ]
      },
      "properties": {
        "osm_type": "way",
        "osm_id": 1446641291,
        "sido": "경기도",
        "power_type": "plant",
        "name": "가스공급시설",
        "name_en": "",
        "plant_source": "gas",
        "plant_output": "",
        "plant_method": "combustion",
        "operator": "한국가스공사"
      }
    },
    {
      "type": "Feature",
      "geometry": {
        "type": "Point",
        "coordinates": [
          127.1820232,
          38.000445
        ]
      },
      "properties": {
        "osm_type": "way",
        "osm_id": 1452251736,
        "sido": "경기도",
        "power_type": "plant",
        "name": "",
        "name_en": "",
        "plant_source": "solar",
        "plant_output": "",
        "plant_method": "",
        "operator": ""
      }
    },
    {
      "type": "Feature",
      "geometry": {
        "type": "Point",
        "coordinates": [
          126.8682313,
          37.6505259
        ]
      },
      "properties": {
        "osm_type": "way",
        "osm_id": 1452317149,
        "sido": "경기도",
        "power_type": "generator",
        "name": "",
        "name_en": "",
        "plant_source": "solar",
        "plant_output": "",
        "plant_method": "photovoltaic",
        "operator": ""
      }
    },
    {
      "type": "Feature",
      "geometry": {
        "type": "Point",
        "coordinates": [
          126.8682149,
          37.6504482
        ]
      },
      "properties": {
        "osm_type": "way",
        "osm_id": 1452317150,
        "sido": "경기도",
        "power_type": "generator",
        "name": "",
        "name_en": "",
        "plant_source": "solar",
        "plant_output": "",
        "plant_method": "photovoltaic",
        "operator": ""
      }
    },
    {
      "type": "Feature",
      "geometry": {
        "type": "Point",
        "coordinates": [
          126.8682776,
          37.6507878
        ]
      },
      "properties": {
        "osm_type": "way",
        "osm_id": 1452317151,
        "sido": "경기도",
        "power_type": "generator",
        "name": "",
        "name_en": "",
        "plant_source": "solar",
        "plant_output": "",
        "plant_method": "photovoltaic",
        "operator": ""
      }
    },
    {
      "type": "Feature",
      "geometry": {
        "type": "Point",
        "coordinates": [
          126.8690004,
          37.6507244
        ]
      },
      "properties": {
        "osm_type": "way",
        "osm_id": 1452317152,
        "sido": "경기도",
        "power_type": "generator",
        "name": "",
        "name_en": "",
        "plant_source": "solar",
        "plant_output": "",
        "plant_method": "photovoltaic",
        "operator": ""
      }
    },
    {
      "type": "Feature",
      "geometry": {
        "type": "Point",
        "coordinates": [
          126.868658,
          37.6507531
        ]
      },
      "properties": {
        "osm_type": "way",
        "osm_id": 1452317153,
        "sido": "경기도",
        "power_type": "generator",
        "name": "",
        "name_en": "",
        "plant_source": "solar",
        "plant_output": "",
        "plant_method": "photovoltaic",
        "operator": ""
      }
    },
    {
      "type": "Feature",
      "geometry": {
        "type": "Point",
        "coordinates": [
          126.8686118,
          37.6508489
        ]
      },
      "properties": {
        "osm_type": "way",
        "osm_id": 1452317154,
        "sido": "경기도",
        "power_type": "generator",
        "name": "",
        "name_en": "",
        "plant_source": "solar",
        "plant_output": "",
        "plant_method": "photovoltaic",
        "operator": ""
      }
    },
    {
      "type": "Feature",
      "geometry": {
        "type": "Point",
        "coordinates": [
          126.8686283,
          37.6509408
        ]
      },
      "properties": {
        "osm_type": "way",
        "osm_id": 1452317155,
        "sido": "경기도",
        "power_type": "generator",
        "name": "",
        "name_en": "",
        "plant_source": "solar",
        "plant_output": "",
        "plant_method": "photovoltaic",
        "operator": ""
      }
    },
    {
      "type": "Feature",
      "geometry": {
        "type": "Point",
        "coordinates": [
          126.8686524,
          37.6510459
        ]
      },
      "properties": {
        "osm_type": "way",
        "osm_id": 1452317156,
        "sido": "경기도",
        "power_type": "generator",
        "name": "",
        "name_en": "",
        "plant_source": "solar",
        "plant_output": "",
        "plant_method": "photovoltaic",
        "operator": ""
      }
    },
    {
      "type": "Feature",
      "geometry": {
        "type": "Point",
        "coordinates": [
          126.8689799,
          37.6510385
        ]
      },
      "properties": {
        "osm_type": "way",
        "osm_id": 1452317157,
        "sido": "경기도",
        "power_type": "generator",
        "name": "",
        "name_en": "",
        "plant_source": "solar",
        "plant_output": "",
        "plant_method": "photovoltaic",
        "operator": ""
      }
    },
    {
      "type": "Feature",
      "geometry": {
        "type": "Point",
        "coordinates": [
          126.8685537,
          37.6512601
        ]
      },
      "properties": {
        "osm_type": "way",
        "osm_id": 1452317158,
        "sido": "경기도",
        "power_type": "generator",
        "name": "",
        "name_en": "",
        "plant_source": "solar",
        "plant_output": "",
        "plant_method": "photovoltaic",
        "operator": ""
      }
    },
    {
      "type": "Feature",
      "geometry": {
        "type": "Point",
        "coordinates": [
          126.5637018,
          37.198151
        ]
      },
      "properties": {
        "osm_type": "way",
        "osm_id": 1454407817,
        "sido": "경기도",
        "power_type": "generator",
        "name": "",
        "name_en": "",
        "plant_source": "solar",
        "plant_output": "yes",
        "plant_method": "photovoltaic",
        "operator": ""
      }
    },
    {
      "type": "Feature",
      "geometry": {
        "type": "Point",
        "coordinates": [
          126.5638511,
          37.1979708
        ]
      },
      "properties": {
        "osm_type": "way",
        "osm_id": 1454407818,
        "sido": "경기도",
        "power_type": "generator",
        "name": "",
        "name_en": "",
        "plant_source": "solar",
        "plant_output": "yes",
        "plant_method": "photovoltaic",
        "operator": ""
      }
    },
    {
      "type": "Feature",
      "geometry": {
        "type": "Point",
        "coordinates": [
          126.5638716,
          37.198031
        ]
      },
      "properties": {
        "osm_type": "way",
        "osm_id": 1454407819,
        "sido": "경기도",
        "power_type": "generator",
        "name": "",
        "name_en": "",
        "plant_source": "solar",
        "plant_output": "yes",
        "plant_method": "photovoltaic",
        "operator": ""
      }
    },
    {
      "type": "Feature",
      "geometry": {
        "type": "Point",
        "coordinates": [
          126.5638065,
          37.1980849
        ]
      },
      "properties": {
        "osm_type": "way",
        "osm_id": 1454407820,
        "sido": "경기도",
        "power_type": "generator",
        "name": "",
        "name_en": "",
        "plant_source": "solar",
        "plant_output": "yes",
        "plant_method": "photovoltaic",
        "operator": ""
      }
    },
    {
      "type": "Feature",
      "geometry": {
        "type": "Point",
        "coordinates": [
          126.5639684,
          37.1980954
        ]
      },
      "properties": {
        "osm_type": "way",
        "osm_id": 1454407821,
        "sido": "경기도",
        "power_type": "generator",
        "name": "",
        "name_en": "",
        "plant_source": "solar",
        "plant_output": "yes",
        "plant_method": "photovoltaic",
        "operator": ""
      }
    },
    {
      "type": "Feature",
      "geometry": {
        "type": "Point",
        "coordinates": [
          126.5639225,
          37.1981502
        ]
      },
      "properties": {
        "osm_type": "way",
        "osm_id": 1454407822,
        "sido": "경기도",
        "power_type": "generator",
        "name": "",
        "name_en": "",
        "plant_source": "solar",
        "plant_output": "yes",
        "plant_method": "photovoltaic",
        "operator": ""
      }
    },
    {
      "type": "Feature",
      "geometry": {
        "type": "Point",
        "coordinates": [
          126.5640544,
          37.1981584
        ]
      },
      "properties": {
        "osm_type": "way",
        "osm_id": 1454407823,
        "sido": "경기도",
        "power_type": "generator",
        "name": "",
        "name_en": "",
        "plant_source": "solar",
        "plant_output": "yes",
        "plant_method": "photovoltaic",
        "operator": ""
      }
    },
    {
      "type": "Feature",
      "geometry": {
        "type": "Point",
        "coordinates": [
          126.5639795,
          37.1982197
        ]
      },
      "properties": {
        "osm_type": "way",
        "osm_id": 1454407824,
        "sido": "경기도",
        "power_type": "generator",
        "name": "",
        "name_en": "",
        "plant_source": "solar",
        "plant_output": "yes",
        "plant_method": "photovoltaic",
        "operator": ""
      }
    },
    {
      "type": "Feature",
      "geometry": {
        "type": "Point",
        "coordinates": [
          126.5640808,
          37.1982232
        ]
      },
      "properties": {
        "osm_type": "way",
        "osm_id": 1454407825,
        "sido": "경기도",
        "power_type": "generator",
        "name": "",
        "name_en": "",
        "plant_source": "solar",
        "plant_output": "yes",
        "plant_method": "photovoltaic",
        "operator": ""
      }
    },
    {
      "type": "Feature",
      "geometry": {
        "type": "Point",
        "coordinates": [
          126.5641215,
          37.1982863
        ]
      },
      "properties": {
        "osm_type": "way",
        "osm_id": 1454407826,
        "sido": "경기도",
        "power_type": "generator",
        "name": "",
        "name_en": "",
        "plant_source": "solar",
        "plant_output": "yes",
        "plant_method": "photovoltaic",
        "operator": ""
      }
    },
    {
      "type": "Feature",
      "geometry": {
        "type": "Point",
        "coordinates": [
          126.5641761,
          37.1983481
        ]
      },
      "properties": {
        "osm_type": "way",
        "osm_id": 1454407827,
        "sido": "경기도",
        "power_type": "generator",
        "name": "",
        "name_en": "",
        "plant_source": "solar",
        "plant_output": "yes",
        "plant_method": "photovoltaic",
        "operator": ""
      }
    },
    {
      "type": "Feature",
      "geometry": {
        "type": "Point",
        "coordinates": [
          126.5642193,
          37.1984053
        ]
      },
      "properties": {
        "osm_type": "way",
        "osm_id": 1454407828,
        "sido": "경기도",
        "power_type": "generator",
        "name": "",
        "name_en": "",
        "plant_source": "solar",
        "plant_output": "yes",
        "plant_method": "photovoltaic",
        "operator": ""
      }
    },
    {
      "type": "Feature",
      "geometry": {
        "type": "Point",
        "coordinates": [
          126.5642524,
          37.1984667
        ]
      },
      "properties": {
        "osm_type": "way",
        "osm_id": 1454407829,
        "sido": "경기도",
        "power_type": "generator",
        "name": "",
        "name_en": "",
        "plant_source": "solar",
        "plant_output": "yes",
        "plant_method": "photovoltaic",
        "operator": ""
      }
    },
    {
      "type": "Feature",
      "geometry": {
        "type": "Point",
        "coordinates": [
          126.5642431,
          37.1985214
        ]
      },
      "properties": {
        "osm_type": "way",
        "osm_id": 1454407830,
        "sido": "경기도",
        "power_type": "generator",
        "name": "",
        "name_en": "",
        "plant_source": "solar",
        "plant_output": "yes",
        "plant_method": "photovoltaic",
        "operator": ""
      }
    },
    {
      "type": "Feature",
      "geometry": {
        "type": "Point",
        "coordinates": [
          126.5592192,
          37.2041429
        ]
      },
      "properties": {
        "osm_type": "way",
        "osm_id": 1455450860,
        "sido": "경기도",
        "power_type": "generator",
        "name": "",
        "name_en": "",
        "plant_source": "solar",
        "plant_output": "yes",
        "plant_method": "photovoltaic",
        "operator": ""
      }
    },
    {
      "type": "Feature",
      "geometry": {
        "type": "Point",
        "coordinates": [
          126.5624887,
          37.2107872
        ]
      },
      "properties": {
        "osm_type": "way",
        "osm_id": 1456622982,
        "sido": "경기도",
        "power_type": "generator",
        "name": "",
        "name_en": "",
        "plant_source": "solar",
        "plant_output": "yes",
        "plant_method": "photovoltaic",
        "operator": ""
      }
    },
    {
      "type": "Feature",
      "geometry": {
        "type": "Point",
        "coordinates": [
          126.5653967,
          37.2109653
        ]
      },
      "properties": {
        "osm_type": "way",
        "osm_id": 1456695486,
        "sido": "경기도",
        "power_type": "generator",
        "name": "",
        "name_en": "",
        "plant_source": "solar",
        "plant_output": "yes",
        "plant_method": "photovoltaic",
        "operator": ""
      }
    },
    {
      "type": "Feature",
      "geometry": {
        "type": "Point",
        "coordinates": [
          126.5659207,
          37.2109861
        ]
      },
      "properties": {
        "osm_type": "way",
        "osm_id": 1456780047,
        "sido": "경기도",
        "power_type": "generator",
        "name": "",
        "name_en": "",
        "plant_source": "solar",
        "plant_output": "yes",
        "plant_method": "photovoltaic",
        "operator": ""
      }
    },
    {
      "type": "Feature",
      "geometry": {
        "type": "Point",
        "coordinates": [
          126.5722215,
          37.2153304
        ]
      },
      "properties": {
        "osm_type": "way",
        "osm_id": 1456965675,
        "sido": "경기도",
        "power_type": "generator",
        "name": "",
        "name_en": "",
        "plant_source": "solar",
        "plant_output": "yes",
        "plant_method": "photovoltaic",
        "operator": ""
      }
    },
    {
      "type": "Feature",
      "geometry": {
        "type": "Point",
        "coordinates": [
          126.5754755,
          37.2168666
        ]
      },
      "properties": {
        "osm_type": "way",
        "osm_id": 1456966830,
        "sido": "경기도",
        "power_type": "generator",
        "name": "",
        "name_en": "",
        "plant_source": "solar",
        "plant_output": "yes",
        "plant_method": "photovoltaic",
        "operator": ""
      }
    },
    {
      "type": "Feature",
      "geometry": {
        "type": "Point",
        "coordinates": [
          126.5498784,
          37.2112079
        ]
      },
      "properties": {
        "osm_type": "way",
        "osm_id": 1457397428,
        "sido": "경기도",
        "power_type": "generator",
        "name": "",
        "name_en": "",
        "plant_source": "solar",
        "plant_output": "yes",
        "plant_method": "photovoltaic",
        "operator": ""
      }
    },
    {
      "type": "Feature",
      "geometry": {
        "type": "Point",
        "coordinates": [
          126.5502333,
          37.212023
        ]
      },
      "properties": {
        "osm_type": "way",
        "osm_id": 1457410099,
        "sido": "경기도",
        "power_type": "generator",
        "name": "",
        "name_en": "",
        "plant_source": "solar",
        "plant_output": "yes",
        "plant_method": "photovoltaic",
        "operator": ""
      }
    },
    {
      "type": "Feature",
      "geometry": {
        "type": "Point",
        "coordinates": [
          126.5486375,
          37.2113043
        ]
      },
      "properties": {
        "osm_type": "way",
        "osm_id": 1457462629,
        "sido": "경기도",
        "power_type": "generator",
        "name": "",
        "name_en": "",
        "plant_source": "solar",
        "plant_output": "yes",
        "plant_method": "photovoltaic",
        "operator": ""
      }
    },
    {
      "type": "Feature",
      "geometry": {
        "type": "Point",
        "coordinates": [
          126.5655506,
          37.217441
        ]
      },
      "properties": {
        "osm_type": "way",
        "osm_id": 1458289969,
        "sido": "경기도",
        "power_type": "generator",
        "name": "",
        "name_en": "",
        "plant_source": "solar",
        "plant_output": "yes",
        "plant_method": "photovoltaic",
        "operator": ""
      }
    },
    {
      "type": "Feature",
      "geometry": {
        "type": "Point",
        "coordinates": [
          126.5450607,
          37.2288326
        ]
      },
      "properties": {
        "osm_type": "way",
        "osm_id": 1459791714,
        "sido": "경기도",
        "power_type": "generator",
        "name": "",
        "name_en": "",
        "plant_source": "solar",
        "plant_output": "yes",
        "plant_method": "photovoltaic",
        "operator": ""
      }
    },
    {
      "type": "Feature",
      "geometry": {
        "type": "Point",
        "coordinates": [
          126.5447918,
          37.2288738
        ]
      },
      "properties": {
        "osm_type": "way",
        "osm_id": 1459791718,
        "sido": "경기도",
        "power_type": "generator",
        "name": "",
        "name_en": "",
        "plant_source": "solar",
        "plant_output": "yes",
        "plant_method": "photovoltaic",
        "operator": ""
      }
    },
    {
      "type": "Feature",
      "geometry": {
        "type": "Point",
        "coordinates": [
          126.5556438,
          37.2271135
        ]
      },
      "properties": {
        "osm_type": "way",
        "osm_id": 1459962640,
        "sido": "경기도",
        "power_type": "generator",
        "name": "",
        "name_en": "",
        "plant_source": "solar",
        "plant_output": "yes",
        "plant_method": "photovoltaic",
        "operator": ""
      }
    },
    {
      "type": "Feature",
      "geometry": {
        "type": "Point",
        "coordinates": [
          126.5585597,
          37.2257272
        ]
      },
      "properties": {
        "osm_type": "way",
        "osm_id": 1460026620,
        "sido": "경기도",
        "power_type": "generator",
        "name": "",
        "name_en": "",
        "plant_source": "solar",
        "plant_output": "yes",
        "plant_method": "photovoltaic",
        "operator": ""
      }
    },
    {
      "type": "Feature",
      "geometry": {
        "type": "Point",
        "coordinates": [
          126.5704497,
          37.2299092
        ]
      },
      "properties": {
        "osm_type": "way",
        "osm_id": 1460359361,
        "sido": "경기도",
        "power_type": "generator",
        "name": "",
        "name_en": "",
        "plant_source": "solar",
        "plant_output": "yes",
        "plant_method": "photovoltaic",
        "operator": ""
      }
    },
    {
      "type": "Feature",
      "geometry": {
        "type": "Point",
        "coordinates": [
          127.4338071,
          37.2735992
        ]
      },
      "properties": {
        "osm_type": "way",
        "osm_id": 1461831743,
        "sido": "경기도",
        "power_type": "generator",
        "name": "",
        "name_en": "",
        "plant_source": "solar",
        "plant_output": "yes",
        "plant_method": "photovoltaic",
        "operator": ""
      }
    },
    {
      "type": "Feature",
      "geometry": {
        "type": "Point",
        "coordinates": [
          127.433272,
          37.2736247
        ]
      },
      "properties": {
        "osm_type": "way",
        "osm_id": 1461831744,
        "sido": "경기도",
        "power_type": "generator",
        "name": "",
        "name_en": "",
        "plant_source": "solar",
        "plant_output": "yes",
        "plant_method": "photovoltaic",
        "operator": ""
      }
    },
    {
      "type": "Feature",
      "geometry": {
        "type": "Point",
        "coordinates": [
          127.0819228,
          37.7455126
        ]
      },
      "properties": {
        "osm_type": "way",
        "osm_id": 1464410952,
        "sido": "경기도",
        "power_type": "generator",
        "name": "",
        "name_en": "",
        "plant_source": "solar",
        "plant_output": "yes",
        "plant_method": "photovoltaic",
        "operator": ""
      }
    },
    {
      "type": "Feature",
      "geometry": {
        "type": "Point",
        "coordinates": [
          127.2523591,
          37.2424152
        ]
      },
      "properties": {
        "osm_type": "way",
        "osm_id": 1465320653,
        "sido": "경기도",
        "power_type": "generator",
        "name": "",
        "name_en": "",
        "plant_source": "solar",
        "plant_output": "yes",
        "plant_method": "photovoltaic",
        "operator": ""
      }
    },
    {
      "type": "Feature",
      "geometry": {
        "type": "Point",
        "coordinates": [
          127.2510369,
          37.24119
        ]
      },
      "properties": {
        "osm_type": "way",
        "osm_id": 1465320654,
        "sido": "경기도",
        "power_type": "generator",
        "name": "",
        "name_en": "",
        "plant_source": "solar",
        "plant_output": "yes",
        "plant_method": "photovoltaic",
        "operator": ""
      }
    },
    {
      "type": "Feature",
      "geometry": {
        "type": "Point",
        "coordinates": [
          126.5751896,
          37.2437294
        ]
      },
      "properties": {
        "osm_type": "way",
        "osm_id": 1466253252,
        "sido": "경기도",
        "power_type": "generator",
        "name": "",
        "name_en": "",
        "plant_source": "solar",
        "plant_output": "yes",
        "plant_method": "photovoltaic",
        "operator": ""
      }
    },
    {
      "type": "Feature",
      "geometry": {
        "type": "Point",
        "coordinates": [
          126.5751312,
          37.2438936
        ]
      },
      "properties": {
        "osm_type": "way",
        "osm_id": 1466253253,
        "sido": "경기도",
        "power_type": "generator",
        "name": "",
        "name_en": "",
        "plant_source": "solar",
        "plant_output": "yes",
        "plant_method": "photovoltaic",
        "operator": ""
      }
    },
    {
      "type": "Feature",
      "geometry": {
        "type": "Point",
        "coordinates": [
          126.5752428,
          37.2440593
        ]
      },
      "properties": {
        "osm_type": "way",
        "osm_id": 1466253254,
        "sido": "경기도",
        "power_type": "generator",
        "name": "",
        "name_en": "",
        "plant_source": "solar",
        "plant_output": "yes",
        "plant_method": "photovoltaic",
        "operator": ""
      }
    },
    {
      "type": "Feature",
      "geometry": {
        "type": "Point",
        "coordinates": [
          126.5752886,
          37.244222
        ]
      },
      "properties": {
        "osm_type": "way",
        "osm_id": 1466253255,
        "sido": "경기도",
        "power_type": "generator",
        "name": "",
        "name_en": "",
        "plant_source": "solar",
        "plant_output": "yes",
        "plant_method": "photovoltaic",
        "operator": ""
      }
    },
    {
      "type": "Feature",
      "geometry": {
        "type": "Point",
        "coordinates": [
          126.5753346,
          37.2443773
        ]
      },
      "properties": {
        "osm_type": "way",
        "osm_id": 1466253256,
        "sido": "경기도",
        "power_type": "generator",
        "name": "",
        "name_en": "",
        "plant_source": "solar",
        "plant_output": "yes",
        "plant_method": "photovoltaic",
        "operator": ""
      }
    },
    {
      "type": "Feature",
      "geometry": {
        "type": "Point",
        "coordinates": [
          126.575294,
          37.2445557
        ]
      },
      "properties": {
        "osm_type": "way",
        "osm_id": 1466253257,
        "sido": "경기도",
        "power_type": "generator",
        "name": "",
        "name_en": "",
        "plant_source": "solar",
        "plant_output": "yes",
        "plant_method": "photovoltaic",
        "operator": ""
      }
    },
    {
      "type": "Feature",
      "geometry": {
        "type": "Point",
        "coordinates": [
          126.5753153,
          37.2447006
        ]
      },
      "properties": {
        "osm_type": "way",
        "osm_id": 1466253258,
        "sido": "경기도",
        "power_type": "generator",
        "name": "",
        "name_en": "",
        "plant_source": "solar",
        "plant_output": "yes",
        "plant_method": "photovoltaic",
        "operator": ""
      }
    },
    {
      "type": "Feature",
      "geometry": {
        "type": "Point",
        "coordinates": [
          126.5757311,
          37.2447589
        ]
      },
      "properties": {
        "osm_type": "way",
        "osm_id": 1466253259,
        "sido": "경기도",
        "power_type": "generator",
        "name": "",
        "name_en": "",
        "plant_source": "solar",
        "plant_output": "yes",
        "plant_method": "photovoltaic",
        "operator": ""
      }
    },
    {
      "type": "Feature",
      "geometry": {
        "type": "Point",
        "coordinates": [
          126.5755525,
          37.2449142
        ]
      },
      "properties": {
        "osm_type": "way",
        "osm_id": 1466253260,
        "sido": "경기도",
        "power_type": "generator",
        "name": "",
        "name_en": "",
        "plant_source": "solar",
        "plant_output": "yes",
        "plant_method": "photovoltaic",
        "operator": ""
      }
    },
    {
      "type": "Feature",
      "geometry": {
        "type": "Point",
        "coordinates": [
          126.5756896,
          37.2486031
        ]
      },
      "properties": {
        "osm_type": "way",
        "osm_id": 1466253276,
        "sido": "경기도",
        "power_type": "generator",
        "name": "",
        "name_en": "",
        "plant_source": "solar",
        "plant_output": "yes",
        "plant_method": "photovoltaic",
        "operator": ""
      }
    },
    {
      "type": "Feature",
      "geometry": {
        "type": "Point",
        "coordinates": [
          126.5754115,
          37.2488446
        ]
      },
      "properties": {
        "osm_type": "way",
        "osm_id": 1466253277,
        "sido": "경기도",
        "power_type": "generator",
        "name": "",
        "name_en": "",
        "plant_source": "solar",
        "plant_output": "yes",
        "plant_method": "photovoltaic",
        "operator": ""
      }
    },
    {
      "type": "Feature",
      "geometry": {
        "type": "Point",
        "coordinates": [
          126.5752708,
          37.2442127
        ]
      },
      "properties": {
        "osm_type": "way",
        "osm_id": 1466271198,
        "sido": "경기도",
        "power_type": "plant",
        "name": "",
        "name_en": "",
        "plant_source": "solar",
        "plant_output": "yes",
        "plant_method": "photovoltaic",
        "operator": ""
      }
    },
    {
      "type": "Feature",
      "geometry": {
        "type": "Point",
        "coordinates": [
          126.5819874,
          37.2512734
        ]
      },
      "properties": {
        "osm_type": "way",
        "osm_id": 1475985874,
        "sido": "경기도",
        "power_type": "generator",
        "name": "",
        "name_en": "",
        "plant_source": "solar",
        "plant_output": "yes",
        "plant_method": "photovoltaic",
        "operator": ""
      }
    },
    {
      "type": "Feature",
      "geometry": {
        "type": "Point",
        "coordinates": [
          126.5821048,
          37.2513162
        ]
      },
      "properties": {
        "osm_type": "way",
        "osm_id": 1475985875,
        "sido": "경기도",
        "power_type": "generator",
        "name": "",
        "name_en": "",
        "plant_source": "solar",
        "plant_output": "yes",
        "plant_method": "photovoltaic",
        "operator": ""
      }
    },
    {
      "type": "Feature",
      "geometry": {
        "type": "Point",
        "coordinates": [
          126.5822713,
          37.2514118
        ]
      },
      "properties": {
        "osm_type": "way",
        "osm_id": 1475985876,
        "sido": "경기도",
        "power_type": "generator",
        "name": "",
        "name_en": "",
        "plant_source": "solar",
        "plant_output": "yes",
        "plant_method": "photovoltaic",
        "operator": ""
      }
    },
    {
      "type": "Feature",
      "geometry": {
        "type": "Point",
        "coordinates": [
          126.5823277,
          37.2513031
        ]
      },
      "properties": {
        "osm_type": "way",
        "osm_id": 1475985877,
        "sido": "경기도",
        "power_type": "generator",
        "name": "",
        "name_en": "",
        "plant_source": "solar",
        "plant_output": "yes",
        "plant_method": "photovoltaic",
        "operator": ""
      }
    },
    {
      "type": "Feature",
      "geometry": {
        "type": "Point",
        "coordinates": [
          126.5825698,
          37.2514726
        ]
      },
      "properties": {
        "osm_type": "way",
        "osm_id": 1475985884,
        "sido": "경기도",
        "power_type": "generator",
        "name": "",
        "name_en": "",
        "plant_source": "solar",
        "plant_output": "yes",
        "plant_method": "photovoltaic",
        "operator": ""
      }
    },
    {
      "type": "Feature",
      "geometry": {
        "type": "Point",
        "coordinates": [
          126.5827617,
          37.2515462
        ]
      },
      "properties": {
        "osm_type": "way",
        "osm_id": 1475985885,
        "sido": "경기도",
        "power_type": "generator",
        "name": "",
        "name_en": "",
        "plant_source": "solar",
        "plant_output": "yes",
        "plant_method": "photovoltaic",
        "operator": ""
      }
    }
  ]
}