{
  "type": "FeatureCollection",
  "features": [
    {
      "type": "Feature",
      "geometry": {
        "type": "LineString",
        "coordinates": [
          [
            126.4130631,
            35.4067088
          ],
          [
            126.4151106,
            35.4047513
          ],
          [
            126.4184864,
            35.4033541
          ],
          [
            126.4196836,
            35.4016219
          ],
          [
            126.422931,
            35.3968912
          ],
          [
            126.425193,
            35.3936386
          ],
          [
            126.4267134,
            35.3914348
          ],
          [
            126.4309196,
            35.3893688
          ],
          [
            126.4343205,
            35.3879544
          ],
          [
            126.4378685,
            35.3863953
          ],
          [
            126.4407517,
            35.3851149
          ],
          [
            126.4447036,
            35.3838965
          ],
          [
            126.4476437,
            35.3830648
          ],
          [
            126.4516963,
            35.3818252
          ],
          [
            126.4558103,
            35.3806198
          ],
          [
            126.4595194,
            35.3794843
          ],
          [
            126.4631251,
            35.3783758
          ],
          [
            126.46614,
            35.3774985
          ],
          [
            126.469263,
            35.3765523
          ],
          [
            126.4720724,
            35.3756606
          ],
          [
            126.4747549,
            35.3754342
          ],
          [
            126.4787768,
            35.3750489
          ],
          [
            126.4836431,
            35.3745613
          ],
          [
            126.4866696,
            35.3736366
          ],
          [
            126.4889938,
            35.3717904
          ],
          [
            126.49159,
            35.3697386
          ],
          [
            126.4938845,
            35.3679505
          ],
          [
            126.4965238,
            35.365758
          ],
          [
            126.498748,
            35.3639571
          ],
          [
            126.5016022,
            35.3616369
          ],
          [
            126.5065604,
            35.3605784
          ],
          [
            126.5100879,
            35.3598264
          ],
          [
            126.5131613,
            35.3591792
          ],
          [
            126.5173814,
            35.3582833
          ],
          [
            126.5212446,
            35.3574806
          ],
          [
            126.5255099,
            35.3565891
          ],
          [
            126.5304102,
            35.3555526
          ],
          [
            126.5338376,
            35.3548277
          ],
          [
            126.5387308,
            35.3537928
          ],
          [
            126.5420358,
            35.3519631
          ],
          [
            126.5459693,
            35.3497854
          ],
          [
            126.5490268,
            35.3480899
          ],
          [
            126.552642,
            35.3477534
          ],
          [
            126.5565593,
            35.3473819
          ],
          [
            126.5603583,
            35.3470216
          ],
          [
            126.5648416,
            35.346588
          ],
          [
            126.5686288,
            35.3462309
          ],
          [
            126.5718143,
            35.3460252
          ],
          [
            126.5762276,
            35.3458133
          ],
          [
            126.5795226,
            35.3449479
          ],
          [
            126.5823502,
            35.3420661
          ],
          [
            126.5831456,
            35.3379816
          ],
          [
            126.5836569,
            35.3355031
          ],
          [
            126.5852369,
            35.3342389
          ],
          [
            126.5880095,
            35.3320202
          ],
          [
            126.5907987,
            35.3298589
          ],
          [
            126.5937961,
            35.3272272
          ],
          [
            126.595815,
            35.3260416
          ],
          [
            126.5990047,
            35.3241551
          ],
          [
            126.6023916,
            35.3221799
          ],
          [
            126.6049897,
            35.3199461
          ],
          [
            126.6084161,
            35.3169576
          ],
          [
            126.6108478,
            35.3148648
          ],
          [
            126.6135549,
            35.3120822
          ],
          [
            126.615853,
            35.3100379
          ],
          [
            126.6181262,
            35.3073759
          ],
          [
            126.6203936,
            35.3050081
          ],
          [
            126.6230697,
            35.3022786
          ],
          [
            126.6271573,
            35.2981571
          ],
          [
            126.6293354,
            35.296879
          ],
          [
            126.6328805,
            35.2947686
          ],
          [
            126.635949,
            35.2929419
          ],
          [
            126.639539,
            35.2908298
          ],
          [
            126.6457862,
            35.2895426
          ],
          [
            126.65033,
            35.2897544
          ],
          [
            126.6556558,
            35.2899727
          ],
          [
            126.6612174,
            35.2902256
          ],
          [
            126.6642461,
            35.2902997
          ],
          [
            126.6697932,
            35.2902921
          ],
          [
            126.6736263,
            35.2903035
          ],
          [
            126.6769811,
            35.2892609
          ],
          [
            126.6790601,
            35.2885723
          ],
          [
            126.6831902,
            35.2873242
          ],
          [
            126.6892307,
            35.2852693
          ],
          [
            126.6926073,
            35.283194
          ],
          [
            126.6951091,
            35.2815796
          ],
          [
            126.6989755,
            35.2792037
          ],
          [
            126.7035966,
            35.2762841
          ],
          [
            126.7066027,
            35.2752347
          ],
          [
            126.7109074,
            35.2735475
          ],
          [
            126.7162208,
            35.271583
          ],
          [
            126.7196125,
            35.2703236
          ],
          [
            126.7230537,
            35.2696239
          ],
          [
            126.7266465,
            35.2689296
          ],
          [
            126.7306207,
            35.2681702
          ],
          [
            126.734131,
            35.2674611
          ],
          [
            126.7370476,
            35.2669193
          ],
          [
            126.7413208,
            35.2661254
          ],
          [
            126.746588,
            35.2649897
          ],
          [
            126.7494286,
            35.2634601
          ],
          [
            126.7527065,
            35.2616949
          ],
          [
            126.7577355,
            35.2611869
          ],
          [
            126.7613778,
            35.2607886
          ],
          [
            126.7663978,
            35.2602314
          ],
          [
            126.7702279,
            35.2598116
          ],
          [
            126.7734223,
            35.260439
          ],
          [
            126.7779812,
            35.2613786
          ],
          [
            126.7818675,
            35.2620977
          ],
          [
            126.7867222,
            35.2630512
          ],
          [
            126.7908919,
            35.2638702
          ],
          [
            126.7941387,
            35.2645078
          ],
          [
            126.7982697,
            35.2633934
          ],
          [
            126.8020419,
            35.2623757
          ],
          [
            126.8063218,
            35.261221
          ],
          [
            126.8102681,
            35.2601564
          ],
          [
            126.8133591,
            35.259179
          ],
          [
            126.8161583,
            35.2583449
          ],
          [
            126.8202567,
            35.2573728
          ],
          [
            126.8239054,
            35.2565056
          ],
          [
            126.8279715,
            35.2555392
          ],
          [
            126.8320993,
            35.2545581
          ],
          [
            126.8360573,
            35.2536174
          ],
          [
            126.838964,
            35.2529265
          ],
          [
            126.8427829,
            35.2520188
          ],
          [
            126.8468651,
            35.2509979
          ],
          [
            126.849935,
            35.250277
          ],
          [
            126.8550003,
            35.2490873
          ],
          [
            126.8586457,
            35.248211
          ],
          [
            126.8621335,
            35.2473783
          ],
          [
            126.8654178,
            35.2465698
          ],
          [
            126.868994,
            35.245745
          ],
          [
            126.8720233,
            35.2450678
          ],
          [
            126.8756841,
            35.24416
          ],
          [
            126.8787306,
            35.2444251
          ],
          [
            126.8797609,
            35.2445148
          ],
          [
            126.8839759,
            35.2448964
          ],
          [
            126.8874297,
            35.2451993
          ],
          [
            126.8914232,
            35.2455613
          ],
          [
            126.8943761,
            35.2458091
          ],
          [
            126.8977481,
            35.2445758
          ],
          [
            126.9008118,
            35.2434399
          ],
          [
            126.9035913,
            35.2424446
          ],
          [
            126.9065345,
            35.241343
          ],
          [
            126.9095452,
            35.2402571
          ],
          [
            126.9134134,
            35.2388289
          ],
          [
            126.9169155,
            35.2375109
          ],
          [
            126.9211931,
            35.2353941
          ],
          [
            126.9237317,
            35.2323605
          ],
          [
            126.9262415,
            35.2293425
          ],
          [
            126.9274072,
            35.2277803
          ],
          [
            126.9291462,
            35.2254547
          ],
          [
            126.9301385,
            35.2241483
          ],
          [
            126.9323544,
            35.2211811
          ],
          [
            126.9343776,
            35.2184854
          ],
          [
            126.9344691,
            35.2163288
          ],
          [
            126.9346426,
            35.2129953
          ],
          [
            126.9342668,
            35.2096972
          ]
        ]
      },
      "properties": {
        "osm_type": "way",
        "osm_id": 143990773,
        "sido": "전북특별자치도",
        "power_type": "line",
        "name": "",
        "description": "",
        "voltage": "345000",
        "cables": "6",
        "circuits": "2",
        "frequency": "60",
        "operator": "",
        "wires": ""
      }
    },
    {
      "type": "Feature",
      "geometry": {
        "type": "LineString",
        "coordinates": [
          [
            126.7093648,
            35.3983739
          ],
          [
            126.711516,
            35.398157
          ],
          [
            126.7145691,
            35.39776
          ],
          [
            126.7198275,
            35.3992746
          ],
          [
            126.7219573,
            35.400634
          ],
          [
            126.7251917,
            35.4026492
          ],
          [
            126.7309195,
            35.4048462
          ],
          [
            126.7370311,
            35.4047153
          ],
          [
            126.7398102,
            35.4038546
          ],
          [
            126.7434907,
            35.4026331
          ],
          [
            126.7456005,
            35.4022641
          ],
          [
            126.7513388,
            35.4010038
          ],
          [
            126.7537466,
            35.4014876
          ],
          [
            126.7574402,
            35.4006647
          ],
          [
            126.7595212,
            35.400201
          ],
          [
            126.7626744,
            35.3993877
          ],
          [
            126.7661683,
            35.3993027
          ],
          [
            126.7689774,
            35.3991355
          ],
          [
            126.7731875,
            35.3986764
          ],
          [
            126.7777348,
            35.3975967
          ],
          [
            126.7807457,
            35.3968567
          ],
          [
            126.7851885,
            35.3955222
          ],
          [
            126.7883313,
            35.3946862
          ],
          [
            126.7924545,
            35.3934052
          ],
          [
            126.7968322,
            35.3933767
          ],
          [
            126.8002941,
            35.3933542
          ],
          [
            126.8044312,
            35.3934336
          ],
          [
            126.810487,
            35.3955031
          ],
          [
            126.8142539,
            35.3964163
          ],
          [
            126.8187102,
            35.3978728
          ],
          [
            126.8225219,
            35.3969801
          ],
          [
            126.8257136,
            35.3962326
          ],
          [
            126.8298462,
            35.3953489
          ],
          [
            126.8334194,
            35.3945853
          ],
          [
            126.835709,
            35.3931749
          ],
          [
            126.8378599,
            35.3918952
          ],
          [
            126.8439223,
            35.388215
          ],
          [
            126.8465241,
            35.3866524
          ],
          [
            126.8501711,
            35.3860231
          ],
          [
            126.8572481,
            35.3847115
          ],
          [
            126.859876,
            35.3841918
          ],
          [
            126.8636227,
            35.3844004
          ],
          [
            126.8670528,
            35.3854044
          ],
          [
            126.8695463,
            35.3860903
          ],
          [
            126.8750232,
            35.3875575
          ],
          [
            126.8787569,
            35.388618
          ],
          [
            126.8823388,
            35.3895902
          ],
          [
            126.884984,
            35.3907993
          ],
          [
            126.8887741,
            35.3924714
          ],
          [
            126.8911938,
            35.3946136
          ],
          [
            126.8933577,
            35.3963245
          ],
          [
            126.8959032,
            35.3984136
          ],
          [
            126.8982145,
            35.4017186
          ],
          [
            126.8992422,
            35.4042247
          ],
          [
            126.9017455,
            35.4065897
          ],
          [
            126.9048187,
            35.4112223
          ],
          [
            126.9066105,
            35.413857
          ],
          [
            126.9095307,
            35.4152491
          ],
          [
            126.9131309,
            35.4160954
          ],
          [
            126.9155259,
            35.4175483
          ],
          [
            126.9206385,
            35.4195304
          ],
          [
            126.9236457,
            35.4202518
          ],
          [
            126.92796,
            35.42129
          ],
          [
            126.9322784,
            35.422254
          ],
          [
            126.9373827,
            35.425136
          ],
          [
            126.9441664,
            35.4288571
          ],
          [
            126.9486214,
            35.4289886
          ],
          [
            126.9526626,
            35.4290459
          ],
          [
            126.9572499,
            35.4290694
          ],
          [
            126.9611671,
            35.4296121
          ],
          [
            126.9659033,
            35.4311895
          ],
          [
            126.9672973,
            35.4342868
          ],
          [
            126.9682114,
            35.436346
          ],
          [
            126.9723065,
            35.4366493
          ],
          [
            126.9794218,
            35.4361169
          ],
          [
            126.9820197,
            35.4359836
          ],
          [
            126.9852108,
            35.4369808
          ],
          [
            126.9895718,
            35.4393627
          ],
          [
            126.9952577,
            35.4388122
          ],
          [
            126.9963844,
            35.4381978
          ],
          [
            127.0021927,
            35.4349783
          ],
          [
            127.0078295,
            35.4322108
          ],
          [
            127.0115189,
            35.4304287
          ],
          [
            127.0151215,
            35.4304391
          ],
          [
            127.0191729,
            35.4290905
          ],
          [
            127.021967,
            35.4281545
          ],
          [
            127.0262343,
            35.4284023
          ],
          [
            127.0295195,
            35.4292152
          ],
          [
            127.0355241,
            35.4306375
          ],
          [
            127.0400957,
            35.4317521
          ],
          [
            127.0450307,
            35.4312671
          ],
          [
            127.0495112,
            35.4292354
          ],
          [
            127.0539709,
            35.4272576
          ],
          [
            127.0570028,
            35.428291
          ],
          [
            127.0627895,
            35.4302687
          ],
          [
            127.0655038,
            35.4326725
          ],
          [
            127.0684524,
            35.4343817
          ],
          [
            127.0710697,
            35.4350671
          ],
          [
            127.0740847,
            35.434574
          ],
          [
            127.0772409,
            35.4346806
          ],
          [
            127.0777902,
            35.4364111
          ],
          [
            127.0792488,
            35.4381615
          ],
          [
            127.0830024,
            35.4390764
          ],
          [
            127.0823981,
            35.4415676
          ],
          [
            127.0822212,
            35.4446306
          ],
          [
            127.0821418,
            35.4473752
          ],
          [
            127.0829811,
            35.4498721
          ],
          [
            127.0877436,
            35.4533061
          ],
          [
            127.0902651,
            35.4551096
          ],
          [
            127.094179,
            35.4576131
          ],
          [
            127.096412,
            35.4624002
          ],
          [
            127.0986763,
            35.4651385
          ],
          [
            127.1011502,
            35.4681321
          ],
          [
            127.1027058,
            35.4697847
          ],
          [
            127.1061869,
            35.4733604
          ],
          [
            127.1130539,
            35.4781723
          ],
          [
            127.1159307,
            35.480208
          ],
          [
            127.1194541,
            35.4813133
          ],
          [
            127.1241938,
            35.4815239
          ],
          [
            127.1278635,
            35.4816329
          ],
          [
            127.1320093,
            35.484239
          ],
          [
            127.13744,
            35.4876286
          ],
          [
            127.139552,
            35.4899279
          ],
          [
            127.1415419,
            35.4920284
          ],
          [
            127.1427521,
            35.494195
          ],
          [
            127.1440844,
            35.4964582
          ],
          [
            127.1488405,
            35.4998474
          ],
          [
            127.1520067,
            35.5020718
          ],
          [
            127.1569256,
            35.5025575
          ],
          [
            127.159885,
            35.5024581
          ],
          [
            127.1634242,
            35.5023422
          ],
          [
            127.1685125,
            35.5021766
          ],
          [
            127.1726613,
            35.5020442
          ],
          [
            127.1781361,
            35.502149
          ],
          [
            127.1815536,
            35.5023179
          ],
          [
            127.1847135,
            35.5023339
          ],
          [
            127.188636,
            35.5015143
          ],
          [
            127.1918745,
            35.4999489
          ],
          [
            127.1941834,
            35.4983483
          ],
          [
            127.1967767,
            35.4968211
          ],
          [
            127.1984337,
            35.4951029
          ],
          [
            127.2017776,
            35.4915353
          ],
          [
            127.204587,
            35.4885687
          ],
          [
            127.2070643,
            35.4882313
          ],
          [
            127.2107747,
            35.4876216
          ],
          [
            127.2145025,
            35.4877311
          ],
          [
            127.2188125,
            35.4882956
          ],
          [
            127.2254451,
            35.4892035
          ],
          [
            127.2303155,
            35.489815
          ],
          [
            127.2337589,
            35.490944
          ],
          [
            127.238999,
            35.4928162
          ],
          [
            127.2449787,
            35.4953845
          ],
          [
            127.2488583,
            35.4974467
          ],
          [
            127.2565136,
            35.4971678
          ],
          [
            127.2592474,
            35.4959512
          ],
          [
            127.2616293,
            35.4948307
          ],
          [
            127.2682621,
            35.4931368
          ],
          [
            127.27235,
            35.4915725
          ],
          [
            127.275134,
            35.4915112
          ],
          [
            127.2773403,
            35.4914626
          ],
          [
            127.2890702,
            35.4915625
          ],
          [
            127.2995233,
            35.4919324
          ],
          [
            127.3060714,
            35.4923185
          ],
          [
            127.3095002,
            35.4913644
          ],
          [
            127.3125528,
            35.4906287
          ],
          [
            127.3161292,
            35.4897984
          ],
          [
            127.3256653,
            35.4872158
          ],
          [
            127.3325801,
            35.4834099
          ]
        ]
      },
      "properties": {
        "osm_type": "way",
        "osm_id": 143991306,
        "sido": "전북특별자치도",
        "power_type": "line",
        "name": "",
        "description": "",
        "voltage": "345000",
        "cables": "6",
        "circuits": "2",
        "frequency": "60",
        "operator": "",
        "wires": ""
      }
    },
    {
      "type": "Feature",
      "geometry": {
        "type": "LineString",
        "coordinates": [
          [
            126.7856105,
            36.4665933
          ],
          [
            126.7836538,
            36.4668732
          ],
          [
            126.7798795,
            36.4656072
          ],
          [
            126.7780441,
            36.4629153
          ],
          [
            126.7761287,
            36.4601905
          ],
          [
            126.7747215,
            36.4582986
          ],
          [
            126.7731309,
            36.4567173
          ],
          [
            126.771319,
            36.4549149
          ],
          [
            126.7672905,
            36.4486557
          ],
          [
            126.7666929,
            36.4457614
          ],
          [
            126.7673047,
            36.4429942
          ],
          [
            126.7678129,
            36.4403823
          ],
          [
            126.7683871,
            36.4375445
          ],
          [
            126.7695165,
            36.4331254
          ],
          [
            126.770439,
            36.4297653
          ],
          [
            126.7712814,
            36.4265886
          ],
          [
            126.7719308,
            36.4244426
          ],
          [
            126.7727685,
            36.4213507
          ],
          [
            126.7736062,
            36.4179575
          ],
          [
            126.774458,
            36.4147903
          ],
          [
            126.7752016,
            36.4120513
          ],
          [
            126.7746557,
            36.408837
          ],
          [
            126.7743215,
            36.4068793
          ],
          [
            126.7737003,
            36.4033591
          ],
          [
            126.7730979,
            36.4005024
          ],
          [
            126.7717426,
            36.3970905
          ],
          [
            126.7702931,
            36.3936456
          ],
          [
            126.7691589,
            36.3909678
          ],
          [
            126.7677753,
            36.3881253
          ],
          [
            126.7668058,
            36.3853487
          ],
          [
            126.7666364,
            36.3822944
          ],
          [
            126.7664811,
            36.3783553
          ],
          [
            126.766354,
            36.3759364
          ],
          [
            126.7661658,
            36.3727503
          ],
          [
            126.765871,
            36.3697079
          ],
          [
            126.7657173,
            36.3665534
          ],
          [
            126.7656481,
            36.3621615
          ],
          [
            126.7655163,
            36.3594602
          ],
          [
            126.7653281,
            36.3563635
          ],
          [
            126.7651869,
            36.3528433
          ],
          [
            126.7649045,
            36.3478783
          ],
          [
            126.7649234,
            36.3453653
          ],
          [
            126.7649892,
            36.3412756
          ],
          [
            126.7650587,
            36.3359103
          ],
          [
            126.7650787,
            36.3317772
          ],
          [
            126.7651319,
            36.328516
          ],
          [
            126.7651119,
            36.3265327
          ],
          [
            126.7661236,
            36.3243497
          ],
          [
            126.7681069,
            36.3200769
          ],
          [
            126.7695445,
            36.3168689
          ],
          [
            126.7709488,
            36.3137142
          ],
          [
            126.772586,
            36.3100337
          ],
          [
            126.7739105,
            36.3072717
          ],
          [
            126.7748955,
            36.304889
          ],
          [
            126.7765061,
            36.3013616
          ],
          [
            126.7776442,
            36.2988991
          ],
          [
            126.7787224,
            36.2964832
          ],
          [
            126.7798405,
            36.294014
          ],
          [
            126.7825626,
            36.2881039
          ],
          [
            126.7846591,
            36.2832787
          ],
          [
            126.7856774,
            36.2811755
          ],
          [
            126.7871283,
            36.2776481
          ],
          [
            126.7902319,
            36.2707908
          ],
          [
            126.7905062,
            36.2668107
          ],
          [
            126.7903851,
            36.2639034
          ],
          [
            126.7909782,
            36.2613163
          ],
          [
            126.7916524,
            36.2575026
          ],
          [
            126.7923316,
            36.2540203
          ],
          [
            126.7928475,
            36.2513372
          ],
          [
            126.7914523,
            36.2456054
          ],
          [
            126.7910702,
            36.2401114
          ],
          [
            126.7911985,
            36.2370324
          ],
          [
            126.791403,
            36.2334178
          ],
          [
            126.792938,
            36.2309284
          ],
          [
            126.7948364,
            36.2279399
          ],
          [
            126.7966567,
            36.2250125
          ],
          [
            126.7994789,
            36.222839
          ],
          [
            126.8023791,
            36.2205059
          ],
          [
            126.8055748,
            36.2179962
          ],
          [
            126.8080608,
            36.2160367
          ],
          [
            126.8107437,
            36.2139209
          ],
          [
            126.8128221,
            36.2110139
          ],
          [
            126.8146678,
            36.2085116
          ],
          [
            126.8170906,
            36.2051006
          ],
          [
            126.8193825,
            36.2018149
          ],
          [
            126.8214164,
            36.1990374
          ],
          [
            126.8223146,
            36.1978163
          ],
          [
            126.8240973,
            36.1953356
          ],
          [
            126.8252523,
            36.1936561
          ],
          [
            126.828553,
            36.1890215
          ],
          [
            126.8305725,
            36.1862022
          ],
          [
            126.8345178,
            36.1833875
          ],
          [
            126.8368266,
            36.1817235
          ],
          [
            126.8393735,
            36.1799305
          ],
          [
            126.8418932,
            36.1782056
          ],
          [
            126.844205,
            36.1765367
          ],
          [
            126.8475777,
            36.1741377
          ],
          [
            126.8520656,
            36.1710064
          ],
          [
            126.8543081,
            36.1693859
          ],
          [
            126.8580033,
            36.1667727
          ],
          [
            126.8617588,
            36.164079
          ],
          [
            126.8652008,
            36.162967
          ],
          [
            126.8690748,
            36.1616742
          ],
          [
            126.8727996,
            36.1604719
          ],
          [
            126.8755587,
            36.159578
          ],
          [
            126.8775378,
            36.1578556
          ],
          [
            126.8801435,
            36.1555878
          ],
          [
            126.8819605,
            36.1530935
          ],
          [
            126.8836002,
            36.1507377
          ],
          [
            126.8853845,
            36.1482674
          ],
          [
            126.8879314,
            36.1456923
          ],
          [
            126.8906862,
            36.1429517
          ],
          [
            126.8951862,
            36.1382515
          ],
          [
            126.8971363,
            36.1361679
          ],
          [
            126.8998851,
            36.1334416
          ],
          [
            126.9030619,
            36.1298217
          ],
          [
            126.9049065,
            36.1276429
          ],
          [
            126.9076734,
            36.124461
          ],
          [
            126.9090237,
            36.1229637
          ],
          [
            126.9128364,
            36.1184936
          ],
          [
            126.9141505,
            36.1169914
          ],
          [
            126.9165618,
            36.1141694
          ],
          [
            126.9171052,
            36.1111144
          ],
          [
            126.9175899,
            36.1082686
          ],
          [
            126.9182327,
            36.1048324
          ],
          [
            126.9185822,
            36.1026697
          ],
          [
            126.9191839,
            36.0995169
          ],
          [
            126.9196108,
            36.0968406
          ],
          [
            126.9200675,
            36.0938978
          ],
          [
            126.9208738,
            36.0895509
          ],
          [
            126.9214405,
            36.0862111
          ],
          [
            126.9212828,
            36.0829949
          ],
          [
            126.9203466,
            36.0808775
          ],
          [
            126.9178767,
            36.078432
          ],
          [
            126.9150422,
            36.0772271
          ],
          [
            126.9110967,
            36.0755105
          ],
          [
            126.9079273,
            36.074157
          ],
          [
            126.9058647,
            36.0732591
          ],
          [
            126.9035325,
            36.0710638
          ],
          [
            126.9016905,
            36.0692777
          ],
          [
            126.8998975,
            36.0670871
          ],
          [
            126.8975939,
            36.0643204
          ],
          [
            126.8934973,
            36.0593876
          ],
          [
            126.8912509,
            36.0566768
          ],
          [
            126.8884613,
            36.0533319
          ],
          [
            126.8834659,
            36.0472908
          ],
          [
            126.8800881,
            36.0439312
          ],
          [
            126.874945,
            36.0415912
          ],
          [
            126.8742362,
            36.0391611
          ],
          [
            126.8719308,
            36.0361202
          ],
          [
            126.8718445,
            36.0328154
          ],
          [
            126.8707052,
            36.0296261
          ],
          [
            126.8696443,
            36.0269486
          ],
          [
            126.8686153,
            36.0243042
          ],
          [
            126.8680634,
            36.0214558
          ],
          [
            126.8670622,
            36.0162981
          ],
          [
            126.8666795,
            36.012007
          ],
          [
            126.866684,
            36.009013
          ],
          [
            126.8649054,
            36.0067479
          ],
          [
            126.8638471,
            36.003174
          ],
          [
            126.8642278,
            35.9998363
          ],
          [
            126.8645245,
            35.9961596
          ],
          [
            126.8647561,
            35.9935196
          ],
          [
            126.8641224,
            35.9904316
          ],
          [
            126.8640696,
            35.9864756
          ],
          [
            126.8636353,
            35.9855989
          ],
          [
            126.8611084,
            35.9804972
          ],
          [
            126.861049,
            35.9787172
          ],
          [
            126.8610357,
            35.9783905
          ],
          [
            126.8609064,
            35.9752263
          ],
          [
            126.8568331,
            35.9698671
          ],
          [
            126.8574706,
            35.969063
          ]
        ]
      },
      "properties": {
        "osm_type": "way",
        "osm_id": 148851969,
        "sido": "전북특별자치도",
        "power_type": "line",
        "name": "",
        "description": "",
        "voltage": "345000",
        "cables": "6",
        "circuits": "2",
        "frequency": "60",
        "operator": "",
        "wires": ""
      }
    },
    {
      "type": "Feature",
      "geometry": {
        "type": "LineString",
        "coordinates": [
          [
            126.4243563,
            35.4058782
          ],
          [
            126.4252704,
            35.405332
          ],
          [
            126.4289301,
            35.4029474
          ],
          [
            126.4346941,
            35.3990447
          ],
          [
            126.4405588,
            35.3950977
          ],
          [
            126.4421851,
            35.3937011
          ],
          [
            126.445024,
            35.3912757
          ],
          [
            126.4470914,
            35.3912474
          ],
          [
            126.447697,
            35.3912391
          ],
          [
            126.4512797,
            35.3912273
          ],
          [
            126.452291,
            35.3912239
          ],
          [
            126.4544791,
            35.3912167
          ],
          [
            126.4583302,
            35.3918062
          ],
          [
            126.462084,
            35.3924801
          ],
          [
            126.4647806,
            35.3929445
          ],
          [
            126.4691609,
            35.3929788
          ],
          [
            126.4704524,
            35.3939271
          ],
          [
            126.4720273,
            35.3950836
          ],
          [
            126.4735446,
            35.3962635
          ],
          [
            126.476862,
            35.3986203
          ],
          [
            126.4796908,
            35.3998122
          ],
          [
            126.4823286,
            35.4009202
          ],
          [
            126.4856644,
            35.4023905
          ],
          [
            126.4898048,
            35.4041303
          ],
          [
            126.4932985,
            35.4056515
          ],
          [
            126.4961126,
            35.4065528
          ],
          [
            126.5001207,
            35.4077954
          ],
          [
            126.5041141,
            35.4089931
          ],
          [
            126.5108812,
            35.4100411
          ],
          [
            126.5138019,
            35.4104513
          ],
          [
            126.5167465,
            35.4119755
          ],
          [
            126.5186552,
            35.4128783
          ],
          [
            126.5233491,
            35.4152457
          ],
          [
            126.5280908,
            35.4176098
          ],
          [
            126.5312125,
            35.4191545
          ],
          [
            126.5341805,
            35.4221322
          ],
          [
            126.5365753,
            35.4243499
          ],
          [
            126.5393207,
            35.4269994
          ],
          [
            126.5417474,
            35.4291651
          ],
          [
            126.5441703,
            35.4313729
          ],
          [
            126.5468188,
            35.433749
          ],
          [
            126.5496392,
            35.4343596
          ],
          [
            126.5528259,
            35.4351035
          ],
          [
            126.5573086,
            35.4361296
          ],
          [
            126.5612279,
            35.4370364
          ],
          [
            126.5677731,
            35.4385423
          ],
          [
            126.5723707,
            35.4396259
          ],
          [
            126.5773438,
            35.4407374
          ],
          [
            126.5808525,
            35.4415702
          ],
          [
            126.5880076,
            35.4432187
          ],
          [
            126.5917292,
            35.4440651
          ],
          [
            126.5970527,
            35.4452207
          ],
          [
            126.6010705,
            35.4462165
          ],
          [
            126.6051967,
            35.4471886
          ],
          [
            126.6076123,
            35.4477732
          ],
          [
            126.6113672,
            35.4482898
          ],
          [
            126.6163641,
            35.4490681
          ],
          [
            126.6215251,
            35.4498175
          ],
          [
            126.6256933,
            35.4504832
          ],
          [
            126.630944,
            35.451273
          ],
          [
            126.6336382,
            35.4516771
          ],
          [
            126.6368366,
            35.4520746
          ],
          [
            126.6398084,
            35.4524333
          ],
          [
            126.6423543,
            35.4527679
          ],
          [
            126.6458,
            35.4531524
          ],
          [
            126.6503137,
            35.4538973
          ],
          [
            126.6553053,
            35.4547673
          ],
          [
            126.6583526,
            35.4552372
          ],
          [
            126.660811,
            35.4556343
          ],
          [
            126.6659169,
            35.4564728
          ],
          [
            126.6696335,
            35.4574707
          ],
          [
            126.6720037,
            35.458179
          ],
          [
            126.6755409,
            35.4591295
          ],
          [
            126.6789435,
            35.4600754
          ],
          [
            126.6821525,
            35.4610122
          ],
          [
            126.6870782,
            35.4613503
          ],
          [
            126.6910586,
            35.4614988
          ],
          [
            126.6958665,
            35.4617661
          ],
          [
            126.7009651,
            35.4621147
          ],
          [
            126.7050885,
            35.4623707
          ],
          [
            126.7110923,
            35.4626402
          ],
          [
            126.716217,
            35.4629091
          ],
          [
            126.7196706,
            35.4631121
          ],
          [
            126.7247409,
            35.4669566
          ],
          [
            126.7285184,
            35.4679068
          ],
          [
            126.7322184,
            35.468857
          ],
          [
            126.7359469,
            35.4698338
          ],
          [
            126.7415111,
            35.4731062
          ],
          [
            126.7449092,
            35.4749932
          ],
          [
            126.7480626,
            35.4767937
          ],
          [
            126.7503919,
            35.4816304
          ],
          [
            126.7516728,
            35.4841218
          ],
          [
            126.7534267,
            35.48769
          ],
          [
            126.7555844,
            35.4903816
          ],
          [
            126.7587747,
            35.4944681
          ],
          [
            126.7637622,
            35.5013376
          ],
          [
            126.7651166,
            35.5037552
          ],
          [
            126.7671032,
            35.5071626
          ],
          [
            126.7697474,
            35.5116041
          ],
          [
            126.7708486,
            35.5134722
          ],
          [
            126.7722645,
            35.5159426
          ],
          [
            126.7738221,
            35.5185088
          ],
          [
            126.775498,
            35.5217722
          ],
          [
            126.7766374,
            35.523986
          ],
          [
            126.7776182,
            35.5259885
          ],
          [
            126.7779153,
            35.527984
          ],
          [
            126.7784258,
            35.5316601
          ],
          [
            126.7789537,
            35.53543
          ],
          [
            126.7793806,
            35.5384885
          ],
          [
            126.7797845,
            35.541284
          ],
          [
            126.7802835,
            35.5447835
          ],
          [
            126.7808171,
            35.5483884
          ],
          [
            126.7813075,
            35.5518829
          ],
          [
            126.781394,
            35.5547929
          ],
          [
            126.7814748,
            35.5575175
          ],
          [
            126.7834507,
            35.5604695
          ],
          [
            126.7855766,
            35.5637101
          ],
          [
            126.7880602,
            35.5673893
          ],
          [
            126.7901169,
            35.5704254
          ],
          [
            126.7959674,
            35.5773474
          ],
          [
            126.7984478,
            35.5800756
          ],
          [
            126.8010496,
            35.5828345
          ],
          [
            126.8029303,
            35.5849106
          ],
          [
            126.8049812,
            35.5871016
          ],
          [
            126.8087586,
            35.5921472
          ],
          [
            126.8098296,
            35.5939127
          ],
          [
            126.8127352,
            35.5988585
          ],
          [
            126.8147804,
            35.6021758
          ],
          [
            126.8163046,
            35.6060925
          ],
          [
            126.817337,
            35.6086899
          ],
          [
            126.8183939,
            35.6114421
          ],
          [
            126.8194615,
            35.6140344
          ],
          [
            126.8213224,
            35.6162721
          ],
          [
            126.8231329,
            35.6184211
          ],
          [
            126.8248389,
            35.6203165
          ],
          [
            126.8267285,
            35.6226177
          ],
          [
            126.830174,
            35.6270604
          ],
          [
            126.832239,
            35.6295357
          ],
          [
            126.8328758,
            35.6303171
          ],
          [
            126.8362986,
            35.6345168
          ],
          [
            126.8390319,
            35.6380569
          ],
          [
            126.8415669,
            35.6409517
          ],
          [
            126.8438777,
            35.643758
          ],
          [
            126.8476853,
            35.6455927
          ],
          [
            126.8515024,
            35.6472944
          ],
          [
            126.8547342,
            35.6493102
          ],
          [
            126.858443,
            35.650486
          ],
          [
            126.8618051,
            35.6520422
          ],
          [
            126.8655051,
            35.6537474
          ],
          [
            126.8690616,
            35.6553826
          ],
          [
            126.8725893,
            35.6569818
          ],
          [
            126.8766964,
            35.6569136
          ],
          [
            126.8816967,
            35.6568283
          ],
          [
            126.885797,
            35.6567145
          ],
          [
            126.8892286,
            35.6566832
          ],
          [
            126.8928563,
            35.656558
          ],
          [
            126.9016308,
            35.6602823
          ],
          [
            126.9051161,
            35.6619753
          ],
          [
            126.9094692,
            35.6658525
          ],
          [
            126.9112288,
            35.6675894
          ],
          [
            126.9141911,
            35.6702247
          ],
          [
            126.9167582,
            35.6725648
          ],
          [
            126.9200951,
            35.6745928
          ],
          [
            126.92361,
            35.676729
          ],
          [
            126.9271672,
            35.6788817
          ],
          [
            126.9301962,
            35.6806788
          ],
          [
            126.9333154,
            35.6825788
          ],
          [
            126.9367771,
            35.6839958
          ],
          [
            126.9395438,
            35.6849837
          ],
          [
            126.9427786,
            35.6862203
          ],
          [
            126.9466562,
            35.6877027
          ],
          [
            126.9504875,
            35.6891674
          ],
          [
            126.953117,
            35.6901726
          ],
          [
            126.9559881,
            35.691813
          ],
          [
            126.9587981,
            35.6934184
          ],
          [
            126.9633503,
            35.6959514
          ],
          [
            126.9670024,
            35.6980412
          ],
          [
            126.96991,
            35.6988244
          ],
          [
            126.9746406,
            35.7001777
          ],
          [
            126.9784751,
            35.7011556
          ],
          [
            126.9837117,
            35.7025299
          ],
          [
            126.9866336,
            35.7032995
          ],
          [
            126.9897888,
            35.7045716
          ],
          [
            126.9927082,
            35.70575
          ],
          [
            126.9962686,
            35.7071317
          ],
          [
            127.0001161,
            35.7086669
          ],
          [
            127.0033572,
            35.7099289
          ],
          [
            127.0063749,
            35.7110295
          ],
          [
            127.0094245,
            35.71212
          ],
          [
            127.0131886,
            35.7135216
          ],
          [
            127.017925,
            35.7152022
          ],
          [
            127.0214206,
            35.7163831
          ],
          [
            127.0244524,
            35.7183183
          ],
          [
            127.0279357,
            35.720419
          ],
          [
            127.0305678,
            35.7231592
          ],
          [
            127.032347,
            35.7270401
          ],
          [
            127.0337101,
            35.7299668
          ],
          [
            127.0349581,
            35.7325912
          ],
          [
            127.0330165,
            35.7365904
          ],
          [
            127.0294795,
            35.7389771
          ]
        ]
      },
      "properties": {
        "osm_type": "way",
        "osm_id": 249758138,
        "sido": "전북특별자치도",
        "power_type": "line",
        "name": "",
        "description": "",
        "voltage": "345000",
        "cables": "6",
        "circuits": "2",
        "frequency": "60",
        "operator": "",
        "wires": ""
      }
    },
    {
      "type": "Feature",
      "geometry": {
        "type": "LineString",
        "coordinates": [
          [
            126.8572878,
            35.9673144
          ],
          [
            126.8584699,
            35.9669161
          ],
          [
            126.8612233,
            35.9691809
          ],
          [
            126.864618,
            35.9711062
          ],
          [
            126.8676555,
            35.9722534
          ],
          [
            126.8698207,
            35.9735442
          ],
          [
            126.870106,
            35.9737291
          ],
          [
            126.8714747,
            35.9747373
          ],
          [
            126.8757282,
            35.9745084
          ],
          [
            126.8793501,
            35.9730009
          ],
          [
            126.883169,
            35.9722365
          ],
          [
            126.8864254,
            35.9709219
          ],
          [
            126.888876,
            35.9693389
          ]
        ]
      },
      "properties": {
        "osm_type": "way",
        "osm_id": 308733186,
        "sido": "전북특별자치도",
        "power_type": "line",
        "name": "",
        "description": "",
        "voltage": "154000",
        "cables": "12",
        "circuits": "4",
        "frequency": "60",
        "operator": "",
        "wires": ""
      }
    },
    {
      "type": "Feature",
      "geometry": {
        "type": "LineString",
        "coordinates": [
          [
            126.888876,
            35.9693389
          ],
          [
            126.8921649,
            35.9681165
          ],
          [
            126.8946891,
            35.9673312
          ],
          [
            126.8989392,
            35.965975
          ],
          [
            126.9018036,
            35.9650477
          ],
          [
            126.9053216,
            35.9639384
          ],
          [
            126.908623,
            35.9628485
          ],
          [
            126.9118465,
            35.9618115
          ],
          [
            126.9151854,
            35.9607341
          ],
          [
            126.9180989,
            35.9586936
          ],
          [
            126.9214589,
            35.9563403
          ],
          [
            126.9239497,
            35.9560593
          ],
          [
            126.9243858,
            35.9540119
          ],
          [
            126.9250121,
            35.9510573
          ],
          [
            126.9255388,
            35.9488835
          ]
        ]
      },
      "properties": {
        "osm_type": "way",
        "osm_id": 308733187,
        "sido": "전북특별자치도",
        "power_type": "line",
        "name": "",
        "description": "",
        "voltage": "154000",
        "cables": "6",
        "circuits": "2",
        "frequency": "60",
        "operator": "",
        "wires": ""
      }
    },
    {
      "type": "Feature",
      "geometry": {
        "type": "LineString",
        "coordinates": [
          [
            126.888876,
            35.9693389
          ],
          [
            126.8930452,
            35.9693315
          ],
          [
            126.8958543,
            35.9680719
          ],
          [
            126.8989956,
            35.9669366
          ],
          [
            126.9024666,
            35.9665653
          ],
          [
            126.9055297,
            35.9654316
          ],
          [
            126.9083574,
            35.9643216
          ],
          [
            126.9112123,
            35.9630893
          ],
          [
            126.9142927,
            35.9621692
          ],
          [
            126.91701,
            35.9611426
          ],
          [
            126.9201552,
            35.9601933
          ],
          [
            126.9236241,
            35.9596016
          ],
          [
            126.9233218,
            35.9627825
          ],
          [
            126.9230498,
            35.9661103
          ],
          [
            126.9228426,
            35.9685547
          ],
          [
            126.9226065,
            35.9713776
          ],
          [
            126.9223727,
            35.9740635
          ],
          [
            126.9221499,
            35.9767817
          ],
          [
            126.9219228,
            35.9794475
          ],
          [
            126.9216889,
            35.9821511
          ],
          [
            126.9215152,
            35.9842075
          ],
          [
            126.9214475,
            35.9850207
          ],
          [
            126.921221,
            35.9877421
          ],
          [
            126.9215769,
            35.9904488
          ],
          [
            126.9219518,
            35.9931936
          ],
          [
            126.9223235,
            35.9959588
          ],
          [
            126.9229631,
            35.9972808
          ],
          [
            126.9235559,
            35.9984779
          ],
          [
            126.9248291,
            36.001089
          ],
          [
            126.9261961,
            36.003799
          ],
          [
            126.9275407,
            36.006553
          ],
          [
            126.9290636,
            36.0097095
          ],
          [
            126.9312615,
            36.0145036
          ],
          [
            126.9324164,
            36.017317
          ],
          [
            126.9336313,
            36.0201976
          ],
          [
            126.9347109,
            36.0226445
          ],
          [
            126.9355455,
            36.0246707
          ],
          [
            126.9382594,
            36.0266736
          ],
          [
            126.9410385,
            36.0287063
          ],
          [
            126.9434883,
            36.0305082
          ],
          [
            126.9453692,
            36.03191
          ],
          [
            126.9477148,
            36.032785
          ],
          [
            126.9503939,
            36.0337358
          ],
          [
            126.9523708,
            36.0344213
          ],
          [
            126.9558176,
            36.035163
          ],
          [
            126.9577375,
            36.0355757
          ],
          [
            126.9601657,
            36.0361068
          ],
          [
            126.9613731,
            36.0376632
          ],
          [
            126.9637902,
            36.040699
          ],
          [
            126.9659673,
            36.0437431
          ],
          [
            126.9669322,
            36.0451542
          ],
          [
            126.9691619,
            36.0482509
          ],
          [
            126.9698073,
            36.0498266
          ],
          [
            126.9702697,
            36.0509556
          ],
          [
            126.9713621,
            36.0535088
          ],
          [
            126.972334,
            36.0552583
          ],
          [
            126.9759346,
            36.0612918
          ],
          [
            126.9760673,
            36.0611982
          ],
          [
            126.9761767,
            36.061051
          ],
          [
            126.9763662,
            36.0614385
          ],
          [
            126.9761801,
            36.0614371
          ],
          [
            126.9760322,
            36.0614938
          ],
          [
            126.9777354,
            36.0650511
          ],
          [
            126.9783193,
            36.0664117
          ],
          [
            126.9806863,
            36.068626
          ],
          [
            126.9832907,
            36.0709754
          ],
          [
            126.9851679,
            36.0726595
          ],
          [
            126.9871682,
            36.074532
          ],
          [
            126.9880685,
            36.0768846
          ],
          [
            126.9890995,
            36.0796023
          ],
          [
            126.9901417,
            36.082336
          ],
          [
            126.9910383,
            36.0848122
          ],
          [
            126.9912587,
            36.0850209
          ],
          [
            126.993801,
            36.0874286
          ],
          [
            126.9962657,
            36.0892816
          ],
          [
            126.9979742,
            36.0905674
          ],
          [
            126.9996192,
            36.0917472
          ],
          [
            127.0024145,
            36.0937811
          ],
          [
            127.0050343,
            36.0958121
          ],
          [
            127.0069551,
            36.097246
          ],
          [
            127.009863,
            36.0994334
          ],
          [
            127.0138893,
            36.1024575
          ],
          [
            127.0165014,
            36.1043897
          ],
          [
            127.0196855,
            36.106115
          ],
          [
            127.0205291,
            36.1065809
          ],
          [
            127.0223718,
            36.1075986
          ],
          [
            127.025117,
            36.1094098
          ],
          [
            127.0282877,
            36.1114817
          ],
          [
            127.0315826,
            36.1136781
          ],
          [
            127.0344419,
            36.1155568
          ],
          [
            127.0367879,
            36.1171006
          ],
          [
            127.0396141,
            36.1189954
          ],
          [
            127.0420237,
            36.1205805
          ],
          [
            127.0443842,
            36.1221333
          ],
          [
            127.0457155,
            36.1238438
          ],
          [
            127.0473288,
            36.1258906
          ],
          [
            127.0497911,
            36.1290097
          ],
          [
            127.052917,
            36.1330006
          ],
          [
            127.0549249,
            36.1355604
          ],
          [
            127.0565822,
            36.1379955
          ],
          [
            127.0580781,
            36.1401495
          ],
          [
            127.0595709,
            36.1423115
          ],
          [
            127.0611016,
            36.1445907
          ],
          [
            127.0630957,
            36.1475192
          ],
          [
            127.0648373,
            36.1500767
          ],
          [
            127.0662906,
            36.1522238
          ],
          [
            127.0694606,
            36.1541331
          ],
          [
            127.0711009,
            36.1551142
          ],
          [
            127.075075,
            36.1575143
          ],
          [
            127.0774348,
            36.1589489
          ],
          [
            127.0802354,
            36.1606193
          ],
          [
            127.0839523,
            36.1628502
          ],
          [
            127.0866479,
            36.1654115
          ],
          [
            127.0891723,
            36.1669553
          ],
          [
            127.0910941,
            36.1681671
          ],
          [
            127.0944982,
            36.1704843
          ],
          [
            127.0969555,
            36.1722326
          ],
          [
            127.1000391,
            36.1731696
          ],
          [
            127.1031446,
            36.1740897
          ],
          [
            127.1062664,
            36.1753972
          ],
          [
            127.1082461,
            36.1762322
          ],
          [
            127.1097148,
            36.1773286
          ]
        ]
      },
      "properties": {
        "osm_type": "way",
        "osm_id": 308733189,
        "sido": "전북특별자치도",
        "power_type": "line",
        "name": "",
        "description": "",
        "voltage": "154000",
        "cables": "6",
        "circuits": "2",
        "frequency": "60",
        "operator": "",
        "wires": ""
      }
    },
    {
      "type": "Feature",
      "geometry": {
        "type": "LineString",
        "coordinates": [
          [
            127.046141,
            35.8441458
          ],
          [
            127.042776,
            35.8443931
          ],
          [
            127.0405426,
            35.8478803
          ],
          [
            127.0382327,
            35.85147
          ],
          [
            127.0360903,
            35.8542952
          ],
          [
            127.0343494,
            35.8570305
          ],
          [
            127.0326085,
            35.8597805
          ],
          [
            127.0329542,
            35.861685
          ],
          [
            127.0337319,
            35.8641697
          ],
          [
            127.0341705,
            35.8671592
          ],
          [
            127.0354974,
            35.870094
          ],
          [
            127.0368176,
            35.8727174
          ],
          [
            127.0362726,
            35.876187
          ],
          [
            127.0363031,
            35.8784326
          ],
          [
            127.0381427,
            35.8811705
          ],
          [
            127.0396437,
            35.8834226
          ],
          [
            127.0412334,
            35.8858137
          ],
          [
            127.042471,
            35.888859
          ],
          [
            127.0424939,
            35.8919517
          ],
          [
            127.0427308,
            35.8987651
          ],
          [
            127.042785,
            35.9017617
          ],
          [
            127.0433248,
            35.9047713
          ],
          [
            127.043794,
            35.9073835
          ],
          [
            127.0444156,
            35.9107227
          ],
          [
            127.0450321,
            35.9140969
          ],
          [
            127.0456054,
            35.917303
          ],
          [
            127.0462345,
            35.9205378
          ],
          [
            127.0458157,
            35.9230415
          ],
          [
            127.0452568,
            35.926217
          ],
          [
            127.0448182,
            35.9292834
          ],
          [
            127.04429,
            35.9324044
          ],
          [
            127.0438139,
            35.9352889
          ],
          [
            127.0433062,
            35.9384264
          ],
          [
            127.042851,
            35.9412607
          ],
          [
            127.0423135,
            35.9445288
          ],
          [
            127.0418004,
            35.9476527
          ],
          [
            127.0404457,
            35.9511892
          ],
          [
            127.0392448,
            35.9539866
          ],
          [
            127.0380791,
            35.9569559
          ],
          [
            127.0368889,
            35.9600983
          ],
          [
            127.0356797,
            35.9631345
          ],
          [
            127.0347518,
            35.9656273
          ],
          [
            127.0324959,
            35.968297
          ],
          [
            127.0305826,
            35.9705067
          ],
          [
            127.0284658,
            35.973096
          ],
          [
            127.0249933,
            35.9745028
          ],
          [
            127.021348,
            35.9759779
          ],
          [
            127.0172125,
            35.9776154
          ],
          [
            127.0129429,
            35.9786926
          ],
          [
            127.0086749,
            35.9797008
          ],
          [
            127.0052495,
            35.9814582
          ],
          [
            127.0020559,
            35.98315
          ],
          [
            126.9990402,
            35.9847694
          ],
          [
            126.9965774,
            35.9860042
          ],
          [
            126.9939304,
            35.9889206
          ],
          [
            126.9923018,
            35.9909133
          ],
          [
            126.9892071,
            35.9921716
          ],
          [
            126.9859372,
            35.9936187
          ],
          [
            126.9826996,
            35.9949905
          ],
          [
            126.9794399,
            35.9963797
          ],
          [
            126.9759265,
            35.997848
          ],
          [
            126.9729092,
            35.9995172
          ],
          [
            126.9697878,
            36.001231
          ],
          [
            126.9666928,
            36.0029072
          ],
          [
            126.9630622,
            36.0037586
          ],
          [
            126.9600886,
            36.001615
          ],
          [
            126.9588727,
            35.9983319
          ],
          [
            126.9579488,
            35.9950128
          ],
          [
            126.9568058,
            35.9920971
          ],
          [
            126.9549047,
            35.9888484
          ],
          [
            126.9516057,
            35.9871018
          ],
          [
            126.9483768,
            35.9878652
          ],
          [
            126.9446916,
            35.9892952
          ],
          [
            126.9414579,
            35.9888159
          ],
          [
            126.9376994,
            35.9873059
          ],
          [
            126.9347881,
            35.9861032
          ],
          [
            126.9317851,
            35.9849395
          ],
          [
            126.9284546,
            35.9856521
          ],
          [
            126.9249155,
            35.9854252
          ],
          [
            126.9208461,
            35.9851694
          ],
          [
            126.9169798,
            35.9848884
          ],
          [
            126.9127085,
            35.9846067
          ],
          [
            126.9088391,
            35.9840456
          ],
          [
            126.9055322,
            35.9818098
          ],
          [
            126.9023734,
            35.9796645
          ],
          [
            126.8993774,
            35.9780162
          ],
          [
            126.8961364,
            35.9761271
          ],
          [
            126.8928213,
            35.9742994
          ],
          [
            126.889986,
            35.9726541
          ],
          [
            126.8864096,
            35.9724579
          ],
          [
            126.8826499,
            35.9737072
          ],
          [
            126.878867,
            35.9750458
          ],
          [
            126.8747981,
            35.9765183
          ],
          [
            126.8710466,
            35.975919
          ],
          [
            126.8674812,
            35.974229
          ],
          [
            126.8653268,
            35.9731483
          ],
          [
            126.8626285,
            35.9717504
          ],
          [
            126.8596444,
            35.9692875
          ],
          [
            126.8585008,
            35.9690441
          ]
        ]
      },
      "properties": {
        "osm_type": "way",
        "osm_id": 308733213,
        "sido": "전북특별자치도",
        "power_type": "line",
        "name": "",
        "description": "",
        "voltage": "345000",
        "cables": "6",
        "circuits": "2",
        "frequency": "60",
        "operator": "",
        "wires": ""
      }
    },
    {
      "type": "Feature",
      "geometry": {
        "type": "LineString",
        "coordinates": [
          [
            126.9346857,
            35.2095142
          ],
          [
            126.9352699,
            35.2117268
          ],
          [
            126.9360422,
            35.2146814
          ],
          [
            126.9360075,
            35.2182811
          ],
          [
            126.9359803,
            35.2209281
          ],
          [
            126.9359506,
            35.224849
          ],
          [
            126.9388303,
            35.2300285
          ],
          [
            126.9403181,
            35.2327163
          ],
          [
            126.9424955,
            35.2350381
          ],
          [
            126.9445315,
            35.2372206
          ],
          [
            126.9460619,
            35.2404492
          ],
          [
            126.9474872,
            35.243445
          ],
          [
            126.9505351,
            35.2454243
          ],
          [
            126.9535706,
            35.2473331
          ],
          [
            126.9575345,
            35.2497316
          ],
          [
            126.9608,
            35.2518415
          ],
          [
            126.9640204,
            35.2540218
          ],
          [
            126.9671011,
            35.2559639
          ],
          [
            126.972782,
            35.2595025
          ],
          [
            126.9753862,
            35.2611829
          ],
          [
            126.9789311,
            35.2634368
          ],
          [
            126.9818188,
            35.2652814
          ],
          [
            126.985261,
            35.2672836
          ],
          [
            126.9881865,
            35.269
          ],
          [
            126.99088,
            35.2705806
          ],
          [
            126.9939458,
            35.2726893
          ],
          [
            126.996376,
            35.2744018
          ],
          [
            126.9990521,
            35.2762545
          ],
          [
            127.0024369,
            35.2777745
          ],
          [
            127.0056395,
            35.2792269
          ],
          [
            127.0104269,
            35.2802544
          ],
          [
            127.015651,
            35.281437
          ],
          [
            127.022102,
            35.2827786
          ],
          [
            127.0271754,
            35.2837798
          ],
          [
            127.0303008,
            35.2847931
          ],
          [
            127.0338595,
            35.2859469
          ],
          [
            127.0378883,
            35.2872531
          ],
          [
            127.0412845,
            35.2883768
          ],
          [
            127.0436694,
            35.2896974
          ],
          [
            127.0464815,
            35.2912212
          ],
          [
            127.0494012,
            35.2928438
          ],
          [
            127.0519879,
            35.2942742
          ],
          [
            127.0560479,
            35.2964714
          ],
          [
            127.060266,
            35.298881
          ],
          [
            127.0634245,
            35.3005968
          ],
          [
            127.0672344,
            35.3010449
          ],
          [
            127.0725026,
            35.301662
          ],
          [
            127.0751506,
            35.3019507
          ],
          [
            127.0783185,
            35.3023598
          ],
          [
            127.0832124,
            35.3056912
          ],
          [
            127.0864906,
            35.308003
          ],
          [
            127.0921179,
            35.3119714
          ],
          [
            127.0941445,
            35.3134005
          ],
          [
            127.0979573,
            35.316084
          ],
          [
            127.1009556,
            35.318216
          ],
          [
            127.1052325,
            35.3211879
          ],
          [
            127.1082585,
            35.3233393
          ],
          [
            127.1147191,
            35.3251181
          ],
          [
            127.1200915,
            35.3266146
          ],
          [
            127.124058,
            35.3276476
          ],
          [
            127.1281508,
            35.3288283
          ],
          [
            127.1317702,
            35.3298298
          ],
          [
            127.1361081,
            35.3310344
          ],
          [
            127.1397399,
            35.3322916
          ],
          [
            127.1426108,
            35.333263
          ],
          [
            127.1466927,
            35.3346442
          ],
          [
            127.1502949,
            35.3358623
          ],
          [
            127.1548254,
            35.3373985
          ],
          [
            127.162073,
            35.3398071
          ],
          [
            127.1692801,
            35.3422997
          ],
          [
            127.175641,
            35.3444427
          ],
          [
            127.179945,
            35.3458843
          ],
          [
            127.183136,
            35.346977
          ],
          [
            127.1862718,
            35.3480507
          ],
          [
            127.1902306,
            35.349448
          ],
          [
            127.2022691,
            35.351524
          ],
          [
            127.2067458,
            35.3522193
          ],
          [
            127.2100705,
            35.3532324
          ],
          [
            127.2136435,
            35.3544025
          ],
          [
            127.2190579,
            35.3560592
          ],
          [
            127.2299647,
            35.3599783
          ],
          [
            127.23733,
            35.3628266
          ],
          [
            127.2411189,
            35.3629208
          ],
          [
            127.24366,
            35.3630059
          ],
          [
            127.2476621,
            35.3623752
          ],
          [
            127.2519833,
            35.3616544
          ],
          [
            127.2554702,
            35.3622417
          ],
          [
            127.2597885,
            35.3629679
          ],
          [
            127.2649776,
            35.3639269
          ],
          [
            127.2691977,
            35.3645165
          ],
          [
            127.2728957,
            35.3652033
          ],
          [
            127.2770117,
            35.365869
          ],
          [
            127.2804582,
            35.3664264
          ],
          [
            127.2839811,
            35.3669962
          ],
          [
            127.2876808,
            35.3666447
          ],
          [
            127.2917497,
            35.3662576
          ],
          [
            127.2954351,
            35.3659295
          ],
          [
            127.2989278,
            35.3658015
          ],
          [
            127.3029399,
            35.3655402
          ],
          [
            127.306121,
            35.364184
          ],
          [
            127.308653,
            35.3641272
          ],
          [
            127.3133479,
            35.3628207
          ],
          [
            127.3179415,
            35.3613864
          ],
          [
            127.32171,
            35.3602993
          ],
          [
            127.3258352,
            35.3591181
          ],
          [
            127.3295822,
            35.359855
          ],
          [
            127.3324973,
            35.3602626
          ],
          [
            127.3356254,
            35.3608051
          ],
          [
            127.3384658,
            35.3612653
          ],
          [
            127.3421507,
            35.3619053
          ],
          [
            127.3459403,
            35.362585
          ],
          [
            127.3502158,
            35.3634719
          ],
          [
            127.3539867,
            35.364243
          ],
          [
            127.3588076,
            35.3653647
          ],
          [
            127.3624998,
            35.3661219
          ],
          [
            127.3664509,
            35.3669911
          ],
          [
            127.3715991,
            35.3680971
          ],
          [
            127.3750013,
            35.3688634
          ],
          [
            127.3807965,
            35.3701057
          ],
          [
            127.3873001,
            35.3715234
          ],
          [
            127.3897214,
            35.3738195
          ],
          [
            127.3923041,
            35.3763067
          ],
          [
            127.3943935,
            35.3782396
          ],
          [
            127.3959288,
            35.3803145
          ],
          [
            127.3973281,
            35.3821754
          ],
          [
            127.3996459,
            35.3852375
          ],
          [
            127.4020287,
            35.388219
          ],
          [
            127.4036958,
            35.3905188
          ],
          [
            127.407284,
            35.3929066
          ],
          [
            127.4100434,
            35.3947725
          ],
          [
            127.4123155,
            35.3963102
          ],
          [
            127.4144307,
            35.397713
          ],
          [
            127.4165898,
            35.3991657
          ],
          [
            127.4191805,
            35.4009344
          ],
          [
            127.4227877,
            35.4034083
          ],
          [
            127.4261703,
            35.4057266
          ],
          [
            127.427637,
            35.4078479
          ],
          [
            127.430441,
            35.4118218
          ],
          [
            127.4326891,
            35.4130266
          ],
          [
            127.4363023,
            35.4149221
          ],
          [
            127.4396221,
            35.4166699
          ],
          [
            127.4429134,
            35.4184211
          ],
          [
            127.4462875,
            35.4200173
          ],
          [
            127.4480051,
            35.4218874
          ],
          [
            127.450721,
            35.4248442
          ],
          [
            127.4525129,
            35.426795
          ],
          [
            127.4541614,
            35.4285348
          ],
          [
            127.4551049,
            35.4310408
          ],
          [
            127.4561099,
            35.4335464
          ],
          [
            127.4575403,
            35.4370981
          ],
          [
            127.4585148,
            35.4395371
          ],
          [
            127.4603024,
            35.4412618
          ],
          [
            127.4627302,
            35.4436019
          ],
          [
            127.4652849,
            35.4460291
          ],
          [
            127.4673938,
            35.4483937
          ],
          [
            127.4679377,
            35.4500622
          ]
        ]
      },
      "properties": {
        "osm_type": "way",
        "osm_id": 310226144,
        "sido": "전북특별자치도",
        "power_type": "line",
        "name": "",
        "description": "",
        "voltage": "345000",
        "cables": "6",
        "circuits": "2",
        "frequency": "60",
        "operator": "",
        "wires": ""
      }
    },
    {
      "type": "Feature",
      "geometry": {
        "type": "LineString",
        "coordinates": [
          [
            127.4539328,
            35.7805615
          ],
          [
            127.4542969,
            35.7809565
          ],
          [
            127.4562764,
            35.7811132
          ],
          [
            127.4575531,
            35.7798947
          ],
          [
            127.460745,
            35.7766175
          ],
          [
            127.4665976,
            35.7705286
          ],
          [
            127.4698698,
            35.7670944
          ],
          [
            127.4714684,
            35.7654752
          ],
          [
            127.4733514,
            35.7635382
          ],
          [
            127.4746978,
            35.7620669
          ],
          [
            127.4761677,
            35.7595509
          ],
          [
            127.4779701,
            35.7565689
          ],
          [
            127.4796975,
            35.7537784
          ],
          [
            127.4793327,
            35.7516365
          ],
          [
            127.4778843,
            35.7494554
          ],
          [
            127.4767631,
            35.7468736
          ],
          [
            127.4757171,
            35.7446662
          ],
          [
            127.4758565,
            35.7426982
          ],
          [
            127.4762213,
            35.7400814
          ],
          [
            127.477498,
            35.7378346
          ],
          [
            127.4783564,
            35.736328
          ],
          [
            127.4805129,
            35.7325353
          ],
          [
            127.4832594,
            35.7284767
          ],
          [
            127.4851745,
            35.7255111
          ],
          [
            127.4880981,
            35.7213694
          ],
          [
            127.4886078,
            35.7175541
          ],
          [
            127.4889296,
            35.7149452
          ],
          [
            127.4880284,
            35.7128066
          ],
          [
            127.4871433,
            35.7097837
          ],
          [
            127.4859577,
            35.7071223
          ],
          [
            127.4851692,
            35.7049965
          ],
          [
            127.4841377,
            35.7020755
          ],
          [
            127.4856056,
            35.6994991
          ],
          [
            127.4864785,
            35.6981289
          ],
          [
            127.4880444,
            35.6956743
          ],
          [
            127.4898782,
            35.6940275
          ],
          [
            127.4934411,
            35.6920169
          ],
          [
            127.4956264,
            35.6891965
          ],
          [
            127.4972215,
            35.687171
          ],
          [
            127.4992455,
            35.6845466
          ],
          [
            127.5020298,
            35.682771
          ],
          [
            127.5040272,
            35.6814869
          ],
          [
            127.5079411,
            35.6789753
          ],
          [
            127.512719,
            35.6784024
          ],
          [
            127.5145302,
            35.6773447
          ],
          [
            127.5160128,
            35.6758547
          ],
          [
            127.5175232,
            35.6747939
          ]
        ]
      },
      "properties": {
        "osm_type": "way",
        "osm_id": 310239683,
        "sido": "전북특별자치도",
        "power_type": "line",
        "name": "",
        "description": "",
        "voltage": "154000",
        "cables": "",
        "circuits": "",
        "frequency": "60",
        "operator": "",
        "wires": ""
      }
    },
    {
      "type": "Feature",
      "geometry": {
        "type": "LineString",
        "coordinates": [
          [
            127.4684669,
            35.4518768
          ],
          [
            127.4682784,
            35.4514338
          ]
        ]
      },
      "properties": {
        "osm_type": "way",
        "osm_id": 310239687,
        "sido": "전북특별자치도",
        "power_type": "line",
        "name": "",
        "description": "",
        "voltage": "345000",
        "cables": "3",
        "circuits": "1",
        "frequency": "60",
        "operator": "",
        "wires": ""
      }
    },
    {
      "type": "Feature",
      "geometry": {
        "type": "LineString",
        "coordinates": [
          [
            127.4684669,
            35.4518768
          ],
          [
            127.4680737,
            35.451524
          ]
        ]
      },
      "properties": {
        "osm_type": "way",
        "osm_id": 310239688,
        "sido": "전북특별자치도",
        "power_type": "line",
        "name": "",
        "description": "",
        "voltage": "345000",
        "cables": "3",
        "circuits": "1",
        "frequency": "60",
        "operator": "",
        "wires": ""
      }
    },
    {
      "type": "Feature",
      "geometry": {
        "type": "LineString",
        "coordinates": [
          [
            127.4679377,
            35.4500622
          ],
          [
            127.4674883,
            35.4501999
          ]
        ]
      },
      "properties": {
        "osm_type": "way",
        "osm_id": 310239689,
        "sido": "전북특별자치도",
        "power_type": "line",
        "name": "",
        "description": "",
        "voltage": "345000",
        "cables": "3",
        "circuits": "1",
        "frequency": "60",
        "operator": "",
        "wires": ""
      }
    },
    {
      "type": "Feature",
      "geometry": {
        "type": "LineString",
        "coordinates": [
          [
            127.4679377,
            35.4500622
          ],
          [
            127.4676016,
            35.4503588
          ]
        ]
      },
      "properties": {
        "osm_type": "way",
        "osm_id": 310239690,
        "sido": "전북특별자치도",
        "power_type": "line",
        "name": "",
        "description": "",
        "voltage": "345000",
        "cables": "3",
        "circuits": "1",
        "frequency": "60",
        "operator": "",
        "wires": ""
      }
    },
    {
      "type": "Feature",
      "geometry": {
        "type": "LineString",
        "coordinates": [
          [
            127.3325801,
            35.4834099
          ],
          [
            127.336203,
            35.4836707
          ],
          [
            127.339162,
            35.4844191
          ],
          [
            127.3418437,
            35.4853055
          ],
          [
            127.3454976,
            35.4861809
          ],
          [
            127.3497983,
            35.4867147
          ],
          [
            127.3531248,
            35.4851092
          ],
          [
            127.3574104,
            35.483082
          ],
          [
            127.3603352,
            35.4832108
          ],
          [
            127.3633206,
            35.4833332
          ],
          [
            127.3683209,
            35.4827448
          ],
          [
            127.3691331,
            35.4822765
          ],
          [
            127.3720158,
            35.4806144
          ],
          [
            127.3758399,
            35.4783186
          ],
          [
            127.378435,
            35.4771932
          ],
          [
            127.3820692,
            35.4766885
          ],
          [
            127.3844797,
            35.4763385
          ],
          [
            127.3886466,
            35.4765897
          ],
          [
            127.3920883,
            35.4767809
          ],
          [
            127.3953032,
            35.4769978
          ],
          [
            127.3973972,
            35.4756254
          ],
          [
            127.4006306,
            35.475488
          ],
          [
            127.4023343,
            35.476521
          ],
          [
            127.4058366,
            35.478018
          ],
          [
            127.4093291,
            35.4770418
          ],
          [
            127.413926,
            35.4768383
          ],
          [
            127.4176594,
            35.4760547
          ],
          [
            127.4217658,
            35.4752179
          ],
          [
            127.4254881,
            35.4744373
          ],
          [
            127.4292626,
            35.4736582
          ],
          [
            127.4353923,
            35.4737554
          ],
          [
            127.4397943,
            35.4738316
          ],
          [
            127.4411846,
            35.4738557
          ],
          [
            127.4437115,
            35.4739073
          ],
          [
            127.4477545,
            35.4721319
          ],
          [
            127.4499737,
            35.4684261
          ],
          [
            127.4514972,
            35.465879
          ],
          [
            127.4534609,
            35.463382
          ],
          [
            127.4549659,
            35.4614712
          ],
          [
            127.4571664,
            35.458696
          ],
          [
            127.4589735,
            35.4564251
          ],
          [
            127.4624695,
            35.4539367
          ],
          [
            127.4638085,
            35.4530101
          ],
          [
            127.4657367,
            35.4532653
          ],
          [
            127.4684669,
            35.4518768
          ]
        ]
      },
      "properties": {
        "osm_type": "way",
        "osm_id": 310239692,
        "sido": "전북특별자치도",
        "power_type": "line",
        "name": "",
        "description": "",
        "voltage": "345000",
        "cables": "",
        "circuits": "",
        "frequency": "60",
        "operator": "",
        "wires": ""
      }
    },
    {
      "type": "Feature",
      "geometry": {
        "type": "LineString",
        "coordinates": [
          [
            128.1355707,
            35.3475385
          ],
          [
            128.1325176,
            35.3485338
          ],
          [
            128.1270457,
            35.3507132
          ],
          [
            128.1211267,
            35.3531967
          ],
          [
            128.1155716,
            35.3553133
          ],
          [
            128.1135195,
            35.356122
          ],
          [
            128.1111671,
            35.3569317
          ],
          [
            128.1066652,
            35.3585135
          ],
          [
            128.1026749,
            35.359935
          ],
          [
            128.0981451,
            35.3617692
          ],
          [
            128.0947977,
            35.3631123
          ],
          [
            128.0914771,
            35.3644859
          ],
          [
            128.0878143,
            35.365914
          ],
          [
            128.0857077,
            35.3667585
          ],
          [
            128.0821799,
            35.368196
          ],
          [
            128.0745159,
            35.3713025
          ],
          [
            128.0717629,
            35.3723773
          ],
          [
            128.0694549,
            35.3732913
          ],
          [
            128.0665224,
            35.3745116
          ],
          [
            128.0628878,
            35.3759711
          ],
          [
            128.0594359,
            35.3774438
          ],
          [
            128.0557734,
            35.378836
          ],
          [
            128.052282,
            35.380257
          ],
          [
            128.0477903,
            35.3820402
          ],
          [
            128.0421494,
            35.3843309
          ],
          [
            128.0378293,
            35.3860919
          ],
          [
            128.0345168,
            35.3875627
          ],
          [
            128.0311259,
            35.3888023
          ],
          [
            128.025418,
            35.3907895
          ],
          [
            128.0203355,
            35.3923354
          ],
          [
            128.0157132,
            35.3939905
          ],
          [
            128.0104518,
            35.3953579
          ],
          [
            128.0071755,
            35.3962973
          ],
          [
            128.0024451,
            35.3976155
          ],
          [
            127.995055,
            35.3996377
          ],
          [
            127.9931474,
            35.4000721
          ],
          [
            127.990586,
            35.4007156
          ],
          [
            127.9868034,
            35.4007506
          ],
          [
            127.9828816,
            35.4008761
          ],
          [
            127.9785614,
            35.4010261
          ],
          [
            127.9763411,
            35.4010384
          ],
          [
            127.9729954,
            35.401149
          ],
          [
            127.9692093,
            35.4012179
          ],
          [
            127.9668833,
            35.4012646
          ],
          [
            127.9641319,
            35.4013507
          ],
          [
            127.9599445,
            35.4014121
          ],
          [
            127.9560257,
            35.401508
          ],
          [
            127.9508759,
            35.4016507
          ],
          [
            127.9448302,
            35.4017834
          ],
          [
            127.9417228,
            35.4018597
          ],
          [
            127.9370618,
            35.4019285
          ],
          [
            127.9328956,
            35.4023761
          ],
          [
            127.9271757,
            35.4028851
          ],
          [
            127.9227409,
            35.4032933
          ],
          [
            127.920602,
            35.4041982
          ],
          [
            127.9175399,
            35.4054474
          ],
          [
            127.9155065,
            35.4070334
          ],
          [
            127.9121609,
            35.4096004
          ],
          [
            127.9088635,
            35.4120813
          ],
          [
            127.9046067,
            35.4153587
          ],
          [
            127.9020273,
            35.4173404
          ],
          [
            127.8989109,
            35.4197178
          ],
          [
            127.8950554,
            35.4216256
          ],
          [
            127.8915257,
            35.4234055
          ],
          [
            127.8888437,
            35.4247871
          ],
          [
            127.8865177,
            35.4259032
          ],
          [
            127.8814374,
            35.4284991
          ],
          [
            127.8784296,
            35.4300109
          ],
          [
            127.8743056,
            35.4320856
          ],
          [
            127.8698889,
            35.4342684
          ],
          [
            127.8658494,
            35.4363307
          ],
          [
            127.8635385,
            35.4374589
          ],
          [
            127.8608384,
            35.4380021
          ],
          [
            127.8567566,
            35.4387321
          ],
          [
            127.8530942,
            35.4394351
          ],
          [
            127.8505902,
            35.4399119
          ],
          [
            127.8464994,
            35.4406394
          ],
          [
            127.841956,
            35.4415439
          ],
          [
            127.8384595,
            35.44221
          ],
          [
            127.8354065,
            35.4427876
          ],
          [
            127.8335783,
            35.4438764
          ],
          [
            127.8302055,
            35.445877
          ],
          [
            127.8282204,
            35.4470616
          ],
          [
            127.8241446,
            35.4494381
          ],
          [
            127.8204762,
            35.4515958
          ],
          [
            127.8159354,
            35.4526523
          ],
          [
            127.8121672,
            35.453529
          ],
          [
            127.8086893,
            35.4543382
          ],
          [
            127.8060048,
            35.4549628
          ],
          [
            127.8020602,
            35.4544105
          ],
          [
            127.7980478,
            35.4538488
          ],
          [
            127.7908542,
            35.4528416
          ],
          [
            127.7831249,
            35.4517594
          ],
          [
            127.7787178,
            35.4511424
          ],
          [
            127.7756623,
            35.4520597
          ],
          [
            127.7695732,
            35.4538877
          ],
          [
            127.766822,
            35.4548223
          ],
          [
            127.7587861,
            35.4579109
          ],
          [
            127.755041,
            35.4594179
          ],
          [
            127.7499331,
            35.4618672
          ],
          [
            127.7464889,
            35.4635113
          ],
          [
            127.7428461,
            35.4652525
          ],
          [
            127.7378858,
            35.4660309
          ],
          [
            127.7341873,
            35.4666112
          ],
          [
            127.7317909,
            35.4669872
          ],
          [
            127.7280642,
            35.467572
          ],
          [
            127.7226887,
            35.4684155
          ],
          [
            127.7201999,
            35.468806
          ],
          [
            127.7163456,
            35.4694107
          ],
          [
            127.7142146,
            35.4697451
          ],
          [
            127.7105477,
            35.4711468
          ],
          [
            127.7049096,
            35.473302
          ],
          [
            127.7021405,
            35.4743604
          ],
          [
            127.6977201,
            35.4760629
          ],
          [
            127.6954224,
            35.4769457
          ],
          [
            127.6915166,
            35.4772171
          ],
          [
            127.6883937,
            35.4774369
          ],
          [
            127.6860375,
            35.4769293
          ],
          [
            127.680859,
            35.4757901
          ],
          [
            127.6765365,
            35.4748507
          ],
          [
            127.6722181,
            35.473907
          ],
          [
            127.6682477,
            35.473036
          ],
          [
            127.6639789,
            35.471631
          ],
          [
            127.6597415,
            35.4702214
          ],
          [
            127.6554065,
            35.4687792
          ],
          [
            127.6526044,
            35.4678312
          ],
          [
            127.6477424,
            35.4661885
          ],
          [
            127.6444731,
            35.4661592
          ],
          [
            127.6401369,
            35.4659833
          ],
          [
            127.6322526,
            35.4663057
          ],
          [
            127.6270276,
            35.4664991
          ],
          [
            127.6213517,
            35.4667286
          ],
          [
            127.6169293,
            35.4668965
          ],
          [
            127.6122729,
            35.4670747
          ],
          [
            127.6077121,
            35.4669711
          ],
          [
            127.6040121,
            35.4668985
          ],
          [
            127.6002432,
            35.4668155
          ],
          [
            127.5955356,
            35.4667242
          ],
          [
            127.5921016,
            35.466623
          ],
          [
            127.5888017,
            35.4666044
          ],
          [
            127.5853899,
            35.4665131
          ],
          [
            127.5809943,
            35.4664047
          ],
          [
            127.5783187,
            35.4663383
          ],
          [
            127.5760624,
            35.4663131
          ],
          [
            127.5723102,
            35.4662781
          ],
          [
            127.5668038,
            35.4649972
          ],
          [
            127.5634973,
            35.4641956
          ],
          [
            127.5584833,
            35.463044
          ],
          [
            127.5546677,
            35.4620859
          ],
          [
            127.5509187,
            35.4611948
          ],
          [
            127.5473294,
            35.4603503
          ],
          [
            127.5425851,
            35.4591979
          ],
          [
            127.5396516,
            35.4591221
          ],
          [
            127.5362631,
            35.4590257
          ],
          [
            127.5318922,
            35.4589142
          ],
          [
            127.5276264,
            35.4588098
          ],
          [
            127.523411,
            35.458696
          ],
          [
            127.5192575,
            35.4585729
          ],
          [
            127.515289,
            35.4584795
          ],
          [
            127.5118532,
            35.4583802
          ],
          [
            127.5085129,
            35.458295
          ],
          [
            127.5047232,
            35.4581725
          ],
          [
            127.5004372,
            35.4574213
          ],
          [
            127.4966557,
            35.4567175
          ],
          [
            127.4917203,
            35.4558221
          ],
          [
            127.4871643,
            35.4549188
          ],
          [
            127.4833959,
            35.4541507
          ],
          [
            127.4788745,
            35.453261
          ],
          [
            127.4768393,
            35.4528383
          ],
          [
            127.4728063,
            35.4520315
          ],
          [
            127.4697129,
            35.4508627
          ],
          [
            127.4686004,
            35.4506941
          ]
        ]
      },
      "properties": {
        "osm_type": "way",
        "osm_id": 310239693,
        "sido": "전북특별자치도",
        "power_type": "line",
        "name": "",
        "description": "",
        "voltage": "345000",
        "cables": "6",
        "circuits": "2",
        "frequency": "60",
        "operator": "",
        "wires": ""
      }
    },
    {
      "type": "Feature",
      "geometry": {
        "type": "LineString",
        "coordinates": [
          [
            127.046141,
            35.8441458
          ],
          [
            127.0467154,
            35.840679
          ],
          [
            127.0471393,
            35.8381208
          ],
          [
            127.0479107,
            35.833465
          ],
          [
            127.0479696,
            35.833003
          ],
          [
            127.0480508,
            35.8326194
          ],
          [
            127.0485222,
            35.8297737
          ],
          [
            127.0491086,
            35.8268818
          ]
        ]
      },
      "properties": {
        "osm_type": "way",
        "osm_id": 310247596,
        "sido": "전북특별자치도",
        "power_type": "cable",
        "name": "",
        "description": "",
        "voltage": "345000",
        "cables": "",
        "circuits": "",
        "frequency": "60",
        "operator": "",
        "wires": ""
      }
    },
    {
      "type": "Feature",
      "geometry": {
        "type": "LineString",
        "coordinates": [
          [
            127.0491086,
            35.8268818
          ],
          [
            127.0484164,
            35.8235815
          ],
          [
            127.0482636,
            35.8228528
          ],
          [
            127.0464889,
            35.8198423
          ],
          [
            127.0482436,
            35.8173297
          ],
          [
            127.0493961,
            35.813559
          ],
          [
            127.0500552,
            35.810961
          ],
          [
            127.0505364,
            35.8069124
          ],
          [
            127.0508819,
            35.803945
          ],
          [
            127.0510726,
            35.7994244
          ],
          [
            127.051387,
            35.792937
          ],
          [
            127.0502379,
            35.7904637
          ],
          [
            127.0479563,
            35.7853923
          ],
          [
            127.0467494,
            35.7827412
          ],
          [
            127.0452252,
            35.7793917
          ],
          [
            127.0431789,
            35.7749861
          ],
          [
            127.0418952,
            35.7720748
          ],
          [
            127.0410367,
            35.7700544
          ],
          [
            127.0394402,
            35.7661732
          ],
          [
            127.0384416,
            35.762433
          ],
          [
            127.0375897,
            35.7600772
          ],
          [
            127.0390597,
            35.7564731
          ],
          [
            127.0403583,
            35.7532271
          ],
          [
            127.0412312,
            35.7510587
          ],
          [
            127.0424965,
            35.7479237
          ],
          [
            127.0433755,
            35.745722
          ],
          [
            127.043491,
            35.7425687
          ],
          [
            127.0423619,
            35.7413838
          ],
          [
            127.0399205,
            35.7407749
          ],
          [
            127.033639,
            35.7406261
          ],
          [
            127.0294795,
            35.7389771
          ]
        ]
      },
      "properties": {
        "osm_type": "way",
        "osm_id": 310247597,
        "sido": "전북특별자치도",
        "power_type": "line",
        "name": "",
        "description": "",
        "voltage": "345000",
        "cables": "6",
        "circuits": "2",
        "frequency": "60",
        "operator": "",
        "wires": ""
      }
    },
    {
      "type": "Feature",
      "geometry": {
        "type": "LineString",
        "coordinates": [
          [
            127.018501,
            35.7417493
          ],
          [
            127.0175519,
            35.746937
          ],
          [
            127.015452,
            35.7492424
          ],
          [
            127.0123273,
            35.7526187
          ],
          [
            127.0093578,
            35.755753
          ],
          [
            127.0073034,
            35.7566322
          ]
        ]
      },
      "properties": {
        "osm_type": "way",
        "osm_id": 310247602,
        "sido": "전북특별자치도",
        "power_type": "line",
        "name": "",
        "description": "",
        "voltage": "345000",
        "cables": "6",
        "circuits": "2",
        "frequency": "60",
        "operator": "",
        "wires": ""
      }
    },
    {
      "type": "Feature",
      "geometry": {
        "type": "LineString",
        "coordinates": [
          [
            127.0294795,
            35.7389771
          ],
          [
            127.0268747,
            35.7385932
          ],
          [
            127.0213015,
            35.7406354
          ],
          [
            127.018501,
            35.7417493
          ]
        ]
      },
      "properties": {
        "osm_type": "way",
        "osm_id": 310247605,
        "sido": "전북특별자치도",
        "power_type": "line",
        "name": "",
        "description": "",
        "voltage": "345000",
        "cables": "12",
        "circuits": "4",
        "frequency": "60",
        "operator": "",
        "wires": ""
      }
    },
    {
      "type": "Feature",
      "geometry": {
        "type": "LineString",
        "coordinates": [
          [
            127.4681394,
            35.4503418
          ],
          [
            127.4685394,
            35.4473
          ],
          [
            127.4678468,
            35.4451668
          ],
          [
            127.4671017,
            35.4428903
          ],
          [
            127.4665192,
            35.44108
          ],
          [
            127.4655807,
            35.4381997
          ],
          [
            127.4645272,
            35.4349596
          ],
          [
            127.4636702,
            35.4323299
          ],
          [
            127.4627275,
            35.4294883
          ],
          [
            127.462127,
            35.427678
          ],
          [
            127.4604109,
            35.4254615
          ],
          [
            127.4589513,
            35.4235481
          ],
          [
            127.457078,
            35.4211086
          ],
          [
            127.4555292,
            35.4191148
          ],
          [
            127.4530959,
            35.4159077
          ],
          [
            127.4515247,
            35.413892
          ],
          [
            127.4492101,
            35.4108488
          ],
          [
            127.4478157,
            35.409053
          ],
          [
            127.4458619,
            35.4065236
          ],
          [
            127.4430394,
            35.4028247
          ],
          [
            127.4406129,
            35.3996605
          ],
          [
            127.4386139,
            35.3965419
          ],
          [
            127.4370797,
            35.3941264
          ],
          [
            127.4360343,
            35.3917476
          ],
          [
            127.4348009,
            35.3891602
          ],
          [
            127.4339961,
            35.3866249
          ],
          [
            127.4327778,
            35.3812536
          ],
          [
            127.4320633,
            35.3785187
          ],
          [
            127.4313244,
            35.3755078
          ],
          [
            127.4315878,
            35.372995
          ],
          [
            127.431963,
            35.370784
          ],
          [
            127.4323995,
            35.3682124
          ],
          [
            127.433,
            35.3646736
          ],
          [
            127.4336266,
            35.3609812
          ],
          [
            127.43403,
            35.3586091
          ],
          [
            127.4349103,
            35.3534326
          ],
          [
            127.4357529,
            35.3485597
          ],
          [
            127.4368641,
            35.3420946
          ],
          [
            127.4373183,
            35.3393506
          ],
          [
            127.438633,
            35.3315376
          ],
          [
            127.4391505,
            35.3275048
          ],
          [
            127.4394306,
            35.3251592
          ],
          [
            127.4398646,
            35.321686
          ],
          [
            127.4412798,
            35.3191768
          ],
          [
            127.4438903,
            35.3158219
          ],
          [
            127.4455261,
            35.3096235
          ],
          [
            127.4466429,
            35.3055206
          ],
          [
            127.4476519,
            35.3021403
          ],
          [
            127.4485696,
            35.2991437
          ],
          [
            127.449926,
            35.2949287
          ],
          [
            127.4504659,
            35.293127
          ],
          [
            127.4517257,
            35.289232
          ],
          [
            127.4524176,
            35.2849408
          ],
          [
            127.4535813,
            35.2796654
          ],
          [
            127.4548264,
            35.2767767
          ],
          [
            127.4554406,
            35.2752963
          ],
          [
            127.4567116,
            35.2723179
          ],
          [
            127.4591951,
            35.2699929
          ],
          [
            127.4613303,
            35.2679999
          ],
          [
            127.4644892,
            35.2650278
          ],
          [
            127.4681507,
            35.2616213
          ],
          [
            127.4716766,
            35.2583363
          ],
          [
            127.4742984,
            35.2558741
          ],
          [
            127.475915,
            35.2532815
          ],
          [
            127.4780768,
            35.2499549
          ],
          [
            127.4807146,
            35.245816
          ],
          [
            127.4824748,
            35.2432252
          ],
          [
            127.4838894,
            35.2408473
          ],
          [
            127.4854077,
            35.2384757
          ],
          [
            127.486934,
            35.2360933
          ],
          [
            127.4887608,
            35.2332025
          ],
          [
            127.4902099,
            35.2309524
          ],
          [
            127.4915288,
            35.2289237
          ],
          [
            127.4933768,
            35.2259827
          ],
          [
            127.4946398,
            35.2239279
          ],
          [
            127.4961183,
            35.2205849
          ],
          [
            127.4965703,
            35.2181063
          ],
          [
            127.4970352,
            35.2158147
          ],
          [
            127.4983864,
            35.2131532
          ],
          [
            127.4989395,
            35.2112284
          ],
          [
            127.4997664,
            35.2084975
          ],
          [
            127.500737,
            35.2058557
          ],
          [
            127.5020931,
            35.2017362
          ],
          [
            127.5028642,
            35.1994244
          ],
          [
            127.5030822,
            35.1987834
          ],
          [
            127.5027818,
            35.1969126
          ],
          [
            127.502133,
            35.1925189
          ],
          [
            127.5017687,
            35.1902828
          ],
          [
            127.5014709,
            35.1881684
          ],
          [
            127.5011651,
            35.1862169
          ],
          [
            127.4994367,
            35.1824964
          ],
          [
            127.4968442,
            35.1769087
          ],
          [
            127.4964347,
            35.172953
          ],
          [
            127.4960225,
            35.168408
          ],
          [
            127.4958843,
            35.1670016
          ],
          [
            127.4965703,
            35.1639867
          ],
          [
            127.4973839,
            35.1603847
          ],
          [
            127.4982056,
            35.1567303
          ],
          [
            127.498998,
            35.1532128
          ],
          [
            127.4995909,
            35.1506039
          ],
          [
            127.5001759,
            35.148121
          ],
          [
            127.5020837,
            35.1446746
          ],
          [
            127.5027552,
            35.1434616
          ],
          [
            127.5038799,
            35.1414547
          ],
          [
            127.5049595,
            35.1395347
          ],
          [
            127.5069355,
            35.13339
          ],
          [
            127.5076348,
            35.1311393
          ],
          [
            127.5086665,
            35.1278903
          ],
          [
            127.5098338,
            35.1242475
          ],
          [
            127.5114717,
            35.1191278
          ],
          [
            127.5123306,
            35.1144863
          ],
          [
            127.5132214,
            35.1077955
          ],
          [
            127.5134527,
            35.1055397
          ],
          [
            127.5135617,
            35.1033861
          ],
          [
            127.513817,
            35.1003318
          ],
          [
            127.5133915,
            35.0978974
          ],
          [
            127.5122548,
            35.0910255
          ],
          [
            127.5118062,
            35.0878469
          ],
          [
            127.5110904,
            35.0836005
          ],
          [
            127.5107964,
            35.0817538
          ],
          [
            127.5094176,
            35.0795785
          ],
          [
            127.5086061,
            35.0782231
          ],
          [
            127.5056688,
            35.0734265
          ],
          [
            127.5039331,
            35.0705282
          ],
          [
            127.503339,
            35.0695745
          ],
          [
            127.5025393,
            35.0682906
          ],
          [
            127.5024334,
            35.0681206
          ],
          [
            127.501573,
            35.0667394
          ],
          [
            127.4998629,
            35.0639265
          ],
          [
            127.4961548,
            35.0621419
          ],
          [
            127.4937305,
            35.0594218
          ],
          [
            127.4960289,
            35.0570947
          ],
          [
            127.496755,
            35.0550168
          ],
          [
            127.4974518,
            35.0514767
          ],
          [
            127.4986112,
            35.0456786
          ],
          [
            127.499068,
            35.0434278
          ],
          [
            127.5004675,
            35.0363513
          ],
          [
            127.5026663,
            35.0338773
          ],
          [
            127.5045577,
            35.0317508
          ],
          [
            127.50637,
            35.0283104
          ],
          [
            127.5083785,
            35.0243496
          ],
          [
            127.5114703,
            35.0185592
          ],
          [
            127.5127556,
            35.0161206
          ],
          [
            127.5139531,
            35.0138378
          ],
          [
            127.5155956,
            35.0107492
          ],
          [
            127.5168575,
            35.0092504
          ],
          [
            127.5194194,
            35.0090465
          ],
          [
            127.524792,
            35.0086125
          ]
        ]
      },
      "properties": {
        "osm_type": "way",
        "osm_id": 310293558,
        "sido": "전북특별자치도",
        "power_type": "line",
        "name": "",
        "description": "",
        "voltage": "345000",
        "cables": "",
        "circuits": "",
        "frequency": "",
        "operator": "",
        "wires": ""
      }
    },
    {
      "type": "Feature",
      "geometry": {
        "type": "LineString",
        "coordinates": [
          [
            127.4681394,
            35.4503418
          ],
          [
            127.4678425,
            35.4506576
          ],
          [
            127.4676209,
            35.4507752
          ]
        ]
      },
      "properties": {
        "osm_type": "way",
        "osm_id": 310293649,
        "sido": "전북특별자치도",
        "power_type": "line",
        "name": "",
        "description": "",
        "voltage": "345000",
        "cables": "3",
        "circuits": "1",
        "frequency": "60",
        "operator": "",
        "wires": ""
      }
    },
    {
      "type": "Feature",
      "geometry": {
        "type": "LineString",
        "coordinates": [
          [
            127.4686004,
            35.4506941
          ],
          [
            127.4680717,
            35.4509648
          ],
          [
            127.4678534,
            35.4510802
          ]
        ]
      },
      "properties": {
        "osm_type": "way",
        "osm_id": 310293654,
        "sido": "전북특별자치도",
        "power_type": "line",
        "name": "",
        "description": "",
        "voltage": "345000",
        "cables": "3",
        "circuits": "1",
        "frequency": "60",
        "operator": "",
        "wires": ""
      }
    },
    {
      "type": "Feature",
      "geometry": {
        "type": "LineString",
        "coordinates": [
          [
            127.4681394,
            35.4503418
          ],
          [
            127.4677278,
            35.4505063
          ],
          [
            127.4675049,
            35.4506142
          ]
        ]
      },
      "properties": {
        "osm_type": "way",
        "osm_id": 310293660,
        "sido": "전북특별자치도",
        "power_type": "line",
        "name": "",
        "description": "",
        "voltage": "345000",
        "cables": "3",
        "circuits": "1",
        "frequency": "60",
        "operator": "",
        "wires": ""
      }
    },
    {
      "type": "Feature",
      "geometry": {
        "type": "LineString",
        "coordinates": [
          [
            127.4686004,
            35.4506941
          ],
          [
            127.4679625,
            35.4508134
          ],
          [
            127.4677408,
            35.4509245
          ]
        ]
      },
      "properties": {
        "osm_type": "way",
        "osm_id": 310293678,
        "sido": "전북특별자치도",
        "power_type": "line",
        "name": "",
        "description": "",
        "voltage": "345000",
        "cables": "3",
        "circuits": "1",
        "frequency": "60",
        "operator": "",
        "wires": ""
      }
    },
    {
      "type": "Feature",
      "geometry": {
        "type": "LineString",
        "coordinates": [
          [
            126.4137956,
            35.403745
          ],
          [
            126.4099279,
            35.4034827
          ],
          [
            126.4059294,
            35.4063458
          ],
          [
            126.4069903,
            35.4082984
          ],
          [
            126.4099043,
            35.4119492
          ],
          [
            126.4122345,
            35.4149171
          ],
          [
            126.4152459,
            35.4186372
          ],
          [
            126.4176397,
            35.4216049
          ],
          [
            126.4248276,
            35.4277423
          ],
          [
            126.4313024,
            35.4346003
          ],
          [
            126.4327481,
            35.4358589
          ],
          [
            126.4349985,
            35.4367112
          ],
          [
            126.4391942,
            35.4386366
          ],
          [
            126.4425443,
            35.4409744
          ],
          [
            126.4463931,
            35.4437902
          ],
          [
            126.4474003,
            35.4476172
          ],
          [
            126.4454067,
            35.451447
          ],
          [
            126.445285,
            35.4520862
          ],
          [
            126.4450991,
            35.4530866
          ],
          [
            126.4449088,
            35.4540334
          ],
          [
            126.4465952,
            35.4560573
          ],
          [
            126.4484545,
            35.4588218
          ],
          [
            126.4494449,
            35.4603554
          ],
          [
            126.4497786,
            35.4618982
          ]
        ]
      },
      "properties": {
        "osm_type": "way",
        "osm_id": 310378742,
        "sido": "전북특별자치도",
        "power_type": "line",
        "name": "",
        "description": "",
        "voltage": "",
        "cables": "",
        "circuits": "",
        "frequency": "",
        "operator": "",
        "wires": ""
      }
    },
    {
      "type": "Feature",
      "geometry": {
        "type": "LineString",
        "coordinates": [
          [
            126.8585008,
            35.9690441
          ],
          [
            126.8579516,
            35.9683046
          ],
          [
            126.8578745,
            35.9680789
          ]
        ]
      },
      "properties": {
        "osm_type": "way",
        "osm_id": 310378752,
        "sido": "전북특별자치도",
        "power_type": "line",
        "name": "",
        "description": "",
        "voltage": "345000",
        "cables": "3",
        "circuits": "1",
        "frequency": "60",
        "operator": "",
        "wires": ""
      }
    },
    {
      "type": "Feature",
      "geometry": {
        "type": "LineString",
        "coordinates": [
          [
            126.8585008,
            35.9690441
          ],
          [
            126.8577472,
            35.9683398
          ],
          [
            126.8576632,
            35.9681359
          ]
        ]
      },
      "properties": {
        "osm_type": "way",
        "osm_id": 310378757,
        "sido": "전북특별자치도",
        "power_type": "line",
        "name": "",
        "description": "",
        "voltage": "345000",
        "cables": "3",
        "circuits": "1",
        "frequency": "60",
        "operator": "",
        "wires": ""
      }
    },
    {
      "type": "Feature",
      "geometry": {
        "type": "LineString",
        "coordinates": [
          [
            126.8568251,
            35.9692299
          ],
          [
            126.8561034,
            35.9692551
          ],
          [
            126.8550082,
            35.9680153
          ],
          [
            126.8517615,
            35.9662116
          ],
          [
            126.8494185,
            35.9658822
          ],
          [
            126.8485398,
            35.9657587
          ],
          [
            126.8471762,
            35.9657433
          ],
          [
            126.8446198,
            35.9657143
          ],
          [
            126.8407307,
            35.9654362
          ],
          [
            126.8380241,
            35.9652331
          ],
          [
            126.8351527,
            35.9653948
          ],
          [
            126.8347829,
            35.9621488
          ],
          [
            126.8347739,
            35.9593265
          ],
          [
            126.8345083,
            35.9571845
          ],
          [
            126.8343841,
            35.9561825
          ],
          [
            126.8339161,
            35.9525409
          ],
          [
            126.8334682,
            35.9491461
          ],
          [
            126.8328352,
            35.9461566
          ],
          [
            126.8327862,
            35.9430796
          ],
          [
            126.8338309,
            35.9403
          ],
          [
            126.8332368,
            35.9366451
          ],
          [
            126.8310736,
            35.9342171
          ],
          [
            126.8308979,
            35.9309551
          ],
          [
            126.8315631,
            35.9278569
          ],
          [
            126.831659,
            35.9239935
          ],
          [
            126.8301898,
            35.9216547
          ],
          [
            126.830118,
            35.9214331
          ],
          [
            126.8292001,
            35.9185996
          ],
          [
            126.8301965,
            35.9154824
          ],
          [
            126.8297902,
            35.9126454
          ],
          [
            126.8282828,
            35.9103817
          ],
          [
            126.8247731,
            35.9087024
          ],
          [
            126.8208973,
            35.9088436
          ],
          [
            126.8170309,
            35.9089783
          ],
          [
            126.8131558,
            35.9091174
          ],
          [
            126.8088099,
            35.9086644
          ],
          [
            126.8041523,
            35.9081398
          ],
          [
            126.8015073,
            35.9076069
          ],
          [
            126.7993927,
            35.9071535
          ],
          [
            126.7946519,
            35.9061313
          ],
          [
            126.7900734,
            35.9046371
          ],
          [
            126.7856457,
            35.9031858
          ],
          [
            126.7817947,
            35.9007117
          ],
          [
            126.7785707,
            35.8974787
          ],
          [
            126.7752837,
            35.8941673
          ],
          [
            126.7705804,
            35.8925724
          ],
          [
            126.7658114,
            35.8941413
          ],
          [
            126.7619196,
            35.8944063
          ],
          [
            126.758147,
            35.8941521
          ],
          [
            126.754286,
            35.8938903
          ],
          [
            126.7503284,
            35.8949506
          ],
          [
            126.7466732,
            35.8967182
          ],
          [
            126.7433412,
            35.8985705
          ],
          [
            126.7401239,
            35.9006357
          ],
          [
            126.7374706,
            35.9033814
          ],
          [
            126.7352557,
            35.9056566
          ],
          [
            126.7351779,
            35.9088849
          ],
          [
            126.7333996,
            35.9114136
          ],
          [
            126.7299047,
            35.9129082
          ],
          [
            126.7268416,
            35.9140639
          ],
          [
            126.7222416,
            35.9140639
          ],
          [
            126.7177865,
            35.9140726
          ],
          [
            126.7141548,
            35.9131928
          ],
          [
            126.7105284,
            35.913195
          ],
          [
            126.70689,
            35.9145581
          ],
          [
            126.7033119,
            35.9159549
          ],
          [
            126.6997647,
            35.9173245
          ],
          [
            126.6976941,
            35.9199506
          ],
          [
            126.6953123,
            35.9230633
          ],
          [
            126.6939014,
            35.9258087
          ],
          [
            126.6924262,
            35.9285584
          ],
          [
            126.6909885,
            35.9312689
          ],
          [
            126.6867936,
            35.9328978
          ],
          [
            126.68387,
            35.9341705
          ],
          [
            126.6800451,
            35.9353302
          ],
          [
            126.6768265,
            35.9372109
          ],
          [
            126.6744661,
            35.9386181
          ],
          [
            126.6726878,
            35.9404119
          ],
          [
            126.6693941,
            35.9410698
          ],
          [
            126.6661647,
            35.9417191
          ],
          [
            126.661731,
            35.9422186
          ],
          [
            126.6573456,
            35.9427419
          ],
          [
            126.6534242,
            35.9421187
          ],
          [
            126.6497415,
            35.9436236
          ],
          [
            126.64534,
            35.9441122
          ],
          [
            126.6414213,
            35.9455584
          ],
          [
            126.6390717,
            35.9484659
          ],
          [
            126.6353247,
            35.9505135
          ],
          [
            126.6320899,
            35.9516664
          ],
          [
            126.6290161,
            35.9527499
          ],
          [
            126.6259342,
            35.9538464
          ],
          [
            126.6229463,
            35.954932
          ],
          [
            126.6225815,
            35.9559763
          ]
        ]
      },
      "properties": {
        "osm_type": "way",
        "osm_id": 310378771,
        "sido": "전북특별자치도",
        "power_type": "line",
        "name": "",
        "description": "",
        "voltage": "345000",
        "cables": "6",
        "circuits": "2",
        "frequency": "60",
        "operator": "",
        "wires": ""
      }
    },
    {
      "type": "Feature",
      "geometry": {
        "type": "LineString",
        "coordinates": [
          [
            127.0333949,
            35.7524835
          ],
          [
            127.0369555,
            35.7525914
          ],
          [
            127.0404436,
            35.7527335
          ],
          [
            127.043442,
            35.752265
          ],
          [
            127.0489884,
            35.7515855
          ],
          [
            127.0514494,
            35.7522521
          ],
          [
            127.0542817,
            35.7530119
          ],
          [
            127.0592858,
            35.7524722
          ],
          [
            127.0640731,
            35.7525203
          ],
          [
            127.0690539,
            35.752553
          ],
          [
            127.0711197,
            35.7525711
          ],
          [
            127.0748142,
            35.7525659
          ],
          [
            127.0773865,
            35.7526032
          ],
          [
            127.0803371,
            35.7528527
          ],
          [
            127.086114,
            35.7533381
          ],
          [
            127.0887601,
            35.7539308
          ],
          [
            127.0908522,
            35.7546535
          ],
          [
            127.0936283,
            35.7555035
          ],
          [
            127.0953399,
            35.7557716
          ],
          [
            127.099607,
            35.7565907
          ],
          [
            127.1028152,
            35.757188
          ],
          [
            127.1043823,
            35.757471
          ],
          [
            127.1080795,
            35.7577733
          ],
          [
            127.1101871,
            35.7581336
          ],
          [
            127.1121758,
            35.7582449
          ],
          [
            127.1161562,
            35.7582275
          ],
          [
            127.121908,
            35.7569385
          ],
          [
            127.1267644,
            35.7568933
          ],
          [
            127.1310586,
            35.7568388
          ],
          [
            127.1343899,
            35.7567931
          ],
          [
            127.1375683,
            35.7565254
          ],
          [
            127.1403792,
            35.7570086
          ],
          [
            127.1447405,
            35.7577595
          ],
          [
            127.1473074,
            35.7582123
          ],
          [
            127.1490347,
            35.7585279
          ],
          [
            127.1509337,
            35.7591917
          ],
          [
            127.154198,
            35.7593593
          ],
          [
            127.1576044,
            35.7599666
          ],
          [
            127.1608901,
            35.7619341
          ],
          [
            127.1630721,
            35.7641193
          ],
          [
            127.1653787,
            35.7663751
          ],
          [
            127.1667346,
            35.7677517
          ],
          [
            127.1683359,
            35.7693621
          ],
          [
            127.1711763,
            35.7721673
          ],
          [
            127.17318,
            35.7740911
          ],
          [
            127.1749556,
            35.7758907
          ],
          [
            127.177206,
            35.7781293
          ],
          [
            127.1802342,
            35.7811132
          ],
          [
            127.1824456,
            35.7832951
          ],
          [
            127.182211,
            35.7866334
          ],
          [
            127.1823679,
            35.7893608
          ],
          [
            127.1824913,
            35.7915909
          ],
          [
            127.1826106,
            35.7932542
          ],
          [
            127.1827984,
            35.7969047
          ],
          [
            127.1830344,
            35.8019518
          ],
          [
            127.1869022,
            35.8062155
          ],
          [
            127.1881682,
            35.8076337
          ],
          [
            127.1901101,
            35.8110662
          ],
          [
            127.1919393,
            35.8143245
          ],
          [
            127.19217,
            35.8182699
          ],
          [
            127.1915477,
            35.8207362
          ],
          [
            127.1915317,
            35.8242421
          ],
          [
            127.191651,
            35.8285045
          ],
          [
            127.1893001,
            35.8303573
          ],
          [
            127.1876639,
            35.8316751
          ],
          [
            127.18584,
            35.8331799
          ],
          [
            127.182734,
            35.8328102
          ],
          [
            127.1802235,
            35.8340323
          ],
          [
            127.1794134,
            35.8368113
          ],
          [
            127.1795583,
            35.8389727
          ],
          [
            127.1791667,
            35.8406034
          ],
          [
            127.1789682,
            35.8417819
          ],
          [
            127.1792659,
            35.8422559
          ]
        ]
      },
      "properties": {
        "osm_type": "way",
        "osm_id": 312458426,
        "sido": "전북특별자치도",
        "power_type": "line",
        "name": "",
        "description": "",
        "voltage": "154000",
        "cables": "6",
        "circuits": "2",
        "frequency": "60",
        "operator": "",
        "wires": ""
      }
    },
    {
      "type": "Feature",
      "geometry": {
        "type": "LineString",
        "coordinates": [
          [
            127.0060469,
            35.7587074
          ],
          [
            127.0077253,
            35.7620007
          ],
          [
            127.0104053,
            35.76374
          ],
          [
            127.012528,
            35.7642624
          ],
          [
            127.0148755,
            35.7645908
          ],
          [
            127.015888,
            35.7647324
          ],
          [
            127.0186075,
            35.7644343
          ],
          [
            127.0220767,
            35.7642073
          ],
          [
            127.0253625,
            35.7639876
          ],
          [
            127.0285028,
            35.7654273
          ],
          [
            127.0298071,
            35.7660951
          ],
          [
            127.0328761,
            35.7657216
          ],
          [
            127.0358815,
            35.7665227
          ],
          [
            127.0394402,
            35.7661732
          ],
          [
            127.0433741,
            35.7649215
          ],
          [
            127.045651,
            35.7675719
          ],
          [
            127.0490274,
            35.7708682
          ],
          [
            127.0506975,
            35.7724489
          ],
          [
            127.0535158,
            35.7745043
          ],
          [
            127.0562789,
            35.776423
          ],
          [
            127.05731,
            35.7784799
          ],
          [
            127.0587097,
            35.7820926
          ],
          [
            127.0594357,
            35.7834496
          ],
          [
            127.0601805,
            35.786655
          ],
          [
            127.0612935,
            35.790151
          ],
          [
            127.0621975,
            35.7925396
          ],
          [
            127.0646927,
            35.7971764
          ],
          [
            127.0666198,
            35.7989457
          ],
          [
            127.0659721,
            35.8007162
          ],
          [
            127.065154,
            35.8023999
          ],
          [
            127.0639082,
            35.8046733
          ],
          [
            127.0628465,
            35.8070419
          ],
          [
            127.0614283,
            35.8097505
          ],
          [
            127.0594811,
            35.8151003
          ],
          [
            127.0564258,
            35.8151546
          ],
          [
            127.0551958,
            35.8167563
          ]
        ]
      },
      "properties": {
        "osm_type": "way",
        "osm_id": 312458439,
        "sido": "전북특별자치도",
        "power_type": "line",
        "name": "",
        "description": "",
        "voltage": "154000",
        "cables": "12",
        "circuits": "4",
        "frequency": "60",
        "operator": "",
        "wires": ""
      }
    },
    {
      "type": "Feature",
      "geometry": {
        "type": "LineString",
        "coordinates": [
          [
            127.0063166,
            35.7575767
          ],
          [
            127.0063245,
            35.7572417
          ],
          [
            127.0067248,
            35.7566696
          ]
        ]
      },
      "properties": {
        "osm_type": "way",
        "osm_id": 312458443,
        "sido": "전북특별자치도",
        "power_type": "line",
        "name": "",
        "description": "",
        "voltage": "345000",
        "cables": "3",
        "circuits": "1",
        "frequency": "60",
        "operator": "",
        "wires": ""
      }
    },
    {
      "type": "Feature",
      "geometry": {
        "type": "LineString",
        "coordinates": [
          [
            127.006762,
            35.7575792
          ],
          [
            127.0067583,
            35.7572345
          ],
          [
            127.0073034,
            35.7566322
          ]
        ]
      },
      "properties": {
        "osm_type": "way",
        "osm_id": 312458444,
        "sido": "전북특별자치도",
        "power_type": "line",
        "name": "",
        "description": "",
        "voltage": "345000",
        "cables": "3",
        "circuits": "1",
        "frequency": "60",
        "operator": "",
        "wires": ""
      }
    },
    {
      "type": "Feature",
      "geometry": {
        "type": "LineString",
        "coordinates": [
          [
            127.0067248,
            35.7566696
          ],
          [
            127.0065494,
            35.757238
          ],
          [
            127.0065419,
            35.7575792
          ]
        ]
      },
      "properties": {
        "osm_type": "way",
        "osm_id": 312458451,
        "sido": "전북특별자치도",
        "power_type": "line",
        "name": "",
        "description": "",
        "voltage": "345000",
        "cables": "3",
        "circuits": "1",
        "frequency": "60",
        "operator": "",
        "wires": ""
      }
    },
    {
      "type": "Feature",
      "geometry": {
        "type": "LineString",
        "coordinates": [
          [
            127.0073034,
            35.7566322
          ],
          [
            127.006976,
            35.7572309
          ],
          [
            127.0069755,
            35.7575773
          ]
        ]
      },
      "properties": {
        "osm_type": "way",
        "osm_id": 312458458,
        "sido": "전북특별자치도",
        "power_type": "line",
        "name": "",
        "description": "",
        "voltage": "345000",
        "cables": "3",
        "circuits": "1",
        "frequency": "60",
        "operator": "",
        "wires": ""
      }
    },
    {
      "type": "Feature",
      "geometry": {
        "type": "LineString",
        "coordinates": [
          [
            127.018501,
            35.7417493
          ],
          [
            127.0159245,
            35.745381
          ],
          [
            127.0128881,
            35.7497222
          ],
          [
            127.010494,
            35.7533376
          ],
          [
            127.0086148,
            35.7549063
          ],
          [
            127.0067248,
            35.7566696
          ]
        ]
      },
      "properties": {
        "osm_type": "way",
        "osm_id": 312458513,
        "sido": "전북특별자치도",
        "power_type": "line",
        "name": "",
        "description": "",
        "voltage": "345000",
        "cables": "6",
        "circuits": "2",
        "frequency": "60",
        "operator": "",
        "wires": ""
      }
    },
    {
      "type": "Feature",
      "geometry": {
        "type": "LineString",
        "coordinates": [
          [
            127.0551958,
            35.8167563
          ],
          [
            127.0529326,
            35.821428
          ],
          [
            127.0491086,
            35.8268818
          ]
        ]
      },
      "properties": {
        "osm_type": "way",
        "osm_id": 313277436,
        "sido": "전북특별자치도",
        "power_type": "cable",
        "name": "",
        "description": "",
        "voltage": "154000",
        "cables": "",
        "circuits": "",
        "frequency": "60",
        "operator": "",
        "wires": ""
      }
    },
    {
      "type": "Feature",
      "geometry": {
        "type": "LineString",
        "coordinates": [
          [
            126.9346648,
            35.9381764
          ],
          [
            126.9338653,
            35.936162
          ],
          [
            126.9333122,
            35.9346017
          ],
          [
            126.9322434,
            35.9315465
          ],
          [
            126.9312195,
            35.9286575
          ],
          [
            126.9303173,
            35.9255349
          ],
          [
            126.9295965,
            35.923151
          ],
          [
            126.928752,
            35.9202608
          ],
          [
            126.9279336,
            35.9174495
          ],
          [
            126.9272077,
            35.9149968
          ],
          [
            126.9283047,
            35.913046
          ],
          [
            126.9313575,
            35.9075343
          ],
          [
            126.9328444,
            35.9049071
          ],
          [
            126.9339589,
            35.9028336
          ],
          [
            126.9362554,
            35.9005258
          ],
          [
            126.9377383,
            35.8990261
          ],
          [
            126.9397953,
            35.8969495
          ],
          [
            126.9418769,
            35.894828
          ],
          [
            126.9436939,
            35.8929305
          ],
          [
            126.9483411,
            35.8880027
          ],
          [
            126.9503497,
            35.885719
          ],
          [
            126.9519636,
            35.8839468
          ],
          [
            126.9540845,
            35.8818048
          ],
          [
            126.9563481,
            35.8797529
          ],
          [
            126.958363,
            35.8789837
          ],
          [
            126.9620606,
            35.8776171
          ],
          [
            126.9648541,
            35.8765428
          ],
          [
            126.9673708,
            35.8755765
          ],
          [
            126.9716436,
            35.8739895
          ],
          [
            126.9745191,
            35.8729371
          ],
          [
            126.9766599,
            35.8721395
          ],
          [
            126.9803675,
            35.8707632
          ],
          [
            126.982959,
            35.8700623
          ],
          [
            126.9859283,
            35.8692137
          ],
          [
            126.9900177,
            35.8681126
          ],
          [
            126.9911417,
            35.8678096
          ],
          [
            126.9953745,
            35.8666683
          ],
          [
            126.9987838,
            35.8657277
          ],
          [
            127.0023176,
            35.8653593
          ],
          [
            127.0048417,
            35.8650893
          ],
          [
            127.0078143,
            35.864767
          ],
          [
            127.0113154,
            35.8643964
          ],
          [
            127.013095,
            35.8642192
          ],
          [
            127.0146566,
            35.8640399
          ],
          [
            127.0174824,
            35.8637408
          ],
          [
            127.021088,
            35.8650675
          ],
          [
            127.0237458,
            35.8660402
          ],
          [
            127.0270431,
            35.8672937
          ],
          [
            127.02929,
            35.868164
          ],
          [
            127.0330315,
            35.8695389
          ],
          [
            127.0350619,
            35.8702891
          ],
          [
            127.0369847,
            35.8706027
          ],
          [
            127.0384071,
            35.8705722
          ],
          [
            127.0422519,
            35.8702074
          ],
          [
            127.0436248,
            35.8700211
          ],
          [
            127.0498833,
            35.8691698
          ],
          [
            127.052292,
            35.8687557
          ],
          [
            127.0542476,
            35.8684133
          ],
          [
            127.0572729,
            35.8678832
          ],
          [
            127.0600597,
            35.8674348
          ],
          [
            127.0616421,
            35.8671765
          ]
        ]
      },
      "properties": {
        "osm_type": "way",
        "osm_id": 313277443,
        "sido": "전북특별자치도",
        "power_type": "line",
        "name": "",
        "description": "",
        "voltage": "154000",
        "cables": "",
        "circuits": "",
        "frequency": "60",
        "operator": "",
        "wires": ""
      }
    },
    {
      "type": "Feature",
      "geometry": {
        "type": "LineString",
        "coordinates": [
          [
            126.7636226,
            35.2512507
          ],
          [
            126.7610965,
            35.2486409
          ],
          [
            126.7582572,
            35.2490344
          ],
          [
            126.7546767,
            35.2493371
          ],
          [
            126.7514594,
            35.2496398
          ],
          [
            126.7492799,
            35.2497729
          ],
          [
            126.7456326,
            35.2500333
          ],
          [
            126.7425562,
            35.2501664
          ],
          [
            126.7399986,
            35.2504389
          ],
          [
            126.7368406,
            35.2507113
          ],
          [
            126.7338753,
            35.2509292
          ],
          [
            126.7330154,
            35.2510987
          ],
          [
            126.7278633,
            35.2515346
          ],
          [
            126.7239121,
            35.2519099
          ],
          [
            126.7202722,
            35.2522671
          ],
          [
            126.7132466,
            35.2508883
          ],
          [
            126.7098745,
            35.2504571
          ],
          [
            126.7085035,
            35.2535029
          ],
          [
            126.7055231,
            35.253802
          ],
          [
            126.7028518,
            35.2541006
          ],
          [
            126.699027,
            35.2550977
          ],
          [
            126.6961162,
            35.255894
          ],
          [
            126.6924013,
            35.2569161
          ],
          [
            126.6894687,
            35.2576974
          ],
          [
            126.687322,
            35.2583065
          ],
          [
            126.6834727,
            35.2607294
          ],
          [
            126.6818963,
            35.261692
          ],
          [
            126.6788496,
            35.2636622
          ],
          [
            126.6782305,
            35.2640538
          ],
          [
            126.6766168,
            35.2650743
          ],
          [
            126.6741037,
            35.2669403
          ],
          [
            126.6732187,
            35.267684
          ],
          [
            126.6710884,
            35.2692993
          ],
          [
            126.6677077,
            35.2709146
          ],
          [
            126.663918,
            35.2727378
          ],
          [
            126.6611677,
            35.2740569
          ],
          [
            126.6599662,
            35.2746303
          ],
          [
            126.6550741,
            35.2749111
          ],
          [
            126.6513415,
            35.2751124
          ],
          [
            126.6478568,
            35.2753253
          ],
          [
            126.6452843,
            35.2767421
          ],
          [
            126.6429852,
            35.2780062
          ],
          [
            126.6397911,
            35.2808249
          ],
          [
            126.6357004,
            35.2843931
          ],
          [
            126.6276664,
            35.2865204
          ],
          [
            126.6238368,
            35.2874692
          ],
          [
            126.6188693,
            35.287988
          ],
          [
            126.6153905,
            35.2883362
          ],
          [
            126.6147467,
            35.2883778
          ],
          [
            126.6110936,
            35.2887368
          ],
          [
            126.609039,
            35.2889382
          ],
          [
            126.6057587,
            35.2885376
          ],
          [
            126.6027305,
            35.2881588
          ],
          [
            126.5999168,
            35.2883559
          ],
          [
            126.5982592,
            35.2884763
          ],
          [
            126.5957594,
            35.2894483
          ],
          [
            126.5926641,
            35.2906525
          ],
          [
            126.5911379,
            35.2921149
          ],
          [
            126.5891263,
            35.2940239
          ],
          [
            126.5881044,
            35.2949937
          ],
          [
            126.585339,
            35.2965896
          ],
          [
            126.5831691,
            35.2978221
          ],
          [
            126.5800497,
            35.2983519
          ],
          [
            126.5771851,
            35.2988247
          ],
          [
            126.5727487,
            35.2995581
          ],
          [
            126.5700692,
            35.3000222
          ],
          [
            126.5668854,
            35.3005388
          ],
          [
            126.5630525,
            35.3012217
          ],
          [
            126.5599278,
            35.3017252
          ],
          [
            126.5574923,
            35.3032137
          ],
          [
            126.5547752,
            35.3048817
          ],
          [
            126.5519428,
            35.306681
          ],
          [
            126.5492767,
            35.3083511
          ],
          [
            126.5467367,
            35.3099598
          ],
          [
            126.5436789,
            35.3118903
          ],
          [
            126.5422976,
            35.313963
          ],
          [
            126.5407741,
            35.3161998
          ],
          [
            126.539264,
            35.3184584
          ],
          [
            126.5378988,
            35.3205003
          ],
          [
            126.536445,
            35.3226581
          ],
          [
            126.5326256,
            35.3250895
          ],
          [
            126.5305039,
            35.3263937
          ],
          [
            126.5264297,
            35.328965
          ],
          [
            126.5230474,
            35.3311773
          ],
          [
            126.5183213,
            35.3343129
          ],
          [
            126.5160388,
            35.3371771
          ],
          [
            126.5144911,
            35.3400828
          ],
          [
            126.5129516,
            35.3428965
          ],
          [
            126.5116131,
            35.3453819
          ],
          [
            126.5103954,
            35.3476331
          ],
          [
            126.5078902,
            35.350405
          ],
          [
            126.5061387,
            35.3523804
          ],
          [
            126.5044945,
            35.3542224
          ],
          [
            126.5022656,
            35.356679
          ],
          [
            126.5011847,
            35.35788
          ],
          [
            126.4998624,
            35.3592646
          ],
          [
            126.4978775,
            35.3611174
          ],
          [
            126.4959946,
            35.3629132
          ],
          [
            126.4928296,
            35.3659076
          ],
          [
            126.4888278,
            35.3681058
          ],
          [
            126.4865103,
            35.3693744
          ],
          [
            126.4834365,
            35.3710825
          ],
          [
            126.4809769,
            35.3724473
          ],
          [
            126.4778012,
            35.3741838
          ],
          [
            126.4765942,
            35.3747306
          ]
        ]
      },
      "properties": {
        "osm_type": "way",
        "osm_id": 333222941,
        "sido": "전북특별자치도",
        "power_type": "line",
        "name": "",
        "description": "",
        "voltage": "154000",
        "cables": "6",
        "circuits": "2",
        "frequency": "60",
        "operator": "",
        "wires": ""
      }
    },
    {
      "type": "Feature",
      "geometry": {
        "type": "LineString",
        "coordinates": [
          [
            126.9173723,
            35.6174872
          ],
          [
            126.919274,
            35.6162923
          ],
          [
            126.9226375,
            35.6142601
          ],
          [
            126.9243488,
            35.613257
          ],
          [
            126.9265106,
            35.6112792
          ],
          [
            126.9292492,
            35.6097026
          ],
          [
            126.9318992,
            35.6074129
          ],
          [
            126.9350105,
            35.6060914
          ],
          [
            126.9373763,
            35.6041113
          ],
          [
            126.9404447,
            35.602166
          ],
          [
            126.9435507,
            35.6000375
          ],
          [
            126.9459325,
            35.6003384
          ],
          [
            126.9485986,
            35.6010058
          ],
          [
            126.9518495,
            35.6014899
          ],
          [
            126.9554812,
            35.6022358
          ],
          [
            126.9596922,
            35.6028202
          ],
          [
            126.9643003,
            35.6039019
          ],
          [
            126.9678944,
            35.6047306
          ],
          [
            126.9722664,
            35.6057469
          ],
          [
            126.9750452,
            35.6064055
          ],
          [
            126.9778079,
            35.6074653
          ],
          [
            126.9807529,
            35.6091618
          ],
          [
            126.9819814,
            35.6123804
          ],
          [
            126.9822872,
            35.6155509
          ],
          [
            126.9829309,
            35.6186123
          ],
          [
            126.9833386,
            35.6206749
          ],
          [
            126.9839287,
            35.6232651
          ],
          [
            126.9839394,
            35.6254192
          ],
          [
            126.9850498,
            35.6286371
          ],
          [
            126.9858438,
            35.6321165
          ],
          [
            126.9890088,
            35.6336818
          ],
          [
            126.9913343,
            35.6348655
          ],
          [
            126.9958699,
            35.6370999
          ],
          [
            126.9982409,
            35.638216
          ],
          [
            127.0003492,
            35.6417604
          ],
          [
            127.0028114,
            35.6449733
          ],
          [
            127.0042813,
            35.6467911
          ],
          [
            127.0055795,
            35.648683
          ],
          [
            127.0073658,
            35.6511982
          ],
          [
            127.0104665,
            35.6556661
          ],
          [
            127.0130655,
            35.6592685
          ],
          [
            127.0163941,
            35.663943
          ],
          [
            127.0178211,
            35.6658606
          ],
          [
            127.0198327,
            35.668798
          ],
          [
            127.0209217,
            35.6702056
          ],
          [
            127.0221019,
            35.6718791
          ],
          [
            127.0232606,
            35.6749688
          ],
          [
            127.0238775,
            35.6764591
          ],
          [
            127.0249826,
            35.6793961
          ],
          [
            127.025063,
            35.6825639
          ],
          [
            127.0263022,
            35.6851521
          ],
          [
            127.0261627,
            35.6876836
          ],
          [
            127.0260554,
            35.6908816
          ],
          [
            127.0258945,
            35.6945195
          ],
          [
            127.0258409,
            35.6979328
          ],
          [
            127.0258301,
            35.6998889
          ],
          [
            127.0257604,
            35.7022696
          ],
          [
            127.0257041,
            35.7047417
          ],
          [
            127.0262325,
            35.7076581
          ],
          [
            127.0268092,
            35.7108749
          ],
          [
            127.0272437,
            35.7132901
          ],
          [
            127.0281985,
            35.715457
          ],
          [
            127.0284453,
            35.7190437
          ],
          [
            127.0309478,
            35.7227935
          ],
          [
            127.0330346,
            35.7244528
          ],
          [
            127.0356631,
            35.7268219
          ],
          [
            127.0387691,
            35.7295219
          ],
          [
            127.0416713,
            35.7321869
          ],
          [
            127.0433396,
            35.7338547
          ],
          [
            127.0440853,
            35.7360711
          ],
          [
            127.04467,
            35.737691
          ],
          [
            127.043491,
            35.7425687
          ],
          [
            127.0421702,
            35.7451103
          ],
          [
            127.0412743,
            35.7467082
          ],
          [
            127.0386618,
            35.7487196
          ],
          [
            127.0359957,
            35.7506222
          ],
          [
            127.0333949,
            35.7524835
          ]
        ]
      },
      "properties": {
        "osm_type": "way",
        "osm_id": 372869917,
        "sido": "전북특별자치도",
        "power_type": "line",
        "name": "",
        "description": "",
        "voltage": "154000",
        "cables": "6",
        "circuits": "2",
        "frequency": "60",
        "operator": "",
        "wires": ""
      }
    },
    {
      "type": "Feature",
      "geometry": {
        "type": "LineString",
        "coordinates": [
          [
            127.3818558,
            35.4399695
          ],
          [
            127.3813416,
            35.4403371
          ],
          [
            127.3787277,
            35.4408871
          ],
          [
            127.3755734,
            35.4403364
          ],
          [
            127.3720872,
            35.4404983
          ],
          [
            127.3707676,
            35.4384747
          ],
          [
            127.3691073,
            35.4363746
          ],
          [
            127.3687077,
            35.4334244
          ]
        ]
      },
      "properties": {
        "osm_type": "way",
        "osm_id": 460281931,
        "sido": "전북특별자치도",
        "power_type": "line",
        "name": "",
        "description": "",
        "voltage": "154000",
        "cables": "",
        "circuits": "",
        "frequency": "60",
        "operator": "",
        "wires": ""
      }
    },
    {
      "type": "Feature",
      "geometry": {
        "type": "LineString",
        "coordinates": [
          [
            126.4329745,
            35.8058999
          ],
          [
            126.4369243,
            35.8102918
          ],
          [
            126.4428493,
            35.8173064
          ],
          [
            126.4476344,
            35.8230622
          ]
        ]
      },
      "properties": {
        "osm_type": "way",
        "osm_id": 492101799,
        "sido": "전북특별자치도",
        "power_type": "line",
        "name": "",
        "description": "",
        "voltage": "",
        "cables": "",
        "circuits": "",
        "frequency": "",
        "operator": "",
        "wires": ""
      }
    },
    {
      "type": "Feature",
      "geometry": {
        "type": "LineString",
        "coordinates": [
          [
            126.4522552,
            35.7404372
          ],
          [
            126.4525787,
            35.7405972
          ],
          [
            126.4545629,
            35.7414325
          ],
          [
            126.4654928,
            35.748782
          ],
          [
            126.4661412,
            35.7492106
          ],
          [
            126.4664003,
            35.7494865
          ]
        ]
      },
      "properties": {
        "osm_type": "way",
        "osm_id": 673308570,
        "sido": "전북특별자치도",
        "power_type": "line",
        "name": "",
        "description": "",
        "voltage": "",
        "cables": "",
        "circuits": "",
        "frequency": "",
        "operator": "",
        "wires": ""
      }
    },
    {
      "type": "Feature",
      "geometry": {
        "type": "LineString",
        "coordinates": [
          [
            126.3597613,
            35.848203
          ],
          [
            126.3529099,
            35.8497159
          ]
        ]
      },
      "properties": {
        "osm_type": "way",
        "osm_id": 677115410,
        "sido": "전북특별자치도",
        "power_type": "minor_line",
        "name": "",
        "description": "",
        "voltage": "22900",
        "cables": "",
        "circuits": "",
        "frequency": "60",
        "operator": "",
        "wires": ""
      }
    },
    {
      "type": "Feature",
      "geometry": {
        "type": "LineString",
        "coordinates": [
          [
            127.2637906,
            35.9878488
          ],
          [
            127.2633132,
            35.9877359
          ],
          [
            127.2633937,
            35.9862951
          ]
        ]
      },
      "properties": {
        "osm_type": "way",
        "osm_id": 731923220,
        "sido": "전북특별자치도",
        "power_type": "line",
        "name": "",
        "description": "",
        "voltage": "154000",
        "cables": "",
        "circuits": "",
        "frequency": "60",
        "operator": "",
        "wires": ""
      }
    },
    {
      "type": "Feature",
      "geometry": {
        "type": "LineString",
        "coordinates": [
          [
            127.2633937,
            35.9862951
          ],
          [
            127.2645092,
            35.9873237
          ],
          [
            127.2656409,
            35.9905133
          ],
          [
            127.2641767,
            35.9925138
          ],
          [
            127.2642015,
            35.9950376
          ],
          [
            127.2659177,
            35.9966909
          ],
          [
            127.2685458,
            35.9986869
          ],
          [
            127.2698061,
            36.0020626
          ],
          [
            127.2715278,
            36.0044273
          ],
          [
            127.2760651,
            36.0073125
          ],
          [
            127.2812836,
            36.0104709
          ],
          [
            127.2845124,
            36.0117421
          ],
          [
            127.2879717,
            36.0129351
          ],
          [
            127.2931205,
            36.0146271
          ],
          [
            127.2962205,
            36.0148526
          ],
          [
            127.3009724,
            36.0150826
          ],
          [
            127.3033859,
            36.0152257
          ],
          [
            127.3087492,
            36.0139633
          ],
          [
            127.3133402,
            36.0128657
          ],
          [
            127.3191004,
            36.0110566
          ],
          [
            127.3223238,
            36.0100241
          ],
          [
            127.3265165,
            36.0091499
          ],
          [
            127.328985,
            36.0086922
          ],
          [
            127.3313073,
            36.007972
          ],
          [
            127.3363381,
            36.0051128
          ],
          [
            127.3396848,
            36.0032341
          ],
          [
            127.3413743,
            36.0022405
          ],
          [
            127.3455898,
            35.9998714
          ],
          [
            127.3485075,
            35.9986652
          ],
          [
            127.3550103,
            35.9960443
          ],
          [
            127.3610328,
            35.9969031
          ],
          [
            127.3637716,
            35.9972008
          ],
          [
            127.369794,
            35.9980482
          ],
          [
            127.374111,
            35.9986952
          ],
          [
            127.381931,
            35.9977619
          ],
          [
            127.3842021,
            35.9963742
          ],
          [
            127.3866938,
            35.994819
          ],
          [
            127.390119,
            35.9946987
          ],
          [
            127.3938698,
            35.9945098
          ],
          [
            127.3998498,
            35.9943895
          ],
          [
            127.4039544,
            35.9949048
          ],
          [
            127.4065871,
            35.995277
          ],
          [
            127.4127582,
            35.9960328
          ],
          [
            127.4181437,
            35.9967943
          ],
          [
            127.4215548,
            35.9971779
          ],
          [
            127.4285327,
            35.9968
          ],
          [
            127.4353761,
            35.9973211
          ],
          [
            127.4384262,
            35.9959068
          ],
          [
            127.4390985,
            35.9941319
          ],
          [
            127.4399619,
            35.9918701
          ],
          [
            127.4407475,
            35.9898088
          ],
          [
            127.4422761,
            35.9859836
          ],
          [
            127.4437198,
            35.9822843
          ],
          [
            127.4438755,
            35.9790544
          ],
          [
            127.4438918,
            35.9786086
          ],
          [
            127.4439462,
            35.9771244
          ],
          [
            127.4439809,
            35.9757993
          ],
          [
            127.4441455,
            35.9738309
          ],
          [
            127.4442098,
            35.9722379
          ],
          [
            127.4464517,
            35.9685353
          ],
          [
            127.4482591,
            35.9655488
          ],
          [
            127.450265,
            35.9622323
          ],
          [
            127.4498789,
            35.9571314
          ],
          [
            127.4495141,
            35.951826
          ],
          [
            127.4493264,
            35.9495032
          ],
          [
            127.4468057,
            35.9461035
          ],
          [
            127.4443385,
            35.9426081
          ],
          [
            127.4439738,
            35.9404196
          ],
          [
            127.443459,
            35.9367243
          ],
          [
            127.4423745,
            35.9348744
          ],
          [
            127.4415859,
            35.9322754
          ],
          [
            127.4403845,
            35.9287186
          ],
          [
            127.4397438,
            35.9261942
          ],
          [
            127.4390908,
            35.9234254
          ],
          [
            127.4385794,
            35.9211553
          ],
          [
            127.4394358,
            35.9187654
          ],
          [
            127.4405016,
            35.9158516
          ],
          [
            127.4411793,
            35.9140005
          ],
          [
            127.4415797,
            35.9104727
          ],
          [
            127.4420418,
            35.906825
          ],
          [
            127.4423067,
            35.9043748
          ],
          [
            127.4426641,
            35.9010662
          ],
          [
            127.4429166,
            35.8995042
          ],
          [
            127.4431877,
            35.8977225
          ],
          [
            127.4438716,
            35.8913242
          ],
          [
            127.4441735,
            35.8866874
          ],
          [
            127.4429844,
            35.8847208
          ],
          [
            127.4420788,
            35.8830536
          ],
          [
            127.4395282,
            35.8787906
          ],
          [
            127.4395035,
            35.8761749
          ],
          [
            127.4394974,
            35.8733992
          ],
          [
            127.4397993,
            35.8671687
          ],
          [
            127.4372487,
            35.8647023
          ],
          [
            127.4335214,
            35.8636638
          ],
          [
            127.4285496,
            35.8592051
          ],
          [
            127.4291595,
            35.8564788
          ],
          [
            127.431784,
            35.8550857
          ],
          [
            127.4346734,
            35.8525141
          ],
          [
            127.4375998,
            35.8499723
          ],
          [
            127.4403291,
            35.8472607
          ],
          [
            127.443979,
            35.846611
          ],
          [
            127.4474907,
            35.8445785
          ],
          [
            127.4486304,
            35.8429354
          ],
          [
            127.4491849,
            35.8404184
          ],
          [
            127.4526087,
            35.8380601
          ],
          [
            127.4549866,
            35.8364078
          ],
          [
            127.4565647,
            35.834635
          ],
          [
            127.4593389,
            35.8315195
          ],
          [
            127.460542,
            35.8283064
          ],
          [
            127.4628986,
            35.8220118
          ],
          [
            127.4642008,
            35.8187524
          ],
          [
            127.466338,
            35.8137311
          ],
          [
            127.4672792,
            35.8105517
          ],
          [
            127.4662248,
            35.8066892
          ],
          [
            127.4656161,
            35.8044049
          ],
          [
            127.4648518,
            35.8018335
          ],
          [
            127.4639035,
            35.7993424
          ],
          [
            127.4626155,
            35.7957549
          ],
          [
            127.4610586,
            35.7935564
          ],
          [
            127.4597847,
            35.7916449
          ],
          [
            127.4584401,
            35.7896357
          ],
          [
            127.4567063,
            35.7871327
          ],
          [
            127.4546115,
            35.7844862
          ],
          [
            127.4542767,
            35.7825167
          ],
          [
            127.4540729,
            35.7810156
          ],
          [
            127.4539328,
            35.7805615
          ]
        ]
      },
      "properties": {
        "osm_type": "way",
        "osm_id": 731923221,
        "sido": "전북특별자치도",
        "power_type": "line",
        "name": "",
        "description": "",
        "voltage": "154000",
        "cables": "6",
        "circuits": "2",
        "frequency": "60",
        "operator": "",
        "wires": ""
      }
    },
    {
      "type": "Feature",
      "geometry": {
        "type": "LineString",
        "coordinates": [
          [
            127.2633937,
            35.9862951
          ],
          [
            127.2613395,
            35.9842337
          ],
          [
            127.2598324,
            35.9823632
          ],
          [
            127.2585225,
            35.9803851
          ],
          [
            127.2568971,
            35.9794691
          ],
          [
            127.2544241,
            35.9774809
          ],
          [
            127.2520262,
            35.9765302
          ],
          [
            127.2498965,
            35.9771553
          ],
          [
            127.2469622,
            35.9784837
          ],
          [
            127.2434431,
            35.9781842
          ],
          [
            127.2410399,
            35.9779367
          ],
          [
            127.2379124,
            35.9776459
          ],
          [
            127.2356486,
            35.9756576
          ],
          [
            127.2303218,
            35.970665
          ],
          [
            127.2292972,
            35.9697055
          ],
          [
            127.2260678,
            35.9667879
          ],
          [
            127.2243994,
            35.9657112
          ],
          [
            127.2221571,
            35.9634274
          ],
          [
            127.2200113,
            35.9622464
          ],
          [
            127.2180748,
            35.9606963
          ],
          [
            127.2171253,
            35.9598843
          ],
          [
            127.2155428,
            35.9586902
          ],
          [
            127.214207,
            35.9576177
          ],
          [
            127.2117448,
            35.9552294
          ],
          [
            127.2105002,
            35.9538963
          ],
          [
            127.2079951,
            35.9522983
          ],
          [
            127.2063857,
            35.9499142
          ],
          [
            127.2040012,
            35.9479534
          ],
          [
            127.2008765,
            35.9468243
          ],
          [
            127.1993852,
            35.9462445
          ],
          [
            127.196365,
            35.9448896
          ],
          [
            127.1931249,
            35.9448461
          ],
          [
            127.1909201,
            35.9446854
          ],
          [
            127.1881467,
            35.9445204
          ],
          [
            127.1849281,
            35.9443337
          ],
          [
            127.1819937,
            35.9441295
          ],
          [
            127.1796066,
            35.9443945
          ]
        ]
      },
      "properties": {
        "osm_type": "way",
        "osm_id": 731923222,
        "sido": "전북특별자치도",
        "power_type": "line",
        "name": "",
        "description": "",
        "voltage": "154000",
        "cables": "6",
        "circuits": "2",
        "frequency": "60",
        "operator": "",
        "wires": ""
      }
    },
    {
      "type": "Feature",
      "geometry": {
        "type": "LineString",
        "coordinates": [
          [
            127.4439462,
            35.9771244
          ],
          [
            127.4454773,
            35.9770667
          ],
          [
            127.4482233,
            35.9781908
          ],
          [
            127.4507387,
            35.9787594
          ],
          [
            127.4534547,
            35.9796949
          ],
          [
            127.4556917,
            35.980893
          ],
          [
            127.4587655,
            35.9825642
          ],
          [
            127.461319,
            35.9826727
          ],
          [
            127.464323,
            35.982803
          ],
          [
            127.4687111,
            35.9830374
          ],
          [
            127.4716562,
            35.9817438
          ],
          [
            127.4751055,
            35.9793432
          ],
          [
            127.4802875,
            35.979048
          ],
          [
            127.4880069,
            35.9773854
          ],
          [
            127.4882903,
            35.9776702
          ],
          [
            127.4896699,
            35.9790567
          ],
          [
            127.4927545,
            35.9833673
          ],
          [
            127.4940902,
            35.9852164
          ],
          [
            127.4985963,
            35.9855854
          ],
          [
            127.5023353,
            35.9859934
          ],
          [
            127.5063586,
            35.9864058
          ],
          [
            127.507866,
            35.9880031
          ],
          [
            127.5095344,
            35.9899347
          ],
          [
            127.5111115,
            35.9904512
          ],
          [
            127.5157303,
            35.9914061
          ],
          [
            127.5204027,
            35.9925129
          ],
          [
            127.5225913,
            35.9935068
          ],
          [
            127.524249,
            35.9947438
          ],
          [
            127.5263411,
            35.9963366
          ],
          [
            127.5281757,
            35.9987638
          ],
          [
            127.5311208,
            36.0025991
          ],
          [
            127.5337574,
            36.0060014
          ],
          [
            127.5359863,
            36.0088785
          ],
          [
            127.5376439,
            36.011046
          ],
          [
            127.5391003,
            36.0136647
          ],
          [
            127.5392532,
            36.0162834
          ],
          [
            127.539441,
            36.0183856
          ],
          [
            127.5397924,
            36.0223187
          ],
          [
            127.5398031,
            36.0251149
          ],
          [
            127.5398165,
            36.0268373
          ],
          [
            127.5398272,
            36.0306377
          ],
          [
            127.5397736,
            36.0328198
          ],
          [
            127.5397253,
            36.0350235
          ],
          [
            127.5396448,
            36.0385632
          ],
          [
            127.5403315,
            36.0411398
          ],
          [
            127.5439095,
            36.0417514
          ],
          [
            127.5449942,
            36.0416225
          ]
        ]
      },
      "properties": {
        "osm_type": "way",
        "osm_id": 731923223,
        "sido": "전북특별자치도",
        "power_type": "line",
        "name": "",
        "description": "",
        "voltage": "154000",
        "cables": "6",
        "circuits": "2",
        "frequency": "60",
        "operator": "",
        "wires": ""
      }
    },
    {
      "type": "Feature",
      "geometry": {
        "type": "LineString",
        "coordinates": [
          [
            126.3406082,
            35.8527214
          ],
          [
            126.340117,
            35.8527551
          ],
          [
            126.3320002,
            35.854573
          ],
          [
            126.325319,
            35.8562305
          ],
          [
            126.3247609,
            35.856369
          ],
          [
            126.3243279,
            35.8565013
          ]
        ]
      },
      "properties": {
        "osm_type": "way",
        "osm_id": 779551875,
        "sido": "전북특별자치도",
        "power_type": "minor_line",
        "name": "",
        "description": "",
        "voltage": "22900",
        "cables": "",
        "circuits": "",
        "frequency": "60",
        "operator": "",
        "wires": ""
      }
    },
    {
      "type": "Feature",
      "geometry": {
        "type": "LineString",
        "coordinates": [
          [
            126.7129837,
            35.9568959
          ],
          [
            126.7190815,
            35.9568183
          ],
          [
            126.7224396,
            35.9567657
          ],
          [
            126.7246462,
            35.9567628
          ],
          [
            126.7280051,
            35.9566873
          ],
          [
            126.7313311,
            35.9566612
          ],
          [
            126.734421,
            35.9566265
          ],
          [
            126.7379615,
            35.9565831
          ],
          [
            126.7412982,
            35.9565396
          ],
          [
            126.7445276,
            35.9564962
          ],
          [
            126.7450892,
            35.9564897
          ],
          [
            126.7477928,
            35.9564582
          ],
          [
            126.7501816,
            35.9567828
          ],
          [
            126.7536792,
            35.9572952
          ],
          [
            126.7572198,
            35.9577728
          ],
          [
            126.7590222,
            35.9594055
          ],
          [
            126.7598483,
            35.9621584
          ],
          [
            126.7606101,
            35.9644683
          ],
          [
            126.7615006,
            35.9674294
          ],
          [
            126.7623803,
            35.9704338
          ],
          [
            126.7632188,
            35.973031
          ],
          [
            126.7618429,
            35.9758789
          ],
          [
            126.7604786,
            35.9779923
          ],
          [
            126.7593266,
            35.9797121
          ],
          [
            126.75761,
            35.9824968
          ],
          [
            126.7555815,
            35.9834887
          ],
          [
            126.7547025,
            35.9839185
          ],
          [
            126.7520391,
            35.9834041
          ],
          [
            126.7507409,
            35.9836862
          ]
        ]
      },
      "properties": {
        "osm_type": "way",
        "osm_id": 860644053,
        "sido": "전북특별자치도",
        "power_type": "line",
        "name": "",
        "description": "",
        "voltage": "154000",
        "cables": "6",
        "circuits": "2",
        "frequency": "60",
        "operator": "",
        "wires": ""
      }
    },
    {
      "type": "Feature",
      "geometry": {
        "type": "LineString",
        "coordinates": [
          [
            126.7168188,
            35.7091905
          ],
          [
            126.7196632,
            35.7092685
          ],
          [
            126.7212363,
            35.7094658
          ],
          [
            126.723945,
            35.7086568
          ],
          [
            126.7260103,
            35.7065703
          ],
          [
            126.7260962,
            35.7027718
          ],
          [
            126.7265055,
            35.6998199
          ],
          [
            126.7267303,
            35.6977139
          ],
          [
            126.7288318,
            35.6961314
          ],
          [
            126.7293254,
            35.6931373
          ],
          [
            126.7297733,
            35.6907247
          ],
          [
            126.7302346,
            35.6883676
          ],
          [
            126.730755,
            35.68537
          ],
          [
            126.7311975,
            35.6829735
          ],
          [
            126.7338502,
            35.6816576
          ],
          [
            126.7361918,
            35.6805051
          ],
          [
            126.7388821,
            35.6788122
          ],
          [
            126.7416796,
            35.6781368
          ],
          [
            126.7445925,
            35.677494
          ],
          [
            126.7476824,
            35.6763632
          ],
          [
            126.7485461,
            35.6741168
          ],
          [
            126.7495036,
            35.6718878
          ],
          [
            126.7505255,
            35.669443
          ],
          [
            126.7514268,
            35.6672792
          ],
          [
            126.7524621,
            35.6647122
          ],
          [
            126.7535403,
            35.6620209
          ],
          [
            126.7544174,
            35.6599092
          ],
          [
            126.7551014,
            35.6582159
          ],
          [
            126.7569092,
            35.6537983
          ],
          [
            126.7581028,
            35.6509672
          ],
          [
            126.7618042,
            35.6506664
          ],
          [
            126.7649585,
            35.6504049
          ],
          [
            126.7680699,
            35.6501433
          ],
          [
            126.7706287,
            35.6499428
          ],
          [
            126.7746895,
            35.6495897
          ],
          [
            126.7780316,
            35.6493238
          ],
          [
            126.7812931,
            35.6490318
          ],
          [
            126.7837957,
            35.6480902
          ],
          [
            126.7866442,
            35.6469699
          ],
          [
            126.7878163,
            35.6442845
          ],
          [
            126.7891735,
            35.6409931
          ],
          [
            126.7905199,
            35.6378236
          ],
          [
            126.7917216,
            35.6350769
          ],
          [
            126.7927462,
            35.6326179
          ],
          [
            126.7936152,
            35.6305599
          ],
          [
            126.7951763,
            35.6279307
          ],
          [
            126.7961526,
            35.6245994
          ],
          [
            126.7965925,
            35.6229468
          ],
          [
            126.7980784,
            35.6189088
          ],
          [
            126.7991298,
            35.6159696
          ],
          [
            126.8011576,
            35.6128994
          ],
          [
            126.8050629,
            35.6126508
          ],
          [
            126.810261,
            35.6122322
          ],
          [
            126.8141717,
            35.6121057
          ],
          [
            126.8177444,
            35.6103001
          ],
          [
            126.8183157,
            35.6086821
          ],
          [
            126.8189621,
            35.6037711
          ]
        ]
      },
      "properties": {
        "osm_type": "way",
        "osm_id": 862071372,
        "sido": "전북특별자치도",
        "power_type": "line",
        "name": "정주-부안 송전선로",
        "description": "",
        "voltage": "154000",
        "cables": "6",
        "circuits": "2",
        "frequency": "60",
        "operator": "한국전력공사",
        "wires": ""
      }
    },
    {
      "type": "Feature",
      "geometry": {
        "type": "LineString",
        "coordinates": [
          [
            126.7399806,
            35.6987373
          ],
          [
            126.7399528,
            35.6985466
          ],
          [
            126.7391935,
            35.6985427
          ],
          [
            126.7378385,
            35.6985327
          ],
          [
            126.7365935,
            35.698525
          ],
          [
            126.7363438,
            35.6985455
          ],
          [
            126.7359915,
            35.6985859
          ],
          [
            126.7356433,
            35.6986507
          ],
          [
            126.7353508,
            35.6987197
          ],
          [
            126.7350167,
            35.698802
          ],
          [
            126.7334289,
            35.6993189
          ],
          [
            126.732377,
            35.6996753
          ],
          [
            126.729607,
            35.7006599
          ],
          [
            126.7286919,
            35.7009566
          ],
          [
            126.7280379,
            35.7011566
          ],
          [
            126.727429,
            35.701345
          ],
          [
            126.726851,
            35.701516
          ],
          [
            126.7259022,
            35.7017673
          ],
          [
            126.7260962,
            35.7027718
          ]
        ]
      },
      "properties": {
        "osm_type": "way",
        "osm_id": 865384370,
        "sido": "전북특별자치도",
        "power_type": "cable",
        "name": "김제-부안 송전선로 (지중화구간)",
        "description": "",
        "voltage": "154000",
        "cables": "",
        "circuits": "",
        "frequency": "60",
        "operator": "한국전력공사",
        "wires": ""
      }
    },
    {
      "type": "Feature",
      "geometry": {
        "type": "LineString",
        "coordinates": [
          [
            126.7507409,
            35.9836862
          ],
          [
            126.7572962,
            35.9849385
          ],
          [
            126.7610218,
            35.9856287
          ],
          [
            126.7641519,
            35.9861821
          ],
          [
            126.7680887,
            35.9874785
          ],
          [
            126.770498,
            35.9881311
          ],
          [
            126.773427,
            35.9890339
          ],
          [
            126.777386,
            35.990284
          ],
          [
            126.7798107,
            35.9910479
          ],
          [
            126.7847674,
            35.9922198
          ],
          [
            126.7890401,
            35.992274
          ],
          [
            126.7949062,
            35.9906703
          ],
          [
            126.7988329,
            35.9887474
          ],
          [
            126.8005495,
            35.9879661
          ],
          [
            126.8067401,
            35.9851968
          ],
          [
            126.8085532,
            35.9843981
          ],
          [
            126.8143683,
            35.9833303
          ],
          [
            126.8186705,
            35.9828094
          ],
          [
            126.8249576,
            35.9820367
          ],
          [
            126.8278222,
            35.9816634
          ],
          [
            126.8307619,
            35.9812466
          ],
          [
            126.8311447,
            35.9811962
          ],
          [
            126.8340375,
            35.9808149
          ],
          [
            126.8359654,
            35.9805608
          ],
          [
            126.8398707,
            35.980092
          ],
          [
            126.84413,
            35.9795537
          ],
          [
            126.84722,
            35.9790935
          ],
          [
            126.8511252,
            35.9785639
          ],
          [
            126.854022,
            35.9778867
          ],
          [
            126.8562107,
            35.9756119
          ],
          [
            126.8583994,
            35.9733805
          ],
          [
            126.8556099,
            35.9704978
          ],
          [
            126.8555438,
            35.9702826
          ],
          [
            126.855044,
            35.9686569
          ]
        ]
      },
      "properties": {
        "osm_type": "way",
        "osm_id": 877707714,
        "sido": "전북특별자치도",
        "power_type": "line",
        "name": "",
        "description": "",
        "voltage": "154000",
        "cables": "",
        "circuits": "",
        "frequency": "60",
        "operator": "",
        "wires": ""
      }
    },
    {
      "type": "Feature",
      "geometry": {
        "type": "LineString",
        "coordinates": [
          [
            127.7063709,
            35.9682185
          ],
          [
            127.7054593,
            35.9694027
          ],
          [
            127.7066274,
            35.9758283
          ],
          [
            127.7045979,
            35.9789598
          ],
          [
            127.7028726,
            35.9816914
          ],
          [
            127.7009414,
            35.9846681
          ],
          [
            127.6979182,
            35.9871457
          ],
          [
            127.6959174,
            35.9898452
          ],
          [
            127.694455,
            35.9917763
          ],
          [
            127.6947143,
            36.0020749
          ],
          [
            127.6983675,
            36.0095198
          ],
          [
            127.6997802,
            36.0124278
          ],
          [
            127.7006854,
            36.0142651
          ],
          [
            127.7019573,
            36.0168672
          ],
          [
            127.7038563,
            36.018958
          ],
          [
            127.7065302,
            36.0218816
          ],
          [
            127.7092968,
            36.0249404
          ],
          [
            127.7128514,
            36.0288338
          ],
          [
            127.7158845,
            36.0322152
          ],
          [
            127.7194511,
            36.0362678
          ],
          [
            127.7214269,
            36.0385273
          ],
          [
            127.7259958,
            36.0437332
          ],
          [
            127.7272818,
            36.0477738
          ],
          [
            127.7280938,
            36.0504152
          ],
          [
            127.7289896,
            36.0532218
          ],
          [
            127.7343275,
            36.057639
          ],
          [
            127.7421815,
            36.0637218
          ],
          [
            127.7456938,
            36.0680016
          ],
          [
            127.7463678,
            36.0760888
          ],
          [
            127.7463315,
            36.0910688
          ],
          [
            127.746321,
            36.0930436
          ],
          [
            127.7478937,
            36.0950865
          ],
          [
            127.7494975,
            36.0971502
          ],
          [
            127.7516279,
            36.0983943
          ],
          [
            127.7560723,
            36.1009459
          ],
          [
            127.7598122,
            36.1052632
          ],
          [
            127.7625257,
            36.108387
          ],
          [
            127.7666384,
            36.1130351
          ],
          [
            127.7693903,
            36.1160226
          ],
          [
            127.7712661,
            36.1171269
          ],
          [
            127.7745116,
            36.1192234
          ],
          [
            127.7773728,
            36.1210618
          ],
          [
            127.7815285,
            36.1246526
          ],
          [
            127.7844242,
            36.1271612
          ],
          [
            127.7852665,
            36.1306337
          ],
          [
            127.7865355,
            36.1357731
          ],
          [
            127.7873958,
            36.1392824
          ],
          [
            127.7879573,
            36.141483
          ]
        ]
      },
      "properties": {
        "osm_type": "way",
        "osm_id": 885343022,
        "sido": "전북특별자치도",
        "power_type": "line",
        "name": "",
        "description": "",
        "voltage": "345000",
        "cables": "",
        "circuits": "",
        "frequency": "",
        "operator": "",
        "wires": ""
      }
    },
    {
      "type": "Feature",
      "geometry": {
        "type": "LineString",
        "coordinates": [
          [
            127.5348112,
            36.292461
          ],
          [
            127.5346998,
            36.290954
          ],
          [
            127.5343782,
            36.2869778
          ],
          [
            127.5342654,
            36.2851605
          ],
          [
            127.5339492,
            36.2797859
          ],
          [
            127.5330144,
            36.27764
          ],
          [
            127.5316559,
            36.2745666
          ],
          [
            127.5299844,
            36.2708569
          ],
          [
            127.5286057,
            36.2674894
          ],
          [
            127.5273545,
            36.2647905
          ],
          [
            127.5273258,
            36.2604991
          ],
          [
            127.5272367,
            36.2565271
          ],
          [
            127.527261,
            36.2550539
          ],
          [
            127.5272756,
            36.2535885
          ],
          [
            127.5267314,
            36.2495409
          ],
          [
            127.5265078,
            36.2469946
          ],
          [
            127.526026,
            36.242186
          ],
          [
            127.5256479,
            36.237433
          ],
          [
            127.5252838,
            36.2330239
          ],
          [
            127.5251085,
            36.2313639
          ],
          [
            127.5247787,
            36.2277305
          ],
          [
            127.5243767,
            36.2230187
          ],
          [
            127.5238284,
            36.2170972
          ],
          [
            127.5231812,
            36.2102851
          ],
          [
            127.5229562,
            36.2077598
          ],
          [
            127.5227502,
            36.2055092
          ],
          [
            127.5235442,
            36.2009612
          ],
          [
            127.5242906,
            36.1975966
          ],
          [
            127.526231,
            36.1903504
          ],
          [
            127.5268066,
            36.1881136
          ],
          [
            127.5302416,
            36.1751102
          ],
          [
            127.5309716,
            36.1723976
          ],
          [
            127.53218,
            36.167867
          ],
          [
            127.5329884,
            36.1638004
          ],
          [
            127.5335108,
            36.1614685
          ],
          [
            127.5342058,
            36.1583685
          ],
          [
            127.5347578,
            36.1556584
          ],
          [
            127.5355398,
            36.151624
          ],
          [
            127.5361635,
            36.1488272
          ],
          [
            127.5371646,
            36.1442167
          ],
          [
            127.5376529,
            36.1417815
          ],
          [
            127.5384791,
            36.1391556
          ],
          [
            127.538943,
            36.1376931
          ],
          [
            127.5398749,
            36.1347416
          ],
          [
            127.5408109,
            36.1317507
          ],
          [
            127.5419888,
            36.1280587
          ],
          [
            127.5429786,
            36.1248918
          ],
          [
            127.5429856,
            36.1229577
          ],
          [
            127.5430204,
            36.1200299
          ],
          [
            127.5430099,
            36.1170343
          ],
          [
            127.5430065,
            36.1139063
          ],
          [
            127.5429916,
            36.1117606
          ],
          [
            127.5430363,
            36.1056288
          ],
          [
            127.5430407,
            36.1012395
          ],
          [
            127.5430528,
            36.0971755
          ],
          [
            127.5430861,
            36.0928881
          ],
          [
            127.5430914,
            36.0878206
          ],
          [
            127.5431129,
            36.0850375
          ],
          [
            127.5431504,
            36.082536
          ],
          [
            127.5431343,
            36.0778233
          ],
          [
            127.5431558,
            36.0737868
          ],
          [
            127.5433811,
            36.0696242
          ],
          [
            127.5436279,
            36.0658832
          ],
          [
            127.5439444,
            36.0613072
          ],
          [
            127.5441911,
            36.0579854
          ],
          [
            127.5445076,
            36.0538133
          ],
          [
            127.5448134,
            36.0493765
          ],
          [
            127.5450548,
            36.0460542
          ],
          [
            127.5455805,
            36.0420116
          ],
          [
            127.5460746,
            36.0379512
          ],
          [
            127.5465361,
            36.0339405
          ],
          [
            127.5467748,
            36.0321359
          ],
          [
            127.546159,
            36.0266442
          ],
          [
            127.5457246,
            36.0232678
          ],
          [
            127.5455691,
            36.0220593
          ],
          [
            127.5452276,
            36.0189996
          ],
          [
            127.5447769,
            36.0148705
          ],
          [
            127.544418,
            36.011841
          ],
          [
            127.5440113,
            36.0084295
          ],
          [
            127.5435681,
            36.0045661
          ],
          [
            127.5433957,
            36.0026958
          ],
          [
            127.5428555,
            35.997826
          ],
          [
            127.5437741,
            35.9956869
          ],
          [
            127.5454915,
            35.9917445
          ],
          [
            127.5466258,
            35.9891075
          ],
          [
            127.5479957,
            35.9859501
          ],
          [
            127.5487546,
            35.9841726
          ],
          [
            127.5500646,
            35.9811217
          ],
          [
            127.5513028,
            35.9783227
          ],
          [
            127.552437,
            35.9756982
          ],
          [
            127.5549772,
            35.972188
          ],
          [
            127.5575364,
            35.9685875
          ],
          [
            127.5597755,
            35.9643536
          ],
          [
            127.5613688,
            35.9613042
          ],
          [
            127.5645764,
            35.955678
          ],
          [
            127.5655939,
            35.9538947
          ],
          [
            127.5667174,
            35.9518073
          ],
          [
            127.5681795,
            35.9492203
          ],
          [
            127.5706573,
            35.9448505
          ],
          [
            127.5722202,
            35.9406867
          ],
          [
            127.5735333,
            35.9372431
          ],
          [
            127.5744705,
            35.9347585
          ],
          [
            127.5751937,
            35.9328208
          ],
          [
            127.5765782,
            35.9290956
          ],
          [
            127.5773061,
            35.9272194
          ],
          [
            127.5781196,
            35.9250003
          ],
          [
            127.5791616,
            35.9217948
          ],
          [
            127.5792757,
            35.9181346
          ],
          [
            127.5794613,
            35.9171482
          ],
          [
            127.5799133,
            35.9144549
          ],
          [
            127.5804509,
            35.9112451
          ],
          [
            127.5809243,
            35.9083228
          ],
          [
            127.5800617,
            35.9054083
          ],
          [
            127.5797723,
            35.9038496
          ],
          [
            127.579039,
            35.8997839
          ],
          [
            127.5779523,
            35.8965464
          ],
          [
            127.5759809,
            35.8905834
          ],
          [
            127.5754225,
            35.8889236
          ],
          [
            127.5739759,
            35.8846199
          ],
          [
            127.5724351,
            35.8799508
          ],
          [
            127.5715167,
            35.8772331
          ],
          [
            127.5697102,
            35.8717566
          ],
          [
            127.5686908,
            35.8687061
          ],
          [
            127.567362,
            35.8647176
          ],
          [
            127.5660574,
            35.860763
          ],
          [
            127.5649631,
            35.8574315
          ],
          [
            127.5638451,
            35.8540922
          ],
          [
            127.5626271,
            35.8504673
          ],
          [
            127.5620324,
            35.8486356
          ],
          [
            127.5612807,
            35.8463796
          ],
          [
            127.5606289,
            35.8444166
          ],
          [
            127.5600675,
            35.8427043
          ],
          [
            127.5592016,
            35.8400547
          ],
          [
            127.5581788,
            35.8369191
          ],
          [
            127.5571416,
            35.8337949
          ],
          [
            127.5563756,
            35.8315963
          ],
          [
            127.5546916,
            35.8263394
          ],
          [
            127.5530165,
            35.823229
          ],
          [
            127.5510223,
            35.8194094
          ],
          [
            127.5501692,
            35.8177665
          ],
          [
            127.5488071,
            35.8151638
          ],
          [
            127.5462763,
            35.8122986
          ],
          [
            127.5446691,
            35.8105128
          ],
          [
            127.5416256,
            35.8070424
          ],
          [
            127.5392624,
            35.8043395
          ],
          [
            127.5367908,
            35.8007361
          ],
          [
            127.5356037,
            35.79901
          ],
          [
            127.5324424,
            35.7943375
          ],
          [
            127.5310457,
            35.7922985
          ],
          [
            127.5303857,
            35.7876339
          ],
          [
            127.5297711,
            35.7835102
          ],
          [
            127.5291908,
            35.7791379
          ],
          [
            127.5288823,
            35.7768253
          ],
          [
            127.528629,
            35.7750839
          ],
          [
            127.5279925,
            35.7705855
          ],
          [
            127.5276133,
            35.7679526
          ],
          [
            127.5270575,
            35.7639231
          ],
          [
            127.5266039,
            35.7604955
          ],
          [
            127.5254077,
            35.7580055
          ],
          [
            127.524603,
            35.7561075
          ],
          [
            127.5238413,
            35.7538089
          ],
          [
            127.5232677,
            35.7521256
          ],
          [
            127.5215166,
            35.746921
          ],
          [
            127.5205822,
            35.744058
          ],
          [
            127.5199259,
            35.7403194
          ],
          [
            127.5132247,
            35.7378635
          ],
          [
            127.5185976,
            35.7327207
          ],
          [
            127.5182115,
            35.7304414
          ],
          [
            127.5171811,
            35.7245212
          ],
          [
            127.5170418,
            35.7205649
          ],
          [
            127.5169458,
            35.7172465
          ],
          [
            127.5168179,
            35.7135681
          ],
          [
            127.5166031,
            35.7108096
          ],
          [
            127.5162353,
            35.7069677
          ],
          [
            127.5159337,
            35.7043741
          ],
          [
            127.5154471,
            35.7003778
          ],
          [
            127.5151067,
            35.6977432
          ],
          [
            127.5147297,
            35.6945489
          ],
          [
            127.5139988,
            35.6884201
          ],
          [
            127.5132111,
            35.6820175
          ],
          [
            127.5130471,
            35.6805951
          ],
          [
            127.512719,
            35.6784024
          ],
          [
            127.5121575,
            35.675229
          ],
          [
            127.5114747,
            35.6723541
          ],
          [
            127.5108121,
            35.6682286
          ],
          [
            127.5103788,
            35.6659343
          ],
          [
            127.5097235,
            35.6625878
          ],
          [
            127.5092266,
            35.659952
          ],
          [
            127.5084388,
            35.6560589
          ],
          [
            127.5081762,
            35.6528649
          ],
          [
            127.5078894,
            35.6494573
          ],
          [
            127.5076106,
            35.6465257
          ],
          [
            127.5066895,
            35.6408393
          ],
          [
            127.5045916,
            35.6276423
          ],
          [
            127.5040139,
            35.6241351
          ],
          [
            127.5042199,
            35.6203355
          ],
          [
            127.5044039,
            35.6171437
          ],
          [
            127.5032782,
            35.6141453
          ],
          [
            127.5021441,
            35.6109357
          ],
          [
            127.5013728,
            35.6088246
          ],
          [
            127.50064,
            35.6066785
          ],
          [
            127.4992285,
            35.6030672
          ],
          [
            127.4978252,
            35.5994884
          ],
          [
            127.4980006,
            35.5966989
          ],
          [
            127.4983441,
            35.5910698
          ],
          [
            127.4986875,
            35.5892054
          ],
          [
            127.4986795,
            35.5853368
          ],
          [
            127.4985057,
            35.5835577
          ],
          [
            127.4982957,
            35.5815929
          ],
          [
            127.498021,
            35.5790859
          ],
          [
            127.497724,
            35.576265
          ],
          [
            127.497524,
            35.5745284
          ],
          [
            127.4972857,
            35.5723843
          ],
          [
            127.4966453,
            35.5677098
          ],
          [
            127.4961545,
            35.5653173
          ],
          [
            127.4955707,
            35.5624319
          ],
          [
            127.4948556,
            35.5588463
          ],
          [
            127.4941688,
            35.5554019
          ],
          [
            127.4936699,
            35.5530995
          ],
          [
            127.4895289,
            35.5465075
          ],
          [
            127.4884361,
            35.5447489
          ],
          [
            127.4866108,
            35.5417739
          ],
          [
            127.4856088,
            35.5401598
          ],
          [
            127.4840858,
            35.5376696
          ],
          [
            127.4829768,
            35.5347158
          ],
          [
            127.4821815,
            35.5326026
          ],
          [
            127.4802129,
            35.5274654
          ],
          [
            127.4790794,
            35.5244577
          ],
          [
            127.4778175,
            35.5209078
          ],
          [
            127.4778473,
            35.5165262
          ],
          [
            127.4779685,
            35.5102354
          ],
          [
            127.4780166,
            35.5072064
          ],
          [
            127.4781275,
            35.5027818
          ],
          [
            127.4782166,
            35.4982413
          ],
          [
            127.4782383,
            35.4945872
          ],
          [
            127.4781515,
            35.4914448
          ],
          [
            127.4780348,
            35.4887298
          ],
          [
            127.4779481,
            35.4863602
          ],
          [
            127.47783,
            35.4835176
          ],
          [
            127.4776301,
            35.4790329
          ],
          [
            127.4773868,
            35.4765472
          ],
          [
            127.4772398,
            35.4750267
          ],
          [
            127.4770591,
            35.473412
          ],
          [
            127.4763147,
            35.4711419
          ],
          [
            127.475522,
            35.4686559
          ],
          [
            127.4742885,
            35.4649004
          ],
          [
            127.4733128,
            35.4618976
          ],
          [
            127.4723094,
            35.4587917
          ],
          [
            127.4718214,
            35.455556
          ],
          [
            127.4711397,
            35.4525696
          ],
          [
            127.4686606,
            35.4511134
          ]
        ]
      },
      "properties": {
        "osm_type": "way",
        "osm_id": 890587114,
        "sido": "전북특별자치도",
        "power_type": "line",
        "name": "",
        "description": "",
        "voltage": "345000",
        "cables": "6",
        "circuits": "2",
        "frequency": "60",
        "operator": "",
        "wires": ""
      }
    },
    {
      "type": "Feature",
      "geometry": {
        "type": "LineString",
        "coordinates": [
          [
            127.2317138,
            35.3273325
          ],
          [
            127.2360107,
            35.3323305
          ],
          [
            127.2350532,
            35.335
          ],
          [
            127.2343665,
            35.3370262
          ],
          [
            127.2349137,
            35.3398793
          ],
          [
            127.2350076,
            35.3424261
          ],
          [
            127.2350854,
            35.3445439
          ],
          [
            127.2352785,
            35.3484163
          ],
          [
            127.234329,
            35.3507703
          ],
          [
            127.2332185,
            35.3532992
          ],
          [
            127.2308904,
            35.3554124
          ],
          [
            127.2279534,
            35.3555546
          ],
          [
            127.2245014,
            35.3557056
          ],
          [
            127.2211969,
            35.3551762
          ],
          [
            127.2200221,
            35.353938
          ],
          [
            127.2175813,
            35.3523104
          ],
          [
            127.2140515,
            35.3500199
          ],
          [
            127.2115087,
            35.3483419
          ],
          [
            127.2079092,
            35.3462329
          ],
          [
            127.2052914,
            35.3447146
          ],
          [
            127.2026736,
            35.3431897
          ],
          [
            127.2000235,
            35.3416341
          ],
          [
            127.1969712,
            35.3413671
          ],
          [
            127.1914297,
            35.3408333
          ],
          [
            127.1880609,
            35.3405138
          ],
          [
            127.1842629,
            35.3401594
          ],
          [
            127.178126,
            35.3395818
          ],
          [
            127.1751273,
            35.3392929
          ],
          [
            127.1727186,
            35.3378839
          ],
          [
            127.1705568,
            35.3366454
          ],
          [
            127.1681428,
            35.334698
          ],
          [
            127.1661687,
            35.3331313
          ],
          [
            127.1634623,
            35.3310569
          ],
          [
            127.1611905,
            35.3292626
          ],
          [
            127.1595222,
            35.327919
          ],
          [
            127.1575534,
            35.3263171
          ],
          [
            127.1544608,
            35.323864
          ],
          [
            127.1518189,
            35.3217565
          ],
          [
            127.1490401,
            35.319533
          ],
          [
            127.1453252,
            35.3164712
          ],
          [
            127.1436918,
            35.3151296
          ],
          [
            127.1407574,
            35.3142585
          ],
          [
            127.1375227,
            35.3133524
          ],
          [
            127.1332741,
            35.3121048
          ],
          [
            127.1309298,
            35.3114219
          ],
          [
            127.1275234,
            35.3103976
          ],
          [
            127.1243611,
            35.3098373
          ],
          [
            127.1210378,
            35.3092507
          ],
          [
            127.1169233,
            35.3085196
          ],
          [
            127.1127337,
            35.3077688
          ],
          [
            127.1095553,
            35.3072238
          ],
          [
            127.1051753,
            35.306449
          ],
          [
            127.1024528,
            35.3059477
          ],
          [
            127.0979065,
            35.30514
          ],
          [
            127.0951438,
            35.3038179
          ],
          [
            127.0918339,
            35.3022593
          ],
          [
            127.0878911,
            35.3003461
          ],
          [
            127.0849138,
            35.2989364
          ],
          [
            127.0814592,
            35.2972814
          ],
          [
            127.0780957,
            35.2956308
          ],
          [
            127.0724738,
            35.2930519
          ],
          [
            127.0665407,
            35.2902409
          ],
          [
            127.0634615,
            35.2887609
          ],
          [
            127.0607257,
            35.2874516
          ],
          [
            127.0577002,
            35.2860242
          ],
          [
            127.0545942,
            35.2845331
          ],
          [
            127.0504475,
            35.2833048
          ],
          [
            127.0474648,
            35.2829589
          ],
          [
            127.0435166,
            35.282486
          ],
          [
            127.0404428,
            35.2823765
          ],
          [
            127.0366716,
            35.2822407
          ],
          [
            127.0315164,
            35.2820831
          ],
          [
            127.0281745,
            35.2820169
          ],
          [
            127.0237872,
            35.2804685
          ],
          [
            127.0186998,
            35.278671
          ],
          [
            127.0149154,
            35.2773155
          ],
          [
            127.011063,
            35.2759671
          ],
          [
            127.007937,
            35.2748784
          ],
          [
            127.00655,
            35.274339
          ],
          [
            127.0036693,
            35.2733396
          ],
          [
            127.0008565,
            35.2723639
          ],
          [
            126.9980827,
            35.2713308
          ],
          [
            126.9955735,
            35.2700061
          ],
          [
            126.9918257,
            35.2680071
          ],
          [
            126.9894113,
            35.2666665
          ],
          [
            126.9860447,
            35.2648062
          ],
          [
            126.981709,
            35.2624441
          ],
          [
            126.9773515,
            35.2600939
          ],
          [
            126.9745193,
            35.258533
          ],
          [
            126.9717843,
            35.2570078
          ],
          [
            126.9681676,
            35.2543023
          ],
          [
            126.9661345,
            35.252779
          ],
          [
            126.9642132,
            35.2513191
          ],
          [
            126.9630908,
            35.2499231
          ],
          [
            126.9619518,
            35.2485064
          ],
          [
            126.9601981,
            35.246364
          ],
          [
            126.9580704,
            35.2437713
          ],
          [
            126.9562637,
            35.2415286
          ],
          [
            126.9543295,
            35.239293
          ],
          [
            126.9517261,
            35.2366868
          ],
          [
            126.9495115,
            35.2343158
          ],
          [
            126.9463063,
            35.2309167
          ],
          [
            126.9440312,
            35.2284185
          ],
          [
            126.9418738,
            35.2260929
          ],
          [
            126.9414221,
            35.2241111
          ],
          [
            126.940728,
            35.2193847
          ],
          [
            126.9404247,
            35.2158231
          ],
          [
            126.9400826,
            35.2123178
          ],
          [
            126.9381959,
            35.209372
          ],
          [
            126.9369456,
            35.2086566
          ],
          [
            126.9351088,
            35.207066
          ],
          [
            126.9340581,
            35.2074952
          ]
        ]
      },
      "properties": {
        "osm_type": "way",
        "osm_id": 892604024,
        "sido": "전북특별자치도",
        "power_type": "line",
        "name": "",
        "description": "",
        "voltage": "154000",
        "cables": "6",
        "circuits": "2",
        "frequency": "60",
        "operator": "",
        "wires": ""
      }
    },
    {
      "type": "Feature",
      "geometry": {
        "type": "LineString",
        "coordinates": [
          [
            126.9945234,
            35.3697003
          ],
          [
            126.9946589,
            35.3714532
          ],
          [
            126.9962414,
            35.3740526
          ],
          [
            126.9967249,
            35.3757731
          ],
          [
            126.9982409,
            35.3811667
          ],
          [
            126.9980317,
            35.3859821
          ],
          [
            126.9977313,
            35.3923736
          ],
          [
            126.997439,
            35.3986422
          ],
          [
            126.99727,
            35.4026268
          ],
          [
            126.9969991,
            35.4087623
          ],
          [
            126.9969267,
            35.4105243
          ],
          [
            126.9967574,
            35.4140638
          ],
          [
            126.9965431,
            35.4185445
          ],
          [
            126.9964063,
            35.421585
          ],
          [
            126.9961891,
            35.426482
          ],
          [
            126.9960281,
            35.4298751
          ],
          [
            126.9957626,
            35.43606
          ],
          [
            126.9955957,
            35.4388253
          ],
          [
            126.9948882,
            35.4428409
          ],
          [
            126.9937402,
            35.4490203
          ],
          [
            126.9932038,
            35.4517428
          ],
          [
            126.9934881,
            35.4563354
          ],
          [
            126.9938421,
            35.461321
          ],
          [
            126.9940942,
            35.4644232
          ],
          [
            126.9942552,
            35.4684733
          ],
          [
            126.9948989,
            35.4702952
          ],
          [
            126.9969615,
            35.4757233
          ],
          [
            126.9993085,
            35.4824222
          ],
          [
            127.0002311,
            35.4846718
          ],
          [
            127.0006925,
            35.485956
          ],
          [
            127.0027363,
            35.4916299
          ],
          [
            127.0040774,
            35.4947091
          ],
          [
            127.0065182,
            35.5021292
          ],
          [
            127.0070708,
            35.5065311
          ],
          [
            127.0076501,
            35.5110376
          ],
          [
            127.0081276,
            35.5161115
          ],
          [
            127.0085782,
            35.5191854
          ],
          [
            127.0089108,
            35.5223989
          ],
          [
            127.0095974,
            35.5281029
          ],
          [
            127.0100319,
            35.5350747
          ],
          [
            127.010445,
            35.5425718
          ],
          [
            127.010901,
            35.5517202
          ],
          [
            127.0136985,
            35.5575356
          ],
          [
            127.016657,
            35.5637041
          ],
          [
            127.0154795,
            35.5688793
          ],
          [
            127.0147419,
            35.5718727
          ],
          [
            127.0139801,
            35.5750927
          ]
        ]
      },
      "properties": {
        "osm_type": "way",
        "osm_id": 892965055,
        "sido": "전북특별자치도",
        "power_type": "line",
        "name": "",
        "description": "",
        "voltage": "154000",
        "cables": "6",
        "circuits": "2",
        "frequency": "60",
        "operator": "",
        "wires": ""
      }
    },
    {
      "type": "Feature",
      "geometry": {
        "type": "LineString",
        "coordinates": [
          [
            127.6395249,
            36.0074031
          ],
          [
            127.6395544,
            36.0082623
          ]
        ]
      },
      "properties": {
        "osm_type": "way",
        "osm_id": 893614533,
        "sido": "전북특별자치도",
        "power_type": "line",
        "name": "",
        "description": "",
        "voltage": "154000",
        "cables": "6",
        "circuits": "2",
        "frequency": "60",
        "operator": "",
        "wires": ""
      }
    },
    {
      "type": "Feature",
      "geometry": {
        "type": "LineString",
        "coordinates": [
          [
            127.1158768,
            35.754495
          ],
          [
            127.1174939,
            35.753513
          ],
          [
            127.1200386,
            35.7519382
          ],
          [
            127.1223299,
            35.7505125
          ],
          [
            127.1236664,
            35.7497014
          ],
          [
            127.1255219,
            35.7476327
          ],
          [
            127.1279941,
            35.7448559
          ],
          [
            127.1301144,
            35.7425458
          ],
          [
            127.132102,
            35.7403086
          ],
          [
            127.134389,
            35.7377945
          ],
          [
            127.13645,
            35.7355165
          ],
          [
            127.1385841,
            35.7331226
          ],
          [
            127.1405455,
            35.7309676
          ],
          [
            127.1426233,
            35.7286295
          ],
          [
            127.1435523,
            35.7264996
          ],
          [
            127.1448354,
            35.7234992
          ],
          [
            127.1457855,
            35.7212503
          ],
          [
            127.1472972,
            35.7177662
          ],
          [
            127.1479063,
            35.7141584
          ],
          [
            127.1483643,
            35.7114919
          ],
          [
            127.1487151,
            35.7093951
          ],
          [
            127.1501768,
            35.7067759
          ],
          [
            127.1513949,
            35.7046473
          ],
          [
            127.1527787,
            35.7021902
          ],
          [
            127.154752,
            35.6986608
          ],
          [
            127.1562381,
            35.6959265
          ],
          [
            127.1577778,
            35.6931289
          ],
          [
            127.1595026,
            35.6899275
          ],
          [
            127.161359,
            35.6870228
          ],
          [
            127.1629425,
            35.6844623
          ],
          [
            127.1645455,
            35.6819333
          ],
          [
            127.1665013,
            35.6802284
          ],
          [
            127.1697517,
            35.6775243
          ],
          [
            127.1709235,
            35.6752168
          ],
          [
            127.1722464,
            35.6726282
          ],
          [
            127.174724,
            35.6703265
          ],
          [
            127.1773332,
            35.6679377
          ],
          [
            127.1807,
            35.6663385
          ],
          [
            127.183477,
            35.6650413
          ],
          [
            127.1867979,
            35.6634329
          ],
          [
            127.18958,
            35.6612319
          ],
          [
            127.1938653,
            35.6598423
          ],
          [
            127.1988303,
            35.6581777
          ],
          [
            127.2007256,
            35.6575521
          ],
          [
            127.203241,
            35.6567287
          ],
          [
            127.2073229,
            35.6553638
          ],
          [
            127.2091549,
            35.654766
          ],
          [
            127.2123853,
            35.6539346
          ],
          [
            127.2145682,
            35.6528577
          ],
          [
            127.2164733,
            35.6519432
          ],
          [
            127.2203615,
            35.650015
          ],
          [
            127.2233629,
            35.6485897
          ],
          [
            127.2270805,
            35.6467584
          ],
          [
            127.2301014,
            35.6452538
          ],
          [
            127.2306865,
            35.6430116
          ],
          [
            127.2314483,
            35.640034
          ],
          [
            127.2318971,
            35.6384242
          ],
          [
            127.2328397,
            35.6348386
          ],
          [
            127.2332829,
            35.6330888
          ],
          [
            127.2339628,
            35.6304894
          ],
          [
            127.236456,
            35.6276778
          ],
          [
            127.2396903,
            35.6239785
          ],
          [
            127.2407598,
            35.6227824
          ],
          [
            127.2437125,
            35.6219863
          ],
          [
            127.2466092,
            35.6212278
          ],
          [
            127.2506703,
            35.6209624
          ],
          [
            127.2541516,
            35.6208892
          ],
          [
            127.2569167,
            35.6208258
          ],
          [
            127.2590119,
            35.6207842
          ],
          [
            127.2639972,
            35.6206768
          ],
          [
            127.2674871,
            35.6206062
          ],
          [
            127.2716291,
            35.6205223
          ],
          [
            127.2734651,
            35.6204721
          ],
          [
            127.276449,
            35.6204079
          ],
          [
            127.2790826,
            35.6235785
          ],
          [
            127.2801935,
            35.6248894
          ],
          [
            127.2827393,
            35.6268578
          ],
          [
            127.2852437,
            35.6281805
          ],
          [
            127.287641,
            35.6298181
          ],
          [
            127.2891953,
            35.6306854
          ],
          [
            127.2933295,
            35.6292061
          ],
          [
            127.2953783,
            35.6283597
          ],
          [
            127.2982506,
            35.6272845
          ],
          [
            127.3003677,
            35.6255914
          ],
          [
            127.3024329,
            35.6254562
          ]
        ]
      },
      "properties": {
        "osm_type": "way",
        "osm_id": 893614539,
        "sido": "전북특별자치도",
        "power_type": "line",
        "name": "",
        "description": "",
        "voltage": "154000",
        "cables": "6",
        "circuits": "2",
        "frequency": "60",
        "operator": "",
        "wires": ""
      }
    },
    {
      "type": "Feature",
      "geometry": {
        "type": "LineString",
        "coordinates": [
          [
            127.3027842,
            35.6255299
          ],
          [
            127.3053086,
            35.6252348
          ],
          [
            127.3076364,
            35.6249774
          ],
          [
            127.3118395,
            35.6245035
          ],
          [
            127.3148573,
            35.6241497
          ],
          [
            127.3177661,
            35.6238368
          ],
          [
            127.3205141,
            35.6235239
          ],
          [
            127.3236812,
            35.6222288
          ],
          [
            127.3256911,
            35.6214228
          ],
          [
            127.3295474,
            35.6198594
          ],
          [
            127.3322213,
            35.618776
          ],
          [
            127.33447,
            35.6178452
          ],
          [
            127.3367196,
            35.6161353
          ],
          [
            127.3391865,
            35.6142546
          ],
          [
            127.342412,
            35.6118046
          ],
          [
            127.3452477,
            35.609614
          ],
          [
            127.3478562,
            35.6078055
          ],
          [
            127.3499618,
            35.6060132
          ],
          [
            127.3526367,
            35.6046821
          ],
          [
            127.3557746,
            35.6031331
          ],
          [
            127.3587711,
            35.6016198
          ],
          [
            127.3609491,
            35.6005739
          ],
          [
            127.3629437,
            35.599574
          ],
          [
            127.3649853,
            35.5980983
          ],
          [
            127.3680208,
            35.5958479
          ],
          [
            127.3707225,
            35.5938748
          ],
          [
            127.372518,
            35.5918779
          ],
          [
            127.3741844,
            35.5900058
          ],
          [
            127.3760944,
            35.5879018
          ],
          [
            127.3774465,
            35.5855897
          ],
          [
            127.3785038,
            35.5838051
          ],
          [
            127.3800495,
            35.5811719
          ],
          [
            127.3813042,
            35.5790756
          ],
          [
            127.3829925,
            35.5762303
          ],
          [
            127.384319,
            35.5739278
          ],
          [
            127.3844018,
            35.5721404
          ],
          [
            127.3845626,
            35.5690174
          ],
          [
            127.3837075,
            35.5658507
          ],
          [
            127.3829555,
            35.5627877
          ],
          [
            127.3821386,
            35.5599707
          ],
          [
            127.3817271,
            35.5582099
          ],
          [
            127.3808815,
            35.5552259
          ],
          [
            127.3802787,
            35.552772
          ],
          [
            127.3794636,
            35.5499002
          ],
          [
            127.3786586,
            35.5468101
          ],
          [
            127.3777729,
            35.543454
          ],
          [
            127.3769738,
            35.540427
          ],
          [
            127.3762454,
            35.5377508
          ],
          [
            127.3757143,
            35.5351578
          ],
          [
            127.3749542,
            35.5317716
          ],
          [
            127.3743176,
            35.5289087
          ],
          [
            127.3749185,
            35.5266511
          ],
          [
            127.375461,
            35.5246605
          ],
          [
            127.3758962,
            35.5232144
          ],
          [
            127.3765459,
            35.5207319
          ],
          [
            127.3772443,
            35.5181608
          ],
          [
            127.3782772,
            35.5141499
          ],
          [
            127.3795408,
            35.5094911
          ],
          [
            127.3803529,
            35.5063815
          ],
          [
            127.3813176,
            35.5028301
          ],
          [
            127.3823148,
            35.4992205
          ],
          [
            127.3830554,
            35.4968986
          ],
          [
            127.3837765,
            35.4945422
          ],
          [
            127.3847752,
            35.4914019
          ],
          [
            127.3856378,
            35.4886894
          ],
          [
            127.3864478,
            35.4862006
          ],
          [
            127.3868313,
            35.4839882
          ],
          [
            127.3870969,
            35.4821558
          ],
          [
            127.3875287,
            35.4795719
          ],
          [
            127.387915,
            35.4764354
          ],
          [
            127.3885855,
            35.473634
          ],
          [
            127.3890039,
            35.4718974
          ],
          [
            127.3896316,
            35.4693318
          ],
          [
            127.3901814,
            35.4671713
          ],
          [
            127.3899668,
            35.4643533
          ],
          [
            127.3898166,
            35.4614477
          ],
          [
            127.3898112,
            35.4613613
          ],
          [
            127.389645,
            35.4586775
          ],
          [
            127.3894894,
            35.4561999
          ],
          [
            127.3893124,
            35.4538053
          ],
          [
            127.3891514,
            35.4506241
          ],
          [
            127.3889369,
            35.4479103
          ],
          [
            127.3865551,
            35.4449998
          ],
          [
            127.3842993,
            35.4427819
          ],
          [
            127.3827363,
            35.4403786
          ],
          [
            127.3823172,
            35.4398777
          ]
        ]
      },
      "properties": {
        "osm_type": "way",
        "osm_id": 893614541,
        "sido": "전북특별자치도",
        "power_type": "line",
        "name": "",
        "description": "",
        "voltage": "154000",
        "cables": "6",
        "circuits": "2",
        "frequency": "60",
        "operator": "",
        "wires": ""
      }
    },
    {
      "type": "Feature",
      "geometry": {
        "type": "LineString",
        "coordinates": [
          [
            127.3828965,
            35.4394516
          ],
          [
            127.3830387,
            35.4395925
          ],
          [
            127.3844798,
            35.4426316
          ],
          [
            127.3891997,
            35.4433675
          ],
          [
            127.3938024,
            35.4432735
          ],
          [
            127.3982924,
            35.4430594
          ],
          [
            127.4038929,
            35.4435663
          ],
          [
            127.4077016,
            35.4439334
          ],
          [
            127.410813,
            35.4441388
          ],
          [
            127.4141926,
            35.4468047
          ],
          [
            127.4188006,
            35.4488936
          ],
          [
            127.4231833,
            35.4479278
          ],
          [
            127.4261069,
            35.447281
          ],
          [
            127.4289232,
            35.4443137
          ],
          [
            127.4301597,
            35.4418575
          ],
          [
            127.4329144,
            35.4401093
          ],
          [
            127.4365085,
            35.4402929
          ],
          [
            127.4424362,
            35.4405945
          ],
          [
            127.4467707,
            35.4409222
          ],
          [
            127.4493241,
            35.4412194
          ],
          [
            127.4526018,
            35.4407431
          ],
          [
            127.4565715,
            35.4416958
          ],
          [
            127.4605089,
            35.4432735
          ],
          [
            127.4624777,
            35.4454237
          ],
          [
            127.4638054,
            35.4477246
          ],
          [
            127.4658626,
            35.4500254
          ],
          [
            127.4663159,
            35.4509759
          ],
          [
            127.4669301,
            35.4506678
          ]
        ]
      },
      "properties": {
        "osm_type": "way",
        "osm_id": 893614542,
        "sido": "전북특별자치도",
        "power_type": "line",
        "name": "",
        "description": "",
        "voltage": "154000",
        "cables": "",
        "circuits": "",
        "frequency": "60",
        "operator": "",
        "wires": ""
      }
    },
    {
      "type": "Feature",
      "geometry": {
        "type": "LineString",
        "coordinates": [
          [
            126.6359711,
            35.9693235
          ],
          [
            126.636242,
            35.9684986
          ],
          [
            126.6411585,
            35.9670615
          ],
          [
            126.6444308,
            35.9668878
          ],
          [
            126.6474026,
            35.9667445
          ],
          [
            126.6503316,
            35.9666013
          ],
          [
            126.6532713,
            35.966458
          ],
          [
            126.6564524,
            35.9662886
          ],
          [
            126.659655,
            35.9658849
          ],
          [
            126.6624734,
            35.965541
          ],
          [
            126.6632491,
            35.9654463
          ],
          [
            126.6662747,
            35.9650643
          ],
          [
            126.6699761,
            35.9650208
          ],
          [
            126.6737882,
            35.9649897
          ]
        ]
      },
      "properties": {
        "osm_type": "way",
        "osm_id": 893614557,
        "sido": "전북특별자치도",
        "power_type": "line",
        "name": "",
        "description": "",
        "voltage": "154000",
        "cables": "",
        "circuits": "",
        "frequency": "60",
        "operator": "",
        "wires": ""
      }
    },
    {
      "type": "Feature",
      "geometry": {
        "type": "LineString",
        "coordinates": [
          [
            126.913864,
            35.5878016
          ],
          [
            126.9183165,
            35.5873959
          ],
          [
            126.9223452,
            35.5870993
          ],
          [
            126.9263309,
            35.5870077
          ],
          [
            126.9301879,
            35.5869771
          ],
          [
            126.9332939,
            35.586964
          ],
          [
            126.9360834,
            35.5868768
          ],
          [
            126.9394416,
            35.5869117
          ],
          [
            126.9426548,
            35.5868724
          ],
          [
            126.9461524,
            35.5867895
          ],
          [
            126.9497198,
            35.5868593
          ],
          [
            126.9528419,
            35.5869335
          ],
          [
            126.9549715,
            35.5869117
          ],
          [
            126.9586033,
            35.586964
          ],
          [
            126.9625729,
            35.5870077
          ],
          [
            126.9662797,
            35.587012
          ],
          [
            126.9701689,
            35.5863228
          ],
          [
            126.973967,
            35.585171
          ],
          [
            126.9773358,
            35.5842505
          ],
          [
            126.9799054,
            35.5835089
          ],
          [
            126.9862354,
            35.5816983
          ],
          [
            126.9905913,
            35.5805901
          ],
          [
            126.9926888,
            35.5800841
          ],
          [
            126.9950706,
            35.5794514
          ],
          [
            126.9974524,
            35.5787926
          ],
          [
            127.0009392,
            35.5778895
          ],
          [
            127.009179,
            35.5757952
          ],
          [
            127.0112389,
            35.5753763
          ],
          [
            127.0134008,
            35.57494
          ],
          [
            127.0139801,
            35.5750927
          ],
          [
            127.012808,
            35.5798375
          ],
          [
            127.0122877,
            35.58119
          ],
          [
            127.0118045,
            35.582661
          ],
          [
            127.0091817,
            35.5890013
          ],
          [
            127.0087981,
            35.5903449
          ],
          [
            127.0079666,
            35.5924912
          ],
          [
            127.0076233,
            35.5934421
          ],
          [
            127.0068777,
            35.595235
          ],
          [
            127.0061293,
            35.5957977
          ],
          [
            127.0057163,
            35.5983189
          ],
          [
            127.0066189,
            35.5996779
          ]
        ]
      },
      "properties": {
        "osm_type": "way",
        "osm_id": 893614561,
        "sido": "전북특별자치도",
        "power_type": "line",
        "name": "",
        "description": "",
        "voltage": "154000",
        "cables": "6",
        "circuits": "2",
        "frequency": "60",
        "operator": "",
        "wires": ""
      }
    },
    {
      "type": "Feature",
      "geometry": {
        "type": "LineString",
        "coordinates": [
          [
            126.7304063,
            35.4606263
          ],
          [
            126.7309937,
            35.4607486
          ],
          [
            126.7335874,
            35.4621271
          ],
          [
            126.7359397,
            35.4634204
          ],
          [
            126.7380184,
            35.4645324
          ],
          [
            126.739735,
            35.4657448
          ],
          [
            126.7413792,
            35.4680058
          ],
          [
            126.7448607,
            35.4688643
          ],
          [
            126.7463922,
            35.4696988
          ],
          [
            126.7491898,
            35.4711274
          ],
          [
            126.7511156,
            35.4721104
          ],
          [
            126.752961,
            35.4730868
          ],
          [
            126.7552543,
            35.4742554
          ],
          [
            126.7586902,
            35.4760247
          ],
          [
            126.7623353,
            35.4779425
          ],
          [
            126.7659938,
            35.4779993
          ],
          [
            126.7694324,
            35.479786
          ],
          [
            126.7678741,
            35.4825948
          ],
          [
            126.7684051,
            35.4846893
          ],
          [
            126.76947,
            35.4889634
          ],
          [
            126.7705911,
            35.493283
          ],
          [
            126.7711598,
            35.4956503
          ],
          [
            126.7714602,
            35.496788
          ],
          [
            126.772871,
            35.5022427
          ],
          [
            126.7734557,
            35.5045136
          ],
          [
            126.7741102,
            35.507125
          ],
          [
            126.774888,
            35.5100857
          ],
          [
            126.7754513,
            35.512304
          ],
          [
            126.7763847,
            35.5159565
          ],
          [
            126.7785841,
            35.517607
          ],
          [
            126.78202,
            35.5203228
          ],
          [
            126.7859334,
            35.5231848
          ],
          [
            126.7881569,
            35.5248744
          ],
          [
            126.7902571,
            35.5264614
          ],
          [
            126.7924538,
            35.5276838
          ],
          [
            126.7950422,
            35.5291419
          ],
          [
            126.7962223,
            35.5298055
          ],
          [
            126.7964637,
            35.5317635
          ],
          [
            126.7967159,
            35.5340357
          ],
          [
            126.796917,
            35.5384992
          ],
          [
            126.7973187,
            35.5401683
          ],
          [
            126.797837,
            35.5423776
          ],
          [
            126.7982823,
            35.5461117
          ],
          [
            126.798639,
            35.5487523
          ],
          [
            126.7989515,
            35.5511081
          ],
          [
            126.7991821,
            35.553455
          ],
          [
            126.7994329,
            35.5560976
          ],
          [
            126.7996877,
            35.5586877
          ],
          [
            126.7999104,
            35.5612559
          ],
          [
            126.8002255,
            35.5643183
          ],
          [
            126.8004066,
            35.5662874
          ],
          [
            126.8007392,
            35.5698611
          ],
          [
            126.8010423,
            35.572717
          ],
          [
            126.8014017,
            35.576009
          ],
          [
            126.8031183,
            35.5806
          ],
          [
            126.8047839,
            35.583583
          ],
          [
            126.8065917,
            35.5868419
          ],
          [
            126.8092257,
            35.5872716
          ],
          [
            126.8110818,
            35.5875443
          ],
          [
            126.8119213,
            35.5908553
          ],
          [
            126.8119079,
            35.5936777
          ],
          [
            126.8142226,
            35.5978762
          ],
          [
            126.8164033,
            35.6017342
          ],
          [
            126.8189621,
            35.6037711
          ]
        ]
      },
      "properties": {
        "osm_type": "way",
        "osm_id": 893614563,
        "sido": "전북특별자치도",
        "power_type": "line",
        "name": "",
        "description": "",
        "voltage": "154000",
        "cables": "6",
        "circuits": "2",
        "frequency": "60",
        "operator": "",
        "wires": ""
      }
    },
    {
      "type": "Feature",
      "geometry": {
        "type": "LineString",
        "coordinates": [
          [
            126.7096782,
            35.4453297
          ],
          [
            126.7106532,
            35.4456553
          ],
          [
            126.7131999,
            35.4486008
          ],
          [
            126.7147878,
            35.4499664
          ],
          [
            126.7160699,
            35.4510851
          ],
          [
            126.7178428,
            35.4536065
          ],
          [
            126.721952,
            35.4564709
          ],
          [
            126.7248917,
            35.4573054
          ],
          [
            126.7281425,
            35.4582362
          ],
          [
            126.7322982,
            35.4593911
          ],
          [
            126.7347765,
            35.4612
          ],
          [
            126.7376089,
            35.4628429
          ],
          [
            126.7395616,
            35.4639614
          ],
          [
            126.742158,
            35.4654469
          ],
          [
            126.7461384,
            35.4677363
          ],
          [
            126.7477745,
            35.4688198
          ],
          [
            126.7496225,
            35.4699797
          ],
          [
            126.7516128,
            35.4712817
          ],
          [
            126.7537907,
            35.4725443
          ],
          [
            126.7556683,
            35.4735971
          ],
          [
            126.7590586,
            35.4755586
          ],
          [
            126.7608986,
            35.476345
          ],
          [
            126.7627225,
            35.4771269
          ],
          [
            126.766499,
            35.4777822
          ],
          [
            126.7698893,
            35.4788001
          ],
          [
            126.7717937,
            35.4794422
          ],
          [
            126.7767611,
            35.4792369
          ],
          [
            126.7787433,
            35.4781994
          ],
          [
            126.7826995,
            35.4761091
          ],
          [
            126.7848936,
            35.4749602
          ],
          [
            126.7866021,
            35.4745953
          ],
          [
            126.7889545,
            35.4728938
          ],
          [
            126.7920819,
            35.4701327
          ],
          [
            126.7944409,
            35.4680454
          ],
          [
            126.7966524,
            35.4660433
          ],
          [
            126.7990449,
            35.4632426
          ],
          [
            126.7997477,
            35.4616216
          ]
        ]
      },
      "properties": {
        "osm_type": "way",
        "osm_id": 893614564,
        "sido": "전북특별자치도",
        "power_type": "line",
        "name": "",
        "description": "",
        "voltage": "154000",
        "cables": "6",
        "circuits": "",
        "frequency": "",
        "operator": "",
        "wires": ""
      }
    },
    {
      "type": "Feature",
      "geometry": {
        "type": "LineString",
        "coordinates": [
          [
            126.6927186,
            35.4482555
          ],
          [
            126.6927159,
            35.44793
          ],
          [
            126.693145,
            35.4477377
          ],
          [
            126.6958058,
            35.4494966
          ],
          [
            126.6980401,
            35.4512534
          ],
          [
            126.7032784,
            35.4536874
          ],
          [
            126.7080635,
            35.455881
          ],
          [
            126.7102843,
            35.4556406
          ],
          [
            126.7123282,
            35.4550354
          ],
          [
            126.7139938,
            35.4559225
          ],
          [
            126.7169926,
            35.4568401
          ],
          [
            126.7207664,
            35.4580068
          ],
          [
            126.7232233,
            35.4588042
          ],
          [
            126.7274183,
            35.4601107
          ],
          [
            126.7304063,
            35.4606263
          ]
        ]
      },
      "properties": {
        "osm_type": "way",
        "osm_id": 893614565,
        "sido": "전북특별자치도",
        "power_type": "line",
        "name": "",
        "description": "",
        "voltage": "154000",
        "cables": "",
        "circuits": "",
        "frequency": "60",
        "operator": "",
        "wires": ""
      }
    },
    {
      "type": "Feature",
      "geometry": {
        "type": "LineString",
        "coordinates": [
          [
            127.0027095,
            35.9711437
          ],
          [
            127.0040774,
            35.9715084
          ],
          [
            127.0085674,
            35.9725546
          ],
          [
            127.0123601,
            35.9734707
          ],
          [
            127.0172578,
            35.9746038
          ],
          [
            127.0223044,
            35.9757477
          ],
          [
            127.0253983,
            35.9764553
          ],
          [
            127.0291159,
            35.9773083
          ],
          [
            127.0315057,
            35.9778597
          ],
          [
            127.0334637,
            35.9785
          ],
          [
            127.0375836,
            35.9797611
          ],
          [
            127.0401934,
            35.9805674
          ],
          [
            127.043125,
            35.9815094
          ],
          [
            127.0461747,
            35.9831416
          ],
          [
            127.0493531,
            35.9848345
          ],
          [
            127.0523572,
            35.9864406
          ],
          [
            127.0559138,
            35.9883547
          ],
          [
            127.0593899,
            35.9901929
          ],
          [
            127.0630305,
            35.9920772
          ],
          [
            127.0657387,
            35.9934601
          ],
          [
            127.0688572,
            35.9950354
          ],
          [
            127.0716664,
            35.9965449
          ],
          [
            127.0747322,
            35.9982766
          ],
          [
            127.0783317,
            36.0006809
          ],
          [
            127.0802978,
            36.0040052
          ],
          [
            127.0812285,
            36.0062922
          ],
          [
            127.0830055,
            36.0087451
          ],
          [
            127.0856863,
            36.0123716
          ],
          [
            127.0864937,
            36.0131896
          ],
          [
            127.0899296,
            36.0164808
          ],
          [
            127.0920646,
            36.0184116
          ],
          [
            127.095353,
            36.0216961
          ],
          [
            127.0995265,
            36.0256204
          ],
          [
            127.1004599,
            36.0265141
          ],
          [
            127.1023348,
            36.0287136
          ],
          [
            127.1049996,
            36.0318155
          ],
          [
            127.1073371,
            36.0345029
          ],
          [
            127.1098517,
            36.0374787
          ],
          [
            127.1126103,
            36.041091
          ],
          [
            127.1152014,
            36.0445448
          ],
          [
            127.1186064,
            36.0492388
          ],
          [
            127.1218613,
            36.0537288
          ],
          [
            127.1242525,
            36.0567581
          ],
          [
            127.1263379,
            36.0593948
          ],
          [
            127.1289718,
            36.0625822
          ],
          [
            127.1312463,
            36.0651536
          ],
          [
            127.1323299,
            36.0663548
          ],
          [
            127.1344945,
            36.0687679
          ],
          [
            127.1382764,
            36.0726941
          ],
          [
            127.1413408,
            36.0758951
          ],
          [
            127.142812,
            36.077431
          ],
          [
            127.1450061,
            36.079667
          ],
          [
            127.1474254,
            36.0824797
          ],
          [
            127.1487611,
            36.0841444
          ],
          [
            127.1521676,
            36.0886053
          ],
          [
            127.1539164,
            36.0907034
          ],
          [
            127.1560997,
            36.093248
          ],
          [
            127.1584815,
            36.0960698
          ],
          [
            127.1631646,
            36.1009981
          ],
          [
            127.1651092,
            36.1030461
          ],
          [
            127.1663725,
            36.1057874
          ],
          [
            127.1683735,
            36.1093933
          ],
          [
            127.1705836,
            36.113051
          ],
          [
            127.1720843,
            36.1164475
          ],
          [
            127.1746381,
            36.1210939
          ],
          [
            127.1762162,
            36.1241694
          ],
          [
            127.1769015,
            36.125544
          ],
          [
            127.1786705,
            36.1292053
          ],
          [
            127.1814734,
            36.1352428
          ],
          [
            127.1821198,
            36.1365967
          ],
          [
            127.1837532,
            36.1380372
          ],
          [
            127.1850192,
            36.1391224
          ],
          [
            127.1872133,
            36.1410611
          ],
          [
            127.1899062,
            36.1434372
          ],
          [
            127.1925804,
            36.1457699
          ],
          [
            127.1953592,
            36.1481979
          ],
          [
            127.1995407,
            36.15055
          ],
          [
            127.2088158,
            36.1560423
          ],
          [
            127.2144297,
            36.1595852
          ],
          [
            127.2181968,
            36.1621844
          ],
          [
            127.2211245,
            36.1641993
          ],
          [
            127.2253194,
            36.1671167
          ],
          [
            127.2285046,
            36.1693101
          ],
          [
            127.2313195,
            36.171261
          ],
          [
            127.2336645,
            36.1728373
          ],
          [
            127.2364426,
            36.1750068
          ],
          [
            127.2404873,
            36.1780758
          ],
          [
            127.2447427,
            36.1810289
          ],
          [
            127.2473593,
            36.1826579
          ],
          [
            127.2456227,
            36.1859993
          ],
          [
            127.2426958,
            36.1883229
          ],
          [
            127.2424923,
            36.1919906
          ],
          [
            127.2422755,
            36.1945432
          ],
          [
            127.2421976,
            36.1956456
          ]
        ]
      },
      "properties": {
        "osm_type": "way",
        "osm_id": 893895860,
        "sido": "전북특별자치도",
        "power_type": "line",
        "name": "",
        "description": "",
        "voltage": "154000",
        "cables": "6",
        "circuits": "2",
        "frequency": "60",
        "operator": "",
        "wires": ""
      }
    },
    {
      "type": "Feature",
      "geometry": {
        "type": "LineString",
        "coordinates": [
          [
            127.0002151,
            35.9567101
          ],
          [
            127.0003814,
            35.9568339
          ],
          [
            127.0006871,
            35.9591342
          ]
        ]
      },
      "properties": {
        "osm_type": "way",
        "osm_id": 893895861,
        "sido": "전북특별자치도",
        "power_type": "line",
        "name": "",
        "description": "",
        "voltage": "154000",
        "cables": "",
        "circuits": "",
        "frequency": "60",
        "operator": "",
        "wires": ""
      }
    },
    {
      "type": "Feature",
      "geometry": {
        "type": "LineString",
        "coordinates": [
          [
            127.0000407,
            35.9568448
          ],
          [
            127.000156,
            35.9569598
          ],
          [
            127.0006871,
            35.9591342
          ]
        ]
      },
      "properties": {
        "osm_type": "way",
        "osm_id": 893895862,
        "sido": "전북특별자치도",
        "power_type": "line",
        "name": "",
        "description": "",
        "voltage": "154000",
        "cables": "",
        "circuits": "",
        "frequency": "60",
        "operator": "",
        "wires": ""
      }
    },
    {
      "type": "Feature",
      "geometry": {
        "type": "LineString",
        "coordinates": [
          [
            126.9808066,
            35.9660455
          ],
          [
            126.978752,
            35.9656374
          ],
          [
            126.9768798,
            35.9673697
          ],
          [
            126.9746053,
            35.96961
          ],
          [
            126.9728672,
            35.9713119
          ],
          [
            126.9710004,
            35.9731787
          ],
          [
            126.9694447,
            35.9748979
          ],
          [
            126.9661832,
            35.9757575
          ],
          [
            126.9638979,
            35.9773116
          ],
          [
            126.9629002,
            35.9800118
          ],
          [
            126.9617951,
            35.9829723
          ],
          [
            126.9567418,
            35.9859413
          ],
          [
            126.9534159,
            35.9856896
          ],
          [
            126.9505942,
            35.985529
          ],
          [
            126.947633,
            35.9870612
          ],
          [
            126.945498,
            35.9883124
          ],
          [
            126.9424671,
            35.9880943
          ],
          [
            126.9391948,
            35.9868355
          ],
          [
            126.9367593,
            35.9856939
          ],
          [
            126.9340718,
            35.9843874
          ],
          [
            126.9307673,
            35.9835713
          ],
          [
            126.9279885,
            35.983797
          ],
          [
            126.9245177,
            35.9837927
          ],
          [
            126.9215152,
            35.9842075
          ]
        ]
      },
      "properties": {
        "osm_type": "way",
        "osm_id": 893895863,
        "sido": "전북특별자치도",
        "power_type": "line",
        "name": "",
        "description": "",
        "voltage": "154000",
        "cables": "12",
        "circuits": "4",
        "frequency": "60",
        "operator": "",
        "wires": ""
      }
    },
    {
      "type": "Feature",
      "geometry": {
        "type": "LineString",
        "coordinates": [
          [
            127.1796066,
            35.9443945
          ],
          [
            127.1816987,
            35.9418625
          ],
          [
            127.1829379,
            35.9403641
          ],
          [
            127.1833456,
            35.9366332
          ],
          [
            127.1835762,
            35.9345874
          ],
          [
            127.1838659,
            35.9317815
          ],
          [
            127.1842468,
            35.9286236
          ],
          [
            127.1845043,
            35.9262171
          ],
          [
            127.1846437,
            35.9249052
          ],
          [
            127.1850192,
            35.9215689
          ],
          [
            127.1853518,
            35.9186843
          ],
          [
            127.1857166,
            35.9155063
          ],
          [
            127.1873796,
            35.9128452
          ],
          [
            127.1890104,
            35.9099603
          ],
          [
            127.1902496,
            35.9077705
          ],
          [
            127.19217,
            35.9058108
          ],
          [
            127.193833,
            35.9023043
          ],
          [
            127.1955818,
            35.8986933
          ],
          [
            127.1976256,
            35.895156
          ],
          [
            127.1994281,
            35.8921183
          ],
          [
            127.2015524,
            35.8884938
          ],
          [
            127.2015685,
            35.8868466
          ],
          [
            127.2015953,
            35.8837739
          ],
          [
            127.2016275,
            35.8815138
          ],
          [
            127.2016543,
            35.8792492
          ],
          [
            127.1995568,
            35.8759545
          ],
          [
            127.1986663,
            35.8745201
          ],
          [
            127.196129,
            35.8724205
          ],
          [
            127.1933609,
            35.870134
          ],
          [
            127.1901208,
            35.8675388
          ],
          [
            127.1884096,
            35.8661955
          ],
          [
            127.1866404,
            35.8638303
          ],
          [
            127.1848878,
            35.8615155
          ],
          [
            127.1829969,
            35.8589787
          ],
          [
            127.1832758,
            35.8561223
          ],
          [
            127.1834421,
            35.8531048
          ],
          [
            127.1832517,
            35.8493981
          ],
          [
            127.1837224,
            35.8466315
          ],
          [
            127.1839249,
            35.8433561
          ],
          [
            127.1823853,
            35.8412927
          ],
          [
            127.1793196,
            35.8418515
          ],
          [
            127.1794724,
            35.8420363
          ]
        ]
      },
      "properties": {
        "osm_type": "way",
        "osm_id": 893895867,
        "sido": "전북특별자치도",
        "power_type": "line",
        "name": "",
        "description": "",
        "voltage": "154000",
        "cables": "6",
        "circuits": "2",
        "frequency": "60",
        "operator": "",
        "wires": ""
      }
    },
    {
      "type": "Feature",
      "geometry": {
        "type": "LineString",
        "coordinates": [
          [
            127.1419222,
            35.9422968
          ],
          [
            127.1418773,
            35.9436665
          ],
          [
            127.1389456,
            35.943895
          ],
          [
            127.1387894,
            35.9451024
          ]
        ]
      },
      "properties": {
        "osm_type": "way",
        "osm_id": 893895868,
        "sido": "전북특별자치도",
        "power_type": "line",
        "name": "",
        "description": "",
        "voltage": "",
        "cables": "",
        "circuits": "",
        "frequency": "",
        "operator": "",
        "wires": ""
      }
    },
    {
      "type": "Feature",
      "geometry": {
        "type": "LineString",
        "coordinates": [
          [
            127.1421415,
            35.9422316
          ],
          [
            127.1421093,
            35.943971
          ],
          [
            127.1418706,
            35.9469785
          ],
          [
            127.141597,
            35.9503202
          ],
          [
            127.141428,
            35.9524003
          ],
          [
            127.1412241,
            35.955123
          ],
          [
            127.1385741,
            35.9551708
          ],
          [
            127.1359295,
            35.955186
          ],
          [
            127.1314153,
            35.9552337
          ]
        ]
      },
      "properties": {
        "osm_type": "way",
        "osm_id": 893895869,
        "sido": "전북특별자치도",
        "power_type": "line",
        "name": "",
        "description": "",
        "voltage": "154000",
        "cables": "6",
        "circuits": "2",
        "frequency": "60",
        "operator": "",
        "wires": ""
      }
    },
    {
      "type": "Feature",
      "geometry": {
        "type": "LineString",
        "coordinates": [
          [
            127.1141982,
            35.9617253
          ],
          [
            127.1100904,
            35.962248
          ],
          [
            127.1046066,
            35.9644195
          ],
          [
            127.101734,
            35.9663407
          ],
          [
            127.0987889,
            35.9644955
          ],
          [
            127.0964688,
            35.9637031
          ],
          [
            127.0936444,
            35.9627413
          ],
          [
            127.0901388,
            35.9615039
          ],
          [
            127.0869523,
            35.9616602
          ],
          [
            127.0839858,
            35.9617687
          ],
          [
            127.0809147,
            35.9618643
          ],
          [
            127.0784765,
            35.9631582
          ],
          [
            127.0767653,
            35.9651077
          ],
          [
            127.0731872,
            35.9637487
          ],
          [
            127.0695314,
            35.9636922
          ],
          [
            127.0683324,
            35.961721
          ],
          [
            127.066015,
            35.9613172
          ],
          [
            127.0636654,
            35.9609047
          ],
          [
            127.0606345,
            35.9609134
          ],
          [
            127.0578235,
            35.9609134
          ],
          [
            127.0556939,
            35.9601535
          ],
          [
            127.0531458,
            35.9591809
          ],
          [
            127.0508659,
            35.9572529
          ],
          [
            127.0484465,
            35.9552424
          ],
          [
            127.0458233,
            35.9538572
          ],
          [
            127.0433015,
            35.9522713
          ],
          [
            127.0404457,
            35.9511892
          ],
          [
            127.0381679,
            35.9516647
          ],
          [
            127.0348155,
            35.95232
          ],
          [
            127.0298052,
            35.9516208
          ],
          [
            127.0259428,
            35.9543218
          ],
          [
            127.0225875,
            35.9545907
          ],
          [
            127.0195745,
            35.952027
          ],
          [
            127.0177942,
            35.950001
          ],
          [
            127.015568,
            35.9484985
          ],
          [
            127.013154,
            35.9469133
          ],
          [
            127.0112979,
            35.9467027
          ]
        ]
      },
      "properties": {
        "osm_type": "way",
        "osm_id": 893895871,
        "sido": "전북특별자치도",
        "power_type": "line",
        "name": "",
        "description": "",
        "voltage": "154000",
        "cables": "6",
        "circuits": "2",
        "frequency": "60",
        "operator": "",
        "wires": ""
      }
    },
    {
      "type": "Feature",
      "geometry": {
        "type": "LineString",
        "coordinates": [
          [
            126.9130432,
            35.797862
          ],
          [
            126.9149905,
            35.7958866
          ],
          [
            126.9159186,
            35.7921315
          ],
          [
            126.9133383,
            35.7886852
          ],
          [
            126.9105166,
            35.7848688
          ],
          [
            126.9085318,
            35.7822795
          ],
          [
            126.9060186,
            35.7789416
          ],
          [
            126.9027436,
            35.776191
          ],
          [
            126.9001257,
            35.7733185
          ],
          [
            126.9006729,
            35.7690183
          ],
          [
            126.9004619,
            35.7653756
          ],
          [
            126.9004905,
            35.7648223
          ],
          [
            126.8988597,
            35.761192
          ],
          [
            126.8952227,
            35.7588848
          ],
          [
            126.8909418,
            35.7574396
          ],
          [
            126.8868971,
            35.7597206
          ],
          [
            126.8820798,
            35.7601472
          ],
          [
            126.8780672,
            35.7618188
          ],
          [
            126.8743122,
            35.7620539
          ],
          [
            126.870482,
            35.7624892
          ],
          [
            126.8667161,
            35.7629332
          ],
          [
            126.8644738,
            35.7641084
          ],
          [
            126.8609601,
            35.7654926
          ],
          [
            126.8598926,
            35.7659257
          ],
          [
            126.8580419,
            35.7666766
          ],
          [
            126.8540105,
            35.7682501
          ],
          [
            126.8502474,
            35.7697626
          ],
          [
            126.8459022,
            35.7681695
          ],
          [
            126.8432093,
            35.7650051
          ],
          [
            126.8408811,
            35.7632161
          ],
          [
            126.8380165,
            35.7610701
          ],
          [
            126.8336177,
            35.7596858
          ],
          [
            126.8289936,
            35.7589937
          ],
          [
            126.823774,
            35.7582493
          ],
          [
            126.8191123,
            35.7575832
          ],
          [
            126.8181091,
            35.7551411
          ],
          [
            126.8169558,
            35.7523897
          ],
          [
            126.8158132,
            35.7497035
          ],
          [
            126.8149066,
            35.7459463
          ],
          [
            126.8113929,
            35.7444093
          ],
          [
            126.8075788,
            35.7427135
          ],
          [
            126.8057039,
            35.7406279
          ],
          [
            126.8019515,
            35.7363738
          ],
          [
            126.798647,
            35.7353352
          ],
          [
            126.7944682,
            35.7339723
          ],
          [
            126.7941999,
            35.7310351
          ],
          [
            126.7939049,
            35.7279476
          ],
          [
            126.7932558,
            35.7248317
          ],
          [
            126.7909196,
            35.7229764
          ],
          [
            126.7881194,
            35.7207335
          ],
          [
            126.7877787,
            35.7171905
          ],
          [
            126.7838305,
            35.7149343
          ],
          [
            126.7811295,
            35.7118571
          ],
          [
            126.779657,
            35.70871
          ],
          [
            126.7781764,
            35.7055672
          ],
          [
            126.7765215,
            35.7024526
          ],
          [
            126.7726028,
            35.7006316
          ],
          [
            126.7687726,
            35.7007318
          ],
          [
            126.7655352,
            35.700819
          ],
          [
            126.7616942,
            35.7009322
          ],
          [
            126.7601252,
            35.6979546
          ],
          [
            126.7584595,
            35.6949464
          ],
          [
            126.7543297,
            35.6958388
          ],
          [
            126.7505615,
            35.6969025
          ],
          [
            126.7462749,
            35.6981338
          ],
          [
            126.7421134,
            35.6993328
          ],
          [
            126.7399806,
            35.6987373
          ]
        ]
      },
      "properties": {
        "osm_type": "way",
        "osm_id": 894856079,
        "sido": "전북특별자치도",
        "power_type": "line",
        "name": "김제-부안 송전선로",
        "description": "",
        "voltage": "154000",
        "cables": "",
        "circuits": "",
        "frequency": "60",
        "operator": "한국전력공사",
        "wires": ""
      }
    },
    {
      "type": "Feature",
      "geometry": {
        "type": "LineString",
        "coordinates": [
          [
            126.9455209,
            35.8016741
          ],
          [
            126.9436473,
            35.7991455
          ],
          [
            126.9416356,
            35.7972963
          ],
          [
            126.9381756,
            35.7968221
          ],
          [
            126.9345009,
            35.7971223
          ],
          [
            126.9297641,
            35.7975313
          ],
          [
            126.9274145,
            35.7977358
          ],
          [
            126.9235361,
            35.7976662
          ],
          [
            126.9203389,
            35.7970092
          ],
          [
            126.9166911,
            35.7962347
          ],
          [
            126.9137755,
            35.7981491
          ],
          [
            126.9125417,
            35.7993282
          ]
        ]
      },
      "properties": {
        "osm_type": "way",
        "osm_id": 894856080,
        "sido": "전북특별자치도",
        "power_type": "line",
        "name": "",
        "description": "",
        "voltage": "154000",
        "cables": "",
        "circuits": "",
        "frequency": "60",
        "operator": "",
        "wires": ""
      }
    },
    {
      "type": "Feature",
      "geometry": {
        "type": "LineString",
        "coordinates": [
          [
            126.249155,
            35.5761903
          ],
          [
            126.2538327,
            35.57676
          ]
        ]
      },
      "properties": {
        "osm_type": "way",
        "osm_id": 1014546045,
        "sido": "전북특별자치도",
        "power_type": "line",
        "name": "",
        "description": "",
        "voltage": "",
        "cables": "",
        "circuits": "",
        "frequency": "",
        "operator": "",
        "wires": ""
      }
    },
    {
      "type": "Feature",
      "geometry": {
        "type": "LineString",
        "coordinates": [
          [
            126.6354212,
            35.9692019
          ],
          [
            126.635617,
            35.9686614
          ],
          [
            126.6354135,
            35.9686176
          ],
          [
            126.6338199,
            35.968275
          ],
          [
            126.6315964,
            35.9677865
          ],
          [
            126.6293943,
            35.967259
          ],
          [
            126.6290106,
            35.9675477
          ],
          [
            126.6288981,
            35.9676324
          ],
          [
            126.6287854,
            35.9686722
          ],
          [
            126.6287398,
            35.9698683
          ],
          [
            126.6278882,
            35.9698249
          ],
          [
            126.6274844,
            35.9698092
          ],
          [
            126.6259101,
            35.9697479
          ],
          [
            126.6238917,
            35.9696556
          ],
          [
            126.6220987,
            35.9695503
          ],
          [
            126.620302,
            35.9694522
          ],
          [
            126.6196337,
            35.9694157
          ],
          [
            126.6175577,
            35.9693191
          ],
          [
            126.6151303,
            35.9692019
          ]
        ]
      },
      "properties": {
        "osm_type": "way",
        "osm_id": 1046696680,
        "sido": "전북특별자치도",
        "power_type": "line",
        "name": "",
        "description": "",
        "voltage": "154000",
        "cables": "",
        "circuits": "",
        "frequency": "60",
        "operator": "",
        "wires": ""
      }
    },
    {
      "type": "Feature",
      "geometry": {
        "type": "LineString",
        "coordinates": [
          [
            126.6571203,
            35.9766192
          ],
          [
            126.6563451,
            35.9764065
          ],
          [
            126.6569057,
            35.9752691
          ],
          [
            126.65719,
            35.9747221
          ],
          [
            126.6556343,
            35.9742315
          ],
          [
            126.6536978,
            35.9735846
          ],
          [
            126.6532847,
            35.9734609
          ],
          [
            126.6519195,
            35.9730159
          ],
          [
            126.649763,
            35.9725384
          ],
          [
            126.6476387,
            35.9720413
          ],
          [
            126.647518,
            35.9713781
          ],
          [
            126.6463579,
            35.9711165
          ],
          [
            126.6446869,
            35.970767
          ],
          [
            126.6427021,
            35.9702797
          ],
          [
            126.6405885,
            35.9698206
          ],
          [
            126.6399081,
            35.9696647
          ],
          [
            126.6384803,
            35.9693376
          ],
          [
            126.6370131,
            35.969
          ],
          [
            126.6366631,
            35.9694928
          ]
        ]
      },
      "properties": {
        "osm_type": "way",
        "osm_id": 1046696681,
        "sido": "전북특별자치도",
        "power_type": "line",
        "name": "",
        "description": "",
        "voltage": "154000",
        "cables": "",
        "circuits": "",
        "frequency": "60",
        "operator": "",
        "wires": ""
      }
    },
    {
      "type": "Feature",
      "geometry": {
        "type": "LineString",
        "coordinates": [
          [
            126.854022,
            35.9778867
          ],
          [
            126.8527874,
            35.9790415
          ],
          [
            126.8508187,
            35.9794062
          ],
          [
            126.8476403,
            35.9797925
          ],
          [
            126.8444243,
            35.9801832
          ],
          [
            126.8405351,
            35.9806759
          ],
          [
            126.8372521,
            35.9810992
          ],
          [
            126.8340066,
            35.9815354
          ],
          [
            126.8331219,
            35.9816402
          ],
          [
            126.830303,
            35.9819741
          ],
          [
            126.8299029,
            35.9820215
          ],
          [
            126.8296641,
            35.9820498
          ],
          [
            126.8276766,
            35.9822951
          ],
          [
            126.8250185,
            35.9826597
          ],
          [
            126.8205875,
            35.9832132
          ],
          [
            126.8166232,
            35.9837167
          ],
          [
            126.8134207,
            35.9840792
          ],
          [
            126.809966,
            35.9850645
          ],
          [
            126.8070129,
            35.9862756
          ],
          [
            126.80112,
            35.9886976
          ],
          [
            126.797896,
            35.9899629
          ],
          [
            126.7965303,
            35.9905197
          ],
          [
            126.7954633,
            35.9909547
          ],
          [
            126.7937803,
            35.9913949
          ],
          [
            126.7937193,
            35.9914108
          ],
          [
            126.7915633,
            35.9919747
          ],
          [
            126.7884117,
            35.9928297
          ],
          [
            126.7848846,
            35.9938128
          ],
          [
            126.7813066,
            35.9927342
          ],
          [
            126.7778653,
            35.9917186
          ],
          [
            126.7742738,
            35.9906704
          ],
          [
            126.7715675,
            35.9898869
          ],
          [
            126.7676729,
            35.9887497
          ],
          [
            126.7646474,
            35.9878816
          ],
          [
            126.7608064,
            35.986753
          ],
          [
            126.7583039,
            35.9860303
          ],
          [
            126.7553114,
            35.9851491
          ],
          [
            126.7519586,
            35.9841723
          ],
          [
            126.7507409,
            35.9836862
          ],
          [
            126.7483375,
            35.9830394
          ]
        ]
      },
      "properties": {
        "osm_type": "way",
        "osm_id": 1046700306,
        "sido": "전북특별자치도",
        "power_type": "line",
        "name": "",
        "description": "",
        "voltage": "154000",
        "cables": "",
        "circuits": "",
        "frequency": "60",
        "operator": "",
        "wires": ""
      }
    },
    {
      "type": "Feature",
      "geometry": {
        "type": "LineString",
        "coordinates": [
          [
            126.8574706,
            35.969063
          ],
          [
            126.8575618,
            35.9684139
          ],
          [
            126.8574759,
            35.9682142
          ]
        ]
      },
      "properties": {
        "osm_type": "way",
        "osm_id": 1080928098,
        "sido": "전북특별자치도",
        "power_type": "line",
        "name": "",
        "description": "",
        "voltage": "345000",
        "cables": "3",
        "circuits": "1",
        "frequency": "60",
        "operator": "",
        "wires": ""
      }
    },
    {
      "type": "Feature",
      "geometry": {
        "type": "LineString",
        "coordinates": [
          [
            126.8568251,
            35.9692299
          ],
          [
            126.8567222,
            35.9686592
          ],
          [
            126.8566337,
            35.96844
          ]
        ]
      },
      "properties": {
        "osm_type": "way",
        "osm_id": 1080928099,
        "sido": "전북특별자치도",
        "power_type": "line",
        "name": "",
        "description": "",
        "voltage": "345000",
        "cables": "3",
        "circuits": "",
        "frequency": "60",
        "operator": "",
        "wires": ""
      }
    },
    {
      "type": "Feature",
      "geometry": {
        "type": "LineString",
        "coordinates": [
          [
            127.4679377,
            35.4500622
          ],
          [
            127.467767,
            35.4483058
          ]
        ]
      },
      "properties": {
        "osm_type": "way",
        "osm_id": 1080992380,
        "sido": "전북특별자치도",
        "power_type": "line",
        "name": "",
        "description": "",
        "voltage": "",
        "cables": "",
        "circuits": "",
        "frequency": "",
        "operator": "",
        "wires": ""
      }
    },
    {
      "type": "Feature",
      "geometry": {
        "type": "LineString",
        "coordinates": [
          [
            126.933817,
            35.9429113
          ],
          [
            126.9346648,
            35.9381764
          ]
        ]
      },
      "properties": {
        "osm_type": "way",
        "osm_id": 1093121185,
        "sido": "전북특별자치도",
        "power_type": "cable",
        "name": "",
        "description": "",
        "voltage": "154000",
        "cables": "",
        "circuits": "",
        "frequency": "60",
        "operator": "",
        "wires": ""
      }
    },
    {
      "type": "Feature",
      "geometry": {
        "type": "LineString",
        "coordinates": [
          [
            126.9339299,
            35.9379848
          ],
          [
            126.933817,
            35.9429113
          ],
          [
            126.9255388,
            35.9488835
          ]
        ]
      },
      "properties": {
        "osm_type": "way",
        "osm_id": 1093121186,
        "sido": "전북특별자치도",
        "power_type": "cable",
        "name": "",
        "description": "",
        "voltage": "154000",
        "cables": "",
        "circuits": "",
        "frequency": "60",
        "operator": "",
        "wires": ""
      }
    },
    {
      "type": "Feature",
      "geometry": {
        "type": "LineString",
        "coordinates": [
          [
            126.8839673,
            35.8402316
          ],
          [
            126.888778,
            35.8401075
          ],
          [
            126.8894007,
            35.8380908
          ],
          [
            126.8902498,
            35.8366721
          ],
          [
            126.8941981,
            35.8361383
          ],
          [
            126.897701,
            35.8361851
          ],
          [
            126.9024002,
            35.8362285
          ],
          [
            126.9063002,
            35.8349282
          ],
          [
            126.9107956,
            35.8328733
          ],
          [
            126.9125873,
            35.8341584
          ],
          [
            126.9161761,
            35.8341758
          ],
          [
            126.9208538,
            35.8331321
          ],
          [
            126.923815,
            35.8331495
          ],
          [
            126.9275647,
            35.8360981
          ],
          [
            126.9300228,
            35.8375503
          ],
          [
            126.9326186,
            35.8388964
          ],
          [
            126.9350042,
            35.8403382
          ]
        ]
      },
      "properties": {
        "osm_type": "way",
        "osm_id": 1093121187,
        "sido": "전북특별자치도",
        "power_type": "line",
        "name": "",
        "description": "",
        "voltage": "154000",
        "cables": "",
        "circuits": "",
        "frequency": "60",
        "operator": "",
        "wires": ""
      }
    },
    {
      "type": "Feature",
      "geometry": {
        "type": "LineString",
        "coordinates": [
          [
            126.6737882,
            35.9649897
          ],
          [
            126.6764259,
            35.9650396
          ],
          [
            126.6837519,
            35.9651771
          ]
        ]
      },
      "properties": {
        "osm_type": "way",
        "osm_id": 1093121188,
        "sido": "전북특별자치도",
        "power_type": "cable",
        "name": "",
        "description": "",
        "voltage": "154000",
        "cables": "",
        "circuits": "",
        "frequency": "60",
        "operator": "",
        "wires": ""
      }
    },
    {
      "type": "Feature",
      "geometry": {
        "type": "LineString",
        "coordinates": [
          [
            126.6837519,
            35.9651771
          ],
          [
            126.6846129,
            35.9649774
          ],
          [
            126.6863564,
            35.9639745
          ],
          [
            126.6878986,
            35.9643218
          ]
        ]
      },
      "properties": {
        "osm_type": "way",
        "osm_id": 1093121190,
        "sido": "전북특별자치도",
        "power_type": "line",
        "name": "",
        "description": "",
        "voltage": "154000",
        "cables": "",
        "circuits": "",
        "frequency": "60",
        "operator": "",
        "wires": ""
      }
    },
    {
      "type": "Feature",
      "geometry": {
        "type": "LineString",
        "coordinates": [
          [
            126.6977143,
            35.9593928
          ],
          [
            126.6955778,
            35.9597638
          ],
          [
            126.6924128,
            35.9602924
          ],
          [
            126.6907337,
            35.9605646
          ],
          [
            126.6904545,
            35.960611
          ],
          [
            126.6881508,
            35.9609828
          ],
          [
            126.686807,
            35.9625156
          ],
          [
            126.6870671,
            35.9638181
          ],
          [
            126.6881856,
            35.964096
          ]
        ]
      },
      "properties": {
        "osm_type": "way",
        "osm_id": 1093121191,
        "sido": "전북특별자치도",
        "power_type": "line",
        "name": "",
        "description": "",
        "voltage": "154000",
        "cables": "",
        "circuits": "",
        "frequency": "60",
        "operator": "",
        "wires": ""
      }
    },
    {
      "type": "Feature",
      "geometry": {
        "type": "LineString",
        "coordinates": [
          [
            126.8574706,
            35.969063
          ],
          [
            126.8572989,
            35.9684964
          ],
          [
            126.8572292,
            35.9682815
          ]
        ]
      },
      "properties": {
        "osm_type": "way",
        "osm_id": 1093121193,
        "sido": "전북특별자치도",
        "power_type": "line",
        "name": "",
        "description": "",
        "voltage": "345000",
        "cables": "3",
        "circuits": "1",
        "frequency": "60",
        "operator": "",
        "wires": ""
      }
    },
    {
      "type": "Feature",
      "geometry": {
        "type": "LineString",
        "coordinates": [
          [
            127.0002151,
            35.9567101
          ],
          [
            127.0112979,
            35.9467027
          ]
        ]
      },
      "properties": {
        "osm_type": "way",
        "osm_id": 1093223821,
        "sido": "전북특별자치도",
        "power_type": "cable",
        "name": "",
        "description": "",
        "voltage": "154000",
        "cables": "",
        "circuits": "",
        "frequency": "60",
        "operator": "",
        "wires": ""
      }
    },
    {
      "type": "Feature",
      "geometry": {
        "type": "LineString",
        "coordinates": [
          [
            127.0002151,
            35.9567101
          ],
          [
            127.0000407,
            35.9568448
          ]
        ]
      },
      "properties": {
        "osm_type": "way",
        "osm_id": 1093223822,
        "sido": "전북특별자치도",
        "power_type": "line",
        "name": "",
        "description": "",
        "voltage": "154000",
        "cables": "",
        "circuits": "",
        "frequency": "60",
        "operator": "",
        "wires": ""
      }
    },
    {
      "type": "Feature",
      "geometry": {
        "type": "LineString",
        "coordinates": [
          [
            127.1314153,
            35.9552337
          ],
          [
            127.1141982,
            35.9617253
          ]
        ]
      },
      "properties": {
        "osm_type": "way",
        "osm_id": 1093223823,
        "sido": "전북특별자치도",
        "power_type": "cable",
        "name": "",
        "description": "",
        "voltage": "154000",
        "cables": "",
        "circuits": "",
        "frequency": "60",
        "operator": "",
        "wires": ""
      }
    },
    {
      "type": "Feature",
      "geometry": {
        "type": "LineString",
        "coordinates": [
          [
            127.3818558,
            35.4399695
          ],
          [
            127.3823172,
            35.4398777
          ],
          [
            127.3828965,
            35.4394516
          ]
        ]
      },
      "properties": {
        "osm_type": "way",
        "osm_id": 1093341765,
        "sido": "전북특별자치도",
        "power_type": "line",
        "name": "",
        "description": "",
        "voltage": "154000",
        "cables": "",
        "circuits": "",
        "frequency": "60",
        "operator": "",
        "wires": ""
      }
    },
    {
      "type": "Feature",
      "geometry": {
        "type": "LineString",
        "coordinates": [
          [
            127.1792659,
            35.8422559
          ],
          [
            127.1794724,
            35.8420363
          ]
        ]
      },
      "properties": {
        "osm_type": "way",
        "osm_id": 1093341766,
        "sido": "전북특별자치도",
        "power_type": "line",
        "name": "",
        "description": "",
        "voltage": "154000",
        "cables": "",
        "circuits": "",
        "frequency": "60",
        "operator": "",
        "wires": ""
      }
    },
    {
      "type": "Feature",
      "geometry": {
        "type": "LineString",
        "coordinates": [
          [
            126.9339299,
            35.9379848
          ],
          [
            126.9332788,
            35.9362985
          ],
          [
            126.9326831,
            35.9345062
          ],
          [
            126.931697,
            35.9315928
          ],
          [
            126.930744,
            35.9287493
          ],
          [
            126.9298426,
            35.9260589
          ],
          [
            126.9289758,
            35.9235368
          ],
          [
            126.9281091,
            35.9209071
          ],
          [
            126.9270459,
            35.9177952
          ],
          [
            126.9261987,
            35.9152817
          ],
          [
            126.9264739,
            35.913036
          ],
          [
            126.9272902,
            35.9061795
          ],
          [
            126.9276763,
            35.9029509
          ],
          [
            126.9279704,
            35.9004825
          ],
          [
            126.9282941,
            35.8976916
          ],
          [
            126.9286387,
            35.8947489
          ],
          [
            126.9289238,
            35.8923356
          ],
          [
            126.9292357,
            35.8897272
          ],
          [
            126.9295297,
            35.8872512
          ],
          [
            126.9298891,
            35.8842287
          ],
          [
            126.9301445,
            35.8821231
          ],
          [
            126.930492,
            35.8792497
          ],
          [
            126.9308277,
            35.876393
          ],
          [
            126.931129,
            35.873805
          ],
          [
            126.9314888,
            35.8708021
          ],
          [
            126.9319298,
            35.8669914
          ],
          [
            126.9324313,
            35.8627574
          ],
          [
            126.9324665,
            35.8624601
          ],
          [
            126.9326753,
            35.860742
          ],
          [
            126.9327237,
            35.8603435
          ],
          [
            126.9330036,
            35.8579658
          ],
          [
            126.9330783,
            35.8573313
          ],
          [
            126.9333749,
            35.8549464
          ],
          [
            126.9337196,
            35.8518703
          ],
          [
            126.9342394,
            35.8476013
          ],
          [
            126.9345454,
            35.84474
          ],
          [
            126.9348781,
            35.8418496
          ],
          [
            126.9350042,
            35.8403382
          ],
          [
            126.9355738,
            35.8350865
          ],
          [
            126.9359801,
            35.8314516
          ],
          [
            126.9362873,
            35.8281544
          ],
          [
            126.9365079,
            35.8259997
          ],
          [
            126.9366888,
            35.8242328
          ],
          [
            126.9368988,
            35.8221825
          ],
          [
            126.9372551,
            35.8185152
          ],
          [
            126.9372958,
            35.8180959
          ],
          [
            126.9390124,
            35.8145289
          ],
          [
            126.9400531,
            35.8124974
          ],
          [
            126.9412366,
            35.8114674
          ],
          [
            126.9413727,
            35.8113489
          ],
          [
            126.9413352,
            35.8099003
          ],
          [
            126.9427836,
            35.8070029
          ],
          [
            126.9441404,
            35.8042857
          ],
          [
            126.9455209,
            35.8016741
          ],
          [
            126.9464702,
            35.7996957
          ],
          [
            126.9479468,
            35.7967571
          ],
          [
            126.9482051,
            35.7962413
          ],
          [
            126.9495158,
            35.7936244
          ],
          [
            126.9515622,
            35.7895335
          ],
          [
            126.9526825,
            35.7873127
          ],
          [
            126.954089,
            35.7844898
          ],
          [
            126.9560659,
            35.7804952
          ],
          [
            126.9567706,
            35.7785876
          ],
          [
            126.957565,
            35.7762189
          ],
          [
            126.9585013,
            35.7736754
          ],
          [
            126.9592432,
            35.7715702
          ],
          [
            126.960193,
            35.7687824
          ],
          [
            126.9610763,
            35.7663566
          ],
          [
            126.9618908,
            35.7640656
          ],
          [
            126.9629453,
            35.7610818
          ],
          [
            126.9637855,
            35.7586967
          ],
          [
            126.9647825,
            35.7558587
          ],
          [
            126.9655714,
            35.7536329
          ],
          [
            126.9666025,
            35.7506774
          ],
          [
            126.9674819,
            35.7481673
          ],
          [
            126.9684135,
            35.7455633
          ],
          [
            126.9693302,
            35.7429835
          ],
          [
            126.9702357,
            35.7403884
          ],
          [
            126.9712082,
            35.7376542
          ],
          [
            126.9722106,
            35.7347716
          ],
          [
            126.9731683,
            35.7320674
          ],
          [
            126.9741063,
            35.7294142
          ],
          [
            126.975013,
            35.7268631
          ],
          [
            126.9760927,
            35.7237842
          ],
          [
            126.9774305,
            35.7199786
          ],
          [
            126.9784545,
            35.7170895
          ],
          [
            126.9783631,
            35.7129808
          ],
          [
            126.978339,
            35.7101431
          ],
          [
            126.9782022,
            35.7061008
          ],
          [
            126.9781566,
            35.7043192
          ],
          [
            126.9781324,
            35.7011936
          ],
          [
            126.9779688,
            35.6976976
          ],
          [
            126.9779608,
            35.695674
          ],
          [
            126.9778642,
            35.6926918
          ],
          [
            126.9778535,
            35.6886051
          ],
          [
            126.9778669,
            35.6868492
          ],
          [
            126.9782075,
            35.6852981
          ],
          [
            126.9794413,
            35.6806096
          ],
          [
            126.9798195,
            35.678993
          ],
          [
            126.9808629,
            35.6751736
          ],
          [
            126.9816998,
            35.6722974
          ],
          [
            126.9826519,
            35.6690682
          ],
          [
            126.983301,
            35.6662049
          ],
          [
            126.9840306,
            35.6634919
          ],
          [
            126.9848889,
            35.6605979
          ],
          [
            126.9856721,
            35.6576907
          ],
          [
            126.9863534,
            35.6554285
          ],
          [
            126.9871286,
            35.6523577
          ],
          [
            126.9883516,
            35.6478439
          ],
          [
            126.9895399,
            35.6434344
          ],
          [
            126.9900066,
            35.6414726
          ],
          [
            126.9907093,
            35.6390749
          ],
          [
            126.9923079,
            35.6340676
          ],
          [
            126.9940701,
            35.6293042
          ],
          [
            126.9945717,
            35.6276233
          ],
          [
            126.994577,
            35.6259882
          ],
          [
            126.9959557,
            35.6239192
          ],
          [
            126.9972271,
            35.6206029
          ],
          [
            126.9983,
            35.6179799
          ],
          [
            126.9998583,
            35.6139962
          ],
          [
            127.0006174,
            35.6120708
          ],
          [
            127.0015025,
            35.6096808
          ],
          [
            127.0030314,
            35.6058428
          ],
          [
            127.0044481,
            35.6023501
          ],
          [
            127.0066189,
            35.5996779
          ],
          [
            127.0097736,
            35.5976858
          ]
        ]
      },
      "properties": {
        "osm_type": "way",
        "osm_id": 1093623881,
        "sido": "전북특별자치도",
        "power_type": "line",
        "name": "",
        "description": "",
        "voltage": "154000",
        "cables": "6",
        "circuits": "2",
        "frequency": "60",
        "operator": "",
        "wires": ""
      }
    },
    {
      "type": "Feature",
      "geometry": {
        "type": "LineString",
        "coordinates": [
          [
            126.9173723,
            35.6174872
          ],
          [
            126.9167285,
            35.6175428
          ]
        ]
      },
      "properties": {
        "osm_type": "way",
        "osm_id": 1093623884,
        "sido": "전북특별자치도",
        "power_type": "line",
        "name": "",
        "description": "",
        "voltage": "154000",
        "cables": "3",
        "circuits": "",
        "frequency": "60",
        "operator": "",
        "wires": ""
      }
    },
    {
      "type": "Feature",
      "geometry": {
        "type": "LineString",
        "coordinates": [
          [
            126.916721,
            35.6172188
          ],
          [
            126.9173509,
            35.6168199
          ]
        ]
      },
      "properties": {
        "osm_type": "way",
        "osm_id": 1093623885,
        "sido": "전북특별자치도",
        "power_type": "line",
        "name": "",
        "description": "",
        "voltage": "154000",
        "cables": "3",
        "circuits": "",
        "frequency": "60",
        "operator": "",
        "wires": ""
      }
    },
    {
      "type": "Feature",
      "geometry": {
        "type": "LineString",
        "coordinates": [
          [
            126.913864,
            35.5878016
          ],
          [
            126.9142073,
            35.5894594
          ],
          [
            126.9147223,
            35.5916144
          ],
          [
            126.9151997,
            35.5944542
          ],
          [
            126.9160044,
            35.597778
          ],
          [
            126.9163907,
            35.6012937
          ],
          [
            126.9167501,
            35.6040459
          ],
          [
            126.91697,
            35.6069724
          ],
          [
            126.9175225,
            35.6095936
          ],
          [
            126.9178659,
            35.6111201
          ],
          [
            126.9175279,
            35.6129779
          ],
          [
            126.918287,
            35.6159194
          ],
          [
            126.9173509,
            35.6168199
          ]
        ]
      },
      "properties": {
        "osm_type": "way",
        "osm_id": 1093623886,
        "sido": "전북특별자치도",
        "power_type": "line",
        "name": "",
        "description": "",
        "voltage": "154000",
        "cables": "12",
        "circuits": "4",
        "frequency": "60",
        "operator": "",
        "wires": ""
      }
    },
    {
      "type": "Feature",
      "geometry": {
        "type": "LineString",
        "coordinates": [
          [
            126.5236463,
            35.3947392
          ],
          [
            126.5228489,
            35.3947219
          ],
          [
            126.5189305,
            35.3924779
          ],
          [
            126.5169614,
            35.3913503
          ],
          [
            126.514703,
            35.3900514
          ],
          [
            126.5127075,
            35.3881141
          ],
          [
            126.5101004,
            35.3873575
          ],
          [
            126.5069622,
            35.382879
          ],
          [
            126.5036148,
            35.3809196
          ],
          [
            126.4991033,
            35.3796928
          ],
          [
            126.4973116,
            35.3795506
          ],
          [
            126.4951551,
            35.3785622
          ],
          [
            126.4923817,
            35.3787065
          ],
          [
            126.487425,
            35.3790039
          ],
          [
            126.484504,
            35.3788486
          ],
          [
            126.4822081,
            35.3773703
          ],
          [
            126.4790001,
            35.3754982
          ],
          [
            126.478461,
            35.3749602
          ],
          [
            126.4765942,
            35.3747306
          ]
        ]
      },
      "properties": {
        "osm_type": "way",
        "osm_id": 1093993220,
        "sido": "전북특별자치도",
        "power_type": "line",
        "name": "",
        "description": "",
        "voltage": "154000",
        "cables": "6",
        "circuits": "2",
        "frequency": "60",
        "operator": "",
        "wires": ""
      }
    },
    {
      "type": "Feature",
      "geometry": {
        "type": "LineString",
        "coordinates": [
          [
            126.4539885,
            35.4562917
          ],
          [
            126.4526153,
            35.455527
          ],
          [
            126.4499062,
            35.4539801
          ],
          [
            126.4484954,
            35.4532635
          ]
        ]
      },
      "properties": {
        "osm_type": "way",
        "osm_id": 1094349447,
        "sido": "전북특별자치도",
        "power_type": "line",
        "name": "",
        "description": "",
        "voltage": "",
        "cables": "",
        "circuits": "",
        "frequency": "",
        "operator": "",
        "wires": ""
      }
    },
    {
      "type": "Feature",
      "geometry": {
        "type": "LineString",
        "coordinates": [
          [
            126.4479321,
            35.4585442
          ],
          [
            126.4474681,
            35.458175
          ]
        ]
      },
      "properties": {
        "osm_type": "way",
        "osm_id": 1094349448,
        "sido": "전북특별자치도",
        "power_type": "line",
        "name": "",
        "description": "",
        "voltage": "",
        "cables": "",
        "circuits": "",
        "frequency": "",
        "operator": "",
        "wires": ""
      }
    },
    {
      "type": "Feature",
      "geometry": {
        "type": "LineString",
        "coordinates": [
          [
            126.4476693,
            35.4586862
          ],
          [
            126.4474681,
            35.458175
          ]
        ]
      },
      "properties": {
        "osm_type": "way",
        "osm_id": 1094349449,
        "sido": "전북특별자치도",
        "power_type": "line",
        "name": "",
        "description": "",
        "voltage": "",
        "cables": "",
        "circuits": "",
        "frequency": "",
        "operator": "",
        "wires": ""
      }
    },
    {
      "type": "Feature",
      "geometry": {
        "type": "LineString",
        "coordinates": [
          [
            126.4437076,
            35.4526561
          ],
          [
            126.4455932,
            35.4554505
          ],
          [
            126.4474681,
            35.458175
          ]
        ]
      },
      "properties": {
        "osm_type": "way",
        "osm_id": 1094349450,
        "sido": "전북특별자치도",
        "power_type": "line",
        "name": "",
        "description": "",
        "voltage": "",
        "cables": "",
        "circuits": "",
        "frequency": "",
        "operator": "",
        "wires": ""
      }
    },
    {
      "type": "Feature",
      "geometry": {
        "type": "LineString",
        "coordinates": [
          [
            126.4512688,
            35.4616334
          ],
          [
            126.451014,
            35.4612707
          ],
          [
            126.4500082,
            35.4596825
          ],
          [
            126.4483881,
            35.4573404
          ],
          [
            126.4473018,
            35.4557018
          ],
          [
            126.4460653,
            35.4542511
          ],
          [
            126.4455289,
            35.4534492
          ],
          [
            126.4454484,
            35.4530297
          ]
        ]
      },
      "properties": {
        "osm_type": "way",
        "osm_id": 1094349451,
        "sido": "전북특별자치도",
        "power_type": "line",
        "name": "",
        "description": "",
        "voltage": "",
        "cables": "",
        "circuits": "",
        "frequency": "",
        "operator": "",
        "wires": ""
      }
    },
    {
      "type": "Feature",
      "geometry": {
        "type": "LineString",
        "coordinates": [
          [
            126.8546145,
            35.5888754
          ],
          [
            126.8547669,
            35.5895859
          ]
        ]
      },
      "properties": {
        "osm_type": "way",
        "osm_id": 1096947427,
        "sido": "전북특별자치도",
        "power_type": "line",
        "name": "",
        "description": "",
        "voltage": "154000",
        "cables": "3",
        "circuits": "",
        "frequency": "60",
        "operator": "",
        "wires": ""
      }
    },
    {
      "type": "Feature",
      "geometry": {
        "type": "LineString",
        "coordinates": [
          [
            126.854496,
            35.5888792
          ],
          [
            126.8547669,
            35.5895859
          ]
        ]
      },
      "properties": {
        "osm_type": "way",
        "osm_id": 1096947428,
        "sido": "전북특별자치도",
        "power_type": "line",
        "name": "",
        "description": "",
        "voltage": "154000",
        "cables": "3",
        "circuits": "",
        "frequency": "60",
        "operator": "",
        "wires": ""
      }
    },
    {
      "type": "Feature",
      "geometry": {
        "type": "LineString",
        "coordinates": [
          [
            126.8555126,
            35.5888465
          ],
          [
            126.8553369,
            35.5891867
          ]
        ]
      },
      "properties": {
        "osm_type": "way",
        "osm_id": 1096947429,
        "sido": "전북특별자치도",
        "power_type": "line",
        "name": "",
        "description": "",
        "voltage": "154000",
        "cables": "3",
        "circuits": "",
        "frequency": "60",
        "operator": "",
        "wires": ""
      }
    },
    {
      "type": "Feature",
      "geometry": {
        "type": "LineString",
        "coordinates": [
          [
            126.8553522,
            35.5888516
          ],
          [
            126.8553369,
            35.5891867
          ]
        ]
      },
      "properties": {
        "osm_type": "way",
        "osm_id": 1096947430,
        "sido": "전북특별자치도",
        "power_type": "line",
        "name": "",
        "description": "",
        "voltage": "154000",
        "cables": "3",
        "circuits": "",
        "frequency": "60",
        "operator": "",
        "wires": ""
      }
    },
    {
      "type": "Feature",
      "geometry": {
        "type": "LineString",
        "coordinates": [
          [
            126.8553369,
            35.5891867
          ],
          [
            126.8577348,
            35.590057
          ],
          [
            126.8626848,
            35.589311
          ],
          [
            126.8651685,
            35.588949
          ],
          [
            126.8678427,
            35.5885389
          ],
          [
            126.8717721,
            35.5885738
          ],
          [
            126.8748969,
            35.5886131
          ],
          [
            126.8772921,
            35.5886152
          ],
          [
            126.8806502,
            35.5886436
          ],
          [
            126.8832466,
            35.5886643
          ],
          [
            126.8881524,
            35.5887047
          ],
          [
            126.892122,
            35.5887439
          ],
          [
            126.895861,
            35.5887919
          ],
          [
            126.9005978,
            35.5888268
          ],
          [
            126.9042081,
            35.5885476
          ],
          [
            126.9078344,
            35.5882553
          ],
          [
            126.9112998,
            35.5879936
          ],
          [
            126.913864,
            35.5878016
          ]
        ]
      },
      "properties": {
        "osm_type": "way",
        "osm_id": 1096947431,
        "sido": "전북특별자치도",
        "power_type": "line",
        "name": "",
        "description": "",
        "voltage": "154000",
        "cables": "6",
        "circuits": "2",
        "frequency": "60",
        "operator": "",
        "wires": ""
      }
    },
    {
      "type": "Feature",
      "geometry": {
        "type": "LineString",
        "coordinates": [
          [
            126.9173562,
            35.6171427
          ],
          [
            126.9167233,
            35.6173192
          ]
        ]
      },
      "properties": {
        "osm_type": "way",
        "osm_id": 1096947432,
        "sido": "전북특별자치도",
        "power_type": "line",
        "name": "",
        "description": "",
        "voltage": "154000",
        "cables": "3",
        "circuits": "",
        "frequency": "60",
        "operator": "",
        "wires": ""
      }
    },
    {
      "type": "Feature",
      "geometry": {
        "type": "LineString",
        "coordinates": [
          [
            126.9173509,
            35.6168199
          ],
          [
            126.9173562,
            35.6171427
          ]
        ]
      },
      "properties": {
        "osm_type": "way",
        "osm_id": 1096947433,
        "sido": "전북특별자치도",
        "power_type": "line",
        "name": "",
        "description": "",
        "voltage": "154000",
        "cables": "6",
        "circuits": "2",
        "frequency": "60",
        "operator": "",
        "wires": ""
      }
    },
    {
      "type": "Feature",
      "geometry": {
        "type": "LineString",
        "coordinates": [
          [
            126.9173509,
            35.6168199
          ],
          [
            126.9167179,
            35.617086
          ]
        ]
      },
      "properties": {
        "osm_type": "way",
        "osm_id": 1096947434,
        "sido": "전북특별자치도",
        "power_type": "line",
        "name": "",
        "description": "",
        "voltage": "154000",
        "cables": "3",
        "circuits": "",
        "frequency": "60",
        "operator": "",
        "wires": ""
      }
    },
    {
      "type": "Feature",
      "geometry": {
        "type": "LineString",
        "coordinates": [
          [
            126.9173723,
            35.6174872
          ],
          [
            126.9167313,
            35.6176605
          ]
        ]
      },
      "properties": {
        "osm_type": "way",
        "osm_id": 1096947435,
        "sido": "전북특별자치도",
        "power_type": "line",
        "name": "",
        "description": "",
        "voltage": "154000",
        "cables": "3",
        "circuits": "",
        "frequency": "60",
        "operator": "",
        "wires": ""
      }
    },
    {
      "type": "Feature",
      "geometry": {
        "type": "LineString",
        "coordinates": [
          [
            126.9173562,
            35.6171427
          ],
          [
            126.9167254,
            35.6174088
          ]
        ]
      },
      "properties": {
        "osm_type": "way",
        "osm_id": 1096947436,
        "sido": "전북특별자치도",
        "power_type": "line",
        "name": "",
        "description": "",
        "voltage": "154000",
        "cables": "3",
        "circuits": "",
        "frequency": "60",
        "operator": "",
        "wires": ""
      }
    },
    {
      "type": "Feature",
      "geometry": {
        "type": "LineString",
        "coordinates": [
          [
            127.3027979,
            35.6258342
          ],
          [
            127.3027842,
            35.6255299
          ]
        ]
      },
      "properties": {
        "osm_type": "way",
        "osm_id": 1096947437,
        "sido": "전북특별자치도",
        "power_type": "line",
        "name": "",
        "description": "",
        "voltage": "154000",
        "cables": "3",
        "circuits": "1",
        "frequency": "60",
        "operator": "",
        "wires": ""
      }
    },
    {
      "type": "Feature",
      "geometry": {
        "type": "LineString",
        "coordinates": [
          [
            127.3024329,
            35.6254562
          ],
          [
            127.3024973,
            35.6258312
          ]
        ]
      },
      "properties": {
        "osm_type": "way",
        "osm_id": 1096947438,
        "sido": "전북특별자치도",
        "power_type": "line",
        "name": "",
        "description": "",
        "voltage": "154000",
        "cables": "3",
        "circuits": "1",
        "frequency": "60",
        "operator": "",
        "wires": ""
      }
    },
    {
      "type": "Feature",
      "geometry": {
        "type": "LineString",
        "coordinates": [
          [
            127.3029346,
            35.6258356
          ],
          [
            127.3027842,
            35.6255299
          ]
        ]
      },
      "properties": {
        "osm_type": "way",
        "osm_id": 1096947439,
        "sido": "전북특별자치도",
        "power_type": "line",
        "name": "",
        "description": "",
        "voltage": "154000",
        "cables": "3",
        "circuits": "1",
        "frequency": "60",
        "operator": "",
        "wires": ""
      }
    },
    {
      "type": "Feature",
      "geometry": {
        "type": "LineString",
        "coordinates": [
          [
            127.3026353,
            35.6258326
          ],
          [
            127.3024329,
            35.6254562
          ]
        ]
      },
      "properties": {
        "osm_type": "way",
        "osm_id": 1096947440,
        "sido": "전북특별자치도",
        "power_type": "line",
        "name": "",
        "description": "",
        "voltage": "154000",
        "cables": "3",
        "circuits": "1",
        "frequency": "60",
        "operator": "",
        "wires": ""
      }
    },
    {
      "type": "Feature",
      "geometry": {
        "type": "LineString",
        "coordinates": [
          [
            127.0065541,
            35.7584772
          ],
          [
            127.0085786,
            35.7596246
          ],
          [
            127.0102768,
            35.7613191
          ],
          [
            127.012359,
            35.7617042
          ],
          [
            127.013312,
            35.7618805
          ],
          [
            127.0159934,
            35.7612674
          ],
          [
            127.0179156,
            35.7596515
          ],
          [
            127.0210865,
            35.7567768
          ],
          [
            127.0234837,
            35.7555428
          ],
          [
            127.026475,
            35.7537527
          ],
          [
            127.0296595,
            35.7533555
          ],
          [
            127.0333949,
            35.7524835
          ]
        ]
      },
      "properties": {
        "osm_type": "way",
        "osm_id": 1096947441,
        "sido": "전북특별자치도",
        "power_type": "line",
        "name": "",
        "description": "",
        "voltage": "154000",
        "cables": "12",
        "circuits": "4",
        "frequency": "60",
        "operator": "",
        "wires": ""
      }
    },
    {
      "type": "Feature",
      "geometry": {
        "type": "LineString",
        "coordinates": [
          [
            126.5259762,
            36.0379404
          ],
          [
            126.5284732,
            36.0377702
          ],
          [
            126.541073,
            36.0367885
          ],
          [
            126.5451432,
            36.0365662
          ]
        ]
      },
      "properties": {
        "osm_type": "way",
        "osm_id": 1106736579,
        "sido": "전북특별자치도",
        "power_type": "minor_line",
        "name": "",
        "description": "",
        "voltage": "22900",
        "cables": "",
        "circuits": "",
        "frequency": "60",
        "operator": "",
        "wires": ""
      }
    },
    {
      "type": "Feature",
      "geometry": {
        "type": "LineString",
        "coordinates": [
          [
            126.7866021,
            35.4745953
          ],
          [
            126.7872906,
            35.4770535
          ],
          [
            126.7889643,
            35.479395
          ],
          [
            126.7925236,
            35.4808431
          ]
        ]
      },
      "properties": {
        "osm_type": "way",
        "osm_id": 1195880737,
        "sido": "전북특별자치도",
        "power_type": "line",
        "name": "",
        "description": "",
        "voltage": "154000",
        "cables": "6",
        "circuits": "2",
        "frequency": "",
        "operator": "",
        "wires": ""
      }
    },
    {
      "type": "Feature",
      "geometry": {
        "type": "LineString",
        "coordinates": [
          [
            126.8189621,
            35.6037711
          ],
          [
            126.8207055,
            35.6036926
          ],
          [
            126.8241656,
            35.6035705
          ],
          [
            126.828205,
            35.6034309
          ],
          [
            126.8328881,
            35.6032215
          ],
          [
            126.8368041,
            35.6004606
          ],
          [
            126.8396687,
            35.5987551
          ],
          [
            126.8434828,
            35.6000331
          ],
          [
            126.8472165,
            35.5998674
          ],
          [
            126.850698,
            35.5997321
          ],
          [
            126.8528062,
            35.598995
          ],
          [
            126.8552792,
            35.5974116
          ],
          [
            126.8561563,
            35.5949362
          ],
          [
            126.8564111,
            35.5930277
          ],
          [
            126.8564165,
            35.5911367
          ]
        ]
      },
      "properties": {
        "osm_type": "way",
        "osm_id": 1212395805,
        "sido": "전북특별자치도",
        "power_type": "line",
        "name": "",
        "description": "",
        "voltage": "154000",
        "cables": "12",
        "circuits": "4",
        "frequency": "60",
        "operator": "",
        "wires": ""
      }
    },
    {
      "type": "Feature",
      "geometry": {
        "type": "LineString",
        "coordinates": [
          [
            126.8564165,
            35.5911367
          ],
          [
            126.8547669,
            35.5895859
          ]
        ]
      },
      "properties": {
        "osm_type": "way",
        "osm_id": 1212395806,
        "sido": "전북특별자치도",
        "power_type": "line",
        "name": "",
        "description": "",
        "voltage": "154000",
        "cables": "",
        "circuits": "2",
        "frequency": "60",
        "operator": "",
        "wires": ""
      }
    },
    {
      "type": "Feature",
      "geometry": {
        "type": "LineString",
        "coordinates": [
          [
            126.8551156,
            35.5892565
          ],
          [
            126.8564165,
            35.5911367
          ]
        ]
      },
      "properties": {
        "osm_type": "way",
        "osm_id": 1212395807,
        "sido": "전북특별자치도",
        "power_type": "line",
        "name": "",
        "description": "",
        "voltage": "154000",
        "cables": "6",
        "circuits": "2",
        "frequency": "60",
        "operator": "",
        "wires": ""
      }
    },
    {
      "type": "Feature",
      "geometry": {
        "type": "LineString",
        "coordinates": [
          [
            126.7534277,
            36.032926
          ],
          [
            126.7559058,
            36.0315573
          ],
          [
            126.7569822,
            36.0291792
          ],
          [
            126.7612547,
            36.0200991
          ],
          [
            126.7624794,
            36.0173656
          ],
          [
            126.7628046,
            36.016434
          ],
          [
            126.7616902,
            36.0137086
          ],
          [
            126.7605627,
            36.0110492
          ],
          [
            126.7592715,
            36.0085685
          ]
        ]
      },
      "properties": {
        "osm_type": "way",
        "osm_id": 1286731869,
        "sido": "전북특별자치도",
        "power_type": "line",
        "name": "",
        "description": "",
        "voltage": "154000",
        "cables": "6",
        "circuits": "2",
        "frequency": "60",
        "operator": "",
        "wires": ""
      }
    },
    {
      "type": "Feature",
      "geometry": {
        "type": "LineString",
        "coordinates": [
          [
            126.8564245,
            35.9684986
          ],
          [
            126.856513,
            35.9687222
          ],
          [
            126.8568251,
            35.9692299
          ]
        ]
      },
      "properties": {
        "osm_type": "way",
        "osm_id": 1343590047,
        "sido": "전북특별자치도",
        "power_type": "line",
        "name": "",
        "description": "",
        "voltage": "345000",
        "cables": "3",
        "circuits": "",
        "frequency": "60",
        "operator": "",
        "wires": ""
      }
    },
    {
      "type": "Feature",
      "geometry": {
        "type": "LineString",
        "coordinates": [
          [
            126.9698073,
            36.0498266
          ],
          [
            126.9731661,
            36.0503778
          ],
          [
            126.9763885,
            36.0491657
          ],
          [
            126.9789067,
            36.0474305
          ],
          [
            126.9820967,
            36.0455645
          ],
          [
            126.9836768,
            36.0445961
          ],
          [
            126.9856789,
            36.0450008
          ],
          [
            126.9859029,
            36.0450461
          ],
          [
            126.9866261,
            36.0446029
          ]
        ]
      },
      "properties": {
        "osm_type": "way",
        "osm_id": 1415840098,
        "sido": "전북특별자치도",
        "power_type": "line",
        "name": "",
        "description": "",
        "voltage": "",
        "cables": "",
        "circuits": "",
        "frequency": "",
        "operator": "",
        "wires": ""
      }
    },
    {
      "type": "Feature",
      "geometry": {
        "type": "LineString",
        "coordinates": [
          [
            126.9532025,
            36.0391231
          ],
          [
            126.9531254,
            36.0389753
          ],
          [
            126.9534937,
            36.0384887
          ],
          [
            126.9537613,
            36.0381163
          ]
        ]
      },
      "properties": {
        "osm_type": "way",
        "osm_id": 1420658579,
        "sido": "전북특별자치도",
        "power_type": "minor_line",
        "name": "",
        "description": "",
        "voltage": "",
        "cables": "",
        "circuits": "",
        "frequency": "",
        "operator": "",
        "wires": ""
      }
    },
    {
      "type": "Feature",
      "geometry": {
        "type": "LineString",
        "coordinates": [
          [
            126.9534937,
            36.0384887
          ],
          [
            126.9537938,
            36.0381531
          ]
        ]
      },
      "properties": {
        "osm_type": "way",
        "osm_id": 1420658580,
        "sido": "전북특별자치도",
        "power_type": "minor_line",
        "name": "",
        "description": "",
        "voltage": "",
        "cables": "",
        "circuits": "",
        "frequency": "",
        "operator": "",
        "wires": ""
      }
    },
    {
      "type": "Feature",
      "geometry": {
        "type": "LineString",
        "coordinates": [
          [
            126.9477714,
            36.0394186
          ],
          [
            126.9475331,
            36.0392698
          ],
          [
            126.9476236,
            36.038759
          ],
          [
            126.9477902,
            36.0386618
          ],
          [
            126.9482953,
            36.0387274
          ],
          [
            126.9487897,
            36.0387672
          ],
          [
            126.9492651,
            36.038794
          ],
          [
            126.9495597,
            36.0389506
          ],
          [
            126.9499383,
            36.0389433
          ],
          [
            126.9503305,
            36.0389437
          ],
          [
            126.9505008,
            36.039264
          ],
          [
            126.9506982,
            36.0396264
          ],
          [
            126.9508108,
            36.0398957
          ]
        ]
      },
      "properties": {
        "osm_type": "way",
        "osm_id": 1420658581,
        "sido": "전북특별자치도",
        "power_type": "minor_line",
        "name": "",
        "description": "",
        "voltage": "",
        "cables": "",
        "circuits": "",
        "frequency": "",
        "operator": "",
        "wires": ""
      }
    },
    {
      "type": "Feature",
      "geometry": {
        "type": "LineString",
        "coordinates": [
          [
            126.9493588,
            36.0390176
          ],
          [
            126.9495597,
            36.0389506
          ]
        ]
      },
      "properties": {
        "osm_type": "way",
        "osm_id": 1420658582,
        "sido": "전북특별자치도",
        "power_type": "minor_line",
        "name": "",
        "description": "",
        "voltage": "",
        "cables": "",
        "circuits": "",
        "frequency": "",
        "operator": "",
        "wires": ""
      }
    },
    {
      "type": "Feature",
      "geometry": {
        "type": "LineString",
        "coordinates": [
          [
            126.9282962,
            35.995933
          ],
          [
            126.9289333,
            35.9959688
          ],
          [
            126.9296072,
            35.9960199
          ],
          [
            126.9300816,
            35.9960522
          ],
          [
            126.9306838,
            35.9960925
          ],
          [
            126.9312497,
            35.9961306
          ]
        ]
      },
      "properties": {
        "osm_type": "way",
        "osm_id": 1422287507,
        "sido": "전북특별자치도",
        "power_type": "minor_line",
        "name": "",
        "description": "",
        "voltage": "",
        "cables": "",
        "circuits": "",
        "frequency": "",
        "operator": "",
        "wires": ""
      }
    },
    {
      "type": "Feature",
      "geometry": {
        "type": "LineString",
        "coordinates": [
          [
            127.0913164,
            35.3368188
          ],
          [
            127.0917564,
            35.336759
          ],
          [
            127.0920747,
            35.3367152
          ],
          [
            127.0924775,
            35.3365944
          ]
        ]
      },
      "properties": {
        "osm_type": "way",
        "osm_id": 1422606819,
        "sido": "전북특별자치도",
        "power_type": "minor_line",
        "name": "",
        "description": "",
        "voltage": "",
        "cables": "",
        "circuits": "",
        "frequency": "",
        "operator": "",
        "wires": ""
      }
    },
    {
      "type": "Feature",
      "geometry": {
        "type": "LineString",
        "coordinates": [
          [
            126.9812384,
            35.965379
          ],
          [
            126.9808066,
            35.9660455
          ]
        ]
      },
      "properties": {
        "osm_type": "way",
        "osm_id": 1431042368,
        "sido": "전북특별자치도",
        "power_type": "line",
        "name": "",
        "description": "",
        "voltage": "154000",
        "cables": "3",
        "circuits": "",
        "frequency": "60",
        "operator": "",
        "wires": ""
      }
    },
    {
      "type": "Feature",
      "geometry": {
        "type": "LineString",
        "coordinates": [
          [
            126.9811298,
            35.9653638
          ],
          [
            126.9808066,
            35.9660455
          ]
        ]
      },
      "properties": {
        "osm_type": "way",
        "osm_id": 1431042369,
        "sido": "전북특별자치도",
        "power_type": "line",
        "name": "",
        "description": "",
        "voltage": "154000",
        "cables": "3",
        "circuits": "",
        "frequency": "60",
        "operator": "",
        "wires": ""
      }
    },
    {
      "type": "Feature",
      "geometry": {
        "type": "LineString",
        "coordinates": [
          [
            126.9810078,
            35.9653476
          ],
          [
            126.9808066,
            35.9660455
          ]
        ]
      },
      "properties": {
        "osm_type": "way",
        "osm_id": 1431042370,
        "sido": "전북특별자치도",
        "power_type": "line",
        "name": "",
        "description": "",
        "voltage": "154000",
        "cables": "3",
        "circuits": "",
        "frequency": "60",
        "operator": "",
        "wires": ""
      }
    },
    {
      "type": "Feature",
      "geometry": {
        "type": "LineString",
        "coordinates": [
          [
            126.980879,
            35.9653334
          ],
          [
            126.9808066,
            35.9660455
          ]
        ]
      },
      "properties": {
        "osm_type": "way",
        "osm_id": 1431042371,
        "sido": "전북특별자치도",
        "power_type": "line",
        "name": "",
        "description": "",
        "voltage": "154000",
        "cables": "3",
        "circuits": "",
        "frequency": "60",
        "operator": "",
        "wires": ""
      }
    },
    {
      "type": "Feature",
      "geometry": {
        "type": "LineString",
        "coordinates": [
          [
            127.0027095,
            35.9711437
          ],
          [
            126.9994533,
            35.9703003
          ],
          [
            126.9960737,
            35.9695406
          ],
          [
            126.9929597,
            35.9687091
          ],
          [
            126.9905779,
            35.9681208
          ],
          [
            126.9874558,
            35.9674197
          ],
          [
            126.9854924,
            35.96689
          ],
          [
            126.9815818,
            35.9653269
          ]
        ]
      },
      "properties": {
        "osm_type": "way",
        "osm_id": 1431042372,
        "sido": "전북특별자치도",
        "power_type": "line",
        "name": "",
        "description": "",
        "voltage": "154000",
        "cables": "6",
        "circuits": "2",
        "frequency": "60",
        "operator": "",
        "wires": ""
      }
    },
    {
      "type": "Feature",
      "geometry": {
        "type": "LineString",
        "coordinates": [
          [
            127.0006871,
            35.9591342
          ],
          [
            127.0000461,
            35.9628336
          ],
          [
            126.999859,
            35.9643571
          ],
          [
            127.0013335,
            35.9659087
          ],
          [
            127.0020899,
            35.9676367
          ],
          [
            127.0038789,
            35.9701625
          ],
          [
            127.0027095,
            35.9711437
          ]
        ]
      },
      "properties": {
        "osm_type": "way",
        "osm_id": 1431042373,
        "sido": "전북특별자치도",
        "power_type": "line",
        "name": "",
        "description": "",
        "voltage": "154000",
        "cables": "12",
        "circuits": "4",
        "frequency": "60",
        "operator": "",
        "wires": ""
      }
    },
    {
      "type": "Feature",
      "geometry": {
        "type": "LineString",
        "coordinates": [
          [
            126.5236463,
            35.3947392
          ],
          [
            126.5280187,
            35.3943702
          ],
          [
            126.5339838,
            35.393855
          ],
          [
            126.5380958,
            35.3937611
          ],
          [
            126.5424864,
            35.3936403
          ],
          [
            126.5459487,
            35.3946769
          ],
          [
            126.5491433,
            35.3956391
          ],
          [
            126.5525486,
            35.396977
          ],
          [
            126.5561952,
            35.3984185
          ],
          [
            126.55946,
            35.3988585
          ],
          [
            126.5635016,
            35.3993951
          ],
          [
            126.5672667,
            35.3999423
          ],
          [
            126.570808,
            35.4004216
          ],
          [
            126.5747662,
            35.4009618
          ],
          [
            126.5785664,
            35.4006076
          ],
          [
            126.5816776,
            35.4002929
          ],
          [
            126.5861975,
            35.3998529
          ],
          [
            126.5896159,
            35.3995381
          ],
          [
            126.5937365,
            35.3989622
          ],
          [
            126.5973918,
            35.3984507
          ],
          [
            126.6017406,
            35.3978534
          ],
          [
            126.6055079,
            35.3973528
          ],
          [
            126.6085577,
            35.3980909
          ],
          [
            126.6123279,
            35.3990246
          ],
          [
            126.6154441,
            35.4003884
          ],
          [
            126.6190655,
            35.4020059
          ],
          [
            126.6210723,
            35.4028697
          ],
          [
            126.6246088,
            35.4023265
          ],
          [
            126.6276295,
            35.4018625
          ],
          [
            126.6316838,
            35.4012229
          ],
          [
            126.6350075,
            35.4006972
          ],
          [
            126.6381283,
            35.4008847
          ],
          [
            126.6419301,
            35.4011567
          ],
          [
            126.6461151,
            35.4014214
          ],
          [
            126.6496779,
            35.4016383
          ],
          [
            126.6532586,
            35.4018845
          ],
          [
            126.6575294,
            35.401267
          ],
          [
            126.6612996,
            35.4007082
          ],
          [
            126.6652952,
            35.4001311
          ],
          [
            126.6680822,
            35.3997079
          ],
          [
            126.6711625,
            35.3993003
          ],
          [
            126.6748785,
            35.3987783
          ],
          [
            126.6786262,
            35.3984548
          ],
          [
            126.6817154,
            35.3982563
          ],
          [
            126.6860989,
            35.3979659
          ],
          [
            126.690983,
            35.3976166
          ],
          [
            126.6955198,
            35.397874
          ],
          [
            126.7024108,
            35.3981828
          ],
          [
            126.7054819,
            35.3983041
          ],
          [
            126.7093648,
            35.3983739
          ]
        ]
      },
      "properties": {
        "osm_type": "way",
        "osm_id": 1431347629,
        "sido": "전북특별자치도",
        "power_type": "line",
        "name": "",
        "description": "",
        "voltage": "345000;345000;154000;154000",
        "cables": "12",
        "circuits": "4",
        "frequency": "60",
        "operator": "",
        "wires": ""
      }
    },
    {
      "type": "Feature",
      "geometry": {
        "type": "LineString",
        "coordinates": [
          [
            126.418252,
            35.4098036
          ],
          [
            126.4196671,
            35.4072866
          ],
          [
            126.4207224,
            35.4053557
          ],
          [
            126.4216707,
            35.403634
          ],
          [
            126.4257127,
            35.4017958
          ],
          [
            126.4293203,
            35.4001589
          ],
          [
            126.4342787,
            35.3980664
          ],
          [
            126.437134,
            35.3967155
          ],
          [
            126.4402966,
            35.3945647
          ],
          [
            126.4429083,
            35.3905916
          ],
          [
            126.4482217,
            35.3887322
          ],
          [
            126.4513419,
            35.3877098
          ],
          [
            126.4549283,
            35.3864543
          ],
          [
            126.4591368,
            35.3850252
          ],
          [
            126.4628617,
            35.3838676
          ],
          [
            126.4670747,
            35.3847754
          ],
          [
            126.4716949,
            35.38569
          ],
          [
            126.4755136,
            35.3864426
          ],
          [
            126.4765367,
            35.3866329
          ],
          [
            126.4776656,
            35.3868429
          ],
          [
            126.4813036,
            35.3882771
          ],
          [
            126.4847794,
            35.3897705
          ],
          [
            126.4884302,
            35.3912847
          ],
          [
            126.4894441,
            35.3915962
          ],
          [
            126.4917987,
            35.3923197
          ],
          [
            126.4954073,
            35.3933802
          ],
          [
            126.4991904,
            35.3942956
          ],
          [
            126.5023758,
            35.3951797
          ],
          [
            126.5061419,
            35.3962448
          ],
          [
            126.5097926,
            35.3959416
          ],
          [
            126.5137016,
            35.3956198
          ],
          [
            126.5177709,
            35.3952682
          ],
          [
            126.5236463,
            35.3947392
          ]
        ]
      },
      "properties": {
        "osm_type": "way",
        "osm_id": 1431347630,
        "sido": "전북특별자치도",
        "power_type": "line",
        "name": "",
        "description": "",
        "voltage": "345000",
        "cables": "6",
        "circuits": "2",
        "frequency": "60",
        "operator": "",
        "wires": ""
      }
    },
    {
      "type": "Feature",
      "geometry": {
        "type": "LineString",
        "coordinates": [
          [
            126.7304063,
            35.4606263
          ],
          [
            126.7327193,
            35.4587859
          ],
          [
            126.7352835,
            35.4569245
          ],
          [
            126.7375848,
            35.4557578
          ],
          [
            126.741018,
            35.455063
          ],
          [
            126.7438934,
            35.4544469
          ],
          [
            126.7469135,
            35.4522926
          ],
          [
            126.7499659,
            35.4489627
          ],
          [
            126.7511729,
            35.4476036
          ],
          [
            126.7550299,
            35.4446144
          ],
          [
            126.7529941,
            35.4398135
          ],
          [
            126.7520647,
            35.4376829
          ],
          [
            126.7521009,
            35.4354319
          ],
          [
            126.7526615,
            35.4318762
          ],
          [
            126.7521948,
            35.4308338
          ],
          [
            126.7514384,
            35.4292973
          ],
          [
            126.7518783,
            35.4270156
          ],
          [
            126.7513955,
            35.4247512
          ],
          [
            126.7510414,
            35.4227841
          ],
          [
            126.7505801,
            35.4200301
          ],
          [
            126.7500544,
            35.4164015
          ],
          [
            126.747859,
            35.4148015
          ],
          [
            126.7450011,
            35.4121258
          ],
          [
            126.7411065,
            35.4107442
          ],
          [
            126.7390466,
            35.4099922
          ],
          [
            126.735034,
            35.4085844
          ],
          [
            126.731472,
            35.4072902
          ],
          [
            126.7264966,
            35.4054846
          ],
          [
            126.7240226,
            35.404613
          ],
          [
            126.721732,
            35.4034455
          ],
          [
            126.7171347,
            35.4011193
          ],
          [
            126.713224,
            35.3996982
          ],
          [
            126.7093648,
            35.3983739
          ]
        ]
      },
      "properties": {
        "osm_type": "way",
        "osm_id": 1431347631,
        "sido": "전북특별자치도",
        "power_type": "line",
        "name": "",
        "description": "",
        "voltage": "154000",
        "cables": "6",
        "circuits": "2",
        "frequency": "60",
        "operator": "",
        "wires": ""
      }
    },
    {
      "type": "Feature",
      "geometry": {
        "type": "LineString",
        "coordinates": [
          [
            127.5449942,
            36.0416225
          ],
          [
            127.5461114,
            36.0401523
          ],
          [
            127.5475074,
            36.0401014
          ],
          [
            127.5493861,
            36.040011
          ],
          [
            127.553502,
            36.0398238
          ],
          [
            127.5564713,
            36.0398181
          ],
          [
            127.5586895,
            36.0398094
          ],
          [
            127.5620434,
            36.0398094
          ],
          [
            127.5653973,
            36.0397971
          ],
          [
            127.5701907,
            36.0399314
          ],
          [
            127.5724016,
            36.0397563
          ],
          [
            127.5760474,
            36.0384435
          ],
          [
            127.580219,
            36.0383703
          ],
          [
            127.5865505,
            36.0374558
          ],
          [
            127.5895632,
            36.0366244
          ],
          [
            127.591611,
            36.0359579
          ],
          [
            127.5944785,
            36.0353161
          ],
          [
            127.59683,
            36.0345926
          ],
          [
            127.6029326,
            36.0337171
          ],
          [
            127.6057461,
            36.0327694
          ],
          [
            127.6086899,
            36.0262124
          ],
          [
            127.6117909,
            36.0248429
          ],
          [
            127.6140639,
            36.0239844
          ],
          [
            127.6157881,
            36.0232432
          ],
          [
            127.6177661,
            36.0224391
          ],
          [
            127.6207019,
            36.0224936
          ],
          [
            127.6252946,
            36.0217439
          ],
          [
            127.6295301,
            36.0208017
          ],
          [
            127.6341694,
            36.0196081
          ],
          [
            127.6379751,
            36.0186994
          ],
          [
            127.6398495,
            36.017288
          ],
          [
            127.6407349,
            36.0143145
          ],
          [
            127.6402068,
            36.0115921
          ],
          [
            127.6395544,
            36.0082623
          ]
        ]
      },
      "properties": {
        "osm_type": "way",
        "osm_id": 1432635521,
        "sido": "전북특별자치도",
        "power_type": "line",
        "name": "",
        "description": "",
        "voltage": "154000",
        "cables": "12",
        "circuits": "4",
        "frequency": "60",
        "operator": "",
        "wires": ""
      }
    },
    {
      "type": "Feature",
      "geometry": {
        "type": "LineString",
        "coordinates": [
          [
            127.6395357,
            36.0069561
          ],
          [
            127.6395249,
            36.0074031
          ]
        ]
      },
      "properties": {
        "osm_type": "way",
        "osm_id": 1432635522,
        "sido": "전북특별자치도",
        "power_type": "line",
        "name": "",
        "description": "",
        "voltage": "154000",
        "cables": "3",
        "circuits": "",
        "frequency": "60",
        "operator": "",
        "wires": ""
      }
    },
    {
      "type": "Feature",
      "geometry": {
        "type": "LineString",
        "coordinates": [
          [
            127.6394206,
            36.0069622
          ],
          [
            127.6395249,
            36.0074031
          ]
        ]
      },
      "properties": {
        "osm_type": "way",
        "osm_id": 1432635523,
        "sido": "전북특별자치도",
        "power_type": "line",
        "name": "",
        "description": "",
        "voltage": "154000",
        "cables": "3",
        "circuits": "",
        "frequency": "60",
        "operator": "",
        "wires": ""
      }
    },
    {
      "type": "Feature",
      "geometry": {
        "type": "LineString",
        "coordinates": [
          [
            127.639259,
            36.0069708
          ],
          [
            127.6393162,
            36.0074288
          ]
        ]
      },
      "properties": {
        "osm_type": "way",
        "osm_id": 1432635524,
        "sido": "전북특별자치도",
        "power_type": "line",
        "name": "",
        "description": "",
        "voltage": "154000",
        "cables": "3",
        "circuits": "",
        "frequency": "60",
        "operator": "",
        "wires": ""
      }
    },
    {
      "type": "Feature",
      "geometry": {
        "type": "LineString",
        "coordinates": [
          [
            127.6391467,
            36.0069767
          ],
          [
            127.6393162,
            36.0074288
          ]
        ]
      },
      "properties": {
        "osm_type": "way",
        "osm_id": 1432635525,
        "sido": "전북특별자치도",
        "power_type": "line",
        "name": "",
        "description": "",
        "voltage": "154000",
        "cables": "3",
        "circuits": "",
        "frequency": "60",
        "operator": "",
        "wires": ""
      }
    },
    {
      "type": "Feature",
      "geometry": {
        "type": "LineString",
        "coordinates": [
          [
            127.6395544,
            36.0082623
          ],
          [
            127.6393162,
            36.0074288
          ]
        ]
      },
      "properties": {
        "osm_type": "way",
        "osm_id": 1432635526,
        "sido": "전북특별자치도",
        "power_type": "line",
        "name": "",
        "description": "",
        "voltage": "154000",
        "cables": "6",
        "circuits": "2",
        "frequency": "60",
        "operator": "",
        "wires": ""
      }
    },
    {
      "type": "Feature",
      "geometry": {
        "type": "LineString",
        "coordinates": [
          [
            127.1416962,
            35.9418321
          ],
          [
            127.1424982,
            35.9421535
          ],
          [
            127.1453279,
            35.9428418
          ],
          [
            127.1476507,
            35.943578
          ],
          [
            127.151041,
            35.9446029
          ],
          [
            127.154147,
            35.9453412
          ],
          [
            127.1575642,
            35.9461968
          ],
          [
            127.1598226,
            35.9466962
          ],
          [
            127.1636528,
            35.9469177
          ],
          [
            127.1664315,
            35.9470393
          ],
          [
            127.1702403,
            35.9470784
          ],
          [
            127.1740866,
            35.9470523
          ],
          [
            127.1771228,
            35.9470393
          ],
          [
            127.1796066,
            35.9443945
          ]
        ]
      },
      "properties": {
        "osm_type": "way",
        "osm_id": 1432635527,
        "sido": "전북특별자치도",
        "power_type": "line",
        "name": "",
        "description": "",
        "voltage": "154000",
        "cables": "12",
        "circuits": "4",
        "frequency": "60",
        "operator": "",
        "wires": ""
      }
    },
    {
      "type": "Feature",
      "geometry": {
        "type": "LineString",
        "coordinates": [
          [
            127.5541905,
            35.8310958
          ],
          [
            127.5541878,
            35.8314051
          ],
          [
            127.5541725,
            35.8316507
          ],
          [
            127.5545749,
            35.8321538
          ],
          [
            127.5548814,
            35.832456
          ],
          [
            127.5552559,
            35.8328275
          ],
          [
            127.5555641,
            35.8331458
          ],
          [
            127.5558275,
            35.8334256
          ],
          [
            127.5561503,
            35.8337831
          ],
          [
            127.5564789,
            35.8341887
          ],
          [
            127.5568572,
            35.83459
          ],
          [
            127.5572636,
            35.8349531
          ]
        ]
      },
      "properties": {
        "osm_type": "way",
        "osm_id": 1468872121,
        "sido": "전북특별자치도",
        "power_type": "minor_line",
        "name": "",
        "description": "",
        "voltage": "",
        "cables": "",
        "circuits": "",
        "frequency": "",
        "operator": "",
        "wires": ""
      }
    },
    {
      "type": "Feature",
      "geometry": {
        "type": "LineString",
        "coordinates": [
          [
            127.5492485,
            35.8316962
          ],
          [
            127.5496467,
            35.8313384
          ],
          [
            127.5500027,
            35.8312088
          ],
          [
            127.5505105,
            35.831178
          ],
          [
            127.5511082,
            35.8312003
          ],
          [
            127.5516766,
            35.8312236
          ],
          [
            127.5521272,
            35.8311923
          ],
          [
            127.5525871,
            35.8311566
          ],
          [
            127.5528603,
            35.8310646
          ],
          [
            127.5533165,
            35.8311083
          ],
          [
            127.5537778,
            35.831109
          ],
          [
            127.5541905,
            35.8310958
          ],
          [
            127.5546582,
            35.8310726
          ],
          [
            127.5551989,
            35.8310478
          ],
          [
            127.5557783,
            35.8310231
          ],
          [
            127.5563863,
            35.8310102
          ],
          [
            127.5569161,
            35.8310624
          ],
          [
            127.5575826,
            35.8312038
          ],
          [
            127.5581112,
            35.8313218
          ],
          [
            127.5586732,
            35.8314229
          ],
          [
            127.5590326,
            35.8315023
          ],
          [
            127.5594198,
            35.8316012
          ],
          [
            127.5600575,
            35.8315804
          ],
          [
            127.5604026,
            35.8315101
          ],
          [
            127.5609798,
            35.8314507
          ],
          [
            127.5615685,
            35.8314127
          ],
          [
            127.561713,
            35.8317601
          ],
          [
            127.5618461,
            35.8320932
          ],
          [
            127.5619172,
            35.83223
          ],
          [
            127.5620281,
            35.8325147
          ]
        ]
      },
      "properties": {
        "osm_type": "way",
        "osm_id": 1468872122,
        "sido": "전북특별자치도",
        "power_type": "minor_line",
        "name": "",
        "description": "",
        "voltage": "",
        "cables": "",
        "circuits": "",
        "frequency": "",
        "operator": "",
        "wires": ""
      }
    },
    {
      "type": "Feature",
      "geometry": {
        "type": "LineString",
        "coordinates": [
          [
            127.5590326,
            35.8315023
          ],
          [
            127.5592066,
            35.8313837
          ],
          [
            127.5591358,
            35.8308731
          ],
          [
            127.5590856,
            35.8304345
          ],
          [
            127.5590038,
            35.8299822
          ]
        ]
      },
      "properties": {
        "osm_type": "way",
        "osm_id": 1468872123,
        "sido": "전북특별자치도",
        "power_type": "minor_line",
        "name": "",
        "description": "",
        "voltage": "",
        "cables": "",
        "circuits": "",
        "frequency": "",
        "operator": "",
        "wires": ""
      }
    },
    {
      "type": "Feature",
      "geometry": {
        "type": "LineString",
        "coordinates": [
          [
            127.5528603,
            35.8310646
          ],
          [
            127.5529,
            35.8307113
          ]
        ]
      },
      "properties": {
        "osm_type": "way",
        "osm_id": 1468872135,
        "sido": "전북특별자치도",
        "power_type": "minor_line",
        "name": "",
        "description": "",
        "voltage": "",
        "cables": "",
        "circuits": "",
        "frequency": "",
        "operator": "",
        "wires": ""
      }
    }
  ]
}